subj	name	gender	age	runNum	shape	dist	td_dif	d_loc	t_loc	resp	resp_key	gotKey	startTime	respTime	resp	fix_loc	prac
10	xy	f	19	3	diamond	none	dif	N_dis	(800, 282)	hori	left	True	18874	20095	left	(800, 450)	testing
10	xy	f	19	3	circle	red	same	(800, 618)	(632, 450)	hori	left	True	21460	22575	left	(800, 450)	testing
10	xy	f	19	3	diamond	none	same	N_dis	(800, 282)	vert	up	True	24097	25359	up	(800, 450)	testing
10	xy	f	19	3	diamond	green	dif	(800, 618)	(800, 282)	vert	up	True	26944	28127	up	(800, 450)	testing
10	xy	f	19	3	diamond	red	same	(800, 282)	(632, 450)	hori	left	True	29743	30895	left	(800, 450)	testing
10	xy	f	19	3	circle	green	dif	(632, 450)	(800, 282)	vert	up	True	32408	33311	up	(800, 450)	testing
10	xy	f	19	3	diamond	none	same	N_dis	(800, 618)	vert	up	True	34879	35759	up	(800, 450)	testing
10	xy	f	19	3	diamond	red	dif	(800, 282)	(632, 450)	vert	up	True	37208	38031	up	(800, 450)	testing
10	xy	f	19	3	diamond	green	dif	(800, 282)	(800, 618)	hori	left	True	39545	40543	left	(800, 450)	testing
10	xy	f	19	3	diamond	red	dif	(800, 282)	(968, 450)	vert	up	True	42117	42879	up	(800, 450)	testing
10	xy	f	19	3	circle	none	same	N_dis	(632, 450)	vert	up	True	44337	45087	up	(800, 450)	testing
10	xy	f	19	3	circle	red	same	(968, 450)	(632, 450)	hori	left	True	46509	47215	left	(800, 450)	testing
10	xy	f	19	3	diamond	red	same	(968, 450)	(800, 282)	vert	up	True	48726	49599	up	(800, 450)	testing
10	xy	f	19	3	circle	green	dif	(968, 450)	(632, 450)	hori	left	True	51217	51887	left	(800, 450)	testing
10	xy	f	19	3	diamond	green	same	(968, 450)	(800, 282)	vert	up	True	53390	54239	up	(800, 450)	testing
10	xy	f	19	3	diamond	red	dif	(632, 450)	(968, 450)	vert	up	True	55679	56431	up	(800, 450)	testing
10	xy	f	19	3	diamond	red	same	(968, 450)	(800, 282)	vert	up	True	58079	58911	up	(800, 450)	testing
10	xy	f	19	3	diamond	green	dif	(632, 450)	(800, 282)	vert	up	True	60331	60991	up	(800, 450)	testing
10	xy	f	19	3	diamond	none	same	N_dis	(800, 282)	hori	left	True	62399	63263	left	(800, 450)	testing
10	xy	f	19	3	circle	green	same	(800, 282)	(632, 450)	hori	left	True	64623	65743	left	(800, 450)	testing
10	xy	f	19	3	circle	red	same	(800, 618)	(968, 450)	hori	left	True	67326	68543	left	(800, 450)	testing
10	xy	f	19	3	circle	red	dif	(632, 450)	(800, 618)	hori	left	True	70056	70831	left	(800, 450)	testing
10	xy	f	19	3	diamond	green	same	(800, 618)	(632, 450)	vert	up	True	72288	73199	up	(800, 450)	testing
10	xy	f	19	3	circle	red	dif	(968, 450)	(800, 618)	vert	up	True	74685	75791	up	(800, 450)	testing
10	xy	f	19	3	circle	red	dif	(800, 618)	(968, 450)	hori	left	True	77153	77935	left	(800, 450)	testing
10	xy	f	19	3	diamond	green	dif	(800, 618)	(800, 282)	vert	up	True	79381	80383	left	(800, 450)	testing
10	xy	f	19	3	diamond	red	dif	(632, 450)	(800, 618)	vert	up	True	83286	84287	up	(800, 450)	testing
10	xy	f	19	3	diamond	red	dif	(800, 282)	(968, 450)	hori	left	True	85811	86591	left	(800, 450)	testing
10	xy	f	19	3	circle	green	same	(800, 282)	(968, 450)	vert	up	True	88207	89295	up	(800, 450)	testing
10	xy	f	19	3	diamond	green	same	(632, 450)	(800, 282)	hori	left	True	90684	91791	left	(800, 450)	testing
10	xy	f	19	3	diamond	none	same	N_dis	(968, 450)	vert	up	True	93218	94111	up	(800, 450)	testing
10	xy	f	19	3	circle	green	dif	(800, 618)	(968, 450)	vert	up	True	95721	96847	up	(800, 450)	testing
10	xy	f	19	3	diamond	none	dif	N_dis	(800, 282)	vert	up	True	98483	99407	up	(800, 450)	testing
10	xy	f	19	3	circle	none	dif	N_dis	(968, 450)	vert	up	True	100912	101839	up	(800, 450)	testing
10	xy	f	19	3	circle	none	dif	N_dis	(800, 618)	hori	left	True	103443	104191	left	(800, 450)	testing
10	xy	f	19	3	circle	green	dif	(632, 450)	(800, 618)	hori	left	True	105727	106751	left	(800, 450)	testing
10	xy	f	19	3	circle	none	same	N_dis	(800, 282)	hori	left	True	108255	109151	left	(800, 450)	testing
10	xy	f	19	3	diamond	green	same	(800, 282)	(968, 450)	hori	left	True	110783	111887	left	(800, 450)	testing
10	xy	f	19	3	circle	none	dif	N_dis	(632, 450)	vert	up	True	113368	114447	up	(800, 450)	testing
10	xy	f	19	3	circle	none	same	N_dis	(968, 450)	vert	up	True	115869	116607	up	(800, 450)	testing
10	xy	f	19	3	circle	green	dif	(800, 282)	(800, 618)	vert	up	True	118159	118975	up	(800, 450)	testing
10	xy	f	19	3	diamond	red	same	(632, 450)	(968, 450)	hori	left	True	120477	121199	left	(800, 450)	testing
10	xy	f	19	3	circle	none	dif	N_dis	(800, 618)	hori	left	True	122777	123487	left	(800, 450)	testing
10	xy	f	19	3	circle	green	same	(968, 450)	(800, 618)	hori	left	True	125098	126335	left	(800, 450)	testing
10	xy	f	19	3	diamond	none	dif	N_dis	(800, 618)	vert	up	True	127747	128447	up	(800, 450)	testing
10	xy	f	19	3	diamond	green	dif	(968, 450)	(800, 618)	vert	up	True	129854	130671	up	(800, 450)	testing
10	xy	f	19	3	diamond	none	same	N_dis	(632, 450)	hori	left	True	132128	132831	left	(800, 450)	testing
10	xy	f	19	3	circle	green	same	(800, 618)	(800, 282)	hori	left	True	134211	135471	left	(800, 450)	testing
10	xy	f	19	3	circle	none	same	N_dis	(968, 450)	hori	left	True	137100	137711	left	(800, 450)	testing
10	xy	f	19	3	diamond	green	same	(632, 450)	(968, 450)	hori	left	True	139187	140319	left	(800, 450)	testing
10	xy	f	19	3	circle	green	same	(968, 450)	(800, 282)	vert	up	True	141879	143903	up	(800, 450)	testing
10	xy	f	19	3	circle	none	same	N_dis	(632, 450)	hori	left	True	145386	146127	left	(800, 450)	testing
10	xy	f	19	3	circle	red	dif	(800, 282)	(800, 618)	vert	up	True	147481	148303	up	(800, 450)	testing
10	xy	f	19	3	diamond	red	same	(800, 618)	(632, 450)	vert	up	True	149861	150783	up	(800, 450)	testing
10	xy	f	19	3	circle	none	dif	N_dis	(800, 618)	hori	left	True	152284	153279	left	(800, 450)	testing
10	xy	f	19	3	diamond	none	dif	N_dis	(632, 450)	vert	up	True	154754	155615	up	(800, 450)	testing
10	xy	f	19	3	circle	red	dif	(800, 618)	(968, 450)	vert	up	True	157256	158127	up	(800, 450)	testing
10	xy	f	19	3	diamond	none	dif	N_dis	(968, 450)	hori	left	True	159514	160159	left	(800, 450)	testing
10	xy	f	19	3	circle	red	same	(632, 450)	(968, 450)	vert	up	True	161697	162447	up	(800, 450)	testing
10	xy	f	19	3	circle	red	same	(968, 450)	(632, 450)	vert	up	True	163897	164591	up	(800, 450)	testing
10	xy	f	19	3	diamond	none	dif	N_dis	(800, 282)	vert	up	True	166149	167071	up	(800, 450)	testing
10	xy	f	19	3	circle	red	same	(800, 618)	(632, 450)	hori	left	True	168662	169343	left	(800, 450)	testing
10	xy	f	19	3	diamond	none	same	N_dis	(800, 282)	vert	up	True	170897	171711	up	(800, 450)	testing
10	xy	f	19	3	diamond	green	dif	(800, 618)	(800, 282)	vert	up	True	173110	174047	up	(800, 450)	testing
10	xy	f	19	3	diamond	red	same	(800, 282)	(632, 450)	hori	left	True	175503	176271	left	(800, 450)	testing
10	xy	f	19	3	circle	green	dif	(632, 450)	(800, 282)	hori	left	True	177629	179263	left	(800, 450)	testing
10	xy	f	19	3	diamond	none	same	N_dis	(800, 618)	hori	left	True	180822	181679	left	(800, 450)	testing
10	xy	f	19	3	diamond	red	dif	(800, 282)	(632, 450)	hori	left	True	183243	183999	left	(800, 450)	testing
10	xy	f	19	3	diamond	green	dif	(800, 282)	(800, 618)	hori	left	True	185359	186127	left	(800, 450)	testing
10	xy	f	19	3	diamond	red	dif	(800, 282)	(968, 450)	hori	left	True	187618	188271	left	(800, 450)	testing
10	xy	f	19	3	circle	none	same	N_dis	(632, 450)	hori	left	True	189861	190655	left	(800, 450)	testing
10	xy	f	19	3	circle	red	same	(968, 450)	(632, 450)	vert	up	True	192286	193103	up	(800, 450)	testing
10	xy	f	19	3	diamond	red	same	(968, 450)	(800, 282)	hori	left	True	194468	195695	left	(800, 450)	testing
10	xy	f	19	3	circle	green	dif	(968, 450)	(632, 450)	vert	up	True	197304	198303	up	(800, 450)	testing
10	xy	f	19	3	diamond	green	same	(968, 450)	(800, 282)	vert	up	True	199667	200815	up	(800, 450)	testing
10	xy	f	19	3	diamond	red	dif	(632, 450)	(968, 450)	hori	left	True	202391	203663	left	(800, 450)	testing
10	xy	f	19	3	diamond	red	same	(968, 450)	(800, 282)	hori	left	True	205155	205823	left	(800, 450)	testing
10	xy	f	19	3	diamond	green	dif	(632, 450)	(800, 282)	vert	up	True	207270	208127	up	(800, 450)	testing
10	xy	f	19	3	diamond	none	same	N_dis	(800, 282)	vert	up	True	209737	210895	up	(800, 450)	testing
10	xy	f	19	3	circle	green	same	(800, 282)	(632, 450)	vert	up	True	212538	213407	up	(800, 450)	testing
10	xy	f	19	3	circle	red	same	(800, 618)	(968, 450)	hori	left	True	214843	215519	left	(800, 450)	testing
10	xy	f	19	3	circle	red	dif	(632, 450)	(800, 618)	hori	left	True	217111	217871	left	(800, 450)	testing
10	xy	f	19	3	diamond	green	same	(800, 618)	(632, 450)	vert	up	True	219226	220191	up	(800, 450)	testing
10	xy	f	19	3	circle	red	dif	(968, 450)	(800, 618)	hori	left	True	221684	222607	left	(800, 450)	testing
10	xy	f	19	3	circle	red	dif	(800, 618)	(968, 450)	hori	left	True	224001	224767	left	(800, 450)	testing
10	xy	f	19	3	diamond	green	dif	(800, 618)	(800, 282)	vert	up	True	226259	226975	up	(800, 450)	testing
10	xy	f	19	3	diamond	red	dif	(632, 450)	(800, 618)	vert	up	True	228445	229311	up	(800, 450)	testing
10	xy	f	19	3	diamond	red	dif	(800, 282)	(968, 450)	hori	left	True	230895	231551	left	(800, 450)	testing
10	xy	f	19	3	circle	green	same	(800, 282)	(968, 450)	vert	up	True	233061	234079	up	(800, 450)	testing
10	xy	f	19	3	diamond	green	same	(632, 450)	(800, 282)	hori	left	True	235454	236255	left	(800, 450)	testing
10	xy	f	19	3	diamond	none	same	N_dis	(968, 450)	vert	up	True	237858	238591	up	(800, 450)	testing
10	xy	f	19	3	circle	green	dif	(800, 618)	(968, 450)	vert	up	True	240157	241071	up	(800, 450)	testing
10	xy	f	19	3	diamond	none	dif	N_dis	(800, 282)	hori	left	True	242498	243487	left	(800, 450)	testing
10	xy	f	19	3	circle	none	dif	N_dis	(968, 450)	hori	left	True	245072	245759	left	(800, 450)	testing
10	xy	f	19	3	circle	none	dif	N_dis	(800, 618)	hori	left	True	247248	247919	left	(800, 450)	testing
10	xy	f	19	3	circle	green	dif	(632, 450)	(800, 618)	hori	left	True	249453	250287	left	(800, 450)	testing
10	xy	f	19	3	circle	none	same	N_dis	(800, 282)	hori	left	True	251681	252367	left	(800, 450)	testing
10	xy	f	19	3	diamond	green	same	(800, 282)	(968, 450)	hori	left	True	253830	254815	left	(800, 450)	testing
10	xy	f	19	3	circle	none	dif	N_dis	(632, 450)	vert	up	True	256463	257199	up	(800, 450)	testing
10	xy	f	19	3	circle	none	same	N_dis	(968, 450)	vert	up	True	258561	259231	up	(800, 450)	testing
10	xy	f	19	3	circle	green	dif	(800, 282)	(800, 618)	vert	up	True	260674	261407	up	(800, 450)	testing
10	xy	f	19	3	diamond	red	same	(632, 450)	(968, 450)	hori	left	True	262841	263535	left	(800, 450)	testing
10	xy	f	19	3	circle	none	dif	N_dis	(800, 618)	vert	up	True	265096	265887	up	(800, 450)	testing
10	xy	f	19	3	circle	green	same	(968, 450)	(800, 618)	hori	left	True	267487	268239	left	(800, 450)	testing
10	xy	f	19	3	diamond	none	dif	N_dis	(800, 618)	hori	left	True	269890	270623	left	(800, 450)	testing
10	xy	f	19	3	diamond	green	dif	(968, 450)	(800, 618)	vert	up	True	272159	272975	up	(800, 450)	testing
10	xy	f	19	3	diamond	none	same	N_dis	(632, 450)	hori	left	True	274522	275135	left	(800, 450)	testing
10	xy	f	19	3	circle	green	same	(800, 618)	(800, 282)	hori	left	True	276680	278047	left	(800, 450)	testing
10	xy	f	19	3	circle	none	same	N_dis	(968, 450)	vert	up	True	279656	280367	up	(800, 450)	testing
10	xy	f	19	3	diamond	green	same	(632, 450)	(968, 450)	vert	up	True	281765	282671	up	(800, 450)	testing
10	xy	f	19	3	circle	green	same	(968, 450)	(800, 282)	vert	up	True	284044	285903	up	(800, 450)	testing
10	xy	f	19	3	circle	none	same	N_dis	(632, 450)	vert	up	True	287418	288127	up	(800, 450)	testing
10	xy	f	19	3	circle	red	dif	(800, 282)	(800, 618)	vert	up	True	289713	290559	up	(800, 450)	testing
10	xy	f	19	3	diamond	red	same	(800, 618)	(632, 450)	hori	left	True	292191	293199	left	(800, 450)	testing
10	xy	f	19	3	circle	none	dif	N_dis	(800, 618)	vert	up	True	294689	295439	up	(800, 450)	testing
10	xy	f	19	3	diamond	none	dif	N_dis	(632, 450)	vert	up	True	296913	297759	up	(800, 450)	testing
10	xy	f	19	3	circle	red	dif	(800, 618)	(968, 450)	hori	left	True	299327	300127	left	(800, 450)	testing
10	xy	f	19	3	diamond	none	dif	N_dis	(968, 450)	vert	up	True	301555	302239	up	(800, 450)	testing
10	xy	f	19	3	circle	red	same	(632, 450)	(968, 450)	hori	left	True	303646	304703	left	(800, 450)	testing
10	xy	f	19	3	circle	red	same	(968, 450)	(632, 450)	vert	up	True	306113	307567	up	(800, 450)	testing
10	xy	f	19	3	diamond	none	dif	N_dis	(800, 282)	vert	up	True	308940	310047	up	(800, 450)	testing
10	xy	f	19	3	circle	red	same	(800, 618)	(632, 450)	vert	up	True	311653	312479	up	(800, 450)	testing
10	xy	f	19	3	diamond	none	same	N_dis	(800, 282)	hori	left	True	314042	315487	left	(800, 450)	testing
10	xy	f	19	3	diamond	green	dif	(800, 618)	(800, 282)	vert	up	True	317089	318191	up	(800, 450)	testing
10	xy	f	19	3	diamond	red	same	(800, 282)	(632, 450)	hori	left	True	319612	320367	left	(800, 450)	testing
10	xy	f	19	3	circle	green	dif	(632, 450)	(800, 282)	hori	left	True	321791	322799	left	(800, 450)	testing
10	xy	f	19	3	diamond	none	same	N_dis	(800, 618)	vert	up	True	324309	325231	up	(800, 450)	testing
10	xy	f	19	3	diamond	red	dif	(800, 282)	(632, 450)	hori	left	True	326732	327407	left	(800, 450)	testing
10	xy	f	19	3	diamond	green	dif	(800, 282)	(800, 618)	hori	left	True	328857	329583	left	(800, 450)	testing
10	xy	f	19	3	diamond	red	dif	(800, 282)	(968, 450)	hori	left	True	331124	331823	left	(800, 450)	testing
10	xy	f	19	3	circle	none	same	N_dis	(632, 450)	hori	left	True	333195	333951	left	(800, 450)	testing
10	xy	f	19	3	circle	red	same	(968, 450)	(632, 450)	vert	up	True	335419	336175	up	(800, 450)	testing
10	xy	f	19	3	diamond	red	same	(968, 450)	(800, 282)	hori	left	True	337685	338831	left	(800, 450)	testing
10	xy	f	19	3	circle	green	dif	(968, 450)	(632, 450)	hori	left	True	340377	341599	left	(800, 450)	testing
10	xy	f	19	3	diamond	green	same	(968, 450)	(800, 282)	vert	up	True	342994	343935	up	(800, 450)	testing
10	xy	f	19	3	diamond	red	dif	(632, 450)	(968, 450)	hori	left	True	345569	346207	left	(800, 450)	testing
10	xy	f	19	3	diamond	red	same	(968, 450)	(800, 282)	vert	up	True	347803	348751	up	(800, 450)	testing
10	xy	f	19	3	diamond	green	dif	(632, 450)	(800, 282)	hori	left	True	350307	351023	left	(800, 450)	testing
10	xy	f	19	3	diamond	none	same	N_dis	(800, 282)	hori	left	True	352454	353007	left	(800, 450)	testing
10	xy	f	19	3	circle	green	same	(800, 282)	(632, 450)	vert	up	True	354529	355295	up	(800, 450)	testing
10	xy	f	19	3	circle	red	same	(800, 618)	(968, 450)	vert	up	True	356899	357855	up	(800, 450)	testing
10	xy	f	19	3	circle	red	dif	(632, 450)	(800, 618)	hori	left	True	359474	360319	left	(800, 450)	testing
10	xy	f	19	3	diamond	green	same	(800, 618)	(632, 450)	hori	left	True	361941	362847	left	(800, 450)	testing
10	xy	f	19	3	circle	red	dif	(968, 450)	(800, 618)	hori	left	True	364264	365183	left	(800, 450)	testing
10	xy	f	19	3	circle	red	dif	(800, 618)	(968, 450)	vert	up	True	366585	367247	up	(800, 450)	testing
10	xy	f	19	3	diamond	green	dif	(800, 618)	(800, 282)	hori	left	True	368863	369487	left	(800, 450)	testing
10	xy	f	19	3	diamond	red	dif	(632, 450)	(800, 618)	hori	left	True	370951	371919	left	(800, 450)	testing
10	xy	f	19	3	diamond	red	dif	(800, 282)	(968, 450)	vert	up	True	373371	374015	up	(800, 450)	testing
10	xy	f	19	3	circle	green	same	(800, 282)	(968, 450)	vert	up	True	375448	376399	up	(800, 450)	testing
10	xy	f	19	3	diamond	green	same	(632, 450)	(800, 282)	vert	up	True	377910	378671	up	(800, 450)	testing
10	xy	f	19	3	diamond	none	same	N_dis	(968, 450)	vert	up	True	380198	380879	up	(800, 450)	testing
10	xy	f	19	3	circle	green	dif	(800, 618)	(968, 450)	vert	up	True	382404	383103	up	(800, 450)	testing
10	xy	f	19	3	diamond	none	dif	N_dis	(800, 282)	hori	left	True	384730	385263	left	(800, 450)	testing
10	xy	f	19	3	circle	none	dif	N_dis	(968, 450)	vert	up	True	386657	387279	up	(800, 450)	testing
10	xy	f	19	3	circle	none	dif	N_dis	(800, 618)	hori	left	True	388828	389471	left	(800, 450)	testing
10	xy	f	19	3	circle	green	dif	(632, 450)	(800, 618)	hori	left	True	391012	391743	left	(800, 450)	testing
10	xy	f	19	3	circle	none	same	N_dis	(800, 282)	vert	up	True	393186	393823	up	(800, 450)	testing
10	xy	f	19	3	diamond	green	same	(800, 282)	(968, 450)	vert	up	True	395185	395919	up	(800, 450)	testing
10	xy	f	19	3	circle	none	dif	N_dis	(632, 450)	vert	up	True	397487	398191	up	(800, 450)	testing
10	xy	f	19	3	circle	none	same	N_dis	(968, 450)	hori	left	True	399741	400415	left	(800, 450)	testing
10	xy	f	19	3	circle	green	dif	(800, 282)	(800, 618)	hori	left	True	401847	402799	left	(800, 450)	testing
10	xy	f	19	3	diamond	red	same	(632, 450)	(968, 450)	hori	left	True	404223	405055	left	(800, 450)	testing
10	xy	f	19	3	circle	none	dif	N_dis	(800, 618)	hori	left	True	406423	407903	left	(800, 450)	testing
10	xy	f	19	3	circle	green	same	(968, 450)	(800, 618)	vert	up	True	409490	410335	up	(800, 450)	testing
10	xy	f	19	3	diamond	none	dif	N_dis	(800, 618)	vert	up	True	411822	412767	up	(800, 450)	testing
10	xy	f	19	3	diamond	green	dif	(968, 450)	(800, 618)	vert	up	True	414221	415599	up	(800, 450)	testing
10	xy	f	19	3	diamond	none	same	N_dis	(632, 450)	hori	left	True	417122	418047	left	(800, 450)	testing
10	xy	f	19	3	circle	green	same	(800, 618)	(800, 282)	hori	left	True	419464	420655	left	(800, 450)	testing
10	xy	f	19	3	circle	none	same	N_dis	(968, 450)	hori	left	True	422043	422735	left	(800, 450)	testing
10	xy	f	19	3	diamond	green	same	(632, 450)	(968, 450)	vert	up	True	424384	425375	up	(800, 450)	testing
10	xy	f	19	3	circle	green	same	(968, 450)	(800, 282)	hori	left	True	426817	427711	left	(800, 450)	testing
10	xy	f	19	3	circle	none	same	N_dis	(632, 450)	hori	left	True	429134	429791	left	(800, 450)	testing
10	xy	f	19	3	circle	red	dif	(800, 282)	(800, 618)	vert	up	True	431428	432159	up	(800, 450)	testing
10	xy	f	19	3	diamond	red	same	(800, 618)	(632, 450)	hori	left	True	433542	434207	left	(800, 450)	testing
10	xy	f	19	3	circle	none	dif	N_dis	(800, 618)	hori	left	True	435647	436287	left	(800, 450)	testing
10	xy	f	19	3	diamond	none	dif	N_dis	(632, 450)	vert	up	True	437845	438863	up	(800, 450)	testing
10	xy	f	19	3	circle	red	dif	(800, 618)	(968, 450)	vert	up	True	440236	441263	up	(800, 450)	testing
10	xy	f	19	3	diamond	none	dif	N_dis	(968, 450)	hori	left	True	442846	443743	left	(800, 450)	testing
10	xy	f	19	3	circle	red	same	(632, 450)	(968, 450)	hori	left	True	445181	445951	left	(800, 450)	testing
10	xy	f	19	3	circle	red	same	(968, 450)	(632, 450)	hori	left	True	447603	448303	left	(800, 450)	testing
10	xy	f	19	3	diamond	none	dif	N_dis	(800, 282)	vert	up	True	449846	450639	up	(800, 450)	testing
10	xy	f	19	3	circle	red	same	(800, 618)	(632, 450)	vert	up	True	452181	453023	up	(800, 450)	testing
10	xy	f	19	3	diamond	none	same	N_dis	(800, 282)	hori	left	True	454573	455503	left	(800, 450)	testing
10	xy	f	19	3	diamond	green	dif	(800, 618)	(800, 282)	hori	left	True	456993	457791	left	(800, 450)	testing
10	xy	f	19	3	diamond	red	same	(800, 282)	(632, 450)	hori	left	True	459215	460127	left	(800, 450)	testing
10	xy	f	19	3	circle	green	dif	(632, 450)	(800, 282)	hori	left	True	461609	462607	left	(800, 450)	testing
10	xy	f	19	3	diamond	none	same	N_dis	(800, 618)	vert	up	True	464081	464863	up	(800, 450)	testing
10	xy	f	19	3	diamond	red	dif	(800, 282)	(632, 450)	vert	up	True	466249	467023	up	(800, 450)	testing
10	xy	f	19	3	diamond	green	dif	(800, 282)	(800, 618)	hori	left	True	468614	469519	left	(800, 450)	testing
10	xy	f	19	3	diamond	red	dif	(800, 282)	(968, 450)	vert	up	True	471109	471839	up	(800, 450)	testing
10	xy	f	19	3	circle	none	same	N_dis	(632, 450)	hori	left	True	473215	473839	left	(800, 450)	testing
10	xy	f	19	3	circle	red	same	(968, 450)	(632, 450)	hori	left	True	475436	476271	left	(800, 450)	testing
10	xy	f	19	3	diamond	red	same	(968, 450)	(800, 282)	vert	up	True	477880	478575	up	(800, 450)	testing
10	xy	f	19	3	circle	green	dif	(968, 450)	(632, 450)	vert	up	True	480225	481039	up	(800, 450)	testing
10	xy	f	19	3	diamond	green	same	(968, 450)	(800, 282)	vert	up	True	482666	483503	up	(800, 450)	testing
10	xy	f	19	3	diamond	red	dif	(632, 450)	(968, 450)	vert	up	True	485034	485711	up	(800, 450)	testing
10	xy	f	19	3	diamond	red	same	(968, 450)	(800, 282)	vert	up	True	487151	487807	up	(800, 450)	testing
10	xy	f	19	3	diamond	green	dif	(632, 450)	(800, 282)	vert	up	True	489435	490127	up	(800, 450)	testing
10	xy	f	19	3	diamond	none	same	N_dis	(800, 282)	hori	left	True	491577	492303	left	(800, 450)	testing
10	xy	f	19	3	circle	green	same	(800, 282)	(632, 450)	hori	left	True	493865	494687	left	(800, 450)	testing
10	xy	f	19	3	circle	red	same	(800, 618)	(968, 450)	vert	up	True	496288	496943	up	(800, 450)	testing
10	xy	f	19	3	circle	red	dif	(632, 450)	(800, 618)	vert	up	True	498395	499151	up	(800, 450)	testing
10	xy	f	19	3	diamond	green	same	(800, 618)	(632, 450)	hori	left	True	500628	501567	left	(800, 450)	testing
10	xy	f	19	3	circle	red	dif	(968, 450)	(800, 618)	hori	left	True	503089	503887	left	(800, 450)	testing
10	xy	f	19	3	circle	red	dif	(800, 618)	(968, 450)	vert	up	True	505436	506303	up	(800, 450)	testing
10	xy	f	19	3	diamond	green	dif	(800, 618)	(800, 282)	hori	left	True	507765	508495	left	(800, 450)	testing
10	xy	f	19	3	diamond	red	dif	(632, 450)	(800, 618)	vert	up	True	510020	510911	up	(800, 450)	testing
10	xy	f	19	3	diamond	red	dif	(800, 282)	(968, 450)	hori	left	True	512289	513055	left	(800, 450)	testing
10	xy	f	19	3	circle	green	same	(800, 282)	(968, 450)	hori	left	True	514528	515423	left	(800, 450)	testing
10	xy	f	19	3	diamond	green	same	(632, 450)	(800, 282)	vert	up	True	516996	517711	up	(800, 450)	testing
10	xy	f	19	3	diamond	none	same	N_dis	(968, 450)	hori	left	True	519075	519887	left	(800, 450)	testing
10	xy	f	19	3	circle	green	dif	(800, 618)	(968, 450)	hori	left	True	521382	522447	left	(800, 450)	testing
10	xy	f	19	3	diamond	none	dif	N_dis	(800, 282)	vert	up	True	523870	524591	up	(800, 450)	testing
10	xy	f	19	3	circle	none	dif	N_dis	(968, 450)	vert	up	True	525951	526991	up	(800, 450)	testing
10	xy	f	19	3	circle	none	dif	N_dis	(800, 618)	vert	up	True	528594	529407	up	(800, 450)	testing
10	xy	f	19	3	circle	green	dif	(632, 450)	(800, 618)	hori	left	True	530771	531775	left	(800, 450)	testing
10	xy	f	19	3	circle	none	same	N_dis	(800, 282)	vert	up	True	533346	534319	up	(800, 450)	testing
10	xy	f	19	3	diamond	green	same	(800, 282)	(968, 450)	hori	left	True	535889	536831	left	(800, 450)	testing
10	xy	f	19	3	circle	none	dif	N_dis	(632, 450)	vert	up	True	538252	539023	up	(800, 450)	testing
10	xy	f	19	3	circle	none	same	N_dis	(968, 450)	hori	left	True	540475	541679	left	(800, 450)	testing
10	xy	f	19	3	circle	green	dif	(800, 282)	(800, 618)	hori	left	True	543045	543919	left	(800, 450)	testing
10	xy	f	19	3	diamond	red	same	(632, 450)	(968, 450)	hori	left	True	545524	546255	left	(800, 450)	testing
10	xy	f	19	3	circle	none	dif	N_dis	(800, 618)	vert	up	True	547755	548735	up	(800, 450)	testing
10	xy	f	19	3	circle	green	same	(968, 450)	(800, 618)	vert	up	True	550380	551631	up	(800, 450)	testing
10	xy	f	19	3	diamond	none	dif	N_dis	(800, 618)	hori	left	True	553264	554207	left	(800, 450)	testing
10	xy	f	19	3	diamond	green	dif	(968, 450)	(800, 618)	vert	up	True	555602	556543	up	(800, 450)	testing
10	xy	f	19	3	diamond	none	same	N_dis	(632, 450)	vert	up	True	557931	558719	up	(800, 450)	testing
10	xy	f	19	3	circle	green	same	(800, 618)	(800, 282)	vert	up	True	560134	561375	up	(800, 450)	testing
10	xy	f	19	3	circle	none	same	N_dis	(968, 450)	hori	left	True	562923	563567	left	(800, 450)	testing
10	xy	f	19	3	diamond	green	same	(632, 450)	(968, 450)	vert	up	True	565072	565839	up	(800, 450)	testing
10	xy	f	19	3	circle	green	same	(968, 450)	(800, 282)	hori	left	True	567475	568383	left	(800, 450)	testing
10	xy	f	19	3	circle	none	same	N_dis	(632, 450)	vert	up	True	569964	570719	up	(800, 450)	testing
10	xy	f	19	3	circle	red	dif	(800, 282)	(800, 618)	hori	left	True	572172	572959	left	(800, 450)	testing
10	xy	f	19	3	diamond	red	same	(800, 618)	(632, 450)	hori	left	True	574450	575439	left	(800, 450)	testing
10	xy	f	19	3	circle	none	dif	N_dis	(800, 618)	vert	up	True	576817	577519	up	(800, 450)	testing
10	xy	f	19	3	diamond	none	dif	N_dis	(632, 450)	hori	left	True	579026	579679	left	(800, 450)	testing
10	xy	f	19	3	circle	red	dif	(800, 618)	(968, 450)	vert	up	True	581277	581967	up	(800, 450)	testing
10	xy	f	19	3	diamond	none	dif	N_dis	(968, 450)	hori	left	True	583542	584191	left	(800, 450)	testing
10	xy	f	19	3	circle	red	same	(632, 450)	(968, 450)	hori	left	True	585679	586559	left	(800, 450)	testing
10	xy	f	19	3	circle	red	same	(968, 450)	(632, 450)	vert	up	True	588074	588831	up	(800, 450)	testing
10	xy	f	19	3	diamond	none	dif	N_dis	(800, 282)	vert	up	True	590371	591279	up	(800, 450)	testing
10	xy	f	19	3	circle	red	same	(800, 618)	(632, 450)	hori	left	True	592631	593359	left	(800, 450)	testing
10	xy	f	19	3	diamond	none	same	N_dis	(800, 282)	hori	left	True	594765	595551	left	(800, 450)	testing
10	xy	f	19	3	diamond	green	dif	(800, 618)	(800, 282)	vert	up	True	596961	597695	up	(800, 450)	testing
10	xy	f	19	3	diamond	red	same	(800, 282)	(632, 450)	vert	up	True	599295	600047	up	(800, 450)	testing
10	xy	f	19	3	circle	green	dif	(632, 450)	(800, 282)	hori	left	True	601412	602319	left	(800, 450)	testing
10	xy	f	19	3	diamond	none	same	N_dis	(800, 618)	hori	left	True	603750	604479	left	(800, 450)	testing
10	xy	f	19	3	diamond	red	dif	(800, 282)	(632, 450)	vert	up	True	605871	606703	up	(800, 450)	testing
10	xy	f	19	3	diamond	green	dif	(800, 282)	(800, 618)	vert	up	True	608305	609055	up	(800, 450)	testing
10	xy	f	19	3	diamond	red	dif	(800, 282)	(968, 450)	hori	left	True	610675	611471	left	(800, 450)	testing
10	xy	f	19	3	circle	none	same	N_dis	(632, 450)	vert	up	True	612828	613711	up	(800, 450)	testing
10	xy	f	19	3	circle	red	same	(968, 450)	(632, 450)	hori	left	True	615215	616143	left	(800, 450)	testing
10	xy	f	19	3	diamond	red	same	(968, 450)	(800, 282)	hori	left	True	617739	618799	left	(800, 450)	testing
10	xy	f	19	3	circle	green	dif	(968, 450)	(632, 450)	hori	left	True	620371	621743	left	(800, 450)	testing
10	xy	f	19	3	diamond	green	same	(968, 450)	(800, 282)	hori	left	True	623179	624351	left	(800, 450)	testing
10	xy	f	19	3	diamond	red	dif	(632, 450)	(968, 450)	vert	up	True	625891	626511	up	(800, 450)	testing
10	xy	f	19	3	diamond	red	same	(968, 450)	(800, 282)	hori	left	True	627984	628751	left	(800, 450)	testing
10	xy	f	19	3	diamond	green	dif	(632, 450)	(800, 282)	vert	up	True	630381	630991	up	(800, 450)	testing
10	xy	f	19	3	diamond	none	same	N_dis	(800, 282)	vert	up	True	632521	633215	up	(800, 450)	testing
10	xy	f	19	3	circle	green	same	(800, 282)	(632, 450)	hori	left	True	634671	635279	left	(800, 450)	testing
10	xy	f	19	3	circle	red	same	(800, 618)	(968, 450)	vert	up	True	636722	637359	up	(800, 450)	testing
10	xy	f	19	3	circle	red	dif	(632, 450)	(800, 618)	vert	up	True	638756	639615	up	(800, 450)	testing
10	xy	f	19	3	diamond	green	same	(800, 618)	(632, 450)	vert	up	True	641176	641967	up	(800, 450)	testing
10	xy	f	19	3	circle	red	dif	(968, 450)	(800, 618)	vert	up	True	643602	644479	up	(800, 450)	testing
10	xy	f	19	3	circle	red	dif	(800, 618)	(968, 450)	vert	up	True	645858	646911	up	(800, 450)	testing
10	xy	f	19	3	diamond	green	dif	(800, 618)	(800, 282)	hori	left	True	648454	649183	left	(800, 450)	testing
10	xy	f	19	3	diamond	red	dif	(632, 450)	(800, 618)	vert	up	True	650621	651615	up	(800, 450)	testing
10	xy	f	19	3	diamond	red	dif	(800, 282)	(968, 450)	vert	up	True	653080	653839	up	(800, 450)	testing
10	xy	f	19	3	circle	green	same	(800, 282)	(968, 450)	hori	left	True	655198	656319	left	(800, 450)	testing
10	xy	f	19	3	diamond	green	same	(632, 450)	(800, 282)	vert	up	True	657777	658671	up	(800, 450)	testing
10	xy	f	19	3	diamond	none	same	N_dis	(968, 450)	hori	left	True	660230	661007	left	(800, 450)	testing
10	xy	f	19	3	circle	green	dif	(800, 618)	(968, 450)	vert	up	True	662446	663119	up	(800, 450)	testing
10	xy	f	19	3	diamond	none	dif	N_dis	(800, 282)	vert	up	True	664725	665615	up	(800, 450)	testing
10	xy	f	19	3	circle	none	dif	N_dis	(968, 450)	hori	left	True	667204	667983	left	(800, 450)	testing
10	xy	f	19	3	circle	none	dif	N_dis	(800, 618)	hori	left	True	669394	670063	left	(800, 450)	testing
10	xy	f	19	3	circle	green	dif	(632, 450)	(800, 618)	hori	left	True	671548	672495	left	(800, 450)	testing
10	xy	f	19	3	circle	none	same	N_dis	(800, 282)	vert	up	True	674053	674703	up	(800, 450)	testing
10	xy	f	19	3	diamond	green	same	(800, 282)	(968, 450)	vert	up	True	676068	676895	up	(800, 450)	testing
10	xy	f	19	3	circle	none	dif	N_dis	(632, 450)	vert	up	True	678270	679039	up	(800, 450)	testing
10	xy	f	19	3	circle	none	same	N_dis	(968, 450)	vert	up	True	680420	681039	up	(800, 450)	testing
10	xy	f	19	3	circle	green	dif	(800, 282)	(800, 618)	vert	up	True	682557	683391	up	(800, 450)	testing
10	xy	f	19	3	diamond	red	same	(632, 450)	(968, 450)	hori	left	True	684968	685663	left	(800, 450)	testing
10	xy	f	19	3	circle	none	dif	N_dis	(800, 618)	vert	up	True	687164	687983	up	(800, 450)	testing
10	xy	f	19	3	circle	green	same	(968, 450)	(800, 618)	hori	left	True	689633	690735	left	(800, 450)	testing
10	xy	f	19	3	diamond	none	dif	N_dis	(800, 618)	hori	left	True	692387	693247	left	(800, 450)	testing
10	xy	f	19	3	diamond	green	dif	(968, 450)	(800, 618)	hori	left	True	694610	695599	left	(800, 450)	testing
10	xy	f	19	3	diamond	none	same	N_dis	(632, 450)	hori	left	True	697095	698095	left	(800, 450)	testing
10	xy	f	19	3	circle	green	same	(800, 618)	(800, 282)	hori	left	True	699627	700607	left	(800, 450)	testing
10	xy	f	19	3	circle	none	same	N_dis	(968, 450)	vert	up	True	702246	702943	up	(800, 450)	testing
10	xy	f	19	3	diamond	green	same	(632, 450)	(968, 450)	vert	up	True	704304	705391	up	(800, 450)	testing
10	xy	f	19	3	circle	green	same	(968, 450)	(800, 282)	hori	left	True	707003	707887	left	(800, 450)	testing
10	xy	f	19	3	circle	none	same	N_dis	(632, 450)	vert	up	True	709398	710191	up	(800, 450)	testing
10	xy	f	19	3	circle	red	dif	(800, 282)	(800, 618)	hori	left	True	711598	712287	left	(800, 450)	testing
10	xy	f	19	3	diamond	red	same	(800, 618)	(632, 450)	hori	left	True	713795	714607	left	(800, 450)	testing
10	xy	f	19	3	circle	none	dif	N_dis	(800, 618)	vert	up	True	716192	716879	up	(800, 450)	testing
10	xy	f	19	3	diamond	none	dif	N_dis	(632, 450)	hori	left	True	718317	718863	left	(800, 450)	testing
10	xy	f	19	3	circle	red	dif	(800, 618)	(968, 450)	vert	up	True	720392	721279	up	(800, 450)	testing
10	xy	f	19	3	diamond	none	dif	N_dis	(968, 450)	hori	left	True	722747	723407	left	(800, 450)	testing
10	xy	f	19	3	circle	red	same	(632, 450)	(968, 450)	hori	left	True	724773	725455	left	(800, 450)	testing
10	xy	f	19	3	circle	red	same	(968, 450)	(632, 450)	hori	left	True	726895	727567	left	(800, 450)	testing
conf	10	xy	f	19	3	1	5	space	None	None	None	None	None	None	None	True	776667	792623	3
