subj	name	gender	age	runNum	shape	dist	td_dif	d_loc	t_loc	resp	resp_key	gotKey	startTime	respTime	resp	fix_loc	prac
10	xy	f	19	2	circle	red	same	(800, 618)	(800, 282)	vert	up	True	14192	14955	up	(800, 450)	testing
10	xy	f	19	2	circle	none	same	N_dis	(800, 282)	vert	up	True	16443	17371	up	(800, 450)	testing
10	xy	f	19	2	circle	none	dif	N_dis	(968, 450)	hori	left	True	18724	19339	left	(800, 450)	testing
10	xy	f	19	2	circle	green	same	(800, 618)	(632, 450)	hori	left	True	20852	21419	left	(800, 450)	testing
10	xy	f	19	2	diamond	none	dif	N_dis	(800, 282)	hori	left	True	22878	23643	left	(800, 450)	testing
10	xy	f	19	2	circle	green	dif	(800, 618)	(800, 282)	vert	up	True	25138	25931	up	(800, 450)	testing
10	xy	f	19	2	diamond	none	same	N_dis	(968, 450)	vert	up	True	27349	28251	up	(800, 450)	testing
10	xy	f	19	2	diamond	red	same	(632, 450)	(968, 450)	hori	left	True	29781	30459	left	(800, 450)	testing
10	xy	f	19	2	diamond	none	dif	N_dis	(800, 282)	vert	up	True	32010	32731	up	(800, 450)	testing
10	xy	f	19	2	circle	green	same	(968, 450)	(800, 618)	vert	up	True	34354	36203	up	(800, 450)	testing
10	xy	f	19	2	diamond	none	dif	N_dis	(800, 618)	hori	left	True	37709	38971	left	(800, 450)	testing
10	xy	f	19	2	circle	red	same	(632, 450)	(800, 282)	hori	left	True	40474	41483	left	(800, 450)	testing
10	xy	f	19	2	circle	none	same	N_dis	(632, 450)	vert	up	True	42866	43947	up	(800, 450)	testing
10	xy	f	19	2	circle	red	same	(968, 450)	(800, 618)	hori	left	True	45473	46459	left	(800, 450)	testing
10	xy	f	19	2	diamond	red	dif	(632, 450)	(968, 450)	hori	left	True	48048	48859	left	(800, 450)	testing
10	xy	f	19	2	diamond	red	dif	(632, 450)	(800, 282)	hori	left	True	50308	51067	left	(800, 450)	testing
10	xy	f	19	2	circle	red	dif	(632, 450)	(800, 282)	hori	left	True	52618	53371	left	(800, 450)	testing
10	xy	f	19	2	diamond	red	dif	(632, 450)	(800, 618)	hori	left	True	54744	55931	left	(800, 450)	testing
10	xy	f	19	2	circle	green	dif	(968, 450)	(632, 450)	vert	up	True	57386	58571	up	(800, 450)	testing
10	xy	f	19	2	diamond	red	dif	(632, 450)	(800, 282)	hori	left	True	60158	61099	left	(800, 450)	testing
10	xy	f	19	2	diamond	red	same	(632, 450)	(800, 282)	vert	up	True	62623	63835	up	(800, 450)	testing
10	xy	f	19	2	circle	red	dif	(800, 618)	(800, 282)	hori	left	True	65211	66027	left	(800, 450)	testing
10	xy	f	19	2	circle	none	dif	N_dis	(968, 450)	vert	up	True	67624	68443	up	(800, 450)	testing
10	xy	f	19	2	circle	none	same	N_dis	(968, 450)	hori	left	True	69886	70619	left	(800, 450)	testing
10	xy	f	19	2	diamond	green	dif	(968, 450)	(632, 450)	hori	left	True	71990	73387	left	(800, 450)	testing
10	xy	f	19	2	diamond	green	same	(632, 450)	(800, 618)	hori	left	True	74747	75979	left	(800, 450)	testing
10	xy	f	19	2	diamond	green	dif	(800, 618)	(632, 450)	vert	up	True	77618	78411	up	(800, 450)	testing
10	xy	f	19	2	diamond	none	same	N_dis	(968, 450)	hori	left	True	80038	80907	left	(800, 450)	testing
10	xy	f	19	2	circle	none	dif	N_dis	(800, 282)	vert	up	True	82480	83483	up	(800, 450)	testing
10	xy	f	19	2	diamond	none	same	N_dis	(800, 282)	hori	left	True	84962	85643	left	(800, 450)	testing
10	xy	f	19	2	diamond	green	same	(800, 618)	(968, 450)	vert	up	True	87061	87899	up	(800, 450)	testing
10	xy	f	19	2	diamond	green	dif	(968, 450)	(800, 282)	hori	left	True	89361	90107	left	(800, 450)	testing
10	xy	f	19	2	circle	red	dif	(632, 450)	(800, 618)	vert	up	True	91561	92491	up	(800, 450)	testing
10	xy	f	19	2	diamond	none	same	N_dis	(800, 282)	vert	up	True	94010	94779	up	(800, 450)	testing
10	xy	f	19	2	diamond	red	same	(968, 450)	(800, 618)	hori	left	True	96405	97307	left	(800, 450)	testing
10	xy	f	19	2	diamond	none	same	N_dis	(800, 282)	hori	left	True	98830	99675	left	(800, 450)	testing
10	xy	f	19	2	diamond	none	dif	N_dis	(632, 450)	hori	left	True	101146	101803	left	(800, 450)	testing
10	xy	f	19	2	circle	none	dif	N_dis	(632, 450)	vert	up	True	103183	104203	up	(800, 450)	testing
10	xy	f	19	2	circle	red	same	(800, 618)	(632, 450)	hori	left	True	105734	106651	left	(800, 450)	testing
10	xy	f	19	2	circle	green	dif	(632, 450)	(968, 450)	vert	up	True	108212	109131	left	(800, 450)	testing
10	xy	f	19	2	circle	none	same	N_dis	(632, 450)	hori	left	True	112249	113003	left	(800, 450)	testing
10	xy	f	19	2	diamond	none	same	N_dis	(800, 618)	hori	left	True	114518	115691	left	(800, 450)	testing
10	xy	f	19	2	diamond	green	same	(632, 450)	(968, 450)	hori	left	True	117088	118171	left	(800, 450)	testing
10	xy	f	19	2	circle	none	dif	N_dis	(632, 450)	hori	left	True	119548	120459	left	(800, 450)	testing
10	xy	f	19	2	circle	none	dif	N_dis	(632, 450)	vert	up	True	122005	122763	up	(800, 450)	testing
10	xy	f	19	2	diamond	green	same	(632, 450)	(800, 282)	vert	up	True	124320	125355	up	(800, 450)	testing
10	xy	f	19	2	diamond	red	same	(800, 618)	(800, 282)	hori	left	True	126983	127739	left	(800, 450)	testing
10	xy	f	19	2	diamond	green	dif	(632, 450)	(800, 282)	hori	left	True	129108	130235	left	(800, 450)	testing
10	xy	f	19	2	circle	red	dif	(800, 618)	(800, 282)	vert	up	True	131721	132667	up	(800, 450)	testing
10	xy	f	19	2	circle	none	dif	N_dis	(800, 618)	hori	left	True	134260	135019	left	(800, 450)	testing
10	xy	f	19	2	diamond	red	same	(800, 282)	(632, 450)	hori	left	True	136667	138091	left	(800, 450)	testing
10	xy	f	19	2	diamond	green	same	(800, 618)	(632, 450)	hori	left	True	139567	140507	left	(800, 450)	testing
10	xy	f	19	2	diamond	red	dif	(968, 450)	(632, 450)	hori	left	True	141989	142731	left	(800, 450)	testing
10	xy	f	19	2	circle	green	dif	(632, 450)	(968, 450)	hori	left	True	144316	145163	left	(800, 450)	testing
10	xy	f	19	2	circle	green	dif	(968, 450)	(800, 282)	vert	up	True	146696	147387	up	(800, 450)	testing
10	xy	f	19	2	circle	none	dif	N_dis	(800, 618)	hori	left	True	148988	149995	left	(800, 450)	testing
10	xy	f	19	2	circle	red	same	(800, 618)	(800, 282)	hori	left	True	151452	152747	left	(800, 450)	testing
10	xy	f	19	2	circle	red	dif	(968, 450)	(800, 282)	hori	left	True	154208	155035	left	(800, 450)	testing
10	xy	f	19	2	diamond	green	same	(800, 618)	(968, 450)	hori	left	True	156622	157771	left	(800, 450)	testing
10	xy	f	19	2	circle	red	dif	(800, 282)	(968, 450)	hori	left	True	159293	160107	left	(800, 450)	testing
10	xy	f	19	2	diamond	red	same	(968, 450)	(632, 450)	vert	up	True	161757	162555	up	(800, 450)	testing
10	xy	f	19	2	circle	none	dif	N_dis	(800, 618)	hori	left	True	163940	164603	left	(800, 450)	testing
10	xy	f	19	2	circle	none	dif	N_dis	(800, 618)	hori	left	True	165975	167243	left	(800, 450)	testing
10	xy	f	19	2	circle	green	same	(968, 450)	(800, 618)	vert	up	True	168659	169547	up	(800, 450)	testing
10	xy	f	19	2	circle	none	same	N_dis	(968, 450)	vert	up	True	171084	171867	up	(800, 450)	testing
10	xy	f	19	2	circle	green	same	(632, 450)	(968, 450)	vert	up	True	173481	174587	up	(800, 450)	testing
10	xy	f	19	2	diamond	green	dif	(968, 450)	(800, 282)	hori	left	True	176001	176907	left	(800, 450)	testing
10	xy	f	19	2	circle	green	same	(968, 450)	(632, 450)	vert	up	True	178430	179131	up	(800, 450)	testing
10	xy	f	19	2	diamond	red	dif	(800, 618)	(632, 450)	hori	left	True	180779	181483	left	(800, 450)	testing
10	xy	f	19	2	circle	red	dif	(968, 450)	(800, 618)	hori	left	True	182974	183675	left	(800, 450)	testing
10	xy	f	19	2	circle	green	same	(632, 450)	(800, 282)	vert	up	True	185087	185963	up	(800, 450)	testing
10	xy	f	19	2	circle	none	same	N_dis	(968, 450)	hori	left	True	187339	188011	left	(800, 450)	testing
10	xy	f	19	2	diamond	green	same	(968, 450)	(800, 282)	hori	left	True	189589	190267	left	(800, 450)	testing
10	xy	f	19	2	circle	green	dif	(632, 450)	(800, 618)	hori	left	True	191662	192587	left	(800, 450)	testing
10	xy	f	19	2	circle	green	same	(968, 450)	(800, 618)	hori	left	True	194216	194987	left	(800, 450)	testing
10	xy	f	19	2	circle	green	same	(800, 618)	(968, 450)	vert	up	True	196496	197515	up	(800, 450)	testing
10	xy	f	19	2	circle	green	same	(968, 450)	(800, 618)	hori	left	True	198924	199835	left	(800, 450)	testing
10	xy	f	19	2	circle	green	dif	(968, 450)	(800, 618)	hori	left	True	201327	201995	left	(800, 450)	testing
10	xy	f	19	2	circle	red	dif	(800, 618)	(968, 450)	hori	left	True	203507	204731	left	(800, 450)	testing
10	xy	f	19	2	diamond	red	same	(968, 450)	(800, 282)	vert	up	True	206233	207083	up	(800, 450)	testing
10	xy	f	19	2	circle	green	dif	(968, 450)	(800, 282)	vert	up	True	208676	209915	up	(800, 450)	testing
10	xy	f	19	2	diamond	none	dif	N_dis	(800, 282)	vert	up	True	211280	212155	up	(800, 450)	testing
10	xy	f	19	2	circle	none	dif	N_dis	(968, 450)	vert	up	True	213733	214699	up	(800, 450)	testing
10	xy	f	19	2	circle	red	dif	(968, 450)	(632, 450)	vert	up	True	216268	217611	left	(800, 450)	testing
10	xy	f	19	2	circle	none	same	N_dis	(632, 450)	hori	left	True	220580	221259	left	(800, 450)	testing
10	xy	f	19	2	circle	green	dif	(632, 450)	(968, 450)	hori	left	True	222876	223819	left	(800, 450)	testing
10	xy	f	19	2	diamond	green	dif	(968, 450)	(632, 450)	hori	left	True	225237	226091	left	(800, 450)	testing
10	xy	f	19	2	circle	green	same	(632, 450)	(800, 282)	hori	left	True	227606	228619	left	(800, 450)	testing
10	xy	f	19	2	diamond	red	dif	(968, 450)	(800, 618)	vert	up	True	230232	231147	up	(800, 450)	testing
10	xy	f	19	2	diamond	red	dif	(632, 450)	(968, 450)	hori	left	True	232745	233467	left	(800, 450)	testing
10	xy	f	19	2	diamond	none	same	N_dis	(800, 282)	vert	up	True	234876	236155	up	(800, 450)	testing
10	xy	f	19	2	circle	none	dif	N_dis	(632, 450)	hori	left	True	237805	238411	left	(800, 450)	testing
10	xy	f	19	2	diamond	green	dif	(632, 450)	(968, 450)	hori	left	True	239845	240491	left	(800, 450)	testing
10	xy	f	19	2	circle	none	same	N_dis	(800, 282)	vert	up	True	241978	242523	up	(800, 450)	testing
10	xy	f	19	2	diamond	red	same	(800, 618)	(632, 450)	vert	up	True	243959	244651	left	(800, 450)	testing
10	xy	f	19	2	circle	none	same	N_dis	(632, 450)	hori	left	True	247652	248267	left	(800, 450)	testing
10	xy	f	19	2	diamond	red	same	(800, 282)	(800, 618)	vert	up	True	249891	250699	up	(800, 450)	testing
10	xy	f	19	2	diamond	none	same	N_dis	(800, 618)	hori	left	True	252327	253307	left	(800, 450)	testing
10	xy	f	19	2	circle	none	dif	N_dis	(968, 450)	hori	left	True	254954	256283	left	(800, 450)	testing
10	xy	f	19	2	diamond	none	same	N_dis	(800, 282)	hori	left	True	257818	258699	left	(800, 450)	testing
10	xy	f	19	2	diamond	red	dif	(800, 618)	(632, 450)	hori	left	True	260135	261051	left	(800, 450)	testing
10	xy	f	19	2	diamond	green	same	(968, 450)	(800, 618)	vert	up	True	262666	263371	up	(800, 450)	testing
10	xy	f	19	2	diamond	red	same	(968, 450)	(632, 450)	hori	left	True	264838	265435	left	(800, 450)	testing
10	xy	f	19	2	diamond	none	same	N_dis	(800, 618)	hori	left	True	266915	267643	left	(800, 450)	testing
10	xy	f	19	2	diamond	green	same	(632, 450)	(800, 282)	hori	left	True	269251	269931	left	(800, 450)	testing
10	xy	f	19	2	circle	red	dif	(800, 618)	(800, 282)	hori	left	True	271556	272363	left	(800, 450)	testing
10	xy	f	19	2	circle	green	same	(968, 450)	(800, 282)	vert	up	True	273866	274603	up	(800, 450)	testing
10	xy	f	19	2	diamond	none	same	N_dis	(800, 282)	vert	up	True	276137	276891	up	(800, 450)	testing
10	xy	f	19	2	diamond	green	dif	(968, 450)	(800, 618)	vert	up	True	278471	280171	up	(800, 450)	testing
10	xy	f	19	2	circle	green	dif	(968, 450)	(800, 282)	hori	left	True	281695	283243	left	(800, 450)	testing
10	xy	f	19	2	circle	none	same	N_dis	(800, 618)	vert	up	True	284673	285323	up	(800, 450)	testing
10	xy	f	19	2	circle	none	dif	N_dis	(800, 618)	vert	up	True	286801	287435	up	(800, 450)	testing
10	xy	f	19	2	circle	red	dif	(968, 450)	(800, 282)	vert	up	True	288847	289803	left	(800, 450)	testing
10	xy	f	19	2	diamond	none	same	N_dis	(632, 450)	vert	up	True	292680	293787	up	(800, 450)	testing
10	xy	f	19	2	circle	red	same	(800, 618)	(800, 282)	hori	left	True	295273	296523	left	(800, 450)	testing
10	xy	f	19	2	circle	red	same	(632, 450)	(800, 282)	hori	left	True	298148	299371	left	(800, 450)	testing
10	xy	f	19	2	circle	none	same	N_dis	(968, 450)	vert	up	True	300984	302235	up	(800, 450)	testing
10	xy	f	19	2	diamond	red	same	(632, 450)	(800, 618)	hori	left	True	303704	304843	left	(800, 450)	testing
10	xy	f	19	2	circle	none	same	N_dis	(968, 450)	vert	up	True	306431	307595	up	(800, 450)	testing
10	xy	f	19	2	diamond	green	same	(800, 618)	(632, 450)	vert	up	True	308991	310011	up	(800, 450)	testing
10	xy	f	19	2	circle	green	dif	(800, 618)	(632, 450)	vert	up	True	311367	312427	up	(800, 450)	testing
10	xy	f	19	2	diamond	none	dif	N_dis	(800, 282)	vert	up	True	313901	314859	up	(800, 450)	testing
10	xy	f	19	2	diamond	green	same	(800, 618)	(800, 282)	vert	up	True	316295	317259	up	(800, 450)	testing
10	xy	f	19	2	circle	none	dif	N_dis	(800, 618)	vert	up	True	318772	319707	up	(800, 450)	testing
10	xy	f	19	2	circle	red	same	(632, 450)	(800, 618)	vert	up	True	321125	322107	up	(800, 450)	testing
10	xy	f	19	2	circle	none	same	N_dis	(800, 282)	hori	left	True	323606	324411	left	(800, 450)	testing
10	xy	f	19	2	circle	red	same	(968, 450)	(800, 618)	hori	left	True	326015	326907	left	(800, 450)	testing
10	xy	f	19	2	diamond	red	same	(968, 450)	(800, 282)	vert	up	True	328396	329323	up	(800, 450)	testing
10	xy	f	19	2	circle	none	same	N_dis	(800, 618)	hori	left	True	330939	331755	left	(800, 450)	testing
10	xy	f	19	2	circle	red	same	(968, 450)	(632, 450)	vert	up	True	333300	334155	up	(800, 450)	testing
10	xy	f	19	2	circle	red	dif	(968, 450)	(800, 618)	vert	up	True	335575	336427	up	(800, 450)	testing
10	xy	f	19	2	circle	green	dif	(968, 450)	(800, 282)	hori	left	True	337949	339131	left	(800, 450)	testing
10	xy	f	19	2	circle	red	same	(800, 618)	(632, 450)	vert	up	True	340519	341403	up	(800, 450)	testing
10	xy	f	19	2	circle	none	dif	N_dis	(968, 450)	hori	left	True	342764	343515	left	(800, 450)	testing
10	xy	f	19	2	diamond	red	dif	(968, 450)	(800, 282)	vert	up	True	345037	345963	up	(800, 450)	testing
10	xy	f	19	2	diamond	none	dif	N_dis	(632, 450)	vert	up	True	347557	348315	up	(800, 450)	testing
10	xy	f	19	2	diamond	green	dif	(632, 450)	(968, 450)	hori	left	True	349809	350603	left	(800, 450)	testing
10	xy	f	19	2	circle	green	same	(800, 618)	(968, 450)	hori	left	True	352202	353371	left	(800, 450)	testing
10	xy	f	19	2	circle	green	same	(632, 450)	(800, 618)	vert	up	True	354756	355579	up	(800, 450)	testing
10	xy	f	19	2	circle	green	same	(800, 618)	(968, 450)	vert	up	True	356959	357803	up	(800, 450)	testing
10	xy	f	19	2	diamond	red	same	(968, 450)	(632, 450)	vert	up	True	359390	360427	up	(800, 450)	testing
10	xy	f	19	2	circle	red	same	(632, 450)	(800, 282)	hori	left	True	361900	362699	left	(800, 450)	testing
10	xy	f	19	2	circle	red	same	(968, 450)	(632, 450)	hori	left	True	364137	364763	left	(800, 450)	testing
10	xy	f	19	2	circle	green	same	(800, 618)	(968, 450)	vert	up	True	366413	367227	up	(800, 450)	testing
10	xy	f	19	2	circle	green	same	(800, 618)	(968, 450)	vert	up	True	368854	369531	up	(800, 450)	testing
10	xy	f	19	2	diamond	green	dif	(968, 450)	(800, 618)	vert	up	True	371050	372875	up	(800, 450)	testing
10	xy	f	19	2	diamond	red	same	(632, 450)	(968, 450)	vert	up	True	374262	374987	up	(800, 450)	testing
10	xy	f	19	2	diamond	green	dif	(800, 618)	(632, 450)	hori	left	True	376461	377595	left	(800, 450)	testing
10	xy	f	19	2	circle	red	dif	(968, 450)	(632, 450)	hori	left	True	378962	379931	up	(800, 450)	testing
10	xy	f	19	2	diamond	none	dif	N_dis	(968, 450)	hori	left	True	383027	383963	left	(800, 450)	testing
10	xy	f	19	2	diamond	red	dif	(800, 618)	(968, 450)	vert	up	True	385540	386619	up	(800, 450)	testing
10	xy	f	19	2	diamond	red	same	(800, 618)	(968, 450)	hori	left	True	388087	389483	left	(800, 450)	testing
10	xy	f	19	2	diamond	none	same	N_dis	(632, 450)	vert	up	True	391117	391851	up	(800, 450)	testing
10	xy	f	19	2	diamond	none	dif	N_dis	(800, 282)	hori	left	True	393503	394299	left	(800, 450)	testing
10	xy	f	19	2	diamond	red	dif	(800, 618)	(632, 450)	vert	up	True	395745	396811	up	(800, 450)	testing
10	xy	f	19	2	diamond	none	same	N_dis	(968, 450)	vert	up	True	398393	399147	up	(800, 450)	testing
10	xy	f	19	2	circle	green	dif	(800, 282)	(632, 450)	hori	left	True	400683	401739	left	(800, 450)	testing
10	xy	f	19	2	diamond	green	dif	(632, 450)	(800, 282)	hori	left	True	403189	404299	left	(800, 450)	testing
10	xy	f	19	2	diamond	green	same	(968, 450)	(632, 450)	hori	left	True	405730	407163	left	(800, 450)	testing
10	xy	f	19	2	circle	red	same	(632, 450)	(968, 450)	hori	left	True	408676	409451	left	(800, 450)	testing
10	xy	f	19	2	diamond	red	dif	(968, 450)	(800, 282)	vert	up	True	411032	412155	up	(800, 450)	testing
10	xy	f	19	2	diamond	red	dif	(800, 618)	(800, 282)	vert	up	True	413768	414971	up	(800, 450)	testing
10	xy	f	19	2	diamond	green	same	(632, 450)	(800, 618)	hori	left	True	416511	417499	left	(800, 450)	testing
10	xy	f	19	2	diamond	green	same	(632, 450)	(800, 618)	vert	up	True	418994	419963	up	(800, 450)	testing
10	xy	f	19	2	circle	none	same	N_dis	(968, 450)	hori	left	True	421456	422347	left	(800, 450)	testing
10	xy	f	19	2	diamond	red	dif	(800, 618)	(632, 450)	hori	left	True	423813	424795	left	(800, 450)	testing
10	xy	f	19	2	circle	red	dif	(632, 450)	(800, 282)	hori	left	True	426359	427259	left	(800, 450)	testing
10	xy	f	19	2	circle	red	dif	(632, 450)	(800, 282)	hori	left	True	428906	430075	left	(800, 450)	testing
10	xy	f	19	2	diamond	none	dif	N_dis	(632, 450)	hori	left	True	431528	432459	left	(800, 450)	testing
10	xy	f	19	2	circle	red	same	(632, 450)	(800, 618)	vert	up	True	434088	434971	up	(800, 450)	testing
10	xy	f	19	2	diamond	green	dif	(632, 450)	(968, 450)	hori	left	True	436483	437211	left	(800, 450)	testing
10	xy	f	19	2	diamond	green	same	(800, 618)	(968, 450)	vert	up	True	438691	439579	up	(800, 450)	testing
10	xy	f	19	2	circle	none	dif	N_dis	(632, 450)	vert	up	True	441189	442347	up	(800, 450)	testing
10	xy	f	19	2	circle	red	dif	(968, 450)	(632, 450)	vert	up	True	443904	444763	up	(800, 450)	testing
10	xy	f	19	2	circle	none	dif	N_dis	(968, 450)	hori	left	True	446310	447067	left	(800, 450)	testing
10	xy	f	19	2	diamond	red	same	(968, 450)	(800, 282)	hori	left	True	448511	449915	left	(800, 450)	testing
10	xy	f	19	2	circle	red	same	(968, 450)	(632, 450)	hori	left	True	451537	453259	left	(800, 450)	testing
10	xy	f	19	2	diamond	none	same	N_dis	(800, 282)	vert	up	True	454908	455739	up	(800, 450)	testing
10	xy	f	19	2	circle	red	same	(800, 282)	(968, 450)	hori	left	True	457284	458459	left	(800, 450)	testing
10	xy	f	19	2	diamond	green	dif	(968, 450)	(632, 450)	vert	up	True	459921	461163	up	(800, 450)	testing
10	xy	f	19	2	diamond	red	dif	(968, 450)	(800, 618)	vert	up	True	462772	463627	up	(800, 450)	testing
10	xy	f	19	2	diamond	none	dif	N_dis	(632, 450)	vert	up	True	465260	466155	up	(800, 450)	testing
10	xy	f	19	2	circle	green	dif	(632, 450)	(800, 618)	hori	left	True	467762	468443	left	(800, 450)	testing
10	xy	f	19	2	diamond	none	same	N_dis	(968, 450)	hori	left	True	469825	470603	left	(800, 450)	testing
10	xy	f	19	2	circle	green	same	(800, 618)	(968, 450)	vert	up	True	472030	472923	up	(800, 450)	testing
10	xy	f	19	2	diamond	green	same	(632, 450)	(800, 282)	hori	left	True	474441	475419	left	(800, 450)	testing
10	xy	f	19	2	circle	green	dif	(968, 450)	(800, 618)	vert	up	True	476841	477723	up	(800, 450)	testing
10	xy	f	19	2	circle	red	same	(632, 450)	(800, 282)	vert	up	True	479202	479915	up	(800, 450)	testing
10	xy	f	19	2	circle	green	same	(800, 618)	(968, 450)	vert	up	True	481540	482459	up	(800, 450)	testing
10	xy	f	19	2	diamond	none	same	N_dis	(632, 450)	hori	left	True	483941	484779	left	(800, 450)	testing
10	xy	f	19	2	circle	red	dif	(800, 618)	(800, 282)	vert	up	True	486349	487403	up	(800, 450)	testing
10	xy	f	19	2	diamond	red	dif	(968, 450)	(632, 450)	hori	left	True	488793	490363	left	(800, 450)	testing
10	xy	f	19	2	diamond	red	dif	(800, 618)	(800, 282)	hori	left	True	491962	492779	left	(800, 450)	testing
10	xy	f	19	2	diamond	none	dif	N_dis	(968, 450)	hori	left	True	494136	494859	left	(800, 450)	testing
10	xy	f	19	2	diamond	none	dif	N_dis	(800, 618)	vert	up	True	496286	497243	up	(800, 450)	testing
10	xy	f	19	2	circle	red	dif	(800, 618)	(632, 450)	hori	left	True	498702	499595	left	(800, 450)	testing
10	xy	f	19	2	circle	none	dif	N_dis	(800, 282)	vert	up	True	501097	501851	up	(800, 450)	testing
10	xy	f	19	2	circle	red	dif	(800, 282)	(632, 450)	vert	up	True	503258	503963	up	(800, 450)	testing
10	xy	f	19	2	diamond	none	dif	N_dis	(800, 282)	vert	up	True	505426	506363	up	(800, 450)	testing
10	xy	f	19	2	diamond	none	dif	N_dis	(800, 282)	hori	left	True	507927	508683	left	(800, 450)	testing
10	xy	f	19	2	circle	red	same	(800, 618)	(632, 450)	vert	up	True	510131	511291	up	(800, 450)	testing
10	xy	f	19	2	diamond	red	dif	(800, 618)	(968, 450)	vert	up	True	512688	513499	up	(800, 450)	testing
10	xy	f	19	2	diamond	green	dif	(632, 450)	(968, 450)	vert	up	True	514927	515675	up	(800, 450)	testing
10	xy	f	19	2	diamond	green	dif	(632, 450)	(968, 450)	vert	up	True	517317	518123	up	(800, 450)	testing
10	xy	f	19	2	circle	green	same	(800, 618)	(632, 450)	hori	left	True	519490	520411	left	(800, 450)	testing
10	xy	f	19	2	circle	red	same	(800, 618)	(968, 450)	hori	left	True	521796	522491	left	(800, 450)	testing
10	xy	f	19	2	circle	green	same	(800, 618)	(800, 282)	hori	left	True	523865	524459	left	(800, 450)	testing
10	xy	f	19	2	circle	none	same	N_dis	(800, 618)	hori	left	True	525949	526843	left	(800, 450)	testing
10	xy	f	19	2	circle	red	dif	(968, 450)	(800, 282)	vert	up	True	528495	529259	up	(800, 450)	testing
10	xy	f	19	2	circle	green	dif	(968, 450)	(800, 282)	hori	left	True	530876	531723	up	(800, 450)	testing
10	xy	f	19	2	diamond	red	same	(632, 450)	(800, 618)	vert	up	True	534614	535611	up	(800, 450)	testing
10	xy	f	19	2	diamond	green	dif	(968, 450)	(632, 450)	hori	left	True	537007	537723	left	(800, 450)	testing
10	xy	f	19	2	diamond	green	dif	(968, 450)	(800, 618)	vert	up	True	539087	540203	up	(800, 450)	testing
10	xy	f	19	2	circle	red	dif	(800, 618)	(968, 450)	hori	left	True	541689	542651	left	(800, 450)	testing
10	xy	f	19	2	circle	red	dif	(632, 450)	(800, 282)	vert	up	True	544213	545099	up	(800, 450)	testing
10	xy	f	19	2	diamond	red	dif	(968, 450)	(800, 618)	vert	up	True	546542	547435	up	(800, 450)	testing
10	xy	f	19	2	circle	red	dif	(800, 282)	(800, 618)	hori	left	True	548912	549787	left	(800, 450)	testing
10	xy	f	19	2	circle	red	same	(632, 450)	(800, 618)	hori	left	True	551428	552587	left	(800, 450)	testing
10	xy	f	19	2	circle	green	same	(632, 450)	(800, 618)	hori	left	True	554238	554923	left	(800, 450)	testing
10	xy	f	19	2	circle	none	same	N_dis	(800, 618)	hori	left	True	556346	557099	left	(800, 450)	testing
10	xy	f	19	2	diamond	none	dif	N_dis	(632, 450)	vert	up	True	558575	559483	up	(800, 450)	testing
10	xy	f	19	2	diamond	green	same	(632, 450)	(800, 282)	vert	up	True	561025	561803	up	(800, 450)	testing
10	xy	f	19	2	diamond	green	dif	(800, 618)	(632, 450)	vert	up	True	563432	564219	up	(800, 450)	testing
10	xy	f	19	2	diamond	red	same	(800, 282)	(968, 450)	hori	left	True	565721	566443	left	(800, 450)	testing
10	xy	f	19	2	diamond	green	dif	(968, 450)	(800, 282)	vert	up	True	567825	568475	up	(800, 450)	testing
10	xy	f	19	2	diamond	green	same	(632, 450)	(800, 618)	vert	up	True	569876	570923	up	(800, 450)	testing
10	xy	f	19	2	diamond	none	same	N_dis	(800, 618)	hori	left	True	572395	573099	left	(800, 450)	testing
10	xy	f	19	2	circle	green	dif	(632, 450)	(968, 450)	hori	left	True	574616	575659	left	(800, 450)	testing
10	xy	f	19	2	diamond	red	same	(968, 450)	(800, 282)	vert	up	True	577293	578635	up	(800, 450)	testing
10	xy	f	19	2	diamond	none	dif	N_dis	(800, 282)	vert	up	True	580271	580923	up	(800, 450)	testing
10	xy	f	19	2	circle	none	same	N_dis	(800, 618)	vert	up	True	582487	583355	up	(800, 450)	testing
10	xy	f	19	2	circle	none	dif	N_dis	(632, 450)	hori	left	True	584829	585451	left	(800, 450)	testing
10	xy	f	19	2	circle	red	same	(800, 618)	(968, 450)	hori	left	True	586859	587755	left	(800, 450)	testing
10	xy	f	19	2	diamond	red	dif	(632, 450)	(800, 618)	hori	left	True	589120	589995	left	(800, 450)	testing
10	xy	f	19	2	circle	red	same	(632, 450)	(968, 450)	hori	left	True	591591	592763	left	(800, 450)	testing
10	xy	f	19	2	circle	green	same	(800, 618)	(968, 450)	vert	up	True	594252	595595	up	(800, 450)	testing
10	xy	f	19	2	circle	none	same	N_dis	(968, 450)	vert	up	True	597226	598443	up	(800, 450)	testing
10	xy	f	19	2	diamond	red	same	(632, 450)	(968, 450)	hori	left	True	600055	600923	left	(800, 450)	testing
10	xy	f	19	2	diamond	none	same	N_dis	(800, 282)	hori	left	True	602393	603243	left	(800, 450)	testing
10	xy	f	19	2	diamond	none	dif	N_dis	(800, 282)	vert	up	True	604845	605579	up	(800, 450)	testing
10	xy	f	19	2	circle	green	dif	(800, 618)	(800, 282)	vert	up	True	606988	608235	up	(800, 450)	testing
10	xy	f	19	2	circle	green	dif	(968, 450)	(800, 282)	hori	left	True	609768	610747	left	(800, 450)	testing
10	xy	f	19	2	diamond	none	dif	N_dis	(800, 618)	vert	up	True	612153	613003	up	(800, 450)	testing
10	xy	f	19	2	diamond	green	dif	(800, 618)	(968, 450)	vert	up	True	614588	615499	up	(800, 450)	testing
10	xy	f	19	2	circle	red	same	(632, 450)	(968, 450)	vert	up	True	616926	618155	up	(800, 450)	testing
10	xy	f	19	2	circle	green	dif	(632, 450)	(968, 450)	hori	left	True	619702	620667	left	(800, 450)	testing
10	xy	f	19	2	diamond	green	same	(800, 618)	(968, 450)	hori	left	True	622077	623291	left	(800, 450)	testing
10	xy	f	19	2	diamond	none	same	N_dis	(800, 282)	hori	left	True	624914	625627	left	(800, 450)	testing
10	xy	f	19	2	circle	none	same	N_dis	(632, 450)	hori	left	True	627218	628603	left	(800, 450)	testing
10	xy	f	19	2	diamond	red	dif	(800, 618)	(632, 450)	vert	up	True	630018	630859	up	(800, 450)	testing
10	xy	f	19	2	circle	red	dif	(800, 618)	(800, 282)	vert	up	True	632388	633291	up	(800, 450)	testing
10	xy	f	19	2	circle	green	dif	(632, 450)	(800, 618)	hori	left	True	634647	635419	left	(800, 450)	testing
10	xy	f	19	2	circle	none	dif	N_dis	(968, 450)	hori	left	True	636936	637787	left	(800, 450)	testing
10	xy	f	19	2	diamond	red	same	(968, 450)	(632, 450)	hori	left	True	639389	640443	left	(800, 450)	testing
10	xy	f	19	2	diamond	red	dif	(800, 618)	(632, 450)	vert	up	True	641984	642747	up	(800, 450)	testing
10	xy	f	19	2	circle	green	same	(800, 618)	(632, 450)	vert	up	True	644171	644859	up	(800, 450)	testing
10	xy	f	19	2	circle	red	dif	(632, 450)	(800, 618)	hori	left	True	646362	647451	left	(800, 450)	testing
10	xy	f	19	2	circle	green	dif	(800, 618)	(800, 282)	hori	left	True	649049	649723	left	(800, 450)	testing
10	xy	f	19	2	diamond	red	same	(632, 450)	(968, 450)	hori	left	True	651226	651979	left	(800, 450)	testing
10	xy	f	19	2	diamond	green	same	(632, 450)	(800, 618)	vert	up	True	653444	654347	up	(800, 450)	testing
10	xy	f	19	2	diamond	green	same	(800, 618)	(800, 282)	hori	left	True	655895	656459	left	(800, 450)	testing
10	xy	f	19	2	diamond	red	same	(632, 450)	(800, 282)	hori	left	True	658044	658923	left	(800, 450)	testing
10	xy	f	19	2	diamond	none	dif	N_dis	(800, 618)	vert	up	True	660346	661035	up	(800, 450)	testing
10	xy	f	19	2	diamond	none	dif	N_dis	(968, 450)	vert	up	True	662654	663419	up	(800, 450)	testing
10	xy	f	19	2	diamond	none	same	N_dis	(968, 450)	hori	left	True	664903	665627	left	(800, 450)	testing
10	xy	f	19	2	diamond	red	dif	(968, 450)	(800, 618)	vert	up	True	667102	667707	left	(800, 450)	testing
10	xy	f	19	2	circle	green	dif	(968, 450)	(800, 618)	hori	left	True	670810	671483	up	(800, 450)	testing
10	xy	f	19	2	circle	green	dif	(800, 618)	(968, 450)	vert	up	True	674619	675995	up	(800, 450)	testing
10	xy	f	19	2	diamond	none	dif	N_dis	(632, 450)	vert	up	True	677505	678635	up	(800, 450)	testing
10	xy	f	19	2	circle	none	same	N_dis	(800, 282)	hori	left	True	680108	681163	left	(800, 450)	testing
10	xy	f	19	2	diamond	green	dif	(632, 450)	(800, 618)	vert	up	True	682619	683739	up	(800, 450)	testing
10	xy	f	19	2	diamond	green	same	(968, 450)	(632, 450)	hori	left	True	685198	686123	left	(800, 450)	testing
10	xy	f	19	2	diamond	green	dif	(800, 618)	(968, 450)	hori	left	True	687708	688475	left	(800, 450)	testing
10	xy	f	19	2	circle	green	dif	(968, 450)	(800, 282)	hori	left	True	689965	691035	left	(800, 450)	testing
10	xy	f	19	2	diamond	red	same	(632, 450)	(800, 618)	vert	up	True	692454	693515	up	(800, 450)	testing
10	xy	f	19	2	diamond	none	same	N_dis	(632, 450)	hori	left	True	694867	695499	left	(800, 450)	testing
10	xy	f	19	2	circle	red	same	(800, 618)	(800, 282)	vert	up	True	696948	698571	up	(800, 450)	testing
10	xy	f	19	2	diamond	none	same	N_dis	(632, 450)	vert	up	True	699925	701099	up	(800, 450)	testing
10	xy	f	19	2	circle	green	same	(800, 618)	(800, 282)	vert	up	True	702751	704155	up	(800, 450)	testing
10	xy	f	19	2	diamond	green	same	(968, 450)	(632, 450)	vert	up	True	705619	707003	up	(800, 450)	testing
10	xy	f	19	2	circle	none	same	N_dis	(968, 450)	hori	left	True	708552	709291	left	(800, 450)	testing
10	xy	f	19	2	circle	none	dif	N_dis	(800, 618)	vert	up	True	710802	711691	up	(800, 450)	testing
10	xy	f	19	2	circle	none	dif	N_dis	(632, 450)	vert	up	True	713206	713947	up	(800, 450)	testing
10	xy	f	19	2	circle	none	same	N_dis	(800, 618)	hori	left	True	715342	716107	left	(800, 450)	testing
10	xy	f	19	2	diamond	green	same	(968, 450)	(800, 618)	hori	left	True	717604	718587	left	(800, 450)	testing
10	xy	f	19	2	diamond	green	same	(632, 450)	(968, 450)	hori	left	True	720190	721003	left	(800, 450)	testing
10	xy	f	19	2	circle	none	same	N_dis	(800, 618)	hori	left	True	722639	723371	left	(800, 450)	testing
10	xy	f	19	2	diamond	green	dif	(968, 450)	(800, 282)	vert	up	True	725000	725819	up	(800, 450)	testing
10	xy	f	19	2	diamond	red	same	(800, 618)	(800, 282)	hori	left	True	727436	728395	left	(800, 450)	testing
10	xy	f	19	2	diamond	none	dif	N_dis	(968, 450)	hori	left	True	729826	730715	left	(800, 450)	testing
10	xy	f	19	2	circle	none	dif	N_dis	(632, 450)	vert	up	True	732093	732875	up	(800, 450)	testing
10	xy	f	19	2	circle	green	same	(800, 618)	(800, 282)	vert	up	True	734404	735211	up	(800, 450)	testing
10	xy	f	19	2	diamond	red	dif	(632, 450)	(800, 282)	vert	up	True	736612	737531	up	(800, 450)	testing
10	xy	f	19	2	diamond	none	dif	N_dis	(800, 282)	vert	up	True	739094	739675	up	(800, 450)	testing
10	xy	f	19	2	diamond	none	same	N_dis	(800, 618)	vert	up	True	741111	741915	up	(800, 450)	testing
10	xy	f	19	2	circle	none	same	N_dis	(632, 450)	vert	up	True	743286	744395	up	(800, 450)	testing
10	xy	f	19	2	circle	none	dif	N_dis	(968, 450)	hori	left	True	745962	746587	left	(800, 450)	testing
10	xy	f	19	2	diamond	none	same	N_dis	(800, 618)	hori	left	True	748089	748987	left	(800, 450)	testing
10	xy	f	19	2	diamond	none	dif	N_dis	(800, 618)	vert	up	True	750621	751531	up	(800, 450)	testing
10	xy	f	19	2	diamond	green	dif	(800, 618)	(632, 450)	hori	left	True	752907	753755	left	(800, 450)	testing
