subj	name	gender	age	runNum	shape	dist	td_dif	d_loc	t_loc	resp	resp_key	gotKey	startTime	respTime	resp	fix_loc	prac
10	xy	f	19	1	circle	green	dif	(800, 282)	(968, 450)	vert	up	True	82368	83514	left	(800, 450)	practice
10	xy	f	19	1	circle	none	same	N_dis	(800, 282)	vert	up	True	86507	87706	up	(800, 450)	practice
10	xy	f	19	1	circle	none	same	N_dis	(800, 282)	vert	up	True	89204	89962	up	(800, 450)	practice
10	xy	f	19	1	diamond	none	dif	N_dis	(968, 450)	vert	up	True	91426	93402	up	(800, 450)	practice
10	xy	f	19	1	circle	green	same	(800, 282)	(632, 450)	vert	up	True	94858	95770	up	(800, 450)	practice
10	xy	f	19	1	diamond	red	same	(800, 282)	(800, 618)	vert	up	True	97215	99402	up	(800, 450)	practice
10	xy	f	19	1	circle	none	same	N_dis	(800, 282)	vert	up	True	100958	101882	up	(800, 450)	practice
10	xy	f	19	1	diamond	red	same	(800, 282)	(968, 450)	hori	left	True	103465	104698	left	(800, 450)	practice
10	xy	f	19	1	circle	green	same	(800, 282)	(632, 450)	hori	left	True	106138	108138	left	(800, 450)	practice
10	xy	f	19	1	circle	green	dif	(800, 282)	(800, 618)	vert	up	True	109573	110778	up	(800, 450)	practice
10	xy	f	19	1	diamond	green	dif	(800, 282)	(968, 450)	vert	up	True	112317	113690	up	(800, 450)	practice
10	xy	f	19	1	circle	none	same	N_dis	(800, 618)	vert	up	True	115202	116458	up	(800, 450)	practice
10	xy	f	19	1	circle	none	same	N_dis	(800, 282)	vert	up	True	118036	118938	up	(800, 450)	practice
10	xy	f	19	1	diamond	green	dif	(800, 282)	(632, 450)	vert	up	True	120432	121546	up	(800, 450)	practice
10	xy	f	19	1	diamond	red	dif	(800, 282)	(800, 618)	hori	left	True	123016	124170	left	(800, 450)	practice
10	xy	f	19	1	circle	red	same	(800, 282)	(968, 450)	hori	left	True	125655	127322	left	(800, 450)	practice
10	xy	f	19	1	diamond	red	dif	(800, 282)	(632, 450)	vert	up	True	128880	129626	up	(800, 450)	practice
10	xy	f	19	1	circle	red	dif	(800, 282)	(800, 618)	hori	left	True	131100	132170	left	(800, 450)	practice
10	xy	f	19	1	circle	green	same	(800, 282)	(968, 450)	hori	left	True	133563	134954	left	(800, 450)	practice
10	xy	f	19	1	circle	green	dif	(800, 282)	(632, 450)	hori	left	True	136590	137690	left	(800, 450)	practice
10	xy	f	19	1	circle	red	dif	(800, 282)	(800, 618)	vert	up	True	139179	140426	up	(800, 450)	practice
10	xy	f	19	1	circle	none	same	N_dis	(968, 450)	vert	up	True	141914	142890	up	(800, 450)	practice
10	xy	f	19	1	circle	green	same	(800, 282)	(968, 450)	hori	left	True	144427	146106	left	(800, 450)	practice
10	xy	f	19	1	circle	green	dif	(800, 282)	(632, 450)	vert	up	True	147706	148826	up	(800, 450)	practice
10	xy	f	19	1	circle	green	dif	(800, 282)	(800, 618)	hori	left	True	150275	151274	left	(800, 450)	practice
10	xy	f	19	1	circle	green	dif	(800, 282)	(968, 450)	hori	left	True	152652	153610	left	(800, 450)	practice
10	xy	f	19	1	circle	green	dif	(800, 282)	(632, 450)	hori	left	True	155160	156250	left	(800, 450)	practice
10	xy	f	19	1	diamond	none	dif	N_dis	(800, 282)	vert	up	True	157875	159178	up	(800, 450)	practice
10	xy	f	19	1	circle	none	same	N_dis	(632, 450)	hori	left	True	160615	161306	left	(800, 450)	practice
10	xy	f	19	1	diamond	green	same	(800, 282)	(800, 618)	hori	left	True	162793	163690	left	(800, 450)	practice
10	xy	f	19	1	diamond	red	dif	(800, 282)	(968, 450)	hori	left	True	165128	166218	left	(800, 450)	practice
10	xy	f	19	1	diamond	none	same	N_dis	(632, 450)	hori	left	True	167846	168538	left	(800, 450)	practice
10	xy	f	19	1	circle	none	dif	N_dis	(632, 450)	vert	up	True	169984	170666	up	(800, 450)	practice
10	xy	f	19	1	circle	red	same	(800, 282)	(632, 450)	hori	left	True	172080	173034	left	(800, 450)	practice
10	xy	f	19	1	diamond	red	dif	(800, 282)	(800, 618)	vert	up	True	174637	175482	up	(800, 450)	practice
10	xy	f	19	1	diamond	green	same	(800, 282)	(968, 450)	vert	up	True	177074	178154	up	(800, 450)	practice
10	xy	f	19	1	circle	green	same	(800, 282)	(632, 450)	hori	left	True	179764	180794	left	(800, 450)	practice
10	xy	f	19	1	circle	red	same	(800, 282)	(800, 618)	vert	up	True	182164	183306	up	(800, 450)	practice
10	xy	f	19	1	circle	red	same	(800, 282)	(968, 450)	vert	up	True	184895	185786	up	(800, 450)	practice
10	xy	f	19	1	diamond	red	same	(800, 282)	(632, 450)	vert	up	True	187353	188378	up	(800, 450)	practice
10	xy	f	19	1	circle	red	same	(800, 282)	(800, 618)	vert	up	True	210755	211530	up	(800, 450)	testing
10	xy	f	19	1	circle	none	same	N_dis	(800, 282)	vert	up	True	213052	213994	up	(800, 450)	testing
10	xy	f	19	1	circle	green	dif	(968, 450)	(632, 450)	hori	left	True	215584	216570	up	(800, 450)	testing
10	xy	f	19	1	circle	green	dif	(632, 450)	(968, 450)	hori	left	True	219658	220506	up	(800, 450)	testing
10	xy	f	19	1	circle	red	same	(800, 282)	(800, 618)	hori	left	True	223471	224554	left	(800, 450)	testing
10	xy	f	19	1	diamond	green	dif	(632, 450)	(800, 282)	vert	up	True	226008	227306	up	(800, 450)	testing
10	xy	f	19	1	diamond	green	dif	(800, 282)	(632, 450)	hori	left	True	228945	229978	left	(800, 450)	testing
10	xy	f	19	1	diamond	none	dif	N_dis	(632, 450)	vert	up	True	231370	232314	up	(800, 450)	testing
10	xy	f	19	1	circle	green	same	(800, 282)	(632, 450)	vert	up	True	233966	235610	up	(800, 450)	testing
10	xy	f	19	1	circle	none	same	N_dis	(800, 618)	vert	up	True	237153	238090	up	(800, 450)	testing
10	xy	f	19	1	diamond	none	dif	N_dis	(800, 282)	hori	left	True	239542	240410	left	(800, 450)	testing
10	xy	f	19	1	diamond	green	dif	(800, 282)	(968, 450)	vert	up	True	242014	242970	up	(800, 450)	testing
10	xy	f	19	1	circle	red	dif	(800, 618)	(968, 450)	vert	up	True	244496	245818	up	(800, 450)	testing
10	xy	f	19	1	circle	red	dif	(800, 282)	(800, 618)	vert	up	True	247300	248474	up	(800, 450)	testing
10	xy	f	19	1	circle	none	dif	N_dis	(800, 618)	hori	left	True	250047	250890	left	(800, 450)	testing
10	xy	f	19	1	diamond	none	same	N_dis	(968, 450)	hori	left	True	252335	253562	left	(800, 450)	testing
10	xy	f	19	1	circle	red	dif	(800, 618)	(968, 450)	vert	up	True	254966	256202	up	(800, 450)	testing
10	xy	f	19	1	circle	red	same	(968, 450)	(800, 618)	vert	up	True	257628	259066	up	(800, 450)	testing
10	xy	f	19	1	circle	green	dif	(800, 618)	(968, 450)	vert	up	True	260475	261514	up	(800, 450)	testing
10	xy	f	19	1	diamond	green	same	(800, 282)	(968, 450)	vert	up	True	263041	264682	up	(800, 450)	testing
10	xy	f	19	1	circle	green	dif	(800, 618)	(800, 282)	vert	up	True	266331	267610	up	(800, 450)	testing
10	xy	f	19	1	diamond	none	same	N_dis	(632, 450)	hori	left	True	268981	270378	left	(800, 450)	testing
10	xy	f	19	1	diamond	red	dif	(800, 282)	(800, 618)	hori	left	True	271811	272618	left	(800, 450)	testing
10	xy	f	19	1	diamond	none	dif	N_dis	(800, 618)	vert	up	True	274064	275034	up	(800, 450)	testing
10	xy	f	19	1	diamond	none	dif	N_dis	(800, 618)	vert	up	True	276568	277386	up	(800, 450)	testing
10	xy	f	19	1	circle	red	same	(632, 450)	(800, 618)	hori	left	True	278894	279706	left	(800, 450)	testing
10	xy	f	19	1	circle	red	dif	(632, 450)	(800, 282)	vert	up	True	281242	282186	up	(800, 450)	testing
10	xy	f	19	1	diamond	none	dif	N_dis	(800, 282)	vert	up	True	283792	284810	up	(800, 450)	testing
10	xy	f	19	1	diamond	none	dif	N_dis	(800, 618)	hori	left	True	286269	287002	left	(800, 450)	testing
10	xy	f	19	1	circle	red	dif	(800, 618)	(800, 282)	vert	up	True	288455	289514	left	(800, 450)	testing
10	xy	f	19	1	diamond	none	dif	N_dis	(800, 282)	vert	up	True	292501	293674	up	(800, 450)	testing
10	xy	f	19	1	diamond	none	dif	N_dis	(632, 450)	hori	left	True	295136	296202	left	(800, 450)	testing
10	xy	f	19	1	circle	none	same	N_dis	(800, 618)	vert	up	True	297591	299098	up	(800, 450)	testing
10	xy	f	19	1	diamond	red	dif	(800, 618)	(968, 450)	hori	left	True	300705	302058	left	(800, 450)	testing
10	xy	f	19	1	diamond	green	same	(800, 618)	(968, 450)	vert	up	True	303577	304810	up	(800, 450)	testing
10	xy	f	19	1	circle	none	same	N_dis	(800, 282)	vert	up	True	306349	307338	up	(800, 450)	testing
10	xy	f	19	1	diamond	red	dif	(800, 618)	(968, 450)	hori	left	True	308859	309802	left	(800, 450)	testing
10	xy	f	19	1	diamond	green	same	(800, 282)	(968, 450)	vert	up	True	311425	312522	up	(800, 450)	testing
10	xy	f	19	1	circle	green	dif	(800, 282)	(968, 450)	vert	up	True	314095	314986	left	(800, 450)	testing
10	xy	f	19	1	circle	red	same	(800, 282)	(968, 450)	hori	left	True	317907	319050	left	(800, 450)	testing
10	xy	f	19	1	circle	red	same	(800, 618)	(800, 282)	hori	left	True	320454	321930	left	(800, 450)	testing
10	xy	f	19	1	diamond	none	same	N_dis	(632, 450)	hori	left	True	323435	324810	left	(800, 450)	testing
10	xy	f	19	1	circle	green	same	(632, 450)	(968, 450)	hori	left	True	326162	327770	left	(800, 450)	testing
10	xy	f	19	1	diamond	green	dif	(800, 618)	(632, 450)	hori	left	True	329189	330154	left	(800, 450)	testing
10	xy	f	19	1	circle	none	same	N_dis	(968, 450)	hori	left	True	331671	333466	left	(800, 450)	testing
10	xy	f	19	1	circle	green	dif	(800, 282)	(632, 450)	hori	left	True	334941	336330	left	(800, 450)	testing
10	xy	f	19	1	diamond	green	same	(800, 282)	(968, 450)	hori	left	True	337909	339242	left	(800, 450)	testing
10	xy	f	19	1	circle	green	same	(968, 450)	(800, 282)	hori	left	True	340826	342314	left	(800, 450)	testing
10	xy	f	19	1	diamond	red	same	(632, 450)	(800, 618)	vert	up	True	343847	345770	up	(800, 450)	testing
10	xy	f	19	1	diamond	green	dif	(800, 282)	(968, 450)	hori	left	True	347303	348266	left	(800, 450)	testing
10	xy	f	19	1	diamond	green	same	(968, 450)	(632, 450)	vert	up	True	349680	351162	up	(800, 450)	testing
10	xy	f	19	1	diamond	red	same	(968, 450)	(632, 450)	vert	up	True	352728	353770	up	(800, 450)	testing
10	xy	f	19	1	diamond	red	same	(632, 450)	(800, 618)	vert	up	True	355363	356474	up	(800, 450)	testing
10	xy	f	19	1	diamond	green	same	(800, 282)	(800, 618)	vert	up	True	357943	359306	up	(800, 450)	testing
10	xy	f	19	1	diamond	green	dif	(968, 450)	(800, 282)	hori	left	True	360846	361834	left	(800, 450)	testing
10	xy	f	19	1	circle	red	dif	(800, 618)	(632, 450)	hori	left	True	363308	364458	left	(800, 450)	testing
10	xy	f	19	1	circle	none	dif	N_dis	(632, 450)	vert	up	True	366033	367066	up	(800, 450)	testing
10	xy	f	19	1	diamond	none	dif	N_dis	(968, 450)	vert	up	True	368600	370058	up	(800, 450)	testing
10	xy	f	19	1	diamond	red	dif	(632, 450)	(800, 282)	hori	left	True	371615	372618	left	(800, 450)	testing
10	xy	f	19	1	circle	none	same	N_dis	(632, 450)	vert	up	True	374208	375690	up	(800, 450)	testing
10	xy	f	19	1	diamond	none	dif	N_dis	(968, 450)	vert	up	True	377290	378202	up	(800, 450)	testing
10	xy	f	19	1	circle	green	dif	(800, 282)	(632, 450)	hori	left	True	379565	380986	left	(800, 450)	testing
10	xy	f	19	1	diamond	green	same	(800, 282)	(800, 618)	hori	left	True	382436	383498	left	(800, 450)	testing
10	xy	f	19	1	circle	red	dif	(800, 282)	(632, 450)	vert	up	True	384903	386346	up	(800, 450)	testing
10	xy	f	19	1	circle	green	dif	(968, 450)	(632, 450)	vert	up	True	387700	388874	up	(800, 450)	testing
10	xy	f	19	1	circle	red	dif	(800, 282)	(800, 618)	hori	left	True	390487	391514	left	(800, 450)	testing
10	xy	f	19	1	diamond	green	dif	(800, 618)	(632, 450)	hori	left	True	393157	394026	left	(800, 450)	testing
10	xy	f	19	1	circle	red	same	(968, 450)	(800, 618)	vert	up	True	395572	396826	up	(800, 450)	testing
10	xy	f	19	1	circle	green	same	(800, 282)	(632, 450)	hori	left	True	398431	399114	left	(800, 450)	testing
10	xy	f	19	1	circle	none	same	N_dis	(968, 450)	vert	up	True	400684	401594	up	(800, 450)	testing
10	xy	f	19	1	diamond	red	same	(968, 450)	(800, 618)	hori	left	True	403020	403946	left	(800, 450)	testing
10	xy	f	19	1	circle	green	same	(968, 450)	(800, 618)	hori	left	True	405586	406922	left	(800, 450)	testing
10	xy	f	19	1	diamond	none	same	N_dis	(632, 450)	vert	up	True	408324	409242	up	(800, 450)	testing
10	xy	f	19	1	diamond	red	dif	(800, 618)	(968, 450)	vert	up	True	410659	411658	up	(800, 450)	testing
10	xy	f	19	1	diamond	none	same	N_dis	(800, 618)	hori	left	True	413261	414106	left	(800, 450)	testing
10	xy	f	19	1	diamond	red	same	(632, 450)	(800, 618)	hori	left	True	415586	416762	left	(800, 450)	testing
10	xy	f	19	1	diamond	green	dif	(800, 282)	(632, 450)	vert	up	True	418279	419370	up	(800, 450)	testing
10	xy	f	19	1	circle	none	dif	N_dis	(632, 450)	vert	up	True	420931	421754	up	(800, 450)	testing
10	xy	f	19	1	circle	red	dif	(800, 282)	(800, 618)	hori	left	True	423292	424570	left	(800, 450)	testing
10	xy	f	19	1	diamond	red	dif	(800, 282)	(800, 618)	vert	up	True	426188	427034	up	(800, 450)	testing
10	xy	f	19	1	diamond	none	same	N_dis	(632, 450)	vert	up	True	428395	429434	up	(800, 450)	testing
10	xy	f	19	1	circle	green	dif	(968, 450)	(800, 282)	vert	up	True	430886	432890	up	(800, 450)	testing
10	xy	f	19	1	circle	green	dif	(800, 618)	(800, 282)	vert	up	True	434329	435818	up	(800, 450)	testing
10	xy	f	19	1	circle	green	dif	(800, 282)	(968, 450)	vert	up	True	437341	438250	up	(800, 450)	testing
10	xy	f	19	1	diamond	red	dif	(800, 282)	(800, 618)	hori	left	True	439822	440586	left	(800, 450)	testing
10	xy	f	19	1	circle	green	same	(632, 450)	(800, 282)	hori	left	True	442081	443466	left	(800, 450)	testing
10	xy	f	19	1	circle	red	same	(800, 618)	(800, 282)	hori	left	True	444990	446042	left	(800, 450)	testing
10	xy	f	19	1	diamond	green	same	(968, 450)	(632, 450)	vert	up	True	447452	448410	up	(800, 450)	testing
10	xy	f	19	1	diamond	none	dif	N_dis	(800, 282)	vert	up	True	449775	450906	up	(800, 450)	testing
10	xy	f	19	1	diamond	red	same	(632, 450)	(968, 450)	vert	up	True	452391	453226	up	(800, 450)	testing
10	xy	f	19	1	diamond	green	same	(800, 282)	(632, 450)	hori	left	True	454605	455738	left	(800, 450)	testing
10	xy	f	19	1	circle	green	same	(800, 282)	(968, 450)	hori	left	True	457380	458250	left	(800, 450)	testing
10	xy	f	19	1	circle	green	dif	(800, 618)	(968, 450)	vert	up	True	459737	460890	up	(800, 450)	testing
10	xy	f	19	1	circle	red	dif	(800, 282)	(800, 618)	vert	up	True	462270	463002	up	(800, 450)	testing
10	xy	f	19	1	circle	none	dif	N_dis	(632, 450)	vert	up	True	464631	465450	up	(800, 450)	testing
10	xy	f	19	1	diamond	green	same	(968, 450)	(632, 450)	vert	up	True	467063	467866	up	(800, 450)	testing
10	xy	f	19	1	circle	green	same	(800, 618)	(800, 282)	hori	left	True	469364	470682	left	(800, 450)	testing
10	xy	f	19	1	diamond	none	same	N_dis	(800, 618)	vert	up	True	472142	473306	up	(800, 450)	testing
10	xy	f	19	1	circle	green	dif	(800, 618)	(632, 450)	vert	up	True	474681	475722	up	(800, 450)	testing
10	xy	f	19	1	diamond	green	same	(968, 450)	(800, 618)	vert	up	True	477284	478762	up	(800, 450)	testing
10	xy	f	19	1	diamond	red	dif	(800, 282)	(800, 618)	hori	left	True	480303	482778	left	(800, 450)	testing
10	xy	f	19	1	diamond	none	same	N_dis	(632, 450)	hori	left	True	484418	485274	left	(800, 450)	testing
10	xy	f	19	1	circle	none	dif	N_dis	(800, 282)	vert	up	True	486626	487754	up	(800, 450)	testing
10	xy	f	19	1	diamond	green	same	(968, 450)	(800, 618)	hori	left	True	489265	490442	left	(800, 450)	testing
10	xy	f	19	1	diamond	red	same	(800, 282)	(632, 450)	hori	left	True	492084	493050	left	(800, 450)	testing
10	xy	f	19	1	circle	red	same	(632, 450)	(800, 618)	vert	up	True	494528	495722	up	(800, 450)	testing
10	xy	f	19	1	circle	green	same	(800, 282)	(632, 450)	vert	up	True	497349	498698	left	(800, 450)	testing
10	xy	f	19	1	diamond	green	dif	(800, 282)	(968, 450)	hori	left	True	501839	503354	left	(800, 450)	testing
10	xy	f	19	1	circle	green	same	(968, 450)	(800, 282)	hori	left	True	504900	505978	left	(800, 450)	testing
10	xy	f	19	1	circle	none	dif	N_dis	(968, 450)	hori	left	True	507494	508234	left	(800, 450)	testing
10	xy	f	19	1	circle	none	dif	N_dis	(968, 450)	hori	left	True	509795	510522	left	(800, 450)	testing
10	xy	f	19	1	circle	none	same	N_dis	(800, 282)	vert	up	True	511901	513306	up	(800, 450)	testing
10	xy	f	19	1	diamond	red	dif	(800, 282)	(800, 618)	hori	left	True	514888	515738	left	(800, 450)	testing
10	xy	f	19	1	diamond	red	same	(800, 282)	(968, 450)	vert	up	True	517390	518442	up	(800, 450)	testing
10	xy	f	19	1	diamond	red	dif	(632, 450)	(800, 618)	vert	up	True	519812	520810	up	(800, 450)	testing
10	xy	f	19	1	circle	red	dif	(800, 282)	(632, 450)	hori	left	True	522283	523194	left	(800, 450)	testing
10	xy	f	19	1	circle	red	same	(968, 450)	(632, 450)	hori	left	True	524709	525514	left	(800, 450)	testing
10	xy	f	19	1	circle	none	dif	N_dis	(800, 618)	hori	left	True	527026	527818	left	(800, 450)	testing
10	xy	f	19	1	diamond	red	same	(632, 450)	(800, 618)	vert	up	True	529293	530970	up	(800, 450)	testing
10	xy	f	19	1	diamond	green	dif	(800, 282)	(632, 450)	hori	left	True	532528	533402	left	(800, 450)	testing
10	xy	f	19	1	circle	none	same	N_dis	(800, 282)	vert	up	True	534790	535642	up	(800, 450)	testing
10	xy	f	19	1	diamond	none	dif	N_dis	(632, 450)	hori	left	True	537168	538154	left	(800, 450)	testing
10	xy	f	19	1	circle	none	dif	N_dis	(632, 450)	vert	up	True	539767	540586	up	(800, 450)	testing
10	xy	f	19	1	diamond	green	dif	(800, 282)	(800, 618)	vert	up	True	542188	543466	up	(800, 450)	testing
10	xy	f	19	1	circle	red	dif	(800, 618)	(632, 450)	hori	left	True	544994	545882	left	(800, 450)	testing
10	xy	f	19	1	circle	green	same	(800, 618)	(632, 450)	hori	left	True	547314	548154	left	(800, 450)	testing
10	xy	f	19	1	circle	red	dif	(800, 618)	(800, 282)	vert	up	True	549594	550714	up	(800, 450)	testing
10	xy	f	19	1	circle	none	same	N_dis	(968, 450)	hori	left	True	552107	552890	left	(800, 450)	testing
10	xy	f	19	1	circle	none	dif	N_dis	(800, 282)	hori	left	True	554366	555082	left	(800, 450)	testing
10	xy	f	19	1	circle	none	dif	N_dis	(800, 618)	vert	up	True	556449	557338	up	(800, 450)	testing
10	xy	f	19	1	diamond	none	same	N_dis	(968, 450)	hori	left	True	558759	560170	left	(800, 450)	testing
10	xy	f	19	1	diamond	red	dif	(632, 450)	(800, 282)	hori	left	True	561563	562794	left	(800, 450)	testing
10	xy	f	19	1	diamond	red	dif	(800, 282)	(800, 618)	hori	left	True	564355	565306	left	(800, 450)	testing
10	xy	f	19	1	circle	red	same	(632, 450)	(800, 618)	hori	left	True	566852	567818	left	(800, 450)	testing
10	xy	f	19	1	circle	none	same	N_dis	(800, 618)	vert	up	True	569316	570138	up	(800, 450)	testing
10	xy	f	19	1	diamond	green	dif	(800, 618)	(968, 450)	vert	up	True	571699	572922	up	(800, 450)	testing
10	xy	f	19	1	circle	green	same	(800, 282)	(632, 450)	vert	up	True	574436	575562	up	(800, 450)	testing
10	xy	f	19	1	circle	green	dif	(800, 282)	(968, 450)	hori	left	True	576968	578266	left	(800, 450)	testing
10	xy	f	19	1	circle	green	dif	(632, 450)	(800, 618)	vert	up	True	579849	580634	up	(800, 450)	testing
10	xy	f	19	1	circle	none	dif	N_dis	(632, 450)	hori	left	True	582109	582794	left	(800, 450)	testing
10	xy	f	19	1	circle	none	same	N_dis	(968, 450)	hori	left	True	584370	585274	left	(800, 450)	testing
10	xy	f	19	1	diamond	red	dif	(632, 450)	(800, 282)	hori	left	True	586746	587930	left	(800, 450)	testing
10	xy	f	19	1	diamond	red	same	(968, 450)	(632, 450)	vert	up	True	589361	590458	up	(800, 450)	testing
10	xy	f	19	1	diamond	red	same	(800, 618)	(632, 450)	hori	left	True	592096	593066	left	(800, 450)	testing
10	xy	f	19	1	diamond	none	dif	N_dis	(800, 282)	vert	up	True	594506	596602	up	(800, 450)	testing
10	xy	f	19	1	diamond	red	dif	(800, 282)	(968, 450)	hori	left	True	598091	599290	left	(800, 450)	testing
10	xy	f	19	1	diamond	green	dif	(800, 618)	(632, 450)	vert	up	True	600866	601898	up	(800, 450)	testing
10	xy	f	19	1	diamond	green	same	(800, 282)	(800, 618)	hori	left	True	603371	604410	left	(800, 450)	testing
10	xy	f	19	1	circle	green	dif	(800, 282)	(632, 450)	vert	up	True	606056	606890	up	(800, 450)	testing
10	xy	f	19	1	diamond	none	same	N_dis	(968, 450)	hori	left	True	608287	609594	left	(800, 450)	testing
10	xy	f	19	1	circle	green	dif	(968, 450)	(632, 450)	hori	left	True	611137	612138	up	(800, 450)	testing
10	xy	f	19	1	diamond	none	same	N_dis	(800, 618)	hori	left	True	615077	615786	left	(800, 450)	testing
10	xy	f	19	1	circle	green	same	(800, 282)	(968, 450)	vert	up	True	617355	618298	up	(800, 450)	testing
10	xy	f	19	1	diamond	red	same	(800, 282)	(800, 618)	vert	up	True	619945	621130	up	(800, 450)	testing
10	xy	f	19	1	diamond	red	dif	(968, 450)	(800, 282)	vert	up	True	622690	623738	up	(800, 450)	testing
10	xy	f	19	1	diamond	none	same	N_dis	(800, 618)	hori	left	True	625333	626346	left	(800, 450)	testing
10	xy	f	19	1	diamond	green	dif	(968, 450)	(800, 282)	vert	up	True	627776	629210	up	(800, 450)	testing
10	xy	f	19	1	diamond	green	dif	(800, 282)	(632, 450)	hori	left	True	630563	631338	left	(800, 450)	testing
10	xy	f	19	1	circle	none	dif	N_dis	(800, 282)	hori	left	True	632714	634330	left	(800, 450)	testing
10	xy	f	19	1	circle	none	dif	N_dis	(800, 618)	hori	left	True	635831	637018	left	(800, 450)	testing
10	xy	f	19	1	diamond	red	dif	(632, 450)	(800, 618)	vert	up	True	638633	639578	up	(800, 450)	testing
10	xy	f	19	1	circle	red	same	(800, 282)	(968, 450)	hori	left	True	641006	642138	left	(800, 450)	testing
10	xy	f	19	1	circle	green	dif	(800, 282)	(632, 450)	hori	left	True	643629	644426	left	(800, 450)	testing
10	xy	f	19	1	circle	red	same	(632, 450)	(800, 282)	hori	left	True	646035	646922	left	(800, 450)	testing
10	xy	f	19	1	circle	none	same	N_dis	(800, 282)	hori	left	True	648311	650202	left	(800, 450)	testing
10	xy	f	19	1	circle	none	dif	N_dis	(800, 282)	hori	left	True	651561	652506	left	(800, 450)	testing
10	xy	f	19	1	diamond	green	same	(800, 282)	(632, 450)	vert	up	True	654068	655034	up	(800, 450)	testing
10	xy	f	19	1	diamond	none	dif	N_dis	(968, 450)	hori	left	True	656549	657594	left	(800, 450)	testing
10	xy	f	19	1	circle	red	same	(800, 618)	(800, 282)	vert	up	True	658997	659946	up	(800, 450)	testing
10	xy	f	19	1	circle	none	dif	N_dis	(968, 450)	vert	up	True	661398	662570	up	(800, 450)	testing
10	xy	f	19	1	diamond	none	same	N_dis	(800, 618)	vert	up	True	663997	664922	up	(800, 450)	testing
10	xy	f	19	1	diamond	red	same	(800, 618)	(632, 450)	hori	left	True	666353	667962	left	(800, 450)	testing
10	xy	f	19	1	circle	none	dif	N_dis	(800, 282)	hori	left	True	669546	670394	left	(800, 450)	testing
10	xy	f	19	1	circle	red	same	(800, 282)	(968, 450)	vert	up	True	671902	672778	up	(800, 450)	testing
10	xy	f	19	1	circle	red	same	(632, 450)	(968, 450)	vert	up	True	674249	675306	up	(800, 450)	testing
10	xy	f	19	1	diamond	red	dif	(800, 282)	(632, 450)	vert	up	True	676913	678874	up	(800, 450)	testing
10	xy	f	19	1	circle	green	dif	(800, 282)	(800, 618)	vert	up	True	680418	681370	left	(800, 450)	testing
10	xy	f	19	1	circle	none	same	N_dis	(632, 450)	vert	up	True	684523	685594	up	(800, 450)	testing
10	xy	f	19	1	circle	none	same	N_dis	(968, 450)	vert	up	True	686989	688074	up	(800, 450)	testing
10	xy	f	19	1	diamond	none	same	N_dis	(800, 618)	hori	left	True	689625	690442	left	(800, 450)	testing
10	xy	f	19	1	diamond	none	same	N_dis	(968, 450)	vert	up	True	692010	693098	up	(800, 450)	testing
10	xy	f	19	1	circle	green	same	(800, 282)	(800, 618)	hori	left	True	694643	695530	left	(800, 450)	testing
10	xy	f	19	1	diamond	green	same	(800, 282)	(800, 618)	hori	left	True	696992	698202	left	(800, 450)	testing
10	xy	f	19	1	circle	green	same	(632, 450)	(800, 618)	vert	up	True	699622	700554	up	(800, 450)	testing
10	xy	f	19	1	diamond	none	same	N_dis	(800, 282)	hori	left	True	701948	702890	left	(800, 450)	testing
10	xy	f	19	1	circle	none	dif	N_dis	(800, 282)	vert	up	True	704344	705162	up	(800, 450)	testing
10	xy	f	19	1	diamond	green	dif	(800, 282)	(632, 450)	vert	up	True	706727	707642	up	(800, 450)	testing
10	xy	f	19	1	diamond	green	same	(632, 450)	(968, 450)	vert	up	True	709043	710026	up	(800, 450)	testing
10	xy	f	19	1	diamond	none	same	N_dis	(800, 282)	hori	left	True	711497	712426	left	(800, 450)	testing
10	xy	f	19	1	circle	none	dif	N_dis	(800, 282)	vert	up	True	714026	714730	up	(800, 450)	testing
10	xy	f	19	1	diamond	none	same	N_dis	(968, 450)	vert	up	True	716240	717322	up	(800, 450)	testing
10	xy	f	19	1	diamond	red	same	(968, 450)	(632, 450)	hori	left	True	718915	719690	left	(800, 450)	testing
10	xy	f	19	1	diamond	green	same	(632, 450)	(800, 618)	vert	up	True	721164	722682	up	(800, 450)	testing
10	xy	f	19	1	diamond	green	dif	(800, 282)	(632, 450)	vert	up	True	724246	725290	up	(800, 450)	testing
10	xy	f	19	1	circle	none	dif	N_dis	(968, 450)	hori	left	True	726860	727914	left	(800, 450)	testing
10	xy	f	19	1	diamond	none	dif	N_dis	(800, 618)	vert	up	True	729435	730458	up	(800, 450)	testing
10	xy	f	19	1	diamond	green	same	(800, 282)	(800, 618)	hori	left	True	731910	732762	left	(800, 450)	testing
10	xy	f	19	1	diamond	none	same	N_dis	(968, 450)	hori	left	True	734364	735178	left	(800, 450)	testing
10	xy	f	19	1	circle	none	dif	N_dis	(968, 450)	vert	up	True	736555	737322	up	(800, 450)	testing
10	xy	f	19	1	diamond	red	dif	(800, 282)	(968, 450)	vert	up	True	738824	740058	up	(800, 450)	testing
10	xy	f	19	1	diamond	green	same	(800, 618)	(800, 282)	vert	up	True	741591	742490	up	(800, 450)	testing
10	xy	f	19	1	circle	red	dif	(800, 618)	(968, 450)	vert	up	True	744059	745098	up	(800, 450)	testing
10	xy	f	19	1	diamond	red	dif	(800, 618)	(800, 282)	hori	left	True	746626	747850	left	(800, 450)	testing
10	xy	f	19	1	diamond	green	dif	(632, 450)	(800, 282)	vert	up	True	749439	750362	up	(800, 450)	testing
10	xy	f	19	1	circle	red	same	(800, 282)	(968, 450)	hori	left	True	751990	753658	left	(800, 450)	testing
10	xy	f	19	1	diamond	none	same	N_dis	(632, 450)	hori	left	True	755188	756122	left	(800, 450)	testing
10	xy	f	19	1	diamond	green	dif	(800, 282)	(968, 450)	vert	up	True	757662	758618	up	(800, 450)	testing
10	xy	f	19	1	circle	green	same	(800, 282)	(968, 450)	vert	up	True	760148	761210	up	(800, 450)	testing
10	xy	f	19	1	diamond	red	same	(800, 282)	(800, 618)	vert	up	True	762636	763786	up	(800, 450)	testing
10	xy	f	19	1	diamond	green	same	(968, 450)	(800, 618)	hori	left	True	765325	766586	left	(800, 450)	testing
10	xy	f	19	1	diamond	green	same	(800, 282)	(968, 450)	hori	left	True	768025	768970	left	(800, 450)	testing
10	xy	f	19	1	diamond	red	same	(632, 450)	(800, 282)	hori	left	True	770356	771578	left	(800, 450)	testing
10	xy	f	19	1	diamond	green	dif	(968, 450)	(800, 618)	hori	left	True	772950	773930	left	(800, 450)	testing
10	xy	f	19	1	diamond	red	same	(632, 450)	(800, 282)	hori	left	True	775520	776266	left	(800, 450)	testing
10	xy	f	19	1	circle	red	same	(632, 450)	(800, 282)	vert	up	True	777885	778826	up	(800, 450)	testing
10	xy	f	19	1	diamond	none	same	N_dis	(632, 450)	hori	left	True	780195	781146	left	(800, 450)	testing
10	xy	f	19	1	circle	none	dif	N_dis	(632, 450)	hori	left	True	782792	784234	left	(800, 450)	testing
10	xy	f	19	1	circle	green	same	(632, 450)	(968, 450)	hori	left	True	785820	786842	left	(800, 450)	testing
10	xy	f	19	1	circle	red	dif	(800, 282)	(968, 450)	hori	left	True	788218	789178	left	(800, 450)	testing
10	xy	f	19	1	circle	red	dif	(800, 282)	(968, 450)	hori	left	True	790629	791626	left	(800, 450)	testing
10	xy	f	19	1	circle	red	dif	(800, 282)	(800, 618)	hori	left	True	793109	794042	left	(800, 450)	testing
10	xy	f	19	1	circle	red	dif	(800, 618)	(632, 450)	vert	up	True	795596	796442	up	(800, 450)	testing
10	xy	f	19	1	diamond	none	dif	N_dis	(632, 450)	vert	up	True	797979	799770	up	(800, 450)	testing
10	xy	f	19	1	circle	none	same	N_dis	(800, 618)	vert	up	True	801415	802522	up	(800, 450)	testing
10	xy	f	19	1	diamond	red	same	(800, 282)	(800, 618)	hori	left	True	803930	805290	left	(800, 450)	testing
10	xy	f	19	1	circle	red	dif	(632, 450)	(968, 450)	vert	up	True	806768	807834	up	(800, 450)	testing
10	xy	f	19	1	diamond	red	same	(800, 282)	(632, 450)	hori	left	True	809342	810170	left	(800, 450)	testing
10	xy	f	19	1	circle	red	same	(800, 282)	(800, 618)	vert	up	True	811574	812330	up	(800, 450)	testing
10	xy	f	19	1	diamond	red	dif	(968, 450)	(800, 282)	hori	left	True	813837	814922	left	(800, 450)	testing
10	xy	f	19	1	diamond	red	same	(800, 282)	(968, 450)	hori	left	True	816352	817434	left	(800, 450)	testing
10	xy	f	19	1	diamond	none	same	N_dis	(632, 450)	vert	up	True	819020	819978	up	(800, 450)	testing
10	xy	f	19	1	circle	red	same	(800, 618)	(632, 450)	vert	up	True	821525	822394	up	(800, 450)	testing
10	xy	f	19	1	circle	green	same	(632, 450)	(968, 450)	vert	up	True	823839	824986	up	(800, 450)	testing
10	xy	f	19	1	circle	none	same	N_dis	(800, 282)	vert	up	True	826473	827322	up	(800, 450)	testing
10	xy	f	19	1	circle	none	same	N_dis	(968, 450)	hori	left	True	828945	829658	left	(800, 450)	testing
10	xy	f	19	1	diamond	none	dif	N_dis	(800, 618)	vert	up	True	831257	832138	up	(800, 450)	testing
10	xy	f	19	1	diamond	green	dif	(800, 282)	(632, 450)	hori	left	True	833623	834506	left	(800, 450)	testing
10	xy	f	19	1	diamond	red	same	(632, 450)	(968, 450)	vert	up	True	835868	836618	up	(800, 450)	testing
10	xy	f	19	1	circle	none	dif	N_dis	(800, 282)	vert	up	True	838232	839130	up	(800, 450)	testing
10	xy	f	19	1	diamond	none	dif	N_dis	(800, 282)	hori	left	True	840580	841338	left	(800, 450)	testing
10	xy	f	19	1	diamond	none	same	N_dis	(968, 450)	vert	up	True	842721	843482	up	(800, 450)	testing
10	xy	f	19	1	circle	red	dif	(800, 282)	(632, 450)	hori	left	True	845120	845834	left	(800, 450)	testing
10	xy	f	19	1	circle	red	same	(800, 282)	(632, 450)	hori	left	True	847419	848058	left	(800, 450)	testing
10	xy	f	19	1	circle	green	dif	(800, 282)	(968, 450)	vert	up	True	849432	850074	up	(800, 450)	testing
10	xy	f	19	1	diamond	none	same	N_dis	(800, 618)	vert	up	True	851686	852490	up	(800, 450)	testing
10	xy	f	19	1	diamond	none	dif	N_dis	(800, 618)	hori	left	True	854035	854794	left	(800, 450)	testing
10	xy	f	19	1	circle	red	same	(800, 282)	(800, 618)	vert	up	True	856150	856890	up	(800, 450)	testing
10	xy	f	19	1	circle	none	dif	N_dis	(800, 618)	vert	up	True	858439	859178	up	(800, 450)	testing
10	xy	f	19	1	diamond	green	dif	(968, 450)	(632, 450)	hori	left	True	860774	861450	left	(800, 450)	testing
10	xy	f	19	1	circle	green	same	(800, 282)	(632, 450)	vert	up	True	863046	864346	up	(800, 450)	testing
10	xy	f	19	1	circle	none	same	N_dis	(632, 450)	vert	up	True	865963	866730	up	(800, 450)	testing
10	xy	f	19	1	diamond	red	dif	(968, 450)	(800, 282)	vert	up	True	868243	869146	up	(800, 450)	testing
10	xy	f	19	1	diamond	green	dif	(968, 450)	(800, 282)	vert	up	True	870662	871466	left	(800, 450)	testing
10	xy	f	19	1	diamond	green	same	(800, 618)	(800, 282)	vert	up	True	874379	875418	up	(800, 450)	testing
10	xy	f	19	1	circle	green	same	(800, 282)	(968, 450)	hori	left	True	876962	878346	left	(800, 450)	testing
10	xy	f	19	1	diamond	red	same	(632, 450)	(968, 450)	vert	up	True	879856	880634	up	(800, 450)	testing
10	xy	f	19	1	circle	red	same	(968, 450)	(800, 618)	vert	up	True	882080	883066	up	(800, 450)	testing
10	xy	f	19	1	circle	green	dif	(800, 282)	(968, 450)	vert	up	True	884637	885786	up	(800, 450)	testing
10	xy	f	19	1	circle	red	dif	(632, 450)	(800, 282)	hori	left	True	887272	888346	left	(800, 450)	testing
10	xy	f	19	1	diamond	none	same	N_dis	(800, 618)	vert	up	True	889905	890746	up	(800, 450)	testing
10	xy	f	19	1	diamond	red	dif	(968, 450)	(800, 282)	hori	left	True	892207	893290	left	(800, 450)	testing
10	xy	f	19	1	diamond	red	same	(800, 282)	(632, 450)	hori	left	True	894688	895546	left	(800, 450)	testing
10	xy	f	19	1	circle	green	same	(800, 282)	(800, 618)	vert	up	True	896958	898266	up	(800, 450)	testing
10	xy	f	19	1	circle	none	same	N_dis	(968, 450)	hori	left	True	899689	900634	left	(800, 450)	testing
10	xy	f	19	1	diamond	none	dif	N_dis	(632, 450)	vert	up	True	902052	902890	up	(800, 450)	testing
10	xy	f	19	1	circle	none	same	N_dis	(800, 618)	hori	left	True	904277	905018	left	(800, 450)	testing
10	xy	f	19	1	circle	none	dif	N_dis	(632, 450)	vert	up	True	906554	907450	up	(800, 450)	testing
10	xy	f	19	1	circle	green	same	(800, 282)	(632, 450)	hori	left	True	908994	909834	left	(800, 450)	testing
10	xy	f	19	1	diamond	none	dif	N_dis	(632, 450)	vert	up	True	911228	912234	up	(800, 450)	testing
10	xy	f	19	1	diamond	green	dif	(800, 618)	(968, 450)	hori	left	True	913688	915482	left	(800, 450)	testing
10	xy	f	19	1	circle	none	same	N_dis	(968, 450)	vert	up	True	917101	917818	up	(800, 450)	testing
10	xy	f	19	1	diamond	none	dif	N_dis	(632, 450)	hori	left	True	919325	920474	left	(800, 450)	testing
10	xy	f	19	1	circle	none	same	N_dis	(968, 450)	vert	up	True	922005	922954	up	(800, 450)	testing
10	xy	f	19	1	circle	green	dif	(800, 282)	(632, 450)	hori	left	True	924475	926042	left	(800, 450)	testing
10	xy	f	19	1	diamond	red	dif	(800, 282)	(632, 450)	vert	up	True	927456	929210	up	(800, 450)	testing
10	xy	f	19	1	circle	green	same	(800, 618)	(632, 450)	hori	left	True	930725	932394	left	(800, 450)	testing
10	xy	f	19	1	diamond	none	dif	N_dis	(968, 450)	vert	up	True	933859	934554	up	(800, 450)	testing
10	xy	f	19	1	circle	red	dif	(800, 282)	(800, 618)	vert	up	True	935943	937082	up	(800, 450)	testing
10	xy	f	19	1	diamond	green	same	(968, 450)	(800, 282)	vert	up	True	938619	939562	up	(800, 450)	testing
10	xy	f	19	1	circle	red	dif	(968, 450)	(800, 282)	vert	up	True	940988	942458	up	(800, 450)	testing
10	xy	f	19	1	diamond	red	dif	(800, 282)	(968, 450)	hori	left	True	943847	945194	left	(800, 450)	testing
10	xy	f	19	1	circle	none	same	N_dis	(800, 282)	hori	left	True	946821	947802	left	(800, 450)	testing
10	xy	f	19	1	circle	green	dif	(800, 282)	(800, 618)	vert	up	True	949265	950186	left	(800, 450)	testing
10	xy	f	19	1	circle	red	same	(800, 282)	(968, 450)	vert	up	True	953226	954282	up	(800, 450)	testing
10	xy	f	19	1	circle	green	same	(968, 450)	(800, 618)	hori	left	True	955700	956682	left	(800, 450)	testing
10	xy	f	19	1	diamond	green	same	(800, 282)	(800, 618)	vert	up	True	958193	959866	up	(800, 450)	testing
10	xy	f	19	1	circle	none	same	N_dis	(800, 282)	vert	up	True	961335	962138	up	(800, 450)	testing
10	xy	f	19	1	diamond	green	dif	(632, 450)	(968, 450)	hori	left	True	963506	964362	left	(800, 450)	testing
10	xy	f	19	1	circle	green	dif	(800, 282)	(968, 450)	vert	up	True	965801	966746	up	(800, 450)	testing
10	xy	f	19	1	circle	green	dif	(800, 282)	(632, 450)	vert	up	True	968357	969194	up	(800, 450)	testing
10	xy	f	19	1	diamond	green	same	(800, 282)	(632, 450)	hori	left	True	970842	972170	left	(800, 450)	testing
10	xy	f	19	1	diamond	red	dif	(800, 618)	(800, 282)	hori	left	True	973655	974474	left	(800, 450)	testing
10	xy	f	19	1	diamond	red	same	(968, 450)	(800, 618)	vert	up	True	976024	976954	up	(800, 450)	testing
10	xy	f	19	1	circle	green	same	(968, 450)	(632, 450)	hori	left	True	978453	979242	left	(800, 450)	testing
10	xy	f	19	1	diamond	none	dif	N_dis	(800, 618)	hori	left	True	980847	981738	left	(800, 450)	testing
10	xy	f	19	1	diamond	red	same	(632, 450)	(968, 450)	vert	up	True	983332	984026	up	(800, 450)	testing
10	xy	f	19	1	diamond	none	dif	N_dis	(800, 282)	hori	left	True	985462	986250	left	(800, 450)	testing
10	xy	f	19	1	circle	red	dif	(968, 450)	(800, 618)	hori	left	True	987808	988650	left	(800, 450)	testing
10	xy	f	19	1	circle	red	same	(800, 618)	(968, 450)	vert	up	True	990059	990810	up	(800, 450)	testing
10	xy	f	19	1	circle	red	dif	(800, 282)	(968, 450)	hori	left	True	992293	993082	left	(800, 450)	testing
