subj	name	gender	age	runNum	shape	dist	td_dif	d_loc	t_loc	resp	resp_key	gotKey	startTime	respTime	resp	fix_loc	prac
11	ly	f	19	2	diamond	green	same	(800, 282)	(632, 450)	vert	up	True	10435	12460	up	(800, 450)	testing
11	ly	f	19	2	circle	green	dif	(968, 450)	(800, 618)	hori	left	True	14074	15821	left	(800, 450)	testing
11	ly	f	19	2	diamond	red	same	(968, 450)	(800, 282)	hori	left	True	17208	19116	left	(800, 450)	testing
11	ly	f	19	2	circle	green	dif	(968, 450)	(632, 450)	vert	up	True	20659	21965	up	(800, 450)	testing
11	ly	f	19	2	diamond	green	dif	(800, 618)	(632, 450)	hori	left	True	23541	24925	left	(800, 450)	testing
11	ly	f	19	2	diamond	red	same	(800, 282)	(968, 450)	hori	left	True	26445	27532	left	(800, 450)	testing
11	ly	f	19	2	diamond	red	same	(800, 618)	(968, 450)	vert	up	True	28909	30524	up	(800, 450)	testing
11	ly	f	19	2	circle	none	dif	N_dis	(968, 450)	hori	left	True	31984	32877	left	(800, 450)	testing
11	ly	f	19	2	diamond	none	dif	N_dis	(968, 450)	hori	left	True	34463	35356	left	(800, 450)	testing
11	ly	f	19	2	circle	red	dif	(800, 618)	(632, 450)	vert	up	True	37014	38044	up	(800, 450)	testing
11	ly	f	19	2	circle	green	same	(632, 450)	(968, 450)	hori	left	True	39655	41645	left	(800, 450)	testing
11	ly	f	19	2	circle	green	dif	(800, 282)	(632, 450)	hori	left	True	43165	44428	left	(800, 450)	testing
11	ly	f	19	2	diamond	red	dif	(800, 618)	(632, 450)	hori	left	True	46002	47981	left	(800, 450)	testing
11	ly	f	19	2	circle	red	dif	(968, 450)	(632, 450)	hori	left	True	49475	50861	left	(800, 450)	testing
11	ly	f	19	2	circle	red	same	(800, 618)	(800, 282)	vert	up	True	52251	53164	up	(800, 450)	testing
11	ly	f	19	2	circle	red	dif	(968, 450)	(800, 618)	hori	left	True	54813	55885	left	(800, 450)	testing
11	ly	f	19	2	circle	red	dif	(800, 282)	(800, 618)	vert	up	True	57447	58653	up	(800, 450)	testing
11	ly	f	19	2	circle	none	same	N_dis	(632, 450)	hori	left	True	60250	61805	left	(800, 450)	testing
11	ly	f	19	2	circle	green	dif	(632, 450)	(800, 282)	vert	up	True	63324	64637	up	(800, 450)	testing
11	ly	f	19	2	diamond	none	dif	N_dis	(632, 450)	hori	left	True	66225	67276	left	(800, 450)	testing
11	ly	f	19	2	circle	red	same	(800, 282)	(968, 450)	hori	left	True	68871	69901	left	(800, 450)	testing
11	ly	f	19	2	diamond	green	dif	(800, 282)	(632, 450)	vert	up	True	71566	72989	up	(800, 450)	testing
11	ly	f	19	2	circle	none	same	N_dis	(800, 282)	hori	left	True	74482	75548	left	(800, 450)	testing
11	ly	f	19	2	diamond	red	dif	(800, 282)	(800, 618)	hori	left	True	77104	78444	left	(800, 450)	testing
11	ly	f	19	2	diamond	none	dif	N_dis	(800, 618)	vert	up	True	79959	81228	up	(800, 450)	testing
11	ly	f	19	2	diamond	green	same	(968, 450)	(800, 282)	hori	left	True	82612	84284	left	(800, 450)	testing
11	ly	f	19	2	diamond	none	same	N_dis	(800, 282)	vert	up	True	85674	87388	up	(800, 450)	testing
11	ly	f	19	2	diamond	red	dif	(800, 282)	(800, 618)	vert	up	True	88965	90957	up	(800, 450)	testing
11	ly	f	19	2	diamond	none	same	N_dis	(968, 450)	hori	left	True	92545	93725	left	(800, 450)	testing
11	ly	f	19	2	circle	green	same	(800, 282)	(800, 618)	hori	left	True	95310	96236	left	(800, 450)	testing
11	ly	f	19	2	circle	none	dif	N_dis	(800, 282)	hori	left	True	97615	98476	left	(800, 450)	testing
11	ly	f	19	2	circle	none	dif	N_dis	(632, 450)	vert	up	True	99953	101020	up	(800, 450)	testing
11	ly	f	19	2	circle	red	same	(968, 450)	(800, 618)	vert	up	True	102682	103821	up	(800, 450)	testing
11	ly	f	19	2	circle	green	dif	(968, 450)	(800, 618)	hori	left	True	105258	106236	left	(800, 450)	testing
11	ly	f	19	2	circle	none	dif	N_dis	(800, 282)	vert	up	True	107883	108701	up	(800, 450)	testing
11	ly	f	19	2	diamond	green	same	(800, 618)	(800, 282)	vert	up	True	110255	111436	up	(800, 450)	testing
11	ly	f	19	2	diamond	green	dif	(800, 618)	(968, 450)	hori	left	True	112823	113693	left	(800, 450)	testing
11	ly	f	19	2	circle	none	dif	N_dis	(800, 618)	vert	up	True	115275	116508	up	(800, 450)	testing
11	ly	f	19	2	diamond	none	same	N_dis	(800, 618)	hori	left	True	117966	118845	left	(800, 450)	testing
11	ly	f	19	2	circle	none	dif	N_dis	(800, 282)	vert	up	True	120372	121837	left	(800, 450)	testing
11	ly	f	19	2	circle	red	same	(800, 282)	(632, 450)	hori	left	True	124804	125885	left	(800, 450)	testing
11	ly	f	19	2	diamond	red	dif	(800, 282)	(632, 450)	vert	up	True	127346	128300	up	(800, 450)	testing
11	ly	f	19	2	circle	red	dif	(800, 282)	(968, 450)	vert	up	True	129909	130973	up	(800, 450)	testing
11	ly	f	19	2	diamond	red	same	(800, 618)	(968, 450)	vert	up	True	132593	134364	up	(800, 450)	testing
11	ly	f	19	2	diamond	green	same	(800, 618)	(968, 450)	hori	left	True	135898	137020	left	(800, 450)	testing
11	ly	f	19	2	diamond	green	dif	(632, 450)	(800, 618)	vert	up	True	138568	139693	left	(800, 450)	testing
11	ly	f	19	2	diamond	none	same	N_dis	(800, 282)	vert	up	True	142636	143709	up	(800, 450)	testing
11	ly	f	19	2	circle	green	same	(800, 618)	(968, 450)	hori	left	True	145327	146989	left	(800, 450)	testing
11	ly	f	19	2	diamond	red	dif	(800, 282)	(632, 450)	vert	up	True	148408	149500	up	(800, 450)	testing
11	ly	f	19	2	circle	green	same	(800, 618)	(800, 282)	vert	up	True	151061	152092	up	(800, 450)	testing
11	ly	f	19	2	circle	none	same	N_dis	(800, 282)	vert	up	True	153474	154380	up	(800, 450)	testing
11	ly	f	19	2	circle	none	dif	N_dis	(800, 618)	hori	left	True	156000	156941	left	(800, 450)	testing
11	ly	f	19	2	diamond	green	dif	(968, 450)	(800, 618)	hori	left	True	158433	161164	left	(800, 450)	testing
11	ly	f	19	2	circle	red	dif	(800, 618)	(968, 450)	hori	left	True	162614	164076	left	(800, 450)	testing
11	ly	f	19	2	circle	red	dif	(968, 450)	(800, 282)	hori	left	True	165457	166460	left	(800, 450)	testing
11	ly	f	19	2	circle	green	dif	(968, 450)	(800, 282)	vert	up	True	167875	169132	up	(800, 450)	testing
11	ly	f	19	2	circle	none	same	N_dis	(800, 618)	vert	up	True	170800	171853	left	(800, 450)	testing
11	ly	f	19	2	circle	none	same	N_dis	(800, 618)	hori	left	True	174816	175965	left	(800, 450)	testing
11	ly	f	19	2	diamond	red	dif	(968, 450)	(800, 282)	hori	left	True	177424	178941	left	(800, 450)	testing
11	ly	f	19	2	circle	green	dif	(800, 282)	(800, 618)	vert	up	True	180425	181837	up	(800, 450)	testing
11	ly	f	19	2	diamond	green	same	(968, 450)	(632, 450)	hori	left	True	183503	185116	left	(800, 450)	testing
11	ly	f	19	2	diamond	none	same	N_dis	(632, 450)	vert	up	True	186665	187997	up	(800, 450)	testing
11	ly	f	19	2	diamond	none	same	N_dis	(632, 450)	vert	up	True	189566	190829	up	(800, 450)	testing
11	ly	f	19	2	diamond	red	dif	(968, 450)	(632, 450)	vert	up	True	192446	193677	up	(800, 450)	testing
11	ly	f	19	2	diamond	none	dif	N_dis	(800, 282)	vert	up	True	195088	196284	up	(800, 450)	testing
11	ly	f	19	2	diamond	red	same	(968, 450)	(632, 450)	vert	up	True	197690	198749	up	(800, 450)	testing
11	ly	f	19	2	circle	red	same	(968, 450)	(800, 282)	vert	up	True	200344	201564	up	(800, 450)	testing
11	ly	f	19	2	circle	green	same	(800, 282)	(968, 450)	hori	left	True	203184	205068	left	(800, 450)	testing
11	ly	f	19	2	circle	red	dif	(800, 618)	(968, 450)	vert	up	True	206476	207901	up	(800, 450)	testing
11	ly	f	19	2	circle	none	same	N_dis	(800, 618)	vert	up	True	209345	211292	up	(800, 450)	testing
11	ly	f	19	2	diamond	none	dif	N_dis	(632, 450)	vert	up	True	212917	215500	up	(800, 450)	testing
11	ly	f	19	2	circle	none	dif	N_dis	(632, 450)	hori	left	True	217170	218556	left	(800, 450)	testing
11	ly	f	19	2	diamond	green	dif	(800, 618)	(632, 450)	vert	up	True	220033	222076	up	(800, 450)	testing
11	ly	f	19	2	circle	green	dif	(968, 450)	(800, 282)	vert	up	True	223492	225420	up	(800, 450)	testing
11	ly	f	19	2	circle	none	dif	N_dis	(800, 618)	vert	up	True	226869	228621	up	(800, 450)	testing
11	ly	f	19	2	circle	red	dif	(800, 618)	(968, 450)	vert	up	True	230057	232556	up	(800, 450)	testing
11	ly	f	19	2	circle	none	dif	N_dis	(800, 282)	vert	up	True	234072	235164	up	(800, 450)	testing
11	ly	f	19	2	circle	green	dif	(800, 282)	(632, 450)	vert	up	True	236656	237981	up	(800, 450)	testing
11	ly	f	19	2	circle	red	dif	(800, 282)	(968, 450)	vert	up	True	239474	240925	up	(800, 450)	testing
11	ly	f	19	2	diamond	red	dif	(800, 282)	(800, 618)	hori	left	True	242428	244156	left	(800, 450)	testing
11	ly	f	19	2	circle	red	same	(800, 282)	(632, 450)	hori	left	True	245662	247789	left	(800, 450)	testing
11	ly	f	19	2	circle	red	same	(800, 618)	(968, 450)	vert	up	True	249428	250444	up	(800, 450)	testing
11	ly	f	19	2	circle	none	dif	N_dis	(968, 450)	hori	left	True	252045	253260	left	(800, 450)	testing
11	ly	f	19	2	diamond	red	same	(968, 450)	(800, 282)	vert	up	True	254757	256364	up	(800, 450)	testing
11	ly	f	19	2	diamond	red	same	(800, 618)	(632, 450)	hori	left	True	257838	259340	left	(800, 450)	testing
11	ly	f	19	2	circle	red	dif	(800, 618)	(968, 450)	vert	up	True	260732	261981	up	(800, 450)	testing
11	ly	f	19	2	diamond	green	dif	(800, 618)	(968, 450)	vert	up	True	263536	265132	up	(800, 450)	testing
11	ly	f	19	2	diamond	red	dif	(968, 450)	(800, 282)	vert	up	True	266769	268012	up	(800, 450)	testing
11	ly	f	19	2	circle	red	same	(800, 618)	(632, 450)	hori	left	True	269432	270685	left	(800, 450)	testing
11	ly	f	19	2	circle	green	dif	(800, 282)	(800, 618)	vert	up	True	272324	273837	up	(800, 450)	testing
11	ly	f	19	2	diamond	green	dif	(800, 618)	(632, 450)	hori	left	True	275352	277068	left	(800, 450)	testing
11	ly	f	19	2	diamond	green	dif	(968, 450)	(800, 282)	hori	left	True	278529	279741	left	(800, 450)	testing
11	ly	f	19	2	diamond	red	same	(800, 618)	(800, 282)	hori	left	True	281240	283212	up	(800, 450)	testing
11	ly	f	19	2	diamond	green	dif	(800, 618)	(800, 282)	vert	up	True	286378	287997	up	(800, 450)	testing
11	ly	f	19	2	diamond	red	dif	(800, 282)	(800, 618)	hori	left	True	289635	290701	left	(800, 450)	testing
11	ly	f	19	2	circle	none	same	N_dis	(968, 450)	hori	left	True	292365	293196	left	(800, 450)	testing
11	ly	f	19	2	diamond	green	dif	(968, 450)	(800, 618)	hori	left	True	294627	296348	left	(800, 450)	testing
11	ly	f	19	2	diamond	red	dif	(800, 282)	(968, 450)	hori	left	True	297888	298829	left	(800, 450)	testing
11	ly	f	19	2	diamond	green	dif	(968, 450)	(800, 282)	vert	up	True	300348	301532	up	(800, 450)	testing
11	ly	f	19	2	diamond	none	same	N_dis	(800, 282)	vert	up	True	303013	304140	up	(800, 450)	testing
11	ly	f	19	2	circle	none	same	N_dis	(632, 450)	hori	left	True	305689	306925	left	(800, 450)	testing
11	ly	f	19	2	diamond	green	same	(800, 618)	(800, 282)	vert	up	True	308429	310845	up	(800, 450)	testing
11	ly	f	19	2	circle	none	dif	N_dis	(968, 450)	hori	left	True	312453	313308	left	(800, 450)	testing
11	ly	f	19	2	circle	green	dif	(800, 282)	(800, 618)	hori	left	True	314723	315869	left	(800, 450)	testing
11	ly	f	19	2	circle	green	same	(968, 450)	(632, 450)	vert	up	True	317523	319084	up	(800, 450)	testing
11	ly	f	19	2	circle	red	same	(968, 450)	(632, 450)	hori	left	True	320628	322540	left	(800, 450)	testing
11	ly	f	19	2	diamond	green	same	(968, 450)	(800, 618)	vert	up	True	324032	326685	up	(800, 450)	testing
11	ly	f	19	2	diamond	red	same	(968, 450)	(632, 450)	hori	left	True	328258	329837	left	(800, 450)	testing
11	ly	f	19	2	diamond	red	same	(800, 282)	(968, 450)	vert	up	True	331472	333084	up	(800, 450)	testing
11	ly	f	19	2	circle	red	same	(800, 282)	(800, 618)	hori	left	True	334718	336380	left	(800, 450)	testing
11	ly	f	19	2	circle	green	same	(632, 450)	(800, 618)	vert	up	True	337887	340637	up	(800, 450)	testing
11	ly	f	19	2	circle	red	dif	(632, 450)	(800, 282)	vert	up	True	342105	343965	up	(800, 450)	testing
11	ly	f	19	2	circle	green	dif	(800, 618)	(968, 450)	hori	left	True	345385	347436	left	(800, 450)	testing
11	ly	f	19	2	diamond	red	dif	(800, 282)	(632, 450)	hori	left	True	348855	351228	left	(800, 450)	testing
11	ly	f	19	2	circle	none	same	N_dis	(800, 618)	hori	left	False	352624	None	None	(800, 450)	testing
11	ly	f	19	2	diamond	none	dif	N_dis	(632, 450)	hori	left	True	358701	360909	left	(800, 450)	testing
11	ly	f	19	2	diamond	green	same	(800, 282)	(968, 450)	vert	up	True	362560	363677	up	(800, 450)	testing
11	ly	f	19	2	circle	green	same	(800, 618)	(800, 282)	hori	left	True	365236	366476	left	(800, 450)	testing
11	ly	f	19	2	diamond	red	same	(800, 618)	(800, 282)	hori	left	True	367966	369789	left	(800, 450)	testing
11	ly	f	19	2	diamond	green	dif	(800, 282)	(800, 618)	vert	up	True	371300	372765	up	(800, 450)	testing
11	ly	f	19	2	diamond	green	same	(968, 450)	(800, 618)	vert	up	True	374282	376701	up	(800, 450)	testing
11	ly	f	19	2	diamond	red	dif	(968, 450)	(800, 618)	vert	up	True	378273	379645	up	(800, 450)	testing
11	ly	f	19	2	circle	none	same	N_dis	(968, 450)	vert	up	True	381053	382556	up	(800, 450)	testing
11	ly	f	19	2	circle	green	same	(800, 282)	(800, 618)	vert	up	True	384068	385372	up	(800, 450)	testing
11	ly	f	19	2	circle	green	dif	(968, 450)	(800, 618)	vert	up	True	386979	389132	up	(800, 450)	testing
11	ly	f	19	2	circle	red	same	(968, 450)	(632, 450)	hori	left	True	390580	392637	left	(800, 450)	testing
11	ly	f	19	2	circle	red	same	(800, 618)	(968, 450)	vert	up	True	394210	396172	up	(800, 450)	testing
11	ly	f	19	2	diamond	green	same	(968, 450)	(632, 450)	vert	up	True	397670	399564	up	(800, 450)	testing
11	ly	f	19	2	circle	red	dif	(800, 618)	(632, 450)	vert	up	True	401216	403292	up	(800, 450)	testing
11	ly	f	19	2	diamond	green	dif	(800, 618)	(800, 282)	hori	left	True	404914	406172	left	(800, 450)	testing
11	ly	f	19	2	circle	none	dif	N_dis	(800, 618)	vert	up	True	407606	408717	up	(800, 450)	testing
11	ly	f	19	2	circle	green	same	(968, 450)	(632, 450)	vert	up	True	410345	412076	up	(800, 450)	testing
11	ly	f	19	2	diamond	none	same	N_dis	(968, 450)	vert	up	True	413516	414268	up	(800, 450)	testing
11	ly	f	19	2	circle	none	same	N_dis	(800, 618)	hori	left	True	415868	416701	left	(800, 450)	testing
11	ly	f	19	2	circle	green	dif	(800, 618)	(800, 282)	hori	left	True	418140	418877	left	(800, 450)	testing
11	ly	f	19	2	diamond	red	same	(800, 282)	(800, 618)	vert	up	True	420371	421484	up	(800, 450)	testing
11	ly	f	19	2	diamond	red	same	(800, 618)	(632, 450)	vert	up	True	423039	424108	up	(800, 450)	testing
11	ly	f	19	2	diamond	green	same	(800, 282)	(800, 618)	vert	up	True	425503	426573	up	(800, 450)	testing
11	ly	f	19	2	circle	red	dif	(968, 450)	(800, 282)	vert	up	True	428049	429981	up	(800, 450)	testing
11	ly	f	19	2	diamond	red	same	(800, 282)	(968, 450)	hori	left	True	431600	432909	left	(800, 450)	testing
11	ly	f	19	2	circle	none	dif	N_dis	(800, 282)	vert	up	True	434369	436252	up	(800, 450)	testing
11	ly	f	19	2	circle	red	dif	(968, 450)	(800, 282)	vert	up	True	437746	438989	up	(800, 450)	testing
11	ly	f	19	2	circle	green	dif	(800, 282)	(632, 450)	vert	up	True	440548	441885	up	(800, 450)	testing
11	ly	f	19	2	circle	red	same	(968, 450)	(800, 282)	hori	left	True	443528	444733	left	(800, 450)	testing
11	ly	f	19	2	circle	none	same	N_dis	(968, 450)	hori	left	True	446149	447276	left	(800, 450)	testing
11	ly	f	19	2	diamond	none	same	N_dis	(800, 282)	hori	left	True	448871	449757	left	(800, 450)	testing
11	ly	f	19	2	circle	red	same	(800, 618)	(632, 450)	hori	left	True	451156	452556	left	(800, 450)	testing
11	ly	f	19	2	diamond	none	dif	N_dis	(800, 618)	hori	left	True	454166	455404	left	(800, 450)	testing
11	ly	f	19	2	diamond	none	same	N_dis	(800, 282)	hori	left	True	457005	458925	left	(800, 450)	testing
11	ly	f	19	2	diamond	green	same	(968, 450)	(632, 450)	vert	up	True	460542	461885	up	(800, 450)	testing
11	ly	f	19	2	diamond	none	same	N_dis	(632, 450)	vert	up	True	463348	465148	up	(800, 450)	testing
11	ly	f	19	2	diamond	none	dif	N_dis	(968, 450)	hori	left	True	466740	467693	left	(800, 450)	testing
11	ly	f	19	2	diamond	none	dif	N_dis	(800, 618)	vert	up	True	469137	470412	up	(800, 450)	testing
11	ly	f	19	2	diamond	none	same	N_dis	(800, 618)	hori	left	True	471907	473212	left	(800, 450)	testing
11	ly	f	19	2	diamond	green	same	(800, 618)	(632, 450)	vert	up	True	474804	476012	up	(800, 450)	testing
11	ly	f	19	2	circle	red	dif	(800, 618)	(632, 450)	vert	up	True	477529	478589	up	(800, 450)	testing
11	ly	f	19	2	diamond	green	same	(968, 450)	(800, 618)	hori	left	True	479986	481308	left	(800, 450)	testing
11	ly	f	19	2	circle	red	dif	(968, 450)	(800, 282)	hori	left	True	482764	484156	left	(800, 450)	testing
11	ly	f	19	2	diamond	none	dif	N_dis	(632, 450)	vert	up	True	485700	487388	up	(800, 450)	testing
11	ly	f	19	2	diamond	none	dif	N_dis	(632, 450)	hori	left	True	488795	490412	left	(800, 450)	testing
11	ly	f	19	2	circle	none	same	N_dis	(800, 282)	hori	left	True	492015	493020	left	(800, 450)	testing
11	ly	f	19	2	circle	red	dif	(800, 282)	(632, 450)	hori	left	True	494630	495949	left	(800, 450)	testing
11	ly	f	19	2	diamond	none	same	N_dis	(968, 450)	vert	up	True	497436	498637	up	(800, 450)	testing
11	ly	f	19	2	circle	green	same	(968, 450)	(800, 618)	hori	left	True	500310	501885	left	(800, 450)	testing
11	ly	f	19	2	diamond	red	same	(800, 282)	(632, 450)	hori	left	True	503423	505164	left	(800, 450)	testing
11	ly	f	19	2	circle	green	same	(968, 450)	(632, 450)	hori	left	True	506821	508765	left	(800, 450)	testing
11	ly	f	19	2	diamond	green	same	(968, 450)	(800, 282)	vert	up	True	510413	511837	up	(800, 450)	testing
11	ly	f	19	2	circle	none	same	N_dis	(968, 450)	vert	up	True	513253	514701	up	(800, 450)	testing
11	ly	f	19	2	diamond	green	dif	(968, 450)	(632, 450)	hori	left	True	516149	517917	left	(800, 450)	testing
11	ly	f	19	2	diamond	red	same	(800, 618)	(800, 282)	vert	up	True	519315	520749	up	(800, 450)	testing
11	ly	f	19	2	diamond	red	same	(800, 618)	(968, 450)	vert	up	True	522190	524188	up	(800, 450)	testing
11	ly	f	19	2	diamond	red	dif	(800, 282)	(632, 450)	hori	left	True	525814	527132	left	(800, 450)	testing
11	ly	f	19	2	diamond	green	dif	(800, 282)	(968, 450)	vert	up	True	528616	530428	up	(800, 450)	testing
11	ly	f	19	2	circle	red	dif	(968, 450)	(632, 450)	vert	up	True	532072	533805	up	(800, 450)	testing
11	ly	f	19	2	diamond	green	same	(800, 618)	(632, 450)	vert	up	True	535257	537164	up	(800, 450)	testing
11	ly	f	19	2	circle	green	dif	(968, 450)	(800, 282)	vert	up	True	538732	540637	up	(800, 450)	testing
11	ly	f	19	2	diamond	red	dif	(632, 450)	(968, 450)	hori	left	True	542085	543244	left	(800, 450)	testing
11	ly	f	19	2	circle	red	same	(800, 282)	(632, 450)	hori	left	True	544907	547148	left	(800, 450)	testing
11	ly	f	19	2	diamond	none	dif	N_dis	(800, 618)	vert	up	True	548714	550044	up	(800, 450)	testing
11	ly	f	19	2	circle	none	same	N_dis	(632, 450)	hori	left	True	551530	552893	left	(800, 450)	testing
11	ly	f	19	2	diamond	red	same	(968, 450)	(800, 618)	hori	left	True	554352	555645	left	(800, 450)	testing
11	ly	f	19	2	diamond	none	dif	N_dis	(800, 282)	vert	up	True	557270	558300	up	(800, 450)	testing
11	ly	f	19	2	circle	none	same	N_dis	(800, 282)	hori	left	True	559947	561132	left	(800, 450)	testing
11	ly	f	19	2	circle	red	same	(800, 618)	(800, 282)	vert	up	True	562791	564156	up	(800, 450)	testing
11	ly	f	19	2	diamond	green	same	(800, 618)	(632, 450)	vert	up	True	565764	567036	left	(800, 450)	testing
11	ly	f	19	2	diamond	green	same	(800, 282)	(800, 618)	hori	left	True	569980	571116	left	(800, 450)	testing
11	ly	f	19	2	circle	none	dif	N_dis	(632, 450)	hori	left	True	572528	573821	left	(800, 450)	testing
11	ly	f	19	2	diamond	none	dif	N_dis	(632, 450)	hori	left	True	575292	576605	left	(800, 450)	testing
11	ly	f	19	2	diamond	green	same	(800, 618)	(632, 450)	vert	up	True	578030	579725	up	(800, 450)	testing
11	ly	f	19	2	diamond	red	dif	(968, 450)	(632, 450)	vert	up	True	581116	582156	up	(800, 450)	testing
11	ly	f	19	2	circle	red	dif	(800, 282)	(632, 450)	vert	up	True	583571	584669	up	(800, 450)	testing
11	ly	f	19	2	circle	green	dif	(968, 450)	(800, 282)	vert	up	True	586124	587116	up	(800, 450)	testing
11	ly	f	19	2	diamond	none	same	N_dis	(632, 450)	hori	left	True	588725	589853	left	(800, 450)	testing
11	ly	f	19	2	circle	red	same	(800, 282)	(632, 450)	hori	left	True	591378	592797	left	(800, 450)	testing
11	ly	f	19	2	circle	none	dif	N_dis	(800, 618)	hori	left	True	594379	595468	left	(800, 450)	testing
11	ly	f	19	2	diamond	green	dif	(800, 618)	(800, 282)	hori	left	True	597126	598124	left	(800, 450)	testing
11	ly	f	19	2	diamond	none	dif	N_dis	(800, 618)	vert	up	True	599601	600669	up	(800, 450)	testing
11	ly	f	19	2	circle	red	dif	(800, 618)	(632, 450)	hori	left	True	602187	603597	left	(800, 450)	testing
11	ly	f	19	2	diamond	none	same	N_dis	(800, 618)	vert	up	True	605170	606380	up	(800, 450)	testing
11	ly	f	19	2	diamond	none	dif	N_dis	(800, 618)	vert	up	True	607830	609260	up	(800, 450)	testing
11	ly	f	19	2	circle	green	same	(800, 618)	(968, 450)	vert	up	True	610853	612108	up	(800, 450)	testing
11	ly	f	19	2	diamond	none	dif	N_dis	(800, 618)	vert	up	True	613501	616076	up	(800, 450)	testing
11	ly	f	19	2	circle	none	dif	N_dis	(968, 450)	hori	left	True	617561	618492	left	(800, 450)	testing
11	ly	f	19	2	diamond	none	dif	N_dis	(800, 282)	vert	up	True	619865	621789	up	(800, 450)	testing
11	ly	f	19	2	circle	green	same	(968, 450)	(800, 618)	vert	up	True	623437	625196	up	(800, 450)	testing
11	ly	f	19	2	circle	red	same	(800, 282)	(800, 618)	vert	up	True	626756	628172	up	(800, 450)	testing
11	ly	f	19	2	circle	none	dif	N_dis	(800, 282)	hori	left	True	629630	631420	left	(800, 450)	testing
11	ly	f	19	2	circle	red	dif	(968, 450)	(800, 282)	hori	left	True	632956	634476	left	(800, 450)	testing
11	ly	f	19	2	diamond	red	dif	(800, 282)	(968, 450)	hori	left	True	635942	637164	left	(800, 450)	testing
11	ly	f	19	2	circle	green	dif	(800, 618)	(800, 282)	hori	left	True	638833	640412	left	(800, 450)	testing
11	ly	f	19	2	circle	green	same	(800, 282)	(800, 618)	hori	left	True	641864	643196	left	(800, 450)	testing
11	ly	f	19	2	circle	green	same	(632, 450)	(800, 282)	vert	up	True	644728	645981	up	(800, 450)	testing
11	ly	f	19	2	circle	green	same	(968, 450)	(800, 618)	vert	up	True	647604	648957	up	(800, 450)	testing
11	ly	f	19	2	diamond	none	same	N_dis	(800, 282)	hori	left	True	650594	651965	left	(800, 450)	testing
11	ly	f	19	2	diamond	none	same	N_dis	(968, 450)	hori	left	True	653599	654845	left	(800, 450)	testing
11	ly	f	19	2	circle	red	same	(800, 618)	(800, 282)	hori	left	True	656420	657645	left	(800, 450)	testing
11	ly	f	19	2	diamond	red	same	(800, 282)	(800, 618)	vert	up	True	659157	660332	up	(800, 450)	testing
11	ly	f	19	2	diamond	green	dif	(800, 618)	(968, 450)	hori	left	True	661932	663196	left	(800, 450)	testing
11	ly	f	19	2	circle	red	dif	(800, 618)	(968, 450)	vert	up	True	664710	666028	up	(800, 450)	testing
11	ly	f	19	2	diamond	green	same	(800, 282)	(632, 450)	vert	up	True	667484	669356	up	(800, 450)	testing
11	ly	f	19	2	circle	none	same	N_dis	(800, 282)	vert	up	True	670993	672028	up	(800, 450)	testing
11	ly	f	19	2	circle	green	same	(800, 282)	(800, 618)	vert	up	True	673504	674989	up	(800, 450)	testing
11	ly	f	19	2	circle	none	same	N_dis	(800, 618)	hori	left	True	676657	679068	up	(800, 450)	testing
11	ly	f	19	2	circle	none	same	N_dis	(968, 450)	hori	left	True	682158	683164	left	(800, 450)	testing
11	ly	f	19	2	circle	green	same	(800, 282)	(968, 450)	vert	up	True	684712	686108	up	(800, 450)	testing
11	ly	f	19	2	diamond	none	same	N_dis	(632, 450)	vert	up	True	687646	688845	up	(800, 450)	testing
11	ly	f	19	2	circle	green	same	(800, 618)	(800, 282)	vert	up	True	690464	691516	up	(800, 450)	testing
11	ly	f	19	2	circle	green	same	(968, 450)	(800, 618)	hori	left	True	693120	694605	left	(800, 450)	testing
11	ly	f	19	2	circle	none	dif	N_dis	(968, 450)	hori	left	True	696204	697180	left	(800, 450)	testing
11	ly	f	19	2	diamond	red	dif	(800, 618)	(968, 450)	vert	up	True	698612	699564	up	(800, 450)	testing
11	ly	f	19	2	diamond	none	same	N_dis	(968, 450)	vert	up	True	700944	701837	up	(800, 450)	testing
11	ly	f	19	2	diamond	green	dif	(800, 618)	(632, 450)	hori	left	True	703255	705484	left	(800, 450)	testing
11	ly	f	19	2	circle	none	dif	N_dis	(968, 450)	vert	up	True	706939	707661	up	(800, 450)	testing
11	ly	f	19	2	diamond	red	dif	(800, 618)	(968, 450)	vert	up	True	709184	709981	up	(800, 450)	testing
11	ly	f	19	2	diamond	none	dif	N_dis	(632, 450)	vert	up	True	711591	712380	up	(800, 450)	testing
11	ly	f	19	2	diamond	none	dif	N_dis	(968, 450)	hori	left	True	714017	714941	left	(800, 450)	testing
11	ly	f	19	2	circle	none	dif	N_dis	(632, 450)	vert	up	True	716470	718236	up	(800, 450)	testing
11	ly	f	19	2	circle	none	same	N_dis	(968, 450)	vert	up	True	719808	721004	up	(800, 450)	testing
11	ly	f	19	2	circle	green	same	(800, 282)	(632, 450)	vert	up	True	722403	723965	up	(800, 450)	testing
11	ly	f	19	2	diamond	red	same	(632, 450)	(968, 450)	vert	up	True	725346	726540	up	(800, 450)	testing
11	ly	f	19	2	diamond	none	dif	N_dis	(800, 282)	vert	up	True	727989	729052	up	(800, 450)	testing
11	ly	f	19	2	diamond	red	same	(800, 282)	(968, 450)	vert	up	True	730680	731741	up	(800, 450)	testing
11	ly	f	19	2	diamond	red	dif	(800, 282)	(968, 450)	hori	left	True	733368	734316	left	(800, 450)	testing
11	ly	f	19	2	circle	green	dif	(800, 282)	(632, 450)	hori	left	True	735886	736893	left	(800, 450)	testing
11	ly	f	19	2	diamond	green	same	(800, 282)	(968, 450)	vert	up	True	738412	739212	up	(800, 450)	testing
11	ly	f	19	2	circle	none	same	N_dis	(632, 450)	vert	up	True	740640	741709	up	(800, 450)	testing
11	ly	f	19	2	diamond	red	dif	(800, 282)	(632, 450)	hori	left	True	743250	744300	left	(800, 450)	testing
11	ly	f	19	2	diamond	none	same	N_dis	(968, 450)	hori	left	True	745675	747036	left	(800, 450)	testing
11	ly	f	19	2	diamond	red	dif	(800, 618)	(800, 282)	vert	up	True	748666	749340	up	(800, 450)	testing
11	ly	f	19	2	circle	red	dif	(800, 618)	(632, 450)	hori	left	True	750904	752380	left	(800, 450)	testing
11	ly	f	19	2	circle	none	dif	N_dis	(800, 618)	vert	up	True	754034	755725	up	(800, 450)	testing
11	ly	f	19	2	circle	none	dif	N_dis	(968, 450)	hori	left	True	757135	758028	left	(800, 450)	testing
11	ly	f	19	2	circle	red	same	(800, 618)	(800, 282)	vert	up	True	759404	760284	up	(800, 450)	testing
11	ly	f	19	2	diamond	green	dif	(800, 618)	(800, 282)	vert	up	True	761868	762925	up	(800, 450)	testing
11	ly	f	19	2	diamond	none	dif	N_dis	(800, 282)	vert	up	True	764462	765404	up	(800, 450)	testing
11	ly	f	19	2	diamond	none	dif	N_dis	(632, 450)	hori	left	True	767027	768012	left	(800, 450)	testing
11	ly	f	19	2	diamond	red	dif	(800, 282)	(968, 450)	hori	left	True	769431	770605	left	(800, 450)	testing
11	ly	f	19	2	circle	none	same	N_dis	(968, 450)	hori	left	True	772234	773244	left	(800, 450)	testing
11	ly	f	19	2	diamond	green	dif	(968, 450)	(800, 618)	hori	left	True	774847	776412	left	(800, 450)	testing
11	ly	f	19	2	diamond	red	same	(800, 282)	(968, 450)	hori	left	True	777877	779404	left	(800, 450)	testing
11	ly	f	19	2	circle	green	dif	(800, 282)	(800, 618)	hori	left	True	780925	782540	left	(800, 450)	testing
11	ly	f	19	2	diamond	none	same	N_dis	(632, 450)	vert	up	True	784094	784941	up	(800, 450)	testing
11	ly	f	19	2	circle	red	same	(800, 618)	(632, 450)	vert	up	True	786477	787677	up	(800, 450)	testing
11	ly	f	19	2	diamond	none	dif	N_dis	(968, 450)	hori	left	True	789316	790092	left	(800, 450)	testing
11	ly	f	19	2	diamond	green	same	(968, 450)	(800, 282)	hori	left	True	791690	793036	left	(800, 450)	testing
11	ly	f	19	2	circle	red	same	(800, 282)	(968, 450)	vert	up	True	794538	795452	up	(800, 450)	testing
11	ly	f	19	2	circle	red	same	(968, 450)	(800, 618)	hori	left	True	796870	798332	left	(800, 450)	testing
11	ly	f	19	2	diamond	red	same	(800, 282)	(968, 450)	hori	left	True	799783	800925	left	(800, 450)	testing
11	ly	f	19	2	circle	none	same	N_dis	(800, 282)	hori	left	True	802566	803468	left	(800, 450)	testing
11	ly	f	19	2	circle	green	dif	(800, 618)	(968, 450)	vert	up	True	804907	805837	up	(800, 450)	testing
11	ly	f	19	2	diamond	red	same	(800, 282)	(632, 450)	vert	up	True	807241	809212	up	(800, 450)	testing
11	ly	f	19	2	circle	none	same	N_dis	(800, 618)	hori	left	True	810684	811629	left	(800, 450)	testing
11	ly	f	19	2	circle	none	dif	N_dis	(800, 618)	hori	left	True	813245	815356	left	(800, 450)	testing
11	ly	f	19	2	diamond	green	dif	(968, 450)	(632, 450)	vert	up	True	817006	818268	up	(800, 450)	testing
11	ly	f	19	2	diamond	green	same	(968, 450)	(632, 450)	vert	up	True	819665	820556	up	(800, 450)	testing
11	ly	f	19	2	diamond	green	dif	(800, 282)	(800, 618)	hori	left	True	822011	823132	left	(800, 450)	testing
11	ly	f	19	2	diamond	green	dif	(968, 450)	(632, 450)	vert	up	True	824580	825564	up	(800, 450)	testing
11	ly	f	19	2	circle	red	dif	(800, 618)	(632, 450)	vert	up	True	827108	828476	up	(800, 450)	testing
11	ly	f	19	2	diamond	none	same	N_dis	(800, 282)	vert	up	True	829930	832044	left	(800, 450)	testing
11	ly	f	19	2	circle	green	dif	(800, 282)	(968, 450)	vert	up	True	835028	836300	up	(800, 450)	testing
11	ly	f	19	2	circle	green	same	(968, 450)	(800, 282)	hori	left	True	837872	839420	left	(800, 450)	testing
11	ly	f	19	2	circle	green	same	(968, 450)	(800, 618)	hori	left	True	840912	841997	left	(800, 450)	testing
11	ly	f	19	2	circle	green	dif	(800, 282)	(968, 450)	vert	up	True	843664	844653	up	(800, 450)	testing
11	ly	f	19	2	diamond	red	dif	(800, 618)	(968, 450)	vert	up	True	846048	847548	up	(800, 450)	testing
11	ly	f	19	2	diamond	none	same	N_dis	(632, 450)	hori	left	True	848982	850973	left	(800, 450)	testing
11	ly	f	19	2	diamond	green	dif	(800, 618)	(800, 282)	hori	left	True	852585	853821	left	(800, 450)	testing
11	ly	f	19	2	circle	green	dif	(968, 450)	(632, 450)	vert	up	True	855442	857276	up	(800, 450)	testing
11	ly	f	19	2	circle	none	same	N_dis	(968, 450)	vert	up	True	858793	860589	up	(800, 450)	testing
11	ly	f	19	2	circle	red	same	(800, 618)	(800, 282)	hori	left	True	862261	864028	left	(800, 450)	testing
11	ly	f	19	2	diamond	none	same	N_dis	(800, 282)	hori	left	True	865427	867100	left	(800, 450)	testing
11	ly	f	19	2	diamond	none	dif	N_dis	(632, 450)	hori	left	True	868490	870092	left	(800, 450)	testing
11	ly	f	19	2	circle	green	same	(800, 618)	(632, 450)	vert	up	True	871513	873388	up	(800, 450)	testing
11	ly	f	19	2	circle	green	dif	(968, 450)	(800, 618)	vert	up	True	874973	876188	left	(800, 450)	testing
11	ly	f	19	2	diamond	red	same	(968, 450)	(800, 618)	hori	left	True	879270	881581	left	(800, 450)	testing
11	ly	f	19	2	circle	none	dif	N_dis	(632, 450)	hori	left	True	883072	884957	left	(800, 450)	testing
11	ly	f	19	2	diamond	none	same	N_dis	(800, 618)	vert	up	True	886559	888172	up	(800, 450)	testing
11	ly	f	19	2	diamond	green	same	(968, 450)	(800, 282)	hori	left	True	889727	891052	left	(800, 450)	testing
11	ly	f	19	2	circle	red	same	(800, 618)	(968, 450)	vert	up	True	892690	893693	up	(800, 450)	testing
11	ly	f	19	2	diamond	red	dif	(968, 450)	(632, 450)	vert	up	True	895300	896348	up	(800, 450)	testing
11	ly	f	19	2	diamond	green	same	(800, 282)	(968, 450)	vert	up	True	897891	899036	up	(800, 450)	testing
