subj	name	gender	age	runNum	shape	dist	td_dif	d_loc	t_loc	resp	resp_key	gotKey	startTime	respTime	resp	fix_loc	prac
11	ly	f	19	1	diamond	red	dif	(632, 450)	(968, 450)	vert	up	True	95670	97820	up	(800, 450)	practice
11	ly	f	19	1	diamond	red	dif	(632, 450)	(800, 282)	vert	up	True	99484	101388	up	(800, 450)	practice
11	ly	f	19	1	circle	red	dif	(632, 450)	(800, 618)	vert	up	True	103041	105100	up	(800, 450)	practice
11	ly	f	19	1	diamond	red	dif	(632, 450)	(968, 450)	vert	up	True	106588	107964	up	(800, 450)	practice
11	ly	f	19	1	diamond	none	dif	N_dis	(800, 618)	hori	left	True	109601	111004	left	(800, 450)	practice
11	ly	f	19	1	diamond	green	dif	(632, 450)	(800, 282)	hori	left	True	112420	114140	left	(800, 450)	practice
11	ly	f	19	1	circle	none	same	N_dis	(968, 450)	vert	up	True	115676	117308	up	(800, 450)	practice
11	ly	f	19	1	circle	none	dif	N_dis	(968, 450)	hori	left	True	118973	120460	left	(800, 450)	practice
11	ly	f	19	1	circle	none	dif	N_dis	(800, 282)	vert	up	True	122092	123084	up	(800, 450)	practice
11	ly	f	19	1	circle	red	dif	(632, 450)	(800, 618)	vert	up	True	124677	126668	up	(800, 450)	practice
11	ly	f	19	1	circle	red	same	(632, 450)	(968, 450)	vert	up	True	128269	130188	left	(800, 450)	practice
11	ly	f	19	1	circle	green	dif	(632, 450)	(800, 282)	hori	left	True	133362	135180	left	(800, 450)	practice
11	ly	f	19	1	diamond	none	dif	N_dis	(800, 282)	vert	up	True	136812	138012	up	(800, 450)	practice
11	ly	f	19	1	diamond	green	dif	(632, 450)	(800, 618)	vert	up	True	139441	141724	left	(800, 450)	practice
11	ly	f	19	1	circle	none	same	N_dis	(800, 282)	hori	left	True	144841	146620	left	(800, 450)	practice
11	ly	f	19	1	circle	green	dif	(632, 450)	(968, 450)	vert	up	True	148177	149740	left	(800, 450)	practice
11	ly	f	19	1	circle	none	same	N_dis	(800, 618)	hori	left	True	152843	154620	left	(800, 450)	practice
11	ly	f	19	1	diamond	red	same	(632, 450)	(800, 282)	hori	left	True	156172	158316	left	(800, 450)	practice
11	ly	f	19	1	diamond	none	same	N_dis	(968, 450)	hori	left	True	159932	161548	left	(800, 450)	practice
11	ly	f	19	1	diamond	green	same	(632, 450)	(800, 618)	hori	left	False	163059	None	None	(800, 450)	practice
11	ly	f	19	1	diamond	none	same	N_dis	(800, 282)	vert	up	True	169072	170396	up	(800, 450)	practice
11	ly	f	19	1	diamond	none	dif	N_dis	(968, 450)	vert	up	True	171788	173148	up	(800, 450)	practice
11	ly	f	19	1	diamond	none	same	N_dis	(800, 282)	hori	left	True	174653	176124	left	(800, 450)	practice
11	ly	f	19	1	circle	red	dif	(632, 450)	(968, 450)	hori	left	True	177744	179724	left	(800, 450)	practice
11	ly	f	19	1	diamond	none	dif	N_dis	(800, 618)	vert	up	True	181224	182428	up	(800, 450)	practice
11	ly	f	19	1	circle	red	same	(632, 450)	(800, 282)	vert	up	True	183998	185164	up	(800, 450)	practice
11	ly	f	19	1	circle	green	dif	(632, 450)	(800, 618)	vert	up	False	186735	None	None	(800, 450)	practice
11	ly	f	19	1	circle	green	same	(632, 450)	(968, 450)	hori	left	True	192737	194028	left	(800, 450)	practice
11	ly	f	19	1	circle	none	same	N_dis	(632, 450)	vert	up	True	195616	196876	up	(800, 450)	practice
11	ly	f	19	1	circle	red	same	(632, 450)	(800, 282)	vert	up	True	198547	199516	up	(800, 450)	practice
11	ly	f	19	1	diamond	none	dif	N_dis	(632, 450)	vert	up	True	200922	203340	up	(800, 450)	practice
11	ly	f	19	1	diamond	green	same	(632, 450)	(800, 618)	hori	left	True	204780	206908	left	(800, 450)	practice
11	ly	f	19	1	diamond	green	same	(632, 450)	(968, 450)	hori	left	True	208512	209916	left	(800, 450)	practice
11	ly	f	19	1	diamond	green	dif	(632, 450)	(800, 282)	hori	left	True	211443	212540	left	(800, 450)	practice
11	ly	f	19	1	diamond	red	same	(632, 450)	(800, 618)	hori	left	True	214036	216636	up	(800, 450)	practice
11	ly	f	19	1	circle	green	dif	(632, 450)	(968, 450)	vert	up	True	219548	221500	up	(800, 450)	practice
11	ly	f	19	1	circle	green	same	(632, 450)	(800, 282)	vert	up	True	223121	224316	up	(800, 450)	practice
11	ly	f	19	1	circle	red	same	(632, 450)	(800, 618)	vert	up	True	225732	227116	up	(800, 450)	practice
11	ly	f	19	1	diamond	green	same	(632, 450)	(968, 450)	vert	up	True	228565	230428	up	(800, 450)	practice
11	ly	f	19	1	diamond	red	same	(632, 450)	(800, 282)	vert	up	True	231906	233500	up	(800, 450)	practice
11	ly	f	19	1	circle	red	dif	(800, 618)	(632, 450)	hori	left	True	262431	263740	left	(800, 450)	testing
11	ly	f	19	1	diamond	green	dif	(968, 450)	(800, 618)	hori	left	True	265328	266620	left	(800, 450)	testing
11	ly	f	19	1	circle	red	same	(800, 282)	(800, 618)	vert	up	True	268248	269468	up	(800, 450)	testing
11	ly	f	19	1	circle	none	dif	N_dis	(632, 450)	vert	up	True	270864	272860	up	(800, 450)	testing
11	ly	f	19	1	diamond	red	same	(968, 450)	(632, 450)	hori	left	True	274365	275980	left	(800, 450)	testing
11	ly	f	19	1	diamond	green	dif	(800, 618)	(632, 450)	vert	up	True	277354	278748	up	(800, 450)	testing
11	ly	f	19	1	circle	none	same	N_dis	(800, 618)	vert	up	True	280188	281548	up	(800, 450)	testing
11	ly	f	19	1	circle	green	same	(632, 450)	(800, 282)	vert	up	True	282960	284268	up	(800, 450)	testing
11	ly	f	19	1	circle	red	same	(968, 450)	(800, 282)	vert	up	True	285843	288044	up	(800, 450)	testing
11	ly	f	19	1	diamond	red	dif	(632, 450)	(968, 450)	vert	up	True	289628	291852	up	(800, 450)	testing
11	ly	f	19	1	circle	green	dif	(800, 282)	(968, 450)	hori	left	True	293341	294652	left	(800, 450)	testing
11	ly	f	19	1	circle	none	same	N_dis	(800, 618)	hori	left	True	296240	297788	left	(800, 450)	testing
11	ly	f	19	1	diamond	red	same	(632, 450)	(800, 282)	hori	left	True	299344	300540	left	(800, 450)	testing
11	ly	f	19	1	circle	red	same	(800, 282)	(632, 450)	vert	up	True	301953	304748	up	(800, 450)	testing
11	ly	f	19	1	diamond	none	dif	N_dis	(968, 450)	hori	left	True	306230	307484	left	(800, 450)	testing
11	ly	f	19	1	circle	green	same	(632, 450)	(800, 618)	vert	up	True	308914	310220	up	(800, 450)	testing
11	ly	f	19	1	circle	none	same	N_dis	(800, 618)	hori	left	True	311791	313164	left	(800, 450)	testing
11	ly	f	19	1	circle	red	dif	(632, 450)	(800, 282)	vert	up	True	314557	316652	up	(800, 450)	testing
11	ly	f	19	1	circle	red	dif	(968, 450)	(800, 618)	vert	up	True	318196	319948	up	(800, 450)	testing
11	ly	f	19	1	diamond	none	same	N_dis	(968, 450)	vert	up	True	321492	324092	up	(800, 450)	testing
11	ly	f	19	1	diamond	none	dif	N_dis	(632, 450)	vert	up	True	325552	326780	up	(800, 450)	testing
11	ly	f	19	1	diamond	red	dif	(632, 450)	(800, 282)	hori	left	True	328438	330604	left	(800, 450)	testing
11	ly	f	19	1	circle	green	same	(968, 450)	(800, 282)	hori	left	True	332165	334300	left	(800, 450)	testing
11	ly	f	19	1	diamond	red	same	(632, 450)	(968, 450)	vert	up	True	335897	337868	up	(800, 450)	testing
11	ly	f	19	1	circle	none	dif	N_dis	(968, 450)	hori	left	True	339274	340092	left	(800, 450)	testing
11	ly	f	19	1	diamond	none	same	N_dis	(800, 618)	vert	up	True	341716	343068	up	(800, 450)	testing
11	ly	f	19	1	diamond	none	dif	N_dis	(632, 450)	vert	up	True	344702	346236	up	(800, 450)	testing
11	ly	f	19	1	circle	red	same	(632, 450)	(800, 282)	vert	up	True	347664	349372	up	(800, 450)	testing
11	ly	f	19	1	diamond	green	same	(632, 450)	(800, 618)	vert	up	True	351038	353100	up	(800, 450)	testing
11	ly	f	19	1	diamond	none	same	N_dis	(800, 618)	vert	up	True	354673	355804	up	(800, 450)	testing
11	ly	f	19	1	diamond	red	same	(800, 618)	(800, 282)	hori	left	True	357473	358428	left	(800, 450)	testing
11	ly	f	19	1	circle	none	same	N_dis	(800, 282)	vert	up	True	360079	362108	up	(800, 450)	testing
11	ly	f	19	1	diamond	red	dif	(800, 282)	(800, 618)	vert	up	True	363562	365212	up	(800, 450)	testing
11	ly	f	19	1	diamond	red	dif	(968, 450)	(800, 282)	hori	left	True	366682	368204	left	(800, 450)	testing
11	ly	f	19	1	diamond	none	dif	N_dis	(968, 450)	vert	up	True	369731	372188	up	(800, 450)	testing
11	ly	f	19	1	diamond	red	dif	(632, 450)	(800, 282)	hori	left	True	373853	375164	left	(800, 450)	testing
11	ly	f	19	1	diamond	red	dif	(968, 450)	(800, 618)	hori	left	True	376588	378956	left	(800, 450)	testing
11	ly	f	19	1	diamond	red	same	(632, 450)	(800, 618)	hori	left	True	380610	383452	up	(800, 450)	testing
11	ly	f	19	1	diamond	green	same	(632, 450)	(800, 618)	hori	left	True	386393	388332	left	(800, 450)	testing
11	ly	f	19	1	diamond	green	dif	(800, 618)	(968, 450)	vert	up	True	389965	392556	up	(800, 450)	testing
11	ly	f	19	1	diamond	red	same	(800, 282)	(800, 618)	hori	left	True	394029	396412	left	(800, 450)	testing
11	ly	f	19	1	circle	none	same	N_dis	(632, 450)	vert	up	False	397881	None	None	(800, 450)	testing
11	ly	f	19	1	circle	none	same	N_dis	(632, 450)	hori	left	True	403855	404940	left	(800, 450)	testing
11	ly	f	19	1	circle	red	same	(632, 450)	(968, 450)	vert	up	True	406597	407884	up	(800, 450)	testing
11	ly	f	19	1	diamond	red	dif	(968, 450)	(800, 618)	vert	up	True	409434	410764	up	(800, 450)	testing
11	ly	f	19	1	diamond	green	same	(800, 618)	(800, 282)	hori	left	True	412221	414652	left	(800, 450)	testing
11	ly	f	19	1	diamond	green	dif	(632, 450)	(968, 450)	vert	up	True	416045	417004	up	(800, 450)	testing
11	ly	f	19	1	diamond	none	dif	N_dis	(632, 450)	vert	up	True	418404	419628	up	(800, 450)	testing
11	ly	f	19	1	diamond	red	dif	(632, 450)	(968, 450)	vert	up	True	421052	422300	up	(800, 450)	testing
11	ly	f	19	1	diamond	green	same	(632, 450)	(968, 450)	vert	up	True	423966	426028	up	(800, 450)	testing
11	ly	f	19	1	diamond	none	same	N_dis	(632, 450)	hori	left	True	427660	429692	left	(800, 450)	testing
11	ly	f	19	1	diamond	green	same	(632, 450)	(968, 450)	hori	left	True	431340	433644	left	(800, 450)	testing
11	ly	f	19	1	circle	red	same	(968, 450)	(632, 450)	hori	left	True	435063	436828	left	(800, 450)	testing
11	ly	f	19	1	circle	red	dif	(800, 618)	(632, 450)	vert	up	True	438383	439692	up	(800, 450)	testing
11	ly	f	19	1	diamond	none	dif	N_dis	(968, 450)	hori	left	True	441244	443052	left	(800, 450)	testing
11	ly	f	19	1	circle	none	same	N_dis	(800, 618)	vert	up	True	444504	446348	up	(800, 450)	testing
11	ly	f	19	1	circle	red	same	(968, 450)	(632, 450)	vert	up	True	447815	448700	up	(800, 450)	testing
11	ly	f	19	1	diamond	green	same	(632, 450)	(800, 618)	hori	left	True	450347	451628	left	(800, 450)	testing
11	ly	f	19	1	circle	green	dif	(632, 450)	(968, 450)	vert	up	True	453121	454620	up	(800, 450)	testing
11	ly	f	19	1	diamond	green	same	(632, 450)	(800, 618)	vert	up	False	456272	None	None	(800, 450)	testing
11	ly	f	19	1	circle	green	same	(632, 450)	(800, 618)	vert	up	True	462437	464444	up	(800, 450)	testing
11	ly	f	19	1	diamond	green	same	(800, 282)	(632, 450)	vert	up	True	465944	467500	left	(800, 450)	testing
11	ly	f	19	1	circle	red	dif	(632, 450)	(800, 618)	hori	left	False	470547	None	None	(800, 450)	testing
11	ly	f	19	1	diamond	none	same	N_dis	(800, 282)	vert	up	True	476739	478428	up	(800, 450)	testing
11	ly	f	19	1	diamond	red	dif	(632, 450)	(800, 282)	vert	up	True	480030	481692	up	(800, 450)	testing
11	ly	f	19	1	diamond	red	dif	(800, 282)	(632, 450)	hori	left	True	483208	484844	left	(800, 450)	testing
11	ly	f	19	1	diamond	red	same	(800, 282)	(968, 450)	vert	up	True	486266	488076	up	(800, 450)	testing
11	ly	f	19	1	diamond	none	dif	N_dis	(800, 282)	vert	up	True	489599	490956	up	(800, 450)	testing
11	ly	f	19	1	circle	red	dif	(632, 450)	(968, 450)	vert	up	True	492453	494652	up	(800, 450)	testing
11	ly	f	19	1	diamond	none	same	N_dis	(800, 618)	hori	left	True	496127	497500	left	(800, 450)	testing
11	ly	f	19	1	diamond	green	dif	(632, 450)	(800, 282)	vert	up	True	498955	500076	up	(800, 450)	testing
11	ly	f	19	1	circle	red	same	(800, 282)	(632, 450)	vert	up	True	501556	503868	up	(800, 450)	testing
11	ly	f	19	1	circle	green	dif	(968, 450)	(800, 282)	vert	up	True	505475	507612	up	(800, 450)	testing
11	ly	f	19	1	circle	green	same	(800, 618)	(800, 282)	vert	up	True	509096	510332	up	(800, 450)	testing
11	ly	f	19	1	diamond	none	same	N_dis	(632, 450)	hori	left	True	511973	513244	left	(800, 450)	testing
11	ly	f	19	1	circle	none	same	N_dis	(968, 450)	hori	left	True	514812	517356	left	(800, 450)	testing
11	ly	f	19	1	circle	none	same	N_dis	(632, 450)	vert	up	True	519029	519900	up	(800, 450)	testing
11	ly	f	19	1	diamond	none	dif	N_dis	(968, 450)	hori	left	True	521446	522684	left	(800, 450)	testing
11	ly	f	19	1	circle	red	dif	(632, 450)	(800, 618)	hori	left	True	524321	526572	left	(800, 450)	testing
11	ly	f	19	1	diamond	none	dif	N_dis	(800, 618)	hori	left	True	528152	529260	left	(800, 450)	testing
11	ly	f	19	1	circle	red	same	(632, 450)	(968, 450)	hori	left	True	530848	532716	left	(800, 450)	testing
11	ly	f	19	1	circle	green	same	(632, 450)	(800, 282)	hori	left	True	534330	536508	left	(800, 450)	testing
11	ly	f	19	1	circle	red	same	(800, 618)	(968, 450)	hori	left	True	537991	540060	left	(800, 450)	testing
11	ly	f	19	1	circle	green	dif	(632, 450)	(968, 450)	hori	left	True	541475	542828	left	(800, 450)	testing
11	ly	f	19	1	diamond	green	same	(800, 282)	(968, 450)	hori	left	True	544451	546044	left	(800, 450)	testing
11	ly	f	19	1	diamond	green	dif	(968, 450)	(632, 450)	vert	up	True	547554	549548	up	(800, 450)	testing
11	ly	f	19	1	diamond	green	dif	(800, 282)	(968, 450)	vert	up	True	550932	552044	up	(800, 450)	testing
11	ly	f	19	1	circle	green	dif	(632, 450)	(800, 282)	hori	left	True	553681	555084	left	(800, 450)	testing
11	ly	f	19	1	diamond	red	same	(632, 450)	(968, 450)	hori	left	True	556581	557772	left	(800, 450)	testing
11	ly	f	19	1	diamond	red	same	(800, 282)	(968, 450)	vert	up	True	559268	561740	up	(800, 450)	testing
11	ly	f	19	1	circle	none	dif	N_dis	(800, 618)	vert	up	True	563116	564300	up	(800, 450)	testing
11	ly	f	19	1	circle	green	same	(968, 450)	(800, 618)	vert	up	True	565879	567420	up	(800, 450)	testing
11	ly	f	19	1	circle	red	same	(632, 450)	(800, 282)	hori	left	True	568975	570444	left	(800, 450)	testing
11	ly	f	19	1	circle	red	same	(632, 450)	(800, 618)	hori	left	True	571892	572844	left	(800, 450)	testing
11	ly	f	19	1	diamond	red	same	(632, 450)	(968, 450)	hori	left	True	574318	576252	left	(800, 450)	testing
11	ly	f	19	1	diamond	green	same	(800, 618)	(968, 450)	vert	up	True	577776	578940	up	(800, 450)	testing
11	ly	f	19	1	diamond	none	dif	N_dis	(632, 450)	vert	up	True	580549	582764	up	(800, 450)	testing
11	ly	f	19	1	circle	green	dif	(632, 450)	(968, 450)	hori	left	True	584211	585532	left	(800, 450)	testing
11	ly	f	19	1	diamond	green	same	(800, 282)	(632, 450)	vert	up	True	587101	588844	up	(800, 450)	testing
11	ly	f	19	1	circle	red	dif	(800, 618)	(800, 282)	vert	up	True	590242	592060	up	(800, 450)	testing
11	ly	f	19	1	diamond	green	dif	(632, 450)	(968, 450)	vert	up	True	593589	595548	up	(800, 450)	testing
11	ly	f	19	1	diamond	none	same	N_dis	(800, 282)	hori	left	True	597180	599868	left	(800, 450)	testing
11	ly	f	19	1	diamond	none	same	N_dis	(632, 450)	vert	up	True	601391	602716	left	(800, 450)	testing
11	ly	f	19	1	circle	green	dif	(632, 450)	(968, 450)	vert	up	True	605857	607692	up	(800, 450)	testing
11	ly	f	19	1	diamond	none	same	N_dis	(968, 450)	vert	up	True	609360	610524	up	(800, 450)	testing
11	ly	f	19	1	circle	none	dif	N_dis	(800, 282)	hori	left	True	612161	613260	left	(800, 450)	testing
11	ly	f	19	1	diamond	red	same	(800, 282)	(632, 450)	hori	left	True	614844	616940	left	(800, 450)	testing
11	ly	f	19	1	diamond	green	dif	(800, 618)	(968, 450)	vert	up	True	618586	620284	up	(800, 450)	testing
11	ly	f	19	1	diamond	red	dif	(968, 450)	(800, 282)	vert	up	True	621947	623644	up	(800, 450)	testing
11	ly	f	19	1	circle	green	same	(800, 282)	(632, 450)	vert	up	True	625280	627836	up	(800, 450)	testing
11	ly	f	19	1	diamond	red	dif	(800, 282)	(800, 618)	hori	left	True	629318	630668	left	(800, 450)	testing
11	ly	f	19	1	circle	none	same	N_dis	(800, 282)	vert	up	True	632183	633404	up	(800, 450)	testing
11	ly	f	19	1	diamond	none	same	N_dis	(800, 282)	hori	left	True	634844	636044	left	(800, 450)	testing
11	ly	f	19	1	circle	none	dif	N_dis	(800, 282)	hori	left	True	637465	639132	left	(800, 450)	testing
11	ly	f	19	1	diamond	green	dif	(632, 450)	(968, 450)	hori	left	True	640718	642220	left	(800, 450)	testing
11	ly	f	19	1	diamond	green	same	(800, 282)	(800, 618)	hori	left	True	643782	646044	left	(800, 450)	testing
11	ly	f	19	1	diamond	none	same	N_dis	(800, 618)	hori	left	True	647418	648748	left	(800, 450)	testing
11	ly	f	19	1	diamond	none	dif	N_dis	(800, 618)	vert	up	True	650153	651596	up	(800, 450)	testing
11	ly	f	19	1	diamond	red	same	(632, 450)	(800, 282)	vert	up	True	653060	655036	up	(800, 450)	testing
11	ly	f	19	1	circle	red	dif	(800, 618)	(800, 282)	hori	left	True	656558	659340	left	(800, 450)	testing
11	ly	f	19	1	diamond	none	dif	N_dis	(632, 450)	vert	up	True	660959	662780	up	(800, 450)	testing
11	ly	f	19	1	circle	green	dif	(800, 618)	(800, 282)	vert	up	True	664382	666556	up	(800, 450)	testing
11	ly	f	19	1	diamond	none	same	N_dis	(632, 450)	hori	left	True	668178	669948	left	(800, 450)	testing
11	ly	f	19	1	circle	none	same	N_dis	(800, 282)	hori	left	True	671466	673468	left	(800, 450)	testing
11	ly	f	19	1	circle	none	dif	N_dis	(800, 282)	vert	up	True	674876	676332	up	(800, 450)	testing
11	ly	f	19	1	circle	green	dif	(632, 450)	(800, 618)	vert	up	True	677843	679196	up	(800, 450)	testing
11	ly	f	19	1	circle	none	dif	N_dis	(632, 450)	hori	left	True	680573	681852	left	(800, 450)	testing
11	ly	f	19	1	diamond	green	dif	(632, 450)	(800, 282)	vert	up	True	683423	685244	up	(800, 450)	testing
11	ly	f	19	1	circle	red	dif	(632, 450)	(800, 618)	vert	up	True	686793	688940	up	(800, 450)	testing
11	ly	f	19	1	circle	green	same	(800, 618)	(800, 282)	vert	up	True	690436	691644	up	(800, 450)	testing
11	ly	f	19	1	circle	none	same	N_dis	(800, 282)	hori	left	True	693261	694556	left	(800, 450)	testing
11	ly	f	19	1	diamond	green	dif	(632, 450)	(800, 618)	vert	up	True	695993	697660	up	(800, 450)	testing
11	ly	f	19	1	diamond	green	dif	(800, 282)	(800, 618)	hori	left	True	699164	701004	left	(800, 450)	testing
11	ly	f	19	1	diamond	green	dif	(800, 618)	(968, 450)	vert	up	True	702669	704892	up	(800, 450)	testing
11	ly	f	19	1	circle	red	same	(632, 450)	(800, 618)	vert	up	True	706513	708044	up	(800, 450)	testing
11	ly	f	19	1	diamond	red	dif	(632, 450)	(800, 282)	vert	up	True	709668	711997	up	(800, 450)	testing
11	ly	f	19	1	diamond	green	dif	(632, 450)	(800, 282)	vert	up	True	713611	714652	up	(800, 450)	testing
11	ly	f	19	1	diamond	red	same	(800, 282)	(800, 618)	vert	up	True	716065	718860	up	(800, 450)	testing
11	ly	f	19	1	circle	none	dif	N_dis	(968, 450)	hori	left	True	720244	721676	left	(800, 450)	testing
11	ly	f	19	1	diamond	green	same	(800, 282)	(968, 450)	vert	up	True	723104	725564	up	(800, 450)	testing
11	ly	f	19	1	circle	red	same	(800, 282)	(800, 618)	vert	up	True	727085	728636	up	(800, 450)	testing
11	ly	f	19	1	circle	none	same	N_dis	(968, 450)	vert	up	True	730174	731484	up	(800, 450)	testing
11	ly	f	19	1	diamond	none	same	N_dis	(800, 282)	vert	up	True	732945	734940	up	(800, 450)	testing
11	ly	f	19	1	circle	green	same	(632, 450)	(800, 618)	hori	left	True	736346	738780	left	(800, 450)	testing
11	ly	f	19	1	circle	none	same	N_dis	(632, 450)	vert	up	True	740158	741340	up	(800, 450)	testing
11	ly	f	19	1	circle	red	same	(632, 450)	(800, 618)	hori	left	True	742815	744140	left	(800, 450)	testing
11	ly	f	19	1	diamond	red	dif	(632, 450)	(800, 282)	vert	up	True	745751	748556	up	(800, 450)	testing
11	ly	f	19	1	circle	red	dif	(800, 282)	(800, 618)	vert	up	True	750082	751436	up	(800, 450)	testing
11	ly	f	19	1	circle	none	dif	N_dis	(968, 450)	vert	up	True	753085	753980	up	(800, 450)	testing
11	ly	f	19	1	diamond	none	dif	N_dis	(800, 282)	vert	up	True	755496	757036	up	(800, 450)	testing
11	ly	f	19	1	circle	red	dif	(800, 282)	(968, 450)	vert	up	False	758508	None	None	(800, 450)	testing
11	ly	f	19	1	circle	none	dif	N_dis	(800, 282)	vert	up	True	764444	766444	up	(800, 450)	testing
11	ly	f	19	1	circle	red	dif	(800, 618)	(968, 450)	hori	left	True	767872	769036	left	(800, 450)	testing
11	ly	f	19	1	diamond	green	dif	(632, 450)	(800, 618)	vert	up	True	770480	772044	up	(800, 450)	testing
11	ly	f	19	1	diamond	green	same	(800, 282)	(800, 618)	hori	left	True	773516	774828	left	(800, 450)	testing
11	ly	f	19	1	diamond	none	same	N_dis	(968, 450)	hori	left	True	776270	777596	left	(800, 450)	testing
11	ly	f	19	1	circle	red	dif	(632, 450)	(968, 450)	hori	left	True	779025	781052	left	(800, 450)	testing
11	ly	f	19	1	circle	green	same	(632, 450)	(800, 282)	vert	up	True	782462	783388	up	(800, 450)	testing
11	ly	f	19	1	circle	red	same	(632, 450)	(800, 618)	vert	up	True	785049	787788	up	(800, 450)	testing
11	ly	f	19	1	diamond	green	same	(632, 450)	(800, 618)	vert	up	True	789265	790844	up	(800, 450)	testing
11	ly	f	19	1	circle	none	same	N_dis	(800, 618)	hori	left	True	792394	793804	left	(800, 450)	testing
11	ly	f	19	1	diamond	none	dif	N_dis	(632, 450)	hori	left	True	795301	796780	left	(800, 450)	testing
11	ly	f	19	1	diamond	green	dif	(968, 450)	(632, 450)	vert	up	True	798310	800076	up	(800, 450)	testing
11	ly	f	19	1	circle	none	dif	N_dis	(968, 450)	hori	left	True	801737	802908	left	(800, 450)	testing
11	ly	f	19	1	diamond	red	same	(632, 450)	(968, 450)	vert	up	True	804371	806380	up	(800, 450)	testing
11	ly	f	19	1	circle	red	same	(968, 450)	(800, 618)	hori	left	True	807851	810780	left	(800, 450)	testing
11	ly	f	19	1	circle	none	dif	N_dis	(632, 450)	hori	left	True	812321	813997	left	(800, 450)	testing
11	ly	f	19	1	diamond	green	dif	(800, 618)	(800, 282)	vert	up	True	815628	816604	up	(800, 450)	testing
11	ly	f	19	1	diamond	none	same	N_dis	(968, 450)	hori	left	True	818132	819052	left	(800, 450)	testing
11	ly	f	19	1	circle	none	same	N_dis	(800, 618)	vert	up	True	820498	821836	up	(800, 450)	testing
11	ly	f	19	1	circle	none	dif	N_dis	(632, 450)	vert	up	True	823223	825196	up	(800, 450)	testing
11	ly	f	19	1	diamond	none	dif	N_dis	(800, 282)	hori	left	True	826751	827916	left	(800, 450)	testing
11	ly	f	19	1	circle	none	dif	N_dis	(800, 618)	vert	up	True	829549	831372	up	(800, 450)	testing
11	ly	f	19	1	diamond	green	same	(968, 450)	(800, 282)	hori	left	True	832888	835100	left	(800, 450)	testing
11	ly	f	19	1	diamond	red	dif	(968, 450)	(800, 282)	vert	up	True	836482	837708	up	(800, 450)	testing
11	ly	f	19	1	circle	green	dif	(800, 618)	(800, 282)	hori	left	True	839375	841372	left	(800, 450)	testing
11	ly	f	19	1	circle	none	same	N_dis	(800, 618)	hori	left	True	843020	845004	left	(800, 450)	testing
11	ly	f	19	1	circle	red	same	(800, 618)	(968, 450)	hori	left	True	846433	847628	left	(800, 450)	testing
11	ly	f	19	1	circle	none	dif	N_dis	(800, 618)	vert	up	True	849228	850716	up	(800, 450)	testing
11	ly	f	19	1	diamond	green	dif	(632, 450)	(800, 618)	hori	left	True	852123	853532	left	(800, 450)	testing
11	ly	f	19	1	circle	red	dif	(632, 450)	(968, 450)	vert	up	True	854906	857180	up	(800, 450)	testing
11	ly	f	19	1	diamond	green	same	(968, 450)	(800, 282)	hori	left	True	858673	860284	left	(800, 450)	testing
11	ly	f	19	1	diamond	none	same	N_dis	(800, 282)	hori	left	True	861946	864348	left	(800, 450)	testing
11	ly	f	19	1	diamond	red	same	(632, 450)	(800, 282)	hori	left	True	865919	866844	left	(800, 450)	testing
11	ly	f	19	1	circle	green	same	(968, 450)	(632, 450)	vert	up	True	868422	870668	up	(800, 450)	testing
11	ly	f	19	1	circle	green	same	(632, 450)	(968, 450)	hori	left	True	872122	874156	left	(800, 450)	testing
11	ly	f	19	1	circle	green	same	(800, 618)	(968, 450)	vert	up	True	875726	877148	up	(800, 450)	testing
11	ly	f	19	1	circle	red	same	(632, 450)	(800, 618)	hori	left	True	878773	881132	left	(800, 450)	testing
11	ly	f	19	1	circle	red	dif	(800, 282)	(632, 450)	hori	left	True	882548	883596	left	(800, 450)	testing
11	ly	f	19	1	circle	green	same	(800, 282)	(968, 450)	hori	left	True	885153	886396	left	(800, 450)	testing
11	ly	f	19	1	circle	red	dif	(968, 450)	(632, 450)	vert	up	True	887825	889148	up	(800, 450)	testing
11	ly	f	19	1	circle	green	dif	(968, 450)	(632, 450)	vert	up	True	890547	891788	up	(800, 450)	testing
11	ly	f	19	1	circle	green	dif	(632, 450)	(800, 282)	hori	left	True	893244	894300	left	(800, 450)	testing
11	ly	f	19	1	circle	red	same	(632, 450)	(968, 450)	hori	left	True	895847	896876	left	(800, 450)	testing
11	ly	f	19	1	circle	red	dif	(632, 450)	(800, 282)	hori	left	True	898325	899260	left	(800, 450)	testing
11	ly	f	19	1	circle	red	dif	(632, 450)	(968, 450)	vert	up	True	900880	902028	up	(800, 450)	testing
11	ly	f	19	1	diamond	red	same	(632, 450)	(968, 450)	vert	up	True	903658	905612	up	(800, 450)	testing
11	ly	f	19	1	diamond	red	same	(800, 282)	(968, 450)	hori	left	True	907062	908156	left	(800, 450)	testing
11	ly	f	19	1	circle	red	dif	(632, 450)	(968, 450)	vert	up	True	909595	910956	up	(800, 450)	testing
11	ly	f	19	1	circle	red	dif	(632, 450)	(800, 282)	hori	left	True	912357	913580	left	(800, 450)	testing
11	ly	f	19	1	diamond	red	dif	(632, 450)	(800, 282)	hori	left	True	915014	916156	left	(800, 450)	testing
11	ly	f	19	1	circle	green	dif	(800, 618)	(632, 450)	hori	left	True	917655	919628	left	(800, 450)	testing
11	ly	f	19	1	circle	none	dif	N_dis	(800, 618)	hori	left	True	921182	922332	left	(800, 450)	testing
11	ly	f	19	1	circle	green	same	(632, 450)	(800, 618)	hori	left	True	923974	925948	left	(800, 450)	testing
11	ly	f	19	1	circle	none	same	N_dis	(968, 450)	vert	up	True	927401	928188	up	(800, 450)	testing
11	ly	f	19	1	diamond	green	same	(632, 450)	(800, 282)	vert	up	True	929730	930652	up	(800, 450)	testing
11	ly	f	19	1	diamond	none	dif	N_dis	(800, 282)	hori	left	True	932179	933292	left	(800, 450)	testing
11	ly	f	19	1	diamond	red	dif	(968, 450)	(800, 618)	hori	left	True	934735	936156	left	(800, 450)	testing
11	ly	f	19	1	circle	red	dif	(968, 450)	(632, 450)	vert	up	True	937550	938876	up	(800, 450)	testing
11	ly	f	19	1	circle	red	same	(968, 450)	(800, 282)	vert	up	True	940429	941692	up	(800, 450)	testing
11	ly	f	19	1	diamond	red	dif	(968, 450)	(800, 282)	hori	left	True	943114	945100	left	(800, 450)	testing
11	ly	f	19	1	diamond	none	same	N_dis	(800, 282)	vert	up	True	946770	948652	up	(800, 450)	testing
11	ly	f	19	1	circle	green	same	(968, 450)	(800, 282)	hori	left	True	950260	951340	left	(800, 450)	testing
11	ly	f	19	1	circle	none	same	N_dis	(632, 450)	hori	left	True	952853	954572	left	(800, 450)	testing
11	ly	f	19	1	diamond	none	same	N_dis	(968, 450)	hori	left	True	956232	957676	left	(800, 450)	testing
11	ly	f	19	1	diamond	green	dif	(968, 450)	(632, 450)	vert	up	True	959177	960108	up	(800, 450)	testing
11	ly	f	19	1	diamond	none	same	N_dis	(800, 618)	hori	left	True	961530	962908	left	(800, 450)	testing
11	ly	f	19	1	circle	green	same	(632, 450)	(968, 450)	vert	up	True	964449	965676	up	(800, 450)	testing
11	ly	f	19	1	diamond	red	same	(632, 450)	(800, 618)	vert	up	True	967082	969340	up	(800, 450)	testing
11	ly	f	19	1	diamond	green	same	(968, 450)	(800, 618)	vert	up	True	970873	973356	left	(800, 450)	testing
11	ly	f	19	1	diamond	red	same	(968, 450)	(800, 618)	hori	left	True	976335	978460	left	(800, 450)	testing
11	ly	f	19	1	diamond	green	same	(800, 282)	(968, 450)	vert	up	True	979996	982156	up	(800, 450)	testing
11	ly	f	19	1	diamond	none	dif	N_dis	(800, 282)	hori	left	True	983576	984348	left	(800, 450)	testing
11	ly	f	19	1	diamond	red	same	(632, 450)	(800, 282)	hori	left	True	985947	986908	left	(800, 450)	testing
11	ly	f	19	1	diamond	red	same	(632, 450)	(800, 282)	vert	up	True	988489	989628	up	(800, 450)	testing
11	ly	f	19	1	circle	none	dif	N_dis	(632, 450)	hori	left	True	991110	992204	left	(800, 450)	testing
11	ly	f	19	1	circle	red	same	(800, 618)	(968, 450)	vert	up	True	993735	994620	up	(800, 450)	testing
11	ly	f	19	1	diamond	green	same	(632, 450)	(800, 618)	vert	up	True	996179	997964	up	(800, 450)	testing
11	ly	f	19	1	diamond	none	same	N_dis	(632, 450)	vert	up	True	999509	1000636	up	(800, 450)	testing
11	ly	f	19	1	circle	red	dif	(968, 450)	(800, 618)	vert	up	True	1002193	1004524	up	(800, 450)	testing
11	ly	f	19	1	diamond	none	dif	N_dis	(800, 618)	hori	left	True	1005911	1007180	left	(800, 450)	testing
11	ly	f	19	1	circle	green	dif	(800, 618)	(632, 450)	vert	up	True	1008628	1009708	up	(800, 450)	testing
11	ly	f	19	1	diamond	none	same	N_dis	(632, 450)	hori	left	True	1011148	1012620	left	(800, 450)	testing
11	ly	f	19	1	circle	none	same	N_dis	(968, 450)	vert	up	True	1014263	1015452	up	(800, 450)	testing
11	ly	f	19	1	diamond	none	dif	N_dis	(968, 450)	vert	up	True	1017080	1018316	up	(800, 450)	testing
11	ly	f	19	1	diamond	red	dif	(800, 282)	(632, 450)	hori	left	True	1019879	1021276	left	(800, 450)	testing
11	ly	f	19	1	diamond	green	same	(800, 618)	(632, 450)	hori	left	True	1022671	1024092	left	(800, 450)	testing
11	ly	f	19	1	circle	green	dif	(968, 450)	(632, 450)	vert	up	True	1025647	1027356	up	(800, 450)	testing
11	ly	f	19	1	circle	red	same	(632, 450)	(800, 618)	vert	up	True	1028751	1031628	up	(800, 450)	testing
11	ly	f	19	1	circle	green	dif	(632, 450)	(800, 618)	vert	up	True	1033288	1034252	up	(800, 450)	testing
11	ly	f	19	1	circle	none	dif	N_dis	(800, 282)	vert	up	True	1035836	1036812	up	(800, 450)	testing
11	ly	f	19	1	diamond	green	dif	(632, 450)	(800, 282)	vert	up	True	1038444	1039420	left	(800, 450)	testing
11	ly	f	19	1	circle	green	dif	(800, 618)	(800, 282)	vert	up	True	1042379	1044972	up	(800, 450)	testing
11	ly	f	19	1	diamond	none	dif	N_dis	(800, 618)	hori	left	True	1046390	1047612	left	(800, 450)	testing
11	ly	f	19	1	diamond	green	same	(800, 618)	(632, 450)	hori	left	True	1049044	1050780	left	(800, 450)	testing
11	ly	f	19	1	diamond	none	same	N_dis	(632, 450)	hori	left	True	1052289	1053468	left	(800, 450)	testing
11	ly	f	19	1	circle	red	same	(632, 450)	(800, 282)	vert	up	True	1054856	1056300	up	(800, 450)	testing
11	ly	f	19	1	circle	none	dif	N_dis	(800, 282)	vert	up	True	1057733	1059020	up	(800, 450)	testing
11	ly	f	19	1	circle	green	dif	(968, 450)	(800, 618)	hori	left	True	1060399	1063068	left	(800, 450)	testing
11	ly	f	19	1	circle	green	dif	(800, 618)	(632, 450)	vert	up	True	1064737	1067148	up	(800, 450)	testing
11	ly	f	19	1	circle	green	same	(800, 618)	(632, 450)	vert	up	True	1068592	1069660	up	(800, 450)	testing
11	ly	f	19	1	diamond	none	dif	N_dis	(800, 618)	hori	left	True	1071204	1073132	left	(800, 450)	testing
11	ly	f	19	1	diamond	red	dif	(632, 450)	(800, 282)	hori	left	True	1074536	1076989	left	(800, 450)	testing
11	ly	f	19	1	diamond	green	dif	(632, 450)	(968, 450)	hori	left	True	1078610	1079676	left	(800, 450)	testing
11	ly	f	19	1	circle	none	dif	N_dis	(800, 618)	hori	left	True	1081153	1082380	left	(800, 450)	testing
11	ly	f	19	1	circle	green	dif	(632, 450)	(968, 450)	hori	left	True	1083985	1085356	left	(800, 450)	testing
11	ly	f	19	1	circle	none	dif	N_dis	(968, 450)	hori	left	True	1086779	1087900	left	(800, 450)	testing
11	ly	f	19	1	diamond	red	same	(800, 282)	(632, 450)	hori	left	True	1089386	1091164	left	(800, 450)	testing
11	ly	f	19	1	circle	green	dif	(800, 282)	(800, 618)	hori	left	True	1092669	1094124	left	(800, 450)	testing
11	ly	f	19	1	diamond	red	dif	(800, 618)	(632, 450)	vert	up	True	1095762	1097196	up	(800, 450)	testing
11	ly	f	19	1	diamond	none	same	N_dis	(968, 450)	hori	left	True	1098711	1099612	left	(800, 450)	testing
11	ly	f	19	1	circle	green	same	(632, 450)	(968, 450)	hori	left	True	1101270	1102204	left	(800, 450)	testing
11	ly	f	19	1	circle	green	same	(800, 618)	(632, 450)	hori	left	True	1103750	1104732	left	(800, 450)	testing
11	ly	f	19	1	diamond	green	dif	(800, 282)	(632, 450)	vert	up	True	1106239	1107308	up	(800, 450)	testing
11	ly	f	19	1	diamond	none	dif	N_dis	(800, 282)	vert	up	True	1108687	1109724	up	(800, 450)	testing
11	ly	f	19	1	diamond	red	dif	(800, 618)	(800, 282)	vert	up	True	1111238	1112124	up	(800, 450)	testing
11	ly	f	19	1	circle	none	dif	N_dis	(632, 450)	vert	up	True	1113654	1115452	up	(800, 450)	testing
11	ly	f	19	1	diamond	red	dif	(632, 450)	(968, 450)	vert	up	True	1116996	1119452	up	(800, 450)	testing
11	ly	f	19	1	circle	none	dif	N_dis	(800, 618)	vert	up	True	1120951	1122764	up	(800, 450)	testing
11	ly	f	19	1	diamond	green	dif	(800, 618)	(800, 282)	hori	left	True	1124418	1126364	left	(800, 450)	testing
11	ly	f	19	1	diamond	red	same	(800, 618)	(968, 450)	hori	left	True	1128035	1130012	left	(800, 450)	testing
11	ly	f	19	1	circle	none	dif	N_dis	(632, 450)	hori	left	True	1131548	1133196	left	(800, 450)	testing
11	ly	f	19	1	diamond	green	dif	(800, 282)	(632, 450)	hori	left	True	1134573	1136348	left	(800, 450)	testing
11	ly	f	19	1	diamond	green	same	(968, 450)	(632, 450)	vert	up	True	1137757	1139900	up	(800, 450)	testing
11	ly	f	19	1	diamond	red	dif	(632, 450)	(800, 282)	vert	up	True	1141354	1142524	up	(800, 450)	testing
11	ly	f	19	1	diamond	red	same	(632, 450)	(800, 618)	vert	up	True	1144010	1145724	up	(800, 450)	testing
11	ly	f	19	1	circle	green	same	(968, 450)	(800, 618)	vert	up	True	1147372	1148684	left	(800, 450)	testing
11	ly	f	19	1	circle	none	dif	N_dis	(968, 450)	vert	up	True	1151757	1152572	up	(800, 450)	testing
11	ly	f	19	1	circle	green	dif	(632, 450)	(800, 618)	vert	up	True	1154028	1156012	up	(800, 450)	testing
11	ly	f	19	1	circle	none	same	N_dis	(968, 450)	vert	up	True	1157648	1159612	up	(800, 450)	testing
11	ly	f	19	1	circle	green	dif	(632, 450)	(800, 282)	vert	up	True	1161228	1162908	up	(800, 450)	testing
11	ly	f	19	1	circle	green	same	(800, 282)	(800, 618)	hori	left	True	1164440	1165820	left	(800, 450)	testing
11	ly	f	19	1	circle	none	same	N_dis	(968, 450)	vert	up	True	1167225	1168396	up	(800, 450)	testing
11	ly	f	19	1	circle	none	same	N_dis	(800, 282)	hori	left	True	1170045	1170876	left	(800, 450)	testing
11	ly	f	19	1	diamond	none	same	N_dis	(800, 282)	hori	left	True	1172496	1173916	left	(800, 450)	testing
11	ly	f	19	1	diamond	none	dif	N_dis	(800, 282)	hori	left	True	1175387	1176716	left	(800, 450)	testing
11	ly	f	19	1	circle	green	same	(632, 450)	(968, 450)	hori	left	True	1178329	1179436	left	(800, 450)	testing
11	ly	f	19	1	diamond	none	dif	N_dis	(800, 618)	hori	left	True	1180838	1182364	left	(800, 450)	testing
11	ly	f	19	1	circle	none	same	N_dis	(968, 450)	vert	up	True	1183889	1185276	up	(800, 450)	testing
11	ly	f	19	1	circle	none	same	N_dis	(800, 618)	hori	left	True	1186906	1187788	left	(800, 450)	testing
11	ly	f	19	1	circle	green	dif	(632, 450)	(800, 282)	vert	up	True	1189236	1190508	up	(800, 450)	testing
11	ly	f	19	1	circle	red	same	(800, 282)	(968, 450)	hori	left	True	1191982	1193100	left	(800, 450)	testing
11	ly	f	19	1	circle	green	same	(800, 618)	(632, 450)	vert	up	True	1194540	1197004	up	(800, 450)	testing
11	ly	f	19	1	circle	green	dif	(800, 618)	(968, 450)	vert	up	True	1198474	1200188	up	(800, 450)	testing
11	ly	f	19	1	circle	red	dif	(632, 450)	(800, 618)	vert	up	True	1201861	1204236	up	(800, 450)	testing
11	ly	f	19	1	diamond	green	same	(800, 282)	(968, 450)	vert	up	True	1205860	1207388	up	(800, 450)	testing
11	ly	f	19	1	circle	red	dif	(968, 450)	(800, 282)	hori	left	True	1208964	1210284	left	(800, 450)	testing
11	ly	f	19	1	diamond	red	same	(800, 618)	(968, 450)	vert	up	True	1211802	1213308	up	(800, 450)	testing
11	ly	f	19	1	diamond	red	dif	(632, 450)	(800, 618)	vert	up	True	1214861	1216652	up	(800, 450)	testing
11	ly	f	19	1	diamond	none	dif	N_dis	(968, 450)	hori	left	True	1218145	1219324	left	(800, 450)	testing
