subj	name	gender	age	runNum	shape	dist	td_dif	d_loc	t_loc	resp	resp_key	gotKey	startTime	respTime	resp	fix_loc	prac
12	jy	m	18	1	circle	none	dif	N_dis	(800, 618)	hori	left	True	81229	82445	left	(800, 450)	practice
12	jy	m	18	1	diamond	red	same	(800, 618)	(968, 450)	hori	left	True	84071	85693	left	(800, 450)	practice
12	jy	m	18	1	circle	red	dif	(800, 618)	(800, 282)	hori	left	True	87086	88925	left	(800, 450)	practice
12	jy	m	18	1	diamond	green	dif	(800, 618)	(632, 450)	vert	up	True	90342	91837	up	(800, 450)	practice
12	jy	m	18	1	diamond	red	dif	(800, 618)	(968, 450)	hori	left	True	93410	94925	left	(800, 450)	practice
12	jy	m	18	1	circle	red	same	(800, 618)	(800, 282)	hori	left	True	96402	97677	left	(800, 450)	practice
12	jy	m	18	1	diamond	none	dif	N_dis	(968, 450)	vert	up	True	99243	100365	up	(800, 450)	practice
12	jy	m	18	1	diamond	green	dif	(800, 618)	(632, 450)	vert	up	True	101976	103132	up	(800, 450)	practice
12	jy	m	18	1	circle	green	dif	(800, 618)	(968, 450)	hori	left	True	104536	105821	left	(800, 450)	practice
12	jy	m	18	1	diamond	none	dif	N_dis	(632, 450)	hori	left	True	107273	109132	left	(800, 450)	practice
12	jy	m	18	1	circle	red	same	(800, 618)	(800, 282)	vert	up	True	110667	111901	up	(800, 450)	practice
12	jy	m	18	1	circle	red	same	(800, 618)	(632, 450)	hori	left	True	113368	114365	left	(800, 450)	practice
12	jy	m	18	1	circle	none	same	N_dis	(632, 450)	vert	up	True	115993	117180	up	(800, 450)	practice
12	jy	m	18	1	circle	red	dif	(800, 618)	(968, 450)	vert	up	True	118738	119886	up	(800, 450)	practice
12	jy	m	18	1	circle	green	dif	(800, 618)	(800, 282)	hori	left	True	121511	122605	left	(800, 450)	practice
12	jy	m	18	1	diamond	none	dif	N_dis	(800, 618)	hori	left	True	124092	125421	left	(800, 450)	practice
12	jy	m	18	1	diamond	green	same	(800, 618)	(632, 450)	vert	up	True	126987	128028	up	(800, 450)	practice
12	jy	m	18	1	circle	none	same	N_dis	(968, 450)	hori	left	True	129490	130589	left	(800, 450)	practice
12	jy	m	18	1	circle	green	dif	(800, 618)	(968, 450)	hori	left	True	132167	132925	left	(800, 450)	practice
12	jy	m	18	1	circle	red	dif	(800, 618)	(800, 282)	vert	up	True	134588	135277	up	(800, 450)	practice
12	jy	m	18	1	circle	green	same	(800, 618)	(632, 450)	hori	left	True	136800	137661	left	(800, 450)	practice
12	jy	m	18	1	diamond	none	same	N_dis	(800, 618)	hori	left	True	139163	140621	left	(800, 450)	practice
12	jy	m	18	1	diamond	none	dif	N_dis	(632, 450)	vert	up	True	142234	143293	up	(800, 450)	practice
12	jy	m	18	1	diamond	red	dif	(800, 618)	(968, 450)	hori	left	True	144741	145950	left	(800, 450)	practice
12	jy	m	18	1	diamond	red	dif	(800, 618)	(800, 282)	vert	up	True	147545	148397	up	(800, 450)	practice
12	jy	m	18	1	circle	red	same	(800, 618)	(632, 450)	vert	up	True	150000	151245	up	(800, 450)	practice
12	jy	m	18	1	diamond	green	same	(800, 618)	(968, 450)	hori	left	True	152652	153981	left	(800, 450)	practice
12	jy	m	18	1	circle	none	same	N_dis	(800, 282)	hori	left	True	155373	156446	left	(800, 450)	practice
12	jy	m	18	1	diamond	none	same	N_dis	(968, 450)	vert	up	True	157893	158749	up	(800, 450)	practice
12	jy	m	18	1	circle	none	dif	N_dis	(800, 282)	vert	up	True	160163	161566	up	(800, 450)	practice
12	jy	m	18	1	circle	none	same	N_dis	(800, 282)	vert	up	True	163163	164220	up	(800, 450)	practice
12	jy	m	18	1	circle	red	dif	(800, 618)	(800, 282)	hori	left	True	165877	166973	left	(800, 450)	practice
12	jy	m	18	1	diamond	green	same	(800, 618)	(632, 450)	vert	up	True	168579	170220	up	(800, 450)	practice
12	jy	m	18	1	diamond	green	dif	(800, 618)	(968, 450)	hori	left	True	171658	172941	left	(800, 450)	practice
12	jy	m	18	1	diamond	red	dif	(800, 618)	(800, 282)	hori	left	True	174587	175757	left	(800, 450)	practice
12	jy	m	18	1	diamond	red	dif	(800, 618)	(632, 450)	vert	up	True	177254	178156	up	(800, 450)	practice
12	jy	m	18	1	circle	none	dif	N_dis	(632, 450)	hori	left	True	179647	180637	left	(800, 450)	practice
12	jy	m	18	1	diamond	green	same	(800, 618)	(968, 450)	vert	up	True	182083	183068	up	(800, 450)	practice
12	jy	m	18	1	diamond	green	dif	(800, 618)	(800, 282)	hori	left	True	184684	186108	left	(800, 450)	practice
12	jy	m	18	1	diamond	red	dif	(800, 618)	(632, 450)	hori	left	True	187610	188429	left	(800, 450)	practice
12	jy	m	18	1	circle	green	dif	(800, 282)	(632, 450)	vert	up	True	213324	214861	up	(800, 450)	testing
12	jy	m	18	1	diamond	green	same	(800, 282)	(968, 450)	hori	left	True	216481	217789	left	(800, 450)	testing
12	jy	m	18	1	circle	green	same	(800, 618)	(632, 450)	vert	up	True	219440	220285	left	(800, 450)	testing
12	jy	m	18	1	circle	none	dif	N_dis	(800, 282)	vert	up	True	223230	224285	up	(800, 450)	testing
12	jy	m	18	1	diamond	red	dif	(800, 282)	(632, 450)	hori	left	True	225858	227212	left	(800, 450)	testing
12	jy	m	18	1	diamond	none	dif	N_dis	(968, 450)	vert	up	True	228655	230172	up	(800, 450)	testing
12	jy	m	18	1	circle	red	dif	(800, 618)	(800, 282)	vert	up	True	231681	233132	up	(800, 450)	testing
12	jy	m	18	1	circle	none	dif	N_dis	(800, 282)	hori	left	True	234693	235725	left	(800, 450)	testing
12	jy	m	18	1	circle	red	same	(968, 450)	(632, 450)	hori	left	True	237236	238156	left	(800, 450)	testing
12	jy	m	18	1	circle	green	dif	(800, 618)	(968, 450)	vert	up	True	239625	240845	up	(800, 450)	testing
12	jy	m	18	1	circle	red	dif	(632, 450)	(800, 282)	hori	left	True	242338	243341	left	(800, 450)	testing
12	jy	m	18	1	circle	green	dif	(800, 618)	(632, 450)	hori	left	True	244900	245677	left	(800, 450)	testing
12	jy	m	18	1	circle	none	dif	N_dis	(632, 450)	vert	up	True	247217	248028	up	(800, 450)	testing
12	jy	m	18	1	circle	red	same	(968, 450)	(800, 618)	vert	up	True	249547	250989	up	(800, 450)	testing
12	jy	m	18	1	diamond	red	same	(800, 618)	(632, 450)	vert	up	True	252417	253789	up	(800, 450)	testing
12	jy	m	18	1	diamond	green	dif	(800, 618)	(632, 450)	vert	up	True	255432	256429	up	(800, 450)	testing
12	jy	m	18	1	circle	green	same	(800, 282)	(968, 450)	hori	left	True	257995	258829	left	(800, 450)	testing
12	jy	m	18	1	circle	green	same	(800, 618)	(968, 450)	hori	left	True	260453	261196	left	(800, 450)	testing
12	jy	m	18	1	circle	none	dif	N_dis	(968, 450)	vert	up	True	262789	263373	up	(800, 450)	testing
12	jy	m	18	1	circle	none	same	N_dis	(800, 618)	vert	up	True	264907	265758	up	(800, 450)	testing
12	jy	m	18	1	circle	red	same	(800, 618)	(632, 450)	hori	left	True	267287	267997	left	(800, 450)	testing
12	jy	m	18	1	diamond	green	dif	(800, 618)	(632, 450)	vert	up	True	269523	270862	up	(800, 450)	testing
12	jy	m	18	1	diamond	green	dif	(800, 618)	(632, 450)	vert	up	True	272520	273309	up	(800, 450)	testing
12	jy	m	18	1	diamond	red	same	(800, 618)	(968, 450)	hori	left	True	274800	276493	left	(800, 450)	testing
12	jy	m	18	1	circle	red	same	(800, 618)	(632, 450)	hori	left	True	277904	278685	left	(800, 450)	testing
12	jy	m	18	1	circle	none	same	N_dis	(632, 450)	vert	up	True	280146	280893	up	(800, 450)	testing
12	jy	m	18	1	diamond	red	dif	(800, 618)	(632, 450)	hori	left	True	282414	283933	left	(800, 450)	testing
12	jy	m	18	1	circle	green	dif	(800, 618)	(800, 282)	vert	up	True	285432	286269	up	(800, 450)	testing
12	jy	m	18	1	circle	green	same	(968, 450)	(800, 618)	hori	left	True	287693	288813	left	(800, 450)	testing
12	jy	m	18	1	diamond	green	same	(800, 282)	(800, 618)	vert	up	True	290256	291710	up	(800, 450)	testing
12	jy	m	18	1	diamond	none	dif	N_dis	(800, 282)	vert	up	True	293090	294172	up	(800, 450)	testing
12	jy	m	18	1	circle	none	same	N_dis	(968, 450)	hori	left	True	295766	297100	left	(800, 450)	testing
12	jy	m	18	1	circle	green	dif	(800, 282)	(800, 618)	vert	up	True	298491	299549	up	(800, 450)	testing
12	jy	m	18	1	diamond	none	dif	N_dis	(800, 282)	vert	up	True	300942	302125	up	(800, 450)	testing
12	jy	m	18	1	diamond	red	dif	(632, 450)	(968, 450)	hori	left	True	303649	305084	left	(800, 450)	testing
12	jy	m	18	1	diamond	none	dif	N_dis	(968, 450)	vert	up	True	306611	307358	up	(800, 450)	testing
12	jy	m	18	1	circle	green	dif	(968, 450)	(632, 450)	hori	left	True	308750	309629	left	(800, 450)	testing
12	jy	m	18	1	circle	green	dif	(968, 450)	(800, 282)	hori	left	True	311245	313180	left	(800, 450)	testing
12	jy	m	18	1	diamond	red	same	(968, 450)	(800, 282)	vert	up	True	314605	315981	up	(800, 450)	testing
12	jy	m	18	1	circle	none	same	N_dis	(800, 618)	hori	left	True	317592	318413	left	(800, 450)	testing
12	jy	m	18	1	diamond	none	dif	N_dis	(800, 282)	hori	left	True	319906	321148	left	(800, 450)	testing
12	jy	m	18	1	diamond	red	dif	(800, 618)	(632, 450)	hori	left	True	322791	323741	left	(800, 450)	testing
12	jy	m	18	1	circle	red	same	(800, 618)	(800, 282)	vert	up	True	325336	326285	up	(800, 450)	testing
12	jy	m	18	1	diamond	green	dif	(800, 618)	(632, 450)	hori	left	True	327753	328701	left	(800, 450)	testing
12	jy	m	18	1	diamond	none	same	N_dis	(968, 450)	hori	left	True	330262	331052	left	(800, 450)	testing
12	jy	m	18	1	circle	none	dif	N_dis	(800, 282)	hori	left	True	332572	333358	left	(800, 450)	testing
12	jy	m	18	1	circle	none	same	N_dis	(800, 282)	vert	up	True	334758	335565	up	(800, 450)	testing
12	jy	m	18	1	circle	green	same	(632, 450)	(800, 618)	hori	left	True	337123	338285	left	(800, 450)	testing
12	jy	m	18	1	diamond	green	same	(800, 618)	(800, 282)	hori	left	True	339735	341325	left	(800, 450)	testing
12	jy	m	18	1	diamond	green	dif	(800, 618)	(968, 450)	hori	left	True	342700	343949	left	(800, 450)	testing
12	jy	m	18	1	diamond	none	dif	N_dis	(800, 618)	hori	left	True	345500	346509	left	(800, 450)	testing
12	jy	m	18	1	circle	red	same	(800, 618)	(632, 450)	hori	left	True	347940	349741	left	(800, 450)	testing
12	jy	m	18	1	diamond	green	dif	(800, 618)	(800, 282)	hori	left	True	351336	352573	left	(800, 450)	testing
12	jy	m	18	1	circle	none	dif	N_dis	(968, 450)	vert	up	True	354225	355709	up	(800, 450)	testing
12	jy	m	18	1	diamond	none	same	N_dis	(800, 282)	hori	left	True	357258	358717	left	(800, 450)	testing
12	jy	m	18	1	circle	red	dif	(968, 450)	(800, 618)	hori	left	True	360230	361533	left	(800, 450)	testing
12	jy	m	18	1	circle	green	dif	(968, 450)	(800, 618)	vert	up	True	363153	364205	up	(800, 450)	testing
12	jy	m	18	1	circle	green	same	(800, 618)	(968, 450)	vert	up	True	365848	366829	up	(800, 450)	testing
12	jy	m	18	1	diamond	none	dif	N_dis	(632, 450)	hori	left	True	368421	369486	left	(800, 450)	testing
12	jy	m	18	1	circle	none	dif	N_dis	(968, 450)	vert	up	True	370915	371885	up	(800, 450)	testing
12	jy	m	18	1	diamond	red	dif	(800, 618)	(632, 450)	hori	left	True	373298	374973	left	(800, 450)	testing
12	jy	m	18	1	circle	none	dif	N_dis	(632, 450)	hori	left	True	376359	377100	left	(800, 450)	testing
12	jy	m	18	1	circle	none	same	N_dis	(800, 282)	hori	left	True	378749	379645	left	(800, 450)	testing
12	jy	m	18	1	circle	none	dif	N_dis	(968, 450)	hori	left	True	381314	382028	left	(800, 450)	testing
12	jy	m	18	1	circle	red	same	(632, 450)	(968, 450)	hori	left	True	383646	384749	left	(800, 450)	testing
12	jy	m	18	1	circle	red	same	(632, 450)	(800, 282)	vert	up	True	386141	387629	up	(800, 450)	testing
12	jy	m	18	1	diamond	green	same	(800, 618)	(968, 450)	hori	left	True	389217	390349	left	(800, 450)	testing
12	jy	m	18	1	diamond	green	same	(968, 450)	(800, 282)	vert	up	True	391733	392925	up	(800, 450)	testing
12	jy	m	18	1	diamond	none	dif	N_dis	(632, 450)	vert	up	True	394400	395709	up	(800, 450)	testing
12	jy	m	18	1	circle	none	dif	N_dis	(800, 282)	hori	left	True	397262	398188	left	(800, 450)	testing
12	jy	m	18	1	circle	none	same	N_dis	(632, 450)	hori	left	True	399842	400653	left	(800, 450)	testing
12	jy	m	18	1	diamond	green	same	(800, 618)	(968, 450)	hori	left	True	402155	403068	left	(800, 450)	testing
12	jy	m	18	1	diamond	red	same	(800, 618)	(968, 450)	hori	left	True	404634	405486	left	(800, 450)	testing
12	jy	m	18	1	diamond	none	dif	N_dis	(800, 618)	vert	up	True	406965	408076	up	(800, 450)	testing
12	jy	m	18	1	diamond	red	dif	(800, 618)	(632, 450)	hori	left	True	409568	410477	left	(800, 450)	testing
12	jy	m	18	1	diamond	red	dif	(800, 618)	(800, 282)	hori	left	True	412146	412973	left	(800, 450)	testing
12	jy	m	18	1	diamond	red	same	(800, 282)	(800, 618)	hori	left	True	414436	415742	left	(800, 450)	testing
12	jy	m	18	1	circle	red	same	(632, 450)	(800, 282)	hori	left	True	417344	419116	left	(800, 450)	testing
12	jy	m	18	1	diamond	green	dif	(632, 450)	(800, 618)	vert	up	True	420781	421997	up	(800, 450)	testing
12	jy	m	18	1	circle	green	same	(800, 282)	(800, 618)	hori	left	True	423603	424925	left	(800, 450)	testing
12	jy	m	18	1	circle	none	same	N_dis	(968, 450)	vert	up	True	426355	427773	up	(800, 450)	testing
12	jy	m	18	1	circle	red	dif	(800, 282)	(632, 450)	hori	left	True	429202	430317	left	(800, 450)	testing
12	jy	m	18	1	circle	none	dif	N_dis	(800, 618)	vert	up	True	431862	432829	up	(800, 450)	testing
12	jy	m	18	1	circle	green	same	(632, 450)	(968, 450)	hori	left	True	434272	434989	left	(800, 450)	testing
12	jy	m	18	1	circle	green	same	(968, 450)	(800, 282)	hori	left	True	436518	438108	left	(800, 450)	testing
12	jy	m	18	1	circle	green	dif	(800, 282)	(632, 450)	vert	up	True	439561	440701	up	(800, 450)	testing
12	jy	m	18	1	circle	none	same	N_dis	(800, 618)	hori	left	True	442107	442861	left	(800, 450)	testing
12	jy	m	18	1	circle	green	same	(800, 282)	(968, 450)	vert	up	True	444510	445357	up	(800, 450)	testing
12	jy	m	18	1	circle	green	dif	(800, 618)	(968, 450)	hori	left	True	446847	448108	left	(800, 450)	testing
12	jy	m	18	1	circle	green	same	(800, 282)	(632, 450)	hori	left	True	449578	451196	left	(800, 450)	testing
12	jy	m	18	1	diamond	red	same	(968, 450)	(800, 282)	vert	up	True	452758	453805	up	(800, 450)	testing
12	jy	m	18	1	diamond	green	dif	(800, 618)	(632, 450)	vert	up	True	455338	456269	up	(800, 450)	testing
12	jy	m	18	1	circle	green	same	(800, 618)	(632, 450)	hori	left	True	457845	459020	left	(800, 450)	testing
12	jy	m	18	1	diamond	green	same	(800, 618)	(968, 450)	vert	up	True	460422	461533	up	(800, 450)	testing
12	jy	m	18	1	circle	red	dif	(800, 618)	(968, 450)	vert	up	True	463094	463869	up	(800, 450)	testing
12	jy	m	18	1	circle	none	same	N_dis	(800, 282)	hori	left	True	465514	466365	left	(800, 450)	testing
12	jy	m	18	1	diamond	red	same	(632, 450)	(800, 282)	hori	left	True	467879	469469	left	(800, 450)	testing
12	jy	m	18	1	circle	green	dif	(800, 618)	(800, 282)	vert	up	True	470921	471821	up	(800, 450)	testing
12	jy	m	18	1	diamond	red	same	(800, 282)	(968, 450)	hori	left	True	473465	474717	left	(800, 450)	testing
12	jy	m	18	1	circle	none	dif	N_dis	(800, 618)	hori	left	True	476283	477693	left	(800, 450)	testing
12	jy	m	18	1	diamond	none	same	N_dis	(632, 450)	vert	up	True	479159	480621	up	(800, 450)	testing
12	jy	m	18	1	circle	none	same	N_dis	(632, 450)	vert	up	True	482097	483133	up	(800, 450)	testing
12	jy	m	18	1	circle	none	same	N_dis	(632, 450)	hori	left	True	484560	485469	left	(800, 450)	testing
12	jy	m	18	1	circle	red	same	(800, 618)	(632, 450)	hori	left	True	487116	487949	left	(800, 450)	testing
12	jy	m	18	1	diamond	none	dif	N_dis	(800, 618)	vert	up	True	489510	490493	up	(800, 450)	testing
12	jy	m	18	1	diamond	green	same	(968, 450)	(800, 618)	vert	up	True	491911	493453	up	(800, 450)	testing
12	jy	m	18	1	circle	red	same	(968, 450)	(800, 618)	hori	left	True	494929	496782	left	(800, 450)	testing
12	jy	m	18	1	diamond	none	same	N_dis	(632, 450)	vert	up	True	498351	499180	up	(800, 450)	testing
12	jy	m	18	1	circle	red	dif	(800, 618)	(800, 282)	vert	up	True	500781	502829	up	(800, 450)	testing
12	jy	m	18	1	circle	none	dif	N_dis	(632, 450)	vert	up	True	504252	505100	up	(800, 450)	testing
12	jy	m	18	1	circle	green	dif	(800, 618)	(632, 450)	vert	up	True	506542	507325	up	(800, 450)	testing
12	jy	m	18	1	circle	green	dif	(800, 618)	(800, 282)	vert	up	True	508921	509645	up	(800, 450)	testing
12	jy	m	18	1	diamond	red	dif	(800, 618)	(968, 450)	hori	left	True	511061	512477	left	(800, 450)	testing
12	jy	m	18	1	circle	none	same	N_dis	(800, 618)	hori	left	True	513923	514669	left	(800, 450)	testing
12	jy	m	18	1	circle	green	same	(800, 618)	(968, 450)	hori	left	True	516096	516973	left	(800, 450)	testing
12	jy	m	18	1	diamond	red	dif	(632, 450)	(800, 282)	vert	up	True	518413	519310	up	(800, 450)	testing
12	jy	m	18	1	circle	none	dif	N_dis	(800, 282)	vert	up	True	520824	521613	up	(800, 450)	testing
12	jy	m	18	1	diamond	green	dif	(800, 618)	(800, 282)	hori	left	True	523265	524076	left	(800, 450)	testing
12	jy	m	18	1	diamond	red	dif	(968, 450)	(800, 618)	vert	up	False	525584	None	None	(800, 450)	testing
12	jy	m	18	1	circle	red	same	(800, 618)	(800, 282)	hori	left	True	531779	532749	left	(800, 450)	testing
12	jy	m	18	1	diamond	red	dif	(800, 618)	(968, 450)	hori	left	True	534245	535309	left	(800, 450)	testing
12	jy	m	18	1	diamond	green	dif	(800, 618)	(800, 282)	vert	up	True	536685	537341	up	(800, 450)	testing
12	jy	m	18	1	diamond	none	dif	N_dis	(800, 618)	vert	up	True	538932	540045	up	(800, 450)	testing
12	jy	m	18	1	circle	red	same	(632, 450)	(800, 618)	vert	up	True	541434	542589	up	(800, 450)	testing
12	jy	m	18	1	diamond	red	same	(800, 618)	(800, 282)	hori	left	True	544027	544957	left	(800, 450)	testing
12	jy	m	18	1	diamond	green	same	(800, 618)	(800, 282)	hori	left	True	546402	547325	left	(800, 450)	testing
12	jy	m	18	1	diamond	red	dif	(800, 282)	(968, 450)	hori	left	True	548930	550285	left	(800, 450)	testing
12	jy	m	18	1	diamond	red	same	(800, 618)	(800, 282)	vert	up	True	551939	552653	up	(800, 450)	testing
12	jy	m	18	1	circle	green	same	(800, 282)	(800, 618)	hori	left	True	554240	555262	left	(800, 450)	testing
12	jy	m	18	1	circle	none	dif	N_dis	(968, 450)	vert	up	True	556725	557693	up	(800, 450)	testing
12	jy	m	18	1	circle	green	dif	(800, 618)	(632, 450)	hori	left	True	559108	559837	left	(800, 450)	testing
12	jy	m	18	1	circle	red	dif	(800, 618)	(800, 282)	vert	up	True	561265	562204	up	(800, 450)	testing
12	jy	m	18	1	circle	none	dif	N_dis	(800, 282)	vert	up	True	563633	564461	up	(800, 450)	testing
12	jy	m	18	1	diamond	green	dif	(800, 618)	(632, 450)	hori	left	True	566095	567052	left	(800, 450)	testing
12	jy	m	18	1	circle	green	dif	(632, 450)	(968, 450)	vert	up	True	568448	569485	up	(800, 450)	testing
12	jy	m	18	1	circle	green	same	(632, 450)	(968, 450)	hori	left	True	571036	571821	left	(800, 450)	testing
12	jy	m	18	1	diamond	none	same	N_dis	(968, 450)	hori	left	True	573241	574621	left	(800, 450)	testing
12	jy	m	18	1	diamond	red	same	(800, 618)	(800, 282)	vert	up	True	576149	577325	up	(800, 450)	testing
12	jy	m	18	1	circle	red	dif	(968, 450)	(800, 282)	vert	up	True	578872	580573	up	(800, 450)	testing
12	jy	m	18	1	diamond	none	same	N_dis	(968, 450)	hori	left	True	581955	583036	left	(800, 450)	testing
12	jy	m	18	1	diamond	green	same	(800, 618)	(632, 450)	hori	left	True	584434	585693	left	(800, 450)	testing
12	jy	m	18	1	diamond	green	dif	(800, 282)	(632, 450)	hori	left	True	587318	589036	up	(800, 450)	testing
12	jy	m	18	1	diamond	green	dif	(632, 450)	(800, 282)	vert	up	True	592204	593901	up	(800, 450)	testing
12	jy	m	18	1	circle	none	dif	N_dis	(632, 450)	hori	left	True	595450	596156	left	(800, 450)	testing
12	jy	m	18	1	circle	none	same	N_dis	(968, 450)	vert	up	True	597620	598605	up	(800, 450)	testing
12	jy	m	18	1	circle	red	same	(800, 618)	(800, 282)	vert	up	True	600016	601917	up	(800, 450)	testing
12	jy	m	18	1	diamond	red	dif	(800, 618)	(800, 282)	hori	left	True	603420	604509	left	(800, 450)	testing
12	jy	m	18	1	circle	none	dif	N_dis	(800, 282)	hori	left	True	605889	606637	left	(800, 450)	testing
12	jy	m	18	1	circle	red	dif	(632, 450)	(800, 618)	hori	left	True	608219	609277	left	(800, 450)	testing
12	jy	m	18	1	diamond	green	dif	(800, 618)	(800, 282)	vert	up	True	610816	611565	up	(800, 450)	testing
12	jy	m	18	1	diamond	none	same	N_dis	(968, 450)	hori	left	True	613214	614044	left	(800, 450)	testing
12	jy	m	18	1	diamond	none	same	N_dis	(968, 450)	vert	up	True	615489	616637	up	(800, 450)	testing
12	jy	m	18	1	diamond	green	same	(968, 450)	(800, 618)	vert	up	True	618149	619534	up	(800, 450)	testing
12	jy	m	18	1	diamond	red	same	(632, 450)	(800, 282)	vert	up	True	621153	622926	up	(800, 450)	testing
12	jy	m	18	1	circle	red	dif	(800, 618)	(968, 450)	hori	left	True	624383	625533	left	(800, 450)	testing
12	jy	m	18	1	diamond	red	dif	(800, 618)	(800, 282)	hori	left	True	627005	627966	left	(800, 450)	testing
12	jy	m	18	1	circle	none	same	N_dis	(800, 618)	vert	up	True	629398	631084	up	(800, 450)	testing
12	jy	m	18	1	diamond	red	same	(632, 450)	(800, 282)	hori	left	True	632469	633821	left	(800, 450)	testing
12	jy	m	18	1	diamond	none	dif	N_dis	(800, 282)	vert	up	True	635271	636220	up	(800, 450)	testing
12	jy	m	18	1	circle	none	dif	N_dis	(968, 450)	vert	up	True	637628	638797	up	(800, 450)	testing
12	jy	m	18	1	circle	red	dif	(632, 450)	(800, 618)	vert	up	True	640182	642060	up	(800, 450)	testing
12	jy	m	18	1	diamond	green	dif	(800, 618)	(800, 282)	vert	up	True	643670	645116	up	(800, 450)	testing
12	jy	m	18	1	circle	red	dif	(800, 282)	(800, 618)	hori	left	True	646677	648558	left	(800, 450)	testing
12	jy	m	18	1	circle	none	dif	N_dis	(632, 450)	hori	left	True	650014	651244	left	(800, 450)	testing
12	jy	m	18	1	circle	none	same	N_dis	(800, 618)	vert	up	True	652842	653901	up	(800, 450)	testing
12	jy	m	18	1	diamond	green	dif	(632, 450)	(800, 618)	vert	up	True	655508	656717	up	(800, 450)	testing
12	jy	m	18	1	circle	none	same	N_dis	(968, 450)	hori	left	True	658135	659005	left	(800, 450)	testing
12	jy	m	18	1	circle	none	dif	N_dis	(968, 450)	hori	left	True	660461	662637	left	(800, 450)	testing
12	jy	m	18	1	circle	red	dif	(632, 450)	(800, 282)	hori	left	True	664049	664893	left	(800, 450)	testing
12	jy	m	18	1	circle	red	same	(632, 450)	(800, 282)	vert	up	True	666412	667341	up	(800, 450)	testing
12	jy	m	18	1	diamond	none	same	N_dis	(800, 282)	vert	up	True	668760	669725	up	(800, 450)	testing
12	jy	m	18	1	diamond	green	same	(800, 282)	(632, 450)	hori	left	True	671341	672621	left	(800, 450)	testing
12	jy	m	18	1	circle	green	same	(800, 282)	(632, 450)	vert	up	True	674084	676220	up	(800, 450)	testing
12	jy	m	18	1	diamond	red	same	(800, 618)	(632, 450)	vert	up	True	677754	679164	up	(800, 450)	testing
12	jy	m	18	1	circle	red	dif	(800, 618)	(968, 450)	hori	left	True	680804	681629	left	(800, 450)	testing
12	jy	m	18	1	circle	none	same	N_dis	(632, 450)	vert	up	True	683230	684637	up	(800, 450)	testing
12	jy	m	18	1	diamond	red	same	(632, 450)	(968, 450)	hori	left	True	686201	687805	left	(800, 450)	testing
12	jy	m	18	1	diamond	green	same	(800, 618)	(968, 450)	vert	up	True	689224	691901	up	(800, 450)	testing
12	jy	m	18	1	diamond	green	same	(968, 450)	(632, 450)	vert	up	True	693511	694573	up	(800, 450)	testing
12	jy	m	18	1	diamond	green	dif	(632, 450)	(800, 618)	hori	left	True	695962	696941	left	(800, 450)	testing
12	jy	m	18	1	circle	red	same	(968, 450)	(800, 282)	vert	up	True	698376	699533	up	(800, 450)	testing
12	jy	m	18	1	diamond	green	dif	(800, 618)	(632, 450)	hori	left	True	700965	701965	left	(800, 450)	testing
12	jy	m	18	1	diamond	green	same	(800, 282)	(632, 450)	hori	left	True	703478	704861	left	(800, 450)	testing
12	jy	m	18	1	diamond	none	dif	N_dis	(800, 618)	vert	up	True	706363	707116	up	(800, 450)	testing
12	jy	m	18	1	diamond	none	dif	N_dis	(800, 282)	hori	left	True	708505	709309	left	(800, 450)	testing
12	jy	m	18	1	diamond	green	same	(800, 282)	(968, 450)	hori	left	True	710897	711485	left	(800, 450)	testing
12	jy	m	18	1	diamond	red	same	(968, 450)	(800, 282)	hori	left	True	712911	714845	left	(800, 450)	testing
12	jy	m	18	1	diamond	none	dif	N_dis	(632, 450)	hori	left	False	716341	None	None	(800, 450)	testing
12	jy	m	18	1	diamond	green	same	(800, 282)	(632, 450)	hori	left	True	722408	723597	left	(800, 450)	testing
12	jy	m	18	1	circle	red	same	(800, 618)	(632, 450)	hori	left	True	725000	725981	left	(800, 450)	testing
12	jy	m	18	1	diamond	red	same	(800, 618)	(800, 282)	vert	up	True	727596	729004	up	(800, 450)	testing
12	jy	m	18	1	diamond	red	same	(800, 282)	(968, 450)	vert	up	True	730575	732236	up	(800, 450)	testing
12	jy	m	18	1	diamond	green	dif	(800, 618)	(632, 450)	hori	left	True	733725	734573	left	(800, 450)	testing
12	jy	m	18	1	circle	none	same	N_dis	(632, 450)	vert	up	True	736088	737485	up	(800, 450)	testing
12	jy	m	18	1	circle	green	same	(800, 618)	(800, 282)	hori	left	True	738965	739805	left	(800, 450)	testing
12	jy	m	18	1	circle	red	dif	(800, 618)	(632, 450)	vert	up	True	741245	742205	up	(800, 450)	testing
12	jy	m	18	1	circle	none	dif	N_dis	(800, 618)	vert	up	True	743870	744797	up	(800, 450)	testing
12	jy	m	18	1	diamond	red	same	(800, 282)	(968, 450)	vert	up	True	746270	747757	up	(800, 450)	testing
12	jy	m	18	1	diamond	none	same	N_dis	(800, 618)	hori	left	True	749144	749885	left	(800, 450)	testing
12	jy	m	18	1	circle	green	same	(632, 450)	(800, 282)	hori	left	True	751315	752445	left	(800, 450)	testing
12	jy	m	18	1	diamond	none	dif	N_dis	(632, 450)	vert	up	True	753913	754717	up	(800, 450)	testing
12	jy	m	18	1	circle	red	dif	(800, 282)	(800, 618)	hori	left	True	756283	757325	left	(800, 450)	testing
12	jy	m	18	1	diamond	green	dif	(800, 618)	(968, 450)	vert	up	True	758847	760044	up	(800, 450)	testing
12	jy	m	18	1	circle	green	same	(968, 450)	(632, 450)	vert	up	True	761527	762637	up	(800, 450)	testing
12	jy	m	18	1	circle	none	dif	N_dis	(968, 450)	hori	left	True	764217	764909	left	(800, 450)	testing
12	jy	m	18	1	circle	green	dif	(800, 282)	(800, 618)	vert	up	True	766452	767613	up	(800, 450)	testing
12	jy	m	18	1	circle	red	dif	(968, 450)	(800, 618)	hori	left	True	769093	769949	left	(800, 450)	testing
12	jy	m	18	1	circle	none	same	N_dis	(800, 618)	vert	up	True	771367	772397	up	(800, 450)	testing
12	jy	m	18	1	diamond	none	same	N_dis	(800, 618)	vert	up	True	773917	775277	up	(800, 450)	testing
12	jy	m	18	1	diamond	red	same	(968, 450)	(632, 450)	vert	up	True	776758	777645	up	(800, 450)	testing
12	jy	m	18	1	circle	green	dif	(800, 618)	(968, 450)	vert	up	True	779253	780541	up	(800, 450)	testing
12	jy	m	18	1	diamond	none	dif	N_dis	(968, 450)	vert	up	True	782077	783116	up	(800, 450)	testing
12	jy	m	18	1	diamond	red	same	(632, 450)	(800, 618)	hori	left	True	784757	785981	left	(800, 450)	testing
12	jy	m	18	1	diamond	green	same	(800, 618)	(968, 450)	vert	up	True	787499	789949	up	(800, 450)	testing
12	jy	m	18	1	circle	none	dif	N_dis	(800, 282)	vert	up	True	791554	792861	up	(800, 450)	testing
12	jy	m	18	1	diamond	red	dif	(800, 618)	(968, 450)	vert	up	True	794335	795132	up	(800, 450)	testing
12	jy	m	18	1	diamond	none	same	N_dis	(632, 450)	hori	left	True	796757	797389	left	(800, 450)	testing
12	jy	m	18	1	circle	green	same	(968, 450)	(632, 450)	vert	up	False	798992	None	None	(800, 450)	testing
12	jy	m	18	1	circle	red	dif	(800, 282)	(800, 618)	vert	up	True	805185	806605	up	(800, 450)	testing
12	jy	m	18	1	diamond	red	dif	(632, 450)	(968, 450)	hori	left	True	808185	809212	left	(800, 450)	testing
12	jy	m	18	1	circle	green	same	(800, 282)	(632, 450)	vert	up	True	810807	812092	up	(800, 450)	testing
12	jy	m	18	1	diamond	red	dif	(800, 618)	(800, 282)	hori	left	True	813591	814637	left	(800, 450)	testing
12	jy	m	18	1	circle	red	same	(800, 282)	(968, 450)	vert	up	True	816301	817277	up	(800, 450)	testing
12	jy	m	18	1	diamond	red	same	(968, 450)	(800, 282)	hori	left	True	818878	820717	left	(800, 450)	testing
12	jy	m	18	1	diamond	red	dif	(800, 618)	(968, 450)	vert	up	True	822320	823196	up	(800, 450)	testing
12	jy	m	18	1	diamond	none	same	N_dis	(968, 450)	hori	left	True	824684	825693	left	(800, 450)	testing
12	jy	m	18	1	circle	none	dif	N_dis	(632, 450)	hori	left	True	827177	828108	left	(800, 450)	testing
12	jy	m	18	1	circle	none	same	N_dis	(800, 282)	hori	left	True	829738	830621	left	(800, 450)	testing
12	jy	m	18	1	circle	red	dif	(800, 282)	(968, 450)	hori	left	True	832050	833020	left	(800, 450)	testing
12	jy	m	18	1	circle	red	same	(800, 618)	(800, 282)	vert	up	True	834651	835325	up	(800, 450)	testing
12	jy	m	18	1	circle	red	same	(800, 618)	(968, 450)	hori	left	True	836750	837437	left	(800, 450)	testing
12	jy	m	18	1	diamond	none	same	N_dis	(800, 282)	hori	left	True	839002	840172	left	(800, 450)	testing
12	jy	m	18	1	diamond	none	dif	N_dis	(800, 282)	hori	left	True	841708	842749	left	(800, 450)	testing
12	jy	m	18	1	circle	green	dif	(800, 618)	(800, 282)	vert	up	True	844216	845405	up	(800, 450)	testing
12	jy	m	18	1	diamond	none	same	N_dis	(968, 450)	hori	left	True	846826	848236	left	(800, 450)	testing
12	jy	m	18	1	diamond	green	same	(800, 282)	(632, 450)	vert	up	True	849874	851821	up	(800, 450)	testing
12	jy	m	18	1	diamond	none	same	N_dis	(800, 618)	vert	up	True	853455	854333	up	(800, 450)	testing
12	jy	m	18	1	diamond	green	same	(632, 450)	(800, 618)	vert	up	True	855861	856941	up	(800, 450)	testing
12	jy	m	18	1	diamond	green	dif	(632, 450)	(968, 450)	hori	left	True	858426	860012	left	(800, 450)	testing
12	jy	m	18	1	diamond	red	same	(632, 450)	(968, 450)	hori	left	True	861580	863453	left	(800, 450)	testing
12	jy	m	18	1	diamond	none	same	N_dis	(800, 618)	hori	left	True	864896	866092	left	(800, 450)	testing
12	jy	m	18	1	diamond	none	same	N_dis	(800, 618)	hori	left	True	867568	868429	left	(800, 450)	testing
12	jy	m	18	1	circle	green	same	(968, 450)	(800, 282)	hori	left	True	869861	870845	left	(800, 450)	testing
12	jy	m	18	1	diamond	green	dif	(632, 450)	(800, 618)	hori	left	True	872321	873405	left	(800, 450)	testing
12	jy	m	18	1	circle	red	same	(968, 450)	(632, 450)	hori	left	True	874810	876012	left	(800, 450)	testing
12	jy	m	18	1	circle	green	dif	(968, 450)	(632, 450)	vert	up	True	877495	879454	up	(800, 450)	testing
12	jy	m	18	1	diamond	none	dif	N_dis	(632, 450)	vert	up	True	881038	882525	up	(800, 450)	testing
12	jy	m	18	1	circle	none	same	N_dis	(632, 450)	hori	left	True	884157	886188	left	(800, 450)	testing
12	jy	m	18	1	diamond	none	dif	N_dis	(968, 450)	vert	up	True	887713	888605	up	(800, 450)	testing
12	jy	m	18	1	diamond	green	dif	(968, 450)	(632, 450)	hori	left	True	890114	891389	left	(800, 450)	testing
12	jy	m	18	1	diamond	green	same	(800, 618)	(632, 450)	vert	up	True	893036	894397	up	(800, 450)	testing
12	jy	m	18	1	diamond	red	dif	(968, 450)	(800, 618)	hori	left	True	896062	897293	left	(800, 450)	testing
12	jy	m	18	1	diamond	none	same	N_dis	(800, 618)	vert	up	True	898731	899773	up	(800, 450)	testing
12	jy	m	18	1	circle	red	dif	(800, 618)	(800, 282)	hori	left	True	901216	902365	left	(800, 450)	testing
12	jy	m	18	1	circle	red	dif	(800, 618)	(632, 450)	hori	left	True	904027	905389	left	(800, 450)	testing
12	jy	m	18	1	diamond	none	same	N_dis	(800, 618)	vert	up	True	906850	907965	up	(800, 450)	testing
12	jy	m	18	1	diamond	red	same	(632, 450)	(968, 450)	hori	left	True	909384	910301	left	(800, 450)	testing
12	jy	m	18	1	circle	red	same	(968, 450)	(632, 450)	hori	left	True	911865	912957	left	(800, 450)	testing
12	jy	m	18	1	circle	green	dif	(800, 618)	(968, 450)	vert	up	True	914613	915645	up	(800, 450)	testing
12	jy	m	18	1	circle	green	same	(800, 282)	(800, 618)	vert	up	True	917302	918845	up	(800, 450)	testing
12	jy	m	18	1	circle	none	same	N_dis	(800, 282)	hori	left	True	920391	921084	left	(800, 450)	testing
12	jy	m	18	1	circle	none	same	N_dis	(968, 450)	vert	up	True	922585	923550	up	(800, 450)	testing
12	jy	m	18	1	diamond	green	dif	(800, 618)	(968, 450)	vert	up	True	925030	926989	up	(800, 450)	testing
12	jy	m	18	1	diamond	red	dif	(800, 282)	(800, 618)	vert	up	True	928606	929742	up	(800, 450)	testing
12	jy	m	18	1	diamond	none	dif	N_dis	(800, 282)	vert	up	True	931225	932252	up	(800, 450)	testing
12	jy	m	18	1	diamond	green	same	(968, 450)	(800, 618)	vert	up	True	933687	934926	up	(800, 450)	testing
12	jy	m	18	1	diamond	red	same	(800, 618)	(968, 450)	hori	left	True	936379	937341	left	(800, 450)	testing
12	jy	m	18	1	diamond	green	same	(800, 618)	(968, 450)	vert	up	True	938792	939917	up	(800, 450)	testing
12	jy	m	18	1	circle	green	same	(632, 450)	(968, 450)	vert	up	True	941434	943100	up	(800, 450)	testing
12	jy	m	18	1	circle	red	dif	(800, 618)	(800, 282)	vert	up	True	944494	945262	up	(800, 450)	testing
12	jy	m	18	1	diamond	green	same	(632, 450)	(800, 618)	vert	up	True	946795	948333	up	(800, 450)	testing
12	jy	m	18	1	diamond	green	dif	(800, 618)	(632, 450)	vert	up	True	949838	951004	up	(800, 450)	testing
12	jy	m	18	1	diamond	none	same	N_dis	(800, 618)	hori	left	True	952548	953357	left	(800, 450)	testing
12	jy	m	18	1	circle	red	dif	(800, 618)	(968, 450)	hori	left	True	954895	956797	left	(800, 450)	testing
12	jy	m	18	1	circle	green	same	(800, 618)	(632, 450)	vert	up	True	958246	959293	up	(800, 450)	testing
12	jy	m	18	1	diamond	red	dif	(632, 450)	(800, 282)	vert	up	True	960784	961981	up	(800, 450)	testing
12	jy	m	18	1	diamond	none	same	N_dis	(968, 450)	hori	left	True	963396	964252	left	(800, 450)	testing
12	jy	m	18	1	diamond	green	same	(800, 282)	(968, 450)	hori	left	True	965851	966957	left	(800, 450)	testing
12	jy	m	18	1	circle	red	dif	(800, 618)	(800, 282)	vert	up	True	968473	969148	up	(800, 450)	testing
12	jy	m	18	1	diamond	none	same	N_dis	(800, 618)	hori	left	True	970595	971597	left	(800, 450)	testing
12	jy	m	18	1	diamond	none	dif	N_dis	(632, 450)	hori	left	True	973233	974172	left	(800, 450)	testing
12	jy	m	18	1	circle	green	dif	(800, 282)	(968, 450)	vert	up	True	975593	976973	up	(800, 450)	testing
12	jy	m	18	1	circle	green	dif	(800, 618)	(968, 450)	vert	up	True	978473	979485	up	(800, 450)	testing
12	jy	m	18	1	circle	green	dif	(800, 282)	(800, 618)	hori	left	True	981094	982172	left	(800, 450)	testing
12	jy	m	18	1	diamond	red	dif	(800, 618)	(968, 450)	hori	left	True	983729	984653	left	(800, 450)	testing
12	jy	m	18	1	circle	red	dif	(968, 450)	(800, 282)	vert	up	True	986283	987116	up	(800, 450)	testing
12	jy	m	18	1	diamond	none	same	N_dis	(800, 282)	vert	up	True	988712	989565	up	(800, 450)	testing
12	jy	m	18	1	diamond	none	same	N_dis	(632, 450)	hori	left	True	991228	991885	left	(800, 450)	testing
12	jy	m	18	1	diamond	red	dif	(968, 450)	(632, 450)	vert	up	True	993506	994589	up	(800, 450)	testing
12	jy	m	18	1	diamond	none	dif	N_dis	(632, 450)	vert	up	True	996108	997821	up	(800, 450)	testing
12	jy	m	18	1	diamond	red	dif	(632, 450)	(968, 450)	hori	left	True	999423	1000365	left	(800, 450)	testing
12	jy	m	18	1	circle	red	same	(800, 618)	(800, 282)	hori	left	True	1001875	1003036	left	(800, 450)	testing
12	jy	m	18	1	circle	red	same	(968, 450)	(800, 618)	hori	left	True	1004676	1005709	left	(800, 450)	testing
12	jy	m	18	1	circle	green	dif	(968, 450)	(800, 282)	hori	left	True	1007133	1008733	left	(800, 450)	testing
12	jy	m	18	1	diamond	none	dif	N_dis	(632, 450)	vert	up	True	1010363	1012301	up	(800, 450)	testing
12	jy	m	18	1	circle	red	same	(800, 618)	(968, 450)	hori	left	True	1013810	1014541	left	(800, 450)	testing
12	jy	m	18	1	circle	green	dif	(632, 450)	(800, 618)	hori	left	True	1016203	1017597	left	(800, 450)	testing
12	jy	m	18	1	diamond	red	dif	(968, 450)	(632, 450)	vert	up	True	1019040	1020621	left	(800, 450)	testing
12	jy	m	18	1	circle	none	same	N_dis	(800, 282)	hori	left	True	1023607	1024989	left	(800, 450)	testing
12	jy	m	18	1	diamond	none	dif	N_dis	(800, 618)	hori	left	True	1026630	1027965	left	(800, 450)	testing
