subj	name	gender	age	runNum	shape	dist	td_dif	d_loc	t_loc	resp	resp_key	gotKey	startTime	respTime	resp	fix_loc	prac
12	jy	m	18	2	circle	green	dif	(968, 450)	(800, 282)	vert	up	True	41511	42621	left	(800, 450)	testing
12	jy	m	18	2	diamond	red	dif	(800, 282)	(968, 450)	vert	up	True	45564	46941	up	(800, 450)	testing
12	jy	m	18	2	circle	green	dif	(800, 282)	(968, 450)	vert	up	True	48366	49389	up	(800, 450)	testing
12	jy	m	18	2	diamond	red	same	(800, 282)	(800, 618)	hori	left	True	50949	52189	left	(800, 450)	testing
12	jy	m	18	2	circle	green	dif	(632, 450)	(800, 282)	hori	left	True	53563	54941	left	(800, 450)	testing
12	jy	m	18	2	circle	none	dif	N_dis	(800, 618)	vert	up	True	56346	57261	up	(800, 450)	testing
12	jy	m	18	2	circle	green	dif	(800, 282)	(632, 450)	hori	left	True	58825	59837	left	(800, 450)	testing
12	jy	m	18	2	diamond	red	same	(632, 450)	(800, 618)	hori	left	True	61318	62701	left	(800, 450)	testing
12	jy	m	18	2	circle	none	dif	N_dis	(800, 618)	hori	left	True	64299	65405	left	(800, 450)	testing
12	jy	m	18	2	diamond	none	dif	N_dis	(800, 282)	hori	left	True	66942	68269	left	(800, 450)	testing
12	jy	m	18	2	diamond	red	same	(632, 450)	(800, 618)	hori	left	True	69772	70925	left	(800, 450)	testing
12	jy	m	18	2	diamond	green	same	(800, 282)	(800, 618)	vert	up	True	72419	73405	up	(800, 450)	testing
12	jy	m	18	2	diamond	none	same	N_dis	(632, 450)	hori	left	True	75042	75949	left	(800, 450)	testing
12	jy	m	18	2	circle	red	same	(632, 450)	(800, 618)	vert	up	True	77389	78493	up	(800, 450)	testing
12	jy	m	18	2	circle	green	same	(632, 450)	(800, 618)	vert	up	True	79939	81501	up	(800, 450)	testing
12	jy	m	18	2	circle	red	dif	(968, 450)	(800, 618)	vert	up	True	83009	83725	up	(800, 450)	testing
12	jy	m	18	2	diamond	red	dif	(800, 282)	(968, 450)	hori	left	True	85192	86173	left	(800, 450)	testing
12	jy	m	18	2	diamond	green	dif	(968, 450)	(800, 618)	vert	up	True	87554	88333	up	(800, 450)	testing
12	jy	m	18	2	circle	green	same	(968, 450)	(632, 450)	vert	up	True	89938	90909	up	(800, 450)	testing
12	jy	m	18	2	circle	red	same	(632, 450)	(800, 282)	hori	left	True	92544	93869	left	(800, 450)	testing
12	jy	m	18	2	diamond	red	dif	(968, 450)	(800, 618)	hori	left	True	95474	96637	left	(800, 450)	testing
12	jy	m	18	2	diamond	red	same	(800, 282)	(968, 450)	hori	left	True	98281	100317	left	(800, 450)	testing
12	jy	m	18	2	circle	none	same	N_dis	(632, 450)	hori	left	True	101916	102989	left	(800, 450)	testing
12	jy	m	18	2	diamond	green	same	(632, 450)	(968, 450)	hori	left	True	104621	105549	left	(800, 450)	testing
12	jy	m	18	2	circle	red	dif	(968, 450)	(632, 450)	vert	up	True	106927	108221	up	(800, 450)	testing
12	jy	m	18	2	diamond	none	dif	N_dis	(632, 450)	vert	up	True	109714	110605	up	(800, 450)	testing
12	jy	m	18	2	diamond	red	same	(968, 450)	(800, 282)	hori	left	True	112097	113165	left	(800, 450)	testing
12	jy	m	18	2	diamond	green	dif	(968, 450)	(632, 450)	hori	left	True	114651	115597	left	(800, 450)	testing
12	jy	m	18	2	circle	none	dif	N_dis	(800, 618)	vert	up	True	117238	118269	up	(800, 450)	testing
12	jy	m	18	2	diamond	green	dif	(968, 450)	(800, 282)	vert	up	True	119859	121645	up	(800, 450)	testing
12	jy	m	18	2	diamond	none	dif	N_dis	(968, 450)	vert	up	True	123055	123997	up	(800, 450)	testing
12	jy	m	18	2	diamond	red	dif	(800, 282)	(968, 450)	hori	left	True	125666	126477	left	(800, 450)	testing
12	jy	m	18	2	circle	none	dif	N_dis	(632, 450)	vert	up	True	128142	129036	up	(800, 450)	testing
12	jy	m	18	2	circle	green	same	(968, 450)	(800, 282)	vert	up	True	130589	131453	up	(800, 450)	testing
12	jy	m	18	2	circle	none	same	N_dis	(632, 450)	vert	up	True	132919	133805	up	(800, 450)	testing
12	jy	m	18	2	diamond	none	dif	N_dis	(800, 618)	vert	up	True	135442	136493	up	(800, 450)	testing
12	jy	m	18	2	circle	none	same	N_dis	(632, 450)	hori	left	True	137924	138637	left	(800, 450)	testing
12	jy	m	18	2	diamond	green	dif	(632, 450)	(968, 450)	vert	up	True	140131	141245	up	(800, 450)	testing
12	jy	m	18	2	circle	none	dif	N_dis	(632, 450)	vert	up	True	142826	144044	up	(800, 450)	testing
12	jy	m	18	2	circle	none	same	N_dis	(968, 450)	vert	up	True	145658	146525	up	(800, 450)	testing
12	jy	m	18	2	circle	none	dif	N_dis	(968, 450)	hori	left	True	148043	148733	left	(800, 450)	testing
12	jy	m	18	2	circle	none	dif	N_dis	(968, 450)	vert	up	True	150297	151085	up	(800, 450)	testing
12	jy	m	18	2	diamond	none	dif	N_dis	(800, 282)	vert	up	True	152736	153645	up	(800, 450)	testing
12	jy	m	18	2	circle	red	same	(800, 282)	(800, 618)	hori	left	True	155230	156573	left	(800, 450)	testing
12	jy	m	18	2	diamond	none	same	N_dis	(800, 282)	hori	left	True	158002	159133	left	(800, 450)	testing
12	jy	m	18	2	diamond	green	dif	(632, 450)	(800, 618)	vert	up	True	160768	162157	up	(800, 450)	testing
12	jy	m	18	2	circle	red	dif	(968, 450)	(800, 282)	vert	up	True	163562	164733	up	(800, 450)	testing
12	jy	m	18	2	diamond	red	dif	(968, 450)	(800, 618)	hori	left	True	166109	167757	left	(800, 450)	testing
12	jy	m	18	2	diamond	red	dif	(968, 450)	(800, 618)	hori	left	True	169181	170093	left	(800, 450)	testing
12	jy	m	18	2	circle	red	dif	(632, 450)	(800, 282)	vert	up	True	171612	172733	up	(800, 450)	testing
12	jy	m	18	2	circle	green	dif	(968, 450)	(800, 282)	vert	up	True	174107	175501	up	(800, 450)	testing
12	jy	m	18	2	diamond	none	same	N_dis	(968, 450)	hori	left	True	177096	177965	left	(800, 450)	testing
12	jy	m	18	2	circle	red	dif	(632, 450)	(968, 450)	hori	left	True	179450	180669	left	(800, 450)	testing
12	jy	m	18	2	diamond	green	dif	(632, 450)	(968, 450)	vert	up	True	182327	183805	up	(800, 450)	testing
12	jy	m	18	2	circle	none	same	N_dis	(968, 450)	hori	left	True	185263	186157	left	(800, 450)	testing
12	jy	m	18	2	circle	none	dif	N_dis	(800, 618)	hori	left	True	187696	189036	left	(800, 450)	testing
12	jy	m	18	2	diamond	none	dif	N_dis	(800, 282)	hori	left	True	190654	191693	left	(800, 450)	testing
12	jy	m	18	2	circle	green	same	(800, 282)	(632, 450)	hori	left	True	193312	194605	left	(800, 450)	testing
12	jy	m	18	2	circle	none	same	N_dis	(800, 618)	hori	left	True	196247	198157	left	(800, 450)	testing
12	jy	m	18	2	diamond	green	dif	(800, 282)	(800, 618)	hori	left	True	199773	201197	left	(800, 450)	testing
12	jy	m	18	2	diamond	green	dif	(632, 450)	(800, 618)	vert	up	True	202680	203997	up	(800, 450)	testing
12	jy	m	18	2	circle	red	dif	(800, 282)	(968, 450)	hori	left	True	205591	206733	left	(800, 450)	testing
12	jy	m	18	2	circle	green	dif	(968, 450)	(800, 282)	hori	left	True	208172	209277	left	(800, 450)	testing
12	jy	m	18	2	diamond	none	same	N_dis	(800, 618)	vert	up	True	210664	211437	up	(800, 450)	testing
12	jy	m	18	2	circle	none	same	N_dis	(968, 450)	vert	up	True	212811	213901	up	(800, 450)	testing
12	jy	m	18	2	circle	none	dif	N_dis	(632, 450)	vert	up	True	215407	216205	up	(800, 450)	testing
12	jy	m	18	2	diamond	green	dif	(968, 450)	(800, 618)	vert	up	True	217774	218909	up	(800, 450)	testing
12	jy	m	18	2	diamond	none	dif	N_dis	(800, 618)	vert	up	True	220490	221261	up	(800, 450)	testing
12	jy	m	18	2	diamond	none	same	N_dis	(800, 282)	vert	up	True	222832	223997	up	(800, 450)	testing
12	jy	m	18	2	circle	red	dif	(800, 282)	(968, 450)	vert	up	True	225585	227245	up	(800, 450)	testing
12	jy	m	18	2	diamond	green	dif	(632, 450)	(968, 450)	hori	left	True	228911	230077	left	(800, 450)	testing
12	jy	m	18	2	diamond	red	dif	(968, 450)	(800, 618)	hori	left	True	231746	232637	left	(800, 450)	testing
12	jy	m	18	2	diamond	green	dif	(632, 450)	(800, 282)	vert	up	True	234248	235789	left	(800, 450)	testing
12	jy	m	18	2	circle	green	same	(632, 450)	(968, 450)	hori	left	True	238941	240141	left	(800, 450)	testing
12	jy	m	18	2	circle	green	dif	(800, 282)	(800, 618)	hori	left	True	241567	243277	left	(800, 450)	testing
12	jy	m	18	2	diamond	none	same	N_dis	(800, 618)	hori	left	True	244755	245741	left	(800, 450)	testing
12	jy	m	18	2	circle	green	dif	(800, 282)	(968, 450)	hori	left	True	247162	248925	left	(800, 450)	testing
12	jy	m	18	2	circle	red	same	(968, 450)	(800, 282)	hori	left	True	250306	251597	left	(800, 450)	testing
12	jy	m	18	2	circle	red	dif	(800, 282)	(968, 450)	vert	up	True	252976	253901	up	(800, 450)	testing
12	jy	m	18	2	circle	red	same	(632, 450)	(800, 618)	vert	up	True	255573	256397	up	(800, 450)	testing
12	jy	m	18	2	diamond	red	same	(968, 450)	(632, 450)	vert	up	True	257809	259549	up	(800, 450)	testing
12	jy	m	18	2	circle	red	same	(800, 282)	(632, 450)	vert	up	True	261020	262397	up	(800, 450)	testing
12	jy	m	18	2	circle	red	dif	(968, 450)	(800, 618)	vert	up	True	263859	264989	up	(800, 450)	testing
12	jy	m	18	2	circle	red	same	(968, 450)	(800, 282)	hori	left	True	266613	267693	left	(800, 450)	testing
12	jy	m	18	2	diamond	green	same	(632, 450)	(968, 450)	hori	left	True	269074	270445	left	(800, 450)	testing
12	jy	m	18	2	diamond	none	same	N_dis	(632, 450)	vert	up	True	271845	272621	up	(800, 450)	testing
12	jy	m	18	2	diamond	red	dif	(800, 282)	(632, 450)	hori	left	True	274089	275149	left	(800, 450)	testing
12	jy	m	18	2	circle	green	dif	(632, 450)	(968, 450)	vert	up	True	276562	277533	up	(800, 450)	testing
12	jy	m	18	2	circle	red	same	(632, 450)	(968, 450)	hori	left	True	279047	279837	left	(800, 450)	testing
12	jy	m	18	2	diamond	red	dif	(800, 618)	(632, 450)	hori	left	True	281328	282301	left	(800, 450)	testing
12	jy	m	18	2	circle	green	same	(800, 282)	(968, 450)	hori	left	True	283972	285165	left	(800, 450)	testing
12	jy	m	18	2	diamond	none	same	N_dis	(632, 450)	hori	left	True	286822	287549	left	(800, 450)	testing
12	jy	m	18	2	circle	none	same	N_dis	(800, 618)	hori	left	True	288981	290189	left	(800, 450)	testing
12	jy	m	18	2	diamond	none	same	N_dis	(800, 282)	vert	up	True	291608	292637	up	(800, 450)	testing
12	jy	m	18	2	diamond	none	dif	N_dis	(800, 618)	hori	left	True	294208	295133	left	(800, 450)	testing
12	jy	m	18	2	circle	red	dif	(800, 282)	(632, 450)	vert	up	True	296582	297309	up	(800, 450)	testing
12	jy	m	18	2	circle	red	dif	(800, 618)	(800, 282)	vert	up	True	298905	299981	up	(800, 450)	testing
12	jy	m	18	2	diamond	none	dif	N_dis	(800, 282)	vert	up	True	301396	302301	up	(800, 450)	testing
12	jy	m	18	2	diamond	none	same	N_dis	(632, 450)	vert	up	True	303952	304685	up	(800, 450)	testing
12	jy	m	18	2	circle	red	dif	(632, 450)	(800, 618)	vert	up	True	306158	307805	up	(800, 450)	testing
12	jy	m	18	2	circle	none	same	N_dis	(800, 618)	vert	up	True	309189	310221	up	(800, 450)	testing
12	jy	m	18	2	diamond	red	dif	(632, 450)	(968, 450)	vert	up	True	311670	313036	up	(800, 450)	testing
12	jy	m	18	2	diamond	green	same	(800, 282)	(632, 450)	hori	left	True	314621	315421	left	(800, 450)	testing
12	jy	m	18	2	diamond	red	same	(800, 282)	(800, 618)	vert	up	True	317069	318173	up	(800, 450)	testing
12	jy	m	18	2	circle	green	dif	(800, 282)	(800, 618)	hori	left	True	319774	320813	left	(800, 450)	testing
12	jy	m	18	2	circle	red	same	(632, 450)	(800, 282)	vert	up	True	322260	323181	up	(800, 450)	testing
12	jy	m	18	2	diamond	green	same	(800, 282)	(632, 450)	vert	up	True	324626	325853	up	(800, 450)	testing
12	jy	m	18	2	circle	red	dif	(800, 282)	(632, 450)	hori	left	True	327415	328205	left	(800, 450)	testing
12	jy	m	18	2	diamond	none	same	N_dis	(800, 618)	vert	up	True	329694	330605	up	(800, 450)	testing
12	jy	m	18	2	circle	red	dif	(632, 450)	(800, 282)	hori	left	True	332251	333837	left	(800, 450)	testing
12	jy	m	18	2	circle	red	same	(632, 450)	(800, 618)	hori	left	True	335467	336397	left	(800, 450)	testing
12	jy	m	18	2	circle	red	same	(800, 282)	(632, 450)	hori	left	True	337995	338861	left	(800, 450)	testing
12	jy	m	18	2	diamond	none	dif	N_dis	(632, 450)	vert	up	True	340429	341437	up	(800, 450)	testing
12	jy	m	18	2	circle	green	same	(800, 282)	(800, 618)	vert	up	True	342925	344044	up	(800, 450)	testing
12	jy	m	18	2	circle	green	dif	(800, 282)	(632, 450)	vert	up	True	345546	346413	up	(800, 450)	testing
12	jy	m	18	2	circle	none	dif	N_dis	(632, 450)	vert	up	True	347789	348493	up	(800, 450)	testing
12	jy	m	18	2	diamond	none	dif	N_dis	(632, 450)	vert	up	True	350102	350845	up	(800, 450)	testing
12	jy	m	18	2	diamond	green	dif	(800, 282)	(632, 450)	hori	left	True	352314	353229	left	(800, 450)	testing
12	jy	m	18	2	diamond	red	dif	(968, 450)	(800, 282)	vert	up	True	354797	356253	up	(800, 450)	testing
12	jy	m	18	2	circle	green	dif	(632, 450)	(800, 618)	vert	up	True	357635	359020	up	(800, 450)	testing
12	jy	m	18	2	circle	none	dif	N_dis	(800, 282)	hori	left	True	360574	362093	left	(800, 450)	testing
12	jy	m	18	2	diamond	red	dif	(800, 282)	(968, 450)	vert	up	True	363762	364653	up	(800, 450)	testing
12	jy	m	18	2	circle	green	dif	(968, 450)	(800, 282)	vert	up	True	366053	366925	up	(800, 450)	testing
12	jy	m	18	2	circle	none	same	N_dis	(800, 282)	vert	up	True	368435	369165	up	(800, 450)	testing
12	jy	m	18	2	diamond	green	same	(632, 450)	(968, 450)	vert	up	True	370837	371837	up	(800, 450)	testing
12	jy	m	18	2	diamond	none	dif	N_dis	(800, 618)	vert	up	True	373254	374125	up	(800, 450)	testing
12	jy	m	18	2	circle	green	same	(800, 282)	(632, 450)	vert	up	True	375760	377325	up	(800, 450)	testing
12	jy	m	18	2	circle	red	same	(968, 450)	(632, 450)	hori	left	True	378729	379565	left	(800, 450)	testing
12	jy	m	18	2	diamond	none	same	N_dis	(968, 450)	hori	left	True	381067	381917	left	(800, 450)	testing
12	jy	m	18	2	circle	red	same	(632, 450)	(968, 450)	vert	up	True	383553	384765	up	(800, 450)	testing
12	jy	m	18	2	diamond	green	dif	(800, 282)	(632, 450)	vert	up	True	386280	388173	up	(800, 450)	testing
12	jy	m	18	2	circle	none	same	N_dis	(800, 282)	hori	left	True	389777	390765	left	(800, 450)	testing
12	jy	m	18	2	diamond	green	dif	(800, 282)	(968, 450)	hori	left	True	392320	393645	left	(800, 450)	testing
12	jy	m	18	2	diamond	none	dif	N_dis	(968, 450)	hori	left	True	395229	396157	left	(800, 450)	testing
12	jy	m	18	2	circle	none	same	N_dis	(968, 450)	vert	up	True	397621	398973	up	(800, 450)	testing
12	jy	m	18	2	diamond	red	same	(968, 450)	(800, 618)	vert	up	True	400360	401357	up	(800, 450)	testing
12	jy	m	18	2	circle	green	same	(968, 450)	(800, 618)	hori	left	True	402953	403869	left	(800, 450)	testing
12	jy	m	18	2	diamond	none	same	N_dis	(632, 450)	hori	left	True	405403	406461	left	(800, 450)	testing
12	jy	m	18	2	diamond	green	dif	(800, 282)	(632, 450)	vert	up	True	408126	409837	up	(800, 450)	testing
12	jy	m	18	2	diamond	red	dif	(800, 282)	(800, 618)	hori	left	True	411218	412285	left	(800, 450)	testing
12	jy	m	18	2	diamond	red	same	(632, 450)	(800, 618)	hori	left	True	413846	414973	left	(800, 450)	testing
12	jy	m	18	2	circle	green	same	(800, 618)	(968, 450)	vert	up	True	416514	418557	up	(800, 450)	testing
12	jy	m	18	2	circle	none	dif	N_dis	(800, 618)	vert	up	True	420082	421245	up	(800, 450)	testing
12	jy	m	18	2	diamond	green	same	(632, 450)	(800, 618)	hori	left	True	422729	423773	left	(800, 450)	testing
12	jy	m	18	2	diamond	red	dif	(632, 450)	(968, 450)	vert	up	True	425362	426109	up	(800, 450)	testing
12	jy	m	18	2	circle	red	dif	(968, 450)	(800, 618)	vert	up	True	427746	429661	up	(800, 450)	testing
12	jy	m	18	2	circle	green	same	(632, 450)	(800, 282)	vert	up	True	431252	432957	up	(800, 450)	testing
12	jy	m	18	2	diamond	none	same	N_dis	(800, 282)	vert	up	True	434457	435677	up	(800, 450)	testing
12	jy	m	18	2	diamond	green	same	(632, 450)	(800, 282)	hori	left	True	437100	438365	left	(800, 450)	testing
12	jy	m	18	2	circle	none	same	N_dis	(968, 450)	hori	left	True	439952	441052	left	(800, 450)	testing
12	jy	m	18	2	circle	red	same	(968, 450)	(632, 450)	hori	left	True	442513	443325	left	(800, 450)	testing
12	jy	m	18	2	diamond	none	same	N_dis	(800, 618)	hori	left	True	444961	445837	left	(800, 450)	testing
12	jy	m	18	2	diamond	red	same	(968, 450)	(632, 450)	hori	left	True	447330	448429	left	(800, 450)	testing
12	jy	m	18	2	diamond	none	same	N_dis	(968, 450)	vert	up	True	449941	450637	up	(800, 450)	testing
12	jy	m	18	2	diamond	green	same	(800, 282)	(968, 450)	hori	left	True	452207	453020	left	(800, 450)	testing
12	jy	m	18	2	circle	none	dif	N_dis	(800, 282)	hori	left	True	454663	455709	left	(800, 450)	testing
12	jy	m	18	2	circle	red	same	(968, 450)	(800, 618)	hori	left	False	457350	None	None	(800, 450)	testing
12	jy	m	18	2	diamond	green	same	(968, 450)	(632, 450)	vert	up	True	463381	465581	left	(800, 450)	testing
12	jy	m	18	2	diamond	red	same	(968, 450)	(800, 618)	hori	left	True	468725	469773	left	(800, 450)	testing
12	jy	m	18	2	circle	green	same	(632, 450)	(800, 282)	hori	left	True	471181	472365	left	(800, 450)	testing
12	jy	m	18	2	circle	none	dif	N_dis	(968, 450)	vert	up	True	473995	475133	up	(800, 450)	testing
12	jy	m	18	2	circle	red	dif	(800, 282)	(632, 450)	vert	up	True	476775	478525	up	(800, 450)	testing
12	jy	m	18	2	diamond	none	dif	N_dis	(800, 282)	vert	up	True	480180	481869	up	(800, 450)	testing
12	jy	m	18	2	diamond	none	dif	N_dis	(632, 450)	vert	up	True	483334	484621	up	(800, 450)	testing
12	jy	m	18	2	circle	none	dif	N_dis	(800, 282)	hori	left	True	486091	486829	left	(800, 450)	testing
12	jy	m	18	2	diamond	green	dif	(968, 450)	(800, 282)	vert	up	True	488474	490077	up	(800, 450)	testing
12	jy	m	18	2	diamond	green	same	(632, 450)	(800, 618)	vert	up	True	491639	492669	up	(800, 450)	testing
12	jy	m	18	2	circle	green	same	(968, 450)	(632, 450)	vert	up	True	494290	495533	up	(800, 450)	testing
12	jy	m	18	2	circle	none	dif	N_dis	(800, 282)	hori	left	True	497121	497821	left	(800, 450)	testing
12	jy	m	18	2	diamond	green	dif	(968, 450)	(632, 450)	hori	left	True	499391	500589	left	(800, 450)	testing
12	jy	m	18	2	circle	none	dif	N_dis	(800, 618)	vert	up	True	502262	503197	up	(800, 450)	testing
12	jy	m	18	2	diamond	green	dif	(632, 450)	(800, 282)	vert	up	True	504707	505885	up	(800, 450)	testing
12	jy	m	18	2	circle	green	same	(968, 450)	(800, 282)	hori	left	True	507488	509709	left	(800, 450)	testing
12	jy	m	18	2	diamond	none	dif	N_dis	(800, 618)	vert	up	True	511339	512429	up	(800, 450)	testing
12	jy	m	18	2	diamond	green	same	(632, 450)	(800, 618)	hori	left	True	514047	515213	left	(800, 450)	testing
12	jy	m	18	2	circle	red	dif	(800, 282)	(800, 618)	hori	left	True	516881	517677	left	(800, 450)	testing
12	jy	m	18	2	diamond	green	dif	(632, 450)	(968, 450)	vert	up	True	519171	519885	up	(800, 450)	testing
12	jy	m	18	2	diamond	red	same	(632, 450)	(968, 450)	hori	left	True	521385	522253	left	(800, 450)	testing
12	jy	m	18	2	circle	green	dif	(632, 450)	(800, 618)	vert	up	True	523730	524525	up	(800, 450)	testing
12	jy	m	18	2	diamond	red	dif	(800, 282)	(968, 450)	hori	left	True	525933	526973	left	(800, 450)	testing
12	jy	m	18	2	diamond	red	same	(968, 450)	(632, 450)	hori	left	True	528483	529613	left	(800, 450)	testing
12	jy	m	18	2	circle	none	same	N_dis	(968, 450)	vert	up	True	531088	531997	up	(800, 450)	testing
12	jy	m	18	2	diamond	none	same	N_dis	(800, 618)	vert	up	True	533597	534381	up	(800, 450)	testing
12	jy	m	18	2	circle	none	dif	N_dis	(800, 618)	vert	up	True	535981	537085	up	(800, 450)	testing
12	jy	m	18	2	diamond	red	same	(800, 282)	(800, 618)	hori	left	True	538622	539341	left	(800, 450)	testing
12	jy	m	18	2	diamond	none	dif	N_dis	(968, 450)	hori	left	True	540940	542477	left	(800, 450)	testing
12	jy	m	18	2	diamond	none	dif	N_dis	(800, 618)	hori	left	True	544004	545069	left	(800, 450)	testing
12	jy	m	18	2	diamond	green	same	(632, 450)	(800, 618)	hori	left	True	546553	547549	left	(800, 450)	testing
12	jy	m	18	2	diamond	red	same	(800, 618)	(800, 282)	hori	left	True	548989	550077	left	(800, 450)	testing
12	jy	m	18	2	diamond	none	dif	N_dis	(968, 450)	vert	up	True	551568	552525	up	(800, 450)	testing
12	jy	m	18	2	circle	red	dif	(632, 450)	(800, 618)	vert	up	True	554139	555197	up	(800, 450)	testing
12	jy	m	18	2	circle	green	same	(968, 450)	(800, 282)	vert	up	True	556632	558012	up	(800, 450)	testing
12	jy	m	18	2	diamond	red	same	(800, 282)	(800, 618)	vert	up	True	559653	560573	up	(800, 450)	testing
12	jy	m	18	2	diamond	red	dif	(632, 450)	(800, 618)	hori	left	True	562037	562781	left	(800, 450)	testing
12	jy	m	18	2	diamond	none	same	N_dis	(632, 450)	vert	up	True	564163	565036	up	(800, 450)	testing
12	jy	m	18	2	diamond	green	same	(800, 282)	(632, 450)	hori	left	True	566608	567677	left	(800, 450)	testing
12	jy	m	18	2	circle	none	same	N_dis	(968, 450)	vert	up	True	569188	569965	up	(800, 450)	testing
12	jy	m	18	2	diamond	none	dif	N_dis	(632, 450)	hori	left	True	571504	572317	left	(800, 450)	testing
12	jy	m	18	2	diamond	green	dif	(968, 450)	(632, 450)	hori	left	True	573847	574797	left	(800, 450)	testing
12	jy	m	18	2	diamond	none	same	N_dis	(632, 450)	vert	up	True	576315	577149	up	(800, 450)	testing
12	jy	m	18	2	circle	red	same	(968, 450)	(800, 282)	vert	up	True	578670	579789	up	(800, 450)	testing
12	jy	m	18	2	circle	red	same	(800, 618)	(632, 450)	hori	left	True	581349	582061	left	(800, 450)	testing
12	jy	m	18	2	diamond	red	same	(968, 450)	(800, 282)	vert	up	True	583498	584125	up	(800, 450)	testing
12	jy	m	18	2	diamond	green	dif	(968, 450)	(800, 282)	vert	up	True	585547	586493	left	(800, 450)	testing
12	jy	m	18	2	diamond	red	dif	(632, 450)	(800, 282)	vert	up	True	589406	590141	up	(800, 450)	testing
12	jy	m	18	2	circle	green	dif	(800, 282)	(632, 450)	hori	left	True	591579	592589	left	(800, 450)	testing
12	jy	m	18	2	diamond	red	same	(968, 450)	(632, 450)	vert	up	True	594016	594829	up	(800, 450)	testing
12	jy	m	18	2	circle	red	dif	(800, 282)	(800, 618)	vert	up	True	596395	598397	up	(800, 450)	testing
12	jy	m	18	2	circle	red	same	(968, 450)	(632, 450)	vert	up	True	599830	600669	up	(800, 450)	testing
12	jy	m	18	2	circle	green	dif	(800, 282)	(632, 450)	vert	up	True	602213	603101	up	(800, 450)	testing
12	jy	m	18	2	circle	green	same	(632, 450)	(800, 282)	vert	up	True	604713	605565	up	(800, 450)	testing
12	jy	m	18	2	circle	none	dif	N_dis	(800, 282)	hori	left	True	606999	607677	left	(800, 450)	testing
12	jy	m	18	2	diamond	none	dif	N_dis	(968, 450)	hori	left	True	609142	610141	left	(800, 450)	testing
12	jy	m	18	2	circle	red	same	(800, 282)	(800, 618)	hori	left	True	611640	612557	left	(800, 450)	testing
12	jy	m	18	2	diamond	none	dif	N_dis	(632, 450)	vert	up	True	614167	614877	up	(800, 450)	testing
12	jy	m	18	2	diamond	green	dif	(800, 282)	(632, 450)	vert	up	True	616538	618044	up	(800, 450)	testing
12	jy	m	18	2	circle	red	dif	(800, 282)	(800, 618)	hori	left	True	619522	620637	left	(800, 450)	testing
12	jy	m	18	2	circle	none	same	N_dis	(800, 282)	vert	up	True	622303	623469	up	(800, 450)	testing
12	jy	m	18	2	diamond	red	same	(800, 282)	(968, 450)	vert	up	True	624874	625885	up	(800, 450)	testing
12	jy	m	18	2	circle	green	same	(800, 282)	(968, 450)	hori	left	True	627411	628413	left	(800, 450)	testing
12	jy	m	18	2	circle	none	same	N_dis	(800, 282)	hori	left	True	629981	630765	left	(800, 450)	testing
12	jy	m	18	2	circle	green	dif	(632, 450)	(800, 618)	hori	left	True	632424	633741	left	(800, 450)	testing
12	jy	m	18	2	diamond	red	same	(968, 450)	(800, 618)	vert	up	True	635208	635997	up	(800, 450)	testing
12	jy	m	18	2	diamond	red	dif	(800, 282)	(968, 450)	hori	left	True	637651	638749	left	(800, 450)	testing
12	jy	m	18	2	circle	red	same	(800, 282)	(968, 450)	vert	up	True	640265	641133	up	(800, 450)	testing
12	jy	m	18	2	circle	none	same	N_dis	(800, 618)	vert	up	True	642600	643485	up	(800, 450)	testing
12	jy	m	18	2	circle	red	dif	(968, 450)	(632, 450)	vert	up	True	645087	646125	up	(800, 450)	testing
12	jy	m	18	2	diamond	red	dif	(968, 450)	(800, 618)	hori	left	True	647518	648429	left	(800, 450)	testing
12	jy	m	18	2	diamond	red	same	(968, 450)	(632, 450)	vert	up	True	650064	651133	up	(800, 450)	testing
12	jy	m	18	2	diamond	green	same	(632, 450)	(800, 618)	vert	up	True	652512	653597	up	(800, 450)	testing
12	jy	m	18	2	circle	green	same	(800, 618)	(968, 450)	hori	left	True	655262	656365	left	(800, 450)	testing
12	jy	m	18	2	circle	green	same	(968, 450)	(800, 282)	vert	up	True	657917	659405	up	(800, 450)	testing
12	jy	m	18	2	circle	green	same	(632, 450)	(968, 450)	hori	left	True	660905	661645	left	(800, 450)	testing
12	jy	m	18	2	diamond	none	dif	N_dis	(968, 450)	vert	up	True	663222	664477	up	(800, 450)	testing
12	jy	m	18	2	diamond	green	same	(800, 618)	(800, 282)	hori	left	True	665880	666829	left	(800, 450)	testing
12	jy	m	18	2	circle	green	same	(968, 450)	(632, 450)	hori	left	True	668214	669229	left	(800, 450)	testing
12	jy	m	18	2	diamond	green	same	(632, 450)	(800, 282)	hori	left	True	670636	672461	left	(800, 450)	testing
12	jy	m	18	2	circle	green	dif	(632, 450)	(968, 450)	hori	left	True	673988	675004	left	(800, 450)	testing
12	jy	m	18	2	diamond	green	dif	(968, 450)	(800, 618)	vert	up	True	676463	677293	up	(800, 450)	testing
12	jy	m	18	2	circle	none	dif	N_dis	(968, 450)	vert	up	True	678778	679661	up	(800, 450)	testing
12	jy	m	18	2	diamond	green	same	(632, 450)	(800, 282)	hori	left	True	681190	682237	left	(800, 450)	testing
12	jy	m	18	2	diamond	red	dif	(632, 450)	(968, 450)	hori	left	True	683771	685661	left	(800, 450)	testing
12	jy	m	18	2	diamond	green	same	(968, 450)	(800, 618)	vert	up	True	687063	687981	up	(800, 450)	testing
12	jy	m	18	2	diamond	none	same	N_dis	(800, 282)	vert	up	True	689601	690477	up	(800, 450)	testing
12	jy	m	18	2	circle	green	same	(800, 282)	(800, 618)	hori	left	True	691855	692813	left	(800, 450)	testing
12	jy	m	18	2	circle	none	same	N_dis	(800, 282)	vert	up	True	694394	695149	up	(800, 450)	testing
12	jy	m	18	2	circle	green	same	(632, 450)	(800, 282)	hori	left	True	696658	697421	left	(800, 450)	testing
12	jy	m	18	2	circle	none	same	N_dis	(632, 450)	vert	up	True	699028	700685	up	(800, 450)	testing
12	jy	m	18	2	diamond	none	same	N_dis	(632, 450)	vert	up	True	702089	703549	up	(800, 450)	testing
12	jy	m	18	2	circle	red	same	(800, 618)	(968, 450)	hori	left	True	704975	705677	left	(800, 450)	testing
12	jy	m	18	2	diamond	none	dif	N_dis	(968, 450)	hori	left	True	707181	708301	left	(800, 450)	testing
12	jy	m	18	2	circle	red	dif	(968, 450)	(800, 282)	hori	left	True	709863	710765	left	(800, 450)	testing
12	jy	m	18	2	circle	red	dif	(968, 450)	(632, 450)	vert	up	True	712314	713133	up	(800, 450)	testing
12	jy	m	18	2	circle	green	dif	(968, 450)	(800, 618)	hori	left	True	714509	715309	up	(800, 450)	testing
12	jy	m	18	2	circle	green	dif	(800, 282)	(800, 618)	vert	up	True	718259	720028	up	(800, 450)	testing
12	jy	m	18	2	circle	red	same	(968, 450)	(800, 618)	hori	left	True	721429	722109	left	(800, 450)	testing
12	jy	m	18	2	diamond	red	same	(632, 450)	(800, 282)	vert	up	True	723562	724413	up	(800, 450)	testing
12	jy	m	18	2	diamond	green	same	(800, 282)	(800, 618)	hori	left	True	726085	726941	left	(800, 450)	testing
12	jy	m	18	2	circle	green	same	(632, 450)	(800, 282)	hori	left	True	728326	729197	left	(800, 450)	testing
12	jy	m	18	2	diamond	green	same	(968, 450)	(800, 282)	hori	left	True	730583	731645	left	(800, 450)	testing
12	jy	m	18	2	circle	red	same	(800, 282)	(968, 450)	hori	left	True	733300	734333	left	(800, 450)	testing
12	jy	m	18	2	circle	none	same	N_dis	(632, 450)	hori	left	True	735950	737101	up	(800, 450)	testing
12	jy	m	18	2	diamond	red	dif	(632, 450)	(800, 282)	hori	left	True	740148	741245	left	(800, 450)	testing
12	jy	m	18	2	circle	none	dif	N_dis	(968, 450)	vert	up	True	742856	744028	up	(800, 450)	testing
12	jy	m	18	2	diamond	none	same	N_dis	(968, 450)	hori	left	True	745557	746493	left	(800, 450)	testing
12	jy	m	18	2	diamond	none	dif	N_dis	(800, 282)	hori	left	True	748043	749165	left	(800, 450)	testing
12	jy	m	18	2	diamond	green	dif	(632, 450)	(968, 450)	hori	left	True	750733	751661	left	(800, 450)	testing
12	jy	m	18	2	diamond	none	same	N_dis	(800, 282)	hori	left	True	753129	754077	left	(800, 450)	testing
12	jy	m	18	2	circle	none	same	N_dis	(968, 450)	hori	left	True	755612	756781	left	(800, 450)	testing
12	jy	m	18	2	circle	green	same	(800, 282)	(632, 450)	hori	left	True	758173	759741	left	(800, 450)	testing
12	jy	m	18	2	diamond	red	dif	(968, 450)	(800, 282)	hori	left	True	761115	762253	left	(800, 450)	testing
12	jy	m	18	2	circle	none	dif	N_dis	(632, 450)	vert	up	True	763744	764765	up	(800, 450)	testing
12	jy	m	18	2	diamond	green	dif	(632, 450)	(800, 282)	hori	left	True	766186	767004	left	(800, 450)	testing
12	jy	m	18	2	circle	red	same	(968, 450)	(632, 450)	vert	up	True	768571	769917	up	(800, 450)	testing
12	jy	m	18	2	circle	none	same	N_dis	(800, 282)	vert	up	True	771320	773517	up	(800, 450)	testing
12	jy	m	18	2	diamond	red	dif	(632, 450)	(968, 450)	hori	left	True	774970	776269	left	(800, 450)	testing
12	jy	m	18	2	circle	none	dif	N_dis	(800, 618)	vert	up	True	777655	778509	up	(800, 450)	testing
12	jy	m	18	2	circle	green	dif	(632, 450)	(968, 450)	hori	left	True	780040	780653	left	(800, 450)	testing
12	jy	m	18	2	diamond	red	dif	(800, 282)	(800, 618)	vert	up	True	782176	782973	up	(800, 450)	testing
12	jy	m	18	2	circle	none	same	N_dis	(800, 282)	vert	up	True	784455	785949	up	(800, 450)	testing
12	jy	m	18	2	circle	none	same	N_dis	(968, 450)	hori	left	True	787463	788301	left	(800, 450)	testing
12	jy	m	18	2	diamond	none	same	N_dis	(800, 282)	vert	up	True	789743	790429	up	(800, 450)	testing
12	jy	m	18	2	circle	none	dif	N_dis	(800, 618)	hori	left	True	792040	792941	left	(800, 450)	testing
12	jy	m	18	2	diamond	green	same	(968, 450)	(800, 618)	hori	left	True	794329	795293	left	(800, 450)	testing
12	jy	m	18	2	diamond	green	same	(968, 450)	(800, 618)	hori	left	True	796966	797901	left	(800, 450)	testing
12	jy	m	18	2	diamond	red	same	(632, 450)	(800, 282)	vert	up	True	799385	800109	up	(800, 450)	testing
12	jy	m	18	2	circle	green	dif	(968, 450)	(632, 450)	hori	left	True	801598	802413	left	(800, 450)	testing
12	jy	m	18	2	diamond	green	same	(800, 282)	(632, 450)	vert	up	True	804071	805101	up	(800, 450)	testing
12	jy	m	18	2	circle	green	dif	(800, 282)	(968, 450)	hori	left	True	806513	807965	left	(800, 450)	testing
12	jy	m	18	2	circle	red	dif	(800, 282)	(800, 618)	vert	up	True	809372	810237	up	(800, 450)	testing
12	jy	m	18	2	diamond	none	same	N_dis	(632, 450)	vert	up	True	811664	812717	left	(800, 450)	testing
12	jy	m	18	2	diamond	red	same	(968, 450)	(800, 282)	vert	up	True	815897	816781	up	(800, 450)	testing
12	jy	m	18	2	diamond	red	same	(800, 282)	(968, 450)	vert	up	True	818326	820397	up	(800, 450)	testing
12	jy	m	18	2	circle	red	dif	(800, 282)	(800, 618)	hori	left	True	821998	822909	left	(800, 450)	testing
12	jy	m	18	2	diamond	green	same	(968, 450)	(632, 450)	hori	left	True	824312	825501	left	(800, 450)	testing
12	jy	m	18	2	circle	green	dif	(632, 450)	(800, 282)	hori	left	True	827082	828237	left	(800, 450)	testing
12	jy	m	18	2	circle	none	dif	N_dis	(800, 618)	vert	up	True	829622	830445	up	(800, 450)	testing
12	jy	m	18	2	circle	red	same	(632, 450)	(800, 618)	hori	left	True	831846	833501	left	(800, 450)	testing
12	jy	m	18	2	circle	green	dif	(632, 450)	(968, 450)	hori	left	True	835005	836157	left	(800, 450)	testing
12	jy	m	18	2	diamond	red	dif	(800, 282)	(968, 450)	vert	up	True	837574	838909	up	(800, 450)	testing
