subj	name	gender	age	runNum	shape	dist	td_dif	d_loc	t_loc	resp	resp_key	gotKey	startTime	respTime	resp	fix_loc	prac
13	ff	f	20	2	circle	red	dif	(800, 282)	(968, 450)	vert	up	True	20279	21565	up	(800, 450)	testing
13	ff	f	20	2	circle	red	same	(632, 450)	(968, 450)	hori	left	True	23221	25085	left	(800, 450)	testing
13	ff	f	20	2	diamond	green	dif	(632, 450)	(968, 450)	hori	left	True	26729	28141	left	(800, 450)	testing
13	ff	f	20	2	circle	none	dif	N_dis	(968, 450)	hori	left	True	29621	30749	left	(800, 450)	testing
13	ff	f	20	2	diamond	red	dif	(632, 450)	(800, 282)	vert	up	True	32335	33613	up	(800, 450)	testing
13	ff	f	20	2	circle	none	same	N_dis	(800, 282)	hori	left	True	35244	37293	left	(800, 450)	testing
13	ff	f	20	2	circle	none	same	N_dis	(800, 618)	hori	left	True	38898	39581	left	(800, 450)	testing
13	ff	f	20	2	diamond	red	same	(800, 618)	(968, 450)	vert	up	True	41113	42205	up	(800, 450)	testing
13	ff	f	20	2	diamond	none	same	N_dis	(968, 450)	vert	up	True	43656	44317	up	(800, 450)	testing
13	ff	f	20	2	diamond	none	same	N_dis	(800, 282)	hori	left	True	45791	46685	left	(800, 450)	testing
13	ff	f	20	2	diamond	green	dif	(800, 282)	(632, 450)	vert	up	True	48187	49437	up	(800, 450)	testing
13	ff	f	20	2	circle	none	same	N_dis	(800, 282)	hori	left	True	51024	52061	left	(800, 450)	testing
13	ff	f	20	2	circle	red	dif	(800, 282)	(968, 450)	hori	left	True	53710	54573	left	(800, 450)	testing
13	ff	f	20	2	circle	none	dif	N_dis	(800, 618)	vert	up	True	56191	58605	up	(800, 450)	testing
13	ff	f	20	2	diamond	none	same	N_dis	(968, 450)	vert	up	True	59998	61357	up	(800, 450)	testing
13	ff	f	20	2	circle	green	same	(632, 450)	(800, 282)	vert	up	True	62767	65165	up	(800, 450)	testing
13	ff	f	20	2	diamond	green	dif	(800, 618)	(632, 450)	vert	up	True	66679	68141	up	(800, 450)	testing
13	ff	f	20	2	diamond	red	same	(632, 450)	(800, 282)	vert	up	True	69642	70797	up	(800, 450)	testing
13	ff	f	20	2	diamond	red	dif	(800, 618)	(968, 450)	vert	up	True	72442	73661	up	(800, 450)	testing
13	ff	f	20	2	circle	green	dif	(800, 618)	(632, 450)	vert	up	True	75322	76509	up	(800, 450)	testing
13	ff	f	20	2	diamond	green	same	(800, 618)	(632, 450)	hori	left	True	78107	79869	left	(800, 450)	testing
13	ff	f	20	2	diamond	none	same	N_dis	(632, 450)	vert	up	True	81301	82733	up	(800, 450)	testing
13	ff	f	20	2	circle	red	dif	(632, 450)	(800, 282)	vert	up	True	84395	85933	up	(800, 450)	testing
13	ff	f	20	2	diamond	none	same	N_dis	(968, 450)	vert	up	True	87320	88573	up	(800, 450)	testing
13	ff	f	20	2	circle	green	dif	(632, 450)	(800, 282)	hori	left	True	90219	91453	left	(800, 450)	testing
13	ff	f	20	2	circle	none	same	N_dis	(800, 282)	vert	up	True	92969	94541	up	(800, 450)	testing
13	ff	f	20	2	circle	red	dif	(800, 618)	(800, 282)	vert	up	True	95934	97213	up	(800, 450)	testing
13	ff	f	20	2	diamond	none	dif	N_dis	(968, 450)	hori	left	True	98682	99869	left	(800, 450)	testing
13	ff	f	20	2	circle	red	same	(800, 282)	(968, 450)	vert	up	True	101346	102285	up	(800, 450)	testing
13	ff	f	20	2	diamond	red	same	(800, 618)	(632, 450)	hori	left	True	103876	104717	left	(800, 450)	testing
13	ff	f	20	2	circle	red	same	(800, 282)	(632, 450)	vert	up	True	106099	107661	up	(800, 450)	testing
13	ff	f	20	2	circle	green	same	(632, 450)	(968, 450)	vert	up	True	109280	110317	up	(800, 450)	testing
13	ff	f	20	2	circle	green	dif	(632, 450)	(800, 618)	hori	left	True	111931	113469	left	(800, 450)	testing
13	ff	f	20	2	diamond	green	dif	(632, 450)	(968, 450)	hori	left	True	115100	116541	left	(800, 450)	testing
13	ff	f	20	2	circle	green	same	(800, 282)	(968, 450)	hori	left	True	118111	119405	left	(800, 450)	testing
13	ff	f	20	2	diamond	green	same	(800, 618)	(968, 450)	hori	left	True	121002	123133	left	(800, 450)	testing
13	ff	f	20	2	circle	green	dif	(800, 618)	(968, 450)	vert	up	True	124731	125981	up	(800, 450)	testing
13	ff	f	20	2	diamond	green	same	(632, 450)	(800, 618)	vert	up	True	127638	129693	up	(800, 450)	testing
13	ff	f	20	2	circle	red	same	(800, 618)	(632, 450)	hori	left	True	131165	132221	left	(800, 450)	testing
13	ff	f	20	2	circle	none	dif	N_dis	(800, 618)	vert	up	True	133730	134653	up	(800, 450)	testing
13	ff	f	20	2	diamond	red	same	(632, 450)	(800, 618)	vert	up	True	136136	138012	up	(800, 450)	testing
13	ff	f	20	2	circle	red	same	(800, 618)	(800, 282)	vert	up	True	139543	140429	up	(800, 450)	testing
13	ff	f	20	2	diamond	red	dif	(632, 450)	(800, 282)	hori	left	True	141873	142925	left	(800, 450)	testing
13	ff	f	20	2	diamond	none	same	N_dis	(968, 450)	vert	up	True	144354	145693	up	(800, 450)	testing
13	ff	f	20	2	diamond	none	same	N_dis	(800, 282)	vert	up	True	147221	148349	up	(800, 450)	testing
13	ff	f	20	2	diamond	red	dif	(632, 450)	(800, 618)	vert	up	True	149985	150797	up	(800, 450)	testing
13	ff	f	20	2	circle	red	same	(968, 450)	(800, 282)	hori	left	True	152240	153229	left	(800, 450)	testing
13	ff	f	20	2	circle	none	same	N_dis	(968, 450)	vert	up	True	154698	155821	up	(800, 450)	testing
13	ff	f	20	2	circle	green	same	(968, 450)	(632, 450)	vert	up	True	157246	158605	up	(800, 450)	testing
13	ff	f	20	2	circle	green	dif	(800, 618)	(800, 282)	vert	up	True	160016	161549	up	(800, 450)	testing
13	ff	f	20	2	circle	green	same	(800, 618)	(800, 282)	vert	up	True	163131	163933	up	(800, 450)	testing
13	ff	f	20	2	diamond	red	dif	(632, 450)	(800, 282)	vert	up	True	165509	166893	up	(800, 450)	testing
13	ff	f	20	2	diamond	none	dif	N_dis	(968, 450)	hori	left	True	168485	170077	left	(800, 450)	testing
13	ff	f	20	2	diamond	green	dif	(632, 450)	(800, 618)	vert	up	True	171555	172957	up	(800, 450)	testing
13	ff	f	20	2	circle	red	same	(632, 450)	(800, 282)	hori	left	True	174527	175661	left	(800, 450)	testing
13	ff	f	20	2	diamond	red	same	(800, 282)	(968, 450)	hori	left	True	177141	178109	left	(800, 450)	testing
13	ff	f	20	2	circle	red	dif	(800, 618)	(968, 450)	vert	up	True	179745	181533	up	(800, 450)	testing
13	ff	f	20	2	diamond	red	dif	(632, 450)	(968, 450)	hori	left	True	183026	184797	left	(800, 450)	testing
13	ff	f	20	2	diamond	none	dif	N_dis	(800, 618)	vert	up	True	186460	188573	up	(800, 450)	testing
13	ff	f	20	2	circle	green	same	(800, 282)	(800, 618)	hori	left	True	190129	191789	left	(800, 450)	testing
13	ff	f	20	2	circle	red	dif	(632, 450)	(968, 450)	vert	up	True	193347	194381	up	(800, 450)	testing
13	ff	f	20	2	circle	green	same	(800, 282)	(632, 450)	vert	up	True	195974	197036	up	(800, 450)	testing
13	ff	f	20	2	diamond	none	same	N_dis	(800, 282)	hori	left	True	198618	200109	left	(800, 450)	testing
13	ff	f	20	2	diamond	green	same	(968, 450)	(800, 618)	vert	up	True	201676	202717	up	(800, 450)	testing
13	ff	f	20	2	diamond	none	same	N_dis	(968, 450)	hori	left	True	204329	205261	left	(800, 450)	testing
13	ff	f	20	2	diamond	green	same	(800, 282)	(632, 450)	vert	up	True	206691	208749	up	(800, 450)	testing
13	ff	f	20	2	diamond	red	dif	(800, 618)	(968, 450)	vert	up	True	210157	211165	up	(800, 450)	testing
13	ff	f	20	2	diamond	red	dif	(800, 282)	(632, 450)	vert	up	True	212612	213917	up	(800, 450)	testing
13	ff	f	20	2	diamond	none	dif	N_dis	(632, 450)	hori	left	True	215514	216829	left	(800, 450)	testing
13	ff	f	20	2	circle	none	dif	N_dis	(632, 450)	vert	up	True	218228	220077	up	(800, 450)	testing
13	ff	f	20	2	circle	none	same	N_dis	(800, 282)	vert	up	True	221588	222413	up	(800, 450)	testing
13	ff	f	20	2	diamond	none	same	N_dis	(800, 282)	vert	up	True	224050	224877	up	(800, 450)	testing
13	ff	f	20	2	circle	green	same	(800, 618)	(800, 282)	hori	left	True	226300	227933	left	(800, 450)	testing
13	ff	f	20	2	diamond	none	dif	N_dis	(968, 450)	hori	left	True	229308	230781	left	(800, 450)	testing
13	ff	f	20	2	diamond	green	dif	(800, 282)	(800, 618)	vert	up	True	232452	233437	up	(800, 450)	testing
13	ff	f	20	2	diamond	none	same	N_dis	(632, 450)	hori	left	True	234990	236061	left	(800, 450)	testing
13	ff	f	20	2	circle	green	dif	(800, 282)	(632, 450)	vert	up	True	237455	238989	up	(800, 450)	testing
13	ff	f	20	2	circle	green	same	(800, 282)	(632, 450)	hori	left	True	240389	241533	left	(800, 450)	testing
13	ff	f	20	2	diamond	red	same	(800, 618)	(632, 450)	vert	up	True	243054	244061	up	(800, 450)	testing
13	ff	f	20	2	diamond	green	dif	(632, 450)	(800, 282)	hori	left	True	245467	247197	left	(800, 450)	testing
13	ff	f	20	2	circle	red	dif	(632, 450)	(800, 282)	hori	left	True	248779	249949	left	(800, 450)	testing
13	ff	f	20	2	circle	none	dif	N_dis	(800, 618)	vert	up	True	251555	252509	up	(800, 450)	testing
13	ff	f	20	2	circle	green	same	(800, 282)	(968, 450)	vert	up	True	254016	255069	up	(800, 450)	testing
13	ff	f	20	2	diamond	green	same	(800, 282)	(968, 450)	vert	up	True	256648	258605	up	(800, 450)	testing
13	ff	f	20	2	circle	green	dif	(632, 450)	(968, 450)	vert	up	True	260098	261821	up	(800, 450)	testing
13	ff	f	20	2	circle	red	dif	(632, 450)	(968, 450)	hori	left	True	263417	264893	left	(800, 450)	testing
13	ff	f	20	2	circle	green	dif	(632, 450)	(968, 450)	hori	left	True	266500	268012	left	(800, 450)	testing
13	ff	f	20	2	diamond	none	same	N_dis	(800, 282)	vert	up	True	269537	270957	up	(800, 450)	testing
13	ff	f	20	2	diamond	none	dif	N_dis	(800, 618)	hori	left	True	272399	273597	left	(800, 450)	testing
13	ff	f	20	2	diamond	green	dif	(800, 282)	(800, 618)	vert	up	True	275021	276461	up	(800, 450)	testing
13	ff	f	20	2	circle	green	dif	(800, 618)	(632, 450)	vert	up	True	278000	279133	up	(800, 450)	testing
13	ff	f	20	2	diamond	none	dif	N_dis	(632, 450)	vert	up	True	280794	282028	up	(800, 450)	testing
13	ff	f	20	2	circle	red	dif	(632, 450)	(800, 282)	hori	left	True	283456	284733	left	(800, 450)	testing
13	ff	f	20	2	circle	red	same	(800, 618)	(632, 450)	hori	left	True	286356	287405	left	(800, 450)	testing
13	ff	f	20	2	circle	red	same	(800, 618)	(968, 450)	vert	up	True	288878	289773	up	(800, 450)	testing
13	ff	f	20	2	diamond	none	same	N_dis	(800, 282)	vert	up	True	291246	292829	up	(800, 450)	testing
13	ff	f	20	2	circle	none	same	N_dis	(632, 450)	hori	left	True	294440	295693	left	(800, 450)	testing
13	ff	f	20	2	diamond	none	dif	N_dis	(632, 450)	hori	left	True	297312	298685	left	(800, 450)	testing
13	ff	f	20	2	circle	green	dif	(632, 450)	(800, 282)	hori	left	True	300062	301549	left	(800, 450)	testing
13	ff	f	20	2	diamond	none	dif	N_dis	(800, 618)	hori	left	True	303207	304557	left	(800, 450)	testing
13	ff	f	20	2	diamond	red	same	(800, 618)	(968, 450)	vert	up	True	306177	307309	up	(800, 450)	testing
13	ff	f	20	2	circle	green	dif	(632, 450)	(968, 450)	hori	left	True	308827	310285	left	(800, 450)	testing
13	ff	f	20	2	diamond	red	same	(800, 282)	(968, 450)	vert	up	True	311842	312765	up	(800, 450)	testing
13	ff	f	20	2	circle	none	dif	N_dis	(800, 282)	vert	up	True	314287	315117	up	(800, 450)	testing
13	ff	f	20	2	diamond	none	same	N_dis	(800, 618)	hori	left	True	316783	317725	left	(800, 450)	testing
13	ff	f	20	2	diamond	green	same	(800, 282)	(968, 450)	vert	up	True	319199	320317	up	(800, 450)	testing
13	ff	f	20	2	circle	green	dif	(968, 450)	(800, 618)	hori	left	True	321701	322653	left	(800, 450)	testing
13	ff	f	20	2	diamond	green	dif	(800, 618)	(632, 450)	hori	left	True	324261	325693	left	(800, 450)	testing
13	ff	f	20	2	circle	green	dif	(800, 282)	(800, 618)	hori	left	True	327178	329613	left	(800, 450)	testing
13	ff	f	20	2	diamond	none	dif	N_dis	(968, 450)	vert	up	True	331139	332397	up	(800, 450)	testing
13	ff	f	20	2	diamond	none	same	N_dis	(800, 282)	vert	up	True	333954	335053	up	(800, 450)	testing
13	ff	f	20	2	circle	green	same	(800, 282)	(632, 450)	hori	left	True	336491	337885	left	(800, 450)	testing
13	ff	f	20	2	diamond	green	same	(632, 450)	(800, 282)	hori	left	True	339286	341949	left	(800, 450)	testing
13	ff	f	20	2	diamond	green	same	(800, 282)	(800, 618)	vert	up	True	343367	344397	up	(800, 450)	testing
13	ff	f	20	2	diamond	red	dif	(800, 282)	(800, 618)	hori	left	True	345994	347661	left	(800, 450)	testing
13	ff	f	20	2	circle	red	dif	(800, 282)	(632, 450)	hori	left	True	349206	350141	left	(800, 450)	testing
13	ff	f	20	2	circle	green	same	(800, 282)	(632, 450)	vert	up	True	351550	354141	up	(800, 450)	testing
13	ff	f	20	2	circle	none	same	N_dis	(968, 450)	hori	left	True	355581	356285	left	(800, 450)	testing
13	ff	f	20	2	circle	green	same	(632, 450)	(800, 618)	hori	left	True	357755	358957	left	(800, 450)	testing
13	ff	f	20	2	diamond	red	dif	(800, 282)	(800, 618)	hori	left	True	360387	362061	left	(800, 450)	testing
13	ff	f	20	2	circle	green	same	(800, 618)	(968, 450)	vert	up	True	363671	365085	up	(800, 450)	testing
13	ff	f	20	2	circle	none	dif	N_dis	(632, 450)	vert	up	True	366620	367469	up	(800, 450)	testing
13	ff	f	20	2	diamond	none	dif	N_dis	(968, 450)	hori	left	True	368912	370461	left	(800, 450)	testing
13	ff	f	20	2	diamond	none	dif	N_dis	(632, 450)	hori	left	True	371886	373629	left	(800, 450)	testing
13	ff	f	20	2	circle	none	same	N_dis	(632, 450)	vert	up	True	375062	376749	up	(800, 450)	testing
13	ff	f	20	2	diamond	red	same	(800, 282)	(968, 450)	hori	left	True	378379	379549	left	(800, 450)	testing
13	ff	f	20	2	diamond	red	dif	(800, 618)	(632, 450)	hori	left	True	381032	382653	left	(800, 450)	testing
13	ff	f	20	2	diamond	green	same	(800, 618)	(800, 282)	hori	left	True	384249	385597	left	(800, 450)	testing
13	ff	f	20	2	diamond	red	dif	(800, 618)	(968, 450)	vert	up	True	387205	389101	up	(800, 450)	testing
13	ff	f	20	2	circle	red	same	(800, 618)	(968, 450)	hori	left	True	390730	392701	left	(800, 450)	testing
13	ff	f	20	2	circle	green	same	(800, 282)	(800, 618)	hori	left	True	394259	395149	left	(800, 450)	testing
13	ff	f	20	2	diamond	none	same	N_dis	(800, 282)	hori	left	True	396623	398028	left	(800, 450)	testing
13	ff	f	20	2	diamond	green	dif	(968, 450)	(632, 450)	hori	left	True	399475	400477	left	(800, 450)	testing
13	ff	f	20	2	circle	green	same	(800, 618)	(632, 450)	vert	up	True	402034	403229	up	(800, 450)	testing
13	ff	f	20	2	circle	red	dif	(800, 282)	(632, 450)	hori	left	True	404768	405661	left	(800, 450)	testing
13	ff	f	20	2	circle	red	dif	(632, 450)	(800, 618)	hori	left	True	407275	408173	left	(800, 450)	testing
13	ff	f	20	2	circle	green	same	(800, 282)	(632, 450)	hori	left	True	409755	410637	left	(800, 450)	testing
13	ff	f	20	2	diamond	none	same	N_dis	(632, 450)	vert	up	True	412274	414317	up	(800, 450)	testing
13	ff	f	20	2	diamond	green	same	(800, 282)	(800, 618)	hori	left	True	415795	416957	left	(800, 450)	testing
13	ff	f	20	2	circle	green	dif	(800, 618)	(968, 450)	vert	up	True	418527	419821	up	(800, 450)	testing
13	ff	f	20	2	diamond	red	dif	(800, 618)	(800, 282)	hori	left	True	421305	423149	left	(800, 450)	testing
13	ff	f	20	2	circle	green	same	(632, 450)	(800, 618)	vert	up	True	424573	426028	up	(800, 450)	testing
13	ff	f	20	2	diamond	green	same	(800, 282)	(800, 618)	vert	up	True	427571	428941	up	(800, 450)	testing
13	ff	f	20	2	circle	none	same	N_dis	(800, 282)	hori	left	True	430461	431789	left	(800, 450)	testing
13	ff	f	20	2	circle	none	dif	N_dis	(800, 282)	hori	left	True	433230	434925	left	(800, 450)	testing
13	ff	f	20	2	diamond	red	dif	(800, 618)	(800, 282)	hori	left	True	436421	437693	left	(800, 450)	testing
13	ff	f	20	2	circle	none	same	N_dis	(632, 450)	vert	up	True	439106	440141	up	(800, 450)	testing
13	ff	f	20	2	circle	red	same	(632, 450)	(800, 282)	vert	up	True	441710	442926	up	(800, 450)	testing
13	ff	f	20	2	diamond	red	same	(800, 282)	(632, 450)	vert	up	True	444473	446765	up	(800, 450)	testing
13	ff	f	20	2	diamond	green	dif	(632, 450)	(800, 618)	vert	up	True	448437	450237	up	(800, 450)	testing
13	ff	f	20	2	diamond	green	same	(800, 282)	(632, 450)	vert	up	True	451817	454349	up	(800, 450)	testing
13	ff	f	20	2	diamond	none	dif	N_dis	(632, 450)	vert	up	True	455836	457757	up	(800, 450)	testing
13	ff	f	20	2	circle	red	dif	(632, 450)	(800, 282)	vert	up	True	459297	460333	up	(800, 450)	testing
13	ff	f	20	2	circle	none	dif	N_dis	(800, 618)	vert	up	True	461992	463165	up	(800, 450)	testing
13	ff	f	20	2	diamond	red	same	(968, 450)	(800, 282)	vert	up	True	464783	466253	up	(800, 450)	testing
13	ff	f	20	2	circle	none	same	N_dis	(968, 450)	vert	up	True	467721	468861	up	(800, 450)	testing
13	ff	f	20	2	diamond	red	dif	(800, 282)	(632, 450)	hori	left	True	470390	472173	left	(800, 450)	testing
13	ff	f	20	2	diamond	green	dif	(632, 450)	(800, 282)	hori	left	True	473782	474797	left	(800, 450)	testing
13	ff	f	20	2	circle	red	same	(800, 282)	(632, 450)	vert	up	True	476290	478205	up	(800, 450)	testing
13	ff	f	20	2	circle	none	same	N_dis	(632, 450)	hori	left	True	479739	481036	left	(800, 450)	testing
13	ff	f	20	2	circle	none	dif	N_dis	(800, 282)	hori	left	True	482548	484589	left	(800, 450)	testing
13	ff	f	20	2	circle	green	dif	(632, 450)	(800, 618)	hori	left	True	486227	487277	left	(800, 450)	testing
13	ff	f	20	2	diamond	red	same	(800, 618)	(968, 450)	hori	left	True	488890	490333	left	(800, 450)	testing
13	ff	f	20	2	diamond	none	dif	N_dis	(800, 618)	hori	left	True	491890	492861	left	(800, 450)	testing
13	ff	f	20	2	diamond	none	dif	N_dis	(800, 618)	vert	up	True	494315	495421	up	(800, 450)	testing
13	ff	f	20	2	circle	green	same	(632, 450)	(800, 282)	vert	up	True	496899	497869	up	(800, 450)	testing
13	ff	f	20	2	circle	red	dif	(800, 618)	(632, 450)	hori	left	True	499297	500669	left	(800, 450)	testing
13	ff	f	20	2	circle	none	dif	N_dis	(800, 282)	vert	up	True	502207	503517	up	(800, 450)	testing
13	ff	f	20	2	diamond	red	same	(632, 450)	(800, 618)	hori	left	True	504995	505965	left	(800, 450)	testing
13	ff	f	20	2	circle	none	dif	N_dis	(800, 282)	hori	left	True	507360	508493	left	(800, 450)	testing
13	ff	f	20	2	circle	none	dif	N_dis	(968, 450)	hori	left	True	510117	511325	left	(800, 450)	testing
13	ff	f	20	2	circle	none	dif	N_dis	(800, 618)	hori	left	True	512933	514605	left	(800, 450)	testing
13	ff	f	20	2	diamond	green	dif	(800, 282)	(968, 450)	vert	up	True	516100	517085	up	(800, 450)	testing
13	ff	f	20	2	diamond	none	dif	N_dis	(632, 450)	hori	left	True	518507	519357	left	(800, 450)	testing
13	ff	f	20	2	circle	none	dif	N_dis	(800, 618)	hori	left	True	521014	521965	left	(800, 450)	testing
13	ff	f	20	2	circle	none	dif	N_dis	(800, 282)	hori	left	True	523601	524413	left	(800, 450)	testing
13	ff	f	20	2	circle	red	same	(800, 282)	(968, 450)	hori	left	True	525955	526685	left	(800, 450)	testing
13	ff	f	20	2	diamond	green	same	(800, 618)	(800, 282)	hori	left	True	528344	529901	left	(800, 450)	testing
13	ff	f	20	2	circle	red	dif	(968, 450)	(632, 450)	hori	left	True	531492	532269	left	(800, 450)	testing
13	ff	f	20	2	diamond	green	same	(800, 618)	(800, 282)	vert	up	True	533911	535837	up	(800, 450)	testing
13	ff	f	20	2	diamond	red	same	(632, 450)	(968, 450)	vert	up	True	537230	538253	up	(800, 450)	testing
13	ff	f	20	2	diamond	none	dif	N_dis	(800, 618)	vert	up	True	539668	540605	up	(800, 450)	testing
13	ff	f	20	2	circle	none	dif	N_dis	(800, 618)	vert	up	True	541991	542781	up	(800, 450)	testing
13	ff	f	20	2	circle	red	dif	(800, 282)	(800, 618)	vert	up	True	544237	545373	up	(800, 450)	testing
13	ff	f	20	2	circle	none	dif	N_dis	(968, 450)	vert	up	True	546872	548317	up	(800, 450)	testing
13	ff	f	20	2	diamond	none	same	N_dis	(632, 450)	hori	left	True	549784	550957	left	(800, 450)	testing
13	ff	f	20	2	circle	none	dif	N_dis	(800, 618)	hori	left	True	552426	553533	left	(800, 450)	testing
13	ff	f	20	2	diamond	none	dif	N_dis	(800, 618)	vert	up	True	555010	556989	up	(800, 450)	testing
13	ff	f	20	2	circle	none	dif	N_dis	(800, 618)	vert	up	True	558416	559629	up	(800, 450)	testing
13	ff	f	20	2	circle	none	same	N_dis	(800, 618)	hori	left	True	561224	562012	left	(800, 450)	testing
13	ff	f	20	2	circle	none	same	N_dis	(632, 450)	vert	up	True	563667	564621	up	(800, 450)	testing
13	ff	f	20	2	circle	green	dif	(632, 450)	(968, 450)	hori	left	True	566057	566861	left	(800, 450)	testing
13	ff	f	20	2	circle	red	same	(800, 618)	(800, 282)	hori	left	True	568492	569549	left	(800, 450)	testing
13	ff	f	20	2	circle	red	dif	(800, 282)	(800, 618)	vert	up	True	571000	571693	up	(800, 450)	testing
13	ff	f	20	2	circle	green	same	(632, 450)	(800, 282)	vert	up	True	573311	574189	up	(800, 450)	testing
13	ff	f	20	2	diamond	none	same	N_dis	(632, 450)	vert	up	True	575733	577773	up	(800, 450)	testing
13	ff	f	20	2	circle	red	dif	(800, 618)	(968, 450)	vert	up	True	579176	580397	up	(800, 450)	testing
13	ff	f	20	2	circle	none	dif	N_dis	(800, 282)	vert	up	True	581924	583421	up	(800, 450)	testing
13	ff	f	20	2	circle	green	same	(800, 618)	(800, 282)	vert	up	True	584847	586061	up	(800, 450)	testing
13	ff	f	20	2	diamond	green	same	(800, 618)	(632, 450)	vert	up	True	587440	589325	up	(800, 450)	testing
13	ff	f	20	2	circle	none	same	N_dis	(968, 450)	hori	left	True	590959	591661	left	(800, 450)	testing
13	ff	f	20	2	circle	none	same	N_dis	(968, 450)	vert	up	True	593044	594012	up	(800, 450)	testing
13	ff	f	20	2	diamond	green	dif	(800, 282)	(968, 450)	vert	up	True	595514	596765	up	(800, 450)	testing
13	ff	f	20	2	circle	green	same	(800, 282)	(632, 450)	vert	up	True	598304	599405	up	(800, 450)	testing
13	ff	f	20	2	circle	green	dif	(632, 450)	(800, 618)	hori	left	True	600807	601725	left	(800, 450)	testing
13	ff	f	20	2	circle	green	dif	(632, 450)	(968, 450)	hori	left	True	603246	603965	left	(800, 450)	testing
13	ff	f	20	2	diamond	green	dif	(800, 618)	(968, 450)	vert	up	True	605587	606685	up	(800, 450)	testing
13	ff	f	20	2	circle	red	same	(800, 618)	(800, 282)	vert	up	True	608181	609613	up	(800, 450)	testing
13	ff	f	20	2	diamond	green	dif	(800, 618)	(968, 450)	hori	left	True	611283	612493	left	(800, 450)	testing
13	ff	f	20	2	circle	red	same	(800, 618)	(800, 282)	vert	up	True	613915	615389	up	(800, 450)	testing
13	ff	f	20	2	circle	none	same	N_dis	(800, 282)	vert	up	True	616826	618045	up	(800, 450)	testing
13	ff	f	20	2	diamond	green	same	(800, 618)	(968, 450)	vert	up	True	619540	620541	up	(800, 450)	testing
13	ff	f	20	2	circle	none	same	N_dis	(632, 450)	hori	left	True	622030	622893	left	(800, 450)	testing
13	ff	f	20	2	diamond	green	dif	(800, 282)	(800, 618)	hori	left	True	624493	625613	left	(800, 450)	testing
13	ff	f	20	2	diamond	green	dif	(800, 618)	(632, 450)	vert	up	True	627012	628381	up	(800, 450)	testing
13	ff	f	20	2	diamond	red	dif	(800, 282)	(968, 450)	vert	up	True	629778	630717	up	(800, 450)	testing
13	ff	f	20	2	circle	green	dif	(800, 282)	(800, 618)	vert	up	True	632389	633773	up	(800, 450)	testing
13	ff	f	20	2	circle	red	same	(800, 618)	(968, 450)	hori	left	True	635415	636765	left	(800, 450)	testing
13	ff	f	20	2	diamond	none	dif	N_dis	(968, 450)	hori	left	True	638222	639581	left	(800, 450)	testing
13	ff	f	20	2	circle	green	dif	(632, 450)	(800, 282)	vert	up	True	640994	641997	up	(800, 450)	testing
13	ff	f	20	2	diamond	green	same	(800, 282)	(800, 618)	hori	left	True	643574	644669	left	(800, 450)	testing
13	ff	f	20	2	diamond	red	dif	(800, 618)	(632, 450)	vert	up	True	646182	646957	up	(800, 450)	testing
13	ff	f	20	2	diamond	none	dif	N_dis	(800, 618)	vert	up	True	648454	649373	up	(800, 450)	testing
13	ff	f	20	2	diamond	red	dif	(800, 618)	(968, 450)	vert	up	True	650770	651597	up	(800, 450)	testing
13	ff	f	20	2	circle	green	dif	(800, 618)	(800, 282)	vert	up	True	653111	654445	up	(800, 450)	testing
13	ff	f	20	2	diamond	none	dif	N_dis	(968, 450)	vert	up	True	656044	656829	up	(800, 450)	testing
13	ff	f	20	2	diamond	green	dif	(800, 282)	(632, 450)	hori	left	True	658475	659869	left	(800, 450)	testing
13	ff	f	20	2	circle	green	dif	(800, 282)	(968, 450)	vert	up	True	661452	663020	up	(800, 450)	testing
13	ff	f	20	2	diamond	green	same	(800, 282)	(800, 618)	hori	left	True	664522	665501	left	(800, 450)	testing
13	ff	f	20	2	circle	red	dif	(800, 618)	(632, 450)	hori	left	True	666895	667821	left	(800, 450)	testing
13	ff	f	20	2	diamond	red	dif	(800, 282)	(632, 450)	hori	left	True	669242	671229	left	(800, 450)	testing
13	ff	f	20	2	diamond	red	same	(800, 618)	(968, 450)	vert	up	True	672787	673789	up	(800, 450)	testing
13	ff	f	20	2	diamond	none	same	N_dis	(632, 450)	hori	left	True	675360	676541	left	(800, 450)	testing
13	ff	f	20	2	diamond	none	same	N_dis	(800, 618)	vert	up	True	677927	678813	up	(800, 450)	testing
13	ff	f	20	2	circle	green	same	(800, 282)	(968, 450)	vert	up	True	680256	681901	up	(800, 450)	testing
13	ff	f	20	2	diamond	red	same	(632, 450)	(800, 618)	vert	up	True	683326	684701	up	(800, 450)	testing
13	ff	f	20	2	diamond	green	dif	(632, 450)	(968, 450)	hori	left	True	686282	687213	left	(800, 450)	testing
13	ff	f	20	2	diamond	none	dif	N_dis	(632, 450)	vert	up	True	688818	689805	up	(800, 450)	testing
13	ff	f	20	2	diamond	none	same	N_dis	(968, 450)	vert	up	True	691210	691917	up	(800, 450)	testing
13	ff	f	20	2	diamond	red	dif	(800, 282)	(800, 618)	vert	up	True	693386	694253	up	(800, 450)	testing
13	ff	f	20	2	diamond	red	same	(632, 450)	(800, 618)	vert	up	True	695817	696957	up	(800, 450)	testing
13	ff	f	20	2	circle	none	same	N_dis	(968, 450)	hori	left	True	698529	699261	left	(800, 450)	testing
13	ff	f	20	2	circle	none	same	N_dis	(800, 282)	vert	up	True	700782	701901	up	(800, 450)	testing
13	ff	f	20	2	circle	red	dif	(800, 618)	(800, 282)	vert	up	True	703472	705373	up	(800, 450)	testing
13	ff	f	20	2	diamond	red	dif	(800, 282)	(968, 450)	hori	left	True	706984	708141	left	(800, 450)	testing
13	ff	f	20	2	diamond	red	same	(632, 450)	(800, 618)	hori	left	True	709686	711405	left	(800, 450)	testing
13	ff	f	20	2	diamond	red	same	(632, 450)	(800, 618)	vert	up	True	712977	713837	up	(800, 450)	testing
13	ff	f	20	2	diamond	green	dif	(800, 618)	(800, 282)	vert	up	True	715499	716829	up	(800, 450)	testing
13	ff	f	20	2	diamond	green	same	(632, 450)	(968, 450)	hori	left	True	718367	719326	left	(800, 450)	testing
13	ff	f	20	2	circle	red	same	(800, 618)	(800, 282)	hori	left	True	720745	722445	left	(800, 450)	testing
13	ff	f	20	2	diamond	red	dif	(632, 450)	(800, 618)	vert	up	True	724027	725549	up	(800, 450)	testing
13	ff	f	20	2	diamond	green	dif	(632, 450)	(968, 450)	hori	left	True	726992	727821	left	(800, 450)	testing
13	ff	f	20	2	circle	red	same	(800, 282)	(800, 618)	hori	left	True	729339	730941	left	(800, 450)	testing
13	ff	f	20	2	diamond	green	same	(632, 450)	(800, 618)	hori	left	True	732561	734093	left	(800, 450)	testing
13	ff	f	20	2	circle	green	dif	(800, 618)	(632, 450)	vert	up	True	735474	736413	up	(800, 450)	testing
13	ff	f	20	2	circle	green	same	(968, 450)	(800, 282)	vert	up	True	738075	739661	up	(800, 450)	testing
13	ff	f	20	2	diamond	none	dif	N_dis	(800, 618)	vert	up	True	741113	742605	up	(800, 450)	testing
13	ff	f	20	2	circle	red	same	(632, 450)	(968, 450)	hori	left	True	744259	745085	left	(800, 450)	testing
13	ff	f	20	2	diamond	none	same	N_dis	(632, 450)	vert	up	True	746563	747661	up	(800, 450)	testing
13	ff	f	20	2	diamond	none	same	N_dis	(632, 450)	hori	left	True	749101	751165	left	(800, 450)	testing
13	ff	f	20	2	circle	none	same	N_dis	(800, 618)	vert	up	True	752614	753629	up	(800, 450)	testing
13	ff	f	20	2	diamond	red	same	(800, 618)	(632, 450)	hori	left	True	755276	756269	left	(800, 450)	testing
13	ff	f	20	2	circle	red	dif	(800, 282)	(968, 450)	hori	left	True	757671	758509	left	(800, 450)	testing
13	ff	f	20	2	diamond	red	same	(800, 618)	(968, 450)	hori	left	True	760115	761117	left	(800, 450)	testing
13	ff	f	20	2	circle	none	same	N_dis	(968, 450)	hori	left	True	762591	763773	left	(800, 450)	testing
13	ff	f	20	2	circle	red	dif	(632, 450)	(800, 618)	vert	up	True	765398	766269	up	(800, 450)	testing
13	ff	f	20	2	diamond	red	same	(632, 450)	(800, 282)	vert	up	True	767797	769101	up	(800, 450)	testing
13	ff	f	20	2	circle	red	same	(632, 450)	(800, 618)	vert	up	True	770542	771885	up	(800, 450)	testing
13	ff	f	20	2	circle	none	dif	N_dis	(800, 618)	vert	up	True	773324	774125	up	(800, 450)	testing
13	ff	f	20	2	circle	red	same	(632, 450)	(968, 450)	vert	up	True	775669	776685	up	(800, 450)	testing
13	ff	f	20	2	diamond	green	dif	(800, 618)	(968, 450)	hori	left	True	778171	779645	left	(800, 450)	testing
13	ff	f	20	2	circle	none	same	N_dis	(800, 282)	hori	left	True	781019	782317	left	(800, 450)	testing
13	ff	f	20	2	diamond	none	dif	N_dis	(968, 450)	vert	up	True	783710	785645	up	(800, 450)	testing
13	ff	f	20	2	circle	none	same	N_dis	(632, 450)	vert	up	True	787157	788061	up	(800, 450)	testing
13	ff	f	20	2	diamond	green	dif	(632, 450)	(968, 450)	hori	left	True	789610	790509	left	(800, 450)	testing
13	ff	f	20	2	diamond	red	same	(800, 618)	(632, 450)	vert	up	True	792133	793213	up	(800, 450)	testing
13	ff	f	20	2	circle	none	dif	N_dis	(800, 618)	vert	up	True	794693	795821	up	(800, 450)	testing
13	ff	f	20	2	diamond	green	same	(800, 282)	(968, 450)	vert	up	True	797311	798509	up	(800, 450)	testing
13	ff	f	20	2	circle	red	dif	(800, 282)	(632, 450)	hori	left	True	800062	801309	left	(800, 450)	testing
13	ff	f	20	2	circle	none	dif	N_dis	(968, 450)	hori	left	True	802859	803821	left	(800, 450)	testing
13	ff	f	20	2	circle	green	same	(800, 282)	(800, 618)	vert	up	True	805445	806877	up	(800, 450)	testing
13	ff	f	20	2	circle	red	same	(800, 618)	(632, 450)	hori	left	True	808281	809245	left	(800, 450)	testing
13	ff	f	20	2	circle	red	same	(800, 282)	(968, 450)	hori	left	True	810886	811725	left	(800, 450)	testing
13	ff	f	20	2	diamond	red	same	(800, 282)	(800, 618)	vert	up	True	813317	814269	up	(800, 450)	testing
13	ff	f	20	2	diamond	red	dif	(800, 618)	(800, 282)	hori	left	True	815833	816925	left	(800, 450)	testing
13	ff	f	20	2	diamond	green	same	(800, 618)	(800, 282)	hori	left	True	818574	820509	left	(800, 450)	testing
13	ff	f	20	2	diamond	red	dif	(800, 282)	(800, 618)	vert	up	True	822085	822877	up	(800, 450)	testing
13	ff	f	20	2	circle	none	dif	N_dis	(800, 282)	vert	up	True	824517	825565	up	(800, 450)	testing
13	ff	f	20	2	diamond	green	dif	(800, 282)	(968, 450)	hori	left	True	827173	828093	left	(800, 450)	testing
13	ff	f	20	2	circle	red	dif	(632, 450)	(968, 450)	vert	up	True	829760	831261	up	(800, 450)	testing
13	ff	f	20	2	diamond	none	dif	N_dis	(632, 450)	vert	up	True	832868	834093	up	(800, 450)	testing
13	ff	f	20	2	diamond	green	same	(632, 450)	(800, 618)	vert	up	True	835607	836813	up	(800, 450)	testing
13	ff	f	20	2	circle	green	dif	(632, 450)	(968, 450)	vert	up	True	838251	839213	up	(800, 450)	testing
13	ff	f	20	2	circle	green	dif	(800, 618)	(800, 282)	vert	up	True	840692	843020	up	(800, 450)	testing
13	ff	f	20	2	diamond	red	same	(800, 282)	(632, 450)	hori	left	True	844428	845853	left	(800, 450)	testing
13	ff	f	20	2	circle	red	dif	(632, 450)	(800, 282)	hori	left	True	847226	848221	left	(800, 450)	testing
13	ff	f	20	2	diamond	none	same	N_dis	(800, 282)	vert	up	True	849755	851566	up	(800, 450)	testing
13	ff	f	20	2	diamond	green	same	(800, 282)	(968, 450)	hori	left	True	853033	854221	left	(800, 450)	testing
13	ff	f	20	2	diamond	red	dif	(800, 618)	(632, 450)	hori	left	True	855841	856909	left	(800, 450)	testing
13	ff	f	20	2	circle	red	same	(632, 450)	(968, 450)	hori	left	True	858291	859277	left	(800, 450)	testing
