subj	name	gender	age	runNum	shape	dist	td_dif	d_loc	t_loc	resp	resp_key	gotKey	startTime	respTime	resp	fix_loc	prac
13	ff	f	20	1	diamond	red	dif	(968, 450)	(800, 282)	hori	left	True	82085	83772	up	(800, 450)	practice
13	ff	f	20	1	diamond	none	dif	N_dis	(800, 282)	hori	left	False	86721	None	None	(800, 450)	practice
13	ff	f	20	1	circle	red	dif	(968, 450)	(632, 450)	vert	up	True	92842	95308	up	(800, 450)	practice
13	ff	f	20	1	diamond	red	dif	(968, 450)	(800, 618)	hori	left	False	96742	None	None	(800, 450)	practice
13	ff	f	20	1	diamond	green	same	(968, 450)	(800, 282)	hori	left	False	102790	None	None	(800, 450)	practice
13	ff	f	20	1	circle	green	same	(968, 450)	(632, 450)	vert	up	True	108900	110668	up	(800, 450)	practice
13	ff	f	20	1	diamond	green	same	(968, 450)	(800, 618)	hori	left	True	112109	113724	left	(800, 450)	practice
13	ff	f	20	1	diamond	none	dif	N_dis	(968, 450)	hori	left	True	115335	116412	left	(800, 450)	practice
13	ff	f	20	1	circle	green	dif	(968, 450)	(800, 282)	hori	left	True	117869	119852	left	(800, 450)	practice
13	ff	f	20	1	diamond	none	same	N_dis	(968, 450)	vert	up	True	121455	122796	up	(800, 450)	practice
13	ff	f	20	1	diamond	red	same	(968, 450)	(632, 450)	vert	up	True	124262	126476	up	(800, 450)	practice
13	ff	f	20	1	circle	red	dif	(968, 450)	(800, 618)	hori	left	True	127958	129052	left	(800, 450)	practice
13	ff	f	20	1	circle	none	same	N_dis	(632, 450)	hori	left	True	130535	131708	left	(800, 450)	practice
13	ff	f	20	1	diamond	red	dif	(968, 450)	(800, 282)	vert	up	True	133152	134508	up	(800, 450)	practice
13	ff	f	20	1	diamond	red	dif	(968, 450)	(632, 450)	hori	left	True	136140	137068	left	(800, 450)	practice
13	ff	f	20	1	diamond	green	same	(968, 450)	(800, 618)	hori	left	True	138682	139965	left	(800, 450)	practice
13	ff	f	20	1	diamond	none	dif	N_dis	(632, 450)	vert	up	True	141589	142396	up	(800, 450)	practice
13	ff	f	20	1	diamond	none	same	N_dis	(800, 282)	vert	up	True	143846	146220	up	(800, 450)	practice
13	ff	f	20	1	diamond	red	dif	(968, 450)	(800, 282)	vert	up	True	147692	149020	up	(800, 450)	practice
13	ff	f	20	1	diamond	green	dif	(968, 450)	(632, 450)	vert	up	True	150561	151949	up	(800, 450)	practice
13	ff	f	20	1	diamond	none	same	N_dis	(800, 618)	vert	up	True	153462	155004	up	(800, 450)	practice
13	ff	f	20	1	circle	none	dif	N_dis	(968, 450)	hori	left	True	156555	157532	left	(800, 450)	practice
13	ff	f	20	1	diamond	red	same	(968, 450)	(800, 618)	hori	left	True	159043	160332	left	(800, 450)	practice
13	ff	f	20	1	diamond	red	same	(968, 450)	(800, 282)	hori	left	True	161812	163836	left	(800, 450)	practice
13	ff	f	20	1	diamond	none	same	N_dis	(800, 618)	hori	left	True	165340	166620	left	(800, 450)	practice
13	ff	f	20	1	diamond	red	dif	(968, 450)	(632, 450)	hori	left	True	168202	169244	left	(800, 450)	practice
13	ff	f	20	1	circle	red	dif	(968, 450)	(800, 618)	hori	left	True	170770	171981	left	(800, 450)	practice
13	ff	f	20	1	circle	none	same	N_dis	(800, 282)	vert	up	True	173473	175820	up	(800, 450)	practice
13	ff	f	20	1	circle	green	dif	(968, 450)	(800, 282)	vert	up	True	177481	178716	up	(800, 450)	practice
13	ff	f	20	1	diamond	green	dif	(968, 450)	(632, 450)	hori	left	True	180310	181788	up	(800, 450)	practice
13	ff	f	20	1	circle	none	dif	N_dis	(800, 282)	hori	left	True	184996	186588	left	(800, 450)	practice
13	ff	f	20	1	circle	green	dif	(968, 450)	(800, 618)	vert	up	True	188022	190204	up	(800, 450)	practice
13	ff	f	20	1	circle	red	dif	(968, 450)	(800, 282)	vert	up	True	191793	192892	up	(800, 450)	practice
13	ff	f	20	1	circle	red	dif	(968, 450)	(632, 450)	hori	left	True	194537	195628	left	(800, 450)	practice
13	ff	f	20	1	diamond	none	dif	N_dis	(800, 618)	hori	left	True	197103	198220	left	(800, 450)	practice
13	ff	f	20	1	circle	green	same	(968, 450)	(800, 618)	vert	up	True	199716	201036	up	(800, 450)	practice
13	ff	f	20	1	circle	none	same	N_dis	(800, 282)	vert	up	True	202541	203868	up	(800, 450)	practice
13	ff	f	20	1	circle	none	same	N_dis	(632, 450)	hori	left	True	205302	207116	left	(800, 450)	practice
13	ff	f	20	1	circle	green	same	(968, 450)	(800, 282)	hori	left	True	208572	209900	left	(800, 450)	practice
13	ff	f	20	1	circle	none	dif	N_dis	(800, 282)	vert	up	True	211432	213228	up	(800, 450)	practice
13	ff	f	20	1	diamond	red	dif	(968, 450)	(632, 450)	hori	left	True	218834	220460	left	(800, 450)	testing
13	ff	f	20	1	diamond	red	same	(632, 450)	(968, 450)	vert	up	True	221979	224700	up	(800, 450)	testing
13	ff	f	20	1	circle	red	same	(800, 618)	(968, 450)	vert	up	True	226309	227949	up	(800, 450)	testing
13	ff	f	20	1	diamond	green	same	(968, 450)	(632, 450)	vert	up	True	229438	230428	up	(800, 450)	testing
13	ff	f	20	1	circle	red	same	(968, 450)	(800, 282)	vert	up	True	231988	233692	up	(800, 450)	testing
13	ff	f	20	1	diamond	red	dif	(800, 618)	(800, 282)	hori	left	True	235296	236252	left	(800, 450)	testing
13	ff	f	20	1	diamond	red	dif	(632, 450)	(800, 618)	vert	up	True	237765	239292	up	(800, 450)	testing
13	ff	f	20	1	circle	none	dif	N_dis	(800, 618)	vert	up	True	240845	242220	up	(800, 450)	testing
13	ff	f	20	1	circle	green	dif	(800, 618)	(632, 450)	hori	left	True	243876	244989	left	(800, 450)	testing
13	ff	f	20	1	circle	green	same	(968, 450)	(632, 450)	vert	up	True	246651	247644	up	(800, 450)	testing
13	ff	f	20	1	circle	green	dif	(968, 450)	(800, 282)	vert	up	True	249316	250300	up	(800, 450)	testing
13	ff	f	20	1	diamond	red	same	(632, 450)	(968, 450)	hori	left	True	251904	253292	left	(800, 450)	testing
13	ff	f	20	1	circle	none	dif	N_dis	(800, 618)	hori	left	True	254788	255900	left	(800, 450)	testing
13	ff	f	20	1	circle	red	same	(632, 450)	(968, 450)	vert	up	True	257325	258268	up	(800, 450)	testing
13	ff	f	20	1	circle	green	same	(632, 450)	(800, 282)	vert	up	True	259718	261340	up	(800, 450)	testing
13	ff	f	20	1	diamond	green	dif	(968, 450)	(800, 618)	vert	up	True	262937	264268	up	(800, 450)	testing
13	ff	f	20	1	circle	none	same	N_dis	(800, 282)	vert	up	True	265715	266844	up	(800, 450)	testing
13	ff	f	20	1	diamond	green	dif	(632, 450)	(968, 450)	hori	left	True	268395	269981	left	(800, 450)	testing
13	ff	f	20	1	diamond	green	dif	(968, 450)	(800, 618)	hori	left	True	271510	272380	up	(800, 450)	testing
13	ff	f	20	1	circle	red	same	(800, 618)	(800, 282)	hori	left	True	275534	277468	left	(800, 450)	testing
13	ff	f	20	1	circle	none	dif	N_dis	(968, 450)	vert	up	True	278856	280044	up	(800, 450)	testing
13	ff	f	20	1	circle	red	dif	(968, 450)	(800, 618)	hori	left	True	281489	282476	left	(800, 450)	testing
13	ff	f	20	1	diamond	red	same	(968, 450)	(800, 618)	hori	left	True	283988	285004	left	(800, 450)	testing
13	ff	f	20	1	diamond	none	same	N_dis	(632, 450)	vert	up	True	286471	289324	up	(800, 450)	testing
13	ff	f	20	1	diamond	red	dif	(968, 450)	(800, 618)	hori	left	True	290744	291933	left	(800, 450)	testing
13	ff	f	20	1	circle	none	dif	N_dis	(632, 450)	hori	left	True	293482	295116	left	(800, 450)	testing
13	ff	f	20	1	diamond	none	dif	N_dis	(800, 618)	vert	up	True	296500	298156	up	(800, 450)	testing
13	ff	f	20	1	circle	green	dif	(800, 618)	(800, 282)	vert	up	True	299570	300812	up	(800, 450)	testing
13	ff	f	20	1	circle	none	dif	N_dis	(968, 450)	hori	left	True	302391	303180	left	(800, 450)	testing
13	ff	f	20	1	diamond	green	dif	(800, 282)	(800, 618)	vert	up	True	304721	306941	up	(800, 450)	testing
13	ff	f	20	1	circle	red	dif	(800, 282)	(800, 618)	hori	left	True	308471	310812	left	(800, 450)	testing
13	ff	f	20	1	diamond	none	dif	N_dis	(800, 618)	vert	up	True	312482	313708	up	(800, 450)	testing
13	ff	f	20	1	circle	green	same	(632, 450)	(968, 450)	vert	up	False	315232	None	None	(800, 450)	testing
13	ff	f	20	1	circle	none	dif	N_dis	(632, 450)	vert	up	True	321331	322396	up	(800, 450)	testing
13	ff	f	20	1	diamond	red	dif	(968, 450)	(632, 450)	vert	up	True	323943	324812	left	(800, 450)	testing
13	ff	f	20	1	diamond	red	same	(800, 282)	(968, 450)	hori	left	True	327822	329052	left	(800, 450)	testing
13	ff	f	20	1	diamond	green	same	(968, 450)	(800, 618)	vert	up	True	330539	331852	up	(800, 450)	testing
13	ff	f	20	1	circle	none	same	N_dis	(800, 282)	vert	up	True	333329	334188	up	(800, 450)	testing
13	ff	f	20	1	diamond	green	dif	(800, 618)	(968, 450)	hori	left	True	335695	336892	left	(800, 450)	testing
13	ff	f	20	1	diamond	none	same	N_dis	(632, 450)	hori	left	True	338299	339900	left	(800, 450)	testing
13	ff	f	20	1	circle	red	same	(632, 450)	(968, 450)	hori	left	True	341449	342540	left	(800, 450)	testing
13	ff	f	20	1	circle	red	dif	(800, 618)	(968, 450)	hori	left	True	344093	345308	left	(800, 450)	testing
13	ff	f	20	1	circle	none	same	N_dis	(800, 618)	hori	left	True	346739	347836	left	(800, 450)	testing
13	ff	f	20	1	circle	none	dif	N_dis	(800, 618)	hori	left	True	349342	349965	left	(800, 450)	testing
13	ff	f	20	1	circle	none	dif	N_dis	(800, 618)	hori	left	True	351341	352108	left	(800, 450)	testing
13	ff	f	20	1	circle	green	dif	(800, 618)	(632, 450)	vert	up	True	353492	355356	up	(800, 450)	testing
13	ff	f	20	1	diamond	red	same	(800, 282)	(632, 450)	hori	left	True	356856	359164	left	(800, 450)	testing
13	ff	f	20	1	circle	green	dif	(632, 450)	(968, 450)	vert	up	True	360687	362412	up	(800, 450)	testing
13	ff	f	20	1	diamond	none	dif	N_dis	(632, 450)	hori	left	True	363980	365420	left	(800, 450)	testing
13	ff	f	20	1	diamond	red	dif	(632, 450)	(800, 282)	vert	up	True	367019	368380	up	(800, 450)	testing
13	ff	f	20	1	circle	none	same	N_dis	(800, 618)	vert	up	True	369888	371212	up	(800, 450)	testing
13	ff	f	20	1	diamond	green	dif	(632, 450)	(968, 450)	vert	up	True	372861	374380	up	(800, 450)	testing
13	ff	f	20	1	circle	none	same	N_dis	(632, 450)	vert	up	True	375827	377228	up	(800, 450)	testing
13	ff	f	20	1	diamond	green	same	(968, 450)	(800, 282)	vert	up	True	378843	380684	up	(800, 450)	testing
13	ff	f	20	1	circle	red	same	(632, 450)	(968, 450)	vert	up	True	382254	383852	up	(800, 450)	testing
13	ff	f	20	1	diamond	red	dif	(800, 618)	(800, 282)	hori	left	True	385411	387420	left	(800, 450)	testing
13	ff	f	20	1	diamond	green	same	(968, 450)	(800, 618)	vert	up	True	388845	390476	up	(800, 450)	testing
13	ff	f	20	1	circle	none	same	N_dis	(800, 282)	vert	up	True	391977	393324	up	(800, 450)	testing
13	ff	f	20	1	diamond	green	same	(968, 450)	(632, 450)	vert	up	True	394817	396364	up	(800, 450)	testing
13	ff	f	20	1	circle	none	same	N_dis	(968, 450)	hori	left	True	397779	399100	left	(800, 450)	testing
13	ff	f	20	1	circle	none	dif	N_dis	(968, 450)	vert	up	True	400717	401965	up	(800, 450)	testing
13	ff	f	20	1	circle	green	same	(800, 282)	(968, 450)	hori	left	True	403630	405388	left	(800, 450)	testing
13	ff	f	20	1	circle	green	dif	(632, 450)	(800, 618)	vert	up	True	406827	408028	up	(800, 450)	testing
13	ff	f	20	1	diamond	none	same	N_dis	(800, 282)	vert	up	True	409645	410732	up	(800, 450)	testing
13	ff	f	20	1	circle	red	dif	(968, 450)	(800, 282)	hori	left	True	412207	413180	left	(800, 450)	testing
13	ff	f	20	1	circle	none	same	N_dis	(800, 618)	hori	left	True	414779	415644	left	(800, 450)	testing
13	ff	f	20	1	circle	green	dif	(632, 450)	(800, 618)	hori	left	True	417214	418092	left	(800, 450)	testing
13	ff	f	20	1	circle	red	same	(800, 282)	(968, 450)	vert	up	True	419587	420620	up	(800, 450)	testing
13	ff	f	20	1	diamond	none	dif	N_dis	(968, 450)	vert	up	True	422149	422941	up	(800, 450)	testing
13	ff	f	20	1	diamond	none	same	N_dis	(800, 618)	hori	left	True	424376	425724	left	(800, 450)	testing
13	ff	f	20	1	diamond	green	same	(968, 450)	(800, 282)	hori	left	True	427144	429452	left	(800, 450)	testing
13	ff	f	20	1	diamond	red	same	(800, 282)	(632, 450)	hori	left	True	430921	432044	left	(800, 450)	testing
13	ff	f	20	1	circle	red	dif	(800, 618)	(968, 450)	hori	left	True	433539	434732	left	(800, 450)	testing
13	ff	f	20	1	circle	red	dif	(968, 450)	(800, 282)	hori	left	True	436107	437372	left	(800, 450)	testing
13	ff	f	20	1	diamond	red	dif	(632, 450)	(800, 618)	hori	left	True	438831	440156	left	(800, 450)	testing
13	ff	f	20	1	circle	red	same	(968, 450)	(632, 450)	vert	up	True	441769	443180	up	(800, 450)	testing
13	ff	f	20	1	diamond	none	dif	N_dis	(968, 450)	hori	left	True	444646	446012	left	(800, 450)	testing
13	ff	f	20	1	circle	none	same	N_dis	(632, 450)	vert	up	True	447622	448588	up	(800, 450)	testing
13	ff	f	20	1	circle	none	same	N_dis	(800, 282)	vert	up	True	450209	451164	up	(800, 450)	testing
13	ff	f	20	1	diamond	red	dif	(968, 450)	(632, 450)	hori	left	True	452547	453660	left	(800, 450)	testing
13	ff	f	20	1	circle	green	dif	(800, 618)	(632, 450)	hori	left	True	455077	455916	up	(800, 450)	testing
13	ff	f	20	1	diamond	green	dif	(800, 282)	(632, 450)	vert	up	True	458846	460524	up	(800, 450)	testing
13	ff	f	20	1	diamond	green	same	(800, 618)	(632, 450)	hori	left	True	462101	463900	left	(800, 450)	testing
13	ff	f	20	1	diamond	green	same	(968, 450)	(632, 450)	vert	up	True	465552	468492	up	(800, 450)	testing
13	ff	f	20	1	circle	red	same	(800, 618)	(632, 450)	hori	left	True	470000	471900	left	(800, 450)	testing
13	ff	f	20	1	circle	green	dif	(968, 450)	(800, 282)	hori	left	True	473304	474524	left	(800, 450)	testing
13	ff	f	20	1	circle	red	dif	(800, 618)	(632, 450)	hori	left	True	475905	476957	left	(800, 450)	testing
13	ff	f	20	1	diamond	green	dif	(800, 282)	(800, 618)	vert	up	True	478547	479820	up	(800, 450)	testing
13	ff	f	20	1	circle	red	dif	(968, 450)	(800, 618)	vert	up	True	481485	483084	up	(800, 450)	testing
13	ff	f	20	1	diamond	none	same	N_dis	(968, 450)	vert	up	True	484714	486412	up	(800, 450)	testing
13	ff	f	20	1	circle	none	dif	N_dis	(632, 450)	vert	up	True	487948	488973	up	(800, 450)	testing
13	ff	f	20	1	diamond	green	same	(632, 450)	(800, 618)	vert	up	True	490474	492204	up	(800, 450)	testing
13	ff	f	20	1	circle	green	dif	(800, 282)	(632, 450)	hori	left	True	493649	495436	left	(800, 450)	testing
13	ff	f	20	1	circle	green	dif	(800, 282)	(968, 450)	hori	left	True	496978	498524	left	(800, 450)	testing
13	ff	f	20	1	circle	none	dif	N_dis	(800, 282)	vert	up	True	499922	501356	up	(800, 450)	testing
13	ff	f	20	1	circle	red	dif	(800, 618)	(800, 282)	vert	up	True	503014	504220	up	(800, 450)	testing
13	ff	f	20	1	circle	green	same	(968, 450)	(800, 618)	vert	up	True	505831	506684	up	(800, 450)	testing
13	ff	f	20	1	circle	red	same	(632, 450)	(800, 618)	hori	left	True	508289	509484	left	(800, 450)	testing
13	ff	f	20	1	diamond	red	same	(968, 450)	(632, 450)	vert	up	True	510931	512012	left	(800, 450)	testing
13	ff	f	20	1	circle	red	dif	(968, 450)	(632, 450)	vert	up	True	515055	516060	up	(800, 450)	testing
13	ff	f	20	1	diamond	red	dif	(968, 450)	(800, 282)	hori	left	False	517716	None	None	(800, 450)	testing
13	ff	f	20	1	diamond	green	same	(968, 450)	(800, 282)	hori	left	True	523843	526588	left	(800, 450)	testing
13	ff	f	20	1	circle	green	dif	(968, 450)	(800, 618)	hori	left	True	528124	530108	left	(800, 450)	testing
13	ff	f	20	1	circle	none	same	N_dis	(800, 282)	vert	up	True	531770	533388	up	(800, 450)	testing
13	ff	f	20	1	circle	green	same	(968, 450)	(632, 450)	vert	up	True	534832	535981	up	(800, 450)	testing
13	ff	f	20	1	diamond	none	same	N_dis	(968, 450)	hori	left	True	537366	539484	left	(800, 450)	testing
13	ff	f	20	1	diamond	green	same	(968, 450)	(632, 450)	vert	up	True	541059	542492	up	(800, 450)	testing
13	ff	f	20	1	diamond	none	same	N_dis	(632, 450)	hori	left	True	544115	545532	left	(800, 450)	testing
13	ff	f	20	1	circle	green	same	(968, 450)	(800, 282)	vert	up	True	547025	548268	up	(800, 450)	testing
13	ff	f	20	1	circle	red	dif	(968, 450)	(800, 618)	vert	up	True	549704	551052	up	(800, 450)	testing
13	ff	f	20	1	diamond	green	dif	(800, 618)	(968, 450)	hori	left	True	552472	553965	left	(800, 450)	testing
13	ff	f	20	1	diamond	none	same	N_dis	(800, 618)	vert	up	True	555593	557036	up	(800, 450)	testing
13	ff	f	20	1	circle	none	dif	N_dis	(968, 450)	vert	up	True	558487	559644	up	(800, 450)	testing
13	ff	f	20	1	diamond	none	dif	N_dis	(968, 450)	hori	left	True	561017	562428	left	(800, 450)	testing
13	ff	f	20	1	circle	green	dif	(800, 282)	(632, 450)	vert	up	True	563835	565404	up	(800, 450)	testing
13	ff	f	20	1	diamond	red	same	(632, 450)	(800, 618)	hori	left	True	566805	568236	left	(800, 450)	testing
13	ff	f	20	1	circle	red	same	(800, 282)	(968, 450)	hori	left	True	569643	571164	up	(800, 450)	testing
13	ff	f	20	1	diamond	red	dif	(800, 618)	(800, 282)	hori	left	True	574096	575997	left	(800, 450)	testing
13	ff	f	20	1	circle	green	same	(800, 618)	(968, 450)	hori	left	True	577417	578828	left	(800, 450)	testing
13	ff	f	20	1	diamond	red	same	(968, 450)	(632, 450)	hori	left	True	580440	582380	left	(800, 450)	testing
13	ff	f	20	1	diamond	red	same	(968, 450)	(800, 282)	vert	up	True	583812	585164	up	(800, 450)	testing
13	ff	f	20	1	circle	red	same	(968, 450)	(800, 618)	vert	up	True	586615	587564	up	(800, 450)	testing
13	ff	f	20	1	circle	green	dif	(968, 450)	(632, 450)	hori	left	True	589018	589900	left	(800, 450)	testing
13	ff	f	20	1	diamond	red	same	(968, 450)	(800, 618)	hori	left	True	591504	593100	left	(800, 450)	testing
13	ff	f	20	1	circle	green	same	(968, 450)	(800, 282)	hori	left	True	594768	596876	left	(800, 450)	testing
13	ff	f	20	1	circle	none	same	N_dis	(632, 450)	hori	left	True	598530	599740	left	(800, 450)	testing
13	ff	f	20	1	diamond	green	dif	(968, 450)	(800, 618)	hori	left	False	601248	None	None	(800, 450)	testing
13	ff	f	20	1	diamond	red	dif	(968, 450)	(800, 282)	hori	left	True	607365	608604	left	(800, 450)	testing
13	ff	f	20	1	diamond	none	dif	N_dis	(800, 282)	vert	up	True	609979	611997	up	(800, 450)	testing
13	ff	f	20	1	circle	green	same	(800, 282)	(632, 450)	vert	up	True	613452	614812	up	(800, 450)	testing
13	ff	f	20	1	circle	none	same	N_dis	(800, 282)	hori	left	True	616465	617580	left	(800, 450)	testing
13	ff	f	20	1	circle	none	dif	N_dis	(800, 282)	vert	up	True	619042	620092	up	(800, 450)	testing
13	ff	f	20	1	diamond	none	same	N_dis	(968, 450)	hori	left	True	621689	622941	left	(800, 450)	testing
13	ff	f	20	1	circle	none	same	N_dis	(800, 618)	vert	up	True	624501	625484	up	(800, 450)	testing
13	ff	f	20	1	diamond	red	same	(632, 450)	(968, 450)	hori	left	True	626872	628108	left	(800, 450)	testing
13	ff	f	20	1	diamond	none	same	N_dis	(632, 450)	vert	up	True	629781	630908	up	(800, 450)	testing
13	ff	f	20	1	diamond	none	dif	N_dis	(632, 450)	hori	left	True	632421	633500	left	(800, 450)	testing
13	ff	f	20	1	diamond	green	same	(968, 450)	(800, 282)	hori	left	True	635057	636572	left	(800, 450)	testing
13	ff	f	20	1	circle	green	same	(968, 450)	(800, 282)	vert	up	True	638130	640156	up	(800, 450)	testing
13	ff	f	20	1	diamond	red	same	(632, 450)	(800, 282)	vert	up	True	641815	643244	up	(800, 450)	testing
13	ff	f	20	1	diamond	green	same	(800, 618)	(968, 450)	vert	up	True	644681	645981	up	(800, 450)	testing
13	ff	f	20	1	circle	green	dif	(632, 450)	(800, 282)	hori	left	True	647648	649052	left	(800, 450)	testing
13	ff	f	20	1	diamond	red	dif	(800, 282)	(800, 618)	vert	up	True	650647	652364	up	(800, 450)	testing
13	ff	f	20	1	circle	none	dif	N_dis	(800, 282)	hori	left	True	653845	655420	left	(800, 450)	testing
13	ff	f	20	1	circle	none	dif	N_dis	(800, 282)	hori	left	True	656905	658028	left	(800, 450)	testing
13	ff	f	20	1	diamond	none	same	N_dis	(800, 618)	hori	left	True	659697	661292	left	(800, 450)	testing
13	ff	f	20	1	diamond	red	dif	(968, 450)	(800, 282)	vert	up	True	662776	664012	up	(800, 450)	testing
13	ff	f	20	1	diamond	none	dif	N_dis	(800, 618)	vert	up	True	665656	667740	up	(800, 450)	testing
13	ff	f	20	1	diamond	green	dif	(968, 450)	(800, 618)	vert	up	True	669324	670380	up	(800, 450)	testing
13	ff	f	20	1	diamond	none	same	N_dis	(632, 450)	vert	up	True	671947	673068	up	(800, 450)	testing
13	ff	f	20	1	circle	none	dif	N_dis	(632, 450)	hori	left	True	674597	675580	left	(800, 450)	testing
13	ff	f	20	1	diamond	green	dif	(800, 282)	(632, 450)	vert	up	True	677065	678716	up	(800, 450)	testing
13	ff	f	20	1	diamond	red	dif	(968, 450)	(800, 282)	hori	left	True	680158	681660	left	(800, 450)	testing
13	ff	f	20	1	diamond	red	same	(800, 282)	(968, 450)	vert	up	True	683170	684796	up	(800, 450)	testing
13	ff	f	20	1	circle	green	dif	(800, 282)	(632, 450)	vert	up	True	686308	687981	up	(800, 450)	testing
13	ff	f	20	1	circle	green	same	(800, 282)	(968, 450)	vert	up	True	689514	690812	up	(800, 450)	testing
13	ff	f	20	1	circle	none	dif	N_dis	(800, 618)	hori	left	True	692380	693196	left	(800, 450)	testing
13	ff	f	20	1	diamond	green	dif	(800, 618)	(968, 450)	vert	up	True	694763	696012	up	(800, 450)	testing
13	ff	f	20	1	circle	green	same	(968, 450)	(800, 282)	hori	left	True	697609	699116	left	(800, 450)	testing
13	ff	f	20	1	diamond	none	same	N_dis	(800, 282)	hori	left	True	700663	702156	left	(800, 450)	testing
13	ff	f	20	1	circle	red	same	(968, 450)	(632, 450)	vert	up	True	703750	705724	up	(800, 450)	testing
13	ff	f	20	1	circle	none	dif	N_dis	(632, 450)	vert	up	True	707183	709180	up	(800, 450)	testing
13	ff	f	20	1	circle	red	same	(968, 450)	(632, 450)	hori	left	True	710621	712108	left	(800, 450)	testing
13	ff	f	20	1	diamond	none	dif	N_dis	(632, 450)	hori	left	True	713663	715420	left	(800, 450)	testing
13	ff	f	20	1	circle	none	same	N_dis	(800, 618)	hori	left	True	716864	717965	left	(800, 450)	testing
13	ff	f	20	1	diamond	none	dif	N_dis	(800, 282)	hori	left	True	719523	721260	left	(800, 450)	testing
13	ff	f	20	1	diamond	green	same	(800, 618)	(632, 450)	hori	left	True	722862	724700	left	(800, 450)	testing
13	ff	f	20	1	diamond	green	same	(800, 618)	(800, 282)	vert	up	True	726087	728060	up	(800, 450)	testing
13	ff	f	20	1	diamond	none	same	N_dis	(632, 450)	vert	up	True	729451	731340	up	(800, 450)	testing
13	ff	f	20	1	circle	red	dif	(632, 450)	(800, 282)	vert	up	True	732921	734572	up	(800, 450)	testing
13	ff	f	20	1	diamond	none	dif	N_dis	(800, 618)	vert	up	True	736185	737164	up	(800, 450)	testing
13	ff	f	20	1	diamond	none	same	N_dis	(968, 450)	vert	up	True	738540	739772	up	(800, 450)	testing
13	ff	f	20	1	circle	none	same	N_dis	(632, 450)	vert	up	True	741292	742108	up	(800, 450)	testing
13	ff	f	20	1	circle	green	dif	(968, 450)	(800, 618)	vert	up	True	743681	744636	up	(800, 450)	testing
13	ff	f	20	1	circle	green	same	(800, 618)	(800, 282)	hori	left	True	746249	747724	left	(800, 450)	testing
13	ff	f	20	1	circle	none	same	N_dis	(968, 450)	vert	up	True	749392	750236	up	(800, 450)	testing
13	ff	f	20	1	diamond	red	dif	(632, 450)	(800, 282)	hori	left	True	751652	753084	left	(800, 450)	testing
13	ff	f	20	1	circle	red	dif	(632, 450)	(800, 282)	hori	left	True	754527	756028	left	(800, 450)	testing
13	ff	f	20	1	circle	green	same	(968, 450)	(800, 618)	vert	up	True	757612	759356	up	(800, 450)	testing
13	ff	f	20	1	diamond	green	same	(632, 450)	(800, 282)	vert	up	True	760859	762029	up	(800, 450)	testing
13	ff	f	20	1	diamond	green	same	(968, 450)	(800, 282)	vert	up	True	763603	765580	left	(800, 450)	testing
13	ff	f	20	1	diamond	none	same	N_dis	(800, 618)	hori	left	True	768757	770348	left	(800, 450)	testing
13	ff	f	20	1	circle	red	same	(968, 450)	(800, 618)	hori	left	True	771874	773836	left	(800, 450)	testing
13	ff	f	20	1	diamond	none	same	N_dis	(800, 282)	hori	left	True	775403	776668	left	(800, 450)	testing
13	ff	f	20	1	circle	red	dif	(968, 450)	(632, 450)	vert	up	True	778244	779324	up	(800, 450)	testing
13	ff	f	20	1	circle	red	dif	(800, 282)	(968, 450)	hori	left	True	780994	781916	left	(800, 450)	testing
13	ff	f	20	1	circle	red	same	(800, 282)	(800, 618)	hori	left	True	783573	784652	left	(800, 450)	testing
13	ff	f	20	1	diamond	none	same	N_dis	(968, 450)	hori	left	True	786097	787468	left	(800, 450)	testing
13	ff	f	20	1	diamond	green	same	(800, 282)	(800, 618)	vert	up	True	789102	790060	up	(800, 450)	testing
13	ff	f	20	1	circle	green	same	(968, 450)	(800, 282)	hori	left	True	791600	793660	left	(800, 450)	testing
13	ff	f	20	1	diamond	red	dif	(800, 618)	(800, 282)	hori	left	True	795180	796620	left	(800, 450)	testing
13	ff	f	20	1	circle	green	dif	(968, 450)	(800, 618)	vert	up	True	798091	799388	up	(800, 450)	testing
13	ff	f	20	1	diamond	green	dif	(632, 450)	(800, 618)	vert	up	True	800853	802508	up	(800, 450)	testing
13	ff	f	20	1	circle	red	dif	(968, 450)	(800, 282)	hori	left	True	803974	805548	left	(800, 450)	testing
13	ff	f	20	1	circle	red	dif	(632, 450)	(800, 618)	vert	up	True	806964	808380	up	(800, 450)	testing
13	ff	f	20	1	diamond	none	same	N_dis	(968, 450)	vert	up	True	809784	810957	up	(800, 450)	testing
13	ff	f	20	1	diamond	green	dif	(800, 618)	(632, 450)	hori	left	True	812561	814172	left	(800, 450)	testing
13	ff	f	20	1	circle	red	dif	(968, 450)	(800, 618)	vert	up	True	815632	816844	up	(800, 450)	testing
13	ff	f	20	1	diamond	none	dif	N_dis	(800, 618)	hori	left	True	818337	819484	left	(800, 450)	testing
13	ff	f	20	1	circle	red	dif	(632, 450)	(800, 282)	hori	left	True	820859	821916	left	(800, 450)	testing
13	ff	f	20	1	circle	green	same	(632, 450)	(800, 618)	vert	up	True	823322	824476	up	(800, 450)	testing
13	ff	f	20	1	circle	none	same	N_dis	(632, 450)	hori	left	True	826000	827100	left	(800, 450)	testing
13	ff	f	20	1	diamond	none	dif	N_dis	(968, 450)	hori	left	True	828478	829500	left	(800, 450)	testing
13	ff	f	20	1	diamond	red	dif	(968, 450)	(800, 618)	vert	up	True	831061	832092	up	(800, 450)	testing
13	ff	f	20	1	diamond	none	same	N_dis	(800, 618)	vert	up	True	833702	834396	up	(800, 450)	testing
13	ff	f	20	1	circle	red	dif	(800, 282)	(632, 450)	hori	left	True	836007	836876	left	(800, 450)	testing
13	ff	f	20	1	diamond	red	dif	(968, 450)	(800, 618)	hori	left	True	838434	839452	left	(800, 450)	testing
13	ff	f	20	1	circle	green	dif	(968, 450)	(800, 618)	vert	up	True	840914	841965	left	(800, 450)	testing
13	ff	f	20	1	circle	none	same	N_dis	(968, 450)	hori	left	True	845098	846252	left	(800, 450)	testing
13	ff	f	20	1	diamond	green	same	(968, 450)	(632, 450)	hori	left	True	847758	849020	left	(800, 450)	testing
13	ff	f	20	1	circle	red	same	(968, 450)	(632, 450)	hori	left	True	850604	851404	left	(800, 450)	testing
13	ff	f	20	1	diamond	red	dif	(632, 450)	(800, 282)	hori	left	True	852919	854396	left	(800, 450)	testing
13	ff	f	20	1	diamond	green	same	(968, 450)	(800, 618)	vert	up	True	855911	857132	up	(800, 450)	testing
13	ff	f	20	1	diamond	green	same	(968, 450)	(800, 282)	vert	up	True	858788	861500	up	(800, 450)	testing
13	ff	f	20	1	diamond	red	dif	(968, 450)	(800, 618)	hori	left	True	863046	863933	left	(800, 450)	testing
13	ff	f	20	1	circle	none	same	N_dis	(800, 282)	hori	left	True	865457	866716	left	(800, 450)	testing
13	ff	f	20	1	diamond	none	same	N_dis	(800, 282)	vert	up	True	868277	869276	up	(800, 450)	testing
13	ff	f	20	1	diamond	none	dif	N_dis	(800, 618)	vert	up	True	870908	871788	up	(800, 450)	testing
13	ff	f	20	1	circle	none	same	N_dis	(800, 282)	vert	up	True	873353	875564	up	(800, 450)	testing
13	ff	f	20	1	circle	none	same	N_dis	(800, 282)	hori	left	True	877189	878876	left	(800, 450)	testing
13	ff	f	20	1	diamond	red	same	(968, 450)	(632, 450)	hori	left	True	880522	881676	left	(800, 450)	testing
13	ff	f	20	1	diamond	none	dif	N_dis	(632, 450)	hori	left	True	883057	885260	left	(800, 450)	testing
13	ff	f	20	1	circle	red	same	(800, 282)	(968, 450)	vert	up	True	886724	888284	up	(800, 450)	testing
13	ff	f	20	1	diamond	red	dif	(800, 282)	(800, 618)	hori	left	True	889854	890668	left	(800, 450)	testing
13	ff	f	20	1	diamond	none	dif	N_dis	(800, 282)	hori	left	True	892087	893452	left	(800, 450)	testing
13	ff	f	20	1	diamond	green	dif	(968, 450)	(632, 450)	hori	left	True	894969	896668	left	(800, 450)	testing
13	ff	f	20	1	diamond	none	dif	N_dis	(968, 450)	hori	left	True	898234	899965	left	(800, 450)	testing
13	ff	f	20	1	diamond	green	dif	(800, 618)	(968, 450)	hori	left	True	901500	903180	left	(800, 450)	testing
13	ff	f	20	1	circle	red	same	(800, 282)	(800, 618)	vert	up	True	904695	906700	up	(800, 450)	testing
13	ff	f	20	1	diamond	green	dif	(968, 450)	(632, 450)	hori	left	True	908272	909548	left	(800, 450)	testing
13	ff	f	20	1	diamond	red	dif	(800, 618)	(632, 450)	hori	left	True	910929	912668	left	(800, 450)	testing
13	ff	f	20	1	circle	red	same	(800, 282)	(800, 618)	vert	up	True	914117	915628	up	(800, 450)	testing
13	ff	f	20	1	circle	red	same	(800, 618)	(968, 450)	vert	up	True	917267	918748	up	(800, 450)	testing
13	ff	f	20	1	diamond	red	same	(968, 450)	(632, 450)	hori	left	True	920314	921820	left	(800, 450)	testing
13	ff	f	20	1	circle	red	same	(968, 450)	(632, 450)	vert	up	True	923334	925212	up	(800, 450)	testing
13	ff	f	20	1	circle	red	same	(968, 450)	(800, 282)	hori	left	True	926863	927853	left	(800, 450)	testing
13	ff	f	20	1	diamond	red	same	(800, 618)	(968, 450)	hori	left	True	929468	930989	left	(800, 450)	testing
13	ff	f	20	1	diamond	none	dif	N_dis	(800, 282)	vert	up	True	932488	934124	up	(800, 450)	testing
13	ff	f	20	1	circle	none	dif	N_dis	(800, 282)	vert	up	True	935761	937468	up	(800, 450)	testing
13	ff	f	20	1	diamond	green	dif	(968, 450)	(800, 618)	hori	left	True	938897	940476	left	(800, 450)	testing
13	ff	f	20	1	circle	none	same	N_dis	(632, 450)	vert	up	True	942037	943628	up	(800, 450)	testing
13	ff	f	20	1	diamond	red	dif	(968, 450)	(800, 282)	hori	left	True	945196	946444	left	(800, 450)	testing
13	ff	f	20	1	circle	green	dif	(968, 450)	(800, 282)	hori	left	True	947927	949900	left	(800, 450)	testing
13	ff	f	20	1	circle	green	dif	(800, 282)	(632, 450)	hori	left	True	951280	952428	left	(800, 450)	testing
13	ff	f	20	1	circle	green	dif	(632, 450)	(800, 618)	vert	up	True	953940	954860	up	(800, 450)	testing
13	ff	f	20	1	circle	green	dif	(968, 450)	(800, 282)	vert	up	True	956339	957228	up	(800, 450)	testing
13	ff	f	20	1	diamond	green	dif	(632, 450)	(968, 450)	hori	left	True	958817	960268	left	(800, 450)	testing
13	ff	f	20	1	diamond	red	same	(800, 618)	(632, 450)	vert	up	True	961783	962941	up	(800, 450)	testing
13	ff	f	20	1	diamond	green	dif	(800, 618)	(800, 282)	hori	left	True	964452	966220	left	(800, 450)	testing
13	ff	f	20	1	diamond	none	dif	N_dis	(800, 618)	vert	up	True	967891	970076	up	(800, 450)	testing
13	ff	f	20	1	circle	red	dif	(800, 282)	(968, 450)	hori	left	True	971728	972812	left	(800, 450)	testing
13	ff	f	20	1	circle	none	same	N_dis	(968, 450)	vert	up	True	974307	975452	up	(800, 450)	testing
13	ff	f	20	1	diamond	red	same	(968, 450)	(800, 282)	vert	up	True	977034	978924	up	(800, 450)	testing
13	ff	f	20	1	diamond	green	same	(968, 450)	(800, 618)	hori	left	True	980464	982317	left	(800, 450)	testing
13	ff	f	20	1	diamond	green	same	(968, 450)	(632, 450)	hori	left	True	983983	985324	left	(800, 450)	testing
13	ff	f	20	1	circle	none	dif	N_dis	(800, 282)	vert	up	True	986820	987820	up	(800, 450)	testing
13	ff	f	20	1	circle	red	same	(632, 450)	(800, 618)	vert	up	True	989448	990412	up	(800, 450)	testing
13	ff	f	20	1	circle	none	dif	N_dis	(632, 450)	hori	left	True	991911	992876	left	(800, 450)	testing
13	ff	f	20	1	diamond	none	dif	N_dis	(800, 282)	vert	up	True	994350	996620	up	(800, 450)	testing
13	ff	f	20	1	diamond	green	dif	(968, 450)	(632, 450)	vert	up	True	998278	999100	up	(800, 450)	testing
13	ff	f	20	1	diamond	none	same	N_dis	(800, 618)	vert	up	True	1000711	1001740	up	(800, 450)	testing
13	ff	f	20	1	diamond	none	dif	N_dis	(968, 450)	vert	up	True	1003172	1005052	up	(800, 450)	testing
13	ff	f	20	1	diamond	none	same	N_dis	(968, 450)	hori	left	True	1006538	1007660	left	(800, 450)	testing
13	ff	f	20	1	circle	green	dif	(800, 618)	(632, 450)	hori	left	True	1009150	1010556	left	(800, 450)	testing
13	ff	f	20	1	circle	green	same	(632, 450)	(800, 282)	vert	up	True	1012032	1014044	up	(800, 450)	testing
13	ff	f	20	1	diamond	red	same	(968, 450)	(800, 282)	hori	left	True	1015537	1017228	left	(800, 450)	testing
13	ff	f	20	1	diamond	red	same	(800, 618)	(800, 282)	vert	up	True	1018815	1019852	up	(800, 450)	testing
13	ff	f	20	1	diamond	green	same	(968, 450)	(632, 450)	vert	up	True	1021249	1022236	up	(800, 450)	testing
13	ff	f	20	1	diamond	none	same	N_dis	(800, 618)	hori	left	True	1023760	1025036	left	(800, 450)	testing
13	ff	f	20	1	circle	none	dif	N_dis	(968, 450)	hori	left	True	1026708	1028028	left	(800, 450)	testing
13	ff	f	20	1	diamond	green	dif	(968, 450)	(632, 450)	hori	left	True	1029490	1030556	up	(800, 450)	testing
13	ff	f	20	1	diamond	red	same	(800, 282)	(968, 450)	vert	up	True	1033669	1035372	up	(800, 450)	testing
13	ff	f	20	1	diamond	none	dif	N_dis	(968, 450)	vert	up	True	1037044	1038012	up	(800, 450)	testing
13	ff	f	20	1	circle	red	dif	(968, 450)	(800, 618)	hori	left	True	1039529	1040812	left	(800, 450)	testing
13	ff	f	20	1	diamond	red	same	(800, 282)	(968, 450)	hori	left	True	1042266	1043692	left	(800, 450)	testing
13	ff	f	20	1	diamond	none	dif	N_dis	(968, 450)	vert	up	True	1045086	1046396	up	(800, 450)	testing
13	ff	f	20	1	diamond	red	same	(968, 450)	(800, 282)	vert	up	True	1047950	1049084	up	(800, 450)	testing
13	ff	f	20	1	diamond	green	dif	(800, 618)	(968, 450)	vert	up	True	1050566	1052028	up	(800, 450)	testing
13	ff	f	20	1	circle	none	dif	N_dis	(800, 618)	vert	up	True	1053410	1055133	up	(800, 450)	testing
13	ff	f	20	1	circle	green	same	(632, 450)	(800, 282)	hori	left	True	1056796	1058556	left	(800, 450)	testing
13	ff	f	20	1	diamond	none	dif	N_dis	(800, 282)	vert	up	True	1059936	1061308	up	(800, 450)	testing
13	ff	f	20	1	circle	red	dif	(800, 282)	(800, 618)	vert	up	True	1062756	1064284	up	(800, 450)	testing
13	ff	f	20	1	circle	red	dif	(800, 618)	(632, 450)	vert	up	True	1065807	1067036	up	(800, 450)	testing
13	ff	f	20	1	circle	green	same	(800, 282)	(632, 450)	hori	left	True	1068702	1069949	left	(800, 450)	testing
13	ff	f	20	1	circle	green	same	(968, 450)	(800, 282)	vert	up	True	1071480	1072444	up	(800, 450)	testing
13	ff	f	20	1	circle	none	same	N_dis	(632, 450)	vert	up	True	1073979	1074732	up	(800, 450)	testing
13	ff	f	20	1	circle	green	same	(800, 282)	(800, 618)	hori	left	True	1076401	1077564	left	(800, 450)	testing
13	ff	f	20	1	circle	green	same	(968, 450)	(632, 450)	hori	left	True	1079193	1080140	left	(800, 450)	testing
13	ff	f	20	1	circle	green	same	(968, 450)	(800, 618)	hori	left	True	1081585	1082764	left	(800, 450)	testing
13	ff	f	20	1	circle	green	dif	(968, 450)	(632, 450)	vert	up	True	1084193	1085052	up	(800, 450)	testing
13	ff	f	20	1	diamond	green	same	(800, 618)	(800, 282)	vert	up	True	1086516	1088252	up	(800, 450)	testing
13	ff	f	20	1	diamond	red	same	(632, 450)	(968, 450)	vert	up	True	1089906	1091020	up	(800, 450)	testing
13	ff	f	20	1	diamond	none	same	N_dis	(968, 450)	vert	up	True	1092393	1093276	up	(800, 450)	testing
13	ff	f	20	1	circle	red	same	(968, 450)	(800, 618)	hori	left	True	1094794	1095997	left	(800, 450)	testing
13	ff	f	20	1	diamond	green	dif	(968, 450)	(632, 450)	hori	left	True	1097484	1098524	left	(800, 450)	testing
13	ff	f	20	1	circle	none	dif	N_dis	(632, 450)	hori	left	True	1100047	1100973	left	(800, 450)	testing
13	ff	f	20	1	diamond	red	dif	(800, 282)	(800, 618)	vert	up	True	1102542	1103468	up	(800, 450)	testing
13	ff	f	20	1	circle	green	same	(968, 450)	(800, 282)	vert	up	True	1105082	1106108	up	(800, 450)	testing
13	ff	f	20	1	circle	red	dif	(800, 282)	(632, 450)	hori	left	True	1107659	1108428	left	(800, 450)	testing
13	ff	f	20	1	circle	none	dif	N_dis	(632, 450)	vert	up	True	1109916	1110860	up	(800, 450)	testing
