subj	name	gender	age	runNum	shape	dist	td_dif	d_loc	t_loc	resp	resp_key	gotKey	startTime	respTime	resp	fix_loc	prac
13	ff	f	20	3	circle	none	same	N_dis	(800, 282)	hori	left	True	26346	27358	left	(800, 450)	testing
13	ff	f	20	3	diamond	green	dif	(800, 282)	(800, 618)	vert	up	True	28813	29743	up	(800, 450)	testing
13	ff	f	20	3	diamond	none	same	N_dis	(968, 450)	hori	left	True	31117	32302	left	(800, 450)	testing
13	ff	f	20	3	circle	red	same	(800, 282)	(800, 618)	vert	up	True	33871	35054	up	(800, 450)	testing
13	ff	f	20	3	circle	red	dif	(968, 450)	(800, 282)	vert	up	True	36494	37230	up	(800, 450)	testing
13	ff	f	20	3	circle	none	dif	N_dis	(800, 282)	hori	left	True	38640	39711	left	(800, 450)	testing
13	ff	f	20	3	circle	green	dif	(632, 450)	(800, 282)	vert	up	True	41192	42654	up	(800, 450)	testing
13	ff	f	20	3	circle	none	same	N_dis	(968, 450)	hori	left	True	44322	45006	left	(800, 450)	testing
13	ff	f	20	3	circle	red	dif	(800, 618)	(968, 450)	vert	up	True	46669	47630	up	(800, 450)	testing
13	ff	f	20	3	diamond	green	same	(632, 450)	(968, 450)	hori	left	True	49277	50414	left	(800, 450)	testing
13	ff	f	20	3	diamond	red	same	(968, 450)	(800, 282)	hori	left	True	51911	53310	left	(800, 450)	testing
13	ff	f	20	3	circle	green	same	(632, 450)	(800, 618)	vert	up	True	54898	56062	up	(800, 450)	testing
13	ff	f	20	3	diamond	none	same	N_dis	(632, 450)	vert	up	True	57554	58574	up	(800, 450)	testing
13	ff	f	20	3	diamond	red	same	(800, 282)	(968, 450)	vert	up	True	60072	61470	up	(800, 450)	testing
13	ff	f	20	3	circle	green	same	(800, 282)	(800, 618)	vert	up	True	62904	64046	up	(800, 450)	testing
13	ff	f	20	3	circle	none	dif	N_dis	(800, 282)	hori	left	True	65554	66703	left	(800, 450)	testing
13	ff	f	20	3	diamond	red	same	(800, 618)	(968, 450)	hori	left	True	68289	70078	left	(800, 450)	testing
13	ff	f	20	3	diamond	none	dif	N_dis	(800, 618)	hori	left	True	71596	73390	left	(800, 450)	testing
13	ff	f	20	3	circle	none	same	N_dis	(800, 282)	vert	up	True	74942	76078	up	(800, 450)	testing
13	ff	f	20	3	diamond	none	same	N_dis	(632, 450)	hori	left	True	77495	78783	left	(800, 450)	testing
13	ff	f	20	3	circle	green	dif	(632, 450)	(800, 618)	vert	up	True	80160	81150	up	(800, 450)	testing
13	ff	f	20	3	circle	green	dif	(800, 282)	(968, 450)	vert	up	True	82797	83711	up	(800, 450)	testing
13	ff	f	20	3	circle	red	same	(800, 282)	(968, 450)	vert	up	True	85294	86046	up	(800, 450)	testing
13	ff	f	20	3	circle	green	same	(968, 450)	(800, 618)	hori	left	True	87514	88558	left	(800, 450)	testing
13	ff	f	20	3	circle	none	dif	N_dis	(800, 618)	vert	up	True	90023	90703	up	(800, 450)	testing
13	ff	f	20	3	diamond	green	dif	(800, 618)	(632, 450)	vert	up	True	92142	93951	up	(800, 450)	testing
13	ff	f	20	3	diamond	green	same	(800, 282)	(632, 450)	hori	left	True	95535	97070	left	(800, 450)	testing
13	ff	f	20	3	circle	red	dif	(800, 618)	(632, 450)	vert	up	True	98727	99919	up	(800, 450)	testing
13	ff	f	20	3	diamond	red	dif	(800, 282)	(968, 450)	vert	up	True	101520	103262	up	(800, 450)	testing
13	ff	f	20	3	diamond	green	same	(632, 450)	(968, 450)	vert	up	True	104902	105855	up	(800, 450)	testing
13	ff	f	20	3	circle	red	dif	(632, 450)	(968, 450)	hori	left	True	107274	108206	left	(800, 450)	testing
13	ff	f	20	3	circle	green	dif	(968, 450)	(632, 450)	hori	left	True	109609	110526	left	(800, 450)	testing
13	ff	f	20	3	circle	green	dif	(800, 618)	(968, 450)	hori	left	True	112150	113278	left	(800, 450)	testing
13	ff	f	20	3	circle	red	same	(968, 450)	(800, 282)	hori	left	True	114797	116574	left	(800, 450)	testing
13	ff	f	20	3	diamond	green	same	(800, 618)	(632, 450)	vert	up	True	117999	119486	up	(800, 450)	testing
13	ff	f	20	3	diamond	red	dif	(800, 282)	(632, 450)	vert	up	True	121090	122382	up	(800, 450)	testing
13	ff	f	20	3	diamond	none	dif	N_dis	(800, 618)	vert	up	True	123997	125278	up	(800, 450)	testing
13	ff	f	20	3	diamond	green	dif	(800, 282)	(632, 450)	vert	up	True	126783	127775	up	(800, 450)	testing
13	ff	f	20	3	circle	none	same	N_dis	(632, 450)	vert	up	True	129329	130190	up	(800, 450)	testing
13	ff	f	20	3	diamond	none	same	N_dis	(800, 618)	vert	up	True	131842	133326	up	(800, 450)	testing
13	ff	f	20	3	circle	green	same	(968, 450)	(800, 618)	hori	left	True	134948	136302	left	(800, 450)	testing
13	ff	f	20	3	circle	red	same	(968, 450)	(632, 450)	hori	left	True	137715	138542	left	(800, 450)	testing
13	ff	f	20	3	circle	none	same	N_dis	(632, 450)	hori	left	True	139979	140863	left	(800, 450)	testing
13	ff	f	20	3	diamond	green	same	(800, 618)	(968, 450)	hori	left	True	142434	143566	left	(800, 450)	testing
13	ff	f	20	3	diamond	red	dif	(968, 450)	(632, 450)	vert	up	True	144964	145983	up	(800, 450)	testing
13	ff	f	20	3	diamond	none	dif	N_dis	(968, 450)	vert	up	True	147546	148815	up	(800, 450)	testing
13	ff	f	20	3	diamond	none	same	N_dis	(800, 282)	vert	up	True	150404	151614	up	(800, 450)	testing
13	ff	f	20	3	diamond	red	dif	(632, 450)	(800, 618)	vert	up	True	153099	153935	up	(800, 450)	testing
13	ff	f	20	3	diamond	green	dif	(968, 450)	(800, 618)	vert	up	True	155421	156174	left	(800, 450)	testing
13	ff	f	20	3	circle	green	same	(632, 450)	(800, 282)	hori	left	True	159108	161278	left	(800, 450)	testing
13	ff	f	20	3	circle	none	dif	N_dis	(968, 450)	hori	left	True	162945	163855	left	(800, 450)	testing
13	ff	f	20	3	diamond	none	dif	N_dis	(968, 450)	vert	up	True	165381	166238	up	(800, 450)	testing
13	ff	f	20	3	diamond	green	dif	(632, 450)	(968, 450)	vert	up	True	167669	168991	up	(800, 450)	testing
13	ff	f	20	3	circle	red	dif	(968, 450)	(800, 282)	hori	left	True	170414	171310	left	(800, 450)	testing
13	ff	f	20	3	diamond	red	same	(800, 618)	(800, 282)	hori	left	True	172796	175038	left	(800, 450)	testing
13	ff	f	20	3	diamond	none	dif	N_dis	(800, 618)	hori	left	True	176412	177102	left	(800, 450)	testing
13	ff	f	20	3	circle	red	same	(632, 450)	(800, 282)	hori	left	True	178708	179630	left	(800, 450)	testing
13	ff	f	20	3	diamond	red	same	(800, 618)	(800, 282)	vert	up	True	181302	183486	up	(800, 450)	testing
13	ff	f	20	3	diamond	red	dif	(800, 618)	(800, 282)	hori	left	True	185045	186270	left	(800, 450)	testing
13	ff	f	20	3	circle	none	dif	N_dis	(632, 450)	hori	left	True	187846	189486	left	(800, 450)	testing
13	ff	f	20	3	circle	none	same	N_dis	(800, 282)	hori	left	True	191057	191887	left	(800, 450)	testing
13	ff	f	20	3	diamond	green	dif	(800, 282)	(800, 618)	hori	left	True	193286	195262	left	(800, 450)	testing
13	ff	f	20	3	diamond	none	same	N_dis	(968, 450)	hori	left	True	196930	197839	left	(800, 450)	testing
13	ff	f	20	3	circle	red	same	(800, 282)	(800, 618)	hori	left	True	199262	200142	left	(800, 450)	testing
13	ff	f	20	3	circle	red	dif	(968, 450)	(800, 282)	vert	up	True	201581	202558	up	(800, 450)	testing
13	ff	f	20	3	circle	none	dif	N_dis	(800, 282)	vert	up	True	204101	205550	up	(800, 450)	testing
13	ff	f	20	3	circle	green	dif	(632, 450)	(800, 282)	hori	left	True	207179	208366	left	(800, 450)	testing
13	ff	f	20	3	circle	none	same	N_dis	(968, 450)	vert	up	True	209765	210558	up	(800, 450)	testing
13	ff	f	20	3	circle	red	dif	(800, 618)	(968, 450)	vert	up	True	212090	212847	up	(800, 450)	testing
13	ff	f	20	3	diamond	green	same	(632, 450)	(968, 450)	vert	up	True	214259	215486	up	(800, 450)	testing
13	ff	f	20	3	diamond	red	same	(968, 450)	(800, 282)	hori	left	True	216966	219006	left	(800, 450)	testing
13	ff	f	20	3	circle	green	same	(632, 450)	(800, 618)	vert	up	True	220630	221534	up	(800, 450)	testing
13	ff	f	20	3	diamond	none	same	N_dis	(632, 450)	hori	left	True	223125	224254	left	(800, 450)	testing
13	ff	f	20	3	diamond	red	same	(800, 282)	(968, 450)	vert	up	True	225727	226558	up	(800, 450)	testing
13	ff	f	20	3	circle	green	same	(800, 282)	(800, 618)	hori	left	True	228028	229198	left	(800, 450)	testing
13	ff	f	20	3	circle	none	dif	N_dis	(800, 282)	hori	left	True	230704	231759	left	(800, 450)	testing
13	ff	f	20	3	diamond	red	same	(800, 618)	(968, 450)	vert	up	True	233425	234638	up	(800, 450)	testing
13	ff	f	20	3	diamond	none	dif	N_dis	(800, 618)	hori	left	True	236019	237310	left	(800, 450)	testing
13	ff	f	20	3	circle	none	same	N_dis	(800, 282)	hori	left	True	238807	239678	left	(800, 450)	testing
13	ff	f	20	3	diamond	none	same	N_dis	(632, 450)	vert	up	True	241135	242654	up	(800, 450)	testing
13	ff	f	20	3	circle	green	dif	(632, 450)	(800, 618)	hori	left	True	244133	245006	left	(800, 450)	testing
13	ff	f	20	3	circle	green	dif	(800, 282)	(968, 450)	vert	up	True	246393	247150	up	(800, 450)	testing
13	ff	f	20	3	circle	red	same	(800, 282)	(968, 450)	hori	left	True	248535	249518	left	(800, 450)	testing
13	ff	f	20	3	circle	green	same	(968, 450)	(800, 618)	hori	left	True	250898	251614	left	(800, 450)	testing
13	ff	f	20	3	circle	none	dif	N_dis	(800, 618)	hori	left	True	253217	254046	left	(800, 450)	testing
13	ff	f	20	3	diamond	green	dif	(800, 618)	(632, 450)	vert	up	True	255601	256975	up	(800, 450)	testing
13	ff	f	20	3	diamond	green	same	(800, 282)	(632, 450)	hori	left	True	258480	260190	left	(800, 450)	testing
13	ff	f	20	3	circle	red	dif	(800, 618)	(632, 450)	vert	up	True	261618	262318	up	(800, 450)	testing
13	ff	f	20	3	diamond	red	dif	(800, 282)	(968, 450)	hori	left	True	263856	265214	left	(800, 450)	testing
13	ff	f	20	3	diamond	green	same	(632, 450)	(968, 450)	vert	up	True	266872	268046	up	(800, 450)	testing
13	ff	f	20	3	circle	red	dif	(632, 450)	(968, 450)	hori	left	True	269529	270991	left	(800, 450)	testing
13	ff	f	20	3	circle	green	dif	(968, 450)	(632, 450)	hori	left	True	272408	273470	left	(800, 450)	testing
13	ff	f	20	3	circle	green	dif	(800, 618)	(968, 450)	hori	left	True	275059	276126	left	(800, 450)	testing
13	ff	f	20	3	circle	red	same	(968, 450)	(800, 282)	vert	up	True	277798	279166	up	(800, 450)	testing
13	ff	f	20	3	diamond	green	same	(800, 618)	(632, 450)	hori	left	True	280617	281919	left	(800, 450)	testing
13	ff	f	20	3	diamond	red	dif	(800, 282)	(632, 450)	hori	left	True	283473	284638	left	(800, 450)	testing
13	ff	f	20	3	diamond	none	dif	N_dis	(800, 618)	vert	up	True	286247	286991	up	(800, 450)	testing
13	ff	f	20	3	diamond	green	dif	(800, 282)	(632, 450)	vert	up	True	288629	290190	up	(800, 450)	testing
13	ff	f	20	3	circle	none	same	N_dis	(632, 450)	hori	left	True	291650	292767	left	(800, 450)	testing
13	ff	f	20	3	diamond	none	same	N_dis	(800, 618)	hori	left	True	294214	295502	left	(800, 450)	testing
13	ff	f	20	3	circle	green	same	(968, 450)	(800, 618)	vert	up	True	297015	298542	up	(800, 450)	testing
13	ff	f	20	3	circle	red	same	(968, 450)	(632, 450)	hori	left	True	300131	300927	left	(800, 450)	testing
13	ff	f	20	3	circle	none	same	N_dis	(632, 450)	hori	left	True	302469	303038	left	(800, 450)	testing
13	ff	f	20	3	diamond	green	same	(800, 618)	(968, 450)	hori	left	True	304546	306270	left	(800, 450)	testing
13	ff	f	20	3	diamond	red	dif	(968, 450)	(632, 450)	vert	up	True	307755	308590	up	(800, 450)	testing
13	ff	f	20	3	diamond	none	dif	N_dis	(968, 450)	vert	up	True	309964	310638	left	(800, 450)	testing
13	ff	f	20	3	diamond	none	same	N_dis	(800, 282)	hori	left	True	313574	314943	left	(800, 450)	testing
13	ff	f	20	3	diamond	red	dif	(632, 450)	(800, 618)	hori	left	True	316405	318030	left	(800, 450)	testing
13	ff	f	20	3	diamond	green	dif	(968, 450)	(800, 618)	vert	up	True	319448	320638	up	(800, 450)	testing
13	ff	f	20	3	circle	green	same	(632, 450)	(800, 282)	vert	up	True	322259	323903	up	(800, 450)	testing
13	ff	f	20	3	circle	none	dif	N_dis	(968, 450)	hori	left	True	325403	326254	left	(800, 450)	testing
13	ff	f	20	3	diamond	none	dif	N_dis	(968, 450)	hori	left	True	327905	328879	left	(800, 450)	testing
13	ff	f	20	3	diamond	green	dif	(632, 450)	(968, 450)	hori	left	True	330476	331246	left	(800, 450)	testing
13	ff	f	20	3	circle	red	dif	(968, 450)	(800, 282)	hori	left	True	332873	334719	left	(800, 450)	testing
13	ff	f	20	3	diamond	red	same	(800, 618)	(800, 282)	vert	up	True	336374	337791	up	(800, 450)	testing
13	ff	f	20	3	diamond	none	dif	N_dis	(800, 618)	vert	up	True	339358	340030	up	(800, 450)	testing
13	ff	f	20	3	circle	red	same	(632, 450)	(800, 282)	hori	left	True	341689	342751	left	(800, 450)	testing
13	ff	f	20	3	diamond	red	same	(800, 618)	(800, 282)	vert	up	True	344339	345278	up	(800, 450)	testing
13	ff	f	20	3	diamond	red	dif	(800, 618)	(800, 282)	hori	left	True	346670	348014	left	(800, 450)	testing
13	ff	f	20	3	circle	none	dif	N_dis	(632, 450)	vert	up	True	349599	350703	up	(800, 450)	testing
13	ff	f	20	3	circle	none	same	N_dis	(800, 282)	vert	up	True	352264	353262	up	(800, 450)	testing
13	ff	f	20	3	diamond	green	dif	(800, 282)	(800, 618)	vert	up	True	354912	355855	up	(800, 450)	testing
13	ff	f	20	3	diamond	none	same	N_dis	(968, 450)	vert	up	True	357434	358270	up	(800, 450)	testing
13	ff	f	20	3	circle	red	same	(800, 282)	(800, 618)	hori	left	True	359899	360783	left	(800, 450)	testing
13	ff	f	20	3	circle	red	dif	(968, 450)	(800, 282)	vert	up	True	362300	363374	left	(800, 450)	testing
13	ff	f	20	3	circle	none	dif	N_dis	(800, 282)	hori	left	True	366431	367727	left	(800, 450)	testing
13	ff	f	20	3	circle	green	dif	(632, 450)	(800, 282)	vert	up	True	369365	370430	up	(800, 450)	testing
13	ff	f	20	3	circle	none	same	N_dis	(968, 450)	vert	up	True	371859	372959	up	(800, 450)	testing
13	ff	f	20	3	circle	red	dif	(800, 618)	(968, 450)	vert	up	True	374547	375582	up	(800, 450)	testing
13	ff	f	20	3	diamond	green	same	(632, 450)	(968, 450)	hori	left	True	376993	378190	left	(800, 450)	testing
13	ff	f	20	3	diamond	red	same	(968, 450)	(800, 282)	vert	up	True	379832	380927	up	(800, 450)	testing
13	ff	f	20	3	circle	green	same	(632, 450)	(800, 618)	vert	up	True	382343	384030	up	(800, 450)	testing
13	ff	f	20	3	diamond	none	same	N_dis	(632, 450)	vert	up	True	385471	386670	up	(800, 450)	testing
13	ff	f	20	3	diamond	red	same	(800, 282)	(968, 450)	vert	up	True	388115	389278	up	(800, 450)	testing
13	ff	f	20	3	circle	green	same	(800, 282)	(800, 618)	vert	up	True	390790	391903	up	(800, 450)	testing
13	ff	f	20	3	circle	none	dif	N_dis	(800, 282)	hori	left	True	393342	394831	left	(800, 450)	testing
13	ff	f	20	3	diamond	red	same	(800, 618)	(968, 450)	vert	up	True	396434	397646	up	(800, 450)	testing
13	ff	f	20	3	diamond	none	dif	N_dis	(800, 618)	vert	up	True	399283	401550	up	(800, 450)	testing
13	ff	f	20	3	circle	none	same	N_dis	(800, 282)	vert	up	True	403000	405182	up	(800, 450)	testing
13	ff	f	20	3	diamond	none	same	N_dis	(632, 450)	hori	left	True	406608	408462	left	(800, 450)	testing
13	ff	f	20	3	circle	green	dif	(632, 450)	(800, 618)	hori	left	True	409841	410719	left	(800, 450)	testing
13	ff	f	20	3	circle	green	dif	(800, 282)	(968, 450)	hori	left	True	412132	413118	left	(800, 450)	testing
13	ff	f	20	3	circle	red	same	(800, 282)	(968, 450)	hori	left	True	414731	415759	left	(800, 450)	testing
13	ff	f	20	3	circle	green	same	(968, 450)	(800, 618)	vert	up	True	417398	419006	up	(800, 450)	testing
13	ff	f	20	3	circle	none	dif	N_dis	(800, 618)	vert	up	True	420598	421342	up	(800, 450)	testing
13	ff	f	20	3	diamond	green	dif	(800, 618)	(632, 450)	vert	up	True	422940	424206	up	(800, 450)	testing
13	ff	f	20	3	diamond	green	same	(800, 282)	(632, 450)	vert	up	True	425616	426638	up	(800, 450)	testing
13	ff	f	20	3	circle	red	dif	(800, 618)	(632, 450)	hori	left	True	428165	429054	left	(800, 450)	testing
13	ff	f	20	3	diamond	red	dif	(800, 282)	(968, 450)	vert	up	True	430658	432110	up	(800, 450)	testing
13	ff	f	20	3	diamond	green	same	(632, 450)	(968, 450)	vert	up	True	433705	434446	up	(800, 450)	testing
13	ff	f	20	3	circle	red	dif	(632, 450)	(968, 450)	hori	left	True	435888	437118	left	(800, 450)	testing
13	ff	f	20	3	circle	green	dif	(968, 450)	(632, 450)	hori	left	True	438513	439598	left	(800, 450)	testing
13	ff	f	20	3	circle	green	dif	(800, 618)	(968, 450)	hori	left	True	441109	442078	left	(800, 450)	testing
13	ff	f	20	3	circle	red	same	(968, 450)	(800, 282)	vert	up	True	443719	444735	up	(800, 450)	testing
13	ff	f	20	3	diamond	green	same	(800, 618)	(632, 450)	hori	left	True	446378	447614	left	(800, 450)	testing
13	ff	f	20	3	diamond	red	dif	(800, 282)	(632, 450)	hori	left	True	449169	450815	left	(800, 450)	testing
13	ff	f	20	3	diamond	none	dif	N_dis	(800, 618)	vert	up	True	452290	453711	up	(800, 450)	testing
13	ff	f	20	3	diamond	green	dif	(800, 282)	(632, 450)	hori	left	True	455316	456350	left	(800, 450)	testing
13	ff	f	20	3	circle	none	same	N_dis	(632, 450)	hori	left	True	457791	459582	left	(800, 450)	testing
13	ff	f	20	3	diamond	none	same	N_dis	(800, 618)	hori	left	True	461232	462366	left	(800, 450)	testing
13	ff	f	20	3	circle	green	same	(968, 450)	(800, 618)	hori	left	True	463924	465118	left	(800, 450)	testing
13	ff	f	20	3	circle	red	same	(968, 450)	(632, 450)	vert	up	True	466587	467502	up	(800, 450)	testing
13	ff	f	20	3	circle	none	same	N_dis	(632, 450)	hori	left	True	468974	469903	left	(800, 450)	testing
13	ff	f	20	3	diamond	green	same	(800, 618)	(968, 450)	vert	up	True	471381	472847	up	(800, 450)	testing
13	ff	f	20	3	diamond	red	dif	(968, 450)	(632, 450)	vert	up	True	474302	475374	up	(800, 450)	testing
13	ff	f	20	3	diamond	none	dif	N_dis	(968, 450)	vert	up	True	476871	478767	up	(800, 450)	testing
13	ff	f	20	3	diamond	none	same	N_dis	(800, 282)	vert	up	True	480229	481342	up	(800, 450)	testing
13	ff	f	20	3	diamond	red	dif	(632, 450)	(800, 618)	vert	up	True	482726	483919	up	(800, 450)	testing
13	ff	f	20	3	diamond	green	dif	(968, 450)	(800, 618)	vert	up	True	485445	486542	up	(800, 450)	testing
13	ff	f	20	3	circle	green	same	(632, 450)	(800, 282)	vert	up	True	488020	489102	up	(800, 450)	testing
13	ff	f	20	3	circle	none	dif	N_dis	(968, 450)	vert	up	True	490693	491598	up	(800, 450)	testing
13	ff	f	20	3	diamond	none	dif	N_dis	(968, 450)	vert	up	True	493120	494366	up	(800, 450)	testing
13	ff	f	20	3	diamond	green	dif	(632, 450)	(968, 450)	vert	up	True	495867	496542	up	(800, 450)	testing
13	ff	f	20	3	circle	red	dif	(968, 450)	(800, 282)	vert	up	True	497959	499022	up	(800, 450)	testing
13	ff	f	20	3	diamond	red	same	(800, 618)	(800, 282)	hori	left	True	500542	501951	left	(800, 450)	testing
13	ff	f	20	3	diamond	none	dif	N_dis	(800, 618)	vert	up	True	503439	504654	up	(800, 450)	testing
13	ff	f	20	3	circle	red	same	(632, 450)	(800, 282)	vert	up	True	506056	507038	up	(800, 450)	testing
13	ff	f	20	3	diamond	red	same	(800, 618)	(800, 282)	hori	left	True	508478	509871	left	(800, 450)	testing
13	ff	f	20	3	diamond	red	dif	(800, 618)	(800, 282)	vert	up	True	511412	512142	up	(800, 450)	testing
13	ff	f	20	3	circle	none	dif	N_dis	(632, 450)	vert	up	True	513595	514879	up	(800, 450)	testing
13	ff	f	20	3	circle	none	same	N_dis	(800, 282)	hori	left	True	516482	517342	left	(800, 450)	testing
13	ff	f	20	3	diamond	green	dif	(800, 282)	(800, 618)	vert	up	True	518993	519855	up	(800, 450)	testing
13	ff	f	20	3	diamond	none	same	N_dis	(968, 450)	vert	up	True	521362	522190	up	(800, 450)	testing
13	ff	f	20	3	circle	red	same	(800, 282)	(800, 618)	hori	left	True	523673	524799	left	(800, 450)	testing
13	ff	f	20	3	circle	red	dif	(968, 450)	(800, 282)	vert	up	True	526254	527054	up	(800, 450)	testing
13	ff	f	20	3	circle	none	dif	N_dis	(800, 282)	hori	left	True	528552	529422	left	(800, 450)	testing
13	ff	f	20	3	circle	green	dif	(632, 450)	(800, 282)	hori	left	True	530987	532046	left	(800, 450)	testing
13	ff	f	20	3	circle	none	same	N_dis	(968, 450)	hori	left	True	533620	534879	left	(800, 450)	testing
13	ff	f	20	3	circle	red	dif	(800, 618)	(968, 450)	vert	up	True	536420	537134	up	(800, 450)	testing
13	ff	f	20	3	diamond	green	same	(632, 450)	(968, 450)	hori	left	True	538643	539983	left	(800, 450)	testing
13	ff	f	20	3	diamond	red	same	(968, 450)	(800, 282)	vert	up	True	541590	543038	up	(800, 450)	testing
13	ff	f	20	3	circle	green	same	(632, 450)	(800, 618)	hori	left	True	544491	545326	left	(800, 450)	testing
13	ff	f	20	3	diamond	none	same	N_dis	(632, 450)	hori	left	True	546921	548014	left	(800, 450)	testing
13	ff	f	20	3	diamond	red	same	(800, 282)	(968, 450)	vert	up	True	549484	550206	up	(800, 450)	testing
13	ff	f	20	3	circle	green	same	(800, 282)	(800, 618)	hori	left	True	551764	552799	left	(800, 450)	testing
13	ff	f	20	3	circle	none	dif	N_dis	(800, 282)	hori	left	True	554456	555518	left	(800, 450)	testing
13	ff	f	20	3	diamond	red	same	(800, 618)	(968, 450)	vert	up	True	556979	557727	up	(800, 450)	testing
13	ff	f	20	3	diamond	none	dif	N_dis	(800, 618)	vert	up	True	559121	560430	up	(800, 450)	testing
13	ff	f	20	3	circle	none	same	N_dis	(800, 282)	vert	up	True	562087	563230	up	(800, 450)	testing
13	ff	f	20	3	diamond	none	same	N_dis	(632, 450)	hori	left	True	564886	565983	left	(800, 450)	testing
13	ff	f	20	3	circle	green	dif	(632, 450)	(800, 618)	hori	left	True	567432	568638	left	(800, 450)	testing
13	ff	f	20	3	circle	green	dif	(800, 282)	(968, 450)	hori	left	True	570204	571534	left	(800, 450)	testing
13	ff	f	20	3	circle	red	same	(800, 282)	(968, 450)	hori	left	True	573111	573903	left	(800, 450)	testing
13	ff	f	20	3	circle	green	same	(968, 450)	(800, 618)	vert	up	True	575526	576334	up	(800, 450)	testing
13	ff	f	20	3	circle	none	dif	N_dis	(800, 618)	vert	up	True	577902	578638	up	(800, 450)	testing
13	ff	f	20	3	diamond	green	dif	(800, 618)	(632, 450)	hori	left	True	580242	581422	left	(800, 450)	testing
13	ff	f	20	3	diamond	green	same	(800, 282)	(632, 450)	hori	left	True	583071	584366	left	(800, 450)	testing
13	ff	f	20	3	circle	red	dif	(800, 618)	(632, 450)	vert	up	True	585881	586895	up	(800, 450)	testing
13	ff	f	20	3	diamond	red	dif	(800, 282)	(968, 450)	vert	up	True	588398	589438	up	(800, 450)	testing
13	ff	f	20	3	diamond	green	same	(632, 450)	(968, 450)	hori	left	True	591003	592094	left	(800, 450)	testing
13	ff	f	20	3	circle	red	dif	(632, 450)	(968, 450)	hori	left	True	593558	594526	left	(800, 450)	testing
13	ff	f	20	3	circle	green	dif	(968, 450)	(632, 450)	hori	left	True	596100	597214	left	(800, 450)	testing
13	ff	f	20	3	circle	green	dif	(800, 618)	(968, 450)	hori	left	True	598783	599550	left	(800, 450)	testing
13	ff	f	20	3	circle	red	same	(968, 450)	(800, 282)	hori	left	True	601043	602270	left	(800, 450)	testing
13	ff	f	20	3	diamond	green	same	(800, 618)	(632, 450)	vert	up	True	603768	605214	up	(800, 450)	testing
13	ff	f	20	3	diamond	red	dif	(800, 282)	(632, 450)	vert	up	True	606758	608174	up	(800, 450)	testing
13	ff	f	20	3	diamond	none	dif	N_dis	(800, 618)	vert	up	True	609647	610959	up	(800, 450)	testing
13	ff	f	20	3	diamond	green	dif	(800, 282)	(632, 450)	hori	left	True	612390	613646	left	(800, 450)	testing
13	ff	f	20	3	circle	none	same	N_dis	(632, 450)	vert	up	True	615042	616270	up	(800, 450)	testing
13	ff	f	20	3	diamond	none	same	N_dis	(800, 618)	vert	up	True	617883	618847	up	(800, 450)	testing
13	ff	f	20	3	circle	green	same	(968, 450)	(800, 618)	hori	left	True	620435	621727	left	(800, 450)	testing
13	ff	f	20	3	circle	red	same	(968, 450)	(632, 450)	hori	left	True	623310	624542	left	(800, 450)	testing
13	ff	f	20	3	circle	none	same	N_dis	(632, 450)	hori	left	True	626101	626831	left	(800, 450)	testing
13	ff	f	20	3	diamond	green	same	(800, 618)	(968, 450)	vert	up	True	628472	630302	up	(800, 450)	testing
13	ff	f	20	3	diamond	red	dif	(968, 450)	(632, 450)	vert	up	True	631703	633294	up	(800, 450)	testing
13	ff	f	20	3	diamond	none	dif	N_dis	(968, 450)	hori	left	True	634919	636238	left	(800, 450)	testing
13	ff	f	20	3	diamond	none	same	N_dis	(800, 282)	hori	left	True	637870	639278	left	(800, 450)	testing
13	ff	f	20	3	diamond	red	dif	(632, 450)	(800, 618)	hori	left	True	640796	641855	left	(800, 450)	testing
13	ff	f	20	3	diamond	green	dif	(968, 450)	(800, 618)	vert	up	True	643449	644959	up	(800, 450)	testing
13	ff	f	20	3	circle	green	same	(632, 450)	(800, 282)	hori	left	True	646464	647518	left	(800, 450)	testing
13	ff	f	20	3	circle	none	dif	N_dis	(968, 450)	vert	up	True	649050	650478	up	(800, 450)	testing
13	ff	f	20	3	diamond	none	dif	N_dis	(968, 450)	hori	left	True	652018	652927	left	(800, 450)	testing
13	ff	f	20	3	diamond	green	dif	(632, 450)	(968, 450)	vert	up	True	654541	655791	up	(800, 450)	testing
13	ff	f	20	3	circle	red	dif	(968, 450)	(800, 282)	vert	up	True	657294	658046	left	(800, 450)	testing
13	ff	f	20	3	diamond	red	same	(800, 618)	(800, 282)	hori	left	True	660961	662126	left	(800, 450)	testing
13	ff	f	20	3	diamond	none	dif	N_dis	(800, 618)	vert	up	True	663745	664735	up	(800, 450)	testing
13	ff	f	20	3	circle	red	same	(632, 450)	(800, 282)	vert	up	True	666273	667406	up	(800, 450)	testing
13	ff	f	20	3	diamond	red	same	(800, 618)	(800, 282)	hori	left	True	668966	670286	left	(800, 450)	testing
13	ff	f	20	3	diamond	red	dif	(800, 618)	(800, 282)	vert	up	True	671681	673134	up	(800, 450)	testing
13	ff	f	20	3	circle	none	dif	N_dis	(632, 450)	hori	left	True	674531	676158	left	(800, 450)	testing
13	ff	f	20	3	circle	none	same	N_dis	(800, 282)	vert	up	True	677789	678478	up	(800, 450)	testing
13	ff	f	20	3	diamond	green	dif	(800, 282)	(800, 618)	hori	left	True	679883	681310	left	(800, 450)	testing
13	ff	f	20	3	diamond	none	same	N_dis	(968, 450)	hori	left	True	682764	683662	left	(800, 450)	testing
13	ff	f	20	3	circle	red	same	(800, 282)	(800, 618)	hori	left	True	685277	686606	left	(800, 450)	testing
13	ff	f	20	3	circle	red	dif	(968, 450)	(800, 282)	hori	left	True	688207	689550	left	(800, 450)	testing
13	ff	f	20	3	circle	none	dif	N_dis	(800, 282)	vert	up	True	691019	692318	up	(800, 450)	testing
13	ff	f	20	3	circle	green	dif	(632, 450)	(800, 282)	hori	left	True	693943	695102	left	(800, 450)	testing
13	ff	f	20	3	circle	none	same	N_dis	(968, 450)	hori	left	True	696480	697214	left	(800, 450)	testing
13	ff	f	20	3	circle	red	dif	(800, 618)	(968, 450)	vert	up	True	698768	699486	up	(800, 450)	testing
13	ff	f	20	3	diamond	green	same	(632, 450)	(968, 450)	hori	left	True	700954	702398	left	(800, 450)	testing
13	ff	f	20	3	diamond	red	same	(968, 450)	(800, 282)	hori	left	True	703902	704911	left	(800, 450)	testing
13	ff	f	20	3	circle	green	same	(632, 450)	(800, 618)	hori	left	True	706338	707502	left	(800, 450)	testing
13	ff	f	20	3	diamond	none	same	N_dis	(632, 450)	vert	up	True	709046	709839	up	(800, 450)	testing
13	ff	f	20	3	diamond	red	same	(800, 282)	(968, 450)	hori	left	True	711365	712478	left	(800, 450)	testing
13	ff	f	20	3	circle	green	same	(800, 282)	(800, 618)	hori	left	True	714091	715646	left	(800, 450)	testing
13	ff	f	20	3	circle	none	dif	N_dis	(800, 282)	hori	left	True	717105	718062	left	(800, 450)	testing
13	ff	f	20	3	diamond	red	same	(800, 618)	(968, 450)	vert	up	True	719464	720526	up	(800, 450)	testing
13	ff	f	20	3	diamond	none	dif	N_dis	(800, 618)	vert	up	True	722135	722959	up	(800, 450)	testing
13	ff	f	20	3	circle	none	same	N_dis	(800, 282)	vert	up	True	724370	725518	up	(800, 450)	testing
13	ff	f	20	3	diamond	none	same	N_dis	(632, 450)	hori	left	True	727064	728302	left	(800, 450)	testing
13	ff	f	20	3	circle	green	dif	(632, 450)	(800, 618)	hori	left	True	729874	731006	left	(800, 450)	testing
13	ff	f	20	3	circle	green	dif	(800, 282)	(968, 450)	hori	left	True	732466	733198	left	(800, 450)	testing
13	ff	f	20	3	circle	red	same	(800, 282)	(968, 450)	vert	up	True	734809	735951	up	(800, 450)	testing
13	ff	f	20	3	circle	green	same	(968, 450)	(800, 618)	hori	left	True	737459	738414	left	(800, 450)	testing
13	ff	f	20	3	circle	none	dif	N_dis	(800, 618)	vert	up	True	739825	740783	up	(800, 450)	testing
13	ff	f	20	3	diamond	green	dif	(800, 618)	(632, 450)	hori	left	True	742285	743887	left	(800, 450)	testing
13	ff	f	20	3	diamond	green	same	(800, 282)	(632, 450)	hori	left	True	745512	746398	left	(800, 450)	testing
13	ff	f	20	3	circle	red	dif	(800, 618)	(632, 450)	hori	left	True	747846	748606	left	(800, 450)	testing
13	ff	f	20	3	diamond	red	dif	(800, 282)	(968, 450)	hori	left	True	750246	751374	left	(800, 450)	testing
13	ff	f	20	3	diamond	green	same	(632, 450)	(968, 450)	vert	up	True	753028	754254	up	(800, 450)	testing
13	ff	f	20	3	circle	red	dif	(632, 450)	(968, 450)	vert	up	True	755677	756751	up	(800, 450)	testing
13	ff	f	20	3	circle	green	dif	(968, 450)	(632, 450)	vert	up	True	758383	759230	up	(800, 450)	testing
13	ff	f	20	3	circle	green	dif	(800, 618)	(968, 450)	vert	up	True	760848	762350	up	(800, 450)	testing
13	ff	f	20	3	circle	red	same	(968, 450)	(800, 282)	vert	up	True	763777	764670	up	(800, 450)	testing
13	ff	f	20	3	diamond	green	same	(800, 618)	(632, 450)	hori	left	True	766127	767454	left	(800, 450)	testing
13	ff	f	20	3	diamond	red	dif	(800, 282)	(632, 450)	vert	up	True	768927	770606	up	(800, 450)	testing
13	ff	f	20	3	diamond	none	dif	N_dis	(800, 618)	hori	left	True	772213	773118	left	(800, 450)	testing
13	ff	f	20	3	diamond	green	dif	(800, 282)	(632, 450)	hori	left	True	774545	775534	left	(800, 450)	testing
13	ff	f	20	3	circle	none	same	N_dis	(632, 450)	hori	left	True	777133	778430	left	(800, 450)	testing
13	ff	f	20	3	diamond	none	same	N_dis	(800, 618)	vert	up	True	780014	781102	up	(800, 450)	testing
13	ff	f	20	3	circle	green	same	(968, 450)	(800, 618)	vert	up	True	782585	784526	up	(800, 450)	testing
13	ff	f	20	3	circle	red	same	(968, 450)	(632, 450)	hori	left	True	785921	786719	left	(800, 450)	testing
13	ff	f	20	3	circle	none	same	N_dis	(632, 450)	hori	left	True	788312	789198	left	(800, 450)	testing
13	ff	f	20	3	diamond	green	same	(800, 618)	(968, 450)	hori	left	True	790761	791903	left	(800, 450)	testing
13	ff	f	20	3	diamond	red	dif	(968, 450)	(632, 450)	vert	up	True	793427	794622	up	(800, 450)	testing
13	ff	f	20	3	diamond	none	dif	N_dis	(968, 450)	vert	up	True	796204	797022	up	(800, 450)	testing
13	ff	f	20	3	diamond	none	same	N_dis	(800, 282)	hori	left	True	798604	800142	left	(800, 450)	testing
13	ff	f	20	3	diamond	red	dif	(632, 450)	(800, 618)	vert	up	True	801716	802574	up	(800, 450)	testing
13	ff	f	20	3	diamond	green	dif	(968, 450)	(800, 618)	hori	left	True	804199	805454	left	(800, 450)	testing
13	ff	f	20	3	circle	green	same	(632, 450)	(800, 282)	hori	left	True	807000	809070	left	(800, 450)	testing
13	ff	f	20	3	circle	none	dif	N_dis	(968, 450)	vert	up	True	810556	811278	up	(800, 450)	testing
13	ff	f	20	3	diamond	none	dif	N_dis	(968, 450)	vert	up	True	812697	813711	up	(800, 450)	testing
13	ff	f	20	3	diamond	green	dif	(632, 450)	(968, 450)	hori	left	True	815105	815919	left	(800, 450)	testing
13	ff	f	20	3	circle	red	dif	(968, 450)	(800, 282)	vert	up	True	817585	818462	up	(800, 450)	testing
13	ff	f	20	3	diamond	red	same	(800, 618)	(800, 282)	vert	up	True	820119	821454	up	(800, 450)	testing
13	ff	f	20	3	diamond	none	dif	N_dis	(800, 618)	vert	up	True	822981	823903	up	(800, 450)	testing
13	ff	f	20	3	circle	red	same	(632, 450)	(800, 282)	vert	up	True	825401	826863	up	(800, 450)	testing
13	ff	f	20	3	diamond	red	same	(800, 618)	(800, 282)	hori	left	True	828359	829743	left	(800, 450)	testing
13	ff	f	20	3	diamond	red	dif	(800, 618)	(800, 282)	vert	up	True	831174	832238	up	(800, 450)	testing
13	ff	f	20	3	circle	none	dif	N_dis	(632, 450)	hori	left	True	833817	834799	left	(800, 450)	testing
conf	13	ff	f	20	3	0	space	None	None	None	None	None	None	None	None	True	881047	891358	3
