subj	name	gender	age	runNum	shape	dist	td_dif	d_loc	t_loc	resp	resp_key	gotKey	startTime	respTime	resp	fix_loc	prac
14	ly	f	19	2	circle	red	same	(800, 618)	(632, 450)	vert	up	True	9884	10701	up	(800, 450)	testing
14	ly	f	19	2	diamond	green	same	(800, 618)	(632, 450)	vert	up	True	12107	12877	up	(800, 450)	testing
14	ly	f	19	2	diamond	green	dif	(800, 618)	(632, 450)	vert	up	True	14510	15164	up	(800, 450)	testing
14	ly	f	19	2	diamond	none	same	N_dis	(632, 450)	hori	left	True	16641	17389	left	(800, 450)	testing
14	ly	f	19	2	diamond	green	dif	(968, 450)	(800, 618)	hori	left	True	18857	20765	left	(800, 450)	testing
14	ly	f	19	2	diamond	red	dif	(968, 450)	(800, 618)	hori	left	True	22399	23164	left	(800, 450)	testing
14	ly	f	19	2	diamond	none	dif	N_dis	(632, 450)	hori	left	True	24816	25501	left	(800, 450)	testing
14	ly	f	19	2	diamond	red	same	(800, 618)	(800, 282)	hori	left	True	26970	27789	left	(800, 450)	testing
14	ly	f	19	2	diamond	green	dif	(632, 450)	(800, 282)	hori	left	True	29252	29901	up	(800, 450)	testing
14	ly	f	19	2	circle	none	same	N_dis	(800, 618)	vert	up	True	33077	33885	up	(800, 450)	testing
14	ly	f	19	2	diamond	none	same	N_dis	(800, 282)	hori	left	True	35548	36269	left	(800, 450)	testing
14	ly	f	19	2	circle	none	dif	N_dis	(800, 618)	vert	up	True	37858	38669	up	(800, 450)	testing
14	ly	f	19	2	diamond	green	dif	(800, 618)	(632, 450)	hori	left	True	40081	41116	left	(800, 450)	testing
14	ly	f	19	2	circle	green	same	(968, 450)	(632, 450)	vert	up	True	42730	44701	up	(800, 450)	testing
14	ly	f	19	2	circle	green	same	(632, 450)	(800, 618)	hori	left	True	46315	47004	left	(800, 450)	testing
14	ly	f	19	2	circle	none	same	N_dis	(968, 450)	hori	left	True	48384	48989	left	(800, 450)	testing
14	ly	f	19	2	diamond	red	dif	(968, 450)	(800, 618)	hori	left	True	50573	51949	left	(800, 450)	testing
14	ly	f	19	2	diamond	red	same	(632, 450)	(800, 618)	vert	up	True	53409	54605	up	(800, 450)	testing
14	ly	f	19	2	circle	red	same	(968, 450)	(632, 450)	vert	up	True	56045	56909	up	(800, 450)	testing
14	ly	f	19	2	circle	green	dif	(968, 450)	(800, 618)	hori	left	True	58417	59677	left	(800, 450)	testing
14	ly	f	19	2	circle	none	same	N_dis	(800, 282)	vert	up	True	61127	61917	up	(800, 450)	testing
14	ly	f	19	2	diamond	green	same	(632, 450)	(800, 282)	hori	left	True	63414	64333	up	(800, 450)	testing
14	ly	f	19	2	diamond	red	same	(968, 450)	(800, 282)	vert	up	True	67372	68204	up	(800, 450)	testing
14	ly	f	19	2	diamond	red	same	(800, 618)	(632, 450)	vert	up	True	69772	70621	up	(800, 450)	testing
14	ly	f	19	2	diamond	green	same	(800, 618)	(632, 450)	vert	up	True	72104	73453	left	(800, 450)	testing
14	ly	f	19	2	diamond	red	same	(632, 450)	(800, 282)	hori	left	True	76391	77389	left	(800, 450)	testing
14	ly	f	19	2	diamond	red	same	(632, 450)	(800, 282)	hori	left	True	78940	79837	left	(800, 450)	testing
14	ly	f	19	2	circle	red	same	(632, 450)	(800, 282)	hori	left	True	81419	83373	left	(800, 450)	testing
14	ly	f	19	2	diamond	none	dif	N_dis	(800, 282)	hori	left	True	84990	85757	left	(800, 450)	testing
14	ly	f	19	2	diamond	none	same	N_dis	(800, 618)	hori	left	True	87297	88621	left	(800, 450)	testing
14	ly	f	19	2	circle	green	dif	(968, 450)	(632, 450)	vert	up	True	90258	91228	up	(800, 450)	testing
14	ly	f	19	2	circle	green	same	(632, 450)	(968, 450)	hori	left	True	92886	93613	left	(800, 450)	testing
14	ly	f	19	2	diamond	green	dif	(800, 618)	(968, 450)	vert	up	True	95042	96012	up	(800, 450)	testing
14	ly	f	19	2	circle	none	same	N_dis	(800, 282)	hori	left	True	97467	98060	left	(800, 450)	testing
14	ly	f	19	2	diamond	red	dif	(632, 450)	(968, 450)	hori	left	True	99624	100541	left	(800, 450)	testing
14	ly	f	19	2	circle	red	dif	(800, 282)	(968, 450)	vert	up	True	102114	102797	up	(800, 450)	testing
14	ly	f	19	2	circle	red	same	(968, 450)	(800, 282)	hori	left	True	104366	105068	left	(800, 450)	testing
14	ly	f	19	2	diamond	none	dif	N_dis	(800, 618)	vert	up	True	106712	107661	up	(800, 450)	testing
14	ly	f	19	2	diamond	green	dif	(632, 450)	(800, 618)	vert	up	True	109237	110204	up	(800, 450)	testing
14	ly	f	19	2	circle	none	same	N_dis	(632, 450)	vert	up	True	111591	112541	up	(800, 450)	testing
14	ly	f	19	2	circle	red	dif	(968, 450)	(800, 282)	hori	left	True	114035	114861	left	(800, 450)	testing
14	ly	f	19	2	diamond	none	dif	N_dis	(968, 450)	vert	up	True	116357	117132	up	(800, 450)	testing
14	ly	f	19	2	circle	none	same	N_dis	(800, 618)	hori	left	True	118763	119645	left	(800, 450)	testing
14	ly	f	19	2	diamond	green	dif	(800, 618)	(632, 450)	vert	up	True	121102	122605	up	(800, 450)	testing
14	ly	f	19	2	circle	none	dif	N_dis	(968, 450)	hori	left	True	123980	124925	left	(800, 450)	testing
14	ly	f	19	2	circle	green	dif	(968, 450)	(632, 450)	hori	left	True	126298	126957	left	(800, 450)	testing
14	ly	f	19	2	diamond	red	same	(968, 450)	(800, 618)	hori	left	True	128342	129309	left	(800, 450)	testing
14	ly	f	19	2	diamond	green	same	(632, 450)	(800, 618)	hori	left	True	130697	131741	left	(800, 450)	testing
14	ly	f	19	2	circle	red	same	(632, 450)	(800, 282)	vert	up	True	133164	134172	up	(800, 450)	testing
14	ly	f	19	2	diamond	green	same	(632, 450)	(968, 450)	hori	left	True	135555	136413	left	(800, 450)	testing
14	ly	f	19	2	diamond	red	dif	(800, 282)	(632, 450)	vert	up	True	137877	139180	up	(800, 450)	testing
14	ly	f	19	2	diamond	green	same	(968, 450)	(800, 282)	hori	left	True	140666	141933	left	(800, 450)	testing
14	ly	f	19	2	diamond	none	same	N_dis	(800, 282)	vert	up	True	143496	144204	up	(800, 450)	testing
14	ly	f	19	2	circle	green	same	(632, 450)	(968, 450)	hori	left	True	145702	146381	left	(800, 450)	testing
14	ly	f	19	2	circle	none	same	N_dis	(800, 282)	vert	up	True	147785	148509	up	(800, 450)	testing
14	ly	f	19	2	circle	green	dif	(968, 450)	(800, 618)	hori	left	True	149972	150829	left	(800, 450)	testing
14	ly	f	19	2	diamond	none	same	N_dis	(968, 450)	hori	left	True	152247	153084	left	(800, 450)	testing
14	ly	f	19	2	diamond	none	same	N_dis	(632, 450)	vert	up	True	154742	155469	up	(800, 450)	testing
14	ly	f	19	2	circle	red	dif	(800, 618)	(800, 282)	vert	up	True	156972	158108	left	(800, 450)	testing
14	ly	f	19	2	circle	red	same	(968, 450)	(800, 618)	hori	left	True	161163	161741	left	(800, 450)	testing
14	ly	f	19	2	circle	red	dif	(968, 450)	(632, 450)	hori	left	True	163317	163869	left	(800, 450)	testing
14	ly	f	19	2	circle	none	dif	N_dis	(800, 282)	hori	left	True	165372	165933	left	(800, 450)	testing
14	ly	f	19	2	circle	red	same	(632, 450)	(968, 450)	hori	left	True	167449	169164	left	(800, 450)	testing
14	ly	f	19	2	circle	green	dif	(800, 618)	(632, 450)	hori	left	True	170604	171325	left	(800, 450)	testing
14	ly	f	19	2	circle	red	same	(968, 450)	(800, 618)	vert	up	True	172833	173725	up	(800, 450)	testing
14	ly	f	19	2	circle	none	dif	N_dis	(800, 282)	vert	up	True	175260	176333	up	(800, 450)	testing
14	ly	f	19	2	circle	red	dif	(968, 450)	(632, 450)	vert	up	True	177945	178685	up	(800, 450)	testing
14	ly	f	19	2	diamond	red	dif	(800, 618)	(632, 450)	vert	up	True	180166	181212	up	(800, 450)	testing
14	ly	f	19	2	diamond	none	same	N_dis	(800, 618)	vert	up	True	182878	183725	up	(800, 450)	testing
14	ly	f	19	2	diamond	green	same	(800, 618)	(800, 282)	vert	up	True	185185	186429	up	(800, 450)	testing
14	ly	f	19	2	diamond	red	same	(632, 450)	(968, 450)	vert	up	True	188087	188765	up	(800, 450)	testing
14	ly	f	19	2	diamond	green	dif	(632, 450)	(800, 618)	hori	left	True	190242	191613	left	(800, 450)	testing
14	ly	f	19	2	diamond	red	same	(632, 450)	(968, 450)	vert	up	True	192996	193725	up	(800, 450)	testing
14	ly	f	19	2	diamond	green	same	(800, 618)	(800, 282)	hori	left	True	195302	196108	left	(800, 450)	testing
14	ly	f	19	2	diamond	none	dif	N_dis	(968, 450)	hori	left	True	197632	198589	left	(800, 450)	testing
14	ly	f	19	2	circle	red	dif	(800, 618)	(800, 282)	vert	up	True	200213	201901	up	(800, 450)	testing
14	ly	f	19	2	circle	none	dif	N_dis	(800, 282)	hori	left	True	203538	204525	left	(800, 450)	testing
14	ly	f	19	2	diamond	green	same	(800, 618)	(968, 450)	hori	left	True	206105	207212	left	(800, 450)	testing
14	ly	f	19	2	diamond	red	dif	(800, 618)	(968, 450)	hori	left	True	208587	209277	left	(800, 450)	testing
14	ly	f	19	2	diamond	none	same	N_dis	(800, 618)	vert	up	True	210702	211517	up	(800, 450)	testing
14	ly	f	19	2	circle	green	dif	(800, 618)	(800, 282)	hori	left	True	213166	214156	left	(800, 450)	testing
14	ly	f	19	2	diamond	green	dif	(632, 450)	(968, 450)	vert	up	True	215638	216493	up	(800, 450)	testing
14	ly	f	19	2	diamond	none	dif	N_dis	(800, 282)	vert	up	True	217949	218701	up	(800, 450)	testing
14	ly	f	19	2	circle	green	dif	(800, 618)	(800, 282)	vert	up	True	220263	221949	up	(800, 450)	testing
14	ly	f	19	2	circle	red	dif	(968, 450)	(632, 450)	hori	left	True	223580	224573	left	(800, 450)	testing
14	ly	f	19	2	circle	green	same	(632, 450)	(968, 450)	hori	left	True	225998	226733	left	(800, 450)	testing
14	ly	f	19	2	circle	none	dif	N_dis	(632, 450)	hori	left	True	228327	228877	left	(800, 450)	testing
14	ly	f	19	2	circle	green	same	(800, 618)	(968, 450)	hori	left	True	230537	231068	left	(800, 450)	testing
14	ly	f	19	2	circle	green	same	(968, 450)	(800, 618)	hori	left	True	232622	233757	left	(800, 450)	testing
14	ly	f	19	2	diamond	green	same	(632, 450)	(968, 450)	hori	left	True	235273	235885	up	(800, 450)	testing
14	ly	f	19	2	diamond	none	same	N_dis	(632, 450)	hori	left	True	238873	239661	left	(800, 450)	testing
14	ly	f	19	2	circle	none	dif	N_dis	(968, 450)	hori	left	True	241105	241629	left	(800, 450)	testing
14	ly	f	19	2	circle	green	same	(632, 450)	(968, 450)	vert	up	True	243258	243949	up	(800, 450)	testing
14	ly	f	19	2	diamond	green	dif	(632, 450)	(800, 618)	hori	left	True	245369	246317	left	(800, 450)	testing
14	ly	f	19	2	diamond	green	dif	(632, 450)	(800, 282)	hori	left	True	247814	248957	left	(800, 450)	testing
14	ly	f	19	2	circle	none	same	N_dis	(632, 450)	vert	up	True	250417	251164	up	(800, 450)	testing
14	ly	f	19	2	diamond	none	same	N_dis	(968, 450)	hori	left	True	252572	253164	left	(800, 450)	testing
14	ly	f	19	2	circle	green	same	(632, 450)	(800, 282)	hori	left	True	254636	255677	left	(800, 450)	testing
14	ly	f	19	2	circle	red	dif	(800, 618)	(632, 450)	vert	up	True	257348	258060	up	(800, 450)	testing
14	ly	f	19	2	circle	red	dif	(632, 450)	(968, 450)	vert	up	True	259687	260269	up	(800, 450)	testing
14	ly	f	19	2	circle	none	dif	N_dis	(632, 450)	vert	up	True	261758	262381	up	(800, 450)	testing
14	ly	f	19	2	circle	none	dif	N_dis	(968, 450)	vert	up	True	263876	264493	up	(800, 450)	testing
14	ly	f	19	2	diamond	red	same	(968, 450)	(800, 618)	vert	up	True	265915	267212	up	(800, 450)	testing
14	ly	f	19	2	circle	none	dif	N_dis	(632, 450)	hori	left	True	268689	269357	left	(800, 450)	testing
14	ly	f	19	2	circle	green	dif	(968, 450)	(800, 618)	vert	up	True	270983	271965	up	(800, 450)	testing
14	ly	f	19	2	diamond	none	dif	N_dis	(968, 450)	hori	left	True	273476	274140	left	(800, 450)	testing
14	ly	f	19	2	circle	red	dif	(632, 450)	(800, 618)	vert	up	True	275627	276445	up	(800, 450)	testing
14	ly	f	19	2	diamond	red	same	(800, 618)	(632, 450)	vert	up	True	278042	279228	up	(800, 450)	testing
14	ly	f	19	2	circle	red	dif	(632, 450)	(968, 450)	vert	up	True	280848	281437	up	(800, 450)	testing
14	ly	f	19	2	diamond	none	same	N_dis	(632, 450)	vert	up	True	282992	283821	up	(800, 450)	testing
14	ly	f	19	2	circle	green	same	(632, 450)	(800, 282)	hori	left	True	285330	286044	left	(800, 450)	testing
14	ly	f	19	2	diamond	none	same	N_dis	(968, 450)	vert	up	True	287704	288605	up	(800, 450)	testing
14	ly	f	19	2	circle	green	same	(800, 282)	(968, 450)	hori	left	True	289992	290797	left	(800, 450)	testing
14	ly	f	19	2	diamond	none	same	N_dis	(632, 450)	hori	left	True	292406	293325	left	(800, 450)	testing
14	ly	f	19	2	circle	none	same	N_dis	(800, 618)	vert	up	True	294937	295693	up	(800, 450)	testing
14	ly	f	19	2	diamond	red	dif	(632, 450)	(800, 618)	vert	up	True	297299	298156	up	(800, 450)	testing
14	ly	f	19	2	diamond	none	dif	N_dis	(800, 618)	vert	up	True	299735	300317	up	(800, 450)	testing
14	ly	f	19	2	diamond	none	dif	N_dis	(968, 450)	vert	up	True	301864	302829	up	(800, 450)	testing
14	ly	f	19	2	diamond	red	same	(800, 618)	(632, 450)	hori	left	True	304369	305373	up	(800, 450)	testing
14	ly	f	19	2	circle	none	dif	N_dis	(800, 282)	hori	left	True	308400	309421	left	(800, 450)	testing
14	ly	f	19	2	diamond	green	same	(800, 282)	(800, 618)	hori	left	True	310822	311805	left	(800, 450)	testing
14	ly	f	19	2	circle	green	same	(968, 450)	(800, 618)	hori	left	True	313290	314781	left	(800, 450)	testing
14	ly	f	19	2	diamond	red	same	(800, 618)	(968, 450)	vert	up	True	316286	317052	up	(800, 450)	testing
14	ly	f	19	2	diamond	none	dif	N_dis	(800, 618)	hori	left	True	318564	319228	left	(800, 450)	testing
14	ly	f	19	2	diamond	none	dif	N_dis	(800, 618)	hori	left	True	320813	321486	left	(800, 450)	testing
14	ly	f	19	2	circle	red	same	(800, 618)	(800, 282)	hori	left	True	322884	323613	left	(800, 450)	testing
14	ly	f	19	2	diamond	none	same	N_dis	(632, 450)	hori	left	True	325174	325933	left	(800, 450)	testing
14	ly	f	19	2	circle	green	dif	(968, 450)	(632, 450)	hori	left	True	327597	328269	up	(800, 450)	testing
14	ly	f	19	2	diamond	red	same	(968, 450)	(632, 450)	vert	up	True	331273	331949	up	(800, 450)	testing
14	ly	f	19	2	circle	none	dif	N_dis	(800, 618)	vert	up	True	333615	334365	up	(800, 450)	testing
14	ly	f	19	2	circle	red	same	(632, 450)	(800, 282)	hori	left	True	335859	336637	left	(800, 450)	testing
14	ly	f	19	2	circle	green	same	(968, 450)	(632, 450)	vert	up	True	338080	338813	up	(800, 450)	testing
14	ly	f	19	2	circle	green	same	(632, 450)	(968, 450)	hori	left	True	340273	341228	left	(800, 450)	testing
14	ly	f	19	2	diamond	red	dif	(800, 618)	(968, 450)	vert	up	True	342727	343837	up	(800, 450)	testing
14	ly	f	19	2	diamond	green	same	(800, 618)	(800, 282)	vert	up	True	345441	346349	up	(800, 450)	testing
14	ly	f	19	2	circle	red	same	(632, 450)	(968, 450)	hori	left	True	348022	348685	left	(800, 450)	testing
14	ly	f	19	2	circle	red	same	(800, 282)	(632, 450)	vert	up	True	350093	351004	left	(800, 450)	testing
14	ly	f	19	2	diamond	none	dif	N_dis	(968, 450)	hori	left	True	353986	354749	left	(800, 450)	testing
14	ly	f	19	2	diamond	green	same	(800, 618)	(800, 282)	hori	left	True	356332	357164	left	(800, 450)	testing
14	ly	f	19	2	circle	green	dif	(968, 450)	(800, 282)	vert	up	True	358742	359789	up	(800, 450)	testing
14	ly	f	19	2	circle	red	dif	(968, 450)	(800, 282)	vert	up	True	361428	362124	up	(800, 450)	testing
14	ly	f	19	2	diamond	green	same	(968, 450)	(632, 450)	hori	left	True	363746	364589	left	(800, 450)	testing
14	ly	f	19	2	circle	red	same	(968, 450)	(632, 450)	hori	left	True	366059	366765	left	(800, 450)	testing
14	ly	f	19	2	diamond	none	same	N_dis	(800, 618)	hori	left	True	368222	369148	left	(800, 450)	testing
14	ly	f	19	2	diamond	red	dif	(800, 618)	(968, 450)	hori	left	True	370559	371757	left	(800, 450)	testing
14	ly	f	19	2	circle	green	dif	(800, 618)	(800, 282)	vert	up	True	373155	373853	up	(800, 450)	testing
14	ly	f	19	2	diamond	green	dif	(632, 450)	(800, 282)	hori	left	True	375518	376236	left	(800, 450)	testing
14	ly	f	19	2	circle	red	same	(632, 450)	(800, 618)	hori	left	True	377627	378445	left	(800, 450)	testing
14	ly	f	19	2	circle	green	dif	(632, 450)	(800, 618)	vert	up	True	379908	380701	up	(800, 450)	testing
14	ly	f	19	2	circle	red	dif	(632, 450)	(800, 618)	vert	up	True	382158	382829	up	(800, 450)	testing
14	ly	f	19	2	circle	none	dif	N_dis	(968, 450)	vert	up	True	384492	385148	up	(800, 450)	testing
14	ly	f	19	2	circle	red	dif	(632, 450)	(800, 282)	vert	up	True	386684	387725	up	(800, 450)	testing
14	ly	f	19	2	diamond	none	same	N_dis	(800, 282)	hori	left	True	389172	389805	left	(800, 450)	testing
14	ly	f	19	2	circle	green	dif	(800, 618)	(968, 450)	hori	left	True	391439	392397	left	(800, 450)	testing
14	ly	f	19	2	circle	green	dif	(632, 450)	(968, 450)	vert	up	True	393972	394653	up	(800, 450)	testing
14	ly	f	19	2	diamond	green	dif	(800, 618)	(968, 450)	hori	left	True	396110	397068	left	(800, 450)	testing
14	ly	f	19	2	circle	red	dif	(968, 450)	(800, 618)	hori	left	True	398715	399533	left	(800, 450)	testing
14	ly	f	19	2	diamond	none	dif	N_dis	(968, 450)	hori	left	True	401046	401885	left	(800, 450)	testing
14	ly	f	19	2	circle	red	dif	(968, 450)	(800, 282)	vert	up	True	403274	404060	up	(800, 450)	testing
14	ly	f	19	2	circle	green	dif	(632, 450)	(800, 618)	hori	left	True	405733	406413	left	(800, 450)	testing
14	ly	f	19	2	circle	none	dif	N_dis	(632, 450)	hori	left	True	407951	408637	left	(800, 450)	testing
14	ly	f	19	2	diamond	green	same	(968, 450)	(800, 282)	vert	up	True	410032	410781	up	(800, 450)	testing
14	ly	f	19	2	diamond	none	dif	N_dis	(800, 282)	vert	up	True	412270	412925	up	(800, 450)	testing
14	ly	f	19	2	circle	red	same	(968, 450)	(632, 450)	vert	up	True	414421	415196	up	(800, 450)	testing
14	ly	f	19	2	diamond	red	dif	(800, 618)	(968, 450)	hori	left	True	416748	417501	left	(800, 450)	testing
14	ly	f	19	2	circle	green	dif	(632, 450)	(968, 450)	hori	left	True	419121	419741	left	(800, 450)	testing
14	ly	f	19	2	diamond	red	dif	(968, 450)	(800, 282)	hori	left	True	421209	421837	up	(800, 450)	testing
14	ly	f	19	2	circle	none	dif	N_dis	(968, 450)	hori	left	True	424776	425805	left	(800, 450)	testing
14	ly	f	19	2	diamond	none	dif	N_dis	(800, 618)	vert	up	True	427415	428365	up	(800, 450)	testing
14	ly	f	19	2	diamond	red	same	(632, 450)	(800, 618)	hori	left	True	429740	430669	left	(800, 450)	testing
14	ly	f	19	2	circle	none	same	N_dis	(800, 618)	hori	left	True	432044	432797	left	(800, 450)	testing
14	ly	f	19	2	circle	none	same	N_dis	(800, 282)	vert	up	True	434413	435004	up	(800, 450)	testing
14	ly	f	19	2	diamond	none	same	N_dis	(800, 282)	hori	left	True	436599	437180	left	(800, 450)	testing
14	ly	f	19	2	diamond	green	same	(968, 450)	(800, 282)	hori	left	True	438749	439533	up	(800, 450)	testing
14	ly	f	19	2	diamond	red	dif	(968, 450)	(800, 282)	hori	left	True	442442	443052	left	(800, 450)	testing
14	ly	f	19	2	diamond	red	dif	(800, 618)	(968, 450)	hori	left	True	444686	445485	left	(800, 450)	testing
14	ly	f	19	2	circle	none	same	N_dis	(968, 450)	vert	up	True	447099	447837	up	(800, 450)	testing
14	ly	f	19	2	diamond	red	dif	(632, 450)	(800, 618)	vert	up	True	449448	450445	up	(800, 450)	testing
14	ly	f	19	2	diamond	none	dif	N_dis	(800, 618)	vert	up	True	451839	452525	up	(800, 450)	testing
14	ly	f	19	2	circle	green	dif	(800, 618)	(968, 450)	hori	left	True	454143	455453	left	(800, 450)	testing
14	ly	f	19	2	diamond	none	same	N_dis	(800, 282)	vert	up	True	457001	457693	up	(800, 450)	testing
14	ly	f	19	2	diamond	none	same	N_dis	(632, 450)	vert	up	True	459145	459853	up	(800, 450)	testing
14	ly	f	19	2	diamond	none	same	N_dis	(632, 450)	vert	up	True	461521	462381	up	(800, 450)	testing
14	ly	f	19	2	circle	green	dif	(632, 450)	(800, 618)	vert	up	True	464043	465293	up	(800, 450)	testing
14	ly	f	19	2	diamond	none	same	N_dis	(800, 618)	vert	up	True	466893	467405	up	(800, 450)	testing
14	ly	f	19	2	circle	green	same	(632, 450)	(800, 282)	hori	left	True	469027	470092	left	(800, 450)	testing
14	ly	f	19	2	circle	none	same	N_dis	(632, 450)	hori	left	True	471584	472140	left	(800, 450)	testing
14	ly	f	19	2	circle	green	same	(968, 450)	(800, 282)	vert	up	True	473523	474285	up	(800, 450)	testing
14	ly	f	19	2	circle	red	dif	(632, 450)	(968, 450)	hori	left	True	475806	476509	left	(800, 450)	testing
14	ly	f	19	2	circle	green	dif	(800, 618)	(632, 450)	vert	up	True	478139	478861	up	(800, 450)	testing
14	ly	f	19	2	circle	none	dif	N_dis	(632, 450)	vert	up	True	480264	480893	up	(800, 450)	testing
14	ly	f	19	2	circle	red	same	(800, 618)	(800, 282)	vert	up	True	482557	483212	up	(800, 450)	testing
14	ly	f	19	2	circle	green	same	(968, 450)	(800, 618)	hori	left	True	484609	485469	left	(800, 450)	testing
14	ly	f	19	2	circle	green	dif	(968, 450)	(800, 282)	hori	left	True	486853	487437	left	(800, 450)	testing
14	ly	f	19	2	diamond	green	same	(800, 618)	(800, 282)	vert	up	True	489021	489613	up	(800, 450)	testing
14	ly	f	19	2	circle	red	same	(968, 450)	(800, 618)	hori	left	True	491215	491997	left	(800, 450)	testing
14	ly	f	19	2	circle	none	dif	N_dis	(800, 282)	vert	up	True	493451	494156	up	(800, 450)	testing
14	ly	f	19	2	circle	green	dif	(968, 450)	(632, 450)	vert	up	True	495611	496252	up	(800, 450)	testing
14	ly	f	19	2	circle	red	same	(632, 450)	(800, 618)	vert	up	True	497767	499084	up	(800, 450)	testing
14	ly	f	19	2	diamond	red	dif	(968, 450)	(632, 450)	vert	up	True	500630	501421	up	(800, 450)	testing
14	ly	f	19	2	circle	none	same	N_dis	(800, 618)	hori	left	True	503007	503645	left	(800, 450)	testing
14	ly	f	19	2	circle	green	same	(800, 618)	(800, 282)	hori	left	True	505141	505789	left	(800, 450)	testing
14	ly	f	19	2	circle	green	dif	(968, 450)	(800, 618)	hori	left	True	507438	508172	left	(800, 450)	testing
14	ly	f	19	2	diamond	red	dif	(632, 450)	(800, 618)	hori	left	True	509582	510461	left	(800, 450)	testing
14	ly	f	19	2	diamond	red	dif	(800, 618)	(632, 450)	hori	left	True	512031	512733	up	(800, 450)	testing
14	ly	f	19	2	circle	green	same	(800, 618)	(968, 450)	vert	up	True	515642	516733	up	(800, 450)	testing
14	ly	f	19	2	diamond	none	dif	N_dis	(800, 618)	hori	left	True	518289	519228	left	(800, 450)	testing
14	ly	f	19	2	circle	none	dif	N_dis	(968, 450)	hori	left	True	520670	521357	left	(800, 450)	testing
14	ly	f	19	2	circle	red	same	(632, 450)	(968, 450)	hori	left	True	522796	523661	left	(800, 450)	testing
14	ly	f	19	2	circle	green	same	(632, 450)	(800, 282)	vert	up	True	525051	526541	up	(800, 450)	testing
14	ly	f	19	2	diamond	green	dif	(800, 618)	(968, 450)	hori	left	True	527986	529180	left	(800, 450)	testing
14	ly	f	19	2	diamond	none	dif	N_dis	(800, 282)	vert	up	True	530624	531341	up	(800, 450)	testing
14	ly	f	19	2	circle	none	same	N_dis	(632, 450)	vert	up	True	532762	533741	up	(800, 450)	testing
14	ly	f	19	2	diamond	green	same	(968, 450)	(800, 282)	vert	up	True	535257	536028	up	(800, 450)	testing
14	ly	f	19	2	diamond	green	same	(968, 450)	(632, 450)	hori	left	True	537408	538365	left	(800, 450)	testing
14	ly	f	19	2	diamond	green	dif	(800, 618)	(968, 450)	hori	left	True	539977	540909	left	(800, 450)	testing
14	ly	f	19	2	circle	red	dif	(968, 450)	(800, 282)	vert	up	True	542368	543004	up	(800, 450)	testing
14	ly	f	19	2	circle	red	dif	(632, 450)	(800, 618)	hori	left	True	544456	545421	left	(800, 450)	testing
14	ly	f	19	2	circle	red	dif	(800, 618)	(968, 450)	hori	left	True	547023	547741	up	(800, 450)	testing
14	ly	f	19	2	diamond	none	same	N_dis	(632, 450)	hori	left	True	550800	551565	left	(800, 450)	testing
14	ly	f	19	2	diamond	green	dif	(632, 450)	(968, 450)	vert	up	True	552992	553645	up	(800, 450)	testing
14	ly	f	19	2	circle	none	same	N_dis	(968, 450)	hori	left	True	555055	555645	left	(800, 450)	testing
14	ly	f	19	2	diamond	green	dif	(800, 618)	(968, 450)	hori	left	True	557067	557789	left	(800, 450)	testing
14	ly	f	19	2	diamond	red	dif	(800, 618)	(632, 450)	hori	left	True	559263	560108	left	(800, 450)	testing
14	ly	f	19	2	diamond	green	same	(968, 450)	(800, 618)	hori	left	True	561758	562621	left	(800, 450)	testing
14	ly	f	19	2	circle	none	dif	N_dis	(632, 450)	hori	left	True	564287	565100	left	(800, 450)	testing
14	ly	f	19	2	diamond	red	same	(800, 618)	(968, 450)	hori	left	True	566480	568269	left	(800, 450)	testing
14	ly	f	19	2	diamond	red	same	(968, 450)	(632, 450)	hori	left	True	569830	570493	left	(800, 450)	testing
14	ly	f	19	2	diamond	red	dif	(968, 450)	(800, 282)	vert	up	True	571898	572589	up	(800, 450)	testing
14	ly	f	19	2	circle	green	same	(800, 618)	(968, 450)	vert	up	True	574175	575725	up	(800, 450)	testing
14	ly	f	19	2	diamond	green	same	(968, 450)	(800, 282)	vert	up	True	577210	578301	up	(800, 450)	testing
14	ly	f	19	2	circle	green	same	(800, 618)	(632, 450)	hori	left	True	579688	580877	left	(800, 450)	testing
14	ly	f	19	2	diamond	green	same	(968, 450)	(800, 618)	vert	up	True	582411	583389	up	(800, 450)	testing
14	ly	f	19	2	circle	red	dif	(800, 618)	(800, 282)	hori	left	True	584865	585469	left	(800, 450)	testing
14	ly	f	19	2	diamond	none	dif	N_dis	(800, 618)	vert	up	True	586994	587533	up	(800, 450)	testing
14	ly	f	19	2	diamond	none	same	N_dis	(968, 450)	hori	left	True	589121	589837	left	(800, 450)	testing
14	ly	f	19	2	diamond	red	same	(632, 450)	(968, 450)	vert	up	True	591227	591837	up	(800, 450)	testing
14	ly	f	19	2	diamond	red	dif	(800, 618)	(800, 282)	hori	left	True	593355	593997	up	(800, 450)	testing
14	ly	f	19	2	circle	red	same	(800, 618)	(632, 450)	vert	up	True	596993	597917	up	(800, 450)	testing
14	ly	f	19	2	circle	none	dif	N_dis	(632, 450)	hori	left	True	599501	600172	left	(800, 450)	testing
14	ly	f	19	2	diamond	none	dif	N_dis	(800, 618)	vert	up	True	601670	602429	up	(800, 450)	testing
14	ly	f	19	2	circle	red	same	(632, 450)	(800, 618)	hori	left	True	603837	604461	left	(800, 450)	testing
14	ly	f	19	2	diamond	green	dif	(800, 282)	(632, 450)	hori	left	True	606018	607180	left	(800, 450)	testing
14	ly	f	19	2	diamond	green	dif	(800, 618)	(800, 282)	hori	left	True	608725	609309	left	(800, 450)	testing
14	ly	f	19	2	diamond	red	dif	(800, 618)	(800, 282)	hori	left	True	610973	611549	left	(800, 450)	testing
14	ly	f	19	2	diamond	green	same	(968, 450)	(632, 450)	vert	up	True	613138	614012	up	(800, 450)	testing
14	ly	f	19	2	diamond	red	same	(632, 450)	(800, 282)	vert	up	True	615424	616188	up	(800, 450)	testing
14	ly	f	19	2	circle	none	same	N_dis	(800, 282)	vert	up	True	617645	618493	up	(800, 450)	testing
14	ly	f	19	2	circle	green	dif	(632, 450)	(800, 282)	vert	up	True	620039	621180	up	(800, 450)	testing
14	ly	f	19	2	diamond	green	dif	(968, 450)	(800, 618)	vert	up	True	622581	623485	up	(800, 450)	testing
14	ly	f	19	2	circle	none	same	N_dis	(968, 450)	hori	left	True	625091	625869	left	(800, 450)	testing
14	ly	f	19	2	diamond	green	dif	(800, 618)	(632, 450)	hori	left	True	627257	628333	left	(800, 450)	testing
14	ly	f	19	2	circle	none	same	N_dis	(632, 450)	hori	left	True	629984	630701	left	(800, 450)	testing
14	ly	f	19	2	diamond	none	dif	N_dis	(968, 450)	hori	left	True	632331	633068	left	(800, 450)	testing
14	ly	f	19	2	diamond	none	dif	N_dis	(800, 282)	vert	up	True	634487	635116	up	(800, 450)	testing
14	ly	f	19	2	diamond	red	same	(632, 450)	(968, 450)	hori	left	True	636726	637373	left	(800, 450)	testing
14	ly	f	19	2	circle	green	same	(968, 450)	(800, 282)	vert	up	True	638754	639533	up	(800, 450)	testing
14	ly	f	19	2	circle	red	same	(632, 450)	(800, 282)	vert	up	True	641049	641917	left	(800, 450)	testing
14	ly	f	19	2	diamond	green	same	(968, 450)	(632, 450)	vert	up	True	644938	645645	up	(800, 450)	testing
14	ly	f	19	2	diamond	none	same	N_dis	(800, 282)	vert	up	True	647276	647789	up	(800, 450)	testing
14	ly	f	19	2	diamond	green	dif	(800, 282)	(968, 450)	hori	left	True	649363	650204	left	(800, 450)	testing
14	ly	f	19	2	circle	green	same	(800, 618)	(800, 282)	hori	left	True	651810	652749	left	(800, 450)	testing
14	ly	f	19	2	diamond	none	dif	N_dis	(968, 450)	vert	up	True	654310	655196	left	(800, 450)	testing
14	ly	f	19	2	circle	none	dif	N_dis	(800, 618)	vert	up	True	658381	659212	up	(800, 450)	testing
14	ly	f	19	2	circle	none	dif	N_dis	(632, 450)	vert	up	True	660773	661581	up	(800, 450)	testing
14	ly	f	19	2	circle	green	dif	(632, 450)	(800, 282)	hori	left	True	663065	663757	left	(800, 450)	testing
14	ly	f	19	2	circle	none	dif	N_dis	(800, 282)	vert	up	True	665340	666124	left	(800, 450)	testing
14	ly	f	19	2	circle	none	same	N_dis	(800, 618)	vert	up	True	669275	670140	up	(800, 450)	testing
14	ly	f	19	2	circle	none	dif	N_dis	(800, 618)	vert	up	True	671739	672509	up	(800, 450)	testing
14	ly	f	19	2	diamond	green	dif	(800, 618)	(968, 450)	hori	left	True	674000	675260	left	(800, 450)	testing
14	ly	f	19	2	circle	red	dif	(632, 450)	(800, 282)	hori	left	True	676730	677421	left	(800, 450)	testing
14	ly	f	19	2	circle	none	dif	N_dis	(968, 450)	vert	up	True	679034	679757	up	(800, 450)	testing
14	ly	f	19	2	diamond	red	dif	(800, 282)	(800, 618)	vert	up	True	681136	682044	up	(800, 450)	testing
14	ly	f	19	2	diamond	red	dif	(800, 618)	(968, 450)	vert	up	True	683594	684637	up	(800, 450)	testing
14	ly	f	19	2	circle	none	same	N_dis	(968, 450)	hori	left	True	686212	686893	left	(800, 450)	testing
14	ly	f	19	2	diamond	green	dif	(632, 450)	(800, 282)	hori	left	True	688401	689325	up	(800, 450)	testing
14	ly	f	19	2	circle	red	dif	(800, 618)	(632, 450)	vert	up	True	692495	693309	up	(800, 450)	testing
14	ly	f	19	2	diamond	green	dif	(968, 450)	(800, 282)	hori	left	True	694870	696252	left	(800, 450)	testing
14	ly	f	19	2	circle	red	same	(632, 450)	(800, 618)	hori	left	True	697908	699180	left	(800, 450)	testing
14	ly	f	19	2	diamond	red	same	(968, 450)	(800, 618)	vert	up	True	700674	701533	up	(800, 450)	testing
14	ly	f	19	2	circle	none	same	N_dis	(800, 282)	hori	left	True	703202	703965	left	(800, 450)	testing
14	ly	f	19	2	circle	red	dif	(632, 450)	(800, 282)	vert	up	True	705358	706589	up	(800, 450)	testing
14	ly	f	19	2	diamond	red	same	(800, 618)	(800, 282)	vert	up	True	708125	708829	up	(800, 450)	testing
14	ly	f	19	2	circle	none	same	N_dis	(800, 282)	hori	left	True	710390	710973	left	(800, 450)	testing
14	ly	f	19	2	diamond	red	same	(968, 450)	(800, 618)	vert	up	True	712421	713517	up	(800, 450)	testing
14	ly	f	19	2	circle	red	same	(800, 618)	(632, 450)	vert	up	True	715164	716108	up	(800, 450)	testing
14	ly	f	19	2	diamond	red	dif	(968, 450)	(800, 282)	hori	left	True	717613	718717	left	(800, 450)	testing
14	ly	f	19	2	circle	green	dif	(968, 450)	(632, 450)	hori	left	True	720226	721052	left	(800, 450)	testing
14	ly	f	19	2	diamond	red	same	(800, 618)	(632, 450)	vert	up	True	722434	723325	up	(800, 450)	testing
14	ly	f	19	2	diamond	none	dif	N_dis	(968, 450)	hori	left	True	724994	725741	left	(800, 450)	testing
14	ly	f	19	2	circle	none	same	N_dis	(632, 450)	vert	up	True	727155	728269	up	(800, 450)	testing
14	ly	f	19	2	circle	red	same	(800, 618)	(800, 282)	vert	up	True	729840	730477	up	(800, 450)	testing
14	ly	f	19	2	diamond	red	same	(968, 450)	(800, 282)	vert	up	True	731879	732589	up	(800, 450)	testing
14	ly	f	19	2	diamond	none	same	N_dis	(800, 282)	vert	up	True	734091	734653	up	(800, 450)	testing
14	ly	f	19	2	circle	none	same	N_dis	(800, 618)	vert	up	True	736042	736941	up	(800, 450)	testing
14	ly	f	19	2	diamond	red	dif	(968, 450)	(632, 450)	hori	left	True	738532	739277	left	(800, 450)	testing
14	ly	f	19	2	diamond	green	same	(968, 450)	(800, 282)	hori	left	True	740708	741389	left	(800, 450)	testing
14	ly	f	19	2	diamond	none	dif	N_dis	(632, 450)	vert	up	True	742801	743645	up	(800, 450)	testing
14	ly	f	19	2	circle	green	same	(632, 450)	(800, 618)	hori	left	True	745108	746012	left	(800, 450)	testing
14	ly	f	19	2	circle	red	dif	(800, 618)	(968, 450)	hori	left	True	747561	748188	left	(800, 450)	testing
