subj	name	gender	age	runNum	shape	dist	td_dif	d_loc	t_loc	resp	resp_key	gotKey	startTime	respTime	resp	fix_loc	prac
14	ly	f	19	3	circle	red	same	(632, 450)	(800, 618)	vert	up	True	17444	18639	up	(800, 450)	testing
14	ly	f	19	3	diamond	red	same	(968, 450)	(800, 282)	vert	up	True	20144	20975	up	(800, 450)	testing
14	ly	f	19	3	circle	green	dif	(800, 282)	(632, 450)	hori	left	True	22485	23166	left	(800, 450)	testing
14	ly	f	19	3	circle	none	dif	N_dis	(968, 450)	hori	left	True	24762	25407	left	(800, 450)	testing
14	ly	f	19	3	diamond	none	dif	N_dis	(968, 450)	hori	left	True	26807	27934	left	(800, 450)	testing
14	ly	f	19	3	circle	red	same	(800, 282)	(800, 618)	hori	left	True	29376	30271	left	(800, 450)	testing
14	ly	f	19	3	diamond	green	same	(800, 282)	(632, 450)	hori	left	True	31939	32959	left	(800, 450)	testing
14	ly	f	19	3	circle	none	same	N_dis	(800, 618)	hori	left	True	34379	35102	left	(800, 450)	testing
14	ly	f	19	3	diamond	green	same	(968, 450)	(800, 282)	hori	left	True	36763	37711	left	(800, 450)	testing
14	ly	f	19	3	diamond	red	same	(968, 450)	(800, 618)	hori	left	True	39262	39935	left	(800, 450)	testing
14	ly	f	19	3	diamond	red	dif	(968, 450)	(800, 282)	hori	left	True	41358	42014	left	(800, 450)	testing
14	ly	f	19	3	diamond	green	same	(800, 282)	(968, 450)	vert	up	True	43459	44399	up	(800, 450)	testing
14	ly	f	19	3	circle	none	dif	N_dis	(968, 450)	vert	up	True	46050	46943	up	(800, 450)	testing
14	ly	f	19	3	circle	green	same	(632, 450)	(800, 282)	vert	up	True	48566	49743	up	(800, 450)	testing
14	ly	f	19	3	circle	red	dif	(800, 618)	(800, 282)	vert	up	True	51391	52078	up	(800, 450)	testing
14	ly	f	19	3	diamond	none	same	N_dis	(632, 450)	hori	left	True	53535	54527	left	(800, 450)	testing
14	ly	f	19	3	circle	none	dif	N_dis	(800, 282)	hori	left	True	56143	56799	left	(800, 450)	testing
14	ly	f	19	3	diamond	green	dif	(800, 618)	(800, 282)	hori	left	True	58172	59198	left	(800, 450)	testing
14	ly	f	19	3	circle	none	same	N_dis	(968, 450)	hori	left	True	60711	61599	left	(800, 450)	testing
14	ly	f	19	3	diamond	none	dif	N_dis	(632, 450)	hori	left	True	63156	63855	left	(800, 450)	testing
14	ly	f	19	3	circle	green	same	(968, 450)	(632, 450)	vert	up	True	65441	66575	up	(800, 450)	testing
14	ly	f	19	3	circle	none	same	N_dis	(800, 282)	hori	left	True	68140	68943	left	(800, 450)	testing
14	ly	f	19	3	circle	none	same	N_dis	(632, 450)	hori	left	True	70322	71022	left	(800, 450)	testing
14	ly	f	19	3	circle	red	dif	(800, 618)	(968, 450)	hori	left	True	72415	73134	left	(800, 450)	testing
14	ly	f	19	3	circle	none	dif	N_dis	(800, 282)	vert	up	True	74666	75903	up	(800, 450)	testing
14	ly	f	19	3	diamond	red	same	(632, 450)	(800, 618)	vert	up	True	77481	79391	up	(800, 450)	testing
14	ly	f	19	3	circle	green	dif	(800, 282)	(968, 450)	hori	left	True	80908	81935	left	(800, 450)	testing
14	ly	f	19	3	circle	green	dif	(800, 282)	(968, 450)	hori	left	True	83570	84703	left	(800, 450)	testing
14	ly	f	19	3	diamond	green	same	(632, 450)	(968, 450)	vert	up	True	86252	86911	up	(800, 450)	testing
14	ly	f	19	3	circle	red	same	(632, 450)	(968, 450)	hori	left	True	88551	90511	left	(800, 450)	testing
14	ly	f	19	3	diamond	green	dif	(968, 450)	(800, 618)	hori	left	True	92161	93182	left	(800, 450)	testing
14	ly	f	19	3	diamond	red	dif	(968, 450)	(800, 282)	vert	up	True	94678	95391	up	(800, 450)	testing
14	ly	f	19	3	circle	red	dif	(800, 282)	(800, 618)	vert	up	True	96908	97663	up	(800, 450)	testing
14	ly	f	19	3	diamond	red	same	(800, 618)	(632, 450)	vert	up	True	99243	100126	up	(800, 450)	testing
14	ly	f	19	3	diamond	green	same	(800, 618)	(800, 282)	hori	left	True	101562	102382	left	(800, 450)	testing
14	ly	f	19	3	diamond	none	same	N_dis	(800, 282)	hori	left	True	103856	104463	left	(800, 450)	testing
14	ly	f	19	3	diamond	red	dif	(968, 450)	(800, 618)	vert	up	True	105854	106735	up	(800, 450)	testing
14	ly	f	19	3	diamond	none	dif	N_dis	(800, 618)	hori	left	True	108306	109006	left	(800, 450)	testing
14	ly	f	19	3	circle	red	dif	(968, 450)	(632, 450)	hori	left	True	110596	111279	left	(800, 450)	testing
14	ly	f	19	3	circle	green	dif	(800, 618)	(968, 450)	vert	up	True	112910	114094	up	(800, 450)	testing
14	ly	f	19	3	circle	green	same	(800, 618)	(632, 450)	hori	left	True	115565	116351	left	(800, 450)	testing
14	ly	f	19	3	circle	none	same	N_dis	(800, 282)	hori	left	True	117883	118543	left	(800, 450)	testing
14	ly	f	19	3	diamond	none	same	N_dis	(968, 450)	hori	left	True	120090	120991	left	(800, 450)	testing
14	ly	f	19	3	diamond	green	dif	(800, 282)	(632, 450)	vert	up	True	122404	123198	up	(800, 450)	testing
14	ly	f	19	3	circle	none	dif	N_dis	(800, 618)	hori	left	True	124863	125471	left	(800, 450)	testing
14	ly	f	19	3	diamond	red	same	(800, 618)	(632, 450)	vert	up	True	127089	127999	up	(800, 450)	testing
14	ly	f	19	3	circle	green	same	(968, 450)	(632, 450)	vert	up	True	129667	130511	up	(800, 450)	testing
14	ly	f	19	3	circle	red	same	(632, 450)	(968, 450)	hori	left	True	132044	133038	left	(800, 450)	testing
14	ly	f	19	3	diamond	green	dif	(800, 282)	(800, 618)	hori	left	True	134624	135551	left	(800, 450)	testing
14	ly	f	19	3	diamond	none	dif	N_dis	(800, 618)	hori	left	True	136999	137583	left	(800, 450)	testing
14	ly	f	19	3	diamond	none	dif	N_dis	(800, 618)	vert	up	True	138968	139791	up	(800, 450)	testing
14	ly	f	19	3	circle	red	dif	(800, 618)	(968, 450)	hori	left	True	141458	142206	left	(800, 450)	testing
14	ly	f	19	3	diamond	none	same	N_dis	(632, 450)	hori	left	True	143743	144479	left	(800, 450)	testing
14	ly	f	19	3	diamond	none	same	N_dis	(632, 450)	vert	up	True	145926	146703	up	(800, 450)	testing
14	ly	f	19	3	diamond	red	dif	(632, 450)	(800, 282)	hori	left	True	148230	148975	left	(800, 450)	testing
14	ly	f	19	3	circle	green	dif	(632, 450)	(800, 618)	hori	left	True	150568	151535	left	(800, 450)	testing
14	ly	f	19	3	circle	green	same	(800, 282)	(968, 450)	hori	left	True	153136	155054	left	(800, 450)	testing
14	ly	f	19	3	diamond	green	dif	(800, 618)	(968, 450)	vert	up	True	156591	157230	up	(800, 450)	testing
14	ly	f	19	3	diamond	red	dif	(632, 450)	(800, 282)	vert	up	True	158658	159695	up	(800, 450)	testing
14	ly	f	19	3	circle	red	same	(632, 450)	(968, 450)	hori	left	True	161228	161807	left	(800, 450)	testing
14	ly	f	19	3	circle	red	same	(632, 450)	(800, 618)	hori	left	True	163406	164222	left	(800, 450)	testing
14	ly	f	19	3	diamond	red	same	(968, 450)	(800, 282)	vert	up	True	165641	166271	up	(800, 450)	testing
14	ly	f	19	3	circle	green	dif	(800, 282)	(632, 450)	vert	up	True	167930	168847	up	(800, 450)	testing
14	ly	f	19	3	circle	none	dif	N_dis	(968, 450)	hori	left	True	170445	171086	left	(800, 450)	testing
14	ly	f	19	3	diamond	none	dif	N_dis	(968, 450)	hori	left	True	172615	173391	left	(800, 450)	testing
14	ly	f	19	3	circle	red	same	(800, 282)	(800, 618)	hori	left	True	174812	176255	left	(800, 450)	testing
14	ly	f	19	3	diamond	green	same	(800, 282)	(632, 450)	hori	left	True	177898	179647	left	(800, 450)	testing
14	ly	f	19	3	circle	none	same	N_dis	(800, 618)	vert	up	True	181170	182030	up	(800, 450)	testing
14	ly	f	19	3	diamond	green	same	(968, 450)	(800, 282)	vert	up	True	183672	184527	up	(800, 450)	testing
14	ly	f	19	3	diamond	red	same	(968, 450)	(800, 618)	vert	up	True	186086	186959	up	(800, 450)	testing
14	ly	f	19	3	diamond	red	dif	(968, 450)	(800, 282)	vert	up	True	188399	188943	up	(800, 450)	testing
14	ly	f	19	3	diamond	green	same	(800, 282)	(968, 450)	hori	left	True	190437	191166	left	(800, 450)	testing
14	ly	f	19	3	circle	none	dif	N_dis	(968, 450)	vert	up	True	192742	193775	up	(800, 450)	testing
14	ly	f	19	3	circle	green	same	(632, 450)	(800, 282)	hori	left	True	195282	196094	left	(800, 450)	testing
14	ly	f	19	3	circle	red	dif	(800, 618)	(800, 282)	hori	left	True	197665	198367	up	(800, 450)	testing
14	ly	f	19	3	diamond	none	same	N_dis	(632, 450)	vert	up	True	201481	202255	up	(800, 450)	testing
14	ly	f	19	3	circle	none	dif	N_dis	(800, 282)	vert	up	True	203650	204783	up	(800, 450)	testing
14	ly	f	19	3	diamond	green	dif	(800, 618)	(800, 282)	vert	up	True	206422	206975	up	(800, 450)	testing
14	ly	f	19	3	circle	none	same	N_dis	(968, 450)	vert	up	True	208372	209118	up	(800, 450)	testing
14	ly	f	19	3	diamond	none	dif	N_dis	(632, 450)	vert	up	True	210507	211407	up	(800, 450)	testing
14	ly	f	19	3	circle	green	same	(968, 450)	(632, 450)	vert	up	True	212803	214238	up	(800, 450)	testing
14	ly	f	19	3	circle	none	same	N_dis	(800, 282)	vert	up	True	215761	216255	up	(800, 450)	testing
14	ly	f	19	3	circle	none	same	N_dis	(632, 450)	vert	up	True	217858	218543	up	(800, 450)	testing
14	ly	f	19	3	circle	red	dif	(800, 618)	(968, 450)	hori	left	True	220120	221102	left	(800, 450)	testing
14	ly	f	19	3	circle	none	dif	N_dis	(800, 282)	vert	up	True	222734	223871	up	(800, 450)	testing
14	ly	f	19	3	diamond	red	same	(632, 450)	(800, 618)	hori	left	True	225331	226671	left	(800, 450)	testing
14	ly	f	19	3	circle	green	dif	(800, 282)	(968, 450)	hori	left	True	228336	229679	left	(800, 450)	testing
14	ly	f	19	3	circle	green	dif	(800, 282)	(968, 450)	vert	up	True	231139	232190	up	(800, 450)	testing
14	ly	f	19	3	diamond	green	same	(632, 450)	(968, 450)	vert	up	True	233600	235391	up	(800, 450)	testing
14	ly	f	19	3	circle	red	same	(632, 450)	(968, 450)	vert	up	True	237048	239054	up	(800, 450)	testing
14	ly	f	19	3	diamond	green	dif	(968, 450)	(800, 618)	vert	up	True	240498	241599	up	(800, 450)	testing
14	ly	f	19	3	diamond	red	dif	(968, 450)	(800, 282)	vert	up	True	243023	243839	up	(800, 450)	testing
14	ly	f	19	3	circle	red	dif	(800, 282)	(800, 618)	hori	left	True	245291	246126	left	(800, 450)	testing
14	ly	f	19	3	diamond	red	same	(800, 618)	(632, 450)	hori	left	True	247631	248559	left	(800, 450)	testing
14	ly	f	19	3	diamond	green	same	(800, 618)	(800, 282)	vert	up	True	250091	251070	up	(800, 450)	testing
14	ly	f	19	3	diamond	none	same	N_dis	(800, 282)	hori	left	True	252554	253214	up	(800, 450)	testing
14	ly	f	19	3	diamond	red	dif	(968, 450)	(800, 618)	hori	left	True	256330	257166	left	(800, 450)	testing
14	ly	f	19	3	diamond	none	dif	N_dis	(800, 618)	vert	up	True	258749	259471	up	(800, 450)	testing
14	ly	f	19	3	circle	red	dif	(968, 450)	(632, 450)	hori	left	True	260926	261615	left	(800, 450)	testing
14	ly	f	19	3	circle	green	dif	(800, 618)	(968, 450)	vert	up	True	263193	263903	up	(800, 450)	testing
14	ly	f	19	3	circle	green	same	(800, 618)	(632, 450)	vert	up	True	265293	266831	up	(800, 450)	testing
14	ly	f	19	3	circle	none	same	N_dis	(800, 282)	hori	left	True	268418	269038	left	(800, 450)	testing
14	ly	f	19	3	diamond	none	same	N_dis	(968, 450)	vert	up	True	270586	271375	up	(800, 450)	testing
14	ly	f	19	3	diamond	green	dif	(800, 282)	(632, 450)	hori	left	True	272920	273823	left	(800, 450)	testing
14	ly	f	19	3	circle	none	dif	N_dis	(800, 618)	vert	up	True	275247	276062	up	(800, 450)	testing
14	ly	f	19	3	diamond	red	same	(800, 618)	(632, 450)	vert	up	True	277707	278815	up	(800, 450)	testing
14	ly	f	19	3	circle	green	same	(968, 450)	(632, 450)	vert	up	True	280268	281118	up	(800, 450)	testing
14	ly	f	19	3	circle	red	same	(632, 450)	(968, 450)	hori	left	True	282539	283166	left	(800, 450)	testing
14	ly	f	19	3	diamond	green	dif	(800, 282)	(800, 618)	hori	left	True	284643	285583	left	(800, 450)	testing
14	ly	f	19	3	diamond	none	dif	N_dis	(800, 618)	hori	left	True	287151	288030	left	(800, 450)	testing
14	ly	f	19	3	diamond	none	dif	N_dis	(800, 618)	hori	left	True	289461	290303	left	(800, 450)	testing
14	ly	f	19	3	circle	red	dif	(800, 618)	(968, 450)	vert	up	True	291747	292495	up	(800, 450)	testing
14	ly	f	19	3	diamond	none	same	N_dis	(632, 450)	vert	up	True	294127	294799	up	(800, 450)	testing
14	ly	f	19	3	diamond	none	same	N_dis	(632, 450)	hori	left	True	296323	297198	left	(800, 450)	testing
14	ly	f	19	3	diamond	red	dif	(632, 450)	(800, 282)	vert	up	True	298786	299615	up	(800, 450)	testing
14	ly	f	19	3	circle	green	dif	(632, 450)	(800, 618)	vert	up	True	301185	302094	up	(800, 450)	testing
14	ly	f	19	3	circle	green	same	(800, 282)	(968, 450)	vert	up	True	303702	304703	up	(800, 450)	testing
14	ly	f	19	3	diamond	green	dif	(800, 618)	(968, 450)	hori	left	True	306183	307150	left	(800, 450)	testing
14	ly	f	19	3	diamond	red	dif	(632, 450)	(800, 282)	vert	up	True	308538	309359	up	(800, 450)	testing
14	ly	f	19	3	circle	red	same	(632, 450)	(968, 450)	vert	up	True	310848	311503	up	(800, 450)	testing
14	ly	f	19	3	circle	red	same	(632, 450)	(800, 618)	vert	up	True	312991	313583	up	(800, 450)	testing
14	ly	f	19	3	diamond	red	same	(968, 450)	(800, 282)	hori	left	True	315216	316030	left	(800, 450)	testing
14	ly	f	19	3	circle	green	dif	(800, 282)	(632, 450)	vert	up	True	317675	319311	up	(800, 450)	testing
14	ly	f	19	3	circle	none	dif	N_dis	(968, 450)	vert	up	True	320792	321295	up	(800, 450)	testing
14	ly	f	19	3	diamond	none	dif	N_dis	(968, 450)	vert	up	True	322916	323519	up	(800, 450)	testing
14	ly	f	19	3	circle	red	same	(800, 282)	(800, 618)	vert	up	True	325066	326014	up	(800, 450)	testing
14	ly	f	19	3	diamond	green	same	(800, 282)	(632, 450)	hori	left	True	327471	328703	left	(800, 450)	testing
14	ly	f	19	3	circle	none	same	N_dis	(800, 618)	hori	left	True	330306	331230	left	(800, 450)	testing
14	ly	f	19	3	diamond	green	same	(968, 450)	(800, 282)	hori	left	True	332886	333631	left	(800, 450)	testing
14	ly	f	19	3	diamond	red	same	(968, 450)	(800, 618)	vert	up	True	335019	335951	up	(800, 450)	testing
14	ly	f	19	3	diamond	red	dif	(968, 450)	(800, 282)	hori	left	True	337412	338158	left	(800, 450)	testing
14	ly	f	19	3	diamond	green	same	(800, 282)	(968, 450)	hori	left	True	339542	340671	left	(800, 450)	testing
14	ly	f	19	3	circle	none	dif	N_dis	(968, 450)	vert	up	True	342199	342847	up	(800, 450)	testing
14	ly	f	19	3	circle	green	same	(632, 450)	(800, 282)	hori	left	True	344291	345759	left	(800, 450)	testing
14	ly	f	19	3	circle	red	dif	(800, 618)	(800, 282)	hori	left	True	347192	348351	left	(800, 450)	testing
14	ly	f	19	3	diamond	none	same	N_dis	(632, 450)	hori	left	True	349779	350719	left	(800, 450)	testing
14	ly	f	19	3	circle	none	dif	N_dis	(800, 282)	vert	up	True	352383	353567	up	(800, 450)	testing
14	ly	f	19	3	diamond	green	dif	(800, 618)	(800, 282)	vert	up	True	355012	356062	up	(800, 450)	testing
14	ly	f	19	3	circle	none	same	N_dis	(968, 450)	vert	up	True	357522	359022	up	(800, 450)	testing
14	ly	f	19	3	diamond	none	dif	N_dis	(632, 450)	hori	left	True	360544	361503	left	(800, 450)	testing
14	ly	f	19	3	circle	green	same	(968, 450)	(632, 450)	hori	left	True	362991	363695	left	(800, 450)	testing
14	ly	f	19	3	circle	none	same	N_dis	(800, 282)	vert	up	True	365236	365903	up	(800, 450)	testing
14	ly	f	19	3	circle	none	same	N_dis	(632, 450)	vert	up	True	367477	368158	up	(800, 450)	testing
14	ly	f	19	3	circle	red	dif	(800, 618)	(968, 450)	vert	up	True	369553	370110	up	(800, 450)	testing
14	ly	f	19	3	circle	none	dif	N_dis	(800, 282)	vert	up	True	371598	372126	up	(800, 450)	testing
14	ly	f	19	3	diamond	red	same	(632, 450)	(800, 618)	vert	up	True	373650	374783	up	(800, 450)	testing
14	ly	f	19	3	circle	green	dif	(800, 282)	(968, 450)	vert	up	True	376417	377439	up	(800, 450)	testing
14	ly	f	19	3	circle	green	dif	(800, 282)	(968, 450)	vert	up	True	378964	379727	up	(800, 450)	testing
14	ly	f	19	3	diamond	green	same	(632, 450)	(968, 450)	vert	up	True	381197	382399	up	(800, 450)	testing
14	ly	f	19	3	circle	red	same	(632, 450)	(968, 450)	hori	left	True	383971	384607	left	(800, 450)	testing
14	ly	f	19	3	diamond	green	dif	(968, 450)	(800, 618)	vert	up	True	386195	386703	left	(800, 450)	testing
14	ly	f	19	3	diamond	red	dif	(968, 450)	(800, 282)	hori	left	True	389688	390607	left	(800, 450)	testing
14	ly	f	19	3	circle	red	dif	(800, 282)	(800, 618)	hori	left	True	392014	392815	left	(800, 450)	testing
14	ly	f	19	3	diamond	red	same	(800, 618)	(632, 450)	hori	left	True	394407	395439	left	(800, 450)	testing
14	ly	f	19	3	diamond	green	same	(800, 618)	(800, 282)	hori	left	True	397033	397823	left	(800, 450)	testing
14	ly	f	19	3	diamond	none	same	N_dis	(800, 282)	hori	left	True	399296	399903	left	(800, 450)	testing
14	ly	f	19	3	diamond	red	dif	(968, 450)	(800, 618)	hori	left	True	401435	402271	left	(800, 450)	testing
14	ly	f	19	3	diamond	none	dif	N_dis	(800, 618)	vert	up	True	403745	404479	up	(800, 450)	testing
14	ly	f	19	3	circle	red	dif	(968, 450)	(632, 450)	hori	left	True	406021	406799	left	(800, 450)	testing
14	ly	f	19	3	circle	green	dif	(800, 618)	(968, 450)	hori	left	True	408229	409263	left	(800, 450)	testing
14	ly	f	19	3	circle	green	same	(800, 618)	(632, 450)	vert	up	True	410727	411471	up	(800, 450)	testing
14	ly	f	19	3	circle	none	same	N_dis	(800, 282)	hori	left	True	412962	413647	left	(800, 450)	testing
14	ly	f	19	3	diamond	none	same	N_dis	(968, 450)	hori	left	True	415280	416559	left	(800, 450)	testing
14	ly	f	19	3	diamond	green	dif	(800, 282)	(632, 450)	vert	up	True	417961	418943	up	(800, 450)	testing
14	ly	f	19	3	circle	none	dif	N_dis	(800, 618)	hori	left	True	420359	420975	left	(800, 450)	testing
14	ly	f	19	3	diamond	red	same	(800, 618)	(632, 450)	hori	left	True	422361	423583	left	(800, 450)	testing
14	ly	f	19	3	circle	green	same	(968, 450)	(632, 450)	vert	up	True	425096	426687	up	(800, 450)	testing
14	ly	f	19	3	circle	red	same	(632, 450)	(968, 450)	hori	left	True	428104	428687	left	(800, 450)	testing
14	ly	f	19	3	diamond	green	dif	(800, 282)	(800, 618)	hori	left	True	430347	431375	left	(800, 450)	testing
14	ly	f	19	3	diamond	none	dif	N_dis	(800, 618)	vert	up	True	432852	433551	up	(800, 450)	testing
14	ly	f	19	3	diamond	none	dif	N_dis	(800, 618)	hori	left	True	435138	435967	left	(800, 450)	testing
14	ly	f	19	3	circle	red	dif	(800, 618)	(968, 450)	vert	up	True	437538	438303	up	(800, 450)	testing
14	ly	f	19	3	diamond	none	same	N_dis	(632, 450)	vert	up	True	439840	440831	up	(800, 450)	testing
14	ly	f	19	3	diamond	none	same	N_dis	(632, 450)	vert	up	True	442399	443070	up	(800, 450)	testing
14	ly	f	19	3	diamond	red	dif	(632, 450)	(800, 282)	vert	up	True	444692	445791	up	(800, 450)	testing
14	ly	f	19	3	circle	green	dif	(632, 450)	(800, 618)	vert	up	True	447337	448351	up	(800, 450)	testing
14	ly	f	19	3	circle	green	same	(800, 282)	(968, 450)	vert	up	True	449757	450431	up	(800, 450)	testing
14	ly	f	19	3	diamond	green	dif	(800, 618)	(968, 450)	hori	left	True	452087	453263	left	(800, 450)	testing
14	ly	f	19	3	diamond	red	dif	(632, 450)	(800, 282)	hori	left	True	454883	455583	up	(800, 450)	testing
14	ly	f	19	3	circle	red	same	(632, 450)	(968, 450)	vert	up	True	458698	459343	up	(800, 450)	testing
14	ly	f	19	3	circle	red	same	(632, 450)	(800, 618)	hori	left	True	460732	461439	left	(800, 450)	testing
14	ly	f	19	3	diamond	red	same	(968, 450)	(800, 282)	vert	up	True	462881	463711	up	(800, 450)	testing
14	ly	f	19	3	circle	green	dif	(800, 282)	(632, 450)	hori	left	True	465090	466799	left	(800, 450)	testing
14	ly	f	19	3	circle	none	dif	N_dis	(968, 450)	hori	left	True	468363	469247	left	(800, 450)	testing
14	ly	f	19	3	diamond	none	dif	N_dis	(968, 450)	hori	left	True	470703	472639	left	(800, 450)	testing
14	ly	f	19	3	circle	red	same	(800, 282)	(800, 618)	hori	left	True	474254	475054	left	(800, 450)	testing
14	ly	f	19	3	diamond	green	same	(800, 282)	(632, 450)	vert	up	True	476518	477375	up	(800, 450)	testing
14	ly	f	19	3	circle	none	same	N_dis	(800, 618)	vert	up	True	478999	480206	up	(800, 450)	testing
14	ly	f	19	3	diamond	green	same	(968, 450)	(800, 282)	vert	up	True	481843	482607	up	(800, 450)	testing
14	ly	f	19	3	diamond	red	same	(968, 450)	(800, 618)	hori	left	True	483996	484927	left	(800, 450)	testing
14	ly	f	19	3	diamond	red	dif	(968, 450)	(800, 282)	vert	up	True	486337	486975	up	(800, 450)	testing
14	ly	f	19	3	diamond	green	same	(800, 282)	(968, 450)	vert	up	True	488425	489102	up	(800, 450)	testing
14	ly	f	19	3	circle	none	dif	N_dis	(968, 450)	vert	up	True	490517	491054	up	(800, 450)	testing
14	ly	f	19	3	circle	green	same	(632, 450)	(800, 282)	vert	up	True	492625	493359	up	(800, 450)	testing
14	ly	f	19	3	circle	red	dif	(800, 618)	(800, 282)	vert	up	True	494995	495679	up	(800, 450)	testing
14	ly	f	19	3	diamond	none	same	N_dis	(632, 450)	vert	up	True	497318	498014	up	(800, 450)	testing
14	ly	f	19	3	circle	none	dif	N_dis	(800, 282)	hori	left	True	499405	500174	left	(800, 450)	testing
14	ly	f	19	3	diamond	green	dif	(800, 618)	(800, 282)	vert	up	True	501794	502351	up	(800, 450)	testing
14	ly	f	19	3	circle	none	same	N_dis	(968, 450)	vert	up	True	503950	504783	up	(800, 450)	testing
14	ly	f	19	3	diamond	none	dif	N_dis	(632, 450)	hori	left	True	506372	507198	left	(800, 450)	testing
14	ly	f	19	3	circle	green	same	(968, 450)	(632, 450)	vert	up	True	508839	509727	up	(800, 450)	testing
14	ly	f	19	3	circle	none	same	N_dis	(800, 282)	vert	up	True	511214	511871	up	(800, 450)	testing
14	ly	f	19	3	circle	none	same	N_dis	(632, 450)	hori	left	True	513408	513999	left	(800, 450)	testing
14	ly	f	19	3	circle	red	dif	(800, 618)	(968, 450)	vert	up	True	515663	516383	up	(800, 450)	testing
14	ly	f	19	3	circle	none	dif	N_dis	(800, 282)	hori	left	True	518040	518735	left	(800, 450)	testing
14	ly	f	19	3	diamond	red	same	(632, 450)	(800, 618)	hori	left	True	520154	521070	left	(800, 450)	testing
14	ly	f	19	3	circle	green	dif	(800, 282)	(968, 450)	vert	up	True	522681	524062	up	(800, 450)	testing
14	ly	f	19	3	circle	green	dif	(800, 282)	(968, 450)	hori	left	True	525529	526110	left	(800, 450)	testing
14	ly	f	19	3	diamond	green	same	(632, 450)	(968, 450)	hori	left	True	527617	528383	left	(800, 450)	testing
14	ly	f	19	3	circle	red	same	(632, 450)	(968, 450)	vert	up	True	530012	530719	up	(800, 450)	testing
14	ly	f	19	3	diamond	green	dif	(968, 450)	(800, 618)	vert	up	True	532290	533134	up	(800, 450)	testing
14	ly	f	19	3	diamond	red	dif	(968, 450)	(800, 282)	vert	up	True	534761	535375	up	(800, 450)	testing
14	ly	f	19	3	circle	red	dif	(800, 282)	(800, 618)	hori	left	True	536778	537535	left	(800, 450)	testing
14	ly	f	19	3	diamond	red	same	(800, 618)	(632, 450)	hori	left	True	539154	540062	left	(800, 450)	testing
14	ly	f	19	3	diamond	green	same	(800, 618)	(800, 282)	hori	left	True	541506	542078	left	(800, 450)	testing
14	ly	f	19	3	diamond	none	same	N_dis	(800, 282)	hori	left	True	543530	544078	left	(800, 450)	testing
14	ly	f	19	3	diamond	red	dif	(968, 450)	(800, 618)	hori	left	True	545735	546351	left	(800, 450)	testing
14	ly	f	19	3	diamond	none	dif	N_dis	(800, 618)	hori	left	True	547953	548447	left	(800, 450)	testing
14	ly	f	19	3	circle	red	dif	(968, 450)	(632, 450)	hori	left	True	550103	550639	left	(800, 450)	testing
14	ly	f	19	3	circle	green	dif	(800, 618)	(968, 450)	vert	up	True	552075	552831	up	(800, 450)	testing
14	ly	f	19	3	circle	green	same	(800, 618)	(632, 450)	vert	up	True	554446	555535	up	(800, 450)	testing
14	ly	f	19	3	circle	none	same	N_dis	(800, 282)	vert	up	True	557188	557823	up	(800, 450)	testing
14	ly	f	19	3	diamond	none	same	N_dis	(968, 450)	vert	up	True	559414	561182	up	(800, 450)	testing
14	ly	f	19	3	diamond	green	dif	(800, 282)	(632, 450)	vert	up	True	562843	563695	up	(800, 450)	testing
14	ly	f	19	3	circle	none	dif	N_dis	(800, 618)	hori	left	True	565220	565887	left	(800, 450)	testing
14	ly	f	19	3	diamond	red	same	(800, 618)	(632, 450)	vert	up	True	567423	568174	up	(800, 450)	testing
14	ly	f	19	3	circle	green	same	(968, 450)	(632, 450)	vert	up	True	569718	571295	up	(800, 450)	testing
14	ly	f	19	3	circle	red	same	(632, 450)	(968, 450)	hori	left	True	572837	573487	left	(800, 450)	testing
14	ly	f	19	3	diamond	green	dif	(800, 282)	(800, 618)	vert	up	True	574894	575615	up	(800, 450)	testing
14	ly	f	19	3	diamond	none	dif	N_dis	(800, 618)	hori	left	True	577116	577887	left	(800, 450)	testing
14	ly	f	19	3	diamond	none	dif	N_dis	(800, 618)	hori	left	True	579446	580190	left	(800, 450)	testing
14	ly	f	19	3	circle	red	dif	(800, 618)	(968, 450)	vert	up	True	581602	582255	up	(800, 450)	testing
14	ly	f	19	3	diamond	none	same	N_dis	(632, 450)	vert	up	True	583785	584511	up	(800, 450)	testing
14	ly	f	19	3	diamond	none	same	N_dis	(632, 450)	hori	left	True	586133	586751	left	(800, 450)	testing
14	ly	f	19	3	diamond	red	dif	(632, 450)	(800, 282)	vert	up	True	588401	589359	up	(800, 450)	testing
14	ly	f	19	3	circle	green	dif	(632, 450)	(800, 618)	hori	left	True	590962	591855	left	(800, 450)	testing
14	ly	f	19	3	circle	green	same	(800, 282)	(968, 450)	vert	up	True	593343	594110	up	(800, 450)	testing
14	ly	f	19	3	diamond	green	dif	(800, 618)	(968, 450)	vert	up	True	595568	596431	up	(800, 450)	testing
14	ly	f	19	3	diamond	red	dif	(632, 450)	(800, 282)	vert	up	True	597888	598527	up	(800, 450)	testing
14	ly	f	19	3	circle	red	same	(632, 450)	(968, 450)	hori	left	True	599927	600559	up	(800, 450)	testing
14	ly	f	19	3	circle	red	same	(632, 450)	(800, 618)	vert	up	True	603606	604623	up	(800, 450)	testing
14	ly	f	19	3	diamond	red	same	(968, 450)	(800, 282)	hori	left	True	606153	606863	left	(800, 450)	testing
14	ly	f	19	3	circle	green	dif	(800, 282)	(632, 450)	hori	left	True	608441	609343	left	(800, 450)	testing
14	ly	f	19	3	circle	none	dif	N_dis	(968, 450)	vert	up	True	610843	611535	up	(800, 450)	testing
14	ly	f	19	3	diamond	none	dif	N_dis	(968, 450)	hori	left	True	613191	614078	left	(800, 450)	testing
14	ly	f	19	3	circle	red	same	(800, 282)	(800, 618)	hori	left	True	615635	616383	left	(800, 450)	testing
14	ly	f	19	3	diamond	green	same	(800, 282)	(632, 450)	hori	left	True	617896	618655	left	(800, 450)	testing
14	ly	f	19	3	circle	none	same	N_dis	(800, 618)	vert	up	True	620207	621086	up	(800, 450)	testing
14	ly	f	19	3	diamond	green	same	(968, 450)	(800, 282)	hori	left	True	622583	623631	left	(800, 450)	testing
14	ly	f	19	3	diamond	red	same	(968, 450)	(800, 618)	hori	left	True	625294	626030	left	(800, 450)	testing
14	ly	f	19	3	diamond	red	dif	(968, 450)	(800, 282)	hori	left	True	627503	628110	left	(800, 450)	testing
14	ly	f	19	3	diamond	green	same	(800, 282)	(968, 450)	hori	left	True	629693	630511	left	(800, 450)	testing
14	ly	f	19	3	circle	none	dif	N_dis	(968, 450)	vert	up	True	632093	633583	up	(800, 450)	testing
14	ly	f	19	3	circle	green	same	(632, 450)	(800, 282)	vert	up	True	635033	635743	up	(800, 450)	testing
14	ly	f	19	3	circle	red	dif	(800, 618)	(800, 282)	hori	left	True	637362	637951	left	(800, 450)	testing
14	ly	f	19	3	diamond	none	same	N_dis	(632, 450)	vert	up	True	639433	640799	up	(800, 450)	testing
14	ly	f	19	3	circle	none	dif	N_dis	(800, 282)	vert	up	True	642430	643263	up	(800, 450)	testing
14	ly	f	19	3	diamond	green	dif	(800, 618)	(800, 282)	hori	left	True	644837	645519	left	(800, 450)	testing
14	ly	f	19	3	circle	none	same	N_dis	(968, 450)	vert	up	True	646932	647919	up	(800, 450)	testing
14	ly	f	19	3	diamond	none	dif	N_dis	(632, 450)	vert	up	True	649317	650383	up	(800, 450)	testing
14	ly	f	19	3	circle	green	same	(968, 450)	(632, 450)	hori	left	True	651839	653263	left	(800, 450)	testing
14	ly	f	19	3	circle	none	same	N_dis	(800, 282)	hori	left	True	654883	655871	left	(800, 450)	testing
14	ly	f	19	3	circle	none	same	N_dis	(632, 450)	vert	up	True	657382	658255	up	(800, 450)	testing
14	ly	f	19	3	circle	red	dif	(800, 618)	(968, 450)	hori	left	True	659653	660575	left	(800, 450)	testing
14	ly	f	19	3	circle	none	dif	N_dis	(800, 282)	hori	left	True	661993	662911	left	(800, 450)	testing
14	ly	f	19	3	diamond	red	same	(632, 450)	(800, 618)	hori	left	True	664515	665759	left	(800, 450)	testing
14	ly	f	19	3	circle	green	dif	(800, 282)	(968, 450)	hori	left	True	667352	668431	left	(800, 450)	testing
14	ly	f	19	3	circle	green	dif	(800, 282)	(968, 450)	hori	left	True	669906	670447	left	(800, 450)	testing
14	ly	f	19	3	diamond	green	same	(632, 450)	(968, 450)	vert	up	True	671928	672543	up	(800, 450)	testing
14	ly	f	19	3	circle	red	same	(632, 450)	(968, 450)	vert	up	True	673997	674767	up	(800, 450)	testing
14	ly	f	19	3	diamond	green	dif	(968, 450)	(800, 618)	hori	left	True	676202	677439	left	(800, 450)	testing
14	ly	f	19	3	diamond	red	dif	(968, 450)	(800, 282)	vert	up	True	678927	679759	up	(800, 450)	testing
14	ly	f	19	3	circle	red	dif	(800, 282)	(800, 618)	hori	left	True	681306	682479	left	(800, 450)	testing
14	ly	f	19	3	diamond	red	same	(800, 618)	(632, 450)	vert	up	True	683962	685230	up	(800, 450)	testing
14	ly	f	19	3	diamond	green	same	(800, 618)	(800, 282)	hori	left	True	686862	687535	left	(800, 450)	testing
14	ly	f	19	3	diamond	none	same	N_dis	(800, 282)	vert	up	True	689030	689647	up	(800, 450)	testing
14	ly	f	19	3	diamond	red	dif	(968, 450)	(800, 618)	vert	up	True	691187	691983	up	(800, 450)	testing
14	ly	f	19	3	diamond	none	dif	N_dis	(800, 618)	vert	up	True	693578	694174	up	(800, 450)	testing
14	ly	f	19	3	circle	red	dif	(968, 450)	(632, 450)	vert	up	True	695576	696479	up	(800, 450)	testing
14	ly	f	19	3	circle	green	dif	(800, 618)	(968, 450)	vert	up	True	697906	698639	left	(800, 450)	testing
14	ly	f	19	3	circle	green	same	(800, 618)	(632, 450)	hori	left	True	701844	702607	left	(800, 450)	testing
14	ly	f	19	3	circle	none	same	N_dis	(800, 282)	hori	left	True	704160	705022	left	(800, 450)	testing
14	ly	f	19	3	diamond	none	same	N_dis	(968, 450)	vert	up	True	706477	707263	up	(800, 450)	testing
14	ly	f	19	3	diamond	green	dif	(800, 282)	(632, 450)	vert	up	True	708859	709663	up	(800, 450)	testing
14	ly	f	19	3	circle	none	dif	N_dis	(800, 618)	vert	up	True	711277	711999	up	(800, 450)	testing
14	ly	f	19	3	diamond	red	same	(800, 618)	(632, 450)	hori	left	True	713520	714303	left	(800, 450)	testing
14	ly	f	19	3	circle	green	same	(968, 450)	(632, 450)	hori	left	True	715840	716431	left	(800, 450)	testing
14	ly	f	19	3	circle	red	same	(632, 450)	(968, 450)	hori	left	True	718034	718591	left	(800, 450)	testing
14	ly	f	19	3	diamond	green	dif	(800, 282)	(800, 618)	vert	up	True	720171	720927	up	(800, 450)	testing
14	ly	f	19	3	diamond	none	dif	N_dis	(800, 618)	hori	left	True	722511	723279	left	(800, 450)	testing
14	ly	f	19	3	diamond	none	dif	N_dis	(800, 618)	vert	up	True	724870	725471	up	(800, 450)	testing
14	ly	f	19	3	circle	red	dif	(800, 618)	(968, 450)	hori	left	True	727045	727695	left	(800, 450)	testing
14	ly	f	19	3	diamond	none	same	N_dis	(632, 450)	hori	left	True	729315	730222	left	(800, 450)	testing
14	ly	f	19	3	diamond	none	same	N_dis	(632, 450)	hori	left	True	731604	732703	left	(800, 450)	testing
14	ly	f	19	3	diamond	red	dif	(632, 450)	(800, 282)	hori	left	True	734242	735070	left	(800, 450)	testing
14	ly	f	19	3	circle	green	dif	(632, 450)	(800, 618)	hori	left	True	736554	737327	left	(800, 450)	testing
14	ly	f	19	3	circle	green	same	(800, 282)	(968, 450)	vert	up	True	738899	740238	up	(800, 450)	testing
14	ly	f	19	3	diamond	green	dif	(800, 618)	(968, 450)	hori	left	True	741754	742719	left	(800, 450)	testing
14	ly	f	19	3	diamond	red	dif	(632, 450)	(800, 282)	vert	up	True	744104	745182	up	(800, 450)	testing
14	ly	f	19	3	circle	red	same	(632, 450)	(968, 450)	vert	up	True	746831	747551	up	(800, 450)	testing
conf	14	ly	f	19	3	7	5	1	space	None	None	None	None	None	None	True	794488	802959	2
