subj	name	gender	age	runNum	shape	dist	td_dif	d_loc	t_loc	resp	resp_key	gotKey	startTime	respTime	resp	fix_loc	prac
15	cx	f	19	1	diamond	red	same	(632, 450)	(968, 450)	vert	up	True	74060	75171	up	(800, 450)	practice
15	cx	f	19	1	circle	red	dif	(632, 450)	(800, 282)	hori	left	True	76639	77971	left	(800, 450)	practice
15	cx	f	19	1	circle	none	same	N_dis	(800, 282)	vert	up	True	79408	80707	up	(800, 450)	practice
15	cx	f	19	1	diamond	green	dif	(632, 450)	(800, 618)	hori	left	True	82113	84019	left	(800, 450)	practice
15	cx	f	19	1	circle	green	dif	(632, 450)	(968, 450)	vert	up	True	85486	86835	up	(800, 450)	practice
15	cx	f	19	1	circle	none	dif	N_dis	(632, 450)	hori	left	True	88254	89859	left	(800, 450)	practice
15	cx	f	19	1	diamond	none	dif	N_dis	(968, 450)	vert	up	True	91318	93139	up	(800, 450)	practice
15	cx	f	19	1	diamond	red	dif	(632, 450)	(800, 282)	hori	left	True	94655	96067	up	(800, 450)	practice
15	cx	f	19	1	circle	green	dif	(632, 450)	(800, 618)	vert	up	True	99209	100787	up	(800, 450)	practice
15	cx	f	19	1	circle	red	same	(632, 450)	(968, 450)	hori	left	True	102309	103603	left	(800, 450)	practice
15	cx	f	19	1	diamond	none	same	N_dis	(800, 282)	vert	up	True	105167	106755	up	(800, 450)	practice
15	cx	f	19	1	diamond	green	dif	(632, 450)	(800, 282)	vert	up	True	108376	109475	left	(800, 450)	practice
15	cx	f	19	1	circle	green	same	(632, 450)	(800, 618)	hori	left	True	112577	113971	up	(800, 450)	practice
15	cx	f	19	1	diamond	none	same	N_dis	(800, 282)	vert	up	True	116877	118835	up	(800, 450)	practice
15	cx	f	19	1	circle	red	dif	(632, 450)	(968, 450)	vert	up	True	120290	121523	up	(800, 450)	practice
15	cx	f	19	1	circle	red	dif	(632, 450)	(800, 282)	hori	left	True	123075	124403	up	(800, 450)	practice
15	cx	f	19	1	diamond	green	dif	(632, 450)	(800, 618)	vert	up	True	127530	129011	up	(800, 450)	practice
15	cx	f	19	1	diamond	none	dif	N_dis	(800, 618)	hori	left	True	130510	131827	left	(800, 450)	practice
15	cx	f	19	1	circle	none	same	N_dis	(800, 282)	vert	up	True	133476	135187	up	(800, 450)	practice
15	cx	f	19	1	diamond	green	same	(632, 450)	(968, 450)	hori	left	True	136703	138547	left	(800, 450)	practice
15	cx	f	19	1	diamond	green	dif	(632, 450)	(800, 282)	vert	up	True	140063	141059	up	(800, 450)	practice
15	cx	f	19	1	circle	green	dif	(632, 450)	(800, 618)	hori	left	True	142513	144051	left	(800, 450)	practice
15	cx	f	19	1	diamond	green	dif	(632, 450)	(968, 450)	hori	left	True	145595	147315	up	(800, 450)	practice
15	cx	f	19	1	circle	none	dif	N_dis	(800, 618)	hori	left	True	150370	151491	left	(800, 450)	practice
15	cx	f	19	1	diamond	red	dif	(632, 450)	(800, 282)	vert	up	True	152882	153875	up	(800, 450)	practice
15	cx	f	19	1	circle	red	same	(632, 450)	(800, 618)	hori	left	True	155523	156547	left	(800, 450)	practice
15	cx	f	19	1	circle	red	dif	(632, 450)	(968, 450)	hori	left	True	158071	159571	left	(800, 450)	practice
15	cx	f	19	1	diamond	red	same	(632, 450)	(800, 282)	vert	up	True	161034	162371	up	(800, 450)	practice
15	cx	f	19	1	circle	green	same	(632, 450)	(800, 618)	hori	left	True	163731	164979	left	(800, 450)	practice
15	cx	f	19	1	circle	none	dif	N_dis	(632, 450)	hori	left	True	166573	168131	up	(800, 450)	practice
15	cx	f	19	1	circle	none	dif	N_dis	(800, 282)	vert	up	True	171072	172819	up	(800, 450)	practice
15	cx	f	19	1	diamond	green	same	(632, 450)	(968, 450)	hori	left	True	174446	175603	left	(800, 450)	practice
15	cx	f	19	1	diamond	none	same	N_dis	(800, 282)	vert	up	True	177062	178563	up	(800, 450)	practice
15	cx	f	19	1	diamond	red	same	(632, 450)	(800, 282)	hori	left	True	180104	181587	left	(800, 450)	practice
15	cx	f	19	1	circle	none	same	N_dis	(632, 450)	hori	left	True	183103	184675	left	(800, 450)	practice
15	cx	f	19	1	diamond	red	same	(632, 450)	(800, 618)	hori	left	True	186289	187811	left	(800, 450)	practice
15	cx	f	19	1	circle	none	same	N_dis	(968, 450)	hori	left	True	189347	192179	left	(800, 450)	practice
15	cx	f	19	1	diamond	red	same	(632, 450)	(968, 450)	hori	left	True	193662	195475	left	(800, 450)	practice
15	cx	f	19	1	circle	green	dif	(632, 450)	(800, 282)	vert	up	True	197013	198467	up	(800, 450)	practice
15	cx	f	19	1	circle	none	same	N_dis	(800, 618)	vert	up	True	199915	202579	up	(800, 450)	practice
15	cx	f	19	1	diamond	green	dif	(968, 450)	(800, 618)	hori	left	True	207763	209427	left	(800, 450)	testing
15	cx	f	19	1	diamond	green	dif	(800, 618)	(632, 450)	vert	up	True	211030	212611	up	(800, 450)	testing
15	cx	f	19	1	diamond	none	same	N_dis	(800, 618)	vert	up	True	214259	215651	up	(800, 450)	testing
15	cx	f	19	1	diamond	none	dif	N_dis	(968, 450)	hori	left	True	217244	218723	left	(800, 450)	testing
15	cx	f	19	1	circle	none	dif	N_dis	(632, 450)	vert	up	True	220220	221219	up	(800, 450)	testing
15	cx	f	19	1	diamond	none	same	N_dis	(632, 450)	hori	left	True	222723	223651	left	(800, 450)	testing
15	cx	f	19	1	diamond	red	dif	(632, 450)	(800, 282)	vert	up	True	225265	226819	up	(800, 450)	testing
15	cx	f	19	1	circle	red	same	(632, 450)	(968, 450)	hori	left	True	228321	229587	left	(800, 450)	testing
15	cx	f	19	1	circle	red	same	(632, 450)	(968, 450)	vert	up	True	231191	233043	up	(800, 450)	testing
15	cx	f	19	1	circle	red	dif	(968, 450)	(800, 618)	vert	up	True	234651	236819	up	(800, 450)	testing
15	cx	f	19	1	diamond	green	same	(800, 618)	(800, 282)	vert	up	True	238217	239571	up	(800, 450)	testing
15	cx	f	19	1	diamond	red	same	(800, 282)	(800, 618)	vert	up	True	241173	243043	up	(800, 450)	testing
15	cx	f	19	1	circle	red	same	(968, 450)	(632, 450)	hori	left	True	244439	245795	left	(800, 450)	testing
15	cx	f	19	1	circle	green	dif	(800, 282)	(800, 618)	hori	left	True	247266	248371	left	(800, 450)	testing
15	cx	f	19	1	diamond	red	same	(800, 618)	(632, 450)	vert	up	True	250008	251539	up	(800, 450)	testing
15	cx	f	19	1	circle	red	dif	(968, 450)	(800, 618)	vert	up	True	253182	254995	up	(800, 450)	testing
15	cx	f	19	1	circle	none	same	N_dis	(800, 618)	vert	up	True	256470	257523	up	(800, 450)	testing
15	cx	f	19	1	diamond	green	dif	(800, 282)	(632, 450)	vert	up	True	259012	260499	up	(800, 450)	testing
15	cx	f	19	1	diamond	green	dif	(800, 618)	(632, 450)	vert	up	True	261867	263155	up	(800, 450)	testing
15	cx	f	19	1	circle	red	same	(968, 450)	(632, 450)	vert	up	True	264563	266067	up	(800, 450)	testing
15	cx	f	19	1	diamond	green	dif	(800, 618)	(800, 282)	hori	left	True	267508	268995	left	(800, 450)	testing
15	cx	f	19	1	circle	none	same	N_dis	(968, 450)	hori	left	True	270619	273235	left	(800, 450)	testing
15	cx	f	19	1	diamond	red	dif	(632, 450)	(800, 282)	vert	up	True	274807	276371	up	(800, 450)	testing
15	cx	f	19	1	circle	red	dif	(800, 618)	(968, 450)	vert	up	True	277764	280643	up	(800, 450)	testing
15	cx	f	19	1	circle	red	dif	(800, 282)	(800, 618)	vert	up	True	282197	284307	up	(800, 450)	testing
15	cx	f	19	1	circle	red	same	(800, 282)	(968, 450)	hori	left	True	285695	287187	left	(800, 450)	testing
15	cx	f	19	1	diamond	none	same	N_dis	(800, 618)	vert	up	True	288813	290419	up	(800, 450)	testing
15	cx	f	19	1	circle	red	same	(800, 618)	(800, 282)	hori	left	True	291822	293491	up	(800, 450)	testing
15	cx	f	19	1	diamond	green	same	(632, 450)	(800, 618)	hori	left	True	296350	297939	left	(800, 450)	testing
15	cx	f	19	1	diamond	green	dif	(632, 450)	(800, 282)	vert	up	True	299453	300883	up	(800, 450)	testing
15	cx	f	19	1	circle	green	same	(632, 450)	(800, 618)	vert	up	True	302379	304099	up	(800, 450)	testing
15	cx	f	19	1	circle	none	dif	N_dis	(632, 450)	hori	left	True	305537	307379	left	(800, 450)	testing
15	cx	f	19	1	circle	red	dif	(800, 282)	(968, 450)	hori	left	True	308900	310371	left	(800, 450)	testing
15	cx	f	19	1	diamond	red	same	(800, 282)	(800, 618)	vert	up	True	312024	314147	up	(800, 450)	testing
15	cx	f	19	1	circle	green	dif	(800, 618)	(968, 450)	vert	up	True	315563	317155	up	(800, 450)	testing
15	cx	f	19	1	circle	none	same	N_dis	(968, 450)	vert	up	True	318528	319571	up	(800, 450)	testing
15	cx	f	19	1	circle	red	dif	(632, 450)	(968, 450)	vert	up	True	321171	322195	up	(800, 450)	testing
15	cx	f	19	1	circle	green	same	(800, 282)	(968, 450)	vert	up	True	323808	326563	up	(800, 450)	testing
15	cx	f	19	1	diamond	red	same	(800, 282)	(968, 450)	vert	up	True	328164	330339	up	(800, 450)	testing
15	cx	f	19	1	circle	green	dif	(632, 450)	(800, 618)	hori	left	True	331992	333411	left	(800, 450)	testing
15	cx	f	19	1	circle	red	dif	(632, 450)	(968, 450)	hori	left	True	334797	336403	left	(800, 450)	testing
15	cx	f	19	1	circle	none	same	N_dis	(800, 282)	vert	up	True	337862	339603	up	(800, 450)	testing
15	cx	f	19	1	diamond	green	same	(632, 450)	(968, 450)	hori	left	True	341164	343267	left	(800, 450)	testing
15	cx	f	19	1	circle	green	same	(800, 618)	(800, 282)	hori	left	True	344755	346451	up	(800, 450)	testing
15	cx	f	19	1	diamond	red	dif	(632, 450)	(968, 450)	vert	up	True	349475	351875	up	(800, 450)	testing
15	cx	f	19	1	circle	none	same	N_dis	(800, 618)	vert	up	True	353320	355187	up	(800, 450)	testing
15	cx	f	19	1	diamond	green	dif	(968, 450)	(800, 618)	vert	up	True	356803	358899	up	(800, 450)	testing
15	cx	f	19	1	diamond	green	same	(632, 450)	(800, 618)	hori	left	True	360513	362659	left	(800, 450)	testing
15	cx	f	19	1	circle	green	same	(632, 450)	(800, 282)	hori	left	True	364237	366547	up	(800, 450)	testing
15	cx	f	19	1	diamond	red	dif	(968, 450)	(800, 282)	vert	up	True	369427	371571	up	(800, 450)	testing
15	cx	f	19	1	circle	green	same	(800, 618)	(968, 450)	hori	left	True	373076	374931	left	(800, 450)	testing
15	cx	f	19	1	diamond	none	dif	N_dis	(800, 618)	vert	up	True	376450	378387	up	(800, 450)	testing
15	cx	f	19	1	circle	none	dif	N_dis	(968, 450)	hori	left	True	380037	381379	left	(800, 450)	testing
15	cx	f	19	1	circle	red	dif	(632, 450)	(800, 618)	vert	up	True	382963	384291	up	(800, 450)	testing
15	cx	f	19	1	diamond	green	same	(632, 450)	(800, 618)	hori	left	True	385813	388035	left	(800, 450)	testing
15	cx	f	19	1	diamond	green	same	(632, 450)	(968, 450)	vert	up	True	389594	390627	up	(800, 450)	testing
15	cx	f	19	1	diamond	green	same	(632, 450)	(968, 450)	vert	up	True	392126	393091	up	(800, 450)	testing
15	cx	f	19	1	circle	red	same	(632, 450)	(800, 618)	hori	left	True	394530	395603	left	(800, 450)	testing
15	cx	f	19	1	circle	none	same	N_dis	(800, 282)	hori	left	True	396994	397875	left	(800, 450)	testing
15	cx	f	19	1	circle	none	same	N_dis	(968, 450)	vert	up	True	399359	400979	up	(800, 450)	testing
15	cx	f	19	1	circle	none	dif	N_dis	(800, 282)	hori	left	True	402568	403571	left	(800, 450)	testing
15	cx	f	19	1	diamond	none	dif	N_dis	(968, 450)	hori	left	True	404950	405987	left	(800, 450)	testing
15	cx	f	19	1	circle	green	same	(632, 450)	(800, 618)	hori	left	True	407588	409859	left	(800, 450)	testing
15	cx	f	19	1	diamond	red	same	(632, 450)	(968, 450)	hori	left	True	411257	412707	left	(800, 450)	testing
15	cx	f	19	1	diamond	red	dif	(632, 450)	(968, 450)	hori	left	True	414220	415651	left	(800, 450)	testing
15	cx	f	19	1	circle	green	dif	(800, 618)	(632, 450)	hori	left	True	417173	419299	left	(800, 450)	testing
15	cx	f	19	1	diamond	none	same	N_dis	(800, 282)	hori	left	True	420931	422419	left	(800, 450)	testing
15	cx	f	19	1	circle	none	dif	N_dis	(800, 618)	hori	left	True	424019	426435	up	(800, 450)	testing
15	cx	f	19	1	diamond	red	dif	(968, 450)	(632, 450)	vert	up	True	429356	431171	up	(800, 450)	testing
15	cx	f	19	1	diamond	red	same	(800, 618)	(968, 450)	hori	left	True	432734	434243	left	(800, 450)	testing
15	cx	f	19	1	diamond	none	same	N_dis	(800, 618)	vert	up	True	435693	436835	up	(800, 450)	testing
15	cx	f	19	1	diamond	none	same	N_dis	(968, 450)	vert	up	True	438339	439539	left	(800, 450)	testing
15	cx	f	19	1	circle	none	same	N_dis	(632, 450)	vert	up	True	442530	444163	up	(800, 450)	testing
15	cx	f	19	1	diamond	red	same	(968, 450)	(632, 450)	vert	up	True	445658	447379	up	(800, 450)	testing
15	cx	f	19	1	circle	none	dif	N_dis	(632, 450)	vert	up	True	448872	450627	up	(800, 450)	testing
15	cx	f	19	1	circle	green	same	(800, 618)	(800, 282)	hori	left	True	452152	453571	left	(800, 450)	testing
15	cx	f	19	1	circle	green	same	(968, 450)	(632, 450)	hori	left	True	454954	456067	left	(800, 450)	testing
15	cx	f	19	1	circle	green	dif	(968, 450)	(800, 618)	hori	left	True	457620	459331	left	(800, 450)	testing
15	cx	f	19	1	diamond	none	same	N_dis	(632, 450)	hori	left	True	460714	462035	left	(800, 450)	testing
15	cx	f	19	1	diamond	red	same	(800, 282)	(632, 450)	vert	up	True	463513	465683	up	(800, 450)	testing
15	cx	f	19	1	circle	red	dif	(800, 282)	(968, 450)	vert	up	True	467117	469331	up	(800, 450)	testing
15	cx	f	19	1	diamond	none	dif	N_dis	(800, 618)	vert	up	True	470768	472355	up	(800, 450)	testing
15	cx	f	19	1	circle	green	dif	(632, 450)	(800, 618)	hori	left	True	473762	475091	left	(800, 450)	testing
15	cx	f	19	1	circle	red	dif	(800, 282)	(968, 450)	hori	left	True	476689	477923	left	(800, 450)	testing
15	cx	f	19	1	diamond	red	same	(800, 618)	(632, 450)	vert	up	True	479554	481491	up	(800, 450)	testing
15	cx	f	19	1	circle	green	dif	(968, 450)	(632, 450)	hori	left	True	482863	484707	left	(800, 450)	testing
15	cx	f	19	1	diamond	green	same	(632, 450)	(800, 282)	vert	up	True	486060	487443	up	(800, 450)	testing
15	cx	f	19	1	circle	red	same	(632, 450)	(968, 450)	hori	left	True	488856	490067	left	(800, 450)	testing
15	cx	f	19	1	diamond	none	same	N_dis	(968, 450)	vert	up	True	491454	492499	up	(800, 450)	testing
15	cx	f	19	1	circle	green	dif	(632, 450)	(968, 450)	vert	up	True	494148	496099	left	(800, 450)	testing
15	cx	f	19	1	circle	none	dif	N_dis	(800, 618)	hori	left	True	499124	500467	left	(800, 450)	testing
15	cx	f	19	1	circle	red	same	(632, 450)	(968, 450)	vert	up	True	501898	503427	up	(800, 450)	testing
15	cx	f	19	1	diamond	none	same	N_dis	(800, 282)	hori	left	True	504944	505875	left	(800, 450)	testing
15	cx	f	19	1	diamond	none	same	N_dis	(968, 450)	hori	left	True	507239	508275	left	(800, 450)	testing
15	cx	f	19	1	diamond	red	dif	(632, 450)	(968, 450)	vert	up	True	509642	510499	up	(800, 450)	testing
15	cx	f	19	1	circle	green	dif	(968, 450)	(632, 450)	hori	left	False	511903	None	None	(800, 450)	testing
15	cx	f	19	1	diamond	red	same	(632, 450)	(800, 282)	hori	left	True	517807	519203	left	(800, 450)	testing
15	cx	f	19	1	diamond	none	same	N_dis	(800, 618)	hori	left	True	520584	521587	left	(800, 450)	testing
15	cx	f	19	1	circle	green	same	(632, 450)	(968, 450)	vert	up	True	523145	525251	up	(800, 450)	testing
15	cx	f	19	1	diamond	green	dif	(968, 450)	(800, 282)	vert	up	True	526805	528339	up	(800, 450)	testing
15	cx	f	19	1	diamond	green	same	(632, 450)	(968, 450)	hori	left	True	529926	531043	left	(800, 450)	testing
15	cx	f	19	1	circle	none	dif	N_dis	(800, 618)	hori	left	True	532566	533603	left	(800, 450)	testing
15	cx	f	19	1	circle	none	dif	N_dis	(632, 450)	hori	left	True	535193	537139	left	(800, 450)	testing
15	cx	f	19	1	circle	green	same	(968, 450)	(632, 450)	vert	up	True	538784	540627	up	(800, 450)	testing
15	cx	f	19	1	diamond	none	same	N_dis	(800, 282)	hori	left	True	542070	543155	left	(800, 450)	testing
15	cx	f	19	1	diamond	green	dif	(800, 282)	(968, 450)	hori	left	True	544532	546483	left	(800, 450)	testing
15	cx	f	19	1	circle	red	dif	(632, 450)	(800, 282)	vert	up	True	548025	549939	up	(800, 450)	testing
15	cx	f	19	1	diamond	none	dif	N_dis	(632, 450)	vert	up	True	551403	552675	up	(800, 450)	testing
15	cx	f	19	1	circle	red	dif	(968, 450)	(800, 282)	vert	up	True	554181	555731	up	(800, 450)	testing
15	cx	f	19	1	diamond	red	same	(800, 618)	(800, 282)	hori	left	True	557195	558755	left	(800, 450)	testing
15	cx	f	19	1	circle	green	same	(632, 450)	(968, 450)	vert	up	True	560306	562179	up	(800, 450)	testing
15	cx	f	19	1	diamond	none	dif	N_dis	(632, 450)	hori	left	True	563591	564883	left	(800, 450)	testing
15	cx	f	19	1	diamond	red	same	(632, 450)	(800, 618)	hori	left	True	566456	567603	left	(800, 450)	testing
15	cx	f	19	1	circle	none	same	N_dis	(800, 618)	vert	up	True	569108	571859	up	(800, 450)	testing
15	cx	f	19	1	diamond	green	same	(632, 450)	(968, 450)	vert	up	True	573297	575011	up	(800, 450)	testing
15	cx	f	19	1	circle	red	same	(968, 450)	(800, 618)	hori	left	True	576505	578083	left	(800, 450)	testing
15	cx	f	19	1	diamond	red	same	(632, 450)	(800, 282)	hori	left	True	579720	581475	left	(800, 450)	testing
15	cx	f	19	1	circle	red	dif	(800, 618)	(968, 450)	hori	left	True	583036	584611	left	(800, 450)	testing
15	cx	f	19	1	circle	none	dif	N_dis	(632, 450)	hori	left	True	586077	587363	left	(800, 450)	testing
15	cx	f	19	1	diamond	green	dif	(800, 618)	(632, 450)	vert	up	True	588931	590419	up	(800, 450)	testing
15	cx	f	19	1	diamond	green	dif	(632, 450)	(800, 282)	hori	left	True	591916	593171	left	(800, 450)	testing
15	cx	f	19	1	circle	none	dif	N_dis	(632, 450)	vert	up	True	594585	596035	up	(800, 450)	testing
15	cx	f	19	1	circle	none	same	N_dis	(968, 450)	hori	left	True	597548	598499	left	(800, 450)	testing
15	cx	f	19	1	circle	red	same	(632, 450)	(968, 450)	vert	up	True	600146	601523	up	(800, 450)	testing
15	cx	f	19	1	diamond	green	same	(800, 282)	(800, 618)	vert	up	True	603119	604675	up	(800, 450)	testing
15	cx	f	19	1	diamond	none	same	N_dis	(800, 282)	vert	up	True	606090	607491	up	(800, 450)	testing
15	cx	f	19	1	diamond	none	dif	N_dis	(968, 450)	vert	up	True	608951	610259	up	(800, 450)	testing
15	cx	f	19	1	circle	green	same	(800, 282)	(632, 450)	hori	left	True	611674	612931	up	(800, 450)	testing
15	cx	f	19	1	circle	none	same	N_dis	(800, 282)	hori	left	True	616033	617491	left	(800, 450)	testing
15	cx	f	19	1	circle	none	same	N_dis	(800, 282)	vert	up	True	618937	621795	up	(800, 450)	testing
15	cx	f	19	1	circle	green	same	(800, 618)	(968, 450)	vert	up	True	623182	624515	left	(800, 450)	testing
15	cx	f	19	1	diamond	none	dif	N_dis	(800, 618)	hori	left	True	627398	629443	left	(800, 450)	testing
15	cx	f	19	1	circle	none	same	N_dis	(632, 450)	hori	left	True	630999	632259	left	(800, 450)	testing
15	cx	f	19	1	diamond	red	same	(800, 282)	(800, 618)	hori	left	True	633649	634963	left	(800, 450)	testing
15	cx	f	19	1	diamond	none	dif	N_dis	(968, 450)	vert	up	True	636467	637539	up	(800, 450)	testing
15	cx	f	19	1	circle	none	dif	N_dis	(800, 282)	hori	left	True	639037	640819	left	(800, 450)	testing
15	cx	f	19	1	diamond	green	same	(800, 282)	(632, 450)	vert	up	True	642364	644211	up	(800, 450)	testing
15	cx	f	19	1	circle	red	same	(800, 618)	(800, 282)	vert	up	True	645630	647507	up	(800, 450)	testing
15	cx	f	19	1	diamond	none	dif	N_dis	(800, 618)	hori	left	True	648936	649875	left	(800, 450)	testing
15	cx	f	19	1	circle	red	same	(968, 450)	(800, 618)	hori	left	True	651353	652947	left	(800, 450)	testing
15	cx	f	19	1	circle	none	same	N_dis	(800, 282)	vert	up	True	654508	655683	up	(800, 450)	testing
15	cx	f	19	1	circle	none	same	N_dis	(632, 450)	hori	left	True	657253	658563	left	(800, 450)	testing
15	cx	f	19	1	circle	green	dif	(632, 450)	(800, 282)	vert	up	True	659976	661043	up	(800, 450)	testing
15	cx	f	19	1	diamond	green	dif	(632, 450)	(968, 450)	vert	up	True	662640	664771	up	(800, 450)	testing
15	cx	f	19	1	circle	red	same	(800, 618)	(632, 450)	vert	up	True	666265	667571	up	(800, 450)	testing
15	cx	f	19	1	circle	none	same	N_dis	(968, 450)	vert	up	True	669224	671235	up	(800, 450)	testing
15	cx	f	19	1	diamond	red	same	(800, 618)	(800, 282)	hori	left	True	672716	674339	left	(800, 450)	testing
15	cx	f	19	1	circle	green	dif	(800, 618)	(800, 282)	hori	left	True	675915	677619	left	(800, 450)	testing
15	cx	f	19	1	circle	green	same	(968, 450)	(800, 618)	hori	left	True	679017	680387	left	(800, 450)	testing
15	cx	f	19	1	circle	red	dif	(800, 282)	(632, 450)	vert	up	True	681952	682995	up	(800, 450)	testing
15	cx	f	19	1	diamond	green	same	(968, 450)	(800, 282)	vert	up	True	684586	685747	up	(800, 450)	testing
15	cx	f	19	1	diamond	none	same	N_dis	(800, 282)	vert	up	True	687220	689443	up	(800, 450)	testing
15	cx	f	19	1	circle	green	dif	(968, 450)	(800, 282)	vert	up	True	691031	692483	up	(800, 450)	testing
15	cx	f	19	1	circle	red	dif	(632, 450)	(800, 282)	hori	left	True	693883	695395	left	(800, 450)	testing
15	cx	f	19	1	circle	green	dif	(800, 618)	(632, 450)	hori	left	True	696950	698227	left	(800, 450)	testing
15	cx	f	19	1	diamond	none	dif	N_dis	(968, 450)	hori	left	True	699689	700771	left	(800, 450)	testing
15	cx	f	19	1	diamond	none	dif	N_dis	(800, 282)	hori	left	True	702133	703155	left	(800, 450)	testing
15	cx	f	19	1	circle	none	same	N_dis	(968, 450)	hori	left	True	704509	705571	left	(800, 450)	testing
15	cx	f	19	1	diamond	red	same	(800, 282)	(800, 618)	vert	up	True	706941	709459	up	(800, 450)	testing
15	cx	f	19	1	diamond	none	dif	N_dis	(632, 450)	hori	left	True	710934	712771	left	(800, 450)	testing
15	cx	f	19	1	circle	red	dif	(968, 450)	(800, 618)	vert	up	True	714135	715299	up	(800, 450)	testing
15	cx	f	19	1	circle	green	same	(632, 450)	(800, 282)	vert	up	True	716745	718115	up	(800, 450)	testing
15	cx	f	19	1	circle	none	same	N_dis	(800, 618)	vert	up	True	719525	721299	up	(800, 450)	testing
15	cx	f	19	1	diamond	red	same	(968, 450)	(632, 450)	vert	up	True	722855	724819	up	(800, 450)	testing
15	cx	f	19	1	diamond	none	same	N_dis	(800, 282)	hori	left	True	726462	727731	left	(800, 450)	testing
15	cx	f	19	1	diamond	green	same	(800, 282)	(968, 450)	vert	up	True	729191	730579	up	(800, 450)	testing
15	cx	f	19	1	circle	none	dif	N_dis	(968, 450)	vert	up	True	732111	733571	up	(800, 450)	testing
15	cx	f	19	1	diamond	red	dif	(632, 450)	(800, 618)	vert	up	True	735020	736307	up	(800, 450)	testing
15	cx	f	19	1	diamond	none	same	N_dis	(632, 450)	hori	left	True	737764	739203	left	(800, 450)	testing
15	cx	f	19	1	circle	green	same	(632, 450)	(968, 450)	hori	left	True	740832	741843	left	(800, 450)	testing
15	cx	f	19	1	diamond	none	same	N_dis	(800, 282)	hori	left	True	743466	744883	left	(800, 450)	testing
15	cx	f	19	1	circle	none	dif	N_dis	(968, 450)	vert	up	True	746281	748707	up	(800, 450)	testing
15	cx	f	19	1	circle	none	dif	N_dis	(968, 450)	vert	up	True	750317	751699	up	(800, 450)	testing
15	cx	f	19	1	diamond	green	dif	(632, 450)	(800, 618)	vert	up	True	753198	755011	up	(800, 450)	testing
15	cx	f	19	1	diamond	red	dif	(632, 450)	(800, 282)	vert	up	True	756382	758259	up	(800, 450)	testing
15	cx	f	19	1	diamond	red	dif	(968, 450)	(800, 282)	vert	up	True	759614	760803	up	(800, 450)	testing
15	cx	f	19	1	circle	green	dif	(968, 450)	(800, 282)	hori	left	True	762365	763731	left	(800, 450)	testing
15	cx	f	19	1	circle	red	dif	(968, 450)	(800, 618)	vert	up	True	765221	766627	up	(800, 450)	testing
15	cx	f	19	1	diamond	red	same	(968, 450)	(800, 282)	vert	up	True	768275	770723	up	(800, 450)	testing
15	cx	f	19	1	circle	red	dif	(632, 450)	(800, 282)	vert	up	True	772135	773827	up	(800, 450)	testing
15	cx	f	19	1	diamond	none	dif	N_dis	(800, 618)	vert	up	True	775361	777219	up	(800, 450)	testing
15	cx	f	19	1	circle	none	dif	N_dis	(800, 618)	vert	up	True	778601	780419	up	(800, 450)	testing
15	cx	f	19	1	diamond	green	same	(800, 282)	(632, 450)	hori	left	True	781850	783683	left	(800, 450)	testing
15	cx	f	19	1	diamond	red	dif	(800, 618)	(968, 450)	vert	up	True	785115	786451	up	(800, 450)	testing
15	cx	f	19	1	circle	red	same	(800, 282)	(632, 450)	vert	up	True	788058	789395	up	(800, 450)	testing
15	cx	f	19	1	diamond	none	same	N_dis	(632, 450)	vert	up	True	790947	792499	up	(800, 450)	testing
15	cx	f	19	1	diamond	red	dif	(968, 450)	(800, 618)	vert	up	True	793965	795075	up	(800, 450)	testing
15	cx	f	19	1	diamond	green	same	(632, 450)	(968, 450)	vert	up	True	796479	798723	up	(800, 450)	testing
15	cx	f	19	1	diamond	green	dif	(800, 618)	(968, 450)	vert	up	True	800160	801571	up	(800, 450)	testing
15	cx	f	19	1	circle	red	same	(800, 282)	(800, 618)	hori	left	True	803166	804707	left	(800, 450)	testing
15	cx	f	19	1	diamond	green	dif	(800, 282)	(968, 450)	hori	left	True	806205	807491	left	(800, 450)	testing
15	cx	f	19	1	diamond	red	dif	(800, 618)	(968, 450)	vert	up	True	808898	810931	up	(800, 450)	testing
15	cx	f	19	1	circle	none	same	N_dis	(632, 450)	vert	up	True	812577	814787	up	(800, 450)	testing
15	cx	f	19	1	circle	none	dif	N_dis	(968, 450)	vert	up	True	816209	817395	up	(800, 450)	testing
15	cx	f	19	1	circle	red	same	(800, 618)	(968, 450)	vert	up	True	818771	820179	up	(800, 450)	testing
15	cx	f	19	1	diamond	none	dif	N_dis	(800, 282)	hori	left	True	821642	823091	left	(800, 450)	testing
15	cx	f	19	1	circle	none	dif	N_dis	(632, 450)	vert	up	True	824734	825923	up	(800, 450)	testing
15	cx	f	19	1	diamond	red	same	(632, 450)	(968, 450)	vert	up	True	827501	828755	up	(800, 450)	testing
15	cx	f	19	1	diamond	none	dif	N_dis	(800, 282)	vert	up	True	830214	831075	up	(800, 450)	testing
15	cx	f	19	1	circle	none	same	N_dis	(800, 282)	vert	up	True	832549	833795	up	(800, 450)	testing
15	cx	f	19	1	circle	green	dif	(632, 450)	(800, 618)	vert	up	True	835209	836179	up	(800, 450)	testing
15	cx	f	19	1	diamond	green	dif	(968, 450)	(800, 282)	hori	left	True	837729	839731	left	(800, 450)	testing
15	cx	f	19	1	diamond	none	dif	N_dis	(800, 618)	hori	left	True	841224	842275	left	(800, 450)	testing
15	cx	f	19	1	circle	red	same	(632, 450)	(800, 282)	vert	up	True	843750	845043	up	(800, 450)	testing
15	cx	f	19	1	circle	red	dif	(632, 450)	(800, 618)	vert	up	True	846512	848067	up	(800, 450)	testing
15	cx	f	19	1	diamond	red	dif	(632, 450)	(800, 618)	hori	left	True	849563	850995	left	(800, 450)	testing
15	cx	f	19	1	diamond	green	dif	(632, 450)	(800, 618)	vert	up	True	852498	853859	up	(800, 450)	testing
15	cx	f	19	1	circle	red	dif	(800, 282)	(968, 450)	vert	up	True	855364	857587	up	(800, 450)	testing
15	cx	f	19	1	circle	none	dif	N_dis	(632, 450)	hori	left	True	859168	860435	left	(800, 450)	testing
15	cx	f	19	1	diamond	green	dif	(632, 450)	(968, 450)	hori	left	True	862054	863811	left	(800, 450)	testing
15	cx	f	19	1	circle	none	dif	N_dis	(968, 450)	hori	left	True	865316	866195	left	(800, 450)	testing
15	cx	f	19	1	circle	none	same	N_dis	(632, 450)	hori	left	True	867563	868643	left	(800, 450)	testing
15	cx	f	19	1	circle	none	dif	N_dis	(800, 282)	vert	up	True	870067	871363	up	(800, 450)	testing
15	cx	f	19	1	circle	none	dif	N_dis	(968, 450)	vert	up	True	872827	873795	left	(800, 450)	testing
15	cx	f	19	1	diamond	green	same	(800, 618)	(800, 282)	hori	left	True	876682	878067	left	(800, 450)	testing
15	cx	f	19	1	circle	green	same	(800, 618)	(632, 450)	hori	left	True	879534	880963	left	(800, 450)	testing
15	cx	f	19	1	diamond	green	dif	(632, 450)	(800, 282)	vert	up	True	882323	883283	up	(800, 450)	testing
15	cx	f	19	1	circle	none	same	N_dis	(968, 450)	vert	up	True	884696	885491	left	(800, 450)	testing
15	cx	f	19	1	circle	green	dif	(968, 450)	(800, 282)	vert	up	True	888649	889507	up	(800, 450)	testing
15	cx	f	19	1	circle	red	dif	(632, 450)	(800, 282)	hori	left	True	891039	891859	left	(800, 450)	testing
15	cx	f	19	1	diamond	none	dif	N_dis	(800, 618)	vert	up	True	893429	894803	up	(800, 450)	testing
15	cx	f	19	1	diamond	red	dif	(800, 282)	(800, 618)	hori	left	True	896224	897859	left	(800, 450)	testing
15	cx	f	19	1	diamond	red	dif	(632, 450)	(800, 282)	vert	up	True	899338	900787	up	(800, 450)	testing
15	cx	f	19	1	circle	none	dif	N_dis	(632, 450)	hori	left	True	902308	903251	left	(800, 450)	testing
15	cx	f	19	1	diamond	red	same	(632, 450)	(800, 282)	hori	left	True	904857	905827	up	(800, 450)	testing
15	cx	f	19	1	circle	green	same	(632, 450)	(800, 618)	hori	left	True	908869	910179	left	(800, 450)	testing
15	cx	f	19	1	diamond	red	dif	(632, 450)	(800, 618)	hori	left	True	911708	912723	left	(800, 450)	testing
15	cx	f	19	1	diamond	none	same	N_dis	(800, 618)	hori	left	True	914363	915299	left	(800, 450)	testing
15	cx	f	19	1	diamond	green	same	(968, 450)	(800, 618)	hori	left	True	916726	917539	left	(800, 450)	testing
15	cx	f	19	1	diamond	red	dif	(632, 450)	(800, 282)	vert	up	True	918949	920835	up	(800, 450)	testing
15	cx	f	19	1	circle	red	dif	(632, 450)	(800, 618)	vert	up	True	922399	925235	up	(800, 450)	testing
15	cx	f	19	1	diamond	red	same	(632, 450)	(800, 282)	hori	left	True	926862	928115	left	(800, 450)	testing
15	cx	f	19	1	circle	red	same	(632, 450)	(800, 282)	vert	up	True	929517	931059	up	(800, 450)	testing
15	cx	f	19	1	circle	green	dif	(632, 450)	(800, 282)	hori	left	True	932605	934387	left	(800, 450)	testing
15	cx	f	19	1	diamond	red	same	(800, 618)	(632, 450)	hori	left	True	935907	937011	left	(800, 450)	testing
15	cx	f	19	1	diamond	red	dif	(800, 618)	(968, 450)	vert	up	True	938585	940019	up	(800, 450)	testing
15	cx	f	19	1	circle	green	dif	(632, 450)	(800, 282)	vert	up	True	941383	942723	up	(800, 450)	testing
15	cx	f	19	1	circle	red	same	(632, 450)	(800, 282)	hori	left	True	944228	946915	left	(800, 450)	testing
15	cx	f	19	1	circle	green	same	(632, 450)	(800, 618)	hori	left	True	948550	949475	left	(800, 450)	testing
15	cx	f	19	1	diamond	red	same	(800, 618)	(800, 282)	hori	left	True	951071	952019	left	(800, 450)	testing
15	cx	f	19	1	circle	green	dif	(632, 450)	(800, 618)	vert	up	True	953414	954403	up	(800, 450)	testing
15	cx	f	19	1	circle	green	same	(632, 450)	(968, 450)	hori	left	True	956029	956803	left	(800, 450)	testing
15	cx	f	19	1	diamond	red	dif	(968, 450)	(632, 450)	hori	left	True	958367	959411	left	(800, 450)	testing
15	cx	f	19	1	circle	green	same	(632, 450)	(968, 450)	hori	left	True	960937	962387	left	(800, 450)	testing
15	cx	f	19	1	diamond	green	dif	(800, 282)	(632, 450)	vert	up	True	963883	965475	up	(800, 450)	testing
15	cx	f	19	1	diamond	red	dif	(800, 618)	(632, 450)	hori	left	True	967102	968547	left	(800, 450)	testing
15	cx	f	19	1	diamond	none	same	N_dis	(632, 450)	vert	up	True	970039	970995	up	(800, 450)	testing
15	cx	f	19	1	circle	green	dif	(632, 450)	(800, 618)	vert	up	True	972518	974243	up	(800, 450)	testing
15	cx	f	19	1	circle	red	dif	(968, 450)	(632, 450)	hori	left	True	975739	978051	left	(800, 450)	testing
15	cx	f	19	1	circle	none	same	N_dis	(800, 618)	vert	up	True	979500	980515	up	(800, 450)	testing
15	cx	f	19	1	circle	green	same	(632, 450)	(800, 282)	vert	up	True	982133	983331	up	(800, 450)	testing
15	cx	f	19	1	circle	green	dif	(632, 450)	(968, 450)	vert	up	True	984790	985987	up	(800, 450)	testing
15	cx	f	19	1	diamond	red	dif	(800, 282)	(632, 450)	vert	up	True	987633	989187	up	(800, 450)	testing
15	cx	f	19	1	diamond	green	dif	(632, 450)	(800, 282)	vert	up	True	990544	991763	up	(800, 450)	testing
15	cx	f	19	1	circle	none	same	N_dis	(800, 618)	vert	up	True	993243	994131	up	(800, 450)	testing
15	cx	f	19	1	diamond	red	dif	(632, 450)	(968, 450)	vert	up	True	995516	996387	up	(800, 450)	testing
15	cx	f	19	1	circle	none	same	N_dis	(632, 450)	vert	up	True	997972	999475	up	(800, 450)	testing
15	cx	f	19	1	circle	green	same	(800, 618)	(800, 282)	hori	left	True	1000893	1003411	left	(800, 450)	testing
15	cx	f	19	1	diamond	green	same	(632, 450)	(800, 618)	vert	up	True	1004923	1005827	up	(800, 450)	testing
15	cx	f	19	1	diamond	green	same	(632, 450)	(800, 282)	vert	up	True	1007405	1008323	up	(800, 450)	testing
15	cx	f	19	1	circle	green	dif	(800, 282)	(632, 450)	hori	left	True	1009930	1011219	left	(800, 450)	testing
15	cx	f	19	1	diamond	green	same	(800, 282)	(632, 450)	hori	left	True	1012818	1014467	left	(800, 450)	testing
15	cx	f	19	1	diamond	green	same	(800, 282)	(800, 618)	vert	up	True	1015919	1018339	up	(800, 450)	testing
15	cx	f	19	1	circle	red	same	(632, 450)	(800, 282)	hori	left	True	1019800	1021459	left	(800, 450)	testing
15	cx	f	19	1	diamond	none	same	N_dis	(800, 282)	vert	up	True	1022917	1024611	up	(800, 450)	testing
15	cx	f	19	1	diamond	none	dif	N_dis	(968, 450)	hori	left	True	1026057	1027203	left	(800, 450)	testing
15	cx	f	19	1	circle	red	dif	(800, 618)	(968, 450)	hori	left	True	1028794	1030067	left	(800, 450)	testing
15	cx	f	19	1	diamond	green	same	(632, 450)	(800, 282)	vert	up	True	1031538	1032435	up	(800, 450)	testing
15	cx	f	19	1	diamond	green	dif	(800, 618)	(632, 450)	hori	left	True	1033998	1035827	left	(800, 450)	testing
15	cx	f	19	1	circle	red	same	(632, 450)	(800, 618)	hori	left	True	1037353	1039043	left	(800, 450)	testing
15	cx	f	19	1	circle	none	dif	N_dis	(800, 618)	vert	up	True	1040470	1042195	up	(800, 450)	testing
15	cx	f	19	1	diamond	red	same	(632, 450)	(800, 618)	vert	up	True	1043554	1044707	up	(800, 450)	testing
15	cx	f	19	1	diamond	green	dif	(800, 282)	(800, 618)	vert	up	True	1046226	1048051	up	(800, 450)	testing
15	cx	f	19	1	circle	green	dif	(800, 282)	(968, 450)	hori	left	True	1049570	1050419	left	(800, 450)	testing
15	cx	f	19	1	circle	green	dif	(800, 282)	(968, 450)	vert	up	True	1052043	1053731	up	(800, 450)	testing
15	cx	f	19	1	diamond	none	same	N_dis	(800, 282)	vert	up	True	1055158	1056627	up	(800, 450)	testing
15	cx	f	19	1	diamond	green	dif	(632, 450)	(800, 618)	vert	up	True	1058203	1059171	up	(800, 450)	testing
15	cx	f	19	1	diamond	green	same	(632, 450)	(968, 450)	vert	up	True	1060545	1061635	up	(800, 450)	testing
15	cx	f	19	1	diamond	none	dif	N_dis	(632, 450)	hori	left	True	1063272	1064387	left	(800, 450)	testing
15	cx	f	19	1	diamond	none	same	N_dis	(800, 282)	vert	up	True	1065772	1067299	up	(800, 450)	testing
15	cx	f	19	1	diamond	red	same	(968, 450)	(800, 282)	vert	up	True	1068880	1070195	up	(800, 450)	testing
15	cx	f	19	1	diamond	green	dif	(800, 282)	(800, 618)	vert	up	True	1071678	1072659	up	(800, 450)	testing
15	cx	f	19	1	circle	red	same	(632, 450)	(800, 282)	vert	up	True	1074220	1075859	up	(800, 450)	testing
15	cx	f	19	1	diamond	red	dif	(800, 282)	(632, 450)	hori	left	True	1077242	1078099	left	(800, 450)	testing
15	cx	f	19	1	circle	green	same	(968, 450)	(632, 450)	vert	up	True	1079493	1080643	up	(800, 450)	testing
15	cx	f	19	1	diamond	green	same	(632, 450)	(800, 618)	vert	up	True	1082243	1083331	up	(800, 450)	testing
15	cx	f	19	1	circle	green	same	(632, 450)	(800, 618)	hori	left	True	1084960	1086227	left	(800, 450)	testing
15	cx	f	19	1	circle	red	same	(632, 450)	(800, 618)	vert	up	True	1087746	1089203	up	(800, 450)	testing
15	cx	f	19	1	diamond	none	dif	N_dis	(968, 450)	vert	up	True	1090559	1091795	up	(800, 450)	testing
15	cx	f	19	1	diamond	none	same	N_dis	(800, 282)	vert	up	True	1093153	1093955	up	(800, 450)	testing
15	cx	f	19	1	diamond	none	dif	N_dis	(800, 618)	vert	up	True	1095514	1096291	up	(800, 450)	testing
15	cx	f	19	1	diamond	none	same	N_dis	(800, 618)	vert	up	True	1097823	1098547	up	(800, 450)	testing
15	cx	f	19	1	circle	red	dif	(632, 450)	(968, 450)	vert	up	True	1099919	1100963	up	(800, 450)	testing
15	cx	f	19	1	circle	green	dif	(968, 450)	(800, 282)	hori	left	True	1102442	1103891	left	(800, 450)	testing
15	cx	f	19	1	diamond	none	dif	N_dis	(968, 450)	hori	left	True	1105331	1106419	left	(800, 450)	testing
15	cx	f	19	1	diamond	none	dif	N_dis	(800, 282)	hori	left	True	1107939	1108723	left	(800, 450)	testing
15	cx	f	19	1	circle	red	same	(632, 450)	(800, 618)	hori	left	True	1110230	1111155	left	(800, 450)	testing
15	cx	f	19	1	diamond	none	dif	N_dis	(800, 282)	hori	left	True	1112558	1113315	left	(800, 450)	testing
15	cx	f	19	1	diamond	red	dif	(632, 450)	(968, 450)	hori	left	True	1114770	1115955	left	(800, 450)	testing
15	cx	f	19	1	circle	none	dif	N_dis	(632, 450)	vert	up	True	1117485	1118435	up	(800, 450)	testing
