subj	name	gender	age	runNum	shape	dist	td_dif	d_loc	t_loc	resp	resp_key	gotKey	startTime	respTime	resp	fix_loc	prac
15	cx	f	19	2	circle	green	same	(800, 618)	(968, 450)	vert	up	True	160597	161951	up	(800, 450)	testing
15	cx	f	19	2	circle	green	same	(968, 450)	(800, 618)	vert	up	True	163527	164367	up	(800, 450)	testing
15	cx	f	19	2	circle	green	same	(800, 282)	(632, 450)	vert	up	True	165758	166607	up	(800, 450)	testing
15	cx	f	19	2	circle	green	dif	(968, 450)	(800, 282)	hori	left	True	168115	169071	left	(800, 450)	testing
15	cx	f	19	2	diamond	green	same	(800, 618)	(632, 450)	hori	left	True	170610	171695	left	(800, 450)	testing
15	cx	f	19	2	diamond	green	dif	(800, 618)	(800, 282)	hori	left	True	173185	174143	left	(800, 450)	testing
15	cx	f	19	2	circle	green	same	(800, 618)	(800, 282)	hori	left	True	175650	176415	left	(800, 450)	testing
15	cx	f	19	2	circle	green	dif	(632, 450)	(800, 282)	hori	left	True	177981	179007	left	(800, 450)	testing
15	cx	f	19	2	diamond	green	same	(968, 450)	(632, 450)	vert	up	True	180659	181999	up	(800, 450)	testing
15	cx	f	19	2	circle	red	same	(632, 450)	(968, 450)	vert	up	True	183502	184783	up	(800, 450)	testing
15	cx	f	19	2	circle	green	dif	(968, 450)	(800, 618)	hori	left	True	186277	187295	left	(800, 450)	testing
15	cx	f	19	2	diamond	none	same	N_dis	(800, 618)	hori	left	True	188695	189791	left	(800, 450)	testing
15	cx	f	19	2	diamond	red	dif	(632, 450)	(800, 282)	hori	left	True	191400	192159	left	(800, 450)	testing
15	cx	f	19	2	diamond	green	dif	(968, 450)	(632, 450)	hori	left	True	193663	194815	left	(800, 450)	testing
15	cx	f	19	2	circle	red	same	(800, 282)	(632, 450)	hori	left	True	196231	197407	left	(800, 450)	testing
15	cx	f	19	2	diamond	red	same	(800, 282)	(632, 450)	vert	up	True	198891	200319	up	(800, 450)	testing
15	cx	f	19	2	circle	red	same	(968, 450)	(800, 282)	hori	left	True	201679	203551	left	(800, 450)	testing
15	cx	f	19	2	circle	none	same	N_dis	(632, 450)	hori	left	True	205058	206399	left	(800, 450)	testing
15	cx	f	19	2	diamond	red	same	(800, 618)	(968, 450)	hori	left	True	207962	208751	left	(800, 450)	testing
15	cx	f	19	2	diamond	none	same	N_dis	(800, 282)	vert	up	True	210134	211071	up	(800, 450)	testing
15	cx	f	19	2	diamond	green	dif	(632, 450)	(800, 618)	hori	left	True	212504	213503	left	(800, 450)	testing
15	cx	f	19	2	diamond	none	same	N_dis	(632, 450)	hori	left	True	214955	215695	left	(800, 450)	testing
15	cx	f	19	2	diamond	none	dif	N_dis	(800, 618)	vert	up	True	217129	218031	up	(800, 450)	testing
15	cx	f	19	2	circle	none	same	N_dis	(968, 450)	hori	left	True	219516	220767	left	(800, 450)	testing
15	cx	f	19	2	diamond	none	dif	N_dis	(632, 450)	vert	up	True	222235	223775	up	(800, 450)	testing
15	cx	f	19	2	diamond	red	same	(968, 450)	(800, 618)	vert	up	True	225410	226511	up	(800, 450)	testing
15	cx	f	19	2	circle	green	same	(968, 450)	(800, 282)	vert	up	True	227876	229535	up	(800, 450)	testing
15	cx	f	19	2	circle	red	same	(800, 282)	(800, 618)	hori	left	True	231149	232639	left	(800, 450)	testing
15	cx	f	19	2	diamond	red	dif	(968, 450)	(800, 618)	hori	left	True	234177	235087	left	(800, 450)	testing
15	cx	f	19	2	circle	none	same	N_dis	(800, 282)	vert	up	True	236617	237887	up	(800, 450)	testing
15	cx	f	19	2	circle	none	dif	N_dis	(800, 618)	vert	up	True	239414	240831	up	(800, 450)	testing
15	cx	f	19	2	circle	green	same	(968, 450)	(800, 282)	hori	left	True	242361	243727	left	(800, 450)	testing
15	cx	f	19	2	diamond	none	same	N_dis	(632, 450)	hori	left	True	245270	246399	left	(800, 450)	testing
15	cx	f	19	2	diamond	red	same	(968, 450)	(632, 450)	hori	left	True	247901	248687	left	(800, 450)	testing
15	cx	f	19	2	circle	green	dif	(968, 450)	(800, 282)	hori	left	True	250048	251439	left	(800, 450)	testing
15	cx	f	19	2	circle	red	dif	(800, 282)	(632, 450)	vert	up	True	252806	253775	up	(800, 450)	testing
15	cx	f	19	2	diamond	green	dif	(800, 282)	(632, 450)	hori	left	True	255179	256559	left	(800, 450)	testing
15	cx	f	19	2	diamond	none	dif	N_dis	(968, 450)	hori	left	True	258099	259407	left	(800, 450)	testing
15	cx	f	19	2	circle	none	dif	N_dis	(968, 450)	vert	up	True	260771	261807	up	(800, 450)	testing
15	cx	f	19	2	circle	none	same	N_dis	(800, 282)	vert	up	True	263404	264799	up	(800, 450)	testing
15	cx	f	19	2	diamond	green	dif	(968, 450)	(800, 282)	vert	up	True	266362	267647	up	(800, 450)	testing
15	cx	f	19	2	diamond	red	dif	(800, 282)	(632, 450)	vert	up	True	269233	270735	up	(800, 450)	testing
15	cx	f	19	2	diamond	green	same	(800, 618)	(968, 450)	hori	left	True	272345	273503	left	(800, 450)	testing
15	cx	f	19	2	circle	none	dif	N_dis	(968, 450)	hori	left	True	275034	276223	left	(800, 450)	testing
15	cx	f	19	2	circle	none	same	N_dis	(800, 618)	hori	left	True	277791	278863	left	(800, 450)	testing
15	cx	f	19	2	diamond	none	same	N_dis	(800, 618)	hori	left	True	280380	281247	left	(800, 450)	testing
15	cx	f	19	2	circle	red	dif	(968, 450)	(800, 282)	vert	up	True	282879	284591	up	(800, 450)	testing
15	cx	f	19	2	diamond	none	same	N_dis	(968, 450)	hori	left	True	286086	287055	left	(800, 450)	testing
15	cx	f	19	2	diamond	none	same	N_dis	(800, 282)	vert	up	True	288414	289823	up	(800, 450)	testing
15	cx	f	19	2	diamond	red	dif	(968, 450)	(800, 282)	vert	up	True	291411	292367	up	(800, 450)	testing
15	cx	f	19	2	circle	red	dif	(800, 282)	(968, 450)	hori	left	True	293858	295279	left	(800, 450)	testing
15	cx	f	19	2	circle	red	same	(800, 282)	(968, 450)	vert	up	True	296696	297887	up	(800, 450)	testing
15	cx	f	19	2	circle	none	same	N_dis	(632, 450)	hori	left	True	299355	300479	left	(800, 450)	testing
15	cx	f	19	2	circle	red	dif	(800, 282)	(632, 450)	hori	left	True	302093	303039	left	(800, 450)	testing
15	cx	f	19	2	diamond	none	same	N_dis	(800, 618)	vert	up	True	304497	306239	up	(800, 450)	testing
15	cx	f	19	2	diamond	red	dif	(800, 282)	(800, 618)	vert	up	True	307713	309119	up	(800, 450)	testing
15	cx	f	19	2	circle	red	dif	(968, 450)	(632, 450)	hori	left	True	310489	311279	left	(800, 450)	testing
15	cx	f	19	2	diamond	green	dif	(800, 282)	(968, 450)	vert	up	True	312897	313919	up	(800, 450)	testing
15	cx	f	19	2	diamond	green	same	(800, 618)	(632, 450)	vert	up	True	315415	316607	up	(800, 450)	testing
15	cx	f	19	2	diamond	none	same	N_dis	(968, 450)	hori	left	True	318019	318783	left	(800, 450)	testing
15	cx	f	19	2	circle	none	dif	N_dis	(800, 618)	hori	left	True	320329	321423	left	(800, 450)	testing
15	cx	f	19	2	circle	green	same	(800, 282)	(632, 450)	vert	up	True	322906	324943	up	(800, 450)	testing
15	cx	f	19	2	diamond	none	same	N_dis	(800, 282)	vert	up	True	326340	327711	up	(800, 450)	testing
15	cx	f	19	2	circle	red	same	(800, 282)	(632, 450)	hori	left	True	329082	329935	left	(800, 450)	testing
15	cx	f	19	2	diamond	none	dif	N_dis	(800, 282)	vert	up	True	331567	332319	up	(800, 450)	testing
15	cx	f	19	2	diamond	green	dif	(800, 282)	(800, 618)	vert	up	True	333833	334719	up	(800, 450)	testing
15	cx	f	19	2	circle	none	dif	N_dis	(800, 618)	vert	up	True	336092	337247	up	(800, 450)	testing
15	cx	f	19	2	circle	red	same	(968, 450)	(800, 282)	vert	up	True	338757	340271	up	(800, 450)	testing
15	cx	f	19	2	circle	red	dif	(800, 282)	(968, 450)	vert	up	True	341821	342623	up	(800, 450)	testing
15	cx	f	19	2	diamond	red	dif	(800, 618)	(968, 450)	vert	up	True	344245	345231	up	(800, 450)	testing
15	cx	f	19	2	circle	red	same	(800, 282)	(632, 450)	vert	up	True	346615	347471	up	(800, 450)	testing
15	cx	f	19	2	circle	none	dif	N_dis	(968, 450)	hori	left	True	349038	350047	left	(800, 450)	testing
15	cx	f	19	2	circle	red	dif	(800, 282)	(968, 450)	hori	left	True	351524	352335	left	(800, 450)	testing
15	cx	f	19	2	circle	green	same	(800, 282)	(800, 618)	hori	left	True	353700	354559	left	(800, 450)	testing
15	cx	f	19	2	circle	none	dif	N_dis	(632, 450)	vert	up	True	355987	356975	up	(800, 450)	testing
15	cx	f	19	2	circle	green	dif	(800, 618)	(800, 282)	vert	up	True	358364	359487	up	(800, 450)	testing
15	cx	f	19	2	diamond	green	same	(800, 618)	(968, 450)	vert	up	True	361034	362031	up	(800, 450)	testing
15	cx	f	19	2	circle	none	same	N_dis	(968, 450)	vert	up	True	363544	364719	up	(800, 450)	testing
15	cx	f	19	2	diamond	none	dif	N_dis	(632, 450)	hori	left	True	366148	366911	left	(800, 450)	testing
15	cx	f	19	2	circle	none	same	N_dis	(800, 282)	vert	up	True	368325	369055	up	(800, 450)	testing
15	cx	f	19	2	diamond	none	dif	N_dis	(632, 450)	hori	left	True	370621	371295	left	(800, 450)	testing
15	cx	f	19	2	circle	none	same	N_dis	(800, 618)	vert	up	True	372731	373583	up	(800, 450)	testing
15	cx	f	19	2	diamond	none	same	N_dis	(800, 618)	vert	up	True	375022	376671	up	(800, 450)	testing
15	cx	f	19	2	circle	green	same	(800, 618)	(632, 450)	vert	up	True	378132	379295	up	(800, 450)	testing
15	cx	f	19	2	diamond	green	dif	(800, 618)	(968, 450)	vert	up	True	380913	382383	up	(800, 450)	testing
15	cx	f	19	2	circle	red	dif	(800, 282)	(800, 618)	vert	up	True	383991	385119	up	(800, 450)	testing
15	cx	f	19	2	diamond	green	same	(968, 450)	(632, 450)	hori	left	True	386521	387567	left	(800, 450)	testing
15	cx	f	19	2	diamond	none	dif	N_dis	(968, 450)	vert	up	True	389130	389967	up	(800, 450)	testing
15	cx	f	19	2	diamond	none	dif	N_dis	(800, 618)	hori	left	True	391333	392623	left	(800, 450)	testing
15	cx	f	19	2	circle	red	same	(968, 450)	(632, 450)	hori	left	True	394114	395295	left	(800, 450)	testing
15	cx	f	19	2	diamond	red	dif	(800, 618)	(968, 450)	vert	up	True	396887	397679	up	(800, 450)	testing
15	cx	f	19	2	diamond	red	same	(800, 282)	(800, 618)	hori	left	True	399163	400607	left	(800, 450)	testing
15	cx	f	19	2	circle	green	dif	(968, 450)	(800, 282)	hori	left	True	402212	403551	left	(800, 450)	testing
15	cx	f	19	2	circle	green	dif	(800, 618)	(800, 282)	hori	left	True	405174	406239	left	(800, 450)	testing
15	cx	f	19	2	circle	red	dif	(800, 618)	(632, 450)	hori	left	True	407796	408623	left	(800, 450)	testing
15	cx	f	19	2	diamond	red	dif	(800, 618)	(968, 450)	hori	left	True	410134	411023	left	(800, 450)	testing
15	cx	f	19	2	diamond	none	dif	N_dis	(632, 450)	hori	left	True	412410	413119	left	(800, 450)	testing
15	cx	f	19	2	circle	red	same	(800, 282)	(968, 450)	vert	up	True	414700	415711	up	(800, 450)	testing
15	cx	f	19	2	circle	none	dif	N_dis	(968, 450)	vert	up	True	417332	419087	up	(800, 450)	testing
15	cx	f	19	2	diamond	red	dif	(800, 618)	(632, 450)	hori	left	True	420679	421535	left	(800, 450)	testing
15	cx	f	19	2	circle	green	dif	(800, 282)	(632, 450)	hori	left	True	422926	424191	left	(800, 450)	testing
15	cx	f	19	2	diamond	none	same	N_dis	(800, 282)	vert	up	True	425617	426415	up	(800, 450)	testing
15	cx	f	19	2	circle	green	dif	(800, 618)	(968, 450)	vert	up	True	427940	428847	up	(800, 450)	testing
15	cx	f	19	2	diamond	green	dif	(800, 282)	(800, 618)	hori	left	True	430477	431423	left	(800, 450)	testing
15	cx	f	19	2	diamond	none	same	N_dis	(800, 618)	hori	left	True	432896	433919	left	(800, 450)	testing
15	cx	f	19	2	diamond	green	same	(800, 282)	(632, 450)	vert	up	True	435507	437519	up	(800, 450)	testing
15	cx	f	19	2	circle	green	same	(800, 618)	(800, 282)	hori	left	True	438913	440735	up	(800, 450)	testing
15	cx	f	19	2	diamond	red	same	(800, 618)	(800, 282)	vert	up	True	443723	444543	up	(800, 450)	testing
15	cx	f	19	2	circle	green	same	(800, 282)	(800, 618)	hori	left	True	445945	446799	left	(800, 450)	testing
15	cx	f	19	2	diamond	red	dif	(800, 618)	(800, 282)	vert	up	True	448251	449023	up	(800, 450)	testing
15	cx	f	19	2	circle	red	dif	(800, 282)	(800, 618)	hori	left	True	450633	451519	up	(800, 450)	testing
15	cx	f	19	2	diamond	red	dif	(968, 450)	(632, 450)	hori	left	True	454540	455295	left	(800, 450)	testing
15	cx	f	19	2	circle	red	same	(968, 450)	(632, 450)	hori	left	True	456849	458207	left	(800, 450)	testing
15	cx	f	19	2	diamond	red	same	(632, 450)	(968, 450)	hori	left	True	459780	460607	left	(800, 450)	testing
15	cx	f	19	2	circle	none	dif	N_dis	(968, 450)	hori	left	True	462219	463135	left	(800, 450)	testing
15	cx	f	19	2	circle	red	dif	(800, 282)	(800, 618)	vert	up	True	464662	465935	up	(800, 450)	testing
15	cx	f	19	2	diamond	red	dif	(968, 450)	(800, 618)	hori	left	True	467333	468671	left	(800, 450)	testing
15	cx	f	19	2	diamond	none	same	N_dis	(800, 282)	vert	up	True	470111	471215	up	(800, 450)	testing
15	cx	f	19	2	circle	green	dif	(968, 450)	(800, 618)	hori	left	True	472705	473887	left	(800, 450)	testing
15	cx	f	19	2	diamond	red	same	(968, 450)	(800, 618)	vert	up	True	475339	476511	up	(800, 450)	testing
15	cx	f	19	2	diamond	none	dif	N_dis	(800, 618)	hori	left	True	478154	479023	left	(800, 450)	testing
15	cx	f	19	2	circle	green	dif	(800, 618)	(632, 450)	hori	left	True	480654	482367	left	(800, 450)	testing
15	cx	f	19	2	diamond	green	same	(800, 618)	(632, 450)	hori	left	True	483789	484831	left	(800, 450)	testing
15	cx	f	19	2	circle	red	dif	(800, 282)	(800, 618)	hori	left	True	486304	487567	left	(800, 450)	testing
15	cx	f	19	2	diamond	green	dif	(968, 450)	(800, 282)	hori	left	True	488932	489951	left	(800, 450)	testing
15	cx	f	19	2	diamond	none	dif	N_dis	(632, 450)	hori	left	True	491372	492671	left	(800, 450)	testing
15	cx	f	19	2	circle	none	dif	N_dis	(632, 450)	vert	up	True	494034	494991	up	(800, 450)	testing
15	cx	f	19	2	diamond	green	dif	(800, 282)	(632, 450)	hori	left	True	496601	497423	left	(800, 450)	testing
15	cx	f	19	2	diamond	green	dif	(800, 618)	(968, 450)	hori	left	True	498943	500351	left	(800, 450)	testing
15	cx	f	19	2	diamond	none	dif	N_dis	(968, 450)	hori	left	True	501769	502527	left	(800, 450)	testing
15	cx	f	19	2	circle	red	dif	(968, 450)	(632, 450)	hori	left	True	503898	505055	left	(800, 450)	testing
15	cx	f	19	2	diamond	red	dif	(800, 282)	(968, 450)	vert	up	True	506695	507759	up	(800, 450)	testing
15	cx	f	19	2	circle	red	dif	(968, 450)	(800, 618)	hori	left	True	509111	510271	left	(800, 450)	testing
15	cx	f	19	2	diamond	none	dif	N_dis	(800, 282)	hori	left	True	511718	512431	left	(800, 450)	testing
15	cx	f	19	2	circle	red	same	(800, 282)	(800, 618)	hori	left	True	513882	514879	left	(800, 450)	testing
15	cx	f	19	2	diamond	red	dif	(800, 618)	(632, 450)	hori	left	True	516524	517215	left	(800, 450)	testing
15	cx	f	19	2	circle	red	dif	(800, 618)	(632, 450)	vert	up	True	518749	519983	up	(800, 450)	testing
15	cx	f	19	2	circle	red	same	(800, 282)	(800, 618)	hori	left	True	521601	523359	left	(800, 450)	testing
15	cx	f	19	2	diamond	red	dif	(800, 618)	(800, 282)	vert	up	True	524722	525919	up	(800, 450)	testing
15	cx	f	19	2	diamond	none	same	N_dis	(968, 450)	vert	up	True	527557	528431	up	(800, 450)	testing
15	cx	f	19	2	diamond	red	same	(800, 618)	(632, 450)	vert	up	True	529958	530783	up	(800, 450)	testing
15	cx	f	19	2	diamond	green	dif	(800, 282)	(968, 450)	hori	left	True	532157	533055	left	(800, 450)	testing
15	cx	f	19	2	circle	red	dif	(800, 282)	(800, 618)	vert	up	True	534557	535519	up	(800, 450)	testing
15	cx	f	19	2	circle	red	same	(800, 282)	(968, 450)	vert	up	True	536962	538527	up	(800, 450)	testing
15	cx	f	19	2	diamond	red	same	(968, 450)	(800, 282)	hori	left	True	540038	540879	left	(800, 450)	testing
15	cx	f	19	2	diamond	green	dif	(968, 450)	(800, 282)	vert	up	True	542497	543615	up	(800, 450)	testing
15	cx	f	19	2	circle	none	dif	N_dis	(800, 282)	vert	up	True	545204	546527	up	(800, 450)	testing
15	cx	f	19	2	diamond	none	dif	N_dis	(968, 450)	vert	up	True	548035	549727	up	(800, 450)	testing
15	cx	f	19	2	circle	green	same	(800, 618)	(800, 282)	hori	left	True	551108	553103	left	(800, 450)	testing
15	cx	f	19	2	diamond	none	dif	N_dis	(800, 282)	vert	up	True	554495	556159	up	(800, 450)	testing
15	cx	f	19	2	diamond	green	same	(800, 618)	(800, 282)	hori	left	True	557738	558815	left	(800, 450)	testing
15	cx	f	19	2	circle	none	same	N_dis	(968, 450)	hori	left	True	560418	561631	left	(800, 450)	testing
15	cx	f	19	2	diamond	green	same	(968, 450)	(800, 618)	vert	up	True	563236	564063	up	(800, 450)	testing
15	cx	f	19	2	diamond	none	dif	N_dis	(800, 282)	hori	left	True	565470	566223	left	(800, 450)	testing
15	cx	f	19	2	circle	green	dif	(800, 618)	(632, 450)	vert	up	True	567719	568623	up	(800, 450)	testing
15	cx	f	19	2	circle	red	same	(968, 450)	(800, 618)	vert	up	True	570180	571119	up	(800, 450)	testing
15	cx	f	19	2	diamond	red	same	(968, 450)	(632, 450)	vert	up	True	572595	573679	up	(800, 450)	testing
15	cx	f	19	2	diamond	green	same	(800, 282)	(968, 450)	hori	left	True	575103	576575	left	(800, 450)	testing
15	cx	f	19	2	diamond	red	same	(800, 618)	(800, 282)	vert	up	True	578081	579999	up	(800, 450)	testing
15	cx	f	19	2	circle	red	same	(800, 282)	(968, 450)	vert	up	True	581633	582591	up	(800, 450)	testing
15	cx	f	19	2	diamond	none	dif	N_dis	(632, 450)	hori	left	True	584091	585119	left	(800, 450)	testing
15	cx	f	19	2	diamond	green	same	(800, 282)	(800, 618)	hori	left	True	586714	587983	left	(800, 450)	testing
15	cx	f	19	2	diamond	green	same	(800, 618)	(968, 450)	vert	up	True	589381	591103	up	(800, 450)	testing
15	cx	f	19	2	diamond	none	same	N_dis	(800, 282)	vert	up	True	592478	593567	up	(800, 450)	testing
15	cx	f	19	2	circle	red	dif	(968, 450)	(800, 618)	vert	up	True	594931	596575	up	(800, 450)	testing
15	cx	f	19	2	circle	green	dif	(800, 282)	(800, 618)	vert	up	True	597961	599183	up	(800, 450)	testing
15	cx	f	19	2	diamond	red	dif	(800, 618)	(968, 450)	vert	up	True	600750	602431	up	(800, 450)	testing
15	cx	f	19	2	circle	none	dif	N_dis	(800, 618)	hori	left	True	603988	605359	left	(800, 450)	testing
15	cx	f	19	2	diamond	red	same	(968, 450)	(800, 618)	hori	left	True	606888	607855	left	(800, 450)	testing
15	cx	f	19	2	circle	none	same	N_dis	(800, 282)	hori	left	True	609457	610751	left	(800, 450)	testing
15	cx	f	19	2	diamond	red	same	(800, 282)	(800, 618)	hori	left	True	612380	613375	left	(800, 450)	testing
15	cx	f	19	2	circle	red	same	(968, 450)	(800, 282)	vert	up	True	614917	616751	up	(800, 450)	testing
15	cx	f	19	2	diamond	green	dif	(800, 618)	(632, 450)	hori	left	True	618232	619295	left	(800, 450)	testing
15	cx	f	19	2	circle	green	same	(800, 282)	(632, 450)	hori	left	True	620667	621599	left	(800, 450)	testing
15	cx	f	19	2	diamond	red	dif	(968, 450)	(800, 282)	hori	left	True	622978	624399	left	(800, 450)	testing
15	cx	f	19	2	circle	none	same	N_dis	(800, 618)	hori	left	True	625798	627087	left	(800, 450)	testing
15	cx	f	19	2	circle	green	same	(800, 282)	(968, 450)	vert	up	True	628457	630239	up	(800, 450)	testing
15	cx	f	19	2	circle	none	dif	N_dis	(632, 450)	hori	left	True	631838	632847	left	(800, 450)	testing
15	cx	f	19	2	diamond	red	same	(632, 450)	(800, 618)	hori	left	True	634401	635519	left	(800, 450)	testing
15	cx	f	19	2	circle	red	dif	(800, 618)	(968, 450)	vert	up	True	636996	637823	up	(800, 450)	testing
15	cx	f	19	2	circle	green	same	(800, 282)	(968, 450)	vert	up	True	639229	640575	up	(800, 450)	testing
15	cx	f	19	2	diamond	none	same	N_dis	(800, 282)	vert	up	True	641965	644095	up	(800, 450)	testing
15	cx	f	19	2	diamond	none	same	N_dis	(632, 450)	vert	up	True	645581	646527	up	(800, 450)	testing
15	cx	f	19	2	diamond	none	dif	N_dis	(968, 450)	hori	left	True	648067	649055	left	(800, 450)	testing
15	cx	f	19	2	circle	none	dif	N_dis	(800, 282)	hori	left	True	650687	651903	left	(800, 450)	testing
15	cx	f	19	2	diamond	none	same	N_dis	(800, 618)	hori	left	True	653491	654207	left	(800, 450)	testing
15	cx	f	19	2	circle	green	dif	(800, 618)	(632, 450)	vert	up	True	655746	656495	left	(800, 450)	testing
15	cx	f	19	2	diamond	red	same	(968, 450)	(800, 618)	vert	up	True	659393	661055	up	(800, 450)	testing
15	cx	f	19	2	diamond	red	same	(800, 282)	(968, 450)	hori	left	True	662544	663647	left	(800, 450)	testing
15	cx	f	19	2	circle	none	dif	N_dis	(800, 282)	vert	up	True	665036	666095	up	(800, 450)	testing
15	cx	f	19	2	diamond	none	dif	N_dis	(632, 450)	hori	left	True	667724	668735	left	(800, 450)	testing
15	cx	f	19	2	circle	red	dif	(800, 618)	(800, 282)	hori	left	True	670198	671455	left	(800, 450)	testing
15	cx	f	19	2	diamond	green	same	(968, 450)	(632, 450)	hori	left	True	672833	673647	left	(800, 450)	testing
15	cx	f	19	2	diamond	red	same	(800, 618)	(632, 450)	hori	left	True	675029	675983	left	(800, 450)	testing
15	cx	f	19	2	circle	red	same	(632, 450)	(968, 450)	hori	left	True	677458	678879	left	(800, 450)	testing
15	cx	f	19	2	circle	none	same	N_dis	(968, 450)	vert	up	True	680455	681695	up	(800, 450)	testing
15	cx	f	19	2	diamond	red	same	(968, 450)	(800, 618)	hori	left	True	683193	684799	left	(800, 450)	testing
15	cx	f	19	2	diamond	green	dif	(968, 450)	(800, 618)	vert	up	True	686300	687519	up	(800, 450)	testing
15	cx	f	19	2	diamond	red	dif	(632, 450)	(800, 282)	hori	left	True	689046	689887	left	(800, 450)	testing
15	cx	f	19	2	diamond	red	same	(800, 282)	(800, 618)	vert	up	True	691499	692479	up	(800, 450)	testing
15	cx	f	19	2	circle	green	same	(800, 618)	(800, 282)	vert	up	True	693842	695135	up	(800, 450)	testing
15	cx	f	19	2	circle	none	dif	N_dis	(800, 618)	vert	up	True	696498	697423	up	(800, 450)	testing
15	cx	f	19	2	circle	green	dif	(800, 618)	(632, 450)	hori	left	True	698892	699855	left	(800, 450)	testing
15	cx	f	19	2	circle	none	dif	N_dis	(632, 450)	vert	up	True	701268	702383	up	(800, 450)	testing
15	cx	f	19	2	diamond	none	same	N_dis	(632, 450)	hori	left	True	703979	705007	left	(800, 450)	testing
15	cx	f	19	2	circle	none	dif	N_dis	(800, 618)	vert	up	True	706646	707567	up	(800, 450)	testing
15	cx	f	19	2	diamond	red	dif	(800, 618)	(632, 450)	hori	left	True	709020	710671	left	(800, 450)	testing
15	cx	f	19	2	circle	none	dif	N_dis	(800, 618)	vert	up	True	712315	713487	up	(800, 450)	testing
15	cx	f	19	2	circle	red	same	(800, 618)	(800, 282)	vert	up	True	715077	716063	up	(800, 450)	testing
15	cx	f	19	2	diamond	none	dif	N_dis	(800, 282)	vert	up	True	717686	718655	up	(800, 450)	testing
15	cx	f	19	2	diamond	red	same	(968, 450)	(632, 450)	hori	left	True	720211	721439	left	(800, 450)	testing
15	cx	f	19	2	circle	green	same	(968, 450)	(632, 450)	hori	left	True	722793	724463	left	(800, 450)	testing
15	cx	f	19	2	diamond	green	dif	(800, 282)	(968, 450)	hori	left	True	725926	727007	left	(800, 450)	testing
15	cx	f	19	2	circle	none	same	N_dis	(632, 450)	hori	left	True	728504	729295	left	(800, 450)	testing
15	cx	f	19	2	diamond	none	dif	N_dis	(800, 282)	hori	left	True	730867	731743	up	(800, 450)	testing
15	cx	f	19	2	diamond	green	same	(800, 618)	(968, 450)	vert	up	True	734819	735855	up	(800, 450)	testing
15	cx	f	19	2	circle	green	same	(800, 282)	(800, 618)	hori	left	True	737327	738927	left	(800, 450)	testing
15	cx	f	19	2	circle	green	same	(800, 618)	(968, 450)	hori	left	True	740319	741247	left	(800, 450)	testing
15	cx	f	19	2	circle	green	same	(800, 282)	(632, 450)	hori	left	True	742762	743471	left	(800, 450)	testing
15	cx	f	19	2	diamond	green	same	(800, 618)	(800, 282)	hori	left	True	745063	745951	left	(800, 450)	testing
15	cx	f	19	2	diamond	green	same	(800, 618)	(800, 282)	hori	left	True	747552	748959	left	(800, 450)	testing
15	cx	f	19	2	diamond	red	dif	(800, 282)	(968, 450)	hori	left	True	750608	751423	left	(800, 450)	testing
15	cx	f	19	2	circle	green	dif	(968, 450)	(800, 618)	vert	up	True	753066	754799	up	(800, 450)	testing
15	cx	f	19	2	circle	none	same	N_dis	(968, 450)	vert	up	True	756351	757759	up	(800, 450)	testing
15	cx	f	19	2	circle	none	same	N_dis	(632, 450)	vert	up	True	759296	760111	up	(800, 450)	testing
15	cx	f	19	2	circle	none	dif	N_dis	(800, 282)	vert	up	True	761501	762271	up	(800, 450)	testing
15	cx	f	19	2	circle	none	same	N_dis	(968, 450)	vert	up	True	763807	764543	up	(800, 450)	testing
15	cx	f	19	2	diamond	red	dif	(800, 618)	(800, 282)	vert	up	True	766021	767967	up	(800, 450)	testing
15	cx	f	19	2	circle	green	same	(800, 618)	(800, 282)	vert	up	True	769528	771071	up	(800, 450)	testing
15	cx	f	19	2	circle	none	dif	N_dis	(800, 618)	vert	up	True	772664	773647	up	(800, 450)	testing
15	cx	f	19	2	circle	green	same	(968, 450)	(632, 450)	hori	left	True	775079	776031	left	(800, 450)	testing
15	cx	f	19	2	diamond	green	same	(968, 450)	(632, 450)	hori	left	True	777614	778943	left	(800, 450)	testing
15	cx	f	19	2	circle	none	same	N_dis	(800, 282)	vert	up	True	780538	781295	up	(800, 450)	testing
15	cx	f	19	2	diamond	none	same	N_dis	(800, 618)	vert	up	True	782720	783855	up	(800, 450)	testing
15	cx	f	19	2	diamond	red	same	(800, 618)	(968, 450)	hori	left	True	785433	786127	left	(800, 450)	testing
15	cx	f	19	2	circle	none	dif	N_dis	(800, 618)	hori	left	True	787761	788895	left	(800, 450)	testing
15	cx	f	19	2	diamond	green	dif	(800, 282)	(968, 450)	hori	left	True	790472	791519	left	(800, 450)	testing
15	cx	f	19	2	diamond	green	same	(968, 450)	(800, 282)	vert	up	True	793131	794319	up	(800, 450)	testing
15	cx	f	19	2	circle	red	dif	(968, 450)	(800, 618)	hori	left	True	795756	797183	left	(800, 450)	testing
15	cx	f	19	2	circle	red	dif	(968, 450)	(800, 282)	hori	left	True	798590	800015	left	(800, 450)	testing
15	cx	f	19	2	diamond	red	dif	(800, 618)	(968, 450)	vert	up	True	801579	802383	up	(800, 450)	testing
15	cx	f	19	2	diamond	green	same	(800, 618)	(968, 450)	hori	left	True	803889	805055	left	(800, 450)	testing
15	cx	f	19	2	diamond	green	dif	(968, 450)	(800, 618)	hori	left	True	806565	807775	left	(800, 450)	testing
15	cx	f	19	2	circle	none	same	N_dis	(632, 450)	hori	left	True	809284	810719	left	(800, 450)	testing
15	cx	f	19	2	diamond	green	dif	(968, 450)	(800, 618)	vert	up	True	812128	813151	up	(800, 450)	testing
15	cx	f	19	2	circle	red	dif	(968, 450)	(800, 282)	vert	up	True	814512	816127	up	(800, 450)	testing
15	cx	f	19	2	circle	none	same	N_dis	(632, 450)	vert	up	True	817721	818831	up	(800, 450)	testing
15	cx	f	19	2	diamond	red	same	(800, 618)	(632, 450)	hori	left	True	820295	822031	left	(800, 450)	testing
15	cx	f	19	2	circle	red	dif	(968, 450)	(800, 282)	vert	up	True	823618	824591	up	(800, 450)	testing
15	cx	f	19	2	circle	green	dif	(800, 282)	(800, 618)	vert	up	True	826173	827487	up	(800, 450)	testing
15	cx	f	19	2	diamond	green	dif	(968, 450)	(800, 618)	vert	up	True	828974	830943	up	(800, 450)	testing
15	cx	f	19	2	circle	none	dif	N_dis	(800, 282)	vert	up	True	832324	833599	up	(800, 450)	testing
15	cx	f	19	2	diamond	none	same	N_dis	(800, 618)	vert	up	True	835227	836047	up	(800, 450)	testing
15	cx	f	19	2	circle	red	dif	(800, 618)	(632, 450)	hori	left	True	837680	838623	left	(800, 450)	testing
15	cx	f	19	2	circle	red	same	(800, 282)	(632, 450)	vert	up	True	840266	841455	up	(800, 450)	testing
15	cx	f	19	2	circle	green	same	(800, 618)	(800, 282)	hori	left	True	843082	844159	left	(800, 450)	testing
15	cx	f	19	2	diamond	green	same	(800, 282)	(632, 450)	hori	left	True	845655	846991	left	(800, 450)	testing
15	cx	f	19	2	circle	none	same	N_dis	(800, 282)	vert	up	True	848551	849807	up	(800, 450)	testing
15	cx	f	19	2	diamond	green	same	(800, 618)	(800, 282)	hori	left	True	851363	853007	left	(800, 450)	testing
15	cx	f	19	2	circle	none	same	N_dis	(968, 450)	hori	left	True	854575	855743	left	(800, 450)	testing
15	cx	f	19	2	diamond	none	same	N_dis	(632, 450)	hori	left	True	857171	857967	left	(800, 450)	testing
15	cx	f	19	2	diamond	red	same	(968, 450)	(800, 282)	vert	up	True	859350	860623	up	(800, 450)	testing
15	cx	f	19	2	diamond	green	same	(968, 450)	(632, 450)	vert	up	True	862114	863135	up	(800, 450)	testing
15	cx	f	19	2	circle	green	dif	(800, 618)	(968, 450)	hori	left	True	864619	865775	left	(800, 450)	testing
15	cx	f	19	2	diamond	green	dif	(968, 450)	(632, 450)	vert	up	True	867415	868559	up	(800, 450)	testing
15	cx	f	19	2	circle	none	same	N_dis	(632, 450)	vert	up	True	870093	871455	up	(800, 450)	testing
15	cx	f	19	2	diamond	green	dif	(800, 282)	(968, 450)	vert	up	True	873011	874015	up	(800, 450)	testing
15	cx	f	19	2	circle	green	dif	(800, 282)	(632, 450)	hori	left	True	875449	876447	left	(800, 450)	testing
15	cx	f	19	2	diamond	red	dif	(800, 618)	(632, 450)	hori	left	True	877919	878879	left	(800, 450)	testing
15	cx	f	19	2	circle	red	same	(968, 450)	(800, 282)	vert	up	True	880451	881471	up	(800, 450)	testing
15	cx	f	19	2	diamond	none	same	N_dis	(800, 618)	vert	up	True	882933	883823	up	(800, 450)	testing
15	cx	f	19	2	circle	none	dif	N_dis	(968, 450)	hori	left	True	885369	886319	left	(800, 450)	testing
15	cx	f	19	2	diamond	green	dif	(800, 282)	(800, 618)	vert	up	True	887839	888799	up	(800, 450)	testing
15	cx	f	19	2	circle	green	same	(800, 282)	(632, 450)	hori	left	True	890168	891727	left	(800, 450)	testing
15	cx	f	19	2	diamond	none	dif	N_dis	(632, 450)	hori	left	True	893367	894303	left	(800, 450)	testing
15	cx	f	19	2	circle	green	dif	(800, 618)	(968, 450)	vert	up	True	895686	896591	up	(800, 450)	testing
15	cx	f	19	2	diamond	green	dif	(800, 282)	(968, 450)	hori	left	True	898189	899183	left	(800, 450)	testing
15	cx	f	19	2	circle	green	same	(800, 282)	(632, 450)	vert	up	True	900783	902383	up	(800, 450)	testing
15	cx	f	19	2	circle	green	dif	(800, 618)	(632, 450)	vert	up	True	903938	904751	up	(800, 450)	testing
15	cx	f	19	2	diamond	red	dif	(800, 282)	(632, 450)	vert	up	True	906268	907471	up	(800, 450)	testing
15	cx	f	19	2	circle	green	dif	(968, 450)	(632, 450)	vert	up	True	908948	909759	up	(800, 450)	testing
15	cx	f	19	2	diamond	red	same	(800, 618)	(968, 450)	hori	left	True	911362	912127	left	(800, 450)	testing
15	cx	f	19	2	circle	none	dif	N_dis	(800, 282)	vert	up	True	913749	914543	up	(800, 450)	testing
15	cx	f	19	2	diamond	green	same	(800, 618)	(632, 450)	hori	left	True	915904	917119	left	(800, 450)	testing
15	cx	f	19	2	circle	green	dif	(800, 618)	(968, 450)	vert	up	True	918532	919871	up	(800, 450)	testing
15	cx	f	19	2	diamond	none	dif	N_dis	(800, 618)	vert	up	True	921507	922255	up	(800, 450)	testing
15	cx	f	19	2	circle	green	dif	(968, 450)	(632, 450)	hori	left	True	923643	924719	left	(800, 450)	testing
15	cx	f	19	2	circle	red	same	(968, 450)	(632, 450)	vert	up	True	926075	927791	up	(800, 450)	testing
15	cx	f	19	2	circle	green	dif	(800, 282)	(968, 450)	vert	up	True	929170	930367	up	(800, 450)	testing
15	cx	f	19	2	circle	none	same	N_dis	(632, 450)	vert	up	True	931792	932687	up	(800, 450)	testing
15	cx	f	19	2	diamond	none	dif	N_dis	(968, 450)	vert	up	True	934339	935327	up	(800, 450)	testing
15	cx	f	19	2	diamond	green	same	(800, 282)	(968, 450)	hori	left	True	936891	938351	left	(800, 450)	testing
15	cx	f	19	2	circle	none	same	N_dis	(968, 450)	hori	left	True	939792	940831	left	(800, 450)	testing
15	cx	f	19	2	diamond	none	dif	N_dis	(968, 450)	vert	up	True	942429	943327	up	(800, 450)	testing
15	cx	f	19	2	circle	red	same	(968, 450)	(800, 282)	vert	up	True	944871	945983	up	(800, 450)	testing
15	cx	f	19	2	diamond	none	same	N_dis	(968, 450)	vert	up	True	947338	948111	up	(800, 450)	testing
15	cx	f	19	2	circle	red	same	(800, 282)	(968, 450)	vert	up	True	949509	950431	up	(800, 450)	testing
15	cx	f	19	2	diamond	red	dif	(800, 618)	(800, 282)	hori	left	True	951835	952943	left	(800, 450)	testing
15	cx	f	19	2	circle	red	dif	(968, 450)	(800, 618)	vert	up	True	954553	955711	up	(800, 450)	testing
15	cx	f	19	2	circle	red	same	(968, 450)	(632, 450)	vert	up	True	957235	958095	up	(800, 450)	testing
