subj	name	gender	age	runNum	shape	dist	td_dif	d_loc	t_loc	resp	resp_key	gotKey	startTime	respTime	resp	fix_loc	prac
16	zy	m	19	1	diamond	green	dif	(800, 618)	(968, 450)	vert	up	True	59017	61008	up	(800, 450)	practice
16	zy	m	19	1	circle	green	same	(800, 618)	(800, 282)	hori	left	True	62631	63953	left	(800, 450)	practice
16	zy	m	19	1	circle	green	same	(800, 618)	(632, 450)	hori	left	True	65361	66544	left	(800, 450)	practice
16	zy	m	19	1	diamond	none	same	N_dis	(968, 450)	vert	up	True	68025	69376	up	(800, 450)	practice
16	zy	m	19	1	diamond	green	dif	(800, 618)	(968, 450)	hori	left	True	70852	72064	left	(800, 450)	practice
16	zy	m	19	1	diamond	red	dif	(800, 618)	(800, 282)	hori	left	True	73507	74400	left	(800, 450)	practice
16	zy	m	19	1	diamond	red	dif	(800, 618)	(632, 450)	hori	left	True	75953	76800	left	(800, 450)	practice
16	zy	m	19	1	diamond	none	dif	N_dis	(800, 282)	hori	left	True	78408	80448	left	(800, 450)	practice
16	zy	m	19	1	diamond	green	same	(800, 618)	(968, 450)	vert	up	True	82063	83728	up	(800, 450)	practice
16	zy	m	19	1	circle	none	same	N_dis	(632, 450)	vert	up	True	85150	86336	up	(800, 450)	practice
16	zy	m	19	1	diamond	red	dif	(800, 618)	(800, 282)	hori	left	True	87867	88961	left	(800, 450)	practice
16	zy	m	19	1	diamond	red	same	(800, 618)	(632, 450)	hori	left	True	90357	91504	left	(800, 450)	practice
16	zy	m	19	1	circle	green	dif	(800, 618)	(968, 450)	vert	up	True	93052	94288	up	(800, 450)	practice
16	zy	m	19	1	diamond	none	dif	N_dis	(968, 450)	hori	left	True	95872	96688	left	(800, 450)	practice
16	zy	m	19	1	circle	green	dif	(800, 618)	(800, 282)	hori	left	True	98210	99360	left	(800, 450)	practice
16	zy	m	19	1	circle	red	dif	(800, 618)	(632, 450)	hori	left	True	100944	101776	left	(800, 450)	practice
16	zy	m	19	1	circle	red	same	(800, 618)	(968, 450)	vert	up	True	103250	104176	up	(800, 450)	practice
16	zy	m	19	1	diamond	none	same	N_dis	(632, 450)	vert	up	True	105795	106608	up	(800, 450)	practice
16	zy	m	19	1	circle	red	dif	(800, 618)	(800, 282)	hori	left	True	108207	109712	left	(800, 450)	practice
16	zy	m	19	1	diamond	red	same	(800, 618)	(632, 450)	vert	up	True	111319	112192	up	(800, 450)	practice
16	zy	m	19	1	circle	green	same	(800, 618)	(968, 450)	hori	left	True	113770	114816	left	(800, 450)	practice
16	zy	m	19	1	circle	red	dif	(800, 618)	(800, 282)	vert	up	True	116434	117728	up	(800, 450)	practice
16	zy	m	19	1	diamond	red	same	(800, 618)	(632, 450)	hori	left	True	119376	120320	left	(800, 450)	practice
16	zy	m	19	1	diamond	green	same	(800, 618)	(968, 450)	hori	left	True	121868	122833	left	(800, 450)	practice
16	zy	m	19	1	circle	red	dif	(800, 618)	(800, 282)	vert	up	True	124419	125264	up	(800, 450)	practice
16	zy	m	19	1	diamond	none	same	N_dis	(968, 450)	vert	up	True	126915	127857	up	(800, 450)	practice
16	zy	m	19	1	circle	none	dif	N_dis	(800, 282)	vert	up	True	129445	130432	up	(800, 450)	practice
16	zy	m	19	1	diamond	red	dif	(800, 618)	(632, 450)	vert	up	True	131836	133024	up	(800, 450)	practice
16	zy	m	19	1	diamond	none	dif	N_dis	(800, 618)	hori	left	True	134556	135488	left	(800, 450)	practice
16	zy	m	19	1	circle	green	same	(800, 618)	(968, 450)	hori	left	True	136967	138064	left	(800, 450)	practice
16	zy	m	19	1	circle	none	dif	N_dis	(800, 282)	vert	up	True	139447	140304	up	(800, 450)	practice
16	zy	m	19	1	diamond	red	dif	(800, 618)	(800, 282)	vert	up	True	141699	142432	up	(800, 450)	practice
16	zy	m	19	1	diamond	green	dif	(800, 618)	(632, 450)	hori	left	True	144053	144801	left	(800, 450)	practice
16	zy	m	19	1	circle	none	same	N_dis	(800, 618)	hori	left	True	146355	147264	left	(800, 450)	practice
16	zy	m	19	1	diamond	red	dif	(800, 618)	(968, 450)	vert	up	True	148799	149889	up	(800, 450)	practice
16	zy	m	19	1	diamond	green	dif	(800, 618)	(800, 282)	hori	left	True	151504	152448	left	(800, 450)	practice
16	zy	m	19	1	diamond	red	same	(800, 618)	(632, 450)	vert	up	True	153855	154704	up	(800, 450)	practice
16	zy	m	19	1	circle	none	same	N_dis	(800, 618)	vert	up	True	156125	157248	up	(800, 450)	practice
16	zy	m	19	1	circle	red	same	(800, 618)	(968, 450)	vert	up	True	158893	159696	up	(800, 450)	practice
16	zy	m	19	1	circle	none	same	N_dis	(800, 282)	vert	up	True	161133	161776	up	(800, 450)	practice
16	zy	m	19	1	circle	none	dif	N_dis	(632, 450)	vert	up	True	168627	169280	up	(800, 450)	testing
16	zy	m	19	1	diamond	red	same	(800, 282)	(968, 450)	hori	left	True	170842	172048	left	(800, 450)	testing
16	zy	m	19	1	diamond	none	same	N_dis	(968, 450)	vert	up	True	173533	175296	up	(800, 450)	testing
16	zy	m	19	1	circle	red	same	(800, 282)	(968, 450)	vert	up	True	176900	178288	up	(800, 450)	testing
16	zy	m	19	1	circle	green	dif	(800, 618)	(968, 450)	hori	left	True	179691	181072	left	(800, 450)	testing
16	zy	m	19	1	circle	green	same	(800, 618)	(632, 450)	hori	left	True	182589	183424	left	(800, 450)	testing
16	zy	m	19	1	diamond	none	dif	N_dis	(800, 282)	vert	up	True	184906	185760	up	(800, 450)	testing
16	zy	m	19	1	diamond	none	same	N_dis	(968, 450)	vert	up	True	187408	188208	up	(800, 450)	testing
16	zy	m	19	1	diamond	red	dif	(800, 618)	(632, 450)	vert	up	True	189833	190560	up	(800, 450)	testing
16	zy	m	19	1	diamond	none	same	N_dis	(800, 618)	vert	up	True	192140	193312	up	(800, 450)	testing
16	zy	m	19	1	diamond	green	same	(800, 618)	(800, 282)	hori	left	True	194972	195664	left	(800, 450)	testing
16	zy	m	19	1	circle	green	dif	(800, 282)	(968, 450)	vert	up	True	197105	197905	up	(800, 450)	testing
16	zy	m	19	1	circle	red	same	(968, 450)	(800, 618)	hori	left	True	199518	200656	left	(800, 450)	testing
16	zy	m	19	1	diamond	green	dif	(632, 450)	(800, 282)	vert	up	True	202071	203168	up	(800, 450)	testing
16	zy	m	19	1	diamond	none	dif	N_dis	(632, 450)	vert	up	True	204622	205376	up	(800, 450)	testing
16	zy	m	19	1	diamond	red	same	(800, 282)	(632, 450)	vert	up	True	206925	207776	up	(800, 450)	testing
16	zy	m	19	1	diamond	none	dif	N_dis	(800, 282)	hori	left	True	209176	209808	left	(800, 450)	testing
16	zy	m	19	1	diamond	red	dif	(800, 618)	(632, 450)	vert	up	True	211354	212016	up	(800, 450)	testing
16	zy	m	19	1	diamond	red	same	(800, 618)	(632, 450)	vert	up	True	213636	214144	up	(800, 450)	testing
16	zy	m	19	1	circle	red	same	(800, 618)	(632, 450)	vert	up	True	215673	216320	left	(800, 450)	testing
16	zy	m	19	1	circle	green	same	(800, 618)	(968, 450)	hori	left	False	219266	None	None	(800, 450)	testing
16	zy	m	19	1	diamond	green	same	(800, 282)	(968, 450)	hori	left	True	225289	226112	left	(800, 450)	testing
16	zy	m	19	1	circle	green	same	(968, 450)	(800, 618)	vert	up	True	227564	228816	up	(800, 450)	testing
16	zy	m	19	1	diamond	red	dif	(968, 450)	(800, 618)	vert	up	True	230409	231232	up	(800, 450)	testing
16	zy	m	19	1	circle	green	dif	(800, 282)	(800, 618)	hori	left	True	232791	233680	left	(800, 450)	testing
16	zy	m	19	1	circle	green	same	(800, 618)	(632, 450)	hori	left	True	235096	235953	left	(800, 450)	testing
16	zy	m	19	1	diamond	none	dif	N_dis	(800, 282)	hori	left	True	237509	238320	left	(800, 450)	testing
16	zy	m	19	1	circle	green	same	(800, 618)	(968, 450)	vert	up	True	239714	240816	up	(800, 450)	testing
16	zy	m	19	1	circle	red	same	(800, 282)	(800, 618)	vert	up	True	242265	243120	up	(800, 450)	testing
16	zy	m	19	1	diamond	red	dif	(800, 618)	(800, 282)	vert	up	True	244523	245280	up	(800, 450)	testing
16	zy	m	19	1	circle	red	same	(800, 282)	(968, 450)	vert	up	True	246898	247857	up	(800, 450)	testing
16	zy	m	19	1	circle	red	dif	(968, 450)	(800, 282)	hori	left	True	249329	250240	left	(800, 450)	testing
16	zy	m	19	1	circle	green	dif	(800, 618)	(968, 450)	vert	up	True	251792	252640	up	(800, 450)	testing
16	zy	m	19	1	diamond	red	dif	(800, 618)	(968, 450)	hori	left	True	254259	254945	left	(800, 450)	testing
16	zy	m	19	1	circle	red	dif	(800, 618)	(968, 450)	hori	left	True	256349	257072	left	(800, 450)	testing
16	zy	m	19	1	diamond	red	same	(968, 450)	(800, 618)	vert	up	True	258743	259457	up	(800, 450)	testing
16	zy	m	19	1	diamond	green	same	(800, 618)	(632, 450)	hori	left	True	261022	262496	left	(800, 450)	testing
16	zy	m	19	1	diamond	red	dif	(632, 450)	(800, 282)	hori	left	True	263930	264961	left	(800, 450)	testing
16	zy	m	19	1	circle	red	same	(800, 282)	(800, 618)	vert	up	True	266463	267328	up	(800, 450)	testing
16	zy	m	19	1	circle	red	dif	(632, 450)	(968, 450)	vert	up	True	268824	269680	up	(800, 450)	testing
16	zy	m	19	1	diamond	none	dif	N_dis	(800, 618)	hori	left	True	271107	271889	left	(800, 450)	testing
16	zy	m	19	1	diamond	none	same	N_dis	(800, 618)	hori	left	True	273385	274176	left	(800, 450)	testing
16	zy	m	19	1	diamond	none	same	N_dis	(968, 450)	hori	left	True	275694	277440	left	(800, 450)	testing
16	zy	m	19	1	diamond	green	dif	(800, 618)	(968, 450)	vert	up	True	278996	279712	up	(800, 450)	testing
16	zy	m	19	1	diamond	green	dif	(632, 450)	(968, 450)	vert	up	True	281131	281969	up	(800, 450)	testing
16	zy	m	19	1	diamond	none	dif	N_dis	(800, 618)	hori	left	True	283441	284096	left	(800, 450)	testing
16	zy	m	19	1	circle	green	same	(968, 450)	(800, 618)	vert	up	True	285498	286128	up	(800, 450)	testing
16	zy	m	19	1	circle	none	dif	N_dis	(968, 450)	vert	up	True	287614	288480	up	(800, 450)	testing
16	zy	m	19	1	circle	green	dif	(800, 618)	(800, 282)	vert	up	True	290057	291248	up	(800, 450)	testing
16	zy	m	19	1	diamond	none	same	N_dis	(632, 450)	hori	left	True	292868	293712	left	(800, 450)	testing
16	zy	m	19	1	circle	none	same	N_dis	(800, 282)	hori	left	True	295353	296272	left	(800, 450)	testing
16	zy	m	19	1	diamond	green	same	(800, 282)	(632, 450)	hori	left	True	297759	298640	left	(800, 450)	testing
16	zy	m	19	1	diamond	none	same	N_dis	(632, 450)	hori	left	True	300148	300834	left	(800, 450)	testing
16	zy	m	19	1	diamond	none	dif	N_dis	(968, 450)	hori	left	True	302479	303136	left	(800, 450)	testing
16	zy	m	19	1	circle	green	dif	(800, 618)	(800, 282)	vert	up	True	304731	305616	up	(800, 450)	testing
16	zy	m	19	1	circle	green	dif	(800, 282)	(800, 618)	hori	left	True	307135	308048	up	(800, 450)	testing
16	zy	m	19	1	circle	green	same	(800, 618)	(800, 282)	vert	up	True	311236	312096	up	(800, 450)	testing
16	zy	m	19	1	diamond	green	same	(968, 450)	(800, 618)	hori	left	True	313626	315216	left	(800, 450)	testing
16	zy	m	19	1	diamond	none	same	N_dis	(968, 450)	vert	up	True	316874	317664	up	(800, 450)	testing
16	zy	m	19	1	circle	green	same	(800, 282)	(968, 450)	hori	left	True	319070	320160	left	(800, 450)	testing
16	zy	m	19	1	diamond	green	same	(968, 450)	(632, 450)	vert	up	True	321802	322688	up	(800, 450)	testing
16	zy	m	19	1	diamond	red	dif	(800, 618)	(800, 282)	vert	up	True	324262	325424	up	(800, 450)	testing
16	zy	m	19	1	diamond	red	dif	(800, 618)	(632, 450)	hori	left	True	327067	327744	left	(800, 450)	testing
16	zy	m	19	1	circle	red	dif	(632, 450)	(800, 282)	vert	up	True	329245	330080	up	(800, 450)	testing
16	zy	m	19	1	diamond	red	same	(800, 618)	(800, 282)	vert	up	True	331598	332272	up	(800, 450)	testing
16	zy	m	19	1	diamond	green	dif	(968, 450)	(800, 618)	vert	up	True	333697	334640	up	(800, 450)	testing
16	zy	m	19	1	diamond	red	dif	(800, 618)	(800, 282)	vert	up	True	336172	337104	up	(800, 450)	testing
16	zy	m	19	1	diamond	red	dif	(632, 450)	(800, 618)	vert	up	True	338650	339760	up	(800, 450)	testing
16	zy	m	19	1	circle	green	dif	(800, 618)	(968, 450)	hori	left	True	341266	342704	left	(800, 450)	testing
16	zy	m	19	1	circle	none	same	N_dis	(632, 450)	hori	left	True	344194	345040	left	(800, 450)	testing
16	zy	m	19	1	circle	none	dif	N_dis	(800, 282)	vert	up	True	346458	347264	up	(800, 450)	testing
16	zy	m	19	1	circle	red	dif	(968, 450)	(800, 282)	vert	up	True	348755	349376	up	(800, 450)	testing
16	zy	m	19	1	diamond	green	same	(968, 450)	(632, 450)	hori	left	True	350825	351408	left	(800, 450)	testing
16	zy	m	19	1	circle	none	same	N_dis	(632, 450)	hori	left	True	352998	353921	left	(800, 450)	testing
16	zy	m	19	1	diamond	none	dif	N_dis	(800, 282)	vert	up	True	355418	356112	up	(800, 450)	testing
16	zy	m	19	1	circle	red	same	(800, 618)	(968, 450)	vert	up	True	357667	358624	up	(800, 450)	testing
16	zy	m	19	1	diamond	green	same	(968, 450)	(800, 282)	vert	up	True	360232	361392	up	(800, 450)	testing
16	zy	m	19	1	circle	none	same	N_dis	(632, 450)	vert	up	True	362831	363760	up	(800, 450)	testing
16	zy	m	19	1	diamond	red	same	(800, 282)	(632, 450)	vert	up	True	365297	366288	up	(800, 450)	testing
16	zy	m	19	1	diamond	green	dif	(968, 450)	(632, 450)	hori	left	True	367911	368545	left	(800, 450)	testing
16	zy	m	19	1	circle	none	same	N_dis	(800, 282)	vert	up	True	369994	370720	up	(800, 450)	testing
16	zy	m	19	1	circle	red	dif	(968, 450)	(632, 450)	hori	left	True	372122	372929	left	(800, 450)	testing
16	zy	m	19	1	diamond	red	dif	(800, 282)	(800, 618)	vert	up	True	374602	376608	up	(800, 450)	testing
16	zy	m	19	1	circle	green	same	(800, 282)	(968, 450)	hori	left	True	378052	379264	left	(800, 450)	testing
16	zy	m	19	1	diamond	green	same	(632, 450)	(800, 282)	hori	left	True	380825	381744	left	(800, 450)	testing
16	zy	m	19	1	diamond	red	dif	(632, 450)	(800, 618)	hori	left	True	383381	384800	left	(800, 450)	testing
16	zy	m	19	1	diamond	none	dif	N_dis	(800, 618)	hori	left	True	386473	387248	left	(800, 450)	testing
16	zy	m	19	1	diamond	green	same	(968, 450)	(800, 282)	vert	up	True	388897	390480	up	(800, 450)	testing
16	zy	m	19	1	circle	none	same	N_dis	(632, 450)	hori	left	True	392144	393424	left	(800, 450)	testing
16	zy	m	19	1	diamond	red	same	(800, 282)	(632, 450)	vert	up	True	394935	396240	up	(800, 450)	testing
16	zy	m	19	1	diamond	green	same	(800, 618)	(968, 450)	vert	up	True	397732	398768	up	(800, 450)	testing
16	zy	m	19	1	circle	red	same	(800, 618)	(968, 450)	hori	left	True	400292	401104	left	(800, 450)	testing
16	zy	m	19	1	circle	green	same	(800, 618)	(968, 450)	vert	up	True	402697	403600	up	(800, 450)	testing
16	zy	m	19	1	circle	none	same	N_dis	(800, 618)	hori	left	True	405235	406496	left	(800, 450)	testing
16	zy	m	19	1	circle	green	same	(800, 618)	(632, 450)	vert	up	True	408133	409184	up	(800, 450)	testing
16	zy	m	19	1	diamond	none	dif	N_dis	(968, 450)	vert	up	True	410751	411808	up	(800, 450)	testing
16	zy	m	19	1	diamond	green	dif	(632, 450)	(968, 450)	vert	up	True	413435	414432	up	(800, 450)	testing
16	zy	m	19	1	diamond	green	same	(800, 618)	(632, 450)	hori	left	True	416089	417008	left	(800, 450)	testing
16	zy	m	19	1	diamond	none	same	N_dis	(800, 618)	hori	left	True	418561	419584	left	(800, 450)	testing
16	zy	m	19	1	circle	none	dif	N_dis	(800, 282)	hori	left	True	421049	422272	left	(800, 450)	testing
16	zy	m	19	1	diamond	green	dif	(800, 282)	(632, 450)	vert	up	True	423935	425072	up	(800, 450)	testing
16	zy	m	19	1	circle	green	dif	(800, 618)	(968, 450)	hori	left	True	426654	427712	left	(800, 450)	testing
16	zy	m	19	1	circle	green	same	(800, 618)	(800, 282)	vert	up	True	429263	430288	up	(800, 450)	testing
16	zy	m	19	1	circle	red	same	(800, 282)	(632, 450)	vert	up	True	431858	432865	up	(800, 450)	testing
16	zy	m	19	1	circle	red	dif	(968, 450)	(800, 618)	vert	up	True	434454	435520	up	(800, 450)	testing
16	zy	m	19	1	circle	red	dif	(800, 618)	(632, 450)	hori	left	True	436944	437857	left	(800, 450)	testing
16	zy	m	19	1	diamond	none	dif	N_dis	(800, 618)	vert	up	True	439398	440400	up	(800, 450)	testing
16	zy	m	19	1	diamond	none	same	N_dis	(800, 282)	hori	left	True	441972	442768	left	(800, 450)	testing
16	zy	m	19	1	circle	red	dif	(632, 450)	(800, 618)	vert	up	True	444243	445056	up	(800, 450)	testing
16	zy	m	19	1	diamond	none	same	N_dis	(632, 450)	hori	left	True	446482	447408	left	(800, 450)	testing
16	zy	m	19	1	circle	green	dif	(968, 450)	(632, 450)	hori	left	True	448960	449696	left	(800, 450)	testing
16	zy	m	19	1	diamond	red	dif	(800, 618)	(632, 450)	hori	left	True	451275	452016	left	(800, 450)	testing
16	zy	m	19	1	circle	red	dif	(800, 618)	(632, 450)	hori	left	True	453641	454448	left	(800, 450)	testing
16	zy	m	19	1	diamond	red	same	(632, 450)	(800, 282)	vert	up	True	456001	457392	up	(800, 450)	testing
16	zy	m	19	1	diamond	red	same	(800, 618)	(632, 450)	vert	up	True	459047	459808	up	(800, 450)	testing
16	zy	m	19	1	diamond	none	same	N_dis	(968, 450)	hori	left	True	461293	462656	left	(800, 450)	testing
16	zy	m	19	1	circle	green	same	(968, 450)	(632, 450)	vert	up	True	464187	464977	up	(800, 450)	testing
16	zy	m	19	1	circle	red	dif	(968, 450)	(800, 618)	vert	up	True	466565	467696	up	(800, 450)	testing
16	zy	m	19	1	diamond	red	same	(800, 618)	(800, 282)	vert	up	True	469232	470032	up	(800, 450)	testing
16	zy	m	19	1	diamond	red	same	(800, 618)	(632, 450)	hori	left	True	471528	472304	left	(800, 450)	testing
16	zy	m	19	1	diamond	none	dif	N_dis	(800, 282)	vert	up	True	473821	474480	up	(800, 450)	testing
16	zy	m	19	1	circle	none	dif	N_dis	(800, 618)	vert	up	True	476009	477536	up	(800, 450)	testing
16	zy	m	19	1	diamond	none	same	N_dis	(968, 450)	vert	up	True	479016	479776	up	(800, 450)	testing
16	zy	m	19	1	circle	green	dif	(968, 450)	(632, 450)	vert	up	True	481312	482208	up	(800, 450)	testing
16	zy	m	19	1	diamond	green	dif	(800, 618)	(800, 282)	vert	up	True	483849	485024	up	(800, 450)	testing
16	zy	m	19	1	diamond	red	same	(632, 450)	(800, 618)	hori	left	True	486663	487921	left	(800, 450)	testing
16	zy	m	19	1	circle	red	same	(968, 450)	(632, 450)	vert	up	True	489307	490144	up	(800, 450)	testing
16	zy	m	19	1	diamond	none	dif	N_dis	(800, 282)	vert	up	True	491706	492432	up	(800, 450)	testing
16	zy	m	19	1	diamond	green	same	(800, 618)	(968, 450)	vert	up	True	494044	495184	up	(800, 450)	testing
16	zy	m	19	1	diamond	green	dif	(632, 450)	(800, 282)	vert	up	True	496711	497568	up	(800, 450)	testing
16	zy	m	19	1	diamond	green	same	(800, 618)	(632, 450)	vert	up	True	499072	499696	up	(800, 450)	testing
16	zy	m	19	1	circle	red	dif	(800, 618)	(800, 282)	vert	up	True	501189	502112	up	(800, 450)	testing
16	zy	m	19	1	circle	green	same	(800, 282)	(800, 618)	hori	left	True	503690	504816	left	(800, 450)	testing
16	zy	m	19	1	circle	red	same	(800, 282)	(968, 450)	hori	left	True	506191	507200	left	(800, 450)	testing
16	zy	m	19	1	diamond	red	same	(800, 282)	(632, 450)	vert	up	True	508617	509424	up	(800, 450)	testing
16	zy	m	19	1	diamond	red	dif	(800, 618)	(968, 450)	vert	up	True	510877	511600	up	(800, 450)	testing
16	zy	m	19	1	diamond	red	same	(968, 450)	(800, 282)	hori	left	True	513191	514128	left	(800, 450)	testing
16	zy	m	19	1	diamond	green	dif	(800, 618)	(800, 282)	hori	left	True	515625	516336	left	(800, 450)	testing
16	zy	m	19	1	circle	none	same	N_dis	(968, 450)	hori	left	True	517797	518608	left	(800, 450)	testing
16	zy	m	19	1	diamond	green	same	(968, 450)	(632, 450)	hori	left	True	520192	520816	left	(800, 450)	testing
16	zy	m	19	1	diamond	green	dif	(800, 618)	(968, 450)	vert	up	True	522449	523056	up	(800, 450)	testing
16	zy	m	19	1	diamond	green	dif	(800, 618)	(968, 450)	hori	left	True	524683	525424	left	(800, 450)	testing
16	zy	m	19	1	circle	none	dif	N_dis	(632, 450)	vert	up	True	526865	527616	up	(800, 450)	testing
16	zy	m	19	1	circle	none	same	N_dis	(800, 618)	hori	left	True	529145	529874	up	(800, 450)	testing
16	zy	m	19	1	diamond	red	dif	(968, 450)	(800, 282)	vert	up	True	532925	534000	up	(800, 450)	testing
16	zy	m	19	1	circle	red	same	(800, 618)	(968, 450)	hori	left	True	535540	537616	left	(800, 450)	testing
16	zy	m	19	1	diamond	none	dif	N_dis	(968, 450)	hori	left	True	539152	541072	left	(800, 450)	testing
16	zy	m	19	1	diamond	red	dif	(632, 450)	(800, 282)	vert	up	True	542746	543776	up	(800, 450)	testing
16	zy	m	19	1	diamond	red	same	(968, 450)	(800, 282)	hori	left	True	545269	546656	left	(800, 450)	testing
16	zy	m	19	1	circle	green	dif	(800, 282)	(632, 450)	hori	left	True	548039	549072	left	(800, 450)	testing
16	zy	m	19	1	diamond	green	dif	(800, 618)	(968, 450)	vert	up	True	550508	551617	up	(800, 450)	testing
16	zy	m	19	1	circle	green	dif	(632, 450)	(800, 618)	vert	up	True	553208	554496	up	(800, 450)	testing
16	zy	m	19	1	diamond	green	dif	(800, 618)	(632, 450)	vert	up	True	555926	556961	up	(800, 450)	testing
16	zy	m	19	1	circle	red	dif	(632, 450)	(968, 450)	hori	left	True	558433	559536	left	(800, 450)	testing
16	zy	m	19	1	diamond	none	same	N_dis	(800, 282)	vert	up	True	561145	562080	up	(800, 450)	testing
16	zy	m	19	1	circle	red	same	(632, 450)	(968, 450)	hori	left	True	563502	564400	left	(800, 450)	testing
16	zy	m	19	1	circle	none	same	N_dis	(968, 450)	vert	up	True	565897	567616	up	(800, 450)	testing
16	zy	m	19	1	circle	red	same	(800, 282)	(800, 618)	vert	up	True	569046	570144	up	(800, 450)	testing
16	zy	m	19	1	circle	none	same	N_dis	(632, 450)	vert	up	True	571693	572352	up	(800, 450)	testing
16	zy	m	19	1	circle	none	same	N_dis	(800, 618)	hori	left	True	573801	574656	left	(800, 450)	testing
16	zy	m	19	1	circle	green	dif	(800, 282)	(800, 618)	vert	up	True	576141	577040	up	(800, 450)	testing
16	zy	m	19	1	diamond	red	dif	(800, 618)	(632, 450)	vert	up	True	578460	579312	up	(800, 450)	testing
16	zy	m	19	1	diamond	none	dif	N_dis	(968, 450)	hori	left	True	580912	581600	left	(800, 450)	testing
16	zy	m	19	1	diamond	red	same	(800, 618)	(968, 450)	vert	up	True	583118	583873	up	(800, 450)	testing
16	zy	m	19	1	diamond	red	same	(800, 618)	(632, 450)	hori	left	True	585526	586352	left	(800, 450)	testing
16	zy	m	19	1	circle	green	same	(800, 618)	(800, 282)	vert	up	True	587811	588544	up	(800, 450)	testing
16	zy	m	19	1	circle	green	same	(800, 618)	(632, 450)	vert	up	True	590133	590945	up	(800, 450)	testing
16	zy	m	19	1	circle	red	dif	(800, 282)	(800, 618)	hori	left	True	592367	593200	left	(800, 450)	testing
16	zy	m	19	1	circle	red	dif	(632, 450)	(968, 450)	vert	up	True	594747	595456	up	(800, 450)	testing
16	zy	m	19	1	circle	red	dif	(800, 618)	(800, 282)	vert	up	True	597048	597953	up	(800, 450)	testing
16	zy	m	19	1	diamond	none	dif	N_dis	(632, 450)	vert	up	True	599350	600064	up	(800, 450)	testing
16	zy	m	19	1	circle	none	dif	N_dis	(800, 618)	hori	left	True	601514	602368	left	(800, 450)	testing
16	zy	m	19	1	circle	none	same	N_dis	(968, 450)	hori	left	True	604021	604849	left	(800, 450)	testing
16	zy	m	19	1	diamond	none	same	N_dis	(632, 450)	hori	left	True	606294	606993	left	(800, 450)	testing
16	zy	m	19	1	circle	none	dif	N_dis	(800, 282)	vert	up	True	608651	610192	up	(800, 450)	testing
16	zy	m	19	1	circle	none	same	N_dis	(632, 450)	vert	up	True	611830	612640	up	(800, 450)	testing
16	zy	m	19	1	circle	green	same	(800, 282)	(968, 450)	vert	up	True	614298	615792	up	(800, 450)	testing
16	zy	m	19	1	diamond	green	dif	(632, 450)	(800, 618)	hori	left	True	617272	618833	left	(800, 450)	testing
16	zy	m	19	1	diamond	none	same	N_dis	(968, 450)	hori	left	True	620471	621344	left	(800, 450)	testing
16	zy	m	19	1	circle	red	same	(800, 618)	(968, 450)	vert	up	True	622950	623921	up	(800, 450)	testing
16	zy	m	19	1	circle	red	same	(800, 618)	(968, 450)	hori	left	True	625414	626368	left	(800, 450)	testing
16	zy	m	19	1	circle	red	same	(800, 282)	(968, 450)	vert	up	True	627828	629632	up	(800, 450)	testing
16	zy	m	19	1	circle	red	dif	(632, 450)	(800, 618)	hori	left	True	631168	632416	left	(800, 450)	testing
16	zy	m	19	1	circle	green	dif	(800, 618)	(632, 450)	vert	up	True	633818	634833	up	(800, 450)	testing
16	zy	m	19	1	diamond	green	dif	(968, 450)	(632, 450)	hori	left	True	636458	637536	left	(800, 450)	testing
16	zy	m	19	1	circle	green	same	(632, 450)	(800, 618)	vert	up	True	638994	640304	up	(800, 450)	testing
16	zy	m	19	1	circle	green	same	(800, 282)	(800, 618)	hori	left	True	641761	642784	left	(800, 450)	testing
16	zy	m	19	1	circle	red	same	(632, 450)	(968, 450)	hori	left	True	644319	645280	left	(800, 450)	testing
16	zy	m	19	1	circle	red	dif	(800, 618)	(632, 450)	vert	up	True	646945	648048	up	(800, 450)	testing
16	zy	m	19	1	circle	none	dif	N_dis	(968, 450)	vert	up	True	649597	650592	up	(800, 450)	testing
16	zy	m	19	1	circle	none	dif	N_dis	(800, 618)	vert	up	True	652154	653232	up	(800, 450)	testing
16	zy	m	19	1	diamond	none	same	N_dis	(968, 450)	vert	up	True	654784	656016	up	(800, 450)	testing
16	zy	m	19	1	circle	none	dif	N_dis	(800, 282)	vert	up	True	657549	658640	up	(800, 450)	testing
16	zy	m	19	1	circle	green	dif	(968, 450)	(800, 618)	hori	left	True	660080	661280	left	(800, 450)	testing
16	zy	m	19	1	circle	green	same	(800, 282)	(632, 450)	vert	up	True	662668	663728	up	(800, 450)	testing
16	zy	m	19	1	circle	red	dif	(800, 618)	(800, 282)	vert	up	True	665177	666416	up	(800, 450)	testing
16	zy	m	19	1	diamond	green	dif	(800, 618)	(800, 282)	vert	up	True	667964	669264	up	(800, 450)	testing
16	zy	m	19	1	diamond	green	same	(800, 618)	(968, 450)	hori	left	True	670899	672176	left	(800, 450)	testing
16	zy	m	19	1	circle	none	dif	N_dis	(800, 282)	hori	left	True	673611	674816	left	(800, 450)	testing
16	zy	m	19	1	circle	green	same	(800, 282)	(632, 450)	vert	up	True	676407	677792	up	(800, 450)	testing
16	zy	m	19	1	diamond	green	same	(800, 618)	(632, 450)	hori	left	True	679228	680882	left	(800, 450)	testing
16	zy	m	19	1	circle	none	same	N_dis	(800, 282)	hori	left	True	682341	683648	left	(800, 450)	testing
16	zy	m	19	1	diamond	red	same	(800, 618)	(800, 282)	vert	up	True	685105	686576	up	(800, 450)	testing
16	zy	m	19	1	circle	none	same	N_dis	(968, 450)	hori	left	True	688161	689504	left	(800, 450)	testing
16	zy	m	19	1	circle	none	dif	N_dis	(632, 450)	hori	left	True	690959	691969	left	(800, 450)	testing
16	zy	m	19	1	diamond	none	same	N_dis	(968, 450)	hori	left	True	693492	694816	left	(800, 450)	testing
16	zy	m	19	1	circle	red	dif	(800, 282)	(632, 450)	hori	left	True	696210	697696	left	(800, 450)	testing
16	zy	m	19	1	circle	none	same	N_dis	(800, 282)	hori	left	True	699202	700720	left	(800, 450)	testing
16	zy	m	19	1	diamond	green	same	(968, 450)	(800, 282)	hori	left	True	702227	703264	left	(800, 450)	testing
16	zy	m	19	1	diamond	green	dif	(968, 450)	(800, 282)	hori	left	True	704712	705392	left	(800, 450)	testing
16	zy	m	19	1	circle	green	same	(632, 450)	(800, 282)	vert	up	True	706784	707857	up	(800, 450)	testing
16	zy	m	19	1	diamond	none	same	N_dis	(800, 282)	vert	up	True	709494	710432	up	(800, 450)	testing
16	zy	m	19	1	circle	none	same	N_dis	(800, 618)	hori	left	True	711866	712816	left	(800, 450)	testing
16	zy	m	19	1	circle	none	dif	N_dis	(800, 618)	vert	up	True	714310	715696	up	(800, 450)	testing
16	zy	m	19	1	circle	none	same	N_dis	(968, 450)	vert	up	True	717333	718384	up	(800, 450)	testing
16	zy	m	19	1	diamond	green	same	(968, 450)	(800, 618)	hori	left	True	720021	721408	left	(800, 450)	testing
16	zy	m	19	1	circle	none	dif	N_dis	(800, 282)	vert	up	True	722812	724064	up	(800, 450)	testing
16	zy	m	19	1	diamond	none	same	N_dis	(800, 618)	hori	left	True	725549	726720	left	(800, 450)	testing
16	zy	m	19	1	circle	green	dif	(800, 618)	(800, 282)	vert	up	True	728212	729184	up	(800, 450)	testing
16	zy	m	19	1	diamond	green	dif	(632, 450)	(968, 450)	vert	up	True	730614	731889	up	(800, 450)	testing
16	zy	m	19	1	circle	green	dif	(800, 618)	(968, 450)	vert	up	True	733459	734704	up	(800, 450)	testing
16	zy	m	19	1	diamond	green	same	(800, 618)	(968, 450)	hori	left	True	736111	737857	left	(800, 450)	testing
16	zy	m	19	1	diamond	green	dif	(800, 618)	(632, 450)	hori	left	True	739271	740592	left	(800, 450)	testing
16	zy	m	19	1	diamond	none	same	N_dis	(632, 450)	vert	up	True	742129	743409	up	(800, 450)	testing
16	zy	m	19	1	circle	none	dif	N_dis	(632, 450)	hori	left	True	744985	746768	left	(800, 450)	testing
16	zy	m	19	1	diamond	red	dif	(800, 618)	(800, 282)	hori	left	True	748229	749584	left	(800, 450)	testing
16	zy	m	19	1	circle	green	dif	(800, 282)	(800, 618)	hori	left	True	751118	752144	left	(800, 450)	testing
16	zy	m	19	1	diamond	red	same	(800, 618)	(800, 282)	vert	up	True	753551	754656	up	(800, 450)	testing
16	zy	m	19	1	circle	red	same	(800, 618)	(800, 282)	hori	left	True	756124	757296	left	(800, 450)	testing
16	zy	m	19	1	circle	red	dif	(800, 618)	(800, 282)	vert	up	True	758735	759905	up	(800, 450)	testing
16	zy	m	19	1	diamond	none	same	N_dis	(800, 618)	hori	left	True	761382	762640	left	(800, 450)	testing
16	zy	m	19	1	diamond	green	same	(800, 618)	(800, 282)	hori	left	True	764091	765152	left	(800, 450)	testing
16	zy	m	19	1	diamond	none	same	N_dis	(800, 282)	hori	left	True	766761	767953	left	(800, 450)	testing
16	zy	m	19	1	circle	none	same	N_dis	(632, 450)	vert	up	True	769493	770688	up	(800, 450)	testing
16	zy	m	19	1	diamond	green	dif	(800, 618)	(968, 450)	vert	up	True	772259	773520	up	(800, 450)	testing
16	zy	m	19	1	circle	red	same	(800, 618)	(632, 450)	vert	up	True	775021	776304	up	(800, 450)	testing
16	zy	m	19	1	diamond	green	same	(968, 450)	(800, 282)	vert	up	True	777966	779168	up	(800, 450)	testing
16	zy	m	19	1	diamond	none	dif	N_dis	(632, 450)	vert	up	True	780774	782000	up	(800, 450)	testing
16	zy	m	19	1	diamond	green	dif	(632, 450)	(800, 282)	hori	left	True	783421	784898	left	(800, 450)	testing
16	zy	m	19	1	circle	red	same	(632, 450)	(968, 450)	hori	left	True	786378	787648	left	(800, 450)	testing
16	zy	m	19	1	circle	none	dif	N_dis	(800, 282)	vert	up	True	789209	790448	up	(800, 450)	testing
16	zy	m	19	1	diamond	none	dif	N_dis	(632, 450)	hori	left	True	791875	793056	left	(800, 450)	testing
16	zy	m	19	1	circle	green	same	(632, 450)	(800, 618)	hori	left	True	794621	795985	left	(800, 450)	testing
16	zy	m	19	1	circle	none	same	N_dis	(968, 450)	hori	left	True	797573	798736	left	(800, 450)	testing
16	zy	m	19	1	circle	none	dif	N_dis	(800, 282)	vert	up	True	800200	802496	up	(800, 450)	testing
16	zy	m	19	1	diamond	red	same	(800, 618)	(632, 450)	vert	up	True	803905	805088	up	(800, 450)	testing
16	zy	m	19	1	diamond	none	dif	N_dis	(800, 618)	vert	up	True	806740	807937	up	(800, 450)	testing
16	zy	m	19	1	circle	none	same	N_dis	(632, 450)	vert	up	True	809604	810833	up	(800, 450)	testing
16	zy	m	19	1	diamond	red	same	(800, 618)	(632, 450)	hori	left	True	812482	813792	left	(800, 450)	testing
16	zy	m	19	1	diamond	green	same	(800, 618)	(968, 450)	vert	up	True	815349	816528	up	(800, 450)	testing
16	zy	m	19	1	diamond	green	dif	(800, 618)	(968, 450)	vert	up	True	817970	819152	up	(800, 450)	testing
16	zy	m	19	1	diamond	red	dif	(632, 450)	(800, 618)	vert	up	True	820650	822192	up	(800, 450)	testing
16	zy	m	19	1	diamond	green	dif	(800, 618)	(800, 282)	vert	up	True	823698	825008	up	(800, 450)	testing
16	zy	m	19	1	circle	green	dif	(800, 618)	(968, 450)	vert	up	True	826417	827728	up	(800, 450)	testing
16	zy	m	19	1	diamond	red	same	(800, 618)	(968, 450)	hori	left	True	829119	830416	left	(800, 450)	testing
16	zy	m	19	1	diamond	none	dif	N_dis	(800, 282)	hori	left	True	831869	833088	left	(800, 450)	testing
16	zy	m	19	1	diamond	none	same	N_dis	(632, 450)	hori	left	True	834616	835760	left	(800, 450)	testing
16	zy	m	19	1	circle	green	same	(632, 450)	(800, 282)	vert	up	True	837205	838736	up	(800, 450)	testing
16	zy	m	19	1	diamond	red	same	(800, 618)	(800, 282)	vert	up	True	840139	841360	up	(800, 450)	testing
16	zy	m	19	1	circle	none	dif	N_dis	(632, 450)	vert	up	True	842870	844432	up	(800, 450)	testing
16	zy	m	19	1	diamond	red	same	(800, 618)	(968, 450)	vert	up	True	845977	847248	up	(800, 450)	testing
16	zy	m	19	1	circle	green	dif	(632, 450)	(968, 450)	hori	left	True	848822	850016	left	(800, 450)	testing
16	zy	m	19	1	diamond	red	dif	(632, 450)	(968, 450)	hori	left	True	851413	852913	left	(800, 450)	testing
16	zy	m	19	1	diamond	green	same	(632, 450)	(800, 282)	vert	up	True	854493	855712	up	(800, 450)	testing
16	zy	m	19	1	circle	red	same	(968, 450)	(800, 282)	vert	up	True	857250	858624	up	(800, 450)	testing
16	zy	m	19	1	circle	none	same	N_dis	(800, 618)	vert	up	True	860020	862016	up	(800, 450)	testing
16	zy	m	19	1	circle	none	same	N_dis	(632, 450)	vert	up	True	863554	865040	up	(800, 450)	testing
16	zy	m	19	1	circle	none	same	N_dis	(968, 450)	vert	up	True	866488	867744	up	(800, 450)	testing
16	zy	m	19	1	diamond	none	dif	N_dis	(968, 450)	vert	up	True	869145	870592	up	(800, 450)	testing
16	zy	m	19	1	diamond	green	dif	(800, 618)	(800, 282)	vert	up	True	872028	873425	up	(800, 450)	testing
16	zy	m	19	1	circle	none	dif	N_dis	(800, 618)	vert	up	True	874939	876304	up	(800, 450)	testing
16	zy	m	19	1	diamond	red	same	(968, 450)	(632, 450)	hori	left	True	877764	880273	left	(800, 450)	testing
16	zy	m	19	1	circle	red	same	(968, 450)	(800, 618)	vert	up	True	881822	883184	up	(800, 450)	testing
16	zy	m	19	1	circle	red	dif	(800, 282)	(632, 450)	vert	up	True	884668	886048	up	(800, 450)	testing
16	zy	m	19	1	diamond	none	same	N_dis	(800, 618)	hori	left	True	887640	889296	left	(800, 450)	testing
16	zy	m	19	1	diamond	red	dif	(800, 618)	(800, 282)	vert	up	True	890762	892128	up	(800, 450)	testing
16	zy	m	19	1	circle	green	dif	(800, 618)	(800, 282)	vert	up	True	893605	894784	up	(800, 450)	testing
16	zy	m	19	1	circle	none	dif	N_dis	(800, 282)	vert	up	True	896382	897552	up	(800, 450)	testing
16	zy	m	19	1	diamond	none	dif	N_dis	(800, 618)	hori	left	True	899166	900432	left	(800, 450)	testing
16	zy	m	19	1	circle	none	dif	N_dis	(968, 450)	hori	left	True	902046	903392	left	(800, 450)	testing
16	zy	m	19	1	circle	green	dif	(800, 282)	(968, 450)	vert	up	True	904839	906336	up	(800, 450)	testing
16	zy	m	19	1	diamond	red	dif	(632, 450)	(800, 618)	vert	up	True	907837	909296	up	(800, 450)	testing
16	zy	m	19	1	circle	green	dif	(800, 618)	(800, 282)	hori	left	True	910882	912512	left	(800, 450)	testing
16	zy	m	19	1	diamond	red	dif	(632, 450)	(800, 618)	vert	up	True	913968	915296	up	(800, 450)	testing
16	zy	m	19	1	circle	none	dif	N_dis	(968, 450)	hori	left	True	916831	918000	left	(800, 450)	testing
16	zy	m	19	1	diamond	red	dif	(800, 618)	(632, 450)	hori	left	True	919494	920656	left	(800, 450)	testing
16	zy	m	19	1	circle	red	dif	(800, 282)	(968, 450)	hori	left	True	922228	923504	left	(800, 450)	testing
16	zy	m	19	1	diamond	none	dif	N_dis	(800, 618)	vert	up	True	925063	926448	up	(800, 450)	testing
16	zy	m	19	1	circle	red	dif	(800, 282)	(800, 618)	vert	up	True	927866	929280	up	(800, 450)	testing
16	zy	m	19	1	diamond	none	dif	N_dis	(800, 282)	hori	left	True	930670	932016	left	(800, 450)	testing
16	zy	m	19	1	circle	none	dif	N_dis	(632, 450)	hori	left	True	933639	934881	left	(800, 450)	testing
16	zy	m	19	1	circle	red	same	(800, 618)	(632, 450)	vert	up	True	936257	937344	up	(800, 450)	testing
16	zy	m	19	1	circle	red	dif	(968, 450)	(800, 282)	hori	left	True	939013	940208	left	(800, 450)	testing
16	zy	m	19	1	circle	green	dif	(800, 618)	(632, 450)	hori	left	True	941584	942961	left	(800, 450)	testing
16	zy	m	19	1	circle	green	same	(632, 450)	(968, 450)	vert	up	True	944560	945760	up	(800, 450)	testing
16	zy	m	19	1	circle	red	same	(800, 618)	(800, 282)	vert	up	True	947334	948496	up	(800, 450)	testing
16	zy	m	19	1	circle	none	dif	N_dis	(800, 618)	vert	up	True	949903	950833	up	(800, 450)	testing
16	zy	m	19	1	diamond	red	dif	(632, 450)	(800, 282)	hori	left	True	952367	953520	left	(800, 450)	testing
16	zy	m	19	1	diamond	green	same	(968, 450)	(632, 450)	hori	left	True	955054	956112	left	(800, 450)	testing
16	zy	m	19	1	diamond	none	dif	N_dis	(800, 618)	vert	up	True	957730	959008	up	(800, 450)	testing
