subj	name	gender	age	runNum	shape	dist	td_dif	d_loc	t_loc	resp	resp_key	gotKey	startTime	respTime	resp	fix_loc	prac
16	zy	m	19	2	diamond	none	dif	N_dis	(800, 618)	hori	left	True	9578	10508	left	(800, 450)	testing
16	zy	m	19	2	circle	none	dif	N_dis	(968, 450)	hori	left	True	12047	13019	left	(800, 450)	testing
16	zy	m	19	2	circle	none	dif	N_dis	(800, 618)	vert	up	True	14604	15644	up	(800, 450)	testing
16	zy	m	19	2	circle	red	same	(632, 450)	(800, 282)	hori	left	True	17264	18443	left	(800, 450)	testing
16	zy	m	19	2	diamond	none	same	N_dis	(632, 450)	vert	up	True	19899	20892	up	(800, 450)	testing
16	zy	m	19	2	circle	green	same	(632, 450)	(968, 450)	hori	left	True	22504	23740	left	(800, 450)	testing
16	zy	m	19	2	circle	red	same	(968, 450)	(800, 282)	vert	up	True	25132	26235	up	(800, 450)	testing
16	zy	m	19	2	circle	red	dif	(632, 450)	(968, 450)	vert	up	True	27622	28892	up	(800, 450)	testing
16	zy	m	19	2	diamond	none	same	N_dis	(632, 450)	vert	up	True	30420	31516	up	(800, 450)	testing
16	zy	m	19	2	circle	green	dif	(632, 450)	(968, 450)	vert	up	True	32949	33869	up	(800, 450)	testing
16	zy	m	19	2	circle	none	same	N_dis	(968, 450)	vert	up	True	35410	36363	up	(800, 450)	testing
16	zy	m	19	2	diamond	green	dif	(800, 282)	(632, 450)	vert	up	True	37897	38941	up	(800, 450)	testing
16	zy	m	19	2	diamond	none	dif	N_dis	(632, 450)	vert	up	True	40401	41403	up	(800, 450)	testing
16	zy	m	19	2	circle	red	same	(968, 450)	(632, 450)	hori	left	True	42919	43772	left	(800, 450)	testing
16	zy	m	19	2	diamond	none	same	N_dis	(800, 282)	vert	up	True	45254	46556	up	(800, 450)	testing
16	zy	m	19	2	circle	green	dif	(632, 450)	(800, 282)	hori	left	True	48202	49339	left	(800, 450)	testing
16	zy	m	19	2	diamond	red	same	(632, 450)	(800, 618)	vert	up	True	50972	51884	up	(800, 450)	testing
16	zy	m	19	2	circle	green	same	(632, 450)	(800, 282)	vert	up	True	53259	54412	up	(800, 450)	testing
16	zy	m	19	2	circle	green	dif	(800, 282)	(968, 450)	hori	left	True	56007	57051	left	(800, 450)	testing
16	zy	m	19	2	diamond	red	dif	(968, 450)	(800, 282)	vert	up	True	58432	59179	up	(800, 450)	testing
16	zy	m	19	2	circle	none	same	N_dis	(632, 450)	hori	left	True	60601	61403	left	(800, 450)	testing
16	zy	m	19	2	circle	green	dif	(632, 450)	(800, 282)	vert	up	True	62904	63724	up	(800, 450)	testing
16	zy	m	19	2	circle	red	same	(632, 450)	(968, 450)	hori	left	True	65236	66011	left	(800, 450)	testing
16	zy	m	19	2	diamond	none	dif	N_dis	(800, 282)	hori	left	True	67589	68347	left	(800, 450)	testing
16	zy	m	19	2	diamond	green	same	(800, 282)	(968, 450)	vert	up	True	69988	71131	up	(800, 450)	testing
16	zy	m	19	2	diamond	green	same	(800, 282)	(968, 450)	vert	up	True	72656	73804	up	(800, 450)	testing
16	zy	m	19	2	diamond	none	same	N_dis	(800, 282)	vert	up	True	75455	76540	up	(800, 450)	testing
16	zy	m	19	2	circle	none	dif	N_dis	(632, 450)	hori	left	True	77974	78780	left	(800, 450)	testing
16	zy	m	19	2	diamond	green	dif	(800, 282)	(800, 618)	vert	up	True	80213	81387	up	(800, 450)	testing
16	zy	m	19	2	circle	none	dif	N_dis	(800, 618)	hori	left	True	83014	84043	left	(800, 450)	testing
16	zy	m	19	2	diamond	green	dif	(800, 282)	(800, 618)	vert	up	True	85431	86492	up	(800, 450)	testing
16	zy	m	19	2	circle	none	same	N_dis	(968, 450)	hori	left	True	88086	88892	left	(800, 450)	testing
16	zy	m	19	2	diamond	none	dif	N_dis	(800, 618)	vert	up	True	90443	91211	up	(800, 450)	testing
16	zy	m	19	2	diamond	none	same	N_dis	(800, 618)	hori	left	True	92852	93916	left	(800, 450)	testing
16	zy	m	19	2	circle	none	dif	N_dis	(800, 282)	hori	left	True	95499	96524	left	(800, 450)	testing
16	zy	m	19	2	circle	none	dif	N_dis	(800, 282)	vert	up	True	97928	99612	up	(800, 450)	testing
16	zy	m	19	2	circle	green	dif	(968, 450)	(800, 282)	hori	left	True	101162	102636	left	(800, 450)	testing
16	zy	m	19	2	diamond	red	same	(632, 450)	(800, 282)	vert	up	True	104012	105163	up	(800, 450)	testing
16	zy	m	19	2	diamond	red	same	(800, 282)	(968, 450)	hori	left	True	106721	108075	left	(800, 450)	testing
16	zy	m	19	2	circle	green	dif	(632, 450)	(968, 450)	vert	up	True	109677	110940	up	(800, 450)	testing
16	zy	m	19	2	diamond	red	dif	(968, 450)	(800, 618)	vert	up	True	112581	114411	up	(800, 450)	testing
16	zy	m	19	2	diamond	none	same	N_dis	(968, 450)	hori	left	True	116071	116845	left	(800, 450)	testing
16	zy	m	19	2	diamond	red	dif	(968, 450)	(800, 282)	hori	left	True	118439	119355	left	(800, 450)	testing
16	zy	m	19	2	diamond	red	same	(632, 450)	(968, 450)	hori	left	True	120757	121981	left	(800, 450)	testing
16	zy	m	19	2	diamond	none	same	N_dis	(968, 450)	hori	left	True	123501	124187	left	(800, 450)	testing
16	zy	m	19	2	circle	red	dif	(632, 450)	(968, 450)	vert	up	True	125731	127004	up	(800, 450)	testing
16	zy	m	19	2	circle	green	dif	(632, 450)	(800, 282)	hori	left	True	128552	129772	left	(800, 450)	testing
16	zy	m	19	2	circle	green	same	(968, 450)	(632, 450)	vert	up	True	131421	132379	up	(800, 450)	testing
16	zy	m	19	2	circle	none	same	N_dis	(800, 618)	vert	up	True	133879	134908	up	(800, 450)	testing
16	zy	m	19	2	circle	none	same	N_dis	(632, 450)	vert	up	True	136565	137324	up	(800, 450)	testing
16	zy	m	19	2	diamond	none	dif	N_dis	(800, 618)	vert	up	True	138707	139980	up	(800, 450)	testing
16	zy	m	19	2	circle	none	dif	N_dis	(632, 450)	hori	left	True	141632	142668	left	(800, 450)	testing
16	zy	m	19	2	circle	none	dif	N_dis	(800, 282)	hori	left	True	144167	145291	left	(800, 450)	testing
16	zy	m	19	2	circle	none	same	N_dis	(632, 450)	vert	up	True	146904	148139	up	(800, 450)	testing
16	zy	m	19	2	diamond	green	same	(800, 282)	(632, 450)	hori	left	True	149751	150812	left	(800, 450)	testing
16	zy	m	19	2	diamond	none	dif	N_dis	(800, 282)	vert	up	True	152403	153676	up	(800, 450)	testing
16	zy	m	19	2	diamond	green	dif	(800, 282)	(632, 450)	vert	up	True	155188	156155	up	(800, 450)	testing
16	zy	m	19	2	diamond	green	same	(968, 450)	(632, 450)	vert	up	True	157703	158524	up	(800, 450)	testing
16	zy	m	19	2	circle	red	dif	(800, 282)	(800, 618)	hori	left	True	160064	161820	left	(800, 450)	testing
16	zy	m	19	2	diamond	red	dif	(632, 450)	(800, 618)	hori	left	True	163215	164796	left	(800, 450)	testing
16	zy	m	19	2	diamond	red	same	(800, 282)	(800, 618)	vert	up	True	166421	167275	up	(800, 450)	testing
16	zy	m	19	2	diamond	none	same	N_dis	(800, 282)	vert	up	True	168845	169596	up	(800, 450)	testing
16	zy	m	19	2	diamond	red	dif	(632, 450)	(800, 282)	hori	left	True	171141	172267	left	(800, 450)	testing
16	zy	m	19	2	circle	none	same	N_dis	(632, 450)	hori	left	True	173655	174764	left	(800, 450)	testing
16	zy	m	19	2	circle	none	same	N_dis	(800, 618)	hori	left	True	176217	177323	left	(800, 450)	testing
16	zy	m	19	2	circle	none	dif	N_dis	(800, 618)	hori	left	True	178724	179804	left	(800, 450)	testing
16	zy	m	19	2	diamond	none	same	N_dis	(632, 450)	vert	up	True	181273	182363	up	(800, 450)	testing
16	zy	m	19	2	diamond	green	same	(800, 282)	(968, 450)	vert	up	True	183912	185147	up	(800, 450)	testing
16	zy	m	19	2	diamond	red	same	(968, 450)	(800, 618)	hori	left	True	186551	187660	left	(800, 450)	testing
16	zy	m	19	2	circle	red	same	(800, 618)	(968, 450)	vert	up	True	189288	190524	up	(800, 450)	testing
16	zy	m	19	2	diamond	green	dif	(800, 282)	(800, 618)	hori	left	True	191923	193179	left	(800, 450)	testing
16	zy	m	19	2	diamond	none	same	N_dis	(968, 450)	vert	up	True	194692	195804	up	(800, 450)	testing
16	zy	m	19	2	diamond	none	same	N_dis	(800, 618)	hori	left	True	197437	198476	left	(800, 450)	testing
16	zy	m	19	2	diamond	green	dif	(632, 450)	(800, 618)	hori	left	True	200079	201259	left	(800, 450)	testing
16	zy	m	19	2	diamond	none	same	N_dis	(968, 450)	hori	left	True	202770	204235	left	(800, 450)	testing
16	zy	m	19	2	diamond	green	same	(800, 282)	(968, 450)	vert	up	True	205800	206620	up	(800, 450)	testing
16	zy	m	19	2	diamond	green	dif	(632, 450)	(800, 282)	hori	left	True	208241	209083	left	(800, 450)	testing
16	zy	m	19	2	diamond	none	same	N_dis	(800, 618)	vert	up	True	210542	211451	up	(800, 450)	testing
16	zy	m	19	2	circle	none	same	N_dis	(632, 450)	vert	up	True	213120	213948	up	(800, 450)	testing
16	zy	m	19	2	diamond	red	dif	(968, 450)	(632, 450)	hori	left	True	215339	216235	left	(800, 450)	testing
16	zy	m	19	2	circle	green	dif	(800, 618)	(800, 282)	vert	up	True	217668	218492	up	(800, 450)	testing
16	zy	m	19	2	circle	green	dif	(968, 450)	(800, 618)	vert	up	True	219902	221067	up	(800, 450)	testing
16	zy	m	19	2	circle	none	dif	N_dis	(632, 450)	vert	up	True	222509	223259	up	(800, 450)	testing
16	zy	m	19	2	diamond	red	dif	(800, 282)	(800, 618)	hori	left	True	224868	225661	left	(800, 450)	testing
16	zy	m	19	2	diamond	red	dif	(632, 450)	(968, 450)	vert	up	True	227111	227788	up	(800, 450)	testing
16	zy	m	19	2	diamond	none	same	N_dis	(800, 618)	vert	up	True	229238	230011	up	(800, 450)	testing
16	zy	m	19	2	circle	red	dif	(800, 282)	(800, 618)	hori	left	True	231480	232427	left	(800, 450)	testing
16	zy	m	19	2	circle	red	dif	(968, 450)	(800, 618)	vert	up	True	234048	235019	up	(800, 450)	testing
16	zy	m	19	2	circle	green	same	(800, 282)	(968, 450)	vert	up	True	236664	237532	up	(800, 450)	testing
16	zy	m	19	2	circle	green	same	(968, 450)	(800, 282)	hori	left	True	239179	240107	left	(800, 450)	testing
16	zy	m	19	2	diamond	green	same	(800, 282)	(632, 450)	hori	left	True	241738	242780	left	(800, 450)	testing
16	zy	m	19	2	diamond	red	dif	(968, 450)	(800, 282)	vert	up	True	244292	245227	up	(800, 450)	testing
16	zy	m	19	2	diamond	none	dif	N_dis	(968, 450)	vert	up	True	246682	247756	up	(800, 450)	testing
16	zy	m	19	2	circle	green	same	(968, 450)	(800, 282)	vert	up	True	249243	250347	up	(800, 450)	testing
16	zy	m	19	2	diamond	red	dif	(968, 450)	(800, 282)	hori	left	True	251837	252716	left	(800, 450)	testing
16	zy	m	19	2	diamond	red	same	(968, 450)	(632, 450)	vert	up	True	254384	255307	up	(800, 450)	testing
16	zy	m	19	2	diamond	red	same	(800, 282)	(968, 450)	vert	up	True	256772	257761	up	(800, 450)	testing
16	zy	m	19	2	diamond	green	same	(632, 450)	(800, 618)	hori	left	True	259421	260605	left	(800, 450)	testing
16	zy	m	19	2	diamond	none	same	N_dis	(800, 282)	hori	left	True	262183	262797	left	(800, 450)	testing
16	zy	m	19	2	circle	none	dif	N_dis	(968, 450)	hori	left	True	264412	265132	left	(800, 450)	testing
16	zy	m	19	2	diamond	green	dif	(632, 450)	(800, 618)	vert	up	True	266676	268043	up	(800, 450)	testing
16	zy	m	19	2	circle	none	same	N_dis	(800, 618)	vert	up	True	269460	270427	up	(800, 450)	testing
16	zy	m	19	2	diamond	green	same	(632, 450)	(968, 450)	vert	up	True	272041	272796	up	(800, 450)	testing
16	zy	m	19	2	circle	green	same	(968, 450)	(800, 282)	vert	up	True	274336	275548	up	(800, 450)	testing
16	zy	m	19	2	circle	none	dif	N_dis	(800, 618)	hori	left	True	277108	277868	left	(800, 450)	testing
16	zy	m	19	2	diamond	red	same	(800, 282)	(800, 618)	vert	up	True	279435	280251	up	(800, 450)	testing
16	zy	m	19	2	circle	green	same	(632, 450)	(800, 618)	hori	left	True	281702	282396	left	(800, 450)	testing
16	zy	m	19	2	diamond	none	same	N_dis	(968, 450)	vert	up	True	283808	284573	up	(800, 450)	testing
16	zy	m	19	2	circle	none	same	N_dis	(800, 282)	hori	left	True	286211	287597	left	(800, 450)	testing
16	zy	m	19	2	diamond	green	same	(800, 282)	(632, 450)	vert	up	True	289210	290556	up	(800, 450)	testing
16	zy	m	19	2	circle	none	same	N_dis	(968, 450)	hori	left	True	292023	292812	left	(800, 450)	testing
16	zy	m	19	2	diamond	green	dif	(968, 450)	(632, 450)	hori	left	True	294225	294988	left	(800, 450)	testing
16	zy	m	19	2	diamond	green	same	(800, 282)	(968, 450)	hori	left	True	296526	298075	left	(800, 450)	testing
16	zy	m	19	2	circle	red	dif	(632, 450)	(968, 450)	vert	up	True	299736	300956	up	(800, 450)	testing
16	zy	m	19	2	circle	none	dif	N_dis	(632, 450)	hori	left	True	302612	303516	left	(800, 450)	testing
16	zy	m	19	2	diamond	green	same	(800, 282)	(968, 450)	vert	up	True	305030	306219	up	(800, 450)	testing
16	zy	m	19	2	circle	green	same	(632, 450)	(800, 618)	hori	left	True	307879	309211	left	(800, 450)	testing
16	zy	m	19	2	circle	green	dif	(800, 282)	(800, 618)	vert	up	True	310799	311884	up	(800, 450)	testing
16	zy	m	19	2	circle	none	same	N_dis	(632, 450)	vert	up	True	313379	314764	up	(800, 450)	testing
16	zy	m	19	2	diamond	red	dif	(968, 450)	(800, 618)	hori	left	True	316391	317740	left	(800, 450)	testing
16	zy	m	19	2	diamond	red	dif	(632, 450)	(968, 450)	hori	left	True	319299	320059	left	(800, 450)	testing
16	zy	m	19	2	circle	red	dif	(968, 450)	(800, 618)	vert	up	True	321596	322780	up	(800, 450)	testing
16	zy	m	19	2	circle	red	dif	(968, 450)	(632, 450)	hori	left	True	324278	325003	left	(800, 450)	testing
16	zy	m	19	2	diamond	red	same	(800, 282)	(632, 450)	vert	up	True	326442	327644	up	(800, 450)	testing
16	zy	m	19	2	diamond	red	same	(800, 282)	(632, 450)	vert	up	True	329155	330027	up	(800, 450)	testing
16	zy	m	19	2	diamond	green	same	(632, 450)	(800, 282)	hori	left	True	331532	332892	left	(800, 450)	testing
16	zy	m	19	2	diamond	red	same	(632, 450)	(800, 282)	hori	left	True	334275	334973	left	(800, 450)	testing
16	zy	m	19	2	circle	none	dif	N_dis	(800, 282)	vert	up	True	336375	337692	up	(800, 450)	testing
16	zy	m	19	2	circle	green	dif	(968, 450)	(800, 282)	vert	up	True	339079	340043	up	(800, 450)	testing
16	zy	m	19	2	circle	red	same	(800, 282)	(632, 450)	hori	left	True	341421	342796	left	(800, 450)	testing
16	zy	m	19	2	diamond	green	dif	(800, 282)	(968, 450)	hori	left	True	344328	345387	left	(800, 450)	testing
16	zy	m	19	2	diamond	none	same	N_dis	(800, 618)	vert	up	True	346821	348171	up	(800, 450)	testing
16	zy	m	19	2	diamond	green	dif	(968, 450)	(800, 618)	vert	up	True	349766	351067	up	(800, 450)	testing
16	zy	m	19	2	circle	red	same	(632, 450)	(800, 618)	vert	up	True	352650	354027	up	(800, 450)	testing
16	zy	m	19	2	circle	red	same	(800, 282)	(968, 450)	vert	up	True	355666	356620	up	(800, 450)	testing
16	zy	m	19	2	diamond	red	dif	(800, 282)	(632, 450)	vert	up	True	358187	359083	up	(800, 450)	testing
16	zy	m	19	2	diamond	green	same	(632, 450)	(800, 618)	hori	left	True	360730	361596	left	(800, 450)	testing
16	zy	m	19	2	circle	none	same	N_dis	(800, 282)	hori	left	True	363096	364107	left	(800, 450)	testing
16	zy	m	19	2	circle	red	dif	(632, 450)	(800, 282)	vert	up	True	365550	366443	up	(800, 450)	testing
16	zy	m	19	2	circle	red	same	(968, 450)	(800, 618)	hori	left	True	368113	369387	left	(800, 450)	testing
16	zy	m	19	2	circle	red	dif	(800, 282)	(968, 450)	hori	left	True	371006	371692	left	(800, 450)	testing
16	zy	m	19	2	circle	green	same	(800, 282)	(968, 450)	vert	up	True	373210	374283	up	(800, 450)	testing
16	zy	m	19	2	circle	red	dif	(968, 450)	(800, 282)	hori	left	True	375671	376716	left	(800, 450)	testing
16	zy	m	19	2	diamond	green	same	(968, 450)	(800, 282)	vert	up	True	378224	379596	up	(800, 450)	testing
16	zy	m	19	2	diamond	green	same	(632, 450)	(968, 450)	vert	up	True	381192	382043	up	(800, 450)	testing
16	zy	m	19	2	diamond	red	dif	(800, 282)	(632, 450)	vert	up	True	383660	384828	up	(800, 450)	testing
16	zy	m	19	2	circle	green	dif	(632, 450)	(968, 450)	hori	left	True	386329	387083	left	(800, 450)	testing
16	zy	m	19	2	diamond	green	same	(632, 450)	(800, 282)	hori	left	True	388462	389243	left	(800, 450)	testing
16	zy	m	19	2	circle	green	dif	(800, 282)	(632, 450)	vert	up	True	390875	392012	up	(800, 450)	testing
16	zy	m	19	2	diamond	none	dif	N_dis	(800, 282)	hori	left	True	393401	394508	left	(800, 450)	testing
16	zy	m	19	2	circle	red	dif	(632, 450)	(800, 618)	hori	left	True	396067	397212	left	(800, 450)	testing
16	zy	m	19	2	diamond	none	dif	N_dis	(800, 282)	vert	up	True	398641	399419	up	(800, 450)	testing
16	zy	m	19	2	circle	red	same	(632, 450)	(800, 618)	hori	left	True	401065	402075	left	(800, 450)	testing
16	zy	m	19	2	diamond	green	dif	(800, 618)	(968, 450)	vert	up	True	403514	404540	up	(800, 450)	testing
16	zy	m	19	2	circle	none	same	N_dis	(800, 618)	vert	up	True	406170	407291	up	(800, 450)	testing
16	zy	m	19	2	diamond	red	same	(632, 450)	(968, 450)	vert	up	True	408742	409371	up	(800, 450)	testing
16	zy	m	19	2	circle	none	same	N_dis	(968, 450)	hori	left	True	410930	411628	left	(800, 450)	testing
16	zy	m	19	2	diamond	red	same	(632, 450)	(800, 618)	vert	up	True	413290	414299	up	(800, 450)	testing
16	zy	m	19	2	circle	none	same	N_dis	(800, 618)	vert	up	True	415876	416908	up	(800, 450)	testing
16	zy	m	19	2	diamond	green	dif	(800, 282)	(800, 618)	hori	left	True	418360	419419	left	(800, 450)	testing
16	zy	m	19	2	circle	none	dif	N_dis	(968, 450)	vert	up	True	420975	421836	up	(800, 450)	testing
16	zy	m	19	2	circle	red	same	(800, 282)	(632, 450)	vert	up	True	423451	424363	up	(800, 450)	testing
16	zy	m	19	2	circle	red	dif	(800, 282)	(968, 450)	vert	up	True	425776	426732	up	(800, 450)	testing
16	zy	m	19	2	circle	none	dif	N_dis	(800, 618)	hori	left	True	428265	429163	left	(800, 450)	testing
16	zy	m	19	2	diamond	red	dif	(968, 450)	(800, 282)	vert	up	True	430755	432027	up	(800, 450)	testing
16	zy	m	19	2	diamond	red	same	(800, 282)	(800, 618)	vert	up	True	433418	434508	up	(800, 450)	testing
16	zy	m	19	2	circle	green	same	(968, 450)	(632, 450)	vert	up	True	435955	436812	up	(800, 450)	testing
16	zy	m	19	2	diamond	none	dif	N_dis	(800, 618)	hori	left	True	438289	439339	left	(800, 450)	testing
16	zy	m	19	2	diamond	red	same	(968, 450)	(800, 618)	hori	left	True	440964	442059	left	(800, 450)	testing
16	zy	m	19	2	circle	red	same	(800, 282)	(800, 618)	vert	up	True	443566	444604	up	(800, 450)	testing
16	zy	m	19	2	diamond	green	same	(800, 618)	(632, 450)	hori	left	True	446045	447307	left	(800, 450)	testing
16	zy	m	19	2	diamond	none	dif	N_dis	(800, 282)	vert	up	True	448805	449484	up	(800, 450)	testing
16	zy	m	19	2	circle	none	same	N_dis	(968, 450)	hori	left	True	451023	452075	left	(800, 450)	testing
16	zy	m	19	2	diamond	none	dif	N_dis	(800, 282)	vert	up	True	453723	454668	up	(800, 450)	testing
16	zy	m	19	2	circle	green	dif	(968, 450)	(800, 618)	hori	left	True	456159	457243	left	(800, 450)	testing
16	zy	m	19	2	diamond	green	dif	(800, 618)	(632, 450)	vert	up	True	458905	460091	up	(800, 450)	testing
16	zy	m	19	2	circle	green	same	(800, 282)	(800, 618)	vert	up	True	461554	462684	up	(800, 450)	testing
16	zy	m	19	2	diamond	green	same	(800, 282)	(800, 618)	hori	left	True	464229	465692	left	(800, 450)	testing
16	zy	m	19	2	diamond	green	dif	(800, 282)	(632, 450)	vert	up	True	467344	468411	up	(800, 450)	testing
16	zy	m	19	2	diamond	red	dif	(968, 450)	(632, 450)	vert	up	True	469974	471019	up	(800, 450)	testing
16	zy	m	19	2	diamond	red	dif	(800, 282)	(968, 450)	vert	up	True	472538	473435	up	(800, 450)	testing
16	zy	m	19	2	diamond	none	same	N_dis	(632, 450)	vert	up	True	474977	475820	up	(800, 450)	testing
16	zy	m	19	2	circle	none	same	N_dis	(632, 450)	vert	up	True	477453	478524	up	(800, 450)	testing
16	zy	m	19	2	circle	red	same	(632, 450)	(968, 450)	hori	left	True	480162	481099	left	(800, 450)	testing
16	zy	m	19	2	circle	green	same	(968, 450)	(800, 618)	hori	left	True	482539	483564	left	(800, 450)	testing
16	zy	m	19	2	circle	none	dif	N_dis	(800, 618)	hori	left	True	485129	486027	left	(800, 450)	testing
16	zy	m	19	2	circle	none	dif	N_dis	(968, 450)	vert	up	True	487451	488171	up	(800, 450)	testing
16	zy	m	19	2	diamond	red	same	(800, 282)	(632, 450)	hori	left	True	489818	490556	left	(800, 450)	testing
16	zy	m	19	2	diamond	none	same	N_dis	(800, 282)	hori	left	True	492187	492812	left	(800, 450)	testing
16	zy	m	19	2	circle	none	same	N_dis	(800, 282)	hori	left	True	494337	495243	left	(800, 450)	testing
16	zy	m	19	2	diamond	none	dif	N_dis	(968, 450)	hori	left	True	496798	497724	left	(800, 450)	testing
16	zy	m	19	2	circle	red	dif	(632, 450)	(800, 618)	hori	left	True	499393	500235	left	(800, 450)	testing
16	zy	m	19	2	diamond	red	dif	(632, 450)	(800, 282)	vert	up	True	501763	503644	up	(800, 450)	testing
16	zy	m	19	2	diamond	green	dif	(632, 450)	(800, 618)	hori	left	True	505214	506107	left	(800, 450)	testing
16	zy	m	19	2	diamond	none	same	N_dis	(800, 282)	vert	up	True	507762	508411	up	(800, 450)	testing
16	zy	m	19	2	diamond	none	dif	N_dis	(968, 450)	hori	left	True	509933	510668	left	(800, 450)	testing
16	zy	m	19	2	diamond	none	dif	N_dis	(800, 618)	hori	left	True	512323	513035	left	(800, 450)	testing
16	zy	m	19	2	diamond	none	dif	N_dis	(800, 282)	hori	left	True	514625	515259	left	(800, 450)	testing
16	zy	m	19	2	circle	green	same	(800, 282)	(800, 618)	vert	up	True	516682	517980	up	(800, 450)	testing
16	zy	m	19	2	circle	red	same	(968, 450)	(632, 450)	hori	left	True	519639	520508	left	(800, 450)	testing
16	zy	m	19	2	circle	red	same	(968, 450)	(632, 450)	hori	left	True	521936	522812	left	(800, 450)	testing
16	zy	m	19	2	diamond	red	same	(632, 450)	(968, 450)	vert	up	True	524445	525836	up	(800, 450)	testing
16	zy	m	19	2	circle	none	dif	N_dis	(800, 282)	hori	left	True	527448	528524	left	(800, 450)	testing
16	zy	m	19	2	circle	none	same	N_dis	(800, 618)	hori	left	True	530038	530892	left	(800, 450)	testing
16	zy	m	19	2	circle	green	same	(968, 450)	(632, 450)	hori	left	True	532430	533772	left	(800, 450)	testing
16	zy	m	19	2	diamond	green	same	(968, 450)	(800, 282)	hori	left	True	535420	536972	left	(800, 450)	testing
16	zy	m	19	2	diamond	none	dif	N_dis	(632, 450)	hori	left	True	538468	539692	left	(800, 450)	testing
16	zy	m	19	2	circle	green	same	(632, 450)	(800, 282)	hori	left	True	541072	541996	left	(800, 450)	testing
16	zy	m	19	2	circle	red	same	(800, 282)	(632, 450)	hori	left	True	543639	544780	left	(800, 450)	testing
16	zy	m	19	2	circle	red	same	(968, 450)	(800, 282)	vert	up	True	546436	548283	up	(800, 450)	testing
16	zy	m	19	2	diamond	red	dif	(800, 282)	(632, 450)	vert	up	True	549854	550876	up	(800, 450)	testing
16	zy	m	19	2	circle	red	dif	(632, 450)	(800, 618)	hori	left	True	552462	553708	left	(800, 450)	testing
16	zy	m	19	2	diamond	green	dif	(800, 282)	(632, 450)	vert	up	True	555193	556107	up	(800, 450)	testing
16	zy	m	19	2	diamond	none	same	N_dis	(800, 282)	hori	left	True	557743	558444	left	(800, 450)	testing
16	zy	m	19	2	circle	green	dif	(800, 618)	(968, 450)	hori	left	True	560102	561163	left	(800, 450)	testing
16	zy	m	19	2	circle	red	same	(968, 450)	(632, 450)	vert	up	True	562635	563501	up	(800, 450)	testing
16	zy	m	19	2	circle	red	same	(800, 282)	(800, 618)	hori	left	True	565085	565868	left	(800, 450)	testing
16	zy	m	19	2	circle	green	same	(800, 282)	(968, 450)	vert	up	True	567284	568573	up	(800, 450)	testing
16	zy	m	19	2	diamond	red	dif	(800, 618)	(800, 282)	hori	left	True	570053	570700	left	(800, 450)	testing
16	zy	m	19	2	diamond	none	dif	N_dis	(968, 450)	hori	left	True	572271	573243	left	(800, 450)	testing
16	zy	m	19	2	circle	red	same	(968, 450)	(800, 282)	hori	left	True	574744	575724	left	(800, 450)	testing
16	zy	m	19	2	diamond	green	same	(632, 450)	(800, 618)	vert	up	True	577391	578524	up	(800, 450)	testing
16	zy	m	19	2	circle	red	same	(968, 450)	(632, 450)	hori	left	True	580195	581516	left	(800, 450)	testing
16	zy	m	19	2	diamond	green	dif	(968, 450)	(800, 282)	hori	left	True	582964	583836	left	(800, 450)	testing
16	zy	m	19	2	circle	green	same	(800, 282)	(800, 618)	vert	up	True	585427	586668	up	(800, 450)	testing
16	zy	m	19	2	circle	green	same	(632, 450)	(968, 450)	vert	up	True	588240	589532	up	(800, 450)	testing
16	zy	m	19	2	diamond	none	dif	N_dis	(632, 450)	vert	up	True	591080	591996	up	(800, 450)	testing
16	zy	m	19	2	circle	red	dif	(800, 282)	(800, 618)	vert	up	True	593487	594493	up	(800, 450)	testing
16	zy	m	19	2	circle	none	same	N_dis	(632, 450)	hori	left	True	595972	596972	left	(800, 450)	testing
16	zy	m	19	2	diamond	none	same	N_dis	(968, 450)	vert	up	True	598593	599435	up	(800, 450)	testing
16	zy	m	19	2	circle	green	dif	(968, 450)	(800, 282)	vert	up	True	600814	601804	up	(800, 450)	testing
16	zy	m	19	2	circle	green	same	(968, 450)	(800, 618)	hori	left	True	603294	604589	left	(800, 450)	testing
16	zy	m	19	2	diamond	green	dif	(968, 450)	(632, 450)	vert	up	True	606111	606892	up	(800, 450)	testing
16	zy	m	19	2	circle	red	same	(800, 282)	(968, 450)	vert	up	True	608376	609227	up	(800, 450)	testing
16	zy	m	19	2	diamond	red	dif	(968, 450)	(632, 450)	vert	up	True	610873	611660	up	(800, 450)	testing
16	zy	m	19	2	diamond	red	same	(968, 450)	(800, 282)	hori	left	True	613059	613868	left	(800, 450)	testing
16	zy	m	19	2	circle	red	dif	(968, 450)	(632, 450)	hori	left	True	615506	616395	left	(800, 450)	testing
16	zy	m	19	2	circle	none	dif	N_dis	(968, 450)	vert	up	True	617862	618604	up	(800, 450)	testing
16	zy	m	19	2	diamond	green	dif	(968, 450)	(800, 618)	hori	left	True	620172	621676	left	(800, 450)	testing
16	zy	m	19	2	circle	none	same	N_dis	(632, 450)	vert	up	True	623053	623788	up	(800, 450)	testing
16	zy	m	19	2	diamond	red	dif	(632, 450)	(800, 282)	hori	left	True	625190	626139	left	(800, 450)	testing
16	zy	m	19	2	circle	none	same	N_dis	(968, 450)	vert	up	True	627798	628748	up	(800, 450)	testing
16	zy	m	19	2	circle	red	dif	(968, 450)	(800, 282)	vert	up	True	630298	631403	up	(800, 450)	testing
16	zy	m	19	2	circle	red	dif	(968, 450)	(800, 282)	vert	up	True	632850	634251	up	(800, 450)	testing
16	zy	m	19	2	circle	red	dif	(800, 282)	(968, 450)	hori	left	True	635722	637067	left	(800, 450)	testing
16	zy	m	19	2	diamond	red	dif	(632, 450)	(968, 450)	hori	left	True	638446	639660	left	(800, 450)	testing
16	zy	m	19	2	circle	green	dif	(632, 450)	(800, 282)	vert	up	True	641148	642395	up	(800, 450)	testing
16	zy	m	19	2	circle	green	same	(968, 450)	(632, 450)	vert	up	True	644054	645259	up	(800, 450)	testing
16	zy	m	19	2	circle	green	same	(800, 282)	(632, 450)	vert	up	True	646690	647804	up	(800, 450)	testing
16	zy	m	19	2	diamond	green	dif	(800, 282)	(968, 450)	vert	up	True	649356	650556	up	(800, 450)	testing
16	zy	m	19	2	circle	none	dif	N_dis	(800, 618)	vert	up	True	651943	652860	up	(800, 450)	testing
16	zy	m	19	2	diamond	green	dif	(632, 450)	(968, 450)	hori	left	True	654513	655484	left	(800, 450)	testing
16	zy	m	19	2	diamond	red	same	(968, 450)	(632, 450)	hori	left	True	656954	657724	left	(800, 450)	testing
16	zy	m	19	2	circle	red	same	(968, 450)	(800, 618)	vert	up	True	659296	660235	up	(800, 450)	testing
16	zy	m	19	2	circle	red	dif	(632, 450)	(800, 618)	vert	up	True	661645	662572	up	(800, 450)	testing
16	zy	m	19	2	diamond	none	same	N_dis	(632, 450)	vert	up	True	664206	664908	up	(800, 450)	testing
16	zy	m	19	2	diamond	red	same	(968, 450)	(800, 618)	hori	left	True	666415	667484	left	(800, 450)	testing
16	zy	m	19	2	circle	green	same	(632, 450)	(800, 282)	vert	up	True	669033	669964	up	(800, 450)	testing
16	zy	m	19	2	diamond	green	same	(632, 450)	(968, 450)	vert	up	True	671378	672059	up	(800, 450)	testing
16	zy	m	19	2	diamond	red	same	(632, 450)	(968, 450)	hori	left	True	673650	674331	left	(800, 450)	testing
16	zy	m	19	2	circle	green	dif	(800, 618)	(800, 282)	vert	up	True	675858	676892	up	(800, 450)	testing
16	zy	m	19	2	circle	green	dif	(632, 450)	(800, 282)	vert	up	True	678361	679051	up	(800, 450)	testing
16	zy	m	19	2	diamond	red	same	(632, 450)	(800, 282)	vert	up	True	680702	681500	up	(800, 450)	testing
16	zy	m	19	2	diamond	none	dif	N_dis	(968, 450)	hori	left	True	682953	683660	left	(800, 450)	testing
16	zy	m	19	2	circle	green	same	(800, 282)	(632, 450)	vert	up	True	685094	686123	up	(800, 450)	testing
16	zy	m	19	2	circle	none	dif	N_dis	(968, 450)	vert	up	True	687680	688459	up	(800, 450)	testing
16	zy	m	19	2	circle	none	same	N_dis	(968, 450)	hori	left	True	690108	691323	left	(800, 450)	testing
16	zy	m	19	2	diamond	none	dif	N_dis	(800, 618)	hori	left	True	692942	693948	left	(800, 450)	testing
16	zy	m	19	2	diamond	green	dif	(968, 450)	(800, 618)	hori	left	True	695468	696636	left	(800, 450)	testing
16	zy	m	19	2	diamond	red	dif	(632, 450)	(968, 450)	hori	left	True	698225	699195	left	(800, 450)	testing
16	zy	m	19	2	circle	green	dif	(800, 282)	(632, 450)	hori	left	True	700798	701884	left	(800, 450)	testing
16	zy	m	19	2	diamond	green	same	(968, 450)	(800, 618)	hori	left	True	703349	704988	left	(800, 450)	testing
16	zy	m	19	2	diamond	none	same	N_dis	(632, 450)	hori	left	True	706401	707451	left	(800, 450)	testing
16	zy	m	19	2	circle	green	same	(968, 450)	(800, 618)	hori	left	True	709039	710187	left	(800, 450)	testing
16	zy	m	19	2	diamond	none	same	N_dis	(632, 450)	vert	up	True	711717	712427	up	(800, 450)	testing
16	zy	m	19	2	circle	green	dif	(800, 282)	(800, 618)	hori	left	True	713821	714797	left	(800, 450)	testing
16	zy	m	19	2	diamond	none	dif	N_dis	(968, 450)	vert	up	True	716442	717307	up	(800, 450)	testing
16	zy	m	19	2	diamond	red	same	(800, 282)	(632, 450)	hori	left	True	718944	719724	left	(800, 450)	testing
16	zy	m	19	2	circle	red	dif	(800, 282)	(800, 618)	hori	left	True	721251	722043	left	(800, 450)	testing
16	zy	m	19	2	diamond	green	dif	(632, 450)	(800, 618)	vert	up	True	723683	724588	up	(800, 450)	testing
16	zy	m	19	2	diamond	red	dif	(632, 450)	(800, 618)	vert	up	True	726026	727163	up	(800, 450)	testing
16	zy	m	19	2	circle	none	dif	N_dis	(800, 618)	vert	up	True	728623	729581	up	(800, 450)	testing
16	zy	m	19	2	circle	red	same	(632, 450)	(800, 618)	hori	left	True	731239	732459	left	(800, 450)	testing
16	zy	m	19	2	circle	red	same	(968, 450)	(800, 282)	hori	left	True	734022	735227	left	(800, 450)	testing
16	zy	m	19	2	circle	red	dif	(632, 450)	(800, 618)	hori	left	True	736647	737724	left	(800, 450)	testing
16	zy	m	19	2	circle	red	dif	(968, 450)	(800, 618)	hori	left	True	739397	740684	left	(800, 450)	testing
16	zy	m	19	2	diamond	none	dif	N_dis	(800, 282)	vert	up	True	742121	743371	up	(800, 450)	testing
16	zy	m	19	2	circle	green	dif	(800, 282)	(800, 618)	vert	up	True	744767	745820	up	(800, 450)	testing
16	zy	m	19	2	circle	red	dif	(968, 450)	(632, 450)	vert	up	True	747224	747996	up	(800, 450)	testing
16	zy	m	19	2	circle	green	dif	(800, 282)	(968, 450)	vert	up	True	749504	750476	up	(800, 450)	testing
16	zy	m	19	2	diamond	red	same	(968, 450)	(632, 450)	vert	up	True	751901	752685	up	(800, 450)	testing
16	zy	m	19	2	circle	green	dif	(632, 450)	(800, 282)	vert	up	True	754249	755148	up	(800, 450)	testing
16	zy	m	19	2	diamond	none	dif	N_dis	(632, 450)	hori	left	True	756692	757435	left	(800, 450)	testing
16	zy	m	19	2	diamond	green	same	(632, 450)	(800, 282)	vert	up	True	759100	759980	up	(800, 450)	testing
16	zy	m	19	2	diamond	none	dif	N_dis	(632, 450)	vert	up	True	761371	762219	up	(800, 450)	testing
16	zy	m	19	2	circle	none	dif	N_dis	(800, 282)	hori	left	True	763837	764604	left	(800, 450)	testing
16	zy	m	19	2	circle	none	dif	N_dis	(800, 282)	hori	left	True	766150	767420	left	(800, 450)	testing
16	zy	m	19	2	diamond	green	same	(800, 282)	(968, 450)	vert	up	True	768798	769516	up	(800, 450)	testing
16	zy	m	19	2	diamond	green	dif	(968, 450)	(800, 618)	vert	up	True	771103	771916	up	(800, 450)	testing
16	zy	m	19	2	circle	green	dif	(968, 450)	(800, 618)	hori	left	True	773501	774460	left	(800, 450)	testing
