subj	name	gender	age	runNum	shape	dist	td_dif	d_loc	t_loc	resp	resp_key	gotKey	startTime	respTime	resp	fix_loc	prac
16	zy	m	19	3	circle	green	same	(800, 282)	(800, 618)	vert	up	True	12772	13743	up	(800, 450)	testing
16	zy	m	19	3	circle	green	dif	(800, 282)	(632, 450)	vert	up	True	15413	16367	up	(800, 450)	testing
16	zy	m	19	3	circle	none	same	N_dis	(800, 282)	hori	left	True	17901	18591	left	(800, 450)	testing
16	zy	m	19	3	circle	red	dif	(800, 282)	(968, 450)	vert	up	True	20192	20911	up	(800, 450)	testing
16	zy	m	19	3	diamond	red	dif	(968, 450)	(800, 618)	hori	left	True	22492	24206	left	(800, 450)	testing
16	zy	m	19	3	circle	green	same	(632, 450)	(800, 282)	hori	left	True	25589	26334	left	(800, 450)	testing
16	zy	m	19	3	circle	red	dif	(800, 282)	(800, 618)	vert	up	True	27955	28895	up	(800, 450)	testing
16	zy	m	19	3	diamond	none	same	N_dis	(632, 450)	hori	left	True	30297	31935	left	(800, 450)	testing
16	zy	m	19	3	circle	none	dif	N_dis	(968, 450)	vert	up	True	33378	34030	up	(800, 450)	testing
16	zy	m	19	3	circle	none	same	N_dis	(800, 282)	vert	up	True	35645	36447	up	(800, 450)	testing
16	zy	m	19	3	diamond	none	dif	N_dis	(632, 450)	hori	left	True	37868	38703	left	(800, 450)	testing
16	zy	m	19	3	circle	red	dif	(800, 618)	(800, 282)	vert	up	True	40331	41439	up	(800, 450)	testing
16	zy	m	19	3	diamond	red	same	(632, 450)	(800, 618)	hori	left	True	42848	43967	left	(800, 450)	testing
16	zy	m	19	3	diamond	red	dif	(968, 450)	(632, 450)	hori	left	True	45385	46302	left	(800, 450)	testing
16	zy	m	19	3	diamond	green	same	(800, 618)	(632, 450)	vert	up	True	47887	48671	up	(800, 450)	testing
16	zy	m	19	3	diamond	red	dif	(632, 450)	(800, 618)	hori	left	True	50268	51086	left	(800, 450)	testing
16	zy	m	19	3	diamond	red	dif	(968, 450)	(800, 282)	vert	up	True	52479	53342	up	(800, 450)	testing
16	zy	m	19	3	diamond	none	same	N_dis	(968, 450)	vert	up	True	54899	55887	up	(800, 450)	testing
16	zy	m	19	3	diamond	green	same	(968, 450)	(632, 450)	vert	up	True	57464	58254	up	(800, 450)	testing
16	zy	m	19	3	circle	none	dif	N_dis	(800, 618)	hori	left	True	59721	60447	left	(800, 450)	testing
16	zy	m	19	3	circle	green	dif	(632, 450)	(968, 450)	vert	up	True	61915	62671	up	(800, 450)	testing
16	zy	m	19	3	diamond	red	same	(800, 618)	(632, 450)	hori	left	True	64213	64895	left	(800, 450)	testing
16	zy	m	19	3	circle	red	same	(968, 450)	(632, 450)	vert	up	True	66528	68302	up	(800, 450)	testing
16	zy	m	19	3	diamond	green	dif	(968, 450)	(800, 282)	vert	up	True	69817	70767	up	(800, 450)	testing
16	zy	m	19	3	circle	none	dif	N_dis	(800, 618)	hori	left	True	72200	73214	left	(800, 450)	testing
16	zy	m	19	3	circle	green	dif	(632, 450)	(800, 618)	vert	up	True	74735	75743	up	(800, 450)	testing
16	zy	m	19	3	circle	none	same	N_dis	(968, 450)	vert	up	True	77229	78367	up	(800, 450)	testing
16	zy	m	19	3	circle	none	dif	N_dis	(800, 282)	hori	left	True	79981	80671	left	(800, 450)	testing
16	zy	m	19	3	circle	red	same	(800, 618)	(800, 282)	hori	left	True	82331	83391	left	(800, 450)	testing
16	zy	m	19	3	circle	green	same	(800, 282)	(968, 450)	hori	left	True	84772	85759	left	(800, 450)	testing
16	zy	m	19	3	circle	none	same	N_dis	(632, 450)	hori	left	True	87314	88094	left	(800, 450)	testing
16	zy	m	19	3	diamond	red	dif	(632, 450)	(968, 450)	vert	up	True	89563	90735	up	(800, 450)	testing
16	zy	m	19	3	diamond	none	dif	N_dis	(800, 282)	vert	up	True	92144	92831	up	(800, 450)	testing
16	zy	m	19	3	diamond	green	same	(968, 450)	(800, 618)	vert	up	True	94432	95727	up	(800, 450)	testing
16	zy	m	19	3	diamond	green	dif	(800, 282)	(968, 450)	hori	left	True	97182	97935	left	(800, 450)	testing
16	zy	m	19	3	diamond	red	same	(632, 450)	(800, 282)	vert	up	True	99414	100206	up	(800, 450)	testing
16	zy	m	19	3	diamond	red	same	(800, 282)	(800, 618)	vert	up	True	101679	102975	up	(800, 450)	testing
16	zy	m	19	3	circle	red	dif	(800, 282)	(632, 450)	vert	up	True	104562	105727	up	(800, 450)	testing
16	zy	m	19	3	circle	green	same	(800, 282)	(968, 450)	vert	up	True	107115	108367	up	(800, 450)	testing
16	zy	m	19	3	diamond	none	dif	N_dis	(800, 282)	hori	left	True	110029	111086	left	(800, 450)	testing
16	zy	m	19	3	diamond	green	dif	(632, 450)	(968, 450)	hori	left	True	112560	113759	left	(800, 450)	testing
16	zy	m	19	3	diamond	green	dif	(968, 450)	(800, 618)	vert	up	True	115314	116463	up	(800, 450)	testing
16	zy	m	19	3	diamond	none	same	N_dis	(632, 450)	hori	left	True	117885	118751	left	(800, 450)	testing
16	zy	m	19	3	diamond	none	dif	N_dis	(800, 618)	vert	up	True	120194	121134	up	(800, 450)	testing
16	zy	m	19	3	diamond	green	dif	(632, 450)	(968, 450)	hori	left	True	122598	123359	left	(800, 450)	testing
16	zy	m	19	3	diamond	none	dif	N_dis	(632, 450)	hori	left	True	124807	125679	left	(800, 450)	testing
16	zy	m	19	3	circle	red	same	(800, 618)	(632, 450)	vert	up	True	127308	128350	up	(800, 450)	testing
16	zy	m	19	3	circle	green	dif	(968, 450)	(800, 282)	vert	up	True	129784	131310	up	(800, 450)	testing
16	zy	m	19	3	diamond	green	same	(800, 618)	(968, 450)	hori	left	True	132731	133823	left	(800, 450)	testing
16	zy	m	19	3	diamond	none	same	N_dis	(800, 618)	hori	left	True	135335	136543	left	(800, 450)	testing
16	zy	m	19	3	diamond	red	same	(800, 618)	(800, 282)	hori	left	True	137930	138815	left	(800, 450)	testing
16	zy	m	19	3	circle	none	dif	N_dis	(968, 450)	vert	up	True	140440	141503	up	(800, 450)	testing
16	zy	m	19	3	circle	green	same	(800, 618)	(968, 450)	hori	left	True	142915	144174	left	(800, 450)	testing
16	zy	m	19	3	diamond	none	same	N_dis	(968, 450)	hori	left	True	145602	146575	left	(800, 450)	testing
16	zy	m	19	3	circle	green	dif	(800, 282)	(632, 450)	vert	up	True	148118	149166	up	(800, 450)	testing
16	zy	m	19	3	circle	red	dif	(800, 618)	(968, 450)	hori	left	True	150601	151439	left	(800, 450)	testing
16	zy	m	19	3	circle	red	same	(632, 450)	(800, 282)	vert	up	True	152974	153727	up	(800, 450)	testing
16	zy	m	19	3	circle	none	same	N_dis	(800, 618)	vert	up	True	155231	156078	up	(800, 450)	testing
16	zy	m	19	3	diamond	green	same	(800, 618)	(968, 450)	hori	left	True	157726	158447	left	(800, 450)	testing
16	zy	m	19	3	circle	red	same	(968, 450)	(800, 282)	vert	up	True	159895	160751	up	(800, 450)	testing
16	zy	m	19	3	circle	green	same	(800, 282)	(800, 618)	hori	left	True	162206	163375	left	(800, 450)	testing
16	zy	m	19	3	circle	green	dif	(800, 282)	(632, 450)	vert	up	True	164789	165663	up	(800, 450)	testing
16	zy	m	19	3	circle	none	same	N_dis	(800, 282)	hori	left	True	167071	168078	left	(800, 450)	testing
16	zy	m	19	3	circle	red	dif	(800, 282)	(968, 450)	hori	left	True	169560	170671	left	(800, 450)	testing
16	zy	m	19	3	diamond	red	dif	(968, 450)	(800, 618)	hori	left	True	172044	173118	left	(800, 450)	testing
16	zy	m	19	3	circle	green	same	(632, 450)	(800, 282)	hori	left	True	174504	175503	left	(800, 450)	testing
16	zy	m	19	3	circle	red	dif	(800, 282)	(800, 618)	vert	up	True	177084	178126	up	(800, 450)	testing
16	zy	m	19	3	diamond	none	same	N_dis	(632, 450)	vert	up	True	179648	180527	up	(800, 450)	testing
16	zy	m	19	3	circle	none	dif	N_dis	(968, 450)	hori	left	True	182101	182927	left	(800, 450)	testing
16	zy	m	19	3	circle	none	same	N_dis	(800, 282)	hori	left	True	184552	185631	left	(800, 450)	testing
16	zy	m	19	3	diamond	none	dif	N_dis	(632, 450)	hori	left	True	187015	187839	left	(800, 450)	testing
16	zy	m	19	3	circle	red	dif	(800, 618)	(800, 282)	hori	left	True	189426	190174	left	(800, 450)	testing
16	zy	m	19	3	diamond	red	same	(632, 450)	(800, 618)	vert	up	True	191651	192959	up	(800, 450)	testing
16	zy	m	19	3	diamond	red	dif	(968, 450)	(632, 450)	hori	left	True	194396	195310	left	(800, 450)	testing
16	zy	m	19	3	diamond	green	same	(800, 618)	(632, 450)	vert	up	True	196884	197567	up	(800, 450)	testing
16	zy	m	19	3	diamond	red	dif	(632, 450)	(800, 618)	hori	left	True	199094	200094	left	(800, 450)	testing
16	zy	m	19	3	diamond	red	dif	(968, 450)	(800, 282)	vert	up	True	201500	202591	up	(800, 450)	testing
16	zy	m	19	3	diamond	none	same	N_dis	(968, 450)	vert	up	True	203985	204687	up	(800, 450)	testing
16	zy	m	19	3	diamond	green	same	(968, 450)	(632, 450)	hori	left	True	206077	207134	left	(800, 450)	testing
16	zy	m	19	3	circle	none	dif	N_dis	(800, 618)	vert	up	True	208584	209759	up	(800, 450)	testing
16	zy	m	19	3	circle	green	dif	(632, 450)	(968, 450)	hori	left	True	211152	211887	left	(800, 450)	testing
16	zy	m	19	3	diamond	red	same	(800, 618)	(632, 450)	hori	left	True	213456	214222	left	(800, 450)	testing
16	zy	m	19	3	circle	red	same	(968, 450)	(632, 450)	hori	left	True	215775	216591	left	(800, 450)	testing
16	zy	m	19	3	diamond	green	dif	(968, 450)	(800, 282)	vert	up	True	218260	219471	up	(800, 450)	testing
16	zy	m	19	3	circle	none	dif	N_dis	(800, 618)	vert	up	True	220901	221983	up	(800, 450)	testing
16	zy	m	19	3	circle	green	dif	(632, 450)	(800, 618)	hori	left	True	223451	224318	left	(800, 450)	testing
16	zy	m	19	3	circle	none	same	N_dis	(968, 450)	vert	up	True	225787	226543	up	(800, 450)	testing
16	zy	m	19	3	circle	none	dif	N_dis	(800, 282)	hori	left	True	228214	229230	left	(800, 450)	testing
16	zy	m	19	3	circle	red	same	(800, 618)	(800, 282)	vert	up	True	230880	231935	up	(800, 450)	testing
16	zy	m	19	3	circle	green	same	(800, 282)	(968, 450)	hori	left	True	233479	234447	left	(800, 450)	testing
16	zy	m	19	3	circle	none	same	N_dis	(632, 450)	hori	left	True	235972	236687	left	(800, 450)	testing
16	zy	m	19	3	diamond	red	dif	(632, 450)	(968, 450)	hori	left	True	238282	239086	left	(800, 450)	testing
16	zy	m	19	3	diamond	none	dif	N_dis	(800, 282)	hori	left	True	240498	241471	left	(800, 450)	testing
16	zy	m	19	3	diamond	green	same	(968, 450)	(800, 618)	vert	up	True	242982	243999	up	(800, 450)	testing
16	zy	m	19	3	diamond	green	dif	(800, 282)	(968, 450)	vert	up	True	245432	246543	up	(800, 450)	testing
16	zy	m	19	3	diamond	red	same	(632, 450)	(800, 282)	hori	left	True	248179	249118	left	(800, 450)	testing
16	zy	m	19	3	diamond	red	same	(800, 282)	(800, 618)	hori	left	True	250627	251407	left	(800, 450)	testing
16	zy	m	19	3	circle	red	dif	(800, 282)	(632, 450)	vert	up	True	252932	254126	up	(800, 450)	testing
16	zy	m	19	3	circle	green	same	(800, 282)	(968, 450)	vert	up	True	255570	256463	up	(800, 450)	testing
16	zy	m	19	3	diamond	none	dif	N_dis	(800, 282)	vert	up	True	258039	258815	up	(800, 450)	testing
16	zy	m	19	3	diamond	green	dif	(632, 450)	(968, 450)	vert	up	True	260228	260943	up	(800, 450)	testing
16	zy	m	19	3	diamond	green	dif	(968, 450)	(800, 618)	vert	up	True	262443	263391	up	(800, 450)	testing
16	zy	m	19	3	diamond	none	same	N_dis	(632, 450)	vert	up	True	264922	265647	up	(800, 450)	testing
16	zy	m	19	3	diamond	none	dif	N_dis	(800, 618)	hori	left	True	267093	268158	left	(800, 450)	testing
16	zy	m	19	3	diamond	green	dif	(632, 450)	(968, 450)	vert	up	True	269542	270174	up	(800, 450)	testing
16	zy	m	19	3	diamond	none	dif	N_dis	(632, 450)	vert	up	True	271556	272174	up	(800, 450)	testing
16	zy	m	19	3	circle	red	same	(800, 618)	(632, 450)	hori	left	True	273786	274527	left	(800, 450)	testing
16	zy	m	19	3	circle	green	dif	(968, 450)	(800, 282)	hori	left	True	276064	277134	left	(800, 450)	testing
16	zy	m	19	3	diamond	green	same	(800, 618)	(968, 450)	vert	up	True	278796	280078	up	(800, 450)	testing
16	zy	m	19	3	diamond	none	same	N_dis	(800, 618)	hori	left	True	281482	282367	left	(800, 450)	testing
16	zy	m	19	3	diamond	red	same	(800, 618)	(800, 282)	hori	left	True	283832	284527	left	(800, 450)	testing
16	zy	m	19	3	circle	none	dif	N_dis	(968, 450)	vert	up	True	286121	287134	up	(800, 450)	testing
16	zy	m	19	3	circle	green	same	(800, 618)	(968, 450)	vert	up	True	288776	289823	up	(800, 450)	testing
16	zy	m	19	3	diamond	none	same	N_dis	(968, 450)	hori	left	True	291470	292158	left	(800, 450)	testing
16	zy	m	19	3	circle	green	dif	(800, 282)	(632, 450)	vert	up	True	293656	294671	up	(800, 450)	testing
16	zy	m	19	3	circle	red	dif	(800, 618)	(968, 450)	vert	up	True	296067	296991	up	(800, 450)	testing
16	zy	m	19	3	circle	red	same	(632, 450)	(800, 282)	hori	left	True	298601	299407	left	(800, 450)	testing
16	zy	m	19	3	circle	none	same	N_dis	(800, 618)	vert	up	True	300970	301903	up	(800, 450)	testing
16	zy	m	19	3	diamond	green	same	(800, 618)	(968, 450)	hori	left	True	303353	304318	left	(800, 450)	testing
16	zy	m	19	3	circle	red	same	(968, 450)	(800, 282)	hori	left	True	305812	306559	left	(800, 450)	testing
16	zy	m	19	3	circle	green	same	(800, 282)	(800, 618)	hori	left	True	308137	308991	left	(800, 450)	testing
16	zy	m	19	3	circle	green	dif	(800, 282)	(632, 450)	vert	up	True	310452	311214	up	(800, 450)	testing
16	zy	m	19	3	circle	none	same	N_dis	(800, 282)	vert	up	True	312698	313407	up	(800, 450)	testing
16	zy	m	19	3	circle	red	dif	(800, 282)	(968, 450)	vert	up	True	314965	315695	up	(800, 450)	testing
16	zy	m	19	3	diamond	red	dif	(968, 450)	(800, 618)	hori	left	True	317142	318030	left	(800, 450)	testing
16	zy	m	19	3	circle	green	same	(632, 450)	(800, 282)	hori	left	True	319607	320415	left	(800, 450)	testing
16	zy	m	19	3	circle	red	dif	(800, 282)	(800, 618)	hori	left	True	321935	322783	left	(800, 450)	testing
16	zy	m	19	3	diamond	none	same	N_dis	(632, 450)	hori	left	True	324234	325310	left	(800, 450)	testing
16	zy	m	19	3	circle	none	dif	N_dis	(968, 450)	vert	up	True	326731	327375	up	(800, 450)	testing
16	zy	m	19	3	circle	none	same	N_dis	(800, 282)	vert	up	True	328944	329871	up	(800, 450)	testing
16	zy	m	19	3	diamond	none	dif	N_dis	(632, 450)	hori	left	True	331371	332350	left	(800, 450)	testing
16	zy	m	19	3	circle	red	dif	(800, 618)	(800, 282)	hori	left	True	333858	335230	left	(800, 450)	testing
16	zy	m	19	3	diamond	red	same	(632, 450)	(800, 618)	vert	up	True	336728	337903	up	(800, 450)	testing
16	zy	m	19	3	diamond	red	dif	(968, 450)	(632, 450)	vert	up	True	339566	340399	up	(800, 450)	testing
16	zy	m	19	3	diamond	green	same	(800, 618)	(632, 450)	hori	left	True	341786	342607	left	(800, 450)	testing
16	zy	m	19	3	diamond	red	dif	(632, 450)	(800, 618)	vert	up	True	344060	344831	up	(800, 450)	testing
16	zy	m	19	3	diamond	red	dif	(968, 450)	(800, 282)	hori	left	True	346205	346911	left	(800, 450)	testing
16	zy	m	19	3	diamond	none	same	N_dis	(968, 450)	vert	up	True	348337	349198	up	(800, 450)	testing
16	zy	m	19	3	diamond	green	same	(968, 450)	(632, 450)	vert	up	True	350589	351359	up	(800, 450)	testing
16	zy	m	19	3	circle	none	dif	N_dis	(800, 618)	vert	up	True	352937	353807	up	(800, 450)	testing
16	zy	m	19	3	circle	green	dif	(632, 450)	(968, 450)	vert	up	True	355355	356110	up	(800, 450)	testing
16	zy	m	19	3	diamond	red	same	(800, 618)	(632, 450)	vert	up	True	357734	358431	up	(800, 450)	testing
16	zy	m	19	3	circle	red	same	(968, 450)	(632, 450)	hori	left	True	359952	360719	left	(800, 450)	testing
16	zy	m	19	3	diamond	green	dif	(968, 450)	(800, 282)	hori	left	True	362359	363166	left	(800, 450)	testing
16	zy	m	19	3	circle	none	dif	N_dis	(800, 618)	vert	up	True	364818	365583	up	(800, 450)	testing
16	zy	m	19	3	circle	green	dif	(632, 450)	(800, 618)	vert	up	True	367104	368030	up	(800, 450)	testing
16	zy	m	19	3	circle	none	same	N_dis	(968, 450)	hori	left	True	369633	370447	left	(800, 450)	testing
16	zy	m	19	3	circle	none	dif	N_dis	(800, 282)	vert	up	True	372084	372815	up	(800, 450)	testing
16	zy	m	19	3	circle	red	same	(800, 618)	(800, 282)	hori	left	True	374461	375631	left	(800, 450)	testing
16	zy	m	19	3	circle	green	same	(800, 282)	(968, 450)	hori	left	True	377006	377903	left	(800, 450)	testing
16	zy	m	19	3	circle	none	same	N_dis	(632, 450)	hori	left	True	379504	380222	left	(800, 450)	testing
16	zy	m	19	3	diamond	red	dif	(632, 450)	(968, 450)	vert	up	True	381676	382447	up	(800, 450)	testing
16	zy	m	19	3	diamond	none	dif	N_dis	(800, 282)	vert	up	True	384050	384815	up	(800, 450)	testing
16	zy	m	19	3	diamond	green	same	(968, 450)	(800, 618)	vert	up	True	386296	387407	up	(800, 450)	testing
16	zy	m	19	3	diamond	green	dif	(800, 282)	(968, 450)	vert	up	True	388920	389839	up	(800, 450)	testing
16	zy	m	19	3	diamond	red	same	(632, 450)	(800, 282)	vert	up	True	391478	392447	up	(800, 450)	testing
16	zy	m	19	3	diamond	red	same	(800, 282)	(800, 618)	hori	left	True	393987	395054	left	(800, 450)	testing
16	zy	m	19	3	circle	red	dif	(800, 282)	(632, 450)	vert	up	True	396561	397855	up	(800, 450)	testing
16	zy	m	19	3	circle	green	same	(800, 282)	(968, 450)	hori	left	True	399471	400527	left	(800, 450)	testing
16	zy	m	19	3	diamond	none	dif	N_dis	(800, 282)	vert	up	True	402159	403086	up	(800, 450)	testing
16	zy	m	19	3	diamond	green	dif	(632, 450)	(968, 450)	vert	up	True	404535	405326	up	(800, 450)	testing
16	zy	m	19	3	diamond	green	dif	(968, 450)	(800, 618)	hori	left	True	406969	408094	left	(800, 450)	testing
16	zy	m	19	3	diamond	none	same	N_dis	(632, 450)	vert	up	True	409750	410623	up	(800, 450)	testing
16	zy	m	19	3	diamond	none	dif	N_dis	(800, 618)	vert	up	True	412279	413086	up	(800, 450)	testing
16	zy	m	19	3	diamond	green	dif	(632, 450)	(968, 450)	vert	up	True	414616	415326	up	(800, 450)	testing
16	zy	m	19	3	diamond	none	dif	N_dis	(632, 450)	vert	up	True	416958	417695	up	(800, 450)	testing
16	zy	m	19	3	circle	red	same	(800, 618)	(632, 450)	hori	left	True	419141	419855	left	(800, 450)	testing
16	zy	m	19	3	circle	green	dif	(968, 450)	(800, 282)	vert	up	True	421354	422623	up	(800, 450)	testing
16	zy	m	19	3	diamond	green	same	(800, 618)	(968, 450)	hori	left	True	423997	425182	left	(800, 450)	testing
16	zy	m	19	3	diamond	none	same	N_dis	(800, 618)	hori	left	True	426682	427471	left	(800, 450)	testing
16	zy	m	19	3	diamond	red	same	(800, 618)	(800, 282)	vert	up	True	428860	429487	up	(800, 450)	testing
16	zy	m	19	3	circle	none	dif	N_dis	(968, 450)	hori	left	True	430985	431967	left	(800, 450)	testing
16	zy	m	19	3	circle	green	same	(800, 618)	(968, 450)	vert	up	True	433525	434334	up	(800, 450)	testing
16	zy	m	19	3	diamond	none	same	N_dis	(968, 450)	hori	left	True	435800	436415	left	(800, 450)	testing
16	zy	m	19	3	circle	green	dif	(800, 282)	(632, 450)	vert	up	True	437848	438831	up	(800, 450)	testing
16	zy	m	19	3	circle	red	dif	(800, 618)	(968, 450)	hori	left	True	440491	441391	left	(800, 450)	testing
16	zy	m	19	3	circle	red	same	(632, 450)	(800, 282)	hori	left	True	443027	443807	left	(800, 450)	testing
16	zy	m	19	3	circle	none	same	N_dis	(800, 618)	hori	left	True	445338	446142	left	(800, 450)	testing
16	zy	m	19	3	diamond	green	same	(800, 618)	(968, 450)	vert	up	True	447631	448367	up	(800, 450)	testing
16	zy	m	19	3	circle	red	same	(968, 450)	(800, 282)	hori	left	True	449833	450527	left	(800, 450)	testing
16	zy	m	19	3	circle	green	same	(800, 282)	(800, 618)	hori	left	True	452144	453230	left	(800, 450)	testing
16	zy	m	19	3	circle	green	dif	(800, 282)	(632, 450)	vert	up	True	454700	455727	up	(800, 450)	testing
16	zy	m	19	3	circle	none	same	N_dis	(800, 282)	hori	left	True	457273	458222	left	(800, 450)	testing
16	zy	m	19	3	circle	red	dif	(800, 282)	(968, 450)	hori	left	True	459742	460703	left	(800, 450)	testing
16	zy	m	19	3	diamond	red	dif	(968, 450)	(800, 618)	vert	up	True	462314	463342	up	(800, 450)	testing
16	zy	m	19	3	circle	green	same	(632, 450)	(800, 282)	hori	left	True	464716	465567	left	(800, 450)	testing
16	zy	m	19	3	circle	red	dif	(800, 282)	(800, 618)	vert	up	True	467113	467935	up	(800, 450)	testing
16	zy	m	19	3	diamond	none	same	N_dis	(632, 450)	hori	left	True	469431	470447	left	(800, 450)	testing
16	zy	m	19	3	circle	none	dif	N_dis	(968, 450)	vert	up	True	471911	472847	up	(800, 450)	testing
16	zy	m	19	3	circle	none	same	N_dis	(800, 282)	hori	left	True	474247	475006	left	(800, 450)	testing
16	zy	m	19	3	diamond	none	dif	N_dis	(632, 450)	vert	up	True	476520	477583	up	(800, 450)	testing
16	zy	m	19	3	circle	red	dif	(800, 618)	(800, 282)	vert	up	True	479101	479983	up	(800, 450)	testing
16	zy	m	19	3	diamond	red	same	(632, 450)	(800, 618)	hori	left	True	481516	482895	left	(800, 450)	testing
16	zy	m	19	3	diamond	red	dif	(968, 450)	(632, 450)	vert	up	True	484399	485150	up	(800, 450)	testing
16	zy	m	19	3	diamond	green	same	(800, 618)	(632, 450)	vert	up	True	486610	487310	up	(800, 450)	testing
16	zy	m	19	3	diamond	red	dif	(632, 450)	(800, 618)	hori	left	True	488974	489871	left	(800, 450)	testing
16	zy	m	19	3	diamond	red	dif	(968, 450)	(800, 282)	vert	up	True	491327	492254	up	(800, 450)	testing
16	zy	m	19	3	diamond	none	same	N_dis	(968, 450)	hori	left	True	493772	494703	left	(800, 450)	testing
16	zy	m	19	3	diamond	green	same	(968, 450)	(632, 450)	vert	up	True	496317	497102	up	(800, 450)	testing
16	zy	m	19	3	circle	none	dif	N_dis	(800, 618)	vert	up	True	498564	499487	up	(800, 450)	testing
16	zy	m	19	3	circle	green	dif	(632, 450)	(968, 450)	hori	left	True	500889	501631	left	(800, 450)	testing
16	zy	m	19	3	diamond	red	same	(800, 618)	(632, 450)	vert	up	True	503015	503711	up	(800, 450)	testing
16	zy	m	19	3	circle	red	same	(968, 450)	(632, 450)	hori	left	True	505111	505871	left	(800, 450)	testing
16	zy	m	19	3	diamond	green	dif	(968, 450)	(800, 282)	vert	up	True	507327	508270	up	(800, 450)	testing
16	zy	m	19	3	circle	none	dif	N_dis	(800, 618)	vert	up	True	509893	510927	up	(800, 450)	testing
16	zy	m	19	3	circle	green	dif	(632, 450)	(800, 618)	hori	left	True	512438	513775	left	(800, 450)	testing
16	zy	m	19	3	circle	none	same	N_dis	(968, 450)	vert	up	True	515369	516046	up	(800, 450)	testing
16	zy	m	19	3	circle	none	dif	N_dis	(800, 282)	vert	up	True	517528	518447	up	(800, 450)	testing
16	zy	m	19	3	circle	red	same	(800, 618)	(800, 282)	hori	left	True	519839	521134	left	(800, 450)	testing
16	zy	m	19	3	circle	green	same	(800, 282)	(968, 450)	vert	up	True	522655	523567	up	(800, 450)	testing
16	zy	m	19	3	circle	none	same	N_dis	(632, 450)	hori	left	True	525027	526030	left	(800, 450)	testing
16	zy	m	19	3	diamond	red	dif	(632, 450)	(968, 450)	vert	up	True	527556	528799	up	(800, 450)	testing
16	zy	m	19	3	diamond	none	dif	N_dis	(800, 282)	vert	up	True	530195	531070	up	(800, 450)	testing
16	zy	m	19	3	diamond	green	same	(968, 450)	(800, 618)	vert	up	True	532478	533439	up	(800, 450)	testing
16	zy	m	19	3	diamond	green	dif	(800, 282)	(968, 450)	hori	left	True	535050	535743	left	(800, 450)	testing
16	zy	m	19	3	diamond	red	same	(632, 450)	(800, 282)	hori	left	True	537279	538238	left	(800, 450)	testing
16	zy	m	19	3	diamond	red	same	(800, 282)	(800, 618)	hori	left	True	539867	540671	left	(800, 450)	testing
16	zy	m	19	3	circle	red	dif	(800, 282)	(632, 450)	hori	left	True	542086	542863	left	(800, 450)	testing
16	zy	m	19	3	circle	green	same	(800, 282)	(968, 450)	vert	up	True	544286	545407	up	(800, 450)	testing
16	zy	m	19	3	diamond	none	dif	N_dis	(800, 282)	vert	up	True	546879	547823	up	(800, 450)	testing
16	zy	m	19	3	diamond	green	dif	(632, 450)	(968, 450)	vert	up	True	549360	550222	up	(800, 450)	testing
16	zy	m	19	3	diamond	green	dif	(968, 450)	(800, 618)	vert	up	True	551743	552575	up	(800, 450)	testing
16	zy	m	19	3	diamond	none	same	N_dis	(632, 450)	vert	up	True	554027	554911	up	(800, 450)	testing
16	zy	m	19	3	diamond	none	dif	N_dis	(800, 618)	vert	up	True	556401	557230	up	(800, 450)	testing
16	zy	m	19	3	diamond	green	dif	(632, 450)	(968, 450)	hori	left	True	558802	559679	left	(800, 450)	testing
16	zy	m	19	3	diamond	none	dif	N_dis	(632, 450)	hori	left	True	561094	561855	left	(800, 450)	testing
16	zy	m	19	3	circle	red	same	(800, 618)	(632, 450)	hori	left	True	563314	564286	left	(800, 450)	testing
16	zy	m	19	3	circle	green	dif	(968, 450)	(800, 282)	vert	up	True	565941	567038	up	(800, 450)	testing
16	zy	m	19	3	diamond	green	same	(800, 618)	(968, 450)	vert	up	True	568495	569615	up	(800, 450)	testing
16	zy	m	19	3	diamond	none	same	N_dis	(800, 618)	vert	up	True	571218	572030	up	(800, 450)	testing
16	zy	m	19	3	diamond	red	same	(800, 618)	(800, 282)	hori	left	True	573555	574447	left	(800, 450)	testing
16	zy	m	19	3	circle	none	dif	N_dis	(968, 450)	hori	left	True	576045	577086	left	(800, 450)	testing
16	zy	m	19	3	circle	green	same	(800, 618)	(968, 450)	hori	left	True	578710	579567	left	(800, 450)	testing
16	zy	m	19	3	diamond	none	same	N_dis	(968, 450)	hori	left	True	581240	582527	left	(800, 450)	testing
16	zy	m	19	3	circle	green	dif	(800, 282)	(632, 450)	vert	up	True	584025	585439	up	(800, 450)	testing
16	zy	m	19	3	circle	red	dif	(800, 618)	(968, 450)	hori	left	True	586834	587679	left	(800, 450)	testing
16	zy	m	19	3	circle	red	same	(632, 450)	(800, 282)	hori	left	True	589349	590767	left	(800, 450)	testing
16	zy	m	19	3	circle	none	same	N_dis	(800, 618)	vert	up	True	592397	593230	up	(800, 450)	testing
16	zy	m	19	3	diamond	green	same	(800, 618)	(968, 450)	hori	left	True	594759	595999	left	(800, 450)	testing
16	zy	m	19	3	circle	red	same	(968, 450)	(800, 282)	vert	up	True	597538	598479	up	(800, 450)	testing
16	zy	m	19	3	circle	green	same	(800, 282)	(800, 618)	vert	up	True	599896	601214	up	(800, 450)	testing
16	zy	m	19	3	circle	green	dif	(800, 282)	(632, 450)	hori	left	True	602879	603759	left	(800, 450)	testing
16	zy	m	19	3	circle	none	same	N_dis	(800, 282)	hori	left	True	605282	605983	left	(800, 450)	testing
16	zy	m	19	3	circle	red	dif	(800, 282)	(968, 450)	vert	up	True	607377	608367	up	(800, 450)	testing
16	zy	m	19	3	diamond	red	dif	(968, 450)	(800, 618)	vert	up	True	609804	610943	up	(800, 450)	testing
16	zy	m	19	3	circle	green	same	(632, 450)	(800, 282)	vert	up	True	612355	613599	up	(800, 450)	testing
16	zy	m	19	3	circle	red	dif	(800, 282)	(800, 618)	hori	left	True	615034	616206	left	(800, 450)	testing
16	zy	m	19	3	diamond	none	same	N_dis	(632, 450)	hori	left	True	617745	618735	left	(800, 450)	testing
16	zy	m	19	3	circle	none	dif	N_dis	(968, 450)	hori	left	True	620349	621519	left	(800, 450)	testing
16	zy	m	19	3	circle	none	same	N_dis	(800, 282)	hori	left	True	622974	623823	left	(800, 450)	testing
16	zy	m	19	3	diamond	none	dif	N_dis	(632, 450)	vert	up	True	625472	626383	up	(800, 450)	testing
16	zy	m	19	3	circle	red	dif	(800, 618)	(800, 282)	hori	left	True	627850	629134	left	(800, 450)	testing
16	zy	m	19	3	diamond	red	same	(632, 450)	(800, 618)	vert	up	True	630531	632046	up	(800, 450)	testing
16	zy	m	19	3	diamond	red	dif	(968, 450)	(632, 450)	vert	up	True	633633	634591	up	(800, 450)	testing
16	zy	m	19	3	diamond	green	same	(800, 618)	(632, 450)	vert	up	True	636127	637375	up	(800, 450)	testing
16	zy	m	19	3	diamond	red	dif	(632, 450)	(800, 618)	hori	left	True	638779	640062	left	(800, 450)	testing
16	zy	m	19	3	diamond	red	dif	(968, 450)	(800, 282)	vert	up	True	641545	642751	up	(800, 450)	testing
16	zy	m	19	3	diamond	none	same	N_dis	(968, 450)	vert	up	True	644165	645631	up	(800, 450)	testing
16	zy	m	19	3	diamond	green	same	(968, 450)	(632, 450)	hori	left	True	647027	647999	left	(800, 450)	testing
16	zy	m	19	3	circle	none	dif	N_dis	(800, 618)	hori	left	True	649481	650511	left	(800, 450)	testing
16	zy	m	19	3	circle	green	dif	(632, 450)	(968, 450)	vert	up	True	652085	653230	up	(800, 450)	testing
16	zy	m	19	3	diamond	red	same	(800, 618)	(632, 450)	hori	left	True	654830	655967	left	(800, 450)	testing
16	zy	m	19	3	circle	red	same	(968, 450)	(632, 450)	hori	left	True	657426	658751	left	(800, 450)	testing
16	zy	m	19	3	diamond	green	dif	(968, 450)	(800, 282)	hori	left	True	660415	661727	left	(800, 450)	testing
16	zy	m	19	3	circle	none	dif	N_dis	(800, 618)	hori	left	True	663313	664671	left	(800, 450)	testing
16	zy	m	19	3	circle	green	dif	(632, 450)	(800, 618)	hori	left	True	666243	667054	left	(800, 450)	testing
16	zy	m	19	3	circle	none	same	N_dis	(968, 450)	hori	left	True	668689	669487	left	(800, 450)	testing
16	zy	m	19	3	circle	none	dif	N_dis	(800, 282)	hori	left	True	670933	671935	left	(800, 450)	testing
16	zy	m	19	3	circle	red	same	(800, 618)	(800, 282)	vert	up	True	673455	674527	up	(800, 450)	testing
16	zy	m	19	3	circle	green	same	(800, 282)	(968, 450)	vert	up	True	676094	677182	up	(800, 450)	testing
16	zy	m	19	3	circle	none	same	N_dis	(632, 450)	hori	left	True	678608	679535	left	(800, 450)	testing
16	zy	m	19	3	diamond	red	dif	(632, 450)	(968, 450)	vert	up	True	681094	682447	up	(800, 450)	testing
16	zy	m	19	3	diamond	none	dif	N_dis	(800, 282)	vert	up	True	683917	684735	up	(800, 450)	testing
16	zy	m	19	3	diamond	green	same	(968, 450)	(800, 618)	hori	left	True	686195	687391	left	(800, 450)	testing
16	zy	m	19	3	diamond	green	dif	(800, 282)	(968, 450)	hori	left	True	689040	689871	left	(800, 450)	testing
16	zy	m	19	3	diamond	red	same	(632, 450)	(800, 282)	vert	up	True	691395	692126	up	(800, 450)	testing
16	zy	m	19	3	diamond	red	same	(800, 282)	(800, 618)	hori	left	True	693701	694479	left	(800, 450)	testing
16	zy	m	19	3	circle	red	dif	(800, 282)	(632, 450)	hori	left	True	696130	697679	left	(800, 450)	testing
16	zy	m	19	3	circle	green	same	(800, 282)	(968, 450)	hori	left	True	699297	700254	left	(800, 450)	testing
16	zy	m	19	3	diamond	none	dif	N_dis	(800, 282)	vert	up	True	701810	702991	up	(800, 450)	testing
16	zy	m	19	3	diamond	green	dif	(632, 450)	(968, 450)	hori	left	True	704578	705583	left	(800, 450)	testing
16	zy	m	19	3	diamond	green	dif	(968, 450)	(800, 618)	vert	up	True	707189	708254	up	(800, 450)	testing
16	zy	m	19	3	diamond	none	same	N_dis	(632, 450)	vert	up	True	709658	710302	up	(800, 450)	testing
16	zy	m	19	3	diamond	none	dif	N_dis	(800, 618)	hori	left	True	711914	712943	left	(800, 450)	testing
16	zy	m	19	3	diamond	green	dif	(632, 450)	(968, 450)	hori	left	True	714383	715182	left	(800, 450)	testing
16	zy	m	19	3	diamond	none	dif	N_dis	(632, 450)	hori	left	True	716660	717407	left	(800, 450)	testing
16	zy	m	19	3	circle	red	same	(800, 618)	(632, 450)	vert	up	True	718930	720046	up	(800, 450)	testing
16	zy	m	19	3	circle	green	dif	(968, 450)	(800, 282)	hori	left	True	721468	722687	left	(800, 450)	testing
16	zy	m	19	3	diamond	green	same	(800, 618)	(968, 450)	vert	up	True	724258	725487	up	(800, 450)	testing
16	zy	m	19	3	diamond	none	same	N_dis	(800, 618)	hori	left	True	726988	727711	left	(800, 450)	testing
16	zy	m	19	3	diamond	red	same	(800, 618)	(800, 282)	hori	left	True	729134	729919	left	(800, 450)	testing
16	zy	m	19	3	circle	none	dif	N_dis	(968, 450)	vert	up	True	731582	732399	up	(800, 450)	testing
16	zy	m	19	3	circle	green	same	(800, 618)	(968, 450)	hori	left	True	734052	735294	left	(800, 450)	testing
16	zy	m	19	3	diamond	none	same	N_dis	(968, 450)	vert	up	True	736713	737583	up	(800, 450)	testing
16	zy	m	19	3	circle	green	dif	(800, 282)	(632, 450)	vert	up	True	739063	740479	up	(800, 450)	testing
16	zy	m	19	3	circle	red	dif	(800, 618)	(968, 450)	vert	up	True	742088	743022	up	(800, 450)	testing
16	zy	m	19	3	circle	red	same	(632, 450)	(800, 282)	hori	left	True	744453	745310	left	(800, 450)	testing
16	zy	m	19	3	circle	none	same	N_dis	(800, 618)	vert	up	True	746695	747823	up	(800, 450)	testing
16	zy	m	19	3	diamond	green	same	(800, 618)	(968, 450)	hori	left	True	749229	750222	left	(800, 450)	testing
16	zy	m	19	3	circle	red	same	(968, 450)	(800, 282)	vert	up	True	751732	752495	up	(800, 450)	testing
conf	16	zy	m	19	3	3	space	None	None	None	None	None	None	None	None	True	820781	829198	2
