subj	name	gender	age	runNum	shape	dist	td_dif	d_loc	t_loc	resp	resp_key	gotKey	startTime	respTime	resp	fix_loc	prac
17	hl	f	19	1	circle	red	dif	(968, 450)	(800, 282)	vert	up	True	80928	82973	left	(800, 450)	practice
17	hl	f	19	1	diamond	green	dif	(968, 450)	(632, 450)	hori	left	True	86147	87068	up	(800, 450)	practice
17	hl	f	19	1	diamond	none	dif	N_dis	(968, 450)	vert	up	True	90077	92108	up	(800, 450)	practice
17	hl	f	19	1	circle	green	same	(968, 450)	(800, 618)	vert	up	True	93714	95421	up	(800, 450)	practice
17	hl	f	19	1	circle	red	dif	(968, 450)	(800, 282)	hori	left	True	97094	98701	left	(800, 450)	practice
17	hl	f	19	1	circle	red	same	(968, 450)	(632, 450)	vert	up	True	100076	102877	up	(800, 450)	practice
17	hl	f	19	1	circle	none	dif	N_dis	(800, 618)	hori	left	True	104333	105725	left	(800, 450)	practice
17	hl	f	19	1	circle	green	same	(968, 450)	(800, 618)	hori	left	True	107366	109164	left	(800, 450)	practice
17	hl	f	19	1	circle	none	same	N_dis	(968, 450)	hori	left	True	110721	112925	left	(800, 450)	practice
17	hl	f	19	1	diamond	none	dif	N_dis	(800, 282)	vert	up	True	114304	115757	up	(800, 450)	practice
17	hl	f	19	1	diamond	none	dif	N_dis	(800, 282)	hori	left	True	117246	118365	left	(800, 450)	practice
17	hl	f	19	1	diamond	red	dif	(968, 450)	(800, 282)	hori	left	True	120013	122413	left	(800, 450)	practice
17	hl	f	19	1	circle	red	dif	(968, 450)	(632, 450)	vert	up	True	124080	125965	left	(800, 450)	practice
17	hl	f	19	1	diamond	green	same	(968, 450)	(800, 618)	hori	left	True	129060	131837	left	(800, 450)	practice
17	hl	f	19	1	circle	red	same	(968, 450)	(800, 282)	vert	up	True	133271	135549	up	(800, 450)	practice
17	hl	f	19	1	circle	red	dif	(968, 450)	(632, 450)	vert	up	True	137102	138461	up	(800, 450)	practice
17	hl	f	19	1	diamond	red	dif	(968, 450)	(800, 618)	hori	left	True	139841	140765	left	(800, 450)	practice
17	hl	f	19	1	circle	green	dif	(968, 450)	(800, 282)	vert	up	True	142274	143213	up	(800, 450)	practice
17	hl	f	19	1	diamond	red	same	(968, 450)	(632, 450)	hori	left	True	144735	145725	left	(800, 450)	practice
17	hl	f	19	1	circle	green	same	(968, 450)	(800, 618)	vert	up	True	147335	149325	up	(800, 450)	practice
17	hl	f	19	1	diamond	green	dif	(968, 450)	(800, 282)	vert	up	True	150846	152060	up	(800, 450)	practice
17	hl	f	19	1	diamond	green	same	(968, 450)	(632, 450)	vert	up	True	153543	154797	left	(800, 450)	practice
17	hl	f	19	1	diamond	green	dif	(968, 450)	(800, 618)	vert	up	True	157790	158749	up	(800, 450)	practice
17	hl	f	19	1	circle	green	same	(968, 450)	(800, 282)	vert	up	True	160328	161613	up	(800, 450)	practice
17	hl	f	19	1	diamond	none	dif	N_dis	(632, 450)	vert	up	True	163168	164237	up	(800, 450)	practice
17	hl	f	19	1	circle	none	dif	N_dis	(800, 618)	hori	left	True	165785	166557	left	(800, 450)	practice
17	hl	f	19	1	diamond	none	same	N_dis	(632, 450)	vert	up	True	167935	168621	up	(800, 450)	practice
17	hl	f	19	1	diamond	none	dif	N_dis	(800, 282)	vert	up	True	169999	170717	up	(800, 450)	practice
17	hl	f	19	1	circle	green	dif	(968, 450)	(632, 450)	hori	left	True	172292	173036	up	(800, 450)	practice
17	hl	f	19	1	circle	none	same	N_dis	(800, 618)	hori	left	True	176082	176989	left	(800, 450)	practice
17	hl	f	19	1	diamond	green	same	(968, 450)	(800, 618)	vert	up	True	178432	179789	up	(800, 450)	practice
17	hl	f	19	1	diamond	red	same	(968, 450)	(800, 282)	hori	left	True	181375	182205	left	(800, 450)	practice
17	hl	f	19	1	diamond	red	dif	(968, 450)	(632, 450)	vert	up	True	183771	184781	left	(800, 450)	practice
17	hl	f	19	1	diamond	none	dif	N_dis	(800, 282)	vert	up	True	187697	188733	up	(800, 450)	practice
17	hl	f	19	1	diamond	green	same	(968, 450)	(800, 618)	hori	left	True	190224	191405	left	(800, 450)	practice
17	hl	f	19	1	circle	green	same	(968, 450)	(800, 282)	hori	left	True	192975	194573	left	(800, 450)	practice
17	hl	f	19	1	diamond	red	dif	(968, 450)	(632, 450)	vert	up	True	196122	197741	up	(800, 450)	practice
17	hl	f	19	1	diamond	green	same	(968, 450)	(800, 618)	vert	up	True	199363	200669	up	(800, 450)	practice
17	hl	f	19	1	circle	green	dif	(968, 450)	(800, 282)	hori	left	True	202058	203341	left	(800, 450)	practice
17	hl	f	19	1	diamond	green	same	(968, 450)	(632, 450)	vert	up	True	204899	205693	up	(800, 450)	practice
17	hl	f	19	1	diamond	none	dif	N_dis	(968, 450)	hori	left	True	210130	212397	left	(800, 450)	testing
17	hl	f	19	1	circle	red	same	(968, 450)	(632, 450)	hori	left	True	213776	215341	left	(800, 450)	testing
17	hl	f	19	1	diamond	red	dif	(632, 450)	(968, 450)	hori	left	True	216877	218621	up	(800, 450)	testing
17	hl	f	19	1	circle	red	dif	(968, 450)	(632, 450)	vert	up	True	221534	222733	up	(800, 450)	testing
17	hl	f	19	1	diamond	green	dif	(968, 450)	(800, 618)	vert	up	True	224386	225677	up	(800, 450)	testing
17	hl	f	19	1	circle	none	same	N_dis	(968, 450)	vert	up	True	227182	228156	up	(800, 450)	testing
17	hl	f	19	1	diamond	green	same	(968, 450)	(800, 618)	hori	left	True	229667	230749	left	(800, 450)	testing
17	hl	f	19	1	diamond	none	dif	N_dis	(968, 450)	hori	left	True	232298	233405	left	(800, 450)	testing
17	hl	f	19	1	diamond	none	same	N_dis	(800, 618)	hori	left	True	235052	237469	up	(800, 450)	testing
17	hl	f	19	1	diamond	none	dif	N_dis	(800, 282)	hori	left	True	240515	242237	left	(800, 450)	testing
17	hl	f	19	1	circle	none	dif	N_dis	(968, 450)	hori	left	True	243632	244637	left	(800, 450)	testing
17	hl	f	19	1	diamond	none	dif	N_dis	(632, 450)	hori	left	True	246084	247661	left	(800, 450)	testing
17	hl	f	19	1	diamond	red	dif	(968, 450)	(632, 450)	hori	left	True	249041	250172	left	(800, 450)	testing
17	hl	f	19	1	diamond	green	dif	(632, 450)	(800, 282)	vert	up	True	251742	253933	up	(800, 450)	testing
17	hl	f	19	1	diamond	green	dif	(800, 618)	(968, 450)	vert	up	True	255442	256941	up	(800, 450)	testing
17	hl	f	19	1	circle	red	dif	(800, 282)	(968, 450)	vert	up	True	258377	259597	up	(800, 450)	testing
17	hl	f	19	1	diamond	red	dif	(800, 282)	(632, 450)	hori	left	True	261162	261853	left	(800, 450)	testing
17	hl	f	19	1	circle	red	same	(968, 450)	(800, 282)	hori	left	True	263345	264717	left	(800, 450)	testing
17	hl	f	19	1	circle	green	dif	(968, 450)	(632, 450)	hori	left	True	266210	267245	left	(800, 450)	testing
17	hl	f	19	1	diamond	green	dif	(632, 450)	(968, 450)	hori	left	True	268770	270092	up	(800, 450)	testing
17	hl	f	19	1	diamond	red	same	(800, 282)	(632, 450)	vert	up	True	273033	275773	up	(800, 450)	testing
17	hl	f	19	1	circle	green	dif	(632, 450)	(968, 450)	vert	up	True	277183	279277	up	(800, 450)	testing
17	hl	f	19	1	circle	red	same	(968, 450)	(800, 618)	vert	up	True	280853	282765	up	(800, 450)	testing
17	hl	f	19	1	circle	none	dif	N_dis	(800, 618)	vert	up	True	284144	284925	up	(800, 450)	testing
17	hl	f	19	1	circle	none	same	N_dis	(968, 450)	vert	up	True	286461	287325	up	(800, 450)	testing
17	hl	f	19	1	circle	green	dif	(800, 282)	(632, 450)	hori	left	True	288960	289917	left	(800, 450)	testing
17	hl	f	19	1	circle	red	dif	(800, 618)	(800, 282)	vert	up	True	291524	293741	up	(800, 450)	testing
17	hl	f	19	1	diamond	green	dif	(800, 618)	(800, 282)	hori	left	True	295340	296701	left	(800, 450)	testing
17	hl	f	19	1	diamond	none	dif	N_dis	(968, 450)	hori	left	True	298140	300092	left	(800, 450)	testing
17	hl	f	19	1	circle	none	dif	N_dis	(800, 282)	vert	up	True	301560	302797	up	(800, 450)	testing
17	hl	f	19	1	circle	green	dif	(968, 450)	(800, 282)	vert	up	True	304218	305773	up	(800, 450)	testing
17	hl	f	19	1	circle	green	same	(968, 450)	(800, 282)	hori	left	True	307272	308973	left	(800, 450)	testing
17	hl	f	19	1	diamond	green	dif	(632, 450)	(800, 618)	hori	left	True	310572	311949	left	(800, 450)	testing
17	hl	f	19	1	circle	red	same	(800, 618)	(968, 450)	hori	left	True	313483	314637	left	(800, 450)	testing
17	hl	f	19	1	diamond	none	dif	N_dis	(800, 282)	vert	up	True	316235	317405	up	(800, 450)	testing
17	hl	f	19	1	diamond	red	same	(800, 282)	(968, 450)	hori	left	True	318903	320124	left	(800, 450)	testing
17	hl	f	19	1	diamond	red	same	(800, 618)	(632, 450)	hori	left	True	321654	322941	left	(800, 450)	testing
17	hl	f	19	1	diamond	green	same	(800, 618)	(800, 282)	vert	up	True	324360	325373	up	(800, 450)	testing
17	hl	f	19	1	circle	red	same	(968, 450)	(800, 618)	hori	left	True	326788	327917	left	(800, 450)	testing
17	hl	f	19	1	diamond	green	dif	(800, 282)	(968, 450)	hori	left	True	329378	331357	left	(800, 450)	testing
17	hl	f	19	1	circle	red	dif	(632, 450)	(800, 282)	vert	up	True	332765	333901	up	(800, 450)	testing
17	hl	f	19	1	diamond	green	same	(968, 450)	(800, 282)	vert	up	True	335470	337132	up	(800, 450)	testing
17	hl	f	19	1	circle	none	dif	N_dis	(632, 450)	hori	left	True	338745	339805	left	(800, 450)	testing
17	hl	f	19	1	circle	red	dif	(632, 450)	(968, 450)	vert	up	True	341266	342365	up	(800, 450)	testing
17	hl	f	19	1	diamond	green	same	(800, 282)	(800, 618)	hori	left	True	343827	345709	left	(800, 450)	testing
17	hl	f	19	1	circle	red	dif	(968, 450)	(632, 450)	vert	up	True	347194	349805	left	(800, 450)	testing
17	hl	f	19	1	diamond	green	same	(632, 450)	(800, 282)	hori	left	True	352741	354637	up	(800, 450)	testing
17	hl	f	19	1	circle	red	dif	(632, 450)	(800, 282)	hori	left	True	357780	359837	left	(800, 450)	testing
17	hl	f	19	1	circle	none	dif	N_dis	(800, 618)	vert	up	True	361364	363373	up	(800, 450)	testing
17	hl	f	19	1	circle	red	same	(968, 450)	(800, 282)	vert	up	True	364793	366637	up	(800, 450)	testing
17	hl	f	19	1	circle	green	dif	(800, 282)	(800, 618)	vert	up	True	368055	369837	up	(800, 450)	testing
17	hl	f	19	1	diamond	green	same	(800, 618)	(632, 450)	hori	left	True	371374	372701	left	(800, 450)	testing
17	hl	f	19	1	circle	none	dif	N_dis	(800, 282)	hori	left	True	374341	376669	left	(800, 450)	testing
17	hl	f	19	1	circle	none	same	N_dis	(800, 618)	hori	left	True	378278	379853	left	(800, 450)	testing
17	hl	f	19	1	circle	red	dif	(968, 450)	(800, 282)	hori	left	True	381408	382685	up	(800, 450)	testing
17	hl	f	19	1	diamond	none	dif	N_dis	(632, 450)	hori	left	True	385693	387229	left	(800, 450)	testing
17	hl	f	19	1	circle	none	dif	N_dis	(632, 450)	vert	up	True	388624	390493	up	(800, 450)	testing
17	hl	f	19	1	circle	none	same	N_dis	(968, 450)	vert	up	True	391986	394205	up	(800, 450)	testing
17	hl	f	19	1	diamond	red	dif	(800, 282)	(968, 450)	hori	left	True	395777	397229	left	(800, 450)	testing
17	hl	f	19	1	circle	none	dif	N_dis	(800, 282)	hori	left	True	398746	400541	left	(800, 450)	testing
17	hl	f	19	1	diamond	red	same	(800, 618)	(800, 282)	hori	left	True	401989	403597	left	(800, 450)	testing
17	hl	f	19	1	circle	green	dif	(632, 450)	(800, 618)	hori	left	True	405115	407084	left	(800, 450)	testing
17	hl	f	19	1	diamond	none	same	N_dis	(632, 450)	hori	left	True	408535	410028	left	(800, 450)	testing
17	hl	f	19	1	circle	none	dif	N_dis	(800, 618)	vert	up	True	411475	412509	up	(800, 450)	testing
17	hl	f	19	1	diamond	red	dif	(968, 450)	(632, 450)	vert	up	True	413973	414925	up	(800, 450)	testing
17	hl	f	19	1	diamond	red	same	(968, 450)	(800, 618)	vert	up	True	416350	417277	up	(800, 450)	testing
17	hl	f	19	1	circle	none	dif	N_dis	(800, 618)	hori	left	True	418882	420221	left	(800, 450)	testing
17	hl	f	19	1	diamond	none	same	N_dis	(632, 450)	vert	up	True	421664	423789	up	(800, 450)	testing
17	hl	f	19	1	circle	red	same	(632, 450)	(800, 282)	vert	up	True	425212	426781	up	(800, 450)	testing
17	hl	f	19	1	circle	green	same	(800, 618)	(800, 282)	vert	up	True	428447	429485	up	(800, 450)	testing
17	hl	f	19	1	circle	green	same	(800, 618)	(968, 450)	hori	left	True	430883	431837	left	(800, 450)	testing
17	hl	f	19	1	circle	none	same	N_dis	(800, 618)	hori	left	True	433432	434172	left	(800, 450)	testing
17	hl	f	19	1	diamond	green	same	(968, 450)	(800, 618)	vert	up	True	435633	437132	up	(800, 450)	testing
17	hl	f	19	1	diamond	none	dif	N_dis	(800, 618)	hori	left	True	438564	439501	left	(800, 450)	testing
17	hl	f	19	1	circle	red	dif	(968, 450)	(632, 450)	hori	left	True	441102	443245	left	(800, 450)	testing
17	hl	f	19	1	diamond	none	same	N_dis	(800, 618)	vert	up	True	444860	446092	up	(800, 450)	testing
17	hl	f	19	1	diamond	none	same	N_dis	(800, 282)	hori	left	True	447608	448461	left	(800, 450)	testing
17	hl	f	19	1	diamond	red	same	(968, 450)	(800, 282)	vert	up	True	449896	451357	up	(800, 450)	testing
17	hl	f	19	1	circle	green	dif	(632, 450)	(800, 618)	vert	up	True	452929	454301	up	(800, 450)	testing
17	hl	f	19	1	diamond	red	same	(632, 450)	(800, 618)	vert	up	True	455785	456749	up	(800, 450)	testing
17	hl	f	19	1	diamond	red	same	(968, 450)	(800, 618)	vert	up	True	458303	459020	up	(800, 450)	testing
17	hl	f	19	1	circle	none	dif	N_dis	(632, 450)	hori	left	True	460514	461597	left	(800, 450)	testing
17	hl	f	19	1	circle	green	same	(800, 282)	(800, 618)	hori	left	True	463213	465485	left	(800, 450)	testing
17	hl	f	19	1	circle	green	dif	(632, 450)	(800, 282)	vert	up	True	467076	468189	left	(800, 450)	testing
17	hl	f	19	1	circle	green	same	(968, 450)	(800, 618)	hori	left	True	471373	473437	left	(800, 450)	testing
17	hl	f	19	1	diamond	none	same	N_dis	(632, 450)	hori	left	True	475081	475981	left	(800, 450)	testing
17	hl	f	19	1	circle	red	dif	(968, 450)	(800, 282)	hori	left	True	477623	479229	up	(800, 450)	testing
17	hl	f	19	1	circle	none	same	N_dis	(800, 618)	hori	left	True	482345	484140	left	(800, 450)	testing
17	hl	f	19	1	circle	green	dif	(968, 450)	(800, 282)	vert	up	True	485642	487613	up	(800, 450)	testing
17	hl	f	19	1	diamond	green	same	(800, 618)	(632, 450)	vert	up	True	489279	491293	up	(800, 450)	testing
17	hl	f	19	1	circle	none	dif	N_dis	(632, 450)	hori	left	True	492869	494573	left	(800, 450)	testing
17	hl	f	19	1	circle	red	same	(800, 618)	(632, 450)	hori	left	True	496167	498717	left	(800, 450)	testing
17	hl	f	19	1	circle	green	same	(968, 450)	(800, 618)	vert	up	True	500270	502189	up	(800, 450)	testing
17	hl	f	19	1	circle	red	dif	(800, 282)	(968, 450)	hori	left	True	503695	504765	left	(800, 450)	testing
17	hl	f	19	1	circle	green	dif	(968, 450)	(632, 450)	vert	up	True	506422	508189	up	(800, 450)	testing
17	hl	f	19	1	circle	red	same	(800, 282)	(968, 450)	vert	up	True	509804	511725	up	(800, 450)	testing
17	hl	f	19	1	diamond	green	dif	(968, 450)	(800, 618)	hori	left	True	513231	515148	left	(800, 450)	testing
17	hl	f	19	1	circle	none	same	N_dis	(632, 450)	vert	up	True	516605	518172	up	(800, 450)	testing
17	hl	f	19	1	circle	none	same	N_dis	(632, 450)	hori	left	True	519548	520669	left	(800, 450)	testing
17	hl	f	19	1	circle	none	dif	N_dis	(800, 282)	hori	left	True	522263	523949	left	(800, 450)	testing
17	hl	f	19	1	diamond	none	same	N_dis	(800, 282)	vert	up	True	525361	526301	up	(800, 450)	testing
17	hl	f	19	1	circle	none	same	N_dis	(632, 450)	vert	up	True	527900	529405	left	(800, 450)	testing
17	hl	f	19	1	diamond	green	same	(968, 450)	(632, 450)	vert	up	True	532345	533869	up	(800, 450)	testing
17	hl	f	19	1	circle	red	same	(968, 450)	(632, 450)	vert	up	True	535358	537853	up	(800, 450)	testing
17	hl	f	19	1	diamond	none	same	N_dis	(632, 450)	vert	up	True	539270	541116	up	(800, 450)	testing
17	hl	f	19	1	diamond	green	dif	(968, 450)	(800, 282)	hori	left	True	542561	544605	left	(800, 450)	testing
17	hl	f	19	1	diamond	none	same	N_dis	(800, 282)	hori	left	True	545988	547805	left	(800, 450)	testing
17	hl	f	19	1	diamond	green	same	(632, 450)	(968, 450)	vert	up	True	549262	550301	up	(800, 450)	testing
17	hl	f	19	1	diamond	none	dif	N_dis	(800, 618)	hori	left	True	551686	553341	left	(800, 450)	testing
17	hl	f	19	1	circle	red	dif	(800, 618)	(632, 450)	hori	left	True	554737	557084	left	(800, 450)	testing
17	hl	f	19	1	diamond	none	same	N_dis	(800, 618)	hori	left	True	558718	560461	left	(800, 450)	testing
17	hl	f	19	1	circle	none	same	N_dis	(968, 450)	vert	up	True	561929	562797	up	(800, 450)	testing
17	hl	f	19	1	circle	green	dif	(968, 450)	(800, 282)	vert	up	True	564240	565100	up	(800, 450)	testing
17	hl	f	19	1	circle	green	same	(632, 450)	(800, 618)	hori	left	True	566764	568060	left	(800, 450)	testing
17	hl	f	19	1	diamond	none	dif	N_dis	(968, 450)	vert	up	True	569575	570829	up	(800, 450)	testing
17	hl	f	19	1	circle	green	same	(800, 282)	(632, 450)	hori	left	True	572250	573341	left	(800, 450)	testing
17	hl	f	19	1	circle	none	same	N_dis	(800, 618)	hori	left	True	574870	575629	left	(800, 450)	testing
17	hl	f	19	1	circle	red	dif	(632, 450)	(800, 618)	hori	left	True	577262	578092	left	(800, 450)	testing
17	hl	f	19	1	diamond	red	same	(968, 450)	(632, 450)	hori	left	True	579565	581309	left	(800, 450)	testing
17	hl	f	19	1	circle	none	same	N_dis	(968, 450)	vert	up	True	582897	584525	up	(800, 450)	testing
17	hl	f	19	1	diamond	green	same	(968, 450)	(632, 450)	hori	left	True	586049	587229	left	(800, 450)	testing
17	hl	f	19	1	diamond	none	dif	N_dis	(800, 282)	vert	up	True	588610	589645	up	(800, 450)	testing
17	hl	f	19	1	diamond	none	same	N_dis	(800, 282)	vert	up	True	591045	591933	up	(800, 450)	testing
17	hl	f	19	1	circle	red	same	(968, 450)	(800, 282)	hori	left	True	593519	594893	left	(800, 450)	testing
17	hl	f	19	1	diamond	green	same	(968, 450)	(632, 450)	vert	up	True	596381	597581	up	(800, 450)	testing
17	hl	f	19	1	diamond	none	same	N_dis	(632, 450)	hori	left	True	598968	599789	left	(800, 450)	testing
17	hl	f	19	1	diamond	green	same	(968, 450)	(800, 282)	vert	up	True	601386	602269	up	(800, 450)	testing
17	hl	f	19	1	circle	green	same	(800, 282)	(800, 618)	vert	up	True	603803	604941	left	(800, 450)	testing
17	hl	f	19	1	diamond	red	same	(968, 450)	(800, 618)	vert	up	True	608016	609981	up	(800, 450)	testing
17	hl	f	19	1	diamond	green	dif	(632, 450)	(800, 282)	vert	up	True	611491	612573	up	(800, 450)	testing
17	hl	f	19	1	circle	none	dif	N_dis	(800, 618)	vert	up	True	614021	615261	up	(800, 450)	testing
17	hl	f	19	1	circle	none	same	N_dis	(632, 450)	vert	up	True	616893	619004	up	(800, 450)	testing
17	hl	f	19	1	diamond	red	dif	(968, 450)	(632, 450)	hori	left	True	620462	621629	left	(800, 450)	testing
17	hl	f	19	1	diamond	red	dif	(632, 450)	(800, 282)	hori	left	True	623215	625053	left	(800, 450)	testing
17	hl	f	19	1	circle	red	same	(968, 450)	(800, 618)	vert	up	True	626632	627789	up	(800, 450)	testing
17	hl	f	19	1	circle	green	same	(800, 618)	(632, 450)	vert	up	True	629238	630301	up	(800, 450)	testing
17	hl	f	19	1	circle	red	same	(800, 282)	(800, 618)	hori	left	True	631805	632941	left	(800, 450)	testing
17	hl	f	19	1	diamond	green	dif	(968, 450)	(800, 618)	vert	up	True	634492	635261	up	(800, 450)	testing
17	hl	f	19	1	circle	none	dif	N_dis	(968, 450)	hori	left	True	636678	637757	left	(800, 450)	testing
17	hl	f	19	1	diamond	none	same	N_dis	(800, 618)	vert	up	True	639158	640285	up	(800, 450)	testing
17	hl	f	19	1	diamond	red	same	(632, 450)	(968, 450)	vert	up	True	641849	642909	up	(800, 450)	testing
17	hl	f	19	1	circle	green	same	(968, 450)	(800, 618)	vert	up	True	644352	645597	up	(800, 450)	testing
17	hl	f	19	1	diamond	red	dif	(968, 450)	(800, 282)	hori	left	True	647015	647949	left	(800, 450)	testing
17	hl	f	19	1	circle	none	same	N_dis	(800, 618)	hori	left	True	649327	651132	left	(800, 450)	testing
17	hl	f	19	1	diamond	red	same	(800, 282)	(800, 618)	vert	up	True	652580	653549	up	(800, 450)	testing
17	hl	f	19	1	diamond	none	dif	N_dis	(632, 450)	hori	left	True	655101	655869	left	(800, 450)	testing
17	hl	f	19	1	diamond	none	same	N_dis	(800, 282)	hori	left	True	657261	658269	left	(800, 450)	testing
17	hl	f	19	1	diamond	red	dif	(968, 450)	(800, 282)	vert	up	True	659718	660653	up	(800, 450)	testing
17	hl	f	19	1	circle	red	same	(968, 450)	(800, 282)	vert	up	True	662181	663933	up	(800, 450)	testing
17	hl	f	19	1	diamond	red	dif	(800, 282)	(800, 618)	hori	left	True	665384	666637	up	(800, 450)	testing
17	hl	f	19	1	circle	green	dif	(968, 450)	(632, 450)	hori	left	True	669709	670877	left	(800, 450)	testing
17	hl	f	19	1	circle	none	same	N_dis	(800, 282)	vert	up	True	672406	673421	up	(800, 450)	testing
17	hl	f	19	1	circle	green	dif	(968, 450)	(632, 450)	hori	left	True	674796	675757	left	(800, 450)	testing
17	hl	f	19	1	circle	green	same	(968, 450)	(632, 450)	hori	left	True	677238	679277	left	(800, 450)	testing
17	hl	f	19	1	diamond	none	dif	N_dis	(800, 282)	hori	left	True	680887	681837	left	(800, 450)	testing
17	hl	f	19	1	diamond	red	same	(800, 282)	(632, 450)	vert	up	True	683450	684397	up	(800, 450)	testing
17	hl	f	19	1	diamond	red	dif	(800, 282)	(632, 450)	hori	left	True	685876	687469	left	(800, 450)	testing
17	hl	f	19	1	diamond	green	dif	(632, 450)	(968, 450)	hori	left	True	689106	690381	left	(800, 450)	testing
17	hl	f	19	1	circle	red	same	(632, 450)	(968, 450)	vert	up	True	691771	693949	up	(800, 450)	testing
17	hl	f	19	1	circle	none	same	N_dis	(968, 450)	hori	left	True	695549	697068	left	(800, 450)	testing
17	hl	f	19	1	circle	green	dif	(968, 450)	(800, 282)	vert	up	True	698480	699645	up	(800, 450)	testing
17	hl	f	19	1	circle	green	same	(800, 618)	(968, 450)	hori	left	True	701099	702669	left	(800, 450)	testing
17	hl	f	19	1	circle	green	same	(800, 282)	(632, 450)	vert	up	True	704231	705869	up	(800, 450)	testing
17	hl	f	19	1	circle	none	dif	N_dis	(800, 282)	hori	left	True	707540	708925	left	(800, 450)	testing
17	hl	f	19	1	circle	green	same	(800, 618)	(800, 282)	hori	left	True	710494	711309	left	(800, 450)	testing
17	hl	f	19	1	diamond	red	same	(968, 450)	(632, 450)	hori	left	True	712757	713773	left	(800, 450)	testing
17	hl	f	19	1	diamond	red	dif	(800, 618)	(800, 282)	hori	left	True	715149	715997	left	(800, 450)	testing
17	hl	f	19	1	circle	green	dif	(968, 450)	(800, 282)	vert	up	True	717472	718349	up	(800, 450)	testing
17	hl	f	19	1	diamond	green	dif	(968, 450)	(800, 618)	hori	left	True	719882	721261	left	(800, 450)	testing
17	hl	f	19	1	circle	red	dif	(632, 450)	(800, 618)	hori	left	True	722879	724685	left	(800, 450)	testing
17	hl	f	19	1	circle	red	same	(968, 450)	(800, 282)	hori	left	True	726306	728381	left	(800, 450)	testing
17	hl	f	19	1	diamond	green	dif	(968, 450)	(800, 282)	vert	up	True	730013	730813	up	(800, 450)	testing
17	hl	f	19	1	diamond	red	dif	(968, 450)	(800, 282)	hori	left	True	732265	733517	left	(800, 450)	testing
17	hl	f	19	1	circle	green	same	(968, 450)	(800, 618)	hori	left	True	735188	736333	left	(800, 450)	testing
17	hl	f	19	1	circle	green	dif	(800, 282)	(968, 450)	hori	left	True	737883	739180	left	(800, 450)	testing
17	hl	f	19	1	circle	green	same	(800, 282)	(968, 450)	hori	left	True	740615	741997	left	(800, 450)	testing
17	hl	f	19	1	circle	green	dif	(968, 450)	(800, 618)	vert	up	True	743596	744989	up	(800, 450)	testing
17	hl	f	19	1	diamond	red	same	(632, 450)	(800, 618)	vert	up	True	746558	747597	up	(800, 450)	testing
17	hl	f	19	1	diamond	green	dif	(632, 450)	(800, 618)	vert	up	True	749100	750333	up	(800, 450)	testing
17	hl	f	19	1	diamond	red	same	(800, 618)	(632, 450)	vert	up	True	751793	752765	up	(800, 450)	testing
17	hl	f	19	1	circle	none	dif	N_dis	(800, 282)	vert	up	True	754286	755997	up	(800, 450)	testing
17	hl	f	19	1	diamond	green	dif	(800, 618)	(632, 450)	vert	up	True	757559	758829	up	(800, 450)	testing
17	hl	f	19	1	circle	red	dif	(800, 618)	(968, 450)	hori	left	True	760462	762108	left	(800, 450)	testing
17	hl	f	19	1	diamond	green	same	(968, 450)	(800, 618)	vert	up	True	763535	764893	up	(800, 450)	testing
17	hl	f	19	1	circle	none	same	N_dis	(968, 450)	vert	up	True	766404	767501	up	(800, 450)	testing
17	hl	f	19	1	diamond	red	dif	(968, 450)	(632, 450)	hori	left	True	768991	769709	left	(800, 450)	testing
17	hl	f	19	1	circle	green	dif	(968, 450)	(800, 282)	vert	up	True	771302	772461	up	(800, 450)	testing
17	hl	f	19	1	diamond	red	dif	(968, 450)	(800, 618)	hori	left	True	773905	775180	left	(800, 450)	testing
17	hl	f	19	1	diamond	green	dif	(968, 450)	(632, 450)	vert	up	True	776583	777709	up	(800, 450)	testing
17	hl	f	19	1	circle	green	same	(800, 282)	(800, 618)	hori	left	True	779359	780333	left	(800, 450)	testing
17	hl	f	19	1	diamond	red	dif	(800, 618)	(968, 450)	hori	left	True	781825	782685	left	(800, 450)	testing
17	hl	f	19	1	diamond	red	dif	(968, 450)	(632, 450)	vert	up	True	784282	785100	up	(800, 450)	testing
17	hl	f	19	1	diamond	red	same	(632, 450)	(800, 618)	hori	left	True	786523	787437	left	(800, 450)	testing
17	hl	f	19	1	diamond	none	dif	N_dis	(632, 450)	hori	left	True	789004	789853	left	(800, 450)	testing
17	hl	f	19	1	diamond	none	dif	N_dis	(800, 618)	vert	up	True	791411	792317	up	(800, 450)	testing
17	hl	f	19	1	circle	red	same	(800, 618)	(968, 450)	vert	up	True	793836	795741	up	(800, 450)	testing
17	hl	f	19	1	diamond	red	dif	(800, 618)	(632, 450)	hori	left	True	797299	798813	left	(800, 450)	testing
17	hl	f	19	1	diamond	green	same	(800, 618)	(968, 450)	hori	left	True	800289	802365	left	(800, 450)	testing
17	hl	f	19	1	diamond	none	same	N_dis	(800, 618)	hori	left	True	804000	804717	left	(800, 450)	testing
17	hl	f	19	1	circle	green	dif	(968, 450)	(800, 618)	hori	left	True	806132	807164	left	(800, 450)	testing
17	hl	f	19	1	diamond	none	same	N_dis	(800, 282)	hori	left	True	808642	809693	left	(800, 450)	testing
17	hl	f	19	1	diamond	green	dif	(632, 450)	(968, 450)	hori	left	True	811119	811805	left	(800, 450)	testing
17	hl	f	19	1	diamond	red	same	(632, 450)	(800, 282)	vert	up	True	813238	814108	up	(800, 450)	testing
17	hl	f	19	1	diamond	red	dif	(968, 450)	(632, 450)	hori	left	True	815740	816541	left	(800, 450)	testing
17	hl	f	19	1	diamond	none	dif	N_dis	(632, 450)	vert	up	True	818071	819837	up	(800, 450)	testing
17	hl	f	19	1	diamond	green	same	(800, 282)	(968, 450)	hori	left	True	821255	821997	left	(800, 450)	testing
17	hl	f	19	1	diamond	none	dif	N_dis	(968, 450)	hori	left	True	823564	824285	left	(800, 450)	testing
17	hl	f	19	1	circle	red	dif	(968, 450)	(800, 618)	vert	up	True	825864	827084	up	(800, 450)	testing
17	hl	f	19	1	circle	green	same	(968, 450)	(800, 282)	hori	left	True	828489	829757	up	(800, 450)	testing
17	hl	f	19	1	diamond	red	same	(632, 450)	(968, 450)	vert	up	True	832901	834237	up	(800, 450)	testing
17	hl	f	19	1	circle	green	same	(800, 618)	(632, 450)	vert	up	True	835713	836813	up	(800, 450)	testing
17	hl	f	19	1	circle	red	same	(800, 618)	(968, 450)	vert	up	True	838288	839949	up	(800, 450)	testing
17	hl	f	19	1	circle	none	same	N_dis	(968, 450)	vert	up	True	841579	842493	up	(800, 450)	testing
17	hl	f	19	1	circle	green	dif	(800, 618)	(968, 450)	vert	up	True	844058	845245	up	(800, 450)	testing
17	hl	f	19	1	circle	none	same	N_dis	(632, 450)	vert	up	True	846808	847533	up	(800, 450)	testing
17	hl	f	19	1	diamond	none	same	N_dis	(968, 450)	vert	up	True	849100	850861	up	(800, 450)	testing
17	hl	f	19	1	diamond	none	same	N_dis	(800, 618)	hori	left	True	852331	853213	left	(800, 450)	testing
17	hl	f	19	1	circle	red	dif	(800, 282)	(632, 450)	vert	up	True	854624	855709	up	(800, 450)	testing
17	hl	f	19	1	circle	none	dif	N_dis	(968, 450)	hori	left	True	857251	857885	left	(800, 450)	testing
17	hl	f	19	1	circle	none	dif	N_dis	(632, 450)	hori	left	True	859552	860445	left	(800, 450)	testing
17	hl	f	19	1	diamond	none	dif	N_dis	(968, 450)	vert	up	True	862100	862941	up	(800, 450)	testing
17	hl	f	19	1	circle	green	dif	(632, 450)	(968, 450)	hori	left	True	864491	865389	left	(800, 450)	testing
17	hl	f	19	1	circle	none	same	N_dis	(800, 282)	vert	up	True	867012	867790	up	(800, 450)	testing
17	hl	f	19	1	diamond	green	dif	(968, 450)	(800, 282)	vert	up	True	869292	870317	up	(800, 450)	testing
17	hl	f	19	1	diamond	green	same	(968, 450)	(800, 618)	vert	up	True	871984	872925	up	(800, 450)	testing
17	hl	f	19	1	diamond	none	dif	N_dis	(632, 450)	hori	left	True	874546	875245	left	(800, 450)	testing
17	hl	f	19	1	circle	green	same	(968, 450)	(800, 282)	vert	up	True	876838	877837	up	(800, 450)	testing
17	hl	f	19	1	diamond	red	same	(800, 282)	(800, 618)	hori	left	True	879507	880893	left	(800, 450)	testing
17	hl	f	19	1	circle	red	dif	(800, 282)	(632, 450)	hori	left	True	882519	883741	left	(800, 450)	testing
17	hl	f	19	1	diamond	green	same	(968, 450)	(632, 450)	hori	left	True	885124	887421	left	(800, 450)	testing
17	hl	f	19	1	diamond	none	dif	N_dis	(632, 450)	hori	left	True	888922	889917	left	(800, 450)	testing
17	hl	f	19	1	diamond	green	same	(968, 450)	(800, 282)	vert	up	False	891499	None	None	(800, 450)	testing
17	hl	f	19	1	circle	red	dif	(968, 450)	(800, 282)	hori	left	True	897570	899453	left	(800, 450)	testing
17	hl	f	19	1	circle	none	same	N_dis	(800, 282)	hori	left	True	901098	902317	left	(800, 450)	testing
17	hl	f	19	1	diamond	none	dif	N_dis	(800, 282)	hori	left	True	903820	905084	left	(800, 450)	testing
17	hl	f	19	1	circle	green	same	(632, 450)	(800, 282)	hori	left	True	906638	908269	left	(800, 450)	testing
17	hl	f	19	1	diamond	red	dif	(968, 450)	(800, 618)	hori	left	True	909783	910717	left	(800, 450)	testing
17	hl	f	19	1	diamond	green	dif	(968, 450)	(632, 450)	vert	up	True	912115	913565	up	(800, 450)	testing
17	hl	f	19	1	diamond	none	same	N_dis	(800, 618)	vert	up	True	915029	915997	up	(800, 450)	testing
17	hl	f	19	1	circle	red	dif	(632, 450)	(800, 618)	hori	left	True	917514	918413	left	(800, 450)	testing
17	hl	f	19	1	diamond	green	same	(800, 618)	(800, 282)	vert	up	True	919919	920781	up	(800, 450)	testing
17	hl	f	19	1	circle	none	dif	N_dis	(632, 450)	hori	left	True	922201	923485	left	(800, 450)	testing
17	hl	f	19	1	diamond	red	dif	(968, 450)	(800, 618)	hori	left	True	924971	926124	left	(800, 450)	testing
17	hl	f	19	1	diamond	green	dif	(968, 450)	(800, 618)	hori	left	True	927770	928798	left	(800, 450)	testing
17	hl	f	19	1	diamond	red	dif	(800, 282)	(632, 450)	hori	left	True	930261	931116	left	(800, 450)	testing
17	hl	f	19	1	diamond	green	dif	(968, 450)	(800, 618)	vert	up	True	932522	933389	up	(800, 450)	testing
17	hl	f	19	1	circle	red	same	(800, 618)	(800, 282)	vert	up	True	934981	936365	up	(800, 450)	testing
17	hl	f	19	1	circle	green	same	(800, 282)	(632, 450)	hori	left	True	937814	938781	left	(800, 450)	testing
17	hl	f	19	1	circle	none	same	N_dis	(800, 618)	hori	left	True	940164	940925	left	(800, 450)	testing
17	hl	f	19	1	diamond	green	same	(800, 618)	(968, 450)	hori	left	True	942585	943837	left	(800, 450)	testing
17	hl	f	19	1	diamond	none	same	N_dis	(800, 282)	hori	left	True	945255	946124	left	(800, 450)	testing
17	hl	f	19	1	diamond	none	same	N_dis	(968, 450)	hori	left	True	947554	948253	left	(800, 450)	testing
17	hl	f	19	1	diamond	red	same	(968, 450)	(800, 618)	vert	up	True	949864	950686	up	(800, 450)	testing
17	hl	f	19	1	circle	green	dif	(632, 450)	(800, 282)	vert	up	True	952290	953533	up	(800, 450)	testing
17	hl	f	19	1	circle	green	dif	(800, 282)	(968, 450)	vert	up	True	955036	956124	up	(800, 450)	testing
17	hl	f	19	1	diamond	red	dif	(800, 282)	(800, 618)	vert	up	True	957581	958493	up	(800, 450)	testing
17	hl	f	19	1	diamond	none	same	N_dis	(968, 450)	vert	up	True	960119	960813	up	(800, 450)	testing
17	hl	f	19	1	circle	green	same	(800, 618)	(800, 282)	vert	up	True	962430	963565	up	(800, 450)	testing
17	hl	f	19	1	diamond	none	dif	N_dis	(800, 282)	hori	left	True	964998	965629	left	(800, 450)	testing
17	hl	f	19	1	circle	none	dif	N_dis	(968, 450)	hori	left	True	967228	968237	left	(800, 450)	testing
17	hl	f	19	1	circle	none	dif	N_dis	(800, 618)	hori	left	True	969719	970733	left	(800, 450)	testing
17	hl	f	19	1	circle	red	dif	(968, 450)	(632, 450)	vert	up	True	972124	973421	up	(800, 450)	testing
17	hl	f	19	1	diamond	red	dif	(632, 450)	(800, 618)	hori	left	True	975083	975917	left	(800, 450)	testing
17	hl	f	19	1	circle	red	same	(968, 450)	(800, 618)	hori	left	True	977342	979100	left	(800, 450)	testing
17	hl	f	19	1	circle	red	dif	(968, 450)	(632, 450)	vert	up	True	980773	981469	up	(800, 450)	testing
17	hl	f	19	1	circle	none	same	N_dis	(800, 618)	vert	up	True	982892	983629	up	(800, 450)	testing
17	hl	f	19	1	diamond	red	same	(968, 450)	(800, 282)	hori	left	True	985141	986172	left	(800, 450)	testing
17	hl	f	19	1	circle	green	dif	(800, 618)	(632, 450)	hori	left	True	987799	989453	left	(800, 450)	testing
17	hl	f	19	1	circle	none	same	N_dis	(968, 450)	vert	up	True	991027	991981	up	(800, 450)	testing
17	hl	f	19	1	circle	red	same	(800, 618)	(800, 282)	hori	left	True	993493	994429	left	(800, 450)	testing
17	hl	f	19	1	circle	green	dif	(968, 450)	(632, 450)	hori	left	True	995864	996605	left	(800, 450)	testing
17	hl	f	19	1	circle	none	dif	N_dis	(632, 450)	hori	left	True	998139	998877	left	(800, 450)	testing
17	hl	f	19	1	circle	red	same	(632, 450)	(968, 450)	hori	left	True	1000343	1001501	left	(800, 450)	testing
17	hl	f	19	1	diamond	green	same	(800, 618)	(632, 450)	vert	up	True	1002904	1004509	up	(800, 450)	testing
17	hl	f	19	1	diamond	green	dif	(800, 618)	(968, 450)	vert	up	True	1005928	1007581	left	(800, 450)	testing
17	hl	f	19	1	circle	red	same	(968, 450)	(632, 450)	vert	up	True	1010671	1012381	up	(800, 450)	testing
17	hl	f	19	1	diamond	none	same	N_dis	(800, 282)	hori	left	True	1013996	1015004	left	(800, 450)	testing
17	hl	f	19	1	circle	none	same	N_dis	(632, 450)	vert	up	True	1016658	1017709	up	(800, 450)	testing
17	hl	f	19	1	circle	red	dif	(632, 450)	(800, 282)	vert	up	True	1019194	1020060	up	(800, 450)	testing
17	hl	f	19	1	diamond	red	same	(800, 282)	(800, 618)	hori	left	True	1021492	1022701	left	(800, 450)	testing
17	hl	f	19	1	diamond	red	same	(800, 282)	(968, 450)	hori	left	True	1024296	1025709	left	(800, 450)	testing
17	hl	f	19	1	diamond	green	same	(968, 450)	(632, 450)	hori	left	True	1027323	1028429	left	(800, 450)	testing
17	hl	f	19	1	diamond	green	dif	(800, 618)	(800, 282)	hori	left	True	1029980	1030925	left	(800, 450)	testing
17	hl	f	19	1	diamond	green	same	(968, 450)	(800, 618)	hori	left	True	1032427	1033421	left	(800, 450)	testing
17	hl	f	19	1	diamond	none	dif	N_dis	(968, 450)	vert	up	True	1034914	1035725	up	(800, 450)	testing
17	hl	f	19	1	circle	none	dif	N_dis	(800, 282)	hori	left	True	1037099	1038189	left	(800, 450)	testing
17	hl	f	19	1	diamond	green	same	(968, 450)	(632, 450)	vert	up	True	1039603	1040429	up	(800, 450)	testing
17	hl	f	19	1	diamond	none	dif	N_dis	(968, 450)	vert	up	True	1042087	1042717	up	(800, 450)	testing
17	hl	f	19	1	circle	green	same	(968, 450)	(800, 282)	vert	up	True	1044192	1045565	up	(800, 450)	testing
17	hl	f	19	1	diamond	none	same	N_dis	(800, 618)	vert	up	True	1046971	1047885	up	(800, 450)	testing
17	hl	f	19	1	circle	red	dif	(968, 450)	(800, 618)	hori	left	True	1049555	1050653	left	(800, 450)	testing
17	hl	f	19	1	diamond	none	dif	N_dis	(968, 450)	vert	up	True	1052146	1053773	up	(800, 450)	testing
17	hl	f	19	1	circle	red	same	(968, 450)	(800, 282)	vert	up	True	1055296	1056397	up	(800, 450)	testing
17	hl	f	19	1	circle	none	dif	N_dis	(800, 618)	hori	left	True	1057931	1058861	left	(800, 450)	testing
17	hl	f	19	1	diamond	red	same	(800, 282)	(632, 450)	hori	left	True	1060524	1061709	left	(800, 450)	testing
17	hl	f	19	1	circle	red	same	(800, 282)	(968, 450)	vert	up	True	1063132	1064205	up	(800, 450)	testing
17	hl	f	19	1	diamond	red	dif	(800, 282)	(800, 618)	vert	up	True	1065631	1066493	left	(800, 450)	testing
17	hl	f	19	1	diamond	none	same	N_dis	(800, 282)	hori	left	True	1069454	1071229	left	(800, 450)	testing
17	hl	f	19	1	diamond	green	dif	(968, 450)	(800, 282)	hori	left	True	1072687	1073917	left	(800, 450)	testing
17	hl	f	19	1	circle	red	dif	(968, 450)	(632, 450)	vert	up	True	1075341	1076365	up	(800, 450)	testing
