subj	name	gender	age	runNum	shape	dist	td_dif	d_loc	t_loc	resp	resp_key	gotKey	startTime	respTime	resp	fix_loc	prac
17	hl	f	19	2	circle	none	dif	N_dis	(968, 450)	vert	up	True	105931	107083	up	(800, 450)	testing
17	hl	f	19	2	circle	green	same	(800, 618)	(968, 450)	hori	left	True	108656	110795	left	(800, 450)	testing
17	hl	f	19	2	circle	red	same	(800, 282)	(632, 450)	hori	left	True	112353	113787	left	(800, 450)	testing
17	hl	f	19	2	circle	red	dif	(800, 282)	(968, 450)	hori	left	True	115380	116171	left	(800, 450)	testing
17	hl	f	19	2	diamond	none	dif	N_dis	(632, 450)	vert	up	True	117716	118955	up	(800, 450)	testing
17	hl	f	19	2	circle	red	same	(632, 450)	(800, 618)	vert	up	True	120361	121243	up	(800, 450)	testing
17	hl	f	19	2	circle	red	dif	(800, 282)	(800, 618)	vert	up	True	122768	125019	up	(800, 450)	testing
17	hl	f	19	2	circle	none	same	N_dis	(800, 282)	hori	left	True	126487	127803	left	(800, 450)	testing
17	hl	f	19	2	circle	green	same	(632, 450)	(968, 450)	hori	left	True	129196	129947	left	(800, 450)	testing
17	hl	f	19	2	circle	green	dif	(632, 450)	(800, 282)	vert	up	True	131553	132203	up	(800, 450)	testing
17	hl	f	19	2	diamond	red	same	(800, 618)	(968, 450)	vert	up	True	133746	134875	up	(800, 450)	testing
17	hl	f	19	2	diamond	green	dif	(800, 282)	(632, 450)	vert	up	True	136507	137099	left	(800, 450)	testing
17	hl	f	19	2	diamond	red	dif	(800, 618)	(968, 450)	vert	up	True	140117	141275	up	(800, 450)	testing
17	hl	f	19	2	circle	none	dif	N_dis	(800, 618)	vert	up	True	142697	143787	up	(800, 450)	testing
17	hl	f	19	2	circle	none	same	N_dis	(800, 618)	hori	left	True	145196	146059	left	(800, 450)	testing
17	hl	f	19	2	circle	none	dif	N_dis	(800, 618)	hori	left	True	147712	148651	left	(800, 450)	testing
17	hl	f	19	2	diamond	green	same	(800, 282)	(968, 450)	hori	left	True	150080	151627	left	(800, 450)	testing
17	hl	f	19	2	diamond	red	dif	(800, 618)	(800, 282)	hori	left	True	153106	154124	left	(800, 450)	testing
17	hl	f	19	2	diamond	red	same	(632, 450)	(800, 618)	hori	left	True	155660	156715	left	(800, 450)	testing
17	hl	f	19	2	diamond	red	same	(632, 450)	(800, 618)	hori	left	True	158233	158939	left	(800, 450)	testing
17	hl	f	19	2	diamond	none	same	N_dis	(800, 618)	hori	left	True	160479	161387	left	(800, 450)	testing
17	hl	f	19	2	diamond	green	same	(800, 618)	(632, 450)	hori	left	True	162802	163675	left	(800, 450)	testing
17	hl	f	19	2	diamond	red	dif	(800, 618)	(632, 450)	hori	left	True	165165	165867	left	(800, 450)	testing
17	hl	f	19	2	diamond	none	dif	N_dis	(800, 618)	hori	left	True	167347	168619	left	(800, 450)	testing
17	hl	f	19	2	diamond	red	same	(800, 618)	(800, 282)	hori	left	True	170236	171371	left	(800, 450)	testing
17	hl	f	19	2	circle	red	same	(800, 618)	(800, 282)	vert	up	True	172757	174027	up	(800, 450)	testing
17	hl	f	19	2	diamond	green	same	(632, 450)	(800, 618)	hori	left	True	175566	176635	left	(800, 450)	testing
17	hl	f	19	2	circle	red	same	(632, 450)	(968, 450)	hori	left	True	178254	179083	left	(800, 450)	testing
17	hl	f	19	2	circle	none	dif	N_dis	(632, 450)	vert	up	True	180623	181403	up	(800, 450)	testing
17	hl	f	19	2	diamond	green	same	(800, 618)	(800, 282)	vert	up	True	183066	184075	up	(800, 450)	testing
17	hl	f	19	2	diamond	none	dif	N_dis	(968, 450)	vert	up	True	185469	186172	up	(800, 450)	testing
17	hl	f	19	2	circle	none	dif	N_dis	(632, 450)	hori	left	True	187635	188715	left	(800, 450)	testing
17	hl	f	19	2	diamond	red	dif	(800, 282)	(632, 450)	hori	left	True	190221	191131	left	(800, 450)	testing
17	hl	f	19	2	diamond	none	dif	N_dis	(632, 450)	vert	up	True	192733	193499	up	(800, 450)	testing
17	hl	f	19	2	diamond	green	same	(800, 618)	(968, 450)	hori	left	True	195058	196219	left	(800, 450)	testing
17	hl	f	19	2	diamond	none	dif	N_dis	(968, 450)	hori	left	True	197634	198491	left	(800, 450)	testing
17	hl	f	19	2	circle	red	same	(800, 618)	(632, 450)	vert	up	True	199988	201115	up	(800, 450)	testing
17	hl	f	19	2	diamond	red	same	(800, 618)	(800, 282)	vert	up	True	202558	203291	up	(800, 450)	testing
17	hl	f	19	2	diamond	red	dif	(632, 450)	(800, 618)	vert	up	True	204694	205563	up	(800, 450)	testing
17	hl	f	19	2	diamond	red	dif	(632, 450)	(800, 618)	vert	up	True	206994	207691	up	(800, 450)	testing
17	hl	f	19	2	diamond	green	dif	(800, 282)	(800, 618)	vert	up	True	209203	209803	up	(800, 450)	testing
17	hl	f	19	2	circle	red	same	(800, 282)	(632, 450)	vert	up	True	211361	213611	up	(800, 450)	testing
17	hl	f	19	2	diamond	red	dif	(632, 450)	(968, 450)	vert	up	True	215065	215899	up	(800, 450)	testing
17	hl	f	19	2	diamond	none	dif	N_dis	(968, 450)	vert	up	True	217502	218283	up	(800, 450)	testing
17	hl	f	19	2	diamond	green	same	(800, 282)	(632, 450)	vert	up	True	219707	220603	up	(800, 450)	testing
17	hl	f	19	2	diamond	red	same	(800, 618)	(968, 450)	vert	up	True	222118	222939	up	(800, 450)	testing
17	hl	f	19	2	diamond	none	same	N_dis	(800, 618)	vert	up	True	224381	225099	up	(800, 450)	testing
17	hl	f	19	2	diamond	red	dif	(632, 450)	(800, 282)	hori	left	True	226638	227404	left	(800, 450)	testing
17	hl	f	19	2	diamond	green	dif	(632, 450)	(800, 282)	hori	left	True	228893	229996	left	(800, 450)	testing
17	hl	f	19	2	circle	green	dif	(632, 450)	(800, 282)	vert	up	True	231494	232412	up	(800, 450)	testing
17	hl	f	19	2	diamond	none	dif	N_dis	(632, 450)	hori	left	True	233946	234795	left	(800, 450)	testing
17	hl	f	19	2	diamond	none	dif	N_dis	(968, 450)	hori	left	True	236264	236955	left	(800, 450)	testing
17	hl	f	19	2	circle	green	dif	(800, 282)	(968, 450)	hori	left	True	238479	239355	left	(800, 450)	testing
17	hl	f	19	2	circle	green	same	(800, 618)	(968, 450)	hori	left	True	240952	241675	left	(800, 450)	testing
17	hl	f	19	2	circle	red	dif	(800, 282)	(632, 450)	vert	up	True	243327	244235	up	(800, 450)	testing
17	hl	f	19	2	circle	green	dif	(632, 450)	(968, 450)	hori	left	True	245795	246443	left	(800, 450)	testing
17	hl	f	19	2	diamond	none	same	N_dis	(800, 282)	vert	up	True	247901	248555	up	(800, 450)	testing
17	hl	f	19	2	diamond	green	dif	(800, 618)	(800, 282)	vert	up	True	249961	250683	up	(800, 450)	testing
17	hl	f	19	2	circle	green	same	(632, 450)	(800, 618)	vert	up	True	252224	253355	up	(800, 450)	testing
17	hl	f	19	2	diamond	none	same	N_dis	(632, 450)	vert	up	True	254973	255675	up	(800, 450)	testing
17	hl	f	19	2	diamond	red	dif	(632, 450)	(968, 450)	vert	up	True	257315	257980	up	(800, 450)	testing
17	hl	f	19	2	circle	green	dif	(632, 450)	(800, 618)	vert	up	True	259492	260395	up	(800, 450)	testing
17	hl	f	19	2	circle	red	same	(632, 450)	(968, 450)	hori	left	True	261790	262411	left	(800, 450)	testing
17	hl	f	19	2	circle	green	dif	(800, 618)	(800, 282)	vert	up	True	263819	264443	up	(800, 450)	testing
17	hl	f	19	2	circle	red	same	(800, 282)	(968, 450)	hori	left	True	265829	266635	left	(800, 450)	testing
17	hl	f	19	2	diamond	none	same	N_dis	(800, 282)	hori	left	True	268251	269003	left	(800, 450)	testing
17	hl	f	19	2	diamond	none	dif	N_dis	(632, 450)	hori	left	True	270387	271019	left	(800, 450)	testing
17	hl	f	19	2	circle	none	same	N_dis	(968, 450)	hori	left	True	272543	273387	left	(800, 450)	testing
17	hl	f	19	2	diamond	green	dif	(632, 450)	(800, 282)	vert	up	True	274930	275739	up	(800, 450)	testing
17	hl	f	19	2	circle	none	same	N_dis	(800, 618)	hori	left	True	277323	277915	left	(800, 450)	testing
17	hl	f	19	2	diamond	green	same	(800, 282)	(968, 450)	hori	left	True	279486	280251	left	(800, 450)	testing
17	hl	f	19	2	circle	red	dif	(800, 618)	(800, 282)	hori	left	True	281866	283131	left	(800, 450)	testing
17	hl	f	19	2	diamond	none	dif	N_dis	(800, 282)	vert	up	True	284609	285259	up	(800, 450)	testing
17	hl	f	19	2	circle	red	same	(800, 282)	(632, 450)	vert	up	True	286655	287515	up	(800, 450)	testing
17	hl	f	19	2	circle	none	dif	N_dis	(968, 450)	hori	left	True	289068	289771	left	(800, 450)	testing
17	hl	f	19	2	circle	none	dif	N_dis	(800, 282)	vert	up	True	291199	291915	up	(800, 450)	testing
17	hl	f	19	2	circle	green	dif	(632, 450)	(800, 282)	vert	up	True	293547	294331	up	(800, 450)	testing
17	hl	f	19	2	diamond	red	same	(632, 450)	(800, 618)	hori	left	True	295888	296859	left	(800, 450)	testing
17	hl	f	19	2	circle	red	dif	(800, 618)	(632, 450)	hori	left	True	298404	299467	left	(800, 450)	testing
17	hl	f	19	2	diamond	red	dif	(800, 282)	(800, 618)	vert	up	True	300893	301867	up	(800, 450)	testing
17	hl	f	19	2	diamond	green	same	(968, 450)	(632, 450)	vert	up	True	303451	304395	up	(800, 450)	testing
17	hl	f	19	2	diamond	none	dif	N_dis	(632, 450)	hori	left	True	305943	306779	left	(800, 450)	testing
17	hl	f	19	2	circle	none	dif	N_dis	(632, 450)	hori	left	True	308286	309003	left	(800, 450)	testing
17	hl	f	19	2	diamond	green	same	(800, 282)	(800, 618)	hori	left	True	310676	311467	left	(800, 450)	testing
17	hl	f	19	2	circle	red	dif	(632, 450)	(800, 282)	vert	up	True	312984	314331	up	(800, 450)	testing
17	hl	f	19	2	circle	none	dif	N_dis	(968, 450)	vert	up	True	315835	316939	up	(800, 450)	testing
17	hl	f	19	2	circle	green	dif	(800, 282)	(968, 450)	vert	up	True	318456	319451	up	(800, 450)	testing
17	hl	f	19	2	circle	green	dif	(632, 450)	(968, 450)	vert	up	True	320983	321723	up	(800, 450)	testing
17	hl	f	19	2	circle	green	same	(632, 450)	(968, 450)	vert	up	True	323147	323915	up	(800, 450)	testing
17	hl	f	19	2	circle	red	same	(800, 282)	(632, 450)	vert	up	True	325424	326891	up	(800, 450)	testing
17	hl	f	19	2	circle	green	same	(632, 450)	(968, 450)	hori	left	True	328411	329099	left	(800, 450)	testing
17	hl	f	19	2	diamond	red	same	(800, 282)	(632, 450)	vert	up	True	330667	331675	up	(800, 450)	testing
17	hl	f	19	2	circle	green	same	(800, 618)	(632, 450)	vert	up	True	333244	335275	up	(800, 450)	testing
17	hl	f	19	2	circle	green	same	(632, 450)	(800, 282)	hori	left	True	336677	337851	left	(800, 450)	testing
17	hl	f	19	2	circle	none	same	N_dis	(968, 450)	vert	up	True	339303	339996	up	(800, 450)	testing
17	hl	f	19	2	circle	green	same	(800, 282)	(968, 450)	hori	left	True	341484	342619	left	(800, 450)	testing
17	hl	f	19	2	circle	none	dif	N_dis	(632, 450)	vert	up	True	344065	344715	up	(800, 450)	testing
17	hl	f	19	2	diamond	green	dif	(800, 618)	(968, 450)	vert	up	True	346092	347003	up	(800, 450)	testing
17	hl	f	19	2	circle	green	dif	(800, 282)	(632, 450)	hori	left	True	348671	349595	left	(800, 450)	testing
17	hl	f	19	2	circle	green	dif	(800, 618)	(800, 282)	vert	up	True	351154	351932	up	(800, 450)	testing
17	hl	f	19	2	circle	none	same	N_dis	(800, 618)	vert	up	True	353325	354219	up	(800, 450)	testing
17	hl	f	19	2	diamond	green	dif	(800, 282)	(968, 450)	vert	up	True	355737	356811	up	(800, 450)	testing
17	hl	f	19	2	diamond	none	same	N_dis	(800, 282)	vert	up	True	358257	358923	up	(800, 450)	testing
17	hl	f	19	2	diamond	red	same	(632, 450)	(800, 282)	vert	up	True	360362	361179	up	(800, 450)	testing
17	hl	f	19	2	diamond	red	dif	(800, 618)	(632, 450)	vert	up	True	362644	363947	up	(800, 450)	testing
17	hl	f	19	2	circle	green	same	(800, 618)	(632, 450)	hori	left	True	365448	366395	left	(800, 450)	testing
17	hl	f	19	2	diamond	none	dif	N_dis	(800, 282)	hori	left	True	368042	368779	left	(800, 450)	testing
17	hl	f	19	2	diamond	none	same	N_dis	(800, 282)	hori	left	True	370376	371243	left	(800, 450)	testing
17	hl	f	19	2	diamond	none	same	N_dis	(800, 282)	hori	left	True	372867	373643	left	(800, 450)	testing
17	hl	f	19	2	diamond	green	dif	(800, 282)	(800, 618)	hori	left	True	375128	375996	left	(800, 450)	testing
17	hl	f	19	2	circle	green	dif	(968, 450)	(800, 618)	vert	up	True	377668	378587	up	(800, 450)	testing
17	hl	f	19	2	diamond	none	dif	N_dis	(800, 618)	hori	left	True	379974	381419	left	(800, 450)	testing
17	hl	f	19	2	circle	red	same	(800, 618)	(632, 450)	hori	left	True	383038	384619	left	(800, 450)	testing
17	hl	f	19	2	diamond	red	same	(800, 282)	(968, 450)	vert	up	True	386079	387179	up	(800, 450)	testing
17	hl	f	19	2	circle	red	dif	(800, 618)	(632, 450)	hori	left	True	388852	390411	left	(800, 450)	testing
17	hl	f	19	2	circle	green	same	(800, 282)	(632, 450)	hori	left	True	391922	392683	left	(800, 450)	testing
17	hl	f	19	2	circle	none	dif	N_dis	(800, 282)	hori	left	True	394175	395019	left	(800, 450)	testing
17	hl	f	19	2	diamond	none	dif	N_dis	(968, 450)	vert	up	True	396673	397259	up	(800, 450)	testing
17	hl	f	19	2	diamond	green	same	(800, 618)	(632, 450)	hori	left	True	398760	399867	left	(800, 450)	testing
17	hl	f	19	2	diamond	green	dif	(800, 618)	(800, 282)	vert	up	True	401429	402187	up	(800, 450)	testing
17	hl	f	19	2	circle	green	dif	(800, 282)	(968, 450)	hori	left	True	403659	404491	left	(800, 450)	testing
17	hl	f	19	2	circle	green	same	(800, 618)	(968, 450)	hori	left	True	406126	407099	left	(800, 450)	testing
17	hl	f	19	2	diamond	red	dif	(800, 282)	(800, 618)	vert	up	True	408591	409259	up	(800, 450)	testing
17	hl	f	19	2	diamond	red	dif	(800, 618)	(632, 450)	hori	left	True	410714	411419	left	(800, 450)	testing
17	hl	f	19	2	circle	green	same	(632, 450)	(800, 618)	vert	up	True	413078	414795	up	(800, 450)	testing
17	hl	f	19	2	diamond	none	same	N_dis	(968, 450)	hori	left	True	416193	416988	left	(800, 450)	testing
17	hl	f	19	2	circle	none	same	N_dis	(968, 450)	vert	up	True	418380	419356	up	(800, 450)	testing
17	hl	f	19	2	diamond	red	same	(968, 450)	(800, 282)	hori	left	True	420810	422539	left	(800, 450)	testing
17	hl	f	19	2	diamond	none	dif	N_dis	(632, 450)	vert	up	True	424005	424667	up	(800, 450)	testing
17	hl	f	19	2	diamond	none	same	N_dis	(800, 282)	vert	up	True	426224	426923	up	(800, 450)	testing
17	hl	f	19	2	circle	none	dif	N_dis	(632, 450)	hori	left	True	428432	429051	left	(800, 450)	testing
17	hl	f	19	2	circle	red	same	(632, 450)	(800, 282)	vert	up	True	430700	431387	up	(800, 450)	testing
17	hl	f	19	2	diamond	red	same	(800, 618)	(800, 282)	hori	left	True	433016	433835	left	(800, 450)	testing
17	hl	f	19	2	circle	none	same	N_dis	(800, 282)	hori	left	True	435376	436123	left	(800, 450)	testing
17	hl	f	19	2	diamond	green	same	(800, 618)	(968, 450)	hori	left	True	437585	438587	left	(800, 450)	testing
17	hl	f	19	2	circle	green	dif	(632, 450)	(800, 282)	vert	up	True	439973	440619	up	(800, 450)	testing
17	hl	f	19	2	diamond	green	dif	(800, 618)	(800, 282)	hori	left	True	442122	442989	left	(800, 450)	testing
17	hl	f	19	2	diamond	none	same	N_dis	(968, 450)	vert	up	True	444512	445228	up	(800, 450)	testing
17	hl	f	19	2	circle	green	dif	(800, 618)	(632, 450)	vert	up	True	446634	447724	left	(800, 450)	testing
17	hl	f	19	2	circle	green	same	(632, 450)	(968, 450)	hori	left	True	450895	452460	left	(800, 450)	testing
17	hl	f	19	2	diamond	green	dif	(632, 450)	(800, 618)	vert	up	True	454114	454811	up	(800, 450)	testing
17	hl	f	19	2	circle	red	dif	(800, 618)	(968, 450)	hori	left	True	456382	457099	left	(800, 450)	testing
17	hl	f	19	2	diamond	red	dif	(800, 618)	(968, 450)	vert	up	True	458541	459147	up	(800, 450)	testing
17	hl	f	19	2	diamond	none	dif	N_dis	(968, 450)	hori	left	True	460521	461339	left	(800, 450)	testing
17	hl	f	19	2	diamond	green	same	(632, 450)	(968, 450)	hori	left	True	462945	463627	left	(800, 450)	testing
17	hl	f	19	2	circle	red	same	(632, 450)	(800, 618)	vert	up	True	465077	465980	up	(800, 450)	testing
17	hl	f	19	2	circle	none	same	N_dis	(968, 450)	hori	left	True	467585	468267	left	(800, 450)	testing
17	hl	f	19	2	circle	green	dif	(632, 450)	(968, 450)	hori	left	True	469837	470459	left	(800, 450)	testing
17	hl	f	19	2	circle	red	dif	(800, 282)	(800, 618)	hori	left	True	471875	472876	left	(800, 450)	testing
17	hl	f	19	2	diamond	green	same	(632, 450)	(800, 282)	hori	left	True	474542	475403	left	(800, 450)	testing
17	hl	f	19	2	circle	red	same	(800, 618)	(800, 282)	vert	up	True	476799	477531	up	(800, 450)	testing
17	hl	f	19	2	circle	none	dif	N_dis	(632, 450)	hori	left	True	479057	479643	left	(800, 450)	testing
17	hl	f	19	2	circle	none	dif	N_dis	(800, 618)	vert	up	True	481019	481804	up	(800, 450)	testing
17	hl	f	19	2	diamond	red	dif	(632, 450)	(968, 450)	hori	left	True	483219	483963	left	(800, 450)	testing
17	hl	f	19	2	diamond	none	dif	N_dis	(800, 282)	vert	up	True	485401	485980	up	(800, 450)	testing
17	hl	f	19	2	circle	red	same	(800, 282)	(968, 450)	hori	left	True	487446	488123	left	(800, 450)	testing
17	hl	f	19	2	diamond	green	same	(800, 618)	(800, 282)	vert	up	True	489625	490283	up	(800, 450)	testing
17	hl	f	19	2	circle	red	dif	(800, 282)	(800, 618)	hori	left	True	491825	492572	up	(800, 450)	testing
17	hl	f	19	2	circle	red	dif	(800, 282)	(800, 618)	vert	up	True	495595	496588	up	(800, 450)	testing
17	hl	f	19	2	circle	green	same	(800, 618)	(800, 282)	vert	up	True	498126	499004	up	(800, 450)	testing
17	hl	f	19	2	diamond	red	same	(968, 450)	(800, 282)	hori	left	True	500574	502236	left	(800, 450)	testing
17	hl	f	19	2	circle	red	same	(632, 450)	(968, 450)	vert	up	True	503612	505404	up	(800, 450)	testing
17	hl	f	19	2	circle	none	dif	N_dis	(968, 450)	hori	left	True	506878	508156	left	(800, 450)	testing
17	hl	f	19	2	circle	green	dif	(800, 618)	(968, 450)	vert	up	True	509546	510588	up	(800, 450)	testing
17	hl	f	19	2	circle	green	same	(800, 282)	(632, 450)	hori	left	True	511964	512924	left	(800, 450)	testing
17	hl	f	19	2	diamond	none	dif	N_dis	(632, 450)	vert	up	True	514378	515147	up	(800, 450)	testing
17	hl	f	19	2	diamond	red	same	(632, 450)	(800, 282)	vert	up	True	516811	517548	up	(800, 450)	testing
17	hl	f	19	2	diamond	none	dif	N_dis	(968, 450)	hori	left	True	519129	519740	left	(800, 450)	testing
17	hl	f	19	2	diamond	red	dif	(800, 618)	(968, 450)	hori	left	True	521231	521915	left	(800, 450)	testing
17	hl	f	19	2	circle	none	same	N_dis	(800, 618)	vert	up	True	523369	524204	up	(800, 450)	testing
17	hl	f	19	2	diamond	red	same	(632, 450)	(968, 450)	vert	up	True	525677	526444	up	(800, 450)	testing
17	hl	f	19	2	circle	green	same	(800, 282)	(800, 618)	vert	up	True	527880	528524	up	(800, 450)	testing
17	hl	f	19	2	circle	none	same	N_dis	(800, 282)	vert	up	True	530031	530636	up	(800, 450)	testing
17	hl	f	19	2	circle	none	dif	N_dis	(968, 450)	hori	left	True	532059	532780	left	(800, 450)	testing
17	hl	f	19	2	circle	red	dif	(632, 450)	(800, 618)	hori	left	True	534435	535276	left	(800, 450)	testing
17	hl	f	19	2	diamond	red	dif	(800, 618)	(800, 282)	vert	up	True	536665	537227	up	(800, 450)	testing
17	hl	f	19	2	diamond	none	dif	N_dis	(968, 450)	hori	left	True	538808	539388	left	(800, 450)	testing
17	hl	f	19	2	diamond	green	same	(800, 618)	(632, 450)	hori	left	True	540791	541420	up	(800, 450)	testing
17	hl	f	19	2	diamond	green	dif	(800, 618)	(632, 450)	vert	up	True	544392	545387	up	(800, 450)	testing
17	hl	f	19	2	circle	none	same	N_dis	(800, 282)	hori	left	True	547031	548060	left	(800, 450)	testing
17	hl	f	19	2	circle	none	same	N_dis	(800, 618)	hori	left	True	549602	550747	left	(800, 450)	testing
17	hl	f	19	2	diamond	green	same	(800, 618)	(968, 450)	hori	left	True	552368	553579	left	(800, 450)	testing
17	hl	f	19	2	circle	green	same	(800, 282)	(800, 618)	hori	left	True	555222	556956	left	(800, 450)	testing
17	hl	f	19	2	circle	none	dif	N_dis	(632, 450)	vert	up	True	558565	559308	up	(800, 450)	testing
17	hl	f	19	2	diamond	none	dif	N_dis	(632, 450)	vert	up	True	560933	561660	up	(800, 450)	testing
17	hl	f	19	2	circle	red	dif	(632, 450)	(800, 282)	hori	left	True	563085	564044	left	(800, 450)	testing
17	hl	f	19	2	diamond	green	dif	(800, 282)	(968, 450)	vert	up	True	565680	566636	up	(800, 450)	testing
17	hl	f	19	2	diamond	none	same	N_dis	(968, 450)	hori	left	True	568273	569116	left	(800, 450)	testing
17	hl	f	19	2	circle	green	same	(632, 450)	(968, 450)	hori	left	True	570586	571468	left	(800, 450)	testing
17	hl	f	19	2	circle	red	dif	(800, 282)	(968, 450)	vert	up	True	573108	573820	up	(800, 450)	testing
17	hl	f	19	2	diamond	red	dif	(632, 450)	(800, 282)	vert	up	True	575412	576123	up	(800, 450)	testing
17	hl	f	19	2	diamond	red	same	(800, 282)	(800, 618)	hori	left	True	577588	578300	left	(800, 450)	testing
17	hl	f	19	2	circle	green	dif	(800, 618)	(968, 450)	hori	left	True	579701	580379	up	(800, 450)	testing
17	hl	f	19	2	circle	none	dif	N_dis	(800, 282)	vert	up	True	583351	584203	up	(800, 450)	testing
17	hl	f	19	2	circle	none	same	N_dis	(800, 618)	hori	left	True	585819	586747	left	(800, 450)	testing
17	hl	f	19	2	circle	green	same	(800, 282)	(968, 450)	hori	left	True	588388	589180	left	(800, 450)	testing
17	hl	f	19	2	circle	green	dif	(800, 618)	(800, 282)	hori	left	True	590609	591356	left	(800, 450)	testing
17	hl	f	19	2	diamond	green	same	(800, 282)	(968, 450)	vert	up	True	592981	593740	up	(800, 450)	testing
17	hl	f	19	2	diamond	red	dif	(632, 450)	(800, 618)	hori	left	True	595368	596268	left	(800, 450)	testing
17	hl	f	19	2	diamond	green	same	(800, 282)	(968, 450)	vert	up	True	597825	598396	up	(800, 450)	testing
17	hl	f	19	2	diamond	none	same	N_dis	(800, 618)	vert	up	True	599875	600572	up	(800, 450)	testing
17	hl	f	19	2	circle	green	dif	(800, 282)	(968, 450)	vert	up	True	602234	603179	up	(800, 450)	testing
17	hl	f	19	2	diamond	none	dif	N_dis	(968, 450)	hori	left	True	604682	605308	left	(800, 450)	testing
17	hl	f	19	2	diamond	green	dif	(800, 282)	(968, 450)	hori	left	True	606693	607340	left	(800, 450)	testing
17	hl	f	19	2	diamond	green	dif	(800, 282)	(968, 450)	vert	up	True	608914	609435	up	(800, 450)	testing
17	hl	f	19	2	circle	red	dif	(800, 618)	(800, 282)	hori	left	True	610977	611948	up	(800, 450)	testing
17	hl	f	19	2	diamond	none	same	N_dis	(968, 450)	hori	left	True	614933	615516	left	(800, 450)	testing
17	hl	f	19	2	diamond	green	dif	(800, 618)	(632, 450)	hori	left	True	616938	617804	left	(800, 450)	testing
17	hl	f	19	2	circle	red	dif	(800, 282)	(800, 618)	vert	up	True	619274	620235	up	(800, 450)	testing
17	hl	f	19	2	diamond	none	same	N_dis	(632, 450)	hori	left	True	621802	622507	left	(800, 450)	testing
17	hl	f	19	2	diamond	green	same	(800, 618)	(968, 450)	vert	up	True	623904	624636	up	(800, 450)	testing
17	hl	f	19	2	diamond	green	dif	(800, 282)	(968, 450)	hori	left	True	626236	626924	left	(800, 450)	testing
17	hl	f	19	2	diamond	red	same	(800, 618)	(968, 450)	hori	left	True	628338	629196	left	(800, 450)	testing
17	hl	f	19	2	circle	red	dif	(800, 618)	(632, 450)	hori	left	True	630682	631692	left	(800, 450)	testing
17	hl	f	19	2	circle	red	same	(800, 618)	(968, 450)	hori	left	True	633333	634140	left	(800, 450)	testing
17	hl	f	19	2	circle	green	same	(800, 282)	(968, 450)	hori	left	True	635623	636332	left	(800, 450)	testing
17	hl	f	19	2	circle	green	dif	(800, 282)	(800, 618)	vert	up	True	637856	639724	up	(800, 450)	testing
17	hl	f	19	2	diamond	green	same	(632, 450)	(968, 450)	hori	left	True	641330	642092	left	(800, 450)	testing
17	hl	f	19	2	circle	none	same	N_dis	(800, 618)	hori	left	True	643727	644588	left	(800, 450)	testing
17	hl	f	19	2	diamond	green	dif	(632, 450)	(968, 450)	vert	up	True	645980	646636	up	(800, 450)	testing
17	hl	f	19	2	diamond	green	same	(632, 450)	(800, 282)	vert	up	True	648014	648684	up	(800, 450)	testing
17	hl	f	19	2	diamond	green	dif	(800, 282)	(632, 450)	vert	up	True	650217	650989	up	(800, 450)	testing
17	hl	f	19	2	circle	red	same	(632, 450)	(800, 618)	vert	up	True	652527	653452	up	(800, 450)	testing
17	hl	f	19	2	circle	red	same	(968, 450)	(632, 450)	hori	left	True	655000	655724	left	(800, 450)	testing
17	hl	f	19	2	diamond	red	same	(632, 450)	(800, 618)	hori	left	True	657198	659020	left	(800, 450)	testing
17	hl	f	19	2	diamond	none	same	N_dis	(800, 282)	vert	up	True	660393	661068	up	(800, 450)	testing
17	hl	f	19	2	diamond	none	dif	N_dis	(800, 618)	vert	up	True	662461	663292	up	(800, 450)	testing
17	hl	f	19	2	diamond	none	same	N_dis	(800, 618)	vert	up	True	664847	665564	up	(800, 450)	testing
17	hl	f	19	2	circle	none	same	N_dis	(632, 450)	vert	up	True	667127	668491	up	(800, 450)	testing
17	hl	f	19	2	circle	red	dif	(632, 450)	(968, 450)	hori	left	True	669955	671275	left	(800, 450)	testing
17	hl	f	19	2	circle	red	dif	(800, 618)	(968, 450)	vert	up	True	672734	673548	up	(800, 450)	testing
17	hl	f	19	2	diamond	green	dif	(968, 450)	(800, 618)	hori	left	True	675073	676076	left	(800, 450)	testing
17	hl	f	19	2	circle	green	same	(800, 282)	(800, 618)	vert	up	True	677606	678972	up	(800, 450)	testing
17	hl	f	19	2	circle	none	dif	N_dis	(800, 282)	hori	left	True	680371	681116	left	(800, 450)	testing
17	hl	f	19	2	circle	none	same	N_dis	(632, 450)	hori	left	True	682622	683452	left	(800, 450)	testing
17	hl	f	19	2	diamond	green	same	(800, 282)	(632, 450)	vert	up	True	685115	687356	up	(800, 450)	testing
17	hl	f	19	2	diamond	red	same	(800, 282)	(632, 450)	hori	left	True	688829	689612	left	(800, 450)	testing
17	hl	f	19	2	diamond	green	same	(632, 450)	(968, 450)	vert	up	True	691076	691868	up	(800, 450)	testing
17	hl	f	19	2	circle	none	dif	N_dis	(632, 450)	vert	up	True	693266	694044	up	(800, 450)	testing
17	hl	f	19	2	circle	red	dif	(800, 618)	(968, 450)	vert	up	True	695662	696540	up	(800, 450)	testing
17	hl	f	19	2	diamond	red	same	(800, 282)	(800, 618)	vert	up	True	697969	698780	up	(800, 450)	testing
17	hl	f	19	2	circle	none	same	N_dis	(800, 282)	vert	up	True	700283	700940	up	(800, 450)	testing
17	hl	f	19	2	diamond	none	dif	N_dis	(632, 450)	hori	left	True	702555	703308	left	(800, 450)	testing
17	hl	f	19	2	diamond	none	same	N_dis	(800, 282)	hori	left	True	704835	705707	left	(800, 450)	testing
17	hl	f	19	2	circle	green	same	(632, 450)	(800, 282)	hori	left	True	707328	708812	left	(800, 450)	testing
17	hl	f	19	2	circle	green	same	(800, 618)	(632, 450)	vert	up	True	710263	711228	up	(800, 450)	testing
17	hl	f	19	2	circle	red	dif	(632, 450)	(800, 282)	hori	left	True	712657	713564	left	(800, 450)	testing
17	hl	f	19	2	diamond	red	dif	(800, 282)	(632, 450)	hori	left	True	715002	716508	left	(800, 450)	testing
17	hl	f	19	2	circle	none	dif	N_dis	(800, 618)	hori	left	True	718037	719836	left	(800, 450)	testing
17	hl	f	19	2	diamond	green	dif	(800, 282)	(800, 618)	vert	up	True	721413	722428	up	(800, 450)	testing
17	hl	f	19	2	circle	none	same	N_dis	(632, 450)	vert	up	True	723888	724812	up	(800, 450)	testing
17	hl	f	19	2	diamond	red	same	(632, 450)	(800, 282)	vert	up	True	726343	727067	up	(800, 450)	testing
17	hl	f	19	2	diamond	red	same	(800, 282)	(632, 450)	hori	left	True	728584	729115	left	(800, 450)	testing
17	hl	f	19	2	diamond	red	same	(632, 450)	(968, 450)	vert	up	True	730745	731532	up	(800, 450)	testing
17	hl	f	19	2	diamond	green	dif	(800, 282)	(800, 618)	hori	left	True	733044	733772	left	(800, 450)	testing
17	hl	f	19	2	circle	green	dif	(800, 618)	(968, 450)	hori	left	True	735379	736748	left	(800, 450)	testing
17	hl	f	19	2	circle	red	same	(632, 450)	(800, 282)	hori	left	True	738394	739100	left	(800, 450)	testing
17	hl	f	19	2	circle	red	dif	(968, 450)	(632, 450)	hori	left	True	740590	741308	left	(800, 450)	testing
17	hl	f	19	2	circle	red	dif	(632, 450)	(800, 618)	vert	up	True	742967	743916	up	(800, 450)	testing
17	hl	f	19	2	diamond	none	same	N_dis	(800, 618)	hori	left	True	745410	746348	left	(800, 450)	testing
17	hl	f	19	2	circle	none	dif	N_dis	(968, 450)	vert	up	True	747757	748412	up	(800, 450)	testing
17	hl	f	19	2	diamond	none	same	N_dis	(800, 618)	hori	left	True	749883	750604	left	(800, 450)	testing
17	hl	f	19	2	diamond	none	same	N_dis	(800, 618)	hori	left	True	752251	752860	left	(800, 450)	testing
17	hl	f	19	2	diamond	red	same	(632, 450)	(800, 282)	vert	up	True	754347	755020	up	(800, 450)	testing
17	hl	f	19	2	circle	red	same	(800, 618)	(632, 450)	vert	up	True	756420	757884	up	(800, 450)	testing
17	hl	f	19	2	diamond	none	same	N_dis	(800, 282)	vert	up	True	759522	760092	up	(800, 450)	testing
17	hl	f	19	2	diamond	green	dif	(632, 450)	(800, 618)	vert	up	True	761754	762540	up	(800, 450)	testing
17	hl	f	19	2	circle	none	same	N_dis	(800, 618)	vert	up	True	763994	764860	up	(800, 450)	testing
17	hl	f	19	2	circle	green	same	(800, 618)	(632, 450)	hori	left	True	766504	767900	left	(800, 450)	testing
17	hl	f	19	2	circle	green	dif	(800, 618)	(800, 282)	vert	up	True	769327	770236	up	(800, 450)	testing
17	hl	f	19	2	diamond	red	dif	(800, 618)	(632, 450)	hori	left	True	771621	772380	left	(800, 450)	testing
17	hl	f	19	2	circle	red	dif	(800, 282)	(968, 450)	vert	up	True	773800	774460	up	(800, 450)	testing
17	hl	f	19	2	circle	green	dif	(632, 450)	(800, 618)	vert	up	True	775995	776860	up	(800, 450)	testing
17	hl	f	19	2	circle	none	dif	N_dis	(800, 618)	vert	up	True	778502	779116	up	(800, 450)	testing
17	hl	f	19	2	circle	none	dif	N_dis	(800, 282)	vert	up	True	780594	781244	up	(800, 450)	testing
17	hl	f	19	2	diamond	green	same	(800, 618)	(800, 282)	vert	up	True	782654	783628	up	(800, 450)	testing
17	hl	f	19	2	circle	red	same	(800, 618)	(968, 450)	hori	left	True	785280	785964	left	(800, 450)	testing
17	hl	f	19	2	circle	green	dif	(632, 450)	(800, 618)	vert	up	True	787469	788203	up	(800, 450)	testing
17	hl	f	19	2	diamond	none	same	N_dis	(800, 618)	vert	up	True	789848	790604	up	(800, 450)	testing
17	hl	f	19	2	circle	none	same	N_dis	(800, 618)	hori	left	True	792089	792860	left	(800, 450)	testing
17	hl	f	19	2	diamond	none	same	N_dis	(632, 450)	hori	left	True	794249	795196	left	(800, 450)	testing
17	hl	f	19	2	circle	none	dif	N_dis	(968, 450)	hori	left	True	796866	797532	left	(800, 450)	testing
17	hl	f	19	2	circle	red	same	(800, 282)	(632, 450)	hori	left	True	798912	799740	left	(800, 450)	testing
17	hl	f	19	2	diamond	red	dif	(632, 450)	(800, 618)	hori	left	True	801412	802428	left	(800, 450)	testing
17	hl	f	19	2	diamond	none	dif	N_dis	(632, 450)	hori	left	True	804090	804764	left	(800, 450)	testing
17	hl	f	19	2	diamond	red	same	(968, 450)	(800, 282)	vert	up	True	806356	807244	up	(800, 450)	testing
17	hl	f	19	2	diamond	red	dif	(800, 282)	(632, 450)	vert	up	True	808849	809835	up	(800, 450)	testing
17	hl	f	19	2	circle	none	same	N_dis	(800, 282)	hori	left	True	811373	812060	left	(800, 450)	testing
17	hl	f	19	2	circle	red	same	(800, 618)	(800, 282)	hori	left	True	813467	814140	left	(800, 450)	testing
17	hl	f	19	2	diamond	none	same	N_dis	(800, 282)	hori	left	True	815654	816652	left	(800, 450)	testing
17	hl	f	19	2	diamond	green	dif	(632, 450)	(968, 450)	hori	left	True	818187	818876	left	(800, 450)	testing
17	hl	f	19	2	circle	red	dif	(800, 282)	(800, 618)	hori	left	True	820490	821020	up	(800, 450)	testing
17	hl	f	19	2	diamond	red	dif	(800, 282)	(632, 450)	hori	left	True	824214	825067	left	(800, 450)	testing
17	hl	f	19	2	circle	none	same	N_dis	(632, 450)	hori	left	True	826719	828172	left	(800, 450)	testing
17	hl	f	19	2	diamond	green	same	(800, 282)	(800, 618)	hori	left	True	829670	830412	left	(800, 450)	testing
17	hl	f	19	2	diamond	red	dif	(800, 282)	(632, 450)	vert	up	True	831876	832620	up	(800, 450)	testing
17	hl	f	19	2	circle	none	same	N_dis	(968, 450)	hori	left	True	834049	834732	left	(800, 450)	testing
17	hl	f	19	2	circle	red	same	(800, 282)	(800, 618)	hori	left	True	836143	836876	left	(800, 450)	testing
17	hl	f	19	2	circle	none	same	N_dis	(800, 282)	hori	left	True	838459	838989	left	(800, 450)	testing
17	hl	f	19	2	diamond	green	dif	(800, 618)	(632, 450)	hori	left	True	840439	841260	left	(800, 450)	testing
