subj	name	gender	age	runNum	shape	dist	td_dif	d_loc	t_loc	resp	resp_key	gotKey	startTime	respTime	resp	fix_loc	prac
17	hl	f	19	3	diamond	none	same	N_dis	(632, 450)	hori	left	True	114093	115517	left	(800, 450)	testing
17	hl	f	19	3	circle	red	same	(800, 618)	(632, 450)	vert	up	True	117051	118541	up	(800, 450)	testing
17	hl	f	19	3	diamond	none	dif	N_dis	(632, 450)	vert	up	True	120024	120990	up	(800, 450)	testing
17	hl	f	19	3	diamond	none	same	N_dis	(632, 450)	vert	up	True	122468	123181	left	(800, 450)	testing
17	hl	f	19	3	circle	none	dif	N_dis	(968, 450)	hori	left	True	126163	127277	left	(800, 450)	testing
17	hl	f	19	3	circle	red	same	(800, 282)	(632, 450)	vert	up	True	128696	129693	up	(800, 450)	testing
17	hl	f	19	3	diamond	none	dif	N_dis	(968, 450)	vert	up	True	131298	132125	up	(800, 450)	testing
17	hl	f	19	3	circle	none	same	N_dis	(800, 618)	hori	left	True	133591	134301	left	(800, 450)	testing
17	hl	f	19	3	circle	green	dif	(800, 282)	(800, 618)	vert	up	True	135723	136605	up	(800, 450)	testing
17	hl	f	19	3	diamond	green	dif	(632, 450)	(968, 450)	vert	up	True	138103	138925	up	(800, 450)	testing
17	hl	f	19	3	diamond	red	same	(800, 618)	(968, 450)	hori	left	True	140476	141405	left	(800, 450)	testing
17	hl	f	19	3	diamond	green	same	(800, 618)	(800, 282)	vert	up	True	142939	143501	up	(800, 450)	testing
17	hl	f	19	3	circle	red	dif	(800, 618)	(632, 450)	hori	left	True	145076	146077	up	(800, 450)	testing
17	hl	f	19	3	diamond	red	same	(800, 618)	(800, 282)	hori	left	True	149052	150221	left	(800, 450)	testing
17	hl	f	19	3	diamond	green	same	(800, 282)	(968, 450)	vert	up	True	151633	152445	up	(800, 450)	testing
17	hl	f	19	3	diamond	red	dif	(632, 450)	(800, 618)	vert	up	True	153931	154781	up	(800, 450)	testing
17	hl	f	19	3	diamond	green	dif	(968, 450)	(632, 450)	hori	left	True	156230	157069	left	(800, 450)	testing
17	hl	f	19	3	circle	none	dif	N_dis	(800, 618)	hori	left	True	158535	159405	left	(800, 450)	testing
17	hl	f	19	3	circle	green	same	(800, 282)	(800, 618)	vert	up	True	160831	161773	up	(800, 450)	testing
17	hl	f	19	3	diamond	red	same	(968, 450)	(800, 618)	hori	left	True	163336	164365	left	(800, 450)	testing
17	hl	f	19	3	circle	red	dif	(800, 282)	(968, 450)	hori	left	True	165898	166861	left	(800, 450)	testing
17	hl	f	19	3	circle	none	dif	N_dis	(800, 618)	hori	left	True	168452	169133	left	(800, 450)	testing
17	hl	f	19	3	circle	red	dif	(968, 450)	(800, 618)	vert	up	True	170528	171485	up	(800, 450)	testing
17	hl	f	19	3	circle	green	same	(968, 450)	(632, 450)	hori	left	True	173124	174061	left	(800, 450)	testing
17	hl	f	19	3	diamond	red	dif	(800, 618)	(968, 450)	hori	left	True	175690	176349	left	(800, 450)	testing
17	hl	f	19	3	circle	green	dif	(968, 450)	(800, 282)	hori	left	True	177906	178861	left	(800, 450)	testing
17	hl	f	19	3	circle	green	same	(968, 450)	(632, 450)	vert	up	True	180341	181261	up	(800, 450)	testing
17	hl	f	19	3	diamond	green	same	(632, 450)	(800, 282)	vert	up	True	182694	183885	up	(800, 450)	testing
17	hl	f	19	3	diamond	green	dif	(800, 282)	(632, 450)	hori	left	True	185458	186189	left	(800, 450)	testing
17	hl	f	19	3	diamond	none	same	N_dis	(800, 618)	hori	left	True	187691	188365	left	(800, 450)	testing
17	hl	f	19	3	circle	green	dif	(632, 450)	(968, 450)	hori	left	True	189744	190429	left	(800, 450)	testing
17	hl	f	19	3	diamond	red	dif	(968, 450)	(800, 282)	hori	left	True	192000	192925	left	(800, 450)	testing
17	hl	f	19	3	diamond	none	same	N_dis	(968, 450)	hori	left	True	194374	195085	left	(800, 450)	testing
17	hl	f	19	3	circle	none	same	N_dis	(800, 282)	vert	up	True	196729	197693	up	(800, 450)	testing
17	hl	f	19	3	circle	none	same	N_dis	(968, 450)	vert	up	True	199221	200109	up	(800, 450)	testing
17	hl	f	19	3	diamond	green	dif	(800, 282)	(968, 450)	hori	left	True	201510	202413	left	(800, 450)	testing
17	hl	f	19	3	circle	red	same	(632, 450)	(800, 618)	vert	up	True	203820	204621	up	(800, 450)	testing
17	hl	f	19	3	diamond	green	same	(800, 282)	(800, 618)	hori	left	True	206225	207053	left	(800, 450)	testing
17	hl	f	19	3	diamond	none	same	N_dis	(800, 282)	vert	up	True	208635	209325	up	(800, 450)	testing
17	hl	f	19	3	diamond	red	dif	(800, 618)	(632, 450)	vert	up	True	210928	211757	up	(800, 450)	testing
17	hl	f	19	3	circle	green	same	(800, 282)	(632, 450)	vert	up	True	213227	214669	up	(800, 450)	testing
17	hl	f	19	3	circle	none	same	N_dis	(800, 618)	hori	left	True	216292	216990	left	(800, 450)	testing
17	hl	f	19	3	diamond	green	same	(632, 450)	(800, 282)	hori	left	True	218377	219101	left	(800, 450)	testing
17	hl	f	19	3	circle	red	dif	(632, 450)	(800, 618)	hori	left	True	220675	221757	left	(800, 450)	testing
17	hl	f	19	3	diamond	none	dif	N_dis	(632, 450)	vert	up	True	223414	224301	up	(800, 450)	testing
17	hl	f	19	3	circle	none	same	N_dis	(800, 282)	hori	left	True	225703	226493	left	(800, 450)	testing
17	hl	f	19	3	diamond	red	same	(800, 618)	(968, 450)	vert	up	True	228138	229357	up	(800, 450)	testing
17	hl	f	19	3	circle	none	dif	N_dis	(800, 282)	hori	left	True	230823	231613	left	(800, 450)	testing
17	hl	f	19	3	circle	red	dif	(968, 450)	(800, 282)	vert	up	True	233012	234206	up	(800, 450)	testing
17	hl	f	19	3	diamond	none	dif	N_dis	(800, 282)	hori	left	True	235830	236621	left	(800, 450)	testing
17	hl	f	19	3	circle	green	dif	(968, 450)	(800, 618)	hori	left	True	238119	239309	left	(800, 450)	testing
17	hl	f	19	3	circle	none	dif	N_dis	(968, 450)	hori	left	True	240706	241389	left	(800, 450)	testing
17	hl	f	19	3	diamond	red	same	(632, 450)	(968, 450)	hori	left	True	243025	244205	left	(800, 450)	testing
17	hl	f	19	3	diamond	none	dif	N_dis	(632, 450)	hori	left	True	245843	246669	left	(800, 450)	testing
17	hl	f	19	3	diamond	green	dif	(968, 450)	(800, 282)	hori	left	True	248231	248909	left	(800, 450)	testing
17	hl	f	19	3	circle	green	dif	(632, 450)	(968, 450)	hori	left	True	250394	251053	left	(800, 450)	testing
17	hl	f	19	3	circle	green	same	(800, 282)	(968, 450)	hori	left	True	252457	253293	left	(800, 450)	testing
17	hl	f	19	3	diamond	red	dif	(800, 618)	(968, 450)	hori	left	True	254826	255901	left	(800, 450)	testing
17	hl	f	19	3	circle	red	same	(632, 450)	(800, 282)	vert	up	True	257403	258157	up	(800, 450)	testing
17	hl	f	19	3	circle	red	same	(800, 618)	(800, 282)	vert	up	True	259535	260413	up	(800, 450)	testing
17	hl	f	19	3	diamond	none	same	N_dis	(632, 450)	vert	up	True	262050	262845	up	(800, 450)	testing
17	hl	f	19	3	circle	red	same	(800, 618)	(632, 450)	hori	left	True	264315	265037	left	(800, 450)	testing
17	hl	f	19	3	diamond	none	dif	N_dis	(632, 450)	hori	left	True	266638	267277	left	(800, 450)	testing
17	hl	f	19	3	diamond	none	same	N_dis	(632, 450)	hori	left	True	268800	269421	left	(800, 450)	testing
17	hl	f	19	3	circle	none	dif	N_dis	(968, 450)	vert	up	True	270954	271693	up	(800, 450)	testing
17	hl	f	19	3	circle	red	same	(800, 282)	(632, 450)	vert	up	True	273344	275150	up	(800, 450)	testing
17	hl	f	19	3	diamond	none	dif	N_dis	(968, 450)	hori	left	True	276756	277485	left	(800, 450)	testing
17	hl	f	19	3	circle	none	same	N_dis	(800, 618)	hori	left	True	278922	279773	left	(800, 450)	testing
17	hl	f	19	3	circle	green	dif	(800, 282)	(800, 618)	vert	up	True	281237	282189	up	(800, 450)	testing
17	hl	f	19	3	diamond	green	dif	(632, 450)	(968, 450)	vert	up	True	283786	284637	up	(800, 450)	testing
17	hl	f	19	3	diamond	red	same	(800, 618)	(968, 450)	vert	up	True	286224	286990	up	(800, 450)	testing
17	hl	f	19	3	diamond	green	same	(800, 618)	(800, 282)	vert	up	True	288451	289181	up	(800, 450)	testing
17	hl	f	19	3	circle	red	dif	(800, 618)	(632, 450)	hori	left	True	290596	291693	left	(800, 450)	testing
17	hl	f	19	3	diamond	red	same	(800, 618)	(800, 282)	vert	up	True	293070	293661	up	(800, 450)	testing
17	hl	f	19	3	diamond	green	same	(800, 282)	(968, 450)	vert	up	True	295246	296141	up	(800, 450)	testing
17	hl	f	19	3	diamond	red	dif	(632, 450)	(800, 618)	hori	left	True	297759	298541	left	(800, 450)	testing
17	hl	f	19	3	diamond	green	dif	(968, 450)	(632, 450)	hori	left	True	300032	300829	left	(800, 450)	testing
17	hl	f	19	3	circle	none	dif	N_dis	(800, 618)	vert	up	True	302355	303005	up	(800, 450)	testing
17	hl	f	19	3	circle	green	same	(800, 282)	(800, 618)	hori	left	True	304397	305277	left	(800, 450)	testing
17	hl	f	19	3	diamond	red	same	(968, 450)	(800, 618)	hori	left	True	306925	307998	left	(800, 450)	testing
17	hl	f	19	3	circle	red	dif	(800, 282)	(968, 450)	hori	left	True	309482	310333	left	(800, 450)	testing
17	hl	f	19	3	circle	none	dif	N_dis	(800, 618)	hori	left	True	311947	312557	left	(800, 450)	testing
17	hl	f	19	3	circle	red	dif	(968, 450)	(800, 618)	vert	up	True	314022	314974	up	(800, 450)	testing
17	hl	f	19	3	circle	green	same	(968, 450)	(632, 450)	hori	left	True	316603	317341	left	(800, 450)	testing
17	hl	f	19	3	diamond	red	dif	(800, 618)	(968, 450)	vert	up	True	318862	319805	up	(800, 450)	testing
17	hl	f	19	3	circle	green	dif	(968, 450)	(800, 282)	hori	left	True	321196	321950	left	(800, 450)	testing
17	hl	f	19	3	circle	green	same	(968, 450)	(632, 450)	vert	up	True	323621	324477	up	(800, 450)	testing
17	hl	f	19	3	diamond	green	same	(632, 450)	(800, 282)	vert	up	True	326078	327038	up	(800, 450)	testing
17	hl	f	19	3	diamond	green	dif	(800, 282)	(632, 450)	hori	left	True	328421	329117	left	(800, 450)	testing
17	hl	f	19	3	diamond	none	same	N_dis	(800, 618)	hori	left	True	330502	331213	left	(800, 450)	testing
17	hl	f	19	3	circle	green	dif	(632, 450)	(968, 450)	hori	left	True	332878	334301	left	(800, 450)	testing
17	hl	f	19	3	diamond	red	dif	(968, 450)	(800, 282)	hori	left	True	335887	336909	left	(800, 450)	testing
17	hl	f	19	3	diamond	none	same	N_dis	(968, 450)	vert	up	True	338416	339053	up	(800, 450)	testing
17	hl	f	19	3	circle	none	same	N_dis	(800, 282)	vert	up	True	340632	341293	up	(800, 450)	testing
17	hl	f	19	3	circle	none	same	N_dis	(968, 450)	vert	up	True	342812	343549	up	(800, 450)	testing
17	hl	f	19	3	diamond	green	dif	(800, 282)	(968, 450)	vert	up	True	344979	345661	up	(800, 450)	testing
17	hl	f	19	3	circle	red	same	(632, 450)	(800, 618)	hori	left	True	347059	347965	left	(800, 450)	testing
17	hl	f	19	3	diamond	green	same	(800, 282)	(800, 618)	hori	left	True	349560	350429	left	(800, 450)	testing
17	hl	f	19	3	diamond	none	same	N_dis	(800, 282)	vert	up	True	352040	352669	up	(800, 450)	testing
17	hl	f	19	3	diamond	red	dif	(800, 618)	(632, 450)	hori	left	True	354157	355133	left	(800, 450)	testing
17	hl	f	19	3	circle	green	same	(800, 282)	(632, 450)	hori	left	True	356609	357341	left	(800, 450)	testing
17	hl	f	19	3	circle	none	same	N_dis	(800, 618)	hori	left	True	358967	359661	left	(800, 450)	testing
17	hl	f	19	3	diamond	green	same	(632, 450)	(800, 282)	hori	left	True	361205	362445	left	(800, 450)	testing
17	hl	f	19	3	circle	red	dif	(632, 450)	(800, 618)	vert	up	True	363848	365357	up	(800, 450)	testing
17	hl	f	19	3	diamond	none	dif	N_dis	(632, 450)	vert	up	True	366997	368398	up	(800, 450)	testing
17	hl	f	19	3	circle	none	same	N_dis	(800, 282)	vert	up	True	369797	370589	up	(800, 450)	testing
17	hl	f	19	3	diamond	red	same	(800, 618)	(968, 450)	vert	up	True	372001	372941	up	(800, 450)	testing
17	hl	f	19	3	circle	none	dif	N_dis	(800, 282)	hori	left	True	374573	375389	left	(800, 450)	testing
17	hl	f	19	3	circle	red	dif	(968, 450)	(800, 282)	hori	left	True	376848	377549	left	(800, 450)	testing
17	hl	f	19	3	diamond	none	dif	N_dis	(800, 282)	vert	up	True	378949	379485	up	(800, 450)	testing
17	hl	f	19	3	circle	green	dif	(968, 450)	(800, 618)	hori	left	True	380927	382029	left	(800, 450)	testing
17	hl	f	19	3	circle	none	dif	N_dis	(968, 450)	hori	left	True	383625	384269	left	(800, 450)	testing
17	hl	f	19	3	diamond	red	same	(632, 450)	(968, 450)	vert	up	True	385816	386509	up	(800, 450)	testing
17	hl	f	19	3	diamond	none	dif	N_dis	(632, 450)	vert	up	True	388153	388829	up	(800, 450)	testing
17	hl	f	19	3	diamond	green	dif	(968, 450)	(800, 282)	hori	left	True	390441	391133	left	(800, 450)	testing
17	hl	f	19	3	circle	green	dif	(632, 450)	(968, 450)	hori	left	True	392732	394398	up	(800, 450)	testing
17	hl	f	19	3	circle	green	same	(800, 282)	(968, 450)	hori	left	True	397519	398381	left	(800, 450)	testing
17	hl	f	19	3	diamond	red	dif	(800, 618)	(968, 450)	vert	up	True	399976	400605	up	(800, 450)	testing
17	hl	f	19	3	circle	red	same	(632, 450)	(800, 282)	vert	up	True	402229	403693	up	(800, 450)	testing
17	hl	f	19	3	circle	red	same	(800, 618)	(800, 282)	hori	left	True	405137	405853	left	(800, 450)	testing
17	hl	f	19	3	diamond	none	same	N_dis	(632, 450)	vert	up	True	407505	408285	up	(800, 450)	testing
17	hl	f	19	3	circle	red	same	(800, 618)	(632, 450)	vert	up	True	409859	411949	up	(800, 450)	testing
17	hl	f	19	3	diamond	none	dif	N_dis	(632, 450)	hori	left	True	413587	414397	left	(800, 450)	testing
17	hl	f	19	3	diamond	none	same	N_dis	(632, 450)	hori	left	True	415970	417133	left	(800, 450)	testing
17	hl	f	19	3	circle	none	dif	N_dis	(968, 450)	vert	up	True	418593	419741	up	(800, 450)	testing
17	hl	f	19	3	circle	red	same	(800, 282)	(632, 450)	vert	up	True	421342	422925	up	(800, 450)	testing
17	hl	f	19	3	diamond	none	dif	N_dis	(968, 450)	vert	up	True	424490	425405	up	(800, 450)	testing
17	hl	f	19	3	circle	none	same	N_dis	(800, 618)	hori	left	True	426814	427565	left	(800, 450)	testing
17	hl	f	19	3	circle	green	dif	(800, 282)	(800, 618)	hori	left	True	429072	430237	left	(800, 450)	testing
17	hl	f	19	3	diamond	green	dif	(632, 450)	(968, 450)	hori	left	True	431640	432317	left	(800, 450)	testing
17	hl	f	19	3	diamond	red	same	(800, 618)	(968, 450)	vert	up	True	433797	434509	up	(800, 450)	testing
17	hl	f	19	3	diamond	green	same	(800, 618)	(800, 282)	hori	left	True	435903	436781	left	(800, 450)	testing
17	hl	f	19	3	circle	red	dif	(800, 618)	(632, 450)	vert	up	True	438233	439005	up	(800, 450)	testing
17	hl	f	19	3	diamond	red	same	(800, 618)	(800, 282)	hori	left	True	440532	441133	left	(800, 450)	testing
17	hl	f	19	3	diamond	green	same	(800, 282)	(968, 450)	vert	up	True	442506	443357	up	(800, 450)	testing
17	hl	f	19	3	diamond	red	dif	(632, 450)	(800, 618)	vert	up	True	444868	445709	up	(800, 450)	testing
17	hl	f	19	3	diamond	green	dif	(968, 450)	(632, 450)	vert	up	True	447260	448173	up	(800, 450)	testing
17	hl	f	19	3	circle	none	dif	N_dis	(800, 618)	hori	left	True	449844	450925	left	(800, 450)	testing
17	hl	f	19	3	circle	green	same	(800, 282)	(800, 618)	hori	left	True	452426	453982	left	(800, 450)	testing
17	hl	f	19	3	diamond	red	same	(968, 450)	(800, 618)	vert	up	True	455573	456749	up	(800, 450)	testing
17	hl	f	19	3	circle	red	dif	(800, 282)	(968, 450)	hori	left	True	458273	459517	left	(800, 450)	testing
17	hl	f	19	3	circle	none	dif	N_dis	(800, 618)	vert	up	True	461068	462094	up	(800, 450)	testing
17	hl	f	19	3	circle	red	dif	(968, 450)	(800, 618)	vert	up	True	463757	464893	up	(800, 450)	testing
17	hl	f	19	3	circle	green	same	(968, 450)	(632, 450)	hori	left	True	466352	467549	left	(800, 450)	testing
17	hl	f	19	3	diamond	red	dif	(800, 618)	(968, 450)	vert	up	True	469040	470173	up	(800, 450)	testing
17	hl	f	19	3	circle	green	dif	(968, 450)	(800, 282)	hori	left	True	471586	473037	left	(800, 450)	testing
17	hl	f	19	3	circle	green	same	(968, 450)	(632, 450)	hori	left	True	474690	475965	left	(800, 450)	testing
17	hl	f	19	3	diamond	green	same	(632, 450)	(800, 282)	vert	up	True	477429	478173	up	(800, 450)	testing
17	hl	f	19	3	diamond	green	dif	(800, 282)	(632, 450)	hori	left	True	479639	480445	left	(800, 450)	testing
17	hl	f	19	3	diamond	none	same	N_dis	(800, 618)	hori	left	True	482109	482894	left	(800, 450)	testing
17	hl	f	19	3	circle	green	dif	(632, 450)	(968, 450)	hori	left	True	484495	485277	left	(800, 450)	testing
17	hl	f	19	3	diamond	red	dif	(968, 450)	(800, 282)	hori	left	True	486688	487533	left	(800, 450)	testing
17	hl	f	19	3	diamond	none	same	N_dis	(968, 450)	vert	up	True	489003	489661	up	(800, 450)	testing
17	hl	f	19	3	circle	none	same	N_dis	(800, 282)	hori	left	True	491103	491837	left	(800, 450)	testing
17	hl	f	19	3	circle	none	same	N_dis	(968, 450)	hori	left	True	493458	494541	left	(800, 450)	testing
17	hl	f	19	3	diamond	green	dif	(800, 282)	(968, 450)	hori	left	True	496037	496861	left	(800, 450)	testing
17	hl	f	19	3	circle	red	same	(632, 450)	(800, 618)	hori	left	True	498400	499501	left	(800, 450)	testing
17	hl	f	19	3	diamond	green	same	(800, 282)	(800, 618)	hori	left	True	500889	501469	left	(800, 450)	testing
17	hl	f	19	3	diamond	none	same	N_dis	(800, 282)	hori	left	True	503047	503661	left	(800, 450)	testing
17	hl	f	19	3	diamond	red	dif	(800, 618)	(632, 450)	vert	up	True	505088	505933	up	(800, 450)	testing
17	hl	f	19	3	circle	green	same	(800, 282)	(632, 450)	vert	up	True	507323	508333	up	(800, 450)	testing
17	hl	f	19	3	circle	none	same	N_dis	(800, 618)	hori	left	True	509745	510749	left	(800, 450)	testing
17	hl	f	19	3	diamond	green	same	(632, 450)	(800, 282)	hori	left	True	512417	513325	left	(800, 450)	testing
17	hl	f	19	3	circle	red	dif	(632, 450)	(800, 618)	vert	up	True	514966	515709	up	(800, 450)	testing
17	hl	f	19	3	diamond	none	dif	N_dis	(632, 450)	hori	left	True	517364	517982	left	(800, 450)	testing
17	hl	f	19	3	circle	none	same	N_dis	(800, 282)	hori	left	True	519506	520717	left	(800, 450)	testing
17	hl	f	19	3	diamond	red	same	(800, 618)	(968, 450)	vert	up	True	522199	523165	up	(800, 450)	testing
17	hl	f	19	3	circle	none	dif	N_dis	(800, 282)	vert	up	True	524783	525565	up	(800, 450)	testing
17	hl	f	19	3	circle	red	dif	(968, 450)	(800, 282)	vert	up	True	526941	528157	up	(800, 450)	testing
17	hl	f	19	3	diamond	none	dif	N_dis	(800, 282)	vert	up	True	529612	530125	up	(800, 450)	testing
17	hl	f	19	3	circle	green	dif	(968, 450)	(800, 618)	vert	up	True	531667	532925	up	(800, 450)	testing
17	hl	f	19	3	circle	none	dif	N_dis	(968, 450)	vert	up	True	534543	535469	up	(800, 450)	testing
17	hl	f	19	3	diamond	red	same	(632, 450)	(968, 450)	vert	up	True	537024	537773	up	(800, 450)	testing
17	hl	f	19	3	diamond	none	dif	N_dis	(632, 450)	hori	left	True	539182	539934	left	(800, 450)	testing
17	hl	f	19	3	diamond	green	dif	(968, 450)	(800, 282)	vert	up	True	541410	542109	up	(800, 450)	testing
17	hl	f	19	3	circle	green	dif	(632, 450)	(968, 450)	vert	up	True	543677	544701	up	(800, 450)	testing
17	hl	f	19	3	circle	green	same	(800, 282)	(968, 450)	vert	up	True	546260	547085	up	(800, 450)	testing
17	hl	f	19	3	diamond	red	dif	(800, 618)	(968, 450)	vert	up	True	548710	549581	up	(800, 450)	testing
17	hl	f	19	3	circle	red	same	(632, 450)	(800, 282)	hori	left	True	550980	551853	left	(800, 450)	testing
17	hl	f	19	3	circle	red	same	(800, 618)	(800, 282)	vert	up	True	553239	554077	up	(800, 450)	testing
17	hl	f	19	3	diamond	none	same	N_dis	(632, 450)	hori	left	True	555575	556621	left	(800, 450)	testing
17	hl	f	19	3	circle	red	same	(800, 618)	(632, 450)	vert	up	True	558012	559501	up	(800, 450)	testing
17	hl	f	19	3	diamond	none	dif	N_dis	(632, 450)	hori	left	True	560933	561645	left	(800, 450)	testing
17	hl	f	19	3	diamond	none	same	N_dis	(632, 450)	vert	up	True	563307	564061	up	(800, 450)	testing
17	hl	f	19	3	circle	none	dif	N_dis	(968, 450)	vert	up	True	565593	566557	up	(800, 450)	testing
17	hl	f	19	3	circle	red	same	(800, 282)	(632, 450)	hori	left	True	567958	568605	left	(800, 450)	testing
17	hl	f	19	3	diamond	none	dif	N_dis	(968, 450)	hori	left	True	570160	570861	left	(800, 450)	testing
17	hl	f	19	3	circle	none	same	N_dis	(800, 618)	vert	up	True	572313	573053	up	(800, 450)	testing
17	hl	f	19	3	circle	green	dif	(800, 282)	(800, 618)	hori	left	True	574568	575293	left	(800, 450)	testing
17	hl	f	19	3	diamond	green	dif	(632, 450)	(968, 450)	hori	left	True	576671	577389	left	(800, 450)	testing
17	hl	f	19	3	diamond	red	same	(800, 618)	(968, 450)	vert	up	True	578860	579533	up	(800, 450)	testing
17	hl	f	19	3	diamond	green	same	(800, 618)	(800, 282)	hori	left	True	581033	581693	left	(800, 450)	testing
17	hl	f	19	3	circle	red	dif	(800, 618)	(632, 450)	vert	up	True	583080	584365	left	(800, 450)	testing
17	hl	f	19	3	diamond	red	same	(800, 618)	(800, 282)	hori	left	True	587536	588285	left	(800, 450)	testing
17	hl	f	19	3	diamond	green	same	(800, 282)	(968, 450)	vert	up	True	589680	590269	up	(800, 450)	testing
17	hl	f	19	3	diamond	red	dif	(632, 450)	(800, 618)	vert	up	True	591937	592733	up	(800, 450)	testing
17	hl	f	19	3	diamond	green	dif	(968, 450)	(632, 450)	vert	up	True	594289	595309	up	(800, 450)	testing
17	hl	f	19	3	circle	none	dif	N_dis	(800, 618)	vert	up	True	596783	597885	up	(800, 450)	testing
17	hl	f	19	3	circle	green	same	(800, 282)	(800, 618)	vert	up	True	599368	600637	up	(800, 450)	testing
17	hl	f	19	3	diamond	red	same	(968, 450)	(800, 618)	vert	up	True	602286	602941	up	(800, 450)	testing
17	hl	f	19	3	circle	red	dif	(800, 282)	(968, 450)	hori	left	True	604498	605389	left	(800, 450)	testing
17	hl	f	19	3	circle	none	dif	N_dis	(800, 618)	hori	left	True	606875	607773	left	(800, 450)	testing
17	hl	f	19	3	circle	red	dif	(968, 450)	(800, 618)	vert	up	True	609394	610557	up	(800, 450)	testing
17	hl	f	19	3	circle	green	same	(968, 450)	(632, 450)	vert	up	True	611965	613181	up	(800, 450)	testing
17	hl	f	19	3	diamond	red	dif	(800, 618)	(968, 450)	vert	up	True	614596	615789	up	(800, 450)	testing
17	hl	f	19	3	circle	green	dif	(968, 450)	(800, 282)	hori	left	True	617351	618621	left	(800, 450)	testing
17	hl	f	19	3	circle	green	same	(968, 450)	(632, 450)	hori	left	True	620028	621149	left	(800, 450)	testing
17	hl	f	19	3	diamond	green	same	(632, 450)	(800, 282)	hori	left	True	622664	623741	left	(800, 450)	testing
17	hl	f	19	3	diamond	green	dif	(800, 282)	(632, 450)	hori	left	True	625372	626621	left	(800, 450)	testing
17	hl	f	19	3	diamond	none	same	N_dis	(800, 618)	hori	left	True	628281	629341	left	(800, 450)	testing
17	hl	f	19	3	circle	green	dif	(632, 450)	(968, 450)	vert	up	True	630755	631677	left	(800, 450)	testing
17	hl	f	19	3	diamond	red	dif	(968, 450)	(800, 282)	hori	left	True	634607	635885	left	(800, 450)	testing
17	hl	f	19	3	diamond	none	same	N_dis	(968, 450)	hori	left	True	637402	638237	left	(800, 450)	testing
17	hl	f	19	3	circle	none	same	N_dis	(800, 282)	hori	left	True	639625	640381	left	(800, 450)	testing
17	hl	f	19	3	circle	none	same	N_dis	(968, 450)	vert	up	True	641789	642541	up	(800, 450)	testing
17	hl	f	19	3	diamond	green	dif	(800, 282)	(968, 450)	vert	up	True	644135	645229	up	(800, 450)	testing
17	hl	f	19	3	circle	red	same	(632, 450)	(800, 618)	hori	left	True	646704	647917	left	(800, 450)	testing
17	hl	f	19	3	diamond	green	same	(800, 282)	(800, 618)	hori	left	True	649314	650077	left	(800, 450)	testing
17	hl	f	19	3	diamond	none	same	N_dis	(800, 282)	vert	up	True	651612	652365	up	(800, 450)	testing
17	hl	f	19	3	diamond	red	dif	(800, 618)	(632, 450)	vert	up	True	653789	655117	up	(800, 450)	testing
17	hl	f	19	3	circle	green	same	(800, 282)	(632, 450)	vert	up	True	656568	658253	up	(800, 450)	testing
17	hl	f	19	3	circle	none	same	N_dis	(800, 618)	hori	left	True	659774	660605	left	(800, 450)	testing
17	hl	f	19	3	diamond	green	same	(632, 450)	(800, 282)	hori	left	True	662106	662829	left	(800, 450)	testing
17	hl	f	19	3	circle	red	dif	(632, 450)	(800, 618)	vert	up	True	664260	665197	up	(800, 450)	testing
17	hl	f	19	3	diamond	none	dif	N_dis	(632, 450)	vert	up	True	666841	667741	up	(800, 450)	testing
17	hl	f	19	3	circle	none	same	N_dis	(800, 282)	vert	up	True	669273	669999	up	(800, 450)	testing
17	hl	f	19	3	diamond	red	same	(800, 618)	(968, 450)	hori	left	True	671465	672637	left	(800, 450)	testing
17	hl	f	19	3	circle	none	dif	N_dis	(800, 282)	hori	left	True	674275	675757	left	(800, 450)	testing
17	hl	f	19	3	circle	red	dif	(968, 450)	(800, 282)	hori	left	True	677254	678333	left	(800, 450)	testing
17	hl	f	19	3	diamond	none	dif	N_dis	(800, 282)	hori	left	True	679878	681037	left	(800, 450)	testing
17	hl	f	19	3	circle	green	dif	(968, 450)	(800, 618)	hori	left	True	682411	683741	left	(800, 450)	testing
17	hl	f	19	3	circle	none	dif	N_dis	(968, 450)	vert	up	True	685324	686221	left	(800, 450)	testing
17	hl	f	19	3	diamond	red	same	(632, 450)	(968, 450)	hori	left	True	689208	690541	left	(800, 450)	testing
17	hl	f	19	3	diamond	none	dif	N_dis	(632, 450)	hori	left	True	692210	693293	left	(800, 450)	testing
17	hl	f	19	3	diamond	green	dif	(968, 450)	(800, 282)	hori	left	True	694686	695950	left	(800, 450)	testing
17	hl	f	19	3	circle	green	dif	(632, 450)	(968, 450)	vert	up	True	697580	698685	up	(800, 450)	testing
17	hl	f	19	3	circle	green	same	(800, 282)	(968, 450)	hori	left	True	700124	700975	left	(800, 450)	testing
17	hl	f	19	3	diamond	red	dif	(800, 618)	(968, 450)	hori	left	True	702392	703645	left	(800, 450)	testing
17	hl	f	19	3	circle	red	same	(632, 450)	(800, 282)	vert	up	True	705306	706381	up	(800, 450)	testing
17	hl	f	19	3	circle	red	same	(800, 618)	(800, 282)	vert	up	True	707994	709197	up	(800, 450)	testing
17	hl	f	19	3	diamond	none	same	N_dis	(632, 450)	hori	left	True	710715	711565	left	(800, 450)	testing
17	hl	f	19	3	circle	red	same	(800, 618)	(632, 450)	vert	up	True	713144	714461	up	(800, 450)	testing
17	hl	f	19	3	diamond	none	dif	N_dis	(632, 450)	vert	up	True	716047	717261	up	(800, 450)	testing
17	hl	f	19	3	diamond	none	same	N_dis	(632, 450)	hori	left	True	718872	719661	left	(800, 450)	testing
17	hl	f	19	3	circle	none	dif	N_dis	(968, 450)	vert	up	True	721057	721901	up	(800, 450)	testing
17	hl	f	19	3	circle	red	same	(800, 282)	(632, 450)	vert	up	True	723344	724429	up	(800, 450)	testing
17	hl	f	19	3	diamond	none	dif	N_dis	(968, 450)	vert	up	True	726054	726910	up	(800, 450)	testing
17	hl	f	19	3	circle	none	same	N_dis	(800, 618)	vert	up	True	728337	729213	up	(800, 450)	testing
17	hl	f	19	3	circle	green	dif	(800, 282)	(800, 618)	vert	up	True	730730	731837	up	(800, 450)	testing
17	hl	f	19	3	diamond	green	dif	(632, 450)	(968, 450)	hori	left	True	733435	734157	left	(800, 450)	testing
17	hl	f	19	3	diamond	red	same	(800, 618)	(968, 450)	vert	up	True	735750	736573	up	(800, 450)	testing
17	hl	f	19	3	diamond	green	same	(800, 618)	(800, 282)	hori	left	True	738093	738845	left	(800, 450)	testing
17	hl	f	19	3	circle	red	dif	(800, 618)	(632, 450)	hori	left	True	740253	741021	left	(800, 450)	testing
17	hl	f	19	3	diamond	red	same	(800, 618)	(800, 282)	hori	left	True	742532	743389	left	(800, 450)	testing
17	hl	f	19	3	diamond	green	same	(800, 282)	(968, 450)	hori	left	True	745006	745725	left	(800, 450)	testing
17	hl	f	19	3	diamond	red	dif	(632, 450)	(800, 618)	vert	up	True	747385	748205	up	(800, 450)	testing
17	hl	f	19	3	diamond	green	dif	(968, 450)	(632, 450)	hori	left	True	749668	750590	left	(800, 450)	testing
17	hl	f	19	3	circle	none	dif	N_dis	(800, 618)	vert	up	True	752228	753069	up	(800, 450)	testing
17	hl	f	19	3	circle	green	same	(800, 282)	(800, 618)	hori	left	True	754507	755277	left	(800, 450)	testing
17	hl	f	19	3	diamond	red	same	(968, 450)	(800, 618)	vert	up	True	756667	757581	up	(800, 450)	testing
17	hl	f	19	3	circle	red	dif	(800, 282)	(968, 450)	hori	left	True	759048	759917	left	(800, 450)	testing
17	hl	f	19	3	circle	none	dif	N_dis	(800, 618)	vert	up	True	761355	762237	up	(800, 450)	testing
17	hl	f	19	3	circle	red	dif	(968, 450)	(800, 618)	vert	up	True	763783	764621	up	(800, 450)	testing
17	hl	f	19	3	circle	green	same	(968, 450)	(632, 450)	vert	up	True	766116	767229	up	(800, 450)	testing
17	hl	f	19	3	diamond	red	dif	(800, 618)	(968, 450)	vert	up	True	768650	769453	up	(800, 450)	testing
17	hl	f	19	3	circle	green	dif	(968, 450)	(800, 282)	vert	up	True	770868	771645	up	(800, 450)	testing
17	hl	f	19	3	circle	green	same	(968, 450)	(632, 450)	vert	up	True	773092	773853	up	(800, 450)	testing
17	hl	f	19	3	diamond	green	same	(632, 450)	(800, 282)	vert	up	True	775438	776493	up	(800, 450)	testing
17	hl	f	19	3	diamond	green	dif	(800, 282)	(632, 450)	hori	left	True	778021	778749	left	(800, 450)	testing
17	hl	f	19	3	diamond	none	same	N_dis	(800, 618)	vert	up	True	780398	781213	up	(800, 450)	testing
17	hl	f	19	3	circle	green	dif	(632, 450)	(968, 450)	hori	left	True	782885	783581	left	(800, 450)	testing
17	hl	f	19	3	diamond	red	dif	(968, 450)	(800, 282)	vert	up	True	785220	785805	up	(800, 450)	testing
17	hl	f	19	3	diamond	none	same	N_dis	(968, 450)	vert	up	True	787253	788013	up	(800, 450)	testing
17	hl	f	19	3	circle	none	same	N_dis	(800, 282)	vert	up	True	789397	790157	up	(800, 450)	testing
17	hl	f	19	3	circle	none	same	N_dis	(968, 450)	hori	left	True	791561	792205	left	(800, 450)	testing
17	hl	f	19	3	diamond	green	dif	(800, 282)	(968, 450)	vert	up	True	793795	794974	up	(800, 450)	testing
17	hl	f	19	3	circle	red	same	(632, 450)	(800, 618)	vert	up	True	796472	797661	up	(800, 450)	testing
17	hl	f	19	3	diamond	green	same	(800, 282)	(800, 618)	hori	left	True	799258	800221	left	(800, 450)	testing
17	hl	f	19	3	diamond	none	same	N_dis	(800, 282)	hori	left	True	801848	802733	left	(800, 450)	testing
17	hl	f	19	3	diamond	red	dif	(800, 618)	(632, 450)	hori	left	True	804168	805309	left	(800, 450)	testing
17	hl	f	19	3	circle	green	same	(800, 282)	(632, 450)	hori	left	True	806871	807853	left	(800, 450)	testing
17	hl	f	19	3	circle	none	same	N_dis	(800, 618)	vert	up	True	809276	810045	up	(800, 450)	testing
17	hl	f	19	3	diamond	green	same	(632, 450)	(800, 282)	vert	up	True	811692	812349	up	(800, 450)	testing
17	hl	f	19	3	circle	red	dif	(632, 450)	(800, 618)	vert	up	True	813955	814765	up	(800, 450)	testing
17	hl	f	19	3	diamond	none	dif	N_dis	(632, 450)	hori	left	True	816384	817053	left	(800, 450)	testing
17	hl	f	19	3	circle	none	same	N_dis	(800, 282)	hori	left	True	818628	819325	up	(800, 450)	testing
17	hl	f	19	3	diamond	red	same	(800, 618)	(968, 450)	hori	left	True	822402	823389	left	(800, 450)	testing
17	hl	f	19	3	circle	none	dif	N_dis	(800, 282)	hori	left	True	825033	825982	left	(800, 450)	testing
17	hl	f	19	3	circle	red	dif	(968, 450)	(800, 282)	vert	up	True	827581	828573	up	(800, 450)	testing
17	hl	f	19	3	diamond	none	dif	N_dis	(800, 282)	hori	left	True	829950	830733	left	(800, 450)	testing
17	hl	f	19	3	circle	green	dif	(968, 450)	(800, 618)	hori	left	True	832349	833005	up	(800, 450)	testing
17	hl	f	19	3	circle	none	dif	N_dis	(968, 450)	hori	left	True	835956	836653	left	(800, 450)	testing
17	hl	f	19	3	diamond	red	same	(632, 450)	(968, 450)	vert	up	True	838232	839117	up	(800, 450)	testing
17	hl	f	19	3	diamond	none	dif	N_dis	(632, 450)	hori	left	True	840604	841373	left	(800, 450)	testing
17	hl	f	19	3	diamond	green	dif	(968, 450)	(800, 282)	hori	left	True	842996	844477	left	(800, 450)	testing
17	hl	f	19	3	circle	green	dif	(632, 450)	(968, 450)	vert	up	True	845907	847053	up	(800, 450)	testing
17	hl	f	19	3	circle	green	same	(800, 282)	(968, 450)	vert	up	True	848461	849533	up	(800, 450)	testing
17	hl	f	19	3	diamond	red	dif	(800, 618)	(968, 450)	vert	up	True	851066	851853	up	(800, 450)	testing
17	hl	f	19	3	circle	red	same	(632, 450)	(800, 282)	vert	up	True	853466	854589	up	(800, 450)	testing
17	hl	f	19	3	circle	red	same	(800, 618)	(800, 282)	hori	left	True	855998	856990	left	(800, 450)	testing
conf	17	hl	f	19	3	1	7	5	3	space	None	None	None	None	None	True	899222	904413	1
