subj	name	gender	age	runNum	shape	dist	td_dif	d_loc	t_loc	resp	resp_key	gotKey	startTime	respTime	resp	fix_loc	prac
18	ys	f	20	2	circle	none	same	N_dis	(800, 282)	vert	up	True	60145	61067	up	(800, 450)	testing
18	ys	f	20	2	diamond	red	same	(800, 618)	(968, 450)	hori	left	True	62602	63531	left	(800, 450)	testing
18	ys	f	20	2	diamond	green	dif	(632, 450)	(800, 618)	hori	left	True	65079	66219	left	(800, 450)	testing
18	ys	f	20	2	circle	red	same	(968, 450)	(800, 618)	hori	left	True	67666	68587	left	(800, 450)	testing
18	ys	f	20	2	circle	none	same	N_dis	(632, 450)	hori	left	True	70234	71035	left	(800, 450)	testing
18	ys	f	20	2	diamond	none	same	N_dis	(632, 450)	vert	up	True	72561	73611	up	(800, 450)	testing
18	ys	f	20	2	diamond	red	dif	(632, 450)	(800, 618)	vert	up	True	74984	75899	up	(800, 450)	testing
18	ys	f	20	2	circle	red	same	(968, 450)	(800, 282)	hori	left	True	77300	78107	left	(800, 450)	testing
18	ys	f	20	2	circle	red	same	(968, 450)	(632, 450)	vert	up	True	79611	80491	up	(800, 450)	testing
18	ys	f	20	2	circle	green	same	(800, 618)	(632, 450)	hori	left	True	81994	83035	left	(800, 450)	testing
18	ys	f	20	2	diamond	none	same	N_dis	(632, 450)	hori	left	True	84409	85547	left	(800, 450)	testing
18	ys	f	20	2	diamond	red	dif	(800, 618)	(632, 450)	vert	up	True	87122	88395	up	(800, 450)	testing
18	ys	f	20	2	circle	red	same	(968, 450)	(800, 282)	hori	left	True	89765	90731	left	(800, 450)	testing
18	ys	f	20	2	diamond	none	same	N_dis	(968, 450)	hori	left	True	92378	93323	left	(800, 450)	testing
18	ys	f	20	2	circle	none	same	N_dis	(632, 450)	vert	up	True	94685	95659	up	(800, 450)	testing
18	ys	f	20	2	circle	green	dif	(632, 450)	(968, 450)	hori	left	True	97137	97883	left	(800, 450)	testing
18	ys	f	20	2	circle	green	same	(632, 450)	(968, 450)	hori	left	True	99321	100299	left	(800, 450)	testing
18	ys	f	20	2	circle	red	dif	(968, 450)	(632, 450)	vert	up	True	101799	102731	up	(800, 450)	testing
18	ys	f	20	2	diamond	red	same	(632, 450)	(800, 282)	vert	up	True	104198	105435	up	(800, 450)	testing
18	ys	f	20	2	diamond	green	same	(800, 282)	(800, 618)	hori	left	True	107044	108075	left	(800, 450)	testing
18	ys	f	20	2	diamond	none	same	N_dis	(800, 282)	hori	left	True	109482	110347	left	(800, 450)	testing
18	ys	f	20	2	diamond	red	same	(632, 450)	(800, 618)	vert	up	True	111740	112747	up	(800, 450)	testing
18	ys	f	20	2	circle	none	dif	N_dis	(632, 450)	hori	left	True	114314	115371	left	(800, 450)	testing
18	ys	f	20	2	circle	none	dif	N_dis	(968, 450)	vert	up	True	116790	117499	up	(800, 450)	testing
18	ys	f	20	2	circle	none	dif	N_dis	(968, 450)	hori	left	True	118910	119931	left	(800, 450)	testing
18	ys	f	20	2	diamond	green	same	(968, 450)	(800, 618)	hori	left	True	121563	122635	left	(800, 450)	testing
18	ys	f	20	2	circle	red	dif	(800, 618)	(800, 282)	vert	up	True	124195	125067	up	(800, 450)	testing
18	ys	f	20	2	diamond	none	dif	N_dis	(632, 450)	hori	left	True	126590	127275	left	(800, 450)	testing
18	ys	f	20	2	diamond	none	same	N_dis	(800, 618)	hori	left	True	128840	129707	left	(800, 450)	testing
18	ys	f	20	2	diamond	none	dif	N_dis	(800, 282)	hori	left	True	131238	132363	left	(800, 450)	testing
18	ys	f	20	2	circle	red	same	(968, 450)	(800, 618)	hori	left	True	133912	134747	left	(800, 450)	testing
18	ys	f	20	2	circle	none	dif	N_dis	(800, 282)	hori	left	True	136344	137275	left	(800, 450)	testing
18	ys	f	20	2	circle	green	same	(968, 450)	(800, 282)	vert	up	True	138927	140075	up	(800, 450)	testing
18	ys	f	20	2	diamond	red	dif	(800, 618)	(800, 282)	hori	left	True	141462	142363	left	(800, 450)	testing
18	ys	f	20	2	circle	green	dif	(800, 618)	(968, 450)	hori	left	True	143926	145019	left	(800, 450)	testing
18	ys	f	20	2	circle	none	same	N_dis	(800, 618)	hori	left	True	146551	147243	left	(800, 450)	testing
18	ys	f	20	2	circle	red	dif	(632, 450)	(800, 282)	hori	left	True	148889	149691	left	(800, 450)	testing
18	ys	f	20	2	diamond	none	same	N_dis	(800, 618)	vert	up	True	151234	152651	up	(800, 450)	testing
18	ys	f	20	2	circle	none	dif	N_dis	(968, 450)	vert	up	True	154143	154843	up	(800, 450)	testing
18	ys	f	20	2	diamond	red	same	(968, 450)	(632, 450)	hori	left	True	156370	157419	left	(800, 450)	testing
18	ys	f	20	2	diamond	green	dif	(800, 618)	(968, 450)	hori	left	True	158968	159787	left	(800, 450)	testing
18	ys	f	20	2	diamond	red	same	(632, 450)	(800, 618)	hori	left	True	161271	162027	left	(800, 450)	testing
18	ys	f	20	2	circle	none	dif	N_dis	(632, 450)	hori	left	True	163448	164347	left	(800, 450)	testing
18	ys	f	20	2	circle	green	same	(632, 450)	(800, 618)	vert	up	True	165790	166539	up	(800, 450)	testing
18	ys	f	20	2	circle	green	same	(632, 450)	(800, 282)	hori	left	True	167905	168699	left	(800, 450)	testing
18	ys	f	20	2	circle	none	same	N_dis	(800, 282)	vert	up	True	170124	170971	up	(800, 450)	testing
18	ys	f	20	2	circle	none	same	N_dis	(968, 450)	hori	left	True	172621	173403	left	(800, 450)	testing
18	ys	f	20	2	circle	none	same	N_dis	(968, 450)	hori	left	True	174883	175499	left	(800, 450)	testing
18	ys	f	20	2	circle	green	dif	(800, 618)	(632, 450)	hori	left	True	176909	178027	up	(800, 450)	testing
18	ys	f	20	2	diamond	none	same	N_dis	(800, 618)	hori	left	True	180907	181771	left	(800, 450)	testing
18	ys	f	20	2	diamond	green	dif	(632, 450)	(968, 450)	hori	left	True	183386	184363	left	(800, 450)	testing
18	ys	f	20	2	circle	red	dif	(800, 282)	(800, 618)	hori	left	True	186013	187419	left	(800, 450)	testing
18	ys	f	20	2	circle	green	same	(632, 450)	(968, 450)	hori	left	True	189015	189931	left	(800, 450)	testing
18	ys	f	20	2	circle	red	same	(968, 450)	(632, 450)	hori	left	True	191581	192507	left	(800, 450)	testing
18	ys	f	20	2	circle	green	same	(968, 450)	(800, 282)	vert	up	True	194118	194987	up	(800, 450)	testing
18	ys	f	20	2	diamond	red	dif	(800, 618)	(968, 450)	vert	up	True	196601	197707	up	(800, 450)	testing
18	ys	f	20	2	circle	none	dif	N_dis	(800, 618)	vert	up	True	199328	200091	up	(800, 450)	testing
18	ys	f	20	2	circle	red	same	(800, 618)	(632, 450)	hori	left	True	201527	202539	left	(800, 450)	testing
18	ys	f	20	2	diamond	none	same	N_dis	(800, 282)	vert	up	True	204136	204971	up	(800, 450)	testing
18	ys	f	20	2	circle	none	same	N_dis	(632, 450)	hori	left	True	206489	207291	left	(800, 450)	testing
18	ys	f	20	2	diamond	green	dif	(800, 618)	(632, 450)	vert	up	True	208788	209899	up	(800, 450)	testing
18	ys	f	20	2	circle	green	same	(800, 618)	(968, 450)	vert	up	True	211394	212747	up	(800, 450)	testing
18	ys	f	20	2	circle	red	dif	(800, 618)	(800, 282)	hori	left	True	214229	214955	left	(800, 450)	testing
18	ys	f	20	2	diamond	red	same	(632, 450)	(800, 618)	vert	up	True	216473	217355	left	(800, 450)	testing
18	ys	f	20	2	diamond	red	same	(632, 450)	(968, 450)	vert	up	True	220383	221627	up	(800, 450)	testing
18	ys	f	20	2	circle	none	dif	N_dis	(800, 618)	vert	up	True	223136	223851	up	(800, 450)	testing
18	ys	f	20	2	circle	green	dif	(968, 450)	(800, 282)	vert	up	True	225413	226251	up	(800, 450)	testing
18	ys	f	20	2	diamond	green	same	(968, 450)	(800, 282)	hori	left	True	227784	228827	left	(800, 450)	testing
18	ys	f	20	2	circle	none	dif	N_dis	(968, 450)	vert	up	True	230191	230955	up	(800, 450)	testing
18	ys	f	20	2	diamond	none	dif	N_dis	(800, 282)	vert	up	True	232588	233419	up	(800, 450)	testing
18	ys	f	20	2	circle	green	dif	(632, 450)	(800, 282)	hori	left	True	234924	235771	left	(800, 450)	testing
18	ys	f	20	2	diamond	red	same	(800, 618)	(968, 450)	hori	left	True	237358	238299	left	(800, 450)	testing
18	ys	f	20	2	diamond	red	dif	(632, 450)	(800, 282)	hori	left	True	239899	240779	left	(800, 450)	testing
18	ys	f	20	2	circle	red	dif	(968, 450)	(800, 282)	hori	left	True	242361	243227	left	(800, 450)	testing
18	ys	f	20	2	circle	red	same	(632, 450)	(800, 282)	hori	left	True	244652	245547	left	(800, 450)	testing
18	ys	f	20	2	circle	green	same	(968, 450)	(800, 618)	vert	up	True	247113	248187	up	(800, 450)	testing
18	ys	f	20	2	circle	none	same	N_dis	(632, 450)	hori	left	True	249620	250475	left	(800, 450)	testing
18	ys	f	20	2	diamond	red	same	(632, 450)	(968, 450)	vert	up	True	251995	252971	up	(800, 450)	testing
18	ys	f	20	2	diamond	green	dif	(968, 450)	(800, 282)	vert	up	True	254440	255291	up	(800, 450)	testing
18	ys	f	20	2	circle	green	dif	(800, 618)	(800, 282)	hori	left	True	256785	257627	left	(800, 450)	testing
18	ys	f	20	2	diamond	none	same	N_dis	(968, 450)	vert	up	True	259139	259899	up	(800, 450)	testing
18	ys	f	20	2	diamond	red	same	(800, 618)	(800, 282)	hori	left	True	261414	262507	left	(800, 450)	testing
18	ys	f	20	2	diamond	none	same	N_dis	(800, 282)	hori	left	True	264006	264875	left	(800, 450)	testing
18	ys	f	20	2	circle	green	dif	(968, 450)	(632, 450)	hori	left	True	266404	267515	left	(800, 450)	testing
18	ys	f	20	2	diamond	green	dif	(800, 282)	(632, 450)	hori	left	True	269143	270123	left	(800, 450)	testing
18	ys	f	20	2	diamond	none	same	N_dis	(968, 450)	vert	up	True	271500	272635	up	(800, 450)	testing
18	ys	f	20	2	diamond	green	same	(632, 450)	(800, 618)	hori	left	True	274217	275211	left	(800, 450)	testing
18	ys	f	20	2	circle	green	same	(968, 450)	(632, 450)	vert	up	True	276632	278027	up	(800, 450)	testing
18	ys	f	20	2	circle	none	dif	N_dis	(968, 450)	vert	up	True	279676	280331	up	(800, 450)	testing
18	ys	f	20	2	diamond	red	dif	(800, 618)	(800, 282)	vert	up	True	281843	282923	up	(800, 450)	testing
18	ys	f	20	2	circle	none	dif	N_dis	(632, 450)	vert	up	True	284568	285387	up	(800, 450)	testing
18	ys	f	20	2	circle	green	dif	(968, 450)	(800, 618)	hori	left	True	286853	287915	left	(800, 450)	testing
18	ys	f	20	2	circle	red	dif	(800, 618)	(800, 282)	vert	up	True	289296	290075	up	(800, 450)	testing
18	ys	f	20	2	diamond	green	same	(800, 618)	(800, 282)	vert	up	True	291507	292443	up	(800, 450)	testing
18	ys	f	20	2	circle	green	same	(632, 450)	(968, 450)	vert	up	True	293914	294651	up	(800, 450)	testing
18	ys	f	20	2	circle	none	dif	N_dis	(800, 618)	hori	left	True	296075	296891	left	(800, 450)	testing
18	ys	f	20	2	diamond	red	dif	(800, 618)	(968, 450)	hori	left	True	298382	299403	left	(800, 450)	testing
18	ys	f	20	2	diamond	none	dif	N_dis	(968, 450)	hori	left	True	300932	301611	left	(800, 450)	testing
18	ys	f	20	2	diamond	none	dif	N_dis	(968, 450)	vert	up	True	303220	304219	up	(800, 450)	testing
18	ys	f	20	2	circle	red	dif	(968, 450)	(632, 450)	hori	left	True	305602	306379	left	(800, 450)	testing
18	ys	f	20	2	diamond	green	dif	(800, 618)	(968, 450)	hori	left	True	307883	308747	left	(800, 450)	testing
18	ys	f	20	2	diamond	green	dif	(800, 618)	(632, 450)	hori	left	True	310270	311147	left	(800, 450)	testing
18	ys	f	20	2	circle	green	same	(800, 618)	(800, 282)	vert	up	True	312533	313355	up	(800, 450)	testing
18	ys	f	20	2	circle	green	same	(968, 450)	(800, 618)	hori	left	True	314802	315627	left	(800, 450)	testing
18	ys	f	20	2	diamond	red	same	(800, 618)	(968, 450)	vert	up	True	317186	317963	up	(800, 450)	testing
18	ys	f	20	2	diamond	red	same	(632, 450)	(800, 618)	vert	up	True	319598	320491	up	(800, 450)	testing
18	ys	f	20	2	diamond	green	same	(632, 450)	(968, 450)	hori	left	True	322113	322811	left	(800, 450)	testing
18	ys	f	20	2	circle	none	same	N_dis	(800, 282)	vert	up	True	324413	325339	up	(800, 450)	testing
18	ys	f	20	2	circle	green	same	(800, 618)	(632, 450)	vert	up	True	326857	328523	up	(800, 450)	testing
18	ys	f	20	2	circle	none	same	N_dis	(800, 618)	hori	left	True	330147	330923	left	(800, 450)	testing
18	ys	f	20	2	diamond	green	same	(632, 450)	(800, 282)	vert	up	True	332337	333099	up	(800, 450)	testing
18	ys	f	20	2	diamond	green	same	(632, 450)	(800, 618)	hori	left	True	334725	335675	left	(800, 450)	testing
18	ys	f	20	2	diamond	red	dif	(632, 450)	(968, 450)	hori	left	True	337244	337963	left	(800, 450)	testing
18	ys	f	20	2	diamond	green	dif	(968, 450)	(800, 282)	vert	up	True	339410	340155	up	(800, 450)	testing
18	ys	f	20	2	diamond	none	same	N_dis	(800, 618)	vert	up	True	341728	343003	up	(800, 450)	testing
18	ys	f	20	2	diamond	none	same	N_dis	(968, 450)	vert	up	True	344411	345243	up	(800, 450)	testing
18	ys	f	20	2	circle	none	same	N_dis	(800, 282)	hori	left	True	346763	347851	left	(800, 450)	testing
18	ys	f	20	2	circle	green	same	(968, 450)	(800, 282)	hori	left	True	349228	350267	left	(800, 450)	testing
18	ys	f	20	2	diamond	green	same	(632, 450)	(800, 618)	hori	left	True	351619	352811	left	(800, 450)	testing
18	ys	f	20	2	diamond	green	same	(968, 450)	(800, 282)	vert	up	True	354253	355163	up	(800, 450)	testing
18	ys	f	20	2	diamond	none	same	N_dis	(800, 618)	hori	left	True	356633	357435	left	(800, 450)	testing
18	ys	f	20	2	diamond	green	dif	(632, 450)	(800, 618)	hori	left	True	358977	359931	left	(800, 450)	testing
18	ys	f	20	2	diamond	none	same	N_dis	(800, 618)	vert	up	True	361412	362171	up	(800, 450)	testing
18	ys	f	20	2	diamond	none	dif	N_dis	(632, 450)	hori	left	True	363581	364667	left	(800, 450)	testing
18	ys	f	20	2	diamond	red	same	(968, 450)	(800, 618)	hori	left	True	366203	367227	left	(800, 450)	testing
18	ys	f	20	2	diamond	none	dif	N_dis	(800, 282)	vert	up	True	368623	369451	up	(800, 450)	testing
18	ys	f	20	2	circle	red	dif	(800, 618)	(968, 450)	hori	left	True	370905	372075	left	(800, 450)	testing
18	ys	f	20	2	circle	red	same	(968, 450)	(800, 282)	hori	left	True	373517	374683	left	(800, 450)	testing
18	ys	f	20	2	diamond	red	same	(968, 450)	(800, 618)	vert	up	True	376035	376811	up	(800, 450)	testing
18	ys	f	20	2	diamond	none	dif	N_dis	(800, 282)	vert	up	True	378182	379051	up	(800, 450)	testing
18	ys	f	20	2	diamond	green	dif	(968, 450)	(800, 618)	vert	up	True	380560	381451	up	(800, 450)	testing
18	ys	f	20	2	diamond	red	same	(632, 450)	(800, 618)	vert	up	True	383101	384059	up	(800, 450)	testing
18	ys	f	20	2	diamond	none	same	N_dis	(800, 282)	vert	up	True	385639	386379	up	(800, 450)	testing
18	ys	f	20	2	diamond	none	dif	N_dis	(632, 450)	hori	left	True	387972	388811	left	(800, 450)	testing
18	ys	f	20	2	circle	none	dif	N_dis	(800, 618)	vert	up	True	390244	391707	up	(800, 450)	testing
18	ys	f	20	2	circle	none	dif	N_dis	(800, 282)	hori	left	True	393106	393867	left	(800, 450)	testing
18	ys	f	20	2	diamond	red	same	(632, 450)	(968, 450)	vert	up	True	395474	396203	up	(800, 450)	testing
18	ys	f	20	2	circle	red	dif	(632, 450)	(800, 282)	hori	left	True	397677	398603	left	(800, 450)	testing
18	ys	f	20	2	diamond	red	dif	(632, 450)	(968, 450)	hori	left	True	400232	401019	left	(800, 450)	testing
18	ys	f	20	2	circle	green	same	(800, 618)	(968, 450)	hori	left	True	402657	403803	left	(800, 450)	testing
18	ys	f	20	2	diamond	none	dif	N_dis	(632, 450)	vert	up	True	405413	406331	up	(800, 450)	testing
18	ys	f	20	2	circle	green	dif	(632, 450)	(800, 282)	hori	left	True	407863	408843	left	(800, 450)	testing
18	ys	f	20	2	diamond	red	dif	(632, 450)	(800, 282)	vert	up	True	410216	411563	up	(800, 450)	testing
18	ys	f	20	2	circle	none	same	N_dis	(800, 618)	vert	up	True	413208	414027	up	(800, 450)	testing
18	ys	f	20	2	circle	none	same	N_dis	(968, 450)	hori	left	True	415671	416347	left	(800, 450)	testing
18	ys	f	20	2	circle	red	same	(968, 450)	(632, 450)	hori	left	True	417739	418523	left	(800, 450)	testing
18	ys	f	20	2	circle	green	same	(632, 450)	(800, 618)	hori	left	True	419904	420763	left	(800, 450)	testing
18	ys	f	20	2	circle	red	dif	(800, 618)	(632, 450)	vert	up	True	422235	423243	up	(800, 450)	testing
18	ys	f	20	2	diamond	green	same	(968, 450)	(800, 282)	hori	left	True	424882	425851	left	(800, 450)	testing
18	ys	f	20	2	circle	red	dif	(968, 450)	(800, 618)	hori	left	True	427399	428251	left	(800, 450)	testing
18	ys	f	20	2	diamond	red	same	(968, 450)	(800, 618)	hori	left	True	429814	430619	left	(800, 450)	testing
18	ys	f	20	2	circle	green	dif	(800, 618)	(968, 450)	vert	up	True	432131	433067	up	(800, 450)	testing
18	ys	f	20	2	circle	none	same	N_dis	(632, 450)	vert	up	True	434485	435275	up	(800, 450)	testing
18	ys	f	20	2	diamond	none	dif	N_dis	(968, 450)	hori	left	True	436727	437451	left	(800, 450)	testing
18	ys	f	20	2	circle	green	same	(632, 450)	(968, 450)	hori	left	True	439003	439755	left	(800, 450)	testing
18	ys	f	20	2	diamond	red	dif	(800, 618)	(800, 282)	hori	left	True	441377	443211	left	(800, 450)	testing
18	ys	f	20	2	circle	green	same	(800, 618)	(800, 282)	hori	left	True	444725	446443	left	(800, 450)	testing
18	ys	f	20	2	diamond	green	same	(968, 450)	(800, 282)	hori	left	True	447822	449243	left	(800, 450)	testing
18	ys	f	20	2	diamond	none	dif	N_dis	(800, 618)	hori	left	True	450743	451595	left	(800, 450)	testing
18	ys	f	20	2	diamond	red	dif	(968, 450)	(800, 618)	hori	left	True	453225	454059	up	(800, 450)	testing
18	ys	f	20	2	diamond	green	dif	(632, 450)	(800, 282)	hori	left	True	456958	457883	left	(800, 450)	testing
18	ys	f	20	2	circle	green	dif	(632, 450)	(800, 282)	vert	up	True	459309	460491	up	(800, 450)	testing
18	ys	f	20	2	diamond	green	dif	(632, 450)	(800, 618)	vert	up	True	461948	463067	up	(800, 450)	testing
18	ys	f	20	2	diamond	green	dif	(800, 618)	(632, 450)	vert	up	True	464659	465755	up	(800, 450)	testing
18	ys	f	20	2	circle	none	same	N_dis	(632, 450)	vert	up	True	467118	468219	up	(800, 450)	testing
18	ys	f	20	2	circle	red	dif	(968, 450)	(800, 618)	vert	up	True	469757	470731	up	(800, 450)	testing
18	ys	f	20	2	circle	green	dif	(632, 450)	(968, 450)	vert	up	True	472141	472987	up	(800, 450)	testing
18	ys	f	20	2	diamond	red	same	(800, 618)	(632, 450)	hori	left	True	474400	475531	left	(800, 450)	testing
18	ys	f	20	2	circle	red	same	(968, 450)	(632, 450)	hori	left	True	477075	478107	left	(800, 450)	testing
18	ys	f	20	2	diamond	red	same	(632, 450)	(800, 282)	hori	left	True	479660	481483	left	(800, 450)	testing
18	ys	f	20	2	circle	green	dif	(632, 450)	(800, 282)	hori	left	True	482884	483723	left	(800, 450)	testing
18	ys	f	20	2	diamond	none	same	N_dis	(632, 450)	vert	up	True	485122	485963	up	(800, 450)	testing
18	ys	f	20	2	circle	green	dif	(632, 450)	(800, 282)	hori	left	True	487568	489195	left	(800, 450)	testing
18	ys	f	20	2	diamond	red	dif	(800, 618)	(968, 450)	vert	up	True	490843	491995	up	(800, 450)	testing
18	ys	f	20	2	diamond	green	same	(968, 450)	(632, 450)	hori	left	True	493631	494715	left	(800, 450)	testing
18	ys	f	20	2	diamond	none	dif	N_dis	(800, 618)	hori	left	True	496260	497259	left	(800, 450)	testing
18	ys	f	20	2	circle	red	same	(632, 450)	(800, 618)	vert	up	True	498690	499659	up	(800, 450)	testing
18	ys	f	20	2	circle	red	dif	(968, 450)	(800, 282)	vert	up	True	501110	501947	up	(800, 450)	testing
18	ys	f	20	2	diamond	red	dif	(968, 450)	(632, 450)	hori	left	True	503531	504331	left	(800, 450)	testing
18	ys	f	20	2	diamond	green	same	(968, 450)	(800, 282)	vert	up	True	505766	506715	up	(800, 450)	testing
18	ys	f	20	2	circle	none	same	N_dis	(632, 450)	vert	up	True	508140	509403	up	(800, 450)	testing
18	ys	f	20	2	diamond	green	dif	(800, 282)	(968, 450)	hori	left	True	510981	512075	left	(800, 450)	testing
18	ys	f	20	2	diamond	none	dif	N_dis	(968, 450)	vert	up	True	513538	514523	up	(800, 450)	testing
18	ys	f	20	2	diamond	green	same	(800, 618)	(968, 450)	vert	up	True	516038	517259	up	(800, 450)	testing
18	ys	f	20	2	diamond	red	same	(968, 450)	(800, 618)	hori	left	True	518613	519819	left	(800, 450)	testing
18	ys	f	20	2	circle	green	dif	(800, 618)	(800, 282)	vert	up	True	521445	522763	up	(800, 450)	testing
18	ys	f	20	2	circle	green	same	(800, 618)	(968, 450)	vert	up	True	524380	525851	up	(800, 450)	testing
18	ys	f	20	2	diamond	red	same	(968, 450)	(800, 618)	hori	left	True	527444	529083	left	(800, 450)	testing
18	ys	f	20	2	circle	none	same	N_dis	(800, 618)	hori	left	True	530651	531611	left	(800, 450)	testing
18	ys	f	20	2	circle	red	same	(632, 450)	(800, 282)	vert	up	True	533163	534139	up	(800, 450)	testing
18	ys	f	20	2	circle	none	same	N_dis	(968, 450)	hori	left	True	535657	536427	left	(800, 450)	testing
18	ys	f	20	2	circle	red	dif	(968, 450)	(800, 282)	hori	left	True	537962	538955	left	(800, 450)	testing
18	ys	f	20	2	circle	red	same	(632, 450)	(968, 450)	hori	left	True	540402	541259	left	(800, 450)	testing
18	ys	f	20	2	diamond	none	same	N_dis	(632, 450)	hori	left	True	542825	544427	left	(800, 450)	testing
18	ys	f	20	2	circle	red	dif	(800, 618)	(632, 450)	hori	left	True	545831	547211	left	(800, 450)	testing
18	ys	f	20	2	diamond	red	dif	(800, 618)	(968, 450)	vert	up	True	548689	549979	up	(800, 450)	testing
18	ys	f	20	2	diamond	green	same	(632, 450)	(968, 450)	hori	left	True	551618	552731	left	(800, 450)	testing
18	ys	f	20	2	circle	none	dif	N_dis	(800, 618)	hori	left	True	554249	555275	left	(800, 450)	testing
18	ys	f	20	2	diamond	none	dif	N_dis	(968, 450)	hori	left	True	556738	557419	left	(800, 450)	testing
18	ys	f	20	2	circle	none	dif	N_dis	(800, 618)	hori	left	True	558828	559643	left	(800, 450)	testing
18	ys	f	20	2	diamond	green	dif	(968, 450)	(800, 282)	hori	left	True	561222	562123	left	(800, 450)	testing
18	ys	f	20	2	circle	none	same	N_dis	(632, 450)	vert	up	True	563554	564555	up	(800, 450)	testing
18	ys	f	20	2	diamond	none	dif	N_dis	(968, 450)	hori	left	True	566045	566779	left	(800, 450)	testing
18	ys	f	20	2	circle	red	dif	(800, 618)	(632, 450)	vert	up	True	568198	569275	up	(800, 450)	testing
18	ys	f	20	2	diamond	red	dif	(968, 450)	(800, 282)	vert	up	True	570651	571547	up	(800, 450)	testing
18	ys	f	20	2	circle	red	dif	(968, 450)	(632, 450)	vert	up	True	573191	574107	up	(800, 450)	testing
18	ys	f	20	2	circle	none	same	N_dis	(968, 450)	vert	up	True	575648	576331	up	(800, 450)	testing
18	ys	f	20	2	circle	none	dif	N_dis	(800, 282)	hori	left	True	577931	578859	left	(800, 450)	testing
18	ys	f	20	2	diamond	green	same	(968, 450)	(800, 282)	vert	up	True	580499	581403	up	(800, 450)	testing
18	ys	f	20	2	circle	none	dif	N_dis	(968, 450)	vert	up	True	582963	583739	up	(800, 450)	testing
18	ys	f	20	2	circle	none	dif	N_dis	(800, 282)	hori	left	True	585247	586027	left	(800, 450)	testing
18	ys	f	20	2	circle	none	dif	N_dis	(968, 450)	hori	left	True	587506	588283	left	(800, 450)	testing
18	ys	f	20	2	diamond	none	same	N_dis	(800, 282)	hori	left	True	589654	590475	left	(800, 450)	testing
18	ys	f	20	2	circle	red	same	(800, 618)	(800, 282)	vert	up	True	591857	592779	up	(800, 450)	testing
18	ys	f	20	2	diamond	none	same	N_dis	(800, 282)	hori	left	True	594264	595179	left	(800, 450)	testing
18	ys	f	20	2	circle	none	dif	N_dis	(800, 618)	hori	left	True	596537	597531	left	(800, 450)	testing
18	ys	f	20	2	diamond	green	dif	(968, 450)	(800, 618)	hori	left	True	599067	600155	left	(800, 450)	testing
18	ys	f	20	2	diamond	green	same	(800, 282)	(968, 450)	hori	left	True	601718	602603	left	(800, 450)	testing
18	ys	f	20	2	diamond	none	dif	N_dis	(800, 282)	vert	up	True	604115	604811	up	(800, 450)	testing
18	ys	f	20	2	diamond	none	dif	N_dis	(632, 450)	hori	left	True	606319	607435	left	(800, 450)	testing
18	ys	f	20	2	circle	none	dif	N_dis	(800, 618)	hori	left	True	608963	609787	left	(800, 450)	testing
18	ys	f	20	2	diamond	green	same	(968, 450)	(632, 450)	hori	left	True	611247	612155	left	(800, 450)	testing
18	ys	f	20	2	circle	green	dif	(800, 618)	(632, 450)	vert	up	True	613518	614587	left	(800, 450)	testing
18	ys	f	20	2	diamond	none	dif	N_dis	(800, 282)	hori	left	True	617598	618507	left	(800, 450)	testing
18	ys	f	20	2	diamond	green	dif	(632, 450)	(968, 450)	hori	left	True	620121	620875	left	(800, 450)	testing
18	ys	f	20	2	circle	green	same	(800, 618)	(968, 450)	vert	up	True	622309	623387	up	(800, 450)	testing
18	ys	f	20	2	circle	none	dif	N_dis	(800, 618)	vert	up	True	625020	625883	up	(800, 450)	testing
18	ys	f	20	2	circle	green	same	(968, 450)	(632, 450)	hori	left	True	627408	628299	left	(800, 450)	testing
18	ys	f	20	2	circle	red	dif	(800, 618)	(800, 282)	hori	left	True	629779	630667	left	(800, 450)	testing
18	ys	f	20	2	circle	red	dif	(800, 618)	(800, 282)	vert	up	True	632310	633371	up	(800, 450)	testing
18	ys	f	20	2	circle	red	dif	(632, 450)	(968, 450)	hori	left	True	634822	635659	left	(800, 450)	testing
18	ys	f	20	2	diamond	none	dif	N_dis	(800, 282)	vert	up	True	637199	638139	up	(800, 450)	testing
18	ys	f	20	2	circle	red	same	(800, 618)	(632, 450)	vert	up	True	639672	640571	up	(800, 450)	testing
18	ys	f	20	2	diamond	red	dif	(968, 450)	(632, 450)	hori	left	True	642138	643083	left	(800, 450)	testing
18	ys	f	20	2	diamond	red	dif	(968, 450)	(632, 450)	hori	left	True	644594	645515	left	(800, 450)	testing
18	ys	f	20	2	diamond	green	dif	(800, 618)	(800, 282)	vert	up	True	647109	648139	up	(800, 450)	testing
18	ys	f	20	2	circle	green	dif	(800, 618)	(800, 282)	hori	left	True	649548	650907	left	(800, 450)	testing
18	ys	f	20	2	circle	none	dif	N_dis	(632, 450)	hori	left	True	652495	653467	left	(800, 450)	testing
18	ys	f	20	2	circle	none	dif	N_dis	(800, 618)	hori	left	True	654893	656171	left	(800, 450)	testing
18	ys	f	20	2	diamond	none	same	N_dis	(800, 618)	hori	left	True	657811	658907	left	(800, 450)	testing
18	ys	f	20	2	circle	red	dif	(800, 618)	(800, 282)	vert	up	True	660551	661451	up	(800, 450)	testing
18	ys	f	20	2	circle	red	same	(800, 282)	(968, 450)	vert	up	True	663055	663867	up	(800, 450)	testing
18	ys	f	20	2	diamond	none	dif	N_dis	(800, 282)	vert	up	True	665394	666363	up	(800, 450)	testing
18	ys	f	20	2	circle	red	same	(632, 450)	(800, 282)	vert	up	True	667747	668539	up	(800, 450)	testing
18	ys	f	20	2	diamond	red	dif	(632, 450)	(800, 282)	vert	up	True	670107	670987	up	(800, 450)	testing
18	ys	f	20	2	circle	red	same	(800, 618)	(632, 450)	vert	up	True	672467	673371	up	(800, 450)	testing
18	ys	f	20	2	diamond	red	same	(968, 450)	(800, 618)	hori	left	True	674931	675867	left	(800, 450)	testing
18	ys	f	20	2	diamond	green	dif	(800, 618)	(632, 450)	vert	up	True	677442	678267	up	(800, 450)	testing
18	ys	f	20	2	diamond	green	same	(632, 450)	(800, 618)	vert	up	True	679877	680667	up	(800, 450)	testing
18	ys	f	20	2	diamond	red	dif	(800, 618)	(968, 450)	hori	left	True	682175	682971	left	(800, 450)	testing
18	ys	f	20	2	circle	red	same	(968, 450)	(800, 618)	hori	left	True	684622	685611	left	(800, 450)	testing
18	ys	f	20	2	circle	red	dif	(632, 450)	(800, 618)	vert	up	True	687009	687835	up	(800, 450)	testing
18	ys	f	20	2	circle	green	dif	(800, 618)	(632, 450)	vert	up	True	689294	690763	up	(800, 450)	testing
18	ys	f	20	2	diamond	green	dif	(632, 450)	(800, 618)	vert	up	True	692177	692971	up	(800, 450)	testing
18	ys	f	20	2	diamond	red	same	(968, 450)	(800, 282)	vert	up	True	694620	695451	up	(800, 450)	testing
18	ys	f	20	2	circle	green	dif	(968, 450)	(800, 618)	hori	left	True	696894	697787	left	(800, 450)	testing
18	ys	f	20	2	circle	red	same	(632, 450)	(800, 282)	vert	up	True	699202	700155	up	(800, 450)	testing
18	ys	f	20	2	diamond	none	same	N_dis	(968, 450)	hori	left	True	701803	702683	left	(800, 450)	testing
18	ys	f	20	2	circle	green	dif	(800, 282)	(632, 450)	hori	left	True	704036	704875	left	(800, 450)	testing
18	ys	f	20	2	circle	green	same	(968, 450)	(632, 450)	vert	up	True	706463	707467	up	(800, 450)	testing
18	ys	f	20	2	diamond	red	dif	(632, 450)	(968, 450)	vert	up	True	709021	709851	up	(800, 450)	testing
18	ys	f	20	2	diamond	red	dif	(968, 450)	(632, 450)	hori	left	True	711349	712187	left	(800, 450)	testing
18	ys	f	20	2	circle	red	same	(800, 618)	(632, 450)	hori	left	True	713624	714667	left	(800, 450)	testing
18	ys	f	20	2	circle	green	dif	(800, 618)	(800, 282)	hori	left	True	716274	717131	left	(800, 450)	testing
18	ys	f	20	2	circle	green	same	(800, 618)	(632, 450)	vert	up	True	718662	719595	up	(800, 450)	testing
18	ys	f	20	2	circle	red	dif	(632, 450)	(800, 618)	hori	left	True	721112	721931	left	(800, 450)	testing
18	ys	f	20	2	circle	green	dif	(800, 618)	(800, 282)	hori	left	True	723499	724283	left	(800, 450)	testing
18	ys	f	20	2	circle	green	dif	(632, 450)	(968, 450)	vert	up	True	725662	726395	up	(800, 450)	testing
18	ys	f	20	2	diamond	none	same	N_dis	(632, 450)	vert	up	True	727849	729595	up	(800, 450)	testing
18	ys	f	20	2	diamond	none	dif	N_dis	(632, 450)	hori	left	True	731207	732459	left	(800, 450)	testing
18	ys	f	20	2	circle	green	dif	(632, 450)	(800, 618)	vert	up	True	734030	734859	up	(800, 450)	testing
18	ys	f	20	2	diamond	none	same	N_dis	(632, 450)	vert	up	True	736294	737291	up	(800, 450)	testing
18	ys	f	20	2	diamond	green	same	(800, 618)	(632, 450)	hori	left	True	738761	740411	left	(800, 450)	testing
18	ys	f	20	2	diamond	none	dif	N_dis	(632, 450)	hori	left	True	741886	742811	left	(800, 450)	testing
18	ys	f	20	2	circle	none	same	N_dis	(800, 618)	vert	up	True	744460	745467	up	(800, 450)	testing
18	ys	f	20	2	diamond	green	dif	(968, 450)	(632, 450)	hori	left	True	747077	748395	left	(800, 450)	testing
18	ys	f	20	2	diamond	green	same	(632, 450)	(800, 282)	vert	up	True	749859	750955	up	(800, 450)	testing
18	ys	f	20	2	diamond	green	same	(800, 618)	(632, 450)	vert	up	True	752409	753403	up	(800, 450)	testing
18	ys	f	20	2	circle	none	same	N_dis	(800, 282)	hori	left	True	754778	755659	left	(800, 450)	testing
18	ys	f	20	2	circle	red	dif	(968, 450)	(800, 618)	hori	left	True	757133	758123	left	(800, 450)	testing
18	ys	f	20	2	diamond	green	dif	(800, 618)	(968, 450)	hori	left	True	759710	760635	left	(800, 450)	testing
18	ys	f	20	2	diamond	red	dif	(968, 450)	(800, 282)	vert	up	True	762235	762987	up	(800, 450)	testing
18	ys	f	20	2	circle	red	same	(800, 618)	(968, 450)	vert	up	True	764363	766363	up	(800, 450)	testing
18	ys	f	20	2	diamond	green	dif	(632, 450)	(800, 618)	vert	up	True	767963	769019	up	(800, 450)	testing
18	ys	f	20	2	circle	green	same	(632, 450)	(800, 282)	vert	up	True	770485	771627	up	(800, 450)	testing
18	ys	f	20	2	circle	none	same	N_dis	(800, 282)	vert	up	True	773258	773995	up	(800, 450)	testing
18	ys	f	20	2	diamond	red	dif	(632, 450)	(968, 450)	hori	left	True	775646	776395	left	(800, 450)	testing
18	ys	f	20	2	diamond	green	same	(800, 618)	(800, 282)	vert	up	True	777851	778907	up	(800, 450)	testing
18	ys	f	20	2	circle	green	dif	(800, 618)	(968, 450)	hori	left	True	780486	781227	left	(800, 450)	testing
18	ys	f	20	2	circle	red	same	(968, 450)	(632, 450)	hori	left	True	782869	783691	left	(800, 450)	testing
18	ys	f	20	2	diamond	none	same	N_dis	(968, 450)	hori	left	True	785102	785755	left	(800, 450)	testing
18	ys	f	20	2	diamond	red	dif	(632, 450)	(968, 450)	vert	up	True	787110	788043	up	(800, 450)	testing
18	ys	f	20	2	diamond	green	dif	(968, 450)	(632, 450)	vert	up	True	789400	790459	up	(800, 450)	testing
18	ys	f	20	2	circle	none	same	N_dis	(968, 450)	vert	up	True	792072	792699	up	(800, 450)	testing
18	ys	f	20	2	diamond	none	dif	N_dis	(800, 618)	vert	up	True	794108	794859	up	(800, 450)	testing
18	ys	f	20	2	diamond	green	same	(800, 618)	(968, 450)	hori	left	True	796506	797307	left	(800, 450)	testing
18	ys	f	20	2	circle	red	same	(800, 282)	(632, 450)	hori	left	True	798824	799947	left	(800, 450)	testing
18	ys	f	20	2	diamond	none	dif	N_dis	(800, 282)	vert	up	True	801510	802219	up	(800, 450)	testing
18	ys	f	20	2	diamond	red	same	(968, 450)	(800, 618)	vert	up	True	803711	804619	up	(800, 450)	testing
18	ys	f	20	2	diamond	red	same	(632, 450)	(968, 450)	hori	left	True	806030	806715	left	(800, 450)	testing
