subj	name	gender	age	runNum	shape	dist	td_dif	d_loc	t_loc	resp	resp_key	gotKey	startTime	respTime	resp	fix_loc	prac
18	ys	f	20	3	circle	none	dif	N_dis	(632, 450)	vert	up	True	47781	48550	up	(800, 450)	testing
18	ys	f	20	3	diamond	green	dif	(800, 282)	(632, 450)	hori	left	True	50004	50950	left	(800, 450)	testing
18	ys	f	20	3	diamond	red	dif	(800, 282)	(800, 618)	hori	left	True	52532	53366	left	(800, 450)	testing
18	ys	f	20	3	diamond	red	same	(800, 282)	(800, 618)	vert	up	True	55017	55910	up	(800, 450)	testing
18	ys	f	20	3	diamond	green	same	(800, 282)	(968, 450)	hori	left	True	57411	58406	left	(800, 450)	testing
18	ys	f	20	3	diamond	none	dif	N_dis	(800, 282)	vert	up	True	59895	60518	up	(800, 450)	testing
18	ys	f	20	3	diamond	none	same	N_dis	(800, 618)	vert	up	True	61990	62742	up	(800, 450)	testing
18	ys	f	20	3	circle	none	dif	N_dis	(800, 618)	vert	up	True	64220	65110	up	(800, 450)	testing
18	ys	f	20	3	circle	none	same	N_dis	(968, 450)	hori	left	True	66738	67462	left	(800, 450)	testing
18	ys	f	20	3	diamond	red	same	(632, 450)	(800, 618)	hori	left	True	68908	70118	left	(800, 450)	testing
18	ys	f	20	3	diamond	none	same	N_dis	(632, 450)	vert	up	True	71645	72342	up	(800, 450)	testing
18	ys	f	20	3	diamond	green	same	(632, 450)	(800, 282)	vert	up	True	73805	74566	up	(800, 450)	testing
18	ys	f	20	3	diamond	red	dif	(632, 450)	(968, 450)	hori	left	True	76054	76726	left	(800, 450)	testing
18	ys	f	20	3	diamond	none	dif	N_dis	(800, 282)	vert	up	True	78223	79110	up	(800, 450)	testing
18	ys	f	20	3	circle	green	same	(800, 282)	(800, 618)	vert	up	True	80696	81638	up	(800, 450)	testing
18	ys	f	20	3	circle	none	dif	N_dis	(968, 450)	hori	left	True	83261	83910	left	(800, 450)	testing
18	ys	f	20	3	circle	red	same	(632, 450)	(800, 282)	hori	left	True	85274	86006	left	(800, 450)	testing
18	ys	f	20	3	circle	none	dif	N_dis	(800, 618)	vert	up	True	87617	88310	up	(800, 450)	testing
18	ys	f	20	3	circle	green	dif	(632, 450)	(800, 618)	vert	up	True	89843	90550	up	(800, 450)	testing
18	ys	f	20	3	circle	none	dif	N_dis	(968, 450)	hori	left	True	92133	92854	left	(800, 450)	testing
18	ys	f	20	3	circle	red	dif	(632, 450)	(968, 450)	hori	left	True	94312	94998	left	(800, 450)	testing
18	ys	f	20	3	diamond	red	dif	(800, 618)	(968, 450)	vert	up	True	96421	97254	up	(800, 450)	testing
18	ys	f	20	3	circle	red	same	(968, 450)	(800, 282)	hori	left	True	98709	99558	left	(800, 450)	testing
18	ys	f	20	3	diamond	red	dif	(800, 282)	(632, 450)	hori	left	True	101153	101942	left	(800, 450)	testing
18	ys	f	20	3	circle	red	dif	(800, 618)	(800, 282)	vert	up	True	103435	104278	up	(800, 450)	testing
18	ys	f	20	3	diamond	green	same	(968, 450)	(800, 282)	vert	up	True	105692	106662	up	(800, 450)	testing
18	ys	f	20	3	diamond	green	same	(800, 282)	(632, 450)	vert	up	True	108226	109158	up	(800, 450)	testing
18	ys	f	20	3	diamond	green	same	(800, 618)	(800, 282)	vert	up	True	110773	111718	up	(800, 450)	testing
18	ys	f	20	3	circle	green	same	(968, 450)	(800, 618)	hori	left	True	113328	114406	left	(800, 450)	testing
18	ys	f	20	3	diamond	red	same	(800, 618)	(632, 450)	vert	up	True	115943	117318	up	(800, 450)	testing
18	ys	f	20	3	diamond	none	same	N_dis	(800, 618)	vert	up	True	118761	119622	up	(800, 450)	testing
18	ys	f	20	3	circle	none	same	N_dis	(968, 450)	vert	up	True	120985	121814	up	(800, 450)	testing
18	ys	f	20	3	circle	green	dif	(800, 618)	(632, 450)	hori	left	True	123434	124598	left	(800, 450)	testing
18	ys	f	20	3	circle	green	same	(968, 450)	(632, 450)	vert	up	True	126227	127142	up	(800, 450)	testing
18	ys	f	20	3	circle	red	dif	(800, 282)	(968, 450)	vert	up	True	128569	129990	up	(800, 450)	testing
18	ys	f	20	3	circle	green	dif	(968, 450)	(800, 618)	hori	left	True	131405	132390	left	(800, 450)	testing
18	ys	f	20	3	circle	green	dif	(800, 618)	(800, 282)	vert	up	True	133867	134966	up	(800, 450)	testing
18	ys	f	20	3	circle	red	same	(632, 450)	(800, 282)	hori	left	True	136447	137974	left	(800, 450)	testing
18	ys	f	20	3	diamond	none	dif	N_dis	(800, 282)	hori	left	True	139479	140278	left	(800, 450)	testing
18	ys	f	20	3	circle	none	same	N_dis	(800, 282)	vert	up	True	141825	142726	up	(800, 450)	testing
18	ys	f	20	3	diamond	green	dif	(800, 282)	(968, 450)	vert	up	True	144345	145158	up	(800, 450)	testing
18	ys	f	20	3	diamond	red	same	(968, 450)	(800, 282)	vert	up	True	146713	147510	up	(800, 450)	testing
18	ys	f	20	3	circle	green	same	(800, 618)	(968, 450)	vert	up	True	149048	149846	up	(800, 450)	testing
18	ys	f	20	3	circle	red	dif	(632, 450)	(968, 450)	vert	up	True	151301	152118	up	(800, 450)	testing
18	ys	f	20	3	diamond	none	same	N_dis	(968, 450)	hori	left	True	153642	154342	left	(800, 450)	testing
18	ys	f	20	3	circle	red	same	(800, 618)	(968, 450)	hori	left	True	155982	156854	left	(800, 450)	testing
18	ys	f	20	3	diamond	green	dif	(632, 450)	(800, 618)	vert	up	True	158291	159174	up	(800, 450)	testing
18	ys	f	20	3	circle	red	dif	(800, 618)	(632, 450)	hori	left	True	160651	161574	left	(800, 450)	testing
18	ys	f	20	3	diamond	red	dif	(968, 450)	(632, 450)	vert	up	True	163131	163974	up	(800, 450)	testing
18	ys	f	20	3	circle	none	same	N_dis	(632, 450)	hori	left	True	165370	166086	left	(800, 450)	testing
18	ys	f	20	3	diamond	none	dif	N_dis	(632, 450)	hori	left	True	167596	168310	left	(800, 450)	testing
18	ys	f	20	3	diamond	green	dif	(632, 450)	(968, 450)	hori	left	True	169789	170758	left	(800, 450)	testing
18	ys	f	20	3	circle	none	same	N_dis	(632, 450)	hori	left	True	172286	173030	left	(800, 450)	testing
18	ys	f	20	3	circle	green	same	(800, 618)	(968, 450)	hori	left	True	174601	175510	left	(800, 450)	testing
18	ys	f	20	3	circle	red	same	(968, 450)	(632, 450)	hori	left	True	177092	178246	left	(800, 450)	testing
18	ys	f	20	3	circle	green	dif	(800, 282)	(968, 450)	hori	left	True	179881	180822	left	(800, 450)	testing
18	ys	f	20	3	diamond	green	dif	(968, 450)	(800, 282)	hori	left	True	182460	183446	left	(800, 450)	testing
18	ys	f	20	3	diamond	none	same	N_dis	(800, 618)	hori	left	True	184880	185734	left	(800, 450)	testing
18	ys	f	20	3	diamond	red	same	(968, 450)	(800, 618)	vert	up	True	187093	188006	up	(800, 450)	testing
18	ys	f	20	3	diamond	none	dif	N_dis	(800, 282)	vert	up	True	189592	190454	up	(800, 450)	testing
18	ys	f	20	3	circle	none	dif	N_dis	(632, 450)	vert	up	True	191913	192806	up	(800, 450)	testing
18	ys	f	20	3	diamond	green	dif	(800, 282)	(632, 450)	hori	left	True	194368	195318	left	(800, 450)	testing
18	ys	f	20	3	diamond	red	dif	(800, 282)	(800, 618)	vert	up	True	196679	197654	up	(800, 450)	testing
18	ys	f	20	3	diamond	red	same	(800, 282)	(800, 618)	vert	up	True	199193	200214	up	(800, 450)	testing
18	ys	f	20	3	diamond	green	same	(800, 282)	(968, 450)	hori	left	True	201773	202614	left	(800, 450)	testing
18	ys	f	20	3	diamond	none	dif	N_dis	(800, 282)	hori	left	True	204131	205030	left	(800, 450)	testing
18	ys	f	20	3	diamond	none	same	N_dis	(800, 618)	vert	up	True	206484	207334	up	(800, 450)	testing
18	ys	f	20	3	circle	none	dif	N_dis	(800, 618)	vert	up	True	208986	209894	up	(800, 450)	testing
18	ys	f	20	3	circle	none	same	N_dis	(968, 450)	vert	up	True	211294	212150	up	(800, 450)	testing
18	ys	f	20	3	diamond	red	same	(632, 450)	(800, 618)	hori	left	True	213697	214694	left	(800, 450)	testing
18	ys	f	20	3	diamond	none	same	N_dis	(632, 450)	vert	up	True	216115	217030	up	(800, 450)	testing
18	ys	f	20	3	diamond	green	same	(632, 450)	(800, 282)	vert	up	True	218651	219638	up	(800, 450)	testing
18	ys	f	20	3	diamond	red	dif	(632, 450)	(968, 450)	hori	left	True	221027	221734	left	(800, 450)	testing
18	ys	f	20	3	diamond	none	dif	N_dis	(800, 282)	hori	left	True	223105	223814	left	(800, 450)	testing
18	ys	f	20	3	circle	green	same	(800, 282)	(800, 618)	vert	up	True	225436	226294	up	(800, 450)	testing
18	ys	f	20	3	circle	none	dif	N_dis	(968, 450)	vert	up	True	227891	228566	up	(800, 450)	testing
18	ys	f	20	3	circle	red	same	(632, 450)	(800, 282)	hori	left	True	230184	231078	left	(800, 450)	testing
18	ys	f	20	3	circle	none	dif	N_dis	(800, 618)	hori	left	True	232493	233334	left	(800, 450)	testing
18	ys	f	20	3	circle	green	dif	(632, 450)	(800, 618)	vert	up	True	234836	235574	up	(800, 450)	testing
18	ys	f	20	3	circle	none	dif	N_dis	(968, 450)	hori	left	True	237143	237830	left	(800, 450)	testing
18	ys	f	20	3	circle	red	dif	(632, 450)	(968, 450)	hori	left	True	239376	240134	left	(800, 450)	testing
18	ys	f	20	3	diamond	red	dif	(800, 618)	(968, 450)	hori	left	True	241729	242854	left	(800, 450)	testing
18	ys	f	20	3	circle	red	same	(968, 450)	(800, 282)	hori	left	True	244358	245222	left	(800, 450)	testing
18	ys	f	20	3	diamond	red	dif	(800, 282)	(632, 450)	vert	up	True	246836	247878	up	(800, 450)	testing
18	ys	f	20	3	circle	red	dif	(800, 618)	(800, 282)	vert	up	True	249501	250486	up	(800, 450)	testing
18	ys	f	20	3	diamond	green	same	(968, 450)	(800, 282)	vert	up	True	251985	252822	up	(800, 450)	testing
18	ys	f	20	3	diamond	green	same	(800, 282)	(632, 450)	hori	left	True	254272	255190	left	(800, 450)	testing
18	ys	f	20	3	diamond	green	same	(800, 618)	(800, 282)	hori	left	True	256755	257542	left	(800, 450)	testing
18	ys	f	20	3	circle	green	same	(968, 450)	(800, 618)	hori	left	True	259097	259958	left	(800, 450)	testing
18	ys	f	20	3	diamond	red	same	(800, 618)	(632, 450)	vert	up	True	261482	262374	up	(800, 450)	testing
18	ys	f	20	3	diamond	none	same	N_dis	(800, 618)	hori	left	True	263832	264582	left	(800, 450)	testing
18	ys	f	20	3	circle	none	same	N_dis	(968, 450)	vert	up	True	266173	266998	up	(800, 450)	testing
18	ys	f	20	3	circle	green	dif	(800, 618)	(632, 450)	vert	up	True	268444	269286	left	(800, 450)	testing
18	ys	f	20	3	circle	green	same	(968, 450)	(632, 450)	hori	left	True	272201	273254	left	(800, 450)	testing
18	ys	f	20	3	circle	red	dif	(800, 282)	(968, 450)	hori	left	True	274842	275798	left	(800, 450)	testing
18	ys	f	20	3	circle	green	dif	(968, 450)	(800, 618)	hori	left	True	277158	278118	left	(800, 450)	testing
18	ys	f	20	3	circle	green	dif	(800, 618)	(800, 282)	vert	up	True	279505	280278	up	(800, 450)	testing
18	ys	f	20	3	circle	red	same	(632, 450)	(800, 282)	hori	left	True	281811	282662	left	(800, 450)	testing
18	ys	f	20	3	diamond	none	dif	N_dis	(800, 282)	vert	up	True	284090	284854	up	(800, 450)	testing
18	ys	f	20	3	circle	none	same	N_dis	(800, 282)	hori	left	True	286400	287142	left	(800, 450)	testing
18	ys	f	20	3	diamond	green	dif	(800, 282)	(968, 450)	hori	left	True	288769	289526	left	(800, 450)	testing
18	ys	f	20	3	diamond	red	same	(968, 450)	(800, 282)	hori	left	True	290937	291750	left	(800, 450)	testing
18	ys	f	20	3	circle	green	same	(800, 618)	(968, 450)	hori	left	True	293160	294134	left	(800, 450)	testing
18	ys	f	20	3	circle	red	dif	(632, 450)	(968, 450)	vert	up	True	295690	296326	up	(800, 450)	testing
18	ys	f	20	3	diamond	none	same	N_dis	(968, 450)	hori	left	True	297867	298886	left	(800, 450)	testing
18	ys	f	20	3	circle	red	same	(800, 618)	(968, 450)	vert	up	True	300268	301334	up	(800, 450)	testing
18	ys	f	20	3	diamond	green	dif	(632, 450)	(800, 618)	hori	left	True	302910	303862	left	(800, 450)	testing
18	ys	f	20	3	circle	red	dif	(800, 618)	(632, 450)	hori	left	True	305238	306038	left	(800, 450)	testing
18	ys	f	20	3	diamond	red	dif	(968, 450)	(632, 450)	hori	left	True	307585	308390	left	(800, 450)	testing
18	ys	f	20	3	circle	none	same	N_dis	(632, 450)	hori	left	True	309942	310758	left	(800, 450)	testing
18	ys	f	20	3	diamond	none	dif	N_dis	(632, 450)	hori	left	True	312149	313030	left	(800, 450)	testing
18	ys	f	20	3	diamond	green	dif	(632, 450)	(968, 450)	vert	up	True	314539	315302	up	(800, 450)	testing
18	ys	f	20	3	circle	none	same	N_dis	(632, 450)	vert	up	True	316811	317654	up	(800, 450)	testing
18	ys	f	20	3	circle	green	same	(800, 618)	(968, 450)	hori	left	True	319019	319782	left	(800, 450)	testing
18	ys	f	20	3	circle	red	same	(968, 450)	(632, 450)	hori	left	True	321262	322022	left	(800, 450)	testing
18	ys	f	20	3	circle	green	dif	(800, 282)	(968, 450)	hori	left	True	323550	324214	left	(800, 450)	testing
18	ys	f	20	3	diamond	green	dif	(968, 450)	(800, 282)	vert	up	True	325852	326774	up	(800, 450)	testing
18	ys	f	20	3	diamond	none	same	N_dis	(800, 618)	vert	up	True	328307	329126	up	(800, 450)	testing
18	ys	f	20	3	diamond	red	same	(968, 450)	(800, 618)	vert	up	True	330687	331926	up	(800, 450)	testing
18	ys	f	20	3	diamond	none	dif	N_dis	(800, 282)	hori	left	True	333528	334278	left	(800, 450)	testing
18	ys	f	20	3	circle	none	dif	N_dis	(632, 450)	vert	up	True	335728	336678	up	(800, 450)	testing
18	ys	f	20	3	diamond	green	dif	(800, 282)	(632, 450)	hori	left	True	338294	339638	left	(800, 450)	testing
18	ys	f	20	3	diamond	red	dif	(800, 282)	(800, 618)	hori	left	True	341267	342198	left	(800, 450)	testing
18	ys	f	20	3	diamond	red	same	(800, 282)	(800, 618)	vert	up	True	343607	344566	up	(800, 450)	testing
18	ys	f	20	3	diamond	green	same	(800, 282)	(968, 450)	hori	left	True	346066	347142	left	(800, 450)	testing
18	ys	f	20	3	diamond	none	dif	N_dis	(800, 282)	hori	left	True	348736	349574	left	(800, 450)	testing
18	ys	f	20	3	diamond	none	same	N_dis	(800, 618)	hori	left	True	351115	352070	left	(800, 450)	testing
18	ys	f	20	3	circle	none	dif	N_dis	(800, 618)	hori	left	True	353692	354630	left	(800, 450)	testing
18	ys	f	20	3	circle	none	same	N_dis	(968, 450)	vert	up	True	356132	356886	up	(800, 450)	testing
18	ys	f	20	3	diamond	red	same	(632, 450)	(800, 618)	vert	up	True	358424	359814	up	(800, 450)	testing
18	ys	f	20	3	diamond	none	same	N_dis	(632, 450)	vert	up	True	361335	362086	up	(800, 450)	testing
18	ys	f	20	3	diamond	green	same	(632, 450)	(800, 282)	hori	left	True	363591	364342	left	(800, 450)	testing
18	ys	f	20	3	diamond	red	dif	(632, 450)	(968, 450)	hori	left	True	365992	366806	left	(800, 450)	testing
18	ys	f	20	3	diamond	none	dif	N_dis	(800, 282)	hori	left	True	368359	369286	left	(800, 450)	testing
18	ys	f	20	3	circle	green	same	(800, 282)	(800, 618)	vert	up	True	370796	372102	up	(800, 450)	testing
18	ys	f	20	3	circle	none	dif	N_dis	(968, 450)	vert	up	True	373555	374294	up	(800, 450)	testing
18	ys	f	20	3	circle	red	same	(632, 450)	(800, 282)	hori	left	True	375825	376646	left	(800, 450)	testing
18	ys	f	20	3	circle	none	dif	N_dis	(800, 618)	hori	left	True	378046	378806	left	(800, 450)	testing
18	ys	f	20	3	circle	green	dif	(632, 450)	(800, 618)	hori	left	True	380239	381190	left	(800, 450)	testing
18	ys	f	20	3	circle	none	dif	N_dis	(968, 450)	hori	left	True	382823	383558	left	(800, 450)	testing
18	ys	f	20	3	circle	red	dif	(632, 450)	(968, 450)	hori	left	True	385054	385990	left	(800, 450)	testing
18	ys	f	20	3	diamond	red	dif	(800, 618)	(968, 450)	hori	left	True	387559	388598	left	(800, 450)	testing
18	ys	f	20	3	circle	red	same	(968, 450)	(800, 282)	vert	up	True	390109	390854	up	(800, 450)	testing
18	ys	f	20	3	diamond	red	dif	(800, 282)	(632, 450)	hori	left	True	392489	393382	left	(800, 450)	testing
18	ys	f	20	3	circle	red	dif	(800, 618)	(800, 282)	hori	left	True	394872	395894	left	(800, 450)	testing
18	ys	f	20	3	diamond	green	same	(968, 450)	(800, 282)	hori	left	True	397393	398342	left	(800, 450)	testing
18	ys	f	20	3	diamond	green	same	(800, 282)	(632, 450)	vert	up	True	399858	400998	up	(800, 450)	testing
18	ys	f	20	3	diamond	green	same	(800, 618)	(800, 282)	hori	left	True	402619	403638	left	(800, 450)	testing
18	ys	f	20	3	circle	green	same	(968, 450)	(800, 618)	vert	up	True	405229	406230	up	(800, 450)	testing
18	ys	f	20	3	diamond	red	same	(800, 618)	(632, 450)	hori	left	True	407721	408502	left	(800, 450)	testing
18	ys	f	20	3	diamond	none	same	N_dis	(800, 618)	vert	up	True	409946	410710	up	(800, 450)	testing
18	ys	f	20	3	circle	none	same	N_dis	(968, 450)	vert	up	True	412291	413046	up	(800, 450)	testing
18	ys	f	20	3	circle	green	dif	(800, 618)	(632, 450)	hori	left	True	414512	415398	left	(800, 450)	testing
18	ys	f	20	3	circle	green	same	(968, 450)	(632, 450)	vert	up	True	417037	418374	up	(800, 450)	testing
18	ys	f	20	3	circle	red	dif	(800, 282)	(968, 450)	hori	left	True	419886	421430	left	(800, 450)	testing
18	ys	f	20	3	circle	green	dif	(968, 450)	(800, 618)	hori	left	True	422801	423958	left	(800, 450)	testing
18	ys	f	20	3	circle	green	dif	(800, 618)	(800, 282)	vert	up	True	425401	427094	up	(800, 450)	testing
18	ys	f	20	3	circle	red	same	(632, 450)	(800, 282)	vert	up	True	428654	429526	up	(800, 450)	testing
18	ys	f	20	3	diamond	none	dif	N_dis	(800, 282)	vert	up	True	430895	431814	up	(800, 450)	testing
18	ys	f	20	3	circle	none	same	N_dis	(800, 282)	vert	up	True	433352	434294	up	(800, 450)	testing
18	ys	f	20	3	diamond	green	dif	(800, 282)	(968, 450)	vert	up	True	435717	436758	up	(800, 450)	testing
18	ys	f	20	3	diamond	red	same	(968, 450)	(800, 282)	vert	up	True	438252	439062	up	(800, 450)	testing
18	ys	f	20	3	circle	green	same	(800, 618)	(968, 450)	vert	up	True	440499	441542	up	(800, 450)	testing
18	ys	f	20	3	circle	red	dif	(632, 450)	(968, 450)	vert	up	True	443052	443638	up	(800, 450)	testing
18	ys	f	20	3	diamond	none	same	N_dis	(968, 450)	hori	left	True	445187	446054	left	(800, 450)	testing
18	ys	f	20	3	circle	red	same	(800, 618)	(968, 450)	hori	left	True	447563	448550	left	(800, 450)	testing
18	ys	f	20	3	diamond	green	dif	(632, 450)	(800, 618)	hori	left	True	449907	451030	left	(800, 450)	testing
18	ys	f	20	3	circle	red	dif	(800, 618)	(632, 450)	vert	up	True	452656	453622	up	(800, 450)	testing
18	ys	f	20	3	diamond	red	dif	(968, 450)	(632, 450)	vert	up	True	455034	455926	up	(800, 450)	testing
18	ys	f	20	3	circle	none	same	N_dis	(632, 450)	vert	up	True	457472	458358	up	(800, 450)	testing
18	ys	f	20	3	diamond	none	dif	N_dis	(632, 450)	vert	up	True	459829	460630	up	(800, 450)	testing
18	ys	f	20	3	diamond	green	dif	(632, 450)	(968, 450)	hori	left	True	462226	463062	left	(800, 450)	testing
18	ys	f	20	3	circle	none	same	N_dis	(632, 450)	vert	up	True	464557	465350	up	(800, 450)	testing
18	ys	f	20	3	circle	green	same	(800, 618)	(968, 450)	hori	left	True	466901	467750	left	(800, 450)	testing
18	ys	f	20	3	circle	red	same	(968, 450)	(632, 450)	hori	left	True	469191	469894	left	(800, 450)	testing
18	ys	f	20	3	circle	green	dif	(800, 282)	(968, 450)	vert	up	True	471464	472198	up	(800, 450)	testing
18	ys	f	20	3	diamond	green	dif	(968, 450)	(800, 282)	vert	up	True	473625	474438	up	(800, 450)	testing
18	ys	f	20	3	diamond	none	same	N_dis	(800, 618)	vert	up	True	475938	476726	up	(800, 450)	testing
18	ys	f	20	3	diamond	red	same	(968, 450)	(800, 618)	vert	up	True	478357	479110	up	(800, 450)	testing
18	ys	f	20	3	diamond	none	dif	N_dis	(800, 282)	hori	left	True	480673	481366	left	(800, 450)	testing
18	ys	f	20	3	circle	none	dif	N_dis	(632, 450)	hori	left	True	482876	483606	left	(800, 450)	testing
18	ys	f	20	3	diamond	green	dif	(800, 282)	(632, 450)	vert	up	True	485219	486102	up	(800, 450)	testing
18	ys	f	20	3	diamond	red	dif	(800, 282)	(800, 618)	vert	up	True	487725	488358	up	(800, 450)	testing
18	ys	f	20	3	diamond	red	same	(800, 282)	(800, 618)	hori	left	True	489902	490822	left	(800, 450)	testing
18	ys	f	20	3	diamond	green	same	(800, 282)	(968, 450)	vert	up	True	492424	493126	up	(800, 450)	testing
18	ys	f	20	3	diamond	none	dif	N_dis	(800, 282)	hori	left	True	494717	495382	left	(800, 450)	testing
18	ys	f	20	3	diamond	none	same	N_dis	(800, 618)	vert	up	True	496804	497446	up	(800, 450)	testing
18	ys	f	20	3	circle	none	dif	N_dis	(800, 618)	hori	left	True	498924	499638	left	(800, 450)	testing
18	ys	f	20	3	circle	none	same	N_dis	(968, 450)	hori	left	True	501251	501862	left	(800, 450)	testing
18	ys	f	20	3	diamond	red	same	(632, 450)	(800, 618)	hori	left	True	503446	504278	left	(800, 450)	testing
18	ys	f	20	3	diamond	none	same	N_dis	(632, 450)	vert	up	True	505870	506518	up	(800, 450)	testing
18	ys	f	20	3	diamond	green	same	(632, 450)	(800, 282)	hori	left	True	508027	508886	left	(800, 450)	testing
18	ys	f	20	3	diamond	red	dif	(632, 450)	(968, 450)	hori	left	True	510328	510998	left	(800, 450)	testing
18	ys	f	20	3	diamond	none	dif	N_dis	(800, 282)	hori	left	True	512453	513606	left	(800, 450)	testing
18	ys	f	20	3	circle	green	same	(800, 282)	(800, 618)	vert	up	True	515124	516262	up	(800, 450)	testing
18	ys	f	20	3	circle	none	dif	N_dis	(968, 450)	vert	up	True	517697	518518	up	(800, 450)	testing
18	ys	f	20	3	circle	red	same	(632, 450)	(800, 282)	hori	left	True	519999	520790	left	(800, 450)	testing
18	ys	f	20	3	circle	none	dif	N_dis	(800, 618)	vert	up	True	522209	522918	up	(800, 450)	testing
18	ys	f	20	3	circle	green	dif	(632, 450)	(800, 618)	hori	left	True	524495	525286	left	(800, 450)	testing
18	ys	f	20	3	circle	none	dif	N_dis	(968, 450)	hori	left	True	526750	527334	left	(800, 450)	testing
18	ys	f	20	3	circle	red	dif	(632, 450)	(968, 450)	hori	left	True	528762	529398	left	(800, 450)	testing
18	ys	f	20	3	diamond	red	dif	(800, 618)	(968, 450)	hori	left	True	530986	531766	left	(800, 450)	testing
18	ys	f	20	3	circle	red	same	(968, 450)	(800, 282)	hori	left	True	533213	534118	left	(800, 450)	testing
18	ys	f	20	3	diamond	red	dif	(800, 282)	(632, 450)	hori	left	True	535534	536294	left	(800, 450)	testing
18	ys	f	20	3	circle	red	dif	(800, 618)	(800, 282)	hori	left	True	537744	538486	left	(800, 450)	testing
18	ys	f	20	3	diamond	green	same	(968, 450)	(800, 282)	hori	left	True	539860	540822	left	(800, 450)	testing
18	ys	f	20	3	diamond	green	same	(800, 282)	(632, 450)	vert	up	True	542359	543222	up	(800, 450)	testing
18	ys	f	20	3	diamond	green	same	(800, 618)	(800, 282)	hori	left	True	544780	545958	left	(800, 450)	testing
18	ys	f	20	3	circle	green	same	(968, 450)	(800, 618)	hori	left	True	547327	548214	left	(800, 450)	testing
18	ys	f	20	3	diamond	red	same	(800, 618)	(632, 450)	hori	left	True	549586	550486	left	(800, 450)	testing
18	ys	f	20	3	diamond	none	same	N_dis	(800, 618)	vert	up	True	552002	552758	up	(800, 450)	testing
18	ys	f	20	3	circle	none	same	N_dis	(968, 450)	vert	up	True	554369	555046	up	(800, 450)	testing
18	ys	f	20	3	circle	green	dif	(800, 618)	(632, 450)	hori	left	True	556695	557654	left	(800, 450)	testing
18	ys	f	20	3	circle	green	same	(968, 450)	(632, 450)	vert	up	True	559243	560214	up	(800, 450)	testing
18	ys	f	20	3	circle	red	dif	(800, 282)	(968, 450)	hori	left	True	561803	562342	left	(800, 450)	testing
18	ys	f	20	3	circle	green	dif	(968, 450)	(800, 618)	vert	up	True	563838	564614	up	(800, 450)	testing
18	ys	f	20	3	circle	green	dif	(800, 618)	(800, 282)	vert	up	True	566118	567110	up	(800, 450)	testing
18	ys	f	20	3	circle	red	same	(632, 450)	(800, 282)	hori	left	True	568703	569430	left	(800, 450)	testing
18	ys	f	20	3	diamond	none	dif	N_dis	(800, 282)	vert	up	True	570846	571526	up	(800, 450)	testing
18	ys	f	20	3	circle	none	same	N_dis	(800, 282)	vert	up	True	572994	573558	up	(800, 450)	testing
18	ys	f	20	3	diamond	green	dif	(800, 282)	(968, 450)	vert	up	True	575046	576038	up	(800, 450)	testing
18	ys	f	20	3	diamond	red	same	(968, 450)	(800, 282)	hori	left	True	577629	578310	left	(800, 450)	testing
18	ys	f	20	3	circle	green	same	(800, 618)	(968, 450)	vert	up	True	579672	580646	up	(800, 450)	testing
18	ys	f	20	3	circle	red	dif	(632, 450)	(968, 450)	vert	up	True	582005	582598	up	(800, 450)	testing
18	ys	f	20	3	diamond	none	same	N_dis	(968, 450)	hori	left	True	583958	584822	left	(800, 450)	testing
18	ys	f	20	3	circle	red	same	(800, 618)	(968, 450)	hori	left	True	586194	586870	left	(800, 450)	testing
18	ys	f	20	3	diamond	green	dif	(632, 450)	(800, 618)	vert	up	True	588230	588966	up	(800, 450)	testing
18	ys	f	20	3	circle	red	dif	(800, 618)	(632, 450)	hori	left	True	590321	591014	up	(800, 450)	testing
18	ys	f	20	3	diamond	red	dif	(968, 450)	(632, 450)	hori	left	True	593877	594710	left	(800, 450)	testing
18	ys	f	20	3	circle	none	same	N_dis	(632, 450)	vert	up	True	596353	597318	up	(800, 450)	testing
18	ys	f	20	3	diamond	none	dif	N_dis	(632, 450)	hori	left	True	598686	599494	left	(800, 450)	testing
18	ys	f	20	3	diamond	green	dif	(632, 450)	(968, 450)	hori	left	True	600983	601638	left	(800, 450)	testing
18	ys	f	20	3	circle	none	same	N_dis	(632, 450)	vert	up	True	602996	603750	up	(800, 450)	testing
18	ys	f	20	3	circle	green	same	(800, 618)	(968, 450)	hori	left	True	605339	606118	left	(800, 450)	testing
18	ys	f	20	3	circle	red	same	(968, 450)	(632, 450)	vert	up	True	607619	608742	up	(800, 450)	testing
18	ys	f	20	3	circle	green	dif	(800, 282)	(968, 450)	vert	up	True	610149	610966	left	(800, 450)	testing
18	ys	f	20	3	diamond	green	dif	(968, 450)	(800, 282)	vert	up	True	613959	614758	up	(800, 450)	testing
18	ys	f	20	3	diamond	none	same	N_dis	(800, 618)	hori	left	True	616243	617094	left	(800, 450)	testing
18	ys	f	20	3	diamond	red	same	(968, 450)	(800, 618)	hori	left	True	618717	619622	left	(800, 450)	testing
18	ys	f	20	3	diamond	none	dif	N_dis	(800, 282)	vert	up	True	621157	621862	up	(800, 450)	testing
18	ys	f	20	3	circle	none	dif	N_dis	(632, 450)	hori	left	True	623420	624278	left	(800, 450)	testing
18	ys	f	20	3	diamond	green	dif	(800, 282)	(632, 450)	hori	left	True	625710	626630	left	(800, 450)	testing
18	ys	f	20	3	diamond	red	dif	(800, 282)	(800, 618)	hori	left	True	628034	628886	left	(800, 450)	testing
18	ys	f	20	3	diamond	red	same	(800, 282)	(800, 618)	hori	left	True	630282	631014	left	(800, 450)	testing
18	ys	f	20	3	diamond	green	same	(800, 282)	(968, 450)	hori	left	True	632665	633542	left	(800, 450)	testing
18	ys	f	20	3	diamond	none	dif	N_dis	(800, 282)	hori	left	True	635052	635990	left	(800, 450)	testing
18	ys	f	20	3	diamond	none	same	N_dis	(800, 618)	hori	left	True	637538	638438	left	(800, 450)	testing
18	ys	f	20	3	circle	none	dif	N_dis	(800, 618)	hori	left	True	639819	640486	left	(800, 450)	testing
18	ys	f	20	3	circle	none	same	N_dis	(968, 450)	hori	left	True	641841	642534	left	(800, 450)	testing
18	ys	f	20	3	diamond	red	same	(632, 450)	(800, 618)	vert	up	True	644039	644806	up	(800, 450)	testing
18	ys	f	20	3	diamond	none	same	N_dis	(632, 450)	vert	up	True	646360	647318	up	(800, 450)	testing
18	ys	f	20	3	diamond	green	same	(632, 450)	(800, 282)	vert	up	True	648841	649574	up	(800, 450)	testing
18	ys	f	20	3	diamond	red	dif	(632, 450)	(968, 450)	vert	up	True	651197	651894	up	(800, 450)	testing
18	ys	f	20	3	diamond	none	dif	N_dis	(800, 282)	hori	left	True	653303	654166	left	(800, 450)	testing
18	ys	f	20	3	circle	green	same	(800, 282)	(800, 618)	hori	left	True	655803	656758	left	(800, 450)	testing
18	ys	f	20	3	circle	none	dif	N_dis	(968, 450)	hori	left	True	658219	658950	left	(800, 450)	testing
18	ys	f	20	3	circle	red	same	(632, 450)	(800, 282)	vert	up	True	660357	661062	up	(800, 450)	testing
18	ys	f	20	3	circle	none	dif	N_dis	(800, 618)	vert	up	True	662420	663206	up	(800, 450)	testing
18	ys	f	20	3	circle	green	dif	(632, 450)	(800, 618)	vert	up	True	664794	665590	up	(800, 450)	testing
18	ys	f	20	3	circle	none	dif	N_dis	(968, 450)	hori	left	True	667174	667878	left	(800, 450)	testing
18	ys	f	20	3	circle	red	dif	(632, 450)	(968, 450)	vert	up	True	669252	669958	up	(800, 450)	testing
18	ys	f	20	3	diamond	red	dif	(800, 618)	(968, 450)	hori	left	True	671456	672374	left	(800, 450)	testing
18	ys	f	20	3	circle	red	same	(968, 450)	(800, 282)	hori	left	True	673944	674838	left	(800, 450)	testing
18	ys	f	20	3	diamond	red	dif	(800, 282)	(632, 450)	hori	left	True	676225	677238	left	(800, 450)	testing
18	ys	f	20	3	circle	red	dif	(800, 618)	(800, 282)	hori	left	True	678729	679510	left	(800, 450)	testing
18	ys	f	20	3	diamond	green	same	(968, 450)	(800, 282)	vert	up	True	681098	682182	up	(800, 450)	testing
18	ys	f	20	3	diamond	green	same	(800, 282)	(632, 450)	hori	left	True	683676	684854	left	(800, 450)	testing
18	ys	f	20	3	diamond	green	same	(800, 618)	(800, 282)	vert	up	True	686399	687222	up	(800, 450)	testing
18	ys	f	20	3	circle	green	same	(968, 450)	(800, 618)	hori	left	True	688783	689702	left	(800, 450)	testing
18	ys	f	20	3	diamond	red	same	(800, 618)	(632, 450)	vert	up	True	691276	692150	up	(800, 450)	testing
18	ys	f	20	3	diamond	none	same	N_dis	(800, 618)	vert	up	True	693683	694358	up	(800, 450)	testing
18	ys	f	20	3	circle	none	same	N_dis	(968, 450)	vert	up	True	695977	696742	up	(800, 450)	testing
18	ys	f	20	3	circle	green	dif	(800, 618)	(632, 450)	hori	left	True	698244	699030	left	(800, 450)	testing
18	ys	f	20	3	circle	green	same	(968, 450)	(632, 450)	hori	left	True	700475	701462	left	(800, 450)	testing
18	ys	f	20	3	circle	red	dif	(800, 282)	(968, 450)	vert	up	True	702975	703638	up	(800, 450)	testing
18	ys	f	20	3	circle	green	dif	(968, 450)	(800, 618)	hori	left	True	705064	706022	left	(800, 450)	testing
18	ys	f	20	3	circle	green	dif	(800, 618)	(800, 282)	vert	up	True	707570	708646	up	(800, 450)	testing
18	ys	f	20	3	circle	red	same	(632, 450)	(800, 282)	vert	up	True	710176	710918	up	(800, 450)	testing
18	ys	f	20	3	diamond	none	dif	N_dis	(800, 282)	vert	up	True	712473	713462	up	(800, 450)	testing
18	ys	f	20	3	circle	none	same	N_dis	(800, 282)	hori	left	True	714913	715846	left	(800, 450)	testing
18	ys	f	20	3	diamond	green	dif	(800, 282)	(968, 450)	hori	left	True	717324	718134	left	(800, 450)	testing
18	ys	f	20	3	diamond	red	same	(968, 450)	(800, 282)	hori	left	True	719768	720534	left	(800, 450)	testing
18	ys	f	20	3	circle	green	same	(800, 618)	(968, 450)	vert	up	True	721922	722662	up	(800, 450)	testing
18	ys	f	20	3	circle	red	dif	(632, 450)	(968, 450)	vert	up	True	724124	724822	up	(800, 450)	testing
18	ys	f	20	3	diamond	none	same	N_dis	(968, 450)	vert	up	True	726207	726886	up	(800, 450)	testing
18	ys	f	20	3	circle	red	same	(800, 618)	(968, 450)	hori	left	True	728248	728982	left	(800, 450)	testing
18	ys	f	20	3	diamond	green	dif	(632, 450)	(800, 618)	hori	left	True	730394	731318	left	(800, 450)	testing
18	ys	f	20	3	circle	red	dif	(800, 618)	(632, 450)	hori	left	True	732687	733622	left	(800, 450)	testing
18	ys	f	20	3	diamond	red	dif	(968, 450)	(632, 450)	hori	left	True	735215	736102	left	(800, 450)	testing
18	ys	f	20	3	circle	none	same	N_dis	(632, 450)	hori	left	True	737718	738518	left	(800, 450)	testing
18	ys	f	20	3	diamond	none	dif	N_dis	(632, 450)	vert	up	True	740150	741542	up	(800, 450)	testing
18	ys	f	20	3	diamond	green	dif	(632, 450)	(968, 450)	vert	up	True	743179	743974	up	(800, 450)	testing
18	ys	f	20	3	circle	none	same	N_dis	(632, 450)	vert	up	True	745375	746150	up	(800, 450)	testing
18	ys	f	20	3	circle	green	same	(800, 618)	(968, 450)	hori	left	True	747567	748278	left	(800, 450)	testing
18	ys	f	20	3	circle	red	same	(968, 450)	(632, 450)	hori	left	True	749805	750694	left	(800, 450)	testing
18	ys	f	20	3	circle	green	dif	(800, 282)	(968, 450)	vert	up	True	752344	753030	up	(800, 450)	testing
18	ys	f	20	3	diamond	green	dif	(968, 450)	(800, 282)	hori	left	True	754658	755510	left	(800, 450)	testing
18	ys	f	20	3	diamond	none	same	N_dis	(800, 618)	vert	up	True	756938	757718	up	(800, 450)	testing
18	ys	f	20	3	diamond	red	same	(968, 450)	(800, 618)	vert	up	True	759357	760182	up	(800, 450)	testing
18	ys	f	20	3	diamond	none	dif	N_dis	(800, 282)	vert	up	True	761705	762374	up	(800, 450)	testing
conf	18	ys	f	20	3	6	4	2	8	space	None	None	None	None	None	True	858865	874294	3
