subj	name	gender	age	runNum	shape	dist	td_dif	d_loc	t_loc	resp	resp_key	gotKey	startTime	respTime	resp	fix_loc	prac
18	ys	f	20	1	diamond	none	dif	N_dis	(968, 450)	vert	up	True	89162	89913	up	(800, 450)	practice
18	ys	f	20	1	circle	none	dif	N_dis	(800, 282)	vert	up	True	91327	92057	up	(800, 450)	practice
18	ys	f	20	1	diamond	none	same	N_dis	(800, 618)	vert	up	True	93528	94569	up	(800, 450)	practice
18	ys	f	20	1	diamond	red	dif	(800, 282)	(968, 450)	vert	up	True	95973	96841	left	(800, 450)	practice
18	ys	f	20	1	circle	none	dif	N_dis	(800, 282)	hori	left	True	99864	101033	left	(800, 450)	practice
18	ys	f	20	1	diamond	none	dif	N_dis	(800, 282)	vert	up	True	102492	103465	up	(800, 450)	practice
18	ys	f	20	1	diamond	green	dif	(800, 282)	(632, 450)	vert	up	True	105085	105785	left	(800, 450)	practice
18	ys	f	20	1	diamond	green	dif	(800, 282)	(800, 618)	vert	up	True	108908	110393	left	(800, 450)	practice
18	ys	f	20	1	circle	red	dif	(800, 282)	(968, 450)	vert	up	True	113457	114281	left	(800, 450)	practice
18	ys	f	20	1	diamond	none	dif	N_dis	(968, 450)	hori	left	True	117234	119065	left	(800, 450)	practice
18	ys	f	20	1	diamond	green	dif	(800, 282)	(632, 450)	vert	up	True	120587	121513	left	(800, 450)	practice
18	ys	f	20	1	circle	red	dif	(800, 282)	(800, 618)	vert	up	True	124463	125513	up	(800, 450)	practice
18	ys	f	20	1	diamond	red	dif	(800, 282)	(968, 450)	hori	left	True	126934	128265	left	(800, 450)	practice
18	ys	f	20	1	diamond	red	same	(800, 282)	(632, 450)	vert	up	True	129763	131081	up	(800, 450)	practice
18	ys	f	20	1	circle	none	same	N_dis	(800, 282)	vert	up	True	132628	133737	up	(800, 450)	practice
18	ys	f	20	1	circle	none	dif	N_dis	(968, 450)	vert	up	True	135206	136217	up	(800, 450)	practice
18	ys	f	20	1	circle	green	same	(800, 282)	(800, 618)	vert	up	True	137836	139481	up	(800, 450)	practice
18	ys	f	20	1	diamond	red	same	(800, 282)	(968, 450)	vert	up	True	140854	142121	up	(800, 450)	practice
18	ys	f	20	1	diamond	green	dif	(800, 282)	(632, 450)	vert	up	True	143613	144841	left	(800, 450)	practice
18	ys	f	20	1	circle	green	same	(800, 282)	(800, 618)	vert	up	True	147973	149833	up	(800, 450)	practice
18	ys	f	20	1	diamond	green	dif	(800, 282)	(968, 450)	vert	up	True	151414	152489	up	(800, 450)	practice
18	ys	f	20	1	diamond	red	dif	(800, 282)	(632, 450)	hori	left	True	154102	155225	left	(800, 450)	practice
18	ys	f	20	1	diamond	none	same	N_dis	(800, 282)	vert	up	True	156671	157705	up	(800, 450)	practice
18	ys	f	20	1	circle	none	same	N_dis	(800, 282)	vert	up	True	159142	160073	up	(800, 450)	practice
18	ys	f	20	1	circle	none	same	N_dis	(632, 450)	hori	left	True	161502	162601	left	(800, 450)	practice
18	ys	f	20	1	circle	green	same	(800, 282)	(800, 618)	hori	left	True	164026	165689	left	(800, 450)	practice
18	ys	f	20	1	diamond	none	dif	N_dis	(800, 282)	hori	left	True	167057	168265	left	(800, 450)	practice
18	ys	f	20	1	diamond	none	same	N_dis	(800, 618)	vert	up	True	169693	171561	up	(800, 450)	practice
18	ys	f	20	1	diamond	green	dif	(800, 282)	(968, 450)	vert	up	True	172991	174457	left	(800, 450)	practice
18	ys	f	20	1	circle	green	same	(800, 282)	(632, 450)	vert	up	True	177548	178969	up	(800, 450)	practice
18	ys	f	20	1	diamond	none	same	N_dis	(800, 282)	hori	left	True	180350	182473	left	(800, 450)	practice
18	ys	f	20	1	diamond	none	dif	N_dis	(632, 450)	hori	left	True	183887	185001	left	(800, 450)	practice
18	ys	f	20	1	circle	green	dif	(800, 282)	(800, 618)	hori	left	True	186463	187449	left	(800, 450)	practice
18	ys	f	20	1	circle	red	dif	(800, 282)	(968, 450)	vert	up	True	189094	190457	left	(800, 450)	practice
18	ys	f	20	1	diamond	none	dif	N_dis	(632, 450)	vert	up	True	193590	194969	left	(800, 450)	practice
18	ys	f	20	1	circle	red	same	(800, 282)	(632, 450)	hori	left	True	197834	199289	left	(800, 450)	practice
18	ys	f	20	1	diamond	red	same	(800, 282)	(800, 618)	hori	left	True	200923	202105	left	(800, 450)	practice
18	ys	f	20	1	circle	green	same	(800, 282)	(968, 450)	vert	up	True	203717	204809	up	(800, 450)	practice
18	ys	f	20	1	diamond	red	same	(800, 282)	(632, 450)	hori	left	True	206303	207273	left	(800, 450)	practice
18	ys	f	20	1	circle	green	same	(800, 282)	(800, 618)	hori	left	True	208634	209993	left	(800, 450)	practice
18	ys	f	20	1	diamond	green	same	(800, 618)	(632, 450)	hori	left	True	226997	228009	left	(800, 450)	testing
18	ys	f	20	1	diamond	none	dif	N_dis	(632, 450)	vert	up	True	229504	230345	up	(800, 450)	testing
18	ys	f	20	1	circle	green	same	(800, 618)	(968, 450)	vert	up	True	231897	232969	up	(800, 450)	testing
18	ys	f	20	1	circle	red	same	(800, 618)	(800, 282)	vert	up	True	234620	235785	up	(800, 450)	testing
18	ys	f	20	1	diamond	green	dif	(968, 450)	(800, 282)	vert	up	True	237335	238297	up	(800, 450)	testing
18	ys	f	20	1	diamond	red	same	(800, 618)	(968, 450)	hori	left	True	239705	240825	left	(800, 450)	testing
18	ys	f	20	1	circle	none	dif	N_dis	(968, 450)	vert	up	True	242277	243065	up	(800, 450)	testing
18	ys	f	20	1	diamond	none	same	N_dis	(800, 618)	hori	left	True	244447	245257	left	(800, 450)	testing
18	ys	f	20	1	circle	green	dif	(968, 450)	(632, 450)	hori	left	True	246828	247849	left	(800, 450)	testing
18	ys	f	20	1	diamond	none	same	N_dis	(800, 618)	vert	up	True	249309	250169	up	(800, 450)	testing
18	ys	f	20	1	circle	red	same	(800, 282)	(800, 618)	hori	left	True	251523	252793	left	(800, 450)	testing
18	ys	f	20	1	diamond	none	same	N_dis	(800, 618)	vert	up	True	254429	255225	up	(800, 450)	testing
18	ys	f	20	1	diamond	red	same	(632, 450)	(800, 618)	hori	left	True	256627	257433	left	(800, 450)	testing
18	ys	f	20	1	diamond	none	dif	N_dis	(800, 282)	vert	up	True	258841	259817	up	(800, 450)	testing
18	ys	f	20	1	diamond	green	same	(800, 618)	(968, 450)	hori	left	True	261464	262489	up	(800, 450)	testing
18	ys	f	20	1	diamond	red	dif	(800, 282)	(632, 450)	hori	left	True	265576	266425	left	(800, 450)	testing
18	ys	f	20	1	circle	red	dif	(800, 618)	(632, 450)	hori	left	True	267951	268953	up	(800, 450)	testing
18	ys	f	20	1	circle	green	dif	(968, 450)	(800, 618)	hori	left	True	272082	272969	left	(800, 450)	testing
18	ys	f	20	1	circle	none	same	N_dis	(800, 282)	hori	left	True	274521	275577	left	(800, 450)	testing
18	ys	f	20	1	diamond	none	same	N_dis	(800, 618)	vert	up	True	276971	277833	up	(800, 450)	testing
18	ys	f	20	1	circle	green	same	(632, 450)	(800, 282)	vert	up	True	279462	280281	up	(800, 450)	testing
18	ys	f	20	1	circle	green	dif	(632, 450)	(800, 618)	vert	up	True	281876	283481	up	(800, 450)	testing
18	ys	f	20	1	circle	green	dif	(968, 450)	(800, 282)	hori	left	True	284998	286201	left	(800, 450)	testing
18	ys	f	20	1	diamond	red	same	(800, 282)	(800, 618)	vert	up	True	287658	289113	up	(800, 450)	testing
18	ys	f	20	1	diamond	red	same	(800, 282)	(632, 450)	hori	left	True	290685	291545	left	(800, 450)	testing
18	ys	f	20	1	circle	green	same	(800, 282)	(800, 618)	vert	up	True	292952	293833	up	(800, 450)	testing
18	ys	f	20	1	diamond	none	dif	N_dis	(800, 282)	hori	left	True	295338	296137	left	(800, 450)	testing
18	ys	f	20	1	diamond	none	dif	N_dis	(800, 618)	vert	up	True	297562	299017	up	(800, 450)	testing
18	ys	f	20	1	diamond	none	dif	N_dis	(968, 450)	hori	left	True	300441	301753	left	(800, 450)	testing
18	ys	f	20	1	circle	red	dif	(968, 450)	(632, 450)	vert	up	True	303201	303929	up	(800, 450)	testing
18	ys	f	20	1	circle	none	same	N_dis	(632, 450)	vert	up	True	305412	306377	up	(800, 450)	testing
18	ys	f	20	1	diamond	none	same	N_dis	(800, 282)	vert	up	True	307833	309017	up	(800, 450)	testing
18	ys	f	20	1	circle	red	dif	(632, 450)	(800, 282)	hori	left	True	310597	311577	left	(800, 450)	testing
18	ys	f	20	1	diamond	green	dif	(632, 450)	(968, 450)	vert	up	True	313185	314121	up	(800, 450)	testing
18	ys	f	20	1	diamond	green	same	(800, 618)	(632, 450)	hori	left	True	315670	316521	left	(800, 450)	testing
18	ys	f	20	1	circle	red	dif	(968, 450)	(800, 618)	hori	left	True	318138	319241	left	(800, 450)	testing
18	ys	f	20	1	diamond	green	dif	(800, 282)	(800, 618)	vert	up	True	320662	321609	left	(800, 450)	testing
18	ys	f	20	1	circle	none	dif	N_dis	(800, 282)	hori	left	True	324493	325417	left	(800, 450)	testing
18	ys	f	20	1	circle	red	same	(800, 618)	(800, 282)	hori	left	True	326799	327785	left	(800, 450)	testing
18	ys	f	20	1	circle	none	dif	N_dis	(968, 450)	vert	up	True	329137	329929	up	(800, 450)	testing
18	ys	f	20	1	circle	none	same	N_dis	(800, 618)	vert	up	True	331572	333241	up	(800, 450)	testing
18	ys	f	20	1	circle	red	same	(800, 282)	(800, 618)	hori	left	True	334726	336713	left	(800, 450)	testing
18	ys	f	20	1	circle	green	same	(800, 282)	(968, 450)	vert	up	True	338262	339337	up	(800, 450)	testing
18	ys	f	20	1	diamond	red	same	(800, 282)	(968, 450)	vert	up	True	340739	342297	up	(800, 450)	testing
18	ys	f	20	1	circle	red	dif	(800, 618)	(968, 450)	hori	left	True	343844	344809	left	(800, 450)	testing
18	ys	f	20	1	circle	green	dif	(800, 282)	(800, 618)	vert	up	True	346263	348025	left	(800, 450)	testing
18	ys	f	20	1	diamond	green	same	(800, 282)	(968, 450)	vert	up	True	350985	352201	left	(800, 450)	testing
18	ys	f	20	1	diamond	red	same	(800, 618)	(632, 450)	vert	up	False	355105	None	None	(800, 450)	testing
18	ys	f	20	1	diamond	green	same	(632, 450)	(968, 450)	vert	up	True	361184	362329	up	(800, 450)	testing
18	ys	f	20	1	diamond	red	dif	(800, 618)	(632, 450)	hori	left	True	363729	364985	left	(800, 450)	testing
18	ys	f	20	1	circle	none	dif	N_dis	(800, 282)	vert	up	True	366522	367625	up	(800, 450)	testing
18	ys	f	20	1	circle	green	same	(968, 450)	(632, 450)	hori	left	True	369209	370089	left	(800, 450)	testing
18	ys	f	20	1	circle	none	same	N_dis	(632, 450)	hori	left	True	371553	372921	left	(800, 450)	testing
18	ys	f	20	1	circle	red	dif	(632, 450)	(800, 618)	hori	left	True	374503	375369	left	(800, 450)	testing
18	ys	f	20	1	diamond	none	same	N_dis	(800, 618)	vert	up	True	376773	378265	up	(800, 450)	testing
18	ys	f	20	1	circle	red	dif	(800, 618)	(632, 450)	hori	left	True	379829	380809	left	(800, 450)	testing
18	ys	f	20	1	circle	red	same	(800, 282)	(968, 450)	hori	left	True	382311	383289	left	(800, 450)	testing
18	ys	f	20	1	diamond	none	same	N_dis	(632, 450)	vert	up	True	384793	386153	up	(800, 450)	testing
18	ys	f	20	1	diamond	green	dif	(632, 450)	(968, 450)	vert	up	True	387750	389545	up	(800, 450)	testing
18	ys	f	20	1	diamond	red	same	(800, 282)	(632, 450)	vert	up	True	391130	392345	up	(800, 450)	testing
18	ys	f	20	1	diamond	red	dif	(800, 282)	(968, 450)	vert	up	True	393714	394777	up	(800, 450)	testing
18	ys	f	20	1	circle	none	dif	N_dis	(800, 618)	hori	left	True	396246	397161	left	(800, 450)	testing
18	ys	f	20	1	circle	red	dif	(800, 282)	(968, 450)	hori	left	True	398531	399417	left	(800, 450)	testing
18	ys	f	20	1	diamond	red	same	(800, 282)	(800, 618)	vert	up	True	400884	402697	up	(800, 450)	testing
18	ys	f	20	1	circle	red	same	(800, 282)	(632, 450)	vert	up	True	404239	405465	up	(800, 450)	testing
18	ys	f	20	1	circle	none	same	N_dis	(800, 282)	vert	up	True	407107	407865	up	(800, 450)	testing
18	ys	f	20	1	circle	green	dif	(968, 450)	(632, 450)	vert	up	True	409333	410249	up	(800, 450)	testing
18	ys	f	20	1	circle	green	same	(968, 450)	(800, 282)	vert	up	True	411778	412857	up	(800, 450)	testing
18	ys	f	20	1	circle	green	dif	(800, 282)	(800, 618)	vert	up	True	414264	415097	up	(800, 450)	testing
18	ys	f	20	1	circle	red	same	(632, 450)	(800, 282)	vert	up	True	416528	417769	up	(800, 450)	testing
18	ys	f	20	1	diamond	red	dif	(800, 618)	(800, 282)	hori	left	True	419214	420681	left	(800, 450)	testing
18	ys	f	20	1	diamond	red	same	(800, 282)	(632, 450)	hori	left	True	422267	424249	left	(800, 450)	testing
18	ys	f	20	1	circle	red	same	(800, 282)	(632, 450)	vert	up	True	425695	426857	up	(800, 450)	testing
18	ys	f	20	1	diamond	none	same	N_dis	(632, 450)	vert	up	True	428310	429257	up	(800, 450)	testing
18	ys	f	20	1	diamond	red	same	(800, 282)	(968, 450)	hori	left	True	430861	431705	left	(800, 450)	testing
18	ys	f	20	1	diamond	none	dif	N_dis	(800, 282)	vert	up	True	433254	434105	up	(800, 450)	testing
18	ys	f	20	1	diamond	red	same	(800, 282)	(632, 450)	hori	left	True	435680	436553	left	(800, 450)	testing
18	ys	f	20	1	circle	green	dif	(632, 450)	(968, 450)	vert	up	True	438153	439593	up	(800, 450)	testing
18	ys	f	20	1	circle	red	dif	(800, 282)	(632, 450)	hori	left	True	440958	442137	left	(800, 450)	testing
18	ys	f	20	1	diamond	red	dif	(968, 450)	(800, 618)	vert	up	True	443582	444905	up	(800, 450)	testing
18	ys	f	20	1	diamond	none	same	N_dis	(968, 450)	hori	left	True	446557	447353	left	(800, 450)	testing
18	ys	f	20	1	diamond	green	dif	(800, 618)	(968, 450)	vert	up	True	448871	449721	up	(800, 450)	testing
18	ys	f	20	1	diamond	none	same	N_dis	(968, 450)	vert	up	True	451299	451977	up	(800, 450)	testing
18	ys	f	20	1	circle	none	same	N_dis	(800, 618)	vert	up	True	453460	454873	up	(800, 450)	testing
18	ys	f	20	1	diamond	red	dif	(800, 618)	(800, 282)	hori	left	True	456500	457641	left	(800, 450)	testing
18	ys	f	20	1	circle	green	same	(632, 450)	(968, 450)	hori	left	True	459012	459993	left	(800, 450)	testing
18	ys	f	20	1	diamond	red	same	(800, 282)	(800, 618)	vert	up	True	461365	462345	up	(800, 450)	testing
18	ys	f	20	1	diamond	green	same	(968, 450)	(800, 618)	hori	left	True	463813	465081	left	(800, 450)	testing
18	ys	f	20	1	circle	none	same	N_dis	(968, 450)	vert	up	True	466452	467145	up	(800, 450)	testing
18	ys	f	20	1	circle	none	dif	N_dis	(968, 450)	hori	left	True	468742	469593	left	(800, 450)	testing
18	ys	f	20	1	diamond	none	same	N_dis	(632, 450)	hori	left	True	471179	471993	left	(800, 450)	testing
18	ys	f	20	1	circle	red	dif	(800, 282)	(968, 450)	hori	left	True	473419	474121	left	(800, 450)	testing
18	ys	f	20	1	circle	green	dif	(800, 282)	(800, 618)	vert	up	True	475474	476233	up	(800, 450)	testing
18	ys	f	20	1	circle	none	same	N_dis	(968, 450)	vert	up	True	477799	478521	up	(800, 450)	testing
18	ys	f	20	1	circle	red	dif	(632, 450)	(968, 450)	vert	up	True	479885	481177	up	(800, 450)	testing
18	ys	f	20	1	diamond	green	dif	(800, 282)	(968, 450)	vert	up	True	482745	483593	up	(800, 450)	testing
18	ys	f	20	1	diamond	red	dif	(800, 282)	(968, 450)	vert	up	True	485149	485817	up	(800, 450)	testing
18	ys	f	20	1	diamond	none	dif	N_dis	(800, 618)	vert	up	True	487232	487993	up	(800, 450)	testing
18	ys	f	20	1	diamond	green	dif	(968, 450)	(800, 282)	hori	left	True	489384	490601	left	(800, 450)	testing
18	ys	f	20	1	circle	red	dif	(800, 282)	(632, 450)	vert	up	True	492172	493129	up	(800, 450)	testing
18	ys	f	20	1	circle	green	same	(632, 450)	(968, 450)	hori	left	True	494668	496105	left	(800, 450)	testing
18	ys	f	20	1	diamond	green	same	(632, 450)	(800, 282)	hori	left	True	497489	498633	left	(800, 450)	testing
18	ys	f	20	1	circle	none	dif	N_dis	(632, 450)	vert	up	True	500108	500889	up	(800, 450)	testing
18	ys	f	20	1	diamond	red	dif	(800, 618)	(968, 450)	hori	left	True	502409	503241	left	(800, 450)	testing
18	ys	f	20	1	circle	green	dif	(968, 450)	(632, 450)	vert	up	True	504653	505913	left	(800, 450)	testing
18	ys	f	20	1	diamond	green	dif	(800, 282)	(800, 618)	hori	left	True	508959	509913	left	(800, 450)	testing
18	ys	f	20	1	diamond	red	same	(632, 450)	(800, 618)	hori	left	True	511521	512665	left	(800, 450)	testing
18	ys	f	20	1	circle	none	dif	N_dis	(968, 450)	vert	up	True	514294	515193	up	(800, 450)	testing
18	ys	f	20	1	diamond	red	same	(968, 450)	(800, 618)	vert	up	True	516685	517657	up	(800, 450)	testing
18	ys	f	20	1	circle	red	same	(800, 618)	(968, 450)	vert	up	True	519183	520409	up	(800, 450)	testing
18	ys	f	20	1	circle	green	same	(968, 450)	(632, 450)	hori	left	True	521916	523017	left	(800, 450)	testing
18	ys	f	20	1	circle	green	dif	(800, 282)	(632, 450)	hori	left	True	524552	526457	left	(800, 450)	testing
18	ys	f	20	1	diamond	green	same	(800, 618)	(800, 282)	hori	left	True	527997	528937	left	(800, 450)	testing
18	ys	f	20	1	diamond	green	dif	(800, 282)	(632, 450)	vert	up	True	530353	532489	up	(800, 450)	testing
18	ys	f	20	1	circle	none	dif	N_dis	(800, 282)	vert	up	True	534015	534777	up	(800, 450)	testing
18	ys	f	20	1	circle	green	same	(968, 450)	(632, 450)	vert	up	True	536213	537305	up	(800, 450)	testing
18	ys	f	20	1	diamond	green	same	(632, 450)	(968, 450)	vert	up	True	538857	539753	up	(800, 450)	testing
18	ys	f	20	1	circle	none	dif	N_dis	(968, 450)	hori	left	True	541252	542201	left	(800, 450)	testing
18	ys	f	20	1	circle	red	same	(800, 282)	(968, 450)	hori	left	True	543585	544393	left	(800, 450)	testing
18	ys	f	20	1	circle	none	dif	N_dis	(800, 618)	hori	left	True	545773	546553	left	(800, 450)	testing
18	ys	f	20	1	circle	green	same	(632, 450)	(800, 618)	vert	up	True	548129	548889	up	(800, 450)	testing
18	ys	f	20	1	circle	green	dif	(632, 450)	(800, 282)	hori	left	True	550342	551225	left	(800, 450)	testing
18	ys	f	20	1	circle	green	same	(800, 282)	(632, 450)	hori	left	True	552877	553673	left	(800, 450)	testing
18	ys	f	20	1	circle	red	same	(800, 282)	(632, 450)	hori	left	True	555240	555897	left	(800, 450)	testing
18	ys	f	20	1	diamond	red	dif	(800, 282)	(632, 450)	vert	up	True	557427	558473	up	(800, 450)	testing
18	ys	f	20	1	diamond	none	dif	N_dis	(800, 282)	vert	up	True	560109	560825	up	(800, 450)	testing
18	ys	f	20	1	circle	none	dif	N_dis	(632, 450)	hori	left	True	562464	563273	left	(800, 450)	testing
18	ys	f	20	1	circle	none	dif	N_dis	(632, 450)	hori	left	True	564844	565433	left	(800, 450)	testing
18	ys	f	20	1	circle	red	same	(800, 282)	(632, 450)	vert	up	True	566903	567881	up	(800, 450)	testing
18	ys	f	20	1	circle	none	same	N_dis	(800, 282)	vert	up	True	569379	570009	up	(800, 450)	testing
18	ys	f	20	1	diamond	red	same	(632, 450)	(800, 282)	hori	left	True	571407	572377	left	(800, 450)	testing
18	ys	f	20	1	diamond	green	same	(968, 450)	(800, 618)	hori	left	True	573873	574809	left	(800, 450)	testing
18	ys	f	20	1	circle	red	dif	(800, 618)	(968, 450)	vert	up	True	576231	577033	up	(800, 450)	testing
18	ys	f	20	1	diamond	green	dif	(800, 282)	(968, 450)	hori	left	True	578522	579369	left	(800, 450)	testing
18	ys	f	20	1	circle	red	same	(800, 282)	(800, 618)	hori	left	True	580840	582073	left	(800, 450)	testing
18	ys	f	20	1	circle	red	dif	(800, 282)	(632, 450)	vert	up	True	583675	584713	up	(800, 450)	testing
18	ys	f	20	1	circle	red	same	(800, 618)	(800, 282)	hori	left	True	586099	586921	left	(800, 450)	testing
18	ys	f	20	1	circle	red	dif	(800, 282)	(800, 618)	hori	left	True	588459	589225	left	(800, 450)	testing
18	ys	f	20	1	diamond	none	dif	N_dis	(800, 282)	hori	left	True	590662	592121	left	(800, 450)	testing
18	ys	f	20	1	diamond	green	dif	(800, 282)	(800, 618)	hori	left	True	593551	594457	left	(800, 450)	testing
18	ys	f	20	1	circle	green	same	(800, 618)	(968, 450)	hori	left	True	595860	596905	left	(800, 450)	testing
18	ys	f	20	1	diamond	green	dif	(800, 282)	(632, 450)	vert	up	True	598494	600105	up	(800, 450)	testing
18	ys	f	20	1	diamond	none	dif	N_dis	(800, 282)	vert	up	True	601664	602729	up	(800, 450)	testing
18	ys	f	20	1	circle	green	same	(800, 282)	(800, 618)	hori	left	True	604174	605209	left	(800, 450)	testing
18	ys	f	20	1	circle	green	dif	(968, 450)	(800, 618)	hori	left	True	606586	607401	left	(800, 450)	testing
18	ys	f	20	1	circle	none	same	N_dis	(968, 450)	hori	left	True	608853	609945	left	(800, 450)	testing
18	ys	f	20	1	diamond	red	dif	(968, 450)	(800, 618)	vert	up	True	611397	612249	up	(800, 450)	testing
18	ys	f	20	1	circle	red	same	(800, 282)	(632, 450)	hori	left	True	613786	614537	left	(800, 450)	testing
18	ys	f	20	1	diamond	none	same	N_dis	(800, 618)	hori	left	True	615918	616793	left	(800, 450)	testing
18	ys	f	20	1	diamond	none	dif	N_dis	(968, 450)	vert	up	True	618333	619017	up	(800, 450)	testing
18	ys	f	20	1	diamond	green	dif	(800, 282)	(800, 618)	vert	up	True	620468	621449	up	(800, 450)	testing
18	ys	f	20	1	diamond	green	same	(800, 282)	(800, 618)	vert	up	True	622828	623881	up	(800, 450)	testing
18	ys	f	20	1	diamond	red	dif	(800, 282)	(968, 450)	vert	up	True	625420	626521	up	(800, 450)	testing
18	ys	f	20	1	diamond	green	dif	(800, 282)	(632, 450)	vert	up	True	627967	629193	up	(800, 450)	testing
18	ys	f	20	1	circle	red	dif	(632, 450)	(800, 618)	hori	left	True	630725	631641	left	(800, 450)	testing
18	ys	f	20	1	diamond	green	dif	(800, 618)	(968, 450)	vert	up	True	633169	634201	up	(800, 450)	testing
18	ys	f	20	1	circle	red	dif	(968, 450)	(800, 618)	hori	left	True	635679	636601	left	(800, 450)	testing
18	ys	f	20	1	diamond	none	same	N_dis	(632, 450)	hori	left	True	638048	639017	left	(800, 450)	testing
18	ys	f	20	1	diamond	red	dif	(800, 282)	(968, 450)	vert	up	True	640653	641417	up	(800, 450)	testing
18	ys	f	20	1	diamond	red	dif	(800, 282)	(800, 618)	vert	up	True	643047	645001	left	(800, 450)	testing
18	ys	f	20	1	circle	green	dif	(800, 618)	(800, 282)	hori	left	True	648050	648937	left	(800, 450)	testing
18	ys	f	20	1	circle	red	dif	(968, 450)	(800, 282)	vert	up	True	650320	652025	left	(800, 450)	testing
18	ys	f	20	1	circle	none	same	N_dis	(800, 618)	vert	up	True	655147	656537	up	(800, 450)	testing
18	ys	f	20	1	diamond	green	dif	(800, 618)	(800, 282)	hori	left	True	657898	660169	left	(800, 450)	testing
18	ys	f	20	1	circle	red	dif	(800, 282)	(968, 450)	vert	up	True	661635	662569	up	(800, 450)	testing
18	ys	f	20	1	circle	none	same	N_dis	(800, 282)	vert	up	True	664202	665817	up	(800, 450)	testing
18	ys	f	20	1	diamond	green	same	(968, 450)	(632, 450)	vert	up	True	667213	668329	up	(800, 450)	testing
18	ys	f	20	1	diamond	none	dif	N_dis	(968, 450)	vert	up	True	669717	671113	up	(800, 450)	testing
18	ys	f	20	1	diamond	red	dif	(632, 450)	(800, 618)	vert	up	True	672527	673577	up	(800, 450)	testing
18	ys	f	20	1	circle	green	same	(968, 450)	(632, 450)	hori	left	True	675130	676617	left	(800, 450)	testing
18	ys	f	20	1	diamond	red	dif	(632, 450)	(800, 618)	hori	left	True	677996	678937	left	(800, 450)	testing
18	ys	f	20	1	diamond	green	dif	(800, 282)	(800, 618)	vert	up	True	680473	681289	up	(800, 450)	testing
18	ys	f	20	1	circle	green	same	(632, 450)	(968, 450)	hori	left	True	682759	683593	left	(800, 450)	testing
18	ys	f	20	1	circle	red	same	(968, 450)	(632, 450)	vert	up	True	685014	686633	up	(800, 450)	testing
18	ys	f	20	1	circle	green	same	(800, 282)	(800, 618)	hori	left	True	688100	689145	left	(800, 450)	testing
18	ys	f	20	1	circle	green	dif	(800, 618)	(800, 282)	vert	up	True	690712	691513	up	(800, 450)	testing
18	ys	f	20	1	diamond	green	dif	(800, 282)	(632, 450)	hori	left	True	693086	693961	left	(800, 450)	testing
18	ys	f	20	1	circle	none	same	N_dis	(968, 450)	vert	up	True	695605	696313	up	(800, 450)	testing
18	ys	f	20	1	circle	green	same	(800, 282)	(800, 618)	vert	up	True	697799	699273	up	(800, 450)	testing
18	ys	f	20	1	circle	none	same	N_dis	(632, 450)	hori	left	True	700795	701609	left	(800, 450)	testing
18	ys	f	20	1	circle	none	dif	N_dis	(800, 282)	vert	up	True	703022	703817	up	(800, 450)	testing
18	ys	f	20	1	circle	none	dif	N_dis	(632, 450)	hori	left	True	705258	706041	left	(800, 450)	testing
18	ys	f	20	1	circle	none	dif	N_dis	(968, 450)	hori	left	True	707431	708153	left	(800, 450)	testing
18	ys	f	20	1	circle	red	same	(632, 450)	(968, 450)	vert	up	True	709666	710649	up	(800, 450)	testing
18	ys	f	20	1	diamond	red	dif	(800, 282)	(800, 618)	vert	up	True	712099	713049	up	(800, 450)	testing
18	ys	f	20	1	circle	none	dif	N_dis	(800, 282)	vert	up	True	714449	715289	up	(800, 450)	testing
18	ys	f	20	1	diamond	none	dif	N_dis	(968, 450)	hori	left	True	716750	717481	left	(800, 450)	testing
18	ys	f	20	1	diamond	red	same	(800, 282)	(968, 450)	hori	left	True	719018	719769	left	(800, 450)	testing
18	ys	f	20	1	circle	none	same	N_dis	(800, 618)	hori	left	True	721296	722025	left	(800, 450)	testing
18	ys	f	20	1	diamond	red	same	(800, 282)	(800, 618)	vert	up	True	723553	725289	up	(800, 450)	testing
18	ys	f	20	1	diamond	green	same	(800, 282)	(632, 450)	hori	left	True	726668	727801	left	(800, 450)	testing
18	ys	f	20	1	diamond	red	dif	(800, 618)	(632, 450)	vert	up	True	729318	730217	up	(800, 450)	testing
18	ys	f	20	1	circle	none	dif	N_dis	(632, 450)	hori	left	True	731740	732729	left	(800, 450)	testing
18	ys	f	20	1	circle	none	same	N_dis	(800, 618)	vert	up	True	734229	735017	up	(800, 450)	testing
18	ys	f	20	1	circle	green	dif	(800, 282)	(968, 450)	vert	up	True	736435	737225	up	(800, 450)	testing
18	ys	f	20	1	circle	none	same	N_dis	(800, 282)	hori	left	True	738740	739481	left	(800, 450)	testing
18	ys	f	20	1	diamond	none	same	N_dis	(800, 618)	hori	left	True	741004	742025	left	(800, 450)	testing
18	ys	f	20	1	diamond	none	dif	N_dis	(800, 618)	hori	left	True	743380	744361	left	(800, 450)	testing
18	ys	f	20	1	circle	none	dif	N_dis	(800, 282)	hori	left	True	745927	746697	left	(800, 450)	testing
18	ys	f	20	1	diamond	none	same	N_dis	(632, 450)	vert	up	True	748076	748985	up	(800, 450)	testing
18	ys	f	20	1	diamond	green	dif	(632, 450)	(800, 282)	vert	up	True	750427	751385	up	(800, 450)	testing
18	ys	f	20	1	diamond	green	dif	(800, 618)	(632, 450)	hori	left	True	752959	753753	left	(800, 450)	testing
18	ys	f	20	1	diamond	red	same	(968, 450)	(632, 450)	vert	up	True	755230	756105	up	(800, 450)	testing
18	ys	f	20	1	circle	green	same	(632, 450)	(968, 450)	vert	up	True	757473	758585	up	(800, 450)	testing
18	ys	f	20	1	circle	green	dif	(800, 282)	(800, 618)	vert	up	True	760106	761449	up	(800, 450)	testing
18	ys	f	20	1	diamond	none	same	N_dis	(968, 450)	hori	left	True	762919	763705	left	(800, 450)	testing
18	ys	f	20	1	diamond	green	same	(968, 450)	(800, 618)	hori	left	True	765091	766057	left	(800, 450)	testing
18	ys	f	20	1	diamond	none	same	N_dis	(800, 618)	hori	left	True	767570	768585	left	(800, 450)	testing
18	ys	f	20	1	diamond	green	same	(800, 282)	(968, 450)	vert	up	True	770228	771273	up	(800, 450)	testing
18	ys	f	20	1	circle	red	same	(800, 282)	(968, 450)	vert	up	True	772833	773881	up	(800, 450)	testing
18	ys	f	20	1	diamond	none	dif	N_dis	(632, 450)	vert	up	True	775258	776153	up	(800, 450)	testing
18	ys	f	20	1	diamond	none	dif	N_dis	(800, 282)	hori	left	True	777590	778569	left	(800, 450)	testing
18	ys	f	20	1	circle	none	same	N_dis	(632, 450)	vert	up	True	780216	781193	up	(800, 450)	testing
18	ys	f	20	1	diamond	green	same	(632, 450)	(800, 618)	hori	left	True	782627	783881	left	(800, 450)	testing
18	ys	f	20	1	diamond	none	same	N_dis	(968, 450)	vert	up	True	785494	786249	up	(800, 450)	testing
18	ys	f	20	1	diamond	red	dif	(800, 282)	(968, 450)	hori	left	True	787689	789017	up	(800, 450)	testing
18	ys	f	20	1	circle	none	same	N_dis	(800, 618)	hori	left	True	792125	793001	left	(800, 450)	testing
18	ys	f	20	1	circle	green	dif	(800, 282)	(968, 450)	hori	left	True	794582	795961	left	(800, 450)	testing
18	ys	f	20	1	circle	green	dif	(632, 450)	(800, 282)	hori	left	True	797498	798649	left	(800, 450)	testing
18	ys	f	20	1	circle	none	same	N_dis	(968, 450)	hori	left	True	800161	800905	left	(800, 450)	testing
18	ys	f	20	1	diamond	none	same	N_dis	(800, 282)	vert	up	True	802380	803321	up	(800, 450)	testing
18	ys	f	20	1	diamond	none	dif	N_dis	(968, 450)	hori	left	True	804675	806233	left	(800, 450)	testing
18	ys	f	20	1	diamond	red	dif	(632, 450)	(800, 618)	hori	left	True	807754	809065	left	(800, 450)	testing
18	ys	f	20	1	diamond	red	same	(968, 450)	(632, 450)	vert	up	True	810646	811641	up	(800, 450)	testing
18	ys	f	20	1	diamond	none	dif	N_dis	(632, 450)	vert	up	True	813089	813865	up	(800, 450)	testing
18	ys	f	20	1	circle	red	same	(800, 282)	(800, 618)	vert	up	True	815507	816521	up	(800, 450)	testing
18	ys	f	20	1	diamond	red	same	(800, 618)	(800, 282)	vert	up	True	818125	819049	up	(800, 450)	testing
18	ys	f	20	1	circle	red	same	(800, 618)	(632, 450)	hori	left	True	820467	821337	left	(800, 450)	testing
18	ys	f	20	1	diamond	red	same	(800, 282)	(632, 450)	hori	left	True	822957	823897	left	(800, 450)	testing
18	ys	f	20	1	diamond	green	same	(800, 282)	(632, 450)	vert	up	True	825355	826121	left	(800, 450)	testing
18	ys	f	20	1	diamond	none	same	N_dis	(632, 450)	hori	left	True	829194	830329	left	(800, 450)	testing
18	ys	f	20	1	circle	none	dif	N_dis	(632, 450)	hori	left	True	831785	832665	left	(800, 450)	testing
18	ys	f	20	1	diamond	red	same	(800, 282)	(968, 450)	hori	left	True	834026	835193	left	(800, 450)	testing
18	ys	f	20	1	circle	green	dif	(800, 282)	(968, 450)	vert	up	True	836597	837465	up	(800, 450)	testing
18	ys	f	20	1	circle	none	dif	N_dis	(800, 618)	hori	left	True	838931	839705	left	(800, 450)	testing
18	ys	f	20	1	circle	green	same	(968, 450)	(800, 282)	hori	left	True	841224	842025	left	(800, 450)	testing
18	ys	f	20	1	circle	none	dif	N_dis	(800, 282)	hori	left	True	843625	844441	left	(800, 450)	testing
18	ys	f	20	1	circle	red	same	(968, 450)	(800, 282)	vert	up	True	846083	847193	up	(800, 450)	testing
18	ys	f	20	1	diamond	none	dif	N_dis	(968, 450)	hori	left	True	848810	849657	left	(800, 450)	testing
18	ys	f	20	1	diamond	none	dif	N_dis	(968, 450)	vert	up	True	851234	852313	up	(800, 450)	testing
18	ys	f	20	1	diamond	none	same	N_dis	(800, 618)	hori	left	True	853913	854681	left	(800, 450)	testing
18	ys	f	20	1	circle	none	same	N_dis	(632, 450)	vert	up	True	856099	857001	up	(800, 450)	testing
18	ys	f	20	1	diamond	green	same	(800, 282)	(968, 450)	vert	up	True	858410	859657	up	(800, 450)	testing
18	ys	f	20	1	circle	green	same	(800, 282)	(632, 450)	vert	up	True	861205	862185	up	(800, 450)	testing
18	ys	f	20	1	diamond	green	same	(800, 618)	(632, 450)	vert	up	True	863539	864521	up	(800, 450)	testing
18	ys	f	20	1	diamond	red	same	(800, 282)	(632, 450)	hori	left	True	866157	867097	left	(800, 450)	testing
18	ys	f	20	1	diamond	none	dif	N_dis	(800, 618)	hori	left	True	868583	869385	left	(800, 450)	testing
18	ys	f	20	1	circle	red	dif	(968, 450)	(800, 282)	vert	up	True	870905	871753	up	(800, 450)	testing
18	ys	f	20	1	diamond	green	dif	(800, 618)	(632, 450)	vert	up	True	873120	874057	up	(800, 450)	testing
18	ys	f	20	1	diamond	green	dif	(800, 282)	(632, 450)	hori	left	True	875531	876569	left	(800, 450)	testing
18	ys	f	20	1	circle	green	dif	(632, 450)	(800, 282)	hori	left	True	878103	878985	up	(800, 450)	testing
18	ys	f	20	1	diamond	red	dif	(800, 282)	(968, 450)	hori	left	True	882036	883017	left	(800, 450)	testing
18	ys	f	20	1	circle	none	same	N_dis	(968, 450)	hori	left	True	884439	885241	left	(800, 450)	testing
18	ys	f	20	1	circle	red	same	(968, 450)	(800, 282)	vert	up	True	886829	887833	up	(800, 450)	testing
18	ys	f	20	1	diamond	red	same	(800, 618)	(800, 282)	vert	up	True	889256	890473	up	(800, 450)	testing
18	ys	f	20	1	diamond	green	dif	(968, 450)	(800, 282)	hori	left	True	891952	892905	left	(800, 450)	testing
18	ys	f	20	1	diamond	green	same	(800, 282)	(968, 450)	vert	up	True	894548	895305	up	(800, 450)	testing
18	ys	f	20	1	circle	red	same	(800, 282)	(800, 618)	vert	up	True	896901	897769	up	(800, 450)	testing
18	ys	f	20	1	diamond	red	dif	(800, 282)	(968, 450)	vert	up	True	899411	900137	up	(800, 450)	testing
18	ys	f	20	1	diamond	green	same	(800, 282)	(632, 450)	hori	left	True	901717	902585	left	(800, 450)	testing
18	ys	f	20	1	circle	green	same	(632, 450)	(800, 618)	vert	up	True	904058	905065	up	(800, 450)	testing
18	ys	f	20	1	diamond	red	same	(800, 618)	(632, 450)	vert	up	True	906501	907369	up	(800, 450)	testing
18	ys	f	20	1	diamond	green	same	(800, 282)	(968, 450)	hori	left	True	908764	909849	left	(800, 450)	testing
18	ys	f	20	1	circle	none	dif	N_dis	(632, 450)	hori	left	True	911494	912569	left	(800, 450)	testing
18	ys	f	20	1	circle	red	dif	(800, 282)	(632, 450)	vert	up	True	913959	915001	up	(800, 450)	testing
18	ys	f	20	1	circle	green	dif	(800, 282)	(800, 618)	vert	up	True	916509	917449	up	(800, 450)	testing
18	ys	f	20	1	circle	none	same	N_dis	(968, 450)	hori	left	True	918912	919801	left	(800, 450)	testing
18	ys	f	20	1	circle	green	dif	(800, 282)	(632, 450)	vert	up	True	921232	922009	up	(800, 450)	testing
18	ys	f	20	1	circle	green	dif	(800, 282)	(968, 450)	hori	left	True	923531	924265	left	(800, 450)	testing
18	ys	f	20	1	circle	red	same	(800, 282)	(968, 450)	hori	left	True	925792	926617	left	(800, 450)	testing
18	ys	f	20	1	circle	none	dif	N_dis	(968, 450)	hori	left	True	928177	928825	left	(800, 450)	testing
18	ys	f	20	1	circle	none	same	N_dis	(632, 450)	hori	left	True	930451	931241	left	(800, 450)	testing
18	ys	f	20	1	diamond	red	dif	(800, 282)	(632, 450)	hori	left	True	932664	933401	left	(800, 450)	testing
18	ys	f	20	1	circle	green	dif	(800, 618)	(800, 282)	hori	left	True	934835	936697	left	(800, 450)	testing
18	ys	f	20	1	diamond	none	same	N_dis	(800, 282)	hori	left	True	938316	939385	left	(800, 450)	testing
18	ys	f	20	1	circle	none	same	N_dis	(800, 618)	vert	up	True	940939	941769	up	(800, 450)	testing
18	ys	f	20	1	diamond	none	same	N_dis	(632, 450)	vert	up	True	943401	944873	up	(800, 450)	testing
18	ys	f	20	1	circle	green	same	(800, 282)	(968, 450)	vert	up	True	946497	947305	up	(800, 450)	testing
18	ys	f	20	1	circle	red	dif	(800, 282)	(800, 618)	hori	left	True	948928	949785	left	(800, 450)	testing
18	ys	f	20	1	circle	none	dif	N_dis	(800, 618)	hori	left	True	951174	952025	left	(800, 450)	testing
18	ys	f	20	1	diamond	red	dif	(632, 450)	(800, 282)	hori	left	True	953478	954601	left	(800, 450)	testing
18	ys	f	20	1	circle	red	dif	(632, 450)	(800, 618)	hori	left	True	956143	957049	left	(800, 450)	testing
18	ys	f	20	1	diamond	red	dif	(968, 450)	(800, 618)	hori	left	True	958647	960057	left	(800, 450)	testing
18	ys	f	20	1	circle	red	same	(968, 450)	(800, 282)	vert	up	True	961454	962297	up	(800, 450)	testing
18	ys	f	20	1	diamond	none	dif	N_dis	(800, 282)	hori	left	True	963893	965033	left	(800, 450)	testing
18	ys	f	20	1	diamond	none	same	N_dis	(800, 618)	hori	left	True	966598	967449	left	(800, 450)	testing
18	ys	f	20	1	circle	red	dif	(800, 282)	(632, 450)	hori	left	True	968849	969801	left	(800, 450)	testing
18	ys	f	20	1	diamond	green	dif	(800, 618)	(968, 450)	vert	up	True	971429	972457	up	(800, 450)	testing
18	ys	f	20	1	circle	green	same	(800, 282)	(800, 618)	vert	up	True	974078	975209	up	(800, 450)	testing
18	ys	f	20	1	diamond	green	same	(968, 450)	(800, 618)	vert	up	True	976693	977769	up	(800, 450)	testing
18	ys	f	20	1	circle	red	dif	(632, 450)	(800, 282)	vert	up	True	979278	980041	up	(800, 450)	testing
18	ys	f	20	1	diamond	red	dif	(632, 450)	(968, 450)	vert	up	True	981431	982457	up	(800, 450)	testing
18	ys	f	20	1	diamond	none	dif	N_dis	(632, 450)	hori	left	True	983963	985593	left	(800, 450)	testing
18	ys	f	20	1	diamond	green	dif	(800, 282)	(800, 618)	vert	up	True	987014	987977	up	(800, 450)	testing
18	ys	f	20	1	circle	green	same	(632, 450)	(800, 282)	vert	up	True	989563	991177	up	(800, 450)	testing
18	ys	f	20	1	diamond	green	same	(800, 618)	(968, 450)	hori	left	True	992793	993561	left	(800, 450)	testing
18	ys	f	20	1	diamond	none	dif	N_dis	(800, 282)	vert	up	True	994964	995673	up	(800, 450)	testing
18	ys	f	20	1	diamond	none	same	N_dis	(632, 450)	vert	up	True	997316	998089	up	(800, 450)	testing
18	ys	f	20	1	diamond	none	dif	N_dis	(800, 282)	hori	left	True	999542	1000617	up	(800, 450)	testing
18	ys	f	20	1	diamond	green	same	(968, 450)	(800, 282)	hori	left	True	1003681	1004649	left	(800, 450)	testing
