subj	name	gender	age	runNum	shape	dist	td_dif	d_loc	t_loc	resp	resp_key	gotKey	startTime	respTime	resp	fix_loc	prac
19	yq	f	18	3	diamond	none	dif	N_dis	(800, 618)	vert	up	True	25179	26711	up	(800, 450)	testing
19	yq	f	18	3	circle	red	dif	(800, 618)	(632, 450)	vert	up	True	28184	29335	up	(800, 450)	testing
19	yq	f	18	3	diamond	none	dif	N_dis	(968, 450)	hori	left	True	30860	31671	left	(800, 450)	testing
19	yq	f	18	3	circle	red	same	(632, 450)	(800, 618)	vert	up	True	33210	34503	up	(800, 450)	testing
19	yq	f	18	3	diamond	red	same	(800, 282)	(968, 450)	hori	left	True	36054	36935	left	(800, 450)	testing
19	yq	f	18	3	circle	red	dif	(632, 450)	(800, 618)	vert	up	True	38313	39463	up	(800, 450)	testing
19	yq	f	18	3	diamond	red	same	(968, 450)	(632, 450)	vert	up	True	40866	41751	up	(800, 450)	testing
19	yq	f	18	3	diamond	green	dif	(800, 282)	(968, 450)	vert	up	True	43396	44359	up	(800, 450)	testing
19	yq	f	18	3	circle	red	same	(800, 618)	(968, 450)	vert	up	True	45807	46471	up	(800, 450)	testing
19	yq	f	18	3	circle	green	dif	(800, 282)	(800, 618)	hori	left	True	47893	49255	left	(800, 450)	testing
19	yq	f	18	3	diamond	red	same	(968, 450)	(800, 618)	hori	left	True	50890	52423	left	(800, 450)	testing
19	yq	f	18	3	circle	green	dif	(800, 282)	(632, 450)	hori	left	True	54055	55207	left	(800, 450)	testing
19	yq	f	18	3	diamond	green	dif	(800, 282)	(800, 618)	hori	left	True	56748	57591	left	(800, 450)	testing
19	yq	f	18	3	circle	green	same	(800, 282)	(800, 618)	vert	up	True	58970	60615	up	(800, 450)	testing
19	yq	f	18	3	diamond	green	same	(632, 450)	(968, 450)	vert	up	True	62114	63207	up	(800, 450)	testing
19	yq	f	18	3	diamond	red	dif	(632, 450)	(968, 450)	hori	left	True	64623	65335	left	(800, 450)	testing
19	yq	f	18	3	diamond	red	same	(632, 450)	(800, 282)	vert	up	True	66744	67767	up	(800, 450)	testing
19	yq	f	18	3	circle	red	same	(800, 618)	(632, 450)	vert	up	True	69401	70615	up	(800, 450)	testing
19	yq	f	18	3	diamond	green	same	(632, 450)	(800, 618)	hori	left	True	72023	73143	left	(800, 450)	testing
19	yq	f	18	3	circle	green	same	(968, 450)	(800, 282)	vert	up	True	74530	75703	up	(800, 450)	testing
19	yq	f	18	3	circle	green	same	(968, 450)	(632, 450)	vert	up	True	77160	78439	up	(800, 450)	testing
19	yq	f	18	3	diamond	none	same	N_dis	(632, 450)	hori	left	True	80059	80871	left	(800, 450)	testing
19	yq	f	18	3	circle	red	same	(800, 618)	(800, 282)	vert	up	True	82430	83319	up	(800, 450)	testing
19	yq	f	18	3	circle	none	same	N_dis	(800, 282)	hori	left	True	84746	85591	left	(800, 450)	testing
19	yq	f	18	3	circle	green	dif	(800, 618)	(632, 450)	hori	left	True	86974	88023	left	(800, 450)	testing
19	yq	f	18	3	diamond	none	dif	N_dis	(800, 282)	vert	up	True	89405	90807	up	(800, 450)	testing
19	yq	f	18	3	circle	none	dif	N_dis	(968, 450)	vert	up	True	92245	93655	up	(800, 450)	testing
19	yq	f	18	3	circle	none	dif	N_dis	(968, 450)	vert	up	True	95064	95943	up	(800, 450)	testing
19	yq	f	18	3	diamond	none	same	N_dis	(800, 618)	hori	left	True	97520	98455	left	(800, 450)	testing
19	yq	f	18	3	circle	none	same	N_dis	(968, 450)	vert	up	True	100001	100775	up	(800, 450)	testing
19	yq	f	18	3	diamond	none	same	N_dis	(800, 618)	hori	left	True	102134	103127	left	(800, 450)	testing
19	yq	f	18	3	circle	red	dif	(800, 618)	(968, 450)	hori	left	True	104661	105447	left	(800, 450)	testing
19	yq	f	18	3	circle	red	dif	(632, 450)	(800, 282)	vert	up	True	107098	107799	up	(800, 450)	testing
19	yq	f	18	3	diamond	none	dif	N_dis	(800, 282)	vert	up	True	109212	109943	up	(800, 450)	testing
19	yq	f	18	3	circle	none	dif	N_dis	(800, 282)	hori	left	True	111488	112199	left	(800, 450)	testing
19	yq	f	18	3	diamond	none	same	N_dis	(968, 450)	vert	up	True	113628	114439	up	(800, 450)	testing
19	yq	f	18	3	circle	green	dif	(800, 282)	(632, 450)	hori	left	True	115797	116647	left	(800, 450)	testing
19	yq	f	18	3	circle	none	same	N_dis	(800, 618)	vert	up	True	118091	118903	up	(800, 450)	testing
19	yq	f	18	3	diamond	none	dif	N_dis	(632, 450)	vert	up	True	120349	121159	up	(800, 450)	testing
19	yq	f	18	3	circle	green	same	(800, 618)	(968, 450)	vert	up	True	122514	123319	up	(800, 450)	testing
19	yq	f	18	3	diamond	red	dif	(800, 618)	(800, 282)	vert	up	True	124935	125671	up	(800, 450)	testing
19	yq	f	18	3	circle	none	dif	N_dis	(632, 450)	vert	up	True	127146	128007	up	(800, 450)	testing
19	yq	f	18	3	diamond	green	same	(632, 450)	(968, 450)	vert	up	True	129596	130663	up	(800, 450)	testing
19	yq	f	18	3	diamond	none	same	N_dis	(800, 618)	vert	up	True	132099	133079	up	(800, 450)	testing
19	yq	f	18	3	circle	green	dif	(800, 618)	(968, 450)	vert	up	True	134473	135271	up	(800, 450)	testing
19	yq	f	18	3	circle	none	same	N_dis	(800, 282)	hori	left	True	136822	137847	left	(800, 450)	testing
19	yq	f	18	3	diamond	red	dif	(968, 450)	(632, 450)	vert	up	True	139404	140151	up	(800, 450)	testing
19	yq	f	18	3	circle	red	same	(968, 450)	(800, 282)	vert	up	True	141598	142663	up	(800, 450)	testing
19	yq	f	18	3	diamond	green	same	(968, 450)	(800, 282)	vert	up	True	144282	145479	up	(800, 450)	testing
19	yq	f	18	3	circle	none	same	N_dis	(632, 450)	vert	up	True	146923	147655	up	(800, 450)	testing
19	yq	f	18	3	circle	green	same	(632, 450)	(800, 282)	vert	up	True	149017	149751	up	(800, 450)	testing
19	yq	f	18	3	circle	none	dif	N_dis	(632, 450)	vert	up	True	151292	152215	up	(800, 450)	testing
19	yq	f	18	3	diamond	red	dif	(968, 450)	(800, 618)	vert	up	True	153824	155463	up	(800, 450)	testing
19	yq	f	18	3	diamond	green	dif	(800, 618)	(800, 282)	hori	left	True	157014	158119	left	(800, 450)	testing
19	yq	f	18	3	diamond	red	same	(800, 282)	(968, 450)	vert	up	True	159564	160631	up	(800, 450)	testing
19	yq	f	18	3	diamond	green	dif	(800, 282)	(968, 450)	vert	up	True	162017	163207	up	(800, 450)	testing
19	yq	f	18	3	diamond	green	dif	(968, 450)	(800, 282)	hori	left	True	164705	165623	left	(800, 450)	testing
19	yq	f	18	3	diamond	red	dif	(968, 450)	(800, 618)	hori	left	True	167022	167815	left	(800, 450)	testing
19	yq	f	18	3	circle	red	dif	(800, 282)	(632, 450)	vert	up	True	169449	170359	up	(800, 450)	testing
19	yq	f	18	3	diamond	green	same	(632, 450)	(968, 450)	vert	up	True	171892	172503	up	(800, 450)	testing
19	yq	f	18	3	diamond	none	dif	N_dis	(800, 618)	hori	left	True	174040	174791	left	(800, 450)	testing
19	yq	f	18	3	circle	red	dif	(800, 618)	(632, 450)	vert	up	True	176177	177319	up	(800, 450)	testing
19	yq	f	18	3	diamond	none	dif	N_dis	(968, 450)	vert	up	True	178940	179591	up	(800, 450)	testing
19	yq	f	18	3	circle	red	same	(632, 450)	(800, 618)	vert	up	True	180964	182519	up	(800, 450)	testing
19	yq	f	18	3	diamond	red	same	(800, 282)	(968, 450)	vert	up	True	184143	185143	up	(800, 450)	testing
19	yq	f	18	3	circle	red	dif	(632, 450)	(800, 618)	vert	up	True	186563	187847	up	(800, 450)	testing
19	yq	f	18	3	diamond	red	same	(968, 450)	(632, 450)	hori	left	True	189351	190263	left	(800, 450)	testing
19	yq	f	18	3	diamond	green	dif	(800, 282)	(968, 450)	hori	left	True	191819	192535	left	(800, 450)	testing
19	yq	f	18	3	circle	red	same	(800, 618)	(968, 450)	hori	left	True	193922	194647	left	(800, 450)	testing
19	yq	f	18	3	circle	green	dif	(800, 282)	(800, 618)	vert	up	True	196127	196919	up	(800, 450)	testing
19	yq	f	18	3	diamond	red	same	(968, 450)	(800, 618)	hori	left	True	198374	199335	left	(800, 450)	testing
19	yq	f	18	3	circle	green	dif	(800, 282)	(632, 450)	vert	up	True	200778	201751	up	(800, 450)	testing
19	yq	f	18	3	diamond	green	dif	(800, 282)	(800, 618)	hori	left	True	203147	203895	left	(800, 450)	testing
19	yq	f	18	3	circle	green	same	(800, 282)	(800, 618)	vert	up	True	205514	206503	up	(800, 450)	testing
19	yq	f	18	3	diamond	green	same	(632, 450)	(968, 450)	vert	up	True	208110	208903	up	(800, 450)	testing
19	yq	f	18	3	diamond	red	dif	(632, 450)	(968, 450)	vert	up	True	210505	211111	up	(800, 450)	testing
19	yq	f	18	3	diamond	red	same	(632, 450)	(800, 282)	vert	up	True	212612	213479	up	(800, 450)	testing
19	yq	f	18	3	circle	red	same	(800, 618)	(632, 450)	vert	up	True	214963	215895	up	(800, 450)	testing
19	yq	f	18	3	diamond	green	same	(632, 450)	(800, 618)	hori	left	True	217377	218311	left	(800, 450)	testing
19	yq	f	18	3	circle	green	same	(968, 450)	(800, 282)	vert	up	True	219860	221671	up	(800, 450)	testing
19	yq	f	18	3	circle	green	same	(968, 450)	(632, 450)	hori	left	True	223273	224103	left	(800, 450)	testing
19	yq	f	18	3	diamond	none	same	N_dis	(632, 450)	hori	left	True	225658	226967	left	(800, 450)	testing
19	yq	f	18	3	circle	red	same	(800, 618)	(800, 282)	vert	up	True	228573	229863	up	(800, 450)	testing
19	yq	f	18	3	circle	none	same	N_dis	(800, 282)	hori	left	True	231329	232087	left	(800, 450)	testing
19	yq	f	18	3	circle	green	dif	(800, 618)	(632, 450)	hori	left	True	233603	234231	left	(800, 450)	testing
19	yq	f	18	3	diamond	none	dif	N_dis	(800, 282)	vert	up	True	235788	237303	up	(800, 450)	testing
19	yq	f	18	3	circle	none	dif	N_dis	(968, 450)	hori	left	True	238901	239607	left	(800, 450)	testing
19	yq	f	18	3	circle	none	dif	N_dis	(968, 450)	hori	left	True	241060	242183	left	(800, 450)	testing
19	yq	f	18	3	diamond	none	same	N_dis	(800, 618)	vert	up	True	243679	244887	up	(800, 450)	testing
19	yq	f	18	3	circle	none	same	N_dis	(968, 450)	vert	up	True	246406	247143	up	(800, 450)	testing
19	yq	f	18	3	diamond	none	same	N_dis	(800, 618)	vert	up	True	248746	249719	up	(800, 450)	testing
19	yq	f	18	3	circle	red	dif	(800, 618)	(968, 450)	hori	left	True	251139	251831	left	(800, 450)	testing
19	yq	f	18	3	circle	red	dif	(632, 450)	(800, 282)	vert	up	True	253281	254871	up	(800, 450)	testing
19	yq	f	18	3	diamond	none	dif	N_dis	(800, 282)	hori	left	True	256378	257063	left	(800, 450)	testing
19	yq	f	18	3	circle	none	dif	N_dis	(800, 282)	hori	left	True	258710	259495	left	(800, 450)	testing
19	yq	f	18	3	diamond	none	same	N_dis	(968, 450)	hori	left	True	260887	261543	left	(800, 450)	testing
19	yq	f	18	3	circle	green	dif	(800, 282)	(632, 450)	hori	left	True	263056	264391	left	(800, 450)	testing
19	yq	f	18	3	circle	none	same	N_dis	(800, 618)	hori	left	True	265779	266551	left	(800, 450)	testing
19	yq	f	18	3	diamond	none	dif	N_dis	(632, 450)	hori	left	True	267973	268871	left	(800, 450)	testing
19	yq	f	18	3	circle	green	same	(800, 618)	(968, 450)	hori	left	True	270498	271591	left	(800, 450)	testing
19	yq	f	18	3	diamond	red	dif	(800, 618)	(800, 282)	vert	up	True	272984	273671	up	(800, 450)	testing
19	yq	f	18	3	circle	none	dif	N_dis	(632, 450)	hori	left	True	275269	275911	left	(800, 450)	testing
19	yq	f	18	3	diamond	green	same	(632, 450)	(968, 450)	hori	left	True	277357	278359	left	(800, 450)	testing
19	yq	f	18	3	diamond	none	same	N_dis	(800, 618)	vert	up	True	279786	280535	up	(800, 450)	testing
19	yq	f	18	3	circle	green	dif	(800, 618)	(968, 450)	hori	left	True	282012	283031	left	(800, 450)	testing
19	yq	f	18	3	circle	none	same	N_dis	(800, 282)	hori	left	True	284383	285335	left	(800, 450)	testing
19	yq	f	18	3	diamond	red	dif	(968, 450)	(632, 450)	vert	up	True	286783	287415	up	(800, 450)	testing
19	yq	f	18	3	circle	red	same	(968, 450)	(800, 282)	vert	up	True	288956	289943	up	(800, 450)	testing
19	yq	f	18	3	diamond	green	same	(968, 450)	(800, 282)	vert	up	True	291400	292039	up	(800, 450)	testing
19	yq	f	18	3	circle	none	same	N_dis	(632, 450)	hori	left	True	293464	294103	left	(800, 450)	testing
19	yq	f	18	3	circle	green	same	(632, 450)	(800, 282)	hori	left	True	295568	296423	left	(800, 450)	testing
19	yq	f	18	3	circle	none	dif	N_dis	(632, 450)	hori	left	True	297903	298535	left	(800, 450)	testing
19	yq	f	18	3	diamond	red	dif	(968, 450)	(800, 618)	hori	left	True	299926	301015	left	(800, 450)	testing
19	yq	f	18	3	diamond	green	dif	(800, 618)	(800, 282)	hori	left	True	302553	303831	left	(800, 450)	testing
19	yq	f	18	3	diamond	red	same	(800, 282)	(968, 450)	vert	up	True	305369	306295	up	(800, 450)	testing
19	yq	f	18	3	diamond	green	dif	(800, 282)	(968, 450)	vert	up	True	307670	308327	up	(800, 450)	testing
19	yq	f	18	3	diamond	green	dif	(968, 450)	(800, 282)	hori	left	True	309965	310727	left	(800, 450)	testing
19	yq	f	18	3	diamond	red	dif	(968, 450)	(800, 618)	hori	left	True	312197	313143	left	(800, 450)	testing
19	yq	f	18	3	circle	red	dif	(800, 282)	(632, 450)	hori	left	True	314558	315239	left	(800, 450)	testing
19	yq	f	18	3	diamond	green	same	(632, 450)	(968, 450)	vert	up	True	316831	317511	up	(800, 450)	testing
19	yq	f	18	3	diamond	none	dif	N_dis	(800, 618)	vert	up	True	318880	319607	up	(800, 450)	testing
19	yq	f	18	3	circle	red	dif	(800, 618)	(632, 450)	vert	up	True	320981	322167	up	(800, 450)	testing
19	yq	f	18	3	diamond	none	dif	N_dis	(968, 450)	hori	left	True	323801	324503	left	(800, 450)	testing
19	yq	f	18	3	circle	red	same	(632, 450)	(800, 618)	vert	up	True	326106	327111	up	(800, 450)	testing
19	yq	f	18	3	diamond	red	same	(800, 282)	(968, 450)	vert	up	True	328509	329287	up	(800, 450)	testing
19	yq	f	18	3	circle	red	dif	(632, 450)	(800, 618)	hori	left	True	330888	332279	left	(800, 450)	testing
19	yq	f	18	3	diamond	red	same	(968, 450)	(632, 450)	hori	left	True	333724	334887	left	(800, 450)	testing
19	yq	f	18	3	diamond	green	dif	(800, 282)	(968, 450)	hori	left	True	336481	337095	left	(800, 450)	testing
19	yq	f	18	3	circle	red	same	(800, 618)	(968, 450)	hori	left	True	338688	339687	left	(800, 450)	testing
19	yq	f	18	3	circle	green	dif	(800, 282)	(800, 618)	hori	left	True	341111	342519	left	(800, 450)	testing
19	yq	f	18	3	diamond	red	same	(968, 450)	(800, 618)	vert	up	True	344029	345383	up	(800, 450)	testing
19	yq	f	18	3	circle	green	dif	(800, 282)	(632, 450)	vert	up	True	346820	347927	up	(800, 450)	testing
19	yq	f	18	3	diamond	green	dif	(800, 282)	(800, 618)	hori	left	True	349420	350183	left	(800, 450)	testing
19	yq	f	18	3	circle	green	same	(800, 282)	(800, 618)	vert	up	True	351607	352871	up	(800, 450)	testing
19	yq	f	18	3	diamond	green	same	(632, 450)	(968, 450)	vert	up	True	354322	355015	up	(800, 450)	testing
19	yq	f	18	3	diamond	red	dif	(632, 450)	(968, 450)	vert	up	True	356418	357127	up	(800, 450)	testing
19	yq	f	18	3	diamond	red	same	(632, 450)	(800, 282)	vert	up	True	358547	359335	up	(800, 450)	testing
19	yq	f	18	3	circle	red	same	(800, 618)	(632, 450)	vert	up	True	360928	361623	up	(800, 450)	testing
19	yq	f	18	3	diamond	green	same	(632, 450)	(800, 618)	vert	up	True	363241	364231	up	(800, 450)	testing
19	yq	f	18	3	circle	green	same	(968, 450)	(800, 282)	hori	left	True	365716	366711	left	(800, 450)	testing
19	yq	f	18	3	circle	green	same	(968, 450)	(632, 450)	hori	left	True	368167	368743	left	(800, 450)	testing
19	yq	f	18	3	diamond	none	same	N_dis	(632, 450)	hori	left	True	370340	371319	left	(800, 450)	testing
19	yq	f	18	3	circle	red	same	(800, 618)	(800, 282)	vert	up	True	372851	373607	up	(800, 450)	testing
19	yq	f	18	3	circle	none	same	N_dis	(800, 282)	hori	left	True	375017	375767	left	(800, 450)	testing
19	yq	f	18	3	circle	green	dif	(800, 618)	(632, 450)	vert	up	True	377367	378215	up	(800, 450)	testing
19	yq	f	18	3	diamond	none	dif	N_dis	(800, 282)	hori	left	True	379733	380551	left	(800, 450)	testing
19	yq	f	18	3	circle	none	dif	N_dis	(968, 450)	vert	up	True	382139	383175	up	(800, 450)	testing
19	yq	f	18	3	circle	none	dif	N_dis	(968, 450)	hori	left	True	384737	385479	left	(800, 450)	testing
19	yq	f	18	3	diamond	none	same	N_dis	(800, 618)	hori	left	True	387061	388343	left	(800, 450)	testing
19	yq	f	18	3	circle	none	same	N_dis	(968, 450)	vert	up	True	389733	390887	up	(800, 450)	testing
19	yq	f	18	3	diamond	none	same	N_dis	(800, 618)	vert	up	True	392452	393735	up	(800, 450)	testing
19	yq	f	18	3	circle	red	dif	(800, 618)	(968, 450)	hori	left	True	395193	396311	left	(800, 450)	testing
19	yq	f	18	3	circle	red	dif	(632, 450)	(800, 282)	vert	up	True	397895	399095	up	(800, 450)	testing
19	yq	f	18	3	diamond	none	dif	N_dis	(800, 282)	hori	left	True	400598	402279	left	(800, 450)	testing
19	yq	f	18	3	circle	none	dif	N_dis	(800, 282)	hori	left	True	403890	404887	left	(800, 450)	testing
19	yq	f	18	3	diamond	none	same	N_dis	(968, 450)	hori	left	True	406257	407287	left	(800, 450)	testing
19	yq	f	18	3	circle	green	dif	(800, 282)	(632, 450)	vert	up	True	408792	409895	up	(800, 450)	testing
19	yq	f	18	3	circle	none	same	N_dis	(800, 618)	hori	left	True	411358	412535	left	(800, 450)	testing
19	yq	f	18	3	diamond	none	dif	N_dis	(632, 450)	hori	left	True	414140	415207	left	(800, 450)	testing
19	yq	f	18	3	circle	green	same	(800, 618)	(968, 450)	hori	left	True	416807	417495	left	(800, 450)	testing
19	yq	f	18	3	diamond	red	dif	(800, 618)	(800, 282)	vert	up	True	419043	419847	up	(800, 450)	testing
19	yq	f	18	3	circle	none	dif	N_dis	(632, 450)	hori	left	True	421225	421943	left	(800, 450)	testing
19	yq	f	18	3	diamond	green	same	(632, 450)	(968, 450)	vert	up	True	423323	424023	up	(800, 450)	testing
19	yq	f	18	3	diamond	none	same	N_dis	(800, 618)	hori	left	True	425602	426679	left	(800, 450)	testing
19	yq	f	18	3	circle	green	dif	(800, 618)	(968, 450)	vert	up	True	428226	429351	up	(800, 450)	testing
19	yq	f	18	3	circle	none	same	N_dis	(800, 282)	vert	up	True	430932	432295	up	(800, 450)	testing
19	yq	f	18	3	diamond	red	dif	(968, 450)	(632, 450)	hori	left	True	433674	434407	left	(800, 450)	testing
19	yq	f	18	3	circle	red	same	(968, 450)	(800, 282)	hori	left	True	435799	437127	left	(800, 450)	testing
19	yq	f	18	3	diamond	green	same	(968, 450)	(800, 282)	hori	left	True	438716	439783	left	(800, 450)	testing
19	yq	f	18	3	circle	none	same	N_dis	(632, 450)	hori	left	True	441267	441975	left	(800, 450)	testing
19	yq	f	18	3	circle	green	same	(632, 450)	(800, 282)	vert	up	True	443495	445095	up	(800, 450)	testing
19	yq	f	18	3	circle	none	dif	N_dis	(632, 450)	hori	left	True	446686	447447	left	(800, 450)	testing
19	yq	f	18	3	diamond	red	dif	(968, 450)	(800, 618)	vert	up	True	448903	449783	up	(800, 450)	testing
19	yq	f	18	3	diamond	green	dif	(800, 618)	(800, 282)	hori	left	True	451422	452327	left	(800, 450)	testing
19	yq	f	18	3	diamond	red	same	(800, 282)	(968, 450)	vert	up	True	453799	455479	up	(800, 450)	testing
19	yq	f	18	3	diamond	green	dif	(800, 282)	(968, 450)	vert	up	True	456935	457511	up	(800, 450)	testing
19	yq	f	18	3	diamond	green	dif	(968, 450)	(800, 282)	vert	up	True	458943	459799	up	(800, 450)	testing
19	yq	f	18	3	diamond	red	dif	(968, 450)	(800, 618)	hori	left	True	461246	462247	left	(800, 450)	testing
19	yq	f	18	3	circle	red	dif	(800, 282)	(632, 450)	vert	up	True	463737	464695	up	(800, 450)	testing
19	yq	f	18	3	diamond	green	same	(632, 450)	(968, 450)	hori	left	True	466249	466999	left	(800, 450)	testing
19	yq	f	18	3	diamond	none	dif	N_dis	(800, 618)	vert	up	True	468458	469271	up	(800, 450)	testing
19	yq	f	18	3	circle	red	dif	(800, 618)	(632, 450)	vert	up	True	470840	471735	up	(800, 450)	testing
19	yq	f	18	3	diamond	none	dif	N_dis	(968, 450)	hori	left	True	473251	474103	left	(800, 450)	testing
19	yq	f	18	3	circle	red	same	(632, 450)	(800, 618)	hori	left	True	475497	476423	left	(800, 450)	testing
19	yq	f	18	3	diamond	red	same	(800, 282)	(968, 450)	hori	left	True	477783	478487	left	(800, 450)	testing
19	yq	f	18	3	circle	red	dif	(632, 450)	(800, 618)	vert	up	True	479897	480695	up	(800, 450)	testing
19	yq	f	18	3	diamond	red	same	(968, 450)	(632, 450)	hori	left	True	482311	483015	left	(800, 450)	testing
19	yq	f	18	3	diamond	green	dif	(800, 282)	(968, 450)	hori	left	True	484389	484967	left	(800, 450)	testing
19	yq	f	18	3	circle	red	same	(800, 618)	(968, 450)	hori	left	True	486529	487975	left	(800, 450)	testing
19	yq	f	18	3	circle	green	dif	(800, 282)	(800, 618)	vert	up	True	489374	490583	up	(800, 450)	testing
19	yq	f	18	3	diamond	red	same	(968, 450)	(800, 618)	vert	up	True	492160	493207	up	(800, 450)	testing
19	yq	f	18	3	circle	green	dif	(800, 282)	(632, 450)	vert	up	True	494815	495959	up	(800, 450)	testing
19	yq	f	18	3	diamond	green	dif	(800, 282)	(800, 618)	vert	up	True	497452	498183	up	(800, 450)	testing
19	yq	f	18	3	circle	green	same	(800, 282)	(800, 618)	vert	up	True	499801	501191	up	(800, 450)	testing
19	yq	f	18	3	diamond	green	same	(632, 450)	(968, 450)	vert	up	True	502570	503399	up	(800, 450)	testing
19	yq	f	18	3	diamond	red	dif	(632, 450)	(968, 450)	vert	up	True	504959	505751	up	(800, 450)	testing
19	yq	f	18	3	diamond	red	same	(632, 450)	(800, 282)	hori	left	True	507199	508311	left	(800, 450)	testing
19	yq	f	18	3	circle	red	same	(800, 618)	(632, 450)	vert	up	True	509957	510855	up	(800, 450)	testing
19	yq	f	18	3	diamond	green	same	(632, 450)	(800, 618)	hori	left	True	512266	513431	left	(800, 450)	testing
19	yq	f	18	3	circle	green	same	(968, 450)	(800, 282)	vert	up	True	514999	516663	up	(800, 450)	testing
19	yq	f	18	3	circle	green	same	(968, 450)	(632, 450)	hori	left	True	518200	519175	left	(800, 450)	testing
19	yq	f	18	3	diamond	none	same	N_dis	(632, 450)	vert	up	True	520743	521591	up	(800, 450)	testing
19	yq	f	18	3	circle	red	same	(800, 618)	(800, 282)	hori	left	True	523119	524087	left	(800, 450)	testing
19	yq	f	18	3	circle	none	same	N_dis	(800, 282)	vert	up	True	525667	526407	up	(800, 450)	testing
19	yq	f	18	3	circle	green	dif	(800, 618)	(632, 450)	vert	up	True	528036	529127	up	(800, 450)	testing
19	yq	f	18	3	diamond	none	dif	N_dis	(800, 282)	vert	up	True	530770	531383	up	(800, 450)	testing
19	yq	f	18	3	circle	none	dif	N_dis	(968, 450)	vert	up	True	533026	533735	up	(800, 450)	testing
19	yq	f	18	3	circle	none	dif	N_dis	(968, 450)	hori	left	True	535352	535975	left	(800, 450)	testing
19	yq	f	18	3	diamond	none	same	N_dis	(800, 618)	vert	up	True	537600	539175	up	(800, 450)	testing
19	yq	f	18	3	circle	none	same	N_dis	(968, 450)	vert	up	True	540772	541623	up	(800, 450)	testing
19	yq	f	18	3	diamond	none	same	N_dis	(800, 618)	vert	up	True	543184	544135	up	(800, 450)	testing
19	yq	f	18	3	circle	red	dif	(800, 618)	(968, 450)	vert	up	True	545661	546775	up	(800, 450)	testing
19	yq	f	18	3	circle	red	dif	(632, 450)	(800, 282)	vert	up	True	548181	549783	up	(800, 450)	testing
19	yq	f	18	3	diamond	none	dif	N_dis	(800, 282)	hori	left	True	551170	552167	left	(800, 450)	testing
19	yq	f	18	3	circle	none	dif	N_dis	(800, 282)	hori	left	True	553759	554567	left	(800, 450)	testing
19	yq	f	18	3	diamond	none	same	N_dis	(968, 450)	vert	up	True	555931	557047	up	(800, 450)	testing
19	yq	f	18	3	circle	green	dif	(800, 282)	(632, 450)	hori	left	True	558458	559303	left	(800, 450)	testing
19	yq	f	18	3	circle	none	same	N_dis	(800, 618)	hori	left	True	560884	561623	left	(800, 450)	testing
19	yq	f	18	3	diamond	none	dif	N_dis	(632, 450)	hori	left	True	563207	563943	left	(800, 450)	testing
19	yq	f	18	3	circle	green	same	(800, 618)	(968, 450)	vert	up	True	565308	566167	up	(800, 450)	testing
19	yq	f	18	3	diamond	red	dif	(800, 618)	(800, 282)	hori	left	True	567756	568711	left	(800, 450)	testing
19	yq	f	18	3	circle	none	dif	N_dis	(632, 450)	hori	left	True	570258	571079	left	(800, 450)	testing
19	yq	f	18	3	diamond	green	same	(632, 450)	(968, 450)	vert	up	True	572451	573367	up	(800, 450)	testing
19	yq	f	18	3	diamond	none	same	N_dis	(800, 618)	vert	up	True	574860	575815	up	(800, 450)	testing
19	yq	f	18	3	circle	green	dif	(800, 618)	(968, 450)	vert	up	True	577220	578135	up	(800, 450)	testing
19	yq	f	18	3	circle	none	same	N_dis	(800, 282)	hori	left	True	579731	580487	left	(800, 450)	testing
19	yq	f	18	3	diamond	red	dif	(968, 450)	(632, 450)	hori	left	True	582053	582935	left	(800, 450)	testing
19	yq	f	18	3	circle	red	same	(968, 450)	(800, 282)	vert	up	True	584310	585175	up	(800, 450)	testing
19	yq	f	18	3	diamond	green	same	(968, 450)	(800, 282)	hori	left	True	586785	587895	left	(800, 450)	testing
19	yq	f	18	3	circle	none	same	N_dis	(632, 450)	hori	left	True	589471	590119	left	(800, 450)	testing
19	yq	f	18	3	circle	green	same	(632, 450)	(800, 282)	hori	left	True	591730	593159	left	(800, 450)	testing
19	yq	f	18	3	circle	none	dif	N_dis	(632, 450)	vert	up	True	594779	595479	up	(800, 450)	testing
19	yq	f	18	3	diamond	red	dif	(968, 450)	(800, 618)	vert	up	True	596978	598039	up	(800, 450)	testing
19	yq	f	18	3	diamond	green	dif	(800, 618)	(800, 282)	vert	up	True	599512	600279	up	(800, 450)	testing
19	yq	f	18	3	diamond	red	same	(800, 282)	(968, 450)	hori	left	True	601746	602871	left	(800, 450)	testing
19	yq	f	18	3	diamond	green	dif	(800, 282)	(968, 450)	vert	up	True	604518	605687	up	(800, 450)	testing
19	yq	f	18	3	diamond	green	dif	(968, 450)	(800, 282)	vert	up	True	607124	607943	up	(800, 450)	testing
19	yq	f	18	3	diamond	red	dif	(968, 450)	(800, 618)	vert	up	True	609393	610215	up	(800, 450)	testing
19	yq	f	18	3	circle	red	dif	(800, 282)	(632, 450)	hori	left	True	611722	612583	up	(800, 450)	testing
19	yq	f	18	3	diamond	green	same	(632, 450)	(968, 450)	hori	left	True	615498	616199	left	(800, 450)	testing
19	yq	f	18	3	diamond	none	dif	N_dis	(800, 618)	vert	up	True	617775	618455	up	(800, 450)	testing
19	yq	f	18	3	circle	red	dif	(800, 618)	(632, 450)	vert	up	True	620104	621911	up	(800, 450)	testing
19	yq	f	18	3	diamond	none	dif	N_dis	(968, 450)	vert	up	True	623516	624215	up	(800, 450)	testing
19	yq	f	18	3	circle	red	same	(632, 450)	(800, 618)	vert	up	True	625763	626743	up	(800, 450)	testing
19	yq	f	18	3	diamond	red	same	(800, 282)	(968, 450)	vert	up	True	628248	629207	up	(800, 450)	testing
19	yq	f	18	3	circle	red	dif	(632, 450)	(800, 618)	hori	left	True	630787	631655	left	(800, 450)	testing
19	yq	f	18	3	diamond	red	same	(968, 450)	(632, 450)	hori	left	True	633148	634295	left	(800, 450)	testing
19	yq	f	18	3	diamond	green	dif	(800, 282)	(968, 450)	vert	up	True	635745	636455	up	(800, 450)	testing
19	yq	f	18	3	circle	red	same	(800, 618)	(968, 450)	hori	left	True	637890	638967	left	(800, 450)	testing
19	yq	f	18	3	circle	green	dif	(800, 282)	(800, 618)	hori	left	True	640456	641351	left	(800, 450)	testing
19	yq	f	18	3	diamond	red	same	(968, 450)	(800, 618)	hori	left	True	642891	643831	left	(800, 450)	testing
19	yq	f	18	3	circle	green	dif	(800, 282)	(632, 450)	hori	left	True	645321	645975	left	(800, 450)	testing
19	yq	f	18	3	diamond	green	dif	(800, 282)	(800, 618)	hori	left	True	647419	648263	left	(800, 450)	testing
19	yq	f	18	3	circle	green	same	(800, 282)	(800, 618)	vert	up	True	649657	650599	up	(800, 450)	testing
19	yq	f	18	3	diamond	green	same	(632, 450)	(968, 450)	hori	left	True	652156	652839	left	(800, 450)	testing
19	yq	f	18	3	diamond	red	dif	(632, 450)	(968, 450)	hori	left	True	654464	655063	left	(800, 450)	testing
19	yq	f	18	3	diamond	red	same	(632, 450)	(800, 282)	vert	up	True	656431	657015	up	(800, 450)	testing
19	yq	f	18	3	circle	red	same	(800, 618)	(632, 450)	vert	up	True	658451	659495	up	(800, 450)	testing
19	yq	f	18	3	diamond	green	same	(632, 450)	(800, 618)	hori	left	True	660924	661991	left	(800, 450)	testing
19	yq	f	18	3	circle	green	same	(968, 450)	(800, 282)	hori	left	True	663629	665383	left	(800, 450)	testing
19	yq	f	18	3	circle	green	same	(968, 450)	(632, 450)	hori	left	True	667004	667623	left	(800, 450)	testing
19	yq	f	18	3	diamond	none	same	N_dis	(632, 450)	hori	left	True	669106	670039	left	(800, 450)	testing
19	yq	f	18	3	circle	red	same	(800, 618)	(800, 282)	vert	up	True	671559	672855	up	(800, 450)	testing
19	yq	f	18	3	circle	none	same	N_dis	(800, 282)	vert	up	True	674314	674967	up	(800, 450)	testing
19	yq	f	18	3	circle	green	dif	(800, 618)	(632, 450)	hori	left	True	676443	677207	left	(800, 450)	testing
19	yq	f	18	3	diamond	none	dif	N_dis	(800, 282)	hori	left	True	678809	679639	left	(800, 450)	testing
19	yq	f	18	3	circle	none	dif	N_dis	(968, 450)	vert	up	True	681160	682023	up	(800, 450)	testing
19	yq	f	18	3	circle	none	dif	N_dis	(968, 450)	vert	up	True	683519	684167	up	(800, 450)	testing
19	yq	f	18	3	diamond	none	same	N_dis	(800, 618)	vert	up	True	685546	686439	up	(800, 450)	testing
19	yq	f	18	3	circle	none	same	N_dis	(968, 450)	vert	up	True	687930	688455	up	(800, 450)	testing
19	yq	f	18	3	diamond	none	same	N_dis	(800, 618)	hori	left	True	689874	690839	left	(800, 450)	testing
19	yq	f	18	3	circle	red	dif	(800, 618)	(968, 450)	vert	up	True	692340	693719	up	(800, 450)	testing
19	yq	f	18	3	circle	red	dif	(632, 450)	(800, 282)	hori	left	True	695108	696007	left	(800, 450)	testing
19	yq	f	18	3	diamond	none	dif	N_dis	(800, 282)	hori	left	True	697422	698135	left	(800, 450)	testing
19	yq	f	18	3	circle	none	dif	N_dis	(800, 282)	hori	left	True	699684	700279	left	(800, 450)	testing
19	yq	f	18	3	diamond	none	same	N_dis	(968, 450)	vert	up	True	701893	702871	up	(800, 450)	testing
19	yq	f	18	3	circle	green	dif	(800, 282)	(632, 450)	vert	up	True	704232	705799	up	(800, 450)	testing
19	yq	f	18	3	circle	none	same	N_dis	(800, 618)	vert	up	True	707359	708055	up	(800, 450)	testing
19	yq	f	18	3	diamond	none	dif	N_dis	(632, 450)	hori	left	True	709556	710167	left	(800, 450)	testing
19	yq	f	18	3	circle	green	same	(800, 618)	(968, 450)	vert	up	True	711728	712887	up	(800, 450)	testing
19	yq	f	18	3	diamond	red	dif	(800, 618)	(800, 282)	hori	left	True	714531	715415	left	(800, 450)	testing
19	yq	f	18	3	circle	none	dif	N_dis	(632, 450)	vert	up	True	716828	717607	up	(800, 450)	testing
19	yq	f	18	3	diamond	green	same	(632, 450)	(968, 450)	vert	up	True	718999	719991	up	(800, 450)	testing
19	yq	f	18	3	diamond	none	same	N_dis	(800, 618)	hori	left	True	721416	722247	left	(800, 450)	testing
19	yq	f	18	3	circle	green	dif	(800, 618)	(968, 450)	hori	left	True	723840	724455	left	(800, 450)	testing
19	yq	f	18	3	circle	none	same	N_dis	(800, 282)	vert	up	True	725880	726535	up	(800, 450)	testing
19	yq	f	18	3	diamond	red	dif	(968, 450)	(632, 450)	vert	up	True	727995	728775	up	(800, 450)	testing
19	yq	f	18	3	circle	red	same	(968, 450)	(800, 282)	vert	up	True	730352	731159	up	(800, 450)	testing
19	yq	f	18	3	diamond	green	same	(968, 450)	(800, 282)	hori	left	True	732693	733527	up	(800, 450)	testing
19	yq	f	18	3	circle	none	same	N_dis	(632, 450)	hori	left	True	736540	737127	left	(800, 450)	testing
19	yq	f	18	3	circle	green	same	(632, 450)	(800, 282)	hori	left	True	738605	740439	left	(800, 450)	testing
19	yq	f	18	3	circle	none	dif	N_dis	(632, 450)	vert	up	True	741973	742711	up	(800, 450)	testing
19	yq	f	18	3	diamond	red	dif	(968, 450)	(800, 618)	vert	up	True	744097	745223	up	(800, 450)	testing
19	yq	f	18	3	diamond	green	dif	(800, 618)	(800, 282)	hori	left	True	746655	747735	left	(800, 450)	testing
19	yq	f	18	3	diamond	red	same	(800, 282)	(968, 450)	vert	up	True	749210	750023	left	(800, 450)	testing
19	yq	f	18	3	diamond	green	dif	(800, 282)	(968, 450)	hori	left	True	753168	754839	left	(800, 450)	testing
19	yq	f	18	3	diamond	green	dif	(968, 450)	(800, 282)	vert	up	True	756246	757063	up	(800, 450)	testing
19	yq	f	18	3	diamond	red	dif	(968, 450)	(800, 618)	hori	left	True	758423	759207	left	(800, 450)	testing
19	yq	f	18	3	circle	red	dif	(800, 282)	(632, 450)	hori	left	True	760763	761671	left	(800, 450)	testing
19	yq	f	18	3	diamond	green	same	(632, 450)	(968, 450)	vert	up	True	763031	764039	up	(800, 450)	testing
conf	19	yq	f	18	3	3	5	space	None	None	None	None	None	None	None	True	818909	826839	2
