subj	name	gender	age	runNum	shape	dist	td_dif	d_loc	t_loc	resp	resp_key	gotKey	startTime	respTime	resp	fix_loc	prac
19	yq	f	18	1	circle	none	same	N_dis	(800, 618)	vert	up	True	87488	90237	up	(800, 450)	practice
19	yq	f	18	1	circle	red	same	(632, 450)	(968, 450)	vert	up	True	91845	94189	up	(800, 450)	practice
19	yq	f	18	1	diamond	green	same	(632, 450)	(800, 282)	vert	up	True	95581	98253	up	(800, 450)	practice
19	yq	f	18	1	circle	green	dif	(632, 450)	(800, 618)	hori	left	True	99682	101437	left	(800, 450)	practice
19	yq	f	18	1	circle	red	same	(632, 450)	(968, 450)	hori	left	True	103016	104845	left	(800, 450)	practice
19	yq	f	18	1	circle	none	dif	N_dis	(800, 282)	hori	left	True	106446	108125	left	(800, 450)	practice
19	yq	f	18	1	circle	none	dif	N_dis	(968, 450)	hori	left	True	109483	111117	left	(800, 450)	practice
19	yq	f	18	1	diamond	none	same	N_dis	(800, 282)	vert	up	True	112757	114781	up	(800, 450)	practice
19	yq	f	18	1	circle	none	same	N_dis	(632, 450)	vert	up	True	116305	117757	up	(800, 450)	practice
19	yq	f	18	1	circle	none	same	N_dis	(800, 282)	hori	left	True	119182	120429	left	(800, 450)	practice
19	yq	f	18	1	circle	none	dif	N_dis	(632, 450)	vert	up	True	121786	123069	up	(800, 450)	practice
19	yq	f	18	1	diamond	red	same	(632, 450)	(800, 282)	vert	up	True	124458	125677	up	(800, 450)	practice
19	yq	f	18	1	circle	red	same	(632, 450)	(800, 618)	vert	up	True	127167	128797	up	(800, 450)	practice
19	yq	f	18	1	diamond	red	dif	(632, 450)	(968, 450)	vert	up	True	130356	131677	up	(800, 450)	practice
19	yq	f	18	1	diamond	green	same	(632, 450)	(800, 282)	hori	left	True	133037	134749	left	(800, 450)	practice
19	yq	f	18	1	diamond	none	same	N_dis	(968, 450)	hori	left	True	136187	137389	left	(800, 450)	practice
19	yq	f	18	1	diamond	green	dif	(632, 450)	(800, 618)	hori	left	True	138788	140509	left	(800, 450)	practice
19	yq	f	18	1	diamond	green	same	(632, 450)	(968, 450)	vert	up	True	142117	143341	up	(800, 450)	practice
19	yq	f	18	1	diamond	none	dif	N_dis	(800, 618)	hori	left	True	144980	146093	left	(800, 450)	practice
19	yq	f	18	1	circle	green	dif	(632, 450)	(800, 282)	hori	left	True	147684	149757	left	(800, 450)	practice
19	yq	f	18	1	circle	none	dif	N_dis	(632, 450)	vert	up	True	151300	152317	up	(800, 450)	practice
19	yq	f	18	1	circle	none	dif	N_dis	(800, 282)	vert	up	True	153694	155053	up	(800, 450)	practice
19	yq	f	18	1	circle	red	same	(632, 450)	(800, 618)	hori	left	True	156613	157645	left	(800, 450)	practice
19	yq	f	18	1	diamond	none	dif	N_dis	(968, 450)	vert	up	True	159111	160525	up	(800, 450)	practice
19	yq	f	18	1	circle	green	same	(632, 450)	(968, 450)	vert	up	True	161959	163981	up	(800, 450)	practice
19	yq	f	18	1	circle	green	same	(632, 450)	(800, 282)	hori	left	True	165338	166509	left	(800, 450)	practice
19	yq	f	18	1	circle	none	same	N_dis	(968, 450)	hori	left	True	167966	168909	left	(800, 450)	practice
19	yq	f	18	1	diamond	red	dif	(632, 450)	(800, 618)	vert	up	True	170392	171805	up	(800, 450)	practice
19	yq	f	18	1	circle	none	dif	N_dis	(800, 618)	vert	up	True	173255	174285	up	(800, 450)	practice
19	yq	f	18	1	circle	red	dif	(632, 450)	(968, 450)	vert	up	True	175852	177789	up	(800, 450)	practice
19	yq	f	18	1	diamond	red	same	(632, 450)	(800, 282)	vert	up	True	179308	181549	up	(800, 450)	practice
19	yq	f	18	1	circle	green	dif	(632, 450)	(800, 618)	hori	left	True	182903	184205	left	(800, 450)	practice
19	yq	f	18	1	diamond	green	dif	(632, 450)	(968, 450)	vert	up	True	185613	186813	up	(800, 450)	practice
19	yq	f	18	1	diamond	none	dif	N_dis	(632, 450)	vert	up	True	188283	189373	up	(800, 450)	practice
19	yq	f	18	1	circle	none	same	N_dis	(800, 618)	hori	left	True	190735	192493	left	(800, 450)	practice
19	yq	f	18	1	diamond	red	dif	(632, 450)	(800, 282)	hori	left	True	193892	195885	up	(800, 450)	practice
19	yq	f	18	1	circle	red	dif	(632, 450)	(800, 618)	vert	up	False	199005	None	None	(800, 450)	practice
19	yq	f	18	1	circle	green	dif	(632, 450)	(968, 450)	hori	left	True	205062	206061	left	(800, 450)	practice
19	yq	f	18	1	diamond	red	same	(632, 450)	(800, 282)	vert	up	True	207628	208861	up	(800, 450)	practice
19	yq	f	18	1	circle	none	same	N_dis	(800, 282)	hori	left	True	210395	211421	left	(800, 450)	practice
19	yq	f	18	1	circle	none	same	N_dis	(968, 450)	vert	up	True	226414	227869	up	(800, 450)	testing
19	yq	f	18	1	circle	red	same	(968, 450)	(632, 450)	vert	up	True	229426	230573	up	(800, 450)	testing
19	yq	f	18	1	diamond	none	dif	N_dis	(632, 450)	hori	left	True	232049	233069	left	(800, 450)	testing
19	yq	f	18	1	circle	none	dif	N_dis	(632, 450)	vert	up	True	234672	235517	up	(800, 450)	testing
19	yq	f	18	1	circle	none	dif	N_dis	(632, 450)	hori	left	True	236924	237709	left	(800, 450)	testing
19	yq	f	18	1	diamond	none	same	N_dis	(800, 282)	vert	up	True	239268	240205	up	(800, 450)	testing
19	yq	f	18	1	circle	green	dif	(800, 618)	(632, 450)	vert	up	True	241647	242733	up	(800, 450)	testing
19	yq	f	18	1	diamond	none	same	N_dis	(632, 450)	hori	left	True	244112	245293	left	(800, 450)	testing
19	yq	f	18	1	circle	green	same	(632, 450)	(800, 618)	vert	up	True	246876	248989	up	(800, 450)	testing
19	yq	f	18	1	diamond	red	same	(800, 618)	(632, 450)	hori	left	True	250460	251885	left	(800, 450)	testing
19	yq	f	18	1	circle	green	same	(800, 282)	(632, 450)	hori	left	True	253352	254381	left	(800, 450)	testing
19	yq	f	18	1	diamond	red	same	(968, 450)	(800, 618)	vert	up	True	255910	257261	up	(800, 450)	testing
19	yq	f	18	1	circle	none	same	N_dis	(800, 618)	vert	up	True	258735	260173	up	(800, 450)	testing
19	yq	f	18	1	circle	green	dif	(632, 450)	(800, 618)	hori	left	True	261704	263021	left	(800, 450)	testing
19	yq	f	18	1	diamond	none	same	N_dis	(800, 282)	hori	left	True	264439	265693	left	(800, 450)	testing
19	yq	f	18	1	circle	none	same	N_dis	(800, 618)	vert	up	True	267144	268461	up	(800, 450)	testing
19	yq	f	18	1	diamond	red	dif	(800, 618)	(632, 450)	hori	left	True	269900	271261	left	(800, 450)	testing
19	yq	f	18	1	diamond	red	same	(632, 450)	(968, 450)	vert	up	True	272722	273693	up	(800, 450)	testing
19	yq	f	18	1	circle	red	same	(968, 450)	(800, 282)	hori	left	True	275234	276733	left	(800, 450)	testing
19	yq	f	18	1	diamond	green	dif	(800, 282)	(968, 450)	hori	left	True	278260	279581	left	(800, 450)	testing
19	yq	f	18	1	diamond	red	same	(632, 450)	(800, 282)	vert	up	True	281145	283853	up	(800, 450)	testing
19	yq	f	18	1	diamond	none	dif	N_dis	(968, 450)	vert	up	True	285219	286797	left	(800, 450)	testing
19	yq	f	18	1	diamond	red	dif	(632, 450)	(800, 282)	hori	left	True	289815	291437	left	(800, 450)	testing
19	yq	f	18	1	diamond	green	same	(632, 450)	(968, 450)	hori	left	True	292942	294445	left	(800, 450)	testing
19	yq	f	18	1	diamond	red	same	(632, 450)	(800, 282)	vert	up	True	296072	297133	up	(800, 450)	testing
19	yq	f	18	1	diamond	none	same	N_dis	(968, 450)	vert	up	True	298692	299629	left	(800, 450)	testing
19	yq	f	18	1	diamond	green	same	(632, 450)	(968, 450)	vert	up	True	302698	303949	up	(800, 450)	testing
19	yq	f	18	1	diamond	none	same	N_dis	(968, 450)	vert	up	True	305389	306221	up	(800, 450)	testing
19	yq	f	18	1	diamond	none	dif	N_dis	(800, 282)	vert	up	True	307636	308477	up	(800, 450)	testing
19	yq	f	18	1	circle	green	same	(800, 618)	(800, 282)	hori	left	True	310057	311645	left	(800, 450)	testing
19	yq	f	18	1	diamond	red	dif	(800, 618)	(632, 450)	hori	left	True	313151	314413	left	(800, 450)	testing
19	yq	f	18	1	circle	red	dif	(800, 282)	(632, 450)	vert	up	True	316004	317373	up	(800, 450)	testing
19	yq	f	18	1	diamond	none	same	N_dis	(968, 450)	vert	up	True	318982	319821	up	(800, 450)	testing
19	yq	f	18	1	diamond	none	dif	N_dis	(968, 450)	vert	up	True	321377	322045	up	(800, 450)	testing
19	yq	f	18	1	circle	none	same	N_dis	(632, 450)	vert	up	True	323663	325373	up	(800, 450)	testing
19	yq	f	18	1	diamond	red	dif	(632, 450)	(968, 450)	hori	left	True	326801	329245	left	(800, 450)	testing
19	yq	f	18	1	diamond	red	dif	(800, 282)	(632, 450)	hori	left	True	330655	331917	left	(800, 450)	testing
19	yq	f	18	1	circle	green	dif	(800, 282)	(800, 618)	vert	up	True	333475	334749	up	(800, 450)	testing
19	yq	f	18	1	diamond	green	dif	(800, 618)	(632, 450)	vert	up	True	336284	337885	up	(800, 450)	testing
19	yq	f	18	1	diamond	red	same	(632, 450)	(800, 282)	hori	left	True	339433	342109	left	(800, 450)	testing
19	yq	f	18	1	circle	none	same	N_dis	(800, 618)	hori	left	True	343671	345245	left	(800, 450)	testing
19	yq	f	18	1	circle	none	dif	N_dis	(800, 618)	hori	left	True	346682	347485	left	(800, 450)	testing
19	yq	f	18	1	circle	red	same	(800, 282)	(632, 450)	vert	up	True	349136	351165	up	(800, 450)	testing
19	yq	f	18	1	circle	none	same	N_dis	(800, 282)	vert	up	True	352787	353853	up	(800, 450)	testing
19	yq	f	18	1	diamond	none	same	N_dis	(968, 450)	hori	left	True	355390	356941	left	(800, 450)	testing
19	yq	f	18	1	circle	green	dif	(632, 450)	(800, 618)	vert	up	True	358542	360877	up	(800, 450)	testing
19	yq	f	18	1	diamond	none	same	N_dis	(800, 618)	hori	left	True	362334	363485	left	(800, 450)	testing
19	yq	f	18	1	diamond	none	same	N_dis	(632, 450)	hori	left	True	364912	366237	left	(800, 450)	testing
19	yq	f	18	1	diamond	green	dif	(800, 282)	(632, 450)	vert	up	True	367724	369501	up	(800, 450)	testing
19	yq	f	18	1	circle	green	dif	(968, 450)	(632, 450)	hori	left	True	370870	371901	left	(800, 450)	testing
19	yq	f	18	1	circle	green	same	(632, 450)	(968, 450)	hori	left	True	373533	374285	left	(800, 450)	testing
19	yq	f	18	1	circle	none	dif	N_dis	(800, 282)	vert	up	True	375729	376541	up	(800, 450)	testing
19	yq	f	18	1	diamond	green	dif	(800, 618)	(800, 282)	hori	left	True	378007	379341	left	(800, 450)	testing
19	yq	f	18	1	circle	none	same	N_dis	(632, 450)	vert	up	True	380982	381949	up	(800, 450)	testing
19	yq	f	18	1	circle	red	dif	(632, 450)	(800, 618)	vert	up	True	383413	384333	up	(800, 450)	testing
19	yq	f	18	1	circle	green	same	(632, 450)	(800, 282)	hori	left	True	385783	387293	left	(800, 450)	testing
19	yq	f	18	1	diamond	green	dif	(632, 450)	(800, 618)	vert	up	True	388729	389613	up	(800, 450)	testing
19	yq	f	18	1	circle	green	same	(632, 450)	(800, 282)	hori	left	True	391170	391901	left	(800, 450)	testing
19	yq	f	18	1	circle	red	dif	(800, 282)	(800, 618)	hori	left	True	393308	394125	left	(800, 450)	testing
19	yq	f	18	1	diamond	green	dif	(632, 450)	(800, 282)	vert	up	True	395670	396397	up	(800, 450)	testing
19	yq	f	18	1	diamond	none	dif	N_dis	(800, 618)	vert	up	True	397927	398877	up	(800, 450)	testing
19	yq	f	18	1	circle	red	same	(800, 618)	(968, 450)	hori	left	True	400362	402525	left	(800, 450)	testing
19	yq	f	18	1	diamond	none	dif	N_dis	(968, 450)	vert	up	True	403880	405725	up	(800, 450)	testing
19	yq	f	18	1	circle	red	dif	(800, 282)	(968, 450)	hori	left	True	407352	408205	left	(800, 450)	testing
19	yq	f	18	1	diamond	none	same	N_dis	(632, 450)	vert	up	True	409722	410829	up	(800, 450)	testing
19	yq	f	18	1	diamond	green	dif	(632, 450)	(800, 618)	hori	left	True	412210	413597	left	(800, 450)	testing
19	yq	f	18	1	circle	green	dif	(632, 450)	(800, 282)	vert	up	True	415006	416701	up	(800, 450)	testing
19	yq	f	18	1	diamond	green	dif	(800, 618)	(968, 450)	hori	left	True	418193	419677	left	(800, 450)	testing
19	yq	f	18	1	circle	red	dif	(800, 618)	(632, 450)	vert	up	True	421089	422333	up	(800, 450)	testing
19	yq	f	18	1	circle	green	same	(800, 282)	(632, 450)	hori	left	True	423878	425341	left	(800, 450)	testing
19	yq	f	18	1	circle	red	dif	(800, 282)	(632, 450)	hori	left	True	426888	427949	left	(800, 450)	testing
19	yq	f	18	1	diamond	none	dif	N_dis	(800, 618)	hori	left	True	429484	431293	left	(800, 450)	testing
19	yq	f	18	1	diamond	green	same	(632, 450)	(800, 282)	vert	up	True	432922	434605	up	(800, 450)	testing
19	yq	f	18	1	circle	none	same	N_dis	(800, 282)	vert	up	True	436099	437853	up	(800, 450)	testing
19	yq	f	18	1	circle	red	same	(632, 450)	(800, 618)	vert	up	True	439230	440029	up	(800, 450)	testing
19	yq	f	18	1	circle	none	dif	N_dis	(800, 618)	hori	left	True	441452	442317	left	(800, 450)	testing
19	yq	f	18	1	diamond	none	dif	N_dis	(632, 450)	vert	up	True	443827	444861	up	(800, 450)	testing
19	yq	f	18	1	circle	green	dif	(800, 618)	(632, 450)	hori	left	True	446465	447437	left	(800, 450)	testing
19	yq	f	18	1	circle	none	dif	N_dis	(800, 618)	vert	up	True	449059	450077	up	(800, 450)	testing
19	yq	f	18	1	circle	none	same	N_dis	(632, 450)	hori	left	True	451504	452269	left	(800, 450)	testing
19	yq	f	18	1	diamond	red	dif	(800, 282)	(968, 450)	vert	up	True	453709	454973	up	(800, 450)	testing
19	yq	f	18	1	circle	green	dif	(632, 450)	(800, 618)	hori	left	True	456461	457581	left	(800, 450)	testing
19	yq	f	18	1	circle	red	same	(632, 450)	(968, 450)	hori	left	True	459233	460493	left	(800, 450)	testing
19	yq	f	18	1	diamond	red	same	(968, 450)	(800, 618)	vert	up	True	461950	463421	up	(800, 450)	testing
19	yq	f	18	1	circle	none	same	N_dis	(968, 450)	hori	left	True	464927	465613	left	(800, 450)	testing
19	yq	f	18	1	diamond	red	dif	(632, 450)	(800, 282)	vert	up	True	467034	468269	up	(800, 450)	testing
19	yq	f	18	1	circle	none	dif	N_dis	(800, 618)	hori	left	True	469627	470685	left	(800, 450)	testing
19	yq	f	18	1	circle	red	dif	(632, 450)	(968, 450)	hori	left	True	472095	473725	left	(800, 450)	testing
19	yq	f	18	1	diamond	green	same	(800, 282)	(968, 450)	hori	left	True	475322	476637	left	(800, 450)	testing
19	yq	f	18	1	diamond	green	dif	(968, 450)	(632, 450)	hori	left	True	478177	479405	left	(800, 450)	testing
19	yq	f	18	1	circle	none	dif	N_dis	(800, 618)	vert	up	True	480928	482685	up	(800, 450)	testing
19	yq	f	18	1	circle	none	same	N_dis	(968, 450)	hori	left	True	484098	485101	left	(800, 450)	testing
19	yq	f	18	1	circle	none	dif	N_dis	(968, 450)	vert	up	True	486574	488237	up	(800, 450)	testing
19	yq	f	18	1	diamond	red	dif	(800, 618)	(968, 450)	vert	up	True	489726	490765	up	(800, 450)	testing
19	yq	f	18	1	circle	red	same	(632, 450)	(968, 450)	hori	left	True	492349	493357	left	(800, 450)	testing
19	yq	f	18	1	diamond	red	same	(632, 450)	(968, 450)	vert	up	True	494733	495693	up	(800, 450)	testing
19	yq	f	18	1	circle	red	same	(800, 618)	(632, 450)	vert	up	True	497103	499485	up	(800, 450)	testing
19	yq	f	18	1	diamond	none	dif	N_dis	(968, 450)	hori	left	True	501032	503085	left	(800, 450)	testing
19	yq	f	18	1	circle	green	dif	(632, 450)	(800, 618)	vert	up	True	504701	505885	up	(800, 450)	testing
19	yq	f	18	1	diamond	none	same	N_dis	(632, 450)	hori	left	True	507314	508701	left	(800, 450)	testing
19	yq	f	18	1	circle	red	same	(632, 450)	(968, 450)	hori	left	True	510161	511565	left	(800, 450)	testing
19	yq	f	18	1	diamond	none	same	N_dis	(632, 450)	hori	left	True	512991	513741	left	(800, 450)	testing
19	yq	f	18	1	diamond	none	dif	N_dis	(632, 450)	vert	up	True	515310	516045	up	(800, 450)	testing
19	yq	f	18	1	circle	green	same	(968, 450)	(800, 282)	hori	left	True	517447	518701	left	(800, 450)	testing
19	yq	f	18	1	diamond	green	dif	(632, 450)	(800, 282)	hori	left	True	520345	522077	up	(800, 450)	testing
19	yq	f	18	1	diamond	green	dif	(632, 450)	(800, 618)	vert	up	True	525073	527293	up	(800, 450)	testing
19	yq	f	18	1	diamond	none	dif	N_dis	(632, 450)	hori	left	True	528893	530061	left	(800, 450)	testing
19	yq	f	18	1	circle	red	same	(632, 450)	(800, 618)	vert	up	True	531569	533309	up	(800, 450)	testing
19	yq	f	18	1	diamond	green	same	(800, 618)	(800, 282)	hori	left	True	534902	536205	left	(800, 450)	testing
19	yq	f	18	1	diamond	green	same	(800, 618)	(632, 450)	vert	up	True	537831	539581	up	(800, 450)	testing
19	yq	f	18	1	circle	none	dif	N_dis	(968, 450)	hori	left	True	541143	542317	left	(800, 450)	testing
19	yq	f	18	1	diamond	green	same	(632, 450)	(968, 450)	hori	left	True	543966	545549	left	(800, 450)	testing
19	yq	f	18	1	circle	green	dif	(800, 618)	(968, 450)	vert	up	True	547185	548541	up	(800, 450)	testing
19	yq	f	18	1	circle	red	same	(632, 450)	(968, 450)	hori	left	True	550081	551085	left	(800, 450)	testing
19	yq	f	18	1	diamond	none	dif	N_dis	(800, 282)	vert	up	True	552534	553693	up	(800, 450)	testing
19	yq	f	18	1	circle	red	dif	(800, 282)	(632, 450)	hori	left	True	555057	556205	left	(800, 450)	testing
19	yq	f	18	1	circle	green	dif	(632, 450)	(800, 618)	hori	left	True	557677	559549	left	(800, 450)	testing
19	yq	f	18	1	diamond	green	dif	(632, 450)	(800, 618)	vert	up	True	561031	561965	up	(800, 450)	testing
19	yq	f	18	1	circle	none	same	N_dis	(800, 282)	vert	up	True	563532	564669	up	(800, 450)	testing
19	yq	f	18	1	circle	red	same	(800, 282)	(800, 618)	vert	up	True	566220	567581	up	(800, 450)	testing
19	yq	f	18	1	circle	red	dif	(632, 450)	(968, 450)	vert	up	True	569073	570381	up	(800, 450)	testing
19	yq	f	18	1	diamond	none	dif	N_dis	(800, 282)	hori	left	True	571748	572669	left	(800, 450)	testing
19	yq	f	18	1	circle	none	dif	N_dis	(800, 618)	hori	left	True	574188	575677	left	(800, 450)	testing
19	yq	f	18	1	circle	none	dif	N_dis	(968, 450)	hori	left	True	577128	578173	left	(800, 450)	testing
19	yq	f	18	1	diamond	green	same	(800, 282)	(968, 450)	vert	up	True	579598	580381	up	(800, 450)	testing
19	yq	f	18	1	diamond	none	dif	N_dis	(800, 282)	hori	left	True	581957	582957	left	(800, 450)	testing
19	yq	f	18	1	diamond	red	dif	(632, 450)	(800, 618)	vert	up	True	584374	585693	up	(800, 450)	testing
19	yq	f	18	1	diamond	green	same	(968, 450)	(800, 618)	vert	up	True	587283	588381	up	(800, 450)	testing
19	yq	f	18	1	diamond	red	same	(632, 450)	(800, 282)	vert	up	True	589945	590989	up	(800, 450)	testing
19	yq	f	18	1	diamond	red	same	(968, 450)	(800, 618)	vert	up	True	592623	593485	up	(800, 450)	testing
19	yq	f	18	1	circle	red	same	(968, 450)	(800, 282)	hori	left	True	595015	596109	left	(800, 450)	testing
19	yq	f	18	1	circle	green	same	(632, 450)	(800, 282)	vert	up	True	597751	598765	up	(800, 450)	testing
19	yq	f	18	1	diamond	none	same	N_dis	(632, 450)	vert	up	True	600161	601421	up	(800, 450)	testing
19	yq	f	18	1	diamond	red	same	(632, 450)	(800, 282)	vert	up	True	602860	603773	up	(800, 450)	testing
19	yq	f	18	1	circle	red	same	(632, 450)	(800, 282)	vert	up	True	605379	606429	up	(800, 450)	testing
19	yq	f	18	1	diamond	none	same	N_dis	(800, 618)	hori	left	True	607815	608765	left	(800, 450)	testing
19	yq	f	18	1	circle	green	same	(800, 618)	(800, 282)	vert	up	True	610271	612365	up	(800, 450)	testing
19	yq	f	18	1	circle	red	dif	(632, 450)	(800, 618)	vert	up	True	613860	614893	up	(800, 450)	testing
19	yq	f	18	1	circle	red	dif	(632, 450)	(800, 618)	hori	left	True	616545	617325	left	(800, 450)	testing
19	yq	f	18	1	circle	green	same	(632, 450)	(968, 450)	hori	left	True	618936	619725	left	(800, 450)	testing
19	yq	f	18	1	circle	red	dif	(632, 450)	(968, 450)	hori	left	True	621252	621901	left	(800, 450)	testing
19	yq	f	18	1	circle	red	dif	(800, 282)	(800, 618)	hori	left	True	623346	624541	left	(800, 450)	testing
19	yq	f	18	1	circle	red	dif	(800, 282)	(800, 618)	hori	left	True	626185	626893	left	(800, 450)	testing
19	yq	f	18	1	circle	red	dif	(800, 282)	(800, 618)	hori	left	True	628412	629069	left	(800, 450)	testing
19	yq	f	18	1	circle	green	same	(632, 450)	(800, 618)	vert	up	True	630526	631405	up	(800, 450)	testing
19	yq	f	18	1	diamond	green	same	(632, 450)	(800, 282)	vert	up	True	632892	633789	up	(800, 450)	testing
19	yq	f	18	1	diamond	none	dif	N_dis	(800, 618)	hori	left	True	635143	636493	left	(800, 450)	testing
19	yq	f	18	1	diamond	red	dif	(800, 618)	(968, 450)	hori	left	True	637870	639565	left	(800, 450)	testing
19	yq	f	18	1	circle	green	same	(800, 282)	(968, 450)	hori	left	True	641052	642541	left	(800, 450)	testing
19	yq	f	18	1	circle	green	same	(968, 450)	(632, 450)	vert	up	True	644073	645965	up	(800, 450)	testing
19	yq	f	18	1	circle	none	same	N_dis	(800, 618)	hori	left	True	647361	648253	left	(800, 450)	testing
19	yq	f	18	1	diamond	green	dif	(632, 450)	(968, 450)	vert	up	True	649702	651053	up	(800, 450)	testing
19	yq	f	18	1	diamond	none	same	N_dis	(800, 282)	vert	up	True	652441	653341	up	(800, 450)	testing
19	yq	f	18	1	circle	none	dif	N_dis	(632, 450)	hori	left	True	654974	655901	left	(800, 450)	testing
19	yq	f	18	1	circle	green	same	(632, 450)	(800, 618)	vert	up	True	657342	658061	up	(800, 450)	testing
19	yq	f	18	1	diamond	green	dif	(800, 282)	(968, 450)	hori	left	True	659594	660605	left	(800, 450)	testing
19	yq	f	18	1	diamond	green	same	(632, 450)	(968, 450)	hori	left	True	662228	663053	left	(800, 450)	testing
19	yq	f	18	1	circle	green	dif	(800, 618)	(800, 282)	hori	left	True	664635	665661	up	(800, 450)	testing
19	yq	f	18	1	diamond	red	same	(632, 450)	(800, 282)	vert	up	True	668613	669661	up	(800, 450)	testing
19	yq	f	18	1	diamond	none	same	N_dis	(800, 282)	hori	left	True	671297	672077	left	(800, 450)	testing
19	yq	f	18	1	diamond	none	same	N_dis	(968, 450)	hori	left	True	673459	674509	left	(800, 450)	testing
19	yq	f	18	1	diamond	none	same	N_dis	(800, 618)	hori	left	True	675901	677037	left	(800, 450)	testing
19	yq	f	18	1	circle	none	same	N_dis	(800, 282)	vert	up	True	678572	679421	up	(800, 450)	testing
19	yq	f	18	1	diamond	none	dif	N_dis	(800, 282)	vert	up	True	680968	681965	up	(800, 450)	testing
19	yq	f	18	1	diamond	none	same	N_dis	(800, 282)	vert	up	True	683587	684205	up	(800, 450)	testing
19	yq	f	18	1	diamond	none	dif	N_dis	(968, 450)	vert	up	True	685842	686957	up	(800, 450)	testing
19	yq	f	18	1	circle	red	same	(800, 618)	(800, 282)	vert	up	True	688363	689837	up	(800, 450)	testing
19	yq	f	18	1	circle	green	dif	(632, 450)	(800, 282)	hori	left	True	691404	692813	left	(800, 450)	testing
19	yq	f	18	1	diamond	green	dif	(632, 450)	(968, 450)	vert	up	True	694309	695293	up	(800, 450)	testing
19	yq	f	18	1	diamond	green	dif	(968, 450)	(632, 450)	vert	up	True	696852	697725	up	(800, 450)	testing
19	yq	f	18	1	diamond	green	dif	(968, 450)	(632, 450)	hori	left	True	699117	699981	left	(800, 450)	testing
19	yq	f	18	1	circle	none	dif	N_dis	(800, 618)	vert	up	True	701629	702733	up	(800, 450)	testing
19	yq	f	18	1	circle	none	same	N_dis	(800, 618)	hori	left	True	704363	705453	left	(800, 450)	testing
19	yq	f	18	1	circle	green	dif	(968, 450)	(800, 618)	hori	left	True	707089	708333	up	(800, 450)	testing
19	yq	f	18	1	diamond	red	same	(800, 282)	(800, 618)	hori	left	True	711467	713293	left	(800, 450)	testing
19	yq	f	18	1	diamond	green	same	(632, 450)	(968, 450)	vert	up	True	714870	715949	up	(800, 450)	testing
19	yq	f	18	1	circle	none	same	N_dis	(800, 282)	hori	left	True	717427	718861	left	(800, 450)	testing
19	yq	f	18	1	circle	none	dif	N_dis	(800, 282)	hori	left	True	720381	721069	left	(800, 450)	testing
19	yq	f	18	1	diamond	red	same	(968, 450)	(632, 450)	hori	left	True	722442	723469	left	(800, 450)	testing
19	yq	f	18	1	diamond	red	same	(968, 450)	(632, 450)	vert	up	True	725077	725869	up	(800, 450)	testing
19	yq	f	18	1	circle	none	dif	N_dis	(632, 450)	vert	up	True	727429	729261	up	(800, 450)	testing
19	yq	f	18	1	diamond	red	dif	(800, 282)	(968, 450)	vert	up	True	730812	732189	up	(800, 450)	testing
19	yq	f	18	1	diamond	none	dif	N_dis	(968, 450)	vert	up	True	733668	734349	up	(800, 450)	testing
19	yq	f	18	1	circle	red	same	(800, 282)	(968, 450)	vert	up	True	735781	736861	up	(800, 450)	testing
19	yq	f	18	1	circle	none	same	N_dis	(968, 450)	vert	up	True	738266	738973	up	(800, 450)	testing
19	yq	f	18	1	circle	red	same	(632, 450)	(800, 618)	vert	up	True	740597	741629	up	(800, 450)	testing
19	yq	f	18	1	diamond	none	same	N_dis	(800, 282)	hori	left	True	743007	743885	left	(800, 450)	testing
19	yq	f	18	1	circle	none	same	N_dis	(800, 282)	hori	left	True	745464	746669	left	(800, 450)	testing
19	yq	f	18	1	diamond	green	dif	(632, 450)	(968, 450)	vert	up	True	748111	748909	up	(800, 450)	testing
19	yq	f	18	1	circle	red	same	(632, 450)	(800, 618)	hori	left	True	750439	751613	left	(800, 450)	testing
19	yq	f	18	1	diamond	green	dif	(632, 450)	(800, 282)	vert	up	True	753115	753933	up	(800, 450)	testing
19	yq	f	18	1	circle	green	same	(632, 450)	(968, 450)	vert	up	True	755494	756301	left	(800, 450)	testing
19	yq	f	18	1	diamond	none	dif	N_dis	(800, 618)	vert	up	True	759388	760525	up	(800, 450)	testing
19	yq	f	18	1	diamond	red	dif	(800, 282)	(632, 450)	hori	left	True	761965	763165	left	(800, 450)	testing
19	yq	f	18	1	diamond	green	same	(632, 450)	(968, 450)	hori	left	True	764733	765485	left	(800, 450)	testing
19	yq	f	18	1	circle	red	dif	(968, 450)	(632, 450)	hori	left	True	766865	767965	up	(800, 450)	testing
19	yq	f	18	1	diamond	red	dif	(800, 618)	(968, 450)	hori	left	True	771091	772269	left	(800, 450)	testing
19	yq	f	18	1	circle	red	dif	(968, 450)	(800, 282)	vert	up	True	773776	774877	left	(800, 450)	testing
19	yq	f	18	1	diamond	red	dif	(632, 450)	(800, 282)	hori	left	True	777973	779757	up	(800, 450)	testing
19	yq	f	18	1	diamond	green	dif	(800, 282)	(800, 618)	vert	up	True	782674	783997	up	(800, 450)	testing
19	yq	f	18	1	circle	green	dif	(632, 450)	(800, 282)	hori	left	True	785389	787053	left	(800, 450)	testing
19	yq	f	18	1	circle	none	same	N_dis	(800, 618)	hori	left	True	788659	789773	left	(800, 450)	testing
19	yq	f	18	1	circle	red	dif	(632, 450)	(968, 450)	hori	left	True	791374	792413	left	(800, 450)	testing
19	yq	f	18	1	circle	none	same	N_dis	(800, 618)	vert	up	True	793862	794925	up	(800, 450)	testing
19	yq	f	18	1	circle	green	dif	(968, 450)	(800, 282)	hori	left	True	796491	798509	left	(800, 450)	testing
19	yq	f	18	1	circle	green	same	(632, 450)	(800, 282)	vert	up	True	799981	801037	up	(800, 450)	testing
19	yq	f	18	1	circle	green	same	(800, 618)	(632, 450)	hori	left	True	802447	803389	left	(800, 450)	testing
19	yq	f	18	1	circle	none	same	N_dis	(632, 450)	vert	up	True	804799	805693	up	(800, 450)	testing
19	yq	f	18	1	circle	green	same	(800, 618)	(968, 450)	hori	left	True	807308	808269	left	(800, 450)	testing
19	yq	f	18	1	diamond	green	same	(800, 618)	(968, 450)	hori	left	True	809763	811773	left	(800, 450)	testing
19	yq	f	18	1	diamond	none	dif	N_dis	(968, 450)	hori	left	True	813410	814221	left	(800, 450)	testing
19	yq	f	18	1	diamond	red	same	(800, 618)	(968, 450)	vert	up	True	815636	816381	up	(800, 450)	testing
19	yq	f	18	1	circle	none	dif	N_dis	(632, 450)	vert	up	True	817816	818909	up	(800, 450)	testing
19	yq	f	18	1	circle	red	same	(632, 450)	(800, 618)	hori	left	True	820554	821725	left	(800, 450)	testing
19	yq	f	18	1	circle	green	same	(632, 450)	(800, 618)	hori	left	True	823099	824173	left	(800, 450)	testing
19	yq	f	18	1	circle	none	same	N_dis	(632, 450)	hori	left	True	825758	826701	left	(800, 450)	testing
19	yq	f	18	1	circle	green	dif	(968, 450)	(800, 282)	hori	left	True	828335	830013	left	(800, 450)	testing
19	yq	f	18	1	circle	green	dif	(800, 618)	(800, 282)	hori	left	True	831459	832877	left	(800, 450)	testing
19	yq	f	18	1	circle	red	dif	(800, 618)	(800, 282)	vert	up	True	834378	836141	up	(800, 450)	testing
19	yq	f	18	1	circle	green	dif	(632, 450)	(968, 450)	hori	left	True	837519	838493	left	(800, 450)	testing
19	yq	f	18	1	diamond	green	same	(800, 282)	(632, 450)	vert	up	True	840144	841485	up	(800, 450)	testing
19	yq	f	18	1	circle	green	same	(632, 450)	(800, 618)	vert	up	True	842922	844509	up	(800, 450)	testing
19	yq	f	18	1	circle	red	dif	(632, 450)	(800, 282)	hori	left	True	846103	846893	left	(800, 450)	testing
19	yq	f	18	1	diamond	green	same	(968, 450)	(800, 618)	hori	left	True	848528	849677	left	(800, 450)	testing
19	yq	f	18	1	diamond	red	dif	(632, 450)	(800, 618)	hori	left	True	851213	852077	left	(800, 450)	testing
19	yq	f	18	1	circle	red	dif	(800, 282)	(800, 618)	hori	left	True	853454	854237	left	(800, 450)	testing
19	yq	f	18	1	circle	green	dif	(968, 450)	(800, 282)	vert	up	True	855735	856605	up	(800, 450)	testing
19	yq	f	18	1	diamond	green	same	(968, 450)	(800, 282)	vert	up	True	857961	859085	up	(800, 450)	testing
19	yq	f	18	1	circle	red	same	(968, 450)	(800, 618)	vert	up	True	860515	861405	up	(800, 450)	testing
19	yq	f	18	1	diamond	green	same	(968, 450)	(800, 618)	vert	up	True	862837	863645	up	(800, 450)	testing
19	yq	f	18	1	diamond	red	dif	(632, 450)	(968, 450)	hori	left	True	865223	865965	left	(800, 450)	testing
19	yq	f	18	1	diamond	green	same	(632, 450)	(800, 618)	hori	left	True	867545	868557	left	(800, 450)	testing
19	yq	f	18	1	diamond	red	same	(632, 450)	(800, 282)	hori	left	True	869919	870749	left	(800, 450)	testing
19	yq	f	18	1	diamond	none	same	N_dis	(800, 282)	vert	up	True	872159	872925	up	(800, 450)	testing
19	yq	f	18	1	diamond	red	dif	(800, 618)	(968, 450)	hori	left	True	874465	876013	left	(800, 450)	testing
19	yq	f	18	1	circle	red	dif	(632, 450)	(800, 282)	vert	up	True	877584	878749	up	(800, 450)	testing
19	yq	f	18	1	diamond	green	dif	(800, 618)	(632, 450)	vert	up	True	880278	881501	up	(800, 450)	testing
19	yq	f	18	1	diamond	red	same	(632, 450)	(800, 282)	hori	left	True	882880	883693	left	(800, 450)	testing
19	yq	f	18	1	circle	red	dif	(968, 450)	(800, 618)	hori	left	True	885182	886221	left	(800, 450)	testing
19	yq	f	18	1	diamond	green	dif	(800, 618)	(800, 282)	hori	left	True	887638	888813	left	(800, 450)	testing
19	yq	f	18	1	circle	red	same	(632, 450)	(800, 618)	vert	up	True	890273	891501	up	(800, 450)	testing
19	yq	f	18	1	diamond	green	same	(632, 450)	(800, 282)	vert	up	True	893137	894253	up	(800, 450)	testing
19	yq	f	18	1	diamond	none	same	N_dis	(632, 450)	vert	up	True	895746	896653	up	(800, 450)	testing
19	yq	f	18	1	diamond	green	same	(632, 450)	(968, 450)	vert	up	True	898163	898941	up	(800, 450)	testing
19	yq	f	18	1	diamond	none	dif	N_dis	(800, 282)	hori	left	True	900496	902637	up	(800, 450)	testing
19	yq	f	18	1	circle	none	dif	N_dis	(968, 450)	vert	up	True	905738	906685	up	(800, 450)	testing
19	yq	f	18	1	circle	green	same	(968, 450)	(800, 282)	hori	left	True	908101	910205	left	(800, 450)	testing
19	yq	f	18	1	diamond	red	same	(968, 450)	(632, 450)	vert	up	True	911765	912717	up	(800, 450)	testing
19	yq	f	18	1	circle	none	dif	N_dis	(800, 618)	vert	up	True	914294	915773	up	(800, 450)	testing
19	yq	f	18	1	circle	none	same	N_dis	(968, 450)	vert	up	True	917272	918301	up	(800, 450)	testing
19	yq	f	18	1	circle	red	dif	(800, 282)	(800, 618)	vert	up	True	919735	920733	up	(800, 450)	testing
19	yq	f	18	1	circle	green	same	(968, 450)	(800, 618)	hori	left	True	922247	923389	left	(800, 450)	testing
19	yq	f	18	1	diamond	red	same	(800, 618)	(800, 282)	hori	left	True	924777	926349	left	(800, 450)	testing
19	yq	f	18	1	diamond	red	same	(968, 450)	(632, 450)	hori	left	True	927719	928861	left	(800, 450)	testing
19	yq	f	18	1	diamond	green	dif	(632, 450)	(968, 450)	hori	left	True	930285	931069	left	(800, 450)	testing
19	yq	f	18	1	circle	red	same	(632, 450)	(800, 618)	hori	left	True	932710	934637	left	(800, 450)	testing
19	yq	f	18	1	diamond	none	same	N_dis	(968, 450)	hori	left	True	936107	936973	left	(800, 450)	testing
19	yq	f	18	1	circle	green	dif	(632, 450)	(968, 450)	vert	up	True	938579	939389	up	(800, 450)	testing
19	yq	f	18	1	circle	green	same	(968, 450)	(800, 618)	vert	up	True	940947	942509	up	(800, 450)	testing
19	yq	f	18	1	diamond	none	dif	N_dis	(632, 450)	hori	left	True	944116	945213	left	(800, 450)	testing
19	yq	f	18	1	diamond	red	dif	(632, 450)	(968, 450)	vert	up	True	946612	947549	up	(800, 450)	testing
19	yq	f	18	1	diamond	red	same	(800, 618)	(800, 282)	hori	left	True	949073	950205	left	(800, 450)	testing
19	yq	f	18	1	diamond	red	same	(800, 282)	(800, 618)	hori	left	True	951760	952637	left	(800, 450)	testing
19	yq	f	18	1	diamond	red	dif	(800, 618)	(632, 450)	vert	up	True	954169	955229	up	(800, 450)	testing
19	yq	f	18	1	diamond	none	dif	N_dis	(632, 450)	vert	up	True	956663	957501	up	(800, 450)	testing
19	yq	f	18	1	diamond	none	dif	N_dis	(800, 282)	hori	left	True	958858	959549	left	(800, 450)	testing
19	yq	f	18	1	circle	red	dif	(800, 282)	(800, 618)	vert	up	True	961033	962125	up	(800, 450)	testing
19	yq	f	18	1	circle	red	same	(632, 450)	(800, 282)	vert	up	True	963483	964493	up	(800, 450)	testing
19	yq	f	18	1	circle	none	dif	N_dis	(632, 450)	hori	left	True	966084	966877	left	(800, 450)	testing
19	yq	f	18	1	diamond	none	same	N_dis	(800, 618)	vert	up	True	968497	969517	up	(800, 450)	testing
19	yq	f	18	1	diamond	red	dif	(968, 450)	(800, 282)	vert	up	True	971131	972621	up	(800, 450)	testing
19	yq	f	18	1	circle	green	same	(800, 618)	(968, 450)	vert	up	True	974220	976765	up	(800, 450)	testing
19	yq	f	18	1	diamond	red	same	(800, 618)	(800, 282)	vert	up	True	978291	979389	up	(800, 450)	testing
19	yq	f	18	1	diamond	red	same	(800, 282)	(968, 450)	hori	left	True	980936	982253	left	(800, 450)	testing
19	yq	f	18	1	circle	none	dif	N_dis	(800, 618)	vert	up	True	983776	984765	up	(800, 450)	testing
19	yq	f	18	1	diamond	none	dif	N_dis	(968, 450)	hori	left	True	986277	987373	left	(800, 450)	testing
19	yq	f	18	1	diamond	red	dif	(632, 450)	(800, 282)	vert	up	True	988828	990061	up	(800, 450)	testing
19	yq	f	18	1	diamond	red	dif	(632, 450)	(800, 618)	hori	left	True	991460	992365	left	(800, 450)	testing
19	yq	f	18	1	circle	none	dif	N_dis	(800, 282)	vert	up	True	993894	994797	left	(800, 450)	testing
19	yq	f	18	1	diamond	none	same	N_dis	(800, 618)	vert	up	True	997852	998781	up	(800, 450)	testing
19	yq	f	18	1	diamond	red	dif	(800, 282)	(632, 450)	vert	up	True	1000230	1001117	up	(800, 450)	testing
19	yq	f	18	1	diamond	red	dif	(632, 450)	(800, 618)	hori	left	True	1002605	1003693	left	(800, 450)	testing
19	yq	f	18	1	circle	green	dif	(968, 450)	(800, 618)	hori	left	True	1005188	1007181	left	(800, 450)	testing
19	yq	f	18	1	circle	red	same	(800, 282)	(632, 450)	hori	left	True	1008664	1009693	left	(800, 450)	testing
19	yq	f	18	1	diamond	red	dif	(632, 450)	(968, 450)	hori	left	True	1011287	1012141	left	(800, 450)	testing
19	yq	f	18	1	circle	green	dif	(632, 450)	(800, 282)	hori	left	True	1013502	1014253	up	(800, 450)	testing
19	yq	f	18	1	diamond	green	dif	(968, 450)	(800, 282)	vert	up	True	1017342	1019053	up	(800, 450)	testing
19	yq	f	18	1	circle	none	dif	N_dis	(800, 282)	hori	left	True	1020642	1021677	left	(800, 450)	testing
19	yq	f	18	1	circle	red	same	(968, 450)	(632, 450)	hori	left	True	1023286	1024317	left	(800, 450)	testing
19	yq	f	18	1	circle	none	same	N_dis	(968, 450)	hori	left	True	1025751	1026429	left	(800, 450)	testing
19	yq	f	18	1	circle	green	dif	(632, 450)	(968, 450)	hori	left	True	1027838	1028493	left	(800, 450)	testing
19	yq	f	18	1	circle	green	dif	(632, 450)	(800, 618)	hori	left	True	1030055	1031021	left	(800, 450)	testing
19	yq	f	18	1	circle	none	dif	N_dis	(800, 282)	vert	up	True	1032414	1033325	up	(800, 450)	testing
19	yq	f	18	1	diamond	green	same	(632, 450)	(800, 282)	vert	up	True	1034814	1035997	up	(800, 450)	testing
19	yq	f	18	1	diamond	green	same	(800, 618)	(968, 450)	hori	left	True	1037424	1038653	left	(800, 450)	testing
19	yq	f	18	1	circle	none	dif	N_dis	(968, 450)	hori	left	True	1040211	1041165	left	(800, 450)	testing
19	yq	f	18	1	diamond	green	same	(800, 282)	(968, 450)	hori	left	True	1042765	1043741	left	(800, 450)	testing
19	yq	f	18	1	circle	none	same	N_dis	(632, 450)	hori	left	True	1045104	1046109	left	(800, 450)	testing
19	yq	f	18	1	diamond	green	dif	(800, 282)	(968, 450)	hori	left	True	1047738	1048509	left	(800, 450)	testing
19	yq	f	18	1	diamond	green	same	(968, 450)	(800, 282)	vert	up	True	1050131	1051453	up	(800, 450)	testing
