subj	name	gender	age	runNum	shape	dist	td_dif	d_loc	t_loc	resp	resp_key	gotKey	startTime	respTime	resp	fix_loc	prac
19	yq	f	18	2	diamond	red	same	(800, 282)	(632, 450)	vert	up	True	26315	27740	up	(800, 450)	testing
19	yq	f	18	2	diamond	none	same	N_dis	(800, 618)	hori	left	True	29162	29964	left	(800, 450)	testing
19	yq	f	18	2	diamond	none	same	N_dis	(632, 450)	vert	up	True	31603	32780	up	(800, 450)	testing
19	yq	f	18	2	diamond	green	dif	(968, 450)	(800, 282)	hori	left	True	34226	35356	left	(800, 450)	testing
19	yq	f	18	2	diamond	green	dif	(968, 450)	(632, 450)	hori	left	True	36980	37660	left	(800, 450)	testing
19	yq	f	18	2	circle	green	same	(800, 618)	(968, 450)	vert	up	True	39161	39980	up	(800, 450)	testing
19	yq	f	18	2	circle	green	dif	(800, 618)	(968, 450)	hori	left	True	41470	42172	left	(800, 450)	testing
19	yq	f	18	2	diamond	green	same	(968, 450)	(632, 450)	vert	up	True	43694	44348	up	(800, 450)	testing
19	yq	f	18	2	diamond	green	same	(800, 618)	(800, 282)	hori	left	True	45931	46732	left	(800, 450)	testing
19	yq	f	18	2	circle	none	same	N_dis	(632, 450)	hori	left	True	48339	49212	left	(800, 450)	testing
19	yq	f	18	2	circle	none	same	N_dis	(800, 282)	vert	up	True	50613	51596	up	(800, 450)	testing
19	yq	f	18	2	circle	red	same	(968, 450)	(632, 450)	hori	left	True	53182	53820	left	(800, 450)	testing
19	yq	f	18	2	diamond	green	dif	(800, 282)	(968, 450)	hori	left	True	55222	56460	left	(800, 450)	testing
19	yq	f	18	2	circle	none	dif	N_dis	(968, 450)	hori	left	True	57929	58668	left	(800, 450)	testing
19	yq	f	18	2	circle	green	same	(800, 282)	(800, 618)	vert	up	True	60221	61548	up	(800, 450)	testing
19	yq	f	18	2	diamond	green	same	(800, 282)	(968, 450)	hori	left	True	63049	64604	left	(800, 450)	testing
19	yq	f	18	2	diamond	none	dif	N_dis	(632, 450)	vert	up	True	66203	67532	up	(800, 450)	testing
19	yq	f	18	2	circle	green	same	(968, 450)	(632, 450)	hori	left	True	68898	70524	left	(800, 450)	testing
19	yq	f	18	2	diamond	red	dif	(800, 618)	(800, 282)	hori	left	True	71909	73260	left	(800, 450)	testing
19	yq	f	18	2	diamond	none	dif	N_dis	(632, 450)	hori	left	True	74879	75884	left	(800, 450)	testing
19	yq	f	18	2	diamond	green	same	(800, 282)	(968, 450)	vert	up	True	77507	78508	up	(800, 450)	testing
19	yq	f	18	2	diamond	green	dif	(800, 282)	(632, 450)	hori	left	True	80076	80764	left	(800, 450)	testing
19	yq	f	18	2	circle	none	same	N_dis	(800, 618)	vert	up	True	82186	83340	up	(800, 450)	testing
19	yq	f	18	2	circle	none	dif	N_dis	(800, 282)	vert	up	True	84789	85676	up	(800, 450)	testing
19	yq	f	18	2	diamond	none	same	N_dis	(800, 282)	hori	left	True	87032	88076	left	(800, 450)	testing
19	yq	f	18	2	circle	red	dif	(968, 450)	(632, 450)	hori	left	True	89510	90620	left	(800, 450)	testing
19	yq	f	18	2	diamond	red	dif	(800, 618)	(968, 450)	vert	up	True	92221	93692	up	(800, 450)	testing
19	yq	f	18	2	circle	red	same	(800, 282)	(632, 450)	vert	up	True	95108	96028	up	(800, 450)	testing
19	yq	f	18	2	circle	green	dif	(968, 450)	(800, 282)	vert	up	True	97565	99884	up	(800, 450)	testing
19	yq	f	18	2	circle	green	dif	(800, 282)	(632, 450)	vert	up	True	101493	102492	up	(800, 450)	testing
19	yq	f	18	2	circle	red	dif	(800, 618)	(632, 450)	hori	left	True	103856	104812	left	(800, 450)	testing
19	yq	f	18	2	diamond	red	dif	(800, 282)	(800, 618)	hori	left	True	106430	107276	left	(800, 450)	testing
19	yq	f	18	2	circle	none	same	N_dis	(800, 282)	hori	left	True	108880	109868	left	(800, 450)	testing
19	yq	f	18	2	circle	none	same	N_dis	(968, 450)	vert	up	True	111335	112140	up	(800, 450)	testing
19	yq	f	18	2	circle	red	dif	(968, 450)	(800, 618)	hori	left	True	113515	114540	left	(800, 450)	testing
19	yq	f	18	2	diamond	none	dif	N_dis	(800, 618)	vert	up	True	115972	116796	up	(800, 450)	testing
19	yq	f	18	2	diamond	red	same	(800, 618)	(632, 450)	vert	up	True	118287	119276	up	(800, 450)	testing
19	yq	f	18	2	circle	none	same	N_dis	(968, 450)	vert	up	True	120896	121820	up	(800, 450)	testing
19	yq	f	18	2	circle	none	same	N_dis	(968, 450)	vert	up	True	123398	124828	up	(800, 450)	testing
19	yq	f	18	2	circle	red	dif	(968, 450)	(632, 450)	hori	left	True	126424	127132	left	(800, 450)	testing
19	yq	f	18	2	circle	red	same	(800, 618)	(800, 282)	hori	left	True	128500	129740	left	(800, 450)	testing
19	yq	f	18	2	circle	red	dif	(800, 282)	(800, 618)	vert	up	True	131240	132524	up	(800, 450)	testing
19	yq	f	18	2	diamond	red	same	(800, 282)	(800, 618)	hori	left	True	134133	135180	left	(800, 450)	testing
19	yq	f	18	2	circle	red	dif	(800, 618)	(800, 282)	hori	left	True	136758	137516	left	(800, 450)	testing
19	yq	f	18	2	circle	none	same	N_dis	(800, 618)	hori	left	True	138892	139532	left	(800, 450)	testing
19	yq	f	18	2	circle	none	dif	N_dis	(968, 450)	hori	left	True	140887	141580	left	(800, 450)	testing
19	yq	f	18	2	diamond	red	dif	(968, 450)	(800, 282)	hori	left	True	143117	144828	left	(800, 450)	testing
19	yq	f	18	2	circle	red	dif	(968, 450)	(800, 282)	hori	left	True	146274	147084	left	(800, 450)	testing
19	yq	f	18	2	circle	red	same	(800, 618)	(800, 282)	vert	up	True	148652	149628	up	(800, 450)	testing
19	yq	f	18	2	circle	red	same	(800, 282)	(632, 450)	hori	left	True	151009	151836	left	(800, 450)	testing
19	yq	f	18	2	diamond	red	same	(632, 450)	(800, 282)	hori	left	True	153241	154524	left	(800, 450)	testing
19	yq	f	18	2	circle	none	dif	N_dis	(800, 282)	hori	left	True	155991	156876	left	(800, 450)	testing
19	yq	f	18	2	diamond	green	dif	(800, 282)	(800, 618)	hori	left	True	158397	159484	left	(800, 450)	testing
19	yq	f	18	2	circle	none	dif	N_dis	(800, 618)	vert	up	True	161043	161788	up	(800, 450)	testing
19	yq	f	18	2	circle	green	dif	(800, 618)	(968, 450)	vert	up	True	163158	164828	up	(800, 450)	testing
19	yq	f	18	2	diamond	green	dif	(800, 282)	(800, 618)	vert	up	True	166425	167564	up	(800, 450)	testing
19	yq	f	18	2	diamond	green	same	(800, 282)	(800, 618)	hori	left	True	169069	169900	left	(800, 450)	testing
19	yq	f	18	2	diamond	red	dif	(800, 282)	(632, 450)	hori	left	True	171446	172572	left	(800, 450)	testing
19	yq	f	18	2	circle	red	same	(968, 450)	(632, 450)	hori	left	True	173984	174652	left	(800, 450)	testing
19	yq	f	18	2	diamond	red	same	(800, 618)	(968, 450)	hori	left	True	176068	177004	left	(800, 450)	testing
19	yq	f	18	2	circle	none	dif	N_dis	(968, 450)	hori	left	True	178591	179708	left	(800, 450)	testing
19	yq	f	18	2	diamond	none	same	N_dis	(800, 618)	hori	left	True	181074	182364	left	(800, 450)	testing
19	yq	f	18	2	circle	green	same	(968, 450)	(632, 450)	vert	up	True	183765	184588	up	(800, 450)	testing
19	yq	f	18	2	circle	red	same	(800, 282)	(632, 450)	hori	left	True	186064	186780	left	(800, 450)	testing
19	yq	f	18	2	diamond	green	dif	(800, 282)	(968, 450)	hori	left	True	188156	189372	left	(800, 450)	testing
19	yq	f	18	2	circle	none	dif	N_dis	(968, 450)	vert	up	True	190940	192108	up	(800, 450)	testing
19	yq	f	18	2	diamond	red	dif	(800, 618)	(632, 450)	vert	up	True	193471	194412	up	(800, 450)	testing
19	yq	f	18	2	diamond	red	same	(800, 618)	(968, 450)	hori	left	True	196049	196716	left	(800, 450)	testing
19	yq	f	18	2	circle	green	same	(968, 450)	(632, 450)	hori	left	True	198156	199468	left	(800, 450)	testing
19	yq	f	18	2	diamond	none	same	N_dis	(632, 450)	vert	up	True	200925	201788	up	(800, 450)	testing
19	yq	f	18	2	circle	none	dif	N_dis	(800, 282)	vert	up	True	203217	204060	up	(800, 450)	testing
19	yq	f	18	2	circle	red	same	(800, 618)	(968, 450)	hori	left	True	205681	206300	left	(800, 450)	testing
19	yq	f	18	2	circle	red	same	(800, 618)	(968, 450)	vert	up	True	207876	208508	up	(800, 450)	testing
19	yq	f	18	2	diamond	red	dif	(632, 450)	(800, 282)	hori	left	True	209952	210844	left	(800, 450)	testing
19	yq	f	18	2	diamond	none	same	N_dis	(800, 618)	vert	up	True	212485	213324	up	(800, 450)	testing
19	yq	f	18	2	diamond	green	dif	(800, 282)	(632, 450)	vert	up	True	214702	215500	up	(800, 450)	testing
19	yq	f	18	2	diamond	none	same	N_dis	(632, 450)	hori	left	True	216992	217580	left	(800, 450)	testing
19	yq	f	18	2	circle	none	dif	N_dis	(800, 618)	vert	up	True	219189	219948	up	(800, 450)	testing
19	yq	f	18	2	circle	red	same	(968, 450)	(800, 282)	vert	up	True	221392	222572	up	(800, 450)	testing
19	yq	f	18	2	circle	green	same	(800, 282)	(968, 450)	vert	up	True	223926	225228	up	(800, 450)	testing
19	yq	f	18	2	diamond	none	dif	N_dis	(800, 618)	hori	left	True	226637	227788	left	(800, 450)	testing
19	yq	f	18	2	circle	green	dif	(800, 282)	(968, 450)	hori	left	True	229405	230988	left	(800, 450)	testing
19	yq	f	18	2	diamond	red	same	(800, 618)	(800, 282)	hori	left	True	232615	233964	left	(800, 450)	testing
19	yq	f	18	2	diamond	none	same	N_dis	(800, 282)	vert	up	True	235464	236300	up	(800, 450)	testing
19	yq	f	18	2	diamond	none	dif	N_dis	(632, 450)	vert	up	True	237936	238684	up	(800, 450)	testing
19	yq	f	18	2	circle	none	dif	N_dis	(968, 450)	hori	left	True	240103	240652	left	(800, 450)	testing
19	yq	f	18	2	diamond	none	same	N_dis	(968, 450)	hori	left	True	242284	243068	left	(800, 450)	testing
19	yq	f	18	2	diamond	none	same	N_dis	(632, 450)	hori	left	True	244631	245340	left	(800, 450)	testing
19	yq	f	18	2	circle	none	dif	N_dis	(968, 450)	vert	up	True	246826	247580	up	(800, 450)	testing
19	yq	f	18	2	diamond	red	same	(800, 618)	(632, 450)	hori	left	True	249102	249868	left	(800, 450)	testing
19	yq	f	18	2	diamond	red	same	(968, 450)	(800, 618)	hori	left	True	251307	253020	left	(800, 450)	testing
19	yq	f	18	2	diamond	green	same	(800, 618)	(800, 282)	hori	left	True	254557	255724	left	(800, 450)	testing
19	yq	f	18	2	diamond	green	same	(632, 450)	(968, 450)	vert	up	True	257096	257820	up	(800, 450)	testing
19	yq	f	18	2	circle	none	same	N_dis	(800, 282)	vert	up	True	259346	260508	up	(800, 450)	testing
19	yq	f	18	2	diamond	none	dif	N_dis	(968, 450)	vert	up	True	261925	262636	up	(800, 450)	testing
19	yq	f	18	2	diamond	green	dif	(968, 450)	(800, 282)	vert	up	True	264058	265436	up	(800, 450)	testing
19	yq	f	18	2	diamond	none	same	N_dis	(632, 450)	hori	left	True	266946	267852	left	(800, 450)	testing
19	yq	f	18	2	diamond	green	same	(632, 450)	(800, 618)	hori	left	True	269496	270476	left	(800, 450)	testing
19	yq	f	18	2	diamond	red	dif	(800, 282)	(800, 618)	vert	up	True	271912	272652	up	(800, 450)	testing
19	yq	f	18	2	circle	red	dif	(968, 450)	(632, 450)	vert	up	True	274225	275116	up	(800, 450)	testing
19	yq	f	18	2	circle	red	same	(800, 282)	(632, 450)	vert	up	True	276557	277164	up	(800, 450)	testing
19	yq	f	18	2	diamond	red	same	(800, 618)	(968, 450)	vert	up	True	278769	279692	up	(800, 450)	testing
19	yq	f	18	2	circle	green	same	(800, 618)	(800, 282)	vert	up	True	281131	282028	up	(800, 450)	testing
19	yq	f	18	2	diamond	green	dif	(968, 450)	(800, 618)	hori	left	True	283630	284924	left	(800, 450)	testing
19	yq	f	18	2	diamond	none	dif	N_dis	(800, 282)	hori	left	True	286366	287116	left	(800, 450)	testing
19	yq	f	18	2	diamond	red	dif	(800, 618)	(632, 450)	vert	up	True	288528	289548	up	(800, 450)	testing
19	yq	f	18	2	circle	red	dif	(968, 450)	(800, 282)	hori	left	True	290996	292732	left	(800, 450)	testing
19	yq	f	18	2	diamond	none	same	N_dis	(800, 282)	vert	up	True	294381	295340	up	(800, 450)	testing
19	yq	f	18	2	diamond	green	dif	(968, 450)	(800, 282)	hori	left	True	296723	297436	up	(800, 450)	testing
19	yq	f	18	2	diamond	none	same	N_dis	(632, 450)	vert	up	True	300488	301484	up	(800, 450)	testing
19	yq	f	18	2	diamond	none	dif	N_dis	(800, 618)	hori	left	True	303083	303996	left	(800, 450)	testing
19	yq	f	18	2	circle	red	dif	(800, 282)	(968, 450)	vert	up	True	305488	307132	up	(800, 450)	testing
19	yq	f	18	2	circle	none	dif	N_dis	(968, 450)	hori	left	True	308565	309324	left	(800, 450)	testing
19	yq	f	18	2	circle	red	same	(968, 450)	(800, 618)	vert	up	True	310692	312332	up	(800, 450)	testing
19	yq	f	18	2	circle	green	dif	(800, 282)	(632, 450)	vert	up	True	313769	314620	up	(800, 450)	testing
19	yq	f	18	2	diamond	none	same	N_dis	(800, 618)	hori	left	True	316200	317308	left	(800, 450)	testing
19	yq	f	18	2	diamond	red	dif	(800, 282)	(632, 450)	hori	left	True	318888	319660	left	(800, 450)	testing
19	yq	f	18	2	diamond	green	dif	(800, 282)	(968, 450)	hori	left	True	321150	321900	left	(800, 450)	testing
19	yq	f	18	2	diamond	green	dif	(800, 618)	(800, 282)	vert	up	True	323490	324252	up	(800, 450)	testing
19	yq	f	18	2	diamond	green	same	(800, 282)	(800, 618)	vert	up	True	325611	326540	up	(800, 450)	testing
19	yq	f	18	2	diamond	red	dif	(800, 282)	(968, 450)	hori	left	True	328084	328812	left	(800, 450)	testing
19	yq	f	18	2	circle	green	same	(968, 450)	(800, 618)	vert	up	True	330395	331756	up	(800, 450)	testing
19	yq	f	18	2	diamond	red	dif	(968, 450)	(800, 618)	vert	up	True	333353	334396	up	(800, 450)	testing
19	yq	f	18	2	diamond	red	dif	(968, 450)	(800, 282)	vert	up	True	336021	336684	up	(800, 450)	testing
19	yq	f	18	2	diamond	green	dif	(800, 282)	(800, 618)	hori	left	True	338230	339068	left	(800, 450)	testing
19	yq	f	18	2	diamond	red	dif	(800, 618)	(632, 450)	vert	up	True	340715	341532	up	(800, 450)	testing
19	yq	f	18	2	diamond	red	dif	(800, 618)	(632, 450)	vert	up	True	343101	343836	up	(800, 450)	testing
19	yq	f	18	2	diamond	none	same	N_dis	(968, 450)	vert	up	True	345245	345836	up	(800, 450)	testing
19	yq	f	18	2	circle	green	same	(968, 450)	(800, 618)	vert	up	True	347299	348652	up	(800, 450)	testing
19	yq	f	18	2	circle	none	same	N_dis	(800, 618)	vert	up	True	350049	350652	up	(800, 450)	testing
19	yq	f	18	2	diamond	none	dif	N_dis	(968, 450)	hori	left	True	352280	353436	left	(800, 450)	testing
19	yq	f	18	2	circle	red	same	(800, 282)	(800, 618)	vert	up	True	354843	356044	up	(800, 450)	testing
19	yq	f	18	2	diamond	none	dif	N_dis	(968, 450)	hori	left	True	357408	358108	left	(800, 450)	testing
19	yq	f	18	2	diamond	none	dif	N_dis	(800, 282)	hori	left	True	359672	360492	left	(800, 450)	testing
19	yq	f	18	2	diamond	green	dif	(800, 618)	(800, 282)	vert	up	True	361922	362700	up	(800, 450)	testing
19	yq	f	18	2	circle	red	dif	(800, 282)	(968, 450)	vert	up	True	364063	364860	left	(800, 450)	testing
19	yq	f	18	2	diamond	green	same	(800, 282)	(800, 618)	vert	up	True	367988	369036	up	(800, 450)	testing
19	yq	f	18	2	diamond	green	dif	(800, 282)	(968, 450)	hori	left	True	370562	371596	left	(800, 450)	testing
19	yq	f	18	2	diamond	green	same	(800, 618)	(968, 450)	hori	left	True	373021	373660	left	(800, 450)	testing
19	yq	f	18	2	circle	none	dif	N_dis	(800, 618)	hori	left	True	375247	376460	left	(800, 450)	testing
19	yq	f	18	2	diamond	red	dif	(800, 618)	(968, 450)	vert	up	True	377897	379308	up	(800, 450)	testing
19	yq	f	18	2	circle	none	same	N_dis	(800, 618)	hori	left	True	380844	381852	left	(800, 450)	testing
19	yq	f	18	2	diamond	red	dif	(632, 450)	(800, 618)	hori	left	True	383255	384236	left	(800, 450)	testing
19	yq	f	18	2	diamond	red	same	(968, 450)	(800, 618)	hori	left	True	385865	386812	left	(800, 450)	testing
19	yq	f	18	2	circle	red	dif	(968, 450)	(800, 618)	vert	up	True	388175	389964	up	(800, 450)	testing
19	yq	f	18	2	circle	red	same	(632, 450)	(800, 282)	hori	left	True	391454	392300	left	(800, 450)	testing
19	yq	f	18	2	circle	green	dif	(800, 282)	(800, 618)	hori	left	True	393822	395212	left	(800, 450)	testing
19	yq	f	18	2	circle	green	same	(632, 450)	(968, 450)	vert	up	True	396600	398188	up	(800, 450)	testing
19	yq	f	18	2	circle	green	dif	(800, 282)	(800, 618)	vert	up	True	399797	400908	left	(800, 450)	testing
19	yq	f	18	2	circle	green	dif	(800, 282)	(968, 450)	hori	left	True	403887	405484	left	(800, 450)	testing
19	yq	f	18	2	circle	none	dif	N_dis	(968, 450)	vert	up	True	407019	407804	up	(800, 450)	testing
19	yq	f	18	2	circle	none	same	N_dis	(968, 450)	vert	up	True	409452	410124	up	(800, 450)	testing
19	yq	f	18	2	diamond	green	same	(800, 282)	(632, 450)	hori	left	True	411494	412556	left	(800, 450)	testing
19	yq	f	18	2	diamond	green	same	(968, 450)	(632, 450)	hori	left	True	414007	414636	left	(800, 450)	testing
19	yq	f	18	2	circle	none	same	N_dis	(632, 450)	hori	left	True	416137	417868	left	(800, 450)	testing
19	yq	f	18	2	diamond	red	same	(968, 450)	(800, 282)	hori	left	True	419295	420300	left	(800, 450)	testing
19	yq	f	18	2	diamond	red	same	(968, 450)	(800, 618)	vert	up	True	421710	423084	up	(800, 450)	testing
19	yq	f	18	2	diamond	none	dif	N_dis	(800, 282)	vert	up	True	424507	425452	up	(800, 450)	testing
19	yq	f	18	2	circle	red	dif	(800, 282)	(968, 450)	hori	left	True	426856	428140	left	(800, 450)	testing
19	yq	f	18	2	circle	none	dif	N_dis	(968, 450)	vert	up	True	429753	431612	up	(800, 450)	testing
19	yq	f	18	2	diamond	none	dif	N_dis	(632, 450)	vert	up	True	433049	435260	up	(800, 450)	testing
19	yq	f	18	2	circle	none	same	N_dis	(800, 282)	vert	up	True	436899	438380	up	(800, 450)	testing
19	yq	f	18	2	diamond	green	same	(968, 450)	(632, 450)	hori	left	True	439983	440620	left	(800, 450)	testing
19	yq	f	18	2	diamond	green	dif	(968, 450)	(800, 282)	hori	left	True	442168	443100	left	(800, 450)	testing
19	yq	f	18	2	diamond	red	same	(800, 618)	(968, 450)	hori	left	True	444739	445852	left	(800, 450)	testing
19	yq	f	18	2	circle	red	dif	(800, 618)	(632, 450)	hori	left	True	447209	448444	left	(800, 450)	testing
19	yq	f	18	2	diamond	green	same	(800, 618)	(632, 450)	vert	up	True	450070	450972	up	(800, 450)	testing
19	yq	f	18	2	circle	none	dif	N_dis	(800, 282)	hori	left	True	452335	453132	left	(800, 450)	testing
19	yq	f	18	2	diamond	red	same	(800, 618)	(800, 282)	vert	up	True	454652	455436	up	(800, 450)	testing
19	yq	f	18	2	circle	red	same	(800, 282)	(968, 450)	hori	left	True	456883	458604	left	(800, 450)	testing
19	yq	f	18	2	diamond	red	same	(968, 450)	(632, 450)	hori	left	True	460031	461628	left	(800, 450)	testing
19	yq	f	18	2	diamond	none	same	N_dis	(632, 450)	hori	left	True	463184	463852	left	(800, 450)	testing
19	yq	f	18	2	diamond	red	same	(800, 618)	(968, 450)	hori	left	True	465441	466108	left	(800, 450)	testing
19	yq	f	18	2	circle	red	same	(968, 450)	(800, 618)	vert	up	True	467686	469020	up	(800, 450)	testing
19	yq	f	18	2	diamond	none	same	N_dis	(632, 450)	vert	up	True	470445	471740	up	(800, 450)	testing
19	yq	f	18	2	circle	red	dif	(800, 282)	(632, 450)	vert	up	True	473223	474092	up	(800, 450)	testing
19	yq	f	18	2	circle	green	same	(968, 450)	(800, 282)	vert	up	True	475742	476604	up	(800, 450)	testing
19	yq	f	18	2	diamond	green	same	(800, 618)	(632, 450)	vert	up	True	478210	479964	up	(800, 450)	testing
19	yq	f	18	2	circle	green	same	(800, 618)	(800, 282)	vert	up	True	481320	482332	up	(800, 450)	testing
19	yq	f	18	2	diamond	none	dif	N_dis	(632, 450)	hori	left	True	483889	484620	left	(800, 450)	testing
19	yq	f	18	2	circle	red	dif	(800, 282)	(632, 450)	hori	left	True	486116	487756	left	(800, 450)	testing
19	yq	f	18	2	diamond	none	same	N_dis	(632, 450)	hori	left	True	489209	490396	left	(800, 450)	testing
19	yq	f	18	2	diamond	red	dif	(800, 618)	(632, 450)	hori	left	True	491792	492524	left	(800, 450)	testing
19	yq	f	18	2	circle	none	same	N_dis	(800, 618)	hori	left	True	494170	496044	left	(800, 450)	testing
19	yq	f	18	2	diamond	green	dif	(800, 282)	(968, 450)	vert	up	True	497571	499132	up	(800, 450)	testing
19	yq	f	18	2	diamond	red	dif	(968, 450)	(800, 618)	hori	left	True	500762	502364	left	(800, 450)	testing
19	yq	f	18	2	circle	green	same	(800, 618)	(632, 450)	vert	up	True	503963	505788	left	(800, 450)	testing
19	yq	f	18	2	diamond	none	dif	N_dis	(968, 450)	hori	left	True	508735	509564	left	(800, 450)	testing
19	yq	f	18	2	circle	none	dif	N_dis	(632, 450)	vert	up	True	510925	511772	up	(800, 450)	testing
19	yq	f	18	2	circle	red	dif	(800, 618)	(632, 450)	vert	up	True	513348	514316	up	(800, 450)	testing
19	yq	f	18	2	diamond	green	dif	(968, 450)	(632, 450)	vert	up	True	515910	516652	up	(800, 450)	testing
19	yq	f	18	2	circle	green	same	(800, 618)	(632, 450)	vert	up	True	518036	519244	up	(800, 450)	testing
19	yq	f	18	2	diamond	green	same	(800, 282)	(800, 618)	hori	left	True	520713	522028	left	(800, 450)	testing
19	yq	f	18	2	circle	red	dif	(800, 618)	(800, 282)	hori	left	True	523394	525340	left	(800, 450)	testing
19	yq	f	18	2	diamond	green	dif	(968, 450)	(800, 282)	vert	up	True	526727	528876	up	(800, 450)	testing
19	yq	f	18	2	diamond	green	dif	(800, 618)	(968, 450)	hori	left	True	530304	531308	left	(800, 450)	testing
19	yq	f	18	2	circle	red	dif	(800, 618)	(968, 450)	vert	up	True	532678	534652	up	(800, 450)	testing
19	yq	f	18	2	circle	green	same	(968, 450)	(800, 618)	vert	up	True	536004	537212	up	(800, 450)	testing
19	yq	f	18	2	diamond	red	same	(800, 282)	(632, 450)	hori	left	True	538583	539484	left	(800, 450)	testing
19	yq	f	18	2	circle	red	same	(968, 450)	(632, 450)	hori	left	True	540856	541772	left	(800, 450)	testing
19	yq	f	18	2	circle	none	dif	N_dis	(968, 450)	hori	left	True	543220	544156	left	(800, 450)	testing
19	yq	f	18	2	diamond	none	same	N_dis	(800, 282)	hori	left	True	545578	547132	left	(800, 450)	testing
19	yq	f	18	2	circle	green	dif	(800, 282)	(800, 618)	vert	up	True	548651	549628	up	(800, 450)	testing
19	yq	f	18	2	circle	green	dif	(800, 618)	(632, 450)	vert	up	True	551070	552268	up	(800, 450)	testing
19	yq	f	18	2	circle	none	same	N_dis	(800, 282)	vert	up	True	553867	554604	up	(800, 450)	testing
19	yq	f	18	2	circle	red	same	(968, 450)	(800, 282)	vert	up	True	556161	557900	up	(800, 450)	testing
19	yq	f	18	2	circle	none	same	N_dis	(800, 618)	vert	up	True	559400	560556	up	(800, 450)	testing
19	yq	f	18	2	circle	green	dif	(968, 450)	(800, 282)	vert	up	True	562138	563068	up	(800, 450)	testing
19	yq	f	18	2	diamond	red	same	(632, 450)	(968, 450)	hori	left	True	564456	565132	left	(800, 450)	testing
19	yq	f	18	2	circle	none	same	N_dis	(632, 450)	hori	left	True	566781	567452	left	(800, 450)	testing
19	yq	f	18	2	circle	none	same	N_dis	(968, 450)	vert	up	True	569065	569868	up	(800, 450)	testing
19	yq	f	18	2	circle	green	dif	(800, 618)	(800, 282)	hori	left	True	571421	572396	left	(800, 450)	testing
19	yq	f	18	2	diamond	none	same	N_dis	(968, 450)	hori	left	True	573907	574556	left	(800, 450)	testing
19	yq	f	18	2	circle	green	same	(800, 618)	(632, 450)	hori	left	True	576084	576924	left	(800, 450)	testing
19	yq	f	18	2	circle	green	same	(800, 282)	(968, 450)	vert	up	True	578565	579228	up	(800, 450)	testing
19	yq	f	18	2	circle	green	same	(968, 450)	(800, 282)	vert	up	True	580758	581484	up	(800, 450)	testing
19	yq	f	18	2	circle	none	dif	N_dis	(800, 282)	vert	up	True	582885	583404	up	(800, 450)	testing
19	yq	f	18	2	diamond	red	dif	(800, 282)	(800, 618)	hori	left	True	584765	585324	up	(800, 450)	testing
19	yq	f	18	2	diamond	red	same	(800, 282)	(800, 618)	hori	left	True	588253	589324	left	(800, 450)	testing
19	yq	f	18	2	circle	green	same	(800, 618)	(800, 282)	hori	left	True	590974	592748	left	(800, 450)	testing
19	yq	f	18	2	diamond	none	same	N_dis	(800, 282)	hori	left	True	594127	595212	left	(800, 450)	testing
19	yq	f	18	2	diamond	none	dif	N_dis	(800, 618)	hori	left	True	596779	597692	left	(800, 450)	testing
19	yq	f	18	2	circle	none	same	N_dis	(800, 282)	hori	left	True	599304	600380	left	(800, 450)	testing
19	yq	f	18	2	diamond	green	dif	(968, 450)	(800, 282)	vert	up	True	601845	602876	up	(800, 450)	testing
19	yq	f	18	2	circle	green	dif	(800, 618)	(968, 450)	vert	up	True	604447	606300	up	(800, 450)	testing
19	yq	f	18	2	diamond	green	same	(968, 450)	(800, 618)	vert	up	True	607925	609164	up	(800, 450)	testing
19	yq	f	18	2	diamond	none	same	N_dis	(632, 450)	hori	left	True	610567	611292	left	(800, 450)	testing
19	yq	f	18	2	diamond	red	same	(800, 618)	(632, 450)	vert	up	True	612773	613724	up	(800, 450)	testing
19	yq	f	18	2	diamond	green	same	(800, 282)	(632, 450)	hori	left	True	615328	616092	left	(800, 450)	testing
19	yq	f	18	2	circle	none	dif	N_dis	(800, 618)	vert	up	True	617457	618572	up	(800, 450)	testing
19	yq	f	18	2	circle	green	dif	(800, 618)	(800, 282)	vert	up	True	619998	620924	up	(800, 450)	testing
19	yq	f	18	2	circle	red	dif	(968, 450)	(632, 450)	hori	left	True	622507	623260	left	(800, 450)	testing
19	yq	f	18	2	circle	red	dif	(968, 450)	(800, 618)	vert	up	True	624747	625532	up	(800, 450)	testing
19	yq	f	18	2	circle	green	dif	(800, 618)	(968, 450)	vert	up	True	626987	628044	up	(800, 450)	testing
19	yq	f	18	2	diamond	none	dif	N_dis	(632, 450)	hori	left	True	629560	630396	left	(800, 450)	testing
19	yq	f	18	2	circle	green	dif	(800, 282)	(632, 450)	hori	left	True	631924	632860	up	(800, 450)	testing
19	yq	f	18	2	circle	none	same	N_dis	(632, 450)	vert	up	True	635872	636748	up	(800, 450)	testing
19	yq	f	18	2	diamond	none	dif	N_dis	(800, 282)	hori	left	True	638289	639052	left	(800, 450)	testing
19	yq	f	18	2	diamond	green	same	(800, 618)	(800, 282)	hori	left	True	640629	641740	left	(800, 450)	testing
19	yq	f	18	2	circle	red	same	(800, 282)	(968, 450)	vert	up	True	643273	645004	up	(800, 450)	testing
19	yq	f	18	2	circle	red	same	(800, 618)	(968, 450)	hori	left	True	646539	647692	left	(800, 450)	testing
19	yq	f	18	2	circle	green	dif	(800, 618)	(632, 450)	hori	left	True	649246	650252	left	(800, 450)	testing
19	yq	f	18	2	circle	none	same	N_dis	(800, 618)	vert	up	True	651859	652684	up	(800, 450)	testing
19	yq	f	18	2	circle	none	dif	N_dis	(968, 450)	hori	left	True	654249	654844	left	(800, 450)	testing
19	yq	f	18	2	diamond	red	dif	(800, 618)	(632, 450)	vert	up	True	656487	657468	up	(800, 450)	testing
19	yq	f	18	2	circle	green	same	(800, 282)	(968, 450)	vert	up	True	658963	659932	up	(800, 450)	testing
19	yq	f	18	2	diamond	none	dif	N_dis	(800, 618)	vert	up	True	661519	662412	up	(800, 450)	testing
19	yq	f	18	2	diamond	red	same	(800, 282)	(632, 450)	hori	left	True	663775	664476	left	(800, 450)	testing
19	yq	f	18	2	circle	green	dif	(800, 618)	(968, 450)	vert	up	True	665925	666732	up	(800, 450)	testing
19	yq	f	18	2	circle	green	same	(968, 450)	(632, 450)	hori	left	True	668371	669068	left	(800, 450)	testing
19	yq	f	18	2	diamond	green	dif	(800, 618)	(968, 450)	vert	up	True	670553	671180	up	(800, 450)	testing
19	yq	f	18	2	circle	red	same	(968, 450)	(800, 282)	vert	up	True	672536	673804	up	(800, 450)	testing
19	yq	f	18	2	diamond	green	same	(800, 282)	(968, 450)	hori	left	True	675168	675932	left	(800, 450)	testing
19	yq	f	18	2	circle	none	dif	N_dis	(800, 282)	vert	up	True	677500	678828	up	(800, 450)	testing
19	yq	f	18	2	diamond	red	dif	(800, 618)	(632, 450)	hori	left	True	680315	681868	left	(800, 450)	testing
19	yq	f	18	2	diamond	green	same	(800, 282)	(632, 450)	vert	up	True	683266	684188	up	(800, 450)	testing
19	yq	f	18	2	circle	red	dif	(968, 450)	(800, 282)	hori	left	True	685689	686940	left	(800, 450)	testing
19	yq	f	18	2	circle	none	same	N_dis	(800, 282)	hori	left	True	688393	689116	left	(800, 450)	testing
19	yq	f	18	2	circle	green	dif	(800, 282)	(632, 450)	hori	left	True	690618	692092	left	(800, 450)	testing
19	yq	f	18	2	diamond	none	dif	N_dis	(632, 450)	hori	left	True	693675	694268	left	(800, 450)	testing
19	yq	f	18	2	circle	none	dif	N_dis	(968, 450)	vert	up	True	695900	696572	up	(800, 450)	testing
19	yq	f	18	2	circle	green	dif	(800, 282)	(968, 450)	hori	left	True	697949	699260	left	(800, 450)	testing
19	yq	f	18	2	circle	green	same	(968, 450)	(800, 282)	hori	left	True	700678	702508	left	(800, 450)	testing
19	yq	f	18	2	diamond	none	dif	N_dis	(800, 618)	vert	up	True	703900	705116	up	(800, 450)	testing
19	yq	f	18	2	circle	green	same	(800, 618)	(800, 282)	vert	up	True	706700	708172	up	(800, 450)	testing
19	yq	f	18	2	circle	green	dif	(800, 618)	(968, 450)	vert	up	True	709705	710956	up	(800, 450)	testing
19	yq	f	18	2	diamond	green	same	(968, 450)	(800, 282)	vert	up	True	712516	713452	up	(800, 450)	testing
19	yq	f	18	2	diamond	none	dif	N_dis	(800, 282)	vert	up	True	714823	715484	up	(800, 450)	testing
19	yq	f	18	2	circle	red	same	(968, 450)	(632, 450)	vert	up	True	716938	717772	up	(800, 450)	testing
19	yq	f	18	2	circle	none	dif	N_dis	(800, 282)	vert	up	True	719310	720444	up	(800, 450)	testing
19	yq	f	18	2	diamond	red	dif	(968, 450)	(800, 618)	vert	up	True	721910	722812	up	(800, 450)	testing
19	yq	f	18	2	circle	green	dif	(968, 450)	(800, 618)	vert	up	True	724208	725244	up	(800, 450)	testing
19	yq	f	18	2	circle	green	same	(800, 282)	(800, 618)	vert	up	True	726746	727980	up	(800, 450)	testing
19	yq	f	18	2	diamond	green	same	(968, 450)	(632, 450)	vert	up	True	729460	730316	up	(800, 450)	testing
19	yq	f	18	2	diamond	red	same	(800, 282)	(968, 450)	hori	left	True	731676	732812	left	(800, 450)	testing
19	yq	f	18	2	diamond	red	dif	(968, 450)	(800, 618)	vert	up	True	734322	735372	up	(800, 450)	testing
19	yq	f	18	2	diamond	red	same	(800, 618)	(800, 282)	vert	up	True	736795	737532	up	(800, 450)	testing
19	yq	f	18	2	circle	green	dif	(800, 618)	(800, 282)	vert	up	True	738954	741116	up	(800, 450)	testing
19	yq	f	18	2	circle	red	dif	(800, 282)	(800, 618)	vert	up	True	742548	743564	up	(800, 450)	testing
19	yq	f	18	2	circle	red	same	(968, 450)	(632, 450)	hori	left	True	745148	745852	left	(800, 450)	testing
19	yq	f	18	2	diamond	none	dif	N_dis	(800, 282)	hori	left	True	747340	747948	up	(800, 450)	testing
19	yq	f	18	2	diamond	none	same	N_dis	(968, 450)	hori	left	True	750964	751772	left	(800, 450)	testing
19	yq	f	18	2	circle	red	same	(800, 282)	(632, 450)	hori	left	True	753217	754156	left	(800, 450)	testing
19	yq	f	18	2	circle	none	same	N_dis	(800, 618)	vert	up	True	755635	756444	up	(800, 450)	testing
19	yq	f	18	2	circle	green	same	(800, 282)	(968, 450)	vert	up	True	757949	759052	up	(800, 450)	testing
19	yq	f	18	2	circle	none	same	N_dis	(632, 450)	hori	left	True	760645	761212	left	(800, 450)	testing
19	yq	f	18	2	circle	red	dif	(800, 618)	(968, 450)	vert	up	True	762719	763404	left	(800, 450)	testing
19	yq	f	18	2	diamond	none	dif	N_dis	(632, 450)	hori	left	True	766449	767436	left	(800, 450)	testing
19	yq	f	18	2	diamond	green	dif	(968, 450)	(800, 618)	hori	left	True	768983	770204	left	(800, 450)	testing
19	yq	f	18	2	diamond	none	same	N_dis	(800, 618)	vert	up	True	771598	772460	up	(800, 450)	testing
19	yq	f	18	2	diamond	green	dif	(968, 450)	(632, 450)	hori	left	True	773838	774684	left	(800, 450)	testing
19	yq	f	18	2	circle	red	same	(800, 282)	(800, 618)	hori	left	True	776165	777516	left	(800, 450)	testing
19	yq	f	18	2	diamond	red	same	(800, 618)	(800, 282)	hori	left	True	779016	779996	left	(800, 450)	testing
19	yq	f	18	2	diamond	none	dif	N_dis	(800, 618)	hori	left	True	781509	782572	left	(800, 450)	testing
19	yq	f	18	2	circle	none	dif	N_dis	(632, 450)	vert	up	True	783968	785036	up	(800, 450)	testing
19	yq	f	18	2	diamond	green	same	(968, 450)	(800, 282)	vert	up	True	786536	787852	up	(800, 450)	testing
19	yq	f	18	2	diamond	none	same	N_dis	(800, 618)	vert	up	True	789337	790044	up	(800, 450)	testing
19	yq	f	18	2	circle	red	dif	(968, 450)	(800, 618)	hori	left	True	791513	792796	left	(800, 450)	testing
19	yq	f	18	2	circle	green	dif	(968, 450)	(800, 618)	vert	up	True	794273	795292	up	(800, 450)	testing
19	yq	f	18	2	diamond	red	dif	(800, 618)	(632, 450)	vert	up	True	796922	798684	up	(800, 450)	testing
