subj	name	gender	age	runNum	shape	dist	td_dif	d_loc	t_loc	resp	resp_key	gotKey	startTime	respTime	resp	fix_loc	prac
1	xy	f	20	2	circle	none	same	N_dis	(800, 282)	vert	up	True	76369	77836	up	(800, 450)	testing
1	xy	f	20	2	diamond	green	dif	(800, 618)	(632, 450)	hori	left	True	79263	80828	left	(800, 450)	testing
1	xy	f	20	2	diamond	none	dif	N_dis	(968, 450)	vert	up	True	82430	84044	up	(800, 450)	testing
1	xy	f	20	2	diamond	red	same	(800, 618)	(632, 450)	hori	left	True	85668	87035	left	(800, 450)	testing
1	xy	f	20	2	diamond	red	dif	(800, 282)	(800, 618)	hori	left	True	88661	89916	left	(800, 450)	testing
1	xy	f	20	2	circle	none	same	N_dis	(800, 282)	vert	up	True	91460	92780	up	(800, 450)	testing
1	xy	f	20	2	circle	red	dif	(632, 450)	(968, 450)	hori	left	True	94293	95932	left	(800, 450)	testing
1	xy	f	20	2	circle	red	dif	(632, 450)	(968, 450)	vert	up	True	97497	98940	up	(800, 450)	testing
1	xy	f	20	2	circle	red	dif	(632, 450)	(800, 618)	vert	up	True	100556	101932	up	(800, 450)	testing
1	xy	f	20	2	circle	green	dif	(800, 618)	(800, 282)	vert	up	True	103525	104556	up	(800, 450)	testing
1	xy	f	20	2	circle	red	same	(968, 450)	(800, 282)	hori	left	True	106135	107116	left	(800, 450)	testing
1	xy	f	20	2	diamond	green	same	(800, 282)	(800, 618)	hori	left	True	108755	109996	left	(800, 450)	testing
1	xy	f	20	2	circle	red	same	(632, 450)	(800, 282)	hori	left	True	111467	112812	left	(800, 450)	testing
1	xy	f	20	2	circle	red	dif	(632, 450)	(800, 618)	hori	left	True	114444	116476	left	(800, 450)	testing
1	xy	f	20	2	diamond	green	dif	(800, 618)	(632, 450)	vert	up	True	118085	119420	up	(800, 450)	testing
1	xy	f	20	2	diamond	none	dif	N_dis	(632, 450)	hori	left	True	120794	122332	left	(800, 450)	testing
1	xy	f	20	2	diamond	none	same	N_dis	(968, 450)	hori	left	True	123920	125388	left	(800, 450)	testing
1	xy	f	20	2	circle	red	dif	(632, 450)	(800, 282)	hori	left	True	126979	128044	left	(800, 450)	testing
1	xy	f	20	2	diamond	red	dif	(632, 450)	(968, 450)	vert	up	True	129452	130668	up	(800, 450)	testing
1	xy	f	20	2	diamond	none	same	N_dis	(800, 282)	hori	left	True	132094	133116	left	(800, 450)	testing
1	xy	f	20	2	diamond	green	same	(800, 618)	(632, 450)	hori	left	True	134733	136124	left	(800, 450)	testing
1	xy	f	20	2	circle	none	same	N_dis	(632, 450)	vert	up	True	137676	139019	up	(800, 450)	testing
1	xy	f	20	2	circle	red	dif	(632, 450)	(968, 450)	hori	left	True	140421	141676	left	(800, 450)	testing
1	xy	f	20	2	diamond	green	dif	(800, 618)	(632, 450)	hori	left	True	143239	145084	left	(800, 450)	testing
1	xy	f	20	2	diamond	none	dif	N_dis	(800, 618)	hori	left	True	146621	147852	left	(800, 450)	testing
1	xy	f	20	2	diamond	none	dif	N_dis	(968, 450)	hori	left	True	149241	150460	left	(800, 450)	testing
1	xy	f	20	2	circle	red	dif	(632, 450)	(800, 618)	vert	up	True	151935	154140	up	(800, 450)	testing
1	xy	f	20	2	circle	green	dif	(632, 450)	(800, 618)	hori	left	True	155591	157308	left	(800, 450)	testing
1	xy	f	20	2	diamond	red	same	(800, 618)	(632, 450)	vert	up	True	158933	160188	up	(800, 450)	testing
1	xy	f	20	2	diamond	green	dif	(632, 450)	(800, 618)	vert	up	True	161650	163035	up	(800, 450)	testing
1	xy	f	20	2	diamond	green	dif	(632, 450)	(800, 282)	hori	left	True	164690	166124	left	(800, 450)	testing
1	xy	f	20	2	diamond	green	same	(632, 450)	(968, 450)	hori	left	True	167755	169132	left	(800, 450)	testing
1	xy	f	20	2	circle	green	same	(800, 282)	(800, 618)	vert	up	True	170618	172140	up	(800, 450)	testing
1	xy	f	20	2	circle	green	dif	(800, 618)	(968, 450)	hori	left	True	173749	175084	left	(800, 450)	testing
1	xy	f	20	2	circle	red	same	(800, 618)	(800, 282)	vert	up	True	176681	177900	up	(800, 450)	testing
1	xy	f	20	2	diamond	green	same	(800, 282)	(800, 618)	vert	up	True	179413	180828	up	(800, 450)	testing
1	xy	f	20	2	diamond	red	dif	(800, 282)	(968, 450)	vert	up	True	182475	183740	up	(800, 450)	testing
1	xy	f	20	2	diamond	red	dif	(632, 450)	(800, 282)	hori	left	True	185231	186412	left	(800, 450)	testing
1	xy	f	20	2	diamond	red	same	(800, 618)	(968, 450)	hori	left	True	187937	188988	left	(800, 450)	testing
1	xy	f	20	2	diamond	green	same	(632, 450)	(800, 618)	hori	left	True	190660	191964	left	(800, 450)	testing
1	xy	f	20	2	diamond	green	same	(800, 618)	(800, 282)	hori	left	True	193550	194716	left	(800, 450)	testing
1	xy	f	20	2	circle	green	same	(800, 282)	(632, 450)	hori	left	True	196335	197820	left	(800, 450)	testing
1	xy	f	20	2	diamond	none	same	N_dis	(632, 450)	vert	up	True	199396	200572	up	(800, 450)	testing
1	xy	f	20	2	circle	none	dif	N_dis	(632, 450)	hori	left	True	202198	203932	left	(800, 450)	testing
1	xy	f	20	2	diamond	none	dif	N_dis	(800, 282)	vert	up	True	205413	207003	up	(800, 450)	testing
1	xy	f	20	2	circle	red	same	(632, 450)	(800, 282)	hori	left	True	208451	209612	left	(800, 450)	testing
1	xy	f	20	2	diamond	red	dif	(800, 282)	(968, 450)	hori	left	True	211029	212108	left	(800, 450)	testing
1	xy	f	20	2	diamond	none	dif	N_dis	(800, 282)	hori	left	True	213720	214892	left	(800, 450)	testing
1	xy	f	20	2	circle	green	dif	(632, 450)	(800, 282)	hori	left	True	216397	217772	left	(800, 450)	testing
1	xy	f	20	2	circle	none	same	N_dis	(800, 618)	vert	up	True	219337	220604	up	(800, 450)	testing
1	xy	f	20	2	diamond	none	dif	N_dis	(800, 618)	hori	left	True	222066	223884	left	(800, 450)	testing
1	xy	f	20	2	diamond	red	same	(632, 450)	(800, 618)	hori	left	True	225460	226844	left	(800, 450)	testing
1	xy	f	20	2	circle	red	same	(632, 450)	(968, 450)	hori	left	True	228229	229548	left	(800, 450)	testing
1	xy	f	20	2	diamond	red	same	(632, 450)	(968, 450)	vert	up	True	231062	232220	up	(800, 450)	testing
1	xy	f	20	2	circle	red	same	(800, 282)	(632, 450)	vert	up	True	233697	234780	up	(800, 450)	testing
1	xy	f	20	2	circle	red	dif	(800, 282)	(632, 450)	vert	up	True	236366	237756	up	(800, 450)	testing
1	xy	f	20	2	diamond	red	dif	(800, 618)	(968, 450)	vert	up	True	239315	240332	up	(800, 450)	testing
1	xy	f	20	2	circle	none	dif	N_dis	(800, 618)	hori	left	True	241809	243564	left	(800, 450)	testing
1	xy	f	20	2	diamond	red	same	(800, 618)	(968, 450)	vert	up	True	245162	246380	up	(800, 450)	testing
1	xy	f	20	2	circle	none	same	N_dis	(632, 450)	hori	left	True	247884	248940	left	(800, 450)	testing
1	xy	f	20	2	diamond	none	same	N_dis	(968, 450)	hori	left	True	250569	252332	left	(800, 450)	testing
1	xy	f	20	2	circle	none	dif	N_dis	(800, 282)	hori	left	True	253930	255068	left	(800, 450)	testing
1	xy	f	20	2	diamond	none	same	N_dis	(632, 450)	vert	up	True	256493	257724	up	(800, 450)	testing
1	xy	f	20	2	circle	red	same	(632, 450)	(968, 450)	hori	left	True	259333	260700	left	(800, 450)	testing
1	xy	f	20	2	diamond	green	dif	(800, 618)	(968, 450)	vert	up	True	262123	263452	up	(800, 450)	testing
1	xy	f	20	2	circle	green	same	(800, 618)	(800, 282)	hori	left	True	265113	266556	left	(800, 450)	testing
1	xy	f	20	2	diamond	none	same	N_dis	(800, 282)	hori	left	True	268037	269276	left	(800, 450)	testing
1	xy	f	20	2	diamond	none	same	N_dis	(800, 618)	vert	up	True	270861	271868	up	(800, 450)	testing
1	xy	f	20	2	diamond	green	dif	(800, 618)	(800, 282)	vert	up	True	273527	274684	up	(800, 450)	testing
1	xy	f	20	2	diamond	red	same	(800, 618)	(632, 450)	hori	left	True	276058	277388	left	(800, 450)	testing
1	xy	f	20	2	circle	green	same	(800, 618)	(800, 282)	vert	up	True	278795	280124	up	(800, 450)	testing
1	xy	f	20	2	circle	none	dif	N_dis	(800, 618)	vert	up	True	281609	283132	up	(800, 450)	testing
1	xy	f	20	2	circle	red	dif	(968, 450)	(632, 450)	vert	up	True	284584	286092	up	(800, 450)	testing
1	xy	f	20	2	circle	none	dif	N_dis	(800, 282)	hori	left	True	287755	289180	left	(800, 450)	testing
1	xy	f	20	2	circle	green	dif	(632, 450)	(800, 618)	hori	left	True	290647	291852	left	(800, 450)	testing
1	xy	f	20	2	circle	red	same	(800, 618)	(800, 282)	hori	left	True	293473	294524	left	(800, 450)	testing
1	xy	f	20	2	diamond	red	dif	(632, 450)	(800, 282)	hori	left	True	296168	297580	left	(800, 450)	testing
1	xy	f	20	2	circle	red	dif	(800, 618)	(968, 450)	vert	up	True	299236	300604	up	(800, 450)	testing
1	xy	f	20	2	circle	green	same	(632, 450)	(800, 618)	vert	up	True	302073	303276	up	(800, 450)	testing
1	xy	f	20	2	circle	red	same	(800, 618)	(968, 450)	hori	left	True	304840	306588	left	(800, 450)	testing
1	xy	f	20	2	circle	none	same	N_dis	(968, 450)	hori	left	True	308068	308988	left	(800, 450)	testing
1	xy	f	20	2	circle	none	dif	N_dis	(800, 282)	vert	up	True	310525	311356	up	(800, 450)	testing
1	xy	f	20	2	diamond	red	dif	(968, 450)	(800, 618)	hori	left	True	312948	313900	left	(800, 450)	testing
1	xy	f	20	2	diamond	green	dif	(800, 618)	(632, 450)	vert	up	True	315382	316492	up	(800, 450)	testing
1	xy	f	20	2	diamond	none	same	N_dis	(800, 618)	hori	left	True	317924	318828	left	(800, 450)	testing
1	xy	f	20	2	diamond	none	same	N_dis	(632, 450)	hori	left	True	320283	321404	left	(800, 450)	testing
1	xy	f	20	2	diamond	red	same	(968, 450)	(632, 450)	vert	up	True	322818	323612	up	(800, 450)	testing
1	xy	f	20	2	diamond	red	same	(800, 618)	(800, 282)	hori	left	True	324992	325724	left	(800, 450)	testing
1	xy	f	20	2	circle	green	dif	(800, 282)	(632, 450)	vert	up	True	327208	328236	up	(800, 450)	testing
1	xy	f	20	2	circle	green	dif	(800, 282)	(968, 450)	hori	left	True	329709	331035	left	(800, 450)	testing
1	xy	f	20	2	diamond	none	same	N_dis	(800, 618)	hori	left	True	332488	333532	left	(800, 450)	testing
1	xy	f	20	2	circle	red	same	(800, 618)	(968, 450)	hori	left	True	335064	336636	left	(800, 450)	testing
1	xy	f	20	2	diamond	none	same	N_dis	(968, 450)	vert	up	True	338037	339500	up	(800, 450)	testing
1	xy	f	20	2	diamond	green	dif	(632, 450)	(968, 450)	vert	up	True	341058	342637	up	(800, 450)	testing
1	xy	f	20	2	diamond	red	same	(800, 618)	(632, 450)	hori	left	True	344231	345308	left	(800, 450)	testing
1	xy	f	20	2	circle	none	dif	N_dis	(800, 282)	vert	up	True	346912	347900	up	(800, 450)	testing
1	xy	f	20	2	diamond	none	dif	N_dis	(800, 618)	vert	up	True	349515	350588	up	(800, 450)	testing
1	xy	f	20	2	diamond	red	same	(632, 450)	(800, 282)	hori	left	True	352197	353516	left	(800, 450)	testing
1	xy	f	20	2	diamond	none	same	N_dis	(632, 450)	hori	left	True	354952	355868	left	(800, 450)	testing
1	xy	f	20	2	diamond	green	same	(800, 618)	(968, 450)	vert	up	True	357270	358412	up	(800, 450)	testing
1	xy	f	20	2	diamond	green	same	(800, 282)	(968, 450)	vert	up	True	359818	361532	up	(800, 450)	testing
1	xy	f	20	2	diamond	none	dif	N_dis	(968, 450)	hori	left	True	363054	364316	left	(800, 450)	testing
1	xy	f	20	2	circle	green	dif	(632, 450)	(968, 450)	vert	up	True	365772	367196	up	(800, 450)	testing
1	xy	f	20	2	diamond	none	dif	N_dis	(800, 282)	vert	up	True	368811	369852	up	(800, 450)	testing
1	xy	f	20	2	diamond	red	dif	(632, 450)	(800, 618)	vert	up	True	371317	372556	up	(800, 450)	testing
1	xy	f	20	2	circle	none	same	N_dis	(968, 450)	hori	left	True	374120	375724	left	(800, 450)	testing
1	xy	f	20	2	diamond	green	same	(800, 618)	(968, 450)	hori	left	True	377242	378508	left	(800, 450)	testing
1	xy	f	20	2	circle	none	same	N_dis	(800, 282)	hori	left	True	380078	381324	left	(800, 450)	testing
1	xy	f	20	2	circle	red	dif	(800, 282)	(800, 618)	vert	up	True	382742	384300	up	(800, 450)	testing
1	xy	f	20	2	circle	none	dif	N_dis	(800, 282)	hori	left	True	385902	386812	left	(800, 450)	testing
1	xy	f	20	2	diamond	red	dif	(800, 282)	(632, 450)	hori	left	True	388266	389564	left	(800, 450)	testing
1	xy	f	20	2	diamond	green	dif	(800, 282)	(800, 618)	hori	left	True	390965	392156	left	(800, 450)	testing
1	xy	f	20	2	diamond	none	dif	N_dis	(800, 618)	hori	left	True	393547	394780	left	(800, 450)	testing
1	xy	f	20	2	diamond	none	same	N_dis	(800, 282)	hori	left	True	396409	397420	left	(800, 450)	testing
1	xy	f	20	2	circle	green	dif	(968, 450)	(800, 618)	vert	up	True	398794	399836	up	(800, 450)	testing
1	xy	f	20	2	circle	red	same	(800, 282)	(800, 618)	hori	left	True	401292	402284	left	(800, 450)	testing
1	xy	f	20	2	circle	red	same	(800, 618)	(968, 450)	vert	up	True	403924	405035	up	(800, 450)	testing
1	xy	f	20	2	circle	red	dif	(632, 450)	(968, 450)	vert	up	True	406709	407596	up	(800, 450)	testing
1	xy	f	20	2	circle	green	dif	(800, 282)	(968, 450)	vert	up	True	409237	410140	up	(800, 450)	testing
1	xy	f	20	2	circle	none	same	N_dis	(800, 282)	hori	left	True	411540	412812	left	(800, 450)	testing
1	xy	f	20	2	circle	green	same	(968, 450)	(800, 282)	vert	up	True	414386	415644	up	(800, 450)	testing
1	xy	f	20	2	diamond	none	dif	N_dis	(632, 450)	hori	left	True	417133	418076	left	(800, 450)	testing
1	xy	f	20	2	circle	red	dif	(800, 618)	(800, 282)	hori	left	True	419485	420540	left	(800, 450)	testing
1	xy	f	20	2	diamond	none	dif	N_dis	(632, 450)	vert	up	True	422117	423180	up	(800, 450)	testing
1	xy	f	20	2	diamond	green	dif	(800, 282)	(968, 450)	hori	left	True	424639	425756	left	(800, 450)	testing
1	xy	f	20	2	circle	red	same	(800, 282)	(632, 450)	hori	left	True	427342	428556	left	(800, 450)	testing
1	xy	f	20	2	circle	green	dif	(800, 618)	(968, 450)	hori	left	True	430070	431628	left	(800, 450)	testing
1	xy	f	20	2	diamond	green	same	(800, 282)	(800, 618)	vert	up	True	433197	434492	up	(800, 450)	testing
1	xy	f	20	2	circle	green	dif	(800, 618)	(968, 450)	hori	left	True	436061	437340	left	(800, 450)	testing
1	xy	f	20	2	diamond	red	same	(800, 282)	(632, 450)	hori	left	True	438882	440044	left	(800, 450)	testing
1	xy	f	20	2	diamond	red	same	(632, 450)	(800, 282)	hori	left	True	441690	442588	left	(800, 450)	testing
1	xy	f	20	2	circle	green	same	(800, 618)	(968, 450)	vert	up	True	444006	445164	up	(800, 450)	testing
1	xy	f	20	2	circle	red	same	(800, 618)	(968, 450)	vert	up	True	446770	447868	up	(800, 450)	testing
1	xy	f	20	2	diamond	green	dif	(632, 450)	(968, 450)	hori	left	True	449313	450780	left	(800, 450)	testing
1	xy	f	20	2	diamond	green	same	(800, 282)	(800, 618)	hori	left	True	452259	453308	left	(800, 450)	testing
1	xy	f	20	2	circle	none	dif	N_dis	(632, 450)	vert	up	True	454849	456348	up	(800, 450)	testing
1	xy	f	20	2	diamond	red	dif	(800, 618)	(800, 282)	hori	left	True	458011	459708	left	(800, 450)	testing
1	xy	f	20	2	circle	green	dif	(800, 618)	(800, 282)	hori	left	True	461376	462380	left	(800, 450)	testing
1	xy	f	20	2	diamond	green	dif	(800, 618)	(632, 450)	vert	up	True	464032	465003	up	(800, 450)	testing
1	xy	f	20	2	diamond	red	same	(632, 450)	(800, 618)	hori	left	True	466562	467916	left	(800, 450)	testing
1	xy	f	20	2	diamond	none	same	N_dis	(632, 450)	vert	up	True	469318	470300	up	(800, 450)	testing
1	xy	f	20	2	diamond	red	same	(800, 618)	(968, 450)	vert	up	True	471694	472780	up	(800, 450)	testing
1	xy	f	20	2	diamond	red	dif	(800, 282)	(632, 450)	vert	up	True	474411	475180	up	(800, 450)	testing
1	xy	f	20	2	diamond	green	dif	(632, 450)	(800, 282)	vert	up	True	476561	477388	up	(800, 450)	testing
1	xy	f	20	2	circle	green	dif	(800, 282)	(800, 618)	hori	left	True	478827	480172	left	(800, 450)	testing
1	xy	f	20	2	diamond	green	dif	(800, 282)	(968, 450)	hori	left	True	481792	482924	left	(800, 450)	testing
1	xy	f	20	2	circle	none	same	N_dis	(800, 618)	hori	left	True	484541	485804	left	(800, 450)	testing
1	xy	f	20	2	diamond	red	dif	(800, 618)	(968, 450)	hori	left	True	487363	488268	left	(800, 450)	testing
1	xy	f	20	2	circle	none	same	N_dis	(800, 282)	vert	up	True	489786	491035	up	(800, 450)	testing
1	xy	f	20	2	diamond	red	same	(632, 450)	(968, 450)	hori	left	True	492653	493404	left	(800, 450)	testing
1	xy	f	20	2	diamond	none	same	N_dis	(800, 282)	vert	up	True	494993	496284	up	(800, 450)	testing
1	xy	f	20	2	diamond	none	same	N_dis	(968, 450)	vert	up	True	497820	498973	up	(800, 450)	testing
1	xy	f	20	2	diamond	red	dif	(632, 450)	(800, 618)	hori	left	True	500420	501740	left	(800, 450)	testing
1	xy	f	20	2	diamond	none	dif	N_dis	(968, 450)	vert	up	True	503323	504348	up	(800, 450)	testing
1	xy	f	20	2	circle	green	dif	(632, 450)	(968, 450)	hori	left	True	505881	507532	left	(800, 450)	testing
1	xy	f	20	2	diamond	red	dif	(800, 618)	(968, 450)	hori	left	True	509038	509836	left	(800, 450)	testing
1	xy	f	20	2	circle	green	dif	(800, 618)	(632, 450)	hori	left	True	511249	512860	left	(800, 450)	testing
1	xy	f	20	2	diamond	green	same	(800, 282)	(800, 618)	vert	up	True	514430	515692	up	(800, 450)	testing
1	xy	f	20	2	diamond	none	same	N_dis	(968, 450)	vert	up	True	517333	518428	up	(800, 450)	testing
1	xy	f	20	2	circle	green	dif	(800, 282)	(968, 450)	hori	left	True	519967	520956	left	(800, 450)	testing
1	xy	f	20	2	diamond	none	same	N_dis	(800, 618)	hori	left	True	522509	523468	left	(800, 450)	testing
1	xy	f	20	2	circle	green	same	(632, 450)	(968, 450)	hori	left	True	524863	525900	left	(800, 450)	testing
1	xy	f	20	2	circle	red	same	(632, 450)	(968, 450)	vert	up	True	527389	528236	up	(800, 450)	testing
1	xy	f	20	2	diamond	none	dif	N_dis	(632, 450)	vert	up	True	529832	530748	up	(800, 450)	testing
1	xy	f	20	2	circle	none	dif	N_dis	(968, 450)	vert	up	True	532402	533292	up	(800, 450)	testing
1	xy	f	20	2	diamond	red	same	(632, 450)	(968, 450)	hori	left	True	534666	535644	left	(800, 450)	testing
1	xy	f	20	2	diamond	none	same	N_dis	(968, 450)	vert	up	True	537201	538156	up	(800, 450)	testing
1	xy	f	20	2	circle	none	same	N_dis	(632, 450)	vert	up	True	539754	541596	up	(800, 450)	testing
1	xy	f	20	2	circle	green	same	(800, 618)	(968, 450)	vert	up	True	542998	543964	up	(800, 450)	testing
1	xy	f	20	2	circle	none	same	N_dis	(800, 618)	hori	left	True	545442	546396	left	(800, 450)	testing
1	xy	f	20	2	diamond	red	dif	(632, 450)	(800, 282)	vert	up	True	548034	549740	up	(800, 450)	testing
1	xy	f	20	2	diamond	green	same	(800, 282)	(800, 618)	hori	left	True	551317	552220	left	(800, 450)	testing
1	xy	f	20	2	diamond	red	same	(632, 450)	(800, 618)	hori	left	True	553635	554524	left	(800, 450)	testing
1	xy	f	20	2	diamond	green	dif	(800, 282)	(632, 450)	hori	left	True	555897	556796	left	(800, 450)	testing
1	xy	f	20	2	circle	none	dif	N_dis	(800, 618)	vert	up	True	558468	559980	up	(800, 450)	testing
1	xy	f	20	2	diamond	green	same	(800, 282)	(968, 450)	hori	left	True	561637	562700	left	(800, 450)	testing
1	xy	f	20	2	diamond	green	dif	(800, 282)	(632, 450)	vert	up	True	564210	565308	up	(800, 450)	testing
1	xy	f	20	2	diamond	none	same	N_dis	(968, 450)	vert	up	True	566834	567660	up	(800, 450)	testing
1	xy	f	20	2	diamond	green	same	(800, 618)	(800, 282)	hori	left	True	569118	570268	left	(800, 450)	testing
1	xy	f	20	2	diamond	none	dif	N_dis	(632, 450)	hori	left	True	571927	572972	left	(800, 450)	testing
1	xy	f	20	2	circle	red	same	(800, 282)	(800, 618)	vert	up	True	574510	576284	up	(800, 450)	testing
1	xy	f	20	2	circle	green	same	(800, 618)	(800, 282)	hori	left	True	577927	578844	left	(800, 450)	testing
1	xy	f	20	2	circle	green	same	(632, 450)	(800, 618)	hori	left	True	580264	581324	left	(800, 450)	testing
1	xy	f	20	2	diamond	green	dif	(968, 450)	(632, 450)	hori	left	True	582724	584748	left	(800, 450)	testing
1	xy	f	20	2	circle	none	dif	N_dis	(968, 450)	hori	left	True	586144	587148	left	(800, 450)	testing
1	xy	f	20	2	diamond	green	dif	(800, 282)	(968, 450)	hori	left	True	588706	589804	left	(800, 450)	testing
1	xy	f	20	2	circle	none	same	N_dis	(632, 450)	hori	left	True	591449	592860	left	(800, 450)	testing
1	xy	f	20	2	diamond	green	dif	(800, 282)	(968, 450)	hori	left	True	594303	595516	left	(800, 450)	testing
1	xy	f	20	2	circle	green	same	(800, 282)	(632, 450)	hori	left	True	597120	598220	left	(800, 450)	testing
1	xy	f	20	2	circle	green	same	(800, 618)	(968, 450)	vert	up	True	599892	601035	up	(800, 450)	testing
1	xy	f	20	2	diamond	red	dif	(800, 618)	(800, 282)	vert	up	True	602567	604540	up	(800, 450)	testing
1	xy	f	20	2	circle	red	dif	(800, 282)	(968, 450)	hori	left	True	606119	607052	left	(800, 450)	testing
1	xy	f	20	2	diamond	green	same	(800, 282)	(632, 450)	hori	left	True	608533	609548	left	(800, 450)	testing
1	xy	f	20	2	diamond	none	dif	N_dis	(800, 618)	hori	left	True	611098	612027	left	(800, 450)	testing
1	xy	f	20	2	circle	green	same	(632, 450)	(800, 282)	vert	up	True	613432	614620	up	(800, 450)	testing
1	xy	f	20	2	circle	green	same	(800, 618)	(968, 450)	vert	up	True	616285	617340	up	(800, 450)	testing
1	xy	f	20	2	diamond	red	same	(800, 282)	(800, 618)	hori	left	True	618761	620076	left	(800, 450)	testing
1	xy	f	20	2	diamond	red	same	(800, 282)	(800, 618)	hori	left	True	621608	622444	left	(800, 450)	testing
1	xy	f	20	2	diamond	green	dif	(800, 282)	(968, 450)	hori	left	True	624006	625244	left	(800, 450)	testing
1	xy	f	20	2	circle	green	dif	(800, 618)	(632, 450)	vert	up	True	626771	627852	up	(800, 450)	testing
1	xy	f	20	2	circle	red	dif	(800, 282)	(968, 450)	hori	left	True	629383	630428	left	(800, 450)	testing
1	xy	f	20	2	circle	red	same	(800, 618)	(800, 282)	vert	up	True	631807	632636	up	(800, 450)	testing
1	xy	f	20	2	circle	none	dif	N_dis	(968, 450)	vert	up	True	634236	635260	up	(800, 450)	testing
1	xy	f	20	2	diamond	red	dif	(800, 618)	(800, 282)	hori	left	True	636682	637948	left	(800, 450)	testing
1	xy	f	20	2	circle	green	dif	(632, 450)	(800, 618)	vert	up	True	639609	640700	up	(800, 450)	testing
1	xy	f	20	2	circle	green	dif	(632, 450)	(800, 282)	vert	up	True	642139	643484	up	(800, 450)	testing
1	xy	f	20	2	diamond	none	dif	N_dis	(800, 618)	vert	up	True	645065	646220	up	(800, 450)	testing
1	xy	f	20	2	circle	red	same	(632, 450)	(800, 618)	vert	up	True	647780	648828	up	(800, 450)	testing
1	xy	f	20	2	diamond	red	same	(800, 618)	(632, 450)	vert	up	True	650248	651596	up	(800, 450)	testing
1	xy	f	20	2	diamond	green	same	(800, 282)	(968, 450)	vert	up	True	653032	654284	up	(800, 450)	testing
1	xy	f	20	2	circle	red	same	(800, 282)	(968, 450)	hori	left	True	655786	657148	left	(800, 450)	testing
1	xy	f	20	2	diamond	green	same	(800, 618)	(632, 450)	hori	left	True	658609	659773	left	(800, 450)	testing
1	xy	f	20	2	diamond	none	dif	N_dis	(968, 450)	vert	up	True	661249	662236	up	(800, 450)	testing
1	xy	f	20	2	circle	green	dif	(632, 450)	(800, 618)	hori	left	True	663729	665084	left	(800, 450)	testing
1	xy	f	20	2	diamond	none	same	N_dis	(632, 450)	vert	up	True	666511	668076	up	(800, 450)	testing
1	xy	f	20	2	diamond	red	same	(800, 282)	(632, 450)	vert	up	True	669527	670604	up	(800, 450)	testing
1	xy	f	20	2	circle	none	dif	N_dis	(800, 618)	hori	left	True	672026	672860	left	(800, 450)	testing
1	xy	f	20	2	diamond	red	same	(632, 450)	(800, 282)	hori	left	True	674312	675324	left	(800, 450)	testing
1	xy	f	20	2	circle	red	dif	(632, 450)	(800, 282)	vert	up	True	676704	678348	up	(800, 450)	testing
1	xy	f	20	2	circle	none	dif	N_dis	(800, 618)	vert	up	True	679793	681180	up	(800, 450)	testing
1	xy	f	20	2	diamond	green	same	(800, 618)	(632, 450)	hori	left	True	682622	683772	left	(800, 450)	testing
1	xy	f	20	2	circle	none	same	N_dis	(632, 450)	hori	left	True	685389	686492	left	(800, 450)	testing
1	xy	f	20	2	diamond	none	same	N_dis	(800, 282)	vert	up	True	688047	689260	up	(800, 450)	testing
1	xy	f	20	2	circle	none	same	N_dis	(968, 450)	vert	up	True	690849	691900	up	(800, 450)	testing
1	xy	f	20	2	circle	green	same	(632, 450)	(800, 618)	vert	up	True	693424	694604	up	(800, 450)	testing
1	xy	f	20	2	circle	green	same	(800, 282)	(800, 618)	vert	up	True	696055	697228	up	(800, 450)	testing
1	xy	f	20	2	diamond	green	same	(632, 450)	(800, 282)	hori	left	True	698822	699884	left	(800, 450)	testing
1	xy	f	20	2	circle	green	same	(800, 618)	(800, 282)	hori	left	True	701296	702764	left	(800, 450)	testing
1	xy	f	20	2	circle	green	same	(800, 618)	(632, 450)	vert	up	True	704296	705452	up	(800, 450)	testing
1	xy	f	20	2	diamond	red	dif	(800, 618)	(968, 450)	hori	left	True	707025	708124	left	(800, 450)	testing
1	xy	f	20	2	diamond	red	same	(800, 282)	(968, 450)	vert	up	True	709721	710796	up	(800, 450)	testing
1	xy	f	20	2	diamond	green	dif	(800, 282)	(800, 618)	vert	up	True	712325	713532	up	(800, 450)	testing
1	xy	f	20	2	circle	red	dif	(632, 450)	(968, 450)	hori	left	True	715105	716204	left	(800, 450)	testing
1	xy	f	20	2	circle	none	dif	N_dis	(800, 618)	hori	left	True	717769	719245	left	(800, 450)	testing
1	xy	f	20	2	circle	green	dif	(632, 450)	(968, 450)	hori	left	True	720882	721708	left	(800, 450)	testing
1	xy	f	20	2	circle	red	dif	(632, 450)	(968, 450)	hori	left	True	723268	724172	left	(800, 450)	testing
1	xy	f	20	2	circle	red	dif	(800, 282)	(800, 618)	vert	up	True	725676	726524	up	(800, 450)	testing
1	xy	f	20	2	circle	red	same	(800, 282)	(800, 618)	vert	up	True	727929	728700	up	(800, 450)	testing
1	xy	f	20	2	diamond	none	same	N_dis	(632, 450)	vert	up	True	730307	731308	up	(800, 450)	testing
1	xy	f	20	2	circle	red	dif	(800, 282)	(632, 450)	hori	left	True	732936	733964	left	(800, 450)	testing
1	xy	f	20	2	diamond	none	dif	N_dis	(632, 450)	hori	left	True	735358	736460	left	(800, 450)	testing
1	xy	f	20	2	circle	none	dif	N_dis	(968, 450)	hori	left	True	738031	739068	left	(800, 450)	testing
1	xy	f	20	2	circle	red	dif	(800, 618)	(632, 450)	hori	left	True	740642	741548	left	(800, 450)	testing
1	xy	f	20	2	diamond	red	dif	(632, 450)	(968, 450)	hori	left	True	743101	744204	left	(800, 450)	testing
1	xy	f	20	2	diamond	green	dif	(800, 618)	(800, 282)	hori	left	True	745653	746508	left	(800, 450)	testing
1	xy	f	20	2	diamond	none	same	N_dis	(800, 282)	hori	left	True	748006	748780	left	(800, 450)	testing
1	xy	f	20	2	diamond	red	dif	(800, 618)	(632, 450)	hori	left	True	750326	751212	left	(800, 450)	testing
1	xy	f	20	2	circle	green	same	(800, 618)	(800, 282)	vert	up	True	752621	754460	up	(800, 450)	testing
1	xy	f	20	2	circle	none	dif	N_dis	(632, 450)	vert	up	True	755993	757901	up	(800, 450)	testing
1	xy	f	20	2	circle	red	same	(632, 450)	(800, 618)	vert	up	True	759509	760524	up	(800, 450)	testing
1	xy	f	20	2	circle	none	same	N_dis	(968, 450)	vert	up	True	761908	762748	up	(800, 450)	testing
1	xy	f	20	2	diamond	red	dif	(800, 618)	(632, 450)	vert	up	True	764291	766220	up	(800, 450)	testing
1	xy	f	20	2	circle	red	same	(968, 450)	(800, 282)	vert	up	True	767650	769052	up	(800, 450)	testing
1	xy	f	20	2	circle	red	same	(800, 282)	(632, 450)	vert	up	True	770522	771740	up	(800, 450)	testing
1	xy	f	20	2	diamond	none	same	N_dis	(968, 450)	hori	left	True	773394	774732	left	(800, 450)	testing
1	xy	f	20	2	circle	green	same	(800, 282)	(800, 618)	vert	up	True	776396	777628	up	(800, 450)	testing
1	xy	f	20	2	circle	green	dif	(632, 450)	(800, 282)	vert	up	True	779072	780380	up	(800, 450)	testing
1	xy	f	20	2	diamond	red	dif	(800, 282)	(968, 450)	vert	up	True	781785	783132	up	(800, 450)	testing
1	xy	f	20	2	circle	none	same	N_dis	(632, 450)	hori	left	True	784665	785452	left	(800, 450)	testing
1	xy	f	20	2	circle	red	same	(632, 450)	(800, 282)	vert	up	True	786942	787932	up	(800, 450)	testing
1	xy	f	20	2	circle	none	same	N_dis	(632, 450)	hori	left	True	789309	790972	left	(800, 450)	testing
1	xy	f	20	2	diamond	green	same	(800, 282)	(632, 450)	vert	up	True	792432	793581	up	(800, 450)	testing
1	xy	f	20	2	circle	none	same	N_dis	(800, 282)	vert	up	True	795206	796220	up	(800, 450)	testing
1	xy	f	20	2	circle	green	same	(632, 450)	(800, 618)	vert	up	True	797878	798828	up	(800, 450)	testing
1	xy	f	20	2	diamond	none	dif	N_dis	(800, 618)	vert	up	True	800355	801596	up	(800, 450)	testing
1	xy	f	20	2	circle	green	same	(632, 450)	(800, 618)	hori	left	True	803136	804428	left	(800, 450)	testing
1	xy	f	20	2	diamond	none	dif	N_dis	(800, 282)	hori	left	True	806056	807084	left	(800, 450)	testing
1	xy	f	20	2	diamond	green	dif	(632, 450)	(800, 282)	hori	left	True	808490	809964	left	(800, 450)	testing
1	xy	f	20	2	circle	green	same	(800, 282)	(968, 450)	hori	left	True	811615	813068	left	(800, 450)	testing
1	xy	f	20	2	circle	none	same	N_dis	(800, 618)	vert	up	True	814650	816076	up	(800, 450)	testing
1	xy	f	20	2	circle	none	dif	N_dis	(800, 282)	hori	left	True	817684	818828	left	(800, 450)	testing
1	xy	f	20	2	diamond	red	same	(800, 282)	(968, 450)	hori	left	True	820241	821324	left	(800, 450)	testing
1	xy	f	20	2	circle	none	dif	N_dis	(800, 282)	vert	up	True	822746	824349	up	(800, 450)	testing
1	xy	f	20	2	diamond	green	same	(632, 450)	(968, 450)	vert	up	True	825773	826844	up	(800, 450)	testing
1	xy	f	20	2	circle	none	same	N_dis	(968, 450)	hori	left	True	828413	829405	left	(800, 450)	testing
1	xy	f	20	2	diamond	green	same	(800, 282)	(968, 450)	vert	up	True	830810	831804	up	(800, 450)	testing
1	xy	f	20	2	circle	none	same	N_dis	(800, 618)	hori	left	True	833252	834204	left	(800, 450)	testing
1	xy	f	20	2	circle	red	dif	(800, 282)	(632, 450)	vert	up	True	835808	837196	up	(800, 450)	testing
1	xy	f	20	2	circle	none	dif	N_dis	(968, 450)	hori	left	True	838795	839468	left	(800, 450)	testing
1	xy	f	20	2	circle	red	dif	(800, 282)	(632, 450)	hori	left	True	841006	841964	left	(800, 450)	testing
1	xy	f	20	2	diamond	green	dif	(800, 618)	(632, 450)	vert	up	True	843492	844748	up	(800, 450)	testing
1	xy	f	20	2	diamond	none	dif	N_dis	(968, 450)	hori	left	True	846194	847068	left	(800, 450)	testing
1	xy	f	20	2	diamond	green	same	(800, 282)	(968, 450)	vert	up	True	848598	849564	up	(800, 450)	testing
1	xy	f	20	2	diamond	red	dif	(800, 282)	(632, 450)	vert	up	True	851021	851916	up	(800, 450)	testing
1	xy	f	20	2	circle	none	dif	N_dis	(800, 618)	vert	up	True	853390	854220	up	(800, 450)	testing
1	xy	f	20	2	diamond	green	same	(632, 450)	(800, 282)	vert	up	True	855850	856636	up	(800, 450)	testing
1	xy	f	20	2	circle	none	same	N_dis	(632, 450)	vert	up	True	858020	858956	up	(800, 450)	testing
1	xy	f	20	2	circle	none	dif	N_dis	(800, 282)	hori	left	True	860422	861372	left	(800, 450)	testing
1	xy	f	20	2	circle	green	dif	(800, 618)	(800, 282)	vert	up	True	862759	863964	up	(800, 450)	testing
1	xy	f	20	2	circle	red	same	(632, 450)	(800, 282)	vert	up	True	865478	866492	up	(800, 450)	testing
1	xy	f	20	2	circle	none	same	N_dis	(800, 618)	vert	up	True	868049	869196	up	(800, 450)	testing
1	xy	f	20	2	diamond	none	dif	N_dis	(800, 282)	hori	left	True	870808	871836	left	(800, 450)	testing
1	xy	f	20	2	diamond	red	dif	(800, 282)	(632, 450)	vert	up	True	873486	874716	up	(800, 450)	testing
1	xy	f	20	2	circle	red	dif	(800, 282)	(800, 618)	hori	left	True	876338	877420	left	(800, 450)	testing
1	xy	f	20	2	diamond	none	dif	N_dis	(632, 450)	vert	up	True	878908	879964	up	(800, 450)	testing
1	xy	f	20	2	circle	green	dif	(800, 618)	(632, 450)	vert	up	True	881509	882524	up	(800, 450)	testing
1	xy	f	20	2	circle	none	dif	N_dis	(968, 450)	vert	up	True	884084	885068	up	(800, 450)	testing
1	xy	f	20	2	circle	red	dif	(800, 618)	(800, 282)	hori	left	True	886452	887612	left	(800, 450)	testing
1	xy	f	20	2	circle	none	dif	N_dis	(800, 618)	hori	left	True	889188	889980	left	(800, 450)	testing
1	xy	f	20	2	circle	green	same	(800, 282)	(632, 450)	hori	left	True	891549	892620	left	(800, 450)	testing
