subj	name	gender	age	runNum	shape	dist	td_dif	d_loc	t_loc	resp	resp_key	gotKey	startTime	respTime	resp	fix_loc	prac
20	ky	f	19	2	circle	red	dif	(800, 282)	(632, 450)	hori	left	True	26640	27853	left	(800, 450)	testing
20	ky	f	19	2	circle	none	dif	N_dis	(800, 618)	hori	left	True	29346	30172	left	(800, 450)	testing
20	ky	f	19	2	circle	green	dif	(632, 450)	(968, 450)	hori	left	True	31549	33180	up	(800, 450)	testing
20	ky	f	19	2	diamond	none	dif	N_dis	(632, 450)	hori	left	True	36351	37565	left	(800, 450)	testing
20	ky	f	19	2	circle	red	same	(968, 450)	(800, 618)	hori	left	True	39085	41436	left	(800, 450)	testing
20	ky	f	19	2	diamond	none	same	N_dis	(800, 618)	vert	up	True	43016	45036	up	(800, 450)	testing
20	ky	f	19	2	circle	green	dif	(968, 450)	(632, 450)	vert	up	True	46660	48364	up	(800, 450)	testing
20	ky	f	19	2	diamond	green	dif	(968, 450)	(632, 450)	hori	left	True	49806	52156	left	(800, 450)	testing
20	ky	f	19	2	diamond	none	dif	N_dis	(632, 450)	vert	up	True	53610	54653	up	(800, 450)	testing
20	ky	f	19	2	circle	none	dif	N_dis	(800, 282)	vert	up	True	56081	57533	up	(800, 450)	testing
20	ky	f	19	2	diamond	red	dif	(968, 450)	(800, 282)	hori	left	True	59078	60140	left	(800, 450)	testing
20	ky	f	19	2	diamond	none	dif	N_dis	(800, 618)	vert	up	True	61597	63292	up	(800, 450)	testing
20	ky	f	19	2	diamond	green	same	(800, 282)	(800, 618)	vert	up	True	64847	65869	up	(800, 450)	testing
20	ky	f	19	2	circle	none	same	N_dis	(968, 450)	vert	up	True	67334	68957	up	(800, 450)	testing
20	ky	f	19	2	diamond	red	dif	(800, 282)	(632, 450)	vert	up	True	70421	71404	up	(800, 450)	testing
20	ky	f	19	2	diamond	green	dif	(968, 450)	(632, 450)	hori	left	True	72853	73661	left	(800, 450)	testing
20	ky	f	19	2	circle	none	dif	N_dis	(968, 450)	hori	left	True	75197	76941	left	(800, 450)	testing
20	ky	f	19	2	diamond	green	dif	(968, 450)	(632, 450)	vert	up	True	78587	79324	up	(800, 450)	testing
20	ky	f	19	2	diamond	red	dif	(800, 282)	(800, 618)	vert	up	True	80848	81821	up	(800, 450)	testing
20	ky	f	19	2	circle	green	dif	(800, 282)	(632, 450)	hori	left	True	83459	84204	left	(800, 450)	testing
20	ky	f	19	2	diamond	none	dif	N_dis	(632, 450)	hori	left	True	85825	86637	left	(800, 450)	testing
20	ky	f	19	2	diamond	none	dif	N_dis	(800, 618)	vert	up	True	88148	89004	up	(800, 450)	testing
20	ky	f	19	2	diamond	red	same	(968, 450)	(632, 450)	hori	left	True	90456	91084	left	(800, 450)	testing
20	ky	f	19	2	circle	green	same	(968, 450)	(632, 450)	hori	left	True	92631	93757	left	(800, 450)	testing
20	ky	f	19	2	circle	green	same	(632, 450)	(800, 618)	hori	left	True	95307	96845	left	(800, 450)	testing
20	ky	f	19	2	diamond	none	dif	N_dis	(632, 450)	hori	left	True	98311	99308	left	(800, 450)	testing
20	ky	f	19	2	circle	red	same	(968, 450)	(800, 282)	vert	up	True	100935	102076	up	(800, 450)	testing
20	ky	f	19	2	diamond	none	dif	N_dis	(632, 450)	vert	up	True	103623	104957	up	(800, 450)	testing
20	ky	f	19	2	circle	green	dif	(800, 282)	(632, 450)	vert	up	True	106398	107212	left	(800, 450)	testing
20	ky	f	19	2	circle	green	same	(800, 282)	(968, 450)	hori	left	True	110270	111597	left	(800, 450)	testing
20	ky	f	19	2	diamond	red	same	(632, 450)	(800, 618)	vert	up	True	113219	114364	up	(800, 450)	testing
20	ky	f	19	2	diamond	red	same	(968, 450)	(800, 282)	vert	up	True	115860	116605	up	(800, 450)	testing
20	ky	f	19	2	diamond	none	dif	N_dis	(968, 450)	hori	left	True	118061	118877	left	(800, 450)	testing
20	ky	f	19	2	circle	none	same	N_dis	(632, 450)	hori	left	True	120390	121485	left	(800, 450)	testing
20	ky	f	19	2	diamond	green	same	(632, 450)	(800, 618)	hori	left	True	123066	125420	up	(800, 450)	testing
20	ky	f	19	2	diamond	none	same	N_dis	(968, 450)	hori	left	True	128527	129741	left	(800, 450)	testing
20	ky	f	19	2	diamond	red	dif	(632, 450)	(800, 618)	vert	up	True	131340	132541	up	(800, 450)	testing
20	ky	f	19	2	diamond	green	dif	(632, 450)	(968, 450)	hori	left	True	133956	134717	left	(800, 450)	testing
20	ky	f	19	2	diamond	green	same	(632, 450)	(800, 618)	hori	left	True	136132	136877	left	(800, 450)	testing
20	ky	f	19	2	diamond	red	dif	(632, 450)	(800, 618)	hori	left	True	138259	139292	left	(800, 450)	testing
20	ky	f	19	2	circle	none	same	N_dis	(632, 450)	hori	left	True	140741	142861	left	(800, 450)	testing
20	ky	f	19	2	circle	red	same	(632, 450)	(800, 618)	hori	left	True	144514	145308	left	(800, 450)	testing
20	ky	f	19	2	circle	none	same	N_dis	(800, 618)	vert	up	True	146714	147485	up	(800, 450)	testing
20	ky	f	19	2	diamond	red	dif	(968, 450)	(800, 618)	vert	up	True	148877	151452	left	(800, 450)	testing
20	ky	f	19	2	circle	red	same	(968, 450)	(800, 618)	vert	up	True	154505	156605	up	(800, 450)	testing
20	ky	f	19	2	diamond	none	dif	N_dis	(800, 618)	vert	up	True	158138	159436	up	(800, 450)	testing
20	ky	f	19	2	circle	green	same	(800, 282)	(632, 450)	vert	up	True	160836	162076	up	(800, 450)	testing
20	ky	f	19	2	circle	none	same	N_dis	(968, 450)	vert	up	True	163727	164749	up	(800, 450)	testing
20	ky	f	19	2	diamond	green	same	(968, 450)	(800, 618)	vert	up	True	166195	167324	up	(800, 450)	testing
20	ky	f	19	2	circle	green	dif	(632, 450)	(800, 282)	hori	left	True	168892	170781	left	(800, 450)	testing
20	ky	f	19	2	circle	green	same	(800, 282)	(968, 450)	hori	left	True	172296	173869	left	(800, 450)	testing
20	ky	f	19	2	diamond	green	dif	(800, 618)	(968, 450)	vert	up	True	175462	176493	up	(800, 450)	testing
20	ky	f	19	2	circle	red	dif	(632, 450)	(800, 618)	vert	up	True	178014	179773	up	(800, 450)	testing
20	ky	f	19	2	circle	green	dif	(632, 450)	(800, 282)	vert	up	True	181303	182316	up	(800, 450)	testing
20	ky	f	19	2	circle	none	dif	N_dis	(968, 450)	vert	up	True	183935	184781	up	(800, 450)	testing
20	ky	f	19	2	circle	red	dif	(968, 450)	(632, 450)	hori	left	True	186334	187180	left	(800, 450)	testing
20	ky	f	19	2	circle	red	dif	(800, 282)	(800, 618)	hori	left	True	188770	189853	left	(800, 450)	testing
20	ky	f	19	2	circle	green	same	(968, 450)	(800, 282)	vert	up	True	191304	192172	up	(800, 450)	testing
20	ky	f	19	2	circle	red	same	(968, 450)	(632, 450)	vert	up	True	193839	195212	up	(800, 450)	testing
20	ky	f	19	2	diamond	green	same	(968, 450)	(800, 618)	hori	left	True	196736	198012	left	(800, 450)	testing
20	ky	f	19	2	circle	red	same	(800, 282)	(800, 618)	hori	left	True	199622	200653	left	(800, 450)	testing
20	ky	f	19	2	circle	red	dif	(632, 450)	(800, 282)	vert	up	True	202176	202957	up	(800, 450)	testing
20	ky	f	19	2	diamond	none	dif	N_dis	(800, 282)	hori	left	True	204501	205901	left	(800, 450)	testing
20	ky	f	19	2	diamond	red	dif	(800, 282)	(968, 450)	hori	left	True	207275	208829	left	(800, 450)	testing
20	ky	f	19	2	diamond	green	same	(968, 450)	(800, 618)	vert	up	True	210294	211388	up	(800, 450)	testing
20	ky	f	19	2	diamond	green	same	(800, 282)	(632, 450)	vert	up	True	212955	214541	up	(800, 450)	testing
20	ky	f	19	2	diamond	red	same	(800, 282)	(632, 450)	vert	up	True	216107	216797	up	(800, 450)	testing
20	ky	f	19	2	circle	red	dif	(632, 450)	(968, 450)	hori	left	True	218298	219212	left	(800, 450)	testing
20	ky	f	19	2	circle	none	same	N_dis	(968, 450)	hori	left	True	220857	222220	left	(800, 450)	testing
20	ky	f	19	2	diamond	none	same	N_dis	(800, 282)	hori	left	True	223642	224428	left	(800, 450)	testing
20	ky	f	19	2	diamond	red	same	(800, 282)	(632, 450)	vert	up	True	225907	227372	up	(800, 450)	testing
20	ky	f	19	2	diamond	none	dif	N_dis	(800, 618)	vert	up	True	229001	229821	up	(800, 450)	testing
20	ky	f	19	2	circle	red	same	(800, 282)	(968, 450)	vert	up	True	231309	232765	up	(800, 450)	testing
20	ky	f	19	2	circle	none	same	N_dis	(800, 282)	vert	up	True	234310	235084	up	(800, 450)	testing
20	ky	f	19	2	circle	green	dif	(968, 450)	(800, 618)	hori	left	True	236735	237789	up	(800, 450)	testing
20	ky	f	19	2	circle	red	same	(632, 450)	(800, 618)	hori	left	True	240835	241933	left	(800, 450)	testing
20	ky	f	19	2	diamond	none	same	N_dis	(800, 282)	vert	up	True	243361	245052	up	(800, 450)	testing
20	ky	f	19	2	circle	none	dif	N_dis	(632, 450)	hori	left	True	246505	247629	left	(800, 450)	testing
20	ky	f	19	2	diamond	red	dif	(632, 450)	(968, 450)	vert	up	True	249118	250525	up	(800, 450)	testing
20	ky	f	19	2	diamond	green	dif	(968, 450)	(632, 450)	hori	left	True	252121	254525	left	(800, 450)	testing
20	ky	f	19	2	diamond	green	same	(800, 282)	(800, 618)	vert	up	True	256030	258140	up	(800, 450)	testing
20	ky	f	19	2	circle	none	dif	N_dis	(968, 450)	vert	up	True	259535	261549	up	(800, 450)	testing
20	ky	f	19	2	diamond	red	dif	(968, 450)	(800, 282)	hori	left	True	263104	264140	left	(800, 450)	testing
20	ky	f	19	2	diamond	green	dif	(632, 450)	(800, 282)	hori	left	True	265747	266749	left	(800, 450)	testing
20	ky	f	19	2	circle	red	same	(800, 282)	(968, 450)	vert	up	True	268421	269677	up	(800, 450)	testing
20	ky	f	19	2	diamond	red	dif	(968, 450)	(800, 618)	vert	up	True	271266	272380	up	(800, 450)	testing
20	ky	f	19	2	circle	none	dif	N_dis	(968, 450)	hori	left	True	274044	275324	left	(800, 450)	testing
20	ky	f	19	2	circle	red	same	(968, 450)	(800, 618)	vert	up	True	276802	278717	up	(800, 450)	testing
20	ky	f	19	2	diamond	green	dif	(632, 450)	(800, 618)	vert	up	True	280290	281629	up	(800, 450)	testing
20	ky	f	19	2	circle	green	same	(800, 282)	(632, 450)	vert	up	True	283006	284412	up	(800, 450)	testing
20	ky	f	19	2	circle	green	same	(632, 450)	(968, 450)	hori	left	True	285851	287340	left	(800, 450)	testing
20	ky	f	19	2	diamond	red	same	(632, 450)	(968, 450)	hori	left	True	288964	289917	left	(800, 450)	testing
20	ky	f	19	2	circle	red	same	(968, 450)	(800, 282)	vert	up	True	291397	292220	up	(800, 450)	testing
20	ky	f	19	2	diamond	red	same	(800, 618)	(800, 282)	hori	left	True	293728	294861	left	(800, 450)	testing
20	ky	f	19	2	circle	none	dif	N_dis	(968, 450)	vert	up	True	296491	298028	up	(800, 450)	testing
20	ky	f	19	2	circle	green	dif	(968, 450)	(800, 282)	vert	up	True	299570	300380	up	(800, 450)	testing
20	ky	f	19	2	circle	green	dif	(968, 450)	(632, 450)	hori	left	True	301964	302781	left	(800, 450)	testing
20	ky	f	19	2	circle	green	dif	(632, 450)	(968, 450)	hori	left	True	304163	305581	left	(800, 450)	testing
20	ky	f	19	2	diamond	none	same	N_dis	(800, 282)	hori	left	True	307211	307981	left	(800, 450)	testing
20	ky	f	19	2	circle	green	dif	(800, 282)	(632, 450)	hori	left	True	309641	311356	left	(800, 450)	testing
20	ky	f	19	2	diamond	none	same	N_dis	(632, 450)	vert	up	True	312966	313853	up	(800, 450)	testing
20	ky	f	19	2	diamond	none	dif	N_dis	(800, 618)	hori	left	True	315441	316493	left	(800, 450)	testing
20	ky	f	19	2	diamond	green	dif	(800, 282)	(968, 450)	vert	up	True	318059	318893	left	(800, 450)	testing
20	ky	f	19	2	diamond	red	same	(632, 450)	(800, 282)	hori	left	True	321970	322925	left	(800, 450)	testing
20	ky	f	19	2	circle	green	dif	(632, 450)	(968, 450)	vert	up	True	324512	326701	up	(800, 450)	testing
20	ky	f	19	2	diamond	green	dif	(800, 282)	(968, 450)	hori	left	True	328217	329132	left	(800, 450)	testing
20	ky	f	19	2	circle	none	same	N_dis	(968, 450)	hori	left	True	330576	331677	left	(800, 450)	testing
20	ky	f	19	2	circle	red	same	(632, 450)	(968, 450)	hori	left	True	333310	334204	left	(800, 450)	testing
20	ky	f	19	2	circle	green	same	(632, 450)	(800, 618)	vert	up	True	335676	337404	up	(800, 450)	testing
20	ky	f	19	2	circle	none	dif	N_dis	(800, 282)	vert	up	True	338850	340060	up	(800, 450)	testing
20	ky	f	19	2	circle	none	dif	N_dis	(800, 618)	hori	left	True	341645	342332	left	(800, 450)	testing
20	ky	f	19	2	diamond	red	dif	(968, 450)	(632, 450)	vert	up	True	343859	345468	up	(800, 450)	testing
20	ky	f	19	2	diamond	red	same	(632, 450)	(968, 450)	hori	left	True	347075	347805	left	(800, 450)	testing
20	ky	f	19	2	circle	green	dif	(800, 282)	(968, 450)	vert	up	True	349255	350332	up	(800, 450)	testing
20	ky	f	19	2	diamond	red	dif	(800, 282)	(968, 450)	vert	up	True	351721	352557	up	(800, 450)	testing
20	ky	f	19	2	circle	green	dif	(632, 450)	(800, 282)	vert	up	True	353991	354669	left	(800, 450)	testing
20	ky	f	19	2	diamond	none	same	N_dis	(800, 282)	hori	left	True	357840	358749	left	(800, 450)	testing
20	ky	f	19	2	circle	none	same	N_dis	(968, 450)	hori	left	True	360194	361180	left	(800, 450)	testing
20	ky	f	19	2	circle	red	dif	(968, 450)	(800, 282)	hori	left	True	362558	363837	left	(800, 450)	testing
20	ky	f	19	2	circle	red	dif	(800, 282)	(632, 450)	vert	up	True	365432	366284	up	(800, 450)	testing
20	ky	f	19	2	circle	none	dif	N_dis	(800, 618)	vert	up	True	367820	369004	up	(800, 450)	testing
20	ky	f	19	2	circle	red	same	(632, 450)	(800, 618)	vert	up	True	370403	371468	up	(800, 450)	testing
20	ky	f	19	2	diamond	green	dif	(800, 282)	(968, 450)	hori	left	True	372863	374380	left	(800, 450)	testing
20	ky	f	19	2	diamond	red	dif	(968, 450)	(800, 618)	vert	up	True	375995	377084	up	(800, 450)	testing
20	ky	f	19	2	diamond	red	same	(968, 450)	(800, 282)	vert	up	True	378488	379132	up	(800, 450)	testing
20	ky	f	19	2	circle	green	dif	(800, 282)	(632, 450)	vert	up	True	380529	381741	up	(800, 450)	testing
20	ky	f	19	2	diamond	red	same	(800, 282)	(968, 450)	vert	up	True	383199	384012	up	(800, 450)	testing
20	ky	f	19	2	diamond	red	same	(632, 450)	(968, 450)	vert	up	True	385519	386669	up	(800, 450)	testing
20	ky	f	19	2	diamond	green	same	(800, 282)	(968, 450)	vert	up	True	388259	389100	up	(800, 450)	testing
20	ky	f	19	2	circle	none	same	N_dis	(800, 282)	hori	left	True	390555	391629	left	(800, 450)	testing
20	ky	f	19	2	diamond	green	same	(800, 282)	(800, 618)	vert	up	True	393155	394781	up	(800, 450)	testing
20	ky	f	19	2	diamond	green	same	(800, 282)	(800, 618)	hori	left	True	396284	397420	left	(800, 450)	testing
20	ky	f	19	2	diamond	none	dif	N_dis	(800, 618)	vert	up	True	399093	400124	up	(800, 450)	testing
20	ky	f	19	2	diamond	red	same	(632, 450)	(800, 618)	vert	up	True	401783	402605	up	(800, 450)	testing
20	ky	f	19	2	diamond	red	dif	(800, 282)	(632, 450)	vert	up	True	404165	405372	up	(800, 450)	testing
20	ky	f	19	2	circle	none	same	N_dis	(632, 450)	vert	up	True	406889	409052	up	(800, 450)	testing
20	ky	f	19	2	circle	none	dif	N_dis	(968, 450)	vert	up	True	410462	411196	up	(800, 450)	testing
20	ky	f	19	2	diamond	none	same	N_dis	(968, 450)	hori	left	True	412752	413549	left	(800, 450)	testing
20	ky	f	19	2	circle	green	same	(800, 282)	(800, 618)	vert	up	True	414972	415789	up	(800, 450)	testing
20	ky	f	19	2	diamond	green	dif	(800, 282)	(968, 450)	hori	left	True	417332	418252	left	(800, 450)	testing
20	ky	f	19	2	diamond	red	same	(800, 282)	(968, 450)	hori	left	True	419771	420541	left	(800, 450)	testing
20	ky	f	19	2	circle	red	dif	(800, 282)	(968, 450)	vert	up	True	422019	423052	up	(800, 450)	testing
20	ky	f	19	2	circle	none	same	N_dis	(968, 450)	hori	left	True	424649	425356	left	(800, 450)	testing
20	ky	f	19	2	diamond	none	dif	N_dis	(632, 450)	hori	left	True	426905	427837	left	(800, 450)	testing
20	ky	f	19	2	diamond	red	same	(800, 282)	(800, 618)	vert	up	True	429396	430236	up	(800, 450)	testing
20	ky	f	19	2	diamond	green	same	(632, 450)	(800, 282)	hori	left	True	431862	432573	left	(800, 450)	testing
20	ky	f	19	2	diamond	none	dif	N_dis	(968, 450)	hori	left	True	433948	434669	left	(800, 450)	testing
20	ky	f	19	2	circle	red	dif	(968, 450)	(800, 282)	vert	up	True	436103	437180	up	(800, 450)	testing
20	ky	f	19	2	circle	red	dif	(800, 282)	(800, 618)	hori	left	True	438710	439436	left	(800, 450)	testing
20	ky	f	19	2	circle	none	dif	N_dis	(800, 618)	vert	up	True	441077	442060	up	(800, 450)	testing
20	ky	f	19	2	circle	green	same	(632, 450)	(968, 450)	hori	left	True	443519	444509	left	(800, 450)	testing
20	ky	f	19	2	diamond	none	dif	N_dis	(632, 450)	hori	left	True	446134	447148	left	(800, 450)	testing
20	ky	f	19	2	circle	green	same	(632, 450)	(800, 282)	hori	left	True	448609	449308	left	(800, 450)	testing
20	ky	f	19	2	circle	none	dif	N_dis	(968, 450)	hori	left	True	450756	452060	left	(800, 450)	testing
20	ky	f	19	2	diamond	green	same	(800, 282)	(800, 618)	vert	up	True	453526	454621	up	(800, 450)	testing
20	ky	f	19	2	circle	none	same	N_dis	(632, 450)	hori	left	True	456169	456877	left	(800, 450)	testing
20	ky	f	19	2	circle	green	same	(800, 282)	(632, 450)	hori	left	True	458488	460172	left	(800, 450)	testing
20	ky	f	19	2	circle	green	dif	(800, 618)	(632, 450)	vert	up	True	461674	463228	up	(800, 450)	testing
20	ky	f	19	2	diamond	green	dif	(632, 450)	(800, 618)	vert	up	True	464748	466140	up	(800, 450)	testing
20	ky	f	19	2	circle	none	same	N_dis	(800, 282)	vert	up	True	467749	469020	up	(800, 450)	testing
20	ky	f	19	2	diamond	none	dif	N_dis	(800, 618)	hori	left	True	470530	471292	left	(800, 450)	testing
20	ky	f	19	2	circle	red	same	(632, 450)	(968, 450)	vert	up	True	472876	473693	up	(800, 450)	testing
20	ky	f	19	2	diamond	green	same	(632, 450)	(800, 618)	hori	left	True	475311	476204	left	(800, 450)	testing
20	ky	f	19	2	diamond	green	dif	(968, 450)	(800, 282)	vert	up	True	477585	478316	up	(800, 450)	testing
20	ky	f	19	2	diamond	green	same	(800, 282)	(800, 618)	hori	left	True	479738	480765	left	(800, 450)	testing
20	ky	f	19	2	diamond	green	dif	(632, 450)	(968, 450)	hori	left	True	482138	483020	left	(800, 450)	testing
20	ky	f	19	2	circle	red	same	(800, 282)	(632, 450)	hori	left	True	484552	486172	left	(800, 450)	testing
20	ky	f	19	2	diamond	none	same	N_dis	(632, 450)	vert	up	True	487553	488332	up	(800, 450)	testing
20	ky	f	19	2	circle	red	same	(968, 450)	(800, 618)	hori	left	True	489797	490749	left	(800, 450)	testing
20	ky	f	19	2	diamond	green	same	(632, 450)	(968, 450)	vert	up	True	492334	493052	up	(800, 450)	testing
20	ky	f	19	2	circle	red	same	(800, 618)	(800, 282)	hori	left	True	494642	495837	left	(800, 450)	testing
20	ky	f	19	2	diamond	red	same	(968, 450)	(800, 282)	hori	left	True	497267	498717	left	(800, 450)	testing
20	ky	f	19	2	circle	none	dif	N_dis	(800, 282)	hori	left	True	500220	501661	left	(800, 450)	testing
20	ky	f	19	2	diamond	green	dif	(968, 450)	(800, 618)	vert	up	True	503328	504573	up	(800, 450)	testing
20	ky	f	19	2	circle	red	dif	(632, 450)	(800, 618)	hori	left	True	506090	508428	left	(800, 450)	testing
20	ky	f	19	2	diamond	none	same	N_dis	(800, 282)	hori	left	True	509815	510637	up	(800, 450)	testing
20	ky	f	19	2	circle	red	dif	(800, 282)	(968, 450)	hori	left	True	513734	514973	left	(800, 450)	testing
20	ky	f	19	2	circle	green	dif	(968, 450)	(800, 618)	hori	left	True	516577	517597	left	(800, 450)	testing
20	ky	f	19	2	diamond	red	same	(632, 450)	(800, 618)	hori	left	True	519222	521372	left	(800, 450)	testing
20	ky	f	19	2	diamond	green	same	(632, 450)	(968, 450)	hori	left	True	522746	523581	left	(800, 450)	testing
20	ky	f	19	2	circle	none	same	N_dis	(800, 282)	vert	up	True	525145	526861	up	(800, 450)	testing
20	ky	f	19	2	diamond	red	dif	(632, 450)	(800, 282)	hori	left	True	528440	529340	left	(800, 450)	testing
20	ky	f	19	2	diamond	green	same	(968, 450)	(800, 618)	hori	left	True	530902	531741	left	(800, 450)	testing
20	ky	f	19	2	diamond	none	dif	N_dis	(800, 282)	vert	up	True	533135	533853	up	(800, 450)	testing
20	ky	f	19	2	diamond	green	same	(968, 450)	(632, 450)	vert	up	True	535345	536653	up	(800, 450)	testing
20	ky	f	19	2	circle	none	same	N_dis	(968, 450)	hori	left	True	538183	538877	up	(800, 450)	testing
20	ky	f	19	2	circle	none	same	N_dis	(968, 450)	hori	left	True	542070	543228	left	(800, 450)	testing
20	ky	f	19	2	circle	none	dif	N_dis	(800, 282)	vert	up	True	544714	545821	up	(800, 450)	testing
20	ky	f	19	2	diamond	none	same	N_dis	(800, 618)	hori	left	True	547286	548204	left	(800, 450)	testing
20	ky	f	19	2	diamond	red	dif	(632, 450)	(968, 450)	vert	up	True	549604	550653	left	(800, 450)	testing
20	ky	f	19	2	diamond	none	dif	N_dis	(968, 450)	hori	left	True	553686	554444	left	(800, 450)	testing
20	ky	f	19	2	diamond	green	same	(968, 450)	(632, 450)	hori	left	True	556028	557693	left	(800, 450)	testing
20	ky	f	19	2	diamond	red	same	(800, 282)	(968, 450)	hori	left	True	559146	560076	left	(800, 450)	testing
20	ky	f	19	2	diamond	red	same	(968, 450)	(800, 618)	vert	up	True	561656	562637	up	(800, 450)	testing
20	ky	f	19	2	diamond	none	same	N_dis	(632, 450)	vert	up	True	564140	565901	up	(800, 450)	testing
20	ky	f	19	2	circle	red	dif	(968, 450)	(632, 450)	hori	left	True	567549	568316	left	(800, 450)	testing
20	ky	f	19	2	circle	none	dif	N_dis	(968, 450)	vert	up	True	569755	571324	up	(800, 450)	testing
20	ky	f	19	2	diamond	none	dif	N_dis	(632, 450)	vert	up	True	572958	573757	up	(800, 450)	testing
20	ky	f	19	2	circle	none	dif	N_dis	(800, 282)	vert	up	True	575430	577180	up	(800, 450)	testing
20	ky	f	19	2	circle	green	dif	(632, 450)	(800, 282)	hori	left	True	578748	580300	left	(800, 450)	testing
20	ky	f	19	2	circle	none	same	N_dis	(632, 450)	vert	up	True	581970	582925	up	(800, 450)	testing
20	ky	f	19	2	circle	green	same	(632, 450)	(968, 450)	hori	left	True	584396	585773	left	(800, 450)	testing
20	ky	f	19	2	circle	red	dif	(968, 450)	(800, 282)	vert	up	True	587434	588364	up	(800, 450)	testing
20	ky	f	19	2	circle	red	dif	(800, 282)	(800, 618)	vert	up	True	589851	590781	up	(800, 450)	testing
20	ky	f	19	2	circle	none	dif	N_dis	(632, 450)	hori	left	True	592428	593052	left	(800, 450)	testing
20	ky	f	19	2	circle	none	dif	N_dis	(632, 450)	hori	left	True	594540	595260	left	(800, 450)	testing
20	ky	f	19	2	circle	none	same	N_dis	(800, 618)	hori	left	True	596634	597901	left	(800, 450)	testing
20	ky	f	19	2	diamond	red	same	(800, 282)	(800, 618)	hori	left	True	599441	600156	left	(800, 450)	testing
20	ky	f	19	2	circle	green	dif	(632, 450)	(968, 450)	vert	up	True	601634	602380	up	(800, 450)	testing
20	ky	f	19	2	circle	red	same	(968, 450)	(800, 282)	hori	left	True	603849	606188	left	(800, 450)	testing
20	ky	f	19	2	diamond	red	dif	(968, 450)	(800, 282)	vert	up	True	607841	608557	up	(800, 450)	testing
20	ky	f	19	2	circle	none	dif	N_dis	(632, 450)	hori	left	True	610055	611501	left	(800, 450)	testing
20	ky	f	19	2	circle	red	dif	(800, 282)	(800, 618)	hori	left	True	613148	613837	left	(800, 450)	testing
20	ky	f	19	2	circle	green	dif	(968, 450)	(800, 282)	hori	left	True	615273	617180	left	(800, 450)	testing
20	ky	f	19	2	diamond	red	dif	(632, 450)	(968, 450)	vert	up	True	618852	620733	up	(800, 450)	testing
20	ky	f	19	2	diamond	none	same	N_dis	(632, 450)	vert	up	True	622150	622909	up	(800, 450)	testing
20	ky	f	19	2	diamond	none	same	N_dis	(800, 282)	vert	up	True	624373	625276	up	(800, 450)	testing
20	ky	f	19	2	diamond	none	same	N_dis	(968, 450)	vert	up	True	626896	627917	up	(800, 450)	testing
20	ky	f	19	2	circle	none	dif	N_dis	(632, 450)	hori	left	True	629345	630861	left	(800, 450)	testing
20	ky	f	19	2	diamond	red	dif	(800, 618)	(968, 450)	hori	left	True	632489	633613	left	(800, 450)	testing
20	ky	f	19	2	diamond	red	same	(632, 450)	(800, 282)	hori	left	True	635104	636060	left	(800, 450)	testing
20	ky	f	19	2	diamond	red	same	(968, 450)	(800, 282)	hori	left	False	637721	None	None	(800, 450)	testing
20	ky	f	19	2	circle	green	same	(632, 450)	(800, 618)	vert	up	True	643777	644941	up	(800, 450)	testing
20	ky	f	19	2	circle	none	dif	N_dis	(800, 282)	hori	left	True	646467	647148	left	(800, 450)	testing
20	ky	f	19	2	diamond	none	same	N_dis	(968, 450)	vert	up	True	648574	649420	up	(800, 450)	testing
20	ky	f	19	2	diamond	green	dif	(632, 450)	(800, 282)	vert	up	True	650955	651709	up	(800, 450)	testing
20	ky	f	19	2	circle	red	dif	(968, 450)	(632, 450)	hori	left	True	653240	654124	left	(800, 450)	testing
20	ky	f	19	2	circle	red	dif	(968, 450)	(632, 450)	vert	up	True	655690	657068	up	(800, 450)	testing
20	ky	f	19	2	circle	red	same	(632, 450)	(800, 618)	vert	up	True	658702	659436	up	(800, 450)	testing
20	ky	f	19	2	diamond	red	same	(632, 450)	(968, 450)	vert	up	True	660989	662332	up	(800, 450)	testing
20	ky	f	19	2	diamond	none	same	N_dis	(800, 282)	hori	left	True	663839	664605	left	(800, 450)	testing
20	ky	f	19	2	circle	green	dif	(632, 450)	(800, 282)	vert	up	True	666216	667613	up	(800, 450)	testing
20	ky	f	19	2	diamond	green	dif	(968, 450)	(800, 282)	vert	up	True	669040	669853	up	(800, 450)	testing
20	ky	f	19	2	circle	none	same	N_dis	(800, 618)	vert	up	True	671335	672589	left	(800, 450)	testing
20	ky	f	19	2	circle	green	same	(968, 450)	(632, 450)	vert	up	True	675622	676589	up	(800, 450)	testing
20	ky	f	19	2	diamond	green	dif	(800, 618)	(800, 282)	vert	up	True	678054	678813	up	(800, 450)	testing
20	ky	f	19	2	diamond	none	same	N_dis	(800, 282)	vert	up	True	680320	681052	up	(800, 450)	testing
20	ky	f	19	2	diamond	none	same	N_dis	(800, 618)	vert	up	True	682619	684124	up	(800, 450)	testing
20	ky	f	19	2	diamond	red	dif	(800, 282)	(632, 450)	hori	left	True	685613	687100	left	(800, 450)	testing
20	ky	f	19	2	circle	red	same	(968, 450)	(800, 618)	vert	up	True	688519	689549	up	(800, 450)	testing
20	ky	f	19	2	diamond	green	dif	(968, 450)	(800, 282)	hori	left	True	690997	692044	left	(800, 450)	testing
20	ky	f	19	2	diamond	none	same	N_dis	(800, 618)	vert	up	True	693497	694300	up	(800, 450)	testing
20	ky	f	19	2	circle	green	same	(632, 450)	(800, 282)	vert	up	True	695893	696813	up	(800, 450)	testing
20	ky	f	19	2	circle	red	same	(800, 282)	(800, 618)	hori	left	True	698467	699452	left	(800, 450)	testing
20	ky	f	19	2	circle	none	same	N_dis	(800, 282)	hori	left	True	701029	701725	left	(800, 450)	testing
20	ky	f	19	2	circle	green	same	(800, 282)	(800, 618)	hori	left	True	703174	705004	left	(800, 450)	testing
20	ky	f	19	2	circle	red	dif	(632, 450)	(800, 282)	hori	left	True	706460	707693	left	(800, 450)	testing
20	ky	f	19	2	diamond	red	dif	(632, 450)	(968, 450)	hori	left	True	709216	710188	left	(800, 450)	testing
20	ky	f	19	2	circle	green	same	(800, 282)	(968, 450)	hori	left	True	711685	713613	up	(800, 450)	testing
20	ky	f	19	2	diamond	red	same	(632, 450)	(800, 282)	hori	left	True	716774	717420	left	(800, 450)	testing
20	ky	f	19	2	circle	none	same	N_dis	(800, 618)	hori	left	True	718903	720108	left	(800, 450)	testing
20	ky	f	19	2	circle	green	same	(632, 450)	(800, 282)	hori	left	True	721557	723324	up	(800, 450)	testing
20	ky	f	19	2	circle	red	dif	(968, 450)	(800, 282)	hori	left	True	726361	727132	left	(800, 450)	testing
20	ky	f	19	2	circle	none	same	N_dis	(800, 282)	vert	up	True	728721	729837	up	(800, 450)	testing
20	ky	f	19	2	diamond	red	dif	(968, 450)	(800, 282)	hori	left	True	731349	732044	left	(800, 450)	testing
20	ky	f	19	2	diamond	green	dif	(968, 450)	(800, 618)	hori	left	True	733499	734861	left	(800, 450)	testing
20	ky	f	19	2	diamond	none	same	N_dis	(800, 618)	vert	up	True	736273	737324	up	(800, 450)	testing
20	ky	f	19	2	diamond	none	same	N_dis	(800, 618)	hori	left	True	738718	739661	left	(800, 450)	testing
20	ky	f	19	2	circle	red	same	(800, 282)	(800, 618)	hori	left	True	741269	742044	left	(800, 450)	testing
20	ky	f	19	2	circle	red	dif	(632, 450)	(800, 282)	hori	left	True	743542	745132	left	(800, 450)	testing
20	ky	f	19	2	diamond	green	same	(968, 450)	(632, 450)	hori	left	True	746747	747436	left	(800, 450)	testing
20	ky	f	19	2	circle	red	same	(800, 282)	(632, 450)	hori	left	True	748847	750637	left	(800, 450)	testing
20	ky	f	19	2	circle	green	dif	(968, 450)	(800, 618)	hori	left	True	752220	753356	left	(800, 450)	testing
20	ky	f	19	2	circle	red	dif	(968, 450)	(800, 618)	hori	left	True	754983	755661	left	(800, 450)	testing
20	ky	f	19	2	diamond	green	same	(632, 450)	(800, 282)	vert	up	True	757236	758044	up	(800, 450)	testing
20	ky	f	19	2	diamond	none	dif	N_dis	(632, 450)	hori	left	True	759475	760188	left	(800, 450)	testing
20	ky	f	19	2	diamond	red	dif	(800, 282)	(632, 450)	vert	up	True	761765	762621	up	(800, 450)	testing
20	ky	f	19	2	circle	green	same	(632, 450)	(800, 618)	vert	up	True	764252	765981	up	(800, 450)	testing
20	ky	f	19	2	circle	none	dif	N_dis	(632, 450)	hori	left	True	767542	768124	left	(800, 450)	testing
20	ky	f	19	2	circle	none	same	N_dis	(800, 618)	vert	up	True	769595	770220	up	(800, 450)	testing
20	ky	f	19	2	diamond	none	dif	N_dis	(800, 618)	hori	left	True	771889	772541	left	(800, 450)	testing
20	ky	f	19	2	diamond	none	dif	N_dis	(800, 282)	vert	up	True	774114	774765	up	(800, 450)	testing
20	ky	f	19	2	circle	none	same	N_dis	(800, 282)	hori	left	True	776272	778044	up	(800, 450)	testing
20	ky	f	19	2	circle	green	dif	(800, 282)	(968, 450)	hori	left	True	780996	782380	up	(800, 450)	testing
20	ky	f	19	2	diamond	green	dif	(800, 282)	(632, 450)	hori	left	True	785443	786428	left	(800, 450)	testing
20	ky	f	19	2	circle	green	same	(800, 282)	(968, 450)	vert	up	True	788061	790428	up	(800, 450)	testing
20	ky	f	19	2	diamond	none	dif	N_dis	(800, 618)	vert	up	True	791816	792877	up	(800, 450)	testing
20	ky	f	19	2	diamond	none	same	N_dis	(632, 450)	hori	left	True	794293	795869	left	(800, 450)	testing
20	ky	f	19	2	diamond	none	same	N_dis	(968, 450)	hori	left	True	797296	797981	left	(800, 450)	testing
20	ky	f	19	2	diamond	green	dif	(632, 450)	(800, 282)	vert	up	True	799527	800813	up	(800, 450)	testing
20	ky	f	19	2	circle	green	dif	(800, 618)	(632, 450)	hori	left	True	802446	803773	left	(800, 450)	testing
20	ky	f	19	2	circle	none	dif	N_dis	(800, 618)	hori	left	True	805151	806909	left	(800, 450)	testing
20	ky	f	19	2	circle	green	same	(800, 282)	(968, 450)	vert	up	True	808425	809436	up	(800, 450)	testing
20	ky	f	19	2	diamond	green	same	(800, 618)	(968, 450)	hori	left	True	811056	812348	left	(800, 450)	testing
20	ky	f	19	2	circle	green	dif	(968, 450)	(800, 618)	vert	up	True	814019	815709	up	(800, 450)	testing
20	ky	f	19	2	circle	green	same	(968, 450)	(800, 282)	hori	left	True	817137	818444	left	(800, 450)	testing
20	ky	f	19	2	diamond	green	dif	(632, 450)	(800, 618)	vert	up	True	819856	821004	up	(800, 450)	testing
20	ky	f	19	2	diamond	green	same	(968, 450)	(632, 450)	hori	left	True	822628	823404	left	(800, 450)	testing
20	ky	f	19	2	circle	green	same	(632, 450)	(800, 282)	vert	up	True	824906	827100	up	(800, 450)	testing
20	ky	f	19	2	circle	red	same	(800, 282)	(800, 618)	vert	up	True	828518	829436	up	(800, 450)	testing
20	ky	f	19	2	diamond	green	same	(968, 450)	(800, 618)	hori	left	True	830873	831597	left	(800, 450)	testing
20	ky	f	19	2	circle	red	dif	(800, 282)	(800, 618)	hori	left	True	833191	834653	up	(800, 450)	testing
20	ky	f	19	2	diamond	green	dif	(800, 282)	(968, 450)	hori	left	True	837675	838525	left	(800, 450)	testing
20	ky	f	19	2	diamond	red	dif	(800, 282)	(632, 450)	hori	left	True	840083	840845	left	(800, 450)	testing
20	ky	f	19	2	circle	red	dif	(968, 450)	(632, 450)	vert	up	True	842479	843805	up	(800, 450)	testing
20	ky	f	19	2	circle	red	same	(800, 282)	(800, 618)	hori	left	True	845194	845965	up	(800, 450)	testing
20	ky	f	19	2	diamond	none	same	N_dis	(968, 450)	hori	left	True	848964	849789	left	(800, 450)	testing
20	ky	f	19	2	diamond	none	dif	N_dis	(800, 282)	vert	up	True	851422	852076	up	(800, 450)	testing
20	ky	f	19	2	diamond	red	dif	(968, 450)	(632, 450)	vert	up	True	853497	855116	up	(800, 450)	testing
20	ky	f	19	2	diamond	red	same	(800, 282)	(632, 450)	vert	up	True	856567	857292	up	(800, 450)	testing
