subj	name	gender	age	runNum	shape	dist	td_dif	d_loc	t_loc	resp	resp_key	gotKey	startTime	respTime	resp	fix_loc	prac
20	ky	f	19	1	circle	green	same	(800, 618)	(968, 450)	vert	up	True	122561	125179	up	(800, 450)	practice
20	ky	f	19	1	circle	none	dif	N_dis	(968, 450)	vert	up	False	126728	None	None	(800, 450)	practice
20	ky	f	19	1	circle	green	same	(800, 618)	(800, 282)	hori	left	True	132722	134043	left	(800, 450)	practice
20	ky	f	19	1	circle	green	same	(800, 618)	(632, 450)	hori	left	True	135571	137948	left	(800, 450)	practice
20	ky	f	19	1	diamond	none	dif	N_dis	(800, 618)	hori	left	True	139393	141179	left	(800, 450)	practice
20	ky	f	19	1	diamond	none	dif	N_dis	(800, 618)	hori	left	True	142852	145563	left	(800, 450)	practice
20	ky	f	19	1	circle	none	same	N_dis	(800, 618)	vert	up	True	147097	148827	up	(800, 450)	practice
20	ky	f	19	1	circle	none	dif	N_dis	(800, 618)	vert	up	False	150381	None	None	(800, 450)	practice
20	ky	f	19	1	diamond	red	same	(800, 618)	(968, 450)	vert	up	True	156320	158555	up	(800, 450)	practice
20	ky	f	19	1	circle	none	dif	N_dis	(968, 450)	hori	left	False	160135	None	None	(800, 450)	practice
20	ky	f	19	1	circle	green	dif	(800, 618)	(800, 282)	vert	up	True	166161	168779	up	(800, 450)	practice
20	ky	f	19	1	circle	none	dif	N_dis	(632, 450)	hori	left	True	170268	171739	left	(800, 450)	practice
20	ky	f	19	1	circle	green	same	(800, 618)	(632, 450)	vert	up	True	173302	175307	up	(800, 450)	practice
20	ky	f	19	1	circle	none	same	N_dis	(632, 450)	hori	left	True	176809	178619	left	(800, 450)	practice
20	ky	f	19	1	circle	none	same	N_dis	(968, 450)	vert	up	True	180047	181435	up	(800, 450)	practice
20	ky	f	19	1	diamond	green	same	(800, 618)	(968, 450)	vert	up	True	182940	185035	up	(800, 450)	practice
20	ky	f	19	1	diamond	red	dif	(800, 618)	(800, 282)	vert	up	True	186704	188347	left	(800, 450)	practice
20	ky	f	19	1	diamond	none	same	N_dis	(800, 618)	vert	up	True	191459	192699	up	(800, 450)	practice
20	ky	f	19	1	circle	red	dif	(800, 618)	(632, 450)	vert	up	False	194351	None	None	(800, 450)	practice
20	ky	f	19	1	circle	green	same	(800, 618)	(968, 450)	vert	up	True	200306	202587	up	(800, 450)	practice
20	ky	f	19	1	diamond	green	same	(800, 618)	(800, 282)	hori	left	True	204086	205579	left	(800, 450)	practice
20	ky	f	19	1	circle	green	same	(800, 618)	(632, 450)	vert	up	True	206970	208571	up	(800, 450)	practice
20	ky	f	19	1	circle	none	dif	N_dis	(968, 450)	hori	left	True	210173	211835	left	(800, 450)	practice
20	ky	f	19	1	diamond	green	dif	(800, 618)	(968, 450)	hori	left	True	213414	214651	left	(800, 450)	practice
20	ky	f	19	1	diamond	green	dif	(800, 618)	(800, 282)	vert	up	True	216174	217403	up	(800, 450)	practice
20	ky	f	19	1	diamond	green	same	(800, 618)	(632, 450)	vert	up	True	218812	219611	up	(800, 450)	practice
20	ky	f	19	1	diamond	green	dif	(800, 618)	(968, 450)	vert	up	True	221073	222731	up	(800, 450)	practice
20	ky	f	19	1	circle	red	dif	(800, 618)	(800, 282)	vert	up	True	224246	226187	up	(800, 450)	practice
20	ky	f	19	1	diamond	none	same	N_dis	(968, 450)	hori	left	True	227568	229739	left	(800, 450)	practice
20	ky	f	19	1	diamond	none	same	N_dis	(968, 450)	vert	up	True	231378	233275	up	(800, 450)	practice
20	ky	f	19	1	diamond	green	same	(800, 618)	(632, 450)	hori	left	True	234828	237499	up	(800, 450)	practice
20	ky	f	19	1	circle	red	same	(800, 618)	(968, 450)	vert	up	True	240550	243307	up	(800, 450)	practice
20	ky	f	19	1	circle	green	dif	(800, 618)	(800, 282)	hori	left	True	244716	247323	left	(800, 450)	practice
20	ky	f	19	1	diamond	red	same	(800, 618)	(632, 450)	vert	up	True	248730	250571	up	(800, 450)	practice
20	ky	f	19	1	diamond	green	dif	(800, 618)	(968, 450)	hori	left	True	252171	254892	left	(800, 450)	practice
20	ky	f	19	1	circle	green	same	(800, 618)	(800, 282)	vert	up	True	256325	258651	up	(800, 450)	practice
20	ky	f	19	1	circle	red	same	(800, 618)	(632, 450)	hori	left	True	260214	261564	left	(800, 450)	practice
20	ky	f	19	1	diamond	none	same	N_dis	(632, 450)	vert	up	True	263030	264171	up	(800, 450)	practice
20	ky	f	19	1	diamond	none	same	N_dis	(800, 282)	vert	up	True	265620	267451	up	(800, 450)	practice
20	ky	f	19	1	diamond	red	dif	(800, 618)	(968, 450)	vert	up	True	269068	271163	left	(800, 450)	practice
20	ky	f	19	1	diamond	green	same	(800, 618)	(632, 450)	hori	left	True	282841	285803	left	(800, 450)	testing
20	ky	f	19	1	circle	none	dif	N_dis	(968, 450)	vert	up	True	287439	288908	up	(800, 450)	testing
20	ky	f	19	1	circle	red	dif	(800, 618)	(800, 282)	vert	up	True	290480	292763	up	(800, 450)	testing
20	ky	f	19	1	circle	green	same	(800, 618)	(800, 282)	hori	left	True	294163	295691	left	(800, 450)	testing
20	ky	f	19	1	circle	none	same	N_dis	(968, 450)	vert	up	True	297324	298715	up	(800, 450)	testing
20	ky	f	19	1	circle	green	same	(800, 618)	(632, 450)	vert	up	True	300339	301147	up	(800, 450)	testing
20	ky	f	19	1	circle	red	same	(800, 618)	(800, 282)	hori	left	True	302599	305499	left	(800, 450)	testing
20	ky	f	19	1	circle	green	dif	(800, 282)	(968, 450)	vert	up	True	307160	308651	up	(800, 450)	testing
20	ky	f	19	1	diamond	none	dif	N_dis	(968, 450)	vert	up	False	310312	None	None	(800, 450)	testing
20	ky	f	19	1	circle	red	same	(800, 618)	(800, 282)	hori	left	True	316444	317851	left	(800, 450)	testing
20	ky	f	19	1	circle	red	same	(968, 450)	(632, 450)	vert	up	True	319434	322043	up	(800, 450)	testing
20	ky	f	19	1	diamond	green	same	(800, 282)	(800, 618)	hori	left	True	323623	325083	left	(800, 450)	testing
20	ky	f	19	1	diamond	none	dif	N_dis	(968, 450)	hori	left	True	326540	327451	left	(800, 450)	testing
20	ky	f	19	1	diamond	green	dif	(968, 450)	(800, 282)	hori	left	True	328969	330091	left	(800, 450)	testing
20	ky	f	19	1	circle	red	dif	(800, 282)	(800, 618)	hori	left	True	331664	333531	left	(800, 450)	testing
20	ky	f	19	1	circle	red	dif	(968, 450)	(800, 618)	vert	up	True	335200	337371	up	(800, 450)	testing
20	ky	f	19	1	circle	red	dif	(800, 618)	(632, 450)	hori	left	True	338891	340315	up	(800, 450)	testing
20	ky	f	19	1	diamond	red	dif	(800, 282)	(968, 450)	hori	left	True	343432	346315	left	(800, 450)	testing
20	ky	f	19	1	circle	red	dif	(968, 450)	(632, 450)	vert	up	True	347785	349916	up	(800, 450)	testing
20	ky	f	19	1	circle	none	dif	N_dis	(632, 450)	hori	left	True	351350	353019	left	(800, 450)	testing
20	ky	f	19	1	diamond	green	dif	(800, 618)	(632, 450)	vert	up	True	354682	356267	up	(800, 450)	testing
20	ky	f	19	1	diamond	green	same	(800, 618)	(968, 450)	vert	up	True	357775	360379	left	(800, 450)	testing
20	ky	f	19	1	circle	none	dif	N_dis	(968, 450)	hori	left	True	363483	366347	left	(800, 450)	testing
20	ky	f	19	1	circle	none	same	N_dis	(968, 450)	hori	left	True	367758	368619	left	(800, 450)	testing
20	ky	f	19	1	diamond	red	dif	(800, 618)	(968, 450)	hori	left	True	370125	371900	left	(800, 450)	testing
20	ky	f	19	1	circle	none	same	N_dis	(800, 282)	vert	up	True	373518	375099	up	(800, 450)	testing
20	ky	f	19	1	diamond	none	same	N_dis	(800, 282)	vert	up	True	376573	378139	up	(800, 450)	testing
20	ky	f	19	1	diamond	green	same	(968, 450)	(632, 450)	vert	up	True	379620	380811	up	(800, 450)	testing
20	ky	f	19	1	circle	green	dif	(632, 450)	(968, 450)	vert	up	True	382211	384523	up	(800, 450)	testing
20	ky	f	19	1	circle	green	dif	(968, 450)	(632, 450)	vert	up	True	385955	387131	up	(800, 450)	testing
20	ky	f	19	1	diamond	green	dif	(800, 282)	(968, 450)	hori	left	True	388580	390811	left	(800, 450)	testing
20	ky	f	19	1	circle	none	dif	N_dis	(800, 618)	hori	left	True	392414	395243	left	(800, 450)	testing
20	ky	f	19	1	circle	red	dif	(632, 450)	(968, 450)	hori	left	True	396894	398283	left	(800, 450)	testing
20	ky	f	19	1	diamond	red	same	(800, 618)	(968, 450)	vert	up	True	399939	402235	up	(800, 450)	testing
20	ky	f	19	1	diamond	red	same	(800, 618)	(800, 282)	hori	left	True	403684	406059	left	(800, 450)	testing
20	ky	f	19	1	circle	red	dif	(800, 282)	(632, 450)	vert	up	True	407457	409996	up	(800, 450)	testing
20	ky	f	19	1	circle	red	dif	(632, 450)	(800, 618)	vert	up	True	411473	412972	up	(800, 450)	testing
20	ky	f	19	1	circle	none	same	N_dis	(968, 450)	vert	up	True	414605	416908	left	(800, 450)	testing
20	ky	f	19	1	diamond	green	same	(968, 450)	(800, 282)	hori	left	False	419968	None	None	(800, 450)	testing
20	ky	f	19	1	diamond	none	dif	N_dis	(968, 450)	vert	up	True	426069	427869	up	(800, 450)	testing
20	ky	f	19	1	diamond	green	same	(968, 450)	(800, 618)	hori	left	True	429516	431819	left	(800, 450)	testing
20	ky	f	19	1	diamond	none	same	N_dis	(800, 618)	vert	up	True	433313	435403	up	(800, 450)	testing
20	ky	f	19	1	diamond	none	same	N_dis	(632, 450)	vert	up	True	436817	437579	up	(800, 450)	testing
20	ky	f	19	1	circle	green	same	(632, 450)	(800, 618)	hori	left	True	439147	440555	left	(800, 450)	testing
20	ky	f	19	1	diamond	red	same	(968, 450)	(800, 618)	vert	up	True	442061	443291	up	(800, 450)	testing
20	ky	f	19	1	diamond	none	same	N_dis	(800, 282)	hori	left	True	444805	445659	left	(800, 450)	testing
20	ky	f	19	1	circle	green	same	(800, 618)	(800, 282)	hori	left	True	447058	449499	left	(800, 450)	testing
20	ky	f	19	1	diamond	green	dif	(632, 450)	(800, 282)	vert	up	True	451164	452940	up	(800, 450)	testing
20	ky	f	19	1	diamond	none	same	N_dis	(800, 618)	vert	up	True	454588	456219	left	(800, 450)	testing
20	ky	f	19	1	circle	red	same	(800, 618)	(632, 450)	hori	left	True	459218	461211	up	(800, 450)	testing
20	ky	f	19	1	circle	green	same	(800, 618)	(632, 450)	hori	left	False	464192	None	None	(800, 450)	testing
20	ky	f	19	1	diamond	none	dif	N_dis	(968, 450)	hori	left	True	470337	472747	left	(800, 450)	testing
20	ky	f	19	1	diamond	green	same	(800, 618)	(632, 450)	vert	up	True	474243	475403	up	(800, 450)	testing
20	ky	f	19	1	circle	green	same	(968, 450)	(632, 450)	vert	up	True	476899	478123	up	(800, 450)	testing
20	ky	f	19	1	circle	red	dif	(800, 282)	(968, 450)	vert	up	True	479696	481932	up	(800, 450)	testing
20	ky	f	19	1	diamond	red	same	(800, 282)	(632, 450)	hori	left	True	483602	484988	left	(800, 450)	testing
20	ky	f	19	1	circle	none	same	N_dis	(968, 450)	hori	left	True	486570	487996	left	(800, 450)	testing
20	ky	f	19	1	circle	none	dif	N_dis	(800, 618)	vert	up	True	489516	490651	up	(800, 450)	testing
20	ky	f	19	1	circle	green	same	(968, 450)	(800, 282)	hori	left	True	492165	493291	left	(800, 450)	testing
20	ky	f	19	1	circle	green	same	(800, 618)	(968, 450)	hori	left	True	494925	496587	left	(800, 450)	testing
20	ky	f	19	1	diamond	none	dif	N_dis	(968, 450)	vert	up	True	498230	499307	up	(800, 450)	testing
20	ky	f	19	1	circle	none	same	N_dis	(800, 282)	vert	up	True	500916	502187	up	(800, 450)	testing
20	ky	f	19	1	diamond	green	dif	(800, 618)	(800, 282)	hori	left	True	503757	504876	left	(800, 450)	testing
20	ky	f	19	1	diamond	red	same	(800, 282)	(632, 450)	vert	up	True	506482	507916	up	(800, 450)	testing
20	ky	f	19	1	diamond	none	dif	N_dis	(800, 618)	vert	up	True	509384	511116	up	(800, 450)	testing
20	ky	f	19	1	circle	red	dif	(800, 618)	(968, 450)	hori	left	True	512669	514363	left	(800, 450)	testing
20	ky	f	19	1	diamond	green	dif	(800, 618)	(968, 450)	hori	left	True	515968	517259	left	(800, 450)	testing
20	ky	f	19	1	diamond	red	dif	(800, 618)	(632, 450)	hori	left	True	518841	520203	left	(800, 450)	testing
20	ky	f	19	1	diamond	red	dif	(800, 282)	(968, 450)	hori	left	True	521607	523051	left	(800, 450)	testing
20	ky	f	19	1	circle	red	same	(800, 282)	(632, 450)	hori	left	True	524653	526107	up	(800, 450)	testing
20	ky	f	19	1	diamond	red	dif	(800, 618)	(800, 282)	vert	up	True	529180	530491	up	(800, 450)	testing
20	ky	f	19	1	diamond	none	dif	N_dis	(800, 282)	hori	left	True	531895	532956	left	(800, 450)	testing
20	ky	f	19	1	circle	green	same	(632, 450)	(800, 282)	hori	left	True	534535	536027	left	(800, 450)	testing
20	ky	f	19	1	diamond	green	same	(800, 282)	(800, 618)	vert	up	True	537521	538843	up	(800, 450)	testing
20	ky	f	19	1	diamond	red	dif	(800, 618)	(968, 450)	vert	up	True	540402	542747	up	(800, 450)	testing
20	ky	f	19	1	diamond	none	same	N_dis	(800, 282)	hori	left	True	544290	545948	up	(800, 450)	testing
20	ky	f	19	1	circle	green	same	(800, 618)	(632, 450)	hori	left	True	548918	550972	left	(800, 450)	testing
20	ky	f	19	1	circle	red	dif	(800, 282)	(800, 618)	hori	left	True	552407	554027	left	(800, 450)	testing
20	ky	f	19	1	circle	red	same	(968, 450)	(800, 618)	hori	left	True	555695	558539	left	(800, 450)	testing
20	ky	f	19	1	circle	none	dif	N_dis	(800, 282)	vert	up	True	559933	561211	up	(800, 450)	testing
20	ky	f	19	1	diamond	red	same	(800, 618)	(800, 282)	vert	up	True	562625	565307	left	(800, 450)	testing
20	ky	f	19	1	circle	red	same	(800, 618)	(632, 450)	hori	left	True	568328	569964	left	(800, 450)	testing
20	ky	f	19	1	diamond	green	dif	(968, 450)	(800, 618)	hori	left	True	571488	573771	left	(800, 450)	testing
20	ky	f	19	1	diamond	none	dif	N_dis	(968, 450)	hori	left	True	575258	577627	left	(800, 450)	testing
20	ky	f	19	1	diamond	red	same	(800, 618)	(968, 450)	hori	left	True	579183	580203	left	(800, 450)	testing
20	ky	f	19	1	diamond	none	same	N_dis	(632, 450)	vert	up	True	581585	583355	up	(800, 450)	testing
20	ky	f	19	1	circle	none	dif	N_dis	(800, 618)	hori	left	True	584930	586203	left	(800, 450)	testing
20	ky	f	19	1	circle	none	same	N_dis	(968, 450)	hori	left	True	587677	589499	left	(800, 450)	testing
20	ky	f	19	1	circle	none	dif	N_dis	(632, 450)	hori	left	True	591142	592699	left	(800, 450)	testing
20	ky	f	19	1	diamond	none	dif	N_dis	(800, 618)	vert	up	True	594306	595547	up	(800, 450)	testing
20	ky	f	19	1	diamond	red	same	(632, 450)	(800, 282)	vert	up	True	597121	598219	up	(800, 450)	testing
20	ky	f	19	1	diamond	none	same	N_dis	(800, 282)	vert	up	True	599708	600940	up	(800, 450)	testing
20	ky	f	19	1	diamond	none	same	N_dis	(800, 282)	hori	left	True	602611	603980	left	(800, 450)	testing
20	ky	f	19	1	circle	green	same	(800, 618)	(968, 450)	hori	left	True	605618	607691	up	(800, 450)	testing
20	ky	f	19	1	circle	red	dif	(968, 450)	(800, 618)	hori	left	True	610785	613659	left	(800, 450)	testing
20	ky	f	19	1	diamond	green	same	(800, 618)	(800, 282)	hori	left	True	615135	617003	left	(800, 450)	testing
20	ky	f	19	1	circle	green	dif	(800, 618)	(968, 450)	vert	up	True	618576	620363	up	(800, 450)	testing
20	ky	f	19	1	diamond	none	same	N_dis	(800, 282)	hori	left	True	621757	622683	left	(800, 450)	testing
20	ky	f	19	1	diamond	green	dif	(968, 450)	(800, 282)	vert	up	True	624129	624843	up	(800, 450)	testing
20	ky	f	19	1	circle	none	dif	N_dis	(968, 450)	hori	left	True	626419	628251	left	(800, 450)	testing
20	ky	f	19	1	circle	red	same	(632, 450)	(800, 618)	vert	up	True	629814	631259	up	(800, 450)	testing
20	ky	f	19	1	circle	green	dif	(800, 618)	(632, 450)	vert	up	True	632860	634203	up	(800, 450)	testing
20	ky	f	19	1	diamond	none	same	N_dis	(968, 450)	hori	left	True	635842	636972	left	(800, 450)	testing
20	ky	f	19	1	diamond	red	same	(800, 618)	(968, 450)	hori	left	True	638518	639564	left	(800, 450)	testing
20	ky	f	19	1	circle	none	dif	N_dis	(800, 282)	vert	up	True	641065	641868	up	(800, 450)	testing
20	ky	f	19	1	circle	none	same	N_dis	(968, 450)	vert	up	True	643346	644235	left	(800, 450)	testing
20	ky	f	19	1	diamond	none	dif	N_dis	(632, 450)	vert	up	True	647164	649147	up	(800, 450)	testing
20	ky	f	19	1	diamond	none	dif	N_dis	(632, 450)	hori	left	True	650633	652427	left	(800, 450)	testing
20	ky	f	19	1	circle	red	same	(800, 618)	(632, 450)	hori	left	True	653977	655916	left	(800, 450)	testing
20	ky	f	19	1	circle	red	dif	(800, 282)	(800, 618)	vert	up	True	657570	659004	up	(800, 450)	testing
20	ky	f	19	1	diamond	none	same	N_dis	(632, 450)	hori	left	True	660378	661884	left	(800, 450)	testing
20	ky	f	19	1	circle	red	same	(632, 450)	(968, 450)	vert	up	True	663342	664411	up	(800, 450)	testing
20	ky	f	19	1	circle	none	dif	N_dis	(800, 282)	hori	left	True	665785	668283	left	(800, 450)	testing
20	ky	f	19	1	diamond	none	dif	N_dis	(800, 618)	hori	left	True	669905	672892	left	(800, 450)	testing
20	ky	f	19	1	circle	green	dif	(632, 450)	(968, 450)	vert	up	True	674450	675948	up	(800, 450)	testing
20	ky	f	19	1	circle	green	same	(632, 450)	(800, 282)	vert	up	True	677520	678587	up	(800, 450)	testing
20	ky	f	19	1	circle	none	same	N_dis	(632, 450)	hori	left	True	680166	681227	left	(800, 450)	testing
20	ky	f	19	1	circle	red	dif	(800, 618)	(800, 282)	vert	up	True	682851	683739	up	(800, 450)	testing
20	ky	f	19	1	circle	red	same	(632, 450)	(968, 450)	hori	left	True	685244	686027	left	(800, 450)	testing
20	ky	f	19	1	diamond	red	dif	(800, 618)	(800, 282)	hori	left	True	687514	688395	left	(800, 450)	testing
20	ky	f	19	1	circle	none	dif	N_dis	(800, 282)	hori	left	True	689924	690795	left	(800, 450)	testing
20	ky	f	19	1	circle	red	dif	(800, 618)	(800, 282)	vert	up	True	692298	693115	up	(800, 450)	testing
20	ky	f	19	1	diamond	none	dif	N_dis	(632, 450)	hori	left	True	694752	695547	left	(800, 450)	testing
20	ky	f	19	1	diamond	green	dif	(800, 618)	(800, 282)	vert	up	True	697084	698652	up	(800, 450)	testing
20	ky	f	19	1	circle	none	same	N_dis	(800, 618)	hori	left	True	700270	703195	left	(800, 450)	testing
20	ky	f	19	1	diamond	none	same	N_dis	(800, 618)	vert	up	True	704731	706027	up	(800, 450)	testing
20	ky	f	19	1	diamond	red	same	(800, 618)	(632, 450)	vert	up	False	707554	None	None	(800, 450)	testing
20	ky	f	19	1	diamond	green	dif	(800, 618)	(968, 450)	vert	up	True	713515	715004	up	(800, 450)	testing
20	ky	f	19	1	circle	red	dif	(800, 618)	(800, 282)	hori	left	True	716577	718172	left	(800, 450)	testing
20	ky	f	19	1	diamond	red	same	(800, 282)	(632, 450)	vert	up	True	719556	721468	up	(800, 450)	testing
20	ky	f	19	1	diamond	red	same	(800, 282)	(968, 450)	vert	up	True	722845	725243	left	(800, 450)	testing
20	ky	f	19	1	circle	red	same	(800, 618)	(632, 450)	hori	left	True	728392	730827	left	(800, 450)	testing
20	ky	f	19	1	diamond	green	dif	(800, 282)	(800, 618)	hori	left	True	732319	733917	left	(800, 450)	testing
20	ky	f	19	1	diamond	none	dif	N_dis	(800, 618)	hori	left	True	735550	737724	left	(800, 450)	testing
20	ky	f	19	1	diamond	none	dif	N_dis	(800, 618)	vert	up	True	739325	741755	up	(800, 450)	testing
20	ky	f	19	1	diamond	red	dif	(800, 282)	(968, 450)	hori	left	True	743290	744636	left	(800, 450)	testing
20	ky	f	19	1	diamond	none	dif	N_dis	(968, 450)	vert	up	True	746139	747628	up	(800, 450)	testing
20	ky	f	19	1	diamond	none	same	N_dis	(968, 450)	hori	left	True	749245	750363	left	(800, 450)	testing
20	ky	f	19	1	diamond	red	dif	(800, 618)	(632, 450)	hori	left	True	751914	753308	left	(800, 450)	testing
20	ky	f	19	1	circle	green	dif	(968, 450)	(800, 618)	hori	left	True	754733	755949	up	(800, 450)	testing
20	ky	f	19	1	diamond	green	same	(632, 450)	(800, 282)	vert	up	True	758858	760668	up	(800, 450)	testing
20	ky	f	19	1	diamond	green	same	(800, 618)	(800, 282)	hori	left	True	762123	763852	left	(800, 450)	testing
20	ky	f	19	1	diamond	green	same	(968, 450)	(632, 450)	vert	up	True	765523	766956	up	(800, 450)	testing
20	ky	f	19	1	circle	none	dif	N_dis	(800, 618)	vert	up	True	768485	769869	left	(800, 450)	testing
20	ky	f	19	1	diamond	none	dif	N_dis	(968, 450)	vert	up	True	772985	774796	up	(800, 450)	testing
20	ky	f	19	1	diamond	green	same	(800, 618)	(800, 282)	vert	up	True	776319	777996	up	(800, 450)	testing
20	ky	f	19	1	diamond	green	dif	(968, 450)	(800, 618)	hori	left	True	779500	781419	left	(800, 450)	testing
20	ky	f	19	1	diamond	red	dif	(800, 282)	(800, 618)	hori	left	True	782995	784747	left	(800, 450)	testing
20	ky	f	19	1	circle	green	dif	(632, 450)	(968, 450)	hori	left	True	786337	788459	up	(800, 450)	testing
20	ky	f	19	1	diamond	none	same	N_dis	(800, 618)	hori	left	True	791512	792811	left	(800, 450)	testing
20	ky	f	19	1	circle	none	dif	N_dis	(800, 618)	hori	left	False	794292	None	None	(800, 450)	testing
20	ky	f	19	1	circle	green	same	(800, 618)	(968, 450)	vert	up	True	800328	801692	up	(800, 450)	testing
20	ky	f	19	1	diamond	none	dif	N_dis	(800, 618)	hori	left	True	803076	804925	left	(800, 450)	testing
20	ky	f	19	1	diamond	red	same	(800, 618)	(968, 450)	hori	left	True	806447	807516	left	(800, 450)	testing
20	ky	f	19	1	diamond	green	dif	(800, 618)	(632, 450)	hori	left	True	809099	809885	left	(800, 450)	testing
20	ky	f	19	1	circle	red	same	(800, 618)	(968, 450)	hori	left	True	811553	812796	left	(800, 450)	testing
20	ky	f	19	1	circle	red	dif	(968, 450)	(800, 282)	vert	up	True	814378	815403	up	(800, 450)	testing
20	ky	f	19	1	circle	none	dif	N_dis	(800, 282)	vert	up	True	816799	817660	up	(800, 450)	testing
20	ky	f	19	1	circle	red	dif	(632, 450)	(800, 618)	hori	left	True	819198	820492	left	(800, 450)	testing
20	ky	f	19	1	circle	red	same	(800, 618)	(968, 450)	hori	left	True	822158	823468	left	(800, 450)	testing
20	ky	f	19	1	diamond	none	same	N_dis	(800, 618)	vert	up	True	824965	826284	up	(800, 450)	testing
20	ky	f	19	1	diamond	none	same	N_dis	(800, 282)	hori	left	True	827774	828668	left	(800, 450)	testing
20	ky	f	19	1	diamond	red	dif	(632, 450)	(800, 618)	vert	up	True	830107	831356	up	(800, 450)	testing
20	ky	f	19	1	circle	none	same	N_dis	(800, 618)	hori	left	True	832877	835132	left	(800, 450)	testing
20	ky	f	19	1	circle	none	same	N_dis	(800, 618)	vert	up	True	836796	838044	up	(800, 450)	testing
20	ky	f	19	1	diamond	red	same	(968, 450)	(800, 618)	vert	up	True	839533	840508	up	(800, 450)	testing
20	ky	f	19	1	circle	green	dif	(800, 618)	(800, 282)	hori	left	True	841962	843212	up	(800, 450)	testing
20	ky	f	19	1	diamond	green	dif	(632, 450)	(800, 618)	hori	left	True	846351	847901	left	(800, 450)	testing
20	ky	f	19	1	diamond	green	dif	(800, 282)	(968, 450)	vert	up	True	849491	851933	up	(800, 450)	testing
20	ky	f	19	1	diamond	green	same	(632, 450)	(800, 282)	hori	left	True	853545	854459	left	(800, 450)	testing
20	ky	f	19	1	circle	red	same	(632, 450)	(800, 618)	vert	up	True	855842	856941	up	(800, 450)	testing
20	ky	f	19	1	diamond	none	dif	N_dis	(800, 282)	hori	left	True	858607	859292	left	(800, 450)	testing
20	ky	f	19	1	circle	green	dif	(632, 450)	(800, 282)	vert	up	True	860822	861933	up	(800, 450)	testing
20	ky	f	19	1	circle	green	dif	(632, 450)	(800, 618)	hori	left	True	863581	865965	up	(800, 450)	testing
20	ky	f	19	1	circle	green	same	(800, 618)	(800, 282)	hori	left	True	869085	871724	left	(800, 450)	testing
20	ky	f	19	1	diamond	green	dif	(968, 450)	(632, 450)	hori	left	True	873314	874204	left	(800, 450)	testing
20	ky	f	19	1	diamond	red	dif	(800, 618)	(800, 282)	vert	up	True	875826	876636	up	(800, 450)	testing
20	ky	f	19	1	diamond	none	same	N_dis	(968, 450)	vert	up	True	878142	879388	up	(800, 450)	testing
20	ky	f	19	1	circle	green	dif	(800, 618)	(800, 282)	hori	left	True	880926	882364	left	(800, 450)	testing
20	ky	f	19	1	circle	none	dif	N_dis	(632, 450)	vert	up	True	883778	884620	left	(800, 450)	testing
20	ky	f	19	1	diamond	none	same	N_dis	(800, 282)	hori	left	True	887769	888507	left	(800, 450)	testing
20	ky	f	19	1	diamond	green	dif	(800, 618)	(968, 450)	hori	left	True	889968	891052	left	(800, 450)	testing
20	ky	f	19	1	diamond	green	dif	(800, 618)	(632, 450)	vert	up	True	892647	893308	up	(800, 450)	testing
20	ky	f	19	1	diamond	green	dif	(632, 450)	(968, 450)	vert	up	True	894802	895660	up	(800, 450)	testing
20	ky	f	19	1	circle	none	same	N_dis	(632, 450)	vert	up	True	897105	899404	up	(800, 450)	testing
20	ky	f	19	1	circle	red	same	(968, 450)	(632, 450)	hori	left	True	900855	902172	left	(800, 450)	testing
20	ky	f	19	1	diamond	green	same	(968, 450)	(800, 618)	hori	left	True	903654	904892	left	(800, 450)	testing
20	ky	f	19	1	circle	green	dif	(800, 618)	(800, 282)	hori	left	True	906486	907997	left	(800, 450)	testing
20	ky	f	19	1	circle	red	same	(632, 450)	(800, 618)	vert	up	True	909515	911468	up	(800, 450)	testing
20	ky	f	19	1	circle	none	dif	N_dis	(800, 282)	vert	up	True	913080	915532	left	(800, 450)	testing
20	ky	f	19	1	diamond	none	same	N_dis	(800, 282)	hori	left	True	918728	920380	left	(800, 450)	testing
20	ky	f	19	1	circle	red	same	(800, 282)	(968, 450)	vert	up	True	921788	922732	up	(800, 450)	testing
20	ky	f	19	1	circle	red	same	(800, 282)	(632, 450)	hori	left	True	924234	925484	left	(800, 450)	testing
20	ky	f	19	1	circle	none	same	N_dis	(632, 450)	vert	up	True	926953	928124	up	(800, 450)	testing
20	ky	f	19	1	diamond	none	dif	N_dis	(800, 618)	hori	left	True	929712	931100	left	(800, 450)	testing
20	ky	f	19	1	circle	green	same	(800, 282)	(632, 450)	vert	up	True	932491	933628	up	(800, 450)	testing
20	ky	f	19	1	diamond	green	dif	(800, 618)	(800, 282)	vert	up	True	935072	936300	up	(800, 450)	testing
20	ky	f	19	1	circle	green	dif	(632, 450)	(800, 618)	hori	left	True	937965	938941	left	(800, 450)	testing
20	ky	f	19	1	diamond	green	same	(800, 282)	(632, 450)	vert	up	True	940385	941196	up	(800, 450)	testing
20	ky	f	19	1	circle	green	dif	(800, 282)	(632, 450)	hori	left	True	942754	944092	left	(800, 450)	testing
20	ky	f	19	1	circle	green	dif	(800, 282)	(968, 450)	hori	left	True	945554	946909	left	(800, 450)	testing
20	ky	f	19	1	circle	none	same	N_dis	(632, 450)	hori	left	True	948304	949852	left	(800, 450)	testing
20	ky	f	19	1	circle	red	same	(800, 282)	(800, 618)	vert	up	True	951328	953260	up	(800, 450)	testing
20	ky	f	19	1	circle	none	same	N_dis	(632, 450)	hori	left	True	954698	955468	left	(800, 450)	testing
20	ky	f	19	1	circle	red	dif	(632, 450)	(800, 618)	vert	up	True	956883	957836	up	(800, 450)	testing
20	ky	f	19	1	diamond	none	same	N_dis	(968, 450)	vert	up	True	959369	960332	up	(800, 450)	testing
20	ky	f	19	1	circle	none	same	N_dis	(800, 282)	vert	up	True	961845	962989	up	(800, 450)	testing
20	ky	f	19	1	diamond	green	dif	(632, 450)	(800, 282)	hori	left	True	964376	966492	up	(800, 450)	testing
20	ky	f	19	1	diamond	none	dif	N_dis	(968, 450)	vert	up	True	969542	970508	up	(800, 450)	testing
20	ky	f	19	1	circle	none	dif	N_dis	(800, 282)	vert	up	True	972058	973404	up	(800, 450)	testing
20	ky	f	19	1	diamond	green	dif	(800, 618)	(968, 450)	hori	left	True	975076	976028	left	(800, 450)	testing
20	ky	f	19	1	diamond	red	dif	(800, 618)	(800, 282)	vert	up	True	977548	978268	up	(800, 450)	testing
20	ky	f	19	1	circle	green	same	(800, 618)	(800, 282)	hori	left	True	979916	981180	left	(800, 450)	testing
20	ky	f	19	1	diamond	red	same	(800, 618)	(968, 450)	vert	up	True	982778	983692	up	(800, 450)	testing
20	ky	f	19	1	diamond	green	same	(632, 450)	(968, 450)	hori	left	True	985210	986236	left	(800, 450)	testing
20	ky	f	19	1	circle	green	same	(800, 618)	(632, 450)	vert	up	True	987621	988941	up	(800, 450)	testing
20	ky	f	19	1	diamond	red	dif	(800, 618)	(968, 450)	vert	up	True	990430	992492	up	(800, 450)	testing
20	ky	f	19	1	circle	none	same	N_dis	(632, 450)	hori	left	True	993959	994764	left	(800, 450)	testing
20	ky	f	19	1	diamond	none	dif	N_dis	(632, 450)	vert	up	True	996203	997628	up	(800, 450)	testing
20	ky	f	19	1	diamond	green	dif	(800, 282)	(800, 618)	hori	left	True	999233	1000524	left	(800, 450)	testing
20	ky	f	19	1	circle	none	dif	N_dis	(968, 450)	hori	left	True	1002191	1003020	left	(800, 450)	testing
20	ky	f	19	1	circle	red	dif	(800, 618)	(632, 450)	hori	left	True	1004520	1005804	left	(800, 450)	testing
20	ky	f	19	1	diamond	green	same	(800, 618)	(632, 450)	hori	left	True	1007348	1008396	left	(800, 450)	testing
20	ky	f	19	1	circle	green	dif	(800, 618)	(800, 282)	hori	left	True	1009870	1012220	left	(800, 450)	testing
20	ky	f	19	1	diamond	red	same	(800, 618)	(632, 450)	vert	up	True	1013741	1014732	up	(800, 450)	testing
20	ky	f	19	1	circle	none	same	N_dis	(632, 450)	hori	left	True	1016290	1017244	left	(800, 450)	testing
20	ky	f	19	1	circle	none	same	N_dis	(800, 282)	hori	left	True	1018871	1019933	left	(800, 450)	testing
20	ky	f	19	1	circle	red	same	(800, 282)	(800, 618)	hori	left	True	1021580	1022252	left	(800, 450)	testing
20	ky	f	19	1	circle	red	dif	(800, 282)	(632, 450)	hori	left	True	1023753	1024427	left	(800, 450)	testing
20	ky	f	19	1	circle	green	same	(968, 450)	(632, 450)	hori	left	True	1026067	1027035	left	(800, 450)	testing
20	ky	f	19	1	circle	none	dif	N_dis	(800, 618)	hori	left	True	1028555	1030300	up	(800, 450)	testing
20	ky	f	19	1	circle	green	dif	(632, 450)	(800, 282)	hori	left	True	1033244	1034044	up	(800, 450)	testing
20	ky	f	19	1	diamond	red	same	(800, 618)	(968, 450)	hori	left	True	1037064	1038957	left	(800, 450)	testing
20	ky	f	19	1	diamond	none	dif	N_dis	(800, 282)	hori	left	True	1040347	1041164	left	(800, 450)	testing
20	ky	f	19	1	circle	red	dif	(968, 450)	(800, 282)	vert	up	True	1042658	1043628	up	(800, 450)	testing
20	ky	f	19	1	diamond	green	dif	(632, 450)	(968, 450)	vert	up	True	1045067	1045997	up	(800, 450)	testing
20	ky	f	19	1	circle	green	same	(800, 618)	(968, 450)	vert	up	True	1047597	1049917	up	(800, 450)	testing
20	ky	f	19	1	diamond	none	same	N_dis	(632, 450)	hori	left	True	1051337	1052124	left	(800, 450)	testing
20	ky	f	19	1	circle	red	dif	(800, 282)	(800, 618)	vert	up	True	1053542	1054524	up	(800, 450)	testing
20	ky	f	19	1	circle	green	dif	(968, 450)	(800, 618)	vert	up	True	1056106	1057132	up	(800, 450)	testing
20	ky	f	19	1	circle	none	dif	N_dis	(800, 618)	vert	up	True	1058714	1059772	up	(800, 450)	testing
20	ky	f	19	1	diamond	green	same	(800, 618)	(968, 450)	hori	left	True	1061145	1062156	left	(800, 450)	testing
20	ky	f	19	1	circle	green	same	(800, 282)	(632, 450)	vert	up	True	1063650	1064476	up	(800, 450)	testing
20	ky	f	19	1	circle	red	dif	(968, 450)	(632, 450)	vert	up	True	1066012	1067004	left	(800, 450)	testing
20	ky	f	19	1	diamond	green	dif	(632, 450)	(800, 282)	vert	up	True	1070022	1071164	up	(800, 450)	testing
20	ky	f	19	1	circle	none	dif	N_dis	(632, 450)	vert	up	True	1072605	1074204	up	(800, 450)	testing
20	ky	f	19	1	diamond	red	same	(800, 618)	(632, 450)	hori	left	True	1075617	1076444	left	(800, 450)	testing
20	ky	f	19	1	diamond	red	dif	(800, 618)	(968, 450)	hori	left	True	1077996	1079804	left	(800, 450)	testing
20	ky	f	19	1	diamond	green	same	(632, 450)	(800, 618)	vert	up	True	1081309	1083196	up	(800, 450)	testing
20	ky	f	19	1	circle	none	dif	N_dis	(632, 450)	hori	left	True	1084753	1085676	left	(800, 450)	testing
20	ky	f	19	1	circle	none	same	N_dis	(632, 450)	hori	left	True	1087058	1088636	left	(800, 450)	testing
20	ky	f	19	1	diamond	red	same	(800, 618)	(968, 450)	hori	left	True	1090060	1091324	left	(800, 450)	testing
20	ky	f	19	1	diamond	red	same	(800, 618)	(800, 282)	hori	left	True	1092918	1093965	left	(800, 450)	testing
20	ky	f	19	1	diamond	none	dif	N_dis	(800, 618)	vert	up	True	1095474	1096380	up	(800, 450)	testing
20	ky	f	19	1	diamond	red	dif	(968, 450)	(800, 282)	hori	left	True	1097911	1098860	left	(800, 450)	testing
20	ky	f	19	1	circle	red	same	(968, 450)	(632, 450)	hori	left	True	1100501	1102540	left	(800, 450)	testing
20	ky	f	19	1	diamond	green	same	(800, 618)	(968, 450)	hori	left	True	1103930	1105100	left	(800, 450)	testing
20	ky	f	19	1	circle	red	same	(800, 618)	(632, 450)	hori	left	True	1106564	1108652	left	(800, 450)	testing
20	ky	f	19	1	circle	none	same	N_dis	(800, 282)	hori	left	True	1110030	1110844	left	(800, 450)	testing
20	ky	f	19	1	diamond	red	dif	(800, 618)	(968, 450)	vert	up	True	1112301	1113276	up	(800, 450)	testing
20	ky	f	19	1	diamond	green	same	(800, 618)	(632, 450)	hori	left	True	1114749	1115692	left	(800, 450)	testing
20	ky	f	19	1	diamond	red	same	(800, 282)	(632, 450)	vert	up	True	1117233	1118188	up	(800, 450)	testing
20	ky	f	19	1	diamond	red	dif	(800, 618)	(968, 450)	vert	up	True	1119733	1120604	left	(800, 450)	testing
20	ky	f	19	1	diamond	red	same	(800, 618)	(632, 450)	hori	left	True	1123573	1125356	up	(800, 450)	testing
20	ky	f	19	1	circle	red	same	(632, 450)	(800, 282)	hori	left	True	1128358	1130844	left	(800, 450)	testing
20	ky	f	19	1	diamond	none	dif	N_dis	(632, 450)	hori	left	True	1132222	1134748	left	(800, 450)	testing
20	ky	f	19	1	circle	green	dif	(800, 618)	(632, 450)	hori	left	True	1136391	1137836	left	(800, 450)	testing
20	ky	f	19	1	circle	green	same	(800, 618)	(632, 450)	vert	up	True	1139430	1141836	left	(800, 450)	testing
20	ky	f	19	1	diamond	red	dif	(968, 450)	(800, 282)	vert	up	True	1144952	1146156	up	(800, 450)	testing
20	ky	f	19	1	diamond	none	same	N_dis	(800, 282)	hori	left	True	1147698	1149644	left	(800, 450)	testing
20	ky	f	19	1	circle	red	dif	(800, 618)	(968, 450)	hori	left	True	1151305	1152508	left	(800, 450)	testing
20	ky	f	19	1	diamond	green	same	(800, 618)	(800, 282)	vert	up	True	1154139	1155036	up	(800, 450)	testing
20	ky	f	19	1	diamond	none	same	N_dis	(632, 450)	hori	left	True	1156624	1157852	left	(800, 450)	testing
20	ky	f	19	1	diamond	red	dif	(800, 282)	(968, 450)	hori	left	True	1159238	1160332	left	(800, 450)	testing
20	ky	f	19	1	diamond	none	same	N_dis	(632, 450)	vert	up	True	1161893	1162684	up	(800, 450)	testing
20	ky	f	19	1	diamond	green	same	(800, 618)	(800, 282)	hori	left	True	1164269	1165692	left	(800, 450)	testing
20	ky	f	19	1	circle	green	dif	(968, 450)	(800, 282)	vert	up	True	1167263	1168700	up	(800, 450)	testing
20	ky	f	19	1	circle	green	dif	(968, 450)	(800, 282)	vert	up	True	1170090	1171148	up	(800, 450)	testing
20	ky	f	19	1	diamond	green	same	(800, 282)	(968, 450)	hori	left	True	1172704	1173564	left	(800, 450)	testing
20	ky	f	19	1	circle	green	same	(632, 450)	(800, 282)	vert	up	True	1174950	1176044	up	(800, 450)	testing
20	ky	f	19	1	circle	green	same	(968, 450)	(800, 282)	hori	left	True	1177504	1180252	left	(800, 450)	testing
20	ky	f	19	1	diamond	red	dif	(968, 450)	(800, 282)	hori	left	True	1181676	1182604	left	(800, 450)	testing
20	ky	f	19	1	circle	none	same	N_dis	(800, 618)	hori	left	True	1184073	1186012	left	(800, 450)	testing
20	ky	f	19	1	circle	red	same	(632, 450)	(968, 450)	hori	left	True	1187544	1188380	left	(800, 450)	testing
20	ky	f	19	1	circle	green	same	(800, 618)	(632, 450)	vert	up	True	1189932	1190748	up	(800, 450)	testing
20	ky	f	19	1	circle	none	dif	N_dis	(968, 450)	vert	up	True	1192155	1193740	up	(800, 450)	testing
20	ky	f	19	1	diamond	red	dif	(800, 618)	(800, 282)	hori	left	True	1195126	1195933	left	(800, 450)	testing
20	ky	f	19	1	diamond	red	same	(800, 618)	(800, 282)	hori	left	True	1197514	1198268	left	(800, 450)	testing
20	ky	f	19	1	circle	green	same	(968, 450)	(800, 618)	vert	up	True	1199695	1200428	up	(800, 450)	testing
20	ky	f	19	1	circle	green	dif	(800, 618)	(968, 450)	vert	up	True	1201845	1203548	up	(800, 450)	testing
20	ky	f	19	1	circle	none	dif	N_dis	(968, 450)	vert	up	True	1205030	1206427	up	(800, 450)	testing
20	ky	f	19	1	diamond	red	dif	(800, 618)	(968, 450)	hori	left	True	1207953	1208780	left	(800, 450)	testing
20	ky	f	19	1	diamond	red	same	(632, 450)	(968, 450)	hori	left	True	1210295	1211020	left	(800, 450)	testing
20	ky	f	19	1	circle	green	dif	(800, 618)	(632, 450)	vert	up	True	1212507	1213724	up	(800, 450)	testing
20	ky	f	19	1	circle	none	same	N_dis	(800, 618)	hori	left	True	1215176	1216044	left	(800, 450)	testing
20	ky	f	19	1	circle	green	dif	(968, 450)	(632, 450)	vert	up	True	1217599	1218412	left	(800, 450)	testing
20	ky	f	19	1	diamond	red	dif	(800, 618)	(632, 450)	vert	up	True	1221400	1222348	up	(800, 450)	testing
20	ky	f	19	1	diamond	red	same	(800, 282)	(800, 618)	hori	left	True	1223824	1225180	left	(800, 450)	testing
20	ky	f	19	1	circle	none	same	N_dis	(632, 450)	vert	up	True	1226770	1228268	up	(800, 450)	testing
20	ky	f	19	1	diamond	red	dif	(632, 450)	(968, 450)	vert	up	True	1229806	1231148	up	(800, 450)	testing
