subj	name	gender	age	runNum	shape	dist	td_dif	d_loc	t_loc	resp	resp_key	gotKey	startTime	respTime	resp	fix_loc	prac
20	ky	f	19	3	circle	green	same	(968, 450)	(800, 618)	vert	up	True	38536	39902	up	(800, 450)	testing
20	ky	f	19	3	circle	red	dif	(632, 450)	(800, 282)	vert	up	True	41555	42942	up	(800, 450)	testing
20	ky	f	19	3	diamond	none	dif	N_dis	(800, 618)	hori	left	True	44366	45598	left	(800, 450)	testing
20	ky	f	19	3	diamond	green	same	(800, 282)	(632, 450)	hori	left	True	47074	48285	left	(800, 450)	testing
20	ky	f	19	3	circle	red	same	(968, 450)	(800, 282)	vert	up	True	49842	50590	up	(800, 450)	testing
20	ky	f	19	3	diamond	none	dif	N_dis	(968, 450)	hori	left	True	52154	52894	left	(800, 450)	testing
20	ky	f	19	3	diamond	red	dif	(800, 282)	(968, 450)	hori	left	True	54276	55373	left	(800, 450)	testing
20	ky	f	19	3	diamond	green	dif	(800, 618)	(800, 282)	vert	up	True	56915	57535	up	(800, 450)	testing
20	ky	f	19	3	diamond	red	same	(800, 618)	(800, 282)	hori	left	True	58910	59694	left	(800, 450)	testing
20	ky	f	19	3	circle	red	dif	(968, 450)	(800, 618)	hori	left	True	61142	62077	up	(800, 450)	testing
20	ky	f	19	3	circle	green	dif	(968, 450)	(632, 450)	hori	left	True	65140	65982	left	(800, 450)	testing
20	ky	f	19	3	diamond	red	same	(800, 618)	(968, 450)	vert	up	True	67558	68447	up	(800, 450)	testing
20	ky	f	19	3	diamond	none	dif	N_dis	(800, 282)	hori	left	True	69880	70654	left	(800, 450)	testing
20	ky	f	19	3	diamond	red	dif	(800, 618)	(968, 450)	vert	up	True	72172	73886	up	(800, 450)	testing
20	ky	f	19	3	diamond	none	same	N_dis	(968, 450)	hori	left	True	75459	77502	left	(800, 450)	testing
20	ky	f	19	3	diamond	green	same	(968, 450)	(632, 450)	hori	left	True	79043	80013	left	(800, 450)	testing
20	ky	f	19	3	diamond	red	dif	(632, 450)	(968, 450)	hori	left	True	81530	82301	left	(800, 450)	testing
20	ky	f	19	3	circle	red	same	(800, 282)	(968, 450)	vert	up	True	83974	85181	up	(800, 450)	testing
20	ky	f	19	3	diamond	green	same	(800, 282)	(968, 450)	hori	left	True	86776	88141	left	(800, 450)	testing
20	ky	f	19	3	circle	red	same	(632, 450)	(800, 282)	vert	up	True	89586	91181	up	(800, 450)	testing
20	ky	f	19	3	circle	red	dif	(800, 618)	(632, 450)	hori	left	True	92714	93518	left	(800, 450)	testing
20	ky	f	19	3	diamond	green	same	(968, 450)	(800, 282)	hori	left	True	95101	95854	left	(800, 450)	testing
20	ky	f	19	3	circle	green	dif	(632, 450)	(968, 450)	hori	left	True	97360	98895	left	(800, 450)	testing
20	ky	f	19	3	diamond	green	dif	(800, 282)	(632, 450)	vert	up	True	100463	101726	up	(800, 450)	testing
20	ky	f	19	3	diamond	red	same	(968, 450)	(800, 282)	vert	up	True	103338	104783	up	(800, 450)	testing
20	ky	f	19	3	diamond	red	dif	(800, 618)	(968, 450)	hori	left	True	106308	106990	left	(800, 450)	testing
20	ky	f	19	3	circle	none	same	N_dis	(800, 618)	vert	up	True	108660	109999	up	(800, 450)	testing
20	ky	f	19	3	circle	none	dif	N_dis	(800, 282)	vert	up	True	111537	112622	up	(800, 450)	testing
20	ky	f	19	3	circle	none	dif	N_dis	(800, 282)	vert	up	True	114080	114830	up	(800, 450)	testing
20	ky	f	19	3	diamond	none	same	N_dis	(632, 450)	vert	up	True	116271	118061	up	(800, 450)	testing
20	ky	f	19	3	circle	none	same	N_dis	(800, 282)	hori	left	True	119530	121149	left	(800, 450)	testing
20	ky	f	19	3	diamond	red	same	(968, 450)	(632, 450)	hori	left	True	122599	123486	left	(800, 450)	testing
20	ky	f	19	3	diamond	green	dif	(632, 450)	(968, 450)	hori	left	True	124875	125678	left	(800, 450)	testing
20	ky	f	19	3	circle	red	dif	(800, 618)	(800, 282)	vert	up	True	127317	128365	up	(800, 450)	testing
20	ky	f	19	3	circle	none	dif	N_dis	(800, 618)	hori	left	True	129759	131197	left	(800, 450)	testing
20	ky	f	19	3	circle	green	dif	(632, 450)	(800, 618)	hori	left	True	132703	134670	left	(800, 450)	testing
20	ky	f	19	3	diamond	none	same	N_dis	(632, 450)	hori	left	True	136052	137165	left	(800, 450)	testing
20	ky	f	19	3	circle	red	same	(800, 618)	(632, 450)	vert	up	True	138776	140285	up	(800, 450)	testing
20	ky	f	19	3	diamond	none	same	N_dis	(800, 618)	hori	left	True	141949	142782	left	(800, 450)	testing
20	ky	f	19	3	circle	none	same	N_dis	(632, 450)	hori	left	True	144251	145934	left	(800, 450)	testing
20	ky	f	19	3	diamond	none	dif	N_dis	(632, 450)	hori	left	True	147607	149357	left	(800, 450)	testing
20	ky	f	19	3	diamond	green	dif	(800, 282)	(800, 618)	vert	up	True	150965	152045	up	(800, 450)	testing
20	ky	f	19	3	circle	red	dif	(632, 450)	(800, 618)	vert	up	True	153677	155101	up	(800, 450)	testing
20	ky	f	19	3	circle	red	same	(968, 450)	(800, 282)	vert	up	True	156774	157726	up	(800, 450)	testing
20	ky	f	19	3	circle	green	same	(632, 450)	(800, 282)	hori	left	True	159185	161774	left	(800, 450)	testing
20	ky	f	19	3	circle	green	same	(800, 618)	(632, 450)	hori	left	True	163281	164173	left	(800, 450)	testing
20	ky	f	19	3	diamond	red	dif	(800, 282)	(800, 618)	hori	left	True	165812	166974	left	(800, 450)	testing
20	ky	f	19	3	circle	none	same	N_dis	(632, 450)	hori	left	True	168546	169261	left	(800, 450)	testing
20	ky	f	19	3	circle	green	dif	(968, 450)	(800, 618)	vert	up	True	170679	171486	up	(800, 450)	testing
20	ky	f	19	3	circle	none	dif	N_dis	(968, 450)	vert	up	True	173042	174446	up	(800, 450)	testing
20	ky	f	19	3	circle	green	same	(632, 450)	(968, 450)	vert	up	True	175898	177454	up	(800, 450)	testing
20	ky	f	19	3	circle	none	same	N_dis	(968, 450)	hori	left	True	178960	180542	left	(800, 450)	testing
20	ky	f	19	3	circle	none	dif	N_dis	(968, 450)	vert	up	True	182184	183357	up	(800, 450)	testing
20	ky	f	19	3	diamond	none	same	N_dis	(800, 282)	hori	left	True	184966	185694	left	(800, 450)	testing
20	ky	f	19	3	circle	green	same	(800, 282)	(800, 618)	vert	up	True	187262	188046	up	(800, 450)	testing
20	ky	f	19	3	diamond	green	dif	(800, 618)	(968, 450)	vert	up	True	189655	190991	up	(800, 450)	testing
20	ky	f	19	3	diamond	none	dif	N_dis	(800, 618)	hori	left	True	192619	193454	left	(800, 450)	testing
20	ky	f	19	3	circle	green	dif	(800, 282)	(968, 450)	vert	up	True	194831	196029	up	(800, 450)	testing
20	ky	f	19	3	diamond	green	same	(800, 282)	(632, 450)	vert	up	True	197579	200109	up	(800, 450)	testing
20	ky	f	19	3	diamond	red	same	(632, 450)	(800, 618)	vert	up	True	201747	202718	up	(800, 450)	testing
20	ky	f	19	3	circle	green	same	(968, 450)	(800, 618)	hori	left	True	204356	205502	left	(800, 450)	testing
20	ky	f	19	3	circle	red	dif	(632, 450)	(800, 282)	vert	up	True	206944	208750	up	(800, 450)	testing
20	ky	f	19	3	diamond	none	dif	N_dis	(800, 618)	vert	up	True	210154	211293	up	(800, 450)	testing
20	ky	f	19	3	diamond	green	same	(800, 282)	(632, 450)	vert	up	True	212819	214397	up	(800, 450)	testing
20	ky	f	19	3	circle	red	same	(968, 450)	(800, 282)	vert	up	True	215962	217486	up	(800, 450)	testing
20	ky	f	19	3	diamond	none	dif	N_dis	(968, 450)	hori	left	True	219058	219998	left	(800, 450)	testing
20	ky	f	19	3	diamond	red	dif	(800, 282)	(968, 450)	vert	up	True	221659	222526	up	(800, 450)	testing
20	ky	f	19	3	diamond	green	dif	(800, 618)	(800, 282)	hori	left	True	224134	224814	left	(800, 450)	testing
20	ky	f	19	3	diamond	red	same	(800, 618)	(800, 282)	hori	left	True	226323	226975	left	(800, 450)	testing
20	ky	f	19	3	circle	red	dif	(968, 450)	(800, 618)	hori	left	True	228388	229614	left	(800, 450)	testing
20	ky	f	19	3	circle	green	dif	(968, 450)	(632, 450)	hori	left	True	231040	232238	left	(800, 450)	testing
20	ky	f	19	3	diamond	red	same	(800, 618)	(968, 450)	hori	left	True	233721	235341	left	(800, 450)	testing
20	ky	f	19	3	diamond	none	dif	N_dis	(800, 282)	vert	up	True	236773	237567	up	(800, 450)	testing
20	ky	f	19	3	diamond	red	dif	(800, 618)	(968, 450)	vert	up	True	239018	239918	up	(800, 450)	testing
20	ky	f	19	3	diamond	none	same	N_dis	(968, 450)	hori	left	True	241398	242205	left	(800, 450)	testing
20	ky	f	19	3	diamond	green	same	(968, 450)	(632, 450)	hori	left	True	243712	244478	left	(800, 450)	testing
20	ky	f	19	3	diamond	red	dif	(632, 450)	(968, 450)	vert	up	True	245960	246718	up	(800, 450)	testing
20	ky	f	19	3	circle	red	same	(800, 282)	(968, 450)	vert	up	True	248317	250221	up	(800, 450)	testing
20	ky	f	19	3	diamond	green	same	(800, 282)	(968, 450)	hori	left	True	251616	253245	left	(800, 450)	testing
20	ky	f	19	3	circle	red	same	(632, 450)	(800, 282)	hori	left	True	254793	255839	left	(800, 450)	testing
20	ky	f	19	3	circle	red	dif	(800, 618)	(632, 450)	vert	up	True	257215	258301	up	(800, 450)	testing
20	ky	f	19	3	diamond	green	same	(968, 450)	(800, 282)	hori	left	True	259710	260911	left	(800, 450)	testing
20	ky	f	19	3	circle	green	dif	(632, 450)	(968, 450)	hori	left	True	262540	264093	left	(800, 450)	testing
20	ky	f	19	3	diamond	green	dif	(800, 282)	(632, 450)	vert	up	True	265651	266926	up	(800, 450)	testing
20	ky	f	19	3	diamond	red	same	(968, 450)	(800, 282)	hori	left	True	268308	269839	left	(800, 450)	testing
20	ky	f	19	3	diamond	red	dif	(800, 618)	(968, 450)	hori	left	True	271451	272205	left	(800, 450)	testing
20	ky	f	19	3	circle	none	same	N_dis	(800, 618)	hori	left	True	273771	274623	left	(800, 450)	testing
20	ky	f	19	3	circle	none	dif	N_dis	(800, 282)	hori	left	True	276271	277181	left	(800, 450)	testing
20	ky	f	19	3	circle	none	dif	N_dis	(800, 282)	hori	left	True	278556	279245	left	(800, 450)	testing
20	ky	f	19	3	diamond	none	same	N_dis	(632, 450)	vert	up	True	280807	281855	up	(800, 450)	testing
20	ky	f	19	3	circle	none	same	N_dis	(800, 282)	hori	left	True	283460	284911	left	(800, 450)	testing
20	ky	f	19	3	diamond	red	same	(968, 450)	(632, 450)	hori	left	True	286575	287293	left	(800, 450)	testing
20	ky	f	19	3	diamond	green	dif	(632, 450)	(968, 450)	vert	up	True	288736	289455	up	(800, 450)	testing
20	ky	f	19	3	circle	red	dif	(800, 618)	(800, 282)	hori	left	True	290987	291711	left	(800, 450)	testing
20	ky	f	19	3	circle	none	dif	N_dis	(800, 618)	vert	up	True	293186	294030	up	(800, 450)	testing
20	ky	f	19	3	circle	green	dif	(632, 450)	(800, 618)	vert	up	True	295642	297054	up	(800, 450)	testing
20	ky	f	19	3	diamond	none	same	N_dis	(632, 450)	vert	up	True	298604	299390	up	(800, 450)	testing
20	ky	f	19	3	circle	red	same	(800, 618)	(632, 450)	hori	left	True	300767	302061	left	(800, 450)	testing
20	ky	f	19	3	diamond	none	same	N_dis	(800, 618)	hori	left	True	303537	304381	left	(800, 450)	testing
20	ky	f	19	3	circle	none	same	N_dis	(632, 450)	hori	left	True	306049	307054	left	(800, 450)	testing
20	ky	f	19	3	diamond	none	dif	N_dis	(632, 450)	hori	left	True	308570	310237	left	(800, 450)	testing
20	ky	f	19	3	diamond	green	dif	(800, 282)	(800, 618)	hori	left	True	311774	312574	left	(800, 450)	testing
20	ky	f	19	3	circle	red	dif	(632, 450)	(800, 618)	hori	left	True	314005	314671	left	(800, 450)	testing
20	ky	f	19	3	circle	red	same	(968, 450)	(800, 282)	hori	left	True	316209	318430	left	(800, 450)	testing
20	ky	f	19	3	circle	green	same	(632, 450)	(800, 282)	vert	up	True	320059	321310	up	(800, 450)	testing
20	ky	f	19	3	circle	green	same	(800, 618)	(632, 450)	hori	left	True	322768	323503	left	(800, 450)	testing
20	ky	f	19	3	diamond	red	dif	(800, 282)	(800, 618)	hori	left	True	325076	326062	left	(800, 450)	testing
20	ky	f	19	3	circle	none	same	N_dis	(632, 450)	hori	left	True	327467	328269	left	(800, 450)	testing
20	ky	f	19	3	circle	green	dif	(968, 450)	(800, 618)	vert	up	True	329781	330607	up	(800, 450)	testing
20	ky	f	19	3	circle	none	dif	N_dis	(968, 450)	vert	up	True	332213	332943	up	(800, 450)	testing
20	ky	f	19	3	circle	green	same	(632, 450)	(968, 450)	vert	up	True	334613	337134	up	(800, 450)	testing
20	ky	f	19	3	circle	none	same	N_dis	(968, 450)	hori	left	True	338711	339614	left	(800, 450)	testing
20	ky	f	19	3	circle	none	dif	N_dis	(968, 450)	hori	left	True	341014	341743	left	(800, 450)	testing
20	ky	f	19	3	diamond	none	same	N_dis	(800, 282)	vert	up	True	343126	343823	up	(800, 450)	testing
20	ky	f	19	3	circle	green	same	(800, 282)	(800, 618)	vert	up	True	345207	346495	up	(800, 450)	testing
20	ky	f	19	3	diamond	green	dif	(800, 618)	(968, 450)	hori	left	True	348079	349054	left	(800, 450)	testing
20	ky	f	19	3	diamond	none	dif	N_dis	(800, 618)	vert	up	True	350719	351455	up	(800, 450)	testing
20	ky	f	19	3	circle	green	dif	(800, 282)	(968, 450)	vert	up	True	352867	354030	left	(800, 450)	testing
20	ky	f	19	3	diamond	green	same	(800, 282)	(632, 450)	hori	left	True	356964	358447	left	(800, 450)	testing
20	ky	f	19	3	diamond	red	same	(632, 450)	(800, 618)	hori	left	True	359848	360574	left	(800, 450)	testing
20	ky	f	19	3	circle	green	same	(968, 450)	(800, 618)	vert	up	True	362031	363357	up	(800, 450)	testing
20	ky	f	19	3	circle	red	dif	(632, 450)	(800, 282)	hori	left	True	364857	365646	left	(800, 450)	testing
20	ky	f	19	3	diamond	none	dif	N_dis	(800, 618)	hori	left	True	367140	367727	left	(800, 450)	testing
20	ky	f	19	3	diamond	green	same	(800, 282)	(632, 450)	vert	up	True	369249	370799	up	(800, 450)	testing
20	ky	f	19	3	circle	red	same	(968, 450)	(800, 282)	vert	up	True	372466	373198	up	(800, 450)	testing
20	ky	f	19	3	diamond	none	dif	N_dis	(968, 450)	vert	up	True	374676	375374	up	(800, 450)	testing
20	ky	f	19	3	diamond	red	dif	(800, 282)	(968, 450)	hori	left	True	376786	377439	left	(800, 450)	testing
20	ky	f	19	3	diamond	green	dif	(800, 618)	(800, 282)	vert	up	True	379042	379663	up	(800, 450)	testing
20	ky	f	19	3	diamond	red	same	(800, 618)	(800, 282)	hori	left	True	381265	381871	up	(800, 450)	testing
20	ky	f	19	3	circle	red	dif	(968, 450)	(800, 618)	vert	up	True	384841	386302	up	(800, 450)	testing
20	ky	f	19	3	circle	green	dif	(968, 450)	(632, 450)	hori	left	True	387900	388735	left	(800, 450)	testing
20	ky	f	19	3	diamond	red	same	(800, 618)	(968, 450)	vert	up	True	390385	391519	up	(800, 450)	testing
20	ky	f	19	3	diamond	none	dif	N_dis	(800, 282)	vert	up	True	393088	393807	up	(800, 450)	testing
20	ky	f	19	3	diamond	red	dif	(800, 618)	(968, 450)	hori	left	True	395414	396110	left	(800, 450)	testing
20	ky	f	19	3	diamond	none	same	N_dis	(968, 450)	hori	left	True	397705	398687	left	(800, 450)	testing
20	ky	f	19	3	diamond	green	same	(968, 450)	(632, 450)	vert	up	True	400075	401599	up	(800, 450)	testing
20	ky	f	19	3	diamond	red	dif	(632, 450)	(968, 450)	vert	up	True	403001	403806	up	(800, 450)	testing
20	ky	f	19	3	circle	red	same	(800, 282)	(968, 450)	vert	up	True	405286	406575	up	(800, 450)	testing
20	ky	f	19	3	diamond	green	same	(800, 282)	(968, 450)	vert	up	True	408051	409294	up	(800, 450)	testing
20	ky	f	19	3	circle	red	same	(632, 450)	(800, 282)	hori	left	True	410845	412221	left	(800, 450)	testing
20	ky	f	19	3	circle	red	dif	(800, 618)	(632, 450)	hori	left	True	413775	415326	left	(800, 450)	testing
20	ky	f	19	3	diamond	green	same	(968, 450)	(800, 282)	vert	up	True	416864	417855	up	(800, 450)	testing
20	ky	f	19	3	circle	green	dif	(632, 450)	(968, 450)	vert	up	True	419405	420783	left	(800, 450)	testing
20	ky	f	19	3	diamond	green	dif	(800, 282)	(632, 450)	hori	left	True	423798	425503	left	(800, 450)	testing
20	ky	f	19	3	diamond	red	same	(968, 450)	(800, 282)	vert	up	True	427093	427823	up	(800, 450)	testing
20	ky	f	19	3	diamond	red	dif	(800, 618)	(968, 450)	hori	left	True	429461	430269	left	(800, 450)	testing
20	ky	f	19	3	circle	none	same	N_dis	(800, 618)	hori	left	True	431716	433983	up	(800, 450)	testing
20	ky	f	19	3	circle	none	dif	N_dis	(800, 282)	vert	up	True	437097	438238	up	(800, 450)	testing
20	ky	f	19	3	circle	none	dif	N_dis	(800, 282)	vert	up	True	439722	440414	up	(800, 450)	testing
20	ky	f	19	3	diamond	none	same	N_dis	(632, 450)	hori	left	True	442000	443118	left	(800, 450)	testing
20	ky	f	19	3	circle	none	same	N_dis	(800, 282)	vert	up	True	444580	445919	up	(800, 450)	testing
20	ky	f	19	3	diamond	red	same	(968, 450)	(632, 450)	hori	left	True	447578	448254	left	(800, 450)	testing
20	ky	f	19	3	diamond	green	dif	(632, 450)	(968, 450)	vert	up	True	449801	450591	up	(800, 450)	testing
20	ky	f	19	3	circle	red	dif	(800, 618)	(800, 282)	hori	left	True	452064	453214	left	(800, 450)	testing
20	ky	f	19	3	circle	none	dif	N_dis	(800, 618)	hori	left	True	454691	455679	left	(800, 450)	testing
20	ky	f	19	3	circle	green	dif	(632, 450)	(800, 618)	vert	up	True	457074	457983	up	(800, 450)	testing
20	ky	f	19	3	diamond	none	same	N_dis	(632, 450)	hori	left	True	459544	460142	left	(800, 450)	testing
20	ky	f	19	3	circle	red	same	(800, 618)	(632, 450)	vert	up	True	461679	462414	up	(800, 450)	testing
20	ky	f	19	3	diamond	none	same	N_dis	(800, 618)	hori	left	True	463865	464543	left	(800, 450)	testing
20	ky	f	19	3	circle	none	same	N_dis	(632, 450)	vert	up	True	466039	467967	up	(800, 450)	testing
20	ky	f	19	3	diamond	none	dif	N_dis	(632, 450)	hori	left	True	469412	469999	left	(800, 450)	testing
20	ky	f	19	3	diamond	green	dif	(800, 282)	(800, 618)	hori	left	True	471500	472286	left	(800, 450)	testing
20	ky	f	19	3	circle	red	dif	(632, 450)	(800, 618)	vert	up	True	473842	474735	up	(800, 450)	testing
20	ky	f	19	3	circle	red	same	(968, 450)	(800, 282)	vert	up	True	476180	477679	up	(800, 450)	testing
20	ky	f	19	3	circle	green	same	(632, 450)	(800, 282)	vert	up	True	479262	480061	up	(800, 450)	testing
20	ky	f	19	3	circle	green	same	(800, 618)	(632, 450)	vert	up	True	481688	483791	up	(800, 450)	testing
20	ky	f	19	3	diamond	red	dif	(800, 282)	(800, 618)	hori	left	True	485358	486110	left	(800, 450)	testing
20	ky	f	19	3	circle	none	same	N_dis	(632, 450)	hori	left	True	487768	489310	up	(800, 450)	testing
20	ky	f	19	3	circle	green	dif	(968, 450)	(800, 618)	hori	left	True	492439	494286	left	(800, 450)	testing
20	ky	f	19	3	circle	none	dif	N_dis	(968, 450)	vert	up	True	495900	496559	up	(800, 450)	testing
20	ky	f	19	3	circle	green	same	(632, 450)	(968, 450)	hori	left	True	498099	499519	left	(800, 450)	testing
20	ky	f	19	3	circle	none	same	N_dis	(968, 450)	vert	up	True	501004	502398	up	(800, 450)	testing
20	ky	f	19	3	circle	none	dif	N_dis	(968, 450)	hori	left	True	503899	505214	left	(800, 450)	testing
20	ky	f	19	3	diamond	none	same	N_dis	(800, 282)	hori	left	True	506802	508014	left	(800, 450)	testing
20	ky	f	19	3	circle	green	same	(800, 282)	(800, 618)	vert	up	True	509387	510174	up	(800, 450)	testing
20	ky	f	19	3	diamond	green	dif	(800, 618)	(968, 450)	hori	left	True	511690	513150	left	(800, 450)	testing
20	ky	f	19	3	diamond	none	dif	N_dis	(800, 618)	hori	left	True	514551	515405	left	(800, 450)	testing
20	ky	f	19	3	circle	green	dif	(800, 282)	(968, 450)	vert	up	True	516852	517983	up	(800, 450)	testing
20	ky	f	19	3	diamond	green	same	(800, 282)	(632, 450)	vert	up	True	519483	521439	up	(800, 450)	testing
20	ky	f	19	3	diamond	red	same	(632, 450)	(800, 618)	hori	left	True	523090	524046	left	(800, 450)	testing
20	ky	f	19	3	circle	green	same	(968, 450)	(800, 618)	vert	up	True	525528	527711	up	(800, 450)	testing
20	ky	f	19	3	circle	red	dif	(632, 450)	(800, 282)	hori	left	True	529240	530126	left	(800, 450)	testing
20	ky	f	19	3	diamond	none	dif	N_dis	(800, 618)	hori	left	True	531755	532559	left	(800, 450)	testing
20	ky	f	19	3	diamond	green	same	(800, 282)	(632, 450)	vert	up	True	533995	535070	up	(800, 450)	testing
20	ky	f	19	3	circle	red	same	(968, 450)	(800, 282)	vert	up	True	536526	537983	up	(800, 450)	testing
20	ky	f	19	3	diamond	none	dif	N_dis	(968, 450)	hori	left	True	539384	540815	left	(800, 450)	testing
20	ky	f	19	3	diamond	red	dif	(800, 282)	(968, 450)	hori	left	True	542457	543439	left	(800, 450)	testing
20	ky	f	19	3	diamond	green	dif	(800, 618)	(800, 282)	vert	up	True	544869	545614	up	(800, 450)	testing
20	ky	f	19	3	diamond	red	same	(800, 618)	(800, 282)	hori	left	True	547088	547823	left	(800, 450)	testing
20	ky	f	19	3	circle	red	dif	(968, 450)	(800, 618)	vert	up	True	549467	550479	left	(800, 450)	testing
20	ky	f	19	3	circle	green	dif	(968, 450)	(632, 450)	hori	left	True	553525	554991	left	(800, 450)	testing
20	ky	f	19	3	diamond	red	same	(800, 618)	(968, 450)	hori	left	True	556608	557807	left	(800, 450)	testing
20	ky	f	19	3	diamond	none	dif	N_dis	(800, 282)	vert	up	True	559326	560045	up	(800, 450)	testing
20	ky	f	19	3	diamond	red	dif	(800, 618)	(968, 450)	hori	left	True	561534	562269	left	(800, 450)	testing
20	ky	f	19	3	diamond	none	same	N_dis	(968, 450)	vert	up	True	563704	564751	up	(800, 450)	testing
20	ky	f	19	3	diamond	green	same	(968, 450)	(632, 450)	vert	up	True	566296	568511	left	(800, 450)	testing
20	ky	f	19	3	diamond	red	dif	(632, 450)	(968, 450)	hori	left	True	571519	572238	left	(800, 450)	testing
20	ky	f	19	3	circle	red	same	(800, 282)	(968, 450)	vert	up	True	573851	575519	up	(800, 450)	testing
20	ky	f	19	3	diamond	green	same	(800, 282)	(968, 450)	vert	up	True	576944	578270	up	(800, 450)	testing
20	ky	f	19	3	circle	red	same	(632, 450)	(800, 282)	hori	left	True	579908	580751	left	(800, 450)	testing
20	ky	f	19	3	circle	red	dif	(800, 618)	(632, 450)	vert	up	True	582146	583101	up	(800, 450)	testing
20	ky	f	19	3	diamond	green	same	(968, 450)	(800, 282)	vert	up	True	584659	585535	up	(800, 450)	testing
20	ky	f	19	3	circle	green	dif	(632, 450)	(968, 450)	vert	up	True	586933	588126	up	(800, 450)	testing
20	ky	f	19	3	diamond	green	dif	(800, 282)	(632, 450)	vert	up	True	589725	590479	up	(800, 450)	testing
20	ky	f	19	3	diamond	red	same	(968, 450)	(800, 282)	hori	left	True	592053	592975	left	(800, 450)	testing
20	ky	f	19	3	diamond	red	dif	(800, 618)	(968, 450)	vert	up	True	594446	595727	up	(800, 450)	testing
20	ky	f	19	3	circle	none	same	N_dis	(800, 618)	hori	left	True	597369	598831	left	(800, 450)	testing
20	ky	f	19	3	circle	none	dif	N_dis	(800, 282)	hori	left	True	600253	601102	left	(800, 450)	testing
20	ky	f	19	3	circle	none	dif	N_dis	(800, 282)	vert	up	True	602765	603567	up	(800, 450)	testing
20	ky	f	19	3	diamond	none	same	N_dis	(632, 450)	hori	left	True	605180	605919	left	(800, 450)	testing
20	ky	f	19	3	circle	none	same	N_dis	(800, 282)	hori	left	True	607379	608991	left	(800, 450)	testing
20	ky	f	19	3	diamond	red	same	(968, 450)	(632, 450)	hori	left	True	610476	611246	left	(800, 450)	testing
20	ky	f	19	3	diamond	green	dif	(632, 450)	(968, 450)	hori	left	True	612757	613567	left	(800, 450)	testing
20	ky	f	19	3	circle	red	dif	(800, 618)	(800, 282)	vert	up	True	615219	616126	up	(800, 450)	testing
20	ky	f	19	3	circle	none	dif	N_dis	(800, 618)	vert	up	True	617749	619550	up	(800, 450)	testing
20	ky	f	19	3	circle	green	dif	(632, 450)	(800, 618)	vert	up	True	621128	622126	up	(800, 450)	testing
20	ky	f	19	3	diamond	none	same	N_dis	(632, 450)	hori	left	True	623711	624639	left	(800, 450)	testing
20	ky	f	19	3	circle	red	same	(800, 618)	(632, 450)	hori	left	True	626025	627102	left	(800, 450)	testing
20	ky	f	19	3	diamond	none	same	N_dis	(800, 618)	hori	left	True	628710	629439	left	(800, 450)	testing
20	ky	f	19	3	circle	none	same	N_dis	(632, 450)	hori	left	True	631007	631647	left	(800, 450)	testing
20	ky	f	19	3	diamond	none	dif	N_dis	(632, 450)	vert	up	True	633142	634158	up	(800, 450)	testing
20	ky	f	19	3	diamond	green	dif	(800, 282)	(800, 618)	hori	left	True	635646	636543	left	(800, 450)	testing
20	ky	f	19	3	circle	red	dif	(632, 450)	(800, 618)	vert	up	True	638180	639198	up	(800, 450)	testing
20	ky	f	19	3	circle	red	same	(968, 450)	(800, 282)	hori	left	True	640594	642270	left	(800, 450)	testing
20	ky	f	19	3	circle	green	same	(632, 450)	(800, 282)	vert	up	True	643857	645743	up	(800, 450)	testing
20	ky	f	19	3	circle	green	same	(800, 618)	(632, 450)	hori	left	True	647279	649310	left	(800, 450)	testing
20	ky	f	19	3	diamond	red	dif	(800, 282)	(800, 618)	hori	left	True	650930	651887	left	(800, 450)	testing
20	ky	f	19	3	circle	none	same	N_dis	(632, 450)	hori	left	True	653403	654831	up	(800, 450)	testing
20	ky	f	19	3	circle	green	dif	(968, 450)	(800, 618)	vert	up	True	657963	658863	up	(800, 450)	testing
20	ky	f	19	3	circle	none	dif	N_dis	(968, 450)	hori	left	True	660342	661550	left	(800, 450)	testing
20	ky	f	19	3	circle	green	same	(632, 450)	(968, 450)	vert	up	True	663018	665166	up	(800, 450)	testing
20	ky	f	19	3	circle	none	same	N_dis	(968, 450)	vert	up	True	666814	668591	up	(800, 450)	testing
20	ky	f	19	3	circle	none	dif	N_dis	(968, 450)	hori	left	True	670182	671455	left	(800, 450)	testing
20	ky	f	19	3	diamond	none	same	N_dis	(800, 282)	vert	up	True	673045	673967	up	(800, 450)	testing
20	ky	f	19	3	circle	green	same	(800, 282)	(800, 618)	hori	left	True	675511	676479	left	(800, 450)	testing
20	ky	f	19	3	diamond	green	dif	(800, 618)	(968, 450)	hori	left	True	677933	678975	left	(800, 450)	testing
20	ky	f	19	3	diamond	none	dif	N_dis	(800, 618)	vert	up	True	680473	681262	up	(800, 450)	testing
20	ky	f	19	3	circle	green	dif	(800, 282)	(968, 450)	hori	left	True	682763	683679	left	(800, 450)	testing
20	ky	f	19	3	diamond	green	same	(800, 282)	(632, 450)	vert	up	True	685131	685855	up	(800, 450)	testing
20	ky	f	19	3	diamond	red	same	(632, 450)	(800, 618)	vert	up	True	687263	688142	up	(800, 450)	testing
20	ky	f	19	3	circle	green	same	(968, 450)	(800, 618)	vert	up	True	689530	691054	up	(800, 450)	testing
20	ky	f	19	3	circle	red	dif	(632, 450)	(800, 282)	hori	left	True	692697	693855	left	(800, 450)	testing
20	ky	f	19	3	diamond	none	dif	N_dis	(800, 618)	vert	up	True	695328	696334	up	(800, 450)	testing
20	ky	f	19	3	diamond	green	same	(800, 282)	(632, 450)	hori	left	True	697912	698911	left	(800, 450)	testing
20	ky	f	19	3	circle	red	same	(968, 450)	(800, 282)	hori	left	True	700352	702463	left	(800, 450)	testing
20	ky	f	19	3	diamond	none	dif	N_dis	(968, 450)	hori	left	True	704020	704719	left	(800, 450)	testing
20	ky	f	19	3	diamond	red	dif	(800, 282)	(968, 450)	hori	left	True	706372	707038	left	(800, 450)	testing
20	ky	f	19	3	diamond	green	dif	(800, 618)	(800, 282)	vert	up	True	708576	709342	up	(800, 450)	testing
20	ky	f	19	3	diamond	red	same	(800, 618)	(800, 282)	vert	up	True	710827	711487	up	(800, 450)	testing
20	ky	f	19	3	circle	red	dif	(968, 450)	(800, 618)	hori	left	True	712958	715150	left	(800, 450)	testing
20	ky	f	19	3	circle	green	dif	(968, 450)	(632, 450)	vert	up	True	716600	718318	up	(800, 450)	testing
20	ky	f	19	3	diamond	red	same	(800, 618)	(968, 450)	vert	up	True	719878	721294	up	(800, 450)	testing
20	ky	f	19	3	diamond	none	dif	N_dis	(800, 282)	vert	up	True	722678	723342	up	(800, 450)	testing
20	ky	f	19	3	diamond	red	dif	(800, 618)	(968, 450)	vert	up	True	724828	727166	left	(800, 450)	testing
20	ky	f	19	3	diamond	none	same	N_dis	(968, 450)	hori	left	True	730079	731615	left	(800, 450)	testing
20	ky	f	19	3	diamond	green	same	(968, 450)	(632, 450)	vert	up	True	733029	733743	up	(800, 450)	testing
20	ky	f	19	3	diamond	red	dif	(632, 450)	(968, 450)	hori	left	True	735263	736062	left	(800, 450)	testing
20	ky	f	19	3	circle	red	same	(800, 282)	(968, 450)	hori	left	True	737579	739727	left	(800, 450)	testing
20	ky	f	19	3	diamond	green	same	(800, 282)	(968, 450)	hori	left	True	741351	742142	left	(800, 450)	testing
20	ky	f	19	3	circle	red	same	(632, 450)	(800, 282)	vert	up	True	743661	744607	up	(800, 450)	testing
20	ky	f	19	3	circle	red	dif	(800, 618)	(632, 450)	vert	up	True	746089	747999	up	(800, 450)	testing
20	ky	f	19	3	diamond	green	same	(968, 450)	(800, 282)	hori	left	True	749569	750527	left	(800, 450)	testing
20	ky	f	19	3	circle	green	dif	(632, 450)	(968, 450)	hori	left	True	752152	753679	up	(800, 450)	testing
20	ky	f	19	3	diamond	green	dif	(800, 282)	(632, 450)	hori	left	True	756820	757551	left	(800, 450)	testing
20	ky	f	19	3	diamond	red	same	(968, 450)	(800, 282)	hori	left	True	759006	759855	left	(800, 450)	testing
20	ky	f	19	3	diamond	red	dif	(800, 618)	(968, 450)	hori	left	True	761479	762158	left	(800, 450)	testing
20	ky	f	19	3	circle	none	same	N_dis	(800, 618)	hori	left	True	763549	765439	left	(800, 450)	testing
20	ky	f	19	3	circle	none	dif	N_dis	(800, 282)	vert	up	True	766870	767631	up	(800, 450)	testing
20	ky	f	19	3	circle	none	dif	N_dis	(800, 282)	hori	left	True	769194	771310	left	(800, 450)	testing
20	ky	f	19	3	diamond	none	same	N_dis	(632, 450)	hori	left	True	772827	773567	left	(800, 450)	testing
20	ky	f	19	3	circle	none	same	N_dis	(800, 282)	vert	up	True	775072	776607	up	(800, 450)	testing
20	ky	f	19	3	diamond	red	same	(968, 450)	(632, 450)	vert	up	True	778276	779038	left	(800, 450)	testing
20	ky	f	19	3	diamond	green	dif	(632, 450)	(968, 450)	vert	up	True	781993	783150	up	(800, 450)	testing
20	ky	f	19	3	circle	red	dif	(800, 618)	(800, 282)	vert	up	True	784760	785695	up	(800, 450)	testing
20	ky	f	19	3	circle	none	dif	N_dis	(800, 618)	hori	left	True	787072	787791	left	(800, 450)	testing
20	ky	f	19	3	circle	green	dif	(632, 450)	(800, 618)	hori	left	True	789355	790687	left	(800, 450)	testing
20	ky	f	19	3	diamond	none	same	N_dis	(632, 450)	vert	up	True	792169	792879	up	(800, 450)	testing
20	ky	f	19	3	circle	red	same	(800, 618)	(632, 450)	hori	left	True	794495	796046	left	(800, 450)	testing
20	ky	f	19	3	diamond	none	same	N_dis	(800, 618)	vert	up	True	797697	798703	up	(800, 450)	testing
20	ky	f	19	3	circle	none	same	N_dis	(632, 450)	vert	up	True	800090	801855	up	(800, 450)	testing
20	ky	f	19	3	diamond	none	dif	N_dis	(632, 450)	hori	left	True	803339	804847	left	(800, 450)	testing
20	ky	f	19	3	diamond	green	dif	(800, 282)	(800, 618)	vert	up	True	806271	807599	up	(800, 450)	testing
20	ky	f	19	3	circle	red	dif	(632, 450)	(800, 618)	vert	up	True	809103	811134	up	(800, 450)	testing
20	ky	f	19	3	circle	red	same	(968, 450)	(800, 282)	hori	left	True	812519	813647	left	(800, 450)	testing
20	ky	f	19	3	circle	green	same	(632, 450)	(800, 282)	hori	left	True	815244	817342	left	(800, 450)	testing
20	ky	f	19	3	circle	green	same	(800, 618)	(632, 450)	hori	left	True	818966	819775	left	(800, 450)	testing
20	ky	f	19	3	diamond	red	dif	(800, 282)	(800, 618)	hori	left	True	821390	822141	left	(800, 450)	testing
20	ky	f	19	3	circle	none	same	N_dis	(632, 450)	vert	up	True	823583	825150	up	(800, 450)	testing
20	ky	f	19	3	circle	green	dif	(968, 450)	(800, 618)	vert	up	True	826599	827743	up	(800, 450)	testing
20	ky	f	19	3	circle	none	dif	N_dis	(968, 450)	vert	up	True	829395	830110	up	(800, 450)	testing
20	ky	f	19	3	circle	green	same	(632, 450)	(968, 450)	vert	up	True	831668	833070	up	(800, 450)	testing
20	ky	f	19	3	circle	none	same	N_dis	(968, 450)	hori	left	True	834586	835535	left	(800, 450)	testing
20	ky	f	19	3	circle	none	dif	N_dis	(968, 450)	hori	left	True	836996	837743	left	(800, 450)	testing
20	ky	f	19	3	diamond	none	same	N_dis	(800, 282)	vert	up	True	839367	840174	up	(800, 450)	testing
20	ky	f	19	3	circle	green	same	(800, 282)	(800, 618)	hori	left	True	841723	842767	left	(800, 450)	testing
20	ky	f	19	3	diamond	green	dif	(800, 618)	(968, 450)	hori	left	True	844253	845711	left	(800, 450)	testing
20	ky	f	19	3	diamond	none	dif	N_dis	(800, 618)	vert	up	True	847111	847871	up	(800, 450)	testing
20	ky	f	19	3	circle	green	dif	(800, 282)	(968, 450)	vert	up	True	849442	850991	up	(800, 450)	testing
20	ky	f	19	3	diamond	green	same	(800, 282)	(632, 450)	vert	up	True	852483	853182	up	(800, 450)	testing
20	ky	f	19	3	diamond	red	same	(632, 450)	(800, 618)	vert	up	True	854556	855423	up	(800, 450)	testing
conf	20	ky	f	19	3	1	3	5	7	space	None	None	None	None	None	True	907447	914927	2
