subj	name	gender	age	runNum	shape	dist	td_dif	d_loc	t_loc	resp	resp_key	gotKey	startTime	respTime	resp	fix_loc	prac
21	wy	f	19	1	circle	green	dif	(968, 450)	(800, 282)	hori	left	True	101629	102941	left	(800, 450)	practice
21	wy	f	19	1	diamond	none	same	N_dis	(800, 282)	hori	left	True	104433	105676	left	(800, 450)	practice
21	wy	f	19	1	circle	red	dif	(968, 450)	(632, 450)	hori	left	True	107276	108444	left	(800, 450)	practice
21	wy	f	19	1	diamond	none	same	N_dis	(632, 450)	hori	left	True	110114	110925	left	(800, 450)	practice
21	wy	f	19	1	diamond	red	dif	(968, 450)	(800, 618)	hori	left	True	112589	113580	left	(800, 450)	practice
21	wy	f	19	1	diamond	red	dif	(968, 450)	(800, 282)	hori	left	True	115227	115949	left	(800, 450)	practice
21	wy	f	19	1	circle	green	dif	(968, 450)	(632, 450)	vert	up	True	117361	118012	left	(800, 450)	practice
21	wy	f	19	1	diamond	none	dif	N_dis	(800, 618)	hori	left	True	121150	122380	left	(800, 450)	practice
21	wy	f	19	1	circle	red	same	(968, 450)	(800, 618)	vert	up	True	124045	125436	up	(800, 450)	practice
21	wy	f	19	1	diamond	red	same	(968, 450)	(800, 282)	hori	left	True	126964	127756	left	(800, 450)	practice
21	wy	f	19	1	diamond	green	dif	(968, 450)	(632, 450)	hori	left	True	129411	130412	left	(800, 450)	practice
21	wy	f	19	1	diamond	red	dif	(968, 450)	(800, 618)	vert	up	True	131973	132941	up	(800, 450)	practice
21	wy	f	19	1	circle	none	dif	N_dis	(968, 450)	vert	up	True	134476	135212	up	(800, 450)	practice
21	wy	f	19	1	circle	red	same	(968, 450)	(800, 282)	hori	left	True	136647	137676	left	(800, 450)	practice
21	wy	f	19	1	diamond	none	same	N_dis	(968, 450)	hori	left	True	139301	140108	left	(800, 450)	practice
21	wy	f	19	1	circle	red	dif	(968, 450)	(632, 450)	hori	left	True	141772	142476	left	(800, 450)	practice
21	wy	f	19	1	circle	green	dif	(968, 450)	(800, 618)	hori	left	True	144040	145324	left	(800, 450)	practice
21	wy	f	19	1	circle	none	dif	N_dis	(968, 450)	hori	left	True	146895	147596	left	(800, 450)	practice
21	wy	f	19	1	circle	green	dif	(968, 450)	(800, 282)	hori	left	True	148980	149981	up	(800, 450)	practice
21	wy	f	19	1	diamond	none	same	N_dis	(968, 450)	vert	up	True	152925	154396	up	(800, 450)	practice
21	wy	f	19	1	diamond	green	same	(968, 450)	(632, 450)	hori	left	True	155916	156941	left	(800, 450)	practice
21	wy	f	19	1	circle	red	dif	(968, 450)	(800, 618)	hori	left	True	158433	159660	left	(800, 450)	practice
21	wy	f	19	1	diamond	red	same	(968, 450)	(800, 282)	hori	left	True	161186	162252	left	(800, 450)	practice
21	wy	f	19	1	diamond	red	dif	(968, 450)	(632, 450)	vert	up	True	163864	164764	up	(800, 450)	practice
21	wy	f	19	1	circle	red	same	(968, 450)	(800, 618)	hori	left	True	166166	167036	left	(800, 450)	practice
21	wy	f	19	1	diamond	none	same	N_dis	(632, 450)	vert	up	True	168562	169548	up	(800, 450)	practice
21	wy	f	19	1	diamond	green	dif	(968, 450)	(800, 282)	vert	up	True	171194	172348	up	(800, 450)	practice
21	wy	f	19	1	circle	green	dif	(968, 450)	(632, 450)	vert	up	True	173906	175564	up	(800, 450)	practice
21	wy	f	19	1	diamond	red	same	(968, 450)	(800, 618)	vert	up	True	177146	178380	up	(800, 450)	practice
21	wy	f	19	1	circle	green	same	(968, 450)	(800, 282)	vert	up	True	179991	180941	up	(800, 450)	practice
21	wy	f	19	1	circle	green	dif	(968, 450)	(632, 450)	hori	left	True	182491	183356	left	(800, 450)	practice
21	wy	f	19	1	diamond	red	same	(968, 450)	(800, 618)	vert	up	True	184890	185869	up	(800, 450)	practice
21	wy	f	19	1	diamond	red	same	(968, 450)	(800, 282)	vert	up	True	187316	188092	up	(800, 450)	practice
21	wy	f	19	1	circle	red	dif	(968, 450)	(632, 450)	hori	left	True	189503	190268	left	(800, 450)	practice
21	wy	f	19	1	diamond	green	dif	(968, 450)	(800, 618)	vert	up	True	191818	192796	up	(800, 450)	practice
21	wy	f	19	1	circle	green	same	(968, 450)	(800, 282)	vert	up	True	194213	196012	up	(800, 450)	practice
21	wy	f	19	1	circle	red	same	(968, 450)	(632, 450)	hori	left	True	197682	198364	left	(800, 450)	practice
21	wy	f	19	1	diamond	red	same	(968, 450)	(800, 618)	vert	up	True	199837	200764	up	(800, 450)	practice
21	wy	f	19	1	circle	green	dif	(968, 450)	(800, 282)	vert	up	True	202187	203388	up	(800, 450)	practice
21	wy	f	19	1	circle	none	same	N_dis	(800, 282)	vert	up	True	204825	206380	up	(800, 450)	practice
21	wy	f	19	1	circle	red	dif	(968, 450)	(632, 450)	hori	left	True	211736	212492	left	(800, 450)	testing
21	wy	f	19	1	diamond	none	dif	N_dis	(800, 282)	hori	left	True	214082	214716	left	(800, 450)	testing
21	wy	f	19	1	circle	red	same	(968, 450)	(632, 450)	hori	left	True	216164	217052	left	(800, 450)	testing
21	wy	f	19	1	diamond	none	dif	N_dis	(632, 450)	vert	up	True	218489	219564	up	(800, 450)	testing
21	wy	f	19	1	diamond	green	same	(968, 450)	(800, 618)	hori	left	True	221115	222172	left	(800, 450)	testing
21	wy	f	19	1	diamond	green	dif	(800, 282)	(632, 450)	vert	up	True	223592	224989	up	(800, 450)	testing
21	wy	f	19	1	circle	green	dif	(968, 450)	(800, 282)	vert	up	True	226623	228796	up	(800, 450)	testing
21	wy	f	19	1	circle	none	dif	N_dis	(632, 450)	hori	left	True	230233	231180	left	(800, 450)	testing
21	wy	f	19	1	diamond	red	same	(800, 618)	(632, 450)	vert	up	True	232816	233901	up	(800, 450)	testing
21	wy	f	19	1	circle	none	same	N_dis	(968, 450)	hori	left	True	235545	236332	left	(800, 450)	testing
21	wy	f	19	1	diamond	green	dif	(800, 282)	(632, 450)	hori	left	True	237723	238636	left	(800, 450)	testing
21	wy	f	19	1	circle	green	same	(968, 450)	(800, 282)	vert	up	True	240044	241180	up	(800, 450)	testing
21	wy	f	19	1	circle	red	dif	(800, 282)	(632, 450)	vert	up	True	242616	243660	up	(800, 450)	testing
21	wy	f	19	1	diamond	red	dif	(968, 450)	(800, 618)	hori	left	True	245240	246172	left	(800, 450)	testing
21	wy	f	19	1	circle	none	dif	N_dis	(632, 450)	hori	left	True	247703	248652	left	(800, 450)	testing
21	wy	f	19	1	diamond	green	dif	(968, 450)	(800, 282)	vert	up	True	250048	251260	up	(800, 450)	testing
21	wy	f	19	1	circle	green	same	(800, 618)	(968, 450)	vert	up	True	252780	253885	up	(800, 450)	testing
21	wy	f	19	1	diamond	none	dif	N_dis	(632, 450)	vert	up	True	255431	256284	up	(800, 450)	testing
21	wy	f	19	1	diamond	green	dif	(968, 450)	(632, 450)	vert	up	True	257657	258492	up	(800, 450)	testing
21	wy	f	19	1	diamond	green	same	(800, 282)	(968, 450)	vert	up	True	260046	261036	up	(800, 450)	testing
21	wy	f	19	1	circle	green	dif	(968, 450)	(800, 282)	vert	up	True	262672	263852	up	(800, 450)	testing
21	wy	f	19	1	diamond	green	dif	(800, 282)	(632, 450)	hori	left	True	265233	266204	left	(800, 450)	testing
21	wy	f	19	1	circle	red	dif	(968, 450)	(800, 618)	hori	left	True	267866	268764	left	(800, 450)	testing
21	wy	f	19	1	diamond	red	dif	(968, 450)	(800, 282)	vert	up	True	270288	271228	up	(800, 450)	testing
21	wy	f	19	1	diamond	none	dif	N_dis	(968, 450)	vert	up	True	272848	273644	up	(800, 450)	testing
21	wy	f	19	1	circle	green	dif	(800, 282)	(968, 450)	vert	up	True	275111	276076	up	(800, 450)	testing
21	wy	f	19	1	diamond	green	dif	(800, 282)	(968, 450)	vert	up	True	277728	278556	up	(800, 450)	testing
21	wy	f	19	1	circle	none	dif	N_dis	(800, 282)	hori	left	True	280110	280877	left	(800, 450)	testing
21	wy	f	19	1	diamond	red	same	(632, 450)	(968, 450)	hori	left	True	282446	283516	left	(800, 450)	testing
21	wy	f	19	1	circle	green	dif	(968, 450)	(632, 450)	vert	up	True	285086	286300	up	(800, 450)	testing
21	wy	f	19	1	circle	none	dif	N_dis	(800, 282)	hori	left	True	287720	288460	left	(800, 450)	testing
21	wy	f	19	1	diamond	none	dif	N_dis	(632, 450)	vert	up	True	290061	291308	up	(800, 450)	testing
21	wy	f	19	1	circle	red	same	(968, 450)	(632, 450)	vert	up	True	292709	293949	up	(800, 450)	testing
21	wy	f	19	1	diamond	red	dif	(800, 618)	(800, 282)	hori	left	True	295405	297292	left	(800, 450)	testing
21	wy	f	19	1	diamond	none	dif	N_dis	(968, 450)	vert	up	True	298804	300092	up	(800, 450)	testing
21	wy	f	19	1	circle	red	same	(632, 450)	(800, 618)	vert	up	True	301724	303052	up	(800, 450)	testing
21	wy	f	19	1	circle	red	dif	(968, 450)	(632, 450)	vert	up	True	304430	305420	up	(800, 450)	testing
21	wy	f	19	1	diamond	none	dif	N_dis	(800, 618)	hori	left	True	306947	307708	left	(800, 450)	testing
21	wy	f	19	1	diamond	red	dif	(800, 618)	(968, 450)	hori	left	True	309323	310476	left	(800, 450)	testing
21	wy	f	19	1	circle	green	same	(800, 282)	(800, 618)	vert	up	True	311875	313612	up	(800, 450)	testing
21	wy	f	19	1	diamond	none	same	N_dis	(968, 450)	hori	left	True	315120	316092	left	(800, 450)	testing
21	wy	f	19	1	circle	green	same	(968, 450)	(632, 450)	vert	up	True	317523	319340	up	(800, 450)	testing
21	wy	f	19	1	diamond	none	dif	N_dis	(800, 282)	vert	up	True	320906	322732	up	(800, 450)	testing
21	wy	f	19	1	circle	red	dif	(968, 450)	(632, 450)	vert	up	True	324188	325869	up	(800, 450)	testing
21	wy	f	19	1	diamond	none	dif	N_dis	(800, 618)	vert	up	True	327505	328828	up	(800, 450)	testing
21	wy	f	19	1	diamond	green	dif	(800, 618)	(800, 282)	hori	left	True	330260	331308	left	(800, 450)	testing
21	wy	f	19	1	circle	red	dif	(800, 618)	(968, 450)	vert	up	True	332799	333740	up	(800, 450)	testing
21	wy	f	19	1	diamond	green	same	(800, 618)	(632, 450)	hori	left	True	335201	336364	left	(800, 450)	testing
21	wy	f	19	1	diamond	green	dif	(800, 282)	(968, 450)	vert	up	True	337882	339228	up	(800, 450)	testing
21	wy	f	19	1	diamond	none	dif	N_dis	(632, 450)	vert	up	True	340654	341564	up	(800, 450)	testing
21	wy	f	19	1	diamond	red	same	(800, 618)	(800, 282)	hori	left	True	343034	343949	left	(800, 450)	testing
21	wy	f	19	1	circle	none	same	N_dis	(968, 450)	vert	up	True	345418	346861	up	(800, 450)	testing
21	wy	f	19	1	diamond	none	dif	N_dis	(800, 618)	hori	left	True	348283	349852	left	(800, 450)	testing
21	wy	f	19	1	circle	green	same	(632, 450)	(800, 618)	hori	left	True	351314	352268	left	(800, 450)	testing
21	wy	f	19	1	diamond	none	same	N_dis	(968, 450)	vert	up	True	353707	354540	up	(800, 450)	testing
21	wy	f	19	1	diamond	green	same	(800, 618)	(800, 282)	vert	up	True	356204	357548	up	(800, 450)	testing
21	wy	f	19	1	circle	green	same	(968, 450)	(632, 450)	vert	up	True	358962	360236	up	(800, 450)	testing
21	wy	f	19	1	diamond	green	same	(968, 450)	(632, 450)	vert	up	True	361648	363004	up	(800, 450)	testing
21	wy	f	19	1	diamond	red	dif	(632, 450)	(800, 282)	hori	left	True	364459	365756	left	(800, 450)	testing
21	wy	f	19	1	diamond	green	dif	(800, 282)	(800, 618)	hori	left	True	367416	368861	left	(800, 450)	testing
21	wy	f	19	1	circle	green	dif	(968, 450)	(800, 618)	vert	up	True	370495	372108	up	(800, 450)	testing
21	wy	f	19	1	diamond	none	same	N_dis	(968, 450)	hori	left	True	373559	374668	left	(800, 450)	testing
21	wy	f	19	1	diamond	red	same	(800, 618)	(632, 450)	vert	up	True	376134	378093	up	(800, 450)	testing
21	wy	f	19	1	circle	green	dif	(632, 450)	(800, 618)	vert	up	True	379676	380684	up	(800, 450)	testing
21	wy	f	19	1	circle	green	same	(968, 450)	(800, 282)	vert	up	True	382124	383229	up	(800, 450)	testing
21	wy	f	19	1	diamond	none	same	N_dis	(632, 450)	hori	left	True	384872	385772	left	(800, 450)	testing
21	wy	f	19	1	circle	red	same	(800, 282)	(800, 618)	hori	left	True	387169	388060	left	(800, 450)	testing
21	wy	f	19	1	circle	green	dif	(968, 450)	(632, 450)	vert	up	True	389626	390460	up	(800, 450)	testing
21	wy	f	19	1	diamond	none	same	N_dis	(800, 282)	vert	up	True	391935	393004	up	(800, 450)	testing
21	wy	f	19	1	circle	none	dif	N_dis	(968, 450)	hori	left	True	394554	395484	left	(800, 450)	testing
21	wy	f	19	1	circle	none	dif	N_dis	(632, 450)	hori	left	True	396964	398012	left	(800, 450)	testing
21	wy	f	19	1	circle	green	same	(968, 450)	(800, 282)	vert	up	True	399662	402412	up	(800, 450)	testing
21	wy	f	19	1	diamond	red	dif	(632, 450)	(968, 450)	hori	left	True	403799	405260	left	(800, 450)	testing
21	wy	f	19	1	diamond	none	same	N_dis	(632, 450)	hori	left	True	406686	407468	left	(800, 450)	testing
21	wy	f	19	1	diamond	none	same	N_dis	(800, 618)	hori	left	True	408863	409708	left	(800, 450)	testing
21	wy	f	19	1	circle	red	same	(800, 618)	(800, 282)	vert	up	True	411174	412652	up	(800, 450)	testing
21	wy	f	19	1	diamond	red	dif	(968, 450)	(800, 618)	hori	left	True	414309	415740	left	(800, 450)	testing
21	wy	f	19	1	circle	none	same	N_dis	(968, 450)	vert	up	True	417333	418764	up	(800, 450)	testing
21	wy	f	19	1	diamond	green	same	(968, 450)	(800, 282)	hori	left	True	420231	421436	left	(800, 450)	testing
21	wy	f	19	1	diamond	none	same	N_dis	(800, 618)	hori	left	True	423030	423997	left	(800, 450)	testing
21	wy	f	19	1	circle	green	same	(800, 282)	(632, 450)	hori	left	True	425556	426941	left	(800, 450)	testing
21	wy	f	19	1	diamond	green	same	(968, 450)	(800, 618)	vert	up	True	428399	430236	up	(800, 450)	testing
21	wy	f	19	1	diamond	red	same	(800, 282)	(800, 618)	hori	left	True	431655	432556	left	(800, 450)	testing
21	wy	f	19	1	circle	red	same	(800, 618)	(800, 282)	hori	left	True	434039	435180	left	(800, 450)	testing
21	wy	f	19	1	diamond	red	dif	(968, 450)	(800, 618)	vert	up	True	436808	437772	up	(800, 450)	testing
21	wy	f	19	1	circle	none	same	N_dis	(800, 282)	vert	up	True	439146	440828	up	(800, 450)	testing
21	wy	f	19	1	circle	none	dif	N_dis	(968, 450)	hori	left	True	442486	443308	left	(800, 450)	testing
21	wy	f	19	1	diamond	red	dif	(968, 450)	(800, 618)	hori	left	True	444719	446124	left	(800, 450)	testing
21	wy	f	19	1	circle	red	dif	(800, 618)	(968, 450)	vert	up	True	447739	449388	up	(800, 450)	testing
21	wy	f	19	1	circle	none	same	N_dis	(968, 450)	vert	up	True	450820	451708	up	(800, 450)	testing
21	wy	f	19	1	circle	none	dif	N_dis	(968, 450)	vert	up	True	453377	454284	up	(800, 450)	testing
21	wy	f	19	1	circle	red	same	(800, 618)	(632, 450)	vert	up	True	455814	457324	up	(800, 450)	testing
21	wy	f	19	1	circle	green	dif	(968, 450)	(800, 618)	vert	up	True	458808	460060	up	(800, 450)	testing
21	wy	f	19	1	diamond	none	same	N_dis	(800, 618)	hori	left	True	461557	463388	left	(800, 450)	testing
21	wy	f	19	1	circle	none	dif	N_dis	(800, 618)	vert	up	True	464861	466620	up	(800, 450)	testing
21	wy	f	19	1	circle	red	same	(968, 450)	(632, 450)	hori	left	True	468054	468909	left	(800, 450)	testing
21	wy	f	19	1	diamond	none	dif	N_dis	(800, 282)	hori	left	True	470548	471420	left	(800, 450)	testing
21	wy	f	19	1	circle	green	dif	(800, 282)	(632, 450)	vert	up	True	472927	474268	up	(800, 450)	testing
21	wy	f	19	1	diamond	red	dif	(968, 450)	(632, 450)	vert	up	True	475876	476780	up	(800, 450)	testing
21	wy	f	19	1	diamond	green	same	(800, 282)	(968, 450)	hori	left	True	478241	479452	left	(800, 450)	testing
21	wy	f	19	1	diamond	green	dif	(632, 450)	(800, 282)	vert	up	True	480850	482125	up	(800, 450)	testing
21	wy	f	19	1	diamond	none	dif	N_dis	(968, 450)	hori	left	True	483558	484396	left	(800, 450)	testing
21	wy	f	19	1	diamond	green	same	(632, 450)	(968, 450)	vert	up	True	485862	486812	up	(800, 450)	testing
21	wy	f	19	1	circle	red	dif	(632, 450)	(968, 450)	hori	left	True	488397	489244	left	(800, 450)	testing
21	wy	f	19	1	circle	red	same	(968, 450)	(800, 282)	hori	left	True	490900	491981	left	(800, 450)	testing
21	wy	f	19	1	diamond	red	dif	(800, 282)	(968, 450)	hori	left	True	493650	494588	left	(800, 450)	testing
21	wy	f	19	1	diamond	red	same	(800, 282)	(632, 450)	vert	up	True	496251	497484	up	(800, 450)	testing
21	wy	f	19	1	circle	none	dif	N_dis	(632, 450)	vert	up	True	498941	500044	up	(800, 450)	testing
21	wy	f	19	1	circle	red	same	(632, 450)	(800, 618)	hori	left	True	501550	503436	left	(800, 450)	testing
21	wy	f	19	1	circle	none	same	N_dis	(800, 282)	vert	up	True	505010	506268	up	(800, 450)	testing
21	wy	f	19	1	diamond	none	same	N_dis	(800, 282)	vert	up	True	507734	509036	up	(800, 450)	testing
21	wy	f	19	1	circle	none	same	N_dis	(968, 450)	vert	up	True	510552	512156	up	(800, 450)	testing
21	wy	f	19	1	circle	none	same	N_dis	(800, 282)	vert	up	True	513715	515036	up	(800, 450)	testing
21	wy	f	19	1	diamond	none	same	N_dis	(632, 450)	hori	left	True	516590	517708	left	(800, 450)	testing
21	wy	f	19	1	diamond	red	same	(968, 450)	(800, 282)	hori	left	True	519107	520236	left	(800, 450)	testing
21	wy	f	19	1	circle	none	dif	N_dis	(800, 282)	hori	left	True	521616	522684	left	(800, 450)	testing
21	wy	f	19	1	circle	red	dif	(968, 450)	(800, 282)	hori	left	True	524254	525308	left	(800, 450)	testing
21	wy	f	19	1	diamond	none	dif	N_dis	(632, 450)	hori	left	True	526799	527756	left	(800, 450)	testing
21	wy	f	19	1	circle	green	same	(968, 450)	(800, 282)	vert	up	True	529143	530636	up	(800, 450)	testing
21	wy	f	19	1	circle	red	dif	(800, 282)	(800, 618)	hori	left	True	532266	533372	left	(800, 450)	testing
21	wy	f	19	1	diamond	none	dif	N_dis	(800, 618)	vert	up	True	535041	536332	up	(800, 450)	testing
21	wy	f	19	1	circle	green	dif	(968, 450)	(632, 450)	hori	left	True	537848	538780	left	(800, 450)	testing
21	wy	f	19	1	circle	red	same	(968, 450)	(800, 282)	hori	left	True	540206	541148	left	(800, 450)	testing
21	wy	f	19	1	diamond	none	dif	N_dis	(800, 618)	vert	up	True	542727	543740	up	(800, 450)	testing
21	wy	f	19	1	circle	red	dif	(968, 450)	(800, 618)	hori	left	True	545353	546188	left	(800, 450)	testing
21	wy	f	19	1	circle	none	dif	N_dis	(968, 450)	vert	up	True	547841	548700	up	(800, 450)	testing
21	wy	f	19	1	circle	green	dif	(632, 450)	(800, 618)	vert	up	True	550339	551517	up	(800, 450)	testing
21	wy	f	19	1	circle	red	same	(800, 618)	(800, 282)	vert	up	True	553014	553981	up	(800, 450)	testing
21	wy	f	19	1	circle	none	dif	N_dis	(968, 450)	hori	left	True	555437	556268	left	(800, 450)	testing
21	wy	f	19	1	diamond	green	same	(968, 450)	(632, 450)	hori	left	True	557904	558861	left	(800, 450)	testing
21	wy	f	19	1	circle	green	dif	(968, 450)	(632, 450)	hori	left	True	560436	561340	left	(800, 450)	testing
21	wy	f	19	1	circle	green	same	(632, 450)	(968, 450)	vert	up	True	562808	564732	up	(800, 450)	testing
21	wy	f	19	1	circle	none	dif	N_dis	(800, 618)	vert	up	True	566274	567084	up	(800, 450)	testing
21	wy	f	19	1	circle	none	same	N_dis	(632, 450)	vert	up	True	568755	569500	up	(800, 450)	testing
21	wy	f	19	1	diamond	red	same	(968, 450)	(800, 618)	vert	up	True	571171	572540	up	(800, 450)	testing
21	wy	f	19	1	circle	red	same	(968, 450)	(800, 618)	vert	up	True	573925	574893	up	(800, 450)	testing
21	wy	f	19	1	diamond	none	dif	N_dis	(800, 282)	vert	up	True	576275	577148	up	(800, 450)	testing
21	wy	f	19	1	diamond	green	dif	(968, 450)	(800, 618)	hori	left	True	578644	580508	left	(800, 450)	testing
21	wy	f	19	1	diamond	red	dif	(800, 618)	(632, 450)	hori	left	True	581892	583116	left	(800, 450)	testing
21	wy	f	19	1	circle	none	dif	N_dis	(800, 618)	vert	up	True	584766	586140	up	(800, 450)	testing
21	wy	f	19	1	circle	none	same	N_dis	(632, 450)	hori	left	True	587604	588588	left	(800, 450)	testing
21	wy	f	19	1	circle	green	same	(632, 450)	(968, 450)	vert	up	True	589978	591788	up	(800, 450)	testing
21	wy	f	19	1	diamond	green	same	(800, 282)	(632, 450)	hori	left	True	593330	594508	left	(800, 450)	testing
21	wy	f	19	1	circle	red	same	(632, 450)	(800, 618)	vert	up	True	595997	597404	up	(800, 450)	testing
21	wy	f	19	1	diamond	none	same	N_dis	(800, 618)	vert	up	True	598971	600748	up	(800, 450)	testing
21	wy	f	19	1	circle	red	dif	(968, 450)	(800, 282)	vert	up	True	602217	603708	up	(800, 450)	testing
21	wy	f	19	1	diamond	red	same	(968, 450)	(800, 282)	hori	left	True	605371	606764	left	(800, 450)	testing
21	wy	f	19	1	diamond	none	same	N_dis	(632, 450)	hori	left	True	608410	609228	left	(800, 450)	testing
21	wy	f	19	1	circle	green	same	(800, 282)	(800, 618)	hori	left	True	610657	611917	left	(800, 450)	testing
21	wy	f	19	1	diamond	red	same	(968, 450)	(800, 618)	hori	left	True	613483	614380	left	(800, 450)	testing
21	wy	f	19	1	diamond	none	same	N_dis	(632, 450)	vert	up	True	615892	616764	up	(800, 450)	testing
21	wy	f	19	1	diamond	none	dif	N_dis	(800, 618)	vert	up	True	618157	618941	up	(800, 450)	testing
21	wy	f	19	1	diamond	red	dif	(800, 282)	(632, 450)	hori	left	True	620516	621212	left	(800, 450)	testing
21	wy	f	19	1	circle	red	same	(632, 450)	(800, 282)	hori	left	True	622640	624076	left	(800, 450)	testing
21	wy	f	19	1	diamond	none	same	N_dis	(800, 282)	vert	up	True	625653	626524	up	(800, 450)	testing
21	wy	f	19	1	circle	green	dif	(968, 450)	(800, 282)	hori	left	True	628148	629116	left	(800, 450)	testing
21	wy	f	19	1	diamond	red	dif	(632, 450)	(800, 282)	hori	left	True	630689	631660	left	(800, 450)	testing
21	wy	f	19	1	diamond	green	dif	(632, 450)	(800, 618)	hori	left	True	633110	634108	left	(800, 450)	testing
21	wy	f	19	1	circle	none	dif	N_dis	(800, 282)	vert	up	True	635694	637548	up	(800, 450)	testing
21	wy	f	19	1	circle	green	same	(968, 450)	(632, 450)	vert	up	True	639013	640060	up	(800, 450)	testing
21	wy	f	19	1	circle	green	same	(968, 450)	(632, 450)	vert	up	True	641482	642364	up	(800, 450)	testing
21	wy	f	19	1	circle	red	dif	(800, 282)	(968, 450)	vert	up	True	643757	645436	up	(800, 450)	testing
21	wy	f	19	1	diamond	green	dif	(800, 618)	(800, 282)	vert	up	True	646965	648092	up	(800, 450)	testing
21	wy	f	19	1	diamond	green	dif	(968, 450)	(632, 450)	hori	left	True	649718	650812	left	(800, 450)	testing
21	wy	f	19	1	circle	none	same	N_dis	(800, 618)	hori	left	True	652340	653180	left	(800, 450)	testing
21	wy	f	19	1	diamond	none	same	N_dis	(800, 282)	hori	left	True	654613	655628	left	(800, 450)	testing
21	wy	f	19	1	diamond	green	same	(632, 450)	(968, 450)	hori	left	True	657262	658540	left	(800, 450)	testing
21	wy	f	19	1	circle	none	same	N_dis	(800, 618)	hori	left	True	659941	661260	left	(800, 450)	testing
21	wy	f	19	1	circle	red	same	(800, 618)	(968, 450)	hori	left	True	662888	664140	left	(800, 450)	testing
21	wy	f	19	1	diamond	none	same	N_dis	(800, 618)	hori	left	True	665793	667772	left	(800, 450)	testing
21	wy	f	19	1	circle	none	dif	N_dis	(800, 282)	hori	left	True	669441	671164	left	(800, 450)	testing
21	wy	f	19	1	diamond	green	same	(800, 282)	(968, 450)	hori	left	True	672699	673965	left	(800, 450)	testing
21	wy	f	19	1	diamond	red	same	(800, 618)	(800, 282)	hori	left	True	675472	676524	left	(800, 450)	testing
21	wy	f	19	1	diamond	green	dif	(632, 450)	(800, 282)	hori	left	True	678073	679324	left	(800, 450)	testing
21	wy	f	19	1	circle	green	dif	(968, 450)	(800, 618)	vert	up	True	680815	682524	up	(800, 450)	testing
21	wy	f	19	1	circle	red	dif	(968, 450)	(632, 450)	vert	up	True	684000	685165	up	(800, 450)	testing
21	wy	f	19	1	diamond	red	dif	(632, 450)	(968, 450)	vert	up	True	686582	688572	up	(800, 450)	testing
21	wy	f	19	1	diamond	green	same	(632, 450)	(800, 618)	hori	left	True	690163	691356	left	(800, 450)	testing
21	wy	f	19	1	circle	none	dif	N_dis	(632, 450)	hori	left	True	692849	693804	left	(800, 450)	testing
21	wy	f	19	1	circle	green	dif	(968, 450)	(800, 282)	hori	left	True	695429	697228	left	(800, 450)	testing
21	wy	f	19	1	circle	green	dif	(968, 450)	(632, 450)	vert	up	True	698783	700156	up	(800, 450)	testing
21	wy	f	19	1	circle	green	same	(800, 618)	(800, 282)	vert	up	True	701640	702700	up	(800, 450)	testing
21	wy	f	19	1	diamond	red	dif	(800, 282)	(800, 618)	hori	left	True	704295	705580	left	(800, 450)	testing
21	wy	f	19	1	circle	red	same	(632, 450)	(800, 282)	hori	left	True	707230	708925	left	(800, 450)	testing
21	wy	f	19	1	diamond	red	same	(968, 450)	(800, 618)	vert	up	True	710403	711340	up	(800, 450)	testing
21	wy	f	19	1	circle	red	dif	(632, 450)	(800, 282)	hori	left	True	712795	714092	left	(800, 450)	testing
21	wy	f	19	1	diamond	none	same	N_dis	(968, 450)	hori	left	True	715738	716636	left	(800, 450)	testing
21	wy	f	19	1	circle	none	same	N_dis	(800, 282)	vert	up	True	718154	719452	up	(800, 450)	testing
21	wy	f	19	1	circle	green	dif	(800, 282)	(800, 618)	hori	left	True	721105	721852	left	(800, 450)	testing
21	wy	f	19	1	diamond	green	dif	(968, 450)	(800, 282)	vert	up	True	723418	724877	up	(800, 450)	testing
21	wy	f	19	1	diamond	green	same	(968, 450)	(800, 618)	hori	left	True	726435	727452	left	(800, 450)	testing
21	wy	f	19	1	circle	red	dif	(968, 450)	(800, 618)	vert	up	True	729044	729901	up	(800, 450)	testing
21	wy	f	19	1	diamond	red	dif	(968, 450)	(800, 618)	hori	left	True	731494	732524	left	(800, 450)	testing
21	wy	f	19	1	circle	green	dif	(632, 450)	(968, 450)	vert	up	True	734005	734877	up	(800, 450)	testing
21	wy	f	19	1	diamond	none	same	N_dis	(632, 450)	hori	left	True	736251	737148	left	(800, 450)	testing
21	wy	f	19	1	diamond	red	same	(968, 450)	(800, 618)	hori	left	True	738574	739484	left	(800, 450)	testing
21	wy	f	19	1	diamond	green	same	(632, 450)	(968, 450)	vert	up	True	740937	741612	up	(800, 450)	testing
21	wy	f	19	1	diamond	green	same	(968, 450)	(632, 450)	hori	left	True	743038	743580	left	(800, 450)	testing
21	wy	f	19	1	diamond	red	same	(968, 450)	(800, 282)	vert	up	True	745153	745949	up	(800, 450)	testing
21	wy	f	19	1	diamond	green	dif	(968, 450)	(632, 450)	vert	up	True	747359	748028	up	(800, 450)	testing
21	wy	f	19	1	circle	none	same	N_dis	(800, 618)	vert	up	True	749473	750300	up	(800, 450)	testing
21	wy	f	19	1	diamond	none	same	N_dis	(800, 282)	hori	left	True	751906	753212	left	(800, 450)	testing
21	wy	f	19	1	circle	green	same	(968, 450)	(800, 282)	hori	left	True	754813	757468	left	(800, 450)	testing
21	wy	f	19	1	diamond	red	dif	(968, 450)	(800, 618)	vert	up	True	759036	760140	up	(800, 450)	testing
21	wy	f	19	1	circle	red	same	(968, 450)	(800, 618)	vert	up	True	761672	763213	up	(800, 450)	testing
21	wy	f	19	1	circle	green	same	(968, 450)	(800, 282)	vert	up	True	764722	766380	up	(800, 450)	testing
21	wy	f	19	1	diamond	green	same	(800, 282)	(968, 450)	vert	up	True	767917	769468	up	(800, 450)	testing
21	wy	f	19	1	diamond	none	same	N_dis	(632, 450)	vert	up	True	771041	772156	up	(800, 450)	testing
21	wy	f	19	1	diamond	green	dif	(800, 618)	(632, 450)	hori	left	True	773568	774877	left	(800, 450)	testing
21	wy	f	19	1	circle	none	same	N_dis	(800, 618)	hori	left	True	776281	777340	left	(800, 450)	testing
21	wy	f	19	1	circle	none	same	N_dis	(968, 450)	vert	up	True	778966	779628	up	(800, 450)	testing
21	wy	f	19	1	diamond	red	dif	(800, 282)	(800, 618)	hori	left	True	781243	782076	left	(800, 450)	testing
21	wy	f	19	1	diamond	none	dif	N_dis	(632, 450)	vert	up	True	783728	784524	up	(800, 450)	testing
21	wy	f	19	1	circle	green	dif	(632, 450)	(968, 450)	vert	up	True	786195	787228	left	(800, 450)	testing
21	wy	f	19	1	diamond	red	dif	(800, 618)	(968, 450)	hori	left	True	790286	791548	left	(800, 450)	testing
21	wy	f	19	1	circle	red	same	(632, 450)	(800, 618)	vert	up	True	793024	794621	up	(800, 450)	testing
21	wy	f	19	1	circle	none	same	N_dis	(968, 450)	vert	up	True	796154	797052	up	(800, 450)	testing
21	wy	f	19	1	circle	red	same	(800, 282)	(800, 618)	hori	left	True	798604	799484	left	(800, 450)	testing
21	wy	f	19	1	circle	red	same	(800, 618)	(968, 450)	vert	up	True	800909	801724	up	(800, 450)	testing
21	wy	f	19	1	diamond	none	same	N_dis	(968, 450)	hori	left	True	803111	804156	left	(800, 450)	testing
21	wy	f	19	1	circle	red	same	(968, 450)	(800, 282)	vert	up	True	805619	807148	up	(800, 450)	testing
21	wy	f	19	1	circle	green	same	(968, 450)	(800, 282)	hori	left	True	808718	809452	left	(800, 450)	testing
21	wy	f	19	1	diamond	none	dif	N_dis	(800, 282)	hori	left	True	810871	812108	left	(800, 450)	testing
21	wy	f	19	1	circle	none	same	N_dis	(968, 450)	hori	left	True	813645	814492	left	(800, 450)	testing
21	wy	f	19	1	diamond	green	dif	(968, 450)	(800, 618)	hori	left	True	816023	816957	left	(800, 450)	testing
21	wy	f	19	1	diamond	green	dif	(968, 450)	(800, 618)	hori	left	True	818618	819436	left	(800, 450)	testing
21	wy	f	19	1	circle	none	same	N_dis	(800, 282)	hori	left	True	820839	821788	left	(800, 450)	testing
21	wy	f	19	1	diamond	none	dif	N_dis	(800, 618)	hori	left	True	823303	824028	left	(800, 450)	testing
21	wy	f	19	1	diamond	none	dif	N_dis	(968, 450)	hori	left	True	825559	826348	left	(800, 450)	testing
21	wy	f	19	1	circle	red	dif	(968, 450)	(632, 450)	hori	left	True	827934	828668	left	(800, 450)	testing
21	wy	f	19	1	circle	none	dif	N_dis	(800, 282)	hori	left	True	830312	831036	left	(800, 450)	testing
21	wy	f	19	1	circle	none	dif	N_dis	(632, 450)	vert	up	True	832426	833228	up	(800, 450)	testing
21	wy	f	19	1	diamond	red	same	(968, 450)	(800, 282)	vert	up	True	834667	835532	up	(800, 450)	testing
21	wy	f	19	1	diamond	green	same	(968, 450)	(632, 450)	hori	left	True	837160	837917	left	(800, 450)	testing
21	wy	f	19	1	circle	none	dif	N_dis	(800, 282)	hori	left	True	839519	840380	left	(800, 450)	testing
21	wy	f	19	1	circle	red	dif	(800, 282)	(800, 618)	hori	left	True	841980	842748	left	(800, 450)	testing
21	wy	f	19	1	circle	none	same	N_dis	(632, 450)	vert	up	True	844173	845292	up	(800, 450)	testing
21	wy	f	19	1	diamond	none	same	N_dis	(968, 450)	vert	up	True	846871	848460	up	(800, 450)	testing
21	wy	f	19	1	circle	red	same	(800, 282)	(632, 450)	vert	up	True	849916	850764	up	(800, 450)	testing
21	wy	f	19	1	circle	green	same	(800, 618)	(632, 450)	hori	left	True	852366	853308	left	(800, 450)	testing
21	wy	f	19	1	circle	red	same	(968, 450)	(800, 618)	vert	up	True	854782	855676	up	(800, 450)	testing
21	wy	f	19	1	circle	none	dif	N_dis	(800, 618)	vert	up	True	857203	858204	up	(800, 450)	testing
21	wy	f	19	1	diamond	red	same	(632, 450)	(800, 618)	vert	up	True	859839	861020	up	(800, 450)	testing
21	wy	f	19	1	diamond	none	same	N_dis	(800, 282)	hori	left	True	862478	863420	left	(800, 450)	testing
21	wy	f	19	1	circle	red	dif	(800, 618)	(632, 450)	vert	up	True	864883	866492	up	(800, 450)	testing
21	wy	f	19	1	diamond	red	dif	(968, 450)	(632, 450)	vert	up	True	867889	868716	up	(800, 450)	testing
21	wy	f	19	1	circle	green	dif	(632, 450)	(800, 618)	hori	left	True	870385	871228	left	(800, 450)	testing
21	wy	f	19	1	circle	green	dif	(632, 450)	(800, 282)	hori	left	True	872862	873788	left	(800, 450)	testing
21	wy	f	19	1	circle	none	dif	N_dis	(800, 282)	hori	left	True	875428	876172	left	(800, 450)	testing
21	wy	f	19	1	circle	red	dif	(800, 618)	(968, 450)	vert	up	True	877555	878540	up	(800, 450)	testing
21	wy	f	19	1	circle	green	same	(800, 618)	(968, 450)	vert	up	True	880173	881404	up	(800, 450)	testing
21	wy	f	19	1	circle	red	dif	(968, 450)	(800, 618)	hori	left	True	883072	884412	left	(800, 450)	testing
21	wy	f	19	1	circle	red	same	(800, 282)	(968, 450)	hori	left	True	885907	886732	left	(800, 450)	testing
21	wy	f	19	1	diamond	none	dif	N_dis	(800, 618)	vert	up	True	888401	889644	up	(800, 450)	testing
21	wy	f	19	1	diamond	red	dif	(968, 450)	(800, 618)	vert	up	True	891118	891965	up	(800, 450)	testing
21	wy	f	19	1	circle	green	same	(632, 450)	(800, 282)	vert	up	True	893587	894572	up	(800, 450)	testing
21	wy	f	19	1	diamond	green	same	(632, 450)	(800, 282)	hori	left	True	896167	897500	left	(800, 450)	testing
21	wy	f	19	1	circle	none	dif	N_dis	(968, 450)	hori	left	True	898935	900156	left	(800, 450)	testing
21	wy	f	19	1	circle	green	dif	(968, 450)	(800, 282)	hori	left	True	901659	903485	left	(800, 450)	testing
21	wy	f	19	1	diamond	red	same	(800, 282)	(632, 450)	hori	left	True	905138	906941	left	(800, 450)	testing
21	wy	f	19	1	diamond	green	same	(968, 450)	(800, 618)	vert	up	True	908461	910300	up	(800, 450)	testing
21	wy	f	19	1	diamond	green	dif	(800, 282)	(632, 450)	vert	up	True	911775	913308	up	(800, 450)	testing
21	wy	f	19	1	diamond	none	dif	N_dis	(632, 450)	vert	up	True	914981	915949	up	(800, 450)	testing
21	wy	f	19	1	diamond	green	dif	(968, 450)	(632, 450)	vert	up	True	917583	918284	up	(800, 450)	testing
21	wy	f	19	1	circle	none	same	N_dis	(800, 618)	hori	left	True	919704	921148	left	(800, 450)	testing
21	wy	f	19	1	diamond	red	same	(800, 618)	(968, 450)	vert	up	True	922815	924668	up	(800, 450)	testing
21	wy	f	19	1	circle	red	dif	(632, 450)	(800, 618)	vert	up	True	926319	927196	up	(800, 450)	testing
21	wy	f	19	1	circle	none	dif	N_dis	(800, 282)	hori	left	True	928582	929405	left	(800, 450)	testing
21	wy	f	19	1	circle	green	same	(632, 450)	(800, 282)	vert	up	True	930836	932332	up	(800, 450)	testing
21	wy	f	19	1	diamond	red	dif	(968, 450)	(800, 618)	hori	left	True	933980	935068	left	(800, 450)	testing
21	wy	f	19	1	diamond	red	same	(968, 450)	(800, 618)	hori	left	True	936524	937372	left	(800, 450)	testing
21	wy	f	19	1	circle	red	dif	(800, 618)	(632, 450)	vert	up	True	938792	940028	up	(800, 450)	testing
21	wy	f	19	1	diamond	red	same	(968, 450)	(800, 282)	vert	up	True	941577	942588	up	(800, 450)	testing
21	wy	f	19	1	diamond	red	same	(968, 450)	(632, 450)	hori	left	True	943975	944780	left	(800, 450)	testing
21	wy	f	19	1	circle	none	same	N_dis	(632, 450)	vert	up	True	946362	947612	left	(800, 450)	testing
21	wy	f	19	1	circle	red	dif	(800, 618)	(968, 450)	vert	up	True	950712	952396	up	(800, 450)	testing
21	wy	f	19	1	diamond	green	same	(800, 282)	(968, 450)	vert	up	True	953942	955372	up	(800, 450)	testing
21	wy	f	19	1	diamond	red	same	(800, 618)	(632, 450)	vert	up	True	956902	958428	up	(800, 450)	testing
21	wy	f	19	1	diamond	red	same	(800, 618)	(800, 282)	vert	up	True	960076	961196	up	(800, 450)	testing
21	wy	f	19	1	circle	none	same	N_dis	(800, 618)	hori	left	True	962758	964140	left	(800, 450)	testing
21	wy	f	19	1	circle	green	same	(968, 450)	(800, 282)	vert	up	True	965701	967116	up	(800, 450)	testing
21	wy	f	19	1	circle	green	dif	(968, 450)	(632, 450)	hori	left	True	968627	969756	left	(800, 450)	testing
21	wy	f	19	1	circle	green	same	(800, 618)	(968, 450)	vert	up	True	971343	972444	up	(800, 450)	testing
21	wy	f	19	1	circle	none	same	N_dis	(800, 618)	hori	left	True	974048	975132	left	(800, 450)	testing
21	wy	f	19	1	diamond	green	dif	(968, 450)	(632, 450)	hori	left	True	976523	977836	left	(800, 450)	testing
21	wy	f	19	1	circle	green	dif	(968, 450)	(800, 282)	hori	left	True	979392	980412	left	(800, 450)	testing
21	wy	f	19	1	diamond	red	same	(968, 450)	(800, 282)	hori	left	True	981996	982989	left	(800, 450)	testing
21	wy	f	19	1	diamond	green	same	(800, 282)	(800, 618)	vert	up	True	984635	985901	up	(800, 450)	testing
21	wy	f	19	1	diamond	none	same	N_dis	(968, 450)	hori	left	True	987372	988476	left	(800, 450)	testing
21	wy	f	19	1	diamond	red	dif	(632, 450)	(968, 450)	vert	up	True	990057	991708	up	(800, 450)	testing
21	wy	f	19	1	diamond	green	dif	(632, 450)	(800, 282)	hori	left	True	993096	994300	left	(800, 450)	testing
21	wy	f	19	1	diamond	green	same	(800, 618)	(800, 282)	hori	left	True	995897	997101	left	(800, 450)	testing
21	wy	f	19	1	circle	green	dif	(800, 282)	(968, 450)	vert	up	True	998744	999869	up	(800, 450)	testing
21	wy	f	19	1	diamond	none	dif	N_dis	(632, 450)	hori	left	True	1001534	1002269	left	(800, 450)	testing
21	wy	f	19	1	circle	none	same	N_dis	(800, 618)	hori	left	True	1003823	1004508	left	(800, 450)	testing
21	wy	f	19	1	diamond	red	dif	(968, 450)	(800, 282)	vert	up	True	1005980	1006925	up	(800, 450)	testing
21	wy	f	19	1	diamond	red	same	(800, 618)	(632, 450)	vert	up	True	1008553	1009740	up	(800, 450)	testing
21	wy	f	19	1	circle	red	dif	(800, 618)	(632, 450)	hori	left	True	1011239	1012140	left	(800, 450)	testing
21	wy	f	19	1	diamond	green	dif	(968, 450)	(800, 282)	vert	up	True	1013803	1014636	up	(800, 450)	testing
21	wy	f	19	1	diamond	green	same	(968, 450)	(632, 450)	vert	up	True	1016307	1017004	up	(800, 450)	testing
