subj	name	gender	age	runNum	shape	dist	td_dif	d_loc	t_loc	resp	resp_key	gotKey	startTime	respTime	resp	fix_loc	prac
22	wc	f	19	3	diamond	green	same	(968, 450)	(800, 282)	vert	up	True	22561	23694	up	(800, 450)	testing
22	wc	f	19	3	circle	none	same	N_dis	(800, 618)	vert	up	True	25280	25966	up	(800, 450)	testing
22	wc	f	19	3	circle	red	dif	(632, 450)	(968, 450)	vert	up	True	27514	28302	up	(800, 450)	testing
22	wc	f	19	3	circle	none	dif	N_dis	(800, 282)	hori	left	True	29737	30302	left	(800, 450)	testing
22	wc	f	19	3	circle	red	same	(968, 450)	(632, 450)	vert	up	True	31828	33117	up	(800, 450)	testing
22	wc	f	19	3	diamond	none	dif	N_dis	(632, 450)	vert	up	True	34679	35598	up	(800, 450)	testing
22	wc	f	19	3	diamond	red	dif	(968, 450)	(800, 282)	vert	up	True	37103	37886	up	(800, 450)	testing
22	wc	f	19	3	circle	red	same	(800, 282)	(800, 618)	hori	left	True	39389	40222	left	(800, 450)	testing
22	wc	f	19	3	diamond	green	dif	(800, 282)	(800, 618)	hori	left	True	41818	42734	left	(800, 450)	testing
22	wc	f	19	3	diamond	none	dif	N_dis	(632, 450)	hori	left	True	44174	44878	left	(800, 450)	testing
22	wc	f	19	3	diamond	green	same	(632, 450)	(800, 282)	vert	up	True	46462	47005	up	(800, 450)	testing
22	wc	f	19	3	diamond	red	same	(800, 282)	(968, 450)	vert	up	True	48505	49150	up	(800, 450)	testing
22	wc	f	19	3	circle	red	dif	(968, 450)	(632, 450)	vert	up	True	50726	51390	up	(800, 450)	testing
22	wc	f	19	3	circle	none	dif	N_dis	(632, 450)	vert	up	True	52849	53710	up	(800, 450)	testing
22	wc	f	19	3	circle	none	dif	N_dis	(968, 450)	hori	left	True	55336	56029	left	(800, 450)	testing
22	wc	f	19	3	circle	red	dif	(632, 450)	(800, 282)	hori	left	True	57656	58430	left	(800, 450)	testing
22	wc	f	19	3	diamond	red	same	(800, 282)	(968, 450)	hori	left	True	59846	60750	left	(800, 450)	testing
22	wc	f	19	3	circle	green	dif	(800, 618)	(632, 450)	hori	left	True	62274	63021	left	(800, 450)	testing
22	wc	f	19	3	circle	red	dif	(800, 282)	(632, 450)	hori	left	True	64406	65150	left	(800, 450)	testing
22	wc	f	19	3	diamond	none	same	N_dis	(800, 618)	hori	left	True	66603	67262	left	(800, 450)	testing
22	wc	f	19	3	diamond	none	dif	N_dis	(800, 282)	vert	up	True	68877	69566	up	(800, 450)	testing
22	wc	f	19	3	circle	red	same	(800, 282)	(968, 450)	vert	up	True	71146	71918	up	(800, 450)	testing
22	wc	f	19	3	diamond	red	same	(800, 618)	(800, 282)	vert	up	True	73590	74190	up	(800, 450)	testing
22	wc	f	19	3	diamond	none	same	N_dis	(800, 618)	hori	left	True	75761	76590	left	(800, 450)	testing
22	wc	f	19	3	diamond	none	same	N_dis	(968, 450)	hori	left	True	78015	78846	left	(800, 450)	testing
22	wc	f	19	3	diamond	red	same	(968, 450)	(800, 282)	vert	up	True	80503	81406	up	(800, 450)	testing
22	wc	f	19	3	diamond	none	dif	N_dis	(800, 282)	hori	left	True	82894	83710	left	(800, 450)	testing
22	wc	f	19	3	circle	green	dif	(800, 618)	(968, 450)	hori	left	True	85190	86174	left	(800, 450)	testing
22	wc	f	19	3	circle	none	dif	N_dis	(800, 282)	hori	left	True	87761	88814	left	(800, 450)	testing
22	wc	f	19	3	circle	green	dif	(968, 450)	(800, 618)	hori	left	True	90370	91326	left	(800, 450)	testing
22	wc	f	19	3	diamond	green	dif	(968, 450)	(632, 450)	hori	left	True	92962	93742	left	(800, 450)	testing
22	wc	f	19	3	diamond	none	same	N_dis	(968, 450)	hori	left	True	95179	96013	left	(800, 450)	testing
22	wc	f	19	3	circle	red	same	(968, 450)	(800, 618)	vert	up	True	97507	98830	up	(800, 450)	testing
22	wc	f	19	3	diamond	red	same	(800, 282)	(800, 618)	vert	up	True	100401	101230	up	(800, 450)	testing
22	wc	f	19	3	circle	green	same	(632, 450)	(968, 450)	hori	left	True	102826	103598	left	(800, 450)	testing
22	wc	f	19	3	diamond	red	dif	(800, 618)	(968, 450)	vert	up	True	105132	106029	up	(800, 450)	testing
22	wc	f	19	3	diamond	green	dif	(968, 450)	(800, 282)	hori	left	True	107603	108638	left	(800, 450)	testing
22	wc	f	19	3	circle	green	same	(632, 450)	(968, 450)	hori	left	True	110088	111085	left	(800, 450)	testing
22	wc	f	19	3	circle	none	same	N_dis	(968, 450)	hori	left	True	112552	113390	left	(800, 450)	testing
22	wc	f	19	3	diamond	red	dif	(800, 282)	(968, 450)	vert	up	True	114965	115982	up	(800, 450)	testing
22	wc	f	19	3	diamond	green	same	(968, 450)	(800, 618)	hori	left	True	117452	118350	left	(800, 450)	testing
22	wc	f	19	3	circle	red	same	(632, 450)	(800, 618)	hori	left	True	119815	121534	left	(800, 450)	testing
22	wc	f	19	3	circle	green	same	(632, 450)	(800, 618)	vert	up	True	123153	123934	up	(800, 450)	testing
22	wc	f	19	3	circle	green	dif	(800, 282)	(632, 450)	vert	up	True	125562	126478	up	(800, 450)	testing
22	wc	f	19	3	diamond	red	dif	(800, 618)	(968, 450)	hori	left	True	127894	128974	left	(800, 450)	testing
22	wc	f	19	3	circle	green	same	(800, 618)	(632, 450)	hori	left	True	130472	131358	left	(800, 450)	testing
22	wc	f	19	3	circle	green	dif	(800, 618)	(800, 282)	vert	up	True	132991	133726	up	(800, 450)	testing
22	wc	f	19	3	diamond	green	dif	(800, 618)	(632, 450)	hori	left	True	135380	136302	left	(800, 450)	testing
22	wc	f	19	3	diamond	red	dif	(632, 450)	(968, 450)	vert	up	True	137711	138414	up	(800, 450)	testing
22	wc	f	19	3	diamond	none	same	N_dis	(800, 618)	hori	left	True	139798	140526	left	(800, 450)	testing
22	wc	f	19	3	circle	none	same	N_dis	(800, 618)	vert	up	True	142066	143806	up	(800, 450)	testing
22	wc	f	19	3	diamond	green	same	(800, 618)	(800, 282)	vert	up	True	145369	146910	up	(800, 450)	testing
22	wc	f	19	3	diamond	green	dif	(632, 450)	(800, 618)	hori	left	True	148528	150045	left	(800, 450)	testing
22	wc	f	19	3	circle	none	same	N_dis	(632, 450)	vert	up	True	151510	152462	up	(800, 450)	testing
22	wc	f	19	3	circle	none	dif	N_dis	(968, 450)	vert	up	True	154088	154894	up	(800, 450)	testing
22	wc	f	19	3	circle	red	dif	(800, 282)	(632, 450)	hori	left	True	156283	157166	left	(800, 450)	testing
22	wc	f	19	3	circle	none	same	N_dis	(632, 450)	hori	left	True	158597	159230	left	(800, 450)	testing
22	wc	f	19	3	circle	green	same	(632, 450)	(800, 282)	hori	left	True	160680	161278	up	(800, 450)	testing
22	wc	f	19	3	diamond	green	same	(800, 618)	(968, 450)	hori	left	True	164282	165646	left	(800, 450)	testing
22	wc	f	19	3	diamond	none	dif	N_dis	(800, 282)	vert	up	True	167123	167838	up	(800, 450)	testing
22	wc	f	19	3	diamond	green	same	(968, 450)	(800, 282)	hori	left	True	169338	170254	left	(800, 450)	testing
22	wc	f	19	3	circle	none	same	N_dis	(800, 618)	vert	up	True	171701	172686	up	(800, 450)	testing
22	wc	f	19	3	circle	red	dif	(632, 450)	(968, 450)	vert	up	True	174093	174846	up	(800, 450)	testing
22	wc	f	19	3	circle	none	dif	N_dis	(800, 282)	hori	left	True	176389	177390	left	(800, 450)	testing
22	wc	f	19	3	circle	red	same	(968, 450)	(632, 450)	vert	up	True	178925	179646	up	(800, 450)	testing
22	wc	f	19	3	diamond	none	dif	N_dis	(632, 450)	vert	up	True	181059	181790	up	(800, 450)	testing
22	wc	f	19	3	diamond	red	dif	(968, 450)	(800, 282)	vert	up	True	183426	184158	up	(800, 450)	testing
22	wc	f	19	3	circle	red	same	(800, 282)	(800, 618)	vert	up	True	185563	187390	up	(800, 450)	testing
22	wc	f	19	3	diamond	green	dif	(800, 282)	(800, 618)	vert	up	True	189043	190125	left	(800, 450)	testing
22	wc	f	19	3	diamond	none	dif	N_dis	(632, 450)	hori	left	True	193075	194093	left	(800, 450)	testing
22	wc	f	19	3	diamond	green	same	(632, 450)	(800, 282)	vert	up	True	195601	196206	up	(800, 450)	testing
22	wc	f	19	3	diamond	red	same	(800, 282)	(968, 450)	hori	left	True	197770	198574	left	(800, 450)	testing
22	wc	f	19	3	circle	red	dif	(968, 450)	(632, 450)	vert	up	True	200166	200910	up	(800, 450)	testing
22	wc	f	19	3	circle	none	dif	N_dis	(632, 450)	hori	left	True	202335	203150	left	(800, 450)	testing
22	wc	f	19	3	circle	none	dif	N_dis	(968, 450)	vert	up	True	204813	206398	up	(800, 450)	testing
22	wc	f	19	3	circle	red	dif	(632, 450)	(800, 282)	hori	left	True	208069	208782	left	(800, 450)	testing
22	wc	f	19	3	diamond	red	same	(800, 282)	(968, 450)	vert	up	True	210259	210958	up	(800, 450)	testing
22	wc	f	19	3	circle	green	dif	(800, 618)	(632, 450)	vert	up	True	212533	213614	up	(800, 450)	testing
22	wc	f	19	3	circle	red	dif	(800, 282)	(632, 450)	vert	up	True	215073	215934	up	(800, 450)	testing
22	wc	f	19	3	diamond	none	same	N_dis	(800, 618)	hori	left	True	217475	218318	left	(800, 450)	testing
22	wc	f	19	3	diamond	none	dif	N_dis	(800, 282)	vert	up	True	219750	220334	up	(800, 450)	testing
22	wc	f	19	3	circle	red	same	(800, 282)	(968, 450)	hori	left	True	221986	222830	left	(800, 450)	testing
22	wc	f	19	3	diamond	red	same	(800, 618)	(800, 282)	vert	up	True	224490	225502	up	(800, 450)	testing
22	wc	f	19	3	diamond	none	same	N_dis	(800, 618)	hori	left	True	227066	228878	left	(800, 450)	testing
22	wc	f	19	3	diamond	none	same	N_dis	(968, 450)	hori	left	True	230331	232093	left	(800, 450)	testing
22	wc	f	19	3	diamond	red	same	(968, 450)	(800, 282)	vert	up	True	233726	235758	up	(800, 450)	testing
22	wc	f	19	3	diamond	none	dif	N_dis	(800, 282)	hori	left	True	237307	238686	left	(800, 450)	testing
22	wc	f	19	3	circle	green	dif	(800, 618)	(968, 450)	vert	up	True	240246	241150	up	(800, 450)	testing
22	wc	f	19	3	circle	none	dif	N_dis	(800, 282)	hori	left	True	242727	243518	left	(800, 450)	testing
22	wc	f	19	3	circle	green	dif	(968, 450)	(800, 618)	vert	up	True	244944	245966	up	(800, 450)	testing
22	wc	f	19	3	diamond	green	dif	(968, 450)	(632, 450)	hori	left	True	247571	248302	left	(800, 450)	testing
22	wc	f	19	3	diamond	none	same	N_dis	(968, 450)	hori	left	True	249689	250382	left	(800, 450)	testing
22	wc	f	19	3	circle	red	same	(968, 450)	(800, 618)	hori	left	True	251816	252670	left	(800, 450)	testing
22	wc	f	19	3	diamond	red	same	(800, 282)	(800, 618)	vert	up	True	254279	255085	up	(800, 450)	testing
22	wc	f	19	3	circle	green	same	(632, 450)	(968, 450)	hori	left	True	256557	257678	left	(800, 450)	testing
22	wc	f	19	3	diamond	red	dif	(800, 618)	(968, 450)	hori	left	True	259316	260670	up	(800, 450)	testing
22	wc	f	19	3	diamond	green	dif	(968, 450)	(800, 282)	vert	up	True	263820	264542	up	(800, 450)	testing
22	wc	f	19	3	circle	green	same	(632, 450)	(968, 450)	vert	up	True	266007	266974	up	(800, 450)	testing
22	wc	f	19	3	circle	none	same	N_dis	(968, 450)	vert	up	True	268533	269214	up	(800, 450)	testing
22	wc	f	19	3	diamond	red	dif	(800, 282)	(968, 450)	vert	up	True	270771	271566	up	(800, 450)	testing
22	wc	f	19	3	diamond	green	same	(968, 450)	(800, 618)	vert	up	True	273037	273886	up	(800, 450)	testing
22	wc	f	19	3	circle	red	same	(632, 450)	(800, 618)	vert	up	True	275547	276814	up	(800, 450)	testing
22	wc	f	19	3	circle	green	same	(632, 450)	(800, 618)	vert	up	True	278250	279406	up	(800, 450)	testing
22	wc	f	19	3	circle	green	dif	(800, 282)	(632, 450)	hori	left	True	280888	281726	left	(800, 450)	testing
22	wc	f	19	3	diamond	red	dif	(800, 618)	(968, 450)	hori	left	True	283349	284222	left	(800, 450)	testing
22	wc	f	19	3	circle	green	same	(800, 618)	(632, 450)	hori	left	True	285680	286494	left	(800, 450)	testing
22	wc	f	19	3	circle	green	dif	(800, 618)	(800, 282)	hori	left	True	287910	288622	left	(800, 450)	testing
22	wc	f	19	3	diamond	green	dif	(800, 618)	(632, 450)	vert	up	True	290064	290894	up	(800, 450)	testing
22	wc	f	19	3	diamond	red	dif	(632, 450)	(968, 450)	hori	left	True	292443	293246	left	(800, 450)	testing
22	wc	f	19	3	diamond	none	same	N_dis	(800, 618)	vert	up	True	294691	295614	up	(800, 450)	testing
22	wc	f	19	3	circle	none	same	N_dis	(800, 618)	hori	left	True	297203	298222	left	(800, 450)	testing
22	wc	f	19	3	diamond	green	same	(800, 618)	(800, 282)	hori	left	True	299627	300462	left	(800, 450)	testing
22	wc	f	19	3	diamond	green	dif	(632, 450)	(800, 618)	hori	left	True	301844	302718	left	(800, 450)	testing
22	wc	f	19	3	circle	none	same	N_dis	(632, 450)	hori	left	True	304164	305069	left	(800, 450)	testing
22	wc	f	19	3	circle	none	dif	N_dis	(968, 450)	hori	left	True	306638	307262	left	(800, 450)	testing
22	wc	f	19	3	circle	red	dif	(800, 282)	(632, 450)	hori	left	True	308880	309598	left	(800, 450)	testing
22	wc	f	19	3	circle	none	same	N_dis	(632, 450)	hori	left	True	311226	312286	left	(800, 450)	testing
22	wc	f	19	3	circle	green	same	(632, 450)	(800, 282)	hori	left	True	313748	314382	left	(800, 450)	testing
22	wc	f	19	3	diamond	green	same	(800, 618)	(968, 450)	vert	up	True	315849	316558	up	(800, 450)	testing
22	wc	f	19	3	diamond	none	dif	N_dis	(800, 282)	hori	left	True	318193	318894	left	(800, 450)	testing
22	wc	f	19	3	diamond	green	same	(968, 450)	(800, 282)	hori	left	True	320272	321085	left	(800, 450)	testing
22	wc	f	19	3	circle	none	same	N_dis	(800, 618)	vert	up	True	322579	323390	up	(800, 450)	testing
22	wc	f	19	3	circle	red	dif	(632, 450)	(968, 450)	vert	up	True	325021	325806	up	(800, 450)	testing
22	wc	f	19	3	circle	none	dif	N_dis	(800, 282)	hori	left	True	327470	328029	left	(800, 450)	testing
22	wc	f	19	3	circle	red	same	(968, 450)	(632, 450)	hori	left	True	329566	330350	left	(800, 450)	testing
22	wc	f	19	3	diamond	none	dif	N_dis	(632, 450)	hori	left	True	331875	333518	left	(800, 450)	testing
22	wc	f	19	3	diamond	red	dif	(968, 450)	(800, 282)	hori	left	True	335012	335710	left	(800, 450)	testing
22	wc	f	19	3	circle	red	same	(800, 282)	(800, 618)	vert	up	True	337278	338238	up	(800, 450)	testing
22	wc	f	19	3	diamond	green	dif	(800, 282)	(800, 618)	vert	up	True	339864	340750	up	(800, 450)	testing
22	wc	f	19	3	diamond	none	dif	N_dis	(632, 450)	vert	up	True	342241	342990	up	(800, 450)	testing
22	wc	f	19	3	diamond	green	same	(632, 450)	(800, 282)	hori	left	True	344504	345310	left	(800, 450)	testing
22	wc	f	19	3	diamond	red	same	(800, 282)	(968, 450)	hori	left	True	346930	347662	left	(800, 450)	testing
22	wc	f	19	3	circle	red	dif	(968, 450)	(632, 450)	vert	up	True	349123	350141	up	(800, 450)	testing
22	wc	f	19	3	circle	none	dif	N_dis	(632, 450)	hori	left	True	351812	352558	left	(800, 450)	testing
22	wc	f	19	3	circle	none	dif	N_dis	(968, 450)	vert	up	True	354140	354830	up	(800, 450)	testing
22	wc	f	19	3	circle	red	dif	(632, 450)	(800, 282)	vert	up	True	356318	357021	up	(800, 450)	testing
22	wc	f	19	3	diamond	red	same	(800, 282)	(968, 450)	vert	up	True	358543	359406	up	(800, 450)	testing
22	wc	f	19	3	circle	green	dif	(800, 618)	(632, 450)	hori	left	True	360937	361838	left	(800, 450)	testing
22	wc	f	19	3	circle	red	dif	(800, 282)	(632, 450)	vert	up	True	363448	364334	up	(800, 450)	testing
22	wc	f	19	3	diamond	none	same	N_dis	(800, 618)	hori	left	True	365865	366654	left	(800, 450)	testing
22	wc	f	19	3	diamond	none	dif	N_dis	(800, 282)	vert	up	True	368155	369021	up	(800, 450)	testing
22	wc	f	19	3	circle	red	same	(800, 282)	(968, 450)	vert	up	True	370521	371198	up	(800, 450)	testing
22	wc	f	19	3	diamond	red	same	(800, 618)	(800, 282)	hori	left	True	372697	373534	left	(800, 450)	testing
22	wc	f	19	3	diamond	none	same	N_dis	(800, 618)	vert	up	True	375195	376013	up	(800, 450)	testing
22	wc	f	19	3	diamond	none	same	N_dis	(968, 450)	hori	left	True	377446	378077	left	(800, 450)	testing
22	wc	f	19	3	diamond	red	same	(968, 450)	(800, 282)	hori	left	True	379676	380350	left	(800, 450)	testing
22	wc	f	19	3	diamond	none	dif	N_dis	(800, 282)	hori	left	True	381877	382382	left	(800, 450)	testing
22	wc	f	19	3	circle	green	dif	(800, 618)	(968, 450)	vert	up	True	383846	384798	up	(800, 450)	testing
22	wc	f	19	3	circle	none	dif	N_dis	(800, 282)	hori	left	True	386204	386990	left	(800, 450)	testing
22	wc	f	19	3	circle	green	dif	(968, 450)	(800, 618)	vert	up	True	388428	389182	up	(800, 450)	testing
22	wc	f	19	3	diamond	green	dif	(968, 450)	(632, 450)	hori	left	True	390679	391374	left	(800, 450)	testing
22	wc	f	19	3	diamond	none	same	N_dis	(968, 450)	vert	up	True	392877	393518	up	(800, 450)	testing
22	wc	f	19	3	circle	red	same	(968, 450)	(800, 618)	hori	left	True	395143	396174	left	(800, 450)	testing
22	wc	f	19	3	diamond	red	same	(800, 282)	(800, 618)	hori	left	True	397627	398718	left	(800, 450)	testing
22	wc	f	19	3	circle	green	same	(632, 450)	(968, 450)	vert	up	True	400163	401117	up	(800, 450)	testing
22	wc	f	19	3	diamond	red	dif	(800, 618)	(968, 450)	vert	up	True	402634	403614	up	(800, 450)	testing
22	wc	f	19	3	diamond	green	dif	(968, 450)	(800, 282)	hori	left	True	405189	405806	left	(800, 450)	testing
22	wc	f	19	3	circle	green	same	(632, 450)	(968, 450)	vert	up	True	407476	408125	up	(800, 450)	testing
22	wc	f	19	3	circle	none	same	N_dis	(968, 450)	hori	left	True	409622	410606	left	(800, 450)	testing
22	wc	f	19	3	diamond	red	dif	(800, 282)	(968, 450)	vert	up	True	412075	412750	up	(800, 450)	testing
22	wc	f	19	3	diamond	green	same	(968, 450)	(800, 618)	hori	left	True	414286	415294	left	(800, 450)	testing
22	wc	f	19	3	circle	red	same	(632, 450)	(800, 618)	hori	left	True	416795	417822	left	(800, 450)	testing
22	wc	f	19	3	circle	green	same	(632, 450)	(800, 618)	vert	up	True	419351	419998	up	(800, 450)	testing
22	wc	f	19	3	circle	green	dif	(800, 282)	(632, 450)	hori	left	True	421648	422526	left	(800, 450)	testing
22	wc	f	19	3	diamond	red	dif	(800, 618)	(968, 450)	hori	left	True	424004	425214	left	(800, 450)	testing
22	wc	f	19	3	circle	green	same	(800, 618)	(632, 450)	vert	up	True	426725	427646	up	(800, 450)	testing
22	wc	f	19	3	circle	green	dif	(800, 618)	(800, 282)	hori	left	True	429280	430029	left	(800, 450)	testing
22	wc	f	19	3	diamond	green	dif	(800, 618)	(632, 450)	hori	left	True	431669	432366	left	(800, 450)	testing
22	wc	f	19	3	diamond	red	dif	(632, 450)	(968, 450)	hori	left	True	433951	434590	left	(800, 450)	testing
22	wc	f	19	3	diamond	none	same	N_dis	(800, 618)	vert	up	True	436188	436926	up	(800, 450)	testing
22	wc	f	19	3	circle	none	same	N_dis	(800, 618)	vert	up	True	438390	439454	up	(800, 450)	testing
22	wc	f	19	3	diamond	green	same	(800, 618)	(800, 282)	hori	left	True	441023	442606	left	(800, 450)	testing
22	wc	f	19	3	diamond	green	dif	(632, 450)	(800, 618)	hori	left	True	444094	445101	left	(800, 450)	testing
22	wc	f	19	3	circle	none	same	N_dis	(632, 450)	vert	up	True	446493	447182	left	(800, 450)	testing
22	wc	f	19	3	circle	none	dif	N_dis	(968, 450)	vert	up	True	450185	451005	up	(800, 450)	testing
22	wc	f	19	3	circle	red	dif	(800, 282)	(632, 450)	vert	up	True	452403	453166	up	(800, 450)	testing
22	wc	f	19	3	circle	none	same	N_dis	(632, 450)	vert	up	True	454824	455422	up	(800, 450)	testing
22	wc	f	19	3	circle	green	same	(632, 450)	(800, 282)	hori	left	True	456921	457566	left	(800, 450)	testing
22	wc	f	19	3	diamond	green	same	(800, 618)	(968, 450)	vert	up	True	459232	460109	up	(800, 450)	testing
22	wc	f	19	3	diamond	none	dif	N_dis	(800, 282)	vert	up	True	461660	462638	up	(800, 450)	testing
22	wc	f	19	3	diamond	green	same	(968, 450)	(800, 282)	hori	left	True	464243	465005	left	(800, 450)	testing
22	wc	f	19	3	circle	none	same	N_dis	(800, 618)	hori	left	True	466637	467790	left	(800, 450)	testing
22	wc	f	19	3	circle	red	dif	(632, 450)	(968, 450)	hori	left	True	469390	470141	left	(800, 450)	testing
22	wc	f	19	3	circle	none	dif	N_dis	(800, 282)	vert	up	True	471576	473550	up	(800, 450)	testing
22	wc	f	19	3	circle	red	same	(968, 450)	(632, 450)	vert	up	True	475133	475950	up	(800, 450)	testing
22	wc	f	19	3	diamond	none	dif	N_dis	(632, 450)	vert	up	True	477463	478206	up	(800, 450)	testing
22	wc	f	19	3	diamond	red	dif	(968, 450)	(800, 282)	hori	left	True	479726	480382	left	(800, 450)	testing
22	wc	f	19	3	circle	red	same	(800, 282)	(800, 618)	hori	left	True	481831	482974	left	(800, 450)	testing
22	wc	f	19	3	diamond	green	dif	(800, 282)	(800, 618)	vert	up	True	484479	485534	up	(800, 450)	testing
22	wc	f	19	3	diamond	none	dif	N_dis	(632, 450)	vert	up	True	487139	487918	up	(800, 450)	testing
22	wc	f	19	3	diamond	green	same	(632, 450)	(800, 282)	hori	left	True	489411	490238	left	(800, 450)	testing
22	wc	f	19	3	diamond	red	same	(800, 282)	(968, 450)	vert	up	True	491808	492830	up	(800, 450)	testing
22	wc	f	19	3	circle	red	dif	(968, 450)	(632, 450)	vert	up	True	494453	495342	up	(800, 450)	testing
22	wc	f	19	3	circle	none	dif	N_dis	(632, 450)	hori	left	True	496811	497518	left	(800, 450)	testing
22	wc	f	19	3	circle	none	dif	N_dis	(968, 450)	hori	left	True	499132	499806	left	(800, 450)	testing
22	wc	f	19	3	circle	red	dif	(632, 450)	(800, 282)	hori	left	True	501241	501902	left	(800, 450)	testing
22	wc	f	19	3	diamond	red	same	(800, 282)	(968, 450)	hori	left	True	503513	504478	left	(800, 450)	testing
22	wc	f	19	3	circle	green	dif	(800, 618)	(632, 450)	hori	left	True	505948	506654	left	(800, 450)	testing
22	wc	f	19	3	circle	red	dif	(800, 282)	(632, 450)	hori	left	True	508135	508878	left	(800, 450)	testing
22	wc	f	19	3	diamond	none	same	N_dis	(800, 618)	vert	up	True	510262	511037	up	(800, 450)	testing
22	wc	f	19	3	diamond	none	dif	N_dis	(800, 282)	vert	up	True	512639	513262	up	(800, 450)	testing
22	wc	f	19	3	circle	red	same	(800, 282)	(968, 450)	hori	left	True	514917	515662	left	(800, 450)	testing
22	wc	f	19	3	diamond	red	same	(800, 618)	(800, 282)	hori	left	True	517306	517934	left	(800, 450)	testing
22	wc	f	19	3	diamond	none	same	N_dis	(800, 618)	vert	up	True	519559	520318	up	(800, 450)	testing
22	wc	f	19	3	diamond	none	same	N_dis	(968, 450)	hori	left	True	521779	522398	left	(800, 450)	testing
22	wc	f	19	3	diamond	red	same	(968, 450)	(800, 282)	vert	up	True	523986	524814	up	(800, 450)	testing
22	wc	f	19	3	diamond	none	dif	N_dis	(800, 282)	hori	left	True	526269	526974	left	(800, 450)	testing
22	wc	f	19	3	circle	green	dif	(800, 618)	(968, 450)	vert	up	True	528449	529278	up	(800, 450)	testing
22	wc	f	19	3	circle	none	dif	N_dis	(800, 282)	hori	left	True	530935	531518	left	(800, 450)	testing
22	wc	f	19	3	circle	green	dif	(968, 450)	(800, 618)	hori	left	True	533167	534045	left	(800, 450)	testing
22	wc	f	19	3	diamond	green	dif	(968, 450)	(632, 450)	hori	left	True	535609	536270	left	(800, 450)	testing
22	wc	f	19	3	diamond	none	same	N_dis	(968, 450)	hori	left	True	537817	538478	left	(800, 450)	testing
22	wc	f	19	3	circle	red	same	(968, 450)	(800, 618)	hori	left	True	540135	541085	left	(800, 450)	testing
22	wc	f	19	3	diamond	red	same	(800, 282)	(800, 618)	hori	left	True	542508	543422	left	(800, 450)	testing
22	wc	f	19	3	circle	green	same	(632, 450)	(968, 450)	vert	up	True	544998	545646	up	(800, 450)	testing
22	wc	f	19	3	diamond	red	dif	(800, 618)	(968, 450)	vert	up	True	547302	547998	up	(800, 450)	testing
22	wc	f	19	3	diamond	green	dif	(968, 450)	(800, 282)	vert	up	True	549577	550622	up	(800, 450)	testing
22	wc	f	19	3	circle	green	same	(632, 450)	(968, 450)	hori	left	True	552046	552718	left	(800, 450)	testing
22	wc	f	19	3	circle	none	same	N_dis	(968, 450)	hori	left	True	554134	555101	left	(800, 450)	testing
22	wc	f	19	3	diamond	red	dif	(800, 282)	(968, 450)	vert	up	True	556744	557534	up	(800, 450)	testing
22	wc	f	19	3	diamond	green	same	(968, 450)	(800, 618)	vert	up	True	558984	560718	up	(800, 450)	testing
22	wc	f	19	3	circle	red	same	(632, 450)	(800, 618)	hori	left	True	562225	563342	left	(800, 450)	testing
22	wc	f	19	3	circle	green	same	(632, 450)	(800, 618)	vert	up	False	564912	None	None	(800, 450)	testing
22	wc	f	19	3	circle	green	dif	(800, 282)	(632, 450)	vert	up	True	571085	572238	up	(800, 450)	testing
22	wc	f	19	3	diamond	red	dif	(800, 618)	(968, 450)	hori	left	True	573676	574366	left	(800, 450)	testing
22	wc	f	19	3	circle	green	same	(800, 618)	(632, 450)	vert	up	True	575749	576526	up	(800, 450)	testing
22	wc	f	19	3	circle	green	dif	(800, 618)	(800, 282)	vert	up	True	578194	579182	up	(800, 450)	testing
22	wc	f	19	3	diamond	green	dif	(800, 618)	(632, 450)	hori	left	True	580643	581358	left	(800, 450)	testing
22	wc	f	19	3	diamond	red	dif	(632, 450)	(968, 450)	hori	left	True	582874	583486	left	(800, 450)	testing
22	wc	f	19	3	diamond	none	same	N_dis	(800, 618)	vert	up	True	584987	585614	up	(800, 450)	testing
22	wc	f	19	3	circle	none	same	N_dis	(800, 618)	hori	left	True	587113	587742	left	(800, 450)	testing
22	wc	f	19	3	diamond	green	same	(800, 618)	(800, 282)	hori	left	True	589288	589854	left	(800, 450)	testing
22	wc	f	19	3	diamond	green	dif	(632, 450)	(800, 618)	vert	up	True	591349	592830	up	(800, 450)	testing
22	wc	f	19	3	circle	none	same	N_dis	(632, 450)	hori	left	True	594489	595053	left	(800, 450)	testing
22	wc	f	19	3	circle	none	dif	N_dis	(968, 450)	vert	up	True	596521	597582	up	(800, 450)	testing
22	wc	f	19	3	circle	red	dif	(800, 282)	(632, 450)	hori	left	True	598980	599598	left	(800, 450)	testing
22	wc	f	19	3	circle	none	same	N_dis	(632, 450)	hori	left	True	601151	601694	left	(800, 450)	testing
22	wc	f	19	3	circle	green	same	(632, 450)	(800, 282)	hori	left	True	603341	603998	left	(800, 450)	testing
22	wc	f	19	3	diamond	green	same	(800, 618)	(968, 450)	hori	left	True	605648	606718	left	(800, 450)	testing
22	wc	f	19	3	diamond	none	dif	N_dis	(800, 282)	hori	left	True	608272	609053	left	(800, 450)	testing
22	wc	f	19	3	diamond	green	same	(968, 450)	(800, 282)	hori	left	True	610632	611246	left	(800, 450)	testing
22	wc	f	19	3	circle	none	same	N_dis	(800, 618)	vert	up	True	612889	614558	up	(800, 450)	testing
22	wc	f	19	3	circle	red	dif	(632, 450)	(968, 450)	vert	up	True	616060	616798	up	(800, 450)	testing
22	wc	f	19	3	circle	none	dif	N_dis	(800, 282)	vert	up	True	618283	618910	up	(800, 450)	testing
22	wc	f	19	3	circle	red	same	(968, 450)	(632, 450)	vert	up	True	620423	621214	up	(800, 450)	testing
22	wc	f	19	3	diamond	none	dif	N_dis	(632, 450)	vert	up	True	622644	623614	up	(800, 450)	testing
22	wc	f	19	3	diamond	red	dif	(968, 450)	(800, 282)	vert	up	True	625199	625998	up	(800, 450)	testing
22	wc	f	19	3	circle	red	same	(800, 282)	(800, 618)	vert	up	True	627564	629886	up	(800, 450)	testing
22	wc	f	19	3	diamond	green	dif	(800, 282)	(800, 618)	hori	left	True	631500	632302	left	(800, 450)	testing
22	wc	f	19	3	diamond	none	dif	N_dis	(632, 450)	vert	up	True	633871	634606	up	(800, 450)	testing
22	wc	f	19	3	diamond	green	same	(632, 450)	(800, 282)	vert	up	True	636098	636718	up	(800, 450)	testing
22	wc	f	19	3	diamond	red	same	(800, 282)	(968, 450)	hori	left	True	638248	639214	left	(800, 450)	testing
22	wc	f	19	3	circle	red	dif	(968, 450)	(632, 450)	vert	up	True	640764	641470	up	(800, 450)	testing
22	wc	f	19	3	circle	none	dif	N_dis	(632, 450)	hori	left	True	643131	644382	left	(800, 450)	testing
22	wc	f	19	3	circle	none	dif	N_dis	(968, 450)	vert	up	True	645892	646558	up	(800, 450)	testing
22	wc	f	19	3	circle	red	dif	(632, 450)	(800, 282)	vert	up	True	648103	648718	up	(800, 450)	testing
22	wc	f	19	3	diamond	red	same	(800, 282)	(968, 450)	vert	up	True	650197	650862	up	(800, 450)	testing
22	wc	f	19	3	circle	green	dif	(800, 618)	(632, 450)	vert	up	True	652502	653294	left	(800, 450)	testing
22	wc	f	19	3	circle	red	dif	(800, 282)	(632, 450)	vert	up	True	656485	657470	up	(800, 450)	testing
22	wc	f	19	3	diamond	none	same	N_dis	(800, 618)	hori	left	True	658928	659710	left	(800, 450)	testing
22	wc	f	19	3	diamond	none	dif	N_dis	(800, 282)	hori	left	True	661289	661806	left	(800, 450)	testing
22	wc	f	19	3	circle	red	same	(800, 282)	(968, 450)	vert	up	True	663407	664158	up	(800, 450)	testing
22	wc	f	19	3	diamond	red	same	(800, 618)	(800, 282)	hori	left	True	665613	666254	left	(800, 450)	testing
22	wc	f	19	3	diamond	none	same	N_dis	(800, 618)	vert	up	True	667923	668638	up	(800, 450)	testing
22	wc	f	19	3	diamond	none	same	N_dis	(968, 450)	hori	left	True	670164	671101	left	(800, 450)	testing
22	wc	f	19	3	diamond	red	same	(968, 450)	(800, 282)	vert	up	True	672627	673182	up	(800, 450)	testing
22	wc	f	19	3	diamond	none	dif	N_dis	(800, 282)	vert	up	True	674814	675550	up	(800, 450)	testing
22	wc	f	19	3	circle	green	dif	(800, 618)	(968, 450)	hori	left	True	677177	678158	left	(800, 450)	testing
22	wc	f	19	3	circle	none	dif	N_dis	(800, 282)	vert	up	True	679800	680830	up	(800, 450)	testing
22	wc	f	19	3	circle	green	dif	(968, 450)	(800, 618)	vert	up	True	682313	683005	up	(800, 450)	testing
22	wc	f	19	3	diamond	green	dif	(968, 450)	(632, 450)	vert	up	True	684501	685230	up	(800, 450)	testing
22	wc	f	19	3	diamond	none	same	N_dis	(968, 450)	vert	up	False	686809	None	None	(800, 450)	testing
22	wc	f	19	3	circle	red	same	(968, 450)	(800, 618)	vert	up	True	692986	694013	up	(800, 450)	testing
22	wc	f	19	3	diamond	red	same	(800, 282)	(800, 618)	vert	up	True	695595	696526	up	(800, 450)	testing
22	wc	f	19	3	circle	green	same	(632, 450)	(968, 450)	vert	up	True	697928	698606	up	(800, 450)	testing
22	wc	f	19	3	diamond	red	dif	(800, 618)	(968, 450)	vert	up	True	700191	701486	up	(800, 450)	testing
22	wc	f	19	3	diamond	green	dif	(968, 450)	(800, 282)	vert	up	True	703150	703838	up	(800, 450)	testing
22	wc	f	19	3	circle	green	same	(632, 450)	(968, 450)	hori	left	True	705355	706206	left	(800, 450)	testing
22	wc	f	19	3	circle	none	same	N_dis	(968, 450)	vert	up	True	707862	708638	up	(800, 450)	testing
22	wc	f	19	3	diamond	red	dif	(800, 282)	(968, 450)	vert	up	True	710132	710894	up	(800, 450)	testing
22	wc	f	19	3	diamond	green	same	(968, 450)	(800, 618)	vert	up	True	712352	713005	up	(800, 450)	testing
22	wc	f	19	3	circle	red	same	(632, 450)	(800, 618)	hori	left	True	714522	715502	left	(800, 450)	testing
22	wc	f	19	3	circle	green	same	(632, 450)	(800, 618)	vert	up	True	716923	717838	up	(800, 450)	testing
22	wc	f	19	3	circle	green	dif	(800, 282)	(632, 450)	hori	left	True	719418	720302	left	(800, 450)	testing
22	wc	f	19	3	diamond	red	dif	(800, 618)	(968, 450)	vert	up	True	721676	723021	up	(800, 450)	testing
22	wc	f	19	3	circle	green	same	(800, 618)	(632, 450)	hori	left	True	724501	725198	left	(800, 450)	testing
22	wc	f	19	3	circle	green	dif	(800, 618)	(800, 282)	vert	up	True	726603	727374	up	(800, 450)	testing
22	wc	f	19	3	diamond	green	dif	(800, 618)	(632, 450)	hori	left	True	728903	729870	left	(800, 450)	testing
22	wc	f	19	3	diamond	red	dif	(632, 450)	(968, 450)	hori	left	True	731379	732061	left	(800, 450)	testing
22	wc	f	19	3	diamond	none	same	N_dis	(800, 618)	hori	left	True	733723	734446	left	(800, 450)	testing
22	wc	f	19	3	circle	none	same	N_dis	(800, 618)	vert	up	True	736092	737005	up	(800, 450)	testing
22	wc	f	19	3	diamond	green	same	(800, 618)	(800, 282)	hori	left	True	738387	739133	left	(800, 450)	testing
22	wc	f	19	3	diamond	green	dif	(632, 450)	(800, 618)	vert	up	True	740740	741534	up	(800, 450)	testing
22	wc	f	19	3	circle	none	same	N_dis	(632, 450)	vert	up	True	742981	744045	up	(800, 450)	testing
22	wc	f	19	3	circle	none	dif	N_dis	(968, 450)	hori	left	True	745611	746190	left	(800, 450)	testing
22	wc	f	19	3	circle	red	dif	(800, 282)	(632, 450)	vert	up	True	747635	748526	up	(800, 450)	testing
22	wc	f	19	3	circle	none	same	N_dis	(632, 450)	vert	up	True	749969	750606	up	(800, 450)	testing
22	wc	f	19	3	circle	green	same	(632, 450)	(800, 282)	vert	up	True	752024	752670	up	(800, 450)	testing
22	wc	f	19	3	diamond	green	same	(800, 618)	(968, 450)	vert	up	True	754211	755710	up	(800, 450)	testing
22	wc	f	19	3	diamond	none	dif	N_dis	(800, 282)	hori	left	True	757163	758093	up	(800, 450)	testing
conf	22	wc	f	19	3	3	3	7	space	None	None	None	None	None	None	True	806134	817085	4
