subj	name	gender	age	runNum	shape	dist	td_dif	d_loc	t_loc	resp	resp_key	gotKey	startTime	respTime	resp	fix_loc	prac
22	wc	f	19	2	diamond	red	dif	(968, 450)	(632, 450)	hori	left	True	7061	8716	left	(800, 450)	testing
22	wc	f	19	2	diamond	none	same	N_dis	(632, 450)	hori	left	True	10097	10892	left	(800, 450)	testing
22	wc	f	19	2	diamond	green	dif	(800, 618)	(632, 450)	hori	left	True	12490	13387	left	(800, 450)	testing
22	wc	f	19	2	circle	none	same	N_dis	(632, 450)	hori	left	True	14939	15740	left	(800, 450)	testing
22	wc	f	19	2	circle	green	same	(968, 450)	(632, 450)	vert	up	True	17218	18235	up	(800, 450)	testing
22	wc	f	19	2	diamond	red	dif	(968, 450)	(800, 618)	vert	up	True	19639	20716	up	(800, 450)	testing
22	wc	f	19	2	diamond	red	dif	(800, 618)	(800, 282)	hori	left	True	22092	23084	left	(800, 450)	testing
22	wc	f	19	2	diamond	green	same	(800, 618)	(800, 282)	hori	left	True	24637	25724	left	(800, 450)	testing
22	wc	f	19	2	circle	red	dif	(968, 450)	(800, 618)	vert	up	True	27321	28459	up	(800, 450)	testing
22	wc	f	19	2	circle	red	same	(632, 450)	(800, 618)	vert	up	True	29916	30748	up	(800, 450)	testing
22	wc	f	19	2	circle	red	same	(968, 450)	(800, 282)	vert	up	True	32362	33532	up	(800, 450)	testing
22	wc	f	19	2	circle	red	dif	(800, 618)	(632, 450)	hori	left	True	34935	35643	left	(800, 450)	testing
22	wc	f	19	2	diamond	none	same	N_dis	(800, 282)	hori	left	True	37258	38395	left	(800, 450)	testing
22	wc	f	19	2	circle	green	same	(800, 618)	(632, 450)	hori	left	True	40014	41211	left	(800, 450)	testing
22	wc	f	19	2	diamond	green	same	(800, 618)	(800, 282)	vert	up	True	42590	43917	up	(800, 450)	testing
22	wc	f	19	2	diamond	green	same	(632, 450)	(968, 450)	vert	up	True	45580	47147	up	(800, 450)	testing
22	wc	f	19	2	circle	green	dif	(800, 282)	(632, 450)	hori	left	True	48648	49563	left	(800, 450)	testing
22	wc	f	19	2	diamond	red	same	(968, 450)	(800, 618)	hori	left	True	51176	52571	left	(800, 450)	testing
22	wc	f	19	2	circle	red	same	(800, 618)	(968, 450)	hori	left	True	54150	55339	left	(800, 450)	testing
22	wc	f	19	2	circle	green	dif	(800, 618)	(800, 282)	hori	left	True	56993	58027	left	(800, 450)	testing
22	wc	f	19	2	diamond	none	same	N_dis	(632, 450)	vert	up	True	59690	60587	up	(800, 450)	testing
22	wc	f	19	2	diamond	green	dif	(632, 450)	(968, 450)	vert	up	True	62177	63035	up	(800, 450)	testing
22	wc	f	19	2	circle	red	same	(800, 282)	(632, 450)	hori	left	True	64410	65339	left	(800, 450)	testing
22	wc	f	19	2	diamond	green	same	(800, 618)	(800, 282)	vert	up	True	66918	67804	up	(800, 450)	testing
22	wc	f	19	2	circle	red	dif	(632, 450)	(800, 618)	vert	up	True	69361	70187	up	(800, 450)	testing
22	wc	f	19	2	diamond	green	same	(632, 450)	(800, 282)	vert	up	True	71804	72539	up	(800, 450)	testing
22	wc	f	19	2	circle	green	dif	(968, 450)	(632, 450)	hori	left	True	74026	74892	left	(800, 450)	testing
22	wc	f	19	2	circle	green	dif	(800, 282)	(968, 450)	vert	up	True	76356	77179	up	(800, 450)	testing
22	wc	f	19	2	circle	green	dif	(968, 450)	(800, 618)	vert	up	True	78674	80331	up	(800, 450)	testing
22	wc	f	19	2	circle	red	same	(632, 450)	(968, 450)	hori	left	True	81859	82603	left	(800, 450)	testing
22	wc	f	19	2	circle	none	dif	N_dis	(632, 450)	hori	left	True	84141	84892	left	(800, 450)	testing
22	wc	f	19	2	circle	none	same	N_dis	(800, 618)	hori	left	True	86403	87099	left	(800, 450)	testing
22	wc	f	19	2	diamond	green	same	(968, 450)	(632, 450)	vert	up	True	88606	89595	up	(800, 450)	testing
22	wc	f	19	2	circle	red	same	(968, 450)	(800, 618)	hori	left	True	91060	91948	left	(800, 450)	testing
22	wc	f	19	2	diamond	green	dif	(800, 618)	(800, 282)	vert	up	True	93490	94363	up	(800, 450)	testing
22	wc	f	19	2	diamond	red	dif	(968, 450)	(800, 618)	vert	up	True	95891	96988	up	(800, 450)	testing
22	wc	f	19	2	diamond	green	dif	(800, 618)	(800, 282)	hori	left	True	98419	99259	left	(800, 450)	testing
22	wc	f	19	2	diamond	red	same	(632, 450)	(800, 282)	hori	left	True	100764	101611	left	(800, 450)	testing
22	wc	f	19	2	circle	red	dif	(632, 450)	(800, 618)	hori	left	True	103023	104139	left	(800, 450)	testing
22	wc	f	19	2	circle	none	dif	N_dis	(800, 282)	hori	left	True	105557	106332	left	(800, 450)	testing
22	wc	f	19	2	diamond	green	dif	(800, 618)	(632, 450)	hori	left	True	107781	108956	left	(800, 450)	testing
22	wc	f	19	2	circle	none	dif	N_dis	(632, 450)	vert	up	True	110516	111452	up	(800, 450)	testing
22	wc	f	19	2	circle	green	dif	(800, 618)	(800, 282)	hori	left	True	113027	113708	left	(800, 450)	testing
22	wc	f	19	2	diamond	green	same	(800, 618)	(632, 450)	vert	up	True	115089	116267	up	(800, 450)	testing
22	wc	f	19	2	diamond	green	same	(968, 450)	(632, 450)	hori	left	True	117701	118411	left	(800, 450)	testing
22	wc	f	19	2	diamond	none	same	N_dis	(632, 450)	hori	left	True	120048	121051	left	(800, 450)	testing
22	wc	f	19	2	circle	none	dif	N_dis	(800, 282)	vert	up	True	122668	123387	up	(800, 450)	testing
22	wc	f	19	2	circle	green	same	(632, 450)	(968, 450)	vert	up	True	124834	125659	up	(800, 450)	testing
22	wc	f	19	2	circle	red	dif	(800, 618)	(968, 450)	hori	left	True	127247	127996	left	(800, 450)	testing
22	wc	f	19	2	diamond	none	dif	N_dis	(800, 618)	hori	left	True	129449	130267	left	(800, 450)	testing
22	wc	f	19	2	circle	none	dif	N_dis	(968, 450)	hori	left	True	131916	132539	left	(800, 450)	testing
22	wc	f	19	2	diamond	none	dif	N_dis	(800, 282)	vert	up	True	133974	134635	up	(800, 450)	testing
22	wc	f	19	2	circle	green	dif	(800, 618)	(968, 450)	hori	left	True	136290	137131	left	(800, 450)	testing
22	wc	f	19	2	circle	none	same	N_dis	(968, 450)	vert	up	True	138651	139355	up	(800, 450)	testing
22	wc	f	19	2	diamond	red	same	(632, 450)	(968, 450)	vert	up	True	141020	141772	up	(800, 450)	testing
22	wc	f	19	2	diamond	red	same	(800, 618)	(800, 282)	hori	left	True	143402	144027	left	(800, 450)	testing
22	wc	f	19	2	circle	red	dif	(968, 450)	(632, 450)	hori	left	True	145437	146283	left	(800, 450)	testing
22	wc	f	19	2	circle	red	dif	(632, 450)	(800, 282)	vert	up	True	147903	148539	up	(800, 450)	testing
22	wc	f	19	2	circle	red	same	(632, 450)	(800, 618)	vert	up	True	150064	151211	up	(800, 450)	testing
22	wc	f	19	2	circle	red	dif	(632, 450)	(800, 282)	vert	up	True	152596	153227	up	(800, 450)	testing
22	wc	f	19	2	diamond	red	dif	(632, 450)	(800, 618)	vert	up	True	154885	155932	up	(800, 450)	testing
22	wc	f	19	2	circle	red	same	(632, 450)	(800, 618)	hori	left	True	157446	158347	left	(800, 450)	testing
22	wc	f	19	2	circle	none	same	N_dis	(800, 282)	hori	left	True	160015	160635	left	(800, 450)	testing
22	wc	f	19	2	circle	none	dif	N_dis	(632, 450)	vert	up	True	162163	162940	up	(800, 450)	testing
22	wc	f	19	2	diamond	red	dif	(800, 618)	(632, 450)	hori	left	True	164377	165051	left	(800, 450)	testing
22	wc	f	19	2	circle	green	same	(968, 450)	(800, 282)	vert	up	True	166480	167547	up	(800, 450)	testing
22	wc	f	19	2	diamond	none	same	N_dis	(632, 450)	hori	left	True	168972	170059	left	(800, 450)	testing
22	wc	f	19	2	diamond	green	dif	(800, 282)	(800, 618)	vert	up	True	171558	172363	up	(800, 450)	testing
22	wc	f	19	2	diamond	none	dif	N_dis	(800, 282)	hori	left	True	174027	174908	left	(800, 450)	testing
22	wc	f	19	2	circle	red	dif	(632, 450)	(800, 282)	hori	left	True	176385	177083	left	(800, 450)	testing
22	wc	f	19	2	diamond	red	same	(968, 450)	(632, 450)	hori	left	True	178573	179595	left	(800, 450)	testing
22	wc	f	19	2	diamond	none	dif	N_dis	(632, 450)	hori	left	True	181223	181836	left	(800, 450)	testing
22	wc	f	19	2	diamond	red	dif	(800, 618)	(632, 450)	vert	up	True	183457	184172	up	(800, 450)	testing
22	wc	f	19	2	circle	none	dif	N_dis	(800, 282)	hori	left	True	185841	186507	left	(800, 450)	testing
22	wc	f	19	2	circle	red	same	(800, 618)	(800, 282)	vert	up	True	187992	188587	up	(800, 450)	testing
22	wc	f	19	2	diamond	none	same	N_dis	(800, 618)	hori	left	True	190065	191019	left	(800, 450)	testing
22	wc	f	19	2	diamond	none	dif	N_dis	(800, 618)	vert	up	True	192525	193291	up	(800, 450)	testing
22	wc	f	19	2	diamond	red	dif	(968, 450)	(800, 282)	hori	left	True	194668	195308	left	(800, 450)	testing
22	wc	f	19	2	circle	none	same	N_dis	(632, 450)	hori	left	True	196763	197531	left	(800, 450)	testing
22	wc	f	19	2	circle	red	dif	(632, 450)	(968, 450)	hori	left	True	199157	200011	left	(800, 450)	testing
22	wc	f	19	2	diamond	red	same	(632, 450)	(800, 282)	vert	up	True	201464	202139	up	(800, 450)	testing
22	wc	f	19	2	circle	none	same	N_dis	(800, 618)	hori	left	True	203654	204395	left	(800, 450)	testing
22	wc	f	19	2	circle	red	dif	(968, 450)	(800, 618)	hori	left	True	206056	206780	left	(800, 450)	testing
22	wc	f	19	2	diamond	red	same	(968, 450)	(800, 282)	hori	left	True	208158	209243	left	(800, 450)	testing
22	wc	f	19	2	circle	red	same	(632, 450)	(968, 450)	vert	up	True	210669	211307	up	(800, 450)	testing
22	wc	f	19	2	diamond	red	same	(632, 450)	(800, 282)	vert	up	True	212799	213948	up	(800, 450)	testing
22	wc	f	19	2	diamond	red	same	(968, 450)	(800, 282)	vert	up	True	215512	216123	up	(800, 450)	testing
22	wc	f	19	2	circle	none	dif	N_dis	(800, 282)	vert	up	True	217774	218475	up	(800, 450)	testing
22	wc	f	19	2	circle	green	dif	(632, 450)	(800, 282)	vert	up	True	219859	220620	up	(800, 450)	testing
22	wc	f	19	2	diamond	red	dif	(632, 450)	(800, 618)	hori	left	True	222145	223227	left	(800, 450)	testing
22	wc	f	19	2	diamond	red	dif	(968, 450)	(632, 450)	vert	up	True	224612	225339	up	(800, 450)	testing
22	wc	f	19	2	diamond	none	same	N_dis	(968, 450)	hori	left	True	226808	227371	left	(800, 450)	testing
22	wc	f	19	2	circle	none	same	N_dis	(800, 618)	vert	up	True	228933	230251	up	(800, 450)	testing
22	wc	f	19	2	circle	none	same	N_dis	(968, 450)	vert	up	True	231837	232555	up	(800, 450)	testing
22	wc	f	19	2	circle	red	dif	(800, 618)	(968, 450)	vert	up	True	234020	234780	up	(800, 450)	testing
22	wc	f	19	2	diamond	none	dif	N_dis	(800, 618)	hori	left	True	236431	237195	left	(800, 450)	testing
22	wc	f	19	2	circle	red	same	(632, 450)	(968, 450)	vert	up	True	238665	239371	up	(800, 450)	testing
22	wc	f	19	2	circle	none	same	N_dis	(968, 450)	hori	left	True	240759	241340	left	(800, 450)	testing
22	wc	f	19	2	circle	none	same	N_dis	(968, 450)	hori	left	True	242918	244011	left	(800, 450)	testing
22	wc	f	19	2	diamond	red	same	(800, 618)	(968, 450)	vert	up	True	245650	246780	up	(800, 450)	testing
22	wc	f	19	2	circle	green	dif	(968, 450)	(800, 618)	vert	up	True	248202	249339	up	(800, 450)	testing
22	wc	f	19	2	circle	green	same	(968, 450)	(800, 282)	vert	up	True	250783	251675	up	(800, 450)	testing
22	wc	f	19	2	diamond	green	same	(968, 450)	(800, 618)	vert	up	True	253331	254299	up	(800, 450)	testing
22	wc	f	19	2	circle	none	dif	N_dis	(968, 450)	hori	left	True	255769	256603	left	(800, 450)	testing
22	wc	f	19	2	circle	red	dif	(632, 450)	(968, 450)	hori	left	True	258269	259259	left	(800, 450)	testing
22	wc	f	19	2	diamond	none	dif	N_dis	(800, 618)	vert	up	True	260780	261531	up	(800, 450)	testing
22	wc	f	19	2	circle	green	same	(632, 450)	(800, 618)	vert	up	True	263070	263980	up	(800, 450)	testing
22	wc	f	19	2	circle	red	dif	(800, 618)	(968, 450)	vert	up	True	265475	266828	up	(800, 450)	testing
22	wc	f	19	2	circle	red	same	(800, 618)	(632, 450)	hori	left	True	268413	269451	left	(800, 450)	testing
22	wc	f	19	2	circle	green	same	(800, 618)	(968, 450)	hori	left	True	271111	271868	left	(800, 450)	testing
22	wc	f	19	2	circle	green	same	(968, 450)	(632, 450)	hori	left	True	273542	274251	left	(800, 450)	testing
22	wc	f	19	2	circle	none	dif	N_dis	(800, 618)	vert	up	True	275865	276828	up	(800, 450)	testing
22	wc	f	19	2	circle	green	same	(968, 450)	(800, 618)	hori	left	True	278262	279627	left	(800, 450)	testing
22	wc	f	19	2	diamond	none	same	N_dis	(968, 450)	hori	left	True	281023	281884	left	(800, 450)	testing
22	wc	f	19	2	circle	none	same	N_dis	(800, 618)	vert	up	True	283331	284059	up	(800, 450)	testing
22	wc	f	19	2	circle	none	same	N_dis	(968, 450)	vert	up	True	285491	286219	up	(800, 450)	testing
22	wc	f	19	2	diamond	none	same	N_dis	(968, 450)	vert	up	True	287720	288427	up	(800, 450)	testing
22	wc	f	19	2	circle	red	same	(632, 450)	(800, 618)	hori	left	True	289822	290699	left	(800, 450)	testing
22	wc	f	19	2	diamond	none	same	N_dis	(800, 618)	vert	up	True	292108	292780	up	(800, 450)	testing
22	wc	f	19	2	circle	green	same	(968, 450)	(800, 282)	vert	up	True	294236	294956	up	(800, 450)	testing
22	wc	f	19	2	circle	red	dif	(968, 450)	(800, 282)	hori	left	True	296357	296972	left	(800, 450)	testing
22	wc	f	19	2	diamond	green	same	(632, 450)	(800, 618)	hori	left	True	298518	299724	left	(800, 450)	testing
22	wc	f	19	2	diamond	green	dif	(632, 450)	(800, 618)	vert	up	True	301137	301804	up	(800, 450)	testing
22	wc	f	19	2	diamond	none	same	N_dis	(968, 450)	vert	up	True	303342	304011	up	(800, 450)	testing
22	wc	f	19	2	circle	none	same	N_dis	(800, 282)	hori	left	True	305457	306075	left	(800, 450)	testing
22	wc	f	19	2	diamond	red	same	(800, 618)	(800, 282)	hori	left	True	307709	308379	left	(800, 450)	testing
22	wc	f	19	2	diamond	red	same	(632, 450)	(968, 450)	vert	up	True	309793	310571	up	(800, 450)	testing
22	wc	f	19	2	diamond	none	dif	N_dis	(800, 618)	vert	up	True	312028	312667	up	(800, 450)	testing
22	wc	f	19	2	diamond	red	dif	(800, 618)	(632, 450)	vert	up	True	314165	315419	up	(800, 450)	testing
22	wc	f	19	2	diamond	green	same	(800, 618)	(632, 450)	hori	left	True	316961	317595	left	(800, 450)	testing
22	wc	f	19	2	diamond	green	same	(968, 450)	(632, 450)	hori	left	True	319253	319820	left	(800, 450)	testing
22	wc	f	19	2	diamond	red	dif	(800, 618)	(632, 450)	hori	left	True	321489	322219	left	(800, 450)	testing
22	wc	f	19	2	circle	green	same	(968, 450)	(632, 450)	hori	left	True	323856	324860	left	(800, 450)	testing
22	wc	f	19	2	circle	none	same	N_dis	(632, 450)	hori	left	True	326526	327211	left	(800, 450)	testing
22	wc	f	19	2	circle	red	same	(800, 618)	(800, 282)	vert	up	True	328867	330347	up	(800, 450)	testing
22	wc	f	19	2	diamond	none	dif	N_dis	(800, 282)	hori	left	True	331784	332732	left	(800, 450)	testing
22	wc	f	19	2	diamond	green	dif	(800, 618)	(968, 450)	vert	up	True	334231	335355	up	(800, 450)	testing
22	wc	f	19	2	circle	none	same	N_dis	(968, 450)	hori	left	True	336967	337691	left	(800, 450)	testing
22	wc	f	19	2	circle	green	dif	(800, 618)	(800, 282)	vert	up	True	339124	339788	up	(800, 450)	testing
22	wc	f	19	2	circle	green	same	(632, 450)	(968, 450)	hori	left	True	341177	341900	left	(800, 450)	testing
22	wc	f	19	2	diamond	red	same	(632, 450)	(800, 618)	hori	left	True	343361	344619	left	(800, 450)	testing
22	wc	f	19	2	circle	green	dif	(800, 618)	(800, 282)	vert	up	True	346156	347531	up	(800, 450)	testing
22	wc	f	19	2	diamond	red	dif	(968, 450)	(800, 282)	vert	up	True	349048	349756	up	(800, 450)	testing
22	wc	f	19	2	diamond	green	dif	(968, 450)	(800, 618)	hori	left	True	351131	352187	left	(800, 450)	testing
22	wc	f	19	2	diamond	red	same	(632, 450)	(800, 618)	hori	left	True	353750	354475	left	(800, 450)	testing
22	wc	f	19	2	diamond	none	dif	N_dis	(800, 618)	hori	left	True	356140	357019	left	(800, 450)	testing
22	wc	f	19	2	diamond	green	same	(800, 618)	(968, 450)	hori	left	True	358506	359291	left	(800, 450)	testing
22	wc	f	19	2	diamond	green	same	(800, 618)	(968, 450)	hori	left	True	360832	361515	left	(800, 450)	testing
22	wc	f	19	2	circle	red	same	(632, 450)	(800, 282)	hori	left	True	362914	363804	left	(800, 450)	testing
22	wc	f	19	2	circle	none	dif	N_dis	(800, 282)	vert	up	True	365366	366364	up	(800, 450)	testing
22	wc	f	19	2	circle	green	dif	(800, 618)	(968, 450)	vert	up	True	367750	368603	up	(800, 450)	testing
22	wc	f	19	2	circle	green	dif	(800, 618)	(968, 450)	hori	left	True	370207	371163	left	(800, 450)	testing
22	wc	f	19	2	diamond	none	same	N_dis	(800, 282)	vert	up	True	372811	373435	up	(800, 450)	testing
22	wc	f	19	2	diamond	red	same	(800, 618)	(968, 450)	vert	up	True	375021	375756	up	(800, 450)	testing
22	wc	f	19	2	diamond	green	dif	(800, 618)	(800, 282)	vert	up	True	377248	377948	up	(800, 450)	testing
22	wc	f	19	2	diamond	green	dif	(632, 450)	(800, 282)	vert	up	True	379521	381051	up	(800, 450)	testing
22	wc	f	19	2	diamond	none	same	N_dis	(632, 450)	hori	left	True	382588	383563	left	(800, 450)	testing
22	wc	f	19	2	circle	green	dif	(632, 450)	(968, 450)	vert	up	True	385194	386075	up	(800, 450)	testing
22	wc	f	19	2	diamond	none	dif	N_dis	(800, 282)	vert	up	True	387718	388283	up	(800, 450)	testing
22	wc	f	19	2	circle	red	same	(632, 450)	(968, 450)	hori	left	True	389897	390668	left	(800, 450)	testing
22	wc	f	19	2	circle	red	same	(800, 282)	(800, 618)	vert	up	True	392084	392828	up	(800, 450)	testing
22	wc	f	19	2	diamond	green	dif	(632, 450)	(800, 282)	vert	up	True	394412	395115	up	(800, 450)	testing
22	wc	f	19	2	circle	none	same	N_dis	(968, 450)	hori	left	True	396636	397259	left	(800, 450)	testing
22	wc	f	19	2	diamond	green	same	(800, 618)	(632, 450)	hori	left	True	398649	399756	left	(800, 450)	testing
22	wc	f	19	2	diamond	none	dif	N_dis	(800, 282)	hori	left	True	401137	401885	left	(800, 450)	testing
22	wc	f	19	2	diamond	none	dif	N_dis	(800, 618)	vert	up	True	403488	404299	up	(800, 450)	testing
22	wc	f	19	2	diamond	green	dif	(968, 450)	(800, 282)	hori	left	True	405766	406555	left	(800, 450)	testing
22	wc	f	19	2	diamond	red	dif	(968, 450)	(800, 282)	vert	up	True	408118	408956	up	(800, 450)	testing
22	wc	f	19	2	diamond	none	dif	N_dis	(800, 618)	vert	up	True	410392	411307	up	(800, 450)	testing
22	wc	f	19	2	diamond	none	dif	N_dis	(632, 450)	hori	left	True	412788	413451	left	(800, 450)	testing
22	wc	f	19	2	diamond	none	dif	N_dis	(968, 450)	vert	up	True	415121	415948	up	(800, 450)	testing
22	wc	f	19	2	diamond	green	same	(800, 282)	(968, 450)	hori	left	True	417574	418332	left	(800, 450)	testing
22	wc	f	19	2	diamond	green	dif	(968, 450)	(800, 618)	hori	left	True	419946	420989	left	(800, 450)	testing
22	wc	f	19	2	diamond	green	dif	(632, 450)	(800, 282)	hori	left	True	422538	423356	left	(800, 450)	testing
22	wc	f	19	2	circle	green	same	(632, 450)	(968, 450)	hori	left	True	424796	425531	up	(800, 450)	testing
22	wc	f	19	2	circle	none	same	N_dis	(800, 618)	vert	up	True	428580	430587	up	(800, 450)	testing
22	wc	f	19	2	circle	red	same	(968, 450)	(800, 282)	hori	left	True	432194	432908	left	(800, 450)	testing
22	wc	f	19	2	circle	green	same	(968, 450)	(632, 450)	hori	left	True	434488	435339	left	(800, 450)	testing
22	wc	f	19	2	diamond	none	same	N_dis	(800, 282)	hori	left	True	436882	437868	left	(800, 450)	testing
22	wc	f	19	2	diamond	none	same	N_dis	(800, 618)	hori	left	True	439332	440171	left	(800, 450)	testing
22	wc	f	19	2	diamond	none	same	N_dis	(800, 282)	hori	left	True	441620	442219	left	(800, 450)	testing
22	wc	f	19	2	circle	red	same	(632, 450)	(968, 450)	hori	left	True	443696	444555	left	(800, 450)	testing
22	wc	f	19	2	circle	none	dif	N_dis	(968, 450)	vert	up	True	446049	446813	up	(800, 450)	testing
22	wc	f	19	2	diamond	none	same	N_dis	(632, 450)	hori	left	True	448344	449308	left	(800, 450)	testing
22	wc	f	19	2	diamond	none	same	N_dis	(800, 282)	vert	up	True	450978	451531	up	(800, 450)	testing
22	wc	f	19	2	circle	none	dif	N_dis	(632, 450)	vert	up	True	452961	453884	up	(800, 450)	testing
22	wc	f	19	2	diamond	green	same	(632, 450)	(800, 618)	hori	left	True	455358	456412	left	(800, 450)	testing
22	wc	f	19	2	circle	none	same	N_dis	(800, 618)	vert	up	True	458060	458893	up	(800, 450)	testing
22	wc	f	19	2	diamond	green	dif	(968, 450)	(800, 282)	vert	up	True	460529	461547	up	(800, 450)	testing
22	wc	f	19	2	circle	red	dif	(968, 450)	(632, 450)	vert	up	True	463092	464588	up	(800, 450)	testing
22	wc	f	19	2	circle	green	dif	(968, 450)	(800, 282)	vert	up	True	466126	466925	up	(800, 450)	testing
22	wc	f	19	2	diamond	green	dif	(800, 618)	(632, 450)	hori	left	True	468383	470219	left	(800, 450)	testing
22	wc	f	19	2	diamond	red	dif	(632, 450)	(800, 282)	hori	left	True	471780	472764	left	(800, 450)	testing
22	wc	f	19	2	circle	none	dif	N_dis	(632, 450)	hori	left	True	474210	475756	left	(800, 450)	testing
22	wc	f	19	2	diamond	red	dif	(968, 450)	(632, 450)	vert	up	True	477328	478444	up	(800, 450)	testing
22	wc	f	19	2	circle	green	dif	(800, 618)	(632, 450)	hori	left	True	480046	481083	left	(800, 450)	testing
22	wc	f	19	2	diamond	red	dif	(800, 618)	(800, 282)	vert	up	True	482658	484076	up	(800, 450)	testing
22	wc	f	19	2	circle	green	dif	(632, 450)	(968, 450)	hori	left	True	485608	488140	left	(800, 450)	testing
22	wc	f	19	2	circle	red	same	(800, 618)	(632, 450)	vert	up	True	489555	490428	up	(800, 450)	testing
22	wc	f	19	2	circle	none	dif	N_dis	(632, 450)	vert	up	True	491862	492652	up	(800, 450)	testing
22	wc	f	19	2	diamond	red	same	(968, 450)	(800, 618)	vert	up	True	494161	495227	up	(800, 450)	testing
22	wc	f	19	2	circle	green	same	(968, 450)	(800, 618)	hori	left	True	496757	497628	left	(800, 450)	testing
22	wc	f	19	2	circle	green	dif	(968, 450)	(800, 618)	hori	left	True	499034	499916	left	(800, 450)	testing
22	wc	f	19	2	diamond	green	same	(968, 450)	(632, 450)	vert	up	True	501565	503627	up	(800, 450)	testing
22	wc	f	19	2	diamond	green	same	(800, 282)	(632, 450)	vert	up	True	505075	505964	up	(800, 450)	testing
22	wc	f	19	2	circle	green	same	(632, 450)	(800, 618)	vert	up	True	507576	508364	up	(800, 450)	testing
22	wc	f	19	2	circle	red	dif	(632, 450)	(800, 618)	vert	up	True	509889	510635	up	(800, 450)	testing
22	wc	f	19	2	diamond	none	dif	N_dis	(800, 282)	hori	left	True	512152	512765	left	(800, 450)	testing
22	wc	f	19	2	diamond	green	dif	(968, 450)	(800, 618)	hori	left	True	514311	515308	left	(800, 450)	testing
22	wc	f	19	2	diamond	none	dif	N_dis	(800, 282)	hori	left	True	516739	517388	left	(800, 450)	testing
22	wc	f	19	2	diamond	red	same	(968, 450)	(632, 450)	hori	left	True	518906	520123	left	(800, 450)	testing
22	wc	f	19	2	circle	green	dif	(632, 450)	(800, 282)	vert	up	True	521678	524124	up	(800, 450)	testing
22	wc	f	19	2	circle	none	same	N_dis	(800, 618)	hori	left	True	525559	526556	left	(800, 450)	testing
22	wc	f	19	2	circle	none	dif	N_dis	(632, 450)	vert	up	True	528114	529532	up	(800, 450)	testing
22	wc	f	19	2	diamond	green	dif	(800, 618)	(632, 450)	vert	up	True	531064	532124	up	(800, 450)	testing
22	wc	f	19	2	circle	none	same	N_dis	(968, 450)	vert	up	True	533783	534508	up	(800, 450)	testing
22	wc	f	19	2	circle	green	same	(632, 450)	(800, 618)	hori	left	True	536177	536893	left	(800, 450)	testing
22	wc	f	19	2	diamond	green	dif	(632, 450)	(800, 282)	vert	up	True	538524	539403	up	(800, 450)	testing
22	wc	f	19	2	circle	none	same	N_dis	(968, 450)	vert	up	True	540968	541660	up	(800, 450)	testing
22	wc	f	19	2	circle	none	dif	N_dis	(968, 450)	vert	up	True	543150	544316	up	(800, 450)	testing
22	wc	f	19	2	circle	none	dif	N_dis	(632, 450)	hori	left	True	545918	547420	left	(800, 450)	testing
22	wc	f	19	2	circle	green	same	(632, 450)	(800, 282)	vert	up	True	548816	549516	up	(800, 450)	testing
22	wc	f	19	2	diamond	red	same	(632, 450)	(800, 282)	hori	left	True	551148	552364	left	(800, 450)	testing
22	wc	f	19	2	diamond	green	dif	(800, 618)	(968, 450)	hori	left	True	554012	556444	left	(800, 450)	testing
22	wc	f	19	2	diamond	green	dif	(968, 450)	(800, 282)	hori	left	True	557941	558748	left	(800, 450)	testing
22	wc	f	19	2	diamond	green	dif	(800, 618)	(968, 450)	hori	left	True	560421	561547	left	(800, 450)	testing
22	wc	f	19	2	circle	green	dif	(632, 450)	(800, 618)	hori	left	True	562965	564027	left	(800, 450)	testing
22	wc	f	19	2	circle	green	dif	(632, 450)	(800, 618)	hori	left	True	565488	566941	left	(800, 450)	testing
22	wc	f	19	2	diamond	green	dif	(968, 450)	(800, 282)	hori	left	True	568496	569371	left	(800, 450)	testing
22	wc	f	19	2	diamond	red	dif	(800, 618)	(800, 282)	vert	up	True	570914	571644	up	(800, 450)	testing
22	wc	f	19	2	diamond	none	dif	N_dis	(800, 618)	vert	up	True	573172	573981	up	(800, 450)	testing
22	wc	f	19	2	circle	none	dif	N_dis	(800, 618)	vert	up	True	575402	576188	up	(800, 450)	testing
22	wc	f	19	2	circle	none	dif	N_dis	(632, 450)	hori	left	True	577827	578733	left	(800, 450)	testing
22	wc	f	19	2	diamond	red	dif	(968, 450)	(800, 618)	hori	left	True	580181	581340	left	(800, 450)	testing
22	wc	f	19	2	circle	red	dif	(968, 450)	(800, 618)	vert	up	True	582860	584380	up	(800, 450)	testing
22	wc	f	19	2	circle	none	same	N_dis	(632, 450)	vert	up	True	586040	587180	up	(800, 450)	testing
22	wc	f	19	2	diamond	none	dif	N_dis	(800, 618)	hori	left	False	588680	None	None	(800, 450)	testing
22	wc	f	19	2	diamond	red	same	(968, 450)	(800, 282)	vert	up	True	594763	595997	up	(800, 450)	testing
22	wc	f	19	2	circle	green	dif	(632, 450)	(968, 450)	vert	up	True	597377	598220	up	(800, 450)	testing
22	wc	f	19	2	diamond	red	dif	(968, 450)	(800, 282)	vert	up	True	599674	600492	up	(800, 450)	testing
22	wc	f	19	2	circle	red	dif	(632, 450)	(968, 450)	hori	left	True	602078	602877	left	(800, 450)	testing
22	wc	f	19	2	diamond	none	dif	N_dis	(632, 450)	vert	up	True	604350	605052	up	(800, 450)	testing
22	wc	f	19	2	diamond	green	same	(632, 450)	(800, 282)	hori	left	True	606518	607180	left	(800, 450)	testing
22	wc	f	19	2	circle	red	same	(800, 618)	(632, 450)	vert	up	True	608618	609676	up	(800, 450)	testing
22	wc	f	19	2	circle	none	dif	N_dis	(632, 450)	vert	up	True	611078	611741	up	(800, 450)	testing
22	wc	f	19	2	circle	green	same	(632, 450)	(968, 450)	vert	up	True	613372	614028	up	(800, 450)	testing
22	wc	f	19	2	diamond	none	same	N_dis	(632, 450)	vert	up	True	615455	616108	up	(800, 450)	testing
22	wc	f	19	2	circle	red	same	(632, 450)	(968, 450)	vert	up	True	617609	618460	up	(800, 450)	testing
22	wc	f	19	2	diamond	green	same	(800, 618)	(632, 450)	hori	left	True	619990	620667	left	(800, 450)	testing
22	wc	f	19	2	circle	none	dif	N_dis	(800, 282)	hori	left	True	622250	622876	left	(800, 450)	testing
22	wc	f	19	2	diamond	red	same	(968, 450)	(632, 450)	vert	up	True	624306	625004	up	(800, 450)	testing
22	wc	f	19	2	circle	red	dif	(800, 618)	(800, 282)	vert	up	True	626451	627452	up	(800, 450)	testing
22	wc	f	19	2	circle	red	same	(968, 450)	(800, 618)	vert	up	True	628860	629628	up	(800, 450)	testing
22	wc	f	19	2	diamond	red	dif	(800, 618)	(632, 450)	vert	up	True	631263	631885	up	(800, 450)	testing
22	wc	f	19	2	circle	red	same	(632, 450)	(968, 450)	vert	up	True	633389	634044	up	(800, 450)	testing
22	wc	f	19	2	circle	red	same	(800, 618)	(800, 282)	hori	left	True	635480	636076	left	(800, 450)	testing
22	wc	f	19	2	diamond	none	same	N_dis	(968, 450)	hori	left	True	637593	638491	left	(800, 450)	testing
22	wc	f	19	2	circle	red	dif	(632, 450)	(800, 618)	hori	left	True	639947	640844	left	(800, 450)	testing
22	wc	f	19	2	diamond	none	same	N_dis	(800, 282)	vert	up	True	642480	642989	up	(800, 450)	testing
22	wc	f	19	2	diamond	red	same	(968, 450)	(800, 618)	hori	left	True	644406	645516	left	(800, 450)	testing
22	wc	f	19	2	circle	red	dif	(800, 618)	(968, 450)	vert	up	True	647040	647949	up	(800, 450)	testing
22	wc	f	19	2	diamond	red	dif	(968, 450)	(800, 282)	vert	up	True	649554	650316	up	(800, 450)	testing
22	wc	f	19	2	diamond	none	dif	N_dis	(800, 282)	vert	up	True	651947	652765	up	(800, 450)	testing
22	wc	f	19	2	circle	none	dif	N_dis	(968, 450)	vert	up	True	654437	655372	up	(800, 450)	testing
22	wc	f	19	2	diamond	red	dif	(968, 450)	(632, 450)	vert	up	True	656914	657612	up	(800, 450)	testing
22	wc	f	19	2	diamond	green	same	(800, 618)	(968, 450)	hori	left	True	659009	659917	left	(800, 450)	testing
22	wc	f	19	2	diamond	green	same	(968, 450)	(800, 282)	hori	left	True	661471	662092	left	(800, 450)	testing
22	wc	f	19	2	diamond	red	dif	(968, 450)	(800, 618)	vert	up	True	663578	664396	up	(800, 450)	testing
22	wc	f	19	2	diamond	none	dif	N_dis	(968, 450)	hori	left	True	665787	666380	left	(800, 450)	testing
22	wc	f	19	2	circle	green	same	(968, 450)	(800, 282)	hori	left	True	667933	668925	left	(800, 450)	testing
22	wc	f	19	2	diamond	none	dif	N_dis	(968, 450)	hori	left	True	670548	671307	left	(800, 450)	testing
22	wc	f	19	2	diamond	red	same	(968, 450)	(800, 282)	vert	up	True	672699	673195	up	(800, 450)	testing
22	wc	f	19	2	circle	none	same	N_dis	(968, 450)	vert	up	True	674781	675837	up	(800, 450)	testing
22	wc	f	19	2	diamond	red	dif	(632, 450)	(800, 282)	vert	up	True	677427	678411	up	(800, 450)	testing
22	wc	f	19	2	diamond	none	same	N_dis	(968, 450)	vert	up	True	680017	680651	up	(800, 450)	testing
22	wc	f	19	2	diamond	green	dif	(968, 450)	(632, 450)	vert	up	True	682236	683484	up	(800, 450)	testing
22	wc	f	19	2	diamond	red	same	(800, 618)	(632, 450)	hori	left	True	684873	685789	left	(800, 450)	testing
22	wc	f	19	2	circle	green	dif	(968, 450)	(632, 450)	vert	up	True	687378	688028	up	(800, 450)	testing
22	wc	f	19	2	diamond	none	same	N_dis	(632, 450)	hori	left	True	689610	690203	left	(800, 450)	testing
22	wc	f	19	2	circle	red	dif	(800, 618)	(968, 450)	vert	up	True	691623	692428	up	(800, 450)	testing
22	wc	f	19	2	circle	green	same	(800, 618)	(800, 282)	vert	up	True	693965	694588	up	(800, 450)	testing
22	wc	f	19	2	circle	green	same	(800, 618)	(968, 450)	hori	left	True	696034	696700	left	(800, 450)	testing
22	wc	f	19	2	circle	none	same	N_dis	(800, 618)	vert	up	True	698362	699004	up	(800, 450)	testing
22	wc	f	19	2	circle	none	dif	N_dis	(800, 282)	vert	up	True	700426	701004	up	(800, 450)	testing
22	wc	f	19	2	circle	green	dif	(800, 618)	(968, 450)	hori	left	True	702547	703356	up	(800, 450)	testing
22	wc	f	19	2	diamond	red	same	(632, 450)	(968, 450)	vert	up	True	706302	707020	up	(800, 450)	testing
22	wc	f	19	2	circle	green	dif	(632, 450)	(800, 282)	vert	up	True	708632	709196	left	(800, 450)	testing
22	wc	f	19	2	circle	red	dif	(800, 282)	(968, 450)	hori	left	True	712310	713164	left	(800, 450)	testing
22	wc	f	19	2	circle	green	same	(800, 618)	(968, 450)	hori	left	True	714782	715452	left	(800, 450)	testing
22	wc	f	19	2	diamond	green	same	(800, 618)	(968, 450)	vert	up	True	717014	717709	up	(800, 450)	testing
22	wc	f	19	2	diamond	none	same	N_dis	(968, 450)	hori	left	True	719227	719917	left	(800, 450)	testing
22	wc	f	19	2	diamond	green	same	(632, 450)	(800, 282)	hori	left	True	721574	722172	left	(800, 450)	testing
22	wc	f	19	2	circle	red	dif	(632, 450)	(800, 618)	vert	up	True	723701	724428	up	(800, 450)	testing
22	wc	f	19	2	diamond	none	dif	N_dis	(800, 618)	vert	up	True	725907	726941	up	(800, 450)	testing
22	wc	f	19	2	diamond	none	same	N_dis	(800, 282)	vert	up	True	728599	729132	up	(800, 450)	testing
22	wc	f	19	2	circle	none	same	N_dis	(800, 282)	hori	left	True	730667	731388	left	(800, 450)	testing
22	wc	f	19	2	circle	green	same	(800, 618)	(800, 282)	vert	up	True	732991	734044	left	(800, 450)	testing
22	wc	f	19	2	diamond	red	same	(968, 450)	(632, 450)	hori	left	True	736976	738492	left	(800, 450)	testing
22	wc	f	19	2	circle	none	dif	N_dis	(800, 618)	hori	left	True	740119	741019	left	(800, 450)	testing
22	wc	f	19	2	circle	green	same	(800, 618)	(632, 450)	hori	left	True	742548	743388	left	(800, 450)	testing
