subj	name	gender	age	runNum	shape	dist	td_dif	d_loc	t_loc	resp	resp_key	gotKey	startTime	respTime	resp	fix_loc	prac
22	wc	f	19	1	circle	none	same	N_dis	(800, 618)	vert	up	True	85684	86941	up	(800, 450)	practice
22	wc	f	19	1	diamond	none	same	N_dis	(800, 282)	vert	up	True	88317	90043	up	(800, 450)	practice
22	wc	f	19	1	circle	none	same	N_dis	(632, 450)	hori	left	True	91651	92989	left	(800, 450)	practice
22	wc	f	19	1	diamond	red	same	(800, 282)	(968, 450)	vert	up	True	94549	96284	up	(800, 450)	practice
22	wc	f	19	1	circle	none	dif	N_dis	(968, 450)	vert	up	True	97807	99196	up	(800, 450)	practice
22	wc	f	19	1	circle	red	same	(800, 282)	(632, 450)	hori	left	True	100699	102828	left	(800, 450)	practice
22	wc	f	19	1	diamond	green	same	(800, 282)	(800, 618)	hori	left	True	104330	105965	left	(800, 450)	practice
22	wc	f	19	1	circle	green	dif	(800, 282)	(968, 450)	hori	left	True	107351	108844	left	(800, 450)	practice
22	wc	f	19	1	diamond	red	dif	(800, 282)	(632, 450)	vert	up	True	110279	111404	up	(800, 450)	practice
22	wc	f	19	1	diamond	red	dif	(800, 282)	(800, 618)	vert	up	True	112833	113739	up	(800, 450)	practice
22	wc	f	19	1	diamond	green	same	(800, 282)	(968, 450)	hori	left	True	115406	116925	left	(800, 450)	practice
22	wc	f	19	1	circle	green	dif	(800, 282)	(632, 450)	vert	up	True	118560	119739	up	(800, 450)	practice
22	wc	f	19	1	diamond	none	dif	N_dis	(968, 450)	hori	left	True	121313	122524	left	(800, 450)	practice
22	wc	f	19	1	circle	none	same	N_dis	(800, 618)	vert	up	True	124128	125195	up	(800, 450)	practice
22	wc	f	19	1	circle	red	dif	(800, 282)	(800, 618)	vert	up	True	126620	127885	up	(800, 450)	practice
22	wc	f	19	1	diamond	red	same	(800, 282)	(968, 450)	hori	left	True	129289	130332	left	(800, 450)	practice
22	wc	f	19	1	circle	green	same	(800, 282)	(632, 450)	vert	up	True	131750	132844	up	(800, 450)	practice
22	wc	f	19	1	circle	green	dif	(800, 282)	(800, 618)	vert	up	True	134357	135164	up	(800, 450)	practice
22	wc	f	19	1	circle	none	dif	N_dis	(968, 450)	vert	up	True	136548	138156	up	(800, 450)	practice
22	wc	f	19	1	circle	none	same	N_dis	(800, 282)	hori	left	True	139815	140957	left	(800, 450)	practice
22	wc	f	19	1	circle	none	same	N_dis	(800, 282)	hori	left	True	142601	143468	left	(800, 450)	practice
22	wc	f	19	1	circle	green	dif	(800, 282)	(968, 450)	hori	left	True	144996	145852	up	(800, 450)	practice
22	wc	f	19	1	diamond	green	same	(800, 282)	(632, 450)	vert	up	True	149029	150204	up	(800, 450)	practice
22	wc	f	19	1	diamond	red	dif	(800, 282)	(800, 618)	hori	left	True	151753	152587	left	(800, 450)	practice
22	wc	f	19	1	circle	red	same	(800, 282)	(968, 450)	hori	left	True	154127	155100	left	(800, 450)	practice
22	wc	f	19	1	circle	red	same	(800, 282)	(632, 450)	hori	left	True	156491	157628	left	(800, 450)	practice
22	wc	f	19	1	diamond	none	same	N_dis	(800, 282)	vert	up	True	159083	160044	up	(800, 450)	practice
22	wc	f	19	1	diamond	none	same	N_dis	(800, 282)	hori	left	True	161693	162796	left	(800, 450)	practice
22	wc	f	19	1	circle	none	same	N_dis	(632, 450)	hori	left	True	164287	165020	left	(800, 450)	practice
22	wc	f	19	1	circle	red	dif	(800, 282)	(800, 618)	vert	up	True	166555	168204	up	(800, 450)	practice
22	wc	f	19	1	diamond	none	same	N_dis	(800, 282)	vert	up	True	169835	170844	left	(800, 450)	practice
22	wc	f	19	1	diamond	none	dif	N_dis	(968, 450)	vert	up	False	173895	None	None	(800, 450)	practice
22	wc	f	19	1	diamond	green	dif	(800, 282)	(968, 450)	hori	left	True	179895	181180	left	(800, 450)	practice
22	wc	f	19	1	diamond	red	same	(800, 282)	(632, 450)	vert	up	True	182652	183660	up	(800, 450)	practice
22	wc	f	19	1	diamond	green	same	(800, 282)	(800, 618)	hori	left	True	185071	186044	left	(800, 450)	practice
22	wc	f	19	1	diamond	red	same	(800, 282)	(968, 450)	vert	up	True	187634	188812	up	(800, 450)	practice
22	wc	f	19	1	circle	green	same	(800, 282)	(632, 450)	hori	left	True	190321	191276	left	(800, 450)	practice
22	wc	f	19	1	diamond	none	same	N_dis	(968, 450)	vert	up	True	192792	194156	up	(800, 450)	practice
22	wc	f	19	1	circle	red	same	(800, 282)	(800, 618)	hori	left	True	195640	196941	left	(800, 450)	practice
22	wc	f	19	1	circle	red	dif	(800, 282)	(968, 450)	vert	up	True	198342	199404	up	(800, 450)	practice
22	wc	f	19	1	diamond	none	same	N_dis	(800, 618)	hori	left	True	203349	204523	left	(800, 450)	testing
22	wc	f	19	1	circle	none	same	N_dis	(800, 618)	vert	up	True	205904	206828	up	(800, 450)	testing
22	wc	f	19	1	diamond	red	dif	(968, 450)	(632, 450)	hori	left	True	208303	209164	up	(800, 450)	testing
22	wc	f	19	1	circle	green	dif	(800, 282)	(800, 618)	hori	left	True	212185	214444	left	(800, 450)	testing
22	wc	f	19	1	diamond	none	dif	N_dis	(968, 450)	hori	left	True	216090	217212	left	(800, 450)	testing
22	wc	f	19	1	circle	red	dif	(968, 450)	(800, 618)	vert	up	True	218870	219851	up	(800, 450)	testing
22	wc	f	19	1	diamond	green	same	(968, 450)	(632, 450)	vert	up	True	221283	222428	up	(800, 450)	testing
22	wc	f	19	1	circle	none	dif	N_dis	(800, 618)	hori	left	True	223988	224812	left	(800, 450)	testing
22	wc	f	19	1	diamond	green	same	(800, 282)	(800, 618)	vert	up	True	226294	228748	up	(800, 450)	testing
22	wc	f	19	1	diamond	red	same	(800, 282)	(968, 450)	hori	left	True	230371	231724	left	(800, 450)	testing
22	wc	f	19	1	circle	none	same	N_dis	(632, 450)	vert	up	True	233266	234604	left	(800, 450)	testing
22	wc	f	19	1	circle	green	dif	(800, 618)	(632, 450)	hori	left	True	237684	238764	left	(800, 450)	testing
22	wc	f	19	1	diamond	green	dif	(800, 618)	(800, 282)	hori	left	True	240354	242092	left	(800, 450)	testing
22	wc	f	19	1	circle	green	dif	(968, 450)	(800, 282)	hori	left	True	243694	245724	left	(800, 450)	testing
22	wc	f	19	1	diamond	green	dif	(968, 450)	(632, 450)	vert	up	True	247268	248700	up	(800, 450)	testing
22	wc	f	19	1	diamond	green	same	(800, 282)	(800, 618)	vert	up	True	250364	251564	up	(800, 450)	testing
22	wc	f	19	1	diamond	red	same	(800, 618)	(632, 450)	hori	left	True	253088	254748	left	(800, 450)	testing
22	wc	f	19	1	diamond	red	dif	(800, 282)	(632, 450)	hori	left	True	256416	257500	left	(800, 450)	testing
22	wc	f	19	1	diamond	red	dif	(632, 450)	(800, 618)	vert	up	True	258896	259933	up	(800, 450)	testing
22	wc	f	19	1	circle	green	dif	(800, 282)	(632, 450)	hori	left	True	261527	262524	left	(800, 450)	testing
22	wc	f	19	1	diamond	none	same	N_dis	(968, 450)	vert	up	True	263901	265100	up	(800, 450)	testing
22	wc	f	19	1	circle	green	dif	(632, 450)	(968, 450)	vert	up	True	266732	267836	up	(800, 450)	testing
22	wc	f	19	1	circle	green	same	(632, 450)	(800, 282)	hori	left	True	269476	270588	left	(800, 450)	testing
22	wc	f	19	1	circle	none	dif	N_dis	(800, 282)	hori	left	True	272260	273228	left	(800, 450)	testing
22	wc	f	19	1	circle	red	same	(800, 618)	(968, 450)	vert	up	True	274862	275965	up	(800, 450)	testing
22	wc	f	19	1	diamond	none	dif	N_dis	(968, 450)	hori	left	True	277628	279516	left	(800, 450)	testing
22	wc	f	19	1	diamond	red	same	(968, 450)	(800, 282)	vert	up	True	280960	283420	up	(800, 450)	testing
22	wc	f	19	1	diamond	red	dif	(632, 450)	(968, 450)	hori	left	True	285051	286172	left	(800, 450)	testing
22	wc	f	19	1	diamond	green	same	(800, 282)	(800, 618)	hori	left	True	287611	289020	left	(800, 450)	testing
22	wc	f	19	1	diamond	none	dif	N_dis	(632, 450)	hori	left	True	290530	291308	left	(800, 450)	testing
22	wc	f	19	1	circle	green	dif	(632, 450)	(800, 282)	hori	left	True	292728	294268	left	(800, 450)	testing
22	wc	f	19	1	circle	green	same	(800, 618)	(800, 282)	vert	up	True	295934	296844	up	(800, 450)	testing
22	wc	f	19	1	circle	red	same	(632, 450)	(968, 450)	hori	left	True	298360	299307	left	(800, 450)	testing
22	wc	f	19	1	circle	red	same	(800, 282)	(800, 618)	vert	up	True	300969	302156	up	(800, 450)	testing
22	wc	f	19	1	diamond	green	dif	(800, 618)	(968, 450)	vert	up	True	303827	305228	up	(800, 450)	testing
22	wc	f	19	1	diamond	none	same	N_dis	(968, 450)	vert	up	True	306888	307804	up	(800, 450)	testing
22	wc	f	19	1	circle	green	same	(800, 282)	(800, 618)	vert	up	True	309179	310989	up	(800, 450)	testing
22	wc	f	19	1	circle	green	same	(800, 282)	(632, 450)	hori	left	True	312368	313484	left	(800, 450)	testing
22	wc	f	19	1	circle	none	same	N_dis	(632, 450)	vert	up	True	315042	316076	up	(800, 450)	testing
22	wc	f	19	1	circle	green	same	(800, 282)	(968, 450)	hori	left	True	317649	318636	left	(800, 450)	testing
22	wc	f	19	1	circle	red	same	(800, 282)	(632, 450)	vert	up	True	320100	321548	left	(800, 450)	testing
22	wc	f	19	1	circle	red	dif	(800, 282)	(968, 450)	vert	up	True	324652	325885	up	(800, 450)	testing
22	wc	f	19	1	diamond	green	dif	(800, 282)	(632, 450)	hori	left	True	327452	328444	left	(800, 450)	testing
22	wc	f	19	1	diamond	red	same	(800, 282)	(968, 450)	vert	up	True	329886	330989	up	(800, 450)	testing
22	wc	f	19	1	diamond	green	dif	(800, 282)	(632, 450)	hori	left	True	332540	333452	left	(800, 450)	testing
22	wc	f	19	1	circle	green	dif	(800, 282)	(800, 618)	vert	up	True	335110	336028	up	(800, 450)	testing
22	wc	f	19	1	circle	none	dif	N_dis	(968, 450)	hori	left	True	337417	338252	left	(800, 450)	testing
22	wc	f	19	1	diamond	red	dif	(800, 282)	(800, 618)	hori	left	True	339655	340973	left	(800, 450)	testing
22	wc	f	19	1	circle	none	dif	N_dis	(968, 450)	hori	left	True	342395	343308	left	(800, 450)	testing
22	wc	f	19	1	diamond	red	dif	(800, 282)	(632, 450)	vert	up	True	344721	345804	up	(800, 450)	testing
22	wc	f	19	1	circle	red	same	(800, 282)	(968, 450)	hori	left	True	347389	348156	left	(800, 450)	testing
22	wc	f	19	1	circle	green	same	(632, 450)	(800, 282)	hori	left	True	349738	351100	left	(800, 450)	testing
22	wc	f	19	1	circle	none	same	N_dis	(800, 618)	vert	up	True	352492	353580	up	(800, 450)	testing
22	wc	f	19	1	circle	none	same	N_dis	(800, 282)	hori	left	True	355234	356428	left	(800, 450)	testing
22	wc	f	19	1	diamond	green	dif	(632, 450)	(800, 282)	vert	up	True	357943	359547	up	(800, 450)	testing
22	wc	f	19	1	circle	red	same	(800, 282)	(968, 450)	vert	up	True	361060	362108	left	(800, 450)	testing
22	wc	f	19	1	diamond	green	same	(968, 450)	(800, 618)	vert	up	True	365201	366316	up	(800, 450)	testing
22	wc	f	19	1	diamond	none	dif	N_dis	(632, 450)	hori	left	True	367808	369212	left	(800, 450)	testing
22	wc	f	19	1	circle	none	dif	N_dis	(800, 618)	hori	left	True	370823	371820	left	(800, 450)	testing
22	wc	f	19	1	diamond	none	same	N_dis	(800, 282)	hori	left	True	373265	374380	left	(800, 450)	testing
22	wc	f	19	1	circle	green	dif	(632, 450)	(968, 450)	vert	up	True	376004	376844	up	(800, 450)	testing
22	wc	f	19	1	circle	red	dif	(800, 282)	(968, 450)	vert	up	True	378368	379372	left	(800, 450)	testing
22	wc	f	19	1	diamond	none	dif	N_dis	(800, 282)	hori	left	True	382314	384556	left	(800, 450)	testing
22	wc	f	19	1	diamond	red	dif	(800, 618)	(800, 282)	hori	left	True	386228	388700	left	(800, 450)	testing
22	wc	f	19	1	circle	green	same	(800, 282)	(968, 450)	hori	left	True	390366	391836	left	(800, 450)	testing
22	wc	f	19	1	circle	red	same	(800, 282)	(632, 450)	vert	up	True	393212	394108	up	(800, 450)	testing
22	wc	f	19	1	circle	red	dif	(800, 618)	(632, 450)	hori	left	True	395499	396508	left	(800, 450)	testing
22	wc	f	19	1	diamond	none	same	N_dis	(800, 282)	hori	left	True	398041	399340	left	(800, 450)	testing
22	wc	f	19	1	circle	red	dif	(632, 450)	(800, 618)	hori	left	True	400883	401933	left	(800, 450)	testing
22	wc	f	19	1	circle	green	same	(800, 618)	(800, 282)	vert	up	True	403361	404412	up	(800, 450)	testing
22	wc	f	19	1	diamond	red	same	(968, 450)	(632, 450)	vert	up	True	405998	408012	left	(800, 450)	testing
22	wc	f	19	1	diamond	red	same	(800, 282)	(800, 618)	hori	left	True	411185	412492	left	(800, 450)	testing
22	wc	f	19	1	diamond	green	same	(632, 450)	(968, 450)	vert	up	True	413980	415500	up	(800, 450)	testing
22	wc	f	19	1	diamond	red	dif	(632, 450)	(800, 618)	vert	up	True	417043	418844	up	(800, 450)	testing
22	wc	f	19	1	circle	green	dif	(800, 282)	(800, 618)	vert	up	True	420506	421388	up	(800, 450)	testing
22	wc	f	19	1	diamond	none	dif	N_dis	(968, 450)	hori	left	True	423059	424332	left	(800, 450)	testing
22	wc	f	19	1	circle	red	dif	(800, 282)	(800, 618)	hori	left	True	425891	427500	left	(800, 450)	testing
22	wc	f	19	1	circle	none	same	N_dis	(800, 282)	hori	left	True	429068	430428	left	(800, 450)	testing
22	wc	f	19	1	circle	red	same	(968, 450)	(800, 282)	vert	up	True	431991	434236	up	(800, 450)	testing
22	wc	f	19	1	circle	green	dif	(632, 450)	(800, 282)	hori	left	True	435675	437788	left	(800, 450)	testing
22	wc	f	19	1	diamond	green	dif	(968, 450)	(800, 282)	vert	up	True	439415	441052	up	(800, 450)	testing
22	wc	f	19	1	diamond	none	dif	N_dis	(800, 282)	vert	up	True	442601	444268	up	(800, 450)	testing
22	wc	f	19	1	diamond	green	dif	(968, 450)	(800, 618)	hori	left	True	445681	447132	left	(800, 450)	testing
22	wc	f	19	1	circle	green	dif	(800, 282)	(632, 450)	vert	up	True	448618	450108	up	(800, 450)	testing
22	wc	f	19	1	diamond	none	dif	N_dis	(800, 618)	hori	left	True	451623	452893	left	(800, 450)	testing
22	wc	f	19	1	circle	none	dif	N_dis	(968, 450)	vert	up	True	454496	455548	up	(800, 450)	testing
22	wc	f	19	1	circle	red	dif	(800, 282)	(968, 450)	vert	up	True	457061	458588	up	(800, 450)	testing
22	wc	f	19	1	circle	green	dif	(800, 282)	(968, 450)	hori	left	True	460031	460989	left	(800, 450)	testing
22	wc	f	19	1	diamond	green	dif	(800, 282)	(968, 450)	vert	up	True	462440	463917	up	(800, 450)	testing
22	wc	f	19	1	diamond	none	same	N_dis	(800, 618)	vert	up	True	465526	466588	up	(800, 450)	testing
22	wc	f	19	1	diamond	red	same	(800, 618)	(968, 450)	vert	up	True	468114	469212	up	(800, 450)	testing
22	wc	f	19	1	diamond	none	dif	N_dis	(968, 450)	vert	up	True	470625	471772	up	(800, 450)	testing
22	wc	f	19	1	diamond	green	dif	(800, 282)	(968, 450)	hori	left	True	473358	474316	left	(800, 450)	testing
22	wc	f	19	1	diamond	none	same	N_dis	(632, 450)	hori	left	True	475908	476844	left	(800, 450)	testing
22	wc	f	19	1	circle	red	dif	(968, 450)	(800, 618)	vert	up	True	478341	479467	up	(800, 450)	testing
22	wc	f	19	1	diamond	none	same	N_dis	(800, 282)	hori	left	True	481076	482284	left	(800, 450)	testing
22	wc	f	19	1	circle	green	same	(800, 618)	(800, 282)	vert	up	True	483898	484957	up	(800, 450)	testing
22	wc	f	19	1	circle	red	same	(800, 282)	(968, 450)	hori	left	True	486455	487612	left	(800, 450)	testing
22	wc	f	19	1	circle	red	same	(632, 450)	(800, 282)	vert	up	True	489006	490252	up	(800, 450)	testing
22	wc	f	19	1	circle	green	dif	(968, 450)	(800, 282)	vert	up	True	491851	493244	up	(800, 450)	testing
22	wc	f	19	1	circle	red	same	(800, 618)	(800, 282)	vert	up	True	494906	495740	up	(800, 450)	testing
22	wc	f	19	1	diamond	green	same	(632, 450)	(800, 282)	vert	up	True	497129	499212	up	(800, 450)	testing
22	wc	f	19	1	circle	green	same	(800, 282)	(800, 618)	hori	left	True	500731	501981	left	(800, 450)	testing
22	wc	f	19	1	diamond	green	dif	(800, 282)	(800, 618)	hori	left	True	503606	506444	left	(800, 450)	testing
22	wc	f	19	1	circle	green	same	(800, 282)	(800, 618)	hori	left	True	507907	509420	left	(800, 450)	testing
22	wc	f	19	1	diamond	none	same	N_dis	(800, 618)	hori	left	True	510918	512812	left	(800, 450)	testing
22	wc	f	19	1	circle	red	same	(968, 450)	(800, 282)	hori	left	True	514481	516668	left	(800, 450)	testing
22	wc	f	19	1	circle	red	dif	(800, 282)	(632, 450)	vert	up	True	518063	519484	up	(800, 450)	testing
22	wc	f	19	1	diamond	none	dif	N_dis	(632, 450)	hori	left	True	520948	522604	left	(800, 450)	testing
22	wc	f	19	1	diamond	green	dif	(800, 282)	(800, 618)	vert	up	True	524139	525404	up	(800, 450)	testing
22	wc	f	19	1	circle	none	dif	N_dis	(968, 450)	vert	up	True	526937	528492	up	(800, 450)	testing
22	wc	f	19	1	circle	red	same	(800, 282)	(800, 618)	vert	up	True	530030	531260	up	(800, 450)	testing
22	wc	f	19	1	circle	none	same	N_dis	(632, 450)	hori	left	True	532694	533532	left	(800, 450)	testing
22	wc	f	19	1	diamond	red	dif	(800, 618)	(632, 450)	vert	up	True	535129	537180	up	(800, 450)	testing
22	wc	f	19	1	diamond	none	same	N_dis	(800, 282)	hori	left	True	538797	540572	left	(800, 450)	testing
22	wc	f	19	1	diamond	none	same	N_dis	(968, 450)	vert	up	True	542235	543724	up	(800, 450)	testing
22	wc	f	19	1	diamond	green	dif	(968, 450)	(800, 618)	vert	up	True	545180	546380	up	(800, 450)	testing
22	wc	f	19	1	diamond	green	same	(968, 450)	(632, 450)	vert	up	True	548021	548973	up	(800, 450)	testing
22	wc	f	19	1	circle	none	same	N_dis	(632, 450)	hori	left	True	550390	551804	left	(800, 450)	testing
22	wc	f	19	1	diamond	red	same	(800, 282)	(968, 450)	hori	left	True	553327	554268	left	(800, 450)	testing
22	wc	f	19	1	circle	red	dif	(800, 282)	(968, 450)	hori	left	True	555825	556796	left	(800, 450)	testing
22	wc	f	19	1	diamond	none	same	N_dis	(632, 450)	hori	left	True	558282	559340	left	(800, 450)	testing
22	wc	f	19	1	circle	green	same	(968, 450)	(632, 450)	vert	up	True	560894	563068	up	(800, 450)	testing
22	wc	f	19	1	circle	red	same	(968, 450)	(632, 450)	vert	up	True	564581	567308	up	(800, 450)	testing
22	wc	f	19	1	circle	none	same	N_dis	(800, 282)	hori	left	True	568757	569804	left	(800, 450)	testing
22	wc	f	19	1	circle	green	dif	(800, 618)	(632, 450)	hori	left	True	571444	573100	left	(800, 450)	testing
22	wc	f	19	1	diamond	green	same	(632, 450)	(800, 282)	vert	up	True	574708	576220	up	(800, 450)	testing
22	wc	f	19	1	diamond	red	same	(800, 618)	(968, 450)	vert	up	True	577630	580060	up	(800, 450)	testing
22	wc	f	19	1	diamond	green	dif	(632, 450)	(800, 282)	hori	left	True	581632	583164	left	(800, 450)	testing
22	wc	f	19	1	circle	red	same	(968, 450)	(800, 618)	vert	up	True	584774	586957	up	(800, 450)	testing
22	wc	f	19	1	diamond	red	dif	(800, 618)	(800, 282)	vert	up	True	588493	590060	up	(800, 450)	testing
22	wc	f	19	1	circle	green	same	(800, 282)	(632, 450)	vert	up	True	591497	592973	up	(800, 450)	testing
22	wc	f	19	1	diamond	red	dif	(632, 450)	(800, 618)	hori	left	True	594564	595852	left	(800, 450)	testing
22	wc	f	19	1	circle	red	same	(800, 282)	(968, 450)	hori	left	True	597501	598508	left	(800, 450)	testing
22	wc	f	19	1	circle	green	same	(632, 450)	(800, 618)	vert	up	True	599959	601356	up	(800, 450)	testing
22	wc	f	19	1	circle	green	same	(800, 282)	(632, 450)	vert	up	True	602760	603965	up	(800, 450)	testing
22	wc	f	19	1	diamond	red	dif	(800, 282)	(632, 450)	vert	up	True	605573	606556	up	(800, 450)	testing
22	wc	f	19	1	diamond	green	same	(968, 450)	(632, 450)	hori	left	True	608188	609340	left	(800, 450)	testing
22	wc	f	19	1	circle	red	dif	(800, 618)	(632, 450)	vert	up	True	610929	611788	up	(800, 450)	testing
22	wc	f	19	1	circle	none	same	N_dis	(800, 618)	hori	left	True	613325	614316	left	(800, 450)	testing
22	wc	f	19	1	circle	green	dif	(800, 618)	(632, 450)	hori	left	True	615849	617004	left	(800, 450)	testing
22	wc	f	19	1	circle	red	dif	(632, 450)	(800, 282)	hori	left	True	618454	619404	left	(800, 450)	testing
22	wc	f	19	1	diamond	red	same	(800, 282)	(968, 450)	vert	up	True	621038	621917	up	(800, 450)	testing
22	wc	f	19	1	diamond	green	same	(800, 618)	(968, 450)	hori	left	True	623298	625132	left	(800, 450)	testing
22	wc	f	19	1	circle	green	same	(968, 450)	(800, 282)	vert	up	True	626576	627981	up	(800, 450)	testing
22	wc	f	19	1	diamond	red	same	(800, 282)	(968, 450)	hori	left	True	629512	630444	left	(800, 450)	testing
22	wc	f	19	1	diamond	none	dif	N_dis	(632, 450)	hori	left	True	631843	633580	left	(800, 450)	testing
22	wc	f	19	1	circle	red	dif	(968, 450)	(632, 450)	vert	up	True	635115	635933	up	(800, 450)	testing
22	wc	f	19	1	diamond	none	dif	N_dis	(800, 282)	hori	left	True	637549	638380	left	(800, 450)	testing
22	wc	f	19	1	diamond	red	same	(968, 450)	(800, 282)	hori	left	True	640048	641885	left	(800, 450)	testing
22	wc	f	19	1	diamond	red	dif	(800, 282)	(968, 450)	vert	up	True	643313	644156	up	(800, 450)	testing
22	wc	f	19	1	circle	red	dif	(800, 618)	(800, 282)	hori	left	True	645570	646380	left	(800, 450)	testing
22	wc	f	19	1	diamond	none	dif	N_dis	(800, 282)	hori	left	True	647798	648925	left	(800, 450)	testing
22	wc	f	19	1	diamond	red	same	(800, 282)	(800, 618)	vert	up	True	650551	651452	up	(800, 450)	testing
22	wc	f	19	1	diamond	green	dif	(800, 282)	(800, 618)	hori	left	True	652942	653772	left	(800, 450)	testing
22	wc	f	19	1	circle	red	same	(800, 282)	(632, 450)	hori	left	True	655248	656332	left	(800, 450)	testing
22	wc	f	19	1	circle	green	dif	(800, 282)	(800, 618)	vert	up	True	657956	658844	up	(800, 450)	testing
22	wc	f	19	1	circle	green	same	(800, 282)	(632, 450)	hori	left	True	660490	662044	left	(800, 450)	testing
22	wc	f	19	1	circle	red	dif	(968, 450)	(800, 618)	hori	left	True	663542	665324	left	(800, 450)	testing
22	wc	f	19	1	diamond	green	dif	(800, 282)	(800, 618)	hori	left	True	666850	667965	left	(800, 450)	testing
22	wc	f	19	1	diamond	red	same	(632, 450)	(800, 618)	vert	up	True	669506	671116	up	(800, 450)	testing
22	wc	f	19	1	diamond	green	same	(800, 282)	(632, 450)	hori	left	True	672555	673820	left	(800, 450)	testing
22	wc	f	19	1	diamond	green	same	(800, 282)	(968, 450)	hori	left	True	675439	676380	left	(800, 450)	testing
22	wc	f	19	1	diamond	none	same	N_dis	(800, 618)	hori	left	True	677972	678893	left	(800, 450)	testing
22	wc	f	19	1	circle	green	dif	(632, 450)	(800, 618)	hori	left	True	680377	681292	left	(800, 450)	testing
22	wc	f	19	1	diamond	red	same	(800, 618)	(968, 450)	vert	up	True	682740	683788	up	(800, 450)	testing
22	wc	f	19	1	diamond	none	same	N_dis	(800, 618)	vert	up	True	685258	686893	up	(800, 450)	testing
22	wc	f	19	1	diamond	none	same	N_dis	(800, 282)	vert	up	True	688550	689452	up	(800, 450)	testing
22	wc	f	19	1	diamond	green	dif	(800, 282)	(632, 450)	vert	up	True	691069	691965	up	(800, 450)	testing
22	wc	f	19	1	circle	none	dif	N_dis	(800, 618)	hori	left	True	693551	694412	left	(800, 450)	testing
22	wc	f	19	1	circle	green	same	(800, 618)	(800, 282)	hori	left	True	695808	696700	left	(800, 450)	testing
22	wc	f	19	1	circle	none	dif	N_dis	(632, 450)	hori	left	True	698227	698989	left	(800, 450)	testing
22	wc	f	19	1	circle	red	dif	(968, 450)	(800, 618)	vert	up	True	700530	701340	up	(800, 450)	testing
22	wc	f	19	1	diamond	none	dif	N_dis	(968, 450)	vert	up	True	702731	703724	up	(800, 450)	testing
22	wc	f	19	1	diamond	red	dif	(800, 282)	(968, 450)	vert	up	True	705265	706844	up	(800, 450)	testing
22	wc	f	19	1	circle	none	same	N_dis	(632, 450)	hori	left	True	708300	709180	left	(800, 450)	testing
22	wc	f	19	1	circle	green	same	(800, 618)	(968, 450)	vert	up	True	710618	711981	up	(800, 450)	testing
22	wc	f	19	1	diamond	none	dif	N_dis	(800, 282)	hori	left	True	713371	714796	left	(800, 450)	testing
22	wc	f	19	1	circle	none	same	N_dis	(800, 282)	hori	left	True	716333	717708	left	(800, 450)	testing
22	wc	f	19	1	diamond	none	same	N_dis	(800, 618)	vert	up	True	719163	720508	up	(800, 450)	testing
22	wc	f	19	1	circle	none	same	N_dis	(632, 450)	hori	left	True	721921	722700	left	(800, 450)	testing
22	wc	f	19	1	diamond	green	dif	(968, 450)	(800, 282)	hori	left	True	724167	725292	left	(800, 450)	testing
22	wc	f	19	1	circle	green	dif	(632, 450)	(800, 618)	vert	up	True	726720	728060	up	(800, 450)	testing
22	wc	f	19	1	diamond	none	same	N_dis	(968, 450)	vert	up	True	729436	730540	up	(800, 450)	testing
22	wc	f	19	1	diamond	none	dif	N_dis	(632, 450)	vert	up	True	732102	733532	up	(800, 450)	testing
22	wc	f	19	1	circle	red	dif	(632, 450)	(800, 618)	hori	left	True	734944	736925	left	(800, 450)	testing
22	wc	f	19	1	circle	none	dif	N_dis	(800, 282)	vert	up	True	738433	739532	up	(800, 450)	testing
22	wc	f	19	1	circle	red	same	(800, 618)	(632, 450)	vert	up	True	741033	742572	up	(800, 450)	testing
22	wc	f	19	1	circle	none	dif	N_dis	(632, 450)	vert	up	True	744085	745116	up	(800, 450)	testing
22	wc	f	19	1	diamond	none	dif	N_dis	(968, 450)	vert	up	True	746605	747708	up	(800, 450)	testing
22	wc	f	19	1	circle	red	dif	(632, 450)	(800, 282)	vert	up	True	749158	750284	up	(800, 450)	testing
22	wc	f	19	1	circle	red	same	(632, 450)	(968, 450)	vert	up	True	751781	752893	up	(800, 450)	testing
22	wc	f	19	1	circle	red	dif	(968, 450)	(800, 618)	vert	up	True	754273	755308	up	(800, 450)	testing
22	wc	f	19	1	circle	none	dif	N_dis	(968, 450)	hori	left	True	756681	757484	left	(800, 450)	testing
22	wc	f	19	1	diamond	red	dif	(800, 282)	(632, 450)	hori	left	True	759014	759772	left	(800, 450)	testing
22	wc	f	19	1	diamond	green	dif	(800, 282)	(800, 618)	hori	left	True	761233	762156	left	(800, 450)	testing
22	wc	f	19	1	circle	none	same	N_dis	(632, 450)	hori	left	True	763726	764396	left	(800, 450)	testing
22	wc	f	19	1	circle	none	dif	N_dis	(800, 618)	vert	up	True	765976	766732	up	(800, 450)	testing
22	wc	f	19	1	diamond	red	same	(800, 282)	(800, 618)	hori	left	True	768124	769436	left	(800, 450)	testing
22	wc	f	19	1	circle	none	dif	N_dis	(632, 450)	vert	up	True	771061	771949	up	(800, 450)	testing
22	wc	f	19	1	circle	none	same	N_dis	(632, 450)	vert	up	True	773401	774076	up	(800, 450)	testing
22	wc	f	19	1	circle	red	same	(632, 450)	(968, 450)	hori	left	True	775726	776444	left	(800, 450)	testing
22	wc	f	19	1	circle	none	same	N_dis	(800, 282)	vert	up	True	778049	778700	up	(800, 450)	testing
22	wc	f	19	1	circle	none	same	N_dis	(632, 450)	vert	up	True	780091	780828	up	(800, 450)	testing
22	wc	f	19	1	circle	red	same	(632, 450)	(968, 450)	vert	up	True	782456	783148	up	(800, 450)	testing
22	wc	f	19	1	circle	green	dif	(632, 450)	(800, 618)	hori	left	True	784526	785324	left	(800, 450)	testing
22	wc	f	19	1	diamond	red	dif	(800, 282)	(632, 450)	hori	left	True	786781	788028	left	(800, 450)	testing
22	wc	f	19	1	circle	red	dif	(800, 618)	(800, 282)	vert	up	True	789667	790476	up	(800, 450)	testing
22	wc	f	19	1	circle	none	dif	N_dis	(800, 618)	hori	left	True	791934	792748	left	(800, 450)	testing
22	wc	f	19	1	diamond	red	dif	(800, 282)	(632, 450)	vert	up	True	794411	795180	up	(800, 450)	testing
22	wc	f	19	1	diamond	green	same	(800, 282)	(800, 618)	hori	left	True	796615	797468	left	(800, 450)	testing
22	wc	f	19	1	circle	red	dif	(800, 618)	(632, 450)	vert	up	True	798945	800092	up	(800, 450)	testing
22	wc	f	19	1	circle	none	dif	N_dis	(968, 450)	hori	left	True	801682	802300	left	(800, 450)	testing
22	wc	f	19	1	diamond	red	dif	(632, 450)	(800, 618)	vert	up	True	803733	804524	up	(800, 450)	testing
22	wc	f	19	1	circle	red	dif	(968, 450)	(632, 450)	hori	left	True	806028	806844	left	(800, 450)	testing
22	wc	f	19	1	diamond	green	dif	(632, 450)	(800, 282)	vert	up	True	808379	809116	up	(800, 450)	testing
22	wc	f	19	1	circle	green	dif	(968, 450)	(800, 282)	hori	left	True	810667	812124	left	(800, 450)	testing
22	wc	f	19	1	circle	red	dif	(968, 450)	(800, 618)	vert	up	True	813503	814604	up	(800, 450)	testing
22	wc	f	19	1	circle	green	dif	(968, 450)	(800, 618)	vert	up	True	816200	817548	up	(800, 450)	testing
22	wc	f	19	1	diamond	red	dif	(800, 282)	(632, 450)	hori	left	True	819171	820236	left	(800, 450)	testing
22	wc	f	19	1	circle	red	same	(800, 282)	(632, 450)	vert	up	True	821830	822604	up	(800, 450)	testing
22	wc	f	19	1	diamond	green	same	(800, 618)	(800, 282)	vert	up	True	824117	825260	up	(800, 450)	testing
22	wc	f	19	1	circle	none	same	N_dis	(800, 618)	hori	left	True	826680	827484	left	(800, 450)	testing
22	wc	f	19	1	circle	none	same	N_dis	(632, 450)	vert	up	True	829092	830012	up	(800, 450)	testing
22	wc	f	19	1	diamond	green	dif	(800, 282)	(968, 450)	vert	up	True	831551	832780	up	(800, 450)	testing
22	wc	f	19	1	circle	none	dif	N_dis	(968, 450)	hori	left	True	834450	835516	left	(800, 450)	testing
22	wc	f	19	1	circle	green	same	(800, 282)	(968, 450)	hori	left	True	837095	838124	left	(800, 450)	testing
22	wc	f	19	1	diamond	none	same	N_dis	(800, 282)	vert	up	True	839564	840380	up	(800, 450)	testing
22	wc	f	19	1	diamond	none	dif	N_dis	(800, 618)	vert	up	True	841983	842925	up	(800, 450)	testing
22	wc	f	19	1	circle	none	same	N_dis	(632, 450)	hori	left	True	844533	845660	left	(800, 450)	testing
22	wc	f	19	1	circle	red	dif	(800, 282)	(800, 618)	vert	up	True	847238	848044	up	(800, 450)	testing
22	wc	f	19	1	diamond	red	dif	(800, 282)	(800, 618)	hori	left	True	849532	850492	left	(800, 450)	testing
22	wc	f	19	1	circle	none	dif	N_dis	(968, 450)	vert	up	True	852053	852844	up	(800, 450)	testing
22	wc	f	19	1	circle	none	dif	N_dis	(800, 618)	vert	up	True	854271	854973	up	(800, 450)	testing
22	wc	f	19	1	diamond	green	same	(800, 282)	(968, 450)	vert	up	True	856641	857852	up	(800, 450)	testing
22	wc	f	19	1	circle	green	same	(800, 282)	(632, 450)	vert	up	True	859358	860076	left	(800, 450)	testing
22	wc	f	19	1	diamond	none	dif	N_dis	(800, 618)	hori	left	True	863158	864012	left	(800, 450)	testing
22	wc	f	19	1	diamond	red	same	(800, 618)	(968, 450)	vert	up	True	865497	866444	up	(800, 450)	testing
22	wc	f	19	1	diamond	none	same	N_dis	(800, 282)	hori	left	True	868088	868828	left	(800, 450)	testing
22	wc	f	19	1	circle	green	same	(800, 282)	(632, 450)	vert	up	True	870245	871228	up	(800, 450)	testing
22	wc	f	19	1	circle	green	same	(800, 618)	(968, 450)	hori	left	True	872655	873676	left	(800, 450)	testing
22	wc	f	19	1	diamond	red	same	(968, 450)	(800, 282)	hori	left	True	875314	876124	up	(800, 450)	testing
22	wc	f	19	1	diamond	none	same	N_dis	(800, 618)	hori	left	True	879291	881404	left	(800, 450)	testing
22	wc	f	19	1	diamond	red	dif	(632, 450)	(800, 618)	vert	up	True	882985	884428	up	(800, 450)	testing
22	wc	f	19	1	diamond	red	same	(800, 282)	(968, 450)	vert	up	True	886014	886844	up	(800, 450)	testing
22	wc	f	19	1	diamond	none	dif	N_dis	(968, 450)	vert	up	True	888306	889116	up	(800, 450)	testing
22	wc	f	19	1	diamond	green	same	(800, 282)	(632, 450)	hori	left	True	890679	891676	left	(800, 450)	testing
22	wc	f	19	1	diamond	green	dif	(800, 282)	(800, 618)	hori	left	True	893249	894028	left	(800, 450)	testing
22	wc	f	19	1	diamond	red	dif	(800, 282)	(632, 450)	hori	left	True	895518	896252	left	(800, 450)	testing
22	wc	f	19	1	diamond	green	same	(632, 450)	(968, 450)	hori	left	True	897912	899180	left	(800, 450)	testing
22	wc	f	19	1	diamond	none	dif	N_dis	(632, 450)	hori	left	True	900598	901548	left	(800, 450)	testing
22	wc	f	19	1	diamond	green	same	(632, 450)	(968, 450)	vert	up	True	903068	903788	up	(800, 450)	testing
22	wc	f	19	1	diamond	green	dif	(968, 450)	(632, 450)	vert	up	True	905336	906172	up	(800, 450)	testing
22	wc	f	19	1	circle	red	same	(800, 282)	(968, 450)	hori	left	True	907596	908556	left	(800, 450)	testing
22	wc	f	19	1	circle	none	dif	N_dis	(968, 450)	hori	left	True	910084	911372	left	(800, 450)	testing
22	wc	f	19	1	circle	green	dif	(800, 282)	(632, 450)	hori	left	True	912843	914156	left	(800, 450)	testing
22	wc	f	19	1	circle	green	dif	(800, 282)	(968, 450)	hori	left	True	915559	916396	left	(800, 450)	testing
22	wc	f	19	1	diamond	green	same	(632, 450)	(968, 450)	vert	up	True	917834	919164	up	(800, 450)	testing
22	wc	f	19	1	diamond	green	same	(800, 282)	(800, 618)	vert	up	True	920594	921901	up	(800, 450)	testing
22	wc	f	19	1	circle	none	dif	N_dis	(632, 450)	hori	left	True	923372	924348	left	(800, 450)	testing
22	wc	f	19	1	diamond	red	same	(800, 282)	(632, 450)	hori	left	True	925967	926973	left	(800, 450)	testing
22	wc	f	19	1	circle	none	same	N_dis	(968, 450)	hori	left	True	928399	929260	left	(800, 450)	testing
22	wc	f	19	1	diamond	none	same	N_dis	(800, 282)	vert	up	True	930657	931420	up	(800, 450)	testing
22	wc	f	19	1	diamond	red	same	(800, 282)	(968, 450)	hori	left	True	932960	933820	left	(800, 450)	testing
22	wc	f	19	1	circle	red	same	(800, 618)	(968, 450)	vert	up	True	935387	936668	up	(800, 450)	testing
22	wc	f	19	1	diamond	red	same	(632, 450)	(968, 450)	vert	up	True	938148	939132	up	(800, 450)	testing
22	wc	f	19	1	diamond	none	dif	N_dis	(800, 618)	hori	left	True	940766	941708	left	(800, 450)	testing
22	wc	f	19	1	diamond	green	dif	(800, 618)	(968, 450)	vert	up	True	943086	944156	up	(800, 450)	testing
22	wc	f	19	1	diamond	none	same	N_dis	(968, 450)	hori	left	True	945693	946540	left	(800, 450)	testing
22	wc	f	19	1	circle	none	dif	N_dis	(800, 282)	vert	up	True	947947	948925	up	(800, 450)	testing
22	wc	f	19	1	circle	red	same	(800, 618)	(632, 450)	vert	up	True	950557	951708	up	(800, 450)	testing
22	wc	f	19	1	diamond	green	same	(800, 282)	(632, 450)	hori	left	True	953289	955612	left	(800, 450)	testing
22	wc	f	19	1	circle	green	same	(800, 282)	(968, 450)	vert	up	True	957069	957917	up	(800, 450)	testing
22	wc	f	19	1	diamond	none	same	N_dis	(800, 282)	hori	left	True	959514	960748	left	(800, 450)	testing
22	wc	f	19	1	circle	none	dif	N_dis	(800, 282)	hori	left	True	962318	963068	left	(800, 450)	testing
22	wc	f	19	1	circle	none	same	N_dis	(968, 450)	vert	up	True	964483	965244	up	(800, 450)	testing
22	wc	f	19	1	diamond	none	same	N_dis	(800, 618)	hori	left	True	966620	969180	left	(800, 450)	testing
22	wc	f	19	1	circle	none	dif	N_dis	(800, 618)	hori	left	True	970644	971868	left	(800, 450)	testing
22	wc	f	19	1	diamond	red	same	(800, 282)	(632, 450)	vert	up	True	973517	974428	up	(800, 450)	testing
22	wc	f	19	1	diamond	red	same	(968, 450)	(632, 450)	vert	up	True	975873	976957	up	(800, 450)	testing
22	wc	f	19	1	diamond	none	dif	N_dis	(968, 450)	vert	up	True	978528	979516	up	(800, 450)	testing
22	wc	f	19	1	circle	none	dif	N_dis	(800, 282)	hori	left	True	981022	982556	left	(800, 450)	testing
22	wc	f	19	1	diamond	red	same	(968, 450)	(800, 282)	hori	left	True	984166	985420	left	(800, 450)	testing
22	wc	f	19	1	diamond	green	same	(800, 618)	(632, 450)	hori	left	True	987045	988492	left	(800, 450)	testing
22	wc	f	19	1	diamond	red	dif	(800, 618)	(968, 450)	vert	up	True	990045	990860	up	(800, 450)	testing
22	wc	f	19	1	circle	green	dif	(968, 450)	(800, 618)	vert	up	True	992446	993708	up	(800, 450)	testing
22	wc	f	19	1	circle	none	same	N_dis	(800, 618)	hori	left	True	995136	996428	left	(800, 450)	testing
22	wc	f	19	1	circle	none	same	N_dis	(632, 450)	vert	up	True	997891	998812	up	(800, 450)	testing
22	wc	f	19	1	diamond	none	dif	N_dis	(968, 450)	hori	left	True	1000222	1000925	left	(800, 450)	testing
22	wc	f	19	1	diamond	none	dif	N_dis	(800, 282)	hori	left	True	1002561	1003292	left	(800, 450)	testing
22	wc	f	19	1	diamond	green	same	(800, 282)	(800, 618)	vert	up	True	1004932	1005788	up	(800, 450)	testing
22	wc	f	19	1	circle	green	same	(800, 282)	(968, 450)	vert	up	True	1007441	1008364	up	(800, 450)	testing
22	wc	f	19	1	circle	red	dif	(800, 618)	(632, 450)	vert	up	True	1009979	1010828	up	(800, 450)	testing
22	wc	f	19	1	diamond	red	dif	(800, 282)	(800, 618)	hori	left	True	1012444	1014108	left	(800, 450)	testing
22	wc	f	19	1	diamond	none	same	N_dis	(632, 450)	hori	left	True	1015649	1016540	left	(800, 450)	testing
22	wc	f	19	1	diamond	red	dif	(800, 282)	(632, 450)	hori	left	True	1017995	1018860	left	(800, 450)	testing
22	wc	f	19	1	diamond	green	same	(800, 282)	(800, 618)	vert	up	True	1020441	1021276	up	(800, 450)	testing
22	wc	f	19	1	circle	none	same	N_dis	(800, 618)	vert	up	True	1022794	1023740	up	(800, 450)	testing
22	wc	f	19	1	circle	green	dif	(800, 282)	(968, 450)	vert	up	True	1025401	1026492	up	(800, 450)	testing
22	wc	f	19	1	diamond	green	dif	(800, 618)	(800, 282)	vert	up	True	1027958	1029212	up	(800, 450)	testing
