subj	name	gender	age	runNum	shape	dist	td_dif	d_loc	t_loc	resp	resp_key	gotKey	startTime	respTime	resp	fix_loc	prac
23	kc	m	21	3	circle	green	same	(800, 282)	(968, 450)	vert	up	True	13274	14431	up	(800, 450)	testing
23	kc	m	21	3	diamond	none	same	N_dis	(800, 282)	hori	left	True	15981	16783	left	(800, 450)	testing
23	kc	m	21	3	diamond	green	same	(968, 450)	(800, 282)	hori	left	True	18304	19166	left	(800, 450)	testing
23	kc	m	21	3	diamond	none	dif	N_dis	(632, 450)	hori	left	True	20609	21294	left	(800, 450)	testing
23	kc	m	21	3	circle	none	same	N_dis	(968, 450)	hori	left	True	22868	23711	left	(800, 450)	testing
23	kc	m	21	3	diamond	red	dif	(968, 450)	(632, 450)	hori	left	True	25315	26415	left	(800, 450)	testing
23	kc	m	21	3	circle	none	same	N_dis	(800, 282)	hori	left	True	27860	28463	left	(800, 450)	testing
23	kc	m	21	3	diamond	none	dif	N_dis	(632, 450)	hori	left	True	29909	30671	left	(800, 450)	testing
23	kc	m	21	3	diamond	none	same	N_dis	(800, 618)	vert	up	True	32080	33038	up	(800, 450)	testing
23	kc	m	21	3	diamond	none	dif	N_dis	(800, 618)	hori	left	True	34596	35294	left	(800, 450)	testing
23	kc	m	21	3	circle	none	same	N_dis	(800, 618)	vert	up	True	36697	38094	up	(800, 450)	testing
23	kc	m	21	3	diamond	red	dif	(800, 618)	(968, 450)	vert	up	True	39496	40447	up	(800, 450)	testing
23	kc	m	21	3	circle	red	same	(968, 450)	(800, 282)	hori	left	True	42043	43423	left	(800, 450)	testing
23	kc	m	21	3	diamond	red	same	(968, 450)	(632, 450)	hori	left	True	45095	45807	left	(800, 450)	testing
23	kc	m	21	3	circle	green	dif	(800, 618)	(632, 450)	hori	left	True	47323	48463	left	(800, 450)	testing
23	kc	m	21	3	diamond	red	dif	(800, 618)	(800, 282)	vert	up	True	49902	50575	up	(800, 450)	testing
23	kc	m	21	3	diamond	none	dif	N_dis	(800, 282)	vert	up	True	52015	52703	up	(800, 450)	testing
23	kc	m	21	3	circle	red	dif	(632, 450)	(968, 450)	hori	left	True	54367	55407	left	(800, 450)	testing
23	kc	m	21	3	diamond	red	same	(800, 282)	(632, 450)	vert	up	True	57030	57823	up	(800, 450)	testing
23	kc	m	21	3	circle	none	dif	N_dis	(632, 450)	vert	up	True	59203	61230	up	(800, 450)	testing
23	kc	m	21	3	circle	red	dif	(800, 282)	(968, 450)	vert	up	True	62620	63262	up	(800, 450)	testing
23	kc	m	21	3	circle	none	dif	N_dis	(968, 450)	vert	up	True	64752	65342	up	(800, 450)	testing
23	kc	m	21	3	circle	green	dif	(632, 450)	(800, 618)	hori	left	True	66967	67855	left	(800, 450)	testing
23	kc	m	21	3	circle	red	dif	(800, 618)	(632, 450)	vert	up	True	69497	70222	up	(800, 450)	testing
23	kc	m	21	3	diamond	green	dif	(800, 282)	(800, 618)	hori	left	True	71862	73134	left	(800, 450)	testing
23	kc	m	21	3	circle	green	same	(968, 450)	(800, 618)	vert	up	True	74524	76238	up	(800, 450)	testing
23	kc	m	21	3	circle	none	dif	N_dis	(968, 450)	hori	left	True	77882	78527	left	(800, 450)	testing
23	kc	m	21	3	circle	green	same	(968, 450)	(632, 450)	vert	up	True	80045	80863	up	(800, 450)	testing
23	kc	m	21	3	diamond	red	dif	(800, 618)	(800, 282)	vert	up	True	82377	82991	up	(800, 450)	testing
23	kc	m	21	3	circle	red	same	(632, 450)	(800, 282)	hori	left	True	84465	85535	left	(800, 450)	testing
23	kc	m	21	3	diamond	none	same	N_dis	(800, 282)	vert	up	True	87053	87663	up	(800, 450)	testing
23	kc	m	21	3	circle	none	dif	N_dis	(632, 450)	vert	up	True	89242	90575	up	(800, 450)	testing
23	kc	m	21	3	circle	green	dif	(800, 282)	(632, 450)	hori	left	True	91989	92559	up	(800, 450)	testing
23	kc	m	21	3	circle	red	same	(968, 450)	(800, 282)	hori	left	True	95581	96190	left	(800, 450)	testing
23	kc	m	21	3	diamond	none	dif	N_dis	(632, 450)	hori	left	True	97658	98270	left	(800, 450)	testing
23	kc	m	21	3	circle	red	dif	(800, 282)	(968, 450)	hori	left	True	99845	101038	left	(800, 450)	testing
23	kc	m	21	3	diamond	green	same	(800, 282)	(968, 450)	hori	left	True	102600	103663	left	(800, 450)	testing
23	kc	m	21	3	diamond	red	same	(800, 618)	(800, 282)	vert	up	True	105156	106158	up	(800, 450)	testing
23	kc	m	21	3	diamond	green	dif	(632, 450)	(800, 282)	hori	left	True	107726	108639	left	(800, 450)	testing
23	kc	m	21	3	circle	green	same	(800, 618)	(632, 450)	vert	up	True	110246	111647	up	(800, 450)	testing
23	kc	m	21	3	diamond	green	same	(800, 618)	(968, 450)	vert	up	True	113048	114895	up	(800, 450)	testing
23	kc	m	21	3	diamond	red	same	(632, 450)	(968, 450)	vert	up	True	116518	117583	up	(800, 450)	testing
23	kc	m	21	3	diamond	none	same	N_dis	(800, 618)	hori	left	True	119171	119935	left	(800, 450)	testing
23	kc	m	21	3	diamond	green	same	(800, 282)	(800, 618)	vert	up	True	121350	122318	up	(800, 450)	testing
23	kc	m	21	3	circle	red	same	(800, 618)	(968, 450)	hori	left	True	123732	124415	left	(800, 450)	testing
23	kc	m	21	3	diamond	green	dif	(632, 450)	(800, 618)	hori	left	True	126027	126959	left	(800, 450)	testing
23	kc	m	21	3	diamond	red	dif	(800, 618)	(968, 450)	vert	up	True	128446	129198	up	(800, 450)	testing
23	kc	m	21	3	circle	none	same	N_dis	(800, 282)	hori	left	True	130629	131583	left	(800, 450)	testing
23	kc	m	21	3	circle	green	dif	(632, 450)	(800, 282)	hori	left	True	133126	134254	left	(800, 450)	testing
23	kc	m	21	3	circle	none	same	N_dis	(800, 618)	hori	left	True	135718	136367	left	(800, 450)	testing
23	kc	m	21	3	diamond	red	same	(800, 282)	(800, 618)	hori	left	True	137752	138543	left	(800, 450)	testing
23	kc	m	21	3	circle	green	same	(968, 450)	(800, 618)	hori	left	True	140075	141230	left	(800, 450)	testing
23	kc	m	21	3	circle	red	dif	(632, 450)	(968, 450)	hori	left	True	142637	143455	left	(800, 450)	testing
23	kc	m	21	3	diamond	green	same	(632, 450)	(968, 450)	hori	left	True	145038	145743	left	(800, 450)	testing
23	kc	m	21	3	circle	red	same	(632, 450)	(800, 618)	hori	left	True	147403	148270	left	(800, 450)	testing
23	kc	m	21	3	diamond	green	dif	(800, 282)	(632, 450)	vert	up	True	149772	150799	up	(800, 450)	testing
23	kc	m	21	3	diamond	none	same	N_dis	(968, 450)	hori	left	True	152344	152991	left	(800, 450)	testing
23	kc	m	21	3	circle	none	dif	N_dis	(968, 450)	hori	left	True	154543	155310	left	(800, 450)	testing
23	kc	m	21	3	circle	green	dif	(968, 450)	(800, 282)	vert	up	True	156945	157791	up	(800, 450)	testing
23	kc	m	21	3	diamond	green	dif	(968, 450)	(800, 618)	hori	left	True	159441	160367	left	(800, 450)	testing
23	kc	m	21	3	circle	green	same	(800, 282)	(968, 450)	vert	up	True	161892	163342	up	(800, 450)	testing
23	kc	m	21	3	diamond	none	same	N_dis	(800, 282)	hori	left	True	164731	165326	left	(800, 450)	testing
23	kc	m	21	3	diamond	green	same	(968, 450)	(800, 282)	hori	left	True	166945	167695	left	(800, 450)	testing
23	kc	m	21	3	diamond	none	dif	N_dis	(632, 450)	vert	up	True	169355	170046	up	(800, 450)	testing
23	kc	m	21	3	circle	none	same	N_dis	(968, 450)	vert	up	True	171418	172238	up	(800, 450)	testing
23	kc	m	21	3	diamond	red	dif	(968, 450)	(632, 450)	vert	up	True	173660	174431	up	(800, 450)	testing
23	kc	m	21	3	circle	none	same	N_dis	(800, 282)	hori	left	True	175940	176543	left	(800, 450)	testing
23	kc	m	21	3	diamond	none	dif	N_dis	(632, 450)	hori	left	True	178106	178927	left	(800, 450)	testing
23	kc	m	21	3	diamond	none	same	N_dis	(800, 618)	vert	up	True	180557	181519	up	(800, 450)	testing
23	kc	m	21	3	diamond	none	dif	N_dis	(800, 618)	vert	up	True	182927	184030	up	(800, 450)	testing
23	kc	m	21	3	circle	none	same	N_dis	(800, 618)	hori	left	True	185507	186879	left	(800, 450)	testing
23	kc	m	21	3	diamond	red	dif	(800, 618)	(968, 450)	vert	up	True	188498	189278	up	(800, 450)	testing
23	kc	m	21	3	circle	red	same	(968, 450)	(800, 282)	vert	up	True	190820	192799	up	(800, 450)	testing
23	kc	m	21	3	diamond	red	same	(968, 450)	(632, 450)	hori	left	True	194254	194879	left	(800, 450)	testing
23	kc	m	21	3	circle	green	dif	(800, 618)	(632, 450)	hori	left	True	196327	197214	left	(800, 450)	testing
23	kc	m	21	3	diamond	red	dif	(800, 618)	(800, 282)	vert	up	True	198648	199230	up	(800, 450)	testing
23	kc	m	21	3	diamond	none	dif	N_dis	(800, 282)	vert	up	True	200621	201166	up	(800, 450)	testing
23	kc	m	21	3	circle	red	dif	(632, 450)	(968, 450)	vert	up	True	202804	203983	up	(800, 450)	testing
23	kc	m	21	3	diamond	red	same	(800, 282)	(632, 450)	vert	up	True	205601	206927	up	(800, 450)	testing
23	kc	m	21	3	circle	none	dif	N_dis	(632, 450)	vert	up	True	208426	209230	up	(800, 450)	testing
23	kc	m	21	3	circle	red	dif	(800, 282)	(968, 450)	vert	up	True	210791	211423	up	(800, 450)	testing
23	kc	m	21	3	circle	none	dif	N_dis	(968, 450)	vert	up	True	212935	213583	up	(800, 450)	testing
23	kc	m	21	3	circle	green	dif	(632, 450)	(800, 618)	vert	up	True	214996	215951	up	(800, 450)	testing
23	kc	m	21	3	circle	red	dif	(800, 618)	(632, 450)	hori	left	True	217382	218062	left	(800, 450)	testing
23	kc	m	21	3	diamond	green	dif	(800, 282)	(800, 618)	hori	left	True	219610	221086	left	(800, 450)	testing
23	kc	m	21	3	circle	green	same	(968, 450)	(800, 618)	vert	up	True	222604	223807	up	(800, 450)	testing
23	kc	m	21	3	circle	none	dif	N_dis	(968, 450)	hori	left	True	225431	226350	left	(800, 450)	testing
23	kc	m	21	3	circle	green	same	(968, 450)	(632, 450)	vert	up	True	227818	229359	up	(800, 450)	testing
23	kc	m	21	3	diamond	red	dif	(800, 618)	(800, 282)	vert	up	True	230939	231855	up	(800, 450)	testing
23	kc	m	21	3	circle	red	same	(632, 450)	(800, 282)	hori	left	True	233494	234094	left	(800, 450)	testing
23	kc	m	21	3	diamond	none	same	N_dis	(800, 282)	hori	left	True	235532	236094	left	(800, 450)	testing
23	kc	m	21	3	circle	none	dif	N_dis	(632, 450)	hori	left	True	237696	238527	left	(800, 450)	testing
23	kc	m	21	3	circle	green	dif	(800, 282)	(632, 450)	hori	left	True	240050	240639	up	(800, 450)	testing
23	kc	m	21	3	circle	red	same	(968, 450)	(800, 282)	hori	left	True	243586	244254	left	(800, 450)	testing
23	kc	m	21	3	diamond	none	dif	N_dis	(632, 450)	vert	up	True	245812	246543	up	(800, 450)	testing
23	kc	m	21	3	circle	red	dif	(800, 282)	(968, 450)	hori	left	True	248032	249070	left	(800, 450)	testing
23	kc	m	21	3	diamond	green	same	(800, 282)	(968, 450)	hori	left	True	250511	251583	left	(800, 450)	testing
23	kc	m	21	3	diamond	red	same	(800, 618)	(800, 282)	vert	up	True	253106	253679	up	(800, 450)	testing
23	kc	m	21	3	diamond	green	dif	(632, 450)	(800, 282)	vert	up	True	255177	255743	up	(800, 450)	testing
23	kc	m	21	3	circle	green	same	(800, 618)	(632, 450)	vert	up	True	257272	258415	up	(800, 450)	testing
23	kc	m	21	3	diamond	green	same	(800, 618)	(968, 450)	hori	left	True	259840	260895	left	(800, 450)	testing
23	kc	m	21	3	diamond	red	same	(632, 450)	(968, 450)	hori	left	True	262344	263679	left	(800, 450)	testing
23	kc	m	21	3	diamond	none	same	N_dis	(800, 618)	vert	up	True	265224	265983	up	(800, 450)	testing
23	kc	m	21	3	diamond	green	same	(800, 282)	(800, 618)	vert	up	True	267401	268415	up	(800, 450)	testing
23	kc	m	21	3	circle	red	same	(800, 618)	(968, 450)	hori	left	True	270042	271935	left	(800, 450)	testing
23	kc	m	21	3	diamond	green	dif	(632, 450)	(800, 618)	vert	up	True	273599	274767	up	(800, 450)	testing
23	kc	m	21	3	diamond	red	dif	(800, 618)	(968, 450)	hori	left	True	276316	277038	left	(800, 450)	testing
23	kc	m	21	3	circle	none	same	N_dis	(800, 282)	vert	up	True	278631	280655	up	(800, 450)	testing
23	kc	m	21	3	circle	green	dif	(632, 450)	(800, 282)	hori	left	True	282320	283166	left	(800, 450)	testing
23	kc	m	21	3	circle	none	same	N_dis	(800, 618)	vert	up	True	284543	285359	up	(800, 450)	testing
23	kc	m	21	3	diamond	red	same	(800, 282)	(800, 618)	vert	up	True	286745	288142	up	(800, 450)	testing
23	kc	m	21	3	circle	green	same	(968, 450)	(800, 618)	vert	up	True	289641	291471	up	(800, 450)	testing
23	kc	m	21	3	circle	red	dif	(632, 450)	(968, 450)	hori	left	True	293105	294206	left	(800, 450)	testing
23	kc	m	21	3	diamond	green	same	(632, 450)	(968, 450)	hori	left	True	295714	297375	left	(800, 450)	testing
23	kc	m	21	3	circle	red	same	(632, 450)	(800, 618)	hori	left	True	298972	300350	left	(800, 450)	testing
23	kc	m	21	3	diamond	green	dif	(800, 282)	(632, 450)	vert	up	True	301875	302719	up	(800, 450)	testing
23	kc	m	21	3	diamond	none	same	N_dis	(968, 450)	hori	left	True	304300	305038	left	(800, 450)	testing
23	kc	m	21	3	circle	none	dif	N_dis	(968, 450)	vert	up	True	306567	307519	up	(800, 450)	testing
23	kc	m	21	3	circle	green	dif	(968, 450)	(800, 282)	vert	up	True	308965	309823	up	(800, 450)	testing
23	kc	m	21	3	diamond	green	dif	(968, 450)	(800, 618)	hori	left	True	311413	313310	left	(800, 450)	testing
23	kc	m	21	3	circle	green	same	(800, 282)	(968, 450)	hori	left	True	314935	315823	left	(800, 450)	testing
23	kc	m	21	3	diamond	none	same	N_dis	(800, 282)	vert	up	True	317489	318286	up	(800, 450)	testing
23	kc	m	21	3	diamond	green	same	(968, 450)	(800, 282)	hori	left	True	319756	320943	left	(800, 450)	testing
23	kc	m	21	3	diamond	none	dif	N_dis	(632, 450)	vert	up	True	322410	323711	up	(800, 450)	testing
23	kc	m	21	3	circle	none	same	N_dis	(968, 450)	vert	up	True	325096	326142	up	(800, 450)	testing
23	kc	m	21	3	diamond	red	dif	(968, 450)	(632, 450)	hori	left	True	327752	328671	left	(800, 450)	testing
23	kc	m	21	3	circle	none	same	N_dis	(800, 282)	vert	up	True	330136	331134	up	(800, 450)	testing
23	kc	m	21	3	diamond	none	dif	N_dis	(632, 450)	vert	up	True	332547	333230	up	(800, 450)	testing
23	kc	m	21	3	diamond	none	same	N_dis	(800, 618)	vert	up	True	334880	335631	up	(800, 450)	testing
23	kc	m	21	3	diamond	none	dif	N_dis	(800, 618)	hori	left	True	337102	338030	left	(800, 450)	testing
23	kc	m	21	3	circle	none	same	N_dis	(800, 618)	vert	up	True	339593	340847	up	(800, 450)	testing
23	kc	m	21	3	diamond	red	dif	(800, 618)	(968, 450)	hori	left	True	342360	343166	left	(800, 450)	testing
23	kc	m	21	3	circle	red	same	(968, 450)	(800, 282)	vert	up	True	344615	346334	up	(800, 450)	testing
23	kc	m	21	3	diamond	red	same	(968, 450)	(632, 450)	hori	left	True	348002	349711	left	(800, 450)	testing
23	kc	m	21	3	circle	green	dif	(800, 618)	(632, 450)	hori	left	True	351221	352254	left	(800, 450)	testing
23	kc	m	21	3	diamond	red	dif	(800, 618)	(800, 282)	hori	left	True	353759	354286	left	(800, 450)	testing
23	kc	m	21	3	diamond	none	dif	N_dis	(800, 282)	hori	left	True	355704	356190	left	(800, 450)	testing
23	kc	m	21	3	circle	red	dif	(632, 450)	(968, 450)	vert	up	True	357740	358479	up	(800, 450)	testing
23	kc	m	21	3	diamond	red	same	(800, 282)	(632, 450)	vert	up	True	360096	361086	up	(800, 450)	testing
23	kc	m	21	3	circle	none	dif	N_dis	(632, 450)	vert	up	True	362620	363551	up	(800, 450)	testing
23	kc	m	21	3	circle	red	dif	(800, 282)	(968, 450)	vert	up	True	364994	365599	up	(800, 450)	testing
23	kc	m	21	3	circle	none	dif	N_dis	(968, 450)	vert	up	True	367055	367727	up	(800, 450)	testing
23	kc	m	21	3	circle	green	dif	(632, 450)	(800, 618)	hori	left	True	369251	370270	left	(800, 450)	testing
23	kc	m	21	3	circle	red	dif	(800, 618)	(632, 450)	vert	up	True	371658	372495	up	(800, 450)	testing
23	kc	m	21	3	diamond	green	dif	(800, 282)	(800, 618)	vert	up	True	373912	374895	up	(800, 450)	testing
23	kc	m	21	3	circle	green	same	(968, 450)	(800, 618)	hori	left	True	376428	377326	left	(800, 450)	testing
23	kc	m	21	3	circle	none	dif	N_dis	(968, 450)	vert	up	True	378985	379695	up	(800, 450)	testing
23	kc	m	21	3	circle	green	same	(968, 450)	(632, 450)	hori	left	True	381232	382030	left	(800, 450)	testing
23	kc	m	21	3	diamond	red	dif	(800, 618)	(800, 282)	vert	up	True	383465	384014	up	(800, 450)	testing
23	kc	m	21	3	circle	red	same	(632, 450)	(800, 282)	hori	left	True	385452	386046	left	(800, 450)	testing
23	kc	m	21	3	diamond	none	same	N_dis	(800, 282)	vert	up	True	387627	388110	up	(800, 450)	testing
23	kc	m	21	3	circle	none	dif	N_dis	(632, 450)	hori	left	True	389667	390543	left	(800, 450)	testing
23	kc	m	21	3	circle	green	dif	(800, 282)	(632, 450)	vert	up	True	392001	392991	up	(800, 450)	testing
23	kc	m	21	3	circle	red	same	(968, 450)	(800, 282)	hori	left	True	394451	395022	left	(800, 450)	testing
23	kc	m	21	3	diamond	none	dif	N_dis	(632, 450)	vert	up	True	396649	398126	up	(800, 450)	testing
23	kc	m	21	3	circle	red	dif	(800, 282)	(968, 450)	vert	up	True	399645	400719	up	(800, 450)	testing
23	kc	m	21	3	diamond	green	same	(800, 282)	(968, 450)	vert	up	True	402170	402927	up	(800, 450)	testing
23	kc	m	21	3	diamond	red	same	(800, 618)	(800, 282)	vert	up	True	404425	404943	up	(800, 450)	testing
23	kc	m	21	3	diamond	green	dif	(632, 450)	(800, 282)	vert	up	True	406480	407246	up	(800, 450)	testing
23	kc	m	21	3	circle	green	same	(800, 618)	(632, 450)	hori	left	True	408800	409535	left	(800, 450)	testing
23	kc	m	21	3	diamond	green	same	(800, 618)	(968, 450)	vert	up	True	411139	412863	up	(800, 450)	testing
23	kc	m	21	3	diamond	red	same	(632, 450)	(968, 450)	vert	up	True	414462	415118	up	(800, 450)	testing
23	kc	m	21	3	diamond	none	same	N_dis	(800, 618)	hori	left	True	416558	417182	left	(800, 450)	testing
23	kc	m	21	3	diamond	green	same	(800, 282)	(800, 618)	vert	up	True	418744	419471	up	(800, 450)	testing
23	kc	m	21	3	circle	red	same	(800, 618)	(968, 450)	vert	up	True	421132	421871	up	(800, 450)	testing
23	kc	m	21	3	diamond	green	dif	(632, 450)	(800, 618)	hori	left	True	423356	424158	left	(800, 450)	testing
23	kc	m	21	3	diamond	red	dif	(800, 618)	(968, 450)	hori	left	True	425648	426302	left	(800, 450)	testing
23	kc	m	21	3	circle	none	same	N_dis	(800, 282)	hori	left	True	427900	428511	up	(800, 450)	testing
23	kc	m	21	3	circle	green	dif	(632, 450)	(800, 282)	hori	left	True	431540	432639	left	(800, 450)	testing
23	kc	m	21	3	circle	none	same	N_dis	(800, 618)	vert	up	True	434279	434895	left	(800, 450)	testing
23	kc	m	21	3	diamond	red	same	(800, 282)	(800, 618)	vert	up	True	438064	439182	up	(800, 450)	testing
23	kc	m	21	3	circle	green	same	(968, 450)	(800, 618)	hori	left	True	440786	442126	left	(800, 450)	testing
23	kc	m	21	3	circle	red	dif	(632, 450)	(968, 450)	vert	up	True	443625	444286	up	(800, 450)	testing
23	kc	m	21	3	diamond	green	same	(632, 450)	(968, 450)	hori	left	True	445866	446607	left	(800, 450)	testing
23	kc	m	21	3	circle	red	same	(632, 450)	(800, 618)	hori	left	True	448184	448991	left	(800, 450)	testing
23	kc	m	21	3	diamond	green	dif	(800, 282)	(632, 450)	hori	left	True	450549	451807	left	(800, 450)	testing
23	kc	m	21	3	diamond	none	same	N_dis	(968, 450)	hori	left	True	453245	453855	left	(800, 450)	testing
23	kc	m	21	3	circle	none	dif	N_dis	(968, 450)	hori	left	True	455229	455871	left	(800, 450)	testing
23	kc	m	21	3	circle	green	dif	(968, 450)	(800, 282)	hori	left	True	457366	458158	left	(800, 450)	testing
23	kc	m	21	3	diamond	green	dif	(968, 450)	(800, 618)	vert	up	True	459746	460719	up	(800, 450)	testing
23	kc	m	21	3	circle	green	same	(800, 282)	(968, 450)	hori	left	True	462108	463022	left	(800, 450)	testing
23	kc	m	21	3	diamond	none	same	N_dis	(800, 282)	vert	up	True	464440	465198	up	(800, 450)	testing
23	kc	m	21	3	diamond	green	same	(968, 450)	(800, 282)	vert	up	True	466607	467503	up	(800, 450)	testing
23	kc	m	21	3	diamond	none	dif	N_dis	(632, 450)	hori	left	True	468892	469631	left	(800, 450)	testing
23	kc	m	21	3	circle	none	same	N_dis	(968, 450)	vert	up	True	471163	472479	up	(800, 450)	testing
23	kc	m	21	3	diamond	red	dif	(968, 450)	(632, 450)	hori	left	True	473900	475214	left	(800, 450)	testing
23	kc	m	21	3	circle	none	same	N_dis	(800, 282)	hori	left	True	476783	478014	left	(800, 450)	testing
23	kc	m	21	3	diamond	none	dif	N_dis	(632, 450)	vert	up	True	479657	480479	up	(800, 450)	testing
23	kc	m	21	3	diamond	none	same	N_dis	(800, 618)	hori	left	True	482103	482959	left	(800, 450)	testing
23	kc	m	21	3	diamond	none	dif	N_dis	(800, 618)	vert	up	True	484561	485342	up	(800, 450)	testing
23	kc	m	21	3	circle	none	same	N_dis	(800, 618)	vert	up	True	486787	487791	up	(800, 450)	testing
23	kc	m	21	3	diamond	red	dif	(800, 618)	(968, 450)	hori	left	True	489232	490222	left	(800, 450)	testing
23	kc	m	21	3	circle	red	same	(968, 450)	(800, 282)	hori	left	True	491702	492751	left	(800, 450)	testing
23	kc	m	21	3	diamond	red	same	(968, 450)	(632, 450)	hori	left	True	494306	495310	left	(800, 450)	testing
23	kc	m	21	3	circle	green	dif	(800, 618)	(632, 450)	vert	up	True	496839	497887	up	(800, 450)	testing
23	kc	m	21	3	diamond	red	dif	(800, 618)	(800, 282)	hori	left	True	499394	500030	left	(800, 450)	testing
23	kc	m	21	3	diamond	none	dif	N_dis	(800, 282)	vert	up	True	501628	502270	up	(800, 450)	testing
23	kc	m	21	3	circle	red	dif	(632, 450)	(968, 450)	hori	left	True	503846	504815	left	(800, 450)	testing
23	kc	m	21	3	diamond	red	same	(800, 282)	(632, 450)	vert	up	True	506397	507134	up	(800, 450)	testing
23	kc	m	21	3	circle	none	dif	N_dis	(632, 450)	hori	left	True	508764	509919	left	(800, 450)	testing
23	kc	m	21	3	circle	red	dif	(800, 282)	(968, 450)	vert	up	True	511474	512222	up	(800, 450)	testing
23	kc	m	21	3	circle	none	dif	N_dis	(968, 450)	hori	left	True	513886	514783	left	(800, 450)	testing
23	kc	m	21	3	circle	green	dif	(632, 450)	(800, 618)	vert	up	True	516208	517134	up	(800, 450)	testing
23	kc	m	21	3	circle	red	dif	(800, 618)	(632, 450)	hori	left	True	518618	519423	left	(800, 450)	testing
23	kc	m	21	3	diamond	green	dif	(800, 282)	(800, 618)	hori	left	True	520993	522655	left	(800, 450)	testing
23	kc	m	21	3	circle	green	same	(968, 450)	(800, 618)	vert	up	True	524192	525246	up	(800, 450)	testing
23	kc	m	21	3	circle	none	dif	N_dis	(968, 450)	hori	left	True	526815	527471	left	(800, 450)	testing
23	kc	m	21	3	circle	green	same	(968, 450)	(632, 450)	hori	left	True	529002	530367	left	(800, 450)	testing
23	kc	m	21	3	diamond	red	dif	(800, 618)	(800, 282)	hori	left	True	531896	533118	left	(800, 450)	testing
23	kc	m	21	3	circle	red	same	(632, 450)	(800, 282)	vert	up	True	534504	535102	up	(800, 450)	testing
23	kc	m	21	3	diamond	none	same	N_dis	(800, 282)	vert	up	True	536736	537759	up	(800, 450)	testing
23	kc	m	21	3	circle	none	dif	N_dis	(632, 450)	vert	up	True	539286	540174	up	(800, 450)	testing
23	kc	m	21	3	circle	green	dif	(800, 282)	(632, 450)	vert	up	True	541746	543102	up	(800, 450)	testing
23	kc	m	21	3	circle	red	same	(968, 450)	(800, 282)	vert	up	True	544669	546318	up	(800, 450)	testing
23	kc	m	21	3	diamond	none	dif	N_dis	(632, 450)	hori	left	True	547719	548367	left	(800, 450)	testing
23	kc	m	21	3	circle	red	dif	(800, 282)	(968, 450)	hori	left	True	550038	550687	left	(800, 450)	testing
23	kc	m	21	3	diamond	green	same	(800, 282)	(968, 450)	hori	left	True	552178	552767	left	(800, 450)	testing
23	kc	m	21	3	diamond	red	same	(800, 618)	(800, 282)	hori	left	True	554385	555022	left	(800, 450)	testing
23	kc	m	21	3	diamond	green	dif	(632, 450)	(800, 282)	hori	left	True	556558	557487	up	(800, 450)	testing
23	kc	m	21	3	circle	green	same	(800, 618)	(632, 450)	hori	left	True	560432	561487	left	(800, 450)	testing
23	kc	m	21	3	diamond	green	same	(800, 618)	(968, 450)	hori	left	True	563143	563855	left	(800, 450)	testing
23	kc	m	21	3	diamond	red	same	(632, 450)	(968, 450)	hori	left	True	565523	566286	left	(800, 450)	testing
23	kc	m	21	3	diamond	none	same	N_dis	(800, 618)	hori	left	True	567909	568975	left	(800, 450)	testing
23	kc	m	21	3	diamond	green	same	(800, 282)	(800, 618)	vert	up	True	570376	571278	up	(800, 450)	testing
23	kc	m	21	3	circle	red	same	(800, 618)	(968, 450)	vert	up	True	572944	573999	up	(800, 450)	testing
23	kc	m	21	3	diamond	green	dif	(632, 450)	(800, 618)	hori	left	True	575410	576222	left	(800, 450)	testing
23	kc	m	21	3	diamond	red	dif	(800, 618)	(968, 450)	vert	up	True	577711	578302	up	(800, 450)	testing
23	kc	m	21	3	circle	none	same	N_dis	(800, 282)	hori	left	True	579687	580719	left	(800, 450)	testing
23	kc	m	21	3	circle	green	dif	(632, 450)	(800, 282)	hori	left	True	582313	582975	left	(800, 450)	testing
23	kc	m	21	3	circle	none	same	N_dis	(800, 618)	vert	up	True	584494	585198	up	(800, 450)	testing
23	kc	m	21	3	diamond	red	same	(800, 282)	(800, 618)	vert	up	True	586849	587711	up	(800, 450)	testing
23	kc	m	21	3	circle	green	same	(968, 450)	(800, 618)	vert	up	True	589099	589791	up	(800, 450)	testing
23	kc	m	21	3	circle	red	dif	(632, 450)	(968, 450)	vert	up	True	591460	592206	up	(800, 450)	testing
23	kc	m	21	3	diamond	green	same	(632, 450)	(968, 450)	vert	up	True	593747	594415	up	(800, 450)	testing
23	kc	m	21	3	circle	red	same	(632, 450)	(800, 618)	hori	left	True	595879	596591	left	(800, 450)	testing
23	kc	m	21	3	diamond	green	dif	(800, 282)	(632, 450)	hori	left	True	598063	598799	left	(800, 450)	testing
23	kc	m	21	3	diamond	none	same	N_dis	(968, 450)	hori	left	True	600193	600879	left	(800, 450)	testing
23	kc	m	21	3	circle	none	dif	N_dis	(968, 450)	vert	up	True	602453	603134	up	(800, 450)	testing
23	kc	m	21	3	circle	green	dif	(968, 450)	(800, 282)	hori	left	True	604666	605423	up	(800, 450)	testing
23	kc	m	21	3	diamond	green	dif	(968, 450)	(800, 618)	hori	left	True	608552	609887	left	(800, 450)	testing
23	kc	m	21	3	circle	green	same	(800, 282)	(968, 450)	vert	up	True	611507	612078	up	(800, 450)	testing
23	kc	m	21	3	diamond	none	same	N_dis	(800, 282)	vert	up	True	613601	614511	up	(800, 450)	testing
23	kc	m	21	3	diamond	green	same	(968, 450)	(800, 282)	vert	up	True	615954	616607	up	(800, 450)	testing
23	kc	m	21	3	diamond	none	dif	N_dis	(632, 450)	vert	up	True	618030	620302	up	(800, 450)	testing
23	kc	m	21	3	circle	none	same	N_dis	(968, 450)	vert	up	True	621678	622415	up	(800, 450)	testing
23	kc	m	21	3	diamond	red	dif	(968, 450)	(632, 450)	vert	up	True	623915	624687	up	(800, 450)	testing
23	kc	m	21	3	circle	none	same	N_dis	(800, 282)	hori	left	True	626198	627230	left	(800, 450)	testing
23	kc	m	21	3	diamond	none	dif	N_dis	(632, 450)	hori	left	True	628629	629727	left	(800, 450)	testing
23	kc	m	21	3	diamond	none	same	N_dis	(800, 618)	hori	left	True	631118	632126	left	(800, 450)	testing
23	kc	m	21	3	diamond	none	dif	N_dis	(800, 618)	vert	up	True	633713	634479	up	(800, 450)	testing
23	kc	m	21	3	circle	none	same	N_dis	(800, 618)	vert	up	True	635872	636719	up	(800, 450)	testing
23	kc	m	21	3	diamond	red	dif	(800, 618)	(968, 450)	hori	left	True	638260	639342	left	(800, 450)	testing
23	kc	m	21	3	circle	red	same	(968, 450)	(800, 282)	vert	up	True	640931	642030	up	(800, 450)	testing
23	kc	m	21	3	diamond	red	same	(968, 450)	(632, 450)	vert	up	True	643594	644975	up	(800, 450)	testing
23	kc	m	21	3	circle	green	dif	(800, 618)	(632, 450)	hori	left	True	646598	647326	left	(800, 450)	testing
23	kc	m	21	3	diamond	red	dif	(800, 618)	(800, 282)	hori	left	True	648778	649471	left	(800, 450)	testing
23	kc	m	21	3	diamond	none	dif	N_dis	(800, 282)	hori	left	True	650919	651519	left	(800, 450)	testing
23	kc	m	21	3	circle	red	dif	(632, 450)	(968, 450)	vert	up	True	653133	654046	up	(800, 450)	testing
23	kc	m	21	3	diamond	red	same	(800, 282)	(632, 450)	vert	up	True	655712	656831	up	(800, 450)	testing
23	kc	m	21	3	circle	none	dif	N_dis	(632, 450)	hori	left	True	658204	659166	left	(800, 450)	testing
23	kc	m	21	3	circle	red	dif	(800, 282)	(968, 450)	hori	left	True	660821	661823	left	(800, 450)	testing
23	kc	m	21	3	circle	none	dif	N_dis	(968, 450)	vert	up	True	663257	664559	up	(800, 450)	testing
23	kc	m	21	3	circle	green	dif	(632, 450)	(800, 618)	vert	up	True	666055	667182	up	(800, 450)	testing
23	kc	m	21	3	circle	red	dif	(800, 618)	(632, 450)	hori	left	True	668744	669391	left	(800, 450)	testing
23	kc	m	21	3	diamond	green	dif	(800, 282)	(800, 618)	vert	up	True	670872	671775	up	(800, 450)	testing
23	kc	m	21	3	circle	green	same	(968, 450)	(800, 618)	vert	up	True	673277	674270	up	(800, 450)	testing
23	kc	m	21	3	circle	none	dif	N_dis	(968, 450)	hori	left	True	675720	676334	left	(800, 450)	testing
23	kc	m	21	3	circle	green	same	(968, 450)	(632, 450)	hori	left	True	677855	678639	left	(800, 450)	testing
23	kc	m	21	3	diamond	red	dif	(800, 618)	(800, 282)	vert	up	True	680080	680703	up	(800, 450)	testing
23	kc	m	21	3	circle	red	same	(632, 450)	(800, 282)	hori	left	True	682173	683022	left	(800, 450)	testing
23	kc	m	21	3	diamond	none	same	N_dis	(800, 282)	hori	left	True	684691	685294	left	(800, 450)	testing
23	kc	m	21	3	circle	none	dif	N_dis	(632, 450)	hori	left	True	686852	687999	left	(800, 450)	testing
23	kc	m	21	3	circle	green	dif	(800, 282)	(632, 450)	vert	up	True	689554	690447	up	(800, 450)	testing
23	kc	m	21	3	circle	red	same	(968, 450)	(800, 282)	vert	up	True	692051	693070	up	(800, 450)	testing
23	kc	m	21	3	diamond	none	dif	N_dis	(632, 450)	hori	left	True	694727	695310	left	(800, 450)	testing
23	kc	m	21	3	circle	red	dif	(800, 282)	(968, 450)	vert	up	True	696775	697759	up	(800, 450)	testing
23	kc	m	21	3	diamond	green	same	(800, 282)	(968, 450)	vert	up	True	699324	700302	up	(800, 450)	testing
23	kc	m	21	3	diamond	red	same	(800, 618)	(800, 282)	vert	up	True	701757	702334	up	(800, 450)	testing
23	kc	m	21	3	diamond	green	dif	(632, 450)	(800, 282)	hori	left	True	703898	705118	up	(800, 450)	testing
23	kc	m	21	3	circle	green	same	(800, 618)	(632, 450)	hori	left	True	708073	708863	left	(800, 450)	testing
23	kc	m	21	3	diamond	green	same	(800, 618)	(968, 450)	hori	left	True	710332	711326	left	(800, 450)	testing
23	kc	m	21	3	diamond	red	same	(632, 450)	(968, 450)	vert	up	True	712804	714719	up	(800, 450)	testing
23	kc	m	21	3	diamond	none	same	N_dis	(800, 618)	hori	left	True	716277	716991	left	(800, 450)	testing
23	kc	m	21	3	diamond	green	same	(800, 282)	(800, 618)	hori	left	True	718512	719599	left	(800, 450)	testing
23	kc	m	21	3	circle	red	same	(800, 618)	(968, 450)	hori	left	True	720989	721791	left	(800, 450)	testing
23	kc	m	21	3	diamond	green	dif	(632, 450)	(800, 618)	hori	left	True	723261	724495	left	(800, 450)	testing
23	kc	m	21	3	diamond	red	dif	(800, 618)	(968, 450)	vert	up	True	725939	726575	up	(800, 450)	testing
23	kc	m	21	3	circle	none	same	N_dis	(800, 282)	hori	left	True	728009	730334	left	(800, 450)	testing
23	kc	m	21	3	circle	green	dif	(632, 450)	(800, 282)	hori	left	True	731843	733294	left	(800, 450)	testing
23	kc	m	21	3	circle	none	same	N_dis	(800, 618)	vert	up	True	734860	735807	up	(800, 450)	testing
23	kc	m	21	3	diamond	red	same	(800, 282)	(800, 618)	vert	up	True	737196	737951	up	(800, 450)	testing
23	kc	m	21	3	circle	green	same	(968, 450)	(800, 618)	hori	left	True	739565	741214	left	(800, 450)	testing
23	kc	m	21	3	circle	red	dif	(632, 450)	(968, 450)	hori	left	True	742677	743294	left	(800, 450)	testing
23	kc	m	21	3	diamond	green	same	(632, 450)	(968, 450)	vert	up	True	744926	745551	up	(800, 450)	testing
23	kc	m	21	3	circle	red	same	(632, 450)	(800, 618)	vert	up	True	747049	747999	up	(800, 450)	testing
23	kc	m	21	3	diamond	green	dif	(800, 282)	(632, 450)	hori	left	True	749614	750687	left	(800, 450)	testing
23	kc	m	21	3	diamond	none	same	N_dis	(968, 450)	hori	left	True	752276	753054	left	(800, 450)	testing
23	kc	m	21	3	circle	none	dif	N_dis	(968, 450)	hori	left	True	754713	755246	left	(800, 450)	testing
23	kc	m	21	3	circle	green	dif	(968, 450)	(800, 282)	hori	left	True	756711	757423	left	(800, 450)	testing
23	kc	m	21	3	diamond	green	dif	(968, 450)	(800, 618)	vert	up	True	759084	759791	up	(800, 450)	testing
conf	23	kc	m	21	3	5	1	3	space	None	None	None	None	None	None	True	823223	829887	2
