subj	name	gender	age	runNum	shape	dist	td_dif	d_loc	t_loc	resp	resp_key	gotKey	startTime	respTime	resp	fix_loc	prac
23	kc	m	21	1	circle	red	dif	(632, 450)	(968, 450)	hori	left	True	56513	57276	left	(800, 450)	practice
23	kc	m	21	1	diamond	green	dif	(632, 450)	(800, 282)	hori	left	True	58732	60316	left	(800, 450)	practice
23	kc	m	21	1	circle	green	dif	(632, 450)	(800, 618)	hori	left	True	61819	63180	left	(800, 450)	practice
23	kc	m	21	1	circle	red	same	(632, 450)	(968, 450)	hori	left	True	64661	65580	left	(800, 450)	practice
23	kc	m	21	1	circle	none	same	N_dis	(800, 618)	hori	left	True	66985	67965	left	(800, 450)	practice
23	kc	m	21	1	circle	none	dif	N_dis	(968, 450)	vert	up	True	69458	70412	up	(800, 450)	practice
23	kc	m	21	1	diamond	none	dif	N_dis	(968, 450)	vert	up	True	71890	72893	up	(800, 450)	practice
23	kc	m	21	1	diamond	red	same	(632, 450)	(800, 282)	vert	up	True	74405	75388	up	(800, 450)	practice
23	kc	m	21	1	diamond	red	dif	(632, 450)	(800, 618)	hori	left	True	76919	77645	left	(800, 450)	practice
23	kc	m	21	1	circle	green	same	(632, 450)	(968, 450)	vert	up	True	79220	80444	up	(800, 450)	practice
23	kc	m	21	1	diamond	none	same	N_dis	(968, 450)	hori	left	True	82098	83020	left	(800, 450)	practice
23	kc	m	21	1	diamond	green	dif	(632, 450)	(800, 282)	vert	up	True	84528	85276	up	(800, 450)	practice
23	kc	m	21	1	diamond	none	dif	N_dis	(968, 450)	vert	up	True	86724	87436	up	(800, 450)	practice
23	kc	m	21	1	circle	green	same	(632, 450)	(800, 618)	vert	up	True	89095	90236	up	(800, 450)	practice
23	kc	m	21	1	diamond	none	same	N_dis	(800, 282)	vert	up	True	91851	93084	up	(800, 450)	practice
23	kc	m	21	1	diamond	red	dif	(632, 450)	(968, 450)	hori	left	True	94538	95228	left	(800, 450)	practice
23	kc	m	21	1	diamond	red	same	(632, 450)	(800, 282)	hori	left	True	96837	97580	left	(800, 450)	practice
23	kc	m	21	1	circle	green	dif	(632, 450)	(800, 618)	vert	up	True	99163	100028	up	(800, 450)	practice
23	kc	m	21	1	diamond	none	same	N_dis	(800, 618)	hori	left	True	101679	102669	left	(800, 450)	practice
23	kc	m	21	1	diamond	green	same	(632, 450)	(968, 450)	hori	left	True	104159	104861	left	(800, 450)	practice
23	kc	m	21	1	circle	green	dif	(632, 450)	(800, 282)	vert	up	True	106338	107228	up	(800, 450)	practice
23	kc	m	21	1	circle	none	same	N_dis	(800, 282)	hori	left	True	108757	109308	left	(800, 450)	practice
23	kc	m	21	1	circle	green	dif	(632, 450)	(800, 618)	hori	left	True	110893	112044	left	(800, 450)	practice
23	kc	m	21	1	circle	red	dif	(632, 450)	(968, 450)	hori	left	True	113573	114220	left	(800, 450)	practice
23	kc	m	21	1	diamond	red	dif	(632, 450)	(800, 282)	hori	left	True	115872	116524	left	(800, 450)	practice
23	kc	m	21	1	diamond	green	same	(632, 450)	(800, 618)	vert	up	True	118040	118941	up	(800, 450)	practice
23	kc	m	21	1	diamond	red	dif	(632, 450)	(968, 450)	hori	left	True	120408	121100	left	(800, 450)	practice
23	kc	m	21	1	diamond	red	same	(632, 450)	(800, 282)	hori	left	True	122537	123068	left	(800, 450)	practice
23	kc	m	21	1	diamond	none	same	N_dis	(968, 450)	vert	up	True	124653	125292	up	(800, 450)	practice
23	kc	m	21	1	circle	green	same	(632, 450)	(800, 618)	vert	up	True	126761	127244	left	(800, 450)	practice
23	kc	m	21	1	circle	red	same	(632, 450)	(968, 450)	vert	up	True	130408	131260	left	(800, 450)	practice
23	kc	m	21	1	circle	none	dif	N_dis	(800, 282)	vert	up	True	134206	134861	up	(800, 450)	practice
23	kc	m	21	1	diamond	none	dif	N_dis	(632, 450)	vert	up	True	136482	137420	up	(800, 450)	practice
23	kc	m	21	1	diamond	none	same	N_dis	(632, 450)	hori	left	True	138884	139500	left	(800, 450)	practice
23	kc	m	21	1	circle	green	dif	(632, 450)	(800, 282)	hori	left	True	141078	141981	left	(800, 450)	practice
23	kc	m	21	1	circle	red	dif	(632, 450)	(800, 618)	vert	up	True	143652	144524	up	(800, 450)	practice
23	kc	m	21	1	circle	red	dif	(632, 450)	(968, 450)	hori	left	True	146106	147084	left	(800, 450)	practice
23	kc	m	21	1	circle	red	dif	(632, 450)	(800, 282)	hori	left	True	148605	149308	left	(800, 450)	practice
23	kc	m	21	1	circle	green	same	(632, 450)	(800, 618)	vert	up	True	150756	151693	up	(800, 450)	practice
23	kc	m	21	1	circle	green	same	(632, 450)	(968, 450)	hori	left	True	153160	153901	left	(800, 450)	practice
23	kc	m	21	1	diamond	green	dif	(800, 618)	(632, 450)	vert	up	True	161320	162717	up	(800, 450)	testing
23	kc	m	21	1	circle	green	dif	(800, 282)	(632, 450)	vert	up	True	164342	165292	up	(800, 450)	testing
23	kc	m	21	1	diamond	red	dif	(632, 450)	(968, 450)	hori	left	True	166762	167500	left	(800, 450)	testing
23	kc	m	21	1	circle	red	same	(800, 618)	(968, 450)	hori	left	True	168880	169757	left	(800, 450)	testing
23	kc	m	21	1	circle	green	dif	(632, 450)	(800, 282)	hori	left	True	171188	172252	left	(800, 450)	testing
23	kc	m	21	1	circle	none	same	N_dis	(968, 450)	hori	left	True	173645	174268	left	(800, 450)	testing
23	kc	m	21	1	diamond	green	same	(800, 282)	(800, 618)	vert	up	True	175774	176364	up	(800, 450)	testing
23	kc	m	21	1	circle	red	same	(800, 618)	(800, 282)	hori	left	True	177879	178637	left	(800, 450)	testing
23	kc	m	21	1	circle	green	dif	(968, 450)	(632, 450)	hori	left	True	180089	180877	left	(800, 450)	testing
23	kc	m	21	1	diamond	green	same	(632, 450)	(800, 618)	vert	up	True	182311	183276	up	(800, 450)	testing
23	kc	m	21	1	diamond	none	same	N_dis	(968, 450)	hori	left	True	184925	185580	left	(800, 450)	testing
23	kc	m	21	1	diamond	red	same	(800, 282)	(632, 450)	hori	left	True	187227	187805	left	(800, 450)	testing
23	kc	m	21	1	diamond	red	same	(800, 282)	(632, 450)	vert	up	True	189425	190188	up	(800, 450)	testing
23	kc	m	21	1	diamond	green	dif	(632, 450)	(968, 450)	vert	up	True	191713	192380	up	(800, 450)	testing
23	kc	m	21	1	diamond	green	same	(800, 282)	(800, 618)	vert	up	True	194036	194685	up	(800, 450)	testing
23	kc	m	21	1	circle	red	same	(800, 282)	(800, 618)	vert	up	True	196242	196925	up	(800, 450)	testing
23	kc	m	21	1	diamond	green	dif	(632, 450)	(968, 450)	vert	up	True	198434	199212	up	(800, 450)	testing
23	kc	m	21	1	circle	green	same	(968, 450)	(800, 282)	hori	left	True	200730	201452	left	(800, 450)	testing
23	kc	m	21	1	circle	red	same	(632, 450)	(800, 618)	hori	left	True	203085	204108	left	(800, 450)	testing
23	kc	m	21	1	circle	red	dif	(968, 450)	(800, 618)	vert	up	True	205670	206524	up	(800, 450)	testing
23	kc	m	21	1	circle	green	same	(968, 450)	(632, 450)	vert	up	True	208160	209468	left	(800, 450)	testing
23	kc	m	21	1	diamond	red	same	(632, 450)	(800, 618)	hori	left	True	212504	213613	left	(800, 450)	testing
23	kc	m	21	1	diamond	green	same	(800, 282)	(800, 618)	vert	up	True	215199	216108	up	(800, 450)	testing
23	kc	m	21	1	diamond	red	same	(800, 618)	(968, 450)	hori	left	True	217562	218348	left	(800, 450)	testing
23	kc	m	21	1	circle	none	same	N_dis	(632, 450)	hori	left	True	219807	220733	left	(800, 450)	testing
23	kc	m	21	1	diamond	none	same	N_dis	(800, 618)	vert	up	True	222149	222861	up	(800, 450)	testing
23	kc	m	21	1	diamond	red	same	(800, 618)	(632, 450)	hori	left	True	224424	225004	left	(800, 450)	testing
23	kc	m	21	1	circle	red	dif	(632, 450)	(800, 618)	hori	left	True	226551	227356	left	(800, 450)	testing
23	kc	m	21	1	circle	green	same	(632, 450)	(800, 618)	vert	up	True	228757	229452	up	(800, 450)	testing
23	kc	m	21	1	diamond	green	same	(632, 450)	(968, 450)	hori	left	True	230945	231436	left	(800, 450)	testing
23	kc	m	21	1	circle	none	dif	N_dis	(800, 282)	hori	left	True	232826	233645	left	(800, 450)	testing
23	kc	m	21	1	diamond	none	same	N_dis	(632, 450)	vert	up	True	235091	235917	up	(800, 450)	testing
23	kc	m	21	1	diamond	green	dif	(632, 450)	(968, 450)	vert	up	True	237472	238348	up	(800, 450)	testing
23	kc	m	21	1	circle	none	dif	N_dis	(800, 618)	hori	left	True	239855	240508	left	(800, 450)	testing
23	kc	m	21	1	circle	red	dif	(968, 450)	(632, 450)	hori	left	True	242156	242909	left	(800, 450)	testing
23	kc	m	21	1	circle	red	same	(800, 282)	(632, 450)	hori	left	True	244344	244973	left	(800, 450)	testing
23	kc	m	21	1	circle	none	same	N_dis	(800, 282)	vert	up	True	246581	247629	up	(800, 450)	testing
23	kc	m	21	1	circle	none	same	N_dis	(800, 282)	hori	left	True	249018	249725	left	(800, 450)	testing
23	kc	m	21	1	diamond	none	dif	N_dis	(968, 450)	vert	up	True	251281	251821	up	(800, 450)	testing
23	kc	m	21	1	circle	red	same	(800, 282)	(800, 618)	hori	left	True	253293	254060	left	(800, 450)	testing
23	kc	m	21	1	circle	none	same	N_dis	(632, 450)	vert	up	True	255533	256605	up	(800, 450)	testing
23	kc	m	21	1	diamond	green	dif	(968, 450)	(800, 618)	vert	up	True	258003	258621	left	(800, 450)	testing
23	kc	m	21	1	circle	red	same	(800, 618)	(968, 450)	hori	left	True	261594	262236	left	(800, 450)	testing
23	kc	m	21	1	diamond	green	same	(800, 618)	(800, 282)	hori	left	True	263640	264508	left	(800, 450)	testing
23	kc	m	21	1	diamond	red	dif	(632, 450)	(800, 282)	hori	left	True	266052	266540	left	(800, 450)	testing
23	kc	m	21	1	circle	none	dif	N_dis	(800, 282)	vert	up	True	268042	268589	up	(800, 450)	testing
23	kc	m	21	1	diamond	red	same	(632, 450)	(800, 282)	vert	up	True	270229	270733	up	(800, 450)	testing
23	kc	m	21	1	circle	green	dif	(632, 450)	(800, 282)	vert	up	True	272332	272973	up	(800, 450)	testing
23	kc	m	21	1	circle	none	dif	N_dis	(968, 450)	hori	left	True	274499	275276	left	(800, 450)	testing
23	kc	m	21	1	diamond	red	same	(968, 450)	(800, 618)	hori	left	True	276886	277597	left	(800, 450)	testing
23	kc	m	21	1	diamond	green	dif	(632, 450)	(800, 282)	vert	up	True	279102	279789	up	(800, 450)	testing
23	kc	m	21	1	circle	red	dif	(800, 618)	(968, 450)	hori	left	True	281411	282108	left	(800, 450)	testing
23	kc	m	21	1	circle	green	dif	(800, 618)	(800, 282)	hori	left	True	283758	284268	left	(800, 450)	testing
23	kc	m	21	1	circle	red	same	(800, 618)	(800, 282)	hori	left	True	285743	286364	up	(800, 450)	testing
23	kc	m	21	1	diamond	none	same	N_dis	(800, 618)	hori	left	True	289468	290156	left	(800, 450)	testing
23	kc	m	21	1	circle	none	same	N_dis	(800, 618)	vert	up	True	291766	292316	left	(800, 450)	testing
23	kc	m	21	1	circle	green	dif	(632, 450)	(968, 450)	vert	up	True	295416	296957	up	(800, 450)	testing
23	kc	m	21	1	diamond	red	dif	(632, 450)	(968, 450)	vert	up	True	298509	299324	up	(800, 450)	testing
23	kc	m	21	1	circle	none	same	N_dis	(800, 618)	hori	left	True	300875	301661	left	(800, 450)	testing
23	kc	m	21	1	circle	green	same	(632, 450)	(968, 450)	vert	up	True	303220	304492	up	(800, 450)	testing
23	kc	m	21	1	diamond	red	same	(968, 450)	(800, 618)	vert	up	True	306013	306701	up	(800, 450)	testing
23	kc	m	21	1	circle	red	same	(800, 618)	(968, 450)	vert	up	True	308136	309100	up	(800, 450)	testing
23	kc	m	21	1	circle	red	dif	(632, 450)	(800, 618)	vert	up	True	310656	311324	up	(800, 450)	testing
23	kc	m	21	1	diamond	none	dif	N_dis	(800, 618)	vert	up	True	312783	314188	up	(800, 450)	testing
23	kc	m	21	1	diamond	none	same	N_dis	(632, 450)	vert	up	True	315835	316653	up	(800, 450)	testing
23	kc	m	21	1	circle	none	dif	N_dis	(800, 618)	vert	up	True	318267	319116	up	(800, 450)	testing
23	kc	m	21	1	diamond	none	same	N_dis	(632, 450)	hori	left	True	320516	321148	left	(800, 450)	testing
23	kc	m	21	1	diamond	red	same	(800, 282)	(800, 618)	vert	up	True	322546	323276	up	(800, 450)	testing
23	kc	m	21	1	diamond	none	same	N_dis	(968, 450)	hori	left	True	324812	325452	left	(800, 450)	testing
23	kc	m	21	1	diamond	green	dif	(632, 450)	(800, 282)	hori	left	True	326864	327580	left	(800, 450)	testing
23	kc	m	21	1	diamond	red	dif	(632, 450)	(800, 282)	hori	left	True	329029	329661	left	(800, 450)	testing
23	kc	m	21	1	circle	red	dif	(632, 450)	(800, 282)	hori	left	True	331258	332556	left	(800, 450)	testing
23	kc	m	21	1	diamond	red	dif	(968, 450)	(800, 618)	vert	up	True	334154	334957	up	(800, 450)	testing
23	kc	m	21	1	circle	green	dif	(800, 618)	(968, 450)	vert	up	True	336490	337580	up	(800, 450)	testing
23	kc	m	21	1	diamond	green	same	(968, 450)	(632, 450)	vert	up	True	339230	340220	up	(800, 450)	testing
23	kc	m	21	1	diamond	red	dif	(800, 282)	(968, 450)	vert	up	True	341892	342572	up	(800, 450)	testing
23	kc	m	21	1	circle	none	dif	N_dis	(800, 282)	vert	up	True	344097	345116	up	(800, 450)	testing
23	kc	m	21	1	circle	green	dif	(800, 618)	(800, 282)	vert	up	True	346716	347308	up	(800, 450)	testing
23	kc	m	21	1	diamond	red	dif	(968, 450)	(632, 450)	vert	up	True	348756	349597	up	(800, 450)	testing
23	kc	m	21	1	circle	none	same	N_dis	(632, 450)	hori	left	True	351216	351917	left	(800, 450)	testing
23	kc	m	21	1	circle	green	dif	(968, 450)	(800, 618)	vert	up	True	353476	354605	up	(800, 450)	testing
23	kc	m	21	1	diamond	green	same	(800, 282)	(968, 450)	vert	up	True	356203	356845	up	(800, 450)	testing
23	kc	m	21	1	diamond	red	dif	(632, 450)	(800, 618)	hori	left	True	358504	359260	left	(800, 450)	testing
23	kc	m	21	1	diamond	green	same	(968, 450)	(800, 282)	hori	left	True	360750	361340	left	(800, 450)	testing
23	kc	m	21	1	diamond	red	same	(968, 450)	(800, 282)	vert	up	True	362748	363436	up	(800, 450)	testing
23	kc	m	21	1	diamond	red	dif	(968, 450)	(800, 618)	vert	up	True	364884	365580	up	(800, 450)	testing
23	kc	m	21	1	circle	none	dif	N_dis	(968, 450)	hori	left	True	367239	367805	left	(800, 450)	testing
23	kc	m	21	1	diamond	red	dif	(632, 450)	(800, 618)	vert	up	True	369464	370124	up	(800, 450)	testing
23	kc	m	21	1	circle	green	dif	(632, 450)	(800, 282)	vert	up	True	371754	372556	up	(800, 450)	testing
23	kc	m	21	1	diamond	none	dif	N_dis	(632, 450)	hori	left	True	374170	374685	left	(800, 450)	testing
23	kc	m	21	1	diamond	none	dif	N_dis	(968, 450)	hori	left	True	376193	376941	left	(800, 450)	testing
23	kc	m	21	1	diamond	none	dif	N_dis	(632, 450)	vert	up	True	378444	379805	left	(800, 450)	testing
23	kc	m	21	1	circle	green	same	(800, 618)	(632, 450)	hori	left	True	382714	383468	left	(800, 450)	testing
23	kc	m	21	1	circle	red	dif	(632, 450)	(968, 450)	vert	up	True	384857	385580	up	(800, 450)	testing
23	kc	m	21	1	diamond	green	dif	(632, 450)	(968, 450)	vert	up	True	387019	387677	up	(800, 450)	testing
23	kc	m	21	1	diamond	green	dif	(800, 282)	(800, 618)	vert	up	True	389080	390172	up	(800, 450)	testing
23	kc	m	21	1	circle	none	dif	N_dis	(800, 618)	hori	left	True	391628	392412	left	(800, 450)	testing
23	kc	m	21	1	circle	red	dif	(632, 450)	(800, 618)	vert	up	True	393817	394556	up	(800, 450)	testing
23	kc	m	21	1	circle	red	dif	(632, 450)	(968, 450)	hori	left	True	396062	397036	left	(800, 450)	testing
23	kc	m	21	1	diamond	green	dif	(968, 450)	(800, 282)	vert	up	True	398704	399821	up	(800, 450)	testing
23	kc	m	21	1	diamond	none	dif	N_dis	(632, 450)	hori	left	True	401381	402012	left	(800, 450)	testing
23	kc	m	21	1	diamond	red	same	(632, 450)	(800, 618)	vert	up	True	403404	404092	up	(800, 450)	testing
23	kc	m	21	1	circle	none	dif	N_dis	(968, 450)	hori	left	True	405510	406637	left	(800, 450)	testing
23	kc	m	21	1	circle	red	dif	(800, 282)	(800, 618)	hori	left	True	408230	409052	left	(800, 450)	testing
23	kc	m	21	1	circle	red	same	(632, 450)	(968, 450)	hori	left	True	410504	411228	left	(800, 450)	testing
23	kc	m	21	1	circle	green	dif	(968, 450)	(632, 450)	vert	up	True	412788	413597	up	(800, 450)	testing
23	kc	m	21	1	circle	red	dif	(632, 450)	(800, 282)	hori	left	True	415096	415853	left	(800, 450)	testing
23	kc	m	21	1	diamond	none	same	N_dis	(968, 450)	hori	left	True	417510	418172	left	(800, 450)	testing
23	kc	m	21	1	circle	red	dif	(968, 450)	(800, 282)	hori	left	True	419750	420428	left	(800, 450)	testing
23	kc	m	21	1	diamond	none	same	N_dis	(968, 450)	hori	left	True	421987	422653	left	(800, 450)	testing
23	kc	m	21	1	diamond	red	dif	(632, 450)	(800, 618)	hori	left	True	424081	424925	left	(800, 450)	testing
23	kc	m	21	1	circle	none	same	N_dis	(968, 450)	vert	up	True	426308	427132	up	(800, 450)	testing
23	kc	m	21	1	diamond	none	same	N_dis	(800, 618)	vert	up	True	428718	429404	up	(800, 450)	testing
23	kc	m	21	1	diamond	red	same	(800, 282)	(968, 450)	vert	up	True	431047	431709	up	(800, 450)	testing
23	kc	m	21	1	diamond	red	dif	(632, 450)	(800, 282)	hori	left	True	433129	433757	left	(800, 450)	testing
23	kc	m	21	1	circle	red	dif	(968, 450)	(800, 282)	hori	left	True	435371	436140	left	(800, 450)	testing
23	kc	m	21	1	circle	green	dif	(800, 282)	(968, 450)	vert	up	True	437675	438861	up	(800, 450)	testing
23	kc	m	21	1	circle	green	same	(800, 618)	(632, 450)	vert	up	True	440347	441148	left	(800, 450)	testing
23	kc	m	21	1	circle	green	same	(968, 450)	(632, 450)	vert	up	True	444249	446444	up	(800, 450)	testing
23	kc	m	21	1	diamond	none	dif	N_dis	(632, 450)	hori	left	True	447828	448380	left	(800, 450)	testing
23	kc	m	21	1	circle	none	same	N_dis	(968, 450)	vert	up	True	449970	451613	up	(800, 450)	testing
23	kc	m	21	1	circle	red	dif	(632, 450)	(968, 450)	vert	up	True	453125	454060	up	(800, 450)	testing
23	kc	m	21	1	diamond	none	same	N_dis	(800, 618)	hori	left	True	455462	456444	left	(800, 450)	testing
23	kc	m	21	1	circle	none	dif	N_dis	(800, 618)	vert	up	True	458001	458749	up	(800, 450)	testing
23	kc	m	21	1	diamond	none	dif	N_dis	(968, 450)	hori	left	True	460316	460973	left	(800, 450)	testing
23	kc	m	21	1	diamond	none	dif	N_dis	(632, 450)	hori	left	True	462527	463164	left	(800, 450)	testing
23	kc	m	21	1	circle	green	same	(800, 618)	(632, 450)	vert	up	True	464714	465404	up	(800, 450)	testing
23	kc	m	21	1	diamond	none	same	N_dis	(968, 450)	vert	up	True	466962	467661	up	(800, 450)	testing
23	kc	m	21	1	diamond	green	same	(632, 450)	(800, 282)	hori	left	True	469128	469837	left	(800, 450)	testing
23	kc	m	21	1	circle	red	same	(632, 450)	(800, 618)	hori	left	True	471461	472124	left	(800, 450)	testing
23	kc	m	21	1	circle	green	same	(800, 282)	(968, 450)	vert	up	True	473691	475356	up	(800, 450)	testing
23	kc	m	21	1	diamond	green	dif	(800, 618)	(968, 450)	hori	left	True	477017	477853	up	(800, 450)	testing
23	kc	m	21	1	circle	red	dif	(632, 450)	(800, 282)	vert	up	True	480781	481468	up	(800, 450)	testing
23	kc	m	21	1	diamond	green	dif	(632, 450)	(800, 282)	hori	left	True	482916	483677	left	(800, 450)	testing
23	kc	m	21	1	diamond	green	same	(800, 282)	(968, 450)	hori	left	True	485214	485709	left	(800, 450)	testing
23	kc	m	21	1	diamond	green	same	(800, 282)	(968, 450)	vert	up	True	487328	487917	up	(800, 450)	testing
23	kc	m	21	1	circle	green	dif	(632, 450)	(800, 618)	hori	left	True	489454	490556	left	(800, 450)	testing
23	kc	m	21	1	diamond	none	same	N_dis	(968, 450)	hori	left	True	492066	493484	left	(800, 450)	testing
23	kc	m	21	1	circle	none	same	N_dis	(800, 282)	vert	up	True	494909	495597	up	(800, 450)	testing
23	kc	m	21	1	diamond	green	dif	(632, 450)	(968, 450)	hori	left	True	497179	497853	left	(800, 450)	testing
23	kc	m	21	1	diamond	none	same	N_dis	(800, 618)	hori	left	True	499254	500156	left	(800, 450)	testing
23	kc	m	21	1	diamond	red	dif	(632, 450)	(800, 618)	hori	left	True	501767	502508	left	(800, 450)	testing
23	kc	m	21	1	circle	none	dif	N_dis	(800, 282)	hori	left	True	504000	504701	left	(800, 450)	testing
23	kc	m	21	1	diamond	none	dif	N_dis	(632, 450)	vert	up	True	506100	507164	up	(800, 450)	testing
23	kc	m	21	1	circle	green	dif	(632, 450)	(968, 450)	hori	left	True	508648	509436	left	(800, 450)	testing
23	kc	m	21	1	diamond	red	dif	(632, 450)	(968, 450)	hori	left	True	511014	511645	left	(800, 450)	testing
23	kc	m	21	1	circle	none	same	N_dis	(968, 450)	vert	up	True	513118	513837	up	(800, 450)	testing
23	kc	m	21	1	diamond	red	same	(800, 282)	(632, 450)	vert	up	True	515317	516300	up	(800, 450)	testing
23	kc	m	21	1	circle	red	dif	(632, 450)	(800, 282)	hori	left	True	517795	519100	left	(800, 450)	testing
23	kc	m	21	1	diamond	none	dif	N_dis	(800, 618)	vert	up	True	520537	521148	up	(800, 450)	testing
23	kc	m	21	1	diamond	none	dif	N_dis	(800, 282)	hori	left	True	522820	523564	left	(800, 450)	testing
23	kc	m	21	1	diamond	none	same	N_dis	(800, 618)	hori	left	True	524999	525757	left	(800, 450)	testing
23	kc	m	21	1	circle	green	same	(632, 450)	(800, 618)	vert	up	True	527232	528861	left	(800, 450)	testing
23	kc	m	21	1	circle	none	dif	N_dis	(632, 450)	hori	left	True	531846	532669	left	(800, 450)	testing
23	kc	m	21	1	circle	green	same	(632, 450)	(968, 450)	hori	left	True	534278	535340	left	(800, 450)	testing
23	kc	m	21	1	circle	none	same	N_dis	(968, 450)	hori	left	True	537000	537613	left	(800, 450)	testing
23	kc	m	21	1	circle	none	dif	N_dis	(800, 282)	vert	up	True	539041	539564	up	(800, 450)	testing
23	kc	m	21	1	circle	red	same	(632, 450)	(800, 282)	vert	up	True	541113	541757	up	(800, 450)	testing
23	kc	m	21	1	circle	none	same	N_dis	(800, 618)	hori	left	True	543348	543917	left	(800, 450)	testing
23	kc	m	21	1	diamond	green	dif	(632, 450)	(800, 282)	hori	left	True	545379	545965	left	(800, 450)	testing
23	kc	m	21	1	diamond	red	dif	(632, 450)	(968, 450)	vert	up	True	547408	548268	up	(800, 450)	testing
23	kc	m	21	1	diamond	green	same	(968, 450)	(800, 282)	vert	up	True	549737	550332	up	(800, 450)	testing
23	kc	m	21	1	circle	red	same	(800, 282)	(800, 618)	vert	up	True	551756	552717	up	(800, 450)	testing
23	kc	m	21	1	diamond	red	dif	(632, 450)	(800, 282)	vert	up	True	554317	555244	up	(800, 450)	testing
23	kc	m	21	1	diamond	green	dif	(968, 450)	(800, 282)	hori	left	True	556638	557228	left	(800, 450)	testing
23	kc	m	21	1	diamond	none	dif	N_dis	(800, 282)	vert	up	True	558683	559244	up	(800, 450)	testing
23	kc	m	21	1	diamond	red	same	(968, 450)	(632, 450)	vert	up	True	560881	562605	left	(800, 450)	testing
23	kc	m	21	1	circle	none	dif	N_dis	(800, 282)	vert	up	True	565576	566877	up	(800, 450)	testing
23	kc	m	21	1	diamond	red	same	(800, 618)	(632, 450)	hori	left	True	568473	569100	left	(800, 450)	testing
23	kc	m	21	1	diamond	none	same	N_dis	(800, 282)	hori	left	True	570550	571100	left	(800, 450)	testing
23	kc	m	21	1	circle	none	same	N_dis	(800, 282)	vert	up	True	572481	573036	up	(800, 450)	testing
23	kc	m	21	1	circle	green	dif	(632, 450)	(968, 450)	vert	up	True	574460	575404	up	(800, 450)	testing
23	kc	m	21	1	circle	green	same	(632, 450)	(800, 618)	hori	left	True	576860	578781	left	(800, 450)	testing
23	kc	m	21	1	diamond	none	dif	N_dis	(800, 618)	hori	left	True	580223	581564	left	(800, 450)	testing
23	kc	m	21	1	diamond	green	dif	(632, 450)	(800, 282)	vert	up	True	583151	583645	up	(800, 450)	testing
23	kc	m	21	1	diamond	green	dif	(800, 282)	(968, 450)	vert	up	True	585093	585965	up	(800, 450)	testing
23	kc	m	21	1	diamond	red	same	(632, 450)	(968, 450)	hori	left	True	587494	588220	left	(800, 450)	testing
23	kc	m	21	1	circle	none	same	N_dis	(632, 450)	hori	left	True	589754	590508	left	(800, 450)	testing
23	kc	m	21	1	circle	green	same	(800, 282)	(800, 618)	vert	up	True	591905	592877	up	(800, 450)	testing
23	kc	m	21	1	circle	green	same	(968, 450)	(632, 450)	vert	up	True	594542	595500	up	(800, 450)	testing
23	kc	m	21	1	diamond	none	dif	N_dis	(800, 618)	hori	left	True	597161	598236	left	(800, 450)	testing
23	kc	m	21	1	circle	none	dif	N_dis	(632, 450)	hori	left	True	599731	600476	left	(800, 450)	testing
23	kc	m	21	1	circle	red	same	(632, 450)	(800, 618)	vert	up	True	602101	602797	up	(800, 450)	testing
23	kc	m	21	1	diamond	none	dif	N_dis	(800, 282)	hori	left	True	604427	605052	left	(800, 450)	testing
23	kc	m	21	1	diamond	green	same	(968, 450)	(632, 450)	hori	left	True	606572	607356	left	(800, 450)	testing
23	kc	m	21	1	diamond	red	dif	(632, 450)	(968, 450)	hori	left	True	608771	609789	left	(800, 450)	testing
23	kc	m	21	1	diamond	none	same	N_dis	(632, 450)	hori	left	True	611292	611917	left	(800, 450)	testing
23	kc	m	21	1	diamond	green	same	(968, 450)	(800, 618)	hori	left	True	613475	614476	left	(800, 450)	testing
23	kc	m	21	1	diamond	none	dif	N_dis	(800, 282)	vert	up	True	616139	616733	up	(800, 450)	testing
23	kc	m	21	1	circle	green	dif	(632, 450)	(800, 618)	hori	left	True	618165	619965	left	(800, 450)	testing
23	kc	m	21	1	circle	none	same	N_dis	(800, 282)	vert	up	True	621478	622204	up	(800, 450)	testing
23	kc	m	21	1	diamond	none	dif	N_dis	(800, 618)	hori	left	True	623702	624380	left	(800, 450)	testing
23	kc	m	21	1	circle	red	dif	(968, 450)	(800, 282)	hori	left	True	625828	626508	left	(800, 450)	testing
23	kc	m	21	1	circle	red	same	(632, 450)	(800, 618)	vert	up	True	628038	628829	up	(800, 450)	testing
23	kc	m	21	1	circle	green	dif	(632, 450)	(800, 618)	vert	up	True	630213	631164	left	(800, 450)	testing
23	kc	m	21	1	diamond	red	same	(800, 282)	(632, 450)	vert	up	True	634314	635100	up	(800, 450)	testing
23	kc	m	21	1	circle	none	same	N_dis	(632, 450)	hori	left	True	636671	637725	left	(800, 450)	testing
23	kc	m	21	1	circle	none	dif	N_dis	(800, 282)	vert	up	True	639158	639901	up	(800, 450)	testing
23	kc	m	21	1	diamond	none	dif	N_dis	(800, 282)	vert	up	True	641515	642284	up	(800, 450)	testing
23	kc	m	21	1	diamond	none	same	N_dis	(800, 282)	vert	up	True	643761	644396	up	(800, 450)	testing
23	kc	m	21	1	circle	red	dif	(800, 282)	(968, 450)	vert	up	True	646061	647308	up	(800, 450)	testing
23	kc	m	21	1	diamond	green	dif	(800, 618)	(632, 450)	hori	left	True	648771	649725	left	(800, 450)	testing
23	kc	m	21	1	diamond	none	dif	N_dis	(968, 450)	hori	left	True	651191	652140	left	(800, 450)	testing
23	kc	m	21	1	circle	red	same	(800, 618)	(800, 282)	vert	up	True	653639	654220	up	(800, 450)	testing
23	kc	m	21	1	diamond	red	dif	(968, 450)	(800, 282)	vert	up	True	655617	656252	up	(800, 450)	testing
23	kc	m	21	1	diamond	none	same	N_dis	(800, 282)	vert	up	True	657818	658460	up	(800, 450)	testing
23	kc	m	21	1	diamond	green	dif	(632, 450)	(800, 282)	hori	left	True	659890	660813	left	(800, 450)	testing
23	kc	m	21	1	circle	none	same	N_dis	(968, 450)	hori	left	True	662315	663580	left	(800, 450)	testing
23	kc	m	21	1	circle	none	dif	N_dis	(632, 450)	hori	left	True	665149	665869	left	(800, 450)	testing
23	kc	m	21	1	diamond	none	same	N_dis	(968, 450)	vert	up	True	667388	668108	up	(800, 450)	testing
23	kc	m	21	1	circle	none	dif	N_dis	(968, 450)	hori	left	True	669744	670364	left	(800, 450)	testing
23	kc	m	21	1	circle	red	same	(800, 618)	(632, 450)	vert	up	True	671825	672589	up	(800, 450)	testing
23	kc	m	21	1	circle	none	dif	N_dis	(632, 450)	hori	left	True	674245	674845	left	(800, 450)	testing
23	kc	m	21	1	diamond	green	dif	(800, 282)	(800, 618)	hori	left	True	676353	677260	left	(800, 450)	testing
23	kc	m	21	1	diamond	red	same	(632, 450)	(800, 282)	hori	left	True	678919	679532	left	(800, 450)	testing
23	kc	m	21	1	circle	red	dif	(632, 450)	(800, 618)	hori	left	True	680965	681853	left	(800, 450)	testing
23	kc	m	21	1	diamond	none	same	N_dis	(632, 450)	vert	up	True	683486	684428	up	(800, 450)	testing
23	kc	m	21	1	diamond	green	same	(800, 282)	(968, 450)	hori	left	True	686099	686781	left	(800, 450)	testing
23	kc	m	21	1	circle	green	same	(632, 450)	(800, 618)	hori	left	True	688369	689580	left	(800, 450)	testing
23	kc	m	21	1	diamond	red	same	(632, 450)	(800, 282)	hori	left	True	691045	691613	left	(800, 450)	testing
23	kc	m	21	1	circle	green	dif	(632, 450)	(800, 618)	hori	left	True	693284	694268	left	(800, 450)	testing
23	kc	m	21	1	diamond	green	same	(632, 450)	(800, 282)	vert	up	True	695760	696749	up	(800, 450)	testing
23	kc	m	21	1	circle	none	same	N_dis	(800, 618)	vert	up	True	698395	699388	up	(800, 450)	testing
23	kc	m	21	1	circle	none	same	N_dis	(800, 282)	vert	up	True	700848	701677	up	(800, 450)	testing
23	kc	m	21	1	diamond	red	dif	(632, 450)	(968, 450)	hori	left	True	703073	703725	left	(800, 450)	testing
23	kc	m	21	1	diamond	green	dif	(800, 282)	(632, 450)	vert	up	True	705382	706156	up	(800, 450)	testing
23	kc	m	21	1	diamond	red	same	(968, 450)	(800, 618)	vert	up	True	707817	708476	up	(800, 450)	testing
23	kc	m	21	1	diamond	red	same	(632, 450)	(968, 450)	vert	up	True	709873	710540	up	(800, 450)	testing
23	kc	m	21	1	diamond	none	dif	N_dis	(968, 450)	hori	left	True	712129	712813	left	(800, 450)	testing
23	kc	m	21	1	diamond	green	same	(800, 282)	(800, 618)	vert	up	True	714231	714861	up	(800, 450)	testing
23	kc	m	21	1	circle	red	same	(800, 618)	(800, 282)	vert	up	True	716528	717340	left	(800, 450)	testing
23	kc	m	21	1	circle	green	same	(800, 282)	(968, 450)	hori	left	True	720333	721340	left	(800, 450)	testing
23	kc	m	21	1	diamond	red	same	(800, 618)	(800, 282)	hori	left	True	722963	723532	left	(800, 450)	testing
23	kc	m	21	1	circle	red	same	(632, 450)	(800, 618)	hori	left	True	725017	726637	left	(800, 450)	testing
23	kc	m	21	1	diamond	none	dif	N_dis	(632, 450)	vert	up	True	728151	729260	up	(800, 450)	testing
23	kc	m	21	1	circle	red	same	(632, 450)	(968, 450)	vert	up	True	730703	731613	up	(800, 450)	testing
23	kc	m	21	1	circle	green	same	(800, 618)	(632, 450)	vert	up	True	733282	734109	up	(800, 450)	testing
23	kc	m	21	1	circle	green	dif	(632, 450)	(800, 282)	hori	left	True	735527	736204	left	(800, 450)	testing
23	kc	m	21	1	circle	green	dif	(800, 618)	(632, 450)	vert	up	True	737870	738829	up	(800, 450)	testing
23	kc	m	21	1	circle	none	same	N_dis	(800, 618)	vert	up	True	740304	741084	up	(800, 450)	testing
23	kc	m	21	1	circle	green	dif	(632, 450)	(800, 282)	vert	up	True	742726	743532	up	(800, 450)	testing
23	kc	m	21	1	circle	green	same	(800, 618)	(968, 450)	hori	left	True	745041	746572	left	(800, 450)	testing
23	kc	m	21	1	diamond	green	same	(968, 450)	(800, 618)	vert	up	True	748031	749532	up	(800, 450)	testing
23	kc	m	21	1	diamond	red	dif	(800, 282)	(632, 450)	hori	left	True	750987	752268	left	(800, 450)	testing
23	kc	m	21	1	diamond	red	dif	(800, 618)	(800, 282)	vert	up	True	753852	754989	up	(800, 450)	testing
23	kc	m	21	1	diamond	green	dif	(800, 618)	(800, 282)	hori	left	True	756390	757180	left	(800, 450)	testing
23	kc	m	21	1	circle	green	same	(800, 618)	(968, 450)	vert	up	True	758838	760637	up	(800, 450)	testing
23	kc	m	21	1	diamond	green	dif	(800, 282)	(632, 450)	vert	up	True	762257	763116	up	(800, 450)	testing
23	kc	m	21	1	circle	none	dif	N_dis	(800, 282)	vert	up	True	764686	765532	up	(800, 450)	testing
23	kc	m	21	1	diamond	none	same	N_dis	(968, 450)	hori	left	True	767067	767773	left	(800, 450)	testing
23	kc	m	21	1	circle	green	same	(800, 282)	(632, 450)	hori	left	True	769339	770540	left	(800, 450)	testing
23	kc	m	21	1	diamond	red	same	(800, 282)	(968, 450)	vert	up	True	772185	773646	left	(800, 450)	testing
23	kc	m	21	1	diamond	red	dif	(632, 450)	(968, 450)	vert	up	True	776665	777548	up	(800, 450)	testing
23	kc	m	21	1	diamond	green	dif	(632, 450)	(800, 282)	hori	left	True	779063	779677	left	(800, 450)	testing
23	kc	m	21	1	circle	red	dif	(800, 618)	(632, 450)	vert	up	True	781221	782124	up	(800, 450)	testing
23	kc	m	21	1	circle	red	dif	(632, 450)	(968, 450)	vert	up	True	783525	784444	up	(800, 450)	testing
23	kc	m	21	1	diamond	none	dif	N_dis	(800, 618)	vert	up	True	786057	787613	up	(800, 450)	testing
23	kc	m	21	1	circle	none	dif	N_dis	(800, 282)	hori	left	True	789114	789965	left	(800, 450)	testing
23	kc	m	21	1	circle	none	same	N_dis	(800, 282)	vert	up	True	791520	792316	up	(800, 450)	testing
23	kc	m	21	1	circle	green	dif	(632, 450)	(800, 618)	hori	left	True	793754	794669	left	(800, 450)	testing
23	kc	m	21	1	diamond	green	same	(800, 618)	(800, 282)	hori	left	True	796140	797372	left	(800, 450)	testing
23	kc	m	21	1	circle	green	same	(632, 450)	(968, 450)	hori	left	True	798942	799742	left	(800, 450)	testing
23	kc	m	21	1	diamond	none	same	N_dis	(632, 450)	hori	left	True	801269	801917	left	(800, 450)	testing
23	kc	m	21	1	circle	green	dif	(632, 450)	(800, 282)	hori	left	True	803588	804220	left	(800, 450)	testing
23	kc	m	21	1	diamond	green	same	(632, 450)	(968, 450)	hori	left	True	805790	807276	left	(800, 450)	testing
23	kc	m	21	1	diamond	green	dif	(800, 618)	(632, 450)	hori	left	True	808868	809564	left	(800, 450)	testing
23	kc	m	21	1	diamond	green	same	(968, 450)	(632, 450)	hori	left	True	811217	811869	left	(800, 450)	testing
23	kc	m	21	1	diamond	none	dif	N_dis	(632, 450)	hori	left	True	813311	813933	left	(800, 450)	testing
23	kc	m	21	1	circle	green	same	(632, 450)	(968, 450)	vert	up	True	815443	816156	up	(800, 450)	testing
23	kc	m	21	1	diamond	red	dif	(800, 282)	(632, 450)	vert	up	True	817703	818653	up	(800, 450)	testing
23	kc	m	21	1	circle	red	dif	(968, 450)	(800, 282)	hori	left	True	820295	821789	left	(800, 450)	testing
23	kc	m	21	1	diamond	none	same	N_dis	(632, 450)	hori	left	True	823254	824076	left	(800, 450)	testing
23	kc	m	21	1	circle	none	dif	N_dis	(968, 450)	hori	left	True	825514	826669	left	(800, 450)	testing
23	kc	m	21	1	diamond	red	same	(800, 282)	(632, 450)	hori	left	True	828208	829020	left	(800, 450)	testing
23	kc	m	21	1	circle	red	same	(632, 450)	(800, 618)	vert	up	True	830577	831532	up	(800, 450)	testing
23	kc	m	21	1	circle	red	dif	(632, 450)	(800, 282)	vert	up	True	833200	834220	up	(800, 450)	testing
23	kc	m	21	1	circle	green	same	(632, 450)	(968, 450)	hori	left	True	835756	836556	left	(800, 450)	testing
23	kc	m	21	1	circle	none	dif	N_dis	(800, 618)	vert	up	True	838112	838829	up	(800, 450)	testing
23	kc	m	21	1	circle	green	same	(632, 450)	(800, 618)	vert	up	True	840485	841293	up	(800, 450)	testing
23	kc	m	21	1	diamond	green	same	(632, 450)	(800, 618)	hori	left	True	842800	843885	left	(800, 450)	testing
23	kc	m	21	1	circle	red	same	(968, 450)	(800, 282)	vert	up	True	845388	846140	up	(800, 450)	testing
23	kc	m	21	1	circle	green	dif	(632, 450)	(800, 282)	vert	up	True	847638	848797	up	(800, 450)	testing
23	kc	m	21	1	diamond	red	same	(632, 450)	(968, 450)	vert	up	True	850469	851597	up	(800, 450)	testing
23	kc	m	21	1	circle	green	dif	(632, 450)	(800, 282)	vert	up	True	853078	854589	up	(800, 450)	testing
23	kc	m	21	1	circle	green	same	(968, 450)	(800, 618)	hori	left	True	855969	857068	left	(800, 450)	testing
23	kc	m	21	1	circle	red	same	(968, 450)	(632, 450)	hori	left	True	858693	859372	left	(800, 450)	testing
23	kc	m	21	1	diamond	red	dif	(968, 450)	(800, 618)	hori	left	True	860992	861741	left	(800, 450)	testing
23	kc	m	21	1	circle	none	same	N_dis	(800, 618)	vert	up	True	863272	864476	up	(800, 450)	testing
23	kc	m	21	1	diamond	green	same	(632, 450)	(800, 618)	hori	left	True	865962	867261	left	(800, 450)	testing
23	kc	m	21	1	circle	red	same	(632, 450)	(800, 618)	hori	left	True	868863	869933	left	(800, 450)	testing
23	kc	m	21	1	circle	red	same	(800, 618)	(968, 450)	hori	left	True	871529	872396	left	(800, 450)	testing
23	kc	m	21	1	circle	none	dif	N_dis	(800, 282)	hori	left	True	873900	874701	left	(800, 450)	testing
23	kc	m	21	1	diamond	green	same	(800, 618)	(968, 450)	hori	left	True	876189	877645	left	(800, 450)	testing
23	kc	m	21	1	circle	red	dif	(800, 618)	(800, 282)	hori	left	True	879143	879949	left	(800, 450)	testing
23	kc	m	21	1	circle	none	same	N_dis	(968, 450)	hori	left	True	881446	882140	left	(800, 450)	testing
23	kc	m	21	1	circle	red	dif	(632, 450)	(800, 282)	hori	left	True	883518	884188	left	(800, 450)	testing
23	kc	m	21	1	circle	none	dif	N_dis	(632, 450)	hori	left	True	885707	886428	left	(800, 450)	testing
23	kc	m	21	1	diamond	red	dif	(800, 618)	(968, 450)	hori	left	True	887968	888669	left	(800, 450)	testing
23	kc	m	21	1	diamond	none	same	N_dis	(800, 618)	vert	up	True	890324	891276	up	(800, 450)	testing
23	kc	m	21	1	diamond	none	dif	N_dis	(800, 618)	hori	left	True	892900	893965	left	(800, 450)	testing
