subj	name	gender	age	runNum	shape	dist	td_dif	d_loc	t_loc	resp	resp_key	gotKey	startTime	respTime	resp	fix_loc	prac
23	kc	m	21	2	circle	green	same	(800, 618)	(632, 450)	hori	left	True	14871	16108	left	(800, 450)	testing
23	kc	m	21	2	diamond	none	dif	N_dis	(800, 282)	hori	left	True	17611	18460	left	(800, 450)	testing
23	kc	m	21	2	circle	none	same	N_dis	(968, 450)	hori	left	True	19889	20604	left	(800, 450)	testing
23	kc	m	21	2	diamond	none	dif	N_dis	(632, 450)	hori	left	True	22027	23020	left	(800, 450)	testing
23	kc	m	21	2	diamond	green	dif	(632, 450)	(968, 450)	hori	left	True	24618	25853	left	(800, 450)	testing
23	kc	m	21	2	circle	red	same	(800, 618)	(800, 282)	hori	left	True	27309	28637	left	(800, 450)	testing
23	kc	m	21	2	circle	red	dif	(968, 450)	(632, 450)	vert	up	True	30199	30989	up	(800, 450)	testing
23	kc	m	21	2	diamond	red	dif	(800, 618)	(800, 282)	vert	up	True	32470	33228	up	(800, 450)	testing
23	kc	m	21	2	circle	none	dif	N_dis	(968, 450)	vert	up	True	34814	35596	up	(800, 450)	testing
23	kc	m	21	2	circle	green	dif	(968, 450)	(800, 282)	hori	left	True	37116	37885	left	(800, 450)	testing
23	kc	m	21	2	circle	green	same	(800, 618)	(632, 450)	hori	left	True	39493	40316	left	(800, 450)	testing
23	kc	m	21	2	diamond	green	same	(800, 282)	(968, 450)	vert	up	True	41777	42492	up	(800, 450)	testing
23	kc	m	21	2	diamond	red	same	(800, 618)	(632, 450)	hori	left	True	43928	44588	left	(800, 450)	testing
23	kc	m	21	2	circle	green	dif	(800, 282)	(632, 450)	hori	left	True	46032	47324	left	(800, 450)	testing
23	kc	m	21	2	diamond	green	dif	(800, 618)	(632, 450)	hori	left	True	48801	50460	left	(800, 450)	testing
23	kc	m	21	2	circle	green	same	(800, 618)	(800, 282)	vert	up	True	52069	52845	up	(800, 450)	testing
23	kc	m	21	2	diamond	none	dif	N_dis	(968, 450)	hori	left	True	54496	55164	left	(800, 450)	testing
23	kc	m	21	2	diamond	red	dif	(800, 282)	(800, 618)	hori	left	True	56811	57773	up	(800, 450)	testing
23	kc	m	21	2	diamond	none	same	N_dis	(800, 618)	hori	left	True	60909	61612	left	(800, 450)	testing
23	kc	m	21	2	diamond	green	same	(800, 282)	(632, 450)	hori	left	True	63133	64140	left	(800, 450)	testing
23	kc	m	21	2	diamond	green	same	(800, 282)	(632, 450)	vert	up	True	65600	66637	up	(800, 450)	testing
23	kc	m	21	2	circle	green	same	(800, 282)	(968, 450)	hori	left	True	68024	69228	left	(800, 450)	testing
23	kc	m	21	2	circle	green	dif	(800, 282)	(968, 450)	vert	up	True	70815	71532	left	(800, 450)	testing
23	kc	m	21	2	circle	green	dif	(968, 450)	(632, 450)	hori	left	True	74658	75420	left	(800, 450)	testing
23	kc	m	21	2	circle	red	same	(968, 450)	(800, 282)	hori	left	True	76824	77901	left	(800, 450)	testing
23	kc	m	21	2	circle	green	dif	(800, 282)	(632, 450)	hori	left	True	79451	80492	left	(800, 450)	testing
23	kc	m	21	2	diamond	red	dif	(800, 282)	(968, 450)	vert	up	True	82142	83693	up	(800, 450)	testing
23	kc	m	21	2	diamond	none	dif	N_dis	(800, 282)	vert	up	True	85094	85917	up	(800, 450)	testing
23	kc	m	21	2	diamond	green	dif	(800, 282)	(800, 618)	hori	left	True	87524	88396	left	(800, 450)	testing
23	kc	m	21	2	diamond	green	dif	(800, 618)	(800, 282)	vert	up	True	89834	90444	up	(800, 450)	testing
23	kc	m	21	2	circle	none	same	N_dis	(632, 450)	hori	left	True	92070	92909	left	(800, 450)	testing
23	kc	m	21	2	diamond	red	dif	(800, 618)	(968, 450)	vert	up	True	94382	95084	up	(800, 450)	testing
23	kc	m	21	2	circle	red	same	(800, 618)	(968, 450)	hori	left	True	96651	97468	left	(800, 450)	testing
23	kc	m	21	2	circle	green	dif	(968, 450)	(800, 282)	hori	left	True	98953	100124	left	(800, 450)	testing
23	kc	m	21	2	diamond	red	same	(800, 618)	(968, 450)	vert	up	True	101778	102492	up	(800, 450)	testing
23	kc	m	21	2	diamond	green	dif	(800, 282)	(800, 618)	hori	left	True	103905	104797	left	(800, 450)	testing
23	kc	m	21	2	circle	red	dif	(800, 618)	(632, 450)	hori	left	True	106385	107372	left	(800, 450)	testing
23	kc	m	21	2	diamond	none	same	N_dis	(800, 618)	vert	up	True	108941	109628	up	(800, 450)	testing
23	kc	m	21	2	diamond	red	same	(968, 450)	(800, 618)	hori	left	True	111166	111965	left	(800, 450)	testing
23	kc	m	21	2	circle	red	dif	(968, 450)	(632, 450)	vert	up	True	113535	114332	up	(800, 450)	testing
23	kc	m	21	2	diamond	red	same	(800, 618)	(968, 450)	vert	up	True	115880	117084	up	(800, 450)	testing
23	kc	m	21	2	circle	none	dif	N_dis	(800, 282)	vert	up	True	118471	119228	up	(800, 450)	testing
23	kc	m	21	2	circle	red	dif	(800, 618)	(968, 450)	vert	up	True	120684	121388	up	(800, 450)	testing
23	kc	m	21	2	diamond	green	same	(800, 618)	(968, 450)	vert	up	True	122872	123885	up	(800, 450)	testing
23	kc	m	21	2	circle	green	same	(968, 450)	(632, 450)	vert	up	True	125331	126428	up	(800, 450)	testing
23	kc	m	21	2	circle	red	dif	(800, 282)	(800, 618)	vert	up	True	127993	128749	up	(800, 450)	testing
23	kc	m	21	2	circle	red	same	(968, 450)	(800, 282)	vert	up	True	130342	130989	up	(800, 450)	testing
23	kc	m	21	2	diamond	none	dif	N_dis	(968, 450)	vert	up	True	132512	133308	up	(800, 450)	testing
23	kc	m	21	2	diamond	green	same	(800, 282)	(800, 618)	hori	left	True	134739	135484	left	(800, 450)	testing
23	kc	m	21	2	diamond	red	same	(800, 282)	(632, 450)	hori	left	True	136880	137564	left	(800, 450)	testing
23	kc	m	21	2	diamond	red	dif	(968, 450)	(800, 282)	vert	up	True	139202	139869	up	(800, 450)	testing
23	kc	m	21	2	circle	red	same	(800, 282)	(632, 450)	hori	left	True	141319	143196	left	(800, 450)	testing
23	kc	m	21	2	diamond	green	same	(968, 450)	(632, 450)	vert	up	True	144631	145580	up	(800, 450)	testing
23	kc	m	21	2	diamond	green	same	(800, 282)	(968, 450)	hori	left	True	147058	147741	left	(800, 450)	testing
23	kc	m	21	2	diamond	none	dif	N_dis	(968, 450)	hori	left	True	149277	149869	left	(800, 450)	testing
23	kc	m	21	2	diamond	red	dif	(800, 282)	(800, 618)	hori	left	True	151430	152813	left	(800, 450)	testing
23	kc	m	21	2	diamond	green	dif	(800, 282)	(632, 450)	vert	up	True	154360	155356	up	(800, 450)	testing
23	kc	m	21	2	circle	green	same	(968, 450)	(800, 282)	hori	left	True	156823	157580	left	(800, 450)	testing
23	kc	m	21	2	diamond	green	dif	(800, 618)	(632, 450)	hori	left	True	159043	159661	left	(800, 450)	testing
23	kc	m	21	2	circle	green	dif	(968, 450)	(800, 618)	hori	left	True	161230	162268	left	(800, 450)	testing
23	kc	m	21	2	circle	red	same	(800, 618)	(632, 450)	vert	up	True	163850	164572	up	(800, 450)	testing
23	kc	m	21	2	diamond	none	dif	N_dis	(632, 450)	hori	left	True	166178	166893	left	(800, 450)	testing
23	kc	m	21	2	diamond	none	same	N_dis	(632, 450)	vert	up	True	168321	168941	up	(800, 450)	testing
23	kc	m	21	2	circle	none	same	N_dis	(968, 450)	vert	up	True	170412	172124	up	(800, 450)	testing
23	kc	m	21	2	circle	red	dif	(800, 618)	(800, 282)	hori	left	True	173681	174412	left	(800, 450)	testing
23	kc	m	21	2	diamond	none	same	N_dis	(968, 450)	vert	up	True	176023	176845	up	(800, 450)	testing
23	kc	m	21	2	circle	none	dif	N_dis	(632, 450)	vert	up	True	178389	179468	up	(800, 450)	testing
23	kc	m	21	2	circle	none	same	N_dis	(968, 450)	vert	up	True	181124	181805	up	(800, 450)	testing
23	kc	m	21	2	diamond	red	same	(800, 618)	(632, 450)	vert	up	True	183404	184396	up	(800, 450)	testing
23	kc	m	21	2	diamond	red	same	(968, 450)	(800, 618)	vert	up	True	186046	187949	up	(800, 450)	testing
23	kc	m	21	2	circle	red	same	(800, 282)	(800, 618)	hori	left	True	189505	190797	left	(800, 450)	testing
23	kc	m	21	2	diamond	none	same	N_dis	(800, 282)	vert	up	True	192469	193068	up	(800, 450)	testing
23	kc	m	21	2	circle	none	dif	N_dis	(632, 450)	vert	up	True	194739	195677	up	(800, 450)	testing
23	kc	m	21	2	circle	red	same	(800, 618)	(800, 282)	hori	left	True	197209	197789	left	(800, 450)	testing
23	kc	m	21	2	circle	red	same	(800, 282)	(632, 450)	hori	left	True	199181	199965	left	(800, 450)	testing
23	kc	m	21	2	diamond	red	dif	(968, 450)	(800, 282)	hori	left	True	201360	201965	left	(800, 450)	testing
23	kc	m	21	2	diamond	red	same	(800, 282)	(968, 450)	vert	up	True	203584	204620	up	(800, 450)	testing
23	kc	m	21	2	circle	red	dif	(632, 450)	(800, 282)	vert	up	True	206082	207372	up	(800, 450)	testing
23	kc	m	21	2	diamond	green	same	(800, 282)	(800, 618)	vert	up	True	208802	209789	up	(800, 450)	testing
23	kc	m	21	2	circle	none	same	N_dis	(800, 618)	vert	up	True	211222	211997	up	(800, 450)	testing
23	kc	m	21	2	diamond	red	dif	(800, 618)	(800, 282)	hori	left	True	213500	214060	left	(800, 450)	testing
23	kc	m	21	2	diamond	green	same	(800, 282)	(968, 450)	vert	up	True	215438	216284	up	(800, 450)	testing
23	kc	m	21	2	circle	green	same	(632, 450)	(800, 282)	vert	up	True	217852	219052	up	(800, 450)	testing
23	kc	m	21	2	circle	none	same	N_dis	(632, 450)	vert	up	True	220447	221228	up	(800, 450)	testing
23	kc	m	21	2	diamond	green	dif	(800, 618)	(632, 450)	vert	up	True	222610	224316	up	(800, 450)	testing
23	kc	m	21	2	diamond	none	dif	N_dis	(632, 450)	vert	up	True	225800	226444	up	(800, 450)	testing
23	kc	m	21	2	circle	none	same	N_dis	(800, 618)	vert	up	True	227848	228845	up	(800, 450)	testing
23	kc	m	21	2	diamond	red	same	(800, 282)	(632, 450)	vert	up	True	230277	231580	left	(800, 450)	testing
23	kc	m	21	2	diamond	none	dif	N_dis	(632, 450)	hori	left	True	234508	235276	left	(800, 450)	testing
23	kc	m	21	2	diamond	green	same	(968, 450)	(632, 450)	hori	left	True	236789	237821	left	(800, 450)	testing
23	kc	m	21	2	diamond	green	dif	(800, 618)	(968, 450)	hori	left	True	239214	239869	left	(800, 450)	testing
23	kc	m	21	2	circle	none	dif	N_dis	(632, 450)	vert	up	True	241355	242156	up	(800, 450)	testing
23	kc	m	21	2	circle	green	dif	(800, 282)	(800, 618)	vert	up	True	243821	244765	up	(800, 450)	testing
23	kc	m	21	2	diamond	none	dif	N_dis	(800, 618)	vert	up	True	246371	247372	up	(800, 450)	testing
23	kc	m	21	2	diamond	none	same	N_dis	(632, 450)	vert	up	True	248935	249628	up	(800, 450)	testing
23	kc	m	21	2	diamond	red	dif	(968, 450)	(800, 618)	hori	left	True	251157	251885	left	(800, 450)	testing
23	kc	m	21	2	diamond	red	dif	(968, 450)	(800, 618)	vert	up	True	253449	254124	up	(800, 450)	testing
23	kc	m	21	2	circle	none	dif	N_dis	(968, 450)	vert	up	True	255773	256717	up	(800, 450)	testing
23	kc	m	21	2	diamond	green	same	(800, 618)	(632, 450)	hori	left	True	258184	258813	left	(800, 450)	testing
23	kc	m	21	2	circle	none	dif	N_dis	(800, 618)	vert	up	True	260470	261132	up	(800, 450)	testing
23	kc	m	21	2	circle	green	same	(968, 450)	(800, 282)	hori	left	True	262621	263661	left	(800, 450)	testing
23	kc	m	21	2	diamond	none	same	N_dis	(800, 618)	hori	left	True	265055	266124	left	(800, 450)	testing
23	kc	m	21	2	circle	green	same	(800, 282)	(968, 450)	hori	left	True	267704	269292	left	(800, 450)	testing
23	kc	m	21	2	diamond	none	same	N_dis	(800, 282)	hori	left	True	270789	271452	left	(800, 450)	testing
23	kc	m	21	2	circle	none	same	N_dis	(800, 282)	vert	up	True	272827	273516	up	(800, 450)	testing
23	kc	m	21	2	diamond	red	dif	(968, 450)	(800, 618)	vert	up	True	274915	275789	up	(800, 450)	testing
23	kc	m	21	2	circle	red	dif	(800, 282)	(632, 450)	hori	left	True	277406	278252	left	(800, 450)	testing
23	kc	m	21	2	circle	red	dif	(968, 450)	(800, 618)	vert	up	True	279746	280412	up	(800, 450)	testing
23	kc	m	21	2	circle	none	same	N_dis	(800, 618)	vert	up	True	281785	282669	up	(800, 450)	testing
23	kc	m	21	2	diamond	red	same	(968, 450)	(632, 450)	vert	up	True	284067	284909	up	(800, 450)	testing
23	kc	m	21	2	circle	red	same	(800, 282)	(968, 450)	vert	up	True	286298	286989	up	(800, 450)	testing
23	kc	m	21	2	circle	none	same	N_dis	(800, 618)	hori	left	True	288555	289228	left	(800, 450)	testing
23	kc	m	21	2	circle	red	dif	(800, 618)	(968, 450)	vert	up	True	290610	291340	up	(800, 450)	testing
23	kc	m	21	2	diamond	green	dif	(800, 282)	(632, 450)	vert	up	True	292910	294252	up	(800, 450)	testing
23	kc	m	21	2	diamond	red	same	(968, 450)	(632, 450)	vert	up	True	295783	296476	up	(800, 450)	testing
23	kc	m	21	2	diamond	red	same	(968, 450)	(800, 282)	hori	left	True	297854	298637	left	(800, 450)	testing
23	kc	m	21	2	circle	red	same	(800, 618)	(800, 282)	vert	up	True	300227	300813	up	(800, 450)	testing
23	kc	m	21	2	circle	none	dif	N_dis	(968, 450)	vert	up	True	302284	303468	up	(800, 450)	testing
23	kc	m	21	2	circle	red	same	(968, 450)	(800, 618)	hori	left	True	305097	306092	left	(800, 450)	testing
23	kc	m	21	2	circle	red	dif	(800, 618)	(632, 450)	vert	up	True	307667	308332	up	(800, 450)	testing
23	kc	m	21	2	circle	none	same	N_dis	(800, 282)	vert	up	True	309908	310653	up	(800, 450)	testing
23	kc	m	21	2	diamond	none	dif	N_dis	(800, 618)	vert	up	True	312153	313084	up	(800, 450)	testing
23	kc	m	21	2	diamond	green	dif	(800, 618)	(632, 450)	hori	left	True	314520	315292	left	(800, 450)	testing
23	kc	m	21	2	diamond	none	same	N_dis	(968, 450)	hori	left	True	316890	317596	left	(800, 450)	testing
23	kc	m	21	2	diamond	green	dif	(800, 282)	(968, 450)	hori	left	True	319121	319821	left	(800, 450)	testing
23	kc	m	21	2	diamond	red	same	(800, 618)	(800, 282)	hori	left	True	321420	322044	left	(800, 450)	testing
23	kc	m	21	2	circle	red	same	(800, 618)	(800, 282)	vert	up	True	323529	324172	up	(800, 450)	testing
23	kc	m	21	2	circle	red	dif	(968, 450)	(800, 618)	vert	up	True	325743	326620	left	(800, 450)	testing
23	kc	m	21	2	circle	green	dif	(800, 618)	(800, 282)	hori	left	True	329654	330556	left	(800, 450)	testing
23	kc	m	21	2	circle	green	same	(800, 618)	(968, 450)	hori	left	True	332004	333196	left	(800, 450)	testing
23	kc	m	21	2	circle	green	dif	(800, 618)	(800, 282)	vert	up	True	334845	335388	up	(800, 450)	testing
23	kc	m	21	2	diamond	none	dif	N_dis	(968, 450)	hori	left	True	336899	337645	left	(800, 450)	testing
23	kc	m	21	2	circle	none	dif	N_dis	(968, 450)	vert	up	True	339177	339725	left	(800, 450)	testing
23	kc	m	21	2	diamond	none	same	N_dis	(968, 450)	hori	left	True	342884	343837	left	(800, 450)	testing
23	kc	m	21	2	circle	green	same	(968, 450)	(632, 450)	hori	left	True	345461	346332	left	(800, 450)	testing
23	kc	m	21	2	circle	red	same	(800, 282)	(800, 618)	vert	up	True	347855	349020	up	(800, 450)	testing
23	kc	m	21	2	diamond	none	same	N_dis	(800, 282)	vert	up	True	350534	352124	up	(800, 450)	testing
23	kc	m	21	2	circle	red	dif	(800, 282)	(800, 618)	vert	up	True	353570	354604	left	(800, 450)	testing
23	kc	m	21	2	diamond	green	dif	(800, 618)	(968, 450)	vert	up	True	357683	358717	up	(800, 450)	testing
23	kc	m	21	2	diamond	none	same	N_dis	(632, 450)	hori	left	True	360132	361132	left	(800, 450)	testing
23	kc	m	21	2	diamond	red	same	(800, 282)	(800, 618)	hori	left	True	362692	363853	left	(800, 450)	testing
23	kc	m	21	2	diamond	none	same	N_dis	(800, 618)	vert	up	True	365490	366284	up	(800, 450)	testing
23	kc	m	21	2	diamond	none	same	N_dis	(968, 450)	hori	left	True	367730	368604	left	(800, 450)	testing
23	kc	m	21	2	diamond	red	dif	(800, 618)	(800, 282)	hori	left	True	370227	370893	left	(800, 450)	testing
23	kc	m	21	2	circle	green	dif	(968, 450)	(800, 282)	vert	up	True	372457	373164	up	(800, 450)	testing
23	kc	m	21	2	circle	none	dif	N_dis	(800, 282)	vert	up	True	374544	375132	up	(800, 450)	testing
23	kc	m	21	2	circle	red	same	(800, 618)	(800, 282)	hori	left	True	376660	377260	left	(800, 450)	testing
23	kc	m	21	2	diamond	green	dif	(800, 618)	(968, 450)	vert	up	True	378810	379789	up	(800, 450)	testing
23	kc	m	21	2	circle	red	dif	(800, 618)	(968, 450)	vert	up	True	381261	382396	up	(800, 450)	testing
23	kc	m	21	2	circle	red	same	(968, 450)	(632, 450)	hori	left	True	383824	384572	left	(800, 450)	testing
23	kc	m	21	2	circle	none	same	N_dis	(800, 282)	vert	up	True	386043	387004	up	(800, 450)	testing
23	kc	m	21	2	circle	green	same	(800, 282)	(632, 450)	hori	left	True	388409	390524	left	(800, 450)	testing
23	kc	m	21	2	circle	none	same	N_dis	(800, 618)	vert	up	True	391909	392637	up	(800, 450)	testing
23	kc	m	21	2	diamond	green	dif	(968, 450)	(632, 450)	vert	up	True	394015	395917	up	(800, 450)	testing
23	kc	m	21	2	circle	none	same	N_dis	(632, 450)	hori	left	True	397516	398588	left	(800, 450)	testing
23	kc	m	21	2	diamond	none	same	N_dis	(800, 618)	vert	up	True	400107	401308	up	(800, 450)	testing
23	kc	m	21	2	diamond	green	same	(968, 450)	(800, 282)	hori	left	True	402749	404284	left	(800, 450)	testing
23	kc	m	21	2	diamond	none	dif	N_dis	(800, 618)	hori	left	True	405864	407084	left	(800, 450)	testing
23	kc	m	21	2	circle	none	same	N_dis	(632, 450)	hori	left	True	408523	409548	left	(800, 450)	testing
23	kc	m	21	2	circle	green	same	(968, 450)	(800, 282)	vert	up	True	411188	412604	up	(800, 450)	testing
23	kc	m	21	2	diamond	green	same	(968, 450)	(800, 282)	hori	left	True	414255	415484	left	(800, 450)	testing
23	kc	m	21	2	diamond	none	same	N_dis	(800, 282)	hori	left	True	416981	417661	left	(800, 450)	testing
23	kc	m	21	2	circle	none	dif	N_dis	(800, 618)	vert	up	True	419132	420140	up	(800, 450)	testing
23	kc	m	21	2	diamond	green	dif	(800, 282)	(968, 450)	hori	left	True	421565	422316	left	(800, 450)	testing
23	kc	m	21	2	diamond	none	same	N_dis	(800, 282)	vert	up	True	423914	424604	up	(800, 450)	testing
23	kc	m	21	2	diamond	none	same	N_dis	(968, 450)	hori	left	True	425981	426669	left	(800, 450)	testing
23	kc	m	21	2	diamond	none	dif	N_dis	(968, 450)	hori	left	True	428186	428781	left	(800, 450)	testing
23	kc	m	21	2	diamond	none	dif	N_dis	(800, 282)	vert	up	True	430397	431020	up	(800, 450)	testing
23	kc	m	21	2	circle	green	dif	(800, 618)	(632, 450)	vert	up	True	432552	434348	up	(800, 450)	testing
23	kc	m	21	2	diamond	green	same	(800, 282)	(968, 450)	vert	up	True	435907	438204	up	(800, 450)	testing
23	kc	m	21	2	circle	red	dif	(800, 282)	(968, 450)	hori	left	True	439636	440733	left	(800, 450)	testing
23	kc	m	21	2	diamond	green	same	(800, 618)	(632, 450)	vert	up	True	442323	443052	up	(800, 450)	testing
23	kc	m	21	2	circle	red	same	(632, 450)	(800, 618)	vert	up	True	444531	445452	up	(800, 450)	testing
23	kc	m	21	2	circle	green	dif	(968, 450)	(800, 618)	vert	up	True	446858	447933	up	(800, 450)	testing
23	kc	m	21	2	circle	none	same	N_dis	(800, 618)	vert	up	True	449578	450252	up	(800, 450)	testing
23	kc	m	21	2	diamond	none	dif	N_dis	(800, 282)	hori	left	True	451752	452428	left	(800, 450)	testing
23	kc	m	21	2	diamond	none	same	N_dis	(632, 450)	vert	up	True	453986	454717	left	(800, 450)	testing
23	kc	m	21	2	diamond	green	dif	(632, 450)	(800, 618)	hori	left	True	457708	458588	left	(800, 450)	testing
23	kc	m	21	2	diamond	none	dif	N_dis	(968, 450)	hori	left	True	460041	460845	left	(800, 450)	testing
23	kc	m	21	2	diamond	red	dif	(800, 618)	(800, 282)	vert	up	True	462480	463084	up	(800, 450)	testing
23	kc	m	21	2	circle	green	same	(800, 618)	(800, 282)	hori	left	True	464514	465837	left	(800, 450)	testing
23	kc	m	21	2	circle	red	same	(800, 282)	(800, 618)	vert	up	True	467279	469100	up	(800, 450)	testing
23	kc	m	21	2	circle	none	dif	N_dis	(632, 450)	hori	left	True	470675	471436	left	(800, 450)	testing
23	kc	m	21	2	circle	green	dif	(800, 618)	(632, 450)	vert	up	True	472959	473821	up	(800, 450)	testing
23	kc	m	21	2	diamond	red	same	(968, 450)	(800, 618)	hori	left	True	475337	476188	left	(800, 450)	testing
23	kc	m	21	2	diamond	none	dif	N_dis	(800, 618)	vert	up	True	477766	479276	up	(800, 450)	testing
23	kc	m	21	2	diamond	red	same	(968, 450)	(800, 282)	vert	up	True	480684	481869	up	(800, 450)	testing
23	kc	m	21	2	diamond	red	same	(800, 618)	(968, 450)	hori	left	True	483309	485404	left	(800, 450)	testing
23	kc	m	21	2	diamond	green	same	(800, 618)	(968, 450)	vert	up	True	486949	488028	up	(800, 450)	testing
23	kc	m	21	2	circle	none	same	N_dis	(800, 282)	hori	left	True	489435	490524	left	(800, 450)	testing
23	kc	m	21	2	circle	green	same	(968, 450)	(632, 450)	vert	up	True	492185	492925	up	(800, 450)	testing
23	kc	m	21	2	diamond	none	same	N_dis	(632, 450)	hori	left	True	494531	495292	left	(800, 450)	testing
23	kc	m	21	2	circle	none	same	N_dis	(800, 282)	vert	up	True	496887	497869	up	(800, 450)	testing
23	kc	m	21	2	circle	red	dif	(800, 282)	(800, 618)	vert	up	True	499459	500444	up	(800, 450)	testing
23	kc	m	21	2	diamond	none	same	N_dis	(800, 618)	vert	up	True	502072	503516	up	(800, 450)	testing
23	kc	m	21	2	circle	none	dif	N_dis	(968, 450)	vert	up	True	505063	505821	up	(800, 450)	testing
23	kc	m	21	2	circle	green	dif	(800, 618)	(800, 282)	hori	left	True	507339	508268	left	(800, 450)	testing
23	kc	m	21	2	circle	red	dif	(800, 282)	(632, 450)	vert	up	True	509782	510941	up	(800, 450)	testing
23	kc	m	21	2	circle	green	same	(800, 618)	(632, 450)	vert	up	True	512558	514284	up	(800, 450)	testing
23	kc	m	21	2	diamond	red	dif	(968, 450)	(632, 450)	hori	left	True	515727	516508	left	(800, 450)	testing
23	kc	m	21	2	circle	none	dif	N_dis	(968, 450)	vert	up	True	518049	518797	up	(800, 450)	testing
23	kc	m	21	2	diamond	red	dif	(632, 450)	(968, 450)	hori	left	True	520212	521596	left	(800, 450)	testing
23	kc	m	21	2	diamond	green	same	(968, 450)	(632, 450)	vert	up	True	523154	523805	up	(800, 450)	testing
23	kc	m	21	2	circle	none	same	N_dis	(800, 282)	hori	left	True	525389	526428	left	(800, 450)	testing
23	kc	m	21	2	diamond	red	same	(800, 282)	(632, 450)	vert	up	True	527808	528524	up	(800, 450)	testing
23	kc	m	21	2	diamond	none	dif	N_dis	(632, 450)	vert	up	True	530053	530717	up	(800, 450)	testing
23	kc	m	21	2	diamond	green	same	(800, 282)	(800, 618)	vert	up	True	532128	534012	up	(800, 450)	testing
23	kc	m	21	2	circle	none	dif	N_dis	(632, 450)	hori	left	True	535401	536508	left	(800, 450)	testing
23	kc	m	21	2	circle	green	same	(800, 282)	(968, 450)	hori	left	True	537987	539276	left	(800, 450)	testing
23	kc	m	21	2	circle	none	same	N_dis	(800, 618)	vert	up	True	540725	541949	up	(800, 450)	testing
23	kc	m	21	2	circle	red	same	(968, 450)	(632, 450)	hori	left	True	543356	545084	left	(800, 450)	testing
23	kc	m	21	2	diamond	none	dif	N_dis	(968, 450)	vert	up	True	546696	547645	up	(800, 450)	testing
23	kc	m	21	2	diamond	none	dif	N_dis	(800, 282)	vert	up	True	549168	550188	up	(800, 450)	testing
23	kc	m	21	2	circle	green	same	(968, 450)	(800, 282)	vert	up	True	551646	553148	up	(800, 450)	testing
23	kc	m	21	2	circle	green	same	(968, 450)	(800, 618)	vert	up	True	554694	555917	up	(800, 450)	testing
23	kc	m	21	2	circle	none	dif	N_dis	(800, 282)	hori	left	True	557304	557981	left	(800, 450)	testing
23	kc	m	21	2	diamond	red	dif	(800, 282)	(800, 618)	hori	left	True	559429	560749	left	(800, 450)	testing
23	kc	m	21	2	diamond	red	same	(800, 282)	(632, 450)	hori	left	True	562213	563741	left	(800, 450)	testing
23	kc	m	21	2	circle	green	dif	(968, 450)	(632, 450)	hori	left	True	565201	566236	left	(800, 450)	testing
23	kc	m	21	2	circle	red	dif	(968, 450)	(800, 618)	hori	left	True	567664	568460	left	(800, 450)	testing
23	kc	m	21	2	circle	green	dif	(800, 618)	(968, 450)	hori	left	True	570022	571148	left	(800, 450)	testing
23	kc	m	21	2	diamond	red	dif	(632, 450)	(800, 282)	vert	up	True	572564	573596	up	(800, 450)	testing
23	kc	m	21	2	circle	green	same	(800, 282)	(800, 618)	vert	up	True	575139	576508	up	(800, 450)	testing
23	kc	m	21	2	diamond	none	same	N_dis	(632, 450)	vert	up	True	578099	578845	up	(800, 450)	testing
23	kc	m	21	2	circle	red	dif	(968, 450)	(800, 282)	hori	left	True	580470	581164	left	(800, 450)	testing
23	kc	m	21	2	circle	none	dif	N_dis	(632, 450)	hori	left	True	582688	583372	left	(800, 450)	testing
23	kc	m	21	2	diamond	none	dif	N_dis	(968, 450)	vert	up	True	584925	585677	up	(800, 450)	testing
23	kc	m	21	2	circle	none	dif	N_dis	(632, 450)	vert	up	True	587102	587917	up	(800, 450)	testing
23	kc	m	21	2	diamond	green	same	(968, 450)	(632, 450)	vert	up	True	589297	590060	up	(800, 450)	testing
23	kc	m	21	2	circle	green	dif	(800, 618)	(800, 282)	vert	up	True	591687	593340	up	(800, 450)	testing
23	kc	m	21	2	diamond	green	dif	(800, 282)	(800, 618)	vert	up	True	594977	596749	up	(800, 450)	testing
23	kc	m	21	2	circle	red	same	(968, 450)	(800, 618)	vert	up	True	598310	599244	up	(800, 450)	testing
23	kc	m	21	2	circle	green	dif	(800, 618)	(632, 450)	hori	left	True	600790	602172	left	(800, 450)	testing
23	kc	m	21	2	circle	green	same	(968, 450)	(800, 618)	hori	left	True	603801	605004	left	(800, 450)	testing
23	kc	m	21	2	circle	green	same	(800, 618)	(800, 282)	vert	up	True	606493	607404	up	(800, 450)	testing
23	kc	m	21	2	circle	none	dif	N_dis	(800, 282)	hori	left	True	608807	609901	left	(800, 450)	testing
23	kc	m	21	2	circle	red	same	(800, 282)	(632, 450)	hori	left	True	611546	612396	left	(800, 450)	testing
23	kc	m	21	2	circle	green	dif	(800, 282)	(968, 450)	vert	up	True	613843	614797	up	(800, 450)	testing
23	kc	m	21	2	circle	none	same	N_dis	(632, 450)	hori	left	True	616239	617020	left	(800, 450)	testing
23	kc	m	21	2	diamond	red	dif	(800, 618)	(968, 450)	vert	up	True	618453	619404	up	(800, 450)	testing
23	kc	m	21	2	diamond	none	dif	N_dis	(968, 450)	vert	up	True	620779	621516	up	(800, 450)	testing
23	kc	m	21	2	circle	none	dif	N_dis	(632, 450)	vert	up	True	623148	624460	up	(800, 450)	testing
23	kc	m	21	2	diamond	red	same	(968, 450)	(632, 450)	vert	up	True	625871	626685	up	(800, 450)	testing
23	kc	m	21	2	circle	none	dif	N_dis	(800, 618)	hori	left	True	628256	629164	left	(800, 450)	testing
23	kc	m	21	2	diamond	green	dif	(800, 282)	(632, 450)	hori	left	True	630790	631741	left	(800, 450)	testing
23	kc	m	21	2	diamond	green	dif	(800, 282)	(632, 450)	vert	up	True	633126	633837	up	(800, 450)	testing
23	kc	m	21	2	circle	red	dif	(968, 450)	(800, 282)	vert	up	True	635507	636396	left	(800, 450)	testing
23	kc	m	21	2	diamond	green	dif	(968, 450)	(800, 618)	hori	left	True	639469	640252	left	(800, 450)	testing
23	kc	m	21	2	circle	red	same	(968, 450)	(800, 282)	vert	up	True	641793	643148	up	(800, 450)	testing
23	kc	m	21	2	circle	green	dif	(800, 282)	(632, 450)	hori	left	True	644624	646092	left	(800, 450)	testing
23	kc	m	21	2	circle	none	dif	N_dis	(800, 618)	vert	up	True	647522	648412	up	(800, 450)	testing
23	kc	m	21	2	diamond	green	same	(968, 450)	(800, 282)	hori	left	True	650085	651388	left	(800, 450)	testing
23	kc	m	21	2	circle	green	same	(632, 450)	(968, 450)	hori	left	True	652836	654028	left	(800, 450)	testing
23	kc	m	21	2	diamond	green	dif	(800, 282)	(632, 450)	hori	left	True	655636	656620	left	(800, 450)	testing
23	kc	m	21	2	circle	none	same	N_dis	(800, 618)	hori	left	True	658205	658941	left	(800, 450)	testing
23	kc	m	21	2	circle	green	same	(968, 450)	(800, 618)	vert	up	True	660503	661420	up	(800, 450)	testing
23	kc	m	21	2	diamond	red	dif	(800, 618)	(968, 450)	vert	up	True	662888	663564	up	(800, 450)	testing
23	kc	m	21	2	circle	green	same	(968, 450)	(632, 450)	vert	up	True	664994	666012	up	(800, 450)	testing
23	kc	m	21	2	circle	red	same	(800, 282)	(968, 450)	hori	left	True	667555	668204	left	(800, 450)	testing
23	kc	m	21	2	circle	none	dif	N_dis	(968, 450)	vert	up	True	669876	670572	up	(800, 450)	testing
23	kc	m	21	2	circle	red	same	(800, 618)	(968, 450)	hori	left	True	672094	672749	left	(800, 450)	testing
23	kc	m	21	2	circle	red	same	(800, 282)	(800, 618)	hori	left	True	674356	675677	left	(800, 450)	testing
23	kc	m	21	2	circle	red	dif	(800, 618)	(968, 450)	vert	up	True	677128	677789	up	(800, 450)	testing
23	kc	m	21	2	circle	none	same	N_dis	(800, 282)	vert	up	True	679406	680252	up	(800, 450)	testing
23	kc	m	21	2	diamond	green	same	(968, 450)	(800, 282)	vert	up	True	681663	682685	up	(800, 450)	testing
23	kc	m	21	2	circle	none	same	N_dis	(800, 282)	vert	up	True	684225	685020	up	(800, 450)	testing
23	kc	m	21	2	diamond	red	same	(800, 282)	(968, 450)	vert	up	True	686418	687388	up	(800, 450)	testing
23	kc	m	21	2	diamond	green	same	(800, 618)	(968, 450)	hori	left	True	688881	691036	left	(800, 450)	testing
23	kc	m	21	2	diamond	red	dif	(968, 450)	(800, 618)	hori	left	True	692572	693548	left	(800, 450)	testing
23	kc	m	21	2	diamond	none	same	N_dis	(800, 618)	vert	up	True	695173	695917	up	(800, 450)	testing
23	kc	m	21	2	circle	red	dif	(968, 450)	(632, 450)	hori	left	True	697306	698492	left	(800, 450)	testing
23	kc	m	21	2	diamond	green	same	(800, 618)	(800, 282)	vert	up	True	700018	700572	up	(800, 450)	testing
23	kc	m	21	2	diamond	green	dif	(800, 282)	(800, 618)	hori	left	True	702028	702749	left	(800, 450)	testing
23	kc	m	21	2	diamond	red	dif	(800, 282)	(800, 618)	vert	up	True	704232	705469	up	(800, 450)	testing
23	kc	m	21	2	circle	green	dif	(968, 450)	(800, 618)	vert	up	True	707047	707869	left	(800, 450)	testing
23	kc	m	21	2	circle	none	dif	N_dis	(968, 450)	vert	up	True	711002	711821	up	(800, 450)	testing
23	kc	m	21	2	diamond	red	dif	(800, 618)	(632, 450)	vert	up	True	713224	714300	up	(800, 450)	testing
23	kc	m	21	2	diamond	red	same	(800, 282)	(968, 450)	hori	left	True	715786	716444	left	(800, 450)	testing
23	kc	m	21	2	diamond	red	same	(800, 282)	(968, 450)	vert	up	True	717918	718572	up	(800, 450)	testing
23	kc	m	21	2	diamond	red	dif	(800, 282)	(632, 450)	vert	up	True	720227	721068	up	(800, 450)	testing
23	kc	m	21	2	diamond	green	same	(800, 618)	(800, 282)	vert	up	True	722725	723324	up	(800, 450)	testing
23	kc	m	21	2	diamond	none	same	N_dis	(800, 618)	hori	left	True	724773	725452	left	(800, 450)	testing
23	kc	m	21	2	circle	red	dif	(800, 282)	(968, 450)	hori	left	True	726832	728749	left	(800, 450)	testing
23	kc	m	21	2	diamond	none	same	N_dis	(800, 282)	vert	up	True	730298	731036	up	(800, 450)	testing
23	kc	m	21	2	diamond	red	dif	(968, 450)	(800, 618)	hori	left	True	732542	733196	left	(800, 450)	testing
23	kc	m	21	2	diamond	red	same	(968, 450)	(800, 282)	hori	left	True	734599	735132	left	(800, 450)	testing
23	kc	m	21	2	diamond	none	dif	N_dis	(800, 282)	hori	left	True	736584	737148	left	(800, 450)	testing
23	kc	m	21	2	circle	green	dif	(800, 618)	(968, 450)	vert	up	True	738710	739661	up	(800, 450)	testing
23	kc	m	21	2	diamond	red	dif	(800, 618)	(968, 450)	hori	left	True	741097	742044	left	(800, 450)	testing
23	kc	m	21	2	diamond	green	dif	(800, 618)	(632, 450)	hori	left	True	743450	744060	left	(800, 450)	testing
23	kc	m	21	2	diamond	none	dif	N_dis	(800, 282)	hori	left	True	745497	746028	left	(800, 450)	testing
23	kc	m	21	2	circle	green	dif	(968, 450)	(800, 282)	hori	left	True	747539	748540	left	(800, 450)	testing
23	kc	m	21	2	circle	none	dif	N_dis	(800, 618)	hori	left	True	749931	751132	left	(800, 450)	testing
23	kc	m	21	2	circle	none	same	N_dis	(632, 450)	vert	up	True	752507	753164	left	(800, 450)	testing
23	kc	m	21	2	diamond	green	same	(800, 282)	(968, 450)	hori	left	True	756076	757085	left	(800, 450)	testing
23	kc	m	21	2	diamond	red	same	(800, 618)	(632, 450)	hori	left	True	758503	759693	left	(800, 450)	testing
23	kc	m	21	2	circle	red	dif	(800, 618)	(632, 450)	vert	up	True	761350	763260	up	(800, 450)	testing
23	kc	m	21	2	circle	green	dif	(800, 282)	(968, 450)	vert	up	True	764870	765885	up	(800, 450)	testing
23	kc	m	21	2	circle	red	dif	(968, 450)	(632, 450)	hori	left	True	767355	768300	left	(800, 450)	testing
23	kc	m	21	2	diamond	green	dif	(968, 450)	(800, 618)	hori	left	True	769929	770845	left	(800, 450)	testing
