subj	name	gender	age	runNum	shape	dist	td_dif	d_loc	t_loc	resp	resp_key	gotKey	startTime	respTime	resp	fix_loc	prac
24	ll	f	20	3	diamond	red	dif	(968, 450)	(800, 282)	hori	left	True	19109	21486	left	(800, 450)	testing
24	ll	f	20	3	circle	none	same	N_dis	(968, 450)	hori	left	True	22983	24286	left	(800, 450)	testing
24	ll	f	20	3	circle	none	same	N_dis	(800, 618)	vert	up	True	25704	26702	up	(800, 450)	testing
24	ll	f	20	3	circle	red	dif	(800, 282)	(632, 450)	hori	left	True	28081	29807	left	(800, 450)	testing
24	ll	f	20	3	diamond	red	dif	(800, 282)	(800, 618)	hori	left	True	31362	32334	left	(800, 450)	testing
24	ll	f	20	3	diamond	none	dif	N_dis	(800, 282)	vert	up	True	33896	34799	up	(800, 450)	testing
24	ll	f	20	3	diamond	green	same	(800, 618)	(800, 282)	vert	up	True	36274	37390	up	(800, 450)	testing
24	ll	f	20	3	diamond	none	dif	N_dis	(968, 450)	vert	up	True	38870	39791	up	(800, 450)	testing
24	ll	f	20	3	diamond	green	same	(632, 450)	(968, 450)	hori	left	True	41354	42174	left	(800, 450)	testing
24	ll	f	20	3	circle	none	dif	N_dis	(632, 450)	vert	up	True	43568	44879	up	(800, 450)	testing
24	ll	f	20	3	circle	red	dif	(968, 450)	(632, 450)	hori	left	True	46543	47887	left	(800, 450)	testing
24	ll	f	20	3	diamond	red	dif	(968, 450)	(800, 282)	vert	up	True	49332	50414	up	(800, 450)	testing
24	ll	f	20	3	diamond	green	dif	(632, 450)	(968, 450)	vert	up	True	52008	52718	up	(800, 450)	testing
24	ll	f	20	3	circle	none	dif	N_dis	(968, 450)	hori	left	True	54170	54895	left	(800, 450)	testing
24	ll	f	20	3	circle	green	same	(800, 618)	(800, 282)	hori	left	True	56347	57294	left	(800, 450)	testing
24	ll	f	20	3	circle	none	dif	N_dis	(632, 450)	hori	left	True	58737	59470	left	(800, 450)	testing
24	ll	f	20	3	circle	red	same	(632, 450)	(800, 282)	hori	left	True	60864	61967	left	(800, 450)	testing
24	ll	f	20	3	circle	red	same	(800, 618)	(632, 450)	vert	up	True	63536	65839	up	(800, 450)	testing
24	ll	f	20	3	circle	none	same	N_dis	(800, 282)	vert	up	True	67435	68398	up	(800, 450)	testing
24	ll	f	20	3	circle	green	dif	(968, 450)	(632, 450)	vert	up	True	69984	71919	up	(800, 450)	testing
24	ll	f	20	3	diamond	none	same	N_dis	(800, 618)	vert	up	True	73546	74654	up	(800, 450)	testing
24	ll	f	20	3	circle	none	dif	N_dis	(800, 282)	vert	up	True	76048	78046	up	(800, 450)	testing
24	ll	f	20	3	circle	none	dif	N_dis	(800, 618)	hori	left	True	79582	80478	left	(800, 450)	testing
24	ll	f	20	3	circle	red	same	(800, 282)	(968, 450)	vert	up	True	81916	82895	up	(800, 450)	testing
24	ll	f	20	3	diamond	none	same	N_dis	(632, 450)	vert	up	True	84547	85550	up	(800, 450)	testing
24	ll	f	20	3	diamond	green	dif	(800, 618)	(968, 450)	hori	left	True	86939	87967	left	(800, 450)	testing
24	ll	f	20	3	circle	green	dif	(800, 618)	(968, 450)	hori	left	True	89578	90767	left	(800, 450)	testing
24	ll	f	20	3	circle	none	same	N_dis	(800, 618)	hori	left	True	92428	93454	left	(800, 450)	testing
24	ll	f	20	3	circle	green	same	(800, 282)	(800, 618)	hori	left	True	95060	95855	left	(800, 450)	testing
24	ll	f	20	3	circle	green	dif	(800, 282)	(968, 450)	vert	up	True	97388	98510	up	(800, 450)	testing
24	ll	f	20	3	diamond	red	same	(968, 450)	(800, 618)	vert	up	True	100054	101198	up	(800, 450)	testing
24	ll	f	20	3	diamond	red	same	(800, 618)	(632, 450)	hori	left	True	102748	103678	left	(800, 450)	testing
24	ll	f	20	3	diamond	green	same	(800, 282)	(632, 450)	vert	up	True	105094	106879	up	(800, 450)	testing
24	ll	f	20	3	circle	green	dif	(968, 450)	(800, 282)	hori	left	True	108269	109967	left	(800, 450)	testing
24	ll	f	20	3	circle	green	same	(800, 618)	(632, 450)	vert	up	True	111384	112654	up	(800, 450)	testing
24	ll	f	20	3	circle	red	dif	(632, 450)	(800, 282)	hori	left	True	114034	115694	left	(800, 450)	testing
24	ll	f	20	3	diamond	red	same	(968, 450)	(632, 450)	hori	left	True	117173	118206	left	(800, 450)	testing
24	ll	f	20	3	diamond	green	dif	(800, 282)	(800, 618)	vert	up	True	119792	121358	up	(800, 450)	testing
24	ll	f	20	3	diamond	red	same	(800, 282)	(968, 450)	hori	left	True	122746	123871	left	(800, 450)	testing
24	ll	f	20	3	diamond	none	dif	N_dis	(632, 450)	vert	up	True	125302	126270	up	(800, 450)	testing
24	ll	f	20	3	diamond	green	same	(800, 618)	(800, 282)	hori	left	True	127810	128734	left	(800, 450)	testing
24	ll	f	20	3	diamond	none	dif	N_dis	(968, 450)	vert	up	True	130127	130975	up	(800, 450)	testing
24	ll	f	20	3	diamond	green	dif	(632, 450)	(800, 618)	vert	up	True	132636	133646	up	(800, 450)	testing
24	ll	f	20	3	circle	green	dif	(632, 450)	(800, 282)	vert	up	True	135026	136879	up	(800, 450)	testing
24	ll	f	20	3	circle	green	same	(968, 450)	(800, 618)	hori	left	True	138366	139839	left	(800, 450)	testing
24	ll	f	20	3	circle	red	same	(800, 618)	(968, 450)	hori	left	True	141419	142751	left	(800, 450)	testing
24	ll	f	20	3	diamond	none	same	N_dis	(800, 282)	vert	up	True	144419	145310	up	(800, 450)	testing
24	ll	f	20	3	circle	red	same	(968, 450)	(800, 618)	hori	left	True	146806	148302	left	(800, 450)	testing
24	ll	f	20	3	diamond	green	same	(632, 450)	(968, 450)	vert	up	True	149805	150831	up	(800, 450)	testing
24	ll	f	20	3	diamond	red	same	(968, 450)	(800, 282)	vert	up	True	152443	153374	up	(800, 450)	testing
24	ll	f	20	3	circle	red	dif	(632, 450)	(800, 618)	vert	up	True	154847	155807	up	(800, 450)	testing
24	ll	f	20	3	diamond	red	dif	(632, 450)	(968, 450)	vert	up	True	157307	158014	up	(800, 450)	testing
24	ll	f	20	3	circle	none	same	N_dis	(632, 450)	vert	up	True	159509	160702	up	(800, 450)	testing
24	ll	f	20	3	circle	green	same	(632, 450)	(800, 618)	hori	left	True	162329	163887	left	(800, 450)	testing
24	ll	f	20	3	diamond	none	same	N_dis	(800, 282)	vert	up	True	165373	167887	up	(800, 450)	testing
24	ll	f	20	3	circle	red	dif	(800, 282)	(632, 450)	vert	up	True	169521	171662	up	(800, 450)	testing
24	ll	f	20	3	diamond	green	dif	(800, 282)	(968, 450)	vert	up	True	173169	174126	up	(800, 450)	testing
24	ll	f	20	3	diamond	none	same	N_dis	(800, 618)	vert	up	True	175791	176783	up	(800, 450)	testing
24	ll	f	20	3	diamond	red	dif	(800, 618)	(968, 450)	vert	up	True	178414	179358	up	(800, 450)	testing
24	ll	f	20	3	diamond	none	dif	N_dis	(968, 450)	vert	up	True	180793	181646	up	(800, 450)	testing
24	ll	f	20	3	diamond	red	dif	(968, 450)	(800, 282)	hori	left	True	183106	184302	left	(800, 450)	testing
24	ll	f	20	3	circle	none	same	N_dis	(968, 450)	hori	left	True	185802	187791	left	(800, 450)	testing
24	ll	f	20	3	circle	none	same	N_dis	(800, 618)	hori	left	True	189399	191054	left	(800, 450)	testing
24	ll	f	20	3	circle	red	dif	(800, 282)	(632, 450)	hori	left	True	192524	193662	left	(800, 450)	testing
24	ll	f	20	3	diamond	red	dif	(800, 282)	(800, 618)	vert	up	True	195037	196158	up	(800, 450)	testing
24	ll	f	20	3	diamond	none	dif	N_dis	(800, 282)	hori	left	True	197670	198799	left	(800, 450)	testing
24	ll	f	20	3	diamond	green	same	(800, 618)	(800, 282)	vert	up	True	200237	201294	up	(800, 450)	testing
24	ll	f	20	3	diamond	none	dif	N_dis	(968, 450)	vert	up	True	202940	203903	up	(800, 450)	testing
24	ll	f	20	3	diamond	green	same	(632, 450)	(968, 450)	hori	left	True	205384	206174	left	(800, 450)	testing
24	ll	f	20	3	circle	none	dif	N_dis	(632, 450)	vert	up	True	207593	208446	up	(800, 450)	testing
24	ll	f	20	3	circle	red	dif	(968, 450)	(632, 450)	hori	left	True	209933	211214	left	(800, 450)	testing
24	ll	f	20	3	diamond	red	dif	(968, 450)	(800, 282)	vert	up	True	212594	213550	up	(800, 450)	testing
24	ll	f	20	3	diamond	green	dif	(632, 450)	(968, 450)	vert	up	True	215215	215999	up	(800, 450)	testing
24	ll	f	20	3	circle	none	dif	N_dis	(968, 450)	vert	up	True	217454	219070	up	(800, 450)	testing
24	ll	f	20	3	circle	green	same	(800, 618)	(800, 282)	vert	up	True	220703	221919	up	(800, 450)	testing
24	ll	f	20	3	circle	none	dif	N_dis	(632, 450)	vert	up	True	223489	224510	up	(800, 450)	testing
24	ll	f	20	3	circle	red	same	(632, 450)	(800, 282)	vert	up	True	225972	227086	up	(800, 450)	testing
24	ll	f	20	3	circle	red	same	(800, 618)	(632, 450)	hori	left	True	228579	229582	left	(800, 450)	testing
24	ll	f	20	3	circle	none	same	N_dis	(800, 282)	hori	left	True	231036	232254	left	(800, 450)	testing
24	ll	f	20	3	circle	green	dif	(968, 450)	(632, 450)	vert	up	True	233835	235518	up	(800, 450)	testing
24	ll	f	20	3	diamond	none	same	N_dis	(800, 618)	hori	left	True	237030	239166	left	(800, 450)	testing
24	ll	f	20	3	circle	none	dif	N_dis	(800, 282)	hori	left	True	240560	241710	left	(800, 450)	testing
24	ll	f	20	3	circle	none	dif	N_dis	(800, 618)	hori	left	True	243264	244799	left	(800, 450)	testing
24	ll	f	20	3	circle	red	same	(800, 282)	(968, 450)	hori	left	True	246182	247038	left	(800, 450)	testing
24	ll	f	20	3	diamond	none	same	N_dis	(632, 450)	vert	up	True	248539	249710	up	(800, 450)	testing
24	ll	f	20	3	diamond	green	dif	(800, 618)	(968, 450)	vert	up	True	251354	252991	up	(800, 450)	testing
24	ll	f	20	3	circle	green	dif	(800, 618)	(968, 450)	hori	left	True	254522	256030	left	(800, 450)	testing
24	ll	f	20	3	circle	none	same	N_dis	(800, 618)	vert	up	True	257683	259054	up	(800, 450)	testing
24	ll	f	20	3	circle	green	same	(800, 282)	(800, 618)	hori	left	True	260717	261566	left	(800, 450)	testing
24	ll	f	20	3	circle	green	dif	(800, 282)	(968, 450)	hori	left	True	263200	264398	left	(800, 450)	testing
24	ll	f	20	3	diamond	red	same	(968, 450)	(800, 618)	hori	left	True	266056	267678	left	(800, 450)	testing
24	ll	f	20	3	diamond	red	same	(800, 618)	(632, 450)	hori	left	True	269301	270606	left	(800, 450)	testing
24	ll	f	20	3	diamond	green	same	(800, 282)	(632, 450)	hori	left	True	272244	272991	left	(800, 450)	testing
24	ll	f	20	3	circle	green	dif	(968, 450)	(800, 282)	hori	left	True	274423	277182	left	(800, 450)	testing
24	ll	f	20	3	circle	green	same	(800, 618)	(632, 450)	hori	left	True	278747	279486	left	(800, 450)	testing
24	ll	f	20	3	circle	red	dif	(632, 450)	(800, 282)	hori	left	True	281142	282094	left	(800, 450)	testing
24	ll	f	20	3	diamond	red	same	(968, 450)	(632, 450)	hori	left	True	283507	285022	left	(800, 450)	testing
24	ll	f	20	3	diamond	green	dif	(800, 282)	(800, 618)	hori	left	True	286448	287678	left	(800, 450)	testing
24	ll	f	20	3	diamond	red	same	(800, 282)	(968, 450)	hori	left	True	289273	290574	left	(800, 450)	testing
24	ll	f	20	3	diamond	none	dif	N_dis	(632, 450)	vert	up	True	292200	293182	up	(800, 450)	testing
24	ll	f	20	3	diamond	green	same	(800, 618)	(800, 282)	hori	left	True	294615	295470	left	(800, 450)	testing
24	ll	f	20	3	diamond	none	dif	N_dis	(968, 450)	hori	left	True	296843	297646	left	(800, 450)	testing
24	ll	f	20	3	diamond	green	dif	(632, 450)	(800, 618)	hori	left	True	299178	300142	left	(800, 450)	testing
24	ll	f	20	3	circle	green	dif	(632, 450)	(800, 282)	hori	left	True	301685	303214	left	(800, 450)	testing
24	ll	f	20	3	circle	green	same	(968, 450)	(800, 618)	vert	up	True	304655	306238	up	(800, 450)	testing
24	ll	f	20	3	circle	red	same	(800, 618)	(968, 450)	hori	left	True	307789	308831	left	(800, 450)	testing
24	ll	f	20	3	diamond	none	same	N_dis	(800, 282)	vert	up	True	310471	311967	up	(800, 450)	testing
24	ll	f	20	3	circle	red	same	(968, 450)	(800, 618)	hori	left	True	313601	316558	left	(800, 450)	testing
24	ll	f	20	3	diamond	green	same	(632, 450)	(968, 450)	vert	up	True	318084	319006	up	(800, 450)	testing
24	ll	f	20	3	diamond	red	same	(968, 450)	(800, 282)	vert	up	True	320511	322062	up	(800, 450)	testing
24	ll	f	20	3	circle	red	dif	(632, 450)	(800, 618)	vert	up	True	323568	324654	up	(800, 450)	testing
24	ll	f	20	3	diamond	red	dif	(632, 450)	(968, 450)	vert	up	True	326255	326927	up	(800, 450)	testing
24	ll	f	20	3	circle	none	same	N_dis	(632, 450)	vert	up	True	328333	329486	up	(800, 450)	testing
24	ll	f	20	3	circle	green	same	(632, 450)	(800, 618)	vert	up	True	331136	332286	up	(800, 450)	testing
24	ll	f	20	3	diamond	none	same	N_dis	(800, 282)	hori	left	True	333923	334911	left	(800, 450)	testing
24	ll	f	20	3	circle	red	dif	(800, 282)	(632, 450)	vert	up	True	336567	338014	up	(800, 450)	testing
24	ll	f	20	3	diamond	green	dif	(800, 282)	(968, 450)	vert	up	True	339684	340670	up	(800, 450)	testing
24	ll	f	20	3	diamond	none	same	N_dis	(800, 618)	vert	up	True	342267	342943	up	(800, 450)	testing
24	ll	f	20	3	diamond	red	dif	(800, 618)	(968, 450)	hori	left	True	344337	345726	left	(800, 450)	testing
24	ll	f	20	3	diamond	none	dif	N_dis	(968, 450)	hori	left	True	347206	348062	left	(800, 450)	testing
24	ll	f	20	3	diamond	red	dif	(968, 450)	(800, 282)	vert	up	True	349567	351230	up	(800, 450)	testing
24	ll	f	20	3	circle	none	same	N_dis	(968, 450)	vert	up	True	352709	353759	up	(800, 450)	testing
24	ll	f	20	3	circle	none	same	N_dis	(800, 618)	hori	left	True	355410	356462	left	(800, 450)	testing
24	ll	f	20	3	circle	red	dif	(800, 282)	(632, 450)	hori	left	True	358126	359278	left	(800, 450)	testing
24	ll	f	20	3	diamond	red	dif	(800, 282)	(800, 618)	vert	up	True	360807	361935	up	(800, 450)	testing
24	ll	f	20	3	diamond	none	dif	N_dis	(800, 282)	vert	up	True	363485	364414	up	(800, 450)	testing
24	ll	f	20	3	diamond	green	same	(800, 618)	(800, 282)	hori	left	True	365933	366751	left	(800, 450)	testing
24	ll	f	20	3	diamond	none	dif	N_dis	(968, 450)	hori	left	True	368406	369198	left	(800, 450)	testing
24	ll	f	20	3	diamond	green	same	(632, 450)	(968, 450)	hori	left	True	370863	371630	left	(800, 450)	testing
24	ll	f	20	3	circle	none	dif	N_dis	(632, 450)	hori	left	True	373090	374078	left	(800, 450)	testing
24	ll	f	20	3	circle	red	dif	(968, 450)	(632, 450)	hori	left	True	375718	377214	left	(800, 450)	testing
24	ll	f	20	3	diamond	red	dif	(968, 450)	(800, 282)	vert	up	True	378850	379823	up	(800, 450)	testing
24	ll	f	20	3	diamond	green	dif	(632, 450)	(968, 450)	vert	up	True	381291	382158	up	(800, 450)	testing
24	ll	f	20	3	circle	none	dif	N_dis	(968, 450)	hori	left	True	383779	384606	left	(800, 450)	testing
24	ll	f	20	3	circle	green	same	(800, 618)	(800, 282)	vert	up	True	385979	387278	up	(800, 450)	testing
24	ll	f	20	3	circle	none	dif	N_dis	(632, 450)	vert	up	True	388911	390158	up	(800, 450)	testing
24	ll	f	20	3	circle	red	same	(632, 450)	(800, 282)	hori	left	True	391538	392702	left	(800, 450)	testing
24	ll	f	20	3	circle	red	same	(800, 618)	(632, 450)	hori	left	True	394340	395278	left	(800, 450)	testing
24	ll	f	20	3	circle	none	same	N_dis	(800, 282)	vert	up	True	396777	397630	up	(800, 450)	testing
24	ll	f	20	3	circle	green	dif	(968, 450)	(632, 450)	vert	up	True	399093	400142	up	(800, 450)	testing
24	ll	f	20	3	diamond	none	same	N_dis	(800, 618)	hori	left	True	401745	404110	left	(800, 450)	testing
24	ll	f	20	3	circle	none	dif	N_dis	(800, 282)	hori	left	True	405752	407726	left	(800, 450)	testing
24	ll	f	20	3	circle	none	dif	N_dis	(800, 618)	hori	left	True	409254	410718	left	(800, 450)	testing
24	ll	f	20	3	circle	red	same	(800, 282)	(968, 450)	vert	up	True	412390	413470	up	(800, 450)	testing
24	ll	f	20	3	diamond	none	same	N_dis	(632, 450)	hori	left	True	414981	415967	up	(800, 450)	testing
24	ll	f	20	3	diamond	green	dif	(800, 618)	(968, 450)	hori	left	True	418943	419951	left	(800, 450)	testing
24	ll	f	20	3	circle	green	dif	(800, 618)	(968, 450)	vert	up	True	421410	422318	up	(800, 450)	testing
24	ll	f	20	3	circle	none	same	N_dis	(800, 618)	vert	up	True	423871	425198	up	(800, 450)	testing
24	ll	f	20	3	circle	green	same	(800, 282)	(800, 618)	vert	up	True	426576	427390	up	(800, 450)	testing
24	ll	f	20	3	circle	green	dif	(800, 282)	(968, 450)	hori	left	True	428848	429855	left	(800, 450)	testing
24	ll	f	20	3	diamond	red	same	(968, 450)	(800, 618)	hori	left	True	431232	432510	left	(800, 450)	testing
24	ll	f	20	3	diamond	red	same	(800, 618)	(632, 450)	vert	up	True	433998	435310	up	(800, 450)	testing
24	ll	f	20	3	diamond	green	same	(800, 282)	(632, 450)	vert	up	True	436859	437951	up	(800, 450)	testing
24	ll	f	20	3	circle	green	dif	(968, 450)	(800, 282)	hori	left	True	439511	440927	left	(800, 450)	testing
24	ll	f	20	3	circle	green	same	(800, 618)	(632, 450)	hori	left	True	442312	443678	left	(800, 450)	testing
24	ll	f	20	3	circle	red	dif	(632, 450)	(800, 282)	hori	left	True	445163	446158	left	(800, 450)	testing
24	ll	f	20	3	diamond	red	same	(968, 450)	(632, 450)	hori	left	True	447625	449230	left	(800, 450)	testing
24	ll	f	20	3	diamond	green	dif	(800, 282)	(800, 618)	hori	left	True	450808	451951	left	(800, 450)	testing
24	ll	f	20	3	diamond	red	same	(800, 282)	(968, 450)	hori	left	True	453350	454270	left	(800, 450)	testing
24	ll	f	20	3	diamond	none	dif	N_dis	(632, 450)	hori	left	True	455765	456526	left	(800, 450)	testing
24	ll	f	20	3	diamond	green	same	(800, 618)	(800, 282)	vert	up	True	458192	459614	up	(800, 450)	testing
24	ll	f	20	3	diamond	none	dif	N_dis	(968, 450)	vert	up	True	461161	462014	up	(800, 450)	testing
24	ll	f	20	3	diamond	green	dif	(632, 450)	(800, 618)	hori	left	True	463464	464526	left	(800, 450)	testing
24	ll	f	20	3	circle	green	dif	(632, 450)	(800, 282)	hori	left	True	466072	467614	left	(800, 450)	testing
24	ll	f	20	3	circle	green	same	(968, 450)	(800, 618)	vert	up	True	469141	470622	up	(800, 450)	testing
24	ll	f	20	3	circle	red	same	(800, 618)	(968, 450)	hori	left	True	472110	473422	left	(800, 450)	testing
24	ll	f	20	3	diamond	none	same	N_dis	(800, 282)	hori	left	True	474941	475791	left	(800, 450)	testing
24	ll	f	20	3	circle	red	same	(968, 450)	(800, 618)	vert	up	True	477354	478751	up	(800, 450)	testing
24	ll	f	20	3	diamond	green	same	(632, 450)	(968, 450)	vert	up	True	480173	481903	up	(800, 450)	testing
24	ll	f	20	3	diamond	red	same	(968, 450)	(800, 282)	hori	left	True	483470	484686	left	(800, 450)	testing
24	ll	f	20	3	circle	red	dif	(632, 450)	(800, 618)	hori	left	True	486063	487246	left	(800, 450)	testing
24	ll	f	20	3	diamond	red	dif	(632, 450)	(968, 450)	vert	up	True	488640	489935	left	(800, 450)	testing
24	ll	f	20	3	circle	none	same	N_dis	(632, 450)	hori	left	True	492860	493710	left	(800, 450)	testing
24	ll	f	20	3	circle	green	same	(632, 450)	(800, 618)	hori	left	True	495181	496799	left	(800, 450)	testing
24	ll	f	20	3	diamond	none	same	N_dis	(800, 282)	vert	up	True	498386	499390	up	(800, 450)	testing
24	ll	f	20	3	circle	red	dif	(800, 282)	(632, 450)	vert	up	True	500960	502654	up	(800, 450)	testing
24	ll	f	20	3	diamond	green	dif	(800, 282)	(968, 450)	hori	left	True	504039	504911	left	(800, 450)	testing
24	ll	f	20	3	diamond	none	same	N_dis	(800, 618)	hori	left	True	506362	507278	left	(800, 450)	testing
24	ll	f	20	3	diamond	red	dif	(800, 618)	(968, 450)	hori	left	True	508697	509678	left	(800, 450)	testing
24	ll	f	20	3	diamond	none	dif	N_dis	(968, 450)	vert	up	True	511056	511887	up	(800, 450)	testing
24	ll	f	20	3	diamond	red	dif	(968, 450)	(800, 282)	hori	left	True	513348	514382	left	(800, 450)	testing
24	ll	f	20	3	circle	none	same	N_dis	(968, 450)	hori	left	True	515913	516590	left	(800, 450)	testing
24	ll	f	20	3	circle	none	same	N_dis	(800, 618)	vert	up	True	518029	518895	up	(800, 450)	testing
24	ll	f	20	3	circle	red	dif	(800, 282)	(632, 450)	vert	up	True	520484	522302	up	(800, 450)	testing
24	ll	f	20	3	diamond	red	dif	(800, 282)	(800, 618)	vert	up	True	523757	524815	up	(800, 450)	testing
24	ll	f	20	3	diamond	none	dif	N_dis	(800, 282)	hori	left	True	526249	527294	left	(800, 450)	testing
24	ll	f	20	3	diamond	green	same	(800, 618)	(800, 282)	hori	left	True	528785	529742	left	(800, 450)	testing
24	ll	f	20	3	diamond	none	dif	N_dis	(968, 450)	hori	left	True	531235	531999	left	(800, 450)	testing
24	ll	f	20	3	diamond	green	same	(632, 450)	(968, 450)	vert	up	True	533572	534510	up	(800, 450)	testing
24	ll	f	20	3	circle	none	dif	N_dis	(632, 450)	hori	left	True	535980	537470	left	(800, 450)	testing
24	ll	f	20	3	circle	red	dif	(968, 450)	(632, 450)	vert	up	True	538898	541070	up	(800, 450)	testing
24	ll	f	20	3	diamond	red	dif	(968, 450)	(800, 282)	vert	up	True	542611	544206	up	(800, 450)	testing
24	ll	f	20	3	diamond	green	dif	(632, 450)	(968, 450)	hori	left	True	545745	546959	left	(800, 450)	testing
24	ll	f	20	3	circle	none	dif	N_dis	(968, 450)	vert	up	True	548531	550446	up	(800, 450)	testing
24	ll	f	20	3	circle	green	same	(800, 618)	(800, 282)	hori	left	True	552020	553070	left	(800, 450)	testing
24	ll	f	20	3	circle	none	dif	N_dis	(632, 450)	hori	left	True	554700	555903	left	(800, 450)	testing
24	ll	f	20	3	circle	red	same	(632, 450)	(800, 282)	hori	left	True	557372	558574	left	(800, 450)	testing
24	ll	f	20	3	circle	red	same	(800, 618)	(632, 450)	hori	left	True	560120	560927	left	(800, 450)	testing
24	ll	f	20	3	circle	none	same	N_dis	(800, 282)	hori	left	True	562427	563102	left	(800, 450)	testing
24	ll	f	20	3	circle	green	dif	(968, 450)	(632, 450)	vert	up	True	564640	565646	up	(800, 450)	testing
24	ll	f	20	3	diamond	none	same	N_dis	(800, 618)	hori	left	True	567199	568686	left	(800, 450)	testing
24	ll	f	20	3	circle	none	dif	N_dis	(800, 282)	hori	left	True	570225	571054	left	(800, 450)	testing
24	ll	f	20	3	circle	none	dif	N_dis	(800, 618)	vert	up	True	572594	573422	up	(800, 450)	testing
24	ll	f	20	3	circle	red	same	(800, 282)	(968, 450)	vert	up	True	574896	576062	up	(800, 450)	testing
24	ll	f	20	3	diamond	none	same	N_dis	(632, 450)	hori	left	True	577647	578542	left	(800, 450)	testing
24	ll	f	20	3	diamond	green	dif	(800, 618)	(968, 450)	hori	left	True	579964	581694	left	(800, 450)	testing
24	ll	f	20	3	circle	green	dif	(800, 618)	(968, 450)	hori	left	True	583262	584510	left	(800, 450)	testing
24	ll	f	20	3	circle	none	same	N_dis	(800, 618)	vert	up	True	586105	587198	up	(800, 450)	testing
24	ll	f	20	3	circle	green	same	(800, 282)	(800, 618)	hori	left	True	588800	589502	left	(800, 450)	testing
24	ll	f	20	3	circle	green	dif	(800, 282)	(968, 450)	vert	up	True	590933	592222	up	(800, 450)	testing
24	ll	f	20	3	diamond	red	same	(968, 450)	(800, 618)	hori	left	True	593821	596190	left	(800, 450)	testing
24	ll	f	20	3	diamond	red	same	(800, 618)	(632, 450)	vert	up	True	597767	598831	up	(800, 450)	testing
24	ll	f	20	3	diamond	green	same	(800, 282)	(632, 450)	hori	left	True	600275	601775	left	(800, 450)	testing
24	ll	f	20	3	circle	green	dif	(968, 450)	(800, 282)	hori	left	True	603423	605214	left	(800, 450)	testing
24	ll	f	20	3	circle	green	same	(800, 618)	(632, 450)	hori	left	True	606749	608350	left	(800, 450)	testing
24	ll	f	20	3	circle	red	dif	(632, 450)	(800, 282)	hori	left	False	609917	None	None	(800, 450)	testing
24	ll	f	20	3	diamond	red	same	(968, 450)	(632, 450)	vert	up	True	616031	617855	up	(800, 450)	testing
24	ll	f	20	3	diamond	green	dif	(800, 282)	(800, 618)	hori	left	True	619294	620863	left	(800, 450)	testing
24	ll	f	20	3	diamond	red	same	(800, 282)	(968, 450)	hori	left	True	622256	623150	left	(800, 450)	testing
24	ll	f	20	3	diamond	none	dif	N_dis	(632, 450)	vert	up	True	624710	625614	up	(800, 450)	testing
24	ll	f	20	3	diamond	green	same	(800, 618)	(800, 282)	vert	up	True	627185	628366	up	(800, 450)	testing
24	ll	f	20	3	diamond	none	dif	N_dis	(968, 450)	hori	left	True	629916	630879	left	(800, 450)	testing
24	ll	f	20	3	diamond	green	dif	(632, 450)	(800, 618)	vert	up	True	632315	633534	up	(800, 450)	testing
24	ll	f	20	3	circle	green	dif	(632, 450)	(800, 282)	hori	left	True	635016	636734	left	(800, 450)	testing
24	ll	f	20	3	circle	green	same	(968, 450)	(800, 618)	vert	up	True	638257	639630	up	(800, 450)	testing
24	ll	f	20	3	circle	red	same	(800, 618)	(968, 450)	vert	up	True	641211	642286	up	(800, 450)	testing
24	ll	f	20	3	diamond	none	same	N_dis	(800, 282)	hori	left	True	643880	645278	left	(800, 450)	testing
24	ll	f	20	3	circle	red	same	(968, 450)	(800, 618)	vert	up	True	646886	648430	up	(800, 450)	testing
24	ll	f	20	3	diamond	green	same	(632, 450)	(968, 450)	vert	up	True	649875	651006	up	(800, 450)	testing
24	ll	f	20	3	diamond	red	same	(968, 450)	(800, 282)	vert	up	True	652482	653342	up	(800, 450)	testing
24	ll	f	20	3	circle	red	dif	(632, 450)	(800, 618)	hori	left	True	654758	656030	left	(800, 450)	testing
24	ll	f	20	3	diamond	red	dif	(632, 450)	(968, 450)	vert	up	True	657414	658590	up	(800, 450)	testing
24	ll	f	20	3	circle	none	same	N_dis	(632, 450)	hori	left	True	660152	661678	left	(800, 450)	testing
24	ll	f	20	3	circle	green	same	(632, 450)	(800, 618)	hori	left	True	663284	664751	left	(800, 450)	testing
24	ll	f	20	3	diamond	none	same	N_dis	(800, 282)	hori	left	True	666417	667967	left	(800, 450)	testing
24	ll	f	20	3	circle	red	dif	(800, 282)	(632, 450)	vert	up	True	669373	671406	up	(800, 450)	testing
24	ll	f	20	3	diamond	green	dif	(800, 282)	(968, 450)	hori	left	True	672846	674558	left	(800, 450)	testing
24	ll	f	20	3	diamond	none	same	N_dis	(800, 618)	vert	up	True	676153	677582	up	(800, 450)	testing
24	ll	f	20	3	diamond	red	dif	(800, 618)	(968, 450)	vert	up	True	679236	679983	up	(800, 450)	testing
24	ll	f	20	3	diamond	none	dif	N_dis	(968, 450)	hori	left	True	681426	682302	left	(800, 450)	testing
24	ll	f	20	3	diamond	red	dif	(968, 450)	(800, 282)	hori	left	True	683714	684767	left	(800, 450)	testing
24	ll	f	20	3	circle	none	same	N_dis	(968, 450)	vert	up	True	686153	688190	up	(800, 450)	testing
24	ll	f	20	3	circle	none	same	N_dis	(800, 618)	hori	left	True	689797	691006	left	(800, 450)	testing
24	ll	f	20	3	circle	red	dif	(800, 282)	(632, 450)	vert	up	True	692426	693935	up	(800, 450)	testing
24	ll	f	20	3	diamond	red	dif	(800, 282)	(800, 618)	hori	left	True	695372	697182	left	(800, 450)	testing
24	ll	f	20	3	diamond	none	dif	N_dis	(800, 282)	hori	left	True	698760	699710	left	(800, 450)	testing
24	ll	f	20	3	diamond	green	same	(800, 618)	(800, 282)	hori	left	True	701124	702318	left	(800, 450)	testing
24	ll	f	20	3	diamond	none	dif	N_dis	(968, 450)	hori	left	True	703829	704558	left	(800, 450)	testing
24	ll	f	20	3	diamond	green	same	(632, 450)	(968, 450)	vert	up	True	706018	706895	up	(800, 450)	testing
24	ll	f	20	3	circle	none	dif	N_dis	(632, 450)	vert	up	True	708428	709662	up	(800, 450)	testing
24	ll	f	20	3	circle	red	dif	(968, 450)	(632, 450)	vert	up	True	711233	712895	up	(800, 450)	testing
24	ll	f	20	3	diamond	red	dif	(968, 450)	(800, 282)	vert	up	True	714501	715358	up	(800, 450)	testing
24	ll	f	20	3	diamond	green	dif	(632, 450)	(968, 450)	hori	left	True	716902	717967	left	(800, 450)	testing
24	ll	f	20	3	circle	none	dif	N_dis	(968, 450)	hori	left	True	719424	721086	left	(800, 450)	testing
24	ll	f	20	3	circle	green	same	(800, 618)	(800, 282)	vert	up	True	722543	723646	up	(800, 450)	testing
24	ll	f	20	3	circle	none	dif	N_dis	(632, 450)	vert	up	True	725309	726158	up	(800, 450)	testing
24	ll	f	20	3	circle	red	same	(632, 450)	(800, 282)	vert	up	True	727818	728895	up	(800, 450)	testing
24	ll	f	20	3	circle	red	same	(800, 618)	(632, 450)	hori	left	True	730391	731646	left	(800, 450)	testing
24	ll	f	20	3	circle	none	same	N_dis	(800, 282)	vert	up	True	733229	734062	up	(800, 450)	testing
24	ll	f	20	3	circle	green	dif	(968, 450)	(632, 450)	vert	up	True	735716	736734	up	(800, 450)	testing
24	ll	f	20	3	diamond	none	same	N_dis	(800, 618)	vert	up	True	738397	739919	up	(800, 450)	testing
24	ll	f	20	3	circle	none	dif	N_dis	(800, 282)	hori	left	True	741294	742414	left	(800, 450)	testing
24	ll	f	20	3	circle	none	dif	N_dis	(800, 618)	vert	up	True	744084	746142	up	(800, 450)	testing
24	ll	f	20	3	circle	red	same	(800, 282)	(968, 450)	vert	up	True	747547	750478	up	(800, 450)	testing
24	ll	f	20	3	diamond	none	same	N_dis	(632, 450)	vert	up	True	752069	752927	up	(800, 450)	testing
24	ll	f	20	3	diamond	green	dif	(800, 618)	(968, 450)	hori	left	True	754313	755182	left	(800, 450)	testing
24	ll	f	20	3	circle	green	dif	(800, 618)	(968, 450)	hori	left	True	756845	758799	left	(800, 450)	testing
24	ll	f	20	3	circle	none	same	N_dis	(800, 618)	vert	up	True	760384	761374	up	(800, 450)	testing
24	ll	f	20	3	circle	green	same	(800, 282)	(800, 618)	vert	up	True	762788	763759	up	(800, 450)	testing
24	ll	f	20	3	circle	green	dif	(800, 282)	(968, 450)	vert	up	True	765145	766542	up	(800, 450)	testing
24	ll	f	20	3	diamond	red	same	(968, 450)	(800, 618)	vert	up	True	768095	769614	up	(800, 450)	testing
24	ll	f	20	3	diamond	red	same	(800, 618)	(632, 450)	hori	left	True	771278	773102	left	(800, 450)	testing
24	ll	f	20	3	diamond	green	same	(800, 282)	(632, 450)	vert	up	True	774597	775518	up	(800, 450)	testing
24	ll	f	20	3	circle	green	dif	(968, 450)	(800, 282)	vert	up	True	777127	778606	up	(800, 450)	testing
24	ll	f	20	3	circle	green	same	(800, 618)	(632, 450)	hori	left	True	780079	781118	left	(800, 450)	testing
24	ll	f	20	3	circle	red	dif	(632, 450)	(800, 282)	vert	up	True	782592	783999	up	(800, 450)	testing
24	ll	f	20	3	diamond	red	same	(968, 450)	(632, 450)	vert	up	True	785600	786638	up	(800, 450)	testing
24	ll	f	20	3	diamond	green	dif	(800, 282)	(800, 618)	hori	left	True	788082	789086	left	(800, 450)	testing
24	ll	f	20	3	diamond	red	same	(800, 282)	(968, 450)	vert	up	True	790463	791294	up	(800, 450)	testing
24	ll	f	20	3	diamond	none	dif	N_dis	(632, 450)	vert	up	True	792672	793486	up	(800, 450)	testing
24	ll	f	20	3	diamond	green	same	(800, 618)	(800, 282)	vert	up	True	795118	796014	up	(800, 450)	testing
24	ll	f	20	3	diamond	none	dif	N_dis	(968, 450)	vert	up	True	797544	798206	up	(800, 450)	testing
24	ll	f	20	3	diamond	green	dif	(632, 450)	(800, 618)	hori	left	True	799878	801150	left	(800, 450)	testing
24	ll	f	20	3	circle	green	dif	(632, 450)	(800, 282)	hori	left	True	802689	803694	up	(800, 450)	testing
24	ll	f	20	3	circle	green	same	(968, 450)	(800, 618)	hori	left	True	806658	808430	left	(800, 450)	testing
24	ll	f	20	3	circle	red	same	(800, 618)	(968, 450)	vert	up	True	809966	810799	up	(800, 450)	testing
24	ll	f	20	3	diamond	none	same	N_dis	(800, 282)	vert	up	True	812219	813086	up	(800, 450)	testing
24	ll	f	20	3	circle	red	same	(968, 450)	(800, 618)	hori	left	True	814598	815759	left	(800, 450)	testing
24	ll	f	20	3	diamond	green	same	(632, 450)	(968, 450)	vert	up	True	817169	818062	up	(800, 450)	testing
24	ll	f	20	3	diamond	red	same	(968, 450)	(800, 282)	hori	left	True	819632	820991	left	(800, 450)	testing
24	ll	f	20	3	circle	red	dif	(632, 450)	(800, 618)	hori	left	True	822652	823678	left	(800, 450)	testing
24	ll	f	20	3	diamond	red	dif	(632, 450)	(968, 450)	vert	up	True	825340	826446	up	(800, 450)	testing
24	ll	f	20	3	circle	none	same	N_dis	(632, 450)	vert	up	True	828053	829422	up	(800, 450)	testing
24	ll	f	20	3	circle	green	same	(632, 450)	(800, 618)	vert	up	True	830999	832286	up	(800, 450)	testing
24	ll	f	20	3	diamond	none	same	N_dis	(800, 282)	hori	left	True	833728	834831	left	(800, 450)	testing
24	ll	f	20	3	circle	red	dif	(800, 282)	(632, 450)	vert	up	True	836266	838238	up	(800, 450)	testing
24	ll	f	20	3	diamond	green	dif	(800, 282)	(968, 450)	hori	left	True	839791	840590	left	(800, 450)	testing
24	ll	f	20	3	diamond	none	same	N_dis	(800, 618)	hori	left	True	842152	843246	left	(800, 450)	testing
24	ll	f	20	3	diamond	red	dif	(800, 618)	(968, 450)	vert	up	True	844796	845710	up	(800, 450)	testing
24	ll	f	20	3	diamond	none	dif	N_dis	(968, 450)	hori	left	True	847233	847903	left	(800, 450)	testing
conf	24	ll	f	20	3	0	space	None	None	None	None	None	None	None	None	True	883881	891919	3
