subj	name	gender	age	runNum	shape	dist	td_dif	d_loc	t_loc	resp	resp_key	gotKey	startTime	respTime	resp	fix_loc	prac
24	ll	f	20	1	diamond	red	dif	(800, 618)	(968, 450)	hori	left	True	28045	29148	left	(800, 450)	practice
24	ll	f	20	1	circle	red	same	(800, 618)	(800, 282)	hori	left	True	30714	31709	left	(800, 450)	practice
24	ll	f	20	1	diamond	red	dif	(800, 618)	(632, 450)	hori	left	True	33252	34557	left	(800, 450)	practice
24	ll	f	20	1	circle	red	dif	(800, 618)	(968, 450)	hori	left	True	36207	36957	left	(800, 450)	practice
24	ll	f	20	1	circle	red	same	(800, 618)	(800, 282)	vert	up	True	38526	39997	up	(800, 450)	practice
24	ll	f	20	1	diamond	red	same	(800, 618)	(632, 450)	hori	left	True	41593	42396	left	(800, 450)	practice
24	ll	f	20	1	circle	red	same	(800, 618)	(968, 450)	hori	left	True	44024	45004	left	(800, 450)	practice
24	ll	f	20	1	diamond	green	dif	(800, 618)	(800, 282)	vert	up	True	46461	47597	up	(800, 450)	practice
24	ll	f	20	1	circle	green	same	(800, 618)	(632, 450)	hori	left	True	48987	50348	left	(800, 450)	practice
24	ll	f	20	1	diamond	none	dif	N_dis	(968, 450)	hori	left	True	51757	52669	left	(800, 450)	practice
24	ll	f	20	1	diamond	green	dif	(800, 618)	(968, 450)	hori	left	True	54081	55020	left	(800, 450)	practice
24	ll	f	20	1	circle	green	same	(800, 618)	(800, 282)	hori	left	True	56554	57997	left	(800, 450)	practice
24	ll	f	20	1	diamond	none	same	N_dis	(800, 618)	hori	left	True	59585	60957	left	(800, 450)	practice
24	ll	f	20	1	circle	red	same	(800, 618)	(632, 450)	vert	up	True	62564	64268	up	(800, 450)	practice
24	ll	f	20	1	circle	green	dif	(800, 618)	(968, 450)	hori	left	True	65648	66524	left	(800, 450)	practice
24	ll	f	20	1	diamond	green	same	(800, 618)	(800, 282)	hori	left	True	67939	68989	left	(800, 450)	practice
24	ll	f	20	1	circle	green	dif	(800, 618)	(632, 450)	hori	left	True	70544	71581	left	(800, 450)	practice
24	ll	f	20	1	diamond	red	same	(800, 618)	(968, 450)	vert	up	True	73144	74685	up	(800, 450)	practice
24	ll	f	20	1	diamond	red	dif	(800, 618)	(800, 282)	vert	up	True	76204	77404	up	(800, 450)	practice
24	ll	f	20	1	circle	none	same	N_dis	(800, 282)	hori	left	True	78928	79693	left	(800, 450)	practice
24	ll	f	20	1	circle	none	dif	N_dis	(800, 282)	vert	up	True	81121	83757	up	(800, 450)	practice
24	ll	f	20	1	diamond	green	same	(800, 618)	(632, 450)	hori	left	True	85273	86332	left	(800, 450)	practice
24	ll	f	20	1	circle	none	dif	N_dis	(800, 618)	vert	up	True	87752	88765	up	(800, 450)	practice
24	ll	f	20	1	diamond	green	same	(800, 618)	(968, 450)	vert	up	True	90388	91917	up	(800, 450)	practice
24	ll	f	20	1	diamond	red	same	(800, 618)	(800, 282)	hori	left	True	93509	94492	left	(800, 450)	practice
24	ll	f	20	1	diamond	none	dif	N_dis	(800, 282)	hori	left	True	96147	97052	left	(800, 450)	practice
24	ll	f	20	1	diamond	red	same	(800, 618)	(632, 450)	vert	up	True	98492	99372	up	(800, 450)	practice
24	ll	f	20	1	circle	green	same	(800, 618)	(968, 450)	hori	left	True	100842	101917	left	(800, 450)	practice
24	ll	f	20	1	diamond	green	same	(800, 618)	(800, 282)	vert	up	True	103497	104460	up	(800, 450)	practice
24	ll	f	20	1	diamond	green	same	(800, 618)	(632, 450)	vert	up	True	105872	106829	up	(800, 450)	practice
24	ll	f	20	1	circle	none	dif	N_dis	(800, 282)	vert	up	True	108448	110124	up	(800, 450)	practice
24	ll	f	20	1	diamond	none	dif	N_dis	(800, 282)	vert	up	True	111683	112492	up	(800, 450)	practice
24	ll	f	20	1	diamond	green	same	(800, 618)	(968, 450)	hori	left	True	114078	115436	left	(800, 450)	practice
24	ll	f	20	1	diamond	none	same	N_dis	(800, 618)	vert	up	True	116997	118220	up	(800, 450)	practice
24	ll	f	20	1	circle	none	same	N_dis	(800, 618)	vert	up	True	119671	120396	up	(800, 450)	practice
24	ll	f	20	1	circle	green	dif	(800, 618)	(800, 282)	hori	left	True	121986	122781	left	(800, 450)	practice
24	ll	f	20	1	circle	none	same	N_dis	(800, 282)	vert	up	True	124328	125340	up	(800, 450)	practice
24	ll	f	20	1	circle	red	dif	(800, 618)	(632, 450)	hori	left	True	126902	128076	left	(800, 450)	practice
24	ll	f	20	1	diamond	green	dif	(800, 618)	(968, 450)	vert	up	True	129742	130749	up	(800, 450)	practice
24	ll	f	20	1	circle	red	dif	(800, 618)	(800, 282)	vert	up	True	132391	133404	up	(800, 450)	practice
24	ll	f	20	1	diamond	green	same	(800, 282)	(800, 618)	hori	left	True	141741	142973	up	(800, 450)	testing
24	ll	f	20	1	circle	none	dif	N_dis	(800, 282)	vert	up	True	146029	148669	up	(800, 450)	testing
24	ll	f	20	1	diamond	none	dif	N_dis	(968, 450)	vert	up	True	150175	151020	up	(800, 450)	testing
24	ll	f	20	1	circle	red	dif	(968, 450)	(800, 282)	vert	up	True	152561	154412	up	(800, 450)	testing
24	ll	f	20	1	circle	green	dif	(800, 618)	(968, 450)	hori	left	True	156074	156957	left	(800, 450)	testing
24	ll	f	20	1	circle	green	dif	(800, 618)	(968, 450)	vert	up	True	158545	159613	left	(800, 450)	testing
24	ll	f	20	1	circle	red	same	(800, 282)	(632, 450)	hori	left	False	162571	None	None	(800, 450)	testing
24	ll	f	20	1	diamond	none	dif	N_dis	(632, 450)	hori	left	True	168631	169677	left	(800, 450)	testing
24	ll	f	20	1	circle	red	dif	(800, 282)	(800, 618)	vert	up	True	171218	172476	up	(800, 450)	testing
24	ll	f	20	1	circle	none	same	N_dis	(800, 282)	hori	left	True	174051	175420	up	(800, 450)	testing
24	ll	f	20	1	circle	red	dif	(800, 618)	(968, 450)	vert	up	True	178469	179484	up	(800, 450)	testing
24	ll	f	20	1	diamond	none	dif	N_dis	(800, 282)	hori	left	True	181048	182236	left	(800, 450)	testing
24	ll	f	20	1	circle	red	same	(800, 282)	(800, 618)	vert	up	True	183855	184781	up	(800, 450)	testing
24	ll	f	20	1	diamond	green	same	(800, 618)	(632, 450)	hori	left	True	186197	187276	left	(800, 450)	testing
24	ll	f	20	1	diamond	none	same	N_dis	(632, 450)	vert	up	True	188663	189917	up	(800, 450)	testing
24	ll	f	20	1	diamond	red	dif	(968, 450)	(632, 450)	vert	up	True	191556	192733	up	(800, 450)	testing
24	ll	f	20	1	diamond	red	dif	(800, 618)	(800, 282)	vert	up	True	194306	195164	up	(800, 450)	testing
24	ll	f	20	1	circle	red	same	(968, 450)	(632, 450)	hori	left	True	196652	197549	left	(800, 450)	testing
24	ll	f	20	1	circle	red	same	(800, 618)	(968, 450)	hori	left	True	199123	200252	up	(800, 450)	testing
24	ll	f	20	1	diamond	none	same	N_dis	(968, 450)	vert	up	True	203210	204412	up	(800, 450)	testing
24	ll	f	20	1	diamond	red	dif	(968, 450)	(800, 618)	hori	left	True	205878	207036	left	(800, 450)	testing
24	ll	f	20	1	diamond	red	dif	(800, 618)	(632, 450)	vert	up	True	208514	209661	up	(800, 450)	testing
24	ll	f	20	1	circle	none	dif	N_dis	(800, 618)	vert	up	True	211300	213036	up	(800, 450)	testing
24	ll	f	20	1	diamond	none	dif	N_dis	(800, 282)	vert	up	True	214453	215340	up	(800, 450)	testing
24	ll	f	20	1	circle	red	dif	(632, 450)	(968, 450)	hori	left	True	216934	218236	left	(800, 450)	testing
24	ll	f	20	1	circle	none	dif	N_dis	(800, 618)	hori	left	True	219690	220637	left	(800, 450)	testing
24	ll	f	20	1	diamond	green	dif	(632, 450)	(800, 618)	hori	left	True	222260	222973	left	(800, 450)	testing
24	ll	f	20	1	circle	red	dif	(800, 618)	(632, 450)	vert	up	True	224631	226300	up	(800, 450)	testing
24	ll	f	20	1	circle	green	dif	(800, 618)	(800, 282)	vert	up	True	227694	228733	up	(800, 450)	testing
24	ll	f	20	1	diamond	green	same	(800, 618)	(632, 450)	hori	left	True	230326	231981	left	(800, 450)	testing
24	ll	f	20	1	circle	red	same	(632, 450)	(800, 282)	vert	up	True	233396	235084	up	(800, 450)	testing
24	ll	f	20	1	diamond	none	dif	N_dis	(968, 450)	vert	up	True	236503	237789	up	(800, 450)	testing
24	ll	f	20	1	circle	none	dif	N_dis	(800, 618)	hori	left	True	239426	240524	left	(800, 450)	testing
24	ll	f	20	1	circle	none	dif	N_dis	(632, 450)	vert	up	True	242046	242893	up	(800, 450)	testing
24	ll	f	20	1	circle	green	dif	(632, 450)	(968, 450)	vert	up	True	244526	245597	left	(800, 450)	testing
24	ll	f	20	1	diamond	green	dif	(800, 618)	(632, 450)	vert	up	True	248736	249773	up	(800, 450)	testing
24	ll	f	20	1	circle	none	same	N_dis	(632, 450)	vert	up	True	251208	252797	up	(800, 450)	testing
24	ll	f	20	1	circle	none	dif	N_dis	(800, 618)	hori	left	True	254300	255260	left	(800, 450)	testing
24	ll	f	20	1	circle	red	dif	(800, 282)	(632, 450)	vert	up	True	256909	257901	up	(800, 450)	testing
24	ll	f	20	1	circle	none	same	N_dis	(968, 450)	vert	up	True	259562	260813	up	(800, 450)	testing
24	ll	f	20	1	diamond	green	same	(800, 618)	(968, 450)	vert	up	True	262231	263805	up	(800, 450)	testing
24	ll	f	20	1	circle	red	dif	(968, 450)	(632, 450)	hori	left	True	265296	266909	left	(800, 450)	testing
24	ll	f	20	1	diamond	none	dif	N_dis	(968, 450)	hori	left	True	268315	269372	left	(800, 450)	testing
24	ll	f	20	1	diamond	red	dif	(800, 618)	(632, 450)	hori	left	True	270780	271629	left	(800, 450)	testing
24	ll	f	20	1	circle	red	same	(632, 450)	(968, 450)	vert	up	True	273013	274492	up	(800, 450)	testing
24	ll	f	20	1	circle	none	dif	N_dis	(632, 450)	hori	left	True	275886	276957	left	(800, 450)	testing
24	ll	f	20	1	circle	none	dif	N_dis	(800, 282)	vert	up	True	278545	279645	up	(800, 450)	testing
24	ll	f	20	1	diamond	none	dif	N_dis	(800, 282)	vert	up	True	281219	282156	up	(800, 450)	testing
24	ll	f	20	1	diamond	none	same	N_dis	(800, 618)	hori	left	True	283704	285132	left	(800, 450)	testing
24	ll	f	20	1	circle	none	same	N_dis	(968, 450)	vert	up	True	286521	287629	up	(800, 450)	testing
24	ll	f	20	1	diamond	green	dif	(632, 450)	(968, 450)	vert	up	True	289051	289981	up	(800, 450)	testing
24	ll	f	20	1	diamond	none	same	N_dis	(968, 450)	hori	left	True	291498	292316	left	(800, 450)	testing
24	ll	f	20	1	circle	none	same	N_dis	(800, 282)	vert	up	True	293867	295212	up	(800, 450)	testing
24	ll	f	20	1	diamond	red	same	(800, 282)	(632, 450)	vert	up	True	296727	298492	up	(800, 450)	testing
24	ll	f	20	1	circle	none	same	N_dis	(800, 282)	hori	left	True	300023	301388	left	(800, 450)	testing
24	ll	f	20	1	circle	none	same	N_dis	(968, 450)	hori	left	True	302802	303741	left	(800, 450)	testing
24	ll	f	20	1	diamond	green	same	(800, 282)	(800, 618)	vert	up	True	305249	306252	up	(800, 450)	testing
24	ll	f	20	1	diamond	red	same	(800, 618)	(632, 450)	vert	up	True	307782	308749	up	(800, 450)	testing
24	ll	f	20	1	circle	green	same	(800, 618)	(800, 282)	hori	left	True	310352	311821	left	(800, 450)	testing
24	ll	f	20	1	circle	none	dif	N_dis	(632, 450)	vert	up	True	313491	314909	up	(800, 450)	testing
24	ll	f	20	1	circle	none	same	N_dis	(800, 282)	hori	left	True	316306	317581	left	(800, 450)	testing
24	ll	f	20	1	circle	none	same	N_dis	(800, 282)	hori	left	True	319031	319997	left	(800, 450)	testing
24	ll	f	20	1	circle	green	same	(968, 450)	(800, 618)	hori	left	True	321375	322508	left	(800, 450)	testing
24	ll	f	20	1	circle	green	same	(968, 450)	(800, 618)	vert	up	True	323891	324701	up	(800, 450)	testing
24	ll	f	20	1	circle	green	dif	(800, 618)	(800, 282)	hori	left	True	326098	327549	left	(800, 450)	testing
24	ll	f	20	1	circle	green	dif	(968, 450)	(632, 450)	hori	left	True	329022	329805	left	(800, 450)	testing
24	ll	f	20	1	diamond	red	dif	(632, 450)	(800, 282)	hori	left	True	331414	332797	left	(800, 450)	testing
24	ll	f	20	1	circle	red	same	(800, 618)	(800, 282)	vert	up	True	334202	335324	up	(800, 450)	testing
24	ll	f	20	1	circle	green	dif	(800, 282)	(968, 450)	vert	up	True	336860	338252	up	(800, 450)	testing
24	ll	f	20	1	circle	red	same	(800, 618)	(968, 450)	hori	left	True	339755	340733	left	(800, 450)	testing
24	ll	f	20	1	diamond	none	dif	N_dis	(632, 450)	vert	up	True	342133	343148	up	(800, 450)	testing
24	ll	f	20	1	circle	green	dif	(968, 450)	(800, 618)	vert	up	True	344607	345981	up	(800, 450)	testing
24	ll	f	20	1	diamond	red	dif	(800, 618)	(968, 450)	vert	up	True	347422	348957	up	(800, 450)	testing
24	ll	f	20	1	diamond	none	dif	N_dis	(632, 450)	hori	left	True	350476	351228	up	(800, 450)	testing
24	ll	f	20	1	diamond	green	dif	(800, 618)	(800, 282)	vert	up	True	354292	355388	up	(800, 450)	testing
24	ll	f	20	1	diamond	green	same	(800, 618)	(800, 282)	vert	up	True	356793	357597	up	(800, 450)	testing
24	ll	f	20	1	circle	none	dif	N_dis	(800, 618)	vert	up	True	359165	360460	up	(800, 450)	testing
24	ll	f	20	1	circle	red	dif	(800, 618)	(968, 450)	hori	left	True	361898	362797	left	(800, 450)	testing
24	ll	f	20	1	circle	none	dif	N_dis	(800, 618)	hori	left	True	364466	365581	left	(800, 450)	testing
24	ll	f	20	1	circle	green	dif	(632, 450)	(968, 450)	vert	up	True	367161	368172	up	(800, 450)	testing
24	ll	f	20	1	circle	red	dif	(968, 450)	(800, 282)	vert	up	True	369797	370973	up	(800, 450)	testing
24	ll	f	20	1	circle	green	dif	(968, 450)	(800, 282)	hori	left	True	372391	373308	left	(800, 450)	testing
24	ll	f	20	1	circle	red	same	(800, 618)	(968, 450)	hori	left	True	374879	375613	left	(800, 450)	testing
24	ll	f	20	1	circle	red	same	(800, 618)	(800, 282)	vert	up	True	377167	378621	up	(800, 450)	testing
24	ll	f	20	1	circle	green	dif	(800, 618)	(632, 450)	vert	up	True	380239	381420	up	(800, 450)	testing
24	ll	f	20	1	diamond	green	dif	(800, 618)	(632, 450)	hori	left	True	382812	383901	left	(800, 450)	testing
24	ll	f	20	1	diamond	red	dif	(800, 618)	(800, 282)	vert	up	True	385391	386412	up	(800, 450)	testing
24	ll	f	20	1	diamond	none	dif	N_dis	(632, 450)	vert	up	True	387890	388797	up	(800, 450)	testing
24	ll	f	20	1	diamond	none	dif	N_dis	(632, 450)	vert	up	True	390291	390989	up	(800, 450)	testing
24	ll	f	20	1	diamond	none	same	N_dis	(800, 618)	hori	left	True	392616	394092	left	(800, 450)	testing
24	ll	f	20	1	circle	red	dif	(800, 618)	(632, 450)	vert	up	True	395720	397196	up	(800, 450)	testing
24	ll	f	20	1	circle	red	same	(632, 450)	(800, 618)	vert	up	True	398742	401052	up	(800, 450)	testing
24	ll	f	20	1	diamond	green	dif	(632, 450)	(968, 450)	vert	up	True	402715	403693	up	(800, 450)	testing
24	ll	f	20	1	diamond	none	same	N_dis	(800, 618)	vert	up	True	405224	406204	up	(800, 450)	testing
24	ll	f	20	1	diamond	red	same	(968, 450)	(800, 618)	hori	left	True	407741	409004	left	(800, 450)	testing
24	ll	f	20	1	diamond	none	dif	N_dis	(800, 282)	hori	left	True	410648	411549	left	(800, 450)	testing
24	ll	f	20	1	diamond	green	same	(800, 618)	(632, 450)	vert	up	True	413143	413997	up	(800, 450)	testing
24	ll	f	20	1	circle	green	same	(800, 618)	(800, 282)	vert	up	True	415587	417404	up	(800, 450)	testing
24	ll	f	20	1	circle	green	same	(632, 450)	(968, 450)	hori	left	True	419060	420172	left	(800, 450)	testing
24	ll	f	20	1	circle	green	dif	(800, 618)	(968, 450)	hori	left	True	421709	422476	left	(800, 450)	testing
24	ll	f	20	1	diamond	red	same	(800, 618)	(968, 450)	vert	up	True	423870	424621	up	(800, 450)	testing
24	ll	f	20	1	circle	red	dif	(968, 450)	(800, 282)	hori	left	True	426221	427068	left	(800, 450)	testing
24	ll	f	20	1	circle	red	same	(968, 450)	(800, 282)	hori	left	True	428730	429436	left	(800, 450)	testing
24	ll	f	20	1	circle	none	same	N_dis	(968, 450)	hori	left	True	430980	431965	left	(800, 450)	testing
24	ll	f	20	1	diamond	green	same	(632, 450)	(800, 282)	hori	left	True	433614	434508	left	(800, 450)	testing
24	ll	f	20	1	circle	red	dif	(800, 618)	(800, 282)	hori	left	True	435932	436973	left	(800, 450)	testing
24	ll	f	20	1	diamond	none	same	N_dis	(632, 450)	hori	left	True	438501	439997	left	(800, 450)	testing
24	ll	f	20	1	circle	red	same	(800, 282)	(632, 450)	hori	left	True	441605	443388	left	(800, 450)	testing
24	ll	f	20	1	circle	green	same	(632, 450)	(800, 618)	hori	left	True	444860	446044	left	(800, 450)	testing
24	ll	f	20	1	circle	none	same	N_dis	(800, 618)	vert	up	True	447499	448508	up	(800, 450)	testing
24	ll	f	20	1	circle	green	dif	(800, 618)	(968, 450)	vert	up	True	450065	451549	up	(800, 450)	testing
24	ll	f	20	1	diamond	green	dif	(800, 618)	(968, 450)	vert	up	True	452996	454044	up	(800, 450)	testing
24	ll	f	20	1	diamond	red	same	(968, 450)	(800, 282)	vert	up	True	455578	456476	up	(800, 450)	testing
24	ll	f	20	1	diamond	none	dif	N_dis	(632, 450)	hori	left	True	457952	459565	left	(800, 450)	testing
24	ll	f	20	1	diamond	red	same	(632, 450)	(800, 282)	vert	up	True	461133	462092	up	(800, 450)	testing
24	ll	f	20	1	diamond	none	same	N_dis	(968, 450)	hori	left	True	463641	464380	left	(800, 450)	testing
24	ll	f	20	1	circle	green	dif	(800, 282)	(632, 450)	hori	left	True	465966	467532	left	(800, 450)	testing
24	ll	f	20	1	circle	red	same	(800, 282)	(968, 450)	vert	up	True	469061	470156	up	(800, 450)	testing
24	ll	f	20	1	circle	green	same	(800, 618)	(632, 450)	hori	left	True	471534	472380	left	(800, 450)	testing
24	ll	f	20	1	circle	none	dif	N_dis	(632, 450)	hori	left	True	473801	474428	left	(800, 450)	testing
24	ll	f	20	1	circle	none	same	N_dis	(800, 282)	vert	up	True	475922	476909	up	(800, 450)	testing
24	ll	f	20	1	diamond	none	same	N_dis	(800, 618)	hori	left	True	478561	479965	left	(800, 450)	testing
24	ll	f	20	1	diamond	none	same	N_dis	(800, 618)	vert	up	True	481444	483324	up	(800, 450)	testing
24	ll	f	20	1	circle	none	dif	N_dis	(800, 282)	hori	left	True	484858	486268	left	(800, 450)	testing
24	ll	f	20	1	diamond	none	dif	N_dis	(632, 450)	hori	left	True	487672	488621	left	(800, 450)	testing
24	ll	f	20	1	circle	none	dif	N_dis	(800, 618)	hori	left	True	490078	491693	left	(800, 450)	testing
24	ll	f	20	1	diamond	none	dif	N_dis	(800, 618)	hori	left	True	493269	493901	left	(800, 450)	testing
24	ll	f	20	1	diamond	red	same	(800, 618)	(632, 450)	hori	left	True	495296	496765	left	(800, 450)	testing
24	ll	f	20	1	circle	red	same	(800, 618)	(632, 450)	hori	left	True	498217	498941	left	(800, 450)	testing
24	ll	f	20	1	diamond	green	same	(632, 450)	(968, 450)	vert	up	True	500356	501276	up	(800, 450)	testing
24	ll	f	20	1	diamond	red	same	(632, 450)	(800, 282)	hori	left	True	502666	503613	left	(800, 450)	testing
24	ll	f	20	1	circle	red	dif	(800, 618)	(968, 450)	hori	left	True	505204	506284	left	(800, 450)	testing
24	ll	f	20	1	diamond	red	same	(800, 618)	(632, 450)	hori	left	True	507796	508524	left	(800, 450)	testing
24	ll	f	20	1	diamond	none	dif	N_dis	(800, 282)	vert	up	True	510010	510877	up	(800, 450)	testing
24	ll	f	20	1	circle	green	same	(800, 282)	(632, 450)	vert	up	True	512404	514621	up	(800, 450)	testing
24	ll	f	20	1	diamond	none	same	N_dis	(800, 618)	hori	left	True	516052	517340	left	(800, 450)	testing
24	ll	f	20	1	circle	green	dif	(968, 450)	(800, 282)	hori	left	True	518818	520909	left	(800, 450)	testing
24	ll	f	20	1	diamond	green	same	(800, 618)	(800, 282)	vert	up	True	522404	525244	up	(800, 450)	testing
24	ll	f	20	1	circle	green	dif	(800, 618)	(800, 282)	hori	left	True	526884	528733	left	(800, 450)	testing
24	ll	f	20	1	circle	none	dif	N_dis	(800, 282)	hori	left	True	530281	531629	left	(800, 450)	testing
24	ll	f	20	1	diamond	green	same	(800, 618)	(968, 450)	hori	left	True	533227	534348	left	(800, 450)	testing
24	ll	f	20	1	diamond	green	dif	(800, 282)	(800, 618)	hori	left	True	535750	536877	left	(800, 450)	testing
24	ll	f	20	1	diamond	green	same	(800, 618)	(800, 282)	vert	up	True	538508	539581	up	(800, 450)	testing
24	ll	f	20	1	circle	red	same	(800, 618)	(800, 282)	vert	up	True	541209	542814	up	(800, 450)	testing
24	ll	f	20	1	circle	none	dif	N_dis	(800, 282)	vert	up	True	544358	545436	up	(800, 450)	testing
24	ll	f	20	1	circle	none	dif	N_dis	(968, 450)	hori	left	True	546831	547934	left	(800, 450)	testing
24	ll	f	20	1	circle	none	same	N_dis	(632, 450)	vert	up	True	549577	550396	up	(800, 450)	testing
24	ll	f	20	1	circle	red	dif	(800, 618)	(968, 450)	hori	left	True	551792	552990	left	(800, 450)	testing
24	ll	f	20	1	diamond	red	dif	(632, 450)	(800, 282)	vert	up	True	554501	555484	up	(800, 450)	testing
24	ll	f	20	1	diamond	red	same	(968, 450)	(632, 450)	vert	up	True	557110	559036	up	(800, 450)	testing
24	ll	f	20	1	circle	none	same	N_dis	(632, 450)	vert	up	True	560483	562348	up	(800, 450)	testing
24	ll	f	20	1	diamond	none	dif	N_dis	(968, 450)	hori	left	True	563985	564925	left	(800, 450)	testing
24	ll	f	20	1	diamond	green	dif	(632, 450)	(800, 282)	vert	up	True	566436	567228	up	(800, 450)	testing
24	ll	f	20	1	circle	none	same	N_dis	(800, 282)	vert	up	True	568800	570861	up	(800, 450)	testing
24	ll	f	20	1	circle	red	same	(800, 282)	(968, 450)	hori	left	True	572531	573678	left	(800, 450)	testing
24	ll	f	20	1	circle	none	dif	N_dis	(968, 450)	hori	left	True	575087	577260	left	(800, 450)	testing
24	ll	f	20	1	circle	green	same	(800, 618)	(632, 450)	hori	left	True	578776	579500	left	(800, 450)	testing
24	ll	f	20	1	circle	red	same	(800, 618)	(800, 282)	vert	up	True	581119	582060	up	(800, 450)	testing
24	ll	f	20	1	diamond	red	same	(800, 618)	(800, 282)	hori	left	True	583695	585869	left	(800, 450)	testing
24	ll	f	20	1	diamond	none	same	N_dis	(632, 450)	hori	left	True	587483	588573	left	(800, 450)	testing
24	ll	f	20	1	diamond	red	same	(800, 618)	(968, 450)	hori	left	True	590126	590973	left	(800, 450)	testing
24	ll	f	20	1	diamond	none	same	N_dis	(800, 282)	vert	up	True	592353	593244	up	(800, 450)	testing
24	ll	f	20	1	diamond	green	same	(800, 282)	(800, 618)	hori	left	True	594736	596573	left	(800, 450)	testing
24	ll	f	20	1	diamond	none	same	N_dis	(968, 450)	hori	left	True	598054	598797	left	(800, 450)	testing
24	ll	f	20	1	diamond	red	same	(968, 450)	(800, 618)	hori	left	True	600412	601212	left	(800, 450)	testing
24	ll	f	20	1	diamond	none	dif	N_dis	(800, 282)	hori	left	True	602842	603885	left	(800, 450)	testing
24	ll	f	20	1	diamond	green	dif	(800, 618)	(968, 450)	vert	up	True	605483	606765	up	(800, 450)	testing
24	ll	f	20	1	circle	red	dif	(968, 450)	(632, 450)	vert	up	True	608407	611068	up	(800, 450)	testing
24	ll	f	20	1	circle	green	dif	(632, 450)	(800, 282)	vert	up	True	612575	614861	up	(800, 450)	testing
24	ll	f	20	1	circle	none	dif	N_dis	(968, 450)	hori	left	True	616489	617276	left	(800, 450)	testing
24	ll	f	20	1	diamond	green	same	(632, 450)	(800, 282)	hori	left	True	618722	620765	up	(800, 450)	testing
24	ll	f	20	1	diamond	red	same	(800, 282)	(800, 618)	vert	up	True	623730	625308	up	(800, 450)	testing
24	ll	f	20	1	diamond	red	dif	(632, 450)	(800, 282)	vert	up	True	626980	628220	up	(800, 450)	testing
24	ll	f	20	1	diamond	green	dif	(800, 618)	(632, 450)	hori	left	True	629698	630766	left	(800, 450)	testing
24	ll	f	20	1	diamond	red	dif	(800, 282)	(800, 618)	vert	up	True	632332	633324	up	(800, 450)	testing
24	ll	f	20	1	circle	red	dif	(800, 618)	(968, 450)	hori	left	True	634989	636284	left	(800, 450)	testing
24	ll	f	20	1	circle	green	same	(800, 282)	(968, 450)	vert	up	True	637853	638909	up	(800, 450)	testing
24	ll	f	20	1	circle	green	same	(800, 618)	(632, 450)	hori	left	True	640290	641068	left	(800, 450)	testing
24	ll	f	20	1	diamond	red	dif	(800, 618)	(968, 450)	hori	left	True	642497	643372	left	(800, 450)	testing
24	ll	f	20	1	circle	green	same	(800, 282)	(968, 450)	hori	left	True	644998	645869	left	(800, 450)	testing
24	ll	f	20	1	circle	green	same	(968, 450)	(800, 282)	hori	left	True	647417	648653	left	(800, 450)	testing
24	ll	f	20	1	diamond	none	same	N_dis	(800, 618)	hori	left	True	650073	651324	left	(800, 450)	testing
24	ll	f	20	1	diamond	red	same	(800, 618)	(800, 282)	vert	up	True	652828	654332	up	(800, 450)	testing
24	ll	f	20	1	diamond	green	same	(800, 618)	(800, 282)	hori	left	True	655877	656765	left	(800, 450)	testing
24	ll	f	20	1	diamond	green	dif	(800, 618)	(632, 450)	vert	up	True	658433	659468	up	(800, 450)	testing
24	ll	f	20	1	diamond	green	dif	(800, 282)	(800, 618)	hori	left	True	661131	662013	left	(800, 450)	testing
24	ll	f	20	1	diamond	none	same	N_dis	(632, 450)	vert	up	True	663487	664252	up	(800, 450)	testing
24	ll	f	20	1	diamond	green	same	(800, 282)	(632, 450)	vert	up	True	665728	666492	up	(800, 450)	testing
24	ll	f	20	1	diamond	green	dif	(632, 450)	(968, 450)	hori	left	True	668036	668989	left	(800, 450)	testing
24	ll	f	20	1	diamond	none	same	N_dis	(632, 450)	hori	left	True	670519	671388	left	(800, 450)	testing
24	ll	f	20	1	circle	green	same	(800, 618)	(632, 450)	hori	left	True	672828	673645	left	(800, 450)	testing
24	ll	f	20	1	circle	green	dif	(968, 450)	(800, 618)	vert	up	True	675229	676557	up	(800, 450)	testing
24	ll	f	20	1	circle	none	dif	N_dis	(968, 450)	vert	up	True	678178	679276	up	(800, 450)	testing
24	ll	f	20	1	diamond	red	dif	(632, 450)	(968, 450)	vert	up	True	680692	681997	up	(800, 450)	testing
24	ll	f	20	1	diamond	green	same	(968, 450)	(800, 618)	vert	up	True	683534	684989	up	(800, 450)	testing
24	ll	f	20	1	diamond	red	same	(632, 450)	(800, 618)	vert	up	True	686649	687340	up	(800, 450)	testing
24	ll	f	20	1	diamond	red	same	(800, 618)	(632, 450)	vert	up	True	688752	689741	up	(800, 450)	testing
24	ll	f	20	1	diamond	green	dif	(800, 618)	(632, 450)	vert	up	True	691235	691885	up	(800, 450)	testing
24	ll	f	20	1	circle	none	same	N_dis	(968, 450)	hori	left	True	693511	695260	left	(800, 450)	testing
24	ll	f	20	1	circle	red	dif	(968, 450)	(632, 450)	vert	up	True	696721	697965	up	(800, 450)	testing
24	ll	f	20	1	circle	none	same	N_dis	(632, 450)	vert	up	True	699383	700060	up	(800, 450)	testing
24	ll	f	20	1	circle	green	dif	(800, 282)	(968, 450)	hori	left	True	701647	702893	left	(800, 450)	testing
24	ll	f	20	1	diamond	none	same	N_dis	(800, 618)	hori	left	True	704461	706492	left	(800, 450)	testing
24	ll	f	20	1	diamond	red	same	(800, 282)	(968, 450)	hori	left	True	708064	709532	left	(800, 450)	testing
24	ll	f	20	1	circle	green	same	(800, 618)	(632, 450)	vert	up	True	710950	711901	up	(800, 450)	testing
24	ll	f	20	1	circle	none	same	N_dis	(800, 618)	hori	left	True	713423	714221	left	(800, 450)	testing
24	ll	f	20	1	diamond	red	dif	(632, 450)	(968, 450)	hori	left	True	715697	717068	left	(800, 450)	testing
24	ll	f	20	1	diamond	none	same	N_dis	(800, 618)	vert	up	True	718717	719629	up	(800, 450)	testing
24	ll	f	20	1	diamond	none	same	N_dis	(800, 618)	hori	left	True	721237	722044	left	(800, 450)	testing
24	ll	f	20	1	circle	none	same	N_dis	(800, 618)	vert	up	True	723507	724941	up	(800, 450)	testing
24	ll	f	20	1	diamond	red	same	(632, 450)	(800, 618)	hori	left	True	726464	727420	left	(800, 450)	testing
24	ll	f	20	1	diamond	red	same	(968, 450)	(800, 618)	hori	left	True	729022	729726	left	(800, 450)	testing
24	ll	f	20	1	diamond	green	dif	(800, 618)	(632, 450)	hori	left	True	731197	732428	left	(800, 450)	testing
24	ll	f	20	1	diamond	red	dif	(632, 450)	(800, 618)	vert	up	True	733940	734669	up	(800, 450)	testing
24	ll	f	20	1	diamond	red	dif	(968, 450)	(800, 282)	hori	left	True	736224	737436	left	(800, 450)	testing
24	ll	f	20	1	circle	green	same	(800, 618)	(968, 450)	vert	up	True	739088	740557	up	(800, 450)	testing
24	ll	f	20	1	diamond	red	dif	(632, 450)	(800, 618)	vert	up	True	742067	742877	up	(800, 450)	testing
24	ll	f	20	1	diamond	red	same	(800, 282)	(632, 450)	hori	left	True	744332	745468	left	(800, 450)	testing
24	ll	f	20	1	circle	red	dif	(800, 618)	(968, 450)	hori	left	True	747128	748396	left	(800, 450)	testing
24	ll	f	20	1	diamond	none	same	N_dis	(968, 450)	vert	up	True	750069	750893	up	(800, 450)	testing
24	ll	f	20	1	circle	green	dif	(800, 618)	(632, 450)	vert	up	True	752490	754220	up	(800, 450)	testing
24	ll	f	20	1	circle	red	dif	(968, 450)	(632, 450)	vert	up	True	755881	756653	up	(800, 450)	testing
24	ll	f	20	1	circle	red	same	(968, 450)	(632, 450)	hori	left	True	758254	759324	left	(800, 450)	testing
24	ll	f	20	1	circle	green	dif	(800, 618)	(800, 282)	vert	up	True	760733	761516	up	(800, 450)	testing
24	ll	f	20	1	circle	red	dif	(800, 618)	(800, 282)	hori	left	True	763144	763901	left	(800, 450)	testing
24	ll	f	20	1	circle	none	same	N_dis	(800, 282)	hori	left	True	765384	766124	left	(800, 450)	testing
24	ll	f	20	1	diamond	none	dif	N_dis	(800, 282)	hori	left	True	767516	768476	left	(800, 450)	testing
24	ll	f	20	1	circle	none	dif	N_dis	(632, 450)	hori	left	True	769882	770926	left	(800, 450)	testing
24	ll	f	20	1	circle	green	same	(632, 450)	(800, 282)	hori	left	True	772515	773244	left	(800, 450)	testing
24	ll	f	20	1	circle	green	dif	(800, 618)	(968, 450)	hori	left	True	774836	775629	left	(800, 450)	testing
24	ll	f	20	1	circle	none	dif	N_dis	(968, 450)	vert	up	True	777282	778044	up	(800, 450)	testing
24	ll	f	20	1	circle	none	dif	N_dis	(632, 450)	hori	left	True	779504	780268	left	(800, 450)	testing
24	ll	f	20	1	diamond	green	dif	(800, 618)	(968, 450)	hori	left	True	781769	782476	left	(800, 450)	testing
24	ll	f	20	1	circle	none	same	N_dis	(800, 282)	vert	up	True	784030	786525	up	(800, 450)	testing
24	ll	f	20	1	diamond	green	same	(800, 282)	(968, 450)	hori	left	True	788004	788765	left	(800, 450)	testing
24	ll	f	20	1	circle	red	dif	(968, 450)	(800, 282)	hori	left	True	790323	792156	left	(800, 450)	testing
24	ll	f	20	1	diamond	green	same	(800, 282)	(800, 618)	vert	up	True	793725	795084	up	(800, 450)	testing
24	ll	f	20	1	circle	green	dif	(968, 450)	(632, 450)	hori	left	True	796522	798701	left	(800, 450)	testing
24	ll	f	20	1	circle	none	same	N_dis	(632, 450)	hori	left	True	800264	801452	left	(800, 450)	testing
24	ll	f	20	1	diamond	green	same	(800, 618)	(800, 282)	vert	up	True	802926	804076	up	(800, 450)	testing
24	ll	f	20	1	circle	green	same	(800, 618)	(968, 450)	vert	up	True	805745	806765	up	(800, 450)	testing
24	ll	f	20	1	circle	red	same	(800, 282)	(968, 450)	hori	left	True	808303	809468	left	(800, 450)	testing
24	ll	f	20	1	diamond	none	dif	N_dis	(800, 618)	hori	left	True	810982	812044	left	(800, 450)	testing
24	ll	f	20	1	circle	green	same	(800, 282)	(632, 450)	hori	left	True	813529	815388	left	(800, 450)	testing
24	ll	f	20	1	circle	green	same	(800, 618)	(800, 282)	hori	left	True	816788	817741	left	(800, 450)	testing
24	ll	f	20	1	diamond	red	dif	(800, 618)	(632, 450)	hori	left	True	819248	821276	left	(800, 450)	testing
24	ll	f	20	1	diamond	red	dif	(968, 450)	(800, 282)	vert	up	True	822949	823965	up	(800, 450)	testing
24	ll	f	20	1	circle	green	dif	(800, 618)	(968, 450)	vert	up	True	825582	826669	up	(800, 450)	testing
24	ll	f	20	1	circle	none	same	N_dis	(800, 618)	hori	left	True	828337	829468	left	(800, 450)	testing
24	ll	f	20	1	diamond	red	same	(800, 282)	(800, 618)	vert	up	True	830903	832013	up	(800, 450)	testing
24	ll	f	20	1	circle	green	same	(632, 450)	(968, 450)	hori	left	True	833413	835084	left	(800, 450)	testing
24	ll	f	20	1	circle	green	same	(800, 618)	(800, 282)	vert	up	True	836710	838237	up	(800, 450)	testing
24	ll	f	20	1	circle	red	dif	(800, 618)	(632, 450)	hori	left	True	839892	840781	left	(800, 450)	testing
24	ll	f	20	1	circle	red	same	(632, 450)	(800, 618)	vert	up	True	842424	843212	up	(800, 450)	testing
24	ll	f	20	1	diamond	none	dif	N_dis	(800, 618)	hori	left	True	844620	846236	left	(800, 450)	testing
24	ll	f	20	1	diamond	green	dif	(800, 618)	(632, 450)	vert	up	True	847657	848540	up	(800, 450)	testing
24	ll	f	20	1	diamond	none	same	N_dis	(632, 450)	hori	left	True	850050	851164	left	(800, 450)	testing
24	ll	f	20	1	circle	green	same	(800, 282)	(968, 450)	vert	up	True	852749	854108	up	(800, 450)	testing
24	ll	f	20	1	diamond	red	dif	(968, 450)	(800, 618)	hori	left	True	855620	856765	left	(800, 450)	testing
24	ll	f	20	1	circle	red	dif	(968, 450)	(632, 450)	hori	left	True	858178	859196	left	(800, 450)	testing
24	ll	f	20	1	circle	green	dif	(632, 450)	(800, 618)	hori	left	True	860845	862236	left	(800, 450)	testing
24	ll	f	20	1	circle	none	same	N_dis	(968, 450)	vert	up	True	863672	864669	up	(800, 450)	testing
24	ll	f	20	1	diamond	green	same	(800, 618)	(800, 282)	vert	up	True	866291	867196	up	(800, 450)	testing
24	ll	f	20	1	diamond	green	dif	(632, 450)	(800, 282)	hori	left	True	868644	869645	left	(800, 450)	testing
24	ll	f	20	1	diamond	red	dif	(968, 450)	(632, 450)	hori	left	True	871312	872332	left	(800, 450)	testing
24	ll	f	20	1	diamond	green	same	(800, 618)	(800, 282)	hori	left	True	874002	874797	left	(800, 450)	testing
24	ll	f	20	1	diamond	red	dif	(800, 282)	(632, 450)	vert	up	True	876268	877164	up	(800, 450)	testing
24	ll	f	20	1	circle	none	same	N_dis	(800, 282)	vert	up	True	878611	880717	up	(800, 450)	testing
24	ll	f	20	1	circle	green	same	(800, 618)	(800, 282)	vert	up	True	882259	882957	up	(800, 450)	testing
24	ll	f	20	1	diamond	green	dif	(800, 618)	(968, 450)	vert	up	True	884502	886893	up	(800, 450)	testing
24	ll	f	20	1	circle	red	same	(800, 618)	(632, 450)	hori	left	True	888344	889292	left	(800, 450)	testing
24	ll	f	20	1	diamond	none	same	N_dis	(968, 450)	vert	up	True	890679	892925	up	(800, 450)	testing
24	ll	f	20	1	diamond	green	dif	(800, 282)	(632, 450)	vert	up	True	894341	895213	up	(800, 450)	testing
24	ll	f	20	1	diamond	red	same	(800, 618)	(800, 282)	hori	left	True	896675	898508	left	(800, 450)	testing
24	ll	f	20	1	diamond	none	same	N_dis	(800, 282)	vert	up	True	900113	901789	up	(800, 450)	testing
24	ll	f	20	1	circle	green	same	(800, 618)	(632, 450)	vert	up	True	903395	904829	up	(800, 450)	testing
24	ll	f	20	1	diamond	red	dif	(800, 282)	(632, 450)	vert	up	True	906416	907100	up	(800, 450)	testing
24	ll	f	20	1	diamond	none	dif	N_dis	(968, 450)	hori	left	True	908743	909949	left	(800, 450)	testing
24	ll	f	20	1	diamond	green	same	(800, 282)	(968, 450)	hori	left	True	911462	912316	left	(800, 450)	testing
24	ll	f	20	1	diamond	green	same	(800, 618)	(968, 450)	vert	up	True	913984	914845	up	(800, 450)	testing
24	ll	f	20	1	diamond	green	dif	(632, 450)	(800, 618)	vert	up	True	916473	917436	up	(800, 450)	testing
24	ll	f	20	1	circle	red	same	(632, 450)	(800, 618)	hori	left	True	918836	920476	left	(800, 450)	testing
24	ll	f	20	1	circle	none	dif	N_dis	(632, 450)	hori	left	True	921997	923132	left	(800, 450)	testing
24	ll	f	20	1	circle	red	same	(800, 618)	(800, 282)	hori	left	True	924722	926589	left	(800, 450)	testing
24	ll	f	20	1	diamond	red	dif	(800, 618)	(800, 282)	hori	left	True	928067	929388	left	(800, 450)	testing
24	ll	f	20	1	diamond	green	dif	(968, 450)	(800, 282)	hori	left	True	930780	931981	left	(800, 450)	testing
24	ll	f	20	1	diamond	red	same	(968, 450)	(800, 618)	hori	left	True	933601	934989	left	(800, 450)	testing
24	ll	f	20	1	circle	red	dif	(800, 618)	(968, 450)	hori	left	True	936615	937901	left	(800, 450)	testing
24	ll	f	20	1	diamond	green	dif	(800, 618)	(968, 450)	hori	left	True	939490	940637	left	(800, 450)	testing
24	ll	f	20	1	diamond	green	same	(800, 282)	(968, 450)	vert	up	False	942081	None	None	(800, 450)	testing
24	ll	f	20	1	diamond	red	dif	(800, 618)	(800, 282)	hori	left	True	948151	949565	left	(800, 450)	testing
24	ll	f	20	1	circle	none	dif	N_dis	(800, 282)	vert	up	True	951195	953965	up	(800, 450)	testing
24	ll	f	20	1	diamond	none	dif	N_dis	(968, 450)	hori	left	True	955578	956685	left	(800, 450)	testing
24	ll	f	20	1	diamond	none	dif	N_dis	(800, 618)	vert	up	True	958208	959244	up	(800, 450)	testing
24	ll	f	20	1	diamond	none	dif	N_dis	(968, 450)	hori	left	True	960696	961581	left	(800, 450)	testing
24	ll	f	20	1	diamond	none	same	N_dis	(968, 450)	hori	left	True	963024	964076	left	(800, 450)	testing
24	ll	f	20	1	circle	red	dif	(800, 618)	(968, 450)	vert	up	True	965464	967292	up	(800, 450)	testing
24	ll	f	20	1	diamond	green	dif	(632, 450)	(800, 618)	vert	up	True	968767	969789	up	(800, 450)	testing
24	ll	f	20	1	circle	red	same	(800, 282)	(800, 618)	hori	left	True	971172	972524	left	(800, 450)	testing
24	ll	f	20	1	diamond	red	same	(968, 450)	(800, 618)	hori	left	True	973997	975244	left	(800, 450)	testing
