subj	name	gender	age	runNum	shape	dist	td_dif	d_loc	t_loc	resp	resp_key	gotKey	startTime	respTime	resp	fix_loc	prac
2	lj	f	19	2	circle	none	same	N_dis	(800, 618)	vert	up	True	34600	35579	up	(800, 450)	testing
2	lj	f	19	2	diamond	red	same	(968, 450)	(632, 450)	hori	left	True	37171	38107	left	(800, 450)	testing
2	lj	f	19	2	diamond	red	same	(800, 618)	(632, 450)	vert	up	True	39476	40491	up	(800, 450)	testing
2	lj	f	19	2	diamond	green	same	(632, 450)	(800, 618)	vert	up	True	42104	43339	up	(800, 450)	testing
2	lj	f	19	2	circle	red	dif	(800, 618)	(632, 450)	hori	left	True	44883	46843	left	(800, 450)	testing
2	lj	f	19	2	diamond	none	dif	N_dis	(968, 450)	hori	left	True	48336	49179	left	(800, 450)	testing
2	lj	f	19	2	circle	none	same	N_dis	(800, 282)	vert	up	True	50554	51451	up	(800, 450)	testing
2	lj	f	19	2	circle	red	dif	(800, 618)	(632, 450)	hori	left	True	53100	54523	left	(800, 450)	testing
2	lj	f	19	2	diamond	none	dif	N_dis	(800, 282)	hori	left	True	56058	57723	left	(800, 450)	testing
2	lj	f	19	2	circle	none	dif	N_dis	(632, 450)	vert	up	True	59310	60347	up	(800, 450)	testing
2	lj	f	19	2	circle	none	dif	N_dis	(800, 282)	hori	left	True	61776	63275	left	(800, 450)	testing
2	lj	f	19	2	circle	none	same	N_dis	(968, 450)	vert	up	True	64908	66251	up	(800, 450)	testing
2	lj	f	19	2	diamond	red	same	(968, 450)	(632, 450)	hori	left	True	67667	68955	left	(800, 450)	testing
2	lj	f	19	2	diamond	none	dif	N_dis	(632, 450)	hori	left	True	70565	71515	left	(800, 450)	testing
2	lj	f	19	2	circle	red	dif	(800, 618)	(800, 282)	vert	up	True	72945	73835	up	(800, 450)	testing
2	lj	f	19	2	circle	green	dif	(800, 618)	(800, 282)	hori	left	True	75361	76539	left	(800, 450)	testing
2	lj	f	19	2	circle	red	dif	(632, 450)	(800, 282)	hori	left	True	77978	79035	left	(800, 450)	testing
2	lj	f	19	2	circle	none	same	N_dis	(800, 618)	hori	left	True	80426	81243	left	(800, 450)	testing
2	lj	f	19	2	diamond	green	dif	(800, 618)	(800, 282)	vert	up	True	82821	83755	up	(800, 450)	testing
2	lj	f	19	2	circle	green	dif	(968, 450)	(632, 450)	hori	left	True	85185	87611	left	(800, 450)	testing
2	lj	f	19	2	diamond	red	dif	(632, 450)	(800, 282)	vert	up	True	89167	91115	up	(800, 450)	testing
2	lj	f	19	2	circle	green	same	(800, 618)	(968, 450)	vert	up	True	92724	94203	left	(800, 450)	testing
2	lj	f	19	2	diamond	none	same	N_dis	(632, 450)	hori	left	True	97105	98523	left	(800, 450)	testing
2	lj	f	19	2	diamond	none	dif	N_dis	(800, 618)	vert	up	True	100005	101259	up	(800, 450)	testing
2	lj	f	19	2	diamond	green	dif	(632, 450)	(968, 450)	vert	up	True	102747	103851	up	(800, 450)	testing
2	lj	f	19	2	circle	green	same	(632, 450)	(800, 282)	vert	up	True	105470	107451	up	(800, 450)	testing
2	lj	f	19	2	diamond	none	dif	N_dis	(632, 450)	hori	left	True	108949	109883	left	(800, 450)	testing
2	lj	f	19	2	diamond	none	dif	N_dis	(800, 618)	hori	left	True	111435	112283	left	(800, 450)	testing
2	lj	f	19	2	circle	red	dif	(968, 450)	(800, 282)	hori	left	True	113867	114907	left	(800, 450)	testing
2	lj	f	19	2	circle	red	dif	(800, 618)	(632, 450)	hori	left	True	116430	117403	left	(800, 450)	testing
2	lj	f	19	2	diamond	green	dif	(632, 450)	(800, 618)	vert	up	True	118808	119803	up	(800, 450)	testing
2	lj	f	19	2	diamond	green	same	(632, 450)	(968, 450)	vert	up	True	121178	121979	up	(800, 450)	testing
2	lj	f	19	2	diamond	red	dif	(968, 450)	(632, 450)	vert	up	True	123434	124251	up	(800, 450)	testing
2	lj	f	19	2	diamond	none	dif	N_dis	(800, 282)	vert	up	True	125674	126443	up	(800, 450)	testing
2	lj	f	19	2	diamond	green	same	(800, 282)	(632, 450)	hori	left	True	128039	129371	left	(800, 450)	testing
2	lj	f	19	2	circle	red	dif	(632, 450)	(968, 450)	hori	left	True	130733	131627	left	(800, 450)	testing
2	lj	f	19	2	diamond	red	same	(632, 450)	(800, 282)	hori	left	True	132996	133787	left	(800, 450)	testing
2	lj	f	19	2	circle	red	dif	(800, 618)	(632, 450)	vert	up	True	135288	136123	left	(800, 450)	testing
2	lj	f	19	2	diamond	green	same	(968, 450)	(800, 618)	vert	up	True	139024	140443	up	(800, 450)	testing
2	lj	f	19	2	diamond	none	dif	N_dis	(632, 450)	vert	up	True	141973	142715	up	(800, 450)	testing
2	lj	f	19	2	circle	none	dif	N_dis	(632, 450)	vert	up	True	144336	145691	up	(800, 450)	testing
2	lj	f	19	2	diamond	red	dif	(968, 450)	(800, 618)	vert	up	True	147072	148331	up	(800, 450)	testing
2	lj	f	19	2	diamond	green	same	(800, 618)	(968, 450)	vert	up	True	149691	151483	up	(800, 450)	testing
2	lj	f	19	2	diamond	none	dif	N_dis	(968, 450)	hori	left	True	152976	154475	left	(800, 450)	testing
2	lj	f	19	2	diamond	red	same	(632, 450)	(800, 618)	hori	left	True	155936	156987	left	(800, 450)	testing
2	lj	f	19	2	diamond	red	dif	(968, 450)	(800, 618)	hori	left	True	158607	159371	left	(800, 450)	testing
2	lj	f	19	2	diamond	red	same	(800, 618)	(968, 450)	vert	up	True	160742	161659	up	(800, 450)	testing
2	lj	f	19	2	circle	green	same	(800, 618)	(968, 450)	hori	left	True	163256	164251	left	(800, 450)	testing
2	lj	f	19	2	circle	none	same	N_dis	(968, 450)	vert	up	True	165673	166523	up	(800, 450)	testing
2	lj	f	19	2	diamond	green	same	(632, 450)	(800, 618)	vert	up	True	168008	169483	up	(800, 450)	testing
2	lj	f	19	2	circle	green	dif	(968, 450)	(800, 618)	vert	up	True	171115	171867	up	(800, 450)	testing
2	lj	f	19	2	circle	green	same	(800, 618)	(800, 282)	hori	left	True	173505	174875	left	(800, 450)	testing
2	lj	f	19	2	circle	red	dif	(632, 450)	(800, 618)	hori	left	True	176469	178251	left	(800, 450)	testing
2	lj	f	19	2	circle	none	same	N_dis	(968, 450)	hori	left	True	179657	180667	left	(800, 450)	testing
2	lj	f	19	2	diamond	green	dif	(632, 450)	(800, 282)	vert	up	True	182175	183739	up	(800, 450)	testing
2	lj	f	19	2	circle	red	same	(632, 450)	(800, 618)	vert	up	True	185254	186523	up	(800, 450)	testing
2	lj	f	19	2	circle	green	same	(800, 618)	(632, 450)	hori	left	True	187901	189307	left	(800, 450)	testing
2	lj	f	19	2	diamond	none	same	N_dis	(968, 450)	hori	left	True	190887	192059	left	(800, 450)	testing
2	lj	f	19	2	diamond	none	same	N_dis	(800, 282)	hori	left	True	193652	194747	left	(800, 450)	testing
2	lj	f	19	2	diamond	green	dif	(800, 618)	(800, 282)	hori	left	True	196375	197627	left	(800, 450)	testing
2	lj	f	19	2	diamond	none	same	N_dis	(800, 618)	vert	up	True	199158	200155	up	(800, 450)	testing
2	lj	f	19	2	diamond	green	dif	(632, 450)	(800, 618)	vert	up	True	201761	203211	up	(800, 450)	testing
2	lj	f	19	2	diamond	red	dif	(968, 450)	(800, 282)	vert	up	True	204746	205835	up	(800, 450)	testing
2	lj	f	19	2	diamond	green	dif	(632, 450)	(800, 282)	hori	left	True	207193	208619	left	(800, 450)	testing
2	lj	f	19	2	diamond	none	dif	N_dis	(632, 450)	hori	left	True	210129	211051	left	(800, 450)	testing
2	lj	f	19	2	circle	none	dif	N_dis	(800, 282)	vert	up	True	212425	213819	up	(800, 450)	testing
2	lj	f	19	2	diamond	green	same	(968, 450)	(800, 282)	vert	up	True	215356	217211	up	(800, 450)	testing
2	lj	f	19	2	circle	green	dif	(800, 618)	(632, 450)	hori	left	True	218771	220027	left	(800, 450)	testing
2	lj	f	19	2	circle	green	dif	(632, 450)	(968, 450)	vert	up	True	221515	222859	up	(800, 450)	testing
2	lj	f	19	2	circle	green	same	(800, 282)	(632, 450)	vert	up	True	224454	225755	up	(800, 450)	testing
2	lj	f	19	2	diamond	red	same	(968, 450)	(800, 618)	hori	left	True	227212	228379	left	(800, 450)	testing
2	lj	f	19	2	diamond	green	same	(968, 450)	(632, 450)	vert	up	True	229937	230763	up	(800, 450)	testing
2	lj	f	19	2	diamond	none	same	N_dis	(968, 450)	hori	left	True	232148	233195	left	(800, 450)	testing
2	lj	f	19	2	circle	red	same	(632, 450)	(800, 282)	vert	up	True	234703	236315	up	(800, 450)	testing
2	lj	f	19	2	circle	red	dif	(632, 450)	(968, 450)	vert	up	True	237765	239051	up	(800, 450)	testing
2	lj	f	19	2	diamond	none	same	N_dis	(800, 618)	vert	up	True	240519	241387	up	(800, 450)	testing
2	lj	f	19	2	circle	none	dif	N_dis	(800, 282)	vert	up	True	242832	244139	up	(800, 450)	testing
2	lj	f	19	2	diamond	green	dif	(968, 450)	(800, 282)	vert	up	True	245655	246907	up	(800, 450)	testing
2	lj	f	19	2	diamond	none	same	N_dis	(800, 282)	hori	left	True	248285	249515	left	(800, 450)	testing
2	lj	f	19	2	circle	green	same	(800, 618)	(800, 282)	vert	up	True	251071	253115	up	(800, 450)	testing
2	lj	f	19	2	circle	red	same	(632, 450)	(968, 450)	hori	left	True	254523	255403	left	(800, 450)	testing
2	lj	f	19	2	diamond	red	same	(632, 450)	(800, 282)	hori	left	True	256864	258507	left	(800, 450)	testing
2	lj	f	19	2	circle	green	dif	(968, 450)	(800, 282)	vert	up	True	260059	261163	up	(800, 450)	testing
2	lj	f	19	2	circle	green	dif	(968, 450)	(800, 282)	vert	up	True	262767	263963	up	(800, 450)	testing
2	lj	f	19	2	circle	none	dif	N_dis	(800, 618)	vert	up	True	265421	266507	up	(800, 450)	testing
2	lj	f	19	2	diamond	red	dif	(632, 450)	(800, 282)	vert	up	True	267977	269771	up	(800, 450)	testing
2	lj	f	19	2	diamond	none	same	N_dis	(800, 282)	vert	up	True	271208	272267	up	(800, 450)	testing
2	lj	f	19	2	circle	green	same	(800, 618)	(968, 450)	vert	up	True	273866	275467	up	(800, 450)	testing
2	lj	f	19	2	circle	green	same	(800, 618)	(800, 282)	vert	up	True	277099	277915	up	(800, 450)	testing
2	lj	f	19	2	circle	red	dif	(800, 282)	(968, 450)	vert	up	True	279383	280475	up	(800, 450)	testing
2	lj	f	19	2	circle	red	dif	(968, 450)	(800, 618)	hori	left	True	282049	283131	left	(800, 450)	testing
2	lj	f	19	2	diamond	red	same	(800, 618)	(968, 450)	vert	up	True	284725	285691	up	(800, 450)	testing
2	lj	f	19	2	diamond	green	same	(632, 450)	(968, 450)	vert	up	True	287203	288123	up	(800, 450)	testing
2	lj	f	19	2	diamond	none	same	N_dis	(800, 282)	hori	left	True	289608	290779	left	(800, 450)	testing
2	lj	f	19	2	circle	green	dif	(968, 450)	(800, 618)	hori	left	True	292297	293563	left	(800, 450)	testing
2	lj	f	19	2	circle	green	dif	(800, 618)	(632, 450)	vert	up	True	295180	296043	up	(800, 450)	testing
2	lj	f	19	2	circle	red	same	(632, 450)	(800, 282)	hori	left	True	297653	299147	left	(800, 450)	testing
2	lj	f	19	2	diamond	red	same	(632, 450)	(800, 618)	hori	left	True	300704	302363	left	(800, 450)	testing
2	lj	f	19	2	diamond	none	dif	N_dis	(800, 618)	hori	left	True	303809	304795	left	(800, 450)	testing
2	lj	f	19	2	diamond	none	dif	N_dis	(800, 618)	hori	left	True	306347	307131	left	(800, 450)	testing
2	lj	f	19	2	diamond	none	same	N_dis	(632, 450)	vert	up	True	308750	309483	up	(800, 450)	testing
2	lj	f	19	2	circle	green	same	(968, 450)	(800, 618)	hori	left	True	310842	312299	left	(800, 450)	testing
2	lj	f	19	2	diamond	red	dif	(632, 450)	(800, 282)	vert	up	True	313913	314811	up	(800, 450)	testing
2	lj	f	19	2	diamond	green	same	(632, 450)	(800, 618)	vert	up	True	316166	316955	up	(800, 450)	testing
2	lj	f	19	2	circle	green	same	(800, 618)	(968, 450)	vert	up	True	318423	319867	up	(800, 450)	testing
2	lj	f	19	2	diamond	red	dif	(968, 450)	(800, 618)	hori	left	True	321470	322587	left	(800, 450)	testing
2	lj	f	19	2	circle	none	same	N_dis	(968, 450)	hori	left	True	323976	324891	left	(800, 450)	testing
2	lj	f	19	2	diamond	green	dif	(632, 450)	(800, 282)	hori	left	True	326520	328427	left	(800, 450)	testing
2	lj	f	19	2	diamond	red	same	(632, 450)	(800, 618)	hori	left	True	330066	330907	left	(800, 450)	testing
2	lj	f	19	2	circle	none	same	N_dis	(800, 618)	vert	up	True	332321	333259	up	(800, 450)	testing
2	lj	f	19	2	circle	none	same	N_dis	(800, 282)	hori	left	True	334669	335787	left	(800, 450)	testing
2	lj	f	19	2	diamond	green	same	(800, 618)	(632, 450)	hori	left	True	337354	338379	left	(800, 450)	testing
2	lj	f	19	2	circle	red	dif	(632, 450)	(968, 450)	vert	up	True	339878	340747	up	(800, 450)	testing
2	lj	f	19	2	circle	green	dif	(632, 450)	(800, 618)	vert	up	True	342389	343259	up	(800, 450)	testing
2	lj	f	19	2	circle	none	dif	N_dis	(968, 450)	vert	up	True	344731	345339	up	(800, 450)	testing
2	lj	f	19	2	diamond	red	dif	(800, 618)	(632, 450)	vert	up	True	346766	347707	up	(800, 450)	testing
2	lj	f	19	2	circle	none	same	N_dis	(800, 618)	vert	up	True	349265	350235	up	(800, 450)	testing
2	lj	f	19	2	circle	none	same	N_dis	(632, 450)	hori	left	True	351729	352843	left	(800, 450)	testing
2	lj	f	19	2	circle	green	dif	(632, 450)	(800, 618)	vert	up	True	354218	354939	up	(800, 450)	testing
2	lj	f	19	2	circle	red	same	(632, 450)	(968, 450)	vert	up	True	356472	357307	up	(800, 450)	testing
2	lj	f	19	2	diamond	green	same	(632, 450)	(800, 618)	hori	left	True	358778	359755	left	(800, 450)	testing
2	lj	f	19	2	circle	red	same	(968, 450)	(800, 618)	hori	left	True	361346	362459	left	(800, 450)	testing
2	lj	f	19	2	circle	none	dif	N_dis	(968, 450)	vert	up	True	363891	364555	up	(800, 450)	testing
2	lj	f	19	2	diamond	red	dif	(632, 450)	(800, 282)	hori	left	True	365926	367051	left	(800, 450)	testing
2	lj	f	19	2	circle	red	same	(968, 450)	(800, 282)	hori	left	True	368577	369595	left	(800, 450)	testing
2	lj	f	19	2	diamond	none	dif	N_dis	(800, 618)	hori	left	True	371062	371915	left	(800, 450)	testing
2	lj	f	19	2	circle	green	dif	(800, 618)	(968, 450)	vert	up	True	373277	374155	up	(800, 450)	testing
2	lj	f	19	2	circle	green	same	(800, 282)	(800, 618)	vert	up	True	375710	377067	up	(800, 450)	testing
2	lj	f	19	2	diamond	green	dif	(800, 618)	(968, 450)	vert	up	True	378563	379403	left	(800, 450)	testing
2	lj	f	19	2	diamond	red	same	(968, 450)	(800, 282)	vert	up	True	382327	383131	up	(800, 450)	testing
2	lj	f	19	2	diamond	green	dif	(968, 450)	(632, 450)	vert	up	True	384624	385835	up	(800, 450)	testing
2	lj	f	19	2	diamond	none	dif	N_dis	(968, 450)	vert	up	True	387199	387883	up	(800, 450)	testing
2	lj	f	19	2	diamond	red	dif	(632, 450)	(968, 450)	hori	left	True	389261	390107	left	(800, 450)	testing
2	lj	f	19	2	circle	red	same	(632, 450)	(800, 618)	hori	left	True	391538	392507	left	(800, 450)	testing
2	lj	f	19	2	diamond	none	same	N_dis	(968, 450)	vert	up	True	393921	394603	up	(800, 450)	testing
2	lj	f	19	2	diamond	none	dif	N_dis	(800, 618)	hori	left	True	396014	396843	left	(800, 450)	testing
2	lj	f	19	2	circle	red	same	(632, 450)	(968, 450)	vert	up	True	398300	399051	up	(800, 450)	testing
2	lj	f	19	2	diamond	green	same	(632, 450)	(800, 618)	vert	up	True	400559	401611	up	(800, 450)	testing
2	lj	f	19	2	diamond	green	same	(968, 450)	(800, 282)	vert	up	True	403061	404523	up	(800, 450)	testing
2	lj	f	19	2	diamond	none	same	N_dis	(968, 450)	hori	left	True	405974	406699	left	(800, 450)	testing
2	lj	f	19	2	circle	green	dif	(800, 618)	(968, 450)	vert	up	True	408251	410411	up	(800, 450)	testing
2	lj	f	19	2	circle	red	dif	(800, 618)	(800, 282)	hori	left	True	411923	412811	left	(800, 450)	testing
2	lj	f	19	2	circle	none	same	N_dis	(800, 618)	vert	up	True	414292	415179	up	(800, 450)	testing
2	lj	f	19	2	diamond	red	dif	(632, 450)	(968, 450)	vert	up	True	416565	417531	up	(800, 450)	testing
2	lj	f	19	2	circle	red	same	(968, 450)	(632, 450)	hori	left	True	418915	420603	left	(800, 450)	testing
2	lj	f	19	2	circle	green	dif	(632, 450)	(968, 450)	vert	up	True	421963	422779	up	(800, 450)	testing
2	lj	f	19	2	circle	red	same	(968, 450)	(800, 282)	hori	left	True	424399	425643	left	(800, 450)	testing
2	lj	f	19	2	diamond	red	dif	(800, 618)	(632, 450)	vert	up	True	427181	428091	up	(800, 450)	testing
2	lj	f	19	2	diamond	red	same	(800, 618)	(968, 450)	hori	left	True	429587	430523	left	(800, 450)	testing
2	lj	f	19	2	diamond	red	same	(800, 618)	(968, 450)	vert	up	True	432169	432891	left	(800, 450)	testing
2	lj	f	19	2	circle	red	same	(968, 450)	(800, 282)	hori	left	True	435805	437563	left	(800, 450)	testing
2	lj	f	19	2	circle	none	dif	N_dis	(968, 450)	vert	up	True	439144	439851	up	(800, 450)	testing
2	lj	f	19	2	diamond	green	same	(968, 450)	(632, 450)	hori	left	True	441417	443051	left	(800, 450)	testing
2	lj	f	19	2	circle	none	dif	N_dis	(800, 282)	hori	left	True	444524	445915	left	(800, 450)	testing
2	lj	f	19	2	diamond	none	dif	N_dis	(800, 282)	hori	left	True	447530	448923	left	(800, 450)	testing
2	lj	f	19	2	circle	red	same	(632, 450)	(968, 450)	vert	up	True	450303	451675	up	(800, 450)	testing
2	lj	f	19	2	diamond	red	same	(800, 618)	(800, 282)	hori	left	True	453316	454075	left	(800, 450)	testing
2	lj	f	19	2	circle	none	dif	N_dis	(800, 282)	hori	left	True	455518	456315	left	(800, 450)	testing
2	lj	f	19	2	circle	green	dif	(632, 450)	(800, 282)	vert	up	True	457961	458939	up	(800, 450)	testing
2	lj	f	19	2	circle	red	same	(800, 618)	(632, 450)	vert	up	True	460581	461595	up	(800, 450)	testing
2	lj	f	19	2	circle	red	same	(968, 450)	(800, 618)	vert	up	True	463110	464427	up	(800, 450)	testing
2	lj	f	19	2	diamond	red	dif	(968, 450)	(632, 450)	vert	up	True	465850	467323	up	(800, 450)	testing
2	lj	f	19	2	circle	red	same	(968, 450)	(632, 450)	vert	up	True	468762	469531	up	(800, 450)	testing
2	lj	f	19	2	circle	none	same	N_dis	(800, 618)	hori	left	True	470985	472363	left	(800, 450)	testing
2	lj	f	19	2	diamond	red	dif	(800, 618)	(968, 450)	vert	up	True	473937	475707	up	(800, 450)	testing
2	lj	f	19	2	circle	green	same	(632, 450)	(968, 450)	vert	up	True	477227	478315	up	(800, 450)	testing
2	lj	f	19	2	circle	none	same	N_dis	(800, 618)	hori	left	True	479674	480555	left	(800, 450)	testing
2	lj	f	19	2	circle	none	same	N_dis	(968, 450)	vert	up	True	482148	482859	up	(800, 450)	testing
2	lj	f	19	2	diamond	none	dif	N_dis	(968, 450)	hori	left	True	484486	485691	left	(800, 450)	testing
2	lj	f	19	2	diamond	none	same	N_dis	(800, 282)	vert	up	True	487245	488363	up	(800, 450)	testing
2	lj	f	19	2	diamond	none	dif	N_dis	(800, 282)	vert	up	True	489864	490571	up	(800, 450)	testing
2	lj	f	19	2	diamond	green	dif	(632, 450)	(968, 450)	hori	left	True	492019	492795	left	(800, 450)	testing
2	lj	f	19	2	diamond	red	dif	(800, 618)	(800, 282)	vert	up	True	494373	495067	up	(800, 450)	testing
2	lj	f	19	2	diamond	red	dif	(800, 282)	(968, 450)	hori	left	True	496630	498315	left	(800, 450)	testing
2	lj	f	19	2	diamond	red	same	(800, 618)	(968, 450)	hori	left	True	499682	500395	left	(800, 450)	testing
2	lj	f	19	2	diamond	red	same	(800, 618)	(800, 282)	hori	left	True	501998	502747	left	(800, 450)	testing
2	lj	f	19	2	diamond	red	same	(632, 450)	(800, 618)	vert	up	True	504336	505515	up	(800, 450)	testing
2	lj	f	19	2	diamond	green	dif	(632, 450)	(800, 618)	vert	up	True	506972	508155	up	(800, 450)	testing
2	lj	f	19	2	circle	none	dif	N_dis	(800, 282)	vert	up	True	509529	510411	up	(800, 450)	testing
2	lj	f	19	2	circle	red	same	(968, 450)	(632, 450)	vert	up	True	511917	512699	up	(800, 450)	testing
2	lj	f	19	2	circle	green	same	(800, 618)	(800, 282)	vert	up	True	514123	515099	up	(800, 450)	testing
2	lj	f	19	2	diamond	green	dif	(800, 618)	(632, 450)	hori	left	True	516553	517515	left	(800, 450)	testing
2	lj	f	19	2	diamond	red	same	(632, 450)	(800, 618)	hori	left	True	519104	520171	left	(800, 450)	testing
2	lj	f	19	2	diamond	none	same	N_dis	(632, 450)	vert	up	True	521583	522283	up	(800, 450)	testing
2	lj	f	19	2	circle	green	same	(968, 450)	(632, 450)	hori	left	True	523854	525611	left	(800, 450)	testing
2	lj	f	19	2	diamond	red	dif	(632, 450)	(968, 450)	hori	left	True	527204	527963	left	(800, 450)	testing
2	lj	f	19	2	circle	green	dif	(632, 450)	(800, 282)	vert	up	True	529477	530363	up	(800, 450)	testing
2	lj	f	19	2	diamond	green	dif	(968, 450)	(800, 282)	vert	up	True	531991	533243	up	(800, 450)	testing
2	lj	f	19	2	diamond	red	dif	(800, 618)	(968, 450)	vert	up	True	534759	535851	up	(800, 450)	testing
2	lj	f	19	2	diamond	none	dif	N_dis	(632, 450)	vert	up	True	537369	538107	up	(800, 450)	testing
2	lj	f	19	2	circle	green	dif	(632, 450)	(800, 282)	hori	left	True	539659	541579	left	(800, 450)	testing
2	lj	f	19	2	circle	red	same	(800, 618)	(632, 450)	hori	left	True	543055	543979	left	(800, 450)	testing
2	lj	f	19	2	diamond	green	dif	(968, 450)	(800, 618)	hori	left	True	545441	546651	left	(800, 450)	testing
2	lj	f	19	2	circle	red	dif	(968, 450)	(632, 450)	vert	up	True	548188	549627	up	(800, 450)	testing
2	lj	f	19	2	circle	none	same	N_dis	(800, 618)	hori	left	True	551192	552171	left	(800, 450)	testing
2	lj	f	19	2	diamond	red	same	(968, 450)	(632, 450)	vert	up	True	553795	555563	up	(800, 450)	testing
2	lj	f	19	2	circle	none	dif	N_dis	(800, 282)	vert	up	True	557039	558651	up	(800, 450)	testing
2	lj	f	19	2	diamond	green	dif	(800, 618)	(968, 450)	vert	up	True	560028	561099	up	(800, 450)	testing
2	lj	f	19	2	circle	green	same	(800, 618)	(968, 450)	hori	left	True	562592	563291	left	(800, 450)	testing
2	lj	f	19	2	diamond	green	dif	(800, 618)	(968, 450)	vert	up	True	564683	565771	up	(800, 450)	testing
2	lj	f	19	2	circle	none	same	N_dis	(800, 282)	vert	up	True	567251	568155	up	(800, 450)	testing
2	lj	f	19	2	circle	none	same	N_dis	(968, 450)	hori	left	True	569666	570507	left	(800, 450)	testing
2	lj	f	19	2	circle	green	same	(800, 618)	(632, 450)	vert	up	True	572001	572939	up	(800, 450)	testing
2	lj	f	19	2	diamond	green	same	(800, 618)	(800, 282)	vert	up	True	574492	575259	up	(800, 450)	testing
2	lj	f	19	2	diamond	none	same	N_dis	(632, 450)	hori	left	True	576785	577611	left	(800, 450)	testing
2	lj	f	19	2	circle	none	dif	N_dis	(968, 450)	vert	up	True	579116	579755	up	(800, 450)	testing
2	lj	f	19	2	circle	green	dif	(632, 450)	(968, 450)	hori	left	True	581126	582091	left	(800, 450)	testing
2	lj	f	19	2	diamond	green	same	(800, 618)	(632, 450)	hori	left	True	583461	585243	left	(800, 450)	testing
2	lj	f	19	2	circle	green	dif	(632, 450)	(800, 618)	vert	up	True	586791	587611	up	(800, 450)	testing
2	lj	f	19	2	diamond	green	dif	(800, 618)	(800, 282)	hori	left	True	589226	590571	left	(800, 450)	testing
2	lj	f	19	2	circle	red	same	(800, 282)	(632, 450)	hori	left	True	591984	593003	left	(800, 450)	testing
2	lj	f	19	2	circle	red	dif	(800, 618)	(800, 282)	hori	left	True	594397	595115	left	(800, 450)	testing
2	lj	f	19	2	circle	green	same	(632, 450)	(800, 282)	hori	left	True	596614	597451	left	(800, 450)	testing
2	lj	f	19	2	diamond	red	same	(968, 450)	(800, 282)	vert	up	True	599070	599915	up	(800, 450)	testing
2	lj	f	19	2	circle	none	dif	N_dis	(800, 282)	hori	left	True	601377	602923	left	(800, 450)	testing
2	lj	f	19	2	diamond	none	same	N_dis	(800, 282)	vert	up	True	604391	605547	up	(800, 450)	testing
2	lj	f	19	2	diamond	none	same	N_dis	(968, 450)	hori	left	True	606947	607899	left	(800, 450)	testing
2	lj	f	19	2	circle	green	same	(632, 450)	(968, 450)	hori	left	True	609275	610219	left	(800, 450)	testing
2	lj	f	19	2	diamond	green	same	(968, 450)	(800, 618)	hori	left	True	611737	612987	left	(800, 450)	testing
2	lj	f	19	2	diamond	red	same	(968, 450)	(632, 450)	vert	up	True	614438	615691	up	(800, 450)	testing
2	lj	f	19	2	circle	red	dif	(968, 450)	(800, 618)	hori	left	True	617155	618555	left	(800, 450)	testing
2	lj	f	19	2	circle	red	same	(968, 450)	(800, 618)	hori	left	True	619917	620571	left	(800, 450)	testing
2	lj	f	19	2	circle	red	same	(800, 618)	(632, 450)	hori	left	True	622010	622859	left	(800, 450)	testing
2	lj	f	19	2	diamond	none	dif	N_dis	(632, 450)	hori	left	True	624327	625611	left	(800, 450)	testing
2	lj	f	19	2	circle	red	dif	(968, 450)	(800, 282)	hori	left	True	627184	628331	left	(800, 450)	testing
2	lj	f	19	2	circle	none	same	N_dis	(800, 618)	vert	up	True	629758	630731	up	(800, 450)	testing
2	lj	f	19	2	circle	green	dif	(632, 450)	(800, 282)	hori	left	True	632093	633307	left	(800, 450)	testing
2	lj	f	19	2	circle	none	dif	N_dis	(800, 618)	hori	left	True	634872	635547	left	(800, 450)	testing
2	lj	f	19	2	circle	none	dif	N_dis	(800, 282)	hori	left	True	637046	637883	left	(800, 450)	testing
2	lj	f	19	2	diamond	none	same	N_dis	(968, 450)	hori	left	True	639354	640491	left	(800, 450)	testing
2	lj	f	19	2	diamond	green	same	(800, 618)	(632, 450)	vert	up	True	642027	643067	up	(800, 450)	testing
2	lj	f	19	2	circle	green	dif	(632, 450)	(800, 282)	vert	up	True	644435	645371	up	(800, 450)	testing
2	lj	f	19	2	circle	none	same	N_dis	(632, 450)	vert	up	True	646747	647563	up	(800, 450)	testing
2	lj	f	19	2	circle	red	dif	(968, 450)	(800, 282)	hori	left	True	649024	650955	left	(800, 450)	testing
2	lj	f	19	2	diamond	none	same	N_dis	(632, 450)	vert	up	True	652517	653659	up	(800, 450)	testing
2	lj	f	19	2	circle	none	dif	N_dis	(968, 450)	hori	left	True	655068	655755	left	(800, 450)	testing
2	lj	f	19	2	diamond	red	dif	(800, 618)	(800, 282)	hori	left	True	657197	658971	left	(800, 450)	testing
2	lj	f	19	2	diamond	green	same	(800, 618)	(632, 450)	vert	up	True	660599	661355	up	(800, 450)	testing
2	lj	f	19	2	diamond	green	dif	(800, 618)	(800, 282)	vert	up	True	663000	663787	up	(800, 450)	testing
2	lj	f	19	2	diamond	red	dif	(968, 450)	(800, 282)	hori	left	True	665305	666411	left	(800, 450)	testing
2	lj	f	19	2	diamond	red	dif	(632, 450)	(800, 282)	vert	up	True	667875	668939	up	(800, 450)	testing
2	lj	f	19	2	circle	none	dif	N_dis	(632, 450)	hori	left	True	670382	671067	left	(800, 450)	testing
2	lj	f	19	2	diamond	red	dif	(800, 618)	(800, 282)	hori	left	True	672501	673179	left	(800, 450)	testing
2	lj	f	19	2	circle	red	same	(632, 450)	(800, 618)	hori	left	True	674750	676315	left	(800, 450)	testing
2	lj	f	19	2	circle	green	same	(632, 450)	(800, 282)	vert	up	True	677802	678907	up	(800, 450)	testing
2	lj	f	19	2	diamond	red	dif	(632, 450)	(968, 450)	hori	left	True	680441	681467	left	(800, 450)	testing
2	lj	f	19	2	diamond	none	dif	N_dis	(800, 282)	hori	left	True	682985	683675	left	(800, 450)	testing
2	lj	f	19	2	circle	green	same	(968, 450)	(800, 618)	hori	left	True	685194	686395	left	(800, 450)	testing
2	lj	f	19	2	diamond	green	same	(632, 450)	(968, 450)	hori	left	True	688032	688939	left	(800, 450)	testing
2	lj	f	19	2	diamond	none	dif	N_dis	(968, 450)	hori	left	True	690339	691115	left	(800, 450)	testing
2	lj	f	19	2	circle	red	dif	(968, 450)	(800, 282)	hori	left	True	692746	693675	up	(800, 450)	testing
2	lj	f	19	2	diamond	green	dif	(968, 450)	(800, 282)	vert	up	True	696706	697723	up	(800, 450)	testing
2	lj	f	19	2	circle	red	dif	(968, 450)	(800, 618)	hori	left	True	699307	700459	left	(800, 450)	testing
2	lj	f	19	2	circle	red	dif	(800, 618)	(800, 282)	vert	up	True	701995	703339	up	(800, 450)	testing
2	lj	f	19	2	circle	none	same	N_dis	(800, 618)	hori	left	True	704794	705883	left	(800, 450)	testing
2	lj	f	19	2	circle	red	same	(800, 618)	(632, 450)	vert	up	True	707468	709979	up	(800, 450)	testing
2	lj	f	19	2	circle	green	same	(800, 618)	(800, 282)	hori	left	True	711357	712459	left	(800, 450)	testing
2	lj	f	19	2	circle	red	dif	(968, 450)	(800, 282)	hori	left	True	713837	714731	left	(800, 450)	testing
2	lj	f	19	2	diamond	none	same	N_dis	(632, 450)	vert	up	True	716202	717323	up	(800, 450)	testing
2	lj	f	19	2	diamond	none	dif	N_dis	(968, 450)	vert	up	True	718928	719851	up	(800, 450)	testing
2	lj	f	19	2	circle	red	dif	(968, 450)	(800, 282)	hori	left	True	721467	722411	left	(800, 450)	testing
2	lj	f	19	2	circle	green	dif	(968, 450)	(632, 450)	vert	up	True	724061	725051	up	(800, 450)	testing
2	lj	f	19	2	circle	none	dif	N_dis	(800, 618)	vert	up	True	726539	727643	up	(800, 450)	testing
2	lj	f	19	2	circle	none	dif	N_dis	(632, 450)	hori	left	True	729162	729867	left	(800, 450)	testing
2	lj	f	19	2	circle	none	dif	N_dis	(968, 450)	hori	left	True	731316	731899	left	(800, 450)	testing
2	lj	f	19	2	circle	none	same	N_dis	(800, 618)	vert	up	True	733417	734235	up	(800, 450)	testing
2	lj	f	19	2	circle	red	same	(968, 450)	(800, 618)	vert	up	True	735630	736331	up	(800, 450)	testing
2	lj	f	19	2	diamond	green	dif	(632, 450)	(968, 450)	hori	left	True	737700	738411	left	(800, 450)	testing
2	lj	f	19	2	diamond	green	dif	(968, 450)	(632, 450)	vert	up	True	739826	740635	up	(800, 450)	testing
2	lj	f	19	2	circle	green	dif	(800, 618)	(632, 450)	vert	up	True	742035	742827	up	(800, 450)	testing
2	lj	f	19	2	circle	green	same	(968, 450)	(632, 450)	vert	up	True	744391	746555	up	(800, 450)	testing
2	lj	f	19	2	circle	red	same	(968, 450)	(800, 618)	vert	up	True	748029	748859	up	(800, 450)	testing
2	lj	f	19	2	diamond	green	same	(968, 450)	(800, 282)	vert	up	True	750509	752539	up	(800, 450)	testing
2	lj	f	19	2	diamond	none	same	N_dis	(800, 618)	vert	up	True	754078	754923	up	(800, 450)	testing
2	lj	f	19	2	circle	none	same	N_dis	(632, 450)	vert	up	True	756375	757195	up	(800, 450)	testing
2	lj	f	19	2	diamond	green	same	(632, 450)	(800, 618)	vert	up	True	758733	760011	up	(800, 450)	testing
2	lj	f	19	2	circle	none	dif	N_dis	(968, 450)	hori	left	True	761513	762795	left	(800, 450)	testing
2	lj	f	19	2	diamond	none	same	N_dis	(800, 282)	hori	left	True	764324	765227	left	(800, 450)	testing
2	lj	f	19	2	diamond	red	same	(968, 450)	(632, 450)	vert	up	True	766689	767435	up	(800, 450)	testing
2	lj	f	19	2	circle	red	dif	(800, 282)	(800, 618)	hori	left	True	768818	770811	left	(800, 450)	testing
2	lj	f	19	2	diamond	red	same	(968, 450)	(632, 450)	vert	up	True	772396	773163	up	(800, 450)	testing
2	lj	f	19	2	diamond	green	same	(800, 618)	(968, 450)	vert	up	True	774579	777147	up	(800, 450)	testing
2	lj	f	19	2	circle	green	same	(968, 450)	(800, 618)	hori	left	True	778781	779947	left	(800, 450)	testing
2	lj	f	19	2	diamond	green	dif	(800, 618)	(968, 450)	hori	left	True	781518	782603	left	(800, 450)	testing
2	lj	f	19	2	circle	none	dif	N_dis	(632, 450)	hori	left	True	784152	785035	left	(800, 450)	testing
2	lj	f	19	2	circle	green	dif	(800, 282)	(968, 450)	vert	up	True	786633	788139	up	(800, 450)	testing
2	lj	f	19	2	diamond	red	same	(968, 450)	(632, 450)	vert	up	True	789737	790539	up	(800, 450)	testing
2	lj	f	19	2	circle	none	dif	N_dis	(632, 450)	hori	left	True	792048	792859	left	(800, 450)	testing
2	lj	f	19	2	circle	green	dif	(800, 618)	(800, 282)	vert	up	True	794259	795131	up	(800, 450)	testing
2	lj	f	19	2	diamond	none	same	N_dis	(800, 282)	hori	left	True	796709	797611	left	(800, 450)	testing
2	lj	f	19	2	diamond	green	dif	(800, 618)	(968, 450)	vert	up	True	799063	800091	up	(800, 450)	testing
2	lj	f	19	2	diamond	none	same	N_dis	(800, 618)	hori	left	True	801717	802539	left	(800, 450)	testing
2	lj	f	19	2	circle	none	same	N_dis	(632, 450)	vert	up	True	804029	804795	up	(800, 450)	testing
2	lj	f	19	2	circle	green	same	(968, 450)	(800, 282)	vert	up	True	806167	807483	up	(800, 450)	testing
2	lj	f	19	2	diamond	red	dif	(968, 450)	(800, 618)	hori	left	True	808875	810571	left	(800, 450)	testing
2	lj	f	19	2	diamond	none	dif	N_dis	(632, 450)	vert	up	True	811980	812811	up	(800, 450)	testing
2	lj	f	19	2	diamond	none	same	N_dis	(800, 618)	vert	up	True	814190	815163	up	(800, 450)	testing
2	lj	f	19	2	circle	none	same	N_dis	(632, 450)	vert	up	True	816640	817531	up	(800, 450)	testing
2	lj	f	19	2	diamond	green	same	(800, 618)	(968, 450)	hori	left	True	818931	820203	left	(800, 450)	testing
2	lj	f	19	2	diamond	none	dif	N_dis	(632, 450)	vert	up	True	821757	822491	up	(800, 450)	testing
