subj	name	gender	age	runNum	shape	dist	td_dif	d_loc	t_loc	resp	resp_key	gotKey	startTime	respTime	resp	fix_loc	prac
3	rq	f	19	1	diamond	red	dif	(632, 450)	(968, 450)	vert	up	True	114529	115612	left	(800, 450)	practice
3	rq	f	19	1	circle	green	dif	(632, 450)	(800, 282)	vert	up	True	118772	120428	up	(800, 450)	practice
3	rq	f	19	1	circle	red	dif	(632, 450)	(800, 618)	vert	up	True	121856	123740	up	(800, 450)	practice
3	rq	f	19	1	circle	red	dif	(632, 450)	(968, 450)	vert	up	True	125202	126268	up	(800, 450)	practice
3	rq	f	19	1	diamond	red	dif	(632, 450)	(800, 282)	vert	up	True	127745	128748	left	(800, 450)	practice
3	rq	f	19	1	circle	red	dif	(632, 450)	(800, 618)	hori	left	True	131932	133692	left	(800, 450)	practice
3	rq	f	19	1	diamond	green	dif	(632, 450)	(968, 450)	hori	left	True	135362	137548	left	(800, 450)	practice
3	rq	f	19	1	diamond	none	same	N_dis	(800, 618)	vert	up	True	139084	140268	up	(800, 450)	practice
3	rq	f	19	1	diamond	red	dif	(632, 450)	(800, 282)	hori	left	True	141851	142876	left	(800, 450)	practice
3	rq	f	19	1	diamond	red	same	(632, 450)	(800, 618)	vert	up	True	144439	145356	up	(800, 450)	practice
3	rq	f	19	1	diamond	none	dif	N_dis	(800, 282)	vert	up	True	146978	147900	up	(800, 450)	practice
3	rq	f	19	1	circle	none	dif	N_dis	(968, 450)	hori	left	True	149423	150796	left	(800, 450)	practice
3	rq	f	19	1	circle	red	dif	(632, 450)	(968, 450)	hori	left	True	152396	153965	left	(800, 450)	practice
3	rq	f	19	1	circle	green	dif	(632, 450)	(800, 282)	hori	left	True	155362	156524	left	(800, 450)	practice
3	rq	f	19	1	diamond	red	dif	(632, 450)	(800, 618)	hori	left	True	158106	159484	left	(800, 450)	practice
3	rq	f	19	1	circle	none	dif	N_dis	(800, 618)	vert	up	True	161047	163036	up	(800, 450)	practice
3	rq	f	19	1	diamond	green	dif	(632, 450)	(968, 450)	vert	up	True	164476	165981	up	(800, 450)	practice
3	rq	f	19	1	circle	none	dif	N_dis	(632, 450)	hori	left	True	167646	169196	left	(800, 450)	practice
3	rq	f	19	1	circle	green	same	(632, 450)	(800, 282)	vert	up	True	170824	172140	up	(800, 450)	practice
3	rq	f	19	1	diamond	none	dif	N_dis	(968, 450)	hori	left	True	173764	174844	left	(800, 450)	practice
3	rq	f	19	1	diamond	green	same	(632, 450)	(800, 618)	hori	left	True	176391	177644	left	(800, 450)	practice
3	rq	f	19	1	diamond	none	dif	N_dis	(632, 450)	vert	up	True	179260	180604	up	(800, 450)	practice
3	rq	f	19	1	diamond	red	same	(632, 450)	(968, 450)	vert	up	True	182056	183036	up	(800, 450)	practice
3	rq	f	19	1	diamond	green	dif	(632, 450)	(800, 282)	hori	left	True	184663	186668	left	(800, 450)	practice
3	rq	f	19	1	diamond	green	same	(632, 450)	(800, 618)	hori	left	True	188272	189212	left	(800, 450)	practice
3	rq	f	19	1	circle	none	dif	N_dis	(800, 282)	vert	up	True	190654	191676	up	(800, 450)	practice
3	rq	f	19	1	circle	red	dif	(632, 450)	(968, 450)	hori	left	True	193275	194396	left	(800, 450)	practice
3	rq	f	19	1	circle	red	same	(632, 450)	(800, 282)	vert	up	True	196006	197068	up	(800, 450)	practice
3	rq	f	19	1	circle	green	same	(632, 450)	(800, 618)	hori	left	True	198508	200860	left	(800, 450)	practice
3	rq	f	19	1	diamond	green	same	(632, 450)	(968, 450)	vert	up	True	202476	203660	up	(800, 450)	practice
3	rq	f	19	1	diamond	red	dif	(632, 450)	(800, 282)	vert	up	True	205061	205788	up	(800, 450)	practice
3	rq	f	19	1	diamond	none	same	N_dis	(968, 450)	hori	left	True	207168	207948	left	(800, 450)	practice
3	rq	f	19	1	circle	red	same	(632, 450)	(800, 618)	vert	up	True	209395	210588	up	(800, 450)	practice
3	rq	f	19	1	circle	red	same	(632, 450)	(968, 450)	hori	left	True	212245	213356	left	(800, 450)	practice
3	rq	f	19	1	circle	green	dif	(632, 450)	(800, 282)	vert	up	True	214837	215404	up	(800, 450)	practice
3	rq	f	19	1	circle	red	same	(632, 450)	(800, 618)	vert	up	True	216923	217932	up	(800, 450)	practice
3	rq	f	19	1	circle	green	same	(632, 450)	(968, 450)	hori	left	True	219502	220460	left	(800, 450)	practice
3	rq	f	19	1	diamond	green	same	(632, 450)	(800, 282)	vert	up	True	221903	222700	up	(800, 450)	practice
3	rq	f	19	1	diamond	green	dif	(632, 450)	(800, 618)	hori	left	True	224338	225228	left	(800, 450)	practice
3	rq	f	19	1	circle	green	same	(632, 450)	(968, 450)	vert	up	True	226880	227900	up	(800, 450)	practice
3	rq	f	19	1	circle	green	dif	(632, 450)	(968, 450)	vert	up	True	232604	234076	up	(800, 450)	testing
3	rq	f	19	1	circle	green	dif	(632, 450)	(800, 618)	hori	left	True	235512	236332	left	(800, 450)	testing
3	rq	f	19	1	diamond	red	same	(800, 618)	(632, 450)	hori	left	True	237953	238716	left	(800, 450)	testing
3	rq	f	19	1	circle	green	same	(632, 450)	(968, 450)	hori	left	True	240166	241548	left	(800, 450)	testing
3	rq	f	19	1	diamond	red	dif	(632, 450)	(800, 618)	hori	left	True	243023	244684	left	(800, 450)	testing
3	rq	f	19	1	diamond	none	same	N_dis	(800, 282)	hori	left	True	246110	247020	left	(800, 450)	testing
3	rq	f	19	1	circle	red	same	(632, 450)	(800, 618)	hori	left	True	248590	249548	up	(800, 450)	testing
3	rq	f	19	1	diamond	none	dif	N_dis	(968, 450)	vert	up	True	252486	253981	up	(800, 450)	testing
3	rq	f	19	1	circle	red	same	(968, 450)	(800, 618)	hori	left	True	255356	256780	left	(800, 450)	testing
3	rq	f	19	1	diamond	green	dif	(632, 450)	(968, 450)	hori	left	True	258255	259484	left	(800, 450)	testing
3	rq	f	19	1	circle	none	dif	N_dis	(968, 450)	vert	up	True	260909	261772	up	(800, 450)	testing
3	rq	f	19	1	diamond	red	dif	(632, 450)	(800, 282)	hori	left	True	263255	264492	left	(800, 450)	testing
3	rq	f	19	1	diamond	none	dif	N_dis	(632, 450)	hori	left	True	265998	268156	left	(800, 450)	testing
3	rq	f	19	1	diamond	green	same	(968, 450)	(800, 618)	hori	left	True	269671	271292	left	(800, 450)	testing
3	rq	f	19	1	circle	red	same	(968, 450)	(632, 450)	vert	up	True	272820	274652	up	(800, 450)	testing
3	rq	f	19	1	circle	green	same	(632, 450)	(800, 282)	hori	left	True	276257	277100	left	(800, 450)	testing
3	rq	f	19	1	diamond	red	dif	(632, 450)	(968, 450)	vert	up	True	278742	279948	up	(800, 450)	testing
3	rq	f	19	1	diamond	green	dif	(800, 618)	(968, 450)	vert	up	True	281510	282300	left	(800, 450)	testing
3	rq	f	19	1	circle	red	same	(800, 282)	(968, 450)	hori	left	True	285431	286732	left	(800, 450)	testing
3	rq	f	19	1	diamond	red	same	(632, 450)	(800, 282)	hori	left	True	288166	290044	left	(800, 450)	testing
3	rq	f	19	1	diamond	red	same	(800, 282)	(632, 450)	vert	up	False	291482	None	None	(800, 450)	testing
3	rq	f	19	1	diamond	none	same	N_dis	(968, 450)	vert	up	True	297609	298572	up	(800, 450)	testing
3	rq	f	19	1	circle	none	dif	N_dis	(800, 618)	vert	up	True	300206	301628	up	(800, 450)	testing
3	rq	f	19	1	diamond	none	same	N_dis	(968, 450)	hori	left	True	303026	304268	left	(800, 450)	testing
3	rq	f	19	1	diamond	green	same	(632, 450)	(968, 450)	hori	left	True	305702	306476	left	(800, 450)	testing
3	rq	f	19	1	circle	red	same	(632, 450)	(968, 450)	vert	up	True	308140	309644	up	(800, 450)	testing
3	rq	f	19	1	diamond	none	dif	N_dis	(800, 282)	hori	left	True	311229	312156	left	(800, 450)	testing
3	rq	f	19	1	circle	none	dif	N_dis	(968, 450)	hori	left	True	313551	314476	left	(800, 450)	testing
3	rq	f	19	1	circle	green	dif	(632, 450)	(800, 618)	hori	left	True	316020	316908	left	(800, 450)	testing
3	rq	f	19	1	circle	green	dif	(632, 450)	(800, 282)	vert	up	True	318523	319372	up	(800, 450)	testing
3	rq	f	19	1	diamond	green	same	(968, 450)	(632, 450)	hori	left	True	320930	322572	left	(800, 450)	testing
3	rq	f	19	1	circle	red	same	(632, 450)	(800, 618)	hori	left	True	323956	325420	left	(800, 450)	testing
3	rq	f	19	1	diamond	none	dif	N_dis	(800, 282)	vert	up	True	327013	327900	up	(800, 450)	testing
3	rq	f	19	1	circle	red	same	(968, 450)	(632, 450)	hori	left	True	329528	331756	left	(800, 450)	testing
3	rq	f	19	1	diamond	green	dif	(800, 618)	(800, 282)	vert	up	True	333410	334652	up	(800, 450)	testing
3	rq	f	19	1	diamond	none	same	N_dis	(800, 618)	vert	up	True	336291	338332	up	(800, 450)	testing
3	rq	f	19	1	diamond	red	dif	(632, 450)	(800, 282)	vert	up	True	339969	340796	up	(800, 450)	testing
3	rq	f	19	1	diamond	green	same	(632, 450)	(800, 618)	vert	up	True	342313	343308	up	(800, 450)	testing
3	rq	f	19	1	diamond	none	dif	N_dis	(968, 450)	vert	up	True	344885	345900	up	(800, 450)	testing
3	rq	f	19	1	circle	green	same	(968, 450)	(800, 282)	hori	left	True	347519	349308	left	(800, 450)	testing
3	rq	f	19	1	circle	red	dif	(800, 618)	(632, 450)	vert	up	True	350884	352172	up	(800, 450)	testing
3	rq	f	19	1	diamond	none	same	N_dis	(800, 618)	vert	up	True	353660	354476	up	(800, 450)	testing
3	rq	f	19	1	circle	red	dif	(632, 450)	(968, 450)	hori	left	True	355849	357020	left	(800, 450)	testing
3	rq	f	19	1	circle	green	same	(800, 282)	(800, 618)	hori	left	True	358638	359500	left	(800, 450)	testing
3	rq	f	19	1	diamond	green	dif	(632, 450)	(800, 618)	hori	left	True	361031	361884	left	(800, 450)	testing
3	rq	f	19	1	diamond	none	dif	N_dis	(632, 450)	hori	left	True	363496	364540	left	(800, 450)	testing
3	rq	f	19	1	diamond	red	dif	(632, 450)	(800, 282)	hori	left	True	366129	366940	left	(800, 450)	testing
3	rq	f	19	1	circle	none	dif	N_dis	(632, 450)	vert	up	True	368425	369677	up	(800, 450)	testing
3	rq	f	19	1	circle	none	dif	N_dis	(800, 618)	hori	left	True	371191	372060	left	(800, 450)	testing
3	rq	f	19	1	circle	green	dif	(800, 618)	(968, 450)	vert	up	True	373525	374620	up	(800, 450)	testing
3	rq	f	19	1	circle	green	dif	(632, 450)	(800, 282)	vert	up	True	376129	376828	up	(800, 450)	testing
3	rq	f	19	1	diamond	none	dif	N_dis	(968, 450)	hori	left	True	378434	379244	left	(800, 450)	testing
3	rq	f	19	1	circle	green	dif	(632, 450)	(800, 282)	hori	left	True	380694	381484	left	(800, 450)	testing
3	rq	f	19	1	diamond	green	dif	(632, 450)	(800, 618)	vert	up	True	383149	384252	up	(800, 450)	testing
3	rq	f	19	1	circle	none	dif	N_dis	(800, 282)	vert	up	True	385786	386556	up	(800, 450)	testing
3	rq	f	19	1	circle	none	dif	N_dis	(800, 618)	hori	left	True	388116	388924	left	(800, 450)	testing
3	rq	f	19	1	diamond	none	dif	N_dis	(632, 450)	hori	left	True	390313	391724	left	(800, 450)	testing
3	rq	f	19	1	diamond	green	dif	(632, 450)	(800, 282)	hori	left	True	393160	394156	left	(800, 450)	testing
3	rq	f	19	1	circle	red	dif	(800, 282)	(632, 450)	vert	up	True	395744	396940	up	(800, 450)	testing
3	rq	f	19	1	diamond	none	dif	N_dis	(968, 450)	vert	up	True	398324	399644	up	(800, 450)	testing
3	rq	f	19	1	diamond	green	same	(632, 450)	(800, 282)	hori	left	True	401069	401916	left	(800, 450)	testing
3	rq	f	19	1	diamond	none	dif	N_dis	(800, 282)	hori	left	True	403457	404492	left	(800, 450)	testing
3	rq	f	19	1	diamond	green	dif	(800, 282)	(968, 450)	hori	left	True	406061	407052	left	(800, 450)	testing
3	rq	f	19	1	diamond	none	dif	N_dis	(968, 450)	hori	left	True	408522	409276	left	(800, 450)	testing
3	rq	f	19	1	circle	none	dif	N_dis	(800, 618)	hori	left	True	410762	412076	left	(800, 450)	testing
3	rq	f	19	1	circle	red	same	(800, 282)	(800, 618)	hori	left	True	413635	414604	left	(800, 450)	testing
3	rq	f	19	1	diamond	none	same	N_dis	(800, 282)	hori	left	True	416161	417068	left	(800, 450)	testing
3	rq	f	19	1	diamond	red	same	(968, 450)	(800, 618)	vert	up	True	418473	419452	up	(800, 450)	testing
3	rq	f	19	1	circle	none	same	N_dis	(800, 282)	hori	left	True	420943	421884	left	(800, 450)	testing
3	rq	f	19	1	circle	red	same	(968, 450)	(632, 450)	vert	up	True	423520	424460	left	(800, 450)	testing
3	rq	f	19	1	circle	green	same	(632, 450)	(968, 450)	hori	left	True	427389	429228	left	(800, 450)	testing
3	rq	f	19	1	circle	green	same	(800, 282)	(800, 618)	vert	up	True	430681	431692	up	(800, 450)	testing
3	rq	f	19	1	diamond	none	same	N_dis	(632, 450)	vert	up	True	433308	434508	up	(800, 450)	testing
3	rq	f	19	1	diamond	green	same	(800, 282)	(968, 450)	hori	left	True	435941	436940	left	(800, 450)	testing
3	rq	f	19	1	circle	none	same	N_dis	(632, 450)	vert	up	True	438570	439644	up	(800, 450)	testing
3	rq	f	19	1	diamond	red	dif	(632, 450)	(800, 282)	hori	left	True	441099	442092	up	(800, 450)	testing
3	rq	f	19	1	circle	red	dif	(632, 450)	(800, 618)	vert	up	True	445249	446572	up	(800, 450)	testing
3	rq	f	19	1	circle	none	dif	N_dis	(632, 450)	vert	up	True	447967	448796	up	(800, 450)	testing
3	rq	f	19	1	diamond	red	same	(632, 450)	(800, 618)	hori	left	True	450432	451772	left	(800, 450)	testing
3	rq	f	19	1	diamond	red	dif	(968, 450)	(800, 282)	vert	up	True	453394	454140	up	(800, 450)	testing
3	rq	f	19	1	diamond	green	same	(800, 618)	(632, 450)	hori	left	True	455768	457052	left	(800, 450)	testing
3	rq	f	19	1	diamond	none	dif	N_dis	(632, 450)	vert	up	True	458672	459676	up	(800, 450)	testing
3	rq	f	19	1	diamond	none	dif	N_dis	(800, 282)	hori	left	True	461238	461868	left	(800, 450)	testing
3	rq	f	19	1	diamond	red	dif	(968, 450)	(800, 282)	hori	left	True	463484	465884	up	(800, 450)	testing
3	rq	f	19	1	diamond	red	same	(800, 618)	(632, 450)	hori	left	True	468902	470572	left	(800, 450)	testing
3	rq	f	19	1	circle	green	dif	(800, 282)	(968, 450)	vert	up	True	472029	472844	left	(800, 450)	testing
3	rq	f	19	1	diamond	green	same	(800, 282)	(968, 450)	vert	up	True	475793	476668	up	(800, 450)	testing
3	rq	f	19	1	diamond	red	dif	(968, 450)	(800, 282)	hori	left	True	478133	479500	up	(800, 450)	testing
3	rq	f	19	1	circle	green	same	(968, 450)	(632, 450)	hori	left	True	482629	484828	left	(800, 450)	testing
3	rq	f	19	1	circle	red	same	(800, 282)	(800, 618)	hori	left	True	486430	487772	left	(800, 450)	testing
3	rq	f	19	1	diamond	green	dif	(968, 450)	(800, 282)	vert	up	True	489155	490460	up	(800, 450)	testing
3	rq	f	19	1	circle	red	dif	(632, 450)	(800, 282)	hori	left	True	491992	493308	left	(800, 450)	testing
3	rq	f	19	1	circle	none	dif	N_dis	(800, 618)	vert	up	True	494694	495852	up	(800, 450)	testing
3	rq	f	19	1	diamond	green	dif	(632, 450)	(800, 282)	hori	left	True	497323	498428	left	(800, 450)	testing
3	rq	f	19	1	diamond	none	same	N_dis	(800, 618)	vert	up	True	500000	500924	up	(800, 450)	testing
3	rq	f	19	1	circle	green	same	(632, 450)	(800, 282)	vert	up	True	502575	504060	up	(800, 450)	testing
3	rq	f	19	1	diamond	none	same	N_dis	(800, 618)	vert	up	True	505720	506844	up	(800, 450)	testing
3	rq	f	19	1	circle	green	dif	(632, 450)	(968, 450)	hori	left	True	508358	509308	left	(800, 450)	testing
3	rq	f	19	1	circle	none	same	N_dis	(632, 450)	vert	up	True	510847	511948	up	(800, 450)	testing
3	rq	f	19	1	diamond	red	same	(800, 618)	(632, 450)	vert	up	True	513437	514604	up	(800, 450)	testing
3	rq	f	19	1	diamond	red	same	(632, 450)	(800, 282)	hori	left	True	516073	517196	left	(800, 450)	testing
3	rq	f	19	1	circle	green	dif	(800, 618)	(632, 450)	hori	left	True	518657	519756	left	(800, 450)	testing
3	rq	f	19	1	circle	none	dif	N_dis	(800, 282)	vert	up	True	521329	522380	up	(800, 450)	testing
3	rq	f	19	1	circle	green	same	(632, 450)	(968, 450)	hori	left	True	523957	524908	left	(800, 450)	testing
3	rq	f	19	1	circle	red	same	(632, 450)	(800, 282)	vert	up	True	526478	527452	up	(800, 450)	testing
3	rq	f	19	1	circle	green	same	(632, 450)	(800, 618)	hori	left	True	528843	529692	left	(800, 450)	testing
3	rq	f	19	1	diamond	none	same	N_dis	(800, 618)	vert	up	True	531100	532012	up	(800, 450)	testing
3	rq	f	19	1	diamond	red	same	(800, 618)	(800, 282)	hori	left	True	533525	534364	left	(800, 450)	testing
3	rq	f	19	1	diamond	none	dif	N_dis	(800, 282)	vert	up	True	535806	536732	up	(800, 450)	testing
3	rq	f	19	1	circle	red	dif	(800, 282)	(968, 450)	hori	left	True	538192	539628	left	(800, 450)	testing
3	rq	f	19	1	diamond	none	same	N_dis	(632, 450)	hori	left	True	541082	542652	left	(800, 450)	testing
3	rq	f	19	1	diamond	green	same	(968, 450)	(800, 282)	vert	up	True	544277	545404	up	(800, 450)	testing
3	rq	f	19	1	circle	green	dif	(632, 450)	(968, 450)	vert	up	True	546996	547981	up	(800, 450)	testing
3	rq	f	19	1	circle	red	same	(800, 282)	(632, 450)	hori	left	True	549475	550636	left	(800, 450)	testing
3	rq	f	19	1	circle	red	dif	(632, 450)	(968, 450)	hori	left	True	552277	553500	left	(800, 450)	testing
3	rq	f	19	1	diamond	red	dif	(632, 450)	(800, 618)	vert	up	True	554896	555948	up	(800, 450)	testing
3	rq	f	19	1	diamond	red	same	(632, 450)	(800, 618)	vert	up	True	557354	558732	up	(800, 450)	testing
3	rq	f	19	1	circle	red	dif	(968, 450)	(632, 450)	hori	left	True	560337	561244	left	(800, 450)	testing
3	rq	f	19	1	circle	green	same	(632, 450)	(800, 618)	hori	left	True	562750	563596	left	(800, 450)	testing
3	rq	f	19	1	circle	green	dif	(800, 282)	(800, 618)	vert	up	True	565035	566316	up	(800, 450)	testing
3	rq	f	19	1	diamond	red	same	(800, 618)	(968, 450)	vert	up	True	567835	569452	up	(800, 450)	testing
3	rq	f	19	1	circle	none	same	N_dis	(800, 282)	hori	left	True	570853	572140	left	(800, 450)	testing
3	rq	f	19	1	circle	green	dif	(632, 450)	(800, 282)	hori	left	True	573623	574556	left	(800, 450)	testing
3	rq	f	19	1	circle	green	same	(800, 282)	(968, 450)	hori	left	True	576068	577036	left	(800, 450)	testing
3	rq	f	19	1	diamond	red	same	(800, 618)	(632, 450)	vert	up	True	578578	579724	up	(800, 450)	testing
3	rq	f	19	1	diamond	red	same	(800, 282)	(632, 450)	vert	up	True	581105	582076	left	(800, 450)	testing
3	rq	f	19	1	circle	green	same	(632, 450)	(968, 450)	hori	left	True	585147	586108	left	(800, 450)	testing
3	rq	f	19	1	circle	green	dif	(632, 450)	(800, 282)	vert	up	True	587688	588828	up	(800, 450)	testing
3	rq	f	19	1	circle	red	same	(632, 450)	(800, 618)	hori	left	True	590265	591244	left	(800, 450)	testing
3	rq	f	19	1	diamond	green	dif	(632, 450)	(800, 618)	vert	up	True	592895	593708	up	(800, 450)	testing
3	rq	f	19	1	diamond	red	same	(800, 282)	(800, 618)	hori	left	True	595369	596716	left	(800, 450)	testing
3	rq	f	19	1	circle	green	same	(632, 450)	(800, 618)	hori	left	True	598234	599084	left	(800, 450)	testing
3	rq	f	19	1	circle	red	dif	(800, 282)	(800, 618)	hori	left	True	600751	602332	left	(800, 450)	testing
3	rq	f	19	1	circle	none	dif	N_dis	(968, 450)	vert	up	True	603924	605020	up	(800, 450)	testing
3	rq	f	19	1	diamond	green	dif	(968, 450)	(800, 618)	hori	left	True	606642	608172	left	(800, 450)	testing
3	rq	f	19	1	circle	none	same	N_dis	(800, 618)	hori	left	True	609790	611020	left	(800, 450)	testing
3	rq	f	19	1	diamond	none	same	N_dis	(800, 618)	hori	left	True	612513	613548	left	(800, 450)	testing
3	rq	f	19	1	circle	red	same	(632, 450)	(968, 450)	hori	left	True	615147	616732	left	(800, 450)	testing
3	rq	f	19	1	diamond	none	same	N_dis	(968, 450)	vert	up	True	618288	619356	up	(800, 450)	testing
3	rq	f	19	1	circle	none	dif	N_dis	(800, 282)	vert	up	True	620751	621676	up	(800, 450)	testing
3	rq	f	19	1	diamond	none	dif	N_dis	(800, 282)	vert	up	True	623226	624332	up	(800, 450)	testing
3	rq	f	19	1	circle	red	dif	(632, 450)	(968, 450)	hori	left	True	625951	627244	left	(800, 450)	testing
3	rq	f	19	1	circle	green	same	(800, 618)	(968, 450)	vert	up	True	628809	630332	up	(800, 450)	testing
3	rq	f	19	1	circle	none	dif	N_dis	(800, 618)	hori	left	True	631959	633404	left	(800, 450)	testing
3	rq	f	19	1	diamond	red	dif	(800, 282)	(800, 618)	vert	up	True	634782	635772	up	(800, 450)	testing
3	rq	f	19	1	circle	green	dif	(968, 450)	(800, 282)	hori	left	True	637336	638860	left	(800, 450)	testing
3	rq	f	19	1	diamond	none	dif	N_dis	(800, 618)	hori	left	True	640348	641116	left	(800, 450)	testing
3	rq	f	19	1	diamond	red	same	(800, 618)	(968, 450)	vert	up	True	642760	644140	up	(800, 450)	testing
3	rq	f	19	1	circle	green	dif	(800, 618)	(632, 450)	hori	left	True	645741	646844	up	(800, 450)	testing
3	rq	f	19	1	diamond	red	same	(632, 450)	(800, 618)	hori	left	True	649931	651052	left	(800, 450)	testing
3	rq	f	19	1	diamond	green	dif	(968, 450)	(800, 618)	vert	up	True	652465	653676	up	(800, 450)	testing
3	rq	f	19	1	circle	red	same	(800, 282)	(968, 450)	hori	left	True	655164	656764	left	(800, 450)	testing
3	rq	f	19	1	diamond	green	same	(800, 282)	(632, 450)	hori	left	True	658168	659260	left	(800, 450)	testing
3	rq	f	19	1	diamond	red	same	(800, 282)	(632, 450)	vert	up	True	660724	661852	up	(800, 450)	testing
3	rq	f	19	1	diamond	green	dif	(632, 450)	(800, 618)	vert	up	True	663427	665292	up	(800, 450)	testing
3	rq	f	19	1	diamond	red	dif	(800, 282)	(632, 450)	vert	up	True	666680	667548	up	(800, 450)	testing
3	rq	f	19	1	circle	none	same	N_dis	(800, 282)	hori	left	True	669033	670636	left	(800, 450)	testing
3	rq	f	19	1	circle	red	same	(632, 450)	(968, 450)	hori	left	True	672187	673116	left	(800, 450)	testing
3	rq	f	19	1	diamond	none	same	N_dis	(800, 282)	hori	left	True	674529	675452	left	(800, 450)	testing
3	rq	f	19	1	circle	green	dif	(800, 618)	(800, 282)	hori	left	True	676928	678204	left	(800, 450)	testing
3	rq	f	19	1	diamond	green	dif	(968, 450)	(800, 618)	vert	up	True	679594	680796	up	(800, 450)	testing
3	rq	f	19	1	circle	red	dif	(800, 282)	(800, 618)	hori	left	True	682466	683628	left	(800, 450)	testing
3	rq	f	19	1	diamond	red	same	(968, 450)	(800, 618)	vert	up	True	685208	686876	up	(800, 450)	testing
3	rq	f	19	1	diamond	none	same	N_dis	(632, 450)	vert	up	True	688347	689404	up	(800, 450)	testing
3	rq	f	19	1	circle	red	dif	(632, 450)	(968, 450)	vert	up	True	690974	691916	up	(800, 450)	testing
3	rq	f	19	1	diamond	red	same	(968, 450)	(632, 450)	vert	up	True	693311	694268	up	(800, 450)	testing
3	rq	f	19	1	diamond	none	same	N_dis	(800, 618)	vert	up	True	695890	696892	up	(800, 450)	testing
3	rq	f	19	1	diamond	none	same	N_dis	(968, 450)	vert	up	True	698328	699372	up	(800, 450)	testing
3	rq	f	19	1	circle	red	dif	(632, 450)	(968, 450)	vert	up	True	701022	702316	up	(800, 450)	testing
3	rq	f	19	1	circle	green	same	(968, 450)	(632, 450)	vert	up	True	703751	705308	up	(800, 450)	testing
3	rq	f	19	1	diamond	none	dif	N_dis	(800, 282)	hori	left	True	706741	707644	left	(800, 450)	testing
3	rq	f	19	1	diamond	red	dif	(800, 282)	(632, 450)	vert	up	True	709075	709965	up	(800, 450)	testing
3	rq	f	19	1	diamond	none	dif	N_dis	(800, 282)	vert	up	True	711375	712204	up	(800, 450)	testing
3	rq	f	19	1	diamond	green	dif	(968, 450)	(800, 618)	hori	left	True	713659	714828	left	(800, 450)	testing
3	rq	f	19	1	circle	green	dif	(800, 618)	(800, 282)	vert	up	True	716357	717868	up	(800, 450)	testing
3	rq	f	19	1	diamond	none	dif	N_dis	(968, 450)	vert	up	True	719334	720380	up	(800, 450)	testing
3	rq	f	19	1	diamond	red	same	(800, 282)	(968, 450)	hori	left	True	722036	722892	left	(800, 450)	testing
3	rq	f	19	1	circle	green	dif	(800, 618)	(968, 450)	vert	up	True	724459	726028	up	(800, 450)	testing
3	rq	f	19	1	circle	none	dif	N_dis	(800, 282)	hori	left	True	727597	728732	left	(800, 450)	testing
3	rq	f	19	1	circle	red	dif	(632, 450)	(800, 282)	vert	up	True	730175	731612	up	(800, 450)	testing
3	rq	f	19	1	diamond	green	same	(632, 450)	(800, 618)	hori	left	True	733231	734524	left	(800, 450)	testing
3	rq	f	19	1	circle	none	dif	N_dis	(632, 450)	vert	up	True	736192	737164	up	(800, 450)	testing
3	rq	f	19	1	circle	green	dif	(632, 450)	(800, 618)	hori	left	True	738605	739516	left	(800, 450)	testing
3	rq	f	19	1	diamond	none	dif	N_dis	(968, 450)	vert	up	True	741029	741820	up	(800, 450)	testing
3	rq	f	19	1	diamond	red	dif	(968, 450)	(800, 282)	hori	left	True	743392	744492	left	(800, 450)	testing
3	rq	f	19	1	circle	green	same	(632, 450)	(968, 450)	vert	up	True	745971	747356	up	(800, 450)	testing
3	rq	f	19	1	diamond	red	dif	(800, 618)	(800, 282)	hori	left	True	748884	749708	left	(800, 450)	testing
3	rq	f	19	1	diamond	none	same	N_dis	(632, 450)	hori	left	True	751190	752028	left	(800, 450)	testing
3	rq	f	19	1	circle	red	dif	(800, 618)	(800, 282)	hori	left	True	753528	754780	left	(800, 450)	testing
3	rq	f	19	1	diamond	red	dif	(632, 450)	(800, 618)	vert	up	True	756381	757548	up	(800, 450)	testing
3	rq	f	19	1	diamond	none	dif	N_dis	(632, 450)	vert	up	True	759156	759932	up	(800, 450)	testing
3	rq	f	19	1	diamond	green	dif	(968, 450)	(800, 282)	vert	up	True	761391	762220	up	(800, 450)	testing
3	rq	f	19	1	diamond	green	dif	(800, 618)	(800, 282)	hori	left	True	763708	764700	left	(800, 450)	testing
3	rq	f	19	1	circle	none	same	N_dis	(968, 450)	vert	up	True	766274	767516	up	(800, 450)	testing
3	rq	f	19	1	circle	green	dif	(632, 450)	(800, 282)	hori	left	True	769029	769820	left	(800, 450)	testing
3	rq	f	19	1	circle	none	same	N_dis	(968, 450)	vert	up	True	771486	772412	up	(800, 450)	testing
3	rq	f	19	1	diamond	red	dif	(800, 282)	(632, 450)	vert	up	True	773975	775020	up	(800, 450)	testing
3	rq	f	19	1	circle	none	same	N_dis	(800, 618)	hori	left	True	776631	777772	left	(800, 450)	testing
3	rq	f	19	1	circle	red	dif	(968, 450)	(632, 450)	vert	up	True	779423	780748	up	(800, 450)	testing
3	rq	f	19	1	circle	red	dif	(968, 450)	(800, 618)	vert	up	True	782246	783420	up	(800, 450)	testing
3	rq	f	19	1	circle	red	same	(632, 450)	(800, 618)	vert	up	True	784805	785660	up	(800, 450)	testing
3	rq	f	19	1	diamond	red	dif	(800, 282)	(632, 450)	hori	left	True	787167	788300	left	(800, 450)	testing
3	rq	f	19	1	circle	green	dif	(800, 618)	(968, 450)	hori	left	True	789813	790748	left	(800, 450)	testing
3	rq	f	19	1	circle	none	same	N_dis	(800, 618)	hori	left	True	792407	793484	left	(800, 450)	testing
3	rq	f	19	1	circle	red	same	(632, 450)	(968, 450)	hori	left	True	795122	795900	left	(800, 450)	testing
3	rq	f	19	1	diamond	red	same	(632, 450)	(968, 450)	hori	left	True	797383	798620	left	(800, 450)	testing
3	rq	f	19	1	diamond	red	dif	(800, 282)	(968, 450)	vert	up	True	800052	801244	up	(800, 450)	testing
3	rq	f	19	1	diamond	green	dif	(632, 450)	(800, 618)	vert	up	True	802875	803916	up	(800, 450)	testing
3	rq	f	19	1	circle	red	dif	(968, 450)	(800, 282)	vert	up	True	805345	806876	up	(800, 450)	testing
3	rq	f	19	1	diamond	none	same	N_dis	(968, 450)	hori	left	True	808315	809340	left	(800, 450)	testing
3	rq	f	19	1	circle	green	dif	(632, 450)	(800, 282)	vert	up	True	810929	811852	up	(800, 450)	testing
3	rq	f	19	1	circle	none	same	N_dis	(632, 450)	vert	up	True	813452	814188	up	(800, 450)	testing
3	rq	f	19	1	circle	red	dif	(632, 450)	(800, 282)	hori	left	True	815719	816700	left	(800, 450)	testing
3	rq	f	19	1	diamond	green	same	(632, 450)	(800, 618)	hori	left	True	818115	819244	left	(800, 450)	testing
3	rq	f	19	1	circle	none	same	N_dis	(968, 450)	vert	up	True	820808	821708	up	(800, 450)	testing
3	rq	f	19	1	circle	none	dif	N_dis	(632, 450)	vert	up	True	823380	824124	up	(800, 450)	testing
3	rq	f	19	1	diamond	none	same	N_dis	(800, 282)	hori	left	True	825665	826892	left	(800, 450)	testing
3	rq	f	19	1	circle	none	same	N_dis	(800, 282)	hori	left	True	828329	828956	left	(800, 450)	testing
3	rq	f	19	1	diamond	green	dif	(632, 450)	(968, 450)	vert	up	True	830462	831164	up	(800, 450)	testing
3	rq	f	19	1	circle	red	same	(800, 618)	(968, 450)	vert	up	True	832752	834924	up	(800, 450)	testing
3	rq	f	19	1	diamond	green	dif	(632, 450)	(800, 282)	vert	up	True	836361	837212	up	(800, 450)	testing
3	rq	f	19	1	diamond	green	same	(800, 618)	(800, 282)	vert	up	True	838713	839436	up	(800, 450)	testing
3	rq	f	19	1	circle	green	same	(968, 450)	(800, 618)	hori	left	True	840845	841852	left	(800, 450)	testing
3	rq	f	19	1	circle	none	same	N_dis	(800, 618)	hori	left	True	843395	844220	left	(800, 450)	testing
3	rq	f	19	1	diamond	green	dif	(800, 618)	(968, 450)	vert	up	True	845698	846828	up	(800, 450)	testing
3	rq	f	19	1	diamond	red	dif	(632, 450)	(800, 618)	vert	up	True	848214	849756	up	(800, 450)	testing
3	rq	f	19	1	diamond	red	same	(800, 618)	(800, 282)	vert	up	True	851271	852284	up	(800, 450)	testing
3	rq	f	19	1	circle	red	same	(800, 618)	(968, 450)	vert	up	True	853754	854860	up	(800, 450)	testing
3	rq	f	19	1	diamond	none	dif	N_dis	(632, 450)	vert	up	True	856366	857180	up	(800, 450)	testing
3	rq	f	19	1	circle	green	same	(632, 450)	(968, 450)	hori	left	True	858708	859916	left	(800, 450)	testing
3	rq	f	19	1	diamond	none	same	N_dis	(800, 618)	vert	up	True	861454	862460	up	(800, 450)	testing
3	rq	f	19	1	circle	none	dif	N_dis	(800, 282)	vert	up	True	863957	864716	up	(800, 450)	testing
3	rq	f	19	1	circle	green	same	(800, 618)	(968, 450)	hori	left	True	866237	867052	left	(800, 450)	testing
3	rq	f	19	1	diamond	green	same	(632, 450)	(968, 450)	hori	left	True	868628	869292	left	(800, 450)	testing
3	rq	f	19	1	circle	none	dif	N_dis	(632, 450)	hori	left	True	870837	871644	left	(800, 450)	testing
3	rq	f	19	1	circle	red	same	(800, 618)	(632, 450)	vert	up	True	873259	874508	up	(800, 450)	testing
3	rq	f	19	1	diamond	none	dif	N_dis	(632, 450)	vert	up	True	876169	877180	up	(800, 450)	testing
3	rq	f	19	1	diamond	green	same	(968, 450)	(632, 450)	hori	left	True	878842	879981	left	(800, 450)	testing
3	rq	f	19	1	diamond	green	same	(800, 282)	(632, 450)	vert	up	True	881356	882924	up	(800, 450)	testing
3	rq	f	19	1	circle	none	same	N_dis	(632, 450)	vert	up	True	884346	885612	up	(800, 450)	testing
3	rq	f	19	1	diamond	none	same	N_dis	(632, 450)	vert	up	True	886997	887916	up	(800, 450)	testing
3	rq	f	19	1	circle	red	dif	(800, 282)	(800, 618)	hori	left	True	889535	890604	left	(800, 450)	testing
3	rq	f	19	1	diamond	green	same	(800, 618)	(632, 450)	vert	up	True	892039	893292	up	(800, 450)	testing
3	rq	f	19	1	circle	none	same	N_dis	(968, 450)	hori	left	True	894882	895644	left	(800, 450)	testing
3	rq	f	19	1	diamond	green	same	(632, 450)	(800, 282)	hori	left	True	897099	897997	left	(800, 450)	testing
3	rq	f	19	1	diamond	green	same	(800, 618)	(968, 450)	vert	up	True	899438	900556	up	(800, 450)	testing
3	rq	f	19	1	diamond	none	same	N_dis	(968, 450)	vert	up	True	902143	902973	up	(800, 450)	testing
3	rq	f	19	1	circle	none	dif	N_dis	(968, 450)	hori	left	True	904516	905340	left	(800, 450)	testing
3	rq	f	19	1	diamond	green	dif	(632, 450)	(968, 450)	vert	up	True	906766	907564	up	(800, 450)	testing
3	rq	f	19	1	circle	none	dif	N_dis	(968, 450)	hori	left	True	909059	909772	left	(800, 450)	testing
3	rq	f	19	1	circle	none	same	N_dis	(632, 450)	vert	up	True	911186	911981	up	(800, 450)	testing
3	rq	f	19	1	diamond	none	dif	N_dis	(800, 282)	hori	left	True	913470	914188	left	(800, 450)	testing
3	rq	f	19	1	diamond	green	same	(632, 450)	(968, 450)	vert	up	True	915612	916412	up	(800, 450)	testing
3	rq	f	19	1	diamond	red	dif	(800, 618)	(632, 450)	hori	left	True	917908	918844	left	(800, 450)	testing
3	rq	f	19	1	circle	red	dif	(632, 450)	(968, 450)	vert	up	True	920221	920940	up	(800, 450)	testing
3	rq	f	19	1	diamond	green	dif	(632, 450)	(968, 450)	vert	up	True	922591	923244	up	(800, 450)	testing
3	rq	f	19	1	diamond	green	same	(800, 282)	(800, 618)	vert	up	True	924665	925484	up	(800, 450)	testing
3	rq	f	19	1	circle	none	dif	N_dis	(968, 450)	vert	up	True	927155	927997	up	(800, 450)	testing
3	rq	f	19	1	circle	none	same	N_dis	(800, 618)	hori	left	True	929509	930332	left	(800, 450)	testing
3	rq	f	19	1	circle	none	same	N_dis	(800, 618)	hori	left	True	931922	932572	left	(800, 450)	testing
3	rq	f	19	1	diamond	none	dif	N_dis	(800, 282)	vert	up	True	933956	934636	up	(800, 450)	testing
3	rq	f	19	1	circle	none	dif	N_dis	(800, 618)	vert	up	True	936180	936812	up	(800, 450)	testing
3	rq	f	19	1	circle	green	dif	(968, 450)	(800, 282)	hori	left	True	938399	939084	left	(800, 450)	testing
3	rq	f	19	1	circle	red	dif	(968, 450)	(800, 618)	hori	left	True	940499	941244	left	(800, 450)	testing
3	rq	f	19	1	circle	red	dif	(800, 618)	(800, 282)	vert	up	True	942714	943484	up	(800, 450)	testing
3	rq	f	19	1	circle	green	same	(968, 450)	(632, 450)	vert	up	True	945083	946076	up	(800, 450)	testing
3	rq	f	19	1	diamond	green	same	(632, 450)	(800, 282)	vert	up	True	947650	948476	up	(800, 450)	testing
3	rq	f	19	1	diamond	none	same	N_dis	(968, 450)	vert	up	True	950095	950876	up	(800, 450)	testing
3	rq	f	19	1	circle	green	same	(800, 282)	(968, 450)	vert	up	True	952325	953036	up	(800, 450)	testing
3	rq	f	19	1	circle	red	same	(800, 282)	(968, 450)	hori	left	True	954610	955644	left	(800, 450)	testing
3	rq	f	19	1	circle	none	dif	N_dis	(632, 450)	hori	left	True	957120	957933	left	(800, 450)	testing
3	rq	f	19	1	circle	none	same	N_dis	(800, 618)	vert	up	True	959572	960428	up	(800, 450)	testing
3	rq	f	19	1	diamond	none	same	N_dis	(800, 282)	hori	left	True	962070	962764	left	(800, 450)	testing
3	rq	f	19	1	circle	none	same	N_dis	(800, 618)	hori	left	True	964181	964892	left	(800, 450)	testing
3	rq	f	19	1	circle	none	same	N_dis	(800, 618)	vert	up	True	966539	967228	up	(800, 450)	testing
3	rq	f	19	1	circle	green	same	(632, 450)	(968, 450)	hori	left	True	968836	969516	left	(800, 450)	testing
3	rq	f	19	1	circle	green	same	(632, 450)	(800, 282)	vert	up	True	971152	972076	up	(800, 450)	testing
3	rq	f	19	1	diamond	red	same	(632, 450)	(800, 282)	hori	left	True	973580	974268	left	(800, 450)	testing
3	rq	f	19	1	diamond	green	same	(632, 450)	(800, 282)	vert	up	True	975753	976444	left	(800, 450)	testing
3	rq	f	19	1	circle	red	same	(632, 450)	(800, 282)	vert	up	True	979645	980364	up	(800, 450)	testing
3	rq	f	19	1	diamond	green	same	(632, 450)	(968, 450)	hori	left	True	981959	982940	left	(800, 450)	testing
3	rq	f	19	1	circle	none	same	N_dis	(632, 450)	vert	up	True	984526	985564	up	(800, 450)	testing
3	rq	f	19	1	diamond	green	dif	(800, 618)	(800, 282)	hori	left	True	987061	988300	left	(800, 450)	testing
3	rq	f	19	1	circle	green	same	(800, 282)	(632, 450)	vert	up	True	989757	990908	up	(800, 450)	testing
3	rq	f	19	1	circle	red	same	(632, 450)	(800, 282)	vert	up	True	992401	993596	up	(800, 450)	testing
3	rq	f	19	1	diamond	red	dif	(800, 618)	(800, 282)	hori	left	True	994998	996604	left	(800, 450)	testing
3	rq	f	19	1	circle	red	dif	(632, 450)	(800, 282)	hori	left	True	998097	998940	left	(800, 450)	testing
3	rq	f	19	1	circle	none	same	N_dis	(800, 282)	vert	up	True	1000510	1001132	up	(800, 450)	testing
3	rq	f	19	1	diamond	green	same	(632, 450)	(800, 618)	vert	up	True	1002634	1003932	up	(800, 450)	testing
3	rq	f	19	1	circle	none	same	N_dis	(632, 450)	hori	left	True	1005370	1006188	left	(800, 450)	testing
3	rq	f	19	1	diamond	red	dif	(632, 450)	(800, 618)	vert	up	True	1007759	1009068	up	(800, 450)	testing
3	rq	f	19	1	circle	red	dif	(632, 450)	(800, 618)	hori	left	True	1010541	1012172	left	(800, 450)	testing
3	rq	f	19	1	circle	red	same	(800, 618)	(632, 450)	vert	up	True	1013595	1014636	up	(800, 450)	testing
3	rq	f	19	1	diamond	green	dif	(632, 450)	(800, 618)	hori	left	True	1016269	1017276	left	(800, 450)	testing
3	rq	f	19	1	diamond	red	same	(968, 450)	(800, 282)	vert	up	True	1018938	1019932	up	(800, 450)	testing
3	rq	f	19	1	circle	green	dif	(968, 450)	(800, 618)	vert	up	True	1021558	1022812	up	(800, 450)	testing
3	rq	f	19	1	diamond	red	dif	(800, 282)	(800, 618)	vert	up	True	1024293	1025212	up	(800, 450)	testing
3	rq	f	19	1	diamond	red	dif	(632, 450)	(968, 450)	hori	left	True	1026666	1027836	left	(800, 450)	testing
3	rq	f	19	1	circle	none	dif	N_dis	(968, 450)	hori	left	True	1029439	1030380	left	(800, 450)	testing
3	rq	f	19	1	diamond	red	same	(968, 450)	(632, 450)	vert	up	True	1031831	1033500	up	(800, 450)	testing
