subj	name	gender	age	runNum	shape	dist	td_dif	d_loc	t_loc	resp	resp_key	gotKey	startTime	respTime	resp	fix_loc	prac
3	rq	f	19	2	diamond	red	dif	(968, 450)	(800, 282)	vert	up	True	17826	19036	up	(800, 450)	testing
3	rq	f	19	2	circle	green	dif	(800, 282)	(968, 450)	vert	up	True	20413	22316	up	(800, 450)	testing
3	rq	f	19	2	circle	green	dif	(632, 450)	(800, 618)	hori	left	True	23988	24956	left	(800, 450)	testing
3	rq	f	19	2	diamond	none	dif	N_dis	(800, 618)	vert	up	True	26572	27421	up	(800, 450)	testing
3	rq	f	19	2	diamond	green	dif	(632, 450)	(968, 450)	hori	left	True	28955	30028	left	(800, 450)	testing
3	rq	f	19	2	diamond	none	same	N_dis	(800, 618)	vert	up	True	31656	32509	up	(800, 450)	testing
3	rq	f	19	2	diamond	none	same	N_dis	(968, 450)	hori	left	True	34060	34813	left	(800, 450)	testing
3	rq	f	19	2	circle	green	dif	(800, 618)	(800, 282)	hori	left	True	36267	37421	left	(800, 450)	testing
3	rq	f	19	2	diamond	green	dif	(968, 450)	(800, 618)	vert	up	True	39090	39981	up	(800, 450)	testing
3	rq	f	19	2	circle	green	same	(968, 450)	(800, 618)	hori	left	True	41647	43293	left	(800, 450)	testing
3	rq	f	19	2	circle	red	same	(800, 618)	(632, 450)	vert	up	True	44876	45933	up	(800, 450)	testing
3	rq	f	19	2	circle	none	dif	N_dis	(800, 282)	hori	left	True	47443	48349	left	(800, 450)	testing
3	rq	f	19	2	diamond	none	same	N_dis	(968, 450)	hori	left	True	49826	50701	left	(800, 450)	testing
3	rq	f	19	2	diamond	none	dif	N_dis	(800, 282)	hori	left	True	52256	53116	left	(800, 450)	testing
3	rq	f	19	2	diamond	none	same	N_dis	(800, 282)	vert	up	True	54777	55549	up	(800, 450)	testing
3	rq	f	19	2	circle	red	same	(800, 282)	(968, 450)	hori	left	True	57034	57965	left	(800, 450)	testing
3	rq	f	19	2	diamond	red	dif	(800, 618)	(632, 450)	hori	left	True	59391	60493	left	(800, 450)	testing
3	rq	f	19	2	diamond	green	dif	(800, 282)	(632, 450)	hori	left	True	62107	63100	left	(800, 450)	testing
3	rq	f	19	2	diamond	none	dif	N_dis	(632, 450)	vert	up	True	64475	65405	up	(800, 450)	testing
3	rq	f	19	2	circle	red	same	(800, 282)	(800, 618)	hori	left	True	67007	68301	left	(800, 450)	testing
3	rq	f	19	2	circle	red	dif	(800, 282)	(632, 450)	hori	left	True	69846	70669	left	(800, 450)	testing
3	rq	f	19	2	circle	none	dif	N_dis	(968, 450)	vert	up	True	72209	73132	up	(800, 450)	testing
3	rq	f	19	2	diamond	red	same	(800, 618)	(632, 450)	hori	left	True	74620	75405	left	(800, 450)	testing
3	rq	f	19	2	diamond	red	dif	(968, 450)	(800, 282)	vert	up	True	77056	77628	up	(800, 450)	testing
3	rq	f	19	2	diamond	red	dif	(968, 450)	(800, 282)	vert	up	True	79044	79964	up	(800, 450)	testing
3	rq	f	19	2	diamond	green	dif	(800, 618)	(968, 450)	hori	left	True	81560	82589	left	(800, 450)	testing
3	rq	f	19	2	diamond	red	dif	(800, 282)	(800, 618)	hori	left	True	84017	84829	left	(800, 450)	testing
3	rq	f	19	2	diamond	red	dif	(800, 618)	(632, 450)	vert	up	True	86331	87421	up	(800, 450)	testing
3	rq	f	19	2	circle	red	dif	(968, 450)	(632, 450)	vert	up	True	88868	90220	up	(800, 450)	testing
3	rq	f	19	2	circle	none	same	N_dis	(632, 450)	vert	up	True	91776	92637	up	(800, 450)	testing
3	rq	f	19	2	diamond	none	dif	N_dis	(632, 450)	vert	up	True	94272	96301	up	(800, 450)	testing
3	rq	f	19	2	circle	green	dif	(800, 282)	(800, 618)	hori	left	True	97893	98861	left	(800, 450)	testing
3	rq	f	19	2	circle	green	dif	(800, 282)	(800, 618)	hori	left	True	100435	101277	left	(800, 450)	testing
3	rq	f	19	2	circle	red	same	(800, 282)	(800, 618)	vert	up	True	102895	103901	up	(800, 450)	testing
3	rq	f	19	2	circle	none	same	N_dis	(632, 450)	hori	left	True	105299	106060	left	(800, 450)	testing
3	rq	f	19	2	diamond	green	same	(800, 282)	(800, 618)	hori	left	True	107568	108365	left	(800, 450)	testing
3	rq	f	19	2	circle	none	dif	N_dis	(968, 450)	hori	left	True	109944	110669	left	(800, 450)	testing
3	rq	f	19	2	circle	red	same	(800, 618)	(968, 450)	hori	left	True	112302	113260	left	(800, 450)	testing
3	rq	f	19	2	circle	green	dif	(800, 282)	(968, 450)	hori	left	True	114907	115645	left	(800, 450)	testing
3	rq	f	19	2	diamond	none	same	N_dis	(800, 618)	vert	up	True	117048	117869	up	(800, 450)	testing
3	rq	f	19	2	diamond	green	dif	(968, 450)	(800, 618)	vert	up	True	119322	120172	up	(800, 450)	testing
3	rq	f	19	2	circle	red	dif	(800, 618)	(800, 282)	hori	left	True	121802	122781	up	(800, 450)	testing
3	rq	f	19	2	circle	green	same	(968, 450)	(800, 618)	hori	left	True	125691	126557	left	(800, 450)	testing
3	rq	f	19	2	circle	green	dif	(800, 618)	(968, 450)	vert	up	True	128192	129693	up	(800, 450)	testing
3	rq	f	19	2	circle	red	same	(800, 618)	(800, 282)	hori	left	True	131162	132060	left	(800, 450)	testing
3	rq	f	19	2	diamond	green	same	(800, 618)	(968, 450)	hori	left	True	133459	134797	left	(800, 450)	testing
3	rq	f	19	2	circle	none	dif	N_dis	(632, 450)	hori	left	True	136191	137196	left	(800, 450)	testing
3	rq	f	19	2	diamond	red	same	(968, 450)	(800, 618)	vert	up	True	138592	139708	up	(800, 450)	testing
3	rq	f	19	2	circle	none	same	N_dis	(632, 450)	hori	left	True	141165	142204	left	(800, 450)	testing
3	rq	f	19	2	diamond	green	dif	(800, 282)	(800, 618)	vert	up	True	143833	144685	up	(800, 450)	testing
3	rq	f	19	2	diamond	none	dif	N_dis	(968, 450)	vert	up	True	146282	147180	up	(800, 450)	testing
3	rq	f	19	2	circle	red	same	(968, 450)	(632, 450)	vert	up	True	148647	149469	up	(800, 450)	testing
3	rq	f	19	2	diamond	red	same	(800, 618)	(800, 282)	vert	up	True	150943	152188	up	(800, 450)	testing
3	rq	f	19	2	circle	green	same	(800, 282)	(800, 618)	vert	up	True	153569	154445	up	(800, 450)	testing
3	rq	f	19	2	circle	none	dif	N_dis	(800, 618)	hori	left	True	155921	156765	left	(800, 450)	testing
3	rq	f	19	2	diamond	red	same	(968, 450)	(800, 618)	hori	left	True	158266	159821	left	(800, 450)	testing
3	rq	f	19	2	circle	red	dif	(800, 618)	(800, 282)	hori	left	True	161278	162060	left	(800, 450)	testing
3	rq	f	19	2	diamond	none	dif	N_dis	(800, 282)	vert	up	True	163509	164285	up	(800, 450)	testing
3	rq	f	19	2	diamond	none	same	N_dis	(800, 618)	vert	up	True	165764	166589	up	(800, 450)	testing
3	rq	f	19	2	diamond	green	same	(968, 450)	(632, 450)	hori	left	True	168007	168765	left	(800, 450)	testing
3	rq	f	19	2	circle	none	same	N_dis	(968, 450)	hori	left	True	170353	171276	left	(800, 450)	testing
3	rq	f	19	2	circle	none	dif	N_dis	(800, 282)	hori	left	True	172845	173565	left	(800, 450)	testing
3	rq	f	19	2	circle	none	dif	N_dis	(800, 282)	vert	up	True	175152	175997	up	(800, 450)	testing
3	rq	f	19	2	circle	red	dif	(800, 282)	(800, 618)	vert	up	True	177585	178508	up	(800, 450)	testing
3	rq	f	19	2	diamond	none	dif	N_dis	(632, 450)	vert	up	True	180133	181629	up	(800, 450)	testing
3	rq	f	19	2	diamond	none	same	N_dis	(800, 282)	hori	left	True	183096	184333	left	(800, 450)	testing
3	rq	f	19	2	diamond	none	same	N_dis	(800, 282)	hori	left	True	185724	186461	left	(800, 450)	testing
3	rq	f	19	2	circle	green	same	(800, 618)	(968, 450)	hori	left	True	187992	188733	left	(800, 450)	testing
3	rq	f	19	2	circle	none	same	N_dis	(800, 618)	hori	left	True	190259	190957	left	(800, 450)	testing
3	rq	f	19	2	diamond	none	dif	N_dis	(968, 450)	hori	left	True	192543	193309	left	(800, 450)	testing
3	rq	f	19	2	circle	green	dif	(800, 282)	(968, 450)	vert	up	True	194778	195933	up	(800, 450)	testing
3	rq	f	19	2	circle	green	dif	(800, 282)	(968, 450)	vert	up	True	197513	198429	up	(800, 450)	testing
3	rq	f	19	2	diamond	red	dif	(968, 450)	(632, 450)	vert	up	True	199872	201164	up	(800, 450)	testing
3	rq	f	19	2	diamond	green	same	(800, 282)	(800, 618)	hori	left	True	202684	204060	left	(800, 450)	testing
3	rq	f	19	2	diamond	none	same	N_dis	(800, 618)	vert	up	True	205701	206445	up	(800, 450)	testing
3	rq	f	19	2	diamond	none	same	N_dis	(632, 450)	hori	left	True	207980	208989	left	(800, 450)	testing
3	rq	f	19	2	diamond	red	dif	(800, 282)	(968, 450)	hori	left	True	210626	211373	left	(800, 450)	testing
3	rq	f	19	2	diamond	green	dif	(632, 450)	(800, 282)	vert	up	True	212911	214172	up	(800, 450)	testing
3	rq	f	19	2	diamond	green	dif	(800, 618)	(968, 450)	hori	left	True	215610	216397	left	(800, 450)	testing
3	rq	f	19	2	circle	green	same	(800, 618)	(800, 282)	vert	up	True	217944	219116	up	(800, 450)	testing
3	rq	f	19	2	diamond	none	dif	N_dis	(632, 450)	hori	left	True	220757	221693	left	(800, 450)	testing
3	rq	f	19	2	diamond	none	same	N_dis	(632, 450)	hori	left	True	223349	224269	left	(800, 450)	testing
3	rq	f	19	2	circle	red	same	(800, 282)	(968, 450)	hori	left	True	225748	226797	left	(800, 450)	testing
3	rq	f	19	2	circle	none	same	N_dis	(632, 450)	hori	left	True	228447	229517	left	(800, 450)	testing
3	rq	f	19	2	diamond	red	dif	(968, 450)	(800, 282)	hori	left	True	231063	232172	left	(800, 450)	testing
3	rq	f	19	2	circle	green	dif	(800, 282)	(632, 450)	vert	up	True	233568	234653	up	(800, 450)	testing
3	rq	f	19	2	diamond	red	same	(632, 450)	(968, 450)	hori	left	True	236089	237004	left	(800, 450)	testing
3	rq	f	19	2	circle	green	dif	(800, 282)	(968, 450)	hori	left	True	238615	239581	left	(800, 450)	testing
3	rq	f	19	2	diamond	none	same	N_dis	(800, 282)	vert	up	True	241102	241981	up	(800, 450)	testing
3	rq	f	19	2	circle	none	same	N_dis	(800, 618)	hori	left	True	243585	244572	left	(800, 450)	testing
3	rq	f	19	2	diamond	none	dif	N_dis	(632, 450)	hori	left	True	246245	247036	left	(800, 450)	testing
3	rq	f	19	2	diamond	red	dif	(968, 450)	(800, 282)	hori	left	True	248511	249389	left	(800, 450)	testing
3	rq	f	19	2	circle	none	dif	N_dis	(800, 282)	hori	left	True	250800	251581	up	(800, 450)	testing
3	rq	f	19	2	circle	green	same	(800, 618)	(800, 282)	hori	left	True	254512	255453	left	(800, 450)	testing
3	rq	f	19	2	circle	red	dif	(968, 450)	(800, 618)	vert	up	True	256873	257933	up	(800, 450)	testing
3	rq	f	19	2	circle	none	dif	N_dis	(800, 618)	hori	left	True	259509	260556	left	(800, 450)	testing
3	rq	f	19	2	circle	none	same	N_dis	(632, 450)	vert	up	True	262192	263389	up	(800, 450)	testing
3	rq	f	19	2	diamond	green	same	(800, 618)	(800, 282)	vert	up	True	264950	265965	up	(800, 450)	testing
3	rq	f	19	2	diamond	green	same	(800, 282)	(800, 618)	vert	up	True	267424	269036	up	(800, 450)	testing
3	rq	f	19	2	diamond	red	same	(968, 450)	(632, 450)	vert	up	True	270618	271789	up	(800, 450)	testing
3	rq	f	19	2	diamond	none	dif	N_dis	(968, 450)	hori	left	True	273164	274188	left	(800, 450)	testing
3	rq	f	19	2	diamond	red	same	(800, 282)	(632, 450)	hori	left	True	275770	276749	left	(800, 450)	testing
3	rq	f	19	2	diamond	red	same	(800, 618)	(800, 282)	hori	left	True	278295	279084	left	(800, 450)	testing
3	rq	f	19	2	circle	green	same	(800, 618)	(632, 450)	hori	left	True	280631	282060	left	(800, 450)	testing
3	rq	f	19	2	circle	green	dif	(800, 618)	(968, 450)	hori	left	True	283553	284269	left	(800, 450)	testing
3	rq	f	19	2	circle	red	same	(800, 282)	(632, 450)	hori	left	True	285691	286461	left	(800, 450)	testing
3	rq	f	19	2	circle	none	dif	N_dis	(968, 450)	hori	left	True	288004	288749	left	(800, 450)	testing
3	rq	f	19	2	diamond	none	same	N_dis	(968, 450)	vert	up	True	290180	290989	up	(800, 450)	testing
3	rq	f	19	2	circle	green	dif	(800, 618)	(968, 450)	vert	up	True	292647	293581	up	(800, 450)	testing
3	rq	f	19	2	diamond	none	same	N_dis	(800, 282)	vert	up	True	295046	296236	up	(800, 450)	testing
3	rq	f	19	2	circle	red	dif	(968, 450)	(800, 282)	vert	up	True	297903	299004	up	(800, 450)	testing
3	rq	f	19	2	diamond	none	same	N_dis	(632, 450)	vert	up	True	300617	301485	up	(800, 450)	testing
3	rq	f	19	2	circle	none	same	N_dis	(800, 282)	vert	up	True	303039	303981	up	(800, 450)	testing
3	rq	f	19	2	circle	none	same	N_dis	(800, 618)	vert	up	True	305616	306717	up	(800, 450)	testing
3	rq	f	19	2	circle	green	same	(800, 282)	(632, 450)	vert	up	True	308217	309725	up	(800, 450)	testing
3	rq	f	19	2	circle	none	same	N_dis	(968, 450)	hori	left	True	311349	312493	left	(800, 450)	testing
3	rq	f	19	2	circle	green	same	(800, 618)	(968, 450)	vert	up	True	314139	315357	up	(800, 450)	testing
3	rq	f	19	2	diamond	red	dif	(968, 450)	(800, 618)	vert	up	True	316783	318028	up	(800, 450)	testing
3	rq	f	19	2	diamond	red	same	(800, 618)	(800, 282)	hori	left	True	319450	320877	left	(800, 450)	testing
3	rq	f	19	2	diamond	red	dif	(800, 618)	(632, 450)	vert	up	True	322411	323500	up	(800, 450)	testing
3	rq	f	19	2	circle	green	dif	(968, 450)	(800, 618)	hori	left	True	325094	325965	left	(800, 450)	testing
3	rq	f	19	2	circle	green	dif	(800, 282)	(800, 618)	hori	left	True	327373	328156	left	(800, 450)	testing
3	rq	f	19	2	circle	none	same	N_dis	(800, 618)	vert	up	True	329579	330429	up	(800, 450)	testing
3	rq	f	19	2	circle	red	dif	(800, 618)	(632, 450)	hori	left	True	331803	332653	left	(800, 450)	testing
3	rq	f	19	2	circle	none	same	N_dis	(800, 282)	hori	left	True	334046	334845	left	(800, 450)	testing
3	rq	f	19	2	diamond	none	same	N_dis	(968, 450)	vert	up	True	336404	337228	up	(800, 450)	testing
3	rq	f	19	2	circle	green	same	(800, 618)	(800, 282)	hori	left	True	338632	339325	left	(800, 450)	testing
3	rq	f	19	2	diamond	red	same	(968, 450)	(800, 618)	vert	up	True	340865	341965	up	(800, 450)	testing
3	rq	f	19	2	diamond	green	dif	(800, 282)	(968, 450)	hori	left	True	343611	344493	left	(800, 450)	testing
3	rq	f	19	2	diamond	none	same	N_dis	(632, 450)	vert	up	True	346159	347020	up	(800, 450)	testing
3	rq	f	19	2	diamond	green	same	(968, 450)	(632, 450)	hori	left	True	348658	349581	left	(800, 450)	testing
3	rq	f	19	2	circle	green	dif	(800, 618)	(800, 282)	hori	left	True	351097	351965	left	(800, 450)	testing
3	rq	f	19	2	diamond	red	dif	(800, 282)	(968, 450)	vert	up	True	353528	355421	up	(800, 450)	testing
3	rq	f	19	2	diamond	none	dif	N_dis	(800, 618)	vert	up	True	356803	357821	up	(800, 450)	testing
3	rq	f	19	2	circle	green	same	(968, 450)	(632, 450)	hori	left	True	359362	360204	left	(800, 450)	testing
3	rq	f	19	2	circle	green	dif	(968, 450)	(800, 618)	vert	up	True	361758	362909	up	(800, 450)	testing
3	rq	f	19	2	diamond	none	dif	N_dis	(800, 618)	hori	left	True	364463	365373	left	(800, 450)	testing
3	rq	f	19	2	diamond	green	same	(800, 618)	(632, 450)	hori	left	True	366806	367853	left	(800, 450)	testing
3	rq	f	19	2	diamond	green	dif	(800, 618)	(632, 450)	hori	left	True	369494	370445	left	(800, 450)	testing
3	rq	f	19	2	circle	green	same	(800, 618)	(800, 282)	hori	left	True	371972	372733	left	(800, 450)	testing
3	rq	f	19	2	circle	green	dif	(968, 450)	(800, 618)	hori	left	True	374225	375212	left	(800, 450)	testing
3	rq	f	19	2	diamond	none	same	N_dis	(800, 282)	vert	up	True	376656	378204	up	(800, 450)	testing
3	rq	f	19	2	diamond	green	dif	(968, 450)	(800, 618)	vert	up	True	379630	380636	up	(800, 450)	testing
3	rq	f	19	2	diamond	green	same	(968, 450)	(632, 450)	vert	up	True	382138	383501	up	(800, 450)	testing
3	rq	f	19	2	circle	none	same	N_dis	(800, 618)	hori	left	True	385146	386043	left	(800, 450)	testing
3	rq	f	19	2	circle	green	dif	(800, 618)	(968, 450)	hori	left	True	387447	388317	left	(800, 450)	testing
3	rq	f	19	2	circle	none	same	N_dis	(800, 282)	hori	left	True	389984	390685	left	(800, 450)	testing
3	rq	f	19	2	circle	green	dif	(800, 282)	(800, 618)	hori	left	True	392193	393068	left	(800, 450)	testing
3	rq	f	19	2	diamond	none	dif	N_dis	(800, 618)	vert	up	True	394677	395421	up	(800, 450)	testing
3	rq	f	19	2	circle	red	same	(800, 618)	(800, 282)	hori	left	True	396998	397853	left	(800, 450)	testing
3	rq	f	19	2	circle	none	dif	N_dis	(800, 618)	vert	up	True	399322	400349	up	(800, 450)	testing
3	rq	f	19	2	circle	red	dif	(968, 450)	(632, 450)	vert	up	True	401901	402989	up	(800, 450)	testing
3	rq	f	19	2	diamond	green	same	(968, 450)	(800, 282)	hori	left	True	404366	405244	left	(800, 450)	testing
3	rq	f	19	2	diamond	none	same	N_dis	(800, 282)	hori	left	True	406881	407693	left	(800, 450)	testing
3	rq	f	19	2	diamond	green	same	(800, 282)	(632, 450)	hori	left	True	409251	410220	left	(800, 450)	testing
3	rq	f	19	2	diamond	red	same	(800, 618)	(632, 450)	hori	left	True	411608	412589	left	(800, 450)	testing
3	rq	f	19	2	circle	none	same	N_dis	(800, 618)	hori	left	True	414009	415293	left	(800, 450)	testing
3	rq	f	19	2	diamond	none	dif	N_dis	(968, 450)	vert	up	True	416778	417677	up	(800, 450)	testing
3	rq	f	19	2	diamond	green	dif	(800, 618)	(632, 450)	hori	left	True	419174	420220	left	(800, 450)	testing
3	rq	f	19	2	diamond	none	same	N_dis	(968, 450)	vert	up	True	421604	422397	up	(800, 450)	testing
3	rq	f	19	2	circle	none	dif	N_dis	(800, 618)	vert	up	True	423851	425036	up	(800, 450)	testing
3	rq	f	19	2	circle	none	dif	N_dis	(632, 450)	vert	up	True	426525	427277	up	(800, 450)	testing
3	rq	f	19	2	diamond	green	dif	(968, 450)	(800, 282)	vert	up	True	428830	429869	up	(800, 450)	testing
3	rq	f	19	2	diamond	red	dif	(968, 450)	(632, 450)	hori	left	True	431255	432188	left	(800, 450)	testing
3	rq	f	19	2	diamond	red	same	(968, 450)	(800, 282)	vert	up	True	433832	435517	up	(800, 450)	testing
3	rq	f	19	2	diamond	red	same	(800, 282)	(632, 450)	vert	up	True	436961	437837	up	(800, 450)	testing
3	rq	f	19	2	circle	none	same	N_dis	(632, 450)	vert	up	True	439429	440316	up	(800, 450)	testing
3	rq	f	19	2	circle	none	dif	N_dis	(968, 450)	vert	up	True	441752	442493	up	(800, 450)	testing
3	rq	f	19	2	circle	green	same	(800, 282)	(632, 450)	hori	left	True	444078	445132	left	(800, 450)	testing
3	rq	f	19	2	circle	green	same	(800, 282)	(800, 618)	hori	left	True	446550	447581	left	(800, 450)	testing
3	rq	f	19	2	diamond	green	dif	(800, 282)	(632, 450)	hori	left	True	448986	449933	left	(800, 450)	testing
3	rq	f	19	2	diamond	green	same	(800, 618)	(968, 450)	hori	left	True	451533	452541	left	(800, 450)	testing
3	rq	f	19	2	diamond	green	same	(968, 450)	(632, 450)	vert	up	True	453940	455196	up	(800, 450)	testing
3	rq	f	19	2	diamond	red	dif	(800, 618)	(632, 450)	hori	left	True	456718	457709	left	(800, 450)	testing
3	rq	f	19	2	circle	red	same	(632, 450)	(800, 282)	vert	up	True	459190	460028	up	(800, 450)	testing
3	rq	f	19	2	diamond	green	dif	(968, 450)	(800, 618)	hori	left	True	461609	463100	left	(800, 450)	testing
3	rq	f	19	2	circle	red	dif	(800, 618)	(800, 282)	hori	left	True	464726	466188	left	(800, 450)	testing
3	rq	f	19	2	circle	none	dif	N_dis	(632, 450)	hori	left	True	467737	468749	left	(800, 450)	testing
3	rq	f	19	2	diamond	red	same	(968, 450)	(800, 618)	hori	left	True	470167	471277	left	(800, 450)	testing
3	rq	f	19	2	circle	none	dif	N_dis	(800, 282)	vert	up	True	472653	473613	up	(800, 450)	testing
3	rq	f	19	2	circle	none	same	N_dis	(632, 450)	vert	up	True	475035	476365	up	(800, 450)	testing
3	rq	f	19	2	diamond	none	same	N_dis	(632, 450)	hori	left	True	477835	478589	left	(800, 450)	testing
3	rq	f	19	2	diamond	green	same	(800, 282)	(968, 450)	vert	up	True	480064	480957	up	(800, 450)	testing
3	rq	f	19	2	circle	red	dif	(800, 282)	(632, 450)	vert	up	True	482563	483517	up	(800, 450)	testing
3	rq	f	19	2	circle	green	same	(968, 450)	(800, 282)	hori	left	True	485151	485981	left	(800, 450)	testing
3	rq	f	19	2	circle	red	same	(800, 282)	(800, 618)	vert	up	True	487531	488829	up	(800, 450)	testing
3	rq	f	19	2	diamond	green	dif	(800, 618)	(968, 450)	hori	left	True	490439	491260	left	(800, 450)	testing
3	rq	f	19	2	circle	none	dif	N_dis	(968, 450)	vert	up	True	492809	493549	up	(800, 450)	testing
3	rq	f	19	2	circle	red	dif	(800, 282)	(632, 450)	hori	left	True	495096	495901	left	(800, 450)	testing
3	rq	f	19	2	diamond	green	same	(800, 618)	(632, 450)	vert	up	True	497436	498637	up	(800, 450)	testing
3	rq	f	19	2	circle	none	dif	N_dis	(800, 618)	hori	left	True	500094	501196	left	(800, 450)	testing
3	rq	f	19	2	circle	green	same	(968, 450)	(800, 282)	hori	left	True	502667	503997	left	(800, 450)	testing
3	rq	f	19	2	circle	red	same	(800, 282)	(632, 450)	hori	left	True	505558	506541	left	(800, 450)	testing
3	rq	f	19	2	diamond	red	same	(800, 282)	(968, 450)	hori	left	True	508038	509004	left	(800, 450)	testing
3	rq	f	19	2	diamond	green	dif	(800, 618)	(800, 282)	hori	left	True	510539	511453	left	(800, 450)	testing
3	rq	f	19	2	diamond	green	same	(968, 450)	(800, 618)	vert	up	True	512839	514076	up	(800, 450)	testing
3	rq	f	19	2	diamond	green	same	(800, 282)	(632, 450)	vert	up	True	515637	516813	up	(800, 450)	testing
3	rq	f	19	2	diamond	green	dif	(968, 450)	(632, 450)	hori	left	True	518393	519421	left	(800, 450)	testing
3	rq	f	19	2	circle	red	same	(800, 618)	(968, 450)	vert	up	True	520958	522028	up	(800, 450)	testing
3	rq	f	19	2	diamond	red	dif	(968, 450)	(632, 450)	vert	up	True	523623	524557	up	(800, 450)	testing
3	rq	f	19	2	diamond	green	dif	(800, 282)	(968, 450)	hori	left	True	526017	526925	left	(800, 450)	testing
3	rq	f	19	2	diamond	none	dif	N_dis	(968, 450)	vert	up	True	528299	529100	up	(800, 450)	testing
3	rq	f	19	2	diamond	red	dif	(800, 618)	(800, 282)	vert	up	True	530638	531469	up	(800, 450)	testing
3	rq	f	19	2	circle	red	dif	(800, 282)	(968, 450)	vert	up	True	532936	534012	up	(800, 450)	testing
3	rq	f	19	2	diamond	none	dif	N_dis	(800, 282)	hori	left	True	535600	536605	left	(800, 450)	testing
3	rq	f	19	2	diamond	none	dif	N_dis	(800, 282)	hori	left	True	538085	539293	left	(800, 450)	testing
3	rq	f	19	2	circle	none	same	N_dis	(968, 450)	vert	up	True	540828	541853	up	(800, 450)	testing
3	rq	f	19	2	circle	red	dif	(800, 618)	(632, 450)	vert	up	True	543298	544397	up	(800, 450)	testing
3	rq	f	19	2	diamond	red	same	(800, 618)	(632, 450)	vert	up	True	546013	546877	up	(800, 450)	testing
3	rq	f	19	2	circle	red	dif	(800, 282)	(632, 450)	vert	up	True	548404	549309	up	(800, 450)	testing
3	rq	f	19	2	diamond	green	same	(968, 450)	(800, 282)	hori	left	True	550792	551677	left	(800, 450)	testing
3	rq	f	19	2	diamond	none	dif	N_dis	(800, 282)	vert	up	True	553222	554188	up	(800, 450)	testing
3	rq	f	19	2	circle	red	dif	(632, 450)	(800, 618)	hori	left	True	555657	556605	left	(800, 450)	testing
3	rq	f	19	2	circle	red	same	(800, 282)	(968, 450)	vert	up	True	558036	558845	up	(800, 450)	testing
3	rq	f	19	2	circle	red	same	(800, 618)	(968, 450)	hori	left	True	560388	561789	left	(800, 450)	testing
3	rq	f	19	2	circle	red	dif	(968, 450)	(800, 282)	vert	up	True	563371	564301	up	(800, 450)	testing
3	rq	f	19	2	diamond	red	same	(800, 618)	(800, 282)	vert	up	True	565917	566749	up	(800, 450)	testing
3	rq	f	19	2	circle	green	same	(800, 282)	(632, 450)	vert	up	True	568291	569277	up	(800, 450)	testing
3	rq	f	19	2	diamond	red	dif	(968, 450)	(632, 450)	hori	left	True	570706	571725	left	(800, 450)	testing
3	rq	f	19	2	diamond	red	dif	(800, 282)	(632, 450)	vert	up	True	573270	574076	up	(800, 450)	testing
3	rq	f	19	2	circle	red	same	(800, 282)	(800, 618)	hori	left	True	575620	576477	left	(800, 450)	testing
3	rq	f	19	2	circle	green	same	(800, 282)	(800, 618)	hori	left	True	577916	578685	left	(800, 450)	testing
3	rq	f	19	2	circle	green	same	(800, 282)	(968, 450)	hori	left	True	580124	581132	left	(800, 450)	testing
3	rq	f	19	2	circle	none	same	N_dis	(800, 282)	vert	up	True	582806	583677	up	(800, 450)	testing
3	rq	f	19	2	circle	green	dif	(968, 450)	(800, 618)	hori	left	True	585058	586188	left	(800, 450)	testing
3	rq	f	19	2	circle	green	same	(800, 618)	(968, 450)	hori	left	True	587628	588653	left	(800, 450)	testing
3	rq	f	19	2	diamond	none	same	N_dis	(800, 618)	hori	left	True	590275	591212	left	(800, 450)	testing
3	rq	f	19	2	diamond	red	same	(968, 450)	(632, 450)	hori	left	True	592805	593661	left	(800, 450)	testing
3	rq	f	19	2	diamond	red	same	(800, 618)	(968, 450)	hori	left	True	595211	596044	left	(800, 450)	testing
3	rq	f	19	2	circle	none	dif	N_dis	(800, 618)	vert	up	True	597657	599068	up	(800, 450)	testing
3	rq	f	19	2	diamond	none	same	N_dis	(968, 450)	vert	up	True	600497	601277	up	(800, 450)	testing
3	rq	f	19	2	diamond	red	dif	(968, 450)	(632, 450)	vert	up	True	602856	603549	up	(800, 450)	testing
3	rq	f	19	2	diamond	red	same	(968, 450)	(632, 450)	vert	up	True	605185	605885	up	(800, 450)	testing
3	rq	f	19	2	circle	none	same	N_dis	(800, 282)	vert	up	True	607342	608204	up	(800, 450)	testing
3	rq	f	19	2	circle	red	dif	(968, 450)	(632, 450)	hori	left	True	609832	611485	left	(800, 450)	testing
3	rq	f	19	2	diamond	green	same	(800, 282)	(632, 450)	vert	up	True	613131	614333	up	(800, 450)	testing
3	rq	f	19	2	diamond	red	dif	(800, 618)	(968, 450)	vert	up	True	615982	616877	up	(800, 450)	testing
3	rq	f	19	2	circle	red	dif	(800, 282)	(800, 618)	vert	up	True	618514	619565	up	(800, 450)	testing
3	rq	f	19	2	diamond	green	same	(968, 450)	(800, 618)	hori	left	True	621077	622188	left	(800, 450)	testing
3	rq	f	19	2	circle	none	dif	N_dis	(632, 450)	hori	left	True	623704	624669	left	(800, 450)	testing
3	rq	f	19	2	circle	none	dif	N_dis	(968, 450)	hori	left	True	626149	626989	left	(800, 450)	testing
3	rq	f	19	2	circle	red	same	(968, 450)	(800, 282)	hori	left	True	628411	629437	left	(800, 450)	testing
3	rq	f	19	2	diamond	green	same	(968, 450)	(800, 282)	hori	left	True	630895	632733	left	(800, 450)	testing
3	rq	f	19	2	circle	none	dif	N_dis	(968, 450)	vert	up	True	634193	635116	up	(800, 450)	testing
3	rq	f	19	2	circle	red	same	(800, 618)	(632, 450)	vert	up	True	636616	637661	up	(800, 450)	testing
3	rq	f	19	2	circle	none	dif	N_dis	(632, 450)	hori	left	True	639278	640076	left	(800, 450)	testing
3	rq	f	19	2	circle	green	same	(968, 450)	(800, 282)	vert	up	True	641712	642541	up	(800, 450)	testing
3	rq	f	19	2	circle	green	dif	(800, 282)	(632, 450)	vert	up	True	644184	645228	up	(800, 450)	testing
3	rq	f	19	2	circle	none	same	N_dis	(800, 618)	hori	left	True	646603	647725	left	(800, 450)	testing
3	rq	f	19	2	circle	none	same	N_dis	(968, 450)	hori	left	True	649330	650108	left	(800, 450)	testing
3	rq	f	19	2	circle	red	same	(800, 618)	(800, 282)	vert	up	True	651547	652269	up	(800, 450)	testing
3	rq	f	19	2	circle	red	same	(800, 282)	(800, 618)	vert	up	True	653900	654781	up	(800, 450)	testing
3	rq	f	19	2	diamond	green	dif	(968, 450)	(632, 450)	hori	left	True	656420	657325	left	(800, 450)	testing
3	rq	f	19	2	circle	green	same	(800, 618)	(968, 450)	vert	up	True	658832	660028	up	(800, 450)	testing
3	rq	f	19	2	diamond	red	same	(800, 282)	(968, 450)	vert	up	True	661482	662845	up	(800, 450)	testing
3	rq	f	19	2	diamond	red	dif	(800, 618)	(800, 282)	hori	left	True	664251	665196	left	(800, 450)	testing
3	rq	f	19	2	diamond	green	dif	(800, 282)	(632, 450)	hori	left	True	666742	667805	left	(800, 450)	testing
3	rq	f	19	2	circle	red	dif	(632, 450)	(800, 282)	vert	up	True	669476	670541	up	(800, 450)	testing
3	rq	f	19	2	diamond	red	dif	(800, 618)	(968, 450)	hori	left	True	671964	672989	left	(800, 450)	testing
3	rq	f	19	2	diamond	none	same	N_dis	(800, 618)	hori	left	True	674410	675405	left	(800, 450)	testing
3	rq	f	19	2	circle	green	same	(800, 618)	(632, 450)	vert	up	True	676915	678204	up	(800, 450)	testing
3	rq	f	19	2	diamond	green	dif	(800, 618)	(968, 450)	hori	left	True	679776	680829	left	(800, 450)	testing
3	rq	f	19	2	circle	red	dif	(968, 450)	(632, 450)	hori	left	True	682346	683180	left	(800, 450)	testing
3	rq	f	19	2	diamond	none	same	N_dis	(800, 282)	hori	left	True	684692	685389	left	(800, 450)	testing
3	rq	f	19	2	diamond	red	dif	(800, 618)	(632, 450)	vert	up	True	687017	688140	up	(800, 450)	testing
3	rq	f	19	2	diamond	green	dif	(800, 618)	(800, 282)	vert	up	True	689801	690589	up	(800, 450)	testing
3	rq	f	19	2	circle	red	dif	(800, 282)	(800, 618)	hori	left	True	692155	692973	left	(800, 450)	testing
3	rq	f	19	2	circle	red	same	(968, 450)	(800, 618)	hori	left	True	694539	695661	left	(800, 450)	testing
3	rq	f	19	2	diamond	green	same	(968, 450)	(800, 618)	vert	up	True	697178	698285	up	(800, 450)	testing
3	rq	f	19	2	circle	green	same	(968, 450)	(800, 282)	vert	up	True	699949	700909	up	(800, 450)	testing
3	rq	f	19	2	diamond	green	same	(968, 450)	(800, 618)	hori	left	True	702317	703180	left	(800, 450)	testing
3	rq	f	19	2	diamond	green	same	(968, 450)	(800, 282)	hori	left	True	704701	705373	left	(800, 450)	testing
3	rq	f	19	2	circle	green	dif	(968, 450)	(800, 282)	hori	left	True	706972	707629	left	(800, 450)	testing
3	rq	f	19	2	circle	red	same	(800, 618)	(968, 450)	hori	left	True	709201	709965	left	(800, 450)	testing
3	rq	f	19	2	diamond	red	same	(800, 282)	(632, 450)	hori	left	True	711456	712156	left	(800, 450)	testing
3	rq	f	19	2	diamond	red	same	(800, 618)	(968, 450)	hori	left	True	713826	714477	left	(800, 450)	testing
3	rq	f	19	2	diamond	red	same	(632, 450)	(968, 450)	vert	up	True	715998	716733	up	(800, 450)	testing
3	rq	f	19	2	circle	none	dif	N_dis	(968, 450)	hori	left	True	718153	718781	left	(800, 450)	testing
3	rq	f	19	2	diamond	none	dif	N_dis	(968, 450)	hori	left	True	720154	720717	left	(800, 450)	testing
3	rq	f	19	2	circle	none	same	N_dis	(632, 450)	hori	left	True	722361	723164	left	(800, 450)	testing
3	rq	f	19	2	diamond	none	dif	N_dis	(800, 282)	vert	up	True	724702	725341	up	(800, 450)	testing
3	rq	f	19	2	circle	red	same	(800, 282)	(968, 450)	vert	up	True	726981	728012	up	(800, 450)	testing
3	rq	f	19	2	diamond	none	dif	N_dis	(800, 618)	vert	up	True	729412	730236	up	(800, 450)	testing
3	rq	f	19	2	circle	green	same	(800, 618)	(632, 450)	hori	left	True	731717	732845	left	(800, 450)	testing
3	rq	f	19	2	diamond	green	same	(800, 282)	(800, 618)	vert	up	True	734304	735244	up	(800, 450)	testing
3	rq	f	19	2	diamond	green	dif	(968, 450)	(800, 282)	vert	up	True	736756	737613	up	(800, 450)	testing
3	rq	f	19	2	diamond	none	dif	N_dis	(632, 450)	vert	up	True	739175	739885	up	(800, 450)	testing
3	rq	f	19	2	circle	red	same	(800, 282)	(968, 450)	hori	left	True	741500	742445	left	(800, 450)	testing
3	rq	f	19	2	diamond	none	dif	N_dis	(800, 618)	vert	up	True	744052	744829	up	(800, 450)	testing
3	rq	f	19	2	circle	none	dif	N_dis	(632, 450)	vert	up	True	746217	747036	up	(800, 450)	testing
3	rq	f	19	2	circle	green	dif	(968, 450)	(632, 450)	vert	up	True	748624	749389	up	(800, 450)	testing
3	rq	f	19	2	diamond	none	dif	N_dis	(968, 450)	hori	left	True	750998	751837	left	(800, 450)	testing
3	rq	f	19	2	circle	red	dif	(968, 450)	(800, 282)	vert	up	True	753370	754092	up	(800, 450)	testing
3	rq	f	19	2	diamond	red	same	(800, 282)	(968, 450)	hori	left	True	755733	756429	left	(800, 450)	testing
3	rq	f	19	2	diamond	red	dif	(800, 618)	(632, 450)	vert	up	True	758032	759180	up	(800, 450)	testing
3	rq	f	19	2	circle	red	dif	(800, 618)	(632, 450)	hori	left	True	760790	761517	left	(800, 450)	testing
3	rq	f	19	2	diamond	green	dif	(968, 450)	(800, 282)	hori	left	True	762997	764028	up	(800, 450)	testing
3	rq	f	19	2	circle	none	same	N_dis	(800, 282)	hori	left	True	766970	767901	left	(800, 450)	testing
3	rq	f	19	2	circle	green	dif	(800, 282)	(968, 450)	hori	left	True	769365	770044	left	(800, 450)	testing
3	rq	f	19	2	circle	red	dif	(800, 282)	(968, 450)	vert	up	True	771512	772381	up	(800, 450)	testing
