subj	name	gender	age	runNum	shape	dist	td_dif	d_loc	t_loc	resp	resp_key	gotKey	startTime	respTime	resp	fix_loc	prac
3	rq	f	19	3	circle	green	same	(968, 450)	(800, 282)	hori	left	True	20741	22238	left	(800, 450)	testing
3	rq	f	19	3	circle	red	dif	(968, 450)	(800, 282)	vert	up	True	23694	25230	up	(800, 450)	testing
3	rq	f	19	3	diamond	none	dif	N_dis	(800, 618)	vert	up	True	26832	27614	up	(800, 450)	testing
3	rq	f	19	3	circle	green	dif	(800, 618)	(800, 282)	vert	up	True	29122	30013	up	(800, 450)	testing
3	rq	f	19	3	diamond	green	same	(632, 450)	(968, 450)	vert	up	True	31529	32334	up	(800, 450)	testing
3	rq	f	19	3	diamond	red	dif	(968, 450)	(632, 450)	hori	left	True	33800	34734	left	(800, 450)	testing
3	rq	f	19	3	diamond	green	same	(968, 450)	(800, 618)	vert	up	True	36159	37165	up	(800, 450)	testing
3	rq	f	19	3	diamond	red	dif	(632, 450)	(800, 618)	vert	up	True	38586	39470	up	(800, 450)	testing
3	rq	f	19	3	diamond	green	same	(800, 618)	(968, 450)	vert	up	True	40857	41934	up	(800, 450)	testing
3	rq	f	19	3	circle	none	same	N_dis	(968, 450)	hori	left	True	43377	44270	left	(800, 450)	testing
3	rq	f	19	3	circle	none	same	N_dis	(800, 282)	vert	up	True	45651	46654	up	(800, 450)	testing
3	rq	f	19	3	circle	red	same	(968, 450)	(800, 282)	vert	up	True	48139	49646	up	(800, 450)	testing
3	rq	f	19	3	diamond	none	same	N_dis	(968, 450)	hori	left	True	51034	52158	left	(800, 450)	testing
3	rq	f	19	3	diamond	green	same	(800, 282)	(632, 450)	hori	left	True	53692	54542	left	(800, 450)	testing
3	rq	f	19	3	diamond	red	same	(800, 618)	(968, 450)	hori	left	True	55957	56830	left	(800, 450)	testing
3	rq	f	19	3	diamond	none	same	N_dis	(968, 450)	vert	up	True	58284	59278	up	(800, 450)	testing
3	rq	f	19	3	circle	none	same	N_dis	(800, 618)	hori	left	True	60687	61934	left	(800, 450)	testing
3	rq	f	19	3	circle	red	same	(800, 618)	(632, 450)	hori	left	True	63444	64254	left	(800, 450)	testing
3	rq	f	19	3	circle	none	dif	N_dis	(800, 618)	vert	up	True	65743	66846	up	(800, 450)	testing
3	rq	f	19	3	circle	green	same	(800, 282)	(968, 450)	vert	up	True	68268	69133	up	(800, 450)	testing
3	rq	f	19	3	diamond	none	dif	N_dis	(968, 450)	hori	left	True	70521	71342	left	(800, 450)	testing
3	rq	f	19	3	circle	green	dif	(800, 282)	(632, 450)	vert	up	True	72914	73950	up	(800, 450)	testing
3	rq	f	19	3	circle	red	same	(800, 282)	(632, 450)	hori	left	True	75472	76590	left	(800, 450)	testing
3	rq	f	19	3	circle	red	dif	(632, 450)	(800, 282)	hori	left	True	78214	79133	left	(800, 450)	testing
3	rq	f	19	3	diamond	red	dif	(800, 282)	(968, 450)	hori	left	True	80525	81374	left	(800, 450)	testing
3	rq	f	19	3	circle	green	dif	(800, 618)	(800, 282)	hori	left	True	82906	83838	left	(800, 450)	testing
3	rq	f	19	3	circle	red	same	(800, 618)	(800, 282)	vert	up	True	85501	86542	up	(800, 450)	testing
3	rq	f	19	3	circle	none	dif	N_dis	(632, 450)	hori	left	True	87965	88910	left	(800, 450)	testing
3	rq	f	19	3	diamond	none	dif	N_dis	(800, 618)	vert	up	True	90376	91149	up	(800, 450)	testing
3	rq	f	19	3	circle	none	dif	N_dis	(800, 618)	vert	up	True	92540	93502	up	(800, 450)	testing
3	rq	f	19	3	diamond	red	same	(632, 450)	(800, 618)	hori	left	True	95114	95966	left	(800, 450)	testing
3	rq	f	19	3	diamond	green	dif	(800, 282)	(800, 618)	hori	left	True	97624	98574	left	(800, 450)	testing
3	rq	f	19	3	diamond	green	dif	(968, 450)	(800, 282)	vert	up	True	100024	101086	up	(800, 450)	testing
3	rq	f	19	3	diamond	green	same	(800, 282)	(800, 618)	vert	up	True	102572	103694	up	(800, 450)	testing
3	rq	f	19	3	circle	none	dif	N_dis	(800, 282)	vert	up	True	105186	106223	up	(800, 450)	testing
3	rq	f	19	3	circle	none	dif	N_dis	(968, 450)	hori	left	True	107721	108526	left	(800, 450)	testing
3	rq	f	19	3	circle	green	same	(968, 450)	(632, 450)	hori	left	True	110197	110958	left	(800, 450)	testing
3	rq	f	19	3	circle	green	dif	(968, 450)	(800, 618)	hori	left	True	112439	113310	left	(800, 450)	testing
3	rq	f	19	3	circle	green	same	(800, 618)	(968, 450)	hori	left	True	114759	115598	left	(800, 450)	testing
3	rq	f	19	3	diamond	green	dif	(632, 450)	(968, 450)	hori	left	True	117091	117998	left	(800, 450)	testing
3	rq	f	19	3	diamond	red	same	(632, 450)	(968, 450)	vert	up	True	119458	120334	up	(800, 450)	testing
3	rq	f	19	3	diamond	none	same	N_dis	(632, 450)	vert	up	True	121831	122622	up	(800, 450)	testing
3	rq	f	19	3	circle	none	same	N_dis	(632, 450)	hori	left	True	124296	125566	left	(800, 450)	testing
3	rq	f	19	3	diamond	red	dif	(800, 282)	(968, 450)	hori	left	True	126941	127806	left	(800, 450)	testing
3	rq	f	19	3	diamond	none	same	N_dis	(800, 282)	hori	left	True	129182	129838	left	(800, 450)	testing
3	rq	f	19	3	circle	green	same	(968, 450)	(800, 618)	hori	left	True	131217	131950	left	(800, 450)	testing
3	rq	f	19	3	circle	red	same	(800, 618)	(968, 450)	hori	left	True	133496	134766	left	(800, 450)	testing
3	rq	f	19	3	circle	none	same	N_dis	(632, 450)	hori	left	True	136284	137438	left	(800, 450)	testing
3	rq	f	19	3	diamond	red	dif	(800, 618)	(632, 450)	vert	up	True	138952	139870	up	(800, 450)	testing
3	rq	f	19	3	diamond	green	dif	(800, 282)	(800, 618)	hori	left	True	141382	142366	left	(800, 450)	testing
3	rq	f	19	3	diamond	red	same	(632, 450)	(800, 282)	hori	left	True	143964	144894	left	(800, 450)	testing
3	rq	f	19	3	diamond	red	same	(632, 450)	(800, 282)	hori	left	True	146401	147278	left	(800, 450)	testing
3	rq	f	19	3	circle	green	dif	(968, 450)	(632, 450)	vert	up	True	148796	149998	up	(800, 450)	testing
3	rq	f	19	3	diamond	green	dif	(632, 450)	(968, 450)	vert	up	True	151571	152670	up	(800, 450)	testing
3	rq	f	19	3	circle	red	dif	(800, 282)	(968, 450)	hori	left	True	154139	155005	left	(800, 450)	testing
3	rq	f	19	3	diamond	none	same	N_dis	(800, 282)	hori	left	True	156486	157774	left	(800, 450)	testing
3	rq	f	19	3	circle	red	dif	(800, 618)	(632, 450)	hori	left	True	159282	160270	left	(800, 450)	testing
3	rq	f	19	3	diamond	none	dif	N_dis	(800, 282)	vert	up	True	161704	162766	up	(800, 450)	testing
3	rq	f	19	3	diamond	none	dif	N_dis	(632, 450)	hori	left	True	164430	165358	left	(800, 450)	testing
3	rq	f	19	3	circle	red	dif	(632, 450)	(800, 618)	vert	up	True	166837	167966	up	(800, 450)	testing
3	rq	f	19	3	circle	green	same	(968, 450)	(800, 282)	hori	left	True	169594	170318	up	(800, 450)	testing
3	rq	f	19	3	circle	red	dif	(968, 450)	(800, 282)	vert	up	True	173281	174399	up	(800, 450)	testing
3	rq	f	19	3	diamond	none	dif	N_dis	(800, 618)	vert	up	True	175774	176702	up	(800, 450)	testing
3	rq	f	19	3	circle	green	dif	(800, 618)	(800, 282)	vert	up	True	178328	179438	up	(800, 450)	testing
3	rq	f	19	3	diamond	green	same	(632, 450)	(968, 450)	vert	up	True	181097	182029	up	(800, 450)	testing
3	rq	f	19	3	diamond	red	dif	(968, 450)	(632, 450)	vert	up	True	183610	184815	up	(800, 450)	testing
3	rq	f	19	3	diamond	green	same	(968, 450)	(800, 618)	hori	left	True	186371	187694	left	(800, 450)	testing
3	rq	f	19	3	diamond	red	dif	(632, 450)	(800, 618)	hori	left	True	189161	190141	left	(800, 450)	testing
3	rq	f	19	3	diamond	green	same	(800, 618)	(968, 450)	vert	up	True	191578	192431	up	(800, 450)	testing
3	rq	f	19	3	circle	none	same	N_dis	(968, 450)	vert	up	True	194044	194926	up	(800, 450)	testing
3	rq	f	19	3	circle	none	same	N_dis	(800, 282)	hori	left	True	196355	197326	left	(800, 450)	testing
3	rq	f	19	3	circle	red	same	(968, 450)	(800, 282)	vert	up	True	198811	199966	up	(800, 450)	testing
3	rq	f	19	3	diamond	none	same	N_dis	(968, 450)	vert	up	True	201529	202862	up	(800, 450)	testing
3	rq	f	19	3	diamond	green	same	(800, 282)	(632, 450)	vert	up	True	204240	205614	up	(800, 450)	testing
3	rq	f	19	3	diamond	red	same	(800, 618)	(968, 450)	vert	up	True	206999	207951	up	(800, 450)	testing
3	rq	f	19	3	diamond	none	same	N_dis	(968, 450)	hori	left	True	209504	210926	left	(800, 450)	testing
3	rq	f	19	3	circle	none	same	N_dis	(800, 618)	vert	up	True	212553	213807	up	(800, 450)	testing
3	rq	f	19	3	circle	red	same	(800, 618)	(632, 450)	hori	left	True	215467	216350	left	(800, 450)	testing
3	rq	f	19	3	circle	none	dif	N_dis	(800, 618)	hori	left	True	217984	218958	left	(800, 450)	testing
3	rq	f	19	3	circle	green	same	(800, 282)	(968, 450)	vert	up	True	220406	221534	up	(800, 450)	testing
3	rq	f	19	3	diamond	none	dif	N_dis	(968, 450)	hori	left	True	223076	223790	left	(800, 450)	testing
3	rq	f	19	3	circle	green	dif	(800, 282)	(632, 450)	vert	up	True	225415	226751	up	(800, 450)	testing
3	rq	f	19	3	circle	red	same	(800, 282)	(632, 450)	vert	up	True	228419	229342	up	(800, 450)	testing
3	rq	f	19	3	circle	red	dif	(632, 450)	(800, 282)	vert	up	True	230770	232014	up	(800, 450)	testing
3	rq	f	19	3	diamond	red	dif	(800, 282)	(968, 450)	vert	up	True	233403	234351	up	(800, 450)	testing
3	rq	f	19	3	circle	green	dif	(800, 618)	(800, 282)	vert	up	True	235744	236958	up	(800, 450)	testing
3	rq	f	19	3	circle	red	same	(800, 618)	(800, 282)	vert	up	True	238605	239631	up	(800, 450)	testing
3	rq	f	19	3	circle	none	dif	N_dis	(632, 450)	vert	up	True	241194	242286	up	(800, 450)	testing
3	rq	f	19	3	diamond	none	dif	N_dis	(800, 618)	vert	up	True	243672	244638	up	(800, 450)	testing
3	rq	f	19	3	circle	none	dif	N_dis	(800, 618)	hori	left	True	246035	246815	left	(800, 450)	testing
3	rq	f	19	3	diamond	red	same	(632, 450)	(800, 618)	vert	up	True	248410	249502	up	(800, 450)	testing
3	rq	f	19	3	diamond	green	dif	(800, 282)	(800, 618)	hori	left	True	251030	252207	left	(800, 450)	testing
3	rq	f	19	3	diamond	green	dif	(968, 450)	(800, 282)	hori	left	True	253858	254943	left	(800, 450)	testing
3	rq	f	19	3	diamond	green	same	(800, 282)	(800, 618)	hori	left	True	256368	257295	left	(800, 450)	testing
3	rq	f	19	3	circle	none	dif	N_dis	(800, 282)	hori	left	True	258743	259679	left	(800, 450)	testing
3	rq	f	19	3	circle	none	dif	N_dis	(968, 450)	hori	left	True	261207	262223	left	(800, 450)	testing
3	rq	f	19	3	circle	green	same	(968, 450)	(632, 450)	hori	left	True	263702	264783	left	(800, 450)	testing
3	rq	f	19	3	circle	green	dif	(968, 450)	(800, 618)	hori	left	True	266160	266895	left	(800, 450)	testing
3	rq	f	19	3	circle	green	same	(800, 618)	(968, 450)	hori	left	True	268440	269390	left	(800, 450)	testing
3	rq	f	19	3	diamond	green	dif	(632, 450)	(968, 450)	hori	left	True	270859	271727	left	(800, 450)	testing
3	rq	f	19	3	diamond	red	same	(632, 450)	(968, 450)	hori	left	True	273193	274238	left	(800, 450)	testing
3	rq	f	19	3	diamond	none	same	N_dis	(632, 450)	hori	left	True	275649	276783	left	(800, 450)	testing
3	rq	f	19	3	circle	none	same	N_dis	(632, 450)	vert	up	True	278348	279663	up	(800, 450)	testing
3	rq	f	19	3	diamond	red	dif	(800, 282)	(968, 450)	vert	up	True	281160	282173	up	(800, 450)	testing
3	rq	f	19	3	diamond	none	same	N_dis	(800, 282)	vert	up	True	283651	284751	up	(800, 450)	testing
3	rq	f	19	3	circle	green	same	(968, 450)	(800, 618)	hori	left	True	286398	288157	left	(800, 450)	testing
3	rq	f	19	3	circle	red	same	(800, 618)	(968, 450)	hori	left	True	289673	290495	left	(800, 450)	testing
3	rq	f	19	3	circle	none	same	N_dis	(632, 450)	hori	left	True	292018	292974	left	(800, 450)	testing
3	rq	f	19	3	diamond	red	dif	(800, 618)	(632, 450)	vert	up	True	294455	295422	up	(800, 450)	testing
3	rq	f	19	3	diamond	green	dif	(800, 282)	(800, 618)	vert	up	True	297081	298222	up	(800, 450)	testing
3	rq	f	19	3	diamond	red	same	(632, 450)	(800, 282)	vert	up	True	299621	300687	up	(800, 450)	testing
3	rq	f	19	3	diamond	red	same	(632, 450)	(800, 282)	hori	left	True	302154	303117	left	(800, 450)	testing
3	rq	f	19	3	circle	green	dif	(968, 450)	(632, 450)	vert	up	True	304527	305774	up	(800, 450)	testing
3	rq	f	19	3	diamond	green	dif	(632, 450)	(968, 450)	hori	left	True	307363	308238	left	(800, 450)	testing
3	rq	f	19	3	circle	red	dif	(800, 282)	(968, 450)	hori	left	True	309758	310783	left	(800, 450)	testing
3	rq	f	19	3	diamond	none	same	N_dis	(800, 282)	vert	up	True	312378	313279	up	(800, 450)	testing
3	rq	f	19	3	circle	red	dif	(800, 618)	(632, 450)	vert	up	True	314898	316271	up	(800, 450)	testing
3	rq	f	19	3	diamond	none	dif	N_dis	(800, 282)	vert	up	True	317819	318750	up	(800, 450)	testing
3	rq	f	19	3	diamond	none	dif	N_dis	(632, 450)	hori	left	True	320359	321279	left	(800, 450)	testing
3	rq	f	19	3	circle	red	dif	(632, 450)	(800, 618)	vert	up	True	322805	324399	up	(800, 450)	testing
3	rq	f	19	3	circle	green	same	(968, 450)	(800, 282)	vert	up	True	326068	327407	up	(800, 450)	testing
3	rq	f	19	3	circle	red	dif	(968, 450)	(800, 282)	hori	left	True	328923	330415	up	(800, 450)	testing
3	rq	f	19	3	diamond	none	dif	N_dis	(800, 618)	vert	up	True	333398	334543	up	(800, 450)	testing
3	rq	f	19	3	circle	green	dif	(800, 618)	(800, 282)	vert	up	True	336040	337391	up	(800, 450)	testing
3	rq	f	19	3	diamond	green	same	(632, 450)	(968, 450)	hori	left	True	338922	340110	left	(800, 450)	testing
3	rq	f	19	3	diamond	red	dif	(968, 450)	(632, 450)	hori	left	True	341497	342526	left	(800, 450)	testing
3	rq	f	19	3	diamond	green	same	(968, 450)	(800, 618)	hori	left	True	343907	344894	left	(800, 450)	testing
3	rq	f	19	3	diamond	red	dif	(632, 450)	(800, 618)	vert	up	True	346304	347711	up	(800, 450)	testing
3	rq	f	19	3	diamond	green	same	(800, 618)	(968, 450)	hori	left	True	349310	350319	left	(800, 450)	testing
3	rq	f	19	3	circle	none	same	N_dis	(968, 450)	vert	up	True	351832	352735	up	(800, 450)	testing
3	rq	f	19	3	circle	none	same	N_dis	(800, 282)	vert	up	True	354261	355149	up	(800, 450)	testing
3	rq	f	19	3	circle	red	same	(968, 450)	(800, 282)	vert	up	True	356641	357775	up	(800, 450)	testing
3	rq	f	19	3	diamond	none	same	N_dis	(968, 450)	vert	up	True	359414	360654	up	(800, 450)	testing
3	rq	f	19	3	diamond	green	same	(800, 282)	(632, 450)	hori	left	True	362224	363117	left	(800, 450)	testing
3	rq	f	19	3	diamond	red	same	(800, 618)	(968, 450)	vert	up	True	364563	365534	up	(800, 450)	testing
3	rq	f	19	3	diamond	none	same	N_dis	(968, 450)	hori	left	True	366949	367951	left	(800, 450)	testing
3	rq	f	19	3	circle	none	same	N_dis	(800, 618)	vert	up	True	369566	370879	up	(800, 450)	testing
3	rq	f	19	3	circle	red	same	(800, 618)	(632, 450)	vert	up	True	372391	373567	up	(800, 450)	testing
3	rq	f	19	3	circle	none	dif	N_dis	(800, 618)	hori	left	True	375215	376271	left	(800, 450)	testing
3	rq	f	19	3	circle	green	same	(800, 282)	(968, 450)	hori	left	True	377786	378895	left	(800, 450)	testing
3	rq	f	19	3	diamond	none	dif	N_dis	(968, 450)	vert	up	True	380419	381839	up	(800, 450)	testing
3	rq	f	19	3	circle	green	dif	(800, 282)	(632, 450)	vert	up	True	383259	384366	up	(800, 450)	testing
3	rq	f	19	3	circle	red	same	(800, 282)	(632, 450)	vert	up	True	385855	386751	up	(800, 450)	testing
3	rq	f	19	3	circle	red	dif	(632, 450)	(800, 282)	vert	up	True	388365	389311	up	(800, 450)	testing
3	rq	f	19	3	diamond	red	dif	(800, 282)	(968, 450)	hori	left	True	390846	392014	left	(800, 450)	testing
3	rq	f	19	3	circle	green	dif	(800, 618)	(800, 282)	vert	up	True	393538	394511	up	(800, 450)	testing
3	rq	f	19	3	circle	red	same	(800, 618)	(800, 282)	hori	left	True	395917	396734	left	(800, 450)	testing
3	rq	f	19	3	circle	none	dif	N_dis	(632, 450)	vert	up	True	398196	399054	up	(800, 450)	testing
3	rq	f	19	3	diamond	none	dif	N_dis	(800, 618)	hori	left	True	400591	401455	left	(800, 450)	testing
3	rq	f	19	3	circle	none	dif	N_dis	(800, 618)	hori	left	True	402864	403807	left	(800, 450)	testing
3	rq	f	19	3	diamond	red	same	(632, 450)	(800, 618)	hori	left	True	405268	406479	left	(800, 450)	testing
3	rq	f	19	3	diamond	green	dif	(800, 282)	(800, 618)	hori	left	True	407856	408767	left	(800, 450)	testing
3	rq	f	19	3	diamond	green	dif	(968, 450)	(800, 282)	vert	up	True	410162	411263	up	(800, 450)	testing
3	rq	f	19	3	diamond	green	same	(800, 282)	(800, 618)	hori	left	True	412903	413759	left	(800, 450)	testing
3	rq	f	19	3	circle	none	dif	N_dis	(800, 282)	vert	up	True	415356	416463	up	(800, 450)	testing
3	rq	f	19	3	circle	none	dif	N_dis	(968, 450)	vert	up	True	418051	418927	up	(800, 450)	testing
3	rq	f	19	3	circle	green	same	(968, 450)	(632, 450)	hori	left	True	420307	421086	left	(800, 450)	testing
3	rq	f	19	3	circle	green	dif	(968, 450)	(800, 618)	vert	up	True	422497	423551	up	(800, 450)	testing
3	rq	f	19	3	circle	green	same	(800, 618)	(968, 450)	vert	up	True	425183	426239	up	(800, 450)	testing
3	rq	f	19	3	diamond	green	dif	(632, 450)	(968, 450)	vert	up	True	427810	428511	up	(800, 450)	testing
3	rq	f	19	3	diamond	red	same	(632, 450)	(968, 450)	hori	left	True	430002	430831	left	(800, 450)	testing
3	rq	f	19	3	diamond	none	same	N_dis	(632, 450)	vert	up	True	432283	433295	up	(800, 450)	testing
3	rq	f	19	3	circle	none	same	N_dis	(632, 450)	vert	up	True	434804	435646	up	(800, 450)	testing
3	rq	f	19	3	diamond	red	dif	(800, 282)	(968, 450)	vert	up	True	437106	437823	up	(800, 450)	testing
3	rq	f	19	3	diamond	none	same	N_dis	(800, 282)	vert	up	True	439405	440142	up	(800, 450)	testing
3	rq	f	19	3	circle	green	same	(968, 450)	(800, 618)	vert	up	True	441521	442655	up	(800, 450)	testing
3	rq	f	19	3	circle	red	same	(800, 618)	(968, 450)	hori	left	True	444264	445423	left	(800, 450)	testing
3	rq	f	19	3	circle	none	same	N_dis	(632, 450)	vert	up	True	447096	448062	up	(800, 450)	testing
3	rq	f	19	3	diamond	red	dif	(800, 618)	(632, 450)	vert	up	True	449540	450479	up	(800, 450)	testing
3	rq	f	19	3	diamond	green	dif	(800, 282)	(800, 618)	vert	up	True	451863	452623	up	(800, 450)	testing
3	rq	f	19	3	diamond	red	same	(632, 450)	(800, 282)	vert	up	True	454083	454751	up	(800, 450)	testing
3	rq	f	19	3	diamond	red	same	(632, 450)	(800, 282)	vert	up	True	456244	456863	up	(800, 450)	testing
3	rq	f	19	3	circle	green	dif	(968, 450)	(632, 450)	hori	left	True	458484	459310	left	(800, 450)	testing
3	rq	f	19	3	diamond	green	dif	(632, 450)	(968, 450)	vert	up	True	460788	461967	up	(800, 450)	testing
3	rq	f	19	3	circle	red	dif	(800, 282)	(968, 450)	hori	left	True	463582	464558	left	(800, 450)	testing
3	rq	f	19	3	diamond	none	same	N_dis	(800, 282)	vert	up	True	466156	466911	up	(800, 450)	testing
3	rq	f	19	3	circle	red	dif	(800, 618)	(632, 450)	vert	up	True	468413	469535	up	(800, 450)	testing
3	rq	f	19	3	diamond	none	dif	N_dis	(800, 282)	vert	up	True	471024	471711	up	(800, 450)	testing
3	rq	f	19	3	diamond	none	dif	N_dis	(632, 450)	hori	left	True	473232	474158	left	(800, 450)	testing
3	rq	f	19	3	circle	red	dif	(632, 450)	(800, 618)	hori	left	True	475617	477311	left	(800, 450)	testing
3	rq	f	19	3	circle	green	same	(968, 450)	(800, 282)	hori	left	True	478975	479871	left	(800, 450)	testing
3	rq	f	19	3	circle	red	dif	(968, 450)	(800, 282)	vert	up	True	481494	482431	up	(800, 450)	testing
3	rq	f	19	3	diamond	none	dif	N_dis	(800, 618)	vert	up	True	483894	484767	up	(800, 450)	testing
3	rq	f	19	3	circle	green	dif	(800, 618)	(800, 282)	hori	left	True	486289	487183	left	(800, 450)	testing
3	rq	f	19	3	diamond	green	same	(632, 450)	(968, 450)	hori	left	True	488856	489599	left	(800, 450)	testing
3	rq	f	19	3	diamond	red	dif	(968, 450)	(632, 450)	hori	left	True	491258	492239	left	(800, 450)	testing
3	rq	f	19	3	diamond	green	same	(968, 450)	(800, 618)	hori	left	True	493874	494943	left	(800, 450)	testing
3	rq	f	19	3	diamond	red	dif	(632, 450)	(800, 618)	vert	up	True	496448	497599	up	(800, 450)	testing
3	rq	f	19	3	diamond	green	same	(800, 618)	(968, 450)	hori	left	True	499134	500014	left	(800, 450)	testing
3	rq	f	19	3	circle	none	same	N_dis	(968, 450)	hori	left	True	501474	502255	left	(800, 450)	testing
3	rq	f	19	3	circle	none	same	N_dis	(800, 282)	hori	left	True	503708	504543	left	(800, 450)	testing
3	rq	f	19	3	circle	red	same	(968, 450)	(800, 282)	vert	up	True	506141	507279	up	(800, 450)	testing
3	rq	f	19	3	diamond	none	same	N_dis	(968, 450)	vert	up	True	508874	509903	up	(800, 450)	testing
3	rq	f	19	3	diamond	green	same	(800, 282)	(632, 450)	hori	left	True	511468	512367	left	(800, 450)	testing
3	rq	f	19	3	diamond	red	same	(800, 618)	(968, 450)	vert	up	True	513906	514671	up	(800, 450)	testing
3	rq	f	19	3	diamond	none	same	N_dis	(968, 450)	vert	up	True	516311	517615	up	(800, 450)	testing
3	rq	f	19	3	circle	none	same	N_dis	(800, 618)	vert	up	True	519089	520895	up	(800, 450)	testing
3	rq	f	19	3	circle	red	same	(800, 618)	(632, 450)	hori	left	True	522409	523374	left	(800, 450)	testing
3	rq	f	19	3	circle	none	dif	N_dis	(800, 618)	hori	left	True	525000	525951	left	(800, 450)	testing
3	rq	f	19	3	circle	green	same	(800, 282)	(968, 450)	vert	up	True	527428	528287	up	(800, 450)	testing
3	rq	f	19	3	diamond	none	dif	N_dis	(968, 450)	hori	left	True	529953	530799	left	(800, 450)	testing
3	rq	f	19	3	circle	green	dif	(800, 282)	(632, 450)	vert	up	True	532394	533295	up	(800, 450)	testing
3	rq	f	19	3	circle	red	same	(800, 282)	(632, 450)	vert	up	True	534824	535615	up	(800, 450)	testing
3	rq	f	19	3	circle	red	dif	(632, 450)	(800, 282)	vert	up	True	537066	538383	up	(800, 450)	testing
3	rq	f	19	3	diamond	red	dif	(800, 282)	(968, 450)	vert	up	True	539786	540623	up	(800, 450)	testing
3	rq	f	19	3	circle	green	dif	(800, 618)	(800, 282)	vert	up	True	542074	543006	up	(800, 450)	testing
3	rq	f	19	3	circle	red	same	(800, 618)	(800, 282)	hori	left	True	544513	545423	left	(800, 450)	testing
3	rq	f	19	3	circle	none	dif	N_dis	(632, 450)	hori	left	True	546889	547599	left	(800, 450)	testing
3	rq	f	19	3	diamond	none	dif	N_dis	(800, 618)	vert	up	True	549215	550062	up	(800, 450)	testing
3	rq	f	19	3	circle	none	dif	N_dis	(800, 618)	hori	left	True	551460	552383	left	(800, 450)	testing
3	rq	f	19	3	diamond	red	same	(632, 450)	(800, 618)	hori	left	True	553860	554655	left	(800, 450)	testing
3	rq	f	19	3	diamond	green	dif	(800, 282)	(800, 618)	vert	up	True	556217	557231	up	(800, 450)	testing
3	rq	f	19	3	diamond	green	dif	(968, 450)	(800, 282)	vert	up	True	558780	559487	up	(800, 450)	testing
3	rq	f	19	3	diamond	green	same	(800, 282)	(800, 618)	hori	left	True	560885	561631	left	(800, 450)	testing
3	rq	f	19	3	circle	none	dif	N_dis	(800, 282)	vert	up	True	563152	563967	up	(800, 450)	testing
3	rq	f	19	3	circle	none	dif	N_dis	(968, 450)	vert	up	True	565600	566319	up	(800, 450)	testing
3	rq	f	19	3	circle	green	same	(968, 450)	(632, 450)	hori	left	True	567920	568623	left	(800, 450)	testing
3	rq	f	19	3	circle	green	dif	(968, 450)	(800, 618)	vert	up	True	570199	570943	up	(800, 450)	testing
3	rq	f	19	3	circle	green	same	(800, 618)	(968, 450)	hori	left	True	572428	573231	left	(800, 450)	testing
3	rq	f	19	3	diamond	green	dif	(632, 450)	(968, 450)	vert	up	True	574818	575855	left	(800, 450)	testing
3	rq	f	19	3	diamond	red	same	(632, 450)	(968, 450)	vert	up	True	578959	579679	up	(800, 450)	testing
3	rq	f	19	3	diamond	none	same	N_dis	(632, 450)	hori	left	True	581306	582110	left	(800, 450)	testing
3	rq	f	19	3	circle	none	same	N_dis	(632, 450)	vert	up	True	583568	584975	up	(800, 450)	testing
3	rq	f	19	3	diamond	red	dif	(800, 282)	(968, 450)	hori	left	True	586400	587165	left	(800, 450)	testing
3	rq	f	19	3	diamond	none	same	N_dis	(800, 282)	vert	up	True	588600	589439	up	(800, 450)	testing
3	rq	f	19	3	circle	green	same	(968, 450)	(800, 618)	vert	up	True	590946	592303	up	(800, 450)	testing
3	rq	f	19	3	circle	red	same	(800, 618)	(968, 450)	hori	left	True	593708	594543	left	(800, 450)	testing
3	rq	f	19	3	circle	none	same	N_dis	(632, 450)	vert	up	True	596165	597183	up	(800, 450)	testing
3	rq	f	19	3	diamond	red	dif	(800, 618)	(632, 450)	vert	up	True	598589	599487	up	(800, 450)	testing
3	rq	f	19	3	diamond	green	dif	(800, 282)	(800, 618)	vert	up	True	601058	601855	up	(800, 450)	testing
3	rq	f	19	3	diamond	red	same	(632, 450)	(800, 282)	hori	left	True	603332	604014	left	(800, 450)	testing
3	rq	f	19	3	diamond	red	same	(632, 450)	(800, 282)	hori	left	True	605515	606126	left	(800, 450)	testing
3	rq	f	19	3	circle	green	dif	(968, 450)	(632, 450)	hori	left	True	607589	608431	left	(800, 450)	testing
3	rq	f	19	3	diamond	green	dif	(632, 450)	(968, 450)	vert	up	True	609971	611215	up	(800, 450)	testing
3	rq	f	19	3	circle	red	dif	(800, 282)	(968, 450)	hori	left	True	612821	613647	left	(800, 450)	testing
3	rq	f	19	3	diamond	none	same	N_dis	(800, 282)	hori	left	True	615113	616062	left	(800, 450)	testing
3	rq	f	19	3	circle	red	dif	(800, 618)	(632, 450)	vert	up	True	617564	618543	up	(800, 450)	testing
3	rq	f	19	3	diamond	none	dif	N_dis	(800, 282)	vert	up	True	620055	620975	up	(800, 450)	testing
3	rq	f	19	3	diamond	none	dif	N_dis	(632, 450)	vert	up	True	622382	623455	up	(800, 450)	testing
3	rq	f	19	3	circle	red	dif	(632, 450)	(800, 618)	vert	up	True	625052	625983	up	(800, 450)	testing
3	rq	f	19	3	circle	green	same	(968, 450)	(800, 282)	vert	up	True	627417	628158	up	(800, 450)	testing
3	rq	f	19	3	circle	red	dif	(968, 450)	(800, 282)	vert	up	True	629696	630799	up	(800, 450)	testing
3	rq	f	19	3	diamond	none	dif	N_dis	(800, 618)	vert	up	True	632342	633134	up	(800, 450)	testing
3	rq	f	19	3	circle	green	dif	(800, 618)	(800, 282)	vert	up	True	634665	635774	up	(800, 450)	testing
3	rq	f	19	3	diamond	green	same	(632, 450)	(968, 450)	vert	up	True	637188	638110	up	(800, 450)	testing
3	rq	f	19	3	diamond	red	dif	(968, 450)	(632, 450)	vert	up	True	639552	640415	up	(800, 450)	testing
3	rq	f	19	3	diamond	green	same	(968, 450)	(800, 618)	vert	up	True	641826	642799	up	(800, 450)	testing
3	rq	f	19	3	diamond	red	dif	(632, 450)	(800, 618)	hori	left	True	644344	645439	left	(800, 450)	testing
3	rq	f	19	3	diamond	green	same	(800, 618)	(968, 450)	hori	left	True	647060	648046	left	(800, 450)	testing
3	rq	f	19	3	circle	none	same	N_dis	(968, 450)	hori	left	True	649441	650062	left	(800, 450)	testing
3	rq	f	19	3	circle	none	same	N_dis	(800, 282)	vert	up	True	651585	653487	up	(800, 450)	testing
3	rq	f	19	3	circle	red	same	(968, 450)	(800, 282)	hori	left	True	655076	656142	left	(800, 450)	testing
3	rq	f	19	3	diamond	none	same	N_dis	(968, 450)	vert	up	True	657641	658463	up	(800, 450)	testing
3	rq	f	19	3	diamond	green	same	(800, 282)	(632, 450)	hori	left	True	659954	660879	left	(800, 450)	testing
3	rq	f	19	3	diamond	red	same	(800, 618)	(968, 450)	hori	left	True	662410	663759	left	(800, 450)	testing
3	rq	f	19	3	diamond	none	same	N_dis	(968, 450)	hori	left	True	665319	666191	left	(800, 450)	testing
3	rq	f	19	3	circle	none	same	N_dis	(800, 618)	hori	left	True	667738	668655	left	(800, 450)	testing
3	rq	f	19	3	circle	red	same	(800, 618)	(632, 450)	hori	left	True	670318	671134	left	(800, 450)	testing
3	rq	f	19	3	circle	none	dif	N_dis	(800, 618)	hori	left	True	672624	673487	left	(800, 450)	testing
3	rq	f	19	3	circle	green	same	(800, 282)	(968, 450)	hori	left	True	674933	675759	left	(800, 450)	testing
3	rq	f	19	3	diamond	none	dif	N_dis	(968, 450)	vert	up	True	677369	678367	up	(800, 450)	testing
3	rq	f	19	3	circle	green	dif	(800, 282)	(632, 450)	vert	up	True	679847	680703	up	(800, 450)	testing
3	rq	f	19	3	circle	red	same	(800, 282)	(632, 450)	hori	left	True	682207	683183	left	(800, 450)	testing
3	rq	f	19	3	circle	red	dif	(632, 450)	(800, 282)	vert	up	True	684824	685935	up	(800, 450)	testing
3	rq	f	19	3	diamond	red	dif	(800, 282)	(968, 450)	vert	up	True	687449	688319	up	(800, 450)	testing
3	rq	f	19	3	circle	green	dif	(800, 618)	(800, 282)	hori	left	True	689722	690543	left	(800, 450)	testing
3	rq	f	19	3	circle	red	same	(800, 618)	(800, 282)	hori	left	True	692122	693006	left	(800, 450)	testing
3	rq	f	19	3	circle	none	dif	N_dis	(632, 450)	vert	up	True	694493	695375	up	(800, 450)	testing
3	rq	f	19	3	diamond	none	dif	N_dis	(800, 618)	hori	left	True	696965	697695	left	(800, 450)	testing
3	rq	f	19	3	circle	none	dif	N_dis	(800, 618)	vert	up	True	699076	699791	up	(800, 450)	testing
3	rq	f	19	3	diamond	red	same	(632, 450)	(800, 618)	hori	left	True	701294	702158	left	(800, 450)	testing
3	rq	f	19	3	diamond	green	dif	(800, 282)	(800, 618)	vert	up	True	703598	704398	up	(800, 450)	testing
3	rq	f	19	3	diamond	green	dif	(968, 450)	(800, 282)	vert	up	True	706057	706735	up	(800, 450)	testing
3	rq	f	19	3	diamond	green	same	(800, 282)	(800, 618)	vert	up	True	708178	708991	up	(800, 450)	testing
3	rq	f	19	3	circle	none	dif	N_dis	(800, 282)	vert	up	True	710499	711263	left	(800, 450)	testing
3	rq	f	19	3	circle	none	dif	N_dis	(968, 450)	vert	up	True	714186	714975	up	(800, 450)	testing
3	rq	f	19	3	circle	green	same	(968, 450)	(632, 450)	hori	left	True	716423	717231	left	(800, 450)	testing
3	rq	f	19	3	circle	green	dif	(968, 450)	(800, 618)	hori	left	True	718713	719630	left	(800, 450)	testing
3	rq	f	19	3	circle	green	same	(800, 618)	(968, 450)	vert	up	True	721232	722303	up	(800, 450)	testing
3	rq	f	19	3	diamond	green	dif	(632, 450)	(968, 450)	vert	up	True	723826	724575	up	(800, 450)	testing
3	rq	f	19	3	diamond	red	same	(632, 450)	(968, 450)	hori	left	True	726166	726895	left	(800, 450)	testing
3	rq	f	19	3	diamond	none	same	N_dis	(632, 450)	hori	left	True	728532	730207	left	(800, 450)	testing
3	rq	f	19	3	circle	none	same	N_dis	(632, 450)	vert	up	True	731657	732799	left	(800, 450)	testing
3	rq	f	19	3	diamond	red	dif	(800, 282)	(968, 450)	vert	up	True	735842	737166	up	(800, 450)	testing
3	rq	f	19	3	diamond	none	same	N_dis	(800, 282)	hori	left	True	738569	739647	left	(800, 450)	testing
3	rq	f	19	3	circle	green	same	(968, 450)	(800, 618)	hori	left	True	741172	742239	left	(800, 450)	testing
3	rq	f	19	3	circle	red	same	(800, 618)	(968, 450)	hori	left	True	743640	744479	left	(800, 450)	testing
3	rq	f	19	3	circle	none	same	N_dis	(632, 450)	vert	up	True	746126	747134	up	(800, 450)	testing
3	rq	f	19	3	diamond	red	dif	(800, 618)	(632, 450)	hori	left	True	748791	749935	left	(800, 450)	testing
3	rq	f	19	3	diamond	green	dif	(800, 282)	(800, 618)	vert	up	True	751542	752431	up	(800, 450)	testing
3	rq	f	19	3	diamond	red	same	(632, 450)	(800, 282)	vert	up	True	754090	754959	up	(800, 450)	testing
3	rq	f	19	3	diamond	red	same	(632, 450)	(800, 282)	vert	up	True	756479	757407	up	(800, 450)	testing
3	rq	f	19	3	circle	green	dif	(968, 450)	(632, 450)	vert	up	True	758791	759759	up	(800, 450)	testing
3	rq	f	19	3	diamond	green	dif	(632, 450)	(968, 450)	vert	up	True	761132	762014	up	(800, 450)	testing
3	rq	f	19	3	circle	red	dif	(800, 282)	(968, 450)	hori	left	True	763430	764303	left	(800, 450)	testing
3	rq	f	19	3	diamond	none	same	N_dis	(800, 282)	vert	up	True	765810	766591	up	(800, 450)	testing
3	rq	f	19	3	circle	red	dif	(800, 618)	(632, 450)	hori	left	True	768043	769022	left	(800, 450)	testing
3	rq	f	19	3	diamond	none	dif	N_dis	(800, 282)	hori	left	True	770628	771519	left	(800, 450)	testing
3	rq	f	19	3	diamond	none	dif	N_dis	(632, 450)	hori	left	True	773140	774046	left	(800, 450)	testing
3	rq	f	19	3	circle	red	dif	(632, 450)	(800, 618)	hori	left	True	775437	776895	left	(800, 450)	testing
conf	3	rq	f	19	3	3	6	8	space	None	None	None	None	None	None	True	827736	836671	5
