subj	name	gender	age	runNum	shape	dist	td_dif	d_loc	t_loc	resp	resp_key	gotKey	startTime	respTime	resp	fix_loc	prac
4	xy	f	20	1	circle	green	dif	(800, 618)	(968, 450)	hori	left	True	69198	71564	left	(800, 450)	practice
4	xy	f	20	1	diamond	red	same	(800, 618)	(800, 282)	vert	up	True	72991	75772	up	(800, 450)	practice
4	xy	f	20	1	circle	none	same	N_dis	(632, 450)	hori	left	True	77370	78588	left	(800, 450)	practice
4	xy	f	20	1	diamond	none	dif	N_dis	(800, 282)	vert	up	True	80060	82107	up	(800, 450)	practice
4	xy	f	20	1	circle	none	same	N_dis	(968, 450)	vert	up	True	83536	85756	up	(800, 450)	practice
4	xy	f	20	1	diamond	none	same	N_dis	(800, 618)	vert	up	True	87389	88652	up	(800, 450)	practice
4	xy	f	20	1	diamond	none	dif	N_dis	(968, 450)	hori	left	True	90121	91531	left	(800, 450)	practice
4	xy	f	20	1	circle	none	dif	N_dis	(632, 450)	hori	left	True	93029	94251	left	(800, 450)	practice
4	xy	f	20	1	circle	green	dif	(800, 618)	(632, 450)	hori	left	True	95712	96780	up	(800, 450)	practice
4	xy	f	20	1	diamond	none	dif	N_dis	(968, 450)	vert	up	True	99745	101387	up	(800, 450)	practice
4	xy	f	20	1	diamond	none	dif	N_dis	(800, 282)	vert	up	True	103038	104395	up	(800, 450)	practice
4	xy	f	20	1	diamond	none	same	N_dis	(800, 618)	hori	left	True	106064	107067	left	(800, 450)	practice
4	xy	f	20	1	diamond	green	dif	(800, 618)	(968, 450)	vert	up	True	108675	110139	up	(800, 450)	practice
4	xy	f	20	1	circle	green	same	(800, 618)	(800, 282)	hori	left	True	111657	113083	left	(800, 450)	practice
4	xy	f	20	1	diamond	none	same	N_dis	(632, 450)	vert	up	True	114647	115756	up	(800, 450)	practice
4	xy	f	20	1	circle	none	same	N_dis	(800, 282)	hori	left	True	117351	118972	left	(800, 450)	practice
4	xy	f	20	1	diamond	none	same	N_dis	(968, 450)	vert	up	True	120374	122732	up	(800, 450)	practice
4	xy	f	20	1	circle	green	dif	(800, 618)	(632, 450)	hori	left	True	124182	125403	left	(800, 450)	practice
4	xy	f	20	1	diamond	none	dif	N_dis	(800, 618)	hori	left	True	127060	128411	left	(800, 450)	practice
4	xy	f	20	1	diamond	green	same	(800, 618)	(968, 450)	hori	left	True	130050	131307	left	(800, 450)	practice
4	xy	f	20	1	diamond	red	same	(800, 618)	(800, 282)	hori	left	True	132910	134139	left	(800, 450)	practice
4	xy	f	20	1	circle	green	same	(800, 618)	(632, 450)	vert	up	True	135730	137291	up	(800, 450)	practice
4	xy	f	20	1	circle	none	dif	N_dis	(632, 450)	hori	left	True	138906	139804	left	(800, 450)	practice
4	xy	f	20	1	circle	green	dif	(800, 618)	(968, 450)	vert	up	True	141328	142171	up	(800, 450)	practice
4	xy	f	20	1	circle	green	dif	(800, 618)	(800, 282)	hori	left	True	143728	145019	left	(800, 450)	practice
4	xy	f	20	1	circle	green	same	(800, 618)	(632, 450)	hori	left	True	146654	147916	left	(800, 450)	practice
4	xy	f	20	1	diamond	none	same	N_dis	(800, 282)	hori	left	True	149342	150443	left	(800, 450)	practice
4	xy	f	20	1	diamond	none	dif	N_dis	(800, 618)	hori	left	True	151935	152748	left	(800, 450)	practice
4	xy	f	20	1	circle	green	dif	(800, 618)	(968, 450)	hori	left	True	154409	156972	left	(800, 450)	practice
4	xy	f	20	1	circle	green	same	(800, 618)	(800, 282)	hori	left	True	158479	159644	left	(800, 450)	practice
4	xy	f	20	1	diamond	none	dif	N_dis	(968, 450)	vert	up	True	161253	162395	up	(800, 450)	practice
4	xy	f	20	1	circle	red	same	(800, 618)	(632, 450)	vert	up	True	163941	165451	up	(800, 450)	practice
4	xy	f	20	1	diamond	green	same	(800, 618)	(968, 450)	vert	up	True	167095	168299	up	(800, 450)	practice
4	xy	f	20	1	diamond	green	dif	(800, 618)	(800, 282)	vert	up	True	169747	170716	up	(800, 450)	practice
4	xy	f	20	1	circle	green	same	(800, 618)	(632, 450)	vert	up	True	172099	173244	up	(800, 450)	practice
4	xy	f	20	1	circle	green	dif	(800, 618)	(968, 450)	vert	up	True	174626	176860	up	(800, 450)	practice
4	xy	f	20	1	diamond	green	same	(800, 618)	(800, 282)	vert	up	True	178322	179483	up	(800, 450)	practice
4	xy	f	20	1	diamond	none	dif	N_dis	(800, 618)	hori	left	True	180876	181820	left	(800, 450)	practice
4	xy	f	20	1	circle	green	dif	(800, 618)	(632, 450)	hori	left	True	183493	184588	left	(800, 450)	practice
4	xy	f	20	1	circle	red	dif	(800, 618)	(968, 450)	vert	up	True	186128	187772	up	(800, 450)	practice
4	xy	f	20	1	circle	green	dif	(800, 618)	(632, 450)	vert	up	True	191661	192588	up	(800, 450)	testing
4	xy	f	20	1	diamond	green	same	(632, 450)	(968, 450)	vert	up	True	193968	195067	up	(800, 450)	testing
4	xy	f	20	1	circle	green	dif	(632, 450)	(968, 450)	hori	left	True	196596	198187	left	(800, 450)	testing
4	xy	f	20	1	circle	red	same	(800, 282)	(968, 450)	vert	up	True	199824	201211	up	(800, 450)	testing
4	xy	f	20	1	diamond	red	same	(800, 618)	(800, 282)	vert	up	True	202617	203660	up	(800, 450)	testing
4	xy	f	20	1	diamond	green	same	(632, 450)	(968, 450)	hori	left	True	205290	206523	left	(800, 450)	testing
4	xy	f	20	1	diamond	red	same	(632, 450)	(800, 282)	hori	left	True	208125	209387	left	(800, 450)	testing
4	xy	f	20	1	circle	red	same	(800, 282)	(968, 450)	vert	up	True	210825	211932	up	(800, 450)	testing
4	xy	f	20	1	diamond	none	same	N_dis	(800, 618)	hori	left	True	213518	214347	left	(800, 450)	testing
4	xy	f	20	1	circle	none	same	N_dis	(632, 450)	vert	up	True	215762	216780	up	(800, 450)	testing
4	xy	f	20	1	diamond	none	same	N_dis	(968, 450)	hori	left	True	218239	219259	left	(800, 450)	testing
4	xy	f	20	1	diamond	none	dif	N_dis	(800, 618)	hori	left	True	220838	221612	left	(800, 450)	testing
4	xy	f	20	1	circle	green	dif	(968, 450)	(800, 282)	vert	up	True	223116	224507	up	(800, 450)	testing
4	xy	f	20	1	circle	red	same	(800, 618)	(632, 450)	hori	left	True	226058	227323	left	(800, 450)	testing
4	xy	f	20	1	diamond	green	same	(800, 618)	(632, 450)	hori	left	True	228886	229996	left	(800, 450)	testing
4	xy	f	20	1	diamond	red	dif	(968, 450)	(800, 282)	hori	left	True	231402	232475	left	(800, 450)	testing
4	xy	f	20	1	diamond	none	same	N_dis	(968, 450)	vert	up	True	233946	234940	up	(800, 450)	testing
4	xy	f	20	1	circle	green	same	(800, 282)	(632, 450)	hori	left	True	236542	237531	left	(800, 450)	testing
4	xy	f	20	1	diamond	green	same	(800, 282)	(800, 618)	vert	up	True	238956	240347	up	(800, 450)	testing
4	xy	f	20	1	circle	none	dif	N_dis	(632, 450)	hori	left	True	241811	242555	left	(800, 450)	testing
4	xy	f	20	1	circle	green	dif	(800, 618)	(968, 450)	hori	left	True	244023	244876	left	(800, 450)	testing
4	xy	f	20	1	diamond	green	dif	(800, 282)	(632, 450)	vert	up	True	246471	247179	up	(800, 450)	testing
4	xy	f	20	1	circle	green	same	(800, 618)	(632, 450)	vert	up	True	248627	249884	up	(800, 450)	testing
4	xy	f	20	1	diamond	none	same	N_dis	(632, 450)	hori	left	True	251344	252123	left	(800, 450)	testing
4	xy	f	20	1	circle	red	same	(800, 282)	(968, 450)	vert	up	True	253783	255932	up	(800, 450)	testing
4	xy	f	20	1	diamond	red	same	(968, 450)	(800, 618)	hori	left	True	257534	258988	left	(800, 450)	testing
4	xy	f	20	1	circle	green	dif	(800, 618)	(968, 450)	hori	left	True	260398	262075	left	(800, 450)	testing
4	xy	f	20	1	diamond	red	same	(968, 450)	(632, 450)	vert	up	True	263640	264684	up	(800, 450)	testing
4	xy	f	20	1	circle	green	same	(632, 450)	(800, 618)	vert	up	True	266067	267820	up	(800, 450)	testing
4	xy	f	20	1	circle	none	same	N_dis	(968, 450)	hori	left	True	269362	270235	left	(800, 450)	testing
4	xy	f	20	1	circle	green	same	(632, 450)	(968, 450)	vert	up	True	271769	272828	up	(800, 450)	testing
4	xy	f	20	1	circle	green	same	(800, 618)	(632, 450)	hori	left	True	274309	274956	left	(800, 450)	testing
4	xy	f	20	1	diamond	green	dif	(800, 618)	(968, 450)	hori	left	True	276579	277324	left	(800, 450)	testing
4	xy	f	20	1	circle	red	dif	(800, 618)	(968, 450)	hori	left	True	278820	279884	left	(800, 450)	testing
4	xy	f	20	1	diamond	none	dif	N_dis	(632, 450)	hori	left	True	281326	282605	left	(800, 450)	testing
4	xy	f	20	1	circle	none	same	N_dis	(800, 282)	vert	up	True	284029	284748	up	(800, 450)	testing
4	xy	f	20	1	circle	red	same	(800, 618)	(800, 282)	hori	left	True	286288	287195	left	(800, 450)	testing
4	xy	f	20	1	diamond	green	same	(800, 282)	(968, 450)	hori	left	True	288835	289419	left	(800, 450)	testing
4	xy	f	20	1	diamond	green	same	(800, 618)	(968, 450)	hori	left	True	290952	292235	left	(800, 450)	testing
4	xy	f	20	1	diamond	green	dif	(800, 618)	(800, 282)	vert	up	True	293823	294572	up	(800, 450)	testing
4	xy	f	20	1	diamond	none	dif	N_dis	(632, 450)	vert	up	True	295995	296748	up	(800, 450)	testing
4	xy	f	20	1	circle	none	dif	N_dis	(800, 618)	vert	up	True	298178	299179	left	(800, 450)	testing
4	xy	f	20	1	diamond	red	same	(632, 450)	(968, 450)	hori	left	True	302242	303163	left	(800, 450)	testing
4	xy	f	20	1	circle	none	dif	N_dis	(968, 450)	vert	up	True	304800	305708	up	(800, 450)	testing
4	xy	f	20	1	circle	green	same	(632, 450)	(800, 282)	hori	left	True	307225	308123	left	(800, 450)	testing
4	xy	f	20	1	circle	none	dif	N_dis	(968, 450)	hori	left	True	309772	310395	left	(800, 450)	testing
4	xy	f	20	1	circle	green	same	(968, 450)	(800, 618)	hori	left	True	311993	313067	left	(800, 450)	testing
4	xy	f	20	1	circle	red	same	(800, 618)	(800, 282)	hori	left	True	314641	315547	left	(800, 450)	testing
4	xy	f	20	1	diamond	none	dif	N_dis	(800, 282)	hori	left	True	317195	318315	left	(800, 450)	testing
4	xy	f	20	1	circle	green	same	(800, 618)	(800, 282)	hori	left	True	319855	320684	left	(800, 450)	testing
4	xy	f	20	1	circle	green	dif	(968, 450)	(800, 618)	hori	left	True	322339	323403	left	(800, 450)	testing
4	xy	f	20	1	diamond	red	dif	(632, 450)	(800, 282)	vert	up	True	325068	326572	up	(800, 450)	testing
4	xy	f	20	1	diamond	none	dif	N_dis	(800, 282)	hori	left	True	328002	328765	up	(800, 450)	testing
4	xy	f	20	1	circle	none	dif	N_dis	(800, 282)	hori	left	True	331966	332940	left	(800, 450)	testing
4	xy	f	20	1	diamond	none	same	N_dis	(968, 450)	vert	up	True	334567	336876	up	(800, 450)	testing
4	xy	f	20	1	diamond	none	dif	N_dis	(968, 450)	vert	up	True	338258	339131	up	(800, 450)	testing
4	xy	f	20	1	circle	green	dif	(800, 618)	(968, 450)	hori	left	True	340667	341772	left	(800, 450)	testing
4	xy	f	20	1	circle	red	dif	(968, 450)	(800, 282)	vert	up	True	343293	344331	up	(800, 450)	testing
4	xy	f	20	1	circle	none	dif	N_dis	(800, 282)	vert	up	True	345854	346475	up	(800, 450)	testing
4	xy	f	20	1	circle	green	dif	(800, 618)	(800, 282)	vert	up	True	347896	348764	up	(800, 450)	testing
4	xy	f	20	1	circle	none	same	N_dis	(632, 450)	vert	up	True	350369	351131	up	(800, 450)	testing
4	xy	f	20	1	diamond	none	dif	N_dis	(968, 450)	hori	left	True	352550	353772	left	(800, 450)	testing
4	xy	f	20	1	circle	red	dif	(800, 618)	(800, 282)	hori	left	True	355396	356427	left	(800, 450)	testing
4	xy	f	20	1	diamond	green	same	(968, 450)	(800, 618)	vert	up	True	357910	359259	up	(800, 450)	testing
4	xy	f	20	1	diamond	none	same	N_dis	(632, 450)	vert	up	True	360680	361676	up	(800, 450)	testing
4	xy	f	20	1	diamond	none	same	N_dis	(800, 282)	vert	up	True	363330	363996	up	(800, 450)	testing
4	xy	f	20	1	circle	green	same	(800, 282)	(968, 450)	vert	up	True	365541	366924	up	(800, 450)	testing
4	xy	f	20	1	circle	red	same	(800, 282)	(632, 450)	vert	up	True	368334	369243	up	(800, 450)	testing
4	xy	f	20	1	diamond	green	same	(800, 618)	(968, 450)	vert	up	True	370632	372203	up	(800, 450)	testing
4	xy	f	20	1	diamond	red	same	(800, 618)	(632, 450)	vert	up	True	373579	374572	up	(800, 450)	testing
4	xy	f	20	1	diamond	red	dif	(800, 282)	(800, 618)	vert	up	True	376193	377051	up	(800, 450)	testing
4	xy	f	20	1	circle	none	same	N_dis	(968, 450)	hori	left	True	378532	379387	left	(800, 450)	testing
4	xy	f	20	1	diamond	green	dif	(800, 618)	(800, 282)	vert	up	True	380868	382091	up	(800, 450)	testing
4	xy	f	20	1	diamond	green	dif	(800, 618)	(968, 450)	hori	left	True	383698	384652	left	(800, 450)	testing
4	xy	f	20	1	diamond	green	same	(632, 450)	(800, 282)	hori	left	True	386129	387179	left	(800, 450)	testing
4	xy	f	20	1	diamond	red	dif	(968, 450)	(632, 450)	vert	up	True	388564	389483	up	(800, 450)	testing
4	xy	f	20	1	circle	none	same	N_dis	(800, 618)	vert	up	True	391040	392363	up	(800, 450)	testing
4	xy	f	20	1	diamond	red	dif	(800, 282)	(632, 450)	vert	up	True	393836	394732	up	(800, 450)	testing
4	xy	f	20	1	diamond	none	same	N_dis	(968, 450)	hori	left	True	396174	396892	left	(800, 450)	testing
4	xy	f	20	1	diamond	none	dif	N_dis	(800, 618)	hori	left	True	398451	399355	left	(800, 450)	testing
4	xy	f	20	1	circle	none	same	N_dis	(632, 450)	hori	left	True	401023	402012	left	(800, 450)	testing
4	xy	f	20	1	diamond	red	same	(800, 282)	(632, 450)	hori	left	True	403480	404123	left	(800, 450)	testing
4	xy	f	20	1	circle	green	dif	(800, 618)	(632, 450)	vert	up	True	405634	406829	up	(800, 450)	testing
4	xy	f	20	1	circle	none	dif	N_dis	(632, 450)	hori	left	True	408207	408940	left	(800, 450)	testing
4	xy	f	20	1	diamond	none	same	N_dis	(800, 282)	vert	up	True	410489	411660	up	(800, 450)	testing
4	xy	f	20	1	circle	red	dif	(800, 618)	(968, 450)	vert	up	True	413274	414523	up	(800, 450)	testing
4	xy	f	20	1	circle	red	same	(800, 618)	(632, 450)	vert	up	True	416028	416828	up	(800, 450)	testing
4	xy	f	20	1	diamond	red	same	(800, 282)	(968, 450)	vert	up	True	418474	420235	up	(800, 450)	testing
4	xy	f	20	1	circle	red	dif	(632, 450)	(800, 618)	hori	left	True	421855	423051	left	(800, 450)	testing
4	xy	f	20	1	diamond	none	dif	N_dis	(800, 282)	hori	left	True	424599	425515	left	(800, 450)	testing
4	xy	f	20	1	diamond	none	same	N_dis	(800, 618)	vert	up	True	427025	427885	up	(800, 450)	testing
4	xy	f	20	1	diamond	green	same	(632, 450)	(800, 618)	hori	left	True	429444	430427	left	(800, 450)	testing
4	xy	f	20	1	circle	none	dif	N_dis	(800, 618)	vert	up	True	431897	432732	up	(800, 450)	testing
4	xy	f	20	1	circle	none	same	N_dis	(800, 282)	vert	up	True	434255	435179	up	(800, 450)	testing
4	xy	f	20	1	circle	green	dif	(800, 618)	(800, 282)	vert	up	True	436782	438172	up	(800, 450)	testing
4	xy	f	20	1	circle	none	dif	N_dis	(968, 450)	vert	up	True	439801	440764	up	(800, 450)	testing
4	xy	f	20	1	diamond	none	dif	N_dis	(968, 450)	hori	left	True	442335	443291	left	(800, 450)	testing
4	xy	f	20	1	circle	green	same	(800, 618)	(632, 450)	vert	up	True	444813	445628	up	(800, 450)	testing
4	xy	f	20	1	circle	red	same	(632, 450)	(968, 450)	vert	up	True	447219	448011	up	(800, 450)	testing
4	xy	f	20	1	diamond	red	same	(800, 618)	(800, 282)	vert	up	True	449617	450475	up	(800, 450)	testing
4	xy	f	20	1	circle	red	dif	(800, 618)	(632, 450)	hori	left	True	451874	452636	left	(800, 450)	testing
4	xy	f	20	1	diamond	red	dif	(632, 450)	(800, 618)	vert	up	True	454144	455259	up	(800, 450)	testing
4	xy	f	20	1	circle	red	same	(800, 282)	(800, 618)	hori	left	True	456833	457660	left	(800, 450)	testing
4	xy	f	20	1	diamond	green	dif	(800, 618)	(800, 282)	vert	up	True	459163	460059	up	(800, 450)	testing
4	xy	f	20	1	diamond	none	same	N_dis	(968, 450)	hori	left	True	461495	462235	left	(800, 450)	testing
4	xy	f	20	1	diamond	none	dif	N_dis	(632, 450)	hori	left	True	463802	464459	left	(800, 450)	testing
4	xy	f	20	1	diamond	none	same	N_dis	(968, 450)	hori	left	True	465984	466652	left	(800, 450)	testing
4	xy	f	20	1	diamond	red	dif	(800, 618)	(632, 450)	vert	up	True	468188	469052	up	(800, 450)	testing
4	xy	f	20	1	diamond	green	dif	(632, 450)	(968, 450)	vert	up	True	470634	471547	up	(800, 450)	testing
4	xy	f	20	1	circle	green	same	(800, 618)	(800, 282)	hori	left	True	473116	474188	left	(800, 450)	testing
4	xy	f	20	1	circle	green	dif	(800, 618)	(632, 450)	vert	up	True	475841	476716	up	(800, 450)	testing
4	xy	f	20	1	circle	red	dif	(968, 450)	(800, 282)	vert	up	True	478160	479067	up	(800, 450)	testing
4	xy	f	20	1	circle	red	same	(800, 618)	(800, 282)	vert	up	True	480621	481259	up	(800, 450)	testing
4	xy	f	20	1	diamond	red	same	(800, 618)	(968, 450)	hori	left	True	482887	484059	left	(800, 450)	testing
4	xy	f	20	1	circle	green	same	(800, 618)	(968, 450)	vert	up	True	485444	486539	up	(800, 450)	testing
4	xy	f	20	1	circle	red	dif	(800, 618)	(632, 450)	hori	left	True	488007	488620	left	(800, 450)	testing
4	xy	f	20	1	circle	none	dif	N_dis	(800, 618)	vert	up	True	490078	490860	up	(800, 450)	testing
4	xy	f	20	1	circle	none	same	N_dis	(800, 618)	vert	up	True	492301	492924	up	(800, 450)	testing
4	xy	f	20	1	diamond	none	same	N_dis	(800, 282)	vert	up	True	494589	495515	up	(800, 450)	testing
4	xy	f	20	1	diamond	red	dif	(800, 618)	(632, 450)	vert	up	True	497010	497868	up	(800, 450)	testing
4	xy	f	20	1	circle	green	dif	(968, 450)	(800, 282)	hori	left	True	499475	500379	left	(800, 450)	testing
4	xy	f	20	1	diamond	red	same	(968, 450)	(800, 618)	vert	up	True	502049	503083	up	(800, 450)	testing
4	xy	f	20	1	diamond	green	same	(800, 282)	(632, 450)	vert	up	True	504575	505275	up	(800, 450)	testing
4	xy	f	20	1	circle	none	dif	N_dis	(800, 282)	vert	up	True	506727	507531	up	(800, 450)	testing
4	xy	f	20	1	diamond	red	dif	(968, 450)	(800, 618)	hori	left	True	509019	509916	left	(800, 450)	testing
4	xy	f	20	1	diamond	red	same	(800, 618)	(968, 450)	hori	left	True	511482	512475	left	(800, 450)	testing
4	xy	f	20	1	circle	red	dif	(632, 450)	(800, 618)	vert	up	True	514059	515163	up	(800, 450)	testing
4	xy	f	20	1	diamond	red	dif	(632, 450)	(968, 450)	vert	up	True	516775	517740	up	(800, 450)	testing
4	xy	f	20	1	circle	none	dif	N_dis	(632, 450)	vert	up	True	519153	521115	up	(800, 450)	testing
4	xy	f	20	1	circle	red	same	(632, 450)	(800, 282)	vert	up	True	522680	523660	up	(800, 450)	testing
4	xy	f	20	1	circle	none	dif	N_dis	(632, 450)	hori	left	True	525204	526060	left	(800, 450)	testing
4	xy	f	20	1	diamond	red	dif	(968, 450)	(800, 618)	vert	up	False	527730	None	None	(800, 450)	testing
4	xy	f	20	1	diamond	green	same	(632, 450)	(800, 282)	hori	left	True	533752	534812	left	(800, 450)	testing
4	xy	f	20	1	circle	green	dif	(968, 450)	(800, 282)	vert	up	True	536362	538027	up	(800, 450)	testing
4	xy	f	20	1	diamond	none	same	N_dis	(800, 282)	hori	left	True	539571	540700	left	(800, 450)	testing
4	xy	f	20	1	circle	none	same	N_dis	(968, 450)	vert	up	True	542164	543243	up	(800, 450)	testing
4	xy	f	20	1	circle	green	same	(800, 618)	(632, 450)	vert	up	True	544910	546075	up	(800, 450)	testing
4	xy	f	20	1	diamond	none	same	N_dis	(800, 618)	hori	left	True	547659	548475	left	(800, 450)	testing
4	xy	f	20	1	circle	green	same	(800, 618)	(968, 450)	vert	up	True	550048	551355	up	(800, 450)	testing
4	xy	f	20	1	diamond	green	dif	(800, 282)	(632, 450)	hori	left	True	552755	553596	left	(800, 450)	testing
4	xy	f	20	1	diamond	red	same	(632, 450)	(800, 618)	vert	up	True	555233	556860	up	(800, 450)	testing
4	xy	f	20	1	circle	none	same	N_dis	(632, 450)	vert	up	True	558436	560075	up	(800, 450)	testing
4	xy	f	20	1	diamond	none	dif	N_dis	(968, 450)	hori	left	True	561593	562315	left	(800, 450)	testing
4	xy	f	20	1	diamond	none	same	N_dis	(632, 450)	vert	up	True	563736	564443	up	(800, 450)	testing
4	xy	f	20	1	diamond	green	same	(800, 282)	(800, 618)	vert	up	True	566027	566988	up	(800, 450)	testing
4	xy	f	20	1	circle	none	same	N_dis	(632, 450)	hori	left	True	568507	569179	left	(800, 450)	testing
4	xy	f	20	1	diamond	red	same	(800, 618)	(968, 450)	vert	up	True	570826	572091	up	(800, 450)	testing
4	xy	f	20	1	diamond	green	same	(800, 282)	(800, 618)	vert	up	True	573692	574443	up	(800, 450)	testing
4	xy	f	20	1	diamond	red	same	(632, 450)	(800, 282)	hori	left	True	575997	576940	left	(800, 450)	testing
4	xy	f	20	1	circle	red	dif	(968, 450)	(632, 450)	vert	up	True	578528	579980	up	(800, 450)	testing
4	xy	f	20	1	circle	red	same	(968, 450)	(800, 282)	vert	up	True	581615	582443	up	(800, 450)	testing
4	xy	f	20	1	circle	none	dif	N_dis	(800, 282)	vert	up	True	583888	584491	up	(800, 450)	testing
4	xy	f	20	1	circle	none	dif	N_dis	(800, 618)	hori	left	True	586121	586748	left	(800, 450)	testing
4	xy	f	20	1	circle	green	dif	(800, 282)	(632, 450)	hori	left	True	588125	588796	left	(800, 450)	testing
4	xy	f	20	1	diamond	red	dif	(800, 618)	(800, 282)	vert	up	True	590249	590972	up	(800, 450)	testing
4	xy	f	20	1	circle	none	dif	N_dis	(968, 450)	vert	up	True	592346	593515	up	(800, 450)	testing
4	xy	f	20	1	circle	none	dif	N_dis	(968, 450)	vert	up	True	595066	595820	up	(800, 450)	testing
4	xy	f	20	1	diamond	green	same	(968, 450)	(632, 450)	hori	left	True	597319	598459	left	(800, 450)	testing
4	xy	f	20	1	diamond	green	dif	(968, 450)	(800, 282)	hori	left	True	599836	601259	left	(800, 450)	testing
4	xy	f	20	1	circle	green	same	(968, 450)	(800, 282)	vert	up	True	602916	603676	up	(800, 450)	testing
4	xy	f	20	1	diamond	none	dif	N_dis	(800, 282)	vert	up	True	605293	605868	up	(800, 450)	testing
4	xy	f	20	1	diamond	green	same	(632, 450)	(800, 618)	hori	left	True	607330	608331	left	(800, 450)	testing
4	xy	f	20	1	circle	none	same	N_dis	(632, 450)	vert	up	True	609888	610924	up	(800, 450)	testing
4	xy	f	20	1	circle	red	dif	(800, 282)	(800, 618)	hori	left	True	612431	613676	left	(800, 450)	testing
4	xy	f	20	1	circle	green	same	(632, 450)	(800, 618)	vert	up	True	615171	616267	up	(800, 450)	testing
4	xy	f	20	1	diamond	red	dif	(632, 450)	(800, 282)	vert	up	True	617854	618684	up	(800, 450)	testing
4	xy	f	20	1	diamond	none	same	N_dis	(800, 618)	vert	up	True	620256	620876	up	(800, 450)	testing
4	xy	f	20	1	circle	red	dif	(800, 618)	(968, 450)	vert	up	True	622543	623531	up	(800, 450)	testing
4	xy	f	20	1	diamond	green	dif	(800, 618)	(632, 450)	hori	left	True	625180	626220	left	(800, 450)	testing
4	xy	f	20	1	circle	green	same	(968, 450)	(800, 282)	vert	up	True	627874	628892	up	(800, 450)	testing
4	xy	f	20	1	diamond	green	dif	(800, 618)	(968, 450)	vert	up	True	630540	632187	up	(800, 450)	testing
4	xy	f	20	1	diamond	red	same	(800, 618)	(800, 282)	vert	up	True	633826	634604	up	(800, 450)	testing
4	xy	f	20	1	diamond	green	same	(800, 282)	(632, 450)	vert	up	True	636253	636972	up	(800, 450)	testing
4	xy	f	20	1	circle	none	same	N_dis	(800, 618)	hori	left	True	638485	639340	left	(800, 450)	testing
4	xy	f	20	1	diamond	none	dif	N_dis	(632, 450)	vert	up	True	640791	641467	up	(800, 450)	testing
4	xy	f	20	1	circle	green	dif	(800, 618)	(632, 450)	hori	left	True	642932	643884	left	(800, 450)	testing
4	xy	f	20	1	circle	green	dif	(800, 618)	(632, 450)	hori	left	True	645531	646331	left	(800, 450)	testing
4	xy	f	20	1	circle	none	same	N_dis	(800, 618)	vert	up	True	647950	648796	up	(800, 450)	testing
4	xy	f	20	1	diamond	none	dif	N_dis	(800, 618)	hori	left	True	650309	651547	left	(800, 450)	testing
4	xy	f	20	1	diamond	red	dif	(800, 618)	(632, 450)	vert	up	True	652970	653916	up	(800, 450)	testing
4	xy	f	20	1	circle	none	dif	N_dis	(800, 618)	vert	up	True	655569	656588	up	(800, 450)	testing
4	xy	f	20	1	diamond	none	dif	N_dis	(800, 282)	hori	left	True	658153	658908	left	(800, 450)	testing
4	xy	f	20	1	diamond	green	dif	(800, 618)	(968, 450)	hori	left	True	660460	661211	left	(800, 450)	testing
4	xy	f	20	1	circle	red	same	(800, 618)	(968, 450)	vert	up	True	662732	664139	up	(800, 450)	testing
4	xy	f	20	1	circle	red	dif	(968, 450)	(800, 282)	hori	left	True	665772	666508	left	(800, 450)	testing
4	xy	f	20	1	diamond	red	dif	(800, 282)	(968, 450)	hori	left	True	668044	669003	left	(800, 450)	testing
4	xy	f	20	1	circle	none	dif	N_dis	(800, 282)	vert	up	True	670577	671227	up	(800, 450)	testing
4	xy	f	20	1	diamond	red	same	(800, 618)	(968, 450)	hori	left	True	672851	673948	left	(800, 450)	testing
4	xy	f	20	1	circle	red	same	(800, 282)	(968, 450)	vert	up	True	675534	676507	up	(800, 450)	testing
4	xy	f	20	1	diamond	red	same	(800, 282)	(800, 618)	hori	left	True	677947	678620	left	(800, 450)	testing
4	xy	f	20	1	circle	none	dif	N_dis	(968, 450)	hori	left	True	680259	681067	left	(800, 450)	testing
4	xy	f	20	1	diamond	none	dif	N_dis	(632, 450)	hori	left	True	682694	683547	left	(800, 450)	testing
4	xy	f	20	1	diamond	none	same	N_dis	(800, 282)	hori	left	True	685180	685772	left	(800, 450)	testing
4	xy	f	20	1	circle	red	dif	(800, 618)	(800, 282)	hori	left	True	687425	688555	left	(800, 450)	testing
4	xy	f	20	1	circle	green	dif	(632, 450)	(800, 618)	vert	up	True	690003	691147	up	(800, 450)	testing
4	xy	f	20	1	diamond	none	dif	N_dis	(632, 450)	hori	left	True	692684	693339	left	(800, 450)	testing
4	xy	f	20	1	diamond	red	same	(968, 450)	(632, 450)	hori	left	True	694761	695580	left	(800, 450)	testing
4	xy	f	20	1	diamond	green	same	(968, 450)	(632, 450)	vert	up	True	697218	698059	up	(800, 450)	testing
4	xy	f	20	1	circle	red	dif	(968, 450)	(632, 450)	vert	up	True	699622	700828	up	(800, 450)	testing
4	xy	f	20	1	diamond	green	same	(968, 450)	(632, 450)	vert	up	True	702294	703564	up	(800, 450)	testing
4	xy	f	20	1	diamond	red	same	(800, 618)	(968, 450)	vert	up	True	705198	706123	up	(800, 450)	testing
4	xy	f	20	1	circle	red	same	(632, 450)	(800, 618)	hori	left	True	707758	708796	left	(800, 450)	testing
4	xy	f	20	1	diamond	green	dif	(800, 618)	(632, 450)	vert	up	True	710192	710892	up	(800, 450)	testing
4	xy	f	20	1	circle	red	dif	(800, 282)	(968, 450)	hori	left	True	712418	713275	left	(800, 450)	testing
4	xy	f	20	1	diamond	green	dif	(800, 618)	(800, 282)	vert	up	True	714771	715339	up	(800, 450)	testing
4	xy	f	20	1	circle	none	same	N_dis	(800, 618)	vert	up	True	716880	717884	up	(800, 450)	testing
4	xy	f	20	1	circle	green	dif	(800, 618)	(968, 450)	hori	left	True	719446	720027	left	(800, 450)	testing
4	xy	f	20	1	diamond	green	dif	(632, 450)	(800, 618)	vert	up	True	721469	722459	up	(800, 450)	testing
4	xy	f	20	1	diamond	none	dif	N_dis	(800, 618)	vert	up	True	723975	724764	up	(800, 450)	testing
4	xy	f	20	1	circle	none	same	N_dis	(800, 282)	vert	up	True	726371	727003	up	(800, 450)	testing
4	xy	f	20	1	diamond	red	dif	(800, 618)	(968, 450)	hori	left	True	728533	729531	left	(800, 450)	testing
4	xy	f	20	1	circle	none	same	N_dis	(632, 450)	hori	left	True	730941	731436	left	(800, 450)	testing
4	xy	f	20	1	diamond	green	dif	(800, 618)	(968, 450)	hori	left	True	732865	733692	left	(800, 450)	testing
4	xy	f	20	1	diamond	red	dif	(632, 450)	(968, 450)	vert	up	True	735095	735948	up	(800, 450)	testing
4	xy	f	20	1	diamond	green	same	(800, 618)	(968, 450)	hori	left	True	737357	738011	left	(800, 450)	testing
4	xy	f	20	1	circle	green	same	(632, 450)	(968, 450)	vert	up	True	739621	740523	up	(800, 450)	testing
4	xy	f	20	1	diamond	red	dif	(968, 450)	(632, 450)	hori	left	True	741914	742539	left	(800, 450)	testing
4	xy	f	20	1	circle	green	dif	(800, 618)	(968, 450)	hori	left	True	744078	744988	left	(800, 450)	testing
4	xy	f	20	1	diamond	none	dif	N_dis	(632, 450)	vert	up	True	746473	747179	up	(800, 450)	testing
4	xy	f	20	1	circle	red	same	(800, 618)	(800, 282)	vert	up	True	748841	749692	up	(800, 450)	testing
4	xy	f	20	1	diamond	green	same	(800, 282)	(800, 618)	hori	left	True	751224	752091	left	(800, 450)	testing
4	xy	f	20	1	circle	red	dif	(968, 450)	(632, 450)	hori	left	True	753765	754395	left	(800, 450)	testing
4	xy	f	20	1	circle	red	same	(800, 618)	(800, 282)	vert	up	True	755817	756363	up	(800, 450)	testing
4	xy	f	20	1	diamond	none	dif	N_dis	(800, 618)	vert	up	True	757780	758620	up	(800, 450)	testing
4	xy	f	20	1	circle	none	same	N_dis	(800, 282)	hori	left	True	760262	760844	left	(800, 450)	testing
4	xy	f	20	1	circle	red	dif	(800, 282)	(968, 450)	vert	up	True	762362	763339	up	(800, 450)	testing
4	xy	f	20	1	circle	green	same	(800, 618)	(800, 282)	hori	left	True	764977	765548	left	(800, 450)	testing
4	xy	f	20	1	diamond	red	dif	(800, 282)	(968, 450)	hori	left	True	766928	767708	left	(800, 450)	testing
4	xy	f	20	1	circle	none	same	N_dis	(800, 282)	vert	up	True	769168	769868	up	(800, 450)	testing
4	xy	f	20	1	diamond	green	same	(800, 618)	(632, 450)	vert	up	True	771488	772187	left	(800, 450)	testing
4	xy	f	20	1	diamond	red	same	(800, 282)	(800, 618)	vert	up	True	775177	776187	up	(800, 450)	testing
4	xy	f	20	1	circle	green	same	(800, 618)	(800, 282)	hori	left	True	777797	778379	left	(800, 450)	testing
4	xy	f	20	1	diamond	green	dif	(632, 450)	(968, 450)	vert	up	True	779940	780796	up	(800, 450)	testing
4	xy	f	20	1	diamond	none	dif	N_dis	(968, 450)	hori	left	True	782387	783099	left	(800, 450)	testing
4	xy	f	20	1	diamond	red	same	(800, 618)	(800, 282)	vert	up	True	784664	785275	up	(800, 450)	testing
4	xy	f	20	1	circle	green	dif	(968, 450)	(800, 618)	hori	left	True	786926	788123	left	(800, 450)	testing
4	xy	f	20	1	diamond	none	same	N_dis	(800, 282)	vert	up	True	789693	790363	up	(800, 450)	testing
4	xy	f	20	1	circle	none	same	N_dis	(968, 450)	hori	left	True	791990	792732	left	(800, 450)	testing
4	xy	f	20	1	circle	green	same	(800, 618)	(968, 450)	vert	up	True	794235	794876	up	(800, 450)	testing
4	xy	f	20	1	diamond	green	dif	(800, 618)	(800, 282)	vert	up	True	796384	797115	up	(800, 450)	testing
4	xy	f	20	1	circle	none	same	N_dis	(800, 618)	hori	left	True	798574	799083	left	(800, 450)	testing
4	xy	f	20	1	circle	red	dif	(800, 618)	(968, 450)	hori	left	True	800698	801227	left	(800, 450)	testing
4	xy	f	20	1	circle	red	same	(800, 618)	(968, 450)	vert	up	True	802840	803531	up	(800, 450)	testing
4	xy	f	20	1	diamond	red	dif	(800, 282)	(800, 618)	vert	up	True	805041	805980	up	(800, 450)	testing
4	xy	f	20	1	diamond	red	same	(800, 618)	(632, 450)	hori	left	True	807517	808203	left	(800, 450)	testing
4	xy	f	20	1	circle	green	dif	(800, 618)	(968, 450)	vert	up	True	809847	810844	up	(800, 450)	testing
4	xy	f	20	1	circle	red	dif	(800, 282)	(632, 450)	vert	up	True	812352	813147	up	(800, 450)	testing
4	xy	f	20	1	circle	red	dif	(800, 618)	(632, 450)	vert	up	True	814713	815371	up	(800, 450)	testing
4	xy	f	20	1	diamond	none	dif	N_dis	(968, 450)	hori	left	True	816817	817692	left	(800, 450)	testing
4	xy	f	20	1	circle	red	dif	(632, 450)	(800, 282)	hori	left	True	819143	819965	left	(800, 450)	testing
4	xy	f	20	1	diamond	none	same	N_dis	(968, 450)	hori	left	True	821625	822331	up	(800, 450)	testing
4	xy	f	20	1	diamond	none	same	N_dis	(632, 450)	vert	up	True	825377	826043	up	(800, 450)	testing
4	xy	f	20	1	diamond	red	dif	(968, 450)	(800, 618)	vert	up	True	827552	828475	up	(800, 450)	testing
4	xy	f	20	1	circle	red	dif	(800, 618)	(632, 450)	hori	left	True	830143	831307	left	(800, 450)	testing
4	xy	f	20	1	circle	none	dif	N_dis	(632, 450)	hori	left	True	832708	833820	left	(800, 450)	testing
4	xy	f	20	1	circle	red	same	(800, 618)	(632, 450)	hori	left	True	835409	836043	left	(800, 450)	testing
4	xy	f	20	1	diamond	red	dif	(800, 282)	(632, 450)	vert	up	True	837631	838780	up	(800, 450)	testing
4	xy	f	20	1	diamond	green	same	(800, 618)	(968, 450)	vert	up	True	840326	841115	up	(800, 450)	testing
4	xy	f	20	1	circle	red	same	(632, 450)	(800, 282)	hori	left	True	842719	843516	left	(800, 450)	testing
4	xy	f	20	1	circle	none	dif	N_dis	(968, 450)	hori	left	True	845142	845836	left	(800, 450)	testing
4	xy	f	20	1	circle	none	same	N_dis	(968, 450)	vert	up	True	847385	848139	up	(800, 450)	testing
4	xy	f	20	1	circle	red	same	(632, 450)	(800, 282)	hori	left	True	849520	850283	left	(800, 450)	testing
4	xy	f	20	1	diamond	none	same	N_dis	(800, 618)	hori	left	True	851794	852588	left	(800, 450)	testing
4	xy	f	20	1	diamond	green	dif	(800, 282)	(968, 450)	hori	left	True	854039	854796	left	(800, 450)	testing
4	xy	f	20	1	circle	green	dif	(800, 618)	(800, 282)	hori	left	True	856397	857115	left	(800, 450)	testing
4	xy	f	20	1	circle	green	same	(800, 618)	(632, 450)	hori	left	True	858586	859148	left	(800, 450)	testing
4	xy	f	20	1	diamond	red	same	(632, 450)	(968, 450)	hori	left	True	860530	861180	left	(800, 450)	testing
4	xy	f	20	1	diamond	green	dif	(800, 618)	(800, 282)	hori	left	True	862576	863212	left	(800, 450)	testing
4	xy	f	20	1	circle	red	same	(632, 450)	(800, 618)	hori	left	True	864818	865804	left	(800, 450)	testing
4	xy	f	20	1	diamond	none	same	N_dis	(800, 282)	hori	left	True	867196	867900	left	(800, 450)	testing
4	xy	f	20	1	diamond	green	dif	(968, 450)	(632, 450)	vert	up	True	869518	870475	up	(800, 450)	testing
4	xy	f	20	1	circle	none	dif	N_dis	(632, 450)	hori	left	True	871850	872924	left	(800, 450)	testing
4	xy	f	20	1	diamond	red	same	(800, 618)	(632, 450)	hori	left	True	874337	875003	left	(800, 450)	testing
4	xy	f	20	1	diamond	none	same	N_dis	(632, 450)	hori	left	True	876429	877052	left	(800, 450)	testing
4	xy	f	20	1	circle	green	dif	(800, 282)	(800, 618)	hori	left	True	878686	879756	left	(800, 450)	testing
4	xy	f	20	1	circle	green	same	(800, 618)	(632, 450)	hori	left	True	881234	882028	left	(800, 450)	testing
4	xy	f	20	1	diamond	green	same	(800, 618)	(800, 282)	vert	up	True	883646	884636	up	(800, 450)	testing
4	xy	f	20	1	diamond	red	dif	(968, 450)	(800, 618)	hori	left	True	886038	887003	left	(800, 450)	testing
4	xy	f	20	1	diamond	red	dif	(800, 618)	(800, 282)	vert	up	True	888418	889131	up	(800, 450)	testing
4	xy	f	20	1	circle	green	dif	(800, 618)	(968, 450)	vert	up	True	890750	891836	up	(800, 450)	testing
4	xy	f	20	1	circle	red	dif	(800, 618)	(632, 450)	vert	up	True	893449	894203	up	(800, 450)	testing
4	xy	f	20	1	diamond	green	dif	(800, 618)	(800, 282)	hori	left	True	895643	896347	left	(800, 450)	testing
4	xy	f	20	1	diamond	none	dif	N_dis	(800, 618)	hori	left	True	897885	898604	left	(800, 450)	testing
4	xy	f	20	1	diamond	green	dif	(800, 618)	(632, 450)	vert	up	True	900269	901115	up	(800, 450)	testing
4	xy	f	20	1	diamond	none	dif	N_dis	(800, 618)	hori	left	True	902580	903467	left	(800, 450)	testing
4	xy	f	20	1	diamond	green	dif	(800, 282)	(800, 618)	hori	left	True	905037	905740	left	(800, 450)	testing
4	xy	f	20	1	diamond	green	dif	(800, 618)	(800, 282)	vert	up	True	907238	908012	up	(800, 450)	testing
4	xy	f	20	1	diamond	none	same	N_dis	(800, 618)	vert	up	True	909430	910108	up	(800, 450)	testing
4	xy	f	20	1	circle	red	same	(800, 282)	(632, 450)	hori	left	True	911578	912460	left	(800, 450)	testing
4	xy	f	20	1	diamond	green	same	(800, 618)	(800, 282)	hori	left	True	913922	914636	left	(800, 450)	testing
4	xy	f	20	1	circle	none	dif	N_dis	(800, 282)	hori	left	True	916086	916829	left	(800, 450)	testing
4	xy	f	20	1	circle	green	same	(968, 450)	(800, 618)	hori	left	True	918204	919036	left	(800, 450)	testing
4	xy	f	20	1	circle	none	same	N_dis	(800, 282)	hori	left	True	920475	921036	left	(800, 450)	testing
4	xy	f	20	1	circle	none	same	N_dis	(800, 282)	vert	up	True	922692	923452	up	(800, 450)	testing
4	xy	f	20	1	circle	red	same	(968, 450)	(632, 450)	hori	left	True	925109	925852	left	(800, 450)	testing
4	xy	f	20	1	circle	red	dif	(632, 450)	(800, 282)	vert	up	True	927409	928092	up	(800, 450)	testing
4	xy	f	20	1	circle	green	dif	(968, 450)	(800, 618)	hori	left	True	929523	930428	left	(800, 450)	testing
4	xy	f	20	1	circle	green	same	(800, 618)	(800, 282)	hori	left	True	932081	932621	left	(800, 450)	testing
4	xy	f	20	1	diamond	red	dif	(968, 450)	(800, 282)	hori	left	True	934174	935355	left	(800, 450)	testing
4	xy	f	20	1	circle	none	dif	N_dis	(800, 618)	vert	up	True	936847	937596	up	(800, 450)	testing
