subj	name	gender	age	runNum	shape	dist	td_dif	d_loc	t_loc	resp	resp_key	gotKey	startTime	respTime	resp	fix_loc	prac
4	xy	f	20	2	diamond	none	dif	N_dis	(800, 282)	hori	left	True	11945	13484	left	(800, 450)	testing
4	xy	f	20	2	diamond	none	dif	N_dis	(800, 282)	vert	up	True	14917	15981	up	(800, 450)	testing
4	xy	f	20	2	circle	red	same	(800, 618)	(800, 282)	vert	up	True	17436	18604	up	(800, 450)	testing
4	xy	f	20	2	diamond	green	dif	(800, 618)	(632, 450)	vert	up	True	20055	20829	up	(800, 450)	testing
4	xy	f	20	2	diamond	none	same	N_dis	(800, 282)	vert	up	True	22413	23021	up	(800, 450)	testing
4	xy	f	20	2	diamond	red	dif	(800, 282)	(968, 450)	hori	left	True	24611	25740	left	(800, 450)	testing
4	xy	f	20	2	circle	none	dif	N_dis	(800, 618)	vert	up	True	27351	28269	up	(800, 450)	testing
4	xy	f	20	2	diamond	green	dif	(632, 450)	(800, 618)	hori	left	True	29648	30813	left	(800, 450)	testing
4	xy	f	20	2	circle	green	dif	(968, 450)	(800, 618)	hori	left	True	32243	33180	left	(800, 450)	testing
4	xy	f	20	2	diamond	green	dif	(632, 450)	(800, 618)	hori	left	True	34572	35404	left	(800, 450)	testing
4	xy	f	20	2	diamond	green	dif	(800, 282)	(632, 450)	vert	up	True	37029	37788	up	(800, 450)	testing
4	xy	f	20	2	diamond	none	dif	N_dis	(800, 618)	vert	up	True	39180	39949	up	(800, 450)	testing
4	xy	f	20	2	diamond	none	same	N_dis	(800, 618)	hori	left	True	41411	42252	left	(800, 450)	testing
4	xy	f	20	2	diamond	green	dif	(968, 450)	(800, 618)	vert	up	True	43703	44668	up	(800, 450)	testing
4	xy	f	20	2	diamond	none	same	N_dis	(968, 450)	hori	left	True	46108	46813	left	(800, 450)	testing
4	xy	f	20	2	circle	red	same	(632, 450)	(800, 282)	vert	up	True	48342	49404	up	(800, 450)	testing
4	xy	f	20	2	diamond	green	same	(800, 282)	(968, 450)	hori	left	True	51051	52284	left	(800, 450)	testing
4	xy	f	20	2	diamond	red	dif	(632, 450)	(800, 282)	hori	left	True	53676	54492	left	(800, 450)	testing
4	xy	f	20	2	circle	none	dif	N_dis	(800, 282)	vert	up	True	56074	57052	up	(800, 450)	testing
4	xy	f	20	2	diamond	red	dif	(800, 282)	(800, 618)	vert	up	True	58468	59324	up	(800, 450)	testing
4	xy	f	20	2	circle	green	dif	(968, 450)	(800, 618)	hori	left	True	60796	61724	left	(800, 450)	testing
4	xy	f	20	2	diamond	red	dif	(632, 450)	(800, 618)	vert	up	True	63115	64284	up	(800, 450)	testing
4	xy	f	20	2	diamond	none	same	N_dis	(968, 450)	hori	left	True	65943	66668	left	(800, 450)	testing
4	xy	f	20	2	diamond	red	dif	(632, 450)	(968, 450)	vert	up	True	68323	69100	up	(800, 450)	testing
4	xy	f	20	2	diamond	red	dif	(968, 450)	(800, 282)	vert	up	True	70594	71276	up	(800, 450)	testing
4	xy	f	20	2	circle	none	dif	N_dis	(968, 450)	hori	left	True	72677	73356	up	(800, 450)	testing
4	xy	f	20	2	circle	green	dif	(632, 450)	(800, 618)	hori	left	True	76294	77244	left	(800, 450)	testing
4	xy	f	20	2	circle	green	same	(632, 450)	(968, 450)	vert	up	True	78837	79724	up	(800, 450)	testing
4	xy	f	20	2	circle	green	same	(800, 282)	(632, 450)	hori	left	True	81380	82460	left	(800, 450)	testing
4	xy	f	20	2	diamond	green	dif	(968, 450)	(800, 282)	hori	left	True	84100	84989	left	(800, 450)	testing
4	xy	f	20	2	circle	none	dif	N_dis	(632, 450)	hori	left	True	86590	87212	left	(800, 450)	testing
4	xy	f	20	2	diamond	green	same	(968, 450)	(632, 450)	vert	up	True	88809	89580	up	(800, 450)	testing
4	xy	f	20	2	circle	green	same	(800, 618)	(968, 450)	hori	left	True	91134	92172	left	(800, 450)	testing
4	xy	f	20	2	circle	red	dif	(800, 282)	(968, 450)	hori	left	True	93778	94412	left	(800, 450)	testing
4	xy	f	20	2	circle	red	same	(800, 282)	(968, 450)	hori	left	True	96083	96620	left	(800, 450)	testing
4	xy	f	20	2	circle	green	same	(800, 282)	(968, 450)	vert	up	True	98233	98909	up	(800, 450)	testing
4	xy	f	20	2	circle	green	same	(968, 450)	(632, 450)	vert	up	True	100441	101149	up	(800, 450)	testing
4	xy	f	20	2	diamond	green	same	(968, 450)	(800, 618)	hori	left	True	102791	103981	left	(800, 450)	testing
4	xy	f	20	2	diamond	none	same	N_dis	(800, 282)	hori	left	True	105494	106044	left	(800, 450)	testing
4	xy	f	20	2	circle	none	dif	N_dis	(800, 282)	hori	left	True	107629	108492	left	(800, 450)	testing
4	xy	f	20	2	circle	red	dif	(800, 282)	(800, 618)	hori	left	True	110098	110636	left	(800, 450)	testing
4	xy	f	20	2	circle	none	same	N_dis	(800, 282)	hori	left	True	112143	112684	left	(800, 450)	testing
4	xy	f	20	2	diamond	green	same	(632, 450)	(800, 282)	hori	left	True	114303	115468	left	(800, 450)	testing
4	xy	f	20	2	diamond	none	dif	N_dis	(968, 450)	hori	left	True	117122	117869	left	(800, 450)	testing
4	xy	f	20	2	circle	none	dif	N_dis	(800, 282)	vert	up	True	119251	119981	up	(800, 450)	testing
4	xy	f	20	2	diamond	green	same	(632, 450)	(968, 450)	vert	up	True	121581	122396	up	(800, 450)	testing
4	xy	f	20	2	diamond	red	dif	(800, 282)	(968, 450)	vert	up	True	123824	124556	up	(800, 450)	testing
4	xy	f	20	2	circle	green	same	(968, 450)	(800, 618)	vert	up	True	126044	127197	up	(800, 450)	testing
4	xy	f	20	2	diamond	green	dif	(800, 282)	(800, 618)	vert	up	True	128836	129309	left	(800, 450)	testing
4	xy	f	20	2	circle	red	dif	(968, 450)	(800, 282)	hori	left	True	132289	133260	left	(800, 450)	testing
4	xy	f	20	2	circle	green	dif	(800, 282)	(632, 450)	vert	up	True	134651	136236	up	(800, 450)	testing
4	xy	f	20	2	diamond	green	dif	(632, 450)	(968, 450)	hori	left	True	137685	138396	left	(800, 450)	testing
4	xy	f	20	2	diamond	none	dif	N_dis	(800, 618)	hori	left	True	139969	140829	left	(800, 450)	testing
4	xy	f	20	2	diamond	green	dif	(968, 450)	(632, 450)	hori	left	True	142284	143100	left	(800, 450)	testing
4	xy	f	20	2	circle	none	dif	N_dis	(968, 450)	vert	up	True	144571	145564	up	(800, 450)	testing
4	xy	f	20	2	circle	red	same	(632, 450)	(800, 282)	vert	up	True	147210	147934	up	(800, 450)	testing
4	xy	f	20	2	diamond	none	same	N_dis	(632, 450)	vert	up	True	149372	149965	up	(800, 450)	testing
4	xy	f	20	2	circle	red	same	(632, 450)	(800, 282)	hori	left	True	151566	152300	left	(800, 450)	testing
4	xy	f	20	2	diamond	none	dif	N_dis	(800, 618)	vert	up	True	153840	154604	up	(800, 450)	testing
4	xy	f	20	2	diamond	green	same	(800, 282)	(632, 450)	hori	left	True	156046	156893	left	(800, 450)	testing
4	xy	f	20	2	circle	green	dif	(800, 282)	(968, 450)	vert	up	True	158297	159292	up	(800, 450)	testing
4	xy	f	20	2	diamond	red	dif	(968, 450)	(800, 618)	vert	up	True	160749	161740	up	(800, 450)	testing
4	xy	f	20	2	circle	green	same	(800, 282)	(968, 450)	vert	up	True	163204	164412	up	(800, 450)	testing
4	xy	f	20	2	diamond	red	same	(968, 450)	(800, 282)	hori	left	True	165945	166973	left	(800, 450)	testing
4	xy	f	20	2	circle	none	dif	N_dis	(632, 450)	hori	left	True	168617	169260	left	(800, 450)	testing
4	xy	f	20	2	circle	none	dif	N_dis	(632, 450)	hori	left	True	170726	171276	left	(800, 450)	testing
4	xy	f	20	2	diamond	green	dif	(800, 282)	(968, 450)	hori	left	True	172902	173740	left	(800, 450)	testing
4	xy	f	20	2	circle	green	dif	(968, 450)	(632, 450)	vert	up	True	175324	176300	left	(800, 450)	testing
4	xy	f	20	2	circle	green	dif	(800, 618)	(968, 450)	vert	up	True	179312	180188	up	(800, 450)	testing
4	xy	f	20	2	diamond	red	same	(632, 450)	(968, 450)	vert	up	True	181775	182556	up	(800, 450)	testing
4	xy	f	20	2	circle	red	same	(632, 450)	(800, 618)	hori	left	True	183965	184909	left	(800, 450)	testing
4	xy	f	20	2	circle	none	same	N_dis	(800, 618)	hori	left	True	186354	186941	left	(800, 450)	testing
4	xy	f	20	2	circle	green	dif	(800, 282)	(632, 450)	vert	up	True	188373	189164	up	(800, 450)	testing
4	xy	f	20	2	diamond	red	same	(800, 282)	(968, 450)	hori	left	True	190838	191580	left	(800, 450)	testing
4	xy	f	20	2	diamond	red	dif	(632, 450)	(968, 450)	vert	up	True	193125	193788	up	(800, 450)	testing
4	xy	f	20	2	circle	none	same	N_dis	(800, 618)	vert	up	True	195356	196108	up	(800, 450)	testing
4	xy	f	20	2	diamond	none	same	N_dis	(632, 450)	vert	up	True	197529	198797	up	(800, 450)	testing
4	xy	f	20	2	circle	none	dif	N_dis	(800, 282)	vert	up	True	200334	200957	up	(800, 450)	testing
4	xy	f	20	2	circle	green	dif	(968, 450)	(800, 282)	vert	up	True	202585	203260	left	(800, 450)	testing
4	xy	f	20	2	diamond	red	same	(800, 282)	(800, 618)	hori	left	True	206369	207276	left	(800, 450)	testing
4	xy	f	20	2	diamond	red	same	(632, 450)	(800, 282)	vert	up	True	208896	209821	up	(800, 450)	testing
4	xy	f	20	2	circle	none	same	N_dis	(800, 282)	hori	left	True	211273	211869	left	(800, 450)	testing
4	xy	f	20	2	diamond	none	same	N_dis	(632, 450)	vert	up	True	213280	213981	up	(800, 450)	testing
4	xy	f	20	2	circle	red	dif	(968, 450)	(632, 450)	hori	left	True	215587	216396	left	(800, 450)	testing
4	xy	f	20	2	diamond	none	dif	N_dis	(800, 282)	vert	up	True	217908	218668	up	(800, 450)	testing
4	xy	f	20	2	diamond	red	dif	(800, 282)	(632, 450)	hori	left	True	220072	220749	left	(800, 450)	testing
4	xy	f	20	2	diamond	red	dif	(800, 282)	(968, 450)	vert	up	True	222301	223164	up	(800, 450)	testing
4	xy	f	20	2	circle	red	dif	(968, 450)	(800, 618)	hori	left	True	224735	225708	left	(800, 450)	testing
4	xy	f	20	2	circle	none	same	N_dis	(800, 618)	vert	up	True	227261	228204	up	(800, 450)	testing
4	xy	f	20	2	circle	green	same	(800, 282)	(632, 450)	vert	up	True	229666	230556	up	(800, 450)	testing
4	xy	f	20	2	diamond	none	same	N_dis	(632, 450)	vert	up	True	231929	232732	up	(800, 450)	testing
4	xy	f	20	2	diamond	none	same	N_dis	(632, 450)	hori	left	True	234368	234973	left	(800, 450)	testing
4	xy	f	20	2	diamond	green	dif	(632, 450)	(968, 450)	hori	left	True	236592	237212	left	(800, 450)	testing
4	xy	f	20	2	diamond	none	dif	N_dis	(968, 450)	vert	up	True	238843	239660	up	(800, 450)	testing
4	xy	f	20	2	circle	green	same	(632, 450)	(800, 282)	vert	up	True	241051	242508	up	(800, 450)	testing
4	xy	f	20	2	diamond	green	dif	(632, 450)	(800, 282)	hori	left	True	244074	245180	left	(800, 450)	testing
4	xy	f	20	2	circle	green	same	(800, 282)	(800, 618)	vert	up	True	246617	247708	up	(800, 450)	testing
4	xy	f	20	2	circle	red	same	(968, 450)	(632, 450)	hori	left	True	249381	250060	left	(800, 450)	testing
4	xy	f	20	2	diamond	red	dif	(800, 618)	(632, 450)	vert	up	True	251727	253004	up	(800, 450)	testing
4	xy	f	20	2	diamond	red	dif	(800, 282)	(632, 450)	vert	up	True	254551	255228	up	(800, 450)	testing
4	xy	f	20	2	circle	red	same	(968, 450)	(632, 450)	hori	left	True	256679	257580	left	(800, 450)	testing
4	xy	f	20	2	circle	green	same	(968, 450)	(632, 450)	hori	left	True	259201	259981	left	(800, 450)	testing
4	xy	f	20	2	circle	red	dif	(968, 450)	(632, 450)	vert	up	True	261375	262188	up	(800, 450)	testing
4	xy	f	20	2	diamond	none	dif	N_dis	(800, 618)	vert	up	True	263770	264620	up	(800, 450)	testing
4	xy	f	20	2	diamond	none	dif	N_dis	(632, 450)	hori	left	True	266137	266925	left	(800, 450)	testing
4	xy	f	20	2	circle	red	dif	(968, 450)	(800, 618)	hori	left	True	268536	269436	left	(800, 450)	testing
4	xy	f	20	2	diamond	red	dif	(968, 450)	(800, 618)	vert	up	True	271077	272172	up	(800, 450)	testing
4	xy	f	20	2	diamond	red	dif	(968, 450)	(800, 282)	hori	left	True	273686	274460	left	(800, 450)	testing
4	xy	f	20	2	diamond	green	same	(632, 450)	(800, 282)	vert	up	True	276060	277036	up	(800, 450)	testing
4	xy	f	20	2	diamond	none	same	N_dis	(632, 450)	hori	left	True	278653	279212	left	(800, 450)	testing
4	xy	f	20	2	circle	green	same	(800, 282)	(632, 450)	vert	up	True	280701	281805	up	(800, 450)	testing
4	xy	f	20	2	diamond	red	same	(968, 450)	(632, 450)	vert	up	True	283268	283901	up	(800, 450)	testing
4	xy	f	20	2	diamond	red	same	(632, 450)	(800, 282)	vert	up	True	285518	286380	up	(800, 450)	testing
4	xy	f	20	2	diamond	green	same	(632, 450)	(800, 618)	hori	left	True	288035	289100	left	(800, 450)	testing
4	xy	f	20	2	diamond	green	same	(800, 282)	(800, 618)	vert	up	True	290638	291500	up	(800, 450)	testing
4	xy	f	20	2	diamond	green	same	(632, 450)	(800, 282)	hori	left	True	292980	293628	left	(800, 450)	testing
4	xy	f	20	2	circle	green	same	(968, 450)	(800, 282)	vert	up	True	295056	296044	up	(800, 450)	testing
4	xy	f	20	2	diamond	none	same	N_dis	(968, 450)	vert	up	True	297596	298493	up	(800, 450)	testing
4	xy	f	20	2	circle	none	same	N_dis	(632, 450)	hori	left	True	300112	301004	left	(800, 450)	testing
4	xy	f	20	2	diamond	none	dif	N_dis	(800, 282)	hori	left	True	302446	303132	left	(800, 450)	testing
4	xy	f	20	2	circle	red	same	(632, 450)	(968, 450)	vert	up	True	304636	305372	up	(800, 450)	testing
4	xy	f	20	2	circle	none	same	N_dis	(968, 450)	hori	left	True	307015	307821	left	(800, 450)	testing
4	xy	f	20	2	circle	green	same	(632, 450)	(800, 618)	hori	left	True	309426	310252	left	(800, 450)	testing
4	xy	f	20	2	circle	green	dif	(968, 450)	(800, 282)	hori	left	True	311823	312476	left	(800, 450)	testing
4	xy	f	20	2	diamond	none	same	N_dis	(968, 450)	hori	left	True	313969	314732	left	(800, 450)	testing
4	xy	f	20	2	diamond	none	dif	N_dis	(632, 450)	vert	up	True	316258	316941	up	(800, 450)	testing
4	xy	f	20	2	diamond	none	dif	N_dis	(800, 618)	hori	left	True	318466	319309	left	(800, 450)	testing
4	xy	f	20	2	circle	none	same	N_dis	(800, 618)	vert	up	True	320743	321644	up	(800, 450)	testing
4	xy	f	20	2	circle	none	same	N_dis	(632, 450)	hori	left	True	323024	323612	left	(800, 450)	testing
4	xy	f	20	2	circle	red	dif	(632, 450)	(800, 618)	hori	left	True	325102	325676	left	(800, 450)	testing
4	xy	f	20	2	diamond	green	same	(632, 450)	(800, 618)	hori	left	True	327270	328316	left	(800, 450)	testing
4	xy	f	20	2	diamond	none	same	N_dis	(632, 450)	vert	up	True	329856	330540	up	(800, 450)	testing
4	xy	f	20	2	diamond	red	same	(800, 282)	(800, 618)	vert	up	True	332191	333116	up	(800, 450)	testing
4	xy	f	20	2	circle	none	dif	N_dis	(968, 450)	hori	left	True	334749	335420	left	(800, 450)	testing
4	xy	f	20	2	circle	none	dif	N_dis	(800, 618)	vert	up	True	336956	337660	up	(800, 450)	testing
4	xy	f	20	2	diamond	none	dif	N_dis	(968, 450)	vert	up	True	339069	340044	up	(800, 450)	testing
4	xy	f	20	2	circle	red	same	(800, 282)	(800, 618)	hori	left	True	341634	342348	left	(800, 450)	testing
4	xy	f	20	2	diamond	red	dif	(800, 282)	(632, 450)	vert	up	True	343862	344780	up	(800, 450)	testing
4	xy	f	20	2	circle	green	same	(800, 282)	(968, 450)	vert	up	True	346273	347180	up	(800, 450)	testing
4	xy	f	20	2	circle	green	dif	(800, 282)	(800, 618)	hori	left	True	348630	349260	left	(800, 450)	testing
4	xy	f	20	2	circle	green	dif	(800, 618)	(968, 450)	vert	up	True	350739	351404	up	(800, 450)	testing
4	xy	f	20	2	circle	none	dif	N_dis	(800, 618)	hori	left	True	352794	353388	left	(800, 450)	testing
4	xy	f	20	2	diamond	green	same	(800, 282)	(968, 450)	hori	left	True	354939	355693	left	(800, 450)	testing
4	xy	f	20	2	diamond	none	dif	N_dis	(632, 450)	hori	left	True	357237	357997	left	(800, 450)	testing
4	xy	f	20	2	diamond	green	same	(632, 450)	(968, 450)	vert	up	True	359606	360300	up	(800, 450)	testing
4	xy	f	20	2	circle	green	same	(968, 450)	(800, 618)	vert	up	True	361767	363020	up	(800, 450)	testing
4	xy	f	20	2	circle	none	same	N_dis	(800, 618)	vert	up	True	364442	365404	up	(800, 450)	testing
4	xy	f	20	2	diamond	none	same	N_dis	(632, 450)	vert	up	True	367048	367805	up	(800, 450)	testing
4	xy	f	20	2	diamond	red	same	(800, 282)	(632, 450)	vert	up	True	369403	370076	up	(800, 450)	testing
4	xy	f	20	2	circle	red	same	(632, 450)	(800, 618)	hori	left	True	371634	372396	left	(800, 450)	testing
4	xy	f	20	2	diamond	red	dif	(632, 450)	(968, 450)	hori	left	True	374065	374925	left	(800, 450)	testing
4	xy	f	20	2	circle	none	dif	N_dis	(968, 450)	hori	left	True	376528	377164	left	(800, 450)	testing
4	xy	f	20	2	circle	none	same	N_dis	(800, 618)	hori	left	True	378745	379372	left	(800, 450)	testing
4	xy	f	20	2	diamond	red	dif	(632, 450)	(968, 450)	vert	up	True	380752	381421	up	(800, 450)	testing
4	xy	f	20	2	circle	green	same	(632, 450)	(800, 618)	hori	left	True	382933	383628	left	(800, 450)	testing
4	xy	f	20	2	diamond	red	dif	(632, 450)	(800, 618)	vert	up	True	385261	386172	up	(800, 450)	testing
4	xy	f	20	2	diamond	red	same	(800, 282)	(800, 618)	hori	left	True	387640	388220	left	(800, 450)	testing
4	xy	f	20	2	diamond	green	same	(968, 450)	(800, 282)	vert	up	True	389636	390252	up	(800, 450)	testing
4	xy	f	20	2	circle	green	dif	(800, 282)	(968, 450)	hori	left	True	391810	392460	left	(800, 450)	testing
4	xy	f	20	2	circle	none	same	N_dis	(968, 450)	vert	up	True	394121	394877	up	(800, 450)	testing
4	xy	f	20	2	diamond	none	dif	N_dis	(968, 450)	vert	up	True	396253	397837	up	(800, 450)	testing
4	xy	f	20	2	circle	none	same	N_dis	(800, 282)	hori	left	True	399329	399981	left	(800, 450)	testing
4	xy	f	20	2	circle	red	same	(800, 282)	(632, 450)	hori	left	True	401578	402716	left	(800, 450)	testing
4	xy	f	20	2	diamond	green	dif	(632, 450)	(968, 450)	hori	left	True	404320	405260	left	(800, 450)	testing
4	xy	f	20	2	circle	red	dif	(968, 450)	(800, 282)	vert	up	True	406900	407885	up	(800, 450)	testing
4	xy	f	20	2	circle	red	same	(632, 450)	(968, 450)	hori	left	True	409422	410108	left	(800, 450)	testing
4	xy	f	20	2	circle	none	dif	N_dis	(632, 450)	vert	up	True	411519	412332	up	(800, 450)	testing
4	xy	f	20	2	circle	red	same	(968, 450)	(800, 618)	hori	left	True	413873	415084	left	(800, 450)	testing
4	xy	f	20	2	diamond	red	same	(632, 450)	(968, 450)	hori	left	True	416554	417324	left	(800, 450)	testing
4	xy	f	20	2	diamond	red	same	(968, 450)	(800, 282)	hori	left	True	418743	419500	left	(800, 450)	testing
4	xy	f	20	2	diamond	none	same	N_dis	(632, 450)	hori	left	True	420948	421580	left	(800, 450)	testing
4	xy	f	20	2	circle	green	dif	(632, 450)	(800, 282)	hori	left	True	423055	423821	left	(800, 450)	testing
4	xy	f	20	2	circle	none	same	N_dis	(968, 450)	vert	up	True	425379	426108	up	(800, 450)	testing
4	xy	f	20	2	diamond	red	same	(632, 450)	(968, 450)	hori	left	True	427491	428301	left	(800, 450)	testing
4	xy	f	20	2	diamond	none	same	N_dis	(968, 450)	hori	left	True	429734	430300	left	(800, 450)	testing
4	xy	f	20	2	diamond	none	dif	N_dis	(800, 282)	vert	up	True	431897	432588	up	(800, 450)	testing
4	xy	f	20	2	circle	none	dif	N_dis	(800, 618)	hori	left	True	433962	434588	left	(800, 450)	testing
4	xy	f	20	2	circle	red	dif	(968, 450)	(632, 450)	hori	left	True	436125	436989	left	(800, 450)	testing
4	xy	f	20	2	diamond	none	same	N_dis	(968, 450)	vert	up	True	438529	439644	up	(800, 450)	testing
4	xy	f	20	2	circle	red	dif	(800, 282)	(800, 618)	vert	up	True	441179	441965	up	(800, 450)	testing
4	xy	f	20	2	circle	red	dif	(800, 282)	(632, 450)	hori	left	True	443370	443998	left	(800, 450)	testing
4	xy	f	20	2	circle	none	same	N_dis	(800, 618)	vert	up	True	445508	446156	up	(800, 450)	testing
4	xy	f	20	2	diamond	red	same	(800, 282)	(632, 450)	vert	up	True	447633	448412	up	(800, 450)	testing
4	xy	f	20	2	circle	none	same	N_dis	(800, 282)	vert	up	True	450045	450732	up	(800, 450)	testing
4	xy	f	20	2	diamond	none	same	N_dis	(800, 618)	hori	left	True	452233	453100	left	(800, 450)	testing
4	xy	f	20	2	diamond	none	dif	N_dis	(800, 282)	hori	left	True	454496	455068	left	(800, 450)	testing
4	xy	f	20	2	diamond	none	same	N_dis	(800, 618)	vert	up	True	456601	457452	up	(800, 450)	testing
4	xy	f	20	2	diamond	green	same	(968, 450)	(800, 282)	vert	up	True	459056	459692	up	(800, 450)	testing
4	xy	f	20	2	diamond	green	dif	(800, 282)	(800, 618)	hori	left	True	461174	461885	left	(800, 450)	testing
4	xy	f	20	2	diamond	red	same	(800, 282)	(800, 618)	hori	left	True	463504	464092	left	(800, 450)	testing
4	xy	f	20	2	circle	red	dif	(968, 450)	(800, 618)	vert	up	True	465545	466348	up	(800, 450)	testing
4	xy	f	20	2	circle	red	dif	(800, 282)	(632, 450)	hori	left	True	467978	468748	left	(800, 450)	testing
4	xy	f	20	2	circle	red	same	(632, 450)	(800, 282)	hori	left	True	470393	471004	left	(800, 450)	testing
4	xy	f	20	2	diamond	green	dif	(968, 450)	(632, 450)	vert	up	True	472567	473372	up	(800, 450)	testing
4	xy	f	20	2	diamond	red	same	(800, 282)	(800, 618)	vert	up	True	474925	475612	left	(800, 450)	testing
4	xy	f	20	2	diamond	none	same	N_dis	(800, 618)	vert	up	True	478537	479372	up	(800, 450)	testing
4	xy	f	20	2	diamond	red	dif	(968, 450)	(800, 282)	hori	left	True	480960	481692	left	(800, 450)	testing
4	xy	f	20	2	diamond	green	dif	(632, 450)	(800, 618)	hori	left	True	483123	484028	left	(800, 450)	testing
4	xy	f	20	2	circle	none	same	N_dis	(800, 282)	hori	left	True	485541	486172	left	(800, 450)	testing
4	xy	f	20	2	circle	none	dif	N_dis	(800, 282)	hori	left	True	487758	488252	left	(800, 450)	testing
4	xy	f	20	2	circle	red	same	(968, 450)	(800, 282)	hori	left	True	489720	490252	left	(800, 450)	testing
4	xy	f	20	2	diamond	none	dif	N_dis	(800, 618)	vert	up	True	491629	492348	up	(800, 450)	testing
4	xy	f	20	2	diamond	green	dif	(800, 282)	(968, 450)	vert	up	True	493874	495292	up	(800, 450)	testing
4	xy	f	20	2	circle	green	same	(632, 450)	(800, 618)	hori	left	True	496813	497772	left	(800, 450)	testing
4	xy	f	20	2	circle	none	dif	N_dis	(968, 450)	vert	up	True	499165	499949	up	(800, 450)	testing
4	xy	f	20	2	circle	green	same	(968, 450)	(800, 618)	vert	up	True	501479	502732	up	(800, 450)	testing
4	xy	f	20	2	diamond	green	dif	(968, 450)	(800, 618)	vert	up	True	504277	505116	up	(800, 450)	testing
4	xy	f	20	2	circle	green	same	(632, 450)	(800, 618)	vert	up	True	506708	507452	up	(800, 450)	testing
4	xy	f	20	2	diamond	green	same	(632, 450)	(800, 282)	vert	up	True	509004	509740	up	(800, 450)	testing
4	xy	f	20	2	circle	none	dif	N_dis	(968, 450)	hori	left	True	511381	511949	left	(800, 450)	testing
4	xy	f	20	2	circle	green	dif	(968, 450)	(800, 618)	vert	up	True	513573	514396	up	(800, 450)	testing
4	xy	f	20	2	diamond	green	dif	(800, 282)	(800, 618)	hori	left	True	515892	516556	left	(800, 450)	testing
4	xy	f	20	2	circle	green	dif	(968, 450)	(800, 282)	hori	left	True	517937	518620	left	(800, 450)	testing
4	xy	f	20	2	diamond	red	dif	(800, 282)	(632, 450)	vert	up	True	520038	520845	up	(800, 450)	testing
4	xy	f	20	2	circle	red	dif	(968, 450)	(800, 282)	hori	left	True	522357	523036	left	(800, 450)	testing
4	xy	f	20	2	diamond	none	same	N_dis	(800, 282)	hori	left	True	524654	525164	left	(800, 450)	testing
4	xy	f	20	2	circle	green	same	(968, 450)	(800, 282)	hori	left	True	526696	527213	left	(800, 450)	testing
4	xy	f	20	2	circle	red	dif	(968, 450)	(800, 282)	hori	left	True	528720	529244	left	(800, 450)	testing
4	xy	f	20	2	circle	green	dif	(632, 450)	(800, 282)	hori	left	True	530812	531548	left	(800, 450)	testing
4	xy	f	20	2	circle	red	same	(800, 282)	(968, 450)	hori	left	True	533114	533740	left	(800, 450)	testing
4	xy	f	20	2	diamond	green	same	(968, 450)	(632, 450)	vert	up	True	535186	535901	up	(800, 450)	testing
4	xy	f	20	2	circle	none	same	N_dis	(632, 450)	vert	up	True	537308	538076	up	(800, 450)	testing
4	xy	f	20	2	diamond	red	same	(800, 282)	(968, 450)	hori	left	True	539641	540476	left	(800, 450)	testing
4	xy	f	20	2	diamond	red	same	(800, 618)	(800, 282)	vert	up	True	542147	543084	up	(800, 450)	testing
4	xy	f	20	2	circle	red	same	(632, 450)	(800, 282)	hori	left	True	544709	545325	left	(800, 450)	testing
4	xy	f	20	2	circle	red	dif	(632, 450)	(800, 618)	hori	left	True	546810	547452	left	(800, 450)	testing
4	xy	f	20	2	diamond	red	same	(800, 282)	(800, 618)	vert	up	True	548911	549805	up	(800, 450)	testing
4	xy	f	20	2	circle	none	dif	N_dis	(800, 282)	vert	up	True	551456	552172	up	(800, 450)	testing
4	xy	f	20	2	circle	red	same	(632, 450)	(800, 618)	hori	left	True	553715	554428	left	(800, 450)	testing
4	xy	f	20	2	circle	none	same	N_dis	(632, 450)	hori	left	True	555977	556556	left	(800, 450)	testing
4	xy	f	20	2	diamond	none	same	N_dis	(632, 450)	hori	left	True	558101	559068	left	(800, 450)	testing
4	xy	f	20	2	diamond	none	dif	N_dis	(968, 450)	vert	up	True	560673	561452	up	(800, 450)	testing
4	xy	f	20	2	circle	red	dif	(800, 282)	(632, 450)	hori	left	True	563008	563740	left	(800, 450)	testing
4	xy	f	20	2	diamond	red	dif	(968, 450)	(632, 450)	hori	left	True	565351	566252	left	(800, 450)	testing
4	xy	f	20	2	diamond	green	dif	(632, 450)	(968, 450)	vert	up	True	567743	568508	up	(800, 450)	testing
4	xy	f	20	2	circle	none	same	N_dis	(968, 450)	vert	up	True	570006	570764	up	(800, 450)	testing
4	xy	f	20	2	diamond	red	same	(632, 450)	(800, 618)	hori	left	True	572301	573164	left	(800, 450)	testing
4	xy	f	20	2	circle	none	dif	N_dis	(800, 282)	hori	left	True	574638	575196	left	(800, 450)	testing
4	xy	f	20	2	diamond	green	same	(800, 282)	(800, 618)	vert	up	True	576712	577596	up	(800, 450)	testing
4	xy	f	20	2	diamond	red	same	(968, 450)	(800, 618)	hori	left	True	579137	580156	left	(800, 450)	testing
4	xy	f	20	2	diamond	red	same	(968, 450)	(800, 282)	vert	up	True	581644	582348	up	(800, 450)	testing
4	xy	f	20	2	diamond	green	same	(632, 450)	(800, 282)	hori	left	True	583824	584541	left	(800, 450)	testing
4	xy	f	20	2	diamond	green	same	(968, 450)	(800, 282)	hori	left	True	586006	586572	left	(800, 450)	testing
4	xy	f	20	2	diamond	red	dif	(632, 450)	(800, 282)	hori	left	True	588024	588829	left	(800, 450)	testing
4	xy	f	20	2	diamond	green	dif	(632, 450)	(800, 282)	vert	up	True	590421	591164	up	(800, 450)	testing
4	xy	f	20	2	diamond	red	dif	(968, 450)	(800, 618)	hori	left	True	592813	593676	left	(800, 450)	testing
4	xy	f	20	2	circle	red	dif	(968, 450)	(632, 450)	hori	left	True	595223	596252	left	(800, 450)	testing
4	xy	f	20	2	circle	red	same	(800, 282)	(800, 618)	hori	left	True	597791	598572	left	(800, 450)	testing
4	xy	f	20	2	circle	red	same	(632, 450)	(800, 282)	hori	left	True	600172	600797	left	(800, 450)	testing
4	xy	f	20	2	circle	red	dif	(632, 450)	(968, 450)	hori	left	True	602359	602989	left	(800, 450)	testing
4	xy	f	20	2	diamond	none	dif	N_dis	(632, 450)	hori	left	True	604558	605213	left	(800, 450)	testing
4	xy	f	20	2	diamond	none	dif	N_dis	(968, 450)	vert	up	True	606808	607740	up	(800, 450)	testing
4	xy	f	20	2	diamond	red	dif	(968, 450)	(632, 450)	hori	left	True	609309	609853	left	(800, 450)	testing
4	xy	f	20	2	diamond	green	same	(968, 450)	(800, 618)	vert	up	True	611402	612380	up	(800, 450)	testing
4	xy	f	20	2	diamond	green	dif	(968, 450)	(632, 450)	vert	up	True	613924	614444	left	(800, 450)	testing
4	xy	f	20	2	diamond	green	same	(800, 282)	(968, 450)	hori	left	True	617419	618092	left	(800, 450)	testing
4	xy	f	20	2	circle	red	same	(968, 450)	(800, 618)	vert	up	True	619589	620572	up	(800, 450)	testing
4	xy	f	20	2	circle	none	same	N_dis	(632, 450)	vert	up	True	622022	622797	up	(800, 450)	testing
4	xy	f	20	2	circle	green	same	(800, 282)	(968, 450)	hori	left	True	624433	625244	left	(800, 450)	testing
4	xy	f	20	2	circle	red	same	(800, 282)	(800, 618)	hori	left	True	626681	627244	left	(800, 450)	testing
4	xy	f	20	2	circle	none	dif	N_dis	(800, 618)	vert	up	True	628700	629388	up	(800, 450)	testing
4	xy	f	20	2	diamond	green	dif	(800, 282)	(800, 618)	vert	up	True	630978	631724	up	(800, 450)	testing
4	xy	f	20	2	circle	none	same	N_dis	(800, 282)	vert	up	True	633215	633805	up	(800, 450)	testing
4	xy	f	20	2	circle	red	same	(968, 450)	(632, 450)	hori	left	True	635333	636300	left	(800, 450)	testing
4	xy	f	20	2	circle	none	same	N_dis	(632, 450)	vert	up	True	637800	638540	up	(800, 450)	testing
4	xy	f	20	2	diamond	red	same	(632, 450)	(968, 450)	hori	left	True	640055	641228	left	(800, 450)	testing
4	xy	f	20	2	diamond	none	dif	N_dis	(800, 282)	vert	up	True	642637	643340	up	(800, 450)	testing
4	xy	f	20	2	circle	red	dif	(968, 450)	(632, 450)	hori	left	True	644964	645660	left	(800, 450)	testing
4	xy	f	20	2	diamond	none	same	N_dis	(800, 618)	vert	up	True	647136	647853	up	(800, 450)	testing
4	xy	f	20	2	diamond	green	dif	(800, 282)	(632, 450)	vert	up	True	649276	650060	up	(800, 450)	testing
4	xy	f	20	2	circle	green	dif	(800, 282)	(632, 450)	vert	up	True	651679	652797	up	(800, 450)	testing
4	xy	f	20	2	circle	none	dif	N_dis	(800, 282)	vert	up	True	654285	654957	up	(800, 450)	testing
4	xy	f	20	2	circle	green	dif	(632, 450)	(968, 450)	vert	up	True	656531	657340	up	(800, 450)	testing
4	xy	f	20	2	circle	green	dif	(800, 282)	(968, 450)	vert	up	True	658820	659644	up	(800, 450)	testing
4	xy	f	20	2	diamond	red	same	(632, 450)	(800, 282)	vert	up	True	661080	661805	up	(800, 450)	testing
4	xy	f	20	2	circle	red	same	(800, 282)	(800, 618)	vert	up	True	663336	664396	up	(800, 450)	testing
4	xy	f	20	2	circle	green	dif	(800, 282)	(632, 450)	hori	left	True	666059	666813	left	(800, 450)	testing
4	xy	f	20	2	circle	green	dif	(632, 450)	(800, 618)	hori	left	True	668433	669165	left	(800, 450)	testing
4	xy	f	20	2	diamond	green	same	(632, 450)	(968, 450)	hori	left	True	670823	671724	left	(800, 450)	testing
4	xy	f	20	2	diamond	none	dif	N_dis	(968, 450)	hori	left	True	673190	673981	left	(800, 450)	testing
4	xy	f	20	2	diamond	green	dif	(800, 282)	(968, 450)	hori	left	True	675571	676188	left	(800, 450)	testing
4	xy	f	20	2	circle	none	dif	N_dis	(968, 450)	hori	left	True	677777	678652	left	(800, 450)	testing
4	xy	f	20	2	circle	red	dif	(968, 450)	(800, 618)	vert	up	True	680143	681036	up	(800, 450)	testing
4	xy	f	20	2	diamond	green	same	(800, 618)	(800, 282)	vert	up	True	682479	683356	up	(800, 450)	testing
4	xy	f	20	2	circle	red	dif	(968, 450)	(632, 450)	vert	up	True	684812	685933	up	(800, 450)	testing
4	xy	f	20	2	diamond	none	same	N_dis	(968, 450)	vert	up	True	687508	689052	left	(800, 450)	testing
4	xy	f	20	2	diamond	none	dif	N_dis	(800, 618)	vert	up	True	692105	693132	up	(800, 450)	testing
4	xy	f	20	2	circle	red	dif	(968, 450)	(800, 282)	vert	up	True	694660	695756	up	(800, 450)	testing
4	xy	f	20	2	circle	green	dif	(800, 282)	(632, 450)	hori	left	True	697405	698092	left	(800, 450)	testing
4	xy	f	20	2	circle	green	same	(632, 450)	(968, 450)	vert	up	True	699517	700236	up	(800, 450)	testing
4	xy	f	20	2	circle	none	same	N_dis	(800, 282)	vert	up	True	701810	702396	up	(800, 450)	testing
4	xy	f	20	2	circle	none	same	N_dis	(632, 450)	vert	up	True	703968	704668	up	(800, 450)	testing
4	xy	f	20	2	circle	green	dif	(632, 450)	(968, 450)	vert	up	True	706285	706845	up	(800, 450)	testing
4	xy	f	20	2	circle	none	dif	N_dis	(800, 618)	vert	up	True	708335	708926	up	(800, 450)	testing
4	xy	f	20	2	diamond	red	same	(632, 450)	(800, 618)	vert	up	True	710451	711580	up	(800, 450)	testing
4	xy	f	20	2	circle	green	same	(800, 282)	(968, 450)	hori	left	True	713133	714317	left	(800, 450)	testing
4	xy	f	20	2	diamond	green	same	(968, 450)	(800, 618)	hori	left	True	715900	716893	left	(800, 450)	testing
4	xy	f	20	2	circle	green	same	(968, 450)	(632, 450)	vert	up	True	718378	719437	up	(800, 450)	testing
4	xy	f	20	2	circle	green	dif	(632, 450)	(800, 618)	hori	left	True	721004	721724	left	(800, 450)	testing
4	xy	f	20	2	circle	red	dif	(968, 450)	(800, 282)	vert	up	True	723147	724108	up	(800, 450)	testing
