subj	name	gender	age	runNum	shape	dist	td_dif	d_loc	t_loc	resp	resp_key	gotKey	startTime	respTime	resp	fix_loc	prac
4	xy	f	20	3	circle	red	same	(800, 282)	(632, 450)	vert	up	True	18142	19181	up	(800, 450)	testing
4	xy	f	20	3	diamond	none	dif	N_dis	(800, 282)	hori	left	True	20738	21389	left	(800, 450)	testing
4	xy	f	20	3	circle	none	dif	N_dis	(800, 618)	vert	up	True	23014	23726	up	(800, 450)	testing
4	xy	f	20	3	circle	none	same	N_dis	(968, 450)	hori	left	True	25121	25726	left	(800, 450)	testing
4	xy	f	20	3	circle	green	same	(800, 282)	(800, 618)	vert	up	True	27302	28045	up	(800, 450)	testing
4	xy	f	20	3	circle	red	same	(800, 618)	(968, 450)	vert	up	True	29434	30253	up	(800, 450)	testing
4	xy	f	20	3	circle	none	same	N_dis	(632, 450)	hori	left	True	31920	32750	left	(800, 450)	testing
4	xy	f	20	3	diamond	none	dif	N_dis	(632, 450)	hori	left	True	34219	34926	left	(800, 450)	testing
4	xy	f	20	3	circle	none	dif	N_dis	(632, 450)	hori	left	True	36375	36958	left	(800, 450)	testing
4	xy	f	20	3	circle	none	same	N_dis	(800, 618)	hori	left	True	38398	38910	left	(800, 450)	testing
4	xy	f	20	3	diamond	none	same	N_dis	(968, 450)	hori	left	True	40437	41357	left	(800, 450)	testing
4	xy	f	20	3	circle	red	dif	(800, 282)	(632, 450)	hori	left	True	43007	43598	left	(800, 450)	testing
4	xy	f	20	3	circle	none	dif	N_dis	(800, 282)	vert	up	True	45207	46093	up	(800, 450)	testing
4	xy	f	20	3	circle	red	dif	(632, 450)	(968, 450)	hori	left	True	47595	48141	left	(800, 450)	testing
4	xy	f	20	3	circle	green	dif	(800, 282)	(968, 450)	vert	up	True	49745	50638	up	(800, 450)	testing
4	xy	f	20	3	diamond	green	same	(968, 450)	(800, 282)	vert	up	True	52157	52798	up	(800, 450)	testing
4	xy	f	20	3	circle	red	same	(800, 618)	(632, 450)	vert	up	True	54382	55133	up	(800, 450)	testing
4	xy	f	20	3	circle	green	dif	(968, 450)	(632, 450)	vert	up	True	56670	57309	up	(800, 450)	testing
4	xy	f	20	3	diamond	red	dif	(800, 618)	(632, 450)	hori	left	True	58720	59389	left	(800, 450)	testing
4	xy	f	20	3	circle	red	dif	(632, 450)	(800, 282)	hori	left	True	61055	61838	left	(800, 450)	testing
4	xy	f	20	3	diamond	red	dif	(968, 450)	(800, 618)	vert	up	True	63460	64301	up	(800, 450)	testing
4	xy	f	20	3	circle	green	dif	(968, 450)	(632, 450)	hori	left	True	65700	66269	left	(800, 450)	testing
4	xy	f	20	3	diamond	red	dif	(800, 618)	(968, 450)	vert	up	True	67776	68574	up	(800, 450)	testing
4	xy	f	20	3	circle	red	same	(632, 450)	(968, 450)	vert	up	True	69995	70846	up	(800, 450)	testing
4	xy	f	20	3	diamond	none	dif	N_dis	(800, 618)	vert	up	True	72383	73101	up	(800, 450)	testing
4	xy	f	20	3	diamond	red	same	(800, 282)	(800, 618)	hori	left	True	74524	75165	left	(800, 450)	testing
4	xy	f	20	3	diamond	red	same	(632, 450)	(800, 618)	vert	up	True	76737	77566	up	(800, 450)	testing
4	xy	f	20	3	circle	green	same	(800, 618)	(968, 450)	vert	up	True	78995	80093	up	(800, 450)	testing
4	xy	f	20	3	circle	none	dif	N_dis	(800, 618)	hori	left	True	81707	82301	left	(800, 450)	testing
4	xy	f	20	3	circle	none	same	N_dis	(968, 450)	hori	left	True	83765	84349	left	(800, 450)	testing
4	xy	f	20	3	diamond	none	dif	N_dis	(968, 450)	vert	up	True	85806	86462	up	(800, 450)	testing
4	xy	f	20	3	diamond	green	dif	(800, 282)	(800, 618)	hori	left	True	88068	88750	left	(800, 450)	testing
4	xy	f	20	3	diamond	green	same	(800, 282)	(632, 450)	hori	left	True	90245	91245	left	(800, 450)	testing
4	xy	f	20	3	circle	red	same	(800, 618)	(800, 282)	hori	left	True	92898	93934	left	(800, 450)	testing
4	xy	f	20	3	diamond	none	same	N_dis	(800, 618)	vert	up	True	95374	96046	up	(800, 450)	testing
4	xy	f	20	3	diamond	green	dif	(968, 450)	(800, 618)	vert	up	True	97648	98301	up	(800, 450)	testing
4	xy	f	20	3	diamond	red	dif	(800, 618)	(800, 282)	hori	left	True	99676	100349	left	(800, 450)	testing
4	xy	f	20	3	diamond	green	dif	(968, 450)	(800, 282)	vert	up	True	101750	102285	up	(800, 450)	testing
4	xy	f	20	3	circle	green	dif	(968, 450)	(800, 282)	hori	left	True	103789	104846	left	(800, 450)	testing
4	xy	f	20	3	circle	green	dif	(800, 282)	(968, 450)	vert	up	True	106467	107293	up	(800, 450)	testing
4	xy	f	20	3	diamond	green	same	(632, 450)	(800, 282)	hori	left	True	108673	109646	left	(800, 450)	testing
4	xy	f	20	3	circle	none	same	N_dis	(800, 282)	vert	up	True	111170	111791	up	(800, 450)	testing
4	xy	f	20	3	diamond	green	dif	(632, 450)	(968, 450)	vert	up	True	113198	114045	up	(800, 450)	testing
4	xy	f	20	3	diamond	none	same	N_dis	(800, 282)	hori	left	True	115592	116189	left	(800, 450)	testing
4	xy	f	20	3	diamond	none	dif	N_dis	(632, 450)	vert	up	True	117674	118365	up	(800, 450)	testing
4	xy	f	20	3	diamond	green	same	(800, 618)	(968, 450)	hori	left	True	119851	120766	left	(800, 450)	testing
4	xy	f	20	3	diamond	none	same	N_dis	(800, 282)	vert	up	True	122145	122798	up	(800, 450)	testing
4	xy	f	20	3	circle	green	same	(800, 282)	(968, 450)	vert	up	True	124343	125437	up	(800, 450)	testing
4	xy	f	20	3	circle	red	dif	(968, 450)	(632, 450)	vert	up	True	126950	127694	up	(800, 450)	testing
4	xy	f	20	3	diamond	green	dif	(968, 450)	(800, 618)	hori	left	True	129079	129982	left	(800, 450)	testing
4	xy	f	20	3	diamond	none	same	N_dis	(968, 450)	hori	left	True	131653	132221	left	(800, 450)	testing
4	xy	f	20	3	diamond	red	same	(632, 450)	(968, 450)	hori	left	True	133602	134397	left	(800, 450)	testing
4	xy	f	20	3	diamond	red	dif	(632, 450)	(800, 618)	vert	up	True	135905	137117	up	(800, 450)	testing
4	xy	f	20	3	circle	green	same	(800, 282)	(968, 450)	hori	left	True	138551	139726	left	(800, 450)	testing
4	xy	f	20	3	diamond	green	same	(632, 450)	(800, 282)	hori	left	True	141346	141982	left	(800, 450)	testing
4	xy	f	20	3	circle	green	same	(800, 618)	(632, 450)	hori	left	True	143412	144077	left	(800, 450)	testing
4	xy	f	20	3	circle	red	dif	(632, 450)	(800, 618)	vert	up	True	145459	146494	up	(800, 450)	testing
4	xy	f	20	3	diamond	red	same	(968, 450)	(800, 282)	hori	left	True	147919	148510	left	(800, 450)	testing
4	xy	f	20	3	circle	none	dif	N_dis	(632, 450)	hori	left	True	150091	150702	left	(800, 450)	testing
4	xy	f	20	3	diamond	red	same	(800, 618)	(800, 282)	vert	up	True	152271	152942	up	(800, 450)	testing
4	xy	f	20	3	circle	red	same	(800, 282)	(632, 450)	hori	left	True	154324	155149	left	(800, 450)	testing
4	xy	f	20	3	diamond	none	dif	N_dis	(800, 282)	hori	left	True	156587	157293	up	(800, 450)	testing
4	xy	f	20	3	circle	none	dif	N_dis	(800, 618)	hori	left	True	160208	160942	left	(800, 450)	testing
4	xy	f	20	3	circle	none	same	N_dis	(968, 450)	vert	up	True	162519	163229	up	(800, 450)	testing
4	xy	f	20	3	circle	green	same	(800, 282)	(800, 618)	vert	up	True	164605	165614	up	(800, 450)	testing
4	xy	f	20	3	circle	red	same	(800, 618)	(968, 450)	hori	left	True	167172	168029	left	(800, 450)	testing
4	xy	f	20	3	circle	none	same	N_dis	(632, 450)	vert	up	True	169574	170301	up	(800, 450)	testing
4	xy	f	20	3	diamond	none	dif	N_dis	(632, 450)	hori	left	True	171912	172734	left	(800, 450)	testing
4	xy	f	20	3	circle	none	dif	N_dis	(632, 450)	hori	left	True	174331	174910	left	(800, 450)	testing
4	xy	f	20	3	circle	none	same	N_dis	(800, 618)	vert	up	True	176306	177005	up	(800, 450)	testing
4	xy	f	20	3	diamond	none	same	N_dis	(968, 450)	hori	left	True	178383	179053	left	(800, 450)	testing
4	xy	f	20	3	circle	red	dif	(800, 282)	(632, 450)	hori	left	True	180525	181181	left	(800, 450)	testing
4	xy	f	20	3	circle	none	dif	N_dis	(800, 282)	hori	left	True	182671	183293	left	(800, 450)	testing
4	xy	f	20	3	circle	red	dif	(632, 450)	(968, 450)	hori	left	True	184845	185437	left	(800, 450)	testing
4	xy	f	20	3	circle	green	dif	(800, 282)	(968, 450)	hori	left	True	186847	187502	left	(800, 450)	testing
4	xy	f	20	3	diamond	green	same	(968, 450)	(800, 282)	hori	left	True	188965	189662	left	(800, 450)	testing
4	xy	f	20	3	circle	red	same	(800, 618)	(632, 450)	hori	left	True	191216	191950	left	(800, 450)	testing
4	xy	f	20	3	circle	green	dif	(968, 450)	(632, 450)	vert	up	True	193535	194429	up	(800, 450)	testing
4	xy	f	20	3	diamond	red	dif	(800, 618)	(632, 450)	hori	left	True	196051	196734	left	(800, 450)	testing
4	xy	f	20	3	circle	red	dif	(632, 450)	(800, 282)	hori	left	True	198110	198846	left	(800, 450)	testing
4	xy	f	20	3	diamond	red	dif	(968, 450)	(800, 618)	vert	up	True	200273	201454	up	(800, 450)	testing
4	xy	f	20	3	circle	green	dif	(968, 450)	(632, 450)	hori	left	True	203102	203742	left	(800, 450)	testing
4	xy	f	20	3	diamond	red	dif	(800, 618)	(968, 450)	vert	up	True	205241	206301	up	(800, 450)	testing
4	xy	f	20	3	circle	red	same	(632, 450)	(968, 450)	hori	left	True	207716	208926	left	(800, 450)	testing
4	xy	f	20	3	diamond	none	dif	N_dis	(800, 618)	vert	up	True	210577	211357	up	(800, 450)	testing
4	xy	f	20	3	diamond	red	same	(800, 282)	(800, 618)	hori	left	True	212832	213534	left	(800, 450)	testing
4	xy	f	20	3	diamond	red	same	(632, 450)	(800, 618)	vert	up	True	214926	215790	up	(800, 450)	testing
4	xy	f	20	3	circle	green	same	(800, 618)	(968, 450)	hori	left	True	217212	218061	left	(800, 450)	testing
4	xy	f	20	3	circle	none	dif	N_dis	(800, 618)	vert	up	True	219711	220397	up	(800, 450)	testing
4	xy	f	20	3	circle	none	same	N_dis	(968, 450)	hori	left	True	222019	222574	left	(800, 450)	testing
4	xy	f	20	3	diamond	none	dif	N_dis	(968, 450)	vert	up	True	224240	224942	up	(800, 450)	testing
4	xy	f	20	3	diamond	green	dif	(800, 282)	(800, 618)	hori	left	True	226359	227005	left	(800, 450)	testing
4	xy	f	20	3	diamond	green	same	(800, 282)	(632, 450)	hori	left	True	228640	229293	left	(800, 450)	testing
4	xy	f	20	3	circle	red	same	(800, 618)	(800, 282)	hori	left	True	230790	231774	left	(800, 450)	testing
4	xy	f	20	3	diamond	none	same	N_dis	(800, 618)	hori	left	True	233437	234125	left	(800, 450)	testing
4	xy	f	20	3	diamond	green	dif	(968, 450)	(800, 618)	vert	up	True	235711	236574	up	(800, 450)	testing
4	xy	f	20	3	diamond	red	dif	(800, 618)	(800, 282)	hori	left	True	238166	238798	left	(800, 450)	testing
4	xy	f	20	3	diamond	green	dif	(968, 450)	(800, 282)	hori	left	True	240328	240910	left	(800, 450)	testing
4	xy	f	20	3	circle	green	dif	(968, 450)	(800, 282)	vert	up	True	242483	243678	up	(800, 450)	testing
4	xy	f	20	3	circle	green	dif	(800, 282)	(968, 450)	hori	left	True	245199	245998	left	(800, 450)	testing
4	xy	f	20	3	diamond	green	same	(632, 450)	(800, 282)	hori	left	True	247537	248558	left	(800, 450)	testing
4	xy	f	20	3	circle	none	same	N_dis	(800, 282)	vert	up	True	250078	250782	up	(800, 450)	testing
4	xy	f	20	3	diamond	green	dif	(632, 450)	(968, 450)	hori	left	True	252335	253053	left	(800, 450)	testing
4	xy	f	20	3	diamond	none	same	N_dis	(800, 282)	vert	up	True	254461	255165	up	(800, 450)	testing
4	xy	f	20	3	diamond	none	dif	N_dis	(632, 450)	hori	left	True	256690	257245	left	(800, 450)	testing
4	xy	f	20	3	diamond	green	same	(800, 618)	(968, 450)	hori	left	True	258688	259261	left	(800, 450)	testing
4	xy	f	20	3	diamond	none	same	N_dis	(800, 282)	vert	up	True	260701	261293	up	(800, 450)	testing
4	xy	f	20	3	circle	green	same	(800, 282)	(968, 450)	vert	up	True	262946	264141	up	(800, 450)	testing
4	xy	f	20	3	circle	red	dif	(968, 450)	(632, 450)	hori	left	True	265686	266333	left	(800, 450)	testing
4	xy	f	20	3	diamond	green	dif	(968, 450)	(800, 618)	vert	up	True	267777	268494	left	(800, 450)	testing
4	xy	f	20	3	diamond	none	same	N_dis	(968, 450)	hori	left	True	271673	272446	left	(800, 450)	testing
4	xy	f	20	3	diamond	red	same	(632, 450)	(968, 450)	vert	up	True	273948	274750	up	(800, 450)	testing
4	xy	f	20	3	diamond	red	dif	(632, 450)	(800, 618)	hori	left	True	276361	277165	left	(800, 450)	testing
4	xy	f	20	3	circle	green	same	(800, 282)	(968, 450)	vert	up	True	278818	280237	up	(800, 450)	testing
4	xy	f	20	3	diamond	green	same	(632, 450)	(800, 282)	vert	up	True	281712	282830	up	(800, 450)	testing
4	xy	f	20	3	circle	green	same	(800, 618)	(632, 450)	vert	up	True	284271	285117	up	(800, 450)	testing
4	xy	f	20	3	circle	red	dif	(632, 450)	(800, 618)	vert	up	True	286689	287614	up	(800, 450)	testing
4	xy	f	20	3	diamond	red	same	(968, 450)	(800, 282)	vert	up	True	289062	289934	up	(800, 450)	testing
4	xy	f	20	3	circle	none	dif	N_dis	(632, 450)	vert	up	True	291468	292317	up	(800, 450)	testing
4	xy	f	20	3	diamond	red	same	(800, 618)	(800, 282)	vert	up	True	293809	294429	up	(800, 450)	testing
4	xy	f	20	3	circle	red	same	(800, 282)	(632, 450)	hori	left	True	295961	296670	left	(800, 450)	testing
4	xy	f	20	3	diamond	none	dif	N_dis	(800, 282)	vert	up	True	298296	298990	up	(800, 450)	testing
4	xy	f	20	3	circle	none	dif	N_dis	(800, 618)	vert	up	True	300488	301181	up	(800, 450)	testing
4	xy	f	20	3	circle	none	same	N_dis	(968, 450)	vert	up	True	302826	303726	up	(800, 450)	testing
4	xy	f	20	3	circle	green	same	(800, 282)	(800, 618)	hori	left	True	305148	305838	left	(800, 450)	testing
4	xy	f	20	3	circle	red	same	(800, 618)	(968, 450)	vert	up	True	307285	308141	up	(800, 450)	testing
4	xy	f	20	3	circle	none	same	N_dis	(632, 450)	hori	left	True	309664	310702	left	(800, 450)	testing
4	xy	f	20	3	diamond	none	dif	N_dis	(632, 450)	vert	up	True	312218	313566	up	(800, 450)	testing
4	xy	f	20	3	circle	none	dif	N_dis	(632, 450)	hori	left	True	314976	315934	left	(800, 450)	testing
4	xy	f	20	3	circle	none	same	N_dis	(800, 618)	vert	up	True	317406	318125	up	(800, 450)	testing
4	xy	f	20	3	diamond	none	same	N_dis	(968, 450)	vert	up	True	319595	320462	up	(800, 450)	testing
4	xy	f	20	3	circle	red	dif	(800, 282)	(632, 450)	vert	up	True	321992	322846	left	(800, 450)	testing
4	xy	f	20	3	circle	none	dif	N_dis	(800, 282)	vert	up	True	325801	326478	up	(800, 450)	testing
4	xy	f	20	3	circle	red	dif	(632, 450)	(968, 450)	hori	left	True	328081	328702	left	(800, 450)	testing
4	xy	f	20	3	circle	green	dif	(800, 282)	(968, 450)	hori	left	True	330262	330894	left	(800, 450)	testing
4	xy	f	20	3	diamond	green	same	(968, 450)	(800, 282)	vert	up	True	332542	333405	up	(800, 450)	testing
4	xy	f	20	3	circle	red	same	(800, 618)	(632, 450)	hori	left	True	334962	335566	left	(800, 450)	testing
4	xy	f	20	3	circle	green	dif	(968, 450)	(632, 450)	vert	up	True	337076	337998	up	(800, 450)	testing
4	xy	f	20	3	diamond	red	dif	(800, 618)	(632, 450)	hori	left	True	339383	340189	left	(800, 450)	testing
4	xy	f	20	3	circle	red	dif	(632, 450)	(800, 282)	vert	up	True	341635	342397	up	(800, 450)	testing
4	xy	f	20	3	diamond	red	dif	(968, 450)	(800, 618)	hori	left	True	343812	344862	left	(800, 450)	testing
4	xy	f	20	3	circle	green	dif	(968, 450)	(632, 450)	vert	up	True	346307	347165	up	(800, 450)	testing
4	xy	f	20	3	diamond	red	dif	(800, 618)	(968, 450)	hori	left	True	348655	349614	left	(800, 450)	testing
4	xy	f	20	3	circle	red	same	(632, 450)	(968, 450)	vert	up	True	351024	351758	up	(800, 450)	testing
4	xy	f	20	3	diamond	none	dif	N_dis	(800, 618)	vert	up	True	353250	354237	up	(800, 450)	testing
4	xy	f	20	3	diamond	red	same	(800, 282)	(800, 618)	hori	left	True	355674	356365	left	(800, 450)	testing
4	xy	f	20	3	diamond	red	same	(632, 450)	(800, 618)	hori	left	True	357814	358670	left	(800, 450)	testing
4	xy	f	20	3	circle	green	same	(800, 618)	(968, 450)	vert	up	True	360086	360911	up	(800, 450)	testing
4	xy	f	20	3	circle	none	dif	N_dis	(800, 618)	vert	up	True	362360	363037	up	(800, 450)	testing
4	xy	f	20	3	circle	none	same	N_dis	(968, 450)	vert	up	True	364599	365341	up	(800, 450)	testing
4	xy	f	20	3	diamond	none	dif	N_dis	(968, 450)	vert	up	True	366919	367582	up	(800, 450)	testing
4	xy	f	20	3	diamond	green	dif	(800, 282)	(800, 618)	vert	up	True	368980	369854	up	(800, 450)	testing
4	xy	f	20	3	diamond	green	same	(800, 282)	(632, 450)	vert	up	True	371426	372189	up	(800, 450)	testing
4	xy	f	20	3	circle	red	same	(800, 618)	(800, 282)	vert	up	True	373668	374734	up	(800, 450)	testing
4	xy	f	20	3	diamond	none	same	N_dis	(800, 618)	hori	left	True	376271	377149	left	(800, 450)	testing
4	xy	f	20	3	diamond	green	dif	(968, 450)	(800, 618)	hori	left	True	378812	379854	left	(800, 450)	testing
4	xy	f	20	3	diamond	red	dif	(800, 618)	(800, 282)	hori	left	True	381448	382061	left	(800, 450)	testing
4	xy	f	20	3	diamond	green	dif	(968, 450)	(800, 282)	vert	up	True	383454	384285	up	(800, 450)	testing
4	xy	f	20	3	circle	green	dif	(968, 450)	(800, 282)	vert	up	True	385880	386927	up	(800, 450)	testing
4	xy	f	20	3	circle	green	dif	(800, 282)	(968, 450)	hori	left	True	388357	388990	left	(800, 450)	testing
4	xy	f	20	3	diamond	green	same	(632, 450)	(800, 282)	hori	left	True	390438	391550	left	(800, 450)	testing
4	xy	f	20	3	circle	none	same	N_dis	(800, 282)	hori	left	True	393168	393742	left	(800, 450)	testing
4	xy	f	20	3	diamond	green	dif	(632, 450)	(968, 450)	vert	up	True	395257	396285	up	(800, 450)	testing
4	xy	f	20	3	diamond	none	same	N_dis	(800, 282)	hori	left	True	397714	398269	left	(800, 450)	testing
4	xy	f	20	3	diamond	none	dif	N_dis	(632, 450)	hori	left	True	399781	400429	left	(800, 450)	testing
4	xy	f	20	3	diamond	green	same	(800, 618)	(968, 450)	vert	up	True	401869	402638	up	(800, 450)	testing
4	xy	f	20	3	diamond	none	same	N_dis	(800, 282)	vert	up	True	404244	404910	up	(800, 450)	testing
4	xy	f	20	3	circle	green	same	(800, 282)	(968, 450)	hori	left	True	406497	407325	left	(800, 450)	testing
4	xy	f	20	3	circle	red	dif	(968, 450)	(632, 450)	hori	left	True	408781	409437	left	(800, 450)	testing
4	xy	f	20	3	diamond	green	dif	(968, 450)	(800, 618)	hori	left	True	410896	411774	left	(800, 450)	testing
4	xy	f	20	3	diamond	none	same	N_dis	(968, 450)	vert	up	True	413413	414141	up	(800, 450)	testing
4	xy	f	20	3	diamond	red	same	(632, 450)	(968, 450)	vert	up	True	415810	416590	up	(800, 450)	testing
4	xy	f	20	3	diamond	red	dif	(632, 450)	(800, 618)	hori	left	True	418196	418990	left	(800, 450)	testing
4	xy	f	20	3	circle	green	same	(800, 282)	(968, 450)	hori	left	True	420511	421261	left	(800, 450)	testing
4	xy	f	20	3	diamond	green	same	(632, 450)	(800, 282)	hori	left	True	422722	423614	left	(800, 450)	testing
4	xy	f	20	3	circle	green	same	(800, 618)	(632, 450)	hori	left	True	425184	425918	left	(800, 450)	testing
4	xy	f	20	3	circle	red	dif	(632, 450)	(800, 618)	vert	up	True	427382	428365	up	(800, 450)	testing
4	xy	f	20	3	diamond	red	same	(968, 450)	(800, 282)	vert	up	True	429842	430478	up	(800, 450)	testing
4	xy	f	20	3	circle	none	dif	N_dis	(632, 450)	hori	left	True	431893	432478	left	(800, 450)	testing
4	xy	f	20	3	diamond	red	same	(800, 618)	(800, 282)	vert	up	True	434116	434830	up	(800, 450)	testing
4	xy	f	20	3	circle	red	same	(800, 282)	(632, 450)	hori	left	True	436501	437149	left	(800, 450)	testing
4	xy	f	20	3	diamond	none	dif	N_dis	(800, 282)	hori	left	True	438741	439293	left	(800, 450)	testing
4	xy	f	20	3	circle	none	dif	N_dis	(800, 618)	hori	left	True	440677	441341	left	(800, 450)	testing
4	xy	f	20	3	circle	none	same	N_dis	(968, 450)	vert	up	True	442956	443710	up	(800, 450)	testing
4	xy	f	20	3	circle	green	same	(800, 282)	(800, 618)	hori	left	True	445160	445902	left	(800, 450)	testing
4	xy	f	20	3	circle	red	same	(800, 618)	(968, 450)	hori	left	True	447518	448173	left	(800, 450)	testing
4	xy	f	20	3	circle	none	same	N_dis	(632, 450)	hori	left	True	449552	450189	left	(800, 450)	testing
4	xy	f	20	3	diamond	none	dif	N_dis	(632, 450)	vert	up	True	451817	452926	up	(800, 450)	testing
4	xy	f	20	3	circle	none	dif	N_dis	(632, 450)	vert	up	True	454534	455341	up	(800, 450)	testing
4	xy	f	20	3	circle	none	same	N_dis	(800, 618)	vert	up	True	456808	457470	up	(800, 450)	testing
4	xy	f	20	3	diamond	none	same	N_dis	(968, 450)	hori	left	True	458873	459711	left	(800, 450)	testing
4	xy	f	20	3	circle	red	dif	(800, 282)	(632, 450)	hori	left	True	461275	462253	up	(800, 450)	testing
4	xy	f	20	3	circle	none	dif	N_dis	(800, 282)	hori	left	True	465398	466061	left	(800, 450)	testing
4	xy	f	20	3	circle	red	dif	(632, 450)	(968, 450)	hori	left	True	467709	468349	left	(800, 450)	testing
4	xy	f	20	3	circle	green	dif	(800, 282)	(968, 450)	hori	left	True	469769	470349	left	(800, 450)	testing
4	xy	f	20	3	diamond	green	same	(968, 450)	(800, 282)	vert	up	True	471772	472606	up	(800, 450)	testing
4	xy	f	20	3	circle	red	same	(800, 618)	(632, 450)	vert	up	True	474191	474894	up	(800, 450)	testing
4	xy	f	20	3	circle	green	dif	(968, 450)	(632, 450)	vert	up	True	476538	477341	up	(800, 450)	testing
4	xy	f	20	3	diamond	red	dif	(800, 618)	(632, 450)	hori	left	True	478982	479774	left	(800, 450)	testing
4	xy	f	20	3	circle	red	dif	(632, 450)	(800, 282)	hori	left	True	481378	481902	left	(800, 450)	testing
4	xy	f	20	3	diamond	red	dif	(968, 450)	(800, 618)	vert	up	True	483290	484285	up	(800, 450)	testing
4	xy	f	20	3	circle	green	dif	(968, 450)	(632, 450)	vert	up	True	485895	486798	up	(800, 450)	testing
4	xy	f	20	3	diamond	red	dif	(800, 618)	(968, 450)	hori	left	True	488373	489197	left	(800, 450)	testing
4	xy	f	20	3	circle	red	same	(632, 450)	(968, 450)	vert	up	True	490577	491470	up	(800, 450)	testing
4	xy	f	20	3	diamond	none	dif	N_dis	(800, 618)	hori	left	True	493054	493774	left	(800, 450)	testing
4	xy	f	20	3	diamond	red	same	(800, 282)	(800, 618)	hori	left	True	495347	495870	left	(800, 450)	testing
4	xy	f	20	3	diamond	red	same	(632, 450)	(800, 618)	hori	left	True	497368	497966	left	(800, 450)	testing
4	xy	f	20	3	circle	green	same	(800, 618)	(968, 450)	vert	up	True	499627	500429	up	(800, 450)	testing
4	xy	f	20	3	circle	none	dif	N_dis	(800, 618)	vert	up	True	501944	502798	up	(800, 450)	testing
4	xy	f	20	3	circle	none	same	N_dis	(968, 450)	hori	left	True	504451	505101	left	(800, 450)	testing
4	xy	f	20	3	diamond	none	dif	N_dis	(968, 450)	vert	up	True	506492	507165	up	(800, 450)	testing
4	xy	f	20	3	diamond	green	dif	(800, 282)	(800, 618)	hori	left	True	508673	509454	left	(800, 450)	testing
4	xy	f	20	3	diamond	green	same	(800, 282)	(632, 450)	hori	left	True	511026	511759	left	(800, 450)	testing
4	xy	f	20	3	circle	red	same	(800, 618)	(800, 282)	vert	up	True	513283	514061	up	(800, 450)	testing
4	xy	f	20	3	diamond	none	same	N_dis	(800, 618)	vert	up	True	515613	516237	up	(800, 450)	testing
4	xy	f	20	3	diamond	green	dif	(968, 450)	(800, 618)	vert	up	True	517864	518494	up	(800, 450)	testing
4	xy	f	20	3	diamond	red	dif	(800, 618)	(800, 282)	hori	left	True	519924	520606	left	(800, 450)	testing
4	xy	f	20	3	diamond	green	dif	(968, 450)	(800, 282)	vert	up	True	522045	522670	up	(800, 450)	testing
4	xy	f	20	3	circle	green	dif	(968, 450)	(800, 282)	hori	left	True	524194	525214	left	(800, 450)	testing
4	xy	f	20	3	circle	green	dif	(800, 282)	(968, 450)	vert	up	True	526742	527710	up	(800, 450)	testing
4	xy	f	20	3	diamond	green	same	(632, 450)	(800, 282)	hori	left	True	529107	529742	left	(800, 450)	testing
4	xy	f	20	3	circle	none	same	N_dis	(800, 282)	vert	up	True	531157	531998	up	(800, 450)	testing
4	xy	f	20	3	diamond	green	dif	(632, 450)	(968, 450)	hori	left	True	533479	534301	left	(800, 450)	testing
4	xy	f	20	3	diamond	none	same	N_dis	(800, 282)	vert	up	True	535757	536413	up	(800, 450)	testing
4	xy	f	20	3	diamond	none	dif	N_dis	(632, 450)	hori	left	True	537859	538542	left	(800, 450)	testing
4	xy	f	20	3	diamond	green	same	(800, 618)	(968, 450)	vert	up	True	540080	540670	left	(800, 450)	testing
4	xy	f	20	3	diamond	none	same	N_dis	(800, 282)	hori	left	True	543719	544317	left	(800, 450)	testing
4	xy	f	20	3	circle	green	same	(800, 282)	(968, 450)	vert	up	True	545944	547261	up	(800, 450)	testing
4	xy	f	20	3	circle	red	dif	(968, 450)	(632, 450)	vert	up	True	548676	549598	up	(800, 450)	testing
4	xy	f	20	3	diamond	green	dif	(968, 450)	(800, 618)	vert	up	True	551087	552333	up	(800, 450)	testing
4	xy	f	20	3	diamond	none	same	N_dis	(968, 450)	vert	up	True	553943	554798	up	(800, 450)	testing
4	xy	f	20	3	diamond	red	same	(632, 450)	(968, 450)	vert	up	True	556298	557197	up	(800, 450)	testing
4	xy	f	20	3	diamond	red	dif	(632, 450)	(800, 618)	vert	up	True	558636	559726	up	(800, 450)	testing
4	xy	f	20	3	circle	green	same	(800, 282)	(968, 450)	hori	left	True	561100	562109	left	(800, 450)	testing
4	xy	f	20	3	diamond	green	same	(632, 450)	(800, 282)	vert	up	True	563781	564862	up	(800, 450)	testing
4	xy	f	20	3	circle	green	same	(800, 618)	(632, 450)	vert	up	True	566384	567437	up	(800, 450)	testing
4	xy	f	20	3	circle	red	dif	(632, 450)	(800, 618)	vert	up	True	569069	569822	up	(800, 450)	testing
4	xy	f	20	3	diamond	red	same	(968, 450)	(800, 282)	vert	up	True	571431	572029	up	(800, 450)	testing
4	xy	f	20	3	circle	none	dif	N_dis	(632, 450)	hori	left	True	573635	574382	left	(800, 450)	testing
4	xy	f	20	3	diamond	red	same	(800, 618)	(800, 282)	hori	left	True	575887	576542	left	(800, 450)	testing
4	xy	f	20	3	circle	red	same	(800, 282)	(632, 450)	hori	left	True	578115	578830	left	(800, 450)	testing
4	xy	f	20	3	diamond	none	dif	N_dis	(800, 282)	hori	left	True	580229	580862	left	(800, 450)	testing
4	xy	f	20	3	circle	none	dif	N_dis	(800, 618)	hori	left	True	582513	583405	left	(800, 450)	testing
4	xy	f	20	3	circle	none	same	N_dis	(968, 450)	vert	up	True	584818	585502	up	(800, 450)	testing
4	xy	f	20	3	circle	green	same	(800, 282)	(800, 618)	vert	up	True	587062	587870	up	(800, 450)	testing
4	xy	f	20	3	circle	red	same	(800, 618)	(968, 450)	vert	up	True	589382	590045	up	(800, 450)	testing
4	xy	f	20	3	circle	none	same	N_dis	(632, 450)	hori	left	True	591471	592301	left	(800, 450)	testing
4	xy	f	20	3	diamond	none	dif	N_dis	(632, 450)	hori	left	True	593826	594878	left	(800, 450)	testing
4	xy	f	20	3	circle	none	dif	N_dis	(632, 450)	hori	left	True	596272	597470	left	(800, 450)	testing
4	xy	f	20	3	circle	none	same	N_dis	(800, 618)	vert	up	True	598922	599662	up	(800, 450)	testing
4	xy	f	20	3	diamond	none	same	N_dis	(968, 450)	vert	up	True	601263	602590	up	(800, 450)	testing
4	xy	f	20	3	circle	red	dif	(800, 282)	(632, 450)	vert	up	True	604234	605133	up	(800, 450)	testing
4	xy	f	20	3	circle	none	dif	N_dis	(800, 282)	vert	up	True	606802	607373	up	(800, 450)	testing
4	xy	f	20	3	circle	red	dif	(632, 450)	(968, 450)	vert	up	True	608814	609389	up	(800, 450)	testing
4	xy	f	20	3	circle	green	dif	(800, 282)	(968, 450)	vert	up	True	610855	611630	up	(800, 450)	testing
4	xy	f	20	3	diamond	green	same	(968, 450)	(800, 282)	vert	up	True	613188	614189	up	(800, 450)	testing
4	xy	f	20	3	circle	red	same	(800, 618)	(632, 450)	vert	up	True	615656	616718	up	(800, 450)	testing
4	xy	f	20	3	circle	green	dif	(968, 450)	(632, 450)	hori	left	True	618138	618926	left	(800, 450)	testing
4	xy	f	20	3	diamond	red	dif	(800, 618)	(632, 450)	vert	up	True	620334	621309	up	(800, 450)	testing
4	xy	f	20	3	circle	red	dif	(632, 450)	(800, 282)	hori	left	True	622973	623726	left	(800, 450)	testing
4	xy	f	20	3	diamond	red	dif	(968, 450)	(800, 618)	vert	up	True	625314	626254	up	(800, 450)	testing
4	xy	f	20	3	circle	green	dif	(968, 450)	(632, 450)	vert	up	True	627727	628317	left	(800, 450)	testing
4	xy	f	20	3	diamond	red	dif	(800, 618)	(968, 450)	hori	left	True	631241	631998	left	(800, 450)	testing
4	xy	f	20	3	circle	red	same	(632, 450)	(968, 450)	hori	left	True	633628	634381	left	(800, 450)	testing
4	xy	f	20	3	diamond	none	dif	N_dis	(800, 618)	hori	left	True	635806	636830	left	(800, 450)	testing
4	xy	f	20	3	diamond	red	same	(800, 282)	(800, 618)	vert	up	True	638360	639197	up	(800, 450)	testing
4	xy	f	20	3	diamond	red	same	(632, 450)	(800, 618)	vert	up	True	640583	641309	up	(800, 450)	testing
4	xy	f	20	3	circle	green	same	(800, 618)	(968, 450)	hori	left	True	642817	643614	left	(800, 450)	testing
4	xy	f	20	3	circle	none	dif	N_dis	(800, 618)	hori	left	True	645063	645630	left	(800, 450)	testing
4	xy	f	20	3	circle	none	same	N_dis	(968, 450)	hori	left	True	647072	647902	left	(800, 450)	testing
4	xy	f	20	3	diamond	none	dif	N_dis	(968, 450)	vert	up	True	649509	650429	up	(800, 450)	testing
4	xy	f	20	3	diamond	green	dif	(800, 282)	(800, 618)	hori	left	True	652004	652670	left	(800, 450)	testing
4	xy	f	20	3	diamond	green	same	(800, 282)	(632, 450)	hori	left	True	654117	654846	left	(800, 450)	testing
4	xy	f	20	3	circle	red	same	(800, 618)	(800, 282)	vert	up	True	656443	657582	up	(800, 450)	testing
4	xy	f	20	3	diamond	none	same	N_dis	(800, 618)	vert	up	True	659177	659822	up	(800, 450)	testing
4	xy	f	20	3	diamond	green	dif	(968, 450)	(800, 618)	hori	left	True	661444	662269	left	(800, 450)	testing
4	xy	f	20	3	diamond	red	dif	(800, 618)	(800, 282)	hori	left	True	663872	664638	left	(800, 450)	testing
4	xy	f	20	3	diamond	green	dif	(968, 450)	(800, 282)	hori	left	True	666117	666670	left	(800, 450)	testing
4	xy	f	20	3	circle	green	dif	(968, 450)	(800, 282)	vert	up	True	668120	669021	up	(800, 450)	testing
4	xy	f	20	3	circle	green	dif	(800, 282)	(968, 450)	hori	left	True	670439	671325	left	(800, 450)	testing
4	xy	f	20	3	diamond	green	same	(632, 450)	(800, 282)	hori	left	True	672878	673518	left	(800, 450)	testing
4	xy	f	20	3	circle	none	same	N_dis	(800, 282)	hori	left	True	675086	675854	left	(800, 450)	testing
4	xy	f	20	3	diamond	green	dif	(632, 450)	(968, 450)	hori	left	True	677460	678189	left	(800, 450)	testing
4	xy	f	20	3	diamond	none	same	N_dis	(800, 282)	hori	left	True	679803	680926	left	(800, 450)	testing
4	xy	f	20	3	diamond	none	dif	N_dis	(632, 450)	hori	left	True	682536	683101	left	(800, 450)	testing
4	xy	f	20	3	diamond	green	same	(800, 618)	(968, 450)	hori	left	True	684543	685197	left	(800, 450)	testing
4	xy	f	20	3	diamond	none	same	N_dis	(800, 282)	hori	left	True	686590	687101	left	(800, 450)	testing
4	xy	f	20	3	circle	green	same	(800, 282)	(968, 450)	hori	left	True	688712	689518	left	(800, 450)	testing
4	xy	f	20	3	circle	red	dif	(968, 450)	(632, 450)	hori	left	True	690914	691790	left	(800, 450)	testing
4	xy	f	20	3	diamond	green	dif	(968, 450)	(800, 618)	vert	up	True	693227	694157	up	(800, 450)	testing
4	xy	f	20	3	diamond	none	same	N_dis	(968, 450)	vert	up	True	695605	696846	up	(800, 450)	testing
4	xy	f	20	3	diamond	red	same	(632, 450)	(968, 450)	hori	left	True	698365	699293	left	(800, 450)	testing
4	xy	f	20	3	diamond	red	dif	(632, 450)	(800, 618)	hori	left	True	700941	701790	left	(800, 450)	testing
4	xy	f	20	3	circle	green	same	(800, 282)	(968, 450)	vert	up	True	703203	704429	up	(800, 450)	testing
4	xy	f	20	3	diamond	green	same	(632, 450)	(800, 282)	hori	left	True	706056	706782	left	(800, 450)	testing
4	xy	f	20	3	circle	green	same	(800, 618)	(632, 450)	vert	up	True	708213	709454	up	(800, 450)	testing
4	xy	f	20	3	circle	red	dif	(632, 450)	(800, 618)	vert	up	True	710849	711710	up	(800, 450)	testing
4	xy	f	20	3	diamond	red	same	(968, 450)	(800, 282)	hori	left	True	713128	713950	left	(800, 450)	testing
4	xy	f	20	3	circle	none	dif	N_dis	(632, 450)	hori	left	True	715613	716317	left	(800, 450)	testing
4	xy	f	20	3	diamond	red	same	(800, 618)	(800, 282)	hori	left	True	717834	718478	left	(800, 450)	testing
conf	4	xy	f	20	3	1	3	5	7	space	None	None	None	None	None	True	752150	763630	2
