subj	name	gender	age	runNum	shape	dist	td_dif	d_loc	t_loc	resp	resp_key	gotKey	startTime	respTime	resp	fix_loc	prac
5	ye	f	19	3	circle	none	dif	N_dis	(968, 450)	vert	up	True	18416	19549	up	(800, 450)	testing
5	ye	f	19	3	circle	green	same	(632, 450)	(968, 450)	hori	left	True	21179	22461	left	(800, 450)	testing
5	ye	f	19	3	circle	green	dif	(968, 450)	(800, 282)	hori	left	True	24005	25501	left	(800, 450)	testing
5	ye	f	19	3	circle	red	same	(800, 282)	(968, 450)	vert	up	True	27106	28333	up	(800, 450)	testing
5	ye	f	19	3	diamond	none	dif	N_dis	(632, 450)	vert	up	True	29840	30958	up	(800, 450)	testing
5	ye	f	19	3	circle	green	same	(968, 450)	(632, 450)	hori	left	True	32621	34125	left	(800, 450)	testing
5	ye	f	19	3	diamond	red	same	(800, 282)	(800, 618)	hori	left	True	35607	36990	left	(800, 450)	testing
5	ye	f	19	3	diamond	green	same	(632, 450)	(800, 618)	hori	left	True	38451	40557	left	(800, 450)	testing
5	ye	f	19	3	circle	green	dif	(968, 450)	(800, 618)	vert	up	True	41951	43694	up	(800, 450)	testing
5	ye	f	19	3	circle	none	dif	N_dis	(800, 282)	vert	up	True	45330	46525	up	(800, 450)	testing
5	ye	f	19	3	diamond	none	same	N_dis	(800, 618)	hori	left	True	48053	49213	left	(800, 450)	testing
5	ye	f	19	3	diamond	red	dif	(800, 618)	(968, 450)	vert	up	True	50871	52445	up	(800, 450)	testing
5	ye	f	19	3	circle	none	dif	N_dis	(968, 450)	vert	up	True	53839	55293	up	(800, 450)	testing
5	ye	f	19	3	circle	green	dif	(968, 450)	(800, 618)	vert	up	True	56755	57918	up	(800, 450)	testing
5	ye	f	19	3	diamond	red	dif	(800, 282)	(968, 450)	vert	up	True	59430	60766	up	(800, 450)	testing
5	ye	f	19	3	diamond	red	same	(800, 282)	(800, 618)	vert	up	True	62235	64990	up	(800, 450)	testing
5	ye	f	19	3	circle	green	same	(632, 450)	(800, 618)	hori	left	True	66604	67646	left	(800, 450)	testing
5	ye	f	19	3	diamond	red	dif	(632, 450)	(800, 282)	vert	up	True	69269	70846	up	(800, 450)	testing
5	ye	f	19	3	diamond	red	dif	(800, 618)	(800, 282)	hori	left	True	72463	74702	up	(800, 450)	testing
5	ye	f	19	3	circle	none	same	N_dis	(800, 282)	hori	left	False	77791	None	None	(800, 450)	testing
5	ye	f	19	3	diamond	none	dif	N_dis	(968, 450)	hori	left	True	83867	85533	left	(800, 450)	testing
5	ye	f	19	3	circle	red	same	(800, 282)	(632, 450)	hori	left	True	87067	88974	up	(800, 450)	testing
5	ye	f	19	3	circle	green	same	(800, 282)	(968, 450)	hori	left	True	91938	93918	left	(800, 450)	testing
5	ye	f	19	3	diamond	none	same	N_dis	(800, 282)	vert	up	True	95567	96910	up	(800, 450)	testing
5	ye	f	19	3	circle	none	dif	N_dis	(968, 450)	hori	left	True	98511	99421	left	(800, 450)	testing
5	ye	f	19	3	circle	red	same	(800, 618)	(968, 450)	hori	left	True	100927	101934	left	(800, 450)	testing
5	ye	f	19	3	circle	red	dif	(968, 450)	(632, 450)	vert	up	True	103317	106269	up	(800, 450)	testing
5	ye	f	19	3	diamond	none	dif	N_dis	(800, 282)	vert	up	True	107662	109453	up	(800, 450)	testing
5	ye	f	19	3	circle	green	dif	(800, 282)	(632, 450)	vert	up	True	110979	112477	up	(800, 450)	testing
5	ye	f	19	3	circle	none	dif	N_dis	(632, 450)	vert	up	True	114084	115710	up	(800, 450)	testing
5	ye	f	19	3	diamond	green	dif	(968, 450)	(632, 450)	vert	up	True	117198	118221	left	(800, 450)	testing
5	ye	f	19	3	diamond	green	dif	(968, 450)	(800, 618)	hori	left	False	121362	None	None	(800, 450)	testing
5	ye	f	19	3	circle	red	same	(800, 618)	(800, 282)	hori	left	True	127531	130141	up	(800, 450)	testing
5	ye	f	19	3	diamond	green	dif	(800, 282)	(968, 450)	vert	up	True	133224	134639	up	(800, 450)	testing
5	ye	f	19	3	circle	green	same	(632, 450)	(968, 450)	hori	left	True	136251	137533	left	(800, 450)	testing
5	ye	f	19	3	diamond	green	dif	(632, 450)	(800, 282)	hori	left	True	139170	140381	left	(800, 450)	testing
5	ye	f	19	3	diamond	none	same	N_dis	(632, 450)	vert	up	True	141916	143742	up	(800, 450)	testing
5	ye	f	19	3	diamond	green	dif	(632, 450)	(800, 282)	vert	up	True	145337	147117	left	(800, 450)	testing
5	ye	f	19	3	circle	none	same	N_dis	(968, 450)	hori	left	True	150038	151806	left	(800, 450)	testing
5	ye	f	19	3	diamond	green	same	(968, 450)	(800, 282)	vert	up	True	153378	155149	up	(800, 450)	testing
5	ye	f	19	3	diamond	red	same	(800, 618)	(632, 450)	vert	up	True	156594	158830	up	(800, 450)	testing
5	ye	f	19	3	circle	red	dif	(800, 618)	(968, 450)	vert	up	True	160306	161902	up	(800, 450)	testing
5	ye	f	19	3	diamond	none	same	N_dis	(632, 450)	hori	left	True	163387	165277	left	(800, 450)	testing
5	ye	f	19	3	circle	red	dif	(968, 450)	(800, 282)	hori	left	True	166756	168894	left	(800, 450)	testing
5	ye	f	19	3	circle	green	dif	(800, 282)	(632, 450)	hori	left	True	170327	171485	left	(800, 450)	testing
5	ye	f	19	3	circle	red	dif	(632, 450)	(968, 450)	vert	up	True	173087	174654	up	(800, 450)	testing
5	ye	f	19	3	diamond	none	dif	N_dis	(800, 618)	hori	left	True	176115	178365	left	(800, 450)	testing
5	ye	f	19	3	circle	none	same	N_dis	(800, 282)	vert	up	True	179770	180766	up	(800, 450)	testing
5	ye	f	19	3	diamond	green	same	(800, 282)	(800, 618)	hori	left	True	182285	183726	left	(800, 450)	testing
5	ye	f	19	3	diamond	green	same	(968, 450)	(800, 282)	vert	up	True	185129	186493	up	(800, 450)	testing
5	ye	f	19	3	diamond	none	same	N_dis	(800, 618)	vert	up	True	187939	190221	up	(800, 450)	testing
5	ye	f	19	3	circle	none	same	N_dis	(632, 450)	hori	left	True	191848	193005	left	(800, 450)	testing
5	ye	f	19	3	circle	red	dif	(632, 450)	(968, 450)	vert	up	True	194646	197421	up	(800, 450)	testing
5	ye	f	19	3	diamond	red	dif	(800, 618)	(632, 450)	vert	up	True	198988	200622	up	(800, 450)	testing
5	ye	f	19	3	diamond	red	same	(632, 450)	(800, 618)	vert	up	True	202217	204638	up	(800, 450)	testing
5	ye	f	19	3	diamond	none	dif	N_dis	(800, 618)	vert	up	True	206306	208205	up	(800, 450)	testing
5	ye	f	19	3	diamond	red	same	(800, 618)	(800, 282)	vert	up	False	209713	None	None	(800, 450)	testing
5	ye	f	19	3	diamond	green	same	(800, 618)	(968, 450)	vert	up	True	215871	217887	up	(800, 450)	testing
5	ye	f	19	3	circle	none	same	N_dis	(800, 618)	hori	left	True	219322	221549	left	(800, 450)	testing
5	ye	f	19	3	circle	red	same	(800, 618)	(632, 450)	hori	left	True	223211	225918	left	(800, 450)	testing
5	ye	f	19	3	circle	none	dif	N_dis	(968, 450)	hori	left	True	227517	228477	left	(800, 450)	testing
5	ye	f	19	3	circle	green	same	(632, 450)	(968, 450)	vert	up	True	229939	230862	up	(800, 450)	testing
5	ye	f	19	3	circle	green	dif	(968, 450)	(800, 282)	vert	up	True	232362	233550	up	(800, 450)	testing
5	ye	f	19	3	circle	red	same	(800, 282)	(968, 450)	vert	up	True	235082	235950	up	(800, 450)	testing
5	ye	f	19	3	diamond	none	dif	N_dis	(632, 450)	vert	up	True	237561	238655	left	(800, 450)	testing
5	ye	f	19	3	circle	green	same	(968, 450)	(632, 450)	vert	up	True	241819	243453	up	(800, 450)	testing
5	ye	f	19	3	diamond	red	same	(800, 282)	(800, 618)	vert	up	True	245029	247277	up	(800, 450)	testing
5	ye	f	19	3	diamond	green	same	(632, 450)	(800, 618)	hori	left	True	248655	249598	left	(800, 450)	testing
5	ye	f	19	3	circle	green	dif	(968, 450)	(800, 618)	vert	up	True	251192	252590	up	(800, 450)	testing
5	ye	f	19	3	circle	none	dif	N_dis	(800, 282)	vert	up	True	254191	255950	left	(800, 450)	testing
5	ye	f	19	3	diamond	none	same	N_dis	(800, 618)	hori	left	True	259137	261053	left	(800, 450)	testing
5	ye	f	19	3	diamond	red	dif	(800, 618)	(968, 450)	hori	left	True	262576	264301	left	(800, 450)	testing
5	ye	f	19	3	circle	none	dif	N_dis	(968, 450)	vert	up	True	265812	267501	up	(800, 450)	testing
5	ye	f	19	3	circle	green	dif	(968, 450)	(800, 618)	hori	left	True	269081	269918	left	(800, 450)	testing
5	ye	f	19	3	diamond	red	dif	(800, 282)	(968, 450)	hori	left	True	271466	272862	left	(800, 450)	testing
5	ye	f	19	3	diamond	red	same	(800, 282)	(800, 618)	hori	left	True	274267	275214	left	(800, 450)	testing
5	ye	f	19	3	circle	green	same	(632, 450)	(800, 618)	vert	up	True	276754	277918	up	(800, 450)	testing
5	ye	f	19	3	diamond	red	dif	(632, 450)	(800, 282)	hori	left	True	279510	280590	left	(800, 450)	testing
5	ye	f	19	3	diamond	red	dif	(800, 618)	(800, 282)	vert	up	True	282220	284525	up	(800, 450)	testing
5	ye	f	19	3	circle	none	same	N_dis	(800, 282)	hori	left	True	285932	288285	left	(800, 450)	testing
5	ye	f	19	3	diamond	none	dif	N_dis	(968, 450)	hori	left	True	289879	291245	left	(800, 450)	testing
5	ye	f	19	3	circle	red	same	(800, 282)	(632, 450)	vert	up	True	292671	293966	up	(800, 450)	testing
5	ye	f	19	3	circle	green	same	(800, 282)	(968, 450)	vert	up	True	295520	296750	up	(800, 450)	testing
5	ye	f	19	3	diamond	none	same	N_dis	(800, 282)	hori	left	True	298157	299229	left	(800, 450)	testing
5	ye	f	19	3	circle	none	dif	N_dis	(968, 450)	vert	up	True	300661	301630	up	(800, 450)	testing
5	ye	f	19	3	circle	red	same	(800, 618)	(968, 450)	hori	left	True	303065	304783	left	(800, 450)	testing
5	ye	f	19	3	circle	red	dif	(968, 450)	(632, 450)	hori	left	True	306364	307085	left	(800, 450)	testing
5	ye	f	19	3	diamond	none	dif	N_dis	(800, 282)	hori	left	True	308540	309950	left	(800, 450)	testing
5	ye	f	19	3	circle	green	dif	(800, 282)	(632, 450)	hori	left	True	311359	313101	left	(800, 450)	testing
5	ye	f	19	3	circle	none	dif	N_dis	(632, 450)	hori	left	True	314481	315341	left	(800, 450)	testing
5	ye	f	19	3	diamond	green	dif	(968, 450)	(632, 450)	vert	up	True	316810	318061	up	(800, 450)	testing
5	ye	f	19	3	diamond	green	dif	(968, 450)	(800, 618)	vert	up	True	319533	320798	up	(800, 450)	testing
5	ye	f	19	3	circle	red	same	(800, 618)	(800, 282)	vert	up	True	322257	324847	left	(800, 450)	testing
5	ye	f	19	3	diamond	green	dif	(800, 282)	(968, 450)	hori	left	True	328018	329582	left	(800, 450)	testing
5	ye	f	19	3	circle	green	same	(632, 450)	(968, 450)	hori	left	True	331148	333277	left	(800, 450)	testing
5	ye	f	19	3	diamond	green	dif	(632, 450)	(800, 282)	hori	left	True	334727	336270	left	(800, 450)	testing
5	ye	f	19	3	diamond	none	same	N_dis	(632, 450)	hori	left	True	337773	338894	left	(800, 450)	testing
5	ye	f	19	3	diamond	green	dif	(632, 450)	(800, 282)	vert	up	True	340409	341726	up	(800, 450)	testing
5	ye	f	19	3	circle	none	same	N_dis	(968, 450)	vert	up	True	343350	345982	up	(800, 450)	testing
5	ye	f	19	3	diamond	green	same	(968, 450)	(800, 282)	hori	left	True	347538	348814	left	(800, 450)	testing
5	ye	f	19	3	diamond	red	same	(800, 618)	(632, 450)	vert	up	True	350448	351565	up	(800, 450)	testing
5	ye	f	19	3	circle	red	dif	(800, 618)	(968, 450)	vert	up	True	352977	354317	up	(800, 450)	testing
5	ye	f	19	3	diamond	none	same	N_dis	(632, 450)	hori	left	True	355925	357005	left	(800, 450)	testing
5	ye	f	19	3	circle	red	dif	(968, 450)	(800, 282)	hori	left	True	358630	359453	up	(800, 450)	testing
5	ye	f	19	3	circle	green	dif	(800, 282)	(632, 450)	hori	left	True	362475	363373	left	(800, 450)	testing
5	ye	f	19	3	circle	red	dif	(632, 450)	(968, 450)	vert	up	True	364893	366670	up	(800, 450)	testing
5	ye	f	19	3	diamond	none	dif	N_dis	(800, 618)	hori	left	True	368090	369181	left	(800, 450)	testing
5	ye	f	19	3	circle	none	same	N_dis	(800, 282)	vert	up	True	370818	372173	up	(800, 450)	testing
5	ye	f	19	3	diamond	green	same	(800, 282)	(800, 618)	vert	up	True	373713	375998	left	(800, 450)	testing
5	ye	f	19	3	diamond	green	same	(968, 450)	(800, 282)	vert	up	True	379047	381695	up	(800, 450)	testing
5	ye	f	19	3	diamond	none	same	N_dis	(800, 618)	hori	left	True	383361	384702	left	(800, 450)	testing
5	ye	f	19	3	circle	none	same	N_dis	(632, 450)	vert	up	True	386315	387759	up	(800, 450)	testing
5	ye	f	19	3	circle	red	dif	(632, 450)	(968, 450)	vert	up	True	389338	390269	up	(800, 450)	testing
5	ye	f	19	3	diamond	red	dif	(800, 618)	(632, 450)	hori	left	True	391762	392750	left	(800, 450)	testing
5	ye	f	19	3	diamond	red	same	(632, 450)	(800, 618)	hori	left	True	394183	395614	left	(800, 450)	testing
5	ye	f	19	3	diamond	none	dif	N_dis	(800, 618)	vert	up	True	397013	398349	up	(800, 450)	testing
5	ye	f	19	3	diamond	red	same	(800, 618)	(800, 282)	vert	up	True	399936	401133	up	(800, 450)	testing
5	ye	f	19	3	diamond	green	same	(800, 618)	(968, 450)	vert	up	True	402590	404174	up	(800, 450)	testing
5	ye	f	19	3	circle	none	same	N_dis	(800, 618)	hori	left	True	405807	407790	up	(800, 450)	testing
5	ye	f	19	3	circle	red	same	(800, 618)	(632, 450)	vert	up	True	410846	412429	up	(800, 450)	testing
5	ye	f	19	3	circle	none	dif	N_dis	(968, 450)	hori	left	True	414081	414814	left	(800, 450)	testing
5	ye	f	19	3	circle	green	same	(632, 450)	(968, 450)	vert	up	True	416367	417293	up	(800, 450)	testing
5	ye	f	19	3	circle	green	dif	(968, 450)	(800, 282)	hori	left	True	418926	420317	left	(800, 450)	testing
5	ye	f	19	3	circle	red	same	(800, 282)	(968, 450)	vert	up	True	421985	423775	up	(800, 450)	testing
5	ye	f	19	3	diamond	none	dif	N_dis	(632, 450)	hori	left	True	425339	426269	left	(800, 450)	testing
5	ye	f	19	3	circle	green	same	(968, 450)	(632, 450)	hori	left	True	427924	429229	left	(800, 450)	testing
5	ye	f	19	3	diamond	red	same	(800, 282)	(800, 618)	hori	left	True	430769	432189	left	(800, 450)	testing
5	ye	f	19	3	diamond	green	same	(632, 450)	(800, 618)	hori	left	True	433749	434590	left	(800, 450)	testing
5	ye	f	19	3	circle	green	dif	(968, 450)	(800, 618)	vert	up	True	435965	437711	left	(800, 450)	testing
5	ye	f	19	3	circle	none	dif	N_dis	(800, 282)	vert	up	True	440731	442045	up	(800, 450)	testing
5	ye	f	19	3	diamond	none	same	N_dis	(800, 618)	vert	up	True	443674	444863	up	(800, 450)	testing
5	ye	f	19	3	diamond	red	dif	(800, 618)	(968, 450)	hori	left	True	446361	447213	left	(800, 450)	testing
5	ye	f	19	3	circle	none	dif	N_dis	(968, 450)	vert	up	True	448785	450253	up	(800, 450)	testing
5	ye	f	19	3	circle	green	dif	(968, 450)	(800, 618)	vert	up	True	451836	454253	up	(800, 450)	testing
5	ye	f	19	3	diamond	red	dif	(800, 282)	(968, 450)	vert	up	True	455696	457902	up	(800, 450)	testing
5	ye	f	19	3	diamond	red	same	(800, 282)	(800, 618)	vert	up	True	459323	460254	up	(800, 450)	testing
5	ye	f	19	3	circle	green	same	(632, 450)	(800, 618)	hori	left	True	461883	463549	left	(800, 450)	testing
5	ye	f	19	3	diamond	red	dif	(632, 450)	(800, 282)	hori	left	True	465147	466493	up	(800, 450)	testing
5	ye	f	19	3	diamond	red	dif	(800, 618)	(800, 282)	hori	left	True	469406	470991	left	(800, 450)	testing
5	ye	f	19	3	circle	none	same	N_dis	(800, 282)	vert	up	True	472432	474285	up	(800, 450)	testing
5	ye	f	19	3	diamond	none	dif	N_dis	(968, 450)	hori	left	True	475708	476959	left	(800, 450)	testing
5	ye	f	19	3	circle	red	same	(800, 282)	(632, 450)	vert	up	True	478529	479935	up	(800, 450)	testing
5	ye	f	19	3	circle	green	same	(800, 282)	(968, 450)	vert	up	True	481495	482607	up	(800, 450)	testing
5	ye	f	19	3	diamond	none	same	N_dis	(800, 282)	hori	left	True	484221	486190	up	(800, 450)	testing
5	ye	f	19	3	circle	none	dif	N_dis	(968, 450)	hori	left	True	489119	490799	left	(800, 450)	testing
5	ye	f	19	3	circle	red	same	(800, 618)	(968, 450)	vert	up	True	492434	493695	up	(800, 450)	testing
5	ye	f	19	3	circle	red	dif	(968, 450)	(632, 450)	hori	left	True	495107	497390	left	(800, 450)	testing
5	ye	f	19	3	diamond	none	dif	N_dis	(800, 282)	vert	up	True	498840	500333	up	(800, 450)	testing
5	ye	f	19	3	circle	green	dif	(800, 282)	(632, 450)	vert	up	True	501997	503533	left	(800, 450)	testing
5	ye	f	19	3	circle	none	dif	N_dis	(632, 450)	hori	left	True	506585	507647	left	(800, 450)	testing
5	ye	f	19	3	diamond	green	dif	(968, 450)	(632, 450)	vert	up	True	509259	509982	left	(800, 450)	testing
5	ye	f	19	3	diamond	green	dif	(968, 450)	(800, 618)	vert	up	True	512901	514398	up	(800, 450)	testing
5	ye	f	19	3	circle	red	same	(800, 618)	(800, 282)	hori	left	True	515875	518478	left	(800, 450)	testing
5	ye	f	19	3	diamond	green	dif	(800, 282)	(968, 450)	vert	up	True	520006	521230	up	(800, 450)	testing
5	ye	f	19	3	circle	green	same	(632, 450)	(968, 450)	vert	up	True	522879	524398	up	(800, 450)	testing
5	ye	f	19	3	diamond	green	dif	(632, 450)	(800, 282)	hori	left	True	525785	527743	left	(800, 450)	testing
5	ye	f	19	3	diamond	none	same	N_dis	(632, 450)	vert	up	True	529359	530493	up	(800, 450)	testing
5	ye	f	19	3	diamond	green	dif	(632, 450)	(800, 282)	vert	up	True	531912	533070	up	(800, 450)	testing
5	ye	f	19	3	circle	none	same	N_dis	(968, 450)	hori	left	True	534502	535309	left	(800, 450)	testing
5	ye	f	19	3	diamond	green	same	(968, 450)	(800, 282)	hori	left	True	536977	539149	left	(800, 450)	testing
5	ye	f	19	3	diamond	red	same	(800, 618)	(632, 450)	vert	up	True	540746	542222	up	(800, 450)	testing
5	ye	f	19	3	circle	red	dif	(800, 618)	(968, 450)	hori	left	True	543622	545406	up	(800, 450)	testing
5	ye	f	19	3	diamond	none	same	N_dis	(632, 450)	hori	left	True	548432	549871	left	(800, 450)	testing
5	ye	f	19	3	circle	red	dif	(968, 450)	(800, 282)	hori	left	True	551409	552254	left	(800, 450)	testing
5	ye	f	19	3	circle	green	dif	(800, 282)	(632, 450)	vert	up	True	553743	554751	up	(800, 450)	testing
5	ye	f	19	3	circle	red	dif	(632, 450)	(968, 450)	hori	left	True	556409	557262	left	(800, 450)	testing
5	ye	f	19	3	diamond	none	dif	N_dis	(800, 618)	hori	left	True	558781	560446	left	(800, 450)	testing
5	ye	f	19	3	circle	none	same	N_dis	(800, 282)	vert	up	True	561856	563150	up	(800, 450)	testing
5	ye	f	19	3	diamond	green	same	(800, 282)	(800, 618)	hori	left	True	564524	566142	left	(800, 450)	testing
5	ye	f	19	3	diamond	green	same	(968, 450)	(800, 282)	hori	left	True	567558	568750	left	(800, 450)	testing
5	ye	f	19	3	diamond	none	same	N_dis	(800, 618)	vert	up	True	570289	571470	up	(800, 450)	testing
5	ye	f	19	3	circle	none	same	N_dis	(632, 450)	vert	up	True	572978	574734	up	(800, 450)	testing
5	ye	f	19	3	circle	red	dif	(632, 450)	(968, 450)	vert	up	True	576390	577871	left	(800, 450)	testing
5	ye	f	19	3	diamond	red	dif	(800, 618)	(632, 450)	vert	up	True	580913	582461	up	(800, 450)	testing
5	ye	f	19	3	diamond	red	same	(632, 450)	(800, 618)	hori	left	True	583859	585150	left	(800, 450)	testing
5	ye	f	19	3	diamond	none	dif	N_dis	(800, 618)	vert	up	True	586532	588526	up	(800, 450)	testing
5	ye	f	19	3	diamond	red	same	(800, 618)	(800, 282)	hori	left	True	590012	592687	left	(800, 450)	testing
5	ye	f	19	3	diamond	green	same	(800, 618)	(968, 450)	vert	up	True	594243	595438	up	(800, 450)	testing
5	ye	f	19	3	circle	none	same	N_dis	(800, 618)	hori	left	True	596826	597839	left	(800, 450)	testing
5	ye	f	19	3	circle	red	same	(800, 618)	(632, 450)	hori	left	True	599430	600510	left	(800, 450)	testing
5	ye	f	19	3	circle	none	dif	N_dis	(968, 450)	hori	left	True	602143	602894	left	(800, 450)	testing
5	ye	f	19	3	circle	green	same	(632, 450)	(968, 450)	vert	up	True	604432	605390	up	(800, 450)	testing
5	ye	f	19	3	circle	green	dif	(968, 450)	(800, 282)	vert	up	True	607004	608078	up	(800, 450)	testing
5	ye	f	19	3	circle	red	same	(800, 282)	(968, 450)	vert	up	True	609517	612318	up	(800, 450)	testing
5	ye	f	19	3	diamond	none	dif	N_dis	(632, 450)	vert	up	True	613844	614830	up	(800, 450)	testing
5	ye	f	19	3	circle	green	same	(968, 450)	(632, 450)	vert	up	True	616273	617534	up	(800, 450)	testing
5	ye	f	19	3	diamond	red	same	(800, 282)	(800, 618)	hori	left	True	619065	619903	left	(800, 450)	testing
5	ye	f	19	3	diamond	green	same	(632, 450)	(800, 618)	vert	up	True	621305	622334	up	(800, 450)	testing
5	ye	f	19	3	circle	green	dif	(968, 450)	(800, 618)	vert	up	True	623708	625006	left	(800, 450)	testing
5	ye	f	19	3	circle	none	dif	N_dis	(800, 282)	hori	left	True	628185	629533	left	(800, 450)	testing
5	ye	f	19	3	diamond	none	same	N_dis	(800, 618)	vert	up	True	631168	632670	up	(800, 450)	testing
5	ye	f	19	3	diamond	red	dif	(800, 618)	(968, 450)	hori	left	True	634221	635182	left	(800, 450)	testing
5	ye	f	19	3	circle	none	dif	N_dis	(968, 450)	vert	up	True	636725	638703	up	(800, 450)	testing
5	ye	f	19	3	circle	green	dif	(968, 450)	(800, 618)	hori	left	True	640292	642190	up	(800, 450)	testing
5	ye	f	19	3	diamond	red	dif	(800, 282)	(968, 450)	vert	up	True	645320	646302	up	(800, 450)	testing
5	ye	f	19	3	diamond	red	same	(800, 282)	(800, 618)	hori	left	True	647885	650157	left	(800, 450)	testing
5	ye	f	19	3	circle	green	same	(632, 450)	(800, 618)	hori	left	True	651575	653118	left	(800, 450)	testing
5	ye	f	19	3	diamond	red	dif	(632, 450)	(800, 282)	hori	left	True	654535	655502	left	(800, 450)	testing
5	ye	f	19	3	diamond	red	dif	(800, 618)	(800, 282)	vert	up	True	657153	659358	up	(800, 450)	testing
5	ye	f	19	3	circle	none	same	N_dis	(800, 282)	hori	left	True	660893	662687	left	(800, 450)	testing
5	ye	f	19	3	diamond	none	dif	N_dis	(968, 450)	hori	left	True	664296	665470	left	(800, 450)	testing
5	ye	f	19	3	circle	red	same	(800, 282)	(632, 450)	vert	up	True	667004	669166	up	(800, 450)	testing
5	ye	f	19	3	circle	green	same	(800, 282)	(968, 450)	vert	up	True	670823	672911	left	(800, 450)	testing
5	ye	f	19	3	diamond	none	same	N_dis	(800, 282)	hori	left	True	675876	677727	left	(800, 450)	testing
5	ye	f	19	3	circle	none	dif	N_dis	(968, 450)	vert	up	False	679343	None	None	(800, 450)	testing
5	ye	f	19	3	circle	red	same	(800, 618)	(968, 450)	hori	left	True	685385	687214	left	(800, 450)	testing
5	ye	f	19	3	circle	red	dif	(968, 450)	(632, 450)	hori	left	True	688801	689582	left	(800, 450)	testing
5	ye	f	19	3	diamond	none	dif	N_dis	(800, 282)	hori	left	True	691061	691871	left	(800, 450)	testing
5	ye	f	19	3	circle	green	dif	(800, 282)	(632, 450)	hori	left	True	693389	695903	left	(800, 450)	testing
5	ye	f	19	3	circle	none	dif	N_dis	(632, 450)	vert	up	True	697346	698366	up	(800, 450)	testing
5	ye	f	19	3	diamond	green	dif	(968, 450)	(632, 450)	vert	up	True	700030	700847	up	(800, 450)	testing
5	ye	f	19	3	diamond	green	dif	(968, 450)	(800, 618)	vert	up	True	702482	703695	left	(800, 450)	testing
5	ye	f	19	3	circle	red	same	(800, 618)	(800, 282)	hori	left	True	706804	709182	left	(800, 450)	testing
5	ye	f	19	3	diamond	green	dif	(800, 282)	(968, 450)	hori	left	True	710596	712446	left	(800, 450)	testing
5	ye	f	19	3	circle	green	same	(632, 450)	(968, 450)	hori	left	True	713878	714943	left	(800, 450)	testing
5	ye	f	19	3	diamond	green	dif	(632, 450)	(800, 282)	vert	up	True	716426	718462	up	(800, 450)	testing
5	ye	f	19	3	diamond	none	same	N_dis	(632, 450)	hori	left	True	719954	720943	left	(800, 450)	testing
5	ye	f	19	3	diamond	green	dif	(632, 450)	(800, 282)	hori	left	True	722373	724206	left	(800, 450)	testing
5	ye	f	19	3	circle	none	same	N_dis	(968, 450)	hori	left	True	725687	726430	left	(800, 450)	testing
5	ye	f	19	3	diamond	green	same	(968, 450)	(800, 282)	vert	up	True	727813	729038	up	(800, 450)	testing
5	ye	f	19	3	diamond	red	same	(800, 618)	(632, 450)	vert	up	True	730644	732334	up	(800, 450)	testing
5	ye	f	19	3	circle	red	dif	(800, 618)	(968, 450)	vert	up	True	733992	735759	up	(800, 450)	testing
5	ye	f	19	3	diamond	none	same	N_dis	(632, 450)	vert	up	True	737135	738735	up	(800, 450)	testing
5	ye	f	19	3	circle	red	dif	(968, 450)	(800, 282)	hori	left	True	740117	740927	left	(800, 450)	testing
5	ye	f	19	3	circle	green	dif	(800, 282)	(632, 450)	vert	up	True	742471	743422	up	(800, 450)	testing
5	ye	f	19	3	circle	red	dif	(632, 450)	(968, 450)	vert	up	True	744868	746126	left	(800, 450)	testing
5	ye	f	19	3	diamond	none	dif	N_dis	(800, 618)	vert	up	True	749317	750526	up	(800, 450)	testing
5	ye	f	19	3	circle	none	same	N_dis	(800, 282)	hori	left	True	751955	752815	left	(800, 450)	testing
5	ye	f	19	3	diamond	green	same	(800, 282)	(800, 618)	vert	up	True	754204	755102	up	(800, 450)	testing
5	ye	f	19	3	diamond	green	same	(968, 450)	(800, 282)	vert	up	True	756724	757711	up	(800, 450)	testing
5	ye	f	19	3	diamond	none	same	N_dis	(800, 618)	hori	left	True	759139	759983	left	(800, 450)	testing
5	ye	f	19	3	circle	none	same	N_dis	(632, 450)	hori	left	True	761615	762510	left	(800, 450)	testing
5	ye	f	19	3	circle	red	dif	(632, 450)	(968, 450)	vert	up	True	764106	764959	up	(800, 450)	testing
5	ye	f	19	3	diamond	red	dif	(800, 618)	(632, 450)	hori	left	True	766586	767711	left	(800, 450)	testing
5	ye	f	19	3	diamond	red	same	(632, 450)	(800, 618)	hori	left	True	769304	771038	left	(800, 450)	testing
5	ye	f	19	3	diamond	none	dif	N_dis	(800, 618)	hori	left	True	772693	773454	left	(800, 450)	testing
5	ye	f	19	3	diamond	red	same	(800, 618)	(800, 282)	vert	up	True	774892	776607	up	(800, 450)	testing
5	ye	f	19	3	diamond	green	same	(800, 618)	(968, 450)	vert	up	True	778077	779358	up	(800, 450)	testing
5	ye	f	19	3	circle	none	same	N_dis	(800, 618)	hori	left	True	781017	782302	up	(800, 450)	testing
5	ye	f	19	3	circle	red	same	(800, 618)	(632, 450)	hori	left	True	785317	786110	left	(800, 450)	testing
5	ye	f	19	3	circle	none	dif	N_dis	(968, 450)	vert	up	True	787652	788703	up	(800, 450)	testing
5	ye	f	19	3	circle	green	same	(632, 450)	(968, 450)	hori	left	True	790273	791134	left	(800, 450)	testing
5	ye	f	19	3	circle	green	dif	(968, 450)	(800, 282)	hori	left	True	792661	793406	left	(800, 450)	testing
5	ye	f	19	3	circle	red	same	(800, 282)	(968, 450)	hori	left	True	794881	795791	left	(800, 450)	testing
5	ye	f	19	3	diamond	none	dif	N_dis	(632, 450)	hori	left	True	797220	799166	left	(800, 450)	testing
5	ye	f	19	3	circle	green	same	(968, 450)	(632, 450)	hori	left	True	800593	801502	left	(800, 450)	testing
5	ye	f	19	3	diamond	red	same	(800, 282)	(800, 618)	vert	up	True	803049	804767	left	(800, 450)	testing
5	ye	f	19	3	diamond	green	same	(632, 450)	(800, 618)	vert	up	True	807895	808910	up	(800, 450)	testing
5	ye	f	19	3	circle	green	dif	(968, 450)	(800, 618)	hori	left	True	810287	811101	up	(800, 450)	testing
5	ye	f	19	3	circle	none	dif	N_dis	(800, 282)	hori	left	True	814089	815759	left	(800, 450)	testing
5	ye	f	19	3	diamond	none	same	N_dis	(800, 618)	hori	left	True	817350	818366	left	(800, 450)	testing
5	ye	f	19	3	diamond	red	dif	(800, 618)	(968, 450)	vert	up	True	819971	820927	up	(800, 450)	testing
5	ye	f	19	3	circle	none	dif	N_dis	(968, 450)	vert	up	True	822598	824270	up	(800, 450)	testing
5	ye	f	19	3	circle	green	dif	(968, 450)	(800, 618)	vert	up	True	825760	827134	up	(800, 450)	testing
5	ye	f	19	3	diamond	red	dif	(800, 282)	(968, 450)	vert	up	True	828511	830462	up	(800, 450)	testing
5	ye	f	19	3	diamond	red	same	(800, 282)	(800, 618)	hori	left	True	832125	832911	left	(800, 450)	testing
5	ye	f	19	3	circle	green	same	(632, 450)	(800, 618)	vert	up	True	834385	835599	up	(800, 450)	testing
5	ye	f	19	3	diamond	red	dif	(632, 450)	(800, 282)	hori	left	True	837156	838334	left	(800, 450)	testing
5	ye	f	19	3	diamond	red	dif	(800, 618)	(800, 282)	vert	up	True	839843	841326	up	(800, 450)	testing
5	ye	f	19	3	circle	none	same	N_dis	(800, 282)	vert	up	True	842994	845006	up	(800, 450)	testing
5	ye	f	19	3	diamond	none	dif	N_dis	(968, 450)	hori	left	True	846411	847663	left	(800, 450)	testing
5	ye	f	19	3	circle	red	same	(800, 282)	(632, 450)	hori	left	True	849183	850574	left	(800, 450)	testing
5	ye	f	19	3	circle	green	same	(800, 282)	(968, 450)	vert	up	True	852179	853326	up	(800, 450)	testing
5	ye	f	19	3	diamond	none	same	N_dis	(800, 282)	vert	up	True	854794	857054	up	(800, 450)	testing
5	ye	f	19	3	circle	none	dif	N_dis	(968, 450)	hori	left	True	858571	860014	left	(800, 450)	testing
5	ye	f	19	3	circle	red	same	(800, 618)	(968, 450)	hori	left	True	861558	862671	left	(800, 450)	testing
5	ye	f	19	3	circle	red	dif	(968, 450)	(632, 450)	vert	up	True	864082	864959	up	(800, 450)	testing
5	ye	f	19	3	diamond	none	dif	N_dis	(800, 282)	vert	up	True	866556	867550	left	(800, 450)	testing
5	ye	f	19	3	circle	green	dif	(800, 282)	(632, 450)	hori	left	True	870486	871406	left	(800, 450)	testing
5	ye	f	19	3	circle	none	dif	N_dis	(632, 450)	hori	left	True	872789	873823	left	(800, 450)	testing
5	ye	f	19	3	diamond	green	dif	(968, 450)	(632, 450)	vert	up	True	875324	876398	up	(800, 450)	testing
5	ye	f	19	3	diamond	green	dif	(968, 450)	(800, 618)	vert	up	True	877930	879406	up	(800, 450)	testing
5	ye	f	19	3	circle	red	same	(800, 618)	(800, 282)	hori	left	True	880982	882430	left	(800, 450)	testing
5	ye	f	19	3	diamond	green	dif	(800, 282)	(968, 450)	hori	left	True	883850	884991	left	(800, 450)	testing
5	ye	f	19	3	circle	green	same	(632, 450)	(968, 450)	hori	left	True	886561	888462	left	(800, 450)	testing
5	ye	f	19	3	diamond	green	dif	(632, 450)	(800, 282)	vert	up	True	890030	891182	up	(800, 450)	testing
5	ye	f	19	3	diamond	none	same	N_dis	(632, 450)	vert	up	True	892619	893983	up	(800, 450)	testing
5	ye	f	19	3	diamond	green	dif	(632, 450)	(800, 282)	hori	left	True	895505	896542	left	(800, 450)	testing
5	ye	f	19	3	circle	none	same	N_dis	(968, 450)	vert	up	True	898070	899550	up	(800, 450)	testing
5	ye	f	19	3	diamond	green	same	(968, 450)	(800, 282)	hori	left	True	901020	902911	left	(800, 450)	testing
5	ye	f	19	3	diamond	red	same	(800, 618)	(632, 450)	hori	left	True	904377	905663	left	(800, 450)	testing
5	ye	f	19	3	circle	red	dif	(800, 618)	(968, 450)	vert	up	True	907165	908334	up	(800, 450)	testing
5	ye	f	19	3	diamond	none	same	N_dis	(632, 450)	vert	up	True	909803	911006	up	(800, 450)	testing
5	ye	f	19	3	circle	red	dif	(968, 450)	(800, 282)	hori	left	True	912509	913438	left	(800, 450)	testing
5	ye	f	19	3	circle	green	dif	(800, 282)	(632, 450)	vert	up	True	914971	916110	left	(800, 450)	testing
5	ye	f	19	3	circle	red	dif	(632, 450)	(968, 450)	hori	left	True	919065	919919	left	(800, 450)	testing
5	ye	f	19	3	diamond	none	dif	N_dis	(800, 618)	hori	left	True	921562	923326	left	(800, 450)	testing
5	ye	f	19	3	circle	none	same	N_dis	(800, 282)	vert	up	True	924964	926318	up	(800, 450)	testing
5	ye	f	19	3	diamond	green	same	(800, 282)	(800, 618)	vert	up	True	927749	928735	up	(800, 450)	testing
5	ye	f	19	3	diamond	green	same	(968, 450)	(800, 282)	vert	up	True	930138	931230	up	(800, 450)	testing
5	ye	f	19	3	diamond	none	same	N_dis	(800, 618)	vert	up	True	932807	934430	left	(800, 450)	testing
5	ye	f	19	3	circle	none	same	N_dis	(632, 450)	hori	left	True	937448	938414	left	(800, 450)	testing
5	ye	f	19	3	circle	red	dif	(632, 450)	(968, 450)	vert	up	True	939851	940799	up	(800, 450)	testing
5	ye	f	19	3	diamond	red	dif	(800, 618)	(632, 450)	vert	up	True	942252	943390	up	(800, 450)	testing
5	ye	f	19	3	diamond	red	same	(632, 450)	(800, 618)	hori	left	True	944983	946302	left	(800, 450)	testing
5	ye	f	19	3	diamond	none	dif	N_dis	(800, 618)	hori	left	True	947879	948751	left	(800, 450)	testing
5	ye	f	19	3	diamond	red	same	(800, 618)	(800, 282)	hori	left	True	950208	951759	left	(800, 450)	testing
5	ye	f	19	3	diamond	green	same	(800, 618)	(968, 450)	hori	left	True	953408	954703	left	(800, 450)	testing
5	ye	f	19	3	circle	none	same	N_dis	(800, 618)	hori	left	True	956200	957871	left	(800, 450)	testing
5	ye	f	19	3	circle	red	same	(800, 618)	(632, 450)	hori	left	True	959537	960623	left	(800, 450)	testing
conf	5	ye	f	19	3	0	space	None	None	None	None	None	None	None	None	True	997608	1049358	4
