subj	name	gender	age	runNum	shape	dist	td_dif	d_loc	t_loc	resp	resp_key	gotKey	startTime	respTime	resp	fix_loc	prac
6	qq	f	20	1	diamond	none	same	N_dis	(800, 618)	hori	left	True	80761	81763	up	(800, 450)	practice
6	qq	f	20	1	diamond	green	dif	(800, 282)	(968, 450)	vert	up	True	84824	87331	up	(800, 450)	practice
6	qq	f	20	1	circle	red	same	(800, 282)	(632, 450)	hori	left	False	88747	None	None	(800, 450)	practice
6	qq	f	20	1	diamond	red	same	(800, 282)	(800, 618)	hori	left	True	94702	97347	left	(800, 450)	practice
6	qq	f	20	1	circle	green	dif	(800, 282)	(968, 450)	hori	left	True	98953	100291	up	(800, 450)	practice
6	qq	f	20	1	circle	green	dif	(800, 282)	(632, 450)	hori	left	True	103350	104867	left	(800, 450)	practice
6	qq	f	20	1	circle	red	same	(800, 282)	(800, 618)	vert	up	True	106458	108787	up	(800, 450)	practice
6	qq	f	20	1	circle	green	dif	(800, 282)	(968, 450)	hori	left	True	110245	111699	left	(800, 450)	practice
6	qq	f	20	1	circle	none	dif	N_dis	(800, 618)	hori	left	True	113143	114531	left	(800, 450)	practice
6	qq	f	20	1	diamond	red	same	(800, 282)	(632, 450)	hori	left	True	115971	117907	left	(800, 450)	practice
6	qq	f	20	1	diamond	none	dif	N_dis	(800, 618)	vert	up	True	119567	121459	up	(800, 450)	practice
6	qq	f	20	1	diamond	green	same	(800, 282)	(800, 618)	vert	up	True	122980	125427	up	(800, 450)	practice
6	qq	f	20	1	circle	red	dif	(800, 282)	(968, 450)	hori	left	True	127072	128371	left	(800, 450)	practice
6	qq	f	20	1	diamond	red	dif	(800, 282)	(632, 450)	hori	left	True	129828	131299	left	(800, 450)	practice
6	qq	f	20	1	circle	red	dif	(800, 282)	(800, 618)	vert	up	True	132823	135395	up	(800, 450)	practice
6	qq	f	20	1	diamond	red	dif	(800, 282)	(968, 450)	hori	left	True	137046	139971	left	(800, 450)	practice
6	qq	f	20	1	diamond	none	same	N_dis	(800, 618)	hori	left	True	141523	142643	left	(800, 450)	practice
6	qq	f	20	1	diamond	red	same	(800, 282)	(632, 450)	vert	up	True	144238	145251	up	(800, 450)	practice
6	qq	f	20	1	circle	green	dif	(800, 282)	(800, 618)	hori	left	True	146726	147603	left	(800, 450)	practice
6	qq	f	20	1	circle	red	dif	(800, 282)	(968, 450)	vert	up	True	149111	150787	up	(800, 450)	practice
6	qq	f	20	1	diamond	red	dif	(800, 282)	(632, 450)	hori	left	True	152409	153907	left	(800, 450)	practice
6	qq	f	20	1	diamond	red	dif	(800, 282)	(800, 618)	vert	up	True	155574	157075	up	(800, 450)	practice
6	qq	f	20	1	circle	red	same	(800, 282)	(968, 450)	hori	left	True	158450	160531	left	(800, 450)	practice
6	qq	f	20	1	diamond	green	dif	(800, 282)	(632, 450)	vert	up	True	161982	163251	up	(800, 450)	practice
6	qq	f	20	1	diamond	green	dif	(800, 282)	(800, 618)	vert	up	True	164915	166723	up	(800, 450)	practice
6	qq	f	20	1	diamond	none	dif	N_dis	(632, 450)	vert	up	True	168165	169443	up	(800, 450)	practice
6	qq	f	20	1	diamond	red	dif	(800, 282)	(968, 450)	vert	up	True	170836	172003	up	(800, 450)	practice
6	qq	f	20	1	diamond	green	same	(800, 282)	(632, 450)	vert	up	True	173465	175795	up	(800, 450)	practice
6	qq	f	20	1	diamond	green	dif	(800, 282)	(800, 618)	hori	left	True	177280	180035	left	(800, 450)	practice
6	qq	f	20	1	circle	green	same	(800, 282)	(968, 450)	hori	left	True	181660	183283	left	(800, 450)	practice
6	qq	f	20	1	diamond	none	dif	N_dis	(968, 450)	vert	up	True	184855	186067	up	(800, 450)	practice
6	qq	f	20	1	diamond	red	same	(800, 282)	(632, 450)	vert	up	True	187593	188707	up	(800, 450)	practice
6	qq	f	20	1	circle	none	dif	N_dis	(968, 450)	hori	left	True	190203	192163	left	(800, 450)	practice
6	qq	f	20	1	circle	none	dif	N_dis	(968, 450)	vert	up	True	193548	194867	up	(800, 450)	practice
6	qq	f	20	1	circle	red	dif	(800, 282)	(800, 618)	hori	left	True	196524	197683	left	(800, 450)	practice
6	qq	f	20	1	circle	red	dif	(800, 282)	(968, 450)	vert	up	True	199293	200403	up	(800, 450)	practice
6	qq	f	20	1	circle	red	dif	(800, 282)	(632, 450)	hori	left	True	201926	202787	left	(800, 450)	practice
6	qq	f	20	1	circle	none	dif	N_dis	(800, 618)	vert	up	True	204343	205491	up	(800, 450)	practice
6	qq	f	20	1	circle	green	dif	(800, 282)	(800, 618)	hori	left	True	207059	208531	left	(800, 450)	practice
6	qq	f	20	1	circle	green	same	(800, 282)	(968, 450)	hori	left	True	209962	211091	left	(800, 450)	practice
6	qq	f	20	1	circle	none	dif	N_dis	(800, 282)	hori	left	True	216162	217011	left	(800, 450)	testing
6	qq	f	20	1	circle	green	dif	(800, 618)	(968, 450)	vert	up	True	218490	220131	up	(800, 450)	testing
6	qq	f	20	1	circle	green	same	(800, 282)	(800, 618)	hori	left	True	221616	222739	left	(800, 450)	testing
6	qq	f	20	1	diamond	red	dif	(800, 282)	(800, 618)	hori	left	True	224171	225635	left	(800, 450)	testing
6	qq	f	20	1	diamond	none	same	N_dis	(632, 450)	hori	left	True	227168	228051	up	(800, 450)	testing
6	qq	f	20	1	circle	red	dif	(800, 282)	(632, 450)	hori	left	True	231132	232067	left	(800, 450)	testing
6	qq	f	20	1	diamond	none	same	N_dis	(800, 282)	vert	up	True	233452	234980	up	(800, 450)	testing
6	qq	f	20	1	circle	green	same	(800, 618)	(800, 282)	hori	left	True	236491	238259	left	(800, 450)	testing
6	qq	f	20	1	circle	red	same	(632, 450)	(800, 282)	hori	left	True	239756	241363	left	(800, 450)	testing
6	qq	f	20	1	diamond	green	dif	(968, 450)	(800, 618)	hori	left	True	242742	244131	left	(800, 450)	testing
6	qq	f	20	1	circle	none	dif	N_dis	(968, 450)	hori	left	True	245725	247811	left	(800, 450)	testing
6	qq	f	20	1	circle	green	dif	(800, 282)	(968, 450)	hori	left	True	249335	250803	left	(800, 450)	testing
6	qq	f	20	1	diamond	red	dif	(800, 282)	(800, 618)	hori	left	True	252398	253779	left	(800, 450)	testing
6	qq	f	20	1	circle	red	same	(632, 450)	(800, 282)	vert	up	True	255394	256515	up	(800, 450)	testing
6	qq	f	20	1	diamond	red	dif	(632, 450)	(800, 618)	vert	up	True	257891	259107	up	(800, 450)	testing
6	qq	f	20	1	circle	red	same	(800, 282)	(632, 450)	hori	left	True	260648	261683	left	(800, 450)	testing
6	qq	f	20	1	circle	green	dif	(632, 450)	(800, 282)	vert	up	True	263304	264291	up	(800, 450)	testing
6	qq	f	20	1	diamond	red	dif	(800, 282)	(968, 450)	hori	left	True	265702	267283	left	(800, 450)	testing
6	qq	f	20	1	circle	red	same	(632, 450)	(800, 282)	hori	left	True	268919	269971	left	(800, 450)	testing
6	qq	f	20	1	circle	red	dif	(968, 450)	(800, 618)	vert	up	True	271499	272675	up	(800, 450)	testing
6	qq	f	20	1	circle	none	dif	N_dis	(968, 450)	hori	left	True	274190	275539	left	(800, 450)	testing
6	qq	f	20	1	diamond	green	same	(800, 282)	(632, 450)	vert	up	True	277182	278723	up	(800, 450)	testing
6	qq	f	20	1	circle	none	same	N_dis	(800, 282)	hori	left	True	280310	281555	left	(800, 450)	testing
6	qq	f	20	1	diamond	red	dif	(800, 282)	(800, 618)	vert	up	True	283102	284723	up	(800, 450)	testing
6	qq	f	20	1	diamond	none	dif	N_dis	(800, 618)	vert	up	True	286143	287843	up	(800, 450)	testing
6	qq	f	20	1	diamond	green	same	(968, 450)	(800, 282)	vert	up	True	289470	290515	up	(800, 450)	testing
6	qq	f	20	1	circle	none	same	N_dis	(800, 282)	hori	left	True	291992	293123	left	(800, 450)	testing
6	qq	f	20	1	diamond	green	dif	(968, 450)	(800, 618)	hori	left	True	294684	296163	left	(800, 450)	testing
6	qq	f	20	1	diamond	none	same	N_dis	(632, 450)	vert	up	True	297763	298867	up	(800, 450)	testing
6	qq	f	20	1	circle	green	dif	(968, 450)	(800, 618)	vert	up	True	300444	302227	up	(800, 450)	testing
6	qq	f	20	1	diamond	red	same	(632, 450)	(800, 282)	hori	left	True	303607	304707	left	(800, 450)	testing
6	qq	f	20	1	diamond	green	dif	(968, 450)	(632, 450)	vert	up	True	306193	307155	up	(800, 450)	testing
6	qq	f	20	1	circle	none	same	N_dis	(632, 450)	vert	up	True	308537	309299	up	(800, 450)	testing
6	qq	f	20	1	diamond	none	same	N_dis	(632, 450)	vert	up	True	310939	311939	up	(800, 450)	testing
6	qq	f	20	1	diamond	green	same	(800, 282)	(800, 618)	hori	left	True	313413	314643	left	(800, 450)	testing
6	qq	f	20	1	diamond	none	same	N_dis	(632, 450)	hori	left	True	316234	317363	left	(800, 450)	testing
6	qq	f	20	1	diamond	red	dif	(800, 282)	(632, 450)	vert	up	True	318896	319939	up	(800, 450)	testing
6	qq	f	20	1	diamond	green	dif	(968, 450)	(800, 618)	hori	left	True	321604	322931	left	(800, 450)	testing
6	qq	f	20	1	circle	green	same	(800, 282)	(632, 450)	vert	up	True	324432	326819	up	(800, 450)	testing
6	qq	f	20	1	diamond	green	same	(968, 450)	(800, 618)	vert	up	True	328203	329427	up	(800, 450)	testing
6	qq	f	20	1	diamond	none	dif	N_dis	(632, 450)	vert	up	True	331000	332451	left	(800, 450)	testing
6	qq	f	20	1	circle	red	dif	(800, 282)	(800, 618)	vert	up	True	335458	337619	up	(800, 450)	testing
6	qq	f	20	1	circle	green	same	(800, 282)	(968, 450)	vert	up	True	339142	341379	up	(800, 450)	testing
6	qq	f	20	1	diamond	none	same	N_dis	(968, 450)	vert	up	True	342774	344003	up	(800, 450)	testing
6	qq	f	20	1	diamond	red	dif	(800, 282)	(632, 450)	hori	left	True	345426	346499	left	(800, 450)	testing
6	qq	f	20	1	diamond	red	dif	(800, 282)	(800, 618)	vert	up	True	347992	349059	up	(800, 450)	testing
6	qq	f	20	1	diamond	none	dif	N_dis	(632, 450)	hori	left	True	350652	352291	left	(800, 450)	testing
6	qq	f	20	1	diamond	none	dif	N_dis	(968, 450)	vert	up	True	353954	354803	up	(800, 450)	testing
6	qq	f	20	1	diamond	red	dif	(800, 618)	(800, 282)	vert	up	True	356234	356980	up	(800, 450)	testing
6	qq	f	20	1	diamond	green	dif	(632, 450)	(968, 450)	vert	up	True	358445	359475	up	(800, 450)	testing
6	qq	f	20	1	circle	none	dif	N_dis	(968, 450)	vert	up	True	360923	361988	up	(800, 450)	testing
6	qq	f	20	1	diamond	none	same	N_dis	(632, 450)	vert	up	True	363598	364611	up	(800, 450)	testing
6	qq	f	20	1	diamond	none	same	N_dis	(800, 282)	hori	left	True	366214	367667	left	(800, 450)	testing
6	qq	f	20	1	diamond	green	dif	(632, 450)	(800, 282)	vert	up	True	369137	370099	up	(800, 450)	testing
6	qq	f	20	1	diamond	none	same	N_dis	(800, 282)	hori	left	True	371762	373347	left	(800, 450)	testing
6	qq	f	20	1	diamond	none	same	N_dis	(800, 618)	vert	up	True	374940	376275	up	(800, 450)	testing
6	qq	f	20	1	circle	none	same	N_dis	(800, 282)	vert	up	True	377770	379491	up	(800, 450)	testing
6	qq	f	20	1	circle	none	dif	N_dis	(800, 282)	vert	up	True	380941	381683	up	(800, 450)	testing
6	qq	f	20	1	circle	green	dif	(968, 450)	(632, 450)	hori	left	False	383155	None	None	(800, 450)	testing
6	qq	f	20	1	circle	green	same	(800, 618)	(968, 450)	hori	left	False	389267	None	None	(800, 450)	testing
6	qq	f	20	1	circle	none	dif	N_dis	(968, 450)	hori	left	True	395268	396579	left	(800, 450)	testing
6	qq	f	20	1	circle	green	same	(632, 450)	(800, 618)	hori	left	True	398086	399427	left	(800, 450)	testing
6	qq	f	20	1	circle	red	dif	(800, 282)	(968, 450)	vert	up	True	401055	402579	up	(800, 450)	testing
6	qq	f	20	1	diamond	green	dif	(632, 450)	(968, 450)	hori	left	True	404213	405604	left	(800, 450)	testing
6	qq	f	20	1	circle	green	dif	(800, 282)	(968, 450)	vert	up	True	407184	408051	up	(800, 450)	testing
6	qq	f	20	1	diamond	none	dif	N_dis	(968, 450)	vert	up	True	409563	411075	up	(800, 450)	testing
6	qq	f	20	1	diamond	green	same	(968, 450)	(632, 450)	vert	up	True	412706	414179	up	(800, 450)	testing
6	qq	f	20	1	diamond	green	dif	(800, 282)	(968, 450)	hori	left	True	415737	417107	left	(800, 450)	testing
6	qq	f	20	1	diamond	red	same	(800, 282)	(968, 450)	hori	left	True	418595	419379	left	(800, 450)	testing
6	qq	f	20	1	circle	red	dif	(800, 282)	(968, 450)	hori	left	True	420921	421907	left	(800, 450)	testing
6	qq	f	20	1	diamond	green	dif	(632, 450)	(968, 450)	vert	up	True	423302	424035	up	(800, 450)	testing
6	qq	f	20	1	diamond	red	same	(968, 450)	(800, 618)	hori	left	True	425471	426771	left	(800, 450)	testing
6	qq	f	20	1	diamond	green	dif	(800, 282)	(632, 450)	vert	up	True	428408	429843	up	(800, 450)	testing
6	qq	f	20	1	diamond	red	same	(968, 450)	(632, 450)	vert	up	True	431299	433059	up	(800, 450)	testing
6	qq	f	20	1	circle	green	dif	(800, 282)	(632, 450)	vert	up	True	434639	435955	up	(800, 450)	testing
6	qq	f	20	1	diamond	none	same	N_dis	(968, 450)	vert	up	True	437628	438611	up	(800, 450)	testing
6	qq	f	20	1	circle	green	same	(800, 282)	(800, 618)	vert	up	True	440214	441859	up	(800, 450)	testing
6	qq	f	20	1	diamond	green	dif	(968, 450)	(800, 282)	hori	left	True	443352	445235	left	(800, 450)	testing
6	qq	f	20	1	circle	green	same	(800, 282)	(968, 450)	vert	up	True	446858	447955	up	(800, 450)	testing
6	qq	f	20	1	circle	red	same	(800, 282)	(800, 618)	vert	up	True	449521	451379	up	(800, 450)	testing
6	qq	f	20	1	diamond	green	same	(800, 618)	(632, 450)	hori	left	True	453033	454467	left	(800, 450)	testing
6	qq	f	20	1	circle	none	same	N_dis	(632, 450)	vert	up	True	456139	456899	up	(800, 450)	testing
6	qq	f	20	1	diamond	green	dif	(632, 450)	(800, 618)	vert	up	True	458372	459571	up	(800, 450)	testing
6	qq	f	20	1	diamond	red	same	(632, 450)	(800, 282)	vert	up	True	461032	461763	up	(800, 450)	testing
6	qq	f	20	1	diamond	none	dif	N_dis	(968, 450)	hori	left	True	463277	464291	left	(800, 450)	testing
6	qq	f	20	1	diamond	red	same	(800, 618)	(632, 450)	vert	up	True	465950	466739	up	(800, 450)	testing
6	qq	f	20	1	diamond	green	dif	(800, 282)	(800, 618)	vert	up	True	468342	469395	up	(800, 450)	testing
6	qq	f	20	1	diamond	red	dif	(800, 282)	(968, 450)	vert	up	True	470938	471859	up	(800, 450)	testing
6	qq	f	20	1	diamond	green	same	(800, 282)	(800, 618)	hori	left	True	473347	474291	left	(800, 450)	testing
6	qq	f	20	1	diamond	green	dif	(800, 618)	(968, 450)	hori	left	True	475722	477251	up	(800, 450)	testing
6	qq	f	20	1	diamond	red	dif	(800, 618)	(800, 282)	vert	up	True	480292	481587	up	(800, 450)	testing
6	qq	f	20	1	diamond	red	same	(632, 450)	(800, 282)	vert	up	True	482963	483683	up	(800, 450)	testing
6	qq	f	20	1	circle	none	same	N_dis	(968, 450)	vert	up	True	485074	485988	up	(800, 450)	testing
6	qq	f	20	1	circle	green	same	(800, 618)	(800, 282)	hori	left	True	487639	488500	left	(800, 450)	testing
6	qq	f	20	1	diamond	red	dif	(800, 282)	(632, 450)	hori	left	True	490103	491459	left	(800, 450)	testing
6	qq	f	20	1	diamond	green	dif	(800, 618)	(800, 282)	hori	left	True	492873	494083	left	(800, 450)	testing
6	qq	f	20	1	circle	red	same	(800, 282)	(632, 450)	hori	left	True	495619	496980	left	(800, 450)	testing
6	qq	f	20	1	diamond	green	same	(632, 450)	(800, 618)	hori	left	True	498460	500867	up	(800, 450)	testing
6	qq	f	20	1	circle	green	same	(800, 282)	(632, 450)	hori	left	True	503782	505219	left	(800, 450)	testing
6	qq	f	20	1	circle	none	dif	N_dis	(800, 618)	hori	left	True	506817	507988	left	(800, 450)	testing
6	qq	f	20	1	circle	none	same	N_dis	(800, 282)	hori	left	True	509554	511011	left	(800, 450)	testing
6	qq	f	20	1	circle	green	same	(800, 282)	(632, 450)	vert	up	True	512511	515251	up	(800, 450)	testing
6	qq	f	20	1	circle	red	same	(800, 282)	(800, 618)	hori	left	True	516654	517859	left	(800, 450)	testing
6	qq	f	20	1	diamond	none	same	N_dis	(968, 450)	vert	up	True	519441	520611	up	(800, 450)	testing
6	qq	f	20	1	diamond	green	dif	(968, 450)	(800, 618)	hori	left	True	522039	523331	left	(800, 450)	testing
6	qq	f	20	1	diamond	red	dif	(800, 282)	(968, 450)	hori	left	True	524748	526307	left	(800, 450)	testing
6	qq	f	20	1	circle	red	dif	(800, 282)	(800, 618)	vert	up	True	527794	529075	up	(800, 450)	testing
6	qq	f	20	1	circle	none	dif	N_dis	(800, 618)	vert	up	True	530709	531699	up	(800, 450)	testing
6	qq	f	20	1	circle	green	same	(800, 282)	(968, 450)	hori	left	True	533220	535044	left	(800, 450)	testing
6	qq	f	20	1	circle	green	dif	(800, 282)	(968, 450)	hori	left	True	536521	537491	left	(800, 450)	testing
6	qq	f	20	1	diamond	red	same	(800, 282)	(800, 618)	hori	left	True	539143	540787	left	(800, 450)	testing
6	qq	f	20	1	diamond	green	same	(800, 282)	(968, 450)	hori	left	True	542436	543651	left	(800, 450)	testing
6	qq	f	20	1	diamond	green	dif	(968, 450)	(632, 450)	vert	up	True	545293	546259	up	(800, 450)	testing
6	qq	f	20	1	diamond	green	same	(968, 450)	(800, 282)	hori	left	True	547666	548803	left	(800, 450)	testing
6	qq	f	20	1	circle	none	dif	N_dis	(800, 282)	vert	up	True	550183	551363	up	(800, 450)	testing
6	qq	f	20	1	diamond	none	same	N_dis	(800, 618)	vert	up	True	552793	553939	up	(800, 450)	testing
6	qq	f	20	1	circle	none	same	N_dis	(632, 450)	vert	up	True	555321	556099	up	(800, 450)	testing
6	qq	f	20	1	circle	none	same	N_dis	(968, 450)	vert	up	True	557610	559667	up	(800, 450)	testing
6	qq	f	20	1	circle	green	dif	(968, 450)	(800, 282)	vert	up	True	561246	561971	up	(800, 450)	testing
6	qq	f	20	1	circle	red	same	(968, 450)	(632, 450)	hori	left	True	563415	564243	left	(800, 450)	testing
6	qq	f	20	1	diamond	none	same	N_dis	(800, 618)	vert	up	True	565864	566963	up	(800, 450)	testing
6	qq	f	20	1	circle	red	dif	(800, 282)	(632, 450)	hori	left	True	568340	569443	left	(800, 450)	testing
6	qq	f	20	1	diamond	red	dif	(632, 450)	(800, 282)	hori	left	True	570820	571955	left	(800, 450)	testing
6	qq	f	20	1	circle	red	same	(800, 282)	(800, 618)	hori	left	True	573503	574755	left	(800, 450)	testing
6	qq	f	20	1	circle	green	dif	(632, 450)	(968, 450)	hori	left	True	576151	576883	left	(800, 450)	testing
6	qq	f	20	1	diamond	none	dif	N_dis	(800, 618)	hori	left	True	578397	579539	left	(800, 450)	testing
6	qq	f	20	1	circle	none	same	N_dis	(968, 450)	hori	left	True	581042	582179	left	(800, 450)	testing
6	qq	f	20	1	diamond	none	dif	N_dis	(800, 282)	hori	left	True	583574	584195	left	(800, 450)	testing
6	qq	f	20	1	circle	green	same	(968, 450)	(632, 450)	vert	up	True	585759	586579	up	(800, 450)	testing
6	qq	f	20	1	diamond	none	dif	N_dis	(968, 450)	vert	up	True	588197	589091	up	(800, 450)	testing
6	qq	f	20	1	diamond	green	dif	(800, 618)	(632, 450)	vert	up	True	590697	592019	up	(800, 450)	testing
6	qq	f	20	1	diamond	none	same	N_dis	(800, 282)	hori	left	True	593573	594451	left	(800, 450)	testing
6	qq	f	20	1	circle	none	same	N_dis	(800, 618)	vert	up	True	595907	597011	up	(800, 450)	testing
6	qq	f	20	1	circle	green	dif	(632, 450)	(968, 450)	hori	left	True	598509	599523	up	(800, 450)	testing
6	qq	f	20	1	diamond	red	same	(800, 282)	(968, 450)	hori	left	True	602530	603715	left	(800, 450)	testing
6	qq	f	20	1	circle	none	same	N_dis	(800, 618)	vert	up	True	605160	606883	up	(800, 450)	testing
6	qq	f	20	1	circle	none	same	N_dis	(800, 282)	vert	up	True	608448	609075	up	(800, 450)	testing
6	qq	f	20	1	circle	red	same	(800, 282)	(968, 450)	hori	left	True	610691	611699	left	(800, 450)	testing
6	qq	f	20	1	circle	red	dif	(632, 450)	(800, 618)	hori	left	True	613112	613923	left	(800, 450)	testing
6	qq	f	20	1	circle	red	dif	(632, 450)	(968, 450)	vert	up	True	615578	616355	up	(800, 450)	testing
6	qq	f	20	1	circle	none	same	N_dis	(800, 618)	vert	up	True	617992	618611	up	(800, 450)	testing
6	qq	f	20	1	diamond	green	same	(800, 618)	(968, 450)	hori	left	True	620070	621379	left	(800, 450)	testing
6	qq	f	20	1	diamond	none	same	N_dis	(800, 282)	hori	left	True	622794	623411	left	(800, 450)	testing
6	qq	f	20	1	circle	red	dif	(632, 450)	(968, 450)	vert	up	True	625084	625955	up	(800, 450)	testing
6	qq	f	20	1	diamond	none	same	N_dis	(800, 282)	hori	left	True	627600	628339	left	(800, 450)	testing
6	qq	f	20	1	circle	none	dif	N_dis	(800, 618)	hori	left	True	629948	630787	left	(800, 450)	testing
6	qq	f	20	1	circle	green	dif	(800, 282)	(800, 618)	vert	up	True	632369	633011	left	(800, 450)	testing
6	qq	f	20	1	diamond	red	same	(968, 450)	(800, 282)	vert	up	True	635966	636579	up	(800, 450)	testing
6	qq	f	20	1	circle	green	dif	(800, 282)	(800, 618)	vert	up	True	638048	638787	left	(800, 450)	testing
6	qq	f	20	1	diamond	red	same	(800, 282)	(968, 450)	hori	left	True	641757	643507	left	(800, 450)	testing
6	qq	f	20	1	circle	none	same	N_dis	(968, 450)	vert	up	True	644926	645619	up	(800, 450)	testing
6	qq	f	20	1	diamond	none	dif	N_dis	(632, 450)	vert	up	True	647111	648467	up	(800, 450)	testing
6	qq	f	20	1	circle	red	dif	(800, 282)	(632, 450)	hori	left	True	650092	651107	left	(800, 450)	testing
6	qq	f	20	1	circle	green	same	(800, 282)	(800, 618)	vert	up	True	652543	653683	up	(800, 450)	testing
6	qq	f	20	1	circle	green	dif	(968, 450)	(800, 282)	vert	up	True	655182	656819	up	(800, 450)	testing
6	qq	f	20	1	diamond	green	dif	(800, 282)	(968, 450)	hori	left	True	658489	660595	left	(800, 450)	testing
6	qq	f	20	1	diamond	red	dif	(800, 282)	(800, 618)	vert	up	True	662018	662899	up	(800, 450)	testing
6	qq	f	20	1	diamond	green	same	(800, 282)	(968, 450)	hori	left	True	664532	665763	left	(800, 450)	testing
6	qq	f	20	1	circle	green	dif	(800, 618)	(800, 282)	hori	left	True	667207	668755	left	(800, 450)	testing
6	qq	f	20	1	diamond	red	same	(632, 450)	(968, 450)	hori	left	True	670417	671363	left	(800, 450)	testing
6	qq	f	20	1	circle	red	same	(800, 282)	(800, 618)	hori	left	True	672777	673891	left	(800, 450)	testing
6	qq	f	20	1	circle	green	dif	(632, 450)	(800, 618)	vert	up	True	675278	676083	left	(800, 450)	testing
6	qq	f	20	1	diamond	none	dif	N_dis	(800, 618)	vert	up	True	678992	680788	up	(800, 450)	testing
6	qq	f	20	1	circle	green	dif	(968, 450)	(800, 282)	hori	left	True	682172	684259	left	(800, 450)	testing
6	qq	f	20	1	circle	green	same	(800, 282)	(968, 450)	hori	left	True	685794	687523	left	(800, 450)	testing
6	qq	f	20	1	circle	red	same	(800, 282)	(968, 450)	hori	left	True	689074	690531	left	(800, 450)	testing
6	qq	f	20	1	diamond	red	same	(800, 282)	(632, 450)	hori	left	True	692094	692931	left	(800, 450)	testing
6	qq	f	20	1	circle	green	same	(632, 450)	(800, 282)	vert	up	True	694429	696563	up	(800, 450)	testing
6	qq	f	20	1	circle	red	same	(800, 282)	(632, 450)	hori	left	True	697978	699043	left	(800, 450)	testing
6	qq	f	20	1	circle	none	dif	N_dis	(968, 450)	vert	up	True	700546	701923	up	(800, 450)	testing
6	qq	f	20	1	circle	red	dif	(800, 282)	(632, 450)	hori	left	True	703495	704243	left	(800, 450)	testing
6	qq	f	20	1	circle	red	dif	(800, 282)	(632, 450)	hori	left	True	705867	706643	left	(800, 450)	testing
6	qq	f	20	1	diamond	red	dif	(800, 282)	(632, 450)	vert	up	True	708095	709587	up	(800, 450)	testing
6	qq	f	20	1	circle	none	dif	N_dis	(800, 282)	hori	left	True	711045	712595	left	(800, 450)	testing
6	qq	f	20	1	diamond	red	same	(800, 282)	(632, 450)	vert	up	True	714155	715411	up	(800, 450)	testing
6	qq	f	20	1	circle	red	same	(800, 618)	(632, 450)	hori	left	True	716813	718243	left	(800, 450)	testing
6	qq	f	20	1	diamond	red	same	(632, 450)	(800, 618)	vert	up	True	719702	721923	up	(800, 450)	testing
6	qq	f	20	1	diamond	red	same	(968, 450)	(800, 618)	hori	left	True	723355	724243	up	(800, 450)	testing
6	qq	f	20	1	circle	red	dif	(968, 450)	(800, 282)	vert	up	True	727219	728371	up	(800, 450)	testing
6	qq	f	20	1	diamond	green	same	(800, 282)	(632, 450)	vert	up	True	730030	731379	up	(800, 450)	testing
6	qq	f	20	1	circle	none	same	N_dis	(800, 282)	vert	up	True	732838	734227	up	(800, 450)	testing
6	qq	f	20	1	circle	red	dif	(800, 618)	(632, 450)	hori	left	True	735682	736563	left	(800, 450)	testing
6	qq	f	20	1	circle	none	dif	N_dis	(800, 282)	vert	up	True	738125	738963	up	(800, 450)	testing
6	qq	f	20	1	diamond	none	dif	N_dis	(968, 450)	vert	up	True	740366	741651	up	(800, 450)	testing
6	qq	f	20	1	diamond	none	dif	N_dis	(800, 618)	vert	up	True	743194	744259	up	(800, 450)	testing
6	qq	f	20	1	diamond	red	dif	(632, 450)	(968, 450)	hori	left	True	745835	746627	up	(800, 450)	testing
6	qq	f	20	1	circle	red	dif	(800, 282)	(968, 450)	hori	left	True	749804	750659	left	(800, 450)	testing
6	qq	f	20	1	circle	red	same	(800, 618)	(632, 450)	vert	up	True	752320	753171	up	(800, 450)	testing
6	qq	f	20	1	circle	none	same	N_dis	(968, 450)	hori	left	True	754741	756227	left	(800, 450)	testing
6	qq	f	20	1	diamond	green	same	(632, 450)	(968, 450)	hori	left	True	757773	759587	left	(800, 450)	testing
6	qq	f	20	1	circle	none	dif	N_dis	(800, 282)	vert	up	True	761261	762099	up	(800, 450)	testing
6	qq	f	20	1	diamond	red	dif	(800, 282)	(632, 450)	vert	up	True	763611	764451	up	(800, 450)	testing
6	qq	f	20	1	circle	none	same	N_dis	(968, 450)	hori	left	True	766123	767603	left	(800, 450)	testing
6	qq	f	20	1	diamond	red	same	(800, 618)	(968, 450)	vert	up	True	769083	770099	up	(800, 450)	testing
6	qq	f	20	1	circle	green	dif	(800, 282)	(632, 450)	vert	up	True	771613	772307	up	(800, 450)	testing
6	qq	f	20	1	diamond	green	dif	(968, 450)	(800, 282)	vert	up	True	773922	774996	up	(800, 450)	testing
6	qq	f	20	1	circle	red	same	(800, 618)	(632, 450)	vert	up	True	776490	777379	up	(800, 450)	testing
6	qq	f	20	1	diamond	green	dif	(800, 282)	(800, 618)	hori	left	True	778816	780387	left	(800, 450)	testing
6	qq	f	20	1	circle	red	same	(968, 450)	(800, 618)	vert	up	True	781853	783187	up	(800, 450)	testing
6	qq	f	20	1	diamond	none	same	N_dis	(632, 450)	vert	up	True	784610	785507	up	(800, 450)	testing
6	qq	f	20	1	circle	red	dif	(800, 618)	(968, 450)	vert	up	True	787122	788227	up	(800, 450)	testing
6	qq	f	20	1	circle	red	dif	(968, 450)	(800, 618)	vert	up	True	789632	790563	up	(800, 450)	testing
6	qq	f	20	1	diamond	none	dif	N_dis	(968, 450)	hori	left	True	792056	792883	left	(800, 450)	testing
6	qq	f	20	1	circle	red	same	(968, 450)	(632, 450)	vert	up	True	794339	795219	up	(800, 450)	testing
6	qq	f	20	1	circle	green	dif	(800, 282)	(968, 450)	vert	up	True	796887	797731	up	(800, 450)	testing
6	qq	f	20	1	diamond	red	dif	(800, 282)	(800, 618)	hori	left	True	799346	800659	left	(800, 450)	testing
6	qq	f	20	1	diamond	none	same	N_dis	(632, 450)	hori	left	True	802180	802931	left	(800, 450)	testing
6	qq	f	20	1	diamond	none	same	N_dis	(632, 450)	hori	left	True	804515	805412	left	(800, 450)	testing
6	qq	f	20	1	circle	green	same	(800, 282)	(632, 450)	hori	left	True	806880	807651	left	(800, 450)	testing
6	qq	f	20	1	diamond	green	dif	(800, 282)	(800, 618)	hori	left	True	809225	810211	left	(800, 450)	testing
6	qq	f	20	1	diamond	red	dif	(800, 282)	(632, 450)	hori	left	True	811587	812307	left	(800, 450)	testing
6	qq	f	20	1	diamond	green	dif	(800, 282)	(968, 450)	vert	up	True	813906	815507	up	(800, 450)	testing
6	qq	f	20	1	diamond	none	same	N_dis	(800, 618)	vert	up	True	817084	817779	up	(800, 450)	testing
6	qq	f	20	1	diamond	red	dif	(800, 282)	(968, 450)	vert	up	True	819385	820371	up	(800, 450)	testing
6	qq	f	20	1	circle	green	same	(800, 618)	(968, 450)	vert	up	True	822020	823507	up	(800, 450)	testing
6	qq	f	20	1	diamond	none	dif	N_dis	(800, 282)	hori	left	True	824890	825683	left	(800, 450)	testing
6	qq	f	20	1	diamond	none	same	N_dis	(800, 618)	vert	up	True	827315	828099	up	(800, 450)	testing
6	qq	f	20	1	circle	green	dif	(632, 450)	(968, 450)	vert	up	True	829498	830275	up	(800, 450)	testing
6	qq	f	20	1	circle	red	same	(800, 282)	(632, 450)	hori	left	True	831704	832371	left	(800, 450)	testing
6	qq	f	20	1	circle	green	same	(800, 282)	(968, 450)	vert	up	True	833994	835395	up	(800, 450)	testing
6	qq	f	20	1	diamond	none	same	N_dis	(800, 618)	hori	left	True	836909	837971	left	(800, 450)	testing
6	qq	f	20	1	diamond	green	dif	(800, 282)	(968, 450)	hori	left	True	839450	840915	left	(800, 450)	testing
6	qq	f	20	1	circle	red	dif	(632, 450)	(800, 618)	vert	up	True	842462	843523	up	(800, 450)	testing
6	qq	f	20	1	circle	green	same	(800, 618)	(800, 282)	hori	left	True	845048	845811	up	(800, 450)	testing
6	qq	f	20	1	diamond	none	same	N_dis	(800, 618)	vert	up	True	848991	849923	up	(800, 450)	testing
6	qq	f	20	1	circle	none	same	N_dis	(800, 618)	vert	up	True	851444	852403	up	(800, 450)	testing
6	qq	f	20	1	circle	none	same	N_dis	(968, 450)	hori	left	True	853960	854659	left	(800, 450)	testing
6	qq	f	20	1	circle	none	dif	N_dis	(800, 282)	hori	left	True	856137	856867	left	(800, 450)	testing
6	qq	f	20	1	diamond	green	same	(800, 282)	(800, 618)	hori	left	True	858284	859075	left	(800, 450)	testing
6	qq	f	20	1	diamond	red	same	(800, 618)	(800, 282)	vert	up	True	860484	861635	up	(800, 450)	testing
6	qq	f	20	1	circle	red	dif	(800, 282)	(968, 450)	hori	left	True	863286	864435	left	(800, 450)	testing
6	qq	f	20	1	diamond	green	same	(800, 618)	(632, 450)	hori	left	True	865947	866899	left	(800, 450)	testing
6	qq	f	20	1	diamond	none	dif	N_dis	(632, 450)	vert	up	True	868399	869011	up	(800, 450)	testing
6	qq	f	20	1	diamond	green	same	(800, 618)	(968, 450)	hori	left	True	870512	872659	left	(800, 450)	testing
6	qq	f	20	1	diamond	none	dif	N_dis	(800, 618)	hori	left	True	874159	875795	left	(800, 450)	testing
6	qq	f	20	1	circle	none	dif	N_dis	(800, 618)	vert	up	True	877225	877907	up	(800, 450)	testing
6	qq	f	20	1	diamond	none	dif	N_dis	(800, 618)	hori	left	True	879543	880547	left	(800, 450)	testing
6	qq	f	20	1	circle	red	dif	(632, 450)	(800, 618)	vert	up	True	882196	883508	up	(800, 450)	testing
6	qq	f	20	1	circle	red	same	(800, 618)	(800, 282)	vert	up	True	885099	886019	up	(800, 450)	testing
6	qq	f	20	1	diamond	none	dif	N_dis	(632, 450)	vert	up	True	887618	888740	up	(800, 450)	testing
6	qq	f	20	1	circle	none	dif	N_dis	(800, 282)	hori	left	True	890395	891859	left	(800, 450)	testing
6	qq	f	20	1	diamond	none	dif	N_dis	(632, 450)	vert	up	True	893511	894387	up	(800, 450)	testing
6	qq	f	20	1	diamond	none	same	N_dis	(800, 618)	hori	left	True	895763	897075	left	(800, 450)	testing
6	qq	f	20	1	circle	none	dif	N_dis	(968, 450)	hori	left	True	898576	899747	left	(800, 450)	testing
6	qq	f	20	1	diamond	red	dif	(800, 282)	(968, 450)	hori	left	True	901341	902547	left	(800, 450)	testing
6	qq	f	20	1	circle	none	same	N_dis	(632, 450)	hori	left	True	904203	904996	left	(800, 450)	testing
6	qq	f	20	1	circle	none	dif	N_dis	(800, 282)	hori	left	True	906542	907203	left	(800, 450)	testing
6	qq	f	20	1	circle	none	same	N_dis	(632, 450)	vert	up	True	908595	909299	up	(800, 450)	testing
6	qq	f	20	1	circle	green	same	(800, 282)	(800, 618)	vert	up	True	910746	911475	up	(800, 450)	testing
6	qq	f	20	1	circle	red	dif	(968, 450)	(632, 450)	vert	up	True	912850	913731	up	(800, 450)	testing
6	qq	f	20	1	diamond	red	same	(800, 282)	(800, 618)	hori	left	True	915168	917315	left	(800, 450)	testing
6	qq	f	20	1	circle	red	dif	(800, 618)	(632, 450)	hori	left	True	918785	919459	left	(800, 450)	testing
6	qq	f	20	1	diamond	green	same	(800, 618)	(800, 282)	vert	up	True	921091	921827	up	(800, 450)	testing
6	qq	f	20	1	circle	none	dif	N_dis	(800, 282)	vert	up	True	923261	924179	up	(800, 450)	testing
6	qq	f	20	1	circle	red	same	(632, 450)	(968, 450)	hori	left	True	925562	926627	up	(800, 450)	testing
6	qq	f	20	1	circle	none	same	N_dis	(632, 450)	hori	left	True	929594	930276	left	(800, 450)	testing
6	qq	f	20	1	diamond	red	same	(632, 450)	(800, 618)	vert	up	True	931730	933507	up	(800, 450)	testing
6	qq	f	20	1	circle	red	same	(632, 450)	(800, 618)	hori	left	True	934981	936227	left	(800, 450)	testing
6	qq	f	20	1	circle	red	dif	(800, 618)	(632, 450)	hori	left	True	937838	938435	left	(800, 450)	testing
6	qq	f	20	1	circle	none	dif	N_dis	(632, 450)	vert	up	True	939976	940595	up	(800, 450)	testing
6	qq	f	20	1	diamond	red	same	(968, 450)	(632, 450)	vert	up	True	942078	942851	up	(800, 450)	testing
6	qq	f	20	1	circle	none	dif	N_dis	(800, 282)	hori	left	True	944350	945764	left	(800, 450)	testing
6	qq	f	20	1	diamond	none	dif	N_dis	(632, 450)	hori	left	True	947147	948035	left	(800, 450)	testing
6	qq	f	20	1	diamond	green	same	(800, 282)	(800, 618)	vert	up	True	949581	950707	up	(800, 450)	testing
6	qq	f	20	1	diamond	green	same	(800, 618)	(968, 450)	vert	up	True	952170	953523	left	(800, 450)	testing
6	qq	f	20	1	diamond	green	same	(800, 618)	(800, 282)	hori	left	True	956595	958707	left	(800, 450)	testing
6	qq	f	20	1	circle	red	dif	(800, 282)	(800, 618)	hori	left	True	960160	961140	left	(800, 450)	testing
6	qq	f	20	1	diamond	green	same	(968, 450)	(800, 282)	hori	left	True	962603	963443	left	(800, 450)	testing
6	qq	f	20	1	circle	none	dif	N_dis	(800, 618)	hori	left	True	964875	965827	up	(800, 450)	testing
6	qq	f	20	1	diamond	none	dif	N_dis	(968, 450)	hori	left	True	968823	969955	left	(800, 450)	testing
6	qq	f	20	1	circle	green	same	(632, 450)	(800, 282)	hori	left	True	971574	972819	left	(800, 450)	testing
6	qq	f	20	1	circle	green	same	(968, 450)	(800, 282)	hori	left	True	974457	976275	left	(800, 450)	testing
6	qq	f	20	1	diamond	red	dif	(800, 618)	(968, 450)	vert	up	True	977944	978851	up	(800, 450)	testing
6	qq	f	20	1	diamond	none	dif	N_dis	(632, 450)	vert	up	True	980517	981187	up	(800, 450)	testing
6	qq	f	20	1	circle	none	dif	N_dis	(800, 618)	hori	left	True	982754	983667	left	(800, 450)	testing
6	qq	f	20	1	diamond	red	same	(800, 282)	(632, 450)	vert	up	True	985043	985827	up	(800, 450)	testing
6	qq	f	20	1	circle	red	same	(800, 618)	(968, 450)	vert	up	True	987346	989299	up	(800, 450)	testing
6	qq	f	20	1	diamond	none	dif	N_dis	(968, 450)	hori	left	True	990833	992019	left	(800, 450)	testing
6	qq	f	20	1	diamond	red	dif	(800, 618)	(632, 450)	hori	left	True	993462	995555	left	(800, 450)	testing
6	qq	f	20	1	circle	green	dif	(968, 450)	(800, 618)	vert	up	True	997153	998115	up	(800, 450)	testing
6	qq	f	20	1	circle	red	same	(800, 282)	(800, 618)	vert	up	True	999780	1000787	up	(800, 450)	testing
6	qq	f	20	1	circle	green	dif	(968, 450)	(632, 450)	hori	left	True	1002178	1002884	left	(800, 450)	testing
6	qq	f	20	1	circle	green	dif	(968, 450)	(632, 450)	hori	left	True	1004290	1004996	left	(800, 450)	testing
6	qq	f	20	1	circle	green	dif	(632, 450)	(800, 282)	hori	left	True	1006477	1008675	left	(800, 450)	testing
6	qq	f	20	1	diamond	none	dif	N_dis	(800, 618)	hori	left	True	1010317	1011795	left	(800, 450)	testing
6	qq	f	20	1	circle	green	dif	(800, 618)	(632, 450)	vert	up	True	1013423	1014131	up	(800, 450)	testing
6	qq	f	20	1	diamond	green	same	(800, 282)	(632, 450)	hori	left	True	1015658	1016803	left	(800, 450)	testing
6	qq	f	20	1	circle	red	same	(800, 618)	(968, 450)	vert	up	True	1018420	1019763	up	(800, 450)	testing
6	qq	f	20	1	circle	green	same	(632, 450)	(800, 618)	hori	left	True	1021340	1022659	left	(800, 450)	testing
6	qq	f	20	1	circle	green	same	(968, 450)	(800, 282)	hori	left	True	1024087	1024835	left	(800, 450)	testing
6	qq	f	20	1	circle	none	same	N_dis	(632, 450)	hori	left	True	1026316	1026947	left	(800, 450)	testing
6	qq	f	20	1	diamond	red	same	(800, 282)	(632, 450)	hori	left	True	1028495	1029795	left	(800, 450)	testing
6	qq	f	20	1	diamond	red	dif	(800, 282)	(968, 450)	vert	up	True	1031305	1032211	up	(800, 450)	testing
6	qq	f	20	1	diamond	green	same	(800, 618)	(800, 282)	vert	up	True	1033794	1034819	up	(800, 450)	testing
6	qq	f	20	1	circle	none	same	N_dis	(968, 450)	vert	up	True	1036420	1037203	up	(800, 450)	testing
6	qq	f	20	1	diamond	green	dif	(800, 282)	(632, 450)	hori	left	True	1038593	1039651	left	(800, 450)	testing
6	qq	f	20	1	circle	none	dif	N_dis	(632, 450)	hori	left	True	1041130	1042131	left	(800, 450)	testing
6	qq	f	20	1	diamond	red	same	(800, 282)	(800, 618)	hori	left	True	1043712	1045427	left	(800, 450)	testing
6	qq	f	20	1	diamond	red	same	(800, 282)	(632, 450)	vert	up	True	1046986	1048403	up	(800, 450)	testing
6	qq	f	20	1	diamond	green	same	(800, 282)	(968, 450)	hori	left	True	1049941	1051331	left	(800, 450)	testing
