subj	name	gender	age	runNum	shape	dist	td_dif	d_loc	t_loc	resp	resp_key	gotKey	startTime	respTime	resp	fix_loc	prac
6	qq	f	20	3	circle	green	same	(800, 282)	(632, 450)	vert	up	True	67271	68767	up	(800, 450)	testing
6	qq	f	20	3	diamond	red	same	(800, 282)	(800, 618)	hori	left	True	70233	71183	left	(800, 450)	testing
6	qq	f	20	3	circle	green	same	(800, 618)	(968, 450)	vert	up	True	72669	73743	up	(800, 450)	testing
6	qq	f	20	3	circle	none	same	N_dis	(632, 450)	hori	left	True	75227	75807	left	(800, 450)	testing
6	qq	f	20	3	diamond	none	same	N_dis	(800, 618)	vert	up	True	77442	78287	up	(800, 450)	testing
6	qq	f	20	3	diamond	green	same	(800, 282)	(968, 450)	hori	left	True	79811	80687	left	(800, 450)	testing
6	qq	f	20	3	diamond	none	dif	N_dis	(800, 618)	vert	up	True	82170	83038	up	(800, 450)	testing
6	qq	f	20	3	circle	red	dif	(968, 450)	(800, 618)	vert	up	True	84419	85455	up	(800, 450)	testing
6	qq	f	20	3	circle	red	dif	(968, 450)	(800, 282)	vert	up	True	87035	87823	up	(800, 450)	testing
6	qq	f	20	3	diamond	green	dif	(968, 450)	(800, 618)	hori	left	True	89451	90414	left	(800, 450)	testing
6	qq	f	20	3	circle	green	same	(968, 450)	(800, 282)	vert	up	True	91964	92511	up	(800, 450)	testing
6	qq	f	20	3	circle	none	dif	N_dis	(968, 450)	vert	up	True	94036	94815	up	(800, 450)	testing
6	qq	f	20	3	diamond	green	dif	(800, 618)	(800, 282)	hori	left	True	96266	96815	left	(800, 450)	testing
6	qq	f	20	3	diamond	none	dif	N_dis	(800, 618)	hori	left	True	98358	99311	left	(800, 450)	testing
6	qq	f	20	3	diamond	red	same	(968, 450)	(632, 450)	vert	up	True	100775	101407	up	(800, 450)	testing
6	qq	f	20	3	diamond	green	dif	(632, 450)	(800, 618)	vert	up	True	103021	103935	up	(800, 450)	testing
6	qq	f	20	3	circle	green	dif	(968, 450)	(632, 450)	vert	up	True	105420	106062	up	(800, 450)	testing
6	qq	f	20	3	circle	green	same	(800, 618)	(968, 450)	hori	left	True	107684	108687	left	(800, 450)	testing
6	qq	f	20	3	diamond	red	same	(968, 450)	(800, 618)	hori	left	True	110270	111199	left	(800, 450)	testing
6	qq	f	20	3	diamond	none	same	N_dis	(800, 618)	hori	left	True	112798	113455	left	(800, 450)	testing
6	qq	f	20	3	diamond	green	dif	(800, 282)	(800, 618)	vert	up	True	115078	115903	up	(800, 450)	testing
6	qq	f	20	3	circle	none	same	N_dis	(968, 450)	vert	up	True	117562	118639	up	(800, 450)	testing
6	qq	f	20	3	diamond	red	dif	(800, 282)	(968, 450)	hori	left	True	120294	121022	left	(800, 450)	testing
6	qq	f	20	3	circle	red	same	(632, 450)	(800, 618)	vert	up	True	122663	123727	up	(800, 450)	testing
6	qq	f	20	3	diamond	green	same	(800, 618)	(632, 450)	hori	left	True	125398	126463	left	(800, 450)	testing
6	qq	f	20	3	circle	none	dif	N_dis	(800, 282)	hori	left	True	128103	129823	left	(800, 450)	testing
6	qq	f	20	3	circle	none	same	N_dis	(800, 282)	vert	up	True	131457	132575	left	(800, 450)	testing
6	qq	f	20	3	diamond	red	same	(632, 450)	(968, 450)	vert	up	True	135610	136591	up	(800, 450)	testing
6	qq	f	20	3	diamond	red	dif	(968, 450)	(632, 450)	vert	up	True	138156	139054	up	(800, 450)	testing
6	qq	f	20	3	diamond	none	dif	N_dis	(632, 450)	hori	left	True	140619	141391	left	(800, 450)	testing
6	qq	f	20	3	circle	none	dif	N_dis	(968, 450)	vert	up	True	142896	144415	up	(800, 450)	testing
6	qq	f	20	3	circle	none	same	N_dis	(800, 618)	hori	left	True	145790	146735	left	(800, 450)	testing
6	qq	f	20	3	circle	green	same	(800, 282)	(968, 450)	hori	left	True	148305	149231	left	(800, 450)	testing
6	qq	f	20	3	circle	red	same	(800, 618)	(632, 450)	vert	up	True	150761	151567	up	(800, 450)	testing
6	qq	f	20	3	circle	green	dif	(800, 282)	(632, 450)	hori	left	True	153219	153903	left	(800, 450)	testing
6	qq	f	20	3	circle	none	dif	N_dis	(632, 450)	vert	up	True	155300	156223	up	(800, 450)	testing
6	qq	f	20	3	diamond	green	same	(632, 450)	(800, 282)	vert	up	True	157685	158367	up	(800, 450)	testing
6	qq	f	20	3	circle	red	same	(800, 618)	(968, 450)	hori	left	True	160019	160879	up	(800, 450)	testing
6	qq	f	20	3	diamond	red	same	(632, 450)	(800, 282)	vert	up	True	163881	164655	up	(800, 450)	testing
6	qq	f	20	3	diamond	red	dif	(632, 450)	(968, 450)	hori	left	True	166295	167183	left	(800, 450)	testing
6	qq	f	20	3	circle	green	dif	(632, 450)	(968, 450)	vert	up	True	168841	169663	up	(800, 450)	testing
6	qq	f	20	3	circle	red	same	(632, 450)	(800, 618)	vert	up	True	171305	172447	up	(800, 450)	testing
6	qq	f	20	3	diamond	red	dif	(968, 450)	(800, 282)	hori	left	True	173925	174527	left	(800, 450)	testing
6	qq	f	20	3	diamond	none	same	N_dis	(632, 450)	vert	up	True	176074	176799	up	(800, 450)	testing
6	qq	f	20	3	circle	red	same	(968, 450)	(800, 282)	vert	up	True	178441	179263	up	(800, 450)	testing
6	qq	f	20	3	diamond	none	same	N_dis	(968, 450)	vert	up	True	180672	181439	up	(800, 450)	testing
6	qq	f	20	3	circle	red	dif	(800, 618)	(632, 450)	hori	left	True	183106	184415	left	(800, 450)	testing
6	qq	f	20	3	diamond	green	same	(632, 450)	(800, 282)	vert	up	True	185902	186463	up	(800, 450)	testing
6	qq	f	20	3	diamond	green	dif	(800, 618)	(800, 282)	hori	left	True	188125	188671	left	(800, 450)	testing
6	qq	f	20	3	circle	green	dif	(632, 450)	(968, 450)	vert	up	True	190092	190863	up	(800, 450)	testing
6	qq	f	20	3	diamond	green	same	(800, 618)	(968, 450)	hori	left	True	192285	193279	left	(800, 450)	testing
6	qq	f	20	3	circle	none	same	N_dis	(968, 450)	hori	left	True	194745	196159	left	(800, 450)	testing
6	qq	f	20	3	circle	green	dif	(800, 282)	(800, 618)	hori	left	True	197550	198463	left	(800, 450)	testing
6	qq	f	20	3	diamond	none	dif	N_dis	(800, 282)	vert	up	True	199861	200831	up	(800, 450)	testing
6	qq	f	20	3	diamond	none	same	N_dis	(632, 450)	hori	left	True	202353	203231	left	(800, 450)	testing
6	qq	f	20	3	circle	red	dif	(800, 618)	(800, 282)	vert	up	True	204622	205343	up	(800, 450)	testing
6	qq	f	20	3	circle	none	dif	N_dis	(800, 282)	hori	left	True	206823	207375	left	(800, 450)	testing
6	qq	f	20	3	circle	red	dif	(800, 282)	(968, 450)	hori	left	True	208829	209391	up	(800, 450)	testing
6	qq	f	20	3	diamond	none	dif	N_dis	(800, 282)	vert	up	True	212482	213151	up	(800, 450)	testing
6	qq	f	20	3	diamond	red	dif	(800, 282)	(632, 450)	vert	up	True	214742	215583	up	(800, 450)	testing
6	qq	f	20	3	circle	green	same	(800, 282)	(632, 450)	vert	up	True	217010	217663	left	(800, 450)	testing
6	qq	f	20	3	diamond	red	same	(800, 282)	(800, 618)	hori	left	True	220680	221647	left	(800, 450)	testing
6	qq	f	20	3	circle	green	same	(800, 618)	(968, 450)	hori	left	True	223269	224415	left	(800, 450)	testing
6	qq	f	20	3	circle	none	same	N_dis	(632, 450)	hori	left	True	225963	226607	left	(800, 450)	testing
6	qq	f	20	3	diamond	none	same	N_dis	(800, 618)	hori	left	True	228004	228991	left	(800, 450)	testing
6	qq	f	20	3	diamond	green	same	(800, 282)	(968, 450)	vert	up	True	230584	231743	up	(800, 450)	testing
6	qq	f	20	3	diamond	none	dif	N_dis	(800, 618)	hori	left	True	233230	234159	left	(800, 450)	testing
6	qq	f	20	3	circle	red	dif	(968, 450)	(800, 618)	vert	up	True	235724	236495	left	(800, 450)	testing
6	qq	f	20	3	circle	red	dif	(968, 450)	(800, 282)	hori	left	True	239659	240287	left	(800, 450)	testing
6	qq	f	20	3	diamond	green	dif	(968, 450)	(800, 618)	hori	left	True	241792	242959	left	(800, 450)	testing
6	qq	f	20	3	circle	green	same	(968, 450)	(800, 282)	hori	left	True	244424	245343	left	(800, 450)	testing
6	qq	f	20	3	circle	none	dif	N_dis	(968, 450)	hori	left	True	246815	248415	left	(800, 450)	testing
6	qq	f	20	3	diamond	green	dif	(800, 618)	(800, 282)	vert	up	True	249874	250431	up	(800, 450)	testing
6	qq	f	20	3	diamond	none	dif	N_dis	(800, 618)	hori	left	True	251995	253263	left	(800, 450)	testing
6	qq	f	20	3	diamond	red	same	(968, 450)	(632, 450)	vert	up	True	254920	255615	up	(800, 450)	testing
6	qq	f	20	3	diamond	green	dif	(632, 450)	(800, 618)	vert	up	True	257003	257951	up	(800, 450)	testing
6	qq	f	20	3	circle	green	dif	(968, 450)	(632, 450)	vert	up	True	259373	260094	up	(800, 450)	testing
6	qq	f	20	3	circle	green	same	(800, 618)	(968, 450)	hori	left	True	261590	262303	up	(800, 450)	testing
6	qq	f	20	3	diamond	red	same	(968, 450)	(800, 618)	vert	up	True	265411	266463	up	(800, 450)	testing
6	qq	f	20	3	diamond	none	same	N_dis	(800, 618)	hori	left	True	267961	268815	left	(800, 450)	testing
6	qq	f	20	3	diamond	green	dif	(800, 282)	(800, 618)	vert	up	True	270369	271134	up	(800, 450)	testing
6	qq	f	20	3	circle	none	same	N_dis	(968, 450)	vert	up	True	272725	273599	up	(800, 450)	testing
6	qq	f	20	3	diamond	red	dif	(800, 282)	(968, 450)	vert	up	True	275015	275743	up	(800, 450)	testing
6	qq	f	20	3	circle	red	same	(632, 450)	(800, 618)	hori	left	True	277195	278415	left	(800, 450)	testing
6	qq	f	20	3	diamond	green	same	(800, 618)	(632, 450)	vert	up	True	279842	280687	up	(800, 450)	testing
6	qq	f	20	3	circle	none	dif	N_dis	(800, 282)	hori	left	True	282110	282735	left	(800, 450)	testing
6	qq	f	20	3	circle	none	same	N_dis	(800, 282)	hori	left	True	284311	284927	left	(800, 450)	testing
6	qq	f	20	3	diamond	red	same	(632, 450)	(968, 450)	vert	up	True	286308	286959	up	(800, 450)	testing
6	qq	f	20	3	diamond	red	dif	(968, 450)	(632, 450)	vert	up	True	288566	289327	up	(800, 450)	testing
6	qq	f	20	3	diamond	none	dif	N_dis	(632, 450)	hori	left	True	290760	291327	up	(800, 450)	testing
6	qq	f	20	3	circle	none	dif	N_dis	(968, 450)	hori	left	True	294504	295183	left	(800, 450)	testing
6	qq	f	20	3	circle	none	same	N_dis	(800, 618)	vert	up	True	296823	297535	up	(800, 450)	testing
6	qq	f	20	3	circle	green	same	(800, 282)	(968, 450)	hori	left	True	299051	300815	left	(800, 450)	testing
6	qq	f	20	3	circle	red	same	(800, 618)	(632, 450)	hori	left	True	302307	302927	left	(800, 450)	testing
6	qq	f	20	3	circle	green	dif	(800, 282)	(632, 450)	vert	up	True	304522	305263	up	(800, 450)	testing
6	qq	f	20	3	circle	none	dif	N_dis	(632, 450)	vert	up	True	306672	307310	up	(800, 450)	testing
6	qq	f	20	3	diamond	green	same	(632, 450)	(800, 282)	vert	up	True	308840	310062	up	(800, 450)	testing
6	qq	f	20	3	circle	red	same	(800, 618)	(968, 450)	hori	left	True	311676	312367	left	(800, 450)	testing
6	qq	f	20	3	diamond	red	same	(632, 450)	(800, 282)	hori	left	True	313977	314607	left	(800, 450)	testing
6	qq	f	20	3	diamond	red	dif	(632, 450)	(968, 450)	vert	up	True	316055	316687	up	(800, 450)	testing
6	qq	f	20	3	circle	green	dif	(632, 450)	(968, 450)	vert	up	True	318110	318815	up	(800, 450)	testing
6	qq	f	20	3	circle	red	same	(632, 450)	(800, 618)	vert	up	True	320460	321903	up	(800, 450)	testing
6	qq	f	20	3	diamond	red	dif	(968, 450)	(800, 282)	hori	left	True	323376	324014	left	(800, 450)	testing
6	qq	f	20	3	diamond	none	same	N_dis	(632, 450)	vert	up	True	325472	326223	up	(800, 450)	testing
6	qq	f	20	3	circle	red	same	(968, 450)	(800, 282)	vert	up	True	327687	328239	up	(800, 450)	testing
6	qq	f	20	3	diamond	none	same	N_dis	(968, 450)	hori	left	True	329784	330575	left	(800, 450)	testing
6	qq	f	20	3	circle	red	dif	(800, 618)	(632, 450)	hori	left	True	332117	332687	left	(800, 450)	testing
6	qq	f	20	3	diamond	green	same	(632, 450)	(800, 282)	hori	left	True	334183	334847	left	(800, 450)	testing
6	qq	f	20	3	diamond	green	dif	(800, 618)	(800, 282)	hori	left	True	336326	336927	left	(800, 450)	testing
6	qq	f	20	3	circle	green	dif	(632, 450)	(968, 450)	vert	up	True	338501	339647	up	(800, 450)	testing
6	qq	f	20	3	diamond	green	same	(800, 618)	(968, 450)	vert	up	True	341217	342302	up	(800, 450)	testing
6	qq	f	20	3	circle	none	same	N_dis	(968, 450)	hori	left	True	343961	344815	left	(800, 450)	testing
6	qq	f	20	3	circle	green	dif	(800, 282)	(800, 618)	hori	left	True	346477	347519	left	(800, 450)	testing
6	qq	f	20	3	diamond	none	dif	N_dis	(800, 282)	hori	left	True	349034	349743	left	(800, 450)	testing
6	qq	f	20	3	diamond	none	same	N_dis	(632, 450)	vert	up	True	351335	352094	up	(800, 450)	testing
6	qq	f	20	3	circle	red	dif	(800, 618)	(800, 282)	vert	up	True	353755	354399	up	(800, 450)	testing
6	qq	f	20	3	circle	none	dif	N_dis	(800, 282)	vert	up	True	356043	356703	up	(800, 450)	testing
6	qq	f	20	3	circle	red	dif	(800, 282)	(968, 450)	hori	left	True	358236	359054	left	(800, 450)	testing
6	qq	f	20	3	diamond	none	dif	N_dis	(800, 282)	vert	up	True	360626	361199	up	(800, 450)	testing
6	qq	f	20	3	diamond	red	dif	(800, 282)	(632, 450)	hori	left	True	362733	364110	left	(800, 450)	testing
6	qq	f	20	3	circle	green	same	(800, 282)	(632, 450)	vert	up	True	365699	366543	up	(800, 450)	testing
6	qq	f	20	3	diamond	red	same	(800, 282)	(800, 618)	hori	left	True	367972	369070	left	(800, 450)	testing
6	qq	f	20	3	circle	green	same	(800, 618)	(968, 450)	hori	left	True	370650	371455	left	(800, 450)	testing
6	qq	f	20	3	circle	none	same	N_dis	(632, 450)	vert	up	True	372860	373759	up	(800, 450)	testing
6	qq	f	20	3	diamond	none	same	N_dis	(800, 618)	hori	left	True	375417	376511	left	(800, 450)	testing
6	qq	f	20	3	diamond	green	same	(800, 282)	(968, 450)	hori	left	True	378000	378847	left	(800, 450)	testing
6	qq	f	20	3	diamond	none	dif	N_dis	(800, 618)	vert	up	True	380519	381327	up	(800, 450)	testing
6	qq	f	20	3	circle	red	dif	(968, 450)	(800, 618)	vert	up	True	382914	383919	up	(800, 450)	testing
6	qq	f	20	3	circle	red	dif	(968, 450)	(800, 282)	hori	left	True	385587	386303	left	(800, 450)	testing
6	qq	f	20	3	diamond	green	dif	(968, 450)	(800, 618)	vert	up	True	387950	388799	up	(800, 450)	testing
6	qq	f	20	3	circle	green	same	(968, 450)	(800, 282)	vert	up	True	390352	391535	up	(800, 450)	testing
6	qq	f	20	3	circle	none	dif	N_dis	(968, 450)	hori	left	True	393077	393695	left	(800, 450)	testing
6	qq	f	20	3	diamond	green	dif	(800, 618)	(800, 282)	vert	up	True	395098	395711	up	(800, 450)	testing
6	qq	f	20	3	diamond	none	dif	N_dis	(800, 618)	hori	left	True	397310	398126	left	(800, 450)	testing
6	qq	f	20	3	diamond	red	same	(968, 450)	(632, 450)	vert	up	True	399518	400447	up	(800, 450)	testing
6	qq	f	20	3	diamond	green	dif	(632, 450)	(800, 618)	vert	up	True	402056	403054	up	(800, 450)	testing
6	qq	f	20	3	circle	green	dif	(968, 450)	(632, 450)	hori	left	True	404616	405391	left	(800, 450)	testing
6	qq	f	20	3	circle	green	same	(800, 618)	(968, 450)	hori	left	True	407041	407695	left	(800, 450)	testing
6	qq	f	20	3	diamond	red	same	(968, 450)	(800, 618)	vert	up	True	409154	410094	up	(800, 450)	testing
6	qq	f	20	3	diamond	none	same	N_dis	(800, 618)	vert	up	True	411639	412335	up	(800, 450)	testing
6	qq	f	20	3	diamond	green	dif	(800, 282)	(800, 618)	hori	left	True	413858	414575	left	(800, 450)	testing
6	qq	f	20	3	circle	none	same	N_dis	(968, 450)	vert	up	True	416051	416863	up	(800, 450)	testing
6	qq	f	20	3	diamond	red	dif	(800, 282)	(968, 450)	vert	up	True	418406	419151	up	(800, 450)	testing
6	qq	f	20	3	circle	red	same	(632, 450)	(800, 618)	vert	up	True	420635	421455	up	(800, 450)	testing
6	qq	f	20	3	diamond	green	same	(800, 618)	(632, 450)	vert	up	True	423037	423839	up	(800, 450)	testing
6	qq	f	20	3	circle	none	dif	N_dis	(800, 282)	vert	up	True	425259	425935	up	(800, 450)	testing
6	qq	f	20	3	circle	none	same	N_dis	(800, 282)	vert	up	True	427336	427967	up	(800, 450)	testing
6	qq	f	20	3	diamond	red	same	(632, 450)	(968, 450)	hori	left	True	429587	430383	left	(800, 450)	testing
6	qq	f	20	3	diamond	red	dif	(968, 450)	(632, 450)	hori	left	True	432030	432895	left	(800, 450)	testing
6	qq	f	20	3	diamond	none	dif	N_dis	(632, 450)	vert	up	True	434406	435054	up	(800, 450)	testing
6	qq	f	20	3	circle	none	dif	N_dis	(968, 450)	hori	left	True	436431	437695	left	(800, 450)	testing
6	qq	f	20	3	circle	none	same	N_dis	(800, 618)	vert	up	True	439335	440255	up	(800, 450)	testing
6	qq	f	20	3	circle	green	same	(800, 282)	(968, 450)	vert	up	True	441698	443038	up	(800, 450)	testing
6	qq	f	20	3	circle	red	same	(800, 618)	(632, 450)	hori	left	True	444426	445070	left	(800, 450)	testing
6	qq	f	20	3	circle	green	dif	(800, 282)	(632, 450)	hori	left	True	446591	447791	left	(800, 450)	testing
6	qq	f	20	3	circle	none	dif	N_dis	(632, 450)	vert	up	True	449428	450110	up	(800, 450)	testing
6	qq	f	20	3	diamond	green	same	(632, 450)	(800, 282)	hori	left	True	451569	452863	left	(800, 450)	testing
6	qq	f	20	3	circle	red	same	(800, 618)	(968, 450)	hori	left	True	454332	455006	left	(800, 450)	testing
6	qq	f	20	3	diamond	red	same	(632, 450)	(800, 282)	hori	left	True	456597	457263	left	(800, 450)	testing
6	qq	f	20	3	diamond	red	dif	(632, 450)	(968, 450)	hori	left	True	458910	459567	left	(800, 450)	testing
6	qq	f	20	3	circle	green	dif	(632, 450)	(968, 450)	hori	left	True	461236	462271	left	(800, 450)	testing
6	qq	f	20	3	circle	red	same	(632, 450)	(800, 618)	hori	left	True	463711	464575	left	(800, 450)	testing
6	qq	f	20	3	diamond	red	dif	(968, 450)	(800, 282)	vert	up	True	466165	467006	up	(800, 450)	testing
6	qq	f	20	3	diamond	none	same	N_dis	(632, 450)	vert	up	True	468401	469086	up	(800, 450)	testing
6	qq	f	20	3	circle	red	same	(968, 450)	(800, 282)	vert	up	True	470626	471231	up	(800, 450)	testing
6	qq	f	20	3	diamond	none	same	N_dis	(968, 450)	vert	up	True	472897	474014	up	(800, 450)	testing
6	qq	f	20	3	circle	red	dif	(800, 618)	(632, 450)	hori	left	True	475595	476639	left	(800, 450)	testing
6	qq	f	20	3	diamond	green	same	(632, 450)	(800, 282)	vert	up	True	478305	478927	up	(800, 450)	testing
6	qq	f	20	3	diamond	green	dif	(800, 618)	(800, 282)	hori	left	True	480346	481006	left	(800, 450)	testing
6	qq	f	20	3	circle	green	dif	(632, 450)	(968, 450)	hori	left	True	482582	483215	left	(800, 450)	testing
6	qq	f	20	3	diamond	green	same	(800, 618)	(968, 450)	vert	up	True	484765	485487	up	(800, 450)	testing
6	qq	f	20	3	circle	none	same	N_dis	(968, 450)	hori	left	True	486948	487567	left	(800, 450)	testing
6	qq	f	20	3	circle	green	dif	(800, 282)	(800, 618)	vert	up	True	489073	490046	up	(800, 450)	testing
6	qq	f	20	3	diamond	none	dif	N_dis	(800, 282)	hori	left	True	491624	492335	left	(800, 450)	testing
6	qq	f	20	3	diamond	none	same	N_dis	(632, 450)	vert	up	True	493821	494703	up	(800, 450)	testing
6	qq	f	20	3	circle	red	dif	(800, 618)	(800, 282)	vert	up	True	496133	496703	up	(800, 450)	testing
6	qq	f	20	3	circle	none	dif	N_dis	(800, 282)	hori	left	True	498318	499022	left	(800, 450)	testing
6	qq	f	20	3	circle	red	dif	(800, 282)	(968, 450)	hori	left	True	500437	501343	left	(800, 450)	testing
6	qq	f	20	3	diamond	none	dif	N_dis	(800, 282)	vert	up	True	502865	503423	up	(800, 450)	testing
6	qq	f	20	3	diamond	red	dif	(800, 282)	(632, 450)	hori	left	True	505074	505935	left	(800, 450)	testing
6	qq	f	20	3	circle	green	same	(800, 282)	(632, 450)	vert	up	True	507530	508463	up	(800, 450)	testing
6	qq	f	20	3	diamond	red	same	(800, 282)	(800, 618)	hori	left	True	510094	511199	left	(800, 450)	testing
6	qq	f	20	3	circle	green	same	(800, 618)	(968, 450)	vert	up	True	512653	513407	up	(800, 450)	testing
6	qq	f	20	3	circle	none	same	N_dis	(632, 450)	vert	up	True	515064	515727	up	(800, 450)	testing
6	qq	f	20	3	diamond	none	same	N_dis	(800, 618)	hori	left	True	517147	518143	left	(800, 450)	testing
6	qq	f	20	3	diamond	green	same	(800, 282)	(968, 450)	vert	up	True	519681	520607	up	(800, 450)	testing
6	qq	f	20	3	diamond	none	dif	N_dis	(800, 618)	vert	up	True	522116	522895	up	(800, 450)	testing
6	qq	f	20	3	circle	red	dif	(968, 450)	(800, 618)	vert	up	True	524412	525503	up	(800, 450)	testing
6	qq	f	20	3	circle	red	dif	(968, 450)	(800, 282)	vert	up	True	527168	527839	up	(800, 450)	testing
6	qq	f	20	3	diamond	green	dif	(968, 450)	(800, 618)	hori	left	True	529261	530255	left	(800, 450)	testing
6	qq	f	20	3	circle	green	same	(968, 450)	(800, 282)	hori	left	True	531717	532367	left	(800, 450)	testing
6	qq	f	20	3	circle	none	dif	N_dis	(968, 450)	hori	left	True	533821	534495	left	(800, 450)	testing
6	qq	f	20	3	diamond	green	dif	(800, 618)	(800, 282)	hori	left	True	536007	536671	left	(800, 450)	testing
6	qq	f	20	3	diamond	none	dif	N_dis	(800, 618)	vert	up	True	538328	539263	up	(800, 450)	testing
6	qq	f	20	3	diamond	red	same	(968, 450)	(632, 450)	hori	left	True	540670	541503	left	(800, 450)	testing
6	qq	f	20	3	diamond	green	dif	(632, 450)	(800, 618)	hori	left	True	542900	543823	left	(800, 450)	testing
6	qq	f	20	3	circle	green	dif	(968, 450)	(632, 450)	hori	left	True	545219	546255	left	(800, 450)	testing
6	qq	f	20	3	circle	green	same	(800, 618)	(968, 450)	hori	left	True	547732	548447	left	(800, 450)	testing
6	qq	f	20	3	diamond	red	same	(968, 450)	(800, 618)	vert	up	True	549848	550959	up	(800, 450)	testing
6	qq	f	20	3	diamond	none	same	N_dis	(800, 618)	vert	up	True	552336	553167	up	(800, 450)	testing
6	qq	f	20	3	diamond	green	dif	(800, 282)	(800, 618)	hori	left	True	554557	555327	left	(800, 450)	testing
6	qq	f	20	3	circle	none	same	N_dis	(968, 450)	vert	up	True	556813	557535	up	(800, 450)	testing
6	qq	f	20	3	diamond	red	dif	(800, 282)	(968, 450)	hori	left	True	559094	559743	left	(800, 450)	testing
6	qq	f	20	3	circle	red	same	(632, 450)	(800, 618)	hori	left	True	561224	562191	left	(800, 450)	testing
6	qq	f	20	3	diamond	green	same	(800, 618)	(632, 450)	vert	up	True	563671	564559	up	(800, 450)	testing
6	qq	f	20	3	circle	none	dif	N_dis	(800, 282)	hori	left	True	566177	566847	left	(800, 450)	testing
6	qq	f	20	3	circle	none	same	N_dis	(800, 282)	vert	up	True	568443	569022	up	(800, 450)	testing
6	qq	f	20	3	diamond	red	same	(632, 450)	(968, 450)	hori	left	True	570480	571215	left	(800, 450)	testing
6	qq	f	20	3	diamond	red	dif	(968, 450)	(632, 450)	hori	left	True	572876	573551	up	(800, 450)	testing
6	qq	f	20	3	diamond	none	dif	N_dis	(632, 450)	hori	left	True	576608	577183	left	(800, 450)	testing
6	qq	f	20	3	circle	none	dif	N_dis	(968, 450)	vert	up	True	578761	579871	up	(800, 450)	testing
6	qq	f	20	3	circle	none	same	N_dis	(800, 618)	vert	up	True	581417	582527	up	(800, 450)	testing
6	qq	f	20	3	circle	green	same	(800, 282)	(968, 450)	vert	up	True	584089	585855	up	(800, 450)	testing
6	qq	f	20	3	circle	red	same	(800, 618)	(632, 450)	hori	left	True	587503	588110	left	(800, 450)	testing
6	qq	f	20	3	circle	green	dif	(800, 282)	(632, 450)	vert	up	True	589647	590351	up	(800, 450)	testing
6	qq	f	20	3	circle	none	dif	N_dis	(632, 450)	vert	up	True	591985	592671	up	(800, 450)	testing
6	qq	f	20	3	diamond	green	same	(632, 450)	(800, 282)	hori	left	True	594117	595519	left	(800, 450)	testing
6	qq	f	20	3	circle	red	same	(800, 618)	(968, 450)	hori	left	True	597189	597887	left	(800, 450)	testing
6	qq	f	20	3	diamond	red	same	(632, 450)	(800, 282)	hori	left	True	599462	600062	left	(800, 450)	testing
6	qq	f	20	3	diamond	red	dif	(632, 450)	(968, 450)	hori	left	True	601570	602767	left	(800, 450)	testing
6	qq	f	20	3	circle	green	dif	(632, 450)	(968, 450)	hori	left	True	604383	605487	left	(800, 450)	testing
6	qq	f	20	3	circle	red	same	(632, 450)	(800, 618)	vert	up	True	606958	608479	up	(800, 450)	testing
6	qq	f	20	3	diamond	red	dif	(968, 450)	(800, 282)	vert	up	True	610109	610863	up	(800, 450)	testing
6	qq	f	20	3	diamond	none	same	N_dis	(632, 450)	vert	up	True	612268	613118	up	(800, 450)	testing
6	qq	f	20	3	circle	red	same	(968, 450)	(800, 282)	hori	left	True	614664	615615	up	(800, 450)	testing
6	qq	f	20	3	diamond	none	same	N_dis	(968, 450)	vert	up	True	618726	619551	up	(800, 450)	testing
6	qq	f	20	3	circle	red	dif	(800, 618)	(632, 450)	hori	left	True	621031	621679	left	(800, 450)	testing
6	qq	f	20	3	diamond	green	same	(632, 450)	(800, 282)	hori	left	True	623121	623807	left	(800, 450)	testing
6	qq	f	20	3	diamond	green	dif	(800, 618)	(800, 282)	vert	up	True	625301	625903	up	(800, 450)	testing
6	qq	f	20	3	circle	green	dif	(632, 450)	(968, 450)	vert	up	True	627323	628271	up	(800, 450)	testing
6	qq	f	20	3	diamond	green	same	(800, 618)	(968, 450)	vert	up	True	629781	630943	up	(800, 450)	testing
6	qq	f	20	3	circle	none	same	N_dis	(968, 450)	hori	left	True	632463	633311	left	(800, 450)	testing
6	qq	f	20	3	circle	green	dif	(800, 282)	(800, 618)	vert	up	True	634911	635935	up	(800, 450)	testing
6	qq	f	20	3	diamond	none	dif	N_dis	(800, 282)	hori	left	True	637374	638110	left	(800, 450)	testing
6	qq	f	20	3	diamond	none	same	N_dis	(632, 450)	vert	up	True	639522	640495	up	(800, 450)	testing
6	qq	f	20	3	circle	red	dif	(800, 618)	(800, 282)	hori	left	True	642063	642943	left	(800, 450)	testing
6	qq	f	20	3	circle	none	dif	N_dis	(800, 282)	vert	up	True	644608	645519	up	(800, 450)	testing
6	qq	f	20	3	circle	red	dif	(800, 282)	(968, 450)	hori	left	True	646907	647615	left	(800, 450)	testing
6	qq	f	20	3	diamond	none	dif	N_dis	(800, 282)	hori	left	True	649151	649823	left	(800, 450)	testing
6	qq	f	20	3	diamond	red	dif	(800, 282)	(632, 450)	vert	up	True	651437	652223	up	(800, 450)	testing
6	qq	f	20	3	circle	green	same	(800, 282)	(632, 450)	hori	left	True	653858	655054	left	(800, 450)	testing
6	qq	f	20	3	diamond	red	same	(800, 282)	(800, 618)	hori	left	True	656667	657599	left	(800, 450)	testing
6	qq	f	20	3	circle	green	same	(800, 618)	(968, 450)	vert	up	True	659012	660239	up	(800, 450)	testing
6	qq	f	20	3	circle	none	same	N_dis	(632, 450)	hori	left	True	661787	662431	left	(800, 450)	testing
6	qq	f	20	3	diamond	none	same	N_dis	(800, 618)	hori	left	True	663892	664703	left	(800, 450)	testing
6	qq	f	20	3	diamond	green	same	(800, 282)	(968, 450)	vert	up	True	666077	666927	up	(800, 450)	testing
6	qq	f	20	3	diamond	none	dif	N_dis	(800, 618)	vert	up	True	668521	669215	up	(800, 450)	testing
6	qq	f	20	3	circle	red	dif	(968, 450)	(800, 618)	vert	up	True	670734	671727	up	(800, 450)	testing
6	qq	f	20	3	circle	red	dif	(968, 450)	(800, 282)	vert	up	True	673328	673935	up	(800, 450)	testing
6	qq	f	20	3	diamond	green	dif	(968, 450)	(800, 618)	hori	left	True	675577	676719	left	(800, 450)	testing
6	qq	f	20	3	circle	green	same	(968, 450)	(800, 282)	vert	up	True	678286	679295	up	(800, 450)	testing
6	qq	f	20	3	circle	none	dif	N_dis	(968, 450)	hori	left	True	680804	681935	left	(800, 450)	testing
6	qq	f	20	3	diamond	green	dif	(800, 618)	(800, 282)	hori	left	True	683576	684191	left	(800, 450)	testing
6	qq	f	20	3	diamond	none	dif	N_dis	(800, 618)	hori	left	True	685734	687006	left	(800, 450)	testing
6	qq	f	20	3	diamond	red	same	(968, 450)	(632, 450)	vert	up	True	688478	689215	up	(800, 450)	testing
6	qq	f	20	3	diamond	green	dif	(632, 450)	(800, 618)	hori	left	True	690656	691615	left	(800, 450)	testing
6	qq	f	20	3	circle	green	dif	(968, 450)	(632, 450)	hori	left	True	693288	693935	left	(800, 450)	testing
6	qq	f	20	3	circle	green	same	(800, 618)	(968, 450)	hori	left	True	695320	696255	left	(800, 450)	testing
6	qq	f	20	3	diamond	red	same	(968, 450)	(800, 618)	hori	left	True	697888	698783	left	(800, 450)	testing
6	qq	f	20	3	diamond	none	same	N_dis	(800, 618)	vert	up	True	700226	701215	up	(800, 450)	testing
6	qq	f	20	3	diamond	green	dif	(800, 282)	(800, 618)	hori	left	True	702679	703423	left	(800, 450)	testing
6	qq	f	20	3	circle	none	same	N_dis	(968, 450)	hori	left	True	704979	705695	left	(800, 450)	testing
6	qq	f	20	3	diamond	red	dif	(800, 282)	(968, 450)	vert	up	True	707357	708335	up	(800, 450)	testing
6	qq	f	20	3	circle	red	same	(632, 450)	(800, 618)	hori	left	True	709854	710783	left	(800, 450)	testing
6	qq	f	20	3	diamond	green	same	(800, 618)	(632, 450)	vert	up	True	712165	712895	up	(800, 450)	testing
6	qq	f	20	3	circle	none	dif	N_dis	(800, 282)	hori	left	True	714374	715231	left	(800, 450)	testing
6	qq	f	20	3	circle	none	same	N_dis	(800, 282)	hori	left	True	716868	717839	left	(800, 450)	testing
6	qq	f	20	3	diamond	red	same	(632, 450)	(968, 450)	vert	up	True	719271	720511	up	(800, 450)	testing
6	qq	f	20	3	diamond	red	dif	(968, 450)	(632, 450)	hori	left	True	721908	722703	left	(800, 450)	testing
6	qq	f	20	3	diamond	none	dif	N_dis	(632, 450)	vert	up	True	724264	724895	up	(800, 450)	testing
6	qq	f	20	3	circle	none	dif	N_dis	(968, 450)	vert	up	True	726421	727487	up	(800, 450)	testing
6	qq	f	20	3	circle	none	same	N_dis	(800, 618)	hori	left	True	729045	730062	left	(800, 450)	testing
6	qq	f	20	3	circle	green	same	(800, 282)	(968, 450)	hori	left	True	731726	732623	left	(800, 450)	testing
6	qq	f	20	3	circle	red	same	(800, 618)	(632, 450)	vert	up	True	734024	734591	left	(800, 450)	testing
6	qq	f	20	3	circle	green	dif	(800, 282)	(632, 450)	vert	up	True	737548	738334	up	(800, 450)	testing
6	qq	f	20	3	circle	none	dif	N_dis	(632, 450)	hori	left	True	739920	740543	left	(800, 450)	testing
6	qq	f	20	3	diamond	green	same	(632, 450)	(800, 282)	hori	left	True	741992	743086	left	(800, 450)	testing
6	qq	f	20	3	circle	red	same	(800, 618)	(968, 450)	hori	left	True	744522	745519	left	(800, 450)	testing
6	qq	f	20	3	diamond	red	same	(632, 450)	(800, 282)	vert	up	True	746920	747535	up	(800, 450)	testing
6	qq	f	20	3	diamond	red	dif	(632, 450)	(968, 450)	hori	left	True	749127	750046	left	(800, 450)	testing
6	qq	f	20	3	circle	green	dif	(632, 450)	(968, 450)	hori	left	True	751458	752110	left	(800, 450)	testing
6	qq	f	20	3	circle	red	same	(632, 450)	(800, 618)	hori	left	True	753646	754655	left	(800, 450)	testing
6	qq	f	20	3	diamond	red	dif	(968, 450)	(800, 282)	vert	up	True	756215	756879	up	(800, 450)	testing
6	qq	f	20	3	diamond	none	same	N_dis	(632, 450)	vert	up	True	758547	759215	up	(800, 450)	testing
6	qq	f	20	3	circle	red	same	(968, 450)	(800, 282)	hori	left	True	760683	761231	left	(800, 450)	testing
6	qq	f	20	3	diamond	none	same	N_dis	(968, 450)	hori	left	True	762604	763327	left	(800, 450)	testing
6	qq	f	20	3	circle	red	dif	(800, 618)	(632, 450)	vert	up	True	764779	765487	up	(800, 450)	testing
6	qq	f	20	3	diamond	green	same	(632, 450)	(800, 282)	hori	left	True	767077	767711	left	(800, 450)	testing
6	qq	f	20	3	diamond	green	dif	(800, 618)	(800, 282)	vert	up	True	769292	769887	up	(800, 450)	testing
6	qq	f	20	3	circle	green	dif	(632, 450)	(968, 450)	vert	up	True	771364	772751	up	(800, 450)	testing
6	qq	f	20	3	diamond	green	same	(800, 618)	(968, 450)	vert	up	True	774166	774863	up	(800, 450)	testing
6	qq	f	20	3	circle	none	same	N_dis	(968, 450)	vert	up	True	776349	777935	up	(800, 450)	testing
6	qq	f	20	3	circle	green	dif	(800, 282)	(800, 618)	hori	left	True	779445	780415	left	(800, 450)	testing
6	qq	f	20	3	diamond	none	dif	N_dis	(800, 282)	vert	up	True	781936	782479	up	(800, 450)	testing
6	qq	f	20	3	diamond	none	same	N_dis	(632, 450)	vert	up	True	783856	784527	up	(800, 450)	testing
6	qq	f	20	3	circle	red	dif	(800, 618)	(800, 282)	hori	left	True	786042	786719	left	(800, 450)	testing
6	qq	f	20	3	circle	none	dif	N_dis	(800, 282)	vert	up	True	788135	788991	up	(800, 450)	testing
6	qq	f	20	3	circle	red	dif	(800, 282)	(968, 450)	hori	left	True	790563	791519	left	(800, 450)	testing
6	qq	f	20	3	diamond	none	dif	N_dis	(800, 282)	vert	up	True	793052	793663	up	(800, 450)	testing
6	qq	f	20	3	diamond	red	dif	(800, 282)	(632, 450)	vert	up	True	795145	795919	up	(800, 450)	testing
conf	6	qq	f	20	3	0	space	None	None	None	None	None	None	None	None	True	836478	845343	2
