subj	name	gender	age	runNum	shape	dist	td_dif	d_loc	t_loc	resp	resp_key	gotKey	startTime	respTime	resp	fix_loc	prac
6	qq	f	20	2	diamond	red	same	(968, 450)	(800, 282)	vert	up	True	21897	22877	up	(800, 450)	testing
6	qq	f	20	2	diamond	red	same	(632, 450)	(800, 282)	vert	up	True	24267	25373	up	(800, 450)	testing
6	qq	f	20	2	diamond	green	same	(800, 618)	(632, 450)	hori	left	True	26900	28125	up	(800, 450)	testing
6	qq	f	20	2	circle	red	same	(800, 618)	(800, 282)	hori	left	True	31035	31757	left	(800, 450)	testing
6	qq	f	20	2	diamond	red	dif	(968, 450)	(632, 450)	vert	up	True	33153	34333	up	(800, 450)	testing
6	qq	f	20	2	diamond	green	dif	(968, 450)	(632, 450)	vert	up	True	35795	36765	up	(800, 450)	testing
6	qq	f	20	2	circle	green	same	(800, 618)	(968, 450)	vert	up	True	38353	39181	up	(800, 450)	testing
6	qq	f	20	2	circle	red	same	(800, 618)	(632, 450)	vert	up	True	40789	41389	up	(800, 450)	testing
6	qq	f	20	2	diamond	none	dif	N_dis	(968, 450)	vert	up	True	42790	43565	up	(800, 450)	testing
6	qq	f	20	2	circle	green	same	(800, 618)	(968, 450)	vert	up	True	45117	45741	up	(800, 450)	testing
6	qq	f	20	2	circle	none	same	N_dis	(800, 282)	vert	up	True	47124	47725	up	(800, 450)	testing
6	qq	f	20	2	diamond	none	same	N_dis	(968, 450)	hori	left	True	49315	50028	left	(800, 450)	testing
6	qq	f	20	2	diamond	red	dif	(968, 450)	(632, 450)	vert	up	True	51402	52301	up	(800, 450)	testing
6	qq	f	20	2	circle	none	same	N_dis	(800, 618)	vert	up	True	53734	54541	left	(800, 450)	testing
6	qq	f	20	2	diamond	red	dif	(632, 450)	(800, 282)	vert	up	True	57616	58349	up	(800, 450)	testing
6	qq	f	20	2	diamond	green	dif	(968, 450)	(800, 282)	vert	up	True	59987	60509	up	(800, 450)	testing
6	qq	f	20	2	circle	green	same	(632, 450)	(800, 618)	vert	up	True	62043	62829	up	(800, 450)	testing
6	qq	f	20	2	diamond	none	same	N_dis	(800, 618)	vert	up	True	64261	65437	up	(800, 450)	testing
6	qq	f	20	2	diamond	green	dif	(968, 450)	(632, 450)	vert	up	True	66828	67565	up	(800, 450)	testing
6	qq	f	20	2	circle	none	same	N_dis	(800, 282)	vert	up	True	69006	70189	up	(800, 450)	testing
6	qq	f	20	2	diamond	red	dif	(968, 450)	(800, 282)	hori	left	True	71712	72477	left	(800, 450)	testing
6	qq	f	20	2	diamond	red	dif	(968, 450)	(800, 282)	hori	left	True	73972	74701	left	(800, 450)	testing
6	qq	f	20	2	diamond	none	same	N_dis	(968, 450)	vert	up	True	76236	76973	up	(800, 450)	testing
6	qq	f	20	2	circle	green	dif	(800, 618)	(632, 450)	vert	up	True	78433	80349	up	(800, 450)	testing
6	qq	f	20	2	circle	red	dif	(800, 618)	(968, 450)	vert	up	True	81815	83165	up	(800, 450)	testing
6	qq	f	20	2	circle	green	dif	(800, 618)	(632, 450)	vert	up	True	84544	85309	up	(800, 450)	testing
6	qq	f	20	2	circle	none	dif	N_dis	(800, 282)	vert	up	True	86891	87437	up	(800, 450)	testing
6	qq	f	20	2	circle	red	same	(800, 618)	(968, 450)	vert	up	True	88975	89757	up	(800, 450)	testing
6	qq	f	20	2	diamond	red	same	(800, 618)	(632, 450)	vert	up	True	91294	92477	up	(800, 450)	testing
6	qq	f	20	2	diamond	none	dif	N_dis	(632, 450)	vert	up	True	94028	94717	up	(800, 450)	testing
6	qq	f	20	2	circle	none	dif	N_dis	(800, 618)	vert	up	True	96280	97581	up	(800, 450)	testing
6	qq	f	20	2	diamond	green	dif	(968, 450)	(800, 618)	vert	up	True	99253	100797	up	(800, 450)	testing
6	qq	f	20	2	diamond	green	dif	(968, 450)	(800, 282)	vert	up	True	102241	103149	up	(800, 450)	testing
6	qq	f	20	2	diamond	none	dif	N_dis	(800, 618)	hori	left	True	104813	105949	left	(800, 450)	testing
6	qq	f	20	2	circle	none	same	N_dis	(632, 450)	hori	left	True	107390	108173	left	(800, 450)	testing
6	qq	f	20	2	diamond	red	dif	(800, 618)	(800, 282)	vert	up	True	109715	110621	up	(800, 450)	testing
6	qq	f	20	2	circle	none	same	N_dis	(968, 450)	hori	left	True	112017	112733	left	(800, 450)	testing
6	qq	f	20	2	diamond	green	same	(968, 450)	(800, 618)	vert	up	True	114206	115389	up	(800, 450)	testing
6	qq	f	20	2	diamond	none	same	N_dis	(632, 450)	vert	up	True	116778	117741	up	(800, 450)	testing
6	qq	f	20	2	diamond	none	same	N_dis	(800, 282)	hori	left	True	119176	119869	left	(800, 450)	testing
6	qq	f	20	2	circle	red	dif	(968, 450)	(800, 618)	vert	up	True	121508	122477	up	(800, 450)	testing
6	qq	f	20	2	diamond	red	same	(800, 618)	(800, 282)	hori	left	True	124024	124749	left	(800, 450)	testing
6	qq	f	20	2	circle	red	same	(800, 618)	(968, 450)	hori	left	True	126321	127068	left	(800, 450)	testing
6	qq	f	20	2	diamond	green	same	(968, 450)	(800, 618)	hori	left	True	128486	129437	left	(800, 450)	testing
6	qq	f	20	2	circle	none	same	N_dis	(632, 450)	vert	up	True	131004	131693	up	(800, 450)	testing
6	qq	f	20	2	circle	green	dif	(632, 450)	(968, 450)	vert	up	True	133155	133885	up	(800, 450)	testing
6	qq	f	20	2	diamond	green	same	(800, 618)	(968, 450)	hori	left	True	135367	136733	left	(800, 450)	testing
6	qq	f	20	2	diamond	red	same	(968, 450)	(800, 282)	vert	up	True	138291	138877	up	(800, 450)	testing
6	qq	f	20	2	circle	red	same	(968, 450)	(800, 282)	vert	up	True	140497	141357	up	(800, 450)	testing
6	qq	f	20	2	circle	none	same	N_dis	(800, 618)	vert	up	True	142879	143725	up	(800, 450)	testing
6	qq	f	20	2	diamond	none	same	N_dis	(800, 282)	vert	up	True	145344	146012	up	(800, 450)	testing
6	qq	f	20	2	circle	none	same	N_dis	(632, 450)	hori	left	True	147438	148205	left	(800, 450)	testing
6	qq	f	20	2	circle	red	same	(632, 450)	(800, 618)	hori	left	True	149671	150765	left	(800, 450)	testing
6	qq	f	20	2	circle	green	same	(632, 450)	(800, 618)	vert	up	True	152258	153117	up	(800, 450)	testing
6	qq	f	20	2	diamond	red	same	(968, 450)	(632, 450)	vert	up	True	154627	155421	up	(800, 450)	testing
6	qq	f	20	2	diamond	red	same	(632, 450)	(800, 282)	vert	up	True	157017	157549	up	(800, 450)	testing
6	qq	f	20	2	circle	red	same	(968, 450)	(800, 618)	vert	up	True	159104	160141	left	(800, 450)	testing
6	qq	f	20	2	diamond	green	same	(632, 450)	(968, 450)	vert	up	True	163057	165197	up	(800, 450)	testing
6	qq	f	20	2	diamond	green	same	(968, 450)	(800, 618)	vert	up	True	166574	167757	up	(800, 450)	testing
6	qq	f	20	2	diamond	red	dif	(632, 450)	(800, 618)	vert	up	True	169323	170317	up	(800, 450)	testing
6	qq	f	20	2	diamond	none	same	N_dis	(968, 450)	vert	up	True	171700	172349	up	(800, 450)	testing
6	qq	f	20	2	diamond	none	same	N_dis	(800, 282)	vert	up	True	173887	174429	up	(800, 450)	testing
6	qq	f	20	2	diamond	red	dif	(632, 450)	(968, 450)	hori	left	True	175881	176685	left	(800, 450)	testing
6	qq	f	20	2	circle	red	same	(968, 450)	(632, 450)	hori	left	True	178064	179405	left	(800, 450)	testing
6	qq	f	20	2	circle	none	same	N_dis	(800, 282)	hori	left	True	180863	181469	left	(800, 450)	testing
6	qq	f	20	2	diamond	red	dif	(800, 618)	(800, 282)	hori	left	True	183086	184077	left	(800, 450)	testing
6	qq	f	20	2	diamond	green	same	(800, 618)	(632, 450)	hori	left	True	185512	186797	left	(800, 450)	testing
6	qq	f	20	2	circle	none	same	N_dis	(968, 450)	hori	left	True	188281	189501	left	(800, 450)	testing
6	qq	f	20	2	diamond	green	same	(632, 450)	(968, 450)	vert	up	True	191174	192012	up	(800, 450)	testing
6	qq	f	20	2	circle	none	dif	N_dis	(968, 450)	vert	up	True	193530	194157	up	(800, 450)	testing
6	qq	f	20	2	diamond	red	dif	(800, 618)	(968, 450)	hori	left	True	195572	196253	left	(800, 450)	testing
6	qq	f	20	2	circle	green	same	(968, 450)	(800, 282)	vert	up	True	197837	198429	up	(800, 450)	testing
6	qq	f	20	2	circle	green	same	(632, 450)	(800, 618)	vert	up	True	199988	201421	up	(800, 450)	testing
6	qq	f	20	2	circle	red	same	(632, 450)	(800, 282)	hori	left	True	202881	203485	left	(800, 450)	testing
6	qq	f	20	2	circle	green	dif	(800, 618)	(632, 450)	hori	left	True	205088	205725	left	(800, 450)	testing
6	qq	f	20	2	circle	green	same	(968, 450)	(632, 450)	vert	up	True	207258	208285	up	(800, 450)	testing
6	qq	f	20	2	circle	red	dif	(968, 450)	(800, 618)	hori	left	True	209915	211213	left	(800, 450)	testing
6	qq	f	20	2	diamond	red	same	(632, 450)	(800, 282)	vert	up	True	212743	213325	up	(800, 450)	testing
6	qq	f	20	2	circle	none	dif	N_dis	(800, 282)	vert	up	True	214731	215325	up	(800, 450)	testing
6	qq	f	20	2	diamond	green	dif	(632, 450)	(800, 282)	hori	left	True	216934	217485	left	(800, 450)	testing
6	qq	f	20	2	circle	green	same	(968, 450)	(800, 282)	vert	up	True	218906	219469	up	(800, 450)	testing
6	qq	f	20	2	circle	red	dif	(800, 618)	(968, 450)	vert	up	True	220991	221757	up	(800, 450)	testing
6	qq	f	20	2	circle	green	dif	(632, 450)	(968, 450)	vert	up	True	223395	224125	up	(800, 450)	testing
6	qq	f	20	2	circle	none	dif	N_dis	(800, 282)	vert	up	True	225740	226285	up	(800, 450)	testing
6	qq	f	20	2	circle	red	same	(968, 450)	(632, 450)	hori	left	True	227714	228349	left	(800, 450)	testing
6	qq	f	20	2	diamond	none	dif	N_dis	(968, 450)	hori	left	True	229792	230637	left	(800, 450)	testing
6	qq	f	20	2	diamond	none	dif	N_dis	(968, 450)	hori	left	True	232203	233068	left	(800, 450)	testing
6	qq	f	20	2	circle	none	dif	N_dis	(800, 618)	vert	up	True	234500	235245	up	(800, 450)	testing
6	qq	f	20	2	diamond	green	dif	(800, 618)	(632, 450)	hori	left	True	236843	237469	left	(800, 450)	testing
6	qq	f	20	2	diamond	red	same	(968, 450)	(632, 450)	hori	left	True	238942	239709	left	(800, 450)	testing
6	qq	f	20	2	circle	none	same	N_dis	(800, 618)	hori	left	True	241308	242365	left	(800, 450)	testing
6	qq	f	20	2	diamond	green	dif	(968, 450)	(800, 282)	hori	left	True	243880	244573	left	(800, 450)	testing
6	qq	f	20	2	diamond	green	same	(632, 450)	(968, 450)	hori	left	True	246071	246829	left	(800, 450)	testing
6	qq	f	20	2	diamond	none	dif	N_dis	(800, 282)	hori	left	True	248460	249052	left	(800, 450)	testing
6	qq	f	20	2	diamond	red	dif	(632, 450)	(800, 282)	vert	up	True	250669	251357	up	(800, 450)	testing
6	qq	f	20	2	diamond	red	dif	(968, 450)	(800, 618)	vert	up	True	252800	253917	up	(800, 450)	testing
6	qq	f	20	2	diamond	green	dif	(800, 618)	(800, 282)	vert	up	True	255372	256044	up	(800, 450)	testing
6	qq	f	20	2	diamond	green	dif	(968, 450)	(632, 450)	hori	left	True	257518	258109	left	(800, 450)	testing
6	qq	f	20	2	diamond	red	dif	(800, 618)	(800, 282)	vert	up	True	259750	260301	up	(800, 450)	testing
6	qq	f	20	2	circle	red	same	(968, 450)	(800, 282)	hori	left	True	261925	262541	left	(800, 450)	testing
6	qq	f	20	2	diamond	none	same	N_dis	(632, 450)	vert	up	True	264073	264909	up	(800, 450)	testing
6	qq	f	20	2	diamond	none	dif	N_dis	(800, 282)	hori	left	True	266386	267020	left	(800, 450)	testing
6	qq	f	20	2	diamond	none	dif	N_dis	(800, 282)	hori	left	True	268430	269004	left	(800, 450)	testing
6	qq	f	20	2	diamond	red	dif	(800, 618)	(800, 282)	hori	left	True	270397	271004	left	(800, 450)	testing
6	qq	f	20	2	circle	red	dif	(968, 450)	(632, 450)	hori	left	True	272584	273181	up	(800, 450)	testing
6	qq	f	20	2	circle	none	dif	N_dis	(800, 282)	vert	up	True	276196	276941	up	(800, 450)	testing
6	qq	f	20	2	circle	none	same	N_dis	(800, 282)	vert	up	True	278322	278909	up	(800, 450)	testing
6	qq	f	20	2	diamond	green	same	(632, 450)	(800, 618)	vert	up	True	280361	281869	up	(800, 450)	testing
6	qq	f	20	2	diamond	green	dif	(800, 618)	(632, 450)	vert	up	True	283276	284157	up	(800, 450)	testing
6	qq	f	20	2	diamond	green	same	(800, 618)	(800, 282)	hori	left	True	285589	286317	left	(800, 450)	testing
6	qq	f	20	2	diamond	red	dif	(800, 618)	(632, 450)	vert	up	True	287823	288429	up	(800, 450)	testing
6	qq	f	20	2	circle	red	same	(968, 450)	(632, 450)	vert	up	True	289811	290445	up	(800, 450)	testing
6	qq	f	20	2	diamond	red	dif	(800, 618)	(968, 450)	hori	left	True	291824	292765	left	(800, 450)	testing
6	qq	f	20	2	diamond	green	dif	(800, 282)	(632, 450)	vert	up	True	294402	295277	up	(800, 450)	testing
6	qq	f	20	2	diamond	green	same	(800, 618)	(632, 450)	hori	left	True	296686	297677	left	(800, 450)	testing
6	qq	f	20	2	diamond	green	dif	(632, 450)	(800, 282)	hori	left	True	299120	300445	left	(800, 450)	testing
6	qq	f	20	2	circle	none	same	N_dis	(968, 450)	hori	left	True	302116	303101	left	(800, 450)	testing
6	qq	f	20	2	circle	none	same	N_dis	(632, 450)	hori	left	True	304707	305373	left	(800, 450)	testing
6	qq	f	20	2	circle	none	same	N_dis	(800, 618)	vert	up	True	306783	308557	up	(800, 450)	testing
6	qq	f	20	2	diamond	red	dif	(632, 450)	(800, 618)	hori	left	True	309988	311165	left	(800, 450)	testing
6	qq	f	20	2	diamond	none	dif	N_dis	(632, 450)	vert	up	True	312588	313757	up	(800, 450)	testing
6	qq	f	20	2	circle	red	dif	(800, 618)	(632, 450)	vert	up	True	315162	316205	up	(800, 450)	testing
6	qq	f	20	2	circle	none	dif	N_dis	(800, 618)	vert	up	True	317627	318637	up	(800, 450)	testing
6	qq	f	20	2	circle	red	dif	(968, 450)	(800, 282)	hori	left	True	320024	320829	left	(800, 450)	testing
6	qq	f	20	2	circle	green	dif	(632, 450)	(800, 618)	vert	up	True	322256	323213	up	(800, 450)	testing
6	qq	f	20	2	diamond	red	same	(632, 450)	(968, 450)	hori	left	True	324586	325613	left	(800, 450)	testing
6	qq	f	20	2	circle	red	dif	(968, 450)	(800, 618)	vert	up	True	327254	328044	up	(800, 450)	testing
6	qq	f	20	2	diamond	none	same	N_dis	(800, 282)	hori	left	True	329623	330333	left	(800, 450)	testing
6	qq	f	20	2	circle	green	same	(800, 618)	(800, 282)	vert	up	True	331796	333165	up	(800, 450)	testing
6	qq	f	20	2	circle	none	dif	N_dis	(632, 450)	hori	left	True	334541	335101	left	(800, 450)	testing
6	qq	f	20	2	circle	red	dif	(800, 618)	(968, 450)	hori	left	True	336642	337181	left	(800, 450)	testing
6	qq	f	20	2	circle	green	dif	(632, 450)	(800, 282)	vert	up	True	338709	339533	up	(800, 450)	testing
6	qq	f	20	2	diamond	none	same	N_dis	(800, 618)	vert	up	True	340939	341661	up	(800, 450)	testing
6	qq	f	20	2	diamond	none	same	N_dis	(800, 282)	hori	left	True	343125	343869	left	(800, 450)	testing
6	qq	f	20	2	diamond	green	same	(800, 618)	(968, 450)	hori	left	True	345300	346269	up	(800, 450)	testing
6	qq	f	20	2	circle	green	same	(800, 618)	(632, 450)	vert	up	True	349191	349981	up	(800, 450)	testing
6	qq	f	20	2	diamond	green	dif	(800, 618)	(800, 282)	vert	up	True	351532	352237	up	(800, 450)	testing
6	qq	f	20	2	circle	red	same	(800, 618)	(632, 450)	vert	up	True	353715	354445	up	(800, 450)	testing
6	qq	f	20	2	circle	red	dif	(800, 282)	(632, 450)	vert	up	True	356063	356957	up	(800, 450)	testing
6	qq	f	20	2	circle	green	dif	(968, 450)	(632, 450)	hori	left	True	358614	359309	left	(800, 450)	testing
6	qq	f	20	2	diamond	red	same	(968, 450)	(632, 450)	hori	left	True	360890	361885	left	(800, 450)	testing
6	qq	f	20	2	circle	red	same	(632, 450)	(968, 450)	vert	up	True	363511	364381	up	(800, 450)	testing
6	qq	f	20	2	diamond	red	same	(632, 450)	(800, 282)	hori	left	True	365868	367261	left	(800, 450)	testing
6	qq	f	20	2	circle	red	dif	(632, 450)	(800, 618)	vert	up	True	368805	369773	up	(800, 450)	testing
6	qq	f	20	2	diamond	red	same	(632, 450)	(968, 450)	hori	left	True	371342	372060	left	(800, 450)	testing
6	qq	f	20	2	circle	red	dif	(800, 618)	(800, 282)	vert	up	True	373578	374205	up	(800, 450)	testing
6	qq	f	20	2	diamond	none	dif	N_dis	(968, 450)	vert	up	True	375743	376541	up	(800, 450)	testing
6	qq	f	20	2	diamond	green	same	(968, 450)	(800, 618)	hori	left	True	377965	379004	left	(800, 450)	testing
6	qq	f	20	2	circle	green	dif	(632, 450)	(968, 450)	hori	left	True	380513	381885	left	(800, 450)	testing
6	qq	f	20	2	circle	green	dif	(632, 450)	(800, 282)	vert	up	True	383510	384189	up	(800, 450)	testing
6	qq	f	20	2	circle	green	dif	(632, 450)	(968, 450)	vert	up	True	385784	386781	up	(800, 450)	testing
6	qq	f	20	2	diamond	red	dif	(632, 450)	(800, 618)	hori	left	True	388379	389533	left	(800, 450)	testing
6	qq	f	20	2	diamond	red	same	(632, 450)	(800, 618)	hori	left	True	390989	391821	left	(800, 450)	testing
6	qq	f	20	2	circle	red	same	(632, 450)	(800, 618)	hori	left	True	393314	394077	left	(800, 450)	testing
6	qq	f	20	2	circle	none	dif	N_dis	(968, 450)	hori	left	True	395748	396685	left	(800, 450)	testing
6	qq	f	20	2	circle	green	same	(632, 450)	(800, 282)	vert	up	True	398086	398749	up	(800, 450)	testing
6	qq	f	20	2	circle	none	same	N_dis	(800, 618)	hori	left	True	400316	401213	left	(800, 450)	testing
6	qq	f	20	2	circle	red	dif	(800, 618)	(632, 450)	hori	left	True	402630	403613	left	(800, 450)	testing
6	qq	f	20	2	circle	green	dif	(632, 450)	(800, 618)	vert	up	True	405116	406093	up	(800, 450)	testing
6	qq	f	20	2	circle	green	dif	(968, 450)	(632, 450)	hori	left	True	407572	408253	left	(800, 450)	testing
6	qq	f	20	2	diamond	green	dif	(968, 450)	(800, 618)	hori	left	True	409896	410589	up	(800, 450)	testing
6	qq	f	20	2	circle	green	same	(632, 450)	(968, 450)	hori	left	True	413597	414429	left	(800, 450)	testing
6	qq	f	20	2	diamond	green	dif	(968, 450)	(632, 450)	hori	left	True	415976	416941	left	(800, 450)	testing
6	qq	f	20	2	circle	red	same	(632, 450)	(968, 450)	hori	left	True	418558	419469	left	(800, 450)	testing
6	qq	f	20	2	circle	red	same	(968, 450)	(800, 282)	hori	left	True	421135	422525	left	(800, 450)	testing
6	qq	f	20	2	circle	green	dif	(968, 450)	(800, 282)	vert	up	True	424126	424989	up	(800, 450)	testing
6	qq	f	20	2	diamond	red	same	(800, 618)	(632, 450)	hori	left	True	426438	427709	left	(800, 450)	testing
6	qq	f	20	2	circle	none	dif	N_dis	(800, 282)	hori	left	True	429147	430637	left	(800, 450)	testing
6	qq	f	20	2	diamond	green	same	(800, 618)	(800, 282)	vert	up	True	432208	432941	up	(800, 450)	testing
6	qq	f	20	2	circle	green	dif	(632, 450)	(800, 282)	hori	left	True	434448	435309	left	(800, 450)	testing
6	qq	f	20	2	circle	red	dif	(968, 450)	(632, 450)	vert	up	True	436745	438060	up	(800, 450)	testing
6	qq	f	20	2	circle	red	same	(800, 618)	(968, 450)	vert	up	True	439574	440349	up	(800, 450)	testing
6	qq	f	20	2	diamond	green	dif	(800, 618)	(968, 450)	hori	left	True	441796	442637	left	(800, 450)	testing
6	qq	f	20	2	circle	green	same	(800, 282)	(968, 450)	vert	up	True	444214	444829	up	(800, 450)	testing
6	qq	f	20	2	diamond	green	same	(968, 450)	(800, 618)	vert	up	True	446221	448109	up	(800, 450)	testing
6	qq	f	20	2	circle	none	dif	N_dis	(632, 450)	hori	left	True	449539	451149	left	(800, 450)	testing
6	qq	f	20	2	diamond	red	dif	(800, 618)	(632, 450)	hori	left	True	452799	453373	up	(800, 450)	testing
6	qq	f	20	2	diamond	none	same	N_dis	(800, 618)	vert	up	True	456431	457597	up	(800, 450)	testing
6	qq	f	20	2	diamond	none	same	N_dis	(800, 618)	vert	up	True	459065	459837	up	(800, 450)	testing
6	qq	f	20	2	circle	green	same	(800, 618)	(800, 282)	vert	up	True	461265	462269	up	(800, 450)	testing
6	qq	f	20	2	circle	green	same	(968, 450)	(800, 282)	vert	up	True	463739	464829	up	(800, 450)	testing
6	qq	f	20	2	diamond	red	same	(968, 450)	(800, 618)	hori	left	True	466399	467485	left	(800, 450)	testing
6	qq	f	20	2	diamond	red	dif	(632, 450)	(800, 618)	vert	up	True	469095	469997	up	(800, 450)	testing
6	qq	f	20	2	circle	none	dif	N_dis	(632, 450)	vert	up	True	471549	472413	up	(800, 450)	testing
6	qq	f	20	2	circle	none	dif	N_dis	(968, 450)	vert	up	True	474054	474813	up	(800, 450)	testing
6	qq	f	20	2	diamond	green	dif	(800, 618)	(968, 450)	hori	left	True	476432	477421	left	(800, 450)	testing
6	qq	f	20	2	diamond	red	dif	(632, 450)	(968, 450)	vert	up	True	479020	480077	up	(800, 450)	testing
6	qq	f	20	2	circle	green	dif	(632, 450)	(800, 618)	vert	up	True	481739	482669	up	(800, 450)	testing
6	qq	f	20	2	diamond	green	same	(968, 450)	(632, 450)	hori	left	True	484293	485181	left	(800, 450)	testing
6	qq	f	20	2	diamond	none	dif	N_dis	(800, 618)	hori	left	True	486592	487309	left	(800, 450)	testing
6	qq	f	20	2	diamond	green	same	(632, 450)	(800, 618)	hori	left	True	488783	490861	left	(800, 450)	testing
6	qq	f	20	2	diamond	red	dif	(800, 618)	(800, 282)	vert	up	True	492366	493085	up	(800, 450)	testing
6	qq	f	20	2	circle	none	dif	N_dis	(632, 450)	hori	left	True	494601	495117	up	(800, 450)	testing
6	qq	f	20	2	circle	green	same	(632, 450)	(800, 282)	hori	left	True	498291	499661	left	(800, 450)	testing
6	qq	f	20	2	diamond	none	dif	N_dis	(968, 450)	vert	up	True	501221	502125	up	(800, 450)	testing
6	qq	f	20	2	circle	red	dif	(632, 450)	(800, 618)	hori	left	True	503666	505197	left	(800, 450)	testing
6	qq	f	20	2	diamond	none	dif	N_dis	(632, 450)	vert	up	True	506776	507725	up	(800, 450)	testing
6	qq	f	20	2	diamond	red	same	(968, 450)	(800, 618)	vert	up	True	509297	510333	up	(800, 450)	testing
6	qq	f	20	2	diamond	green	dif	(968, 450)	(800, 282)	hori	left	True	511959	512813	left	(800, 450)	testing
6	qq	f	20	2	circle	none	dif	N_dis	(800, 282)	vert	up	True	514228	515117	up	(800, 450)	testing
6	qq	f	20	2	diamond	red	same	(632, 450)	(968, 450)	hori	left	True	516601	517341	left	(800, 450)	testing
6	qq	f	20	2	circle	red	same	(968, 450)	(800, 618)	vert	up	True	518896	520012	up	(800, 450)	testing
6	qq	f	20	2	circle	none	dif	N_dis	(800, 618)	vert	up	True	521484	522525	left	(800, 450)	testing
6	qq	f	20	2	circle	red	same	(800, 618)	(800, 282)	hori	left	True	525512	526205	left	(800, 450)	testing
6	qq	f	20	2	circle	none	same	N_dis	(800, 282)	vert	up	True	527776	528765	up	(800, 450)	testing
6	qq	f	20	2	diamond	green	dif	(968, 450)	(800, 282)	vert	up	True	530404	531165	up	(800, 450)	testing
6	qq	f	20	2	diamond	green	same	(632, 450)	(800, 282)	hori	left	True	532672	533373	left	(800, 450)	testing
6	qq	f	20	2	circle	red	dif	(968, 450)	(800, 282)	vert	up	True	534763	535405	up	(800, 450)	testing
6	qq	f	20	2	diamond	none	dif	N_dis	(632, 450)	hori	left	True	536991	538253	left	(800, 450)	testing
6	qq	f	20	2	diamond	red	same	(968, 450)	(632, 450)	hori	left	True	539848	540877	left	(800, 450)	testing
6	qq	f	20	2	diamond	none	same	N_dis	(800, 618)	vert	up	True	542426	543469	up	(800, 450)	testing
6	qq	f	20	2	diamond	none	same	N_dis	(800, 618)	hori	left	True	544944	546109	left	(800, 450)	testing
6	qq	f	20	2	circle	red	same	(632, 450)	(968, 450)	hori	left	True	547581	548205	left	(800, 450)	testing
6	qq	f	20	2	diamond	none	same	N_dis	(968, 450)	vert	up	True	549739	550285	up	(800, 450)	testing
6	qq	f	20	2	circle	red	same	(632, 450)	(800, 618)	vert	up	True	551954	553085	up	(800, 450)	testing
6	qq	f	20	2	diamond	green	dif	(800, 618)	(968, 450)	hori	left	True	554502	555373	left	(800, 450)	testing
6	qq	f	20	2	diamond	green	same	(968, 450)	(800, 618)	vert	up	True	557041	558141	up	(800, 450)	testing
6	qq	f	20	2	circle	red	same	(800, 618)	(800, 282)	hori	left	True	559612	560237	left	(800, 450)	testing
6	qq	f	20	2	diamond	none	dif	N_dis	(800, 618)	vert	up	True	561726	562749	up	(800, 450)	testing
6	qq	f	20	2	diamond	green	same	(800, 282)	(968, 450)	hori	left	True	564397	565581	left	(800, 450)	testing
6	qq	f	20	2	circle	green	dif	(800, 618)	(800, 282)	vert	up	True	567009	567869	up	(800, 450)	testing
6	qq	f	20	2	diamond	none	dif	N_dis	(800, 618)	hori	left	True	569331	571693	left	(800, 450)	testing
6	qq	f	20	2	circle	green	dif	(800, 618)	(632, 450)	hori	left	True	573122	573869	left	(800, 450)	testing
6	qq	f	20	2	circle	red	dif	(800, 618)	(800, 282)	hori	left	True	575283	576028	left	(800, 450)	testing
6	qq	f	20	2	circle	green	dif	(968, 450)	(632, 450)	vert	up	True	577650	579245	up	(800, 450)	testing
6	qq	f	20	2	diamond	green	same	(800, 282)	(968, 450)	vert	up	True	580910	581805	up	(800, 450)	testing
6	qq	f	20	2	circle	green	dif	(968, 450)	(800, 618)	hori	left	True	583182	584285	left	(800, 450)	testing
6	qq	f	20	2	circle	green	same	(632, 450)	(800, 618)	hori	left	True	585723	587101	left	(800, 450)	testing
6	qq	f	20	2	circle	red	dif	(800, 618)	(968, 450)	hori	left	True	588733	589517	left	(800, 450)	testing
6	qq	f	20	2	circle	green	same	(800, 618)	(632, 450)	vert	up	True	591106	591805	up	(800, 450)	testing
6	qq	f	20	2	diamond	red	same	(800, 618)	(800, 282)	vert	up	True	593279	593949	up	(800, 450)	testing
6	qq	f	20	2	circle	red	same	(632, 450)	(800, 282)	vert	up	True	595599	596813	up	(800, 450)	testing
6	qq	f	20	2	diamond	none	dif	N_dis	(800, 618)	hori	left	True	598411	599837	left	(800, 450)	testing
6	qq	f	20	2	diamond	red	dif	(632, 450)	(800, 282)	hori	left	True	601250	602733	left	(800, 450)	testing
6	qq	f	20	2	diamond	none	same	N_dis	(632, 450)	vert	up	True	604176	604845	up	(800, 450)	testing
6	qq	f	20	2	circle	none	same	N_dis	(968, 450)	hori	left	True	606379	608044	left	(800, 450)	testing
6	qq	f	20	2	circle	none	same	N_dis	(800, 282)	hori	left	True	609604	610365	left	(800, 450)	testing
6	qq	f	20	2	diamond	none	dif	N_dis	(968, 450)	hori	left	True	611925	612717	left	(800, 450)	testing
6	qq	f	20	2	diamond	red	same	(800, 618)	(968, 450)	vert	up	True	614304	615213	up	(800, 450)	testing
6	qq	f	20	2	diamond	none	dif	N_dis	(632, 450)	vert	up	True	616676	617357	up	(800, 450)	testing
6	qq	f	20	2	diamond	green	same	(632, 450)	(968, 450)	vert	up	True	618754	620189	up	(800, 450)	testing
6	qq	f	20	2	diamond	red	same	(968, 450)	(800, 282)	hori	left	True	621703	622301	left	(800, 450)	testing
6	qq	f	20	2	diamond	green	dif	(800, 282)	(800, 618)	hori	left	True	623687	624653	left	(800, 450)	testing
6	qq	f	20	2	diamond	red	same	(800, 282)	(632, 450)	hori	left	True	626296	627197	left	(800, 450)	testing
6	qq	f	20	2	circle	green	same	(632, 450)	(800, 618)	vert	up	True	628675	629437	up	(800, 450)	testing
6	qq	f	20	2	circle	none	dif	N_dis	(800, 282)	hori	left	True	630980	631629	left	(800, 450)	testing
6	qq	f	20	2	diamond	none	same	N_dis	(800, 618)	hori	left	True	633145	633965	left	(800, 450)	testing
6	qq	f	20	2	diamond	red	same	(800, 282)	(800, 618)	vert	up	True	635625	636429	up	(800, 450)	testing
6	qq	f	20	2	circle	none	dif	N_dis	(632, 450)	hori	left	True	637943	638605	left	(800, 450)	testing
6	qq	f	20	2	circle	none	dif	N_dis	(968, 450)	hori	left	True	640193	640829	left	(800, 450)	testing
6	qq	f	20	2	diamond	red	same	(800, 618)	(800, 282)	hori	left	True	642230	643004	left	(800, 450)	testing
6	qq	f	20	2	circle	green	same	(968, 450)	(800, 618)	vert	up	True	644583	645901	up	(800, 450)	testing
6	qq	f	20	2	diamond	none	dif	N_dis	(632, 450)	hori	left	True	647316	648157	left	(800, 450)	testing
6	qq	f	20	2	circle	red	dif	(800, 618)	(632, 450)	vert	up	True	649767	650493	up	(800, 450)	testing
6	qq	f	20	2	circle	green	dif	(632, 450)	(800, 282)	vert	up	True	652143	652893	left	(800, 450)	testing
6	qq	f	20	2	circle	green	same	(800, 618)	(968, 450)	hori	left	True	656047	657165	left	(800, 450)	testing
6	qq	f	20	2	diamond	none	dif	N_dis	(968, 450)	vert	up	True	658650	659581	up	(800, 450)	testing
6	qq	f	20	2	diamond	none	dif	N_dis	(632, 450)	vert	up	True	661212	662221	up	(800, 450)	testing
6	qq	f	20	2	circle	green	dif	(800, 618)	(968, 450)	vert	up	True	663647	665085	up	(800, 450)	testing
6	qq	f	20	2	diamond	green	same	(968, 450)	(800, 618)	hori	left	True	666538	667517	up	(800, 450)	testing
6	qq	f	20	2	circle	none	same	N_dis	(800, 618)	hori	left	True	670561	671325	left	(800, 450)	testing
6	qq	f	20	2	circle	green	same	(632, 450)	(968, 450)	vert	up	True	672907	673613	up	(800, 450)	testing
6	qq	f	20	2	diamond	none	same	N_dis	(800, 282)	vert	up	True	675086	675757	up	(800, 450)	testing
6	qq	f	20	2	diamond	none	same	N_dis	(968, 450)	hori	left	True	677232	677917	left	(800, 450)	testing
6	qq	f	20	2	diamond	red	dif	(632, 450)	(968, 450)	vert	up	True	679473	680205	up	(800, 450)	testing
6	qq	f	20	2	circle	none	dif	N_dis	(800, 618)	hori	left	True	681807	682717	left	(800, 450)	testing
6	qq	f	20	2	circle	none	same	N_dis	(968, 450)	vert	up	True	684168	684797	up	(800, 450)	testing
6	qq	f	20	2	circle	green	same	(632, 450)	(800, 282)	hori	left	True	686463	687901	left	(800, 450)	testing
6	qq	f	20	2	diamond	green	dif	(968, 450)	(800, 282)	hori	left	True	689364	690028	left	(800, 450)	testing
6	qq	f	20	2	circle	none	dif	N_dis	(632, 450)	hori	left	True	691658	692701	left	(800, 450)	testing
6	qq	f	20	2	circle	none	same	N_dis	(968, 450)	hori	left	True	694285	694893	left	(800, 450)	testing
6	qq	f	20	2	circle	red	dif	(632, 450)	(800, 282)	hori	left	True	696323	696989	left	(800, 450)	testing
6	qq	f	20	2	diamond	none	dif	N_dis	(968, 450)	vert	up	True	698572	699293	up	(800, 450)	testing
6	qq	f	20	2	circle	red	dif	(968, 450)	(800, 618)	vert	up	True	700879	701997	up	(800, 450)	testing
6	qq	f	20	2	circle	none	dif	N_dis	(632, 450)	hori	left	True	703647	704157	left	(800, 450)	testing
6	qq	f	20	2	diamond	none	dif	N_dis	(800, 282)	vert	up	True	705820	706301	up	(800, 450)	testing
6	qq	f	20	2	diamond	none	same	N_dis	(632, 450)	vert	up	True	707766	708717	up	(800, 450)	testing
6	qq	f	20	2	circle	green	dif	(968, 450)	(632, 450)	hori	left	True	710256	710861	left	(800, 450)	testing
6	qq	f	20	2	circle	red	dif	(632, 450)	(968, 450)	hori	left	True	712440	713421	up	(800, 450)	testing
6	qq	f	20	2	circle	green	dif	(968, 450)	(800, 282)	vert	up	True	716336	717133	up	(800, 450)	testing
6	qq	f	20	2	diamond	none	same	N_dis	(632, 450)	hori	left	True	718683	721373	left	(800, 450)	testing
6	qq	f	20	2	circle	none	same	N_dis	(968, 450)	hori	left	True	722935	724733	left	(800, 450)	testing
6	qq	f	20	2	circle	none	dif	N_dis	(632, 450)	hori	left	True	726141	726973	left	(800, 450)	testing
6	qq	f	20	2	diamond	green	dif	(800, 618)	(800, 282)	hori	left	True	728611	729261	left	(800, 450)	testing
6	qq	f	20	2	diamond	green	same	(968, 450)	(800, 282)	hori	left	True	730827	731389	left	(800, 450)	testing
6	qq	f	20	2	circle	red	same	(632, 450)	(968, 450)	vert	up	True	732882	734509	left	(800, 450)	testing
6	qq	f	20	2	diamond	green	dif	(632, 450)	(968, 450)	vert	up	True	737545	738541	up	(800, 450)	testing
6	qq	f	20	2	circle	green	dif	(800, 618)	(632, 450)	hori	left	True	740084	740877	left	(800, 450)	testing
6	qq	f	20	2	circle	red	dif	(800, 618)	(968, 450)	hori	left	True	742373	743661	left	(800, 450)	testing
6	qq	f	20	2	diamond	none	same	N_dis	(800, 282)	hori	left	True	745183	746012	left	(800, 450)	testing
6	qq	f	20	2	diamond	none	dif	N_dis	(800, 618)	vert	up	True	747449	748317	up	(800, 450)	testing
6	qq	f	20	2	circle	green	same	(800, 618)	(968, 450)	hori	left	True	749736	751614	left	(800, 450)	testing
6	qq	f	20	2	circle	none	same	N_dis	(968, 450)	vert	up	True	753064	753741	up	(800, 450)	testing
6	qq	f	20	2	circle	green	same	(632, 450)	(800, 618)	vert	up	True	755249	756621	up	(800, 450)	testing
6	qq	f	20	2	circle	red	dif	(800, 618)	(968, 450)	vert	up	True	758023	759613	up	(800, 450)	testing
6	qq	f	20	2	circle	none	same	N_dis	(632, 450)	hori	left	True	761166	761869	left	(800, 450)	testing
6	qq	f	20	2	diamond	none	same	N_dis	(800, 618)	vert	up	True	763274	764109	up	(800, 450)	testing
6	qq	f	20	2	circle	none	dif	N_dis	(800, 282)	vert	up	True	765584	766589	up	(800, 450)	testing
6	qq	f	20	2	diamond	red	dif	(632, 450)	(800, 282)	vert	up	True	767996	768685	up	(800, 450)	testing
6	qq	f	20	2	circle	red	dif	(968, 450)	(800, 618)	hori	left	True	770188	771229	up	(800, 450)	testing
