subj	name	gender	age	runNum	shape	dist	td_dif	d_loc	t_loc	resp	resp_key	gotKey	startTime	respTime	resp	fix_loc	prac
7	yb	f	19	3	circle	green	dif	(968, 450)	(800, 282)	vert	up	True	117666	119020	up	(800, 450)	testing
7	yb	f	19	3	circle	green	dif	(800, 282)	(632, 450)	hori	left	True	120451	121548	left	(800, 450)	testing
7	yb	f	19	3	circle	none	dif	N_dis	(632, 450)	hori	left	True	122986	124012	left	(800, 450)	testing
7	yb	f	19	3	circle	green	same	(968, 450)	(632, 450)	vert	up	True	125400	126268	up	(800, 450)	testing
7	yb	f	19	3	diamond	none	dif	N_dis	(968, 450)	hori	left	True	127852	128828	left	(800, 450)	testing
7	yb	f	19	3	diamond	red	same	(968, 450)	(632, 450)	vert	up	True	130216	131212	up	(800, 450)	testing
7	yb	f	19	3	circle	none	dif	N_dis	(968, 450)	hori	left	True	132721	133836	left	(800, 450)	testing
7	yb	f	19	3	diamond	green	dif	(968, 450)	(800, 282)	hori	left	True	135487	136380	left	(800, 450)	testing
7	yb	f	19	3	diamond	red	same	(800, 618)	(632, 450)	hori	left	True	138009	138956	left	(800, 450)	testing
7	yb	f	19	3	diamond	red	dif	(800, 282)	(968, 450)	hori	left	True	140507	141388	left	(800, 450)	testing
7	yb	f	19	3	diamond	green	dif	(800, 618)	(968, 450)	hori	left	True	142802	143628	left	(800, 450)	testing
7	yb	f	19	3	circle	red	dif	(800, 618)	(800, 282)	hori	left	True	145058	146060	left	(800, 450)	testing
7	yb	f	19	3	diamond	none	dif	N_dis	(968, 450)	hori	left	True	147492	148316	left	(800, 450)	testing
7	yb	f	19	3	circle	red	dif	(800, 618)	(968, 450)	hori	left	True	149700	150748	left	(800, 450)	testing
7	yb	f	19	3	circle	red	same	(632, 450)	(968, 450)	vert	up	True	152159	152860	up	(800, 450)	testing
7	yb	f	19	3	diamond	none	same	N_dis	(968, 450)	vert	up	True	154462	155148	up	(800, 450)	testing
7	yb	f	19	3	diamond	red	same	(800, 618)	(968, 450)	vert	up	True	156627	157276	up	(800, 450)	testing
7	yb	f	19	3	diamond	green	same	(632, 450)	(800, 282)	hori	left	True	158907	159708	left	(800, 450)	testing
7	yb	f	19	3	circle	red	same	(800, 282)	(968, 450)	hori	left	True	161151	161948	left	(800, 450)	testing
7	yb	f	19	3	circle	green	dif	(800, 618)	(632, 450)	vert	up	True	163335	164476	up	(800, 450)	testing
7	yb	f	19	3	circle	none	same	N_dis	(800, 618)	vert	up	True	165873	166780	up	(800, 450)	testing
7	yb	f	19	3	diamond	none	same	N_dis	(800, 282)	vert	up	True	168289	169324	up	(800, 450)	testing
7	yb	f	19	3	circle	red	dif	(632, 450)	(968, 450)	vert	up	True	170840	172012	up	(800, 450)	testing
7	yb	f	19	3	circle	none	dif	N_dis	(632, 450)	vert	up	True	173642	174428	up	(800, 450)	testing
7	yb	f	19	3	diamond	none	same	N_dis	(800, 618)	vert	up	True	175908	176972	up	(800, 450)	testing
7	yb	f	19	3	diamond	red	dif	(632, 450)	(968, 450)	hori	left	True	178514	179356	left	(800, 450)	testing
7	yb	f	19	3	circle	none	same	N_dis	(968, 450)	vert	up	True	180846	181548	up	(800, 450)	testing
7	yb	f	19	3	diamond	none	same	N_dis	(800, 618)	vert	up	True	182957	184012	up	(800, 450)	testing
7	yb	f	19	3	circle	green	same	(632, 450)	(800, 618)	hori	left	True	185574	186748	left	(800, 450)	testing
7	yb	f	19	3	diamond	green	same	(632, 450)	(800, 282)	hori	left	True	188131	189004	left	(800, 450)	testing
7	yb	f	19	3	circle	red	same	(968, 450)	(800, 282)	hori	left	True	190545	191548	left	(800, 450)	testing
7	yb	f	19	3	diamond	green	dif	(800, 282)	(968, 450)	vert	up	True	193004	193916	up	(800, 450)	testing
7	yb	f	19	3	diamond	none	same	N_dis	(632, 450)	hori	left	True	195450	196284	left	(800, 450)	testing
7	yb	f	19	3	circle	green	same	(800, 282)	(632, 450)	hori	left	True	197719	198876	left	(800, 450)	testing
7	yb	f	19	3	diamond	green	dif	(968, 450)	(800, 618)	vert	up	True	200519	201548	up	(800, 450)	testing
7	yb	f	19	3	circle	none	dif	N_dis	(632, 450)	vert	up	True	202991	204204	up	(800, 450)	testing
7	yb	f	19	3	diamond	red	same	(800, 618)	(968, 450)	hori	left	True	205722	207132	left	(800, 450)	testing
7	yb	f	19	3	circle	red	same	(968, 450)	(800, 618)	vert	up	True	208748	210076	up	(800, 450)	testing
7	yb	f	19	3	diamond	red	same	(632, 450)	(800, 618)	vert	up	True	211434	212476	up	(800, 450)	testing
7	yb	f	19	3	diamond	red	dif	(968, 450)	(632, 450)	vert	up	True	214102	215100	up	(800, 450)	testing
7	yb	f	19	3	diamond	none	dif	N_dis	(800, 282)	hori	left	True	216498	217404	left	(800, 450)	testing
7	yb	f	19	3	circle	none	same	N_dis	(800, 618)	vert	up	True	219034	219900	up	(800, 450)	testing
7	yb	f	19	3	circle	red	dif	(800, 618)	(800, 282)	vert	up	True	221373	222188	up	(800, 450)	testing
7	yb	f	19	3	diamond	green	same	(800, 282)	(800, 618)	vert	up	True	223651	224524	up	(800, 450)	testing
7	yb	f	19	3	circle	none	dif	N_dis	(800, 282)	hori	left	True	226070	226988	left	(800, 450)	testing
7	yb	f	19	3	circle	red	dif	(800, 282)	(800, 618)	vert	up	True	228346	229180	up	(800, 450)	testing
7	yb	f	19	3	circle	none	same	N_dis	(800, 282)	vert	up	True	230622	231292	up	(800, 450)	testing
7	yb	f	19	3	circle	red	same	(632, 450)	(800, 282)	vert	up	True	232777	233676	up	(800, 450)	testing
7	yb	f	19	3	circle	green	same	(800, 282)	(632, 450)	vert	up	True	235301	236508	up	(800, 450)	testing
7	yb	f	19	3	diamond	red	dif	(968, 450)	(800, 618)	hori	left	True	238040	239052	left	(800, 450)	testing
7	yb	f	19	3	circle	green	dif	(800, 282)	(800, 618)	vert	up	True	240532	241452	up	(800, 450)	testing
7	yb	f	19	3	circle	none	same	N_dis	(632, 450)	hori	left	True	243039	243900	left	(800, 450)	testing
7	yb	f	19	3	diamond	green	dif	(800, 282)	(968, 450)	hori	left	True	245517	246684	left	(800, 450)	testing
7	yb	f	19	3	diamond	red	dif	(632, 450)	(800, 618)	hori	left	True	248077	248956	left	(800, 450)	testing
7	yb	f	19	3	diamond	green	same	(800, 618)	(800, 282)	vert	up	True	250508	251228	up	(800, 450)	testing
7	yb	f	19	3	circle	green	dif	(632, 450)	(968, 450)	vert	up	True	252672	253516	up	(800, 450)	testing
7	yb	f	19	3	circle	green	same	(800, 618)	(632, 450)	hori	left	True	255049	255980	left	(800, 450)	testing
7	yb	f	19	3	diamond	none	dif	N_dis	(800, 282)	hori	left	True	257484	258268	left	(800, 450)	testing
7	yb	f	19	3	diamond	none	dif	N_dis	(800, 618)	hori	left	True	259802	260652	left	(800, 450)	testing
7	yb	f	19	3	diamond	green	same	(968, 450)	(800, 282)	vert	up	True	262274	263052	up	(800, 450)	testing
7	yb	f	19	3	circle	green	dif	(968, 450)	(800, 282)	vert	up	True	264429	265964	up	(800, 450)	testing
7	yb	f	19	3	circle	green	dif	(800, 282)	(632, 450)	hori	left	True	267358	268188	left	(800, 450)	testing
7	yb	f	19	3	circle	none	dif	N_dis	(632, 450)	hori	left	True	269797	270556	left	(800, 450)	testing
7	yb	f	19	3	circle	green	same	(968, 450)	(632, 450)	vert	up	True	271916	273052	up	(800, 450)	testing
7	yb	f	19	3	diamond	none	dif	N_dis	(968, 450)	vert	up	True	274467	275228	up	(800, 450)	testing
7	yb	f	19	3	diamond	red	same	(968, 450)	(632, 450)	vert	up	True	276803	277708	up	(800, 450)	testing
7	yb	f	19	3	circle	none	dif	N_dis	(968, 450)	hori	left	True	279313	280140	left	(800, 450)	testing
7	yb	f	19	3	diamond	green	dif	(968, 450)	(800, 282)	hori	left	True	281590	282684	left	(800, 450)	testing
7	yb	f	19	3	diamond	red	same	(800, 618)	(632, 450)	vert	up	True	284154	284988	up	(800, 450)	testing
7	yb	f	19	3	diamond	red	dif	(800, 282)	(968, 450)	vert	up	True	286376	287180	up	(800, 450)	testing
7	yb	f	19	3	diamond	green	dif	(800, 618)	(968, 450)	vert	up	True	288717	289740	up	(800, 450)	testing
7	yb	f	19	3	circle	red	dif	(800, 618)	(800, 282)	vert	up	True	291096	293644	up	(800, 450)	testing
7	yb	f	19	3	diamond	none	dif	N_dis	(968, 450)	hori	left	True	295242	296060	left	(800, 450)	testing
7	yb	f	19	3	circle	red	dif	(800, 618)	(968, 450)	vert	up	True	297669	298636	up	(800, 450)	testing
7	yb	f	19	3	circle	red	same	(632, 450)	(968, 450)	vert	up	True	300135	301500	up	(800, 450)	testing
7	yb	f	19	3	diamond	none	same	N_dis	(968, 450)	vert	up	True	302877	303868	up	(800, 450)	testing
7	yb	f	19	3	diamond	red	same	(800, 618)	(968, 450)	vert	up	True	305278	306460	up	(800, 450)	testing
7	yb	f	19	3	diamond	green	same	(632, 450)	(800, 282)	hori	left	True	308084	308972	left	(800, 450)	testing
7	yb	f	19	3	circle	red	same	(800, 282)	(968, 450)	hori	left	True	310612	311772	left	(800, 450)	testing
7	yb	f	19	3	circle	green	dif	(800, 618)	(632, 450)	vert	up	True	313192	314188	up	(800, 450)	testing
7	yb	f	19	3	circle	none	same	N_dis	(800, 618)	vert	up	True	315721	316716	up	(800, 450)	testing
7	yb	f	19	3	diamond	none	same	N_dis	(800, 282)	hori	left	True	318266	319116	left	(800, 450)	testing
7	yb	f	19	3	circle	red	dif	(632, 450)	(968, 450)	hori	left	True	320606	321724	left	(800, 450)	testing
7	yb	f	19	3	circle	none	dif	N_dis	(632, 450)	vert	up	True	323131	324140	up	(800, 450)	testing
7	yb	f	19	3	diamond	none	same	N_dis	(800, 618)	hori	left	True	325705	326812	left	(800, 450)	testing
7	yb	f	19	3	diamond	red	dif	(632, 450)	(968, 450)	vert	up	True	328315	329020	up	(800, 450)	testing
7	yb	f	19	3	circle	none	same	N_dis	(968, 450)	vert	up	True	330391	331244	up	(800, 450)	testing
7	yb	f	19	3	diamond	none	same	N_dis	(800, 618)	hori	left	True	332842	333804	left	(800, 450)	testing
7	yb	f	19	3	circle	green	same	(632, 450)	(800, 618)	vert	up	True	335257	336540	up	(800, 450)	testing
7	yb	f	19	3	diamond	green	same	(632, 450)	(800, 282)	hori	left	True	338105	339036	left	(800, 450)	testing
7	yb	f	19	3	circle	red	same	(968, 450)	(800, 282)	hori	left	True	340614	341644	left	(800, 450)	testing
7	yb	f	19	3	diamond	green	dif	(800, 282)	(968, 450)	vert	up	True	343211	344108	up	(800, 450)	testing
7	yb	f	19	3	diamond	none	same	N_dis	(632, 450)	hori	left	True	345554	346476	left	(800, 450)	testing
7	yb	f	19	3	circle	green	same	(800, 282)	(632, 450)	vert	up	True	348039	349052	up	(800, 450)	testing
7	yb	f	19	3	diamond	green	dif	(968, 450)	(800, 618)	vert	up	True	350436	351996	up	(800, 450)	testing
7	yb	f	19	3	circle	none	dif	N_dis	(632, 450)	vert	up	True	353453	354236	up	(800, 450)	testing
7	yb	f	19	3	diamond	red	same	(800, 618)	(968, 450)	vert	up	True	355874	356620	up	(800, 450)	testing
7	yb	f	19	3	circle	red	same	(968, 450)	(800, 618)	hori	left	True	358266	360492	left	(800, 450)	testing
7	yb	f	19	3	diamond	red	same	(632, 450)	(800, 618)	hori	left	True	362053	363820	left	(800, 450)	testing
7	yb	f	19	3	diamond	red	dif	(968, 450)	(632, 450)	vert	up	True	365346	366076	up	(800, 450)	testing
7	yb	f	19	3	diamond	none	dif	N_dis	(800, 282)	vert	up	True	367523	368300	up	(800, 450)	testing
7	yb	f	19	3	circle	none	same	N_dis	(800, 618)	hori	left	True	369724	371004	left	(800, 450)	testing
7	yb	f	19	3	circle	red	dif	(800, 618)	(800, 282)	vert	up	True	372387	373244	up	(800, 450)	testing
7	yb	f	19	3	diamond	green	same	(800, 282)	(800, 618)	vert	up	True	374750	375532	up	(800, 450)	testing
7	yb	f	19	3	circle	none	dif	N_dis	(800, 282)	hori	left	True	376930	377692	left	(800, 450)	testing
7	yb	f	19	3	circle	red	dif	(800, 282)	(800, 618)	hori	left	True	379289	380460	left	(800, 450)	testing
7	yb	f	19	3	circle	none	same	N_dis	(800, 282)	hori	left	True	381906	382700	left	(800, 450)	testing
7	yb	f	19	3	circle	red	same	(632, 450)	(800, 282)	hori	left	True	384224	385116	left	(800, 450)	testing
7	yb	f	19	3	circle	green	same	(800, 282)	(632, 450)	hori	left	True	386621	387580	left	(800, 450)	testing
7	yb	f	19	3	diamond	red	dif	(968, 450)	(800, 618)	vert	up	True	389106	390060	up	(800, 450)	testing
7	yb	f	19	3	circle	green	dif	(800, 282)	(800, 618)	hori	left	True	391422	392572	left	(800, 450)	testing
7	yb	f	19	3	circle	none	same	N_dis	(632, 450)	hori	left	True	394001	394748	left	(800, 450)	testing
7	yb	f	19	3	diamond	green	dif	(800, 282)	(968, 450)	hori	left	True	396253	397324	left	(800, 450)	testing
7	yb	f	19	3	diamond	red	dif	(632, 450)	(800, 618)	hori	left	True	398760	399676	left	(800, 450)	testing
7	yb	f	19	3	diamond	green	same	(800, 618)	(800, 282)	vert	up	True	401103	402012	up	(800, 450)	testing
7	yb	f	19	3	circle	green	dif	(632, 450)	(968, 450)	hori	left	True	403537	405772	left	(800, 450)	testing
7	yb	f	19	3	circle	green	same	(800, 618)	(632, 450)	hori	left	True	407367	408236	left	(800, 450)	testing
7	yb	f	19	3	diamond	none	dif	N_dis	(800, 282)	vert	up	True	409861	410492	up	(800, 450)	testing
7	yb	f	19	3	diamond	none	dif	N_dis	(800, 618)	vert	up	True	412122	412940	up	(800, 450)	testing
7	yb	f	19	3	diamond	green	same	(968, 450)	(800, 282)	vert	up	True	414337	415356	up	(800, 450)	testing
7	yb	f	19	3	circle	green	dif	(968, 450)	(800, 282)	vert	up	True	416944	418332	up	(800, 450)	testing
7	yb	f	19	3	circle	green	dif	(800, 282)	(632, 450)	vert	up	True	419766	420780	up	(800, 450)	testing
7	yb	f	19	3	circle	none	dif	N_dis	(632, 450)	hori	left	True	422259	423276	left	(800, 450)	testing
7	yb	f	19	3	circle	green	same	(968, 450)	(632, 450)	hori	left	True	424650	425628	left	(800, 450)	testing
7	yb	f	19	3	diamond	none	dif	N_dis	(968, 450)	hori	left	True	427065	428012	left	(800, 450)	testing
7	yb	f	19	3	diamond	red	same	(968, 450)	(632, 450)	hori	left	True	429613	430780	left	(800, 450)	testing
7	yb	f	19	3	circle	none	dif	N_dis	(968, 450)	hori	left	True	432375	433532	left	(800, 450)	testing
7	yb	f	19	3	diamond	green	dif	(968, 450)	(800, 282)	hori	left	True	434999	436428	left	(800, 450)	testing
7	yb	f	19	3	diamond	red	same	(800, 618)	(632, 450)	hori	left	True	437982	439036	left	(800, 450)	testing
7	yb	f	19	3	diamond	red	dif	(800, 282)	(968, 450)	hori	left	True	440543	441516	left	(800, 450)	testing
7	yb	f	19	3	diamond	green	dif	(800, 618)	(968, 450)	hori	left	True	443018	444812	left	(800, 450)	testing
7	yb	f	19	3	circle	red	dif	(800, 618)	(800, 282)	vert	up	True	446296	447116	up	(800, 450)	testing
7	yb	f	19	3	diamond	none	dif	N_dis	(968, 450)	vert	up	True	448546	449388	up	(800, 450)	testing
7	yb	f	19	3	circle	red	dif	(800, 618)	(968, 450)	vert	up	True	451012	452204	up	(800, 450)	testing
7	yb	f	19	3	circle	red	same	(632, 450)	(968, 450)	hori	left	True	453680	454620	left	(800, 450)	testing
7	yb	f	19	3	diamond	none	same	N_dis	(968, 450)	vert	up	True	456262	456956	up	(800, 450)	testing
7	yb	f	19	3	diamond	red	same	(800, 618)	(968, 450)	hori	left	True	458593	459884	left	(800, 450)	testing
7	yb	f	19	3	diamond	green	same	(632, 450)	(800, 282)	vert	up	True	461509	462332	up	(800, 450)	testing
7	yb	f	19	3	circle	red	same	(800, 282)	(968, 450)	vert	up	True	463965	465084	up	(800, 450)	testing
7	yb	f	19	3	circle	green	dif	(800, 618)	(632, 450)	hori	left	True	466601	467532	left	(800, 450)	testing
7	yb	f	19	3	circle	none	same	N_dis	(800, 618)	vert	up	True	468977	469868	up	(800, 450)	testing
7	yb	f	19	3	diamond	none	same	N_dis	(800, 282)	hori	left	True	471414	472252	left	(800, 450)	testing
7	yb	f	19	3	circle	red	dif	(632, 450)	(968, 450)	vert	up	True	473685	474364	up	(800, 450)	testing
7	yb	f	19	3	circle	none	dif	N_dis	(632, 450)	hori	left	True	475971	476844	left	(800, 450)	testing
7	yb	f	19	3	diamond	none	same	N_dis	(800, 618)	hori	left	True	478455	479516	left	(800, 450)	testing
7	yb	f	19	3	diamond	red	dif	(632, 450)	(968, 450)	hori	left	True	480879	481804	left	(800, 450)	testing
7	yb	f	19	3	circle	none	same	N_dis	(968, 450)	hori	left	True	483212	484188	left	(800, 450)	testing
7	yb	f	19	3	diamond	none	same	N_dis	(800, 618)	hori	left	True	485836	486780	left	(800, 450)	testing
7	yb	f	19	3	circle	green	same	(632, 450)	(800, 618)	hori	left	True	488228	489452	left	(800, 450)	testing
7	yb	f	19	3	diamond	green	same	(632, 450)	(800, 282)	vert	up	True	490926	491692	up	(800, 450)	testing
7	yb	f	19	3	circle	red	same	(968, 450)	(800, 282)	vert	up	True	493199	494396	up	(800, 450)	testing
7	yb	f	19	3	diamond	green	dif	(800, 282)	(968, 450)	hori	left	True	495946	496812	left	(800, 450)	testing
7	yb	f	19	3	diamond	none	same	N_dis	(632, 450)	vert	up	True	498453	499196	up	(800, 450)	testing
7	yb	f	19	3	circle	green	same	(800, 282)	(632, 450)	vert	up	True	500583	501596	up	(800, 450)	testing
7	yb	f	19	3	diamond	green	dif	(968, 450)	(800, 618)	hori	left	True	503087	504124	left	(800, 450)	testing
7	yb	f	19	3	circle	none	dif	N_dis	(632, 450)	vert	up	True	505636	506316	up	(800, 450)	testing
7	yb	f	19	3	diamond	red	same	(800, 618)	(968, 450)	hori	left	True	507860	509836	left	(800, 450)	testing
7	yb	f	19	3	circle	red	same	(968, 450)	(800, 618)	vert	up	True	511215	512188	up	(800, 450)	testing
7	yb	f	19	3	diamond	red	same	(632, 450)	(800, 618)	hori	left	True	513744	514860	left	(800, 450)	testing
7	yb	f	19	3	diamond	red	dif	(968, 450)	(632, 450)	vert	up	True	516381	517164	up	(800, 450)	testing
7	yb	f	19	3	diamond	none	dif	N_dis	(800, 282)	vert	up	True	518730	519740	up	(800, 450)	testing
7	yb	f	19	3	circle	none	same	N_dis	(800, 618)	vert	up	True	521268	521884	up	(800, 450)	testing
7	yb	f	19	3	circle	red	dif	(800, 618)	(800, 282)	vert	up	True	523344	524060	up	(800, 450)	testing
7	yb	f	19	3	diamond	green	same	(800, 282)	(800, 618)	vert	up	True	525626	526860	up	(800, 450)	testing
7	yb	f	19	3	circle	none	dif	N_dis	(800, 282)	hori	left	True	528256	529292	left	(800, 450)	testing
7	yb	f	19	3	circle	red	dif	(800, 282)	(800, 618)	hori	left	True	530921	532124	left	(800, 450)	testing
7	yb	f	19	3	circle	none	same	N_dis	(800, 282)	vert	up	True	533540	534396	up	(800, 450)	testing
7	yb	f	19	3	circle	red	same	(632, 450)	(800, 282)	hori	left	True	535863	536796	left	(800, 450)	testing
7	yb	f	19	3	circle	green	same	(800, 282)	(632, 450)	vert	up	True	538402	539404	up	(800, 450)	testing
7	yb	f	19	3	diamond	red	dif	(968, 450)	(800, 618)	vert	up	True	540866	541948	up	(800, 450)	testing
7	yb	f	19	3	circle	green	dif	(800, 282)	(800, 618)	vert	up	True	543523	544508	up	(800, 450)	testing
7	yb	f	19	3	circle	none	same	N_dis	(632, 450)	hori	left	True	545935	546860	left	(800, 450)	testing
7	yb	f	19	3	diamond	green	dif	(800, 282)	(968, 450)	vert	up	True	548472	549564	up	(800, 450)	testing
7	yb	f	19	3	diamond	red	dif	(632, 450)	(800, 618)	hori	left	True	551156	552124	left	(800, 450)	testing
7	yb	f	19	3	diamond	green	same	(800, 618)	(800, 282)	vert	up	True	553477	554332	up	(800, 450)	testing
7	yb	f	19	3	circle	green	dif	(632, 450)	(968, 450)	hori	left	True	555770	556828	left	(800, 450)	testing
7	yb	f	19	3	circle	green	same	(800, 618)	(632, 450)	vert	up	True	558180	558988	up	(800, 450)	testing
7	yb	f	19	3	diamond	none	dif	N_dis	(800, 282)	vert	up	True	560411	561292	up	(800, 450)	testing
7	yb	f	19	3	diamond	none	dif	N_dis	(800, 618)	vert	up	True	562793	563708	up	(800, 450)	testing
7	yb	f	19	3	diamond	green	same	(968, 450)	(800, 282)	vert	up	True	565068	565900	up	(800, 450)	testing
7	yb	f	19	3	circle	green	dif	(968, 450)	(800, 282)	vert	up	True	567288	568828	up	(800, 450)	testing
7	yb	f	19	3	circle	green	dif	(800, 282)	(632, 450)	vert	up	True	570452	571500	up	(800, 450)	testing
7	yb	f	19	3	circle	none	dif	N_dis	(632, 450)	vert	up	True	572949	573740	up	(800, 450)	testing
7	yb	f	19	3	circle	green	same	(968, 450)	(632, 450)	hori	left	True	575114	577084	left	(800, 450)	testing
7	yb	f	19	3	diamond	none	dif	N_dis	(968, 450)	vert	up	True	578574	579484	up	(800, 450)	testing
7	yb	f	19	3	diamond	red	same	(968, 450)	(632, 450)	hori	left	True	581059	582172	left	(800, 450)	testing
7	yb	f	19	3	circle	none	dif	N_dis	(968, 450)	hori	left	True	583637	584812	left	(800, 450)	testing
7	yb	f	19	3	diamond	green	dif	(968, 450)	(800, 282)	hori	left	True	586265	587532	left	(800, 450)	testing
7	yb	f	19	3	diamond	red	same	(800, 618)	(632, 450)	hori	left	True	589094	590236	left	(800, 450)	testing
7	yb	f	19	3	diamond	red	dif	(800, 282)	(968, 450)	hori	left	True	591770	592700	left	(800, 450)	testing
7	yb	f	19	3	diamond	green	dif	(800, 618)	(968, 450)	hori	left	True	594259	595164	left	(800, 450)	testing
7	yb	f	19	3	circle	red	dif	(800, 618)	(800, 282)	vert	up	True	596678	597772	up	(800, 450)	testing
7	yb	f	19	3	diamond	none	dif	N_dis	(968, 450)	hori	left	True	599319	600172	left	(800, 450)	testing
7	yb	f	19	3	circle	red	dif	(800, 618)	(968, 450)	vert	up	True	601656	602604	up	(800, 450)	testing
7	yb	f	19	3	circle	red	same	(632, 450)	(968, 450)	vert	up	True	603963	604748	up	(800, 450)	testing
7	yb	f	19	3	diamond	none	same	N_dis	(968, 450)	vert	up	True	606173	606956	up	(800, 450)	testing
7	yb	f	19	3	diamond	red	same	(800, 618)	(968, 450)	hori	left	True	608445	609372	left	(800, 450)	testing
7	yb	f	19	3	diamond	green	same	(632, 450)	(800, 282)	vert	up	True	610822	612028	up	(800, 450)	testing
7	yb	f	19	3	circle	red	same	(800, 282)	(968, 450)	vert	up	True	613664	614652	up	(800, 450)	testing
7	yb	f	19	3	circle	green	dif	(800, 618)	(632, 450)	vert	up	True	616144	616876	up	(800, 450)	testing
7	yb	f	19	3	circle	none	same	N_dis	(800, 618)	vert	up	True	618377	619500	up	(800, 450)	testing
7	yb	f	19	3	diamond	none	same	N_dis	(800, 282)	hori	left	True	621073	621964	left	(800, 450)	testing
7	yb	f	19	3	circle	red	dif	(632, 450)	(968, 450)	vert	up	True	623530	624236	up	(800, 450)	testing
7	yb	f	19	3	circle	none	dif	N_dis	(632, 450)	hori	left	True	625720	626636	left	(800, 450)	testing
7	yb	f	19	3	diamond	none	same	N_dis	(800, 618)	vert	up	True	628255	629084	up	(800, 450)	testing
7	yb	f	19	3	diamond	red	dif	(632, 450)	(968, 450)	vert	up	True	630515	631228	up	(800, 450)	testing
7	yb	f	19	3	circle	none	same	N_dis	(968, 450)	hori	left	True	632823	633852	left	(800, 450)	testing
7	yb	f	19	3	diamond	none	same	N_dis	(800, 618)	hori	left	True	635458	636332	left	(800, 450)	testing
7	yb	f	19	3	circle	green	same	(632, 450)	(800, 618)	vert	up	True	637952	638988	up	(800, 450)	testing
7	yb	f	19	3	diamond	green	same	(632, 450)	(800, 282)	hori	left	True	640348	641628	left	(800, 450)	testing
7	yb	f	19	3	circle	red	same	(968, 450)	(800, 282)	hori	left	True	643226	644492	left	(800, 450)	testing
7	yb	f	19	3	diamond	green	dif	(800, 282)	(968, 450)	vert	up	True	645890	646556	up	(800, 450)	testing
7	yb	f	19	3	diamond	none	same	N_dis	(632, 450)	hori	left	True	647984	648956	left	(800, 450)	testing
7	yb	f	19	3	circle	green	same	(800, 282)	(632, 450)	vert	up	True	650594	652220	up	(800, 450)	testing
7	yb	f	19	3	diamond	green	dif	(968, 450)	(800, 618)	vert	up	True	653829	655052	up	(800, 450)	testing
7	yb	f	19	3	circle	none	dif	N_dis	(632, 450)	vert	up	True	656408	657740	up	(800, 450)	testing
7	yb	f	19	3	diamond	red	same	(800, 618)	(968, 450)	hori	left	True	659142	660844	left	(800, 450)	testing
7	yb	f	19	3	circle	red	same	(968, 450)	(800, 618)	vert	up	True	662364	663260	up	(800, 450)	testing
7	yb	f	19	3	diamond	red	same	(632, 450)	(800, 618)	vert	up	True	664792	665628	up	(800, 450)	testing
7	yb	f	19	3	diamond	red	dif	(968, 450)	(632, 450)	vert	up	True	667169	667916	up	(800, 450)	testing
7	yb	f	19	3	diamond	none	dif	N_dis	(800, 282)	hori	left	True	669394	670252	left	(800, 450)	testing
7	yb	f	19	3	circle	none	same	N_dis	(800, 618)	vert	up	True	671735	672732	up	(800, 450)	testing
7	yb	f	19	3	circle	red	dif	(800, 618)	(800, 282)	vert	up	True	674251	675052	up	(800, 450)	testing
7	yb	f	19	3	diamond	green	same	(800, 282)	(800, 618)	hori	left	True	676504	677548	left	(800, 450)	testing
7	yb	f	19	3	circle	none	dif	N_dis	(800, 282)	vert	up	True	679066	679740	up	(800, 450)	testing
7	yb	f	19	3	circle	red	dif	(800, 282)	(800, 618)	hori	left	True	681219	682284	left	(800, 450)	testing
7	yb	f	19	3	circle	none	same	N_dis	(800, 282)	vert	up	True	683821	684540	up	(800, 450)	testing
7	yb	f	19	3	circle	red	same	(632, 450)	(800, 282)	vert	up	True	686178	687276	up	(800, 450)	testing
7	yb	f	19	3	circle	green	same	(800, 282)	(632, 450)	vert	up	True	688854	689884	up	(800, 450)	testing
7	yb	f	19	3	diamond	red	dif	(968, 450)	(800, 618)	vert	up	True	691334	692316	up	(800, 450)	testing
7	yb	f	19	3	circle	green	dif	(800, 282)	(800, 618)	vert	up	True	693680	694892	up	(800, 450)	testing
7	yb	f	19	3	circle	none	same	N_dis	(632, 450)	vert	up	True	696525	697356	up	(800, 450)	testing
7	yb	f	19	3	diamond	green	dif	(800, 282)	(968, 450)	vert	up	True	698878	700028	up	(800, 450)	testing
7	yb	f	19	3	diamond	red	dif	(632, 450)	(800, 618)	vert	up	True	701538	702636	up	(800, 450)	testing
7	yb	f	19	3	diamond	green	same	(800, 618)	(800, 282)	vert	up	True	704210	705228	up	(800, 450)	testing
7	yb	f	19	3	circle	green	dif	(632, 450)	(968, 450)	hori	left	True	706665	707660	left	(800, 450)	testing
7	yb	f	19	3	circle	green	same	(800, 618)	(632, 450)	hori	left	True	709091	710108	left	(800, 450)	testing
7	yb	f	19	3	diamond	none	dif	N_dis	(800, 282)	vert	up	True	711683	712908	up	(800, 450)	testing
7	yb	f	19	3	diamond	none	dif	N_dis	(800, 618)	vert	up	True	714402	715164	up	(800, 450)	testing
7	yb	f	19	3	diamond	green	same	(968, 450)	(800, 282)	vert	up	True	716633	717452	up	(800, 450)	testing
7	yb	f	19	3	circle	green	dif	(968, 450)	(800, 282)	vert	up	True	718927	719900	up	(800, 450)	testing
7	yb	f	19	3	circle	green	dif	(800, 282)	(632, 450)	hori	left	True	721536	722732	left	(800, 450)	testing
7	yb	f	19	3	circle	none	dif	N_dis	(632, 450)	vert	up	True	724096	724812	up	(800, 450)	testing
7	yb	f	19	3	circle	green	same	(968, 450)	(632, 450)	hori	left	True	726332	727388	left	(800, 450)	testing
7	yb	f	19	3	diamond	none	dif	N_dis	(968, 450)	hori	left	True	728818	729772	left	(800, 450)	testing
7	yb	f	19	3	diamond	red	same	(968, 450)	(632, 450)	vert	up	True	731162	732252	up	(800, 450)	testing
7	yb	f	19	3	circle	none	dif	N_dis	(968, 450)	vert	up	True	733608	734956	up	(800, 450)	testing
7	yb	f	19	3	diamond	green	dif	(968, 450)	(800, 282)	hori	left	True	736483	737500	left	(800, 450)	testing
7	yb	f	19	3	diamond	red	same	(800, 618)	(632, 450)	hori	left	True	738906	739708	left	(800, 450)	testing
7	yb	f	19	3	diamond	red	dif	(800, 282)	(968, 450)	vert	up	True	741117	741900	up	(800, 450)	testing
7	yb	f	19	3	diamond	green	dif	(800, 618)	(968, 450)	vert	up	True	743401	744460	up	(800, 450)	testing
7	yb	f	19	3	circle	red	dif	(800, 618)	(800, 282)	vert	up	True	745945	746764	up	(800, 450)	testing
7	yb	f	19	3	diamond	none	dif	N_dis	(968, 450)	vert	up	True	748212	748956	up	(800, 450)	testing
7	yb	f	19	3	circle	red	dif	(800, 618)	(968, 450)	vert	up	True	750538	751788	up	(800, 450)	testing
7	yb	f	19	3	circle	red	same	(632, 450)	(968, 450)	vert	up	True	753174	754076	up	(800, 450)	testing
7	yb	f	19	3	diamond	none	same	N_dis	(968, 450)	vert	up	True	755600	756316	up	(800, 450)	testing
7	yb	f	19	3	diamond	red	same	(800, 618)	(968, 450)	hori	left	True	757784	758716	left	(800, 450)	testing
7	yb	f	19	3	diamond	green	same	(632, 450)	(800, 282)	hori	left	True	760146	761692	left	(800, 450)	testing
7	yb	f	19	3	circle	red	same	(800, 282)	(968, 450)	hori	left	True	763326	765916	left	(800, 450)	testing
7	yb	f	19	3	circle	green	dif	(800, 618)	(632, 450)	hori	left	True	767291	768140	left	(800, 450)	testing
7	yb	f	19	3	circle	none	same	N_dis	(800, 618)	hori	left	True	769561	770652	left	(800, 450)	testing
7	yb	f	19	3	diamond	none	same	N_dis	(800, 282)	hori	left	True	772208	773052	left	(800, 450)	testing
7	yb	f	19	3	circle	red	dif	(632, 450)	(968, 450)	vert	up	True	774508	775340	up	(800, 450)	testing
7	yb	f	19	3	circle	none	dif	N_dis	(632, 450)	vert	up	True	776774	777580	up	(800, 450)	testing
7	yb	f	19	3	diamond	none	same	N_dis	(800, 618)	hori	left	True	779120	780252	left	(800, 450)	testing
7	yb	f	19	3	diamond	red	dif	(632, 450)	(968, 450)	vert	up	True	781627	782412	up	(800, 450)	testing
7	yb	f	19	3	circle	none	same	N_dis	(968, 450)	hori	left	True	783825	784956	left	(800, 450)	testing
7	yb	f	19	3	diamond	none	same	N_dis	(800, 618)	hori	left	True	786376	787548	left	(800, 450)	testing
7	yb	f	19	3	circle	green	same	(632, 450)	(800, 618)	hori	left	True	788966	790300	left	(800, 450)	testing
7	yb	f	19	3	diamond	green	same	(632, 450)	(800, 282)	hori	left	True	791736	792700	left	(800, 450)	testing
7	yb	f	19	3	circle	red	same	(968, 450)	(800, 282)	vert	up	True	794209	795244	up	(800, 450)	testing
7	yb	f	19	3	diamond	green	dif	(800, 282)	(968, 450)	vert	up	True	796718	797692	up	(800, 450)	testing
7	yb	f	19	3	diamond	none	same	N_dis	(632, 450)	hori	left	True	799305	800204	left	(800, 450)	testing
7	yb	f	19	3	circle	green	same	(800, 282)	(632, 450)	vert	up	True	801589	802604	up	(800, 450)	testing
7	yb	f	19	3	diamond	green	dif	(968, 450)	(800, 618)	hori	left	True	804109	805164	left	(800, 450)	testing
7	yb	f	19	3	circle	none	dif	N_dis	(632, 450)	vert	up	True	806583	807452	up	(800, 450)	testing
7	yb	f	19	3	diamond	red	same	(800, 618)	(968, 450)	hori	left	True	809068	809900	left	(800, 450)	testing
7	yb	f	19	3	circle	red	same	(968, 450)	(800, 618)	hori	left	True	811432	812636	left	(800, 450)	testing
7	yb	f	19	3	diamond	red	same	(632, 450)	(800, 618)	hori	left	True	814022	814924	left	(800, 450)	testing
7	yb	f	19	3	diamond	red	dif	(968, 450)	(632, 450)	hori	left	True	816405	817308	left	(800, 450)	testing
7	yb	f	19	3	diamond	none	dif	N_dis	(800, 282)	vert	up	True	818667	819468	up	(800, 450)	testing
7	yb	f	19	3	circle	none	same	N_dis	(800, 618)	vert	up	True	820922	821788	up	(800, 450)	testing
7	yb	f	19	3	circle	red	dif	(800, 618)	(800, 282)	hori	left	True	823174	823996	left	(800, 450)	testing
7	yb	f	19	3	diamond	green	same	(800, 282)	(800, 618)	hori	left	True	825535	826476	left	(800, 450)	testing
7	yb	f	19	3	circle	none	dif	N_dis	(800, 282)	vert	up	True	827891	828796	up	(800, 450)	testing
7	yb	f	19	3	circle	red	dif	(800, 282)	(800, 618)	vert	up	True	830287	831388	up	(800, 450)	testing
7	yb	f	19	3	circle	none	same	N_dis	(800, 282)	vert	up	True	832933	833900	up	(800, 450)	testing
7	yb	f	19	3	circle	red	same	(632, 450)	(800, 282)	vert	up	True	835318	836188	up	(800, 450)	testing
7	yb	f	19	3	circle	green	same	(800, 282)	(632, 450)	vert	up	True	837796	838636	up	(800, 450)	testing
7	yb	f	19	3	diamond	red	dif	(968, 450)	(800, 618)	vert	up	True	840277	841196	up	(800, 450)	testing
7	yb	f	19	3	circle	green	dif	(800, 282)	(800, 618)	vert	up	True	842812	843692	up	(800, 450)	testing
7	yb	f	19	3	circle	none	same	N_dis	(632, 450)	vert	up	True	845344	846092	up	(800, 450)	testing
7	yb	f	19	3	diamond	green	dif	(800, 282)	(968, 450)	vert	up	True	847656	848892	up	(800, 450)	testing
7	yb	f	19	3	diamond	red	dif	(632, 450)	(800, 618)	vert	up	True	850541	851452	up	(800, 450)	testing
7	yb	f	19	3	diamond	green	same	(800, 618)	(800, 282)	hori	left	True	852909	853740	left	(800, 450)	testing
7	yb	f	19	3	circle	green	dif	(632, 450)	(968, 450)	hori	left	True	855228	856268	left	(800, 450)	testing
7	yb	f	19	3	circle	green	same	(800, 618)	(632, 450)	hori	left	True	857696	858524	left	(800, 450)	testing
7	yb	f	19	3	diamond	none	dif	N_dis	(800, 282)	hori	left	True	860003	860828	left	(800, 450)	testing
7	yb	f	19	3	diamond	none	dif	N_dis	(800, 618)	hori	left	True	862369	863196	left	(800, 450)	testing
7	yb	f	19	3	diamond	green	same	(968, 450)	(800, 282)	vert	up	True	864624	865436	up	(800, 450)	testing
conf	7	yb	f	19	3	0	space	None	None	None	None	None	None	None	None	True	934216	941708	1
