subj	name	gender	age	runNum	shape	dist	td_dif	d_loc	t_loc	resp	resp_key	gotKey	startTime	respTime	resp	fix_loc	prac
7	yb	f	19	2	diamond	green	same	(800, 282)	(800, 618)	hori	left	True	42199	43602	left	(800, 450)	testing
7	yb	f	19	2	diamond	red	same	(632, 450)	(800, 282)	hori	left	True	45178	45954	left	(800, 450)	testing
7	yb	f	19	2	diamond	none	dif	N_dis	(800, 618)	vert	up	True	47525	48370	up	(800, 450)	testing
7	yb	f	19	2	circle	none	dif	N_dis	(800, 282)	vert	up	True	49946	50770	up	(800, 450)	testing
7	yb	f	19	2	diamond	none	same	N_dis	(632, 450)	vert	up	True	52340	53154	up	(800, 450)	testing
7	yb	f	19	2	diamond	red	dif	(968, 450)	(632, 450)	hori	left	True	54596	55746	left	(800, 450)	testing
7	yb	f	19	2	circle	red	dif	(800, 282)	(632, 450)	vert	up	True	57167	58034	up	(800, 450)	testing
7	yb	f	19	2	circle	red	dif	(800, 282)	(800, 618)	hori	left	True	59633	60546	left	(800, 450)	testing
7	yb	f	19	2	circle	none	dif	N_dis	(632, 450)	vert	up	True	62019	62850	up	(800, 450)	testing
7	yb	f	19	2	diamond	none	same	N_dis	(968, 450)	vert	up	True	64380	65490	up	(800, 450)	testing
7	yb	f	19	2	circle	none	dif	N_dis	(632, 450)	hori	left	True	67075	67810	left	(800, 450)	testing
7	yb	f	19	2	diamond	red	same	(800, 282)	(968, 450)	hori	left	True	69362	70370	left	(800, 450)	testing
7	yb	f	19	2	circle	none	dif	N_dis	(632, 450)	hori	left	True	71884	72690	left	(800, 450)	testing
7	yb	f	19	2	diamond	none	same	N_dis	(800, 282)	vert	up	True	74168	75026	up	(800, 450)	testing
7	yb	f	19	2	diamond	none	dif	N_dis	(800, 618)	vert	up	True	76491	77314	up	(800, 450)	testing
7	yb	f	19	2	diamond	none	same	N_dis	(968, 450)	hori	left	True	78957	79970	left	(800, 450)	testing
7	yb	f	19	2	diamond	none	same	N_dis	(800, 618)	vert	up	True	81437	82306	up	(800, 450)	testing
7	yb	f	19	2	diamond	red	dif	(800, 282)	(800, 618)	hori	left	True	83958	84898	left	(800, 450)	testing
7	yb	f	19	2	circle	green	dif	(800, 282)	(632, 450)	vert	up	True	86475	87634	up	(800, 450)	testing
7	yb	f	19	2	diamond	none	same	N_dis	(632, 450)	hori	left	True	89190	90338	left	(800, 450)	testing
7	yb	f	19	2	circle	red	dif	(800, 282)	(968, 450)	vert	up	True	91925	92818	up	(800, 450)	testing
7	yb	f	19	2	diamond	green	dif	(800, 282)	(800, 618)	vert	up	True	94344	95746	up	(800, 450)	testing
7	yb	f	19	2	diamond	none	dif	N_dis	(800, 282)	hori	left	True	97098	97826	left	(800, 450)	testing
7	yb	f	19	2	circle	none	same	N_dis	(632, 450)	hori	left	True	99303	100210	left	(800, 450)	testing
7	yb	f	19	2	circle	red	dif	(800, 282)	(968, 450)	vert	up	True	101861	102690	up	(800, 450)	testing
7	yb	f	19	2	diamond	red	dif	(800, 282)	(968, 450)	vert	up	True	104247	105042	up	(800, 450)	testing
7	yb	f	19	2	diamond	green	same	(800, 618)	(632, 450)	vert	up	True	106510	107442	up	(800, 450)	testing
7	yb	f	19	2	circle	red	same	(800, 282)	(632, 450)	vert	up	True	108836	109858	up	(800, 450)	testing
7	yb	f	19	2	circle	none	same	N_dis	(800, 282)	hori	left	True	111217	112146	left	(800, 450)	testing
7	yb	f	19	2	circle	green	same	(968, 450)	(800, 618)	hori	left	True	113569	114754	left	(800, 450)	testing
7	yb	f	19	2	circle	green	same	(800, 618)	(800, 282)	hori	left	True	116209	117282	left	(800, 450)	testing
7	yb	f	19	2	diamond	green	same	(800, 282)	(632, 450)	vert	up	True	118840	119842	up	(800, 450)	testing
7	yb	f	19	2	circle	green	dif	(800, 618)	(968, 450)	vert	up	True	121293	122178	up	(800, 450)	testing
7	yb	f	19	2	diamond	green	dif	(800, 618)	(968, 450)	hori	left	True	123537	124466	left	(800, 450)	testing
7	yb	f	19	2	circle	none	dif	N_dis	(968, 450)	vert	up	True	126111	126802	up	(800, 450)	testing
7	yb	f	19	2	diamond	none	same	N_dis	(632, 450)	vert	up	True	128419	129378	up	(800, 450)	testing
7	yb	f	19	2	circle	red	dif	(800, 282)	(800, 618)	hori	left	True	130933	132098	left	(800, 450)	testing
7	yb	f	19	2	circle	green	same	(800, 618)	(968, 450)	hori	left	True	133698	134386	left	(800, 450)	testing
7	yb	f	19	2	circle	green	dif	(800, 618)	(800, 282)	hori	left	True	136029	136770	left	(800, 450)	testing
7	yb	f	19	2	diamond	green	same	(800, 618)	(968, 450)	vert	up	True	138358	139202	up	(800, 450)	testing
7	yb	f	19	2	diamond	green	same	(800, 282)	(968, 450)	vert	up	True	140798	141650	up	(800, 450)	testing
7	yb	f	19	2	diamond	none	same	N_dis	(800, 282)	hori	left	True	143294	144066	left	(800, 450)	testing
7	yb	f	19	2	diamond	green	same	(800, 282)	(800, 618)	vert	up	True	145422	146594	up	(800, 450)	testing
7	yb	f	19	2	diamond	none	dif	N_dis	(632, 450)	hori	left	True	147970	148882	left	(800, 450)	testing
7	yb	f	19	2	circle	red	dif	(800, 282)	(632, 450)	hori	left	True	150251	151170	left	(800, 450)	testing
7	yb	f	19	2	diamond	green	same	(800, 282)	(968, 450)	vert	up	True	152655	153426	up	(800, 450)	testing
7	yb	f	19	2	circle	none	dif	N_dis	(800, 618)	hori	left	True	154897	155746	left	(800, 450)	testing
7	yb	f	19	2	diamond	red	dif	(968, 450)	(800, 282)	hori	left	True	157171	157938	left	(800, 450)	testing
7	yb	f	19	2	circle	red	same	(968, 450)	(632, 450)	hori	left	True	159571	160434	left	(800, 450)	testing
7	yb	f	19	2	diamond	none	dif	N_dis	(800, 618)	hori	left	True	162041	162914	left	(800, 450)	testing
7	yb	f	19	2	diamond	green	same	(800, 618)	(632, 450)	hori	left	True	164267	165074	left	(800, 450)	testing
7	yb	f	19	2	circle	red	dif	(800, 618)	(968, 450)	vert	up	True	166714	167794	up	(800, 450)	testing
7	yb	f	19	2	diamond	red	same	(800, 618)	(800, 282)	vert	up	True	169374	170210	up	(800, 450)	testing
7	yb	f	19	2	circle	green	same	(968, 450)	(800, 282)	vert	up	True	171610	172754	up	(800, 450)	testing
7	yb	f	19	2	circle	red	dif	(800, 282)	(632, 450)	vert	up	True	174368	175202	up	(800, 450)	testing
7	yb	f	19	2	diamond	none	same	N_dis	(800, 282)	hori	left	True	176823	177618	left	(800, 450)	testing
7	yb	f	19	2	circle	green	same	(968, 450)	(632, 450)	hori	left	True	179234	180242	left	(800, 450)	testing
7	yb	f	19	2	circle	green	same	(968, 450)	(800, 618)	vert	up	True	181730	182674	up	(800, 450)	testing
7	yb	f	19	2	circle	none	same	N_dis	(800, 282)	vert	up	True	184123	185186	up	(800, 450)	testing
7	yb	f	19	2	circle	none	dif	N_dis	(968, 450)	vert	up	True	186572	187314	up	(800, 450)	testing
7	yb	f	19	2	diamond	green	dif	(800, 618)	(800, 282)	hori	left	True	188817	189554	left	(800, 450)	testing
7	yb	f	19	2	circle	none	same	N_dis	(632, 450)	hori	left	True	191055	191810	left	(800, 450)	testing
7	yb	f	19	2	circle	none	dif	N_dis	(968, 450)	hori	left	True	193246	193938	left	(800, 450)	testing
7	yb	f	19	2	diamond	none	dif	N_dis	(800, 618)	hori	left	True	195492	196562	left	(800, 450)	testing
7	yb	f	19	2	diamond	green	dif	(968, 450)	(800, 282)	hori	left	True	198124	198946	left	(800, 450)	testing
7	yb	f	19	2	circle	red	same	(800, 618)	(800, 282)	vert	up	True	200356	201186	up	(800, 450)	testing
7	yb	f	19	2	circle	none	same	N_dis	(968, 450)	hori	left	True	202819	203650	left	(800, 450)	testing
7	yb	f	19	2	circle	green	same	(800, 618)	(800, 282)	vert	up	True	205046	205858	up	(800, 450)	testing
7	yb	f	19	2	circle	none	dif	N_dis	(800, 282)	vert	up	True	207432	208418	up	(800, 450)	testing
7	yb	f	19	2	circle	red	same	(800, 618)	(968, 450)	vert	up	True	210020	210722	up	(800, 450)	testing
7	yb	f	19	2	circle	green	same	(968, 450)	(632, 450)	vert	up	True	212114	212818	up	(800, 450)	testing
7	yb	f	19	2	circle	red	same	(800, 282)	(800, 618)	hori	left	True	214327	215250	left	(800, 450)	testing
7	yb	f	19	2	diamond	green	same	(968, 450)	(800, 618)	hori	left	True	216862	218002	left	(800, 450)	testing
7	yb	f	19	2	circle	none	dif	N_dis	(968, 450)	hori	left	True	219577	220754	left	(800, 450)	testing
7	yb	f	19	2	diamond	none	dif	N_dis	(632, 450)	hori	left	True	222128	223666	left	(800, 450)	testing
7	yb	f	19	2	circle	red	dif	(800, 282)	(800, 618)	vert	up	True	225102	226018	up	(800, 450)	testing
7	yb	f	19	2	diamond	red	dif	(800, 618)	(800, 282)	vert	up	True	227659	228546	up	(800, 450)	testing
7	yb	f	19	2	diamond	green	same	(800, 618)	(632, 450)	vert	up	True	229941	230898	up	(800, 450)	testing
7	yb	f	19	2	diamond	none	dif	N_dis	(800, 282)	hori	left	True	232449	233170	left	(800, 450)	testing
7	yb	f	19	2	diamond	red	dif	(800, 282)	(968, 450)	vert	up	True	234555	235266	up	(800, 450)	testing
7	yb	f	19	2	diamond	red	dif	(968, 450)	(632, 450)	hori	left	True	236710	237570	left	(800, 450)	testing
7	yb	f	19	2	diamond	none	dif	N_dis	(632, 450)	hori	left	True	239060	239906	left	(800, 450)	testing
7	yb	f	19	2	diamond	none	dif	N_dis	(632, 450)	hori	left	True	241319	242066	left	(800, 450)	testing
7	yb	f	19	2	diamond	none	same	N_dis	(968, 450)	hori	left	True	243660	244370	left	(800, 450)	testing
7	yb	f	19	2	circle	green	same	(800, 618)	(968, 450)	vert	up	True	245821	246530	up	(800, 450)	testing
7	yb	f	19	2	circle	red	same	(800, 282)	(968, 450)	vert	up	True	248124	249026	up	(800, 450)	testing
7	yb	f	19	2	circle	green	same	(968, 450)	(800, 282)	hori	left	True	250494	251826	left	(800, 450)	testing
7	yb	f	19	2	diamond	green	same	(800, 618)	(632, 450)	hori	left	True	253203	254434	left	(800, 450)	testing
7	yb	f	19	2	circle	green	same	(800, 618)	(800, 282)	vert	up	True	256004	257202	up	(800, 450)	testing
7	yb	f	19	2	circle	none	dif	N_dis	(800, 618)	hori	left	True	258758	259778	left	(800, 450)	testing
7	yb	f	19	2	circle	green	dif	(800, 618)	(800, 282)	hori	left	True	261148	262034	left	(800, 450)	testing
7	yb	f	19	2	circle	red	dif	(800, 282)	(632, 450)	vert	up	True	263388	264226	up	(800, 450)	testing
7	yb	f	19	2	circle	none	dif	N_dis	(632, 450)	vert	up	True	265720	266482	up	(800, 450)	testing
7	yb	f	19	2	circle	green	same	(968, 450)	(800, 282)	hori	left	True	268050	269026	left	(800, 450)	testing
7	yb	f	19	2	circle	red	dif	(800, 618)	(968, 450)	hori	left	True	270604	271602	left	(800, 450)	testing
7	yb	f	19	2	diamond	red	dif	(800, 618)	(800, 282)	hori	left	True	273060	274130	left	(800, 450)	testing
7	yb	f	19	2	circle	red	same	(968, 450)	(800, 282)	hori	left	True	275594	276658	left	(800, 450)	testing
7	yb	f	19	2	circle	none	same	N_dis	(800, 282)	hori	left	True	278116	278882	left	(800, 450)	testing
7	yb	f	19	2	diamond	none	dif	N_dis	(800, 618)	vert	up	True	280244	281378	up	(800, 450)	testing
7	yb	f	19	2	diamond	red	same	(800, 618)	(800, 282)	hori	left	True	282793	283474	left	(800, 450)	testing
7	yb	f	19	2	circle	none	same	N_dis	(968, 450)	hori	left	True	285043	286994	left	(800, 450)	testing
7	yb	f	19	2	circle	none	same	N_dis	(968, 450)	hori	left	True	288352	289538	left	(800, 450)	testing
7	yb	f	19	2	diamond	red	dif	(968, 450)	(800, 282)	vert	up	True	291080	292114	up	(800, 450)	testing
7	yb	f	19	2	circle	red	same	(968, 450)	(800, 282)	vert	up	True	293698	295154	up	(800, 450)	testing
7	yb	f	19	2	circle	green	dif	(800, 618)	(800, 282)	vert	up	True	296538	297650	up	(800, 450)	testing
7	yb	f	19	2	diamond	red	dif	(800, 618)	(632, 450)	vert	up	True	299219	300578	up	(800, 450)	testing
7	yb	f	19	2	circle	green	dif	(968, 450)	(632, 450)	hori	left	True	302196	303778	left	(800, 450)	testing
7	yb	f	19	2	circle	green	dif	(968, 450)	(632, 450)	vert	up	True	305142	306098	up	(800, 450)	testing
7	yb	f	19	2	circle	none	dif	N_dis	(800, 618)	vert	up	True	307569	308722	up	(800, 450)	testing
7	yb	f	19	2	diamond	red	same	(800, 282)	(632, 450)	vert	up	True	310079	311058	up	(800, 450)	testing
7	yb	f	19	2	diamond	green	dif	(968, 450)	(800, 282)	vert	up	True	312577	313378	up	(800, 450)	testing
7	yb	f	19	2	diamond	green	dif	(968, 450)	(800, 618)	hori	left	True	314755	315682	left	(800, 450)	testing
7	yb	f	19	2	diamond	red	same	(968, 450)	(632, 450)	vert	up	True	317261	318306	up	(800, 450)	testing
7	yb	f	19	2	circle	green	dif	(968, 450)	(800, 282)	vert	up	True	319903	320722	up	(800, 450)	testing
7	yb	f	19	2	circle	none	same	N_dis	(632, 450)	vert	up	True	322333	323090	up	(800, 450)	testing
7	yb	f	19	2	circle	green	same	(968, 450)	(632, 450)	vert	up	True	324723	325778	up	(800, 450)	testing
7	yb	f	19	2	circle	red	same	(800, 282)	(968, 450)	vert	up	True	327194	328050	up	(800, 450)	testing
7	yb	f	19	2	diamond	none	same	N_dis	(968, 450)	hori	left	True	329556	330402	left	(800, 450)	testing
7	yb	f	19	2	diamond	none	dif	N_dis	(800, 282)	hori	left	True	331779	332658	left	(800, 450)	testing
7	yb	f	19	2	diamond	red	same	(800, 282)	(800, 618)	vert	up	True	334048	335282	up	(800, 450)	testing
7	yb	f	19	2	diamond	none	dif	N_dis	(968, 450)	vert	up	True	336730	337442	up	(800, 450)	testing
7	yb	f	19	2	circle	none	same	N_dis	(968, 450)	hori	left	True	338814	339938	left	(800, 450)	testing
7	yb	f	19	2	diamond	none	same	N_dis	(800, 618)	hori	left	True	341518	342466	left	(800, 450)	testing
7	yb	f	19	2	circle	red	same	(968, 450)	(800, 282)	hori	left	True	344054	346434	left	(800, 450)	testing
7	yb	f	19	2	diamond	red	dif	(968, 450)	(800, 618)	vert	up	True	347963	349106	up	(800, 450)	testing
7	yb	f	19	2	diamond	green	dif	(800, 282)	(968, 450)	vert	up	True	350641	351570	up	(800, 450)	testing
7	yb	f	19	2	diamond	green	dif	(800, 618)	(632, 450)	hori	left	True	353197	354322	left	(800, 450)	testing
7	yb	f	19	2	diamond	red	same	(800, 282)	(800, 618)	hori	left	True	355758	356658	left	(800, 450)	testing
7	yb	f	19	2	circle	none	same	N_dis	(632, 450)	vert	up	True	358284	359330	up	(800, 450)	testing
7	yb	f	19	2	circle	none	dif	N_dis	(632, 450)	vert	up	True	360787	361586	up	(800, 450)	testing
7	yb	f	19	2	diamond	red	same	(800, 618)	(800, 282)	hori	left	True	363153	364114	left	(800, 450)	testing
7	yb	f	19	2	diamond	red	same	(632, 450)	(800, 282)	hori	left	True	365713	366562	left	(800, 450)	testing
7	yb	f	19	2	circle	none	same	N_dis	(800, 282)	hori	left	True	368200	369154	left	(800, 450)	testing
7	yb	f	19	2	circle	red	same	(968, 450)	(632, 450)	vert	up	True	370512	371714	up	(800, 450)	testing
7	yb	f	19	2	circle	red	same	(632, 450)	(968, 450)	vert	up	True	373177	374242	up	(800, 450)	testing
7	yb	f	19	2	diamond	green	same	(800, 618)	(968, 450)	hori	left	True	375768	376818	left	(800, 450)	testing
7	yb	f	19	2	circle	red	same	(800, 618)	(632, 450)	hori	left	True	378252	379170	left	(800, 450)	testing
7	yb	f	19	2	diamond	red	same	(800, 282)	(632, 450)	vert	up	True	380653	381570	up	(800, 450)	testing
7	yb	f	19	2	diamond	red	dif	(632, 450)	(968, 450)	vert	up	True	382950	383778	up	(800, 450)	testing
7	yb	f	19	2	circle	none	same	N_dis	(800, 282)	hori	left	True	385397	386418	left	(800, 450)	testing
7	yb	f	19	2	circle	none	same	N_dis	(800, 282)	hori	left	True	387834	388722	left	(800, 450)	testing
7	yb	f	19	2	diamond	green	dif	(800, 618)	(632, 450)	hori	left	True	390363	391490	left	(800, 450)	testing
7	yb	f	19	2	diamond	red	dif	(800, 618)	(632, 450)	vert	up	True	392977	393922	up	(800, 450)	testing
7	yb	f	19	2	diamond	red	dif	(968, 450)	(800, 618)	hori	left	True	395367	396418	left	(800, 450)	testing
7	yb	f	19	2	diamond	green	same	(968, 450)	(800, 618)	vert	up	True	398049	399186	up	(800, 450)	testing
7	yb	f	19	2	circle	green	dif	(800, 282)	(632, 450)	hori	left	True	400814	401874	left	(800, 450)	testing
7	yb	f	19	2	circle	none	dif	N_dis	(968, 450)	hori	left	True	403487	404626	left	(800, 450)	testing
7	yb	f	19	2	circle	green	same	(800, 282)	(968, 450)	hori	left	True	406192	407186	left	(800, 450)	testing
7	yb	f	19	2	circle	red	same	(800, 618)	(968, 450)	vert	up	True	408660	409586	up	(800, 450)	testing
7	yb	f	19	2	diamond	red	same	(800, 618)	(800, 282)	hori	left	True	411221	412050	left	(800, 450)	testing
7	yb	f	19	2	circle	red	dif	(968, 450)	(800, 282)	hori	left	True	413626	414658	left	(800, 450)	testing
7	yb	f	19	2	circle	red	same	(800, 282)	(968, 450)	vert	up	True	416023	416802	up	(800, 450)	testing
7	yb	f	19	2	circle	green	same	(800, 282)	(800, 618)	vert	up	True	418178	419170	up	(800, 450)	testing
7	yb	f	19	2	diamond	red	same	(968, 450)	(632, 450)	hori	left	True	420557	421634	left	(800, 450)	testing
7	yb	f	19	2	circle	red	dif	(800, 282)	(968, 450)	vert	up	True	422995	423842	up	(800, 450)	testing
7	yb	f	19	2	diamond	none	same	N_dis	(632, 450)	vert	up	True	425372	426882	up	(800, 450)	testing
7	yb	f	19	2	diamond	red	same	(800, 282)	(632, 450)	vert	up	True	428482	429330	up	(800, 450)	testing
7	yb	f	19	2	diamond	red	dif	(968, 450)	(632, 450)	hori	left	True	430890	431842	left	(800, 450)	testing
7	yb	f	19	2	diamond	red	dif	(968, 450)	(800, 282)	vert	up	True	433203	434226	up	(800, 450)	testing
7	yb	f	19	2	diamond	red	same	(800, 282)	(632, 450)	hori	left	True	435769	436818	left	(800, 450)	testing
7	yb	f	19	2	diamond	red	same	(800, 618)	(800, 282)	vert	up	True	438385	439506	up	(800, 450)	testing
7	yb	f	19	2	circle	none	same	N_dis	(800, 618)	vert	up	True	441045	442050	up	(800, 450)	testing
7	yb	f	19	2	diamond	none	dif	N_dis	(968, 450)	vert	up	True	443526	444274	up	(800, 450)	testing
7	yb	f	19	2	diamond	red	same	(632, 450)	(800, 282)	vert	up	True	445688	446754	up	(800, 450)	testing
7	yb	f	19	2	circle	none	dif	N_dis	(800, 618)	hori	left	True	448109	449410	left	(800, 450)	testing
7	yb	f	19	2	circle	red	same	(968, 450)	(800, 282)	hori	left	True	450823	451714	left	(800, 450)	testing
7	yb	f	19	2	circle	green	dif	(800, 618)	(968, 450)	hori	left	True	453245	454274	left	(800, 450)	testing
7	yb	f	19	2	diamond	red	dif	(968, 450)	(800, 282)	vert	up	True	455903	456786	up	(800, 450)	testing
7	yb	f	19	2	diamond	none	dif	N_dis	(632, 450)	hori	left	True	458246	459138	left	(800, 450)	testing
7	yb	f	19	2	circle	green	dif	(800, 282)	(968, 450)	vert	up	True	460588	461650	up	(800, 450)	testing
7	yb	f	19	2	diamond	none	same	N_dis	(968, 450)	hori	left	True	463163	463986	left	(800, 450)	testing
7	yb	f	19	2	diamond	green	same	(968, 450)	(632, 450)	hori	left	True	465514	466994	left	(800, 450)	testing
7	yb	f	19	2	circle	green	dif	(800, 618)	(632, 450)	hori	left	True	468599	470370	left	(800, 450)	testing
7	yb	f	19	2	diamond	green	dif	(800, 282)	(968, 450)	vert	up	True	471989	472850	up	(800, 450)	testing
7	yb	f	19	2	diamond	green	same	(800, 618)	(632, 450)	vert	up	True	474379	475202	up	(800, 450)	testing
7	yb	f	19	2	circle	red	dif	(968, 450)	(800, 618)	hori	left	True	476682	478002	left	(800, 450)	testing
7	yb	f	19	2	circle	red	same	(800, 282)	(632, 450)	hori	left	True	479426	480498	left	(800, 450)	testing
7	yb	f	19	2	diamond	green	dif	(800, 282)	(968, 450)	vert	up	True	482067	483138	up	(800, 450)	testing
7	yb	f	19	2	circle	red	dif	(800, 282)	(632, 450)	hori	left	True	484565	485490	left	(800, 450)	testing
7	yb	f	19	2	diamond	green	same	(800, 618)	(968, 450)	hori	left	True	487109	488210	left	(800, 450)	testing
7	yb	f	19	2	diamond	green	dif	(800, 282)	(968, 450)	vert	up	True	489761	490594	up	(800, 450)	testing
7	yb	f	19	2	circle	none	same	N_dis	(968, 450)	vert	up	True	492243	492978	up	(800, 450)	testing
7	yb	f	19	2	circle	green	same	(968, 450)	(800, 618)	vert	up	True	494629	495618	up	(800, 450)	testing
7	yb	f	19	2	circle	green	same	(800, 282)	(800, 618)	hori	left	True	497219	498162	left	(800, 450)	testing
7	yb	f	19	2	circle	none	same	N_dis	(800, 618)	vert	up	True	499710	500450	up	(800, 450)	testing
7	yb	f	19	2	diamond	green	dif	(800, 282)	(968, 450)	hori	left	True	501875	502642	left	(800, 450)	testing
7	yb	f	19	2	circle	red	dif	(800, 618)	(968, 450)	hori	left	True	504055	504834	left	(800, 450)	testing
7	yb	f	19	2	diamond	none	dif	N_dis	(800, 282)	vert	up	True	506214	507074	up	(800, 450)	testing
7	yb	f	19	2	diamond	red	dif	(800, 618)	(968, 450)	vert	up	True	508541	509346	up	(800, 450)	testing
7	yb	f	19	2	circle	none	dif	N_dis	(800, 618)	hori	left	True	510765	512082	left	(800, 450)	testing
7	yb	f	19	2	diamond	green	same	(968, 450)	(800, 618)	hori	left	True	513635	514690	left	(800, 450)	testing
7	yb	f	19	2	circle	none	dif	N_dis	(968, 450)	hori	left	True	516311	517234	left	(800, 450)	testing
7	yb	f	19	2	diamond	green	same	(800, 282)	(632, 450)	vert	up	True	518786	519922	up	(800, 450)	testing
7	yb	f	19	2	circle	none	same	N_dis	(800, 618)	vert	up	True	521490	522242	up	(800, 450)	testing
7	yb	f	19	2	diamond	green	same	(800, 282)	(968, 450)	vert	up	True	523662	524754	up	(800, 450)	testing
7	yb	f	19	2	diamond	none	same	N_dis	(968, 450)	hori	left	True	526244	526962	left	(800, 450)	testing
7	yb	f	19	2	circle	red	same	(968, 450)	(632, 450)	vert	up	True	528386	529474	up	(800, 450)	testing
7	yb	f	19	2	circle	red	dif	(968, 450)	(632, 450)	hori	left	True	530872	531698	left	(800, 450)	testing
7	yb	f	19	2	diamond	green	same	(968, 450)	(632, 450)	vert	up	True	533323	534370	up	(800, 450)	testing
7	yb	f	19	2	circle	green	dif	(968, 450)	(800, 282)	vert	up	True	535886	536994	up	(800, 450)	testing
7	yb	f	19	2	circle	green	same	(968, 450)	(800, 282)	vert	up	True	538591	539506	up	(800, 450)	testing
7	yb	f	19	2	circle	red	same	(968, 450)	(800, 618)	vert	up	True	540974	542130	up	(800, 450)	testing
7	yb	f	19	2	diamond	green	dif	(968, 450)	(800, 618)	vert	up	True	543656	544594	up	(800, 450)	testing
7	yb	f	19	2	diamond	green	same	(632, 450)	(800, 618)	vert	up	True	546246	547122	up	(800, 450)	testing
7	yb	f	19	2	circle	none	same	N_dis	(800, 282)	vert	up	True	548539	549458	up	(800, 450)	testing
7	yb	f	19	2	circle	green	same	(968, 450)	(800, 618)	hori	left	True	550818	552034	left	(800, 450)	testing
7	yb	f	19	2	diamond	red	same	(968, 450)	(800, 282)	hori	left	True	553450	554658	left	(800, 450)	testing
7	yb	f	19	2	diamond	red	dif	(800, 618)	(632, 450)	hori	left	True	556291	557618	left	(800, 450)	testing
7	yb	f	19	2	circle	none	dif	N_dis	(800, 282)	hori	left	True	559111	560018	left	(800, 450)	testing
7	yb	f	19	2	circle	green	same	(968, 450)	(800, 282)	hori	left	True	561379	562706	left	(800, 450)	testing
7	yb	f	19	2	circle	none	same	N_dis	(800, 282)	hori	left	True	564142	565058	left	(800, 450)	testing
7	yb	f	19	2	diamond	red	same	(800, 282)	(632, 450)	hori	left	True	566648	567778	left	(800, 450)	testing
7	yb	f	19	2	circle	red	dif	(800, 618)	(632, 450)	vert	up	True	569266	570370	up	(800, 450)	testing
7	yb	f	19	2	circle	green	same	(800, 282)	(800, 618)	hori	left	True	571898	573186	left	(800, 450)	testing
7	yb	f	19	2	diamond	none	dif	N_dis	(800, 618)	hori	left	True	574690	575666	left	(800, 450)	testing
7	yb	f	19	2	circle	green	dif	(968, 450)	(800, 618)	hori	left	True	577315	578370	left	(800, 450)	testing
7	yb	f	19	2	circle	red	same	(800, 618)	(632, 450)	vert	up	True	579767	580930	up	(800, 450)	testing
7	yb	f	19	2	circle	red	same	(800, 282)	(632, 450)	hori	left	True	582455	583442	left	(800, 450)	testing
7	yb	f	19	2	circle	green	dif	(800, 618)	(968, 450)	vert	up	True	584951	585938	up	(800, 450)	testing
7	yb	f	19	2	diamond	green	dif	(800, 618)	(968, 450)	hori	left	True	587504	588306	up	(800, 450)	testing
7	yb	f	19	2	diamond	green	same	(968, 450)	(800, 618)	vert	up	True	591262	592338	up	(800, 450)	testing
7	yb	f	19	2	circle	none	same	N_dis	(800, 618)	hori	left	True	593946	594898	left	(800, 450)	testing
7	yb	f	19	2	diamond	none	dif	N_dis	(800, 618)	hori	left	True	596548	597426	left	(800, 450)	testing
7	yb	f	19	2	circle	none	same	N_dis	(632, 450)	hori	left	True	599001	599874	left	(800, 450)	testing
7	yb	f	19	2	diamond	red	dif	(968, 450)	(800, 618)	hori	left	True	601436	602738	left	(800, 450)	testing
7	yb	f	19	2	diamond	none	dif	N_dis	(800, 618)	vert	up	True	604127	604898	up	(800, 450)	testing
7	yb	f	19	2	diamond	red	same	(968, 450)	(800, 618)	vert	up	True	606490	607426	up	(800, 450)	testing
7	yb	f	19	2	diamond	green	dif	(800, 618)	(968, 450)	hori	left	True	608871	609842	left	(800, 450)	testing
7	yb	f	19	2	circle	green	dif	(800, 618)	(968, 450)	vert	up	True	611300	612530	up	(800, 450)	testing
7	yb	f	19	2	diamond	none	dif	N_dis	(800, 282)	hori	left	True	613949	615154	left	(800, 450)	testing
7	yb	f	19	2	circle	none	same	N_dis	(968, 450)	vert	up	True	616593	617394	up	(800, 450)	testing
7	yb	f	19	2	circle	red	dif	(800, 618)	(968, 450)	vert	up	True	618983	619858	up	(800, 450)	testing
7	yb	f	19	2	circle	red	same	(800, 618)	(632, 450)	vert	up	True	621253	622130	up	(800, 450)	testing
7	yb	f	19	2	circle	none	same	N_dis	(800, 282)	hori	left	True	623678	624658	left	(800, 450)	testing
7	yb	f	19	2	circle	none	same	N_dis	(968, 450)	vert	up	True	626043	626802	up	(800, 450)	testing
7	yb	f	19	2	circle	green	dif	(800, 282)	(968, 450)	vert	up	True	628287	630082	up	(800, 450)	testing
7	yb	f	19	2	diamond	red	same	(968, 450)	(800, 618)	hori	left	True	631547	633090	left	(800, 450)	testing
7	yb	f	19	2	diamond	green	dif	(968, 450)	(800, 282)	hori	left	True	634596	635538	left	(800, 450)	testing
7	yb	f	19	2	circle	none	dif	N_dis	(968, 450)	vert	up	True	636899	638034	up	(800, 450)	testing
7	yb	f	19	2	diamond	none	same	N_dis	(800, 618)	vert	up	True	639472	640402	up	(800, 450)	testing
7	yb	f	19	2	circle	green	same	(968, 450)	(800, 618)	hori	left	True	641761	642866	left	(800, 450)	testing
7	yb	f	19	2	circle	red	same	(800, 282)	(800, 618)	hori	left	True	644258	645202	left	(800, 450)	testing
7	yb	f	19	2	diamond	green	dif	(800, 282)	(968, 450)	hori	left	True	646701	648002	left	(800, 450)	testing
7	yb	f	19	2	diamond	red	dif	(800, 618)	(632, 450)	hori	left	True	649511	650498	left	(800, 450)	testing
7	yb	f	19	2	diamond	none	same	N_dis	(800, 618)	hori	left	True	651947	652834	left	(800, 450)	testing
7	yb	f	19	2	circle	green	dif	(800, 618)	(632, 450)	vert	up	True	654274	655330	up	(800, 450)	testing
7	yb	f	19	2	circle	green	same	(800, 282)	(632, 450)	hori	left	True	656777	657922	left	(800, 450)	testing
7	yb	f	19	2	circle	green	dif	(968, 450)	(632, 450)	vert	up	True	659385	660450	up	(800, 450)	testing
7	yb	f	19	2	diamond	none	dif	N_dis	(800, 618)	vert	up	True	661835	663218	up	(800, 450)	testing
7	yb	f	19	2	circle	red	dif	(800, 618)	(800, 282)	hori	left	True	664579	665954	left	(800, 450)	testing
7	yb	f	19	2	diamond	none	same	N_dis	(800, 282)	vert	up	True	667419	668242	up	(800, 450)	testing
7	yb	f	19	2	circle	none	dif	N_dis	(632, 450)	hori	left	True	669681	670562	left	(800, 450)	testing
7	yb	f	19	2	diamond	red	dif	(800, 282)	(800, 618)	vert	up	True	672007	672898	up	(800, 450)	testing
7	yb	f	19	2	circle	green	dif	(800, 618)	(800, 282)	hori	left	True	674530	675602	left	(800, 450)	testing
7	yb	f	19	2	diamond	none	dif	N_dis	(968, 450)	hori	left	True	677134	678210	left	(800, 450)	testing
7	yb	f	19	2	circle	none	dif	N_dis	(800, 618)	hori	left	True	679771	680882	left	(800, 450)	testing
7	yb	f	19	2	diamond	green	dif	(800, 618)	(800, 282)	vert	up	True	682321	683378	up	(800, 450)	testing
7	yb	f	19	2	diamond	none	dif	N_dis	(800, 618)	vert	up	True	684846	685714	up	(800, 450)	testing
7	yb	f	19	2	circle	green	dif	(968, 450)	(632, 450)	vert	up	True	687296	688498	up	(800, 450)	testing
7	yb	f	19	2	circle	green	dif	(800, 618)	(800, 282)	hori	left	True	689957	691314	left	(800, 450)	testing
7	yb	f	19	2	diamond	green	same	(800, 282)	(800, 618)	hori	left	True	692674	694194	left	(800, 450)	testing
7	yb	f	19	2	circle	none	dif	N_dis	(632, 450)	vert	up	True	695816	696578	up	(800, 450)	testing
7	yb	f	19	2	diamond	green	same	(800, 618)	(800, 282)	vert	up	True	697956	698866	up	(800, 450)	testing
7	yb	f	19	2	diamond	green	dif	(632, 450)	(968, 450)	vert	up	True	700357	701266	up	(800, 450)	testing
7	yb	f	19	2	circle	none	dif	N_dis	(800, 282)	hori	left	True	702872	703810	left	(800, 450)	testing
7	yb	f	19	2	diamond	green	dif	(800, 618)	(968, 450)	hori	left	True	705256	706690	left	(800, 450)	testing
7	yb	f	19	2	diamond	red	same	(968, 450)	(800, 618)	hori	left	True	708333	710354	left	(800, 450)	testing
7	yb	f	19	2	diamond	none	same	N_dis	(632, 450)	vert	up	True	711726	712562	up	(800, 450)	testing
7	yb	f	19	2	circle	green	same	(800, 618)	(968, 450)	hori	left	True	714195	715506	left	(800, 450)	testing
7	yb	f	19	2	circle	red	same	(800, 618)	(632, 450)	hori	left	True	717055	717954	left	(800, 450)	testing
7	yb	f	19	2	circle	red	dif	(800, 618)	(968, 450)	hori	left	True	719495	720370	left	(800, 450)	testing
7	yb	f	19	2	circle	green	dif	(800, 618)	(632, 450)	hori	left	True	722005	722770	left	(800, 450)	testing
7	yb	f	19	2	diamond	green	same	(800, 282)	(968, 450)	hori	left	True	724419	725298	left	(800, 450)	testing
7	yb	f	19	2	circle	green	same	(800, 282)	(800, 618)	hori	left	True	726749	727746	left	(800, 450)	testing
7	yb	f	19	2	diamond	green	dif	(800, 282)	(632, 450)	vert	up	True	729149	730082	up	(800, 450)	testing
7	yb	f	19	2	diamond	none	dif	N_dis	(632, 450)	vert	up	True	731605	732962	up	(800, 450)	testing
7	yb	f	19	2	diamond	green	dif	(968, 450)	(800, 618)	vert	up	True	734510	735666	up	(800, 450)	testing
7	yb	f	19	2	circle	red	dif	(968, 450)	(632, 450)	vert	up	True	737023	738178	up	(800, 450)	testing
7	yb	f	19	2	circle	red	dif	(800, 618)	(632, 450)	vert	up	True	739588	740514	up	(800, 450)	testing
7	yb	f	19	2	circle	none	dif	N_dis	(800, 282)	vert	up	True	741948	742962	up	(800, 450)	testing
7	yb	f	19	2	diamond	red	dif	(800, 282)	(800, 618)	hori	left	True	744333	745298	left	(800, 450)	testing
7	yb	f	19	2	diamond	none	same	N_dis	(800, 282)	vert	up	True	746873	747730	up	(800, 450)	testing
7	yb	f	19	2	diamond	red	dif	(968, 450)	(800, 282)	hori	left	True	749180	750114	left	(800, 450)	testing
7	yb	f	19	2	diamond	green	dif	(800, 282)	(800, 618)	hori	left	True	751669	752738	left	(800, 450)	testing
7	yb	f	19	2	diamond	none	same	N_dis	(968, 450)	hori	left	True	754262	755170	left	(800, 450)	testing
7	yb	f	19	2	diamond	none	same	N_dis	(968, 450)	hori	left	True	756813	757730	left	(800, 450)	testing
7	yb	f	19	2	circle	red	same	(800, 618)	(800, 282)	hori	left	True	759210	760610	left	(800, 450)	testing
7	yb	f	19	2	diamond	none	dif	N_dis	(800, 618)	vert	up	True	762036	762978	up	(800, 450)	testing
7	yb	f	19	2	diamond	red	dif	(632, 450)	(800, 618)	hori	left	True	764600	765714	left	(800, 450)	testing
7	yb	f	19	2	circle	red	dif	(800, 282)	(632, 450)	vert	up	True	767091	768114	up	(800, 450)	testing
7	yb	f	19	2	circle	green	dif	(800, 618)	(632, 450)	hori	left	True	769662	770818	left	(800, 450)	testing
7	yb	f	19	2	diamond	red	same	(800, 282)	(632, 450)	hori	left	True	772273	773282	left	(800, 450)	testing
7	yb	f	19	2	diamond	green	dif	(968, 450)	(632, 450)	hori	left	True	774690	775650	left	(800, 450)	testing
7	yb	f	19	2	diamond	red	same	(800, 282)	(800, 618)	hori	left	True	777045	778098	left	(800, 450)	testing
7	yb	f	19	2	circle	red	dif	(968, 450)	(800, 282)	hori	left	True	779685	781250	left	(800, 450)	testing
7	yb	f	19	2	diamond	red	same	(800, 282)	(800, 618)	hori	left	True	782653	784242	left	(800, 450)	testing
7	yb	f	19	2	diamond	none	same	N_dis	(800, 282)	hori	left	True	785768	786898	left	(800, 450)	testing
7	yb	f	19	2	diamond	none	same	N_dis	(632, 450)	hori	left	True	788256	789170	left	(800, 450)	testing
7	yb	f	19	2	circle	green	dif	(968, 450)	(632, 450)	vert	up	True	790664	792098	up	(800, 450)	testing
7	yb	f	19	2	diamond	none	same	N_dis	(632, 450)	hori	left	True	793672	794834	left	(800, 450)	testing
