subj	name	gender	age	runNum	shape	dist	td_dif	d_loc	t_loc	resp	resp_key	gotKey	startTime	respTime	resp	fix_loc	prac
7	yb	f	19	1	circle	none	dif	N_dis	(800, 282)	vert	up	True	87421	88876	up	(800, 450)	practice
7	yb	f	19	1	circle	none	same	N_dis	(800, 618)	hori	left	True	90446	91900	left	(800, 450)	practice
7	yb	f	19	1	diamond	red	dif	(632, 450)	(968, 450)	vert	up	True	93358	94828	up	(800, 450)	practice
7	yb	f	19	1	circle	none	dif	N_dis	(968, 450)	hori	left	True	96380	97420	left	(800, 450)	practice
7	yb	f	19	1	diamond	green	dif	(632, 450)	(800, 282)	hori	left	True	98897	100252	left	(800, 450)	practice
7	yb	f	19	1	circle	green	dif	(632, 450)	(800, 618)	hori	left	True	101759	103132	left	(800, 450)	practice
7	yb	f	19	1	circle	green	same	(632, 450)	(968, 450)	vert	up	True	104526	105532	up	(800, 450)	practice
7	yb	f	19	1	circle	none	same	N_dis	(800, 618)	vert	up	True	107088	108732	up	(800, 450)	practice
7	yb	f	19	1	circle	green	same	(632, 450)	(800, 282)	hori	left	True	110371	111132	left	(800, 450)	practice
7	yb	f	19	1	circle	green	dif	(632, 450)	(800, 618)	vert	up	True	112665	113596	up	(800, 450)	practice
7	yb	f	19	1	circle	none	same	N_dis	(800, 618)	vert	up	True	115125	115932	up	(800, 450)	practice
7	yb	f	19	1	circle	green	dif	(632, 450)	(968, 450)	vert	up	True	117429	118396	up	(800, 450)	practice
7	yb	f	19	1	circle	green	dif	(632, 450)	(800, 282)	vert	up	True	119870	120812	up	(800, 450)	practice
7	yb	f	19	1	diamond	green	same	(632, 450)	(800, 618)	hori	left	True	122215	123020	left	(800, 450)	practice
7	yb	f	19	1	diamond	green	same	(632, 450)	(968, 450)	vert	up	True	124470	125932	up	(800, 450)	practice
7	yb	f	19	1	circle	none	dif	N_dis	(800, 282)	hori	left	True	127345	128172	left	(800, 450)	practice
7	yb	f	19	1	circle	none	same	N_dis	(968, 450)	vert	up	True	129824	130492	up	(800, 450)	practice
7	yb	f	19	1	circle	green	same	(632, 450)	(800, 282)	vert	up	True	131875	132604	up	(800, 450)	practice
7	yb	f	19	1	diamond	red	same	(632, 450)	(800, 618)	hori	left	True	134225	135900	left	(800, 450)	practice
7	yb	f	19	1	diamond	red	same	(632, 450)	(968, 450)	vert	up	True	137505	138332	up	(800, 450)	practice
7	yb	f	19	1	circle	green	same	(632, 450)	(800, 282)	vert	up	True	139808	140780	left	(800, 450)	practice
7	yb	f	19	1	circle	green	dif	(632, 450)	(800, 618)	hori	left	True	143655	145148	left	(800, 450)	practice
7	yb	f	19	1	circle	green	dif	(632, 450)	(968, 450)	vert	up	True	146701	147484	up	(800, 450)	practice
7	yb	f	19	1	circle	green	same	(632, 450)	(800, 282)	vert	up	True	148854	149900	up	(800, 450)	practice
7	yb	f	19	1	diamond	none	same	N_dis	(800, 618)	hori	left	True	151421	152300	left	(800, 450)	practice
7	yb	f	19	1	circle	green	same	(632, 450)	(800, 618)	vert	up	True	153778	154732	up	(800, 450)	practice
7	yb	f	19	1	circle	none	same	N_dis	(632, 450)	vert	up	True	156313	157964	left	(800, 450)	practice
7	yb	f	19	1	diamond	red	dif	(632, 450)	(968, 450)	hori	left	True	160955	162124	left	(800, 450)	practice
7	yb	f	19	1	diamond	green	same	(632, 450)	(800, 282)	vert	up	True	163575	164428	up	(800, 450)	practice
7	yb	f	19	1	circle	none	dif	N_dis	(800, 618)	hori	left	True	166032	166860	left	(800, 450)	practice
7	yb	f	19	1	circle	red	same	(632, 450)	(800, 618)	vert	up	True	168236	169100	up	(800, 450)	practice
7	yb	f	19	1	circle	none	same	N_dis	(800, 618)	hori	left	True	170600	171452	left	(800, 450)	practice
7	yb	f	19	1	diamond	green	same	(632, 450)	(968, 450)	vert	up	True	172830	174076	up	(800, 450)	practice
7	yb	f	19	1	diamond	red	same	(632, 450)	(800, 282)	hori	left	True	175448	176796	left	(800, 450)	practice
7	yb	f	19	1	circle	green	dif	(632, 450)	(800, 618)	vert	up	True	178252	179308	left	(800, 450)	practice
7	yb	f	19	1	diamond	red	dif	(632, 450)	(968, 450)	vert	up	True	182191	183532	up	(800, 450)	practice
7	yb	f	19	1	circle	none	same	N_dis	(632, 450)	hori	left	True	185156	186348	left	(800, 450)	practice
7	yb	f	19	1	diamond	green	same	(632, 450)	(800, 282)	hori	left	True	187841	188892	left	(800, 450)	practice
7	yb	f	19	1	circle	green	same	(632, 450)	(800, 618)	vert	up	True	190330	191596	up	(800, 450)	practice
7	yb	f	19	1	diamond	red	same	(632, 450)	(968, 450)	vert	up	True	193208	194620	up	(800, 450)	practice
7	yb	f	19	1	circle	green	dif	(632, 450)	(800, 282)	vert	up	True	211258	212124	up	(800, 450)	testing
7	yb	f	19	1	diamond	green	dif	(800, 282)	(968, 450)	hori	left	True	213509	214636	left	(800, 450)	testing
7	yb	f	19	1	circle	green	same	(800, 618)	(968, 450)	vert	up	True	216054	217436	up	(800, 450)	testing
7	yb	f	19	1	diamond	none	dif	N_dis	(968, 450)	vert	up	True	218879	219820	up	(800, 450)	testing
7	yb	f	19	1	diamond	none	dif	N_dis	(968, 450)	vert	up	True	221195	222092	up	(800, 450)	testing
7	yb	f	19	1	circle	green	dif	(800, 618)	(968, 450)	vert	up	True	223720	224668	up	(800, 450)	testing
7	yb	f	19	1	circle	green	dif	(632, 450)	(968, 450)	hori	left	True	226167	226924	left	(800, 450)	testing
7	yb	f	19	1	diamond	red	same	(968, 450)	(800, 282)	hori	left	True	228508	229484	left	(800, 450)	testing
7	yb	f	19	1	diamond	none	same	N_dis	(632, 450)	hori	left	True	230850	231900	left	(800, 450)	testing
7	yb	f	19	1	circle	none	dif	N_dis	(968, 450)	hori	left	True	233520	234796	left	(800, 450)	testing
7	yb	f	19	1	diamond	green	same	(632, 450)	(800, 282)	hori	left	True	236444	237372	left	(800, 450)	testing
7	yb	f	19	1	circle	green	same	(632, 450)	(800, 282)	hori	left	True	238960	239756	left	(800, 450)	testing
7	yb	f	19	1	circle	none	dif	N_dis	(800, 618)	hori	left	True	241287	242588	left	(800, 450)	testing
7	yb	f	19	1	circle	none	dif	N_dis	(800, 282)	hori	left	True	244075	244844	left	(800, 450)	testing
7	yb	f	19	1	circle	red	dif	(800, 618)	(968, 450)	hori	left	True	246306	247612	left	(800, 450)	testing
7	yb	f	19	1	diamond	red	same	(632, 450)	(800, 282)	vert	up	True	248968	249740	up	(800, 450)	testing
7	yb	f	19	1	circle	green	dif	(632, 450)	(800, 618)	vert	up	True	251103	252316	up	(800, 450)	testing
7	yb	f	19	1	circle	none	same	N_dis	(800, 618)	hori	left	True	253731	254732	left	(800, 450)	testing
7	yb	f	19	1	diamond	red	dif	(968, 450)	(800, 282)	vert	up	True	256303	257164	up	(800, 450)	testing
7	yb	f	19	1	circle	green	same	(632, 450)	(968, 450)	hori	left	True	258630	259532	left	(800, 450)	testing
7	yb	f	19	1	diamond	red	dif	(968, 450)	(800, 618)	vert	up	True	261128	262108	up	(800, 450)	testing
7	yb	f	19	1	circle	green	dif	(968, 450)	(632, 450)	vert	up	True	263595	264780	up	(800, 450)	testing
7	yb	f	19	1	diamond	red	dif	(632, 450)	(968, 450)	vert	up	True	266330	267196	up	(800, 450)	testing
7	yb	f	19	1	circle	green	dif	(632, 450)	(800, 618)	hori	left	True	268808	269980	left	(800, 450)	testing
7	yb	f	19	1	diamond	none	dif	N_dis	(968, 450)	vert	up	True	271403	272508	up	(800, 450)	testing
7	yb	f	19	1	diamond	green	dif	(632, 450)	(968, 450)	hori	left	True	274156	275116	left	(800, 450)	testing
7	yb	f	19	1	circle	green	same	(632, 450)	(800, 618)	hori	left	True	276586	277820	left	(800, 450)	testing
7	yb	f	19	1	diamond	none	same	N_dis	(632, 450)	hori	left	True	279449	280812	left	(800, 450)	testing
7	yb	f	19	1	diamond	green	same	(800, 618)	(632, 450)	hori	left	True	282208	283468	left	(800, 450)	testing
7	yb	f	19	1	diamond	none	same	N_dis	(968, 450)	vert	up	True	285011	286252	up	(800, 450)	testing
7	yb	f	19	1	diamond	none	dif	N_dis	(632, 450)	hori	left	True	287679	288764	left	(800, 450)	testing
7	yb	f	19	1	circle	none	dif	N_dis	(632, 450)	hori	left	True	290386	291676	left	(800, 450)	testing
7	yb	f	19	1	circle	red	same	(632, 450)	(968, 450)	vert	up	True	293307	294220	up	(800, 450)	testing
7	yb	f	19	1	diamond	none	dif	N_dis	(632, 450)	hori	left	True	295686	296780	left	(800, 450)	testing
7	yb	f	19	1	circle	red	same	(632, 450)	(800, 618)	hori	left	True	298137	299324	left	(800, 450)	testing
7	yb	f	19	1	circle	none	dif	N_dis	(968, 450)	hori	left	True	300799	301580	left	(800, 450)	testing
7	yb	f	19	1	diamond	none	dif	N_dis	(800, 618)	vert	up	True	303122	304156	up	(800, 450)	testing
7	yb	f	19	1	diamond	red	dif	(968, 450)	(800, 618)	vert	up	True	305716	307004	up	(800, 450)	testing
7	yb	f	19	1	diamond	green	same	(800, 618)	(800, 282)	hori	left	True	308387	309484	left	(800, 450)	testing
7	yb	f	19	1	diamond	none	dif	N_dis	(968, 450)	vert	up	True	310960	312108	up	(800, 450)	testing
7	yb	f	19	1	diamond	green	dif	(632, 450)	(800, 282)	hori	left	True	313484	314284	left	(800, 450)	testing
7	yb	f	19	1	circle	none	same	N_dis	(800, 618)	vert	up	True	315732	316844	up	(800, 450)	testing
7	yb	f	19	1	circle	green	same	(632, 450)	(800, 618)	vert	up	True	318471	319660	up	(800, 450)	testing
7	yb	f	19	1	circle	none	dif	N_dis	(800, 282)	hori	left	True	321064	321948	left	(800, 450)	testing
7	yb	f	19	1	diamond	none	same	N_dis	(800, 618)	vert	up	True	323310	324172	up	(800, 450)	testing
7	yb	f	19	1	circle	green	dif	(800, 282)	(968, 450)	hori	left	True	325672	326684	left	(800, 450)	testing
7	yb	f	19	1	diamond	green	dif	(632, 450)	(800, 618)	vert	up	True	328098	329244	up	(800, 450)	testing
7	yb	f	19	1	circle	green	same	(968, 450)	(800, 618)	hori	left	True	330879	332172	left	(800, 450)	testing
7	yb	f	19	1	diamond	none	same	N_dis	(632, 450)	hori	left	True	333537	334796	left	(800, 450)	testing
7	yb	f	19	1	circle	none	dif	N_dis	(800, 282)	vert	up	True	336229	337052	up	(800, 450)	testing
7	yb	f	19	1	circle	none	same	N_dis	(632, 450)	hori	left	True	338677	339868	left	(800, 450)	testing
7	yb	f	19	1	diamond	green	dif	(800, 282)	(800, 618)	hori	left	True	341361	342396	left	(800, 450)	testing
7	yb	f	19	1	diamond	red	dif	(800, 618)	(800, 282)	hori	left	True	343801	344716	left	(800, 450)	testing
7	yb	f	19	1	diamond	none	same	N_dis	(800, 618)	vert	up	True	346319	347148	up	(800, 450)	testing
7	yb	f	19	1	circle	red	dif	(968, 450)	(632, 450)	hori	left	True	348714	350588	left	(800, 450)	testing
7	yb	f	19	1	circle	red	dif	(800, 618)	(968, 450)	vert	up	True	351968	353180	up	(800, 450)	testing
7	yb	f	19	1	circle	none	same	N_dis	(800, 618)	hori	left	True	354806	355564	left	(800, 450)	testing
7	yb	f	19	1	diamond	green	dif	(800, 618)	(800, 282)	vert	up	True	356934	357756	up	(800, 450)	testing
7	yb	f	19	1	circle	red	same	(632, 450)	(968, 450)	vert	up	True	359403	360236	up	(800, 450)	testing
7	yb	f	19	1	diamond	red	dif	(632, 450)	(800, 618)	hori	left	True	361864	362844	left	(800, 450)	testing
7	yb	f	19	1	diamond	red	same	(800, 282)	(632, 450)	hori	left	True	364198	366588	left	(800, 450)	testing
7	yb	f	19	1	diamond	red	same	(632, 450)	(968, 450)	hori	left	True	367968	368860	left	(800, 450)	testing
7	yb	f	19	1	circle	none	dif	N_dis	(800, 282)	hori	left	True	370506	371308	left	(800, 450)	testing
7	yb	f	19	1	circle	green	same	(632, 450)	(800, 282)	vert	up	True	372739	373484	up	(800, 450)	testing
7	yb	f	19	1	circle	green	dif	(968, 450)	(800, 618)	vert	up	True	374958	376076	up	(800, 450)	testing
7	yb	f	19	1	diamond	green	same	(968, 450)	(800, 618)	hori	left	True	377620	378812	left	(800, 450)	testing
7	yb	f	19	1	circle	green	same	(632, 450)	(968, 450)	vert	up	True	380330	381052	up	(800, 450)	testing
7	yb	f	19	1	circle	green	dif	(800, 618)	(800, 282)	hori	left	True	382411	383260	left	(800, 450)	testing
7	yb	f	19	1	diamond	red	same	(632, 450)	(800, 282)	hori	left	True	384701	385500	left	(800, 450)	testing
7	yb	f	19	1	circle	none	same	N_dis	(800, 282)	hori	left	True	387044	387868	left	(800, 450)	testing
7	yb	f	19	1	diamond	none	same	N_dis	(800, 618)	hori	left	True	389478	390348	left	(800, 450)	testing
7	yb	f	19	1	circle	green	same	(800, 618)	(632, 450)	hori	left	True	391975	393084	left	(800, 450)	testing
7	yb	f	19	1	diamond	green	dif	(968, 450)	(800, 618)	hori	left	True	394596	396380	left	(800, 450)	testing
7	yb	f	19	1	diamond	none	same	N_dis	(800, 282)	hori	left	True	397838	398556	left	(800, 450)	testing
7	yb	f	19	1	diamond	none	dif	N_dis	(968, 450)	vert	up	True	400055	401100	up	(800, 450)	testing
7	yb	f	19	1	diamond	none	same	N_dis	(800, 282)	hori	left	True	402540	403228	left	(800, 450)	testing
7	yb	f	19	1	diamond	none	dif	N_dis	(968, 450)	hori	left	True	404635	405660	left	(800, 450)	testing
7	yb	f	19	1	circle	green	same	(632, 450)	(968, 450)	hori	left	True	407164	407996	left	(800, 450)	testing
7	yb	f	19	1	circle	red	dif	(800, 282)	(632, 450)	vert	up	True	409406	410604	up	(800, 450)	testing
7	yb	f	19	1	diamond	none	same	N_dis	(968, 450)	hori	left	True	412124	413116	left	(800, 450)	testing
7	yb	f	19	1	diamond	none	same	N_dis	(800, 618)	vert	up	True	414517	415436	up	(800, 450)	testing
7	yb	f	19	1	diamond	red	dif	(968, 450)	(800, 618)	vert	up	True	416909	417852	up	(800, 450)	testing
7	yb	f	19	1	diamond	none	dif	N_dis	(968, 450)	vert	up	True	419427	420204	up	(800, 450)	testing
7	yb	f	19	1	circle	none	same	N_dis	(632, 450)	vert	up	True	421689	423132	up	(800, 450)	testing
7	yb	f	19	1	circle	none	dif	N_dis	(632, 450)	vert	up	True	424646	425548	up	(800, 450)	testing
7	yb	f	19	1	diamond	green	same	(968, 450)	(800, 618)	hori	left	True	427127	428492	left	(800, 450)	testing
7	yb	f	19	1	circle	red	dif	(632, 450)	(800, 282)	vert	up	True	430062	431340	up	(800, 450)	testing
7	yb	f	19	1	diamond	red	dif	(800, 618)	(800, 282)	vert	up	True	432791	433804	up	(800, 450)	testing
7	yb	f	19	1	diamond	green	dif	(968, 450)	(632, 450)	vert	up	True	435334	436188	up	(800, 450)	testing
7	yb	f	19	1	diamond	none	dif	N_dis	(968, 450)	vert	up	True	437752	438652	up	(800, 450)	testing
7	yb	f	19	1	circle	none	same	N_dis	(968, 450)	vert	up	True	440294	441420	up	(800, 450)	testing
7	yb	f	19	1	circle	green	dif	(632, 450)	(800, 282)	vert	up	True	442913	443788	up	(800, 450)	testing
7	yb	f	19	1	circle	red	same	(632, 450)	(800, 618)	hori	left	True	445175	446060	up	(800, 450)	testing
7	yb	f	19	1	diamond	red	dif	(800, 618)	(800, 282)	hori	left	True	449169	450412	left	(800, 450)	testing
7	yb	f	19	1	diamond	green	dif	(632, 450)	(800, 282)	vert	up	True	451915	452972	up	(800, 450)	testing
7	yb	f	19	1	diamond	red	same	(800, 282)	(632, 450)	vert	up	True	454451	455820	up	(800, 450)	testing
7	yb	f	19	1	diamond	none	same	N_dis	(632, 450)	hori	left	True	457215	458412	left	(800, 450)	testing
7	yb	f	19	1	circle	none	same	N_dis	(632, 450)	hori	left	True	459871	461004	left	(800, 450)	testing
7	yb	f	19	1	circle	green	dif	(632, 450)	(800, 618)	hori	left	True	462609	463932	left	(800, 450)	testing
7	yb	f	19	1	diamond	red	dif	(800, 618)	(800, 282)	vert	up	True	465404	466172	up	(800, 450)	testing
7	yb	f	19	1	diamond	green	same	(632, 450)	(968, 450)	vert	up	True	467682	468684	up	(800, 450)	testing
7	yb	f	19	1	circle	red	dif	(968, 450)	(800, 282)	vert	up	True	470101	471500	up	(800, 450)	testing
7	yb	f	19	1	circle	none	same	N_dis	(632, 450)	vert	up	True	473036	473884	up	(800, 450)	testing
7	yb	f	19	1	circle	green	same	(968, 450)	(632, 450)	hori	left	True	475482	476428	left	(800, 450)	testing
7	yb	f	19	1	diamond	green	same	(632, 450)	(800, 282)	vert	up	True	477844	479020	up	(800, 450)	testing
7	yb	f	19	1	circle	none	same	N_dis	(800, 282)	vert	up	True	480604	481580	up	(800, 450)	testing
7	yb	f	19	1	diamond	green	same	(968, 450)	(800, 282)	hori	left	True	483084	483916	left	(800, 450)	testing
7	yb	f	19	1	diamond	red	same	(968, 450)	(800, 282)	vert	up	True	485469	486380	up	(800, 450)	testing
7	yb	f	19	1	diamond	none	dif	N_dis	(632, 450)	hori	left	True	487922	489356	left	(800, 450)	testing
7	yb	f	19	1	circle	none	same	N_dis	(800, 282)	vert	up	True	490726	491340	up	(800, 450)	testing
7	yb	f	19	1	circle	green	same	(800, 282)	(968, 450)	vert	up	True	492789	493724	up	(800, 450)	testing
7	yb	f	19	1	diamond	green	dif	(800, 618)	(632, 450)	vert	up	True	495323	496460	up	(800, 450)	testing
7	yb	f	19	1	circle	green	same	(632, 450)	(800, 618)	vert	up	True	497879	499052	up	(800, 450)	testing
7	yb	f	19	1	circle	none	same	N_dis	(968, 450)	vert	up	True	500679	501836	up	(800, 450)	testing
7	yb	f	19	1	circle	none	same	N_dis	(632, 450)	hori	left	True	503425	504348	left	(800, 450)	testing
7	yb	f	19	1	circle	red	same	(632, 450)	(968, 450)	hori	left	True	505768	506556	left	(800, 450)	testing
7	yb	f	19	1	circle	red	dif	(800, 282)	(968, 450)	vert	up	True	507980	508828	up	(800, 450)	testing
7	yb	f	19	1	diamond	green	same	(632, 450)	(800, 282)	vert	up	True	510456	511660	up	(800, 450)	testing
7	yb	f	19	1	diamond	red	same	(632, 450)	(800, 282)	vert	up	True	513188	514236	up	(800, 450)	testing
7	yb	f	19	1	diamond	green	dif	(800, 282)	(800, 618)	vert	up	True	515671	516540	up	(800, 450)	testing
7	yb	f	19	1	circle	none	dif	N_dis	(800, 618)	hori	left	True	518104	519020	left	(800, 450)	testing
7	yb	f	19	1	circle	none	dif	N_dis	(632, 450)	hori	left	True	520612	521596	left	(800, 450)	testing
7	yb	f	19	1	diamond	red	same	(632, 450)	(800, 282)	vert	up	True	523175	524220	up	(800, 450)	testing
7	yb	f	19	1	circle	green	same	(632, 450)	(800, 282)	hori	left	True	525602	526476	left	(800, 450)	testing
7	yb	f	19	1	circle	none	same	N_dis	(968, 450)	hori	left	True	527990	528716	left	(800, 450)	testing
7	yb	f	19	1	diamond	none	same	N_dis	(632, 450)	hori	left	True	530353	531628	left	(800, 450)	testing
7	yb	f	19	1	circle	red	same	(968, 450)	(632, 450)	vert	up	True	533154	535228	up	(800, 450)	testing
7	yb	f	19	1	diamond	green	same	(632, 450)	(800, 618)	hori	left	True	536642	537964	left	(800, 450)	testing
7	yb	f	19	1	circle	none	same	N_dis	(800, 618)	vert	up	True	539472	540412	up	(800, 450)	testing
7	yb	f	19	1	diamond	none	dif	N_dis	(800, 282)	hori	left	True	541973	542828	left	(800, 450)	testing
7	yb	f	19	1	diamond	none	same	N_dis	(800, 282)	vert	up	True	544390	545100	up	(800, 450)	testing
7	yb	f	19	1	diamond	red	dif	(632, 450)	(800, 618)	hori	left	True	546732	548028	left	(800, 450)	testing
7	yb	f	19	1	circle	red	same	(632, 450)	(800, 282)	vert	up	True	549549	550652	up	(800, 450)	testing
7	yb	f	19	1	circle	red	same	(800, 282)	(800, 618)	vert	up	True	552194	553324	up	(800, 450)	testing
7	yb	f	19	1	circle	green	dif	(968, 450)	(632, 450)	hori	left	True	554935	555788	left	(800, 450)	testing
7	yb	f	19	1	diamond	green	dif	(800, 618)	(632, 450)	hori	left	True	557278	559628	left	(800, 450)	testing
7	yb	f	19	1	circle	red	dif	(800, 618)	(968, 450)	vert	up	True	561163	561996	up	(800, 450)	testing
7	yb	f	19	1	diamond	red	same	(632, 450)	(800, 282)	vert	up	True	563436	564380	up	(800, 450)	testing
7	yb	f	19	1	circle	red	same	(632, 450)	(800, 282)	vert	up	True	565908	566684	up	(800, 450)	testing
7	yb	f	19	1	circle	red	dif	(800, 282)	(968, 450)	vert	up	True	568134	569020	up	(800, 450)	testing
7	yb	f	19	1	diamond	green	same	(800, 618)	(800, 282)	vert	up	True	570459	571260	up	(800, 450)	testing
7	yb	f	19	1	circle	red	same	(632, 450)	(800, 282)	hori	left	True	572793	573932	left	(800, 450)	testing
7	yb	f	19	1	circle	none	same	N_dis	(968, 450)	hori	left	True	575457	576124	up	(800, 450)	testing
7	yb	f	19	1	circle	none	dif	N_dis	(800, 282)	hori	left	True	579149	579884	left	(800, 450)	testing
7	yb	f	19	1	diamond	red	dif	(800, 282)	(632, 450)	hori	left	True	581457	582588	left	(800, 450)	testing
7	yb	f	19	1	circle	none	dif	N_dis	(800, 282)	vert	up	True	584233	584860	up	(800, 450)	testing
7	yb	f	19	1	diamond	green	same	(968, 450)	(800, 618)	hori	left	True	586251	587420	left	(800, 450)	testing
7	yb	f	19	1	diamond	none	same	N_dis	(800, 618)	vert	up	True	588797	589676	up	(800, 450)	testing
7	yb	f	19	1	diamond	red	same	(968, 450)	(632, 450)	hori	left	True	591185	592316	left	(800, 450)	testing
7	yb	f	19	1	diamond	red	same	(632, 450)	(968, 450)	vert	up	True	593709	594524	up	(800, 450)	testing
7	yb	f	19	1	diamond	none	dif	N_dis	(800, 618)	vert	up	True	596012	596860	up	(800, 450)	testing
7	yb	f	19	1	diamond	green	dif	(968, 450)	(800, 282)	vert	up	True	598279	599164	up	(800, 450)	testing
7	yb	f	19	1	diamond	red	same	(800, 618)	(632, 450)	vert	up	True	600630	601708	up	(800, 450)	testing
7	yb	f	19	1	circle	none	dif	N_dis	(968, 450)	vert	up	True	603306	605068	up	(800, 450)	testing
7	yb	f	19	1	circle	green	dif	(968, 450)	(800, 618)	vert	up	True	606692	607740	up	(800, 450)	testing
7	yb	f	19	1	circle	red	same	(968, 450)	(632, 450)	hori	left	True	609162	610076	left	(800, 450)	testing
7	yb	f	19	1	diamond	red	same	(800, 282)	(968, 450)	vert	up	True	611666	612620	up	(800, 450)	testing
7	yb	f	19	1	diamond	green	same	(800, 618)	(632, 450)	hori	left	True	614218	614988	left	(800, 450)	testing
7	yb	f	19	1	diamond	green	dif	(632, 450)	(968, 450)	vert	up	True	616631	617292	up	(800, 450)	testing
7	yb	f	19	1	circle	none	dif	N_dis	(800, 282)	vert	up	True	618684	619356	up	(800, 450)	testing
7	yb	f	19	1	circle	none	same	N_dis	(800, 618)	hori	left	True	620940	621916	left	(800, 450)	testing
7	yb	f	19	1	circle	green	same	(632, 450)	(800, 618)	hori	left	True	623514	624572	left	(800, 450)	testing
7	yb	f	19	1	circle	none	same	N_dis	(800, 618)	vert	up	True	626092	626972	up	(800, 450)	testing
7	yb	f	19	1	diamond	red	dif	(800, 282)	(800, 618)	vert	up	True	628344	629308	up	(800, 450)	testing
7	yb	f	19	1	circle	green	same	(632, 450)	(800, 618)	vert	up	True	630904	632332	up	(800, 450)	testing
7	yb	f	19	1	circle	red	dif	(800, 618)	(968, 450)	hori	left	True	633729	634492	left	(800, 450)	testing
7	yb	f	19	1	diamond	red	dif	(632, 450)	(800, 618)	hori	left	True	635850	637132	left	(800, 450)	testing
7	yb	f	19	1	circle	green	dif	(632, 450)	(800, 618)	vert	up	True	638543	639916	up	(800, 450)	testing
7	yb	f	19	1	diamond	green	same	(800, 618)	(632, 450)	hori	left	True	641345	642476	left	(800, 450)	testing
7	yb	f	19	1	diamond	red	same	(800, 618)	(800, 282)	hori	left	True	643927	645068	left	(800, 450)	testing
7	yb	f	19	1	diamond	red	dif	(632, 450)	(968, 450)	vert	up	True	646601	647388	up	(800, 450)	testing
7	yb	f	19	1	circle	green	same	(632, 450)	(800, 282)	vert	up	True	648858	650044	up	(800, 450)	testing
7	yb	f	19	1	diamond	green	dif	(968, 450)	(800, 282)	hori	left	True	651483	652252	left	(800, 450)	testing
7	yb	f	19	1	circle	green	same	(800, 282)	(800, 618)	hori	left	True	653754	654652	left	(800, 450)	testing
7	yb	f	19	1	circle	none	dif	N_dis	(800, 618)	vert	up	True	656118	657452	up	(800, 450)	testing
7	yb	f	19	1	diamond	green	same	(632, 450)	(800, 282)	hori	left	True	658988	659852	left	(800, 450)	testing
7	yb	f	19	1	circle	red	dif	(800, 282)	(632, 450)	hori	left	True	661266	662636	left	(800, 450)	testing
7	yb	f	19	1	diamond	green	same	(632, 450)	(800, 282)	hori	left	True	664139	665004	left	(800, 450)	testing
7	yb	f	19	1	diamond	green	dif	(800, 282)	(800, 618)	hori	left	True	666398	667500	left	(800, 450)	testing
7	yb	f	19	1	circle	none	dif	N_dis	(800, 282)	hori	left	True	668994	670284	up	(800, 450)	testing
7	yb	f	19	1	circle	red	dif	(632, 450)	(800, 618)	vert	up	True	673342	674268	up	(800, 450)	testing
7	yb	f	19	1	diamond	green	dif	(632, 450)	(968, 450)	hori	left	True	675792	676940	left	(800, 450)	testing
7	yb	f	19	1	diamond	none	dif	N_dis	(800, 618)	hori	left	True	678340	679292	left	(800, 450)	testing
7	yb	f	19	1	circle	none	same	N_dis	(800, 618)	hori	left	True	680727	681948	left	(800, 450)	testing
7	yb	f	19	1	circle	red	same	(800, 282)	(632, 450)	hori	left	True	683592	684748	left	(800, 450)	testing
7	yb	f	19	1	circle	red	same	(632, 450)	(800, 618)	vert	up	True	686255	687548	up	(800, 450)	testing
7	yb	f	19	1	diamond	red	same	(632, 450)	(800, 618)	vert	up	True	688945	689756	up	(800, 450)	testing
7	yb	f	19	1	diamond	green	same	(800, 282)	(632, 450)	vert	up	True	691119	692684	up	(800, 450)	testing
7	yb	f	19	1	diamond	red	same	(800, 282)	(800, 618)	vert	up	True	694124	695004	up	(800, 450)	testing
7	yb	f	19	1	diamond	none	dif	N_dis	(800, 282)	vert	up	True	696378	697228	up	(800, 450)	testing
7	yb	f	19	1	diamond	none	same	N_dis	(632, 450)	vert	up	True	698642	699564	up	(800, 450)	testing
7	yb	f	19	1	circle	none	same	N_dis	(800, 618)	hori	left	True	701036	702028	left	(800, 450)	testing
7	yb	f	19	1	diamond	none	same	N_dis	(800, 618)	vert	up	True	703659	704380	up	(800, 450)	testing
7	yb	f	19	1	diamond	red	dif	(800, 618)	(968, 450)	vert	up	True	705990	706780	up	(800, 450)	testing
7	yb	f	19	1	circle	red	same	(968, 450)	(632, 450)	hori	left	True	708330	709212	left	(800, 450)	testing
7	yb	f	19	1	circle	green	same	(632, 450)	(800, 282)	vert	up	True	710777	711788	up	(800, 450)	testing
7	yb	f	19	1	circle	green	dif	(632, 450)	(968, 450)	hori	left	True	713143	713932	left	(800, 450)	testing
7	yb	f	19	1	diamond	green	dif	(968, 450)	(800, 282)	hori	left	True	715437	716476	left	(800, 450)	testing
7	yb	f	19	1	diamond	green	same	(800, 618)	(800, 282)	hori	left	True	718079	718860	left	(800, 450)	testing
7	yb	f	19	1	circle	red	dif	(632, 450)	(968, 450)	hori	left	True	720500	721356	left	(800, 450)	testing
7	yb	f	19	1	diamond	none	same	N_dis	(800, 618)	vert	up	True	722731	723580	up	(800, 450)	testing
7	yb	f	19	1	diamond	green	dif	(968, 450)	(800, 282)	hori	left	True	725077	725932	left	(800, 450)	testing
7	yb	f	19	1	circle	none	dif	N_dis	(800, 618)	hori	left	True	727314	728076	left	(800, 450)	testing
7	yb	f	19	1	circle	none	dif	N_dis	(968, 450)	hori	left	True	729575	730300	left	(800, 450)	testing
7	yb	f	19	1	circle	red	dif	(800, 282)	(968, 450)	hori	left	True	731944	733004	left	(800, 450)	testing
7	yb	f	19	1	circle	red	same	(800, 618)	(968, 450)	hori	left	True	734592	735564	left	(800, 450)	testing
7	yb	f	19	1	diamond	none	dif	N_dis	(800, 282)	vert	up	True	737098	737852	up	(800, 450)	testing
7	yb	f	19	1	diamond	green	dif	(800, 618)	(632, 450)	vert	up	True	739216	740396	up	(800, 450)	testing
7	yb	f	19	1	diamond	green	dif	(632, 450)	(968, 450)	hori	left	True	742003	742748	left	(800, 450)	testing
7	yb	f	19	1	diamond	none	dif	N_dis	(632, 450)	vert	up	True	744240	745068	up	(800, 450)	testing
7	yb	f	19	1	diamond	red	dif	(632, 450)	(968, 450)	hori	left	True	746699	747420	left	(800, 450)	testing
7	yb	f	19	1	circle	red	same	(800, 618)	(968, 450)	vert	up	True	749002	750348	left	(800, 450)	testing
7	yb	f	19	1	diamond	red	same	(800, 618)	(800, 282)	vert	up	True	753474	754140	up	(800, 450)	testing
7	yb	f	19	1	diamond	green	dif	(800, 618)	(632, 450)	vert	up	True	755728	756780	up	(800, 450)	testing
7	yb	f	19	1	circle	none	same	N_dis	(968, 450)	hori	left	True	758339	759388	left	(800, 450)	testing
7	yb	f	19	1	diamond	none	same	N_dis	(800, 282)	hori	left	True	760874	761788	left	(800, 450)	testing
7	yb	f	19	1	circle	green	dif	(800, 282)	(800, 618)	vert	up	True	763258	764204	up	(800, 450)	testing
7	yb	f	19	1	diamond	none	dif	N_dis	(800, 282)	hori	left	True	765779	766620	left	(800, 450)	testing
7	yb	f	19	1	circle	green	dif	(800, 282)	(800, 618)	hori	left	True	768242	769532	left	(800, 450)	testing
7	yb	f	19	1	diamond	red	dif	(632, 450)	(800, 618)	vert	up	True	771135	772044	up	(800, 450)	testing
7	yb	f	19	1	circle	none	dif	N_dis	(800, 282)	vert	up	True	773598	774636	up	(800, 450)	testing
7	yb	f	19	1	circle	red	same	(632, 450)	(800, 618)	vert	up	True	776237	777212	up	(800, 450)	testing
7	yb	f	19	1	diamond	green	same	(632, 450)	(968, 450)	vert	up	True	778752	779676	up	(800, 450)	testing
7	yb	f	19	1	diamond	none	dif	N_dis	(632, 450)	vert	up	True	781082	781804	up	(800, 450)	testing
7	yb	f	19	1	diamond	none	same	N_dis	(632, 450)	vert	up	True	783397	784172	up	(800, 450)	testing
7	yb	f	19	1	circle	none	same	N_dis	(800, 282)	hori	left	True	785716	786812	left	(800, 450)	testing
7	yb	f	19	1	circle	red	dif	(632, 450)	(968, 450)	hori	left	True	788324	789164	left	(800, 450)	testing
7	yb	f	19	1	diamond	green	same	(968, 450)	(632, 450)	hori	left	True	790637	791884	left	(800, 450)	testing
7	yb	f	19	1	circle	red	dif	(968, 450)	(800, 282)	vert	up	True	793398	794236	up	(800, 450)	testing
7	yb	f	19	1	diamond	red	dif	(800, 282)	(968, 450)	vert	up	True	795794	797724	up	(800, 450)	testing
7	yb	f	19	1	circle	red	dif	(632, 450)	(800, 282)	hori	left	True	799090	800156	left	(800, 450)	testing
7	yb	f	19	1	diamond	red	dif	(632, 450)	(800, 618)	vert	up	True	801612	802700	up	(800, 450)	testing
7	yb	f	19	1	circle	green	dif	(800, 282)	(632, 450)	hori	left	True	804230	805292	left	(800, 450)	testing
7	yb	f	19	1	circle	red	dif	(632, 450)	(800, 282)	vert	up	True	806727	807676	up	(800, 450)	testing
7	yb	f	19	1	circle	red	same	(800, 282)	(800, 618)	hori	left	True	809086	809916	left	(800, 450)	testing
7	yb	f	19	1	circle	red	dif	(800, 282)	(800, 618)	hori	left	True	811426	812396	left	(800, 450)	testing
7	yb	f	19	1	diamond	red	same	(632, 450)	(968, 450)	hori	left	True	813811	814604	left	(800, 450)	testing
7	yb	f	19	1	diamond	none	same	N_dis	(800, 618)	hori	left	True	816116	816972	left	(800, 450)	testing
7	yb	f	19	1	circle	none	same	N_dis	(800, 618)	hori	left	True	818374	819308	left	(800, 450)	testing
7	yb	f	19	1	circle	green	same	(632, 450)	(800, 282)	hori	left	True	820839	821708	left	(800, 450)	testing
7	yb	f	19	1	diamond	red	same	(800, 618)	(632, 450)	hori	left	True	823307	824428	left	(800, 450)	testing
7	yb	f	19	1	diamond	none	same	N_dis	(632, 450)	hori	left	True	826075	827212	left	(800, 450)	testing
7	yb	f	19	1	diamond	red	dif	(632, 450)	(800, 282)	vert	up	True	828809	829692	up	(800, 450)	testing
7	yb	f	19	1	circle	green	dif	(968, 450)	(800, 618)	vert	up	True	831080	832060	up	(800, 450)	testing
7	yb	f	19	1	diamond	none	dif	N_dis	(800, 282)	vert	up	True	833606	834236	up	(800, 450)	testing
7	yb	f	19	1	diamond	red	dif	(800, 282)	(968, 450)	vert	up	True	835664	836476	up	(800, 450)	testing
7	yb	f	19	1	circle	none	dif	N_dis	(800, 282)	vert	up	True	837976	839324	up	(800, 450)	testing
7	yb	f	19	1	diamond	none	same	N_dis	(968, 450)	vert	up	True	840707	841884	up	(800, 450)	testing
7	yb	f	19	1	diamond	red	dif	(800, 618)	(632, 450)	vert	up	True	843274	844236	up	(800, 450)	testing
7	yb	f	19	1	diamond	none	same	N_dis	(632, 450)	hori	left	True	845696	846572	left	(800, 450)	testing
7	yb	f	19	1	circle	red	same	(632, 450)	(800, 282)	vert	up	True	848195	849308	up	(800, 450)	testing
7	yb	f	19	1	diamond	red	same	(800, 282)	(632, 450)	vert	up	True	850769	851900	up	(800, 450)	testing
7	yb	f	19	1	diamond	red	dif	(632, 450)	(968, 450)	vert	up	True	853264	854172	up	(800, 450)	testing
7	yb	f	19	1	diamond	red	same	(800, 282)	(632, 450)	vert	up	True	855731	857004	up	(800, 450)	testing
7	yb	f	19	1	circle	none	dif	N_dis	(800, 618)	hori	left	True	858438	860348	left	(800, 450)	testing
7	yb	f	19	1	diamond	green	same	(632, 450)	(968, 450)	hori	left	True	861788	862908	left	(800, 450)	testing
7	yb	f	19	1	circle	red	dif	(800, 282)	(800, 618)	vert	up	True	864455	865404	up	(800, 450)	testing
7	yb	f	19	1	diamond	red	same	(632, 450)	(800, 618)	vert	up	True	867049	868044	up	(800, 450)	testing
7	yb	f	19	1	diamond	green	dif	(968, 450)	(800, 282)	hori	left	True	869409	870540	left	(800, 450)	testing
7	yb	f	19	1	circle	red	same	(968, 450)	(800, 282)	vert	up	True	872185	873292	up	(800, 450)	testing
7	yb	f	19	1	diamond	none	dif	N_dis	(632, 450)	vert	up	True	874828	875692	up	(800, 450)	testing
7	yb	f	19	1	circle	red	dif	(632, 450)	(800, 618)	vert	up	True	877212	878092	up	(800, 450)	testing
7	yb	f	19	1	circle	red	same	(968, 450)	(632, 450)	vert	up	True	879693	880636	up	(800, 450)	testing
7	yb	f	19	1	circle	green	dif	(800, 618)	(968, 450)	vert	up	True	882183	883244	up	(800, 450)	testing
7	yb	f	19	1	diamond	green	dif	(800, 618)	(968, 450)	vert	up	True	884865	886204	up	(800, 450)	testing
7	yb	f	19	1	circle	green	same	(632, 450)	(800, 618)	vert	up	True	887632	888764	up	(800, 450)	testing
7	yb	f	19	1	circle	red	dif	(632, 450)	(968, 450)	vert	up	True	890156	890876	up	(800, 450)	testing
7	yb	f	19	1	circle	green	dif	(632, 450)	(968, 450)	vert	up	True	892378	893132	up	(800, 450)	testing
7	yb	f	19	1	circle	green	dif	(632, 450)	(968, 450)	hori	left	True	894582	895580	left	(800, 450)	testing
7	yb	f	19	1	circle	none	same	N_dis	(968, 450)	vert	up	True	897069	898044	up	(800, 450)	testing
7	yb	f	19	1	circle	red	same	(632, 450)	(800, 618)	hori	left	True	899421	900700	left	(800, 450)	testing
7	yb	f	19	1	circle	red	dif	(632, 450)	(968, 450)	vert	up	True	902328	903004	up	(800, 450)	testing
7	yb	f	19	1	diamond	none	dif	N_dis	(632, 450)	hori	left	True	904595	906044	left	(800, 450)	testing
7	yb	f	19	1	circle	green	dif	(800, 618)	(800, 282)	vert	up	True	907581	908396	up	(800, 450)	testing
7	yb	f	19	1	circle	red	same	(800, 282)	(968, 450)	vert	up	True	909749	910684	up	(800, 450)	testing
7	yb	f	19	1	circle	red	same	(632, 450)	(800, 282)	vert	up	True	912336	913164	up	(800, 450)	testing
7	yb	f	19	1	circle	red	same	(800, 282)	(632, 450)	vert	up	True	914598	915420	up	(800, 450)	testing
7	yb	f	19	1	diamond	none	dif	N_dis	(632, 450)	hori	left	True	917007	918140	left	(800, 450)	testing
7	yb	f	19	1	circle	green	dif	(632, 450)	(800, 618)	hori	left	True	919639	921212	left	(800, 450)	testing
7	yb	f	19	1	diamond	green	same	(632, 450)	(800, 282)	vert	up	True	922784	923932	up	(800, 450)	testing
7	yb	f	19	1	diamond	red	same	(800, 618)	(632, 450)	hori	left	True	925378	926284	left	(800, 450)	testing
7	yb	f	19	1	circle	none	dif	N_dis	(968, 450)	hori	left	True	927692	928828	left	(800, 450)	testing
7	yb	f	19	1	circle	none	dif	N_dis	(800, 282)	hori	left	True	930456	931532	left	(800, 450)	testing
7	yb	f	19	1	circle	none	same	N_dis	(800, 282)	hori	left	True	932925	933820	left	(800, 450)	testing
7	yb	f	19	1	diamond	red	dif	(632, 450)	(800, 618)	vert	up	True	935255	936764	up	(800, 450)	testing
7	yb	f	19	1	circle	green	same	(632, 450)	(968, 450)	vert	up	True	938282	939084	up	(800, 450)	testing
7	yb	f	19	1	diamond	green	same	(632, 450)	(968, 450)	vert	up	True	940524	941756	up	(800, 450)	testing
7	yb	f	19	1	circle	green	same	(800, 282)	(968, 450)	vert	up	True	943183	944172	up	(800, 450)	testing
7	yb	f	19	1	diamond	none	dif	N_dis	(968, 450)	vert	up	True	945756	946924	up	(800, 450)	testing
7	yb	f	19	1	circle	green	same	(632, 450)	(800, 618)	vert	up	True	948390	949820	up	(800, 450)	testing
7	yb	f	19	1	circle	green	same	(632, 450)	(800, 618)	hori	left	True	951392	952748	left	(800, 450)	testing
7	yb	f	19	1	circle	red	dif	(800, 282)	(968, 450)	vert	up	True	954396	955340	up	(800, 450)	testing
7	yb	f	19	1	diamond	green	same	(800, 618)	(968, 450)	hori	left	True	956913	958300	left	(800, 450)	testing
7	yb	f	19	1	diamond	green	same	(968, 450)	(632, 450)	vert	up	True	959875	961052	up	(800, 450)	testing
7	yb	f	19	1	diamond	green	dif	(632, 450)	(968, 450)	hori	left	True	962632	963708	left	(800, 450)	testing
7	yb	f	19	1	diamond	none	same	N_dis	(968, 450)	hori	left	True	965173	966156	left	(800, 450)	testing
7	yb	f	19	1	diamond	red	same	(800, 282)	(632, 450)	hori	left	True	967793	969100	left	(800, 450)	testing
7	yb	f	19	1	circle	green	dif	(968, 450)	(800, 618)	hori	left	True	970602	971884	left	(800, 450)	testing
7	yb	f	19	1	circle	red	dif	(632, 450)	(800, 282)	hori	left	True	973265	974124	left	(800, 450)	testing
7	yb	f	19	1	circle	none	dif	N_dis	(968, 450)	hori	left	True	975564	976316	left	(800, 450)	testing
