subj	name	gender	age	runNum	shape	dist	td_dif	d_loc	t_loc	resp	resp_key	gotKey	startTime	respTime	resp	fix_loc	prac
8	ym	f	20	1	circle	red	same	(800, 618)	(968, 450)	vert	up	True	70601	72189	up	(800, 450)	practice
8	ym	f	20	1	diamond	red	same	(800, 618)	(800, 282)	hori	left	True	73858	75421	left	(800, 450)	practice
8	ym	f	20	1	circle	green	dif	(800, 618)	(632, 450)	hori	left	True	76794	78845	left	(800, 450)	practice
8	ym	f	20	1	circle	none	dif	N_dis	(632, 450)	vert	up	True	80432	81757	up	(800, 450)	practice
8	ym	f	20	1	circle	green	dif	(800, 618)	(968, 450)	hori	left	True	83203	84253	left	(800, 450)	practice
8	ym	f	20	1	diamond	red	same	(800, 618)	(800, 282)	hori	left	True	85654	86621	left	(800, 450)	practice
8	ym	f	20	1	circle	red	dif	(800, 618)	(632, 450)	vert	up	True	88105	89164	up	(800, 450)	practice
8	ym	f	20	1	circle	red	same	(800, 618)	(968, 450)	vert	up	True	90732	91949	up	(800, 450)	practice
8	ym	f	20	1	circle	red	dif	(800, 618)	(800, 282)	hori	left	True	93556	94669	left	(800, 450)	practice
8	ym	f	20	1	diamond	none	same	N_dis	(632, 450)	vert	up	True	96237	97565	up	(800, 450)	practice
8	ym	f	20	1	diamond	green	same	(800, 618)	(632, 450)	hori	left	True	99040	100124	left	(800, 450)	practice
8	ym	f	20	1	circle	red	same	(800, 618)	(968, 450)	vert	up	True	101760	103485	up	(800, 450)	practice
8	ym	f	20	1	circle	none	same	N_dis	(800, 618)	vert	up	True	105131	106028	up	(800, 450)	practice
8	ym	f	20	1	diamond	red	same	(800, 618)	(800, 282)	vert	up	True	107430	108413	up	(800, 450)	practice
8	ym	f	20	1	diamond	none	same	N_dis	(632, 450)	vert	up	True	109792	110477	up	(800, 450)	practice
8	ym	f	20	1	diamond	green	dif	(800, 618)	(632, 450)	hori	left	True	111930	112861	left	(800, 450)	practice
8	ym	f	20	1	circle	green	dif	(800, 618)	(968, 450)	vert	up	True	114302	115501	left	(800, 450)	practice
8	ym	f	20	1	diamond	none	same	N_dis	(800, 282)	hori	left	True	118434	120189	left	(800, 450)	practice
8	ym	f	20	1	diamond	green	dif	(800, 618)	(800, 282)	hori	left	True	121797	123036	left	(800, 450)	practice
8	ym	f	20	1	diamond	red	same	(800, 618)	(632, 450)	vert	up	True	124537	126028	up	(800, 450)	practice
8	ym	f	20	1	circle	green	dif	(800, 618)	(968, 450)	vert	up	True	127622	128797	up	(800, 450)	practice
8	ym	f	20	1	diamond	red	same	(800, 618)	(800, 282)	vert	up	True	130374	131533	up	(800, 450)	practice
8	ym	f	20	1	diamond	green	dif	(800, 618)	(632, 450)	hori	left	True	133146	134829	left	(800, 450)	practice
8	ym	f	20	1	diamond	red	same	(800, 618)	(968, 450)	vert	up	True	136337	137325	up	(800, 450)	practice
8	ym	f	20	1	diamond	none	same	N_dis	(968, 450)	hori	left	True	138970	139981	left	(800, 450)	practice
8	ym	f	20	1	diamond	green	same	(800, 618)	(800, 282)	vert	up	True	141636	142973	up	(800, 450)	practice
8	ym	f	20	1	diamond	green	dif	(800, 618)	(632, 450)	hori	left	True	144576	145373	left	(800, 450)	practice
8	ym	f	20	1	circle	green	dif	(800, 618)	(968, 450)	hori	left	True	146975	147981	up	(800, 450)	practice
8	ym	f	20	1	diamond	red	same	(800, 618)	(800, 282)	hori	left	True	151005	152237	left	(800, 450)	practice
8	ym	f	20	1	diamond	green	dif	(800, 618)	(632, 450)	hori	left	True	153877	154797	left	(800, 450)	practice
8	ym	f	20	1	diamond	red	dif	(800, 618)	(968, 450)	hori	left	True	156455	157229	left	(800, 450)	practice
8	ym	f	20	1	circle	red	same	(800, 618)	(800, 282)	hori	left	True	158611	159501	left	(800, 450)	practice
8	ym	f	20	1	diamond	red	same	(800, 618)	(632, 450)	vert	up	True	161115	162108	up	(800, 450)	practice
8	ym	f	20	1	diamond	none	same	N_dis	(968, 450)	hori	left	True	163526	164237	left	(800, 450)	practice
8	ym	f	20	1	diamond	none	dif	N_dis	(968, 450)	hori	left	True	165616	166829	left	(800, 450)	practice
8	ym	f	20	1	diamond	red	dif	(800, 618)	(968, 450)	vert	up	True	168439	169501	up	(800, 450)	practice
8	ym	f	20	1	circle	green	same	(800, 618)	(800, 282)	hori	left	True	171155	172429	left	(800, 450)	practice
8	ym	f	20	1	circle	none	same	N_dis	(968, 450)	hori	left	True	173906	174653	left	(800, 450)	practice
8	ym	f	20	1	circle	green	dif	(800, 618)	(632, 450)	hori	left	True	176026	176941	left	(800, 450)	practice
8	ym	f	20	1	diamond	red	dif	(800, 618)	(968, 450)	hori	left	True	178519	179341	left	(800, 450)	practice
8	ym	f	20	1	diamond	none	same	N_dis	(632, 450)	hori	left	True	182993	183661	left	(800, 450)	testing
8	ym	f	20	1	diamond	none	dif	N_dis	(968, 450)	hori	left	True	185237	186156	left	(800, 450)	testing
8	ym	f	20	1	circle	red	same	(800, 618)	(800, 282)	hori	left	True	187748	188573	left	(800, 450)	testing
8	ym	f	20	1	circle	green	same	(968, 450)	(800, 282)	hori	left	True	190206	192028	left	(800, 450)	testing
8	ym	f	20	1	circle	none	same	N_dis	(632, 450)	hori	left	True	193597	194269	left	(800, 450)	testing
8	ym	f	20	1	diamond	green	dif	(800, 282)	(968, 450)	vert	up	True	195933	197100	up	(800, 450)	testing
8	ym	f	20	1	circle	none	dif	N_dis	(800, 618)	vert	up	True	198669	199789	up	(800, 450)	testing
8	ym	f	20	1	circle	green	dif	(800, 618)	(968, 450)	vert	up	True	201300	202076	left	(800, 450)	testing
8	ym	f	20	1	circle	none	same	N_dis	(800, 618)	hori	left	True	205052	206333	left	(800, 450)	testing
8	ym	f	20	1	diamond	green	dif	(632, 450)	(800, 282)	hori	left	True	207884	209164	left	(800, 450)	testing
8	ym	f	20	1	circle	red	same	(968, 450)	(632, 450)	hori	left	True	210682	212429	left	(800, 450)	testing
8	ym	f	20	1	circle	none	same	N_dis	(800, 618)	vert	up	True	214028	215116	up	(800, 450)	testing
8	ym	f	20	1	diamond	green	dif	(800, 618)	(800, 282)	vert	up	True	216497	217629	up	(800, 450)	testing
8	ym	f	20	1	diamond	red	same	(632, 450)	(968, 450)	hori	left	True	219047	220269	left	(800, 450)	testing
8	ym	f	20	1	diamond	none	same	N_dis	(632, 450)	hori	left	True	221768	222685	left	(800, 450)	testing
8	ym	f	20	1	diamond	none	dif	N_dis	(800, 282)	vert	up	True	224120	225197	up	(800, 450)	testing
8	ym	f	20	1	diamond	none	dif	N_dis	(800, 618)	vert	up	True	226648	227869	up	(800, 450)	testing
8	ym	f	20	1	diamond	none	same	N_dis	(800, 282)	vert	up	True	229250	230189	up	(800, 450)	testing
8	ym	f	20	1	diamond	green	same	(800, 618)	(632, 450)	vert	up	True	231834	232877	up	(800, 450)	testing
8	ym	f	20	1	diamond	green	same	(800, 618)	(632, 450)	hori	left	True	234250	236221	left	(800, 450)	testing
8	ym	f	20	1	circle	none	same	N_dis	(800, 618)	hori	left	True	237683	239132	left	(800, 450)	testing
8	ym	f	20	1	diamond	green	same	(800, 618)	(632, 450)	vert	up	True	240529	241549	up	(800, 450)	testing
8	ym	f	20	1	circle	none	dif	N_dis	(800, 282)	vert	up	True	242970	244269	up	(800, 450)	testing
8	ym	f	20	1	diamond	green	same	(632, 450)	(800, 618)	hori	left	True	245826	247693	left	(800, 450)	testing
8	ym	f	20	1	diamond	green	dif	(800, 618)	(632, 450)	vert	up	True	249120	250044	up	(800, 450)	testing
8	ym	f	20	1	diamond	none	same	N_dis	(800, 282)	hori	left	True	251668	253004	left	(800, 450)	testing
8	ym	f	20	1	circle	none	dif	N_dis	(800, 282)	hori	left	True	254569	255741	left	(800, 450)	testing
8	ym	f	20	1	circle	none	same	N_dis	(800, 282)	vert	up	True	257157	258733	up	(800, 450)	testing
8	ym	f	20	1	diamond	none	dif	N_dis	(800, 282)	vert	up	True	260375	261485	up	(800, 450)	testing
8	ym	f	20	1	diamond	green	dif	(800, 618)	(632, 450)	vert	up	True	262863	264237	up	(800, 450)	testing
8	ym	f	20	1	circle	red	same	(800, 618)	(800, 282)	hori	left	True	265695	267052	left	(800, 450)	testing
8	ym	f	20	1	circle	red	same	(800, 282)	(800, 618)	hori	left	True	268483	269821	left	(800, 450)	testing
8	ym	f	20	1	circle	red	same	(800, 618)	(968, 450)	vert	up	True	271313	272205	up	(800, 450)	testing
8	ym	f	20	1	diamond	red	same	(800, 618)	(800, 282)	vert	up	True	273678	274701	up	(800, 450)	testing
8	ym	f	20	1	circle	green	dif	(800, 282)	(632, 450)	hori	left	True	276292	277325	left	(800, 450)	testing
8	ym	f	20	1	circle	green	dif	(800, 618)	(632, 450)	vert	up	True	278991	279917	up	(800, 450)	testing
8	ym	f	20	1	circle	red	same	(800, 282)	(632, 450)	hori	left	True	281548	282461	left	(800, 450)	testing
8	ym	f	20	1	circle	red	same	(800, 618)	(632, 450)	hori	left	True	284007	284989	left	(800, 450)	testing
8	ym	f	20	1	circle	red	dif	(800, 618)	(800, 282)	vert	up	True	286615	287245	up	(800, 450)	testing
8	ym	f	20	1	diamond	none	same	N_dis	(968, 450)	vert	up	True	288791	289821	up	(800, 450)	testing
8	ym	f	20	1	circle	none	same	N_dis	(800, 618)	hori	left	True	291492	292573	left	(800, 450)	testing
8	ym	f	20	1	diamond	red	same	(800, 618)	(800, 282)	vert	up	True	294036	294925	up	(800, 450)	testing
8	ym	f	20	1	diamond	green	dif	(800, 618)	(632, 450)	hori	left	True	296301	297341	left	(800, 450)	testing
8	ym	f	20	1	circle	none	dif	N_dis	(800, 282)	vert	up	True	298983	300012	up	(800, 450)	testing
8	ym	f	20	1	diamond	red	same	(800, 618)	(800, 282)	vert	up	True	301516	302525	up	(800, 450)	testing
8	ym	f	20	1	diamond	green	same	(800, 282)	(968, 450)	hori	left	True	303903	304557	left	(800, 450)	testing
8	ym	f	20	1	diamond	red	same	(800, 618)	(800, 282)	vert	up	True	306052	306957	up	(800, 450)	testing
8	ym	f	20	1	circle	red	same	(800, 282)	(800, 618)	vert	up	True	308435	310012	up	(800, 450)	testing
8	ym	f	20	1	circle	red	dif	(800, 282)	(968, 450)	hori	left	True	311546	312461	left	(800, 450)	testing
8	ym	f	20	1	diamond	red	dif	(800, 282)	(968, 450)	vert	up	True	313884	314989	up	(800, 450)	testing
8	ym	f	20	1	diamond	none	same	N_dis	(800, 282)	hori	left	True	316471	317245	left	(800, 450)	testing
8	ym	f	20	1	circle	red	dif	(800, 282)	(800, 618)	hori	left	True	318822	320237	left	(800, 450)	testing
8	ym	f	20	1	circle	red	same	(632, 450)	(800, 618)	hori	left	True	321702	323100	left	(800, 450)	testing
8	ym	f	20	1	diamond	green	dif	(800, 618)	(632, 450)	hori	left	True	324748	325677	left	(800, 450)	testing
8	ym	f	20	1	circle	green	dif	(800, 618)	(968, 450)	vert	up	True	327185	328333	left	(800, 450)	testing
8	ym	f	20	1	circle	green	same	(632, 450)	(800, 282)	hori	left	True	331350	332749	left	(800, 450)	testing
8	ym	f	20	1	diamond	red	dif	(800, 618)	(632, 450)	vert	up	True	334179	335757	up	(800, 450)	testing
8	ym	f	20	1	diamond	green	dif	(800, 618)	(968, 450)	hori	left	True	337288	338237	left	(800, 450)	testing
8	ym	f	20	1	diamond	green	dif	(800, 618)	(968, 450)	vert	up	True	339826	341100	up	(800, 450)	testing
8	ym	f	20	1	diamond	red	dif	(800, 618)	(968, 450)	hori	left	True	342613	344349	left	(800, 450)	testing
8	ym	f	20	1	diamond	red	dif	(800, 618)	(632, 450)	vert	up	True	345769	346621	up	(800, 450)	testing
8	ym	f	20	1	circle	red	same	(800, 282)	(800, 618)	vert	up	True	348129	350124	up	(800, 450)	testing
8	ym	f	20	1	diamond	none	dif	N_dis	(800, 282)	hori	left	True	351714	352653	left	(800, 450)	testing
8	ym	f	20	1	circle	none	same	N_dis	(800, 618)	vert	up	True	354177	355405	up	(800, 450)	testing
8	ym	f	20	1	circle	red	dif	(632, 450)	(800, 618)	hori	left	True	356939	357709	left	(800, 450)	testing
8	ym	f	20	1	diamond	red	dif	(632, 450)	(800, 282)	vert	up	True	359231	360076	up	(800, 450)	testing
8	ym	f	20	1	diamond	red	dif	(800, 618)	(968, 450)	hori	left	True	361499	362493	left	(800, 450)	testing
8	ym	f	20	1	diamond	green	dif	(800, 618)	(632, 450)	vert	up	True	364023	364797	up	(800, 450)	testing
8	ym	f	20	1	circle	none	same	N_dis	(632, 450)	hori	left	True	366333	367341	left	(800, 450)	testing
8	ym	f	20	1	diamond	green	dif	(632, 450)	(968, 450)	vert	up	True	368844	369997	up	(800, 450)	testing
8	ym	f	20	1	circle	red	same	(800, 282)	(632, 450)	hori	left	True	371403	372701	left	(800, 450)	testing
8	ym	f	20	1	circle	none	dif	N_dis	(968, 450)	vert	up	True	374249	375245	up	(800, 450)	testing
8	ym	f	20	1	diamond	red	same	(800, 282)	(632, 450)	vert	up	True	376709	377581	left	(800, 450)	testing
8	ym	f	20	1	circle	red	dif	(968, 450)	(800, 282)	hori	left	True	380686	382221	left	(800, 450)	testing
8	ym	f	20	1	diamond	green	dif	(632, 450)	(800, 618)	vert	up	True	383610	384957	up	(800, 450)	testing
8	ym	f	20	1	circle	red	same	(632, 450)	(968, 450)	vert	up	True	386583	388028	up	(800, 450)	testing
8	ym	f	20	1	circle	none	dif	N_dis	(632, 450)	hori	left	True	389486	390605	left	(800, 450)	testing
8	ym	f	20	1	circle	red	same	(968, 450)	(800, 618)	vert	up	True	392269	393741	up	(800, 450)	testing
8	ym	f	20	1	diamond	none	same	N_dis	(968, 450)	hori	left	True	395174	396477	left	(800, 450)	testing
8	ym	f	20	1	diamond	none	dif	N_dis	(632, 450)	vert	up	True	397871	398605	up	(800, 450)	testing
8	ym	f	20	1	circle	green	same	(968, 450)	(800, 618)	vert	up	True	400187	401405	up	(800, 450)	testing
8	ym	f	20	1	diamond	red	dif	(800, 618)	(968, 450)	hori	left	True	402857	404301	up	(800, 450)	testing
8	ym	f	20	1	diamond	none	dif	N_dis	(968, 450)	vert	up	True	407401	408445	up	(800, 450)	testing
8	ym	f	20	1	circle	green	same	(800, 618)	(800, 282)	vert	up	True	409947	411116	up	(800, 450)	testing
8	ym	f	20	1	circle	green	same	(800, 282)	(968, 450)	hori	left	True	412708	414205	left	(800, 450)	testing
8	ym	f	20	1	diamond	none	same	N_dis	(632, 450)	hori	left	True	415646	417116	left	(800, 450)	testing
8	ym	f	20	1	diamond	red	same	(800, 618)	(968, 450)	vert	up	True	418682	419949	up	(800, 450)	testing
8	ym	f	20	1	circle	green	same	(632, 450)	(800, 618)	vert	up	True	421440	422701	up	(800, 450)	testing
8	ym	f	20	1	circle	green	same	(800, 282)	(800, 618)	hori	left	True	424356	425325	left	(800, 450)	testing
8	ym	f	20	1	diamond	green	same	(800, 618)	(800, 282)	vert	up	True	426839	428509	up	(800, 450)	testing
8	ym	f	20	1	circle	green	same	(632, 450)	(800, 618)	hori	left	True	430029	431549	left	(800, 450)	testing
8	ym	f	20	1	circle	red	same	(800, 618)	(632, 450)	hori	left	True	432990	435709	left	(800, 450)	testing
8	ym	f	20	1	diamond	none	same	N_dis	(632, 450)	hori	left	True	437160	438092	left	(800, 450)	testing
8	ym	f	20	1	diamond	red	same	(800, 618)	(800, 282)	vert	up	True	439468	440717	up	(800, 450)	testing
8	ym	f	20	1	circle	red	dif	(800, 618)	(800, 282)	vert	up	True	442370	443885	up	(800, 450)	testing
8	ym	f	20	1	circle	none	dif	N_dis	(800, 282)	vert	up	True	445446	446461	up	(800, 450)	testing
8	ym	f	20	1	diamond	green	same	(800, 618)	(632, 450)	vert	up	True	447865	449052	up	(800, 450)	testing
8	ym	f	20	1	diamond	green	dif	(632, 450)	(968, 450)	vert	up	True	450681	451421	up	(800, 450)	testing
8	ym	f	20	1	diamond	green	same	(632, 450)	(800, 618)	hori	left	True	452983	454156	left	(800, 450)	testing
8	ym	f	20	1	diamond	green	same	(968, 450)	(800, 618)	vert	up	True	455536	456989	up	(800, 450)	testing
8	ym	f	20	1	circle	none	same	N_dis	(800, 282)	vert	up	True	458586	460173	up	(800, 450)	testing
8	ym	f	20	1	circle	none	same	N_dis	(968, 450)	vert	up	True	461837	462669	up	(800, 450)	testing
8	ym	f	20	1	diamond	none	same	N_dis	(632, 450)	vert	up	True	464248	465597	up	(800, 450)	testing
8	ym	f	20	1	circle	green	dif	(800, 618)	(800, 282)	vert	up	True	467174	468269	up	(800, 450)	testing
8	ym	f	20	1	circle	green	same	(968, 450)	(800, 282)	hori	left	True	469700	471789	left	(800, 450)	testing
8	ym	f	20	1	diamond	red	same	(968, 450)	(800, 618)	vert	up	True	473369	475469	up	(800, 450)	testing
8	ym	f	20	1	diamond	none	dif	N_dis	(800, 618)	hori	left	True	477040	478461	left	(800, 450)	testing
8	ym	f	20	1	diamond	red	dif	(968, 450)	(632, 450)	hori	left	True	480102	480973	left	(800, 450)	testing
8	ym	f	20	1	circle	none	dif	N_dis	(800, 618)	hori	left	True	482548	484108	left	(800, 450)	testing
8	ym	f	20	1	diamond	none	dif	N_dis	(968, 450)	hori	left	True	485488	487052	left	(800, 450)	testing
8	ym	f	20	1	circle	green	dif	(968, 450)	(800, 282)	hori	left	True	488522	489613	up	(800, 450)	testing
8	ym	f	20	1	circle	green	dif	(800, 618)	(632, 450)	hori	left	True	492765	494589	left	(800, 450)	testing
8	ym	f	20	1	circle	red	dif	(800, 618)	(800, 282)	hori	left	True	496224	497213	left	(800, 450)	testing
8	ym	f	20	1	circle	red	dif	(632, 450)	(968, 450)	hori	left	True	498805	500237	left	(800, 450)	testing
8	ym	f	20	1	circle	red	dif	(800, 618)	(968, 450)	vert	up	True	501664	503245	up	(800, 450)	testing
8	ym	f	20	1	diamond	green	same	(632, 450)	(800, 618)	vert	up	True	504738	505885	up	(800, 450)	testing
8	ym	f	20	1	diamond	none	dif	N_dis	(968, 450)	vert	up	True	507390	508525	up	(800, 450)	testing
8	ym	f	20	1	diamond	red	same	(800, 618)	(632, 450)	vert	up	True	510077	511229	up	(800, 450)	testing
8	ym	f	20	1	diamond	red	same	(800, 282)	(968, 450)	hori	left	True	512611	513789	left	(800, 450)	testing
8	ym	f	20	1	circle	green	same	(968, 450)	(800, 618)	vert	up	True	515398	516477	up	(800, 450)	testing
8	ym	f	20	1	circle	green	dif	(800, 618)	(800, 282)	vert	up	True	518114	518925	up	(800, 450)	testing
8	ym	f	20	1	diamond	green	dif	(632, 450)	(968, 450)	vert	up	True	520364	521293	up	(800, 450)	testing
8	ym	f	20	1	circle	green	same	(632, 450)	(800, 282)	vert	up	True	522802	523869	up	(800, 450)	testing
8	ym	f	20	1	circle	none	dif	N_dis	(968, 450)	vert	up	True	525415	526301	up	(800, 450)	testing
8	ym	f	20	1	diamond	none	dif	N_dis	(968, 450)	hori	left	True	527697	528717	left	(800, 450)	testing
8	ym	f	20	1	diamond	green	same	(800, 618)	(800, 282)	vert	up	True	530214	530941	up	(800, 450)	testing
8	ym	f	20	1	circle	none	dif	N_dis	(800, 618)	hori	left	True	532426	533837	left	(800, 450)	testing
8	ym	f	20	1	diamond	red	same	(800, 618)	(968, 450)	hori	left	True	535491	537277	up	(800, 450)	testing
8	ym	f	20	1	circle	red	dif	(968, 450)	(800, 282)	vert	up	True	540237	541677	up	(800, 450)	testing
8	ym	f	20	1	diamond	none	same	N_dis	(800, 282)	hori	left	True	543224	544813	left	(800, 450)	testing
8	ym	f	20	1	circle	green	dif	(632, 450)	(800, 282)	vert	up	True	546207	548413	up	(800, 450)	testing
8	ym	f	20	1	diamond	red	dif	(800, 618)	(800, 282)	hori	left	True	549982	550861	left	(800, 450)	testing
8	ym	f	20	1	circle	green	same	(968, 450)	(800, 282)	vert	up	True	552315	553581	up	(800, 450)	testing
8	ym	f	20	1	diamond	green	same	(968, 450)	(800, 618)	vert	up	True	555083	556108	up	(800, 450)	testing
8	ym	f	20	1	circle	green	same	(800, 282)	(800, 618)	hori	left	True	557634	559965	left	(800, 450)	testing
8	ym	f	20	1	circle	green	same	(800, 618)	(968, 450)	hori	left	True	561393	562653	left	(800, 450)	testing
8	ym	f	20	1	diamond	red	same	(632, 450)	(800, 282)	vert	up	True	564173	566156	up	(800, 450)	testing
8	ym	f	20	1	diamond	green	same	(800, 282)	(632, 450)	hori	left	True	567553	568893	left	(800, 450)	testing
8	ym	f	20	1	diamond	green	dif	(968, 450)	(800, 618)	hori	left	True	570473	571917	left	(800, 450)	testing
8	ym	f	20	1	diamond	none	same	N_dis	(800, 282)	vert	up	True	573418	574365	up	(800, 450)	testing
8	ym	f	20	1	diamond	none	dif	N_dis	(632, 450)	hori	left	True	575866	576797	left	(800, 450)	testing
8	ym	f	20	1	circle	none	same	N_dis	(800, 282)	hori	left	True	578198	580413	left	(800, 450)	testing
8	ym	f	20	1	circle	green	dif	(968, 450)	(632, 450)	vert	up	True	581948	583213	left	(800, 450)	testing
8	ym	f	20	1	diamond	green	dif	(968, 450)	(800, 282)	vert	up	True	586147	588156	up	(800, 450)	testing
8	ym	f	20	1	diamond	red	dif	(800, 618)	(968, 450)	vert	up	True	589603	590845	up	(800, 450)	testing
8	ym	f	20	1	circle	green	dif	(968, 450)	(632, 450)	vert	up	False	592443	None	None	(800, 450)	testing
8	ym	f	20	1	circle	none	same	N_dis	(800, 618)	hori	left	True	598415	599789	left	(800, 450)	testing
8	ym	f	20	1	circle	none	same	N_dis	(800, 282)	vert	up	True	601323	602173	up	(800, 450)	testing
8	ym	f	20	1	circle	green	dif	(800, 618)	(800, 282)	vert	up	True	603841	605757	up	(800, 450)	testing
8	ym	f	20	1	circle	red	dif	(800, 618)	(632, 450)	hori	left	True	607352	608477	left	(800, 450)	testing
8	ym	f	20	1	circle	red	same	(968, 450)	(632, 450)	vert	up	True	610022	611837	up	(800, 450)	testing
8	ym	f	20	1	circle	green	same	(800, 618)	(968, 450)	hori	left	True	613389	614253	left	(800, 450)	testing
8	ym	f	20	1	diamond	green	dif	(800, 618)	(632, 450)	hori	left	True	615785	616941	left	(800, 450)	testing
8	ym	f	20	1	circle	red	same	(632, 450)	(800, 282)	vert	up	True	618361	619629	up	(800, 450)	testing
8	ym	f	20	1	diamond	red	same	(968, 450)	(632, 450)	hori	left	True	621150	623437	left	(800, 450)	testing
8	ym	f	20	1	diamond	red	same	(800, 618)	(800, 282)	vert	up	True	625062	626493	up	(800, 450)	testing
8	ym	f	20	1	circle	red	dif	(968, 450)	(632, 450)	vert	up	True	627914	629853	up	(800, 450)	testing
8	ym	f	20	1	circle	none	dif	N_dis	(968, 450)	hori	left	True	631287	632877	left	(800, 450)	testing
8	ym	f	20	1	circle	none	dif	N_dis	(800, 618)	hori	left	True	634356	635901	left	(800, 450)	testing
8	ym	f	20	1	circle	green	same	(968, 450)	(800, 618)	hori	left	True	637427	639421	left	(800, 450)	testing
8	ym	f	20	1	diamond	green	dif	(800, 618)	(968, 450)	vert	up	True	640845	642205	up	(800, 450)	testing
8	ym	f	20	1	circle	green	dif	(968, 450)	(632, 450)	vert	up	True	643587	644973	up	(800, 450)	testing
8	ym	f	20	1	circle	green	dif	(800, 618)	(968, 450)	hori	left	True	646349	647293	left	(800, 450)	testing
8	ym	f	20	1	diamond	none	dif	N_dis	(800, 282)	vert	up	True	648915	649981	up	(800, 450)	testing
8	ym	f	20	1	circle	red	same	(800, 282)	(800, 618)	hori	left	True	651626	652845	left	(800, 450)	testing
8	ym	f	20	1	diamond	none	same	N_dis	(800, 618)	hori	left	True	654243	655533	left	(800, 450)	testing
8	ym	f	20	1	circle	green	dif	(800, 618)	(632, 450)	vert	up	True	657116	658701	up	(800, 450)	testing
8	ym	f	20	1	diamond	red	same	(632, 450)	(968, 450)	vert	up	True	660298	661581	up	(800, 450)	testing
8	ym	f	20	1	diamond	green	dif	(632, 450)	(968, 450)	vert	up	True	663184	664028	up	(800, 450)	testing
8	ym	f	20	1	circle	none	dif	N_dis	(800, 618)	vert	up	True	665524	666701	up	(800, 450)	testing
8	ym	f	20	1	circle	green	dif	(800, 618)	(632, 450)	vert	up	True	668372	669132	up	(800, 450)	testing
8	ym	f	20	1	circle	green	dif	(800, 618)	(632, 450)	vert	up	True	670782	672012	up	(800, 450)	testing
8	ym	f	20	1	diamond	red	same	(800, 618)	(632, 450)	hori	left	True	673386	675869	left	(800, 450)	testing
8	ym	f	20	1	diamond	red	same	(800, 618)	(968, 450)	vert	up	True	677514	678909	up	(800, 450)	testing
8	ym	f	20	1	diamond	red	dif	(632, 450)	(800, 282)	hori	left	True	680536	681677	left	(800, 450)	testing
8	ym	f	20	1	diamond	red	dif	(800, 618)	(800, 282)	vert	up	True	683342	685309	up	(800, 450)	testing
8	ym	f	20	1	diamond	none	same	N_dis	(800, 618)	hori	left	True	686976	688012	left	(800, 450)	testing
8	ym	f	20	1	diamond	red	same	(968, 450)	(800, 282)	hori	left	True	689429	690669	left	(800, 450)	testing
8	ym	f	20	1	diamond	red	same	(800, 618)	(800, 282)	vert	up	True	692082	693084	up	(800, 450)	testing
8	ym	f	20	1	diamond	none	same	N_dis	(632, 450)	hori	left	True	694619	696381	left	(800, 450)	testing
8	ym	f	20	1	circle	green	dif	(800, 618)	(968, 450)	hori	left	True	697959	699741	left	(800, 450)	testing
8	ym	f	20	1	circle	red	dif	(968, 450)	(800, 618)	vert	up	True	701262	703068	up	(800, 450)	testing
8	ym	f	20	1	diamond	green	dif	(800, 618)	(632, 450)	vert	up	True	704683	706060	up	(800, 450)	testing
8	ym	f	20	1	circle	red	dif	(968, 450)	(800, 282)	hori	left	True	707605	708797	left	(800, 450)	testing
8	ym	f	20	1	circle	green	dif	(800, 282)	(632, 450)	hori	left	True	710182	711421	left	(800, 450)	testing
8	ym	f	20	1	circle	red	dif	(800, 618)	(632, 450)	vert	up	True	712925	713853	up	(800, 450)	testing
8	ym	f	20	1	circle	none	same	N_dis	(632, 450)	hori	left	True	715433	716509	left	(800, 450)	testing
8	ym	f	20	1	circle	red	dif	(800, 282)	(968, 450)	vert	up	True	718137	719020	up	(800, 450)	testing
8	ym	f	20	1	circle	green	same	(800, 618)	(800, 282)	hori	left	True	720568	721981	left	(800, 450)	testing
8	ym	f	20	1	diamond	none	dif	N_dis	(968, 450)	hori	left	True	723389	724669	left	(800, 450)	testing
8	ym	f	20	1	diamond	green	same	(800, 282)	(800, 618)	hori	left	True	726202	727533	left	(800, 450)	testing
8	ym	f	20	1	circle	red	same	(968, 450)	(632, 450)	hori	left	True	729044	729885	left	(800, 450)	testing
8	ym	f	20	1	diamond	green	same	(632, 450)	(800, 618)	vert	up	True	731429	732509	up	(800, 450)	testing
8	ym	f	20	1	circle	red	dif	(800, 618)	(800, 282)	hori	left	True	733899	736285	left	(800, 450)	testing
8	ym	f	20	1	circle	green	same	(800, 618)	(632, 450)	vert	up	True	737732	740461	up	(800, 450)	testing
8	ym	f	20	1	diamond	red	same	(800, 618)	(800, 282)	hori	left	True	741945	742957	left	(800, 450)	testing
8	ym	f	20	1	circle	red	dif	(632, 450)	(800, 618)	vert	up	True	744443	745533	up	(800, 450)	testing
8	ym	f	20	1	circle	green	same	(632, 450)	(968, 450)	hori	left	True	747133	748301	left	(800, 450)	testing
8	ym	f	20	1	circle	none	dif	N_dis	(632, 450)	hori	left	True	749815	750845	left	(800, 450)	testing
8	ym	f	20	1	circle	red	dif	(800, 282)	(800, 618)	vert	up	True	752267	753229	up	(800, 450)	testing
8	ym	f	20	1	diamond	green	same	(800, 282)	(800, 618)	vert	up	True	754631	755677	up	(800, 450)	testing
8	ym	f	20	1	circle	none	same	N_dis	(800, 282)	vert	up	True	757226	757853	up	(800, 450)	testing
8	ym	f	20	1	circle	none	same	N_dis	(968, 450)	vert	up	True	759470	760285	up	(800, 450)	testing
8	ym	f	20	1	circle	green	same	(968, 450)	(800, 282)	vert	up	True	761745	762877	up	(800, 450)	testing
8	ym	f	20	1	diamond	green	same	(968, 450)	(800, 618)	hori	left	True	764409	765773	left	(800, 450)	testing
8	ym	f	20	1	diamond	red	dif	(632, 450)	(800, 618)	vert	up	True	767300	768124	up	(800, 450)	testing
8	ym	f	20	1	diamond	none	dif	N_dis	(800, 618)	vert	up	True	769729	770317	up	(800, 450)	testing
8	ym	f	20	1	circle	red	same	(800, 618)	(968, 450)	hori	left	True	771934	772973	left	(800, 450)	testing
8	ym	f	20	1	circle	green	same	(968, 450)	(800, 282)	vert	up	True	774517	776156	up	(800, 450)	testing
8	ym	f	20	1	circle	red	dif	(632, 450)	(968, 450)	hori	left	True	777748	778733	left	(800, 450)	testing
8	ym	f	20	1	diamond	red	dif	(800, 618)	(968, 450)	vert	up	True	780400	781277	up	(800, 450)	testing
8	ym	f	20	1	diamond	green	dif	(968, 450)	(800, 618)	hori	left	True	782670	784124	left	(800, 450)	testing
8	ym	f	20	1	diamond	green	same	(632, 450)	(800, 282)	hori	left	True	785664	786541	left	(800, 450)	testing
8	ym	f	20	1	diamond	none	dif	N_dis	(800, 618)	vert	up	True	787973	788861	up	(800, 450)	testing
8	ym	f	20	1	diamond	red	dif	(800, 618)	(968, 450)	hori	left	True	790424	791036	left	(800, 450)	testing
8	ym	f	20	1	diamond	red	dif	(800, 618)	(968, 450)	hori	left	True	792687	793309	left	(800, 450)	testing
8	ym	f	20	1	circle	green	dif	(800, 618)	(632, 450)	hori	left	True	794852	795981	left	(800, 450)	testing
8	ym	f	20	1	diamond	none	dif	N_dis	(632, 450)	hori	left	True	797566	798237	left	(800, 450)	testing
8	ym	f	20	1	circle	none	dif	N_dis	(800, 618)	vert	up	True	799883	800845	up	(800, 450)	testing
8	ym	f	20	1	circle	red	same	(800, 618)	(968, 450)	vert	up	True	802326	803181	up	(800, 450)	testing
8	ym	f	20	1	circle	green	same	(632, 450)	(800, 618)	hori	left	True	804590	806381	left	(800, 450)	testing
8	ym	f	20	1	diamond	green	same	(800, 618)	(968, 450)	vert	up	True	807838	808877	up	(800, 450)	testing
8	ym	f	20	1	diamond	none	same	N_dis	(800, 618)	vert	up	True	810469	811261	up	(800, 450)	testing
8	ym	f	20	1	circle	none	dif	N_dis	(632, 450)	vert	up	True	812806	813997	up	(800, 450)	testing
8	ym	f	20	1	diamond	none	same	N_dis	(632, 450)	vert	up	True	815434	816957	up	(800, 450)	testing
8	ym	f	20	1	circle	none	dif	N_dis	(632, 450)	vert	up	True	818449	819789	up	(800, 450)	testing
8	ym	f	20	1	circle	green	dif	(800, 282)	(968, 450)	vert	up	True	821330	822461	up	(800, 450)	testing
8	ym	f	20	1	diamond	none	dif	N_dis	(968, 450)	vert	up	True	823959	825020	up	(800, 450)	testing
8	ym	f	20	1	circle	none	dif	N_dis	(632, 450)	vert	up	True	826536	827613	up	(800, 450)	testing
8	ym	f	20	1	circle	red	same	(632, 450)	(800, 282)	hori	left	True	829117	830861	left	(800, 450)	testing
8	ym	f	20	1	diamond	none	same	N_dis	(800, 282)	hori	left	True	832457	833437	left	(800, 450)	testing
8	ym	f	20	1	circle	red	same	(800, 618)	(968, 450)	vert	up	True	834939	835821	up	(800, 450)	testing
8	ym	f	20	1	diamond	green	dif	(800, 282)	(632, 450)	hori	left	True	837213	838397	left	(800, 450)	testing
8	ym	f	20	1	diamond	red	dif	(968, 450)	(632, 450)	hori	left	True	839883	840669	left	(800, 450)	testing
8	ym	f	20	1	diamond	green	same	(800, 282)	(632, 450)	vert	up	True	842205	842909	up	(800, 450)	testing
8	ym	f	20	1	diamond	red	dif	(800, 282)	(968, 450)	hori	left	True	844307	845213	left	(800, 450)	testing
8	ym	f	20	1	diamond	none	same	N_dis	(800, 618)	hori	left	True	846867	848493	up	(800, 450)	testing
8	ym	f	20	1	diamond	none	dif	N_dis	(968, 450)	hori	left	True	851543	852477	left	(800, 450)	testing
8	ym	f	20	1	circle	green	dif	(800, 618)	(968, 450)	vert	up	True	853891	854733	up	(800, 450)	testing
8	ym	f	20	1	diamond	green	dif	(968, 450)	(632, 450)	hori	left	True	856214	857533	left	(800, 450)	testing
8	ym	f	20	1	circle	none	same	N_dis	(968, 450)	vert	up	True	859016	859901	left	(800, 450)	testing
8	ym	f	20	1	circle	none	same	N_dis	(800, 282)	vert	up	True	862879	864156	up	(800, 450)	testing
8	ym	f	20	1	circle	red	dif	(800, 282)	(968, 450)	vert	up	True	865786	866797	up	(800, 450)	testing
8	ym	f	20	1	circle	red	dif	(800, 618)	(968, 450)	hori	left	True	868270	869405	left	(800, 450)	testing
8	ym	f	20	1	circle	none	same	N_dis	(968, 450)	vert	up	True	870842	871789	up	(800, 450)	testing
8	ym	f	20	1	circle	red	same	(800, 618)	(800, 282)	vert	up	True	873178	874060	up	(800, 450)	testing
8	ym	f	20	1	diamond	red	same	(800, 618)	(632, 450)	vert	up	True	875435	876589	up	(800, 450)	testing
8	ym	f	20	1	diamond	none	dif	N_dis	(632, 450)	vert	up	True	878100	878797	up	(800, 450)	testing
8	ym	f	20	1	circle	none	same	N_dis	(800, 282)	hori	left	True	880395	881341	left	(800, 450)	testing
8	ym	f	20	1	diamond	green	same	(800, 618)	(632, 450)	vert	up	True	882830	883757	up	(800, 450)	testing
8	ym	f	20	1	circle	none	dif	N_dis	(968, 450)	hori	left	True	885138	886060	left	(800, 450)	testing
8	ym	f	20	1	diamond	none	dif	N_dis	(800, 282)	vert	up	True	887580	888493	up	(800, 450)	testing
8	ym	f	20	1	diamond	green	dif	(800, 282)	(632, 450)	hori	left	True	890113	890877	left	(800, 450)	testing
8	ym	f	20	1	circle	green	same	(632, 450)	(800, 282)	hori	left	True	892468	893949	left	(800, 450)	testing
8	ym	f	20	1	circle	red	same	(800, 282)	(968, 450)	hori	left	True	895401	897148	left	(800, 450)	testing
8	ym	f	20	1	diamond	red	dif	(632, 450)	(800, 282)	vert	up	True	898632	899597	up	(800, 450)	testing
8	ym	f	20	1	circle	red	same	(968, 450)	(800, 282)	vert	up	True	901256	902685	up	(800, 450)	testing
8	ym	f	20	1	diamond	red	same	(800, 618)	(632, 450)	hori	left	True	904111	905084	left	(800, 450)	testing
8	ym	f	20	1	diamond	red	dif	(800, 618)	(800, 282)	vert	up	True	906725	908237	up	(800, 450)	testing
8	ym	f	20	1	diamond	red	dif	(968, 450)	(632, 450)	vert	up	True	909808	910701	up	(800, 450)	testing
8	ym	f	20	1	diamond	red	same	(968, 450)	(800, 618)	hori	left	True	912356	913245	left	(800, 450)	testing
8	ym	f	20	1	circle	none	dif	N_dis	(968, 450)	vert	up	True	914688	915709	up	(800, 450)	testing
8	ym	f	20	1	diamond	none	same	N_dis	(800, 282)	vert	up	True	917299	918749	up	(800, 450)	testing
8	ym	f	20	1	circle	green	dif	(632, 450)	(968, 450)	hori	left	True	920412	921821	left	(800, 450)	testing
8	ym	f	20	1	circle	none	same	N_dis	(800, 282)	hori	left	True	923264	924909	left	(800, 450)	testing
8	ym	f	20	1	circle	green	same	(800, 618)	(800, 282)	hori	left	True	926453	927805	left	(800, 450)	testing
8	ym	f	20	1	diamond	none	dif	N_dis	(800, 282)	vert	up	True	929261	930445	up	(800, 450)	testing
8	ym	f	20	1	circle	red	dif	(800, 618)	(800, 282)	hori	left	True	932041	933757	left	(800, 450)	testing
8	ym	f	20	1	circle	none	same	N_dis	(968, 450)	hori	left	True	935143	936028	left	(800, 450)	testing
8	ym	f	20	1	circle	none	dif	N_dis	(632, 450)	hori	left	True	937600	938349	left	(800, 450)	testing
8	ym	f	20	1	diamond	none	same	N_dis	(968, 450)	hori	left	True	939731	940557	left	(800, 450)	testing
8	ym	f	20	1	diamond	none	same	N_dis	(800, 618)	vert	up	True	942092	943197	up	(800, 450)	testing
8	ym	f	20	1	circle	green	dif	(800, 282)	(800, 618)	vert	up	True	944666	946445	up	(800, 450)	testing
8	ym	f	20	1	circle	none	dif	N_dis	(968, 450)	vert	up	True	948020	949197	up	(800, 450)	testing
8	ym	f	20	1	diamond	red	dif	(800, 618)	(968, 450)	hori	left	True	950627	951325	left	(800, 450)	testing
8	ym	f	20	1	circle	none	dif	N_dis	(800, 618)	hori	left	True	952920	954044	left	(800, 450)	testing
8	ym	f	20	1	diamond	red	same	(800, 282)	(632, 450)	vert	up	True	955609	956365	up	(800, 450)	testing
8	ym	f	20	1	diamond	green	same	(800, 282)	(632, 450)	vert	up	True	957761	958525	left	(800, 450)	testing
8	ym	f	20	1	diamond	none	dif	N_dis	(968, 450)	vert	up	True	961441	962349	up	(800, 450)	testing
8	ym	f	20	1	circle	none	dif	N_dis	(632, 450)	hori	left	True	963980	964701	left	(800, 450)	testing
8	ym	f	20	1	diamond	red	dif	(800, 618)	(632, 450)	vert	up	True	966277	967164	up	(800, 450)	testing
8	ym	f	20	1	circle	none	same	N_dis	(968, 450)	vert	up	True	968578	969709	up	(800, 450)	testing
8	ym	f	20	1	circle	none	same	N_dis	(800, 618)	vert	up	True	971324	972493	up	(800, 450)	testing
8	ym	f	20	1	diamond	none	dif	N_dis	(968, 450)	hori	left	True	974140	975020	left	(800, 450)	testing
8	ym	f	20	1	circle	green	dif	(800, 282)	(968, 450)	vert	up	True	976488	977197	up	(800, 450)	testing
8	ym	f	20	1	circle	red	dif	(800, 618)	(968, 450)	vert	up	True	978787	979373	up	(800, 450)	testing
8	ym	f	20	1	diamond	green	dif	(800, 618)	(968, 450)	hori	left	True	980936	981773	left	(800, 450)	testing
8	ym	f	20	1	diamond	none	same	N_dis	(632, 450)	hori	left	True	983247	984044	left	(800, 450)	testing
8	ym	f	20	1	diamond	red	dif	(800, 618)	(800, 282)	hori	left	True	985485	986221	left	(800, 450)	testing
8	ym	f	20	1	circle	none	dif	N_dis	(800, 618)	vert	up	True	987748	989213	up	(800, 450)	testing
8	ym	f	20	1	diamond	green	same	(800, 282)	(632, 450)	hori	left	True	990808	991933	left	(800, 450)	testing
8	ym	f	20	1	circle	green	same	(632, 450)	(968, 450)	hori	left	True	993348	994637	left	(800, 450)	testing
8	ym	f	20	1	diamond	none	dif	N_dis	(632, 450)	hori	left	True	996255	997100	left	(800, 450)	testing
8	ym	f	20	1	diamond	green	same	(800, 618)	(800, 282)	hori	left	True	998652	999581	left	(800, 450)	testing
8	ym	f	20	1	diamond	none	same	N_dis	(800, 618)	hori	left	True	1001147	1001981	left	(800, 450)	testing
8	ym	f	20	1	diamond	green	same	(800, 618)	(968, 450)	vert	up	True	1003624	1004605	up	(800, 450)	testing
8	ym	f	20	1	circle	red	dif	(800, 618)	(800, 282)	vert	up	True	1006237	1007517	up	(800, 450)	testing
8	ym	f	20	1	circle	none	same	N_dis	(632, 450)	vert	up	True	1009188	1010221	up	(800, 450)	testing
8	ym	f	20	1	diamond	red	dif	(800, 282)	(800, 618)	hori	left	True	1011776	1012877	left	(800, 450)	testing
8	ym	f	20	1	diamond	none	same	N_dis	(632, 450)	vert	up	True	1014531	1015181	up	(800, 450)	testing
