subj	name	gender	age	runNum	shape	dist	td_dif	d_loc	t_loc	resp	resp_key	gotKey	startTime	respTime	resp	fix_loc	prac
8	ym	f	20	3	circle	red	dif	(800, 618)	(632, 450)	hori	left	True	30491	31309	left	(800, 450)	testing
8	ym	f	20	3	diamond	red	same	(800, 618)	(968, 450)	vert	up	True	32857	33519	up	(800, 450)	testing
8	ym	f	20	3	circle	red	same	(800, 618)	(632, 450)	hori	left	True	35154	35807	left	(800, 450)	testing
8	ym	f	20	3	circle	green	dif	(800, 282)	(800, 618)	vert	up	True	37400	38334	up	(800, 450)	testing
8	ym	f	20	3	diamond	red	dif	(968, 450)	(800, 618)	vert	up	True	39934	40495	up	(800, 450)	testing
8	ym	f	20	3	diamond	green	same	(800, 618)	(632, 450)	hori	left	True	42053	42799	left	(800, 450)	testing
8	ym	f	20	3	circle	none	dif	N_dis	(632, 450)	hori	left	True	44229	45424	left	(800, 450)	testing
8	ym	f	20	3	circle	none	dif	N_dis	(968, 450)	vert	up	True	47032	47742	up	(800, 450)	testing
8	ym	f	20	3	circle	red	dif	(800, 618)	(968, 450)	hori	left	True	49134	50046	left	(800, 450)	testing
8	ym	f	20	3	diamond	red	dif	(800, 282)	(968, 450)	hori	left	True	51498	52623	left	(800, 450)	testing
8	ym	f	20	3	diamond	red	same	(968, 450)	(800, 282)	vert	up	True	54221	55278	up	(800, 450)	testing
8	ym	f	20	3	circle	none	dif	N_dis	(968, 450)	hori	left	True	56940	57967	left	(800, 450)	testing
8	ym	f	20	3	circle	none	dif	N_dis	(800, 282)	vert	up	True	59613	60639	up	(800, 450)	testing
8	ym	f	20	3	circle	green	dif	(800, 282)	(968, 450)	hori	left	True	62138	63663	left	(800, 450)	testing
8	ym	f	20	3	diamond	none	dif	N_dis	(800, 618)	vert	up	True	65222	65999	up	(800, 450)	testing
8	ym	f	20	3	circle	red	dif	(632, 450)	(968, 450)	vert	up	True	67584	68783	up	(800, 450)	testing
8	ym	f	20	3	circle	green	dif	(800, 618)	(800, 282)	hori	left	True	70317	71326	left	(800, 450)	testing
8	ym	f	20	3	diamond	green	dif	(800, 618)	(968, 450)	vert	up	True	72735	73551	up	(800, 450)	testing
8	ym	f	20	3	circle	green	dif	(632, 450)	(800, 618)	hori	left	True	75207	76767	left	(800, 450)	testing
8	ym	f	20	3	diamond	red	same	(632, 450)	(968, 450)	hori	left	True	78422	79230	left	(800, 450)	testing
8	ym	f	20	3	diamond	green	same	(632, 450)	(968, 450)	vert	up	True	80610	81358	up	(800, 450)	testing
8	ym	f	20	3	diamond	green	same	(800, 618)	(968, 450)	hori	left	True	82843	83471	left	(800, 450)	testing
8	ym	f	20	3	circle	red	same	(968, 450)	(800, 282)	hori	left	True	85077	86062	left	(800, 450)	testing
8	ym	f	20	3	diamond	green	dif	(800, 282)	(800, 618)	vert	up	True	87719	88479	up	(800, 450)	testing
8	ym	f	20	3	circle	none	same	N_dis	(800, 618)	hori	left	True	90093	90943	left	(800, 450)	testing
8	ym	f	20	3	circle	green	same	(632, 450)	(800, 618)	hori	left	True	92336	93198	left	(800, 450)	testing
8	ym	f	20	3	circle	red	same	(968, 450)	(632, 450)	vert	up	True	94685	95374	up	(800, 450)	testing
8	ym	f	20	3	diamond	none	same	N_dis	(632, 450)	vert	up	True	96764	97455	up	(800, 450)	testing
8	ym	f	20	3	circle	green	same	(800, 618)	(800, 282)	vert	up	True	98909	99759	left	(800, 450)	testing
8	ym	f	20	3	diamond	none	dif	N_dis	(800, 282)	vert	up	True	102678	103358	up	(800, 450)	testing
8	ym	f	20	3	circle	red	same	(800, 282)	(632, 450)	vert	up	True	105008	106782	up	(800, 450)	testing
8	ym	f	20	3	diamond	green	dif	(800, 282)	(632, 450)	hori	left	True	108248	109390	left	(800, 450)	testing
8	ym	f	20	3	diamond	none	dif	N_dis	(800, 282)	hori	left	True	110799	111999	left	(800, 450)	testing
8	ym	f	20	3	circle	red	same	(632, 450)	(800, 282)	hori	left	True	113373	114238	left	(800, 450)	testing
8	ym	f	20	3	diamond	red	dif	(968, 450)	(632, 450)	vert	up	True	115834	116687	up	(800, 450)	testing
8	ym	f	20	3	circle	none	dif	N_dis	(632, 450)	hori	left	True	118277	119823	left	(800, 450)	testing
8	ym	f	20	3	diamond	green	dif	(968, 450)	(800, 282)	vert	up	True	121280	122190	up	(800, 450)	testing
8	ym	f	20	3	diamond	none	same	N_dis	(800, 618)	hori	left	True	123618	124751	left	(800, 450)	testing
8	ym	f	20	3	circle	green	same	(632, 450)	(968, 450)	vert	up	True	126260	127759	up	(800, 450)	testing
8	ym	f	20	3	circle	red	dif	(800, 618)	(800, 282)	vert	up	True	129321	130511	up	(800, 450)	testing
8	ym	f	20	3	circle	red	dif	(968, 450)	(800, 282)	vert	up	True	132162	132863	up	(800, 450)	testing
8	ym	f	20	3	circle	none	same	N_dis	(800, 618)	hori	left	True	134305	135294	left	(800, 450)	testing
8	ym	f	20	3	diamond	none	same	N_dis	(632, 450)	vert	up	True	136946	137647	up	(800, 450)	testing
8	ym	f	20	3	diamond	red	same	(800, 282)	(632, 450)	hori	left	True	139037	139887	left	(800, 450)	testing
8	ym	f	20	3	circle	none	same	N_dis	(800, 282)	vert	up	True	141414	142975	up	(800, 450)	testing
8	ym	f	20	3	circle	none	same	N_dis	(800, 282)	vert	up	True	144554	145326	up	(800, 450)	testing
8	ym	f	20	3	diamond	red	dif	(968, 450)	(632, 450)	vert	up	True	146813	148270	up	(800, 450)	testing
8	ym	f	20	3	diamond	red	same	(632, 450)	(800, 618)	vert	up	True	149694	150479	up	(800, 450)	testing
8	ym	f	20	3	diamond	green	dif	(800, 282)	(968, 450)	vert	up	True	151852	152511	up	(800, 450)	testing
8	ym	f	20	3	circle	green	dif	(800, 282)	(968, 450)	hori	left	True	154143	155022	left	(800, 450)	testing
8	ym	f	20	3	diamond	none	dif	N_dis	(632, 450)	vert	up	True	156679	157358	up	(800, 450)	testing
8	ym	f	20	3	circle	green	same	(632, 450)	(800, 282)	vert	up	True	158901	159919	up	(800, 450)	testing
8	ym	f	20	3	diamond	none	same	N_dis	(968, 450)	vert	up	True	161337	162030	up	(800, 450)	testing
8	ym	f	20	3	circle	none	same	N_dis	(968, 450)	vert	up	True	163482	164318	up	(800, 450)	testing
8	ym	f	20	3	diamond	green	same	(800, 282)	(800, 618)	hori	left	True	165769	166526	left	(800, 450)	testing
8	ym	f	20	3	diamond	green	same	(968, 450)	(800, 618)	vert	up	True	167970	168959	up	(800, 450)	testing
8	ym	f	20	3	circle	green	same	(968, 450)	(800, 618)	vert	up	True	170588	172030	up	(800, 450)	testing
8	ym	f	20	3	diamond	red	dif	(632, 450)	(800, 282)	hori	left	True	173592	174495	left	(800, 450)	testing
8	ym	f	20	3	diamond	none	dif	N_dis	(800, 618)	hori	left	True	175886	176767	left	(800, 450)	testing
8	ym	f	20	3	diamond	none	same	N_dis	(968, 450)	hori	left	True	178375	179118	left	(800, 450)	testing
8	ym	f	20	3	circle	red	dif	(800, 618)	(632, 450)	vert	up	True	180718	181647	up	(800, 450)	testing
8	ym	f	20	3	diamond	red	same	(800, 618)	(968, 450)	hori	left	True	183096	183807	left	(800, 450)	testing
8	ym	f	20	3	circle	red	same	(800, 618)	(632, 450)	vert	up	True	185362	186222	up	(800, 450)	testing
8	ym	f	20	3	circle	green	dif	(800, 282)	(800, 618)	hori	left	True	187675	188575	left	(800, 450)	testing
8	ym	f	20	3	diamond	red	dif	(968, 450)	(800, 618)	vert	up	True	190040	190783	up	(800, 450)	testing
8	ym	f	20	3	diamond	green	same	(800, 618)	(632, 450)	hori	left	True	192273	192975	left	(800, 450)	testing
8	ym	f	20	3	circle	none	dif	N_dis	(632, 450)	hori	left	True	194547	195358	left	(800, 450)	testing
8	ym	f	20	3	circle	none	dif	N_dis	(968, 450)	vert	up	True	196799	197631	up	(800, 450)	testing
8	ym	f	20	3	circle	red	dif	(800, 618)	(968, 450)	vert	up	True	199041	199743	up	(800, 450)	testing
8	ym	f	20	3	diamond	red	dif	(800, 282)	(968, 450)	hori	left	True	201125	201839	left	(800, 450)	testing
8	ym	f	20	3	diamond	red	same	(968, 450)	(800, 282)	hori	left	True	203332	203983	left	(800, 450)	testing
8	ym	f	20	3	circle	none	dif	N_dis	(968, 450)	hori	left	True	205567	206366	left	(800, 450)	testing
8	ym	f	20	3	circle	none	dif	N_dis	(800, 282)	vert	up	True	207744	208527	up	(800, 450)	testing
8	ym	f	20	3	circle	green	dif	(800, 282)	(968, 450)	hori	left	True	210149	210911	left	(800, 450)	testing
8	ym	f	20	3	diamond	none	dif	N_dis	(800, 618)	vert	up	True	212410	213150	up	(800, 450)	testing
8	ym	f	20	3	circle	red	dif	(632, 450)	(968, 450)	vert	up	True	214631	215631	up	(800, 450)	testing
8	ym	f	20	3	circle	green	dif	(800, 618)	(800, 282)	vert	up	True	217143	217807	up	(800, 450)	testing
8	ym	f	20	3	diamond	green	dif	(800, 618)	(968, 450)	vert	up	True	219195	220415	up	(800, 450)	testing
8	ym	f	20	3	circle	green	dif	(632, 450)	(800, 618)	vert	up	True	221888	222719	up	(800, 450)	testing
8	ym	f	20	3	diamond	red	same	(632, 450)	(968, 450)	hori	left	True	224209	224831	left	(800, 450)	testing
8	ym	f	20	3	diamond	green	same	(632, 450)	(968, 450)	vert	up	True	226353	227021	up	(800, 450)	testing
8	ym	f	20	3	diamond	green	same	(800, 618)	(968, 450)	hori	left	True	228624	229214	left	(800, 450)	testing
8	ym	f	20	3	circle	red	same	(968, 450)	(800, 282)	vert	up	True	230596	231839	up	(800, 450)	testing
8	ym	f	20	3	diamond	green	dif	(800, 282)	(800, 618)	vert	up	True	233289	234046	up	(800, 450)	testing
8	ym	f	20	3	circle	none	same	N_dis	(800, 618)	hori	left	True	235591	236350	left	(800, 450)	testing
8	ym	f	20	3	circle	green	same	(632, 450)	(800, 618)	hori	left	True	237923	238863	left	(800, 450)	testing
8	ym	f	20	3	circle	red	same	(968, 450)	(632, 450)	vert	up	True	240309	241278	up	(800, 450)	testing
8	ym	f	20	3	diamond	none	same	N_dis	(632, 450)	hori	left	True	242870	243631	left	(800, 450)	testing
8	ym	f	20	3	circle	green	same	(800, 618)	(800, 282)	hori	left	True	245114	245743	left	(800, 450)	testing
8	ym	f	20	3	diamond	none	dif	N_dis	(800, 282)	vert	up	True	247154	247919	up	(800, 450)	testing
8	ym	f	20	3	circle	red	same	(800, 282)	(632, 450)	vert	up	True	249469	250399	up	(800, 450)	testing
8	ym	f	20	3	diamond	green	dif	(800, 282)	(632, 450)	hori	left	True	251859	252527	left	(800, 450)	testing
8	ym	f	20	3	diamond	none	dif	N_dis	(800, 282)	vert	up	True	253916	254559	up	(800, 450)	testing
8	ym	f	20	3	circle	red	same	(632, 450)	(800, 282)	vert	up	True	255996	257134	up	(800, 450)	testing
8	ym	f	20	3	diamond	red	dif	(968, 450)	(632, 450)	vert	up	True	258801	259503	up	(800, 450)	testing
8	ym	f	20	3	circle	none	dif	N_dis	(632, 450)	vert	up	True	261061	261887	up	(800, 450)	testing
8	ym	f	20	3	diamond	green	dif	(968, 450)	(800, 282)	hori	left	True	263493	264206	left	(800, 450)	testing
8	ym	f	20	3	diamond	none	same	N_dis	(800, 618)	hori	left	True	265853	266623	left	(800, 450)	testing
8	ym	f	20	3	circle	green	same	(632, 450)	(968, 450)	vert	up	True	268171	269294	up	(800, 450)	testing
8	ym	f	20	3	circle	red	dif	(800, 618)	(800, 282)	hori	left	True	270947	271727	left	(800, 450)	testing
8	ym	f	20	3	circle	red	dif	(968, 450)	(800, 282)	hori	left	True	273170	273775	left	(800, 450)	testing
8	ym	f	20	3	circle	none	same	N_dis	(800, 618)	hori	left	True	275373	276431	left	(800, 450)	testing
8	ym	f	20	3	diamond	none	same	N_dis	(632, 450)	vert	up	True	278050	278783	up	(800, 450)	testing
8	ym	f	20	3	diamond	red	same	(800, 282)	(632, 450)	vert	up	True	280190	281102	up	(800, 450)	testing
8	ym	f	20	3	circle	none	same	N_dis	(800, 282)	vert	up	True	282554	283487	up	(800, 450)	testing
8	ym	f	20	3	circle	none	same	N_dis	(800, 282)	vert	up	True	284881	285631	up	(800, 450)	testing
8	ym	f	20	3	diamond	red	dif	(968, 450)	(632, 450)	vert	up	True	287105	287967	up	(800, 450)	testing
8	ym	f	20	3	diamond	red	same	(632, 450)	(800, 618)	vert	up	True	289601	290254	up	(800, 450)	testing
8	ym	f	20	3	diamond	green	dif	(800, 282)	(968, 450)	hori	left	True	291669	292302	left	(800, 450)	testing
8	ym	f	20	3	circle	green	dif	(800, 282)	(968, 450)	hori	left	True	293866	295022	left	(800, 450)	testing
8	ym	f	20	3	diamond	none	dif	N_dis	(632, 450)	vert	up	True	296593	297230	up	(800, 450)	testing
8	ym	f	20	3	circle	green	same	(632, 450)	(800, 282)	vert	up	True	298901	299887	up	(800, 450)	testing
8	ym	f	20	3	diamond	none	same	N_dis	(968, 450)	hori	left	True	301367	302126	left	(800, 450)	testing
8	ym	f	20	3	circle	none	same	N_dis	(968, 450)	vert	up	True	303691	304639	up	(800, 450)	testing
8	ym	f	20	3	diamond	green	same	(800, 282)	(800, 618)	vert	up	True	306260	306975	up	(800, 450)	testing
8	ym	f	20	3	diamond	green	same	(968, 450)	(800, 618)	vert	up	True	308366	309342	up	(800, 450)	testing
8	ym	f	20	3	circle	green	same	(968, 450)	(800, 618)	hori	left	True	311001	311999	left	(800, 450)	testing
8	ym	f	20	3	diamond	red	dif	(632, 450)	(800, 282)	hori	left	True	313379	314158	left	(800, 450)	testing
8	ym	f	20	3	diamond	none	dif	N_dis	(800, 618)	hori	left	True	315667	316511	left	(800, 450)	testing
8	ym	f	20	3	diamond	none	same	N_dis	(968, 450)	hori	left	True	317965	318783	left	(800, 450)	testing
8	ym	f	20	3	circle	red	dif	(800, 618)	(632, 450)	hori	left	True	320312	321150	left	(800, 450)	testing
8	ym	f	20	3	diamond	red	same	(800, 618)	(968, 450)	hori	left	True	322598	323278	left	(800, 450)	testing
8	ym	f	20	3	circle	red	same	(800, 618)	(632, 450)	hori	left	True	324825	326142	left	(800, 450)	testing
8	ym	f	20	3	circle	green	dif	(800, 282)	(800, 618)	vert	up	True	327548	328591	up	(800, 450)	testing
8	ym	f	20	3	diamond	red	dif	(968, 450)	(800, 618)	hori	left	True	330148	331182	left	(800, 450)	testing
8	ym	f	20	3	diamond	green	same	(800, 618)	(632, 450)	vert	up	True	332675	333567	up	(800, 450)	testing
8	ym	f	20	3	circle	none	dif	N_dis	(632, 450)	hori	left	True	335047	335983	left	(800, 450)	testing
8	ym	f	20	3	circle	none	dif	N_dis	(968, 450)	vert	up	True	337513	338366	up	(800, 450)	testing
8	ym	f	20	3	circle	red	dif	(800, 618)	(968, 450)	vert	up	True	340008	340735	up	(800, 450)	testing
8	ym	f	20	3	diamond	red	dif	(800, 282)	(968, 450)	hori	left	True	342356	343038	left	(800, 450)	testing
8	ym	f	20	3	diamond	red	same	(968, 450)	(800, 282)	vert	up	True	344697	345246	up	(800, 450)	testing
8	ym	f	20	3	circle	none	dif	N_dis	(968, 450)	vert	up	True	346735	347599	up	(800, 450)	testing
8	ym	f	20	3	circle	none	dif	N_dis	(800, 282)	hori	left	True	349234	349871	left	(800, 450)	testing
8	ym	f	20	3	circle	green	dif	(800, 282)	(968, 450)	vert	up	True	351375	352350	up	(800, 450)	testing
8	ym	f	20	3	diamond	none	dif	N_dis	(800, 618)	hori	left	True	353817	354543	left	(800, 450)	testing
8	ym	f	20	3	circle	red	dif	(632, 450)	(968, 450)	vert	up	True	356058	357198	up	(800, 450)	testing
8	ym	f	20	3	circle	green	dif	(800, 618)	(800, 282)	hori	left	True	358585	359342	left	(800, 450)	testing
8	ym	f	20	3	diamond	green	dif	(800, 618)	(968, 450)	hori	left	True	360804	361471	left	(800, 450)	testing
8	ym	f	20	3	circle	green	dif	(632, 450)	(800, 618)	vert	up	True	363140	363903	up	(800, 450)	testing
8	ym	f	20	3	diamond	red	same	(632, 450)	(968, 450)	hori	left	True	365449	366222	left	(800, 450)	testing
8	ym	f	20	3	diamond	green	same	(632, 450)	(968, 450)	vert	up	True	367812	368463	up	(800, 450)	testing
8	ym	f	20	3	diamond	green	same	(800, 618)	(968, 450)	vert	up	True	369973	370687	up	(800, 450)	testing
8	ym	f	20	3	circle	red	same	(968, 450)	(800, 282)	vert	up	True	372266	372895	up	(800, 450)	testing
8	ym	f	20	3	diamond	green	dif	(800, 282)	(800, 618)	hori	left	True	374373	375118	left	(800, 450)	testing
8	ym	f	20	3	circle	none	same	N_dis	(800, 618)	hori	left	True	376718	377551	left	(800, 450)	testing
8	ym	f	20	3	circle	green	same	(632, 450)	(800, 618)	vert	up	True	378942	379679	up	(800, 450)	testing
8	ym	f	20	3	circle	red	same	(968, 450)	(632, 450)	vert	up	True	381079	381919	up	(800, 450)	testing
8	ym	f	20	3	diamond	none	same	N_dis	(632, 450)	hori	left	True	383543	384158	left	(800, 450)	testing
8	ym	f	20	3	circle	green	same	(800, 618)	(800, 282)	hori	left	True	385568	386591	left	(800, 450)	testing
8	ym	f	20	3	diamond	none	dif	N_dis	(800, 282)	vert	up	True	388108	388702	up	(800, 450)	testing
8	ym	f	20	3	circle	red	same	(800, 282)	(632, 450)	vert	up	True	390164	390959	up	(800, 450)	testing
8	ym	f	20	3	diamond	green	dif	(800, 282)	(632, 450)	hori	left	True	392364	393006	left	(800, 450)	testing
8	ym	f	20	3	diamond	none	dif	N_dis	(800, 282)	hori	left	True	394482	395455	left	(800, 450)	testing
8	ym	f	20	3	circle	red	same	(632, 450)	(800, 282)	vert	up	True	396847	398078	up	(800, 450)	testing
8	ym	f	20	3	diamond	red	dif	(968, 450)	(632, 450)	hori	left	True	399704	401326	left	(800, 450)	testing
8	ym	f	20	3	circle	none	dif	N_dis	(632, 450)	vert	up	True	402717	403967	up	(800, 450)	testing
8	ym	f	20	3	diamond	green	dif	(968, 450)	(800, 282)	hori	left	True	405599	406543	left	(800, 450)	testing
8	ym	f	20	3	diamond	none	same	N_dis	(800, 618)	hori	left	True	408172	409358	left	(800, 450)	testing
8	ym	f	20	3	circle	green	same	(632, 450)	(968, 450)	hori	left	True	410754	411791	left	(800, 450)	testing
8	ym	f	20	3	circle	red	dif	(800, 618)	(800, 282)	vert	up	True	413350	414735	up	(800, 450)	testing
8	ym	f	20	3	circle	red	dif	(968, 450)	(800, 282)	vert	up	True	416132	417583	up	(800, 450)	testing
8	ym	f	20	3	circle	none	same	N_dis	(800, 618)	hori	left	True	419213	420334	left	(800, 450)	testing
8	ym	f	20	3	diamond	none	same	N_dis	(632, 450)	hori	left	True	421947	423134	left	(800, 450)	testing
8	ym	f	20	3	diamond	red	same	(800, 282)	(632, 450)	hori	left	True	424788	425535	left	(800, 450)	testing
8	ym	f	20	3	circle	none	same	N_dis	(800, 282)	vert	up	True	427179	428238	up	(800, 450)	testing
8	ym	f	20	3	circle	none	same	N_dis	(800, 282)	hori	left	True	429796	430591	left	(800, 450)	testing
8	ym	f	20	3	diamond	red	dif	(968, 450)	(632, 450)	hori	left	True	432146	432959	left	(800, 450)	testing
8	ym	f	20	3	diamond	red	same	(632, 450)	(800, 618)	vert	up	True	434591	435214	up	(800, 450)	testing
8	ym	f	20	3	diamond	green	dif	(800, 282)	(968, 450)	hori	left	True	436810	437471	left	(800, 450)	testing
8	ym	f	20	3	circle	green	dif	(800, 282)	(968, 450)	vert	up	True	438956	440671	up	(800, 450)	testing
8	ym	f	20	3	diamond	none	dif	N_dis	(632, 450)	hori	left	True	442122	442927	left	(800, 450)	testing
8	ym	f	20	3	circle	green	same	(632, 450)	(800, 282)	vert	up	True	444506	445406	up	(800, 450)	testing
8	ym	f	20	3	diamond	none	same	N_dis	(968, 450)	hori	left	True	446854	447519	left	(800, 450)	testing
8	ym	f	20	3	circle	none	same	N_dis	(968, 450)	vert	up	True	448910	449663	up	(800, 450)	testing
8	ym	f	20	3	diamond	green	same	(800, 282)	(800, 618)	hori	left	True	451197	451967	left	(800, 450)	testing
8	ym	f	20	3	diamond	green	same	(968, 450)	(800, 618)	hori	left	True	453434	454703	left	(800, 450)	testing
8	ym	f	20	3	circle	green	same	(968, 450)	(800, 618)	vert	up	True	456351	457342	up	(800, 450)	testing
8	ym	f	20	3	diamond	red	dif	(632, 450)	(800, 282)	hori	left	True	458765	459919	left	(800, 450)	testing
8	ym	f	20	3	diamond	none	dif	N_dis	(800, 618)	hori	left	True	461586	462222	left	(800, 450)	testing
8	ym	f	20	3	diamond	none	same	N_dis	(968, 450)	vert	up	True	463829	464703	up	(800, 450)	testing
8	ym	f	20	3	circle	red	dif	(800, 618)	(632, 450)	vert	up	True	466153	467423	up	(800, 450)	testing
8	ym	f	20	3	diamond	red	same	(800, 618)	(968, 450)	hori	left	True	469080	469839	left	(800, 450)	testing
8	ym	f	20	3	circle	red	same	(800, 618)	(632, 450)	vert	up	True	471473	472719	up	(800, 450)	testing
8	ym	f	20	3	circle	green	dif	(800, 282)	(800, 618)	vert	up	True	474392	475118	up	(800, 450)	testing
8	ym	f	20	3	diamond	red	dif	(968, 450)	(800, 618)	hori	left	True	476561	477198	left	(800, 450)	testing
8	ym	f	20	3	diamond	green	same	(800, 618)	(632, 450)	hori	left	True	478594	479599	left	(800, 450)	testing
8	ym	f	20	3	circle	none	dif	N_dis	(632, 450)	vert	up	True	481033	481823	up	(800, 450)	testing
8	ym	f	20	3	circle	none	dif	N_dis	(968, 450)	hori	left	True	483215	483935	left	(800, 450)	testing
8	ym	f	20	3	circle	red	dif	(800, 618)	(968, 450)	hori	left	True	485360	485983	left	(800, 450)	testing
8	ym	f	20	3	diamond	red	dif	(800, 282)	(968, 450)	vert	up	True	487406	488030	up	(800, 450)	testing
8	ym	f	20	3	diamond	red	same	(968, 450)	(800, 282)	hori	left	True	489594	490447	left	(800, 450)	testing
8	ym	f	20	3	circle	none	dif	N_dis	(968, 450)	hori	left	True	492019	492687	left	(800, 450)	testing
8	ym	f	20	3	circle	none	dif	N_dis	(800, 282)	hori	left	True	494208	494799	left	(800, 450)	testing
8	ym	f	20	3	circle	green	dif	(800, 282)	(968, 450)	vert	up	True	496448	498078	up	(800, 450)	testing
8	ym	f	20	3	diamond	none	dif	N_dis	(800, 618)	vert	up	True	499475	500431	up	(800, 450)	testing
8	ym	f	20	3	circle	red	dif	(632, 450)	(968, 450)	vert	up	True	501851	502879	up	(800, 450)	testing
8	ym	f	20	3	circle	green	dif	(800, 618)	(800, 282)	hori	left	True	504536	505935	left	(800, 450)	testing
8	ym	f	20	3	diamond	green	dif	(800, 618)	(968, 450)	vert	up	True	507592	509006	up	(800, 450)	testing
8	ym	f	20	3	circle	green	dif	(632, 450)	(800, 618)	vert	up	True	510554	511983	up	(800, 450)	testing
8	ym	f	20	3	diamond	red	same	(632, 450)	(968, 450)	vert	up	True	513534	514527	up	(800, 450)	testing
8	ym	f	20	3	diamond	green	same	(632, 450)	(968, 450)	hori	left	True	516094	517118	left	(800, 450)	testing
8	ym	f	20	3	diamond	green	same	(800, 618)	(968, 450)	vert	up	True	518592	519551	up	(800, 450)	testing
8	ym	f	20	3	circle	red	same	(968, 450)	(800, 282)	hori	left	True	521211	521903	left	(800, 450)	testing
8	ym	f	20	3	diamond	green	dif	(800, 282)	(800, 618)	vert	up	True	523564	524799	up	(800, 450)	testing
8	ym	f	20	3	circle	none	same	N_dis	(800, 618)	vert	up	True	526346	527423	up	(800, 450)	testing
8	ym	f	20	3	circle	green	same	(632, 450)	(800, 618)	vert	up	True	529093	530046	up	(800, 450)	testing
8	ym	f	20	3	circle	red	same	(968, 450)	(632, 450)	hori	left	True	531465	532463	left	(800, 450)	testing
8	ym	f	20	3	diamond	none	same	N_dis	(632, 450)	hori	left	True	534041	535214	left	(800, 450)	testing
8	ym	f	20	3	circle	green	same	(800, 618)	(800, 282)	hori	left	True	536632	538318	left	(800, 450)	testing
8	ym	f	20	3	diamond	none	dif	N_dis	(800, 282)	hori	left	True	539758	540703	left	(800, 450)	testing
8	ym	f	20	3	circle	red	same	(800, 282)	(632, 450)	hori	left	True	542279	543599	left	(800, 450)	testing
8	ym	f	20	3	diamond	green	dif	(800, 282)	(632, 450)	hori	left	True	544973	546655	left	(800, 450)	testing
8	ym	f	20	3	diamond	none	dif	N_dis	(800, 282)	hori	left	True	548166	549278	left	(800, 450)	testing
8	ym	f	20	3	circle	red	same	(632, 450)	(800, 282)	hori	left	True	550907	552575	left	(800, 450)	testing
8	ym	f	20	3	diamond	red	dif	(968, 450)	(632, 450)	hori	left	True	553965	554991	left	(800, 450)	testing
8	ym	f	20	3	circle	none	dif	N_dis	(632, 450)	hori	left	True	556562	557679	left	(800, 450)	testing
8	ym	f	20	3	diamond	green	dif	(968, 450)	(800, 282)	hori	left	True	559310	560575	left	(800, 450)	testing
8	ym	f	20	3	diamond	none	same	N_dis	(800, 618)	vert	up	True	562197	563022	up	(800, 450)	testing
8	ym	f	20	3	circle	green	same	(632, 450)	(968, 450)	hori	left	True	564603	565983	left	(800, 450)	testing
8	ym	f	20	3	circle	red	dif	(800, 618)	(800, 282)	vert	up	True	567487	568110	up	(800, 450)	testing
8	ym	f	20	3	circle	red	dif	(968, 450)	(800, 282)	hori	left	True	569778	570655	left	(800, 450)	testing
8	ym	f	20	3	circle	none	same	N_dis	(800, 618)	vert	up	True	572273	572895	up	(800, 450)	testing
8	ym	f	20	3	diamond	none	same	N_dis	(632, 450)	vert	up	True	574410	575310	up	(800, 450)	testing
8	ym	f	20	3	diamond	red	same	(800, 282)	(632, 450)	vert	up	True	576786	577503	up	(800, 450)	testing
8	ym	f	20	3	circle	none	same	N_dis	(800, 282)	vert	up	True	579156	580318	up	(800, 450)	testing
8	ym	f	20	3	circle	none	same	N_dis	(800, 282)	hori	left	True	581933	582575	left	(800, 450)	testing
8	ym	f	20	3	diamond	red	dif	(968, 450)	(632, 450)	hori	left	True	584109	585022	left	(800, 450)	testing
8	ym	f	20	3	diamond	red	same	(632, 450)	(800, 618)	vert	up	True	586544	587423	up	(800, 450)	testing
8	ym	f	20	3	diamond	green	dif	(800, 282)	(968, 450)	hori	left	True	588936	589695	left	(800, 450)	testing
8	ym	f	20	3	circle	green	dif	(800, 282)	(968, 450)	vert	up	True	591142	592270	up	(800, 450)	testing
8	ym	f	20	3	diamond	none	dif	N_dis	(632, 450)	vert	up	True	593817	594463	up	(800, 450)	testing
8	ym	f	20	3	circle	green	same	(632, 450)	(800, 282)	vert	up	True	595891	597487	up	(800, 450)	testing
8	ym	f	20	3	diamond	none	same	N_dis	(968, 450)	hori	left	True	599075	600238	up	(800, 450)	testing
8	ym	f	20	3	circle	none	same	N_dis	(968, 450)	vert	up	True	603211	604126	up	(800, 450)	testing
8	ym	f	20	3	diamond	green	same	(800, 282)	(800, 618)	vert	up	True	605501	606366	up	(800, 450)	testing
8	ym	f	20	3	diamond	green	same	(968, 450)	(800, 618)	vert	up	True	607892	609230	up	(800, 450)	testing
8	ym	f	20	3	circle	green	same	(968, 450)	(800, 618)	hori	left	True	610681	612078	left	(800, 450)	testing
8	ym	f	20	3	diamond	red	dif	(632, 450)	(800, 282)	hori	left	True	613647	614559	left	(800, 450)	testing
8	ym	f	20	3	diamond	none	dif	N_dis	(800, 618)	hori	left	True	615968	617134	left	(800, 450)	testing
8	ym	f	20	3	diamond	none	same	N_dis	(968, 450)	vert	up	True	618667	619423	up	(800, 450)	testing
8	ym	f	20	3	circle	red	dif	(800, 618)	(632, 450)	vert	up	True	621026	622206	up	(800, 450)	testing
8	ym	f	20	3	diamond	red	same	(800, 618)	(968, 450)	hori	left	True	623765	624719	left	(800, 450)	testing
8	ym	f	20	3	circle	red	same	(800, 618)	(632, 450)	vert	up	True	626268	627519	up	(800, 450)	testing
8	ym	f	20	3	circle	green	dif	(800, 282)	(800, 618)	vert	up	True	629119	629855	up	(800, 450)	testing
8	ym	f	20	3	diamond	red	dif	(968, 450)	(800, 618)	vert	up	True	631444	633166	up	(800, 450)	testing
8	ym	f	20	3	diamond	green	same	(800, 618)	(632, 450)	hori	left	True	634803	635999	left	(800, 450)	testing
8	ym	f	20	3	circle	none	dif	N_dis	(632, 450)	vert	up	True	637653	638879	up	(800, 450)	testing
8	ym	f	20	3	circle	none	dif	N_dis	(968, 450)	vert	up	True	640348	641374	up	(800, 450)	testing
8	ym	f	20	3	circle	red	dif	(800, 618)	(968, 450)	hori	left	True	642751	644110	left	(800, 450)	testing
8	ym	f	20	3	diamond	red	dif	(800, 282)	(968, 450)	vert	up	True	645715	646799	up	(800, 450)	testing
8	ym	f	20	3	diamond	red	same	(968, 450)	(800, 282)	vert	up	True	648257	649150	up	(800, 450)	testing
8	ym	f	20	3	circle	none	dif	N_dis	(968, 450)	vert	up	True	650667	651871	up	(800, 450)	testing
8	ym	f	20	3	circle	none	dif	N_dis	(800, 282)	hori	left	True	653253	654062	left	(800, 450)	testing
8	ym	f	20	3	circle	green	dif	(800, 282)	(968, 450)	hori	left	True	655558	656559	left	(800, 450)	testing
8	ym	f	20	3	diamond	none	dif	N_dis	(800, 618)	hori	left	True	658002	658991	left	(800, 450)	testing
8	ym	f	20	3	circle	red	dif	(632, 450)	(968, 450)	vert	up	True	660597	661759	up	(800, 450)	testing
8	ym	f	20	3	circle	green	dif	(800, 618)	(800, 282)	hori	left	True	663343	664495	left	(800, 450)	testing
8	ym	f	20	3	diamond	green	dif	(800, 618)	(968, 450)	vert	up	True	666130	667342	up	(800, 450)	testing
8	ym	f	20	3	circle	green	dif	(632, 450)	(800, 618)	vert	up	True	668890	671230	up	(800, 450)	testing
8	ym	f	20	3	diamond	red	same	(632, 450)	(968, 450)	hori	left	True	672702	673839	left	(800, 450)	testing
8	ym	f	20	3	diamond	green	same	(632, 450)	(968, 450)	hori	left	True	675500	676286	left	(800, 450)	testing
8	ym	f	20	3	diamond	green	same	(800, 618)	(968, 450)	vert	up	True	677901	678655	up	(800, 450)	testing
8	ym	f	20	3	circle	red	same	(968, 450)	(800, 282)	vert	up	True	680315	681038	up	(800, 450)	testing
8	ym	f	20	3	diamond	green	dif	(800, 282)	(800, 618)	hori	left	True	682526	683487	left	(800, 450)	testing
8	ym	f	20	3	circle	none	same	N_dis	(800, 618)	vert	up	True	685123	686190	up	(800, 450)	testing
8	ym	f	20	3	circle	green	same	(632, 450)	(800, 618)	vert	up	True	687826	688975	up	(800, 450)	testing
8	ym	f	20	3	circle	red	same	(968, 450)	(632, 450)	vert	up	True	690514	691471	up	(800, 450)	testing
8	ym	f	20	3	diamond	none	same	N_dis	(632, 450)	vert	up	True	692850	694158	up	(800, 450)	testing
8	ym	f	20	3	circle	green	same	(800, 618)	(800, 282)	vert	up	True	695694	696927	up	(800, 450)	testing
8	ym	f	20	3	diamond	none	dif	N_dis	(800, 282)	hori	left	True	698411	699214	left	(800, 450)	testing
8	ym	f	20	3	circle	red	same	(800, 282)	(632, 450)	vert	up	True	700593	701599	up	(800, 450)	testing
8	ym	f	20	3	diamond	green	dif	(800, 282)	(632, 450)	vert	up	True	703115	703887	up	(800, 450)	testing
8	ym	f	20	3	diamond	none	dif	N_dis	(800, 282)	vert	up	True	705343	706174	up	(800, 450)	testing
8	ym	f	20	3	circle	red	same	(632, 450)	(800, 282)	hori	left	True	707770	708623	left	(800, 450)	testing
8	ym	f	20	3	diamond	red	dif	(968, 450)	(632, 450)	hori	left	True	710220	711166	left	(800, 450)	testing
8	ym	f	20	3	circle	none	dif	N_dis	(632, 450)	hori	left	True	712674	713487	left	(800, 450)	testing
8	ym	f	20	3	diamond	green	dif	(968, 450)	(800, 282)	vert	up	True	714886	715839	up	(800, 450)	testing
8	ym	f	20	3	diamond	none	same	N_dis	(800, 618)	hori	left	True	717357	718350	left	(800, 450)	testing
8	ym	f	20	3	circle	green	same	(632, 450)	(968, 450)	hori	left	True	719744	720927	left	(800, 450)	testing
8	ym	f	20	3	circle	red	dif	(800, 618)	(800, 282)	vert	up	True	722465	723230	up	(800, 450)	testing
8	ym	f	20	3	circle	red	dif	(968, 450)	(800, 282)	hori	left	True	724743	725423	left	(800, 450)	testing
8	ym	f	20	3	circle	none	same	N_dis	(800, 618)	hori	left	True	726829	727807	left	(800, 450)	testing
8	ym	f	20	3	diamond	none	same	N_dis	(632, 450)	hori	left	True	729350	730270	left	(800, 450)	testing
8	ym	f	20	3	diamond	red	same	(800, 282)	(632, 450)	hori	left	True	731876	732623	left	(800, 450)	testing
8	ym	f	20	3	circle	none	same	N_dis	(800, 282)	hori	left	True	734012	734975	left	(800, 450)	testing
8	ym	f	20	3	circle	none	same	N_dis	(800, 282)	vert	up	True	736533	738110	up	(800, 450)	testing
8	ym	f	20	3	diamond	red	dif	(968, 450)	(632, 450)	vert	up	True	739565	740302	up	(800, 450)	testing
8	ym	f	20	3	diamond	red	same	(632, 450)	(800, 618)	vert	up	True	741775	742495	up	(800, 450)	testing
8	ym	f	20	3	diamond	green	dif	(800, 282)	(968, 450)	hori	left	True	743900	744607	left	(800, 450)	testing
8	ym	f	20	3	circle	green	dif	(800, 282)	(968, 450)	vert	up	True	746134	748046	up	(800, 450)	testing
8	ym	f	20	3	diamond	none	dif	N_dis	(632, 450)	vert	up	True	749678	750847	up	(800, 450)	testing
8	ym	f	20	3	circle	green	same	(632, 450)	(800, 282)	vert	up	True	752243	753695	up	(800, 450)	testing
8	ym	f	20	3	diamond	none	same	N_dis	(968, 450)	vert	up	True	755280	756623	up	(800, 450)	testing
8	ym	f	20	3	circle	none	same	N_dis	(968, 450)	hori	left	True	758141	758943	left	(800, 450)	testing
8	ym	f	20	3	diamond	green	same	(800, 282)	(800, 618)	hori	left	True	760326	761535	left	(800, 450)	testing
8	ym	f	20	3	diamond	green	same	(968, 450)	(800, 618)	hori	left	True	762909	764014	left	(800, 450)	testing
8	ym	f	20	3	circle	green	same	(968, 450)	(800, 618)	hori	left	True	765644	767519	left	(800, 450)	testing
8	ym	f	20	3	diamond	red	dif	(632, 450)	(800, 282)	hori	left	True	768960	769695	left	(800, 450)	testing
8	ym	f	20	3	diamond	none	dif	N_dis	(800, 618)	vert	up	True	771367	772126	up	(800, 450)	testing
8	ym	f	20	3	diamond	none	same	N_dis	(968, 450)	vert	up	True	773692	774591	up	(800, 450)	testing
conf	8	ym	f	20	3	1	3	5	7	space	None	None	None	None	None	True	814472	819022	2
