subj	name	gender	age	runNum	shape	dist	td_dif	d_loc	t_loc	resp	resp_key	gotKey	startTime	respTime	resp	fix_loc	prac
8	ym	f	20	2	circle	red	same	(968, 450)	(800, 282)	vert	up	True	14815	16189	up	(800, 450)	testing
8	ym	f	20	2	circle	green	same	(968, 450)	(632, 450)	hori	left	True	17623	18813	left	(800, 450)	testing
8	ym	f	20	2	circle	none	dif	N_dis	(800, 618)	hori	left	True	20335	21245	left	(800, 450)	testing
8	ym	f	20	2	circle	none	dif	N_dis	(968, 450)	vert	up	True	22618	23373	up	(800, 450)	testing
8	ym	f	20	2	circle	red	dif	(800, 282)	(632, 450)	vert	up	True	25021	25741	up	(800, 450)	testing
8	ym	f	20	2	circle	none	dif	N_dis	(800, 282)	vert	up	True	27284	28156	up	(800, 450)	testing
8	ym	f	20	2	circle	red	dif	(632, 450)	(968, 450)	vert	up	True	29754	30573	up	(800, 450)	testing
8	ym	f	20	2	diamond	red	same	(800, 282)	(968, 450)	hori	left	True	32108	33068	left	(800, 450)	testing
8	ym	f	20	2	diamond	red	same	(632, 450)	(800, 618)	hori	left	True	34559	35837	left	(800, 450)	testing
8	ym	f	20	2	circle	none	same	N_dis	(632, 450)	vert	up	True	37452	38301	up	(800, 450)	testing
8	ym	f	20	2	circle	red	same	(800, 282)	(800, 618)	vert	up	True	39890	40829	up	(800, 450)	testing
8	ym	f	20	2	circle	red	same	(968, 450)	(800, 282)	hori	left	True	42406	43068	left	(800, 450)	testing
8	ym	f	20	2	diamond	green	same	(800, 282)	(800, 618)	vert	up	True	44702	45581	up	(800, 450)	testing
8	ym	f	20	2	circle	green	dif	(632, 450)	(800, 282)	hori	left	True	47172	48541	left	(800, 450)	testing
8	ym	f	20	2	circle	green	dif	(800, 282)	(800, 618)	hori	left	True	49937	51004	left	(800, 450)	testing
8	ym	f	20	2	diamond	red	same	(632, 450)	(968, 450)	vert	up	True	52496	53293	up	(800, 450)	testing
8	ym	f	20	2	circle	green	same	(800, 282)	(632, 450)	vert	up	True	54927	56413	up	(800, 450)	testing
8	ym	f	20	2	circle	red	dif	(632, 450)	(968, 450)	hori	left	True	57977	59677	left	(800, 450)	testing
8	ym	f	20	2	circle	red	same	(800, 282)	(632, 450)	hori	left	True	61220	61981	left	(800, 450)	testing
8	ym	f	20	2	circle	red	dif	(632, 450)	(800, 618)	hori	left	True	63426	64301	left	(800, 450)	testing
8	ym	f	20	2	diamond	none	same	N_dis	(800, 282)	hori	left	True	65922	67197	left	(800, 450)	testing
8	ym	f	20	2	circle	red	dif	(800, 282)	(800, 618)	hori	left	True	68775	69885	left	(800, 450)	testing
8	ym	f	20	2	diamond	none	dif	N_dis	(800, 618)	hori	left	True	71441	72701	left	(800, 450)	testing
8	ym	f	20	2	diamond	none	same	N_dis	(800, 282)	vert	up	True	74097	74909	up	(800, 450)	testing
8	ym	f	20	2	diamond	red	same	(632, 450)	(968, 450)	vert	up	True	76378	77309	up	(800, 450)	testing
8	ym	f	20	2	diamond	red	dif	(968, 450)	(632, 450)	hori	left	True	78778	79693	left	(800, 450)	testing
8	ym	f	20	2	circle	red	same	(968, 450)	(800, 618)	vert	up	True	81074	83229	up	(800, 450)	testing
8	ym	f	20	2	diamond	none	same	N_dis	(800, 282)	hori	left	True	84729	85629	left	(800, 450)	testing
8	ym	f	20	2	circle	none	dif	N_dis	(968, 450)	vert	up	True	87193	88621	up	(800, 450)	testing
8	ym	f	20	2	diamond	none	dif	N_dis	(800, 282)	vert	up	True	90156	91245	up	(800, 450)	testing
8	ym	f	20	2	circle	none	dif	N_dis	(800, 282)	hori	left	True	92769	93677	left	(800, 450)	testing
8	ym	f	20	2	circle	none	dif	N_dis	(968, 450)	vert	up	True	95179	96269	up	(800, 450)	testing
8	ym	f	20	2	circle	red	same	(968, 450)	(800, 618)	vert	up	True	97655	98989	up	(800, 450)	testing
8	ym	f	20	2	diamond	none	dif	N_dis	(800, 618)	vert	up	True	100605	101421	up	(800, 450)	testing
8	ym	f	20	2	circle	red	same	(632, 450)	(800, 618)	vert	up	True	102872	103837	up	(800, 450)	testing
8	ym	f	20	2	circle	red	same	(968, 450)	(800, 282)	vert	up	True	105249	105933	up	(800, 450)	testing
8	ym	f	20	2	diamond	none	dif	N_dis	(632, 450)	hori	left	True	107316	108140	left	(800, 450)	testing
8	ym	f	20	2	diamond	green	same	(632, 450)	(800, 282)	vert	up	True	109775	110429	up	(800, 450)	testing
8	ym	f	20	2	circle	none	dif	N_dis	(968, 450)	vert	up	True	111827	112813	up	(800, 450)	testing
8	ym	f	20	2	diamond	red	dif	(800, 282)	(968, 450)	hori	left	True	114240	115197	left	(800, 450)	testing
8	ym	f	20	2	circle	none	same	N_dis	(968, 450)	hori	left	True	116643	117389	left	(800, 450)	testing
8	ym	f	20	2	circle	green	dif	(632, 450)	(968, 450)	vert	up	True	118978	119917	up	(800, 450)	testing
8	ym	f	20	2	circle	none	same	N_dis	(800, 282)	vert	up	True	121559	122317	up	(800, 450)	testing
8	ym	f	20	2	circle	red	dif	(800, 618)	(632, 450)	vert	up	True	123854	124893	up	(800, 450)	testing
8	ym	f	20	2	circle	green	same	(632, 450)	(800, 618)	hori	left	True	126389	127533	left	(800, 450)	testing
8	ym	f	20	2	diamond	red	dif	(968, 450)	(800, 618)	hori	left	True	129025	130237	left	(800, 450)	testing
8	ym	f	20	2	circle	none	same	N_dis	(968, 450)	hori	left	True	131858	133421	left	(800, 450)	testing
8	ym	f	20	2	diamond	red	same	(800, 282)	(632, 450)	hori	left	True	134847	136189	left	(800, 450)	testing
8	ym	f	20	2	circle	red	dif	(800, 282)	(968, 450)	vert	up	True	137589	139309	up	(800, 450)	testing
8	ym	f	20	2	diamond	none	same	N_dis	(800, 282)	vert	up	True	140811	141981	up	(800, 450)	testing
8	ym	f	20	2	circle	green	dif	(800, 282)	(632, 450)	hori	left	True	143646	144925	left	(800, 450)	testing
8	ym	f	20	2	diamond	green	dif	(632, 450)	(800, 282)	vert	up	True	146339	147084	up	(800, 450)	testing
8	ym	f	20	2	circle	red	dif	(968, 450)	(800, 282)	hori	left	True	148646	149453	left	(800, 450)	testing
8	ym	f	20	2	diamond	red	same	(632, 450)	(800, 618)	vert	up	True	150995	152076	up	(800, 450)	testing
8	ym	f	20	2	circle	green	same	(632, 450)	(968, 450)	hori	left	True	153580	154813	left	(800, 450)	testing
8	ym	f	20	2	circle	green	same	(632, 450)	(968, 450)	vert	up	True	156366	157277	up	(800, 450)	testing
8	ym	f	20	2	circle	green	same	(632, 450)	(800, 618)	vert	up	True	158739	159821	up	(800, 450)	testing
8	ym	f	20	2	circle	red	dif	(800, 282)	(968, 450)	hori	left	True	161265	162397	left	(800, 450)	testing
8	ym	f	20	2	diamond	green	dif	(800, 282)	(968, 450)	vert	up	True	164031	164909	up	(800, 450)	testing
8	ym	f	20	2	circle	none	same	N_dis	(632, 450)	vert	up	True	166542	167565	up	(800, 450)	testing
8	ym	f	20	2	circle	none	same	N_dis	(968, 450)	hori	left	True	169189	169917	left	(800, 450)	testing
8	ym	f	20	2	circle	none	dif	N_dis	(968, 450)	vert	up	True	171584	172253	up	(800, 450)	testing
8	ym	f	20	2	circle	green	dif	(800, 282)	(632, 450)	hori	left	True	173635	174813	left	(800, 450)	testing
8	ym	f	20	2	diamond	green	dif	(968, 450)	(800, 282)	vert	up	True	176281	178092	up	(800, 450)	testing
8	ym	f	20	2	diamond	red	same	(632, 450)	(968, 450)	vert	up	True	179713	180685	up	(800, 450)	testing
8	ym	f	20	2	circle	green	dif	(800, 282)	(800, 618)	hori	left	True	182157	183581	left	(800, 450)	testing
8	ym	f	20	2	diamond	none	same	N_dis	(800, 282)	hori	left	True	185061	186044	left	(800, 450)	testing
8	ym	f	20	2	diamond	red	dif	(800, 618)	(968, 450)	vert	up	True	187624	188317	up	(800, 450)	testing
8	ym	f	20	2	diamond	red	same	(632, 450)	(800, 282)	hori	left	True	189743	190429	left	(800, 450)	testing
8	ym	f	20	2	diamond	none	same	N_dis	(632, 450)	hori	left	True	192066	192989	left	(800, 450)	testing
8	ym	f	20	2	diamond	red	dif	(632, 450)	(800, 618)	hori	left	True	194470	195613	left	(800, 450)	testing
8	ym	f	20	2	circle	green	same	(632, 450)	(968, 450)	vert	up	True	197110	198124	up	(800, 450)	testing
8	ym	f	20	2	diamond	green	dif	(968, 450)	(800, 282)	vert	up	True	199556	200829	up	(800, 450)	testing
8	ym	f	20	2	circle	none	dif	N_dis	(800, 282)	vert	up	True	202370	203837	left	(800, 450)	testing
8	ym	f	20	2	circle	none	same	N_dis	(968, 450)	vert	up	True	207034	208573	up	(800, 450)	testing
8	ym	f	20	2	diamond	none	dif	N_dis	(632, 450)	hori	left	True	210039	210877	left	(800, 450)	testing
8	ym	f	20	2	circle	none	dif	N_dis	(800, 618)	hori	left	True	212501	213853	left	(800, 450)	testing
8	ym	f	20	2	circle	none	same	N_dis	(632, 450)	hori	left	True	215498	216461	left	(800, 450)	testing
8	ym	f	20	2	diamond	none	same	N_dis	(800, 618)	hori	left	True	217953	219020	left	(800, 450)	testing
8	ym	f	20	2	diamond	none	same	N_dis	(632, 450)	vert	up	True	220529	221229	up	(800, 450)	testing
8	ym	f	20	2	diamond	red	dif	(800, 282)	(632, 450)	vert	up	True	222688	223341	up	(800, 450)	testing
8	ym	f	20	2	circle	none	dif	N_dis	(968, 450)	hori	left	True	224980	226012	left	(800, 450)	testing
8	ym	f	20	2	diamond	green	dif	(968, 450)	(800, 282)	hori	left	True	227441	228765	left	(800, 450)	testing
8	ym	f	20	2	diamond	red	same	(800, 282)	(800, 618)	vert	up	True	230432	231437	up	(800, 450)	testing
8	ym	f	20	2	diamond	red	same	(800, 282)	(800, 618)	hori	left	True	233106	234172	left	(800, 450)	testing
8	ym	f	20	2	diamond	red	dif	(800, 282)	(632, 450)	vert	up	True	235668	236781	up	(800, 450)	testing
8	ym	f	20	2	circle	green	dif	(632, 450)	(800, 282)	vert	up	True	238186	239405	up	(800, 450)	testing
8	ym	f	20	2	circle	red	same	(800, 282)	(800, 618)	vert	up	True	240887	241837	up	(800, 450)	testing
8	ym	f	20	2	circle	green	same	(632, 450)	(968, 450)	vert	up	True	243330	244044	up	(800, 450)	testing
8	ym	f	20	2	circle	none	same	N_dis	(632, 450)	vert	up	True	245672	246381	up	(800, 450)	testing
8	ym	f	20	2	diamond	none	same	N_dis	(800, 282)	hori	left	True	247825	249421	left	(800, 450)	testing
8	ym	f	20	2	circle	green	same	(968, 450)	(800, 618)	hori	left	True	251023	253901	left	(800, 450)	testing
8	ym	f	20	2	diamond	none	dif	N_dis	(800, 618)	hori	left	True	255574	256381	left	(800, 450)	testing
8	ym	f	20	2	circle	none	dif	N_dis	(632, 450)	vert	up	True	257850	258989	up	(800, 450)	testing
8	ym	f	20	2	circle	none	same	N_dis	(800, 618)	vert	up	True	260480	261421	up	(800, 450)	testing
8	ym	f	20	2	circle	green	same	(800, 282)	(632, 450)	hori	left	True	263000	264893	left	(800, 450)	testing
8	ym	f	20	2	diamond	green	same	(968, 450)	(800, 282)	vert	up	True	266548	267517	up	(800, 450)	testing
8	ym	f	20	2	diamond	none	dif	N_dis	(800, 282)	vert	up	True	268953	269917	up	(800, 450)	testing
8	ym	f	20	2	diamond	none	dif	N_dis	(632, 450)	vert	up	True	271470	272221	up	(800, 450)	testing
8	ym	f	20	2	diamond	red	same	(632, 450)	(968, 450)	hori	left	True	273739	274829	left	(800, 450)	testing
8	ym	f	20	2	diamond	none	same	N_dis	(800, 282)	vert	up	True	276461	277213	up	(800, 450)	testing
8	ym	f	20	2	diamond	none	same	N_dis	(632, 450)	hori	left	True	278644	279517	left	(800, 450)	testing
8	ym	f	20	2	circle	red	same	(632, 450)	(800, 618)	vert	up	True	281028	282909	up	(800, 450)	testing
8	ym	f	20	2	diamond	green	dif	(632, 450)	(968, 450)	vert	up	True	284483	285645	up	(800, 450)	testing
8	ym	f	20	2	circle	green	dif	(968, 450)	(800, 618)	hori	left	True	287068	289517	left	(800, 450)	testing
8	ym	f	20	2	circle	green	same	(632, 450)	(800, 618)	hori	left	True	291047	292813	left	(800, 450)	testing
8	ym	f	20	2	diamond	none	dif	N_dis	(632, 450)	hori	left	True	294390	295437	left	(800, 450)	testing
8	ym	f	20	2	diamond	green	same	(632, 450)	(800, 282)	hori	left	True	296862	298076	left	(800, 450)	testing
8	ym	f	20	2	circle	green	same	(632, 450)	(800, 282)	vert	up	True	299746	301853	up	(800, 450)	testing
8	ym	f	20	2	circle	none	same	N_dis	(968, 450)	hori	left	True	303504	304717	left	(800, 450)	testing
8	ym	f	20	2	circle	green	dif	(632, 450)	(968, 450)	vert	up	True	306096	307517	up	(800, 450)	testing
8	ym	f	20	2	diamond	red	dif	(968, 450)	(800, 618)	vert	up	True	309093	310397	up	(800, 450)	testing
8	ym	f	20	2	circle	none	dif	N_dis	(800, 282)	vert	up	True	311867	313917	up	(800, 450)	testing
8	ym	f	20	2	diamond	red	dif	(800, 282)	(632, 450)	hori	left	True	315399	316605	left	(800, 450)	testing
8	ym	f	20	2	circle	red	dif	(632, 450)	(800, 282)	hori	left	True	318005	319693	left	(800, 450)	testing
8	ym	f	20	2	diamond	none	dif	N_dis	(800, 282)	hori	left	True	321128	322333	left	(800, 450)	testing
8	ym	f	20	2	circle	red	dif	(968, 450)	(632, 450)	vert	up	True	323781	324829	up	(800, 450)	testing
8	ym	f	20	2	diamond	green	dif	(800, 282)	(968, 450)	hori	left	True	326251	327197	left	(800, 450)	testing
8	ym	f	20	2	diamond	red	dif	(632, 450)	(968, 450)	hori	left	True	328611	329517	left	(800, 450)	testing
8	ym	f	20	2	circle	green	dif	(968, 450)	(800, 282)	vert	up	True	331097	332205	up	(800, 450)	testing
8	ym	f	20	2	circle	green	dif	(632, 450)	(800, 282)	vert	up	True	333622	334973	up	(800, 450)	testing
8	ym	f	20	2	diamond	red	same	(968, 450)	(800, 282)	vert	up	True	336392	337180	up	(800, 450)	testing
8	ym	f	20	2	diamond	green	same	(632, 450)	(800, 282)	vert	up	True	338713	339325	up	(800, 450)	testing
8	ym	f	20	2	diamond	red	dif	(800, 282)	(632, 450)	hori	left	True	340985	341789	left	(800, 450)	testing
8	ym	f	20	2	circle	red	dif	(800, 282)	(968, 450)	vert	up	True	343183	344140	up	(800, 450)	testing
8	ym	f	20	2	circle	red	same	(632, 450)	(968, 450)	hori	left	True	345528	346525	left	(800, 450)	testing
8	ym	f	20	2	diamond	green	dif	(968, 450)	(800, 282)	vert	up	True	348052	349421	up	(800, 450)	testing
8	ym	f	20	2	diamond	green	same	(632, 450)	(968, 450)	vert	up	True	351034	351789	up	(800, 450)	testing
8	ym	f	20	2	circle	none	dif	N_dis	(800, 618)	hori	left	True	353409	354461	left	(800, 450)	testing
8	ym	f	20	2	diamond	red	same	(968, 450)	(800, 618)	vert	up	True	356083	357725	up	(800, 450)	testing
8	ym	f	20	2	circle	green	dif	(968, 450)	(632, 450)	hori	left	True	359341	360941	left	(800, 450)	testing
8	ym	f	20	2	diamond	green	same	(632, 450)	(968, 450)	hori	left	True	362494	364124	left	(800, 450)	testing
8	ym	f	20	2	circle	green	same	(800, 618)	(968, 450)	hori	left	True	365564	366941	left	(800, 450)	testing
8	ym	f	20	2	diamond	red	same	(968, 450)	(632, 450)	hori	left	True	368583	369837	left	(800, 450)	testing
8	ym	f	20	2	circle	green	same	(800, 282)	(800, 618)	hori	left	True	371490	373116	left	(800, 450)	testing
8	ym	f	20	2	diamond	none	same	N_dis	(968, 450)	hori	left	True	374513	375469	left	(800, 450)	testing
8	ym	f	20	2	circle	none	dif	N_dis	(800, 282)	hori	left	True	377103	378957	left	(800, 450)	testing
8	ym	f	20	2	circle	red	dif	(800, 282)	(968, 450)	vert	up	True	380535	382269	up	(800, 450)	testing
8	ym	f	20	2	circle	green	dif	(632, 450)	(800, 282)	vert	up	True	383740	385004	up	(800, 450)	testing
8	ym	f	20	2	diamond	green	same	(968, 450)	(800, 618)	hori	left	True	386523	387917	left	(800, 450)	testing
8	ym	f	20	2	diamond	red	dif	(632, 450)	(968, 450)	hori	left	True	389549	390477	left	(800, 450)	testing
8	ym	f	20	2	diamond	none	same	N_dis	(800, 618)	vert	up	True	391945	392893	up	(800, 450)	testing
8	ym	f	20	2	circle	none	dif	N_dis	(800, 618)	vert	up	True	394279	395453	up	(800, 450)	testing
8	ym	f	20	2	diamond	none	same	N_dis	(968, 450)	hori	left	True	396936	397757	left	(800, 450)	testing
8	ym	f	20	2	circle	green	dif	(632, 450)	(800, 282)	vert	up	True	399279	400829	up	(800, 450)	testing
8	ym	f	20	2	diamond	green	dif	(632, 450)	(800, 618)	hori	left	True	402265	403709	left	(800, 450)	testing
8	ym	f	20	2	diamond	red	dif	(968, 450)	(800, 282)	hori	left	True	405131	406493	left	(800, 450)	testing
8	ym	f	20	2	diamond	red	dif	(968, 450)	(632, 450)	hori	left	True	407873	408925	left	(800, 450)	testing
8	ym	f	20	2	circle	red	dif	(968, 450)	(632, 450)	vert	up	True	410358	411501	up	(800, 450)	testing
8	ym	f	20	2	circle	none	same	N_dis	(968, 450)	vert	up	True	412908	414605	left	(800, 450)	testing
8	ym	f	20	2	diamond	green	same	(800, 282)	(632, 450)	hori	left	True	417695	419597	left	(800, 450)	testing
8	ym	f	20	2	diamond	green	dif	(968, 450)	(800, 618)	hori	left	True	421063	422493	left	(800, 450)	testing
8	ym	f	20	2	diamond	red	same	(632, 450)	(800, 618)	hori	left	True	424052	425325	left	(800, 450)	testing
8	ym	f	20	2	circle	none	dif	N_dis	(968, 450)	vert	up	True	426890	428909	up	(800, 450)	testing
8	ym	f	20	2	diamond	green	same	(968, 450)	(632, 450)	hori	left	True	430391	431453	left	(800, 450)	testing
8	ym	f	20	2	diamond	green	same	(632, 450)	(968, 450)	vert	up	True	433099	434605	up	(800, 450)	testing
8	ym	f	20	2	diamond	red	dif	(800, 282)	(968, 450)	vert	up	True	436276	437246	up	(800, 450)	testing
8	ym	f	20	2	circle	none	dif	N_dis	(800, 618)	vert	up	False	438863	None	None	(800, 450)	testing
8	ym	f	20	2	circle	green	dif	(632, 450)	(800, 282)	hori	left	True	445025	446765	left	(800, 450)	testing
8	ym	f	20	2	diamond	none	same	N_dis	(968, 450)	vert	up	True	448333	449277	up	(800, 450)	testing
8	ym	f	20	2	circle	red	same	(632, 450)	(800, 618)	vert	up	True	450722	451837	up	(800, 450)	testing
8	ym	f	20	2	diamond	green	dif	(800, 282)	(968, 450)	vert	up	True	453306	454140	up	(800, 450)	testing
8	ym	f	20	2	circle	red	same	(632, 450)	(800, 618)	hori	left	True	455687	457004	left	(800, 450)	testing
8	ym	f	20	2	circle	red	same	(968, 450)	(632, 450)	hori	left	True	458481	459789	left	(800, 450)	testing
8	ym	f	20	2	diamond	none	dif	N_dis	(800, 618)	hori	left	True	461348	462237	left	(800, 450)	testing
8	ym	f	20	2	circle	none	same	N_dis	(968, 450)	hori	left	True	463617	464637	left	(800, 450)	testing
8	ym	f	20	2	diamond	none	dif	N_dis	(632, 450)	vert	up	True	466280	467052	up	(800, 450)	testing
8	ym	f	20	2	circle	green	same	(800, 282)	(968, 450)	hori	left	True	468718	470685	left	(800, 450)	testing
8	ym	f	20	2	diamond	none	dif	N_dis	(800, 282)	vert	up	True	472201	473229	up	(800, 450)	testing
8	ym	f	20	2	circle	green	same	(800, 282)	(968, 450)	vert	up	True	474897	476140	up	(800, 450)	testing
8	ym	f	20	2	circle	none	same	N_dis	(800, 618)	vert	up	True	477536	478381	up	(800, 450)	testing
8	ym	f	20	2	diamond	green	same	(800, 282)	(632, 450)	hori	left	True	479939	480893	left	(800, 450)	testing
8	ym	f	20	2	circle	green	dif	(800, 282)	(968, 450)	hori	left	True	482392	483629	left	(800, 450)	testing
8	ym	f	20	2	diamond	green	dif	(968, 450)	(800, 282)	vert	up	True	485058	486060	up	(800, 450)	testing
8	ym	f	20	2	circle	red	same	(968, 450)	(800, 618)	hori	left	True	487520	489100	left	(800, 450)	testing
8	ym	f	20	2	circle	green	same	(968, 450)	(800, 618)	hori	left	True	490625	491693	left	(800, 450)	testing
8	ym	f	20	2	diamond	red	same	(632, 450)	(800, 282)	hori	left	True	493122	494253	left	(800, 450)	testing
8	ym	f	20	2	circle	red	same	(968, 450)	(632, 450)	hori	left	True	495778	496493	left	(800, 450)	testing
8	ym	f	20	2	diamond	none	dif	N_dis	(968, 450)	hori	left	True	498159	499004	left	(800, 450)	testing
8	ym	f	20	2	circle	red	dif	(968, 450)	(800, 618)	hori	left	True	500658	501837	left	(800, 450)	testing
8	ym	f	20	2	diamond	none	same	N_dis	(800, 282)	hori	left	True	503459	504445	left	(800, 450)	testing
8	ym	f	20	2	diamond	red	same	(800, 282)	(632, 450)	vert	up	True	505858	506845	up	(800, 450)	testing
8	ym	f	20	2	diamond	none	same	N_dis	(800, 618)	hori	left	True	508382	509357	left	(800, 450)	testing
8	ym	f	20	2	diamond	green	same	(800, 282)	(800, 618)	vert	up	True	511001	511997	up	(800, 450)	testing
8	ym	f	20	2	diamond	none	dif	N_dis	(632, 450)	vert	up	True	513617	514509	up	(800, 450)	testing
8	ym	f	20	2	diamond	green	dif	(800, 282)	(968, 450)	vert	up	True	516137	516813	up	(800, 450)	testing
8	ym	f	20	2	diamond	none	dif	N_dis	(800, 618)	vert	up	True	518458	519309	up	(800, 450)	testing
8	ym	f	20	2	circle	none	dif	N_dis	(800, 282)	hori	left	True	520945	522605	left	(800, 450)	testing
8	ym	f	20	2	circle	green	dif	(968, 450)	(800, 618)	hori	left	True	523982	525180	left	(800, 450)	testing
8	ym	f	20	2	diamond	green	dif	(968, 450)	(632, 450)	vert	up	True	526621	527805	up	(800, 450)	testing
8	ym	f	20	2	circle	green	same	(968, 450)	(632, 450)	hori	left	True	529293	531180	left	(800, 450)	testing
8	ym	f	20	2	diamond	red	same	(632, 450)	(800, 282)	hori	left	True	532831	534172	left	(800, 450)	testing
8	ym	f	20	2	circle	none	dif	N_dis	(632, 450)	vert	up	True	535670	536989	up	(800, 450)	testing
8	ym	f	20	2	diamond	none	same	N_dis	(968, 450)	hori	left	True	538481	539469	left	(800, 450)	testing
8	ym	f	20	2	circle	none	same	N_dis	(968, 450)	hori	left	True	540990	541613	left	(800, 450)	testing
8	ym	f	20	2	circle	red	same	(800, 282)	(800, 618)	hori	left	True	543217	544573	left	(800, 450)	testing
8	ym	f	20	2	diamond	red	dif	(800, 282)	(632, 450)	vert	up	True	546068	546701	up	(800, 450)	testing
8	ym	f	20	2	circle	red	same	(800, 618)	(800, 282)	hori	left	True	548253	549389	left	(800, 450)	testing
8	ym	f	20	2	circle	green	same	(632, 450)	(800, 618)	hori	left	True	550803	551565	left	(800, 450)	testing
8	ym	f	20	2	circle	none	same	N_dis	(632, 450)	hori	left	True	553006	553725	left	(800, 450)	testing
8	ym	f	20	2	diamond	none	same	N_dis	(632, 450)	hori	left	True	555347	556429	left	(800, 450)	testing
8	ym	f	20	2	diamond	none	dif	N_dis	(968, 450)	vert	up	True	558034	558829	up	(800, 450)	testing
8	ym	f	20	2	circle	red	dif	(968, 450)	(800, 618)	vert	up	True	560477	561981	up	(800, 450)	testing
8	ym	f	20	2	circle	red	dif	(968, 450)	(632, 450)	vert	up	True	563462	564957	up	(800, 450)	testing
8	ym	f	20	2	diamond	none	dif	N_dis	(800, 282)	hori	left	True	566333	567486	left	(800, 450)	testing
8	ym	f	20	2	circle	red	same	(632, 450)	(800, 618)	vert	up	True	568896	570092	up	(800, 450)	testing
8	ym	f	20	2	circle	red	same	(800, 282)	(632, 450)	vert	up	True	571533	573020	up	(800, 450)	testing
8	ym	f	20	2	circle	red	same	(800, 282)	(800, 618)	vert	up	True	574571	575389	up	(800, 450)	testing
8	ym	f	20	2	circle	red	dif	(968, 450)	(800, 618)	vert	up	True	577062	577758	up	(800, 450)	testing
8	ym	f	20	2	diamond	green	dif	(632, 450)	(800, 618)	hori	left	True	579209	580221	left	(800, 450)	testing
8	ym	f	20	2	circle	green	dif	(968, 450)	(800, 282)	hori	left	True	581860	582717	left	(800, 450)	testing
8	ym	f	20	2	circle	none	same	N_dis	(800, 618)	hori	left	True	584093	584893	left	(800, 450)	testing
8	ym	f	20	2	diamond	none	same	N_dis	(968, 450)	vert	up	True	586540	588317	up	(800, 450)	testing
8	ym	f	20	2	circle	red	dif	(968, 450)	(800, 618)	vert	up	True	589848	591052	up	(800, 450)	testing
8	ym	f	20	2	circle	red	dif	(800, 618)	(800, 282)	vert	up	True	592592	593805	up	(800, 450)	testing
8	ym	f	20	2	diamond	none	same	N_dis	(800, 282)	vert	up	True	595453	596573	up	(800, 450)	testing
8	ym	f	20	2	diamond	none	dif	N_dis	(800, 618)	hori	left	True	598212	599100	left	(800, 450)	testing
8	ym	f	20	2	diamond	none	dif	N_dis	(632, 450)	hori	left	True	600510	601661	left	(800, 450)	testing
8	ym	f	20	2	diamond	red	dif	(800, 282)	(968, 450)	vert	up	True	603105	604012	up	(800, 450)	testing
8	ym	f	20	2	circle	green	same	(632, 450)	(800, 282)	vert	up	True	605481	606813	up	(800, 450)	testing
8	ym	f	20	2	circle	none	same	N_dis	(632, 450)	hori	left	True	608374	609629	left	(800, 450)	testing
8	ym	f	20	2	diamond	red	same	(800, 282)	(800, 618)	vert	up	True	611250	611981	up	(800, 450)	testing
8	ym	f	20	2	circle	red	dif	(800, 282)	(800, 618)	hori	left	True	613588	614733	left	(800, 450)	testing
8	ym	f	20	2	circle	red	same	(968, 450)	(632, 450)	vert	up	True	616133	616989	up	(800, 450)	testing
8	ym	f	20	2	diamond	red	dif	(968, 450)	(632, 450)	hori	left	True	618465	619180	left	(800, 450)	testing
8	ym	f	20	2	circle	green	dif	(632, 450)	(800, 282)	hori	left	True	620803	621869	up	(800, 450)	testing
8	ym	f	20	2	diamond	none	same	N_dis	(800, 618)	hori	left	True	624825	625645	left	(800, 450)	testing
8	ym	f	20	2	circle	red	dif	(800, 282)	(800, 618)	hori	left	True	627093	628012	left	(800, 450)	testing
8	ym	f	20	2	circle	none	same	N_dis	(800, 618)	hori	left	True	629568	630701	left	(800, 450)	testing
8	ym	f	20	2	diamond	red	dif	(800, 282)	(968, 450)	hori	left	True	632195	633229	left	(800, 450)	testing
8	ym	f	20	2	diamond	red	dif	(800, 282)	(632, 450)	vert	up	True	634802	635533	up	(800, 450)	testing
8	ym	f	20	2	circle	green	dif	(800, 282)	(800, 618)	vert	up	True	636910	637725	up	(800, 450)	testing
8	ym	f	20	2	diamond	green	same	(800, 282)	(800, 618)	vert	up	True	639301	639934	up	(800, 450)	testing
8	ym	f	20	2	diamond	green	dif	(632, 450)	(800, 618)	hori	left	True	641357	642333	left	(800, 450)	testing
8	ym	f	20	2	diamond	green	dif	(800, 282)	(800, 618)	vert	up	True	643767	644413	up	(800, 450)	testing
8	ym	f	20	2	circle	none	same	N_dis	(968, 450)	vert	up	True	645919	646957	up	(800, 450)	testing
8	ym	f	20	2	circle	green	same	(800, 618)	(632, 450)	hori	left	True	648473	649613	left	(800, 450)	testing
8	ym	f	20	2	circle	green	dif	(800, 282)	(968, 450)	vert	up	True	651175	651885	up	(800, 450)	testing
8	ym	f	20	2	diamond	none	dif	N_dis	(800, 618)	vert	up	True	653398	654349	left	(800, 450)	testing
8	ym	f	20	2	circle	none	dif	N_dis	(800, 618)	vert	up	True	657315	658701	up	(800, 450)	testing
8	ym	f	20	2	circle	none	same	N_dis	(800, 282)	vert	up	True	660320	661341	up	(800, 450)	testing
8	ym	f	20	2	circle	none	dif	N_dis	(968, 450)	vert	up	True	662766	663501	up	(800, 450)	testing
8	ym	f	20	2	diamond	red	dif	(632, 450)	(800, 282)	vert	up	True	665067	666076	up	(800, 450)	testing
8	ym	f	20	2	diamond	green	same	(632, 450)	(968, 450)	vert	up	True	667544	668365	up	(800, 450)	testing
8	ym	f	20	2	diamond	green	dif	(800, 282)	(800, 618)	hori	left	True	669765	670557	left	(800, 450)	testing
8	ym	f	20	2	diamond	green	same	(632, 450)	(800, 282)	hori	left	True	671932	672957	left	(800, 450)	testing
8	ym	f	20	2	diamond	green	dif	(632, 450)	(800, 618)	hori	left	True	674606	675581	left	(800, 450)	testing
8	ym	f	20	2	diamond	none	dif	N_dis	(632, 450)	vert	up	True	676995	678493	up	(800, 450)	testing
8	ym	f	20	2	circle	red	dif	(800, 618)	(968, 450)	hori	left	True	680158	681229	left	(800, 450)	testing
8	ym	f	20	2	diamond	none	dif	N_dis	(968, 450)	vert	up	True	682800	683421	up	(800, 450)	testing
8	ym	f	20	2	diamond	green	same	(800, 282)	(968, 450)	vert	up	True	684854	685629	up	(800, 450)	testing
8	ym	f	20	2	diamond	green	same	(800, 282)	(800, 618)	hori	left	True	687106	688060	left	(800, 450)	testing
8	ym	f	20	2	circle	none	dif	N_dis	(632, 450)	vert	up	True	689550	690589	up	(800, 450)	testing
8	ym	f	20	2	diamond	green	dif	(968, 450)	(632, 450)	hori	left	True	692030	693901	left	(800, 450)	testing
8	ym	f	20	2	diamond	green	same	(968, 450)	(632, 450)	hori	left	True	695370	696221	left	(800, 450)	testing
8	ym	f	20	2	diamond	green	same	(968, 450)	(800, 618)	vert	up	True	697761	698733	up	(800, 450)	testing
8	ym	f	20	2	diamond	green	dif	(968, 450)	(800, 282)	vert	up	True	700316	701277	up	(800, 450)	testing
8	ym	f	20	2	circle	green	dif	(800, 282)	(968, 450)	hori	left	True	702731	704877	left	(800, 450)	testing
8	ym	f	20	2	diamond	green	dif	(968, 450)	(800, 282)	vert	up	True	706385	707293	up	(800, 450)	testing
8	ym	f	20	2	diamond	red	same	(632, 450)	(968, 450)	vert	up	True	708821	709581	up	(800, 450)	testing
8	ym	f	20	2	diamond	red	same	(968, 450)	(800, 618)	hori	left	True	711000	711949	left	(800, 450)	testing
8	ym	f	20	2	circle	green	same	(968, 450)	(800, 282)	vert	up	True	713387	714413	up	(800, 450)	testing
8	ym	f	20	2	diamond	red	same	(968, 450)	(632, 450)	hori	left	True	715906	716669	left	(800, 450)	testing
8	ym	f	20	2	diamond	green	same	(800, 282)	(968, 450)	vert	up	True	718333	719164	up	(800, 450)	testing
8	ym	f	20	2	diamond	red	dif	(968, 450)	(800, 282)	vert	up	True	720740	721453	up	(800, 450)	testing
8	ym	f	20	2	circle	red	same	(968, 450)	(800, 618)	vert	up	True	722855	724269	up	(800, 450)	testing
8	ym	f	20	2	diamond	green	same	(800, 282)	(632, 450)	vert	up	True	725815	726669	up	(800, 450)	testing
8	ym	f	20	2	circle	green	same	(632, 450)	(800, 618)	vert	up	True	728194	730044	up	(800, 450)	testing
8	ym	f	20	2	circle	red	same	(632, 450)	(800, 618)	vert	up	True	731680	732829	up	(800, 450)	testing
8	ym	f	20	2	diamond	green	same	(968, 450)	(800, 282)	hori	left	True	734409	735261	left	(800, 450)	testing
8	ym	f	20	2	diamond	green	same	(800, 282)	(632, 450)	vert	up	True	736671	737597	up	(800, 450)	testing
8	ym	f	20	2	diamond	green	same	(968, 450)	(800, 282)	vert	up	True	739086	740285	up	(800, 450)	testing
8	ym	f	20	2	circle	red	dif	(800, 282)	(632, 450)	vert	up	True	741936	742893	up	(800, 450)	testing
8	ym	f	20	2	diamond	none	dif	N_dis	(800, 618)	hori	left	True	744271	745132	left	(800, 450)	testing
8	ym	f	20	2	diamond	green	dif	(800, 282)	(800, 618)	vert	up	True	746668	747885	up	(800, 450)	testing
8	ym	f	20	2	diamond	red	dif	(968, 450)	(632, 450)	hori	left	True	749396	750349	left	(800, 450)	testing
8	ym	f	20	2	circle	none	same	N_dis	(800, 618)	vert	up	True	751759	752861	up	(800, 450)	testing
8	ym	f	20	2	circle	green	same	(632, 450)	(800, 282)	hori	left	True	754444	756140	left	(800, 450)	testing
8	ym	f	20	2	circle	green	dif	(800, 282)	(632, 450)	hori	left	True	757753	758557	left	(800, 450)	testing
8	ym	f	20	2	diamond	red	dif	(968, 450)	(632, 450)	hori	left	True	759962	760669	left	(800, 450)	testing
8	ym	f	20	2	diamond	red	same	(800, 282)	(968, 450)	hori	left	True	762120	762813	left	(800, 450)	testing
8	ym	f	20	2	diamond	none	dif	N_dis	(800, 618)	vert	up	True	764391	765197	up	(800, 450)	testing
8	ym	f	20	2	diamond	green	dif	(632, 450)	(968, 450)	vert	up	True	766806	767581	up	(800, 450)	testing
8	ym	f	20	2	circle	none	dif	N_dis	(632, 450)	hori	left	True	769032	770477	left	(800, 450)	testing
8	ym	f	20	2	diamond	none	same	N_dis	(800, 618)	vert	up	True	772047	772781	up	(800, 450)	testing
8	ym	f	20	2	diamond	none	same	N_dis	(632, 450)	hori	left	True	774367	775405	left	(800, 450)	testing
8	ym	f	20	2	circle	green	dif	(632, 450)	(800, 282)	hori	left	True	776956	778429	left	(800, 450)	testing
8	ym	f	20	2	circle	green	same	(968, 450)	(800, 618)	hori	left	True	779986	781229	left	(800, 450)	testing
8	ym	f	20	2	circle	green	dif	(968, 450)	(800, 618)	hori	left	True	782634	783677	left	(800, 450)	testing
8	ym	f	20	2	circle	none	same	N_dis	(800, 282)	vert	up	True	785287	785901	up	(800, 450)	testing
8	ym	f	20	2	circle	none	same	N_dis	(632, 450)	hori	left	True	787473	788108	left	(800, 450)	testing
8	ym	f	20	2	circle	red	same	(632, 450)	(800, 618)	vert	up	True	789722	790381	up	(800, 450)	testing
8	ym	f	20	2	circle	red	dif	(968, 450)	(800, 282)	vert	up	True	791834	792397	up	(800, 450)	testing
8	ym	f	20	2	diamond	green	dif	(968, 450)	(632, 450)	vert	up	True	793887	794525	up	(800, 450)	testing
8	ym	f	20	2	circle	none	dif	N_dis	(800, 282)	hori	left	True	796018	796653	left	(800, 450)	testing
8	ym	f	20	2	diamond	red	same	(800, 282)	(968, 450)	vert	up	True	798155	798781	up	(800, 450)	testing
8	ym	f	20	2	circle	none	same	N_dis	(632, 450)	vert	up	True	800404	801310	up	(800, 450)	testing
8	ym	f	20	2	diamond	red	same	(968, 450)	(800, 282)	vert	up	True	802886	803501	up	(800, 450)	testing
8	ym	f	20	2	diamond	none	same	N_dis	(800, 282)	hori	left	True	805007	805789	left	(800, 450)	testing
8	ym	f	20	2	diamond	red	dif	(800, 618)	(800, 282)	vert	up	True	807415	808221	up	(800, 450)	testing
