subj	name	gender	age	runNum	shape	dist	td_dif	d_loc	t_loc	resp	resp_key	gotKey	startTime	respTime	resp	fix_loc	prac
9	cy	f	19	3	circle	none	dif	N_dis	(800, 618)	hori	left	True	41021	42879	left	(800, 450)	testing
9	cy	f	19	3	circle	red	dif	(800, 618)	(632, 450)	vert	up	True	44288	45679	up	(800, 450)	testing
9	cy	f	19	3	diamond	red	dif	(968, 450)	(800, 618)	vert	up	True	47304	48911	up	(800, 450)	testing
9	cy	f	19	3	circle	none	same	N_dis	(968, 450)	hori	left	True	50405	51038	left	(800, 450)	testing
9	cy	f	19	3	circle	none	same	N_dis	(632, 450)	vert	up	True	52642	53295	up	(800, 450)	testing
9	cy	f	19	3	circle	green	same	(632, 450)	(800, 282)	vert	up	True	54809	56607	up	(800, 450)	testing
9	cy	f	19	3	circle	red	same	(968, 450)	(632, 450)	hori	left	True	58231	58815	left	(800, 450)	testing
9	cy	f	19	3	circle	green	dif	(632, 450)	(800, 618)	hori	left	True	60337	61391	up	(800, 450)	testing
9	cy	f	19	3	circle	green	dif	(800, 282)	(800, 618)	vert	up	True	64581	65439	up	(800, 450)	testing
9	cy	f	19	3	circle	red	dif	(968, 450)	(800, 282)	vert	up	True	66825	67471	up	(800, 450)	testing
9	cy	f	19	3	diamond	green	dif	(632, 450)	(968, 450)	vert	up	True	69001	69695	left	(800, 450)	testing
9	cy	f	19	3	diamond	green	same	(800, 618)	(968, 450)	vert	up	True	72791	73871	up	(800, 450)	testing
9	cy	f	19	3	diamond	none	same	N_dis	(632, 450)	hori	left	True	75507	76191	left	(800, 450)	testing
9	cy	f	19	3	circle	red	dif	(800, 618)	(800, 282)	vert	up	True	77761	78431	up	(800, 450)	testing
9	cy	f	19	3	circle	red	same	(800, 618)	(800, 282)	vert	up	True	79831	81247	up	(800, 450)	testing
9	cy	f	19	3	circle	none	same	N_dis	(632, 450)	hori	left	True	82762	83375	left	(800, 450)	testing
9	cy	f	19	3	circle	none	same	N_dis	(968, 450)	hori	left	True	84995	85631	left	(800, 450)	testing
9	cy	f	19	3	diamond	green	dif	(632, 450)	(800, 282)	hori	left	True	87128	88223	left	(800, 450)	testing
9	cy	f	19	3	circle	green	same	(968, 450)	(800, 618)	vert	up	True	89687	90847	up	(800, 450)	testing
9	cy	f	19	3	circle	red	dif	(800, 282)	(968, 450)	hori	left	True	92507	93167	left	(800, 450)	testing
9	cy	f	19	3	circle	red	dif	(800, 618)	(632, 450)	hori	left	True	94554	95119	left	(800, 450)	testing
9	cy	f	19	3	diamond	none	dif	N_dis	(968, 450)	hori	left	True	96497	97311	left	(800, 450)	testing
9	cy	f	19	3	circle	none	dif	N_dis	(800, 618)	vert	up	True	98824	99518	up	(800, 450)	testing
9	cy	f	19	3	diamond	none	same	N_dis	(632, 450)	vert	up	True	101054	102399	up	(800, 450)	testing
9	cy	f	19	3	circle	none	same	N_dis	(800, 282)	hori	left	True	103896	104751	left	(800, 450)	testing
9	cy	f	19	3	diamond	red	same	(800, 282)	(968, 450)	vert	up	True	106200	107022	up	(800, 450)	testing
9	cy	f	19	3	circle	green	same	(632, 450)	(800, 618)	vert	up	True	108497	109519	up	(800, 450)	testing
9	cy	f	19	3	diamond	none	same	N_dis	(968, 450)	vert	up	True	110905	111695	up	(800, 450)	testing
9	cy	f	19	3	circle	green	same	(968, 450)	(800, 282)	vert	up	True	113141	114239	up	(800, 450)	testing
9	cy	f	19	3	diamond	none	same	N_dis	(800, 618)	hori	left	True	115645	117022	left	(800, 450)	testing
9	cy	f	19	3	diamond	red	same	(968, 450)	(632, 450)	hori	left	True	118602	119359	left	(800, 450)	testing
9	cy	f	19	3	diamond	none	dif	N_dis	(800, 618)	hori	left	True	120992	121663	left	(800, 450)	testing
9	cy	f	19	3	circle	none	dif	N_dis	(632, 450)	vert	up	True	123258	124077	up	(800, 450)	testing
9	cy	f	19	3	diamond	green	dif	(800, 618)	(968, 450)	vert	up	True	125486	126447	up	(800, 450)	testing
9	cy	f	19	3	diamond	green	same	(968, 450)	(800, 282)	vert	up	True	128003	128895	up	(800, 450)	testing
9	cy	f	19	3	diamond	red	dif	(968, 450)	(800, 618)	vert	up	True	130345	131070	up	(800, 450)	testing
9	cy	f	19	3	diamond	green	dif	(800, 282)	(632, 450)	hori	left	True	132538	133311	left	(800, 450)	testing
9	cy	f	19	3	diamond	green	same	(632, 450)	(800, 282)	vert	up	True	134732	135839	up	(800, 450)	testing
9	cy	f	19	3	circle	red	same	(800, 282)	(632, 450)	vert	up	True	137315	138655	up	(800, 450)	testing
9	cy	f	19	3	diamond	none	dif	N_dis	(800, 282)	vert	up	True	140215	140847	up	(800, 450)	testing
9	cy	f	19	3	diamond	green	dif	(800, 618)	(800, 282)	vert	up	True	142270	143151	up	(800, 450)	testing
9	cy	f	19	3	diamond	red	same	(800, 282)	(800, 618)	vert	up	True	144531	145279	up	(800, 450)	testing
9	cy	f	19	3	diamond	red	same	(968, 450)	(632, 450)	vert	up	True	146879	147615	up	(800, 450)	testing
9	cy	f	19	3	diamond	green	same	(800, 282)	(632, 450)	hori	left	True	149079	150046	left	(800, 450)	testing
9	cy	f	19	3	diamond	green	same	(632, 450)	(968, 450)	hori	left	True	151540	152319	left	(800, 450)	testing
9	cy	f	19	3	circle	red	same	(800, 618)	(968, 450)	hori	left	True	153715	156303	left	(800, 450)	testing
9	cy	f	19	3	diamond	red	dif	(632, 450)	(968, 450)	vert	up	True	157767	158639	up	(800, 450)	testing
9	cy	f	19	3	circle	green	dif	(800, 618)	(632, 450)	hori	left	True	160061	160991	left	(800, 450)	testing
9	cy	f	19	3	circle	green	dif	(632, 450)	(968, 450)	hori	left	True	162634	163423	left	(800, 450)	testing
9	cy	f	19	3	diamond	red	dif	(968, 450)	(800, 282)	vert	up	True	165018	165823	up	(800, 450)	testing
9	cy	f	19	3	circle	green	same	(800, 282)	(800, 618)	hori	left	True	167200	168319	left	(800, 450)	testing
9	cy	f	19	3	diamond	none	dif	N_dis	(800, 618)	vert	up	True	169969	170767	up	(800, 450)	testing
9	cy	f	19	3	diamond	red	dif	(800, 282)	(968, 450)	hori	left	True	172414	173391	left	(800, 450)	testing
9	cy	f	19	3	circle	green	dif	(800, 282)	(968, 450)	vert	up	True	174870	175551	up	(800, 450)	testing
9	cy	f	19	3	circle	none	dif	N_dis	(968, 450)	vert	up	True	177172	177855	up	(800, 450)	testing
9	cy	f	19	3	diamond	red	same	(800, 618)	(968, 450)	vert	up	True	179331	180191	up	(800, 450)	testing
9	cy	f	19	3	diamond	none	dif	N_dis	(800, 282)	hori	left	True	181723	182671	left	(800, 450)	testing
9	cy	f	19	3	circle	red	same	(632, 450)	(800, 618)	hori	left	True	184249	185006	left	(800, 450)	testing
9	cy	f	19	3	circle	none	dif	N_dis	(800, 282)	hori	left	True	186483	187135	left	(800, 450)	testing
9	cy	f	19	3	diamond	none	same	N_dis	(800, 282)	hori	left	True	188708	189631	left	(800, 450)	testing
9	cy	f	19	3	circle	none	dif	N_dis	(800, 618)	vert	up	True	191289	192078	up	(800, 450)	testing
9	cy	f	19	3	circle	red	dif	(800, 618)	(632, 450)	hori	left	True	193554	194303	left	(800, 450)	testing
9	cy	f	19	3	diamond	red	dif	(968, 450)	(800, 618)	vert	up	True	195870	196751	up	(800, 450)	testing
9	cy	f	19	3	circle	none	same	N_dis	(968, 450)	hori	left	True	198360	200383	left	(800, 450)	testing
9	cy	f	19	3	circle	none	same	N_dis	(632, 450)	vert	up	True	201823	202447	up	(800, 450)	testing
9	cy	f	19	3	circle	green	same	(632, 450)	(800, 282)	hori	left	True	203976	204655	left	(800, 450)	testing
9	cy	f	19	3	circle	red	same	(968, 450)	(632, 450)	vert	up	True	206279	206911	up	(800, 450)	testing
9	cy	f	19	3	circle	green	dif	(632, 450)	(800, 618)	vert	up	True	208308	209038	up	(800, 450)	testing
9	cy	f	19	3	circle	green	dif	(800, 282)	(800, 618)	vert	up	True	210556	211359	up	(800, 450)	testing
9	cy	f	19	3	circle	red	dif	(968, 450)	(800, 282)	hori	left	True	212884	213551	left	(800, 450)	testing
9	cy	f	19	3	diamond	green	dif	(632, 450)	(968, 450)	hori	left	True	214987	215887	left	(800, 450)	testing
9	cy	f	19	3	diamond	green	same	(800, 618)	(968, 450)	hori	left	True	217470	218367	left	(800, 450)	testing
9	cy	f	19	3	diamond	none	same	N_dis	(632, 450)	vert	up	True	219961	220767	up	(800, 450)	testing
9	cy	f	19	3	circle	red	dif	(800, 618)	(800, 282)	vert	up	True	222385	223183	up	(800, 450)	testing
9	cy	f	19	3	circle	red	same	(800, 618)	(800, 282)	hori	left	True	224749	225983	left	(800, 450)	testing
9	cy	f	19	3	circle	none	same	N_dis	(632, 450)	vert	up	True	227426	228094	up	(800, 450)	testing
9	cy	f	19	3	circle	none	same	N_dis	(968, 450)	hori	left	True	229647	230351	left	(800, 450)	testing
9	cy	f	19	3	diamond	green	dif	(632, 450)	(800, 282)	vert	up	True	231896	232783	up	(800, 450)	testing
9	cy	f	19	3	circle	green	same	(968, 450)	(800, 618)	hori	left	True	234381	235343	left	(800, 450)	testing
9	cy	f	19	3	circle	red	dif	(800, 282)	(968, 450)	vert	up	True	236744	237391	up	(800, 450)	testing
9	cy	f	19	3	circle	red	dif	(800, 618)	(632, 450)	hori	left	True	238946	239887	left	(800, 450)	testing
9	cy	f	19	3	diamond	none	dif	N_dis	(968, 450)	hori	left	True	241468	242335	left	(800, 450)	testing
9	cy	f	19	3	circle	none	dif	N_dis	(800, 618)	vert	up	True	243860	244511	up	(800, 450)	testing
9	cy	f	19	3	diamond	none	same	N_dis	(632, 450)	hori	left	True	246131	247503	left	(800, 450)	testing
9	cy	f	19	3	circle	none	same	N_dis	(800, 282)	vert	up	True	249130	249695	up	(800, 450)	testing
9	cy	f	19	3	diamond	red	same	(800, 282)	(968, 450)	vert	up	True	251172	253038	up	(800, 450)	testing
9	cy	f	19	3	circle	green	same	(632, 450)	(800, 618)	hori	left	True	254438	255791	left	(800, 450)	testing
9	cy	f	19	3	diamond	none	same	N_dis	(968, 450)	vert	up	True	257295	257999	up	(800, 450)	testing
9	cy	f	19	3	circle	green	same	(968, 450)	(800, 282)	vert	up	True	259534	260351	up	(800, 450)	testing
9	cy	f	19	3	diamond	none	same	N_dis	(800, 618)	vert	up	True	261729	262703	up	(800, 450)	testing
9	cy	f	19	3	diamond	red	same	(968, 450)	(632, 450)	hori	left	True	264314	265167	left	(800, 450)	testing
9	cy	f	19	3	diamond	none	dif	N_dis	(800, 618)	vert	up	True	266696	267519	up	(800, 450)	testing
9	cy	f	19	3	circle	none	dif	N_dis	(632, 450)	hori	left	True	269091	269791	left	(800, 450)	testing
9	cy	f	19	3	diamond	green	dif	(800, 618)	(968, 450)	vert	up	True	271245	272143	up	(800, 450)	testing
9	cy	f	19	3	diamond	green	same	(968, 450)	(800, 282)	hori	left	True	273755	274575	left	(800, 450)	testing
9	cy	f	19	3	diamond	red	dif	(968, 450)	(800, 618)	hori	left	True	276119	276991	left	(800, 450)	testing
9	cy	f	19	3	diamond	green	dif	(800, 282)	(632, 450)	hori	left	True	278444	279070	left	(800, 450)	testing
9	cy	f	19	3	diamond	green	same	(632, 450)	(800, 282)	vert	up	True	280503	281839	up	(800, 450)	testing
9	cy	f	19	3	circle	red	same	(800, 282)	(632, 450)	vert	up	True	283256	284271	up	(800, 450)	testing
9	cy	f	19	3	diamond	none	dif	N_dis	(800, 282)	vert	up	True	285916	286463	up	(800, 450)	testing
9	cy	f	19	3	diamond	green	dif	(800, 618)	(800, 282)	vert	up	True	287888	288751	up	(800, 450)	testing
9	cy	f	19	3	diamond	red	same	(800, 282)	(800, 618)	hori	left	True	290191	291054	left	(800, 450)	testing
9	cy	f	19	3	diamond	red	same	(968, 450)	(632, 450)	vert	up	True	292722	293487	up	(800, 450)	testing
9	cy	f	19	3	diamond	green	same	(800, 282)	(632, 450)	hori	left	True	294945	295999	left	(800, 450)	testing
9	cy	f	19	3	diamond	green	same	(632, 450)	(968, 450)	hori	left	True	297421	298030	left	(800, 450)	testing
9	cy	f	19	3	circle	red	same	(800, 618)	(968, 450)	hori	left	True	299623	301102	left	(800, 450)	testing
9	cy	f	19	3	diamond	red	dif	(632, 450)	(968, 450)	vert	up	True	302770	303535	up	(800, 450)	testing
9	cy	f	19	3	circle	green	dif	(800, 618)	(632, 450)	hori	left	True	305040	305823	left	(800, 450)	testing
9	cy	f	19	3	circle	green	dif	(632, 450)	(968, 450)	hori	left	True	307356	308335	up	(800, 450)	testing
9	cy	f	19	3	diamond	red	dif	(968, 450)	(800, 282)	hori	left	True	311305	312303	left	(800, 450)	testing
9	cy	f	19	3	circle	green	same	(800, 282)	(800, 618)	vert	up	True	313937	315038	up	(800, 450)	testing
9	cy	f	19	3	diamond	none	dif	N_dis	(800, 618)	hori	left	True	316587	317679	left	(800, 450)	testing
9	cy	f	19	3	diamond	red	dif	(800, 282)	(968, 450)	vert	up	True	319281	321487	up	(800, 450)	testing
9	cy	f	19	3	circle	green	dif	(800, 282)	(968, 450)	vert	up	True	323136	324831	up	(800, 450)	testing
9	cy	f	19	3	circle	none	dif	N_dis	(968, 450)	vert	up	True	326209	327263	up	(800, 450)	testing
9	cy	f	19	3	diamond	red	same	(800, 618)	(968, 450)	hori	left	True	328650	330527	left	(800, 450)	testing
9	cy	f	19	3	diamond	none	dif	N_dis	(800, 282)	hori	left	True	331977	332751	left	(800, 450)	testing
9	cy	f	19	3	circle	red	same	(632, 450)	(800, 618)	hori	left	True	334338	335215	left	(800, 450)	testing
9	cy	f	19	3	circle	none	dif	N_dis	(800, 282)	vert	up	True	336725	337455	up	(800, 450)	testing
9	cy	f	19	3	diamond	none	same	N_dis	(800, 282)	hori	left	True	339080	339871	left	(800, 450)	testing
9	cy	f	19	3	circle	none	dif	N_dis	(800, 618)	hori	left	True	341487	342447	left	(800, 450)	testing
9	cy	f	19	3	circle	red	dif	(800, 618)	(632, 450)	vert	up	True	343946	344831	up	(800, 450)	testing
9	cy	f	19	3	diamond	red	dif	(968, 450)	(800, 618)	vert	up	True	346369	347471	up	(800, 450)	testing
9	cy	f	19	3	circle	none	same	N_dis	(968, 450)	hori	left	True	349012	349775	left	(800, 450)	testing
9	cy	f	19	3	circle	none	same	N_dis	(632, 450)	hori	left	True	351322	352255	left	(800, 450)	testing
9	cy	f	19	3	circle	green	same	(632, 450)	(800, 282)	hori	left	True	353753	354463	left	(800, 450)	testing
9	cy	f	19	3	circle	red	same	(968, 450)	(632, 450)	hori	left	True	355909	356623	left	(800, 450)	testing
9	cy	f	19	3	circle	green	dif	(632, 450)	(800, 618)	vert	up	True	358293	359183	up	(800, 450)	testing
9	cy	f	19	3	circle	green	dif	(800, 282)	(800, 618)	vert	up	True	360557	361471	left	(800, 450)	testing
9	cy	f	19	3	circle	red	dif	(968, 450)	(800, 282)	hori	left	True	364381	365022	left	(800, 450)	testing
9	cy	f	19	3	diamond	green	dif	(632, 450)	(968, 450)	hori	left	True	366539	367359	left	(800, 450)	testing
9	cy	f	19	3	diamond	green	same	(800, 618)	(968, 450)	vert	up	True	368790	369855	up	(800, 450)	testing
9	cy	f	19	3	diamond	none	same	N_dis	(632, 450)	vert	up	True	371336	372046	up	(800, 450)	testing
9	cy	f	19	3	circle	red	dif	(800, 618)	(800, 282)	vert	up	True	373423	374607	up	(800, 450)	testing
9	cy	f	19	3	circle	red	same	(800, 618)	(800, 282)	hori	left	True	376097	376895	left	(800, 450)	testing
9	cy	f	19	3	circle	none	same	N_dis	(632, 450)	vert	up	True	378390	379215	up	(800, 450)	testing
9	cy	f	19	3	circle	none	same	N_dis	(968, 450)	hori	left	True	380868	381519	left	(800, 450)	testing
9	cy	f	19	3	diamond	green	dif	(632, 450)	(800, 282)	vert	up	True	383063	383919	up	(800, 450)	testing
9	cy	f	19	3	circle	green	same	(968, 450)	(800, 618)	hori	left	True	385313	386351	left	(800, 450)	testing
9	cy	f	19	3	circle	red	dif	(800, 282)	(968, 450)	hori	left	True	387977	388655	left	(800, 450)	testing
9	cy	f	19	3	circle	red	dif	(800, 618)	(632, 450)	vert	up	True	390306	390991	up	(800, 450)	testing
9	cy	f	19	3	diamond	none	dif	N_dis	(968, 450)	hori	left	True	392520	393215	left	(800, 450)	testing
9	cy	f	19	3	circle	none	dif	N_dis	(800, 618)	hori	left	True	394834	395503	left	(800, 450)	testing
9	cy	f	19	3	diamond	none	same	N_dis	(632, 450)	hori	left	True	397166	398078	left	(800, 450)	testing
9	cy	f	19	3	circle	none	same	N_dis	(800, 282)	hori	left	True	399708	400463	left	(800, 450)	testing
9	cy	f	19	3	diamond	red	same	(800, 282)	(968, 450)	hori	left	True	401972	402895	left	(800, 450)	testing
9	cy	f	19	3	circle	green	same	(632, 450)	(800, 618)	vert	up	True	404470	405471	up	(800, 450)	testing
9	cy	f	19	3	diamond	none	same	N_dis	(968, 450)	hori	left	True	406967	408623	left	(800, 450)	testing
9	cy	f	19	3	circle	green	same	(968, 450)	(800, 282)	vert	up	True	410041	411327	up	(800, 450)	testing
9	cy	f	19	3	diamond	none	same	N_dis	(800, 618)	vert	up	True	412976	413967	up	(800, 450)	testing
9	cy	f	19	3	diamond	red	same	(968, 450)	(632, 450)	hori	left	True	415500	416815	left	(800, 450)	testing
9	cy	f	19	3	diamond	none	dif	N_dis	(800, 618)	hori	left	True	418368	419006	left	(800, 450)	testing
9	cy	f	19	3	circle	none	dif	N_dis	(632, 450)	hori	left	True	420428	421086	left	(800, 450)	testing
9	cy	f	19	3	diamond	green	dif	(800, 618)	(968, 450)	hori	left	True	422665	423535	left	(800, 450)	testing
9	cy	f	19	3	diamond	green	same	(968, 450)	(800, 282)	hori	left	True	425119	426094	left	(800, 450)	testing
9	cy	f	19	3	diamond	red	dif	(968, 450)	(800, 618)	hori	left	True	427625	428271	left	(800, 450)	testing
9	cy	f	19	3	diamond	green	dif	(800, 282)	(632, 450)	hori	left	True	429679	430319	left	(800, 450)	testing
9	cy	f	19	3	diamond	green	same	(632, 450)	(800, 282)	hori	left	True	431748	432383	left	(800, 450)	testing
9	cy	f	19	3	circle	red	same	(800, 282)	(632, 450)	vert	up	True	433867	435038	up	(800, 450)	testing
9	cy	f	19	3	diamond	none	dif	N_dis	(800, 282)	vert	up	True	436592	437503	up	(800, 450)	testing
9	cy	f	19	3	diamond	green	dif	(800, 618)	(800, 282)	hori	left	True	438991	440479	left	(800, 450)	testing
9	cy	f	19	3	diamond	red	same	(800, 282)	(800, 618)	hori	left	True	442079	442895	left	(800, 450)	testing
9	cy	f	19	3	diamond	red	same	(968, 450)	(632, 450)	vert	up	True	444482	445199	up	(800, 450)	testing
9	cy	f	19	3	diamond	green	same	(800, 282)	(632, 450)	hori	left	True	446684	447743	left	(800, 450)	testing
9	cy	f	19	3	diamond	green	same	(632, 450)	(968, 450)	vert	up	True	449363	450271	up	(800, 450)	testing
9	cy	f	19	3	circle	red	same	(800, 618)	(968, 450)	vert	up	True	451668	453439	up	(800, 450)	testing
9	cy	f	19	3	diamond	red	dif	(632, 450)	(968, 450)	vert	up	True	454987	455807	up	(800, 450)	testing
9	cy	f	19	3	circle	green	dif	(800, 618)	(632, 450)	hori	left	True	457257	457983	left	(800, 450)	testing
9	cy	f	19	3	circle	green	dif	(632, 450)	(968, 450)	vert	up	True	459459	460271	up	(800, 450)	testing
9	cy	f	19	3	diamond	red	dif	(968, 450)	(800, 282)	hori	left	True	461657	462463	left	(800, 450)	testing
9	cy	f	19	3	circle	green	same	(800, 282)	(800, 618)	hori	left	True	463922	465038	left	(800, 450)	testing
9	cy	f	19	3	diamond	none	dif	N_dis	(800, 618)	vert	up	True	466692	467503	up	(800, 450)	testing
9	cy	f	19	3	diamond	red	dif	(800, 282)	(968, 450)	hori	left	True	469093	469759	left	(800, 450)	testing
9	cy	f	19	3	circle	green	dif	(800, 282)	(968, 450)	vert	up	True	471315	473215	up	(800, 450)	testing
9	cy	f	19	3	circle	none	dif	N_dis	(968, 450)	vert	up	True	474759	475919	left	(800, 450)	testing
9	cy	f	19	3	diamond	red	same	(800, 618)	(968, 450)	vert	up	True	478994	479711	up	(800, 450)	testing
9	cy	f	19	3	diamond	none	dif	N_dis	(800, 282)	hori	left	True	481129	481775	left	(800, 450)	testing
9	cy	f	19	3	circle	red	same	(632, 450)	(800, 618)	hori	left	True	483250	484431	left	(800, 450)	testing
9	cy	f	19	3	circle	none	dif	N_dis	(800, 282)	vert	up	True	486062	486783	up	(800, 450)	testing
9	cy	f	19	3	diamond	none	same	N_dis	(800, 282)	vert	up	True	488369	489551	up	(800, 450)	testing
9	cy	f	19	3	circle	none	dif	N_dis	(800, 618)	vert	up	True	491143	491983	up	(800, 450)	testing
9	cy	f	19	3	circle	red	dif	(800, 618)	(632, 450)	hori	left	True	493656	494303	left	(800, 450)	testing
9	cy	f	19	3	diamond	red	dif	(968, 450)	(800, 618)	vert	up	True	495957	497070	up	(800, 450)	testing
9	cy	f	19	3	circle	none	same	N_dis	(968, 450)	hori	left	True	498566	499503	left	(800, 450)	testing
9	cy	f	19	3	circle	none	same	N_dis	(632, 450)	hori	left	True	501063	501711	left	(800, 450)	testing
9	cy	f	19	3	circle	green	same	(632, 450)	(800, 282)	vert	up	True	503142	503839	up	(800, 450)	testing
9	cy	f	19	3	circle	red	same	(968, 450)	(632, 450)	hori	left	True	505367	506046	left	(800, 450)	testing
9	cy	f	19	3	circle	green	dif	(632, 450)	(800, 618)	hori	left	True	507533	508271	left	(800, 450)	testing
9	cy	f	19	3	circle	green	dif	(800, 282)	(800, 618)	vert	up	True	509669	510575	up	(800, 450)	testing
9	cy	f	19	3	circle	red	dif	(968, 450)	(800, 282)	hori	left	True	512130	513183	left	(800, 450)	testing
9	cy	f	19	3	diamond	green	dif	(632, 450)	(968, 450)	vert	up	True	514755	516495	up	(800, 450)	testing
9	cy	f	19	3	diamond	green	same	(800, 618)	(968, 450)	vert	up	True	518149	519006	up	(800, 450)	testing
9	cy	f	19	3	diamond	none	same	N_dis	(632, 450)	vert	up	True	520561	521231	up	(800, 450)	testing
9	cy	f	19	3	circle	red	dif	(800, 618)	(800, 282)	hori	left	True	522654	523631	left	(800, 450)	testing
9	cy	f	19	3	circle	red	same	(800, 618)	(800, 282)	hori	left	True	525223	525791	left	(800, 450)	testing
9	cy	f	19	3	circle	none	same	N_dis	(632, 450)	vert	up	True	527310	528062	up	(800, 450)	testing
9	cy	f	19	3	circle	none	same	N_dis	(968, 450)	hori	left	True	529524	531070	left	(800, 450)	testing
9	cy	f	19	3	diamond	green	dif	(632, 450)	(800, 282)	hori	left	True	532720	533455	up	(800, 450)	testing
9	cy	f	19	3	circle	green	same	(968, 450)	(800, 618)	vert	up	True	536518	537679	up	(800, 450)	testing
9	cy	f	19	3	circle	red	dif	(800, 282)	(968, 450)	vert	up	True	539279	540046	up	(800, 450)	testing
9	cy	f	19	3	circle	red	dif	(800, 618)	(632, 450)	vert	up	True	541714	542335	up	(800, 450)	testing
9	cy	f	19	3	diamond	none	dif	N_dis	(968, 450)	hori	left	True	543942	544671	left	(800, 450)	testing
9	cy	f	19	3	circle	none	dif	N_dis	(800, 618)	vert	up	True	546338	547038	up	(800, 450)	testing
9	cy	f	19	3	diamond	none	same	N_dis	(632, 450)	vert	up	True	548683	549503	up	(800, 450)	testing
9	cy	f	19	3	circle	none	same	N_dis	(800, 282)	vert	up	True	551118	551743	up	(800, 450)	testing
9	cy	f	19	3	diamond	red	same	(800, 282)	(968, 450)	vert	up	True	553394	554287	up	(800, 450)	testing
9	cy	f	19	3	circle	green	same	(632, 450)	(800, 618)	vert	up	True	555752	557679	up	(800, 450)	testing
9	cy	f	19	3	diamond	none	same	N_dis	(968, 450)	vert	up	True	559121	559727	up	(800, 450)	testing
9	cy	f	19	3	circle	green	same	(968, 450)	(800, 282)	vert	up	True	561246	562127	up	(800, 450)	testing
9	cy	f	19	3	diamond	none	same	N_dis	(800, 618)	hori	left	True	563715	564719	left	(800, 450)	testing
9	cy	f	19	3	diamond	red	same	(968, 450)	(632, 450)	hori	left	True	566236	567135	left	(800, 450)	testing
9	cy	f	19	3	diamond	none	dif	N_dis	(800, 618)	vert	up	True	568678	569423	up	(800, 450)	testing
9	cy	f	19	3	circle	none	dif	N_dis	(632, 450)	vert	up	True	570999	571823	up	(800, 450)	testing
9	cy	f	19	3	diamond	green	dif	(800, 618)	(968, 450)	hori	left	True	573355	574431	left	(800, 450)	testing
9	cy	f	19	3	diamond	green	same	(968, 450)	(800, 282)	hori	left	True	576048	576847	left	(800, 450)	testing
9	cy	f	19	3	diamond	red	dif	(968, 450)	(800, 618)	hori	left	True	578493	579167	left	(800, 450)	testing
9	cy	f	19	3	diamond	green	dif	(800, 282)	(632, 450)	hori	left	True	580702	581439	left	(800, 450)	testing
9	cy	f	19	3	diamond	green	same	(632, 450)	(800, 282)	hori	left	True	582890	583695	left	(800, 450)	testing
9	cy	f	19	3	circle	red	same	(800, 282)	(632, 450)	hori	left	True	585131	586175	left	(800, 450)	testing
9	cy	f	19	3	diamond	none	dif	N_dis	(800, 282)	vert	up	True	587607	588399	up	(800, 450)	testing
9	cy	f	19	3	diamond	green	dif	(800, 618)	(800, 282)	vert	up	True	589963	590671	up	(800, 450)	testing
9	cy	f	19	3	diamond	red	same	(800, 282)	(800, 618)	vert	up	True	592237	592975	up	(800, 450)	testing
9	cy	f	19	3	diamond	red	same	(968, 450)	(632, 450)	vert	up	True	594388	595006	up	(800, 450)	testing
9	cy	f	19	3	diamond	green	same	(800, 282)	(632, 450)	vert	up	True	596615	597327	up	(800, 450)	testing
9	cy	f	19	3	diamond	green	same	(632, 450)	(968, 450)	vert	up	True	598804	599455	up	(800, 450)	testing
9	cy	f	19	3	circle	red	same	(800, 618)	(968, 450)	vert	up	True	600830	601807	up	(800, 450)	testing
9	cy	f	19	3	diamond	red	dif	(632, 450)	(968, 450)	vert	up	True	603229	603951	up	(800, 450)	testing
9	cy	f	19	3	circle	green	dif	(800, 618)	(632, 450)	hori	left	True	605465	607022	left	(800, 450)	testing
9	cy	f	19	3	circle	green	dif	(632, 450)	(968, 450)	hori	left	True	608407	609102	left	(800, 450)	testing
9	cy	f	19	3	diamond	red	dif	(968, 450)	(800, 282)	hori	left	True	610726	611503	left	(800, 450)	testing
9	cy	f	19	3	circle	green	same	(800, 282)	(800, 618)	hori	left	True	613056	613791	left	(800, 450)	testing
9	cy	f	19	3	diamond	none	dif	N_dis	(800, 618)	hori	left	True	615407	617151	left	(800, 450)	testing
9	cy	f	19	3	diamond	red	dif	(800, 282)	(968, 450)	vert	up	True	618658	619439	up	(800, 450)	testing
9	cy	f	19	3	circle	green	dif	(800, 282)	(968, 450)	hori	left	True	620976	622271	left	(800, 450)	testing
9	cy	f	19	3	circle	none	dif	N_dis	(968, 450)	hori	left	True	623750	624351	left	(800, 450)	testing
9	cy	f	19	3	diamond	red	same	(800, 618)	(968, 450)	hori	left	True	625773	626431	left	(800, 450)	testing
9	cy	f	19	3	diamond	none	dif	N_dis	(800, 282)	vert	up	True	627859	628591	up	(800, 450)	testing
9	cy	f	19	3	circle	red	same	(632, 450)	(800, 618)	hori	left	True	630181	630959	left	(800, 450)	testing
9	cy	f	19	3	circle	none	dif	N_dis	(800, 282)	hori	left	True	632582	633215	left	(800, 450)	testing
9	cy	f	19	3	diamond	none	same	N_dis	(800, 282)	hori	left	True	634888	635791	left	(800, 450)	testing
9	cy	f	19	3	circle	none	dif	N_dis	(800, 618)	hori	left	True	637433	638431	left	(800, 450)	testing
9	cy	f	19	3	circle	red	dif	(800, 618)	(632, 450)	vert	up	True	640068	641070	up	(800, 450)	testing
9	cy	f	19	3	diamond	red	dif	(968, 450)	(800, 618)	vert	up	True	642649	643631	up	(800, 450)	testing
9	cy	f	19	3	circle	none	same	N_dis	(968, 450)	hori	left	True	645274	646030	left	(800, 450)	testing
9	cy	f	19	3	circle	none	same	N_dis	(632, 450)	hori	left	True	647485	648191	left	(800, 450)	testing
9	cy	f	19	3	circle	green	same	(632, 450)	(800, 282)	vert	up	True	649645	650431	up	(800, 450)	testing
9	cy	f	19	3	circle	red	same	(968, 450)	(632, 450)	hori	left	True	651996	652655	left	(800, 450)	testing
9	cy	f	19	3	circle	green	dif	(632, 450)	(800, 618)	vert	up	True	654059	654735	up	(800, 450)	testing
9	cy	f	19	3	circle	green	dif	(800, 282)	(800, 618)	hori	left	True	656275	657423	left	(800, 450)	testing
9	cy	f	19	3	circle	red	dif	(968, 450)	(800, 282)	hori	left	True	658893	659551	left	(800, 450)	testing
9	cy	f	19	3	diamond	green	dif	(632, 450)	(968, 450)	vert	up	True	661063	661839	up	(800, 450)	testing
9	cy	f	19	3	diamond	green	same	(800, 618)	(968, 450)	hori	left	True	663416	664847	left	(800, 450)	testing
9	cy	f	19	3	diamond	none	same	N_dis	(632, 450)	hori	left	True	666461	667086	left	(800, 450)	testing
9	cy	f	19	3	circle	red	dif	(800, 618)	(800, 282)	hori	left	True	668494	669247	left	(800, 450)	testing
9	cy	f	19	3	circle	red	same	(800, 618)	(800, 282)	vert	up	True	670702	671487	up	(800, 450)	testing
9	cy	f	19	3	circle	none	same	N_dis	(632, 450)	hori	left	True	672896	673503	left	(800, 450)	testing
9	cy	f	19	3	circle	none	same	N_dis	(968, 450)	vert	up	True	675081	675887	up	(800, 450)	testing
9	cy	f	19	3	diamond	green	dif	(632, 450)	(800, 282)	vert	up	True	677292	678143	up	(800, 450)	testing
9	cy	f	19	3	circle	green	same	(968, 450)	(800, 618)	hori	left	True	679800	680911	left	(800, 450)	testing
9	cy	f	19	3	circle	red	dif	(800, 282)	(968, 450)	vert	up	True	682317	683038	up	(800, 450)	testing
9	cy	f	19	3	circle	red	dif	(800, 618)	(632, 450)	hori	left	True	684691	685279	left	(800, 450)	testing
9	cy	f	19	3	diamond	none	dif	N_dis	(968, 450)	vert	up	True	686699	687615	up	(800, 450)	testing
9	cy	f	19	3	circle	none	dif	N_dis	(800, 618)	hori	left	True	689154	690127	left	(800, 450)	testing
9	cy	f	19	3	diamond	none	same	N_dis	(632, 450)	hori	left	True	691516	692287	left	(800, 450)	testing
9	cy	f	19	3	circle	none	same	N_dis	(800, 282)	vert	up	True	693912	694543	up	(800, 450)	testing
9	cy	f	19	3	diamond	red	same	(800, 282)	(968, 450)	vert	up	True	696006	696959	up	(800, 450)	testing
9	cy	f	19	3	circle	green	same	(632, 450)	(800, 618)	hori	left	True	698402	699455	left	(800, 450)	testing
9	cy	f	19	3	diamond	none	same	N_dis	(968, 450)	vert	up	True	701115	701807	up	(800, 450)	testing
9	cy	f	19	3	circle	green	same	(968, 450)	(800, 282)	vert	up	True	703203	703967	up	(800, 450)	testing
9	cy	f	19	3	diamond	none	same	N_dis	(800, 618)	vert	up	True	705573	706255	up	(800, 450)	testing
9	cy	f	19	3	diamond	red	same	(968, 450)	(632, 450)	hori	left	True	707654	708303	left	(800, 450)	testing
9	cy	f	19	3	diamond	none	dif	N_dis	(800, 618)	hori	left	True	709775	710399	left	(800, 450)	testing
9	cy	f	19	3	circle	none	dif	N_dis	(632, 450)	hori	left	True	711776	712559	left	(800, 450)	testing
9	cy	f	19	3	diamond	green	dif	(800, 618)	(968, 450)	hori	left	True	714067	714991	left	(800, 450)	testing
9	cy	f	19	3	diamond	green	same	(968, 450)	(800, 282)	hori	left	True	716578	717295	left	(800, 450)	testing
9	cy	f	19	3	diamond	red	dif	(968, 450)	(800, 618)	hori	left	True	718963	719887	left	(800, 450)	testing
9	cy	f	19	3	diamond	green	dif	(800, 282)	(632, 450)	vert	up	True	721506	722687	up	(800, 450)	testing
9	cy	f	19	3	diamond	green	same	(632, 450)	(800, 282)	hori	left	True	724327	725199	left	(800, 450)	testing
9	cy	f	19	3	circle	red	same	(800, 282)	(632, 450)	vert	up	True	726669	727615	up	(800, 450)	testing
9	cy	f	19	3	diamond	none	dif	N_dis	(800, 282)	hori	left	True	729136	729839	left	(800, 450)	testing
9	cy	f	19	3	diamond	green	dif	(800, 618)	(800, 282)	hori	left	True	731395	732223	left	(800, 450)	testing
9	cy	f	19	3	diamond	red	same	(800, 282)	(800, 618)	vert	up	True	733622	735086	up	(800, 450)	testing
9	cy	f	19	3	diamond	red	same	(968, 450)	(632, 450)	hori	left	True	736530	737631	left	(800, 450)	testing
9	cy	f	19	3	diamond	green	same	(800, 282)	(632, 450)	vert	up	True	739253	740479	up	(800, 450)	testing
9	cy	f	19	3	diamond	green	same	(632, 450)	(968, 450)	hori	left	True	741868	742703	left	(800, 450)	testing
9	cy	f	19	3	circle	red	same	(800, 618)	(968, 450)	vert	up	True	744244	745135	up	(800, 450)	testing
9	cy	f	19	3	diamond	red	dif	(632, 450)	(968, 450)	vert	up	True	746762	747391	up	(800, 450)	testing
9	cy	f	19	3	circle	green	dif	(800, 618)	(632, 450)	hori	left	True	748825	749919	up	(800, 450)	testing
9	cy	f	19	3	circle	green	dif	(632, 450)	(968, 450)	vert	up	True	752860	753807	up	(800, 450)	testing
9	cy	f	19	3	diamond	red	dif	(968, 450)	(800, 282)	vert	up	True	755356	756607	up	(800, 450)	testing
9	cy	f	19	3	circle	green	same	(800, 282)	(800, 618)	vert	up	True	758127	758991	up	(800, 450)	testing
9	cy	f	19	3	diamond	none	dif	N_dis	(800, 618)	vert	up	True	760456	761135	up	(800, 450)	testing
9	cy	f	19	3	diamond	red	dif	(800, 282)	(968, 450)	hori	left	True	762637	763647	left	(800, 450)	testing
9	cy	f	19	3	circle	green	dif	(800, 282)	(968, 450)	vert	up	True	765041	765759	left	(800, 450)	testing
9	cy	f	19	3	circle	none	dif	N_dis	(968, 450)	hori	left	True	768886	769775	left	(800, 450)	testing
9	cy	f	19	3	diamond	red	same	(800, 618)	(968, 450)	vert	up	True	771361	772575	up	(800, 450)	testing
9	cy	f	19	3	diamond	none	dif	N_dis	(800, 282)	vert	up	True	773951	774607	up	(800, 450)	testing
9	cy	f	19	3	circle	red	same	(632, 450)	(800, 618)	vert	up	True	776214	777471	up	(800, 450)	testing
9	cy	f	19	3	circle	none	dif	N_dis	(800, 282)	hori	left	True	779059	779951	left	(800, 450)	testing
9	cy	f	19	3	diamond	none	same	N_dis	(800, 282)	vert	up	True	781434	782271	up	(800, 450)	testing
conf	9	cy	f	19	3	7	5	space	None	None	None	None	None	None	None	True	831688	846975	5
