subj	name	gender	age	runNum	shape	dist	td_dif	d_loc	t_loc	resp	resp_key	gotKey	startTime	respTime	resp	fix_loc	prac
9	cy	f	19	1	diamond	none	dif	N_dis	(968, 450)	vert	up	True	80652	81869	up	(800, 450)	practice
9	cy	f	19	1	diamond	none	same	N_dis	(800, 282)	vert	up	True	83384	84429	up	(800, 450)	practice
9	cy	f	19	1	circle	none	dif	N_dis	(632, 450)	hori	left	True	85883	86685	left	(800, 450)	practice
9	cy	f	19	1	diamond	green	dif	(968, 450)	(800, 282)	vert	up	True	88163	88813	up	(800, 450)	practice
9	cy	f	19	1	circle	green	dif	(968, 450)	(632, 450)	hori	left	True	90324	91068	up	(800, 450)	practice
9	cy	f	19	1	diamond	green	dif	(968, 450)	(800, 618)	hori	left	True	94012	94589	up	(800, 450)	practice
9	cy	f	19	1	circle	none	dif	N_dis	(968, 450)	hori	left	True	97665	100365	left	(800, 450)	practice
9	cy	f	19	1	circle	none	same	N_dis	(800, 282)	hori	left	True	101866	102685	left	(800, 450)	practice
9	cy	f	19	1	diamond	none	dif	N_dis	(968, 450)	hori	left	True	104243	105277	left	(800, 450)	practice
9	cy	f	19	1	circle	none	same	N_dis	(968, 450)	hori	left	True	106796	107597	left	(800, 450)	practice
9	cy	f	19	1	circle	red	same	(968, 450)	(800, 282)	vert	up	True	109134	109901	up	(800, 450)	practice
9	cy	f	19	1	circle	none	dif	N_dis	(968, 450)	vert	up	True	111532	112429	up	(800, 450)	practice
9	cy	f	19	1	diamond	red	same	(968, 450)	(632, 450)	vert	up	True	114064	115197	up	(800, 450)	practice
9	cy	f	19	1	diamond	none	dif	N_dis	(632, 450)	hori	left	True	116847	117613	left	(800, 450)	practice
9	cy	f	19	1	circle	red	same	(968, 450)	(800, 618)	vert	up	True	119184	120941	up	(800, 450)	practice
9	cy	f	19	1	diamond	red	same	(968, 450)	(800, 282)	vert	up	True	122423	123501	left	(800, 450)	practice
9	cy	f	19	1	circle	red	same	(968, 450)	(632, 450)	hori	left	True	126601	127853	left	(800, 450)	practice
9	cy	f	19	1	diamond	red	same	(968, 450)	(800, 618)	hori	left	True	129271	130172	left	(800, 450)	practice
9	cy	f	19	1	circle	green	dif	(968, 450)	(800, 282)	vert	up	True	131715	133068	up	(800, 450)	practice
9	cy	f	19	1	circle	red	same	(968, 450)	(632, 450)	hori	left	True	134532	135197	left	(800, 450)	practice
9	cy	f	19	1	circle	red	dif	(968, 450)	(800, 618)	vert	up	True	136593	137533	left	(800, 450)	practice
9	cy	f	19	1	circle	red	same	(968, 450)	(800, 282)	vert	up	True	140562	141437	up	(800, 450)	practice
9	cy	f	19	1	diamond	green	dif	(968, 450)	(632, 450)	hori	left	True	142884	144669	left	(800, 450)	practice
9	cy	f	19	1	circle	green	same	(968, 450)	(800, 618)	vert	up	True	146153	147485	up	(800, 450)	practice
9	cy	f	19	1	diamond	none	same	N_dis	(632, 450)	vert	up	True	149017	149853	up	(800, 450)	practice
9	cy	f	19	1	diamond	green	same	(968, 450)	(800, 282)	hori	left	True	151522	152621	left	(800, 450)	practice
9	cy	f	19	1	circle	none	same	N_dis	(968, 450)	vert	up	True	154238	155213	left	(800, 450)	practice
9	cy	f	19	1	circle	green	dif	(968, 450)	(632, 450)	vert	up	True	158203	160381	up	(800, 450)	practice
9	cy	f	19	1	diamond	red	dif	(968, 450)	(800, 618)	vert	up	True	161941	162989	up	(800, 450)	practice
9	cy	f	19	1	diamond	red	same	(968, 450)	(800, 282)	vert	up	True	164524	165261	up	(800, 450)	practice
9	cy	f	19	1	circle	none	dif	N_dis	(800, 618)	vert	up	True	166809	167693	up	(800, 450)	practice
9	cy	f	19	1	diamond	red	same	(968, 450)	(632, 450)	hori	left	True	169257	170333	left	(800, 450)	practice
9	cy	f	19	1	diamond	none	same	N_dis	(632, 450)	hori	left	True	171936	172653	left	(800, 450)	practice
9	cy	f	19	1	circle	green	same	(968, 450)	(800, 618)	vert	up	True	174079	175100	up	(800, 450)	practice
9	cy	f	19	1	diamond	red	dif	(968, 450)	(800, 282)	vert	up	True	176604	177709	up	(800, 450)	practice
9	cy	f	19	1	circle	red	same	(968, 450)	(632, 450)	vert	up	True	179261	180092	left	(800, 450)	practice
9	cy	f	19	1	diamond	none	same	N_dis	(800, 282)	vert	up	True	183138	183885	up	(800, 450)	practice
9	cy	f	19	1	circle	red	same	(968, 450)	(800, 618)	vert	up	True	185344	186317	up	(800, 450)	practice
9	cy	f	19	1	diamond	red	dif	(968, 450)	(800, 282)	vert	up	True	187781	189309	up	(800, 450)	practice
9	cy	f	19	1	diamond	green	dif	(968, 450)	(632, 450)	vert	up	True	190899	191853	up	(800, 450)	practice
9	cy	f	19	1	diamond	red	dif	(800, 282)	(800, 618)	vert	up	True	197302	198893	up	(800, 450)	testing
9	cy	f	19	1	diamond	none	same	N_dis	(632, 450)	vert	up	True	200338	201020	up	(800, 450)	testing
9	cy	f	19	1	diamond	none	same	N_dis	(632, 450)	hori	left	True	202657	203437	left	(800, 450)	testing
9	cy	f	19	1	diamond	none	dif	N_dis	(800, 618)	hori	left	True	204931	205965	left	(800, 450)	testing
9	cy	f	19	1	circle	none	same	N_dis	(968, 450)	hori	left	True	207469	208237	left	(800, 450)	testing
9	cy	f	19	1	diamond	red	same	(800, 618)	(800, 282)	hori	left	True	209869	210653	left	(800, 450)	testing
9	cy	f	19	1	diamond	green	same	(968, 450)	(800, 618)	vert	up	True	212034	212957	up	(800, 450)	testing
9	cy	f	19	1	circle	green	dif	(632, 450)	(968, 450)	vert	up	True	214371	215293	left	(800, 450)	testing
9	cy	f	19	1	diamond	none	dif	N_dis	(800, 282)	vert	up	True	218235	219148	up	(800, 450)	testing
9	cy	f	19	1	circle	none	dif	N_dis	(800, 618)	hori	left	True	220821	221741	left	(800, 450)	testing
9	cy	f	19	1	circle	green	same	(800, 618)	(632, 450)	hori	left	True	223310	224525	left	(800, 450)	testing
9	cy	f	19	1	diamond	green	same	(968, 450)	(632, 450)	vert	up	True	226182	227293	up	(800, 450)	testing
9	cy	f	19	1	circle	red	same	(968, 450)	(800, 282)	hori	left	True	228731	229965	up	(800, 450)	testing
9	cy	f	19	1	diamond	green	dif	(968, 450)	(800, 618)	hori	left	True	233014	234172	left	(800, 450)	testing
9	cy	f	19	1	diamond	none	same	N_dis	(632, 450)	hori	left	True	235660	236621	left	(800, 450)	testing
9	cy	f	19	1	diamond	red	dif	(800, 282)	(800, 618)	hori	left	True	238109	239148	up	(800, 450)	testing
9	cy	f	19	1	circle	none	same	N_dis	(800, 282)	hori	left	True	242315	243613	left	(800, 450)	testing
9	cy	f	19	1	circle	none	same	N_dis	(632, 450)	vert	up	True	245274	246301	up	(800, 450)	testing
9	cy	f	19	1	circle	green	same	(968, 450)	(800, 618)	vert	up	True	247674	248669	up	(800, 450)	testing
9	cy	f	19	1	circle	red	dif	(968, 450)	(632, 450)	hori	left	True	250165	251357	left	(800, 450)	testing
9	cy	f	19	1	diamond	red	same	(968, 450)	(800, 282)	vert	up	True	252861	253789	up	(800, 450)	testing
9	cy	f	19	1	circle	green	dif	(800, 282)	(800, 618)	hori	left	True	255168	256253	left	(800, 450)	testing
9	cy	f	19	1	circle	green	dif	(968, 450)	(800, 282)	hori	left	True	257775	258813	left	(800, 450)	testing
9	cy	f	19	1	diamond	none	dif	N_dis	(800, 618)	hori	left	True	260208	261132	left	(800, 450)	testing
9	cy	f	19	1	circle	none	dif	N_dis	(800, 282)	vert	up	True	262583	264012	up	(800, 450)	testing
9	cy	f	19	1	diamond	red	same	(800, 618)	(968, 450)	hori	left	True	265657	266989	left	(800, 450)	testing
9	cy	f	19	1	diamond	red	same	(800, 618)	(800, 282)	vert	up	True	268571	269981	up	(800, 450)	testing
9	cy	f	19	1	circle	red	same	(632, 450)	(800, 618)	hori	left	True	271563	272733	left	(800, 450)	testing
9	cy	f	19	1	circle	red	dif	(800, 282)	(968, 450)	vert	up	True	274123	275261	up	(800, 450)	testing
9	cy	f	19	1	circle	green	same	(968, 450)	(800, 618)	hori	left	True	276919	277629	left	(800, 450)	testing
9	cy	f	19	1	diamond	green	dif	(632, 450)	(800, 282)	hori	left	True	279132	280349	left	(800, 450)	testing
9	cy	f	19	1	circle	red	dif	(968, 450)	(632, 450)	vert	up	True	281868	282749	up	(800, 450)	testing
9	cy	f	19	1	circle	green	same	(800, 618)	(968, 450)	hori	left	True	284204	285485	left	(800, 450)	testing
9	cy	f	19	1	diamond	none	dif	N_dis	(800, 282)	vert	up	True	287004	287661	up	(800, 450)	testing
9	cy	f	19	1	circle	red	same	(968, 450)	(800, 618)	vert	up	True	289280	290156	left	(800, 450)	testing
9	cy	f	19	1	circle	green	same	(632, 450)	(800, 282)	hori	left	True	293181	294381	up	(800, 450)	testing
9	cy	f	19	1	diamond	none	dif	N_dis	(800, 282)	vert	up	True	297495	298637	up	(800, 450)	testing
9	cy	f	19	1	diamond	red	dif	(968, 450)	(800, 282)	hori	left	True	300250	301485	left	(800, 450)	testing
9	cy	f	19	1	diamond	none	dif	N_dis	(968, 450)	hori	left	True	302991	303981	left	(800, 450)	testing
9	cy	f	19	1	circle	red	same	(800, 282)	(632, 450)	vert	up	True	305482	306605	up	(800, 450)	testing
9	cy	f	19	1	circle	green	dif	(968, 450)	(800, 282)	hori	left	True	308132	309485	left	(800, 450)	testing
9	cy	f	19	1	circle	none	dif	N_dis	(800, 282)	vert	up	True	310942	312301	up	(800, 450)	testing
9	cy	f	19	1	diamond	none	dif	N_dis	(632, 450)	vert	up	True	313894	315068	up	(800, 450)	testing
9	cy	f	19	1	diamond	red	dif	(632, 450)	(800, 618)	hori	left	True	316724	317629	left	(800, 450)	testing
9	cy	f	19	1	diamond	green	dif	(800, 618)	(800, 282)	hori	left	True	319072	320557	left	(800, 450)	testing
9	cy	f	19	1	diamond	none	dif	N_dis	(800, 618)	hori	left	True	322199	323389	left	(800, 450)	testing
9	cy	f	19	1	circle	red	same	(968, 450)	(800, 618)	vert	up	True	325014	327405	up	(800, 450)	testing
9	cy	f	19	1	circle	green	same	(968, 450)	(800, 618)	hori	left	True	328941	329805	left	(800, 450)	testing
9	cy	f	19	1	circle	none	dif	N_dis	(632, 450)	vert	up	True	331231	332541	up	(800, 450)	testing
9	cy	f	19	1	diamond	none	same	N_dis	(800, 618)	hori	left	True	333971	335549	left	(800, 450)	testing
9	cy	f	19	1	diamond	none	dif	N_dis	(800, 618)	hori	left	True	336956	338221	left	(800, 450)	testing
9	cy	f	19	1	circle	red	dif	(632, 450)	(800, 282)	hori	left	True	339878	340989	left	(800, 450)	testing
9	cy	f	19	1	circle	green	dif	(968, 450)	(632, 450)	vert	up	True	342563	343885	up	(800, 450)	testing
9	cy	f	19	1	diamond	red	dif	(800, 282)	(968, 450)	vert	up	True	345295	346749	up	(800, 450)	testing
9	cy	f	19	1	diamond	green	same	(632, 450)	(968, 450)	vert	up	True	348232	349068	up	(800, 450)	testing
9	cy	f	19	1	circle	green	same	(968, 450)	(800, 282)	hori	left	True	350636	351517	left	(800, 450)	testing
9	cy	f	19	1	diamond	none	same	N_dis	(632, 450)	hori	left	True	352997	353997	left	(800, 450)	testing
9	cy	f	19	1	circle	green	dif	(632, 450)	(968, 450)	hori	left	True	355596	356589	left	(800, 450)	testing
9	cy	f	19	1	diamond	green	same	(968, 450)	(800, 618)	vert	up	True	357964	358829	up	(800, 450)	testing
9	cy	f	19	1	circle	none	same	N_dis	(968, 450)	vert	up	True	360298	361693	up	(800, 450)	testing
9	cy	f	19	1	diamond	red	same	(968, 450)	(800, 618)	vert	up	True	363363	364381	left	(800, 450)	testing
9	cy	f	19	1	diamond	green	dif	(800, 618)	(632, 450)	hori	left	True	367558	368749	left	(800, 450)	testing
9	cy	f	19	1	circle	red	dif	(800, 618)	(632, 450)	vert	up	True	370267	371453	up	(800, 450)	testing
9	cy	f	19	1	circle	none	same	N_dis	(968, 450)	vert	up	True	372895	373581	up	(800, 450)	testing
9	cy	f	19	1	diamond	red	same	(968, 450)	(632, 450)	hori	left	True	375051	376044	left	(800, 450)	testing
9	cy	f	19	1	diamond	green	same	(968, 450)	(632, 450)	vert	up	True	377562	378477	up	(800, 450)	testing
9	cy	f	19	1	diamond	red	same	(800, 618)	(968, 450)	vert	up	True	380072	382012	up	(800, 450)	testing
9	cy	f	19	1	diamond	none	dif	N_dis	(632, 450)	vert	up	True	383662	384333	up	(800, 450)	testing
9	cy	f	19	1	circle	red	same	(968, 450)	(800, 282)	vert	up	True	385988	387164	up	(800, 450)	testing
9	cy	f	19	1	diamond	none	same	N_dis	(800, 618)	vert	up	True	388556	389261	up	(800, 450)	testing
9	cy	f	19	1	circle	green	dif	(968, 450)	(632, 450)	hori	left	True	390681	391597	left	(800, 450)	testing
9	cy	f	19	1	circle	red	dif	(968, 450)	(632, 450)	hori	left	True	393109	394733	left	(800, 450)	testing
9	cy	f	19	1	diamond	none	dif	N_dis	(968, 450)	hori	left	True	396126	397389	left	(800, 450)	testing
9	cy	f	19	1	diamond	red	same	(800, 282)	(800, 618)	hori	left	True	398764	399645	left	(800, 450)	testing
9	cy	f	19	1	diamond	none	same	N_dis	(800, 618)	vert	up	True	401085	402028	up	(800, 450)	testing
9	cy	f	19	1	diamond	red	dif	(800, 282)	(968, 450)	vert	up	True	403566	404845	left	(800, 450)	testing
9	cy	f	19	1	circle	red	dif	(968, 450)	(632, 450)	vert	up	True	407948	408941	up	(800, 450)	testing
9	cy	f	19	1	diamond	green	dif	(800, 282)	(800, 618)	vert	up	True	410325	411485	up	(800, 450)	testing
9	cy	f	19	1	circle	green	dif	(968, 450)	(800, 618)	hori	left	True	412892	414733	left	(800, 450)	testing
9	cy	f	19	1	circle	none	dif	N_dis	(800, 618)	hori	left	True	416193	416845	left	(800, 450)	testing
9	cy	f	19	1	diamond	red	dif	(968, 450)	(800, 618)	vert	up	True	418466	419405	up	(800, 450)	testing
9	cy	f	19	1	circle	red	dif	(800, 282)	(632, 450)	hori	left	True	420971	422253	left	(800, 450)	testing
9	cy	f	19	1	circle	none	same	N_dis	(800, 282)	hori	left	True	423666	424333	left	(800, 450)	testing
9	cy	f	19	1	circle	green	dif	(968, 450)	(632, 450)	hori	left	True	425991	426797	left	(800, 450)	testing
9	cy	f	19	1	circle	red	same	(968, 450)	(800, 282)	vert	up	True	428172	428957	up	(800, 450)	testing
9	cy	f	19	1	diamond	green	same	(800, 618)	(968, 450)	hori	left	True	430414	431517	left	(800, 450)	testing
9	cy	f	19	1	circle	green	same	(632, 450)	(800, 618)	vert	up	True	433154	434813	up	(800, 450)	testing
9	cy	f	19	1	diamond	green	dif	(632, 450)	(968, 450)	vert	up	True	436330	437677	up	(800, 450)	testing
9	cy	f	19	1	diamond	red	dif	(800, 618)	(800, 282)	vert	up	True	439271	440060	up	(800, 450)	testing
9	cy	f	19	1	circle	red	dif	(800, 618)	(800, 282)	hori	left	True	441721	442525	left	(800, 450)	testing
9	cy	f	19	1	diamond	none	dif	N_dis	(968, 450)	vert	up	True	444139	445132	up	(800, 450)	testing
9	cy	f	19	1	circle	green	dif	(968, 450)	(800, 282)	vert	up	True	446720	447661	up	(800, 450)	testing
9	cy	f	19	1	circle	none	same	N_dis	(632, 450)	vert	up	True	449231	450060	up	(800, 450)	testing
9	cy	f	19	1	diamond	green	dif	(968, 450)	(632, 450)	hori	left	True	451678	452621	left	(800, 450)	testing
9	cy	f	19	1	circle	red	same	(800, 618)	(968, 450)	vert	up	True	454102	455036	up	(800, 450)	testing
9	cy	f	19	1	circle	green	same	(968, 450)	(800, 282)	hori	left	True	456498	457389	left	(800, 450)	testing
9	cy	f	19	1	circle	red	dif	(968, 450)	(800, 618)	vert	up	True	458787	460108	up	(800, 450)	testing
9	cy	f	19	1	diamond	none	dif	N_dis	(968, 450)	vert	up	True	461524	462477	up	(800, 450)	testing
9	cy	f	19	1	circle	red	same	(968, 450)	(632, 450)	vert	up	True	464058	465052	up	(800, 450)	testing
9	cy	f	19	1	diamond	green	dif	(632, 450)	(800, 282)	hori	left	True	466473	467741	left	(800, 450)	testing
9	cy	f	19	1	circle	none	same	N_dis	(632, 450)	vert	up	True	469298	470381	left	(800, 450)	testing
9	cy	f	19	1	diamond	red	same	(800, 282)	(800, 618)	hori	left	True	473505	475533	left	(800, 450)	testing
9	cy	f	19	1	circle	none	dif	N_dis	(800, 618)	hori	left	True	476936	477661	left	(800, 450)	testing
9	cy	f	19	1	circle	red	dif	(632, 450)	(800, 618)	hori	left	True	479318	480044	left	(800, 450)	testing
9	cy	f	19	1	diamond	red	same	(632, 450)	(968, 450)	hori	left	True	481646	483485	left	(800, 450)	testing
9	cy	f	19	1	circle	green	same	(632, 450)	(800, 618)	hori	left	True	484926	485997	left	(800, 450)	testing
9	cy	f	19	1	diamond	red	dif	(800, 282)	(800, 618)	hori	left	True	487387	488765	left	(800, 450)	testing
9	cy	f	19	1	circle	green	dif	(968, 450)	(632, 450)	vert	up	True	490312	491245	up	(800, 450)	testing
9	cy	f	19	1	circle	red	dif	(968, 450)	(800, 282)	vert	up	True	492757	493741	up	(800, 450)	testing
9	cy	f	19	1	diamond	green	same	(632, 450)	(968, 450)	hori	left	True	495163	497180	left	(800, 450)	testing
9	cy	f	19	1	circle	none	dif	N_dis	(800, 618)	hori	left	True	498607	499661	left	(800, 450)	testing
9	cy	f	19	1	diamond	red	same	(968, 450)	(632, 450)	hori	left	True	501222	502108	left	(800, 450)	testing
9	cy	f	19	1	circle	none	dif	N_dis	(800, 282)	hori	left	True	503720	504493	left	(800, 450)	testing
9	cy	f	19	1	diamond	green	same	(800, 282)	(632, 450)	vert	up	True	505880	506957	up	(800, 450)	testing
9	cy	f	19	1	circle	red	same	(632, 450)	(968, 450)	hori	left	True	508557	509293	left	(800, 450)	testing
9	cy	f	19	1	circle	red	same	(968, 450)	(800, 618)	vert	up	True	510938	512124	left	(800, 450)	testing
9	cy	f	19	1	diamond	red	dif	(968, 450)	(800, 282)	hori	left	True	515142	516477	left	(800, 450)	testing
9	cy	f	19	1	diamond	green	dif	(968, 450)	(632, 450)	hori	left	True	518111	518941	left	(800, 450)	testing
9	cy	f	19	1	circle	green	same	(800, 282)	(632, 450)	vert	up	True	520593	521709	up	(800, 450)	testing
9	cy	f	19	1	circle	green	dif	(968, 450)	(800, 618)	hori	left	True	523124	524253	left	(800, 450)	testing
9	cy	f	19	1	diamond	red	same	(800, 282)	(800, 618)	vert	up	True	525688	527084	up	(800, 450)	testing
9	cy	f	19	1	circle	red	same	(968, 450)	(632, 450)	vert	up	True	528672	529469	up	(800, 450)	testing
9	cy	f	19	1	circle	red	same	(800, 282)	(968, 450)	vert	up	True	531023	532765	up	(800, 450)	testing
9	cy	f	19	1	diamond	green	dif	(800, 618)	(968, 450)	vert	up	True	534436	535469	up	(800, 450)	testing
9	cy	f	19	1	circle	none	same	N_dis	(968, 450)	hori	left	True	536848	537678	left	(800, 450)	testing
9	cy	f	19	1	diamond	red	dif	(968, 450)	(632, 450)	vert	up	True	539066	539773	up	(800, 450)	testing
9	cy	f	19	1	diamond	green	dif	(800, 282)	(632, 450)	vert	up	True	541312	542413	up	(800, 450)	testing
9	cy	f	19	1	diamond	none	same	N_dis	(968, 450)	vert	up	True	544030	544701	up	(800, 450)	testing
9	cy	f	19	1	circle	green	same	(800, 282)	(632, 450)	vert	up	True	546315	547373	up	(800, 450)	testing
9	cy	f	19	1	diamond	none	dif	N_dis	(632, 450)	hori	left	True	548994	549981	left	(800, 450)	testing
9	cy	f	19	1	diamond	red	dif	(632, 450)	(800, 618)	hori	left	True	551649	553004	left	(800, 450)	testing
9	cy	f	19	1	circle	none	same	N_dis	(632, 450)	vert	up	True	554475	555341	up	(800, 450)	testing
9	cy	f	19	1	diamond	green	same	(968, 450)	(632, 450)	hori	left	True	556924	558349	left	(800, 450)	testing
9	cy	f	19	1	circle	none	dif	N_dis	(800, 618)	vert	up	True	559994	561293	up	(800, 450)	testing
9	cy	f	19	1	circle	none	dif	N_dis	(968, 450)	vert	up	True	562675	563742	up	(800, 450)	testing
9	cy	f	19	1	diamond	green	dif	(968, 450)	(632, 450)	vert	up	True	565376	566541	up	(800, 450)	testing
9	cy	f	19	1	diamond	green	same	(968, 450)	(800, 282)	vert	up	True	568006	568974	up	(800, 450)	testing
9	cy	f	19	1	diamond	green	same	(968, 450)	(800, 618)	vert	up	True	570426	571325	up	(800, 450)	testing
9	cy	f	19	1	diamond	none	dif	N_dis	(632, 450)	hori	left	True	572879	573725	left	(800, 450)	testing
9	cy	f	19	1	diamond	none	same	N_dis	(800, 618)	hori	left	True	575326	576076	left	(800, 450)	testing
9	cy	f	19	1	circle	none	dif	N_dis	(968, 450)	vert	up	True	577460	578813	up	(800, 450)	testing
9	cy	f	19	1	circle	none	same	N_dis	(800, 282)	hori	left	True	580476	581116	left	(800, 450)	testing
9	cy	f	19	1	diamond	red	dif	(800, 618)	(632, 450)	vert	up	True	582493	583405	up	(800, 450)	testing
9	cy	f	19	1	circle	red	same	(968, 450)	(800, 618)	vert	up	True	585059	586172	up	(800, 450)	testing
9	cy	f	19	1	circle	red	same	(800, 618)	(800, 282)	hori	left	True	587604	589726	up	(800, 450)	testing
9	cy	f	19	1	diamond	none	same	N_dis	(968, 450)	vert	up	True	592669	593853	up	(800, 450)	testing
9	cy	f	19	1	diamond	red	dif	(968, 450)	(800, 618)	hori	left	True	595468	596253	left	(800, 450)	testing
9	cy	f	19	1	circle	red	same	(968, 450)	(632, 450)	hori	left	True	597767	598733	left	(800, 450)	testing
9	cy	f	19	1	diamond	none	same	N_dis	(968, 450)	hori	left	True	600165	601164	left	(800, 450)	testing
9	cy	f	19	1	diamond	red	dif	(800, 618)	(632, 450)	vert	up	True	602614	603613	up	(800, 450)	testing
9	cy	f	19	1	diamond	green	same	(800, 282)	(968, 450)	hori	left	True	605215	606429	left	(800, 450)	testing
9	cy	f	19	1	circle	green	dif	(800, 282)	(968, 450)	hori	left	True	607888	608733	left	(800, 450)	testing
9	cy	f	19	1	diamond	none	same	N_dis	(632, 450)	hori	left	True	610319	611405	left	(800, 450)	testing
9	cy	f	19	1	circle	none	same	N_dis	(968, 450)	vert	up	True	612857	613821	up	(800, 450)	testing
9	cy	f	19	1	circle	red	same	(800, 618)	(968, 450)	hori	left	True	615372	616413	left	(800, 450)	testing
9	cy	f	19	1	diamond	green	dif	(800, 618)	(800, 282)	vert	up	True	617796	618541	up	(800, 450)	testing
9	cy	f	19	1	diamond	red	dif	(800, 618)	(632, 450)	vert	up	True	620193	621037	up	(800, 450)	testing
9	cy	f	19	1	circle	green	same	(968, 450)	(800, 618)	hori	left	True	622468	623389	left	(800, 450)	testing
9	cy	f	19	1	circle	none	dif	N_dis	(800, 282)	vert	up	True	624966	625661	up	(800, 450)	testing
9	cy	f	19	1	circle	none	dif	N_dis	(968, 450)	vert	up	True	627173	627885	left	(800, 450)	testing
9	cy	f	19	1	circle	green	same	(968, 450)	(800, 282)	vert	up	True	630997	631757	up	(800, 450)	testing
9	cy	f	19	1	circle	green	same	(800, 282)	(968, 450)	hori	left	True	633156	634012	left	(800, 450)	testing
9	cy	f	19	1	circle	red	same	(632, 450)	(800, 282)	hori	left	True	635675	636670	left	(800, 450)	testing
9	cy	f	19	1	circle	red	same	(968, 450)	(800, 282)	vert	up	True	638187	638925	up	(800, 450)	testing
9	cy	f	19	1	circle	none	same	N_dis	(632, 450)	vert	up	True	640502	641373	up	(800, 450)	testing
9	cy	f	19	1	diamond	red	same	(968, 450)	(800, 282)	hori	left	True	643008	645229	left	(800, 450)	testing
9	cy	f	19	1	diamond	red	same	(800, 282)	(632, 450)	vert	up	True	646723	647517	up	(800, 450)	testing
9	cy	f	19	1	diamond	green	dif	(968, 450)	(800, 282)	vert	up	True	648970	649661	left	(800, 450)	testing
9	cy	f	19	1	circle	none	same	N_dis	(800, 618)	vert	up	True	652736	653437	up	(800, 450)	testing
9	cy	f	19	1	circle	red	dif	(632, 450)	(800, 282)	hori	left	True	654934	656012	up	(800, 450)	testing
9	cy	f	19	1	diamond	green	same	(632, 450)	(968, 450)	vert	up	True	659096	660301	up	(800, 450)	testing
9	cy	f	19	1	diamond	none	dif	N_dis	(800, 282)	hori	left	True	661678	662477	left	(800, 450)	testing
9	cy	f	19	1	diamond	green	dif	(968, 450)	(800, 618)	vert	up	True	664123	664877	up	(800, 450)	testing
9	cy	f	19	1	diamond	green	same	(632, 450)	(800, 282)	hori	left	True	666380	667741	left	(800, 450)	testing
9	cy	f	19	1	circle	green	dif	(800, 282)	(968, 450)	vert	up	True	669361	670205	left	(800, 450)	testing
9	cy	f	19	1	diamond	none	same	N_dis	(800, 618)	hori	left	True	673289	674349	left	(800, 450)	testing
9	cy	f	19	1	circle	red	dif	(800, 618)	(968, 450)	hori	left	True	675830	676925	left	(800, 450)	testing
9	cy	f	19	1	diamond	green	dif	(968, 450)	(632, 450)	vert	up	True	678527	679549	up	(800, 450)	testing
9	cy	f	19	1	diamond	red	same	(632, 450)	(800, 282)	vert	up	True	681030	682076	up	(800, 450)	testing
9	cy	f	19	1	diamond	none	dif	N_dis	(800, 282)	hori	left	True	683619	684365	left	(800, 450)	testing
9	cy	f	19	1	diamond	none	same	N_dis	(800, 282)	hori	left	True	685900	686413	left	(800, 450)	testing
9	cy	f	19	1	diamond	none	dif	N_dis	(800, 618)	hori	left	True	687841	688638	left	(800, 450)	testing
9	cy	f	19	1	diamond	red	same	(968, 450)	(632, 450)	vert	up	True	690252	690989	up	(800, 450)	testing
9	cy	f	19	1	diamond	green	dif	(800, 618)	(968, 450)	vert	up	True	692401	693341	up	(800, 450)	testing
9	cy	f	19	1	diamond	green	dif	(968, 450)	(632, 450)	vert	up	True	694934	695517	up	(800, 450)	testing
9	cy	f	19	1	circle	red	dif	(968, 450)	(800, 618)	hori	left	True	697007	698269	left	(800, 450)	testing
9	cy	f	19	1	circle	none	dif	N_dis	(632, 450)	hori	left	True	699692	700301	left	(800, 450)	testing
9	cy	f	19	1	circle	none	same	N_dis	(800, 282)	vert	up	True	701718	702445	up	(800, 450)	testing
9	cy	f	19	1	diamond	green	dif	(800, 618)	(800, 282)	hori	left	True	704022	705100	left	(800, 450)	testing
9	cy	f	19	1	diamond	red	dif	(968, 450)	(632, 450)	vert	up	True	706701	707533	up	(800, 450)	testing
9	cy	f	19	1	diamond	none	same	N_dis	(800, 282)	vert	up	True	708990	709885	up	(800, 450)	testing
9	cy	f	19	1	circle	red	dif	(632, 450)	(800, 618)	hori	left	True	711381	712541	left	(800, 450)	testing
9	cy	f	19	1	circle	green	dif	(800, 618)	(632, 450)	hori	left	True	713994	714798	left	(800, 450)	testing
9	cy	f	19	1	diamond	red	same	(800, 282)	(632, 450)	hori	left	True	716300	717132	left	(800, 450)	testing
9	cy	f	19	1	diamond	red	same	(800, 282)	(632, 450)	vert	up	True	718549	719245	up	(800, 450)	testing
9	cy	f	19	1	diamond	green	same	(968, 450)	(800, 282)	vert	up	True	720832	721709	up	(800, 450)	testing
9	cy	f	19	1	diamond	green	dif	(968, 450)	(632, 450)	hori	left	True	723174	723869	left	(800, 450)	testing
9	cy	f	19	1	diamond	green	dif	(968, 450)	(800, 282)	vert	up	True	725260	725917	up	(800, 450)	testing
9	cy	f	19	1	circle	red	same	(968, 450)	(632, 450)	vert	up	True	727311	728092	up	(800, 450)	testing
9	cy	f	19	1	diamond	none	dif	N_dis	(632, 450)	vert	up	True	729581	730253	up	(800, 450)	testing
9	cy	f	19	1	circle	green	same	(632, 450)	(800, 618)	vert	up	True	731879	733805	up	(800, 450)	testing
9	cy	f	19	1	circle	red	dif	(632, 450)	(800, 618)	vert	up	True	735269	736365	up	(800, 450)	testing
9	cy	f	19	1	circle	green	same	(968, 450)	(800, 282)	vert	up	True	737930	738557	up	(800, 450)	testing
9	cy	f	19	1	diamond	green	same	(632, 450)	(968, 450)	hori	left	True	740032	741373	left	(800, 450)	testing
9	cy	f	19	1	circle	none	dif	N_dis	(632, 450)	hori	left	True	742908	743837	left	(800, 450)	testing
9	cy	f	19	1	diamond	none	same	N_dis	(800, 618)	vert	up	True	745220	746253	up	(800, 450)	testing
9	cy	f	19	1	circle	red	dif	(800, 282)	(800, 618)	hori	left	True	747644	748525	left	(800, 450)	testing
9	cy	f	19	1	diamond	none	dif	N_dis	(968, 450)	hori	left	True	750158	751405	left	(800, 450)	testing
9	cy	f	19	1	circle	red	dif	(968, 450)	(800, 282)	vert	up	True	752935	753629	up	(800, 450)	testing
9	cy	f	19	1	circle	green	dif	(800, 618)	(800, 282)	vert	up	True	755197	755933	up	(800, 450)	testing
9	cy	f	19	1	diamond	red	same	(968, 450)	(800, 282)	vert	up	True	757391	758156	up	(800, 450)	testing
9	cy	f	19	1	circle	red	dif	(632, 450)	(800, 282)	hori	left	True	759637	760973	left	(800, 450)	testing
9	cy	f	19	1	circle	none	dif	N_dis	(800, 282)	hori	left	True	762384	763052	left	(800, 450)	testing
9	cy	f	19	1	circle	green	same	(968, 450)	(632, 450)	vert	up	True	764679	765757	up	(800, 450)	testing
9	cy	f	19	1	circle	green	dif	(800, 618)	(800, 282)	hori	left	True	767346	768060	left	(800, 450)	testing
9	cy	f	19	1	diamond	green	same	(800, 618)	(632, 450)	hori	left	True	769709	770781	left	(800, 450)	testing
9	cy	f	19	1	diamond	green	same	(968, 450)	(800, 618)	vert	up	True	772175	773421	up	(800, 450)	testing
9	cy	f	19	1	diamond	red	same	(800, 282)	(632, 450)	hori	left	True	774830	775837	left	(800, 450)	testing
9	cy	f	19	1	diamond	green	same	(968, 450)	(800, 282)	hori	left	True	777243	777997	left	(800, 450)	testing
9	cy	f	19	1	circle	green	dif	(632, 450)	(800, 618)	hori	left	True	779443	780877	left	(800, 450)	testing
9	cy	f	19	1	diamond	green	dif	(968, 450)	(800, 282)	vert	up	True	782456	783116	up	(800, 450)	testing
9	cy	f	19	1	circle	red	dif	(968, 450)	(632, 450)	hori	left	True	784521	785437	left	(800, 450)	testing
9	cy	f	19	1	diamond	green	dif	(800, 618)	(632, 450)	hori	left	True	786997	788028	left	(800, 450)	testing
9	cy	f	19	1	diamond	red	dif	(800, 618)	(968, 450)	vert	up	True	789587	790717	up	(800, 450)	testing
9	cy	f	19	1	diamond	red	same	(968, 450)	(632, 450)	hori	left	True	792242	793068	left	(800, 450)	testing
9	cy	f	19	1	diamond	green	same	(800, 282)	(968, 450)	hori	left	True	794681	795709	left	(800, 450)	testing
9	cy	f	19	1	circle	none	same	N_dis	(968, 450)	vert	up	True	797225	798221	up	(800, 450)	testing
9	cy	f	19	1	circle	none	dif	N_dis	(632, 450)	hori	left	True	799601	800285	left	(800, 450)	testing
9	cy	f	19	1	circle	none	same	N_dis	(800, 282)	hori	left	True	801953	802669	left	(800, 450)	testing
9	cy	f	19	1	diamond	red	dif	(968, 450)	(800, 618)	vert	up	True	804211	804957	up	(800, 450)	testing
9	cy	f	19	1	circle	red	same	(800, 282)	(968, 450)	hori	left	True	806502	808877	left	(800, 450)	testing
9	cy	f	19	1	diamond	none	dif	N_dis	(968, 450)	hori	left	True	810344	811261	left	(800, 450)	testing
9	cy	f	19	1	diamond	red	same	(968, 450)	(800, 282)	hori	left	True	812659	813533	left	(800, 450)	testing
9	cy	f	19	1	diamond	none	same	N_dis	(800, 618)	hori	left	True	815205	815997	left	(800, 450)	testing
9	cy	f	19	1	diamond	none	dif	N_dis	(632, 450)	vert	up	True	817459	818140	up	(800, 450)	testing
9	cy	f	19	1	diamond	red	dif	(800, 282)	(968, 450)	hori	left	True	819591	820525	left	(800, 450)	testing
9	cy	f	19	1	diamond	red	dif	(968, 450)	(800, 282)	vert	up	True	822180	823036	up	(800, 450)	testing
9	cy	f	19	1	diamond	none	same	N_dis	(800, 618)	hori	left	True	824585	825325	left	(800, 450)	testing
9	cy	f	19	1	circle	none	same	N_dis	(968, 450)	vert	up	True	826944	827885	up	(800, 450)	testing
9	cy	f	19	1	circle	green	dif	(800, 282)	(800, 618)	hori	left	True	829275	829965	up	(800, 450)	testing
9	cy	f	19	1	circle	green	dif	(800, 618)	(632, 450)	hori	left	True	833026	834205	left	(800, 450)	testing
9	cy	f	19	1	diamond	green	dif	(632, 450)	(800, 618)	hori	left	True	835768	836781	left	(800, 450)	testing
9	cy	f	19	1	circle	red	dif	(968, 450)	(800, 618)	vert	up	True	838453	839629	up	(800, 450)	testing
9	cy	f	19	1	circle	green	dif	(968, 450)	(800, 282)	hori	left	True	841243	841917	left	(800, 450)	testing
9	cy	f	19	1	diamond	none	same	N_dis	(800, 618)	hori	left	True	843435	845933	left	(800, 450)	testing
9	cy	f	19	1	diamond	none	same	N_dis	(632, 450)	vert	up	True	847333	848172	up	(800, 450)	testing
9	cy	f	19	1	circle	red	dif	(632, 450)	(968, 450)	hori	left	True	849682	850797	up	(800, 450)	testing
9	cy	f	19	1	circle	none	dif	N_dis	(968, 450)	hori	left	True	853895	854717	left	(800, 450)	testing
9	cy	f	19	1	circle	green	same	(968, 450)	(800, 618)	vert	up	True	856227	857357	up	(800, 450)	testing
9	cy	f	19	1	diamond	green	same	(632, 450)	(800, 282)	hori	left	True	858862	859821	left	(800, 450)	testing
9	cy	f	19	1	circle	green	same	(800, 618)	(968, 450)	hori	left	True	861323	862941	left	(800, 450)	testing
9	cy	f	19	1	diamond	green	same	(632, 450)	(800, 282)	hori	left	True	864507	865613	left	(800, 450)	testing
9	cy	f	19	1	circle	green	same	(800, 618)	(632, 450)	hori	left	True	867179	868092	left	(800, 450)	testing
9	cy	f	19	1	circle	none	same	N_dis	(800, 618)	hori	left	True	869705	870333	left	(800, 450)	testing
9	cy	f	19	1	diamond	none	dif	N_dis	(632, 450)	hori	left	True	871893	872941	left	(800, 450)	testing
9	cy	f	19	1	circle	red	same	(800, 618)	(968, 450)	hori	left	True	874590	875981	left	(800, 450)	testing
9	cy	f	19	1	circle	red	dif	(968, 450)	(800, 618)	hori	left	True	877529	878269	left	(800, 450)	testing
9	cy	f	19	1	circle	none	dif	N_dis	(800, 618)	hori	left	True	879779	880397	left	(800, 450)	testing
9	cy	f	19	1	circle	none	same	N_dis	(800, 282)	hori	left	True	881775	882429	left	(800, 450)	testing
9	cy	f	19	1	diamond	none	same	N_dis	(800, 282)	vert	up	True	883908	884797	up	(800, 450)	testing
9	cy	f	19	1	circle	none	same	N_dis	(800, 282)	vert	up	True	886409	887517	up	(800, 450)	testing
9	cy	f	19	1	circle	red	same	(800, 618)	(632, 450)	vert	up	True	888996	889725	up	(800, 450)	testing
9	cy	f	19	1	diamond	red	same	(968, 450)	(800, 618)	vert	up	True	891374	892525	up	(800, 450)	testing
9	cy	f	19	1	diamond	none	dif	N_dis	(800, 282)	hori	left	True	894121	896333	left	(800, 450)	testing
9	cy	f	19	1	circle	none	dif	N_dis	(800, 282)	vert	up	True	897979	898813	up	(800, 450)	testing
9	cy	f	19	1	circle	green	same	(632, 450)	(800, 282)	vert	up	True	900393	901326	up	(800, 450)	testing
9	cy	f	19	1	diamond	green	same	(800, 282)	(632, 450)	vert	up	True	902906	903773	up	(800, 450)	testing
9	cy	f	19	1	circle	red	same	(968, 450)	(800, 282)	vert	up	True	905384	906414	up	(800, 450)	testing
9	cy	f	19	1	circle	green	dif	(968, 450)	(800, 282)	vert	up	True	907839	908605	up	(800, 450)	testing
9	cy	f	19	1	circle	green	dif	(800, 282)	(800, 618)	hori	left	True	909978	911309	left	(800, 450)	testing
9	cy	f	19	1	circle	green	dif	(800, 618)	(800, 282)	vert	up	True	912855	914060	up	(800, 450)	testing
9	cy	f	19	1	diamond	none	dif	N_dis	(800, 618)	hori	left	True	915472	916172	left	(800, 450)	testing
9	cy	f	19	1	diamond	none	same	N_dis	(800, 282)	vert	up	True	917591	918285	up	(800, 450)	testing
9	cy	f	19	1	diamond	red	dif	(968, 450)	(800, 282)	hori	left	True	919871	921229	left	(800, 450)	testing
9	cy	f	19	1	circle	green	dif	(800, 282)	(800, 618)	vert	up	True	922677	923453	up	(800, 450)	testing
9	cy	f	19	1	diamond	red	dif	(968, 450)	(632, 450)	hori	left	True	924855	926365	left	(800, 450)	testing
9	cy	f	19	1	circle	red	dif	(800, 282)	(968, 450)	vert	up	True	928019	929148	up	(800, 450)	testing
9	cy	f	19	1	circle	none	dif	N_dis	(800, 618)	hori	left	True	930641	931453	left	(800, 450)	testing
9	cy	f	19	1	circle	none	same	N_dis	(968, 450)	vert	up	True	932943	933709	up	(800, 450)	testing
9	cy	f	19	1	circle	green	same	(632, 450)	(968, 450)	hori	left	True	935240	936557	left	(800, 450)	testing
9	cy	f	19	1	circle	none	dif	N_dis	(968, 450)	hori	left	True	938088	938701	left	(800, 450)	testing
9	cy	f	19	1	circle	none	same	N_dis	(800, 282)	vert	up	True	940120	940941	up	(800, 450)	testing
9	cy	f	19	1	diamond	red	same	(800, 282)	(632, 450)	hori	left	True	942339	943148	left	(800, 450)	testing
9	cy	f	19	1	diamond	red	dif	(968, 450)	(800, 618)	hori	left	True	944607	945549	left	(800, 450)	testing
9	cy	f	19	1	diamond	none	same	N_dis	(800, 282)	vert	up	True	946975	947645	up	(800, 450)	testing
9	cy	f	19	1	circle	green	same	(968, 450)	(800, 618)	vert	up	True	949131	950541	left	(800, 450)	testing
9	cy	f	19	1	diamond	none	same	N_dis	(968, 450)	vert	up	True	953724	954957	up	(800, 450)	testing
9	cy	f	19	1	diamond	red	same	(632, 450)	(800, 618)	vert	up	True	956615	957629	up	(800, 450)	testing
9	cy	f	19	1	diamond	none	same	N_dis	(800, 618)	vert	up	True	959202	959805	up	(800, 450)	testing
9	cy	f	19	1	diamond	red	dif	(632, 450)	(968, 450)	vert	up	True	961351	962108	up	(800, 450)	testing
9	cy	f	19	1	circle	none	same	N_dis	(632, 450)	vert	up	True	963708	964461	up	(800, 450)	testing
9	cy	f	19	1	circle	red	same	(968, 450)	(632, 450)	hori	left	True	966059	966765	left	(800, 450)	testing
9	cy	f	19	1	diamond	green	same	(968, 450)	(800, 282)	hori	left	True	968173	968989	left	(800, 450)	testing
9	cy	f	19	1	circle	none	dif	N_dis	(968, 450)	vert	up	True	970587	971405	up	(800, 450)	testing
9	cy	f	19	1	circle	green	same	(968, 450)	(800, 618)	vert	up	True	972808	973918	left	(800, 450)	testing
9	cy	f	19	1	circle	none	same	N_dis	(968, 450)	vert	up	True	976948	977645	up	(800, 450)	testing
9	cy	f	19	1	circle	none	dif	N_dis	(632, 450)	vert	up	True	979087	980012	up	(800, 450)	testing
9	cy	f	19	1	diamond	green	dif	(800, 618)	(800, 282)	vert	up	True	981563	982941	up	(800, 450)	testing
9	cy	f	19	1	diamond	green	same	(968, 450)	(800, 618)	vert	up	True	984530	986253	up	(800, 450)	testing
9	cy	f	19	1	circle	none	dif	N_dis	(632, 450)	hori	left	True	987705	988605	left	(800, 450)	testing
