subj	name	gender	age	prac	group	shape	color	tar_loc	popularity	dis_cond	dis_loc	dis_high	td_dif	line	respkey	gotkey	startTime	respTime	resp	correct	block	trialnum
12	ycj	m	20	1	90	diamond	red	(645, 428)	low	no	no_dis	N	dif	vert	up	True	8510	10759	up	1	1	1
12	ycj	m	20	1	90	diamond	red	(565, 460)	high	dis	(565, 619)	N	same	hori	left	True	11810	13823	left	1	1	2
12	ycj	m	20	1	90	diamond	green	(565, 460)	high	dis	(724, 460)	N	dif	hori	left	True	14878	16247	left	1	1	3
12	ycj	m	20	1	90	diamond	red	(565, 460)	high	dis	(724, 619)	N	dif	vert	up	True	17315	18415	up	1	1	4
12	ycj	m	20	1	90	circle	red	(565, 460)	high	no	no_dis	N	same	vert	up	True	19486	21183	up	1	1	5
12	ycj	m	20	1	90	diamond	red	(565, 460)	high	dis	(757, 540)	N	same	vert	up	True	22192	23990	up	1	1	6
12	ycj	m	20	1	90	circle	red	(565, 460)	high	dis	(645, 428)	N	same	vert	up	True	25100	27463	up	1	1	7
12	ycj	m	20	1	90	circle	green	(565, 460)	high	no	no_dis	N	dif	vert	up	True	28552	29655	up	1	1	8
12	ycj	m	20	1	90	circle	red	(565, 460)	high	dis	(724, 619)	N	same	vert	up	True	30871	31951	up	1	1	9
12	ycj	m	20	1	90	circle	red	(565, 460)	high	no	no_dis	N	dif	vert	up	True	33039	34247	up	1	1	10
12	ycj	m	20	1	90	diamond	green	(565, 460)	high	no	no_dis	N	same	hori	left	True	35280	36639	left	1	1	11
12	ycj	m	20	1	90	diamond	green	(565, 460)	high	no	no_dis	N	same	hori	left	True	37835	39031	left	1	1	12
12	ycj	m	20	1	90	circle	green	(565, 460)	high	no	no_dis	N	same	hori	left	True	40129	41487	left	1	1	13
12	ycj	m	20	1	90	diamond	green	(565, 460)	high	no	no_dis	N	same	vert	up	True	42695	44199	up	1	1	14
12	ycj	m	20	1	90	circle	red	(565, 460)	high	dis	(724, 619)	N	same	vert	up	True	45220	46759	up	1	1	15
12	ycj	m	20	1	90	circle	green	(645, 652)	low	dis	(565, 460)	Y	dif	vert	up	True	47991	50110	up	1	1	16
12	ycj	m	20	1	90	diamond	red	(565, 460)	high	no	no_dis	N	dif	vert	up	True	51153	52751	up	1	1	17
12	ycj	m	20	1	90	diamond	green	(565, 460)	high	dis	(565, 619)	N	same	vert	up	True	53914	55143	up	1	1	18
12	ycj	m	20	1	90	circle	green	(565, 460)	high	dis	(533, 540)	N	dif	vert	up	True	56384	57742	left	0	1	19
12	ycj	m	20	1	90	diamond	green	(565, 460)	high	dis	(645, 652)	N	same	vert	up	True	60332	61863	up	1	1	20
12	ycj	m	20	1	90	diamond	green	(565, 460)	high	dis	(724, 460)	N	dif	vert	up	True	62926	64223	up	1	1	21
12	ycj	m	20	1	90	diamond	red	(565, 460)	high	dis	(645, 428)	N	dif	hori	left	True	65320	67087	left	1	1	22
12	ycj	m	20	1	90	circle	red	(565, 460)	high	dis	(724, 460)	N	dif	hori	left	True	68122	69807	left	1	1	23
12	ycj	m	20	1	90	diamond	red	(565, 460)	high	dis	(565, 619)	N	same	vert	up	True	70970	72951	up	1	1	24
12	ycj	m	20	1	90	circle	red	(565, 460)	high	dis	(645, 428)	N	same	vert	up	True	74076	76127	up	1	1	25
12	ycj	m	20	1	90	circle	red	(565, 460)	high	dis	(645, 428)	N	dif	hori	left	True	77326	78959	left	1	1	26
12	ycj	m	20	1	90	circle	red	(565, 619)	low	dis	(565, 460)	Y	same	vert	up	True	80079	81638	up	1	1	27
12	ycj	m	20	1	90	diamond	red	(565, 460)	high	dis	(645, 652)	N	dif	vert	up	True	82834	84230	up	1	1	28
12	ycj	m	20	1	90	circle	green	(565, 460)	high	dis	(533, 540)	N	same	vert	up	True	85469	87678	up	1	1	29
12	ycj	m	20	1	90	diamond	green	(565, 460)	high	dis	(645, 652)	N	same	hori	left	True	88821	90622	left	1	1	30
12	ycj	m	20	1	90	diamond	green	(565, 460)	high	no	no_dis	N	dif	vert	up	True	91657	93206	up	1	1	31
12	ycj	m	20	1	90	circle	green	(565, 460)	high	dis	(645, 652)	N	dif	hori	left	True	94357	95998	left	1	1	32
12	ycj	m	20	1	90	diamond	red	(565, 460)	high	no	no_dis	N	same	hori	left	True	97104	98999	left	1	1	33
12	ycj	m	20	1	90	circle	red	(565, 460)	high	no	no_dis	N	dif	vert	up	True	100086	101390	up	1	1	34
12	ycj	m	20	1	90	diamond	green	(724, 460)	low	dis	(565, 460)	Y	same	vert	up	True	102435	105311	up	1	1	35
12	ycj	m	20	1	90	diamond	red	(565, 460)	high	dis	(724, 460)	N	dif	vert	up	True	106507	108231	up	1	1	36
12	ycj	m	20	1	90	diamond	green	(565, 460)	high	dis	(565, 619)	N	same	hori	left	True	109340	110911	left	1	1	37
12	ycj	m	20	1	90	circle	red	(565, 460)	high	no	no_dis	N	dif	hori	left	True	112052	113143	left	1	1	38
12	ycj	m	20	1	90	diamond	green	(565, 460)	high	no	no_dis	N	same	hori	left	True	114348	116031	left	1	1	39
12	ycj	m	20	1	90	circle	green	(645, 652)	low	no	no_dis	N	same	vert	up	True	117105	118206	up	1	1	40
12	ycj	m	20	1	90	diamond	red	(565, 460)	high	dis	(757, 540)	N	same	vert	up	True	119366	120670	up	1	1	41
12	ycj	m	20	1	90	circle	green	(565, 460)	high	dis	(645, 428)	N	same	hori	left	True	121825	124591	left	1	1	42
12	ycj	m	20	1	90	circle	green	(565, 460)	high	dis	(533, 540)	N	dif	vert	up	True	125635	127550	up	1	1	43
12	ycj	m	20	1	90	diamond	red	(565, 460)	high	dis	(645, 652)	N	same	hori	left	True	128706	130350	left	1	1	44
12	ycj	m	20	1	90	diamond	red	(565, 460)	high	no	no_dis	N	dif	hori	left	True	131537	132758	left	1	1	45
12	ycj	m	20	1	90	circle	green	(565, 460)	high	dis	(724, 460)	N	same	vert	up	True	133771	135094	up	1	1	46
12	ycj	m	20	1	90	circle	red	(565, 460)	high	dis	(565, 619)	N	dif	vert	up	True	136112	137175	up	1	1	47
12	ycj	m	20	1	90	diamond	green	(565, 460)	high	dis	(533, 540)	N	same	hori	left	True	138193	140783	left	1	1	48
12	ycj	m	20	1	90	diamond	green	(565, 460)	high	no	no_dis	N	same	hori	left	True	141973	143294	left	1	1	49
12	ycj	m	20	1	90	circle	red	(565, 460)	high	dis	(645, 652)	N	same	vert	up	True	144466	146687	up	1	1	50
12	ycj	m	20	1	90	circle	red	(757, 540)	low	dis	(565, 460)	Y	same	hori	left	True	147819	149486	left	1	1	51
12	ycj	m	20	1	90	diamond	green	(533, 540)	low	dis	(565, 460)	Y	dif	hori	left	True	150615	152783	up	0	1	52
12	ycj	m	20	1	90	diamond	red	(565, 460)	high	dis	(724, 619)	N	dif	vert	up	True	155489	157262	up	1	1	53
12	ycj	m	20	1	90	circle	red	(565, 460)	high	no	no_dis	N	dif	vert	up	True	158366	159846	up	1	1	54
12	ycj	m	20	1	90	circle	green	(565, 460)	high	dis	(724, 619)	N	dif	vert	up	True	160934	162639	up	1	1	55
12	ycj	m	20	1	90	circle	green	(565, 460)	high	no	no_dis	N	same	vert	up	True	163880	164910	up	1	1	56
12	ycj	m	20	1	90	diamond	green	(565, 460)	high	dis	(645, 652)	N	dif	hori	left	False	165976	None	None	0	1	57
12	ycj	m	20	1	90	diamond	red	(565, 460)	high	dis	(724, 460)	N	dif	hori	left	True	171606	172959	left	1	1	58
12	ycj	m	20	1	90	diamond	green	(565, 460)	high	dis	(724, 619)	N	dif	hori	left	True	174125	176438	up	0	1	59
12	ycj	m	20	1	90	diamond	red	(645, 428)	low	dis	(565, 460)	Y	same	hori	left	True	178963	181111	left	1	1	60
12	ycj	m	20	1	90	diamond	red	(565, 460)	high	dis	(565, 619)	N	dif	vert	up	True	182241	183551	up	1	1	61
12	ycj	m	20	1	90	diamond	green	(565, 460)	high	no	no_dis	N	same	vert	up	True	184705	185655	up	1	1	62
12	ycj	m	20	1	90	circle	red	(565, 460)	high	dis	(533, 540)	N	same	hori	left	True	186710	189279	left	1	1	63
12	ycj	m	20	1	90	circle	red	(565, 460)	high	no	no_dis	N	dif	hori	left	True	190289	192430	left	1	1	64
12	ycj	m	20	1	90	diamond	red	(565, 460)	high	dis	(724, 460)	N	same	vert	up	True	193620	195679	up	1	1	65
12	ycj	m	20	1	90	diamond	red	(565, 460)	high	no	no_dis	N	dif	vert	up	True	196700	197742	up	1	1	66
12	ycj	m	20	1	90	circle	green	(565, 460)	high	dis	(724, 460)	N	dif	vert	up	True	198830	201647	up	1	1	67
12	ycj	m	20	1	90	circle	green	(565, 460)	high	dis	(757, 540)	N	dif	vert	up	True	202762	204822	up	1	1	68
12	ycj	m	20	1	90	circle	red	(757, 540)	low	no	no_dis	N	dif	hori	left	True	205850	207327	left	1	1	69
12	ycj	m	20	1	90	diamond	red	(565, 460)	high	dis	(533, 540)	N	dif	hori	left	True	208430	210903	left	1	1	70
12	ycj	m	20	1	90	circle	red	(565, 460)	high	dis	(724, 460)	N	dif	hori	left	True	212095	214190	left	1	1	71
12	ycj	m	20	1	90	circle	green	(565, 460)	high	dis	(533, 540)	N	same	hori	left	True	215301	216527	left	1	1	72
12	ycj	m	20	1	90	diamond	green	(565, 460)	high	dis	(645, 428)	N	same	hori	left	True	217599	220278	left	1	1	73
12	ycj	m	20	1	90	circle	green	(565, 460)	high	no	no_dis	N	same	vert	up	True	221347	223014	up	1	1	74
12	ycj	m	20	1	90	circle	green	(565, 460)	high	no	no_dis	N	dif	vert	up	True	224098	225294	up	1	1	75
12	ycj	m	20	1	90	circle	green	(565, 460)	high	dis	(757, 540)	N	dif	hori	left	True	226319	228039	left	1	1	76
12	ycj	m	20	1	90	circle	red	(565, 460)	high	dis	(565, 619)	N	same	hori	left	True	229272	230638	left	1	1	77
12	ycj	m	20	1	90	diamond	green	(565, 460)	high	dis	(757, 540)	N	dif	hori	left	True	231886	234199	left	1	1	78
12	ycj	m	20	1	90	diamond	red	(565, 460)	high	no	no_dis	N	dif	vert	up	True	235210	236574	up	1	1	79
12	ycj	m	20	1	90	diamond	green	(565, 460)	high	dis	(757, 540)	N	same	hori	left	True	237795	239591	left	1	1	80
12	ycj	m	20	1	90	circle	green	(565, 460)	high	no	no_dis	N	dif	hori	left	True	240701	241966	left	1	1	81
12	ycj	m	20	1	90	diamond	red	(565, 460)	high	no	no_dis	N	same	vert	up	True	242993	244334	up	1	1	82
12	ycj	m	20	1	90	circle	green	(724, 460)	low	dis	(565, 460)	Y	dif	vert	up	True	245536	247198	up	1	1	83
12	ycj	m	20	1	90	circle	red	(565, 460)	high	dis	(565, 619)	N	dif	vert	up	True	248324	249511	up	1	1	84
12	ycj	m	20	1	90	circle	green	(565, 460)	high	dis	(757, 540)	N	dif	vert	up	True	250739	251958	up	1	1	85
12	ycj	m	20	1	90	diamond	red	(565, 460)	high	no	no_dis	N	dif	hori	left	True	253095	254878	left	1	1	86
12	ycj	m	20	1	90	circle	green	(565, 460)	high	no	no_dis	N	same	hori	left	True	255961	257655	left	1	1	87
12	ycj	m	20	1	90	diamond	red	(565, 460)	high	no	no_dis	N	dif	hori	left	True	258682	260014	left	1	1	88
12	ycj	m	20	1	90	diamond	red	(565, 460)	high	no	no_dis	N	same	hori	left	True	261252	262126	left	1	1	89
12	ycj	m	20	1	90	circle	red	(565, 460)	high	dis	(724, 619)	N	dif	vert	up	True	263278	265206	up	1	1	90
12	ycj	m	20	1	90	circle	green	(565, 460)	high	no	no_dis	N	same	vert	up	True	266295	267302	up	1	1	91
12	ycj	m	20	1	90	diamond	green	(565, 460)	high	dis	(645, 652)	N	same	vert	up	True	268416	270711	up	1	1	92
12	ycj	m	20	1	90	circle	green	(565, 460)	high	dis	(533, 540)	N	same	vert	up	True	271844	273550	up	1	1	93
12	ycj	m	20	1	90	circle	red	(565, 460)	high	dis	(565, 619)	N	dif	hori	left	True	274730	276190	left	1	1	94
12	ycj	m	20	1	90	diamond	green	(565, 460)	high	dis	(724, 619)	N	same	hori	left	True	277212	279358	left	1	1	95
12	ycj	m	20	1	90	diamond	green	(565, 460)	high	dis	(645, 428)	N	dif	vert	up	True	280544	281950	up	1	1	96
12	ycj	m	20	1	90	circle	red	(565, 460)	high	dis	(757, 540)	N	same	hori	left	True	283041	284518	left	1	1	97
12	ycj	m	20	1	90	circle	green	(565, 460)	high	dis	(565, 619)	N	dif	hori	left	True	285593	287822	left	1	1	98
12	ycj	m	20	1	90	circle	green	(565, 460)	high	dis	(645, 652)	N	same	hori	left	True	288915	290663	left	1	1	99
12	ycj	m	20	1	90	diamond	red	(565, 460)	high	dis	(724, 460)	N	same	vert	up	True	291874	294518	up	1	1	100
12	ycj	m	20	1	90	diamond	green	(724, 460)	low	no	no_dis	N	same	hori	left	True	295582	297102	left	1	1	101
12	ycj	m	20	1	90	circle	green	(565, 460)	high	dis	(645, 428)	N	same	hori	left	True	298292	300590	left	1	1	102
12	ycj	m	20	1	90	diamond	red	(724, 619)	low	dis	(565, 460)	Y	dif	hori	left	True	301815	303782	left	1	1	103
12	ycj	m	20	1	90	diamond	green	(565, 460)	high	dis	(565, 619)	N	same	vert	up	True	304908	306630	up	1	1	104
12	ycj	m	20	1	90	circle	green	(565, 460)	high	dis	(645, 652)	N	dif	hori	left	True	307743	309302	left	1	1	105
12	ycj	m	20	1	90	diamond	red	(565, 460)	high	dis	(645, 428)	N	dif	vert	up	True	310472	311926	up	1	1	106
12	ycj	m	20	1	90	diamond	green	(565, 460)	high	no	no_dis	N	same	vert	up	True	312975	314446	up	1	1	107
12	ycj	m	20	1	90	circle	red	(565, 460)	high	no	no_dis	N	dif	hori	left	True	315547	317630	left	1	1	108
12	ycj	m	20	1	90	circle	red	(565, 460)	high	dis	(533, 540)	N	dif	hori	left	True	318639	319926	left	1	1	109
12	ycj	m	20	1	90	circle	red	(565, 460)	high	no	no_dis	N	same	vert	up	True	320960	322806	up	1	1	110
12	ycj	m	20	1	90	circle	green	(565, 460)	high	dis	(757, 540)	N	same	hori	left	True	323901	325862	left	1	1	111
12	ycj	m	20	1	90	diamond	red	(565, 460)	high	dis	(645, 428)	N	dif	hori	left	True	326889	328894	left	1	1	112
12	ycj	m	20	1	90	circle	red	(565, 460)	high	no	no_dis	N	dif	hori	left	True	330061	331598	left	1	1	113
12	ycj	m	20	1	90	circle	red	(565, 460)	high	dis	(724, 619)	N	same	hori	left	True	332836	333822	left	1	1	114
12	ycj	m	20	1	90	diamond	green	(565, 460)	high	dis	(645, 428)	N	same	hori	left	True	335030	336942	left	1	1	115
12	ycj	m	20	1	90	circle	green	(565, 460)	high	no	no_dis	N	dif	hori	left	True	338132	340303	left	1	1	116
12	ycj	m	20	1	90	diamond	green	(565, 460)	high	no	no_dis	N	same	hori	left	True	341497	343198	left	1	1	117
12	ycj	m	20	1	90	diamond	red	(565, 460)	high	dis	(533, 540)	N	dif	hori	left	True	344306	346614	left	1	1	118
12	ycj	m	20	1	90	circle	red	(565, 460)	high	dis	(757, 540)	N	dif	vert	up	True	347774	349926	up	1	1	119
12	ycj	m	20	1	90	diamond	green	(565, 460)	high	dis	(724, 619)	N	same	vert	up	True	351075	353622	up	1	1	120
12	ycj	m	20	1	90	circle	green	(565, 460)	high	no	no_dis	N	same	hori	left	True	396430	398902	left	1	2	1
12	ycj	m	20	1	90	diamond	red	(565, 460)	high	dis	(724, 619)	N	dif	vert	up	True	399940	401415	up	1	2	2
12	ycj	m	20	1	90	diamond	green	(565, 460)	high	dis	(645, 652)	N	same	hori	left	True	402489	403990	left	1	2	3
12	ycj	m	20	1	90	circle	green	(724, 460)	low	dis	(565, 460)	Y	dif	hori	left	True	405238	407366	left	1	2	4
12	ycj	m	20	1	90	circle	green	(565, 460)	high	no	no_dis	N	same	vert	up	True	408593	409510	up	1	2	5
12	ycj	m	20	1	90	circle	green	(565, 460)	high	dis	(724, 619)	N	dif	hori	left	True	410531	412015	left	1	2	6
12	ycj	m	20	1	90	circle	red	(565, 460)	high	dis	(757, 540)	N	dif	hori	left	True	413101	413982	left	1	2	7
12	ycj	m	20	1	90	circle	green	(645, 652)	low	dis	(565, 460)	Y	dif	vert	up	True	415046	417278	up	1	2	8
12	ycj	m	20	1	90	circle	green	(565, 460)	high	dis	(757, 540)	N	same	vert	up	True	418518	419686	up	1	2	9
12	ycj	m	20	1	90	diamond	green	(724, 460)	low	no	no_dis	N	same	hori	left	True	420761	422134	left	1	2	10
12	ycj	m	20	1	90	diamond	red	(565, 460)	high	dis	(533, 540)	N	dif	hori	left	True	423225	424206	up	0	2	11
12	ycj	m	20	1	90	circle	green	(565, 460)	high	dis	(724, 460)	N	same	hori	left	True	426922	428014	left	1	2	12
12	ycj	m	20	1	90	circle	red	(565, 460)	high	dis	(533, 540)	N	same	hori	left	True	429047	431014	left	1	2	13
12	ycj	m	20	1	90	diamond	red	(565, 460)	high	dis	(645, 652)	N	dif	hori	left	True	432205	434134	left	1	2	14
12	ycj	m	20	1	90	diamond	red	(565, 460)	high	dis	(645, 652)	N	dif	vert	up	True	435148	436462	up	1	2	15
12	ycj	m	20	1	90	circle	green	(565, 460)	high	dis	(645, 652)	N	same	vert	up	True	437587	439334	up	1	2	16
12	ycj	m	20	1	90	circle	green	(565, 460)	high	dis	(565, 619)	N	same	vert	up	True	440568	442518	up	1	2	17
12	ycj	m	20	1	90	diamond	red	(565, 460)	high	dis	(724, 619)	N	same	vert	up	True	443715	445982	up	1	2	18
12	ycj	m	20	1	90	diamond	red	(565, 460)	high	dis	(724, 619)	N	same	hori	left	True	447205	448638	left	1	2	19
12	ycj	m	20	1	90	diamond	red	(565, 460)	high	dis	(757, 540)	N	dif	hori	left	True	449757	451414	left	1	2	20
12	ycj	m	20	1	90	circle	red	(757, 540)	low	dis	(565, 460)	Y	same	hori	left	True	452573	454478	left	1	2	21
12	ycj	m	20	1	90	diamond	green	(565, 460)	high	no	no_dis	N	dif	vert	up	True	455650	457597	up	1	2	22
12	ycj	m	20	1	90	circle	red	(565, 460)	high	no	no_dis	N	same	vert	up	True	458668	459846	up	1	2	23
12	ycj	m	20	1	90	circle	green	(565, 460)	high	no	no_dis	N	same	vert	up	True	461008	461990	up	1	2	24
12	ycj	m	20	1	90	diamond	red	(565, 460)	high	dis	(724, 619)	N	dif	hori	left	True	463214	464413	left	1	2	25
12	ycj	m	20	1	90	circle	green	(565, 460)	high	no	no_dis	N	same	hori	left	True	465581	467006	left	1	2	26
12	ycj	m	20	1	90	circle	green	(565, 460)	high	dis	(645, 428)	N	same	vert	up	True	468182	469646	up	1	2	27
12	ycj	m	20	1	90	diamond	green	(533, 540)	low	dis	(565, 460)	Y	same	vert	up	True	470889	473511	up	1	2	28
12	ycj	m	20	1	90	circle	red	(565, 460)	high	dis	(533, 540)	N	dif	vert	up	True	474578	476181	up	1	2	29
12	ycj	m	20	1	90	diamond	green	(565, 460)	high	dis	(724, 619)	N	dif	vert	up	True	477424	479173	up	1	2	30
12	ycj	m	20	1	90	diamond	red	(565, 460)	high	no	no_dis	N	same	vert	up	True	480386	481285	up	1	2	31
12	ycj	m	20	1	90	circle	green	(565, 460)	high	dis	(724, 460)	N	same	hori	left	True	482308	483774	left	1	2	32
12	ycj	m	20	1	90	diamond	red	(565, 619)	low	no	no_dis	N	dif	hori	left	True	484795	486782	left	1	2	33
12	ycj	m	20	1	90	circle	green	(565, 460)	high	dis	(533, 540)	N	dif	hori	left	True	487936	490349	left	1	2	34
12	ycj	m	20	1	90	circle	red	(565, 460)	high	no	no_dis	N	dif	vert	up	True	491550	492934	up	1	2	35
12	ycj	m	20	1	90	circle	green	(565, 460)	high	dis	(757, 540)	N	same	hori	left	True	494078	496086	left	1	2	36
12	ycj	m	20	1	90	diamond	red	(645, 428)	low	dis	(565, 460)	Y	same	hori	left	True	497328	498877	left	1	2	37
12	ycj	m	20	1	90	diamond	red	(565, 460)	high	dis	(565, 619)	N	same	hori	left	True	499919	501093	left	1	2	38
12	ycj	m	20	1	90	circle	red	(565, 460)	high	dis	(757, 540)	N	same	vert	up	True	502116	503382	up	1	2	39
12	ycj	m	20	1	90	circle	green	(565, 460)	high	dis	(757, 540)	N	same	hori	left	True	504516	506198	left	1	2	40
12	ycj	m	20	1	90	circle	green	(565, 460)	high	dis	(565, 619)	N	dif	hori	left	True	507372	508830	left	1	2	41
12	ycj	m	20	1	90	circle	red	(565, 460)	high	dis	(757, 540)	N	dif	vert	up	True	509891	511158	up	1	2	42
12	ycj	m	20	1	90	diamond	green	(565, 460)	high	no	no_dis	N	same	vert	up	True	512209	513493	up	1	2	43
12	ycj	m	20	1	90	circle	green	(645, 428)	low	no	no_dis	N	dif	vert	up	True	514651	516614	up	1	2	44
12	ycj	m	20	1	90	diamond	green	(565, 460)	high	no	no_dis	N	same	hori	left	True	517789	518894	left	1	2	45
12	ycj	m	20	1	90	circle	red	(565, 460)	high	dis	(724, 619)	N	dif	vert	up	True	520061	521093	up	1	2	46
12	ycj	m	20	1	90	diamond	red	(565, 460)	high	dis	(533, 540)	N	dif	vert	up	True	522176	524894	up	1	2	47
12	ycj	m	20	1	90	circle	red	(565, 619)	low	dis	(565, 460)	Y	same	vert	up	True	526146	527678	up	1	2	48
12	ycj	m	20	1	90	circle	red	(565, 460)	high	no	no_dis	N	same	hori	left	True	528682	530422	left	1	2	49
12	ycj	m	20	1	90	circle	red	(565, 460)	high	dis	(645, 428)	N	same	vert	up	True	531558	533237	up	1	2	50
12	ycj	m	20	1	90	circle	red	(565, 460)	high	no	no_dis	N	dif	hori	left	True	534303	535358	left	1	2	51
12	ycj	m	20	1	90	diamond	red	(565, 460)	high	no	no_dis	N	dif	vert	up	True	536553	538085	up	1	2	52
12	ycj	m	20	1	90	diamond	green	(565, 460)	high	dis	(533, 540)	N	same	hori	left	True	539211	541357	left	1	2	53
12	ycj	m	20	1	90	circle	red	(565, 460)	high	dis	(533, 540)	N	same	vert	up	True	542602	544318	up	1	2	54
12	ycj	m	20	1	90	diamond	green	(565, 460)	high	dis	(645, 428)	N	dif	hori	left	True	545563	547238	left	1	2	55
12	ycj	m	20	1	90	circle	red	(565, 460)	high	no	no_dis	N	same	vert	up	True	548297	549590	up	1	2	56
12	ycj	m	20	1	90	diamond	red	(565, 460)	high	no	no_dis	N	dif	vert	up	True	550604	551638	up	1	2	57
12	ycj	m	20	1	90	diamond	red	(565, 460)	high	no	no_dis	N	dif	hori	left	True	552725	553966	left	1	2	58
12	ycj	m	20	1	90	circle	red	(565, 460)	high	dis	(645, 428)	N	dif	hori	left	True	555187	557597	left	1	2	59
12	ycj	m	20	1	90	diamond	red	(565, 460)	high	dis	(565, 619)	N	same	vert	up	True	558759	560342	up	1	2	60
12	ycj	m	20	1	90	diamond	red	(565, 460)	high	no	no_dis	N	same	vert	up	True	561591	563014	up	1	2	61
12	ycj	m	20	1	90	circle	green	(565, 460)	high	no	no_dis	N	dif	hori	left	True	564116	565654	left	1	2	62
12	ycj	m	20	1	90	diamond	green	(565, 460)	high	dis	(645, 428)	N	same	hori	left	True	566858	568622	left	1	2	63
12	ycj	m	20	1	90	circle	red	(565, 460)	high	dis	(645, 428)	N	dif	vert	up	True	569779	571182	up	1	2	64
12	ycj	m	20	1	90	circle	red	(565, 460)	high	dis	(757, 540)	N	dif	vert	up	True	572358	573902	up	1	2	65
12	ycj	m	20	1	90	diamond	red	(565, 460)	high	dis	(757, 540)	N	same	vert	up	True	575139	576606	up	1	2	66
12	ycj	m	20	1	90	diamond	green	(724, 460)	low	dis	(565, 460)	Y	dif	vert	up	True	577699	579022	up	1	2	67
12	ycj	m	20	1	90	circle	red	(565, 460)	high	no	no_dis	N	same	hori	left	True	580152	581454	left	1	2	68
12	ycj	m	20	1	90	diamond	green	(565, 460)	high	no	no_dis	N	dif	vert	up	True	582498	584750	up	1	2	69
12	ycj	m	20	1	90	diamond	green	(565, 460)	high	dis	(724, 460)	N	same	vert	up	True	585884	587357	up	1	2	70
12	ycj	m	20	1	90	circle	red	(565, 460)	high	no	no_dis	N	same	vert	up	True	588604	590502	up	1	2	71
12	ycj	m	20	1	90	diamond	red	(565, 460)	high	dis	(645, 652)	N	dif	vert	up	True	591566	594374	up	1	2	72
12	ycj	m	20	1	90	circle	green	(565, 460)	high	dis	(757, 540)	N	same	hori	left	True	595491	597150	left	1	2	73
12	ycj	m	20	1	90	circle	red	(565, 460)	high	dis	(724, 460)	N	dif	hori	left	True	598164	599765	left	1	2	74
12	ycj	m	20	1	90	diamond	green	(565, 460)	high	dis	(724, 619)	N	same	hori	left	True	600775	602630	left	1	2	75
12	ycj	m	20	1	90	diamond	red	(565, 460)	high	no	no_dis	N	dif	vert	up	True	603658	604869	up	1	2	76
12	ycj	m	20	1	90	circle	red	(565, 460)	high	dis	(724, 460)	N	dif	vert	up	True	605911	607358	up	1	2	77
12	ycj	m	20	1	90	circle	red	(565, 460)	high	dis	(645, 428)	N	same	vert	up	True	608601	609861	up	1	2	78
12	ycj	m	20	1	90	diamond	green	(565, 460)	high	dis	(645, 652)	N	dif	vert	up	True	611074	612869	up	1	2	79
12	ycj	m	20	1	90	diamond	red	(565, 460)	high	no	no_dis	N	dif	hori	left	True	614002	615165	left	1	2	80
12	ycj	m	20	1	90	diamond	red	(565, 460)	high	dis	(724, 619)	N	dif	vert	up	True	616354	617614	up	1	2	81
12	ycj	m	20	1	90	diamond	green	(565, 460)	high	dis	(757, 540)	N	dif	vert	up	True	618710	620286	up	1	2	82
12	ycj	m	20	1	90	diamond	red	(724, 619)	low	dis	(565, 460)	Y	dif	hori	left	True	621351	622829	left	1	2	83
12	ycj	m	20	1	90	diamond	red	(565, 460)	high	no	no_dis	N	same	hori	left	True	624041	625005	left	1	2	84
12	ycj	m	20	1	90	circle	green	(565, 460)	high	no	no_dis	N	dif	hori	left	True	626255	628565	left	1	2	85
12	ycj	m	20	1	90	diamond	green	(565, 460)	high	dis	(724, 460)	N	same	vert	up	True	629584	631773	up	1	2	86
12	ycj	m	20	1	90	diamond	green	(565, 460)	high	dis	(533, 540)	N	same	vert	up	True	632860	633838	up	1	2	87
12	ycj	m	20	1	90	diamond	green	(565, 460)	high	no	no_dis	N	dif	hori	left	True	634990	636021	left	1	2	88
12	ycj	m	20	1	90	diamond	red	(565, 460)	high	dis	(724, 460)	N	same	hori	left	True	637104	637949	left	1	2	89
12	ycj	m	20	1	90	diamond	green	(565, 460)	high	no	no_dis	N	dif	hori	left	True	639190	640045	left	1	2	90
12	ycj	m	20	1	90	diamond	green	(565, 460)	high	dis	(724, 460)	N	dif	vert	up	True	641216	643469	up	1	2	91
12	ycj	m	20	1	90	circle	red	(565, 460)	high	dis	(724, 460)	N	same	hori	left	True	644562	645501	left	1	2	92
12	ycj	m	20	1	90	diamond	green	(565, 460)	high	dis	(565, 619)	N	same	hori	left	True	646741	648678	left	1	2	93
12	ycj	m	20	1	90	diamond	green	(565, 460)	high	dis	(645, 652)	N	same	vert	up	True	649844	651765	up	1	2	94
12	ycj	m	20	1	90	circle	red	(565, 460)	high	no	no_dis	N	dif	vert	up	True	652871	654789	up	1	2	95
12	ycj	m	20	1	90	diamond	green	(565, 460)	high	no	no_dis	N	dif	vert	up	True	655966	656974	up	1	2	96
12	ycj	m	20	1	90	diamond	red	(565, 460)	high	dis	(724, 460)	N	dif	hori	left	True	657996	659174	left	1	2	97
12	ycj	m	20	1	90	circle	green	(565, 460)	high	dis	(565, 619)	N	same	hori	left	True	660243	662077	left	1	2	98
12	ycj	m	20	1	90	circle	green	(565, 460)	high	no	no_dis	N	dif	hori	left	True	663120	664030	left	1	2	99
12	ycj	m	20	1	90	circle	green	(565, 460)	high	dis	(565, 619)	N	same	hori	left	True	665171	665942	left	1	2	100
12	ycj	m	20	1	90	circle	green	(565, 460)	high	dis	(645, 652)	N	same	vert	up	True	667179	668557	up	1	2	101
12	ycj	m	20	1	90	diamond	green	(565, 460)	high	dis	(645, 428)	N	dif	vert	up	True	669587	671789	up	1	2	102
12	ycj	m	20	1	90	circle	green	(565, 460)	high	no	no_dis	N	same	hori	left	True	672845	674157	left	1	2	103
12	ycj	m	20	1	90	circle	green	(565, 460)	high	dis	(645, 652)	N	dif	hori	left	True	675311	676085	left	1	2	104
12	ycj	m	20	1	90	circle	green	(565, 460)	high	dis	(565, 619)	N	dif	vert	up	True	677234	679270	left	0	2	105
12	ycj	m	20	1	90	diamond	green	(565, 460)	high	dis	(533, 540)	N	dif	hori	left	True	681811	683845	left	1	2	106
12	ycj	m	20	1	90	circle	red	(533, 540)	low	no	no_dis	N	same	vert	up	True	685091	686998	up	1	2	107
12	ycj	m	20	1	90	diamond	red	(565, 460)	high	dis	(645, 652)	N	same	vert	up	True	688127	689773	up	1	2	108
12	ycj	m	20	1	90	circle	red	(565, 460)	high	dis	(724, 619)	N	dif	hori	left	True	690803	692077	left	1	2	109
12	ycj	m	20	1	90	diamond	green	(565, 460)	high	dis	(724, 460)	N	same	hori	left	True	693211	694589	left	1	2	110
12	ycj	m	20	1	90	diamond	green	(565, 460)	high	no	no_dis	N	same	hori	left	True	695681	696461	left	1	2	111
12	ycj	m	20	1	90	diamond	red	(565, 460)	high	dis	(565, 619)	N	dif	hori	left	True	697635	698510	left	1	2	112
12	ycj	m	20	1	90	circle	red	(565, 460)	high	dis	(645, 428)	N	same	vert	up	True	699756	701949	up	1	2	113
12	ycj	m	20	1	90	diamond	green	(565, 460)	high	no	no_dis	N	dif	vert	up	True	703183	705062	up	1	2	114
12	ycj	m	20	1	90	diamond	green	(565, 460)	high	dis	(565, 619)	N	dif	hori	left	True	706220	708453	left	1	2	115
12	ycj	m	20	1	90	diamond	red	(565, 460)	high	no	no_dis	N	same	hori	left	True	709640	710813	left	1	2	116
12	ycj	m	20	1	90	circle	green	(565, 460)	high	dis	(645, 428)	N	dif	vert	up	True	711886	713277	up	1	2	117
12	ycj	m	20	1	90	circle	red	(565, 460)	high	no	no_dis	N	dif	hori	left	True	714432	715933	left	1	2	118
12	ycj	m	20	1	90	circle	green	(565, 460)	high	no	no_dis	N	same	vert	up	True	716961	718165	up	1	2	119
12	ycj	m	20	1	90	circle	red	(565, 460)	high	dis	(533, 540)	N	dif	hori	left	True	719272	720702	left	1	2	120
12	ycj	m	20	1	90	circle	red	(565, 460)	high	dis	(645, 428)	N	same	hori	left	True	755204	756525	left	1	3	1
12	ycj	m	20	1	90	circle	green	(565, 460)	high	no	no_dis	N	dif	vert	up	True	757769	758998	up	1	3	2
12	ycj	m	20	1	90	diamond	red	(565, 460)	high	dis	(645, 652)	N	dif	hori	left	True	760033	761742	left	1	3	3
12	ycj	m	20	1	90	diamond	red	(565, 460)	high	dis	(645, 428)	N	same	vert	up	True	762785	764237	up	1	3	4
12	ycj	m	20	1	90	diamond	green	(565, 460)	high	no	no_dis	N	same	vert	up	True	765426	766254	up	1	3	5
12	ycj	m	20	1	90	circle	green	(565, 460)	high	no	no_dis	N	dif	hori	left	True	767281	768861	left	1	3	6
12	ycj	m	20	1	90	diamond	red	(565, 460)	high	dis	(724, 619)	N	dif	vert	up	True	770039	770893	up	1	3	7
12	ycj	m	20	1	90	circle	green	(645, 652)	low	dis	(565, 460)	Y	dif	hori	left	True	771988	773342	left	1	3	8
12	ycj	m	20	1	90	diamond	green	(533, 540)	low	no	no_dis	N	dif	vert	up	True	774536	776038	up	1	3	9
12	ycj	m	20	1	90	diamond	red	(565, 460)	high	dis	(533, 540)	N	dif	vert	up	True	777269	778757	up	1	3	10
12	ycj	m	20	1	90	circle	green	(565, 460)	high	dis	(645, 428)	N	same	vert	up	True	779959	781373	up	1	3	11
12	ycj	m	20	1	90	diamond	red	(724, 619)	low	dis	(565, 460)	Y	same	hori	left	True	782492	784078	left	1	3	12
12	ycj	m	20	1	90	diamond	red	(565, 460)	high	dis	(533, 540)	N	dif	vert	up	True	785227	787277	up	1	3	13
12	ycj	m	20	1	90	circle	red	(565, 460)	high	dis	(724, 460)	N	same	hori	left	True	788435	789821	left	1	3	14
12	ycj	m	20	1	90	diamond	green	(565, 460)	high	no	no_dis	N	dif	vert	up	True	790952	792133	up	1	3	15
12	ycj	m	20	1	90	circle	red	(565, 460)	high	dis	(724, 460)	N	dif	hori	left	True	793348	794485	left	1	3	16
12	ycj	m	20	1	90	diamond	green	(565, 460)	high	no	no_dis	N	dif	hori	left	True	795708	796541	left	1	3	17
12	ycj	m	20	1	90	diamond	red	(565, 460)	high	no	no_dis	N	same	hori	left	True	797763	798549	left	1	3	18
12	ycj	m	20	1	90	circle	red	(565, 460)	high	dis	(645, 652)	N	dif	hori	left	True	799627	800990	left	1	3	19
12	ycj	m	20	1	90	circle	green	(565, 460)	high	dis	(533, 540)	N	same	vert	up	True	802157	804261	up	1	3	20
12	ycj	m	20	1	90	circle	red	(565, 460)	high	dis	(724, 619)	N	same	vert	up	True	805490	806525	up	1	3	21
12	ycj	m	20	1	90	diamond	red	(565, 460)	high	no	no_dis	N	same	vert	up	True	807772	809637	left	0	3	22
12	ycj	m	20	1	90	circle	red	(565, 619)	low	dis	(565, 460)	Y	same	vert	up	True	812353	814997	up	1	3	23
12	ycj	m	20	1	90	circle	red	(565, 460)	high	dis	(757, 540)	N	same	hori	left	True	816002	817205	left	1	3	24
12	ycj	m	20	1	90	diamond	red	(565, 460)	high	dis	(533, 540)	N	same	hori	left	True	818279	820757	left	1	3	25
12	ycj	m	20	1	90	diamond	red	(565, 460)	high	dis	(533, 540)	N	dif	vert	up	True	821911	823245	up	1	3	26
12	ycj	m	20	1	90	circle	green	(565, 460)	high	no	no_dis	N	same	vert	up	True	824353	825853	up	1	3	27
12	ycj	m	20	1	90	diamond	green	(565, 460)	high	dis	(724, 460)	N	dif	vert	up	True	826920	828165	up	1	3	28
12	ycj	m	20	1	90	diamond	green	(565, 460)	high	dis	(757, 540)	N	dif	hori	left	True	829407	830733	left	1	3	29
12	ycj	m	20	1	90	diamond	red	(565, 460)	high	no	no_dis	N	same	vert	up	True	831772	833661	up	1	3	30
12	ycj	m	20	1	90	diamond	red	(565, 460)	high	no	no_dis	N	dif	vert	up	True	834826	835797	up	1	3	31
12	ycj	m	20	1	90	circle	green	(565, 460)	high	dis	(565, 619)	N	same	hori	left	True	836953	838381	left	1	3	32
12	ycj	m	20	1	90	diamond	green	(565, 460)	high	dis	(645, 428)	N	dif	hori	left	True	839404	841221	left	1	3	33
12	ycj	m	20	1	90	diamond	red	(565, 460)	high	dis	(724, 619)	N	same	vert	up	True	842343	844325	up	1	3	34
12	ycj	m	20	1	90	circle	red	(565, 460)	high	dis	(724, 460)	N	dif	hori	left	True	845502	847357	left	1	3	35
12	ycj	m	20	1	90	diamond	green	(565, 460)	high	no	no_dis	N	dif	hori	left	True	848590	849821	left	1	3	36
12	ycj	m	20	1	90	circle	green	(565, 460)	high	dis	(724, 619)	N	same	vert	up	True	851019	853381	up	1	3	37
12	ycj	m	20	1	90	circle	green	(565, 460)	high	dis	(565, 619)	N	same	hori	left	True	854587	856013	left	1	3	38
12	ycj	m	20	1	90	circle	red	(565, 460)	high	no	no_dis	N	dif	hori	left	True	857217	858621	left	1	3	39
12	ycj	m	20	1	90	circle	green	(565, 460)	high	dis	(757, 540)	N	same	hori	left	True	859789	860509	left	1	3	40
12	ycj	m	20	1	90	diamond	red	(565, 460)	high	dis	(757, 540)	N	dif	hori	left	True	861664	862933	left	1	3	41
12	ycj	m	20	1	90	circle	red	(565, 460)	high	no	no_dis	N	same	hori	left	True	864167	865029	left	1	3	42
12	ycj	m	20	1	90	diamond	red	(565, 460)	high	no	no_dis	N	dif	hori	left	True	866258	867941	left	1	3	43
12	ycj	m	20	1	90	circle	green	(565, 460)	high	dis	(724, 460)	N	same	vert	up	True	869077	870685	up	1	3	44
12	ycj	m	20	1	90	diamond	red	(565, 460)	high	no	no_dis	N	dif	vert	up	True	871696	873293	up	1	3	45
12	ycj	m	20	1	90	diamond	green	(757, 540)	low	dis	(565, 460)	Y	same	vert	up	True	874494	876557	up	1	3	46
12	ycj	m	20	1	90	diamond	green	(565, 460)	high	dis	(757, 540)	N	dif	hori	left	True	877698	879101	left	1	3	47
12	ycj	m	20	1	90	diamond	green	(565, 460)	high	dis	(724, 460)	N	dif	vert	up	True	880180	881253	up	1	3	48
12	ycj	m	20	1	90	circle	green	(565, 460)	high	no	no_dis	N	same	hori	left	True	882457	884501	left	1	3	49
12	ycj	m	20	1	90	circle	red	(565, 460)	high	dis	(645, 428)	N	dif	vert	up	True	885697	886957	up	1	3	50
12	ycj	m	20	1	90	circle	red	(757, 540)	low	dis	(565, 460)	Y	dif	vert	up	True	888027	890501	up	1	3	51
12	ycj	m	20	1	90	diamond	green	(565, 460)	high	dis	(757, 540)	N	dif	hori	left	True	891598	893997	left	1	3	52
12	ycj	m	20	1	90	circle	red	(565, 460)	high	dis	(645, 652)	N	dif	hori	left	True	895156	897581	left	1	3	53
12	ycj	m	20	1	90	circle	green	(645, 652)	low	no	no_dis	N	dif	hori	left	True	898755	900061	left	1	3	54
12	ycj	m	20	1	90	diamond	green	(565, 460)	high	dis	(645, 428)	N	dif	hori	left	True	901145	902773	left	1	3	55
12	ycj	m	20	1	90	circle	green	(565, 460)	high	dis	(565, 619)	N	dif	vert	up	True	903831	905445	up	1	3	56
12	ycj	m	20	1	90	diamond	red	(565, 460)	high	dis	(757, 540)	N	same	vert	up	True	906579	908036	up	1	3	57
12	ycj	m	20	1	90	diamond	green	(565, 460)	high	no	no_dis	N	dif	hori	left	True	909211	911253	left	1	3	58
12	ycj	m	20	1	90	diamond	green	(565, 460)	high	dis	(724, 619)	N	same	vert	up	True	912341	913293	up	1	3	59
12	ycj	m	20	1	90	diamond	green	(565, 460)	high	dis	(645, 652)	N	same	hori	left	True	914528	915453	left	1	3	60
12	ycj	m	20	1	90	circle	green	(565, 460)	high	dis	(645, 652)	N	same	vert	up	True	916639	917445	up	1	3	61
12	ycj	m	20	1	90	diamond	green	(565, 460)	high	dis	(645, 428)	N	same	hori	left	True	918624	920821	left	1	3	62
12	ycj	m	20	1	90	circle	green	(565, 460)	high	dis	(645, 652)	N	same	hori	left	True	921874	923324	left	1	3	63
12	ycj	m	20	1	90	diamond	red	(757, 540)	low	no	no_dis	N	same	hori	left	True	924337	926333	left	1	3	64
12	ycj	m	20	1	90	circle	red	(565, 460)	high	dis	(565, 619)	N	same	vert	up	True	927442	928293	up	1	3	65
12	ycj	m	20	1	90	diamond	red	(565, 460)	high	no	no_dis	N	dif	hori	left	True	929536	931237	left	1	3	66
12	ycj	m	20	1	90	diamond	green	(565, 460)	high	dis	(757, 540)	N	same	hori	left	True	932449	933405	left	1	3	67
12	ycj	m	20	1	90	circle	green	(565, 460)	high	no	no_dis	N	same	hori	left	True	934569	935757	left	1	3	68
12	ycj	m	20	1	90	circle	red	(645, 428)	low	no	no_dis	N	same	vert	up	True	936865	938165	up	1	3	69
12	ycj	m	20	1	90	diamond	green	(565, 460)	high	dis	(724, 619)	N	dif	hori	left	True	939368	940301	left	1	3	70
12	ycj	m	20	1	90	circle	red	(565, 460)	high	no	no_dis	N	same	vert	up	True	941537	942629	up	1	3	71
12	ycj	m	20	1	90	circle	green	(565, 460)	high	no	no_dis	N	same	hori	left	True	943746	944749	left	1	3	72
12	ycj	m	20	1	90	diamond	green	(533, 540)	low	dis	(565, 460)	Y	dif	hori	left	True	945869	947693	left	1	3	73
12	ycj	m	20	1	90	diamond	red	(645, 428)	low	dis	(565, 460)	Y	same	hori	left	True	948705	951325	left	1	3	74
12	ycj	m	20	1	90	diamond	red	(565, 460)	high	dis	(645, 428)	N	dif	hori	left	True	952527	953973	left	1	3	75
12	ycj	m	20	1	90	circle	red	(565, 460)	high	no	no_dis	N	same	vert	up	True	955225	956429	up	1	3	76
12	ycj	m	20	1	90	diamond	red	(565, 460)	high	dis	(757, 540)	N	same	hori	left	True	957669	959677	left	1	3	77
12	ycj	m	20	1	90	diamond	red	(565, 460)	high	no	no_dis	N	dif	vert	up	True	960736	963156	up	1	3	78
12	ycj	m	20	1	90	diamond	red	(565, 460)	high	dis	(533, 540)	N	dif	vert	up	True	964252	966909	up	1	3	79
12	ycj	m	20	1	90	diamond	green	(565, 460)	high	no	no_dis	N	dif	vert	up	True	967933	969533	up	1	3	80
12	ycj	m	20	1	90	circle	red	(565, 460)	high	dis	(724, 619)	N	same	hori	left	True	970617	973045	left	1	3	81
12	ycj	m	20	1	90	circle	green	(565, 460)	high	dis	(565, 619)	N	dif	hori	left	True	974289	975109	left	1	3	82
12	ycj	m	20	1	90	circle	red	(565, 460)	high	dis	(645, 428)	N	dif	vert	up	True	976147	977805	up	1	3	83
12	ycj	m	20	1	90	circle	green	(565, 460)	high	no	no_dis	N	same	vert	up	True	978872	979949	up	1	3	84
12	ycj	m	20	1	90	diamond	green	(565, 460)	high	dis	(645, 652)	N	dif	hori	left	False	981039	None	None	0	3	85
12	ycj	m	20	1	90	diamond	red	(565, 460)	high	dis	(645, 652)	N	same	vert	up	True	986791	988268	up	1	3	86
12	ycj	m	20	1	90	circle	green	(565, 460)	high	dis	(533, 540)	N	same	hori	left	True	989323	990684	left	1	3	87
12	ycj	m	20	1	90	circle	red	(565, 460)	high	no	no_dis	N	same	hori	left	True	991799	992821	left	1	3	88
12	ycj	m	20	1	90	diamond	red	(565, 460)	high	dis	(724, 619)	N	dif	vert	up	True	994053	994980	up	1	3	89
12	ycj	m	20	1	90	diamond	red	(565, 460)	high	no	no_dis	N	dif	vert	up	True	996113	996860	up	1	3	90
12	ycj	m	20	1	90	diamond	green	(565, 460)	high	dis	(724, 460)	N	dif	vert	up	True	998072	998956	up	1	3	91
12	ycj	m	20	1	90	circle	green	(565, 460)	high	dis	(565, 619)	N	same	vert	up	True	1000097	1001453	up	1	3	92
12	ycj	m	20	1	90	circle	green	(565, 460)	high	dis	(565, 619)	N	dif	hori	left	True	1002531	1003293	left	1	3	93
12	ycj	m	20	1	90	circle	green	(565, 460)	high	dis	(724, 619)	N	same	hori	left	True	1004464	1005301	left	1	3	94
12	ycj	m	20	1	90	diamond	green	(565, 460)	high	dis	(565, 619)	N	dif	hori	left	True	1006491	1007349	left	1	3	95
12	ycj	m	20	1	90	circle	red	(565, 460)	high	no	no_dis	N	dif	hori	left	True	1008522	1009669	left	1	3	96
12	ycj	m	20	1	90	circle	green	(565, 460)	high	no	no_dis	N	dif	vert	up	True	1010880	1011660	up	1	3	97
12	ycj	m	20	1	90	diamond	green	(565, 460)	high	no	no_dis	N	same	vert	up	True	1012746	1013525	up	1	3	98
12	ycj	m	20	1	90	diamond	red	(565, 460)	high	dis	(724, 460)	N	dif	vert	up	True	1014568	1015349	up	1	3	99
12	ycj	m	20	1	90	circle	red	(565, 460)	high	dis	(565, 619)	N	same	hori	left	True	1016442	1017628	left	1	3	100
12	ycj	m	20	1	90	diamond	red	(565, 460)	high	dis	(533, 540)	N	dif	vert	up	True	1018822	1020436	up	1	3	101
12	ycj	m	20	1	90	circle	green	(565, 460)	high	dis	(757, 540)	N	same	vert	up	True	1021496	1023020	up	1	3	102
12	ycj	m	20	1	90	circle	red	(565, 460)	high	dis	(645, 428)	N	dif	vert	up	True	1024141	1025693	left	0	3	103
12	ycj	m	20	1	90	circle	red	(565, 460)	high	dis	(645, 428)	N	same	vert	up	True	1028261	1029981	up	1	3	104
12	ycj	m	20	1	90	circle	red	(565, 460)	high	dis	(724, 460)	N	same	hori	left	True	1031141	1032333	left	1	3	105
12	ycj	m	20	1	90	diamond	green	(565, 460)	high	dis	(645, 652)	N	dif	vert	up	True	1033529	1035093	up	1	3	106
12	ycj	m	20	1	90	circle	green	(565, 460)	high	dis	(533, 540)	N	same	vert	up	True	1036101	1037957	up	1	3	107
12	ycj	m	20	1	90	circle	green	(565, 460)	high	no	no_dis	N	same	vert	up	True	1039203	1039989	up	1	3	108
12	ycj	m	20	1	90	circle	red	(565, 460)	high	no	no_dis	N	same	hori	left	True	1041154	1042597	left	1	3	109
12	ycj	m	20	1	90	circle	red	(565, 460)	high	dis	(724, 619)	N	dif	vert	up	True	1043773	1045268	up	1	3	110
12	ycj	m	20	1	90	diamond	green	(565, 460)	high	no	no_dis	N	same	hori	left	True	1046327	1047589	left	1	3	111
12	ycj	m	20	1	90	circle	green	(724, 460)	low	dis	(565, 460)	Y	dif	vert	up	True	1048811	1050877	up	1	3	112
12	ycj	m	20	1	90	circle	red	(565, 460)	high	dis	(724, 460)	N	same	vert	up	True	1052046	1053301	up	1	3	113
12	ycj	m	20	1	90	circle	red	(565, 460)	high	no	no_dis	N	dif	vert	up	True	1054322	1054997	up	1	3	114
12	ycj	m	20	1	90	diamond	green	(565, 460)	high	dis	(724, 460)	N	dif	vert	up	True	1056208	1057557	up	1	3	115
12	ycj	m	20	1	90	diamond	green	(565, 460)	high	dis	(645, 652)	N	same	hori	left	True	1058563	1059629	left	1	3	116
12	ycj	m	20	1	90	circle	red	(565, 460)	high	no	no_dis	N	same	hori	left	True	1060826	1061509	left	1	3	117
12	ycj	m	20	1	90	diamond	red	(565, 460)	high	dis	(565, 619)	N	dif	hori	left	True	1062705	1063477	left	1	3	118
12	ycj	m	20	1	90	diamond	green	(565, 460)	high	no	no_dis	N	dif	hori	left	True	1064613	1065173	left	1	3	119
12	ycj	m	20	1	90	circle	green	(565, 460)	high	dis	(533, 540)	N	same	vert	up	True	1066315	1067781	up	1	3	120
12	ycj	m	20	1	90	circle	green	(565, 460)	high	dis	(757, 540)	N	dif	vert	up	True	1118860	1120020	up	1	4	1
12	ycj	m	20	1	90	circle	red	(565, 460)	high	dis	(533, 540)	N	dif	hori	left	True	1121143	1122181	left	1	4	2
12	ycj	m	20	1	90	diamond	red	(565, 460)	high	dis	(645, 652)	N	same	vert	up	True	1123332	1124445	up	1	4	3
12	ycj	m	20	1	90	diamond	green	(565, 460)	high	dis	(645, 428)	N	same	hori	left	True	1125602	1127117	left	1	4	4
12	ycj	m	20	1	90	diamond	red	(565, 460)	high	dis	(533, 540)	N	dif	vert	up	True	1128163	1130276	up	1	4	5
12	ycj	m	20	1	90	circle	red	(565, 460)	high	dis	(757, 540)	N	same	vert	up	True	1131427	1132661	up	1	4	6
12	ycj	m	20	1	90	diamond	red	(565, 460)	high	dis	(533, 540)	N	same	vert	up	True	1133698	1134892	up	1	4	7
12	ycj	m	20	1	90	circle	green	(565, 460)	high	no	no_dis	N	same	vert	up	True	1135924	1137220	up	1	4	8
12	ycj	m	20	1	90	diamond	green	(565, 460)	high	dis	(533, 540)	N	same	vert	up	True	1138448	1139836	up	1	4	9
12	ycj	m	20	1	90	diamond	green	(533, 540)	low	dis	(565, 460)	Y	same	vert	up	True	1141044	1142684	up	1	4	10
12	ycj	m	20	1	90	circle	green	(565, 460)	high	dis	(645, 428)	N	dif	hori	left	True	1143802	1145748	left	1	4	11
12	ycj	m	20	1	90	diamond	green	(565, 460)	high	no	no_dis	N	same	vert	up	True	1146780	1148021	up	1	4	12
12	ycj	m	20	1	90	circle	green	(565, 460)	high	dis	(724, 460)	N	dif	hori	left	True	1149210	1150613	left	1	4	13
12	ycj	m	20	1	90	diamond	red	(565, 460)	high	no	no_dis	N	same	vert	up	True	1151733	1152516	up	1	4	14
12	ycj	m	20	1	90	diamond	red	(565, 460)	high	no	no_dis	N	dif	vert	up	True	1153571	1154692	up	1	4	15
12	ycj	m	20	1	90	circle	red	(565, 460)	high	dis	(724, 619)	N	dif	vert	up	True	1155848	1156973	up	1	4	16
12	ycj	m	20	1	90	circle	red	(565, 619)	low	dis	(565, 460)	Y	dif	hori	left	True	1158175	1159565	left	1	4	17
12	ycj	m	20	1	90	diamond	green	(565, 460)	high	no	no_dis	N	same	hori	left	True	1160590	1162356	left	1	4	18
12	ycj	m	20	1	90	diamond	green	(565, 460)	high	dis	(565, 619)	N	dif	hori	left	True	1163600	1165253	left	1	4	19
12	ycj	m	20	1	90	circle	green	(565, 460)	high	dis	(724, 460)	N	dif	vert	up	True	1166486	1167829	up	1	4	20
12	ycj	m	20	1	90	circle	green	(565, 460)	high	no	no_dis	N	dif	hori	left	True	1168933	1170404	left	1	4	21
12	ycj	m	20	1	90	diamond	red	(565, 460)	high	dis	(645, 428)	N	dif	vert	up	True	1171478	1172788	up	1	4	22
12	ycj	m	20	1	90	circle	red	(565, 460)	high	no	no_dis	N	same	vert	up	True	1174032	1174788	up	1	4	23
12	ycj	m	20	1	90	circle	green	(565, 460)	high	dis	(757, 540)	N	dif	hori	left	True	1175821	1177540	left	1	4	24
12	ycj	m	20	1	90	diamond	red	(565, 460)	high	dis	(565, 619)	N	same	hori	left	True	1178744	1179724	left	1	4	25
12	ycj	m	20	1	90	diamond	green	(565, 460)	high	dis	(645, 428)	N	dif	hori	left	True	1180931	1182260	left	1	4	26
12	ycj	m	20	1	90	circle	red	(565, 460)	high	dis	(565, 619)	N	same	vert	up	True	1183266	1184333	up	1	4	27
12	ycj	m	20	1	90	circle	green	(565, 460)	high	dis	(724, 460)	N	same	hori	left	True	1185420	1187732	left	1	4	28
12	ycj	m	20	1	90	circle	red	(565, 460)	high	no	no_dis	N	same	hori	left	True	1188892	1189972	left	1	4	29
12	ycj	m	20	1	90	circle	red	(565, 460)	high	dis	(724, 619)	N	same	vert	up	True	1191099	1192173	up	1	4	30
12	ycj	m	20	1	90	circle	red	(565, 460)	high	dis	(565, 619)	N	same	vert	up	True	1193345	1194093	up	1	4	31
12	ycj	m	20	1	90	circle	red	(565, 460)	high	dis	(645, 652)	N	dif	vert	up	True	1195211	1196133	up	1	4	32
12	ycj	m	20	1	90	circle	green	(565, 460)	high	no	no_dis	N	same	hori	left	True	1197370	1198660	left	1	4	33
12	ycj	m	20	1	90	circle	red	(565, 460)	high	dis	(533, 540)	N	same	hori	left	False	1199885	None	None	0	4	34
12	ycj	m	20	1	90	diamond	green	(565, 460)	high	dis	(565, 619)	N	dif	vert	up	True	1205435	1206780	up	1	4	35
12	ycj	m	20	1	90	circle	red	(565, 460)	high	no	no_dis	N	same	hori	left	True	1207847	1208821	left	1	4	36
12	ycj	m	20	1	90	diamond	red	(565, 460)	high	dis	(645, 652)	N	dif	vert	up	True	1210067	1211828	up	1	4	37
12	ycj	m	20	1	90	circle	green	(565, 460)	high	dis	(533, 540)	N	same	vert	up	True	1213041	1215668	up	1	4	38
12	ycj	m	20	1	90	diamond	red	(565, 460)	high	no	no_dis	N	dif	vert	up	True	1216693	1218053	up	1	4	39
12	ycj	m	20	1	90	circle	red	(565, 460)	high	no	no_dis	N	dif	vert	up	True	1219233	1219940	up	1	4	40
12	ycj	m	20	1	90	circle	red	(565, 460)	high	dis	(724, 460)	N	dif	vert	up	True	1221005	1221988	up	1	4	41
12	ycj	m	20	1	90	diamond	red	(565, 460)	high	dis	(645, 652)	N	dif	hori	left	True	1222994	1223796	left	1	4	42
12	ycj	m	20	1	90	circle	green	(565, 460)	high	no	no_dis	N	same	hori	left	True	1225032	1225820	left	1	4	43
12	ycj	m	20	1	90	diamond	green	(757, 540)	low	dis	(565, 460)	Y	dif	hori	left	True	1226932	1228220	left	1	4	44
12	ycj	m	20	1	90	diamond	red	(565, 460)	high	dis	(724, 619)	N	dif	vert	up	True	1229276	1230261	up	1	4	45
12	ycj	m	20	1	90	diamond	green	(565, 460)	high	no	no_dis	N	dif	hori	left	True	1231436	1233316	left	1	4	46
12	ycj	m	20	1	90	diamond	green	(565, 460)	high	dis	(645, 652)	N	same	vert	up	True	1234371	1235172	up	1	4	47
12	ycj	m	20	1	90	diamond	green	(565, 460)	high	dis	(724, 460)	N	dif	hori	left	True	1236183	1237332	left	1	4	48
12	ycj	m	20	1	90	diamond	green	(565, 460)	high	no	no_dis	N	dif	hori	left	True	1238513	1239413	left	1	4	49
12	ycj	m	20	1	90	circle	green	(565, 460)	high	dis	(645, 652)	N	dif	vert	up	True	1240550	1241829	up	1	4	50
12	ycj	m	20	1	90	diamond	green	(565, 460)	high	dis	(645, 428)	N	dif	hori	left	True	1243054	1243860	left	1	4	51
12	ycj	m	20	1	90	circle	red	(565, 460)	high	no	no_dis	N	same	hori	left	True	1245102	1245748	left	1	4	52
12	ycj	m	20	1	90	circle	green	(565, 460)	high	no	no_dis	N	same	vert	up	True	1246933	1247668	up	1	4	53
12	ycj	m	20	1	90	circle	green	(565, 460)	high	no	no_dis	N	dif	vert	up	True	1248785	1249436	up	1	4	54
12	ycj	m	20	1	90	diamond	red	(565, 460)	high	dis	(645, 428)	N	same	vert	up	True	1250570	1251716	up	1	4	55
12	ycj	m	20	1	90	diamond	red	(565, 460)	high	no	no_dis	N	same	vert	up	True	1252935	1254572	up	1	4	56
12	ycj	m	20	1	90	circle	green	(565, 460)	high	dis	(757, 540)	N	same	hori	left	True	1255634	1256988	left	1	4	57
12	ycj	m	20	1	90	circle	green	(565, 460)	high	dis	(724, 460)	N	same	vert	up	True	1258184	1259044	up	1	4	58
12	ycj	m	20	1	90	diamond	red	(565, 460)	high	dis	(724, 619)	N	same	hori	left	True	1260127	1261036	left	1	4	59
12	ycj	m	20	1	90	diamond	red	(565, 460)	high	dis	(645, 652)	N	dif	vert	up	True	1262146	1262820	up	1	4	60
12	ycj	m	20	1	90	circle	red	(565, 460)	high	dis	(645, 652)	N	dif	hori	left	True	1263988	1264724	left	1	4	61
12	ycj	m	20	1	90	circle	red	(565, 460)	high	no	no_dis	N	dif	vert	up	True	1265916	1266573	up	1	4	62
12	ycj	m	20	1	90	diamond	red	(565, 460)	high	no	no_dis	N	same	hori	left	True	1267729	1269004	left	1	4	63
12	ycj	m	20	1	90	circle	green	(565, 460)	high	dis	(565, 619)	N	dif	hori	left	True	1270175	1271301	left	1	4	64
12	ycj	m	20	1	90	diamond	green	(565, 460)	high	dis	(645, 428)	N	same	hori	left	True	1272493	1274428	left	1	4	65
12	ycj	m	20	1	90	diamond	red	(565, 460)	high	dis	(724, 460)	N	same	vert	up	True	1275461	1276740	up	1	4	66
12	ycj	m	20	1	90	circle	red	(565, 460)	high	no	no_dis	N	dif	hori	left	True	1277958	1278692	left	1	4	67
12	ycj	m	20	1	90	diamond	green	(565, 460)	high	dis	(724, 460)	N	same	hori	left	True	1279779	1281276	left	1	4	68
12	ycj	m	20	1	90	diamond	green	(565, 460)	high	dis	(533, 540)	N	same	vert	up	True	1282449	1283988	up	1	4	69
12	ycj	m	20	1	90	diamond	green	(565, 460)	high	dis	(565, 619)	N	same	hori	left	True	1285020	1285684	left	1	4	70
12	ycj	m	20	1	90	diamond	red	(565, 460)	high	no	no_dis	N	same	vert	up	True	1286798	1287852	up	1	4	71
12	ycj	m	20	1	90	diamond	green	(565, 460)	high	dis	(533, 540)	N	same	hori	left	True	1288897	1289604	left	1	4	72
12	ycj	m	20	1	90	circle	red	(565, 460)	high	dis	(724, 460)	N	dif	vert	up	True	1290676	1291941	up	1	4	73
12	ycj	m	20	1	90	diamond	red	(565, 460)	high	dis	(757, 540)	N	same	hori	left	True	1293025	1294292	left	1	4	74
12	ycj	m	20	1	90	diamond	red	(565, 460)	high	no	no_dis	N	same	vert	up	True	1295530	1296540	up	1	4	75
12	ycj	m	20	1	90	circle	green	(645, 652)	low	dis	(565, 460)	Y	dif	vert	up	True	1297586	1299901	up	1	4	76
12	ycj	m	20	1	90	circle	red	(565, 460)	high	dis	(533, 540)	N	same	hori	left	True	1300987	1302429	left	1	4	77
12	ycj	m	20	1	90	diamond	green	(565, 460)	high	dis	(645, 652)	N	dif	vert	up	True	1303614	1304820	up	1	4	78
12	ycj	m	20	1	90	diamond	red	(565, 460)	high	no	no_dis	N	dif	vert	up	True	1306035	1307052	up	1	4	79
12	ycj	m	20	1	90	diamond	red	(565, 460)	high	dis	(724, 619)	N	same	hori	left	True	1308218	1309100	left	1	4	80
12	ycj	m	20	1	90	diamond	green	(565, 460)	high	no	no_dis	N	dif	hori	left	True	1310198	1311324	left	1	4	81
12	ycj	m	20	1	90	diamond	green	(565, 460)	high	no	no_dis	N	dif	hori	left	True	1312374	1313036	left	1	4	82
12	ycj	m	20	1	90	diamond	red	(724, 619)	low	dis	(565, 460)	Y	same	hori	left	True	1314210	1315717	left	1	4	83
12	ycj	m	20	1	90	diamond	red	(565, 460)	high	dis	(757, 540)	N	same	hori	left	True	1316774	1318380	left	1	4	84
12	ycj	m	20	1	90	circle	green	(565, 460)	high	dis	(645, 428)	N	same	hori	left	True	1319622	1322060	left	1	4	85
12	ycj	m	20	1	90	circle	green	(565, 460)	high	dis	(757, 540)	N	same	vert	up	True	1323275	1324741	up	1	4	86
12	ycj	m	20	1	90	circle	green	(565, 460)	high	dis	(757, 540)	N	dif	hori	left	True	1325791	1326900	left	1	4	87
12	ycj	m	20	1	90	diamond	green	(565, 460)	high	dis	(565, 619)	N	dif	hori	left	True	1327930	1329189	left	1	4	88
12	ycj	m	20	1	90	circle	green	(565, 460)	high	dis	(533, 540)	N	same	vert	up	True	1330202	1331428	up	1	4	89
12	ycj	m	20	1	90	diamond	red	(565, 460)	high	no	no_dis	N	dif	vert	up	True	1332649	1334860	up	1	4	90
12	ycj	m	20	1	90	diamond	green	(565, 619)	low	no	no_dis	N	same	vert	up	True	1336077	1337268	up	1	4	91
12	ycj	m	20	1	90	circle	red	(565, 460)	high	dis	(757, 540)	N	dif	vert	up	True	1338339	1339660	up	1	4	92
12	ycj	m	20	1	90	circle	green	(565, 460)	high	dis	(724, 619)	N	same	hori	left	True	1340794	1342324	left	1	4	93
12	ycj	m	20	1	90	diamond	red	(565, 460)	high	dis	(565, 619)	N	dif	hori	left	True	1343545	1344724	left	1	4	94
12	ycj	m	20	1	90	circle	red	(565, 460)	high	dis	(724, 460)	N	dif	vert	up	True	1345746	1346524	up	1	4	95
12	ycj	m	20	1	90	diamond	green	(565, 460)	high	no	no_dis	N	dif	hori	left	True	1347568	1348572	left	1	4	96
12	ycj	m	20	1	90	circle	red	(757, 540)	low	no	no_dis	N	same	hori	left	True	1349640	1350852	up	0	4	97
12	ycj	m	20	1	90	circle	green	(565, 460)	high	dis	(724, 619)	N	dif	hori	left	True	1353439	1354932	left	1	4	98
12	ycj	m	20	1	90	diamond	green	(565, 460)	high	no	no_dis	N	dif	hori	left	True	1356112	1356884	left	1	4	99
12	ycj	m	20	1	90	diamond	green	(565, 460)	high	dis	(533, 540)	N	dif	hori	left	True	1358003	1358948	left	1	4	100
12	ycj	m	20	1	90	circle	green	(565, 460)	high	dis	(757, 540)	N	dif	hori	left	True	1360075	1360740	left	1	4	101
12	ycj	m	20	1	90	circle	green	(565, 460)	high	no	no_dis	N	same	hori	left	True	1361815	1362428	left	1	4	102
12	ycj	m	20	1	90	diamond	red	(565, 460)	high	dis	(724, 619)	N	same	vert	up	True	1363511	1364764	up	1	4	103
12	ycj	m	20	1	90	diamond	green	(565, 460)	high	dis	(724, 619)	N	dif	vert	up	True	1365774	1366468	up	1	4	104
12	ycj	m	20	1	90	circle	red	(565, 460)	high	dis	(645, 652)	N	same	vert	up	True	1367488	1368236	up	1	4	105
12	ycj	m	20	1	90	circle	red	(757, 540)	low	dis	(565, 460)	Y	same	hori	left	True	1369407	1370484	left	1	4	106
12	ycj	m	20	1	90	circle	red	(565, 460)	high	dis	(645, 428)	N	same	hori	left	True	1371729	1373020	left	1	4	107
12	ycj	m	20	1	90	diamond	green	(565, 460)	high	dis	(724, 619)	N	same	vert	up	True	1374128	1375196	up	1	4	108
12	ycj	m	20	1	90	circle	green	(565, 460)	high	no	no_dis	N	same	hori	left	True	1376277	1377036	left	1	4	109
12	ycj	m	20	1	90	circle	green	(645, 652)	low	no	no_dis	N	dif	hori	left	True	1378057	1379011	left	1	4	110
12	ycj	m	20	1	90	diamond	red	(724, 460)	low	no	no_dis	N	dif	vert	up	True	1380109	1381332	up	1	4	111
12	ycj	m	20	1	90	circle	red	(565, 460)	high	no	no_dis	N	dif	vert	up	True	1382571	1384020	up	1	4	112
12	ycj	m	20	1	90	circle	red	(565, 460)	high	dis	(724, 460)	N	dif	hori	left	True	1385151	1386156	left	1	4	113
12	ycj	m	20	1	90	circle	red	(565, 460)	high	dis	(645, 428)	N	dif	vert	up	True	1387242	1388420	up	1	4	114
12	ycj	m	20	1	90	diamond	green	(565, 460)	high	no	no_dis	N	dif	vert	up	True	1389664	1390395	up	1	4	115
12	ycj	m	20	1	90	circle	green	(724, 460)	low	dis	(565, 460)	Y	same	vert	up	True	1391484	1393444	up	1	4	116
12	ycj	m	20	1	90	circle	green	(565, 460)	high	no	no_dis	N	same	vert	up	True	1394531	1395292	up	1	4	117
12	ycj	m	20	1	90	diamond	red	(565, 460)	high	dis	(565, 619)	N	same	hori	left	True	1396336	1398476	left	1	4	118
12	ycj	m	20	1	90	diamond	red	(645, 428)	low	dis	(565, 460)	Y	dif	vert	up	True	1399728	1401556	up	1	4	119
12	ycj	m	20	1	90	circle	red	(565, 460)	high	no	no_dis	N	dif	hori	left	True	1402680	1404188	left	1	4	120
12	ycj	m	20	1	90	diamond	green	(565, 460)	high	no	no_dis	N	same	hori	left	True	1443867	1445236	left	1	5	1
12	ycj	m	20	1	90	diamond	red	(565, 460)	high	no	no_dis	N	dif	hori	left	True	1446372	1447284	left	1	5	2
12	ycj	m	20	1	90	diamond	green	(565, 460)	high	dis	(724, 619)	N	same	hori	left	True	1448429	1449228	left	1	5	3
12	ycj	m	20	1	90	diamond	green	(565, 460)	high	no	no_dis	N	same	vert	up	True	1450379	1451156	up	1	5	4
12	ycj	m	20	1	90	circle	green	(565, 460)	high	dis	(645, 428)	N	same	hori	left	True	1452338	1453876	left	1	5	5
12	ycj	m	20	1	90	diamond	red	(565, 460)	high	dis	(724, 460)	N	dif	vert	up	True	1455009	1455668	up	1	5	6
12	ycj	m	20	1	90	diamond	red	(565, 460)	high	dis	(724, 619)	N	same	vert	up	True	1456754	1457460	up	1	5	7
12	ycj	m	20	1	90	diamond	green	(565, 460)	high	dis	(645, 428)	N	dif	hori	left	True	1458634	1459931	left	1	5	8
12	ycj	m	20	1	90	diamond	red	(565, 460)	high	dis	(565, 619)	N	same	hori	left	True	1461047	1463196	left	1	5	9
12	ycj	m	20	1	90	diamond	green	(565, 460)	high	dis	(565, 619)	N	dif	hori	left	True	1464429	1465324	left	1	5	10
12	ycj	m	20	1	90	diamond	red	(565, 460)	high	no	no_dis	N	dif	hori	left	True	1466396	1467100	left	1	5	11
12	ycj	m	20	1	90	diamond	red	(565, 460)	high	no	no_dis	N	dif	vert	up	True	1468320	1469132	up	1	5	12
12	ycj	m	20	1	90	diamond	red	(565, 460)	high	no	no_dis	N	same	vert	up	True	1470281	1470964	up	1	5	13
12	ycj	m	20	1	90	diamond	green	(565, 460)	high	dis	(724, 460)	N	same	hori	left	True	1471988	1472916	left	1	5	14
12	ycj	m	20	1	90	diamond	red	(645, 428)	low	dis	(565, 460)	Y	dif	vert	up	True	1473992	1474996	up	1	5	15
12	ycj	m	20	1	90	diamond	green	(565, 460)	high	dis	(757, 540)	N	same	hori	left	True	1476017	1476660	left	1	5	16
12	ycj	m	20	1	90	circle	green	(565, 460)	high	dis	(645, 652)	N	dif	vert	up	True	1477819	1479156	left	0	5	17
12	ycj	m	20	1	90	diamond	red	(724, 619)	low	dis	(565, 460)	Y	same	hori	left	True	1481775	1483068	left	1	5	18
12	ycj	m	20	1	90	diamond	red	(565, 460)	high	dis	(724, 619)	N	dif	vert	up	True	1484136	1485036	up	1	5	19
12	ycj	m	20	1	90	diamond	red	(565, 460)	high	dis	(645, 652)	N	same	hori	left	True	1486279	1487004	left	1	5	20
12	ycj	m	20	1	90	circle	green	(565, 460)	high	dis	(757, 540)	N	same	vert	up	True	1488198	1489244	up	1	5	21
12	ycj	m	20	1	90	circle	green	(565, 460)	high	no	no_dis	N	same	hori	left	True	1490457	1491236	left	1	5	22
12	ycj	m	20	1	90	diamond	green	(565, 460)	high	dis	(645, 652)	N	dif	vert	up	True	1492290	1493844	up	1	5	23
12	ycj	m	20	1	90	circle	red	(565, 460)	high	dis	(645, 428)	N	same	hori	left	True	1495025	1496844	left	1	5	24
12	ycj	m	20	1	90	circle	red	(565, 460)	high	dis	(533, 540)	N	dif	hori	left	True	1497894	1498548	left	1	5	25
12	ycj	m	20	1	90	diamond	green	(565, 460)	high	dis	(645, 652)	N	dif	hori	left	True	1499633	1500996	left	1	5	26
12	ycj	m	20	1	90	diamond	green	(533, 540)	low	dis	(565, 460)	Y	dif	vert	up	True	1502100	1503476	up	1	5	27
12	ycj	m	20	1	90	circle	green	(565, 460)	high	dis	(724, 619)	N	same	vert	up	True	1504711	1505924	up	1	5	28
12	ycj	m	20	1	90	circle	green	(565, 460)	high	dis	(645, 428)	N	dif	hori	left	True	1507053	1508108	up	0	5	29
12	ycj	m	20	1	90	circle	red	(565, 460)	high	dis	(645, 428)	N	same	hori	left	True	1510842	1512380	left	1	5	30
12	ycj	m	20	1	90	circle	green	(565, 460)	high	dis	(757, 540)	N	same	vert	up	True	1513464	1514340	up	1	5	31
12	ycj	m	20	1	90	circle	red	(565, 460)	high	dis	(645, 652)	N	dif	vert	up	True	1515366	1516715	up	1	5	32
12	ycj	m	20	1	90	circle	red	(565, 460)	high	dis	(724, 460)	N	dif	hori	left	True	1517798	1518891	left	1	5	33
12	ycj	m	20	1	90	circle	red	(565, 460)	high	no	no_dis	N	dif	vert	up	True	1520066	1520972	up	1	5	34
12	ycj	m	20	1	90	diamond	green	(565, 460)	high	dis	(533, 540)	N	dif	vert	up	True	1522039	1523820	up	1	5	35
12	ycj	m	20	1	90	diamond	green	(565, 460)	high	no	no_dis	N	dif	vert	up	True	1524922	1526564	up	1	5	36
12	ycj	m	20	1	90	circle	green	(565, 460)	high	dis	(757, 540)	N	same	hori	left	True	1527767	1529043	left	1	5	37
12	ycj	m	20	1	90	diamond	green	(565, 460)	high	dis	(724, 460)	N	dif	hori	left	True	1530240	1531132	left	1	5	38
12	ycj	m	20	1	90	circle	green	(565, 460)	high	dis	(645, 428)	N	dif	hori	left	True	1532376	1533700	left	1	5	39
12	ycj	m	20	1	90	diamond	red	(565, 460)	high	dis	(565, 619)	N	same	vert	up	True	1534926	1536075	up	1	5	40
12	ycj	m	20	1	90	circle	green	(565, 460)	high	no	no_dis	N	dif	vert	up	True	1537145	1538507	up	1	5	41
12	ycj	m	20	1	90	diamond	red	(565, 460)	high	dis	(533, 540)	N	dif	vert	up	True	1539665	1540491	up	1	5	42
12	ycj	m	20	1	90	diamond	red	(565, 460)	high	dis	(565, 619)	N	same	hori	left	True	1541621	1542308	left	1	5	43
12	ycj	m	20	1	90	circle	red	(565, 460)	high	dis	(724, 619)	N	dif	hori	left	True	1543421	1544628	left	1	5	44
12	ycj	m	20	1	90	circle	red	(565, 460)	high	dis	(565, 619)	N	same	vert	up	True	1545747	1546556	up	1	5	45
12	ycj	m	20	1	90	circle	red	(565, 460)	high	no	no_dis	N	same	hori	left	True	1547609	1548300	left	1	5	46
12	ycj	m	20	1	90	diamond	red	(565, 460)	high	dis	(724, 460)	N	same	hori	left	True	1549538	1550811	left	1	5	47
12	ycj	m	20	1	90	circle	green	(565, 460)	high	dis	(724, 619)	N	dif	vert	up	True	1551941	1553756	up	1	5	48
12	ycj	m	20	1	90	diamond	red	(565, 460)	high	dis	(533, 540)	N	dif	vert	up	True	1554793	1556275	up	1	5	49
12	ycj	m	20	1	90	circle	red	(565, 460)	high	dis	(757, 540)	N	same	vert	up	True	1557303	1558604	up	1	5	50
12	ycj	m	20	1	90	diamond	green	(565, 460)	high	dis	(533, 540)	N	dif	vert	up	True	1559661	1560835	up	1	5	51
12	ycj	m	20	1	90	circle	green	(645, 652)	low	dis	(565, 460)	Y	same	vert	up	True	1561935	1563268	up	1	5	52
12	ycj	m	20	1	90	circle	red	(565, 460)	high	no	no_dis	N	same	hori	left	True	1564364	1565395	left	1	5	53
12	ycj	m	20	1	90	diamond	green	(565, 460)	high	no	no_dis	N	dif	hori	left	True	1566531	1567843	left	1	5	54
12	ycj	m	20	1	90	circle	green	(565, 460)	high	dis	(724, 460)	N	dif	hori	left	True	1568873	1569940	left	1	5	55
12	ycj	m	20	1	90	circle	green	(565, 460)	high	dis	(724, 460)	N	same	hori	left	True	1571080	1571747	left	1	5	56
12	ycj	m	20	1	90	diamond	green	(565, 460)	high	dis	(565, 619)	N	dif	hori	left	True	1572767	1574219	left	1	5	57
12	ycj	m	20	1	90	circle	red	(565, 460)	high	no	no_dis	N	dif	hori	left	True	1575390	1576556	left	1	5	58
12	ycj	m	20	1	90	circle	green	(565, 460)	high	no	no_dis	N	same	vert	up	True	1577746	1579196	up	1	5	59
12	ycj	m	20	1	90	diamond	red	(533, 540)	low	no	no_dis	N	same	vert	up	True	1580208	1581795	up	1	5	60
12	ycj	m	20	1	90	diamond	red	(565, 460)	high	no	no_dis	N	dif	hori	left	True	1583000	1584676	left	1	5	61
12	ycj	m	20	1	90	circle	red	(565, 460)	high	no	no_dis	N	dif	hori	left	True	1585685	1586492	left	1	5	62
12	ycj	m	20	1	90	diamond	red	(565, 460)	high	dis	(645, 652)	N	dif	hori	left	True	1587569	1588443	left	1	5	63
12	ycj	m	20	1	90	circle	red	(757, 540)	low	dis	(565, 460)	Y	same	hori	left	True	1589530	1590755	left	1	5	64
12	ycj	m	20	1	90	circle	green	(565, 460)	high	no	no_dis	N	same	vert	up	True	1591953	1592691	up	1	5	65
12	ycj	m	20	1	90	diamond	red	(565, 460)	high	dis	(645, 428)	N	same	vert	up	True	1593838	1595123	up	1	5	66
12	ycj	m	20	1	90	diamond	red	(565, 460)	high	dis	(757, 540)	N	same	vert	up	True	1596145	1598204	up	1	5	67
12	ycj	m	20	1	90	circle	red	(565, 460)	high	no	no_dis	N	same	hori	left	True	1599391	1600676	left	1	5	68
12	ycj	m	20	1	90	diamond	red	(565, 460)	high	no	no_dis	N	dif	vert	up	True	1601809	1603948	up	1	5	69
12	ycj	m	20	1	90	circle	red	(565, 460)	high	dis	(757, 540)	N	same	vert	up	True	1605039	1606964	up	1	5	70
12	ycj	m	20	1	90	diamond	green	(645, 428)	low	no	no_dis	N	dif	vert	up	True	1608049	1608987	up	1	5	71
12	ycj	m	20	1	90	circle	green	(565, 460)	high	dis	(757, 540)	N	dif	hori	left	True	1610008	1611979	left	1	5	72
12	ycj	m	20	1	90	circle	green	(565, 460)	high	no	no_dis	N	same	vert	up	True	1613199	1614835	up	1	5	73
12	ycj	m	20	1	90	diamond	red	(565, 460)	high	dis	(724, 619)	N	same	vert	up	True	1615878	1616619	up	1	5	74
12	ycj	m	20	1	90	diamond	green	(565, 460)	high	dis	(565, 619)	N	same	hori	left	True	1617738	1618532	left	1	5	75
12	ycj	m	20	1	90	circle	green	(565, 460)	high	dis	(533, 540)	N	same	vert	up	True	1619749	1621515	up	1	5	76
12	ycj	m	20	1	90	diamond	green	(565, 460)	high	dis	(645, 428)	N	dif	hori	left	True	1622715	1623708	left	1	5	77
12	ycj	m	20	1	90	diamond	red	(565, 460)	high	dis	(724, 460)	N	dif	vert	up	True	1624827	1625571	up	1	5	78
12	ycj	m	20	1	90	diamond	green	(645, 652)	low	dis	(565, 460)	Y	same	vert	up	True	1626754	1627835	up	1	5	79
12	ycj	m	20	1	90	circle	green	(724, 460)	low	no	no_dis	N	same	hori	left	True	1628939	1630627	left	1	5	80
12	ycj	m	20	1	90	diamond	red	(565, 460)	high	dis	(757, 540)	N	dif	vert	up	True	1631799	1633100	up	1	5	81
12	ycj	m	20	1	90	circle	red	(565, 460)	high	dis	(533, 540)	N	same	vert	up	True	1634196	1635355	up	1	5	82
12	ycj	m	20	1	90	circle	red	(565, 460)	high	dis	(724, 460)	N	same	vert	up	True	1636555	1637611	up	1	5	83
12	ycj	m	20	1	90	diamond	green	(565, 460)	high	no	no_dis	N	dif	vert	up	True	1638675	1639868	up	1	5	84
12	ycj	m	20	1	90	circle	red	(565, 460)	high	no	no_dis	N	dif	hori	left	True	1641102	1641811	left	1	5	85
12	ycj	m	20	1	90	diamond	green	(565, 460)	high	dis	(724, 460)	N	same	vert	up	True	1642914	1643739	up	1	5	86
12	ycj	m	20	1	90	diamond	green	(565, 460)	high	dis	(724, 619)	N	same	hori	left	True	1644773	1645620	left	1	5	87
12	ycj	m	20	1	90	circle	green	(724, 460)	low	dis	(565, 460)	Y	dif	hori	left	True	1646826	1648635	left	1	5	88
12	ycj	m	20	1	90	diamond	green	(565, 460)	high	dis	(565, 619)	N	dif	vert	up	True	1649649	1650915	up	1	5	89
12	ycj	m	20	1	90	diamond	green	(565, 460)	high	no	no_dis	N	dif	hori	left	True	1652169	1653684	left	1	5	90
12	ycj	m	20	1	90	circle	red	(565, 460)	high	dis	(645, 428)	N	dif	hori	left	True	1654726	1655772	left	1	5	91
12	ycj	m	20	1	90	circle	green	(565, 460)	high	dis	(645, 428)	N	same	vert	up	True	1656815	1658604	up	1	5	92
12	ycj	m	20	1	90	circle	red	(565, 460)	high	dis	(757, 540)	N	same	hori	left	True	1659662	1660459	left	1	5	93
12	ycj	m	20	1	90	circle	green	(565, 460)	high	no	no_dis	N	same	hori	left	True	1661563	1662588	left	1	5	94
12	ycj	m	20	1	90	circle	red	(565, 619)	low	dis	(565, 460)	Y	dif	hori	left	True	1663658	1664932	left	1	5	95
12	ycj	m	20	1	90	diamond	red	(565, 460)	high	dis	(645, 652)	N	same	vert	up	True	1666101	1667828	left	0	5	96
12	ycj	m	20	1	90	diamond	green	(565, 460)	high	dis	(565, 619)	N	same	vert	up	True	1670385	1671876	up	1	5	97
12	ycj	m	20	1	90	circle	red	(565, 460)	high	dis	(645, 652)	N	dif	hori	left	True	1672883	1674036	left	1	5	98
12	ycj	m	20	1	90	circle	red	(565, 460)	high	dis	(533, 540)	N	dif	vert	up	True	1675224	1676291	up	1	5	99
12	ycj	m	20	1	90	diamond	green	(565, 460)	high	no	no_dis	N	same	vert	up	True	1677312	1678123	up	1	5	100
12	ycj	m	20	1	90	circle	red	(757, 540)	low	no	no_dis	N	dif	hori	left	True	1679341	1680523	left	1	5	101
12	ycj	m	20	1	90	diamond	green	(565, 460)	high	no	no_dis	N	same	hori	left	True	1681669	1682884	left	1	5	102
12	ycj	m	20	1	90	circle	red	(565, 460)	high	dis	(645, 652)	N	dif	vert	up	True	1683891	1684860	up	1	5	103
12	ycj	m	20	1	90	circle	green	(565, 460)	high	dis	(724, 619)	N	same	hori	left	True	1686088	1687308	left	1	5	104
12	ycj	m	20	1	90	circle	red	(565, 460)	high	dis	(645, 652)	N	dif	vert	up	True	1688465	1689676	up	1	5	105
12	ycj	m	20	1	90	circle	green	(565, 460)	high	no	no_dis	N	dif	hori	left	True	1690797	1691787	left	1	5	106
12	ycj	m	20	1	90	diamond	green	(565, 460)	high	dis	(565, 619)	N	dif	hori	left	True	1692987	1694044	left	1	5	107
12	ycj	m	20	1	90	circle	green	(565, 460)	high	dis	(645, 428)	N	dif	vert	up	True	1695062	1696347	up	1	5	108
12	ycj	m	20	1	90	diamond	red	(565, 460)	high	no	no_dis	N	dif	vert	up	True	1697475	1698323	up	1	5	109
12	ycj	m	20	1	90	circle	green	(565, 460)	high	no	no_dis	N	same	vert	up	True	1699380	1700163	up	1	5	110
12	ycj	m	20	1	90	diamond	red	(565, 460)	high	no	no_dis	N	same	hori	left	True	1701252	1702371	left	1	5	111
12	ycj	m	20	1	90	diamond	green	(565, 460)	high	no	no_dis	N	same	vert	up	True	1703504	1704147	up	1	5	112
12	ycj	m	20	1	90	circle	green	(565, 460)	high	dis	(645, 652)	N	dif	hori	left	True	1705230	1706067	left	1	5	113
12	ycj	m	20	1	90	circle	green	(565, 460)	high	dis	(533, 540)	N	same	hori	left	True	1707275	1708995	left	1	5	114
12	ycj	m	20	1	90	circle	green	(565, 460)	high	no	no_dis	N	dif	vert	up	True	1710110	1710987	up	1	5	115
12	ycj	m	20	1	90	diamond	red	(565, 460)	high	dis	(724, 619)	N	same	hori	left	True	1712162	1713275	left	1	5	116
12	ycj	m	20	1	90	circle	red	(565, 460)	high	no	no_dis	N	dif	vert	up	True	1714336	1715067	up	1	5	117
12	ycj	m	20	1	90	circle	red	(565, 460)	high	dis	(533, 540)	N	dif	vert	up	True	1716164	1717164	up	1	5	118
12	ycj	m	20	1	90	circle	red	(565, 460)	high	no	no_dis	N	same	vert	up	True	1718404	1719084	up	1	5	119
12	ycj	m	20	1	90	diamond	red	(565, 460)	high	no	no_dis	N	same	hori	left	True	1720335	1721500	left	1	5	120
12	ycj	m	20	1	90	diamond	red	(565, 460)	high	dis	(757, 540)	N	dif	hori	left	True	1772386	1774316	left	1	6	1
12	ycj	m	20	1	90	diamond	red	(565, 460)	high	dis	(645, 652)	N	same	vert	up	True	1775414	1776435	up	1	6	2
12	ycj	m	20	1	90	diamond	green	(565, 460)	high	dis	(724, 460)	N	dif	hori	left	True	1777440	1778483	left	1	6	3
12	ycj	m	20	1	90	circle	red	(565, 460)	high	dis	(724, 619)	N	same	hori	left	True	1779576	1780707	left	1	6	4
12	ycj	m	20	1	90	diamond	red	(565, 460)	high	no	no_dis	N	same	hori	left	True	1781955	1782731	left	1	6	5
12	ycj	m	20	1	90	circle	green	(724, 460)	low	dis	(565, 460)	Y	dif	hori	left	True	1783877	1784883	left	1	6	6
12	ycj	m	20	1	90	circle	red	(565, 460)	high	dis	(724, 460)	N	same	hori	left	True	1786089	1786691	left	1	6	7
12	ycj	m	20	1	90	circle	red	(565, 460)	high	no	no_dis	N	same	vert	up	True	1787862	1788604	up	1	6	8
12	ycj	m	20	1	90	diamond	red	(565, 460)	high	dis	(565, 619)	N	dif	hori	left	True	1789754	1790523	left	1	6	9
12	ycj	m	20	1	90	circle	red	(565, 460)	high	dis	(724, 460)	N	same	hori	left	True	1791700	1792468	left	1	6	10
12	ycj	m	20	1	90	diamond	red	(565, 460)	high	dis	(645, 652)	N	dif	vert	up	True	1793707	1794411	up	1	6	11
12	ycj	m	20	1	90	circle	green	(565, 460)	high	no	no_dis	N	dif	vert	up	True	1795558	1796227	up	1	6	12
12	ycj	m	20	1	90	diamond	green	(565, 460)	high	dis	(645, 428)	N	dif	hori	left	True	1797293	1798283	left	1	6	13
12	ycj	m	20	1	90	circle	red	(565, 619)	low	no	no_dis	N	same	vert	up	True	1799486	1800507	up	1	6	14
12	ycj	m	20	1	90	circle	green	(565, 460)	high	no	no_dis	N	dif	hori	left	True	1801597	1802659	left	1	6	15
12	ycj	m	20	1	90	diamond	red	(565, 460)	high	no	no_dis	N	dif	hori	left	True	1803882	1804884	left	1	6	16
12	ycj	m	20	1	90	diamond	red	(565, 460)	high	dis	(724, 619)	N	dif	vert	up	True	1805925	1806515	up	1	6	17
12	ycj	m	20	1	90	circle	green	(565, 460)	high	dis	(724, 619)	N	dif	vert	up	True	1807533	1809196	up	1	6	18
12	ycj	m	20	1	90	diamond	red	(645, 428)	low	dis	(565, 460)	Y	same	vert	up	True	1810445	1812075	up	1	6	19
12	ycj	m	20	1	90	diamond	green	(565, 460)	high	no	no_dis	N	same	hori	left	True	1813097	1813675	left	1	6	20
12	ycj	m	20	1	90	diamond	green	(565, 460)	high	dis	(533, 540)	N	dif	vert	up	True	1814692	1815275	up	1	6	21
12	ycj	m	20	1	90	diamond	red	(565, 460)	high	dis	(645, 428)	N	same	vert	up	True	1816287	1817971	up	1	6	22
12	ycj	m	20	1	90	diamond	green	(565, 460)	high	no	no_dis	N	dif	hori	left	True	1819118	1819779	left	1	6	23
12	ycj	m	20	1	90	diamond	green	(565, 460)	high	dis	(724, 619)	N	dif	hori	left	True	1820905	1821571	left	1	6	24
12	ycj	m	20	1	90	diamond	green	(565, 460)	high	dis	(724, 460)	N	same	hori	left	True	1822707	1823355	left	1	6	25
12	ycj	m	20	1	90	circle	red	(565, 460)	high	no	no_dis	N	dif	vert	up	True	1824373	1825243	up	1	6	26
12	ycj	m	20	1	90	circle	red	(565, 460)	high	dis	(533, 540)	N	same	hori	left	True	1826302	1827035	left	1	6	27
12	ycj	m	20	1	90	circle	red	(565, 460)	high	dis	(645, 652)	N	dif	hori	left	True	1828280	1829235	left	1	6	28
12	ycj	m	20	1	90	circle	green	(565, 460)	high	no	no_dis	N	same	vert	up	True	1830433	1831436	up	1	6	29
12	ycj	m	20	1	90	diamond	green	(565, 460)	high	dis	(724, 460)	N	same	hori	left	True	1832565	1833291	left	1	6	30
12	ycj	m	20	1	90	circle	red	(565, 460)	high	no	no_dis	N	dif	vert	up	True	1834370	1835731	up	1	6	31
12	ycj	m	20	1	90	circle	green	(565, 460)	high	dis	(724, 460)	N	same	hori	left	True	1836796	1837659	left	1	6	32
12	ycj	m	20	1	90	diamond	red	(565, 460)	high	dis	(645, 428)	N	same	hori	left	True	1838790	1839635	left	1	6	33
12	ycj	m	20	1	90	diamond	green	(565, 460)	high	no	no_dis	N	dif	hori	left	True	1840883	1841467	left	1	6	34
12	ycj	m	20	1	90	circle	green	(565, 460)	high	no	no_dis	N	dif	vert	up	True	1842523	1843107	up	1	6	35
12	ycj	m	20	1	90	diamond	red	(565, 460)	high	dis	(533, 540)	N	same	vert	up	True	1844321	1845643	up	1	6	36
12	ycj	m	20	1	90	circle	red	(565, 460)	high	no	no_dis	N	same	vert	up	True	1846809	1847683	up	1	6	37
12	ycj	m	20	1	90	diamond	red	(645, 652)	low	no	no_dis	N	dif	vert	up	True	1848863	1850443	up	1	6	38
12	ycj	m	20	1	90	circle	red	(565, 460)	high	no	no_dis	N	dif	hori	left	True	1851461	1852123	left	1	6	39
12	ycj	m	20	1	90	circle	green	(565, 460)	high	no	no_dis	N	same	vert	up	True	1853241	1854644	up	1	6	40
12	ycj	m	20	1	90	diamond	green	(565, 460)	high	no	no_dis	N	same	hori	left	True	1855820	1856411	left	1	6	41
12	ycj	m	20	1	90	circle	red	(565, 460)	high	no	no_dis	N	same	hori	left	True	1857625	1858187	left	1	6	42
12	ycj	m	20	1	90	circle	green	(565, 460)	high	dis	(533, 540)	N	same	vert	up	True	1859215	1861243	up	1	6	43
12	ycj	m	20	1	90	circle	green	(565, 460)	high	dis	(533, 540)	N	dif	vert	up	True	1862293	1863483	left	0	6	44
12	ycj	m	20	1	90	circle	red	(565, 460)	high	dis	(645, 428)	N	dif	hori	left	True	1866011	1867251	left	1	6	45
12	ycj	m	20	1	90	circle	green	(565, 460)	high	no	no_dis	N	dif	hori	left	True	1868397	1869851	left	1	6	46
12	ycj	m	20	1	90	diamond	red	(565, 460)	high	dis	(724, 460)	N	same	vert	up	True	1871005	1871811	up	1	6	47
12	ycj	m	20	1	90	diamond	green	(565, 460)	high	no	no_dis	N	dif	hori	left	True	1873025	1873852	left	1	6	48
12	ycj	m	20	1	90	circle	green	(565, 460)	high	dis	(645, 652)	N	same	vert	up	True	1875023	1876147	up	1	6	49
12	ycj	m	20	1	90	diamond	red	(565, 460)	high	dis	(724, 619)	N	dif	hori	left	True	1877186	1877947	left	1	6	50
12	ycj	m	20	1	90	circle	red	(565, 460)	high	no	no_dis	N	same	hori	left	True	1879031	1879627	left	1	6	51
12	ycj	m	20	1	90	diamond	red	(565, 460)	high	dis	(533, 540)	N	dif	vert	up	True	1880764	1881468	left	0	6	52
12	ycj	m	20	1	90	diamond	red	(565, 460)	high	no	no_dis	N	same	vert	up	True	1884064	1884659	up	1	6	53
12	ycj	m	20	1	90	circle	red	(565, 460)	high	dis	(645, 428)	N	dif	hori	left	True	1885825	1886907	left	1	6	54
12	ycj	m	20	1	90	diamond	green	(565, 460)	high	dis	(757, 540)	N	dif	hori	left	True	1888012	1889011	left	1	6	55
12	ycj	m	20	1	90	diamond	green	(565, 460)	high	dis	(645, 428)	N	same	hori	left	True	1890070	1890995	left	1	6	56
12	ycj	m	20	1	90	diamond	red	(565, 460)	high	dis	(757, 540)	N	same	hori	left	True	1892009	1892667	left	1	6	57
12	ycj	m	20	1	90	diamond	green	(565, 460)	high	no	no_dis	N	same	vert	up	True	1893795	1894387	up	1	6	58
12	ycj	m	20	1	90	diamond	green	(565, 460)	high	no	no_dis	N	dif	hori	left	True	1895448	1896595	left	1	6	59
12	ycj	m	20	1	90	circle	red	(757, 540)	low	dis	(565, 460)	Y	same	vert	up	True	1897793	1899267	up	1	6	60
12	ycj	m	20	1	90	diamond	red	(565, 460)	high	dis	(533, 540)	N	same	vert	up	True	1900360	1901851	up	1	6	61
12	ycj	m	20	1	90	diamond	green	(533, 540)	low	dis	(565, 460)	Y	same	hori	left	True	1903054	1903675	left	1	6	62
12	ycj	m	20	1	90	circle	green	(565, 460)	high	no	no_dis	N	dif	hori	left	True	1904743	1905651	left	1	6	63
12	ycj	m	20	1	90	circle	red	(565, 619)	low	dis	(565, 460)	Y	dif	vert	up	True	1906663	1907755	up	1	6	64
12	ycj	m	20	1	90	diamond	green	(565, 460)	high	no	no_dis	N	dif	vert	up	True	1908765	1909946	up	1	6	65
12	ycj	m	20	1	90	circle	red	(565, 460)	high	no	no_dis	N	same	vert	up	True	1911191	1912627	up	1	6	66
12	ycj	m	20	1	90	diamond	green	(565, 460)	high	dis	(724, 619)	N	dif	vert	up	True	1913854	1915675	up	1	6	67
12	ycj	m	20	1	90	diamond	red	(565, 460)	high	dis	(565, 619)	N	dif	vert	up	True	1916865	1918395	up	1	6	68
12	ycj	m	20	1	90	circle	green	(565, 460)	high	dis	(565, 619)	N	same	vert	up	True	1919565	1920858	up	1	6	69
12	ycj	m	20	1	90	circle	green	(565, 460)	high	dis	(757, 540)	N	dif	vert	up	True	1921976	1923387	up	1	6	70
12	ycj	m	20	1	90	diamond	green	(565, 460)	high	dis	(645, 652)	N	same	vert	up	True	1924490	1925603	up	1	6	71
12	ycj	m	20	1	90	diamond	green	(724, 460)	low	dis	(565, 460)	Y	dif	hori	left	True	1926640	1928859	left	1	6	72
12	ycj	m	20	1	90	diamond	red	(724, 619)	low	dis	(565, 460)	Y	dif	vert	up	True	1929947	1931531	up	1	6	73
12	ycj	m	20	1	90	circle	green	(565, 460)	high	dis	(724, 619)	N	same	vert	up	True	1932664	1933739	up	1	6	74
12	ycj	m	20	1	90	circle	red	(565, 460)	high	dis	(533, 540)	N	same	vert	up	True	1934759	1936147	up	1	6	75
12	ycj	m	20	1	90	circle	red	(565, 460)	high	dis	(645, 652)	N	same	hori	left	True	1937177	1938010	left	1	6	76
12	ycj	m	20	1	90	circle	green	(565, 460)	high	no	no_dis	N	same	vert	up	True	1939242	1940139	up	1	6	77
12	ycj	m	20	1	90	circle	red	(565, 460)	high	no	no_dis	N	same	hori	left	True	1941300	1942170	left	1	6	78
12	ycj	m	20	1	90	diamond	red	(565, 460)	high	no	no_dis	N	same	vert	up	True	1943411	1944867	up	1	6	79
12	ycj	m	20	1	90	diamond	green	(565, 460)	high	no	no_dis	N	dif	vert	up	True	1946115	1946851	up	1	6	80
12	ycj	m	20	1	90	circle	green	(565, 460)	high	dis	(645, 652)	N	dif	hori	left	True	1947931	1948907	left	1	6	81
12	ycj	m	20	1	90	circle	green	(565, 460)	high	dis	(724, 460)	N	dif	hori	left	True	1950097	1951043	left	1	6	82
12	ycj	m	20	1	90	circle	green	(565, 460)	high	dis	(565, 619)	N	dif	vert	up	True	1952115	1952874	up	1	6	83
12	ycj	m	20	1	90	circle	red	(565, 460)	high	dis	(645, 428)	N	dif	hori	left	True	1954020	1954963	left	1	6	84
12	ycj	m	20	1	90	diamond	green	(565, 460)	high	dis	(565, 619)	N	same	vert	up	True	1956198	1956859	up	1	6	85
12	ycj	m	20	1	90	circle	red	(565, 460)	high	dis	(724, 619)	N	dif	vert	up	True	1958014	1959395	up	1	6	86
12	ycj	m	20	1	90	diamond	green	(565, 460)	high	dis	(757, 540)	N	same	vert	up	True	1960637	1961659	up	1	6	87
12	ycj	m	20	1	90	diamond	red	(565, 460)	high	dis	(533, 540)	N	same	hori	left	True	1962841	1963755	left	1	6	88
12	ycj	m	20	1	90	circle	green	(565, 460)	high	dis	(645, 428)	N	dif	vert	up	True	1964826	1966002	up	1	6	89
12	ycj	m	20	1	90	diamond	green	(724, 619)	low	no	no_dis	N	same	hori	left	True	1967239	1968122	left	1	6	90
12	ycj	m	20	1	90	diamond	green	(565, 460)	high	dis	(757, 540)	N	dif	hori	left	True	1969374	1970267	left	1	6	91
12	ycj	m	20	1	90	diamond	red	(565, 460)	high	no	no_dis	N	same	hori	left	True	1971308	1972011	left	1	6	92
12	ycj	m	20	1	90	circle	green	(645, 652)	low	dis	(565, 460)	Y	same	hori	left	True	1973212	1975027	left	1	6	93
12	ycj	m	20	1	90	diamond	red	(565, 460)	high	dis	(724, 619)	N	same	hori	left	True	1976203	1977003	left	1	6	94
12	ycj	m	20	1	90	circle	green	(565, 460)	high	no	no_dis	N	dif	vert	up	True	1978016	1978667	up	1	6	95
12	ycj	m	20	1	90	diamond	green	(565, 460)	high	dis	(565, 619)	N	same	vert	up	True	1979687	1981834	up	1	6	96
12	ycj	m	20	1	90	circle	red	(565, 460)	high	dis	(757, 540)	N	same	hori	left	True	1982968	1983570	left	1	6	97
12	ycj	m	20	1	90	diamond	red	(565, 460)	high	no	no_dis	N	same	hori	left	True	1984646	1985275	left	1	6	98
12	ycj	m	20	1	90	circle	green	(565, 460)	high	dis	(757, 540)	N	dif	vert	up	True	1986336	1988483	up	1	6	99
12	ycj	m	20	1	90	diamond	green	(565, 460)	high	dis	(757, 540)	N	same	vert	up	True	1989538	1990802	up	1	6	100
12	ycj	m	20	1	90	circle	green	(565, 460)	high	dis	(645, 652)	N	dif	hori	left	True	1991817	1992891	left	1	6	101
12	ycj	m	20	1	90	circle	green	(757, 540)	low	no	no_dis	N	dif	hori	left	True	1993925	1995130	left	1	6	102
12	ycj	m	20	1	90	circle	green	(565, 460)	high	dis	(565, 619)	N	dif	vert	up	True	1996316	1997915	up	1	6	103
12	ycj	m	20	1	90	diamond	red	(565, 460)	high	no	no_dis	N	same	hori	left	True	1999045	2000410	left	1	6	104
12	ycj	m	20	1	90	diamond	red	(565, 460)	high	dis	(645, 652)	N	same	vert	up	True	2001563	2002491	up	1	6	105
12	ycj	m	20	1	90	circle	red	(565, 460)	high	dis	(565, 619)	N	dif	hori	left	True	2003522	2004650	left	1	6	106
12	ycj	m	20	1	90	diamond	green	(565, 460)	high	dis	(724, 619)	N	same	hori	left	True	2005866	2007387	left	1	6	107
12	ycj	m	20	1	90	circle	red	(565, 460)	high	dis	(645, 428)	N	same	vert	up	True	2008558	2009683	up	1	6	108
12	ycj	m	20	1	90	circle	red	(565, 460)	high	dis	(757, 540)	N	same	hori	left	True	2010865	2011531	left	1	6	109
12	ycj	m	20	1	90	circle	red	(565, 460)	high	dis	(533, 540)	N	dif	hori	left	True	2012620	2014131	left	1	6	110
12	ycj	m	20	1	90	diamond	green	(565, 460)	high	dis	(724, 460)	N	dif	hori	left	True	2015213	2016314	left	1	6	111
12	ycj	m	20	1	90	circle	green	(565, 460)	high	dis	(645, 652)	N	dif	vert	up	True	2017385	2018091	up	1	6	112
12	ycj	m	20	1	90	diamond	red	(565, 460)	high	dis	(645, 652)	N	dif	vert	up	True	2019290	2019898	up	1	6	113
12	ycj	m	20	1	90	circle	red	(565, 460)	high	dis	(645, 428)	N	same	hori	left	True	2020951	2021611	left	1	6	114
12	ycj	m	20	1	90	diamond	red	(565, 460)	high	no	no_dis	N	dif	vert	up	True	2022660	2023218	up	1	6	115
12	ycj	m	20	1	90	circle	red	(565, 460)	high	dis	(724, 460)	N	same	vert	up	True	2024260	2024803	up	1	6	116
12	ycj	m	20	1	90	diamond	red	(565, 460)	high	no	no_dis	N	dif	vert	up	True	2025996	2026507	up	1	6	117
12	ycj	m	20	1	90	circle	green	(565, 460)	high	dis	(565, 619)	N	dif	vert	up	True	2027598	2028858	up	1	6	118
12	ycj	m	20	1	90	circle	green	(565, 460)	high	dis	(565, 619)	N	same	hori	left	True	2029899	2030667	left	1	6	119
12	ycj	m	20	1	90	diamond	green	(565, 460)	high	dis	(757, 540)	N	dif	vert	up	True	2031766	2032339	up	1	6	120
conf	12	ycj	m	20	1	90	True	2068805	2081835	4	True	2081855	2087131	1
