subj	name	gender	age	prac	group	shape	color	tar_loc	popularity	dis_cond	dis_loc	dis_high	td_dif	line	respkey	gotkey	startTime	respTime	resp	correct	block	trialnum
14	zjj	m	18	1	90	diamond	green	(565, 619)	high	dis	(565, 460)	N	same	vert	up	True	9063	10960	up	1	1	1
14	zjj	m	18	1	90	circle	green	(565, 619)	high	dis	(757, 540)	N	same	vert	up	True	12018	14976	up	1	1	2
14	zjj	m	18	1	90	circle	red	(565, 619)	high	no	no_dis	N	same	hori	left	True	16108	18879	left	1	1	3
14	zjj	m	18	1	90	circle	green	(565, 619)	high	dis	(724, 619)	N	same	vert	up	True	19967	21944	up	1	1	4
14	zjj	m	18	1	90	diamond	green	(565, 619)	high	dis	(565, 460)	N	dif	vert	up	True	23161	24503	up	1	1	5
14	zjj	m	18	1	90	circle	red	(565, 619)	high	dis	(645, 652)	N	dif	vert	up	True	25710	27936	up	1	1	6
14	zjj	m	18	1	90	circle	red	(757, 540)	low	dis	(565, 619)	Y	dif	vert	up	True	29179	30360	up	1	1	7
14	zjj	m	18	1	90	diamond	red	(565, 619)	high	dis	(533, 540)	N	same	hori	left	True	31478	32992	left	1	1	8
14	zjj	m	18	1	90	diamond	green	(565, 619)	high	dis	(757, 540)	N	dif	vert	up	True	34121	35391	up	1	1	9
14	zjj	m	18	1	90	diamond	green	(565, 619)	high	dis	(533, 540)	N	dif	vert	up	True	36624	37696	up	1	1	10
14	zjj	m	18	1	90	diamond	green	(565, 619)	high	no	no_dis	N	dif	vert	up	False	38719	None	None	0	1	11
14	zjj	m	18	1	90	circle	green	(565, 619)	high	no	no_dis	N	dif	hori	left	True	44338	45775	left	1	1	12
14	zjj	m	18	1	90	circle	green	(565, 619)	high	no	no_dis	N	dif	hori	left	True	46789	49120	left	1	1	13
14	zjj	m	18	1	90	diamond	green	(565, 619)	high	no	no_dis	N	same	vert	up	True	50311	51847	up	1	1	14
14	zjj	m	18	1	90	diamond	red	(565, 619)	high	dis	(645, 652)	N	same	hori	left	True	52987	54919	left	1	1	15
14	zjj	m	18	1	90	circle	green	(565, 619)	high	dis	(645, 652)	N	dif	vert	up	True	55952	58031	left	0	1	16
14	zjj	m	18	1	90	diamond	red	(565, 619)	high	dis	(645, 428)	N	same	vert	up	True	60650	62088	up	1	1	17
14	zjj	m	18	1	90	circle	red	(565, 619)	high	dis	(645, 652)	N	same	hori	left	False	63271	None	None	0	1	18
14	zjj	m	18	1	90	circle	red	(565, 619)	high	dis	(724, 460)	N	dif	hori	left	True	68871	69871	left	1	1	19
14	zjj	m	18	1	90	circle	green	(724, 460)	low	dis	(565, 619)	Y	same	hori	left	True	71101	72408	left	1	1	20
14	zjj	m	18	1	90	circle	green	(565, 619)	high	dis	(565, 460)	N	same	vert	up	True	73627	75144	up	1	1	21
14	zjj	m	18	1	90	circle	red	(565, 619)	high	dis	(565, 460)	N	dif	hori	left	True	76355	78176	left	1	1	22
14	zjj	m	18	1	90	diamond	green	(565, 619)	high	dis	(724, 619)	N	dif	hori	left	True	79263	81159	left	1	1	23
14	zjj	m	18	1	90	circle	red	(565, 619)	high	dis	(757, 540)	N	dif	hori	left	True	82404	84504	left	1	1	24
14	zjj	m	18	1	90	circle	green	(565, 619)	high	dis	(645, 428)	N	same	vert	up	True	85754	87352	up	1	1	25
14	zjj	m	18	1	90	circle	red	(565, 619)	high	dis	(645, 428)	N	dif	vert	up	True	88370	89680	up	1	1	26
14	zjj	m	18	1	90	diamond	green	(565, 619)	high	dis	(645, 428)	N	dif	hori	left	True	90748	92135	up	0	1	27
14	zjj	m	18	1	90	diamond	red	(565, 619)	high	no	no_dis	N	same	vert	up	True	94672	97223	up	1	1	28
14	zjj	m	18	1	90	diamond	green	(565, 619)	high	no	no_dis	N	same	hori	left	True	98270	99864	left	1	1	29
14	zjj	m	18	1	90	diamond	red	(565, 619)	high	no	no_dis	N	same	vert	up	True	101069	102263	up	1	1	30
14	zjj	m	18	1	90	diamond	green	(565, 619)	high	no	no_dis	N	dif	hori	left	True	103426	104551	left	1	1	31
14	zjj	m	18	1	90	diamond	green	(565, 619)	high	no	no_dis	N	same	hori	left	True	105613	106559	left	1	1	32
14	zjj	m	18	1	90	diamond	red	(565, 619)	high	dis	(724, 619)	N	same	hori	left	True	107596	108768	left	1	1	33
14	zjj	m	18	1	90	circle	green	(565, 619)	high	dis	(565, 460)	N	dif	vert	up	True	109953	112127	up	1	1	34
14	zjj	m	18	1	90	circle	green	(565, 619)	high	dis	(533, 540)	N	same	hori	left	True	113323	115663	left	1	1	35
14	zjj	m	18	1	90	circle	green	(565, 619)	high	dis	(533, 540)	N	dif	hori	left	True	116788	118503	left	1	1	36
14	zjj	m	18	1	90	circle	red	(565, 619)	high	dis	(533, 540)	N	dif	hori	left	True	119693	120840	left	1	1	37
14	zjj	m	18	1	90	diamond	green	(565, 619)	high	dis	(533, 540)	N	same	vert	up	True	121950	123936	up	1	1	38
14	zjj	m	18	1	90	circle	green	(565, 619)	high	no	no_dis	N	dif	hori	left	True	125013	126231	left	1	1	39
14	zjj	m	18	1	90	circle	red	(565, 619)	high	dis	(724, 460)	N	same	hori	left	True	127420	128608	left	1	1	40
14	zjj	m	18	1	90	diamond	red	(565, 619)	high	no	no_dis	N	dif	vert	up	True	129860	131512	up	1	1	41
14	zjj	m	18	1	90	circle	green	(645, 652)	low	dis	(565, 619)	Y	same	hori	left	True	132684	134832	left	1	1	42
14	zjj	m	18	1	90	circle	green	(565, 619)	high	dis	(724, 619)	N	same	hori	left	False	135851	None	None	0	1	43
14	zjj	m	18	1	90	circle	green	(565, 619)	high	dis	(724, 460)	N	dif	vert	up	True	141614	143127	up	1	1	44
14	zjj	m	18	1	90	circle	green	(565, 619)	high	dis	(757, 540)	N	same	vert	up	True	144192	145504	up	1	1	45
14	zjj	m	18	1	90	diamond	red	(565, 619)	high	dis	(565, 460)	N	dif	vert	up	True	146600	149239	up	1	1	46
14	zjj	m	18	1	90	circle	green	(565, 619)	high	dis	(645, 652)	N	dif	hori	left	True	150278	151551	left	1	1	47
14	zjj	m	18	1	90	diamond	red	(565, 619)	high	dis	(645, 428)	N	same	hori	left	True	152617	154352	left	1	1	48
14	zjj	m	18	1	90	circle	red	(565, 619)	high	no	no_dis	N	same	vert	up	True	155398	157111	up	1	1	49
14	zjj	m	18	1	90	diamond	green	(565, 619)	high	dis	(757, 540)	N	dif	hori	left	True	158235	159360	left	1	1	50
14	zjj	m	18	1	90	diamond	red	(565, 619)	high	no	no_dis	N	same	hori	left	True	160387	162359	left	1	1	51
14	zjj	m	18	1	90	diamond	green	(565, 619)	high	no	no_dis	N	same	hori	left	True	163498	164327	left	1	1	52
14	zjj	m	18	1	90	circle	green	(565, 619)	high	dis	(645, 652)	N	same	vert	up	True	165425	167359	up	1	1	53
14	zjj	m	18	1	90	diamond	red	(565, 619)	high	no	no_dis	N	dif	hori	left	True	168523	169639	left	1	1	54
14	zjj	m	18	1	90	circle	red	(565, 619)	high	no	no_dis	N	same	hori	left	True	170854	171800	left	1	1	55
14	zjj	m	18	1	90	circle	red	(533, 540)	low	dis	(565, 619)	Y	dif	hori	left	True	172994	173775	up	0	1	56
14	zjj	m	18	1	90	diamond	green	(565, 619)	high	dis	(533, 540)	N	same	hori	left	True	176455	178656	left	1	1	57
14	zjj	m	18	1	90	circle	red	(565, 619)	high	dis	(724, 619)	N	dif	hori	left	True	179882	181583	left	1	1	58
14	zjj	m	18	1	90	diamond	red	(565, 619)	high	no	no_dis	N	same	vert	up	True	182796	184128	up	1	1	59
14	zjj	m	18	1	90	diamond	red	(565, 619)	high	dis	(757, 540)	N	same	vert	up	True	185217	186127	up	1	1	60
14	zjj	m	18	1	90	diamond	green	(565, 619)	high	dis	(724, 460)	N	same	hori	left	True	187281	188999	left	1	1	61
14	zjj	m	18	1	90	diamond	green	(565, 619)	high	dis	(724, 460)	N	same	hori	left	True	190165	191015	left	1	1	62
14	zjj	m	18	1	90	circle	green	(565, 619)	high	no	no_dis	N	dif	vert	up	True	192184	193343	up	1	1	63
14	zjj	m	18	1	90	diamond	red	(565, 619)	high	dis	(724, 460)	N	same	vert	up	True	194525	196095	up	1	1	64
14	zjj	m	18	1	90	circle	green	(565, 619)	high	no	no_dis	N	dif	hori	left	True	197111	198216	left	1	1	65
14	zjj	m	18	1	90	diamond	red	(565, 619)	high	dis	(645, 428)	N	dif	vert	up	True	199445	200528	up	1	1	66
14	zjj	m	18	1	90	diamond	red	(565, 619)	high	dis	(645, 652)	N	same	hori	left	True	201605	202279	left	1	1	67
14	zjj	m	18	1	90	diamond	green	(565, 619)	high	no	no_dis	N	dif	vert	up	True	203429	204103	up	1	1	68
14	zjj	m	18	1	90	circle	green	(724, 619)	low	no	no_dis	N	dif	vert	up	True	205282	205847	left	0	1	69
14	zjj	m	18	1	90	circle	green	(565, 619)	high	dis	(565, 460)	N	dif	vert	up	True	208432	209751	up	1	1	70
14	zjj	m	18	1	90	diamond	red	(565, 619)	high	dis	(757, 540)	N	dif	hori	left	True	210929	211703	left	1	1	71
14	zjj	m	18	1	90	diamond	red	(565, 619)	high	dis	(724, 460)	N	dif	vert	up	True	212813	214176	up	1	1	72
14	zjj	m	18	1	90	circle	red	(565, 619)	high	dis	(724, 460)	N	same	hori	left	True	215345	216495	left	1	1	73
14	zjj	m	18	1	90	circle	red	(565, 619)	high	dis	(533, 540)	N	dif	hori	left	True	217730	219647	left	1	1	74
14	zjj	m	18	1	90	circle	green	(565, 619)	high	dis	(724, 619)	N	dif	hori	left	True	220840	222880	left	1	1	75
14	zjj	m	18	1	90	diamond	red	(565, 619)	high	dis	(724, 619)	N	same	vert	up	True	223976	225855	up	1	1	76
14	zjj	m	18	1	90	circle	red	(565, 619)	high	no	no_dis	N	same	hori	left	True	227102	228400	left	1	1	77
14	zjj	m	18	1	90	circle	red	(565, 619)	high	dis	(724, 460)	N	dif	vert	up	True	229614	231088	up	1	1	78
14	zjj	m	18	1	90	diamond	green	(565, 619)	high	dis	(757, 540)	N	same	hori	left	True	232267	233295	left	1	1	79
14	zjj	m	18	1	90	diamond	green	(565, 619)	high	dis	(645, 428)	N	dif	vert	up	True	234298	235119	up	1	1	80
14	zjj	m	18	1	90	diamond	green	(565, 619)	high	no	no_dis	N	dif	vert	up	True	236219	237512	up	1	1	81
14	zjj	m	18	1	90	circle	green	(565, 619)	high	no	no_dis	N	same	hori	left	True	238668	239423	left	1	1	82
14	zjj	m	18	1	90	diamond	green	(565, 619)	high	dis	(533, 540)	N	same	vert	up	True	240482	242039	up	1	1	83
14	zjj	m	18	1	90	circle	green	(565, 619)	high	dis	(565, 460)	N	dif	vert	up	True	243231	244288	up	1	1	84
14	zjj	m	18	1	90	circle	green	(565, 619)	high	dis	(645, 428)	N	dif	hori	left	True	245329	246047	left	1	1	85
14	zjj	m	18	1	90	circle	green	(565, 619)	high	no	no_dis	N	same	vert	up	True	247271	248519	up	1	1	86
14	zjj	m	18	1	90	circle	red	(565, 619)	high	dis	(724, 619)	N	same	vert	up	True	249598	251471	up	1	1	87
14	zjj	m	18	1	90	circle	red	(565, 619)	high	dis	(645, 652)	N	dif	hori	left	True	252669	253447	left	1	1	88
14	zjj	m	18	1	90	diamond	red	(565, 619)	high	no	no_dis	N	same	vert	up	True	254632	255607	up	1	1	89
14	zjj	m	18	1	90	diamond	red	(565, 619)	high	no	no_dis	N	dif	vert	up	True	256819	257871	up	1	1	90
14	zjj	m	18	1	90	circle	red	(565, 619)	high	no	no_dis	N	same	vert	up	True	258926	261231	up	1	1	91
14	zjj	m	18	1	90	diamond	green	(565, 619)	high	no	no_dis	N	dif	hori	left	True	262421	264047	left	1	1	92
14	zjj	m	18	1	90	circle	red	(565, 619)	high	dis	(757, 540)	N	dif	vert	up	True	265099	266855	up	1	1	93
14	zjj	m	18	1	90	diamond	green	(645, 652)	low	dis	(565, 619)	Y	dif	vert	up	True	267943	270255	up	1	1	94
14	zjj	m	18	1	90	circle	red	(565, 619)	high	no	no_dis	N	same	hori	left	True	271364	272871	left	1	1	95
14	zjj	m	18	1	90	circle	red	(565, 619)	high	dis	(533, 540)	N	same	vert	up	True	273992	276064	up	1	1	96
14	zjj	m	18	1	90	diamond	green	(565, 619)	high	dis	(645, 428)	N	dif	hori	left	True	277129	278823	left	1	1	97
14	zjj	m	18	1	90	diamond	green	(565, 619)	high	dis	(724, 619)	N	same	vert	up	True	279916	281936	up	1	1	98
14	zjj	m	18	1	90	circle	red	(645, 652)	low	no	no_dis	N	same	hori	left	True	282958	285104	left	1	1	99
14	zjj	m	18	1	90	diamond	green	(565, 460)	low	dis	(565, 619)	Y	same	vert	up	True	286197	287912	up	1	1	100
14	zjj	m	18	1	90	circle	red	(565, 619)	high	no	no_dis	N	dif	hori	left	True	289053	290551	left	1	1	101
14	zjj	m	18	1	90	diamond	red	(565, 619)	high	no	no_dis	N	dif	vert	up	True	291556	293768	left	0	1	102
14	zjj	m	18	1	90	diamond	red	(645, 428)	low	no	no_dis	N	dif	hori	left	True	296494	298271	left	1	1	103
14	zjj	m	18	1	90	diamond	red	(645, 428)	low	dis	(565, 619)	Y	same	vert	up	True	299404	300871	up	1	1	104
14	zjj	m	18	1	90	diamond	red	(565, 619)	high	dis	(565, 460)	N	same	hori	left	True	301940	303423	left	1	1	105
14	zjj	m	18	1	90	diamond	red	(724, 619)	low	dis	(565, 619)	Y	dif	hori	left	True	304613	306967	left	1	1	106
14	zjj	m	18	1	90	diamond	green	(757, 540)	low	no	no_dis	N	same	vert	up	True	308101	310319	up	1	1	107
14	zjj	m	18	1	90	circle	red	(565, 619)	high	dis	(565, 460)	N	dif	hori	left	True	311435	312800	left	1	1	108
14	zjj	m	18	1	90	circle	red	(565, 619)	high	dis	(724, 619)	N	same	hori	left	True	313969	315183	left	1	1	109
14	zjj	m	18	1	90	circle	red	(565, 619)	high	no	no_dis	N	same	vert	up	True	316421	317655	left	0	1	110
14	zjj	m	18	1	90	diamond	green	(565, 619)	high	dis	(645, 428)	N	same	vert	up	True	320234	322807	up	1	1	111
14	zjj	m	18	1	90	diamond	red	(565, 619)	high	dis	(645, 652)	N	same	vert	up	False	323990	None	None	0	1	112
14	zjj	m	18	1	90	circle	green	(565, 619)	high	dis	(757, 540)	N	dif	vert	up	True	329588	330903	up	1	1	113
14	zjj	m	18	1	90	diamond	red	(565, 619)	high	dis	(645, 428)	N	dif	hori	left	True	332024	333327	left	1	1	114
14	zjj	m	18	1	90	diamond	red	(565, 619)	high	dis	(724, 619)	N	same	hori	left	True	334479	335751	left	1	1	115
14	zjj	m	18	1	90	circle	green	(565, 619)	high	no	no_dis	N	dif	vert	up	True	336919	338871	up	1	1	116
14	zjj	m	18	1	90	circle	red	(565, 619)	high	no	no_dis	N	dif	vert	up	True	339874	340783	up	1	1	117
14	zjj	m	18	1	90	diamond	red	(565, 619)	high	dis	(645, 652)	N	same	hori	left	True	341834	344575	left	1	1	118
14	zjj	m	18	1	90	circle	green	(565, 619)	high	no	no_dis	N	dif	hori	left	True	345597	347151	left	1	1	119
14	zjj	m	18	1	90	diamond	green	(565, 619)	high	dis	(724, 460)	N	dif	vert	up	True	348246	350399	left	0	1	120
14	zjj	m	18	1	90	diamond	green	(565, 619)	high	dis	(757, 540)	N	dif	vert	up	True	392302	395047	up	1	2	1
14	zjj	m	18	1	90	diamond	green	(565, 619)	high	dis	(757, 540)	N	dif	vert	up	True	396196	398111	up	1	2	2
14	zjj	m	18	1	90	circle	red	(565, 619)	high	dis	(533, 540)	N	dif	hori	left	True	399209	400735	left	1	2	3
14	zjj	m	18	1	90	diamond	red	(565, 619)	high	no	no_dis	N	same	vert	up	True	401942	403079	up	1	2	4
14	zjj	m	18	1	90	diamond	green	(565, 619)	high	no	no_dis	N	dif	vert	up	True	404237	406103	up	1	2	5
14	zjj	m	18	1	90	circle	green	(565, 619)	high	dis	(533, 540)	N	same	hori	left	True	407182	408879	left	1	2	6
14	zjj	m	18	1	90	diamond	green	(565, 619)	high	no	no_dis	N	dif	vert	up	True	410079	412568	up	1	2	7
14	zjj	m	18	1	90	circle	red	(565, 619)	high	dis	(565, 460)	N	same	hori	left	True	413609	415479	left	1	2	8
14	zjj	m	18	1	90	circle	green	(724, 619)	low	no	no_dis	N	dif	hori	left	True	416637	417591	left	1	2	9
14	zjj	m	18	1	90	diamond	red	(565, 619)	high	dis	(645, 428)	N	same	vert	up	True	418751	420942	up	1	2	10
14	zjj	m	18	1	90	diamond	red	(565, 619)	high	dis	(724, 460)	N	dif	vert	up	True	422067	423471	up	1	2	11
14	zjj	m	18	1	90	diamond	green	(565, 619)	high	dis	(533, 540)	N	dif	hori	left	True	424522	426038	left	1	2	12
14	zjj	m	18	1	90	diamond	red	(565, 619)	high	no	no_dis	N	same	vert	up	True	427148	428087	up	1	2	13
14	zjj	m	18	1	90	diamond	red	(565, 619)	high	dis	(724, 460)	N	same	vert	up	True	429309	430366	up	1	2	14
14	zjj	m	18	1	90	circle	green	(565, 619)	high	no	no_dis	N	dif	hori	left	True	431407	432583	left	1	2	15
14	zjj	m	18	1	90	circle	green	(565, 619)	high	dis	(757, 540)	N	same	vert	up	True	433728	434831	up	1	2	16
14	zjj	m	18	1	90	circle	green	(565, 619)	high	no	no_dis	N	dif	vert	up	True	436017	436967	up	1	2	17
14	zjj	m	18	1	90	diamond	green	(565, 619)	high	dis	(645, 652)	N	dif	vert	up	True	438110	439591	up	1	2	18
14	zjj	m	18	1	90	circle	green	(565, 619)	high	dis	(533, 540)	N	dif	hori	left	True	440680	441743	left	1	2	19
14	zjj	m	18	1	90	circle	green	(645, 652)	low	dis	(565, 619)	Y	same	hori	left	True	442757	444783	left	1	2	20
14	zjj	m	18	1	90	circle	red	(565, 619)	high	no	no_dis	N	same	vert	up	True	445881	447127	up	1	2	21
14	zjj	m	18	1	90	circle	red	(565, 619)	high	dis	(757, 540)	N	dif	vert	up	True	448186	450287	up	1	2	22
14	zjj	m	18	1	90	circle	red	(565, 619)	high	no	no_dis	N	same	hori	left	True	451297	452422	left	1	2	23
14	zjj	m	18	1	90	diamond	red	(565, 619)	high	dis	(645, 652)	N	same	vert	up	True	453613	455158	left	0	2	24
14	zjj	m	18	1	90	circle	red	(565, 619)	high	no	no_dis	N	dif	hori	left	True	457728	460727	left	1	2	25
14	zjj	m	18	1	90	circle	red	(565, 619)	high	dis	(645, 652)	N	dif	hori	left	True	461788	463078	left	1	2	26
14	zjj	m	18	1	90	circle	green	(565, 619)	high	dis	(645, 652)	N	same	hori	left	True	464321	465527	left	1	2	27
14	zjj	m	18	1	90	diamond	green	(565, 619)	high	no	no_dis	N	dif	hori	left	True	466542	468263	left	1	2	28
14	zjj	m	18	1	90	circle	red	(565, 619)	high	dis	(724, 619)	N	same	vert	up	True	469335	470671	up	1	2	29
14	zjj	m	18	1	90	diamond	red	(645, 428)	low	no	no_dis	N	dif	vert	up	True	471896	473607	up	1	2	30
14	zjj	m	18	1	90	diamond	red	(565, 619)	high	dis	(724, 619)	N	dif	vert	up	True	474758	476959	up	1	2	31
14	zjj	m	18	1	90	circle	red	(533, 540)	low	dis	(565, 619)	Y	dif	hori	left	True	478019	479263	left	1	2	32
14	zjj	m	18	1	90	circle	red	(565, 619)	high	dis	(757, 540)	N	dif	vert	up	True	480385	481247	up	1	2	33
14	zjj	m	18	1	90	diamond	red	(565, 619)	high	no	no_dis	N	same	hori	left	True	482385	483151	left	1	2	34
14	zjj	m	18	1	90	circle	green	(565, 619)	high	no	no_dis	N	dif	vert	up	True	484353	485647	up	1	2	35
14	zjj	m	18	1	90	diamond	green	(565, 619)	high	dis	(724, 460)	N	dif	vert	up	True	486730	488087	left	0	2	36
14	zjj	m	18	1	90	diamond	green	(565, 619)	high	dis	(645, 428)	N	same	vert	up	True	490805	492310	up	1	2	37
14	zjj	m	18	1	90	circle	green	(565, 619)	high	dis	(724, 460)	N	dif	vert	up	True	493355	494327	up	1	2	38
14	zjj	m	18	1	90	circle	green	(565, 619)	high	dis	(645, 652)	N	dif	hori	left	True	495424	496670	left	1	2	39
14	zjj	m	18	1	90	diamond	red	(565, 619)	high	dis	(533, 540)	N	dif	hori	left	True	497864	499079	up	0	2	40
14	zjj	m	18	1	90	circle	red	(565, 619)	high	dis	(645, 652)	N	dif	hori	left	True	501749	503183	left	1	2	41
14	zjj	m	18	1	90	circle	green	(565, 619)	high	dis	(724, 460)	N	same	hori	left	True	504419	505607	left	1	2	42
14	zjj	m	18	1	90	diamond	red	(565, 619)	high	dis	(645, 652)	N	dif	hori	left	True	506702	507895	left	1	2	43
14	zjj	m	18	1	90	circle	red	(565, 619)	high	dis	(724, 619)	N	dif	vert	up	True	509105	510414	left	0	2	44
14	zjj	m	18	1	90	diamond	red	(565, 619)	high	no	no_dis	N	same	hori	left	True	512954	514311	left	1	2	45
14	zjj	m	18	1	90	circle	green	(565, 619)	high	dis	(724, 460)	N	same	vert	up	True	515369	516079	up	1	2	46
14	zjj	m	18	1	90	circle	green	(724, 460)	low	dis	(565, 619)	Y	dif	vert	up	True	517324	519062	up	1	2	47
14	zjj	m	18	1	90	diamond	green	(565, 619)	high	dis	(645, 428)	N	same	hori	left	True	520313	522231	left	1	2	48
14	zjj	m	18	1	90	circle	green	(565, 619)	high	dis	(565, 460)	N	same	vert	up	True	523418	524591	up	1	2	49
14	zjj	m	18	1	90	diamond	red	(565, 619)	high	no	no_dis	N	dif	vert	up	True	525621	526751	up	1	2	50
14	zjj	m	18	1	90	circle	green	(565, 619)	high	dis	(565, 460)	N	same	vert	up	True	527887	529015	up	1	2	51
14	zjj	m	18	1	90	circle	red	(565, 619)	high	dis	(724, 619)	N	same	vert	up	True	530108	531407	up	1	2	52
14	zjj	m	18	1	90	circle	green	(565, 619)	high	dis	(724, 619)	N	dif	hori	left	True	532605	534014	left	1	2	53
14	zjj	m	18	1	90	circle	red	(565, 619)	high	dis	(645, 428)	N	same	hori	left	True	535208	536463	left	1	2	54
14	zjj	m	18	1	90	diamond	red	(565, 619)	high	no	no_dis	N	dif	vert	up	True	537493	539006	up	1	2	55
14	zjj	m	18	1	90	diamond	green	(565, 619)	high	dis	(757, 540)	N	same	hori	left	True	540070	541959	left	1	2	56
14	zjj	m	18	1	90	diamond	red	(565, 619)	high	dis	(533, 540)	N	same	hori	left	True	543195	544519	left	1	2	57
14	zjj	m	18	1	90	diamond	red	(565, 619)	high	dis	(565, 460)	N	same	hori	left	True	545562	546751	left	1	2	58
14	zjj	m	18	1	90	circle	green	(565, 619)	high	dis	(724, 460)	N	dif	vert	up	True	547915	549246	up	1	2	59
14	zjj	m	18	1	90	circle	red	(565, 619)	high	no	no_dis	N	dif	hori	left	True	550454	551607	left	1	2	60
14	zjj	m	18	1	90	circle	red	(565, 619)	high	dis	(757, 540)	N	same	hori	left	True	552818	554111	left	1	2	61
14	zjj	m	18	1	90	circle	green	(565, 619)	high	dis	(645, 428)	N	same	vert	up	True	555306	556415	left	0	2	62
14	zjj	m	18	1	90	circle	red	(565, 619)	high	no	no_dis	N	dif	hori	left	True	559041	560631	left	1	2	63
14	zjj	m	18	1	90	diamond	green	(565, 619)	high	dis	(724, 619)	N	same	hori	left	True	561800	564431	left	1	2	64
14	zjj	m	18	1	90	diamond	green	(565, 619)	high	no	no_dis	N	same	vert	up	True	565518	566471	up	1	2	65
14	zjj	m	18	1	90	diamond	green	(565, 619)	high	dis	(565, 460)	N	same	vert	up	True	567547	569975	up	1	2	66
14	zjj	m	18	1	90	circle	red	(565, 619)	high	dis	(565, 460)	N	dif	vert	up	True	571178	572391	up	1	2	67
14	zjj	m	18	1	90	circle	red	(565, 619)	high	dis	(724, 619)	N	dif	hori	left	True	573619	574735	left	1	2	68
14	zjj	m	18	1	90	diamond	green	(565, 460)	low	dis	(565, 619)	Y	dif	hori	left	True	575947	577750	left	1	2	69
14	zjj	m	18	1	90	diamond	red	(565, 619)	high	dis	(757, 540)	N	dif	vert	up	True	578931	579847	up	1	2	70
14	zjj	m	18	1	90	circle	green	(565, 619)	high	no	no_dis	N	same	vert	up	True	580888	582183	up	1	2	71
14	zjj	m	18	1	90	diamond	green	(565, 619)	high	no	no_dis	N	same	hori	left	True	583331	584894	left	1	2	72
14	zjj	m	18	1	90	diamond	green	(565, 619)	high	dis	(565, 460)	N	dif	hori	left	True	586072	587766	left	1	2	73
14	zjj	m	18	1	90	diamond	green	(565, 619)	high	no	no_dis	N	dif	hori	left	True	588942	589927	left	1	2	74
14	zjj	m	18	1	90	circle	red	(565, 619)	high	no	no_dis	N	same	hori	left	True	591002	592247	left	1	2	75
14	zjj	m	18	1	90	diamond	red	(645, 428)	low	dis	(565, 619)	Y	same	vert	up	True	593324	594846	up	1	2	76
14	zjj	m	18	1	90	diamond	green	(565, 619)	high	no	no_dis	N	same	hori	left	True	595920	597399	left	1	2	77
14	zjj	m	18	1	90	circle	red	(565, 619)	high	no	no_dis	N	same	vert	up	True	598403	600287	up	1	2	78
14	zjj	m	18	1	90	circle	red	(565, 619)	high	dis	(645, 428)	N	same	vert	up	True	601326	602806	up	1	2	79
14	zjj	m	18	1	90	diamond	red	(565, 619)	high	dis	(565, 460)	N	dif	vert	up	True	603843	606519	up	1	2	80
14	zjj	m	18	1	90	diamond	green	(565, 619)	high	dis	(724, 460)	N	same	hori	left	True	607568	608742	left	1	2	81
14	zjj	m	18	1	90	circle	green	(565, 619)	high	no	no_dis	N	same	hori	left	True	609919	612231	left	1	2	82
14	zjj	m	18	1	90	circle	green	(565, 619)	high	dis	(724, 619)	N	same	vert	up	True	613412	615078	up	1	2	83
14	zjj	m	18	1	90	circle	red	(565, 619)	high	dis	(565, 460)	N	dif	hori	left	True	616240	617495	left	1	2	84
14	zjj	m	18	1	90	diamond	green	(565, 619)	high	dis	(757, 540)	N	same	hori	left	True	618713	620070	left	1	2	85
14	zjj	m	18	1	90	diamond	green	(565, 619)	high	dis	(565, 460)	N	dif	hori	left	True	621137	622359	left	1	2	86
14	zjj	m	18	1	90	diamond	red	(565, 619)	high	dis	(533, 540)	N	same	hori	left	True	623594	625047	left	1	2	87
14	zjj	m	18	1	90	circle	red	(565, 619)	high	no	no_dis	N	dif	vert	up	True	626100	627631	up	1	2	88
14	zjj	m	18	1	90	diamond	green	(565, 619)	high	dis	(724, 619)	N	dif	vert	up	False	628711	None	None	0	2	89
14	zjj	m	18	1	90	diamond	red	(565, 619)	high	no	no_dis	N	same	vert	up	True	634384	635222	up	1	2	90
14	zjj	m	18	1	90	circle	green	(565, 619)	high	dis	(724, 460)	N	dif	hori	left	True	636359	637519	left	1	2	91
14	zjj	m	18	1	90	diamond	red	(565, 619)	high	no	no_dis	N	dif	hori	left	True	638599	640334	left	1	2	92
14	zjj	m	18	1	90	circle	green	(565, 619)	high	dis	(645, 652)	N	dif	vert	up	True	641388	643190	up	1	2	93
14	zjj	m	18	1	90	diamond	green	(565, 619)	high	dis	(645, 428)	N	same	hori	left	True	644366	646439	left	1	2	94
14	zjj	m	18	1	90	diamond	green	(565, 619)	high	no	no_dis	N	dif	vert	up	True	647453	648422	up	1	2	95
14	zjj	m	18	1	90	diamond	green	(565, 619)	high	no	no_dis	N	same	hori	left	True	649671	650926	left	1	2	96
14	zjj	m	18	1	90	circle	red	(565, 619)	high	dis	(724, 460)	N	dif	hori	left	True	651959	652927	left	1	2	97
14	zjj	m	18	1	90	circle	green	(565, 619)	high	no	no_dis	N	dif	vert	up	True	654078	655015	up	1	2	98
14	zjj	m	18	1	90	circle	green	(565, 619)	high	no	no_dis	N	dif	hori	left	True	656035	657046	left	1	2	99
14	zjj	m	18	1	90	diamond	red	(565, 619)	high	no	no_dis	N	same	vert	up	True	658215	659206	up	1	2	100
14	zjj	m	18	1	90	circle	red	(757, 540)	low	dis	(565, 619)	Y	same	hori	left	True	660214	661854	left	1	2	101
14	zjj	m	18	1	90	circle	red	(565, 619)	high	dis	(533, 540)	N	dif	hori	left	True	663080	665271	left	1	2	102
14	zjj	m	18	1	90	diamond	green	(565, 619)	high	dis	(645, 428)	N	dif	vert	up	True	666320	667663	up	1	2	103
14	zjj	m	18	1	90	diamond	red	(565, 619)	high	dis	(645, 652)	N	same	hori	left	True	668814	670359	left	1	2	104
14	zjj	m	18	1	90	diamond	red	(565, 619)	high	dis	(757, 540)	N	same	hori	left	True	671525	673046	left	1	2	105
14	zjj	m	18	1	90	diamond	green	(565, 460)	low	dis	(565, 619)	Y	same	vert	up	True	674194	675734	up	1	2	106
14	zjj	m	18	1	90	circle	red	(533, 540)	low	no	no_dis	N	same	vert	up	True	676745	677879	up	1	2	107
14	zjj	m	18	1	90	diamond	green	(724, 460)	low	no	no_dis	N	same	hori	left	True	678998	680102	left	1	2	108
14	zjj	m	18	1	90	circle	green	(565, 619)	high	dis	(645, 428)	N	dif	vert	up	True	681226	682511	up	1	2	109
14	zjj	m	18	1	90	diamond	red	(565, 619)	high	dis	(757, 540)	N	dif	hori	left	True	683700	685606	left	1	2	110
14	zjj	m	18	1	90	diamond	red	(724, 619)	low	dis	(565, 619)	Y	dif	vert	up	True	686717	688606	up	1	2	111
14	zjj	m	18	1	90	circle	green	(565, 619)	high	no	no_dis	N	same	vert	up	True	689683	691207	up	1	2	112
14	zjj	m	18	1	90	circle	red	(565, 619)	high	dis	(645, 428)	N	same	vert	up	True	692298	694271	up	1	2	113
14	zjj	m	18	1	90	circle	red	(565, 619)	high	no	no_dis	N	dif	hori	left	True	695279	696102	left	1	2	114
14	zjj	m	18	1	90	diamond	red	(565, 619)	high	dis	(724, 619)	N	same	vert	up	True	697298	699222	up	1	2	115
14	zjj	m	18	1	90	diamond	green	(565, 619)	high	dis	(533, 540)	N	same	vert	up	True	700375	701854	up	1	2	116
14	zjj	m	18	1	90	diamond	red	(565, 619)	high	dis	(565, 460)	N	same	hori	left	True	702943	704751	left	1	2	117
14	zjj	m	18	1	90	circle	green	(565, 619)	high	dis	(533, 540)	N	same	vert	up	True	705787	707590	up	1	2	118
14	zjj	m	18	1	90	circle	green	(565, 619)	high	no	no_dis	N	same	hori	left	True	708686	710198	left	1	2	119
14	zjj	m	18	1	90	diamond	red	(565, 619)	high	dis	(645, 652)	N	dif	hori	left	True	711229	712830	left	1	2	120
14	zjj	m	18	1	90	diamond	red	(565, 619)	high	dis	(724, 619)	N	dif	hori	left	True	748533	749798	left	1	3	1
14	zjj	m	18	1	90	diamond	green	(565, 619)	high	dis	(724, 460)	N	dif	hori	left	True	751010	752094	left	1	3	2
14	zjj	m	18	1	90	diamond	red	(565, 619)	high	dis	(645, 652)	N	dif	hori	left	True	753151	754622	left	1	3	3
14	zjj	m	18	1	90	diamond	green	(565, 619)	high	no	no_dis	N	dif	vert	up	True	755806	756638	up	1	3	4
14	zjj	m	18	1	90	diamond	red	(565, 619)	high	no	no_dis	N	dif	vert	up	True	757843	758654	up	1	3	5
14	zjj	m	18	1	90	diamond	green	(565, 619)	high	dis	(724, 619)	N	same	vert	up	True	759723	760630	up	1	3	6
14	zjj	m	18	1	90	diamond	red	(565, 619)	high	dis	(724, 460)	N	dif	hori	left	True	761701	762622	left	1	3	7
14	zjj	m	18	1	90	circle	red	(565, 619)	high	dis	(645, 428)	N	same	hori	left	True	763716	765430	left	1	3	8
14	zjj	m	18	1	90	diamond	red	(645, 428)	low	no	no_dis	N	same	hori	left	True	766641	768462	left	1	3	9
14	zjj	m	18	1	90	diamond	red	(565, 619)	high	no	no_dis	N	same	vert	up	True	769640	770630	up	1	3	10
14	zjj	m	18	1	90	diamond	green	(565, 619)	high	dis	(724, 460)	N	dif	vert	up	True	771752	772798	up	1	3	11
14	zjj	m	18	1	90	diamond	red	(565, 619)	high	dis	(645, 428)	N	dif	hori	left	True	773854	774854	left	1	3	12
14	zjj	m	18	1	90	diamond	red	(565, 619)	high	no	no_dis	N	dif	hori	left	True	775961	776894	left	1	3	13
14	zjj	m	18	1	90	circle	red	(565, 619)	high	no	no_dis	N	same	vert	up	True	778017	779030	up	1	3	14
14	zjj	m	18	1	90	circle	red	(565, 619)	high	dis	(645, 428)	N	dif	hori	left	True	780227	781070	left	1	3	15
14	zjj	m	18	1	90	diamond	green	(565, 619)	high	dis	(565, 460)	N	dif	vert	up	True	782137	783390	up	1	3	16
14	zjj	m	18	1	90	diamond	green	(565, 619)	high	dis	(533, 540)	N	dif	hori	left	True	784500	785350	left	1	3	17
14	zjj	m	18	1	90	diamond	red	(565, 619)	high	no	no_dis	N	dif	hori	left	True	786582	787335	left	1	3	18
14	zjj	m	18	1	90	circle	red	(533, 540)	low	dis	(565, 619)	Y	same	hori	left	True	788501	790191	left	1	3	19
14	zjj	m	18	1	90	circle	red	(565, 619)	high	no	no_dis	N	dif	vert	up	True	791193	792126	up	1	3	20
14	zjj	m	18	1	90	circle	green	(565, 619)	high	dis	(724, 460)	N	dif	vert	up	True	793129	794023	up	1	3	21
14	zjj	m	18	1	90	circle	red	(565, 619)	high	no	no_dis	N	same	hori	left	True	795225	796078	left	1	3	22
14	zjj	m	18	1	90	circle	green	(565, 619)	high	dis	(645, 428)	N	dif	vert	up	True	797325	798198	up	1	3	23
14	zjj	m	18	1	90	circle	red	(565, 619)	high	dis	(645, 652)	N	dif	vert	up	True	799336	800286	up	1	3	24
14	zjj	m	18	1	90	diamond	green	(565, 619)	high	dis	(565, 460)	N	dif	vert	up	True	801356	802350	up	1	3	25
14	zjj	m	18	1	90	circle	red	(565, 619)	high	dis	(645, 652)	N	same	hori	left	True	803463	804279	left	1	3	26
14	zjj	m	18	1	90	circle	green	(565, 619)	high	dis	(724, 619)	N	same	vert	up	True	805511	806390	up	1	3	27
14	zjj	m	18	1	90	diamond	green	(565, 619)	high	dis	(565, 460)	N	dif	vert	up	True	807517	808727	up	1	3	28
14	zjj	m	18	1	90	diamond	red	(565, 619)	high	dis	(645, 428)	N	dif	hori	left	True	809827	810950	left	1	3	29
14	zjj	m	18	1	90	circle	red	(565, 619)	high	dis	(724, 619)	N	same	hori	left	True	812135	813111	left	1	3	30
14	zjj	m	18	1	90	circle	red	(565, 619)	high	dis	(533, 540)	N	same	vert	up	True	814140	815134	up	1	3	31
14	zjj	m	18	1	90	circle	green	(565, 619)	high	no	no_dis	N	same	hori	left	True	816282	817190	left	1	3	32
14	zjj	m	18	1	90	circle	green	(565, 619)	high	no	no_dis	N	dif	vert	up	True	818417	819334	up	1	3	33
14	zjj	m	18	1	90	circle	red	(565, 619)	high	dis	(533, 540)	N	dif	vert	up	True	820375	821110	up	1	3	34
14	zjj	m	18	1	90	diamond	green	(565, 460)	low	no	no_dis	N	dif	vert	up	True	822281	823391	up	1	3	35
14	zjj	m	18	1	90	diamond	red	(565, 619)	high	dis	(565, 460)	N	dif	vert	up	True	824530	825718	up	1	3	36
14	zjj	m	18	1	90	circle	green	(565, 619)	high	dis	(757, 540)	N	same	hori	left	True	826940	828446	left	1	3	37
14	zjj	m	18	1	90	diamond	green	(565, 619)	high	no	no_dis	N	same	hori	left	True	829680	830543	left	1	3	38
14	zjj	m	18	1	90	circle	red	(565, 619)	high	dis	(645, 428)	N	dif	hori	left	True	831555	832470	left	1	3	39
14	zjj	m	18	1	90	circle	green	(565, 619)	high	dis	(533, 540)	N	same	vert	up	True	833639	835142	up	1	3	40
14	zjj	m	18	1	90	diamond	red	(565, 619)	high	dis	(724, 619)	N	same	hori	left	True	836373	837598	left	1	3	41
14	zjj	m	18	1	90	circle	red	(565, 619)	high	dis	(724, 460)	N	dif	vert	up	True	838838	839614	up	1	3	42
14	zjj	m	18	1	90	circle	green	(565, 619)	high	dis	(565, 460)	N	dif	hori	left	True	840861	841638	left	1	3	43
14	zjj	m	18	1	90	circle	green	(565, 619)	high	no	no_dis	N	dif	vert	up	True	842661	843758	left	0	3	44
14	zjj	m	18	1	90	diamond	red	(565, 619)	high	dis	(724, 619)	N	dif	vert	up	True	846471	847950	up	1	3	45
14	zjj	m	18	1	90	diamond	red	(565, 619)	high	no	no_dis	N	dif	vert	up	True	849178	850150	up	1	3	46
14	zjj	m	18	1	90	diamond	green	(565, 619)	high	no	no_dis	N	same	vert	up	True	851309	852870	up	1	3	47
14	zjj	m	18	1	90	diamond	green	(565, 619)	high	no	no_dis	N	same	hori	left	True	853934	854902	left	1	3	48
14	zjj	m	18	1	90	circle	red	(565, 619)	high	dis	(533, 540)	N	same	hori	left	True	856155	857358	left	1	3	49
14	zjj	m	18	1	90	circle	red	(565, 619)	high	dis	(565, 460)	N	same	hori	left	True	858392	859382	left	1	3	50
14	zjj	m	18	1	90	diamond	red	(565, 619)	high	dis	(533, 540)	N	dif	vert	up	True	860435	861879	up	1	3	51
14	zjj	m	18	1	90	diamond	green	(565, 619)	high	no	no_dis	N	same	hori	left	True	862932	864294	left	1	3	52
14	zjj	m	18	1	90	circle	green	(565, 619)	high	dis	(757, 540)	N	same	vert	up	True	865481	866758	up	1	3	53
14	zjj	m	18	1	90	circle	green	(565, 619)	high	dis	(757, 540)	N	same	vert	up	True	867954	868774	up	1	3	54
14	zjj	m	18	1	90	circle	red	(565, 619)	high	no	no_dis	N	same	vert	up	True	869944	871189	up	1	3	55
14	zjj	m	18	1	90	diamond	red	(565, 619)	high	no	no_dis	N	same	vert	up	True	872257	873422	up	1	3	56
14	zjj	m	18	1	90	diamond	green	(565, 619)	high	no	no_dis	N	dif	vert	up	True	874518	875590	up	1	3	57
14	zjj	m	18	1	90	circle	red	(565, 619)	high	dis	(757, 540)	N	dif	vert	up	True	876764	878006	up	1	3	58
14	zjj	m	18	1	90	circle	green	(565, 619)	high	no	no_dis	N	dif	hori	left	True	879063	880430	left	1	3	59
14	zjj	m	18	1	90	circle	red	(565, 619)	high	dis	(724, 619)	N	same	vert	up	True	881464	882933	up	1	3	60
14	zjj	m	18	1	90	diamond	green	(565, 619)	high	no	no_dis	N	same	vert	up	True	884181	885182	up	1	3	61
14	zjj	m	18	1	90	diamond	green	(565, 619)	high	dis	(565, 460)	N	same	hori	left	True	886356	887718	left	1	3	62
14	zjj	m	18	1	90	circle	green	(565, 619)	high	dis	(724, 460)	N	same	vert	up	True	888930	891198	up	1	3	63
14	zjj	m	18	1	90	diamond	red	(565, 619)	high	dis	(645, 652)	N	dif	hori	left	True	892396	893758	left	1	3	64
14	zjj	m	18	1	90	circle	red	(565, 619)	high	dis	(724, 619)	N	same	vert	up	True	894820	897294	up	1	3	65
14	zjj	m	18	1	90	diamond	green	(565, 619)	high	dis	(645, 428)	N	dif	hori	left	True	898451	900494	left	1	3	66
14	zjj	m	18	1	90	diamond	red	(565, 619)	high	dis	(645, 652)	N	dif	vert	up	True	901729	902878	up	1	3	67
14	zjj	m	18	1	90	diamond	green	(565, 619)	high	dis	(565, 460)	N	same	hori	left	True	904036	905590	left	1	3	68
14	zjj	m	18	1	90	circle	green	(565, 619)	high	dis	(533, 540)	N	same	hori	left	True	906610	908398	left	1	3	69
14	zjj	m	18	1	90	diamond	red	(565, 619)	high	dis	(533, 540)	N	same	vert	up	True	909565	911038	up	1	3	70
14	zjj	m	18	1	90	diamond	green	(565, 619)	high	dis	(565, 460)	N	dif	hori	left	True	912229	913582	left	1	3	71
14	zjj	m	18	1	90	diamond	green	(565, 619)	high	dis	(645, 428)	N	same	hori	left	True	914661	915622	left	1	3	72
14	zjj	m	18	1	90	circle	green	(565, 619)	high	dis	(757, 540)	N	same	hori	left	True	916661	918030	left	1	3	73
14	zjj	m	18	1	90	circle	red	(565, 619)	high	no	no_dis	N	same	hori	left	True	919093	919965	left	1	3	74
14	zjj	m	18	1	90	diamond	green	(565, 460)	low	dis	(565, 619)	Y	dif	vert	up	True	921215	922174	left	0	3	75
14	zjj	m	18	1	90	circle	green	(565, 619)	high	no	no_dis	N	dif	hori	left	True	924794	926061	left	1	3	76
14	zjj	m	18	1	90	diamond	green	(565, 619)	high	no	no_dis	N	same	vert	up	True	927175	928662	up	1	3	77
14	zjj	m	18	1	90	circle	green	(565, 619)	high	dis	(757, 540)	N	same	vert	up	True	929792	931013	up	1	3	78
14	zjj	m	18	1	90	circle	red	(757, 540)	low	dis	(565, 619)	Y	same	vert	up	True	932209	933422	up	1	3	79
14	zjj	m	18	1	90	diamond	green	(565, 619)	high	no	no_dis	N	dif	vert	up	True	934601	936454	up	1	3	80
14	zjj	m	18	1	90	circle	red	(565, 619)	high	dis	(645, 652)	N	same	hori	left	True	937675	939133	left	1	3	81
14	zjj	m	18	1	90	diamond	green	(565, 619)	high	dis	(757, 540)	N	same	hori	left	True	940324	941974	left	1	3	82
14	zjj	m	18	1	90	circle	red	(565, 619)	high	no	no_dis	N	dif	vert	up	True	943075	944822	up	1	3	83
14	zjj	m	18	1	90	circle	green	(645, 652)	low	dis	(565, 619)	Y	same	hori	left	True	945860	947998	left	1	3	84
14	zjj	m	18	1	90	diamond	red	(565, 619)	high	dis	(757, 540)	N	same	vert	up	True	949054	950726	up	1	3	85
14	zjj	m	18	1	90	circle	red	(565, 619)	high	dis	(757, 540)	N	dif	vert	up	True	951945	953038	up	1	3	86
14	zjj	m	18	1	90	diamond	red	(565, 619)	high	dis	(724, 460)	N	same	vert	up	True	954071	955374	up	1	3	87
14	zjj	m	18	1	90	circle	green	(565, 619)	high	no	no_dis	N	same	vert	up	True	956395	957191	up	1	3	88
14	zjj	m	18	1	90	circle	green	(724, 460)	low	dis	(565, 619)	Y	same	vert	up	True	958263	959678	up	1	3	89
14	zjj	m	18	1	90	circle	green	(724, 619)	low	no	no_dis	N	dif	hori	left	True	960797	962326	left	1	3	90
14	zjj	m	18	1	90	circle	green	(565, 619)	high	dis	(645, 428)	N	same	vert	up	True	963554	964638	up	1	3	91
14	zjj	m	18	1	90	circle	green	(565, 619)	high	dis	(757, 540)	N	same	hori	left	True	965890	966797	left	1	3	92
14	zjj	m	18	1	90	circle	red	(565, 619)	high	no	no_dis	N	dif	hori	left	True	967825	968702	left	1	3	93
14	zjj	m	18	1	90	circle	red	(565, 619)	high	dis	(533, 540)	N	same	vert	up	True	969760	970886	up	1	3	94
14	zjj	m	18	1	90	circle	green	(565, 619)	high	no	no_dis	N	dif	hori	left	True	972011	972894	left	1	3	95
14	zjj	m	18	1	90	circle	red	(565, 619)	high	dis	(533, 540)	N	dif	hori	left	True	973972	974702	left	1	3	96
14	zjj	m	18	1	90	diamond	red	(565, 619)	high	dis	(645, 652)	N	same	vert	up	True	975891	978750	up	1	3	97
14	zjj	m	18	1	90	diamond	red	(565, 619)	high	no	no_dis	N	dif	hori	left	True	979763	980790	left	1	3	98
14	zjj	m	18	1	90	circle	green	(565, 619)	high	dis	(724, 460)	N	dif	vert	up	True	981836	983862	up	1	3	99
14	zjj	m	18	1	90	circle	green	(565, 619)	high	dis	(645, 652)	N	dif	hori	left	True	985035	987342	left	1	3	100
14	zjj	m	18	1	90	circle	green	(565, 619)	high	no	no_dis	N	dif	hori	left	True	988546	989694	left	1	3	101
14	zjj	m	18	1	90	diamond	green	(645, 428)	low	dis	(565, 619)	Y	dif	hori	left	True	990869	992565	left	1	3	102
14	zjj	m	18	1	90	circle	red	(565, 619)	high	no	no_dis	N	same	hori	left	True	993587	994838	left	1	3	103
14	zjj	m	18	1	90	diamond	red	(645, 428)	low	dis	(565, 619)	Y	dif	vert	up	True	995988	997997	up	1	3	104
14	zjj	m	18	1	90	diamond	green	(565, 619)	high	dis	(645, 652)	N	dif	hori	left	True	999094	1001134	left	1	3	105
14	zjj	m	18	1	90	diamond	red	(565, 619)	high	dis	(645, 652)	N	same	vert	up	True	1002220	1004702	left	0	3	106
14	zjj	m	18	1	90	circle	red	(565, 619)	high	no	no_dis	N	same	hori	left	True	1007245	1008389	left	1	3	107
14	zjj	m	18	1	90	diamond	red	(565, 619)	high	no	no_dis	N	same	vert	up	True	1009629	1010990	up	1	3	108
14	zjj	m	18	1	90	diamond	green	(565, 619)	high	dis	(724, 619)	N	dif	vert	up	True	1012231	1013813	up	1	3	109
14	zjj	m	18	1	90	circle	green	(565, 619)	high	dis	(724, 460)	N	dif	hori	left	True	1014948	1016238	left	1	3	110
14	zjj	m	18	1	90	diamond	red	(565, 619)	high	no	no_dis	N	same	hori	left	True	1017450	1018470	left	1	3	111
14	zjj	m	18	1	90	diamond	red	(724, 619)	low	dis	(565, 619)	Y	dif	hori	left	True	1019516	1020734	left	1	3	112
14	zjj	m	18	1	90	diamond	red	(565, 619)	high	dis	(724, 460)	N	same	hori	left	True	1021818	1022878	left	1	3	113
14	zjj	m	18	1	90	circle	red	(645, 652)	low	no	no_dis	N	same	vert	up	True	1024013	1024950	up	1	3	114
14	zjj	m	18	1	90	diamond	green	(565, 619)	high	dis	(645, 428)	N	same	vert	up	True	1026059	1027174	up	1	3	115
14	zjj	m	18	1	90	diamond	green	(565, 619)	high	dis	(565, 460)	N	same	hori	left	True	1028207	1029190	left	1	3	116
14	zjj	m	18	1	90	diamond	green	(565, 619)	high	dis	(645, 652)	N	same	hori	left	True	1030336	1031141	left	1	3	117
14	zjj	m	18	1	90	circle	green	(565, 619)	high	no	no_dis	N	dif	hori	left	True	1032185	1033126	up	0	3	118
14	zjj	m	18	1	90	circle	green	(565, 619)	high	dis	(724, 460)	N	dif	vert	up	True	1035857	1037238	up	1	3	119
14	zjj	m	18	1	90	diamond	red	(565, 619)	high	dis	(724, 619)	N	dif	hori	left	True	1038274	1039742	left	1	3	120
14	zjj	m	18	1	90	circle	red	(757, 540)	low	dis	(565, 619)	Y	same	hori	left	True	1072540	1073718	left	1	4	1
14	zjj	m	18	1	90	diamond	red	(565, 619)	high	dis	(645, 652)	N	same	hori	left	True	1074874	1076118	left	1	4	2
14	zjj	m	18	1	90	circle	red	(565, 619)	high	no	no_dis	N	dif	vert	up	True	1077124	1078118	up	1	4	3
14	zjj	m	18	1	90	circle	red	(565, 619)	high	no	no_dis	N	same	hori	left	True	1079258	1079918	left	1	4	4
14	zjj	m	18	1	90	circle	red	(533, 540)	low	dis	(565, 619)	Y	same	vert	up	True	1081010	1082789	up	1	4	5
14	zjj	m	18	1	90	circle	green	(565, 619)	high	dis	(645, 652)	N	dif	hori	left	True	1083979	1084846	left	1	4	6
14	zjj	m	18	1	90	diamond	red	(565, 619)	high	dis	(724, 460)	N	same	hori	left	True	1086063	1087006	left	1	4	7
14	zjj	m	18	1	90	diamond	green	(565, 619)	high	dis	(757, 540)	N	dif	vert	up	True	1088209	1089989	up	1	4	8
14	zjj	m	18	1	90	diamond	green	(565, 619)	high	dis	(645, 652)	N	same	hori	left	True	1091143	1092405	left	1	4	9
14	zjj	m	18	1	90	diamond	green	(565, 619)	high	dis	(724, 619)	N	dif	hori	left	True	1093434	1094446	left	1	4	10
14	zjj	m	18	1	90	diamond	green	(565, 619)	high	no	no_dis	N	dif	vert	up	True	1095655	1096445	up	1	4	11
14	zjj	m	18	1	90	diamond	green	(565, 619)	high	no	no_dis	N	same	hori	left	True	1097487	1098670	left	1	4	12
14	zjj	m	18	1	90	circle	green	(565, 619)	high	no	no_dis	N	dif	hori	left	True	1099826	1100670	left	1	4	13
14	zjj	m	18	1	90	diamond	red	(565, 619)	high	dis	(724, 619)	N	same	vert	up	True	1101797	1102693	up	1	4	14
14	zjj	m	18	1	90	circle	green	(565, 619)	high	dis	(724, 460)	N	dif	hori	left	True	1103755	1104629	left	1	4	15
14	zjj	m	18	1	90	circle	green	(565, 619)	high	dis	(645, 652)	N	same	vert	up	True	1105648	1106613	up	1	4	16
14	zjj	m	18	1	90	diamond	red	(645, 428)	low	dis	(565, 619)	Y	dif	vert	up	True	1107725	1109606	up	1	4	17
14	zjj	m	18	1	90	diamond	green	(565, 619)	high	dis	(645, 652)	N	same	hori	left	True	1110665	1111758	left	1	4	18
14	zjj	m	18	1	90	circle	green	(565, 619)	high	dis	(533, 540)	N	dif	hori	left	True	1112805	1114006	left	1	4	19
14	zjj	m	18	1	90	diamond	red	(565, 619)	high	no	no_dis	N	dif	hori	left	True	1115131	1116125	left	1	4	20
14	zjj	m	18	1	90	circle	red	(565, 619)	high	dis	(724, 619)	N	same	hori	left	True	1117136	1118166	left	1	4	21
14	zjj	m	18	1	90	diamond	green	(565, 619)	high	dis	(724, 460)	N	same	hori	left	True	1119351	1120510	left	1	4	22
14	zjj	m	18	1	90	circle	green	(565, 619)	high	no	no_dis	N	dif	vert	up	True	1121622	1122678	up	1	4	23
14	zjj	m	18	1	90	diamond	green	(565, 619)	high	dis	(565, 460)	N	same	hori	left	True	1123756	1125206	left	1	4	24
14	zjj	m	18	1	90	circle	green	(565, 619)	high	dis	(645, 428)	N	dif	vert	up	True	1126367	1127446	up	1	4	25
14	zjj	m	18	1	90	circle	green	(565, 619)	high	no	no_dis	N	dif	hori	left	True	1128485	1129470	left	1	4	26
14	zjj	m	18	1	90	diamond	red	(565, 619)	high	no	no_dis	N	dif	vert	up	True	1130582	1131726	up	1	4	27
14	zjj	m	18	1	90	circle	red	(565, 619)	high	no	no_dis	N	dif	hori	left	True	1132834	1134374	left	1	4	28
14	zjj	m	18	1	90	circle	green	(565, 619)	high	dis	(645, 652)	N	dif	hori	left	True	1135561	1136534	left	1	4	29
14	zjj	m	18	1	90	circle	green	(565, 619)	high	no	no_dis	N	dif	vert	up	True	1137724	1138766	up	1	4	30
14	zjj	m	18	1	90	circle	red	(565, 619)	high	no	no_dis	N	same	vert	up	True	1139931	1140877	up	1	4	31
14	zjj	m	18	1	90	diamond	red	(565, 619)	high	no	no_dis	N	same	vert	up	True	1141946	1142941	up	1	4	32
14	zjj	m	18	1	90	circle	red	(565, 619)	high	no	no_dis	N	dif	hori	left	True	1144036	1144742	left	1	4	33
14	zjj	m	18	1	90	diamond	green	(565, 619)	high	dis	(645, 652)	N	dif	vert	up	True	1145837	1146614	up	1	4	34
14	zjj	m	18	1	90	diamond	green	(565, 619)	high	no	no_dis	N	same	hori	left	True	1147629	1148709	left	1	4	35
14	zjj	m	18	1	90	circle	red	(565, 619)	high	no	no_dis	N	dif	hori	left	True	1149897	1151446	left	1	4	36
14	zjj	m	18	1	90	diamond	green	(565, 460)	low	dis	(565, 619)	Y	dif	vert	up	True	1152666	1154333	up	1	4	37
14	zjj	m	18	1	90	circle	red	(565, 619)	high	dis	(724, 460)	N	same	hori	left	True	1155473	1156397	left	1	4	38
14	zjj	m	18	1	90	circle	green	(565, 619)	high	dis	(645, 652)	N	dif	vert	up	True	1157523	1158557	up	1	4	39
14	zjj	m	18	1	90	circle	red	(565, 619)	high	no	no_dis	N	same	hori	left	True	1159678	1161333	left	1	4	40
14	zjj	m	18	1	90	diamond	red	(565, 619)	high	no	no_dis	N	dif	vert	up	True	1162437	1163445	up	1	4	41
14	zjj	m	18	1	90	diamond	red	(565, 619)	high	dis	(533, 540)	N	same	hori	left	True	1164633	1165590	left	1	4	42
14	zjj	m	18	1	90	diamond	red	(565, 619)	high	dis	(757, 540)	N	dif	hori	left	True	1166833	1167781	left	1	4	43
14	zjj	m	18	1	90	circle	green	(565, 619)	high	dis	(757, 540)	N	dif	vert	up	True	1168846	1170182	up	1	4	44
14	zjj	m	18	1	90	circle	green	(565, 619)	high	no	no_dis	N	same	hori	left	True	1171371	1172174	left	1	4	45
14	zjj	m	18	1	90	circle	green	(565, 619)	high	no	no_dis	N	dif	hori	left	True	1173383	1174166	left	1	4	46
14	zjj	m	18	1	90	circle	red	(565, 619)	high	dis	(724, 619)	N	dif	hori	left	True	1175223	1176013	left	1	4	47
14	zjj	m	18	1	90	diamond	green	(565, 619)	high	no	no_dis	N	same	vert	up	True	1177085	1177918	up	1	4	48
14	zjj	m	18	1	90	diamond	red	(565, 619)	high	dis	(757, 540)	N	same	vert	up	True	1179140	1179998	up	1	4	49
14	zjj	m	18	1	90	diamond	red	(565, 619)	high	dis	(533, 540)	N	dif	vert	up	True	1181227	1182397	up	1	4	50
14	zjj	m	18	1	90	diamond	green	(565, 619)	high	dis	(565, 460)	N	same	hori	left	True	1183631	1184518	left	1	4	51
14	zjj	m	18	1	90	circle	red	(565, 619)	high	dis	(533, 540)	N	same	hori	left	True	1185676	1187654	left	1	4	52
14	zjj	m	18	1	90	diamond	red	(565, 619)	high	no	no_dis	N	same	vert	up	True	1188762	1189614	up	1	4	53
14	zjj	m	18	1	90	circle	green	(565, 619)	high	dis	(565, 460)	N	same	vert	up	True	1190756	1192245	up	1	4	54
14	zjj	m	18	1	90	diamond	green	(565, 619)	high	dis	(757, 540)	N	dif	hori	left	True	1193398	1195245	left	1	4	55
14	zjj	m	18	1	90	circle	red	(565, 619)	high	dis	(724, 619)	N	same	vert	up	True	1196257	1197485	up	1	4	56
14	zjj	m	18	1	90	circle	green	(565, 619)	high	dis	(724, 619)	N	same	hori	left	True	1198667	1199837	left	1	4	57
14	zjj	m	18	1	90	circle	green	(565, 619)	high	no	no_dis	N	same	vert	up	True	1201040	1202101	up	1	4	58
14	zjj	m	18	1	90	circle	red	(565, 619)	high	dis	(724, 460)	N	same	hori	left	True	1203119	1204814	left	1	4	59
14	zjj	m	18	1	90	circle	red	(565, 619)	high	dis	(533, 540)	N	same	vert	up	True	1206012	1207118	up	1	4	60
14	zjj	m	18	1	90	circle	green	(757, 540)	low	no	no_dis	N	same	vert	up	True	1208330	1209581	up	1	4	61
14	zjj	m	18	1	90	circle	green	(565, 619)	high	dis	(645, 428)	N	dif	vert	up	True	1210634	1211725	up	1	4	62
14	zjj	m	18	1	90	circle	red	(565, 619)	high	dis	(724, 619)	N	same	vert	up	True	1212881	1214582	up	1	4	63
14	zjj	m	18	1	90	circle	red	(565, 619)	high	dis	(645, 652)	N	dif	vert	up	True	1215586	1216485	up	1	4	64
14	zjj	m	18	1	90	circle	red	(565, 619)	high	dis	(533, 540)	N	same	vert	up	True	1217536	1218765	up	1	4	65
14	zjj	m	18	1	90	diamond	green	(565, 619)	high	dis	(645, 428)	N	dif	vert	up	True	1219794	1220853	up	1	4	66
14	zjj	m	18	1	90	diamond	red	(565, 619)	high	no	no_dis	N	same	vert	up	True	1222059	1223189	up	1	4	67
14	zjj	m	18	1	90	circle	red	(565, 619)	high	no	no_dis	N	same	hori	left	True	1224301	1225789	left	1	4	68
14	zjj	m	18	1	90	circle	green	(565, 619)	high	dis	(724, 460)	N	same	vert	up	True	1227015	1228581	up	1	4	69
14	zjj	m	18	1	90	diamond	red	(565, 619)	high	no	no_dis	N	dif	hori	left	True	1229772	1231070	left	1	4	70
14	zjj	m	18	1	90	diamond	red	(724, 619)	low	dis	(565, 619)	Y	same	hori	left	True	1232166	1233358	left	1	4	71
14	zjj	m	18	1	90	diamond	red	(565, 619)	high	dis	(565, 460)	N	dif	hori	left	True	1234469	1236613	left	1	4	72
14	zjj	m	18	1	90	diamond	green	(565, 619)	high	no	no_dis	N	same	vert	up	True	1237866	1238829	up	1	4	73
14	zjj	m	18	1	90	diamond	green	(565, 619)	high	dis	(724, 460)	N	dif	hori	left	True	1239860	1241373	left	1	4	74
14	zjj	m	18	1	90	diamond	red	(565, 619)	high	no	no_dis	N	dif	vert	up	True	1242458	1243357	up	1	4	75
14	zjj	m	18	1	90	diamond	red	(565, 619)	high	dis	(565, 460)	N	same	vert	up	True	1244427	1245686	up	1	4	76
14	zjj	m	18	1	90	diamond	green	(565, 619)	high	dis	(645, 428)	N	same	hori	left	True	1246905	1247694	left	1	4	77
14	zjj	m	18	1	90	diamond	green	(724, 460)	low	dis	(565, 619)	Y	dif	hori	left	True	1248730	1249557	left	1	4	78
14	zjj	m	18	1	90	circle	red	(565, 619)	high	dis	(724, 619)	N	dif	hori	left	True	1250809	1253021	left	1	4	79
14	zjj	m	18	1	90	circle	green	(565, 619)	high	dis	(645, 428)	N	dif	hori	left	True	1254199	1255373	up	0	4	80
14	zjj	m	18	1	90	diamond	green	(565, 619)	high	no	no_dis	N	same	vert	up	True	1257945	1258789	up	1	4	81
14	zjj	m	18	1	90	diamond	red	(565, 619)	high	no	no_dis	N	same	hori	left	True	1260027	1260893	left	1	4	82
14	zjj	m	18	1	90	circle	green	(565, 619)	high	dis	(645, 428)	N	same	vert	up	True	1262075	1263621	up	1	4	83
14	zjj	m	18	1	90	circle	red	(565, 619)	high	dis	(533, 540)	N	same	vert	up	True	1264818	1266006	up	1	4	84
14	zjj	m	18	1	90	circle	green	(565, 619)	high	dis	(565, 460)	N	dif	hori	left	True	1267219	1268109	left	1	4	85
14	zjj	m	18	1	90	circle	green	(565, 619)	high	dis	(645, 428)	N	dif	vert	up	True	1269271	1270133	up	1	4	86
14	zjj	m	18	1	90	diamond	red	(724, 619)	low	no	no_dis	N	same	hori	left	True	1271353	1272493	left	1	4	87
14	zjj	m	18	1	90	diamond	red	(565, 619)	high	dis	(724, 460)	N	dif	vert	up	True	1273600	1276005	up	1	4	88
14	zjj	m	18	1	90	circle	green	(565, 619)	high	dis	(533, 540)	N	dif	vert	up	True	1277146	1278918	up	1	4	89
14	zjj	m	18	1	90	diamond	red	(565, 619)	high	dis	(565, 460)	N	same	hori	left	True	1280104	1282141	left	1	4	90
14	zjj	m	18	1	90	diamond	green	(565, 619)	high	dis	(533, 540)	N	dif	hori	left	True	1283394	1284837	left	1	4	91
14	zjj	m	18	1	90	circle	red	(565, 619)	high	dis	(533, 540)	N	dif	hori	left	True	1286070	1287318	left	1	4	92
14	zjj	m	18	1	90	diamond	green	(565, 619)	high	no	no_dis	N	same	hori	left	True	1288524	1289693	left	1	4	93
14	zjj	m	18	1	90	circle	red	(565, 619)	high	dis	(565, 460)	N	dif	hori	left	True	1290805	1292877	left	1	4	94
14	zjj	m	18	1	90	diamond	green	(565, 619)	high	no	no_dis	N	dif	vert	up	True	1293931	1295133	up	1	4	95
14	zjj	m	18	1	90	circle	green	(645, 652)	low	dis	(565, 619)	Y	same	vert	up	True	1296208	1297693	up	1	4	96
14	zjj	m	18	1	90	diamond	green	(565, 619)	high	dis	(757, 540)	N	same	vert	up	True	1298900	1301125	left	0	4	97
14	zjj	m	18	1	90	diamond	green	(565, 619)	high	dis	(724, 460)	N	same	hori	left	True	1303806	1305437	left	1	4	98
14	zjj	m	18	1	90	diamond	red	(565, 619)	high	dis	(565, 460)	N	dif	hori	left	True	1306554	1307725	left	1	4	99
14	zjj	m	18	1	90	circle	red	(565, 619)	high	dis	(757, 540)	N	dif	vert	up	True	1308822	1309901	up	1	4	100
14	zjj	m	18	1	90	diamond	red	(565, 619)	high	dis	(724, 619)	N	dif	hori	left	True	1311008	1312494	left	1	4	101
14	zjj	m	18	1	90	diamond	red	(565, 619)	high	dis	(565, 460)	N	dif	vert	up	True	1313512	1314965	up	1	4	102
14	zjj	m	18	1	90	diamond	green	(565, 619)	high	dis	(724, 460)	N	dif	vert	up	True	1316029	1317853	up	1	4	103
14	zjj	m	18	1	90	diamond	green	(565, 619)	high	dis	(757, 540)	N	same	hori	left	True	1318967	1320110	left	1	4	104
14	zjj	m	18	1	90	circle	red	(565, 619)	high	dis	(645, 428)	N	same	vert	up	True	1321247	1322813	up	1	4	105
14	zjj	m	18	1	90	circle	red	(565, 619)	high	dis	(565, 460)	N	dif	vert	up	True	1324008	1325973	up	1	4	106
14	zjj	m	18	1	90	diamond	red	(565, 619)	high	dis	(645, 652)	N	same	vert	up	True	1327109	1329253	up	1	4	107
14	zjj	m	18	1	90	diamond	green	(565, 619)	high	dis	(757, 540)	N	same	hori	left	True	1330478	1331461	left	1	4	108
14	zjj	m	18	1	90	diamond	red	(565, 619)	high	dis	(724, 619)	N	dif	vert	up	True	1332705	1334509	up	1	4	109
14	zjj	m	18	1	90	circle	green	(724, 460)	low	dis	(565, 619)	Y	dif	hori	left	True	1335675	1336813	left	1	4	110
14	zjj	m	18	1	90	diamond	red	(565, 619)	high	dis	(645, 428)	N	same	vert	up	True	1337907	1339317	up	1	4	111
14	zjj	m	18	1	90	circle	green	(565, 619)	high	dis	(645, 428)	N	same	vert	up	True	1340349	1341277	up	1	4	112
14	zjj	m	18	1	90	circle	red	(565, 619)	high	no	no_dis	N	dif	hori	left	True	1342337	1343165	left	1	4	113
14	zjj	m	18	1	90	diamond	green	(724, 460)	low	no	no_dis	N	dif	hori	left	True	1344301	1345341	left	1	4	114
14	zjj	m	18	1	90	diamond	green	(565, 619)	high	no	no_dis	N	same	hori	left	True	1346366	1347173	left	1	4	115
14	zjj	m	18	1	90	circle	green	(565, 619)	high	no	no_dis	N	dif	vert	up	True	1348227	1349061	up	1	4	116
14	zjj	m	18	1	90	circle	red	(645, 652)	low	no	no_dis	N	dif	vert	up	True	1350221	1350910	up	1	4	117
14	zjj	m	18	1	90	diamond	red	(565, 619)	high	dis	(757, 540)	N	same	vert	up	True	1352047	1353844	up	1	4	118
14	zjj	m	18	1	90	circle	red	(565, 619)	high	dis	(724, 460)	N	dif	vert	up	True	1355024	1356381	up	1	4	119
14	zjj	m	18	1	90	circle	green	(565, 619)	high	no	no_dis	N	same	vert	up	True	1357467	1358277	up	1	4	120
14	zjj	m	18	1	90	circle	green	(565, 619)	high	dis	(565, 460)	N	same	hori	left	True	1392460	1393773	left	1	5	1
14	zjj	m	18	1	90	diamond	green	(565, 619)	high	no	no_dis	N	same	hori	left	True	1394847	1396397	left	1	5	2
14	zjj	m	18	1	90	circle	green	(565, 619)	high	dis	(645, 652)	N	dif	hori	left	True	1397634	1398652	left	1	5	3
14	zjj	m	18	1	90	circle	red	(565, 619)	high	no	no_dis	N	same	vert	up	True	1399863	1400677	up	1	5	4
14	zjj	m	18	1	90	diamond	red	(565, 619)	high	dis	(724, 619)	N	dif	vert	up	True	1401873	1403325	up	1	5	5
14	zjj	m	18	1	90	circle	green	(565, 619)	high	dis	(565, 460)	N	same	hori	left	True	1404337	1405533	left	1	5	6
14	zjj	m	18	1	90	diamond	green	(565, 460)	low	dis	(565, 619)	Y	dif	hori	left	True	1406676	1408693	left	1	5	7
14	zjj	m	18	1	90	diamond	green	(757, 540)	low	dis	(565, 619)	Y	same	hori	left	True	1409805	1410693	left	1	5	8
14	zjj	m	18	1	90	circle	red	(565, 619)	high	dis	(724, 460)	N	dif	vert	up	True	1411945	1413276	up	1	5	9
14	zjj	m	18	1	90	circle	red	(565, 619)	high	dis	(565, 460)	N	dif	vert	up	True	1414399	1415189	up	1	5	10
14	zjj	m	18	1	90	diamond	red	(724, 619)	low	dis	(565, 619)	Y	dif	hori	left	True	1416328	1418053	left	1	5	11
14	zjj	m	18	1	90	diamond	red	(565, 619)	high	dis	(645, 428)	N	dif	hori	left	True	1419249	1420341	left	1	5	12
14	zjj	m	18	1	90	circle	green	(565, 619)	high	dis	(645, 652)	N	same	vert	up	True	1421456	1422588	up	1	5	13
14	zjj	m	18	1	90	circle	red	(565, 619)	high	dis	(724, 619)	N	dif	hori	left	True	1423786	1424933	left	1	5	14
14	zjj	m	18	1	90	circle	green	(565, 619)	high	no	no_dis	N	same	vert	up	True	1426064	1426989	up	1	5	15
14	zjj	m	18	1	90	diamond	red	(565, 619)	high	dis	(645, 428)	N	same	vert	up	True	1428092	1429141	up	1	5	16
14	zjj	m	18	1	90	diamond	green	(565, 619)	high	dis	(645, 428)	N	same	vert	up	True	1430345	1431253	up	1	5	17
14	zjj	m	18	1	90	diamond	green	(565, 619)	high	dis	(724, 619)	N	same	vert	up	True	1432366	1433349	up	1	5	18
14	zjj	m	18	1	90	circle	red	(565, 619)	high	dis	(645, 428)	N	same	vert	up	True	1434523	1435788	up	1	5	19
14	zjj	m	18	1	90	circle	red	(565, 619)	high	no	no_dis	N	same	vert	up	True	1437023	1438133	up	1	5	20
14	zjj	m	18	1	90	circle	red	(565, 619)	high	dis	(565, 460)	N	same	hori	left	True	1439340	1440437	left	1	5	21
14	zjj	m	18	1	90	circle	red	(565, 619)	high	no	no_dis	N	dif	hori	left	True	1441498	1442244	left	1	5	22
14	zjj	m	18	1	90	diamond	red	(565, 619)	high	no	no_dis	N	dif	hori	left	True	1443383	1444085	left	1	5	23
14	zjj	m	18	1	90	circle	green	(565, 619)	high	no	no_dis	N	dif	hori	left	True	1445194	1446173	left	1	5	24
14	zjj	m	18	1	90	circle	red	(565, 619)	high	no	no_dis	N	dif	vert	up	True	1447232	1448108	up	1	5	25
14	zjj	m	18	1	90	diamond	green	(565, 619)	high	dis	(724, 619)	N	dif	hori	left	True	1449276	1451205	left	1	5	26
14	zjj	m	18	1	90	diamond	red	(565, 619)	high	dis	(645, 652)	N	dif	hori	left	True	1452334	1453381	left	1	5	27
14	zjj	m	18	1	90	circle	green	(565, 619)	high	no	no_dis	N	dif	hori	left	True	1454535	1455572	left	1	5	28
14	zjj	m	18	1	90	circle	green	(724, 619)	low	no	no_dis	N	same	vert	up	True	1456761	1457701	up	1	5	29
14	zjj	m	18	1	90	diamond	red	(565, 619)	high	dis	(757, 540)	N	dif	vert	up	True	1458786	1459845	left	0	5	30
14	zjj	m	18	1	90	diamond	green	(565, 619)	high	dis	(724, 460)	N	same	hori	left	True	1462466	1463541	left	1	5	31
14	zjj	m	18	1	90	diamond	green	(565, 619)	high	no	no_dis	N	same	vert	up	True	1464612	1465669	up	1	5	32
14	zjj	m	18	1	90	circle	red	(565, 619)	high	no	no_dis	N	dif	vert	up	True	1466879	1467845	up	1	5	33
14	zjj	m	18	1	90	diamond	red	(565, 619)	high	no	no_dis	N	dif	hori	left	True	1468885	1469773	left	1	5	34
14	zjj	m	18	1	90	circle	red	(565, 619)	high	no	no_dis	N	same	hori	left	True	1470879	1471676	left	1	5	35
14	zjj	m	18	1	90	diamond	red	(565, 619)	high	dis	(645, 652)	N	dif	vert	up	True	1472792	1473765	up	1	5	36
14	zjj	m	18	1	90	circle	green	(565, 619)	high	dis	(724, 619)	N	same	hori	left	True	1474979	1476052	left	1	5	37
14	zjj	m	18	1	90	diamond	green	(565, 619)	high	no	no_dis	N	same	hori	left	True	1477157	1477980	left	1	5	38
14	zjj	m	18	1	90	diamond	red	(565, 619)	high	dis	(724, 619)	N	same	hori	left	True	1479125	1479908	left	1	5	39
14	zjj	m	18	1	90	circle	red	(565, 619)	high	dis	(645, 428)	N	same	hori	left	True	1481052	1483133	left	1	5	40
14	zjj	m	18	1	90	circle	green	(565, 619)	high	dis	(757, 540)	N	same	vert	up	True	1484333	1485716	up	1	5	41
14	zjj	m	18	1	90	circle	red	(533, 540)	low	dis	(565, 619)	Y	same	vert	up	True	1486770	1488277	up	1	5	42
14	zjj	m	18	1	90	diamond	red	(645, 428)	low	dis	(565, 619)	Y	dif	vert	up	True	1489294	1490869	up	1	5	43
14	zjj	m	18	1	90	circle	green	(565, 619)	high	dis	(533, 540)	N	same	hori	left	True	1492033	1493453	left	1	5	44
14	zjj	m	18	1	90	circle	red	(565, 619)	high	dis	(533, 540)	N	dif	vert	up	True	1494691	1496260	up	1	5	45
14	zjj	m	18	1	90	diamond	green	(565, 619)	high	no	no_dis	N	same	vert	up	True	1497392	1499445	left	0	5	46
14	zjj	m	18	1	90	diamond	green	(757, 540)	low	no	no_dis	N	dif	vert	up	True	1502187	1503101	up	1	5	47
14	zjj	m	18	1	90	diamond	red	(565, 619)	high	no	no_dis	N	dif	hori	left	True	1504233	1505237	left	1	5	48
14	zjj	m	18	1	90	circle	red	(565, 619)	high	dis	(565, 460)	N	dif	vert	up	True	1506422	1507965	up	1	5	49
14	zjj	m	18	1	90	diamond	green	(565, 619)	high	dis	(645, 428)	N	dif	hori	left	True	1509147	1510469	left	1	5	50
14	zjj	m	18	1	90	diamond	green	(565, 619)	high	no	no_dis	N	dif	vert	up	True	1511706	1513389	up	1	5	51
14	zjj	m	18	1	90	diamond	red	(565, 619)	high	dis	(645, 652)	N	dif	vert	up	True	1514619	1516253	up	1	5	52
14	zjj	m	18	1	90	circle	red	(565, 619)	high	dis	(645, 652)	N	same	hori	left	True	1517461	1518756	left	1	5	53
14	zjj	m	18	1	90	circle	red	(565, 619)	high	no	no_dis	N	same	hori	left	True	1520009	1520940	left	1	5	54
14	zjj	m	18	1	90	circle	red	(645, 652)	low	no	no_dis	N	same	hori	left	True	1522042	1522933	left	1	5	55
14	zjj	m	18	1	90	circle	green	(565, 619)	high	no	no_dis	N	same	vert	up	True	1524127	1524853	up	1	5	56
14	zjj	m	18	1	90	diamond	red	(565, 619)	high	no	no_dis	N	dif	hori	left	True	1526095	1527125	left	1	5	57
14	zjj	m	18	1	90	circle	green	(565, 619)	high	dis	(533, 540)	N	dif	vert	up	True	1528299	1529349	up	1	5	58
14	zjj	m	18	1	90	diamond	red	(565, 619)	high	no	no_dis	N	dif	hori	left	True	1530552	1532389	left	1	5	59
14	zjj	m	18	1	90	diamond	green	(565, 619)	high	no	no_dis	N	dif	vert	up	True	1533575	1534940	up	1	5	60
14	zjj	m	18	1	90	diamond	red	(565, 619)	high	no	no_dis	N	dif	vert	up	True	1536148	1537285	up	1	5	61
14	zjj	m	18	1	90	diamond	red	(565, 619)	high	dis	(757, 540)	N	dif	hori	left	True	1538386	1540093	left	1	5	62
14	zjj	m	18	1	90	diamond	red	(565, 619)	high	dis	(533, 540)	N	dif	vert	up	True	1541225	1542732	up	1	5	63
14	zjj	m	18	1	90	circle	green	(724, 460)	low	dis	(565, 619)	Y	same	hori	left	True	1543735	1546293	left	1	5	64
14	zjj	m	18	1	90	diamond	red	(565, 619)	high	dis	(724, 460)	N	dif	hori	left	True	1547466	1548564	left	1	5	65
14	zjj	m	18	1	90	diamond	red	(565, 619)	high	dis	(724, 460)	N	dif	hori	left	True	1549614	1550724	left	1	5	66
14	zjj	m	18	1	90	circle	red	(565, 619)	high	dis	(645, 652)	N	dif	hori	left	True	1551903	1552941	left	1	5	67
14	zjj	m	18	1	90	circle	red	(565, 619)	high	dis	(645, 428)	N	dif	hori	left	True	1554032	1554837	left	1	5	68
14	zjj	m	18	1	90	circle	red	(565, 619)	high	no	no_dis	N	dif	vert	up	True	1555879	1556773	up	1	5	69
14	zjj	m	18	1	90	diamond	green	(565, 619)	high	dis	(565, 460)	N	dif	hori	left	True	1557800	1558885	left	1	5	70
14	zjj	m	18	1	90	circle	green	(565, 619)	high	no	no_dis	N	same	hori	left	True	1560053	1560645	left	1	5	71
14	zjj	m	18	1	90	circle	green	(565, 619)	high	no	no_dis	N	same	vert	up	True	1561833	1562445	up	1	5	72
14	zjj	m	18	1	90	circle	red	(565, 619)	high	no	no_dis	N	dif	vert	up	True	1563583	1564165	up	1	5	73
14	zjj	m	18	1	90	circle	red	(565, 619)	high	dis	(533, 540)	N	dif	vert	up	True	1565299	1566909	up	1	5	74
14	zjj	m	18	1	90	diamond	red	(565, 619)	high	no	no_dis	N	dif	vert	up	True	1568101	1569716	up	1	5	75
14	zjj	m	18	1	90	diamond	green	(565, 619)	high	dis	(724, 619)	N	same	vert	up	True	1570906	1572061	up	1	5	76
14	zjj	m	18	1	90	circle	green	(565, 619)	high	dis	(724, 619)	N	same	hori	left	True	1573233	1573900	left	1	5	77
14	zjj	m	18	1	90	diamond	green	(565, 619)	high	dis	(645, 652)	N	same	hori	left	True	1575117	1576404	left	1	5	78
14	zjj	m	18	1	90	circle	red	(565, 619)	high	dis	(565, 460)	N	dif	hori	left	True	1577596	1579029	left	1	5	79
14	zjj	m	18	1	90	circle	green	(565, 619)	high	dis	(724, 460)	N	same	vert	up	True	1580114	1581676	up	1	5	80
14	zjj	m	18	1	90	circle	green	(565, 619)	high	dis	(533, 540)	N	same	hori	left	True	1582771	1584108	left	1	5	81
14	zjj	m	18	1	90	diamond	green	(565, 619)	high	dis	(724, 619)	N	dif	vert	up	True	1585159	1587461	up	1	5	82
14	zjj	m	18	1	90	diamond	green	(565, 619)	high	no	no_dis	N	dif	vert	up	True	1588686	1590213	up	1	5	83
14	zjj	m	18	1	90	circle	green	(565, 619)	high	dis	(724, 460)	N	same	hori	left	True	1591234	1592805	left	1	5	84
14	zjj	m	18	1	90	diamond	red	(565, 619)	high	dis	(533, 540)	N	same	vert	up	True	1594010	1595628	up	1	5	85
14	zjj	m	18	1	90	circle	red	(565, 619)	high	dis	(757, 540)	N	same	vert	up	True	1596847	1598525	left	0	5	86
14	zjj	m	18	1	90	diamond	green	(565, 619)	high	no	no_dis	N	same	hori	left	True	1601109	1602413	left	1	5	87
14	zjj	m	18	1	90	diamond	green	(565, 619)	high	dis	(724, 460)	N	dif	hori	left	True	1603499	1604973	left	1	5	88
14	zjj	m	18	1	90	circle	green	(645, 652)	low	dis	(565, 619)	Y	dif	vert	up	True	1606101	1607236	up	1	5	89
14	zjj	m	18	1	90	diamond	green	(565, 619)	high	dis	(645, 428)	N	dif	vert	up	True	1608369	1609445	up	1	5	90
14	zjj	m	18	1	90	diamond	red	(565, 619)	high	dis	(724, 619)	N	dif	vert	up	True	1610658	1611436	up	1	5	91
14	zjj	m	18	1	90	circle	red	(757, 540)	low	dis	(565, 619)	Y	same	vert	up	True	1612620	1614052	up	1	5	92
14	zjj	m	18	1	90	diamond	red	(565, 619)	high	dis	(645, 652)	N	same	vert	up	True	1615274	1616308	up	1	5	93
14	zjj	m	18	1	90	circle	red	(565, 619)	high	dis	(724, 460)	N	same	vert	up	True	1617329	1618724	up	1	5	94
14	zjj	m	18	1	90	diamond	green	(565, 619)	high	dis	(565, 460)	N	same	hori	left	True	1619909	1621828	left	1	5	95
14	zjj	m	18	1	90	circle	green	(565, 619)	high	dis	(533, 540)	N	dif	vert	up	True	1622863	1624325	up	1	5	96
14	zjj	m	18	1	90	circle	green	(565, 619)	high	no	no_dis	N	dif	hori	left	True	1625345	1626540	left	1	5	97
14	zjj	m	18	1	90	circle	green	(565, 619)	high	dis	(645, 428)	N	dif	vert	up	True	1627781	1628877	up	1	5	98
14	zjj	m	18	1	90	circle	green	(565, 619)	high	dis	(565, 460)	N	same	hori	left	True	1629937	1630901	left	1	5	99
14	zjj	m	18	1	90	diamond	red	(565, 619)	high	no	no_dis	N	same	vert	up	True	1632058	1633365	up	1	5	100
14	zjj	m	18	1	90	diamond	red	(565, 619)	high	dis	(757, 540)	N	same	vert	up	True	1634581	1636037	up	1	5	101
14	zjj	m	18	1	90	circle	green	(565, 619)	high	no	no_dis	N	same	hori	left	True	1637252	1638293	left	1	5	102
14	zjj	m	18	1	90	circle	green	(565, 619)	high	dis	(565, 460)	N	same	vert	up	True	1639474	1640420	up	1	5	103
14	zjj	m	18	1	90	diamond	green	(565, 619)	high	dis	(757, 540)	N	same	vert	up	True	1641575	1642852	up	1	5	104
14	zjj	m	18	1	90	diamond	red	(565, 619)	high	dis	(757, 540)	N	same	hori	left	True	1643946	1645533	left	1	5	105
14	zjj	m	18	1	90	diamond	green	(565, 619)	high	no	no_dis	N	same	hori	left	True	1646535	1649037	left	1	5	106
14	zjj	m	18	1	90	circle	green	(565, 619)	high	dis	(724, 460)	N	dif	vert	up	True	1650250	1651124	up	1	5	107
14	zjj	m	18	1	90	diamond	green	(565, 619)	high	dis	(645, 428)	N	dif	vert	up	True	1652351	1653620	up	1	5	108
14	zjj	m	18	1	90	diamond	green	(565, 619)	high	dis	(757, 540)	N	dif	hori	left	True	1654675	1656092	left	1	5	109
14	zjj	m	18	1	90	diamond	green	(565, 619)	high	dis	(724, 460)	N	same	vert	up	True	1657224	1658252	up	1	5	110
14	zjj	m	18	1	90	circle	red	(565, 619)	high	dis	(645, 652)	N	dif	hori	left	True	1659443	1661148	left	1	5	111
14	zjj	m	18	1	90	circle	green	(565, 619)	high	no	no_dis	N	same	hori	left	True	1662178	1663612	left	1	5	112
14	zjj	m	18	1	90	diamond	green	(565, 619)	high	dis	(757, 540)	N	dif	hori	left	True	1664663	1667140	left	1	5	113
14	zjj	m	18	1	90	circle	red	(565, 619)	high	dis	(533, 540)	N	same	vert	up	True	1668269	1669413	up	1	5	114
14	zjj	m	18	1	90	circle	green	(565, 619)	high	dis	(757, 540)	N	same	hori	left	True	1670450	1671796	left	1	5	115
14	zjj	m	18	1	90	diamond	red	(565, 619)	high	no	no_dis	N	same	vert	up	True	1672943	1675580	up	1	5	116
14	zjj	m	18	1	90	diamond	red	(533, 540)	low	no	no_dis	N	dif	hori	left	True	1676749	1678396	left	1	5	117
14	zjj	m	18	1	90	diamond	green	(565, 619)	high	dis	(645, 428)	N	dif	hori	left	True	1679595	1680484	left	1	5	118
14	zjj	m	18	1	90	diamond	red	(565, 619)	high	dis	(724, 460)	N	same	hori	left	True	1681725	1682756	left	1	5	119
14	zjj	m	18	1	90	circle	red	(565, 619)	high	dis	(533, 540)	N	same	vert	up	True	1683829	1685452	up	1	5	120
14	zjj	m	18	1	90	circle	red	(565, 619)	high	no	no_dis	N	dif	hori	left	True	1717308	1718388	left	1	6	1
14	zjj	m	18	1	90	diamond	red	(565, 619)	high	dis	(565, 460)	N	same	hori	left	True	1719437	1720540	left	1	6	2
14	zjj	m	18	1	90	diamond	red	(565, 619)	high	dis	(724, 619)	N	same	vert	up	True	1721608	1723436	up	1	6	3
14	zjj	m	18	1	90	diamond	green	(565, 619)	high	dis	(724, 460)	N	same	hori	left	True	1724543	1725572	left	1	6	4
14	zjj	m	18	1	90	circle	red	(565, 619)	high	no	no_dis	N	dif	vert	up	True	1726594	1727445	up	1	6	5
14	zjj	m	18	1	90	diamond	green	(645, 652)	low	dis	(565, 619)	Y	dif	vert	up	True	1728665	1729804	up	1	6	6
14	zjj	m	18	1	90	diamond	red	(565, 619)	high	dis	(724, 460)	N	same	vert	up	True	1730868	1731796	up	1	6	7
14	zjj	m	18	1	90	circle	green	(565, 619)	high	dis	(565, 460)	N	same	vert	up	True	1733043	1733949	up	1	6	8
14	zjj	m	18	1	90	diamond	green	(565, 619)	high	dis	(533, 540)	N	same	hori	left	True	1735172	1736381	left	1	6	9
14	zjj	m	18	1	90	circle	green	(565, 619)	high	dis	(645, 428)	N	same	vert	up	True	1737569	1738557	up	1	6	10
14	zjj	m	18	1	90	circle	green	(565, 619)	high	dis	(533, 540)	N	same	vert	up	True	1739684	1741156	up	1	6	11
14	zjj	m	18	1	90	circle	red	(565, 619)	high	no	no_dis	N	dif	vert	up	True	1742169	1743084	up	1	6	12
14	zjj	m	18	1	90	diamond	red	(565, 619)	high	dis	(533, 540)	N	same	hori	left	True	1744263	1745892	left	1	6	13
14	zjj	m	18	1	90	diamond	green	(565, 619)	high	dis	(724, 619)	N	dif	vert	up	True	1747085	1748396	up	1	6	14
14	zjj	m	18	1	90	diamond	green	(565, 619)	high	no	no_dis	N	dif	hori	left	True	1749513	1750492	left	1	6	15
14	zjj	m	18	1	90	diamond	green	(565, 619)	high	dis	(724, 619)	N	dif	hori	left	True	1751507	1752372	left	1	6	16
14	zjj	m	18	1	90	diamond	red	(565, 619)	high	no	no_dis	N	same	vert	up	True	1753450	1754172	up	1	6	17
14	zjj	m	18	1	90	diamond	green	(565, 619)	high	dis	(565, 460)	N	same	vert	up	True	1755380	1756044	up	1	6	18
14	zjj	m	18	1	90	circle	red	(565, 619)	high	dis	(724, 460)	N	dif	vert	up	True	1757219	1758380	up	1	6	19
14	zjj	m	18	1	90	diamond	red	(565, 619)	high	dis	(757, 540)	N	same	hori	left	True	1759469	1760748	left	1	6	20
14	zjj	m	18	1	90	circle	red	(565, 619)	high	dis	(565, 460)	N	same	vert	up	True	1761756	1762589	up	1	6	21
14	zjj	m	18	1	90	diamond	red	(565, 619)	high	no	no_dis	N	dif	hori	left	True	1763832	1764636	left	1	6	22
14	zjj	m	18	1	90	diamond	red	(565, 619)	high	dis	(533, 540)	N	same	hori	left	True	1765799	1766668	left	1	6	23
14	zjj	m	18	1	90	circle	red	(565, 619)	high	dis	(757, 540)	N	same	hori	left	True	1767768	1768748	left	1	6	24
14	zjj	m	18	1	90	diamond	green	(565, 460)	low	dis	(565, 619)	Y	dif	hori	left	True	1769756	1771492	left	1	6	25
14	zjj	m	18	1	90	circle	green	(565, 619)	high	no	no_dis	N	dif	vert	up	True	1772636	1773652	up	1	6	26
14	zjj	m	18	1	90	circle	green	(565, 619)	high	dis	(533, 540)	N	dif	vert	up	True	1774818	1776108	up	1	6	27
14	zjj	m	18	1	90	diamond	red	(565, 619)	high	dis	(724, 460)	N	dif	vert	up	True	1777205	1778972	up	1	6	28
14	zjj	m	18	1	90	circle	green	(565, 619)	high	dis	(645, 652)	N	dif	hori	left	True	1780182	1781708	left	1	6	29
14	zjj	m	18	1	90	circle	red	(565, 619)	high	dis	(533, 540)	N	same	hori	left	True	1782792	1784348	up	0	6	30
14	zjj	m	18	1	90	diamond	green	(565, 619)	high	no	no_dis	N	dif	vert	up	True	1787067	1788844	up	1	6	31
14	zjj	m	18	1	90	circle	green	(565, 619)	high	dis	(724, 619)	N	dif	vert	up	True	1789966	1791188	up	1	6	32
14	zjj	m	18	1	90	diamond	green	(565, 619)	high	dis	(724, 460)	N	dif	vert	up	True	1792381	1793516	up	1	6	33
14	zjj	m	18	1	90	diamond	green	(565, 619)	high	dis	(645, 428)	N	dif	vert	up	True	1794741	1796140	up	1	6	34
14	zjj	m	18	1	90	circle	red	(565, 619)	high	no	no_dis	N	dif	hori	left	True	1797186	1798316	left	1	6	35
14	zjj	m	18	1	90	circle	red	(565, 619)	high	dis	(724, 460)	N	dif	hori	left	True	1799393	1800412	left	1	6	36
14	zjj	m	18	1	90	diamond	green	(565, 619)	high	no	no_dis	N	dif	vert	up	True	1801648	1803180	up	1	6	37
14	zjj	m	18	1	90	diamond	red	(724, 619)	low	dis	(565, 619)	Y	same	hori	left	True	1804274	1805196	left	1	6	38
14	zjj	m	18	1	90	diamond	green	(565, 619)	high	dis	(565, 460)	N	dif	hori	left	True	1806400	1807532	left	1	6	39
14	zjj	m	18	1	90	diamond	green	(565, 460)	low	no	no_dis	N	same	vert	up	True	1808682	1809868	up	1	6	40
14	zjj	m	18	1	90	circle	green	(565, 619)	high	dis	(645, 652)	N	same	vert	up	True	1811045	1812420	up	1	6	41
14	zjj	m	18	1	90	circle	green	(565, 619)	high	no	no_dis	N	same	vert	up	True	1813423	1814476	up	1	6	42
14	zjj	m	18	1	90	diamond	red	(565, 619)	high	dis	(724, 619)	N	dif	hori	left	True	1815652	1817236	left	1	6	43
14	zjj	m	18	1	90	circle	green	(565, 619)	high	dis	(645, 652)	N	same	hori	left	True	1818257	1819764	left	1	6	44
14	zjj	m	18	1	90	circle	green	(565, 619)	high	dis	(565, 460)	N	same	vert	up	True	1821007	1822212	up	1	6	45
14	zjj	m	18	1	90	diamond	green	(565, 619)	high	dis	(724, 619)	N	dif	vert	up	True	1823395	1825068	up	1	6	46
14	zjj	m	18	1	90	diamond	green	(565, 619)	high	no	no_dis	N	same	vert	up	True	1826076	1827124	up	1	6	47
14	zjj	m	18	1	90	circle	green	(757, 540)	low	no	no_dis	N	same	hori	left	True	1828178	1829196	left	1	6	48
14	zjj	m	18	1	90	circle	red	(565, 619)	high	dis	(645, 428)	N	same	vert	up	True	1830203	1830956	up	1	6	49
14	zjj	m	18	1	90	diamond	red	(565, 619)	high	dis	(757, 540)	N	same	hori	left	True	1832087	1833428	left	1	6	50
14	zjj	m	18	1	90	diamond	green	(565, 619)	high	dis	(724, 619)	N	dif	hori	left	True	1834538	1836556	left	1	6	51
14	zjj	m	18	1	90	diamond	red	(565, 619)	high	dis	(757, 540)	N	same	hori	left	True	1837734	1839820	left	1	6	52
14	zjj	m	18	1	90	circle	red	(565, 619)	high	no	no_dis	N	same	vert	up	True	1841012	1841692	up	1	6	53
14	zjj	m	18	1	90	circle	green	(645, 652)	low	dis	(565, 619)	Y	dif	vert	up	True	1842920	1844789	up	1	6	54
14	zjj	m	18	1	90	circle	green	(565, 619)	high	dis	(565, 460)	N	same	hori	left	True	1845882	1846996	left	1	6	55
14	zjj	m	18	1	90	diamond	red	(565, 619)	high	dis	(645, 428)	N	dif	hori	left	True	1848183	1849340	left	1	6	56
14	zjj	m	18	1	90	diamond	red	(565, 619)	high	no	no_dis	N	same	vert	up	True	1850518	1851236	up	1	6	57
14	zjj	m	18	1	90	circle	green	(565, 619)	high	dis	(533, 540)	N	dif	vert	up	True	1852488	1853820	up	1	6	58
14	zjj	m	18	1	90	diamond	green	(565, 619)	high	dis	(724, 619)	N	same	hori	left	True	1854831	1856244	left	1	6	59
14	zjj	m	18	1	90	circle	green	(565, 619)	high	no	no_dis	N	same	hori	left	True	1857405	1858308	left	1	6	60
14	zjj	m	18	1	90	diamond	green	(565, 619)	high	no	no_dis	N	same	vert	up	True	1859528	1861548	up	1	6	61
14	zjj	m	18	1	90	circle	red	(565, 619)	high	dis	(757, 540)	N	dif	vert	up	True	1862713	1864572	up	1	6	62
14	zjj	m	18	1	90	circle	green	(565, 619)	high	no	no_dis	N	same	vert	up	True	1865599	1866340	up	1	6	63
14	zjj	m	18	1	90	diamond	green	(565, 619)	high	dis	(533, 540)	N	same	vert	up	True	1867508	1869260	up	1	6	64
14	zjj	m	18	1	90	diamond	green	(565, 619)	high	dis	(645, 652)	N	dif	hori	left	True	1870369	1871948	left	1	6	65
14	zjj	m	18	1	90	diamond	red	(565, 619)	high	dis	(757, 540)	N	dif	hori	left	True	1873057	1874588	left	1	6	66
14	zjj	m	18	1	90	diamond	green	(565, 619)	high	dis	(645, 428)	N	dif	hori	left	True	1875598	1877219	left	1	6	67
14	zjj	m	18	1	90	circle	red	(565, 619)	high	dis	(565, 460)	N	same	hori	left	True	1878293	1879988	left	1	6	68
14	zjj	m	18	1	90	circle	green	(565, 619)	high	dis	(724, 460)	N	same	vert	up	True	1881091	1882380	left	0	6	69
14	zjj	m	18	1	90	diamond	red	(565, 619)	high	no	no_dis	N	dif	vert	up	True	1884941	1885852	up	1	6	70
14	zjj	m	18	1	90	circle	red	(565, 619)	high	dis	(724, 460)	N	dif	vert	up	True	1886920	1888316	up	1	6	71
14	zjj	m	18	1	90	circle	red	(565, 619)	high	dis	(533, 540)	N	dif	vert	up	True	1889558	1890900	up	1	6	72
14	zjj	m	18	1	90	diamond	green	(565, 619)	high	dis	(645, 428)	N	dif	vert	up	True	1891933	1893204	up	1	6	73
14	zjj	m	18	1	90	circle	green	(565, 619)	high	dis	(757, 540)	N	same	vert	up	True	1894399	1895668	up	1	6	74
14	zjj	m	18	1	90	diamond	green	(565, 619)	high	no	no_dis	N	dif	hori	left	True	1896917	1898212	left	1	6	75
14	zjj	m	18	1	90	diamond	red	(565, 619)	high	no	no_dis	N	dif	hori	left	True	1899416	1900452	left	1	6	76
14	zjj	m	18	1	90	circle	green	(565, 619)	high	dis	(645, 652)	N	same	hori	left	True	1901615	1902676	left	1	6	77
14	zjj	m	18	1	90	diamond	red	(565, 619)	high	dis	(645, 652)	N	dif	vert	up	True	1903763	1904947	up	1	6	78
14	zjj	m	18	1	90	circle	red	(533, 540)	low	dis	(565, 619)	Y	same	hori	left	True	1906067	1907356	left	1	6	79
14	zjj	m	18	1	90	diamond	red	(565, 619)	high	dis	(645, 652)	N	same	hori	left	True	1908597	1910676	left	1	6	80
14	zjj	m	18	1	90	circle	green	(565, 619)	high	no	no_dis	N	same	hori	left	True	1911746	1912955	left	1	6	81
14	zjj	m	18	1	90	circle	red	(565, 619)	high	dis	(724, 460)	N	dif	vert	up	True	1914015	1915052	up	1	6	82
14	zjj	m	18	1	90	circle	red	(565, 619)	high	dis	(724, 619)	N	dif	hori	left	True	1916106	1916979	left	1	6	83
14	zjj	m	18	1	90	circle	green	(565, 619)	high	no	no_dis	N	dif	vert	up	True	1918040	1918860	up	1	6	84
14	zjj	m	18	1	90	diamond	red	(565, 619)	high	no	no_dis	N	dif	hori	left	True	1920020	1920876	left	1	6	85
14	zjj	m	18	1	90	circle	red	(565, 619)	high	dis	(724, 619)	N	same	vert	up	True	1922026	1923060	up	1	6	86
14	zjj	m	18	1	90	diamond	red	(565, 619)	high	dis	(533, 540)	N	same	hori	left	True	1924137	1925852	left	1	6	87
14	zjj	m	18	1	90	diamond	green	(565, 619)	high	dis	(724, 619)	N	dif	hori	left	True	1926868	1927844	left	1	6	88
14	zjj	m	18	1	90	diamond	red	(565, 619)	high	no	no_dis	N	same	hori	left	True	1928890	1929795	left	1	6	89
14	zjj	m	18	1	90	circle	green	(565, 619)	high	dis	(645, 652)	N	same	vert	up	True	1931032	1932797	up	1	6	90
14	zjj	m	18	1	90	circle	green	(565, 619)	high	no	no_dis	N	same	hori	left	True	1933923	1934804	left	1	6	91
14	zjj	m	18	1	90	diamond	green	(565, 619)	high	no	no_dis	N	same	hori	left	True	1935892	1936756	left	1	6	92
14	zjj	m	18	1	90	circle	red	(565, 619)	high	dis	(645, 652)	N	dif	hori	left	True	1937762	1939628	left	1	6	93
14	zjj	m	18	1	90	diamond	red	(565, 619)	high	dis	(645, 428)	N	same	vert	up	True	1940768	1941988	up	1	6	94
14	zjj	m	18	1	90	circle	red	(645, 428)	low	no	no_dis	N	dif	hori	left	True	1943021	1944563	left	1	6	95
14	zjj	m	18	1	90	circle	green	(565, 619)	high	no	no_dis	N	same	hori	left	True	1945634	1946524	left	1	6	96
14	zjj	m	18	1	90	diamond	red	(565, 619)	high	dis	(565, 460)	N	dif	hori	left	True	1947527	1949076	left	1	6	97
14	zjj	m	18	1	90	circle	red	(757, 540)	low	dis	(565, 619)	Y	dif	hori	left	True	1950136	1951396	left	1	6	98
14	zjj	m	18	1	90	circle	red	(565, 619)	high	dis	(757, 540)	N	dif	hori	left	True	1952531	1953437	left	1	6	99
14	zjj	m	18	1	90	circle	green	(565, 619)	high	dis	(645, 428)	N	dif	hori	left	True	1954544	1955836	left	1	6	100
14	zjj	m	18	1	90	diamond	red	(565, 619)	high	no	no_dis	N	same	hori	left	True	1956891	1958300	left	1	6	101
14	zjj	m	18	1	90	circle	red	(565, 619)	high	no	no_dis	N	same	vert	up	True	1959392	1960812	up	1	6	102
14	zjj	m	18	1	90	diamond	red	(565, 619)	high	dis	(645, 428)	N	dif	hori	left	True	1961822	1963804	left	1	6	103
14	zjj	m	18	1	90	circle	red	(565, 619)	high	no	no_dis	N	dif	vert	up	True	1965003	1965955	up	1	6	104
14	zjj	m	18	1	90	diamond	red	(645, 428)	low	dis	(565, 619)	Y	same	vert	up	True	1967003	1968308	up	1	6	105
14	zjj	m	18	1	90	circle	red	(565, 619)	high	no	no_dis	N	same	hori	left	True	1969376	1970764	left	1	6	106
14	zjj	m	18	1	90	diamond	green	(565, 619)	high	no	no_dis	N	same	hori	left	True	1971835	1973020	left	1	6	107
14	zjj	m	18	1	90	circle	red	(565, 619)	high	dis	(757, 540)	N	dif	hori	left	True	1974236	1975364	left	1	6	108
14	zjj	m	18	1	90	circle	green	(724, 460)	low	dis	(565, 619)	Y	same	vert	up	True	1976388	1977404	up	1	6	109
14	zjj	m	18	1	90	diamond	green	(565, 619)	high	dis	(645, 652)	N	same	hori	left	True	1978610	1979716	left	1	6	110
14	zjj	m	18	1	90	diamond	red	(565, 619)	high	no	no_dis	N	dif	vert	up	True	1980913	1982236	up	1	6	111
14	zjj	m	18	1	90	circle	red	(565, 619)	high	no	no_dis	N	dif	hori	left	True	1983366	1984828	left	1	6	112
14	zjj	m	18	1	90	diamond	red	(724, 460)	low	no	no_dis	N	dif	vert	up	True	1986075	1986939	up	1	6	113
14	zjj	m	18	1	90	diamond	green	(565, 619)	high	no	no_dis	N	dif	hori	left	True	1988014	1989147	left	1	6	114
14	zjj	m	18	1	90	circle	red	(565, 619)	high	dis	(565, 460)	N	dif	vert	up	True	1990240	1991964	up	1	6	115
14	zjj	m	18	1	90	circle	red	(565, 619)	high	dis	(645, 428)	N	dif	vert	up	True	1993153	1993924	up	1	6	116
14	zjj	m	18	1	90	circle	green	(565, 619)	high	dis	(757, 540)	N	dif	vert	up	True	1995035	1996132	up	1	6	117
14	zjj	m	18	1	90	circle	green	(565, 619)	high	no	no_dis	N	same	vert	up	True	1997375	1998043	up	1	6	118
14	zjj	m	18	1	90	circle	green	(565, 619)	high	dis	(645, 428)	N	same	vert	up	True	1999238	1999971	up	1	6	119
14	zjj	m	18	1	90	diamond	green	(565, 619)	high	dis	(724, 460)	N	same	vert	up	True	2001135	2002588	up	1	6	120
conf	14	zjj	m	18	1	90	True	2037893	2058659	6	True	2058670	2065427	2
