subj	name	gender	age	prac	group	shape	color	tar_loc	popularity	dis_cond	dis_loc	dis_high	td_dif	line	respkey	gotkey	startTime	respTime	resp	correct	block	trialnum
1	lxy	f	23	1	90	circle	red	(757, 540)	high	dis	(724, 460)	N	same	hori	left	True	21768	24338	left	1	1	1
1	lxy	f	23	1	90	diamond	red	(757, 540)	high	dis	(645, 428)	N	dif	vert	up	True	25457	26435	up	1	1	2
1	lxy	f	23	1	90	diamond	red	(565, 460)	low	dis	(757, 540)	Y	same	hori	left	True	27560	29674	left	1	1	3
1	lxy	f	23	1	90	diamond	green	(757, 540)	high	dis	(565, 619)	N	dif	vert	up	True	30753	32506	up	1	1	4
1	lxy	f	23	1	90	diamond	red	(757, 540)	high	dis	(565, 619)	N	same	vert	up	True	33659	34922	up	1	1	5
1	lxy	f	23	1	90	diamond	green	(757, 540)	high	dis	(565, 460)	N	dif	vert	up	True	36102	37098	up	1	1	6
1	lxy	f	23	1	90	circle	red	(757, 540)	high	dis	(645, 428)	N	same	vert	up	True	38108	39475	up	1	1	7
1	lxy	f	23	1	90	circle	red	(757, 540)	high	dis	(565, 619)	N	dif	hori	left	True	40490	41354	left	1	1	8
1	lxy	f	23	1	90	circle	red	(757, 540)	high	no	no_dis	N	dif	vert	up	True	42521	43770	up	1	1	9
1	lxy	f	23	1	90	circle	red	(724, 460)	low	dis	(757, 540)	Y	same	vert	up	True	44947	46490	up	1	1	10
1	lxy	f	23	1	90	circle	red	(757, 540)	high	dis	(724, 460)	N	same	hori	left	True	47577	48706	left	1	1	11
1	lxy	f	23	1	90	circle	red	(757, 540)	high	dis	(565, 460)	N	same	hori	left	True	49942	51202	left	1	1	12
1	lxy	f	23	1	90	circle	red	(757, 540)	high	dis	(724, 460)	N	dif	vert	up	True	52332	53762	up	1	1	13
1	lxy	f	23	1	90	diamond	green	(757, 540)	high	no	no_dis	N	same	vert	up	True	54783	56202	up	1	1	14
1	lxy	f	23	1	90	circle	green	(645, 428)	low	dis	(757, 540)	Y	dif	vert	up	True	57313	58618	up	1	1	15
1	lxy	f	23	1	90	circle	green	(757, 540)	high	no	no_dis	N	same	vert	up	True	59696	60802	up	1	1	16
1	lxy	f	23	1	90	circle	green	(757, 540)	high	no	no_dis	N	same	hori	left	True	61974	62858	left	1	1	17
1	lxy	f	23	1	90	diamond	green	(757, 540)	high	no	no_dis	N	dif	hori	left	True	64083	65442	left	1	1	18
1	lxy	f	23	1	90	diamond	red	(757, 540)	high	dis	(645, 652)	N	same	hori	left	True	66460	67618	left	1	1	19
1	lxy	f	23	1	90	diamond	green	(757, 540)	high	dis	(565, 460)	N	same	vert	up	True	68711	69682	up	1	1	20
1	lxy	f	23	1	90	circle	green	(757, 540)	high	dis	(565, 619)	N	same	vert	up	True	70836	72298	left	0	1	21
1	lxy	f	23	1	90	circle	red	(565, 619)	low	dis	(757, 540)	Y	dif	hori	left	True	74924	76330	left	1	1	22
1	lxy	f	23	1	90	circle	green	(757, 540)	high	dis	(645, 428)	N	same	hori	left	True	77446	78946	left	1	1	23
1	lxy	f	23	1	90	diamond	red	(757, 540)	high	no	no_dis	N	same	hori	left	True	79984	81299	left	1	1	24
1	lxy	f	23	1	90	circle	red	(757, 540)	high	dis	(645, 652)	N	dif	hori	left	True	82455	83706	up	0	1	25
1	lxy	f	23	1	90	circle	green	(645, 652)	low	dis	(757, 540)	Y	same	hori	left	True	86331	88178	left	1	1	26
1	lxy	f	23	1	90	circle	green	(757, 540)	high	dis	(533, 540)	N	same	vert	up	True	89222	90090	up	1	1	27
1	lxy	f	23	1	90	circle	red	(757, 540)	high	dis	(724, 619)	N	same	vert	up	True	91107	92827	up	1	1	28
1	lxy	f	23	1	90	circle	green	(757, 540)	high	no	no_dis	N	same	hori	left	True	93931	95058	left	1	1	29
1	lxy	f	23	1	90	circle	red	(757, 540)	high	dis	(724, 460)	N	dif	vert	up	True	96133	97986	up	1	1	30
1	lxy	f	23	1	90	diamond	red	(757, 540)	high	no	no_dis	N	same	hori	left	True	99035	100634	left	1	1	31
1	lxy	f	23	1	90	circle	green	(757, 540)	high	dis	(645, 428)	N	dif	hori	left	True	101662	103002	left	1	1	32
1	lxy	f	23	1	90	circle	green	(757, 540)	high	dis	(645, 652)	N	same	vert	up	True	104161	105842	left	0	1	33
1	lxy	f	23	1	90	circle	green	(757, 540)	high	dis	(565, 460)	N	same	vert	up	True	108390	110250	up	1	1	34
1	lxy	f	23	1	90	circle	green	(757, 540)	high	dis	(724, 619)	N	dif	hori	left	True	111484	112978	up	0	1	35
1	lxy	f	23	1	90	circle	red	(757, 540)	high	dis	(565, 460)	N	dif	hori	left	True	115581	116882	left	1	1	36
1	lxy	f	23	1	90	diamond	red	(645, 428)	low	no	no_dis	N	dif	vert	up	True	118032	119202	up	1	1	37
1	lxy	f	23	1	90	diamond	green	(757, 540)	high	dis	(565, 460)	N	dif	vert	up	True	120369	121314	up	1	1	38
1	lxy	f	23	1	90	diamond	red	(757, 540)	high	no	no_dis	N	same	vert	up	True	122476	123657	up	1	1	39
1	lxy	f	23	1	90	diamond	green	(757, 540)	high	dis	(645, 652)	N	dif	vert	up	True	124681	126170	up	1	1	40
1	lxy	f	23	1	90	diamond	green	(757, 540)	high	no	no_dis	N	dif	hori	left	True	127339	128914	left	1	1	41
1	lxy	f	23	1	90	circle	red	(757, 540)	high	no	no_dis	N	same	vert	up	True	130084	131433	up	1	1	42
1	lxy	f	23	1	90	circle	red	(757, 540)	high	no	no_dis	N	dif	vert	up	True	132647	133962	up	1	1	43
1	lxy	f	23	1	90	diamond	red	(757, 540)	high	dis	(533, 540)	N	same	vert	up	True	134990	137346	up	1	1	44
1	lxy	f	23	1	90	diamond	red	(757, 540)	high	dis	(724, 460)	N	dif	vert	up	True	138496	139778	up	1	1	45
1	lxy	f	23	1	90	circle	red	(757, 540)	high	no	no_dis	N	dif	vert	up	True	140814	141834	up	1	1	46
1	lxy	f	23	1	90	circle	green	(757, 540)	high	dis	(645, 428)	N	same	vert	up	True	142942	143922	up	1	1	47
1	lxy	f	23	1	90	circle	green	(757, 540)	high	no	no_dis	N	same	vert	up	True	145073	146122	up	1	1	48
1	lxy	f	23	1	90	diamond	red	(757, 540)	high	no	no_dis	N	same	hori	left	True	147155	148250	left	1	1	49
1	lxy	f	23	1	90	diamond	red	(757, 540)	high	no	no_dis	N	dif	vert	up	True	149374	150362	up	1	1	50
1	lxy	f	23	1	90	diamond	red	(757, 540)	high	dis	(724, 460)	N	same	vert	up	True	151518	152658	up	1	1	51
1	lxy	f	23	1	90	diamond	green	(757, 540)	high	dis	(645, 428)	N	dif	hori	left	True	153865	155274	left	1	1	52
1	lxy	f	23	1	90	circle	red	(757, 540)	high	no	no_dis	N	dif	vert	up	True	156439	157650	up	1	1	53
1	lxy	f	23	1	90	circle	red	(757, 540)	high	no	no_dis	N	same	vert	up	True	158742	159594	up	1	1	54
1	lxy	f	23	1	90	circle	red	(565, 619)	low	no	no_dis	N	same	hori	left	True	160644	162498	left	1	1	55
1	lxy	f	23	1	90	diamond	green	(757, 540)	high	no	no_dis	N	same	vert	up	True	163638	164626	up	1	1	56
1	lxy	f	23	1	90	diamond	red	(757, 540)	high	dis	(565, 460)	N	dif	vert	up	True	165855	166610	up	1	1	57
1	lxy	f	23	1	90	circle	green	(757, 540)	high	no	no_dis	N	same	vert	up	True	167822	168730	up	1	1	58
1	lxy	f	23	1	90	diamond	green	(757, 540)	high	dis	(565, 460)	N	dif	hori	left	True	169825	170666	left	1	1	59
1	lxy	f	23	1	90	diamond	green	(757, 540)	high	dis	(565, 460)	N	same	vert	up	True	171690	172617	up	1	1	60
1	lxy	f	23	1	90	diamond	green	(757, 540)	high	dis	(724, 619)	N	dif	hori	left	True	173832	175370	up	0	1	61
1	lxy	f	23	1	90	circle	green	(757, 540)	high	dis	(724, 619)	N	dif	vert	up	True	178088	179777	up	1	1	62
1	lxy	f	23	1	90	diamond	green	(757, 540)	high	no	no_dis	N	dif	hori	left	True	180924	181794	left	1	1	63
1	lxy	f	23	1	90	circle	green	(757, 540)	high	no	no_dis	N	dif	hori	left	True	182841	183793	left	1	1	64
1	lxy	f	23	1	90	diamond	green	(757, 540)	high	dis	(533, 540)	N	dif	hori	left	True	184875	186914	left	1	1	65
1	lxy	f	23	1	90	diamond	green	(757, 540)	high	no	no_dis	N	same	hori	left	True	188001	189274	left	1	1	66
1	lxy	f	23	1	90	diamond	green	(757, 540)	high	dis	(645, 652)	N	same	hori	left	True	190434	191314	left	1	1	67
1	lxy	f	23	1	90	diamond	green	(757, 540)	high	no	no_dis	N	dif	vert	up	True	192420	193201	up	1	1	68
1	lxy	f	23	1	90	diamond	red	(757, 540)	high	dis	(533, 540)	N	same	vert	up	True	194213	195138	up	1	1	69
1	lxy	f	23	1	90	circle	red	(757, 540)	high	dis	(645, 652)	N	dif	vert	up	True	196210	197538	up	1	1	70
1	lxy	f	23	1	90	diamond	red	(757, 540)	high	dis	(645, 428)	N	dif	hori	left	True	198774	199666	left	1	1	71
1	lxy	f	23	1	90	diamond	red	(757, 540)	high	dis	(724, 619)	N	same	hori	left	True	200778	201794	left	1	1	72
1	lxy	f	23	1	90	diamond	green	(565, 619)	low	dis	(757, 540)	Y	dif	hori	left	True	202990	204515	left	1	1	73
1	lxy	f	23	1	90	diamond	red	(757, 540)	high	no	no_dis	N	dif	hori	left	True	205569	206530	left	1	1	74
1	lxy	f	23	1	90	diamond	green	(533, 540)	low	dis	(757, 540)	Y	dif	vert	up	True	207765	209682	up	1	1	75
1	lxy	f	23	1	90	circle	red	(757, 540)	high	dis	(533, 540)	N	same	hori	left	True	210712	213210	left	1	1	76
1	lxy	f	23	1	90	circle	red	(757, 540)	high	no	no_dis	N	same	hori	left	True	214352	215946	left	1	1	77
1	lxy	f	23	1	90	circle	red	(757, 540)	high	no	no_dis	N	dif	vert	up	True	217024	218201	up	1	1	78
1	lxy	f	23	1	90	diamond	green	(757, 540)	high	dis	(645, 652)	N	same	hori	left	True	219243	221202	left	1	1	79
1	lxy	f	23	1	90	diamond	red	(757, 540)	high	dis	(565, 460)	N	same	vert	up	True	222268	223817	up	1	1	80
1	lxy	f	23	1	90	diamond	green	(757, 540)	high	dis	(724, 460)	N	dif	vert	up	True	224996	226578	up	1	1	81
1	lxy	f	23	1	90	circle	green	(757, 540)	high	dis	(565, 619)	N	dif	hori	left	True	227827	229994	left	1	1	82
1	lxy	f	23	1	90	diamond	red	(757, 540)	high	dis	(565, 619)	N	dif	vert	up	True	231237	232770	up	1	1	83
1	lxy	f	23	1	90	diamond	green	(757, 540)	high	dis	(645, 428)	N	same	vert	up	True	233976	235473	up	1	1	84
1	lxy	f	23	1	90	diamond	green	(757, 540)	high	no	no_dis	N	dif	hori	left	True	236594	237626	left	1	1	85
1	lxy	f	23	1	90	circle	green	(757, 540)	high	dis	(533, 540)	N	dif	hori	left	True	238813	240370	left	1	1	86
1	lxy	f	23	1	90	circle	green	(757, 540)	high	no	no_dis	N	same	vert	up	True	241540	242642	up	1	1	87
1	lxy	f	23	1	90	circle	green	(757, 540)	high	dis	(645, 652)	N	dif	hori	left	True	243652	244617	left	1	1	88
1	lxy	f	23	1	90	circle	green	(757, 540)	high	dis	(645, 428)	N	dif	hori	left	True	245637	246459	left	1	1	89
1	lxy	f	23	1	90	diamond	green	(757, 540)	high	dis	(724, 619)	N	same	hori	left	True	247558	248745	left	1	1	90
1	lxy	f	23	1	90	circle	green	(757, 540)	high	dis	(724, 460)	N	dif	hori	left	True	249897	251378	left	1	1	91
1	lxy	f	23	1	90	circle	green	(757, 540)	high	dis	(645, 428)	N	dif	hori	left	True	252601	253698	left	1	1	92
1	lxy	f	23	1	90	diamond	red	(757, 540)	high	no	no_dis	N	dif	hori	left	True	254766	255762	left	1	1	93
1	lxy	f	23	1	90	diamond	green	(757, 540)	high	dis	(565, 619)	N	dif	vert	up	True	256866	257841	up	1	1	94
1	lxy	f	23	1	90	circle	green	(757, 540)	high	dis	(724, 460)	N	same	vert	up	True	258928	260410	left	0	1	95
1	lxy	f	23	1	90	circle	red	(757, 540)	high	no	no_dis	N	same	hori	left	True	262929	263866	left	1	1	96
1	lxy	f	23	1	90	diamond	red	(757, 540)	high	dis	(565, 619)	N	same	hori	left	True	265062	266361	left	1	1	97
1	lxy	f	23	1	90	diamond	red	(757, 540)	high	dis	(724, 619)	N	same	vert	up	True	267502	268441	up	1	1	98
1	lxy	f	23	1	90	circle	green	(757, 540)	high	no	no_dis	N	dif	hori	left	True	269512	270331	left	1	1	99
1	lxy	f	23	1	90	circle	green	(533, 540)	low	no	no_dis	N	same	vert	up	True	271409	272738	up	1	1	100
1	lxy	f	23	1	90	diamond	green	(757, 540)	high	dis	(724, 619)	N	same	vert	up	True	273975	275833	up	1	1	101
1	lxy	f	23	1	90	diamond	red	(757, 540)	high	dis	(533, 540)	N	dif	vert	up	True	277077	278065	up	1	1	102
1	lxy	f	23	1	90	diamond	green	(757, 540)	high	dis	(724, 460)	N	same	hori	left	True	279172	280513	left	1	1	103
1	lxy	f	23	1	90	diamond	red	(757, 540)	high	no	no_dis	N	dif	hori	left	True	281655	282505	left	1	1	104
1	lxy	f	23	1	90	circle	red	(757, 540)	high	dis	(724, 460)	N	dif	vert	up	True	283590	285058	up	1	1	105
1	lxy	f	23	1	90	diamond	red	(757, 540)	high	no	no_dis	N	dif	vert	up	True	286173	287386	up	1	1	106
1	lxy	f	23	1	90	circle	red	(757, 540)	high	dis	(533, 540)	N	dif	vert	up	True	288623	289953	up	1	1	107
1	lxy	f	23	1	90	circle	green	(757, 540)	high	dis	(565, 619)	N	dif	vert	up	True	291126	292138	up	1	1	108
1	lxy	f	23	1	90	circle	red	(757, 540)	high	dis	(645, 652)	N	same	hori	left	True	293311	294737	left	1	1	109
1	lxy	f	23	1	90	circle	red	(757, 540)	high	dis	(565, 460)	N	same	hori	left	True	295920	296898	left	1	1	110
1	lxy	f	23	1	90	diamond	red	(724, 619)	low	dis	(757, 540)	Y	same	vert	up	True	298088	299194	up	1	1	111
1	lxy	f	23	1	90	diamond	red	(757, 540)	high	dis	(565, 619)	N	same	hori	left	True	300256	301474	left	1	1	112
1	lxy	f	23	1	90	diamond	red	(757, 540)	high	dis	(724, 619)	N	same	hori	left	True	302637	303522	left	1	1	113
1	lxy	f	23	1	90	diamond	red	(757, 540)	high	dis	(724, 619)	N	dif	hori	left	True	304767	305714	left	1	1	114
1	lxy	f	23	1	90	diamond	green	(565, 460)	low	no	no_dis	N	dif	hori	left	True	306746	309586	left	1	1	115
1	lxy	f	23	1	90	diamond	green	(757, 540)	high	no	no_dis	N	dif	vert	up	True	310634	311658	up	1	1	116
1	lxy	f	23	1	90	circle	green	(757, 540)	high	no	no_dis	N	same	hori	left	True	312668	313818	left	1	1	117
1	lxy	f	23	1	90	circle	red	(757, 540)	high	dis	(645, 652)	N	same	hori	left	True	315028	316002	left	1	1	118
1	lxy	f	23	1	90	circle	red	(757, 540)	high	dis	(533, 540)	N	dif	hori	left	True	317032	317961	left	1	1	119
1	lxy	f	23	1	90	circle	green	(757, 540)	high	dis	(533, 540)	N	same	hori	left	True	319157	320194	left	1	1	120
1	lxy	f	23	1	90	circle	red	(757, 540)	high	dis	(565, 619)	N	dif	hori	left	True	362191	364249	left	1	2	1
1	lxy	f	23	1	90	circle	red	(565, 619)	low	dis	(757, 540)	Y	dif	hori	left	True	365340	366377	up	0	2	2
1	lxy	f	23	1	90	circle	green	(757, 540)	high	no	no_dis	N	dif	vert	up	True	369038	370266	up	1	2	3
1	lxy	f	23	1	90	circle	red	(757, 540)	high	dis	(533, 540)	N	same	vert	up	True	371473	372377	up	1	2	4
1	lxy	f	23	1	90	diamond	green	(757, 540)	high	dis	(533, 540)	N	dif	vert	up	True	373529	374681	up	1	2	5
1	lxy	f	23	1	90	diamond	red	(724, 619)	low	dis	(757, 540)	Y	same	vert	up	True	375816	377585	up	1	2	6
1	lxy	f	23	1	90	circle	green	(757, 540)	high	dis	(724, 619)	N	same	vert	up	True	378605	380361	up	1	2	7
1	lxy	f	23	1	90	circle	red	(757, 540)	high	dis	(533, 540)	N	dif	hori	left	True	381452	382369	left	1	2	8
1	lxy	f	23	1	90	diamond	red	(757, 540)	high	no	no_dis	N	dif	hori	left	True	383434	384594	left	1	2	9
1	lxy	f	23	1	90	diamond	red	(757, 540)	high	dis	(565, 460)	N	dif	hori	left	True	385810	386666	left	1	2	10
1	lxy	f	23	1	90	circle	red	(757, 540)	high	dis	(565, 619)	N	dif	hori	left	True	387792	388874	left	1	2	11
1	lxy	f	23	1	90	diamond	red	(757, 540)	high	no	no_dis	N	dif	hori	left	True	389907	391297	left	1	2	12
1	lxy	f	23	1	90	diamond	red	(757, 540)	high	dis	(533, 540)	N	same	hori	left	True	392344	393281	left	1	2	13
1	lxy	f	23	1	90	diamond	green	(757, 540)	high	dis	(645, 428)	N	same	hori	left	True	394498	395602	left	1	2	14
1	lxy	f	23	1	90	circle	red	(757, 540)	high	dis	(645, 428)	N	dif	vert	up	True	396725	397626	up	1	2	15
1	lxy	f	23	1	90	diamond	green	(757, 540)	high	dis	(645, 428)	N	dif	vert	up	True	398747	400026	up	1	2	16
1	lxy	f	23	1	90	diamond	red	(757, 540)	high	dis	(533, 540)	N	dif	vert	up	True	401256	402362	up	1	2	17
1	lxy	f	23	1	90	diamond	red	(757, 540)	high	dis	(645, 428)	N	same	vert	up	True	403483	404722	up	1	2	18
1	lxy	f	23	1	90	circle	green	(757, 540)	high	dis	(645, 428)	N	dif	hori	left	True	405945	407050	left	1	2	19
1	lxy	f	23	1	90	diamond	green	(533, 540)	low	dis	(757, 540)	Y	dif	hori	left	True	408168	409825	left	1	2	20
1	lxy	f	23	1	90	circle	green	(757, 540)	high	dis	(533, 540)	N	same	vert	up	True	410976	412497	up	1	2	21
1	lxy	f	23	1	90	circle	green	(757, 540)	high	no	no_dis	N	same	hori	left	True	413569	414489	left	1	2	22
1	lxy	f	23	1	90	circle	green	(645, 652)	low	dis	(757, 540)	Y	same	hori	left	True	415657	417161	left	1	2	23
1	lxy	f	23	1	90	circle	red	(757, 540)	high	dis	(565, 460)	N	same	hori	left	True	418373	419578	left	1	2	24
1	lxy	f	23	1	90	diamond	green	(757, 540)	high	dis	(565, 460)	N	dif	hori	left	True	420654	421818	left	1	2	25
1	lxy	f	23	1	90	circle	green	(757, 540)	high	dis	(645, 652)	N	dif	hori	left	True	423002	424113	left	1	2	26
1	lxy	f	23	1	90	circle	green	(757, 540)	high	no	no_dis	N	dif	vert	up	True	425158	426426	up	1	2	27
1	lxy	f	23	1	90	circle	red	(757, 540)	high	dis	(533, 540)	N	dif	hori	left	True	427461	428681	left	1	2	28
1	lxy	f	23	1	90	circle	red	(565, 619)	low	no	no_dis	N	same	vert	up	True	429711	431217	up	1	2	29
1	lxy	f	23	1	90	diamond	red	(757, 540)	high	no	no_dis	N	dif	hori	left	True	432236	433225	left	1	2	30
1	lxy	f	23	1	90	diamond	green	(757, 540)	high	no	no_dis	N	dif	hori	left	True	434274	435121	left	1	2	31
1	lxy	f	23	1	90	circle	red	(757, 540)	high	dis	(724, 460)	N	dif	hori	left	True	436308	437209	left	1	2	32
1	lxy	f	23	1	90	diamond	red	(757, 540)	high	dis	(724, 460)	N	dif	vert	up	True	438453	439521	up	1	2	33
1	lxy	f	23	1	90	diamond	red	(757, 540)	high	dis	(724, 619)	N	dif	vert	up	True	440600	441449	up	1	2	34
1	lxy	f	23	1	90	diamond	green	(757, 540)	high	no	no_dis	N	same	hori	left	True	442611	443402	left	1	2	35
1	lxy	f	23	1	90	diamond	green	(757, 540)	high	dis	(724, 619)	N	same	vert	up	True	444596	445458	up	1	2	36
1	lxy	f	23	1	90	circle	red	(757, 540)	high	dis	(645, 652)	N	same	hori	left	True	446703	447642	left	1	2	37
1	lxy	f	23	1	90	circle	green	(757, 540)	high	dis	(645, 652)	N	dif	hori	left	True	448725	449514	left	1	2	38
1	lxy	f	23	1	90	circle	green	(757, 540)	high	dis	(533, 540)	N	dif	vert	up	True	450539	451553	up	1	2	39
1	lxy	f	23	1	90	circle	green	(757, 540)	high	no	no_dis	N	same	hori	left	True	452758	453705	left	1	2	40
1	lxy	f	23	1	90	circle	red	(757, 540)	high	no	no_dis	N	same	vert	up	True	454897	455841	up	1	2	41
1	lxy	f	23	1	90	diamond	green	(757, 540)	high	dis	(645, 652)	N	same	vert	up	True	456996	458113	up	1	2	42
1	lxy	f	23	1	90	circle	green	(757, 540)	high	dis	(724, 619)	N	dif	vert	up	True	459198	460538	up	1	2	43
1	lxy	f	23	1	90	diamond	red	(757, 540)	high	no	no_dis	N	same	vert	up	True	461736	462585	up	1	2	44
1	lxy	f	23	1	90	diamond	green	(757, 540)	high	dis	(724, 619)	N	same	vert	up	True	463775	464817	up	1	2	45
1	lxy	f	23	1	90	circle	red	(757, 540)	high	dis	(565, 460)	N	same	hori	left	True	465967	467009	left	1	2	46
1	lxy	f	23	1	90	circle	green	(757, 540)	high	dis	(724, 619)	N	same	hori	left	True	468178	469226	left	1	2	47
1	lxy	f	23	1	90	diamond	green	(757, 540)	high	no	no_dis	N	same	hori	left	True	470475	471449	left	1	2	48
1	lxy	f	23	1	90	diamond	red	(757, 540)	high	dis	(645, 652)	N	dif	vert	up	True	472457	473577	up	1	2	49
1	lxy	f	23	1	90	circle	green	(757, 540)	high	dis	(645, 428)	N	same	hori	left	True	474673	475697	left	1	2	50
1	lxy	f	23	1	90	diamond	red	(757, 540)	high	no	no_dis	N	dif	hori	left	True	476898	477778	left	1	2	51
1	lxy	f	23	1	90	circle	red	(757, 540)	high	dis	(645, 652)	N	same	hori	left	True	478937	479994	left	1	2	52
1	lxy	f	23	1	90	circle	red	(757, 540)	high	no	no_dis	N	dif	vert	up	True	481165	482273	up	1	2	53
1	lxy	f	23	1	90	diamond	red	(757, 540)	high	dis	(565, 460)	N	same	hori	left	True	483519	484433	left	1	2	54
1	lxy	f	23	1	90	diamond	red	(757, 540)	high	dis	(645, 428)	N	same	vert	up	True	485570	486666	up	1	2	55
1	lxy	f	23	1	90	diamond	red	(757, 540)	high	dis	(565, 619)	N	dif	hori	left	True	487717	488714	left	1	2	56
1	lxy	f	23	1	90	circle	red	(757, 540)	high	dis	(724, 460)	N	dif	vert	up	True	489939	491066	up	1	2	57
1	lxy	f	23	1	90	circle	green	(757, 540)	high	dis	(533, 540)	N	same	hori	left	True	492170	493065	left	1	2	58
1	lxy	f	23	1	90	diamond	red	(757, 540)	high	no	no_dis	N	dif	vert	up	True	494069	495001	up	1	2	59
1	lxy	f	23	1	90	diamond	green	(757, 540)	high	dis	(565, 619)	N	same	vert	up	True	496183	497729	up	1	2	60
1	lxy	f	23	1	90	diamond	green	(757, 540)	high	dis	(565, 460)	N	same	hori	left	True	498822	499650	left	1	2	61
1	lxy	f	23	1	90	circle	green	(757, 540)	high	dis	(724, 460)	N	dif	vert	up	True	500770	501898	up	1	2	62
1	lxy	f	23	1	90	diamond	green	(757, 540)	high	dis	(565, 460)	N	dif	vert	up	True	502981	503993	up	1	2	63
1	lxy	f	23	1	90	diamond	red	(645, 428)	low	no	no_dis	N	same	hori	left	True	505212	506570	up	0	2	64
1	lxy	f	23	1	90	diamond	red	(757, 540)	high	dis	(565, 619)	N	dif	vert	up	True	509191	510161	up	1	2	65
1	lxy	f	23	1	90	diamond	red	(757, 540)	high	no	no_dis	N	dif	hori	left	True	511324	512169	left	1	2	66
1	lxy	f	23	1	90	diamond	green	(757, 540)	high	no	no_dis	N	dif	vert	up	True	513236	514137	up	1	2	67
1	lxy	f	23	1	90	circle	green	(757, 540)	high	dis	(565, 460)	N	dif	hori	left	True	515214	516745	left	1	2	68
1	lxy	f	23	1	90	diamond	green	(757, 540)	high	no	no_dis	N	same	vert	up	True	517816	518577	up	1	2	69
1	lxy	f	23	1	90	circle	green	(757, 540)	high	no	no_dis	N	same	vert	up	True	519710	520913	up	1	2	70
1	lxy	f	23	1	90	circle	red	(757, 540)	high	dis	(645, 652)	N	same	hori	left	True	522109	523137	left	1	2	71
1	lxy	f	23	1	90	circle	red	(757, 540)	high	no	no_dis	N	same	vert	up	True	524157	525121	up	1	2	72
1	lxy	f	23	1	90	diamond	red	(757, 540)	high	no	no_dis	N	dif	hori	left	True	526175	527009	left	1	2	73
1	lxy	f	23	1	90	circle	red	(757, 540)	high	dis	(645, 652)	N	same	hori	left	True	528234	529113	left	1	2	74
1	lxy	f	23	1	90	circle	green	(757, 540)	high	dis	(724, 619)	N	same	vert	up	True	530243	531193	up	1	2	75
1	lxy	f	23	1	90	diamond	green	(757, 540)	high	dis	(724, 460)	N	same	vert	up	True	532217	533137	up	1	2	76
1	lxy	f	23	1	90	diamond	green	(757, 540)	high	dis	(645, 652)	N	dif	hori	left	True	534254	535225	left	1	2	77
1	lxy	f	23	1	90	diamond	red	(757, 540)	high	dis	(645, 428)	N	dif	vert	up	True	536473	537241	up	1	2	78
1	lxy	f	23	1	90	diamond	green	(757, 540)	high	dis	(724, 619)	N	dif	vert	up	True	538490	539697	up	1	2	79
1	lxy	f	23	1	90	circle	green	(757, 540)	high	dis	(724, 619)	N	same	vert	up	True	540878	541713	up	1	2	80
1	lxy	f	23	1	90	diamond	green	(757, 540)	high	dis	(724, 460)	N	dif	hori	left	True	542836	544113	left	1	2	81
1	lxy	f	23	1	90	circle	green	(757, 540)	high	dis	(724, 460)	N	same	vert	up	True	545199	546321	up	1	2	82
1	lxy	f	23	1	90	circle	green	(757, 540)	high	dis	(565, 619)	N	dif	hori	left	True	547340	548249	left	1	2	83
1	lxy	f	23	1	90	circle	green	(757, 540)	high	no	no_dis	N	dif	vert	up	True	549421	550498	up	1	2	84
1	lxy	f	23	1	90	circle	red	(724, 460)	low	dis	(757, 540)	Y	same	hori	left	True	551729	553722	left	1	2	85
1	lxy	f	23	1	90	diamond	red	(757, 540)	high	dis	(565, 619)	N	same	hori	left	True	554867	556785	left	1	2	86
1	lxy	f	23	1	90	diamond	red	(757, 540)	high	dis	(565, 460)	N	same	vert	up	True	558015	559098	up	1	2	87
1	lxy	f	23	1	90	circle	red	(757, 540)	high	dis	(565, 460)	N	dif	vert	up	True	560270	561537	up	1	2	88
1	lxy	f	23	1	90	circle	green	(757, 540)	high	dis	(724, 460)	N	dif	vert	up	True	562725	564066	up	1	2	89
1	lxy	f	23	1	90	diamond	red	(757, 540)	high	dis	(724, 460)	N	dif	vert	up	True	565271	566169	up	1	2	90
1	lxy	f	23	1	90	circle	red	(757, 540)	high	dis	(724, 460)	N	same	hori	left	True	567270	568497	left	1	2	91
1	lxy	f	23	1	90	circle	green	(757, 540)	high	dis	(645, 428)	N	same	vert	up	True	569510	570489	up	1	2	92
1	lxy	f	23	1	90	circle	red	(757, 540)	high	no	no_dis	N	same	hori	left	True	571681	572970	left	1	2	93
1	lxy	f	23	1	90	diamond	green	(757, 540)	high	dis	(565, 619)	N	same	hori	left	True	574175	575377	left	1	2	94
1	lxy	f	23	1	90	diamond	red	(757, 540)	high	no	no_dis	N	same	hori	left	True	576565	578081	left	1	2	95
1	lxy	f	23	1	90	circle	green	(533, 540)	low	no	no_dis	N	dif	vert	up	True	579326	581377	up	1	2	96
1	lxy	f	23	1	90	diamond	green	(757, 540)	high	dis	(533, 540)	N	same	vert	up	True	582476	583849	up	1	2	97
1	lxy	f	23	1	90	diamond	green	(757, 540)	high	no	no_dis	N	dif	vert	up	True	585007	586217	up	1	2	98
1	lxy	f	23	1	90	diamond	green	(757, 540)	high	dis	(645, 428)	N	same	vert	up	True	587468	589137	up	1	2	99
1	lxy	f	23	1	90	diamond	red	(757, 540)	high	dis	(565, 619)	N	dif	hori	left	True	590216	591625	left	1	2	100
1	lxy	f	23	1	90	circle	red	(757, 540)	high	dis	(565, 619)	N	same	hori	left	True	592777	594537	left	1	2	101
1	lxy	f	23	1	90	diamond	red	(757, 540)	high	dis	(533, 540)	N	dif	hori	left	True	595759	597313	left	1	2	102
1	lxy	f	23	1	90	diamond	green	(757, 540)	high	no	no_dis	N	dif	vert	up	True	598359	599297	up	1	2	103
1	lxy	f	23	1	90	circle	red	(757, 540)	high	no	no_dis	N	same	hori	left	True	600488	601481	left	1	2	104
1	lxy	f	23	1	90	circle	red	(757, 540)	high	no	no_dis	N	dif	hori	left	True	602634	603898	left	1	2	105
1	lxy	f	23	1	90	diamond	red	(565, 460)	low	dis	(757, 540)	Y	dif	vert	up	True	604989	606721	up	1	2	106
1	lxy	f	23	1	90	diamond	green	(757, 540)	high	dis	(645, 652)	N	same	vert	up	True	607803	608897	up	1	2	107
1	lxy	f	23	1	90	diamond	green	(645, 652)	low	dis	(757, 540)	Y	dif	vert	up	True	610074	612241	up	1	2	108
1	lxy	f	23	1	90	circle	red	(757, 540)	high	no	no_dis	N	dif	vert	up	True	613252	615594	up	1	2	109
1	lxy	f	23	1	90	circle	green	(757, 540)	high	no	no_dis	N	same	hori	left	True	616731	618529	left	1	2	110
1	lxy	f	23	1	90	diamond	green	(757, 540)	high	no	no_dis	N	same	vert	up	True	619728	621393	up	1	2	111
1	lxy	f	23	1	90	circle	green	(645, 428)	low	dis	(757, 540)	Y	same	vert	up	True	622573	625057	up	1	2	112
1	lxy	f	23	1	90	circle	red	(757, 540)	high	dis	(724, 619)	N	dif	hori	left	True	626071	627258	left	1	2	113
1	lxy	f	23	1	90	diamond	green	(757, 540)	high	no	no_dis	N	same	hori	left	True	628336	629530	left	1	2	114
1	lxy	f	23	1	90	circle	red	(757, 540)	high	no	no_dis	N	same	vert	up	True	630719	632129	up	1	2	115
1	lxy	f	23	1	90	diamond	green	(724, 619)	low	no	no_dis	N	dif	hori	left	True	633292	634865	left	1	2	116
1	lxy	f	23	1	90	circle	green	(757, 540)	high	no	no_dis	N	dif	hori	left	True	635899	637249	left	1	2	117
1	lxy	f	23	1	90	diamond	red	(757, 540)	high	dis	(724, 460)	N	same	hori	left	True	638364	639561	left	1	2	118
1	lxy	f	23	1	90	circle	red	(757, 540)	high	no	no_dis	N	same	vert	up	True	640596	643048	up	1	2	119
1	lxy	f	23	1	90	circle	green	(757, 540)	high	no	no_dis	N	same	vert	up	True	644201	645377	up	1	2	120
1	lxy	f	23	1	90	circle	green	(757, 540)	high	dis	(645, 428)	N	same	vert	up	True	683240	684705	up	1	3	1
1	lxy	f	23	1	90	circle	red	(757, 540)	high	no	no_dis	N	same	hori	left	True	685938	687049	left	1	3	2
1	lxy	f	23	1	90	diamond	green	(757, 540)	high	dis	(724, 619)	N	dif	vert	up	True	688148	689641	up	1	3	3
1	lxy	f	23	1	90	circle	red	(757, 540)	high	dis	(724, 619)	N	dif	hori	left	True	690877	691905	left	1	3	4
1	lxy	f	23	1	90	diamond	green	(757, 540)	high	dis	(533, 540)	N	dif	hori	left	True	692982	694361	left	1	3	5
1	lxy	f	23	1	90	circle	red	(757, 540)	high	dis	(724, 619)	N	same	hori	left	True	695488	696793	left	1	3	6
1	lxy	f	23	1	90	diamond	red	(757, 540)	high	dis	(565, 460)	N	same	hori	left	True	697940	699665	left	1	3	7
1	lxy	f	23	1	90	diamond	red	(757, 540)	high	dis	(645, 428)	N	same	hori	left	True	700750	701841	left	1	3	8
1	lxy	f	23	1	90	circle	red	(757, 540)	high	dis	(645, 428)	N	same	vert	up	True	702865	704145	up	1	3	9
1	lxy	f	23	1	90	circle	red	(757, 540)	high	dis	(565, 460)	N	dif	vert	up	True	705248	706281	up	1	3	10
1	lxy	f	23	1	90	circle	green	(757, 540)	high	dis	(565, 460)	N	same	hori	left	True	707455	708617	left	1	3	11
1	lxy	f	23	1	90	circle	green	(757, 540)	high	dis	(645, 428)	N	dif	vert	up	True	709804	710745	up	1	3	12
1	lxy	f	23	1	90	diamond	red	(757, 540)	high	no	no_dis	N	same	hori	left	True	711984	712849	left	1	3	13
1	lxy	f	23	1	90	circle	red	(757, 540)	high	dis	(645, 652)	N	same	vert	up	True	713903	715465	up	1	3	14
1	lxy	f	23	1	90	circle	red	(724, 460)	low	dis	(757, 540)	Y	same	hori	left	True	716669	718784	left	1	3	15
1	lxy	f	23	1	90	diamond	red	(757, 540)	high	dis	(645, 652)	N	same	hori	left	True	720009	721256	left	1	3	16
1	lxy	f	23	1	90	diamond	green	(757, 540)	high	dis	(565, 619)	N	same	hori	left	True	722498	723720	left	1	3	17
1	lxy	f	23	1	90	circle	green	(757, 540)	high	dis	(565, 619)	N	dif	vert	up	True	724822	726041	up	1	3	18
1	lxy	f	23	1	90	circle	red	(757, 540)	high	dis	(724, 619)	N	same	vert	up	True	727120	728456	up	1	3	19
1	lxy	f	23	1	90	circle	red	(757, 540)	high	dis	(565, 460)	N	dif	vert	up	True	729582	730625	up	1	3	20
1	lxy	f	23	1	90	diamond	green	(757, 540)	high	dis	(724, 460)	N	same	hori	left	True	731751	733409	left	1	3	21
1	lxy	f	23	1	90	diamond	red	(757, 540)	high	dis	(533, 540)	N	same	vert	up	True	734648	736289	up	1	3	22
1	lxy	f	23	1	90	diamond	red	(757, 540)	high	dis	(533, 540)	N	dif	hori	left	True	737415	738345	left	1	3	23
1	lxy	f	23	1	90	circle	red	(757, 540)	high	dis	(724, 460)	N	same	hori	left	True	739359	740985	left	1	3	24
1	lxy	f	23	1	90	diamond	red	(757, 540)	high	dis	(724, 460)	N	dif	hori	left	True	742117	743385	left	1	3	25
1	lxy	f	23	1	90	diamond	red	(757, 540)	high	no	no_dis	N	same	hori	left	True	744406	745713	left	1	3	26
1	lxy	f	23	1	90	diamond	green	(757, 540)	high	dis	(724, 619)	N	dif	vert	up	True	746774	747769	up	1	3	27
1	lxy	f	23	1	90	diamond	red	(757, 540)	high	dis	(645, 428)	N	dif	hori	left	True	748988	750145	left	1	3	28
1	lxy	f	23	1	90	circle	green	(757, 540)	high	dis	(645, 652)	N	same	vert	up	True	751282	752368	up	1	3	29
1	lxy	f	23	1	90	diamond	green	(757, 540)	high	dis	(533, 540)	N	dif	hori	left	True	753612	754664	left	1	3	30
1	lxy	f	23	1	90	diamond	red	(757, 540)	high	no	no_dis	N	same	vert	up	True	755724	756777	up	1	3	31
1	lxy	f	23	1	90	circle	red	(757, 540)	high	no	no_dis	N	same	vert	up	True	757843	759465	up	1	3	32
1	lxy	f	23	1	90	diamond	green	(757, 540)	high	dis	(645, 428)	N	dif	hori	left	True	760661	761785	left	1	3	33
1	lxy	f	23	1	90	circle	green	(757, 540)	high	no	no_dis	N	same	vert	up	True	762926	764169	up	1	3	34
1	lxy	f	23	1	90	diamond	green	(757, 540)	high	no	no_dis	N	dif	hori	left	True	765320	766321	left	1	3	35
1	lxy	f	23	1	90	diamond	green	(565, 460)	low	dis	(757, 540)	Y	same	hori	left	True	767424	769281	left	1	3	36
1	lxy	f	23	1	90	diamond	green	(757, 540)	high	dis	(724, 619)	N	same	hori	left	True	770318	771665	left	1	3	37
1	lxy	f	23	1	90	diamond	green	(757, 540)	high	no	no_dis	N	same	hori	left	True	772776	774089	left	1	3	38
1	lxy	f	23	1	90	circle	green	(757, 540)	high	dis	(645, 652)	N	same	vert	up	True	775140	776520	up	1	3	39
1	lxy	f	23	1	90	circle	red	(757, 540)	high	no	no_dis	N	same	hori	left	True	777570	778552	left	1	3	40
1	lxy	f	23	1	90	circle	green	(757, 540)	high	dis	(565, 619)	N	same	vert	up	True	779682	780785	up	1	3	41
1	lxy	f	23	1	90	diamond	red	(757, 540)	high	dis	(724, 619)	N	dif	hori	left	True	781798	783320	left	1	3	42
1	lxy	f	23	1	90	diamond	red	(757, 540)	high	dis	(533, 540)	N	dif	hori	left	True	784517	785441	left	1	3	43
1	lxy	f	23	1	90	diamond	green	(757, 540)	high	dis	(565, 619)	N	dif	vert	up	True	786487	787465	up	1	3	44
1	lxy	f	23	1	90	circle	red	(757, 540)	high	dis	(533, 540)	N	dif	hori	left	True	788633	789721	left	1	3	45
1	lxy	f	23	1	90	diamond	green	(757, 540)	high	dis	(724, 619)	N	dif	hori	left	True	790742	792240	left	1	3	46
1	lxy	f	23	1	90	diamond	red	(757, 540)	high	no	no_dis	N	same	hori	left	True	793368	794801	left	1	3	47
1	lxy	f	23	1	90	diamond	green	(757, 540)	high	no	no_dis	N	dif	vert	up	True	795863	796824	up	1	3	48
1	lxy	f	23	1	90	circle	red	(565, 619)	low	dis	(757, 540)	Y	same	vert	up	True	798063	799697	up	1	3	49
1	lxy	f	23	1	90	diamond	red	(757, 540)	high	no	no_dis	N	dif	hori	left	True	800856	801921	left	1	3	50
1	lxy	f	23	1	90	diamond	red	(757, 540)	high	dis	(724, 460)	N	dif	vert	up	True	803089	804217	up	1	3	51
1	lxy	f	23	1	90	diamond	red	(757, 540)	high	no	no_dis	N	dif	hori	left	True	805353	806353	left	1	3	52
1	lxy	f	23	1	90	circle	red	(757, 540)	high	no	no_dis	N	dif	hori	left	True	807507	808712	left	1	3	53
1	lxy	f	23	1	90	diamond	green	(757, 540)	high	dis	(724, 619)	N	same	vert	up	True	809790	811433	up	1	3	54
1	lxy	f	23	1	90	circle	green	(757, 540)	high	no	no_dis	N	same	vert	up	True	812563	814112	up	1	3	55
1	lxy	f	23	1	90	circle	green	(757, 540)	high	dis	(724, 460)	N	dif	vert	up	True	815291	816681	up	1	3	56
1	lxy	f	23	1	90	diamond	green	(757, 540)	high	no	no_dis	N	same	vert	up	True	817918	819041	up	1	3	57
1	lxy	f	23	1	90	diamond	green	(757, 540)	high	dis	(565, 460)	N	same	hori	left	True	820136	821249	left	1	3	58
1	lxy	f	23	1	90	circle	green	(645, 428)	low	dis	(757, 540)	Y	dif	vert	up	True	822444	824097	up	1	3	59
1	lxy	f	23	1	90	diamond	green	(757, 540)	high	no	no_dis	N	dif	vert	up	True	825249	826769	up	1	3	60
1	lxy	f	23	1	90	diamond	green	(757, 540)	high	dis	(645, 428)	N	same	vert	up	True	827833	828913	up	1	3	61
1	lxy	f	23	1	90	circle	red	(757, 540)	high	dis	(645, 428)	N	dif	vert	up	True	830009	831233	up	1	3	62
1	lxy	f	23	1	90	circle	green	(757, 540)	high	dis	(565, 460)	N	dif	vert	up	True	832470	833729	up	1	3	63
1	lxy	f	23	1	90	circle	red	(757, 540)	high	dis	(724, 460)	N	dif	vert	up	True	834924	836048	up	1	3	64
1	lxy	f	23	1	90	circle	green	(757, 540)	high	dis	(565, 619)	N	same	vert	up	True	837093	838193	up	1	3	65
1	lxy	f	23	1	90	diamond	red	(757, 540)	high	dis	(645, 652)	N	same	hori	left	True	839401	840633	left	1	3	66
1	lxy	f	23	1	90	diamond	green	(757, 540)	high	dis	(565, 619)	N	same	vert	up	True	841668	842537	up	1	3	67
1	lxy	f	23	1	90	diamond	red	(645, 428)	low	no	no_dis	N	dif	hori	left	True	843690	845441	up	0	3	68
1	lxy	f	23	1	90	diamond	red	(757, 540)	high	dis	(645, 428)	N	same	vert	up	True	848087	849249	up	1	3	69
1	lxy	f	23	1	90	circle	green	(757, 540)	high	dis	(565, 460)	N	same	vert	up	True	850427	851808	up	1	3	70
1	lxy	f	23	1	90	diamond	green	(757, 540)	high	no	no_dis	N	dif	hori	left	True	852926	853785	left	1	3	71
1	lxy	f	23	1	90	diamond	red	(757, 540)	high	no	no_dis	N	dif	vert	up	True	854916	856072	up	1	3	72
1	lxy	f	23	1	90	circle	red	(757, 540)	high	no	no_dis	N	same	vert	up	True	857316	858601	up	1	3	73
1	lxy	f	23	1	90	diamond	red	(757, 540)	high	dis	(724, 460)	N	dif	hori	left	True	859683	861065	left	1	3	74
1	lxy	f	23	1	90	circle	green	(757, 540)	high	no	no_dis	N	dif	vert	up	True	862237	863521	up	1	3	75
1	lxy	f	23	1	90	diamond	red	(757, 540)	high	no	no_dis	N	same	hori	left	True	864725	865721	left	1	3	76
1	lxy	f	23	1	90	circle	red	(757, 540)	high	dis	(645, 652)	N	dif	hori	left	True	866879	868209	left	1	3	77
1	lxy	f	23	1	90	circle	green	(757, 540)	high	dis	(645, 652)	N	same	vert	up	True	869321	870840	up	1	3	78
1	lxy	f	23	1	90	circle	green	(757, 540)	high	dis	(645, 652)	N	dif	hori	left	True	871924	873177	left	1	3	79
1	lxy	f	23	1	90	diamond	red	(757, 540)	high	dis	(724, 460)	N	same	hori	left	True	874414	875745	left	1	3	80
1	lxy	f	23	1	90	diamond	green	(533, 540)	low	dis	(757, 540)	Y	dif	hori	left	True	876935	878993	left	1	3	81
1	lxy	f	23	1	90	diamond	green	(757, 540)	high	no	no_dis	N	dif	vert	up	True	880044	881080	up	1	3	82
1	lxy	f	23	1	90	circle	red	(757, 540)	high	dis	(565, 619)	N	same	vert	up	True	882085	883337	up	1	3	83
1	lxy	f	23	1	90	circle	green	(533, 540)	low	no	no_dis	N	same	vert	up	True	884565	886080	up	1	3	84
1	lxy	f	23	1	90	circle	red	(757, 540)	high	dis	(565, 619)	N	same	hori	left	True	887133	888313	left	1	3	85
1	lxy	f	23	1	90	circle	green	(757, 540)	high	no	no_dis	N	dif	vert	up	True	889416	890384	up	1	3	86
1	lxy	f	23	1	90	circle	red	(757, 540)	high	dis	(645, 652)	N	same	hori	left	True	891459	893064	left	1	3	87
1	lxy	f	23	1	90	circle	red	(757, 540)	high	no	no_dis	N	dif	hori	left	True	894175	895121	left	1	3	88
1	lxy	f	23	1	90	diamond	red	(724, 619)	low	dis	(757, 540)	Y	dif	vert	up	True	896166	898472	up	1	3	89
1	lxy	f	23	1	90	circle	red	(757, 540)	high	dis	(533, 540)	N	dif	hori	left	True	899503	900696	left	1	3	90
1	lxy	f	23	1	90	circle	green	(757, 540)	high	dis	(724, 619)	N	dif	vert	up	True	901853	904336	up	1	3	91
1	lxy	f	23	1	90	diamond	red	(757, 540)	high	no	no_dis	N	same	hori	left	True	905513	906817	left	1	3	92
1	lxy	f	23	1	90	diamond	green	(565, 619)	low	no	no_dis	N	dif	vert	up	True	907842	909176	up	1	3	93
1	lxy	f	23	1	90	circle	green	(757, 540)	high	no	no_dis	N	dif	vert	up	True	910210	911601	up	1	3	94
1	lxy	f	23	1	90	circle	red	(757, 540)	high	dis	(724, 460)	N	dif	vert	up	True	912812	914048	up	1	3	95
1	lxy	f	23	1	90	diamond	red	(757, 540)	high	dis	(645, 652)	N	same	vert	up	True	915285	916960	up	1	3	96
1	lxy	f	23	1	90	diamond	red	(757, 540)	high	dis	(565, 460)	N	dif	vert	up	True	918058	919577	up	1	3	97
1	lxy	f	23	1	90	circle	green	(757, 540)	high	no	no_dis	N	dif	vert	up	True	920777	922089	up	1	3	98
1	lxy	f	23	1	90	circle	green	(757, 540)	high	no	no_dis	N	dif	vert	up	True	923327	924416	up	1	3	99
1	lxy	f	23	1	90	diamond	red	(757, 540)	high	dis	(533, 540)	N	dif	hori	left	True	925481	928064	left	1	3	100
1	lxy	f	23	1	90	diamond	green	(757, 540)	high	dis	(565, 460)	N	same	hori	left	True	929269	930480	left	1	3	101
1	lxy	f	23	1	90	circle	red	(724, 619)	low	no	no_dis	N	same	hori	left	True	931665	933425	left	1	3	102
1	lxy	f	23	1	90	circle	green	(645, 652)	low	dis	(757, 540)	Y	dif	hori	left	True	934446	936169	left	1	3	103
1	lxy	f	23	1	90	circle	red	(757, 540)	high	dis	(533, 540)	N	dif	hori	left	True	937391	938721	left	1	3	104
1	lxy	f	23	1	90	diamond	green	(757, 540)	high	no	no_dis	N	same	hori	left	True	939849	941465	left	1	3	105
1	lxy	f	23	1	90	circle	red	(757, 540)	high	no	no_dis	N	dif	hori	left	True	942559	943489	left	1	3	106
1	lxy	f	23	1	90	diamond	green	(757, 540)	high	dis	(645, 428)	N	dif	hori	left	True	944688	945905	left	1	3	107
1	lxy	f	23	1	90	circle	green	(757, 540)	high	dis	(565, 619)	N	dif	vert	up	True	947028	948089	up	1	3	108
1	lxy	f	23	1	90	circle	green	(757, 540)	high	dis	(724, 460)	N	same	hori	left	True	949131	951352	left	1	3	109
1	lxy	f	23	1	90	circle	red	(757, 540)	high	no	no_dis	N	same	vert	up	True	952505	954313	up	1	3	110
1	lxy	f	23	1	90	circle	green	(757, 540)	high	dis	(533, 540)	N	dif	vert	up	True	955506	956737	up	1	3	111
1	lxy	f	23	1	90	circle	red	(757, 540)	high	no	no_dis	N	same	vert	up	True	957817	958825	up	1	3	112
1	lxy	f	23	1	90	circle	green	(757, 540)	high	no	no_dis	N	dif	hori	left	True	960077	961328	left	1	3	113
1	lxy	f	23	1	90	diamond	green	(757, 540)	high	no	no_dis	N	dif	hori	left	True	962483	963728	left	1	3	114
1	lxy	f	23	1	90	circle	green	(757, 540)	high	dis	(565, 619)	N	same	hori	left	True	964785	965824	left	1	3	115
1	lxy	f	23	1	90	diamond	green	(757, 540)	high	dis	(724, 619)	N	same	hori	left	True	966906	968697	left	1	3	116
1	lxy	f	23	1	90	circle	green	(757, 540)	high	no	no_dis	N	same	vert	up	True	969775	970880	up	1	3	117
1	lxy	f	23	1	90	diamond	red	(565, 460)	low	dis	(757, 540)	Y	same	vert	up	True	972085	974280	up	1	3	118
1	lxy	f	23	1	90	diamond	green	(757, 540)	high	dis	(565, 460)	N	dif	vert	up	True	975517	976824	up	1	3	119
1	lxy	f	23	1	90	diamond	red	(757, 540)	high	dis	(724, 460)	N	same	vert	up	True	977876	979800	up	1	3	120
1	lxy	f	23	1	90	circle	green	(645, 428)	low	dis	(757, 540)	Y	dif	hori	left	True	1018631	1020385	left	1	4	1
1	lxy	f	23	1	90	diamond	red	(757, 540)	high	dis	(533, 540)	N	same	vert	up	True	1021447	1022777	up	1	4	2
1	lxy	f	23	1	90	circle	green	(757, 540)	high	dis	(565, 619)	N	same	hori	left	True	1023983	1024800	left	1	4	3
1	lxy	f	23	1	90	diamond	red	(757, 540)	high	dis	(565, 619)	N	same	hori	left	True	1025875	1026784	left	1	4	4
1	lxy	f	23	1	90	circle	red	(757, 540)	high	dis	(533, 540)	N	same	hori	left	True	1027937	1029337	left	1	4	5
1	lxy	f	23	1	90	circle	green	(757, 540)	high	dis	(724, 460)	N	same	vert	up	True	1030529	1031849	up	1	4	6
1	lxy	f	23	1	90	circle	green	(757, 540)	high	dis	(724, 619)	N	same	hori	left	True	1032956	1034088	left	1	4	7
1	lxy	f	23	1	90	circle	green	(757, 540)	high	dis	(565, 460)	N	same	hori	left	True	1035276	1036121	left	1	4	8
1	lxy	f	23	1	90	diamond	red	(757, 540)	high	dis	(724, 460)	N	same	hori	left	True	1037271	1038640	left	1	4	9
1	lxy	f	23	1	90	circle	green	(757, 540)	high	no	no_dis	N	dif	hori	left	True	1039736	1040624	left	1	4	10
1	lxy	f	23	1	90	diamond	red	(757, 540)	high	no	no_dis	N	same	hori	left	True	1041859	1043320	left	1	4	11
1	lxy	f	23	1	90	circle	red	(757, 540)	high	no	no_dis	N	same	vert	up	True	1044501	1045632	up	1	4	12
1	lxy	f	23	1	90	circle	green	(757, 540)	high	dis	(565, 619)	N	same	hori	left	True	1046842	1047833	left	1	4	13
1	lxy	f	23	1	90	circle	green	(757, 540)	high	dis	(565, 460)	N	same	hori	left	True	1048881	1049657	left	1	4	14
1	lxy	f	23	1	90	circle	red	(757, 540)	high	dis	(645, 652)	N	dif	vert	up	True	1050820	1052240	up	1	4	15
1	lxy	f	23	1	90	circle	red	(757, 540)	high	dis	(533, 540)	N	dif	vert	up	True	1053364	1054481	up	1	4	16
1	lxy	f	23	1	90	diamond	green	(757, 540)	high	dis	(724, 619)	N	dif	hori	left	True	1055490	1056577	left	1	4	17
1	lxy	f	23	1	90	diamond	green	(757, 540)	high	dis	(724, 619)	N	dif	hori	left	True	1057617	1058600	left	1	4	18
1	lxy	f	23	1	90	diamond	green	(757, 540)	high	dis	(724, 460)	N	dif	hori	left	True	1059758	1060712	left	1	4	19
1	lxy	f	23	1	90	diamond	red	(757, 540)	high	no	no_dis	N	dif	vert	up	True	1061956	1062833	up	1	4	20
1	lxy	f	23	1	90	diamond	red	(757, 540)	high	dis	(724, 619)	N	dif	vert	up	True	1063967	1065016	up	1	4	21
1	lxy	f	23	1	90	diamond	red	(757, 540)	high	dis	(645, 652)	N	same	hori	left	True	1066170	1067200	left	1	4	22
1	lxy	f	23	1	90	diamond	green	(757, 540)	high	no	no_dis	N	same	vert	up	True	1068427	1069280	up	1	4	23
1	lxy	f	23	1	90	circle	red	(757, 540)	high	no	no_dis	N	dif	vert	up	True	1070506	1071816	up	1	4	24
1	lxy	f	23	1	90	diamond	red	(757, 540)	high	no	no_dis	N	same	vert	up	True	1073039	1073872	up	1	4	25
1	lxy	f	23	1	90	diamond	red	(757, 540)	high	dis	(645, 428)	N	dif	hori	left	True	1075066	1075872	left	1	4	26
1	lxy	f	23	1	90	diamond	green	(757, 540)	high	no	no_dis	N	dif	hori	left	True	1077100	1078009	left	1	4	27
1	lxy	f	23	1	90	circle	red	(757, 540)	high	no	no_dis	N	same	hori	left	True	1079181	1080120	left	1	4	28
1	lxy	f	23	1	90	circle	red	(757, 540)	high	dis	(565, 619)	N	dif	hori	left	True	1081126	1082064	left	1	4	29
1	lxy	f	23	1	90	circle	green	(757, 540)	high	dis	(724, 619)	N	dif	vert	up	True	1083192	1084048	up	1	4	30
1	lxy	f	23	1	90	circle	red	(757, 540)	high	dis	(645, 652)	N	dif	vert	up	True	1085118	1086017	up	1	4	31
1	lxy	f	23	1	90	diamond	green	(757, 540)	high	no	no_dis	N	same	vert	up	True	1087057	1088257	up	1	4	32
1	lxy	f	23	1	90	diamond	green	(757, 540)	high	dis	(533, 540)	N	dif	vert	up	True	1089477	1090168	up	1	4	33
1	lxy	f	23	1	90	diamond	red	(757, 540)	high	dis	(645, 428)	N	same	vert	up	True	1091395	1092297	up	1	4	34
1	lxy	f	23	1	90	diamond	green	(757, 540)	high	no	no_dis	N	same	hori	left	True	1093472	1094361	left	1	4	35
1	lxy	f	23	1	90	circle	red	(533, 540)	low	no	no_dis	N	same	vert	up	True	1095463	1096888	up	1	4	36
1	lxy	f	23	1	90	diamond	red	(757, 540)	high	dis	(565, 619)	N	dif	vert	up	True	1098110	1099336	up	1	4	37
1	lxy	f	23	1	90	circle	red	(757, 540)	high	dis	(645, 428)	N	same	vert	up	True	1100377	1101448	up	1	4	38
1	lxy	f	23	1	90	diamond	red	(757, 540)	high	dis	(565, 460)	N	same	vert	up	True	1102538	1103785	up	1	4	39
1	lxy	f	23	1	90	diamond	red	(757, 540)	high	dis	(533, 540)	N	dif	vert	up	True	1104984	1105897	up	1	4	40
1	lxy	f	23	1	90	diamond	red	(757, 540)	high	no	no_dis	N	dif	hori	left	True	1107109	1108032	left	1	4	41
1	lxy	f	23	1	90	diamond	green	(757, 540)	high	no	no_dis	N	dif	vert	up	True	1109111	1110168	up	1	4	42
1	lxy	f	23	1	90	diamond	green	(757, 540)	high	dis	(724, 460)	N	same	hori	left	True	1111348	1112448	left	1	4	43
1	lxy	f	23	1	90	diamond	green	(757, 540)	high	dis	(724, 619)	N	same	vert	up	True	1113667	1114680	up	1	4	44
1	lxy	f	23	1	90	diamond	green	(757, 540)	high	dis	(724, 619)	N	dif	vert	up	True	1115839	1116777	up	1	4	45
1	lxy	f	23	1	90	diamond	red	(757, 540)	high	dis	(724, 460)	N	same	vert	up	True	1117964	1118968	up	1	4	46
1	lxy	f	23	1	90	circle	red	(757, 540)	high	dis	(533, 540)	N	dif	hori	left	True	1119970	1120800	left	1	4	47
1	lxy	f	23	1	90	diamond	green	(757, 540)	high	dis	(565, 460)	N	dif	hori	left	True	1121921	1122904	left	1	4	48
1	lxy	f	23	1	90	circle	green	(757, 540)	high	dis	(724, 460)	N	dif	vert	up	True	1124095	1125033	up	1	4	49
1	lxy	f	23	1	90	circle	green	(645, 652)	low	dis	(757, 540)	Y	dif	vert	up	True	1126222	1127977	up	1	4	50
1	lxy	f	23	1	90	circle	green	(757, 540)	high	dis	(533, 540)	N	dif	vert	up	True	1129186	1130480	up	1	4	51
1	lxy	f	23	1	90	diamond	green	(724, 460)	low	dis	(757, 540)	Y	same	hori	left	True	1131699	1134368	left	1	4	52
1	lxy	f	23	1	90	circle	red	(757, 540)	high	no	no_dis	N	same	vert	up	True	1135445	1137440	up	1	4	53
1	lxy	f	23	1	90	diamond	green	(757, 540)	high	dis	(645, 652)	N	same	hori	left	True	1138688	1140056	left	1	4	54
1	lxy	f	23	1	90	diamond	green	(757, 540)	high	dis	(724, 460)	N	same	vert	up	True	1141242	1143208	up	1	4	55
1	lxy	f	23	1	90	diamond	green	(757, 540)	high	dis	(565, 460)	N	dif	hori	left	True	1144404	1145568	left	1	4	56
1	lxy	f	23	1	90	diamond	red	(757, 540)	high	no	no_dis	N	same	hori	left	True	1146732	1147728	left	1	4	57
1	lxy	f	23	1	90	circle	green	(757, 540)	high	no	no_dis	N	dif	vert	up	True	1148815	1149928	up	1	4	58
1	lxy	f	23	1	90	circle	red	(757, 540)	high	no	no_dis	N	dif	vert	up	True	1151061	1152144	up	1	4	59
1	lxy	f	23	1	90	circle	red	(757, 540)	high	no	no_dis	N	same	hori	left	True	1153229	1154232	left	1	4	60
1	lxy	f	23	1	90	diamond	red	(645, 652)	low	no	no_dis	N	dif	hori	left	True	1155400	1156984	left	1	4	61
1	lxy	f	23	1	90	diamond	green	(757, 540)	high	dis	(645, 652)	N	dif	hori	left	True	1158105	1159256	left	1	4	62
1	lxy	f	23	1	90	diamond	green	(757, 540)	high	no	no_dis	N	dif	vert	up	True	1160502	1161856	up	1	4	63
1	lxy	f	23	1	90	diamond	green	(757, 540)	high	dis	(724, 619)	N	same	vert	up	True	1163070	1164272	up	1	4	64
1	lxy	f	23	1	90	diamond	green	(757, 540)	high	dis	(533, 540)	N	same	vert	up	True	1165503	1166328	up	1	4	65
1	lxy	f	23	1	90	diamond	green	(757, 540)	high	dis	(645, 428)	N	same	hori	left	True	1167355	1168353	left	1	4	66
1	lxy	f	23	1	90	circle	red	(757, 540)	high	dis	(565, 460)	N	dif	vert	up	True	1169362	1170560	up	1	4	67
1	lxy	f	23	1	90	diamond	red	(757, 540)	high	no	no_dis	N	dif	hori	left	True	1171588	1172744	left	1	4	68
1	lxy	f	23	1	90	circle	green	(757, 540)	high	no	no_dis	N	dif	vert	up	True	1173780	1174648	up	1	4	69
1	lxy	f	23	1	90	diamond	green	(565, 460)	low	no	no_dis	N	dif	vert	up	True	1175678	1177600	up	1	4	70
1	lxy	f	23	1	90	circle	green	(757, 540)	high	dis	(724, 619)	N	dif	hori	left	True	1178666	1179904	left	1	4	71
1	lxy	f	23	1	90	diamond	green	(757, 540)	high	no	no_dis	N	dif	hori	left	True	1181066	1181992	left	1	4	72
1	lxy	f	23	1	90	diamond	green	(757, 540)	high	dis	(645, 652)	N	dif	vert	up	True	1183073	1184128	up	1	4	73
1	lxy	f	23	1	90	circle	green	(757, 540)	high	dis	(645, 428)	N	same	vert	up	True	1185290	1186880	up	1	4	74
1	lxy	f	23	1	90	diamond	green	(757, 540)	high	dis	(565, 619)	N	dif	hori	left	True	1188019	1189576	left	1	4	75
1	lxy	f	23	1	90	circle	green	(757, 540)	high	no	no_dis	N	dif	vert	up	True	1190817	1192112	up	1	4	76
1	lxy	f	23	1	90	diamond	red	(757, 540)	high	dis	(533, 540)	N	same	vert	up	True	1193227	1194591	up	1	4	77
1	lxy	f	23	1	90	circle	red	(757, 540)	high	no	no_dis	N	same	vert	up	True	1195777	1196912	up	1	4	78
1	lxy	f	23	1	90	diamond	green	(757, 540)	high	no	no_dis	N	dif	hori	left	True	1198098	1199008	left	1	4	79
1	lxy	f	23	1	90	diamond	red	(757, 540)	high	no	no_dis	N	same	vert	up	True	1200112	1201456	up	1	4	80
1	lxy	f	23	1	90	circle	green	(757, 540)	high	dis	(645, 428)	N	dif	hori	left	True	1202649	1204152	left	1	4	81
1	lxy	f	23	1	90	circle	red	(757, 540)	high	dis	(565, 460)	N	same	vert	up	True	1205390	1206456	up	1	4	82
1	lxy	f	23	1	90	circle	red	(724, 460)	low	dis	(757, 540)	Y	same	vert	up	True	1207702	1209488	up	1	4	83
1	lxy	f	23	1	90	circle	red	(757, 540)	high	dis	(565, 460)	N	same	hori	left	True	1210576	1211512	left	1	4	84
1	lxy	f	23	1	90	diamond	red	(757, 540)	high	dis	(645, 652)	N	same	hori	left	True	1212642	1214184	left	1	4	85
1	lxy	f	23	1	90	circle	red	(757, 540)	high	dis	(645, 428)	N	dif	hori	left	True	1215402	1216496	left	1	4	86
1	lxy	f	23	1	90	circle	green	(757, 540)	high	dis	(565, 619)	N	dif	hori	left	True	1217607	1218528	left	1	4	87
1	lxy	f	23	1	90	circle	red	(565, 619)	low	dis	(757, 540)	Y	same	vert	up	True	1219726	1221264	up	1	4	88
1	lxy	f	23	1	90	circle	green	(724, 460)	low	no	no_dis	N	same	hori	left	True	1222383	1223760	up	0	4	89
1	lxy	f	23	1	90	circle	red	(757, 540)	high	dis	(645, 428)	N	dif	hori	left	True	1226479	1227264	left	1	4	90
1	lxy	f	23	1	90	circle	red	(757, 540)	high	dis	(565, 619)	N	same	vert	up	True	1228271	1229872	up	1	4	91
1	lxy	f	23	1	90	diamond	red	(757, 540)	high	dis	(645, 428)	N	dif	vert	up	True	1231047	1232600	up	1	4	92
1	lxy	f	23	1	90	diamond	red	(757, 540)	high	dis	(533, 540)	N	dif	vert	up	True	1233811	1234872	up	1	4	93
1	lxy	f	23	1	90	diamond	red	(724, 619)	low	dis	(757, 540)	Y	dif	hori	left	True	1235886	1238416	left	1	4	94
1	lxy	f	23	1	90	circle	red	(757, 540)	high	dis	(645, 428)	N	same	hori	left	True	1239423	1240384	left	1	4	95
1	lxy	f	23	1	90	circle	red	(757, 540)	high	no	no_dis	N	dif	hori	left	True	1241542	1242544	left	1	4	96
1	lxy	f	23	1	90	diamond	green	(757, 540)	high	no	no_dis	N	dif	hori	left	True	1243683	1244896	left	1	4	97
1	lxy	f	23	1	90	diamond	red	(757, 540)	high	no	no_dis	N	dif	hori	left	True	1245941	1247160	left	1	4	98
1	lxy	f	23	1	90	circle	green	(757, 540)	high	dis	(565, 619)	N	dif	hori	left	True	1248197	1249848	left	1	4	99
1	lxy	f	23	1	90	circle	red	(757, 540)	high	dis	(565, 619)	N	same	vert	up	True	1250995	1252216	up	1	4	100
1	lxy	f	23	1	90	circle	red	(757, 540)	high	dis	(645, 652)	N	same	hori	left	True	1253301	1254192	left	1	4	101
1	lxy	f	23	1	90	diamond	green	(757, 540)	high	dis	(724, 619)	N	same	vert	up	True	1255382	1256375	up	1	4	102
1	lxy	f	23	1	90	circle	red	(757, 540)	high	dis	(565, 460)	N	same	vert	up	True	1257390	1258528	up	1	4	103
1	lxy	f	23	1	90	circle	red	(757, 540)	high	dis	(724, 460)	N	dif	vert	up	True	1259700	1260808	up	1	4	104
1	lxy	f	23	1	90	circle	green	(757, 540)	high	dis	(645, 652)	N	dif	hori	left	True	1261958	1263112	left	1	4	105
1	lxy	f	23	1	90	diamond	red	(757, 540)	high	dis	(645, 652)	N	dif	vert	up	True	1264139	1265080	up	1	4	106
1	lxy	f	23	1	90	circle	green	(757, 540)	high	no	no_dis	N	same	hori	left	True	1266186	1267032	left	1	4	107
1	lxy	f	23	1	90	circle	green	(757, 540)	high	no	no_dis	N	same	hori	left	True	1268156	1268864	left	1	4	108
1	lxy	f	23	1	90	diamond	red	(757, 540)	high	dis	(724, 460)	N	same	hori	left	True	1269970	1271168	left	1	4	109
1	lxy	f	23	1	90	circle	green	(757, 540)	high	dis	(565, 460)	N	same	vert	up	True	1272381	1273280	up	1	4	110
1	lxy	f	23	1	90	circle	green	(757, 540)	high	dis	(724, 619)	N	dif	vert	up	True	1274406	1275256	up	1	4	111
1	lxy	f	23	1	90	circle	red	(757, 540)	high	no	no_dis	N	same	hori	left	True	1276437	1277344	left	1	4	112
1	lxy	f	23	1	90	circle	green	(757, 540)	high	no	no_dis	N	same	hori	left	True	1278572	1279464	left	1	4	113
1	lxy	f	23	1	90	diamond	red	(757, 540)	high	no	no_dis	N	dif	vert	up	True	1280480	1281409	up	1	4	114
1	lxy	f	23	1	90	diamond	red	(757, 540)	high	dis	(565, 460)	N	dif	hori	left	True	1282526	1283416	left	1	4	115
1	lxy	f	23	1	90	diamond	red	(565, 460)	low	dis	(757, 540)	Y	same	hori	left	True	1284664	1287080	left	1	4	116
1	lxy	f	23	1	90	circle	green	(757, 540)	high	no	no_dis	N	same	vert	up	True	1288319	1289855	up	1	4	117
1	lxy	f	23	1	90	circle	green	(757, 540)	high	no	no_dis	N	same	vert	up	True	1291081	1292712	up	1	4	118
1	lxy	f	23	1	90	circle	green	(757, 540)	high	dis	(724, 460)	N	same	hori	left	True	1293929	1294960	left	1	4	119
1	lxy	f	23	1	90	diamond	green	(533, 540)	low	dis	(757, 540)	Y	dif	vert	up	True	1296141	1297455	up	1	4	120
1	lxy	f	23	1	90	circle	green	(757, 540)	high	no	no_dis	N	same	hori	left	True	1331885	1333111	left	1	5	1
1	lxy	f	23	1	90	circle	green	(757, 540)	high	no	no_dis	N	dif	hori	left	True	1334192	1334888	left	1	5	2
1	lxy	f	23	1	90	circle	red	(757, 540)	high	dis	(565, 619)	N	dif	hori	left	True	1336020	1336839	left	1	5	3
1	lxy	f	23	1	90	diamond	green	(757, 540)	high	dis	(565, 619)	N	dif	hori	left	True	1338044	1339312	left	1	5	4
1	lxy	f	23	1	90	circle	green	(757, 540)	high	no	no_dis	N	same	vert	up	True	1340325	1341512	up	1	5	5
1	lxy	f	23	1	90	diamond	green	(757, 540)	high	dis	(724, 619)	N	same	vert	up	True	1342741	1344112	up	1	5	6
1	lxy	f	23	1	90	diamond	green	(757, 540)	high	dis	(533, 540)	N	same	vert	up	True	1345256	1346040	up	1	5	7
1	lxy	f	23	1	90	diamond	green	(757, 540)	high	no	no_dis	N	dif	hori	left	True	1347111	1347895	left	1	5	8
1	lxy	f	23	1	90	diamond	red	(757, 540)	high	no	no_dis	N	dif	vert	up	True	1348952	1349952	up	1	5	9
1	lxy	f	23	1	90	circle	green	(757, 540)	high	no	no_dis	N	dif	hori	left	True	1351126	1351976	left	1	5	10
1	lxy	f	23	1	90	diamond	red	(724, 460)	low	no	no_dis	N	same	hori	left	True	1353188	1355232	left	1	5	11
1	lxy	f	23	1	90	circle	red	(757, 540)	high	no	no_dis	N	dif	vert	up	True	1356371	1358784	up	1	5	12
1	lxy	f	23	1	90	circle	red	(757, 540)	high	dis	(565, 619)	N	dif	hori	left	True	1360035	1361112	left	1	5	13
1	lxy	f	23	1	90	circle	green	(757, 540)	high	dis	(645, 652)	N	dif	hori	left	True	1362251	1363376	left	1	5	14
1	lxy	f	23	1	90	circle	red	(757, 540)	high	no	no_dis	N	same	vert	up	True	1364485	1366120	up	1	5	15
1	lxy	f	23	1	90	circle	green	(757, 540)	high	dis	(724, 460)	N	same	hori	left	True	1367336	1368184	left	1	5	16
1	lxy	f	23	1	90	circle	red	(757, 540)	high	no	no_dis	N	same	hori	left	True	1369246	1370168	left	1	5	17
1	lxy	f	23	1	90	circle	red	(757, 540)	high	dis	(565, 460)	N	dif	vert	up	True	1371329	1372688	up	1	5	18
1	lxy	f	23	1	90	circle	green	(757, 540)	high	dis	(533, 540)	N	same	vert	up	True	1373856	1374824	up	1	5	19
1	lxy	f	23	1	90	diamond	red	(757, 540)	high	dis	(724, 460)	N	same	vert	up	True	1375941	1377344	up	1	5	20
1	lxy	f	23	1	90	diamond	green	(757, 540)	high	dis	(645, 428)	N	same	hori	left	True	1378542	1379448	left	1	5	21
1	lxy	f	23	1	90	diamond	green	(757, 540)	high	dis	(565, 460)	N	dif	hori	left	True	1380539	1382280	left	1	5	22
1	lxy	f	23	1	90	diamond	green	(757, 540)	high	dis	(533, 540)	N	same	vert	up	True	1383331	1384352	up	1	5	23
1	lxy	f	23	1	90	circle	green	(757, 540)	high	dis	(724, 619)	N	same	vert	up	True	1385442	1386848	up	1	5	24
1	lxy	f	23	1	90	diamond	red	(757, 540)	high	dis	(565, 619)	N	same	vert	up	True	1387932	1388976	up	1	5	25
1	lxy	f	23	1	90	diamond	green	(757, 540)	high	no	no_dis	N	dif	hori	left	True	1390143	1391055	left	1	5	26
1	lxy	f	23	1	90	diamond	green	(565, 460)	low	dis	(757, 540)	Y	same	hori	left	True	1392247	1393487	left	1	5	27
1	lxy	f	23	1	90	diamond	red	(757, 540)	high	dis	(565, 619)	N	same	hori	left	True	1394661	1395720	left	1	5	28
1	lxy	f	23	1	90	diamond	green	(757, 540)	high	dis	(645, 652)	N	dif	hori	left	True	1396928	1397848	left	1	5	29
1	lxy	f	23	1	90	diamond	red	(757, 540)	high	dis	(724, 460)	N	dif	vert	up	True	1399057	1400312	up	1	5	30
1	lxy	f	23	1	90	diamond	red	(757, 540)	high	dis	(645, 428)	N	same	hori	left	True	1401485	1402936	left	1	5	31
1	lxy	f	23	1	90	diamond	green	(757, 540)	high	dis	(565, 619)	N	same	vert	up	True	1404124	1405584	up	1	5	32
1	lxy	f	23	1	90	circle	green	(757, 540)	high	dis	(724, 460)	N	dif	vert	up	True	1406834	1408872	up	1	5	33
1	lxy	f	23	1	90	circle	green	(757, 540)	high	dis	(533, 540)	N	dif	hori	left	True	1410050	1411264	left	1	5	34
1	lxy	f	23	1	90	diamond	red	(757, 540)	high	dis	(645, 428)	N	dif	hori	left	True	1412334	1413416	left	1	5	35
1	lxy	f	23	1	90	circle	red	(757, 540)	high	dis	(724, 619)	N	dif	vert	up	True	1414462	1415839	up	1	5	36
1	lxy	f	23	1	90	diamond	green	(757, 540)	high	no	no_dis	N	same	vert	up	True	1417041	1418048	up	1	5	37
1	lxy	f	23	1	90	diamond	red	(757, 540)	high	no	no_dis	N	dif	hori	left	True	1419058	1419864	left	1	5	38
1	lxy	f	23	1	90	circle	red	(724, 460)	low	dis	(757, 540)	Y	dif	vert	up	True	1421062	1424000	up	1	5	39
1	lxy	f	23	1	90	circle	red	(645, 428)	low	no	no_dis	N	dif	hori	left	True	1425033	1427039	left	1	5	40
1	lxy	f	23	1	90	circle	red	(757, 540)	high	dis	(645, 428)	N	dif	hori	left	True	1428182	1429591	left	1	5	41
1	lxy	f	23	1	90	diamond	red	(724, 619)	low	dis	(757, 540)	Y	dif	hori	left	True	1430784	1432560	left	1	5	42
1	lxy	f	23	1	90	circle	red	(757, 540)	high	dis	(724, 619)	N	same	hori	left	True	1433711	1435120	left	1	5	43
1	lxy	f	23	1	90	diamond	red	(757, 540)	high	dis	(565, 460)	N	dif	vert	up	True	1436245	1437128	up	1	5	44
1	lxy	f	23	1	90	diamond	red	(757, 540)	high	dis	(724, 619)	N	dif	hori	left	True	1438160	1439416	left	1	5	45
1	lxy	f	23	1	90	diamond	green	(757, 540)	high	dis	(645, 428)	N	same	hori	left	True	1440537	1441960	left	1	5	46
1	lxy	f	23	1	90	diamond	green	(757, 540)	high	dis	(565, 460)	N	same	vert	up	True	1443137	1444144	up	1	5	47
1	lxy	f	23	1	90	diamond	green	(757, 540)	high	dis	(645, 428)	N	dif	hori	left	True	1445318	1446704	left	1	5	48
1	lxy	f	23	1	90	circle	red	(757, 540)	high	dis	(645, 652)	N	dif	hori	left	True	1447950	1449015	left	1	5	49
1	lxy	f	23	1	90	circle	green	(533, 540)	low	no	no_dis	N	same	vert	up	True	1450190	1452336	up	1	5	50
1	lxy	f	23	1	90	diamond	red	(757, 540)	high	no	no_dis	N	dif	hori	left	True	1453469	1454352	left	1	5	51
1	lxy	f	23	1	90	diamond	red	(757, 540)	high	dis	(724, 460)	N	same	vert	up	True	1455575	1456919	up	1	5	52
1	lxy	f	23	1	90	diamond	green	(757, 540)	high	no	no_dis	N	same	vert	up	True	1458109	1459448	up	1	5	53
1	lxy	f	23	1	90	diamond	red	(757, 540)	high	dis	(724, 619)	N	same	hori	left	True	1460686	1461719	left	1	5	54
1	lxy	f	23	1	90	diamond	red	(757, 540)	high	dis	(533, 540)	N	dif	vert	up	True	1462851	1464127	up	1	5	55
1	lxy	f	23	1	90	circle	green	(757, 540)	high	no	no_dis	N	dif	hori	left	True	1465156	1466080	left	1	5	56
1	lxy	f	23	1	90	circle	green	(757, 540)	high	no	no_dis	N	same	hori	left	True	1467296	1468207	left	1	5	57
1	lxy	f	23	1	90	diamond	red	(757, 540)	high	no	no_dis	N	same	vert	up	True	1469371	1470351	up	1	5	58
1	lxy	f	23	1	90	circle	green	(757, 540)	high	dis	(565, 460)	N	dif	hori	left	True	1471533	1472680	left	1	5	59
1	lxy	f	23	1	90	circle	red	(757, 540)	high	no	no_dis	N	dif	vert	up	True	1473721	1474792	up	1	5	60
1	lxy	f	23	1	90	circle	red	(757, 540)	high	dis	(533, 540)	N	dif	vert	up	True	1475887	1477000	up	1	5	61
1	lxy	f	23	1	90	circle	green	(757, 540)	high	no	no_dis	N	dif	vert	up	True	1478147	1479200	up	1	5	62
1	lxy	f	23	1	90	circle	green	(757, 540)	high	dis	(645, 652)	N	same	hori	left	True	1480318	1481695	left	1	5	63
1	lxy	f	23	1	90	diamond	green	(757, 540)	high	no	no_dis	N	dif	vert	up	True	1482847	1484247	up	1	5	64
1	lxy	f	23	1	90	circle	green	(757, 540)	high	dis	(565, 460)	N	dif	vert	up	True	1485325	1486487	up	1	5	65
1	lxy	f	23	1	90	diamond	red	(757, 540)	high	no	no_dis	N	same	vert	up	True	1487586	1488536	up	1	5	66
1	lxy	f	23	1	90	diamond	red	(757, 540)	high	dis	(724, 619)	N	same	hori	left	True	1489696	1490775	left	1	5	67
1	lxy	f	23	1	90	diamond	red	(757, 540)	high	no	no_dis	N	dif	vert	up	True	1491792	1492911	up	1	5	68
1	lxy	f	23	1	90	circle	green	(757, 540)	high	dis	(645, 652)	N	dif	vert	up	True	1493940	1495096	up	1	5	69
1	lxy	f	23	1	90	circle	red	(757, 540)	high	dis	(565, 460)	N	same	hori	left	True	1496257	1497247	left	1	5	70
1	lxy	f	23	1	90	circle	red	(757, 540)	high	dis	(533, 540)	N	same	vert	up	True	1498322	1499759	up	1	5	71
1	lxy	f	23	1	90	diamond	green	(757, 540)	high	no	no_dis	N	same	hori	left	True	1500893	1501928	left	1	5	72
1	lxy	f	23	1	90	circle	green	(645, 652)	low	dis	(757, 540)	Y	dif	hori	left	True	1503106	1505127	left	1	5	73
1	lxy	f	23	1	90	diamond	green	(757, 540)	high	dis	(645, 428)	N	dif	vert	up	True	1506317	1507744	up	1	5	74
1	lxy	f	23	1	90	diamond	green	(757, 540)	high	dis	(533, 540)	N	dif	vert	up	True	1508819	1510287	up	1	5	75
1	lxy	f	23	1	90	diamond	green	(757, 540)	high	dis	(565, 460)	N	same	vert	up	True	1511479	1512655	up	1	5	76
1	lxy	f	23	1	90	circle	red	(757, 540)	high	no	no_dis	N	same	hori	left	True	1513754	1514696	left	1	5	77
1	lxy	f	23	1	90	circle	green	(757, 540)	high	dis	(724, 619)	N	same	vert	up	True	1515828	1517767	up	1	5	78
1	lxy	f	23	1	90	diamond	red	(565, 460)	low	dis	(757, 540)	Y	dif	vert	up	True	1518801	1520599	up	1	5	79
1	lxy	f	23	1	90	circle	green	(757, 540)	high	dis	(645, 652)	N	same	vert	up	True	1521602	1523119	up	1	5	80
1	lxy	f	23	1	90	diamond	red	(757, 540)	high	dis	(645, 652)	N	same	hori	left	True	1524308	1525376	left	1	5	81
1	lxy	f	23	1	90	diamond	green	(757, 540)	high	no	no_dis	N	dif	hori	left	True	1526501	1527423	left	1	5	82
1	lxy	f	23	1	90	diamond	red	(757, 540)	high	no	no_dis	N	same	hori	left	True	1528534	1529879	left	1	5	83
1	lxy	f	23	1	90	circle	green	(757, 540)	high	dis	(724, 460)	N	same	hori	left	True	1531014	1532263	left	1	5	84
1	lxy	f	23	1	90	diamond	red	(757, 540)	high	no	no_dis	N	dif	vert	up	True	1533448	1534264	up	1	5	85
1	lxy	f	23	1	90	circle	red	(757, 540)	high	dis	(645, 428)	N	same	hori	left	True	1535288	1537263	left	1	5	86
1	lxy	f	23	1	90	diamond	red	(757, 540)	high	dis	(565, 619)	N	dif	hori	left	True	1538381	1539776	left	1	5	87
1	lxy	f	23	1	90	circle	red	(757, 540)	high	dis	(533, 540)	N	dif	vert	up	True	1540997	1542327	up	1	5	88
1	lxy	f	23	1	90	circle	red	(757, 540)	high	no	no_dis	N	same	hori	left	True	1543367	1544680	left	1	5	89
1	lxy	f	23	1	90	diamond	red	(757, 540)	high	dis	(533, 540)	N	same	hori	left	True	1545860	1547055	left	1	5	90
1	lxy	f	23	1	90	circle	green	(757, 540)	high	no	no_dis	N	same	hori	left	True	1548092	1549512	left	1	5	91
1	lxy	f	23	1	90	circle	red	(757, 540)	high	no	no_dis	N	dif	vert	up	True	1550647	1552144	up	1	5	92
1	lxy	f	23	1	90	diamond	green	(757, 540)	high	no	no_dis	N	dif	hori	left	True	1553180	1554248	left	1	5	93
1	lxy	f	23	1	90	diamond	red	(757, 540)	high	dis	(645, 652)	N	same	hori	left	True	1555334	1556384	left	1	5	94
1	lxy	f	23	1	90	circle	red	(565, 619)	low	dis	(757, 540)	Y	same	hori	left	True	1557611	1558712	left	1	5	95
1	lxy	f	23	1	90	diamond	green	(757, 540)	high	dis	(565, 619)	N	dif	vert	up	True	1559826	1561151	up	1	5	96
1	lxy	f	23	1	90	circle	green	(645, 428)	low	dis	(757, 540)	Y	same	vert	up	True	1562186	1563744	up	1	5	97
1	lxy	f	23	1	90	circle	red	(757, 540)	high	dis	(565, 460)	N	dif	hori	left	True	1564942	1565816	left	1	5	98
1	lxy	f	23	1	90	diamond	green	(757, 540)	high	dis	(724, 619)	N	dif	hori	left	True	1566819	1568208	left	1	5	99
1	lxy	f	23	1	90	diamond	green	(757, 540)	high	dis	(724, 460)	N	same	vert	up	True	1569284	1570832	up	1	5	100
1	lxy	f	23	1	90	diamond	green	(565, 460)	low	no	no_dis	N	dif	vert	up	True	1571862	1573527	up	1	5	101
1	lxy	f	23	1	90	diamond	green	(533, 540)	low	dis	(757, 540)	Y	same	vert	up	True	1574655	1575903	up	1	5	102
1	lxy	f	23	1	90	circle	green	(757, 540)	high	dis	(533, 540)	N	dif	vert	up	True	1577152	1579015	up	1	5	103
1	lxy	f	23	1	90	circle	red	(757, 540)	high	dis	(565, 619)	N	same	hori	left	True	1580214	1581303	left	1	5	104
1	lxy	f	23	1	90	diamond	red	(757, 540)	high	dis	(724, 619)	N	dif	hori	left	True	1582445	1583799	left	1	5	105
1	lxy	f	23	1	90	circle	red	(757, 540)	high	dis	(565, 460)	N	same	vert	up	True	1584989	1586080	up	1	5	106
1	lxy	f	23	1	90	circle	red	(757, 540)	high	no	no_dis	N	dif	vert	up	True	1587285	1588864	up	1	5	107
1	lxy	f	23	1	90	diamond	red	(757, 540)	high	dis	(724, 460)	N	same	vert	up	True	1590111	1591471	up	1	5	108
1	lxy	f	23	1	90	diamond	green	(757, 540)	high	dis	(645, 652)	N	same	hori	left	True	1592602	1593751	left	1	5	109
1	lxy	f	23	1	90	circle	red	(757, 540)	high	no	no_dis	N	same	vert	up	True	1594833	1596167	up	1	5	110
1	lxy	f	23	1	90	circle	green	(757, 540)	high	dis	(645, 428)	N	dif	vert	up	True	1597170	1598255	up	1	5	111
1	lxy	f	23	1	90	circle	green	(757, 540)	high	dis	(645, 652)	N	dif	vert	up	True	1599326	1600599	up	1	5	112
1	lxy	f	23	1	90	circle	green	(757, 540)	high	dis	(645, 428)	N	same	hori	left	True	1601730	1603031	left	1	5	113
1	lxy	f	23	1	90	circle	red	(757, 540)	high	dis	(724, 619)	N	dif	vert	up	True	1604142	1605263	up	1	5	114
1	lxy	f	23	1	90	circle	green	(757, 540)	high	dis	(724, 460)	N	same	vert	up	True	1606479	1607712	up	1	5	115
1	lxy	f	23	1	90	diamond	green	(757, 540)	high	no	no_dis	N	same	vert	up	True	1608761	1609783	up	1	5	116
1	lxy	f	23	1	90	circle	green	(757, 540)	high	no	no_dis	N	same	hori	left	True	1610925	1611759	left	1	5	117
1	lxy	f	23	1	90	diamond	red	(757, 540)	high	no	no_dis	N	same	vert	up	True	1612976	1614272	up	1	5	118
1	lxy	f	23	1	90	circle	red	(757, 540)	high	dis	(565, 619)	N	dif	vert	up	True	1615428	1616575	up	1	5	119
1	lxy	f	23	1	90	circle	red	(757, 540)	high	dis	(724, 460)	N	dif	hori	left	True	1617696	1618647	left	1	5	120
1	lxy	f	23	1	90	diamond	green	(757, 540)	high	no	no_dis	N	dif	vert	up	True	1653766	1656463	up	1	6	1
1	lxy	f	23	1	90	diamond	red	(757, 540)	high	no	no_dis	N	dif	hori	left	True	1657528	1658311	left	1	6	2
1	lxy	f	23	1	90	circle	red	(757, 540)	high	no	no_dis	N	dif	vert	up	True	1659529	1660775	up	1	6	3
1	lxy	f	23	1	90	diamond	green	(757, 540)	high	dis	(533, 540)	N	same	vert	up	True	1661967	1662960	up	1	6	4
1	lxy	f	23	1	90	circle	green	(757, 540)	high	dis	(724, 619)	N	same	vert	up	True	1663993	1665344	up	1	6	5
1	lxy	f	23	1	90	diamond	red	(757, 540)	high	dis	(724, 619)	N	same	hori	left	True	1666452	1667423	left	1	6	6
1	lxy	f	23	1	90	circle	red	(757, 540)	high	dis	(645, 428)	N	dif	hori	left	True	1668650	1669423	left	1	6	7
1	lxy	f	23	1	90	circle	red	(757, 540)	high	dis	(724, 460)	N	same	hori	left	True	1670470	1671447	left	1	6	8
1	lxy	f	23	1	90	diamond	red	(724, 619)	low	dis	(757, 540)	Y	same	vert	up	True	1672479	1674887	up	1	6	9
1	lxy	f	23	1	90	circle	red	(565, 460)	low	no	no_dis	N	dif	vert	up	True	1675953	1676983	up	1	6	10
1	lxy	f	23	1	90	circle	red	(757, 540)	high	dis	(565, 619)	N	same	hori	left	True	1678128	1678903	left	1	6	11
1	lxy	f	23	1	90	circle	red	(724, 460)	low	dis	(757, 540)	Y	same	hori	left	True	1680070	1681151	left	1	6	12
1	lxy	f	23	1	90	diamond	green	(757, 540)	high	no	no_dis	N	same	vert	up	True	1682319	1683151	up	1	6	13
1	lxy	f	23	1	90	diamond	red	(757, 540)	high	dis	(724, 460)	N	dif	vert	up	True	1684190	1685447	up	1	6	14
1	lxy	f	23	1	90	circle	green	(645, 652)	low	dis	(757, 540)	Y	same	hori	left	True	1686499	1688143	left	1	6	15
1	lxy	f	23	1	90	circle	red	(757, 540)	high	dis	(645, 652)	N	same	hori	left	True	1689193	1690599	left	1	6	16
1	lxy	f	23	1	90	circle	green	(757, 540)	high	no	no_dis	N	same	hori	left	True	1691602	1692328	left	1	6	17
1	lxy	f	23	1	90	circle	red	(757, 540)	high	dis	(533, 540)	N	dif	vert	up	True	1693508	1694671	up	1	6	18
1	lxy	f	23	1	90	circle	red	(757, 540)	high	dis	(533, 540)	N	dif	hori	left	True	1695722	1696639	left	1	6	19
1	lxy	f	23	1	90	diamond	red	(757, 540)	high	dis	(724, 460)	N	dif	vert	up	True	1697718	1698743	up	1	6	20
1	lxy	f	23	1	90	diamond	red	(565, 460)	low	dis	(757, 540)	Y	dif	hori	left	True	1699984	1701527	left	1	6	21
1	lxy	f	23	1	90	diamond	red	(757, 540)	high	dis	(565, 619)	N	dif	hori	left	True	1702677	1703703	left	1	6	22
1	lxy	f	23	1	90	circle	green	(757, 540)	high	dis	(724, 460)	N	dif	hori	left	True	1704742	1706031	left	1	6	23
1	lxy	f	23	1	90	diamond	red	(757, 540)	high	dis	(724, 619)	N	same	hori	left	True	1707205	1708439	left	1	6	24
1	lxy	f	23	1	90	diamond	red	(757, 540)	high	no	no_dis	N	dif	vert	up	True	1709567	1710423	up	1	6	25
1	lxy	f	23	1	90	diamond	green	(757, 540)	high	dis	(565, 619)	N	dif	hori	left	True	1711584	1712783	left	1	6	26
1	lxy	f	23	1	90	circle	red	(565, 619)	low	dis	(757, 540)	Y	same	vert	up	True	1713831	1715287	up	1	6	27
1	lxy	f	23	1	90	circle	green	(757, 540)	high	no	no_dis	N	dif	hori	left	True	1716456	1717279	left	1	6	28
1	lxy	f	23	1	90	diamond	red	(757, 540)	high	dis	(645, 428)	N	dif	hori	left	True	1718509	1719711	left	1	6	29
1	lxy	f	23	1	90	diamond	green	(757, 540)	high	dis	(645, 428)	N	same	hori	left	True	1720798	1721655	left	1	6	30
1	lxy	f	23	1	90	diamond	green	(757, 540)	high	dis	(645, 652)	N	same	hori	left	True	1722662	1723560	left	1	6	31
1	lxy	f	23	1	90	diamond	red	(757, 540)	high	dis	(565, 619)	N	same	hori	left	True	1724597	1725463	left	1	6	32
1	lxy	f	23	1	90	diamond	red	(757, 540)	high	no	no_dis	N	dif	hori	left	True	1726574	1727367	left	1	6	33
1	lxy	f	23	1	90	circle	red	(757, 540)	high	no	no_dis	N	same	vert	up	True	1728573	1729679	up	1	6	34
1	lxy	f	23	1	90	circle	green	(757, 540)	high	dis	(533, 540)	N	dif	vert	up	True	1730915	1732311	up	1	6	35
1	lxy	f	23	1	90	diamond	green	(533, 540)	low	dis	(757, 540)	Y	dif	vert	up	True	1733396	1735191	up	1	6	36
1	lxy	f	23	1	90	circle	green	(757, 540)	high	no	no_dis	N	same	vert	up	True	1736316	1737471	up	1	6	37
1	lxy	f	23	1	90	circle	red	(757, 540)	high	no	no_dis	N	dif	hori	left	True	1738503	1739751	left	1	6	38
1	lxy	f	23	1	90	circle	green	(757, 540)	high	no	no_dis	N	same	hori	left	True	1740764	1741655	left	1	6	39
1	lxy	f	23	1	90	diamond	green	(757, 540)	high	dis	(724, 619)	N	dif	vert	up	True	1742875	1744272	up	1	6	40
1	lxy	f	23	1	90	diamond	green	(757, 540)	high	no	no_dis	N	dif	hori	left	True	1745438	1746551	left	1	6	41
1	lxy	f	23	1	90	circle	green	(757, 540)	high	no	no_dis	N	dif	hori	left	True	1747756	1748671	left	1	6	42
1	lxy	f	23	1	90	circle	green	(757, 540)	high	no	no_dis	N	dif	hori	left	True	1749882	1750759	left	1	6	43
1	lxy	f	23	1	90	circle	green	(757, 540)	high	no	no_dis	N	same	vert	up	True	1751876	1752967	up	1	6	44
1	lxy	f	23	1	90	diamond	green	(757, 540)	high	dis	(724, 460)	N	dif	vert	up	True	1754020	1755463	up	1	6	45
1	lxy	f	23	1	90	diamond	red	(757, 540)	high	dis	(645, 428)	N	same	hori	left	True	1756505	1757743	left	1	6	46
1	lxy	f	23	1	90	diamond	green	(757, 540)	high	no	no_dis	N	dif	vert	up	True	1758978	1760262	up	1	6	47
1	lxy	f	23	1	90	diamond	red	(757, 540)	high	no	no_dis	N	dif	hori	left	True	1761297	1762207	left	1	6	48
1	lxy	f	23	1	90	diamond	green	(757, 540)	high	no	no_dis	N	same	vert	up	True	1763226	1764255	up	1	6	49
1	lxy	f	23	1	90	diamond	green	(757, 540)	high	dis	(724, 619)	N	dif	vert	up	True	1765417	1766751	up	1	6	50
1	lxy	f	23	1	90	diamond	green	(757, 540)	high	dis	(724, 619)	N	same	vert	up	True	1767768	1768824	up	1	6	51
1	lxy	f	23	1	90	diamond	red	(757, 540)	high	no	no_dis	N	same	vert	up	True	1769859	1770616	up	1	6	52
1	lxy	f	23	1	90	diamond	red	(757, 540)	high	dis	(565, 460)	N	same	vert	up	True	1771714	1772695	up	1	6	53
1	lxy	f	23	1	90	circle	red	(757, 540)	high	dis	(533, 540)	N	same	vert	up	True	1773809	1775134	up	1	6	54
1	lxy	f	23	1	90	diamond	green	(565, 460)	low	dis	(757, 540)	Y	dif	hori	left	True	1776163	1777767	left	1	6	55
1	lxy	f	23	1	90	circle	red	(757, 540)	high	dis	(533, 540)	N	same	hori	left	True	1779018	1780183	left	1	6	56
1	lxy	f	23	1	90	diamond	red	(757, 540)	high	dis	(645, 652)	N	same	vert	up	True	1781307	1782111	up	1	6	57
1	lxy	f	23	1	90	diamond	red	(757, 540)	high	dis	(565, 619)	N	same	vert	up	True	1783181	1784103	up	1	6	58
1	lxy	f	23	1	90	circle	red	(757, 540)	high	dis	(724, 460)	N	dif	hori	left	True	1785307	1786823	left	1	6	59
1	lxy	f	23	1	90	circle	green	(757, 540)	high	dis	(645, 652)	N	dif	vert	up	True	1787902	1789831	up	1	6	60
1	lxy	f	23	1	90	diamond	red	(757, 540)	high	dis	(565, 619)	N	same	hori	left	True	1791015	1792263	left	1	6	61
1	lxy	f	23	1	90	circle	red	(757, 540)	high	dis	(724, 460)	N	dif	hori	left	True	1793308	1794551	left	1	6	62
1	lxy	f	23	1	90	diamond	red	(757, 540)	high	no	no_dis	N	same	hori	left	True	1795682	1796639	left	1	6	63
1	lxy	f	23	1	90	diamond	green	(757, 540)	high	no	no_dis	N	same	hori	left	True	1797805	1798903	left	1	6	64
1	lxy	f	23	1	90	diamond	green	(757, 540)	high	dis	(565, 619)	N	dif	hori	left	True	1800027	1800863	left	1	6	65
1	lxy	f	23	1	90	diamond	green	(757, 540)	high	dis	(533, 540)	N	dif	hori	left	True	1802043	1802831	left	1	6	66
1	lxy	f	23	1	90	circle	red	(757, 540)	high	dis	(533, 540)	N	same	vert	up	True	1803880	1805255	up	1	6	67
1	lxy	f	23	1	90	circle	green	(757, 540)	high	dis	(645, 652)	N	same	hori	left	True	1806307	1807511	left	1	6	68
1	lxy	f	23	1	90	circle	red	(757, 540)	high	dis	(724, 460)	N	dif	hori	left	True	1808634	1809935	left	1	6	69
1	lxy	f	23	1	90	circle	green	(757, 540)	high	dis	(724, 619)	N	dif	hori	left	True	1811166	1812639	left	1	6	70
1	lxy	f	23	1	90	diamond	red	(757, 540)	high	dis	(724, 619)	N	same	hori	left	True	1813725	1814679	left	1	6	71
1	lxy	f	23	1	90	circle	red	(757, 540)	high	no	no_dis	N	same	hori	left	True	1815685	1817127	left	1	6	72
1	lxy	f	23	1	90	circle	green	(757, 540)	high	dis	(533, 540)	N	dif	hori	left	True	1818208	1819479	left	1	6	73
1	lxy	f	23	1	90	circle	red	(757, 540)	high	dis	(565, 460)	N	dif	vert	up	True	1820608	1822766	up	1	6	74
1	lxy	f	23	1	90	circle	red	(757, 540)	high	dis	(565, 460)	N	same	vert	up	True	1823898	1825135	up	1	6	75
1	lxy	f	23	1	90	circle	green	(757, 540)	high	dis	(565, 460)	N	dif	hori	left	True	1826349	1827175	left	1	6	76
1	lxy	f	23	1	90	diamond	green	(757, 540)	high	dis	(565, 460)	N	dif	vert	up	True	1828212	1829879	up	1	6	77
1	lxy	f	23	1	90	circle	green	(757, 540)	high	no	no_dis	N	dif	vert	up	True	1831094	1832463	up	1	6	78
1	lxy	f	23	1	90	diamond	red	(757, 540)	high	no	no_dis	N	same	hori	left	True	1833483	1834567	left	1	6	79
1	lxy	f	23	1	90	circle	red	(757, 540)	high	no	no_dis	N	dif	vert	up	True	1835726	1837367	up	1	6	80
1	lxy	f	23	1	90	circle	green	(757, 540)	high	dis	(645, 652)	N	dif	vert	up	True	1838375	1839687	up	1	6	81
1	lxy	f	23	1	90	circle	green	(757, 540)	high	dis	(724, 460)	N	same	vert	up	True	1840934	1842503	up	1	6	82
1	lxy	f	23	1	90	diamond	red	(757, 540)	high	dis	(565, 460)	N	dif	vert	up	True	1843529	1844559	up	1	6	83
1	lxy	f	23	1	90	circle	red	(757, 540)	high	no	no_dis	N	dif	vert	up	True	1845705	1846702	up	1	6	84
1	lxy	f	23	1	90	circle	red	(757, 540)	high	no	no_dis	N	dif	vert	up	True	1847834	1849103	up	1	6	85
1	lxy	f	23	1	90	diamond	red	(757, 540)	high	dis	(724, 460)	N	same	vert	up	True	1850226	1851407	up	1	6	86
1	lxy	f	23	1	90	circle	red	(757, 540)	high	dis	(565, 460)	N	dif	hori	left	True	1852524	1854222	left	1	6	87
1	lxy	f	23	1	90	diamond	red	(757, 540)	high	dis	(724, 619)	N	same	vert	up	True	1855369	1856503	up	1	6	88
1	lxy	f	23	1	90	circle	red	(757, 540)	high	no	no_dis	N	same	hori	left	True	1857728	1858855	left	1	6	89
1	lxy	f	23	1	90	diamond	green	(757, 540)	high	dis	(533, 540)	N	same	vert	up	True	1859990	1861063	up	1	6	90
1	lxy	f	23	1	90	circle	red	(757, 540)	high	no	no_dis	N	same	vert	up	True	1862184	1863558	up	1	6	91
1	lxy	f	23	1	90	diamond	red	(757, 540)	high	no	no_dis	N	same	vert	up	True	1864620	1865575	up	1	6	92
1	lxy	f	23	1	90	circle	green	(757, 540)	high	dis	(645, 428)	N	same	hori	left	True	1866705	1867702	left	1	6	93
1	lxy	f	23	1	90	circle	red	(757, 540)	high	dis	(645, 652)	N	dif	vert	up	True	1868883	1870198	up	1	6	94
1	lxy	f	23	1	90	circle	green	(757, 540)	high	dis	(565, 460)	N	dif	vert	up	True	1871315	1872207	up	1	6	95
1	lxy	f	23	1	90	diamond	green	(757, 540)	high	dis	(645, 428)	N	same	hori	left	True	1873250	1874254	left	1	6	96
1	lxy	f	23	1	90	circle	green	(757, 540)	high	dis	(645, 428)	N	dif	hori	left	True	1875277	1876239	left	1	6	97
1	lxy	f	23	1	90	diamond	red	(757, 540)	high	dis	(645, 652)	N	same	hori	left	True	1877335	1878199	left	1	6	98
1	lxy	f	23	1	90	circle	green	(757, 540)	high	no	no_dis	N	dif	hori	left	True	1879442	1880399	left	1	6	99
1	lxy	f	23	1	90	diamond	green	(757, 540)	high	no	no_dis	N	same	hori	left	True	1881410	1882606	left	1	6	100
1	lxy	f	23	1	90	diamond	red	(757, 540)	high	dis	(724, 619)	N	dif	hori	left	True	1883618	1884566	left	1	6	101
1	lxy	f	23	1	90	circle	red	(757, 540)	high	dis	(565, 619)	N	same	hori	left	True	1885715	1886686	left	1	6	102
1	lxy	f	23	1	90	circle	green	(757, 540)	high	dis	(645, 652)	N	same	vert	up	True	1887701	1888552	up	1	6	103
1	lxy	f	23	1	90	diamond	green	(757, 540)	high	dis	(645, 428)	N	same	vert	up	True	1889582	1890591	up	1	6	104
1	lxy	f	23	1	90	circle	green	(645, 428)	low	dis	(757, 540)	Y	dif	vert	up	True	1891743	1893599	up	1	6	105
1	lxy	f	23	1	90	diamond	red	(757, 540)	high	no	no_dis	N	dif	vert	up	True	1894807	1896430	up	1	6	106
1	lxy	f	23	1	90	circle	green	(757, 540)	high	dis	(565, 619)	N	same	vert	up	True	1897604	1899263	up	1	6	107
1	lxy	f	23	1	90	diamond	green	(757, 540)	high	no	no_dis	N	same	vert	up	True	1900365	1901470	up	1	6	108
1	lxy	f	23	1	90	circle	green	(724, 619)	low	no	no_dis	N	same	vert	up	True	1902614	1904263	up	1	6	109
1	lxy	f	23	1	90	circle	red	(757, 540)	high	dis	(533, 540)	N	same	vert	up	True	1905363	1906671	up	1	6	110
1	lxy	f	23	1	90	diamond	green	(757, 540)	high	dis	(565, 460)	N	dif	hori	left	True	1907876	1908919	left	1	6	111
1	lxy	f	23	1	90	diamond	red	(565, 619)	low	no	no_dis	N	dif	hori	left	True	1910106	1911311	left	1	6	112
1	lxy	f	23	1	90	diamond	green	(757, 540)	high	dis	(645, 652)	N	same	hori	left	True	1912334	1913239	left	1	6	113
1	lxy	f	23	1	90	diamond	green	(757, 540)	high	dis	(565, 619)	N	dif	vert	up	True	1914348	1916799	up	1	6	114
1	lxy	f	23	1	90	diamond	green	(757, 540)	high	no	no_dis	N	same	hori	left	True	1917889	1919270	left	1	6	115
1	lxy	f	23	1	90	circle	green	(757, 540)	high	dis	(565, 460)	N	dif	vert	up	True	1920411	1921952	up	1	6	116
1	lxy	f	23	1	90	diamond	green	(757, 540)	high	dis	(645, 428)	N	dif	vert	up	True	1923191	1924439	up	1	6	117
1	lxy	f	23	1	90	circle	green	(757, 540)	high	dis	(645, 652)	N	dif	vert	up	True	1925633	1927679	up	1	6	118
1	lxy	f	23	1	90	diamond	green	(645, 428)	low	no	no_dis	N	same	hori	left	True	1928858	1930127	left	1	6	119
1	lxy	f	23	1	90	circle	green	(757, 540)	high	dis	(645, 428)	N	same	vert	up	True	1931150	1932591	up	1	6	120
conf	1	lxy	f	23	1	90	True	1969713	1982663	1	True	1982675	1988751	1
