subj	name	gender	age	prac	group	shape	color	tar_loc	popularity	dis_cond	dis_loc	dis_high	td_dif	line	respkey	gotkey	startTime	respTime	resp	correct	block	trialnum
3	csq	f	19	1	90	diamond	green	(645, 428)	high	dis	(533, 540)	N	same	hori	left	True	15947	17579	left	1	1	1
3	csq	f	19	1	90	circle	green	(645, 428)	high	dis	(565, 460)	N	dif	hori	left	True	18816	20923	left	1	1	2
3	csq	f	19	1	90	diamond	green	(645, 428)	high	dis	(724, 619)	N	dif	vert	up	True	22042	23227	up	1	1	3
3	csq	f	19	1	90	diamond	green	(645, 428)	high	no	no_dis	N	same	vert	up	True	24294	25443	up	1	1	4
3	csq	f	19	1	90	diamond	green	(645, 428)	high	dis	(724, 619)	N	dif	vert	up	True	26483	27875	up	1	1	5
3	csq	f	19	1	90	diamond	red	(645, 428)	high	no	no_dis	N	same	hori	left	True	28935	30195	left	1	1	6
3	csq	f	19	1	90	circle	green	(645, 428)	high	dis	(565, 619)	N	same	hori	left	True	31225	33675	left	1	1	7
3	csq	f	19	1	90	circle	green	(645, 428)	high	dis	(724, 460)	N	same	vert	up	True	34791	37211	up	1	1	8
3	csq	f	19	1	90	circle	red	(645, 428)	high	dis	(724, 619)	N	same	vert	up	True	38236	40563	up	1	1	9
3	csq	f	19	1	90	diamond	red	(645, 428)	high	dis	(724, 619)	N	dif	vert	up	True	41590	42963	up	1	1	10
3	csq	f	19	1	90	diamond	green	(645, 428)	high	dis	(533, 540)	N	same	vert	up	True	44211	45619	up	1	1	11
3	csq	f	19	1	90	diamond	green	(645, 428)	high	dis	(757, 540)	N	dif	vert	up	True	46786	48147	up	1	1	12
3	csq	f	19	1	90	circle	red	(645, 428)	high	no	no_dis	N	same	hori	left	True	49357	51403	up	0	1	13
3	csq	f	19	1	90	diamond	green	(645, 428)	high	dis	(565, 460)	N	same	hori	left	True	54088	55467	left	1	1	14
3	csq	f	19	1	90	diamond	red	(645, 428)	high	dis	(724, 460)	N	dif	hori	left	True	56672	58203	up	0	1	15
3	csq	f	19	1	90	diamond	red	(645, 428)	high	dis	(645, 652)	N	same	hori	left	True	60850	62691	left	1	1	16
3	csq	f	19	1	90	diamond	green	(645, 428)	high	no	no_dis	N	dif	vert	up	True	63823	65834	up	1	1	17
3	csq	f	19	1	90	circle	green	(645, 428)	high	dis	(724, 460)	N	dif	hori	left	True	67017	69379	left	1	1	18
3	csq	f	19	1	90	diamond	green	(645, 428)	high	dis	(565, 619)	N	dif	vert	up	True	70523	71915	up	1	1	19
3	csq	f	19	1	90	circle	red	(645, 428)	high	dis	(565, 460)	N	dif	vert	up	True	73086	74884	up	1	1	20
3	csq	f	19	1	90	diamond	red	(645, 428)	high	no	no_dis	N	same	hori	left	True	75920	77587	left	1	1	21
3	csq	f	19	1	90	circle	green	(645, 428)	high	dis	(757, 540)	N	same	hori	left	True	78735	80723	left	1	1	22
3	csq	f	19	1	90	circle	red	(645, 428)	high	no	no_dis	N	same	hori	left	True	81773	83515	left	1	1	23
3	csq	f	19	1	90	diamond	red	(645, 428)	high	dis	(565, 460)	N	same	hori	left	True	84559	86011	left	1	1	24
3	csq	f	19	1	90	circle	red	(645, 428)	high	dis	(565, 619)	N	dif	vert	up	True	87219	88571	up	1	1	25
3	csq	f	19	1	90	diamond	red	(645, 428)	high	no	no_dis	N	dif	hori	left	True	89574	91146	left	1	1	26
3	csq	f	19	1	90	diamond	green	(645, 428)	high	dis	(757, 540)	N	same	vert	up	True	92285	93675	up	1	1	27
3	csq	f	19	1	90	circle	green	(645, 652)	low	dis	(645, 428)	Y	same	hori	left	True	94836	96530	left	1	1	28
3	csq	f	19	1	90	circle	red	(645, 428)	high	dis	(645, 652)	N	same	hori	left	True	97657	98914	left	1	1	29
3	csq	f	19	1	90	diamond	green	(645, 428)	high	no	no_dis	N	same	vert	up	True	100064	102514	up	1	1	30
3	csq	f	19	1	90	circle	red	(645, 428)	high	no	no_dis	N	dif	hori	left	True	103580	105419	left	1	1	31
3	csq	f	19	1	90	diamond	green	(645, 428)	high	no	no_dis	N	same	vert	up	True	106510	107731	up	1	1	32
3	csq	f	19	1	90	circle	red	(645, 428)	high	dis	(757, 540)	N	same	vert	up	True	108774	110459	up	1	1	33
3	csq	f	19	1	90	circle	green	(645, 428)	high	no	no_dis	N	same	hori	left	True	111667	112747	left	1	1	34
3	csq	f	19	1	90	circle	green	(645, 428)	high	no	no_dis	N	same	hori	left	True	113942	114922	left	1	1	35
3	csq	f	19	1	90	diamond	green	(645, 428)	high	no	no_dis	N	dif	hori	left	True	115998	117099	left	1	1	36
3	csq	f	19	1	90	circle	green	(645, 428)	high	no	no_dis	N	dif	vert	up	True	118162	119378	up	1	1	37
3	csq	f	19	1	90	circle	red	(757, 540)	low	dis	(645, 428)	Y	dif	vert	up	True	120389	121259	left	0	1	38
3	csq	f	19	1	90	circle	red	(645, 428)	high	dis	(724, 619)	N	same	hori	left	True	124001	125827	left	1	1	39
3	csq	f	19	1	90	circle	green	(645, 428)	high	no	no_dis	N	dif	hori	left	True	127008	128283	left	1	1	40
3	csq	f	19	1	90	circle	green	(645, 428)	high	dis	(533, 540)	N	same	vert	up	True	129443	130858	up	1	1	41
3	csq	f	19	1	90	circle	red	(565, 619)	low	dis	(645, 428)	Y	dif	hori	left	True	131880	133763	left	1	1	42
3	csq	f	19	1	90	diamond	red	(645, 428)	high	no	no_dis	N	dif	hori	left	True	134862	136282	left	1	1	43
3	csq	f	19	1	90	circle	green	(645, 428)	high	dis	(565, 460)	N	dif	hori	left	True	137368	140083	left	1	1	44
3	csq	f	19	1	90	circle	green	(645, 428)	high	dis	(724, 460)	N	same	vert	up	False	141232	None	None	0	1	45
3	csq	f	19	1	90	diamond	red	(645, 428)	high	dis	(724, 619)	N	dif	hori	left	True	146984	148610	left	1	1	46
3	csq	f	19	1	90	circle	green	(645, 428)	high	dis	(724, 619)	N	dif	vert	up	True	149828	151274	left	0	1	47
3	csq	f	19	1	90	circle	green	(645, 428)	high	no	no_dis	N	same	vert	up	True	153818	155834	up	1	1	48
3	csq	f	19	1	90	circle	red	(645, 428)	high	dis	(645, 652)	N	dif	vert	up	True	156951	158931	up	1	1	49
3	csq	f	19	1	90	diamond	red	(645, 428)	high	dis	(565, 619)	N	same	vert	up	True	160164	161347	up	1	1	50
3	csq	f	19	1	90	circle	red	(645, 428)	high	no	no_dis	N	same	vert	up	True	162450	163858	up	1	1	51
3	csq	f	19	1	90	circle	red	(645, 428)	high	no	no_dis	N	same	hori	left	True	164943	165819	up	0	1	52
3	csq	f	19	1	90	diamond	green	(645, 428)	high	no	no_dis	N	dif	vert	up	True	168540	170643	up	1	1	53
3	csq	f	19	1	90	diamond	green	(533, 540)	low	dis	(645, 428)	Y	same	hori	left	True	171803	172827	left	1	1	54
3	csq	f	19	1	90	circle	green	(645, 428)	high	dis	(645, 652)	N	dif	hori	left	True	173869	175506	left	1	1	55
3	csq	f	19	1	90	diamond	red	(645, 428)	high	dis	(565, 619)	N	dif	hori	left	True	176665	177787	left	1	1	56
3	csq	f	19	1	90	diamond	red	(645, 652)	low	no	no_dis	N	dif	hori	left	True	178795	180187	left	1	1	57
3	csq	f	19	1	90	circle	green	(645, 428)	high	no	no_dis	N	same	hori	left	True	181398	182946	left	1	1	58
3	csq	f	19	1	90	circle	green	(645, 428)	high	dis	(565, 460)	N	dif	hori	left	True	184009	185890	left	1	1	59
3	csq	f	19	1	90	circle	green	(645, 428)	high	dis	(533, 540)	N	same	vert	up	True	186927	189043	up	1	1	60
3	csq	f	19	1	90	diamond	red	(645, 428)	high	dis	(724, 460)	N	dif	vert	up	True	190077	191699	up	1	1	61
3	csq	f	19	1	90	diamond	green	(645, 428)	high	dis	(645, 652)	N	dif	hori	left	True	192808	194043	left	1	1	62
3	csq	f	19	1	90	circle	red	(645, 428)	high	dis	(565, 619)	N	same	vert	up	True	195194	197186	up	1	1	63
3	csq	f	19	1	90	circle	red	(645, 428)	high	dis	(645, 652)	N	same	hori	left	True	198402	200115	left	1	1	64
3	csq	f	19	1	90	circle	red	(645, 428)	high	dis	(724, 460)	N	dif	vert	up	True	201195	202987	up	1	1	65
3	csq	f	19	1	90	circle	green	(724, 619)	low	no	no_dis	N	same	vert	up	True	204106	206379	up	1	1	66
3	csq	f	19	1	90	diamond	red	(645, 428)	high	no	no_dis	N	dif	vert	up	True	207487	209043	up	1	1	67
3	csq	f	19	1	90	diamond	red	(645, 428)	high	dis	(757, 540)	N	same	hori	left	True	210249	212202	left	1	1	68
3	csq	f	19	1	90	circle	red	(645, 428)	high	dis	(724, 460)	N	same	vert	up	True	213424	215107	up	1	1	69
3	csq	f	19	1	90	circle	red	(645, 428)	high	dis	(565, 460)	N	same	hori	left	True	216137	217675	left	1	1	70
3	csq	f	19	1	90	diamond	green	(645, 428)	high	dis	(757, 540)	N	same	hori	left	True	218739	220114	left	1	1	71
3	csq	f	19	1	90	circle	green	(645, 428)	high	dis	(724, 460)	N	same	vert	up	True	221236	222786	up	1	1	72
3	csq	f	19	1	90	diamond	green	(757, 540)	low	no	no_dis	N	same	hori	left	True	223925	225914	left	1	1	73
3	csq	f	19	1	90	diamond	red	(645, 428)	high	dis	(757, 540)	N	same	hori	left	True	226941	228450	left	1	1	74
3	csq	f	19	1	90	diamond	red	(724, 619)	low	dis	(645, 428)	Y	dif	hori	left	True	229673	231307	up	0	1	75
3	csq	f	19	1	90	diamond	red	(645, 428)	high	no	no_dis	N	dif	hori	left	True	233867	235298	left	1	1	76
3	csq	f	19	1	90	circle	red	(645, 428)	high	dis	(565, 460)	N	same	vert	up	True	236380	238883	up	1	1	77
3	csq	f	19	1	90	diamond	red	(645, 428)	high	dis	(565, 460)	N	same	hori	left	True	240065	241922	left	1	1	78
3	csq	f	19	1	90	circle	red	(645, 428)	high	dis	(757, 540)	N	dif	vert	up	True	243125	245794	up	1	1	79
3	csq	f	19	1	90	diamond	red	(645, 428)	high	dis	(533, 540)	N	same	hori	left	True	246896	248650	left	1	1	80
3	csq	f	19	1	90	diamond	red	(645, 428)	high	dis	(533, 540)	N	dif	vert	up	True	249686	250762	up	1	1	81
3	csq	f	19	1	90	circle	red	(645, 428)	high	dis	(757, 540)	N	same	vert	up	False	251970	None	None	0	1	82
3	csq	f	19	1	90	diamond	green	(645, 428)	high	no	no_dis	N	same	hori	left	True	257504	258498	left	1	1	83
3	csq	f	19	1	90	diamond	red	(645, 428)	high	dis	(565, 460)	N	dif	vert	up	True	259579	260971	up	1	1	84
3	csq	f	19	1	90	circle	red	(645, 428)	high	no	no_dis	N	dif	hori	left	True	262112	262922	left	1	1	85
3	csq	f	19	1	90	circle	green	(645, 428)	high	dis	(645, 652)	N	dif	hori	left	True	264140	265258	left	1	1	86
3	csq	f	19	1	90	diamond	red	(645, 428)	high	no	no_dis	N	same	vert	up	True	266343	267266	up	1	1	87
3	csq	f	19	1	90	diamond	red	(645, 428)	high	dis	(757, 540)	N	dif	vert	up	True	268347	269419	up	1	1	88
3	csq	f	19	1	90	circle	green	(645, 428)	high	dis	(533, 540)	N	dif	vert	up	True	270616	271859	up	1	1	89
3	csq	f	19	1	90	circle	green	(645, 428)	high	no	no_dis	N	same	vert	up	True	272972	273826	up	1	1	90
3	csq	f	19	1	90	diamond	red	(645, 428)	high	dis	(724, 460)	N	dif	hori	left	True	274981	275954	left	1	1	91
3	csq	f	19	1	90	diamond	green	(645, 428)	high	dis	(533, 540)	N	dif	vert	up	True	277068	278602	up	1	1	92
3	csq	f	19	1	90	circle	green	(645, 428)	high	dis	(565, 619)	N	dif	hori	left	True	279678	281282	left	1	1	93
3	csq	f	19	1	90	diamond	green	(645, 428)	high	dis	(533, 540)	N	same	vert	up	True	282403	283355	up	1	1	94
3	csq	f	19	1	90	circle	green	(645, 428)	high	no	no_dis	N	dif	hori	left	True	284417	285858	left	1	1	95
3	csq	f	19	1	90	circle	red	(645, 428)	high	dis	(565, 619)	N	dif	hori	left	True	286910	287986	left	1	1	96
3	csq	f	19	1	90	diamond	green	(645, 428)	high	dis	(724, 460)	N	dif	hori	left	True	289142	290514	left	1	1	97
3	csq	f	19	1	90	diamond	red	(645, 428)	high	no	no_dis	N	dif	vert	up	True	291519	292770	up	1	1	98
3	csq	f	19	1	90	circle	red	(533, 540)	low	no	no_dis	N	dif	vert	up	True	293797	295250	left	0	1	99
3	csq	f	19	1	90	diamond	green	(645, 428)	high	dis	(724, 619)	N	dif	hori	left	True	297871	299938	left	1	1	100
3	csq	f	19	1	90	diamond	red	(645, 428)	high	dis	(645, 652)	N	same	hori	left	True	301154	302242	left	1	1	101
3	csq	f	19	1	90	diamond	red	(565, 460)	low	dis	(645, 428)	Y	same	vert	up	True	303292	305242	up	1	1	102
3	csq	f	19	1	90	diamond	green	(645, 428)	high	dis	(533, 540)	N	dif	hori	left	True	306386	308474	left	1	1	103
3	csq	f	19	1	90	diamond	green	(645, 428)	high	dis	(565, 619)	N	same	hori	left	True	309566	311203	left	1	1	104
3	csq	f	19	1	90	circle	red	(645, 428)	high	no	no_dis	N	same	vert	up	True	312248	314403	up	1	1	105
3	csq	f	19	1	90	circle	red	(645, 428)	high	dis	(533, 540)	N	same	vert	up	True	315419	317122	up	1	1	106
3	csq	f	19	1	90	circle	red	(645, 428)	high	no	no_dis	N	same	vert	up	True	318262	319754	up	1	1	107
3	csq	f	19	1	90	diamond	green	(645, 428)	high	no	no_dis	N	dif	vert	up	True	320874	321914	up	1	1	108
3	csq	f	19	1	90	circle	green	(645, 428)	high	dis	(724, 619)	N	dif	hori	left	True	323149	324115	left	1	1	109
3	csq	f	19	1	90	circle	green	(645, 428)	high	dis	(645, 652)	N	dif	vert	up	True	325354	326370	up	1	1	110
3	csq	f	19	1	90	circle	red	(645, 428)	high	no	no_dis	N	dif	hori	left	True	327510	329747	left	1	1	111
3	csq	f	19	1	90	circle	green	(724, 460)	low	dis	(645, 428)	Y	dif	vert	up	True	330876	332843	up	1	1	112
3	csq	f	19	1	90	circle	red	(645, 428)	high	dis	(724, 460)	N	same	vert	up	True	333941	335778	up	1	1	113
3	csq	f	19	1	90	diamond	green	(565, 460)	low	dis	(645, 428)	Y	same	vert	up	True	336850	338850	up	1	1	114
3	csq	f	19	1	90	diamond	green	(645, 428)	high	no	no_dis	N	dif	vert	up	True	339946	341666	up	1	1	115
3	csq	f	19	1	90	diamond	green	(645, 428)	high	dis	(724, 619)	N	same	vert	up	True	342786	344202	up	1	1	116
3	csq	f	19	1	90	diamond	red	(645, 428)	high	dis	(565, 619)	N	same	hori	left	True	345407	346395	left	1	1	117
3	csq	f	19	1	90	diamond	red	(645, 428)	high	no	no_dis	N	dif	vert	up	True	347431	349066	up	1	1	118
3	csq	f	19	1	90	diamond	green	(645, 428)	high	dis	(645, 652)	N	dif	hori	left	True	350285	351530	left	1	1	119
3	csq	f	19	1	90	circle	green	(645, 428)	high	no	no_dis	N	dif	vert	up	True	352671	354347	up	1	1	120
3	csq	f	19	1	90	diamond	green	(645, 428)	high	no	no_dis	N	dif	hori	left	True	395042	396563	left	1	2	1
3	csq	f	19	1	90	circle	red	(645, 428)	high	dis	(757, 540)	N	dif	hori	left	True	397757	399666	left	1	2	2
3	csq	f	19	1	90	circle	green	(645, 428)	high	dis	(565, 460)	N	same	vert	up	True	400817	402258	up	1	2	3
3	csq	f	19	1	90	diamond	green	(645, 428)	high	dis	(724, 619)	N	dif	hori	left	True	403442	404674	left	1	2	4
3	csq	f	19	1	90	diamond	red	(645, 428)	high	dis	(724, 460)	N	dif	vert	up	True	405909	407154	up	1	2	5
3	csq	f	19	1	90	diamond	green	(645, 428)	high	no	no_dis	N	same	hori	left	True	408172	409498	left	1	2	6
3	csq	f	19	1	90	circle	green	(645, 428)	high	no	no_dis	N	dif	hori	left	True	410688	412330	left	1	2	7
3	csq	f	19	1	90	circle	red	(645, 428)	high	dis	(724, 619)	N	same	hori	left	True	413353	414234	left	1	2	8
3	csq	f	19	1	90	diamond	green	(645, 428)	high	no	no_dis	N	same	vert	up	True	415309	416418	up	1	2	9
3	csq	f	19	1	90	diamond	green	(645, 428)	high	dis	(565, 619)	N	dif	hori	left	True	417667	418674	left	1	2	10
3	csq	f	19	1	90	diamond	green	(645, 428)	high	no	no_dis	N	dif	hori	left	True	419772	420842	left	1	2	11
3	csq	f	19	1	90	circle	red	(645, 428)	high	no	no_dis	N	same	hori	left	True	421921	423010	left	1	2	12
3	csq	f	19	1	90	diamond	red	(645, 428)	high	dis	(565, 460)	N	dif	vert	up	True	424183	425315	up	1	2	13
3	csq	f	19	1	90	diamond	green	(645, 428)	high	dis	(724, 460)	N	same	hori	left	True	426495	427794	left	1	2	14
3	csq	f	19	1	90	diamond	red	(645, 428)	high	dis	(724, 460)	N	dif	vert	up	True	428913	429834	up	1	2	15
3	csq	f	19	1	90	circle	red	(645, 428)	high	no	no_dis	N	same	hori	left	True	430846	431786	left	1	2	16
3	csq	f	19	1	90	circle	red	(645, 428)	high	no	no_dis	N	dif	hori	left	True	432870	433762	left	1	2	17
3	csq	f	19	1	90	circle	green	(645, 428)	high	dis	(533, 540)	N	dif	hori	left	True	434951	435898	left	1	2	18
3	csq	f	19	1	90	diamond	red	(645, 428)	high	no	no_dis	N	dif	vert	up	True	437047	438018	up	1	2	19
3	csq	f	19	1	90	circle	red	(645, 428)	high	no	no_dis	N	same	vert	up	True	439081	440266	up	1	2	20
3	csq	f	19	1	90	circle	red	(645, 428)	high	dis	(645, 652)	N	same	hori	left	True	441390	442306	left	1	2	21
3	csq	f	19	1	90	circle	green	(645, 428)	high	dis	(757, 540)	N	same	hori	left	True	443513	444570	left	1	2	22
3	csq	f	19	1	90	diamond	red	(645, 428)	high	dis	(724, 619)	N	dif	hori	left	True	445801	446794	left	1	2	23
3	csq	f	19	1	90	diamond	green	(645, 428)	high	no	no_dis	N	dif	vert	up	True	447939	448834	up	1	2	24
3	csq	f	19	1	90	circle	red	(645, 428)	high	no	no_dis	N	dif	vert	up	True	450063	451130	up	1	2	25
3	csq	f	19	1	90	circle	green	(724, 619)	low	no	no_dis	N	same	hori	left	True	452237	454018	left	1	2	26
3	csq	f	19	1	90	circle	green	(645, 428)	high	dis	(724, 460)	N	same	vert	up	True	455023	456402	up	1	2	27
3	csq	f	19	1	90	circle	red	(645, 428)	high	dis	(757, 540)	N	same	vert	up	True	457467	458722	up	1	2	28
3	csq	f	19	1	90	circle	green	(645, 428)	high	dis	(757, 540)	N	same	vert	up	True	459931	460786	up	1	2	29
3	csq	f	19	1	90	diamond	red	(645, 428)	high	dis	(724, 460)	N	dif	hori	left	True	461881	462978	left	1	2	30
3	csq	f	19	1	90	circle	green	(645, 428)	high	dis	(533, 540)	N	same	vert	up	True	464226	465250	up	1	2	31
3	csq	f	19	1	90	circle	green	(645, 428)	high	dis	(533, 540)	N	dif	vert	up	True	466307	467218	up	1	2	32
3	csq	f	19	1	90	diamond	red	(645, 428)	high	no	no_dis	N	same	hori	left	True	468418	469642	left	1	2	33
3	csq	f	19	1	90	diamond	green	(645, 428)	high	dis	(724, 460)	N	dif	hori	left	True	470653	471826	left	1	2	34
3	csq	f	19	1	90	circle	green	(645, 428)	high	dis	(565, 619)	N	same	hori	left	True	472912	474146	left	1	2	35
3	csq	f	19	1	90	diamond	green	(645, 428)	high	dis	(565, 619)	N	dif	vert	up	True	475191	476778	up	1	2	36
3	csq	f	19	1	90	diamond	green	(645, 428)	high	dis	(533, 540)	N	dif	hori	left	True	477876	478994	left	1	2	37
3	csq	f	19	1	90	diamond	red	(645, 428)	high	dis	(533, 540)	N	dif	vert	up	True	480074	481162	up	1	2	38
3	csq	f	19	1	90	circle	green	(645, 428)	high	no	no_dis	N	dif	hori	left	True	482297	483266	left	1	2	39
3	csq	f	19	1	90	diamond	green	(645, 428)	high	dis	(645, 652)	N	dif	hori	left	True	484369	486042	left	1	2	40
3	csq	f	19	1	90	diamond	green	(645, 428)	high	dis	(724, 619)	N	same	hori	left	True	487152	488097	left	1	2	41
3	csq	f	19	1	90	circle	green	(645, 428)	high	no	no_dis	N	same	vert	up	True	489292	490706	up	1	2	42
3	csq	f	19	1	90	circle	red	(645, 428)	high	dis	(533, 540)	N	dif	hori	left	True	491894	492850	left	1	2	43
3	csq	f	19	1	90	circle	red	(645, 428)	high	dis	(565, 460)	N	dif	hori	left	True	494046	495930	left	1	2	44
3	csq	f	19	1	90	diamond	green	(645, 428)	high	no	no_dis	N	dif	hori	left	True	497069	498410	left	1	2	45
3	csq	f	19	1	90	diamond	green	(724, 460)	low	dis	(645, 428)	Y	dif	hori	left	True	499413	500922	up	0	2	46
3	csq	f	19	1	90	circle	red	(645, 428)	high	no	no_dis	N	same	hori	left	True	503604	504850	left	1	2	47
3	csq	f	19	1	90	diamond	red	(645, 428)	high	no	no_dis	N	same	vert	up	True	506086	506994	up	1	2	48
3	csq	f	19	1	90	circle	green	(645, 428)	high	dis	(533, 540)	N	same	vert	up	True	508078	509242	up	1	2	49
3	csq	f	19	1	90	diamond	green	(645, 428)	high	dis	(724, 619)	N	same	hori	left	True	510279	511418	left	1	2	50
3	csq	f	19	1	90	diamond	green	(645, 428)	high	dis	(724, 619)	N	dif	vert	up	True	512632	514250	up	1	2	51
3	csq	f	19	1	90	circle	red	(645, 428)	high	dis	(565, 619)	N	same	vert	up	True	515278	516482	up	1	2	52
3	csq	f	19	1	90	diamond	green	(565, 460)	low	no	no_dis	N	dif	hori	left	True	517566	519162	left	1	2	53
3	csq	f	19	1	90	diamond	green	(645, 428)	high	dis	(757, 540)	N	same	hori	left	True	520283	522058	left	1	2	54
3	csq	f	19	1	90	diamond	red	(645, 428)	high	no	no_dis	N	dif	vert	up	True	523081	524017	up	1	2	55
3	csq	f	19	1	90	circle	green	(645, 428)	high	dis	(565, 619)	N	dif	vert	up	True	525236	526186	up	1	2	56
3	csq	f	19	1	90	diamond	red	(645, 428)	high	no	no_dis	N	same	vert	up	True	527379	528266	up	1	2	57
3	csq	f	19	1	90	circle	red	(645, 428)	high	dis	(533, 540)	N	dif	hori	left	True	529516	530290	left	1	2	58
3	csq	f	19	1	90	circle	green	(645, 428)	high	no	no_dis	N	dif	hori	left	True	531450	532187	left	1	2	59
3	csq	f	19	1	90	diamond	green	(645, 428)	high	dis	(645, 652)	N	dif	vert	up	True	533280	534154	up	1	2	60
3	csq	f	19	1	90	circle	red	(645, 428)	high	dis	(724, 460)	N	same	vert	up	True	535373	536441	up	1	2	61
3	csq	f	19	1	90	diamond	red	(645, 428)	high	dis	(565, 619)	N	same	hori	left	True	537586	538530	left	1	2	62
3	csq	f	19	1	90	circle	red	(645, 428)	high	no	no_dis	N	same	hori	left	True	539735	541290	left	1	2	63
3	csq	f	19	1	90	circle	red	(645, 428)	high	dis	(645, 652)	N	dif	hori	left	True	542501	543386	left	1	2	64
3	csq	f	19	1	90	circle	red	(645, 428)	high	dis	(724, 619)	N	same	vert	up	True	544413	545330	up	1	2	65
3	csq	f	19	1	90	circle	green	(645, 428)	high	no	no_dis	N	dif	hori	left	True	546542	547530	left	1	2	66
3	csq	f	19	1	90	diamond	red	(645, 428)	high	no	no_dis	N	dif	vert	up	True	548562	549506	up	1	2	67
3	csq	f	19	1	90	diamond	green	(645, 428)	high	no	no_dis	N	same	vert	up	True	550643	551506	up	1	2	68
3	csq	f	19	1	90	diamond	red	(645, 428)	high	dis	(565, 460)	N	dif	vert	up	True	552729	554442	left	0	2	69
3	csq	f	19	1	90	diamond	green	(645, 428)	high	dis	(757, 540)	N	same	vert	up	True	557185	558746	up	1	2	70
3	csq	f	19	1	90	diamond	red	(565, 460)	low	dis	(645, 428)	Y	dif	hori	left	True	559831	561690	up	0	2	71
3	csq	f	19	1	90	circle	red	(645, 428)	high	dis	(565, 619)	N	dif	hori	left	True	564251	565674	left	1	2	72
3	csq	f	19	1	90	circle	red	(645, 428)	high	dis	(565, 460)	N	same	hori	left	True	566773	567570	left	1	2	73
3	csq	f	19	1	90	diamond	red	(645, 428)	high	no	no_dis	N	same	vert	up	True	568661	569481	up	1	2	74
3	csq	f	19	1	90	circle	green	(645, 428)	high	dis	(724, 619)	N	same	vert	up	True	570611	572562	up	1	2	75
3	csq	f	19	1	90	circle	green	(645, 428)	high	no	no_dis	N	same	vert	up	True	573762	574713	up	1	2	76
3	csq	f	19	1	90	circle	green	(645, 428)	high	dis	(565, 460)	N	same	vert	up	True	575880	577321	up	1	2	77
3	csq	f	19	1	90	diamond	red	(645, 428)	high	dis	(645, 652)	N	dif	hori	left	True	578483	579586	left	1	2	78
3	csq	f	19	1	90	circle	red	(645, 428)	high	dis	(724, 619)	N	same	hori	left	True	580659	581530	left	1	2	79
3	csq	f	19	1	90	circle	green	(645, 428)	high	dis	(533, 540)	N	same	hori	left	True	582695	584050	left	1	2	80
3	csq	f	19	1	90	circle	green	(645, 428)	high	no	no_dis	N	dif	vert	up	True	585233	585930	up	1	2	81
3	csq	f	19	1	90	diamond	red	(645, 428)	high	dis	(757, 540)	N	same	vert	up	True	587130	587898	up	1	2	82
3	csq	f	19	1	90	diamond	green	(645, 428)	high	dis	(757, 540)	N	same	vert	up	True	588917	589626	up	1	2	83
3	csq	f	19	1	90	circle	red	(645, 428)	high	dis	(565, 619)	N	dif	vert	up	True	590767	591626	up	1	2	84
3	csq	f	19	1	90	circle	red	(645, 428)	high	dis	(565, 619)	N	same	hori	left	True	592867	593690	left	1	2	85
3	csq	f	19	1	90	diamond	red	(645, 428)	high	dis	(565, 460)	N	same	hori	left	True	594799	596577	left	1	2	86
3	csq	f	19	1	90	diamond	green	(645, 428)	high	dis	(565, 619)	N	dif	hori	left	True	597714	598930	left	1	2	87
3	csq	f	19	1	90	diamond	red	(645, 428)	high	no	no_dis	N	same	hori	left	True	600029	600826	left	1	2	88
3	csq	f	19	1	90	circle	red	(565, 619)	low	dis	(645, 428)	Y	same	hori	left	True	602053	602698	left	1	2	89
3	csq	f	19	1	90	circle	red	(645, 428)	high	dis	(724, 460)	N	same	vert	up	True	603880	604770	up	1	2	90
3	csq	f	19	1	90	diamond	red	(645, 428)	high	dis	(645, 652)	N	dif	vert	up	True	605923	606914	up	1	2	91
3	csq	f	19	1	90	circle	green	(645, 428)	high	dis	(724, 460)	N	same	vert	up	True	608096	609009	up	1	2	92
3	csq	f	19	1	90	circle	green	(645, 428)	high	dis	(533, 540)	N	dif	vert	up	True	610016	610778	up	1	2	93
3	csq	f	19	1	90	diamond	red	(645, 428)	high	dis	(565, 619)	N	dif	vert	up	True	612012	612738	up	1	2	94
3	csq	f	19	1	90	diamond	green	(645, 428)	high	dis	(645, 652)	N	same	vert	up	True	613937	614929	up	1	2	95
3	csq	f	19	1	90	diamond	green	(645, 428)	high	dis	(645, 652)	N	dif	vert	up	True	615972	616777	up	1	2	96
3	csq	f	19	1	90	diamond	green	(645, 428)	high	dis	(724, 619)	N	same	hori	left	True	617961	619033	left	1	2	97
3	csq	f	19	1	90	diamond	red	(645, 428)	high	no	no_dis	N	dif	vert	up	True	620220	621273	up	1	2	98
3	csq	f	19	1	90	circle	green	(645, 428)	high	no	no_dis	N	dif	hori	left	True	622418	623394	left	1	2	99
3	csq	f	19	1	90	circle	red	(645, 428)	high	dis	(724, 460)	N	same	hori	left	True	624633	626266	left	1	2	100
3	csq	f	19	1	90	diamond	red	(645, 428)	high	dis	(645, 652)	N	same	hori	left	True	627339	628457	left	1	2	101
3	csq	f	19	1	90	circle	green	(645, 428)	high	dis	(565, 460)	N	same	hori	left	True	629618	630970	left	1	2	102
3	csq	f	19	1	90	diamond	green	(645, 428)	high	no	no_dis	N	dif	vert	up	True	632129	633554	up	1	2	103
3	csq	f	19	1	90	circle	green	(724, 460)	low	dis	(645, 428)	Y	dif	vert	up	True	634611	636394	left	0	2	104
3	csq	f	19	1	90	circle	red	(757, 540)	low	dis	(645, 428)	Y	same	hori	left	True	638944	640970	left	1	2	105
3	csq	f	19	1	90	circle	green	(645, 652)	low	dis	(645, 428)	Y	same	vert	up	True	641993	644706	up	1	2	106
3	csq	f	19	1	90	circle	red	(645, 428)	high	no	no_dis	N	same	hori	left	True	645793	647282	left	1	2	107
3	csq	f	19	1	90	diamond	red	(645, 428)	high	dis	(565, 460)	N	dif	hori	left	True	648509	649762	left	1	2	108
3	csq	f	19	1	90	diamond	green	(645, 428)	high	no	no_dis	N	dif	vert	up	True	650909	651794	up	1	2	109
3	csq	f	19	1	90	diamond	green	(533, 540)	low	dis	(645, 428)	Y	same	vert	up	True	652853	655418	up	1	2	110
3	csq	f	19	1	90	diamond	red	(645, 428)	high	dis	(757, 540)	N	same	vert	up	True	656489	658169	up	1	2	111
3	csq	f	19	1	90	circle	green	(645, 428)	high	no	no_dis	N	same	hori	left	True	659397	660258	left	1	2	112
3	csq	f	19	1	90	diamond	red	(645, 428)	high	dis	(565, 460)	N	dif	vert	up	True	661405	663025	up	1	2	113
3	csq	f	19	1	90	diamond	red	(645, 428)	high	dis	(757, 540)	N	dif	vert	up	True	664131	665458	up	1	2	114
3	csq	f	19	1	90	circle	green	(645, 428)	high	dis	(565, 460)	N	dif	hori	left	True	666582	668090	left	1	2	115
3	csq	f	19	1	90	diamond	red	(724, 619)	low	dis	(645, 428)	Y	dif	vert	up	True	669184	671354	up	1	2	116
3	csq	f	19	1	90	diamond	red	(645, 652)	low	no	no_dis	N	same	vert	up	True	672600	674026	up	1	2	117
3	csq	f	19	1	90	circle	green	(645, 428)	high	dis	(645, 652)	N	dif	vert	up	True	675149	676706	up	1	2	118
3	csq	f	19	1	90	circle	red	(645, 428)	high	no	no_dis	N	same	vert	up	True	677731	680066	up	1	2	119
3	csq	f	19	1	90	circle	red	(724, 460)	low	no	no_dis	N	dif	vert	up	True	681277	683313	up	1	2	120
3	csq	f	19	1	90	circle	green	(645, 428)	high	no	no_dis	N	same	hori	left	True	717128	718217	left	1	3	1
3	csq	f	19	1	90	diamond	green	(533, 540)	low	dis	(645, 428)	Y	same	hori	left	True	719376	721722	left	1	3	2
3	csq	f	19	1	90	diamond	green	(645, 428)	high	dis	(533, 540)	N	same	vert	up	True	722759	723841	up	1	3	3
3	csq	f	19	1	90	diamond	green	(645, 428)	high	no	no_dis	N	same	hori	left	True	725078	726730	left	1	3	4
3	csq	f	19	1	90	circle	green	(645, 428)	high	dis	(565, 460)	N	dif	vert	up	True	727755	729282	up	1	3	5
3	csq	f	19	1	90	diamond	red	(645, 428)	high	no	no_dis	N	same	hori	left	True	730398	731642	left	1	3	6
3	csq	f	19	1	90	circle	red	(645, 428)	high	dis	(565, 619)	N	dif	vert	up	True	732731	733865	up	1	3	7
3	csq	f	19	1	90	diamond	red	(645, 428)	high	no	no_dis	N	dif	vert	up	True	735012	736793	up	1	3	8
3	csq	f	19	1	90	circle	red	(645, 428)	high	dis	(757, 540)	N	same	hori	left	True	737892	738874	left	1	3	9
3	csq	f	19	1	90	diamond	green	(645, 428)	high	dis	(757, 540)	N	same	vert	up	True	740059	740929	up	1	3	10
3	csq	f	19	1	90	circle	red	(645, 428)	high	no	no_dis	N	dif	hori	left	True	741986	742873	left	1	3	11
3	csq	f	19	1	90	diamond	green	(645, 428)	high	dis	(565, 619)	N	dif	hori	left	True	744042	745258	left	1	3	12
3	csq	f	19	1	90	circle	green	(645, 428)	high	no	no_dis	N	dif	vert	up	True	746396	747345	up	1	3	13
3	csq	f	19	1	90	circle	red	(645, 428)	high	dis	(757, 540)	N	dif	vert	up	True	748553	750554	up	1	3	14
3	csq	f	19	1	90	diamond	green	(645, 428)	high	dis	(565, 460)	N	same	hori	left	True	751715	752961	left	1	3	15
3	csq	f	19	1	90	diamond	green	(645, 428)	high	dis	(533, 540)	N	same	hori	left	True	754143	755313	left	1	3	16
3	csq	f	19	1	90	circle	green	(645, 428)	high	dis	(724, 619)	N	same	vert	up	True	756548	757882	up	1	3	17
3	csq	f	19	1	90	diamond	green	(645, 428)	high	dis	(565, 619)	N	same	vert	up	True	759035	760706	up	1	3	18
3	csq	f	19	1	90	circle	red	(645, 428)	high	dis	(533, 540)	N	dif	hori	left	True	761823	762986	left	1	3	19
3	csq	f	19	1	90	diamond	red	(645, 428)	high	dis	(724, 460)	N	same	hori	left	True	764083	765201	left	1	3	20
3	csq	f	19	1	90	diamond	green	(645, 428)	high	dis	(565, 619)	N	same	hori	left	True	766270	767282	left	1	3	21
3	csq	f	19	1	90	diamond	red	(724, 619)	low	dis	(645, 428)	Y	dif	vert	up	True	768362	769281	left	0	3	22
3	csq	f	19	1	90	circle	red	(645, 428)	high	dis	(533, 540)	N	same	vert	up	True	771887	773577	up	1	3	23
3	csq	f	19	1	90	circle	green	(645, 428)	high	no	no_dis	N	same	hori	left	True	774626	775681	left	1	3	24
3	csq	f	19	1	90	circle	red	(645, 428)	high	no	no_dis	N	dif	hori	left	True	776694	777905	left	1	3	25
3	csq	f	19	1	90	circle	red	(645, 428)	high	dis	(565, 460)	N	same	hori	left	True	779127	780218	left	1	3	26
3	csq	f	19	1	90	circle	green	(645, 428)	high	dis	(724, 460)	N	dif	vert	up	True	781327	782337	up	1	3	27
3	csq	f	19	1	90	diamond	red	(645, 428)	high	no	no_dis	N	dif	hori	left	True	783570	784498	left	1	3	28
3	csq	f	19	1	90	diamond	red	(645, 428)	high	dis	(724, 460)	N	dif	hori	left	True	785602	786697	left	1	3	29
3	csq	f	19	1	90	circle	red	(645, 428)	high	dis	(724, 460)	N	dif	hori	left	True	787704	788793	left	1	3	30
3	csq	f	19	1	90	circle	green	(645, 428)	high	dis	(724, 619)	N	same	vert	up	True	789835	790505	up	1	3	31
3	csq	f	19	1	90	circle	red	(565, 619)	low	dis	(645, 428)	Y	dif	vert	up	True	791578	792818	left	0	3	32
3	csq	f	19	1	90	circle	red	(645, 428)	high	no	no_dis	N	same	hori	left	True	795525	797081	left	1	3	33
3	csq	f	19	1	90	diamond	red	(645, 428)	high	dis	(757, 540)	N	same	hori	left	True	798228	799161	left	1	3	34
3	csq	f	19	1	90	diamond	red	(645, 428)	high	no	no_dis	N	dif	vert	up	True	800405	801233	up	1	3	35
3	csq	f	19	1	90	diamond	green	(645, 428)	high	no	no_dis	N	same	vert	up	True	802382	803681	up	1	3	36
3	csq	f	19	1	90	circle	red	(645, 428)	high	dis	(533, 540)	N	same	hori	left	True	804829	805866	left	1	3	37
3	csq	f	19	1	90	circle	red	(645, 428)	high	dis	(724, 619)	N	dif	hori	left	True	807067	808402	left	1	3	38
3	csq	f	19	1	90	diamond	green	(645, 428)	high	dis	(645, 652)	N	same	hori	left	True	809415	810497	left	1	3	39
3	csq	f	19	1	90	circle	red	(645, 428)	high	dis	(757, 540)	N	same	vert	up	True	811728	813185	up	1	3	40
3	csq	f	19	1	90	diamond	green	(645, 428)	high	dis	(565, 460)	N	same	hori	left	True	814295	815641	left	1	3	41
3	csq	f	19	1	90	diamond	red	(645, 428)	high	dis	(533, 540)	N	same	vert	up	True	816831	818058	up	1	3	42
3	csq	f	19	1	90	circle	green	(645, 428)	high	dis	(724, 460)	N	dif	vert	up	True	819128	820473	up	1	3	43
3	csq	f	19	1	90	circle	green	(565, 619)	low	no	no_dis	N	same	vert	up	True	821648	823137	up	1	3	44
3	csq	f	19	1	90	diamond	red	(645, 428)	high	dis	(724, 619)	N	dif	hori	left	True	824277	825905	left	1	3	45
3	csq	f	19	1	90	diamond	green	(533, 540)	low	dis	(645, 428)	Y	same	vert	up	True	827066	829129	up	1	3	46
3	csq	f	19	1	90	circle	red	(645, 428)	high	dis	(724, 619)	N	same	vert	up	True	830245	831490	up	1	3	47
3	csq	f	19	1	90	circle	red	(645, 428)	high	no	no_dis	N	dif	vert	up	True	832601	833737	up	1	3	48
3	csq	f	19	1	90	circle	red	(645, 428)	high	dis	(645, 652)	N	same	vert	up	True	834951	835881	up	1	3	49
3	csq	f	19	1	90	circle	red	(645, 428)	high	dis	(724, 619)	N	dif	hori	left	True	837093	838065	left	1	3	50
3	csq	f	19	1	90	diamond	red	(645, 428)	high	no	no_dis	N	dif	vert	up	True	839185	840425	up	1	3	51
3	csq	f	19	1	90	diamond	green	(645, 428)	high	no	no_dis	N	dif	hori	left	True	841672	842666	left	1	3	52
3	csq	f	19	1	90	circle	green	(645, 428)	high	dis	(724, 460)	N	same	hori	left	True	843861	845121	left	1	3	53
3	csq	f	19	1	90	circle	red	(757, 540)	low	dis	(645, 428)	Y	dif	hori	left	True	846181	847561	left	1	3	54
3	csq	f	19	1	90	diamond	red	(645, 428)	high	dis	(565, 460)	N	dif	hori	left	True	848603	850169	left	1	3	55
3	csq	f	19	1	90	circle	green	(645, 428)	high	dis	(533, 540)	N	dif	vert	up	True	851355	852665	up	1	3	56
3	csq	f	19	1	90	circle	red	(645, 428)	high	no	no_dis	N	same	vert	up	True	853709	854946	up	1	3	57
3	csq	f	19	1	90	circle	green	(645, 428)	high	dis	(645, 652)	N	same	hori	left	True	856120	857625	left	1	3	58
3	csq	f	19	1	90	circle	red	(645, 428)	high	no	no_dis	N	same	vert	up	True	858630	859954	up	1	3	59
3	csq	f	19	1	90	circle	green	(645, 428)	high	no	no_dis	N	same	vert	up	True	861021	862201	up	1	3	60
3	csq	f	19	1	90	diamond	green	(645, 428)	high	dis	(645, 652)	N	same	hori	left	True	863305	865970	left	1	3	61
3	csq	f	19	1	90	diamond	green	(645, 428)	high	no	no_dis	N	dif	hori	left	True	867175	868018	left	1	3	62
3	csq	f	19	1	90	circle	green	(645, 428)	high	dis	(565, 619)	N	dif	vert	up	True	869185	869849	up	1	3	63
3	csq	f	19	1	90	circle	green	(645, 428)	high	dis	(565, 460)	N	dif	hori	left	True	870985	872361	left	1	3	64
3	csq	f	19	1	90	diamond	green	(645, 428)	high	no	no_dis	N	dif	vert	up	True	873531	874545	up	1	3	65
3	csq	f	19	1	90	diamond	green	(645, 428)	high	dis	(565, 619)	N	dif	hori	left	True	875651	876793	left	1	3	66
3	csq	f	19	1	90	diamond	red	(645, 428)	high	no	no_dis	N	same	vert	up	True	877847	878746	up	1	3	67
3	csq	f	19	1	90	diamond	red	(645, 428)	high	dis	(565, 460)	N	dif	hori	left	True	879784	880873	left	1	3	68
3	csq	f	19	1	90	diamond	green	(645, 428)	high	dis	(565, 460)	N	dif	vert	up	True	882002	884353	left	0	3	69
3	csq	f	19	1	90	diamond	green	(645, 428)	high	dis	(645, 652)	N	same	vert	up	True	887091	888106	up	1	3	70
3	csq	f	19	1	90	circle	red	(645, 428)	high	dis	(757, 540)	N	same	vert	up	True	889339	890034	left	0	3	71
3	csq	f	19	1	90	circle	green	(645, 428)	high	dis	(565, 619)	N	dif	vert	up	True	892771	893841	up	1	3	72
3	csq	f	19	1	90	diamond	red	(645, 428)	high	dis	(565, 619)	N	same	hori	left	True	895062	896290	left	1	3	73
3	csq	f	19	1	90	circle	red	(645, 428)	high	dis	(757, 540)	N	same	vert	up	True	897476	898769	up	1	3	74
3	csq	f	19	1	90	diamond	red	(645, 428)	high	dis	(757, 540)	N	dif	hori	left	True	900002	900977	left	1	3	75
3	csq	f	19	1	90	circle	red	(533, 540)	low	no	no_dis	N	same	hori	left	True	901985	903249	left	1	3	76
3	csq	f	19	1	90	circle	red	(645, 428)	high	dis	(565, 619)	N	dif	hori	left	True	904458	905545	left	1	3	77
3	csq	f	19	1	90	circle	green	(645, 428)	high	dis	(757, 540)	N	dif	vert	up	True	906564	908073	up	1	3	78
3	csq	f	19	1	90	diamond	green	(645, 428)	high	no	no_dis	N	dif	vert	up	True	909097	910394	up	1	3	79
3	csq	f	19	1	90	circle	green	(724, 460)	low	dis	(645, 428)	Y	same	vert	up	True	911566	913201	up	1	3	80
3	csq	f	19	1	90	circle	green	(645, 428)	high	no	no_dis	N	same	hori	left	True	914384	915321	left	1	3	81
3	csq	f	19	1	90	diamond	red	(645, 428)	high	dis	(724, 460)	N	dif	hori	left	True	916381	918321	left	1	3	82
3	csq	f	19	1	90	diamond	red	(645, 428)	high	dis	(565, 460)	N	dif	hori	left	True	919442	921129	left	1	3	83
3	csq	f	19	1	90	circle	red	(645, 428)	high	dis	(645, 652)	N	dif	hori	left	True	922258	923897	left	1	3	84
3	csq	f	19	1	90	circle	green	(645, 428)	high	dis	(645, 652)	N	same	vert	up	True	924932	926785	up	1	3	85
3	csq	f	19	1	90	circle	red	(645, 428)	high	no	no_dis	N	same	vert	up	True	927795	928801	up	1	3	86
3	csq	f	19	1	90	diamond	green	(757, 540)	low	no	no_dis	N	dif	hori	left	True	930036	931297	left	1	3	87
3	csq	f	19	1	90	diamond	red	(724, 619)	low	no	no_dis	N	dif	vert	up	True	932499	935089	up	1	3	88
3	csq	f	19	1	90	diamond	green	(645, 428)	high	no	no_dis	N	same	vert	up	True	936124	937385	up	1	3	89
3	csq	f	19	1	90	diamond	red	(645, 428)	high	dis	(645, 652)	N	dif	hori	left	True	938456	939617	left	1	3	90
3	csq	f	19	1	90	diamond	red	(645, 428)	high	dis	(724, 460)	N	same	vert	up	True	940768	941937	up	1	3	91
3	csq	f	19	1	90	circle	green	(645, 428)	high	no	no_dis	N	dif	vert	up	True	943149	944833	up	1	3	92
3	csq	f	19	1	90	diamond	green	(645, 428)	high	no	no_dis	N	same	hori	left	True	945973	947089	left	1	3	93
3	csq	f	19	1	90	diamond	red	(645, 428)	high	dis	(565, 460)	N	dif	vert	up	True	948148	949490	up	1	3	94
3	csq	f	19	1	90	circle	green	(645, 428)	high	dis	(645, 652)	N	same	hori	left	True	950691	952049	left	1	3	95
3	csq	f	19	1	90	diamond	red	(645, 428)	high	no	no_dis	N	dif	hori	left	True	953224	954737	left	1	3	96
3	csq	f	19	1	90	circle	green	(645, 428)	high	no	no_dis	N	dif	hori	left	True	955813	956937	left	1	3	97
3	csq	f	19	1	90	circle	green	(645, 428)	high	dis	(757, 540)	N	same	vert	up	True	958090	958993	up	1	3	98
3	csq	f	19	1	90	circle	red	(645, 428)	high	no	no_dis	N	same	vert	up	True	960119	961730	up	1	3	99
3	csq	f	19	1	90	diamond	green	(645, 428)	high	dis	(724, 619)	N	dif	vert	up	True	962930	963977	up	1	3	100
3	csq	f	19	1	90	diamond	red	(645, 428)	high	dis	(533, 540)	N	same	vert	up	True	965097	965961	up	1	3	101
3	csq	f	19	1	90	diamond	red	(645, 428)	high	no	no_dis	N	dif	vert	up	True	967041	967817	up	1	3	102
3	csq	f	19	1	90	diamond	green	(645, 428)	high	no	no_dis	N	same	hori	left	True	968988	969825	left	1	3	103
3	csq	f	19	1	90	circle	green	(645, 652)	low	dis	(645, 428)	Y	same	hori	left	True	970929	972321	left	1	3	104
3	csq	f	19	1	90	circle	green	(645, 428)	high	dis	(724, 619)	N	same	hori	left	True	973378	974937	up	0	3	105
3	csq	f	19	1	90	diamond	green	(645, 428)	high	dis	(533, 540)	N	dif	hori	left	True	977566	979392	left	1	3	106
3	csq	f	19	1	90	diamond	red	(645, 428)	high	no	no_dis	N	dif	hori	left	True	980462	981537	left	1	3	107
3	csq	f	19	1	90	circle	red	(645, 428)	high	no	no_dis	N	same	hori	left	True	982642	983817	left	1	3	108
3	csq	f	19	1	90	diamond	red	(565, 460)	low	dis	(645, 428)	Y	dif	hori	left	True	984984	986689	up	0	3	109
3	csq	f	19	1	90	circle	green	(645, 428)	high	no	no_dis	N	same	vert	up	True	989404	990288	up	1	3	110
3	csq	f	19	1	90	circle	red	(645, 428)	high	dis	(565, 460)	N	same	hori	left	True	991455	992961	left	1	3	111
3	csq	f	19	1	90	diamond	red	(645, 428)	high	dis	(724, 619)	N	dif	vert	up	True	993975	995713	up	1	3	112
3	csq	f	19	1	90	diamond	red	(645, 428)	high	dis	(724, 619)	N	dif	vert	up	True	996923	998113	up	1	3	113
3	csq	f	19	1	90	diamond	red	(645, 428)	high	dis	(645, 652)	N	dif	vert	up	True	999197	1000097	up	1	3	114
3	csq	f	19	1	90	diamond	green	(645, 428)	high	dis	(724, 460)	N	dif	vert	up	True	1001119	1002560	up	1	3	115
3	csq	f	19	1	90	diamond	green	(645, 428)	high	dis	(565, 619)	N	dif	vert	up	True	1003714	1004793	up	1	3	116
3	csq	f	19	1	90	circle	green	(645, 428)	high	dis	(724, 460)	N	same	vert	up	True	1006034	1007449	up	1	3	117
3	csq	f	19	1	90	circle	green	(645, 428)	high	dis	(645, 652)	N	dif	vert	up	True	1008556	1009489	up	1	3	118
3	csq	f	19	1	90	circle	green	(645, 428)	high	no	no_dis	N	dif	hori	left	True	1010563	1011449	left	1	3	119
3	csq	f	19	1	90	diamond	green	(645, 428)	high	dis	(533, 540)	N	same	hori	left	True	1012647	1013497	left	1	3	120
3	csq	f	19	1	90	diamond	green	(645, 428)	high	dis	(645, 652)	N	dif	vert	up	True	1046897	1048496	up	1	4	1
3	csq	f	19	1	90	diamond	green	(645, 428)	high	dis	(645, 652)	N	dif	vert	up	True	1049553	1050537	up	1	4	2
3	csq	f	19	1	90	diamond	green	(645, 428)	high	dis	(533, 540)	N	same	hori	left	True	1051715	1053137	left	1	4	3
3	csq	f	19	1	90	circle	green	(645, 428)	high	dis	(757, 540)	N	dif	vert	up	True	1054316	1055337	up	1	4	4
3	csq	f	19	1	90	diamond	green	(645, 428)	high	dis	(645, 652)	N	same	vert	up	True	1056517	1057561	up	1	4	5
3	csq	f	19	1	90	diamond	green	(645, 428)	high	dis	(724, 619)	N	same	vert	up	True	1058584	1059857	up	1	4	6
3	csq	f	19	1	90	circle	green	(645, 428)	high	dis	(724, 619)	N	dif	hori	left	True	1061034	1061769	left	1	4	7
3	csq	f	19	1	90	circle	green	(645, 428)	high	dis	(724, 460)	N	dif	vert	up	True	1062893	1063681	up	1	4	8
3	csq	f	19	1	90	circle	red	(645, 428)	high	dis	(533, 540)	N	dif	hori	left	True	1064779	1065641	left	1	4	9
3	csq	f	19	1	90	diamond	red	(645, 428)	high	no	no_dis	N	dif	hori	left	True	1066656	1067745	left	1	4	10
3	csq	f	19	1	90	diamond	green	(645, 428)	high	no	no_dis	N	dif	hori	left	True	1068784	1069569	left	1	4	11
3	csq	f	19	1	90	circle	red	(645, 428)	high	no	no_dis	N	dif	vert	up	True	1070629	1071257	up	1	4	12
3	csq	f	19	1	90	circle	red	(757, 540)	low	dis	(645, 428)	Y	same	vert	up	True	1072310	1073601	up	1	4	13
3	csq	f	19	1	90	diamond	red	(645, 428)	high	dis	(724, 460)	N	same	vert	up	True	1074724	1076049	up	1	4	14
3	csq	f	19	1	90	circle	green	(645, 428)	high	dis	(565, 619)	N	same	vert	up	True	1077222	1077969	up	1	4	15
3	csq	f	19	1	90	diamond	red	(645, 428)	high	dis	(565, 619)	N	same	hori	left	True	1079034	1079793	left	1	4	16
3	csq	f	19	1	90	circle	green	(645, 428)	high	no	no_dis	N	dif	vert	up	True	1080948	1081889	up	1	4	17
3	csq	f	19	1	90	circle	red	(645, 428)	high	no	no_dis	N	same	vert	up	True	1083061	1083896	up	1	4	18
3	csq	f	19	1	90	circle	green	(645, 428)	high	no	no_dis	N	same	vert	up	True	1085127	1085777	up	1	4	19
3	csq	f	19	1	90	circle	red	(645, 428)	high	dis	(565, 619)	N	dif	hori	left	True	1086805	1087825	left	1	4	20
3	csq	f	19	1	90	diamond	green	(645, 428)	high	dis	(533, 540)	N	same	vert	up	True	1088916	1089769	up	1	4	21
3	csq	f	19	1	90	diamond	red	(645, 428)	high	no	no_dis	N	same	hori	left	True	1090987	1091945	left	1	4	22
3	csq	f	19	1	90	circle	red	(645, 428)	high	dis	(757, 540)	N	same	hori	left	True	1093157	1094049	left	1	4	23
3	csq	f	19	1	90	diamond	red	(645, 428)	high	no	no_dis	N	same	hori	left	True	1095195	1095905	left	1	4	24
3	csq	f	19	1	90	circle	green	(645, 428)	high	no	no_dis	N	dif	vert	up	True	1097024	1097824	up	1	4	25
3	csq	f	19	1	90	circle	green	(645, 428)	high	dis	(645, 652)	N	same	vert	up	True	1098930	1099905	up	1	4	26
3	csq	f	19	1	90	diamond	red	(645, 428)	high	dis	(565, 619)	N	same	hori	left	True	1101006	1101880	left	1	4	27
3	csq	f	19	1	90	diamond	green	(645, 428)	high	dis	(645, 652)	N	same	hori	left	True	1103132	1104369	left	1	4	28
3	csq	f	19	1	90	circle	red	(645, 428)	high	dis	(757, 540)	N	dif	vert	up	True	1105376	1106184	up	1	4	29
3	csq	f	19	1	90	diamond	red	(645, 428)	high	no	no_dis	N	same	hori	left	True	1107393	1108409	left	1	4	30
3	csq	f	19	1	90	diamond	green	(645, 428)	high	dis	(645, 652)	N	same	hori	left	True	1109553	1110200	left	1	4	31
3	csq	f	19	1	90	circle	red	(565, 619)	low	no	no_dis	N	same	vert	up	True	1111447	1112313	left	0	4	32
3	csq	f	19	1	90	diamond	green	(645, 428)	high	no	no_dis	N	same	vert	up	True	1114953	1116249	up	1	4	33
3	csq	f	19	1	90	circle	green	(645, 652)	low	dis	(645, 428)	Y	same	vert	up	True	1117350	1119024	up	1	4	34
3	csq	f	19	1	90	circle	red	(645, 428)	high	no	no_dis	N	same	hori	left	True	1120084	1120825	left	1	4	35
3	csq	f	19	1	90	circle	red	(645, 428)	high	no	no_dis	N	same	hori	left	True	1121833	1122617	left	1	4	36
3	csq	f	19	1	90	diamond	green	(533, 540)	low	dis	(645, 428)	Y	dif	vert	up	True	1123721	1125137	up	1	4	37
3	csq	f	19	1	90	diamond	red	(645, 428)	high	dis	(533, 540)	N	same	vert	up	True	1126290	1126953	up	1	4	38
3	csq	f	19	1	90	circle	red	(645, 428)	high	dis	(724, 460)	N	dif	hori	left	True	1128010	1128689	left	1	4	39
3	csq	f	19	1	90	circle	red	(645, 428)	high	dis	(565, 460)	N	dif	vert	up	True	1129780	1130553	up	1	4	40
3	csq	f	19	1	90	diamond	green	(724, 619)	low	dis	(645, 428)	Y	same	hori	left	True	1131615	1132472	left	1	4	41
3	csq	f	19	1	90	circle	red	(645, 428)	high	no	no_dis	N	same	hori	left	True	1133594	1134561	left	1	4	42
3	csq	f	19	1	90	circle	green	(645, 428)	high	dis	(724, 619)	N	dif	vert	up	True	1135579	1136657	up	1	4	43
3	csq	f	19	1	90	diamond	green	(645, 428)	high	no	no_dis	N	dif	hori	left	True	1137823	1138961	left	1	4	44
3	csq	f	19	1	90	circle	green	(645, 428)	high	no	no_dis	N	dif	hori	left	True	1140020	1141185	left	1	4	45
3	csq	f	19	1	90	circle	green	(645, 428)	high	dis	(565, 460)	N	dif	hori	left	True	1142374	1143344	left	1	4	46
3	csq	f	19	1	90	diamond	green	(645, 428)	high	no	no_dis	N	same	vert	up	True	1144349	1145088	up	1	4	47
3	csq	f	19	1	90	circle	red	(565, 619)	low	dis	(645, 428)	Y	dif	vert	up	True	1146188	1147472	up	1	4	48
3	csq	f	19	1	90	circle	green	(645, 428)	high	no	no_dis	N	same	hori	left	True	1148622	1149193	left	1	4	49
3	csq	f	19	1	90	diamond	green	(645, 428)	high	dis	(724, 619)	N	same	vert	up	True	1150356	1151344	up	1	4	50
3	csq	f	19	1	90	diamond	red	(645, 428)	high	dis	(757, 540)	N	same	hori	left	True	1152526	1153281	left	1	4	51
3	csq	f	19	1	90	circle	red	(645, 428)	high	dis	(645, 652)	N	same	vert	up	True	1154303	1154985	up	1	4	52
3	csq	f	19	1	90	diamond	green	(645, 428)	high	no	no_dis	N	dif	hori	left	True	1156187	1156808	left	1	4	53
3	csq	f	19	1	90	diamond	red	(645, 428)	high	dis	(533, 540)	N	same	vert	up	True	1158025	1159033	up	1	4	54
3	csq	f	19	1	90	diamond	red	(565, 460)	low	dis	(645, 428)	Y	dif	hori	left	True	1160217	1161481	up	0	4	55
3	csq	f	19	1	90	circle	green	(645, 428)	high	dis	(565, 619)	N	dif	vert	up	True	1164167	1165056	up	1	4	56
3	csq	f	19	1	90	diamond	green	(645, 428)	high	no	no_dis	N	same	vert	up	True	1166125	1166993	up	1	4	57
3	csq	f	19	1	90	circle	red	(645, 428)	high	no	no_dis	N	dif	hori	left	True	1168090	1169345	left	1	4	58
3	csq	f	19	1	90	diamond	green	(645, 428)	high	dis	(645, 652)	N	same	hori	left	True	1170348	1171273	left	1	4	59
3	csq	f	19	1	90	circle	green	(645, 428)	high	dis	(533, 540)	N	dif	vert	up	True	1172311	1173017	up	1	4	60
3	csq	f	19	1	90	diamond	green	(645, 428)	high	dis	(757, 540)	N	same	hori	left	True	1174079	1174929	left	1	4	61
3	csq	f	19	1	90	diamond	red	(645, 428)	high	dis	(565, 460)	N	same	vert	up	True	1176097	1177745	up	1	4	62
3	csq	f	19	1	90	circle	green	(645, 428)	high	no	no_dis	N	dif	vert	up	True	1178845	1180065	up	1	4	63
3	csq	f	19	1	90	diamond	red	(645, 428)	high	dis	(565, 619)	N	dif	hori	left	True	1181208	1182056	left	1	4	64
3	csq	f	19	1	90	circle	green	(645, 428)	high	no	no_dis	N	dif	vert	up	True	1183129	1183945	up	1	4	65
3	csq	f	19	1	90	diamond	red	(724, 619)	low	dis	(645, 428)	Y	same	hori	left	True	1185044	1186569	left	1	4	66
3	csq	f	19	1	90	diamond	green	(645, 428)	high	dis	(757, 540)	N	dif	vert	up	True	1187723	1188625	up	1	4	67
3	csq	f	19	1	90	circle	green	(757, 540)	low	no	no_dis	N	dif	hori	left	True	1189731	1191121	left	1	4	68
3	csq	f	19	1	90	circle	red	(645, 428)	high	no	no_dis	N	dif	vert	up	True	1192165	1193017	up	1	4	69
3	csq	f	19	1	90	circle	red	(645, 428)	high	dis	(724, 619)	N	dif	vert	up	True	1194184	1194865	up	1	4	70
3	csq	f	19	1	90	diamond	green	(645, 428)	high	dis	(565, 460)	N	same	hori	left	True	1195926	1196961	left	1	4	71
3	csq	f	19	1	90	circle	green	(645, 428)	high	no	no_dis	N	dif	hori	left	True	1198106	1198969	left	1	4	72
3	csq	f	19	1	90	circle	red	(645, 428)	high	dis	(533, 540)	N	dif	vert	up	True	1200056	1200705	up	1	4	73
3	csq	f	19	1	90	circle	green	(645, 428)	high	dis	(724, 460)	N	dif	vert	up	True	1201848	1202713	up	1	4	74
3	csq	f	19	1	90	circle	red	(645, 428)	high	dis	(757, 540)	N	dif	hori	left	True	1203768	1204641	left	1	4	75
3	csq	f	19	1	90	diamond	red	(645, 428)	high	no	no_dis	N	same	vert	up	True	1205645	1206360	up	1	4	76
3	csq	f	19	1	90	diamond	green	(645, 428)	high	dis	(724, 619)	N	dif	hori	left	True	1207524	1208409	left	1	4	77
3	csq	f	19	1	90	diamond	green	(645, 428)	high	no	no_dis	N	same	hori	left	True	1209622	1210409	left	1	4	78
3	csq	f	19	1	90	circle	green	(645, 428)	high	no	no_dis	N	dif	vert	up	True	1211434	1212305	up	1	4	79
3	csq	f	19	1	90	circle	green	(645, 428)	high	dis	(565, 460)	N	dif	hori	left	True	1213554	1214233	left	1	4	80
3	csq	f	19	1	90	circle	red	(645, 428)	high	dis	(724, 619)	N	same	hori	left	True	1215345	1216361	left	1	4	81
3	csq	f	19	1	90	diamond	red	(645, 428)	high	no	no_dis	N	same	vert	up	True	1217440	1218297	up	1	4	82
3	csq	f	19	1	90	circle	green	(645, 428)	high	dis	(533, 540)	N	dif	hori	left	True	1219356	1220184	left	1	4	83
3	csq	f	19	1	90	diamond	red	(645, 428)	high	no	no_dis	N	dif	vert	up	True	1221266	1221993	up	1	4	84
3	csq	f	19	1	90	diamond	red	(645, 428)	high	dis	(724, 619)	N	same	hori	left	True	1223045	1223680	left	1	4	85
3	csq	f	19	1	90	diamond	red	(645, 428)	high	dis	(757, 540)	N	dif	hori	left	True	1224911	1225712	left	1	4	86
3	csq	f	19	1	90	circle	red	(645, 428)	high	dis	(757, 540)	N	same	hori	left	True	1226866	1227712	left	1	4	87
3	csq	f	19	1	90	diamond	green	(533, 540)	low	no	no_dis	N	same	hori	left	True	1228757	1230032	left	1	4	88
3	csq	f	19	1	90	circle	red	(645, 428)	high	no	no_dis	N	dif	hori	left	True	1231265	1231993	left	1	4	89
3	csq	f	19	1	90	diamond	red	(645, 428)	high	no	no_dis	N	dif	vert	up	True	1233168	1233912	up	1	4	90
3	csq	f	19	1	90	diamond	red	(645, 428)	high	dis	(533, 540)	N	same	vert	up	True	1234988	1235728	up	1	4	91
3	csq	f	19	1	90	diamond	red	(645, 428)	high	dis	(757, 540)	N	same	vert	up	True	1236815	1237385	up	1	4	92
3	csq	f	19	1	90	diamond	red	(645, 428)	high	dis	(724, 460)	N	dif	hori	left	True	1238395	1239041	left	1	4	93
3	csq	f	19	1	90	circle	red	(645, 428)	high	dis	(724, 460)	N	same	hori	left	True	1240233	1241728	left	1	4	94
3	csq	f	19	1	90	circle	green	(645, 428)	high	dis	(724, 460)	N	dif	vert	up	True	1242937	1243825	up	1	4	95
3	csq	f	19	1	90	circle	red	(645, 428)	high	no	no_dis	N	same	hori	left	True	1244840	1245640	left	1	4	96
3	csq	f	19	1	90	diamond	red	(645, 428)	high	dis	(565, 460)	N	dif	vert	up	True	1246875	1247904	up	1	4	97
3	csq	f	19	1	90	diamond	red	(645, 428)	high	dis	(565, 460)	N	dif	vert	up	True	1249128	1249817	up	1	4	98
3	csq	f	19	1	90	circle	red	(645, 428)	high	dis	(565, 619)	N	dif	vert	up	True	1250962	1251592	up	1	4	99
3	csq	f	19	1	90	diamond	green	(645, 428)	high	no	no_dis	N	dif	hori	left	True	1252616	1253297	left	1	4	100
3	csq	f	19	1	90	circle	green	(724, 460)	low	dis	(645, 428)	Y	dif	hori	left	True	1254336	1255648	left	1	4	101
3	csq	f	19	1	90	diamond	green	(645, 428)	high	no	no_dis	N	same	vert	up	True	1256674	1257744	up	1	4	102
3	csq	f	19	1	90	diamond	green	(645, 428)	high	dis	(565, 619)	N	same	vert	up	True	1258916	1259528	up	1	4	103
3	csq	f	19	1	90	circle	green	(645, 428)	high	dis	(645, 652)	N	same	hori	left	True	1260559	1261360	left	1	4	104
3	csq	f	19	1	90	circle	red	(645, 428)	high	dis	(724, 619)	N	dif	vert	up	True	1262591	1263232	up	1	4	105
3	csq	f	19	1	90	diamond	green	(645, 428)	high	dis	(724, 619)	N	dif	hori	left	True	1264415	1265144	left	1	4	106
3	csq	f	19	1	90	circle	red	(645, 428)	high	dis	(565, 460)	N	same	vert	up	True	1266305	1267032	up	1	4	107
3	csq	f	19	1	90	diamond	green	(645, 428)	high	dis	(757, 540)	N	same	hori	left	True	1268209	1269016	left	1	4	108
3	csq	f	19	1	90	diamond	red	(645, 428)	high	dis	(565, 619)	N	same	hori	left	True	1270041	1270824	left	1	4	109
3	csq	f	19	1	90	diamond	green	(645, 428)	high	dis	(533, 540)	N	same	vert	up	True	1271960	1272624	up	1	4	110
3	csq	f	19	1	90	circle	green	(645, 428)	high	dis	(724, 460)	N	same	vert	up	True	1273808	1274688	up	1	4	111
3	csq	f	19	1	90	circle	green	(645, 428)	high	dis	(724, 619)	N	dif	hori	left	True	1275694	1276377	left	1	4	112
3	csq	f	19	1	90	diamond	red	(565, 460)	low	no	no_dis	N	dif	vert	up	True	1277382	1278401	up	1	4	113
3	csq	f	19	1	90	circle	red	(645, 428)	high	dis	(724, 460)	N	dif	hori	left	True	1279526	1280393	left	1	4	114
3	csq	f	19	1	90	diamond	red	(645, 428)	high	no	no_dis	N	same	vert	up	True	1281634	1282553	up	1	4	115
3	csq	f	19	1	90	circle	red	(645, 428)	high	dis	(724, 460)	N	same	vert	up	True	1283649	1284440	up	1	4	116
3	csq	f	19	1	90	diamond	red	(645, 428)	high	dis	(565, 460)	N	dif	hori	left	True	1285594	1286448	left	1	4	117
3	csq	f	19	1	90	circle	green	(645, 428)	high	dis	(565, 619)	N	same	hori	left	True	1287601	1288272	left	1	4	118
3	csq	f	19	1	90	diamond	red	(645, 428)	high	dis	(645, 652)	N	dif	hori	left	True	1289317	1290024	left	1	4	119
3	csq	f	19	1	90	circle	green	(645, 428)	high	dis	(565, 460)	N	dif	hori	left	True	1291175	1291968	left	1	4	120
3	csq	f	19	1	90	diamond	green	(533, 540)	low	dis	(645, 428)	Y	same	vert	up	True	1325719	1327768	up	1	5	1
3	csq	f	19	1	90	diamond	red	(645, 428)	high	dis	(645, 652)	N	same	hori	left	True	1329008	1329896	left	1	5	2
3	csq	f	19	1	90	circle	green	(645, 428)	high	dis	(565, 619)	N	same	vert	up	True	1331069	1331809	up	1	5	3
3	csq	f	19	1	90	circle	green	(645, 428)	high	dis	(724, 619)	N	dif	vert	up	True	1332950	1333864	up	1	5	4
3	csq	f	19	1	90	circle	red	(645, 428)	high	dis	(533, 540)	N	dif	vert	up	True	1335039	1335784	up	1	5	5
3	csq	f	19	1	90	circle	red	(645, 428)	high	dis	(724, 460)	N	dif	hori	left	True	1336855	1337456	left	1	5	6
3	csq	f	19	1	90	circle	green	(645, 428)	high	no	no_dis	N	same	vert	up	True	1338536	1339336	up	1	5	7
3	csq	f	19	1	90	circle	green	(645, 428)	high	dis	(757, 540)	N	dif	hori	left	True	1340388	1341033	left	1	5	8
3	csq	f	19	1	90	diamond	red	(645, 428)	high	dis	(757, 540)	N	dif	hori	left	True	1342131	1342848	left	1	5	9
3	csq	f	19	1	90	diamond	red	(645, 428)	high	dis	(724, 460)	N	dif	vert	up	True	1344019	1344609	up	1	5	10
3	csq	f	19	1	90	circle	green	(645, 652)	low	dis	(645, 428)	Y	dif	hori	left	True	1345778	1346920	left	1	5	11
3	csq	f	19	1	90	circle	green	(645, 428)	high	no	no_dis	N	dif	vert	up	True	1348153	1348728	up	1	5	12
3	csq	f	19	1	90	diamond	red	(645, 428)	high	dis	(724, 619)	N	same	hori	left	True	1349821	1350424	left	1	5	13
3	csq	f	19	1	90	diamond	green	(645, 428)	high	dis	(724, 460)	N	same	hori	left	True	1351462	1352328	left	1	5	14
3	csq	f	19	1	90	diamond	red	(645, 428)	high	no	no_dis	N	same	vert	up	True	1353342	1354664	up	1	5	15
3	csq	f	19	1	90	diamond	green	(645, 428)	high	no	no_dis	N	dif	vert	up	True	1355877	1356528	up	1	5	16
3	csq	f	19	1	90	diamond	green	(645, 428)	high	dis	(565, 619)	N	dif	hori	left	True	1357679	1358680	left	1	5	17
3	csq	f	19	1	90	circle	red	(645, 428)	high	no	no_dis	N	dif	hori	left	True	1359800	1360488	left	1	5	18
3	csq	f	19	1	90	diamond	green	(645, 428)	high	no	no_dis	N	dif	vert	up	True	1361705	1362409	up	1	5	19
3	csq	f	19	1	90	diamond	red	(645, 428)	high	no	no_dis	N	dif	vert	up	True	1363530	1364264	up	1	5	20
3	csq	f	19	1	90	circle	red	(645, 428)	high	no	no_dis	N	dif	hori	left	True	1365487	1366048	left	1	5	21
3	csq	f	19	1	90	diamond	red	(645, 428)	high	dis	(645, 652)	N	same	vert	up	True	1367272	1367888	up	1	5	22
3	csq	f	19	1	90	diamond	green	(645, 428)	high	dis	(565, 460)	N	dif	vert	up	True	1368923	1369672	up	1	5	23
3	csq	f	19	1	90	diamond	red	(645, 428)	high	dis	(724, 619)	N	dif	hori	left	True	1370737	1371401	left	1	5	24
3	csq	f	19	1	90	circle	green	(645, 428)	high	dis	(757, 540)	N	same	vert	up	True	1372625	1373400	up	1	5	25
3	csq	f	19	1	90	circle	red	(645, 428)	high	dis	(565, 619)	N	same	hori	left	True	1374638	1375368	left	1	5	26
3	csq	f	19	1	90	diamond	red	(645, 428)	high	dis	(565, 460)	N	dif	hori	left	True	1376467	1377264	left	1	5	27
3	csq	f	19	1	90	diamond	green	(645, 428)	high	dis	(724, 460)	N	same	hori	left	True	1378369	1379296	left	1	5	28
3	csq	f	19	1	90	diamond	green	(645, 428)	high	dis	(533, 540)	N	dif	vert	up	True	1380544	1381793	up	1	5	29
3	csq	f	19	1	90	circle	red	(645, 428)	high	dis	(565, 460)	N	dif	hori	left	True	1382930	1383736	left	1	5	30
3	csq	f	19	1	90	circle	red	(645, 428)	high	no	no_dis	N	dif	vert	up	True	1384859	1385624	up	1	5	31
3	csq	f	19	1	90	diamond	red	(645, 428)	high	dis	(533, 540)	N	same	vert	up	True	1386722	1387848	up	1	5	32
3	csq	f	19	1	90	diamond	green	(645, 428)	high	dis	(565, 460)	N	same	vert	up	True	1389012	1390128	up	1	5	33
3	csq	f	19	1	90	circle	red	(645, 428)	high	dis	(645, 652)	N	dif	vert	up	True	1391179	1392312	up	1	5	34
3	csq	f	19	1	90	circle	green	(724, 460)	low	no	no_dis	N	same	hori	left	True	1393410	1394592	left	1	5	35
3	csq	f	19	1	90	diamond	green	(645, 428)	high	no	no_dis	N	dif	hori	left	True	1395727	1397064	left	1	5	36
3	csq	f	19	1	90	diamond	red	(645, 428)	high	dis	(645, 652)	N	dif	vert	up	True	1398123	1399000	up	1	5	37
3	csq	f	19	1	90	diamond	red	(645, 428)	high	no	no_dis	N	same	hori	left	True	1400160	1400952	left	1	5	38
3	csq	f	19	1	90	diamond	red	(565, 460)	low	dis	(645, 428)	Y	same	hori	left	True	1402108	1403377	left	1	5	39
3	csq	f	19	1	90	circle	red	(645, 428)	high	no	no_dis	N	same	vert	up	True	1404591	1405760	up	1	5	40
3	csq	f	19	1	90	circle	red	(645, 428)	high	dis	(757, 540)	N	dif	hori	left	True	1406806	1407480	left	1	5	41
3	csq	f	19	1	90	diamond	red	(645, 428)	high	dis	(565, 460)	N	dif	hori	left	True	1408489	1409336	left	1	5	42
3	csq	f	19	1	90	diamond	green	(645, 428)	high	dis	(757, 540)	N	dif	hori	left	True	1410467	1411376	left	1	5	43
3	csq	f	19	1	90	circle	green	(645, 428)	high	dis	(645, 652)	N	same	vert	up	True	1412624	1413336	up	1	5	44
3	csq	f	19	1	90	circle	green	(645, 428)	high	dis	(757, 540)	N	same	vert	up	True	1414560	1416345	up	1	5	45
3	csq	f	19	1	90	diamond	red	(645, 428)	high	dis	(724, 619)	N	dif	vert	up	True	1417492	1418216	up	1	5	46
3	csq	f	19	1	90	diamond	green	(645, 428)	high	dis	(565, 619)	N	same	vert	up	True	1419448	1420240	up	1	5	47
3	csq	f	19	1	90	circle	red	(645, 428)	high	dis	(724, 619)	N	same	hori	left	True	1421431	1422144	left	1	5	48
3	csq	f	19	1	90	diamond	green	(645, 428)	high	no	no_dis	N	dif	hori	left	True	1423248	1424048	left	1	5	49
3	csq	f	19	1	90	diamond	red	(645, 428)	high	dis	(645, 652)	N	same	hori	left	True	1425133	1425896	left	1	5	50
3	csq	f	19	1	90	circle	red	(565, 619)	low	dis	(645, 428)	Y	same	vert	up	True	1426934	1428240	up	1	5	51
3	csq	f	19	1	90	circle	red	(645, 428)	high	no	no_dis	N	dif	vert	up	True	1429404	1430160	up	1	5	52
3	csq	f	19	1	90	circle	red	(645, 428)	high	dis	(565, 460)	N	same	hori	left	True	1431391	1432472	left	1	5	53
3	csq	f	19	1	90	circle	red	(645, 428)	high	no	no_dis	N	dif	hori	left	True	1433607	1434208	left	1	5	54
3	csq	f	19	1	90	circle	green	(645, 428)	high	dis	(724, 460)	N	same	hori	left	True	1435222	1435992	left	1	5	55
3	csq	f	19	1	90	diamond	green	(645, 428)	high	dis	(565, 619)	N	dif	vert	up	True	1437139	1437752	up	1	5	56
3	csq	f	19	1	90	circle	green	(645, 428)	high	dis	(533, 540)	N	same	vert	up	True	1438770	1439440	up	1	5	57
3	csq	f	19	1	90	diamond	red	(645, 428)	high	dis	(757, 540)	N	dif	vert	up	True	1440521	1441216	up	1	5	58
3	csq	f	19	1	90	circle	green	(645, 428)	high	dis	(724, 460)	N	same	vert	up	True	1442456	1443208	up	1	5	59
3	csq	f	19	1	90	circle	green	(645, 428)	high	dis	(724, 460)	N	same	hori	left	True	1444333	1444848	left	1	5	60
3	csq	f	19	1	90	diamond	green	(645, 428)	high	dis	(757, 540)	N	dif	vert	up	True	1446031	1446640	up	1	5	61
3	csq	f	19	1	90	diamond	red	(645, 428)	high	no	no_dis	N	dif	hori	left	True	1447816	1448560	left	1	5	62
3	csq	f	19	1	90	circle	red	(645, 428)	high	dis	(757, 540)	N	same	vert	up	True	1449677	1450240	up	1	5	63
3	csq	f	19	1	90	diamond	green	(645, 428)	high	no	no_dis	N	same	hori	left	True	1451376	1452240	left	1	5	64
3	csq	f	19	1	90	circle	red	(645, 428)	high	no	no_dis	N	same	vert	up	True	1453399	1454256	up	1	5	65
3	csq	f	19	1	90	diamond	red	(645, 428)	high	no	no_dis	N	dif	vert	up	True	1455358	1456432	up	1	5	66
3	csq	f	19	1	90	circle	green	(645, 428)	high	no	no_dis	N	same	vert	up	True	1457556	1458248	up	1	5	67
3	csq	f	19	1	90	circle	red	(757, 540)	low	dis	(645, 428)	Y	dif	vert	up	True	1459348	1460488	up	1	5	68
3	csq	f	19	1	90	circle	green	(645, 428)	high	dis	(565, 619)	N	dif	hori	left	True	1461707	1462232	left	1	5	69
3	csq	f	19	1	90	diamond	red	(724, 619)	low	dis	(645, 428)	Y	dif	vert	up	True	1463297	1464584	left	0	5	70
3	csq	f	19	1	90	circle	red	(645, 428)	high	dis	(724, 619)	N	same	hori	left	True	1467274	1467960	left	1	5	71
3	csq	f	19	1	90	diamond	green	(645, 428)	high	no	no_dis	N	same	hori	left	True	1469137	1470496	left	1	5	72
3	csq	f	19	1	90	circle	green	(645, 428)	high	no	no_dis	N	same	vert	up	True	1471596	1472128	up	1	5	73
3	csq	f	19	1	90	diamond	green	(645, 428)	high	dis	(533, 540)	N	same	hori	left	True	1473158	1474008	left	1	5	74
3	csq	f	19	1	90	circle	red	(645, 428)	high	dis	(565, 619)	N	dif	hori	left	True	1475113	1475784	left	1	5	75
3	csq	f	19	1	90	circle	red	(645, 428)	high	dis	(565, 619)	N	dif	hori	left	True	1476922	1478104	up	0	5	76
3	csq	f	19	1	90	diamond	red	(645, 428)	high	no	no_dis	N	same	hori	left	True	1480868	1481624	left	1	5	77
3	csq	f	19	1	90	diamond	green	(645, 428)	high	dis	(565, 460)	N	same	vert	up	True	1482877	1484680	up	1	5	78
3	csq	f	19	1	90	diamond	green	(645, 428)	high	dis	(724, 619)	N	same	hori	left	True	1485889	1486544	left	1	5	79
3	csq	f	19	1	90	circle	green	(645, 428)	high	no	no_dis	N	dif	vert	up	True	1487690	1488775	up	1	5	80
3	csq	f	19	1	90	circle	red	(645, 428)	high	dis	(724, 460)	N	dif	vert	up	True	1489969	1490729	up	1	5	81
3	csq	f	19	1	90	diamond	green	(645, 428)	high	dis	(645, 652)	N	dif	hori	left	True	1491876	1492768	left	1	5	82
3	csq	f	19	1	90	diamond	red	(565, 619)	low	no	no_dis	N	same	vert	up	True	1493968	1495320	up	1	5	83
3	csq	f	19	1	90	diamond	green	(645, 428)	high	no	no_dis	N	same	hori	left	True	1496567	1498400	left	1	5	84
3	csq	f	19	1	90	circle	red	(645, 428)	high	dis	(533, 540)	N	dif	vert	up	True	1499531	1500352	up	1	5	85
3	csq	f	19	1	90	circle	red	(645, 428)	high	dis	(724, 619)	N	dif	vert	up	True	1501532	1502296	up	1	5	86
3	csq	f	19	1	90	circle	green	(724, 460)	low	dis	(645, 428)	Y	dif	hori	left	True	1503449	1504936	left	1	5	87
3	csq	f	19	1	90	circle	green	(645, 428)	high	no	no_dis	N	dif	hori	left	True	1506064	1507104	left	1	5	88
3	csq	f	19	1	90	circle	green	(645, 428)	high	dis	(724, 460)	N	dif	hori	left	True	1508290	1509656	left	1	5	89
3	csq	f	19	1	90	diamond	red	(645, 428)	high	no	no_dis	N	same	hori	left	True	1510671	1511568	left	1	5	90
3	csq	f	19	1	90	diamond	red	(645, 428)	high	dis	(757, 540)	N	dif	hori	left	True	1512609	1513640	left	1	5	91
3	csq	f	19	1	90	diamond	red	(645, 428)	high	no	no_dis	N	same	hori	left	True	1514806	1515496	left	1	5	92
3	csq	f	19	1	90	circle	red	(645, 428)	high	no	no_dis	N	dif	hori	left	True	1516510	1517600	left	1	5	93
3	csq	f	19	1	90	circle	green	(645, 428)	high	dis	(533, 540)	N	same	vert	up	True	1518691	1519456	up	1	5	94
3	csq	f	19	1	90	diamond	green	(645, 428)	high	dis	(565, 460)	N	dif	vert	up	True	1520538	1521208	up	1	5	95
3	csq	f	19	1	90	diamond	green	(645, 428)	high	dis	(565, 619)	N	same	hori	left	True	1522227	1523232	left	1	5	96
3	csq	f	19	1	90	diamond	green	(724, 460)	low	dis	(645, 428)	Y	same	hori	left	True	1524292	1525792	left	1	5	97
3	csq	f	19	1	90	diamond	green	(645, 428)	high	no	no_dis	N	dif	vert	up	True	1526912	1527768	up	1	5	98
3	csq	f	19	1	90	circle	green	(645, 428)	high	dis	(565, 460)	N	same	vert	up	True	1528779	1529727	up	1	5	99
3	csq	f	19	1	90	diamond	red	(645, 428)	high	dis	(533, 540)	N	dif	vert	up	True	1530815	1531512	up	1	5	100
3	csq	f	19	1	90	circle	green	(645, 428)	high	dis	(565, 460)	N	dif	hori	left	True	1532720	1533439	left	1	5	101
3	csq	f	19	1	90	diamond	red	(645, 428)	high	dis	(565, 619)	N	same	hori	left	True	1534571	1535183	left	1	5	102
3	csq	f	19	1	90	circle	green	(645, 428)	high	dis	(724, 460)	N	same	hori	left	True	1536190	1536848	left	1	5	103
3	csq	f	19	1	90	diamond	green	(645, 428)	high	dis	(645, 652)	N	same	hori	left	True	1537946	1538824	left	1	5	104
3	csq	f	19	1	90	circle	red	(533, 540)	low	no	no_dis	N	dif	hori	left	True	1539996	1540600	up	0	5	105
3	csq	f	19	1	90	circle	red	(645, 428)	high	dis	(724, 619)	N	same	vert	up	True	1543363	1544312	up	1	5	106
3	csq	f	19	1	90	diamond	green	(724, 619)	low	no	no_dis	N	dif	vert	up	True	1545335	1546727	left	0	5	107
3	csq	f	19	1	90	circle	red	(645, 428)	high	no	no_dis	N	same	hori	left	True	1549439	1550448	left	1	5	108
3	csq	f	19	1	90	circle	green	(645, 428)	high	no	no_dis	N	same	vert	up	True	1551652	1552560	up	1	5	109
3	csq	f	19	1	90	diamond	red	(645, 428)	high	no	no_dis	N	same	vert	up	True	1553619	1554376	up	1	5	110
3	csq	f	19	1	90	circle	red	(645, 428)	high	dis	(724, 619)	N	same	vert	up	True	1555461	1556304	up	1	5	111
3	csq	f	19	1	90	circle	green	(645, 428)	high	no	no_dis	N	dif	hori	left	True	1557413	1558248	left	1	5	112
3	csq	f	19	1	90	circle	green	(645, 428)	high	no	no_dis	N	same	vert	up	True	1559462	1561072	up	1	5	113
3	csq	f	19	1	90	diamond	red	(645, 428)	high	dis	(533, 540)	N	same	hori	left	True	1562262	1563008	left	1	5	114
3	csq	f	19	1	90	diamond	red	(645, 428)	high	dis	(724, 460)	N	dif	vert	up	True	1564258	1565600	up	1	5	115
3	csq	f	19	1	90	diamond	green	(645, 428)	high	dis	(645, 652)	N	dif	hori	left	True	1566705	1568415	left	1	5	116
3	csq	f	19	1	90	circle	red	(645, 428)	high	dis	(645, 652)	N	dif	vert	up	True	1569632	1570240	up	1	5	117
3	csq	f	19	1	90	diamond	green	(645, 428)	high	no	no_dis	N	same	hori	left	True	1571312	1572080	left	1	5	118
3	csq	f	19	1	90	circle	green	(645, 428)	high	dis	(565, 460)	N	same	vert	up	True	1573160	1573768	up	1	5	119
3	csq	f	19	1	90	circle	green	(645, 428)	high	dis	(533, 540)	N	same	vert	up	True	1574838	1575488	up	1	5	120
3	csq	f	19	1	90	circle	red	(645, 428)	high	no	no_dis	N	same	vert	up	True	1611679	1612327	up	1	6	1
3	csq	f	19	1	90	circle	red	(565, 460)	low	no	no_dis	N	same	vert	up	True	1613452	1614127	left	0	6	2
3	csq	f	19	1	90	circle	red	(645, 428)	high	dis	(533, 540)	N	dif	vert	up	True	1616830	1617975	up	1	6	3
3	csq	f	19	1	90	diamond	green	(645, 428)	high	dis	(645, 652)	N	same	hori	left	True	1619026	1620288	left	1	6	4
3	csq	f	19	1	90	diamond	green	(645, 428)	high	dis	(565, 619)	N	dif	vert	up	True	1621372	1622272	up	1	6	5
3	csq	f	19	1	90	circle	green	(645, 428)	high	dis	(724, 619)	N	same	hori	left	True	1623339	1624432	left	1	6	6
3	csq	f	19	1	90	diamond	green	(645, 428)	high	no	no_dis	N	dif	hori	left	True	1625447	1626400	left	1	6	7
3	csq	f	19	1	90	diamond	green	(645, 428)	high	dis	(757, 540)	N	dif	vert	up	True	1627645	1628471	up	1	6	8
3	csq	f	19	1	90	diamond	red	(645, 428)	high	dis	(645, 652)	N	same	vert	up	True	1629500	1630320	up	1	6	9
3	csq	f	19	1	90	circle	red	(645, 428)	high	dis	(757, 540)	N	same	hori	left	True	1631397	1632080	left	1	6	10
3	csq	f	19	1	90	circle	red	(645, 428)	high	dis	(565, 619)	N	dif	vert	up	True	1633250	1633855	up	1	6	11
3	csq	f	19	1	90	diamond	green	(645, 428)	high	dis	(724, 460)	N	dif	vert	up	True	1635016	1635824	up	1	6	12
3	csq	f	19	1	90	circle	green	(645, 428)	high	dis	(724, 619)	N	same	hori	left	True	1637044	1637648	left	1	6	13
3	csq	f	19	1	90	diamond	green	(645, 428)	high	no	no_dis	N	same	vert	up	True	1638668	1639535	up	1	6	14
3	csq	f	19	1	90	diamond	green	(645, 428)	high	dis	(645, 652)	N	same	vert	up	True	1640545	1641304	up	1	6	15
3	csq	f	19	1	90	diamond	red	(645, 428)	high	dis	(757, 540)	N	dif	hori	left	True	1642539	1643192	left	1	6	16
3	csq	f	19	1	90	diamond	green	(645, 428)	high	dis	(757, 540)	N	same	vert	up	True	1644197	1644911	up	1	6	17
3	csq	f	19	1	90	diamond	green	(645, 428)	high	no	no_dis	N	same	hori	left	True	1645993	1646800	left	1	6	18
3	csq	f	19	1	90	circle	red	(645, 428)	high	dis	(565, 619)	N	dif	vert	up	True	1648051	1648832	up	1	6	19
3	csq	f	19	1	90	diamond	green	(645, 428)	high	dis	(533, 540)	N	dif	vert	up	True	1650067	1650816	up	1	6	20
3	csq	f	19	1	90	diamond	red	(724, 619)	low	dis	(645, 428)	Y	dif	hori	left	True	1651845	1653007	left	1	6	21
3	csq	f	19	1	90	circle	green	(645, 428)	high	dis	(757, 540)	N	dif	hori	left	True	1654116	1655504	left	1	6	22
3	csq	f	19	1	90	diamond	green	(645, 428)	high	no	no_dis	N	dif	hori	left	True	1656666	1657560	left	1	6	23
3	csq	f	19	1	90	diamond	red	(645, 428)	high	dis	(565, 619)	N	same	vert	up	True	1658684	1659416	up	1	6	24
3	csq	f	19	1	90	circle	green	(645, 428)	high	dis	(757, 540)	N	same	vert	up	True	1660420	1661319	up	1	6	25
3	csq	f	19	1	90	diamond	red	(645, 428)	high	no	no_dis	N	dif	hori	left	True	1662337	1662984	left	1	6	26
3	csq	f	19	1	90	diamond	green	(645, 428)	high	dis	(724, 619)	N	dif	vert	up	True	1664113	1664679	up	1	6	27
3	csq	f	19	1	90	diamond	red	(645, 428)	high	dis	(645, 652)	N	same	hori	left	True	1665778	1666664	left	1	6	28
3	csq	f	19	1	90	diamond	red	(645, 428)	high	no	no_dis	N	dif	hori	left	True	1667857	1668687	left	1	6	29
3	csq	f	19	1	90	circle	green	(645, 428)	high	dis	(724, 460)	N	same	vert	up	True	1669870	1670831	up	1	6	30
3	csq	f	19	1	90	circle	green	(645, 428)	high	dis	(565, 460)	N	dif	hori	left	True	1672080	1672887	left	1	6	31
3	csq	f	19	1	90	diamond	red	(645, 428)	high	dis	(724, 460)	N	same	hori	left	True	1673895	1675071	left	1	6	32
3	csq	f	19	1	90	circle	red	(645, 428)	high	dis	(533, 540)	N	same	vert	up	True	1676317	1676928	up	1	6	33
3	csq	f	19	1	90	circle	red	(645, 428)	high	dis	(565, 619)	N	same	vert	up	True	1677933	1678744	up	1	6	34
3	csq	f	19	1	90	circle	red	(645, 428)	high	no	no_dis	N	dif	vert	up	True	1679955	1680623	up	1	6	35
3	csq	f	19	1	90	circle	green	(645, 428)	high	dis	(724, 619)	N	dif	vert	up	True	1681708	1683224	up	1	6	36
3	csq	f	19	1	90	diamond	green	(645, 428)	high	dis	(565, 460)	N	dif	hori	left	True	1684295	1685103	left	1	6	37
3	csq	f	19	1	90	circle	green	(645, 428)	high	no	no_dis	N	dif	vert	up	True	1686184	1686808	up	1	6	38
3	csq	f	19	1	90	circle	green	(645, 428)	high	dis	(533, 540)	N	dif	vert	up	True	1687884	1688687	up	1	6	39
3	csq	f	19	1	90	circle	green	(645, 428)	high	no	no_dis	N	dif	hori	left	True	1689929	1690455	left	1	6	40
3	csq	f	19	1	90	diamond	red	(645, 428)	high	dis	(724, 619)	N	same	vert	up	True	1691686	1692231	up	1	6	41
3	csq	f	19	1	90	circle	red	(645, 428)	high	dis	(645, 652)	N	dif	hori	left	True	1693346	1694048	left	1	6	42
3	csq	f	19	1	90	diamond	red	(533, 540)	low	no	no_dis	N	dif	vert	up	True	1695260	1696591	up	1	6	43
3	csq	f	19	1	90	diamond	red	(645, 428)	high	dis	(565, 460)	N	same	vert	up	True	1697798	1698591	up	1	6	44
3	csq	f	19	1	90	circle	green	(645, 428)	high	dis	(565, 460)	N	same	hori	left	True	1699723	1700240	left	1	6	45
3	csq	f	19	1	90	diamond	red	(645, 428)	high	dis	(724, 460)	N	dif	hori	left	True	1701383	1701880	left	1	6	46
3	csq	f	19	1	90	diamond	green	(724, 619)	low	dis	(645, 428)	Y	same	hori	left	True	1703017	1703576	left	1	6	47
3	csq	f	19	1	90	circle	red	(645, 428)	high	no	no_dis	N	dif	vert	up	True	1704813	1705656	up	1	6	48
3	csq	f	19	1	90	circle	green	(645, 428)	high	no	no_dis	N	dif	vert	up	True	1706820	1707624	up	1	6	49
3	csq	f	19	1	90	circle	red	(645, 428)	high	no	no_dis	N	dif	hori	left	True	1708794	1709415	left	1	6	50
3	csq	f	19	1	90	diamond	red	(645, 428)	high	dis	(565, 619)	N	same	hori	left	True	1710617	1711408	left	1	6	51
3	csq	f	19	1	90	circle	green	(645, 428)	high	dis	(565, 619)	N	same	hori	left	True	1712514	1713359	left	1	6	52
3	csq	f	19	1	90	circle	red	(645, 428)	high	dis	(533, 540)	N	same	hori	left	True	1714466	1715095	left	1	6	53
3	csq	f	19	1	90	circle	green	(645, 428)	high	no	no_dis	N	same	hori	left	True	1716170	1716831	left	1	6	54
3	csq	f	19	1	90	circle	green	(645, 428)	high	dis	(724, 619)	N	same	vert	up	True	1717879	1718671	up	1	6	55
3	csq	f	19	1	90	circle	red	(645, 428)	high	dis	(565, 619)	N	dif	vert	up	True	1719757	1720591	up	1	6	56
3	csq	f	19	1	90	diamond	green	(533, 540)	low	dis	(645, 428)	Y	same	vert	up	True	1721660	1722896	up	1	6	57
3	csq	f	19	1	90	circle	green	(645, 428)	high	dis	(724, 460)	N	dif	hori	left	True	1724031	1724647	left	1	6	58
3	csq	f	19	1	90	diamond	red	(645, 428)	high	no	no_dis	N	dif	hori	left	True	1725762	1726512	up	0	6	59
3	csq	f	19	1	90	diamond	green	(645, 428)	high	dis	(724, 619)	N	dif	vert	up	True	1729035	1730072	up	1	6	60
3	csq	f	19	1	90	diamond	green	(645, 428)	high	dis	(533, 540)	N	dif	vert	up	True	1731275	1732007	up	1	6	61
3	csq	f	19	1	90	diamond	red	(645, 428)	high	dis	(565, 619)	N	same	vert	up	True	1733182	1733863	up	1	6	62
3	csq	f	19	1	90	circle	green	(724, 460)	low	dis	(645, 428)	Y	dif	hori	left	True	1735018	1735943	left	1	6	63
3	csq	f	19	1	90	circle	green	(645, 652)	low	dis	(645, 428)	Y	dif	vert	up	True	1737074	1739071	up	1	6	64
3	csq	f	19	1	90	circle	red	(645, 428)	high	no	no_dis	N	same	hori	left	True	1740087	1741055	left	1	6	65
3	csq	f	19	1	90	diamond	red	(645, 428)	high	dis	(565, 460)	N	same	hori	left	True	1742189	1743423	up	0	6	66
3	csq	f	19	1	90	diamond	red	(645, 428)	high	no	no_dis	N	same	hori	left	True	1746119	1747488	left	1	6	67
3	csq	f	19	1	90	circle	green	(724, 619)	low	no	no_dis	N	same	hori	left	True	1748713	1749895	left	1	6	68
3	csq	f	19	1	90	circle	green	(645, 428)	high	dis	(724, 619)	N	same	vert	up	True	1751025	1751815	up	1	6	69
3	csq	f	19	1	90	diamond	red	(645, 428)	high	dis	(565, 619)	N	dif	vert	up	True	1752826	1754095	up	1	6	70
3	csq	f	19	1	90	diamond	red	(645, 428)	high	dis	(757, 540)	N	same	vert	up	True	1755229	1756143	up	1	6	71
3	csq	f	19	1	90	circle	red	(645, 428)	high	dis	(565, 619)	N	dif	hori	left	True	1757156	1758432	left	1	6	72
3	csq	f	19	1	90	diamond	green	(645, 428)	high	dis	(565, 460)	N	dif	hori	left	True	1759444	1760976	up	0	6	73
3	csq	f	19	1	90	circle	red	(645, 428)	high	no	no_dis	N	dif	vert	up	True	1763747	1764648	up	1	6	74
3	csq	f	19	1	90	circle	green	(645, 428)	high	no	no_dis	N	same	hori	left	True	1765737	1766519	left	1	6	75
3	csq	f	19	1	90	diamond	green	(645, 428)	high	dis	(565, 460)	N	dif	hori	left	True	1767697	1768696	left	1	6	76
3	csq	f	19	1	90	diamond	green	(645, 652)	low	no	no_dis	N	dif	hori	left	True	1769911	1771528	left	1	6	77
3	csq	f	19	1	90	diamond	green	(645, 428)	high	no	no_dis	N	same	hori	left	True	1772748	1773919	left	1	6	78
3	csq	f	19	1	90	diamond	red	(645, 428)	high	dis	(565, 460)	N	dif	hori	left	True	1774963	1775808	left	1	6	79
3	csq	f	19	1	90	diamond	green	(645, 428)	high	dis	(645, 652)	N	dif	hori	left	True	1776903	1777511	left	1	6	80
3	csq	f	19	1	90	diamond	green	(645, 428)	high	no	no_dis	N	same	vert	up	True	1778636	1779255	up	1	6	81
3	csq	f	19	1	90	circle	green	(645, 428)	high	no	no_dis	N	dif	vert	up	True	1780289	1781487	up	1	6	82
3	csq	f	19	1	90	diamond	red	(645, 428)	high	dis	(724, 460)	N	dif	vert	up	True	1782497	1783359	up	1	6	83
3	csq	f	19	1	90	circle	green	(645, 428)	high	no	no_dis	N	dif	vert	up	True	1784452	1785615	up	1	6	84
3	csq	f	19	1	90	circle	red	(645, 428)	high	dis	(533, 540)	N	dif	hori	left	True	1786621	1787327	left	1	6	85
3	csq	f	19	1	90	circle	green	(645, 428)	high	dis	(533, 540)	N	same	hori	left	True	1788405	1789167	left	1	6	86
3	csq	f	19	1	90	diamond	red	(645, 428)	high	no	no_dis	N	same	vert	up	True	1790414	1791095	up	1	6	87
3	csq	f	19	1	90	circle	green	(645, 428)	high	dis	(533, 540)	N	dif	vert	up	True	1792260	1793687	up	1	6	88
3	csq	f	19	1	90	diamond	red	(645, 428)	high	no	no_dis	N	dif	hori	left	True	1794804	1795703	left	1	6	89
3	csq	f	19	1	90	diamond	red	(645, 428)	high	dis	(565, 460)	N	same	hori	left	True	1796931	1797943	left	1	6	90
3	csq	f	19	1	90	diamond	green	(645, 428)	high	no	no_dis	N	same	vert	up	True	1799185	1799751	up	1	6	91
3	csq	f	19	1	90	diamond	red	(645, 428)	high	dis	(533, 540)	N	same	vert	up	True	1800989	1801584	up	1	6	92
3	csq	f	19	1	90	circle	red	(645, 428)	high	no	no_dis	N	same	vert	up	True	1802671	1803663	up	1	6	93
3	csq	f	19	1	90	circle	red	(565, 619)	low	dis	(645, 428)	Y	dif	vert	up	True	1804690	1806063	left	0	6	94
3	csq	f	19	1	90	circle	red	(645, 428)	high	dis	(645, 652)	N	same	hori	left	True	1808702	1809423	left	1	6	95
3	csq	f	19	1	90	circle	red	(645, 428)	high	dis	(724, 619)	N	same	vert	up	True	1810606	1811456	up	1	6	96
3	csq	f	19	1	90	circle	red	(645, 428)	high	no	no_dis	N	same	hori	left	True	1812482	1813063	left	1	6	97
3	csq	f	19	1	90	diamond	red	(645, 428)	high	no	no_dis	N	same	vert	up	True	1814138	1814744	up	1	6	98
3	csq	f	19	1	90	diamond	green	(645, 428)	high	no	no_dis	N	dif	vert	up	True	1815930	1816871	up	1	6	99
3	csq	f	19	1	90	circle	green	(645, 428)	high	dis	(757, 540)	N	dif	hori	left	True	1817977	1818608	left	1	6	100
3	csq	f	19	1	90	diamond	red	(645, 428)	high	no	no_dis	N	dif	vert	up	True	1819812	1820559	up	1	6	101
3	csq	f	19	1	90	circle	red	(645, 428)	high	dis	(724, 460)	N	dif	vert	up	True	1821585	1822799	up	1	6	102
3	csq	f	19	1	90	diamond	green	(645, 428)	high	dis	(757, 540)	N	dif	hori	left	True	1823842	1824560	left	1	6	103
3	csq	f	19	1	90	circle	red	(645, 428)	high	dis	(645, 652)	N	same	vert	up	True	1825679	1826375	up	1	6	104
3	csq	f	19	1	90	diamond	green	(645, 428)	high	dis	(724, 460)	N	same	hori	left	True	1827408	1828311	left	1	6	105
3	csq	f	19	1	90	circle	red	(645, 428)	high	no	no_dis	N	dif	hori	left	True	1829422	1830047	left	1	6	106
3	csq	f	19	1	90	circle	green	(645, 428)	high	no	no_dis	N	same	vert	up	True	1831205	1832143	up	1	6	107
3	csq	f	19	1	90	diamond	red	(645, 428)	high	no	no_dis	N	same	hori	left	True	1833239	1833856	left	1	6	108
3	csq	f	19	1	90	diamond	red	(565, 460)	low	dis	(645, 428)	Y	same	hori	left	True	1835064	1837631	up	0	6	109
3	csq	f	19	1	90	diamond	green	(645, 428)	high	dis	(645, 652)	N	dif	hori	left	True	1840349	1841055	left	1	6	110
3	csq	f	19	1	90	diamond	green	(645, 428)	high	no	no_dis	N	same	vert	up	True	1842202	1843191	up	1	6	111
3	csq	f	19	1	90	diamond	green	(645, 428)	high	dis	(757, 540)	N	same	hori	left	True	1844406	1845016	left	1	6	112
3	csq	f	19	1	90	circle	red	(645, 428)	high	dis	(565, 460)	N	dif	hori	left	True	1846219	1847127	left	1	6	113
3	csq	f	19	1	90	circle	green	(645, 428)	high	dis	(724, 460)	N	dif	vert	up	True	1848277	1848943	up	1	6	114
3	csq	f	19	1	90	circle	red	(645, 428)	high	dis	(724, 460)	N	dif	hori	left	True	1849957	1850655	left	1	6	115
3	csq	f	19	1	90	circle	red	(757, 540)	low	dis	(645, 428)	Y	same	vert	up	True	1851687	1853335	up	1	6	116
3	csq	f	19	1	90	circle	green	(645, 428)	high	no	no_dis	N	same	hori	left	True	1854420	1855055	left	1	6	117
3	csq	f	19	1	90	circle	red	(645, 428)	high	dis	(565, 460)	N	same	hori	left	True	1856211	1857023	left	1	6	118
3	csq	f	19	1	90	diamond	red	(645, 428)	high	dis	(645, 652)	N	same	hori	left	True	1858176	1858927	left	1	6	119
3	csq	f	19	1	90	circle	green	(645, 428)	high	dis	(724, 619)	N	same	vert	up	True	1859972	1860600	up	1	6	120
conf	3	csq	f	19	1	90	True	1898413	1918911	3	True	1918940	1926055	1
