subj	name	gender	age	prac	group	shape	color	tar_loc	popularity	dis_cond	dis_loc	dis_high	td_dif	line	respkey	gotkey	startTime	respTime	resp	correct	block	trialnum
4	cyj	f	18	1	90	diamond	red	(565, 460)	high	no	no_dis	N	dif	vert	up	True	18000	19762	up	1	1	1
4	cyj	f	18	1	90	diamond	red	(565, 460)	high	dis	(757, 540)	N	same	vert	up	True	20971	22514	up	1	1	2
4	cyj	f	18	1	90	circle	red	(565, 460)	high	dis	(533, 540)	N	dif	vert	up	True	23595	26226	up	1	1	3
4	cyj	f	18	1	90	circle	red	(565, 460)	high	no	no_dis	N	dif	vert	up	True	27413	29331	up	1	1	4
4	cyj	f	18	1	90	diamond	green	(565, 460)	high	dis	(724, 460)	N	dif	hori	left	True	30479	31770	left	1	1	5
4	cyj	f	18	1	90	diamond	green	(757, 540)	low	no	no_dis	N	same	hori	left	True	32827	34674	left	1	1	6
4	cyj	f	18	1	90	circle	green	(565, 460)	high	dis	(757, 540)	N	same	vert	up	True	35892	38010	up	1	1	7
4	cyj	f	18	1	90	diamond	red	(565, 460)	high	dis	(724, 460)	N	dif	vert	up	True	39151	41970	up	1	1	8
4	cyj	f	18	1	90	diamond	red	(565, 460)	high	dis	(724, 460)	N	dif	hori	left	True	43196	45378	left	1	1	9
4	cyj	f	18	1	90	circle	green	(565, 460)	high	dis	(724, 460)	N	same	vert	up	True	46428	48242	up	1	1	10
4	cyj	f	18	1	90	circle	red	(565, 460)	high	dis	(757, 540)	N	same	vert	up	True	49294	51202	up	1	1	11
4	cyj	f	18	1	90	circle	green	(565, 460)	high	dis	(645, 428)	N	same	hori	left	True	52365	54339	left	1	1	12
4	cyj	f	18	1	90	circle	green	(565, 460)	high	dis	(565, 619)	N	same	hori	left	True	55459	56970	left	1	1	13
4	cyj	f	18	1	90	diamond	green	(565, 460)	high	dis	(533, 540)	N	same	hori	left	True	58086	60338	left	1	1	14
4	cyj	f	18	1	90	circle	red	(565, 460)	high	dis	(645, 428)	N	dif	vert	up	True	61461	63618	up	1	1	15
4	cyj	f	18	1	90	diamond	green	(565, 460)	high	no	no_dis	N	dif	vert	up	True	64715	66418	left	0	1	16
4	cyj	f	18	1	90	diamond	red	(565, 460)	high	no	no_dis	N	same	vert	up	False	68983	None	None	0	1	17
4	cyj	f	18	1	90	circle	red	(565, 460)	high	dis	(645, 652)	N	dif	vert	up	True	74609	76298	up	1	1	18
4	cyj	f	18	1	90	circle	green	(565, 460)	high	dis	(645, 652)	N	dif	vert	up	True	77499	79442	up	1	1	19
4	cyj	f	18	1	90	diamond	green	(565, 460)	high	no	no_dis	N	same	hori	left	True	80552	81618	left	1	1	20
4	cyj	f	18	1	90	diamond	red	(565, 460)	high	dis	(757, 540)	N	dif	vert	up	True	82620	84811	up	1	1	21
4	cyj	f	18	1	90	diamond	green	(565, 460)	high	no	no_dis	N	dif	vert	up	True	85941	87466	up	1	1	22
4	cyj	f	18	1	90	circle	green	(565, 460)	high	dis	(757, 540)	N	same	vert	up	True	88556	89834	up	1	1	23
4	cyj	f	18	1	90	circle	green	(645, 652)	low	dis	(565, 460)	Y	same	vert	up	True	91055	92602	up	1	1	24
4	cyj	f	18	1	90	diamond	green	(565, 460)	high	dis	(724, 619)	N	same	vert	up	True	93736	95545	up	1	1	25
4	cyj	f	18	1	90	circle	green	(565, 460)	high	dis	(565, 619)	N	dif	hori	left	True	96740	98451	left	1	1	26
4	cyj	f	18	1	90	diamond	green	(565, 460)	high	no	no_dis	N	same	hori	left	True	99571	101362	left	1	1	27
4	cyj	f	18	1	90	diamond	green	(565, 460)	high	no	no_dis	N	same	hori	left	True	102596	104186	left	1	1	28
4	cyj	f	18	1	90	diamond	green	(757, 540)	low	dis	(565, 460)	Y	dif	hori	left	True	105420	107002	left	1	1	29
4	cyj	f	18	1	90	circle	green	(565, 460)	high	dis	(645, 428)	N	dif	hori	left	True	108195	109891	left	1	1	30
4	cyj	f	18	1	90	circle	green	(565, 460)	high	dis	(724, 619)	N	dif	vert	up	True	111046	113434	up	1	1	31
4	cyj	f	18	1	90	diamond	green	(565, 460)	high	dis	(645, 652)	N	same	hori	left	True	114450	116138	left	1	1	32
4	cyj	f	18	1	90	circle	green	(565, 460)	high	dis	(645, 428)	N	same	vert	up	True	117168	118594	up	1	1	33
4	cyj	f	18	1	90	diamond	red	(565, 460)	high	dis	(645, 652)	N	same	vert	up	True	119670	121754	up	1	1	34
4	cyj	f	18	1	90	diamond	red	(565, 460)	high	dis	(724, 460)	N	dif	hori	left	True	122774	124482	left	1	1	35
4	cyj	f	18	1	90	circle	green	(565, 460)	high	no	no_dis	N	same	hori	left	True	125521	126961	left	1	1	36
4	cyj	f	18	1	90	circle	green	(565, 460)	high	no	no_dis	N	same	vert	up	True	128036	129378	up	1	1	37
4	cyj	f	18	1	90	diamond	red	(565, 460)	high	no	no_dis	N	same	vert	up	True	130450	132386	up	1	1	38
4	cyj	f	18	1	90	diamond	green	(533, 540)	low	dis	(565, 460)	Y	same	hori	left	True	133555	134602	left	1	1	39
4	cyj	f	18	1	90	diamond	red	(565, 460)	high	dis	(724, 460)	N	dif	vert	up	True	135783	138354	up	1	1	40
4	cyj	f	18	1	90	diamond	red	(565, 460)	high	dis	(724, 619)	N	dif	hori	left	True	139457	141098	left	1	1	41
4	cyj	f	18	1	90	diamond	green	(565, 460)	high	no	no_dis	N	dif	hori	left	True	142111	143179	left	1	1	42
4	cyj	f	18	1	90	circle	red	(565, 460)	high	no	no_dis	N	dif	hori	left	True	144183	145657	left	1	1	43
4	cyj	f	18	1	90	diamond	green	(565, 460)	high	dis	(724, 619)	N	dif	vert	up	True	146805	148042	up	1	1	44
4	cyj	f	18	1	90	circle	red	(757, 540)	low	dis	(565, 460)	Y	dif	hori	left	True	149276	151474	left	1	1	45
4	cyj	f	18	1	90	circle	red	(565, 460)	high	dis	(533, 540)	N	dif	vert	up	True	152543	154634	up	1	1	46
4	cyj	f	18	1	90	circle	green	(565, 460)	high	no	no_dis	N	dif	hori	left	True	155695	157442	left	1	1	47
4	cyj	f	18	1	90	diamond	red	(565, 460)	high	dis	(757, 540)	N	dif	hori	left	True	158521	161506	left	1	1	48
4	cyj	f	18	1	90	diamond	red	(565, 460)	high	no	no_dis	N	dif	hori	left	True	162691	163955	left	1	1	49
4	cyj	f	18	1	90	circle	red	(565, 460)	high	dis	(724, 460)	N	same	hori	left	True	165034	166705	left	1	1	50
4	cyj	f	18	1	90	circle	red	(565, 460)	high	no	no_dis	N	same	vert	up	True	167814	169610	up	1	1	51
4	cyj	f	18	1	90	diamond	red	(565, 460)	high	dis	(565, 619)	N	same	hori	left	True	170839	172434	left	1	1	52
4	cyj	f	18	1	90	diamond	green	(565, 460)	high	dis	(645, 652)	N	same	vert	up	True	173654	175218	up	1	1	53
4	cyj	f	18	1	90	circle	green	(565, 460)	high	no	no_dis	N	dif	hori	left	True	176292	177874	left	1	1	54
4	cyj	f	18	1	90	diamond	green	(565, 460)	high	dis	(645, 428)	N	same	hori	left	True	178965	180418	left	1	1	55
4	cyj	f	18	1	90	diamond	green	(565, 460)	high	dis	(565, 619)	N	dif	hori	left	True	181633	182970	left	1	1	56
4	cyj	f	18	1	90	circle	red	(565, 460)	high	dis	(645, 428)	N	same	vert	up	True	184217	186202	up	1	1	57
4	cyj	f	18	1	90	diamond	red	(565, 460)	high	dis	(645, 652)	N	same	hori	left	True	187252	189826	left	1	1	58
4	cyj	f	18	1	90	diamond	red	(565, 460)	high	dis	(565, 619)	N	dif	vert	up	True	191038	193250	up	1	1	59
4	cyj	f	18	1	90	circle	green	(565, 460)	high	no	no_dis	N	dif	vert	up	True	194484	196386	up	1	1	60
4	cyj	f	18	1	90	circle	red	(565, 460)	high	dis	(533, 540)	N	dif	vert	up	True	197413	198922	up	1	1	61
4	cyj	f	18	1	90	circle	red	(565, 460)	high	no	no_dis	N	same	vert	up	True	200103	201106	up	1	1	62
4	cyj	f	18	1	90	diamond	red	(565, 460)	high	no	no_dis	N	dif	hori	left	True	202162	204738	left	1	1	63
4	cyj	f	18	1	90	circle	red	(565, 460)	high	dis	(533, 540)	N	dif	hori	left	True	205890	207594	left	1	1	64
4	cyj	f	18	1	90	diamond	green	(565, 460)	high	dis	(724, 619)	N	same	hori	left	True	208797	210802	left	1	1	65
4	cyj	f	18	1	90	diamond	green	(565, 460)	high	dis	(565, 619)	N	same	hori	left	True	211973	213434	left	1	1	66
4	cyj	f	18	1	90	diamond	red	(645, 428)	low	no	no_dis	N	dif	vert	up	True	214453	217002	up	1	1	67
4	cyj	f	18	1	90	circle	green	(565, 460)	high	dis	(645, 652)	N	same	vert	up	True	218025	219474	up	1	1	68
4	cyj	f	18	1	90	diamond	green	(565, 460)	high	dis	(724, 619)	N	dif	vert	up	True	220536	221907	up	1	1	69
4	cyj	f	18	1	90	diamond	red	(565, 460)	high	no	no_dis	N	dif	vert	up	True	222961	224554	up	1	1	70
4	cyj	f	18	1	90	circle	green	(565, 460)	high	dis	(645, 428)	N	same	vert	up	True	225674	227650	up	1	1	71
4	cyj	f	18	1	90	diamond	green	(565, 460)	high	dis	(757, 540)	N	same	vert	up	True	228686	231107	up	1	1	72
4	cyj	f	18	1	90	circle	red	(565, 460)	high	dis	(565, 619)	N	dif	hori	left	True	232172	234225	left	1	1	73
4	cyj	f	18	1	90	circle	green	(565, 460)	high	dis	(645, 428)	N	dif	hori	left	True	235299	237018	left	1	1	74
4	cyj	f	18	1	90	circle	red	(565, 460)	high	dis	(724, 619)	N	dif	hori	left	True	238190	240650	left	1	1	75
4	cyj	f	18	1	90	circle	green	(724, 460)	low	dis	(565, 460)	Y	same	vert	up	True	241727	243962	up	1	1	76
4	cyj	f	18	1	90	diamond	green	(565, 460)	high	no	no_dis	N	dif	vert	up	True	245126	247491	up	1	1	77
4	cyj	f	18	1	90	diamond	red	(565, 460)	high	dis	(533, 540)	N	dif	vert	up	True	248562	250546	up	1	1	78
4	cyj	f	18	1	90	diamond	red	(565, 460)	high	dis	(645, 428)	N	same	hori	left	True	251648	254122	left	1	1	79
4	cyj	f	18	1	90	circle	green	(565, 460)	high	no	no_dis	N	same	hori	left	True	255228	257858	left	1	1	80
4	cyj	f	18	1	90	diamond	green	(565, 460)	high	dis	(645, 652)	N	same	hori	left	True	258885	261866	up	0	1	81
4	cyj	f	18	1	90	circle	green	(533, 540)	low	no	no_dis	N	same	vert	up	True	264389	266514	up	1	1	82
4	cyj	f	18	1	90	circle	red	(565, 460)	high	dis	(645, 652)	N	same	vert	up	True	267606	270538	up	1	1	83
4	cyj	f	18	1	90	diamond	green	(565, 460)	high	dis	(724, 460)	N	same	vert	up	True	271778	273914	up	1	1	84
4	cyj	f	18	1	90	circle	red	(565, 460)	high	dis	(645, 652)	N	same	hori	left	True	274918	276586	left	1	1	85
4	cyj	f	18	1	90	circle	red	(565, 460)	high	no	no_dis	N	dif	hori	left	False	277723	None	None	0	1	86
4	cyj	f	18	1	90	diamond	red	(565, 460)	high	no	no_dis	N	same	vert	up	True	283329	284666	up	1	1	87
4	cyj	f	18	1	90	circle	red	(645, 652)	low	no	no_dis	N	dif	hori	left	True	285779	286786	left	1	1	88
4	cyj	f	18	1	90	circle	red	(565, 460)	high	no	no_dis	N	same	hori	left	True	287907	289146	left	1	1	89
4	cyj	f	18	1	90	diamond	red	(565, 460)	high	dis	(565, 619)	N	dif	hori	left	False	290208	None	None	0	1	90
4	cyj	f	18	1	90	circle	green	(565, 460)	high	no	no_dis	N	same	vert	up	True	295804	297738	up	1	1	91
4	cyj	f	18	1	90	diamond	green	(565, 460)	high	dis	(645, 428)	N	dif	hori	left	True	298814	300459	left	1	1	92
4	cyj	f	18	1	90	circle	red	(565, 460)	high	dis	(757, 540)	N	dif	hori	left	True	301542	303362	left	1	1	93
4	cyj	f	18	1	90	diamond	red	(565, 460)	high	no	no_dis	N	same	vert	up	True	304450	306962	up	1	1	94
4	cyj	f	18	1	90	diamond	red	(565, 460)	high	dis	(724, 619)	N	dif	vert	up	True	308138	309722	up	1	1	95
4	cyj	f	18	1	90	diamond	red	(645, 428)	low	dis	(565, 460)	Y	same	hori	left	True	310848	312266	left	1	1	96
4	cyj	f	18	1	90	diamond	green	(565, 460)	high	no	no_dis	N	same	hori	left	True	313281	314915	left	1	1	97
4	cyj	f	18	1	90	diamond	red	(724, 619)	low	dis	(565, 460)	Y	dif	vert	up	True	316055	318026	up	1	1	98
4	cyj	f	18	1	90	diamond	red	(565, 460)	high	dis	(724, 460)	N	same	hori	left	True	319252	320210	left	1	1	99
4	cyj	f	18	1	90	circle	red	(565, 460)	high	no	no_dis	N	dif	hori	left	True	321460	322962	left	1	1	100
4	cyj	f	18	1	90	circle	red	(565, 460)	high	dis	(724, 619)	N	same	hori	left	True	324148	325610	left	1	1	101
4	cyj	f	18	1	90	circle	red	(565, 460)	high	no	no_dis	N	same	hori	left	True	326778	328010	left	1	1	102
4	cyj	f	18	1	90	circle	green	(565, 460)	high	no	no_dis	N	dif	vert	up	True	329043	331178	up	1	1	103
4	cyj	f	18	1	90	circle	red	(565, 460)	high	no	no_dis	N	same	vert	up	True	332204	333394	up	1	1	104
4	cyj	f	18	1	90	circle	red	(565, 460)	high	dis	(645, 652)	N	dif	hori	left	True	334481	337131	left	1	1	105
4	cyj	f	18	1	90	diamond	green	(565, 460)	high	dis	(724, 460)	N	same	vert	up	False	338224	None	None	0	1	106
4	cyj	f	18	1	90	diamond	green	(565, 460)	high	dis	(724, 619)	N	same	vert	up	True	343977	345650	up	1	1	107
4	cyj	f	18	1	90	diamond	green	(565, 460)	high	dis	(565, 619)	N	same	hori	left	True	346701	349419	left	1	1	108
4	cyj	f	18	1	90	circle	green	(565, 460)	high	dis	(565, 619)	N	dif	vert	up	True	350449	352234	up	1	1	109
4	cyj	f	18	1	90	circle	red	(565, 619)	low	dis	(565, 460)	Y	dif	vert	up	True	353251	355226	up	1	1	110
4	cyj	f	18	1	90	diamond	red	(565, 460)	high	no	no_dis	N	dif	hori	left	True	356364	357226	left	1	1	111
4	cyj	f	18	1	90	circle	green	(565, 460)	high	dis	(645, 428)	N	same	hori	left	True	358311	360403	left	1	1	112
4	cyj	f	18	1	90	circle	green	(565, 460)	high	dis	(757, 540)	N	dif	vert	up	True	361507	362930	up	1	1	113
4	cyj	f	18	1	90	diamond	green	(565, 460)	high	no	no_dis	N	dif	vert	up	True	364017	365722	up	1	1	114
4	cyj	f	18	1	90	diamond	red	(565, 460)	high	dis	(533, 540)	N	dif	hori	left	True	366832	368186	up	0	1	115
4	cyj	f	18	1	90	circle	green	(565, 460)	high	no	no_dis	N	same	hori	left	True	370814	372010	left	1	1	116
4	cyj	f	18	1	90	circle	red	(565, 460)	high	dis	(533, 540)	N	same	hori	left	True	373080	374931	up	0	1	117
4	cyj	f	18	1	90	circle	green	(565, 460)	high	dis	(757, 540)	N	dif	hori	left	True	377663	379642	left	1	1	118
4	cyj	f	18	1	90	circle	red	(565, 460)	high	dis	(533, 540)	N	dif	vert	up	True	380847	382778	up	1	1	119
4	cyj	f	18	1	90	circle	green	(565, 460)	high	dis	(533, 540)	N	same	vert	up	True	383932	385514	up	1	1	120
4	cyj	f	18	1	90	circle	red	(565, 460)	high	dis	(724, 460)	N	same	vert	up	True	424816	427714	up	1	2	1
4	cyj	f	18	1	90	circle	red	(757, 540)	low	dis	(565, 460)	Y	same	vert	up	True	428937	430706	up	1	2	2
4	cyj	f	18	1	90	circle	green	(565, 460)	high	dis	(565, 619)	N	same	vert	up	True	431914	434002	up	1	2	3
4	cyj	f	18	1	90	diamond	green	(565, 460)	high	no	no_dis	N	dif	hori	left	True	435202	436602	left	1	2	4
4	cyj	f	18	1	90	diamond	red	(565, 460)	high	dis	(724, 619)	N	dif	vert	up	True	437836	439354	up	1	2	5
4	cyj	f	18	1	90	diamond	green	(565, 460)	high	dis	(724, 460)	N	dif	hori	left	True	440466	442218	left	1	2	6
4	cyj	f	18	1	90	diamond	green	(565, 460)	high	dis	(724, 460)	N	same	hori	left	True	443246	445474	left	1	2	7
4	cyj	f	18	1	90	circle	red	(565, 460)	high	dis	(565, 619)	N	same	vert	up	True	446662	448746	up	1	2	8
4	cyj	f	18	1	90	circle	red	(565, 460)	high	no	no_dis	N	same	hori	left	True	449795	451130	left	1	2	9
4	cyj	f	18	1	90	circle	red	(565, 460)	high	dis	(645, 652)	N	same	hori	left	True	452185	453731	left	1	2	10
4	cyj	f	18	1	90	circle	green	(565, 460)	high	dis	(533, 540)	N	dif	hori	left	True	454914	456506	left	1	2	11
4	cyj	f	18	1	90	circle	green	(565, 460)	high	dis	(757, 540)	N	same	hori	left	True	457550	459923	left	1	2	12
4	cyj	f	18	1	90	circle	red	(757, 540)	low	no	no_dis	N	same	hori	left	True	461170	462994	left	1	2	13
4	cyj	f	18	1	90	diamond	red	(565, 460)	high	dis	(757, 540)	N	dif	vert	up	True	464055	465522	up	1	2	14
4	cyj	f	18	1	90	diamond	green	(565, 460)	high	no	no_dis	N	dif	hori	left	True	466551	468114	left	1	2	15
4	cyj	f	18	1	90	circle	red	(565, 460)	high	dis	(645, 428)	N	same	hori	left	True	469266	471034	left	1	2	16
4	cyj	f	18	1	90	diamond	red	(565, 460)	high	dis	(533, 540)	N	dif	hori	left	True	472092	474218	left	1	2	17
4	cyj	f	18	1	90	diamond	red	(565, 460)	high	no	no_dis	N	dif	vert	up	True	475437	477474	up	1	2	18
4	cyj	f	18	1	90	circle	green	(565, 460)	high	dis	(724, 460)	N	dif	vert	up	True	478526	480610	up	1	2	19
4	cyj	f	18	1	90	circle	green	(645, 652)	low	dis	(565, 460)	Y	same	hori	left	True	481621	483170	left	1	2	20
4	cyj	f	18	1	90	diamond	red	(565, 460)	high	dis	(645, 428)	N	dif	hori	left	True	484417	486331	left	1	2	21
4	cyj	f	18	1	90	diamond	red	(565, 460)	high	dis	(724, 460)	N	dif	vert	up	True	487377	488690	up	1	2	22
4	cyj	f	18	1	90	diamond	green	(565, 460)	high	no	no_dis	N	same	vert	up	True	489772	491690	up	1	2	23
4	cyj	f	18	1	90	diamond	red	(565, 460)	high	no	no_dis	N	dif	hori	left	True	492758	493946	left	1	2	24
4	cyj	f	18	1	90	circle	green	(724, 460)	low	dis	(565, 460)	Y	dif	hori	left	True	495157	496466	left	1	2	25
4	cyj	f	18	1	90	circle	red	(565, 460)	high	no	no_dis	N	same	vert	up	True	497473	499795	up	1	2	26
4	cyj	f	18	1	90	circle	green	(565, 460)	high	dis	(645, 428)	N	same	hori	left	True	500953	503363	left	1	2	27
4	cyj	f	18	1	90	diamond	red	(565, 460)	high	dis	(724, 619)	N	dif	hori	left	True	504392	506346	left	1	2	28
4	cyj	f	18	1	90	diamond	green	(565, 460)	high	dis	(645, 428)	N	same	vert	up	True	507553	509594	up	1	2	29
4	cyj	f	18	1	90	circle	red	(565, 460)	high	no	no_dis	N	same	vert	up	True	510636	512411	up	1	2	30
4	cyj	f	18	1	90	circle	green	(565, 460)	high	no	no_dis	N	dif	vert	up	True	513436	515570	up	1	2	31
4	cyj	f	18	1	90	circle	green	(565, 460)	high	no	no_dis	N	same	vert	up	True	516687	517851	up	1	2	32
4	cyj	f	18	1	90	diamond	red	(565, 460)	high	no	no_dis	N	dif	vert	up	True	519057	520362	up	1	2	33
4	cyj	f	18	1	90	diamond	green	(565, 460)	high	dis	(533, 540)	N	dif	vert	up	True	521401	522979	up	1	2	34
4	cyj	f	18	1	90	circle	red	(565, 460)	high	dis	(533, 540)	N	dif	hori	left	True	524073	526346	left	1	2	35
4	cyj	f	18	1	90	diamond	green	(565, 460)	high	dis	(565, 619)	N	same	hori	left	True	527488	530419	left	1	2	36
4	cyj	f	18	1	90	diamond	red	(565, 460)	high	no	no_dis	N	dif	vert	up	True	531424	532866	up	1	2	37
4	cyj	f	18	1	90	diamond	green	(565, 460)	high	dis	(645, 652)	N	same	vert	up	True	533949	536586	up	1	2	38
4	cyj	f	18	1	90	circle	green	(565, 460)	high	dis	(533, 540)	N	same	vert	up	True	537754	539435	up	1	2	39
4	cyj	f	18	1	90	circle	green	(565, 460)	high	no	no_dis	N	same	hori	left	True	540520	542442	left	1	2	40
4	cyj	f	18	1	90	circle	red	(565, 460)	high	no	no_dis	N	same	hori	left	True	543609	544979	left	1	2	41
4	cyj	f	18	1	90	diamond	red	(565, 460)	high	no	no_dis	N	dif	vert	up	True	545990	548122	up	1	2	42
4	cyj	f	18	1	90	diamond	red	(565, 460)	high	no	no_dis	N	same	vert	up	True	549144	550066	up	1	2	43
4	cyj	f	18	1	90	diamond	green	(565, 460)	high	no	no_dis	N	same	hori	left	True	551183	552506	left	1	2	44
4	cyj	f	18	1	90	diamond	green	(565, 460)	high	no	no_dis	N	dif	hori	left	True	553511	554531	left	1	2	45
4	cyj	f	18	1	90	circle	green	(565, 460)	high	no	no_dis	N	dif	vert	up	True	555742	556682	up	1	2	46
4	cyj	f	18	1	90	diamond	red	(565, 460)	high	dis	(565, 619)	N	dif	vert	up	True	557743	558914	up	1	2	47
4	cyj	f	18	1	90	circle	red	(565, 460)	high	dis	(565, 619)	N	same	hori	left	True	559947	560818	left	1	2	48
4	cyj	f	18	1	90	circle	green	(565, 460)	high	no	no_dis	N	same	hori	left	True	561964	562730	left	1	2	49
4	cyj	f	18	1	90	circle	red	(565, 460)	high	dis	(645, 652)	N	dif	vert	up	True	563960	564834	up	1	2	50
4	cyj	f	18	1	90	diamond	red	(724, 619)	low	dis	(565, 460)	Y	same	hori	left	True	565836	566778	left	1	2	51
4	cyj	f	18	1	90	circle	red	(565, 460)	high	dis	(724, 460)	N	same	hori	left	True	567785	568674	left	1	2	52
4	cyj	f	18	1	90	diamond	green	(565, 460)	high	dis	(565, 619)	N	dif	vert	up	True	569798	570801	up	1	2	53
4	cyj	f	18	1	90	circle	red	(565, 460)	high	dis	(533, 540)	N	same	vert	up	True	571949	574123	up	1	2	54
4	cyj	f	18	1	90	circle	red	(565, 460)	high	dis	(757, 540)	N	same	vert	up	True	575286	576426	up	1	2	55
4	cyj	f	18	1	90	circle	red	(565, 460)	high	dis	(533, 540)	N	dif	hori	left	True	577654	578523	left	1	2	56
4	cyj	f	18	1	90	diamond	red	(565, 460)	high	dis	(724, 619)	N	same	hori	left	True	579753	580955	left	1	2	57
4	cyj	f	18	1	90	circle	red	(565, 460)	high	dis	(645, 428)	N	dif	hori	left	True	582083	582890	left	1	2	58
4	cyj	f	18	1	90	circle	green	(565, 460)	high	no	no_dis	N	dif	vert	up	True	584005	585498	up	1	2	59
4	cyj	f	18	1	90	diamond	red	(533, 540)	low	no	no_dis	N	same	vert	up	True	586612	588010	up	1	2	60
4	cyj	f	18	1	90	diamond	green	(565, 460)	high	no	no_dis	N	same	hori	left	True	589223	590338	left	1	2	61
4	cyj	f	18	1	90	circle	red	(565, 460)	high	dis	(565, 619)	N	dif	hori	left	True	591563	593266	left	1	2	62
4	cyj	f	18	1	90	diamond	green	(565, 460)	high	dis	(757, 540)	N	dif	vert	up	True	594458	595234	up	1	2	63
4	cyj	f	18	1	90	circle	green	(565, 460)	high	dis	(724, 460)	N	dif	hori	left	True	596481	597426	left	1	2	64
4	cyj	f	18	1	90	circle	green	(565, 460)	high	no	no_dis	N	dif	vert	up	True	598669	599418	up	1	2	65
4	cyj	f	18	1	90	diamond	green	(565, 460)	high	dis	(724, 619)	N	dif	vert	up	True	600580	601586	up	1	2	66
4	cyj	f	18	1	90	circle	green	(565, 460)	high	dis	(645, 428)	N	same	vert	up	True	602794	603699	up	1	2	67
4	cyj	f	18	1	90	circle	green	(565, 460)	high	dis	(724, 460)	N	same	vert	up	True	604855	605962	up	1	2	68
4	cyj	f	18	1	90	circle	green	(565, 460)	high	dis	(645, 652)	N	dif	vert	up	True	606977	607882	up	1	2	69
4	cyj	f	18	1	90	diamond	red	(565, 460)	high	dis	(724, 619)	N	dif	vert	up	True	608958	609827	up	1	2	70
4	cyj	f	18	1	90	circle	red	(565, 619)	low	dis	(565, 460)	Y	dif	vert	up	True	611060	612003	left	0	2	71
4	cyj	f	18	1	90	circle	green	(565, 619)	low	no	no_dis	N	dif	hori	left	True	614729	615882	left	1	2	72
4	cyj	f	18	1	90	circle	green	(565, 460)	high	dis	(724, 460)	N	dif	hori	left	True	616980	618083	left	1	2	73
4	cyj	f	18	1	90	circle	red	(565, 460)	high	no	no_dis	N	dif	vert	up	True	619228	619994	up	1	2	74
4	cyj	f	18	1	90	diamond	green	(565, 460)	high	no	no_dis	N	same	hori	left	True	621040	622995	left	1	2	75
4	cyj	f	18	1	90	diamond	green	(565, 460)	high	dis	(645, 652)	N	dif	vert	up	True	624232	626291	up	1	2	76
4	cyj	f	18	1	90	circle	green	(565, 460)	high	dis	(757, 540)	N	same	vert	up	True	627293	628882	up	1	2	77
4	cyj	f	18	1	90	circle	red	(565, 460)	high	dis	(533, 540)	N	dif	hori	left	True	630065	631978	left	1	2	78
4	cyj	f	18	1	90	diamond	red	(565, 460)	high	dis	(724, 619)	N	dif	hori	left	True	633178	634139	left	1	2	79
4	cyj	f	18	1	90	circle	red	(565, 460)	high	no	no_dis	N	dif	hori	left	True	635217	636514	left	1	2	80
4	cyj	f	18	1	90	diamond	red	(565, 460)	high	dis	(645, 652)	N	same	hori	left	True	637566	639274	left	1	2	81
4	cyj	f	18	1	90	circle	green	(565, 460)	high	dis	(645, 652)	N	same	hori	left	True	640522	641595	left	1	2	82
4	cyj	f	18	1	90	circle	green	(565, 460)	high	dis	(645, 652)	N	same	vert	up	True	642645	643498	up	1	2	83
4	cyj	f	18	1	90	diamond	red	(565, 460)	high	dis	(645, 428)	N	dif	hori	left	True	644581	646363	left	1	2	84
4	cyj	f	18	1	90	diamond	red	(565, 460)	high	dis	(645, 428)	N	same	hori	left	True	647540	649026	left	1	2	85
4	cyj	f	18	1	90	circle	green	(565, 460)	high	dis	(724, 619)	N	same	vert	up	True	650140	651931	up	1	2	86
4	cyj	f	18	1	90	circle	red	(565, 460)	high	dis	(724, 460)	N	dif	hori	left	True	653024	654274	left	1	2	87
4	cyj	f	18	1	90	diamond	green	(565, 460)	high	dis	(757, 540)	N	same	hori	left	True	655498	656474	left	1	2	88
4	cyj	f	18	1	90	diamond	green	(565, 460)	high	no	no_dis	N	same	vert	up	True	657639	658730	up	1	2	89
4	cyj	f	18	1	90	diamond	green	(565, 460)	high	dis	(533, 540)	N	same	hori	left	True	659892	661171	left	1	2	90
4	cyj	f	18	1	90	diamond	red	(565, 460)	high	no	no_dis	N	same	vert	up	True	662357	663586	up	1	2	91
4	cyj	f	18	1	90	diamond	red	(565, 460)	high	dis	(724, 619)	N	same	vert	up	True	664662	665402	up	1	2	92
4	cyj	f	18	1	90	diamond	green	(533, 540)	low	dis	(565, 460)	Y	dif	vert	up	True	666626	667986	up	1	2	93
4	cyj	f	18	1	90	diamond	green	(565, 460)	high	no	no_dis	N	same	hori	left	True	669001	670738	left	1	2	94
4	cyj	f	18	1	90	circle	green	(565, 460)	high	no	no_dis	N	dif	hori	left	True	671830	672874	left	1	2	95
4	cyj	f	18	1	90	circle	red	(565, 460)	high	no	no_dis	N	same	vert	up	True	673975	675730	up	1	2	96
4	cyj	f	18	1	90	diamond	green	(565, 460)	high	dis	(757, 540)	N	dif	hori	left	True	676965	678059	left	1	2	97
4	cyj	f	18	1	90	diamond	green	(565, 460)	high	dis	(757, 540)	N	same	hori	left	True	679114	680354	left	1	2	98
4	cyj	f	18	1	90	diamond	red	(565, 460)	high	dis	(645, 428)	N	same	hori	left	True	681557	682443	left	1	2	99
4	cyj	f	18	1	90	diamond	green	(565, 460)	high	dis	(645, 652)	N	same	vert	up	True	683593	685962	up	1	2	100
4	cyj	f	18	1	90	diamond	green	(724, 460)	low	no	no_dis	N	dif	vert	up	True	686983	688050	up	1	2	101
4	cyj	f	18	1	90	diamond	red	(565, 460)	high	dis	(533, 540)	N	dif	vert	up	True	689284	690011	up	1	2	102
4	cyj	f	18	1	90	circle	red	(565, 460)	high	no	no_dis	N	dif	hori	left	True	691039	692218	left	1	2	103
4	cyj	f	18	1	90	circle	green	(565, 460)	high	no	no_dis	N	same	vert	up	True	693385	693963	up	1	2	104
4	cyj	f	18	1	90	circle	green	(565, 460)	high	dis	(565, 619)	N	same	vert	up	True	694992	695595	up	1	2	105
4	cyj	f	18	1	90	diamond	green	(565, 460)	high	dis	(724, 619)	N	dif	vert	up	True	696704	697458	up	1	2	106
4	cyj	f	18	1	90	circle	green	(565, 460)	high	dis	(645, 652)	N	dif	hori	left	True	698689	699666	left	1	2	107
4	cyj	f	18	1	90	diamond	green	(565, 460)	high	dis	(645, 428)	N	same	hori	left	True	700744	701795	left	1	2	108
4	cyj	f	18	1	90	diamond	red	(565, 460)	high	dis	(757, 540)	N	dif	vert	up	True	702883	703498	up	1	2	109
4	cyj	f	18	1	90	circle	green	(565, 460)	high	dis	(565, 619)	N	dif	vert	up	True	704530	705954	up	1	2	110
4	cyj	f	18	1	90	circle	red	(565, 460)	high	no	no_dis	N	same	hori	left	True	707077	707946	left	1	2	111
4	cyj	f	18	1	90	diamond	green	(565, 619)	low	dis	(565, 460)	Y	same	vert	up	True	709079	711443	up	1	2	112
4	cyj	f	18	1	90	diamond	red	(565, 460)	high	no	no_dis	N	dif	hori	left	True	712636	713402	left	1	2	113
4	cyj	f	18	1	90	diamond	green	(565, 460)	high	dis	(724, 619)	N	dif	vert	up	True	714448	716874	up	1	2	114
4	cyj	f	18	1	90	circle	red	(565, 460)	high	dis	(757, 540)	N	same	vert	up	True	717931	720274	up	1	2	115
4	cyj	f	18	1	90	diamond	red	(565, 460)	high	no	no_dis	N	dif	hori	left	True	721407	722674	left	1	2	116
4	cyj	f	18	1	90	circle	red	(565, 460)	high	dis	(533, 540)	N	same	vert	up	True	723904	726370	up	1	2	117
4	cyj	f	18	1	90	circle	red	(565, 460)	high	dis	(565, 619)	N	dif	hori	left	True	727417	729522	left	1	2	118
4	cyj	f	18	1	90	diamond	red	(565, 460)	high	dis	(724, 460)	N	same	hori	left	True	730653	732067	left	1	2	119
4	cyj	f	18	1	90	diamond	red	(645, 428)	low	dis	(565, 460)	Y	dif	hori	left	True	733197	734874	left	1	2	120
4	cyj	f	18	1	90	diamond	red	(565, 460)	high	dis	(757, 540)	N	same	vert	up	True	768049	769586	up	1	3	1
4	cyj	f	18	1	90	circle	green	(565, 460)	high	dis	(724, 460)	N	same	hori	left	True	770613	772418	left	1	3	2
4	cyj	f	18	1	90	diamond	red	(565, 460)	high	dis	(724, 460)	N	same	hori	left	True	773617	774971	left	1	3	3
4	cyj	f	18	1	90	circle	red	(565, 460)	high	dis	(645, 428)	N	same	hori	left	True	775995	777418	left	1	3	4
4	cyj	f	18	1	90	circle	red	(565, 619)	low	dis	(565, 460)	Y	dif	vert	up	True	778531	779659	up	1	3	5
4	cyj	f	18	1	90	circle	red	(565, 460)	high	no	no_dis	N	dif	vert	up	True	780802	781874	up	1	3	6
4	cyj	f	18	1	90	circle	red	(565, 460)	high	dis	(757, 540)	N	same	hori	left	True	783069	784458	left	1	3	7
4	cyj	f	18	1	90	circle	green	(645, 428)	low	no	no_dis	N	same	vert	up	True	785701	787442	up	1	3	8
4	cyj	f	18	1	90	diamond	green	(565, 460)	high	no	no_dis	N	same	vert	up	True	788494	789698	left	0	3	9
4	cyj	f	18	1	90	circle	green	(565, 460)	high	no	no_dis	N	dif	hori	left	True	792296	793714	left	1	3	10
4	cyj	f	18	1	90	circle	green	(565, 460)	high	no	no_dis	N	dif	vert	up	True	794838	796227	up	1	3	11
4	cyj	f	18	1	90	circle	red	(565, 460)	high	dis	(565, 619)	N	dif	vert	up	True	797369	799098	up	1	3	12
4	cyj	f	18	1	90	circle	red	(565, 460)	high	dis	(724, 619)	N	same	hori	left	True	800176	801155	left	1	3	13
4	cyj	f	18	1	90	circle	red	(565, 460)	high	dis	(724, 460)	N	dif	vert	up	True	802388	803162	up	1	3	14
4	cyj	f	18	1	90	diamond	red	(565, 460)	high	dis	(565, 619)	N	same	hori	left	True	804176	805802	left	1	3	15
4	cyj	f	18	1	90	diamond	green	(565, 460)	high	dis	(565, 619)	N	dif	vert	up	True	806876	807738	up	1	3	16
4	cyj	f	18	1	90	circle	green	(565, 460)	high	no	no_dis	N	dif	hori	left	True	808919	809730	left	1	3	17
4	cyj	f	18	1	90	diamond	red	(565, 460)	high	dis	(645, 428)	N	same	vert	up	True	810785	812602	up	1	3	18
4	cyj	f	18	1	90	circle	green	(565, 460)	high	no	no_dis	N	same	vert	up	True	813673	814835	up	1	3	19
4	cyj	f	18	1	90	diamond	green	(565, 460)	high	no	no_dis	N	same	hori	left	True	816026	817114	left	1	3	20
4	cyj	f	18	1	90	circle	red	(565, 460)	high	dis	(533, 540)	N	dif	hori	left	True	818295	820346	left	1	3	21
4	cyj	f	18	1	90	circle	red	(565, 460)	high	no	no_dis	N	dif	vert	up	True	821546	823154	up	1	3	22
4	cyj	f	18	1	90	circle	red	(565, 460)	high	no	no_dis	N	dif	hori	left	True	824403	825458	left	1	3	23
4	cyj	f	18	1	90	circle	red	(565, 460)	high	dis	(533, 540)	N	same	vert	up	True	826637	828746	up	1	3	24
4	cyj	f	18	1	90	circle	red	(565, 460)	high	dis	(645, 428)	N	dif	hori	left	True	829974	831874	left	1	3	25
4	cyj	f	18	1	90	circle	green	(565, 460)	high	dis	(645, 428)	N	same	vert	up	True	833043	834746	up	1	3	26
4	cyj	f	18	1	90	circle	green	(565, 460)	high	no	no_dis	N	same	vert	up	True	835956	837290	up	1	3	27
4	cyj	f	18	1	90	diamond	green	(565, 460)	high	dis	(724, 619)	N	dif	vert	up	True	838429	839610	up	1	3	28
4	cyj	f	18	1	90	diamond	green	(565, 460)	high	dis	(724, 460)	N	dif	vert	up	True	840794	841522	up	1	3	29
4	cyj	f	18	1	90	circle	green	(565, 460)	high	dis	(724, 619)	N	dif	hori	left	True	842687	843562	left	1	3	30
4	cyj	f	18	1	90	diamond	green	(565, 460)	high	no	no_dis	N	dif	hori	left	True	844636	845794	left	1	3	31
4	cyj	f	18	1	90	diamond	red	(724, 619)	low	dis	(565, 460)	Y	same	vert	up	True	847001	847954	up	1	3	32
4	cyj	f	18	1	90	diamond	red	(565, 460)	high	dis	(724, 460)	N	dif	vert	up	True	849051	850147	up	1	3	33
4	cyj	f	18	1	90	circle	green	(565, 460)	high	no	no_dis	N	dif	vert	up	True	851350	852530	up	1	3	34
4	cyj	f	18	1	90	circle	green	(565, 460)	high	dis	(724, 460)	N	same	vert	up	True	853617	854299	up	1	3	35
4	cyj	f	18	1	90	diamond	red	(565, 460)	high	no	no_dis	N	dif	vert	up	True	855463	856786	up	1	3	36
4	cyj	f	18	1	90	diamond	red	(565, 460)	high	no	no_dis	N	same	hori	left	True	857864	858907	left	1	3	37
4	cyj	f	18	1	90	diamond	red	(565, 460)	high	dis	(757, 540)	N	same	hori	left	True	859953	861634	left	1	3	38
4	cyj	f	18	1	90	circle	green	(724, 460)	low	dis	(565, 460)	Y	same	hori	left	True	862765	865434	left	1	3	39
4	cyj	f	18	1	90	circle	red	(565, 460)	high	dis	(645, 652)	N	same	vert	up	True	866512	868035	up	1	3	40
4	cyj	f	18	1	90	diamond	green	(565, 460)	high	dis	(645, 652)	N	same	hori	left	True	869125	870010	left	1	3	41
4	cyj	f	18	1	90	circle	red	(565, 460)	high	no	no_dis	N	same	hori	left	True	871175	872106	left	1	3	42
4	cyj	f	18	1	90	circle	green	(565, 460)	high	dis	(724, 460)	N	same	hori	left	True	873206	874242	left	1	3	43
4	cyj	f	18	1	90	diamond	red	(565, 460)	high	dis	(565, 619)	N	dif	hori	left	True	875369	876723	left	1	3	44
4	cyj	f	18	1	90	circle	green	(565, 460)	high	dis	(645, 428)	N	dif	hori	left	True	877910	880026	left	1	3	45
4	cyj	f	18	1	90	diamond	red	(565, 460)	high	no	no_dis	N	dif	hori	left	True	881195	881994	left	1	3	46
4	cyj	f	18	1	90	diamond	green	(724, 619)	low	no	no_dis	N	same	hori	left	True	883088	884818	left	1	3	47
4	cyj	f	18	1	90	diamond	green	(565, 460)	high	dis	(565, 619)	N	same	vert	up	True	885993	888106	up	1	3	48
4	cyj	f	18	1	90	circle	red	(533, 540)	low	no	no_dis	N	dif	vert	up	True	889225	890554	up	1	3	49
4	cyj	f	18	1	90	diamond	green	(565, 460)	high	no	no_dis	N	dif	vert	up	True	891605	894170	up	1	3	50
4	cyj	f	18	1	90	circle	red	(565, 460)	high	dis	(757, 540)	N	dif	hori	left	True	895264	896890	left	1	3	51
4	cyj	f	18	1	90	circle	green	(565, 460)	high	dis	(757, 540)	N	dif	vert	up	True	898095	899578	up	1	3	52
4	cyj	f	18	1	90	diamond	green	(565, 460)	high	no	no_dis	N	same	hori	left	True	900635	902418	left	1	3	53
4	cyj	f	18	1	90	diamond	red	(565, 619)	low	no	no_dis	N	dif	hori	left	True	903597	905210	left	1	3	54
4	cyj	f	18	1	90	diamond	red	(565, 460)	high	dis	(724, 619)	N	same	vert	up	True	906444	907738	up	1	3	55
4	cyj	f	18	1	90	diamond	red	(565, 460)	high	dis	(533, 540)	N	same	hori	left	True	908808	911003	left	1	3	56
4	cyj	f	18	1	90	circle	red	(565, 460)	high	dis	(724, 619)	N	dif	vert	up	True	912222	913562	up	1	3	57
4	cyj	f	18	1	90	circle	green	(565, 460)	high	dis	(565, 619)	N	same	vert	up	True	914741	915754	up	1	3	58
4	cyj	f	18	1	90	circle	green	(565, 460)	high	dis	(645, 652)	N	same	vert	up	True	916991	917954	up	1	3	59
4	cyj	f	18	1	90	circle	red	(565, 460)	high	dis	(757, 540)	N	dif	vert	up	True	919006	919586	up	1	3	60
4	cyj	f	18	1	90	circle	green	(565, 460)	high	dis	(757, 540)	N	dif	hori	left	True	920787	921442	left	1	3	61
4	cyj	f	18	1	90	circle	red	(565, 460)	high	no	no_dis	N	same	hori	left	True	922646	923210	left	1	3	62
4	cyj	f	18	1	90	diamond	green	(565, 460)	high	dis	(533, 540)	N	same	vert	up	True	924443	925195	up	1	3	63
4	cyj	f	18	1	90	diamond	red	(565, 460)	high	dis	(565, 619)	N	same	vert	up	True	926249	926842	up	1	3	64
4	cyj	f	18	1	90	diamond	red	(565, 460)	high	dis	(645, 428)	N	dif	hori	left	True	928093	928714	left	1	3	65
4	cyj	f	18	1	90	circle	green	(565, 460)	high	no	no_dis	N	same	vert	up	True	929840	930827	up	1	3	66
4	cyj	f	18	1	90	diamond	green	(533, 540)	low	dis	(565, 460)	Y	dif	vert	up	True	932005	932731	left	0	3	67
4	cyj	f	18	1	90	circle	green	(565, 460)	high	no	no_dis	N	dif	vert	up	True	935315	936306	up	1	3	68
4	cyj	f	18	1	90	circle	green	(565, 460)	high	dis	(533, 540)	N	dif	vert	up	True	937357	938739	up	1	3	69
4	cyj	f	18	1	90	circle	green	(565, 460)	high	dis	(645, 428)	N	dif	vert	up	True	939806	942034	up	1	3	70
4	cyj	f	18	1	90	diamond	green	(565, 460)	high	no	no_dis	N	dif	vert	up	True	943275	945019	up	1	3	71
4	cyj	f	18	1	90	circle	red	(565, 460)	high	dis	(757, 540)	N	dif	hori	left	True	946232	947458	left	1	3	72
4	cyj	f	18	1	90	diamond	red	(565, 460)	high	dis	(645, 652)	N	same	hori	left	True	948606	949691	left	1	3	73
4	cyj	f	18	1	90	diamond	red	(565, 460)	high	no	no_dis	N	same	vert	up	True	950846	951890	up	1	3	74
4	cyj	f	18	1	90	circle	red	(565, 460)	high	dis	(645, 652)	N	dif	hori	left	True	953131	954099	left	1	3	75
4	cyj	f	18	1	90	circle	green	(565, 460)	high	dis	(645, 652)	N	dif	hori	left	True	955260	956099	left	1	3	76
4	cyj	f	18	1	90	diamond	green	(565, 460)	high	dis	(533, 540)	N	same	hori	left	True	957314	958290	left	1	3	77
4	cyj	f	18	1	90	circle	red	(565, 460)	high	dis	(757, 540)	N	dif	vert	up	True	959473	960235	up	1	3	78
4	cyj	f	18	1	90	diamond	red	(645, 428)	low	dis	(565, 460)	Y	dif	hori	left	True	961389	962418	up	0	3	79
4	cyj	f	18	1	90	diamond	green	(565, 460)	high	dis	(724, 460)	N	dif	vert	up	True	965100	966634	up	1	3	80
4	cyj	f	18	1	90	circle	red	(565, 460)	high	dis	(533, 540)	N	same	vert	up	True	967774	969826	up	1	3	81
4	cyj	f	18	1	90	diamond	red	(565, 460)	high	no	no_dis	N	same	vert	up	True	971058	972226	up	1	3	82
4	cyj	f	18	1	90	diamond	green	(565, 460)	high	dis	(645, 652)	N	same	hori	left	True	973247	974778	left	1	3	83
4	cyj	f	18	1	90	diamond	green	(565, 460)	high	dis	(645, 428)	N	same	vert	up	True	975870	977002	up	1	3	84
4	cyj	f	18	1	90	diamond	red	(565, 460)	high	dis	(565, 619)	N	same	hori	left	True	978090	978875	left	1	3	85
4	cyj	f	18	1	90	diamond	green	(565, 460)	high	dis	(565, 619)	N	same	hori	left	True	979920	981026	left	1	3	86
4	cyj	f	18	1	90	circle	red	(565, 460)	high	no	no_dis	N	dif	hori	left	True	982081	983154	left	1	3	87
4	cyj	f	18	1	90	diamond	green	(565, 460)	high	dis	(645, 428)	N	same	vert	up	True	984274	985058	up	1	3	88
4	cyj	f	18	1	90	diamond	red	(565, 460)	high	no	no_dis	N	same	vert	up	True	986286	987475	up	1	3	89
4	cyj	f	18	1	90	diamond	green	(565, 460)	high	dis	(724, 619)	N	same	vert	up	True	988657	989450	up	1	3	90
4	cyj	f	18	1	90	circle	green	(565, 460)	high	dis	(645, 652)	N	same	vert	up	True	990632	992042	up	1	3	91
4	cyj	f	18	1	90	circle	green	(565, 460)	high	dis	(645, 428)	N	dif	vert	up	True	993096	993810	up	1	3	92
4	cyj	f	18	1	90	diamond	red	(565, 460)	high	no	no_dis	N	dif	hori	left	True	994900	995730	left	1	3	93
4	cyj	f	18	1	90	diamond	red	(565, 460)	high	dis	(724, 619)	N	dif	vert	up	True	996977	998346	up	1	3	94
4	cyj	f	18	1	90	circle	green	(565, 460)	high	dis	(533, 540)	N	dif	hori	left	True	999473	1001043	left	1	3	95
4	cyj	f	18	1	90	circle	green	(645, 652)	low	dis	(565, 460)	Y	same	hori	left	True	1002180	1003474	left	1	3	96
4	cyj	f	18	1	90	diamond	green	(565, 460)	high	no	no_dis	N	dif	vert	up	True	1004569	1006218	up	1	3	97
4	cyj	f	18	1	90	diamond	green	(565, 460)	high	dis	(645, 652)	N	dif	vert	up	True	1007404	1010379	up	1	3	98
4	cyj	f	18	1	90	diamond	red	(565, 460)	high	no	no_dis	N	same	hori	left	True	1011411	1012338	left	1	3	99
4	cyj	f	18	1	90	circle	red	(565, 460)	high	no	no_dis	N	dif	hori	left	True	1013572	1014626	left	1	3	100
4	cyj	f	18	1	90	diamond	green	(565, 460)	high	dis	(645, 428)	N	dif	hori	left	True	1015657	1017226	left	1	3	101
4	cyj	f	18	1	90	diamond	green	(565, 460)	high	no	no_dis	N	same	hori	left	True	1018249	1019626	left	1	3	102
4	cyj	f	18	1	90	circle	red	(565, 460)	high	dis	(565, 619)	N	dif	vert	up	True	1020767	1022306	up	1	3	103
4	cyj	f	18	1	90	diamond	red	(565, 460)	high	dis	(724, 460)	N	same	hori	left	True	1023504	1024915	left	1	3	104
4	cyj	f	18	1	90	circle	green	(565, 460)	high	no	no_dis	N	dif	hori	left	True	1026007	1026995	left	1	3	105
4	cyj	f	18	1	90	diamond	green	(565, 460)	high	dis	(645, 652)	N	dif	hori	left	True	1028162	1028930	left	1	3	106
4	cyj	f	18	1	90	circle	green	(565, 460)	high	dis	(724, 460)	N	same	hori	left	True	1029994	1030835	left	1	3	107
4	cyj	f	18	1	90	diamond	red	(565, 460)	high	dis	(533, 540)	N	same	vert	up	True	1031850	1034115	up	1	3	108
4	cyj	f	18	1	90	circle	red	(565, 460)	high	no	no_dis	N	same	vert	up	True	1035238	1036795	up	1	3	109
4	cyj	f	18	1	90	circle	green	(565, 460)	high	dis	(724, 619)	N	dif	vert	up	True	1037884	1039098	up	1	3	110
4	cyj	f	18	1	90	diamond	green	(565, 460)	high	dis	(757, 540)	N	dif	hori	left	True	1040167	1042827	left	1	3	111
4	cyj	f	18	1	90	diamond	green	(757, 540)	low	dis	(565, 460)	Y	dif	hori	left	True	1043894	1045370	left	1	3	112
4	cyj	f	18	1	90	diamond	red	(565, 460)	high	dis	(724, 619)	N	dif	hori	left	True	1046596	1047906	left	1	3	113
4	cyj	f	18	1	90	diamond	green	(565, 460)	high	no	no_dis	N	same	hori	left	True	1049016	1049923	left	1	3	114
4	cyj	f	18	1	90	circle	red	(757, 540)	low	dis	(565, 460)	Y	same	vert	up	True	1051127	1052946	up	1	3	115
4	cyj	f	18	1	90	diamond	red	(565, 460)	high	no	no_dis	N	same	hori	left	True	1054114	1054747	left	1	3	116
4	cyj	f	18	1	90	circle	red	(565, 460)	high	no	no_dis	N	same	vert	up	True	1055777	1057371	up	1	3	117
4	cyj	f	18	1	90	circle	red	(565, 460)	high	dis	(565, 619)	N	dif	hori	left	True	1058458	1059210	left	1	3	118
4	cyj	f	18	1	90	diamond	green	(565, 460)	high	dis	(533, 540)	N	same	hori	left	True	1060212	1061922	left	1	3	119
4	cyj	f	18	1	90	diamond	red	(565, 460)	high	dis	(724, 619)	N	dif	hori	left	True	1063168	1063898	left	1	3	120
4	cyj	f	18	1	90	circle	red	(565, 460)	high	dis	(757, 540)	N	dif	hori	left	True	1095408	1096811	left	1	4	1
4	cyj	f	18	1	90	circle	red	(565, 460)	high	dis	(757, 540)	N	dif	hori	left	True	1098014	1098946	left	1	4	2
4	cyj	f	18	1	90	circle	green	(645, 652)	low	dis	(565, 460)	Y	dif	hori	left	True	1099984	1101251	left	1	4	3
4	cyj	f	18	1	90	diamond	green	(565, 460)	high	dis	(645, 428)	N	same	vert	up	True	1102257	1103786	up	1	4	4
4	cyj	f	18	1	90	diamond	green	(565, 460)	high	dis	(645, 652)	N	dif	vert	up	True	1104925	1106003	up	1	4	5
4	cyj	f	18	1	90	diamond	green	(565, 460)	high	dis	(724, 619)	N	same	vert	up	True	1107080	1107834	up	1	4	6
4	cyj	f	18	1	90	circle	red	(565, 460)	high	no	no_dis	N	same	hori	left	True	1108926	1109538	left	1	4	7
4	cyj	f	18	1	90	diamond	green	(565, 460)	high	dis	(757, 540)	N	same	hori	left	True	1110731	1112186	left	1	4	8
4	cyj	f	18	1	90	diamond	red	(565, 460)	high	no	no_dis	N	same	hori	left	True	1113390	1114123	left	1	4	9
4	cyj	f	18	1	90	diamond	green	(565, 460)	high	dis	(757, 540)	N	same	vert	up	True	1115313	1116042	up	1	4	10
4	cyj	f	18	1	90	circle	green	(565, 460)	high	dis	(757, 540)	N	dif	vert	up	True	1117212	1117867	up	1	4	11
4	cyj	f	18	1	90	circle	green	(565, 460)	high	dis	(645, 652)	N	same	hori	left	True	1119076	1119706	left	1	4	12
4	cyj	f	18	1	90	circle	green	(565, 460)	high	dis	(565, 619)	N	dif	hori	left	True	1120809	1121362	left	1	4	13
4	cyj	f	18	1	90	circle	red	(565, 460)	high	dis	(645, 652)	N	same	hori	left	True	1122608	1123091	left	1	4	14
4	cyj	f	18	1	90	circle	green	(565, 460)	high	dis	(533, 540)	N	same	hori	left	True	1124283	1124747	left	1	4	15
4	cyj	f	18	1	90	circle	red	(565, 460)	high	no	no_dis	N	dif	hori	left	True	1125866	1126402	left	1	4	16
4	cyj	f	18	1	90	circle	red	(565, 460)	high	dis	(645, 428)	N	same	hori	left	True	1127550	1128059	left	1	4	17
4	cyj	f	18	1	90	diamond	red	(565, 460)	high	dis	(724, 460)	N	dif	vert	up	True	1129134	1129930	up	1	4	18
4	cyj	f	18	1	90	circle	green	(565, 460)	high	no	no_dis	N	same	vert	up	True	1131133	1131746	up	1	4	19
4	cyj	f	18	1	90	diamond	green	(565, 460)	high	no	no_dis	N	same	vert	up	True	1132802	1133339	up	1	4	20
4	cyj	f	18	1	90	diamond	green	(565, 460)	high	no	no_dis	N	dif	vert	up	True	1134354	1134834	up	1	4	21
4	cyj	f	18	1	90	circle	green	(565, 460)	high	no	no_dis	N	same	hori	left	True	1135953	1136603	left	1	4	22
4	cyj	f	18	1	90	diamond	red	(565, 460)	high	no	no_dis	N	same	vert	up	True	1137645	1138202	left	0	4	23
4	cyj	f	18	1	90	diamond	green	(757, 540)	low	no	no_dis	N	dif	vert	up	True	1140861	1142227	up	1	4	24
4	cyj	f	18	1	90	diamond	red	(565, 460)	high	dis	(645, 652)	N	dif	hori	left	True	1143411	1144547	left	1	4	25
4	cyj	f	18	1	90	diamond	green	(565, 460)	high	dis	(533, 540)	N	same	hori	left	True	1145664	1146410	left	1	4	26
4	cyj	f	18	1	90	diamond	red	(565, 460)	high	dis	(645, 652)	N	dif	vert	up	True	1147624	1148579	up	1	4	27
4	cyj	f	18	1	90	circle	green	(565, 460)	high	no	no_dis	N	dif	vert	up	True	1149723	1150507	up	1	4	28
4	cyj	f	18	1	90	diamond	red	(565, 460)	high	no	no_dis	N	same	vert	up	True	1151738	1152402	up	1	4	29
4	cyj	f	18	1	90	circle	red	(565, 619)	low	dis	(565, 460)	Y	same	vert	up	True	1153434	1154779	up	1	4	30
4	cyj	f	18	1	90	diamond	green	(565, 460)	high	no	no_dis	N	same	vert	up	True	1155881	1157306	up	1	4	31
4	cyj	f	18	1	90	diamond	red	(565, 460)	high	no	no_dis	N	dif	vert	up	True	1158513	1160035	up	1	4	32
4	cyj	f	18	1	90	diamond	green	(565, 460)	high	dis	(645, 428)	N	dif	hori	left	True	1161247	1162323	left	1	4	33
4	cyj	f	18	1	90	diamond	green	(565, 460)	high	dis	(645, 652)	N	same	vert	up	True	1163421	1164746	up	1	4	34
4	cyj	f	18	1	90	circle	green	(565, 460)	high	dis	(724, 619)	N	dif	vert	up	True	1165895	1166914	up	1	4	35
4	cyj	f	18	1	90	circle	green	(565, 460)	high	dis	(645, 652)	N	dif	vert	up	True	1168021	1168650	up	1	4	36
4	cyj	f	18	1	90	diamond	green	(565, 460)	high	no	no_dis	N	same	hori	left	True	1169829	1171122	left	1	4	37
4	cyj	f	18	1	90	diamond	green	(565, 460)	high	no	no_dis	N	dif	vert	up	True	1172295	1173235	up	1	4	38
4	cyj	f	18	1	90	circle	red	(565, 460)	high	dis	(757, 540)	N	same	hori	left	True	1174287	1175162	left	1	4	39
4	cyj	f	18	1	90	diamond	red	(565, 460)	high	no	no_dis	N	dif	hori	left	True	1176312	1177234	left	1	4	40
4	cyj	f	18	1	90	circle	green	(565, 460)	high	dis	(645, 428)	N	dif	vert	up	True	1178308	1179858	up	1	4	41
4	cyj	f	18	1	90	diamond	red	(565, 460)	high	no	no_dis	N	same	hori	left	True	1180996	1181850	left	1	4	42
4	cyj	f	18	1	90	circle	red	(565, 460)	high	dis	(724, 619)	N	dif	vert	up	True	1182906	1183706	up	1	4	43
4	cyj	f	18	1	90	circle	green	(565, 460)	high	dis	(565, 619)	N	same	hori	left	True	1184948	1185634	left	1	4	44
4	cyj	f	18	1	90	diamond	green	(565, 460)	high	dis	(757, 540)	N	same	vert	up	True	1186693	1187739	up	1	4	45
4	cyj	f	18	1	90	circle	red	(565, 460)	high	dis	(724, 460)	N	dif	hori	left	True	1188950	1189618	left	1	4	46
4	cyj	f	18	1	90	circle	green	(565, 460)	high	dis	(724, 619)	N	same	hori	left	True	1190851	1191419	left	1	4	47
4	cyj	f	18	1	90	circle	red	(565, 460)	high	dis	(565, 619)	N	same	hori	left	True	1192495	1193106	left	1	4	48
4	cyj	f	18	1	90	diamond	red	(565, 460)	high	dis	(565, 619)	N	dif	vert	up	True	1194194	1194802	up	1	4	49
4	cyj	f	18	1	90	diamond	red	(565, 460)	high	dis	(645, 652)	N	same	vert	up	True	1196027	1196618	up	1	4	50
4	cyj	f	18	1	90	circle	green	(565, 460)	high	dis	(724, 460)	N	same	hori	left	True	1197735	1198426	left	1	4	51
4	cyj	f	18	1	90	diamond	red	(565, 460)	high	dis	(645, 652)	N	same	hori	left	True	1199560	1200194	left	1	4	52
4	cyj	f	18	1	90	circle	red	(565, 460)	high	dis	(724, 460)	N	same	vert	up	True	1201243	1201875	up	1	4	53
4	cyj	f	18	1	90	circle	green	(565, 460)	high	no	no_dis	N	same	hori	left	True	1202899	1203834	left	1	4	54
4	cyj	f	18	1	90	circle	green	(565, 460)	high	dis	(724, 460)	N	dif	hori	left	True	1204843	1205362	left	1	4	55
4	cyj	f	18	1	90	diamond	red	(565, 460)	high	dis	(533, 540)	N	dif	hori	left	True	1206376	1206947	left	1	4	56
4	cyj	f	18	1	90	circle	red	(757, 540)	low	dis	(565, 460)	Y	same	hori	left	True	1208116	1208706	left	1	4	57
4	cyj	f	18	1	90	diamond	green	(565, 460)	high	no	no_dis	N	dif	vert	up	True	1209831	1210418	up	1	4	58
4	cyj	f	18	1	90	diamond	red	(565, 460)	high	dis	(757, 540)	N	dif	vert	up	True	1211514	1212131	up	1	4	59
4	cyj	f	18	1	90	diamond	green	(565, 460)	high	dis	(565, 619)	N	same	vert	up	True	1213343	1213898	up	1	4	60
4	cyj	f	18	1	90	circle	red	(565, 460)	high	dis	(724, 460)	N	same	vert	up	True	1215148	1216003	up	1	4	61
4	cyj	f	18	1	90	diamond	green	(565, 460)	high	dis	(724, 460)	N	dif	vert	up	True	1217079	1218890	up	1	4	62
4	cyj	f	18	1	90	circle	green	(565, 460)	high	dis	(533, 540)	N	dif	vert	up	True	1219919	1220947	up	1	4	63
4	cyj	f	18	1	90	diamond	green	(757, 540)	low	dis	(565, 460)	Y	same	vert	up	True	1221994	1223706	up	1	4	64
4	cyj	f	18	1	90	circle	red	(565, 460)	high	no	no_dis	N	same	vert	up	True	1224781	1225891	up	1	4	65
4	cyj	f	18	1	90	circle	green	(565, 460)	high	no	no_dis	N	same	vert	up	True	1227139	1227970	up	1	4	66
4	cyj	f	18	1	90	diamond	green	(565, 460)	high	dis	(565, 619)	N	dif	hori	left	True	1228979	1230754	left	1	4	67
4	cyj	f	18	1	90	diamond	red	(724, 619)	low	dis	(565, 460)	Y	dif	hori	left	True	1231871	1232818	left	1	4	68
4	cyj	f	18	1	90	diamond	red	(565, 460)	high	no	no_dis	N	same	vert	up	True	1234046	1235250	up	1	4	69
4	cyj	f	18	1	90	circle	red	(645, 428)	low	no	no_dis	N	dif	hori	left	True	1236489	1237890	left	1	4	70
4	cyj	f	18	1	90	diamond	red	(645, 428)	low	dis	(565, 460)	Y	dif	vert	up	True	1239102	1240363	left	0	4	71
4	cyj	f	18	1	90	circle	green	(565, 460)	high	dis	(757, 540)	N	same	hori	left	True	1242912	1245026	left	1	4	72
4	cyj	f	18	1	90	diamond	red	(565, 460)	high	dis	(724, 619)	N	dif	hori	left	True	1246201	1248083	left	1	4	73
4	cyj	f	18	1	90	circle	red	(565, 460)	high	no	no_dis	N	dif	hori	left	True	1249325	1250322	left	1	4	74
4	cyj	f	18	1	90	diamond	red	(565, 460)	high	no	no_dis	N	dif	hori	left	True	1251535	1252658	left	1	4	75
4	cyj	f	18	1	90	circle	green	(565, 460)	high	no	no_dis	N	same	hori	left	True	1253887	1254683	left	1	4	76
4	cyj	f	18	1	90	diamond	red	(565, 460)	high	dis	(533, 540)	N	dif	vert	up	True	1255701	1256618	up	1	4	77
4	cyj	f	18	1	90	circle	red	(565, 460)	high	no	no_dis	N	dif	hori	left	True	1257831	1259082	left	1	4	78
4	cyj	f	18	1	90	diamond	green	(565, 460)	high	no	no_dis	N	same	vert	up	True	1260239	1261131	up	1	4	79
4	cyj	f	18	1	90	circle	red	(565, 460)	high	dis	(565, 619)	N	dif	hori	left	True	1262243	1264314	left	1	4	80
4	cyj	f	18	1	90	diamond	red	(565, 460)	high	dis	(645, 428)	N	dif	hori	left	True	1265493	1266731	left	1	4	81
4	cyj	f	18	1	90	circle	red	(565, 460)	high	no	no_dis	N	dif	vert	up	True	1267764	1268578	up	1	4	82
4	cyj	f	18	1	90	circle	red	(565, 460)	high	no	no_dis	N	dif	hori	left	True	1269742	1270362	left	1	4	83
4	cyj	f	18	1	90	diamond	red	(565, 460)	high	dis	(645, 428)	N	same	vert	up	True	1271530	1273018	up	1	4	84
4	cyj	f	18	1	90	diamond	green	(565, 460)	high	no	no_dis	N	dif	vert	up	True	1274039	1275179	up	1	4	85
4	cyj	f	18	1	90	circle	red	(565, 460)	high	no	no_dis	N	dif	hori	left	True	1276426	1277139	left	1	4	86
4	cyj	f	18	1	90	diamond	green	(565, 460)	high	no	no_dis	N	dif	hori	left	True	1278277	1278890	left	1	4	87
4	cyj	f	18	1	90	diamond	green	(565, 460)	high	dis	(724, 619)	N	dif	vert	up	True	1279997	1280786	up	1	4	88
4	cyj	f	18	1	90	diamond	red	(565, 460)	high	dis	(724, 619)	N	dif	hori	left	True	1281943	1282546	left	1	4	89
4	cyj	f	18	1	90	circle	green	(565, 460)	high	no	no_dis	N	same	hori	left	True	1283694	1284595	left	1	4	90
4	cyj	f	18	1	90	circle	green	(565, 460)	high	dis	(757, 540)	N	same	vert	up	True	1285769	1286635	up	1	4	91
4	cyj	f	18	1	90	diamond	green	(565, 460)	high	dis	(757, 540)	N	same	hori	left	True	1287766	1288867	left	1	4	92
4	cyj	f	18	1	90	diamond	green	(565, 460)	high	dis	(565, 619)	N	dif	hori	left	True	1289932	1290546	left	1	4	93
4	cyj	f	18	1	90	diamond	red	(565, 460)	high	dis	(645, 428)	N	same	vert	up	True	1291633	1293162	up	1	4	94
4	cyj	f	18	1	90	circle	red	(565, 460)	high	dis	(645, 428)	N	dif	hori	left	True	1294183	1294963	left	1	4	95
4	cyj	f	18	1	90	circle	green	(565, 460)	high	dis	(645, 428)	N	dif	hori	left	True	1296192	1296915	left	1	4	96
4	cyj	f	18	1	90	circle	green	(724, 460)	low	dis	(565, 460)	Y	same	hori	left	True	1298080	1299818	left	1	4	97
4	cyj	f	18	1	90	diamond	red	(565, 460)	high	dis	(724, 619)	N	dif	vert	up	True	1300930	1301866	up	1	4	98
4	cyj	f	18	1	90	diamond	red	(565, 460)	high	dis	(533, 540)	N	dif	vert	up	True	1303078	1303859	up	1	4	99
4	cyj	f	18	1	90	circle	green	(565, 460)	high	dis	(533, 540)	N	same	vert	up	True	1305110	1305842	up	1	4	100
4	cyj	f	18	1	90	circle	red	(565, 460)	high	dis	(724, 460)	N	same	vert	up	True	1306950	1307571	up	1	4	101
4	cyj	f	18	1	90	circle	green	(565, 460)	high	no	no_dis	N	same	hori	left	True	1308578	1309202	left	1	4	102
4	cyj	f	18	1	90	diamond	red	(645, 652)	low	no	no_dis	N	same	vert	up	True	1310441	1311795	up	1	4	103
4	cyj	f	18	1	90	circle	red	(565, 460)	high	dis	(533, 540)	N	same	vert	up	True	1312949	1314107	up	1	4	104
4	cyj	f	18	1	90	diamond	red	(565, 460)	high	dis	(724, 460)	N	same	hori	left	True	1315160	1316995	left	1	4	105
4	cyj	f	18	1	90	circle	red	(565, 460)	high	dis	(565, 619)	N	same	vert	up	True	1318095	1319314	up	1	4	106
4	cyj	f	18	1	90	diamond	green	(565, 460)	high	dis	(645, 652)	N	dif	hori	left	True	1320521	1321538	left	1	4	107
4	cyj	f	18	1	90	diamond	red	(565, 460)	high	dis	(533, 540)	N	same	hori	left	True	1322584	1323410	left	1	4	108
4	cyj	f	18	1	90	circle	green	(565, 460)	high	dis	(645, 428)	N	same	hori	left	True	1324529	1325531	left	1	4	109
4	cyj	f	18	1	90	diamond	green	(533, 540)	low	dis	(565, 460)	Y	dif	vert	up	True	1326738	1328034	up	1	4	110
4	cyj	f	18	1	90	diamond	red	(565, 460)	high	no	no_dis	N	dif	vert	up	True	1329120	1330123	up	1	4	111
4	cyj	f	18	1	90	circle	red	(565, 460)	high	dis	(724, 460)	N	dif	hori	left	True	1331309	1333282	left	1	4	112
4	cyj	f	18	1	90	circle	red	(565, 460)	high	no	no_dis	N	dif	hori	left	True	1334440	1335258	left	1	4	113
4	cyj	f	18	1	90	diamond	green	(565, 460)	high	dis	(724, 619)	N	same	vert	up	True	1336409	1338042	up	1	4	114
4	cyj	f	18	1	90	circle	red	(565, 460)	high	dis	(724, 460)	N	dif	vert	up	True	1339158	1340355	up	1	4	115
4	cyj	f	18	1	90	circle	green	(533, 540)	low	no	no_dis	N	same	hori	left	True	1341589	1342450	left	1	4	116
4	cyj	f	18	1	90	circle	red	(565, 460)	high	dis	(533, 540)	N	same	hori	left	True	1343573	1344466	left	1	4	117
4	cyj	f	18	1	90	circle	green	(565, 460)	high	no	no_dis	N	dif	vert	up	True	1345624	1346378	up	1	4	118
4	cyj	f	18	1	90	diamond	green	(565, 460)	high	dis	(724, 619)	N	same	vert	up	True	1347600	1348346	up	1	4	119
4	cyj	f	18	1	90	circle	green	(565, 460)	high	dis	(565, 619)	N	dif	vert	up	True	1349382	1350459	up	1	4	120
4	cyj	f	18	1	90	diamond	red	(565, 460)	high	no	no_dis	N	dif	hori	left	True	1383320	1384242	left	1	5	1
4	cyj	f	18	1	90	circle	green	(565, 460)	high	no	no_dis	N	dif	hori	left	True	1385258	1385947	left	1	5	2
4	cyj	f	18	1	90	circle	red	(757, 540)	low	dis	(565, 460)	Y	same	vert	up	True	1387057	1389266	up	1	5	3
4	cyj	f	18	1	90	circle	green	(565, 460)	high	dis	(757, 540)	N	same	hori	left	True	1390379	1391098	left	1	5	4
4	cyj	f	18	1	90	diamond	red	(565, 460)	high	dis	(565, 619)	N	same	hori	left	True	1392349	1393131	left	1	5	5
4	cyj	f	18	1	90	diamond	red	(565, 460)	high	dis	(724, 619)	N	dif	hori	left	True	1394381	1395042	left	1	5	6
4	cyj	f	18	1	90	circle	green	(565, 460)	high	no	no_dis	N	dif	hori	left	True	1396123	1396723	left	1	5	7
4	cyj	f	18	1	90	circle	green	(565, 460)	high	no	no_dis	N	same	hori	left	True	1397731	1398235	left	1	5	8
4	cyj	f	18	1	90	circle	red	(565, 460)	high	no	no_dis	N	dif	hori	left	True	1399352	1399827	left	1	5	9
4	cyj	f	18	1	90	circle	green	(565, 460)	high	dis	(533, 540)	N	dif	hori	left	True	1400962	1401930	left	1	5	10
4	cyj	f	18	1	90	circle	red	(565, 460)	high	dis	(565, 619)	N	same	vert	up	True	1402973	1403659	up	1	5	11
4	cyj	f	18	1	90	diamond	red	(565, 460)	high	dis	(724, 460)	N	dif	hori	left	True	1404714	1405282	left	1	5	12
4	cyj	f	18	1	90	diamond	green	(565, 460)	high	no	no_dis	N	dif	hori	left	True	1406289	1406891	left	1	5	13
4	cyj	f	18	1	90	diamond	red	(565, 460)	high	dis	(724, 460)	N	dif	hori	left	True	1408136	1408610	left	1	5	14
4	cyj	f	18	1	90	diamond	red	(565, 460)	high	no	no_dis	N	dif	vert	up	True	1409807	1410475	up	1	5	15
4	cyj	f	18	1	90	circle	red	(565, 460)	high	no	no_dis	N	same	vert	up	True	1411611	1412203	up	1	5	16
4	cyj	f	18	1	90	circle	red	(565, 460)	high	dis	(533, 540)	N	dif	hori	left	True	1413392	1413907	left	1	5	17
4	cyj	f	18	1	90	circle	green	(565, 460)	high	dis	(724, 619)	N	dif	hori	left	True	1415025	1415506	left	1	5	18
4	cyj	f	18	1	90	diamond	green	(565, 460)	high	dis	(724, 460)	N	same	vert	up	True	1416747	1417323	up	1	5	19
4	cyj	f	18	1	90	circle	green	(565, 460)	high	dis	(757, 540)	N	dif	hori	left	True	1418398	1418994	left	1	5	20
4	cyj	f	18	1	90	diamond	red	(565, 460)	high	dis	(645, 652)	N	same	hori	left	True	1420106	1420603	left	1	5	21
4	cyj	f	18	1	90	circle	green	(565, 460)	high	dis	(757, 540)	N	dif	hori	left	True	1421790	1422402	left	1	5	22
4	cyj	f	18	1	90	diamond	red	(565, 460)	high	dis	(757, 540)	N	dif	hori	left	True	1423608	1424098	left	1	5	23
4	cyj	f	18	1	90	circle	red	(533, 540)	low	no	no_dis	N	same	vert	up	True	1425254	1425987	up	1	5	24
4	cyj	f	18	1	90	diamond	green	(565, 460)	high	dis	(565, 619)	N	dif	vert	up	True	1427202	1427899	up	1	5	25
4	cyj	f	18	1	90	diamond	green	(565, 619)	low	dis	(565, 460)	Y	same	hori	left	True	1429050	1429531	left	1	5	26
4	cyj	f	18	1	90	circle	red	(565, 460)	high	dis	(565, 619)	N	dif	vert	up	True	1430609	1431139	up	1	5	27
4	cyj	f	18	1	90	diamond	red	(565, 460)	high	no	no_dis	N	same	hori	left	True	1432390	1432834	left	1	5	28
4	cyj	f	18	1	90	circle	red	(565, 460)	high	dis	(565, 619)	N	same	vert	up	True	1433991	1434602	up	1	5	29
4	cyj	f	18	1	90	diamond	green	(565, 460)	high	dis	(533, 540)	N	same	hori	left	True	1435738	1436267	left	1	5	30
4	cyj	f	18	1	90	diamond	red	(565, 460)	high	no	no_dis	N	dif	vert	up	True	1437344	1437923	up	1	5	31
4	cyj	f	18	1	90	diamond	green	(565, 460)	high	dis	(645, 428)	N	same	hori	left	True	1438961	1439563	left	1	5	32
4	cyj	f	18	1	90	circle	green	(565, 460)	high	dis	(724, 460)	N	dif	vert	up	True	1440656	1441210	up	1	5	33
4	cyj	f	18	1	90	circle	red	(565, 460)	high	dis	(645, 652)	N	same	vert	up	True	1442312	1442842	up	1	5	34
4	cyj	f	18	1	90	diamond	red	(565, 460)	high	no	no_dis	N	same	vert	up	True	1444029	1444578	up	1	5	35
4	cyj	f	18	1	90	circle	red	(565, 460)	high	dis	(724, 460)	N	same	hori	left	True	1445787	1446322	left	1	5	36
4	cyj	f	18	1	90	diamond	green	(565, 619)	low	no	no_dis	N	dif	vert	up	True	1447403	1447914	up	1	5	37
4	cyj	f	18	1	90	circle	green	(757, 540)	low	no	no_dis	N	same	hori	left	True	1449103	1450394	left	1	5	38
4	cyj	f	18	1	90	diamond	green	(565, 460)	high	dis	(645, 652)	N	same	vert	up	True	1451614	1452842	up	1	5	39
4	cyj	f	18	1	90	circle	red	(565, 619)	low	dis	(565, 460)	Y	dif	vert	up	True	1453969	1455067	up	1	5	40
4	cyj	f	18	1	90	diamond	red	(565, 460)	high	dis	(724, 619)	N	dif	hori	left	True	1456236	1457531	left	1	5	41
4	cyj	f	18	1	90	circle	red	(565, 460)	high	dis	(757, 540)	N	same	hori	left	True	1458722	1459403	left	1	5	42
4	cyj	f	18	1	90	diamond	red	(565, 460)	high	dis	(724, 460)	N	same	hori	left	True	1460608	1461546	left	1	5	43
4	cyj	f	18	1	90	circle	green	(565, 460)	high	no	no_dis	N	dif	vert	up	True	1462752	1463483	up	1	5	44
4	cyj	f	18	1	90	diamond	red	(565, 460)	high	dis	(757, 540)	N	same	vert	up	True	1464490	1465706	up	1	5	45
4	cyj	f	18	1	90	circle	green	(565, 460)	high	no	no_dis	N	dif	vert	up	True	1466793	1468387	up	1	5	46
4	cyj	f	18	1	90	circle	green	(724, 460)	low	dis	(565, 460)	Y	dif	vert	up	True	1469393	1470858	up	1	5	47
4	cyj	f	18	1	90	diamond	red	(565, 460)	high	no	no_dis	N	same	hori	left	True	1472082	1473394	left	1	5	48
4	cyj	f	18	1	90	diamond	green	(533, 540)	low	dis	(565, 460)	Y	same	vert	up	True	1474577	1475754	up	1	5	49
4	cyj	f	18	1	90	diamond	green	(565, 460)	high	dis	(645, 428)	N	same	hori	left	True	1476853	1478074	left	1	5	50
4	cyj	f	18	1	90	diamond	red	(565, 460)	high	dis	(757, 540)	N	same	vert	up	True	1479308	1480058	up	1	5	51
4	cyj	f	18	1	90	circle	green	(565, 460)	high	dis	(757, 540)	N	same	vert	up	True	1481161	1481835	up	1	5	52
4	cyj	f	18	1	90	diamond	green	(565, 460)	high	dis	(645, 428)	N	dif	hori	left	True	1482998	1484106	left	1	5	53
4	cyj	f	18	1	90	circle	green	(565, 460)	high	no	no_dis	N	same	hori	left	True	1485299	1486018	left	1	5	54
4	cyj	f	18	1	90	diamond	green	(565, 460)	high	no	no_dis	N	same	hori	left	True	1487170	1487682	left	1	5	55
4	cyj	f	18	1	90	diamond	red	(565, 460)	high	dis	(724, 619)	N	same	hori	left	True	1488855	1489458	left	1	5	56
4	cyj	f	18	1	90	circle	green	(565, 460)	high	dis	(645, 428)	N	dif	vert	up	True	1490496	1491290	up	1	5	57
4	cyj	f	18	1	90	circle	green	(565, 460)	high	dis	(724, 460)	N	dif	vert	up	True	1492378	1493114	up	1	5	58
4	cyj	f	18	1	90	diamond	green	(565, 460)	high	dis	(645, 652)	N	same	hori	left	True	1494167	1494994	left	1	5	59
4	cyj	f	18	1	90	circle	red	(565, 460)	high	dis	(724, 619)	N	same	vert	up	True	1496063	1496923	up	1	5	60
4	cyj	f	18	1	90	circle	red	(565, 460)	high	dis	(724, 619)	N	same	hori	left	True	1497949	1498586	left	1	5	61
4	cyj	f	18	1	90	diamond	red	(565, 460)	high	dis	(533, 540)	N	dif	hori	left	True	1499634	1500403	left	1	5	62
4	cyj	f	18	1	90	circle	green	(565, 460)	high	dis	(645, 652)	N	dif	vert	up	True	1501524	1502123	up	1	5	63
4	cyj	f	18	1	90	circle	green	(565, 460)	high	dis	(565, 619)	N	same	hori	left	True	1503270	1503827	left	1	5	64
4	cyj	f	18	1	90	diamond	red	(565, 460)	high	dis	(533, 540)	N	same	hori	left	True	1504926	1505698	left	1	5	65
4	cyj	f	18	1	90	circle	green	(565, 460)	high	dis	(645, 652)	N	dif	vert	up	True	1506783	1507371	up	1	5	66
4	cyj	f	18	1	90	circle	red	(565, 460)	high	no	no_dis	N	same	vert	up	True	1508493	1509179	up	1	5	67
4	cyj	f	18	1	90	diamond	red	(645, 652)	low	no	no_dis	N	dif	hori	left	True	1510427	1511938	left	1	5	68
4	cyj	f	18	1	90	circle	green	(565, 460)	high	no	no_dis	N	dif	vert	up	True	1513155	1513930	up	1	5	69
4	cyj	f	18	1	90	circle	green	(565, 460)	high	dis	(724, 460)	N	same	vert	up	True	1515150	1516154	up	1	5	70
4	cyj	f	18	1	90	diamond	green	(565, 460)	high	dis	(533, 540)	N	dif	vert	up	True	1517341	1518426	up	1	5	71
4	cyj	f	18	1	90	circle	red	(565, 460)	high	no	no_dis	N	same	vert	up	True	1519448	1520250	up	1	5	72
4	cyj	f	18	1	90	diamond	red	(565, 460)	high	dis	(533, 540)	N	same	hori	left	True	1521396	1522266	left	1	5	73
4	cyj	f	18	1	90	circle	green	(565, 460)	high	dis	(645, 428)	N	same	vert	up	True	1523383	1525171	up	1	5	74
4	cyj	f	18	1	90	circle	green	(565, 460)	high	no	no_dis	N	dif	vert	up	True	1526413	1527091	up	1	5	75
4	cyj	f	18	1	90	diamond	red	(565, 460)	high	dis	(565, 619)	N	dif	vert	up	True	1528265	1528995	up	1	5	76
4	cyj	f	18	1	90	diamond	green	(565, 460)	high	dis	(533, 540)	N	dif	hori	left	True	1530083	1531378	left	1	5	77
4	cyj	f	18	1	90	circle	red	(565, 460)	high	no	no_dis	N	same	vert	up	True	1532469	1534050	up	1	5	78
4	cyj	f	18	1	90	circle	red	(565, 460)	high	no	no_dis	N	same	hori	left	True	1535278	1536059	left	1	5	79
4	cyj	f	18	1	90	circle	red	(565, 460)	high	dis	(724, 619)	N	same	vert	up	True	1537116	1538642	up	1	5	80
4	cyj	f	18	1	90	diamond	red	(565, 460)	high	dis	(645, 652)	N	dif	hori	left	True	1539753	1541379	left	1	5	81
4	cyj	f	18	1	90	diamond	green	(565, 460)	high	no	no_dis	N	dif	hori	left	True	1542540	1544690	left	1	5	82
4	cyj	f	18	1	90	circle	green	(565, 460)	high	dis	(724, 460)	N	dif	vert	up	True	1545697	1546738	up	1	5	83
4	cyj	f	18	1	90	diamond	green	(565, 460)	high	no	no_dis	N	same	vert	up	True	1547811	1548778	up	1	5	84
4	cyj	f	18	1	90	diamond	red	(645, 428)	low	dis	(565, 460)	Y	dif	hori	left	True	1549933	1551003	up	0	5	85
4	cyj	f	18	1	90	diamond	green	(565, 460)	high	dis	(565, 619)	N	dif	vert	up	True	1553574	1555083	up	1	5	86
4	cyj	f	18	1	90	diamond	red	(565, 460)	high	no	no_dis	N	dif	vert	up	True	1556321	1557162	up	1	5	87
4	cyj	f	18	1	90	diamond	green	(565, 460)	high	no	no_dis	N	same	hori	left	True	1558383	1559122	left	1	5	88
4	cyj	f	18	1	90	circle	red	(565, 460)	high	dis	(724, 619)	N	dif	hori	left	True	1560237	1560986	left	1	5	89
4	cyj	f	18	1	90	diamond	green	(565, 460)	high	dis	(645, 428)	N	same	vert	up	True	1562147	1563266	up	1	5	90
4	cyj	f	18	1	90	diamond	green	(565, 460)	high	no	no_dis	N	dif	vert	up	True	1564465	1565610	up	1	5	91
4	cyj	f	18	1	90	circle	red	(565, 460)	high	dis	(645, 652)	N	dif	vert	up	True	1566786	1567474	up	1	5	92
4	cyj	f	18	1	90	diamond	green	(565, 460)	high	dis	(645, 652)	N	same	hori	left	True	1568501	1569490	left	1	5	93
4	cyj	f	18	1	90	circle	green	(565, 460)	high	dis	(724, 460)	N	same	hori	left	True	1570511	1571195	left	1	5	94
4	cyj	f	18	1	90	diamond	green	(565, 460)	high	no	no_dis	N	same	vert	up	True	1572425	1573042	up	1	5	95
4	cyj	f	18	1	90	circle	green	(565, 460)	high	dis	(645, 428)	N	same	vert	up	True	1574142	1575226	up	1	5	96
4	cyj	f	18	1	90	diamond	green	(565, 460)	high	no	no_dis	N	same	vert	up	True	1576380	1577322	up	1	5	97
4	cyj	f	18	1	90	diamond	green	(565, 460)	high	dis	(533, 540)	N	same	vert	up	True	1578474	1579170	up	1	5	98
4	cyj	f	18	1	90	diamond	green	(565, 460)	high	dis	(724, 619)	N	dif	hori	left	True	1580398	1581010	left	1	5	99
4	cyj	f	18	1	90	diamond	green	(565, 460)	high	dis	(645, 652)	N	same	vert	up	True	1582053	1582674	up	1	5	100
4	cyj	f	18	1	90	circle	green	(565, 460)	high	dis	(757, 540)	N	dif	hori	left	True	1583790	1585507	left	1	5	101
4	cyj	f	18	1	90	circle	red	(565, 460)	high	dis	(757, 540)	N	dif	vert	up	True	1586670	1587410	up	1	5	102
4	cyj	f	18	1	90	diamond	red	(565, 460)	high	no	no_dis	N	same	hori	left	True	1588576	1589139	left	1	5	103
4	cyj	f	18	1	90	circle	red	(565, 460)	high	dis	(645, 428)	N	dif	vert	up	True	1590217	1591050	up	1	5	104
4	cyj	f	18	1	90	circle	green	(565, 460)	high	no	no_dis	N	dif	vert	up	True	1592200	1592810	up	1	5	105
4	cyj	f	18	1	90	circle	red	(565, 460)	high	no	no_dis	N	same	hori	left	True	1593823	1594426	left	1	5	106
4	cyj	f	18	1	90	diamond	red	(565, 460)	high	dis	(565, 619)	N	dif	vert	up	True	1595542	1596115	up	1	5	107
4	cyj	f	18	1	90	diamond	green	(565, 460)	high	no	no_dis	N	dif	hori	left	True	1597118	1597811	left	1	5	108
4	cyj	f	18	1	90	diamond	red	(565, 460)	high	no	no_dis	N	dif	hori	left	True	1598873	1599491	left	1	5	109
4	cyj	f	18	1	90	circle	red	(565, 460)	high	dis	(645, 428)	N	dif	hori	left	True	1600719	1601218	left	1	5	110
4	cyj	f	18	1	90	circle	red	(565, 460)	high	dis	(724, 619)	N	same	hori	left	True	1602361	1602843	left	1	5	111
4	cyj	f	18	1	90	circle	red	(565, 460)	high	dis	(724, 619)	N	dif	vert	up	True	1603923	1604490	up	1	5	112
4	cyj	f	18	1	90	diamond	green	(565, 460)	high	dis	(533, 540)	N	same	vert	up	True	1605533	1606146	up	1	5	113
4	cyj	f	18	1	90	circle	red	(565, 460)	high	dis	(645, 428)	N	same	vert	up	True	1607366	1608714	up	1	5	114
4	cyj	f	18	1	90	diamond	red	(724, 619)	low	dis	(565, 460)	Y	same	hori	left	True	1609739	1611627	left	1	5	115
4	cyj	f	18	1	90	diamond	green	(565, 460)	high	dis	(565, 619)	N	dif	vert	up	True	1612735	1613803	up	1	5	116
4	cyj	f	18	1	90	diamond	red	(565, 460)	high	dis	(565, 619)	N	dif	vert	up	True	1615028	1615650	up	1	5	117
4	cyj	f	18	1	90	circle	red	(565, 460)	high	no	no_dis	N	dif	hori	left	True	1616806	1617466	left	1	5	118
4	cyj	f	18	1	90	circle	red	(565, 460)	high	no	no_dis	N	same	vert	up	True	1618601	1619515	up	1	5	119
4	cyj	f	18	1	90	circle	green	(645, 652)	low	dis	(565, 460)	Y	dif	hori	left	True	1620648	1621866	left	1	5	120
4	cyj	f	18	1	90	diamond	red	(565, 460)	high	no	no_dis	N	same	vert	up	True	1654433	1655482	up	1	6	1
4	cyj	f	18	1	90	diamond	red	(565, 460)	high	no	no_dis	N	same	hori	left	True	1656537	1657139	left	1	6	2
4	cyj	f	18	1	90	diamond	red	(565, 460)	high	dis	(645, 428)	N	same	hori	left	True	1658387	1660146	left	1	6	3
4	cyj	f	18	1	90	diamond	green	(565, 460)	high	dis	(757, 540)	N	dif	hori	left	True	1661311	1662106	left	1	6	4
4	cyj	f	18	1	90	circle	red	(565, 460)	high	no	no_dis	N	same	vert	up	True	1663193	1664354	up	1	6	5
4	cyj	f	18	1	90	circle	red	(565, 460)	high	no	no_dis	N	dif	hori	left	True	1665578	1666170	left	1	6	6
4	cyj	f	18	1	90	diamond	green	(565, 460)	high	dis	(724, 460)	N	same	hori	left	True	1667225	1668259	left	1	6	7
4	cyj	f	18	1	90	circle	green	(645, 652)	low	dis	(565, 460)	Y	same	vert	up	True	1669407	1671090	up	1	6	8
4	cyj	f	18	1	90	diamond	green	(565, 460)	high	dis	(757, 540)	N	same	vert	up	True	1672221	1673259	up	1	6	9
4	cyj	f	18	1	90	diamond	red	(724, 460)	low	no	no_dis	N	dif	vert	up	True	1674325	1675138	up	1	6	10
4	cyj	f	18	1	90	circle	green	(565, 460)	high	dis	(724, 460)	N	dif	hori	left	True	1676271	1678107	left	1	6	11
4	cyj	f	18	1	90	diamond	green	(724, 619)	low	dis	(565, 460)	Y	dif	hori	left	True	1679309	1680458	left	1	6	12
4	cyj	f	18	1	90	diamond	red	(565, 460)	high	dis	(645, 428)	N	same	hori	left	True	1681582	1682978	left	1	6	13
4	cyj	f	18	1	90	circle	green	(565, 460)	high	dis	(757, 540)	N	dif	vert	up	True	1684228	1685363	up	1	6	14
4	cyj	f	18	1	90	circle	red	(565, 460)	high	dis	(645, 652)	N	dif	hori	left	True	1686559	1687226	left	1	6	15
4	cyj	f	18	1	90	diamond	red	(565, 460)	high	dis	(724, 460)	N	dif	vert	up	True	1688247	1688986	up	1	6	16
4	cyj	f	18	1	90	diamond	green	(565, 460)	high	no	no_dis	N	same	hori	left	True	1690060	1690898	left	1	6	17
4	cyj	f	18	1	90	circle	green	(757, 540)	low	no	no_dis	N	same	vert	up	True	1691941	1692938	up	1	6	18
4	cyj	f	18	1	90	circle	red	(757, 540)	low	dis	(565, 460)	Y	dif	vert	up	True	1693974	1695363	up	1	6	19
4	cyj	f	18	1	90	diamond	red	(565, 460)	high	dis	(724, 619)	N	same	hori	left	True	1696591	1697275	left	1	6	20
4	cyj	f	18	1	90	diamond	green	(565, 460)	high	dis	(645, 428)	N	same	vert	up	True	1698300	1699627	up	1	6	21
4	cyj	f	18	1	90	diamond	red	(565, 460)	high	dis	(565, 619)	N	dif	vert	up	True	1700664	1701218	up	1	6	22
4	cyj	f	18	1	90	circle	red	(565, 460)	high	no	no_dis	N	same	hori	left	True	1702285	1702938	left	1	6	23
4	cyj	f	18	1	90	diamond	red	(565, 460)	high	no	no_dis	N	dif	hori	left	True	1704174	1704818	left	1	6	24
4	cyj	f	18	1	90	circle	red	(565, 460)	high	dis	(724, 619)	N	dif	hori	left	True	1705980	1706675	left	1	6	25
4	cyj	f	18	1	90	diamond	green	(565, 460)	high	dis	(565, 619)	N	dif	hori	left	True	1707768	1708282	left	1	6	26
4	cyj	f	18	1	90	circle	red	(565, 460)	high	dis	(724, 460)	N	dif	vert	up	True	1709365	1709970	up	1	6	27
4	cyj	f	18	1	90	diamond	green	(565, 460)	high	dis	(724, 619)	N	same	hori	left	True	1711122	1711698	left	1	6	28
4	cyj	f	18	1	90	diamond	green	(565, 460)	high	dis	(724, 619)	N	dif	vert	up	True	1712872	1713506	up	1	6	29
4	cyj	f	18	1	90	diamond	red	(565, 460)	high	dis	(757, 540)	N	dif	vert	up	True	1714516	1715051	up	1	6	30
4	cyj	f	18	1	90	diamond	green	(565, 460)	high	dis	(533, 540)	N	dif	vert	up	True	1716274	1716947	up	1	6	31
4	cyj	f	18	1	90	circle	red	(565, 460)	high	dis	(645, 652)	N	same	vert	up	True	1718192	1718819	up	1	6	32
4	cyj	f	18	1	90	circle	green	(565, 460)	high	no	no_dis	N	same	hori	left	True	1719867	1720475	left	1	6	33
4	cyj	f	18	1	90	diamond	green	(565, 460)	high	dis	(645, 652)	N	same	vert	up	True	1721688	1722467	up	1	6	34
4	cyj	f	18	1	90	diamond	red	(724, 619)	low	dis	(565, 460)	Y	dif	hori	left	True	1723561	1725387	left	1	6	35
4	cyj	f	18	1	90	circle	green	(565, 460)	high	dis	(724, 460)	N	dif	vert	up	True	1726535	1727715	up	1	6	36
4	cyj	f	18	1	90	circle	green	(565, 460)	high	dis	(565, 619)	N	same	vert	up	True	1728803	1729851	up	1	6	37
4	cyj	f	18	1	90	circle	red	(565, 460)	high	dis	(724, 619)	N	same	hori	left	True	1730871	1731498	left	1	6	38
4	cyj	f	18	1	90	diamond	red	(565, 460)	high	dis	(565, 619)	N	same	hori	left	True	1732749	1733530	left	1	6	39
4	cyj	f	18	1	90	circle	red	(565, 460)	high	dis	(565, 619)	N	dif	hori	left	True	1734761	1735267	left	1	6	40
4	cyj	f	18	1	90	diamond	red	(565, 460)	high	no	no_dis	N	dif	vert	up	True	1736494	1738282	up	1	6	41
4	cyj	f	18	1	90	circle	red	(533, 540)	low	no	no_dis	N	same	hori	left	True	1739344	1740651	left	1	6	42
4	cyj	f	18	1	90	circle	green	(565, 460)	high	dis	(645, 652)	N	dif	hori	left	True	1741681	1742763	left	1	6	43
4	cyj	f	18	1	90	circle	green	(565, 460)	high	no	no_dis	N	dif	vert	up	True	1743926	1744666	up	1	6	44
4	cyj	f	18	1	90	circle	green	(565, 460)	high	no	no_dis	N	dif	hori	left	True	1745827	1746730	left	1	6	45
4	cyj	f	18	1	90	diamond	red	(565, 460)	high	dis	(533, 540)	N	same	hori	left	True	1747821	1749611	left	1	6	46
4	cyj	f	18	1	90	diamond	green	(565, 460)	high	dis	(565, 619)	N	same	hori	left	True	1750671	1751715	left	1	6	47
4	cyj	f	18	1	90	circle	red	(565, 460)	high	no	no_dis	N	same	vert	up	True	1752943	1753906	up	1	6	48
4	cyj	f	18	1	90	circle	green	(565, 460)	high	no	no_dis	N	same	vert	up	True	1755049	1755963	up	1	6	49
4	cyj	f	18	1	90	diamond	green	(565, 460)	high	dis	(645, 428)	N	same	hori	left	True	1757210	1759675	left	1	6	50
4	cyj	f	18	1	90	diamond	green	(565, 460)	high	no	no_dis	N	dif	hori	left	True	1760790	1761514	left	1	6	51
4	cyj	f	18	1	90	circle	red	(565, 460)	high	dis	(645, 652)	N	dif	vert	up	True	1762632	1763922	up	1	6	52
4	cyj	f	18	1	90	diamond	red	(565, 460)	high	no	no_dis	N	dif	vert	up	True	1765128	1766571	up	1	6	53
4	cyj	f	18	1	90	circle	green	(565, 460)	high	no	no_dis	N	dif	vert	up	True	1767750	1768546	up	1	6	54
4	cyj	f	18	1	90	diamond	red	(565, 460)	high	no	no_dis	N	same	vert	up	True	1769681	1770555	up	1	6	55
4	cyj	f	18	1	90	diamond	red	(565, 460)	high	dis	(565, 619)	N	dif	vert	up	True	1771579	1772202	up	1	6	56
4	cyj	f	18	1	90	diamond	red	(565, 460)	high	dis	(533, 540)	N	same	vert	up	True	1773210	1773803	up	1	6	57
4	cyj	f	18	1	90	diamond	red	(565, 460)	high	dis	(645, 428)	N	same	vert	up	True	1774891	1775643	up	1	6	58
4	cyj	f	18	1	90	circle	green	(565, 460)	high	dis	(724, 619)	N	dif	hori	left	True	1776830	1777522	left	1	6	59
4	cyj	f	18	1	90	diamond	green	(565, 460)	high	no	no_dis	N	dif	vert	up	True	1778617	1779394	up	1	6	60
4	cyj	f	18	1	90	circle	red	(565, 460)	high	dis	(565, 619)	N	dif	hori	left	True	1780567	1781203	left	1	6	61
4	cyj	f	18	1	90	circle	red	(565, 460)	high	dis	(724, 619)	N	dif	hori	left	True	1782394	1783034	left	1	6	62
4	cyj	f	18	1	90	circle	red	(565, 460)	high	dis	(645, 652)	N	dif	hori	left	True	1784256	1784826	left	1	6	63
4	cyj	f	18	1	90	diamond	red	(565, 460)	high	dis	(724, 460)	N	same	vert	up	True	1785830	1786795	up	1	6	64
4	cyj	f	18	1	90	circle	green	(565, 460)	high	dis	(757, 540)	N	dif	vert	up	True	1787825	1788835	up	1	6	65
4	cyj	f	18	1	90	diamond	green	(565, 460)	high	no	no_dis	N	same	vert	up	True	1790021	1790946	up	1	6	66
4	cyj	f	18	1	90	circle	green	(565, 460)	high	dis	(533, 540)	N	same	hori	left	True	1792101	1792770	left	1	6	67
4	cyj	f	18	1	90	diamond	red	(565, 460)	high	no	no_dis	N	dif	vert	up	True	1793929	1795554	up	1	6	68
4	cyj	f	18	1	90	diamond	green	(565, 460)	high	dis	(533, 540)	N	dif	vert	up	True	1796772	1797507	up	1	6	69
4	cyj	f	18	1	90	circle	red	(565, 460)	high	no	no_dis	N	dif	hori	left	True	1798648	1799362	left	1	6	70
4	cyj	f	18	1	90	circle	green	(565, 460)	high	no	no_dis	N	same	vert	up	True	1800457	1801074	up	1	6	71
4	cyj	f	18	1	90	circle	green	(565, 460)	high	dis	(757, 540)	N	dif	vert	up	True	1802184	1802914	up	1	6	72
4	cyj	f	18	1	90	diamond	green	(565, 460)	high	no	no_dis	N	same	hori	left	True	1804025	1804851	left	1	6	73
4	cyj	f	18	1	90	circle	green	(565, 460)	high	dis	(645, 652)	N	dif	hori	left	True	1806090	1806643	left	1	6	74
4	cyj	f	18	1	90	diamond	red	(565, 460)	high	no	no_dis	N	dif	vert	up	True	1807842	1808523	up	1	6	75
4	cyj	f	18	1	90	circle	red	(565, 460)	high	dis	(645, 428)	N	dif	hori	left	True	1809532	1810138	left	1	6	76
4	cyj	f	18	1	90	circle	red	(565, 460)	high	dis	(533, 540)	N	dif	hori	left	True	1811247	1811867	left	1	6	77
4	cyj	f	18	1	90	circle	green	(565, 460)	high	dis	(565, 619)	N	same	vert	up	True	1812978	1813698	up	1	6	78
4	cyj	f	18	1	90	diamond	green	(565, 460)	high	dis	(645, 428)	N	dif	hori	left	True	1814914	1815690	up	0	6	79
4	cyj	f	18	1	90	diamond	green	(565, 460)	high	no	no_dis	N	same	hori	left	True	1818271	1818875	left	1	6	80
4	cyj	f	18	1	90	circle	red	(565, 460)	high	dis	(645, 652)	N	same	hori	left	True	1819904	1820795	left	1	6	81
4	cyj	f	18	1	90	circle	green	(724, 460)	low	dis	(565, 460)	Y	same	hori	left	True	1821944	1823570	left	1	6	82
4	cyj	f	18	1	90	circle	green	(565, 460)	high	dis	(645, 652)	N	dif	vert	up	True	1824729	1826346	up	1	6	83
4	cyj	f	18	1	90	diamond	green	(565, 460)	high	no	no_dis	N	dif	hori	left	True	1827562	1828426	left	1	6	84
4	cyj	f	18	1	90	diamond	green	(565, 460)	high	dis	(757, 540)	N	same	vert	up	True	1829548	1830555	up	1	6	85
4	cyj	f	18	1	90	circle	red	(565, 460)	high	no	no_dis	N	same	vert	up	True	1831591	1832450	up	1	6	86
4	cyj	f	18	1	90	circle	red	(565, 460)	high	dis	(724, 619)	N	same	vert	up	True	1833500	1834123	up	1	6	87
4	cyj	f	18	1	90	diamond	red	(645, 428)	low	dis	(565, 460)	Y	same	hori	left	True	1835373	1836258	left	1	6	88
4	cyj	f	18	1	90	circle	red	(565, 460)	high	dis	(565, 619)	N	same	vert	up	True	1837408	1838059	up	1	6	89
4	cyj	f	18	1	90	circle	red	(565, 460)	high	no	no_dis	N	same	hori	left	True	1839124	1839698	left	1	6	90
4	cyj	f	18	1	90	diamond	green	(565, 460)	high	dis	(645, 428)	N	same	vert	up	True	1840726	1841531	up	1	6	91
4	cyj	f	18	1	90	diamond	green	(533, 540)	low	dis	(565, 460)	Y	same	vert	up	True	1842764	1844442	up	1	6	92
4	cyj	f	18	1	90	diamond	red	(565, 460)	high	no	no_dis	N	dif	hori	left	True	1845511	1846282	left	1	6	93
4	cyj	f	18	1	90	diamond	red	(565, 460)	high	dis	(757, 540)	N	dif	hori	left	True	1847306	1847986	left	1	6	94
4	cyj	f	18	1	90	diamond	green	(565, 460)	high	no	no_dis	N	dif	hori	left	True	1849237	1849810	left	1	6	95
4	cyj	f	18	1	90	diamond	green	(565, 460)	high	dis	(533, 540)	N	dif	vert	up	True	1850898	1851602	up	1	6	96
4	cyj	f	18	1	90	diamond	red	(565, 460)	high	dis	(724, 619)	N	same	vert	up	True	1852618	1853251	up	1	6	97
4	cyj	f	18	1	90	diamond	red	(565, 460)	high	dis	(724, 460)	N	dif	vert	up	True	1854497	1855042	up	1	6	98
4	cyj	f	18	1	90	circle	green	(565, 460)	high	dis	(565, 619)	N	dif	hori	left	True	1856289	1857003	left	1	6	99
4	cyj	f	18	1	90	diamond	green	(645, 652)	low	no	no_dis	N	dif	hori	left	True	1858184	1859307	left	1	6	100
4	cyj	f	18	1	90	circle	green	(565, 460)	high	dis	(533, 540)	N	dif	vert	up	True	1860348	1861642	up	1	6	101
4	cyj	f	18	1	90	diamond	red	(565, 460)	high	dis	(645, 428)	N	same	hori	left	True	1862859	1863995	left	1	6	102
4	cyj	f	18	1	90	circle	green	(565, 460)	high	dis	(645, 428)	N	same	hori	left	True	1865217	1866354	left	1	6	103
4	cyj	f	18	1	90	circle	red	(565, 619)	low	dis	(565, 460)	Y	dif	vert	up	True	1867494	1868610	up	1	6	104
4	cyj	f	18	1	90	circle	green	(565, 460)	high	dis	(645, 652)	N	same	vert	up	True	1869665	1871443	up	1	6	105
4	cyj	f	18	1	90	circle	green	(565, 460)	high	no	no_dis	N	dif	hori	left	True	1872546	1873242	left	1	6	106
4	cyj	f	18	1	90	circle	red	(565, 460)	high	no	no_dis	N	same	vert	up	True	1874406	1875186	up	1	6	107
4	cyj	f	18	1	90	circle	red	(565, 460)	high	dis	(724, 619)	N	dif	vert	up	True	1876289	1876907	up	1	6	108
4	cyj	f	18	1	90	diamond	red	(565, 460)	high	dis	(533, 540)	N	same	hori	left	True	1877981	1879186	left	1	6	109
4	cyj	f	18	1	90	diamond	green	(565, 460)	high	no	no_dis	N	same	hori	left	True	1880236	1880842	left	1	6	110
4	cyj	f	18	1	90	circle	red	(565, 460)	high	no	no_dis	N	dif	vert	up	True	1881914	1882898	up	1	6	111
4	cyj	f	18	1	90	circle	green	(565, 460)	high	no	no_dis	N	dif	vert	up	True	1883994	1884554	up	1	6	112
4	cyj	f	18	1	90	circle	green	(565, 460)	high	dis	(724, 460)	N	same	hori	left	True	1885658	1886339	left	1	6	113
4	cyj	f	18	1	90	diamond	green	(565, 460)	high	dis	(533, 540)	N	same	vert	up	True	1887458	1888818	up	1	6	114
4	cyj	f	18	1	90	diamond	green	(565, 460)	high	dis	(757, 540)	N	same	vert	up	True	1890044	1891195	up	1	6	115
4	cyj	f	18	1	90	circle	green	(565, 460)	high	dis	(724, 460)	N	same	vert	up	True	1892400	1893075	up	1	6	116
4	cyj	f	18	1	90	circle	red	(565, 460)	high	dis	(724, 619)	N	dif	hori	left	True	1894219	1894818	left	1	6	117
4	cyj	f	18	1	90	circle	red	(565, 460)	high	dis	(724, 460)	N	same	hori	left	True	1895891	1896546	left	1	6	118
4	cyj	f	18	1	90	circle	green	(565, 460)	high	no	no_dis	N	same	hori	left	True	1897554	1898154	left	1	6	119
4	cyj	f	18	1	90	diamond	red	(565, 460)	high	dis	(757, 540)	N	same	hori	left	True	1899228	1899963	left	1	6	120
conf	4	cyj	f	18	1	90	True	1936030	1952035	4	True	1952049	1968843	3
