subj	name	gender	age	prac	group	shape	color	tar_loc	popularity	dis_cond	dis_loc	dis_high	td_dif	line	respkey	gotkey	startTime	respTime	resp	correct	block	trialnum
5	ccd	f	20	1	90	diamond	red	(533, 540)	high	no	no_dis	N	same	hori	left	True	17823	18976	left	1	1	1
5	ccd	f	20	1	90	circle	red	(757, 540)	low	dis	(533, 540)	Y	same	hori	left	True	20164	22001	left	1	1	2
5	ccd	f	20	1	90	circle	red	(533, 540)	high	dis	(565, 619)	N	same	hori	left	True	23221	25265	left	1	1	3
5	ccd	f	20	1	90	circle	green	(533, 540)	high	no	no_dis	N	dif	hori	left	True	26408	27672	left	1	1	4
5	ccd	f	20	1	90	diamond	green	(533, 540)	high	no	no_dis	N	dif	vert	up	True	28877	30833	up	1	1	5
5	ccd	f	20	1	90	circle	green	(533, 540)	high	no	no_dis	N	dif	vert	up	True	31996	33512	up	1	1	6
5	ccd	f	20	1	90	diamond	green	(533, 540)	high	no	no_dis	N	same	vert	up	True	34688	36144	up	1	1	7
5	ccd	f	20	1	90	diamond	green	(533, 540)	high	dis	(724, 460)	N	dif	hori	left	True	37343	39360	left	1	1	8
5	ccd	f	20	1	90	diamond	red	(533, 540)	high	no	no_dis	N	same	vert	up	True	40450	41768	up	1	1	9
5	ccd	f	20	1	90	circle	green	(533, 540)	high	no	no_dis	N	same	vert	up	True	43009	44729	up	1	1	10
5	ccd	f	20	1	90	circle	green	(533, 540)	high	dis	(565, 460)	N	dif	vert	up	True	45866	47416	up	1	1	11
5	ccd	f	20	1	90	circle	green	(533, 540)	high	no	no_dis	N	dif	vert	up	True	48585	49840	up	1	1	12
5	ccd	f	20	1	90	diamond	green	(533, 540)	high	no	no_dis	N	same	hori	left	True	51040	52256	left	1	1	13
5	ccd	f	20	1	90	circle	green	(533, 540)	high	dis	(757, 540)	N	same	vert	up	True	53468	55576	up	1	1	14
5	ccd	f	20	1	90	circle	red	(533, 540)	high	no	no_dis	N	same	hori	left	True	56820	58208	left	1	1	15
5	ccd	f	20	1	90	circle	green	(533, 540)	high	no	no_dis	N	dif	hori	left	True	59261	60264	left	1	1	16
5	ccd	f	20	1	90	circle	red	(533, 540)	high	no	no_dis	N	same	vert	up	True	61472	62721	up	1	1	17
5	ccd	f	20	1	90	circle	green	(724, 619)	low	no	no_dis	N	dif	vert	up	True	63927	65777	up	1	1	18
5	ccd	f	20	1	90	diamond	red	(533, 540)	high	no	no_dis	N	same	vert	up	True	67024	69129	up	1	1	19
5	ccd	f	20	1	90	circle	green	(533, 540)	high	no	no_dis	N	dif	hori	left	True	70143	71848	left	1	1	20
5	ccd	f	20	1	90	circle	green	(533, 540)	high	dis	(565, 460)	N	dif	vert	up	True	73027	74416	up	1	1	21
5	ccd	f	20	1	90	diamond	red	(533, 540)	high	dis	(565, 460)	N	same	vert	up	True	75457	77905	up	1	1	22
5	ccd	f	20	1	90	diamond	green	(533, 540)	high	dis	(724, 619)	N	dif	vert	up	True	79033	80952	up	1	1	23
5	ccd	f	20	1	90	diamond	green	(565, 460)	low	dis	(533, 540)	Y	same	vert	up	True	82200	84408	up	1	1	24
5	ccd	f	20	1	90	diamond	green	(757, 540)	low	no	no_dis	N	same	hori	left	True	85484	86856	left	1	1	25
5	ccd	f	20	1	90	circle	red	(533, 540)	high	dis	(757, 540)	N	same	vert	up	True	87878	89625	up	1	1	26
5	ccd	f	20	1	90	diamond	red	(533, 540)	high	no	no_dis	N	dif	vert	up	True	90766	92128	up	1	1	27
5	ccd	f	20	1	90	circle	red	(533, 540)	high	dis	(645, 652)	N	same	vert	up	True	93365	95144	up	1	1	28
5	ccd	f	20	1	90	diamond	green	(533, 540)	high	dis	(724, 619)	N	dif	hori	left	True	96239	97296	left	1	1	29
5	ccd	f	20	1	90	diamond	green	(533, 540)	high	dis	(724, 460)	N	dif	vert	up	True	98513	100264	up	1	1	30
5	ccd	f	20	1	90	diamond	red	(645, 428)	low	dis	(533, 540)	Y	dif	vert	up	True	101412	102448	left	0	1	31
5	ccd	f	20	1	90	circle	green	(533, 540)	high	dis	(565, 460)	N	dif	hori	left	True	104977	107321	left	1	1	32
5	ccd	f	20	1	90	diamond	green	(533, 540)	high	dis	(645, 652)	N	same	vert	up	True	108436	110256	up	1	1	33
5	ccd	f	20	1	90	circle	red	(533, 540)	high	dis	(724, 460)	N	dif	hori	left	True	111295	112977	left	1	1	34
5	ccd	f	20	1	90	diamond	green	(533, 540)	high	dis	(565, 619)	N	same	vert	up	True	114001	115784	up	1	1	35
5	ccd	f	20	1	90	circle	red	(533, 540)	high	no	no_dis	N	same	hori	left	True	117030	118432	left	1	1	36
5	ccd	f	20	1	90	diamond	red	(533, 540)	high	no	no_dis	N	dif	hori	left	True	119660	120809	left	1	1	37
5	ccd	f	20	1	90	circle	red	(533, 540)	high	no	no_dis	N	same	vert	up	True	121991	123433	up	1	1	38
5	ccd	f	20	1	90	circle	green	(533, 540)	high	dis	(645, 428)	N	dif	hori	left	True	124468	125784	left	1	1	39
5	ccd	f	20	1	90	diamond	red	(533, 540)	high	dis	(645, 428)	N	same	vert	up	True	126968	128424	up	1	1	40
5	ccd	f	20	1	90	circle	green	(533, 540)	high	dis	(645, 652)	N	same	vert	up	True	129636	131360	up	1	1	41
5	ccd	f	20	1	90	circle	green	(533, 540)	high	dis	(645, 652)	N	same	vert	up	True	132521	133512	up	1	1	42
5	ccd	f	20	1	90	diamond	green	(533, 540)	high	no	no_dis	N	dif	hori	left	True	134679	135664	left	1	1	43
5	ccd	f	20	1	90	circle	red	(533, 540)	high	dis	(565, 460)	N	same	hori	left	True	136858	138088	left	1	1	44
5	ccd	f	20	1	90	diamond	red	(724, 619)	low	dis	(533, 540)	Y	dif	vert	up	True	139223	140784	up	1	1	45
5	ccd	f	20	1	90	diamond	red	(533, 540)	high	dis	(724, 619)	N	dif	vert	up	True	141872	143665	up	1	1	46
5	ccd	f	20	1	90	circle	red	(565, 619)	low	dis	(533, 540)	Y	dif	hori	left	True	144689	147024	left	1	1	47
5	ccd	f	20	1	90	circle	green	(533, 540)	high	dis	(757, 540)	N	same	hori	left	True	148241	150297	left	1	1	48
5	ccd	f	20	1	90	diamond	red	(533, 540)	high	dis	(757, 540)	N	dif	vert	up	True	151409	153169	up	1	1	49
5	ccd	f	20	1	90	diamond	red	(533, 540)	high	no	no_dis	N	same	hori	left	True	154266	155816	left	1	1	50
5	ccd	f	20	1	90	diamond	green	(533, 540)	high	dis	(565, 460)	N	same	vert	up	True	156933	158288	up	1	1	51
5	ccd	f	20	1	90	diamond	green	(533, 540)	high	dis	(724, 460)	N	dif	vert	up	True	159508	161129	up	1	1	52
5	ccd	f	20	1	90	diamond	green	(533, 540)	high	dis	(724, 460)	N	same	hori	left	True	162197	163288	left	1	1	53
5	ccd	f	20	1	90	diamond	green	(533, 540)	high	no	no_dis	N	dif	hori	left	True	164500	165465	left	1	1	54
5	ccd	f	20	1	90	circle	green	(533, 540)	high	dis	(757, 540)	N	same	vert	up	True	166484	167776	up	1	1	55
5	ccd	f	20	1	90	circle	green	(533, 540)	high	dis	(757, 540)	N	dif	hori	left	True	168854	169960	left	1	1	56
5	ccd	f	20	1	90	circle	red	(533, 540)	high	no	no_dis	N	dif	vert	up	True	171165	172168	up	1	1	57
5	ccd	f	20	1	90	circle	red	(533, 540)	high	dis	(645, 428)	N	dif	hori	left	True	173308	174432	left	1	1	58
5	ccd	f	20	1	90	circle	green	(724, 460)	low	dis	(533, 540)	Y	dif	hori	left	True	175453	177768	left	1	1	59
5	ccd	f	20	1	90	circle	green	(533, 540)	high	no	no_dis	N	same	hori	left	True	178782	179984	left	1	1	60
5	ccd	f	20	1	90	circle	red	(533, 540)	high	no	no_dis	N	dif	vert	up	True	181207	182248	up	1	1	61
5	ccd	f	20	1	90	circle	red	(533, 540)	high	dis	(645, 428)	N	dif	vert	up	True	183331	184472	up	1	1	62
5	ccd	f	20	1	90	circle	red	(533, 540)	high	dis	(645, 652)	N	dif	vert	up	True	185599	186768	up	1	1	63
5	ccd	f	20	1	90	diamond	green	(533, 540)	high	dis	(645, 652)	N	same	hori	left	True	187866	190432	left	1	1	64
5	ccd	f	20	1	90	circle	red	(533, 540)	high	no	no_dis	N	same	hori	left	True	191579	193240	left	1	1	65
5	ccd	f	20	1	90	circle	red	(533, 540)	high	dis	(757, 540)	N	same	vert	up	True	194451	195792	up	1	1	66
5	ccd	f	20	1	90	diamond	green	(533, 540)	high	no	no_dis	N	dif	vert	up	True	196912	198568	up	1	1	67
5	ccd	f	20	1	90	circle	green	(533, 540)	high	dis	(724, 460)	N	dif	vert	up	True	199609	201281	up	1	1	68
5	ccd	f	20	1	90	circle	green	(533, 540)	high	dis	(724, 619)	N	dif	vert	up	True	202363	204056	up	1	1	69
5	ccd	f	20	1	90	circle	red	(533, 540)	high	no	no_dis	N	dif	vert	up	True	205256	206400	up	1	1	70
5	ccd	f	20	1	90	diamond	green	(533, 540)	high	dis	(757, 540)	N	dif	vert	up	True	207606	208672	up	1	1	71
5	ccd	f	20	1	90	circle	red	(724, 460)	low	no	no_dis	N	dif	hori	left	True	209900	210897	left	1	1	72
5	ccd	f	20	1	90	diamond	green	(533, 540)	high	dis	(645, 428)	N	same	hori	left	True	212096	214664	left	1	1	73
5	ccd	f	20	1	90	diamond	red	(533, 540)	high	dis	(565, 619)	N	dif	hori	left	True	215866	217849	left	1	1	74
5	ccd	f	20	1	90	circle	red	(533, 540)	high	dis	(645, 652)	N	same	hori	left	True	219049	220712	left	1	1	75
5	ccd	f	20	1	90	diamond	red	(533, 540)	high	no	no_dis	N	same	vert	up	True	221936	223320	up	1	1	76
5	ccd	f	20	1	90	diamond	red	(533, 540)	high	dis	(565, 460)	N	same	vert	up	True	224478	225744	up	1	1	77
5	ccd	f	20	1	90	diamond	red	(533, 540)	high	no	no_dis	N	dif	hori	left	True	226937	228280	left	1	1	78
5	ccd	f	20	1	90	circle	green	(533, 540)	high	dis	(724, 619)	N	same	hori	left	True	229443	230584	left	1	1	79
5	ccd	f	20	1	90	diamond	green	(533, 540)	high	dis	(724, 460)	N	dif	hori	left	True	231800	233168	left	1	1	80
5	ccd	f	20	1	90	circle	red	(533, 540)	high	dis	(645, 428)	N	dif	vert	up	True	234269	235424	up	1	1	81
5	ccd	f	20	1	90	diamond	green	(533, 540)	high	dis	(565, 619)	N	same	hori	left	True	236623	238697	left	1	1	82
5	ccd	f	20	1	90	circle	green	(533, 540)	high	dis	(565, 460)	N	same	vert	up	True	239747	241760	up	1	1	83
5	ccd	f	20	1	90	diamond	green	(533, 540)	high	no	no_dis	N	dif	vert	up	True	242763	244608	up	1	1	84
5	ccd	f	20	1	90	diamond	red	(645, 428)	low	no	no_dis	N	same	vert	up	True	245778	247168	up	1	1	85
5	ccd	f	20	1	90	circle	red	(533, 540)	high	dis	(565, 619)	N	same	vert	up	True	248316	250456	up	1	1	86
5	ccd	f	20	1	90	circle	red	(533, 540)	high	dis	(645, 428)	N	dif	hori	left	True	251681	253512	left	1	1	87
5	ccd	f	20	1	90	diamond	red	(533, 540)	high	dis	(724, 619)	N	dif	vert	up	True	254703	256848	up	1	1	88
5	ccd	f	20	1	90	diamond	green	(533, 540)	high	no	no_dis	N	same	hori	left	True	257856	260368	left	1	1	89
5	ccd	f	20	1	90	diamond	red	(533, 540)	high	dis	(724, 619)	N	same	hori	left	True	261533	263216	left	1	1	90
5	ccd	f	20	1	90	circle	green	(533, 540)	high	dis	(645, 652)	N	dif	vert	up	False	264461	None	None	0	1	91
5	ccd	f	20	1	90	circle	green	(533, 540)	high	no	no_dis	N	same	hori	left	True	270211	271264	left	1	1	92
5	ccd	f	20	1	90	diamond	red	(533, 540)	high	dis	(757, 540)	N	same	hori	left	True	272378	273680	left	1	1	93
5	ccd	f	20	1	90	diamond	red	(533, 540)	high	dis	(724, 619)	N	dif	hori	left	True	274793	275680	left	1	1	94
5	ccd	f	20	1	90	circle	green	(533, 540)	high	dis	(565, 460)	N	dif	hori	left	True	276740	278777	left	1	1	95
5	ccd	f	20	1	90	diamond	green	(565, 460)	low	dis	(533, 540)	Y	same	vert	up	True	279814	281648	up	1	1	96
5	ccd	f	20	1	90	diamond	red	(533, 540)	high	dis	(565, 619)	N	dif	hori	left	True	282860	285296	left	1	1	97
5	ccd	f	20	1	90	diamond	red	(533, 540)	high	dis	(645, 428)	N	same	hori	left	True	286398	287592	left	1	1	98
5	ccd	f	20	1	90	diamond	red	(533, 540)	high	dis	(724, 619)	N	same	hori	left	True	288730	289896	left	1	1	99
5	ccd	f	20	1	90	diamond	green	(533, 540)	high	no	no_dis	N	dif	hori	left	True	291079	292135	left	1	1	100
5	ccd	f	20	1	90	circle	green	(645, 652)	low	dis	(533, 540)	Y	same	hori	left	True	293140	294040	left	1	1	101
5	ccd	f	20	1	90	diamond	green	(533, 540)	high	dis	(724, 460)	N	dif	hori	left	True	295087	297048	left	1	1	102
5	ccd	f	20	1	90	circle	green	(533, 540)	high	dis	(724, 460)	N	same	hori	left	True	298114	299112	left	1	1	103
5	ccd	f	20	1	90	circle	green	(533, 540)	high	dis	(757, 540)	N	dif	hori	left	True	300351	301352	left	1	1	104
5	ccd	f	20	1	90	diamond	green	(533, 540)	high	dis	(724, 619)	N	dif	vert	up	True	302420	303471	up	1	1	105
5	ccd	f	20	1	90	diamond	red	(533, 540)	high	dis	(757, 540)	N	same	hori	left	True	304623	305872	left	1	1	106
5	ccd	f	20	1	90	diamond	red	(533, 540)	high	dis	(724, 460)	N	dif	vert	up	True	307064	307936	up	1	1	107
5	ccd	f	20	1	90	circle	red	(533, 540)	high	no	no_dis	N	same	vert	up	True	309053	310824	up	1	1	108
5	ccd	f	20	1	90	diamond	red	(533, 540)	high	no	no_dis	N	dif	hori	left	True	311859	312999	left	1	1	109
5	ccd	f	20	1	90	diamond	red	(533, 540)	high	dis	(645, 652)	N	dif	hori	left	True	314149	314984	left	1	1	110
5	ccd	f	20	1	90	circle	red	(533, 540)	high	dis	(565, 460)	N	dif	hori	left	True	316162	318264	left	1	1	111
5	ccd	f	20	1	90	diamond	green	(533, 540)	high	dis	(565, 619)	N	same	vert	up	True	319446	320656	up	1	1	112
5	ccd	f	20	1	90	circle	red	(533, 540)	high	dis	(565, 619)	N	same	vert	up	True	321709	323056	up	1	1	113
5	ccd	f	20	1	90	diamond	red	(533, 540)	high	dis	(565, 619)	N	dif	vert	up	True	324106	325727	up	1	1	114
5	ccd	f	20	1	90	diamond	green	(533, 540)	high	dis	(724, 460)	N	same	hori	left	True	326857	328088	left	1	1	115
5	ccd	f	20	1	90	circle	red	(533, 540)	high	dis	(565, 619)	N	same	hori	left	True	329306	330792	left	1	1	116
5	ccd	f	20	1	90	circle	red	(533, 540)	high	dis	(645, 652)	N	same	vert	up	True	331974	333295	up	1	1	117
5	ccd	f	20	1	90	circle	red	(533, 540)	high	dis	(645, 428)	N	same	hori	left	True	334508	335432	left	1	1	118
5	ccd	f	20	1	90	diamond	red	(533, 540)	high	dis	(645, 428)	N	dif	hori	left	True	336581	337768	left	1	1	119
5	ccd	f	20	1	90	circle	green	(533, 540)	high	no	no_dis	N	same	vert	up	True	338906	340488	up	1	1	120
5	ccd	f	20	1	90	diamond	red	(533, 540)	high	dis	(724, 460)	N	same	hori	left	True	374846	376143	left	1	2	1
5	ccd	f	20	1	90	circle	red	(533, 540)	high	no	no_dis	N	dif	vert	up	True	377320	378280	up	1	2	2
5	ccd	f	20	1	90	circle	green	(533, 540)	high	no	no_dis	N	dif	hori	left	True	379389	380343	up	0	2	3
5	ccd	f	20	1	90	circle	green	(533, 540)	high	dis	(757, 540)	N	dif	vert	up	True	383003	384184	up	1	2	4
5	ccd	f	20	1	90	circle	red	(533, 540)	high	dis	(724, 460)	N	dif	vert	up	True	385232	386040	up	1	2	5
5	ccd	f	20	1	90	diamond	red	(533, 540)	high	dis	(757, 540)	N	dif	hori	left	True	387163	388000	left	1	2	6
5	ccd	f	20	1	90	circle	green	(533, 540)	high	dis	(724, 619)	N	same	vert	up	True	389053	390015	up	1	2	7
5	ccd	f	20	1	90	diamond	green	(533, 540)	high	dis	(565, 619)	N	same	vert	up	True	391052	392512	up	1	2	8
5	ccd	f	20	1	90	diamond	green	(533, 540)	high	no	no_dis	N	dif	vert	up	True	393564	394975	up	1	2	9
5	ccd	f	20	1	90	circle	green	(533, 540)	high	no	no_dis	N	same	hori	left	True	396077	396992	left	1	2	10
5	ccd	f	20	1	90	diamond	green	(533, 540)	high	dis	(757, 540)	N	dif	vert	up	True	398239	399200	up	1	2	11
5	ccd	f	20	1	90	diamond	green	(533, 540)	high	no	no_dis	N	dif	hori	left	True	400220	401359	left	1	2	12
5	ccd	f	20	1	90	circle	green	(533, 540)	high	dis	(724, 619)	N	same	hori	left	True	402607	403848	left	1	2	13
5	ccd	f	20	1	90	circle	red	(533, 540)	high	dis	(724, 619)	N	same	hori	left	True	405006	405943	left	1	2	14
5	ccd	f	20	1	90	diamond	red	(533, 540)	high	dis	(724, 460)	N	dif	hori	left	True	407179	407968	left	1	2	15
5	ccd	f	20	1	90	circle	red	(533, 540)	high	no	no_dis	N	dif	vert	up	True	409028	409696	up	1	2	16
5	ccd	f	20	1	90	diamond	green	(533, 540)	high	dis	(565, 460)	N	dif	vert	up	True	410918	411840	up	1	2	17
5	ccd	f	20	1	90	circle	red	(533, 540)	high	dis	(565, 619)	N	same	hori	left	True	412880	414287	left	1	2	18
5	ccd	f	20	1	90	circle	red	(533, 540)	high	dis	(645, 652)	N	same	vert	up	True	415497	416591	up	1	2	19
5	ccd	f	20	1	90	diamond	green	(533, 540)	high	dis	(645, 428)	N	dif	hori	left	True	417653	418655	left	1	2	20
5	ccd	f	20	1	90	circle	red	(533, 540)	high	no	no_dis	N	same	vert	up	True	419717	420520	up	1	2	21
5	ccd	f	20	1	90	diamond	red	(533, 540)	high	dis	(757, 540)	N	same	hori	left	True	421697	422703	left	1	2	22
5	ccd	f	20	1	90	diamond	green	(565, 460)	low	dis	(533, 540)	Y	same	vert	up	True	423928	424751	up	1	2	23
5	ccd	f	20	1	90	diamond	red	(533, 540)	high	dis	(645, 428)	N	dif	vert	up	True	425814	427184	up	1	2	24
5	ccd	f	20	1	90	diamond	red	(533, 540)	high	dis	(724, 619)	N	dif	vert	up	True	428226	428904	up	1	2	25
5	ccd	f	20	1	90	diamond	green	(533, 540)	high	no	no_dis	N	same	vert	up	True	430096	430936	up	1	2	26
5	ccd	f	20	1	90	circle	green	(757, 540)	low	no	no_dis	N	same	vert	up	True	431945	433680	up	1	2	27
5	ccd	f	20	1	90	diamond	red	(533, 540)	high	no	no_dis	N	dif	hori	left	True	434926	436240	left	1	2	28
5	ccd	f	20	1	90	diamond	green	(533, 540)	high	no	no_dis	N	same	vert	up	True	437252	438415	up	1	2	29
5	ccd	f	20	1	90	diamond	red	(533, 540)	high	dis	(724, 460)	N	same	hori	left	True	439422	440912	left	1	2	30
5	ccd	f	20	1	90	diamond	red	(533, 540)	high	dis	(565, 619)	N	dif	hori	left	True	441960	442863	left	1	2	31
5	ccd	f	20	1	90	diamond	green	(533, 540)	high	dis	(645, 652)	N	same	vert	up	True	444061	444927	up	1	2	32
5	ccd	f	20	1	90	circle	red	(533, 540)	high	dis	(565, 460)	N	dif	vert	up	True	446149	447096	up	1	2	33
5	ccd	f	20	1	90	diamond	green	(533, 540)	high	dis	(565, 460)	N	same	vert	up	True	448204	449032	up	1	2	34
5	ccd	f	20	1	90	circle	green	(533, 540)	high	dis	(724, 460)	N	dif	hori	left	True	450259	451119	left	1	2	35
5	ccd	f	20	1	90	diamond	green	(533, 540)	high	dis	(645, 652)	N	same	vert	up	True	452347	453143	up	1	2	36
5	ccd	f	20	1	90	circle	green	(533, 540)	high	dis	(565, 619)	N	dif	vert	up	True	454309	455287	up	1	2	37
5	ccd	f	20	1	90	diamond	red	(645, 428)	low	dis	(533, 540)	Y	same	hori	left	True	456331	457959	left	1	2	38
5	ccd	f	20	1	90	diamond	green	(533, 540)	high	no	no_dis	N	dif	vert	up	True	458987	459880	up	1	2	39
5	ccd	f	20	1	90	circle	red	(533, 540)	high	dis	(565, 460)	N	dif	vert	up	True	461086	463327	up	1	2	40
5	ccd	f	20	1	90	circle	green	(533, 540)	high	dis	(645, 652)	N	same	hori	left	True	464449	465504	left	1	2	41
5	ccd	f	20	1	90	circle	red	(533, 540)	high	dis	(724, 460)	N	dif	vert	up	True	466656	467479	up	1	2	42
5	ccd	f	20	1	90	circle	red	(533, 540)	high	dis	(724, 619)	N	same	vert	up	True	468697	469415	up	1	2	43
5	ccd	f	20	1	90	diamond	red	(533, 540)	high	dis	(565, 460)	N	dif	hori	left	True	470477	471359	left	1	2	44
5	ccd	f	20	1	90	circle	red	(757, 540)	low	dis	(533, 540)	Y	same	vert	up	True	472567	473912	up	1	2	45
5	ccd	f	20	1	90	diamond	green	(533, 540)	high	dis	(565, 460)	N	dif	vert	up	True	475102	477151	up	1	2	46
5	ccd	f	20	1	90	diamond	green	(533, 540)	high	dis	(757, 540)	N	same	vert	up	True	478153	480128	up	1	2	47
5	ccd	f	20	1	90	circle	green	(533, 540)	high	dis	(645, 428)	N	same	hori	left	True	481322	482264	left	1	2	48
5	ccd	f	20	1	90	diamond	red	(533, 540)	high	no	no_dis	N	same	vert	up	True	483267	484336	up	1	2	49
5	ccd	f	20	1	90	diamond	green	(533, 540)	high	dis	(645, 652)	N	same	vert	up	True	485358	486471	up	1	2	50
5	ccd	f	20	1	90	circle	green	(533, 540)	high	dis	(565, 619)	N	dif	hori	left	True	487621	488495	left	1	2	51
5	ccd	f	20	1	90	circle	green	(533, 540)	high	no	no_dis	N	dif	hori	left	True	489504	491080	left	1	2	52
5	ccd	f	20	1	90	circle	green	(533, 540)	high	dis	(565, 619)	N	same	hori	left	True	492186	493119	left	1	2	53
5	ccd	f	20	1	90	circle	red	(533, 540)	high	dis	(565, 619)	N	same	vert	up	True	494322	495255	up	1	2	54
5	ccd	f	20	1	90	diamond	red	(533, 540)	high	no	no_dis	N	dif	vert	up	True	496399	497391	up	1	2	55
5	ccd	f	20	1	90	circle	green	(533, 540)	high	dis	(645, 652)	N	same	vert	up	True	498416	499296	up	1	2	56
5	ccd	f	20	1	90	circle	green	(533, 540)	high	dis	(645, 428)	N	same	vert	up	True	500308	501295	up	1	2	57
5	ccd	f	20	1	90	diamond	red	(533, 540)	high	no	no_dis	N	same	vert	up	True	502508	503583	up	1	2	58
5	ccd	f	20	1	90	diamond	green	(533, 540)	high	no	no_dis	N	dif	vert	up	True	504691	505600	up	1	2	59
5	ccd	f	20	1	90	circle	green	(533, 540)	high	no	no_dis	N	dif	vert	up	True	506671	507568	up	1	2	60
5	ccd	f	20	1	90	circle	green	(533, 540)	high	dis	(565, 460)	N	same	vert	up	True	508603	509696	up	1	2	61
5	ccd	f	20	1	90	diamond	red	(533, 540)	high	no	no_dis	N	dif	hori	left	True	510809	511527	left	1	2	62
5	ccd	f	20	1	90	diamond	green	(533, 540)	high	no	no_dis	N	dif	hori	left	True	512590	513240	left	1	2	63
5	ccd	f	20	1	90	diamond	green	(565, 460)	low	dis	(533, 540)	Y	same	hori	left	True	514309	516576	left	1	2	64
5	ccd	f	20	1	90	circle	red	(533, 540)	high	no	no_dis	N	same	vert	up	True	517794	519431	up	1	2	65
5	ccd	f	20	1	90	circle	green	(533, 540)	high	dis	(565, 619)	N	dif	hori	left	True	520627	522288	left	1	2	66
5	ccd	f	20	1	90	circle	green	(533, 540)	high	no	no_dis	N	dif	hori	left	True	523291	524215	left	1	2	67
5	ccd	f	20	1	90	circle	green	(533, 540)	high	dis	(757, 540)	N	same	vert	up	True	525327	526215	up	1	2	68
5	ccd	f	20	1	90	diamond	red	(533, 540)	high	dis	(565, 619)	N	dif	hori	left	True	527329	528951	left	1	2	69
5	ccd	f	20	1	90	diamond	red	(533, 540)	high	dis	(645, 428)	N	dif	vert	up	True	530079	531183	up	1	2	70
5	ccd	f	20	1	90	diamond	red	(533, 540)	high	dis	(724, 619)	N	same	hori	left	True	532419	533424	left	1	2	71
5	ccd	f	20	1	90	circle	red	(533, 540)	high	dis	(645, 428)	N	dif	vert	up	True	534585	535544	up	1	2	72
5	ccd	f	20	1	90	diamond	red	(533, 540)	high	no	no_dis	N	same	hori	left	True	536648	538191	left	1	2	73
5	ccd	f	20	1	90	diamond	green	(533, 540)	high	dis	(724, 460)	N	dif	vert	up	True	539215	540055	up	1	2	74
5	ccd	f	20	1	90	circle	green	(533, 540)	high	no	no_dis	N	dif	vert	up	True	541059	542439	up	1	2	75
5	ccd	f	20	1	90	circle	green	(533, 540)	high	dis	(757, 540)	N	same	vert	up	True	543517	544336	up	1	2	76
5	ccd	f	20	1	90	diamond	green	(645, 652)	low	no	no_dis	N	dif	hori	left	True	545580	546320	up	0	2	77
5	ccd	f	20	1	90	diamond	red	(533, 540)	high	no	no_dis	N	same	hori	left	True	549023	550080	left	1	2	78
5	ccd	f	20	1	90	diamond	green	(533, 540)	high	dis	(724, 460)	N	dif	hori	left	True	551265	552143	left	1	2	79
5	ccd	f	20	1	90	diamond	green	(533, 540)	high	no	no_dis	N	dif	vert	up	True	553263	554111	up	1	2	80
5	ccd	f	20	1	90	circle	red	(533, 540)	high	dis	(565, 619)	N	same	hori	left	True	555272	557439	left	1	2	81
5	ccd	f	20	1	90	diamond	green	(533, 540)	high	dis	(645, 428)	N	dif	hori	left	True	558446	559991	left	1	2	82
5	ccd	f	20	1	90	diamond	green	(533, 540)	high	dis	(645, 428)	N	dif	hori	left	True	561184	561872	left	1	2	83
5	ccd	f	20	1	90	circle	red	(533, 540)	high	dis	(645, 652)	N	same	hori	left	True	563025	563991	left	1	2	84
5	ccd	f	20	1	90	circle	red	(533, 540)	high	dis	(724, 619)	N	dif	vert	up	True	565025	565823	up	1	2	85
5	ccd	f	20	1	90	diamond	red	(533, 540)	high	no	no_dis	N	dif	hori	left	True	566998	567927	left	1	2	86
5	ccd	f	20	1	90	diamond	red	(533, 540)	high	dis	(645, 652)	N	dif	hori	left	True	569103	569983	left	1	2	87
5	ccd	f	20	1	90	circle	green	(533, 540)	high	dis	(724, 460)	N	dif	hori	left	True	571026	571855	left	1	2	88
5	ccd	f	20	1	90	circle	green	(533, 540)	high	no	no_dis	N	dif	hori	left	True	572879	573735	left	1	2	89
5	ccd	f	20	1	90	circle	green	(724, 460)	low	dis	(533, 540)	Y	dif	hori	left	True	574822	576199	left	1	2	90
5	ccd	f	20	1	90	diamond	red	(533, 540)	high	no	no_dis	N	same	hori	left	True	577301	578375	left	1	2	91
5	ccd	f	20	1	90	circle	red	(533, 540)	high	dis	(724, 619)	N	same	vert	up	True	579553	580496	up	1	2	92
5	ccd	f	20	1	90	diamond	red	(724, 619)	low	dis	(533, 540)	Y	dif	hori	left	True	581625	583623	left	1	2	93
5	ccd	f	20	1	90	circle	green	(533, 540)	high	no	no_dis	N	same	hori	left	True	584716	585856	left	1	2	94
5	ccd	f	20	1	90	circle	red	(533, 540)	high	dis	(565, 460)	N	same	hori	left	True	586998	587847	left	1	2	95
5	ccd	f	20	1	90	diamond	green	(533, 540)	high	dis	(724, 460)	N	same	hori	left	True	588852	589856	left	1	2	96
5	ccd	f	20	1	90	circle	green	(645, 652)	low	dis	(533, 540)	Y	dif	vert	up	True	591009	593560	up	1	2	97
5	ccd	f	20	1	90	diamond	red	(645, 428)	low	no	no_dis	N	dif	vert	up	True	594613	596984	up	1	2	98
5	ccd	f	20	1	90	circle	red	(533, 540)	high	dis	(565, 619)	N	same	vert	up	True	598140	599967	up	1	2	99
5	ccd	f	20	1	90	circle	red	(533, 540)	high	no	no_dis	N	same	hori	left	True	601157	602191	left	1	2	100
5	ccd	f	20	1	90	circle	red	(533, 540)	high	no	no_dis	N	same	vert	up	True	603377	604568	up	1	2	101
5	ccd	f	20	1	90	diamond	red	(533, 540)	high	dis	(645, 428)	N	same	hori	left	True	605715	607136	left	1	2	102
5	ccd	f	20	1	90	circle	red	(533, 540)	high	no	no_dis	N	same	hori	left	True	608202	609063	left	1	2	103
5	ccd	f	20	1	90	diamond	red	(533, 540)	high	dis	(724, 460)	N	same	hori	left	True	610163	610911	left	1	2	104
5	ccd	f	20	1	90	diamond	green	(533, 540)	high	no	no_dis	N	same	hori	left	True	611944	612599	left	1	2	105
5	ccd	f	20	1	90	diamond	green	(533, 540)	high	dis	(757, 540)	N	dif	vert	up	True	613722	614711	up	1	2	106
5	ccd	f	20	1	90	circle	red	(533, 540)	high	dis	(645, 428)	N	same	vert	up	True	615873	617431	up	1	2	107
5	ccd	f	20	1	90	diamond	green	(533, 540)	high	dis	(724, 619)	N	dif	vert	up	True	618472	619920	up	1	2	108
5	ccd	f	20	1	90	circle	red	(533, 540)	high	no	no_dis	N	same	vert	up	True	620925	621999	up	1	2	109
5	ccd	f	20	1	90	circle	green	(533, 540)	high	dis	(645, 652)	N	dif	hori	left	True	623049	623823	left	1	2	110
5	ccd	f	20	1	90	diamond	red	(533, 540)	high	dis	(565, 460)	N	dif	hori	left	True	624961	625775	left	1	2	111
5	ccd	f	20	1	90	circle	red	(533, 540)	high	dis	(757, 540)	N	dif	vert	up	True	626844	627663	up	1	2	112
5	ccd	f	20	1	90	diamond	red	(533, 540)	high	dis	(757, 540)	N	same	hori	left	True	628821	629608	left	1	2	113
5	ccd	f	20	1	90	circle	red	(533, 540)	high	no	no_dis	N	same	vert	up	True	630811	631735	up	1	2	114
5	ccd	f	20	1	90	circle	red	(565, 619)	low	dis	(533, 540)	Y	dif	vert	up	True	632847	633583	left	0	2	115
5	ccd	f	20	1	90	circle	green	(533, 540)	high	no	no_dis	N	same	hori	left	True	636205	637351	left	1	2	116
5	ccd	f	20	1	90	circle	red	(565, 460)	low	no	no_dis	N	same	hori	left	True	638428	639887	left	1	2	117
5	ccd	f	20	1	90	diamond	red	(533, 540)	high	dis	(645, 652)	N	dif	hori	left	True	641009	642655	left	1	2	118
5	ccd	f	20	1	90	circle	green	(533, 540)	high	dis	(565, 460)	N	dif	hori	left	True	643802	645752	left	1	2	119
5	ccd	f	20	1	90	diamond	green	(533, 540)	high	dis	(724, 619)	N	same	hori	left	True	646942	648199	left	1	2	120
5	ccd	f	20	1	90	circle	red	(533, 540)	high	dis	(645, 652)	N	dif	vert	up	True	681005	682055	up	1	3	1
5	ccd	f	20	1	90	circle	red	(533, 540)	high	no	no_dis	N	dif	hori	left	True	683278	684088	up	0	3	2
5	ccd	f	20	1	90	diamond	green	(645, 652)	low	no	no_dis	N	same	hori	left	True	686835	688280	left	1	3	3
5	ccd	f	20	1	90	diamond	red	(533, 540)	high	no	no_dis	N	same	hori	left	True	689525	690488	left	1	3	4
5	ccd	f	20	1	90	circle	red	(565, 619)	low	dis	(533, 540)	Y	dif	hori	left	True	691527	693055	left	1	3	5
5	ccd	f	20	1	90	circle	green	(533, 540)	high	no	no_dis	N	same	hori	left	True	694149	695167	left	1	3	6
5	ccd	f	20	1	90	diamond	red	(533, 540)	high	dis	(565, 460)	N	same	vert	up	True	696419	697935	up	1	3	7
5	ccd	f	20	1	90	circle	green	(533, 540)	high	dis	(724, 460)	N	dif	hori	left	True	699122	699999	left	1	3	8
5	ccd	f	20	1	90	circle	green	(533, 540)	high	dis	(645, 428)	N	same	vert	up	True	701249	702367	up	1	3	9
5	ccd	f	20	1	90	diamond	red	(533, 540)	high	dis	(645, 428)	N	dif	vert	up	True	703462	704495	up	1	3	10
5	ccd	f	20	1	90	diamond	red	(565, 460)	low	no	no_dis	N	dif	vert	up	True	705632	706839	left	0	3	11
5	ccd	f	20	1	90	diamond	red	(533, 540)	high	dis	(565, 460)	N	same	hori	left	True	709535	711063	left	1	3	12
5	ccd	f	20	1	90	circle	red	(533, 540)	high	dis	(724, 619)	N	same	hori	left	True	712299	713935	left	1	3	13
5	ccd	f	20	1	90	diamond	red	(533, 540)	high	dis	(565, 619)	N	dif	hori	left	True	714956	716679	left	1	3	14
5	ccd	f	20	1	90	diamond	red	(533, 540)	high	no	no_dis	N	dif	hori	left	True	717792	719448	left	1	3	15
5	ccd	f	20	1	90	circle	red	(533, 540)	high	dis	(565, 619)	N	dif	vert	up	True	720535	722207	up	1	3	16
5	ccd	f	20	1	90	diamond	green	(533, 540)	high	no	no_dis	N	same	vert	up	True	723399	724671	up	1	3	17
5	ccd	f	20	1	90	diamond	green	(533, 540)	high	dis	(757, 540)	N	same	vert	up	True	725809	727215	up	1	3	18
5	ccd	f	20	1	90	diamond	red	(533, 540)	high	dis	(565, 460)	N	same	hori	left	True	728327	730063	left	1	3	19
5	ccd	f	20	1	90	diamond	red	(645, 428)	low	dis	(533, 540)	Y	dif	vert	up	True	731225	732616	up	1	3	20
5	ccd	f	20	1	90	circle	red	(533, 540)	high	dis	(565, 619)	N	dif	hori	left	True	733618	735215	left	1	3	21
5	ccd	f	20	1	90	diamond	green	(533, 540)	high	dis	(645, 428)	N	same	vert	up	True	736303	737863	up	1	3	22
5	ccd	f	20	1	90	diamond	green	(533, 540)	high	no	no_dis	N	dif	vert	up	True	738882	740296	up	1	3	23
5	ccd	f	20	1	90	circle	red	(533, 540)	high	dis	(724, 619)	N	same	hori	left	True	741399	742663	left	1	3	24
5	ccd	f	20	1	90	diamond	red	(724, 619)	low	dis	(533, 540)	Y	same	hori	left	True	743876	745743	left	1	3	25
5	ccd	f	20	1	90	diamond	red	(533, 540)	high	dis	(565, 619)	N	same	vert	up	True	746990	748975	up	1	3	26
5	ccd	f	20	1	90	diamond	red	(533, 540)	high	no	no_dis	N	dif	vert	up	True	750078	751584	up	1	3	27
5	ccd	f	20	1	90	diamond	green	(533, 540)	high	dis	(724, 619)	N	dif	vert	up	True	752668	753935	up	1	3	28
5	ccd	f	20	1	90	circle	green	(533, 540)	high	no	no_dis	N	same	hori	left	True	755122	756359	left	1	3	29
5	ccd	f	20	1	90	diamond	red	(533, 540)	high	dis	(724, 619)	N	same	hori	left	True	757366	758695	left	1	3	30
5	ccd	f	20	1	90	diamond	red	(533, 540)	high	dis	(757, 540)	N	dif	vert	up	True	759744	761111	up	1	3	31
5	ccd	f	20	1	90	diamond	red	(533, 540)	high	no	no_dis	N	dif	hori	left	True	762310	763607	left	1	3	32
5	ccd	f	20	1	90	circle	red	(533, 540)	high	dis	(757, 540)	N	dif	vert	up	True	764645	765791	up	1	3	33
5	ccd	f	20	1	90	diamond	red	(533, 540)	high	dis	(724, 460)	N	same	hori	left	True	766828	769231	left	1	3	34
5	ccd	f	20	1	90	circle	red	(533, 540)	high	no	no_dis	N	same	vert	up	True	770394	772135	up	1	3	35
5	ccd	f	20	1	90	circle	red	(533, 540)	high	dis	(757, 540)	N	dif	vert	up	True	773242	774223	up	1	3	36
5	ccd	f	20	1	90	circle	red	(533, 540)	high	dis	(724, 460)	N	dif	hori	left	True	775427	776807	left	1	3	37
5	ccd	f	20	1	90	circle	green	(533, 540)	high	dis	(565, 619)	N	same	hori	left	True	777839	779127	left	1	3	38
5	ccd	f	20	1	90	diamond	red	(533, 540)	high	dis	(645, 652)	N	same	vert	up	True	780201	781735	up	1	3	39
5	ccd	f	20	1	90	diamond	red	(533, 540)	high	dis	(565, 619)	N	dif	vert	up	True	782855	784247	up	1	3	40
5	ccd	f	20	1	90	diamond	red	(533, 540)	high	dis	(565, 619)	N	same	hori	left	True	785296	786487	left	1	3	41
5	ccd	f	20	1	90	diamond	green	(533, 540)	high	dis	(757, 540)	N	dif	vert	up	True	787590	788647	up	1	3	42
5	ccd	f	20	1	90	diamond	green	(533, 540)	high	dis	(724, 460)	N	same	vert	up	True	789858	790975	up	1	3	43
5	ccd	f	20	1	90	diamond	red	(533, 540)	high	dis	(724, 619)	N	same	vert	up	True	791999	792943	up	1	3	44
5	ccd	f	20	1	90	circle	green	(533, 540)	high	dis	(645, 652)	N	same	vert	up	True	794183	795343	up	1	3	45
5	ccd	f	20	1	90	circle	green	(533, 540)	high	no	no_dis	N	dif	vert	up	True	796567	797367	up	1	3	46
5	ccd	f	20	1	90	circle	green	(533, 540)	high	no	no_dis	N	dif	vert	up	True	798387	799255	up	1	3	47
5	ccd	f	20	1	90	circle	red	(533, 540)	high	dis	(757, 540)	N	dif	hori	left	True	800381	801607	left	1	3	48
5	ccd	f	20	1	90	circle	red	(533, 540)	high	dis	(645, 652)	N	same	vert	up	True	802797	803815	up	1	3	49
5	ccd	f	20	1	90	diamond	red	(533, 540)	high	no	no_dis	N	same	vert	up	True	804955	806159	up	1	3	50
5	ccd	f	20	1	90	circle	green	(533, 540)	high	dis	(565, 619)	N	dif	hori	left	True	807281	808775	left	1	3	51
5	ccd	f	20	1	90	circle	green	(533, 540)	high	dis	(757, 540)	N	same	vert	up	True	810006	811703	up	1	3	52
5	ccd	f	20	1	90	diamond	red	(533, 540)	high	no	no_dis	N	same	vert	up	True	812717	813815	up	1	3	53
5	ccd	f	20	1	90	circle	red	(533, 540)	high	no	no_dis	N	same	vert	up	True	815056	816495	up	1	3	54
5	ccd	f	20	1	90	circle	red	(533, 540)	high	dis	(565, 460)	N	same	vert	up	True	817558	819294	up	1	3	55
5	ccd	f	20	1	90	circle	green	(533, 540)	high	dis	(645, 652)	N	dif	hori	left	True	820325	821942	left	1	3	56
5	ccd	f	20	1	90	diamond	green	(533, 540)	high	dis	(645, 652)	N	dif	hori	left	True	823126	824791	left	1	3	57
5	ccd	f	20	1	90	diamond	green	(533, 540)	high	no	no_dis	N	dif	hori	left	True	825816	826991	left	1	3	58
5	ccd	f	20	1	90	diamond	red	(533, 540)	high	dis	(724, 460)	N	same	hori	left	True	828086	829007	left	1	3	59
5	ccd	f	20	1	90	diamond	red	(533, 540)	high	no	no_dis	N	dif	hori	left	True	830017	830871	left	1	3	60
5	ccd	f	20	1	90	circle	green	(533, 540)	high	no	no_dis	N	same	hori	left	True	832061	833239	left	1	3	61
5	ccd	f	20	1	90	diamond	green	(533, 540)	high	no	no_dis	N	same	vert	up	True	834271	836031	up	1	3	62
5	ccd	f	20	1	90	circle	red	(724, 619)	low	no	no_dis	N	dif	hori	left	True	837208	838551	left	1	3	63
5	ccd	f	20	1	90	diamond	red	(533, 540)	high	dis	(724, 460)	N	same	vert	up	True	839794	841023	up	1	3	64
5	ccd	f	20	1	90	diamond	green	(533, 540)	high	dis	(724, 619)	N	same	hori	left	True	842247	843703	left	1	3	65
5	ccd	f	20	1	90	diamond	green	(533, 540)	high	dis	(724, 460)	N	dif	hori	left	True	844822	846207	left	1	3	66
5	ccd	f	20	1	90	circle	red	(533, 540)	high	dis	(565, 460)	N	dif	vert	up	True	847450	849759	up	1	3	67
5	ccd	f	20	1	90	circle	green	(533, 540)	high	dis	(645, 428)	N	same	vert	up	True	850782	851759	up	1	3	68
5	ccd	f	20	1	90	diamond	green	(533, 540)	high	dis	(724, 619)	N	same	hori	left	True	853009	854047	left	1	3	69
5	ccd	f	20	1	90	circle	red	(533, 540)	high	dis	(645, 428)	N	same	hori	left	True	855097	856079	left	1	3	70
5	ccd	f	20	1	90	diamond	green	(645, 428)	low	dis	(533, 540)	Y	dif	vert	up	True	857312	858503	up	1	3	71
5	ccd	f	20	1	90	circle	green	(533, 540)	high	no	no_dis	N	same	hori	left	True	859631	860648	left	1	3	72
5	ccd	f	20	1	90	diamond	red	(533, 540)	high	dis	(724, 619)	N	dif	vert	up	True	861759	862647	up	1	3	73
5	ccd	f	20	1	90	diamond	green	(533, 540)	high	dis	(645, 428)	N	dif	hori	left	True	863750	864887	left	1	3	74
5	ccd	f	20	1	90	circle	red	(533, 540)	high	no	no_dis	N	dif	hori	left	True	865975	867071	left	1	3	75
5	ccd	f	20	1	90	diamond	green	(533, 540)	high	no	no_dis	N	dif	vert	up	True	868163	868975	up	1	3	76
5	ccd	f	20	1	90	diamond	green	(533, 540)	high	dis	(757, 540)	N	dif	hori	left	True	869993	870823	left	1	3	77
5	ccd	f	20	1	90	circle	red	(533, 540)	high	no	no_dis	N	same	hori	left	True	871852	872704	left	1	3	78
5	ccd	f	20	1	90	circle	red	(533, 540)	high	no	no_dis	N	same	hori	left	True	873860	874631	left	1	3	79
5	ccd	f	20	1	90	diamond	green	(533, 540)	high	no	no_dis	N	dif	hori	left	True	875697	876871	left	1	3	80
5	ccd	f	20	1	90	diamond	green	(533, 540)	high	dis	(724, 460)	N	dif	vert	up	True	877887	879151	up	1	3	81
5	ccd	f	20	1	90	circle	red	(757, 540)	low	dis	(533, 540)	Y	dif	hori	left	True	880356	882071	left	1	3	82
5	ccd	f	20	1	90	circle	green	(533, 540)	high	dis	(565, 619)	N	same	vert	up	True	883181	884791	up	1	3	83
5	ccd	f	20	1	90	diamond	green	(533, 540)	high	dis	(645, 428)	N	dif	hori	left	True	885892	887728	left	1	3	84
5	ccd	f	20	1	90	circle	green	(533, 540)	high	no	no_dis	N	dif	vert	up	True	888745	889855	up	1	3	85
5	ccd	f	20	1	90	circle	green	(533, 540)	high	no	no_dis	N	dif	hori	left	True	890876	891919	left	1	3	86
5	ccd	f	20	1	90	circle	green	(724, 460)	low	dis	(533, 540)	Y	same	vert	up	True	893165	894631	up	1	3	87
5	ccd	f	20	1	90	circle	green	(533, 540)	high	dis	(565, 460)	N	dif	hori	left	True	895838	898118	left	1	3	88
5	ccd	f	20	1	90	circle	green	(533, 540)	high	dis	(645, 428)	N	dif	vert	up	True	899277	902015	up	1	3	89
5	ccd	f	20	1	90	diamond	green	(533, 540)	high	dis	(724, 460)	N	dif	vert	up	True	903223	905671	up	1	3	90
5	ccd	f	20	1	90	circle	red	(533, 540)	high	dis	(645, 652)	N	same	hori	left	True	906816	908342	left	1	3	91
5	ccd	f	20	1	90	diamond	green	(533, 540)	high	no	no_dis	N	same	vert	up	True	909442	910991	up	1	3	92
5	ccd	f	20	1	90	circle	green	(533, 540)	high	dis	(645, 652)	N	same	hori	left	True	912122	913759	left	1	3	93
5	ccd	f	20	1	90	circle	green	(533, 540)	high	dis	(645, 652)	N	same	hori	left	True	914951	916183	left	1	3	94
5	ccd	f	20	1	90	circle	red	(533, 540)	high	dis	(757, 540)	N	dif	hori	left	True	917252	918631	left	1	3	95
5	ccd	f	20	1	90	circle	green	(533, 540)	high	dis	(724, 619)	N	same	vert	up	True	919635	921774	up	1	3	96
5	ccd	f	20	1	90	diamond	green	(533, 540)	high	dis	(565, 619)	N	dif	hori	left	True	922987	924351	left	1	3	97
5	ccd	f	20	1	90	diamond	green	(533, 540)	high	no	no_dis	N	same	hori	left	True	925565	926583	left	1	3	98
5	ccd	f	20	1	90	circle	red	(533, 540)	high	no	no_dis	N	same	vert	up	True	927777	929487	up	1	3	99
5	ccd	f	20	1	90	diamond	red	(533, 540)	high	no	no_dis	N	dif	vert	up	True	930576	931607	up	1	3	100
5	ccd	f	20	1	90	diamond	green	(565, 460)	low	dis	(533, 540)	Y	same	vert	up	True	932748	934607	up	1	3	101
5	ccd	f	20	1	90	circle	green	(533, 540)	high	dis	(757, 540)	N	dif	vert	up	True	935855	937343	up	1	3	102
5	ccd	f	20	1	90	diamond	green	(533, 540)	high	dis	(645, 652)	N	dif	hori	left	True	938374	939759	left	1	3	103
5	ccd	f	20	1	90	circle	red	(533, 540)	high	no	no_dis	N	dif	vert	up	True	940908	941951	up	1	3	104
5	ccd	f	20	1	90	diamond	green	(533, 540)	high	dis	(565, 460)	N	same	hori	left	True	942975	944510	left	1	3	105
5	ccd	f	20	1	90	circle	green	(533, 540)	high	dis	(645, 428)	N	same	vert	up	True	945591	947367	up	1	3	106
5	ccd	f	20	1	90	circle	green	(645, 652)	low	dis	(533, 540)	Y	same	hori	left	True	948378	949678	left	1	3	107
5	ccd	f	20	1	90	circle	red	(533, 540)	high	dis	(565, 460)	N	same	vert	up	True	950726	952048	up	1	3	108
5	ccd	f	20	1	90	diamond	green	(533, 540)	high	dis	(757, 540)	N	dif	vert	up	True	953285	955734	up	1	3	109
5	ccd	f	20	1	90	circle	green	(533, 540)	high	no	no_dis	N	same	hori	left	True	956957	957816	left	1	3	110
5	ccd	f	20	1	90	diamond	red	(533, 540)	high	dis	(565, 460)	N	dif	hori	left	True	958963	960023	left	1	3	111
5	ccd	f	20	1	90	diamond	green	(533, 540)	high	no	no_dis	N	dif	vert	up	True	961047	962215	up	1	3	112
5	ccd	f	20	1	90	circle	green	(533, 540)	high	dis	(724, 460)	N	same	hori	left	True	963253	964558	left	1	3	113
5	ccd	f	20	1	90	diamond	red	(533, 540)	high	no	no_dis	N	dif	hori	left	True	965736	966503	left	1	3	114
5	ccd	f	20	1	90	diamond	red	(533, 540)	high	dis	(565, 460)	N	dif	vert	up	True	967653	968718	up	1	3	115
5	ccd	f	20	1	90	circle	red	(533, 540)	high	no	no_dis	N	same	vert	up	True	969909	971335	up	1	3	116
5	ccd	f	20	1	90	circle	green	(724, 460)	low	no	no_dis	N	same	vert	up	True	972520	973999	up	1	3	117
5	ccd	f	20	1	90	circle	green	(533, 540)	high	dis	(724, 619)	N	same	hori	left	True	975201	976791	left	1	3	118
5	ccd	f	20	1	90	circle	red	(533, 540)	high	dis	(645, 428)	N	dif	hori	left	True	977995	979310	left	1	3	119
5	ccd	f	20	1	90	circle	red	(533, 540)	high	dis	(724, 460)	N	dif	vert	up	True	980538	981398	up	1	3	120
5	ccd	f	20	1	90	circle	red	(533, 540)	high	dis	(724, 460)	N	dif	hori	left	True	1016645	1018007	left	1	4	1
5	ccd	f	20	1	90	circle	green	(645, 652)	low	dis	(533, 540)	Y	same	hori	left	True	1019084	1020543	left	1	4	2
5	ccd	f	20	1	90	circle	red	(533, 540)	high	dis	(724, 619)	N	dif	hori	left	True	1021781	1022662	left	1	4	3
5	ccd	f	20	1	90	diamond	green	(533, 540)	high	dis	(565, 460)	N	dif	hori	left	True	1023911	1025431	left	1	4	4
5	ccd	f	20	1	90	circle	green	(533, 540)	high	dis	(757, 540)	N	same	vert	up	True	1026586	1027727	up	1	4	5
5	ccd	f	20	1	90	diamond	red	(533, 540)	high	dis	(645, 428)	N	same	hori	left	True	1028781	1029742	left	1	4	6
5	ccd	f	20	1	90	circle	green	(533, 540)	high	dis	(724, 460)	N	dif	vert	up	True	1030820	1031863	up	1	4	7
5	ccd	f	20	1	90	diamond	green	(533, 540)	high	no	no_dis	N	same	hori	left	True	1032920	1033950	left	1	4	8
5	ccd	f	20	1	90	diamond	red	(533, 540)	high	dis	(565, 460)	N	same	hori	left	True	1035177	1036143	left	1	4	9
5	ccd	f	20	1	90	diamond	green	(533, 540)	high	dis	(757, 540)	N	dif	vert	up	True	1037356	1038214	up	1	4	10
5	ccd	f	20	1	90	circle	red	(533, 540)	high	dis	(565, 619)	N	same	vert	up	True	1039436	1040790	up	1	4	11
5	ccd	f	20	1	90	diamond	red	(533, 540)	high	no	no_dis	N	dif	hori	left	True	1041961	1042950	left	1	4	12
5	ccd	f	20	1	90	diamond	green	(533, 540)	high	dis	(565, 619)	N	same	hori	left	True	1044026	1045686	left	1	4	13
5	ccd	f	20	1	90	diamond	green	(533, 540)	high	dis	(724, 619)	N	same	hori	left	True	1046850	1047982	left	1	4	14
5	ccd	f	20	1	90	circle	red	(533, 540)	high	dis	(645, 428)	N	dif	hori	left	True	1049078	1050542	left	1	4	15
5	ccd	f	20	1	90	circle	green	(533, 540)	high	dis	(645, 652)	N	same	hori	left	True	1051722	1053031	left	1	4	16
5	ccd	f	20	1	90	circle	green	(533, 540)	high	no	no_dis	N	dif	hori	left	True	1054110	1055070	left	1	4	17
5	ccd	f	20	1	90	circle	green	(533, 540)	high	dis	(565, 619)	N	same	hori	left	True	1056105	1057326	left	1	4	18
5	ccd	f	20	1	90	circle	green	(533, 540)	high	dis	(757, 540)	N	dif	hori	left	True	1058518	1059319	left	1	4	19
5	ccd	f	20	1	90	diamond	green	(533, 540)	high	dis	(645, 428)	N	same	vert	up	True	1060474	1061703	up	1	4	20
5	ccd	f	20	1	90	circle	green	(533, 540)	high	dis	(645, 428)	N	dif	vert	up	True	1062834	1063791	up	1	4	21
5	ccd	f	20	1	90	circle	green	(533, 540)	high	dis	(645, 428)	N	same	hori	left	True	1064834	1065830	left	1	4	22
5	ccd	f	20	1	90	diamond	red	(533, 540)	high	dis	(645, 652)	N	dif	vert	up	True	1066901	1067798	up	1	4	23
5	ccd	f	20	1	90	circle	red	(533, 540)	high	dis	(645, 652)	N	same	vert	up	True	1069031	1069926	up	1	4	24
5	ccd	f	20	1	90	circle	green	(533, 540)	high	no	no_dis	N	same	hori	left	True	1070985	1072127	left	1	4	25
5	ccd	f	20	1	90	diamond	red	(533, 540)	high	dis	(724, 460)	N	dif	vert	up	True	1073376	1074366	up	1	4	26
5	ccd	f	20	1	90	circle	green	(533, 540)	high	no	no_dis	N	dif	vert	up	True	1075539	1076518	up	1	4	27
5	ccd	f	20	1	90	circle	red	(757, 540)	low	dis	(533, 540)	Y	same	vert	up	True	1077642	1079247	up	1	4	28
5	ccd	f	20	1	90	diamond	green	(533, 540)	high	no	no_dis	N	same	hori	left	True	1080407	1081543	left	1	4	29
5	ccd	f	20	1	90	diamond	red	(533, 540)	high	no	no_dis	N	dif	vert	up	True	1082605	1083758	up	1	4	30
5	ccd	f	20	1	90	circle	green	(533, 540)	high	no	no_dis	N	dif	hori	left	True	1084910	1086118	left	1	4	31
5	ccd	f	20	1	90	diamond	green	(533, 540)	high	dis	(757, 540)	N	same	hori	left	True	1087227	1088422	left	1	4	32
5	ccd	f	20	1	90	diamond	red	(645, 428)	low	dis	(533, 540)	Y	dif	hori	left	True	1089646	1091310	left	1	4	33
5	ccd	f	20	1	90	diamond	green	(533, 540)	high	no	no_dis	N	same	vert	up	True	1092499	1093414	up	1	4	34
5	ccd	f	20	1	90	circle	green	(533, 540)	high	dis	(645, 428)	N	same	hori	left	True	1094534	1096190	left	1	4	35
5	ccd	f	20	1	90	circle	green	(533, 540)	high	dis	(645, 652)	N	dif	hori	left	True	1097226	1098327	left	1	4	36
5	ccd	f	20	1	90	circle	red	(533, 540)	high	no	no_dis	N	same	hori	left	True	1099464	1100398	left	1	4	37
5	ccd	f	20	1	90	circle	red	(533, 540)	high	dis	(724, 460)	N	dif	hori	left	True	1101627	1102454	left	1	4	38
5	ccd	f	20	1	90	circle	red	(533, 540)	high	dis	(757, 540)	N	same	vert	up	True	1103574	1104838	up	1	4	39
5	ccd	f	20	1	90	diamond	green	(533, 540)	high	dis	(645, 428)	N	same	vert	up	True	1105879	1107070	up	1	4	40
5	ccd	f	20	1	90	circle	green	(533, 540)	high	dis	(645, 652)	N	dif	vert	up	True	1108285	1109439	up	1	4	41
5	ccd	f	20	1	90	diamond	red	(533, 540)	high	no	no_dis	N	same	hori	left	True	1110630	1111798	left	1	4	42
5	ccd	f	20	1	90	circle	red	(533, 540)	high	no	no_dis	N	same	vert	up	True	1113033	1114279	up	1	4	43
5	ccd	f	20	1	90	circle	red	(565, 619)	low	dis	(533, 540)	Y	dif	hori	left	True	1115474	1117870	left	1	4	44
5	ccd	f	20	1	90	circle	green	(533, 540)	high	dis	(565, 460)	N	dif	hori	left	True	1119016	1120263	left	1	4	45
5	ccd	f	20	1	90	circle	green	(533, 540)	high	no	no_dis	N	dif	hori	left	True	1121266	1122414	left	1	4	46
5	ccd	f	20	1	90	diamond	red	(533, 540)	high	dis	(645, 652)	N	dif	hori	left	True	1123575	1124695	left	1	4	47
5	ccd	f	20	1	90	diamond	green	(533, 540)	high	no	no_dis	N	dif	vert	up	True	1125734	1126702	up	1	4	48
5	ccd	f	20	1	90	circle	green	(533, 540)	high	no	no_dis	N	same	vert	up	True	1127910	1128879	up	1	4	49
5	ccd	f	20	1	90	circle	red	(533, 540)	high	dis	(565, 619)	N	dif	hori	left	True	1129974	1131559	left	1	4	50
5	ccd	f	20	1	90	circle	green	(533, 540)	high	dis	(645, 428)	N	same	vert	up	True	1132750	1133734	up	1	4	51
5	ccd	f	20	1	90	circle	red	(533, 540)	high	dis	(565, 619)	N	dif	vert	up	True	1134899	1136278	up	1	4	52
5	ccd	f	20	1	90	circle	green	(533, 540)	high	no	no_dis	N	dif	vert	up	True	1137386	1138942	up	1	4	53
5	ccd	f	20	1	90	circle	green	(533, 540)	high	dis	(724, 619)	N	dif	vert	up	True	1140022	1141222	up	1	4	54
5	ccd	f	20	1	90	diamond	green	(645, 652)	low	no	no_dis	N	dif	hori	left	True	1142426	1144319	left	1	4	55
5	ccd	f	20	1	90	diamond	green	(724, 460)	low	dis	(533, 540)	Y	same	hori	left	True	1145336	1147014	left	1	4	56
5	ccd	f	20	1	90	circle	green	(533, 540)	high	dis	(565, 460)	N	dif	hori	left	True	1148106	1149750	left	1	4	57
5	ccd	f	20	1	90	circle	red	(533, 540)	high	dis	(565, 619)	N	dif	hori	left	True	1150858	1152094	left	1	4	58
5	ccd	f	20	1	90	diamond	green	(533, 540)	high	dis	(645, 428)	N	dif	vert	up	True	1153242	1154790	up	1	4	59
5	ccd	f	20	1	90	diamond	red	(533, 540)	high	dis	(645, 652)	N	dif	vert	up	True	1155801	1156830	up	1	4	60
5	ccd	f	20	1	90	diamond	green	(533, 540)	high	dis	(565, 619)	N	same	vert	up	True	1157869	1159030	up	1	4	61
5	ccd	f	20	1	90	circle	red	(533, 540)	high	no	no_dis	N	same	hori	left	True	1160269	1161703	left	1	4	62
5	ccd	f	20	1	90	circle	green	(533, 540)	high	no	no_dis	N	dif	vert	up	True	1162863	1164086	up	1	4	63
5	ccd	f	20	1	90	circle	green	(724, 460)	low	dis	(533, 540)	Y	dif	vert	up	True	1165198	1166622	up	1	4	64
5	ccd	f	20	1	90	circle	red	(533, 540)	high	dis	(565, 460)	N	dif	vert	up	True	1167820	1168903	up	1	4	65
5	ccd	f	20	1	90	diamond	green	(533, 540)	high	dis	(565, 619)	N	same	hori	left	True	1170113	1171486	left	1	4	66
5	ccd	f	20	1	90	circle	red	(533, 540)	high	dis	(724, 619)	N	same	vert	up	True	1172539	1173959	up	1	4	67
5	ccd	f	20	1	90	diamond	green	(533, 540)	high	no	no_dis	N	same	vert	up	True	1174971	1176486	up	1	4	68
5	ccd	f	20	1	90	diamond	green	(533, 540)	high	dis	(724, 460)	N	dif	hori	left	True	1177528	1178878	left	1	4	69
5	ccd	f	20	1	90	diamond	red	(533, 540)	high	no	no_dis	N	same	hori	left	True	1180033	1181542	left	1	4	70
5	ccd	f	20	1	90	diamond	red	(533, 540)	high	no	no_dis	N	same	vert	up	True	1182600	1183815	up	1	4	71
5	ccd	f	20	1	90	diamond	green	(533, 540)	high	dis	(724, 460)	N	dif	hori	left	True	1184883	1185831	left	1	4	72
5	ccd	f	20	1	90	circle	green	(533, 540)	high	no	no_dis	N	dif	vert	up	True	1187068	1188046	up	1	4	73
5	ccd	f	20	1	90	diamond	red	(533, 540)	high	dis	(724, 619)	N	same	vert	up	True	1189131	1190358	up	1	4	74
5	ccd	f	20	1	90	diamond	green	(533, 540)	high	no	no_dis	N	same	vert	up	True	1191459	1192535	up	1	4	75
5	ccd	f	20	1	90	circle	red	(533, 540)	high	dis	(724, 619)	N	dif	hori	left	True	1193611	1194934	left	1	4	76
5	ccd	f	20	1	90	circle	red	(533, 540)	high	dis	(645, 652)	N	dif	hori	left	True	1196152	1197382	left	1	4	77
5	ccd	f	20	1	90	circle	green	(533, 540)	high	dis	(724, 460)	N	same	vert	up	True	1198547	1199838	up	1	4	78
5	ccd	f	20	1	90	circle	red	(533, 540)	high	no	no_dis	N	dif	vert	up	True	1201077	1201919	up	1	4	79
5	ccd	f	20	1	90	diamond	red	(533, 540)	high	dis	(565, 619)	N	same	vert	up	True	1203043	1204542	up	1	4	80
5	ccd	f	20	1	90	diamond	red	(533, 540)	high	dis	(565, 619)	N	same	vert	up	True	1205703	1207070	up	1	4	81
5	ccd	f	20	1	90	diamond	green	(533, 540)	high	dis	(565, 460)	N	same	hori	left	True	1208275	1209671	left	1	4	82
5	ccd	f	20	1	90	diamond	green	(565, 460)	low	dis	(533, 540)	Y	same	vert	up	True	1210747	1212374	up	1	4	83
5	ccd	f	20	1	90	diamond	green	(533, 540)	high	dis	(565, 460)	N	dif	hori	left	True	1213468	1214903	left	1	4	84
5	ccd	f	20	1	90	diamond	red	(724, 619)	low	dis	(533, 540)	Y	dif	vert	up	True	1216136	1217926	up	1	4	85
5	ccd	f	20	1	90	diamond	red	(533, 540)	high	no	no_dis	N	same	hori	left	True	1219130	1220487	left	1	4	86
5	ccd	f	20	1	90	diamond	red	(533, 540)	high	no	no_dis	N	same	vert	up	True	1221524	1223134	up	1	4	87
5	ccd	f	20	1	90	circle	green	(533, 540)	high	dis	(757, 540)	N	same	vert	up	True	1224332	1226246	up	1	4	88
5	ccd	f	20	1	90	diamond	red	(533, 540)	high	dis	(724, 619)	N	dif	vert	up	True	1227292	1228727	up	1	4	89
5	ccd	f	20	1	90	circle	green	(533, 540)	high	dis	(645, 652)	N	dif	vert	up	True	1229741	1231414	up	1	4	90
5	ccd	f	20	1	90	diamond	red	(533, 540)	high	dis	(724, 619)	N	same	vert	up	True	1232657	1234231	up	1	4	91
5	ccd	f	20	1	90	circle	red	(533, 540)	high	no	no_dis	N	same	vert	up	True	1235482	1236846	up	1	4	92
5	ccd	f	20	1	90	circle	red	(533, 540)	high	no	no_dis	N	same	vert	up	True	1237971	1238911	up	1	4	93
5	ccd	f	20	1	90	diamond	red	(533, 540)	high	dis	(724, 460)	N	dif	vert	up	True	1240134	1241102	up	1	4	94
5	ccd	f	20	1	90	circle	red	(533, 540)	high	dis	(645, 652)	N	dif	hori	left	True	1242167	1243238	left	1	4	95
5	ccd	f	20	1	90	diamond	red	(645, 428)	low	no	no_dis	N	dif	vert	up	True	1244455	1245454	up	1	4	96
5	ccd	f	20	1	90	circle	red	(533, 540)	high	dis	(724, 619)	N	same	hori	left	True	1246614	1247966	left	1	4	97
5	ccd	f	20	1	90	diamond	green	(533, 540)	high	dis	(757, 540)	N	same	hori	left	True	1249071	1250343	left	1	4	98
5	ccd	f	20	1	90	circle	green	(724, 619)	low	no	no_dis	N	same	hori	left	True	1251380	1252742	left	1	4	99
5	ccd	f	20	1	90	diamond	red	(533, 540)	high	dis	(757, 540)	N	same	vert	up	True	1253842	1255663	up	1	4	100
5	ccd	f	20	1	90	diamond	green	(533, 540)	high	no	no_dis	N	dif	hori	left	True	1256736	1257998	left	1	4	101
5	ccd	f	20	1	90	diamond	red	(533, 540)	high	no	no_dis	N	dif	hori	left	True	1259074	1260470	left	1	4	102
5	ccd	f	20	1	90	diamond	green	(533, 540)	high	no	no_dis	N	dif	hori	left	True	1261477	1262239	left	1	4	103
5	ccd	f	20	1	90	circle	red	(724, 460)	low	no	no_dis	N	same	vert	up	True	1263407	1265855	up	1	4	104
5	ccd	f	20	1	90	diamond	green	(533, 540)	high	no	no_dis	N	same	hori	left	True	1266952	1268390	left	1	4	105
5	ccd	f	20	1	90	circle	red	(533, 540)	high	no	no_dis	N	dif	hori	left	True	1269594	1271174	left	1	4	106
5	ccd	f	20	1	90	circle	red	(533, 540)	high	no	no_dis	N	dif	hori	left	True	1272391	1273430	left	1	4	107
5	ccd	f	20	1	90	diamond	green	(533, 540)	high	dis	(645, 428)	N	same	hori	left	True	1274521	1276190	left	1	4	108
5	ccd	f	20	1	90	circle	red	(533, 540)	high	dis	(757, 540)	N	dif	vert	up	True	1277308	1278534	up	1	4	109
5	ccd	f	20	1	90	circle	green	(533, 540)	high	dis	(645, 428)	N	same	hori	left	True	1279542	1280599	left	1	4	110
5	ccd	f	20	1	90	diamond	green	(533, 540)	high	dis	(757, 540)	N	same	vert	up	True	1281615	1282719	up	1	4	111
5	ccd	f	20	1	90	circle	red	(533, 540)	high	dis	(565, 460)	N	dif	vert	up	True	1283731	1285398	up	1	4	112
5	ccd	f	20	1	90	diamond	red	(533, 540)	high	dis	(724, 460)	N	same	hori	left	True	1286557	1287510	left	1	4	113
5	ccd	f	20	1	90	diamond	red	(533, 540)	high	no	no_dis	N	dif	vert	up	True	1288547	1289767	up	1	4	114
5	ccd	f	20	1	90	diamond	red	(533, 540)	high	dis	(724, 619)	N	dif	vert	up	True	1290941	1291711	up	1	4	115
5	ccd	f	20	1	90	diamond	red	(533, 540)	high	dis	(565, 460)	N	same	vert	up	True	1292737	1293638	up	1	4	116
5	ccd	f	20	1	90	diamond	red	(533, 540)	high	dis	(565, 460)	N	dif	vert	up	True	1294840	1295582	up	1	4	117
5	ccd	f	20	1	90	diamond	red	(533, 540)	high	dis	(565, 619)	N	same	hori	left	True	1296804	1297966	up	0	4	118
5	ccd	f	20	1	90	circle	red	(533, 540)	high	no	no_dis	N	dif	vert	up	True	1300517	1301462	up	1	4	119
5	ccd	f	20	1	90	diamond	green	(533, 540)	high	dis	(724, 460)	N	same	hori	left	True	1302499	1303518	left	1	4	120
5	ccd	f	20	1	90	circle	red	(533, 540)	high	dis	(724, 619)	N	dif	vert	up	True	1336612	1337862	up	1	5	1
5	ccd	f	20	1	90	diamond	green	(533, 540)	high	dis	(645, 428)	N	dif	hori	left	True	1339077	1339894	left	1	5	2
5	ccd	f	20	1	90	diamond	red	(533, 540)	high	dis	(565, 619)	N	dif	hori	left	True	1341048	1342022	left	1	5	3
5	ccd	f	20	1	90	diamond	green	(533, 540)	high	dis	(757, 540)	N	dif	hori	left	True	1343273	1344062	left	1	5	4
5	ccd	f	20	1	90	diamond	green	(533, 540)	high	dis	(724, 619)	N	dif	vert	up	True	1345181	1346102	up	1	5	5
5	ccd	f	20	1	90	diamond	green	(533, 540)	high	dis	(724, 619)	N	dif	vert	up	True	1347109	1347974	up	1	5	6
5	ccd	f	20	1	90	circle	red	(533, 540)	high	dis	(724, 619)	N	same	hori	left	True	1349148	1350022	left	1	5	7
5	ccd	f	20	1	90	diamond	green	(533, 540)	high	dis	(565, 619)	N	same	hori	left	True	1351047	1351894	left	1	5	8
5	ccd	f	20	1	90	circle	green	(533, 540)	high	dis	(645, 652)	N	dif	hori	left	True	1353136	1354174	up	0	5	9
5	ccd	f	20	1	90	circle	green	(533, 540)	high	dis	(565, 460)	N	dif	vert	up	True	1356796	1358022	up	1	5	10
5	ccd	f	20	1	90	circle	green	(533, 540)	high	no	no_dis	N	dif	vert	up	True	1359264	1360062	up	1	5	11
5	ccd	f	20	1	90	circle	green	(533, 540)	high	dis	(565, 460)	N	dif	hori	left	True	1361216	1362238	left	1	5	12
5	ccd	f	20	1	90	diamond	red	(533, 540)	high	no	no_dis	N	dif	hori	left	True	1363397	1364662	left	1	5	13
5	ccd	f	20	1	90	diamond	red	(533, 540)	high	dis	(757, 540)	N	dif	hori	left	True	1365883	1366830	left	1	5	14
5	ccd	f	20	1	90	diamond	green	(533, 540)	high	dis	(724, 460)	N	same	vert	up	True	1367854	1368862	up	1	5	15
5	ccd	f	20	1	90	circle	red	(533, 540)	high	dis	(565, 460)	N	same	hori	left	True	1369944	1371142	left	1	5	16
5	ccd	f	20	1	90	circle	green	(533, 540)	high	dis	(724, 460)	N	dif	vert	up	True	1372313	1373246	up	1	5	17
5	ccd	f	20	1	90	diamond	red	(533, 540)	high	dis	(645, 428)	N	same	vert	up	True	1374359	1375470	up	1	5	18
5	ccd	f	20	1	90	circle	red	(533, 540)	high	no	no_dis	N	dif	hori	left	True	1376655	1377438	left	1	5	19
5	ccd	f	20	1	90	diamond	red	(533, 540)	high	dis	(565, 619)	N	same	vert	up	True	1378558	1379743	up	1	5	20
5	ccd	f	20	1	90	diamond	green	(533, 540)	high	no	no_dis	N	same	hori	left	True	1380971	1382406	left	1	5	21
5	ccd	f	20	1	90	diamond	red	(533, 540)	high	dis	(724, 460)	N	same	hori	left	True	1383554	1384694	left	1	5	22
5	ccd	f	20	1	90	circle	green	(533, 540)	high	no	no_dis	N	same	hori	left	True	1385785	1387070	left	1	5	23
5	ccd	f	20	1	90	diamond	green	(533, 540)	high	no	no_dis	N	same	vert	up	True	1388147	1389367	up	1	5	24
5	ccd	f	20	1	90	circle	red	(533, 540)	high	no	no_dis	N	dif	vert	up	True	1390588	1391534	up	1	5	25
5	ccd	f	20	1	90	diamond	red	(533, 540)	high	no	no_dis	N	dif	vert	up	True	1392584	1393894	up	1	5	26
5	ccd	f	20	1	90	circle	green	(645, 652)	low	dis	(533, 540)	Y	dif	hori	left	True	1394998	1396518	left	1	5	27
5	ccd	f	20	1	90	diamond	green	(533, 540)	high	no	no_dis	N	same	vert	up	True	1397745	1399374	up	1	5	28
5	ccd	f	20	1	90	diamond	green	(533, 540)	high	dis	(645, 652)	N	same	hori	left	True	1400484	1401870	left	1	5	29
5	ccd	f	20	1	90	diamond	red	(645, 428)	low	dis	(533, 540)	Y	same	hori	left	False	1403015	None	None	0	5	30
5	ccd	f	20	1	90	diamond	red	(533, 540)	high	dis	(565, 619)	N	same	vert	up	True	1408663	1410087	up	1	5	31
5	ccd	f	20	1	90	diamond	red	(533, 540)	high	dis	(724, 460)	N	same	vert	up	True	1411144	1412127	up	1	5	32
5	ccd	f	20	1	90	circle	green	(533, 540)	high	dis	(724, 619)	N	dif	hori	left	True	1413224	1414062	left	1	5	33
5	ccd	f	20	1	90	diamond	red	(533, 540)	high	dis	(645, 652)	N	same	vert	up	True	1415090	1415934	up	1	5	34
5	ccd	f	20	1	90	circle	red	(533, 540)	high	dis	(645, 652)	N	same	hori	left	True	1416940	1418438	left	1	5	35
5	ccd	f	20	1	90	diamond	green	(533, 540)	high	dis	(565, 460)	N	dif	vert	up	True	1419651	1420822	up	1	5	36
5	ccd	f	20	1	90	circle	green	(533, 540)	high	dis	(724, 460)	N	same	vert	up	True	1421981	1423006	up	1	5	37
5	ccd	f	20	1	90	circle	green	(533, 540)	high	dis	(565, 619)	N	dif	vert	up	True	1424251	1425845	up	1	5	38
5	ccd	f	20	1	90	circle	red	(533, 540)	high	dis	(645, 428)	N	same	hori	left	True	1427059	1428270	left	1	5	39
5	ccd	f	20	1	90	diamond	green	(533, 540)	high	dis	(724, 619)	N	dif	vert	up	True	1429362	1430590	up	1	5	40
5	ccd	f	20	1	90	circle	green	(533, 540)	high	no	no_dis	N	same	vert	up	True	1431673	1432893	up	1	5	41
5	ccd	f	20	1	90	circle	green	(533, 540)	high	dis	(645, 652)	N	dif	hori	left	True	1433946	1434990	left	1	5	42
5	ccd	f	20	1	90	diamond	green	(533, 540)	high	no	no_dis	N	same	hori	left	True	1436206	1437317	left	1	5	43
5	ccd	f	20	1	90	diamond	red	(533, 540)	high	no	no_dis	N	same	hori	left	True	1438497	1439422	left	1	5	44
5	ccd	f	20	1	90	circle	red	(533, 540)	high	dis	(757, 540)	N	dif	vert	up	True	1440659	1441829	up	1	5	45
5	ccd	f	20	1	90	diamond	green	(533, 540)	high	dis	(565, 619)	N	same	vert	up	True	1442973	1444190	up	1	5	46
5	ccd	f	20	1	90	diamond	red	(533, 540)	high	dis	(645, 652)	N	same	hori	left	True	1445209	1446734	left	1	5	47
5	ccd	f	20	1	90	circle	red	(533, 540)	high	no	no_dis	N	same	hori	left	True	1447907	1448958	left	1	5	48
5	ccd	f	20	1	90	diamond	green	(533, 540)	high	dis	(757, 540)	N	same	hori	left	True	1450053	1451302	left	1	5	49
5	ccd	f	20	1	90	diamond	green	(533, 540)	high	no	no_dis	N	same	hori	left	True	1452394	1453598	left	1	5	50
5	ccd	f	20	1	90	circle	green	(533, 540)	high	dis	(724, 619)	N	same	vert	up	True	1454698	1455870	up	1	5	51
5	ccd	f	20	1	90	circle	red	(533, 540)	high	dis	(757, 540)	N	same	vert	up	True	1457109	1457950	up	1	5	52
5	ccd	f	20	1	90	diamond	red	(533, 540)	high	dis	(645, 428)	N	same	hori	left	True	1459151	1460413	left	1	5	53
5	ccd	f	20	1	90	circle	red	(533, 540)	high	dis	(757, 540)	N	same	hori	left	True	1461459	1462806	left	1	5	54
5	ccd	f	20	1	90	diamond	red	(533, 540)	high	no	no_dis	N	dif	vert	up	True	1463976	1465414	up	1	5	55
5	ccd	f	20	1	90	circle	red	(533, 540)	high	no	no_dis	N	same	hori	left	True	1466474	1467718	left	1	5	56
5	ccd	f	20	1	90	circle	green	(533, 540)	high	no	no_dis	N	same	hori	left	True	1468773	1469622	left	1	5	57
5	ccd	f	20	1	90	diamond	green	(533, 540)	high	dis	(565, 460)	N	same	hori	left	True	1470660	1472646	left	1	5	58
5	ccd	f	20	1	90	circle	green	(533, 540)	high	no	no_dis	N	same	vert	up	True	1473793	1475078	up	1	5	59
5	ccd	f	20	1	90	circle	red	(533, 540)	high	dis	(724, 460)	N	same	vert	up	True	1476156	1477654	up	1	5	60
5	ccd	f	20	1	90	circle	green	(724, 460)	low	dis	(533, 540)	Y	same	hori	left	True	1478751	1480118	left	1	5	61
5	ccd	f	20	1	90	circle	green	(533, 540)	high	no	no_dis	N	same	vert	up	True	1481362	1482782	up	1	5	62
5	ccd	f	20	1	90	diamond	red	(533, 540)	high	dis	(724, 460)	N	dif	vert	up	True	1483928	1485317	up	1	5	63
5	ccd	f	20	1	90	diamond	green	(533, 540)	high	dis	(645, 652)	N	dif	vert	up	True	1486515	1487677	up	1	5	64
5	ccd	f	20	1	90	circle	red	(533, 540)	high	no	no_dis	N	dif	vert	up	True	1488700	1489758	up	1	5	65
5	ccd	f	20	1	90	circle	green	(533, 540)	high	no	no_dis	N	dif	hori	left	True	1490959	1492022	left	1	5	66
5	ccd	f	20	1	90	circle	green	(533, 540)	high	dis	(565, 460)	N	dif	hori	left	True	1493165	1495142	left	1	5	67
5	ccd	f	20	1	90	circle	red	(533, 540)	high	dis	(645, 652)	N	dif	hori	left	True	1496196	1497221	left	1	5	68
5	ccd	f	20	1	90	diamond	green	(533, 540)	high	no	no_dis	N	dif	vert	up	True	1498349	1499518	up	1	5	69
5	ccd	f	20	1	90	diamond	red	(533, 540)	high	dis	(724, 460)	N	dif	vert	up	True	1500538	1501502	up	1	5	70
5	ccd	f	20	1	90	diamond	red	(724, 619)	low	dis	(533, 540)	Y	same	vert	up	True	1502603	1504189	up	1	5	71
5	ccd	f	20	1	90	diamond	red	(533, 540)	high	dis	(645, 652)	N	same	vert	up	True	1505424	1506334	up	1	5	72
5	ccd	f	20	1	90	circle	green	(533, 540)	high	dis	(565, 460)	N	same	hori	left	True	1507555	1509431	left	1	5	73
5	ccd	f	20	1	90	circle	red	(533, 540)	high	dis	(724, 619)	N	same	vert	up	True	1510440	1511653	up	1	5	74
5	ccd	f	20	1	90	diamond	green	(533, 540)	high	dis	(645, 428)	N	dif	vert	up	True	1512714	1513942	up	1	5	75
5	ccd	f	20	1	90	circle	green	(533, 540)	high	dis	(565, 460)	N	same	vert	up	True	1515042	1516133	up	1	5	76
5	ccd	f	20	1	90	circle	green	(533, 540)	high	no	no_dis	N	dif	hori	left	True	1517357	1518221	up	0	5	77
5	ccd	f	20	1	90	circle	red	(533, 540)	high	dis	(724, 619)	N	same	hori	left	True	1520787	1522261	left	1	5	78
5	ccd	f	20	1	90	circle	green	(533, 540)	high	dis	(565, 619)	N	dif	vert	up	True	1523287	1524677	up	1	5	79
5	ccd	f	20	1	90	circle	green	(533, 540)	high	dis	(757, 540)	N	same	hori	left	True	1525910	1526886	left	1	5	80
5	ccd	f	20	1	90	circle	red	(533, 540)	high	no	no_dis	N	dif	hori	left	True	1527989	1528837	left	1	5	81
5	ccd	f	20	1	90	circle	green	(533, 540)	high	dis	(645, 652)	N	same	vert	up	True	1529888	1530886	up	1	5	82
5	ccd	f	20	1	90	circle	green	(533, 540)	high	dis	(645, 428)	N	dif	hori	left	True	1532111	1532893	left	1	5	83
5	ccd	f	20	1	90	circle	red	(533, 540)	high	dis	(757, 540)	N	same	vert	up	True	1534068	1534862	up	1	5	84
5	ccd	f	20	1	90	diamond	red	(757, 540)	low	no	no_dis	N	dif	hori	left	True	1536028	1537470	left	1	5	85
5	ccd	f	20	1	90	diamond	green	(533, 540)	high	dis	(724, 619)	N	same	hori	left	True	1538718	1539781	left	1	5	86
5	ccd	f	20	1	90	circle	red	(533, 540)	high	dis	(724, 619)	N	dif	vert	up	True	1540824	1541765	up	1	5	87
5	ccd	f	20	1	90	circle	green	(724, 460)	low	no	no_dis	N	dif	vert	up	True	1542882	1544125	up	1	5	88
5	ccd	f	20	1	90	circle	red	(533, 540)	high	dis	(565, 619)	N	dif	hori	left	True	1545216	1546493	left	1	5	89
5	ccd	f	20	1	90	diamond	red	(533, 540)	high	dis	(757, 540)	N	same	hori	left	True	1547651	1548845	left	1	5	90
5	ccd	f	20	1	90	diamond	red	(533, 540)	high	no	no_dis	N	dif	vert	up	True	1549989	1550941	up	1	5	91
5	ccd	f	20	1	90	circle	red	(533, 540)	high	dis	(724, 460)	N	same	vert	up	True	1552109	1553477	up	1	5	92
5	ccd	f	20	1	90	diamond	red	(533, 540)	high	no	no_dis	N	same	vert	up	True	1554727	1556037	up	1	5	93
5	ccd	f	20	1	90	circle	red	(757, 540)	low	dis	(533, 540)	Y	same	vert	up	True	1557221	1558430	up	1	5	94
5	ccd	f	20	1	90	circle	green	(533, 540)	high	no	no_dis	N	same	vert	up	True	1559473	1560957	up	1	5	95
5	ccd	f	20	1	90	circle	green	(533, 540)	high	dis	(565, 619)	N	dif	hori	left	True	1562020	1563830	left	1	5	96
5	ccd	f	20	1	90	diamond	red	(533, 540)	high	dis	(645, 428)	N	dif	hori	left	True	1565064	1567174	left	1	5	97
5	ccd	f	20	1	90	circle	red	(645, 428)	low	no	no_dis	N	same	hori	left	True	1568291	1570510	left	1	5	98
5	ccd	f	20	1	90	diamond	green	(533, 540)	high	no	no_dis	N	dif	hori	left	True	1571522	1572894	left	1	5	99
5	ccd	f	20	1	90	diamond	green	(533, 540)	high	no	no_dis	N	dif	hori	left	True	1574105	1575205	left	1	5	100
5	ccd	f	20	1	90	circle	red	(533, 540)	high	no	no_dis	N	same	hori	left	True	1576413	1577998	left	1	5	101
5	ccd	f	20	1	90	diamond	green	(533, 540)	high	dis	(645, 428)	N	dif	hori	left	True	1579158	1580685	left	1	5	102
5	ccd	f	20	1	90	circle	red	(533, 540)	high	no	no_dis	N	same	vert	up	True	1581737	1583749	up	1	5	103
5	ccd	f	20	1	90	circle	green	(533, 540)	high	dis	(724, 460)	N	dif	hori	left	True	1584876	1585869	left	1	5	104
5	ccd	f	20	1	90	diamond	green	(533, 540)	high	no	no_dis	N	same	vert	up	True	1587010	1588246	up	1	5	105
5	ccd	f	20	1	90	diamond	red	(533, 540)	high	dis	(645, 428)	N	dif	vert	up	True	1589308	1590630	up	1	5	106
5	ccd	f	20	1	90	diamond	green	(533, 540)	high	dis	(565, 460)	N	same	hori	left	True	1591857	1593037	left	1	5	107
5	ccd	f	20	1	90	diamond	green	(533, 540)	high	dis	(565, 619)	N	dif	vert	up	True	1594111	1595102	up	1	5	108
5	ccd	f	20	1	90	diamond	green	(565, 460)	low	dis	(533, 540)	Y	dif	vert	up	True	1596337	1597805	left	0	5	109
5	ccd	f	20	1	90	circle	red	(533, 540)	high	dis	(757, 540)	N	dif	vert	up	True	1600465	1602093	up	1	5	110
5	ccd	f	20	1	90	diamond	red	(533, 540)	high	dis	(645, 652)	N	dif	hori	left	True	1603122	1604470	left	1	5	111
5	ccd	f	20	1	90	diamond	green	(565, 460)	low	no	no_dis	N	same	vert	up	True	1605720	1607726	up	1	5	112
5	ccd	f	20	1	90	diamond	green	(645, 428)	low	dis	(533, 540)	Y	dif	vert	up	True	1608838	1610158	up	1	5	113
5	ccd	f	20	1	90	diamond	red	(533, 540)	high	no	no_dis	N	dif	hori	left	True	1611186	1612645	left	1	5	114
5	ccd	f	20	1	90	circle	red	(533, 540)	high	dis	(565, 460)	N	dif	hori	left	True	1613813	1615621	left	1	5	115
5	ccd	f	20	1	90	diamond	red	(533, 540)	high	no	no_dis	N	dif	hori	left	True	1616645	1618029	left	1	5	116
5	ccd	f	20	1	90	diamond	red	(533, 540)	high	dis	(645, 428)	N	same	vert	up	True	1619127	1620214	up	1	5	117
5	ccd	f	20	1	90	circle	red	(533, 540)	high	no	no_dis	N	dif	vert	up	True	1621385	1623133	up	1	5	118
5	ccd	f	20	1	90	diamond	red	(533, 540)	high	no	no_dis	N	dif	vert	up	True	1624248	1625262	up	1	5	119
5	ccd	f	20	1	90	circle	red	(565, 619)	low	dis	(533, 540)	Y	dif	hori	left	True	1626494	1628406	left	1	5	120
5	ccd	f	20	1	90	circle	red	(533, 540)	high	no	no_dis	N	dif	vert	up	True	1663196	1664141	up	1	6	1
5	ccd	f	20	1	90	circle	green	(533, 540)	high	dis	(724, 619)	N	dif	hori	left	True	1665210	1666469	left	1	6	2
5	ccd	f	20	1	90	diamond	green	(533, 540)	high	dis	(645, 428)	N	same	hori	left	True	1667675	1668557	left	1	6	3
5	ccd	f	20	1	90	circle	red	(533, 540)	high	no	no_dis	N	same	vert	up	True	1669629	1670589	up	1	6	4
5	ccd	f	20	1	90	diamond	red	(533, 540)	high	no	no_dis	N	same	hori	left	True	1671775	1673157	left	1	6	5
5	ccd	f	20	1	90	circle	red	(533, 540)	high	dis	(565, 460)	N	same	hori	left	True	1674199	1675325	left	1	6	6
5	ccd	f	20	1	90	circle	red	(533, 540)	high	dis	(724, 619)	N	dif	hori	left	True	1676443	1677270	left	1	6	7
5	ccd	f	20	1	90	diamond	red	(533, 540)	high	dis	(565, 460)	N	dif	vert	up	True	1678401	1679309	up	1	6	8
5	ccd	f	20	1	90	diamond	green	(533, 540)	high	dis	(757, 540)	N	dif	hori	left	True	1680525	1681861	left	1	6	9
5	ccd	f	20	1	90	diamond	red	(533, 540)	high	no	no_dis	N	same	hori	left	True	1683007	1683677	left	1	6	10
5	ccd	f	20	1	90	diamond	red	(724, 460)	low	no	no_dis	N	dif	hori	left	True	1684741	1686150	left	1	6	11
5	ccd	f	20	1	90	circle	green	(533, 540)	high	dis	(645, 652)	N	same	vert	up	True	1687160	1688173	up	1	6	12
5	ccd	f	20	1	90	diamond	red	(533, 540)	high	dis	(724, 619)	N	same	hori	left	True	1689310	1690261	left	1	6	13
5	ccd	f	20	1	90	circle	red	(533, 540)	high	dis	(724, 619)	N	same	hori	left	True	1691446	1692694	left	1	6	14
5	ccd	f	20	1	90	circle	red	(533, 540)	high	dis	(645, 428)	N	same	hori	left	True	1693899	1695222	left	1	6	15
5	ccd	f	20	1	90	circle	red	(533, 540)	high	dis	(645, 428)	N	dif	hori	left	True	1696236	1697157	left	1	6	16
5	ccd	f	20	1	90	circle	green	(645, 652)	low	dis	(533, 540)	Y	dif	hori	left	True	1698161	1699606	left	1	6	17
5	ccd	f	20	1	90	circle	green	(533, 540)	high	no	no_dis	N	same	vert	up	True	1700842	1702150	up	1	6	18
5	ccd	f	20	1	90	diamond	red	(533, 540)	high	dis	(724, 460)	N	same	hori	left	True	1703332	1704765	left	1	6	19
5	ccd	f	20	1	90	diamond	green	(533, 540)	high	dis	(757, 540)	N	dif	vert	up	True	1705907	1707118	up	1	6	20
5	ccd	f	20	1	90	diamond	green	(533, 540)	high	no	no_dis	N	same	hori	left	True	1708232	1709757	left	1	6	21
5	ccd	f	20	1	90	circle	green	(533, 540)	high	dis	(565, 460)	N	same	vert	up	True	1710776	1713262	up	1	6	22
5	ccd	f	20	1	90	diamond	green	(533, 540)	high	dis	(724, 619)	N	dif	vert	up	True	1714504	1715845	up	1	6	23
5	ccd	f	20	1	90	diamond	green	(533, 540)	high	dis	(757, 540)	N	dif	vert	up	True	1716986	1718213	up	1	6	24
5	ccd	f	20	1	90	circle	green	(533, 540)	high	dis	(757, 540)	N	same	hori	left	True	1719352	1720277	left	1	6	25
5	ccd	f	20	1	90	diamond	green	(533, 540)	high	no	no_dis	N	same	vert	up	True	1721456	1722613	up	1	6	26
5	ccd	f	20	1	90	diamond	red	(533, 540)	high	dis	(724, 619)	N	dif	vert	up	True	1723630	1724365	up	1	6	27
5	ccd	f	20	1	90	circle	green	(757, 540)	low	no	no_dis	N	same	vert	up	True	1725401	1726677	up	1	6	28
5	ccd	f	20	1	90	circle	green	(533, 540)	high	dis	(645, 428)	N	same	vert	up	True	1727764	1729021	up	1	6	29
5	ccd	f	20	1	90	diamond	green	(533, 540)	high	dis	(645, 428)	N	dif	vert	up	True	1730158	1731477	up	1	6	30
5	ccd	f	20	1	90	circle	red	(533, 540)	high	dis	(645, 652)	N	dif	hori	left	True	1732533	1733462	left	1	6	31
5	ccd	f	20	1	90	circle	green	(533, 540)	high	no	no_dis	N	same	vert	up	True	1734598	1735582	up	1	6	32
5	ccd	f	20	1	90	diamond	red	(533, 540)	high	no	no_dis	N	same	hori	left	True	1736638	1738509	left	1	6	33
5	ccd	f	20	1	90	circle	red	(533, 540)	high	dis	(645, 652)	N	dif	vert	up	True	1739733	1741814	up	1	6	34
5	ccd	f	20	1	90	circle	red	(565, 619)	low	dis	(533, 540)	Y	same	vert	up	True	1743047	1744853	up	1	6	35
5	ccd	f	20	1	90	diamond	red	(533, 540)	high	no	no_dis	N	dif	vert	up	True	1746088	1747605	up	1	6	36
5	ccd	f	20	1	90	diamond	green	(533, 540)	high	dis	(645, 652)	N	dif	vert	up	True	1748777	1750589	up	1	6	37
5	ccd	f	20	1	90	diamond	green	(533, 540)	high	dis	(565, 619)	N	same	hori	left	True	1751593	1753301	left	1	6	38
5	ccd	f	20	1	90	circle	green	(533, 540)	high	no	no_dis	N	dif	hori	left	True	1754364	1755941	left	1	6	39
5	ccd	f	20	1	90	diamond	green	(533, 540)	high	dis	(724, 619)	N	same	vert	up	True	1757001	1758686	up	1	6	40
5	ccd	f	20	1	90	circle	red	(533, 540)	high	dis	(565, 619)	N	dif	hori	left	True	1759725	1761846	left	1	6	41
5	ccd	f	20	1	90	diamond	green	(533, 540)	high	dis	(565, 619)	N	same	hori	left	True	1763090	1764525	left	1	6	42
5	ccd	f	20	1	90	diamond	red	(533, 540)	high	dis	(724, 460)	N	same	vert	up	True	1765639	1766829	up	1	6	43
5	ccd	f	20	1	90	circle	green	(533, 540)	high	dis	(724, 619)	N	dif	hori	left	True	1767957	1769637	left	1	6	44
5	ccd	f	20	1	90	diamond	red	(533, 540)	high	dis	(645, 428)	N	dif	vert	up	True	1770683	1771917	up	1	6	45
5	ccd	f	20	1	90	diamond	green	(533, 540)	high	no	no_dis	N	dif	hori	left	True	1772934	1773885	left	1	6	46
5	ccd	f	20	1	90	diamond	red	(533, 540)	high	no	no_dis	N	same	hori	left	True	1774941	1776501	left	1	6	47
5	ccd	f	20	1	90	diamond	green	(533, 540)	high	no	no_dis	N	same	hori	left	True	1777529	1778757	left	1	6	48
5	ccd	f	20	1	90	circle	red	(533, 540)	high	no	no_dis	N	dif	hori	left	True	1779789	1781141	left	1	6	49
5	ccd	f	20	1	90	diamond	green	(724, 460)	low	dis	(533, 540)	Y	same	hori	left	True	1782325	1783757	left	1	6	50
5	ccd	f	20	1	90	circle	red	(533, 540)	high	no	no_dis	N	dif	vert	up	True	1784943	1785909	up	1	6	51
5	ccd	f	20	1	90	circle	red	(533, 540)	high	dis	(724, 460)	N	same	hori	left	True	1787035	1787886	left	1	6	52
5	ccd	f	20	1	90	circle	green	(533, 540)	high	no	no_dis	N	same	vert	up	True	1788995	1790277	up	1	6	53
5	ccd	f	20	1	90	circle	red	(533, 540)	high	dis	(645, 652)	N	same	vert	up	True	1791307	1792213	up	1	6	54
5	ccd	f	20	1	90	circle	green	(533, 540)	high	dis	(645, 428)	N	same	vert	up	True	1793369	1794237	up	1	6	55
5	ccd	f	20	1	90	circle	red	(533, 540)	high	no	no_dis	N	dif	hori	left	True	1795319	1796797	left	1	6	56
5	ccd	f	20	1	90	circle	green	(533, 540)	high	dis	(757, 540)	N	dif	vert	up	True	1798046	1799341	up	1	6	57
5	ccd	f	20	1	90	diamond	green	(533, 540)	high	no	no_dis	N	dif	vert	up	True	1800503	1801453	up	1	6	58
5	ccd	f	20	1	90	circle	green	(533, 540)	high	dis	(565, 619)	N	dif	hori	left	True	1802579	1803957	left	1	6	59
5	ccd	f	20	1	90	diamond	green	(533, 540)	high	dis	(645, 652)	N	same	vert	up	True	1805032	1806101	up	1	6	60
5	ccd	f	20	1	90	diamond	red	(724, 619)	low	dis	(533, 540)	Y	dif	vert	up	True	1807227	1808918	up	1	6	61
5	ccd	f	20	1	90	diamond	red	(533, 540)	high	no	no_dis	N	dif	hori	left	True	1810090	1811429	left	1	6	62
5	ccd	f	20	1	90	diamond	red	(533, 540)	high	no	no_dis	N	dif	vert	up	True	1812521	1813333	up	1	6	63
5	ccd	f	20	1	90	circle	green	(533, 540)	high	no	no_dis	N	same	hori	left	True	1814577	1815581	left	1	6	64
5	ccd	f	20	1	90	diamond	green	(533, 540)	high	dis	(565, 619)	N	dif	hori	left	True	1816688	1817725	left	1	6	65
5	ccd	f	20	1	90	circle	green	(724, 460)	low	dis	(533, 540)	Y	same	hori	left	True	1818877	1820973	left	1	6	66
5	ccd	f	20	1	90	circle	green	(533, 540)	high	no	no_dis	N	dif	hori	left	True	1822149	1823142	left	1	6	67
5	ccd	f	20	1	90	diamond	green	(533, 540)	high	dis	(757, 540)	N	dif	vert	up	True	1824350	1825422	up	1	6	68
5	ccd	f	20	1	90	circle	red	(533, 540)	high	no	no_dis	N	same	hori	left	True	1826520	1827589	left	1	6	69
5	ccd	f	20	1	90	circle	green	(533, 540)	high	dis	(565, 619)	N	dif	hori	left	True	1828784	1830437	left	1	6	70
5	ccd	f	20	1	90	circle	red	(533, 540)	high	dis	(757, 540)	N	dif	vert	up	True	1831630	1833014	up	1	6	71
5	ccd	f	20	1	90	diamond	red	(533, 540)	high	dis	(565, 460)	N	same	hori	left	True	1834122	1835541	left	1	6	72
5	ccd	f	20	1	90	circle	red	(533, 540)	high	dis	(757, 540)	N	same	vert	up	True	1836585	1837573	up	1	6	73
5	ccd	f	20	1	90	circle	red	(533, 540)	high	dis	(724, 460)	N	dif	vert	up	True	1838622	1839661	up	1	6	74
5	ccd	f	20	1	90	diamond	red	(533, 540)	high	dis	(724, 460)	N	same	vert	up	True	1840866	1842101	up	1	6	75
5	ccd	f	20	1	90	diamond	green	(533, 540)	high	no	no_dis	N	same	vert	up	True	1843211	1844253	up	1	6	76
5	ccd	f	20	1	90	circle	red	(533, 540)	high	no	no_dis	N	dif	vert	up	True	1845372	1846541	up	1	6	77
5	ccd	f	20	1	90	circle	red	(757, 540)	low	dis	(533, 540)	Y	dif	hori	left	True	1847701	1848957	left	1	6	78
5	ccd	f	20	1	90	diamond	red	(533, 540)	high	dis	(724, 460)	N	same	hori	left	True	1850147	1851382	left	1	6	79
5	ccd	f	20	1	90	diamond	green	(533, 540)	high	no	no_dis	N	same	vert	up	True	1852578	1853709	up	1	6	80
5	ccd	f	20	1	90	circle	red	(533, 540)	high	no	no_dis	N	dif	hori	left	True	1854955	1855813	left	1	6	81
5	ccd	f	20	1	90	diamond	green	(533, 540)	high	no	no_dis	N	dif	vert	up	True	1856903	1857821	up	1	6	82
5	ccd	f	20	1	90	diamond	red	(533, 540)	high	dis	(565, 619)	N	same	vert	up	True	1858874	1860293	up	1	6	83
5	ccd	f	20	1	90	circle	green	(533, 540)	high	dis	(565, 460)	N	same	hori	left	True	1861529	1863133	left	1	6	84
5	ccd	f	20	1	90	circle	green	(533, 540)	high	no	no_dis	N	dif	vert	up	True	1864368	1865709	up	1	6	85
5	ccd	f	20	1	90	circle	red	(533, 540)	high	dis	(724, 619)	N	dif	hori	left	True	1866954	1868197	left	1	6	86
5	ccd	f	20	1	90	diamond	red	(533, 540)	high	dis	(565, 460)	N	same	hori	left	True	1869202	1871245	left	1	6	87
5	ccd	f	20	1	90	diamond	red	(533, 540)	high	dis	(757, 540)	N	same	hori	left	True	1872307	1873581	left	1	6	88
5	ccd	f	20	1	90	circle	green	(533, 540)	high	dis	(565, 460)	N	dif	vert	up	True	1874761	1876734	up	1	6	89
5	ccd	f	20	1	90	circle	red	(533, 540)	high	dis	(645, 428)	N	dif	vert	up	True	1877736	1879278	up	1	6	90
5	ccd	f	20	1	90	diamond	green	(645, 428)	low	no	no_dis	N	same	hori	left	True	1880354	1881629	left	1	6	91
5	ccd	f	20	1	90	circle	red	(533, 540)	high	dis	(645, 652)	N	dif	hori	left	True	1882726	1883573	left	1	6	92
5	ccd	f	20	1	90	diamond	green	(533, 540)	high	dis	(645, 428)	N	dif	hori	left	True	1884793	1885862	left	1	6	93
5	ccd	f	20	1	90	diamond	red	(533, 540)	high	dis	(565, 619)	N	same	vert	up	True	1886892	1887981	up	1	6	94
5	ccd	f	20	1	90	diamond	red	(533, 540)	high	dis	(724, 619)	N	dif	vert	up	True	1889000	1890413	up	1	6	95
5	ccd	f	20	1	90	circle	red	(533, 540)	high	dis	(645, 652)	N	same	vert	up	True	1891601	1892469	up	1	6	96
5	ccd	f	20	1	90	circle	green	(533, 540)	high	dis	(565, 460)	N	same	vert	up	True	1893559	1895949	up	1	6	97
5	ccd	f	20	1	90	diamond	red	(533, 540)	high	no	no_dis	N	same	hori	left	True	1896955	1897885	left	1	6	98
5	ccd	f	20	1	90	circle	green	(533, 540)	high	dis	(724, 619)	N	same	hori	left	True	1899020	1899997	left	1	6	99
5	ccd	f	20	1	90	diamond	red	(533, 540)	high	no	no_dis	N	same	vert	up	True	1901122	1902261	up	1	6	100
5	ccd	f	20	1	90	diamond	red	(645, 428)	low	dis	(533, 540)	Y	dif	vert	up	True	1903333	1905333	up	1	6	101
5	ccd	f	20	1	90	diamond	red	(533, 540)	high	dis	(757, 540)	N	dif	vert	up	True	1906338	1907341	up	1	6	102
5	ccd	f	20	1	90	circle	green	(533, 540)	high	no	no_dis	N	dif	vert	up	True	1908382	1909317	up	1	6	103
5	ccd	f	20	1	90	diamond	green	(533, 540)	high	dis	(645, 652)	N	same	hori	left	True	1910364	1911517	left	1	6	104
5	ccd	f	20	1	90	circle	green	(533, 540)	high	dis	(565, 619)	N	same	vert	up	True	1912538	1913869	up	1	6	105
5	ccd	f	20	1	90	circle	green	(533, 540)	high	no	no_dis	N	same	vert	up	True	1915100	1915965	up	1	6	106
5	ccd	f	20	1	90	diamond	red	(533, 540)	high	dis	(565, 619)	N	same	vert	up	True	1917005	1918413	up	1	6	107
5	ccd	f	20	1	90	circle	green	(533, 540)	high	dis	(565, 460)	N	dif	hori	left	True	1919456	1921205	left	1	6	108
5	ccd	f	20	1	90	diamond	green	(533, 540)	high	dis	(645, 428)	N	same	hori	left	True	1922247	1923517	left	1	6	109
5	ccd	f	20	1	90	circle	red	(565, 460)	low	no	no_dis	N	dif	vert	up	True	1924608	1925709	left	0	6	110
5	ccd	f	20	1	90	circle	red	(533, 540)	high	dis	(724, 460)	N	dif	hori	left	True	1928243	1930141	left	1	6	111
5	ccd	f	20	1	90	diamond	green	(565, 460)	low	dis	(533, 540)	Y	same	vert	up	True	1931297	1933293	up	1	6	112
5	ccd	f	20	1	90	circle	green	(533, 540)	high	dis	(724, 460)	N	dif	hori	left	True	1934403	1936717	left	1	6	113
5	ccd	f	20	1	90	diamond	red	(533, 540)	high	dis	(565, 460)	N	same	vert	up	True	1937835	1939229	up	1	6	114
5	ccd	f	20	1	90	diamond	green	(533, 540)	high	dis	(724, 460)	N	dif	vert	up	True	1940253	1941573	up	1	6	115
5	ccd	f	20	1	90	circle	green	(533, 540)	high	dis	(645, 652)	N	dif	hori	left	True	1942763	1944197	left	1	6	116
5	ccd	f	20	1	90	circle	red	(533, 540)	high	no	no_dis	N	dif	hori	left	True	1945254	1946045	left	1	6	117
5	ccd	f	20	1	90	diamond	green	(533, 540)	high	dis	(724, 460)	N	same	vert	up	True	1947096	1947989	up	1	6	118
5	ccd	f	20	1	90	diamond	red	(533, 540)	high	dis	(565, 619)	N	dif	hori	left	True	1949240	1950285	up	0	6	119
5	ccd	f	20	1	90	diamond	green	(533, 540)	high	no	no_dis	N	dif	hori	left	True	1952937	1953821	left	1	6	120
conf	5	ccd	f	20	1	90	True	1991421	1999605	5	True	1999615	2003925	1
