subj	name	gender	age	prac	group	shape	color	tar_loc	popularity	dis_cond	dis_loc	dis_high	td_dif	line	respkey	gotkey	startTime	respTime	resp	correct	block	trialnum
6	wyt	f	21	1	90	circle	red	(565, 619)	high	dis	(565, 460)	N	dif	hori	left	True	13789	14926	left	1	1	1
6	wyt	f	21	1	90	circle	red	(565, 619)	high	dis	(565, 460)	N	same	vert	up	True	15984	17015	up	1	1	2
6	wyt	f	21	1	90	diamond	red	(565, 619)	high	dis	(565, 460)	N	same	vert	up	True	18218	19222	up	1	1	3
6	wyt	f	21	1	90	circle	green	(724, 460)	low	dis	(565, 619)	Y	same	hori	left	True	20331	21399	left	1	1	4
6	wyt	f	21	1	90	diamond	red	(565, 619)	high	dis	(724, 619)	N	same	vert	up	True	22485	23663	up	1	1	5
6	wyt	f	21	1	90	circle	green	(565, 619)	high	dis	(645, 652)	N	same	hori	left	True	24715	25663	left	1	1	6
6	wyt	f	21	1	90	diamond	red	(565, 619)	high	no	no_dis	N	dif	hori	left	True	26893	27910	left	1	1	7
6	wyt	f	21	1	90	circle	green	(565, 619)	high	no	no_dis	N	dif	vert	up	True	28942	30119	up	1	1	8
6	wyt	f	21	1	90	diamond	red	(565, 619)	high	dis	(533, 540)	N	same	hori	left	True	31223	32407	left	1	1	9
6	wyt	f	21	1	90	diamond	red	(565, 619)	high	dis	(533, 540)	N	dif	vert	up	True	33570	34734	up	1	1	10
6	wyt	f	21	1	90	diamond	red	(565, 619)	high	dis	(724, 619)	N	dif	hori	left	True	35885	36951	left	1	1	11
6	wyt	f	21	1	90	circle	red	(565, 619)	high	dis	(724, 619)	N	same	hori	left	True	38035	39295	left	1	1	12
6	wyt	f	21	1	90	diamond	red	(565, 619)	high	no	no_dis	N	dif	vert	up	True	40464	41542	up	1	1	13
6	wyt	f	21	1	90	circle	green	(565, 619)	high	dis	(645, 428)	N	same	hori	left	True	42684	44327	left	1	1	14
6	wyt	f	21	1	90	circle	green	(565, 619)	high	dis	(724, 619)	N	dif	vert	up	True	45504	46670	up	1	1	15
6	wyt	f	21	1	90	circle	red	(565, 619)	high	dis	(565, 460)	N	dif	vert	up	True	47728	48807	up	1	1	16
6	wyt	f	21	1	90	circle	green	(565, 619)	high	dis	(533, 540)	N	same	vert	up	True	49872	50927	up	1	1	17
6	wyt	f	21	1	90	diamond	red	(565, 619)	high	no	no_dis	N	same	hori	left	True	51978	53078	left	1	1	18
6	wyt	f	21	1	90	diamond	green	(565, 619)	high	dis	(533, 540)	N	same	vert	up	True	54208	55206	up	1	1	19
6	wyt	f	21	1	90	diamond	green	(565, 619)	high	no	no_dis	N	dif	vert	up	True	56341	57383	up	1	1	20
6	wyt	f	21	1	90	circle	green	(565, 619)	high	no	no_dis	N	dif	vert	up	True	58427	59615	up	1	1	21
6	wyt	f	21	1	90	circle	green	(565, 619)	high	dis	(724, 460)	N	same	hori	left	True	60703	61639	left	1	1	22
6	wyt	f	21	1	90	circle	green	(565, 619)	high	dis	(724, 460)	N	same	vert	up	True	62645	63862	up	1	1	23
6	wyt	f	21	1	90	diamond	green	(565, 619)	high	dis	(757, 540)	N	same	hori	left	True	65054	65998	left	1	1	24
6	wyt	f	21	1	90	circle	green	(565, 619)	high	dis	(565, 460)	N	same	vert	up	True	67008	68062	up	1	1	25
6	wyt	f	21	1	90	circle	green	(565, 619)	high	dis	(533, 540)	N	same	hori	left	True	69100	70303	left	1	1	26
6	wyt	f	21	1	90	circle	green	(565, 619)	high	dis	(724, 460)	N	same	hori	left	True	71422	72518	left	1	1	27
6	wyt	f	21	1	90	circle	red	(565, 619)	high	dis	(565, 460)	N	dif	vert	up	True	73691	74631	up	1	1	28
6	wyt	f	21	1	90	diamond	green	(565, 619)	high	no	no_dis	N	dif	vert	up	True	75736	76783	up	1	1	29
6	wyt	f	21	1	90	circle	red	(565, 619)	high	dis	(645, 428)	N	dif	vert	up	True	77843	78838	left	0	1	30
6	wyt	f	21	1	90	diamond	red	(565, 619)	high	dis	(724, 619)	N	same	hori	left	True	81504	82758	left	1	1	31
6	wyt	f	21	1	90	diamond	red	(724, 619)	low	dis	(565, 619)	Y	same	vert	up	True	83880	86374	up	1	1	32
6	wyt	f	21	1	90	circle	red	(565, 619)	high	dis	(645, 652)	N	same	vert	up	True	87546	88822	up	1	1	33
6	wyt	f	21	1	90	diamond	green	(565, 619)	high	dis	(645, 428)	N	dif	hori	left	True	89825	90927	left	1	1	34
6	wyt	f	21	1	90	circle	red	(565, 619)	high	dis	(645, 428)	N	dif	vert	up	True	92050	93127	up	1	1	35
6	wyt	f	21	1	90	diamond	green	(565, 619)	high	dis	(533, 540)	N	dif	hori	left	True	94261	95430	left	1	1	36
6	wyt	f	21	1	90	diamond	green	(565, 619)	high	dis	(645, 428)	N	dif	hori	left	True	96539	97766	left	1	1	37
6	wyt	f	21	1	90	circle	red	(565, 619)	high	dis	(757, 540)	N	dif	vert	up	True	98987	100062	up	1	1	38
6	wyt	f	21	1	90	diamond	red	(565, 619)	high	dis	(757, 540)	N	same	hori	left	True	101258	102382	left	1	1	39
6	wyt	f	21	1	90	diamond	green	(565, 460)	low	dis	(565, 619)	Y	dif	vert	up	True	103461	105158	up	1	1	40
6	wyt	f	21	1	90	circle	green	(565, 619)	high	no	no_dis	N	dif	hori	left	True	106222	107447	left	1	1	41
6	wyt	f	21	1	90	circle	red	(565, 619)	high	dis	(757, 540)	N	same	vert	up	True	108486	109711	up	1	1	42
6	wyt	f	21	1	90	diamond	green	(565, 619)	high	dis	(757, 540)	N	dif	hori	left	True	110826	111870	left	1	1	43
6	wyt	f	21	1	90	circle	red	(565, 619)	high	no	no_dis	N	same	vert	up	True	112958	113982	up	1	1	44
6	wyt	f	21	1	90	circle	red	(565, 619)	high	no	no_dis	N	dif	hori	left	True	115057	115886	left	1	1	45
6	wyt	f	21	1	90	diamond	red	(565, 619)	high	dis	(565, 460)	N	dif	vert	up	True	116957	118534	up	1	1	46
6	wyt	f	21	1	90	diamond	green	(565, 619)	high	no	no_dis	N	dif	vert	up	True	119587	120574	up	1	1	47
6	wyt	f	21	1	90	diamond	green	(565, 619)	high	no	no_dis	N	dif	hori	left	True	121631	122694	left	1	1	48
6	wyt	f	21	1	90	diamond	red	(565, 619)	high	dis	(724, 460)	N	dif	hori	left	True	123822	124495	left	1	1	49
6	wyt	f	21	1	90	diamond	green	(565, 460)	low	no	no_dis	N	same	vert	up	True	125554	126863	up	1	1	50
6	wyt	f	21	1	90	circle	red	(565, 619)	high	no	no_dis	N	dif	hori	left	True	127880	128830	left	1	1	51
6	wyt	f	21	1	90	circle	red	(565, 619)	high	no	no_dis	N	dif	hori	left	True	129941	130918	left	1	1	52
6	wyt	f	21	1	90	circle	green	(565, 619)	high	no	no_dis	N	same	hori	left	True	131926	132655	left	1	1	53
6	wyt	f	21	1	90	diamond	red	(565, 619)	high	dis	(645, 428)	N	dif	vert	up	True	133667	134718	up	1	1	54
6	wyt	f	21	1	90	diamond	green	(565, 619)	high	dis	(724, 619)	N	dif	vert	up	True	135948	137070	up	1	1	55
6	wyt	f	21	1	90	circle	red	(565, 619)	high	no	no_dis	N	same	hori	left	True	138249	139078	left	1	1	56
6	wyt	f	21	1	90	diamond	red	(565, 619)	high	dis	(645, 428)	N	same	hori	left	True	140222	141391	left	1	1	57
6	wyt	f	21	1	90	diamond	red	(565, 619)	high	dis	(565, 460)	N	dif	hori	left	True	142398	143686	left	1	1	58
6	wyt	f	21	1	90	diamond	red	(565, 619)	high	dis	(533, 540)	N	same	hori	left	True	144689	146230	left	1	1	59
6	wyt	f	21	1	90	circle	green	(645, 652)	low	no	no_dis	N	dif	vert	up	True	147347	148527	up	1	1	60
6	wyt	f	21	1	90	circle	green	(565, 619)	high	no	no_dis	N	same	vert	up	True	149594	150574	up	1	1	61
6	wyt	f	21	1	90	circle	green	(565, 619)	high	dis	(645, 428)	N	same	vert	up	True	151698	152830	up	1	1	62
6	wyt	f	21	1	90	circle	red	(533, 540)	low	dis	(565, 619)	Y	dif	vert	up	True	154008	155254	up	1	1	63
6	wyt	f	21	1	90	diamond	green	(565, 619)	high	dis	(724, 619)	N	same	vert	up	True	156449	158070	left	0	1	64
6	wyt	f	21	1	90	circle	green	(565, 619)	high	no	no_dis	N	same	hori	left	True	160762	162222	left	1	1	65
6	wyt	f	21	1	90	diamond	green	(565, 619)	high	dis	(645, 652)	N	same	hori	left	True	163293	165350	up	0	1	66
6	wyt	f	21	1	90	circle	green	(565, 619)	high	dis	(645, 652)	N	same	hori	left	True	168031	169310	left	1	1	67
6	wyt	f	21	1	90	circle	red	(565, 619)	high	dis	(645, 428)	N	dif	hori	left	True	170449	171486	left	1	1	68
6	wyt	f	21	1	90	diamond	green	(565, 619)	high	dis	(565, 460)	N	same	vert	up	True	172579	174638	left	0	1	69
6	wyt	f	21	1	90	diamond	green	(565, 619)	high	dis	(724, 619)	N	dif	vert	up	True	177271	178630	up	1	1	70
6	wyt	f	21	1	90	diamond	green	(565, 619)	high	no	no_dis	N	same	vert	up	True	179682	180630	up	1	1	71
6	wyt	f	21	1	90	circle	red	(565, 619)	high	no	no_dis	N	same	vert	up	True	181811	182822	up	1	1	72
6	wyt	f	21	1	90	circle	green	(565, 619)	high	dis	(645, 652)	N	same	vert	up	True	183885	184894	up	1	1	73
6	wyt	f	21	1	90	circle	green	(565, 619)	high	dis	(757, 540)	N	dif	vert	up	True	185919	186846	up	1	1	74
6	wyt	f	21	1	90	circle	red	(565, 619)	high	dis	(645, 652)	N	dif	hori	left	True	187903	188679	left	1	1	75
6	wyt	f	21	1	90	circle	green	(565, 619)	high	dis	(757, 540)	N	same	hori	left	True	189896	190910	left	1	1	76
6	wyt	f	21	1	90	circle	green	(645, 652)	low	dis	(565, 619)	Y	dif	hori	left	True	191920	193270	up	0	1	77
6	wyt	f	21	1	90	diamond	green	(565, 619)	high	dis	(565, 460)	N	dif	hori	left	True	195838	197727	left	1	1	78
6	wyt	f	21	1	90	circle	red	(565, 619)	high	no	no_dis	N	same	hori	left	True	198946	200062	left	1	1	79
6	wyt	f	21	1	90	diamond	red	(565, 619)	high	no	no_dis	N	same	hori	left	True	201289	202918	left	1	1	80
6	wyt	f	21	1	90	circle	red	(565, 619)	high	no	no_dis	N	same	hori	left	True	204169	205206	left	1	1	81
6	wyt	f	21	1	90	diamond	red	(565, 619)	high	no	no_dis	N	dif	hori	left	True	206380	207622	left	1	1	82
6	wyt	f	21	1	90	diamond	green	(565, 619)	high	dis	(724, 460)	N	dif	hori	left	True	208685	209591	left	1	1	83
6	wyt	f	21	1	90	diamond	red	(565, 619)	high	no	no_dis	N	same	vert	up	True	210732	211686	left	0	1	84
6	wyt	f	21	1	90	circle	red	(565, 619)	high	dis	(645, 428)	N	same	vert	up	True	214366	215494	up	1	1	85
6	wyt	f	21	1	90	diamond	red	(565, 619)	high	dis	(724, 460)	N	same	vert	up	True	216579	217710	up	1	1	86
6	wyt	f	21	1	90	circle	red	(565, 619)	high	dis	(757, 540)	N	dif	hori	left	True	218892	220094	left	1	1	87
6	wyt	f	21	1	90	circle	red	(565, 619)	high	no	no_dis	N	same	vert	up	True	221280	222614	up	1	1	88
6	wyt	f	21	1	90	circle	red	(757, 540)	low	no	no_dis	N	same	hori	left	True	223752	224758	left	1	1	89
6	wyt	f	21	1	90	circle	green	(565, 619)	high	dis	(724, 460)	N	dif	vert	up	True	225905	226902	left	0	1	90
6	wyt	f	21	1	90	diamond	red	(645, 428)	low	dis	(565, 619)	Y	dif	hori	left	True	229636	230974	left	1	1	91
6	wyt	f	21	1	90	circle	red	(565, 619)	high	dis	(724, 460)	N	same	hori	left	True	232157	233374	left	1	1	92
6	wyt	f	21	1	90	diamond	green	(565, 619)	high	no	no_dis	N	dif	vert	up	True	234450	235918	up	1	1	93
6	wyt	f	21	1	90	diamond	green	(565, 619)	high	no	no_dis	N	dif	hori	left	True	236962	238134	left	1	1	94
6	wyt	f	21	1	90	diamond	green	(565, 619)	high	no	no_dis	N	same	hori	left	True	239185	240262	left	1	1	95
6	wyt	f	21	1	90	circle	red	(565, 619)	high	dis	(645, 652)	N	same	vert	up	True	241382	242750	up	1	1	96
6	wyt	f	21	1	90	circle	red	(757, 540)	low	dis	(565, 619)	Y	same	hori	left	True	243916	245102	left	1	1	97
6	wyt	f	21	1	90	diamond	green	(565, 619)	high	dis	(533, 540)	N	dif	hori	left	True	246110	247350	up	0	1	98
6	wyt	f	21	1	90	circle	red	(565, 619)	high	dis	(533, 540)	N	dif	hori	left	True	250103	251231	left	1	1	99
6	wyt	f	21	1	90	circle	green	(565, 619)	high	no	no_dis	N	same	vert	up	True	252300	253406	up	1	1	100
6	wyt	f	21	1	90	diamond	green	(565, 619)	high	dis	(757, 540)	N	same	vert	up	True	254642	255710	up	1	1	101
6	wyt	f	21	1	90	diamond	red	(565, 619)	high	dis	(645, 652)	N	dif	vert	up	True	256930	258478	up	1	1	102
6	wyt	f	21	1	90	diamond	green	(565, 619)	high	dis	(724, 619)	N	dif	hori	left	True	259657	260502	left	1	1	103
6	wyt	f	21	1	90	diamond	green	(565, 619)	high	no	no_dis	N	dif	vert	up	True	261677	263302	up	1	1	104
6	wyt	f	21	1	90	circle	green	(565, 619)	high	dis	(645, 428)	N	dif	vert	up	True	264345	265294	up	1	1	105
6	wyt	f	21	1	90	circle	green	(565, 619)	high	no	no_dis	N	dif	vert	up	True	266507	267846	up	1	1	106
6	wyt	f	21	1	90	circle	green	(565, 619)	high	no	no_dis	N	same	vert	up	True	268848	269926	up	1	1	107
6	wyt	f	21	1	90	diamond	red	(565, 619)	high	no	no_dis	N	same	hori	left	True	271028	272062	left	1	1	108
6	wyt	f	21	1	90	diamond	green	(565, 619)	high	dis	(565, 460)	N	same	vert	up	True	273068	274766	up	1	1	109
6	wyt	f	21	1	90	circle	green	(565, 619)	high	dis	(724, 460)	N	dif	hori	left	True	275903	276750	left	1	1	110
6	wyt	f	21	1	90	diamond	red	(565, 619)	high	no	no_dis	N	dif	hori	left	True	277825	278918	left	1	1	111
6	wyt	f	21	1	90	circle	green	(565, 619)	high	dis	(533, 540)	N	same	hori	left	True	280161	281894	left	1	1	112
6	wyt	f	21	1	90	diamond	red	(565, 619)	high	no	no_dis	N	same	vert	up	True	283133	284398	up	1	1	113
6	wyt	f	21	1	90	diamond	red	(565, 619)	high	dis	(724, 460)	N	dif	vert	up	True	285584	286430	up	1	1	114
6	wyt	f	21	1	90	diamond	red	(565, 619)	high	dis	(645, 652)	N	dif	hori	left	True	287650	288558	left	1	1	115
6	wyt	f	21	1	90	diamond	red	(565, 619)	high	dis	(757, 540)	N	dif	vert	up	True	289780	291806	left	0	1	116
6	wyt	f	21	1	90	circle	red	(565, 619)	high	dis	(724, 619)	N	same	hori	left	True	294467	296118	left	1	1	117
6	wyt	f	21	1	90	diamond	red	(645, 428)	low	no	no_dis	N	dif	hori	left	True	297313	298534	left	1	1	118
6	wyt	f	21	1	90	diamond	green	(645, 428)	low	dis	(565, 619)	Y	same	vert	up	True	299769	300646	up	1	1	119
6	wyt	f	21	1	90	diamond	green	(565, 619)	high	dis	(645, 652)	N	dif	vert	up	True	301862	302926	left	0	1	120
6	wyt	f	21	1	90	circle	green	(565, 619)	high	dis	(724, 460)	N	same	hori	left	True	362325	363438	left	1	2	1
6	wyt	f	21	1	90	circle	red	(565, 619)	high	no	no_dis	N	same	vert	up	True	364481	365373	up	1	2	2
6	wyt	f	21	1	90	circle	green	(565, 619)	high	no	no_dis	N	dif	hori	left	True	366621	367470	left	1	2	3
6	wyt	f	21	1	90	circle	green	(565, 619)	high	dis	(645, 428)	N	same	vert	up	True	368702	369646	up	1	2	4
6	wyt	f	21	1	90	circle	green	(565, 619)	high	dis	(757, 540)	N	same	hori	left	True	370783	372174	left	1	2	5
6	wyt	f	21	1	90	diamond	green	(565, 619)	high	dis	(645, 652)	N	dif	vert	up	True	373221	374190	up	1	2	6
6	wyt	f	21	1	90	diamond	green	(565, 619)	high	dis	(757, 540)	N	same	vert	up	True	375405	376366	up	1	2	7
6	wyt	f	21	1	90	circle	green	(565, 619)	high	dis	(533, 540)	N	same	hori	left	True	377551	378550	left	1	2	8
6	wyt	f	21	1	90	circle	green	(565, 619)	high	dis	(645, 428)	N	same	hori	left	True	379629	380470	left	1	2	9
6	wyt	f	21	1	90	circle	green	(565, 619)	high	dis	(724, 460)	N	same	vert	up	True	381538	382333	up	1	2	10
6	wyt	f	21	1	90	circle	red	(565, 619)	high	dis	(724, 460)	N	same	vert	up	True	383360	384262	up	1	2	11
6	wyt	f	21	1	90	diamond	green	(565, 619)	high	no	no_dis	N	same	vert	up	True	385469	386422	up	1	2	12
6	wyt	f	21	1	90	diamond	red	(565, 619)	high	no	no_dis	N	dif	hori	left	True	387579	388462	left	1	2	13
6	wyt	f	21	1	90	diamond	red	(565, 619)	high	dis	(565, 460)	N	same	vert	up	True	389625	390557	up	1	2	14
6	wyt	f	21	1	90	diamond	green	(565, 619)	high	no	no_dis	N	same	vert	up	True	391722	392566	up	1	2	15
6	wyt	f	21	1	90	diamond	red	(565, 619)	high	dis	(724, 460)	N	dif	vert	up	True	393643	394493	up	1	2	16
6	wyt	f	21	1	90	circle	red	(565, 619)	high	dis	(645, 652)	N	same	vert	up	True	395501	396373	up	1	2	17
6	wyt	f	21	1	90	circle	green	(565, 619)	high	dis	(757, 540)	N	same	vert	up	True	397551	398334	up	1	2	18
6	wyt	f	21	1	90	diamond	green	(565, 619)	high	dis	(724, 619)	N	dif	hori	left	True	399477	400238	left	1	2	19
6	wyt	f	21	1	90	circle	green	(565, 619)	high	dis	(645, 428)	N	dif	hori	left	True	401473	402222	left	1	2	20
6	wyt	f	21	1	90	circle	red	(565, 619)	high	no	no_dis	N	dif	vert	up	True	403465	404366	up	1	2	21
6	wyt	f	21	1	90	circle	red	(565, 619)	high	dis	(724, 619)	N	dif	vert	up	True	405387	406246	up	1	2	22
6	wyt	f	21	1	90	circle	red	(565, 619)	high	dis	(724, 619)	N	dif	hori	left	True	407458	408158	left	1	2	23
6	wyt	f	21	1	90	circle	red	(565, 619)	high	no	no_dis	N	same	hori	left	True	409213	410046	left	1	2	24
6	wyt	f	21	1	90	diamond	red	(565, 619)	high	dis	(645, 428)	N	same	hori	left	True	411102	411894	left	1	2	25
6	wyt	f	21	1	90	diamond	green	(565, 619)	high	no	no_dis	N	dif	vert	up	True	412914	413638	up	1	2	26
6	wyt	f	21	1	90	diamond	red	(565, 619)	high	dis	(565, 460)	N	same	hori	left	True	414713	415477	left	1	2	27
6	wyt	f	21	1	90	diamond	green	(565, 619)	high	no	no_dis	N	dif	vert	up	True	416565	417518	up	1	2	28
6	wyt	f	21	1	90	diamond	green	(565, 619)	high	dis	(724, 619)	N	dif	vert	up	True	418642	419598	up	1	2	29
6	wyt	f	21	1	90	diamond	green	(565, 619)	high	dis	(533, 540)	N	same	hori	left	True	420737	421598	left	1	2	30
6	wyt	f	21	1	90	circle	red	(565, 619)	high	dis	(565, 460)	N	same	vert	up	True	422707	423741	up	1	2	31
6	wyt	f	21	1	90	circle	green	(565, 619)	high	no	no_dis	N	dif	hori	left	True	424747	425693	left	1	2	32
6	wyt	f	21	1	90	circle	green	(565, 619)	high	dis	(533, 540)	N	dif	hori	left	True	426700	428046	left	1	2	33
6	wyt	f	21	1	90	circle	green	(565, 619)	high	no	no_dis	N	dif	hori	left	True	429110	429893	left	1	2	34
6	wyt	f	21	1	90	circle	red	(565, 619)	high	dis	(645, 428)	N	dif	hori	left	True	431024	431606	left	1	2	35
6	wyt	f	21	1	90	diamond	green	(565, 619)	high	dis	(565, 460)	N	dif	vert	up	True	432827	433598	up	1	2	36
6	wyt	f	21	1	90	diamond	red	(565, 619)	high	dis	(565, 460)	N	dif	hori	left	True	434726	435678	left	1	2	37
6	wyt	f	21	1	90	diamond	green	(565, 619)	high	no	no_dis	N	dif	hori	left	True	436712	437638	left	1	2	38
6	wyt	f	21	1	90	diamond	red	(565, 619)	high	no	no_dis	N	dif	vert	up	True	438807	439614	up	1	2	39
6	wyt	f	21	1	90	circle	green	(565, 619)	high	dis	(757, 540)	N	same	hori	left	True	440687	441814	left	1	2	40
6	wyt	f	21	1	90	diamond	green	(565, 619)	high	dis	(724, 460)	N	dif	hori	left	True	442880	444046	left	1	2	41
6	wyt	f	21	1	90	circle	red	(565, 619)	high	no	no_dis	N	dif	hori	left	True	445248	445870	left	1	2	42
6	wyt	f	21	1	90	circle	red	(565, 619)	high	dis	(533, 540)	N	dif	hori	left	True	446994	447974	left	1	2	43
6	wyt	f	21	1	90	circle	red	(565, 619)	high	no	no_dis	N	same	hori	left	True	449052	449814	left	1	2	44
6	wyt	f	21	1	90	circle	red	(565, 619)	high	no	no_dis	N	dif	vert	up	True	450853	451854	up	1	2	45
6	wyt	f	21	1	90	circle	red	(565, 619)	high	no	no_dis	N	dif	vert	up	True	453014	454006	up	1	2	46
6	wyt	f	21	1	90	circle	red	(565, 619)	high	dis	(757, 540)	N	dif	hori	left	True	455044	456158	left	1	2	47
6	wyt	f	21	1	90	diamond	green	(565, 619)	high	no	no_dis	N	dif	vert	up	True	457246	458317	up	1	2	48
6	wyt	f	21	1	90	diamond	green	(565, 619)	high	no	no_dis	N	same	hori	left	True	459504	460342	left	1	2	49
6	wyt	f	21	1	90	circle	green	(565, 619)	high	no	no_dis	N	dif	hori	left	True	461440	462374	left	1	2	50
6	wyt	f	21	1	90	circle	green	(565, 619)	high	dis	(645, 652)	N	same	vert	up	True	463442	464270	up	1	2	51
6	wyt	f	21	1	90	circle	green	(565, 619)	high	no	no_dis	N	dif	hori	left	True	465379	466134	left	1	2	52
6	wyt	f	21	1	90	diamond	red	(565, 619)	high	dis	(724, 619)	N	dif	vert	up	True	467225	467982	up	1	2	53
6	wyt	f	21	1	90	circle	red	(565, 619)	high	dis	(724, 460)	N	dif	hori	left	True	469145	469870	left	1	2	54
6	wyt	f	21	1	90	circle	green	(565, 619)	high	no	no_dis	N	same	hori	left	True	471019	471934	left	1	2	55
6	wyt	f	21	1	90	circle	red	(533, 540)	low	dis	(565, 619)	Y	dif	vert	up	True	473096	474494	left	0	2	56
6	wyt	f	21	1	90	circle	green	(565, 619)	high	dis	(533, 540)	N	dif	hori	left	True	477121	478269	left	1	2	57
6	wyt	f	21	1	90	diamond	red	(565, 619)	high	no	no_dis	N	same	vert	up	True	479339	480526	up	1	2	58
6	wyt	f	21	1	90	diamond	green	(565, 619)	high	dis	(724, 460)	N	same	vert	up	True	481719	482606	up	1	2	59
6	wyt	f	21	1	90	circle	red	(565, 619)	high	dis	(565, 460)	N	same	vert	up	True	483801	485366	up	1	2	60
6	wyt	f	21	1	90	diamond	green	(565, 619)	high	dis	(645, 428)	N	dif	hori	left	True	486556	487573	left	1	2	61
6	wyt	f	21	1	90	circle	green	(565, 619)	high	dis	(757, 540)	N	dif	hori	left	True	488785	489822	left	1	2	62
6	wyt	f	21	1	90	diamond	red	(565, 619)	high	dis	(724, 619)	N	dif	vert	up	True	490899	492029	left	0	2	63
6	wyt	f	21	1	90	diamond	red	(565, 619)	high	dis	(565, 460)	N	dif	vert	up	True	494744	496198	up	1	2	64
6	wyt	f	21	1	90	diamond	red	(565, 619)	high	dis	(565, 460)	N	same	hori	left	True	497246	498302	left	1	2	65
6	wyt	f	21	1	90	circle	green	(565, 619)	high	dis	(645, 652)	N	same	vert	up	True	499305	500397	up	1	2	66
6	wyt	f	21	1	90	diamond	red	(565, 619)	high	dis	(724, 619)	N	same	hori	left	True	501402	502853	left	1	2	67
6	wyt	f	21	1	90	circle	green	(565, 619)	high	dis	(757, 540)	N	dif	vert	up	True	504063	504877	up	1	2	68
6	wyt	f	21	1	90	diamond	green	(565, 619)	high	dis	(724, 460)	N	dif	vert	up	True	505934	507030	up	1	2	69
6	wyt	f	21	1	90	circle	green	(645, 652)	low	dis	(565, 619)	Y	dif	vert	up	True	508035	509622	up	1	2	70
6	wyt	f	21	1	90	diamond	green	(565, 619)	high	dis	(757, 540)	N	dif	hori	left	True	510636	512261	left	1	2	71
6	wyt	f	21	1	90	circle	green	(565, 619)	high	no	no_dis	N	same	vert	up	True	513416	514678	up	1	2	72
6	wyt	f	21	1	90	diamond	green	(565, 460)	low	dis	(565, 619)	Y	same	vert	up	True	515918	517190	up	1	2	73
6	wyt	f	21	1	90	circle	red	(565, 619)	high	dis	(645, 652)	N	dif	vert	up	True	518348	519501	up	1	2	74
6	wyt	f	21	1	90	diamond	red	(565, 619)	high	dis	(533, 540)	N	same	hori	left	True	520715	523157	up	0	2	75
6	wyt	f	21	1	90	diamond	red	(565, 619)	high	no	no_dis	N	same	hori	left	True	525901	527094	left	1	2	76
6	wyt	f	21	1	90	diamond	green	(565, 619)	high	dis	(645, 428)	N	dif	vert	up	True	528317	530150	up	1	2	77
6	wyt	f	21	1	90	diamond	green	(565, 619)	high	no	no_dis	N	same	hori	left	True	531164	532238	left	1	2	78
6	wyt	f	21	1	90	diamond	red	(724, 619)	low	dis	(565, 619)	Y	dif	hori	left	True	533280	534630	left	1	2	79
6	wyt	f	21	1	90	diamond	green	(565, 619)	high	dis	(724, 619)	N	same	vert	up	True	535753	537086	up	1	2	80
6	wyt	f	21	1	90	diamond	green	(533, 540)	low	no	no_dis	N	dif	vert	up	True	538215	539598	up	1	2	81
6	wyt	f	21	1	90	circle	green	(724, 460)	low	dis	(565, 619)	Y	dif	hori	left	True	540607	542134	left	1	2	82
6	wyt	f	21	1	90	diamond	red	(565, 619)	high	no	no_dis	N	same	vert	up	True	543350	544782	up	1	2	83
6	wyt	f	21	1	90	diamond	red	(565, 619)	high	dis	(757, 540)	N	dif	vert	up	True	545859	547549	up	1	2	84
6	wyt	f	21	1	90	diamond	green	(565, 460)	low	dis	(565, 619)	Y	same	hori	left	True	548663	549597	left	1	2	85
6	wyt	f	21	1	90	diamond	green	(565, 619)	high	dis	(565, 460)	N	dif	hori	left	True	550674	552102	left	1	2	86
6	wyt	f	21	1	90	diamond	red	(565, 619)	high	dis	(533, 540)	N	same	vert	up	True	553335	554901	up	1	2	87
6	wyt	f	21	1	90	circle	green	(565, 619)	high	dis	(645, 428)	N	same	hori	left	True	555975	557678	left	1	2	88
6	wyt	f	21	1	90	diamond	red	(565, 619)	high	no	no_dis	N	dif	hori	left	True	558862	559893	left	1	2	89
6	wyt	f	21	1	90	circle	green	(565, 460)	low	no	no_dis	N	same	hori	left	True	561108	562005	left	1	2	90
6	wyt	f	21	1	90	circle	red	(565, 619)	high	dis	(533, 540)	N	same	vert	up	True	563008	564037	up	1	2	91
6	wyt	f	21	1	90	circle	red	(757, 540)	low	no	no_dis	N	same	vert	up	True	565071	566117	up	1	2	92
6	wyt	f	21	1	90	diamond	red	(565, 619)	high	no	no_dis	N	same	vert	up	True	567137	568525	left	0	2	93
6	wyt	f	21	1	90	circle	green	(565, 619)	high	no	no_dis	N	dif	vert	up	True	571117	572270	up	1	2	94
6	wyt	f	21	1	90	circle	red	(565, 619)	high	dis	(645, 652)	N	dif	hori	left	True	573429	575085	left	1	2	95
6	wyt	f	21	1	90	diamond	green	(565, 619)	high	dis	(645, 652)	N	same	hori	left	True	576187	578141	left	1	2	96
6	wyt	f	21	1	90	diamond	green	(565, 619)	high	dis	(645, 652)	N	dif	hori	left	True	579238	580574	left	1	2	97
6	wyt	f	21	1	90	diamond	green	(565, 619)	high	dis	(533, 540)	N	same	hori	left	True	581688	583174	left	1	2	98
6	wyt	f	21	1	90	circle	red	(565, 619)	high	dis	(565, 460)	N	same	hori	left	True	584235	585558	left	1	2	99
6	wyt	f	21	1	90	diamond	red	(565, 619)	high	no	no_dis	N	same	hori	left	True	586583	587661	left	1	2	100
6	wyt	f	21	1	90	circle	red	(565, 619)	high	dis	(724, 619)	N	same	hori	left	True	588688	589622	left	1	2	101
6	wyt	f	21	1	90	diamond	red	(565, 619)	high	dis	(724, 619)	N	dif	vert	up	True	590728	592214	up	1	2	102
6	wyt	f	21	1	90	circle	red	(565, 619)	high	no	no_dis	N	dif	vert	up	True	593326	594654	up	1	2	103
6	wyt	f	21	1	90	diamond	red	(565, 619)	high	dis	(565, 460)	N	dif	vert	up	True	595688	596982	left	0	2	104
6	wyt	f	21	1	90	diamond	red	(565, 619)	high	no	no_dis	N	same	hori	left	True	599672	600677	left	1	2	105
6	wyt	f	21	1	90	circle	red	(565, 619)	high	dis	(645, 428)	N	same	hori	left	True	601827	603677	left	1	2	106
6	wyt	f	21	1	90	circle	green	(565, 619)	high	no	no_dis	N	same	vert	up	True	604755	605870	up	1	2	107
6	wyt	f	21	1	90	circle	green	(565, 619)	high	dis	(645, 652)	N	same	vert	up	True	607020	608206	up	1	2	108
6	wyt	f	21	1	90	diamond	red	(645, 428)	low	dis	(565, 619)	Y	same	hori	left	True	609243	610182	left	1	2	109
6	wyt	f	21	1	90	diamond	red	(565, 619)	high	dis	(724, 460)	N	dif	vert	up	True	611317	612597	up	1	2	110
6	wyt	f	21	1	90	circle	green	(565, 619)	high	dis	(533, 540)	N	dif	vert	up	True	613800	615278	left	0	2	111
6	wyt	f	21	1	90	diamond	green	(565, 619)	high	dis	(645, 428)	N	same	vert	up	True	617917	619269	up	1	2	112
6	wyt	f	21	1	90	diamond	red	(565, 619)	high	dis	(533, 540)	N	dif	vert	up	True	620512	622933	up	1	2	113
6	wyt	f	21	1	90	circle	red	(757, 540)	low	dis	(565, 619)	Y	same	vert	up	True	624075	625350	up	1	2	114
6	wyt	f	21	1	90	diamond	green	(565, 619)	high	no	no_dis	N	same	hori	left	True	626472	627406	left	1	2	115
6	wyt	f	21	1	90	circle	red	(565, 619)	high	dis	(757, 540)	N	same	vert	up	True	628473	629533	up	1	2	116
6	wyt	f	21	1	90	diamond	red	(565, 619)	high	dis	(724, 460)	N	dif	hori	left	True	630673	632245	left	1	2	117
6	wyt	f	21	1	90	circle	red	(565, 619)	high	dis	(645, 652)	N	same	hori	left	True	633408	634773	left	1	2	118
6	wyt	f	21	1	90	circle	red	(565, 619)	high	no	no_dis	N	same	vert	up	True	635838	636893	up	1	2	119
6	wyt	f	21	1	90	diamond	red	(645, 652)	low	no	no_dis	N	dif	hori	left	True	638127	639509	left	1	2	120
6	wyt	f	21	1	90	circle	red	(565, 619)	high	dis	(757, 540)	N	dif	vert	up	True	672812	673725	up	1	3	1
6	wyt	f	21	1	90	circle	red	(565, 619)	high	dis	(724, 619)	N	dif	hori	left	True	674942	675781	left	1	3	2
6	wyt	f	21	1	90	diamond	red	(565, 619)	high	no	no_dis	N	same	hori	left	True	676918	678541	left	1	3	3
6	wyt	f	21	1	90	circle	red	(565, 619)	high	dis	(645, 652)	N	dif	hori	left	True	679778	680798	left	1	3	4
6	wyt	f	21	1	90	diamond	red	(565, 619)	high	no	no_dis	N	dif	vert	up	True	681911	682901	up	1	3	5
6	wyt	f	21	1	90	diamond	red	(565, 619)	high	dis	(565, 460)	N	same	hori	left	True	683967	684909	left	1	3	6
6	wyt	f	21	1	90	circle	red	(565, 619)	high	dis	(757, 540)	N	dif	vert	up	True	686044	686973	up	1	3	7
6	wyt	f	21	1	90	diamond	red	(565, 619)	high	dis	(533, 540)	N	dif	vert	up	True	688178	689150	up	1	3	8
6	wyt	f	21	1	90	circle	red	(565, 619)	high	dis	(533, 540)	N	dif	vert	up	True	690316	691406	up	1	3	9
6	wyt	f	21	1	90	circle	green	(565, 619)	high	no	no_dis	N	same	vert	up	True	692588	693501	up	1	3	10
6	wyt	f	21	1	90	circle	green	(565, 619)	high	no	no_dis	N	dif	hori	left	True	694666	695677	left	1	3	11
6	wyt	f	21	1	90	circle	green	(565, 619)	high	dis	(645, 652)	N	dif	vert	up	True	696686	697677	up	1	3	12
6	wyt	f	21	1	90	diamond	red	(565, 619)	high	no	no_dis	N	same	hori	left	True	698702	699661	left	1	3	13
6	wyt	f	21	1	90	diamond	red	(565, 619)	high	dis	(724, 619)	N	same	vert	up	True	700859	701773	up	1	3	14
6	wyt	f	21	1	90	circle	red	(757, 540)	low	dis	(565, 619)	Y	dif	vert	up	True	703012	704358	up	1	3	15
6	wyt	f	21	1	90	circle	green	(565, 619)	high	dis	(724, 619)	N	same	vert	up	True	705568	706613	up	1	3	16
6	wyt	f	21	1	90	diamond	green	(565, 619)	high	dis	(757, 540)	N	same	vert	up	True	707797	708781	up	1	3	17
6	wyt	f	21	1	90	diamond	red	(565, 619)	high	no	no_dis	N	same	hori	left	True	709873	710829	left	1	3	18
6	wyt	f	21	1	90	circle	green	(565, 619)	high	dis	(645, 652)	N	same	hori	left	True	711885	712853	left	1	3	19
6	wyt	f	21	1	90	circle	red	(565, 619)	high	dis	(645, 428)	N	same	vert	up	True	713987	714861	up	1	3	20
6	wyt	f	21	1	90	diamond	green	(565, 619)	high	dis	(757, 540)	N	dif	hori	left	True	715991	717173	left	1	3	21
6	wyt	f	21	1	90	circle	green	(565, 619)	high	dis	(724, 460)	N	dif	hori	left	True	718326	719510	left	1	3	22
6	wyt	f	21	1	90	diamond	red	(565, 619)	high	dis	(724, 460)	N	dif	hori	left	True	720610	721477	left	1	3	23
6	wyt	f	21	1	90	diamond	green	(565, 619)	high	dis	(533, 540)	N	same	hori	left	True	722606	723541	left	1	3	24
6	wyt	f	21	1	90	circle	red	(565, 619)	high	dis	(565, 460)	N	dif	vert	up	True	724567	725493	up	1	3	25
6	wyt	f	21	1	90	circle	green	(565, 619)	high	no	no_dis	N	dif	hori	left	True	726631	727533	left	1	3	26
6	wyt	f	21	1	90	diamond	green	(565, 619)	high	dis	(645, 428)	N	dif	vert	up	True	728721	729869	up	1	3	27
6	wyt	f	21	1	90	circle	green	(565, 619)	high	dis	(724, 460)	N	dif	hori	left	True	730965	731925	left	1	3	28
6	wyt	f	21	1	90	circle	green	(565, 619)	high	dis	(533, 540)	N	dif	hori	left	True	732962	734109	left	1	3	29
6	wyt	f	21	1	90	diamond	green	(565, 619)	high	dis	(724, 460)	N	same	hori	left	True	735313	736398	left	1	3	30
6	wyt	f	21	1	90	circle	red	(565, 619)	high	no	no_dis	N	dif	hori	left	True	737635	738589	left	1	3	31
6	wyt	f	21	1	90	circle	red	(565, 619)	high	no	no_dis	N	dif	vert	up	True	739796	740750	up	1	3	32
6	wyt	f	21	1	90	circle	red	(565, 619)	high	dis	(724, 460)	N	same	vert	up	True	741943	743205	up	1	3	33
6	wyt	f	21	1	90	circle	green	(757, 540)	low	no	no_dis	N	dif	hori	left	True	744294	745253	left	1	3	34
6	wyt	f	21	1	90	diamond	green	(565, 619)	high	no	no_dis	N	same	vert	up	True	746331	747685	left	0	3	35
6	wyt	f	21	1	90	circle	green	(565, 619)	high	dis	(757, 540)	N	dif	vert	up	True	750410	751733	up	1	3	36
6	wyt	f	21	1	90	circle	green	(724, 460)	low	dis	(565, 619)	Y	dif	hori	left	True	752752	753773	left	1	3	37
6	wyt	f	21	1	90	diamond	red	(565, 619)	high	dis	(645, 652)	N	same	hori	left	True	754780	755877	left	1	3	38
6	wyt	f	21	1	90	diamond	green	(565, 619)	high	no	no_dis	N	dif	vert	up	True	757013	757893	up	1	3	39
6	wyt	f	21	1	90	diamond	red	(565, 619)	high	no	no_dis	N	dif	vert	up	True	758984	759845	up	1	3	40
6	wyt	f	21	1	90	diamond	green	(565, 619)	high	dis	(533, 540)	N	same	hori	left	True	760933	761973	left	1	3	41
6	wyt	f	21	1	90	circle	red	(565, 619)	high	dis	(645, 652)	N	same	hori	left	True	763093	764133	left	1	3	42
6	wyt	f	21	1	90	diamond	red	(724, 619)	low	dis	(565, 619)	Y	same	vert	up	True	765309	767229	up	1	3	43
6	wyt	f	21	1	90	circle	green	(565, 619)	high	dis	(565, 460)	N	same	vert	up	True	768354	769405	up	1	3	44
6	wyt	f	21	1	90	circle	green	(565, 619)	high	no	no_dis	N	dif	vert	up	True	770413	771453	up	1	3	45
6	wyt	f	21	1	90	circle	green	(565, 619)	high	dis	(645, 652)	N	same	hori	left	True	772599	773517	left	1	3	46
6	wyt	f	21	1	90	circle	red	(565, 619)	high	dis	(645, 428)	N	same	hori	left	True	774574	775629	left	1	3	47
6	wyt	f	21	1	90	circle	red	(533, 540)	low	dis	(565, 619)	Y	same	vert	up	True	776699	777861	up	1	3	48
6	wyt	f	21	1	90	circle	green	(565, 619)	high	dis	(645, 428)	N	same	hori	left	True	778930	780293	left	1	3	49
6	wyt	f	21	1	90	diamond	green	(565, 619)	high	dis	(565, 460)	N	same	vert	up	True	781497	783021	up	1	3	50
6	wyt	f	21	1	90	circle	green	(565, 619)	high	no	no_dis	N	dif	hori	left	True	784206	785117	left	1	3	51
6	wyt	f	21	1	90	diamond	green	(565, 619)	high	dis	(645, 428)	N	dif	hori	left	True	786127	787381	left	1	3	52
6	wyt	f	21	1	90	diamond	green	(724, 619)	low	no	no_dis	N	dif	vert	up	True	788415	789709	up	1	3	53
6	wyt	f	21	1	90	circle	green	(565, 619)	high	dis	(724, 619)	N	same	hori	left	True	790790	791917	left	1	3	54
6	wyt	f	21	1	90	circle	red	(565, 619)	high	no	no_dis	N	same	hori	left	True	792975	793917	left	1	3	55
6	wyt	f	21	1	90	diamond	green	(565, 619)	high	no	no_dis	N	same	hori	left	True	794956	796509	left	1	3	56
6	wyt	f	21	1	90	diamond	red	(565, 619)	high	dis	(645, 428)	N	same	vert	up	True	797621	798637	up	1	3	57
6	wyt	f	21	1	90	circle	red	(565, 619)	high	no	no_dis	N	same	hori	left	True	799875	800885	left	1	3	58
6	wyt	f	21	1	90	diamond	green	(565, 619)	high	no	no_dis	N	same	hori	left	True	801999	804013	left	1	3	59
6	wyt	f	21	1	90	circle	green	(565, 619)	high	no	no_dis	N	same	vert	up	True	805056	806493	up	1	3	60
6	wyt	f	21	1	90	diamond	red	(565, 619)	high	dis	(724, 460)	N	dif	hori	left	True	807496	808597	left	1	3	61
6	wyt	f	21	1	90	diamond	green	(565, 619)	high	no	no_dis	N	dif	hori	left	True	809831	812525	left	1	3	62
6	wyt	f	21	1	90	diamond	red	(565, 619)	high	dis	(645, 428)	N	dif	vert	up	True	813599	815341	up	1	3	63
6	wyt	f	21	1	90	circle	green	(565, 619)	high	dis	(724, 619)	N	same	vert	up	True	816379	817349	up	1	3	64
6	wyt	f	21	1	90	circle	green	(645, 652)	low	dis	(565, 619)	Y	same	hori	left	True	818493	819469	left	1	3	65
6	wyt	f	21	1	90	diamond	green	(565, 619)	high	no	no_dis	N	dif	vert	up	True	820473	821925	up	1	3	66
6	wyt	f	21	1	90	diamond	red	(565, 619)	high	no	no_dis	N	same	vert	up	True	823017	824189	up	1	3	67
6	wyt	f	21	1	90	circle	red	(565, 619)	high	dis	(724, 619)	N	dif	hori	left	True	825380	826349	left	1	3	68
6	wyt	f	21	1	90	circle	green	(565, 619)	high	no	no_dis	N	same	vert	up	True	827360	828269	up	1	3	69
6	wyt	f	21	1	90	circle	green	(565, 619)	high	dis	(724, 619)	N	dif	hori	left	True	829381	832157	left	1	3	70
6	wyt	f	21	1	90	diamond	red	(565, 619)	high	no	no_dis	N	dif	hori	left	True	833292	834590	left	1	3	71
6	wyt	f	21	1	90	diamond	red	(565, 619)	high	dis	(533, 540)	N	dif	hori	left	True	835607	836693	left	1	3	72
6	wyt	f	21	1	90	diamond	green	(565, 619)	high	no	no_dis	N	dif	hori	left	True	837787	838637	left	1	3	73
6	wyt	f	21	1	90	diamond	red	(565, 619)	high	no	no_dis	N	same	hori	left	True	839716	841053	left	1	3	74
6	wyt	f	21	1	90	circle	green	(565, 619)	high	dis	(645, 428)	N	same	hori	left	True	842145	843509	left	1	3	75
6	wyt	f	21	1	90	diamond	green	(565, 619)	high	dis	(565, 460)	N	dif	vert	up	True	844538	845613	up	1	3	76
6	wyt	f	21	1	90	diamond	green	(724, 460)	low	dis	(565, 619)	Y	dif	vert	up	True	846706	847965	up	1	3	77
6	wyt	f	21	1	90	diamond	green	(565, 619)	high	dis	(565, 460)	N	same	hori	left	True	849114	850245	left	1	3	78
6	wyt	f	21	1	90	circle	red	(565, 619)	high	no	no_dis	N	dif	hori	left	True	851342	852597	left	1	3	79
6	wyt	f	21	1	90	diamond	green	(565, 619)	high	dis	(533, 540)	N	dif	hori	left	True	853721	855733	left	1	3	80
6	wyt	f	21	1	90	diamond	green	(565, 619)	high	no	no_dis	N	same	vert	up	True	856821	857757	up	1	3	81
6	wyt	f	21	1	90	circle	red	(565, 619)	high	no	no_dis	N	same	vert	up	True	858963	860166	up	1	3	82
6	wyt	f	21	1	90	circle	red	(533, 540)	low	no	no_dis	N	same	vert	up	True	861174	862221	up	1	3	83
6	wyt	f	21	1	90	diamond	green	(565, 619)	high	dis	(533, 540)	N	dif	vert	up	True	863449	864645	left	0	3	84
6	wyt	f	21	1	90	circle	red	(565, 619)	high	dis	(724, 460)	N	dif	vert	up	True	867370	868437	up	1	3	85
6	wyt	f	21	1	90	diamond	red	(645, 428)	low	dis	(565, 619)	Y	same	hori	left	True	869512	870677	left	1	3	86
6	wyt	f	21	1	90	diamond	red	(565, 619)	high	dis	(645, 652)	N	same	hori	left	True	871719	872821	left	1	3	87
6	wyt	f	21	1	90	circle	red	(565, 619)	high	no	no_dis	N	dif	vert	up	True	873867	874925	up	1	3	88
6	wyt	f	21	1	90	circle	red	(565, 619)	high	dis	(724, 460)	N	same	vert	up	True	876029	877150	up	1	3	89
6	wyt	f	21	1	90	circle	red	(565, 619)	high	dis	(565, 460)	N	same	hori	left	True	878214	880045	left	1	3	90
6	wyt	f	21	1	90	diamond	red	(565, 619)	high	dis	(757, 540)	N	dif	vert	up	True	881061	882221	up	1	3	91
6	wyt	f	21	1	90	diamond	red	(565, 619)	high	dis	(724, 460)	N	same	vert	up	True	883436	884989	up	1	3	92
6	wyt	f	21	1	90	circle	green	(565, 619)	high	dis	(724, 460)	N	same	vert	up	True	886024	887181	up	1	3	93
6	wyt	f	21	1	90	circle	red	(565, 619)	high	dis	(757, 540)	N	dif	hori	left	True	888380	889237	left	1	3	94
6	wyt	f	21	1	90	diamond	red	(565, 619)	high	dis	(645, 652)	N	dif	hori	left	True	890480	892077	left	1	3	95
6	wyt	f	21	1	90	circle	red	(565, 619)	high	dis	(565, 460)	N	dif	vert	up	True	893245	894973	up	1	3	96
6	wyt	f	21	1	90	circle	green	(565, 619)	high	no	no_dis	N	dif	hori	left	True	896190	897213	left	1	3	97
6	wyt	f	21	1	90	circle	green	(565, 619)	high	dis	(645, 428)	N	dif	hori	left	True	898377	899325	left	1	3	98
6	wyt	f	21	1	90	diamond	green	(565, 619)	high	dis	(757, 540)	N	dif	vert	up	True	900457	902693	up	1	3	99
6	wyt	f	21	1	90	diamond	green	(565, 619)	high	no	no_dis	N	dif	vert	up	True	903924	904781	up	1	3	100
6	wyt	f	21	1	90	circle	green	(565, 619)	high	no	no_dis	N	same	hori	left	True	905847	906805	left	1	3	101
6	wyt	f	21	1	90	diamond	red	(724, 460)	low	no	no_dis	N	same	hori	left	True	907988	909245	left	1	3	102
6	wyt	f	21	1	90	circle	red	(565, 619)	high	dis	(533, 540)	N	same	vert	up	True	910294	911477	left	0	3	103
6	wyt	f	21	1	90	diamond	red	(565, 619)	high	no	no_dis	N	same	vert	up	True	914169	915253	up	1	3	104
6	wyt	f	21	1	90	diamond	green	(565, 619)	high	dis	(724, 619)	N	same	hori	left	True	916328	917460	left	1	3	105
6	wyt	f	21	1	90	diamond	green	(565, 460)	low	dis	(565, 619)	Y	dif	hori	left	True	918690	919741	left	1	3	106
6	wyt	f	21	1	90	circle	red	(565, 619)	high	no	no_dis	N	dif	vert	up	True	920873	922045	up	1	3	107
6	wyt	f	21	1	90	diamond	red	(565, 619)	high	dis	(533, 540)	N	same	hori	left	True	923080	924228	left	1	3	108
6	wyt	f	21	1	90	circle	green	(565, 619)	high	dis	(645, 652)	N	same	vert	up	True	925466	926597	up	1	3	109
6	wyt	f	21	1	90	diamond	red	(565, 619)	high	dis	(645, 428)	N	same	vert	up	True	927821	928917	up	1	3	110
6	wyt	f	21	1	90	diamond	green	(565, 619)	high	dis	(645, 652)	N	same	vert	up	True	930124	931757	up	1	3	111
6	wyt	f	21	1	90	diamond	green	(565, 619)	high	dis	(565, 460)	N	same	hori	left	True	932881	934269	left	1	3	112
6	wyt	f	21	1	90	circle	red	(565, 619)	high	dis	(724, 619)	N	dif	vert	up	True	935434	936381	up	1	3	113
6	wyt	f	21	1	90	diamond	red	(565, 619)	high	dis	(757, 540)	N	dif	hori	left	True	937521	939125	left	1	3	114
6	wyt	f	21	1	90	diamond	green	(565, 619)	high	dis	(565, 460)	N	same	vert	up	True	940234	941365	up	1	3	115
6	wyt	f	21	1	90	diamond	red	(565, 619)	high	dis	(757, 540)	N	dif	vert	up	True	942614	943669	up	1	3	116
6	wyt	f	21	1	90	circle	red	(565, 619)	high	no	no_dis	N	same	vert	up	True	944795	945813	up	1	3	117
6	wyt	f	21	1	90	circle	green	(565, 619)	high	dis	(724, 460)	N	dif	vert	up	True	946949	947901	up	1	3	118
6	wyt	f	21	1	90	diamond	green	(565, 619)	high	dis	(533, 540)	N	dif	hori	left	True	949104	950341	left	1	3	119
6	wyt	f	21	1	90	diamond	red	(565, 619)	high	dis	(724, 619)	N	same	vert	up	True	951498	952669	up	1	3	120
6	wyt	f	21	1	90	circle	red	(565, 619)	high	dis	(724, 619)	N	same	hori	left	True	1039331	1040460	left	1	4	1
6	wyt	f	21	1	90	diamond	red	(565, 619)	high	dis	(724, 619)	N	dif	hori	left	True	1041492	1042476	left	1	4	2
6	wyt	f	21	1	90	circle	green	(565, 619)	high	no	no_dis	N	dif	hori	left	True	1043514	1044460	left	1	4	3
6	wyt	f	21	1	90	circle	green	(645, 652)	low	dis	(565, 619)	Y	dif	hori	left	True	1045676	1046637	left	1	4	4
6	wyt	f	21	1	90	circle	red	(565, 619)	high	dis	(645, 428)	N	dif	hori	left	True	1047843	1048717	left	1	4	5
6	wyt	f	21	1	90	diamond	red	(645, 428)	low	dis	(565, 619)	Y	dif	vert	up	True	1049797	1050861	up	1	4	6
6	wyt	f	21	1	90	circle	red	(565, 619)	high	dis	(757, 540)	N	same	vert	up	True	1051930	1053101	up	1	4	7
6	wyt	f	21	1	90	diamond	green	(565, 619)	high	dis	(645, 428)	N	dif	hori	left	True	1054187	1055116	left	1	4	8
6	wyt	f	21	1	90	diamond	green	(565, 619)	high	dis	(724, 460)	N	same	hori	left	True	1056340	1057180	left	1	4	9
6	wyt	f	21	1	90	circle	red	(565, 619)	high	no	no_dis	N	dif	hori	left	True	1058317	1059293	left	1	4	10
6	wyt	f	21	1	90	circle	green	(565, 619)	high	dis	(645, 428)	N	same	vert	up	True	1060350	1061324	up	1	4	11
6	wyt	f	21	1	90	diamond	red	(565, 619)	high	dis	(565, 460)	N	same	vert	up	True	1062501	1063301	up	1	4	12
6	wyt	f	21	1	90	diamond	red	(565, 619)	high	dis	(645, 428)	N	dif	vert	up	True	1064457	1065412	up	1	4	13
6	wyt	f	21	1	90	circle	green	(565, 619)	high	dis	(724, 460)	N	dif	hori	left	True	1066422	1067429	left	1	4	14
6	wyt	f	21	1	90	circle	red	(565, 619)	high	dis	(724, 619)	N	dif	hori	left	True	1068505	1069524	left	1	4	15
6	wyt	f	21	1	90	diamond	red	(565, 619)	high	no	no_dis	N	dif	hori	left	True	1070716	1071580	left	1	4	16
6	wyt	f	21	1	90	circle	red	(565, 619)	high	dis	(565, 460)	N	same	vert	up	True	1072624	1073541	up	1	4	17
6	wyt	f	21	1	90	circle	green	(565, 619)	high	dis	(724, 460)	N	same	vert	up	True	1074545	1075525	up	1	4	18
6	wyt	f	21	1	90	diamond	green	(565, 619)	high	no	no_dis	N	same	vert	up	True	1076585	1077588	up	1	4	19
6	wyt	f	21	1	90	circle	red	(565, 619)	high	dis	(724, 619)	N	same	vert	up	True	1078717	1079957	up	1	4	20
6	wyt	f	21	1	90	diamond	green	(645, 428)	low	dis	(565, 619)	Y	dif	hori	left	True	1080970	1082317	left	1	4	21
6	wyt	f	21	1	90	circle	green	(565, 619)	high	dis	(645, 652)	N	same	hori	left	True	1083546	1085092	left	1	4	22
6	wyt	f	21	1	90	diamond	green	(565, 619)	high	no	no_dis	N	same	hori	left	True	1086254	1087237	left	1	4	23
6	wyt	f	21	1	90	circle	red	(565, 619)	high	no	no_dis	N	same	hori	left	True	1088460	1089509	left	1	4	24
6	wyt	f	21	1	90	diamond	red	(565, 619)	high	no	no_dis	N	same	hori	left	True	1090688	1091509	left	1	4	25
6	wyt	f	21	1	90	circle	red	(565, 619)	high	dis	(565, 460)	N	dif	hori	left	True	1092519	1093413	left	1	4	26
6	wyt	f	21	1	90	circle	green	(565, 619)	high	dis	(645, 428)	N	dif	vert	up	True	1094533	1095652	up	1	4	27
6	wyt	f	21	1	90	circle	red	(565, 619)	high	dis	(757, 540)	N	dif	vert	up	True	1096666	1097653	up	1	4	28
6	wyt	f	21	1	90	diamond	green	(565, 619)	high	dis	(533, 540)	N	same	vert	up	True	1098684	1099957	up	1	4	29
6	wyt	f	21	1	90	circle	green	(565, 619)	high	dis	(645, 652)	N	same	hori	left	True	1101164	1101908	left	1	4	30
6	wyt	f	21	1	90	diamond	red	(565, 619)	high	dis	(533, 540)	N	dif	vert	up	True	1102915	1104189	up	1	4	31
6	wyt	f	21	1	90	diamond	red	(565, 619)	high	dis	(724, 460)	N	same	vert	up	True	1105412	1106445	up	1	4	32
6	wyt	f	21	1	90	circle	green	(565, 619)	high	dis	(757, 540)	N	same	hori	left	True	1107551	1108980	left	1	4	33
6	wyt	f	21	1	90	diamond	red	(565, 619)	high	dis	(645, 652)	N	dif	vert	up	True	1110130	1110852	up	1	4	34
6	wyt	f	21	1	90	diamond	red	(645, 428)	low	no	no_dis	N	dif	vert	up	True	1111985	1112924	up	1	4	35
6	wyt	f	21	1	90	circle	green	(565, 460)	low	no	no_dis	N	same	vert	up	True	1114057	1115300	up	1	4	36
6	wyt	f	21	1	90	circle	green	(565, 619)	high	dis	(724, 619)	N	dif	hori	left	True	1116305	1117652	left	1	4	37
6	wyt	f	21	1	90	diamond	red	(724, 619)	low	dis	(565, 619)	Y	same	vert	up	True	1118743	1119708	up	1	4	38
6	wyt	f	21	1	90	circle	red	(565, 619)	high	dis	(724, 619)	N	same	hori	left	True	1120740	1121588	left	1	4	39
6	wyt	f	21	1	90	circle	red	(565, 619)	high	no	no_dis	N	dif	vert	up	True	1122769	1123596	up	1	4	40
6	wyt	f	21	1	90	diamond	red	(565, 619)	high	dis	(565, 460)	N	dif	vert	up	True	1124827	1125788	up	1	4	41
6	wyt	f	21	1	90	diamond	red	(565, 619)	high	dis	(645, 428)	N	dif	hori	left	True	1126866	1127684	left	1	4	42
6	wyt	f	21	1	90	circle	red	(565, 619)	high	dis	(565, 460)	N	dif	hori	left	True	1128739	1129581	left	1	4	43
6	wyt	f	21	1	90	diamond	green	(724, 619)	low	no	no_dis	N	dif	hori	left	True	1130628	1131644	left	1	4	44
6	wyt	f	21	1	90	diamond	red	(565, 619)	high	dis	(724, 619)	N	dif	vert	up	True	1132775	1133637	up	1	4	45
6	wyt	f	21	1	90	diamond	red	(565, 619)	high	dis	(645, 428)	N	same	hori	left	True	1134782	1135804	left	1	4	46
6	wyt	f	21	1	90	circle	red	(565, 619)	high	dis	(724, 460)	N	same	hori	left	True	1136841	1137788	left	1	4	47
6	wyt	f	21	1	90	circle	green	(565, 619)	high	dis	(645, 428)	N	dif	vert	up	True	1138855	1139965	up	1	4	48
6	wyt	f	21	1	90	diamond	red	(565, 619)	high	no	no_dis	N	dif	vert	up	True	1140971	1141924	up	1	4	49
6	wyt	f	21	1	90	diamond	red	(565, 619)	high	dis	(533, 540)	N	dif	hori	left	True	1143151	1144028	left	1	4	50
6	wyt	f	21	1	90	diamond	red	(565, 619)	high	dis	(565, 460)	N	dif	hori	left	True	1145077	1146116	left	1	4	51
6	wyt	f	21	1	90	diamond	red	(565, 619)	high	no	no_dis	N	dif	hori	left	True	1147317	1148260	left	1	4	52
6	wyt	f	21	1	90	diamond	red	(565, 619)	high	no	no_dis	N	dif	vert	up	True	1149509	1150453	up	1	4	53
6	wyt	f	21	1	90	diamond	green	(565, 619)	high	no	no_dis	N	dif	vert	up	True	1151560	1152349	up	1	4	54
6	wyt	f	21	1	90	circle	green	(565, 619)	high	dis	(757, 540)	N	dif	hori	left	True	1153489	1155157	left	1	4	55
6	wyt	f	21	1	90	diamond	red	(565, 619)	high	no	no_dis	N	same	vert	up	True	1156361	1157213	up	1	4	56
6	wyt	f	21	1	90	circle	green	(565, 619)	high	no	no_dis	N	same	vert	up	True	1158462	1159437	up	1	4	57
6	wyt	f	21	1	90	diamond	green	(565, 460)	low	dis	(565, 619)	Y	same	vert	up	True	1160489	1161588	up	1	4	58
6	wyt	f	21	1	90	circle	green	(565, 619)	high	no	no_dis	N	dif	hori	left	True	1162804	1163788	left	1	4	59
6	wyt	f	21	1	90	diamond	green	(565, 619)	high	dis	(757, 540)	N	same	hori	left	True	1164969	1166117	up	0	4	60
6	wyt	f	21	1	90	diamond	green	(565, 619)	high	no	no_dis	N	same	vert	up	True	1168748	1169892	up	1	4	61
6	wyt	f	21	1	90	circle	red	(533, 540)	low	no	no_dis	N	same	hori	left	True	1171003	1171861	left	1	4	62
6	wyt	f	21	1	90	circle	green	(565, 619)	high	no	no_dis	N	same	vert	up	True	1172941	1173869	left	0	4	63
6	wyt	f	21	1	90	circle	red	(565, 619)	high	no	no_dis	N	same	hori	left	True	1176556	1177428	left	1	4	64
6	wyt	f	21	1	90	circle	red	(565, 619)	high	no	no_dis	N	dif	vert	up	True	1178611	1179508	up	1	4	65
6	wyt	f	21	1	90	circle	green	(565, 619)	high	dis	(533, 540)	N	dif	vert	up	True	1180571	1181573	up	1	4	66
6	wyt	f	21	1	90	diamond	red	(565, 619)	high	dis	(724, 619)	N	dif	vert	up	True	1182581	1183772	up	1	4	67
6	wyt	f	21	1	90	diamond	green	(565, 619)	high	dis	(533, 540)	N	same	hori	left	True	1184844	1185717	left	1	4	68
6	wyt	f	21	1	90	circle	green	(565, 619)	high	dis	(757, 540)	N	same	vert	up	True	1186775	1187629	up	1	4	69
6	wyt	f	21	1	90	diamond	green	(565, 619)	high	dis	(645, 652)	N	same	vert	up	True	1188727	1190236	up	1	4	70
6	wyt	f	21	1	90	circle	red	(565, 619)	high	no	no_dis	N	same	hori	left	True	1191275	1192236	left	1	4	71
6	wyt	f	21	1	90	circle	green	(565, 619)	high	dis	(645, 652)	N	same	hori	left	True	1193381	1194284	left	1	4	72
6	wyt	f	21	1	90	circle	red	(565, 619)	high	no	no_dis	N	dif	vert	up	True	1195411	1196260	up	1	4	73
6	wyt	f	21	1	90	diamond	green	(565, 619)	high	no	no_dis	N	same	hori	left	True	1197347	1199053	left	1	4	74
6	wyt	f	21	1	90	circle	green	(565, 619)	high	dis	(724, 460)	N	dif	hori	left	True	1200242	1201069	left	1	4	75
6	wyt	f	21	1	90	diamond	red	(565, 619)	high	dis	(645, 652)	N	dif	hori	left	True	1202087	1203309	left	1	4	76
6	wyt	f	21	1	90	diamond	green	(565, 619)	high	dis	(645, 652)	N	dif	hori	left	True	1204385	1205293	up	0	4	77
6	wyt	f	21	1	90	circle	red	(565, 619)	high	dis	(533, 540)	N	dif	vert	up	True	1207913	1208949	up	1	4	78
6	wyt	f	21	1	90	circle	green	(565, 619)	high	dis	(724, 460)	N	same	vert	up	True	1210039	1211013	up	1	4	79
6	wyt	f	21	1	90	circle	red	(565, 619)	high	no	no_dis	N	same	hori	left	True	1212233	1213044	left	1	4	80
6	wyt	f	21	1	90	diamond	green	(565, 619)	high	dis	(565, 460)	N	dif	hori	left	True	1214268	1216108	left	1	4	81
6	wyt	f	21	1	90	circle	red	(565, 619)	high	dis	(724, 619)	N	dif	vert	up	True	1217252	1218300	up	1	4	82
6	wyt	f	21	1	90	diamond	green	(565, 619)	high	dis	(533, 540)	N	same	hori	left	True	1219402	1221197	left	1	4	83
6	wyt	f	21	1	90	diamond	red	(565, 619)	high	dis	(533, 540)	N	dif	hori	left	True	1222447	1223396	left	1	4	84
6	wyt	f	21	1	90	diamond	green	(565, 619)	high	dis	(645, 428)	N	dif	vert	up	True	1224419	1225500	up	1	4	85
6	wyt	f	21	1	90	diamond	red	(565, 619)	high	dis	(724, 460)	N	same	vert	up	True	1226558	1227604	up	1	4	86
6	wyt	f	21	1	90	circle	red	(565, 619)	high	dis	(724, 460)	N	same	hori	left	True	1228767	1229692	left	1	4	87
6	wyt	f	21	1	90	diamond	red	(565, 619)	high	no	no_dis	N	dif	vert	up	True	1230720	1231780	up	1	4	88
6	wyt	f	21	1	90	circle	green	(565, 619)	high	no	no_dis	N	dif	vert	up	True	1233000	1234052	up	1	4	89
6	wyt	f	21	1	90	circle	green	(565, 619)	high	dis	(565, 460)	N	same	vert	up	True	1235207	1236228	up	1	4	90
6	wyt	f	21	1	90	circle	green	(724, 460)	low	dis	(565, 619)	Y	same	hori	left	True	1237437	1238420	left	1	4	91
6	wyt	f	21	1	90	diamond	green	(565, 619)	high	no	no_dis	N	same	vert	up	True	1239448	1240540	up	1	4	92
6	wyt	f	21	1	90	circle	green	(565, 619)	high	no	no_dis	N	same	hori	left	True	1241628	1242629	left	1	4	93
6	wyt	f	21	1	90	diamond	green	(565, 619)	high	dis	(724, 460)	N	dif	vert	up	True	1243735	1244805	up	1	4	94
6	wyt	f	21	1	90	circle	green	(565, 619)	high	dis	(724, 619)	N	same	vert	up	True	1245825	1247069	left	0	4	95
6	wyt	f	21	1	90	diamond	green	(565, 619)	high	dis	(645, 428)	N	same	vert	up	True	1249806	1251956	up	1	4	96
6	wyt	f	21	1	90	diamond	red	(565, 619)	high	dis	(724, 619)	N	dif	vert	up	True	1253166	1254108	up	1	4	97
6	wyt	f	21	1	90	circle	red	(565, 619)	high	dis	(533, 540)	N	same	hori	left	True	1255145	1256924	left	1	4	98
6	wyt	f	21	1	90	diamond	green	(565, 619)	high	no	no_dis	N	same	hori	left	True	1258034	1259581	left	1	4	99
6	wyt	f	21	1	90	circle	red	(565, 619)	high	dis	(565, 460)	N	same	vert	up	True	1260702	1261917	up	1	4	100
6	wyt	f	21	1	90	circle	red	(565, 619)	high	no	no_dis	N	dif	hori	left	True	1263010	1264092	left	1	4	101
6	wyt	f	21	1	90	diamond	green	(565, 619)	high	no	no_dis	N	dif	hori	left	True	1265263	1266909	left	1	4	102
6	wyt	f	21	1	90	diamond	green	(565, 619)	high	dis	(645, 428)	N	dif	vert	up	True	1268071	1269332	up	1	4	103
6	wyt	f	21	1	90	circle	green	(565, 619)	high	no	no_dis	N	dif	hori	left	True	1270370	1271212	left	1	4	104
6	wyt	f	21	1	90	diamond	green	(565, 619)	high	dis	(757, 540)	N	same	vert	up	True	1272284	1273564	up	1	4	105
6	wyt	f	21	1	90	diamond	red	(565, 619)	high	dis	(565, 460)	N	dif	vert	up	True	1274645	1275516	up	1	4	106
6	wyt	f	21	1	90	diamond	green	(565, 619)	high	no	no_dis	N	dif	vert	up	True	1276582	1277972	up	1	4	107
6	wyt	f	21	1	90	circle	red	(565, 619)	high	dis	(645, 652)	N	dif	hori	left	True	1279026	1279804	left	1	4	108
6	wyt	f	21	1	90	circle	green	(565, 619)	high	dis	(645, 652)	N	same	hori	left	True	1280910	1281900	left	1	4	109
6	wyt	f	21	1	90	circle	green	(565, 619)	high	no	no_dis	N	dif	hori	left	True	1282987	1283781	left	1	4	110
6	wyt	f	21	1	90	diamond	red	(565, 619)	high	no	no_dis	N	same	vert	up	True	1284856	1286237	up	1	4	111
6	wyt	f	21	1	90	diamond	green	(565, 619)	high	dis	(757, 540)	N	dif	vert	up	True	1287474	1288324	up	1	4	112
6	wyt	f	21	1	90	circle	red	(533, 540)	low	dis	(565, 619)	Y	same	hori	left	True	1289348	1290468	left	1	4	113
6	wyt	f	21	1	90	diamond	red	(565, 619)	high	no	no_dis	N	same	vert	up	True	1291682	1292596	up	1	4	114
6	wyt	f	21	1	90	circle	red	(757, 540)	low	dis	(565, 619)	Y	dif	vert	up	True	1293609	1294988	up	1	4	115
6	wyt	f	21	1	90	circle	green	(565, 619)	high	no	no_dis	N	same	vert	up	True	1296007	1297204	up	1	4	116
6	wyt	f	21	1	90	diamond	green	(565, 619)	high	dis	(645, 652)	N	same	hori	left	True	1298453	1299980	left	1	4	117
6	wyt	f	21	1	90	diamond	green	(565, 619)	high	dis	(757, 540)	N	same	hori	left	True	1301038	1302780	left	1	4	118
6	wyt	f	21	1	90	circle	red	(565, 619)	high	dis	(533, 540)	N	same	hori	left	True	1304031	1305308	left	1	4	119
6	wyt	f	21	1	90	diamond	green	(565, 619)	high	dis	(757, 540)	N	same	vert	up	True	1306476	1307716	up	1	4	120
6	wyt	f	21	1	90	diamond	green	(565, 619)	high	no	no_dis	N	dif	hori	left	True	1425226	1426420	left	1	5	1
6	wyt	f	21	1	90	diamond	green	(565, 619)	high	dis	(724, 619)	N	dif	vert	up	True	1427430	1428476	up	1	5	2
6	wyt	f	21	1	90	circle	red	(565, 619)	high	no	no_dis	N	same	hori	left	True	1429570	1430500	left	1	5	3
6	wyt	f	21	1	90	diamond	red	(565, 619)	high	dis	(645, 652)	N	dif	hori	left	True	1431678	1432715	left	1	5	4
6	wyt	f	21	1	90	circle	green	(565, 619)	high	no	no_dis	N	same	hori	left	True	1433734	1434724	left	1	5	5
6	wyt	f	21	1	90	circle	green	(565, 619)	high	dis	(757, 540)	N	dif	hori	left	True	1435780	1436580	left	1	5	6
6	wyt	f	21	1	90	diamond	red	(565, 619)	high	no	no_dis	N	same	hori	left	True	1437795	1438732	left	1	5	7
6	wyt	f	21	1	90	circle	green	(565, 619)	high	dis	(645, 428)	N	dif	hori	left	True	1439806	1440580	left	1	5	8
6	wyt	f	21	1	90	circle	red	(533, 540)	low	dis	(565, 619)	Y	same	hori	left	True	1441687	1442796	left	1	5	9
6	wyt	f	21	1	90	diamond	green	(565, 619)	high	dis	(757, 540)	N	same	vert	up	True	1443997	1445020	up	1	5	10
6	wyt	f	21	1	90	diamond	green	(565, 619)	high	dis	(645, 652)	N	dif	hori	left	True	1446025	1446884	left	1	5	11
6	wyt	f	21	1	90	diamond	red	(565, 619)	high	dis	(724, 460)	N	same	hori	left	True	1448108	1449028	left	1	5	12
6	wyt	f	21	1	90	diamond	red	(565, 619)	high	dis	(565, 460)	N	same	hori	left	True	1450139	1451140	left	1	5	13
6	wyt	f	21	1	90	circle	red	(565, 619)	high	dis	(533, 540)	N	same	hori	left	True	1452367	1453899	left	1	5	14
6	wyt	f	21	1	90	diamond	red	(565, 619)	high	dis	(565, 460)	N	same	hori	left	True	1455008	1456268	left	1	5	15
6	wyt	f	21	1	90	circle	green	(565, 619)	high	dis	(757, 540)	N	dif	vert	up	True	1457379	1458412	up	1	5	16
6	wyt	f	21	1	90	diamond	red	(565, 619)	high	dis	(645, 428)	N	same	hori	left	True	1459528	1460403	left	1	5	17
6	wyt	f	21	1	90	circle	red	(565, 619)	high	no	no_dis	N	same	hori	left	True	1461607	1462396	left	1	5	18
6	wyt	f	21	1	90	diamond	red	(724, 619)	low	dis	(565, 619)	Y	same	vert	up	True	1463613	1464731	up	1	5	19
6	wyt	f	21	1	90	diamond	green	(565, 619)	high	no	no_dis	N	same	hori	left	True	1465981	1466972	left	1	5	20
6	wyt	f	21	1	90	circle	green	(565, 619)	high	dis	(757, 540)	N	same	vert	up	True	1468184	1469236	up	1	5	21
6	wyt	f	21	1	90	diamond	green	(565, 619)	high	no	no_dis	N	same	hori	left	True	1470377	1471740	left	1	5	22
6	wyt	f	21	1	90	circle	red	(565, 619)	high	dis	(724, 460)	N	same	vert	up	True	1472778	1473804	up	1	5	23
6	wyt	f	21	1	90	diamond	red	(645, 428)	low	dis	(565, 619)	Y	dif	vert	up	True	1474997	1476276	up	1	5	24
6	wyt	f	21	1	90	diamond	red	(565, 619)	high	no	no_dis	N	dif	vert	up	True	1477471	1478627	up	1	5	25
6	wyt	f	21	1	90	circle	red	(565, 619)	high	dis	(565, 460)	N	dif	vert	up	True	1479806	1480812	up	1	5	26
6	wyt	f	21	1	90	circle	red	(565, 619)	high	dis	(645, 428)	N	same	hori	left	True	1481991	1483163	left	1	5	27
6	wyt	f	21	1	90	circle	green	(565, 619)	high	dis	(724, 619)	N	same	vert	up	True	1484276	1485492	up	1	5	28
6	wyt	f	21	1	90	diamond	green	(565, 460)	low	dis	(565, 619)	Y	dif	hori	left	True	1486523	1488100	left	1	5	29
6	wyt	f	21	1	90	circle	red	(565, 619)	high	no	no_dis	N	same	vert	up	True	1489261	1490515	up	1	5	30
6	wyt	f	21	1	90	circle	red	(565, 619)	high	dis	(533, 540)	N	dif	vert	up	True	1491733	1492860	up	1	5	31
6	wyt	f	21	1	90	diamond	green	(565, 619)	high	no	no_dis	N	same	vert	up	True	1494020	1495252	up	1	5	32
6	wyt	f	21	1	90	circle	red	(565, 619)	high	no	no_dis	N	dif	hori	left	True	1496492	1497499	left	1	5	33
6	wyt	f	21	1	90	diamond	red	(565, 619)	high	no	no_dis	N	dif	vert	up	True	1498579	1500724	up	1	5	34
6	wyt	f	21	1	90	circle	green	(565, 619)	high	no	no_dis	N	same	hori	left	True	1501967	1502988	left	1	5	35
6	wyt	f	21	1	90	diamond	red	(565, 619)	high	dis	(533, 540)	N	same	vert	up	True	1504040	1505348	up	1	5	36
6	wyt	f	21	1	90	diamond	red	(565, 619)	high	dis	(645, 652)	N	same	hori	left	True	1506494	1507603	left	1	5	37
6	wyt	f	21	1	90	diamond	green	(565, 619)	high	dis	(724, 619)	N	dif	hori	left	True	1508791	1509860	left	1	5	38
6	wyt	f	21	1	90	circle	green	(645, 652)	low	dis	(565, 619)	Y	same	vert	up	True	1510871	1512380	up	1	5	39
6	wyt	f	21	1	90	circle	green	(565, 619)	high	dis	(645, 428)	N	dif	vert	up	True	1513575	1514603	up	1	5	40
6	wyt	f	21	1	90	circle	green	(565, 619)	high	dis	(757, 540)	N	dif	vert	up	True	1515723	1516915	up	1	5	41
6	wyt	f	21	1	90	diamond	green	(565, 619)	high	dis	(645, 428)	N	same	vert	up	True	1518001	1519164	up	1	5	42
6	wyt	f	21	1	90	circle	red	(565, 619)	high	dis	(565, 460)	N	same	vert	up	True	1520403	1521756	up	1	5	43
6	wyt	f	21	1	90	diamond	red	(565, 619)	high	no	no_dis	N	dif	hori	left	True	1522815	1524467	left	1	5	44
6	wyt	f	21	1	90	diamond	red	(565, 619)	high	no	no_dis	N	same	vert	up	True	1525652	1527436	up	1	5	45
6	wyt	f	21	1	90	circle	green	(565, 619)	high	no	no_dis	N	same	vert	up	True	1528492	1529756	up	1	5	46
6	wyt	f	21	1	90	diamond	green	(565, 619)	high	no	no_dis	N	dif	vert	up	True	1530830	1532075	up	1	5	47
6	wyt	f	21	1	90	diamond	red	(565, 619)	high	dis	(565, 460)	N	dif	hori	left	True	1533167	1534492	left	1	5	48
6	wyt	f	21	1	90	circle	green	(565, 619)	high	no	no_dis	N	dif	vert	up	True	1535564	1536940	left	0	5	49
6	wyt	f	21	1	90	diamond	green	(565, 619)	high	dis	(645, 652)	N	dif	hori	left	True	1539626	1540764	left	1	5	50
6	wyt	f	21	1	90	diamond	green	(565, 619)	high	no	no_dis	N	same	vert	up	True	1541785	1542908	up	1	5	51
6	wyt	f	21	1	90	diamond	green	(565, 619)	high	dis	(533, 540)	N	dif	hori	left	True	1544087	1545139	left	1	5	52
6	wyt	f	21	1	90	circle	green	(565, 619)	high	no	no_dis	N	dif	hori	left	True	1546337	1547396	left	1	5	53
6	wyt	f	21	1	90	circle	red	(565, 619)	high	dis	(757, 540)	N	same	vert	up	True	1548434	1549484	up	1	5	54
6	wyt	f	21	1	90	circle	green	(724, 460)	low	dis	(565, 619)	Y	dif	vert	up	True	1550488	1551540	up	1	5	55
6	wyt	f	21	1	90	circle	red	(565, 619)	high	dis	(533, 540)	N	dif	hori	left	True	1552760	1553891	left	1	5	56
6	wyt	f	21	1	90	diamond	green	(565, 619)	high	no	no_dis	N	dif	vert	up	True	1555099	1556116	up	1	5	57
6	wyt	f	21	1	90	circle	green	(565, 619)	high	no	no_dis	N	dif	vert	up	True	1557194	1558307	up	1	5	58
6	wyt	f	21	1	90	diamond	red	(565, 619)	high	dis	(724, 460)	N	dif	vert	up	True	1559356	1560388	up	1	5	59
6	wyt	f	21	1	90	circle	red	(565, 619)	high	dis	(724, 460)	N	same	vert	up	True	1561529	1562451	up	1	5	60
6	wyt	f	21	1	90	circle	red	(565, 619)	high	no	no_dis	N	dif	hori	left	True	1563468	1564324	left	1	5	61
6	wyt	f	21	1	90	circle	green	(565, 619)	high	no	no_dis	N	dif	hori	left	True	1565413	1566203	left	1	5	62
6	wyt	f	21	1	90	diamond	red	(565, 619)	high	no	no_dis	N	dif	hori	left	True	1567265	1568451	left	1	5	63
6	wyt	f	21	1	90	circle	green	(565, 619)	high	dis	(645, 652)	N	same	vert	up	True	1569530	1570507	up	1	5	64
6	wyt	f	21	1	90	circle	green	(565, 619)	high	dis	(565, 460)	N	same	hori	left	True	1571514	1572539	left	1	5	65
6	wyt	f	21	1	90	diamond	red	(565, 619)	high	dis	(645, 652)	N	same	hori	left	True	1573647	1574659	left	1	5	66
6	wyt	f	21	1	90	circle	green	(565, 619)	high	dis	(645, 428)	N	same	vert	up	True	1575819	1577052	up	1	5	67
6	wyt	f	21	1	90	diamond	green	(565, 619)	high	dis	(645, 652)	N	same	vert	up	True	1578254	1579228	up	1	5	68
6	wyt	f	21	1	90	circle	red	(565, 619)	high	dis	(757, 540)	N	same	vert	up	True	1580403	1581339	up	1	5	69
6	wyt	f	21	1	90	circle	green	(565, 619)	high	dis	(645, 652)	N	same	vert	up	True	1582522	1583700	up	1	5	70
6	wyt	f	21	1	90	circle	red	(565, 619)	high	dis	(645, 428)	N	dif	vert	up	True	1584889	1585787	up	1	5	71
6	wyt	f	21	1	90	diamond	red	(565, 619)	high	dis	(757, 540)	N	same	vert	up	True	1586964	1588060	up	1	5	72
6	wyt	f	21	1	90	circle	green	(645, 428)	low	no	no_dis	N	dif	hori	left	True	1589156	1590276	left	1	5	73
6	wyt	f	21	1	90	diamond	red	(565, 619)	high	dis	(724, 460)	N	dif	hori	left	True	1591390	1592539	left	1	5	74
6	wyt	f	21	1	90	circle	red	(565, 619)	high	dis	(757, 540)	N	dif	vert	up	True	1593625	1594467	up	1	5	75
6	wyt	f	21	1	90	diamond	red	(565, 619)	high	dis	(724, 619)	N	dif	hori	left	True	1595671	1596659	left	1	5	76
6	wyt	f	21	1	90	diamond	green	(565, 619)	high	dis	(724, 460)	N	same	hori	left	True	1597818	1599044	left	1	5	77
6	wyt	f	21	1	90	diamond	red	(565, 619)	high	dis	(533, 540)	N	dif	hori	left	True	1600222	1601243	left	1	5	78
6	wyt	f	21	1	90	circle	green	(565, 619)	high	dis	(724, 619)	N	dif	vert	up	True	1602277	1604203	up	1	5	79
6	wyt	f	21	1	90	diamond	red	(565, 619)	high	no	no_dis	N	same	vert	up	True	1605248	1606340	up	1	5	80
6	wyt	f	21	1	90	circle	green	(565, 619)	high	dis	(645, 652)	N	dif	hori	left	True	1607393	1608388	left	1	5	81
6	wyt	f	21	1	90	diamond	green	(565, 619)	high	dis	(565, 460)	N	dif	vert	up	True	1609531	1610620	up	1	5	82
6	wyt	f	21	1	90	diamond	green	(565, 619)	high	dis	(724, 619)	N	dif	vert	up	True	1611725	1614204	up	1	5	83
6	wyt	f	21	1	90	diamond	green	(724, 619)	low	dis	(565, 619)	Y	dif	hori	left	True	1615259	1616372	left	1	5	84
6	wyt	f	21	1	90	diamond	green	(565, 619)	high	dis	(724, 619)	N	dif	hori	left	True	1617570	1618691	left	1	5	85
6	wyt	f	21	1	90	circle	red	(565, 619)	high	dis	(565, 460)	N	same	hori	left	True	1619919	1621323	left	1	5	86
6	wyt	f	21	1	90	circle	red	(565, 619)	high	no	no_dis	N	same	vert	up	True	1622434	1623516	up	1	5	87
6	wyt	f	21	1	90	diamond	green	(565, 619)	high	dis	(645, 652)	N	same	hori	left	True	1624683	1625899	left	1	5	88
6	wyt	f	21	1	90	circle	green	(565, 619)	high	dis	(645, 428)	N	same	vert	up	True	1627116	1628140	up	1	5	89
6	wyt	f	21	1	90	circle	green	(565, 619)	high	no	no_dis	N	dif	vert	up	True	1629391	1630787	up	1	5	90
6	wyt	f	21	1	90	diamond	green	(565, 619)	high	dis	(533, 540)	N	dif	hori	left	True	1631897	1633084	left	1	5	91
6	wyt	f	21	1	90	circle	red	(757, 540)	low	dis	(565, 619)	Y	same	hori	left	True	1634100	1635316	left	1	5	92
6	wyt	f	21	1	90	diamond	red	(565, 619)	high	dis	(724, 460)	N	same	hori	left	True	1636438	1638315	left	1	5	93
6	wyt	f	21	1	90	diamond	green	(565, 619)	high	no	no_dis	N	dif	vert	up	True	1639518	1640475	up	1	5	94
6	wyt	f	21	1	90	circle	red	(565, 619)	high	no	no_dis	N	dif	hori	left	True	1641537	1642780	left	1	5	95
6	wyt	f	21	1	90	circle	red	(565, 619)	high	no	no_dis	N	same	hori	left	True	1643925	1644684	left	1	5	96
6	wyt	f	21	1	90	diamond	red	(565, 619)	high	dis	(565, 460)	N	dif	hori	left	True	1645922	1647003	left	1	5	97
6	wyt	f	21	1	90	diamond	green	(645, 652)	low	no	no_dis	N	same	vert	up	True	1648255	1649380	up	1	5	98
6	wyt	f	21	1	90	circle	red	(565, 619)	high	no	no_dis	N	same	vert	up	True	1650549	1651596	up	1	5	99
6	wyt	f	21	1	90	diamond	red	(565, 619)	high	dis	(533, 540)	N	same	hori	left	True	1652821	1654012	left	1	5	100
6	wyt	f	21	1	90	circle	red	(565, 619)	high	dis	(724, 619)	N	same	hori	left	True	1655136	1655963	left	1	5	101
6	wyt	f	21	1	90	circle	red	(565, 619)	high	dis	(645, 652)	N	dif	vert	up	True	1657066	1658188	up	1	5	102
6	wyt	f	21	1	90	circle	red	(565, 619)	high	dis	(724, 619)	N	same	hori	left	True	1659412	1660323	left	1	5	103
6	wyt	f	21	1	90	diamond	red	(757, 540)	low	no	no_dis	N	same	hori	left	True	1661334	1662323	left	1	5	104
6	wyt	f	21	1	90	circle	red	(724, 619)	low	no	no_dis	N	dif	vert	up	True	1663409	1664524	up	1	5	105
6	wyt	f	21	1	90	circle	green	(565, 619)	high	no	no_dis	N	same	vert	up	True	1665712	1666523	up	1	5	106
6	wyt	f	21	1	90	diamond	green	(565, 619)	high	dis	(724, 460)	N	dif	vert	up	True	1667696	1669019	up	1	5	107
6	wyt	f	21	1	90	circle	green	(565, 619)	high	dis	(565, 460)	N	dif	hori	left	True	1670249	1671123	left	1	5	108
6	wyt	f	21	1	90	diamond	green	(565, 619)	high	dis	(645, 428)	N	same	vert	up	True	1672277	1673396	up	1	5	109
6	wyt	f	21	1	90	circle	green	(565, 619)	high	dis	(533, 540)	N	same	vert	up	True	1674532	1675492	up	1	5	110
6	wyt	f	21	1	90	diamond	green	(565, 619)	high	dis	(724, 460)	N	same	hori	left	True	1676722	1677676	left	1	5	111
6	wyt	f	21	1	90	diamond	red	(565, 619)	high	dis	(724, 460)	N	dif	hori	left	True	1678750	1679507	left	1	5	112
6	wyt	f	21	1	90	circle	red	(565, 619)	high	dis	(533, 540)	N	dif	vert	up	True	1680550	1681339	up	1	5	113
6	wyt	f	21	1	90	diamond	green	(565, 619)	high	dis	(533, 540)	N	dif	vert	up	True	1682549	1683908	up	1	5	114
6	wyt	f	21	1	90	circle	red	(565, 619)	high	dis	(757, 540)	N	dif	vert	up	True	1684988	1685771	up	1	5	115
6	wyt	f	21	1	90	diamond	green	(565, 619)	high	no	no_dis	N	dif	vert	up	True	1686830	1687828	up	1	5	116
6	wyt	f	21	1	90	circle	green	(565, 619)	high	dis	(645, 428)	N	same	hori	left	True	1688905	1689684	left	1	5	117
6	wyt	f	21	1	90	circle	green	(565, 619)	high	dis	(724, 619)	N	dif	vert	up	True	1690906	1691923	up	1	5	118
6	wyt	f	21	1	90	diamond	red	(565, 619)	high	no	no_dis	N	same	hori	left	True	1693143	1693843	left	1	5	119
6	wyt	f	21	1	90	diamond	red	(565, 619)	high	no	no_dis	N	dif	hori	left	True	1695095	1695739	left	1	5	120
6	wyt	f	21	1	90	diamond	red	(565, 619)	high	no	no_dis	N	same	vert	up	True	1769890	1770852	up	1	6	1
6	wyt	f	21	1	90	diamond	green	(565, 619)	high	no	no_dis	N	same	hori	left	True	1771977	1772907	left	1	6	2
6	wyt	f	21	1	90	circle	green	(565, 619)	high	dis	(645, 428)	N	same	vert	up	True	1774136	1775051	up	1	6	3
6	wyt	f	21	1	90	circle	green	(565, 619)	high	dis	(757, 540)	N	dif	vert	up	True	1776281	1777356	up	1	6	4
6	wyt	f	21	1	90	diamond	green	(565, 619)	high	dis	(645, 652)	N	same	vert	up	True	1778498	1779451	up	1	6	5
6	wyt	f	21	1	90	diamond	red	(565, 619)	high	no	no_dis	N	same	vert	up	True	1780591	1781483	up	1	6	6
6	wyt	f	21	1	90	circle	red	(565, 619)	high	no	no_dis	N	dif	vert	up	True	1782595	1783403	up	1	6	7
6	wyt	f	21	1	90	circle	green	(565, 619)	high	no	no_dis	N	dif	hori	left	True	1784495	1785435	left	1	6	8
6	wyt	f	21	1	90	circle	green	(565, 619)	high	no	no_dis	N	dif	hori	left	True	1786681	1787563	left	1	6	9
6	wyt	f	21	1	90	diamond	green	(565, 619)	high	dis	(724, 460)	N	dif	vert	up	True	1788797	1790139	up	1	6	10
6	wyt	f	21	1	90	diamond	red	(645, 428)	low	dis	(565, 619)	Y	same	hori	left	True	1791217	1792260	left	1	6	11
6	wyt	f	21	1	90	circle	red	(565, 619)	high	no	no_dis	N	dif	hori	left	True	1793466	1794483	left	1	6	12
6	wyt	f	21	1	90	diamond	red	(565, 619)	high	no	no_dis	N	same	vert	up	True	1795521	1796516	up	1	6	13
6	wyt	f	21	1	90	circle	red	(565, 619)	high	dis	(724, 619)	N	same	vert	up	True	1797529	1798419	up	1	6	14
6	wyt	f	21	1	90	circle	red	(565, 619)	high	dis	(724, 619)	N	same	hori	left	True	1799582	1800475	left	1	6	15
6	wyt	f	21	1	90	diamond	green	(565, 619)	high	dis	(533, 540)	N	dif	vert	up	True	1801512	1802515	up	1	6	16
6	wyt	f	21	1	90	diamond	red	(565, 619)	high	dis	(645, 652)	N	dif	vert	up	True	1803672	1804675	up	1	6	17
6	wyt	f	21	1	90	circle	green	(565, 619)	high	dis	(724, 460)	N	dif	vert	up	True	1805879	1806587	up	1	6	18
6	wyt	f	21	1	90	diamond	red	(565, 619)	high	dis	(757, 540)	N	same	hori	left	True	1807806	1808827	left	1	6	19
6	wyt	f	21	1	90	diamond	green	(533, 540)	low	dis	(565, 619)	Y	dif	vert	up	True	1809845	1810731	up	1	6	20
6	wyt	f	21	1	90	circle	red	(565, 619)	high	no	no_dis	N	dif	vert	up	True	1811981	1813059	up	1	6	21
6	wyt	f	21	1	90	diamond	green	(565, 619)	high	no	no_dis	N	same	vert	up	True	1814068	1814923	up	1	6	22
6	wyt	f	21	1	90	diamond	green	(565, 619)	high	dis	(724, 619)	N	dif	vert	up	True	1816059	1818052	up	1	6	23
6	wyt	f	21	1	90	diamond	red	(565, 619)	high	dis	(757, 540)	N	same	hori	left	True	1819113	1819963	left	1	6	24
6	wyt	f	21	1	90	circle	green	(565, 619)	high	dis	(645, 428)	N	dif	hori	left	True	1820981	1821851	left	1	6	25
6	wyt	f	21	1	90	circle	green	(565, 619)	high	dis	(565, 460)	N	dif	hori	left	True	1822956	1823891	left	1	6	26
6	wyt	f	21	1	90	diamond	green	(565, 619)	high	dis	(724, 619)	N	same	hori	left	True	1825123	1825947	left	1	6	27
6	wyt	f	21	1	90	circle	green	(565, 619)	high	dis	(645, 428)	N	dif	hori	left	True	1827122	1828003	left	1	6	28
6	wyt	f	21	1	90	diamond	green	(565, 619)	high	no	no_dis	N	same	vert	up	True	1829133	1830284	up	1	6	29
6	wyt	f	21	1	90	circle	green	(565, 619)	high	dis	(645, 652)	N	dif	hori	left	True	1831402	1832348	left	1	6	30
6	wyt	f	21	1	90	diamond	red	(565, 619)	high	no	no_dis	N	same	hori	left	True	1833594	1834987	left	1	6	31
6	wyt	f	21	1	90	diamond	green	(565, 619)	high	dis	(645, 428)	N	dif	vert	up	True	1836127	1837139	up	1	6	32
6	wyt	f	21	1	90	diamond	green	(565, 619)	high	dis	(724, 460)	N	dif	hori	left	True	1838277	1839755	left	1	6	33
6	wyt	f	21	1	90	diamond	red	(565, 619)	high	no	no_dis	N	same	vert	up	True	1840843	1841859	up	1	6	34
6	wyt	f	21	1	90	diamond	red	(565, 619)	high	no	no_dis	N	dif	vert	up	True	1842902	1843851	up	1	6	35
6	wyt	f	21	1	90	circle	green	(565, 619)	high	dis	(533, 540)	N	same	hori	left	True	1845103	1846499	left	1	6	36
6	wyt	f	21	1	90	diamond	green	(565, 619)	high	dis	(645, 428)	N	same	vert	up	True	1847743	1848859	up	1	6	37
6	wyt	f	21	1	90	circle	red	(565, 619)	high	dis	(645, 428)	N	dif	vert	up	True	1850072	1850891	up	1	6	38
6	wyt	f	21	1	90	circle	green	(565, 619)	high	no	no_dis	N	same	hori	left	True	1851967	1852947	left	1	6	39
6	wyt	f	21	1	90	circle	green	(565, 619)	high	no	no_dis	N	dif	hori	left	True	1854165	1855011	left	1	6	40
6	wyt	f	21	1	90	diamond	green	(565, 619)	high	no	no_dis	N	same	hori	left	True	1856190	1857251	left	1	6	41
6	wyt	f	21	1	90	diamond	red	(565, 619)	high	dis	(565, 460)	N	dif	hori	left	True	1858328	1859459	left	1	6	42
6	wyt	f	21	1	90	circle	red	(565, 619)	high	dis	(533, 540)	N	dif	hori	left	True	1860520	1862235	left	1	6	43
6	wyt	f	21	1	90	diamond	red	(565, 619)	high	no	no_dis	N	dif	vert	up	True	1863314	1864483	up	1	6	44
6	wyt	f	21	1	90	circle	red	(565, 619)	high	no	no_dis	N	dif	hori	left	True	1865622	1866547	left	1	6	45
6	wyt	f	21	1	90	circle	red	(565, 619)	high	dis	(757, 540)	N	dif	vert	up	True	1867782	1868692	up	1	6	46
6	wyt	f	21	1	90	diamond	red	(565, 619)	high	no	no_dis	N	same	vert	up	True	1869781	1870907	up	1	6	47
6	wyt	f	21	1	90	circle	green	(565, 619)	high	no	no_dis	N	dif	hori	left	True	1872082	1872947	left	1	6	48
6	wyt	f	21	1	90	diamond	red	(565, 619)	high	dis	(533, 540)	N	dif	vert	up	True	1874078	1875291	up	1	6	49
6	wyt	f	21	1	90	circle	red	(565, 619)	high	dis	(645, 652)	N	same	vert	up	True	1876363	1877211	up	1	6	50
6	wyt	f	21	1	90	circle	red	(565, 619)	high	no	no_dis	N	dif	vert	up	True	1878238	1879035	up	1	6	51
6	wyt	f	21	1	90	circle	green	(565, 619)	high	no	no_dis	N	dif	hori	left	True	1880168	1880987	left	1	6	52
6	wyt	f	21	1	90	diamond	red	(565, 619)	high	dis	(645, 428)	N	same	vert	up	True	1882090	1883107	up	1	6	53
6	wyt	f	21	1	90	circle	green	(565, 619)	high	dis	(645, 428)	N	same	hori	left	True	1884335	1885315	left	1	6	54
6	wyt	f	21	1	90	diamond	red	(565, 619)	high	dis	(724, 460)	N	same	hori	left	True	1886433	1887931	left	1	6	55
6	wyt	f	21	1	90	circle	green	(565, 619)	high	dis	(645, 652)	N	same	vert	up	True	1889008	1889924	up	1	6	56
6	wyt	f	21	1	90	circle	red	(565, 619)	high	dis	(645, 652)	N	same	hori	left	True	1891144	1892003	left	1	6	57
6	wyt	f	21	1	90	circle	green	(565, 619)	high	no	no_dis	N	dif	vert	up	True	1893212	1893979	up	1	6	58
6	wyt	f	21	1	90	circle	green	(565, 619)	high	no	no_dis	N	dif	hori	left	True	1895178	1896188	left	1	6	59
6	wyt	f	21	1	90	circle	green	(724, 460)	low	dis	(565, 619)	Y	dif	hori	left	True	1897353	1898483	left	1	6	60
6	wyt	f	21	1	90	diamond	green	(565, 619)	high	dis	(724, 460)	N	same	hori	left	True	1899641	1900708	left	1	6	61
6	wyt	f	21	1	90	diamond	red	(724, 619)	low	dis	(565, 619)	Y	same	hori	left	True	1901726	1903147	left	1	6	62
6	wyt	f	21	1	90	circle	red	(565, 619)	high	dis	(533, 540)	N	dif	hori	left	True	1904337	1905635	left	1	6	63
6	wyt	f	21	1	90	diamond	green	(565, 619)	high	dis	(724, 460)	N	dif	vert	up	True	1906644	1907724	up	1	6	64
6	wyt	f	21	1	90	circle	red	(565, 619)	high	dis	(724, 619)	N	dif	hori	left	True	1908971	1909739	left	1	6	65
6	wyt	f	21	1	90	diamond	green	(565, 460)	low	dis	(565, 619)	Y	dif	hori	left	True	1910926	1912179	left	1	6	66
6	wyt	f	21	1	90	diamond	green	(565, 619)	high	dis	(565, 460)	N	same	vert	up	True	1913361	1914555	up	1	6	67
6	wyt	f	21	1	90	circle	red	(565, 619)	high	dis	(757, 540)	N	same	vert	up	True	1915721	1917843	up	1	6	68
6	wyt	f	21	1	90	circle	green	(565, 619)	high	dis	(757, 540)	N	same	vert	up	True	1919028	1920051	up	1	6	69
6	wyt	f	21	1	90	circle	red	(533, 540)	low	dis	(565, 619)	Y	same	vert	up	True	1921124	1923083	up	1	6	70
6	wyt	f	21	1	90	circle	red	(565, 619)	high	no	no_dis	N	dif	vert	up	True	1924114	1925235	up	1	6	71
6	wyt	f	21	1	90	circle	red	(565, 619)	high	dis	(565, 460)	N	dif	hori	left	True	1926300	1927059	left	1	6	72
6	wyt	f	21	1	90	circle	red	(565, 619)	high	dis	(565, 460)	N	same	hori	left	True	1928254	1929019	left	1	6	73
6	wyt	f	21	1	90	diamond	green	(565, 619)	high	dis	(757, 540)	N	dif	vert	up	True	1930150	1931307	up	1	6	74
6	wyt	f	21	1	90	circle	green	(565, 619)	high	dis	(724, 460)	N	dif	vert	up	True	1932436	1933315	up	1	6	75
6	wyt	f	21	1	90	diamond	green	(565, 619)	high	dis	(724, 460)	N	dif	hori	left	True	1934339	1936163	left	1	6	76
6	wyt	f	21	1	90	circle	red	(565, 619)	high	no	no_dis	N	same	hori	left	True	1937239	1938131	left	1	6	77
6	wyt	f	21	1	90	circle	green	(565, 619)	high	dis	(724, 619)	N	same	hori	left	True	1939162	1940179	left	1	6	78
6	wyt	f	21	1	90	circle	green	(565, 619)	high	no	no_dis	N	same	hori	left	True	1941247	1941995	left	1	6	79
6	wyt	f	21	1	90	diamond	green	(565, 619)	high	no	no_dis	N	same	hori	left	True	1943109	1944235	left	1	6	80
6	wyt	f	21	1	90	diamond	red	(565, 619)	high	dis	(757, 540)	N	same	vert	up	True	1945421	1946467	up	1	6	81
6	wyt	f	21	1	90	circle	red	(565, 619)	high	dis	(565, 460)	N	same	vert	up	True	1947494	1948467	up	1	6	82
6	wyt	f	21	1	90	circle	green	(565, 619)	high	dis	(645, 428)	N	dif	vert	up	True	1949526	1950388	up	1	6	83
6	wyt	f	21	1	90	circle	red	(724, 619)	low	no	no_dis	N	same	hori	left	True	1951421	1952275	left	1	6	84
6	wyt	f	21	1	90	diamond	green	(565, 619)	high	no	no_dis	N	dif	vert	up	True	1953401	1954587	up	1	6	85
6	wyt	f	21	1	90	circle	red	(565, 619)	high	dis	(565, 460)	N	dif	hori	left	True	1955775	1956731	left	1	6	86
6	wyt	f	21	1	90	diamond	red	(565, 619)	high	dis	(533, 540)	N	same	vert	up	True	1957948	1959683	up	1	6	87
6	wyt	f	21	1	90	diamond	red	(565, 619)	high	dis	(645, 428)	N	dif	vert	up	True	1960776	1961810	up	1	6	88
6	wyt	f	21	1	90	diamond	green	(565, 619)	high	dis	(565, 460)	N	same	hori	left	True	1962916	1964050	left	1	6	89
6	wyt	f	21	1	90	circle	green	(645, 428)	low	no	no_dis	N	dif	vert	up	True	1965141	1966179	up	1	6	90
6	wyt	f	21	1	90	diamond	red	(565, 619)	high	dis	(565, 460)	N	same	vert	up	True	1967430	1968508	up	1	6	91
6	wyt	f	21	1	90	diamond	green	(565, 619)	high	no	no_dis	N	dif	vert	up	True	1969562	1970571	up	1	6	92
6	wyt	f	21	1	90	diamond	green	(565, 619)	high	dis	(645, 652)	N	dif	hori	left	True	1971637	1972403	left	1	6	93
6	wyt	f	21	1	90	circle	red	(565, 619)	high	dis	(724, 619)	N	dif	vert	up	True	1973578	1974819	up	1	6	94
6	wyt	f	21	1	90	diamond	red	(565, 619)	high	dis	(757, 540)	N	dif	hori	left	True	1975922	1976763	left	1	6	95
6	wyt	f	21	1	90	diamond	green	(565, 619)	high	dis	(533, 540)	N	same	hori	left	True	1977812	1978707	left	1	6	96
6	wyt	f	21	1	90	diamond	red	(565, 619)	high	dis	(724, 460)	N	dif	hori	left	True	1979766	1980635	left	1	6	97
6	wyt	f	21	1	90	circle	red	(757, 540)	low	dis	(565, 619)	Y	dif	vert	up	True	1981668	1982451	up	1	6	98
6	wyt	f	21	1	90	circle	green	(565, 619)	high	dis	(565, 460)	N	same	vert	up	True	1983489	1984483	up	1	6	99
6	wyt	f	21	1	90	circle	green	(645, 652)	low	dis	(565, 619)	Y	same	vert	up	True	1985650	1986787	up	1	6	100
6	wyt	f	21	1	90	diamond	red	(565, 619)	high	dis	(533, 540)	N	dif	hori	left	True	1987828	1989027	left	1	6	101
6	wyt	f	21	1	90	circle	green	(565, 619)	high	dis	(533, 540)	N	dif	hori	left	True	1990270	1991115	left	1	6	102
6	wyt	f	21	1	90	circle	red	(565, 619)	high	dis	(757, 540)	N	dif	hori	left	True	1992328	1993179	left	1	6	103
6	wyt	f	21	1	90	circle	green	(565, 619)	high	dis	(645, 652)	N	same	vert	up	True	1994352	1995195	up	1	6	104
6	wyt	f	21	1	90	circle	red	(565, 619)	high	dis	(645, 652)	N	same	hori	left	True	1996420	1997147	left	1	6	105
6	wyt	f	21	1	90	diamond	red	(565, 619)	high	dis	(724, 460)	N	same	hori	left	True	1998185	1999058	left	1	6	106
6	wyt	f	21	1	90	diamond	green	(565, 619)	high	no	no_dis	N	dif	hori	left	True	2000285	2001115	left	1	6	107
6	wyt	f	21	1	90	circle	red	(565, 619)	high	dis	(645, 652)	N	same	hori	left	True	2002339	2003059	left	1	6	108
6	wyt	f	21	1	90	diamond	green	(565, 619)	high	dis	(533, 540)	N	same	vert	up	True	2004300	2006195	up	1	6	109
6	wyt	f	21	1	90	diamond	red	(565, 619)	high	no	no_dis	N	same	hori	left	True	2007355	2008475	left	1	6	110
6	wyt	f	21	1	90	diamond	red	(565, 619)	high	dis	(724, 619)	N	dif	vert	up	True	2009640	2010610	up	1	6	111
6	wyt	f	21	1	90	diamond	green	(565, 619)	high	no	no_dis	N	same	vert	up	True	2011710	2012667	up	1	6	112
6	wyt	f	21	1	90	diamond	green	(757, 540)	low	no	no_dis	N	dif	hori	left	True	2013909	2014779	left	1	6	113
6	wyt	f	21	1	90	circle	red	(565, 619)	high	no	no_dis	N	same	vert	up	True	2015913	2016875	up	1	6	114
6	wyt	f	21	1	90	diamond	red	(565, 619)	high	dis	(724, 619)	N	same	vert	up	True	2017943	2019331	up	1	6	115
6	wyt	f	21	1	90	diamond	red	(565, 460)	low	no	no_dis	N	same	vert	up	True	2020520	2021467	up	1	6	116
6	wyt	f	21	1	90	diamond	red	(565, 619)	high	dis	(565, 460)	N	same	hori	left	True	2022513	2024099	left	1	6	117
6	wyt	f	21	1	90	diamond	green	(565, 619)	high	dis	(533, 540)	N	same	hori	left	True	2025252	2026451	left	1	6	118
6	wyt	f	21	1	90	circle	green	(565, 619)	high	dis	(724, 619)	N	dif	vert	up	True	2027512	2028843	up	1	6	119
6	wyt	f	21	1	90	circle	red	(565, 619)	high	no	no_dis	N	same	hori	left	True	2029897	2031019	left	1	6	120
conf	6	wyt	f	21	1	90	True	2071761	2082787	6	True	2082810	2089474	1
