subj	name	gender	age	prac	group	shape	color	tar_loc	popularity	dis_cond	dis_loc	dis_high	td_dif	line	respkey	gotkey	startTime	respTime	resp	correct	block	trialnum
7	xwd	f	21	1	90	diamond	green	(645, 652)	high	dis	(757, 540)	N	dif	hori	left	False	16362	None	None	0	1	1
7	xwd	f	21	1	90	circle	red	(645, 652)	high	dis	(565, 460)	N	same	hori	left	True	22029	23386	left	1	1	2
7	xwd	f	21	1	90	diamond	green	(645, 652)	high	dis	(533, 540)	N	same	hori	left	True	24452	25954	left	1	1	3
7	xwd	f	21	1	90	diamond	red	(645, 652)	high	no	no_dis	N	dif	hori	left	True	27089	28193	left	1	1	4
7	xwd	f	21	1	90	circle	green	(565, 619)	low	dis	(645, 652)	Y	dif	hori	left	True	29345	30521	left	1	1	5
7	xwd	f	21	1	90	circle	red	(645, 652)	high	dis	(533, 540)	N	same	vert	up	True	31639	32586	up	1	1	6
7	xwd	f	21	1	90	diamond	green	(645, 652)	high	no	no_dis	N	dif	vert	up	True	33824	35458	up	1	1	7
7	xwd	f	21	1	90	circle	green	(645, 652)	high	no	no_dis	N	dif	vert	up	True	36471	37306	up	1	1	8
7	xwd	f	21	1	90	circle	green	(645, 652)	high	dis	(565, 619)	N	dif	vert	up	True	38327	40306	up	1	1	9
7	xwd	f	21	1	90	diamond	green	(645, 652)	high	dis	(645, 428)	N	dif	hori	left	True	41413	42889	left	1	1	10
7	xwd	f	21	1	90	diamond	red	(645, 652)	high	no	no_dis	N	dif	hori	left	True	44078	44866	left	1	1	11
7	xwd	f	21	1	90	diamond	red	(645, 652)	high	dis	(565, 460)	N	same	hori	left	True	45907	46833	left	1	1	12
7	xwd	f	21	1	90	diamond	green	(645, 652)	high	no	no_dis	N	dif	vert	up	True	48065	49065	up	1	1	13
7	xwd	f	21	1	90	circle	green	(645, 652)	high	dis	(533, 540)	N	same	vert	up	True	50302	51530	up	1	1	14
7	xwd	f	21	1	90	circle	green	(645, 652)	high	dis	(757, 540)	N	dif	hori	left	True	52623	53666	left	1	1	15
7	xwd	f	21	1	90	diamond	green	(645, 652)	high	dis	(724, 619)	N	same	hori	left	True	54739	56330	left	1	1	16
7	xwd	f	21	1	90	diamond	red	(645, 652)	high	no	no_dis	N	same	vert	up	True	57464	58874	up	1	1	17
7	xwd	f	21	1	90	circle	green	(645, 652)	high	dis	(645, 428)	N	dif	hori	left	True	60098	61865	left	1	1	18
7	xwd	f	21	1	90	circle	green	(645, 652)	high	dis	(757, 540)	N	dif	hori	left	True	63014	64506	left	1	1	19
7	xwd	f	21	1	90	diamond	red	(645, 652)	high	no	no_dis	N	same	hori	left	True	65753	67058	left	1	1	20
7	xwd	f	21	1	90	circle	green	(724, 460)	low	dis	(645, 652)	Y	same	hori	left	True	68262	69538	left	1	1	21
7	xwd	f	21	1	90	circle	red	(645, 652)	high	no	no_dis	N	dif	hori	left	True	70600	71521	left	1	1	22
7	xwd	f	21	1	90	circle	green	(645, 652)	high	dis	(645, 428)	N	dif	vert	up	True	72591	73633	up	1	1	23
7	xwd	f	21	1	90	diamond	green	(645, 652)	high	dis	(724, 619)	N	dif	hori	left	True	74717	75969	left	1	1	24
7	xwd	f	21	1	90	circle	green	(645, 652)	high	dis	(533, 540)	N	same	vert	up	True	77000	78025	up	1	1	25
7	xwd	f	21	1	90	diamond	red	(724, 619)	low	dis	(645, 652)	Y	same	vert	up	True	79128	81345	up	1	1	26
7	xwd	f	21	1	90	diamond	green	(645, 652)	high	no	no_dis	N	same	vert	up	True	82508	83650	up	1	1	27
7	xwd	f	21	1	90	diamond	red	(645, 652)	high	dis	(533, 540)	N	dif	vert	up	True	84858	85865	up	1	1	28
7	xwd	f	21	1	90	circle	red	(645, 652)	high	dis	(757, 540)	N	dif	vert	up	True	87081	88201	up	1	1	29
7	xwd	f	21	1	90	diamond	red	(645, 652)	high	dis	(724, 460)	N	same	vert	up	True	89449	90353	up	1	1	30
7	xwd	f	21	1	90	circle	red	(645, 652)	high	dis	(565, 619)	N	dif	vert	up	True	91461	92457	up	1	1	31
7	xwd	f	21	1	90	diamond	green	(645, 652)	high	no	no_dis	N	same	hori	left	True	93550	94538	left	1	1	32
7	xwd	f	21	1	90	circle	red	(645, 652)	high	no	no_dis	N	dif	vert	up	True	95612	96506	up	1	1	33
7	xwd	f	21	1	90	diamond	red	(645, 652)	high	dis	(724, 460)	N	same	hori	left	True	97689	98977	left	1	1	34
7	xwd	f	21	1	90	diamond	red	(645, 652)	high	no	no_dis	N	same	hori	left	True	100223	101193	left	1	1	35
7	xwd	f	21	1	90	circle	red	(645, 652)	high	dis	(533, 540)	N	dif	hori	left	True	102244	103154	left	1	1	36
7	xwd	f	21	1	90	diamond	red	(645, 652)	high	dis	(724, 460)	N	same	vert	up	True	104259	105265	up	1	1	37
7	xwd	f	21	1	90	diamond	green	(645, 652)	high	dis	(645, 428)	N	dif	hori	left	True	106285	107242	left	1	1	38
7	xwd	f	21	1	90	circle	green	(645, 652)	high	dis	(757, 540)	N	same	vert	up	True	108425	109273	up	1	1	39
7	xwd	f	21	1	90	diamond	green	(645, 652)	high	no	no_dis	N	dif	hori	left	True	110328	111177	left	1	1	40
7	xwd	f	21	1	90	diamond	green	(645, 652)	high	dis	(645, 428)	N	same	hori	left	True	112405	113377	left	1	1	41
7	xwd	f	21	1	90	circle	green	(645, 652)	high	dis	(645, 428)	N	dif	hori	left	True	114579	115362	left	1	1	42
7	xwd	f	21	1	90	circle	green	(645, 652)	high	dis	(565, 619)	N	dif	hori	left	True	116440	117506	up	0	1	43
7	xwd	f	21	1	90	circle	red	(645, 652)	high	dis	(565, 619)	N	dif	vert	up	True	120236	121482	up	1	1	44
7	xwd	f	21	1	90	diamond	green	(645, 652)	high	dis	(724, 460)	N	dif	vert	up	True	122680	124138	up	1	1	45
7	xwd	f	21	1	90	circle	red	(645, 652)	high	dis	(757, 540)	N	same	hori	left	True	125211	126306	left	1	1	46
7	xwd	f	21	1	90	diamond	green	(645, 652)	high	dis	(724, 460)	N	same	hori	left	True	127421	128609	left	1	1	47
7	xwd	f	21	1	90	diamond	green	(645, 652)	high	dis	(724, 619)	N	same	vert	up	True	129855	130962	up	1	1	48
7	xwd	f	21	1	90	diamond	red	(645, 652)	high	dis	(724, 460)	N	dif	hori	left	True	132067	133706	left	1	1	49
7	xwd	f	21	1	90	diamond	green	(645, 652)	high	dis	(724, 619)	N	dif	vert	up	True	134716	135810	left	0	1	50
7	xwd	f	21	1	90	circle	green	(645, 652)	high	no	no_dis	N	same	hori	left	True	138571	139577	left	1	1	51
7	xwd	f	21	1	90	circle	red	(645, 652)	high	dis	(565, 460)	N	same	vert	up	True	140684	141849	up	1	1	52
7	xwd	f	21	1	90	diamond	red	(645, 652)	high	dis	(645, 428)	N	dif	vert	up	True	142916	144034	up	1	1	53
7	xwd	f	21	1	90	circle	red	(645, 652)	high	dis	(724, 619)	N	same	vert	up	True	145077	146634	up	1	1	54
7	xwd	f	21	1	90	diamond	red	(645, 428)	low	dis	(645, 652)	Y	dif	vert	up	True	147777	149065	up	1	1	55
7	xwd	f	21	1	90	diamond	green	(645, 652)	high	dis	(565, 619)	N	same	vert	up	True	150260	151601	up	1	1	56
7	xwd	f	21	1	90	circle	green	(645, 652)	high	dis	(724, 619)	N	dif	hori	left	True	152825	153722	left	1	1	57
7	xwd	f	21	1	90	diamond	green	(645, 652)	high	dis	(757, 540)	N	dif	vert	up	True	154851	156714	up	1	1	58
7	xwd	f	21	1	90	diamond	red	(724, 460)	low	no	no_dis	N	same	hori	left	True	157889	159177	left	1	1	59
7	xwd	f	21	1	90	diamond	red	(645, 652)	high	dis	(724, 619)	N	dif	hori	left	True	160190	161353	left	1	1	60
7	xwd	f	21	1	90	circle	red	(757, 540)	low	dis	(645, 652)	Y	same	hori	left	True	162373	163713	left	1	1	61
7	xwd	f	21	1	90	circle	red	(645, 652)	high	no	no_dis	N	same	vert	up	True	164958	165737	up	1	1	62
7	xwd	f	21	1	90	diamond	red	(645, 652)	high	dis	(724, 460)	N	same	vert	up	True	166886	168010	up	1	1	63
7	xwd	f	21	1	90	diamond	green	(645, 652)	high	dis	(565, 460)	N	dif	vert	up	True	169216	170609	up	1	1	64
7	xwd	f	21	1	90	circle	green	(645, 652)	high	no	no_dis	N	same	hori	left	True	171821	172601	left	1	1	65
7	xwd	f	21	1	90	diamond	red	(645, 652)	high	no	no_dis	N	dif	vert	up	True	173704	174697	up	1	1	66
7	xwd	f	21	1	90	circle	green	(645, 652)	high	dis	(565, 460)	N	same	vert	up	True	175866	177065	up	1	1	67
7	xwd	f	21	1	90	diamond	green	(645, 652)	high	dis	(757, 540)	N	dif	vert	up	True	178158	179618	up	1	1	68
7	xwd	f	21	1	90	diamond	green	(645, 652)	high	dis	(757, 540)	N	dif	vert	up	True	180858	182930	up	1	1	69
7	xwd	f	21	1	90	circle	red	(645, 652)	high	dis	(565, 619)	N	same	hori	left	True	183977	186154	left	1	1	70
7	xwd	f	21	1	90	diamond	red	(645, 652)	high	no	no_dis	N	same	vert	up	True	187274	188978	up	1	1	71
7	xwd	f	21	1	90	circle	red	(645, 652)	high	no	no_dis	N	dif	hori	left	True	190214	191529	left	1	1	72
7	xwd	f	21	1	90	diamond	red	(645, 652)	high	dis	(724, 460)	N	dif	hori	left	True	192740	193786	left	1	1	73
7	xwd	f	21	1	90	diamond	green	(565, 460)	low	dis	(645, 652)	Y	dif	vert	up	True	194831	196250	up	1	1	74
7	xwd	f	21	1	90	circle	red	(645, 652)	high	no	no_dis	N	dif	hori	left	True	197385	198817	left	1	1	75
7	xwd	f	21	1	90	diamond	green	(645, 652)	high	dis	(724, 619)	N	same	hori	left	True	199968	201330	left	1	1	76
7	xwd	f	21	1	90	circle	green	(645, 652)	high	no	no_dis	N	dif	hori	left	True	202417	203842	left	1	1	77
7	xwd	f	21	1	90	diamond	red	(645, 652)	high	dis	(565, 619)	N	dif	hori	left	True	205063	206514	up	0	1	78
7	xwd	f	21	1	90	diamond	red	(645, 652)	high	dis	(645, 428)	N	same	hori	left	True	209236	211290	left	1	1	79
7	xwd	f	21	1	90	circle	red	(645, 652)	high	dis	(565, 619)	N	same	hori	left	True	212494	214721	left	1	1	80
7	xwd	f	21	1	90	circle	red	(645, 652)	high	no	no_dis	N	dif	hori	left	True	215944	217297	left	1	1	81
7	xwd	f	21	1	90	diamond	green	(645, 652)	high	no	no_dis	N	dif	vert	up	True	218410	219834	up	1	1	82
7	xwd	f	21	1	90	circle	red	(645, 652)	high	dis	(757, 540)	N	same	vert	up	True	220911	222130	up	1	1	83
7	xwd	f	21	1	90	diamond	red	(645, 652)	high	no	no_dis	N	dif	vert	up	True	223310	224617	up	1	1	84
7	xwd	f	21	1	90	diamond	green	(645, 652)	high	dis	(724, 619)	N	dif	vert	up	True	225708	227305	up	1	1	85
7	xwd	f	21	1	90	diamond	green	(645, 652)	high	no	no_dis	N	same	hori	left	True	228408	230161	left	1	1	86
7	xwd	f	21	1	90	circle	green	(645, 652)	high	dis	(645, 428)	N	same	hori	left	True	231245	232642	left	1	1	87
7	xwd	f	21	1	90	diamond	green	(645, 652)	high	no	no_dis	N	same	vert	up	True	233724	235226	up	1	1	88
7	xwd	f	21	1	90	diamond	green	(645, 652)	high	no	no_dis	N	same	vert	up	True	236451	237481	up	1	1	89
7	xwd	f	21	1	90	diamond	red	(645, 652)	high	dis	(565, 619)	N	same	vert	up	True	238684	240201	up	1	1	90
7	xwd	f	21	1	90	circle	red	(533, 540)	low	dis	(645, 652)	Y	same	vert	up	True	241438	243089	up	1	1	91
7	xwd	f	21	1	90	circle	green	(645, 652)	high	dis	(757, 540)	N	same	vert	up	True	244161	245690	up	1	1	92
7	xwd	f	21	1	90	circle	green	(645, 652)	high	dis	(565, 619)	N	same	hori	left	True	246755	248218	left	1	1	93
7	xwd	f	21	1	90	diamond	red	(645, 652)	high	no	no_dis	N	same	vert	up	True	249332	250465	up	1	1	94
7	xwd	f	21	1	90	diamond	red	(645, 652)	high	dis	(565, 460)	N	dif	hori	left	True	251536	253961	left	1	1	95
7	xwd	f	21	1	90	circle	red	(645, 652)	high	no	no_dis	N	same	vert	up	True	254973	256170	up	1	1	96
7	xwd	f	21	1	90	circle	green	(645, 652)	high	no	no_dis	N	dif	hori	left	True	257271	258514	left	1	1	97
7	xwd	f	21	1	90	circle	green	(645, 652)	high	dis	(533, 540)	N	same	hori	left	True	259577	260937	left	1	1	98
7	xwd	f	21	1	90	circle	red	(645, 652)	high	dis	(565, 460)	N	same	hori	left	True	261993	263378	left	1	1	99
7	xwd	f	21	1	90	circle	red	(645, 652)	high	dis	(724, 460)	N	dif	vert	up	True	264461	265866	up	1	1	100
7	xwd	f	21	1	90	diamond	red	(645, 652)	high	dis	(565, 460)	N	dif	vert	up	True	266972	268457	up	1	1	101
7	xwd	f	21	1	90	circle	red	(645, 652)	high	dis	(724, 619)	N	dif	hori	left	True	269563	270930	left	1	1	102
7	xwd	f	21	1	90	circle	red	(645, 652)	high	dis	(533, 540)	N	dif	vert	up	True	272052	273354	up	1	1	103
7	xwd	f	21	1	90	circle	red	(645, 652)	high	no	no_dis	N	same	hori	left	True	274592	275729	left	1	1	104
7	xwd	f	21	1	90	circle	green	(645, 652)	high	no	no_dis	N	same	vert	up	True	276731	277698	up	1	1	105
7	xwd	f	21	1	90	diamond	green	(565, 460)	low	dis	(645, 652)	Y	dif	hori	left	True	278723	279665	left	1	1	106
7	xwd	f	21	1	90	circle	green	(565, 619)	low	no	no_dis	N	dif	vert	up	True	280718	282130	up	1	1	107
7	xwd	f	21	1	90	circle	green	(645, 652)	high	dis	(724, 460)	N	same	vert	up	True	283246	284410	up	1	1	108
7	xwd	f	21	1	90	circle	green	(645, 652)	high	dis	(533, 540)	N	same	hori	left	True	285490	286705	left	1	1	109
7	xwd	f	21	1	90	circle	red	(645, 652)	high	dis	(565, 619)	N	same	hori	left	True	287942	289361	left	1	1	110
7	xwd	f	21	1	90	diamond	red	(645, 652)	high	dis	(645, 428)	N	dif	vert	up	True	290517	292225	up	1	1	111
7	xwd	f	21	1	90	diamond	green	(757, 540)	low	no	no_dis	N	same	vert	up	True	293375	294857	up	1	1	112
7	xwd	f	21	1	90	circle	green	(645, 652)	high	no	no_dis	N	same	hori	left	True	295921	296674	left	1	1	113
7	xwd	f	21	1	90	circle	red	(645, 428)	low	no	no_dis	N	dif	hori	left	True	297899	298946	left	1	1	114
7	xwd	f	21	1	90	diamond	red	(645, 652)	high	dis	(533, 540)	N	dif	hori	left	True	300093	301194	left	1	1	115
7	xwd	f	21	1	90	diamond	red	(645, 652)	high	dis	(565, 460)	N	same	vert	up	True	302431	303306	up	1	1	116
7	xwd	f	21	1	90	circle	red	(645, 652)	high	dis	(565, 460)	N	same	vert	up	True	304362	305650	up	1	1	117
7	xwd	f	21	1	90	circle	green	(645, 652)	high	no	no_dis	N	same	hori	left	True	306827	307610	left	1	1	118
7	xwd	f	21	1	90	circle	green	(645, 652)	high	no	no_dis	N	dif	vert	up	True	308834	309625	up	1	1	119
7	xwd	f	21	1	90	circle	red	(645, 652)	high	no	no_dis	N	dif	vert	up	True	310693	311378	up	1	1	120
7	xwd	f	21	1	90	diamond	red	(645, 652)	high	dis	(645, 428)	N	dif	vert	up	True	344744	346298	up	1	2	1
7	xwd	f	21	1	90	circle	red	(645, 652)	high	dis	(724, 460)	N	dif	hori	left	True	347486	348330	left	1	2	2
7	xwd	f	21	1	90	diamond	green	(645, 652)	high	dis	(724, 460)	N	dif	hori	left	True	349338	350249	up	0	2	3
7	xwd	f	21	1	90	circle	green	(645, 652)	high	dis	(565, 460)	N	same	hori	left	True	352823	353865	left	1	2	4
7	xwd	f	21	1	90	circle	green	(645, 652)	high	dis	(565, 619)	N	dif	vert	up	True	354993	356193	up	1	2	5
7	xwd	f	21	1	90	diamond	green	(645, 652)	high	dis	(757, 540)	N	dif	hori	left	True	357307	359122	left	1	2	6
7	xwd	f	21	1	90	diamond	red	(645, 652)	high	dis	(533, 540)	N	same	vert	up	True	360250	361257	up	1	2	7
7	xwd	f	21	1	90	diamond	red	(645, 652)	high	dis	(757, 540)	N	same	hori	left	True	362319	363802	left	1	2	8
7	xwd	f	21	1	90	diamond	red	(645, 652)	high	dis	(757, 540)	N	dif	hori	left	True	364955	366314	left	1	2	9
7	xwd	f	21	1	90	circle	green	(645, 652)	high	dis	(724, 619)	N	dif	hori	left	True	367472	368769	left	1	2	10
7	xwd	f	21	1	90	circle	red	(645, 652)	high	dis	(533, 540)	N	same	vert	up	True	369833	370617	up	1	2	11
7	xwd	f	21	1	90	diamond	red	(645, 652)	high	no	no_dis	N	same	hori	left	True	371723	372633	left	1	2	12
7	xwd	f	21	1	90	circle	green	(645, 652)	high	no	no_dis	N	same	hori	left	True	373850	375434	left	1	2	13
7	xwd	f	21	1	90	diamond	green	(645, 652)	high	dis	(565, 460)	N	dif	hori	left	True	376591	377697	left	1	2	14
7	xwd	f	21	1	90	circle	red	(645, 652)	high	no	no_dis	N	dif	hori	left	True	378872	380106	left	1	2	15
7	xwd	f	21	1	90	circle	green	(645, 652)	high	dis	(533, 540)	N	same	vert	up	True	381183	381945	up	1	2	16
7	xwd	f	21	1	90	circle	green	(645, 652)	high	dis	(565, 619)	N	same	hori	left	True	383141	384130	left	1	2	17
7	xwd	f	21	1	90	circle	green	(645, 652)	high	no	no_dis	N	same	hori	left	True	385291	386033	left	1	2	18
7	xwd	f	21	1	90	diamond	red	(645, 652)	high	dis	(565, 619)	N	same	hori	left	True	387080	388938	left	1	2	19
7	xwd	f	21	1	90	circle	red	(645, 652)	high	no	no_dis	N	same	hori	left	True	390170	391609	left	1	2	20
7	xwd	f	21	1	90	diamond	red	(645, 652)	high	dis	(533, 540)	N	dif	hori	left	True	392797	393818	left	1	2	21
7	xwd	f	21	1	90	circle	red	(645, 652)	high	dis	(757, 540)	N	dif	vert	up	True	394856	395809	up	1	2	22
7	xwd	f	21	1	90	diamond	green	(565, 460)	low	dis	(645, 652)	Y	dif	vert	up	True	397041	398034	up	1	2	23
7	xwd	f	21	1	90	diamond	red	(565, 460)	low	no	no_dis	N	dif	vert	up	True	399185	400826	up	1	2	24
7	xwd	f	21	1	90	circle	green	(724, 460)	low	dis	(645, 652)	Y	same	vert	up	True	401955	403706	up	1	2	25
7	xwd	f	21	1	90	circle	red	(533, 540)	low	no	no_dis	N	same	vert	up	True	404900	406234	up	1	2	26
7	xwd	f	21	1	90	circle	green	(645, 652)	high	dis	(645, 428)	N	dif	hori	left	True	407357	408122	left	1	2	27
7	xwd	f	21	1	90	diamond	green	(645, 652)	high	no	no_dis	N	dif	hori	left	True	409211	410977	left	1	2	28
7	xwd	f	21	1	90	circle	green	(645, 652)	high	no	no_dis	N	dif	hori	left	True	412189	413258	left	1	2	29
7	xwd	f	21	1	90	circle	red	(645, 652)	high	no	no_dis	N	same	vert	up	True	414311	415009	up	1	2	30
7	xwd	f	21	1	90	circle	red	(645, 652)	high	no	no_dis	N	same	hori	left	True	416194	416857	left	1	2	31
7	xwd	f	21	1	90	diamond	green	(645, 652)	high	dis	(533, 540)	N	dif	vert	up	True	417991	418905	up	1	2	32
7	xwd	f	21	1	90	diamond	red	(645, 652)	high	dis	(645, 428)	N	dif	vert	up	True	420121	421257	up	1	2	33
7	xwd	f	21	1	90	circle	red	(645, 652)	high	dis	(565, 619)	N	same	vert	up	True	422488	424601	up	1	2	34
7	xwd	f	21	1	90	diamond	red	(645, 652)	high	dis	(645, 428)	N	dif	hori	left	True	425688	427209	left	1	2	35
7	xwd	f	21	1	90	diamond	green	(645, 652)	high	no	no_dis	N	dif	hori	left	True	428285	429481	left	1	2	36
7	xwd	f	21	1	90	diamond	green	(645, 428)	low	dis	(645, 652)	Y	dif	hori	left	True	430676	431737	left	1	2	37
7	xwd	f	21	1	90	diamond	green	(645, 652)	high	dis	(645, 428)	N	same	hori	left	True	432871	433602	left	1	2	38
7	xwd	f	21	1	90	diamond	red	(645, 652)	high	dis	(724, 619)	N	dif	vert	up	True	434708	435681	up	1	2	39
7	xwd	f	21	1	90	diamond	green	(645, 652)	high	dis	(757, 540)	N	dif	hori	left	True	436864	437585	left	1	2	40
7	xwd	f	21	1	90	circle	green	(565, 619)	low	dis	(645, 652)	Y	dif	vert	up	True	438804	440586	up	1	2	41
7	xwd	f	21	1	90	diamond	green	(645, 652)	high	no	no_dis	N	dif	vert	up	True	441738	442481	up	1	2	42
7	xwd	f	21	1	90	circle	red	(645, 652)	high	dis	(724, 460)	N	same	hori	left	True	443663	444386	left	1	2	43
7	xwd	f	21	1	90	diamond	green	(645, 652)	high	no	no_dis	N	dif	vert	up	True	445470	446754	up	1	2	44
7	xwd	f	21	1	90	diamond	green	(645, 652)	high	dis	(565, 460)	N	dif	vert	up	True	447837	448738	up	1	2	45
7	xwd	f	21	1	90	diamond	green	(645, 652)	high	dis	(565, 460)	N	dif	hori	left	True	449919	450889	left	1	2	46
7	xwd	f	21	1	90	diamond	green	(645, 652)	high	dis	(565, 619)	N	same	vert	up	True	451988	453105	up	1	2	47
7	xwd	f	21	1	90	circle	red	(645, 652)	high	dis	(724, 619)	N	dif	vert	up	True	454317	455577	up	1	2	48
7	xwd	f	21	1	90	circle	red	(645, 652)	high	dis	(533, 540)	N	same	hori	left	True	456593	457426	left	1	2	49
7	xwd	f	21	1	90	circle	green	(645, 652)	high	no	no_dis	N	dif	vert	up	True	458676	459441	up	1	2	50
7	xwd	f	21	1	90	diamond	red	(645, 652)	high	dis	(757, 540)	N	dif	vert	up	True	460618	461626	up	1	2	51
7	xwd	f	21	1	90	diamond	red	(645, 652)	high	no	no_dis	N	dif	hori	left	True	462780	463649	left	1	2	52
7	xwd	f	21	1	90	diamond	green	(645, 652)	high	no	no_dis	N	same	vert	up	True	464817	465649	up	1	2	53
7	xwd	f	21	1	90	circle	red	(645, 652)	high	dis	(645, 428)	N	dif	hori	left	True	466838	467546	left	1	2	54
7	xwd	f	21	1	90	diamond	green	(645, 652)	high	dis	(724, 460)	N	same	hori	left	True	468581	469649	left	1	2	55
7	xwd	f	21	1	90	diamond	red	(645, 652)	high	no	no_dis	N	dif	vert	up	True	470749	471514	up	1	2	56
7	xwd	f	21	1	90	circle	red	(645, 652)	high	dis	(724, 619)	N	same	hori	left	True	472639	473961	left	1	2	57
7	xwd	f	21	1	90	diamond	red	(645, 652)	high	dis	(724, 460)	N	same	hori	left	True	474982	476609	left	1	2	58
7	xwd	f	21	1	90	circle	green	(645, 652)	high	no	no_dis	N	same	vert	up	True	477655	478345	up	1	2	59
7	xwd	f	21	1	90	circle	green	(645, 652)	high	dis	(724, 460)	N	same	vert	up	True	479440	480441	up	1	2	60
7	xwd	f	21	1	90	diamond	red	(645, 652)	high	dis	(724, 460)	N	dif	hori	left	True	481677	482481	left	1	2	61
7	xwd	f	21	1	90	diamond	green	(645, 652)	high	no	no_dis	N	dif	vert	up	True	483705	484410	up	1	2	62
7	xwd	f	21	1	90	circle	red	(645, 652)	high	dis	(724, 619)	N	same	vert	up	True	485476	486377	up	1	2	63
7	xwd	f	21	1	90	circle	red	(645, 652)	high	dis	(645, 428)	N	same	hori	left	True	487424	488281	left	1	2	64
7	xwd	f	21	1	90	circle	red	(645, 652)	high	no	no_dis	N	dif	vert	up	True	489290	489961	up	1	2	65
7	xwd	f	21	1	90	diamond	green	(645, 652)	high	dis	(724, 619)	N	same	hori	left	True	491146	491930	left	1	2	66
7	xwd	f	21	1	90	diamond	red	(645, 652)	high	no	no_dis	N	same	vert	up	True	493178	493746	up	1	2	67
7	xwd	f	21	1	90	circle	green	(645, 652)	high	dis	(565, 460)	N	same	hori	left	True	494819	496001	left	1	2	68
7	xwd	f	21	1	90	circle	red	(645, 652)	high	dis	(565, 619)	N	same	vert	up	True	497197	498362	up	1	2	69
7	xwd	f	21	1	90	diamond	red	(645, 652)	high	no	no_dis	N	dif	hori	left	True	499563	500169	left	1	2	70
7	xwd	f	21	1	90	diamond	red	(645, 652)	high	no	no_dis	N	dif	hori	left	True	501213	501897	left	1	2	71
7	xwd	f	21	1	90	circle	red	(645, 652)	high	dis	(565, 460)	N	dif	vert	up	True	503067	503753	up	1	2	72
7	xwd	f	21	1	90	diamond	red	(724, 619)	low	dis	(645, 652)	Y	dif	hori	left	True	504908	505825	left	1	2	73
7	xwd	f	21	1	90	diamond	green	(645, 652)	high	dis	(757, 540)	N	dif	vert	up	True	506942	507921	up	1	2	74
7	xwd	f	21	1	90	circle	green	(645, 652)	high	no	no_dis	N	dif	vert	up	True	509044	509954	up	1	2	75
7	xwd	f	21	1	90	circle	red	(645, 652)	high	no	no_dis	N	same	vert	up	True	511003	511561	up	1	2	76
7	xwd	f	21	1	90	circle	green	(645, 652)	high	dis	(724, 460)	N	dif	hori	left	True	512677	513338	left	1	2	77
7	xwd	f	21	1	90	circle	red	(533, 540)	low	dis	(645, 652)	Y	same	hori	left	True	514408	515561	left	1	2	78
7	xwd	f	21	1	90	circle	green	(645, 652)	high	dis	(565, 460)	N	dif	hori	left	True	516671	517377	left	1	2	79
7	xwd	f	21	1	90	circle	green	(645, 652)	high	dis	(565, 460)	N	dif	vert	up	True	518493	519001	up	1	2	80
7	xwd	f	21	1	90	circle	red	(645, 652)	high	dis	(565, 619)	N	dif	vert	up	True	520048	520809	up	1	2	81
7	xwd	f	21	1	90	circle	red	(645, 652)	high	no	no_dis	N	dif	hori	left	True	521811	522833	left	1	2	82
7	xwd	f	21	1	90	diamond	red	(645, 652)	high	dis	(565, 460)	N	dif	hori	left	True	524080	525474	left	1	2	83
7	xwd	f	21	1	90	circle	green	(645, 652)	high	dis	(757, 540)	N	same	hori	left	True	526633	527538	left	1	2	84
7	xwd	f	21	1	90	diamond	red	(645, 652)	high	no	no_dis	N	same	vert	up	True	528722	529882	up	1	2	85
7	xwd	f	21	1	90	diamond	green	(645, 652)	high	dis	(645, 428)	N	same	vert	up	True	530991	531857	up	1	2	86
7	xwd	f	21	1	90	diamond	green	(645, 652)	high	dis	(724, 619)	N	same	vert	up	True	532870	534089	up	1	2	87
7	xwd	f	21	1	90	circle	green	(645, 652)	high	no	no_dis	N	same	vert	up	True	535113	536017	up	1	2	88
7	xwd	f	21	1	90	circle	red	(645, 652)	high	dis	(533, 540)	N	dif	hori	left	True	537228	538105	left	1	2	89
7	xwd	f	21	1	90	diamond	green	(645, 652)	high	dis	(565, 619)	N	same	vert	up	True	539224	539985	up	1	2	90
7	xwd	f	21	1	90	circle	red	(645, 652)	high	no	no_dis	N	same	hori	left	True	541173	541945	left	1	2	91
7	xwd	f	21	1	90	circle	red	(645, 652)	high	dis	(724, 619)	N	dif	vert	up	True	543103	543746	up	1	2	92
7	xwd	f	21	1	90	circle	red	(757, 540)	low	dis	(645, 652)	Y	same	hori	left	True	544749	545721	left	1	2	93
7	xwd	f	21	1	90	diamond	green	(645, 652)	high	dis	(724, 619)	N	same	vert	up	True	546780	547538	up	1	2	94
7	xwd	f	21	1	90	diamond	red	(645, 652)	high	no	no_dis	N	dif	vert	up	True	548554	549105	up	1	2	95
7	xwd	f	21	1	90	circle	green	(645, 652)	high	dis	(724, 460)	N	same	hori	left	True	550218	550786	left	1	2	96
7	xwd	f	21	1	90	diamond	red	(645, 652)	high	dis	(724, 460)	N	dif	vert	up	True	551821	552473	up	1	2	97
7	xwd	f	21	1	90	circle	green	(565, 619)	low	no	no_dis	N	same	hori	left	True	553689	554497	left	1	2	98
7	xwd	f	21	1	90	circle	red	(645, 652)	high	no	no_dis	N	same	vert	up	True	555660	556217	left	0	2	99
7	xwd	f	21	1	90	circle	green	(645, 652)	high	dis	(565, 619)	N	same	vert	up	True	558824	559706	up	1	2	100
7	xwd	f	21	1	90	circle	red	(645, 652)	high	dis	(724, 619)	N	same	vert	up	True	560894	563145	up	1	2	101
7	xwd	f	21	1	90	circle	green	(645, 652)	high	dis	(565, 460)	N	same	hori	left	True	564385	565049	left	1	2	102
7	xwd	f	21	1	90	diamond	green	(645, 652)	high	dis	(533, 540)	N	same	vert	up	True	566157	566929	up	1	2	103
7	xwd	f	21	1	90	circle	green	(645, 652)	high	no	no_dis	N	dif	hori	left	True	568074	568602	left	1	2	104
7	xwd	f	21	1	90	diamond	green	(645, 652)	high	no	no_dis	N	same	hori	left	True	569672	570289	left	1	2	105
7	xwd	f	21	1	90	circle	green	(645, 652)	high	dis	(724, 460)	N	same	vert	up	True	571379	572090	up	1	2	106
7	xwd	f	21	1	90	circle	red	(645, 652)	high	dis	(533, 540)	N	dif	vert	up	True	573096	573777	up	1	2	107
7	xwd	f	21	1	90	circle	green	(645, 652)	high	no	no_dis	N	same	hori	left	True	574931	575545	left	1	2	108
7	xwd	f	21	1	90	diamond	green	(645, 652)	high	dis	(645, 428)	N	same	hori	left	True	576765	577482	left	1	2	109
7	xwd	f	21	1	90	diamond	red	(645, 652)	high	dis	(565, 619)	N	same	vert	up	True	578567	580217	up	1	2	110
7	xwd	f	21	1	90	diamond	green	(724, 460)	low	no	no_dis	N	dif	hori	left	True	581339	583697	left	1	2	111
7	xwd	f	21	1	90	diamond	red	(645, 428)	low	dis	(645, 652)	Y	same	vert	up	True	584714	586721	up	1	2	112
7	xwd	f	21	1	90	circle	green	(645, 652)	high	dis	(757, 540)	N	dif	hori	left	True	587874	589073	left	1	2	113
7	xwd	f	21	1	90	diamond	green	(645, 652)	high	no	no_dis	N	dif	vert	up	True	590195	591618	up	1	2	114
7	xwd	f	21	1	90	diamond	red	(645, 652)	high	dis	(757, 540)	N	dif	vert	up	True	592863	594193	up	1	2	115
7	xwd	f	21	1	90	diamond	green	(645, 652)	high	no	no_dis	N	same	vert	up	True	595356	596617	up	1	2	116
7	xwd	f	21	1	90	diamond	red	(645, 652)	high	no	no_dis	N	same	hori	left	True	597824	598594	left	1	2	117
7	xwd	f	21	1	90	diamond	red	(645, 652)	high	dis	(645, 428)	N	dif	vert	up	True	599759	600425	up	1	2	118
7	xwd	f	21	1	90	diamond	red	(645, 652)	high	dis	(565, 619)	N	same	hori	left	True	601515	603009	left	1	2	119
7	xwd	f	21	1	90	circle	green	(645, 652)	high	dis	(533, 540)	N	same	vert	up	True	604110	605217	up	1	2	120
7	xwd	f	21	1	90	diamond	red	(645, 652)	high	no	no_dis	N	same	vert	up	True	637448	638505	up	1	3	1
7	xwd	f	21	1	90	diamond	green	(645, 652)	high	dis	(724, 460)	N	same	hori	left	True	639633	641193	left	1	3	2
7	xwd	f	21	1	90	circle	green	(645, 652)	high	dis	(533, 540)	N	same	vert	up	True	642220	643057	up	1	3	3
7	xwd	f	21	1	90	diamond	red	(645, 652)	high	no	no_dis	N	same	vert	up	True	644065	645145	up	1	3	4
7	xwd	f	21	1	90	circle	green	(645, 652)	high	dis	(757, 540)	N	same	vert	up	True	646257	647401	left	0	3	5
7	xwd	f	21	1	90	diamond	red	(645, 652)	high	dis	(565, 619)	N	dif	vert	up	True	650068	651145	up	1	3	6
7	xwd	f	21	1	90	circle	red	(645, 652)	high	no	no_dis	N	dif	hori	left	True	652300	653049	left	1	3	7
7	xwd	f	21	1	90	diamond	green	(645, 652)	high	dis	(645, 428)	N	dif	vert	up	True	654113	654945	up	1	3	8
7	xwd	f	21	1	90	diamond	red	(645, 428)	low	dis	(645, 652)	Y	dif	hori	left	True	656105	657297	left	1	3	9
7	xwd	f	21	1	90	diamond	green	(645, 652)	high	dis	(565, 460)	N	dif	hori	left	True	658437	659441	left	1	3	10
7	xwd	f	21	1	90	diamond	green	(645, 652)	high	dis	(565, 619)	N	dif	hori	left	True	660479	661937	left	1	3	11
7	xwd	f	21	1	90	diamond	green	(645, 652)	high	no	no_dis	N	same	vert	up	True	662983	664282	up	1	3	12
7	xwd	f	21	1	90	circle	red	(645, 652)	high	no	no_dis	N	same	vert	up	True	665522	666689	up	1	3	13
7	xwd	f	21	1	90	diamond	green	(645, 652)	high	no	no_dis	N	same	hori	left	True	667720	668961	left	1	3	14
7	xwd	f	21	1	90	diamond	red	(645, 652)	high	dis	(757, 540)	N	dif	hori	left	True	670062	671113	left	1	3	15
7	xwd	f	21	1	90	diamond	red	(645, 652)	high	no	no_dis	N	dif	vert	up	True	672259	673465	up	1	3	16
7	xwd	f	21	1	90	diamond	green	(645, 652)	high	no	no_dis	N	same	hori	left	True	674549	675817	left	1	3	17
7	xwd	f	21	1	90	diamond	red	(645, 652)	high	no	no_dis	N	same	hori	left	True	676986	678098	left	1	3	18
7	xwd	f	21	1	90	circle	green	(724, 460)	low	dis	(645, 652)	Y	same	hori	left	True	679321	680594	left	1	3	19
7	xwd	f	21	1	90	circle	green	(645, 652)	high	no	no_dis	N	dif	vert	up	True	681608	682330	up	1	3	20
7	xwd	f	21	1	90	circle	green	(645, 652)	high	dis	(724, 460)	N	same	vert	up	True	683386	683994	up	1	3	21
7	xwd	f	21	1	90	circle	green	(645, 652)	high	dis	(724, 619)	N	dif	vert	up	True	685231	685745	up	1	3	22
7	xwd	f	21	1	90	circle	red	(645, 652)	high	dis	(645, 428)	N	same	vert	up	True	686971	688153	up	1	3	23
7	xwd	f	21	1	90	diamond	red	(645, 652)	high	dis	(565, 619)	N	same	hori	left	True	689207	690394	left	1	3	24
7	xwd	f	21	1	90	circle	green	(645, 652)	high	dis	(533, 540)	N	dif	hori	left	True	691614	692905	left	1	3	25
7	xwd	f	21	1	90	diamond	green	(645, 652)	high	no	no_dis	N	dif	hori	left	True	693951	695226	left	1	3	26
7	xwd	f	21	1	90	circle	green	(645, 652)	high	dis	(565, 460)	N	dif	vert	up	True	696454	697353	up	1	3	27
7	xwd	f	21	1	90	diamond	green	(645, 652)	high	no	no_dis	N	same	vert	up	True	698381	699497	up	1	3	28
7	xwd	f	21	1	90	diamond	green	(565, 619)	low	dis	(645, 652)	Y	same	vert	up	True	700628	703194	up	1	3	29
7	xwd	f	21	1	90	diamond	red	(645, 652)	high	dis	(565, 619)	N	same	hori	left	True	704278	705506	left	1	3	30
7	xwd	f	21	1	90	circle	green	(645, 652)	high	dis	(565, 619)	N	same	hori	left	True	706602	707617	left	1	3	31
7	xwd	f	21	1	90	diamond	green	(645, 652)	high	dis	(565, 619)	N	same	hori	left	True	708679	710881	left	1	3	32
7	xwd	f	21	1	90	circle	red	(645, 652)	high	no	no_dis	N	dif	hori	left	True	712084	713354	left	1	3	33
7	xwd	f	21	1	90	circle	green	(645, 652)	high	dis	(724, 460)	N	same	vert	up	True	714562	715777	up	1	3	34
7	xwd	f	21	1	90	circle	red	(645, 652)	high	dis	(724, 619)	N	same	hori	left	True	716919	717817	left	1	3	35
7	xwd	f	21	1	90	circle	green	(645, 652)	high	dis	(645, 428)	N	same	vert	up	True	718941	720073	left	0	3	36
7	xwd	f	21	1	90	circle	green	(645, 652)	high	no	no_dis	N	same	vert	up	True	722794	723641	up	1	3	37
7	xwd	f	21	1	90	diamond	red	(645, 652)	high	dis	(533, 540)	N	same	vert	up	True	724809	725913	up	1	3	38
7	xwd	f	21	1	90	diamond	green	(645, 652)	high	dis	(724, 619)	N	same	hori	left	True	727061	728634	left	1	3	39
7	xwd	f	21	1	90	circle	red	(645, 652)	high	dis	(724, 460)	N	same	vert	up	True	729699	730442	up	1	3	40
7	xwd	f	21	1	90	diamond	red	(645, 652)	high	dis	(565, 619)	N	dif	vert	up	True	731603	732673	up	1	3	41
7	xwd	f	21	1	90	diamond	red	(645, 652)	high	dis	(645, 428)	N	same	vert	up	True	733915	734681	up	1	3	42
7	xwd	f	21	1	90	diamond	red	(645, 652)	high	dis	(724, 460)	N	same	hori	left	True	735717	736585	left	1	3	43
7	xwd	f	21	1	90	circle	red	(645, 652)	high	dis	(724, 460)	N	dif	vert	up	True	737752	738505	up	1	3	44
7	xwd	f	21	1	90	diamond	green	(645, 652)	high	dis	(724, 619)	N	dif	hori	left	True	739677	741018	left	1	3	45
7	xwd	f	21	1	90	diamond	green	(645, 652)	high	no	no_dis	N	dif	hori	left	True	742161	743098	left	1	3	46
7	xwd	f	21	1	90	circle	red	(645, 652)	high	no	no_dis	N	dif	hori	left	True	744289	745681	left	1	3	47
7	xwd	f	21	1	90	circle	green	(645, 652)	high	dis	(724, 619)	N	dif	vert	up	True	746694	747489	up	1	3	48
7	xwd	f	21	1	90	circle	red	(645, 652)	high	dis	(565, 619)	N	same	vert	up	True	748704	749713	up	1	3	49
7	xwd	f	21	1	90	diamond	green	(645, 652)	high	no	no_dis	N	dif	vert	up	True	750922	752025	up	1	3	50
7	xwd	f	21	1	90	diamond	green	(645, 652)	high	dis	(757, 540)	N	dif	vert	up	True	753100	754001	up	1	3	51
7	xwd	f	21	1	90	circle	red	(645, 652)	high	dis	(565, 619)	N	dif	vert	up	True	755134	757042	up	1	3	52
7	xwd	f	21	1	90	diamond	red	(645, 652)	high	no	no_dis	N	dif	vert	up	True	758118	759377	up	1	3	53
7	xwd	f	21	1	90	circle	green	(645, 652)	high	no	no_dis	N	same	hori	left	True	760548	761681	left	1	3	54
7	xwd	f	21	1	90	circle	red	(645, 652)	high	dis	(565, 460)	N	same	vert	up	True	762858	763722	up	1	3	55
7	xwd	f	21	1	90	circle	red	(645, 652)	high	dis	(645, 428)	N	same	hori	left	True	764726	765721	left	1	3	56
7	xwd	f	21	1	90	diamond	green	(645, 652)	high	no	no_dis	N	same	vert	up	True	766864	768082	up	1	3	57
7	xwd	f	21	1	90	diamond	green	(645, 652)	high	dis	(565, 619)	N	dif	hori	left	True	769277	770953	left	1	3	58
7	xwd	f	21	1	90	circle	red	(645, 652)	high	no	no_dis	N	dif	hori	left	True	771997	772833	left	1	3	59
7	xwd	f	21	1	90	diamond	green	(645, 652)	high	dis	(724, 619)	N	same	hori	left	True	773930	775281	left	1	3	60
7	xwd	f	21	1	90	circle	green	(645, 652)	high	no	no_dis	N	dif	hori	left	True	776291	777490	left	1	3	61
7	xwd	f	21	1	90	diamond	red	(645, 652)	high	dis	(724, 619)	N	dif	vert	up	True	778542	779346	up	1	3	62
7	xwd	f	21	1	90	diamond	green	(645, 652)	high	dis	(533, 540)	N	dif	vert	up	True	780577	781593	up	1	3	63
7	xwd	f	21	1	90	diamond	green	(757, 540)	low	no	no_dis	N	same	hori	left	True	782668	783842	left	1	3	64
7	xwd	f	21	1	90	diamond	red	(645, 652)	high	dis	(645, 428)	N	same	hori	left	True	785014	786329	left	1	3	65
7	xwd	f	21	1	90	circle	green	(645, 652)	high	dis	(565, 460)	N	dif	vert	up	True	787403	789354	up	1	3	66
7	xwd	f	21	1	90	circle	green	(645, 652)	high	dis	(565, 460)	N	same	vert	up	True	790426	791265	up	1	3	67
7	xwd	f	21	1	90	circle	green	(645, 652)	high	no	no_dis	N	same	vert	up	True	792304	793378	up	1	3	68
7	xwd	f	21	1	90	diamond	red	(645, 652)	high	no	no_dis	N	same	hori	left	True	794410	795641	left	1	3	69
7	xwd	f	21	1	90	diamond	green	(645, 652)	high	dis	(533, 540)	N	dif	hori	left	True	796738	797641	left	1	3	70
7	xwd	f	21	1	90	diamond	green	(645, 652)	high	dis	(645, 428)	N	same	hori	left	True	798835	799521	left	1	3	71
7	xwd	f	21	1	90	diamond	red	(645, 652)	high	dis	(645, 428)	N	dif	hori	left	True	800673	801514	left	1	3	72
7	xwd	f	21	1	90	circle	green	(645, 652)	high	dis	(724, 460)	N	same	vert	up	True	802567	803641	up	1	3	73
7	xwd	f	21	1	90	circle	red	(757, 540)	low	dis	(645, 652)	Y	same	vert	up	True	804793	806025	up	1	3	74
7	xwd	f	21	1	90	circle	red	(645, 652)	high	no	no_dis	N	dif	vert	up	True	807242	808137	up	1	3	75
7	xwd	f	21	1	90	circle	red	(645, 652)	high	no	no_dis	N	dif	vert	up	True	809384	810201	up	1	3	76
7	xwd	f	21	1	90	diamond	red	(645, 652)	high	dis	(757, 540)	N	same	hori	left	True	811321	812617	left	1	3	77
7	xwd	f	21	1	90	circle	red	(645, 652)	high	dis	(757, 540)	N	same	hori	left	True	813667	814761	left	1	3	78
7	xwd	f	21	1	90	circle	green	(645, 652)	high	no	no_dis	N	dif	vert	up	True	815823	816497	up	1	3	79
7	xwd	f	21	1	90	circle	red	(645, 652)	high	no	no_dis	N	same	hori	left	True	817564	818281	left	1	3	80
7	xwd	f	21	1	90	circle	red	(645, 428)	low	no	no_dis	N	dif	vert	up	True	819426	820177	up	1	3	81
7	xwd	f	21	1	90	diamond	red	(645, 652)	high	no	no_dis	N	same	hori	left	True	821266	822321	left	1	3	82
7	xwd	f	21	1	90	circle	green	(645, 652)	high	dis	(533, 540)	N	dif	hori	left	True	823461	824465	left	1	3	83
7	xwd	f	21	1	90	diamond	red	(645, 652)	high	dis	(724, 619)	N	dif	vert	up	True	825517	826697	up	1	3	84
7	xwd	f	21	1	90	circle	green	(645, 652)	high	dis	(757, 540)	N	same	hori	left	True	827898	828994	left	1	3	85
7	xwd	f	21	1	90	circle	green	(645, 652)	high	no	no_dis	N	same	vert	up	True	830146	831273	up	1	3	86
7	xwd	f	21	1	90	circle	green	(645, 652)	high	dis	(757, 540)	N	same	vert	up	True	832302	833073	up	1	3	87
7	xwd	f	21	1	90	circle	green	(533, 540)	low	no	no_dis	N	dif	hori	left	True	834325	835186	left	1	3	88
7	xwd	f	21	1	90	circle	red	(645, 652)	high	dis	(724, 619)	N	same	hori	left	True	836231	837609	left	1	3	89
7	xwd	f	21	1	90	circle	red	(645, 652)	high	dis	(645, 428)	N	same	vert	up	True	838616	839361	up	1	3	90
7	xwd	f	21	1	90	diamond	red	(645, 652)	high	dis	(757, 540)	N	dif	vert	up	True	840489	841881	up	1	3	91
7	xwd	f	21	1	90	diamond	green	(645, 652)	high	dis	(724, 460)	N	dif	hori	left	True	843091	844281	left	1	3	92
7	xwd	f	21	1	90	circle	red	(645, 652)	high	no	no_dis	N	same	hori	left	True	845351	846209	left	1	3	93
7	xwd	f	21	1	90	circle	red	(533, 540)	low	dis	(645, 652)	Y	dif	vert	up	True	847342	848433	up	1	3	94
7	xwd	f	21	1	90	circle	green	(565, 619)	low	dis	(645, 652)	Y	dif	vert	up	True	849525	850393	up	1	3	95
7	xwd	f	21	1	90	diamond	red	(645, 652)	high	no	no_dis	N	dif	hori	left	True	851463	852337	left	1	3	96
7	xwd	f	21	1	90	circle	green	(645, 652)	high	no	no_dis	N	dif	vert	up	True	853478	854321	up	1	3	97
7	xwd	f	21	1	90	circle	red	(645, 652)	high	dis	(757, 540)	N	dif	hori	left	True	855328	856089	left	1	3	98
7	xwd	f	21	1	90	circle	green	(645, 652)	high	dis	(757, 540)	N	dif	hori	left	True	857161	857921	left	1	3	99
7	xwd	f	21	1	90	diamond	green	(565, 460)	low	dis	(645, 652)	Y	dif	hori	left	True	859071	860465	left	1	3	100
7	xwd	f	21	1	90	circle	red	(645, 652)	high	dis	(645, 428)	N	dif	hori	left	True	861485	862321	left	1	3	101
7	xwd	f	21	1	90	diamond	green	(645, 652)	high	dis	(565, 460)	N	same	vert	up	True	863337	864153	up	1	3	102
7	xwd	f	21	1	90	diamond	red	(645, 652)	high	dis	(565, 460)	N	dif	vert	up	True	865221	865961	up	1	3	103
7	xwd	f	21	1	90	circle	red	(645, 652)	high	dis	(724, 460)	N	same	vert	up	True	866992	868249	up	1	3	104
7	xwd	f	21	1	90	diamond	green	(645, 652)	high	dis	(724, 619)	N	same	vert	up	True	869494	870602	up	1	3	105
7	xwd	f	21	1	90	circle	red	(645, 652)	high	dis	(565, 460)	N	same	hori	left	True	871782	872905	left	1	3	106
7	xwd	f	21	1	90	diamond	green	(645, 652)	high	no	no_dis	N	same	hori	left	True	873954	875018	left	1	3	107
7	xwd	f	21	1	90	circle	green	(645, 652)	high	dis	(565, 619)	N	dif	vert	up	True	876124	877297	up	1	3	108
7	xwd	f	21	1	90	diamond	red	(645, 652)	high	dis	(724, 460)	N	dif	hori	left	True	878357	879129	left	1	3	109
7	xwd	f	21	1	90	diamond	green	(645, 652)	high	dis	(565, 460)	N	dif	hori	left	True	880240	881433	left	1	3	110
7	xwd	f	21	1	90	circle	red	(645, 652)	high	dis	(565, 460)	N	dif	hori	left	True	882489	883513	left	1	3	111
7	xwd	f	21	1	90	circle	green	(645, 652)	high	no	no_dis	N	dif	vert	up	True	884710	885490	up	1	3	112
7	xwd	f	21	1	90	diamond	green	(645, 652)	high	dis	(533, 540)	N	dif	hori	left	True	886681	887905	left	1	3	113
7	xwd	f	21	1	90	circle	red	(645, 652)	high	dis	(533, 540)	N	same	hori	left	True	888939	889761	left	1	3	114
7	xwd	f	21	1	90	diamond	red	(565, 619)	low	no	no_dis	N	same	vert	up	True	890821	891657	up	1	3	115
7	xwd	f	21	1	90	diamond	red	(645, 652)	high	no	no_dis	N	dif	hori	left	True	892749	893369	left	1	3	116
7	xwd	f	21	1	90	diamond	red	(724, 619)	low	dis	(645, 652)	Y	same	hori	left	True	894444	895650	left	1	3	117
7	xwd	f	21	1	90	diamond	red	(645, 652)	high	dis	(724, 619)	N	dif	vert	up	True	896739	897561	up	1	3	118
7	xwd	f	21	1	90	circle	red	(645, 652)	high	dis	(533, 540)	N	dif	vert	up	True	898814	900833	up	1	3	119
7	xwd	f	21	1	90	diamond	red	(645, 652)	high	dis	(533, 540)	N	dif	hori	left	True	901848	902650	left	1	3	120
7	xwd	f	21	1	90	diamond	green	(645, 652)	high	no	no_dis	N	same	hori	left	True	934823	935817	left	1	4	1
7	xwd	f	21	1	90	diamond	red	(645, 652)	high	no	no_dis	N	same	vert	up	True	936901	937897	up	1	4	2
7	xwd	f	21	1	90	diamond	green	(645, 652)	high	dis	(724, 619)	N	same	vert	up	True	939146	940201	up	1	4	3
7	xwd	f	21	1	90	diamond	green	(645, 652)	high	dis	(565, 619)	N	same	hori	left	True	941414	942473	left	1	4	4
7	xwd	f	21	1	90	diamond	green	(645, 652)	high	dis	(724, 460)	N	same	vert	up	True	943627	944385	up	1	4	5
7	xwd	f	21	1	90	circle	red	(645, 652)	high	dis	(533, 540)	N	dif	hori	left	True	945571	946529	left	1	4	6
7	xwd	f	21	1	90	circle	red	(645, 652)	high	no	no_dis	N	dif	hori	left	True	947677	948305	left	1	4	7
7	xwd	f	21	1	90	diamond	red	(645, 652)	high	dis	(645, 428)	N	dif	vert	up	True	949447	950169	up	1	4	8
7	xwd	f	21	1	90	circle	red	(645, 652)	high	no	no_dis	N	dif	hori	left	True	951397	952041	left	1	4	9
7	xwd	f	21	1	90	circle	red	(645, 652)	high	no	no_dis	N	same	vert	up	True	953214	953889	up	1	4	10
7	xwd	f	21	1	90	diamond	red	(645, 652)	high	dis	(533, 540)	N	dif	vert	up	True	954911	956001	up	1	4	11
7	xwd	f	21	1	90	diamond	red	(645, 652)	high	dis	(724, 619)	N	dif	vert	up	True	957038	957841	up	1	4	12
7	xwd	f	21	1	90	circle	red	(645, 652)	high	dis	(565, 619)	N	same	hori	left	True	958998	959841	left	1	4	13
7	xwd	f	21	1	90	circle	red	(645, 652)	high	dis	(724, 619)	N	dif	hori	left	True	961018	961785	left	1	4	14
7	xwd	f	21	1	90	diamond	red	(645, 652)	high	no	no_dis	N	same	vert	up	True	962897	963602	up	1	4	15
7	xwd	f	21	1	90	diamond	green	(645, 652)	high	dis	(565, 619)	N	dif	vert	up	True	964667	965537	up	1	4	16
7	xwd	f	21	1	90	diamond	red	(533, 540)	low	no	no_dis	N	same	hori	left	True	966639	967553	left	1	4	17
7	xwd	f	21	1	90	diamond	red	(645, 652)	high	dis	(533, 540)	N	dif	hori	left	True	968562	969305	left	1	4	18
7	xwd	f	21	1	90	diamond	green	(645, 652)	high	dis	(724, 460)	N	same	hori	left	True	970483	971185	left	1	4	19
7	xwd	f	21	1	90	circle	red	(645, 652)	high	dis	(724, 619)	N	same	hori	left	True	972389	973113	left	1	4	20
7	xwd	f	21	1	90	diamond	red	(645, 652)	high	dis	(565, 619)	N	same	vert	up	True	974307	974969	up	1	4	21
7	xwd	f	21	1	90	circle	green	(645, 652)	high	dis	(565, 460)	N	dif	hori	left	True	976054	976745	left	1	4	22
7	xwd	f	21	1	90	diamond	green	(645, 652)	high	no	no_dis	N	dif	hori	left	True	977928	978617	left	1	4	23
7	xwd	f	21	1	90	diamond	red	(645, 652)	high	no	no_dis	N	same	vert	up	True	979630	980210	up	1	4	24
7	xwd	f	21	1	90	circle	green	(645, 652)	high	dis	(533, 540)	N	same	hori	left	True	981254	981882	left	1	4	25
7	xwd	f	21	1	90	diamond	red	(645, 652)	high	no	no_dis	N	same	hori	left	True	982894	983809	left	1	4	26
7	xwd	f	21	1	90	circle	green	(645, 652)	high	no	no_dis	N	dif	hori	left	True	984988	985825	left	1	4	27
7	xwd	f	21	1	90	circle	red	(645, 652)	high	dis	(533, 540)	N	same	vert	up	True	986979	987569	up	1	4	28
7	xwd	f	21	1	90	circle	red	(645, 652)	high	no	no_dis	N	dif	vert	up	True	988704	989345	up	1	4	29
7	xwd	f	21	1	90	diamond	red	(645, 652)	high	no	no_dis	N	dif	hori	left	True	990392	991329	left	1	4	30
7	xwd	f	21	1	90	circle	green	(645, 652)	high	no	no_dis	N	same	hori	left	True	992361	992953	left	1	4	31
7	xwd	f	21	1	90	diamond	red	(724, 619)	low	dis	(645, 652)	Y	same	vert	up	True	993969	995881	up	1	4	32
7	xwd	f	21	1	90	circle	green	(757, 540)	low	no	no_dis	N	dif	vert	up	True	996988	998073	up	1	4	33
7	xwd	f	21	1	90	diamond	green	(645, 652)	high	dis	(724, 460)	N	dif	vert	up	True	999242	1000753	up	1	4	34
7	xwd	f	21	1	90	circle	green	(645, 652)	high	dis	(645, 428)	N	dif	vert	up	True	1001775	1002785	up	1	4	35
7	xwd	f	21	1	90	circle	green	(645, 652)	high	dis	(565, 460)	N	same	hori	left	True	1003809	1004617	left	1	4	36
7	xwd	f	21	1	90	circle	green	(645, 652)	high	no	no_dis	N	dif	vert	up	True	1005859	1006921	up	1	4	37
7	xwd	f	21	1	90	circle	red	(645, 652)	high	no	no_dis	N	dif	hori	left	True	1008008	1008625	left	1	4	38
7	xwd	f	21	1	90	circle	red	(645, 652)	high	dis	(757, 540)	N	same	hori	left	True	1009680	1010833	left	1	4	39
7	xwd	f	21	1	90	diamond	green	(724, 619)	low	no	no_dis	N	dif	hori	left	True	1011916	1013465	left	1	4	40
7	xwd	f	21	1	90	diamond	red	(645, 652)	high	no	no_dis	N	same	vert	up	True	1014536	1015665	up	1	4	41
7	xwd	f	21	1	90	diamond	red	(645, 652)	high	dis	(533, 540)	N	same	hori	left	True	1016788	1017601	left	1	4	42
7	xwd	f	21	1	90	diamond	green	(645, 652)	high	dis	(565, 460)	N	dif	vert	up	True	1018715	1019377	up	1	4	43
7	xwd	f	21	1	90	diamond	red	(645, 652)	high	dis	(724, 460)	N	same	vert	up	True	1020451	1021153	up	1	4	44
7	xwd	f	21	1	90	circle	green	(645, 652)	high	dis	(565, 619)	N	same	vert	up	True	1022320	1023737	up	1	4	45
7	xwd	f	21	1	90	diamond	green	(645, 652)	high	dis	(533, 540)	N	same	hori	left	True	1024813	1025713	left	1	4	46
7	xwd	f	21	1	90	circle	red	(645, 652)	high	dis	(565, 460)	N	dif	hori	left	True	1026895	1027665	left	1	4	47
7	xwd	f	21	1	90	circle	red	(645, 652)	high	dis	(724, 460)	N	dif	vert	up	True	1028803	1029617	up	1	4	48
7	xwd	f	21	1	90	diamond	green	(645, 652)	high	dis	(724, 619)	N	same	vert	up	True	1030858	1031777	up	1	4	49
7	xwd	f	21	1	90	diamond	green	(645, 652)	high	dis	(757, 540)	N	same	hori	left	True	1033013	1034057	left	1	4	50
7	xwd	f	21	1	90	circle	green	(645, 652)	high	dis	(724, 619)	N	dif	vert	up	True	1035128	1036225	up	1	4	51
7	xwd	f	21	1	90	diamond	green	(645, 652)	high	dis	(565, 460)	N	dif	hori	left	True	1037250	1038009	left	1	4	52
7	xwd	f	21	1	90	circle	red	(645, 652)	high	no	no_dis	N	dif	vert	up	True	1039154	1039905	up	1	4	53
7	xwd	f	21	1	90	diamond	green	(645, 652)	high	no	no_dis	N	dif	vert	up	True	1041101	1041977	up	1	4	54
7	xwd	f	21	1	90	circle	red	(645, 652)	high	dis	(533, 540)	N	same	vert	up	True	1043087	1043785	up	1	4	55
7	xwd	f	21	1	90	diamond	red	(645, 652)	high	no	no_dis	N	same	vert	up	True	1044907	1045993	up	1	4	56
7	xwd	f	21	1	90	diamond	red	(645, 652)	high	dis	(533, 540)	N	same	vert	up	True	1047197	1048073	up	1	4	57
7	xwd	f	21	1	90	circle	red	(645, 652)	high	dis	(645, 428)	N	same	hori	left	True	1049308	1049825	left	1	4	58
7	xwd	f	21	1	90	diamond	green	(645, 652)	high	dis	(565, 619)	N	dif	vert	up	True	1051000	1052298	up	1	4	59
7	xwd	f	21	1	90	diamond	green	(645, 652)	high	no	no_dis	N	dif	vert	up	True	1053401	1053961	up	1	4	60
7	xwd	f	21	1	90	diamond	red	(645, 652)	high	dis	(645, 428)	N	dif	hori	left	True	1055189	1055722	left	1	4	61
7	xwd	f	21	1	90	circle	green	(645, 652)	high	dis	(724, 619)	N	same	vert	up	True	1056794	1057529	up	1	4	62
7	xwd	f	21	1	90	diamond	red	(645, 652)	high	dis	(757, 540)	N	same	vert	up	True	1058714	1059353	up	1	4	63
7	xwd	f	21	1	90	circle	red	(645, 652)	high	no	no_dis	N	dif	vert	up	True	1060499	1061186	up	1	4	64
7	xwd	f	21	1	90	circle	red	(533, 540)	low	dis	(645, 652)	Y	dif	hori	left	True	1062420	1063409	left	1	4	65
7	xwd	f	21	1	90	diamond	green	(645, 652)	high	no	no_dis	N	dif	hori	left	True	1064463	1065306	left	1	4	66
7	xwd	f	21	1	90	diamond	green	(645, 652)	high	dis	(565, 619)	N	same	hori	left	True	1066434	1067201	left	1	4	67
7	xwd	f	21	1	90	circle	green	(645, 652)	high	dis	(565, 460)	N	dif	hori	left	True	1068240	1068753	left	1	4	68
7	xwd	f	21	1	90	diamond	green	(645, 652)	high	dis	(565, 619)	N	dif	vert	up	True	1069847	1070681	up	1	4	69
7	xwd	f	21	1	90	circle	green	(724, 460)	low	dis	(645, 652)	Y	dif	vert	up	True	1071833	1073169	up	1	4	70
7	xwd	f	21	1	90	circle	red	(645, 428)	low	no	no_dis	N	same	vert	up	True	1074255	1075337	up	1	4	71
7	xwd	f	21	1	90	diamond	red	(645, 652)	high	no	no_dis	N	same	hori	left	True	1076587	1077353	left	1	4	72
7	xwd	f	21	1	90	diamond	green	(645, 652)	high	dis	(724, 460)	N	same	hori	left	True	1078411	1079505	left	1	4	73
7	xwd	f	21	1	90	circle	green	(645, 652)	high	no	no_dis	N	same	hori	left	True	1080623	1081401	left	1	4	74
7	xwd	f	21	1	90	circle	green	(645, 652)	high	dis	(724, 619)	N	dif	hori	left	True	1082521	1083337	left	1	4	75
7	xwd	f	21	1	90	diamond	red	(645, 652)	high	dis	(565, 619)	N	same	hori	left	True	1084350	1085929	left	1	4	76
7	xwd	f	21	1	90	diamond	red	(645, 652)	high	dis	(565, 460)	N	same	vert	up	True	1087001	1087953	up	1	4	77
7	xwd	f	21	1	90	circle	red	(645, 652)	high	no	no_dis	N	same	vert	up	True	1089111	1089866	up	1	4	78
7	xwd	f	21	1	90	diamond	green	(645, 652)	high	no	no_dis	N	same	vert	up	True	1091116	1092258	up	1	4	79
7	xwd	f	21	1	90	diamond	red	(645, 652)	high	dis	(757, 540)	N	dif	hori	left	True	1093469	1094618	left	1	4	80
7	xwd	f	21	1	90	circle	red	(645, 652)	high	dis	(724, 619)	N	dif	vert	up	True	1095861	1096969	up	1	4	81
7	xwd	f	21	1	90	circle	green	(645, 652)	high	dis	(724, 460)	N	dif	vert	up	True	1098130	1099529	up	1	4	82
7	xwd	f	21	1	90	diamond	green	(645, 652)	high	dis	(757, 540)	N	same	vert	up	True	1100755	1102265	up	1	4	83
7	xwd	f	21	1	90	circle	green	(565, 619)	low	dis	(645, 652)	Y	same	hori	left	True	1103427	1104921	left	1	4	84
7	xwd	f	21	1	90	circle	green	(645, 652)	high	no	no_dis	N	same	hori	left	True	1105975	1106673	left	1	4	85
7	xwd	f	21	1	90	diamond	red	(645, 652)	high	no	no_dis	N	same	hori	left	True	1107694	1108713	left	1	4	86
7	xwd	f	21	1	90	diamond	red	(645, 652)	high	dis	(645, 428)	N	dif	vert	up	True	1109928	1110673	up	1	4	87
7	xwd	f	21	1	90	circle	green	(645, 652)	high	dis	(565, 460)	N	same	vert	up	True	1111750	1113025	up	1	4	88
7	xwd	f	21	1	90	circle	red	(645, 652)	high	dis	(565, 619)	N	same	vert	up	True	1114205	1115233	up	1	4	89
7	xwd	f	21	1	90	circle	red	(645, 652)	high	dis	(724, 460)	N	dif	hori	left	True	1116240	1117025	left	1	4	90
7	xwd	f	21	1	90	circle	green	(645, 652)	high	dis	(757, 540)	N	dif	hori	left	True	1118207	1119097	left	1	4	91
7	xwd	f	21	1	90	diamond	red	(645, 652)	high	dis	(533, 540)	N	same	hori	left	True	1120271	1121466	left	1	4	92
7	xwd	f	21	1	90	diamond	red	(645, 428)	low	dis	(645, 652)	Y	same	vert	up	True	1122689	1123770	up	1	4	93
7	xwd	f	21	1	90	circle	green	(645, 652)	high	dis	(645, 428)	N	same	hori	left	True	1124771	1125857	left	1	4	94
7	xwd	f	21	1	90	circle	green	(645, 652)	high	dis	(724, 460)	N	same	hori	left	True	1126880	1127945	left	1	4	95
7	xwd	f	21	1	90	diamond	red	(645, 652)	high	dis	(645, 428)	N	dif	hori	left	True	1129129	1130121	left	1	4	96
7	xwd	f	21	1	90	circle	red	(645, 652)	high	dis	(565, 460)	N	dif	hori	left	True	1131131	1132281	left	1	4	97
7	xwd	f	21	1	90	circle	red	(757, 540)	low	dis	(645, 652)	Y	dif	hori	left	True	1133402	1134329	left	1	4	98
7	xwd	f	21	1	90	circle	red	(645, 652)	high	dis	(533, 540)	N	same	vert	up	True	1135352	1136361	up	1	4	99
7	xwd	f	21	1	90	diamond	red	(645, 652)	high	dis	(724, 460)	N	dif	hori	left	True	1137561	1138265	left	1	4	100
7	xwd	f	21	1	90	diamond	green	(645, 652)	high	no	no_dis	N	dif	vert	up	True	1139300	1140385	up	1	4	101
7	xwd	f	21	1	90	circle	red	(645, 652)	high	no	no_dis	N	dif	hori	left	True	1141569	1142209	left	1	4	102
7	xwd	f	21	1	90	circle	green	(645, 652)	high	no	no_dis	N	same	hori	left	True	1143267	1143801	left	1	4	103
7	xwd	f	21	1	90	circle	green	(645, 652)	high	no	no_dis	N	dif	hori	left	True	1144905	1145425	left	1	4	104
7	xwd	f	21	1	90	diamond	green	(565, 619)	low	dis	(645, 652)	Y	dif	vert	up	True	1146456	1147801	up	1	4	105
7	xwd	f	21	1	90	circle	red	(645, 652)	high	dis	(757, 540)	N	dif	vert	up	True	1149007	1149833	up	1	4	106
7	xwd	f	21	1	90	diamond	green	(645, 652)	high	dis	(757, 540)	N	dif	vert	up	True	1151042	1152065	up	1	4	107
7	xwd	f	21	1	90	circle	green	(645, 652)	high	dis	(645, 428)	N	same	hori	left	True	1153087	1154081	left	1	4	108
7	xwd	f	21	1	90	circle	green	(645, 652)	high	dis	(757, 540)	N	dif	hori	left	True	1155147	1155961	left	1	4	109
7	xwd	f	21	1	90	diamond	green	(645, 652)	high	dis	(724, 460)	N	dif	hori	left	True	1157095	1158169	left	1	4	110
7	xwd	f	21	1	90	circle	red	(645, 652)	high	dis	(565, 460)	N	dif	vert	up	True	1159216	1160009	up	1	4	111
7	xwd	f	21	1	90	circle	green	(645, 652)	high	dis	(724, 619)	N	dif	hori	left	True	1161145	1161882	left	1	4	112
7	xwd	f	21	1	90	diamond	green	(565, 460)	low	dis	(645, 652)	Y	same	hori	left	True	1163004	1164049	left	1	4	113
7	xwd	f	21	1	90	diamond	green	(645, 652)	high	no	no_dis	N	same	hori	left	True	1165211	1166097	left	1	4	114
7	xwd	f	21	1	90	circle	red	(645, 652)	high	dis	(645, 428)	N	same	vert	up	True	1167117	1168441	up	1	4	115
7	xwd	f	21	1	90	circle	green	(645, 652)	high	no	no_dis	N	same	vert	up	True	1169538	1170201	up	1	4	116
7	xwd	f	21	1	90	circle	green	(645, 652)	high	dis	(645, 428)	N	dif	vert	up	True	1171411	1172073	up	1	4	117
7	xwd	f	21	1	90	circle	green	(645, 652)	high	no	no_dis	N	dif	vert	up	True	1173267	1173913	up	1	4	118
7	xwd	f	21	1	90	diamond	red	(645, 652)	high	dis	(757, 540)	N	same	vert	up	True	1174964	1176201	up	1	4	119
7	xwd	f	21	1	90	diamond	green	(645, 652)	high	no	no_dis	N	dif	vert	up	True	1177342	1178689	up	1	4	120
7	xwd	f	21	1	90	diamond	green	(645, 652)	high	dis	(533, 540)	N	dif	vert	up	True	1212199	1213121	up	1	5	1
7	xwd	f	21	1	90	diamond	red	(645, 652)	high	no	no_dis	N	same	hori	left	True	1214130	1215161	left	1	5	2
7	xwd	f	21	1	90	diamond	green	(645, 652)	high	dis	(757, 540)	N	same	hori	left	True	1216331	1217113	left	1	5	3
7	xwd	f	21	1	90	diamond	red	(645, 652)	high	no	no_dis	N	dif	vert	up	True	1218138	1218841	up	1	5	4
7	xwd	f	21	1	90	circle	red	(645, 652)	high	dis	(724, 619)	N	dif	vert	up	True	1219921	1220929	up	1	5	5
7	xwd	f	21	1	90	circle	red	(645, 652)	high	dis	(724, 460)	N	same	hori	left	True	1222130	1222753	left	1	5	6
7	xwd	f	21	1	90	diamond	green	(645, 652)	high	dis	(645, 428)	N	same	vert	up	True	1223918	1224937	up	1	5	7
7	xwd	f	21	1	90	diamond	green	(645, 652)	high	no	no_dis	N	dif	hori	left	True	1226188	1227073	left	1	5	8
7	xwd	f	21	1	90	circle	green	(645, 652)	high	dis	(565, 460)	N	same	vert	up	True	1228077	1228713	up	1	5	9
7	xwd	f	21	1	90	circle	green	(645, 652)	high	dis	(533, 540)	N	same	hori	left	True	1229797	1230465	left	1	5	10
7	xwd	f	21	1	90	circle	red	(757, 540)	low	dis	(645, 652)	Y	dif	hori	left	True	1231592	1232545	left	1	5	11
7	xwd	f	21	1	90	circle	green	(645, 652)	high	no	no_dis	N	same	hori	left	True	1233567	1234321	left	1	5	12
7	xwd	f	21	1	90	diamond	red	(645, 428)	low	dis	(645, 652)	Y	same	vert	up	True	1235569	1236401	up	1	5	13
7	xwd	f	21	1	90	circle	green	(645, 652)	high	dis	(565, 619)	N	dif	hori	left	True	1237639	1238609	left	1	5	14
7	xwd	f	21	1	90	diamond	green	(565, 619)	low	dis	(645, 652)	Y	same	hori	left	True	1239789	1241209	left	1	5	15
7	xwd	f	21	1	90	diamond	red	(645, 652)	high	no	no_dis	N	same	vert	up	True	1242312	1243057	up	1	5	16
7	xwd	f	21	1	90	diamond	red	(645, 652)	high	dis	(724, 460)	N	same	vert	up	True	1244152	1245041	up	1	5	17
7	xwd	f	21	1	90	circle	red	(645, 652)	high	dis	(757, 540)	N	dif	vert	up	True	1246188	1247369	up	1	5	18
7	xwd	f	21	1	90	circle	green	(565, 619)	low	dis	(645, 652)	Y	dif	vert	up	True	1248504	1249457	up	1	5	19
7	xwd	f	21	1	90	diamond	red	(645, 652)	high	dis	(757, 540)	N	dif	vert	up	True	1250567	1251377	up	1	5	20
7	xwd	f	21	1	90	circle	red	(645, 652)	high	dis	(645, 428)	N	same	hori	left	True	1252539	1253553	left	1	5	21
7	xwd	f	21	1	90	diamond	red	(645, 652)	high	dis	(565, 460)	N	dif	vert	up	True	1254621	1255609	up	1	5	22
7	xwd	f	21	1	90	circle	green	(645, 652)	high	dis	(757, 540)	N	same	hori	left	True	1256725	1258081	left	1	5	23
7	xwd	f	21	1	90	circle	green	(645, 652)	high	no	no_dis	N	same	hori	left	True	1259266	1259817	left	1	5	24
7	xwd	f	21	1	90	diamond	red	(645, 652)	high	no	no_dis	N	same	vert	up	True	1261015	1261945	up	1	5	25
7	xwd	f	21	1	90	diamond	green	(645, 652)	high	no	no_dis	N	same	hori	left	True	1262976	1263993	left	1	5	26
7	xwd	f	21	1	90	circle	green	(645, 652)	high	dis	(533, 540)	N	dif	vert	up	True	1265190	1265977	up	1	5	27
7	xwd	f	21	1	90	diamond	green	(645, 652)	high	dis	(565, 619)	N	same	hori	left	True	1267225	1268273	left	1	5	28
7	xwd	f	21	1	90	circle	green	(645, 652)	high	dis	(533, 540)	N	dif	vert	up	True	1269489	1270441	up	1	5	29
7	xwd	f	21	1	90	circle	red	(645, 652)	high	no	no_dis	N	same	vert	up	True	1271683	1272465	up	1	5	30
7	xwd	f	21	1	90	diamond	red	(645, 652)	high	dis	(724, 619)	N	dif	hori	left	True	1273567	1274601	left	1	5	31
7	xwd	f	21	1	90	diamond	green	(645, 652)	high	no	no_dis	N	same	vert	up	True	1275734	1276553	up	1	5	32
7	xwd	f	21	1	90	diamond	green	(645, 652)	high	dis	(645, 428)	N	same	hori	left	True	1277617	1278905	left	1	5	33
7	xwd	f	21	1	90	diamond	green	(645, 652)	high	dis	(565, 619)	N	dif	vert	up	True	1279938	1280769	up	1	5	34
7	xwd	f	21	1	90	circle	red	(645, 652)	high	no	no_dis	N	dif	vert	up	True	1281880	1282569	up	1	5	35
7	xwd	f	21	1	90	circle	green	(645, 652)	high	no	no_dis	N	same	vert	up	True	1283761	1284345	up	1	5	36
7	xwd	f	21	1	90	circle	red	(645, 652)	high	dis	(724, 460)	N	dif	vert	up	True	1285554	1286321	up	1	5	37
7	xwd	f	21	1	90	circle	red	(645, 652)	high	dis	(565, 460)	N	dif	vert	up	True	1287368	1288321	up	1	5	38
7	xwd	f	21	1	90	circle	red	(533, 540)	low	dis	(645, 652)	Y	same	hori	left	True	1289484	1290337	left	1	5	39
7	xwd	f	21	1	90	circle	red	(645, 652)	high	no	no_dis	N	same	vert	up	True	1291545	1292201	up	1	5	40
7	xwd	f	21	1	90	diamond	green	(645, 652)	high	no	no_dis	N	same	hori	left	True	1293220	1294073	left	1	5	41
7	xwd	f	21	1	90	circle	green	(645, 652)	high	dis	(724, 619)	N	same	vert	up	True	1295158	1295777	up	1	5	42
7	xwd	f	21	1	90	diamond	red	(645, 652)	high	no	no_dis	N	dif	vert	up	True	1296890	1297881	up	1	5	43
7	xwd	f	21	1	90	circle	red	(645, 652)	high	no	no_dis	N	dif	hori	left	True	1298951	1299569	left	1	5	44
7	xwd	f	21	1	90	circle	red	(645, 652)	high	no	no_dis	N	dif	vert	up	True	1300748	1301297	up	1	5	45
7	xwd	f	21	1	90	circle	green	(645, 652)	high	dis	(645, 428)	N	dif	hori	left	True	1302530	1303889	left	1	5	46
7	xwd	f	21	1	90	diamond	red	(645, 652)	high	no	no_dis	N	same	hori	left	True	1305009	1306041	left	1	5	47
7	xwd	f	21	1	90	circle	red	(645, 652)	high	dis	(565, 460)	N	same	hori	left	True	1307189	1308081	left	1	5	48
7	xwd	f	21	1	90	diamond	green	(645, 652)	high	dis	(565, 619)	N	same	vert	up	True	1309238	1310025	up	1	5	49
7	xwd	f	21	1	90	circle	red	(645, 652)	high	dis	(724, 460)	N	same	vert	up	True	1311198	1312281	up	1	5	50
7	xwd	f	21	1	90	circle	red	(645, 652)	high	dis	(724, 619)	N	dif	hori	left	True	1313516	1314129	left	1	5	51
7	xwd	f	21	1	90	circle	green	(645, 652)	high	no	no_dis	N	dif	hori	left	True	1315379	1315921	left	1	5	52
7	xwd	f	21	1	90	circle	red	(645, 652)	high	dis	(757, 540)	N	dif	hori	left	True	1317162	1317865	left	1	5	53
7	xwd	f	21	1	90	diamond	green	(565, 460)	low	no	no_dis	N	dif	hori	left	True	1319065	1320193	left	1	5	54
7	xwd	f	21	1	90	diamond	green	(645, 652)	high	dis	(533, 540)	N	dif	hori	left	True	1321366	1322161	left	1	5	55
7	xwd	f	21	1	90	diamond	green	(645, 652)	high	dis	(565, 460)	N	dif	vert	up	True	1323168	1323785	up	1	5	56
7	xwd	f	21	1	90	diamond	green	(645, 652)	high	no	no_dis	N	dif	vert	up	True	1324903	1325713	up	1	5	57
7	xwd	f	21	1	90	diamond	red	(724, 619)	low	dis	(645, 652)	Y	dif	vert	up	True	1326922	1328761	up	1	5	58
7	xwd	f	21	1	90	diamond	red	(645, 652)	high	dis	(565, 619)	N	same	hori	left	True	1329932	1331033	left	1	5	59
7	xwd	f	21	1	90	circle	red	(645, 652)	high	dis	(757, 540)	N	same	vert	up	True	1332269	1332857	up	1	5	60
7	xwd	f	21	1	90	circle	red	(645, 652)	high	dis	(565, 460)	N	same	hori	left	True	1333893	1334545	left	1	5	61
7	xwd	f	21	1	90	circle	red	(645, 652)	high	dis	(565, 460)	N	dif	vert	up	True	1335703	1336361	up	1	5	62
7	xwd	f	21	1	90	circle	green	(645, 652)	high	no	no_dis	N	dif	hori	left	True	1337523	1338129	left	1	5	63
7	xwd	f	21	1	90	circle	red	(645, 652)	high	dis	(757, 540)	N	same	vert	up	True	1339231	1339777	up	1	5	64
7	xwd	f	21	1	90	diamond	red	(645, 652)	high	dis	(565, 619)	N	dif	hori	left	True	1340837	1341665	left	1	5	65
7	xwd	f	21	1	90	diamond	red	(645, 652)	high	no	no_dis	N	same	hori	left	True	1342671	1343425	left	1	5	66
7	xwd	f	21	1	90	diamond	red	(645, 652)	high	dis	(565, 460)	N	same	vert	up	True	1344503	1345737	up	1	5	67
7	xwd	f	21	1	90	circle	green	(645, 652)	high	dis	(724, 460)	N	same	vert	up	True	1346874	1347697	up	1	5	68
7	xwd	f	21	1	90	circle	green	(645, 652)	high	dis	(533, 540)	N	dif	hori	left	True	1348800	1349369	left	1	5	69
7	xwd	f	21	1	90	diamond	red	(645, 652)	high	no	no_dis	N	dif	vert	up	True	1350563	1351097	up	1	5	70
7	xwd	f	21	1	90	diamond	red	(645, 652)	high	dis	(533, 540)	N	dif	hori	left	True	1352237	1352985	left	1	5	71
7	xwd	f	21	1	90	diamond	green	(645, 652)	high	dis	(724, 460)	N	dif	vert	up	True	1354071	1354641	up	1	5	72
7	xwd	f	21	1	90	diamond	green	(645, 652)	high	dis	(724, 619)	N	dif	vert	up	True	1355690	1356393	up	1	5	73
7	xwd	f	21	1	90	circle	green	(645, 652)	high	no	no_dis	N	dif	hori	left	True	1357636	1358145	left	1	5	74
7	xwd	f	21	1	90	circle	green	(645, 652)	high	dis	(565, 460)	N	same	hori	left	True	1359293	1359873	left	1	5	75
7	xwd	f	21	1	90	diamond	green	(645, 652)	high	dis	(724, 619)	N	same	vert	up	True	1360953	1361513	up	1	5	76
7	xwd	f	21	1	90	circle	green	(645, 652)	high	dis	(565, 619)	N	dif	hori	left	True	1362581	1363289	left	1	5	77
7	xwd	f	21	1	90	diamond	green	(645, 652)	high	no	no_dis	N	same	hori	left	True	1364407	1365297	left	1	5	78
7	xwd	f	21	1	90	circle	green	(645, 652)	high	dis	(565, 619)	N	dif	hori	left	True	1366546	1367049	left	1	5	79
7	xwd	f	21	1	90	diamond	red	(645, 652)	high	dis	(757, 540)	N	dif	vert	up	True	1368182	1368809	up	1	5	80
7	xwd	f	21	1	90	diamond	red	(645, 652)	high	dis	(533, 540)	N	same	vert	up	True	1369989	1370705	up	1	5	81
7	xwd	f	21	1	90	circle	red	(645, 652)	high	no	no_dis	N	same	vert	up	True	1371718	1372257	up	1	5	82
7	xwd	f	21	1	90	diamond	red	(645, 652)	high	dis	(724, 619)	N	same	vert	up	True	1373402	1373929	up	1	5	83
7	xwd	f	21	1	90	diamond	red	(645, 652)	high	dis	(565, 460)	N	dif	hori	left	True	1375068	1375593	left	1	5	84
7	xwd	f	21	1	90	circle	green	(645, 652)	high	dis	(757, 540)	N	dif	hori	left	True	1376606	1377105	left	1	5	85
7	xwd	f	21	1	90	diamond	red	(645, 652)	high	dis	(565, 619)	N	dif	vert	up	True	1378273	1379001	up	1	5	86
7	xwd	f	21	1	90	diamond	green	(645, 652)	high	no	no_dis	N	dif	hori	left	True	1380228	1380737	left	1	5	87
7	xwd	f	21	1	90	diamond	green	(645, 652)	high	dis	(724, 460)	N	same	vert	up	True	1381985	1382481	up	1	5	88
7	xwd	f	21	1	90	diamond	green	(565, 460)	low	dis	(645, 652)	Y	same	vert	up	True	1383674	1384193	up	1	5	89
7	xwd	f	21	1	90	circle	green	(645, 652)	high	dis	(645, 428)	N	dif	vert	up	True	1385369	1386201	up	1	5	90
7	xwd	f	21	1	90	circle	red	(645, 652)	high	dis	(757, 540)	N	same	hori	left	True	1387304	1388017	left	1	5	91
7	xwd	f	21	1	90	circle	red	(645, 652)	high	dis	(645, 428)	N	same	vert	up	True	1389167	1389865	up	1	5	92
7	xwd	f	21	1	90	diamond	green	(645, 652)	high	dis	(645, 428)	N	same	vert	up	True	1391057	1392073	up	1	5	93
7	xwd	f	21	1	90	circle	red	(645, 652)	high	dis	(645, 428)	N	same	hori	left	True	1393293	1393984	left	1	5	94
7	xwd	f	21	1	90	diamond	green	(645, 652)	high	dis	(724, 619)	N	dif	hori	left	True	1395019	1395833	left	1	5	95
7	xwd	f	21	1	90	circle	green	(645, 652)	high	dis	(645, 428)	N	same	hori	left	True	1396867	1398409	left	1	5	96
7	xwd	f	21	1	90	diamond	red	(645, 652)	high	dis	(724, 619)	N	same	hori	left	True	1399636	1400569	left	1	5	97
7	xwd	f	21	1	90	circle	red	(645, 652)	high	no	no_dis	N	dif	vert	up	True	1401626	1402209	up	1	5	98
7	xwd	f	21	1	90	diamond	green	(645, 652)	high	dis	(724, 619)	N	same	hori	left	True	1403406	1404089	left	1	5	99
7	xwd	f	21	1	90	circle	green	(645, 428)	low	no	no_dis	N	same	vert	up	True	1405154	1405993	up	1	5	100
7	xwd	f	21	1	90	circle	green	(724, 460)	low	dis	(645, 652)	Y	dif	hori	left	True	1407067	1407985	left	1	5	101
7	xwd	f	21	1	90	diamond	green	(645, 652)	high	dis	(724, 460)	N	dif	hori	left	True	1409097	1409801	left	1	5	102
7	xwd	f	21	1	90	circle	green	(645, 652)	high	dis	(533, 540)	N	same	hori	left	True	1410982	1412009	left	1	5	103
7	xwd	f	21	1	90	diamond	red	(645, 652)	high	dis	(645, 428)	N	same	hori	left	True	1413208	1413985	left	1	5	104
7	xwd	f	21	1	90	circle	red	(645, 652)	high	no	no_dis	N	dif	hori	left	True	1415033	1416192	left	1	5	105
7	xwd	f	21	1	90	circle	red	(533, 540)	low	no	no_dis	N	dif	vert	up	True	1417294	1418249	up	1	5	106
7	xwd	f	21	1	90	diamond	red	(645, 652)	high	dis	(565, 619)	N	dif	vert	up	True	1419253	1420233	up	1	5	107
7	xwd	f	21	1	90	circle	green	(645, 652)	high	dis	(645, 428)	N	same	vert	up	True	1421482	1422217	up	1	5	108
7	xwd	f	21	1	90	diamond	green	(645, 652)	high	no	no_dis	N	dif	hori	left	True	1423408	1424009	left	1	5	109
7	xwd	f	21	1	90	diamond	red	(645, 652)	high	dis	(724, 460)	N	dif	hori	left	True	1425152	1426249	left	1	5	110
7	xwd	f	21	1	90	circle	red	(645, 652)	high	dis	(533, 540)	N	dif	hori	left	True	1427344	1428281	left	1	5	111
7	xwd	f	21	1	90	circle	red	(645, 652)	high	no	no_dis	N	same	vert	up	True	1429514	1430057	up	1	5	112
7	xwd	f	21	1	90	circle	green	(645, 652)	high	no	no_dis	N	dif	vert	up	True	1431239	1431969	up	1	5	113
7	xwd	f	21	1	90	diamond	green	(645, 652)	high	dis	(724, 460)	N	same	vert	up	True	1432975	1434224	up	1	5	114
7	xwd	f	21	1	90	circle	green	(645, 652)	high	no	no_dis	N	same	hori	left	True	1435305	1436057	left	1	5	115
7	xwd	f	21	1	90	diamond	red	(645, 652)	high	no	no_dis	N	dif	hori	left	True	1437086	1438281	left	1	5	116
7	xwd	f	21	1	90	diamond	green	(645, 652)	high	no	no_dis	N	same	vert	up	True	1439388	1440089	up	1	5	117
7	xwd	f	21	1	90	diamond	red	(724, 619)	low	no	no_dis	N	same	hori	left	True	1441211	1442513	left	1	5	118
7	xwd	f	21	1	90	diamond	red	(645, 652)	high	dis	(565, 619)	N	dif	hori	left	True	1443762	1445361	up	0	5	119
7	xwd	f	21	1	90	circle	green	(645, 652)	high	no	no_dis	N	dif	vert	up	True	1448099	1449001	up	1	5	120
7	xwd	f	21	1	90	diamond	green	(645, 652)	high	no	no_dis	N	same	hori	left	True	1482359	1483312	left	1	6	1
7	xwd	f	21	1	90	diamond	red	(645, 652)	high	dis	(757, 540)	N	same	vert	up	True	1484499	1485328	up	1	6	2
7	xwd	f	21	1	90	circle	green	(645, 652)	high	dis	(724, 460)	N	same	vert	up	True	1486487	1487817	up	1	6	3
7	xwd	f	21	1	90	diamond	green	(645, 652)	high	no	no_dis	N	dif	vert	up	True	1489016	1490105	up	1	6	4
7	xwd	f	21	1	90	diamond	green	(645, 652)	high	no	no_dis	N	dif	vert	up	True	1491294	1492121	up	1	6	5
7	xwd	f	21	1	90	circle	green	(533, 540)	low	no	no_dis	N	same	hori	left	True	1493255	1494177	left	1	6	6
7	xwd	f	21	1	90	circle	green	(565, 619)	low	dis	(645, 652)	Y	dif	hori	left	True	1495256	1495897	up	0	6	7
7	xwd	f	21	1	90	circle	red	(533, 540)	low	dis	(645, 652)	Y	same	hori	left	True	1498640	1499769	left	1	6	8
7	xwd	f	21	1	90	diamond	green	(645, 652)	high	dis	(565, 619)	N	dif	hori	left	True	1500968	1501689	left	1	6	9
7	xwd	f	21	1	90	diamond	red	(645, 652)	high	dis	(533, 540)	N	same	hori	left	True	1502741	1503465	left	1	6	10
7	xwd	f	21	1	90	circle	red	(645, 652)	high	dis	(565, 619)	N	dif	vert	up	True	1504503	1505689	up	1	6	11
7	xwd	f	21	1	90	circle	green	(645, 652)	high	dis	(565, 619)	N	dif	hori	left	True	1506720	1507417	left	1	6	12
7	xwd	f	21	1	90	circle	green	(645, 652)	high	no	no_dis	N	same	vert	up	True	1508647	1509385	up	1	6	13
7	xwd	f	21	1	90	diamond	green	(645, 652)	high	no	no_dis	N	dif	vert	up	True	1510463	1511225	up	1	6	14
7	xwd	f	21	1	90	diamond	red	(645, 652)	high	no	no_dis	N	same	vert	up	True	1512283	1513217	up	1	6	15
7	xwd	f	21	1	90	circle	red	(645, 652)	high	dis	(565, 619)	N	same	vert	up	True	1514254	1514921	up	1	6	16
7	xwd	f	21	1	90	circle	red	(645, 652)	high	dis	(533, 540)	N	same	vert	up	True	1516086	1516753	up	1	6	17
7	xwd	f	21	1	90	circle	green	(645, 652)	high	dis	(645, 428)	N	dif	vert	up	True	1517883	1518617	up	1	6	18
7	xwd	f	21	1	90	circle	green	(645, 652)	high	dis	(533, 540)	N	same	hori	left	True	1519660	1520241	left	1	6	19
7	xwd	f	21	1	90	diamond	red	(724, 619)	low	dis	(645, 652)	Y	same	vert	up	True	1521412	1522720	up	1	6	20
7	xwd	f	21	1	90	diamond	green	(645, 652)	high	dis	(565, 460)	N	dif	hori	left	True	1523905	1524737	left	1	6	21
7	xwd	f	21	1	90	diamond	green	(645, 652)	high	dis	(757, 540)	N	dif	hori	left	True	1525831	1526633	left	1	6	22
7	xwd	f	21	1	90	diamond	green	(565, 619)	low	dis	(645, 652)	Y	dif	vert	up	True	1527666	1529257	up	1	6	23
7	xwd	f	21	1	90	circle	green	(645, 652)	high	dis	(645, 428)	N	same	hori	left	True	1530500	1531096	left	1	6	24
7	xwd	f	21	1	90	diamond	red	(645, 652)	high	dis	(565, 460)	N	dif	vert	up	True	1532290	1533049	up	1	6	25
7	xwd	f	21	1	90	diamond	green	(645, 652)	high	no	no_dis	N	dif	hori	left	True	1534289	1534921	left	1	6	26
7	xwd	f	21	1	90	diamond	red	(645, 652)	high	dis	(757, 540)	N	same	hori	left	True	1536077	1536785	left	1	6	27
7	xwd	f	21	1	90	diamond	green	(645, 652)	high	dis	(724, 460)	N	same	vert	up	True	1537815	1538352	up	1	6	28
7	xwd	f	21	1	90	diamond	green	(645, 652)	high	no	no_dis	N	same	hori	left	True	1539547	1540129	left	1	6	29
7	xwd	f	21	1	90	diamond	red	(645, 652)	high	dis	(533, 540)	N	same	vert	up	True	1541199	1541737	up	1	6	30
7	xwd	f	21	1	90	diamond	red	(645, 428)	low	dis	(645, 652)	Y	same	hori	left	True	1542762	1543745	left	1	6	31
7	xwd	f	21	1	90	diamond	green	(645, 652)	high	dis	(533, 540)	N	same	hori	left	True	1544779	1545449	left	1	6	32
7	xwd	f	21	1	90	diamond	green	(645, 652)	high	dis	(724, 460)	N	dif	vert	up	True	1546564	1547081	up	1	6	33
7	xwd	f	21	1	90	diamond	red	(645, 652)	high	dis	(724, 460)	N	same	hori	left	True	1548170	1548938	left	1	6	34
7	xwd	f	21	1	90	diamond	red	(645, 652)	high	dis	(533, 540)	N	dif	hori	left	True	1549953	1550808	left	1	6	35
7	xwd	f	21	1	90	circle	red	(645, 652)	high	no	no_dis	N	dif	hori	left	True	1551844	1552425	left	1	6	36
7	xwd	f	21	1	90	diamond	red	(645, 652)	high	dis	(724, 460)	N	same	hori	left	True	1553620	1554161	left	1	6	37
7	xwd	f	21	1	90	diamond	red	(645, 652)	high	dis	(533, 540)	N	dif	hori	left	True	1555256	1556201	left	1	6	38
7	xwd	f	21	1	90	diamond	red	(645, 652)	high	no	no_dis	N	same	vert	up	True	1557233	1557873	up	1	6	39
7	xwd	f	21	1	90	circle	red	(645, 652)	high	dis	(565, 460)	N	same	hori	left	True	1558910	1559529	left	1	6	40
7	xwd	f	21	1	90	circle	green	(645, 652)	high	dis	(724, 460)	N	same	hori	left	True	1560724	1561657	left	1	6	41
7	xwd	f	21	1	90	circle	red	(645, 652)	high	dis	(724, 619)	N	dif	hori	left	True	1562815	1563393	left	1	6	42
7	xwd	f	21	1	90	diamond	red	(645, 652)	high	dis	(645, 428)	N	dif	vert	up	True	1564416	1565265	up	1	6	43
7	xwd	f	21	1	90	circle	red	(645, 652)	high	dis	(565, 619)	N	same	hori	left	True	1566440	1567672	left	1	6	44
7	xwd	f	21	1	90	diamond	green	(645, 652)	high	dis	(645, 428)	N	same	vert	up	True	1568898	1569448	up	1	6	45
7	xwd	f	21	1	90	circle	red	(645, 652)	high	dis	(565, 460)	N	same	vert	up	True	1570616	1571257	up	1	6	46
7	xwd	f	21	1	90	diamond	green	(645, 652)	high	dis	(565, 619)	N	dif	vert	up	True	1572492	1573273	up	1	6	47
7	xwd	f	21	1	90	diamond	red	(645, 652)	high	dis	(757, 540)	N	dif	hori	left	True	1574357	1575624	left	1	6	48
7	xwd	f	21	1	90	circle	green	(645, 652)	high	dis	(645, 428)	N	dif	vert	up	True	1576659	1577224	up	1	6	49
7	xwd	f	21	1	90	diamond	red	(645, 652)	high	no	no_dis	N	dif	vert	up	True	1578384	1578928	up	1	6	50
7	xwd	f	21	1	90	circle	red	(645, 652)	high	no	no_dis	N	dif	hori	left	True	1579934	1580489	left	1	6	51
7	xwd	f	21	1	90	circle	red	(645, 652)	high	dis	(724, 619)	N	dif	hori	left	True	1581570	1582081	left	1	6	52
7	xwd	f	21	1	90	circle	green	(645, 652)	high	dis	(565, 460)	N	dif	vert	up	True	1583267	1583713	up	1	6	53
7	xwd	f	21	1	90	diamond	green	(645, 652)	high	no	no_dis	N	dif	hori	left	True	1584820	1585328	left	1	6	54
7	xwd	f	21	1	90	diamond	green	(565, 460)	low	no	no_dis	N	same	vert	up	True	1586458	1587537	up	1	6	55
7	xwd	f	21	1	90	circle	green	(645, 652)	high	dis	(645, 428)	N	same	hori	left	True	1588711	1589224	left	1	6	56
7	xwd	f	21	1	90	diamond	red	(645, 652)	high	dis	(724, 460)	N	dif	hori	left	True	1590247	1591105	left	1	6	57
7	xwd	f	21	1	90	diamond	green	(645, 652)	high	dis	(757, 540)	N	same	vert	up	True	1592217	1592713	up	1	6	58
7	xwd	f	21	1	90	diamond	red	(645, 652)	high	dis	(724, 619)	N	dif	vert	up	True	1593797	1594353	up	1	6	59
7	xwd	f	21	1	90	diamond	red	(645, 428)	low	no	no_dis	N	dif	hori	left	True	1595359	1596209	left	1	6	60
7	xwd	f	21	1	90	circle	green	(645, 652)	high	no	no_dis	N	dif	hori	left	True	1597355	1597905	left	1	6	61
7	xwd	f	21	1	90	diamond	red	(645, 652)	high	dis	(724, 619)	N	same	vert	up	True	1599153	1600217	up	1	6	62
7	xwd	f	21	1	90	diamond	green	(645, 652)	high	dis	(533, 540)	N	dif	vert	up	True	1601406	1602089	up	1	6	63
7	xwd	f	21	1	90	diamond	red	(645, 652)	high	dis	(724, 619)	N	dif	hori	left	True	1603109	1604089	left	1	6	64
7	xwd	f	21	1	90	diamond	red	(645, 652)	high	no	no_dis	N	same	vert	up	True	1605185	1606160	up	1	6	65
7	xwd	f	21	1	90	circle	red	(645, 652)	high	no	no_dis	N	dif	hori	left	True	1607370	1607897	left	1	6	66
7	xwd	f	21	1	90	circle	red	(645, 652)	high	dis	(645, 428)	N	same	vert	up	True	1609141	1609625	up	1	6	67
7	xwd	f	21	1	90	circle	red	(645, 652)	high	dis	(565, 619)	N	dif	vert	up	True	1610663	1611793	up	1	6	68
7	xwd	f	21	1	90	circle	red	(645, 652)	high	dis	(757, 540)	N	same	hori	left	True	1612799	1613408	left	1	6	69
7	xwd	f	21	1	90	circle	red	(724, 619)	low	no	no_dis	N	dif	vert	up	True	1614526	1615369	up	1	6	70
7	xwd	f	21	1	90	diamond	red	(645, 652)	high	dis	(565, 460)	N	same	vert	up	True	1616598	1617593	up	1	6	71
7	xwd	f	21	1	90	circle	green	(645, 652)	high	no	no_dis	N	dif	vert	up	True	1618653	1619168	up	1	6	72
7	xwd	f	21	1	90	circle	red	(645, 652)	high	dis	(645, 428)	N	same	vert	up	True	1620417	1621033	up	1	6	73
7	xwd	f	21	1	90	circle	red	(645, 652)	high	dis	(757, 540)	N	same	vert	up	True	1622045	1622553	up	1	6	74
7	xwd	f	21	1	90	circle	green	(645, 652)	high	dis	(724, 619)	N	same	vert	up	True	1623751	1624249	up	1	6	75
7	xwd	f	21	1	90	circle	green	(645, 652)	high	no	no_dis	N	dif	vert	up	True	1625428	1625913	up	1	6	76
7	xwd	f	21	1	90	diamond	red	(645, 652)	high	no	no_dis	N	dif	hori	left	True	1627116	1627657	left	1	6	77
7	xwd	f	21	1	90	circle	red	(645, 652)	high	dis	(645, 428)	N	dif	vert	up	True	1628713	1629241	up	1	6	78
7	xwd	f	21	1	90	circle	green	(645, 652)	high	no	no_dis	N	same	vert	up	True	1630421	1630969	up	1	6	79
7	xwd	f	21	1	90	circle	red	(645, 652)	high	dis	(565, 619)	N	dif	hori	left	True	1632036	1632513	left	1	6	80
7	xwd	f	21	1	90	diamond	red	(645, 652)	high	no	no_dis	N	same	vert	up	True	1633688	1634312	up	1	6	81
7	xwd	f	21	1	90	diamond	red	(645, 652)	high	dis	(565, 460)	N	same	hori	left	True	1635416	1635913	left	1	6	82
7	xwd	f	21	1	90	diamond	green	(645, 652)	high	dis	(533, 540)	N	dif	vert	up	True	1637061	1637561	up	1	6	83
7	xwd	f	21	1	90	circle	red	(645, 652)	high	dis	(645, 428)	N	dif	hori	left	True	1638685	1639193	left	1	6	84
7	xwd	f	21	1	90	circle	green	(645, 652)	high	dis	(757, 540)	N	dif	hori	left	True	1640306	1640881	left	1	6	85
7	xwd	f	21	1	90	diamond	green	(645, 652)	high	dis	(533, 540)	N	dif	hori	left	True	1641968	1642585	left	1	6	86
7	xwd	f	21	1	90	circle	green	(645, 652)	high	no	no_dis	N	dif	vert	up	True	1643706	1644208	up	1	6	87
7	xwd	f	21	1	90	circle	green	(645, 652)	high	dis	(724, 619)	N	dif	vert	up	True	1645447	1645969	up	1	6	88
7	xwd	f	21	1	90	diamond	green	(645, 652)	high	dis	(724, 460)	N	dif	vert	up	True	1647022	1647553	up	1	6	89
7	xwd	f	21	1	90	circle	green	(645, 652)	high	dis	(565, 460)	N	same	hori	left	True	1648791	1649241	left	1	6	90
7	xwd	f	21	1	90	diamond	red	(645, 652)	high	no	no_dis	N	dif	vert	up	True	1650399	1650881	up	1	6	91
7	xwd	f	21	1	90	diamond	red	(645, 652)	high	dis	(565, 619)	N	dif	hori	left	True	1652028	1652513	left	1	6	92
7	xwd	f	21	1	90	circle	red	(757, 540)	low	dis	(645, 652)	Y	same	vert	up	True	1653614	1654080	up	1	6	93
7	xwd	f	21	1	90	circle	red	(645, 652)	high	no	no_dis	N	same	hori	left	True	1655087	1655528	left	1	6	94
7	xwd	f	21	1	90	circle	green	(645, 652)	high	no	no_dis	N	same	vert	up	True	1656542	1657121	up	1	6	95
7	xwd	f	21	1	90	circle	green	(645, 652)	high	dis	(724, 619)	N	dif	vert	up	True	1658288	1658840	up	1	6	96
7	xwd	f	21	1	90	circle	red	(645, 652)	high	dis	(724, 619)	N	same	hori	left	True	1660014	1660497	left	1	6	97
7	xwd	f	21	1	90	diamond	green	(645, 652)	high	dis	(757, 540)	N	same	vert	up	True	1661690	1662185	up	1	6	98
7	xwd	f	21	1	90	circle	red	(645, 652)	high	no	no_dis	N	same	hori	left	True	1663436	1664081	left	1	6	99
7	xwd	f	21	1	90	circle	green	(645, 652)	high	no	no_dis	N	same	hori	left	True	1665322	1665793	left	1	6	100
7	xwd	f	21	1	90	diamond	green	(645, 652)	high	dis	(724, 460)	N	same	vert	up	True	1666844	1667353	up	1	6	101
7	xwd	f	21	1	90	circle	green	(645, 652)	high	no	no_dis	N	same	hori	left	True	1668497	1668952	left	1	6	102
7	xwd	f	21	1	90	circle	red	(645, 652)	high	no	no_dis	N	same	vert	up	True	1670020	1670656	up	1	6	103
7	xwd	f	21	1	90	diamond	green	(645, 652)	high	no	no_dis	N	dif	hori	left	True	1671787	1672281	left	1	6	104
7	xwd	f	21	1	90	circle	green	(645, 652)	high	dis	(724, 619)	N	dif	hori	left	True	1673457	1673968	left	1	6	105
7	xwd	f	21	1	90	diamond	green	(565, 460)	low	dis	(645, 652)	Y	dif	vert	up	True	1675021	1675809	up	1	6	106
7	xwd	f	21	1	90	circle	red	(645, 652)	high	no	no_dis	N	same	hori	left	True	1676875	1677353	left	1	6	107
7	xwd	f	21	1	90	diamond	green	(645, 652)	high	no	no_dis	N	same	hori	left	True	1678549	1679080	left	1	6	108
7	xwd	f	21	1	90	diamond	red	(645, 652)	high	no	no_dis	N	dif	hori	left	True	1680332	1680993	left	1	6	109
7	xwd	f	21	1	90	circle	green	(645, 652)	high	dis	(565, 460)	N	same	hori	left	True	1682034	1682617	left	1	6	110
7	xwd	f	21	1	90	diamond	green	(645, 652)	high	dis	(565, 460)	N	dif	hori	left	True	1683760	1684336	left	1	6	111
7	xwd	f	21	1	90	diamond	red	(645, 652)	high	no	no_dis	N	dif	vert	up	True	1685442	1685961	up	1	6	112
7	xwd	f	21	1	90	circle	green	(645, 652)	high	dis	(565, 619)	N	dif	vert	up	True	1687090	1687713	up	1	6	113
7	xwd	f	21	1	90	diamond	green	(645, 652)	high	dis	(724, 460)	N	dif	vert	up	True	1688729	1689249	up	1	6	114
7	xwd	f	21	1	90	circle	green	(724, 460)	low	dis	(645, 652)	Y	dif	hori	left	True	1690395	1691313	left	1	6	115
7	xwd	f	21	1	90	circle	green	(645, 652)	high	dis	(757, 540)	N	same	hori	left	True	1692447	1693169	left	1	6	116
7	xwd	f	21	1	90	circle	red	(645, 652)	high	dis	(724, 619)	N	same	vert	up	True	1694285	1694881	up	1	6	117
7	xwd	f	21	1	90	diamond	green	(645, 652)	high	dis	(533, 540)	N	same	hori	left	True	1696083	1697377	left	1	6	118
7	xwd	f	21	1	90	circle	red	(645, 652)	high	no	no_dis	N	same	hori	left	True	1698611	1699384	left	1	6	119
7	xwd	f	21	1	90	circle	red	(645, 652)	high	no	no_dis	N	same	vert	up	True	1700403	1700969	up	1	6	120
conf	7	xwd	f	21	1	90	True	1736411	1741696	7	True	1741709	1746625	2
