subj	name	gender	age	prac	group	shape	color	tar_loc	popularity	dis_cond	dis_loc	dis_high	td_dif	line	respkey	gotkey	startTime	respTime	resp	correct	block	trialnum
8	wrb	m	20	1	90	diamond	green	(724, 619)	high	no	no_dis	N	dif	hori	left	True	16707	17614	left	1	1	1
8	wrb	m	20	1	90	diamond	red	(724, 619)	high	dis	(565, 460)	N	same	hori	left	True	18714	20358	left	1	1	2
8	wrb	m	20	1	90	diamond	red	(724, 619)	high	no	no_dis	N	dif	vert	up	True	21409	22382	up	1	1	3
8	wrb	m	20	1	90	circle	green	(724, 619)	high	dis	(724, 460)	N	dif	vert	up	True	23426	24725	up	1	1	4
8	wrb	m	20	1	90	circle	green	(724, 460)	low	dis	(724, 619)	Y	same	hori	left	True	25853	27021	left	1	1	5
8	wrb	m	20	1	90	diamond	red	(724, 619)	high	dis	(565, 619)	N	dif	vert	up	True	28038	29213	up	1	1	6
8	wrb	m	20	1	90	diamond	red	(724, 619)	high	dis	(757, 540)	N	dif	vert	up	True	30330	31429	up	1	1	7
8	wrb	m	20	1	90	circle	green	(724, 619)	high	dis	(757, 540)	N	dif	hori	left	True	32435	33541	left	1	1	8
8	wrb	m	20	1	90	diamond	red	(724, 619)	high	no	no_dis	N	same	vert	up	True	34643	35966	up	1	1	9
8	wrb	m	20	1	90	circle	green	(724, 619)	high	no	no_dis	N	dif	vert	up	True	37027	38350	up	1	1	10
8	wrb	m	20	1	90	circle	green	(724, 619)	high	dis	(645, 428)	N	same	hori	left	True	39390	40869	left	1	1	11
8	wrb	m	20	1	90	diamond	green	(724, 619)	high	no	no_dis	N	dif	vert	up	True	41971	43421	up	1	1	12
8	wrb	m	20	1	90	diamond	red	(724, 619)	high	no	no_dis	N	dif	hori	left	True	44598	45734	left	1	1	13
8	wrb	m	20	1	90	diamond	red	(724, 619)	high	no	no_dis	N	same	hori	left	True	46764	47717	left	1	1	14
8	wrb	m	20	1	90	diamond	red	(724, 619)	high	dis	(645, 652)	N	same	vert	up	True	48908	51046	up	1	1	15
8	wrb	m	20	1	90	diamond	red	(724, 619)	high	dis	(645, 428)	N	same	hori	left	True	52117	53245	left	1	1	16
8	wrb	m	20	1	90	diamond	green	(724, 619)	high	no	no_dis	N	same	vert	up	True	54455	55229	up	1	1	17
8	wrb	m	20	1	90	diamond	green	(757, 540)	low	dis	(724, 619)	Y	same	vert	up	True	56330	58166	up	1	1	18
8	wrb	m	20	1	90	diamond	green	(724, 619)	high	dis	(565, 619)	N	dif	hori	left	True	59407	60573	left	1	1	19
8	wrb	m	20	1	90	diamond	green	(724, 619)	high	no	no_dis	N	same	hori	left	True	61776	62478	left	1	1	20
8	wrb	m	20	1	90	circle	red	(724, 619)	high	dis	(645, 652)	N	dif	vert	up	True	63689	65173	up	1	1	21
8	wrb	m	20	1	90	circle	red	(724, 619)	high	dis	(724, 460)	N	same	vert	up	True	66382	67109	up	1	1	22
8	wrb	m	20	1	90	circle	red	(724, 619)	high	no	no_dis	N	same	vert	up	True	68287	68974	up	1	1	23
8	wrb	m	20	1	90	diamond	green	(724, 619)	high	dis	(565, 619)	N	same	vert	up	True	70200	71310	up	1	1	24
8	wrb	m	20	1	90	circle	red	(724, 619)	high	dis	(565, 619)	N	same	vert	up	True	72337	73205	up	1	1	25
8	wrb	m	20	1	90	circle	green	(565, 619)	low	dis	(724, 619)	Y	same	hori	left	True	74222	75758	left	1	1	26
8	wrb	m	20	1	90	diamond	red	(724, 619)	high	no	no_dis	N	dif	vert	up	True	76916	77853	up	1	1	27
8	wrb	m	20	1	90	diamond	red	(724, 619)	high	dis	(645, 652)	N	dif	vert	up	True	78904	80317	up	1	1	28
8	wrb	m	20	1	90	circle	green	(724, 619)	high	dis	(533, 540)	N	dif	vert	up	True	81463	82957	up	1	1	29
8	wrb	m	20	1	90	circle	red	(724, 619)	high	dis	(724, 460)	N	same	vert	up	True	84198	86110	up	1	1	30
8	wrb	m	20	1	90	circle	red	(533, 540)	low	dis	(724, 619)	Y	dif	vert	up	True	87334	89045	up	1	1	31
8	wrb	m	20	1	90	diamond	green	(724, 619)	high	dis	(565, 619)	N	same	hori	left	True	90177	91853	left	1	1	32
8	wrb	m	20	1	90	diamond	green	(724, 619)	high	dis	(533, 540)	N	dif	hori	left	True	93099	93982	left	1	1	33
8	wrb	m	20	1	90	circle	green	(724, 619)	high	no	no_dis	N	same	hori	left	True	95139	95797	left	1	1	34
8	wrb	m	20	1	90	diamond	red	(645, 652)	low	dis	(724, 619)	Y	dif	vert	up	True	96993	98614	up	1	1	35
8	wrb	m	20	1	90	circle	green	(724, 619)	high	no	no_dis	N	same	hori	left	True	99651	101310	left	1	1	36
8	wrb	m	20	1	90	circle	red	(724, 619)	high	dis	(565, 460)	N	dif	vert	up	True	102549	104373	up	1	1	37
8	wrb	m	20	1	90	circle	red	(724, 619)	high	dis	(757, 540)	N	dif	hori	left	True	105580	106406	left	1	1	38
8	wrb	m	20	1	90	circle	green	(724, 619)	high	no	no_dis	N	dif	vert	up	True	107571	108534	up	1	1	39
8	wrb	m	20	1	90	circle	red	(724, 619)	high	no	no_dis	N	dif	hori	left	True	109548	110405	left	1	1	40
8	wrb	m	20	1	90	circle	red	(724, 619)	high	no	no_dis	N	same	vert	up	True	111597	112558	up	1	1	41
8	wrb	m	20	1	90	circle	red	(724, 619)	high	dis	(533, 540)	N	same	vert	up	True	113695	115125	up	1	1	42
8	wrb	m	20	1	90	circle	red	(724, 619)	high	dis	(645, 652)	N	same	hori	left	True	116291	117293	left	1	1	43
8	wrb	m	20	1	90	diamond	green	(724, 619)	high	dis	(533, 540)	N	same	hori	left	True	118324	120117	left	1	1	44
8	wrb	m	20	1	90	circle	green	(724, 619)	high	no	no_dis	N	same	vert	up	True	121218	121982	up	1	1	45
8	wrb	m	20	1	90	diamond	red	(724, 619)	high	no	no_dis	N	same	hori	left	True	123177	123933	left	1	1	46
8	wrb	m	20	1	90	diamond	green	(724, 619)	high	dis	(724, 460)	N	same	vert	up	True	125013	126150	up	1	1	47
8	wrb	m	20	1	90	circle	red	(724, 619)	high	dis	(565, 619)	N	same	hori	left	True	127298	128381	left	1	1	48
8	wrb	m	20	1	90	diamond	red	(724, 619)	high	no	no_dis	N	dif	vert	up	True	129437	130525	up	1	1	49
8	wrb	m	20	1	90	circle	red	(724, 619)	high	no	no_dis	N	same	hori	left	True	131729	132462	left	1	1	50
8	wrb	m	20	1	90	diamond	green	(724, 619)	high	dis	(757, 540)	N	dif	hori	left	True	133611	134325	left	1	1	51
8	wrb	m	20	1	90	circle	green	(724, 619)	high	dis	(724, 460)	N	dif	vert	up	True	135328	136174	up	1	1	52
8	wrb	m	20	1	90	circle	red	(724, 619)	high	no	no_dis	N	same	vert	up	True	137400	139573	up	1	1	53
8	wrb	m	20	1	90	diamond	red	(724, 619)	high	dis	(724, 460)	N	same	vert	up	True	140746	142365	up	1	1	54
8	wrb	m	20	1	90	diamond	green	(724, 619)	high	dis	(565, 460)	N	same	hori	left	True	143574	144574	left	1	1	55
8	wrb	m	20	1	90	diamond	green	(724, 619)	high	no	no_dis	N	dif	hori	left	True	145735	146454	left	1	1	56
8	wrb	m	20	1	90	circle	red	(724, 619)	high	dis	(645, 428)	N	same	vert	up	True	147580	148909	up	1	1	57
8	wrb	m	20	1	90	circle	green	(724, 619)	high	no	no_dis	N	same	hori	left	True	150021	151021	left	1	1	58
8	wrb	m	20	1	90	circle	red	(724, 619)	high	dis	(757, 540)	N	same	hori	left	True	152057	152726	left	1	1	59
8	wrb	m	20	1	90	diamond	green	(724, 619)	high	dis	(565, 460)	N	dif	hori	left	True	153947	154949	left	1	1	60
8	wrb	m	20	1	90	diamond	green	(724, 619)	high	no	no_dis	N	dif	hori	left	True	156076	158485	left	1	1	61
8	wrb	m	20	1	90	circle	green	(724, 619)	high	no	no_dis	N	dif	hori	left	True	159582	161061	left	1	1	62
8	wrb	m	20	1	90	diamond	red	(724, 619)	high	dis	(724, 460)	N	same	vert	up	True	162169	164078	up	1	1	63
8	wrb	m	20	1	90	circle	green	(724, 619)	high	dis	(724, 460)	N	same	vert	up	True	165085	166317	up	1	1	64
8	wrb	m	20	1	90	diamond	green	(724, 619)	high	dis	(645, 428)	N	dif	vert	up	True	167494	169174	up	1	1	65
8	wrb	m	20	1	90	diamond	red	(724, 619)	high	dis	(533, 540)	N	dif	vert	up	True	170252	171654	up	1	1	66
8	wrb	m	20	1	90	diamond	red	(724, 619)	high	dis	(645, 428)	N	same	hori	left	True	172694	174549	left	1	1	67
8	wrb	m	20	1	90	diamond	green	(724, 619)	high	dis	(724, 460)	N	same	hori	left	True	175754	176430	left	1	1	68
8	wrb	m	20	1	90	circle	green	(724, 619)	high	no	no_dis	N	dif	vert	up	True	177655	178821	left	0	1	69
8	wrb	m	20	1	90	circle	green	(724, 619)	high	dis	(757, 540)	N	dif	vert	up	True	181533	182910	up	1	1	70
8	wrb	m	20	1	90	circle	red	(724, 619)	high	no	no_dis	N	same	vert	up	True	184160	185901	up	1	1	71
8	wrb	m	20	1	90	diamond	red	(724, 619)	high	dis	(645, 652)	N	same	hori	left	True	187028	188525	left	1	1	72
8	wrb	m	20	1	90	circle	green	(724, 619)	high	no	no_dis	N	dif	vert	up	True	189571	190462	up	1	1	73
8	wrb	m	20	1	90	circle	green	(724, 619)	high	dis	(565, 619)	N	dif	vert	up	True	191657	192614	up	1	1	74
8	wrb	m	20	1	90	circle	red	(757, 540)	low	no	no_dis	N	dif	vert	up	True	193676	195126	up	1	1	75
8	wrb	m	20	1	90	circle	red	(757, 540)	low	dis	(724, 619)	Y	dif	hori	left	True	196146	197950	up	0	1	76
8	wrb	m	20	1	90	circle	red	(724, 619)	high	dis	(565, 460)	N	dif	hori	left	True	200535	201949	left	1	1	77
8	wrb	m	20	1	90	diamond	red	(724, 619)	high	dis	(645, 652)	N	same	hori	left	True	203091	204438	left	1	1	78
8	wrb	m	20	1	90	circle	green	(724, 619)	high	dis	(565, 460)	N	same	vert	up	True	205517	207781	up	1	1	79
8	wrb	m	20	1	90	diamond	green	(724, 619)	high	dis	(757, 540)	N	dif	hori	left	True	209021	210349	left	1	1	80
8	wrb	m	20	1	90	diamond	red	(724, 619)	high	dis	(533, 540)	N	dif	hori	left	True	211574	213629	left	1	1	81
8	wrb	m	20	1	90	diamond	green	(724, 619)	high	dis	(565, 619)	N	dif	hori	left	True	214682	215974	left	1	1	82
8	wrb	m	20	1	90	circle	red	(724, 619)	high	no	no_dis	N	dif	vert	up	True	217203	219029	up	1	1	83
8	wrb	m	20	1	90	circle	red	(724, 619)	high	no	no_dis	N	same	hori	left	True	220210	221126	up	0	1	84
8	wrb	m	20	1	90	circle	green	(724, 619)	high	dis	(645, 428)	N	same	hori	left	True	223750	225814	left	1	1	85
8	wrb	m	20	1	90	circle	green	(565, 460)	low	no	no_dis	N	dif	hori	left	True	226834	228078	left	1	1	86
8	wrb	m	20	1	90	circle	red	(724, 619)	high	dis	(645, 652)	N	dif	hori	left	True	229091	230853	left	1	1	87
8	wrb	m	20	1	90	diamond	green	(565, 460)	low	dis	(724, 619)	Y	dif	hori	left	True	232039	233558	left	1	1	88
8	wrb	m	20	1	90	circle	red	(724, 619)	high	dis	(645, 652)	N	same	hori	left	True	234794	236758	left	1	1	89
8	wrb	m	20	1	90	diamond	green	(533, 540)	low	no	no_dis	N	same	hori	left	True	237901	239653	left	1	1	90
8	wrb	m	20	1	90	circle	red	(724, 619)	high	no	no_dis	N	dif	hori	left	True	240728	242998	left	1	1	91
8	wrb	m	20	1	90	diamond	red	(645, 428)	low	dis	(724, 619)	Y	same	vert	up	True	244149	245749	up	1	1	92
8	wrb	m	20	1	90	circle	green	(724, 619)	high	dis	(757, 540)	N	dif	hori	left	True	246970	248845	left	1	1	93
8	wrb	m	20	1	90	diamond	red	(724, 619)	high	dis	(645, 428)	N	same	vert	up	True	250076	251582	up	1	1	94
8	wrb	m	20	1	90	circle	green	(724, 619)	high	dis	(565, 460)	N	dif	vert	up	True	252662	254454	up	1	1	95
8	wrb	m	20	1	90	diamond	red	(724, 619)	high	no	no_dis	N	same	hori	left	True	255688	258197	left	1	1	96
8	wrb	m	20	1	90	diamond	green	(724, 619)	high	dis	(533, 540)	N	same	vert	up	True	259303	260926	up	1	1	97
8	wrb	m	20	1	90	diamond	green	(724, 619)	high	no	no_dis	N	dif	hori	left	True	262068	263733	left	1	1	98
8	wrb	m	20	1	90	diamond	red	(724, 619)	high	dis	(645, 652)	N	dif	vert	up	True	264858	266981	up	1	1	99
8	wrb	m	20	1	90	circle	red	(724, 619)	high	dis	(645, 428)	N	dif	vert	up	True	268070	269653	up	1	1	100
8	wrb	m	20	1	90	circle	green	(724, 619)	high	dis	(565, 460)	N	same	vert	up	True	270803	273125	up	1	1	101
8	wrb	m	20	1	90	circle	red	(724, 619)	high	dis	(757, 540)	N	dif	hori	left	True	274371	276453	left	1	1	102
8	wrb	m	20	1	90	diamond	green	(724, 619)	high	no	no_dis	N	same	vert	up	True	277702	278893	up	1	1	103
8	wrb	m	20	1	90	diamond	green	(724, 619)	high	dis	(724, 460)	N	dif	vert	up	True	280109	281301	up	1	1	104
8	wrb	m	20	1	90	circle	red	(724, 619)	high	dis	(565, 619)	N	dif	hori	left	True	282403	283565	left	1	1	105
8	wrb	m	20	1	90	diamond	red	(724, 619)	high	no	no_dis	N	dif	hori	left	True	284795	285829	left	1	1	106
8	wrb	m	20	1	90	diamond	red	(724, 619)	high	dis	(533, 540)	N	same	hori	left	True	287033	288149	left	1	1	107
8	wrb	m	20	1	90	diamond	green	(724, 619)	high	dis	(533, 540)	N	dif	hori	left	True	289362	290413	left	1	1	108
8	wrb	m	20	1	90	diamond	green	(724, 619)	high	no	no_dis	N	same	vert	up	True	291484	293797	up	1	1	109
8	wrb	m	20	1	90	diamond	green	(724, 619)	high	dis	(565, 619)	N	same	hori	left	True	294989	295997	left	1	1	110
8	wrb	m	20	1	90	circle	green	(724, 619)	high	dis	(645, 428)	N	same	vert	up	True	297067	298221	up	1	1	111
8	wrb	m	20	1	90	diamond	red	(724, 619)	high	dis	(724, 460)	N	same	vert	up	True	299370	300637	up	1	1	112
8	wrb	m	20	1	90	circle	green	(724, 619)	high	dis	(757, 540)	N	dif	hori	left	True	301779	303037	left	1	1	113
8	wrb	m	20	1	90	circle	red	(724, 619)	high	dis	(645, 652)	N	dif	hori	left	True	304200	305325	left	1	1	114
8	wrb	m	20	1	90	diamond	green	(724, 619)	high	dis	(565, 619)	N	dif	vert	up	True	306356	307157	up	1	1	115
8	wrb	m	20	1	90	circle	green	(724, 619)	high	dis	(565, 460)	N	dif	vert	up	True	308345	309085	up	1	1	116
8	wrb	m	20	1	90	diamond	red	(724, 460)	low	no	no_dis	N	same	vert	up	True	310256	311877	up	1	1	117
8	wrb	m	20	1	90	diamond	red	(724, 619)	high	dis	(565, 460)	N	same	vert	up	True	312879	314597	up	1	1	118
8	wrb	m	20	1	90	circle	green	(724, 619)	high	dis	(645, 428)	N	dif	hori	left	True	315626	316693	left	1	1	119
8	wrb	m	20	1	90	circle	green	(724, 619)	high	dis	(533, 540)	N	same	hori	left	True	317756	318925	left	1	1	120
8	wrb	m	20	1	90	circle	red	(533, 540)	low	dis	(724, 619)	Y	same	vert	up	True	357715	360014	up	1	2	1
8	wrb	m	20	1	90	diamond	red	(724, 619)	high	no	no_dis	N	dif	vert	up	True	361255	363013	up	1	2	2
8	wrb	m	20	1	90	diamond	green	(724, 619)	high	dis	(565, 619)	N	dif	vert	up	True	364093	365590	up	1	2	3
8	wrb	m	20	1	90	diamond	red	(724, 619)	high	no	no_dis	N	same	vert	up	True	366812	367701	up	1	2	4
8	wrb	m	20	1	90	diamond	red	(724, 619)	high	dis	(724, 460)	N	dif	hori	left	True	368812	369966	left	1	2	5
8	wrb	m	20	1	90	circle	green	(724, 619)	high	dis	(757, 540)	N	same	hori	left	True	371038	372277	left	1	2	6
8	wrb	m	20	1	90	diamond	green	(724, 619)	high	no	no_dis	N	same	vert	up	True	373398	375157	up	1	2	7
8	wrb	m	20	1	90	diamond	green	(724, 619)	high	dis	(565, 460)	N	dif	hori	left	True	376199	377542	left	1	2	8
8	wrb	m	20	1	90	circle	green	(565, 619)	low	dis	(724, 619)	Y	same	hori	left	True	378602	379981	left	1	2	9
8	wrb	m	20	1	90	circle	green	(724, 619)	high	dis	(565, 619)	N	same	vert	up	True	381007	382125	up	1	2	10
8	wrb	m	20	1	90	diamond	red	(724, 619)	high	dis	(565, 619)	N	same	hori	left	True	383366	384118	left	1	2	11
8	wrb	m	20	1	90	diamond	green	(724, 619)	high	dis	(565, 619)	N	dif	vert	up	True	385204	387477	up	1	2	12
8	wrb	m	20	1	90	diamond	green	(724, 619)	high	no	no_dis	N	same	hori	left	True	388728	389518	left	1	2	13
8	wrb	m	20	1	90	circle	green	(645, 652)	low	no	no_dis	N	same	hori	left	True	390698	392126	left	1	2	14
8	wrb	m	20	1	90	diamond	red	(533, 540)	low	no	no_dis	N	dif	hori	left	True	393177	394277	left	1	2	15
8	wrb	m	20	1	90	circle	red	(724, 619)	high	no	no_dis	N	same	vert	up	True	395348	396213	up	1	2	16
8	wrb	m	20	1	90	diamond	green	(724, 619)	high	dis	(757, 540)	N	dif	hori	left	True	397313	398661	left	1	2	17
8	wrb	m	20	1	90	diamond	red	(724, 619)	high	dis	(565, 460)	N	dif	vert	up	True	399848	401101	up	1	2	18
8	wrb	m	20	1	90	diamond	green	(565, 460)	low	dis	(724, 619)	Y	same	hori	left	True	402173	403686	left	1	2	19
8	wrb	m	20	1	90	circle	green	(724, 619)	high	dis	(565, 619)	N	dif	hori	left	True	404894	406413	left	1	2	20
8	wrb	m	20	1	90	circle	green	(724, 619)	high	no	no_dis	N	same	vert	up	True	407536	408694	up	1	2	21
8	wrb	m	20	1	90	diamond	red	(724, 619)	high	no	no_dis	N	same	vert	up	True	409819	411885	up	1	2	22
8	wrb	m	20	1	90	circle	red	(724, 619)	high	no	no_dis	N	dif	vert	up	True	413018	413685	up	1	2	23
8	wrb	m	20	1	90	circle	red	(724, 619)	high	dis	(645, 652)	N	same	vert	up	True	414917	415805	up	1	2	24
8	wrb	m	20	1	90	circle	red	(724, 619)	high	dis	(645, 428)	N	same	hori	left	True	416823	417813	left	1	2	25
8	wrb	m	20	1	90	diamond	red	(724, 619)	high	no	no_dis	N	same	hori	left	True	418938	419949	left	1	2	26
8	wrb	m	20	1	90	diamond	red	(724, 619)	high	dis	(645, 652)	N	same	hori	left	True	420995	422670	left	1	2	27
8	wrb	m	20	1	90	circle	red	(724, 619)	high	dis	(533, 540)	N	dif	hori	left	True	423741	425229	left	1	2	28
8	wrb	m	20	1	90	circle	red	(724, 619)	high	dis	(724, 460)	N	dif	vert	up	True	426428	427437	up	1	2	29
8	wrb	m	20	1	90	diamond	red	(724, 619)	high	no	no_dis	N	dif	hori	left	True	428515	429325	left	1	2	30
8	wrb	m	20	1	90	diamond	green	(724, 619)	high	no	no_dis	N	dif	hori	left	True	430486	431997	left	1	2	31
8	wrb	m	20	1	90	circle	green	(724, 619)	high	dis	(724, 460)	N	dif	vert	up	True	433229	434318	up	1	2	32
8	wrb	m	20	1	90	diamond	red	(724, 619)	high	dis	(533, 540)	N	dif	vert	up	True	435355	436349	up	1	2	33
8	wrb	m	20	1	90	circle	red	(724, 619)	high	dis	(645, 428)	N	dif	vert	up	True	437540	438430	up	1	2	34
8	wrb	m	20	1	90	circle	red	(724, 619)	high	no	no_dis	N	dif	vert	up	True	439532	440310	up	1	2	35
8	wrb	m	20	1	90	diamond	green	(724, 619)	high	dis	(533, 540)	N	same	vert	up	True	441558	442813	up	1	2	36
8	wrb	m	20	1	90	diamond	green	(724, 619)	high	no	no_dis	N	same	vert	up	True	443997	444685	up	1	2	37
8	wrb	m	20	1	90	circle	red	(724, 619)	high	dis	(645, 428)	N	same	hori	left	True	445769	446605	left	1	2	38
8	wrb	m	20	1	90	circle	green	(724, 619)	high	dis	(645, 428)	N	same	vert	up	True	447615	449181	up	1	2	39
8	wrb	m	20	1	90	circle	red	(724, 619)	high	dis	(565, 619)	N	same	vert	up	True	450267	450981	up	1	2	40
8	wrb	m	20	1	90	circle	green	(724, 619)	high	no	no_dis	N	dif	vert	up	True	452131	452805	up	1	2	41
8	wrb	m	20	1	90	diamond	green	(724, 619)	high	dis	(565, 619)	N	dif	hori	left	True	454013	454805	left	1	2	42
8	wrb	m	20	1	90	circle	red	(724, 619)	high	dis	(645, 652)	N	same	hori	left	True	455922	457053	left	1	2	43
8	wrb	m	20	1	90	circle	green	(724, 619)	high	no	no_dis	N	dif	vert	up	True	458260	459310	up	1	2	44
8	wrb	m	20	1	90	circle	green	(724, 619)	high	dis	(724, 460)	N	dif	hori	left	True	460491	461342	left	1	2	45
8	wrb	m	20	1	90	circle	red	(724, 619)	high	dis	(645, 428)	N	same	hori	left	True	462346	463237	left	1	2	46
8	wrb	m	20	1	90	diamond	red	(724, 619)	high	no	no_dis	N	same	hori	left	True	464481	465197	left	1	2	47
8	wrb	m	20	1	90	circle	red	(724, 619)	high	dis	(645, 428)	N	same	hori	left	True	466202	466853	left	1	2	48
8	wrb	m	20	1	90	diamond	green	(724, 619)	high	dis	(565, 619)	N	dif	vert	up	True	467985	468765	up	1	2	49
8	wrb	m	20	1	90	diamond	red	(645, 652)	low	dis	(724, 619)	Y	same	vert	up	True	469775	471341	left	0	2	50
8	wrb	m	20	1	90	circle	green	(724, 619)	high	no	no_dis	N	dif	hori	left	True	474006	475021	left	1	2	51
8	wrb	m	20	1	90	circle	green	(724, 619)	high	dis	(724, 460)	N	same	hori	left	True	476051	476974	left	1	2	52
8	wrb	m	20	1	90	circle	green	(724, 619)	high	dis	(724, 460)	N	same	vert	up	True	478028	479221	up	1	2	53
8	wrb	m	20	1	90	circle	red	(724, 619)	high	dis	(533, 540)	N	dif	hori	left	True	480302	482661	left	1	2	54
8	wrb	m	20	1	90	circle	green	(724, 619)	high	no	no_dis	N	same	vert	up	True	483717	484909	up	1	2	55
8	wrb	m	20	1	90	circle	red	(757, 540)	low	dis	(724, 619)	Y	dif	vert	up	True	486092	487373	up	1	2	56
8	wrb	m	20	1	90	circle	red	(724, 619)	high	no	no_dis	N	dif	vert	up	True	488425	489605	up	1	2	57
8	wrb	m	20	1	90	diamond	green	(724, 619)	high	dis	(565, 460)	N	same	hori	left	True	490841	491877	left	1	2	58
8	wrb	m	20	1	90	circle	green	(724, 619)	high	dis	(724, 460)	N	same	vert	up	True	492994	493821	up	1	2	59
8	wrb	m	20	1	90	diamond	red	(724, 619)	high	no	no_dis	N	same	hori	left	True	495024	496317	left	1	2	60
8	wrb	m	20	1	90	diamond	red	(724, 619)	high	dis	(533, 540)	N	dif	hori	left	True	497335	498725	left	1	2	61
8	wrb	m	20	1	90	circle	green	(724, 619)	high	dis	(645, 652)	N	dif	hori	left	True	499849	501789	left	1	2	62
8	wrb	m	20	1	90	circle	red	(724, 619)	high	no	no_dis	N	same	hori	left	True	503035	503694	left	1	2	63
8	wrb	m	20	1	90	circle	red	(565, 619)	low	no	no_dis	N	same	vert	up	True	504935	506165	up	1	2	64
8	wrb	m	20	1	90	circle	red	(724, 619)	high	dis	(757, 540)	N	same	hori	left	True	507288	508733	left	1	2	65
8	wrb	m	20	1	90	circle	green	(724, 619)	high	no	no_dis	N	same	vert	up	True	509811	511541	up	1	2	66
8	wrb	m	20	1	90	diamond	green	(724, 619)	high	dis	(757, 540)	N	dif	vert	up	True	512715	515149	up	1	2	67
8	wrb	m	20	1	90	circle	green	(724, 619)	high	no	no_dis	N	dif	hori	left	True	516275	517357	left	1	2	68
8	wrb	m	20	1	90	diamond	green	(724, 619)	high	dis	(565, 619)	N	same	hori	left	True	518380	519893	left	1	2	69
8	wrb	m	20	1	90	diamond	green	(724, 619)	high	dis	(757, 540)	N	same	hori	left	True	521099	522373	left	1	2	70
8	wrb	m	20	1	90	circle	red	(724, 619)	high	no	no_dis	N	dif	hori	left	True	523519	524301	left	1	2	71
8	wrb	m	20	1	90	diamond	red	(645, 428)	low	dis	(724, 619)	Y	dif	hori	left	True	525534	527053	left	1	2	72
8	wrb	m	20	1	90	diamond	green	(724, 619)	high	dis	(645, 652)	N	dif	vert	up	True	528150	529853	up	1	2	73
8	wrb	m	20	1	90	circle	green	(724, 460)	low	dis	(724, 619)	Y	dif	vert	up	True	530914	532581	up	1	2	74
8	wrb	m	20	1	90	diamond	red	(724, 619)	high	dis	(565, 460)	N	dif	vert	up	True	533624	534917	up	1	2	75
8	wrb	m	20	1	90	circle	red	(724, 619)	high	dis	(533, 540)	N	dif	vert	up	True	535943	537109	up	1	2	76
8	wrb	m	20	1	90	diamond	green	(565, 460)	low	no	no_dis	N	dif	vert	up	True	538190	539261	up	1	2	77
8	wrb	m	20	1	90	diamond	green	(724, 619)	high	dis	(757, 540)	N	same	vert	up	True	540456	543013	up	1	2	78
8	wrb	m	20	1	90	diamond	red	(724, 619)	high	dis	(645, 428)	N	dif	hori	left	True	544198	546413	left	1	2	79
8	wrb	m	20	1	90	circle	green	(724, 619)	high	no	no_dis	N	same	hori	left	True	547436	549006	left	1	2	80
8	wrb	m	20	1	90	diamond	red	(724, 619)	high	dis	(645, 652)	N	same	vert	up	True	550137	551613	up	1	2	81
8	wrb	m	20	1	90	diamond	green	(724, 619)	high	dis	(757, 540)	N	same	vert	up	True	552701	553645	up	1	2	82
8	wrb	m	20	1	90	circle	red	(724, 619)	high	no	no_dis	N	dif	hori	left	True	554892	556469	left	1	2	83
8	wrb	m	20	1	90	diamond	red	(724, 619)	high	dis	(565, 460)	N	same	hori	left	True	557561	559605	up	0	2	84
8	wrb	m	20	1	90	diamond	green	(724, 619)	high	no	no_dis	N	dif	hori	left	True	562326	564213	left	1	2	85
8	wrb	m	20	1	90	diamond	green	(724, 619)	high	no	no_dis	N	same	hori	left	True	565350	568157	left	1	2	86
8	wrb	m	20	1	90	diamond	red	(724, 619)	high	no	no_dis	N	same	hori	left	True	569240	569965	left	1	2	87
8	wrb	m	20	1	90	diamond	red	(724, 619)	high	dis	(533, 540)	N	dif	hori	left	True	571077	571725	left	1	2	88
8	wrb	m	20	1	90	circle	red	(724, 619)	high	dis	(757, 540)	N	dif	hori	left	True	572791	573653	left	1	2	89
8	wrb	m	20	1	90	diamond	green	(724, 619)	high	dis	(724, 460)	N	dif	vert	up	True	574670	576125	up	1	2	90
8	wrb	m	20	1	90	diamond	red	(724, 619)	high	dis	(724, 460)	N	same	vert	up	True	577260	578269	up	1	2	91
8	wrb	m	20	1	90	diamond	red	(724, 619)	high	dis	(645, 428)	N	same	vert	up	True	579365	580133	up	1	2	92
8	wrb	m	20	1	90	diamond	red	(724, 619)	high	dis	(533, 540)	N	same	vert	up	True	581333	582013	up	1	2	93
8	wrb	m	20	1	90	circle	green	(724, 619)	high	dis	(645, 652)	N	same	hori	left	True	583145	584973	left	1	2	94
8	wrb	m	20	1	90	circle	green	(724, 619)	high	dis	(724, 460)	N	dif	hori	left	True	586138	587013	left	1	2	95
8	wrb	m	20	1	90	circle	green	(724, 619)	high	dis	(645, 428)	N	dif	hori	left	True	588114	588694	left	1	2	96
8	wrb	m	20	1	90	diamond	green	(757, 540)	low	dis	(724, 619)	Y	dif	hori	left	True	589728	590837	left	1	2	97
8	wrb	m	20	1	90	circle	green	(724, 619)	high	dis	(533, 540)	N	same	hori	left	True	591931	594213	left	1	2	98
8	wrb	m	20	1	90	diamond	red	(724, 619)	high	no	no_dis	N	dif	vert	up	True	595266	596781	up	1	2	99
8	wrb	m	20	1	90	circle	red	(724, 619)	high	dis	(724, 460)	N	dif	vert	up	True	597821	600165	up	1	2	100
8	wrb	m	20	1	90	diamond	red	(724, 619)	high	dis	(565, 619)	N	same	vert	up	True	601282	602693	up	1	2	101
8	wrb	m	20	1	90	diamond	green	(724, 619)	high	no	no_dis	N	dif	vert	up	True	603850	604605	up	1	2	102
8	wrb	m	20	1	90	circle	green	(724, 619)	high	dis	(645, 652)	N	same	hori	left	True	605806	608373	left	1	2	103
8	wrb	m	20	1	90	circle	red	(724, 619)	high	dis	(533, 540)	N	dif	hori	left	True	609571	610773	left	1	2	104
8	wrb	m	20	1	90	diamond	red	(724, 619)	high	dis	(565, 460)	N	same	hori	left	True	611862	613789	left	1	2	105
8	wrb	m	20	1	90	circle	red	(724, 619)	high	no	no_dis	N	dif	hori	left	True	614890	616365	left	1	2	106
8	wrb	m	20	1	90	diamond	red	(724, 619)	high	dis	(533, 540)	N	dif	vert	up	True	617436	618909	up	1	2	107
8	wrb	m	20	1	90	circle	red	(724, 619)	high	no	no_dis	N	same	vert	up	True	619939	621461	up	1	2	108
8	wrb	m	20	1	90	circle	green	(724, 619)	high	dis	(645, 652)	N	same	vert	up	True	622474	623997	up	1	2	109
8	wrb	m	20	1	90	circle	red	(724, 619)	high	dis	(565, 460)	N	dif	vert	up	True	625201	626741	up	1	2	110
8	wrb	m	20	1	90	circle	red	(724, 619)	high	dis	(645, 428)	N	dif	hori	left	True	627904	629461	left	1	2	111
8	wrb	m	20	1	90	diamond	red	(724, 619)	high	dis	(757, 540)	N	same	vert	up	True	630542	631781	up	1	2	112
8	wrb	m	20	1	90	circle	green	(724, 619)	high	dis	(565, 460)	N	same	vert	up	True	632869	634373	up	1	2	113
8	wrb	m	20	1	90	diamond	green	(724, 619)	high	dis	(757, 540)	N	dif	hori	left	True	635395	636270	left	1	2	114
8	wrb	m	20	1	90	diamond	green	(724, 619)	high	no	no_dis	N	dif	vert	up	True	637460	638317	up	1	2	115
8	wrb	m	20	1	90	diamond	green	(724, 619)	high	dis	(565, 460)	N	dif	vert	up	True	639364	640477	up	1	2	116
8	wrb	m	20	1	90	circle	green	(724, 619)	high	dis	(645, 652)	N	dif	vert	up	True	641481	642541	up	1	2	117
8	wrb	m	20	1	90	diamond	green	(724, 619)	high	dis	(565, 460)	N	same	vert	up	True	643772	644525	up	1	2	118
8	wrb	m	20	1	90	circle	green	(724, 619)	high	no	no_dis	N	dif	hori	left	True	645769	646661	left	1	2	119
8	wrb	m	20	1	90	diamond	green	(724, 619)	high	no	no_dis	N	same	hori	left	True	647838	648741	left	1	2	120
8	wrb	m	20	1	90	circle	red	(724, 619)	high	dis	(533, 540)	N	dif	hori	left	True	687995	690205	left	1	3	1
8	wrb	m	20	1	90	diamond	green	(724, 619)	high	dis	(645, 652)	N	dif	hori	left	True	691275	693085	left	1	3	2
8	wrb	m	20	1	90	circle	green	(724, 619)	high	no	no_dis	N	same	vert	up	True	694296	695365	up	1	3	3
8	wrb	m	20	1	90	diamond	red	(724, 619)	high	no	no_dis	N	dif	hori	left	True	696391	697477	left	1	3	4
8	wrb	m	20	1	90	circle	red	(533, 540)	low	dis	(724, 619)	Y	same	vert	up	True	698608	700605	up	1	3	5
8	wrb	m	20	1	90	diamond	green	(724, 619)	high	dis	(645, 652)	N	dif	hori	left	True	701768	703309	left	1	3	6
8	wrb	m	20	1	90	circle	red	(724, 619)	high	no	no_dis	N	dif	hori	left	True	704415	706661	left	1	3	7
8	wrb	m	20	1	90	diamond	red	(724, 619)	high	no	no_dis	N	dif	hori	left	True	707834	708573	left	1	3	8
8	wrb	m	20	1	90	diamond	red	(724, 619)	high	dis	(565, 460)	N	same	vert	up	True	709759	711077	up	1	3	9
8	wrb	m	20	1	90	diamond	red	(724, 619)	high	no	no_dis	N	same	hori	left	True	712186	713293	left	1	3	10
8	wrb	m	20	1	90	diamond	red	(724, 619)	high	dis	(724, 460)	N	same	hori	left	True	714518	716437	left	1	3	11
8	wrb	m	20	1	90	circle	red	(724, 619)	high	no	no_dis	N	dif	hori	left	True	717607	718981	left	1	3	12
8	wrb	m	20	1	90	circle	green	(724, 619)	high	dis	(724, 460)	N	same	hori	left	True	720132	723005	left	1	3	13
8	wrb	m	20	1	90	diamond	red	(724, 619)	high	dis	(565, 619)	N	dif	vert	up	True	724100	725581	up	1	3	14
8	wrb	m	20	1	90	diamond	green	(724, 619)	high	no	no_dis	N	dif	vert	up	True	726804	727909	up	1	3	15
8	wrb	m	20	1	90	circle	green	(724, 619)	high	dis	(565, 460)	N	same	vert	up	True	729145	730261	up	1	3	16
8	wrb	m	20	1	90	circle	red	(724, 619)	high	dis	(757, 540)	N	same	hori	left	True	731366	732805	left	1	3	17
8	wrb	m	20	1	90	diamond	red	(724, 619)	high	no	no_dis	N	same	vert	up	True	733896	734789	up	1	3	18
8	wrb	m	20	1	90	circle	red	(724, 619)	high	dis	(645, 652)	N	same	vert	up	True	736005	737718	up	1	3	19
8	wrb	m	20	1	90	diamond	red	(724, 619)	high	dis	(645, 428)	N	dif	hori	left	True	738956	739933	left	1	3	20
8	wrb	m	20	1	90	circle	red	(724, 619)	high	dis	(565, 460)	N	dif	hori	left	True	741060	743661	left	1	3	21
8	wrb	m	20	1	90	diamond	red	(724, 619)	high	dis	(565, 619)	N	dif	vert	up	True	744813	745685	up	1	3	22
8	wrb	m	20	1	90	diamond	red	(645, 428)	low	dis	(724, 619)	Y	dif	hori	left	True	746793	749501	left	1	3	23
8	wrb	m	20	1	90	diamond	green	(724, 619)	high	dis	(645, 428)	N	same	hori	left	True	750541	751893	left	1	3	24
8	wrb	m	20	1	90	diamond	green	(724, 619)	high	dis	(645, 652)	N	same	hori	left	True	753084	754397	left	1	3	25
8	wrb	m	20	1	90	circle	green	(724, 619)	high	dis	(645, 428)	N	dif	vert	up	True	755637	757285	up	1	3	26
8	wrb	m	20	1	90	circle	red	(724, 619)	high	no	no_dis	N	same	hori	left	True	758338	760437	left	1	3	27
8	wrb	m	20	1	90	diamond	green	(724, 619)	high	no	no_dis	N	same	hori	left	True	761593	762637	left	1	3	28
8	wrb	m	20	1	90	circle	red	(724, 619)	high	dis	(645, 428)	N	same	vert	up	True	763671	764557	up	1	3	29
8	wrb	m	20	1	90	circle	green	(724, 619)	high	dis	(565, 460)	N	same	hori	left	True	765567	767173	left	1	3	30
8	wrb	m	20	1	90	circle	green	(724, 619)	high	no	no_dis	N	dif	vert	up	True	768392	769309	up	1	3	31
8	wrb	m	20	1	90	circle	green	(533, 540)	low	no	no_dis	N	dif	vert	up	True	770340	772293	up	1	3	32
8	wrb	m	20	1	90	diamond	green	(724, 619)	high	no	no_dis	N	dif	hori	left	True	773530	774853	left	1	3	33
8	wrb	m	20	1	90	circle	green	(724, 619)	high	no	no_dis	N	dif	vert	up	False	776095	None	None	0	3	34
8	wrb	m	20	1	90	circle	green	(724, 619)	high	dis	(565, 460)	N	dif	vert	up	True	781753	782757	up	1	3	35
8	wrb	m	20	1	90	diamond	green	(724, 619)	high	dis	(645, 428)	N	dif	vert	up	True	783876	784965	up	1	3	36
8	wrb	m	20	1	90	diamond	red	(724, 619)	high	dis	(724, 460)	N	dif	vert	up	True	786145	786957	up	1	3	37
8	wrb	m	20	1	90	diamond	green	(724, 619)	high	dis	(757, 540)	N	same	hori	left	True	788090	789565	left	1	3	38
8	wrb	m	20	1	90	circle	red	(724, 619)	high	dis	(645, 652)	N	dif	hori	left	True	790668	791557	left	1	3	39
8	wrb	m	20	1	90	circle	green	(724, 619)	high	no	no_dis	N	dif	hori	left	True	792623	793309	left	1	3	40
8	wrb	m	20	1	90	circle	green	(724, 619)	high	dis	(533, 540)	N	same	hori	left	True	794335	794981	left	1	3	41
8	wrb	m	20	1	90	circle	green	(724, 619)	high	no	no_dis	N	same	vert	up	True	796006	797333	up	1	3	42
8	wrb	m	20	1	90	diamond	green	(724, 619)	high	dis	(724, 460)	N	dif	vert	up	True	798457	799877	up	1	3	43
8	wrb	m	20	1	90	circle	red	(724, 619)	high	no	no_dis	N	same	hori	left	True	801034	801813	left	1	3	44
8	wrb	m	20	1	90	circle	green	(724, 619)	high	dis	(757, 540)	N	same	vert	up	True	802925	803773	up	1	3	45
8	wrb	m	20	1	90	diamond	red	(724, 619)	high	no	no_dis	N	dif	vert	up	True	804931	806565	up	1	3	46
8	wrb	m	20	1	90	circle	green	(724, 619)	high	dis	(757, 540)	N	same	vert	up	True	807741	809429	up	1	3	47
8	wrb	m	20	1	90	diamond	green	(565, 460)	low	dis	(724, 619)	Y	dif	vert	up	True	810650	812237	up	1	3	48
8	wrb	m	20	1	90	circle	green	(724, 619)	high	dis	(757, 540)	N	same	hori	left	True	813300	814709	left	1	3	49
8	wrb	m	20	1	90	circle	green	(724, 619)	high	dis	(645, 652)	N	dif	hori	left	True	815950	817269	left	1	3	50
8	wrb	m	20	1	90	diamond	green	(724, 619)	high	dis	(724, 460)	N	same	hori	left	True	818277	819197	left	1	3	51
8	wrb	m	20	1	90	circle	red	(724, 619)	high	dis	(565, 460)	N	dif	hori	left	True	820221	821037	left	1	3	52
8	wrb	m	20	1	90	diamond	green	(724, 619)	high	no	no_dis	N	same	hori	left	True	822174	822997	left	1	3	53
8	wrb	m	20	1	90	circle	green	(724, 619)	high	no	no_dis	N	dif	vert	up	True	824141	825101	up	1	3	54
8	wrb	m	20	1	90	diamond	red	(565, 460)	low	no	no_dis	N	same	vert	up	True	826265	827933	up	1	3	55
8	wrb	m	20	1	90	diamond	green	(724, 619)	high	dis	(565, 619)	N	same	hori	left	True	829082	830653	left	1	3	56
8	wrb	m	20	1	90	diamond	green	(724, 619)	high	no	no_dis	N	same	vert	up	True	831777	832629	up	1	3	57
8	wrb	m	20	1	90	circle	red	(724, 619)	high	dis	(757, 540)	N	dif	hori	left	True	833688	834933	left	1	3	58
8	wrb	m	20	1	90	diamond	red	(724, 619)	high	dis	(565, 460)	N	same	hori	left	True	835971	836813	left	1	3	59
8	wrb	m	20	1	90	circle	green	(724, 460)	low	dis	(724, 619)	Y	same	hori	left	True	837985	839582	left	1	3	60
8	wrb	m	20	1	90	circle	red	(724, 619)	high	dis	(565, 619)	N	dif	hori	left	True	840714	842405	left	1	3	61
8	wrb	m	20	1	90	circle	green	(724, 619)	high	dis	(533, 540)	N	same	vert	up	True	843532	845373	up	1	3	62
8	wrb	m	20	1	90	circle	red	(724, 460)	low	no	no_dis	N	dif	hori	left	True	846456	847558	left	1	3	63
8	wrb	m	20	1	90	diamond	green	(724, 619)	high	no	no_dis	N	same	hori	left	True	848744	850317	left	1	3	64
8	wrb	m	20	1	90	diamond	red	(724, 619)	high	dis	(565, 619)	N	dif	hori	left	True	851319	852789	left	1	3	65
8	wrb	m	20	1	90	diamond	red	(724, 619)	high	dis	(565, 460)	N	same	vert	up	True	854022	855477	up	1	3	66
8	wrb	m	20	1	90	circle	green	(724, 619)	high	dis	(724, 460)	N	same	vert	up	True	856720	858093	up	1	3	67
8	wrb	m	20	1	90	diamond	red	(724, 619)	high	no	no_dis	N	dif	vert	up	True	859221	860125	up	1	3	68
8	wrb	m	20	1	90	diamond	green	(724, 619)	high	dis	(533, 540)	N	same	vert	up	True	861249	861893	up	1	3	69
8	wrb	m	20	1	90	circle	red	(724, 619)	high	dis	(645, 652)	N	dif	hori	left	True	863106	863877	left	1	3	70
8	wrb	m	20	1	90	diamond	green	(724, 619)	high	dis	(645, 652)	N	dif	vert	up	True	865119	866453	up	1	3	71
8	wrb	m	20	1	90	diamond	green	(724, 619)	high	no	no_dis	N	dif	hori	left	True	867505	868806	left	1	3	72
8	wrb	m	20	1	90	diamond	red	(724, 619)	high	dis	(757, 540)	N	same	vert	up	True	869939	870821	up	1	3	73
8	wrb	m	20	1	90	circle	green	(724, 619)	high	no	no_dis	N	same	hori	left	True	871859	872909	left	1	3	74
8	wrb	m	20	1	90	diamond	red	(724, 619)	high	dis	(724, 460)	N	dif	vert	up	True	874112	874773	up	1	3	75
8	wrb	m	20	1	90	diamond	green	(724, 619)	high	dis	(645, 428)	N	dif	vert	up	True	875856	877181	up	1	3	76
8	wrb	m	20	1	90	circle	red	(724, 619)	high	dis	(533, 540)	N	same	vert	up	True	878334	879253	up	1	3	77
8	wrb	m	20	1	90	diamond	green	(724, 619)	high	dis	(724, 460)	N	dif	vert	up	True	880478	881237	up	1	3	78
8	wrb	m	20	1	90	diamond	red	(724, 619)	high	no	no_dis	N	dif	vert	up	True	882303	883309	up	1	3	79
8	wrb	m	20	1	90	circle	red	(724, 619)	high	no	no_dis	N	same	vert	up	True	884520	885981	up	1	3	80
8	wrb	m	20	1	90	circle	red	(724, 619)	high	no	no_dis	N	dif	hori	left	True	887104	888509	left	1	3	81
8	wrb	m	20	1	90	circle	red	(724, 619)	high	no	no_dis	N	same	vert	up	True	889642	891293	up	1	3	82
8	wrb	m	20	1	90	diamond	green	(645, 428)	low	no	no_dis	N	same	hori	left	True	892352	893989	left	1	3	83
8	wrb	m	20	1	90	circle	green	(724, 619)	high	dis	(757, 540)	N	dif	hori	left	True	895010	896141	left	1	3	84
8	wrb	m	20	1	90	diamond	green	(724, 619)	high	dis	(565, 460)	N	same	hori	left	True	897342	898197	left	1	3	85
8	wrb	m	20	1	90	circle	green	(724, 619)	high	dis	(645, 428)	N	same	vert	up	True	899421	900469	up	1	3	86
8	wrb	m	20	1	90	circle	red	(724, 619)	high	no	no_dis	N	dif	vert	up	True	901634	902421	up	1	3	87
8	wrb	m	20	1	90	circle	green	(724, 619)	high	dis	(645, 428)	N	dif	hori	left	True	903439	904262	left	1	3	88
8	wrb	m	20	1	90	circle	red	(724, 619)	high	dis	(533, 540)	N	dif	hori	left	True	905278	905973	left	1	3	89
8	wrb	m	20	1	90	circle	green	(724, 619)	high	dis	(533, 540)	N	dif	vert	up	True	907171	908085	up	1	3	90
8	wrb	m	20	1	90	diamond	green	(724, 619)	high	dis	(565, 619)	N	dif	hori	left	True	909287	910093	left	1	3	91
8	wrb	m	20	1	90	diamond	red	(724, 619)	high	dis	(645, 652)	N	dif	vert	up	True	911155	912053	up	1	3	92
8	wrb	m	20	1	90	circle	green	(724, 619)	high	dis	(565, 619)	N	dif	vert	up	True	913291	914301	up	1	3	93
8	wrb	m	20	1	90	diamond	red	(645, 652)	low	dis	(724, 619)	Y	same	hori	left	True	915460	916189	left	1	3	94
8	wrb	m	20	1	90	diamond	red	(724, 619)	high	no	no_dis	N	same	hori	left	True	917223	918452	left	1	3	95
8	wrb	m	20	1	90	diamond	green	(724, 619)	high	no	no_dis	N	dif	vert	up	True	919657	920301	up	1	3	96
8	wrb	m	20	1	90	circle	red	(724, 619)	high	dis	(757, 540)	N	same	hori	left	True	921337	923085	left	1	3	97
8	wrb	m	20	1	90	diamond	green	(724, 619)	high	no	no_dis	N	same	vert	up	True	924310	924949	up	1	3	98
8	wrb	m	20	1	90	circle	red	(724, 619)	high	dis	(565, 619)	N	dif	hori	left	True	926042	926925	left	1	3	99
8	wrb	m	20	1	90	diamond	red	(724, 619)	high	dis	(724, 460)	N	dif	vert	up	True	927994	928749	up	1	3	100
8	wrb	m	20	1	90	circle	red	(724, 619)	high	dis	(565, 460)	N	same	vert	up	True	929986	930789	up	1	3	101
8	wrb	m	20	1	90	diamond	green	(724, 619)	high	dis	(757, 540)	N	dif	hori	left	True	931920	933029	left	1	3	102
8	wrb	m	20	1	90	circle	green	(724, 619)	high	no	no_dis	N	same	vert	up	True	934125	935909	up	1	3	103
8	wrb	m	20	1	90	diamond	red	(724, 619)	high	dis	(724, 460)	N	same	vert	up	True	937141	938182	up	1	3	104
8	wrb	m	20	1	90	diamond	red	(724, 619)	high	dis	(533, 540)	N	same	hori	left	True	939380	940213	left	1	3	105
8	wrb	m	20	1	90	diamond	green	(724, 619)	high	dis	(645, 428)	N	same	vert	up	True	941331	942541	up	1	3	106
8	wrb	m	20	1	90	circle	red	(724, 619)	high	dis	(565, 619)	N	dif	vert	up	True	943546	944398	up	1	3	107
8	wrb	m	20	1	90	circle	red	(724, 619)	high	dis	(724, 460)	N	same	vert	up	True	945512	946541	up	1	3	108
8	wrb	m	20	1	90	diamond	green	(645, 428)	low	dis	(724, 619)	Y	same	vert	up	True	947661	948941	up	1	3	109
8	wrb	m	20	1	90	circle	green	(724, 619)	high	no	no_dis	N	same	hori	left	True	950025	951325	left	1	3	110
8	wrb	m	20	1	90	diamond	red	(724, 619)	high	dis	(533, 540)	N	dif	vert	up	True	952560	953381	up	1	3	111
8	wrb	m	20	1	90	diamond	red	(724, 619)	high	dis	(533, 540)	N	same	hori	left	True	954577	955613	left	1	3	112
8	wrb	m	20	1	90	circle	red	(724, 619)	high	no	no_dis	N	same	vert	up	True	956811	957709	up	1	3	113
8	wrb	m	20	1	90	circle	green	(565, 619)	low	dis	(724, 619)	Y	dif	hori	left	True	958889	960349	left	1	3	114
8	wrb	m	20	1	90	diamond	green	(724, 619)	high	dis	(565, 619)	N	same	vert	up	True	961560	962973	up	1	3	115
8	wrb	m	20	1	90	circle	green	(724, 619)	high	dis	(533, 540)	N	same	hori	left	True	963997	965301	left	1	3	116
8	wrb	m	20	1	90	diamond	red	(724, 619)	high	dis	(645, 428)	N	dif	vert	up	True	966398	967221	up	1	3	117
8	wrb	m	20	1	90	circle	red	(757, 540)	low	dis	(724, 619)	Y	dif	vert	up	True	968233	969805	up	1	3	118
8	wrb	m	20	1	90	circle	red	(724, 619)	high	dis	(645, 652)	N	same	hori	left	True	971053	971853	left	1	3	119
8	wrb	m	20	1	90	diamond	red	(724, 619)	high	no	no_dis	N	dif	hori	left	True	972860	973669	left	1	3	120
8	wrb	m	20	1	90	diamond	red	(724, 619)	high	dis	(565, 460)	N	dif	vert	up	True	1036322	1037740	left	0	4	1
8	wrb	m	20	1	90	circle	green	(724, 619)	high	dis	(565, 619)	N	same	vert	up	True	1040442	1041949	up	1	4	2
8	wrb	m	20	1	90	circle	red	(724, 619)	high	dis	(533, 540)	N	dif	hori	left	True	1042979	1043701	left	1	4	3
8	wrb	m	20	1	90	circle	red	(724, 619)	high	dis	(757, 540)	N	same	hori	left	True	1044903	1045717	left	1	4	4
8	wrb	m	20	1	90	diamond	green	(724, 619)	high	dis	(645, 652)	N	same	vert	up	True	1046868	1048557	up	1	4	5
8	wrb	m	20	1	90	circle	green	(724, 619)	high	dis	(565, 460)	N	same	vert	up	True	1049612	1050702	up	1	4	6
8	wrb	m	20	1	90	circle	green	(724, 619)	high	dis	(645, 428)	N	same	hori	left	True	1051747	1052661	left	1	4	7
8	wrb	m	20	1	90	circle	green	(724, 619)	high	dis	(757, 540)	N	dif	vert	up	True	1053893	1054644	up	1	4	8
8	wrb	m	20	1	90	diamond	green	(724, 619)	high	dis	(757, 540)	N	same	hori	left	True	1055817	1056533	left	1	4	9
8	wrb	m	20	1	90	circle	red	(724, 619)	high	no	no_dis	N	dif	hori	left	True	1057693	1059164	left	1	4	10
8	wrb	m	20	1	90	diamond	green	(724, 619)	high	no	no_dis	N	dif	vert	up	True	1060270	1060884	up	1	4	11
8	wrb	m	20	1	90	circle	green	(724, 619)	high	dis	(645, 652)	N	same	hori	left	True	1061918	1062605	left	1	4	12
8	wrb	m	20	1	90	diamond	green	(724, 619)	high	dis	(757, 540)	N	same	vert	up	True	1063616	1064381	up	1	4	13
8	wrb	m	20	1	90	diamond	red	(724, 619)	high	dis	(533, 540)	N	same	hori	left	True	1065489	1066197	left	1	4	14
8	wrb	m	20	1	90	circle	red	(533, 540)	low	dis	(724, 619)	Y	dif	hori	left	True	1067358	1068645	left	1	4	15
8	wrb	m	20	1	90	circle	red	(724, 619)	high	dis	(645, 428)	N	dif	vert	up	True	1069683	1070405	up	1	4	16
8	wrb	m	20	1	90	diamond	green	(565, 619)	low	dis	(724, 619)	Y	dif	hori	left	True	1071604	1072725	left	1	4	17
8	wrb	m	20	1	90	diamond	green	(724, 619)	high	no	no_dis	N	same	hori	left	True	1073860	1075045	left	1	4	18
8	wrb	m	20	1	90	circle	red	(724, 619)	high	dis	(533, 540)	N	same	vert	up	True	1076122	1077332	up	1	4	19
8	wrb	m	20	1	90	diamond	red	(724, 619)	high	dis	(645, 428)	N	dif	vert	up	True	1078537	1079485	up	1	4	20
8	wrb	m	20	1	90	circle	red	(724, 619)	high	no	no_dis	N	dif	hori	left	True	1080715	1081509	left	1	4	21
8	wrb	m	20	1	90	circle	green	(724, 619)	high	no	no_dis	N	same	vert	up	True	1082572	1083661	up	1	4	22
8	wrb	m	20	1	90	diamond	green	(724, 619)	high	no	no_dis	N	dif	vert	up	True	1084726	1085501	up	1	4	23
8	wrb	m	20	1	90	diamond	red	(724, 619)	high	no	no_dis	N	dif	hori	left	True	1086635	1087277	left	1	4	24
8	wrb	m	20	1	90	diamond	red	(724, 619)	high	no	no_dis	N	same	hori	left	True	1088496	1089110	left	1	4	25
8	wrb	m	20	1	90	diamond	red	(724, 619)	high	no	no_dis	N	dif	vert	up	True	1090327	1090949	up	1	4	26
8	wrb	m	20	1	90	circle	green	(724, 619)	high	dis	(565, 619)	N	same	hori	left	True	1092191	1092892	left	1	4	27
8	wrb	m	20	1	90	diamond	green	(565, 460)	low	dis	(724, 619)	Y	same	hori	left	True	1094099	1095373	left	1	4	28
8	wrb	m	20	1	90	diamond	green	(724, 619)	high	no	no_dis	N	dif	hori	left	True	1096548	1097285	left	1	4	29
8	wrb	m	20	1	90	diamond	green	(724, 619)	high	dis	(565, 619)	N	dif	hori	left	True	1098424	1099004	left	1	4	30
8	wrb	m	20	1	90	circle	red	(724, 619)	high	dis	(565, 460)	N	dif	hori	left	True	1100073	1101605	left	1	4	31
8	wrb	m	20	1	90	diamond	green	(724, 619)	high	dis	(757, 540)	N	dif	hori	left	True	1102836	1103557	left	1	4	32
8	wrb	m	20	1	90	diamond	red	(724, 619)	high	dis	(724, 460)	N	dif	hori	left	True	1104763	1105293	left	1	4	33
8	wrb	m	20	1	90	circle	green	(645, 428)	low	no	no_dis	N	dif	hori	left	True	1106347	1108013	left	1	4	34
8	wrb	m	20	1	90	diamond	red	(724, 619)	high	no	no_dis	N	same	vert	up	True	1109120	1110149	up	1	4	35
8	wrb	m	20	1	90	circle	red	(724, 619)	high	no	no_dis	N	dif	vert	up	True	1111270	1112629	up	1	4	36
8	wrb	m	20	1	90	circle	green	(724, 619)	high	dis	(565, 619)	N	same	vert	up	True	1113848	1115717	up	1	4	37
8	wrb	m	20	1	90	diamond	green	(724, 619)	high	dis	(724, 460)	N	dif	hori	left	True	1116959	1118813	left	1	4	38
8	wrb	m	20	1	90	diamond	red	(724, 619)	high	dis	(724, 460)	N	dif	hori	left	True	1119990	1121108	left	1	4	39
8	wrb	m	20	1	90	circle	green	(565, 619)	low	dis	(724, 619)	Y	same	vert	up	True	1122280	1123853	left	0	4	40
8	wrb	m	20	1	90	diamond	red	(724, 619)	high	no	no_dis	N	dif	hori	left	True	1126503	1127661	left	1	4	41
8	wrb	m	20	1	90	diamond	red	(724, 619)	high	dis	(533, 540)	N	same	hori	left	True	1128718	1130301	left	1	4	42
8	wrb	m	20	1	90	circle	red	(724, 619)	high	no	no_dis	N	dif	vert	up	True	1131369	1132341	up	1	4	43
8	wrb	m	20	1	90	diamond	green	(724, 619)	high	dis	(645, 652)	N	dif	vert	up	True	1133424	1134373	up	1	4	44
8	wrb	m	20	1	90	circle	green	(724, 619)	high	dis	(565, 460)	N	same	hori	left	True	1135492	1136405	left	1	4	45
8	wrb	m	20	1	90	diamond	red	(724, 619)	high	dis	(565, 460)	N	dif	hori	left	True	1137520	1138253	left	1	4	46
8	wrb	m	20	1	90	diamond	green	(724, 619)	high	dis	(533, 540)	N	same	vert	up	True	1139458	1140533	up	1	4	47
8	wrb	m	20	1	90	circle	green	(724, 619)	high	no	no_dis	N	dif	vert	up	True	1141618	1142525	up	1	4	48
8	wrb	m	20	1	90	circle	green	(724, 619)	high	dis	(565, 619)	N	same	vert	up	True	1143730	1144421	up	1	4	49
8	wrb	m	20	1	90	diamond	red	(645, 652)	low	no	no_dis	N	dif	vert	up	True	1145602	1147589	up	1	4	50
8	wrb	m	20	1	90	circle	red	(724, 619)	high	dis	(645, 428)	N	same	vert	up	True	1148767	1150501	up	1	4	51
8	wrb	m	20	1	90	circle	red	(724, 619)	high	dis	(645, 652)	N	same	vert	up	True	1151597	1153093	up	1	4	52
8	wrb	m	20	1	90	circle	green	(724, 619)	high	no	no_dis	N	same	vert	up	True	1154148	1154973	up	1	4	53
8	wrb	m	20	1	90	circle	red	(724, 619)	high	dis	(565, 460)	N	same	vert	up	True	1156182	1156772	up	1	4	54
8	wrb	m	20	1	90	diamond	red	(724, 619)	high	dis	(757, 540)	N	same	hori	left	True	1157991	1159269	left	1	4	55
8	wrb	m	20	1	90	circle	red	(724, 619)	high	dis	(645, 428)	N	dif	vert	up	True	1160334	1161373	up	1	4	56
8	wrb	m	20	1	90	circle	red	(724, 619)	high	dis	(645, 652)	N	dif	hori	left	True	1162588	1164501	left	1	4	57
8	wrb	m	20	1	90	circle	red	(724, 619)	high	dis	(645, 428)	N	same	hori	left	True	1165745	1166437	left	1	4	58
8	wrb	m	20	1	90	diamond	red	(724, 619)	high	dis	(533, 540)	N	dif	vert	up	True	1167440	1168341	up	1	4	59
8	wrb	m	20	1	90	diamond	green	(724, 619)	high	no	no_dis	N	same	vert	up	True	1169557	1170341	up	1	4	60
8	wrb	m	20	1	90	circle	red	(724, 460)	low	no	no_dis	N	same	hori	left	True	1171550	1172861	left	1	4	61
8	wrb	m	20	1	90	circle	red	(724, 619)	high	dis	(645, 652)	N	same	vert	up	True	1173953	1175389	up	1	4	62
8	wrb	m	20	1	90	diamond	red	(724, 619)	high	dis	(645, 428)	N	same	hori	left	True	1176526	1177589	left	1	4	63
8	wrb	m	20	1	90	circle	green	(724, 460)	low	dis	(724, 619)	Y	dif	vert	up	True	1178748	1180004	up	1	4	64
8	wrb	m	20	1	90	diamond	green	(724, 619)	high	no	no_dis	N	same	vert	up	True	1181167	1182253	left	0	4	65
8	wrb	m	20	1	90	circle	red	(724, 619)	high	dis	(645, 652)	N	dif	vert	up	True	1184906	1186237	up	1	4	66
8	wrb	m	20	1	90	circle	green	(724, 619)	high	dis	(533, 540)	N	dif	vert	up	True	1187366	1188333	up	1	4	67
8	wrb	m	20	1	90	circle	red	(724, 619)	high	dis	(565, 460)	N	dif	hori	left	True	1189439	1191116	left	1	4	68
8	wrb	m	20	1	90	diamond	red	(724, 619)	high	no	no_dis	N	same	vert	up	True	1192352	1193101	up	1	4	69
8	wrb	m	20	1	90	circle	green	(724, 619)	high	dis	(565, 619)	N	dif	vert	up	True	1194289	1194981	up	1	4	70
8	wrb	m	20	1	90	circle	green	(724, 619)	high	no	no_dis	N	same	hori	left	True	1196096	1196876	left	1	4	71
8	wrb	m	20	1	90	circle	green	(724, 619)	high	no	no_dis	N	same	hori	left	True	1197998	1198621	up	0	4	72
8	wrb	m	20	1	90	diamond	red	(724, 619)	high	no	no_dis	N	dif	vert	up	True	1201197	1202310	up	1	4	73
8	wrb	m	20	1	90	diamond	red	(645, 652)	low	dis	(724, 619)	Y	same	hori	left	True	1203558	1204773	left	1	4	74
8	wrb	m	20	1	90	diamond	red	(724, 619)	high	dis	(565, 619)	N	same	hori	left	True	1205785	1207053	left	1	4	75
8	wrb	m	20	1	90	circle	green	(724, 619)	high	dis	(533, 540)	N	same	hori	left	True	1208244	1209781	left	1	4	76
8	wrb	m	20	1	90	diamond	green	(724, 619)	high	dis	(645, 428)	N	dif	vert	up	True	1210896	1211557	up	1	4	77
8	wrb	m	20	1	90	circle	green	(724, 619)	high	no	no_dis	N	same	vert	up	True	1212615	1213756	up	1	4	78
8	wrb	m	20	1	90	diamond	green	(724, 619)	high	dis	(724, 460)	N	same	hori	left	True	1214986	1215748	left	1	4	79
8	wrb	m	20	1	90	circle	green	(724, 619)	high	dis	(565, 619)	N	dif	vert	up	True	1216925	1217613	up	1	4	80
8	wrb	m	20	1	90	circle	red	(724, 619)	high	no	no_dis	N	dif	hori	left	True	1218690	1219557	left	1	4	81
8	wrb	m	20	1	90	diamond	green	(724, 619)	high	dis	(757, 540)	N	dif	hori	left	True	1220761	1221669	left	1	4	82
8	wrb	m	20	1	90	diamond	red	(724, 619)	high	no	no_dis	N	same	hori	left	True	1222707	1223981	left	1	4	83
8	wrb	m	20	1	90	circle	green	(724, 619)	high	no	no_dis	N	same	vert	up	True	1225018	1226005	up	1	4	84
8	wrb	m	20	1	90	circle	red	(724, 619)	high	no	no_dis	N	dif	hori	left	True	1227196	1227917	left	1	4	85
8	wrb	m	20	1	90	circle	green	(724, 619)	high	dis	(757, 540)	N	dif	hori	left	True	1229132	1229973	left	1	4	86
8	wrb	m	20	1	90	diamond	red	(724, 619)	high	no	no_dis	N	same	hori	left	True	1231012	1231821	left	1	4	87
8	wrb	m	20	1	90	diamond	green	(724, 619)	high	no	no_dis	N	dif	vert	up	True	1232897	1233909	up	1	4	88
8	wrb	m	20	1	90	circle	red	(724, 619)	high	no	no_dis	N	dif	hori	left	True	1235138	1236221	left	1	4	89
8	wrb	m	20	1	90	diamond	green	(533, 540)	low	no	no_dis	N	same	vert	up	True	1237322	1239325	up	1	4	90
8	wrb	m	20	1	90	circle	red	(757, 540)	low	dis	(724, 619)	Y	dif	vert	up	True	1240537	1241772	up	1	4	91
8	wrb	m	20	1	90	circle	red	(724, 619)	high	dis	(565, 460)	N	same	vert	up	True	1242957	1244437	up	1	4	92
8	wrb	m	20	1	90	circle	red	(724, 619)	high	no	no_dis	N	same	vert	up	True	1245445	1246565	up	1	4	93
8	wrb	m	20	1	90	diamond	green	(724, 619)	high	no	no_dis	N	dif	hori	left	True	1247812	1248677	left	1	4	94
8	wrb	m	20	1	90	circle	green	(724, 619)	high	dis	(565, 460)	N	same	hori	left	True	1249911	1251085	left	1	4	95
8	wrb	m	20	1	90	diamond	red	(724, 619)	high	dis	(645, 652)	N	dif	vert	up	True	1252319	1253652	up	1	4	96
8	wrb	m	20	1	90	diamond	red	(724, 619)	high	dis	(724, 460)	N	dif	vert	up	True	1254904	1256413	up	1	4	97
8	wrb	m	20	1	90	diamond	green	(724, 619)	high	dis	(724, 460)	N	same	vert	up	True	1257565	1258173	up	1	4	98
8	wrb	m	20	1	90	diamond	red	(645, 428)	low	dis	(724, 619)	Y	same	vert	up	True	1259242	1260509	up	1	4	99
8	wrb	m	20	1	90	circle	red	(724, 619)	high	dis	(724, 460)	N	dif	vert	up	True	1261614	1263053	up	1	4	100
8	wrb	m	20	1	90	diamond	red	(724, 619)	high	dis	(645, 428)	N	same	hori	left	True	1264304	1265076	left	1	4	101
8	wrb	m	20	1	90	diamond	green	(724, 619)	high	dis	(757, 540)	N	dif	vert	up	True	1266238	1268221	up	1	4	102
8	wrb	m	20	1	90	diamond	green	(724, 619)	high	dis	(757, 540)	N	same	vert	up	True	1269415	1270917	up	1	4	103
8	wrb	m	20	1	90	diamond	green	(724, 619)	high	dis	(645, 428)	N	same	vert	up	True	1272116	1272876	up	1	4	104
8	wrb	m	20	1	90	diamond	green	(724, 619)	high	dis	(645, 652)	N	dif	hori	left	True	1274015	1275365	left	1	4	105
8	wrb	m	20	1	90	diamond	green	(724, 619)	high	dis	(565, 619)	N	dif	hori	left	True	1276521	1277373	left	1	4	106
8	wrb	m	20	1	90	diamond	red	(724, 619)	high	dis	(645, 652)	N	same	hori	left	True	1278403	1279149	left	1	4	107
8	wrb	m	20	1	90	diamond	red	(724, 619)	high	dis	(724, 460)	N	same	vert	up	True	1280157	1281005	up	1	4	108
8	wrb	m	20	1	90	circle	green	(724, 619)	high	dis	(565, 619)	N	dif	hori	left	True	1282255	1283405	left	1	4	109
8	wrb	m	20	1	90	circle	red	(724, 619)	high	dis	(533, 540)	N	dif	vert	up	True	1284567	1285277	up	1	4	110
8	wrb	m	20	1	90	circle	red	(724, 619)	high	no	no_dis	N	same	hori	left	True	1286391	1287517	left	1	4	111
8	wrb	m	20	1	90	circle	green	(724, 619)	high	dis	(533, 540)	N	dif	hori	left	True	1288766	1289580	left	1	4	112
8	wrb	m	20	1	90	circle	red	(724, 619)	high	dis	(533, 540)	N	same	hori	left	True	1290804	1291580	left	1	4	113
8	wrb	m	20	1	90	circle	green	(724, 619)	high	no	no_dis	N	same	hori	left	True	1292661	1293204	left	1	4	114
8	wrb	m	20	1	90	diamond	green	(724, 619)	high	no	no_dis	N	same	hori	left	True	1294426	1295429	left	1	4	115
8	wrb	m	20	1	90	diamond	red	(724, 619)	high	dis	(724, 460)	N	dif	hori	left	True	1296551	1297373	left	1	4	116
8	wrb	m	20	1	90	circle	green	(724, 619)	high	dis	(565, 460)	N	dif	vert	up	True	1298480	1299268	up	1	4	117
8	wrb	m	20	1	90	diamond	green	(724, 619)	high	dis	(724, 460)	N	same	vert	up	True	1300307	1301269	up	1	4	118
8	wrb	m	20	1	90	circle	green	(724, 619)	high	no	no_dis	N	dif	vert	up	True	1302366	1303205	up	1	4	119
8	wrb	m	20	1	90	diamond	red	(724, 619)	high	dis	(645, 652)	N	dif	hori	left	True	1304360	1305732	left	1	4	120
8	wrb	m	20	1	90	diamond	green	(724, 619)	high	dis	(757, 540)	N	dif	vert	up	True	1343883	1345621	up	1	5	1
8	wrb	m	20	1	90	diamond	red	(724, 619)	high	dis	(645, 428)	N	dif	vert	up	True	1346776	1347533	up	1	5	2
8	wrb	m	20	1	90	circle	green	(724, 619)	high	no	no_dis	N	dif	hori	left	True	1348648	1349645	left	1	5	3
8	wrb	m	20	1	90	diamond	green	(724, 619)	high	dis	(565, 460)	N	dif	hori	left	True	1350657	1351324	left	1	5	4
8	wrb	m	20	1	90	circle	red	(724, 619)	high	dis	(645, 652)	N	dif	hori	left	True	1352333	1353148	left	1	5	5
8	wrb	m	20	1	90	circle	green	(724, 619)	high	dis	(724, 460)	N	same	vert	up	True	1354184	1355164	up	1	5	6
8	wrb	m	20	1	90	diamond	green	(565, 460)	low	dis	(724, 619)	Y	dif	vert	up	True	1356207	1357469	up	1	5	7
8	wrb	m	20	1	90	diamond	green	(724, 619)	high	dis	(533, 540)	N	dif	hori	left	True	1358720	1359709	left	1	5	8
8	wrb	m	20	1	90	diamond	green	(724, 619)	high	dis	(724, 460)	N	same	vert	up	True	1360814	1362101	up	1	5	9
8	wrb	m	20	1	90	circle	red	(724, 619)	high	dis	(565, 460)	N	same	hori	left	True	1363163	1363940	left	1	5	10
8	wrb	m	20	1	90	diamond	red	(645, 428)	low	dis	(724, 619)	Y	same	vert	up	True	1365020	1366181	up	1	5	11
8	wrb	m	20	1	90	diamond	green	(724, 619)	high	dis	(724, 460)	N	dif	vert	up	True	1367218	1369133	up	1	5	12
8	wrb	m	20	1	90	diamond	green	(724, 619)	high	dis	(565, 460)	N	dif	hori	left	True	1370189	1371101	left	1	5	13
8	wrb	m	20	1	90	diamond	red	(724, 619)	high	dis	(533, 540)	N	same	vert	up	True	1372260	1372957	up	1	5	14
8	wrb	m	20	1	90	diamond	green	(724, 619)	high	no	no_dis	N	dif	hori	left	True	1374178	1374813	left	1	5	15
8	wrb	m	20	1	90	circle	green	(724, 619)	high	no	no_dis	N	same	vert	up	True	1376055	1376813	up	1	5	16
8	wrb	m	20	1	90	diamond	red	(724, 619)	high	dis	(565, 460)	N	dif	vert	up	True	1377999	1378757	up	1	5	17
8	wrb	m	20	1	90	diamond	green	(645, 652)	low	dis	(724, 619)	Y	dif	vert	up	True	1379941	1380669	left	0	5	18
8	wrb	m	20	1	90	diamond	green	(724, 619)	high	no	no_dis	N	dif	vert	up	True	1383336	1384333	up	1	5	19
8	wrb	m	20	1	90	circle	red	(757, 540)	low	dis	(724, 619)	Y	same	hori	left	True	1385550	1386804	left	1	5	20
8	wrb	m	20	1	90	diamond	red	(645, 652)	low	dis	(724, 619)	Y	same	hori	left	True	1387929	1389557	left	1	5	21
8	wrb	m	20	1	90	circle	green	(565, 619)	low	dis	(724, 619)	Y	dif	hori	left	True	1390619	1392109	left	1	5	22
8	wrb	m	20	1	90	diamond	green	(724, 619)	high	dis	(533, 540)	N	dif	hori	left	True	1393268	1394317	left	1	5	23
8	wrb	m	20	1	90	diamond	red	(724, 619)	high	dis	(645, 428)	N	same	hori	left	True	1395449	1396973	left	1	5	24
8	wrb	m	20	1	90	circle	red	(724, 619)	high	dis	(565, 619)	N	same	hori	left	True	1398195	1398933	left	1	5	25
8	wrb	m	20	1	90	circle	green	(724, 460)	low	dis	(724, 619)	Y	same	vert	up	True	1400038	1401149	up	1	5	26
8	wrb	m	20	1	90	circle	green	(724, 619)	high	dis	(565, 460)	N	dif	vert	up	True	1402230	1403437	up	1	5	27
8	wrb	m	20	1	90	circle	green	(724, 619)	high	dis	(533, 540)	N	same	vert	up	True	1404653	1405213	up	1	5	28
8	wrb	m	20	1	90	diamond	green	(724, 619)	high	dis	(533, 540)	N	same	vert	up	True	1406403	1407781	up	1	5	29
8	wrb	m	20	1	90	circle	red	(724, 619)	high	dis	(565, 619)	N	dif	hori	left	True	1408984	1410060	left	1	5	30
8	wrb	m	20	1	90	circle	green	(724, 619)	high	dis	(565, 460)	N	same	hori	left	True	1411308	1412140	left	1	5	31
8	wrb	m	20	1	90	diamond	green	(724, 619)	high	no	no_dis	N	same	hori	left	True	1413315	1414740	left	1	5	32
8	wrb	m	20	1	90	diamond	red	(724, 619)	high	no	no_dis	N	dif	vert	up	True	1415992	1417220	up	1	5	33
8	wrb	m	20	1	90	circle	red	(724, 619)	high	no	no_dis	N	dif	vert	up	True	1418420	1419620	left	0	5	34
8	wrb	m	20	1	90	circle	red	(724, 619)	high	dis	(724, 460)	N	same	vert	up	True	1422379	1423629	up	1	5	35
8	wrb	m	20	1	90	circle	red	(724, 619)	high	no	no_dis	N	same	vert	up	True	1424711	1425557	up	1	5	36
8	wrb	m	20	1	90	diamond	red	(724, 619)	high	no	no_dis	N	dif	hori	left	True	1426579	1427957	left	1	5	37
8	wrb	m	20	1	90	circle	green	(724, 619)	high	dis	(645, 428)	N	same	vert	up	True	1429113	1430421	up	1	5	38
8	wrb	m	20	1	90	circle	red	(645, 652)	low	no	no_dis	N	dif	hori	left	True	1431512	1432724	left	1	5	39
8	wrb	m	20	1	90	circle	green	(724, 619)	high	no	no_dis	N	same	vert	up	True	1433870	1435484	up	1	5	40
8	wrb	m	20	1	90	diamond	red	(724, 619)	high	no	no_dis	N	same	hori	left	True	1436509	1438253	left	1	5	41
8	wrb	m	20	1	90	circle	red	(724, 619)	high	dis	(565, 460)	N	dif	hori	left	True	1439279	1440621	left	1	5	42
8	wrb	m	20	1	90	circle	red	(724, 619)	high	no	no_dis	N	dif	hori	left	True	1441838	1442900	left	1	5	43
8	wrb	m	20	1	90	diamond	red	(724, 619)	high	dis	(724, 460)	N	dif	vert	up	True	1444074	1445293	up	1	5	44
8	wrb	m	20	1	90	diamond	red	(645, 428)	low	no	no_dis	N	same	vert	up	True	1446422	1447740	up	1	5	45
8	wrb	m	20	1	90	circle	red	(724, 619)	high	dis	(565, 460)	N	dif	hori	left	True	1448827	1450164	left	1	5	46
8	wrb	m	20	1	90	diamond	red	(724, 619)	high	dis	(724, 460)	N	same	hori	left	True	1451401	1452565	left	1	5	47
8	wrb	m	20	1	90	circle	red	(724, 619)	high	dis	(645, 428)	N	same	hori	left	True	1453678	1454773	left	1	5	48
8	wrb	m	20	1	90	circle	green	(724, 619)	high	dis	(565, 619)	N	dif	vert	up	True	1455937	1456925	up	1	5	49
8	wrb	m	20	1	90	circle	red	(724, 619)	high	dis	(724, 460)	N	same	hori	left	True	1457960	1459429	left	1	5	50
8	wrb	m	20	1	90	diamond	red	(724, 619)	high	dis	(565, 460)	N	dif	vert	up	True	1460603	1461349	up	1	5	51
8	wrb	m	20	1	90	circle	red	(724, 619)	high	dis	(533, 540)	N	same	vert	up	True	1462504	1463501	up	1	5	52
8	wrb	m	20	1	90	diamond	green	(724, 619)	high	dis	(645, 428)	N	dif	hori	left	True	1464732	1465525	left	1	5	53
8	wrb	m	20	1	90	diamond	red	(724, 619)	high	dis	(645, 652)	N	same	vert	up	True	1466698	1467477	up	1	5	54
8	wrb	m	20	1	90	diamond	green	(724, 619)	high	dis	(757, 540)	N	same	hori	left	True	1468554	1469452	left	1	5	55
8	wrb	m	20	1	90	circle	green	(724, 619)	high	no	no_dis	N	dif	hori	left	True	1470590	1471749	left	1	5	56
8	wrb	m	20	1	90	diamond	red	(724, 619)	high	no	no_dis	N	same	hori	left	True	1472856	1473556	left	1	5	57
8	wrb	m	20	1	90	diamond	green	(533, 540)	low	no	no_dis	N	same	hori	left	True	1474680	1475900	left	1	5	58
8	wrb	m	20	1	90	diamond	green	(724, 619)	high	dis	(645, 652)	N	same	hori	left	True	1477007	1477933	left	1	5	59
8	wrb	m	20	1	90	diamond	green	(724, 619)	high	dis	(757, 540)	N	same	hori	left	True	1479150	1479869	left	1	5	60
8	wrb	m	20	1	90	circle	red	(724, 619)	high	no	no_dis	N	dif	hori	left	True	1480990	1481636	left	1	5	61
8	wrb	m	20	1	90	circle	green	(724, 619)	high	dis	(565, 619)	N	dif	hori	left	True	1482888	1484004	left	1	5	62
8	wrb	m	20	1	90	diamond	red	(724, 619)	high	no	no_dis	N	dif	vert	up	True	1485230	1485957	up	1	5	63
8	wrb	m	20	1	90	circle	green	(724, 619)	high	dis	(645, 652)	N	same	hori	left	True	1487117	1488013	left	1	5	64
8	wrb	m	20	1	90	circle	red	(724, 619)	high	dis	(645, 428)	N	dif	hori	left	True	1489234	1489772	left	1	5	65
8	wrb	m	20	1	90	circle	red	(724, 619)	high	dis	(645, 428)	N	dif	vert	up	True	1490882	1491685	up	1	5	66
8	wrb	m	20	1	90	diamond	green	(724, 619)	high	dis	(645, 652)	N	dif	vert	up	True	1492736	1493733	up	1	5	67
8	wrb	m	20	1	90	diamond	red	(724, 619)	high	dis	(565, 460)	N	same	vert	up	True	1494948	1495605	up	1	5	68
8	wrb	m	20	1	90	diamond	green	(724, 619)	high	no	no_dis	N	dif	vert	up	True	1496680	1497261	up	1	5	69
8	wrb	m	20	1	90	circle	green	(724, 619)	high	dis	(533, 540)	N	dif	hori	left	True	1498432	1499276	left	1	5	70
8	wrb	m	20	1	90	diamond	green	(724, 619)	high	no	no_dis	N	same	hori	left	True	1500427	1500989	left	1	5	71
8	wrb	m	20	1	90	circle	green	(724, 619)	high	dis	(645, 652)	N	dif	vert	up	True	1502220	1502933	up	1	5	72
8	wrb	m	20	1	90	diamond	green	(724, 619)	high	no	no_dis	N	same	hori	left	True	1503945	1504796	left	1	5	73
8	wrb	m	20	1	90	circle	green	(724, 619)	high	dis	(533, 540)	N	same	vert	up	True	1505901	1506572	up	1	5	74
8	wrb	m	20	1	90	diamond	red	(724, 619)	high	dis	(724, 460)	N	same	vert	up	True	1507588	1508364	up	1	5	75
8	wrb	m	20	1	90	diamond	red	(724, 619)	high	dis	(565, 619)	N	dif	vert	up	True	1509560	1510093	up	1	5	76
8	wrb	m	20	1	90	diamond	red	(724, 619)	high	dis	(757, 540)	N	same	hori	left	True	1511315	1512717	left	1	5	77
8	wrb	m	20	1	90	circle	green	(724, 619)	high	no	no_dis	N	same	vert	up	True	1513805	1514892	up	1	5	78
8	wrb	m	20	1	90	circle	red	(724, 619)	high	dis	(565, 619)	N	same	hori	left	True	1515995	1516861	left	1	5	79
8	wrb	m	20	1	90	circle	red	(724, 619)	high	dis	(533, 540)	N	same	vert	up	True	1517995	1519125	up	1	5	80
8	wrb	m	20	1	90	circle	red	(724, 619)	high	dis	(645, 652)	N	dif	hori	left	True	1520316	1521453	left	1	5	81
8	wrb	m	20	1	90	circle	red	(724, 619)	high	dis	(565, 619)	N	same	vert	up	True	1522479	1523277	up	1	5	82
8	wrb	m	20	1	90	circle	red	(724, 619)	high	dis	(565, 460)	N	dif	vert	up	True	1524451	1525061	up	1	5	83
8	wrb	m	20	1	90	diamond	red	(724, 619)	high	no	no_dis	N	same	vert	up	True	1526211	1526989	up	1	5	84
8	wrb	m	20	1	90	circle	red	(724, 619)	high	no	no_dis	N	same	hori	left	True	1528178	1529164	left	1	5	85
8	wrb	m	20	1	90	diamond	green	(724, 619)	high	dis	(533, 540)	N	dif	vert	up	True	1530257	1531005	up	1	5	86
8	wrb	m	20	1	90	circle	green	(724, 619)	high	no	no_dis	N	same	vert	up	True	1532200	1533364	up	1	5	87
8	wrb	m	20	1	90	diamond	red	(724, 619)	high	dis	(724, 460)	N	same	hori	left	True	1534554	1535381	left	1	5	88
8	wrb	m	20	1	90	circle	green	(724, 619)	high	dis	(757, 540)	N	dif	vert	up	True	1536509	1537229	up	1	5	89
8	wrb	m	20	1	90	diamond	green	(724, 619)	high	dis	(757, 540)	N	same	hori	left	True	1538274	1539212	left	1	5	90
8	wrb	m	20	1	90	diamond	red	(724, 619)	high	no	no_dis	N	same	hori	left	True	1540405	1541005	left	1	5	91
8	wrb	m	20	1	90	diamond	red	(724, 619)	high	no	no_dis	N	same	hori	left	True	1542154	1542693	left	1	5	92
8	wrb	m	20	1	90	circle	red	(724, 619)	high	no	no_dis	N	dif	hori	left	True	1543924	1544580	left	1	5	93
8	wrb	m	20	1	90	diamond	green	(724, 619)	high	dis	(645, 428)	N	same	vert	up	True	1545672	1546365	up	1	5	94
8	wrb	m	20	1	90	diamond	red	(724, 619)	high	no	no_dis	N	dif	vert	up	True	1547512	1548077	up	1	5	95
8	wrb	m	20	1	90	diamond	green	(724, 619)	high	dis	(565, 619)	N	dif	hori	left	True	1549318	1550069	left	1	5	96
8	wrb	m	20	1	90	diamond	red	(724, 619)	high	dis	(757, 540)	N	same	hori	left	True	1551235	1552244	left	1	5	97
8	wrb	m	20	1	90	circle	green	(724, 619)	high	no	no_dis	N	dif	vert	up	True	1553448	1555125	up	1	5	98
8	wrb	m	20	1	90	diamond	red	(724, 619)	high	dis	(645, 428)	N	same	vert	up	True	1556302	1557469	up	1	5	99
8	wrb	m	20	1	90	circle	green	(724, 619)	high	dis	(645, 652)	N	dif	vert	up	True	1558573	1559277	up	1	5	100
8	wrb	m	20	1	90	circle	green	(724, 619)	high	dis	(757, 540)	N	same	vert	up	True	1560333	1560861	up	1	5	101
8	wrb	m	20	1	90	circle	red	(724, 619)	high	no	no_dis	N	dif	vert	up	True	1562006	1562708	up	1	5	102
8	wrb	m	20	1	90	circle	red	(724, 619)	high	dis	(565, 619)	N	same	hori	left	True	1563747	1564436	left	1	5	103
8	wrb	m	20	1	90	diamond	green	(724, 619)	high	no	no_dis	N	dif	hori	left	True	1565550	1566437	left	1	5	104
8	wrb	m	20	1	90	circle	green	(724, 619)	high	no	no_dis	N	dif	vert	up	True	1567662	1568420	up	1	5	105
8	wrb	m	20	1	90	diamond	green	(724, 619)	high	no	no_dis	N	dif	hori	left	True	1569465	1570293	left	1	5	106
8	wrb	m	20	1	90	circle	red	(533, 540)	low	dis	(724, 619)	Y	dif	hori	left	True	1571468	1572813	left	1	5	107
8	wrb	m	20	1	90	circle	green	(724, 619)	high	no	no_dis	N	same	vert	up	True	1573930	1575004	up	1	5	108
8	wrb	m	20	1	90	diamond	green	(724, 619)	high	dis	(533, 540)	N	dif	vert	up	True	1576034	1576932	up	1	5	109
8	wrb	m	20	1	90	diamond	red	(724, 619)	high	dis	(757, 540)	N	same	hori	left	True	1578108	1579237	left	1	5	110
8	wrb	m	20	1	90	circle	red	(724, 619)	high	no	no_dis	N	same	vert	up	True	1580342	1581453	up	1	5	111
8	wrb	m	20	1	90	circle	green	(724, 619)	high	dis	(724, 460)	N	dif	hori	left	True	1582700	1583556	left	1	5	112
8	wrb	m	20	1	90	circle	green	(565, 460)	low	no	no_dis	N	dif	vert	up	True	1584764	1586124	up	1	5	113
8	wrb	m	20	1	90	circle	green	(724, 619)	high	dis	(757, 540)	N	dif	hori	left	True	1587336	1588444	left	1	5	114
8	wrb	m	20	1	90	diamond	red	(724, 619)	high	dis	(645, 652)	N	dif	hori	left	True	1589510	1590748	left	1	5	115
8	wrb	m	20	1	90	diamond	red	(724, 619)	high	dis	(645, 652)	N	dif	hori	left	True	1591800	1592421	left	1	5	116
8	wrb	m	20	1	90	diamond	green	(724, 619)	high	no	no_dis	N	same	hori	left	True	1593541	1594133	left	1	5	117
8	wrb	m	20	1	90	circle	red	(724, 619)	high	no	no_dis	N	same	vert	up	True	1595240	1596125	up	1	5	118
8	wrb	m	20	1	90	circle	green	(724, 619)	high	dis	(565, 619)	N	same	vert	up	True	1597349	1598077	up	1	5	119
8	wrb	m	20	1	90	circle	green	(724, 619)	high	dis	(645, 428)	N	dif	vert	up	True	1599198	1599868	up	1	5	120
8	wrb	m	20	1	90	diamond	red	(724, 619)	high	no	no_dis	N	dif	hori	left	True	1639786	1641388	left	1	6	1
8	wrb	m	20	1	90	diamond	green	(565, 619)	low	no	no_dis	N	dif	vert	up	True	1642395	1643940	up	1	6	2
8	wrb	m	20	1	90	circle	green	(724, 619)	high	dis	(757, 540)	N	same	hori	left	True	1645057	1647053	left	1	6	3
8	wrb	m	20	1	90	diamond	green	(724, 619)	high	no	no_dis	N	same	hori	left	True	1648238	1649676	left	1	6	4
8	wrb	m	20	1	90	circle	green	(724, 619)	high	no	no_dis	N	same	vert	up	True	1650755	1652381	up	1	6	5
8	wrb	m	20	1	90	diamond	green	(724, 619)	high	dis	(724, 460)	N	dif	hori	left	True	1653505	1654396	left	1	6	6
8	wrb	m	20	1	90	diamond	green	(724, 619)	high	no	no_dis	N	same	hori	left	True	1655564	1656189	left	1	6	7
8	wrb	m	20	1	90	circle	red	(724, 619)	high	dis	(724, 460)	N	same	hori	left	True	1657431	1658156	left	1	6	8
8	wrb	m	20	1	90	diamond	green	(724, 619)	high	dis	(565, 460)	N	dif	hori	left	True	1659384	1660212	left	1	6	9
8	wrb	m	20	1	90	diamond	green	(724, 619)	high	no	no_dis	N	same	hori	left	True	1661383	1662061	left	1	6	10
8	wrb	m	20	1	90	diamond	red	(724, 619)	high	dis	(533, 540)	N	same	vert	up	True	1663158	1663884	up	1	6	11
8	wrb	m	20	1	90	circle	green	(724, 619)	high	dis	(565, 460)	N	same	hori	left	True	1664962	1665564	left	1	6	12
8	wrb	m	20	1	90	diamond	red	(724, 619)	high	dis	(565, 619)	N	same	hori	left	True	1666801	1667628	left	1	6	13
8	wrb	m	20	1	90	circle	red	(724, 619)	high	no	no_dis	N	dif	vert	up	True	1668877	1670525	up	1	6	14
8	wrb	m	20	1	90	diamond	green	(724, 619)	high	dis	(565, 619)	N	same	hori	left	True	1671557	1672197	left	1	6	15
8	wrb	m	20	1	90	diamond	green	(724, 619)	high	dis	(645, 428)	N	dif	vert	up	True	1673268	1674101	left	0	6	16
8	wrb	m	20	1	90	diamond	red	(724, 619)	high	no	no_dis	N	same	vert	up	True	1676659	1678076	up	1	6	17
8	wrb	m	20	1	90	diamond	green	(724, 619)	high	no	no_dis	N	same	hori	left	True	1679202	1680109	left	1	6	18
8	wrb	m	20	1	90	diamond	red	(724, 619)	high	dis	(533, 540)	N	dif	vert	up	True	1681340	1682341	up	1	6	19
8	wrb	m	20	1	90	diamond	green	(724, 619)	high	dis	(645, 652)	N	same	hori	left	True	1683447	1684605	left	1	6	20
8	wrb	m	20	1	90	circle	green	(724, 619)	high	no	no_dis	N	same	hori	left	True	1685717	1686628	left	1	6	21
8	wrb	m	20	1	90	diamond	green	(724, 619)	high	dis	(645, 428)	N	same	vert	up	True	1687839	1688605	up	1	6	22
8	wrb	m	20	1	90	diamond	red	(724, 619)	high	dis	(757, 540)	N	same	vert	up	True	1689652	1690469	up	1	6	23
8	wrb	m	20	1	90	circle	green	(724, 619)	high	dis	(724, 460)	N	dif	hori	left	True	1691605	1692733	left	1	6	24
8	wrb	m	20	1	90	circle	green	(724, 619)	high	dis	(724, 460)	N	same	hori	left	True	1693926	1694484	left	1	6	25
8	wrb	m	20	1	90	circle	green	(724, 619)	high	dis	(645, 652)	N	same	vert	up	True	1695490	1696364	up	1	6	26
8	wrb	m	20	1	90	circle	red	(724, 619)	high	dis	(565, 460)	N	dif	hori	left	True	1697424	1698332	left	1	6	27
8	wrb	m	20	1	90	circle	red	(724, 619)	high	dis	(757, 540)	N	dif	vert	up	True	1699582	1701053	up	1	6	28
8	wrb	m	20	1	90	diamond	red	(724, 619)	high	dis	(757, 540)	N	dif	vert	up	True	1702253	1703212	up	1	6	29
8	wrb	m	20	1	90	circle	red	(724, 619)	high	dis	(565, 460)	N	same	hori	left	True	1704236	1704924	left	1	6	30
8	wrb	m	20	1	90	circle	red	(724, 619)	high	dis	(533, 540)	N	dif	vert	up	True	1706036	1707221	up	1	6	31
8	wrb	m	20	1	90	diamond	red	(724, 619)	high	dis	(533, 540)	N	dif	hori	left	True	1708376	1709069	left	1	6	32
8	wrb	m	20	1	90	circle	green	(724, 619)	high	dis	(645, 652)	N	same	vert	up	True	1710119	1710981	up	1	6	33
8	wrb	m	20	1	90	circle	red	(724, 619)	high	dis	(645, 428)	N	dif	vert	up	True	1712050	1712733	up	1	6	34
8	wrb	m	20	1	90	circle	green	(724, 619)	high	no	no_dis	N	same	hori	left	True	1713841	1714533	left	1	6	35
8	wrb	m	20	1	90	diamond	green	(724, 619)	high	dis	(724, 460)	N	same	vert	up	True	1715607	1716260	up	1	6	36
8	wrb	m	20	1	90	diamond	green	(724, 619)	high	dis	(645, 428)	N	same	vert	up	True	1717433	1718044	up	1	6	37
8	wrb	m	20	1	90	circle	red	(724, 619)	high	no	no_dis	N	same	hori	left	True	1719193	1719780	left	1	6	38
8	wrb	m	20	1	90	circle	green	(724, 619)	high	no	no_dis	N	dif	hori	left	True	1721010	1721589	left	1	6	39
8	wrb	m	20	1	90	circle	green	(724, 619)	high	dis	(645, 652)	N	dif	hori	left	True	1722594	1723204	left	1	6	40
8	wrb	m	20	1	90	diamond	red	(645, 428)	low	dis	(724, 619)	Y	same	vert	up	True	1724242	1725597	up	1	6	41
8	wrb	m	20	1	90	circle	green	(724, 619)	high	dis	(724, 460)	N	same	hori	left	True	1726769	1727653	left	1	6	42
8	wrb	m	20	1	90	diamond	red	(724, 619)	high	dis	(565, 619)	N	dif	vert	up	True	1728741	1730045	up	1	6	43
8	wrb	m	20	1	90	diamond	green	(724, 619)	high	dis	(533, 540)	N	dif	hori	left	True	1731190	1731973	left	1	6	44
8	wrb	m	20	1	90	circle	red	(724, 619)	high	no	no_dis	N	dif	vert	up	True	1732994	1734413	up	1	6	45
8	wrb	m	20	1	90	diamond	green	(724, 619)	high	dis	(645, 652)	N	dif	hori	left	True	1735487	1736724	left	1	6	46
8	wrb	m	20	1	90	circle	red	(724, 619)	high	no	no_dis	N	dif	vert	up	True	1737787	1738564	up	1	6	47
8	wrb	m	20	1	90	circle	green	(645, 652)	low	no	no_dis	N	same	hori	left	True	1739634	1742052	left	1	6	48
8	wrb	m	20	1	90	circle	red	(724, 619)	high	dis	(724, 460)	N	same	vert	up	True	1743204	1744461	up	1	6	49
8	wrb	m	20	1	90	circle	red	(724, 619)	high	dis	(645, 428)	N	same	vert	up	True	1745695	1746581	up	1	6	50
8	wrb	m	20	1	90	diamond	red	(724, 619)	high	dis	(565, 619)	N	same	vert	up	True	1747750	1748885	up	1	6	51
8	wrb	m	20	1	90	circle	red	(724, 619)	high	no	no_dis	N	same	vert	up	True	1749990	1750844	up	1	6	52
8	wrb	m	20	1	90	diamond	green	(724, 619)	high	dis	(645, 652)	N	dif	hori	left	True	1751967	1753053	left	1	6	53
8	wrb	m	20	1	90	diamond	red	(724, 619)	high	dis	(565, 460)	N	same	hori	left	True	1754112	1754733	left	1	6	54
8	wrb	m	20	1	90	diamond	green	(724, 619)	high	no	no_dis	N	dif	vert	up	True	1755784	1756573	up	1	6	55
8	wrb	m	20	1	90	diamond	red	(724, 619)	high	no	no_dis	N	dif	hori	left	True	1757646	1758548	left	1	6	56
8	wrb	m	20	1	90	diamond	red	(724, 619)	high	no	no_dis	N	same	hori	left	True	1759651	1760357	left	1	6	57
8	wrb	m	20	1	90	circle	green	(724, 460)	low	dis	(724, 619)	Y	same	hori	left	True	1761453	1762924	left	1	6	58
8	wrb	m	20	1	90	circle	red	(724, 619)	high	dis	(645, 428)	N	same	vert	up	True	1763937	1765229	up	1	6	59
8	wrb	m	20	1	90	circle	green	(565, 619)	low	dis	(724, 619)	Y	dif	hori	left	True	1766269	1767565	left	1	6	60
8	wrb	m	20	1	90	diamond	red	(724, 619)	high	dis	(533, 540)	N	dif	vert	up	True	1768609	1769965	up	1	6	61
8	wrb	m	20	1	90	diamond	green	(724, 619)	high	no	no_dis	N	dif	hori	left	True	1771105	1772092	left	1	6	62
8	wrb	m	20	1	90	circle	green	(724, 619)	high	no	no_dis	N	dif	vert	up	True	1773272	1774668	up	1	6	63
8	wrb	m	20	1	90	circle	red	(724, 619)	high	dis	(757, 540)	N	same	hori	left	True	1775879	1777421	left	1	6	64
8	wrb	m	20	1	90	diamond	green	(724, 619)	high	no	no_dis	N	same	vert	up	True	1778442	1779653	up	1	6	65
8	wrb	m	20	1	90	diamond	red	(724, 619)	high	no	no_dis	N	dif	vert	up	True	1780737	1782141	up	1	6	66
8	wrb	m	20	1	90	diamond	green	(645, 428)	low	dis	(724, 619)	Y	dif	vert	up	True	1783235	1784412	up	1	6	67
8	wrb	m	20	1	90	circle	red	(724, 619)	high	dis	(724, 460)	N	dif	hori	left	True	1785523	1786229	left	1	6	68
8	wrb	m	20	1	90	circle	green	(724, 619)	high	dis	(533, 540)	N	dif	hori	left	True	1787277	1788205	left	1	6	69
8	wrb	m	20	1	90	circle	red	(724, 619)	high	dis	(757, 540)	N	same	hori	left	True	1789255	1790469	left	1	6	70
8	wrb	m	20	1	90	diamond	red	(724, 619)	high	no	no_dis	N	same	vert	up	True	1791708	1792844	up	1	6	71
8	wrb	m	20	1	90	circle	green	(724, 619)	high	no	no_dis	N	same	vert	up	True	1794010	1794909	up	1	6	72
8	wrb	m	20	1	90	circle	red	(724, 619)	high	dis	(565, 460)	N	same	hori	left	True	1796058	1796797	left	1	6	73
8	wrb	m	20	1	90	diamond	green	(724, 619)	high	dis	(724, 460)	N	same	vert	up	True	1797812	1798452	up	1	6	74
8	wrb	m	20	1	90	diamond	red	(724, 619)	high	dis	(533, 540)	N	same	vert	up	True	1799509	1800485	up	1	6	75
8	wrb	m	20	1	90	diamond	red	(724, 619)	high	dis	(645, 428)	N	same	hori	left	True	1801672	1802372	left	1	6	76
8	wrb	m	20	1	90	circle	green	(724, 619)	high	dis	(757, 540)	N	dif	vert	up	True	1803405	1804060	up	1	6	77
8	wrb	m	20	1	90	circle	red	(724, 619)	high	dis	(565, 619)	N	dif	hori	left	True	1805203	1806188	left	1	6	78
8	wrb	m	20	1	90	diamond	green	(724, 619)	high	dis	(757, 540)	N	dif	hori	left	True	1807277	1807901	left	1	6	79
8	wrb	m	20	1	90	diamond	red	(724, 619)	high	no	no_dis	N	same	hori	left	True	1809115	1809716	left	1	6	80
8	wrb	m	20	1	90	diamond	red	(724, 619)	high	dis	(645, 652)	N	dif	hori	left	True	1810783	1811565	left	1	6	81
8	wrb	m	20	1	90	diamond	red	(724, 619)	high	dis	(757, 540)	N	same	vert	up	True	1812570	1813276	up	1	6	82
8	wrb	m	20	1	90	circle	green	(724, 619)	high	dis	(565, 619)	N	same	hori	left	True	1814331	1815100	left	1	6	83
8	wrb	m	20	1	90	diamond	red	(724, 619)	high	dis	(533, 540)	N	same	vert	up	True	1816340	1816957	up	1	6	84
8	wrb	m	20	1	90	circle	green	(724, 619)	high	dis	(565, 460)	N	dif	hori	left	True	1818142	1818925	left	1	6	85
8	wrb	m	20	1	90	diamond	green	(724, 619)	high	no	no_dis	N	dif	hori	left	True	1819984	1820684	left	1	6	86
8	wrb	m	20	1	90	circle	red	(724, 619)	high	no	no_dis	N	dif	vert	up	True	1821921	1822556	up	1	6	87
8	wrb	m	20	1	90	circle	red	(724, 619)	high	dis	(645, 428)	N	same	hori	left	True	1823763	1824572	left	1	6	88
8	wrb	m	20	1	90	circle	red	(724, 619)	high	no	no_dis	N	dif	hori	left	True	1825720	1826445	left	1	6	89
8	wrb	m	20	1	90	circle	green	(724, 619)	high	dis	(645, 652)	N	dif	vert	up	True	1827688	1828293	up	1	6	90
8	wrb	m	20	1	90	circle	green	(724, 619)	high	dis	(565, 619)	N	dif	vert	up	True	1829458	1830781	up	1	6	91
8	wrb	m	20	1	90	circle	red	(724, 619)	high	dis	(724, 460)	N	dif	vert	up	True	1831975	1833084	up	1	6	92
8	wrb	m	20	1	90	diamond	green	(724, 619)	high	dis	(565, 619)	N	same	vert	up	True	1834207	1835053	up	1	6	93
8	wrb	m	20	1	90	diamond	red	(724, 619)	high	dis	(565, 619)	N	dif	vert	up	True	1836083	1836852	up	1	6	94
8	wrb	m	20	1	90	diamond	red	(724, 619)	high	no	no_dis	N	same	vert	up	True	1837993	1838668	up	1	6	95
8	wrb	m	20	1	90	circle	red	(724, 619)	high	dis	(565, 460)	N	same	vert	up	True	1839889	1840524	up	1	6	96
8	wrb	m	20	1	90	circle	red	(533, 540)	low	dis	(724, 619)	Y	dif	vert	up	True	1841749	1843253	up	1	6	97
8	wrb	m	20	1	90	diamond	green	(724, 619)	high	dis	(757, 540)	N	dif	vert	up	True	1844482	1845125	up	1	6	98
8	wrb	m	20	1	90	diamond	green	(724, 619)	high	dis	(533, 540)	N	dif	hori	left	True	1846160	1847164	left	1	6	99
8	wrb	m	20	1	90	circle	red	(724, 619)	high	no	no_dis	N	dif	hori	left	True	1848354	1848981	left	1	6	100
8	wrb	m	20	1	90	diamond	green	(724, 619)	high	dis	(565, 619)	N	dif	hori	left	True	1850178	1851268	left	1	6	101
8	wrb	m	20	1	90	diamond	green	(724, 619)	high	no	no_dis	N	dif	hori	left	True	1852508	1853324	left	1	6	102
8	wrb	m	20	1	90	diamond	green	(565, 460)	low	dis	(724, 619)	Y	dif	hori	left	True	1854460	1855789	left	1	6	103
8	wrb	m	20	1	90	circle	green	(724, 619)	high	no	no_dis	N	dif	hori	left	True	1856950	1858020	left	1	6	104
8	wrb	m	20	1	90	circle	green	(724, 619)	high	no	no_dis	N	dif	vert	up	True	1859179	1860068	up	1	6	105
8	wrb	m	20	1	90	diamond	red	(533, 540)	low	no	no_dis	N	same	vert	up	True	1861150	1862245	up	1	6	106
8	wrb	m	20	1	90	circle	red	(724, 619)	high	no	no_dis	N	same	vert	up	True	1863252	1865213	up	1	6	107
8	wrb	m	20	1	90	circle	green	(724, 619)	high	dis	(645, 652)	N	dif	vert	up	True	1866348	1867917	up	1	6	108
8	wrb	m	20	1	90	circle	green	(724, 619)	high	dis	(645, 652)	N	dif	vert	up	True	1869057	1869733	up	1	6	109
8	wrb	m	20	1	90	circle	green	(724, 619)	high	dis	(724, 460)	N	same	vert	up	True	1870981	1871805	up	1	6	110
8	wrb	m	20	1	90	diamond	green	(724, 619)	high	dis	(645, 428)	N	same	hori	left	True	1873007	1874349	left	1	6	111
8	wrb	m	20	1	90	circle	red	(724, 619)	high	dis	(565, 460)	N	same	hori	left	True	1875445	1876725	left	1	6	112
8	wrb	m	20	1	90	circle	green	(724, 619)	high	dis	(645, 428)	N	dif	vert	up	True	1877857	1878588	left	0	6	113
8	wrb	m	20	1	90	circle	red	(757, 540)	low	dis	(724, 619)	Y	same	vert	up	True	1881140	1882612	up	1	6	114
8	wrb	m	20	1	90	diamond	red	(724, 619)	high	dis	(533, 540)	N	dif	hori	left	True	1883835	1884773	left	1	6	115
8	wrb	m	20	1	90	circle	red	(724, 460)	low	no	no_dis	N	dif	hori	left	True	1885797	1887028	left	1	6	116
8	wrb	m	20	1	90	diamond	red	(645, 652)	low	dis	(724, 619)	Y	same	hori	left	True	1888228	1889372	left	1	6	117
8	wrb	m	20	1	90	diamond	red	(724, 619)	high	no	no_dis	N	same	vert	up	True	1890495	1891300	up	1	6	118
8	wrb	m	20	1	90	diamond	red	(724, 619)	high	dis	(565, 460)	N	dif	vert	up	True	1892335	1893613	up	1	6	119
8	wrb	m	20	1	90	circle	green	(724, 619)	high	no	no_dis	N	dif	vert	up	True	1894846	1896229	up	1	6	120
conf	8	wrb	m	20	1	90	True	1933091	1943029	8	True	1943041	1951165	1
