subj,name,gender,age,cond,P_resp,P_startTime,P_respTime,P_gotKey,sf1,sf2,sf3,sf4,ord_1,ord_2,ord_3,ord_4,task,correct_key,no_change,mode
10,wjc,m,18,noindex,True,211330,218316,/,4.2,0.7,2.2,1.2,3,0,1,2,nochange_ori,z,3,practice
10,wjc,m,18,noindex,True,222901,223900,/,2.2,0.7,4.2,1.2,1,0,3,2,nochange_col,z,3,practice
10,wjc,m,18,noindex,True,228578,229596,z,0.7,1.2,2.2,4.2,2,3,1,0,change_col,/,2,practice
10,wjc,m,18,noindex,True,234256,236556,z,0.7,4.2,2.2,1.2,0,2,1,3,nochange_col,z,1,practice
10,wjc,m,18,noindex,True,241202,243436,/,2.2,4.2,0.7,1.2,1,0,2,3,change_ori,/,1,practice
10,wjc,m,18,noindex,True,248114,249083,/,1.2,2.2,0.7,4.2,2,0,1,3,change_ori,/,0,practice
10,wjc,m,18,noindex,True,253708,254587,/,4.2,1.2,0.7,2.2,0,1,2,3,nochange_col,z,3,practice
10,wjc,m,18,noindex,True,259335,260651,/,0.7,4.2,2.2,1.2,1,2,0,3,change_col,/,3,practice
10,wjc,m,18,noindex,True,265397,266571,/,0.7,2.2,4.2,1.2,3,2,0,1,change_ori,/,0,practice
10,wjc,m,18,noindex,True,271224,273371,/,4.2,2.2,1.2,0.7,1,2,3,0,nochange_ori,z,0,practice
10,wjc,m,18,noindex,True,278003,280188,/,0.7,1.2,4.2,2.2,3,0,2,1,nochange_col,z,1,practice
10,wjc,m,18,noindex,True,284766,287580,/,4.2,1.2,0.7,2.2,2,3,1,0,change_col,/,1,practice
10,wjc,m,18,noindex,True,292329,295451,/,4.2,2.2,0.7,1.2,2,0,1,3,change_col,/,0,practice
10,wjc,m,18,noindex,True,300160,301100,z,2.2,4.2,0.7,1.2,0,3,2,1,nochange_ori,z,3,practice
10,wjc,m,18,noindex,True,305687,307980,/,2.2,4.2,1.2,0.7,1,2,3,0,nochange_col,z,2,practice
10,wjc,m,18,noindex,True,312550,315611,/,2.2,4.2,0.7,1.2,2,1,3,0,nochange_ori,z,0,practice
10,wjc,m,18,noindex,True,320314,321451,/,4.2,1.2,2.2,0.7,2,1,0,3,change_ori,/,3,practice
10,wjc,m,18,noindex,True,326208,327243,/,1.2,2.2,4.2,0.7,1,3,2,0,change_col,/,2,practice
10,wjc,m,18,noindex,True,332002,332747,/,1.2,0.7,4.2,2.2,2,1,0,3,change_ori,/,3,practice
10,wjc,m,18,noindex,True,337495,338747,z,4.2,0.7,1.2,2.2,1,2,3,0,nochange_ori,z,1,practice
10,wjc,m,18,noindex,True,358969,360843,z,0.7,2.2,1.2,4.2,0,1,3,2,change_ori,/,2,testing
10,wjc,m,18,noindex,True,365464,366363,/,0.7,1.2,2.2,4.2,0,3,2,1,change_col,/,0,testing
10,wjc,m,18,noindex,True,371024,372427,/,0.7,4.2,1.2,2.2,2,3,0,1,change_ori,/,1,testing
10,wjc,m,18,noindex,True,377085,378011,/,0.7,4.2,1.2,2.2,1,2,3,0,change_col,/,2,testing
10,wjc,m,18,noindex,True,382611,383451,/,0.7,4.2,1.2,2.2,1,2,0,3,nochange_col,z,2,testing
10,wjc,m,18,noindex,True,388155,389131,z,1.2,0.7,4.2,2.2,2,3,1,0,nochange_ori,z,1,testing
10,wjc,m,18,noindex,True,393866,394923,z,2.2,4.2,0.7,1.2,1,0,3,2,nochange_col,z,3,testing
10,wjc,m,18,noindex,True,399610,400570,z,0.7,4.2,2.2,1.2,3,2,0,1,nochange_ori,z,1,testing
10,wjc,m,18,noindex,True,405253,405883,z,2.2,4.2,0.7,1.2,0,2,1,3,nochange_ori,z,2,testing
10,wjc,m,18,noindex,True,410580,412619,/,0.7,1.2,2.2,4.2,0,1,2,3,change_ori,/,2,testing
10,wjc,m,18,noindex,True,417276,420955,z,1.2,4.2,2.2,0.7,0,2,1,3,nochange_col,z,3,testing
10,wjc,m,18,noindex,True,425692,427819,z,1.2,0.7,4.2,2.2,2,0,3,1,nochange_col,z,3,testing
10,wjc,m,18,noindex,True,432470,433659,/,0.7,2.2,4.2,1.2,3,1,0,2,change_col,/,0,testing
10,wjc,m,18,noindex,True,438331,439083,/,1.2,2.2,4.2,0.7,2,1,0,3,change_ori,/,2,testing
10,wjc,m,18,noindex,True,443808,444428,/,4.2,2.2,0.7,1.2,1,0,3,2,change_col,/,0,testing
10,wjc,m,18,noindex,True,449068,450268,z,2.2,4.2,0.7,1.2,2,1,0,3,nochange_col,z,1,testing
10,wjc,m,18,noindex,True,454911,455804,/,2.2,1.2,4.2,0.7,3,1,2,0,change_col,/,3,testing
10,wjc,m,18,noindex,True,460505,461499,z,1.2,4.2,0.7,2.2,0,3,1,2,nochange_ori,z,1,testing
10,wjc,m,18,noindex,True,466082,467707,/,2.2,0.7,1.2,4.2,3,0,2,1,change_ori,/,2,testing
10,wjc,m,18,noindex,True,472394,473051,/,4.2,1.2,2.2,0.7,3,1,2,0,change_col,/,3,testing
10,wjc,m,18,noindex,True,477753,478826,/,4.2,1.2,0.7,2.2,2,1,0,3,change_col,/,2,testing
10,wjc,m,18,noindex,True,483464,484715,z,2.2,1.2,0.7,4.2,2,1,3,0,nochange_ori,z,0,testing
10,wjc,m,18,noindex,True,489425,491242,z,1.2,4.2,0.7,2.2,3,2,1,0,nochange_col,z,3,testing
10,wjc,m,18,noindex,True,495887,497163,/,2.2,0.7,1.2,4.2,3,1,2,0,change_ori,/,3,testing
10,wjc,m,18,noindex,True,501881,502763,/,4.2,2.2,1.2,0.7,3,2,1,0,change_col,/,2,testing
10,wjc,m,18,noindex,True,507408,508795,z,0.7,2.2,4.2,1.2,1,2,3,0,nochange_col,z,1,testing
10,wjc,m,18,noindex,True,513419,514475,/,2.2,4.2,0.7,1.2,1,3,0,2,nochange_ori,z,1,testing
10,wjc,m,18,noindex,True,519046,519963,/,1.2,0.7,2.2,4.2,3,1,0,2,change_col,/,1,testing
10,wjc,m,18,noindex,True,524539,525835,z,1.2,2.2,0.7,4.2,1,0,2,3,nochange_col,z,2,testing
10,wjc,m,18,noindex,True,530401,531595,/,1.2,2.2,4.2,0.7,2,3,0,1,change_ori,/,1,testing
10,wjc,m,18,noindex,True,536211,537083,z,4.2,2.2,0.7,1.2,0,1,3,2,nochange_ori,z,0,testing
10,wjc,m,18,noindex,True,541721,543835,/,2.2,0.7,1.2,4.2,2,3,0,1,nochange_col,z,2,testing
10,wjc,m,18,noindex,True,548467,549515,z,1.2,0.7,4.2,2.2,0,3,1,2,nochange_col,z,0,testing
10,wjc,m,18,noindex,True,554211,556826,z,4.2,0.7,2.2,1.2,2,3,0,1,change_ori,/,2,testing
10,wjc,m,18,noindex,True,561490,562363,/,0.7,1.2,4.2,2.2,2,0,1,3,change_ori,/,1,testing
10,wjc,m,18,noindex,True,567018,568411,z,2.2,1.2,0.7,4.2,2,3,0,1,change_col,/,2,testing
10,wjc,m,18,noindex,True,573129,574939,z,2.2,4.2,1.2,0.7,3,0,1,2,nochange_col,z,0,testing
10,wjc,m,18,noindex,True,579691,581339,/,2.2,0.7,1.2,4.2,3,0,1,2,change_ori,/,0,testing
10,wjc,m,18,noindex,True,585919,587227,/,0.7,1.2,4.2,2.2,1,2,3,0,change_ori,/,2,testing
10,wjc,m,18,noindex,True,591847,593402,z,2.2,1.2,0.7,4.2,2,0,1,3,nochange_ori,z,2,testing
10,wjc,m,18,noindex,True,598025,599851,/,0.7,4.2,2.2,1.2,1,3,2,0,nochange_col,z,1,testing
10,wjc,m,18,noindex,True,604470,605611,/,1.2,0.7,4.2,2.2,0,1,2,3,change_ori,/,1,testing
10,wjc,m,18,noindex,True,610231,611579,/,0.7,2.2,4.2,1.2,1,2,0,3,change_ori,/,0,testing
10,wjc,m,18,noindex,True,616291,617339,z,0.7,1.2,2.2,4.2,1,2,3,0,nochange_ori,z,1,testing
10,wjc,m,18,noindex,True,622052,623947,/,1.2,4.2,2.2,0.7,1,0,3,2,change_ori,/,2,testing
10,wjc,m,18,noindex,True,628547,629130,/,1.2,0.7,4.2,2.2,2,0,1,3,change_col,/,3,testing
10,wjc,m,18,noindex,True,633891,634555,/,0.7,4.2,2.2,1.2,2,1,3,0,change_col,/,1,testing
10,wjc,m,18,noindex,True,639200,639867,/,2.2,4.2,1.2,0.7,0,1,2,3,change_col,/,3,testing
10,wjc,m,18,noindex,True,644561,645211,/,2.2,0.7,1.2,4.2,2,0,1,3,change_col,/,2,testing
10,wjc,m,18,noindex,True,649854,652267,/,2.2,1.2,0.7,4.2,0,3,2,1,nochange_ori,z,2,testing
10,wjc,m,18,noindex,True,656900,658074,z,2.2,1.2,4.2,0.7,0,3,2,1,nochange_ori,z,1,testing
10,wjc,m,18,noindex,True,662677,663515,/,2.2,1.2,0.7,4.2,3,0,2,1,change_col,/,1,testing
10,wjc,m,18,noindex,True,668221,669242,z,2.2,1.2,4.2,0.7,3,2,1,0,nochange_col,z,2,testing
10,wjc,m,18,noindex,True,673981,674763,/,2.2,4.2,0.7,1.2,0,2,3,1,change_ori,/,0,testing
10,wjc,m,18,noindex,True,679341,680011,/,2.2,1.2,0.7,4.2,2,1,3,0,change_col,/,3,testing
10,wjc,m,18,noindex,True,684584,685787,z,1.2,4.2,0.7,2.2,1,2,3,0,nochange_ori,z,1,testing
10,wjc,m,18,noindex,True,690395,692107,z,1.2,2.2,0.7,4.2,0,3,2,1,nochange_ori,z,3,testing
10,wjc,m,18,noindex,True,696739,698410,/,4.2,2.2,0.7,1.2,1,3,0,2,change_ori,/,3,testing
10,wjc,m,18,noindex,True,703001,703787,z,0.7,2.2,4.2,1.2,1,3,0,2,nochange_col,z,1,testing
10,wjc,m,18,noindex,True,708544,709467,z,2.2,4.2,1.2,0.7,1,2,0,3,nochange_ori,z,2,testing
10,wjc,m,18,noindex,True,714055,714683,/,0.7,2.2,4.2,1.2,0,3,1,2,change_col,/,2,testing
10,wjc,m,18,noindex,True,719298,720362,z,4.2,0.7,2.2,1.2,0,3,2,1,nochange_col,z,2,testing
10,wjc,m,18,noindex,True,725075,725803,/,4.2,2.2,1.2,0.7,1,0,2,3,change_ori,/,1,testing
10,wjc,m,18,noindex,True,730451,731210,z,0.7,4.2,1.2,2.2,3,1,0,2,nochange_ori,z,3,testing
10,wjc,m,18,noindex,True,735911,739786,/,2.2,1.2,4.2,0.7,0,2,3,1,change_col,/,3,testing
10,wjc,m,18,noindex,True,744478,745099,/,1.2,2.2,4.2,0.7,2,3,0,1,change_col,/,0,testing
10,wjc,m,18,noindex,True,749754,751755,z,4.2,1.2,0.7,2.2,0,2,3,1,nochange_ori,z,0,testing
10,wjc,m,18,noindex,True,756365,757147,z,2.2,0.7,1.2,4.2,2,1,3,0,nochange_col,z,3,testing
10,wjc,m,18,noindex,True,761876,763402,z,1.2,2.2,4.2,0.7,1,3,2,0,nochange_ori,z,2,testing
10,wjc,m,18,noindex,True,768120,768954,/,4.2,1.2,2.2,0.7,3,1,0,2,change_col,/,2,testing
10,wjc,m,18,noindex,True,773714,774763,/,1.2,2.2,4.2,0.7,1,0,3,2,nochange_ori,z,1,testing
10,wjc,m,18,noindex,True,779425,780299,z,1.2,2.2,0.7,4.2,2,1,0,3,change_ori,/,0,testing
10,wjc,m,18,noindex,True,785052,786234,z,0.7,2.2,1.2,4.2,1,0,2,3,nochange_col,z,1,testing
10,wjc,m,18,noindex,True,790963,791851,/,0.7,4.2,2.2,1.2,3,1,2,0,change_ori,/,0,testing
10,wjc,m,18,noindex,True,796523,797515,z,2.2,4.2,1.2,0.7,3,1,0,2,nochange_ori,z,3,testing
10,wjc,m,18,noindex,True,802234,803050,z,0.7,2.2,4.2,1.2,0,3,1,2,nochange_ori,z,2,testing
10,wjc,m,18,noindex,True,807627,808362,/,0.7,4.2,1.2,2.2,1,0,2,3,change_ori,/,1,testing
10,wjc,m,18,noindex,True,812953,814555,z,2.2,4.2,0.7,1.2,0,2,1,3,nochange_col,z,0,testing
10,wjc,m,18,noindex,True,819181,821034,z,1.2,2.2,4.2,0.7,2,1,3,0,nochange_col,z,0,testing
10,wjc,m,18,noindex,True,825743,826683,/,2.2,1.2,0.7,4.2,2,3,0,1,nochange_col,z,0,testing
10,wjc,m,18,noindex,True,845997,846794,/,0.7,4.2,1.2,2.2,3,0,1,2,change_col,/,1,testing
10,wjc,m,18,noindex,True,851424,852235,z,4.2,1.2,0.7,2.2,1,0,2,3,nochange_ori,z,0,testing
10,wjc,m,18,noindex,True,856950,859131,z,4.2,2.2,1.2,0.7,0,2,3,1,change_col,/,0,testing
10,wjc,m,18,noindex,True,863847,865131,z,2.2,0.7,4.2,1.2,3,2,1,0,nochange_col,z,1,testing
10,wjc,m,18,noindex,True,869858,873067,z,0.7,4.2,2.2,1.2,1,3,2,0,nochange_ori,z,1,testing
10,wjc,m,18,noindex,True,877705,878395,/,2.2,4.2,1.2,0.7,3,2,1,0,change_col,/,2,testing
10,wjc,m,18,noindex,True,883049,883979,/,1.2,4.2,2.2,0.7,1,2,3,0,nochange_col,z,3,testing
10,wjc,m,18,noindex,True,888542,889322,z,0.7,1.2,4.2,2.2,0,3,2,1,nochange_ori,z,0,testing
10,wjc,m,18,noindex,True,894002,895307,z,0.7,2.2,1.2,4.2,1,2,0,3,nochange_ori,z,1,testing
10,wjc,m,18,noindex,True,899963,900874,z,2.2,0.7,4.2,1.2,2,1,0,3,nochange_ori,z,3,testing
10,wjc,m,18,noindex,True,905507,905946,/,1.2,4.2,0.7,2.2,1,2,3,0,change_col,/,2,testing
10,wjc,m,18,noindex,True,910549,911515,z,0.7,2.2,4.2,1.2,1,0,3,2,change_ori,/,2,testing
10,wjc,m,18,noindex,True,916159,917307,z,4.2,2.2,1.2,0.7,1,3,0,2,nochange_col,z,1,testing
10,wjc,m,18,noindex,True,922004,922650,z,1.2,4.2,2.2,0.7,0,2,3,1,nochange_ori,z,3,testing
10,wjc,m,18,noindex,True,927397,928731,/,1.2,0.7,2.2,4.2,3,1,2,0,change_col,/,0,testing
10,wjc,m,18,noindex,True,933358,936427,/,1.2,0.7,2.2,4.2,1,2,3,0,change_col,/,3,testing
10,wjc,m,18,noindex,True,941155,942235,/,4.2,2.2,0.7,1.2,0,3,1,2,change_col,/,3,testing
10,wjc,m,18,noindex,True,946983,947723,/,4.2,2.2,0.7,1.2,0,1,3,2,change_ori,/,3,testing
10,wjc,m,18,noindex,True,952376,952891,/,1.2,4.2,0.7,2.2,1,3,0,2,change_col,/,2,testing
10,wjc,m,18,noindex,True,957502,959051,z,1.2,0.7,2.2,4.2,2,3,0,1,nochange_col,z,1,testing
10,wjc,m,18,noindex,True,963714,964507,z,2.2,4.2,0.7,1.2,0,3,1,2,nochange_col,z,0,testing
10,wjc,m,18,noindex,True,969224,970826,/,1.2,0.7,4.2,2.2,1,2,0,3,nochange_ori,z,1,testing
10,wjc,m,18,noindex,True,975568,976426,z,4.2,1.2,0.7,2.2,2,0,1,3,nochange_col,z,1,testing
10,wjc,m,18,noindex,True,981146,982154,/,1.2,4.2,2.2,0.7,1,2,3,0,change_ori,/,1,testing
10,wjc,m,18,noindex,True,986806,987402,/,2.2,1.2,0.7,4.2,1,0,3,2,change_ori,/,2,testing
10,wjc,m,18,noindex,True,992016,992618,/,0.7,2.2,1.2,4.2,3,2,1,0,change_ori,/,2,testing
10,wjc,m,18,noindex,True,997309,998939,/,2.2,1.2,0.7,4.2,3,1,2,0,change_ori,/,1,testing
10,wjc,m,18,noindex,True,1003670,1004651,z,0.7,1.2,2.2,4.2,2,1,3,0,nochange_col,z,0,testing
10,wjc,m,18,noindex,True,1009348,1010490,/,2.2,0.7,1.2,4.2,3,2,1,0,change_col,/,1,testing
10,wjc,m,18,noindex,True,1015058,1015738,/,0.7,4.2,2.2,1.2,2,0,3,1,change_ori,/,2,testing
10,wjc,m,18,noindex,True,1020385,1021706,z,0.7,2.2,1.2,4.2,0,1,3,2,nochange_ori,z,0,testing
10,wjc,m,18,noindex,True,1026379,1027051,/,2.2,0.7,1.2,4.2,0,3,2,1,change_ori,/,0,testing
10,wjc,m,18,noindex,True,1031822,1032826,z,0.7,1.2,4.2,2.2,1,3,0,2,nochange_ori,z,1,testing
10,wjc,m,18,noindex,True,1037583,1038523,z,1.2,2.2,0.7,4.2,1,2,0,3,nochange_col,z,1,testing
10,wjc,m,18,noindex,True,1043276,1044235,z,1.2,2.2,0.7,4.2,3,1,2,0,nochange_ori,z,2,testing
10,wjc,m,18,noindex,True,1048953,1050154,z,2.2,0.7,1.2,4.2,3,1,2,0,nochange_col,z,1,testing
10,wjc,m,18,noindex,True,1054831,1055754,z,0.7,1.2,2.2,4.2,2,1,3,0,nochange_ori,z,1,testing
10,wjc,m,18,noindex,True,1060375,1061931,z,2.2,4.2,0.7,1.2,1,3,2,0,nochange_col,z,1,testing
10,wjc,m,18,noindex,True,1066586,1067179,/,0.7,1.2,2.2,4.2,2,1,0,3,change_ori,/,3,testing
10,wjc,m,18,noindex,True,1071846,1072395,/,4.2,1.2,2.2,0.7,2,1,0,3,change_col,/,3,testing
10,wjc,m,18,noindex,True,1077039,1078154,z,1.2,2.2,0.7,4.2,3,2,0,1,nochange_col,z,0,testing
10,wjc,m,18,noindex,True,1082900,1083498,/,4.2,2.2,1.2,0.7,0,1,2,3,change_col,/,2,testing
10,wjc,m,18,noindex,True,1088110,1089802,z,2.2,4.2,0.7,1.2,1,3,0,2,nochange_col,z,1,testing
10,wjc,m,18,noindex,True,1094554,1095866,z,1.2,4.2,2.2,0.7,1,3,2,0,nochange_col,z,0,testing
10,wjc,m,18,noindex,True,1100498,1101402,z,4.2,0.7,2.2,1.2,3,0,1,2,nochange_ori,z,2,testing
10,wjc,m,18,noindex,True,1106075,1106939,/,1.2,2.2,4.2,0.7,2,1,0,3,change_ori,/,2,testing
10,wjc,m,18,noindex,True,1111535,1112666,/,2.2,4.2,1.2,0.7,0,2,3,1,change_col,/,1,testing
10,wjc,m,18,noindex,True,1117362,1117882,/,0.7,1.2,4.2,2.2,0,3,1,2,change_col,/,3,testing
10,wjc,m,18,noindex,True,1122523,1123595,z,2.2,0.7,1.2,4.2,1,0,2,3,nochange_ori,z,0,testing
10,wjc,m,18,noindex,True,1128216,1129355,/,1.2,2.2,4.2,0.7,0,3,2,1,change_col,/,3,testing
10,wjc,m,18,noindex,True,1133960,1135418,/,1.2,4.2,0.7,2.2,2,1,0,3,change_ori,/,0,testing
10,wjc,m,18,noindex,True,1140055,1141019,z,0.7,1.2,2.2,4.2,3,0,2,1,nochange_ori,z,3,testing
10,wjc,m,18,noindex,True,1145698,1147034,/,4.2,0.7,2.2,1.2,2,0,3,1,nochange_ori,z,2,testing
10,wjc,m,18,noindex,True,1151726,1152410,/,0.7,2.2,1.2,4.2,1,0,3,2,nochange_ori,z,2,testing
10,wjc,m,18,noindex,True,1157136,1157754,/,0.7,2.2,1.2,4.2,1,0,3,2,change_ori,/,1,testing
10,wjc,m,18,noindex,True,1162429,1163370,z,2.2,0.7,1.2,4.2,0,2,1,3,nochange_col,z,0,testing
10,wjc,m,18,noindex,True,1167956,1168651,/,0.7,2.2,4.2,1.2,2,3,0,1,nochange_ori,z,2,testing
10,wjc,m,18,noindex,True,1173349,1173834,/,4.2,1.2,2.2,0.7,0,1,3,2,change_col,/,1,testing
10,wjc,m,18,noindex,True,1178442,1179082,/,0.7,4.2,2.2,1.2,0,1,3,2,change_ori,/,0,testing
10,wjc,m,18,noindex,True,1183718,1184939,z,1.2,4.2,2.2,0.7,3,0,1,2,nochange_col,z,3,testing
10,wjc,m,18,noindex,True,1189612,1191913,/,2.2,0.7,4.2,1.2,3,1,2,0,change_ori,/,3,testing
10,wjc,m,18,noindex,True,1196542,1197338,z,0.7,1.2,2.2,4.2,0,1,3,2,nochange_col,z,0,testing
10,wjc,m,18,noindex,True,1201918,1202985,/,2.2,4.2,1.2,0.7,3,2,0,1,change_col,/,3,testing
10,wjc,m,18,noindex,True,1207646,1208650,z,0.7,2.2,1.2,4.2,0,1,2,3,nochange_ori,z,0,testing
10,wjc,m,18,noindex,True,1213356,1213979,z,2.2,4.2,1.2,0.7,0,1,3,2,change_ori,/,0,testing
10,wjc,m,18,noindex,True,1218716,1219289,/,4.2,0.7,2.2,1.2,1,2,3,0,change_col,/,3,testing
10,wjc,m,18,noindex,True,1223959,1224970,/,1.2,4.2,2.2,0.7,0,3,2,1,change_ori,/,0,testing
10,wjc,m,18,noindex,True,1229720,1230617,z,2.2,0.7,1.2,4.2,2,3,1,0,change_ori,/,1,testing
10,wjc,m,18,noindex,True,1235330,1235979,/,1.2,4.2,2.2,0.7,3,0,1,2,nochange_col,z,1,testing
10,wjc,m,18,noindex,True,1240690,1241610,z,1.2,0.7,2.2,4.2,0,3,1,2,nochange_col,z,1,testing
10,wjc,m,18,noindex,True,1246234,1246826,/,0.7,1.2,4.2,2.2,0,2,3,1,change_col,/,3,testing
10,wjc,m,18,noindex,True,1251510,1252970,z,1.2,4.2,2.2,0.7,0,3,2,1,nochange_ori,z,2,testing
10,wjc,m,18,noindex,True,1257671,1258570,z,2.2,0.7,4.2,1.2,1,3,0,2,nochange_ori,z,3,testing
10,wjc,m,18,noindex,True,1263265,1264378,/,2.2,0.7,1.2,4.2,3,0,1,2,change_ori,/,3,testing
10,wjc,m,18,noindex,True,1269042,1270986,z,1.2,0.7,4.2,2.2,1,3,0,2,nochange_col,z,3,testing
10,wjc,m,18,noindex,True,1275604,1278378,z,0.7,4.2,1.2,2.2,1,2,0,3,change_col,/,1,testing
10,wjc,m,18,noindex,True,1282967,1284282,/,1.2,0.7,4.2,2.2,0,3,1,2,change_col,/,2,testing
10,wjc,m,18,noindex,True,1288878,1290874,/,4.2,2.2,1.2,0.7,1,3,2,0,change_ori,/,0,testing
10,wjc,m,18,noindex,True,1295507,1295930,/,0.7,1.2,2.2,4.2,2,1,3,0,nochange_col,z,1,testing
10,wjc,m,18,noindex,True,1300633,1302650,z,4.2,0.7,2.2,1.2,0,3,1,2,change_ori,/,3,testing
