subj,name,gender,age,cond,P_resp,P_startTime,P_respTime,P_gotKey,sf1,sf2,sf3,sf4,ord_1,ord_2,ord_3,ord_4,task,correct_key,no_change,mode
10,wjc,m,18,index,True,63646,65993,z,1.2,1.2,2.2,2.2,0,3,1,2,nochange_ori,z,1,practice
10,wjc,m,18,index,True,70559,71642,z,4.2,2.2,2.2,4.2,2,1,0,3,nochange_col,z,0,practice
10,wjc,m,18,index,True,76369,77674,z,2.2,0.7,0.7,2.2,2,1,3,0,nochange_col,z,3,practice
10,wjc,m,18,index,True,82296,83081,z,4.2,0.7,4.2,0.7,1,3,2,0,nochange_col,z,2,practice
10,wjc,m,18,index,True,87823,88377,/,2.2,1.2,2.2,1.2,2,0,3,1,change_col,/,2,practice
10,wjc,m,18,index,True,93116,93961,/,0.7,0.7,2.2,2.2,0,1,2,3,change_col,/,2,practice
10,wjc,m,18,index,True,98576,99354,/,0.7,0.7,2.2,2.2,1,3,2,0,change_ori,/,2,practice
10,wjc,m,18,index,True,103937,104730,/,2.2,4.2,4.2,2.2,1,2,0,3,change_ori,/,1,practice
10,wjc,m,18,index,True,109296,110409,z,2.2,2.2,0.7,0.7,3,0,1,2,nochange_col,z,3,practice
10,wjc,m,18,index,True,114990,115818,/,0.7,4.2,0.7,4.2,3,2,0,1,change_col,/,0,practice
10,wjc,m,18,index,True,120400,121066,/,4.2,2.2,2.2,4.2,2,1,0,3,nochange_ori,z,1,practice
10,wjc,m,18,index,True,125793,126457,/,2.2,1.2,1.2,2.2,2,1,0,3,change_col,/,1,practice
10,wjc,m,18,index,True,131020,131977,/,2.2,2.2,0.7,0.7,2,3,0,1,change_ori,/,0,practice
10,wjc,m,18,index,True,136563,137961,/,4.2,2.2,4.2,2.2,0,3,2,1,nochange_ori,z,0,practice
10,wjc,m,18,index,True,142691,144474,z,4.2,2.2,2.2,4.2,2,3,1,0,change_ori,/,0,practice
10,wjc,m,18,index,True,149119,149753,/,0.7,2.2,2.2,0.7,3,1,0,2,change_col,/,0,practice
10,wjc,m,18,index,True,154480,155465,z,2.2,2.2,0.7,0.7,3,0,2,1,nochange_ori,z,1,practice
10,wjc,m,18,index,True,160107,161018,z,4.2,1.2,1.2,4.2,0,1,2,3,nochange_ori,z,2,practice
10,wjc,m,18,index,True,165666,166457,z,1.2,1.2,2.2,2.2,3,0,1,2,nochange_col,z,3,practice
10,wjc,m,18,index,True,171160,172873,/,0.7,4.2,0.7,4.2,1,0,2,3,change_ori,/,2,practice
10,wjc,m,18,index,True,193885,194858,z,4.2,1.2,4.2,1.2,0,2,3,1,nochange_ori,z,0,testing
10,wjc,m,18,index,True,199562,200793,z,1.2,2.2,2.2,1.2,0,2,3,1,nochange_col,z,3,testing
10,wjc,m,18,index,True,205440,206569,z,1.2,1.2,0.7,0.7,1,0,3,2,nochange_ori,z,0,testing
10,wjc,m,18,index,True,211184,211929,/,2.2,2.2,0.7,0.7,3,0,1,2,change_ori,/,0,testing
10,wjc,m,18,index,True,216677,217337,/,0.7,0.7,1.2,1.2,3,1,2,0,change_col,/,2,testing
10,wjc,m,18,index,True,221920,222522,/,4.2,0.7,0.7,4.2,2,0,1,3,change_ori,/,3,testing
10,wjc,m,18,index,True,227213,227785,/,4.2,4.2,1.2,1.2,0,2,3,1,change_ori,/,3,testing
10,wjc,m,18,index,True,232356,233146,z,0.7,4.2,0.7,4.2,2,3,1,0,nochange_ori,z,2,testing
10,wjc,m,18,index,True,237900,238665,/,4.2,1.2,4.2,1.2,2,0,1,3,change_col,/,0,testing
10,wjc,m,18,index,True,243292,243881,/,2.2,2.2,0.7,0.7,0,2,3,1,change_ori,/,1,testing
10,wjc,m,18,index,True,248452,249146,/,1.2,1.2,4.2,4.2,0,3,2,1,change_ori,/,1,testing
10,wjc,m,18,index,True,253795,254442,/,2.2,1.2,1.2,2.2,3,2,0,1,change_col,/,1,testing
10,wjc,m,18,index,True,259072,259753,/,1.2,4.2,1.2,4.2,1,2,0,3,change_col,/,2,testing
10,wjc,m,18,index,True,264381,264825,/,0.7,1.2,1.2,0.7,3,1,0,2,change_col,/,2,testing
10,wjc,m,18,index,True,269541,270201,/,2.2,0.7,0.7,2.2,0,1,2,3,change_col,/,0,testing
10,wjc,m,18,index,True,274818,275337,/,2.2,0.7,2.2,0.7,3,1,2,0,change_col,/,0,testing
10,wjc,m,18,index,True,280010,280570,/,1.2,4.2,1.2,4.2,2,1,3,0,change_ori,/,2,testing
10,wjc,m,18,index,True,285253,285832,/,1.2,4.2,1.2,4.2,1,2,3,0,change_col,/,1,testing
10,wjc,m,18,index,True,290546,291593,z,2.2,2.2,4.2,4.2,1,2,3,0,nochange_ori,z,0,testing
10,wjc,m,18,index,True,296257,296841,/,2.2,1.2,2.2,1.2,0,3,2,1,change_ori,/,1,testing
10,wjc,m,18,index,True,301499,302505,z,0.7,4.2,0.7,4.2,3,2,0,1,nochange_ori,z,1,testing
10,wjc,m,18,index,True,307093,308681,/,2.2,1.2,1.2,2.2,1,0,2,3,change_ori,/,0,testing
10,wjc,m,18,index,True,313388,314265,z,1.2,0.7,0.7,1.2,2,3,0,1,nochange_col,z,3,testing
10,wjc,m,18,index,True,318948,319929,z,0.7,0.7,1.2,1.2,2,3,0,1,nochange_col,z,0,testing
10,wjc,m,18,index,True,324526,325081,/,1.2,1.2,2.2,2.2,0,3,1,2,nochange_col,z,1,testing
10,wjc,m,18,index,True,329735,330329,/,1.2,0.7,0.7,1.2,0,3,2,1,change_col,/,3,testing
10,wjc,m,18,index,True,334978,335402,/,4.2,4.2,1.2,1.2,3,1,0,2,change_ori,/,0,testing
10,wjc,m,18,index,True,339987,340793,z,2.2,2.2,0.7,0.7,3,0,2,1,nochange_col,z,2,testing
10,wjc,m,18,index,True,345531,346169,/,0.7,4.2,4.2,0.7,1,2,3,0,change_col,/,1,testing
10,wjc,m,18,index,True,350857,351561,/,1.2,1.2,0.7,0.7,2,1,0,3,change_col,/,3,testing
10,wjc,m,18,index,True,356217,357946,/,0.7,1.2,0.7,1.2,2,3,1,0,change_col,/,1,testing
10,wjc,m,18,index,True,362696,363801,z,1.2,2.2,2.2,1.2,0,2,3,1,change_ori,/,0,testing
10,wjc,m,18,index,True,368506,369482,z,2.2,1.2,1.2,2.2,1,0,2,3,nochange_ori,z,3,testing
10,wjc,m,18,index,True,374234,375194,z,4.2,2.2,2.2,4.2,2,3,0,1,nochange_col,z,0,testing
10,wjc,m,18,index,True,379861,381305,z,1.2,2.2,1.2,2.2,2,0,1,3,nochange_ori,z,2,testing
10,wjc,m,18,index,True,385938,387049,z,4.2,1.2,1.2,4.2,0,2,3,1,nochange_col,z,1,testing
10,wjc,m,18,index,True,391766,393177,z,1.2,0.7,1.2,0.7,2,3,1,0,nochange_ori,z,2,testing
10,wjc,m,18,index,True,397793,399081,z,4.2,4.2,0.7,0.7,0,1,2,3,nochange_col,z,3,testing
10,wjc,m,18,index,True,403655,404521,z,1.2,1.2,2.2,2.2,1,2,0,3,nochange_col,z,0,testing
10,wjc,m,18,index,True,409247,410137,z,4.2,0.7,4.2,0.7,1,3,2,0,nochange_ori,z,0,testing
10,wjc,m,18,index,True,414874,415721,/,2.2,0.7,0.7,2.2,0,3,1,2,nochange_ori,z,2,testing
10,wjc,m,18,index,True,420468,421657,/,0.7,1.2,1.2,0.7,3,2,1,0,change_ori,/,3,testing
10,wjc,m,18,index,True,426329,427097,z,1.2,1.2,0.7,0.7,3,1,2,0,nochange_ori,z,1,testing
10,wjc,m,18,index,True,431689,432570,/,0.7,0.7,4.2,4.2,2,0,3,1,change_ori,/,1,testing
10,wjc,m,18,index,True,437233,437833,/,1.2,1.2,0.7,0.7,1,2,0,3,change_col,/,3,testing
10,wjc,m,18,index,True,442459,442952,/,4.2,1.2,4.2,1.2,1,3,0,2,change_col,/,0,testing
10,wjc,m,18,index,True,447701,448409,z,2.2,4.2,2.2,4.2,3,2,1,0,nochange_col,z,1,testing
10,wjc,m,18,index,True,453078,453657,/,0.7,4.2,4.2,0.7,1,3,0,2,nochange_ori,z,1,testing
10,wjc,m,18,index,True,458421,459577,z,1.2,1.2,0.7,0.7,0,1,2,3,nochange_col,z,0,testing
10,wjc,m,18,index,True,464198,465704,z,2.2,0.7,0.7,2.2,2,3,0,1,nochange_col,z,1,testing
10,wjc,m,18,index,True,470444,471273,/,4.2,4.2,2.2,2.2,3,2,1,0,change_col,/,3,testing
10,wjc,m,18,index,True,476037,477769,/,0.7,2.2,2.2,0.7,2,1,3,0,change_ori,/,2,testing
10,wjc,m,18,index,True,482349,483401,z,2.2,1.2,1.2,2.2,2,1,0,3,change_ori,/,3,testing
10,wjc,m,18,index,True,488076,489065,/,2.2,2.2,4.2,4.2,0,2,3,1,change_ori,/,2,testing
10,wjc,m,18,index,True,493753,494456,z,2.2,0.7,2.2,0.7,3,0,1,2,nochange_col,z,2,testing
10,wjc,m,18,index,True,499030,499657,/,1.2,1.2,2.2,2.2,3,2,1,0,change_col,/,3,testing
10,wjc,m,18,index,True,504256,505001,/,2.2,2.2,1.2,1.2,1,3,2,0,change_ori,/,1,testing
10,wjc,m,18,index,True,509665,511448,z,1.2,1.2,4.2,4.2,1,3,2,0,change_ori,/,3,testing
10,wjc,m,18,index,True,516111,516825,z,0.7,4.2,0.7,4.2,2,1,0,3,nochange_ori,z,2,testing
10,wjc,m,18,index,True,521554,522616,z,4.2,4.2,0.7,0.7,0,3,1,2,nochange_ori,z,1,testing
10,wjc,m,18,index,True,527298,527897,/,2.2,2.2,0.7,0.7,1,3,0,2,change_col,/,2,testing
10,wjc,m,18,index,True,532591,533081,/,0.7,1.2,1.2,0.7,2,0,1,3,change_col,/,0,testing
10,wjc,m,18,index,True,537801,539609,z,0.7,0.7,1.2,1.2,0,2,3,1,nochange_ori,z,3,testing
10,wjc,m,18,index,True,544280,546120,/,0.7,1.2,0.7,1.2,2,1,0,3,change_ori,/,0,testing
10,wjc,m,18,index,True,550758,551401,z,2.2,2.2,1.2,1.2,2,0,3,1,nochange_col,z,1,testing
10,wjc,m,18,index,True,556034,557193,/,1.2,0.7,0.7,1.2,2,1,0,3,change_col,/,1,testing
10,wjc,m,18,index,True,561878,562425,/,2.2,2.2,4.2,4.2,1,0,3,2,nochange_ori,z,3,testing
10,wjc,m,18,index,True,567038,567673,z,0.7,1.2,0.7,1.2,0,2,3,1,nochange_col,z,0,testing
10,wjc,m,18,index,True,572448,573193,z,1.2,0.7,0.7,1.2,0,2,1,3,nochange_col,z,2,testing
10,wjc,m,18,index,True,577808,578553,z,1.2,2.2,2.2,1.2,0,2,3,1,nochange_col,z,3,testing
10,wjc,m,18,index,True,583218,584153,z,4.2,4.2,2.2,2.2,2,0,3,1,change_col,/,3,testing
10,wjc,m,18,index,True,588761,589257,/,4.2,1.2,4.2,1.2,0,1,3,2,nochange_ori,z,2,testing
10,wjc,m,18,index,True,593854,594857,z,0.7,4.2,4.2,0.7,1,3,2,0,nochange_ori,z,0,testing
10,wjc,m,18,index,True,599497,601977,z,2.2,2.2,1.2,1.2,1,0,2,3,nochange_col,z,1,testing
10,wjc,m,18,index,True,606728,607737,/,0.7,1.2,0.7,1.2,2,1,3,0,nochange_ori,z,2,testing
10,wjc,m,18,index,True,612489,613240,z,0.7,2.2,2.2,0.7,0,1,3,2,change_ori,/,3,testing
10,wjc,m,18,index,True,617914,619081,z,2.2,2.2,4.2,4.2,3,0,1,2,nochange_ori,z,2,testing
10,wjc,m,18,index,True,623708,624616,z,0.7,1.2,1.2,0.7,0,1,2,3,nochange_col,z,2,testing
10,wjc,m,18,index,True,629353,629977,/,0.7,0.7,4.2,4.2,2,1,0,3,change_ori,/,1,testing
10,wjc,m,18,index,True,634613,635448,z,4.2,0.7,0.7,4.2,0,2,3,1,nochange_col,z,2,testing
10,wjc,m,18,index,True,661311,662889,z,2.2,4.2,4.2,2.2,1,2,3,0,nochange_ori,z,2,testing
10,wjc,m,18,index,True,667640,669721,z,0.7,2.2,0.7,2.2,0,3,2,1,nochange_col,z,0,testing
10,wjc,m,18,index,True,674352,674921,z,0.7,1.2,0.7,1.2,1,0,3,2,nochange_col,z,0,testing
10,wjc,m,18,index,True,679612,680425,z,0.7,0.7,2.2,2.2,2,3,0,1,nochange_col,z,0,testing
10,wjc,m,18,index,True,685138,686952,z,0.7,2.2,0.7,2.2,0,2,1,3,change_ori,/,0,testing
10,wjc,m,18,index,True,691616,692249,z,1.2,1.2,4.2,4.2,3,1,0,2,change_ori,/,0,testing
10,wjc,m,18,index,True,696910,697448,z,4.2,4.2,0.7,0.7,2,3,1,0,nochange_ori,z,2,testing
10,wjc,m,18,index,True,702070,702921,/,4.2,1.2,1.2,4.2,3,0,1,2,change_ori,/,1,testing
10,wjc,m,18,index,True,707530,710809,z,0.7,2.2,0.7,2.2,0,2,3,1,nochange_ori,z,2,testing
10,wjc,m,18,index,True,715561,716633,/,2.2,2.2,0.7,0.7,0,1,2,3,change_ori,/,1,testing
10,wjc,m,18,index,True,721288,722521,z,1.2,4.2,4.2,1.2,1,3,0,2,change_ori,/,1,testing
10,wjc,m,18,index,True,727165,727513,/,1.2,1.2,0.7,0.7,2,3,1,0,change_ori,/,0,testing
10,wjc,m,18,index,True,732208,732841,z,1.2,2.2,2.2,1.2,1,0,3,2,nochange_col,z,1,testing
10,wjc,m,18,index,True,737551,738712,/,0.7,2.2,2.2,0.7,2,0,1,3,change_col,/,1,testing
10,wjc,m,18,index,True,743396,744025,z,1.2,2.2,2.2,1.2,0,3,2,1,nochange_col,z,2,testing
10,wjc,m,18,index,True,748772,752153,z,2.2,1.2,1.2,2.2,1,3,0,2,nochange_ori,z,1,testing
10,wjc,m,18,index,True,756821,757544,z,0.7,4.2,4.2,0.7,3,0,2,1,nochange_col,z,0,testing
10,wjc,m,18,index,True,762147,762841,z,2.2,2.2,0.7,0.7,1,2,0,3,change_col,/,0,testing
10,wjc,m,18,index,True,767506,768120,/,1.2,1.2,0.7,0.7,1,0,3,2,nochange_ori,z,1,testing
10,wjc,m,18,index,True,772850,773912,z,4.2,4.2,1.2,1.2,2,3,1,0,nochange_ori,z,0,testing
10,wjc,m,18,index,True,778576,779721,/,4.2,4.2,1.2,1.2,2,1,0,3,change_ori,/,3,testing
10,wjc,m,18,index,True,784287,785017,z,0.7,4.2,4.2,0.7,1,2,3,0,nochange_col,z,1,testing
10,wjc,m,18,index,True,789630,790345,z,4.2,0.7,0.7,4.2,0,2,1,3,nochange_col,z,2,testing
10,wjc,m,18,index,True,795073,795672,z,2.2,1.2,2.2,1.2,1,2,3,0,nochange_col,z,0,testing
10,wjc,m,18,index,True,800384,800985,z,4.2,2.2,2.2,4.2,1,2,0,3,nochange_col,z,2,testing
10,wjc,m,18,index,True,805560,806136,z,1.2,4.2,4.2,1.2,1,3,0,2,change_col,/,1,testing
10,wjc,m,18,index,True,810770,811592,/,4.2,4.2,2.2,2.2,0,3,1,2,change_ori,/,0,testing
10,wjc,m,18,index,True,816329,817065,/,4.2,4.2,0.7,0.7,0,2,3,1,change_ori,/,0,testing
10,wjc,m,18,index,True,821690,822985,/,1.2,0.7,1.2,0.7,3,2,0,1,change_col,/,2,testing
10,wjc,m,18,index,True,827600,828792,/,0.7,0.7,2.2,2.2,3,0,2,1,change_ori,/,1,testing
10,wjc,m,18,index,True,833461,834681,/,2.2,1.2,1.2,2.2,0,2,1,3,nochange_col,z,1,testing
10,wjc,m,18,index,True,839272,839832,/,2.2,0.7,2.2,0.7,0,3,1,2,change_col,/,0,testing
10,wjc,m,18,index,True,844581,845448,z,1.2,0.7,0.7,1.2,1,0,3,2,change_ori,/,2,testing
10,wjc,m,18,index,True,850109,850872,/,0.7,2.2,0.7,2.2,0,2,1,3,nochange_ori,z,3,testing
10,wjc,m,18,index,True,855602,856840,z,0.7,2.2,2.2,0.7,0,3,2,1,nochange_col,z,3,testing
10,wjc,m,18,index,True,861546,862760,/,1.2,0.7,0.7,1.2,2,3,0,1,change_col,/,1,testing
10,wjc,m,18,index,True,867373,868233,z,4.2,4.2,2.2,2.2,0,2,1,3,nochange_ori,z,3,testing
10,wjc,m,18,index,True,872850,873385,/,2.2,4.2,2.2,4.2,1,3,2,0,change_col,/,0,testing
10,wjc,m,18,index,True,878093,878857,z,4.2,1.2,4.2,1.2,1,0,2,3,nochange_ori,z,3,testing
10,wjc,m,18,index,True,883487,883912,/,4.2,4.2,0.7,0.7,2,1,3,0,change_col,/,0,testing
10,wjc,m,18,index,True,888662,890057,/,1.2,1.2,2.2,2.2,2,0,1,3,change_ori,/,1,testing
10,wjc,m,18,index,True,894807,895945,z,0.7,0.7,4.2,4.2,2,3,1,0,nochange_ori,z,0,testing
10,wjc,m,18,index,True,900685,901384,/,0.7,0.7,1.2,1.2,0,1,3,2,change_col,/,0,testing
10,wjc,m,18,index,True,905961,906760,/,0.7,1.2,1.2,0.7,0,2,1,3,change_col,/,1,testing
10,wjc,m,18,index,True,911454,912168,z,0.7,1.2,0.7,1.2,1,0,3,2,nochange_col,z,2,testing
10,wjc,m,18,index,True,916848,917737,z,2.2,2.2,0.7,0.7,3,2,0,1,nochange_ori,z,2,testing
10,wjc,m,18,index,True,922425,923145,z,2.2,1.2,1.2,2.2,3,0,1,2,nochange_col,z,2,testing
10,wjc,m,18,index,True,927868,928744,/,4.2,0.7,4.2,0.7,2,3,0,1,change_col,/,3,testing
10,wjc,m,18,index,True,933495,934296,/,0.7,0.7,1.2,1.2,0,2,3,1,change_col,/,3,testing
10,wjc,m,18,index,True,938921,939800,z,2.2,0.7,2.2,0.7,2,1,3,0,nochange_col,z,1,testing
10,wjc,m,18,index,True,944532,945609,z,4.2,0.7,4.2,0.7,1,0,3,2,nochange_col,z,2,testing
10,wjc,m,18,index,True,950325,951800,z,0.7,4.2,4.2,0.7,2,3,0,1,nochange_ori,z,2,testing
10,wjc,m,18,index,True,956370,957080,z,0.7,0.7,4.2,4.2,1,2,3,0,nochange_col,z,2,testing
10,wjc,m,18,index,True,961814,962616,/,2.2,0.7,0.7,2.2,0,3,2,1,change_ori,/,2,testing
10,wjc,m,18,index,True,967257,968952,z,1.2,1.2,2.2,2.2,1,3,0,2,nochange_ori,z,1,testing
10,wjc,m,18,index,True,973618,974824,/,1.2,4.2,4.2,1.2,0,3,2,1,nochange_ori,z,3,testing
10,wjc,m,18,index,True,979480,980504,/,0.7,2.2,0.7,2.2,3,0,1,2,change_ori,/,0,testing
10,wjc,m,18,index,True,985224,986136,z,2.2,0.7,0.7,2.2,1,3,0,2,nochange_ori,z,0,testing
10,wjc,m,18,index,True,990750,991848,/,4.2,1.2,4.2,1.2,2,1,0,3,change_ori,/,2,testing
10,wjc,m,18,index,True,996494,998664,/,4.2,1.2,1.2,4.2,3,2,0,1,change_ori,/,1,testing
10,wjc,m,18,index,True,1003307,1004936,/,4.2,2.2,2.2,4.2,3,2,0,1,change_col,/,3,testing
10,wjc,m,18,index,True,1009668,1010407,/,2.2,1.2,2.2,1.2,1,2,3,0,change_col,/,1,testing
10,wjc,m,18,index,True,1015078,1016984,/,1.2,2.2,1.2,2.2,0,3,2,1,change_ori,/,2,testing
10,wjc,m,18,index,True,1021573,1025176,z,1.2,1.2,4.2,4.2,3,2,1,0,nochange_ori,z,3,testing
10,wjc,m,18,index,True,1029788,1030424,/,2.2,2.2,0.7,0.7,2,1,0,3,change_col,/,0,testing
10,wjc,m,18,index,True,1035015,1036600,/,2.2,0.7,0.7,2.2,2,0,3,1,change_col,/,3,testing
10,wjc,m,18,index,True,1041243,1042025,/,2.2,0.7,0.7,2.2,0,1,3,2,change_ori,/,3,testing
10,wjc,m,18,index,True,1046687,1048025,z,0.7,2.2,2.2,0.7,3,0,2,1,change_col,/,3,testing
10,wjc,m,18,index,True,1052631,1053817,z,0.7,4.2,4.2,0.7,0,2,3,1,nochange_ori,z,1,testing
10,wjc,m,18,index,True,1058574,1060056,/,2.2,0.7,2.2,0.7,2,1,0,3,change_col,/,0,testing
10,wjc,m,18,index,True,1064786,1066216,z,4.2,0.7,4.2,0.7,3,1,0,2,nochange_ori,z,0,testing
10,wjc,m,18,index,True,1070814,1071401,/,4.2,4.2,0.7,0.7,3,1,0,2,change_col,/,3,testing
10,wjc,m,18,index,True,1076107,1076872,z,0.7,4.2,0.7,4.2,2,3,0,1,nochange_col,z,0,testing
10,wjc,m,18,index,True,1081601,1082632,z,0.7,0.7,2.2,2.2,2,1,0,3,nochange_col,z,1,testing
10,wjc,m,18,index,True,1087278,1088073,z,2.2,2.2,4.2,4.2,0,1,3,2,nochange_col,z,1,testing
10,wjc,m,18,index,True,1092787,1093544,z,0.7,0.7,4.2,4.2,2,0,3,1,nochange_ori,z,3,testing
10,wjc,m,18,index,True,1098131,1098760,/,0.7,2.2,0.7,2.2,0,3,2,1,change_col,/,1,testing
10,wjc,m,18,index,True,1103525,1105928,z,0.7,2.2,0.7,2.2,2,3,0,1,nochange_ori,z,2,testing
10,wjc,m,18,index,True,1110571,1111160,/,1.2,1.2,4.2,4.2,2,0,3,1,change_ori,/,3,testing
10,wjc,m,18,index,True,1115864,1117159,/,2.2,1.2,1.2,2.2,1,3,0,2,change_ori,/,0,testing
