subj,name,gender,age,cond,P_resp,P_startTime,P_respTime,P_gotKey,sf1,sf2,sf3,sf4,ord_1,ord_2,ord_3,ord_4,task,correct_key,no_change,mode
11,tet,f,20,noindex,True,233429,234395,/,0.7,2.2,1.2,4.2,2,0,1,3,change_col,/,1,practice
11,tet,f,20,noindex,True,239157,240155,/,1.2,0.7,4.2,2.2,2,0,1,3,change_col,/,2,practice
11,tet,f,20,noindex,True,244751,245819,/,2.2,4.2,0.7,1.2,0,2,1,3,nochange_ori,z,2,practice
11,tet,f,20,noindex,True,250462,252059,/,0.7,4.2,1.2,2.2,1,3,0,2,change_ori,/,3,practice
11,tet,f,20,noindex,True,256722,259611,z,0.7,4.2,2.2,1.2,3,1,0,2,nochange_col,z,3,practice
11,tet,f,20,noindex,True,264370,265899,z,1.2,4.2,2.2,0.7,2,1,0,3,nochange_ori,z,1,practice
11,tet,f,20,noindex,True,270514,272539,z,1.2,2.2,4.2,0.7,2,1,3,0,change_ori,/,0,practice
11,tet,f,20,noindex,True,277177,278123,/,2.2,1.2,0.7,4.2,0,1,3,2,change_col,/,0,practice
11,tet,f,20,noindex,True,282754,283419,/,1.2,0.7,4.2,2.2,1,3,0,2,change_col,/,3,practice
11,tet,f,20,noindex,True,288131,289274,/,4.2,2.2,0.7,1.2,0,2,3,1,change_col,/,2,practice
11,tet,f,20,noindex,True,293974,295178,z,4.2,2.2,1.2,0.7,3,1,0,2,nochange_col,z,0,practice
11,tet,f,20,noindex,True,299852,301386,z,0.7,4.2,1.2,2.2,2,1,0,3,nochange_col,z,1,practice
11,tet,f,20,noindex,True,305997,306811,/,2.2,0.7,4.2,1.2,1,0,2,3,change_ori,/,1,practice
11,tet,f,20,noindex,True,311390,312299,/,4.2,2.2,1.2,0.7,0,2,3,1,nochange_ori,z,2,practice
11,tet,f,20,noindex,True,317000,317819,/,2.2,1.2,0.7,4.2,1,2,0,3,change_ori,/,3,practice
11,tet,f,20,noindex,True,322461,323451,/,1.2,4.2,0.7,2.2,3,1,2,0,nochange_ori,z,2,practice
11,tet,f,20,noindex,True,328171,329467,z,0.7,1.2,2.2,4.2,2,3,0,1,nochange_col,z,3,practice
11,tet,f,20,noindex,True,334216,335115,/,2.2,1.2,4.2,0.7,2,3,1,0,nochange_ori,z,3,practice
11,tet,f,20,noindex,True,339759,341147,/,2.2,4.2,0.7,1.2,3,1,0,2,change_ori,/,3,practice
11,tet,f,20,noindex,True,345753,346683,/,0.7,1.2,2.2,4.2,1,2,3,0,nochange_col,z,2,practice
11,tet,f,20,noindex,True,387831,390507,z,1.2,4.2,2.2,0.7,1,0,2,3,nochange_col,z,3,testing
11,tet,f,20,noindex,True,395194,396283,/,4.2,0.7,2.2,1.2,2,1,0,3,change_ori,/,2,testing
11,tet,f,20,noindex,True,400887,401707,z,4.2,1.2,0.7,2.2,2,3,1,0,nochange_col,z,0,testing
11,tet,f,20,noindex,True,406465,408715,/,2.2,1.2,4.2,0.7,0,2,1,3,change_ori,/,2,testing
11,tet,f,20,noindex,True,413361,414810,/,1.2,0.7,2.2,4.2,2,0,3,1,change_ori,/,0,testing
11,tet,f,20,noindex,True,419472,420650,/,0.7,2.2,1.2,4.2,2,1,3,0,nochange_ori,z,2,testing
11,tet,f,20,noindex,True,425232,426186,z,1.2,2.2,4.2,0.7,1,0,3,2,nochange_col,z,2,testing
11,tet,f,20,noindex,True,430793,431690,/,0.7,4.2,2.2,1.2,0,1,2,3,nochange_ori,z,0,testing
11,tet,f,20,noindex,True,436353,437738,/,2.2,4.2,0.7,1.2,0,1,3,2,change_ori,/,3,testing
11,tet,f,20,noindex,True,442381,443115,/,2.2,0.7,4.2,1.2,3,2,1,0,change_col,/,2,testing
11,tet,f,20,noindex,True,447791,448442,/,4.2,2.2,1.2,0.7,3,1,2,0,nochange_ori,z,1,testing
11,tet,f,20,noindex,True,453201,453883,/,0.7,4.2,2.2,1.2,2,3,1,0,change_col,/,3,testing
11,tet,f,20,noindex,True,458594,460075,z,4.2,0.7,1.2,2.2,3,0,1,2,nochange_ori,z,3,testing
11,tet,f,20,noindex,True,464756,465930,/,1.2,0.7,4.2,2.2,0,2,3,1,change_col,/,0,testing
11,tet,f,20,noindex,True,470666,471482,z,1.2,4.2,2.2,0.7,3,1,2,0,nochange_col,z,2,testing
11,tet,f,20,noindex,True,476109,476907,/,2.2,4.2,1.2,0.7,1,2,0,3,nochange_ori,z,2,testing
11,tet,f,20,noindex,True,481469,482970,z,0.7,4.2,2.2,1.2,2,1,0,3,nochange_col,z,3,testing
11,tet,f,20,noindex,True,487597,488363,/,0.7,1.2,2.2,4.2,1,3,0,2,change_col,/,0,testing
11,tet,f,20,noindex,True,492957,493675,/,0.7,4.2,1.2,2.2,0,3,2,1,change_col,/,2,testing
11,tet,f,20,noindex,True,498317,499530,z,4.2,1.2,0.7,2.2,1,0,3,2,nochange_ori,z,2,testing
11,tet,f,20,noindex,True,504177,505403,/,1.2,2.2,4.2,0.7,0,1,3,2,nochange_ori,z,2,testing
11,tet,f,20,noindex,True,510155,511259,/,1.2,0.7,2.2,4.2,2,0,1,3,change_ori,/,1,testing
11,tet,f,20,noindex,True,515866,517034,z,0.7,2.2,4.2,1.2,1,0,2,3,nochange_col,z,3,testing
11,tet,f,20,noindex,True,521810,522474,/,2.2,1.2,0.7,4.2,0,3,2,1,change_ori,/,2,testing
11,tet,f,20,noindex,True,527170,529562,z,0.7,1.2,2.2,4.2,0,3,1,2,nochange_col,z,1,testing
11,tet,f,20,noindex,True,534166,534955,/,0.7,2.2,1.2,4.2,2,0,3,1,change_col,/,1,testing
11,tet,f,20,noindex,True,539576,540570,/,4.2,0.7,2.2,1.2,3,0,1,2,change_ori,/,1,testing
11,tet,f,20,noindex,True,545303,546203,z,4.2,1.2,0.7,2.2,2,1,0,3,nochange_col,z,2,testing
11,tet,f,20,noindex,True,550813,551722,/,1.2,0.7,2.2,4.2,2,0,3,1,change_ori,/,0,testing
11,tet,f,20,noindex,True,556341,557163,z,4.2,1.2,0.7,2.2,1,2,0,3,nochange_ori,z,3,testing
11,tet,f,20,noindex,True,561867,562570,/,1.2,4.2,0.7,2.2,1,2,0,3,nochange_ori,z,0,testing
11,tet,f,20,noindex,True,567277,568058,/,0.7,4.2,1.2,2.2,2,0,3,1,change_ori,/,0,testing
11,tet,f,20,noindex,True,572620,574345,z,0.7,2.2,1.2,4.2,1,3,0,2,nochange_col,z,0,testing
11,tet,f,20,noindex,True,579065,580043,/,2.2,4.2,1.2,0.7,3,0,2,1,change_ori,/,0,testing
11,tet,f,20,noindex,True,584725,585674,/,4.2,0.7,1.2,2.2,0,1,3,2,change_ori,/,3,testing
11,tet,f,20,noindex,True,590436,591163,z,4.2,0.7,2.2,1.2,0,3,1,2,nochange_col,z,0,testing
11,tet,f,20,noindex,True,595729,596843,/,1.2,0.7,2.2,4.2,1,0,3,2,change_col,/,2,testing
11,tet,f,20,noindex,True,601457,602474,z,0.7,1.2,2.2,4.2,1,3,0,2,nochange_ori,z,3,testing
11,tet,f,20,noindex,True,607084,607722,/,4.2,1.2,0.7,2.2,1,3,0,2,change_col,/,1,testing
11,tet,f,20,noindex,True,612393,613339,z,0.7,4.2,1.2,2.2,1,2,3,0,nochange_col,z,3,testing
11,tet,f,20,noindex,True,618053,618843,/,2.2,4.2,1.2,0.7,2,0,3,1,change_ori,/,0,testing
11,tet,f,20,noindex,True,623597,624154,/,2.2,1.2,4.2,0.7,3,1,2,0,change_col,/,1,testing
11,tet,f,20,noindex,True,628790,629482,/,1.2,0.7,4.2,2.2,1,2,3,0,change_col,/,0,testing
11,tet,f,20,noindex,True,634200,634874,/,0.7,4.2,1.2,2.2,1,0,2,3,change_col,/,3,testing
11,tet,f,20,noindex,True,639643,640313,z,1.2,4.2,0.7,2.2,3,0,1,2,nochange_col,z,1,testing
11,tet,f,20,noindex,True,645053,645675,/,0.7,1.2,2.2,4.2,0,3,2,1,change_col,/,2,testing
11,tet,f,20,noindex,True,650297,650858,/,0.7,2.2,4.2,1.2,1,2,0,3,change_col,/,0,testing
11,tet,f,20,noindex,True,655573,656762,/,2.2,4.2,0.7,1.2,1,2,0,3,nochange_ori,z,0,testing
11,tet,f,20,noindex,True,661333,662570,/,0.7,2.2,4.2,1.2,2,3,0,1,nochange_ori,z,1,testing
11,tet,f,20,noindex,True,667295,668074,/,2.2,4.2,0.7,1.2,2,3,1,0,change_ori,/,0,testing
11,tet,f,20,noindex,True,672637,673690,z,1.2,2.2,4.2,0.7,0,2,1,3,change_ori,/,2,testing
11,tet,f,20,noindex,True,678415,679514,/,1.2,2.2,4.2,0.7,2,3,1,0,change_col,/,1,testing
11,tet,f,20,noindex,True,684125,684682,/,4.2,0.7,1.2,2.2,1,2,3,0,change_col,/,0,testing
11,tet,f,20,noindex,True,689268,692010,z,1.2,2.2,4.2,0.7,0,3,2,1,nochange_ori,z,0,testing
11,tet,f,20,noindex,True,696731,698106,z,0.7,2.2,1.2,4.2,2,1,0,3,nochange_ori,z,0,testing
11,tet,f,20,noindex,True,702692,703402,/,2.2,4.2,1.2,0.7,3,1,2,0,change_col,/,3,testing
11,tet,f,20,noindex,True,708003,708826,z,4.2,0.7,2.2,1.2,2,1,0,3,nochange_col,z,2,testing
11,tet,f,20,noindex,True,713512,714442,/,2.2,0.7,4.2,1.2,2,3,0,1,change_ori,/,1,testing
11,tet,f,20,noindex,True,719022,719722,z,4.2,1.2,2.2,0.7,3,1,2,0,nochange_col,z,0,testing
11,tet,f,20,noindex,True,724399,726922,z,1.2,4.2,0.7,2.2,2,3,0,1,nochange_col,z,1,testing
11,tet,f,20,noindex,True,731612,732874,/,1.2,0.7,2.2,4.2,2,0,1,3,change_ori,/,1,testing
11,tet,f,20,noindex,True,737556,738858,/,0.7,2.2,4.2,1.2,0,1,3,2,nochange_ori,z,0,testing
11,tet,f,20,noindex,True,743585,744715,/,4.2,0.7,2.2,1.2,2,0,3,1,change_ori,/,0,testing
11,tet,f,20,noindex,True,749311,751242,/,2.2,0.7,1.2,4.2,3,1,0,2,change_ori,/,2,testing
11,tet,f,20,noindex,True,755807,756970,/,2.2,1.2,4.2,0.7,0,3,1,2,change_col,/,3,testing
11,tet,f,20,noindex,True,761668,762810,z,1.2,0.7,2.2,4.2,1,2,0,3,nochange_ori,z,1,testing
11,tet,f,20,noindex,True,767562,769514,z,2.2,1.2,4.2,0.7,0,3,1,2,nochange_ori,z,2,testing
11,tet,f,20,noindex,True,774174,774889,z,0.7,1.2,4.2,2.2,3,2,1,0,nochange_col,z,2,testing
11,tet,f,20,noindex,True,779468,780362,z,2.2,0.7,4.2,1.2,2,1,0,3,change_col,/,3,testing
11,tet,f,20,noindex,True,784927,785626,z,0.7,1.2,4.2,2.2,3,1,2,0,nochange_col,z,0,testing
11,tet,f,20,noindex,True,790254,791802,z,1.2,4.2,0.7,2.2,2,1,0,3,nochange_col,z,3,testing
11,tet,f,20,noindex,True,796482,798186,z,4.2,2.2,0.7,1.2,3,2,1,0,nochange_ori,z,3,testing
11,tet,f,20,noindex,True,802827,803690,z,0.7,2.2,1.2,4.2,3,0,1,2,change_ori,/,3,testing
11,tet,f,20,noindex,True,808303,809242,/,0.7,2.2,1.2,4.2,2,0,1,3,change_col,/,3,testing
11,tet,f,20,noindex,True,813980,814698,z,0.7,4.2,1.2,2.2,1,0,2,3,nochange_ori,z,2,testing
11,tet,f,20,noindex,True,819424,820314,z,0.7,1.2,4.2,2.2,1,3,0,2,nochange_col,z,3,testing
11,tet,f,20,noindex,True,825034,825834,z,4.2,0.7,2.2,1.2,1,2,3,0,nochange_col,z,0,testing
11,tet,f,20,noindex,True,830545,831338,/,2.2,4.2,1.2,0.7,0,1,3,2,change_col,/,0,testing
11,tet,f,20,noindex,True,835971,837226,/,1.2,4.2,2.2,0.7,3,1,2,0,nochange_ori,z,1,testing
11,tet,f,20,noindex,True,841815,843258,/,2.2,0.7,4.2,1.2,0,2,1,3,change_ori,/,1,testing
11,tet,f,20,noindex,True,903896,904634,/,1.2,4.2,0.7,2.2,2,0,1,3,change_col,/,1,testing
11,tet,f,20,noindex,True,909289,910250,/,0.7,4.2,2.2,1.2,2,1,3,0,change_ori,/,3,testing
11,tet,f,20,noindex,True,914983,915721,z,0.7,4.2,2.2,1.2,0,1,3,2,nochange_col,z,2,testing
11,tet,f,20,noindex,True,920460,922682,/,2.2,4.2,1.2,0.7,0,3,1,2,nochange_ori,z,2,testing
11,tet,f,20,noindex,True,927355,928410,/,2.2,1.2,0.7,4.2,3,2,1,0,change_col,/,1,testing
11,tet,f,20,noindex,True,933066,933721,/,1.2,0.7,4.2,2.2,1,2,0,3,change_col,/,0,testing
11,tet,f,20,noindex,True,938326,939418,/,1.2,4.2,2.2,0.7,1,2,0,3,nochange_col,z,1,testing
11,tet,f,20,noindex,True,944087,945546,z,2.2,0.7,4.2,1.2,3,0,2,1,nochange_ori,z,3,testing
11,tet,f,20,noindex,True,950298,951370,z,0.7,1.2,4.2,2.2,2,1,0,3,nochange_ori,z,1,testing
11,tet,f,20,noindex,True,956009,956698,z,4.2,2.2,1.2,0.7,1,3,2,0,nochange_col,z,1,testing
11,tet,f,20,noindex,True,961368,962042,/,4.2,1.2,2.2,0.7,2,0,3,1,change_col,/,1,testing
11,tet,f,20,noindex,True,966712,967642,/,4.2,1.2,0.7,2.2,1,2,0,3,change_ori,/,0,testing
11,tet,f,20,noindex,True,972388,973209,/,0.7,2.2,1.2,4.2,1,2,3,0,change_ori,/,3,testing
11,tet,f,20,noindex,True,977915,978698,/,4.2,2.2,1.2,0.7,0,2,1,3,change_col,/,1,testing
11,tet,f,20,noindex,True,983292,984490,z,4.2,1.2,0.7,2.2,1,0,3,2,nochange_ori,z,2,testing
11,tet,f,20,noindex,True,989102,990010,/,1.2,2.2,4.2,0.7,0,2,1,3,change_col,/,0,testing
11,tet,f,20,noindex,True,994762,998330,/,0.7,2.2,1.2,4.2,3,0,1,2,change_ori,/,2,testing
11,tet,f,20,noindex,True,1002911,1004010,/,4.2,1.2,2.2,0.7,0,3,2,1,change_col,/,0,testing
11,tet,f,20,noindex,True,1008672,1010122,z,1.2,2.2,0.7,4.2,0,2,3,1,change_ori,/,1,testing
11,tet,f,20,noindex,True,1014884,1016042,z,1.2,0.7,2.2,4.2,0,1,2,3,nochange_col,z,1,testing
11,tet,f,20,noindex,True,1020644,1021818,/,2.2,1.2,0.7,4.2,0,3,2,1,change_ori,/,1,testing
11,tet,f,20,noindex,True,1026571,1027482,/,1.2,2.2,0.7,4.2,1,2,0,3,change_col,/,3,testing
11,tet,f,20,noindex,True,1032148,1033097,/,4.2,0.7,2.2,1.2,0,3,2,1,change_ori,/,2,testing
11,tet,f,20,noindex,True,1037808,1038794,/,2.2,0.7,4.2,1.2,1,2,3,0,change_ori,/,3,testing
11,tet,f,20,noindex,True,1043453,1045674,z,4.2,0.7,2.2,1.2,0,3,1,2,nochange_ori,z,0,testing
11,tet,f,20,noindex,True,1050365,1051962,/,1.2,0.7,4.2,2.2,0,3,1,2,change_ori,/,3,testing
11,tet,f,20,noindex,True,1056677,1058681,z,0.7,1.2,2.2,4.2,2,1,3,0,nochange_ori,z,2,testing
11,tet,f,20,noindex,True,1063322,1063929,/,1.2,4.2,0.7,2.2,1,3,0,2,change_col,/,2,testing
11,tet,f,20,noindex,True,1068632,1069305,z,1.2,4.2,0.7,2.2,2,1,3,0,nochange_col,z,0,testing
11,tet,f,20,noindex,True,1073908,1075050,z,1.2,4.2,2.2,0.7,2,3,0,1,nochange_ori,z,0,testing
11,tet,f,20,noindex,True,1079802,1081689,/,0.7,1.2,4.2,2.2,1,3,2,0,change_ori,/,0,testing
11,tet,f,20,noindex,True,1086398,1086985,z,2.2,4.2,1.2,0.7,0,3,1,2,nochange_col,z,2,testing
11,tet,f,20,noindex,True,1091574,1092154,/,4.2,0.7,1.2,2.2,1,3,2,0,change_col,/,3,testing
11,tet,f,20,noindex,True,1096767,1097561,/,0.7,2.2,1.2,4.2,0,3,1,2,nochange_col,z,0,testing
11,tet,f,20,noindex,True,1102244,1103177,z,4.2,2.2,0.7,1.2,1,2,0,3,nochange_col,z,3,testing
11,tet,f,20,noindex,True,1107770,1108538,/,0.7,2.2,4.2,1.2,1,3,0,2,change_col,/,0,testing
11,tet,f,20,noindex,True,1113164,1113834,/,1.2,0.7,2.2,4.2,0,3,1,2,change_col,/,0,testing
11,tet,f,20,noindex,True,1118407,1118937,z,0.7,2.2,1.2,4.2,3,2,1,0,nochange_col,z,0,testing
11,tet,f,20,noindex,True,1123533,1124666,/,0.7,1.2,4.2,2.2,2,3,0,1,change_ori,/,3,testing
11,tet,f,20,noindex,True,1129294,1130074,z,1.2,4.2,2.2,0.7,3,1,2,0,nochange_col,z,1,testing
11,tet,f,20,noindex,True,1134820,1136969,z,0.7,1.2,4.2,2.2,0,1,3,2,nochange_ori,z,3,testing
11,tet,f,20,noindex,True,1141599,1142217,z,2.2,1.2,0.7,4.2,0,2,1,3,nochange_col,z,2,testing
11,tet,f,20,noindex,True,1146943,1147417,z,4.2,0.7,2.2,1.2,2,1,3,0,nochange_col,z,0,testing
11,tet,f,20,noindex,True,1152152,1153002,/,1.2,2.2,4.2,0.7,1,3,0,2,change_ori,/,3,testing
11,tet,f,20,noindex,True,1157595,1158553,z,1.2,2.2,4.2,0.7,0,2,3,1,nochange_ori,z,0,testing
11,tet,f,20,noindex,True,1163272,1164313,z,1.2,0.7,2.2,4.2,3,2,0,1,nochange_col,z,0,testing
11,tet,f,20,noindex,True,1169067,1169802,/,2.2,4.2,0.7,1.2,1,0,3,2,change_ori,/,3,testing
11,tet,f,20,noindex,True,1174393,1175097,z,4.2,2.2,1.2,0.7,2,1,3,0,nochange_col,z,3,testing
11,tet,f,20,noindex,True,1179786,1180697,z,1.2,4.2,2.2,0.7,1,3,0,2,nochange_ori,z,3,testing
11,tet,f,20,noindex,True,1185414,1186761,/,0.7,2.2,4.2,1.2,1,2,3,0,change_ori,/,3,testing
11,tet,f,20,noindex,True,1191391,1193082,z,0.7,2.2,4.2,1.2,2,1,0,3,nochange_col,z,3,testing
11,tet,f,20,noindex,True,1197719,1199721,/,2.2,1.2,0.7,4.2,3,2,1,0,change_ori,/,0,testing
11,tet,f,20,noindex,True,1204365,1205177,z,1.2,2.2,4.2,0.7,3,0,2,1,nochange_col,z,2,testing
11,tet,f,20,noindex,True,1209775,1210313,z,2.2,4.2,0.7,1.2,3,1,2,0,nochange_col,z,1,testing
11,tet,f,20,noindex,True,1214885,1216794,/,2.2,1.2,0.7,4.2,1,2,0,3,change_ori,/,2,testing
11,tet,f,20,noindex,True,1221530,1222473,z,0.7,4.2,1.2,2.2,1,2,0,3,nochange_col,z,0,testing
11,tet,f,20,noindex,True,1227140,1227866,/,0.7,2.2,4.2,1.2,0,3,2,1,change_col,/,0,testing
11,tet,f,20,noindex,True,1232483,1233338,/,2.2,4.2,0.7,1.2,2,3,1,0,change_col,/,2,testing
11,tet,f,20,noindex,True,1238094,1238794,/,2.2,4.2,0.7,1.2,1,0,2,3,change_ori,/,2,testing
11,tet,f,20,noindex,True,1243386,1243882,z,1.2,0.7,4.2,2.2,1,0,2,3,nochange_ori,z,3,testing
11,tet,f,20,noindex,True,1248563,1250409,/,2.2,4.2,0.7,1.2,1,0,3,2,nochange_ori,z,2,testing
11,tet,f,20,noindex,True,1255092,1255865,/,0.7,2.2,1.2,4.2,2,3,0,1,change_col,/,0,testing
11,tet,f,20,noindex,True,1260618,1261962,z,1.2,0.7,4.2,2.2,2,0,3,1,nochange_col,z,1,testing
11,tet,f,20,noindex,True,1266696,1267289,z,4.2,0.7,1.2,2.2,0,1,3,2,nochange_ori,z,1,testing
11,tet,f,20,noindex,True,1271939,1272857,z,2.2,0.7,4.2,1.2,1,3,0,2,change_col,/,1,testing
11,tet,f,20,noindex,True,1277449,1278105,/,2.2,1.2,0.7,4.2,0,3,2,1,change_col,/,0,testing
11,tet,f,20,noindex,True,1282809,1283674,z,0.7,4.2,1.2,2.2,3,0,1,2,nochange_ori,z,0,testing
11,tet,f,20,noindex,True,1288369,1289210,/,1.2,4.2,2.2,0.7,2,1,0,3,change_ori,/,2,testing
11,tet,f,20,noindex,True,1293812,1294649,/,2.2,1.2,4.2,0.7,0,3,2,1,change_col,/,2,testing
11,tet,f,20,noindex,True,1299323,1300010,/,4.2,2.2,0.7,1.2,2,1,3,0,change_col,/,1,testing
11,tet,f,20,noindex,True,1304716,1305498,z,2.2,1.2,4.2,0.7,0,2,1,3,nochange_ori,z,1,testing
11,tet,f,20,noindex,True,1310177,1310649,z,1.2,4.2,2.2,0.7,0,3,1,2,nochange_col,z,2,testing
11,tet,f,20,noindex,True,1315319,1316569,z,1.2,4.2,2.2,0.7,0,1,2,3,nochange_ori,z,1,testing
11,tet,f,20,noindex,True,1321263,1321929,/,0.7,1.2,4.2,2.2,0,2,1,3,change_col,/,2,testing
11,tet,f,20,noindex,True,1326556,1327241,/,4.2,1.2,0.7,2.2,0,2,3,1,change_ori,/,1,testing
11,tet,f,20,noindex,True,1331899,1332969,z,2.2,4.2,0.7,1.2,0,1,3,2,nochange_ori,z,1,testing
11,tet,f,20,noindex,True,1337693,1338617,z,2.2,4.2,1.2,0.7,0,2,3,1,nochange_ori,z,3,testing
11,tet,f,20,noindex,True,1343337,1344841,/,0.7,4.2,2.2,1.2,2,1,0,3,change_ori,/,2,testing
11,tet,f,20,noindex,True,1349448,1350345,z,2.2,0.7,4.2,1.2,0,3,2,1,nochange_ori,z,2,testing
11,tet,f,20,noindex,True,1354992,1356105,/,0.7,2.2,1.2,4.2,1,0,3,2,nochange_ori,z,0,testing
