subj,name,gender,age,cond,P_resp,P_startTime,P_respTime,P_gotKey,sf1,sf2,sf3,sf4,ord_1,ord_2,ord_3,ord_4,task,correct_key,no_change,mode
11,tet,f,20,index,True,206855,207884,/,1.2,1.2,4.2,4.2,0,3,1,2,change_ori,/,0,practice
11,tet,f,20,index,True,212616,213468,z,1.2,0.7,0.7,1.2,0,2,1,3,nochange_col,z,0,practice
11,tet,f,20,index,True,218092,219052,/,1.2,1.2,4.2,4.2,3,0,2,1,change_ori,/,3,practice
11,tet,f,20,index,True,223703,224635,/,1.2,4.2,4.2,1.2,0,2,3,1,change_ori,/,3,practice
11,tet,f,20,index,True,229330,229884,/,1.2,1.2,4.2,4.2,1,2,0,3,change_col,/,3,practice
11,tet,f,20,index,True,234523,235196,z,1.2,1.2,4.2,4.2,1,2,0,3,nochange_ori,z,1,practice
11,tet,f,20,index,True,239832,240508,z,2.2,4.2,2.2,4.2,0,1,2,3,nochange_ori,z,3,practice
11,tet,f,20,index,True,245259,245964,/,0.7,4.2,4.2,0.7,1,0,3,2,change_col,/,3,practice
11,tet,f,20,index,True,250585,251724,z,0.7,2.2,2.2,0.7,0,1,2,3,nochange_ori,z,1,practice
11,tet,f,20,index,True,256397,257276,/,2.2,2.2,0.7,0.7,3,0,2,1,change_ori,/,3,practice
11,tet,f,20,index,True,261973,262636,z,4.2,4.2,1.2,1.2,3,2,0,1,nochange_col,z,3,practice
11,tet,f,20,index,True,267383,267964,/,0.7,2.2,0.7,2.2,3,1,0,2,change_col,/,2,practice
11,tet,f,20,index,True,272693,274028,/,2.2,1.2,1.2,2.2,2,0,3,1,nochange_col,z,1,practice
11,tet,f,20,index,True,278670,279548,z,4.2,1.2,4.2,1.2,0,2,3,1,change_col,/,3,practice
11,tet,f,20,index,True,284247,284876,/,0.7,4.2,4.2,0.7,0,1,2,3,change_ori,/,0,practice
11,tet,f,20,index,True,289624,290300,z,1.2,2.2,1.2,2.2,2,0,3,1,nochange_ori,z,3,practice
11,tet,f,20,index,True,295035,295804,z,4.2,0.7,0.7,4.2,3,2,0,1,nochange_ori,z,2,practice
11,tet,f,20,index,True,300394,301468,z,1.2,1.2,0.7,0.7,2,0,3,1,nochange_col,z,3,practice
11,tet,f,20,index,True,306138,307068,z,2.2,2.2,4.2,4.2,0,1,2,3,nochange_col,z,2,practice
11,tet,f,20,index,True,311732,312620,/,1.2,1.2,4.2,4.2,2,3,1,0,change_col,/,0,practice
11,tet,f,20,index,True,320213,320972,/,0.7,2.2,2.2,0.7,1,2,3,0,change_ori,/,0,testing
11,tet,f,20,index,True,325640,326428,z,0.7,4.2,4.2,0.7,2,0,3,1,nochange_ori,z,3,testing
11,tet,f,20,index,True,331034,332316,/,4.2,4.2,0.7,0.7,3,2,0,1,change_col,/,1,testing
11,tet,f,20,index,True,337011,337883,z,0.7,4.2,4.2,0.7,1,2,0,3,nochange_col,z,0,testing
11,tet,f,20,index,True,342621,345787,/,2.2,0.7,2.2,0.7,1,2,3,0,nochange_ori,z,0,testing
11,tet,f,20,index,True,350436,350940,/,1.2,1.2,4.2,4.2,1,0,3,2,change_col,/,0,testing
11,tet,f,20,index,True,355696,356524,/,2.2,1.2,1.2,2.2,2,1,0,3,change_ori,/,3,testing
11,tet,f,20,index,True,361156,362140,z,4.2,1.2,4.2,1.2,0,2,3,1,nochange_ori,z,0,testing
11,tet,f,20,index,True,366816,367852,z,1.2,4.2,4.2,1.2,0,1,2,3,nochange_col,z,2,testing
11,tet,f,20,index,True,372527,373676,/,2.2,0.7,0.7,2.2,2,0,1,3,change_ori,/,1,testing
11,tet,f,20,index,True,378370,379548,/,2.2,2.2,4.2,4.2,0,1,3,2,change_ori,/,3,testing
11,tet,f,20,index,True,384148,384732,z,0.7,2.2,2.2,0.7,2,1,3,0,nochange_col,z,3,testing
11,tet,f,20,index,True,389457,390108,/,0.7,0.7,4.2,4.2,2,3,0,1,change_ori,/,1,testing
11,tet,f,20,index,True,394868,395820,z,2.2,0.7,2.2,0.7,2,0,3,1,nochange_col,z,0,testing
11,tet,f,20,index,True,400511,402092,/,2.2,4.2,4.2,2.2,0,1,2,3,change_col,/,2,testing
11,tet,f,20,index,True,406706,407371,z,4.2,4.2,2.2,2.2,3,1,0,2,nochange_col,z,1,testing
11,tet,f,20,index,True,412150,412892,z,1.2,0.7,1.2,0.7,1,0,2,3,nochange_col,z,3,testing
11,tet,f,20,index,True,417476,418172,/,2.2,4.2,4.2,2.2,0,1,2,3,change_col,/,2,testing
11,tet,f,20,index,True,422870,423419,z,0.7,2.2,2.2,0.7,0,3,1,2,nochange_col,z,3,testing
11,tet,f,20,index,True,428162,429387,z,2.2,0.7,0.7,2.2,3,2,0,1,nochange_ori,z,3,testing
11,tet,f,20,index,True,434039,434620,z,4.2,4.2,0.7,0.7,3,0,1,2,nochange_col,z,1,testing
11,tet,f,20,index,True,439200,440444,z,0.7,0.7,4.2,4.2,0,1,3,2,nochange_ori,z,2,testing
11,tet,f,20,index,True,445060,446908,z,1.2,1.2,2.2,2.2,2,1,3,0,nochange_ori,z,3,testing
11,tet,f,20,index,True,451555,452524,z,4.2,1.2,4.2,1.2,1,2,0,3,change_col,/,0,testing
11,tet,f,20,index,True,457215,457820,z,4.2,4.2,1.2,1.2,0,3,1,2,nochange_col,z,3,testing
11,tet,f,20,index,True,462458,463228,/,2.2,4.2,2.2,4.2,2,1,0,3,nochange_ori,z,0,testing
11,tet,f,20,index,True,467885,468620,/,1.2,1.2,4.2,4.2,2,3,0,1,change_col,/,0,testing
11,tet,f,20,index,True,473378,473980,/,0.7,2.2,0.7,2.2,1,0,3,2,change_col,/,3,testing
11,tet,f,20,index,True,478588,479356,z,2.2,2.2,0.7,0.7,3,0,1,2,nochange_col,z,0,testing
11,tet,f,20,index,True,483982,484587,z,4.2,0.7,0.7,4.2,0,2,1,3,nochange_ori,z,0,testing
11,tet,f,20,index,True,489158,490348,z,2.2,1.2,2.2,1.2,1,2,0,3,nochange_ori,z,3,testing
11,tet,f,20,index,True,494985,495835,/,0.7,0.7,4.2,4.2,3,0,2,1,change_ori,/,3,testing
11,tet,f,20,index,True,500479,501115,/,0.7,1.2,0.7,1.2,0,3,1,2,change_col,/,3,testing
11,tet,f,20,index,True,505788,506539,/,2.2,4.2,4.2,2.2,2,1,3,0,change_col,/,3,testing
11,tet,f,20,index,True,511199,511835,z,1.2,1.2,0.7,0.7,3,1,0,2,nochange_col,z,3,testing
11,tet,f,20,index,True,516424,516988,/,0.7,0.7,2.2,2.2,2,3,1,0,change_ori,/,3,testing
11,tet,f,20,index,True,521667,522476,z,0.7,1.2,1.2,0.7,0,3,1,2,nochange_col,z,2,testing
11,tet,f,20,index,True,527245,528108,z,0.7,0.7,4.2,4.2,2,3,0,1,nochange_ori,z,3,testing
11,tet,f,20,index,True,532855,533547,z,2.2,4.2,4.2,2.2,0,1,2,3,nochange_ori,z,3,testing
11,tet,f,20,index,True,538181,539148,/,4.2,4.2,2.2,2.2,1,2,3,0,change_ori,/,2,testing
11,tet,f,20,index,True,543825,544572,z,4.2,4.2,1.2,1.2,0,3,2,1,nochange_col,z,3,testing
11,tet,f,20,index,True,549335,549963,/,2.2,4.2,2.2,4.2,2,1,3,0,change_col,/,2,testing
11,tet,f,20,index,True,554528,555163,z,1.2,1.2,2.2,2.2,2,0,3,1,nochange_ori,z,0,testing
11,tet,f,20,index,True,559854,560539,/,1.2,2.2,2.2,1.2,0,2,1,3,change_col,/,2,testing
11,tet,f,20,index,True,565247,566171,/,0.7,2.2,2.2,0.7,0,1,2,3,change_col,/,0,testing
11,tet,f,20,index,True,570825,571547,z,0.7,2.2,0.7,2.2,3,2,0,1,change_ori,/,1,testing
11,tet,f,20,index,True,576167,576684,/,0.7,0.7,2.2,2.2,1,3,2,0,change_col,/,0,testing
11,tet,f,20,index,True,581277,582075,z,2.2,4.2,4.2,2.2,2,0,3,1,nochange_col,z,0,testing
11,tet,f,20,index,True,586753,587276,/,2.2,4.2,4.2,2.2,1,2,3,0,change_col,/,0,testing
11,tet,f,20,index,True,591880,592811,/,1.2,2.2,1.2,2.2,1,2,0,3,change_ori,/,0,testing
11,tet,f,20,index,True,597373,598043,z,0.7,4.2,4.2,0.7,1,3,0,2,nochange_col,z,0,testing
11,tet,f,20,index,True,602800,603467,z,4.2,4.2,2.2,2.2,1,2,3,0,nochange_col,z,0,testing
11,tet,f,20,index,True,608110,608812,/,2.2,2.2,1.2,1.2,3,2,0,1,change_col,/,1,testing
11,tet,f,20,index,True,613520,616187,/,2.2,4.2,2.2,4.2,0,1,2,3,nochange_ori,z,3,testing
11,tet,f,20,index,True,620867,621772,/,1.2,2.2,1.2,2.2,2,3,0,1,change_ori,/,3,testing
11,tet,f,20,index,True,626477,627036,z,1.2,4.2,1.2,4.2,3,0,1,2,nochange_col,z,3,testing
11,tet,f,20,index,True,631720,632330,/,2.2,1.2,1.2,2.2,0,2,1,3,change_ori,/,3,testing
11,tet,f,20,index,True,636996,638204,/,4.2,0.7,0.7,4.2,1,0,3,2,change_ori,/,3,testing
11,tet,f,20,index,True,642923,643595,/,0.7,1.2,1.2,0.7,2,1,3,0,change_ori,/,2,testing
11,tet,f,20,index,True,648267,649003,z,4.2,4.2,1.2,1.2,0,3,2,1,nochange_ori,z,0,testing
11,tet,f,20,index,True,653727,654732,/,2.2,0.7,0.7,2.2,1,0,2,3,change_col,/,1,testing
11,tet,f,20,index,True,659471,660123,/,0.7,0.7,4.2,4.2,3,0,1,2,change_col,/,3,testing
11,tet,f,20,index,True,664764,665387,z,4.2,2.2,2.2,4.2,2,1,3,0,nochange_col,z,2,testing
11,tet,f,20,index,True,669973,670795,z,4.2,1.2,4.2,1.2,1,2,0,3,nochange_ori,z,2,testing
11,tet,f,20,index,True,675416,676331,/,2.2,0.7,0.7,2.2,3,0,1,2,change_ori,/,0,testing
11,tet,f,20,index,True,680977,681499,/,2.2,1.2,1.2,2.2,3,2,0,1,change_ori,/,2,testing
11,tet,f,20,index,True,686270,686843,/,2.2,2.2,1.2,1.2,2,0,3,1,change_col,/,1,testing
11,tet,f,20,index,True,691530,692219,/,1.2,1.2,2.2,2.2,3,0,2,1,change_col,/,3,testing
11,tet,f,20,index,True,696973,697499,/,1.2,1.2,0.7,0.7,1,3,0,2,change_col,/,3,testing
11,tet,f,20,index,True,702183,703627,/,2.2,4.2,4.2,2.2,3,0,1,2,nochange_ori,z,1,testing
11,tet,f,20,index,True,708244,709036,/,2.2,2.2,1.2,1.2,2,3,0,1,change_ori,/,2,testing
11,tet,f,20,index,True,713654,714555,/,2.2,2.2,4.2,4.2,3,1,2,0,change_ori,/,2,testing
11,tet,f,20,index,True,719147,719803,z,1.2,1.2,2.2,2.2,3,0,2,1,nochange_ori,z,0,testing
11,tet,f,20,index,True,724423,725196,z,4.2,4.2,1.2,1.2,3,1,0,2,nochange_col,z,2,testing
11,tet,f,20,index,True,729900,730475,/,2.2,0.7,2.2,0.7,1,2,0,3,change_ori,/,1,testing
11,tet,f,20,index,True,735227,735915,/,0.7,2.2,2.2,0.7,2,0,1,3,change_ori,/,3,testing
11,tet,f,20,index,True,740520,740988,z,2.2,4.2,4.2,2.2,1,2,3,0,nochange_col,z,0,testing
11,tet,f,20,index,True,745696,747067,/,2.2,0.7,0.7,2.2,2,0,3,1,nochange_ori,z,3,testing
11,tet,f,20,index,True,751724,752412,z,4.2,2.2,2.2,4.2,1,0,2,3,nochange_ori,z,1,testing
11,tet,f,20,index,True,757184,758347,z,1.2,4.2,4.2,1.2,3,1,2,0,nochange_ori,z,1,testing
11,tet,f,20,index,True,770575,771147,z,0.7,1.2,1.2,0.7,2,1,3,0,nochange_col,z,3,testing
11,tet,f,20,index,True,775735,776235,z,0.7,4.2,0.7,4.2,3,1,0,2,nochange_col,z,0,testing
11,tet,f,20,index,True,780861,781547,/,4.2,4.2,0.7,0.7,0,1,2,3,change_col,/,2,testing
11,tet,f,20,index,True,786304,786954,/,0.7,0.7,1.2,1.2,1,0,3,2,change_col,/,3,testing
11,tet,f,20,index,True,791614,792284,/,1.2,2.2,1.2,2.2,1,0,3,2,change_col,/,0,testing
11,tet,f,20,index,True,797040,797787,/,2.2,4.2,4.2,2.2,3,2,1,0,change_col,/,3,testing
11,tet,f,20,index,True,802484,803547,z,2.2,2.2,1.2,1.2,1,3,2,0,nochange_col,z,3,testing
11,tet,f,20,index,True,808294,809899,z,0.7,1.2,0.7,1.2,2,1,0,3,nochange_col,z,3,testing
11,tet,f,20,index,True,814589,815244,/,4.2,4.2,2.2,2.2,0,1,2,3,change_ori,/,0,testing
11,tet,f,20,index,True,819932,820731,/,4.2,4.2,1.2,1.2,0,1,3,2,change_col,/,2,testing
11,tet,f,20,index,True,825476,826219,/,2.2,0.7,0.7,2.2,0,1,3,2,change_col,/,2,testing
11,tet,f,20,index,True,830936,831659,/,0.7,0.7,2.2,2.2,2,0,1,3,nochange_col,z,1,testing
11,tet,f,20,index,True,836262,837051,z,4.2,1.2,1.2,4.2,0,2,1,3,nochange_ori,z,2,testing
11,tet,f,20,index,True,841639,842299,z,2.2,0.7,2.2,0.7,0,2,3,1,nochange_ori,z,3,testing
11,tet,f,20,index,True,846965,847851,/,1.2,0.7,1.2,0.7,2,1,0,3,change_col,/,0,testing
11,tet,f,20,index,True,852493,853243,/,4.2,2.2,4.2,2.2,2,0,1,3,change_col,/,0,testing
11,tet,f,20,index,True,857986,858603,/,4.2,4.2,0.7,0.7,0,2,1,3,change_ori,/,0,testing
11,tet,f,20,index,True,863229,864011,/,4.2,1.2,4.2,1.2,2,1,3,0,change_col,/,1,testing
11,tet,f,20,index,True,868722,869483,/,4.2,0.7,4.2,0.7,1,2,0,3,change_ori,/,3,testing
11,tet,f,20,index,True,874065,874491,z,2.2,0.7,0.7,2.2,1,2,3,0,nochange_col,z,0,testing
11,tet,f,20,index,True,879058,879835,z,0.7,0.7,4.2,4.2,2,1,0,3,nochange_ori,z,2,testing
11,tet,f,20,index,True,884485,885099,z,1.2,2.2,1.2,2.2,2,1,0,3,nochange_ori,z,2,testing
11,tet,f,20,index,True,889844,890539,z,4.2,0.7,0.7,4.2,0,1,3,2,nochange_ori,z,0,testing
11,tet,f,20,index,True,895120,896155,z,0.7,4.2,4.2,0.7,0,2,1,3,nochange_col,z,2,testing
11,tet,f,20,index,True,900848,901467,/,2.2,1.2,2.2,1.2,2,1,0,3,change_col,/,2,testing
11,tet,f,20,index,True,906207,907051,z,1.2,0.7,0.7,1.2,1,3,0,2,nochange_ori,z,0,testing
11,tet,f,20,index,True,911667,912267,z,4.2,4.2,2.2,2.2,0,3,2,1,nochange_col,z,3,testing
11,tet,f,20,index,True,916894,917563,/,2.2,4.2,4.2,2.2,2,3,0,1,change_ori,/,1,testing
11,tet,f,20,index,True,922287,922955,/,4.2,2.2,4.2,2.2,0,3,1,2,change_col,/,0,testing
11,tet,f,20,index,True,927697,928523,z,2.2,1.2,1.2,2.2,2,3,1,0,nochange_col,z,1,testing
11,tet,f,20,index,True,933257,933979,z,0.7,0.7,2.2,2.2,2,1,3,0,nochange_ori,z,0,testing
11,tet,f,20,index,True,938550,939499,z,2.2,2.2,1.2,1.2,1,2,0,3,nochange_col,z,2,testing
11,tet,f,20,index,True,944177,944827,/,1.2,0.7,0.7,1.2,3,2,1,0,change_ori,/,1,testing
11,tet,f,20,index,True,949537,950507,/,1.2,4.2,4.2,1.2,0,3,1,2,change_ori,/,2,testing
11,tet,f,20,index,True,955198,955835,/,0.7,4.2,4.2,0.7,1,3,0,2,change_col,/,0,testing
11,tet,f,20,index,True,960441,961227,/,4.2,0.7,0.7,4.2,3,2,0,1,change_col,/,0,testing
11,tet,f,20,index,True,965901,967067,z,1.2,2.2,2.2,1.2,2,3,0,1,nochange_ori,z,2,testing
11,tet,f,20,index,True,971645,972330,/,0.7,2.2,0.7,2.2,2,0,3,1,change_ori,/,1,testing
11,tet,f,20,index,True,976905,978491,z,4.2,0.7,0.7,4.2,1,2,0,3,nochange_col,z,0,testing
11,tet,f,20,index,True,983082,983627,/,2.2,2.2,4.2,4.2,3,0,1,2,change_col,/,3,testing
11,tet,f,20,index,True,988342,989131,z,0.7,4.2,0.7,4.2,0,2,1,3,nochange_ori,z,3,testing
11,tet,f,20,index,True,993718,994363,z,1.2,4.2,1.2,4.2,0,2,3,1,change_ori,/,0,testing
11,tet,f,20,index,True,998995,999643,z,1.2,1.2,0.7,0.7,3,1,2,0,nochange_col,z,1,testing
11,tet,f,20,index,True,1004287,1005162,/,4.2,2.2,4.2,2.2,3,1,2,0,change_ori,/,1,testing
11,tet,f,20,index,True,1009898,1010363,/,1.2,4.2,4.2,1.2,2,3,1,0,change_col,/,0,testing
11,tet,f,20,index,True,1015124,1016090,z,2.2,2.2,4.2,4.2,0,2,1,3,nochange_col,z,2,testing
11,tet,f,20,index,True,1020835,1021691,/,4.2,2.2,4.2,2.2,3,2,0,1,change_ori,/,1,testing
11,tet,f,20,index,True,1026362,1027403,z,2.2,1.2,2.2,1.2,3,0,2,1,nochange_col,z,2,testing
11,tet,f,20,index,True,1032022,1032651,z,1.2,4.2,4.2,1.2,0,3,2,1,nochange_ori,z,1,testing
11,tet,f,20,index,True,1037315,1037899,/,4.2,1.2,4.2,1.2,3,0,2,1,change_ori,/,0,testing
11,tet,f,20,index,True,1042558,1044203,/,0.7,0.7,2.2,2.2,1,2,0,3,change_ori,/,0,testing
11,tet,f,20,index,True,1048904,1049579,/,2.2,2.2,0.7,0.7,0,3,2,1,change_ori,/,2,testing
11,tet,f,20,index,True,1054246,1055498,z,1.2,0.7,0.7,1.2,1,2,3,0,nochange_ori,z,1,testing
11,tet,f,20,index,True,1060257,1061099,/,1.2,1.2,4.2,4.2,1,0,3,2,nochange_ori,z,3,testing
11,tet,f,20,index,True,1065818,1067035,/,2.2,2.2,4.2,4.2,2,0,1,3,change_ori,/,3,testing
11,tet,f,20,index,True,1071779,1072794,/,1.2,1.2,0.7,0.7,0,3,1,2,change_ori,/,2,testing
11,tet,f,20,index,True,1077389,1078987,/,2.2,0.7,2.2,0.7,3,0,1,2,change_ori,/,0,testing
11,tet,f,20,index,True,1083634,1084266,z,0.7,1.2,1.2,0.7,1,2,0,3,nochange_ori,z,2,testing
11,tet,f,20,index,True,1088944,1089530,z,1.2,1.2,0.7,0.7,1,2,3,0,nochange_col,z,2,testing
11,tet,f,20,index,True,1094253,1094859,z,4.2,4.2,1.2,1.2,2,3,0,1,nochange_ori,z,1,testing
11,tet,f,20,index,True,1099596,1100267,z,0.7,2.2,2.2,0.7,2,3,1,0,nochange_col,z,3,testing
11,tet,f,20,index,True,1105023,1105851,/,4.2,2.2,2.2,4.2,0,3,2,1,change_col,/,2,testing
11,tet,f,20,index,True,1110600,1111546,z,0.7,0.7,2.2,2.2,1,0,2,3,nochange_col,z,0,testing
11,tet,f,20,index,True,1116277,1116906,/,2.2,1.2,2.2,1.2,2,1,0,3,change_col,/,0,testing
11,tet,f,20,index,True,1121470,1122347,/,1.2,4.2,4.2,1.2,0,3,2,1,nochange_ori,z,2,testing
11,tet,f,20,index,True,1126913,1127834,/,2.2,1.2,1.2,2.2,2,1,3,0,nochange_col,z,1,testing
11,tet,f,20,index,True,1132440,1133338,/,0.7,1.2,0.7,1.2,3,1,0,2,nochange_col,z,1,testing
11,tet,f,20,index,True,1138034,1138779,/,1.2,4.2,4.2,1.2,2,0,3,1,change_ori,/,2,testing
11,tet,f,20,index,True,1143377,1144075,z,0.7,2.2,2.2,0.7,2,3,0,1,nochange_ori,z,1,testing
11,tet,f,20,index,True,1148837,1150235,/,1.2,2.2,1.2,2.2,2,0,3,1,change_col,/,3,testing
11,tet,f,20,index,True,1154898,1156554,/,0.7,2.2,2.2,0.7,2,3,0,1,nochange_ori,z,0,testing
11,tet,f,20,index,True,1161310,1162170,/,1.2,1.2,0.7,0.7,0,1,3,2,change_ori,/,1,testing
11,tet,f,20,index,True,1166737,1167227,/,0.7,2.2,2.2,0.7,3,2,0,1,change_ori,/,2,testing
11,tet,f,20,index,True,1171796,1173067,z,2.2,2.2,0.7,0.7,1,2,3,0,nochange_ori,z,3,testing
11,tet,f,20,index,True,1177657,1178619,/,1.2,0.7,0.7,1.2,3,2,0,1,change_ori,/,3,testing
11,tet,f,20,index,True,1183333,1183947,/,2.2,1.2,2.2,1.2,2,1,3,0,change_col,/,0,testing
11,tet,f,20,index,True,1188644,1189290,z,2.2,0.7,0.7,2.2,2,1,0,3,nochange_ori,z,2,testing
11,tet,f,20,index,True,1193970,1194779,z,4.2,4.2,1.2,1.2,3,1,2,0,nochange_ori,z,1,testing
11,tet,f,20,index,True,1199364,1200155,z,1.2,0.7,0.7,1.2,0,3,1,2,nochange_col,z,2,testing
11,tet,f,20,index,True,1204723,1205498,/,2.2,1.2,1.2,2.2,1,0,2,3,change_col,/,0,testing
