subj,name,gender,age,cond,P_resp,P_startTime,P_respTime,P_gotKey,sf1,sf2,sf3,sf4,ord_1,ord_2,ord_3,ord_4,task,correct_key,no_change,mode
12,lyl,f,20,noindex,True,186716,190039,/,2.2,1.2,0.7,4.2,2,3,0,1,change_col,/,0,practice
12,lyl,f,20,noindex,True,194664,195687,z,0.7,2.2,4.2,1.2,3,2,0,1,nochange_ori,z,1,practice
12,lyl,f,20,noindex,True,200325,201206,z,2.2,1.2,4.2,0.7,3,2,0,1,nochange_ori,z,1,practice
12,lyl,f,20,noindex,True,205801,208328,z,4.2,1.2,2.2,0.7,0,2,1,3,nochange_col,z,3,practice
12,lyl,f,20,noindex,True,213032,214183,/,4.2,2.2,1.2,0.7,0,3,1,2,change_col,/,1,practice
12,lyl,f,20,noindex,True,218925,219703,z,0.7,1.2,2.2,4.2,2,3,0,1,nochange_col,z,2,practice
12,lyl,f,20,noindex,True,224418,226374,/,1.2,4.2,2.2,0.7,3,2,1,0,change_ori,/,0,practice
12,lyl,f,20,noindex,True,231115,233430,z,0.7,1.2,2.2,4.2,0,1,2,3,change_ori,/,0,practice
12,lyl,f,20,noindex,True,238144,239319,z,2.2,1.2,0.7,4.2,2,3,0,1,nochange_ori,z,2,practice
12,lyl,f,20,noindex,True,244004,244775,/,1.2,2.2,0.7,4.2,2,3,0,1,change_ori,/,3,practice
12,lyl,f,20,noindex,True,249498,250647,z,4.2,2.2,0.7,1.2,1,2,0,3,nochange_ori,z,2,practice
12,lyl,f,20,noindex,True,255276,256294,z,0.7,1.2,4.2,2.2,2,0,1,3,nochange_ori,z,1,practice
12,lyl,f,20,noindex,True,261019,262038,z,4.2,1.2,0.7,2.2,0,2,3,1,nochange_col,z,3,practice
12,lyl,f,20,noindex,True,266630,267367,z,2.2,4.2,1.2,0.7,3,2,0,1,nochange_col,z,0,practice
12,lyl,f,20,noindex,True,272023,272694,/,0.7,2.2,4.2,1.2,0,3,1,2,change_col,/,0,practice
12,lyl,f,20,noindex,True,277416,278582,z,2.2,4.2,0.7,1.2,1,2,0,3,nochange_col,z,3,practice
12,lyl,f,20,noindex,True,283194,283958,/,0.7,4.2,1.2,2.2,0,3,1,2,change_col,/,1,practice
12,lyl,f,20,noindex,True,288553,289383,z,0.7,2.2,1.2,4.2,0,3,1,2,change_ori,/,1,practice
12,lyl,f,20,noindex,True,294097,294951,/,2.2,1.2,0.7,4.2,3,0,2,1,change_ori,/,1,practice
12,lyl,f,20,noindex,True,299524,300311,/,0.7,4.2,2.2,1.2,0,3,2,1,change_col,/,0,practice
12,lyl,f,20,noindex,True,326741,327542,/,1.2,0.7,2.2,4.2,3,1,2,0,change_ori,/,2,testing
12,lyl,f,20,noindex,True,332183,333095,z,0.7,2.2,1.2,4.2,2,0,1,3,nochange_col,z,3,testing
12,lyl,f,20,noindex,True,337777,338294,/,4.2,2.2,1.2,0.7,1,3,0,2,change_col,/,2,testing
12,lyl,f,20,noindex,True,343070,343798,/,1.2,0.7,4.2,2.2,2,1,0,3,change_col,/,3,testing
12,lyl,f,20,noindex,True,348513,349366,z,4.2,0.7,2.2,1.2,3,2,0,1,nochange_col,z,2,testing
12,lyl,f,20,noindex,True,354123,355607,z,1.2,4.2,0.7,2.2,3,1,0,2,nochange_col,z,2,testing
12,lyl,f,20,noindex,True,360251,361815,z,4.2,0.7,1.2,2.2,2,3,1,0,nochange_ori,z,0,testing
12,lyl,f,20,noindex,True,366496,367351,z,0.7,4.2,2.2,1.2,2,1,3,0,nochange_ori,z,3,testing
12,lyl,f,20,noindex,True,372057,372631,z,1.2,2.2,4.2,0.7,2,1,3,0,nochange_col,z,0,testing
12,lyl,f,20,noindex,True,377350,378071,z,2.2,0.7,1.2,4.2,3,1,0,2,nochange_ori,z,0,testing
12,lyl,f,20,noindex,True,382676,383542,z,4.2,2.2,1.2,0.7,0,1,2,3,nochange_col,z,2,testing
12,lyl,f,20,noindex,True,388120,389287,/,1.2,0.7,4.2,2.2,2,0,1,3,change_col,/,3,testing
12,lyl,f,20,noindex,True,393981,394806,z,4.2,1.2,2.2,0.7,2,3,0,1,nochange_ori,z,0,testing
12,lyl,f,20,noindex,True,399557,400567,/,4.2,0.7,2.2,1.2,1,2,0,3,change_col,/,0,testing
12,lyl,f,20,noindex,True,405285,407143,z,1.2,2.2,4.2,0.7,2,1,0,3,nochange_ori,z,3,testing
12,lyl,f,20,noindex,True,411880,413174,z,1.2,4.2,2.2,0.7,3,2,1,0,nochange_ori,z,0,testing
12,lyl,f,20,noindex,True,417774,418678,/,1.2,0.7,2.2,4.2,0,3,2,1,change_col,/,3,testing
12,lyl,f,20,noindex,True,423401,424294,z,2.2,1.2,0.7,4.2,1,0,3,2,nochange_ori,z,2,testing
12,lyl,f,20,noindex,True,428878,429879,z,2.2,4.2,0.7,1.2,1,3,0,2,change_ori,/,3,testing
12,lyl,f,20,noindex,True,434471,435175,/,4.2,1.2,2.2,0.7,0,3,1,2,change_ori,/,2,testing
12,lyl,f,20,noindex,True,439865,440567,/,4.2,2.2,0.7,1.2,1,0,2,3,change_col,/,1,testing
12,lyl,f,20,noindex,True,445191,446199,z,4.2,2.2,1.2,0.7,3,2,1,0,nochange_ori,z,3,testing
12,lyl,f,20,noindex,True,450952,452487,z,1.2,4.2,2.2,0.7,3,0,2,1,change_ori,/,0,testing
12,lyl,f,20,noindex,True,457163,458359,z,0.7,4.2,1.2,2.2,2,3,1,0,nochange_col,z,2,testing
12,lyl,f,20,noindex,True,462991,464054,z,0.7,1.2,2.2,4.2,2,3,1,0,nochange_ori,z,1,testing
12,lyl,f,20,noindex,True,468801,469703,/,4.2,2.2,1.2,0.7,1,3,0,2,change_col,/,3,testing
12,lyl,f,20,noindex,True,474294,476182,z,2.2,4.2,0.7,1.2,1,3,2,0,change_ori,/,1,testing
12,lyl,f,20,noindex,True,480890,482134,z,4.2,1.2,0.7,2.2,3,0,2,1,nochange_col,z,3,testing
12,lyl,f,20,noindex,True,486734,487591,/,1.2,4.2,0.7,2.2,3,0,2,1,change_ori,/,0,testing
12,lyl,f,20,noindex,True,492228,493190,/,4.2,0.7,2.2,1.2,1,2,3,0,nochange_ori,z,0,testing
12,lyl,f,20,noindex,True,497788,498726,/,0.7,4.2,1.2,2.2,2,1,0,3,change_ori,/,3,testing
12,lyl,f,20,noindex,True,503381,504486,z,4.2,0.7,1.2,2.2,2,1,3,0,change_ori,/,3,testing
12,lyl,f,20,noindex,True,509125,510390,z,4.2,2.2,1.2,0.7,2,3,1,0,nochange_col,z,1,testing
12,lyl,f,20,noindex,True,515070,515975,z,4.2,2.2,0.7,1.2,3,1,2,0,nochange_col,z,2,testing
12,lyl,f,20,noindex,True,520630,521798,z,2.2,0.7,4.2,1.2,0,1,2,3,nochange_col,z,0,testing
12,lyl,f,20,noindex,True,526424,527255,/,0.7,1.2,2.2,4.2,0,1,2,3,change_col,/,3,testing
12,lyl,f,20,noindex,True,531917,532998,/,2.2,1.2,0.7,4.2,3,0,2,1,change_ori,/,0,testing
12,lyl,f,20,noindex,True,537711,538646,/,0.7,2.2,1.2,4.2,3,1,2,0,change_ori,/,2,testing
12,lyl,f,20,noindex,True,543388,544407,/,1.2,0.7,2.2,4.2,2,1,3,0,change_col,/,1,testing
12,lyl,f,20,noindex,True,549165,550070,z,2.2,4.2,0.7,1.2,2,3,0,1,nochange_col,z,0,testing
12,lyl,f,20,noindex,True,554809,555495,z,0.7,1.2,2.2,4.2,3,0,2,1,nochange_col,z,0,testing
12,lyl,f,20,noindex,True,560186,561830,z,2.2,0.7,4.2,1.2,2,0,1,3,nochange_ori,z,0,testing
12,lyl,f,20,noindex,True,566580,567542,z,1.2,4.2,0.7,2.2,2,0,3,1,nochange_ori,z,0,testing
12,lyl,f,20,noindex,True,572208,573190,z,2.2,1.2,0.7,4.2,0,1,3,2,nochange_ori,z,2,testing
12,lyl,f,20,noindex,True,577885,578550,/,1.2,2.2,0.7,4.2,2,3,0,1,change_col,/,2,testing
12,lyl,f,20,noindex,True,583295,583829,z,2.2,0.7,1.2,4.2,3,1,0,2,nochange_col,z,0,testing
12,lyl,f,20,noindex,True,588405,590070,/,4.2,2.2,1.2,0.7,3,1,2,0,change_ori,/,1,testing
12,lyl,f,20,noindex,True,594649,595829,z,2.2,0.7,4.2,1.2,1,2,0,3,nochange_ori,z,1,testing
12,lyl,f,20,noindex,True,600560,601414,/,1.2,4.2,2.2,0.7,3,0,2,1,change_col,/,0,testing
12,lyl,f,20,noindex,True,606120,606806,/,2.2,0.7,1.2,4.2,1,0,2,3,change_col,/,3,testing
12,lyl,f,20,noindex,True,611496,612374,/,1.2,2.2,4.2,0.7,2,0,1,3,nochange_ori,z,2,testing
12,lyl,f,20,noindex,True,616940,617670,/,0.7,1.2,2.2,4.2,3,0,1,2,change_ori,/,2,testing
12,lyl,f,20,noindex,True,622350,623638,z,4.2,0.7,1.2,2.2,2,3,0,1,nochange_col,z,0,testing
12,lyl,f,20,noindex,True,628294,628951,z,1.2,0.7,2.2,4.2,3,2,1,0,nochange_col,z,1,testing
12,lyl,f,20,noindex,True,633521,634214,/,0.7,2.2,1.2,4.2,0,3,1,2,nochange_ori,z,2,testing
12,lyl,f,20,noindex,True,638830,639510,/,2.2,4.2,1.2,0.7,0,3,2,1,change_ori,/,0,testing
12,lyl,f,20,noindex,True,644206,645526,/,2.2,4.2,0.7,1.2,1,3,0,2,change_ori,/,1,testing
12,lyl,f,20,noindex,True,650218,651398,/,1.2,4.2,2.2,0.7,2,0,3,1,change_ori,/,2,testing
12,lyl,f,20,noindex,True,656079,658038,z,2.2,4.2,0.7,1.2,2,0,3,1,nochange_ori,z,3,testing
12,lyl,f,20,noindex,True,662791,663478,z,4.2,0.7,2.2,1.2,3,0,2,1,nochange_col,z,1,testing
12,lyl,f,20,noindex,True,668151,669350,z,4.2,0.7,2.2,1.2,0,2,3,1,nochange_col,z,1,testing
12,lyl,f,20,noindex,True,673978,674950,z,0.7,1.2,4.2,2.2,1,2,0,3,change_col,/,1,testing
12,lyl,f,20,noindex,True,679588,680518,/,2.2,4.2,1.2,0.7,3,0,2,1,change_col,/,2,testing
12,lyl,f,20,noindex,True,685249,686454,z,2.2,1.2,4.2,0.7,1,2,3,0,change_ori,/,3,testing
12,lyl,f,20,noindex,True,691093,691766,/,4.2,1.2,2.2,0.7,1,3,0,2,change_col,/,2,testing
12,lyl,f,20,noindex,True,696336,697110,/,2.2,4.2,1.2,0.7,2,3,1,0,change_col,/,0,testing
12,lyl,f,20,noindex,True,701846,703030,/,2.2,1.2,0.7,4.2,0,1,2,3,change_col,/,1,testing
12,lyl,f,20,noindex,True,707774,708822,z,2.2,4.2,1.2,0.7,0,1,3,2,change_ori,/,0,testing
12,lyl,f,20,noindex,True,713484,714198,/,4.2,1.2,2.2,0.7,0,1,2,3,change_col,/,3,testing
12,lyl,f,20,noindex,True,718927,719703,z,1.2,0.7,2.2,4.2,0,2,1,3,nochange_col,z,1,testing
12,lyl,f,20,noindex,True,724438,726422,/,4.2,1.2,0.7,2.2,0,1,2,3,change_ori,/,0,testing
12,lyl,f,20,noindex,True,731117,732278,z,4.2,1.2,0.7,2.2,2,3,0,1,nochange_ori,z,0,testing
12,lyl,f,20,noindex,True,736877,737558,/,2.2,0.7,4.2,1.2,2,1,3,0,change_col,/,2,testing
12,lyl,f,20,noindex,True,742120,744070,/,0.7,2.2,1.2,4.2,1,0,2,3,change_ori,/,0,testing
12,lyl,f,20,noindex,True,748799,749718,z,2.2,1.2,0.7,4.2,0,1,3,2,nochange_ori,z,1,testing
12,lyl,f,20,noindex,True,754292,754918,/,1.2,0.7,4.2,2.2,3,1,2,0,change_col,/,2,testing
12,lyl,f,20,noindex,True,759486,760774,z,0.7,1.2,2.2,4.2,0,3,1,2,nochange_col,z,3,testing
12,lyl,f,20,noindex,True,765379,766086,z,2.2,4.2,0.7,1.2,1,0,2,3,change_ori,/,2,testing
12,lyl,f,20,noindex,True,770740,771686,z,2.2,4.2,0.7,1.2,0,3,1,2,nochange_ori,z,0,testing
12,lyl,f,20,noindex,True,776433,777030,z,4.2,1.2,2.2,0.7,1,2,0,3,nochange_col,z,1,testing
12,lyl,f,20,noindex,True,797705,798934,/,4.2,0.7,1.2,2.2,2,1,3,0,change_col,/,2,testing
12,lyl,f,20,noindex,True,803633,805878,/,0.7,2.2,4.2,1.2,1,3,0,2,change_ori,/,2,testing
12,lyl,f,20,noindex,True,810596,811510,/,4.2,1.2,2.2,0.7,0,2,1,3,change_ori,/,2,testing
12,lyl,f,20,noindex,True,816206,816966,/,0.7,2.2,1.2,4.2,1,3,2,0,change_col,/,2,testing
12,lyl,f,20,noindex,True,821600,822438,/,0.7,1.2,4.2,2.2,0,3,2,1,change_ori,/,1,testing
12,lyl,f,20,noindex,True,827126,827622,/,4.2,0.7,1.2,2.2,2,1,3,0,change_col,/,0,testing
12,lyl,f,20,noindex,True,832320,833125,z,1.2,0.7,2.2,4.2,1,3,0,2,nochange_col,z,0,testing
12,lyl,f,20,noindex,True,837745,838406,z,4.2,1.2,2.2,0.7,1,2,0,3,nochange_ori,z,1,testing
12,lyl,f,20,noindex,True,843073,843878,/,1.2,0.7,2.2,4.2,2,0,1,3,change_ori,/,0,testing
12,lyl,f,20,noindex,True,848483,849222,z,2.2,4.2,1.2,0.7,0,3,1,2,nochange_col,z,2,testing
12,lyl,f,20,noindex,True,853875,854550,/,0.7,2.2,1.2,4.2,0,3,2,1,change_col,/,2,testing
12,lyl,f,20,noindex,True,859219,861270,z,4.2,1.2,2.2,0.7,0,1,3,2,nochange_ori,z,1,testing
12,lyl,f,20,noindex,True,866015,866822,/,2.2,0.7,1.2,4.2,0,3,2,1,nochange_ori,z,2,testing
12,lyl,f,20,noindex,True,871424,872261,/,4.2,1.2,0.7,2.2,3,1,2,0,nochange_ori,z,3,testing
12,lyl,f,20,noindex,True,876851,878165,/,1.2,2.2,0.7,4.2,0,1,3,2,change_ori,/,2,testing
12,lyl,f,20,noindex,True,882845,883894,/,1.2,2.2,0.7,4.2,2,0,1,3,change_col,/,3,testing
12,lyl,f,20,noindex,True,888455,889510,z,1.2,2.2,4.2,0.7,1,0,3,2,nochange_ori,z,0,testing
12,lyl,f,20,noindex,True,894166,894757,z,4.2,2.2,1.2,0.7,3,0,1,2,nochange_col,z,3,testing
12,lyl,f,20,noindex,True,899443,900789,/,1.2,2.2,0.7,4.2,0,3,1,2,nochange_ori,z,0,testing
12,lyl,f,20,noindex,True,905370,906870,z,1.2,4.2,0.7,2.2,0,1,3,2,nochange_ori,z,2,testing
12,lyl,f,20,noindex,True,911498,912261,/,2.2,0.7,4.2,1.2,0,3,1,2,change_col,/,2,testing
12,lyl,f,20,noindex,True,916942,917766,/,4.2,2.2,1.2,0.7,1,3,0,2,nochange_ori,z,1,testing
12,lyl,f,20,noindex,True,922468,922982,/,0.7,1.2,4.2,2.2,3,2,0,1,change_col,/,3,testing
12,lyl,f,20,noindex,True,927728,928614,z,1.2,4.2,0.7,2.2,2,0,3,1,nochange_ori,z,3,testing
12,lyl,f,20,noindex,True,933221,933782,/,0.7,1.2,4.2,2.2,1,0,3,2,change_col,/,2,testing
12,lyl,f,20,noindex,True,938481,939910,/,1.2,2.2,0.7,4.2,1,3,0,2,change_ori,/,2,testing
12,lyl,f,20,noindex,True,944526,945350,z,4.2,2.2,0.7,1.2,2,1,0,3,nochange_col,z,0,testing
12,lyl,f,20,noindex,True,949986,950726,/,2.2,0.7,4.2,1.2,3,0,1,2,change_ori,/,3,testing
12,lyl,f,20,noindex,True,955345,956134,z,2.2,1.2,0.7,4.2,0,2,1,3,nochange_ori,z,1,testing
12,lyl,f,20,noindex,True,960805,961574,/,2.2,4.2,1.2,0.7,0,3,2,1,change_ori,/,2,testing
12,lyl,f,20,noindex,True,966316,967253,z,0.7,2.2,1.2,4.2,2,1,0,3,nochange_ori,z,2,testing
12,lyl,f,20,noindex,True,971859,972566,/,2.2,4.2,1.2,0.7,3,0,1,2,change_ori,/,3,testing
12,lyl,f,20,noindex,True,977186,977910,z,1.2,2.2,4.2,0.7,2,0,3,1,nochange_col,z,1,testing
12,lyl,f,20,noindex,True,982495,983110,/,2.2,1.2,0.7,4.2,1,3,0,2,change_ori,/,0,testing
12,lyl,f,20,noindex,True,987871,989525,/,4.2,1.2,2.2,0.7,0,2,1,3,change_ori,/,0,testing
12,lyl,f,20,noindex,True,994267,995173,/,4.2,2.2,1.2,0.7,0,3,1,2,change_col,/,2,testing
12,lyl,f,20,noindex,True,999861,1001574,z,4.2,2.2,0.7,1.2,3,0,1,2,change_ori,/,2,testing
12,lyl,f,20,noindex,True,1006289,1007062,z,0.7,2.2,1.2,4.2,1,2,0,3,nochange_ori,z,3,testing
12,lyl,f,20,noindex,True,1011783,1012598,z,4.2,2.2,0.7,1.2,2,3,1,0,nochange_ori,z,3,testing
12,lyl,f,20,noindex,True,1017226,1018390,z,4.2,2.2,0.7,1.2,3,0,1,2,nochange_col,z,1,testing
12,lyl,f,20,noindex,True,1023120,1024438,/,2.2,4.2,1.2,0.7,1,0,2,3,change_ori,/,3,testing
12,lyl,f,20,noindex,True,1029064,1029782,z,1.2,4.2,0.7,2.2,3,0,2,1,nochange_col,z,1,testing
12,lyl,f,20,noindex,True,1034491,1035221,z,1.2,4.2,0.7,2.2,3,0,1,2,nochange_ori,z,1,testing
12,lyl,f,20,noindex,True,1039800,1040421,z,1.2,4.2,2.2,0.7,2,1,3,0,nochange_col,z,2,testing
12,lyl,f,20,noindex,True,1045094,1045894,/,1.2,0.7,4.2,2.2,0,3,2,1,change_col,/,3,testing
12,lyl,f,20,noindex,True,1050487,1051221,z,2.2,0.7,4.2,1.2,2,0,1,3,nochange_ori,z,2,testing
12,lyl,f,20,noindex,True,1055814,1056438,/,0.7,2.2,1.2,4.2,0,1,2,3,nochange_col,z,0,testing
12,lyl,f,20,noindex,True,1061107,1061766,/,0.7,2.2,1.2,4.2,2,0,3,1,change_col,/,2,testing
12,lyl,f,20,noindex,True,1066400,1067429,/,4.2,0.7,2.2,1.2,3,1,2,0,nochange_ori,z,1,testing
12,lyl,f,20,noindex,True,1072093,1073990,/,4.2,0.7,1.2,2.2,1,3,2,0,change_ori,/,0,testing
12,lyl,f,20,noindex,True,1078588,1079333,z,1.2,4.2,2.2,0.7,2,1,0,3,nochange_col,z,0,testing
12,lyl,f,20,noindex,True,1083982,1084741,/,2.2,1.2,4.2,0.7,1,0,3,2,change_col,/,1,testing
12,lyl,f,20,noindex,True,1089325,1089974,z,0.7,4.2,2.2,1.2,3,2,0,1,nochange_ori,z,1,testing
12,lyl,f,20,noindex,True,1094735,1095365,z,2.2,4.2,0.7,1.2,1,0,3,2,nochange_col,z,2,testing
12,lyl,f,20,noindex,True,1099961,1100742,z,2.2,4.2,1.2,0.7,3,1,2,0,nochange_ori,z,1,testing
12,lyl,f,20,noindex,True,1105421,1105941,z,4.2,0.7,1.2,2.2,3,0,1,2,nochange_col,z,2,testing
12,lyl,f,20,noindex,True,1110631,1111270,z,0.7,2.2,1.2,4.2,2,0,1,3,nochange_col,z,2,testing
12,lyl,f,20,noindex,True,1115908,1116501,/,4.2,1.2,2.2,0.7,1,0,3,2,change_col,/,0,testing
12,lyl,f,20,noindex,True,1121166,1121637,z,4.2,0.7,1.2,2.2,0,3,2,1,nochange_col,z,1,testing
12,lyl,f,20,noindex,True,1126293,1126965,z,2.2,0.7,4.2,1.2,1,2,0,3,nochange_col,z,1,testing
12,lyl,f,20,noindex,True,1131653,1132278,z,2.2,1.2,4.2,0.7,2,0,3,1,nochange_ori,z,3,testing
12,lyl,f,20,noindex,True,1136863,1137782,/,1.2,4.2,0.7,2.2,2,1,0,3,change_ori,/,3,testing
12,lyl,f,20,noindex,True,1142523,1143045,z,4.2,2.2,1.2,0.7,3,2,1,0,nochange_col,z,1,testing
12,lyl,f,20,noindex,True,1147616,1148118,z,2.2,1.2,4.2,0.7,2,3,1,0,nochange_col,z,1,testing
12,lyl,f,20,noindex,True,1152742,1153445,/,2.2,1.2,0.7,4.2,3,0,2,1,change_ori,/,2,testing
12,lyl,f,20,noindex,True,1158035,1158534,/,0.7,1.2,2.2,4.2,0,1,3,2,change_col,/,2,testing
12,lyl,f,20,noindex,True,1163177,1163701,z,1.2,0.7,2.2,4.2,1,3,0,2,nochange_col,z,0,testing
12,lyl,f,20,noindex,True,1168404,1169252,z,1.2,0.7,4.2,2.2,0,1,2,3,nochange_ori,z,0,testing
12,lyl,f,20,noindex,True,1173981,1174486,/,4.2,1.2,2.2,0.7,1,3,0,2,change_col,/,3,testing
12,lyl,f,20,noindex,True,1179173,1179749,/,4.2,0.7,1.2,2.2,0,2,3,1,change_col,/,3,testing
12,lyl,f,20,noindex,True,1184416,1185301,z,0.7,2.2,1.2,4.2,1,0,3,2,nochange_col,z,0,testing
12,lyl,f,20,noindex,True,1189943,1190870,/,2.2,1.2,4.2,0.7,1,2,3,0,change_ori,/,0,testing
12,lyl,f,20,noindex,True,1195553,1196198,/,4.2,1.2,2.2,0.7,2,0,1,3,change_col,/,2,testing
12,lyl,f,20,noindex,True,1200897,1201366,/,0.7,1.2,2.2,4.2,1,0,3,2,change_col,/,0,testing
12,lyl,f,20,noindex,True,1206039,1206725,z,4.2,1.2,2.2,0.7,3,1,0,2,nochange_col,z,2,testing
12,lyl,f,20,noindex,True,1211332,1212150,/,4.2,1.2,0.7,2.2,2,3,1,0,change_ori,/,0,testing
12,lyl,f,20,noindex,True,1216876,1217397,/,1.2,4.2,2.2,0.7,0,1,2,3,change_col,/,1,testing
12,lyl,f,20,noindex,True,1222002,1222454,/,2.2,4.2,0.7,1.2,1,3,2,0,change_col,/,3,testing
12,lyl,f,20,noindex,True,1227028,1227702,/,4.2,2.2,0.7,1.2,0,1,2,3,change_ori,/,1,testing
12,lyl,f,20,noindex,True,1232321,1232933,/,0.7,1.2,2.2,4.2,2,3,0,1,change_ori,/,2,testing
