subj,name,gender,age,cond,P_resp,P_startTime,P_respTime,P_gotKey,sf1,sf2,sf3,sf4,ord_1,ord_2,ord_3,ord_4,task,correct_key,no_change,mode
12,lyl,f,20,index,True,68265,68965,/,4.2,2.2,4.2,2.2,0,3,2,1,change_col,/,2,practice
12,lyl,f,20,index,True,73609,74373,z,4.2,2.2,2.2,4.2,1,0,2,3,nochange_col,z,0,practice
12,lyl,f,20,index,True,78985,79716,z,0.7,1.2,1.2,0.7,3,0,2,1,nochange_col,z,0,practice
12,lyl,f,20,index,True,84445,84917,z,1.2,0.7,1.2,0.7,1,3,2,0,nochange_col,z,2,practice
12,lyl,f,20,index,True,89521,90421,/,4.2,0.7,4.2,0.7,3,0,1,2,change_ori,/,1,practice
12,lyl,f,20,index,True,95032,95733,/,2.2,1.2,2.2,1.2,1,2,3,0,change_col,/,0,practice
12,lyl,f,20,index,True,100492,101253,z,0.7,0.7,4.2,4.2,2,1,0,3,nochange_ori,z,1,practice
12,lyl,f,20,index,True,105968,106582,z,1.2,0.7,0.7,1.2,0,2,1,3,nochange_col,z,1,practice
12,lyl,f,20,index,True,111144,112405,z,0.7,4.2,4.2,0.7,3,0,1,2,nochange_ori,z,2,practice
12,lyl,f,20,index,True,116989,117541,z,1.2,0.7,1.2,0.7,0,1,3,2,nochange_ori,z,3,practice
12,lyl,f,20,index,True,122231,122884,z,0.7,2.2,2.2,0.7,0,2,3,1,change_ori,/,2,practice
12,lyl,f,20,index,True,127491,128021,/,4.2,1.2,1.2,4.2,3,0,1,2,change_col,/,0,practice
12,lyl,f,20,index,True,132634,133044,/,2.2,4.2,4.2,2.2,1,2,3,0,nochange_ori,z,0,practice
12,lyl,f,20,index,True,137610,138085,z,1.2,1.2,0.7,0.7,3,0,2,1,nochange_col,z,3,practice
12,lyl,f,20,index,True,142703,143221,/,2.2,0.7,0.7,2.2,1,2,3,0,change_ori,/,1,practice
12,lyl,f,20,index,True,147862,148405,z,2.2,0.7,2.2,0.7,0,1,2,3,change_col,/,0,practice
12,lyl,f,20,index,True,153038,153605,/,1.2,1.2,4.2,4.2,2,3,1,0,change_col,/,3,practice
12,lyl,f,20,index,True,158281,158901,/,4.2,4.2,2.2,2.2,3,2,0,1,change_ori,/,3,practice
12,lyl,f,20,index,True,163491,164597,z,4.2,4.2,1.2,1.2,3,1,2,0,nochange_ori,z,2,practice
12,lyl,f,20,index,True,169334,169958,/,1.2,4.2,4.2,1.2,1,2,0,3,change_ori,/,1,practice
12,lyl,f,20,index,True,186215,187109,/,1.2,1.2,0.7,0.7,0,3,2,1,change_ori,/,0,testing
12,lyl,f,20,index,True,191759,192564,/,2.2,4.2,4.2,2.2,0,1,3,2,change_col,/,0,testing
12,lyl,f,20,index,True,197269,201973,/,2.2,0.7,2.2,0.7,3,1,0,2,nochange_ori,z,3,testing
12,lyl,f,20,index,True,206537,207429,/,4.2,1.2,4.2,1.2,0,2,3,1,change_col,/,2,testing
12,lyl,f,20,index,True,212046,212549,/,4.2,0.7,4.2,0.7,3,1,0,2,change_col,/,2,testing
12,lyl,f,20,index,True,217306,218453,z,1.2,4.2,4.2,1.2,2,1,3,0,nochange_col,z,3,testing
12,lyl,f,20,index,True,223184,224292,z,2.2,1.2,2.2,1.2,0,1,2,3,nochange_ori,z,1,testing
12,lyl,f,20,index,True,228894,229333,z,1.2,1.2,0.7,0.7,3,2,0,1,nochange_col,z,0,testing
12,lyl,f,20,index,True,234020,236180,/,2.2,0.7,2.2,0.7,2,1,3,0,change_ori,/,0,testing
12,lyl,f,20,index,True,240933,241796,z,0.7,0.7,1.2,1.2,1,0,3,2,nochange_ori,z,1,testing
12,lyl,f,20,index,True,246443,247317,/,4.2,2.2,2.2,4.2,2,0,3,1,change_col,/,0,testing
12,lyl,f,20,index,True,252053,252869,z,4.2,0.7,4.2,0.7,1,0,2,3,nochange_ori,z,2,testing
12,lyl,f,20,index,True,257480,258132,/,4.2,1.2,4.2,1.2,0,3,2,1,change_ori,/,2,testing
12,lyl,f,20,index,True,262740,263125,/,2.2,2.2,0.7,0.7,2,1,0,3,change_col,/,3,testing
12,lyl,f,20,index,True,267799,268261,z,0.7,0.7,4.2,4.2,1,0,2,3,nochange_col,z,1,testing
12,lyl,f,20,index,True,272841,273941,z,1.2,1.2,2.2,2.2,1,3,0,2,nochange_ori,z,0,testing
12,lyl,f,20,index,True,278703,279380,z,2.2,4.2,4.2,2.2,0,3,1,2,nochange_col,z,1,testing
12,lyl,f,20,index,True,283962,284693,z,4.2,4.2,1.2,1.2,1,3,2,0,nochange_col,z,0,testing
12,lyl,f,20,index,True,289272,289781,z,1.2,1.2,2.2,2.2,1,2,3,0,nochange_col,z,3,testing
12,lyl,f,20,index,True,294515,295989,z,1.2,2.2,1.2,2.2,3,2,1,0,nochange_ori,z,1,testing
12,lyl,f,20,index,True,300660,301876,/,0.7,0.7,4.2,4.2,0,1,3,2,nochange_ori,z,0,testing
12,lyl,f,20,index,True,306470,307285,z,2.2,1.2,1.2,2.2,0,1,2,3,nochange_col,z,3,testing
12,lyl,f,20,index,True,311914,313460,/,4.2,4.2,0.7,0.7,0,2,3,1,change_col,/,3,testing
12,lyl,f,20,index,True,318108,318901,z,2.2,1.2,1.2,2.2,0,3,1,2,nochange_ori,z,1,testing
12,lyl,f,20,index,True,323584,324341,/,4.2,4.2,1.2,1.2,2,3,1,0,change_col,/,2,testing
12,lyl,f,20,index,True,329062,329653,z,0.7,0.7,1.2,1.2,1,2,0,3,nochange_ori,z,2,testing
12,lyl,f,20,index,True,334304,335813,/,4.2,0.7,0.7,4.2,2,0,3,1,change_ori,/,3,testing
12,lyl,f,20,index,True,340399,341621,/,2.2,1.2,1.2,2.2,0,3,2,1,nochange_ori,z,2,testing
12,lyl,f,20,index,True,346376,347221,z,1.2,0.7,1.2,0.7,0,3,2,1,nochange_ori,z,2,testing
12,lyl,f,20,index,True,351787,352741,z,1.2,1.2,2.2,2.2,2,0,1,3,nochange_ori,z,0,testing
12,lyl,f,20,index,True,357347,358069,/,1.2,1.2,2.2,2.2,2,0,3,1,change_col,/,0,testing
12,lyl,f,20,index,True,362657,363556,/,4.2,1.2,4.2,1.2,2,3,0,1,change_col,/,2,testing
12,lyl,f,20,index,True,368133,369765,/,2.2,1.2,1.2,2.2,1,3,2,0,change_ori,/,2,testing
12,lyl,f,20,index,True,374378,375636,/,4.2,4.2,2.2,2.2,2,3,0,1,change_col,/,2,testing
12,lyl,f,20,index,True,380255,380853,/,0.7,0.7,4.2,4.2,3,1,2,0,change_col,/,0,testing
12,lyl,f,20,index,True,385465,386165,z,2.2,1.2,2.2,1.2,1,3,2,0,nochange_ori,z,3,testing
12,lyl,f,20,index,True,390842,391493,z,2.2,0.7,2.2,0.7,1,0,2,3,nochange_col,z,0,testing
12,lyl,f,20,index,True,396235,397252,/,4.2,1.2,1.2,4.2,2,1,0,3,change_col,/,1,testing
12,lyl,f,20,index,True,401845,403237,z,2.2,1.2,2.2,1.2,2,3,1,0,nochange_ori,z,3,testing
12,lyl,f,20,index,True,407990,408613,z,0.7,4.2,0.7,4.2,0,2,3,1,nochange_col,z,0,testing
12,lyl,f,20,index,True,413233,413861,z,1.2,0.7,0.7,1.2,3,1,0,2,nochange_ori,z,2,testing
12,lyl,f,20,index,True,418493,419541,/,0.7,4.2,4.2,0.7,3,2,0,1,change_col,/,1,testing
12,lyl,f,20,index,True,424287,425157,/,1.2,4.2,4.2,1.2,2,1,3,0,change_ori,/,0,testing
12,lyl,f,20,index,True,429780,431397,/,0.7,0.7,4.2,4.2,2,3,0,1,change_ori,/,2,testing
12,lyl,f,20,index,True,436159,436724,/,2.2,0.7,0.7,2.2,3,2,1,0,change_col,/,2,testing
12,lyl,f,20,index,True,441368,442308,/,4.2,2.2,2.2,4.2,2,1,3,0,change_ori,/,1,testing
12,lyl,f,20,index,True,446995,447588,/,4.2,0.7,0.7,4.2,1,3,2,0,change_col,/,2,testing
12,lyl,f,20,index,True,452288,452964,/,0.7,1.2,0.7,1.2,1,2,0,3,change_ori,/,3,testing
12,lyl,f,20,index,True,457665,458773,z,2.2,2.2,1.2,1.2,2,0,3,1,nochange_col,z,1,testing
12,lyl,f,20,index,True,463409,464021,z,1.2,2.2,1.2,2.2,3,0,2,1,nochange_col,z,0,testing
12,lyl,f,20,index,True,468735,469813,/,1.2,4.2,1.2,4.2,3,0,2,1,change_ori,/,2,testing
12,lyl,f,20,index,True,474496,475237,z,1.2,0.7,1.2,0.7,1,3,0,2,nochange_col,z,3,testing
12,lyl,f,20,index,True,479922,480676,z,0.7,1.2,1.2,0.7,3,2,0,1,nochange_ori,z,1,testing
12,lyl,f,20,index,True,485432,486149,/,4.2,0.7,0.7,4.2,0,3,1,2,change_ori,/,0,testing
12,lyl,f,20,index,True,490875,491844,/,1.2,2.2,2.2,1.2,0,2,3,1,change_col,/,0,testing
12,lyl,f,20,index,True,496436,497012,/,2.2,2.2,0.7,0.7,1,2,3,0,change_col,/,0,testing
12,lyl,f,20,index,True,501729,502388,/,0.7,0.7,4.2,4.2,0,3,1,2,change_ori,/,1,testing
12,lyl,f,20,index,True,507106,507636,z,0.7,2.2,0.7,2.2,0,3,2,1,nochange_col,z,3,testing
12,lyl,f,20,index,True,512198,512756,z,1.2,1.2,2.2,2.2,3,2,1,0,nochange_col,z,1,testing
12,lyl,f,20,index,True,517508,518132,z,1.2,1.2,0.7,0.7,2,1,3,0,nochange_col,z,1,testing
12,lyl,f,20,index,True,522768,523476,/,1.2,0.7,1.2,0.7,2,0,1,3,change_ori,/,1,testing
12,lyl,f,20,index,True,528078,528692,z,2.2,2.2,1.2,1.2,2,0,3,1,nochange_col,z,1,testing
12,lyl,f,20,index,True,533303,534084,z,4.2,0.7,4.2,0.7,0,3,1,2,nochange_col,z,0,testing
12,lyl,f,20,index,True,538747,539556,z,2.2,2.2,0.7,0.7,2,3,0,1,change_ori,/,1,testing
12,lyl,f,20,index,True,544291,544997,z,4.2,4.2,1.2,1.2,0,3,2,1,nochange_ori,z,0,testing
12,lyl,f,20,index,True,549684,550277,z,1.2,1.2,0.7,0.7,1,0,2,3,nochange_col,z,3,testing
12,lyl,f,20,index,True,554893,555428,z,1.2,4.2,4.2,1.2,3,1,0,2,change_col,/,1,testing
12,lyl,f,20,index,True,560019,560884,/,1.2,4.2,1.2,4.2,1,3,2,0,change_ori,/,2,testing
12,lyl,f,20,index,True,565629,566212,z,1.2,0.7,0.7,1.2,0,2,3,1,nochange_ori,z,2,testing
12,lyl,f,20,index,True,570806,571556,z,1.2,0.7,0.7,1.2,0,1,2,3,nochange_ori,z,2,testing
12,lyl,f,20,index,True,576199,577459,/,0.7,4.2,0.7,4.2,0,3,1,2,change_ori,/,3,testing
12,lyl,f,20,index,True,582043,583476,/,4.2,4.2,0.7,0.7,1,0,2,3,change_ori,/,1,testing
12,lyl,f,20,index,True,588238,589205,/,1.2,1.2,0.7,0.7,3,2,0,1,change_ori,/,1,testing
12,lyl,f,20,index,True,593915,594564,z,2.2,1.2,1.2,2.2,1,0,3,2,nochange_col,z,2,testing
12,lyl,f,20,index,True,599291,600020,/,4.2,4.2,0.7,0.7,1,2,0,3,change_col,/,2,testing
12,lyl,f,20,index,True,604618,605157,/,2.2,1.2,2.2,1.2,3,1,2,0,change_col,/,1,testing
12,lyl,f,20,index,True,609861,610500,z,1.2,4.2,4.2,1.2,1,3,0,2,nochange_col,z,2,testing
12,lyl,f,20,index,True,615205,616932,z,0.7,1.2,1.2,0.7,2,0,3,1,change_ori,/,2,testing
12,lyl,f,20,index,True,621549,622484,z,0.7,2.2,0.7,2.2,0,3,2,1,nochange_ori,z,1,testing
12,lyl,f,20,index,True,627160,627972,/,1.2,0.7,0.7,1.2,1,2,3,0,change_ori,/,2,testing
12,lyl,f,20,index,True,668168,669284,z,0.7,0.7,2.2,2.2,0,3,2,1,nochange_ori,z,3,testing
12,lyl,f,20,index,True,673895,674516,z,2.2,0.7,0.7,2.2,0,3,2,1,nochange_ori,z,3,testing
12,lyl,f,20,index,True,679155,679812,z,1.2,2.2,1.2,2.2,2,1,0,3,nochange_ori,z,2,testing
12,lyl,f,20,index,True,684499,685156,/,1.2,4.2,1.2,4.2,2,0,1,3,change_col,/,3,testing
12,lyl,f,20,index,True,689858,690580,z,4.2,4.2,0.7,0.7,0,1,3,2,nochange_ori,z,3,testing
12,lyl,f,20,index,True,695235,696308,z,1.2,4.2,4.2,1.2,1,3,2,0,nochange_ori,z,0,testing
12,lyl,f,20,index,True,701012,701764,z,2.2,4.2,2.2,4.2,3,1,2,0,change_ori,/,3,testing
12,lyl,f,20,index,True,706472,707092,z,2.2,1.2,2.2,1.2,3,1,0,2,nochange_col,z,1,testing
12,lyl,f,20,index,True,711732,712260,/,0.7,0.7,4.2,4.2,2,1,3,0,change_col,/,3,testing
12,lyl,f,20,index,True,716992,717796,/,2.2,4.2,2.2,4.2,2,0,1,3,change_col,/,1,testing
12,lyl,f,20,index,True,722417,722964,/,4.2,1.2,1.2,4.2,3,2,1,0,change_col,/,2,testing
12,lyl,f,20,index,True,727677,728453,z,2.2,2.2,4.2,4.2,0,1,2,3,nochange_col,z,0,testing
12,lyl,f,20,index,True,733137,734068,z,4.2,0.7,0.7,4.2,1,3,2,0,change_ori,/,0,testing
12,lyl,f,20,index,True,738832,739493,z,1.2,1.2,4.2,4.2,1,3,2,0,nochange_ori,z,0,testing
12,lyl,f,20,index,True,744208,744804,z,2.2,1.2,2.2,1.2,0,3,2,1,nochange_col,z,0,testing
12,lyl,f,20,index,True,749401,749988,z,2.2,1.2,2.2,1.2,3,0,2,1,nochange_ori,z,1,testing
12,lyl,f,20,index,True,754727,755379,z,4.2,0.7,4.2,0.7,2,1,0,3,nochange_col,z,3,testing
12,lyl,f,20,index,True,760037,760852,z,4.2,1.2,4.2,1.2,0,2,1,3,nochange_ori,z,1,testing
12,lyl,f,20,index,True,765498,766132,/,4.2,4.2,1.2,1.2,2,0,3,1,change_col,/,2,testing
12,lyl,f,20,index,True,770740,771492,z,0.7,2.2,2.2,0.7,3,0,1,2,change_col,/,2,testing
12,lyl,f,20,index,True,776117,776932,/,1.2,1.2,2.2,2.2,0,1,3,2,change_ori,/,1,testing
12,lyl,f,20,index,True,781543,783108,/,0.7,0.7,4.2,4.2,2,3,0,1,nochange_ori,z,3,testing
12,lyl,f,20,index,True,787838,788740,z,4.2,2.2,2.2,4.2,3,2,1,0,change_ori,/,2,testing
12,lyl,f,20,index,True,793416,794452,/,2.2,1.2,1.2,2.2,2,1,3,0,nochange_ori,z,2,testing
12,lyl,f,20,index,True,799042,800196,/,2.2,0.7,0.7,2.2,1,2,0,3,nochange_ori,z,1,testing
12,lyl,f,20,index,True,804786,805476,/,4.2,4.2,2.2,2.2,3,1,0,2,change_col,/,0,testing
12,lyl,f,20,index,True,810163,810724,z,4.2,4.2,0.7,0.7,1,0,2,3,nochange_col,z,3,testing
12,lyl,f,20,index,True,815373,815908,z,1.2,1.2,0.7,0.7,1,0,2,3,nochange_col,z,1,testing
12,lyl,f,20,index,True,820631,821412,/,1.2,1.2,2.2,2.2,2,1,3,0,change_ori,/,2,testing
12,lyl,f,20,index,True,826109,827076,/,2.2,2.2,1.2,1.2,0,2,3,1,change_col,/,3,testing
12,lyl,f,20,index,True,831752,832596,/,2.2,4.2,4.2,2.2,2,1,3,0,change_col,/,3,testing
12,lyl,f,20,index,True,837279,837860,z,0.7,2.2,2.2,0.7,0,2,3,1,nochange_col,z,0,testing
12,lyl,f,20,index,True,842588,843236,z,2.2,4.2,4.2,2.2,2,0,3,1,nochange_ori,z,2,testing
12,lyl,f,20,index,True,847848,848580,/,2.2,1.2,2.2,1.2,3,0,2,1,change_col,/,3,testing
12,lyl,f,20,index,True,853359,854868,z,1.2,1.2,0.7,0.7,1,2,3,0,nochange_ori,z,2,testing
12,lyl,f,20,index,True,859470,860148,z,1.2,2.2,2.2,1.2,0,1,3,2,nochange_col,z,1,testing
12,lyl,f,20,index,True,864780,865508,z,4.2,4.2,1.2,1.2,3,0,1,2,change_ori,/,3,testing
12,lyl,f,20,index,True,870139,870852,z,0.7,4.2,4.2,0.7,1,0,2,3,nochange_col,z,0,testing
12,lyl,f,20,index,True,875599,876324,/,2.2,1.2,2.2,1.2,1,3,2,0,change_ori,/,1,testing
12,lyl,f,20,index,True,880926,881476,/,0.7,1.2,1.2,0.7,0,1,2,3,change_col,/,3,testing
12,lyl,f,20,index,True,886052,886883,/,4.2,4.2,1.2,1.2,2,0,1,3,change_ori,/,0,testing
12,lyl,f,20,index,True,891562,892404,z,4.2,4.2,1.2,1.2,1,3,2,0,change_ori,/,1,testing
12,lyl,f,20,index,True,897072,897764,/,2.2,2.2,1.2,1.2,3,2,0,1,change_ori,/,2,testing
12,lyl,f,20,index,True,902366,903028,z,4.2,0.7,4.2,0.7,2,3,1,0,nochange_col,z,3,testing
12,lyl,f,20,index,True,907625,908179,z,1.2,1.2,4.2,4.2,3,2,0,1,nochange_col,z,3,testing
12,lyl,f,20,index,True,912785,913396,z,4.2,1.2,4.2,1.2,2,3,0,1,nochange_ori,z,0,testing
12,lyl,f,20,index,True,918010,918835,z,2.2,2.2,1.2,1.2,1,3,2,0,nochange_ori,z,2,testing
12,lyl,f,20,index,True,923554,924404,z,4.2,4.2,2.2,2.2,1,2,3,0,change_ori,/,1,testing
12,lyl,f,20,index,True,929064,930404,/,0.7,4.2,0.7,4.2,2,3,1,0,nochange_ori,z,3,testing
12,lyl,f,20,index,True,935076,935588,/,4.2,0.7,0.7,4.2,1,3,2,0,change_col,/,0,testing
12,lyl,f,20,index,True,940168,941028,/,1.2,1.2,4.2,4.2,3,0,1,2,change_ori,/,0,testing
12,lyl,f,20,index,True,945645,946308,/,1.2,0.7,0.7,1.2,2,0,1,3,change_col,/,2,testing
12,lyl,f,20,index,True,950988,952211,/,4.2,1.2,4.2,1.2,3,0,1,2,change_ori,/,0,testing
12,lyl,f,20,index,True,956916,957780,z,0.7,4.2,4.2,0.7,1,0,3,2,nochange_ori,z,3,testing
12,lyl,f,20,index,True,962443,963220,/,2.2,4.2,4.2,2.2,3,2,0,1,change_col,/,0,testing
12,lyl,f,20,index,True,967953,968580,/,2.2,2.2,4.2,4.2,2,3,1,0,change_col,/,2,testing
12,lyl,f,20,index,True,973246,974739,z,2.2,2.2,1.2,1.2,3,0,1,2,nochange_col,z,1,testing
12,lyl,f,20,index,True,979374,980291,/,4.2,4.2,2.2,2.2,1,2,3,0,change_col,/,0,testing
12,lyl,f,20,index,True,984917,985732,/,2.2,0.7,0.7,2.2,1,2,0,3,change_ori,/,2,testing
12,lyl,f,20,index,True,990477,991171,z,4.2,0.7,0.7,4.2,1,2,0,3,nochange_col,z,3,testing
12,lyl,f,20,index,True,995737,996611,z,4.2,1.2,1.2,4.2,0,2,3,1,nochange_col,z,2,testing
12,lyl,f,20,index,True,1001314,1002051,z,1.2,0.7,1.2,0.7,2,1,3,0,nochange_col,z,2,testing
12,lyl,f,20,index,True,1006741,1007715,z,0.7,0.7,2.2,2.2,3,2,1,0,change_ori,/,3,testing
12,lyl,f,20,index,True,1012467,1013091,z,1.2,1.2,0.7,0.7,3,0,1,2,nochange_ori,z,0,testing
12,lyl,f,20,index,True,1017811,1018244,z,2.2,4.2,2.2,4.2,2,3,1,0,nochange_col,z,0,testing
12,lyl,f,20,index,True,1022820,1023780,z,2.2,2.2,1.2,1.2,2,3,0,1,nochange_ori,z,2,testing
12,lyl,f,20,index,True,1028498,1029379,/,0.7,0.7,1.2,1.2,2,0,1,3,change_ori,/,3,testing
12,lyl,f,20,index,True,1034125,1034740,/,2.2,2.2,0.7,0.7,1,0,3,2,change_ori,/,3,testing
12,lyl,f,20,index,True,1039417,1039956,/,4.2,0.7,4.2,0.7,0,3,2,1,change_col,/,2,testing
12,lyl,f,20,index,True,1044710,1045684,/,0.7,0.7,1.2,1.2,0,1,3,2,change_ori,/,1,testing
12,lyl,f,20,index,True,1050270,1050820,/,2.2,1.2,2.2,1.2,2,1,0,3,change_col,/,3,testing
12,lyl,f,20,index,True,1055397,1055956,z,1.2,1.2,4.2,4.2,3,0,1,2,nochange_col,z,0,testing
12,lyl,f,20,index,True,1060673,1061379,z,4.2,4.2,2.2,2.2,0,2,1,3,nochange_ori,z,2,testing
12,lyl,f,20,index,True,1066066,1066804,/,4.2,1.2,4.2,1.2,0,3,2,1,change_col,/,2,testing
12,lyl,f,20,index,True,1071393,1072259,/,2.2,0.7,2.2,0.7,0,1,3,2,change_ori,/,1,testing
12,lyl,f,20,index,True,1076936,1077555,/,2.2,2.2,1.2,1.2,1,2,3,0,change_col,/,0,testing
12,lyl,f,20,index,True,1082229,1082739,z,0.7,2.2,0.7,2.2,2,3,1,0,nochange_col,z,0,testing
12,lyl,f,20,index,True,1087322,1087971,z,2.2,2.2,1.2,1.2,1,0,2,3,nochange_col,z,3,testing
12,lyl,f,20,index,True,1092548,1093140,z,2.2,2.2,4.2,4.2,2,3,1,0,nochange_col,z,1,testing
12,lyl,f,20,index,True,1097741,1099060,/,4.2,0.7,4.2,0.7,2,0,1,3,change_ori,/,2,testing
