subj,name,gender,age,cond,P_resp,P_startTime,P_respTime,P_gotKey,sf1,sf2,sf3,sf4,ord_1,ord_2,ord_3,ord_4,task,correct_key,no_change,mode
13,xzr,f,21,index,True,49965,51365,z,0.7,0.7,1.2,1.2,0,1,3,2,nochange_ori,z,3,practice
13,xzr,f,21,index,True,55943,58836,/,1.2,0.7,1.2,0.7,0,3,1,2,change_ori,/,1,practice
13,xzr,f,21,index,True,63590,65317,z,0.7,4.2,0.7,4.2,1,2,0,3,nochange_col,z,1,practice
13,xzr,f,21,index,True,70035,71189,z,1.2,4.2,1.2,4.2,3,2,0,1,nochange_ori,z,1,practice
13,xzr,f,21,index,True,75763,77093,z,1.2,1.2,2.2,2.2,3,0,2,1,nochange_ori,z,1,practice
13,xzr,f,21,index,True,81757,83477,/,1.2,1.2,2.2,2.2,3,1,0,2,change_ori,/,3,practice
13,xzr,f,21,index,True,88085,89332,/,4.2,1.2,4.2,1.2,3,0,1,2,change_col,/,3,practice
13,xzr,f,21,index,True,94046,95380,z,0.7,0.7,1.2,1.2,3,1,2,0,nochange_col,z,0,practice
13,xzr,f,21,index,True,100007,101989,/,0.7,2.2,0.7,2.2,1,0,2,3,change_ori,/,1,practice
13,xzr,f,21,index,True,106653,109075,/,4.2,2.2,2.2,4.2,1,3,0,2,change_ori,/,1,practice
13,xzr,f,21,index,True,113749,115221,z,1.2,0.7,1.2,0.7,3,0,2,1,nochange_col,z,3,practice
13,xzr,f,21,index,True,119811,121332,/,4.2,2.2,4.2,2.2,3,1,0,2,change_col,/,0,practice
13,xzr,f,21,index,True,126055,127237,/,2.2,0.7,2.2,0.7,2,3,1,0,change_col,/,0,practice
13,xzr,f,21,index,True,131849,132836,/,1.2,1.2,0.7,0.7,0,2,1,3,change_col,/,0,practice
13,xzr,f,21,index,True,137492,139141,/,2.2,2.2,1.2,1.2,3,2,1,0,change_ori,/,0,practice
13,xzr,f,21,index,True,143822,145397,z,4.2,0.7,0.7,4.2,1,3,0,2,nochange_col,z,0,practice
13,xzr,f,21,index,True,150099,151893,z,4.2,0.7,4.2,0.7,1,0,2,3,nochange_ori,z,2,practice
13,xzr,f,21,index,True,156645,158277,z,0.7,4.2,4.2,0.7,3,2,1,0,nochange_col,z,1,practice
13,xzr,f,21,index,True,163023,164308,/,0.7,2.2,0.7,2.2,2,0,1,3,change_col,/,1,practice
13,xzr,f,21,index,True,169051,170901,z,2.2,2.2,1.2,1.2,0,3,1,2,nochange_ori,z,3,practice
13,xzr,f,21,index,True,180555,182212,z,0.7,0.7,2.2,2.2,0,3,2,1,nochange_col,z,0,testing
13,xzr,f,21,index,True,186884,189525,/,4.2,4.2,1.2,1.2,3,1,2,0,change_col,/,1,testing
13,xzr,f,21,index,True,194264,198500,z,2.2,0.7,2.2,0.7,2,3,1,0,nochange_col,z,3,testing
13,xzr,f,21,index,True,203097,204116,z,4.2,1.2,4.2,1.2,1,0,2,3,nochange_ori,z,3,testing
13,xzr,f,21,index,True,208707,210308,/,0.7,2.2,2.2,0.7,2,1,0,3,change_col,/,3,testing
13,xzr,f,21,index,True,214902,217044,/,1.2,4.2,1.2,4.2,1,2,3,0,change_ori,/,0,testing
13,xzr,f,21,index,True,221615,223092,z,1.2,1.2,4.2,4.2,2,3,1,0,nochange_ori,z,0,testing
13,xzr,f,21,index,True,227708,231140,z,0.7,2.2,2.2,0.7,2,0,3,1,nochange_col,z,3,testing
13,xzr,f,21,index,True,235840,242740,z,2.2,2.2,1.2,1.2,0,2,1,3,nochange_col,z,3,testing
13,xzr,f,21,index,True,247345,249653,/,4.2,4.2,1.2,1.2,2,3,1,0,change_ori,/,3,testing
13,xzr,f,21,index,True,254257,257508,/,0.7,4.2,0.7,4.2,1,0,2,3,change_col,/,0,testing
13,xzr,f,21,index,True,262205,265812,z,1.2,2.2,1.2,2.2,0,1,2,3,nochange_col,z,2,testing
13,xzr,f,21,index,True,270453,272149,z,0.7,2.2,2.2,0.7,0,1,2,3,nochange_col,z,3,testing
13,xzr,f,21,index,True,276766,278324,z,0.7,2.2,2.2,0.7,0,1,2,3,nochange_ori,z,0,testing
13,xzr,f,21,index,True,282993,284356,/,2.2,1.2,2.2,1.2,0,1,2,3,change_ori,/,0,testing
13,xzr,f,21,index,True,289038,290180,z,2.2,4.2,2.2,4.2,1,2,3,0,nochange_col,z,0,testing
13,xzr,f,21,index,True,294849,295940,/,0.7,2.2,2.2,0.7,1,0,3,2,change_col,/,3,testing
13,xzr,f,21,index,True,300542,301445,z,2.2,2.2,1.2,1.2,2,1,0,3,nochange_ori,z,2,testing
13,xzr,f,21,index,True,306070,308308,/,1.2,1.2,0.7,0.7,3,0,2,1,change_ori,/,3,testing
13,xzr,f,21,index,True,313049,315284,/,1.2,1.2,4.2,4.2,3,2,1,0,change_ori,/,0,testing
13,xzr,f,21,index,True,319895,322821,z,0.7,2.2,2.2,0.7,3,2,1,0,nochange_ori,z,3,testing
13,xzr,f,21,index,True,327475,328405,z,2.2,4.2,2.2,4.2,0,3,2,1,nochange_col,z,0,testing
13,xzr,f,21,index,True,333136,334244,z,0.7,4.2,0.7,4.2,3,2,1,0,nochange_col,z,1,testing
13,xzr,f,21,index,True,338913,342292,/,2.2,4.2,4.2,2.2,2,1,0,3,change_ori,/,0,testing
13,xzr,f,21,index,True,346961,347876,z,4.2,4.2,2.2,2.2,3,1,0,2,nochange_col,z,2,testing
13,xzr,f,21,index,True,352471,353668,/,1.2,1.2,4.2,4.2,0,2,1,3,change_ori,/,2,testing
13,xzr,f,21,index,True,358382,359940,z,0.7,4.2,4.2,0.7,2,1,0,3,nochange_ori,z,2,testing
13,xzr,f,21,index,True,364694,366404,/,1.2,2.2,1.2,2.2,3,1,0,2,change_col,/,0,testing
13,xzr,f,21,index,True,371005,371972,z,1.2,2.2,1.2,2.2,2,0,3,1,nochange_col,z,0,testing
13,xzr,f,21,index,True,376632,378676,/,4.2,4.2,2.2,2.2,2,1,0,3,change_ori,/,3,testing
13,xzr,f,21,index,True,383328,384628,/,1.2,1.2,0.7,0.7,0,2,3,1,change_col,/,1,testing
13,xzr,f,21,index,True,389239,390404,/,2.2,4.2,2.2,4.2,3,1,0,2,change_ori,/,3,testing
13,xzr,f,21,index,True,395150,396916,/,0.7,4.2,4.2,0.7,0,2,1,3,change_col,/,2,testing
13,xzr,f,21,index,True,401562,403140,/,0.7,1.2,0.7,1.2,1,3,2,0,change_col,/,0,testing
13,xzr,f,21,index,True,407723,408724,/,1.2,2.2,1.2,2.2,3,2,0,1,change_col,/,3,testing
13,xzr,f,21,index,True,413366,414452,/,0.7,0.7,2.2,2.2,0,2,1,3,change_col,/,1,testing
13,xzr,f,21,index,True,419160,420212,z,0.7,0.7,1.2,1.2,2,1,0,3,nochange_ori,z,0,testing
13,xzr,f,21,index,True,424921,426900,/,4.2,0.7,0.7,4.2,1,3,2,0,change_col,/,2,testing
13,xzr,f,21,index,True,431466,434372,/,2.2,2.2,4.2,4.2,2,3,0,1,nochange_ori,z,3,testing
13,xzr,f,21,index,True,439014,439812,z,1.2,1.2,0.7,0.7,3,0,1,2,nochange_ori,z,0,testing
13,xzr,f,21,index,True,444540,445524,z,0.7,4.2,4.2,0.7,0,1,2,3,nochange_col,z,0,testing
13,xzr,f,21,index,True,450284,451556,/,0.7,1.2,0.7,1.2,0,1,2,3,change_ori,/,2,testing
13,xzr,f,21,index,True,456295,457300,/,1.2,1.2,0.7,0.7,2,0,3,1,change_col,/,3,testing
13,xzr,f,21,index,True,461906,463124,/,4.2,0.7,4.2,0.7,3,0,1,2,change_ori,/,0,testing
13,xzr,f,21,index,True,467767,468852,/,0.7,0.7,1.2,1.2,1,2,0,3,change_col,/,2,testing
13,xzr,f,21,index,True,473510,475092,z,1.2,4.2,1.2,4.2,2,1,3,0,nochange_ori,z,0,testing
13,xzr,f,21,index,True,479822,481572,z,4.2,1.2,1.2,4.2,3,0,1,2,nochange_ori,z,0,testing
13,xzr,f,21,index,True,486217,488532,z,4.2,4.2,2.2,2.2,0,2,3,1,nochange_ori,z,2,testing
13,xzr,f,21,index,True,493197,495508,/,2.2,2.2,0.7,0.7,3,1,0,2,change_ori,/,0,testing
13,xzr,f,21,index,True,500075,501203,z,0.7,1.2,1.2,0.7,1,3,0,2,nochange_ori,z,3,testing
13,xzr,f,21,index,True,505869,507411,z,1.2,2.2,2.2,1.2,3,0,1,2,nochange_col,z,2,testing
13,xzr,f,21,index,True,512164,514500,z,1.2,1.2,2.2,2.2,3,1,0,2,nochange_col,z,1,testing
13,xzr,f,21,index,True,519161,521043,/,4.2,0.7,0.7,4.2,1,3,2,0,change_ori,/,2,testing
13,xzr,f,21,index,True,525673,527108,/,1.2,0.7,1.2,0.7,2,0,3,1,change_ori,/,0,testing
13,xzr,f,21,index,True,531717,533123,/,0.7,0.7,1.2,1.2,1,3,2,0,change_col,/,0,testing
13,xzr,f,21,index,True,537712,538932,z,0.7,4.2,4.2,0.7,1,2,3,0,nochange_ori,z,3,testing
13,xzr,f,21,index,True,543656,544899,/,0.7,2.2,2.2,0.7,2,1,0,3,change_col,/,1,testing
13,xzr,f,21,index,True,549484,551668,/,0.7,1.2,0.7,1.2,3,1,2,0,change_col,/,2,testing
13,xzr,f,21,index,True,556396,557380,z,0.7,0.7,2.2,2.2,0,3,1,2,nochange_col,z,3,testing
13,xzr,f,21,index,True,562073,562963,z,1.2,1.2,4.2,4.2,3,2,1,0,nochange_col,z,2,testing
13,xzr,f,21,index,True,567550,568612,/,4.2,0.7,0.7,4.2,1,2,0,3,change_ori,/,2,testing
13,xzr,f,21,index,True,573327,575140,/,4.2,1.2,4.2,1.2,1,3,0,2,change_ori,/,2,testing
13,xzr,f,21,index,True,579823,581316,/,2.2,0.7,0.7,2.2,0,2,3,1,change_ori,/,3,testing
13,xzr,f,21,index,True,586000,587316,z,1.2,0.7,0.7,1.2,0,2,3,1,nochange_ori,z,2,testing
13,xzr,f,21,index,True,591961,592852,z,1.2,1.2,2.2,2.2,0,2,1,3,nochange_ori,z,2,testing
13,xzr,f,21,index,True,597555,599012,/,1.2,1.2,4.2,4.2,3,2,1,0,change_ori,/,1,testing
13,xzr,f,21,index,True,603633,607091,/,4.2,1.2,1.2,4.2,0,1,3,2,change_ori,/,3,testing
13,xzr,f,21,index,True,611798,612835,z,1.2,2.2,1.2,2.2,0,3,2,1,nochange_ori,z,2,testing
13,xzr,f,21,index,True,617508,619236,z,0.7,1.2,0.7,1.2,2,3,1,0,nochange_ori,z,3,testing
13,xzr,f,21,index,True,623937,624803,/,4.2,2.2,4.2,2.2,1,3,2,0,change_col,/,2,testing
13,xzr,f,21,index,True,629397,630484,/,4.2,2.2,2.2,4.2,3,0,1,2,change_col,/,1,testing
13,xzr,f,21,index,True,635141,636532,z,0.7,1.2,0.7,1.2,3,0,2,1,nochange_col,z,1,testing
13,xzr,f,21,index,True,641102,642356,/,4.2,2.2,4.2,2.2,2,3,1,0,change_ori,/,0,testing
13,xzr,f,21,index,True,646996,648083,z,0.7,1.2,1.2,0.7,0,2,3,1,nochange_ori,z,1,testing
13,xzr,f,21,index,True,652657,653875,z,0.7,1.2,1.2,0.7,2,0,1,3,nochange_col,z,3,testing
13,xzr,f,21,index,True,658634,659667,/,4.2,0.7,4.2,0.7,0,1,3,2,change_col,/,3,testing
13,xzr,f,21,index,True,664278,665236,z,4.2,4.2,0.7,0.7,0,2,1,3,nochange_col,z,2,testing
13,xzr,f,21,index,True,669989,670948,/,0.7,2.2,0.7,2.2,3,1,2,0,change_col,/,1,testing
13,xzr,f,21,index,True,675698,678243,z,0.7,1.2,1.2,0.7,2,0,1,3,nochange_ori,z,0,testing
13,xzr,f,21,index,True,682912,683827,z,0.7,0.7,2.2,2.2,0,1,2,3,nochange_col,z,2,testing
13,xzr,f,21,index,True,696086,697699,/,0.7,2.2,2.2,0.7,2,3,0,1,change_col,/,0,testing
13,xzr,f,21,index,True,702381,704083,z,2.2,0.7,0.7,2.2,2,3,0,1,nochange_ori,z,3,testing
13,xzr,f,21,index,True,708742,709636,z,2.2,4.2,2.2,4.2,1,3,2,0,nochange_col,z,3,testing
13,xzr,f,21,index,True,714320,715300,z,4.2,4.2,2.2,2.2,1,3,2,0,nochange_ori,z,2,testing
13,xzr,f,21,index,True,719963,721316,z,2.2,1.2,1.2,2.2,0,2,3,1,nochange_ori,z,0,testing
13,xzr,f,21,index,True,726025,726915,z,1.2,1.2,4.2,4.2,0,1,2,3,nochange_col,z,0,testing
13,xzr,f,21,index,True,731534,732276,z,1.2,2.2,2.2,1.2,0,2,1,3,nochange_col,z,1,testing
13,xzr,f,21,index,True,736961,737907,/,2.2,4.2,2.2,4.2,3,0,2,1,change_ori,/,1,testing
13,xzr,f,21,index,True,742605,743507,z,2.2,4.2,2.2,4.2,1,3,2,0,nochange_ori,z,3,testing
13,xzr,f,21,index,True,748265,748915,z,4.2,0.7,4.2,0.7,2,1,0,3,nochange_col,z,1,testing
13,xzr,f,21,index,True,753609,754644,/,1.2,1.2,4.2,4.2,0,1,2,3,change_col,/,0,testing
13,xzr,f,21,index,True,759369,760291,z,1.2,2.2,2.2,1.2,3,1,2,0,nochange_col,z,3,testing
13,xzr,f,21,index,True,764863,766243,/,2.2,1.2,1.2,2.2,2,0,3,1,change_ori,/,0,testing
13,xzr,f,21,index,True,770941,774259,/,1.2,4.2,4.2,1.2,3,2,1,0,change_ori,/,2,testing
13,xzr,f,21,index,True,778905,780404,/,4.2,4.2,2.2,2.2,0,2,3,1,change_ori,/,2,testing
13,xzr,f,21,index,True,785032,786419,/,1.2,2.2,2.2,1.2,3,0,1,2,change_ori,/,3,testing
13,xzr,f,21,index,True,791044,792467,/,2.2,4.2,2.2,4.2,0,2,3,1,change_ori,/,2,testing
13,xzr,f,21,index,True,797139,798259,z,4.2,0.7,0.7,4.2,1,3,2,0,change_ori,/,1,testing
13,xzr,f,21,index,True,802916,804035,z,2.2,0.7,2.2,0.7,1,0,3,2,nochange_ori,z,3,testing
13,xzr,f,21,index,True,808643,809939,z,0.7,0.7,1.2,1.2,2,0,3,1,nochange_ori,z,1,testing
13,xzr,f,21,index,True,814620,815604,z,4.2,2.2,2.2,4.2,3,2,1,0,nochange_col,z,2,testing
13,xzr,f,21,index,True,820298,821571,/,1.2,0.7,0.7,1.2,0,3,2,1,change_col,/,3,testing
13,xzr,f,21,index,True,826208,827171,/,4.2,4.2,0.7,0.7,2,1,3,0,change_col,/,2,testing
13,xzr,f,21,index,True,831736,833763,/,1.2,0.7,1.2,0.7,0,1,3,2,change_ori,/,0,testing
13,xzr,f,21,index,True,838331,839315,z,2.2,4.2,2.2,4.2,2,1,0,3,nochange_ori,z,0,testing
13,xzr,f,21,index,True,843991,844803,z,4.2,1.2,4.2,1.2,0,3,1,2,nochange_col,z,0,testing
13,xzr,f,21,index,True,849468,850707,z,4.2,1.2,4.2,1.2,3,0,1,2,nochange_ori,z,3,testing
13,xzr,f,21,index,True,855279,856323,/,0.7,0.7,1.2,1.2,2,1,3,0,change_ori,/,2,testing
13,xzr,f,21,index,True,860955,861891,z,4.2,2.2,4.2,2.2,1,0,2,3,nochange_ori,z,3,testing
13,xzr,f,21,index,True,866633,868003,/,2.2,0.7,2.2,0.7,0,1,3,2,change_col,/,1,testing
13,xzr,f,21,index,True,872660,873572,/,0.7,2.2,2.2,0.7,3,1,0,2,change_col,/,1,testing
13,xzr,f,21,index,True,878204,879715,z,2.2,0.7,2.2,0.7,0,2,3,1,nochange_ori,z,0,testing
13,xzr,f,21,index,True,884399,885780,/,4.2,1.2,4.2,1.2,0,2,3,1,change_ori,/,2,testing
13,xzr,f,21,index,True,890427,891572,z,2.2,2.2,4.2,4.2,0,3,2,1,nochange_col,z,0,testing
13,xzr,f,21,index,True,896187,897763,z,1.2,4.2,1.2,4.2,0,3,1,2,nochange_ori,z,2,testing
13,xzr,f,21,index,True,902349,903091,z,0.7,1.2,1.2,0.7,2,3,0,1,nochange_ori,z,1,testing
13,xzr,f,21,index,True,907758,908515,/,1.2,4.2,1.2,4.2,2,3,1,0,change_col,/,3,testing
13,xzr,f,21,index,True,913118,914243,z,4.2,4.2,2.2,2.2,0,2,1,3,nochange_col,z,1,testing
13,xzr,f,21,index,True,918929,919907,/,2.2,0.7,2.2,0.7,3,1,2,0,change_col,/,3,testing
13,xzr,f,21,index,True,924523,925635,z,1.2,2.2,1.2,2.2,3,0,1,2,nochange_ori,z,2,testing
13,xzr,f,21,index,True,930216,931683,z,4.2,1.2,4.2,1.2,2,1,3,0,nochange_ori,z,2,testing
13,xzr,f,21,index,True,936445,937491,z,2.2,0.7,0.7,2.2,1,0,3,2,nochange_col,z,3,testing
13,xzr,f,21,index,True,942121,943251,/,4.2,1.2,1.2,4.2,1,0,2,3,change_ori,/,0,testing
13,xzr,f,21,index,True,947882,948755,/,2.2,0.7,2.2,0.7,3,0,1,2,change_col,/,0,testing
13,xzr,f,21,index,True,953443,954819,/,1.2,1.2,0.7,0.7,1,3,2,0,change_ori,/,1,testing
13,xzr,f,21,index,True,959487,960483,z,0.7,2.2,2.2,0.7,2,0,1,3,nochange_col,z,0,testing
13,xzr,f,21,index,True,965047,966211,z,4.2,4.2,1.2,1.2,1,3,0,2,nochange_col,z,3,testing
13,xzr,f,21,index,True,970942,972291,z,1.2,4.2,4.2,1.2,0,2,3,1,nochange_col,z,3,testing
13,xzr,f,21,index,True,976952,977939,/,0.7,0.7,4.2,4.2,0,3,1,2,change_ori,/,3,testing
13,xzr,f,21,index,True,982563,983859,/,1.2,0.7,0.7,1.2,3,0,1,2,change_col,/,2,testing
13,xzr,f,21,index,True,988607,989411,z,1.2,4.2,4.2,1.2,0,2,3,1,nochange_col,z,3,testing
13,xzr,f,21,index,True,994000,994787,/,4.2,1.2,4.2,1.2,2,1,3,0,change_col,/,2,testing
13,xzr,f,21,index,True,999528,1001347,/,1.2,2.2,2.2,1.2,2,1,3,0,change_ori,/,3,testing
13,xzr,f,21,index,True,1006089,1006835,z,4.2,4.2,2.2,2.2,1,3,2,0,nochange_col,z,1,testing
13,xzr,f,21,index,True,1011516,1012787,z,4.2,1.2,1.2,4.2,1,0,2,3,nochange_ori,z,1,testing
13,xzr,f,21,index,True,1017510,1018371,/,2.2,4.2,2.2,4.2,1,3,2,0,change_col,/,2,testing
13,xzr,f,21,index,True,1023021,1024355,z,0.7,1.2,0.7,1.2,2,0,3,1,nochange_ori,z,3,testing
13,xzr,f,21,index,True,1028982,1032851,/,1.2,2.2,1.2,2.2,0,1,3,2,change_col,/,1,testing
13,xzr,f,21,index,True,1037547,1038707,z,4.2,2.2,4.2,2.2,3,0,2,1,nochange_ori,z,2,testing
13,xzr,f,21,index,True,1043358,1044339,/,0.7,1.2,0.7,1.2,3,1,2,0,change_col,/,3,testing
13,xzr,f,21,index,True,1048935,1049923,z,1.2,4.2,1.2,4.2,2,1,3,0,nochange_col,z,2,testing
13,xzr,f,21,index,True,1054696,1055747,z,0.7,0.7,2.2,2.2,3,2,1,0,nochange_col,z,0,testing
13,xzr,f,21,index,True,1060389,1061171,/,1.2,4.2,4.2,1.2,0,2,1,3,change_ori,/,2,testing
13,xzr,f,21,index,True,1065766,1066675,/,4.2,2.2,2.2,4.2,2,1,3,0,change_ori,/,1,testing
13,xzr,f,21,index,True,1071342,1072659,/,4.2,4.2,1.2,1.2,3,2,1,0,change_col,/,1,testing
13,xzr,f,21,index,True,1077387,1078771,z,0.7,0.7,1.2,1.2,1,3,2,0,nochange_col,z,3,testing
13,xzr,f,21,index,True,1083365,1085346,z,0.7,1.2,0.7,1.2,1,3,2,0,nochange_ori,z,0,testing
13,xzr,f,21,index,True,1090060,1090899,/,4.2,0.7,0.7,4.2,3,0,2,1,change_col,/,1,testing
13,xzr,f,21,index,True,1095537,1096626,/,2.2,0.7,0.7,2.2,0,1,2,3,change_ori,/,1,testing
13,xzr,f,21,index,True,1101348,1102131,/,2.2,2.2,1.2,1.2,3,1,2,0,change_col,/,2,testing
13,xzr,f,21,index,True,1106707,1108611,z,1.2,0.7,0.7,1.2,3,0,2,1,nochange_col,z,3,testing
13,xzr,f,21,index,True,1113286,1114532,/,2.2,0.7,0.7,2.2,1,2,0,3,change_col,/,2,testing
13,xzr,f,21,index,True,1119247,1120834,z,2.2,1.2,1.2,2.2,2,0,3,1,nochange_ori,z,3,testing
13,xzr,f,21,index,True,1125425,1126515,z,0.7,2.2,0.7,2.2,2,3,0,1,nochange_col,z,3,testing
13,xzr,f,21,index,True,1131136,1132467,/,1.2,4.2,1.2,4.2,1,2,0,3,change_ori,/,0,testing
13,xzr,f,21,index,True,1137147,1138195,/,0.7,0.7,1.2,1.2,2,1,0,3,change_ori,/,2,testing
13,xzr,f,21,index,True,1142774,1143843,/,1.2,1.2,0.7,0.7,1,0,3,2,change_col,/,0,testing
13,xzr,f,21,index,True,1148568,1149779,z,4.2,4.2,0.7,0.7,3,1,2,0,nochange_ori,z,0,testing
13,xzr,f,21,index,True,1154395,1155603,/,0.7,4.2,4.2,0.7,2,0,3,1,change_ori,/,3,testing
13,xzr,f,21,index,True,1160289,1161427,/,2.2,1.2,1.2,2.2,3,0,2,1,change_col,/,1,testing
