subj,name,gender,age,cond,P_resp,P_startTime,P_respTime,P_gotKey,sf1,sf2,sf3,sf4,ord_1,ord_2,ord_3,ord_4,task,correct_key,no_change,mode
13,xzr,f,21,noindex,True,138858,140456,/,0.7,1.2,4.2,2.2,2,3,1,0,change_ori,/,0,practice
13,xzr,f,21,noindex,True,145103,146503,z,2.2,4.2,1.2,0.7,3,1,0,2,nochange_col,z,2,practice
13,xzr,f,21,noindex,True,151098,152504,/,2.2,0.7,1.2,4.2,2,0,1,3,change_ori,/,3,practice
13,xzr,f,21,noindex,True,157109,159655,z,4.2,2.2,0.7,1.2,2,0,3,1,nochange_col,z,1,practice
13,xzr,f,21,noindex,True,164339,165432,/,1.2,2.2,0.7,4.2,0,1,3,2,change_ori,/,0,practice
13,xzr,f,21,noindex,True,170016,172424,/,4.2,0.7,1.2,2.2,2,3,1,0,nochange_ori,z,2,practice
13,xzr,f,21,noindex,True,177096,178952,z,1.2,2.2,4.2,0.7,0,2,1,3,nochange_col,z,1,practice
13,xzr,f,21,noindex,True,183708,230487,/,1.2,4.2,0.7,2.2,0,1,2,3,nochange_ori,z,3,practice
13,xzr,f,21,noindex,True,235169,237559,/,2.2,1.2,0.7,4.2,1,3,0,2,change_ori,/,3,practice
13,xzr,f,21,noindex,True,242299,243592,/,4.2,2.2,1.2,0.7,2,3,0,1,change_col,/,1,practice
13,xzr,f,21,noindex,True,248177,250807,z,1.2,4.2,0.7,2.2,2,0,3,1,nochange_col,z,1,practice
13,xzr,f,21,noindex,True,255406,256423,/,0.7,2.2,1.2,4.2,0,3,1,2,change_col,/,0,practice
13,xzr,f,21,noindex,True,261099,262823,z,2.2,1.2,4.2,0.7,3,2,0,1,nochange_ori,z,1,practice
13,xzr,f,21,noindex,True,267528,269319,z,2.2,1.2,0.7,4.2,0,1,2,3,nochange_col,z,3,practice
13,xzr,f,21,noindex,True,274091,274951,/,0.7,2.2,1.2,4.2,3,2,0,1,nochange_ori,z,2,practice
13,xzr,f,21,noindex,True,279650,280840,/,1.2,4.2,0.7,2.2,3,2,0,1,change_col,/,2,practice
13,xzr,f,21,noindex,True,285545,287239,z,2.2,0.7,1.2,4.2,0,2,3,1,change_ori,/,3,practice
13,xzr,f,21,noindex,True,291990,292920,/,2.2,0.7,4.2,1.2,3,0,1,2,change_col,/,1,practice
13,xzr,f,21,noindex,True,297600,299336,/,2.2,4.2,1.2,0.7,2,1,3,0,change_col,/,0,practice
13,xzr,f,21,noindex,True,304112,305111,z,4.2,0.7,2.2,1.2,3,0,2,1,nochange_ori,z,2,practice
13,xzr,f,21,noindex,True,364373,365351,z,4.2,0.7,2.2,1.2,1,3,0,2,nochange_col,z,2,testing
13,xzr,f,21,noindex,True,369950,373063,z,4.2,2.2,1.2,0.7,2,1,0,3,nochange_col,z,2,testing
13,xzr,f,21,noindex,True,377697,380712,z,0.7,1.2,4.2,2.2,2,0,3,1,nochange_ori,z,0,testing
13,xzr,f,21,noindex,True,385345,386632,z,1.2,2.2,4.2,0.7,3,1,2,0,nochange_col,z,2,testing
13,xzr,f,21,noindex,True,391322,392136,z,0.7,1.2,2.2,4.2,1,2,0,3,nochange_col,z,1,testing
13,xzr,f,21,noindex,True,396866,399015,/,0.7,1.2,2.2,4.2,2,3,0,1,change_ori,/,1,testing
13,xzr,f,21,noindex,True,403629,406216,/,4.2,2.2,0.7,1.2,2,0,1,3,change_ori,/,3,testing
13,xzr,f,21,noindex,True,410959,412344,z,4.2,2.2,1.2,0.7,0,2,1,3,nochange_ori,z,1,testing
13,xzr,f,21,noindex,True,417070,418615,z,0.7,4.2,2.2,1.2,0,1,3,2,nochange_col,z,0,testing
13,xzr,f,21,noindex,True,423281,425351,/,0.7,4.2,2.2,1.2,3,0,2,1,change_ori,/,0,testing
13,xzr,f,21,noindex,True,429927,431720,/,1.2,4.2,0.7,2.2,2,3,1,0,change_ori,/,3,testing
13,xzr,f,21,noindex,True,436355,438375,/,1.2,2.2,0.7,4.2,0,2,1,3,change_col,/,3,testing
13,xzr,f,21,noindex,True,443017,444583,z,1.2,4.2,2.2,0.7,3,2,0,1,nochange_ori,z,0,testing
13,xzr,f,21,noindex,True,449279,451111,/,1.2,4.2,0.7,2.2,0,2,1,3,change_col,/,0,testing
13,xzr,f,21,noindex,True,455758,457399,/,1.2,2.2,0.7,4.2,0,1,2,3,change_ori,/,2,testing
13,xzr,f,21,noindex,True,462036,462999,/,4.2,1.2,2.2,0.7,3,1,0,2,change_col,/,1,testing
13,xzr,f,21,noindex,True,467680,469671,/,0.7,1.2,4.2,2.2,3,0,2,1,change_ori,/,0,testing
13,xzr,f,21,noindex,True,474275,475847,z,2.2,4.2,1.2,0.7,0,1,3,2,nochange_ori,z,3,testing
13,xzr,f,21,noindex,True,480554,481862,z,1.2,0.7,4.2,2.2,1,0,3,2,nochange_col,z,1,testing
13,xzr,f,21,noindex,True,486515,488680,z,4.2,0.7,1.2,2.2,1,3,2,0,nochange_ori,z,1,testing
13,xzr,f,21,noindex,True,493260,497766,/,1.2,2.2,4.2,0.7,2,1,3,0,change_ori,/,2,testing
13,xzr,f,21,noindex,True,502476,503927,z,2.2,1.2,4.2,0.7,0,2,3,1,nochange_ori,z,2,testing
13,xzr,f,21,noindex,True,508571,511863,/,1.2,2.2,0.7,4.2,3,0,2,1,change_ori,/,0,testing
13,xzr,f,21,noindex,True,516453,518087,z,2.2,1.2,4.2,0.7,0,2,1,3,nochange_col,z,3,testing
13,xzr,f,21,noindex,True,522681,523943,z,0.7,4.2,1.2,2.2,3,1,0,2,nochange_ori,z,3,testing
13,xzr,f,21,noindex,True,528658,529766,/,0.7,4.2,1.2,2.2,3,0,1,2,change_col,/,2,testing
13,xzr,f,21,noindex,True,534386,535783,z,2.2,1.2,0.7,4.2,3,1,0,2,nochange_ori,z,2,testing
13,xzr,f,21,noindex,True,540514,542486,/,4.2,2.2,0.7,1.2,1,3,0,2,change_col,/,2,testing
13,xzr,f,21,noindex,True,547058,548486,z,2.2,1.2,4.2,0.7,2,1,3,0,nochange_col,z,2,testing
13,xzr,f,21,noindex,True,553186,554599,z,2.2,4.2,0.7,1.2,0,1,3,2,nochange_col,z,0,testing
13,xzr,f,21,noindex,True,559182,561063,/,2.2,1.2,0.7,4.2,0,1,3,2,change_col,/,2,testing
13,xzr,f,21,noindex,True,565660,566855,z,0.7,1.2,2.2,4.2,3,0,1,2,nochange_col,z,1,testing
13,xzr,f,21,noindex,True,571537,574151,z,0.7,1.2,4.2,2.2,0,3,2,1,nochange_col,z,0,testing
13,xzr,f,21,noindex,True,578884,580615,/,4.2,2.2,0.7,1.2,2,3,1,0,change_col,/,2,testing
13,xzr,f,21,noindex,True,585329,586391,z,4.2,1.2,2.2,0.7,3,0,1,2,nochange_col,z,1,testing
13,xzr,f,21,noindex,True,591007,592999,/,0.7,2.2,1.2,4.2,1,0,3,2,change_col,/,2,testing
13,xzr,f,21,noindex,True,597568,599015,z,4.2,1.2,0.7,2.2,1,3,0,2,nochange_ori,z,3,testing
13,xzr,f,21,noindex,True,603663,605062,/,1.2,2.2,4.2,0.7,2,0,1,3,change_ori,/,1,testing
13,xzr,f,21,noindex,True,609657,611766,z,0.7,2.2,1.2,4.2,3,2,0,1,nochange_col,z,0,testing
13,xzr,f,21,noindex,True,616420,617479,/,0.7,2.2,1.2,4.2,0,3,1,2,change_ori,/,2,testing
13,xzr,f,21,noindex,True,622164,624327,/,4.2,2.2,1.2,0.7,3,1,2,0,change_ori,/,1,testing
13,xzr,f,21,noindex,True,628892,630631,z,1.2,0.7,4.2,2.2,1,2,3,0,nochange_ori,z,3,testing
13,xzr,f,21,noindex,True,635371,637190,/,2.2,0.7,4.2,1.2,0,1,2,3,change_ori,/,1,testing
13,xzr,f,21,noindex,True,641866,643191,/,1.2,4.2,0.7,2.2,2,1,3,0,change_ori,/,0,testing
13,xzr,f,21,noindex,True,647794,649111,/,2.2,4.2,0.7,1.2,0,3,2,1,change_ori,/,2,testing
13,xzr,f,21,noindex,True,653822,655399,/,0.7,2.2,1.2,4.2,2,1,0,3,change_col,/,2,testing
13,xzr,f,21,noindex,True,660083,663431,/,1.2,2.2,4.2,0.7,3,0,2,1,change_ori,/,3,testing
13,xzr,f,21,noindex,True,668115,671095,/,2.2,4.2,0.7,1.2,0,3,2,1,change_col,/,2,testing
13,xzr,f,21,noindex,True,675745,677478,z,1.2,2.2,0.7,4.2,1,2,3,0,nochange_col,z,0,testing
13,xzr,f,21,noindex,True,682174,683943,z,0.7,4.2,2.2,1.2,2,0,1,3,change_ori,/,2,testing
13,xzr,f,21,noindex,True,688685,689991,/,4.2,0.7,1.2,2.2,0,1,2,3,change_col,/,3,testing
13,xzr,f,21,noindex,True,694580,696182,/,1.2,2.2,4.2,0.7,2,0,1,3,change_col,/,0,testing
13,xzr,f,21,noindex,True,700891,702983,/,4.2,2.2,1.2,0.7,3,2,1,0,change_col,/,3,testing
13,xzr,f,21,noindex,True,707721,709527,z,0.7,1.2,4.2,2.2,1,2,3,0,nochange_ori,z,0,testing
13,xzr,f,21,noindex,True,714166,714999,z,4.2,1.2,2.2,0.7,1,0,2,3,nochange_col,z,0,testing
13,xzr,f,21,noindex,True,719576,720823,z,4.2,1.2,0.7,2.2,0,3,2,1,nochange_ori,z,3,testing
13,xzr,f,21,noindex,True,725436,726854,z,4.2,2.2,0.7,1.2,3,2,0,1,nochange_ori,z,3,testing
13,xzr,f,21,noindex,True,731515,732823,z,0.7,1.2,4.2,2.2,2,0,3,1,nochange_ori,z,1,testing
13,xzr,f,21,noindex,True,737576,739030,/,4.2,0.7,1.2,2.2,1,3,0,2,change_col,/,0,testing
13,xzr,f,21,noindex,True,743787,744614,z,4.2,2.2,0.7,1.2,2,3,0,1,nochange_ori,z,3,testing
13,xzr,f,21,noindex,True,749297,750823,/,4.2,0.7,2.2,1.2,0,2,1,3,change_ori,/,0,testing
13,xzr,f,21,noindex,True,755575,756871,/,1.2,0.7,4.2,2.2,1,3,0,2,change_ori,/,2,testing
13,xzr,f,21,noindex,True,761570,763606,/,1.2,0.7,4.2,2.2,1,2,0,3,change_col,/,1,testing
13,xzr,f,21,noindex,True,768249,769510,/,4.2,2.2,0.7,1.2,3,2,0,1,change_col,/,0,testing
13,xzr,f,21,noindex,True,774109,775398,/,2.2,0.7,1.2,4.2,1,2,3,0,change_col,/,3,testing
13,xzr,f,21,noindex,True,780004,781127,/,4.2,2.2,1.2,0.7,3,0,2,1,change_col,/,1,testing
13,xzr,f,21,noindex,True,785798,787190,z,0.7,1.2,2.2,4.2,2,1,0,3,nochange_col,z,0,testing
13,xzr,f,21,noindex,True,791909,794135,z,0.7,1.2,4.2,2.2,2,1,0,3,nochange_col,z,3,testing
13,xzr,f,21,noindex,True,798872,800022,z,2.2,1.2,0.7,4.2,0,1,2,3,nochange_ori,z,0,testing
13,xzr,f,21,noindex,True,804633,806246,z,1.2,2.2,4.2,0.7,3,2,0,1,nochange_col,z,1,testing
13,xzr,f,21,noindex,True,810944,812279,z,4.2,1.2,2.2,0.7,0,3,1,2,nochange_ori,z,1,testing
13,xzr,f,21,noindex,True,816889,818070,z,4.2,2.2,0.7,1.2,0,2,1,3,nochange_col,z,2,testing
13,xzr,f,21,noindex,True,822732,824886,/,0.7,1.2,2.2,4.2,1,2,0,3,change_ori,/,1,testing
13,xzr,f,21,noindex,True,829628,830679,z,1.2,4.2,0.7,2.2,0,1,2,3,nochange_ori,z,3,testing
13,xzr,f,21,noindex,True,835405,837303,/,2.2,1.2,4.2,0.7,2,1,0,3,change_col,/,0,testing
13,xzr,f,21,noindex,True,842051,843287,z,1.2,0.7,2.2,4.2,2,0,1,3,nochange_col,z,3,testing
13,xzr,f,21,noindex,True,847861,849383,/,2.2,4.2,1.2,0.7,2,3,0,1,change_col,/,2,testing
13,xzr,f,21,noindex,True,854023,855015,z,1.2,2.2,4.2,0.7,0,1,3,2,nochange_ori,z,2,testing
13,xzr,f,21,noindex,True,859766,862070,/,4.2,1.2,2.2,0.7,0,1,3,2,change_ori,/,0,testing
13,xzr,f,21,noindex,True,866696,868102,z,1.2,2.2,0.7,4.2,0,1,2,3,nochange_ori,z,1,testing
13,xzr,f,21,noindex,True,894414,897030,/,4.2,0.7,1.2,2.2,1,0,3,2,change_ori,/,3,testing
13,xzr,f,21,noindex,True,901643,902694,z,1.2,2.2,0.7,4.2,0,3,1,2,change_col,/,2,testing
13,xzr,f,21,noindex,True,907455,908742,z,0.7,2.2,1.2,4.2,0,2,3,1,nochange_col,z,2,testing
13,xzr,f,21,noindex,True,913349,914375,z,1.2,4.2,2.2,0.7,2,1,3,0,nochange_col,z,2,testing
13,xzr,f,21,noindex,True,919043,919959,z,2.2,1.2,4.2,0.7,0,3,1,2,nochange_col,z,1,testing
13,xzr,f,21,noindex,True,924703,925782,z,2.2,0.7,1.2,4.2,3,2,0,1,nochange_col,z,1,testing
13,xzr,f,21,noindex,True,930347,931974,/,2.2,4.2,0.7,1.2,1,3,2,0,change_ori,/,2,testing
13,xzr,f,21,noindex,True,936658,938087,z,1.2,0.7,2.2,4.2,2,3,1,0,nochange_col,z,0,testing
13,xzr,f,21,noindex,True,942720,943959,z,1.2,2.2,0.7,4.2,0,2,1,3,nochange_col,z,2,testing
13,xzr,f,21,noindex,True,948714,950278,/,0.7,4.2,1.2,2.2,1,3,0,2,change_col,/,3,testing
13,xzr,f,21,noindex,True,954875,956326,/,4.2,0.7,2.2,1.2,3,1,2,0,change_ori,/,3,testing
13,xzr,f,21,noindex,True,960920,962102,/,2.2,1.2,4.2,0.7,1,3,2,0,change_col,/,1,testing
13,xzr,f,21,noindex,True,966747,967799,/,4.2,0.7,2.2,1.2,3,2,1,0,change_ori,/,2,testing
13,xzr,f,21,noindex,True,972424,973862,z,2.2,4.2,0.7,1.2,2,0,3,1,nochange_ori,z,2,testing
13,xzr,f,21,noindex,True,978568,980582,z,2.2,1.2,0.7,4.2,2,3,0,1,nochange_ori,z,0,testing
13,xzr,f,21,noindex,True,985314,986982,/,2.2,0.7,1.2,4.2,2,1,0,3,change_col,/,1,testing
13,xzr,f,21,noindex,True,991576,992839,z,4.2,0.7,2.2,1.2,0,2,3,1,nochange_col,z,1,testing
13,xzr,f,21,noindex,True,997520,998790,/,4.2,1.2,2.2,0.7,3,2,1,0,change_col,/,1,testing
13,xzr,f,21,noindex,True,1003548,1007349,z,2.2,1.2,0.7,4.2,2,1,0,3,nochange_ori,z,2,testing
13,xzr,f,21,noindex,True,1012113,1012998,/,4.2,2.2,0.7,1.2,3,1,0,2,change_col,/,3,testing
13,xzr,f,21,noindex,True,1017724,1018807,/,4.2,1.2,2.2,0.7,1,0,2,3,change_col,/,3,testing
13,xzr,f,21,noindex,True,1023568,1025030,/,2.2,1.2,4.2,0.7,1,2,0,3,change_ori,/,1,testing
13,xzr,f,21,noindex,True,1029696,1031622,/,2.2,0.7,1.2,4.2,0,2,1,3,change_col,/,3,testing
13,xzr,f,21,noindex,True,1036358,1038230,/,4.2,0.7,1.2,2.2,3,0,1,2,change_ori,/,2,testing
13,xzr,f,21,noindex,True,1042870,1044309,z,2.2,4.2,1.2,0.7,0,3,2,1,nochange_col,z,0,testing
13,xzr,f,21,noindex,True,1048932,1050599,/,4.2,0.7,2.2,1.2,1,3,0,2,change_ori,/,3,testing
13,xzr,f,21,noindex,True,1055343,1056230,/,1.2,2.2,4.2,0.7,2,0,3,1,change_col,/,2,testing
13,xzr,f,21,noindex,True,1060920,1062486,z,1.2,4.2,0.7,2.2,0,2,1,3,nochange_ori,z,1,testing
13,xzr,f,21,noindex,True,1067231,1069078,/,2.2,4.2,0.7,1.2,1,3,2,0,change_ori,/,0,testing
13,xzr,f,21,noindex,True,1073693,1077782,z,0.7,2.2,4.2,1.2,0,1,3,2,nochange_col,z,2,testing
13,xzr,f,21,noindex,True,1082476,1083590,z,1.2,4.2,0.7,2.2,3,0,1,2,nochange_col,z,3,testing
13,xzr,f,21,noindex,True,1088221,1089223,z,2.2,1.2,0.7,4.2,0,3,2,1,nochange_ori,z,1,testing
13,xzr,f,21,noindex,True,1093997,1095366,z,2.2,1.2,0.7,4.2,3,1,0,2,nochange_ori,z,2,testing
13,xzr,f,21,noindex,True,1100058,1101814,z,2.2,0.7,1.2,4.2,3,2,0,1,change_ori,/,3,testing
13,xzr,f,21,noindex,True,1106537,1107606,z,0.7,2.2,1.2,4.2,2,3,0,1,nochange_ori,z,0,testing
13,xzr,f,21,noindex,True,1112348,1113878,z,4.2,0.7,2.2,1.2,3,2,0,1,nochange_ori,z,3,testing
13,xzr,f,21,noindex,True,1118626,1119670,/,4.2,2.2,0.7,1.2,2,3,0,1,change_col,/,0,testing
13,xzr,f,21,noindex,True,1124286,1125462,z,1.2,0.7,4.2,2.2,2,1,3,0,nochange_col,z,2,testing
13,xzr,f,21,noindex,True,1130114,1131590,/,0.7,1.2,2.2,4.2,1,3,0,2,change_ori,/,0,testing
13,xzr,f,21,noindex,True,1136275,1137639,/,2.2,1.2,0.7,4.2,2,1,0,3,change_col,/,3,testing
13,xzr,f,21,noindex,True,1142353,1143814,z,4.2,0.7,2.2,1.2,3,1,2,0,nochange_ori,z,0,testing
13,xzr,f,21,noindex,True,1148548,1151254,z,4.2,0.7,1.2,2.2,0,3,2,1,nochange_ori,z,2,testing
13,xzr,f,21,noindex,True,1155944,1157286,z,1.2,0.7,2.2,4.2,2,0,3,1,nochange_col,z,0,testing
13,xzr,f,21,noindex,True,1161905,1163030,z,4.2,0.7,1.2,2.2,0,2,1,3,nochange_col,z,2,testing
13,xzr,f,21,noindex,True,1167766,1169094,z,4.2,2.2,0.7,1.2,0,2,1,3,nochange_ori,z,3,testing
13,xzr,f,21,noindex,True,1173845,1174790,z,1.2,4.2,0.7,2.2,1,2,0,3,nochange_ori,z,3,testing
13,xzr,f,21,noindex,True,1179354,1180534,z,2.2,1.2,0.7,4.2,0,3,1,2,change_col,/,3,testing
13,xzr,f,21,noindex,True,1185148,1186693,z,4.2,0.7,2.2,1.2,2,0,1,3,nochange_ori,z,2,testing
13,xzr,f,21,noindex,True,1191343,1192262,z,2.2,0.7,1.2,4.2,1,2,3,0,nochange_col,z,3,testing
13,xzr,f,21,noindex,True,1196903,1201941,/,2.2,1.2,0.7,4.2,3,0,1,2,change_col,/,3,testing
13,xzr,f,21,noindex,True,1206538,1208006,z,1.2,4.2,0.7,2.2,3,2,1,0,nochange_col,z,1,testing
13,xzr,f,21,noindex,True,1212732,1213830,/,4.2,1.2,0.7,2.2,0,1,2,3,change_ori,/,2,testing
13,xzr,f,21,noindex,True,1218543,1219574,z,0.7,1.2,2.2,4.2,1,0,2,3,nochange_ori,z,2,testing
13,xzr,f,21,noindex,True,1224304,1225654,/,4.2,1.2,0.7,2.2,3,1,2,0,change_col,/,1,testing
13,xzr,f,21,noindex,True,1230432,1232278,z,4.2,2.2,0.7,1.2,3,2,1,0,nochange_ori,z,2,testing
13,xzr,f,21,noindex,True,1236844,1238309,z,4.2,0.7,1.2,2.2,2,1,0,3,nochange_ori,z,0,testing
13,xzr,f,21,noindex,True,1243038,1245126,/,1.2,0.7,4.2,2.2,0,3,1,2,change_ori,/,3,testing
13,xzr,f,21,noindex,True,1249867,1250966,/,1.2,2.2,4.2,0.7,2,3,0,1,change_ori,/,3,testing
13,xzr,f,21,noindex,True,1255578,1256502,/,2.2,4.2,1.2,0.7,0,3,1,2,change_col,/,0,testing
13,xzr,f,21,noindex,True,1261222,1263029,/,1.2,0.7,4.2,2.2,3,2,1,0,change_ori,/,2,testing
13,xzr,f,21,noindex,True,1267700,1268758,z,4.2,0.7,2.2,1.2,0,2,3,1,nochange_col,z,0,testing
13,xzr,f,21,noindex,True,1273344,1274550,z,1.2,0.7,2.2,4.2,2,3,1,0,nochange_ori,z,1,testing
13,xzr,f,21,noindex,True,1279255,1280838,/,4.2,2.2,1.2,0.7,3,2,1,0,change_ori,/,2,testing
13,xzr,f,21,noindex,True,1285533,1286854,/,2.2,4.2,0.7,1.2,2,3,0,1,change_ori,/,2,testing
13,xzr,f,21,noindex,True,1291511,1292710,z,0.7,1.2,2.2,4.2,3,0,1,2,nochange_col,z,3,testing
13,xzr,f,21,noindex,True,1297371,1298581,/,4.2,1.2,2.2,0.7,2,0,3,1,change_col,/,2,testing
13,xzr,f,21,noindex,True,1303282,1306278,/,1.2,0.7,2.2,4.2,0,3,1,2,change_ori,/,1,testing
13,xzr,f,21,noindex,True,1310963,1312038,z,2.2,1.2,0.7,4.2,3,2,0,1,nochange_ori,z,2,testing
13,xzr,f,21,noindex,True,1316724,1318229,z,0.7,2.2,1.2,4.2,3,2,0,1,nochange_col,z,1,testing
13,xzr,f,21,noindex,True,1322969,1324182,/,2.2,4.2,1.2,0.7,2,1,0,3,change_ori,/,1,testing
13,xzr,f,21,noindex,True,1328913,1338118,z,2.2,4.2,0.7,1.2,1,0,3,2,nochange_col,z,1,testing
13,xzr,f,21,noindex,True,1342805,1346309,/,0.7,4.2,1.2,2.2,1,2,3,0,change_col,/,3,testing
13,xzr,f,21,noindex,True,1351054,1352582,/,1.2,2.2,4.2,0.7,2,3,0,1,change_col,/,0,testing
13,xzr,f,21,noindex,True,1357147,1358182,/,2.2,0.7,1.2,4.2,2,0,1,3,change_col,/,1,testing
13,xzr,f,21,noindex,True,1362842,1364197,z,0.7,4.2,2.2,1.2,1,3,0,2,nochange_ori,z,3,testing
13,xzr,f,21,noindex,True,1368936,1382470,/,0.7,2.2,1.2,4.2,3,1,0,2,nochange_col,z,0,testing
13,xzr,f,21,noindex,True,1387036,1388342,/,0.7,1.2,2.2,4.2,1,0,3,2,change_ori,/,3,testing
13,xzr,f,21,noindex,True,1393030,1394469,z,4.2,0.7,2.2,1.2,3,0,2,1,nochange_ori,z,3,testing
13,xzr,f,21,noindex,True,1399141,1400454,/,0.7,2.2,4.2,1.2,2,0,3,1,change_ori,/,2,testing
13,xzr,f,21,noindex,True,1405036,1407366,/,1.2,0.7,2.2,4.2,0,3,2,1,change_col,/,3,testing
