subj,name,gender,age,cond,P_resp,P_startTime,P_respTime,P_gotKey,sf1,sf2,sf3,sf4,ord_1,ord_2,ord_3,ord_4,task,correct_key,no_change,mode
14,lyy,f,22,index,True,60531,62562,/,2.2,2.2,4.2,4.2,2,0,1,3,change_ori,/,2,practice
14,lyy,f,22,index,True,67176,68562,z,0.7,4.2,0.7,4.2,1,0,2,3,nochange_ori,z,2,practice
14,lyy,f,22,index,True,73220,75362,/,2.2,0.7,2.2,0.7,0,1,2,3,change_ori,/,0,practice
14,lyy,f,22,index,True,80000,81010,z,1.2,4.2,4.2,1.2,3,2,1,0,change_ori,/,2,practice
14,lyy,f,22,index,True,85610,86514,z,0.7,0.7,4.2,4.2,0,2,1,3,nochange_col,z,3,practice
14,lyy,f,22,index,True,91187,92194,z,2.2,4.2,4.2,2.2,2,1,3,0,nochange_ori,z,0,practice
14,lyy,f,22,index,True,96831,98322,z,4.2,1.2,4.2,1.2,0,3,2,1,nochange_col,z,1,practice
14,lyy,f,22,index,True,103025,104450,z,4.2,4.2,2.2,2.2,2,1,3,0,nochange_ori,z,1,practice
14,lyy,f,22,index,True,109153,110274,/,2.2,1.2,1.2,2.2,3,2,1,0,change_col,/,3,practice
14,lyy,f,22,index,True,114847,115986,/,2.2,0.7,0.7,2.2,2,3,0,1,change_col,/,2,practice
14,lyy,f,22,index,True,120590,121842,/,1.2,4.2,4.2,1.2,3,1,0,2,change_col,/,3,practice
14,lyy,f,22,index,True,126485,127778,/,2.2,2.2,4.2,4.2,1,2,3,0,change_col,/,3,practice
14,lyy,f,22,index,True,132446,133858,z,4.2,2.2,4.2,2.2,0,2,1,3,nochange_ori,z,0,practice
14,lyy,f,22,index,True,138423,139538,/,2.2,4.2,2.2,4.2,3,1,2,0,change_col,/,1,practice
14,lyy,f,22,index,True,144234,145185,z,0.7,0.7,2.2,2.2,3,0,1,2,nochange_ori,z,0,practice
14,lyy,f,22,index,True,149761,150818,z,0.7,2.2,2.2,0.7,0,2,3,1,nochange_col,z,3,practice
14,lyy,f,22,index,True,155422,156690,/,1.2,0.7,1.2,0.7,3,2,0,1,change_ori,/,3,practice
14,lyy,f,22,index,True,161449,162642,/,4.2,4.2,0.7,0.7,3,2,0,1,change_ori,/,2,practice
14,lyy,f,22,index,True,167393,168386,z,4.2,0.7,0.7,4.2,3,1,2,0,nochange_col,z,3,practice
14,lyy,f,22,index,True,173104,174066,z,2.2,1.2,2.2,1.2,1,2,3,0,nochange_col,z,0,practice
14,lyy,f,22,index,True,185978,188418,/,0.7,4.2,0.7,4.2,0,3,1,2,change_col,/,1,testing
14,lyy,f,22,index,True,193158,194194,/,4.2,0.7,4.2,0.7,1,0,2,3,change_col,/,2,testing
14,lyy,f,22,index,True,198868,201698,/,2.2,2.2,0.7,0.7,3,2,0,1,change_ori,/,2,testing
14,lyy,f,22,index,True,206449,208226,z,2.2,1.2,2.2,1.2,0,2,1,3,change_col,/,2,testing
14,lyy,f,22,index,True,212878,213730,z,2.2,2.2,1.2,1.2,1,2,0,3,nochange_ori,z,1,testing
14,lyy,f,22,index,True,218421,221330,z,1.2,1.2,0.7,0.7,1,0,3,2,nochange_col,z,1,testing
14,lyy,f,22,index,True,225918,227314,z,2.2,0.7,2.2,0.7,1,3,0,2,nochange_col,z,1,testing
14,lyy,f,22,index,True,231996,234482,/,1.2,1.2,0.7,0.7,1,0,3,2,change_ori,/,0,testing
14,lyy,f,22,index,True,239192,240242,z,0.7,1.2,0.7,1.2,3,2,0,1,nochange_ori,z,1,testing
14,lyy,f,22,index,True,244836,247042,z,1.2,4.2,4.2,1.2,2,0,1,3,nochange_ori,z,0,testing
14,lyy,f,22,index,True,251699,254434,/,1.2,1.2,2.2,2.2,2,1,3,0,change_col,/,1,testing
14,lyy,f,22,index,True,259095,259954,z,0.7,1.2,0.7,1.2,3,1,2,0,nochange_col,z,3,testing
14,lyy,f,22,index,True,264706,266274,z,0.7,4.2,0.7,4.2,1,0,3,2,change_col,/,3,testing
14,lyy,f,22,index,True,271034,279826,/,2.2,1.2,2.2,1.2,2,3,0,1,change_ori,/,1,testing
14,lyy,f,22,index,True,284543,285874,z,2.2,0.7,0.7,2.2,0,1,2,3,nochange_col,z,0,testing
14,lyy,f,22,index,True,290570,292242,/,2.2,1.2,2.2,1.2,0,1,2,3,change_ori,/,1,testing
14,lyy,f,22,index,True,296881,297922,z,1.2,0.7,0.7,1.2,1,2,0,3,nochange_col,z,0,testing
14,lyy,f,22,index,True,302542,305074,z,1.2,4.2,1.2,4.2,1,0,2,3,nochange_col,z,1,testing
14,lyy,f,22,index,True,309638,310706,/,0.7,4.2,4.2,0.7,2,1,0,3,change_ori,/,2,testing
14,lyy,f,22,index,True,315333,318402,/,0.7,0.7,4.2,4.2,1,2,3,0,change_ori,/,1,testing
14,lyy,f,22,index,True,323096,327442,z,1.2,0.7,1.2,0.7,3,0,1,2,nochange_col,z,2,testing
14,lyy,f,22,index,True,332163,333618,z,1.2,1.2,0.7,0.7,2,3,0,1,change_col,/,0,testing
14,lyy,f,22,index,True,338191,339105,z,0.7,0.7,1.2,1.2,0,3,2,1,nochange_col,z,1,testing
14,lyy,f,22,index,True,343751,345009,z,1.2,0.7,1.2,0.7,2,1,0,3,nochange_col,z,2,testing
14,lyy,f,22,index,True,349695,352465,/,4.2,4.2,1.2,1.2,3,2,1,0,change_ori,/,1,testing
14,lyy,f,22,index,True,357210,358402,z,4.2,0.7,0.7,4.2,0,1,3,2,nochange_ori,z,3,testing
14,lyy,f,22,index,True,363053,364354,z,4.2,2.2,2.2,4.2,0,2,3,1,nochange_ori,z,0,testing
14,lyy,f,22,index,True,368998,370578,/,4.2,1.2,4.2,1.2,3,2,1,0,change_col,/,1,testing
14,lyy,f,22,index,True,375309,379986,/,1.2,4.2,1.2,4.2,2,3,0,1,change_col,/,3,testing
14,lyy,f,22,index,True,384627,385825,z,1.2,4.2,1.2,4.2,0,1,2,3,nochange_col,z,3,testing
14,lyy,f,22,index,True,390487,394513,/,2.2,2.2,1.2,1.2,0,3,2,1,change_col,/,3,testing
14,lyy,f,22,index,True,399270,400338,z,1.2,1.2,4.2,4.2,1,2,3,0,nochange_col,z,3,testing
14,lyy,f,22,index,True,404947,405713,/,0.7,0.7,1.2,1.2,2,0,3,1,change_col,/,2,testing
14,lyy,f,22,index,True,410457,411778,z,2.2,2.2,0.7,0.7,1,0,3,2,nochange_col,z,1,testing
14,lyy,f,22,index,True,416368,417633,z,2.2,1.2,1.2,2.2,2,1,3,0,nochange_col,z,1,testing
14,lyy,f,22,index,True,422379,423873,/,1.2,4.2,4.2,1.2,2,3,1,0,nochange_ori,z,2,testing
14,lyy,f,22,index,True,428557,429265,z,2.2,0.7,0.7,2.2,2,3,1,0,nochange_col,z,1,testing
14,lyy,f,22,index,True,433900,434818,z,1.2,1.2,4.2,4.2,0,3,1,2,nochange_col,z,0,testing
14,lyy,f,22,index,True,439411,440546,/,2.2,2.2,1.2,1.2,1,2,0,3,change_ori,/,3,testing
14,lyy,f,22,index,True,445171,450546,z,4.2,4.2,2.2,2.2,2,3,1,0,nochange_ori,z,0,testing
14,lyy,f,22,index,True,455306,456977,/,0.7,2.2,2.2,0.7,2,0,3,1,change_ori,/,2,testing
14,lyy,f,22,index,True,461568,464177,/,1.2,2.2,2.2,1.2,2,3,1,0,change_col,/,1,testing
14,lyy,f,22,index,True,468831,470897,/,1.2,4.2,1.2,4.2,3,0,2,1,change_col,/,0,testing
14,lyy,f,22,index,True,475643,476881,z,1.2,0.7,1.2,0.7,0,3,1,2,nochange_ori,z,2,testing
14,lyy,f,22,index,True,481538,483249,z,0.7,1.2,0.7,1.2,0,3,2,1,nochange_ori,z,0,testing
14,lyy,f,22,index,True,487983,489313,z,0.7,2.2,2.2,0.7,3,1,2,0,nochange_col,z,1,testing
14,lyy,f,22,index,True,493944,494849,z,1.2,1.2,2.2,2.2,0,1,3,2,nochange_col,z,0,testing
14,lyy,f,22,index,True,499571,504834,/,1.2,1.2,2.2,2.2,2,0,3,1,change_ori,/,0,testing
14,lyy,f,22,index,True,509406,510162,z,0.7,2.2,0.7,2.2,1,3,0,2,nochange_ori,z,2,testing
14,lyy,f,22,index,True,514882,515794,/,4.2,4.2,2.2,2.2,0,2,3,1,change_ori,/,3,testing
14,lyy,f,22,index,True,520443,521985,/,4.2,0.7,4.2,0.7,0,3,1,2,change_ori,/,3,testing
14,lyy,f,22,index,True,526687,527538,/,0.7,1.2,0.7,1.2,1,2,3,0,change_col,/,1,testing
14,lyy,f,22,index,True,532231,533280,/,1.2,0.7,1.2,0.7,0,1,3,2,change_ori,/,3,testing
14,lyy,f,22,index,True,537975,538737,z,0.7,4.2,4.2,0.7,1,2,3,0,nochange_ori,z,0,testing
14,lyy,f,22,index,True,543301,544321,z,1.2,0.7,1.2,0.7,3,2,0,1,nochange_ori,z,2,testing
14,lyy,f,22,index,True,549046,550658,/,4.2,2.2,2.2,4.2,2,0,3,1,change_ori,/,3,testing
14,lyy,f,22,index,True,555340,556546,z,1.2,1.2,2.2,2.2,3,0,2,1,nochange_ori,z,3,testing
14,lyy,f,22,index,True,561251,562449,z,0.7,0.7,1.2,1.2,1,3,0,2,nochange_ori,z,0,testing
14,lyy,f,22,index,True,567095,568017,z,2.2,0.7,2.2,0.7,3,1,2,0,nochange_ori,z,2,testing
14,lyy,f,22,index,True,572755,573985,/,0.7,1.2,0.7,1.2,0,3,2,1,change_ori,/,0,testing
14,lyy,f,22,index,True,578583,579761,/,1.2,4.2,1.2,4.2,0,2,3,1,change_col,/,0,testing
14,lyy,f,22,index,True,584426,585282,/,4.2,0.7,4.2,0.7,3,2,0,1,change_col,/,3,testing
14,lyy,f,22,index,True,589937,591937,/,0.7,0.7,1.2,1.2,0,3,2,1,change_col,/,2,testing
14,lyy,f,22,index,True,596649,598002,/,0.7,2.2,0.7,2.2,1,0,2,3,change_col,/,0,testing
14,lyy,f,22,index,True,602727,604082,/,2.2,2.2,0.7,0.7,3,0,1,2,change_ori,/,2,testing
14,lyy,f,22,index,True,608672,609585,z,2.2,2.2,1.2,1.2,1,3,2,0,nochange_col,z,1,testing
14,lyy,f,22,index,True,614332,616113,z,2.2,0.7,0.7,2.2,3,1,0,2,nochange_col,z,3,testing
14,lyy,f,22,index,True,620676,622497,z,4.2,2.2,4.2,2.2,0,3,1,2,change_ori,/,3,testing
14,lyy,f,22,index,True,627105,628800,/,0.7,1.2,1.2,0.7,1,0,2,3,change_ori,/,0,testing
14,lyy,f,22,index,True,633400,634753,z,1.2,4.2,4.2,1.2,2,1,0,3,nochange_ori,z,2,testing
14,lyy,f,22,index,True,639511,641281,/,1.2,0.7,0.7,1.2,3,2,0,1,change_col,/,3,testing
14,lyy,f,22,index,True,645973,646977,z,2.2,1.2,2.2,1.2,2,3,0,1,nochange_ori,z,2,testing
14,lyy,f,22,index,True,651668,653042,z,4.2,1.2,1.2,4.2,2,1,3,0,nochange_col,z,0,testing
14,lyy,f,22,index,True,657629,660546,/,2.2,4.2,2.2,4.2,3,2,0,1,change_ori,/,1,testing
14,lyy,f,22,index,True,665192,667170,z,4.2,1.2,1.2,4.2,2,3,1,0,nochange_ori,z,0,testing
14,lyy,f,22,index,True,671922,673233,z,2.2,0.7,0.7,2.2,3,1,2,0,nochange_ori,z,2,testing
14,lyy,f,22,index,True,677832,678897,/,0.7,4.2,0.7,4.2,2,0,1,3,change_ori,/,1,testing
14,lyy,f,22,index,True,683475,685361,/,4.2,2.2,4.2,2.2,2,3,1,0,change_col,/,2,testing
14,lyy,f,22,index,True,690121,691601,z,1.2,2.2,1.2,2.2,3,0,2,1,nochange_ori,z,1,testing
14,lyy,f,22,index,True,696349,697617,/,1.2,1.2,2.2,2.2,0,3,2,1,change_col,/,1,testing
14,lyy,f,22,index,True,720277,721088,z,0.7,0.7,1.2,1.2,0,2,3,1,nochange_col,z,2,testing
14,lyy,f,22,index,True,725703,726913,z,4.2,1.2,1.2,4.2,0,1,3,2,nochange_col,z,3,testing
14,lyy,f,22,index,True,731647,732705,/,2.2,1.2,1.2,2.2,3,2,1,0,change_col,/,3,testing
14,lyy,f,22,index,True,737358,738641,z,0.7,4.2,4.2,0.7,1,2,3,0,nochange_col,z,3,testing
14,lyy,f,22,index,True,743402,744321,/,1.2,0.7,1.2,0.7,2,0,3,1,change_ori,/,2,testing
14,lyy,f,22,index,True,748979,750545,/,0.7,2.2,0.7,2.2,3,1,2,0,change_ori,/,1,testing
14,lyy,f,22,index,True,755208,756001,/,0.7,1.2,1.2,0.7,2,0,3,1,change_col,/,2,testing
14,lyy,f,22,index,True,760618,761985,/,2.2,4.2,2.2,4.2,1,2,0,3,change_col,/,3,testing
14,lyy,f,22,index,True,766662,767889,z,1.2,2.2,2.2,1.2,0,3,2,1,nochange_ori,z,0,testing
14,lyy,f,22,index,True,772623,773441,z,2.2,2.2,4.2,4.2,1,0,3,2,nochange_col,z,3,testing
14,lyy,f,22,index,True,778083,778689,z,2.2,4.2,2.2,4.2,2,1,0,3,nochange_col,z,2,testing
14,lyy,f,22,index,True,783342,784049,/,2.2,0.7,2.2,0.7,0,2,3,1,change_col,/,1,testing
14,lyy,f,22,index,True,788652,790097,z,0.7,4.2,4.2,0.7,1,0,3,2,change_ori,/,3,testing
14,lyy,f,22,index,True,794697,795361,z,2.2,0.7,0.7,2.2,3,1,2,0,nochange_ori,z,3,testing
14,lyy,f,22,index,True,799990,801057,z,4.2,4.2,1.2,1.2,3,2,0,1,nochange_ori,z,3,testing
14,lyy,f,22,index,True,805633,807137,/,1.2,0.7,1.2,0.7,3,1,0,2,change_ori,/,2,testing
14,lyy,f,22,index,True,811879,813745,z,4.2,2.2,4.2,2.2,2,1,3,0,nochange_col,z,0,testing
14,lyy,f,22,index,True,818440,819840,z,1.2,2.2,1.2,2.2,0,1,2,3,nochange_ori,z,3,testing
14,lyy,f,22,index,True,824502,825985,z,1.2,4.2,1.2,4.2,2,3,1,0,nochange_ori,z,1,testing
14,lyy,f,22,index,True,830563,831713,/,0.7,0.7,1.2,1.2,1,0,3,2,change_col,/,3,testing
14,lyy,f,22,index,True,836457,837729,/,4.2,2.2,4.2,2.2,0,3,1,2,change_ori,/,1,testing
14,lyy,f,22,index,True,842485,843809,z,4.2,1.2,1.2,4.2,0,2,3,1,nochange_ori,z,3,testing
14,lyy,f,22,index,True,848496,849440,/,0.7,1.2,0.7,1.2,2,3,0,1,change_col,/,2,testing
14,lyy,f,22,index,True,854123,858225,/,2.2,4.2,4.2,2.2,2,0,1,3,change_ori,/,1,testing
14,lyy,f,22,index,True,862822,864113,z,4.2,0.7,0.7,4.2,0,1,3,2,nochange_col,z,1,testing
14,lyy,f,22,index,True,868849,869808,/,4.2,1.2,4.2,1.2,1,3,0,2,change_col,/,1,testing
14,lyy,f,22,index,True,874410,875328,/,0.7,1.2,1.2,0.7,0,3,2,1,change_ori,/,1,testing
14,lyy,f,22,index,True,879921,881329,z,1.2,2.2,2.2,1.2,2,1,0,3,nochange_ori,z,0,testing
14,lyy,f,22,index,True,886031,887297,z,1.2,2.2,1.2,2.2,3,0,1,2,nochange_ori,z,1,testing
14,lyy,f,22,index,True,892043,894800,/,1.2,2.2,2.2,1.2,3,1,2,0,change_ori,/,1,testing
14,lyy,f,22,index,True,899406,900577,z,1.2,1.2,4.2,4.2,0,2,1,3,nochange_col,z,2,testing
14,lyy,f,22,index,True,905183,906529,/,0.7,4.2,4.2,0.7,0,1,2,3,change_col,/,3,testing
14,lyy,f,22,index,True,911261,912545,/,1.2,0.7,1.2,0.7,0,2,1,3,change_ori,/,3,testing
14,lyy,f,22,index,True,917172,918241,/,0.7,1.2,0.7,1.2,2,0,3,1,change_ori,/,0,testing
14,lyy,f,22,index,True,922949,923984,z,2.2,2.2,1.2,1.2,2,3,0,1,nochange_ori,z,0,testing
14,lyy,f,22,index,True,928610,929505,/,4.2,4.2,2.2,2.2,3,1,0,2,change_ori,/,2,testing
14,lyy,f,22,index,True,934237,935152,/,4.2,1.2,4.2,1.2,0,3,1,2,change_col,/,2,testing
14,lyy,f,22,index,True,939763,941088,/,4.2,1.2,4.2,1.2,3,2,1,0,change_col,/,2,testing
14,lyy,f,22,index,True,945741,947281,z,0.7,4.2,4.2,0.7,3,2,0,1,nochange_ori,z,2,testing
14,lyy,f,22,index,True,951969,954672,/,1.2,0.7,1.2,0.7,0,3,1,2,change_ori,/,3,testing
14,lyy,f,22,index,True,959417,960592,z,4.2,4.2,2.2,2.2,0,3,2,1,nochange_col,z,2,testing
14,lyy,f,22,index,True,965260,966497,/,1.2,2.2,2.2,1.2,2,0,3,1,change_col,/,3,testing
14,lyy,f,22,index,True,971088,971839,/,1.2,4.2,4.2,1.2,0,3,2,1,change_col,/,3,testing
14,lyy,f,22,index,True,976414,977617,/,0.7,4.2,4.2,0.7,2,0,1,3,change_ori,/,1,testing
14,lyy,f,22,index,True,982225,983088,z,4.2,4.2,2.2,2.2,0,2,1,3,nochange_col,z,1,testing
14,lyy,f,22,index,True,987768,988880,z,2.2,2.2,4.2,4.2,2,1,0,3,nochange_ori,z,3,testing
14,lyy,f,22,index,True,993496,994369,z,0.7,1.2,0.7,1.2,2,1,0,3,nochange_col,z,1,testing
14,lyy,f,22,index,True,999022,1000224,/,4.2,4.2,0.7,0.7,0,2,3,1,change_ori,/,1,testing
14,lyy,f,22,index,True,1004867,1005617,z,0.7,0.7,2.2,2.2,1,2,0,3,nochange_ori,z,0,testing
14,lyy,f,22,index,True,1010293,1011360,z,2.2,2.2,4.2,4.2,1,0,3,2,nochange_ori,z,3,testing
14,lyy,f,22,index,True,1015987,1016592,/,2.2,2.2,1.2,1.2,0,2,1,3,change_col,/,3,testing
14,lyy,f,22,index,True,1021280,1022081,z,4.2,1.2,1.2,4.2,3,1,2,0,change_col,/,0,testing
14,lyy,f,22,index,True,1026740,1027600,/,4.2,4.2,2.2,2.2,0,3,1,2,change_col,/,2,testing
14,lyy,f,22,index,True,1032200,1033344,z,1.2,4.2,1.2,4.2,0,2,3,1,nochange_ori,z,1,testing
14,lyy,f,22,index,True,1038010,1041280,/,0.7,4.2,4.2,0.7,3,2,1,0,change_col,/,2,testing
14,lyy,f,22,index,True,1045892,1048719,/,2.2,1.2,1.2,2.2,3,2,1,0,nochange_ori,z,0,testing
14,lyy,f,22,index,True,1053472,1055760,/,1.2,0.7,1.2,0.7,1,0,2,3,nochange_col,z,2,testing
14,lyy,f,22,index,True,1060452,1061968,z,4.2,4.2,0.7,0.7,1,3,2,0,nochange_col,z,2,testing
14,lyy,f,22,index,True,1066713,1068576,z,2.2,1.2,2.2,1.2,1,0,3,2,nochange_col,z,2,testing
14,lyy,f,22,index,True,1073192,1074928,z,2.2,2.2,1.2,1.2,2,3,0,1,nochange_col,z,2,testing
14,lyy,f,22,index,True,1079687,1081104,/,4.2,2.2,2.2,4.2,3,2,0,1,change_col,/,2,testing
14,lyy,f,22,index,True,1085815,1088224,/,0.7,1.2,0.7,1.2,0,3,1,2,change_ori,/,2,testing
14,lyy,f,22,index,True,1092962,1093921,/,0.7,2.2,2.2,0.7,2,3,1,0,change_ori,/,0,testing
14,lyy,f,22,index,True,1098639,1099297,z,0.7,1.2,0.7,1.2,3,1,0,2,nochange_col,z,1,testing
14,lyy,f,22,index,True,1103965,1106289,/,2.2,2.2,0.7,0.7,1,2,3,0,nochange_ori,z,1,testing
14,lyy,f,22,index,True,1110878,1114800,/,2.2,4.2,2.2,4.2,1,2,0,3,change_ori,/,3,testing
14,lyy,f,22,index,True,1119510,1120320,z,2.2,0.7,2.2,0.7,1,3,0,2,nochange_col,z,0,testing
14,lyy,f,22,index,True,1125054,1129904,z,0.7,0.7,2.2,2.2,3,2,1,0,nochange_ori,z,0,testing
14,lyy,f,22,index,True,1134505,1135472,z,2.2,0.7,2.2,0.7,1,3,2,0,nochange_col,z,0,testing
14,lyy,f,22,index,True,1140048,1141648,/,4.2,2.2,2.2,4.2,0,2,1,3,change_col,/,2,testing
14,lyy,f,22,index,True,1146377,1147824,z,1.2,4.2,1.2,4.2,1,2,0,3,nochange_ori,z,2,testing
14,lyy,f,22,index,True,1152521,1153184,z,0.7,0.7,4.2,4.2,1,3,2,0,nochange_col,z,2,testing
14,lyy,f,22,index,True,1157764,1159713,z,0.7,1.2,1.2,0.7,1,3,0,2,nochange_ori,z,2,testing
14,lyy,f,22,index,True,1164426,1165472,/,2.2,2.2,1.2,1.2,0,1,2,3,change_ori,/,2,testing
14,lyy,f,22,index,True,1170171,1172799,/,4.2,4.2,0.7,0.7,2,1,3,0,change_ori,/,1,testing
14,lyy,f,22,index,True,1177484,1178176,/,2.2,0.7,0.7,2.2,0,2,3,1,change_col,/,3,testing
14,lyy,f,22,index,True,1182894,1184175,z,1.2,0.7,1.2,0.7,1,3,0,2,nochange_col,z,0,testing
14,lyy,f,22,index,True,1188838,1190352,z,1.2,1.2,0.7,0.7,0,1,2,3,nochange_ori,z,0,testing
14,lyy,f,22,index,True,1195033,1195808,z,4.2,4.2,1.2,1.2,1,3,0,2,change_col,/,3,testing
14,lyy,f,22,index,True,1200493,1202144,/,4.2,0.7,4.2,0.7,1,2,0,3,change_ori,/,1,testing
