subj,name,gender,age,cond,P_resp,P_startTime,P_respTime,P_gotKey,sf1,sf2,sf3,sf4,ord_1,ord_2,ord_3,ord_4,task,correct_key,no_change,mode
14,lyy,f,22,noindex,True,251590,255270,/,2.2,4.2,0.7,1.2,2,0,3,1,nochange_ori,z,0,practice
14,lyy,f,22,noindex,True,260006,263589,/,4.2,1.2,2.2,0.7,2,1,3,0,change_col,/,0,practice
14,lyy,f,22,noindex,True,268288,273541,/,1.2,4.2,2.2,0.7,0,2,3,1,change_ori,/,0,practice
14,lyy,f,22,noindex,True,278240,282534,/,0.7,1.2,2.2,4.2,3,0,2,1,nochange_col,z,1,practice
14,lyy,f,22,noindex,True,287172,288358,/,2.2,4.2,1.2,0.7,1,2,0,3,nochange_col,z,2,practice
14,lyy,f,22,noindex,True,292983,295461,/,2.2,0.7,1.2,4.2,2,3,0,1,change_col,/,0,practice
14,lyy,f,22,noindex,True,300213,301910,z,2.2,4.2,1.2,0.7,2,1,0,3,nochange_col,z,2,practice
14,lyy,f,22,noindex,True,306591,308518,z,0.7,2.2,1.2,4.2,1,0,2,3,nochange_ori,z,2,practice
14,lyy,f,22,noindex,True,313271,320005,z,2.2,4.2,1.2,0.7,2,1,3,0,nochange_ori,z,1,practice
14,lyy,f,22,noindex,True,324692,326230,/,2.2,0.7,1.2,4.2,3,0,1,2,change_col,/,3,practice
14,lyy,f,22,noindex,True,330886,335734,z,1.2,0.7,2.2,4.2,0,3,2,1,change_col,/,2,practice
14,lyy,f,22,noindex,True,340337,343221,/,4.2,2.2,0.7,1.2,1,3,2,0,nochange_col,z,1,practice
14,lyy,f,22,noindex,True,347800,349830,/,2.2,1.2,4.2,0.7,3,1,0,2,change_ori,/,1,practice
14,lyy,f,22,noindex,True,354546,361782,z,2.2,4.2,0.7,1.2,3,2,1,0,nochange_ori,z,2,practice
14,lyy,f,22,noindex,True,366385,379541,/,0.7,2.2,1.2,4.2,3,0,2,1,change_ori,/,2,practice
14,lyy,f,22,noindex,True,384301,386358,/,2.2,1.2,0.7,4.2,1,2,0,3,nochange_ori,z,0,practice
14,lyy,f,22,noindex,True,390930,394566,/,1.2,2.2,4.2,0.7,3,0,2,1,change_ori,/,3,practice
14,lyy,f,22,noindex,True,399145,401221,z,1.2,0.7,2.2,4.2,3,0,1,2,nochange_col,z,1,practice
14,lyy,f,22,noindex,True,405974,408789,z,4.2,2.2,1.2,0.7,3,2,1,0,change_ori,/,0,practice
14,lyy,f,22,noindex,True,413421,417190,/,2.2,1.2,0.7,4.2,3,0,1,2,change_col,/,0,practice
14,lyy,f,22,noindex,True,532123,535045,z,1.2,0.7,4.2,2.2,2,3,1,0,nochange_col,z,2,testing
14,lyy,f,22,noindex,True,539704,545061,/,2.2,4.2,1.2,0.7,2,0,3,1,change_col,/,3,testing
14,lyy,f,22,noindex,True,549671,552405,z,1.2,0.7,2.2,4.2,1,2,0,3,nochange_col,z,1,testing
14,lyy,f,22,noindex,True,557119,560741,/,0.7,1.2,4.2,2.2,3,1,2,0,change_ori,/,2,testing
14,lyy,f,22,noindex,True,565434,566901,z,4.2,0.7,1.2,2.2,1,3,2,0,nochange_col,z,2,testing
14,lyy,f,22,noindex,True,571579,573349,/,0.7,2.2,1.2,4.2,0,3,1,2,change_col,/,1,testing
14,lyy,f,22,noindex,True,578007,579429,z,2.2,1.2,4.2,0.7,3,0,2,1,nochange_ori,z,1,testing
14,lyy,f,22,noindex,True,584119,586437,z,0.7,2.2,1.2,4.2,3,1,2,0,nochange_col,z,2,testing
14,lyy,f,22,noindex,True,591131,592790,z,1.2,4.2,0.7,2.2,2,0,1,3,nochange_ori,z,1,testing
14,lyy,f,22,noindex,True,597527,599061,z,0.7,1.2,4.2,2.2,0,3,1,2,change_ori,/,3,testing
14,lyy,f,22,noindex,True,603754,604949,z,2.2,1.2,0.7,4.2,1,3,2,0,nochange_col,z,1,testing
14,lyy,f,22,noindex,True,609599,613189,z,2.2,1.2,4.2,0.7,2,0,1,3,nochange_ori,z,2,testing
14,lyy,f,22,noindex,True,617897,620133,z,1.2,0.7,2.2,4.2,1,0,2,3,nochange_col,z,1,testing
14,lyy,f,22,noindex,True,624793,625861,z,2.2,1.2,0.7,4.2,3,1,0,2,nochange_ori,z,3,testing
14,lyy,f,22,noindex,True,630554,634565,/,1.2,0.7,4.2,2.2,3,2,0,1,change_ori,/,2,testing
14,lyy,f,22,noindex,True,639270,642213,/,0.7,1.2,2.2,4.2,3,0,2,1,change_col,/,3,testing
14,lyy,f,22,noindex,True,646901,648837,/,2.2,4.2,1.2,0.7,0,2,1,3,change_col,/,2,testing
14,lyy,f,22,noindex,True,653530,654933,z,4.2,1.2,0.7,2.2,3,1,0,2,nochange_ori,z,2,testing
14,lyy,f,22,noindex,True,659507,661221,/,2.2,1.2,0.7,4.2,3,2,1,0,change_col,/,3,testing
14,lyy,f,22,noindex,True,665835,670117,z,0.7,1.2,2.2,4.2,0,1,2,3,change_ori,/,1,testing
14,lyy,f,22,noindex,True,674802,676756,/,1.2,4.2,2.2,0.7,3,2,1,0,change_col,/,1,testing
14,lyy,f,22,noindex,True,681448,683844,/,4.2,1.2,0.7,2.2,0,3,1,2,change_col,/,2,testing
14,lyy,f,22,noindex,True,688477,690053,z,1.2,0.7,4.2,2.2,3,1,2,0,nochange_ori,z,0,testing
14,lyy,f,22,noindex,True,694789,698469,z,4.2,1.2,0.7,2.2,0,3,1,2,nochange_ori,z,0,testing
14,lyy,f,22,noindex,True,703071,704853,/,2.2,1.2,4.2,0.7,0,1,2,3,change_ori,/,2,testing
14,lyy,f,22,noindex,True,709416,711413,z,0.7,2.2,1.2,4.2,0,3,2,1,nochange_ori,z,0,testing
14,lyy,f,22,noindex,True,716145,726693,z,4.2,0.7,1.2,2.2,3,0,2,1,nochange_ori,z,3,testing
14,lyy,f,22,noindex,True,731406,733797,z,0.7,4.2,2.2,1.2,3,0,2,1,nochange_col,z,0,testing
14,lyy,f,22,noindex,True,738436,739796,z,4.2,2.2,0.7,1.2,3,0,1,2,nochange_ori,z,0,testing
14,lyy,f,22,noindex,True,744397,746021,z,1.2,0.7,4.2,2.2,0,3,2,1,nochange_col,z,0,testing
14,lyy,f,22,noindex,True,750742,751668,z,0.7,1.2,2.2,4.2,3,1,0,2,nochange_ori,z,3,testing
14,lyy,f,22,noindex,True,756335,758708,/,1.2,4.2,2.2,0.7,2,3,0,1,change_col,/,2,testing
14,lyy,f,22,noindex,True,763365,770708,z,4.2,2.2,0.7,1.2,0,3,1,2,nochange_col,z,3,testing
14,lyy,f,22,noindex,True,775454,777173,z,2.2,0.7,4.2,1.2,3,0,1,2,nochange_col,z,3,testing
14,lyy,f,22,noindex,True,781932,783541,/,4.2,0.7,2.2,1.2,1,0,2,3,change_col,/,0,testing
14,lyy,f,22,noindex,True,788194,790084,/,4.2,1.2,2.2,0.7,1,3,2,0,change_ori,/,3,testing
14,lyy,f,22,noindex,True,794722,796292,/,0.7,1.2,2.2,4.2,3,2,1,0,change_ori,/,3,testing
14,lyy,f,22,noindex,True,800967,803109,z,0.7,2.2,1.2,4.2,3,1,2,0,nochange_col,z,3,testing
14,lyy,f,22,noindex,True,807863,809252,z,2.2,1.2,0.7,4.2,1,3,0,2,nochange_ori,z,0,testing
14,lyy,f,22,noindex,True,813991,817285,/,1.2,2.2,0.7,4.2,2,3,0,1,nochange_ori,z,1,testing
14,lyy,f,22,noindex,True,821856,823445,/,1.2,2.2,4.2,0.7,3,1,2,0,change_col,/,3,testing
14,lyy,f,22,noindex,True,828184,829653,/,0.7,2.2,4.2,1.2,1,2,3,0,change_col,/,3,testing
14,lyy,f,22,noindex,True,834312,837573,z,1.2,0.7,2.2,4.2,2,0,1,3,change_ori,/,0,testing
14,lyy,f,22,noindex,True,842243,843380,/,1.2,2.2,4.2,0.7,3,0,1,2,change_col,/,1,testing
14,lyy,f,22,noindex,True,848054,850869,/,4.2,0.7,1.2,2.2,3,1,0,2,change_col,/,3,testing
14,lyy,f,22,noindex,True,855534,860596,/,0.7,2.2,1.2,4.2,0,3,2,1,change_ori,/,3,testing
14,lyy,f,22,noindex,True,865269,867765,/,2.2,1.2,0.7,4.2,1,3,2,0,change_ori,/,1,testing
14,lyy,f,22,noindex,True,872332,874756,z,0.7,4.2,2.2,1.2,1,2,3,0,nochange_col,z,2,testing
14,lyy,f,22,noindex,True,879495,882437,z,2.2,1.2,0.7,4.2,3,0,1,2,nochange_col,z,0,testing
14,lyy,f,22,noindex,True,887092,889508,/,0.7,2.2,1.2,4.2,2,3,1,0,change_col,/,3,testing
14,lyy,f,22,noindex,True,894222,896069,z,2.2,0.7,4.2,1.2,2,0,1,3,nochange_ori,z,0,testing
14,lyy,f,22,noindex,True,900750,902645,z,1.2,4.2,0.7,2.2,0,2,3,1,nochange_col,z,2,testing
14,lyy,f,22,noindex,True,907330,909508,/,1.2,4.2,0.7,2.2,2,3,0,1,change_ori,/,1,testing
14,lyy,f,22,noindex,True,914242,916052,/,0.7,4.2,1.2,2.2,3,1,0,2,change_ori,/,1,testing
14,lyy,f,22,noindex,True,920637,921716,z,4.2,1.2,0.7,2.2,0,2,1,3,change_ori,/,3,testing
14,lyy,f,22,noindex,True,926464,930277,/,0.7,1.2,4.2,2.2,3,2,0,1,change_col,/,1,testing
14,lyy,f,22,noindex,True,935013,936981,z,4.2,2.2,0.7,1.2,3,2,0,1,nochange_ori,z,0,testing
14,lyy,f,22,noindex,True,941559,942756,/,1.2,0.7,2.2,4.2,1,0,3,2,change_ori,/,1,testing
14,lyy,f,22,noindex,True,947487,950533,z,1.2,4.2,2.2,0.7,0,1,2,3,change_ori,/,0,testing
14,lyy,f,22,noindex,True,955250,957237,/,1.2,0.7,4.2,2.2,0,1,2,3,change_col,/,2,testing
14,lyy,f,22,noindex,True,961980,964277,z,1.2,4.2,0.7,2.2,0,1,2,3,nochange_col,z,0,testing
14,lyy,f,22,noindex,True,968842,971092,/,2.2,1.2,0.7,4.2,1,3,0,2,change_ori,/,3,testing
14,lyy,f,22,noindex,True,975822,977428,/,2.2,1.2,0.7,4.2,1,3,2,0,change_col,/,0,testing
14,lyy,f,22,noindex,True,982034,985428,/,2.2,4.2,1.2,0.7,3,2,1,0,change_ori,/,3,testing
14,lyy,f,22,noindex,True,990131,992197,z,1.2,0.7,2.2,4.2,2,0,3,1,nochange_ori,z,1,testing
14,lyy,f,22,noindex,True,996811,998212,/,2.2,1.2,0.7,4.2,3,1,2,0,change_ori,/,1,testing
14,lyy,f,22,noindex,True,1002872,1004052,z,2.2,4.2,1.2,0.7,2,3,1,0,change_ori,/,3,testing
14,lyy,f,22,noindex,True,1008799,1010292,/,1.2,2.2,0.7,4.2,0,3,1,2,change_ori,/,0,testing
14,lyy,f,22,noindex,True,1014977,1016420,z,2.2,1.2,0.7,4.2,2,3,0,1,nochange_ori,z,1,testing
14,lyy,f,22,noindex,True,1021005,1023156,/,1.2,0.7,2.2,4.2,2,0,3,1,change_col,/,0,testing
14,lyy,f,22,noindex,True,1027818,1029012,/,0.7,2.2,4.2,1.2,2,0,1,3,change_col,/,2,testing
14,lyy,f,22,noindex,True,1033579,1035092,z,0.7,2.2,4.2,1.2,3,2,1,0,nochange_col,z,0,testing
14,lyy,f,22,noindex,True,1039740,1042069,z,2.2,0.7,4.2,1.2,2,1,3,0,nochange_col,z,3,testing
14,lyy,f,22,noindex,True,1046635,1048068,z,1.2,2.2,4.2,0.7,1,2,3,0,nochange_col,z,0,testing
14,lyy,f,22,noindex,True,1052780,1054741,z,1.2,4.2,2.2,0.7,0,3,1,2,nochange_ori,z,2,testing
14,lyy,f,22,noindex,True,1059326,1060228,/,2.2,1.2,4.2,0.7,2,0,3,1,change_col,/,0,testing
14,lyy,f,22,noindex,True,1064986,1066020,z,0.7,4.2,2.2,1.2,2,1,3,0,nochange_ori,z,1,testing
14,lyy,f,22,noindex,True,1070780,1072755,/,1.2,0.7,2.2,4.2,0,2,3,1,nochange_col,z,3,testing
14,lyy,f,22,noindex,True,1077342,1078628,z,4.2,1.2,0.7,2.2,2,0,3,1,nochange_col,z,2,testing
14,lyy,f,22,noindex,True,1083320,1084660,z,1.2,0.7,4.2,2.2,2,3,1,0,nochange_ori,z,2,testing
14,lyy,f,22,noindex,True,1123961,1125396,z,4.2,2.2,1.2,0.7,1,2,0,3,nochange_col,z,1,testing
14,lyy,f,22,noindex,True,1130072,1131764,/,0.7,1.2,4.2,2.2,1,2,0,3,change_col,/,0,testing
14,lyy,f,22,noindex,True,1136517,1138932,/,0.7,1.2,4.2,2.2,0,3,1,2,change_col,/,2,testing
14,lyy,f,22,noindex,True,1143564,1144772,/,2.2,1.2,4.2,0.7,2,0,1,3,change_ori,/,3,testing
14,lyy,f,22,noindex,True,1149341,1150884,/,4.2,2.2,1.2,0.7,0,3,1,2,nochange_ori,z,3,testing
14,lyy,f,22,noindex,True,1155502,1156548,/,1.2,2.2,0.7,4.2,1,3,0,2,change_col,/,3,testing
14,lyy,f,22,noindex,True,1161146,1162644,z,2.2,1.2,0.7,4.2,0,1,2,3,nochange_ori,z,2,testing
14,lyy,f,22,noindex,True,1167274,1169396,z,2.2,1.2,0.7,4.2,1,3,0,2,nochange_col,z,3,testing
14,lyy,f,22,noindex,True,1174136,1176228,/,4.2,1.2,2.2,0.7,0,3,1,2,change_ori,/,2,testing
14,lyy,f,22,noindex,True,1180798,1182260,/,0.7,1.2,4.2,2.2,3,0,2,1,change_col,/,2,testing
14,lyy,f,22,noindex,True,1186843,1188564,z,0.7,1.2,2.2,4.2,2,1,3,0,nochange_col,z,1,testing
14,lyy,f,22,noindex,True,1193305,1194772,z,1.2,4.2,0.7,2.2,2,3,0,1,nochange_ori,z,0,testing
14,lyy,f,22,noindex,True,1199433,1201940,/,1.2,2.2,0.7,4.2,0,3,2,1,change_col,/,2,testing
14,lyy,f,22,noindex,True,1206680,1208388,z,1.2,2.2,4.2,0.7,3,0,2,1,nochange_col,z,3,testing
14,lyy,f,22,noindex,True,1213041,1214388,/,2.2,4.2,1.2,0.7,3,1,0,2,change_col,/,0,testing
14,lyy,f,22,noindex,True,1219103,1220196,/,2.2,1.2,4.2,0.7,3,2,0,1,change_ori,/,3,testing
14,lyy,f,22,noindex,True,1224846,1226228,z,4.2,0.7,2.2,1.2,3,0,2,1,change_col,/,0,testing
14,lyy,f,22,noindex,True,1230807,1232084,/,0.7,1.2,2.2,4.2,3,2,1,0,change_col,/,3,testing
14,lyy,f,22,noindex,True,1236801,1238308,z,0.7,2.2,1.2,4.2,2,0,3,1,nochange_col,z,1,testing
14,lyy,f,22,noindex,True,1243030,1244324,/,0.7,4.2,1.2,2.2,0,2,3,1,change_col,/,0,testing
14,lyy,f,22,noindex,True,1248941,1250308,z,0.7,4.2,2.2,1.2,1,0,2,3,nochange_ori,z,3,testing
14,lyy,f,22,noindex,True,1255069,1256373,/,1.2,0.7,4.2,2.2,0,3,2,1,change_col,/,1,testing
14,lyy,f,22,noindex,True,1261096,1262068,z,1.2,2.2,0.7,4.2,0,2,1,3,nochange_ori,z,2,testing
14,lyy,f,22,noindex,True,1266824,1268564,/,0.7,1.2,4.2,2.2,3,2,1,0,change_col,/,1,testing
14,lyy,f,22,noindex,True,1273218,1275780,/,2.2,0.7,1.2,4.2,0,3,2,1,change_ori,/,2,testing
14,lyy,f,22,noindex,True,1280416,1282404,z,4.2,0.7,1.2,2.2,2,1,3,0,nochange_ori,z,0,testing
14,lyy,f,22,noindex,True,1287010,1288740,/,4.2,1.2,2.2,0.7,1,2,3,0,nochange_ori,z,2,testing
14,lyy,f,22,noindex,True,1293506,1294660,/,1.2,2.2,4.2,0.7,2,3,0,1,change_ori,/,0,testing
14,lyy,f,22,noindex,True,1299333,1300532,/,1.2,2.2,4.2,0.7,1,3,0,2,change_ori,/,2,testing
14,lyy,f,22,noindex,True,1305228,1306835,/,1.2,0.7,4.2,2.2,1,3,0,2,change_ori,/,2,testing
14,lyy,f,22,noindex,True,1311540,1313459,/,4.2,0.7,1.2,2.2,1,2,0,3,change_ori,/,1,testing
14,lyy,f,22,noindex,True,1318101,1319652,/,0.7,2.2,1.2,4.2,2,0,3,1,change_col,/,3,testing
14,lyy,f,22,noindex,True,1324229,1325572,/,4.2,0.7,2.2,1.2,2,0,1,3,change_ori,/,0,testing
14,lyy,f,22,noindex,True,1330223,1331700,z,2.2,0.7,4.2,1.2,3,1,2,0,nochange_col,z,2,testing
14,lyy,f,22,noindex,True,1336285,1339316,/,2.2,1.2,4.2,0.7,1,3,0,2,change_col,/,3,testing
14,lyy,f,22,noindex,True,1344032,1347028,z,4.2,2.2,0.7,1.2,0,3,2,1,nochange_ori,z,1,testing
14,lyy,f,22,noindex,True,1351646,1353875,z,2.2,1.2,0.7,4.2,2,1,3,0,nochange_ori,z,2,testing
14,lyy,f,22,noindex,True,1358542,1361844,/,0.7,4.2,1.2,2.2,1,0,2,3,change_ori,/,3,testing
14,lyy,f,22,noindex,True,1366524,1367475,z,0.7,2.2,1.2,4.2,3,0,1,2,nochange_col,z,2,testing
14,lyy,f,22,noindex,True,1372067,1373092,z,0.7,2.2,4.2,1.2,2,0,1,3,nochange_col,z,3,testing
14,lyy,f,22,noindex,True,1377794,1379124,z,0.7,1.2,4.2,2.2,0,3,1,2,nochange_col,z,2,testing
14,lyy,f,22,noindex,True,1383722,1385764,z,2.2,0.7,1.2,4.2,3,0,2,1,nochange_ori,z,2,testing
14,lyy,f,22,noindex,True,1390351,1393364,/,0.7,1.2,4.2,2.2,0,3,2,1,nochange_ori,z,2,testing
14,lyy,f,22,noindex,True,1398115,1399459,z,0.7,4.2,2.2,1.2,2,1,0,3,nochange_ori,z,0,testing
14,lyy,f,22,noindex,True,1404160,1407587,/,1.2,0.7,4.2,2.2,2,1,3,0,change_ori,/,1,testing
14,lyy,f,22,noindex,True,1412191,1414356,z,1.2,4.2,2.2,0.7,1,3,2,0,nochange_col,z,0,testing
14,lyy,f,22,noindex,True,1418987,1420211,/,2.2,1.2,4.2,0.7,1,0,2,3,change_ori,/,2,testing
14,lyy,f,22,noindex,True,1424948,1426148,z,4.2,1.2,0.7,2.2,1,3,0,2,nochange_ori,z,3,testing
14,lyy,f,22,noindex,True,1430859,1431892,z,4.2,0.7,2.2,1.2,1,3,0,2,nochange_ori,z,1,testing
14,lyy,f,22,noindex,True,1436602,1438516,/,1.2,0.7,4.2,2.2,2,3,1,0,change_ori,/,3,testing
14,lyy,f,22,noindex,True,1443248,1444419,z,1.2,4.2,2.2,0.7,3,2,0,1,nochange_ori,z,1,testing
14,lyy,f,22,noindex,True,1449109,1449940,z,2.2,1.2,4.2,0.7,3,1,2,0,nochange_col,z,0,testing
14,lyy,f,22,noindex,True,1454502,1456259,/,0.7,1.2,2.2,4.2,2,3,0,1,change_col,/,0,testing
14,lyy,f,22,noindex,True,1460897,1461892,z,4.2,0.7,1.2,2.2,2,3,0,1,nochange_col,z,3,testing
14,lyy,f,22,noindex,True,1466608,1468388,/,4.2,0.7,1.2,2.2,2,1,3,0,change_col,/,0,testing
14,lyy,f,22,noindex,True,1472986,1473988,/,4.2,0.7,1.2,2.2,2,0,3,1,change_col,/,3,testing
14,lyy,f,22,noindex,True,1478629,1480452,/,0.7,1.2,4.2,2.2,1,0,2,3,change_ori,/,2,testing
14,lyy,f,22,noindex,True,1485075,1486612,z,1.2,2.2,0.7,4.2,3,1,0,2,nochange_ori,z,1,testing
14,lyy,f,22,noindex,True,1491353,1492835,z,0.7,4.2,2.2,1.2,3,1,2,0,nochange_ori,z,0,testing
14,lyy,f,22,noindex,True,1497398,1498627,/,1.2,0.7,4.2,2.2,0,3,2,1,change_col,/,2,testing
14,lyy,f,22,noindex,True,1503291,1505779,z,4.2,0.7,1.2,2.2,0,3,1,2,nochange_col,z,3,testing
14,lyy,f,22,noindex,True,1510455,1511459,z,0.7,4.2,2.2,1.2,3,1,0,2,nochange_col,z,1,testing
14,lyy,f,22,noindex,True,1516165,1517059,z,0.7,2.2,1.2,4.2,1,2,0,3,nochange_col,z,2,testing
14,lyy,f,22,noindex,True,1521809,1523124,/,1.2,4.2,2.2,0.7,3,0,1,2,change_ori,/,2,testing
14,lyy,f,22,noindex,True,1527836,1530003,/,4.2,1.2,2.2,0.7,3,1,0,2,change_ori,/,3,testing
14,lyy,f,22,noindex,True,1534599,1535507,z,2.2,4.2,1.2,0.7,0,1,3,2,nochange_col,z,3,testing
14,lyy,f,22,noindex,True,1540126,1541988,/,0.7,4.2,1.2,2.2,2,0,3,1,change_ori,/,0,testing
14,lyy,f,22,noindex,True,1546638,1547795,z,4.2,1.2,0.7,2.2,3,2,1,0,nochange_col,z,3,testing
14,lyy,f,22,noindex,True,1552549,1555828,/,2.2,1.2,4.2,0.7,2,0,1,3,change_ori,/,1,testing
14,lyy,f,22,noindex,True,1560447,1561540,z,1.2,4.2,2.2,0.7,0,1,3,2,nochange_col,z,0,testing
14,lyy,f,22,noindex,True,1566158,1567284,z,2.2,4.2,0.7,1.2,0,1,2,3,nochange_ori,z,1,testing
14,lyy,f,22,noindex,True,1572001,1573956,/,0.7,4.2,2.2,1.2,2,0,3,1,change_col,/,2,testing
14,lyy,f,22,noindex,True,1578647,1581843,/,1.2,2.2,0.7,4.2,3,1,2,0,change_ori,/,3,testing
14,lyy,f,22,noindex,True,1586412,1587620,/,2.2,0.7,1.2,4.2,3,0,1,2,change_col,/,2,testing
14,lyy,f,22,noindex,True,1592322,1593492,/,2.2,4.2,1.2,0.7,3,1,2,0,change_ori,/,2,testing
14,lyy,f,22,noindex,True,1598216,1599652,/,4.2,0.7,2.2,1.2,1,3,0,2,change_col,/,1,testing
14,lyy,f,22,noindex,True,1604294,1605524,z,2.2,4.2,0.7,1.2,1,2,0,3,nochange_ori,z,2,testing
14,lyy,f,22,noindex,True,1610171,1612275,z,4.2,1.2,0.7,2.2,0,3,2,1,nochange_ori,z,0,testing
14,lyy,f,22,noindex,True,1616867,1618050,z,0.7,4.2,2.2,1.2,1,0,3,2,nochange_col,z,0,testing
14,lyy,f,22,noindex,True,1622761,1626515,z,1.2,4.2,2.2,0.7,2,0,1,3,nochange_col,z,1,testing
