subj,name,gender,age,cond,P_resp,P_startTime,P_respTime,P_gotKey,sf1,sf2,sf3,sf4,ord_1,ord_2,ord_3,ord_4,task,correct_key,no_change,mode
15,cy,f,22,index,True,65416,66995,z,1.2,1.2,2.2,2.2,1,0,2,3,nochange_ori,z,2,practice
15,cy,f,22,index,True,71727,72642,z,1.2,4.2,4.2,1.2,0,2,3,1,nochange_col,z,0,practice
15,cy,f,22,index,True,77287,78098,z,2.2,2.2,1.2,1.2,0,1,3,2,nochange_col,z,3,practice
15,cy,f,22,index,True,82847,85458,/,4.2,4.2,2.2,2.2,2,3,1,0,change_col,/,3,practice
15,cy,f,22,index,True,90177,91218,/,2.2,4.2,2.2,4.2,0,1,2,3,change_col,/,0,practice
15,cy,f,22,index,True,95938,97970,z,0.7,2.2,0.7,2.2,0,1,3,2,nochange_col,z,3,practice
15,cy,f,22,index,True,102683,103410,z,1.2,1.2,2.2,2.2,3,1,2,0,nochange_col,z,0,practice
15,cy,f,22,index,True,108161,109123,/,1.2,4.2,4.2,1.2,0,3,2,1,change_ori,/,3,practice
15,cy,f,22,index,True,113788,114611,/,2.2,1.2,2.2,1.2,0,2,3,1,change_ori,/,1,practice
15,cy,f,22,index,True,119364,120659,z,2.2,4.2,4.2,2.2,0,3,2,1,change_col,/,3,practice
15,cy,f,22,index,True,125359,128786,z,1.2,1.2,2.2,2.2,2,3,0,1,nochange_ori,z,3,practice
15,cy,f,22,index,True,133390,135042,/,2.2,1.2,1.2,2.2,3,1,0,2,change_ori,/,1,practice
15,cy,f,22,index,True,139652,143986,z,1.2,2.2,2.2,1.2,2,0,3,1,nochange_ori,z,0,practice
15,cy,f,22,index,True,148551,152499,z,1.2,4.2,4.2,1.2,0,1,2,3,change_col,/,1,practice
15,cy,f,22,index,True,157234,157970,z,1.2,1.2,0.7,0.7,2,1,0,3,nochange_ori,z,3,practice
15,cy,f,22,index,True,162577,164738,/,1.2,4.2,1.2,4.2,1,3,0,2,change_ori,/,1,practice
15,cy,f,22,index,True,169389,170674,/,4.2,0.7,0.7,4.2,2,0,1,3,change_ori,/,0,practice
15,cy,f,22,index,True,175367,176451,z,0.7,1.2,1.2,0.7,2,3,0,1,nochange_ori,z,2,practice
15,cy,f,22,index,True,181111,184610,z,4.2,1.2,4.2,1.2,3,0,2,1,nochange_col,z,1,practice
15,cy,f,22,index,True,189276,190163,/,0.7,0.7,4.2,4.2,3,2,1,0,change_col,/,1,practice
15,cy,f,22,index,True,201766,202690,/,2.2,1.2,2.2,1.2,3,2,0,1,change_ori,/,2,testing
15,cy,f,22,index,True,207410,209458,/,2.2,0.7,2.2,0.7,1,2,0,3,change_ori,/,0,testing
15,cy,f,22,index,True,214105,215522,/,4.2,2.2,4.2,2.2,0,1,3,2,change_col,/,1,testing
15,cy,f,22,index,True,220183,221058,/,1.2,2.2,2.2,1.2,1,0,2,3,change_ori,/,0,testing
15,cy,f,22,index,True,225743,227297,z,4.2,1.2,4.2,1.2,2,1,0,3,nochange_ori,z,0,testing
15,cy,f,22,index,True,232038,234579,z,2.2,0.7,2.2,0.7,0,1,2,3,nochange_ori,z,2,testing
15,cy,f,22,index,True,239184,240178,z,4.2,4.2,2.2,2.2,0,3,1,2,nochange_col,z,1,testing
15,cy,f,22,index,True,244862,246546,/,4.2,4.2,0.7,0.7,2,3,0,1,change_col,/,2,testing
15,cy,f,22,index,True,251240,252450,/,2.2,4.2,2.2,4.2,1,0,2,3,change_col,/,0,testing
15,cy,f,22,index,True,257134,258466,z,4.2,1.2,4.2,1.2,3,1,0,2,nochange_ori,z,2,testing
15,cy,f,22,index,True,263212,264674,z,0.7,4.2,4.2,0.7,2,3,0,1,nochange_col,z,3,testing
15,cy,f,22,index,True,269256,275410,/,2.2,1.2,2.2,1.2,3,2,0,1,change_col,/,2,testing
15,cy,f,22,index,True,280143,281570,z,2.2,2.2,4.2,4.2,3,2,0,1,nochange_ori,z,0,testing
15,cy,f,22,index,True,286188,287218,z,4.2,1.2,4.2,1.2,1,3,0,2,nochange_ori,z,3,testing
15,cy,f,22,index,True,291881,293810,/,2.2,0.7,0.7,2.2,3,0,1,2,change_ori,/,0,testing
15,cy,f,22,index,True,298410,299330,/,1.2,4.2,1.2,4.2,2,1,0,3,change_col,/,0,testing
15,cy,f,22,index,True,303920,304722,z,4.2,4.2,0.7,0.7,3,0,1,2,nochange_col,z,2,testing
15,cy,f,22,index,True,309296,310626,/,2.2,1.2,1.2,2.2,1,0,2,3,change_ori,/,0,testing
15,cy,f,22,index,True,315375,316258,/,2.2,2.2,1.2,1.2,2,0,1,3,change_ori,/,2,testing
15,cy,f,22,index,True,320851,323074,z,4.2,0.7,0.7,4.2,2,1,3,0,nochange_ori,z,1,testing
15,cy,f,22,index,True,327680,328481,z,4.2,0.7,4.2,0.7,3,2,1,0,nochange_col,z,0,testing
15,cy,f,22,index,True,333241,334802,z,1.2,2.2,2.2,1.2,0,1,2,3,nochange_col,z,2,testing
15,cy,f,22,index,True,339552,340354,z,0.7,2.2,2.2,0.7,2,3,1,0,nochange_col,z,3,testing
15,cy,f,22,index,True,345079,345826,z,4.2,1.2,1.2,4.2,0,1,2,3,nochange_col,z,3,testing
15,cy,f,22,index,True,350489,351122,z,2.2,2.2,4.2,4.2,1,0,3,2,nochange_col,z,2,testing
15,cy,f,22,index,True,355715,357202,z,4.2,1.2,1.2,4.2,2,1,3,0,nochange_ori,z,1,testing
15,cy,f,22,index,True,361843,363489,/,4.2,4.2,0.7,0.7,1,0,2,3,change_col,/,0,testing
15,cy,f,22,index,True,368239,369906,/,4.2,4.2,1.2,1.2,3,0,2,1,change_ori,/,3,testing
15,cy,f,22,index,True,374483,375041,z,0.7,4.2,0.7,4.2,2,3,0,1,nochange_col,z,3,testing
15,cy,f,22,index,True,379660,381089,z,1.2,1.2,2.2,2.2,2,0,1,3,nochange_col,z,2,testing
15,cy,f,22,index,True,385687,388530,/,2.2,0.7,2.2,0.7,1,3,0,2,change_ori,/,0,testing
15,cy,f,22,index,True,393201,396114,z,4.2,0.7,0.7,4.2,1,0,2,3,nochange_ori,z,2,testing
15,cy,f,22,index,True,400832,402498,/,4.2,2.2,4.2,2.2,0,1,2,3,change_col,/,1,testing
15,cy,f,22,index,True,407209,409282,/,0.7,0.7,2.2,2.2,0,1,3,2,change_col,/,3,testing
15,cy,f,22,index,True,413906,414850,z,4.2,4.2,1.2,1.2,2,3,0,1,nochange_col,z,2,testing
15,cy,f,22,index,True,419549,420786,z,1.2,4.2,4.2,1.2,1,2,0,3,nochange_col,z,2,testing
15,cy,f,22,index,True,425460,426642,z,4.2,2.2,2.2,4.2,3,0,2,1,nochange_ori,z,1,testing
15,cy,f,22,index,True,431238,432450,z,4.2,1.2,4.2,1.2,2,0,1,3,change_col,/,0,testing
15,cy,f,22,index,True,437165,437986,/,0.7,0.7,2.2,2.2,2,0,3,1,change_col,/,0,testing
15,cy,f,22,index,True,442742,443858,z,2.2,1.2,2.2,1.2,2,0,3,1,nochange_ori,z,0,testing
15,cy,f,22,index,True,448620,449362,/,2.2,2.2,1.2,1.2,2,3,0,1,change_col,/,3,testing
15,cy,f,22,index,True,454096,455089,z,1.2,1.2,2.2,2.2,0,1,2,3,nochange_col,z,1,testing
15,cy,f,22,index,True,459790,460578,z,0.7,2.2,0.7,2.2,0,2,3,1,nochange_col,z,2,testing
15,cy,f,22,index,True,465267,466513,/,1.2,4.2,4.2,1.2,0,3,1,2,change_ori,/,1,testing
15,cy,f,22,index,True,471161,473297,/,1.2,2.2,2.2,1.2,0,1,2,3,change_ori,/,0,testing
15,cy,f,22,index,True,477990,478833,/,4.2,0.7,0.7,4.2,2,0,1,3,change_col,/,3,testing
15,cy,f,22,index,True,483400,484034,z,4.2,4.2,0.7,0.7,1,0,3,2,nochange_col,z,1,testing
15,cy,f,22,index,True,488643,489938,z,0.7,0.7,4.2,4.2,3,2,1,0,nochange_col,z,3,testing
15,cy,f,22,index,True,494554,496049,/,2.2,1.2,1.2,2.2,1,2,3,0,change_ori,/,0,testing
15,cy,f,22,index,True,500648,502530,/,2.2,0.7,0.7,2.2,3,0,2,1,change_ori,/,0,testing
15,cy,f,22,index,True,507126,509185,/,2.2,2.2,4.2,4.2,1,0,2,3,change_ori,/,1,testing
15,cy,f,22,index,True,513873,514753,z,1.2,1.2,0.7,0.7,0,2,1,3,nochange_ori,z,3,testing
15,cy,f,22,index,True,519366,527746,z,2.2,2.2,4.2,4.2,0,2,3,1,change_col,/,3,testing
15,cy,f,22,index,True,532473,533154,z,0.7,0.7,1.2,1.2,0,1,2,3,nochange_col,z,2,testing
15,cy,f,22,index,True,537900,538866,/,1.2,1.2,4.2,4.2,3,0,1,2,change_ori,/,2,testing
15,cy,f,22,index,True,543444,544625,/,1.2,4.2,1.2,4.2,2,0,3,1,change_col,/,0,testing
15,cy,f,22,index,True,549238,550305,z,1.2,4.2,1.2,4.2,0,1,2,3,nochange_ori,z,3,testing
15,cy,f,22,index,True,555015,559313,z,1.2,4.2,1.2,4.2,3,1,0,2,nochange_ori,z,3,testing
15,cy,f,22,index,True,563981,566914,/,2.2,4.2,2.2,4.2,3,0,1,2,change_ori,/,1,testing
15,cy,f,22,index,True,571628,573618,/,4.2,4.2,1.2,1.2,2,0,1,3,change_ori,/,1,testing
15,cy,f,22,index,True,578208,579553,z,2.2,1.2,2.2,1.2,2,3,1,0,nochange_ori,z,3,testing
15,cy,f,22,index,True,584168,585105,/,0.7,1.2,0.7,1.2,0,3,1,2,change_col,/,2,testing
15,cy,f,22,index,True,589845,591458,z,0.7,2.2,2.2,0.7,0,2,1,3,nochange_col,z,2,testing
15,cy,f,22,index,True,596124,597250,/,1.2,4.2,4.2,1.2,0,1,3,2,change_col,/,3,testing
15,cy,f,22,index,True,601868,602833,z,0.7,0.7,1.2,1.2,0,1,3,2,nochange_ori,z,2,testing
15,cy,f,22,index,True,607412,611122,/,2.2,0.7,0.7,2.2,0,1,2,3,nochange_col,z,0,testing
15,cy,f,22,index,True,615693,616658,z,4.2,4.2,0.7,0.7,0,2,3,1,nochange_ori,z,3,testing
15,cy,f,22,index,True,621220,622786,/,0.7,2.2,2.2,0.7,3,1,2,0,change_ori,/,1,testing
15,cy,f,22,index,True,627365,630737,z,2.2,0.7,2.2,0.7,1,0,3,2,nochange_ori,z,2,testing
15,cy,f,22,index,True,635446,636641,z,0.7,1.2,0.7,1.2,3,2,0,1,nochange_ori,z,0,testing
15,cy,f,22,index,True,641340,642177,/,2.2,4.2,4.2,2.2,0,2,3,1,change_ori,/,1,testing
15,cy,f,22,index,True,646817,651938,/,1.2,4.2,4.2,1.2,1,3,0,2,change_col,/,2,testing
15,cy,f,22,index,True,656551,662817,z,2.2,4.2,4.2,2.2,1,2,3,0,nochange_ori,z,2,testing
15,cy,f,22,index,True,667471,668801,/,0.7,4.2,0.7,4.2,2,1,3,0,change_ori,/,2,testing
15,cy,f,22,index,True,673399,674129,/,0.7,0.7,1.2,1.2,3,2,1,0,change_col,/,0,testing
15,cy,f,22,index,True,678859,679874,z,4.2,2.2,4.2,2.2,1,0,3,2,nochange_col,z,3,testing
15,cy,f,22,index,True,684520,686529,z,4.2,1.2,4.2,1.2,2,3,0,1,change_col,/,0,testing
15,cy,f,22,index,True,691249,692561,z,0.7,0.7,4.2,4.2,1,2,0,3,nochange_ori,z,2,testing
15,cy,f,22,index,True,697277,698401,/,4.2,4.2,1.2,1.2,2,0,1,3,change_ori,/,1,testing
15,cy,f,22,index,True,703087,704289,/,4.2,1.2,1.2,4.2,3,0,2,1,change_col,/,3,testing
15,cy,f,22,index,True,771312,773313,/,1.2,0.7,0.7,1.2,1,0,2,3,change_ori,/,0,testing
15,cy,f,22,index,True,778041,778960,z,1.2,2.2,1.2,2.2,2,0,3,1,nochange_ori,z,1,testing
15,cy,f,22,index,True,783568,784256,z,0.7,0.7,1.2,1.2,2,1,0,3,nochange_ori,z,1,testing
15,cy,f,22,index,True,788878,789841,/,2.2,0.7,2.2,0.7,3,0,2,1,change_ori,/,1,testing
15,cy,f,22,index,True,794455,796897,/,1.2,4.2,4.2,1.2,2,0,3,1,change_col,/,0,testing
15,cy,f,22,index,True,801584,803025,z,0.7,4.2,4.2,0.7,1,0,3,2,nochange_col,z,3,testing
15,cy,f,22,index,True,807763,811584,/,4.2,0.7,4.2,0.7,2,1,0,3,change_ori,/,2,testing
15,cy,f,22,index,True,816279,817088,z,2.2,1.2,2.2,1.2,1,3,2,0,nochange_col,z,2,testing
15,cy,f,22,index,True,821739,822544,z,2.2,4.2,4.2,2.2,1,0,2,3,nochange_col,z,1,testing
15,cy,f,22,index,True,827232,828433,z,0.7,0.7,4.2,4.2,0,2,1,3,nochange_col,z,2,testing
15,cy,f,22,index,True,833143,834433,z,1.2,4.2,4.2,1.2,1,3,2,0,nochange_ori,z,3,testing
15,cy,f,22,index,True,839003,840048,z,2.2,2.2,1.2,1.2,2,1,0,3,nochange_col,z,0,testing
15,cy,f,22,index,True,844681,845729,/,0.7,1.2,1.2,0.7,1,3,2,0,change_col,/,1,testing
15,cy,f,22,index,True,850358,851376,/,1.2,4.2,1.2,4.2,1,2,3,0,change_ori,/,2,testing
15,cy,f,22,index,True,856102,859249,/,0.7,1.2,1.2,0.7,1,2,3,0,change_ori,/,2,testing
15,cy,f,22,index,True,863833,865569,/,4.2,2.2,4.2,2.2,1,0,2,3,change_col,/,3,testing
15,cy,f,22,index,True,870161,872544,/,2.2,2.2,4.2,4.2,2,0,1,3,nochange_col,z,0,testing
15,cy,f,22,index,True,877274,878737,z,1.2,2.2,1.2,2.2,1,3,2,0,nochange_ori,z,2,testing
15,cy,f,22,index,True,883452,885329,/,1.2,2.2,2.2,1.2,2,1,3,0,change_ori,/,3,testing
15,cy,f,22,index,True,890047,891857,/,1.2,1.2,0.7,0.7,2,3,0,1,nochange_ori,z,2,testing
15,cy,f,22,index,True,896559,898336,z,4.2,1.2,4.2,1.2,3,1,0,2,nochange_col,z,1,testing
15,cy,f,22,index,True,903072,903953,z,4.2,0.7,0.7,4.2,2,1,0,3,nochange_col,z,1,testing
15,cy,f,22,index,True,908582,910369,/,0.7,4.2,4.2,0.7,2,1,0,3,change_ori,/,0,testing
15,cy,f,22,index,True,915010,916048,/,0.7,2.2,0.7,2.2,3,0,2,1,change_col,/,2,testing
15,cy,f,22,index,True,920720,921681,/,2.2,0.7,0.7,2.2,2,1,0,3,change_col,/,1,testing
15,cy,f,22,index,True,926380,930113,z,2.2,0.7,2.2,0.7,2,3,1,0,change_ori,/,1,testing
15,cy,f,22,index,True,934712,936176,z,4.2,2.2,4.2,2.2,2,3,0,1,nochange_col,z,0,testing
15,cy,f,22,index,True,940924,945056,z,0.7,0.7,4.2,4.2,1,3,0,2,change_ori,/,2,testing
15,cy,f,22,index,True,949624,950544,z,0.7,1.2,1.2,0.7,3,2,0,1,nochange_col,z,0,testing
15,cy,f,22,index,True,955150,956208,/,1.2,2.2,2.2,1.2,1,0,3,2,change_ori,/,0,testing
15,cy,f,22,index,True,960944,961968,z,2.2,2.2,4.2,4.2,3,2,0,1,nochange_col,z,0,testing
15,cy,f,22,index,True,966605,967712,z,2.2,2.2,4.2,4.2,3,1,0,2,nochange_ori,z,0,testing
15,cy,f,22,index,True,972298,973953,z,4.2,4.2,0.7,0.7,2,3,0,1,nochange_ori,z,3,testing
15,cy,f,22,index,True,978610,979584,z,4.2,1.2,1.2,4.2,2,1,0,3,nochange_col,z,0,testing
15,cy,f,22,index,True,984253,986096,/,0.7,0.7,2.2,2.2,2,1,3,0,change_ori,/,1,testing
15,cy,f,22,index,True,990715,993489,z,4.2,0.7,0.7,4.2,3,1,0,2,change_ori,/,1,testing
15,cy,f,22,index,True,998163,999281,/,4.2,0.7,4.2,0.7,2,0,1,3,change_col,/,3,testing
15,cy,f,22,index,True,1004024,1005201,/,2.2,2.2,1.2,1.2,2,3,0,1,change_col,/,3,testing
15,cy,f,22,index,True,1009834,1011153,z,4.2,0.7,4.2,0.7,1,0,3,2,nochange_ori,z,0,testing
15,cy,f,22,index,True,1015779,1017008,/,0.7,2.2,2.2,0.7,2,3,1,0,change_col,/,1,testing
15,cy,f,22,index,True,1021689,1023104,z,1.2,0.7,0.7,1.2,1,2,0,3,nochange_ori,z,0,testing
15,cy,f,22,index,True,1027851,1028576,z,4.2,4.2,1.2,1.2,2,3,1,0,nochange_col,z,0,testing
15,cy,f,22,index,True,1033177,1034081,z,1.2,4.2,1.2,4.2,2,3,0,1,nochange_ori,z,0,testing
15,cy,f,22,index,True,1038837,1039873,/,0.7,0.7,1.2,1.2,2,0,1,3,change_ori,/,3,testing
15,cy,f,22,index,True,1044582,1045888,/,4.2,0.7,0.7,4.2,3,0,2,1,change_ori,/,0,testing
15,cy,f,22,index,True,1050609,1051392,z,2.2,1.2,2.2,1.2,1,2,0,3,nochange_ori,z,3,testing
15,cy,f,22,index,True,1055969,1057232,/,2.2,2.2,1.2,1.2,0,1,3,2,change_ori,/,3,testing
15,cy,f,22,index,True,1061879,1062688,z,2.2,4.2,4.2,2.2,1,0,2,3,nochange_col,z,0,testing
15,cy,f,22,index,True,1067407,1068944,/,2.2,2.2,0.7,0.7,0,1,2,3,change_col,/,1,testing
15,cy,f,22,index,True,1073601,1075376,z,0.7,1.2,0.7,1.2,3,0,1,2,nochange_ori,z,2,testing
15,cy,f,22,index,True,1080063,1080976,/,2.2,2.2,1.2,1.2,0,1,2,3,change_col,/,2,testing
15,cy,f,22,index,True,1085607,1086320,z,2.2,1.2,2.2,1.2,1,3,2,0,nochange_col,z,1,testing
15,cy,f,22,index,True,1090933,1092975,z,0.7,2.2,0.7,2.2,1,3,0,2,nochange_ori,z,0,testing
15,cy,f,22,index,True,1097729,1098464,/,0.7,1.2,1.2,0.7,0,3,1,2,change_col,/,3,testing
15,cy,f,22,index,True,1103156,1103936,z,4.2,1.2,1.2,4.2,0,3,2,1,nochange_col,z,3,testing
15,cy,f,22,index,True,1108533,1109919,/,4.2,0.7,4.2,0.7,1,3,2,0,change_col,/,1,testing
15,cy,f,22,index,True,1114643,1115392,/,0.7,1.2,1.2,0.7,2,3,1,0,change_col,/,1,testing
15,cy,f,22,index,True,1120121,1120992,z,2.2,2.2,0.7,0.7,0,2,3,1,nochange_ori,z,0,testing
15,cy,f,22,index,True,1125647,1129152,z,0.7,4.2,4.2,0.7,3,1,0,2,change_ori,/,1,testing
15,cy,f,22,index,True,1133746,1136144,z,1.2,1.2,4.2,4.2,2,1,3,0,nochange_col,z,3,testing
15,cy,f,22,index,True,1140825,1141537,z,4.2,2.2,2.2,4.2,0,2,3,1,nochange_col,z,3,testing
15,cy,f,22,index,True,1146268,1147439,/,1.2,4.2,1.2,4.2,1,0,2,3,change_col,/,1,testing
15,cy,f,22,index,True,1152196,1153952,z,2.2,4.2,2.2,4.2,1,2,0,3,nochange_ori,z,1,testing
15,cy,f,22,index,True,1158641,1160160,z,0.7,2.2,0.7,2.2,3,0,1,2,nochange_ori,z,3,testing
15,cy,f,22,index,True,1164903,1165824,/,0.7,0.7,1.2,1.2,0,2,1,3,change_col,/,2,testing
15,cy,f,22,index,True,1170479,1171360,/,4.2,4.2,2.2,2.2,0,3,1,2,change_col,/,2,testing
15,cy,f,22,index,True,1175940,1176816,z,1.2,2.2,1.2,2.2,1,3,0,2,change_ori,/,3,testing
15,cy,f,22,index,True,1181466,1182815,z,4.2,4.2,1.2,1.2,0,2,3,1,change_col,/,1,testing
15,cy,f,22,index,True,1187444,1188656,/,4.2,2.2,4.2,2.2,0,1,2,3,change_col,/,1,testing
15,cy,f,22,index,True,1193238,1194160,z,2.2,1.2,2.2,1.2,2,1,3,0,change_ori,/,2,testing
15,cy,f,22,index,True,1198749,1200160,z,1.2,2.2,1.2,2.2,3,0,1,2,change_col,/,0,testing
15,cy,f,22,index,True,1204876,1206400,/,2.2,0.7,0.7,2.2,1,2,3,0,change_ori,/,2,testing
15,cy,f,22,index,True,1210987,1212144,z,0.7,2.2,0.7,2.2,2,1,3,0,nochange_col,z,1,testing
15,cy,f,22,index,True,1216865,1217920,z,2.2,2.2,4.2,4.2,0,1,2,3,nochange_col,z,3,testing
15,cy,f,22,index,True,1222659,1224096,/,0.7,0.7,2.2,2.2,0,2,3,1,nochange_ori,z,1,testing
15,cy,f,22,index,True,1228686,1230240,/,1.2,2.2,2.2,1.2,1,2,0,3,nochange_ori,z,1,testing
15,cy,f,22,index,True,1234931,1237312,/,0.7,0.7,4.2,4.2,3,0,1,2,nochange_ori,z,0,testing
15,cy,f,22,index,True,1242011,1243295,/,4.2,4.2,2.2,2.2,2,0,1,3,change_col,/,1,testing
15,cy,f,22,index,True,1248039,1249696,z,1.2,2.2,1.2,2.2,1,3,2,0,nochange_ori,z,0,testing
15,cy,f,22,index,True,1254267,1255648,/,0.7,0.7,2.2,2.2,0,2,1,3,change_ori,/,3,testing
