subj,name,gender,age,cond,P_resp,P_startTime,P_respTime,P_gotKey,sf1,sf2,sf3,sf4,ord_1,ord_2,ord_3,ord_4,task,correct_key,no_change,mode
15,cy,f,22,noindex,True,194955,206100,/,0.7,2.2,4.2,1.2,0,1,2,3,nochange_col,z,0,practice
15,cy,f,22,noindex,True,210834,212964,z,2.2,4.2,0.7,1.2,2,0,1,3,change_ori,/,1,practice
15,cy,f,22,noindex,True,217530,220852,/,4.2,1.2,2.2,0.7,2,0,1,3,nochange_ori,z,3,practice
15,cy,f,22,noindex,True,225511,227827,/,1.2,2.2,4.2,0.7,0,1,3,2,change_ori,/,0,practice
15,cy,f,22,noindex,True,232407,234260,/,4.2,1.2,0.7,2.2,2,0,1,3,change_col,/,3,practice
15,cy,f,22,noindex,True,238919,240852,/,4.2,2.2,0.7,1.2,1,0,2,3,change_ori,/,3,practice
15,cy,f,22,noindex,True,245532,246692,/,4.2,0.7,2.2,1.2,3,2,0,1,nochange_ori,z,3,practice
15,cy,f,22,noindex,True,251342,252275,/,4.2,1.2,0.7,2.2,0,2,1,3,change_ori,/,3,practice
15,cy,f,22,noindex,True,256986,257923,/,0.7,1.2,4.2,2.2,0,3,2,1,change_ori,/,0,practice
15,cy,f,22,noindex,True,262679,264323,z,4.2,0.7,2.2,1.2,0,2,1,3,nochange_col,z,0,practice
15,cy,f,22,noindex,True,268907,271907,z,0.7,2.2,4.2,1.2,1,3,2,0,change_col,/,1,practice
15,cy,f,22,noindex,True,276588,278900,z,4.2,2.2,1.2,0.7,3,0,1,2,nochange_ori,z,0,practice
15,cy,f,22,noindex,True,283568,285827,z,2.2,0.7,1.2,4.2,3,1,0,2,nochange_col,z,3,practice
15,cy,f,22,noindex,True,290531,294579,z,2.2,1.2,4.2,0.7,2,0,3,1,change_col,/,1,practice
15,cy,f,22,noindex,True,299197,300547,z,4.2,1.2,0.7,2.2,1,2,3,0,nochange_col,z,3,practice
15,cy,f,22,noindex,True,305308,307508,z,4.2,0.7,1.2,2.2,0,1,2,3,nochange_col,z,0,practice
15,cy,f,22,noindex,True,312221,313444,z,1.2,4.2,0.7,2.2,0,3,1,2,change_col,/,1,practice
15,cy,f,22,noindex,True,318081,322323,z,4.2,1.2,2.2,0.7,3,0,2,1,change_col,/,3,practice
15,cy,f,22,noindex,True,326981,329299,/,4.2,2.2,1.2,0.7,0,2,1,3,nochange_ori,z,0,practice
15,cy,f,22,noindex,True,334061,336291,/,0.7,1.2,4.2,2.2,1,0,3,2,nochange_ori,z,0,practice
15,cy,f,22,noindex,True,393236,396963,/,4.2,0.7,2.2,1.2,2,1,3,0,nochange_col,z,2,testing
15,cy,f,22,noindex,True,401635,406196,z,2.2,0.7,4.2,1.2,1,0,2,3,nochange_col,z,1,testing
15,cy,f,22,noindex,True,410885,411907,z,4.2,1.2,0.7,2.2,2,3,0,1,nochange_ori,z,2,testing
15,cy,f,22,noindex,True,416579,417283,z,2.2,1.2,0.7,4.2,2,0,3,1,nochange_col,z,0,testing
15,cy,f,22,noindex,True,421856,423379,/,1.2,4.2,0.7,2.2,3,2,0,1,change_col,/,3,testing
15,cy,f,22,noindex,True,427984,429203,z,2.2,0.7,1.2,4.2,0,1,2,3,nochange_col,z,1,testing
15,cy,f,22,noindex,True,433811,435458,/,4.2,2.2,1.2,0.7,2,0,1,3,change_col,/,2,testing
15,cy,f,22,noindex,True,440139,442932,/,0.7,2.2,4.2,1.2,3,0,2,1,change_ori,/,3,testing
15,cy,f,22,noindex,True,447570,449011,z,1.2,2.2,0.7,4.2,2,3,1,0,nochange_ori,z,3,testing
15,cy,f,22,noindex,True,453764,454547,/,2.2,4.2,1.2,0.7,0,3,2,1,change_col,/,2,testing
15,cy,f,22,noindex,True,459224,460371,z,4.2,1.2,2.2,0.7,0,1,2,3,change_col,/,0,testing
15,cy,f,22,noindex,True,465102,466419,/,2.2,1.2,0.7,4.2,3,0,2,1,nochange_col,z,0,testing
15,cy,f,22,noindex,True,471063,472196,/,1.2,2.2,0.7,4.2,0,3,1,2,change_ori,/,2,testing
15,cy,f,22,noindex,True,476923,478195,/,1.2,0.7,2.2,4.2,2,1,0,3,change_ori,/,1,testing
15,cy,f,22,noindex,True,482818,484034,z,2.2,0.7,1.2,4.2,2,0,1,3,nochange_col,z,0,testing
15,cy,f,22,noindex,True,488695,490307,/,4.2,1.2,2.2,0.7,0,2,3,1,change_col,/,0,testing
15,cy,f,22,noindex,True,494890,495891,z,4.2,1.2,2.2,0.7,3,0,1,2,change_ori,/,0,testing
15,cy,f,22,noindex,True,500600,501396,/,4.2,2.2,1.2,0.7,1,2,0,3,change_ori,/,3,testing
15,cy,f,22,noindex,True,505977,506643,/,1.2,4.2,0.7,2.2,3,2,1,0,change_col,/,3,testing
15,cy,f,22,noindex,True,511336,512323,/,4.2,0.7,2.2,1.2,0,2,3,1,change_ori,/,0,testing
15,cy,f,22,noindex,True,517080,518595,z,1.2,0.7,4.2,2.2,2,0,1,3,change_ori,/,2,testing
15,cy,f,22,noindex,True,523192,523907,z,4.2,0.7,2.2,1.2,0,1,2,3,nochange_col,z,2,testing
15,cy,f,22,noindex,True,528652,529619,/,2.2,0.7,1.2,4.2,1,3,0,2,change_col,/,1,testing
15,cy,f,22,noindex,True,534363,537187,z,2.2,0.7,4.2,1.2,2,1,3,0,nochange_ori,z,3,testing
15,cy,f,22,noindex,True,541909,543826,/,2.2,1.2,4.2,0.7,1,0,2,3,change_col,/,1,testing
15,cy,f,22,noindex,True,548522,549731,/,4.2,1.2,2.2,0.7,1,3,0,2,change_col,/,3,testing
15,cy,f,22,noindex,True,554466,555635,z,4.2,2.2,0.7,1.2,1,3,0,2,nochange_col,z,3,testing
15,cy,f,22,noindex,True,560343,561587,z,0.7,1.2,2.2,4.2,3,1,0,2,change_col,/,1,testing
15,cy,f,22,noindex,True,566287,567075,z,4.2,0.7,2.2,1.2,3,1,0,2,nochange_col,z,2,testing
15,cy,f,22,noindex,True,571681,572450,/,2.2,0.7,4.2,1.2,2,0,3,1,change_ori,/,3,testing
15,cy,f,22,noindex,True,577073,577939,/,0.7,2.2,4.2,1.2,3,1,2,0,change_ori,/,2,testing
15,cy,f,22,noindex,True,582517,584035,/,2.2,1.2,0.7,4.2,3,0,2,1,nochange_ori,z,2,testing
15,cy,f,22,noindex,True,588662,589635,z,4.2,2.2,1.2,0.7,3,0,1,2,change_ori,/,1,testing
15,cy,f,22,noindex,True,594323,595171,/,1.2,4.2,0.7,2.2,3,2,0,1,change_ori,/,0,testing
15,cy,f,22,noindex,True,599900,600820,z,0.7,1.2,4.2,2.2,0,1,3,2,nochange_col,z,2,testing
15,cy,f,22,noindex,True,605393,607139,z,2.2,4.2,0.7,1.2,2,3,1,0,nochange_ori,z,1,testing
15,cy,f,22,noindex,True,611888,612787,z,1.2,0.7,2.2,4.2,2,0,1,3,nochange_ori,z,2,testing
15,cy,f,22,noindex,True,617432,618403,/,4.2,2.2,0.7,1.2,2,1,3,0,change_ori,/,2,testing
15,cy,f,22,noindex,True,623092,625490,z,1.2,2.2,4.2,0.7,2,3,1,0,nochange_ori,z,1,testing
15,cy,f,22,noindex,True,630105,631379,/,0.7,2.2,4.2,1.2,1,0,3,2,nochange_ori,z,1,testing
15,cy,f,22,noindex,True,636016,637251,/,1.2,0.7,4.2,2.2,0,1,3,2,change_col,/,3,testing
15,cy,f,22,noindex,True,642010,643586,z,4.2,1.2,2.2,0.7,1,3,0,2,nochange_ori,z,1,testing
15,cy,f,22,noindex,True,648255,651203,z,1.2,0.7,2.2,4.2,2,3,1,0,nochange_col,z,3,testing
15,cy,f,22,noindex,True,655885,656850,z,0.7,2.2,1.2,4.2,3,2,1,0,nochange_col,z,0,testing
15,cy,f,22,noindex,True,661446,662643,z,0.7,4.2,2.2,1.2,0,3,1,2,nochange_ori,z,2,testing
15,cy,f,22,noindex,True,667373,669186,/,0.7,1.2,2.2,4.2,0,3,2,1,nochange_col,z,1,testing
15,cy,f,22,noindex,True,673802,674611,z,0.7,4.2,1.2,2.2,2,3,1,0,nochange_ori,z,1,testing
15,cy,f,22,noindex,True,679195,682450,z,1.2,0.7,4.2,2.2,2,1,3,0,nochange_col,z,0,testing
15,cy,f,22,noindex,True,687159,688435,z,2.2,1.2,0.7,4.2,3,1,0,2,nochange_ori,z,3,testing
15,cy,f,22,noindex,True,693120,694611,/,0.7,2.2,4.2,1.2,3,0,1,2,nochange_ori,z,2,testing
15,cy,f,22,noindex,True,699248,700899,z,1.2,2.2,0.7,4.2,3,1,2,0,nochange_col,z,1,testing
15,cy,f,22,noindex,True,705594,706707,/,4.2,0.7,1.2,2.2,1,3,0,2,change_ori,/,0,testing
15,cy,f,22,noindex,True,711271,712835,z,4.2,2.2,1.2,0.7,0,3,2,1,nochange_col,z,0,testing
15,cy,f,22,noindex,True,717549,718707,/,4.2,1.2,0.7,2.2,1,2,3,0,change_ori,/,2,testing
15,cy,f,22,noindex,True,723276,724067,/,2.2,1.2,0.7,4.2,2,0,1,3,change_ori,/,3,testing
15,cy,f,22,noindex,True,728669,729859,z,4.2,1.2,0.7,2.2,2,1,0,3,change_ori,/,3,testing
15,cy,f,22,noindex,True,734531,736002,z,4.2,0.7,2.2,1.2,2,0,1,3,nochange_ori,z,2,testing
15,cy,f,22,noindex,True,740741,742931,z,0.7,1.2,2.2,4.2,3,0,1,2,nochange_col,z,1,testing
15,cy,f,22,noindex,True,747554,749506,z,2.2,4.2,1.2,0.7,1,0,2,3,change_col,/,2,testing
15,cy,f,22,noindex,True,754082,755395,/,1.2,2.2,4.2,0.7,2,0,1,3,change_ori,/,0,testing
15,cy,f,22,noindex,True,760127,760947,/,4.2,1.2,2.2,0.7,3,2,1,0,change_col,/,0,testing
15,cy,f,22,noindex,True,765587,766435,z,0.7,2.2,4.2,1.2,1,3,2,0,nochange_col,z,1,testing
15,cy,f,22,noindex,True,771148,775410,/,1.2,2.2,0.7,4.2,0,2,3,1,change_col,/,3,testing
15,cy,f,22,noindex,True,780047,781427,/,0.7,4.2,2.2,1.2,1,3,2,0,change_col,/,3,testing
15,cy,f,22,noindex,True,786109,786947,/,0.7,1.2,4.2,2.2,1,3,2,0,change_col,/,1,testing
15,cy,f,22,noindex,True,791652,792498,/,0.7,1.2,4.2,2.2,0,2,3,1,change_ori,/,2,testing
15,cy,f,22,noindex,True,797095,798002,/,4.2,0.7,1.2,2.2,1,2,0,3,change_col,/,0,testing
15,cy,f,22,noindex,True,802605,804387,/,0.7,4.2,2.2,1.2,1,2,0,3,change_col,/,1,testing
15,cy,f,22,noindex,True,809134,816002,/,2.2,4.2,1.2,0.7,0,3,2,1,nochange_col,z,1,testing
15,cy,f,22,noindex,True,820739,822115,/,0.7,4.2,2.2,1.2,1,0,3,2,change_col,/,2,testing
15,cy,f,22,noindex,True,826733,828370,z,0.7,1.2,4.2,2.2,2,3,0,1,change_ori,/,3,testing
15,cy,f,22,noindex,True,832961,833763,z,4.2,1.2,2.2,0.7,1,0,3,2,nochange_col,z,2,testing
15,cy,f,22,noindex,True,838405,839635,z,2.2,4.2,0.7,1.2,0,2,1,3,nochange_ori,z,1,testing
15,cy,f,22,noindex,True,844232,845731,z,2.2,0.7,4.2,1.2,1,2,3,0,nochange_ori,z,0,testing
15,cy,f,22,noindex,True,850393,851059,/,4.2,2.2,1.2,0.7,2,1,0,3,change_ori,/,3,testing
15,cy,f,22,noindex,True,855820,857666,/,2.2,4.2,1.2,0.7,1,2,0,3,nochange_ori,z,2,testing
15,cy,f,22,noindex,True,862298,865139,z,2.2,4.2,1.2,0.7,1,3,0,2,nochange_ori,z,3,testing
15,cy,f,22,noindex,True,869762,870786,z,0.7,1.2,4.2,2.2,3,1,0,2,nochange_ori,z,1,testing
15,cy,f,22,noindex,True,875372,878179,/,4.2,0.7,2.2,1.2,1,2,0,3,change_col,/,1,testing
15,cy,f,22,noindex,True,882752,883618,z,4.2,1.2,2.2,0.7,0,3,2,1,nochange_ori,z,3,testing
15,cy,f,22,noindex,True,930240,931155,z,4.2,0.7,2.2,1.2,1,0,2,3,nochange_ori,z,3,testing
15,cy,f,22,noindex,True,935833,936898,/,2.2,0.7,4.2,1.2,0,1,2,3,change_col,/,0,testing
15,cy,f,22,noindex,True,941611,942338,z,4.2,1.2,0.7,2.2,1,0,3,2,change_ori,/,3,testing
15,cy,f,22,noindex,True,946971,947746,/,2.2,4.2,1.2,0.7,3,1,2,0,change_col,/,3,testing
15,cy,f,22,noindex,True,952364,953842,z,0.7,2.2,1.2,4.2,1,2,3,0,nochange_ori,z,1,testing
15,cy,f,22,noindex,True,958442,959106,/,2.2,4.2,1.2,0.7,2,0,3,1,change_ori,/,3,testing
15,cy,f,22,noindex,True,963801,964818,/,2.2,4.2,1.2,0.7,2,3,0,1,change_col,/,0,testing
15,cy,f,22,noindex,True,969495,970642,z,2.2,1.2,4.2,0.7,2,1,0,3,nochange_ori,z,1,testing
15,cy,f,22,noindex,True,975323,976993,z,2.2,1.2,4.2,0.7,0,1,2,3,nochange_col,z,1,testing
15,cy,f,22,noindex,True,981667,982306,/,4.2,1.2,2.2,0.7,2,0,1,3,change_col,/,3,testing
15,cy,f,22,noindex,True,986927,988002,z,0.7,1.2,4.2,2.2,3,1,0,2,nochange_col,z,2,testing
15,cy,f,22,noindex,True,992755,993538,/,4.2,1.2,2.2,0.7,2,1,3,0,change_ori,/,3,testing
15,cy,f,22,noindex,True,998298,999730,z,1.2,0.7,4.2,2.2,1,3,2,0,nochange_ori,z,0,testing
15,cy,f,22,noindex,True,1004426,1005618,z,4.2,2.2,0.7,1.2,1,2,3,0,nochange_ori,z,0,testing
15,cy,f,22,noindex,True,1010387,1011122,z,0.7,1.2,4.2,2.2,2,1,0,3,nochange_ori,z,3,testing
15,cy,f,22,noindex,True,1015830,1017218,z,2.2,4.2,0.7,1.2,1,2,3,0,nochange_ori,z,3,testing
15,cy,f,22,noindex,True,1021791,1022914,z,2.2,4.2,1.2,0.7,0,1,3,2,nochange_col,z,3,testing
15,cy,f,22,noindex,True,1027552,1028802,z,4.2,0.7,2.2,1.2,1,2,3,0,nochange_ori,z,0,testing
15,cy,f,22,noindex,True,1033412,1034947,z,0.7,4.2,2.2,1.2,0,3,1,2,nochange_col,z,1,testing
15,cy,f,22,noindex,True,1039557,1042002,/,4.2,1.2,2.2,0.7,3,1,2,0,nochange_ori,z,0,testing
15,cy,f,22,noindex,True,1046754,1047634,/,0.7,2.2,4.2,1.2,1,3,0,2,change_ori,/,0,testing
15,cy,f,22,noindex,True,1052314,1053779,z,4.2,1.2,2.2,0.7,0,1,3,2,nochange_ori,z,3,testing
15,cy,f,22,noindex,True,1058359,1063634,/,0.7,1.2,2.2,4.2,0,3,1,2,change_col,/,2,testing
15,cy,f,22,noindex,True,1068344,1069409,z,2.2,1.2,4.2,0.7,3,1,2,0,nochange_col,z,0,testing
15,cy,f,22,noindex,True,1073988,1075938,z,0.7,4.2,2.2,1.2,0,2,3,1,nochange_col,z,3,testing
15,cy,f,22,noindex,True,1080532,1083330,z,4.2,0.7,1.2,2.2,0,1,3,2,nochange_ori,z,0,testing
15,cy,f,22,noindex,True,1087996,1088834,/,2.2,1.2,0.7,4.2,3,1,2,0,change_col,/,3,testing
15,cy,f,22,noindex,True,1093473,1097938,z,2.2,0.7,4.2,1.2,2,3,1,0,change_ori,/,3,testing
15,cy,f,22,noindex,True,1102623,1103618,/,1.2,4.2,2.2,0.7,2,0,1,3,change_ori,/,1,testing
15,cy,f,22,noindex,True,1108234,1109570,z,0.7,1.2,4.2,2.2,0,2,3,1,nochange_col,z,1,testing
15,cy,f,22,noindex,True,1114278,1115073,z,4.2,0.7,2.2,1.2,3,2,0,1,nochange_ori,z,1,testing
15,cy,f,22,noindex,True,1119805,1121842,z,0.7,4.2,1.2,2.2,3,1,0,2,change_ori,/,2,testing
15,cy,f,22,noindex,True,1126601,1128642,/,0.7,2.2,4.2,1.2,3,2,1,0,change_ori,/,3,testing
15,cy,f,22,noindex,True,1133313,1134178,/,4.2,1.2,0.7,2.2,1,3,2,0,change_col,/,2,testing
15,cy,f,22,noindex,True,1138923,1139825,/,2.2,0.7,4.2,1.2,2,3,0,1,nochange_col,z,1,testing
15,cy,f,22,noindex,True,1144400,1145617,/,0.7,2.2,4.2,1.2,3,0,1,2,change_col,/,3,testing
15,cy,f,22,noindex,True,1150261,1152577,z,1.2,4.2,0.7,2.2,1,3,2,0,change_ori,/,3,testing
15,cy,f,22,noindex,True,1157207,1158418,z,0.7,2.2,1.2,4.2,2,0,3,1,nochange_ori,z,1,testing
15,cy,f,22,noindex,True,1163084,1168929,/,2.2,4.2,1.2,0.7,0,3,1,2,change_ori,/,1,testing
15,cy,f,22,noindex,True,1173503,1175042,z,4.2,2.2,1.2,0.7,1,3,0,2,nochange_ori,z,0,testing
15,cy,f,22,noindex,True,1179631,1180449,z,4.2,2.2,0.7,1.2,1,0,3,2,change_ori,/,3,testing
15,cy,f,22,noindex,True,1185192,1186290,z,4.2,0.7,2.2,1.2,0,1,2,3,nochange_ori,z,3,testing
15,cy,f,22,noindex,True,1191035,1191953,/,2.2,0.7,4.2,1.2,0,1,3,2,change_col,/,2,testing
15,cy,f,22,noindex,True,1196579,1200497,/,2.2,1.2,0.7,4.2,0,2,3,1,change_ori,/,0,testing
15,cy,f,22,noindex,True,1205229,1207218,z,4.2,2.2,1.2,0.7,0,3,2,1,change_col,/,2,testing
15,cy,f,22,noindex,True,1211823,1212626,z,0.7,1.2,4.2,2.2,1,3,2,0,nochange_col,z,0,testing
15,cy,f,22,noindex,True,1217384,1219010,z,0.7,1.2,4.2,2.2,1,3,0,2,nochange_ori,z,1,testing
15,cy,f,22,noindex,True,1223729,1224754,z,1.2,2.2,0.7,4.2,1,2,0,3,nochange_col,z,3,testing
15,cy,f,22,noindex,True,1229423,1231121,/,4.2,2.2,0.7,1.2,1,0,2,3,nochange_col,z,1,testing
15,cy,f,22,noindex,True,1235685,1236818,z,4.2,0.7,2.2,1.2,1,2,3,0,nochange_col,z,1,testing
15,cy,f,22,noindex,True,1241545,1245329,/,1.2,0.7,2.2,4.2,3,2,1,0,change_ori,/,3,testing
15,cy,f,22,noindex,True,1250061,1250818,z,1.2,2.2,0.7,4.2,3,1,0,2,nochange_col,z,3,testing
15,cy,f,22,noindex,True,1255488,1256289,/,0.7,1.2,2.2,4.2,3,1,2,0,change_col,/,2,testing
15,cy,f,22,noindex,True,1261032,1262738,z,0.7,1.2,2.2,4.2,2,0,1,3,nochange_col,z,1,testing
15,cy,f,22,noindex,True,1267459,1269266,z,1.2,2.2,0.7,4.2,2,0,1,3,change_col,/,3,testing
15,cy,f,22,noindex,True,1274005,1280529,/,1.2,0.7,4.2,2.2,2,0,3,1,change_ori,/,1,testing
15,cy,f,22,noindex,True,1285276,1287314,z,4.2,1.2,0.7,2.2,2,0,3,1,nochange_col,z,1,testing
15,cy,f,22,noindex,True,1292055,1293138,/,2.2,1.2,4.2,0.7,2,1,3,0,change_col,/,2,testing
15,cy,f,22,noindex,True,1297865,1302098,/,0.7,1.2,4.2,2.2,1,3,2,0,change_ori,/,3,testing
15,cy,f,22,noindex,True,1306715,1308913,z,2.2,4.2,0.7,1.2,1,3,2,0,nochange_ori,z,3,testing
15,cy,f,22,noindex,True,1313661,1315938,/,4.2,2.2,1.2,0.7,3,2,1,0,change_ori,/,2,testing
15,cy,f,22,noindex,True,1320540,1321266,/,4.2,0.7,2.2,1.2,2,3,0,1,change_col,/,3,testing
15,cy,f,22,noindex,True,1325833,1332241,z,4.2,1.2,2.2,0.7,2,1,0,3,change_ori,/,3,testing
15,cy,f,22,noindex,True,1336870,1337985,z,0.7,1.2,2.2,4.2,3,2,1,0,nochange_ori,z,3,testing
15,cy,f,22,noindex,True,1342615,1343282,/,4.2,0.7,2.2,1.2,3,1,2,0,change_col,/,0,testing
15,cy,f,22,noindex,True,1347891,1348770,/,2.2,4.2,0.7,1.2,2,0,3,1,change_ori,/,3,testing
15,cy,f,22,noindex,True,1353367,1354449,z,4.2,1.2,2.2,0.7,2,3,1,0,nochange_col,z,1,testing
15,cy,f,22,noindex,True,1359161,1360513,z,0.7,1.2,2.2,4.2,2,3,0,1,nochange_col,z,2,testing
15,cy,f,22,noindex,True,1365223,1366593,z,2.2,1.2,4.2,0.7,2,1,0,3,nochange_col,z,1,testing
15,cy,f,22,noindex,True,1371334,1376545,/,4.2,1.2,2.2,0.7,2,0,3,1,change_col,/,2,testing
15,cy,f,22,noindex,True,1381252,1383457,z,4.2,2.2,0.7,1.2,1,3,0,2,nochange_ori,z,1,testing
15,cy,f,22,noindex,True,1388032,1389186,/,2.2,0.7,1.2,4.2,3,0,1,2,change_ori,/,2,testing
15,cy,f,22,noindex,True,1393791,1397602,z,4.2,0.7,2.2,1.2,0,2,1,3,change_col,/,1,testing
15,cy,f,22,noindex,True,1402174,1402946,z,4.2,1.2,0.7,2.2,1,2,0,3,nochange_col,z,0,testing
15,cy,f,22,noindex,True,1407517,1410225,/,2.2,0.7,4.2,1.2,3,0,1,2,change_col,/,1,testing
15,cy,f,22,noindex,True,1414864,1415810,/,0.7,4.2,1.2,2.2,1,3,0,2,change_col,/,0,testing
15,cy,f,22,noindex,True,1420507,1421362,z,0.7,1.2,4.2,2.2,0,2,3,1,nochange_ori,z,0,testing
15,cy,f,22,noindex,True,1426034,1427857,/,0.7,2.2,4.2,1.2,3,2,0,1,change_col,/,0,testing
15,cy,f,22,noindex,True,1432546,1434738,z,2.2,0.7,4.2,1.2,1,0,2,3,change_ori,/,3,testing
15,cy,f,22,noindex,True,1439476,1440209,z,2.2,1.2,4.2,0.7,1,0,2,3,nochange_col,z,2,testing
