subj,name,gender,age,cond,P_resp,P_startTime,P_respTime,P_gotKey,sf1,sf2,sf3,sf4,ord_1,ord_2,ord_3,ord_4,task,correct_key,no_change,mode
16,czy,f,21,noindex,True,215546,227928,z,1.2,4.2,0.7,2.2,3,0,1,2,nochange_col,z,3,practice
16,czy,f,21,noindex,True,232577,235977,/,4.2,1.2,0.7,2.2,3,0,1,2,change_ori,/,3,practice
16,czy,f,21,noindex,True,240709,241928,z,4.2,1.2,0.7,2.2,1,0,2,3,change_ori,/,1,practice
16,czy,f,21,noindex,True,246653,248393,/,1.2,0.7,2.2,4.2,1,0,2,3,nochange_col,z,1,practice
16,czy,f,21,noindex,True,253097,254905,z,2.2,4.2,0.7,1.2,2,3,1,0,change_col,/,2,practice
16,czy,f,21,noindex,True,259476,260744,/,2.2,4.2,0.7,1.2,1,2,3,0,change_col,/,1,practice
16,czy,f,21,noindex,True,265470,266281,/,0.7,4.2,2.2,1.2,2,1,0,3,change_ori,/,0,practice
16,czy,f,21,noindex,True,271014,271832,/,4.2,1.2,2.2,0.7,0,1,2,3,change_ori,/,3,practice
16,czy,f,21,noindex,True,276557,277864,z,0.7,1.2,2.2,4.2,2,3,0,1,nochange_ori,z,3,practice
16,czy,f,21,noindex,True,282502,283401,z,2.2,0.7,4.2,1.2,1,2,0,3,nochange_ori,z,1,practice
16,czy,f,21,noindex,True,288095,289352,z,1.2,0.7,4.2,2.2,3,1,0,2,nochange_col,z,0,practice
16,czy,f,21,noindex,True,294007,295481,z,1.2,2.2,0.7,4.2,2,1,0,3,nochange_ori,z,3,practice
16,czy,f,21,noindex,True,300101,301161,z,2.2,1.2,0.7,4.2,2,3,0,1,nochange_col,z,1,practice
16,czy,f,21,noindex,True,305895,307848,z,4.2,2.2,1.2,0.7,3,0,1,2,nochange_col,z,1,practice
16,czy,f,21,noindex,True,312507,313737,z,1.2,2.2,0.7,4.2,1,0,3,2,nochange_ori,z,1,practice
16,czy,f,21,noindex,True,318401,319480,/,0.7,1.2,4.2,2.2,3,2,1,0,change_ori,/,0,practice
16,czy,f,21,noindex,True,324212,325096,/,2.2,0.7,4.2,1.2,0,3,1,2,change_col,/,0,practice
16,czy,f,21,noindex,True,329805,330600,/,2.2,4.2,1.2,0.7,1,2,3,0,change_col,/,1,practice
16,czy,f,21,noindex,True,335332,336056,z,1.2,4.2,0.7,2.2,2,3,1,0,nochange_ori,z,0,practice
16,czy,f,21,noindex,True,340709,341304,/,2.2,1.2,0.7,4.2,0,2,1,3,change_col,/,3,practice
16,czy,f,21,noindex,True,385057,386103,/,0.7,1.2,2.2,4.2,3,0,2,1,change_col,/,1,testing
16,czy,f,21,noindex,True,390668,391352,z,1.2,4.2,2.2,0.7,1,0,3,2,nochange_col,z,3,testing
16,czy,f,21,noindex,True,396044,396552,/,1.2,0.7,2.2,4.2,1,3,2,0,change_col,/,1,testing
16,czy,f,21,noindex,True,401303,403593,z,0.7,2.2,1.2,4.2,2,1,3,0,change_ori,/,3,testing
16,czy,f,21,noindex,True,408233,409752,z,1.2,2.2,4.2,0.7,1,3,2,0,nochange_ori,z,1,testing
16,czy,f,21,noindex,True,414361,415288,/,1.2,4.2,0.7,2.2,2,3,1,0,change_ori,/,0,testing
16,czy,f,21,noindex,True,419904,420584,/,1.2,0.7,4.2,2.2,1,2,0,3,change_ori,/,0,testing
16,czy,f,21,noindex,True,425248,426136,z,0.7,2.2,1.2,4.2,0,1,3,2,nochange_ori,z,1,testing
16,czy,f,21,noindex,True,430891,432088,z,1.2,4.2,2.2,0.7,3,2,0,1,nochange_ori,z,2,testing
16,czy,f,21,noindex,True,436685,437431,/,4.2,1.2,0.7,2.2,1,0,3,2,change_ori,/,2,testing
16,czy,f,21,noindex,True,441995,442696,z,0.7,1.2,4.2,2.2,3,0,1,2,nochange_ori,z,1,testing
16,czy,f,21,noindex,True,447271,448329,/,2.2,4.2,0.7,1.2,1,3,2,0,change_ori,/,0,testing
16,czy,f,21,noindex,True,452915,453688,/,0.7,1.2,2.2,4.2,0,3,1,2,change_ori,/,0,testing
16,czy,f,21,noindex,True,458426,459111,z,2.2,4.2,0.7,1.2,3,2,0,1,nochange_col,z,1,testing
16,czy,f,21,noindex,True,463684,464168,/,2.2,4.2,1.2,0.7,2,1,0,3,change_col,/,2,testing
16,czy,f,21,noindex,True,468844,469400,z,2.2,0.7,1.2,4.2,1,3,2,0,nochange_col,z,0,testing
16,czy,f,21,noindex,True,474121,474633,/,4.2,1.2,2.2,0.7,1,3,0,2,change_col,/,3,testing
16,czy,f,21,noindex,True,479313,482632,z,1.2,4.2,2.2,0.7,0,3,2,1,nochange_ori,z,0,testing
16,czy,f,21,noindex,True,487278,487880,/,4.2,2.2,1.2,0.7,0,3,2,1,change_col,/,0,testing
16,czy,f,21,noindex,True,492604,495064,z,1.2,2.2,0.7,4.2,2,0,1,3,nochange_ori,z,3,testing
16,czy,f,21,noindex,True,499718,500904,z,4.2,1.2,0.7,2.2,2,0,1,3,nochange_ori,z,2,testing
16,czy,f,21,noindex,True,505495,506552,/,0.7,4.2,2.2,1.2,3,0,1,2,change_col,/,1,testing
16,czy,f,21,noindex,True,511138,511752,/,4.2,2.2,1.2,0.7,3,2,0,1,change_col,/,3,testing
16,czy,f,21,noindex,True,516332,517015,z,2.2,1.2,4.2,0.7,2,1,0,3,change_ori,/,3,testing
16,czy,f,21,noindex,True,521625,522632,z,0.7,2.2,1.2,4.2,1,0,2,3,nochange_ori,z,3,testing
16,czy,f,21,noindex,True,527202,528392,z,1.2,4.2,0.7,2.2,0,1,2,3,nochange_ori,z,2,testing
16,czy,f,21,noindex,True,533062,534920,z,2.2,1.2,0.7,4.2,3,0,1,2,change_ori,/,2,testing
16,czy,f,21,noindex,True,539508,540679,/,0.7,1.2,2.2,4.2,0,3,2,1,nochange_col,z,3,testing
16,czy,f,21,noindex,True,545335,545992,/,2.2,0.7,1.2,4.2,0,1,2,3,change_col,/,1,testing
16,czy,f,21,noindex,True,550712,552008,z,2.2,4.2,1.2,0.7,2,0,3,1,change_ori,/,0,testing
16,czy,f,21,noindex,True,556638,557768,/,4.2,1.2,2.2,0.7,2,0,3,1,change_ori,/,2,testing
16,czy,f,21,noindex,True,562366,563864,/,1.2,4.2,0.7,2.2,2,1,3,0,nochange_col,z,3,testing
16,czy,f,21,noindex,True,568477,569192,/,2.2,4.2,0.7,1.2,2,1,3,0,change_col,/,2,testing
16,czy,f,21,noindex,True,573937,576616,/,2.2,4.2,0.7,1.2,0,1,2,3,nochange_ori,z,0,testing
16,czy,f,21,noindex,True,581218,581832,/,1.2,2.2,0.7,4.2,1,0,3,2,change_col,/,2,testing
16,czy,f,21,noindex,True,586477,587639,z,2.2,1.2,4.2,0.7,0,2,1,3,nochange_col,z,2,testing
16,czy,f,21,noindex,True,592288,594135,z,2.2,4.2,1.2,0.7,0,2,3,1,nochange_ori,z,2,testing
16,czy,f,21,noindex,True,598699,602471,/,4.2,0.7,2.2,1.2,0,2,1,3,nochange_col,z,0,testing
16,czy,f,21,noindex,True,607115,608007,/,1.2,0.7,4.2,2.2,2,3,0,1,change_col,/,2,testing
16,czy,f,21,noindex,True,612641,613351,z,0.7,4.2,2.2,1.2,3,0,2,1,nochange_col,z,2,testing
16,czy,f,21,noindex,True,617952,619143,z,0.7,4.2,1.2,2.2,0,2,1,3,nochange_ori,z,0,testing
16,czy,f,21,noindex,True,623729,624744,/,1.2,2.2,4.2,0.7,0,2,1,3,change_ori,/,1,testing
16,czy,f,21,noindex,True,629339,630471,z,0.7,2.2,4.2,1.2,1,2,0,3,nochange_col,z,1,testing
16,czy,f,21,noindex,True,635083,636168,/,1.2,4.2,2.2,0.7,3,1,0,2,change_ori,/,2,testing
16,czy,f,21,noindex,True,640827,643000,/,2.2,4.2,0.7,1.2,0,2,1,3,change_ori,/,1,testing
16,czy,f,21,noindex,True,647656,648824,/,0.7,4.2,1.2,2.2,2,0,3,1,change_ori,/,0,testing
16,czy,f,21,noindex,True,653500,654567,/,2.2,4.2,1.2,0.7,1,3,2,0,change_ori,/,1,testing
16,czy,f,21,noindex,True,659144,660151,z,1.2,0.7,2.2,4.2,1,2,0,3,nochange_col,z,2,testing
16,czy,f,21,noindex,True,664871,667447,/,2.2,4.2,0.7,1.2,3,0,1,2,change_ori,/,0,testing
16,czy,f,21,noindex,True,672151,672840,/,4.2,1.2,0.7,2.2,2,3,0,1,change_col,/,0,testing
16,czy,f,21,noindex,True,677444,679239,z,2.2,4.2,0.7,1.2,2,3,0,1,nochange_col,z,1,testing
16,czy,f,21,noindex,True,683956,684872,/,4.2,0.7,1.2,2.2,3,1,2,0,change_col,/,0,testing
16,czy,f,21,noindex,True,689583,690344,/,4.2,1.2,0.7,2.2,3,1,2,0,change_col,/,3,testing
16,czy,f,21,noindex,True,694976,695767,/,1.2,0.7,2.2,4.2,3,2,0,1,change_ori,/,1,testing
16,czy,f,21,noindex,True,700336,702952,/,2.2,0.7,4.2,1.2,1,0,3,2,change_ori,/,2,testing
16,czy,f,21,noindex,True,707550,709095,z,1.2,4.2,2.2,0.7,3,1,0,2,nochange_ori,z,0,testing
16,czy,f,21,noindex,True,713844,716456,/,4.2,2.2,1.2,0.7,2,3,0,1,nochange_col,z,2,testing
16,czy,f,21,noindex,True,721191,722359,z,0.7,2.2,1.2,4.2,0,1,3,2,nochange_col,z,1,testing
16,czy,f,21,noindex,True,727086,727991,/,2.2,0.7,4.2,1.2,0,2,1,3,change_col,/,0,testing
16,czy,f,21,noindex,True,732579,733447,z,0.7,4.2,2.2,1.2,2,0,1,3,change_ori,/,2,testing
16,czy,f,21,noindex,True,738206,739447,z,0.7,2.2,1.2,4.2,3,0,2,1,nochange_ori,z,1,testing
16,czy,f,21,noindex,True,744033,745127,/,2.2,0.7,1.2,4.2,1,0,3,2,change_col,/,1,testing
16,czy,f,21,noindex,True,749777,750951,/,1.2,2.2,0.7,4.2,0,2,1,3,nochange_col,z,1,testing
16,czy,f,21,noindex,True,755521,756439,z,1.2,4.2,2.2,0.7,0,3,2,1,nochange_col,z,3,testing
16,czy,f,21,noindex,True,761114,762407,z,0.7,1.2,2.2,4.2,2,1,3,0,nochange_col,z,2,testing
16,czy,f,21,noindex,True,767058,768103,/,4.2,2.2,1.2,0.7,2,1,0,3,nochange_col,z,1,testing
16,czy,f,21,noindex,True,772685,774135,/,0.7,2.2,4.2,1.2,1,2,0,3,change_col,/,3,testing
16,czy,f,21,noindex,True,778813,779511,/,1.2,0.7,4.2,2.2,0,1,3,2,change_col,/,3,testing
16,czy,f,21,noindex,True,784124,785911,/,0.7,2.2,4.2,1.2,2,1,3,0,change_ori,/,2,testing
16,czy,f,21,noindex,True,790569,791384,z,0.7,4.2,2.2,1.2,0,1,2,3,nochange_ori,z,2,testing
16,czy,f,21,noindex,True,796029,797719,z,1.2,0.7,4.2,2.2,3,1,0,2,nochange_ori,z,1,testing
16,czy,f,21,noindex,True,802374,803078,/,0.7,4.2,1.2,2.2,3,1,2,0,change_col,/,1,testing
16,czy,f,21,noindex,True,807650,808263,/,2.2,4.2,1.2,0.7,2,0,3,1,change_col,/,3,testing
16,czy,f,21,noindex,True,812927,813959,z,2.2,4.2,1.2,0.7,2,1,0,3,nochange_col,z,1,testing
16,czy,f,21,noindex,True,818553,819719,z,2.2,0.7,1.2,4.2,0,2,1,3,nochange_col,z,1,testing
16,czy,f,21,noindex,True,824397,826071,z,2.2,1.2,4.2,0.7,3,2,0,1,nochange_col,z,2,testing
16,czy,f,21,noindex,True,830809,832183,/,1.2,4.2,2.2,0.7,0,3,2,1,nochange_ori,z,2,testing
16,czy,f,21,noindex,True,836904,837846,z,1.2,0.7,4.2,2.2,3,0,1,2,nochange_ori,z,1,testing
16,czy,f,21,noindex,True,842414,843623,z,4.2,1.2,0.7,2.2,1,3,0,2,nochange_ori,z,2,testing
16,czy,f,21,noindex,True,848375,849927,/,1.2,4.2,2.2,0.7,0,1,3,2,nochange_ori,z,1,testing
16,czy,f,21,noindex,True,875174,876199,z,0.7,1.2,4.2,2.2,3,2,1,0,nochange_col,z,0,testing
16,czy,f,21,noindex,True,880901,884470,/,0.7,1.2,4.2,2.2,2,3,0,1,nochange_ori,z,2,testing
16,czy,f,21,noindex,True,889133,890231,/,4.2,0.7,1.2,2.2,2,3,0,1,change_ori,/,1,testing
16,czy,f,21,noindex,True,894794,896054,z,2.2,1.2,0.7,4.2,0,3,1,2,nochange_ori,z,0,testing
16,czy,f,21,noindex,True,900771,902359,/,0.7,4.2,2.2,1.2,1,3,0,2,change_ori,/,2,testing
16,czy,f,21,noindex,True,907066,908695,z,2.2,4.2,0.7,1.2,1,2,3,0,nochange_ori,z,3,testing
16,czy,f,21,noindex,True,913361,914343,/,4.2,2.2,0.7,1.2,0,3,1,2,change_ori,/,1,testing
16,czy,f,21,noindex,True,918988,920423,/,2.2,1.2,4.2,0.7,2,0,1,3,change_ori,/,0,testing
16,czy,f,21,noindex,True,925133,926375,z,2.2,4.2,0.7,1.2,3,1,0,2,nochange_ori,z,2,testing
16,czy,f,21,noindex,True,931094,931991,z,2.2,1.2,0.7,4.2,3,0,1,2,nochange_col,z,0,testing
16,czy,f,21,noindex,True,936603,937239,z,4.2,0.7,1.2,2.2,1,0,3,2,nochange_col,z,0,testing
16,czy,f,21,noindex,True,941964,943175,z,2.2,0.7,1.2,4.2,0,3,1,2,nochange_ori,z,2,testing
16,czy,f,21,noindex,True,947758,948711,/,4.2,1.2,2.2,0.7,2,3,0,1,nochange_col,z,0,testing
16,czy,f,21,noindex,True,953451,954455,/,4.2,2.2,1.2,0.7,2,1,3,0,change_col,/,1,testing
16,czy,f,21,noindex,True,959045,959831,z,1.2,2.2,4.2,0.7,2,3,1,0,nochange_col,z,1,testing
16,czy,f,21,noindex,True,964589,965495,z,4.2,0.7,2.2,1.2,1,3,2,0,nochange_ori,z,3,testing
16,czy,f,21,noindex,True,970232,970871,z,0.7,4.2,1.2,2.2,2,3,1,0,nochange_col,z,0,testing
16,czy,f,21,noindex,True,975575,976486,/,2.2,0.7,1.2,4.2,2,0,3,1,change_ori,/,1,testing
16,czy,f,21,noindex,True,981119,981783,/,2.2,4.2,1.2,0.7,2,0,1,3,change_col,/,3,testing
16,czy,f,21,noindex,True,986529,987335,z,2.2,1.2,0.7,4.2,1,0,3,2,nochange_col,z,3,testing
16,czy,f,21,noindex,True,991972,992726,z,2.2,1.2,4.2,0.7,2,1,0,3,nochange_ori,z,3,testing
16,czy,f,21,noindex,True,997449,998902,z,2.2,4.2,0.7,1.2,1,3,0,2,nochange_ori,z,0,testing
16,czy,f,21,noindex,True,1003643,1004934,z,0.7,1.2,4.2,2.2,0,1,2,3,change_ori,/,0,testing
16,czy,f,21,noindex,True,1009637,1010438,/,4.2,0.7,2.2,1.2,0,1,2,3,change_ori,/,0,testing
16,czy,f,21,noindex,True,1015198,1015846,z,0.7,2.2,4.2,1.2,1,0,3,2,nochange_col,z,0,testing
16,czy,f,21,noindex,True,1020592,1021383,/,2.2,4.2,1.2,0.7,0,1,3,2,change_ori,/,0,testing
16,czy,f,21,noindex,True,1026017,1026711,z,2.2,4.2,1.2,0.7,0,3,2,1,nochange_col,z,2,testing
16,czy,f,21,noindex,True,1031344,1032982,/,1.2,0.7,4.2,2.2,2,1,3,0,change_ori,/,0,testing
16,czy,f,21,noindex,True,1037722,1039255,/,2.2,0.7,1.2,4.2,1,0,3,2,nochange_ori,z,2,testing
16,czy,f,21,noindex,True,1043867,1044518,z,2.2,1.2,0.7,4.2,3,0,1,2,nochange_col,z,2,testing
16,czy,f,21,noindex,True,1049227,1051222,z,4.2,1.2,2.2,0.7,2,3,1,0,nochange_ori,z,0,testing
16,czy,f,21,noindex,True,1055889,1056839,z,2.2,4.2,1.2,0.7,3,2,1,0,nochange_ori,z,0,testing
16,czy,f,21,noindex,True,1061583,1062711,z,2.2,1.2,4.2,0.7,2,3,0,1,nochange_col,z,0,testing
16,czy,f,21,noindex,True,1067360,1068518,z,1.2,0.7,2.2,4.2,0,3,1,2,change_ori,/,1,testing
16,czy,f,21,noindex,True,1073104,1073686,z,2.2,4.2,1.2,0.7,1,0,3,2,nochange_col,z,0,testing
16,czy,f,21,noindex,True,1078381,1079014,/,2.2,4.2,1.2,0.7,2,3,0,1,change_col,/,3,testing
16,czy,f,21,noindex,True,1083674,1084950,/,0.7,2.2,4.2,1.2,2,1,0,3,change_col,/,2,testing
16,czy,f,21,noindex,True,1089517,1090390,z,0.7,4.2,2.2,1.2,1,0,3,2,nochange_ori,z,2,testing
16,czy,f,21,noindex,True,1094995,1095798,/,1.2,4.2,0.7,2.2,2,0,1,3,change_col,/,1,testing
16,czy,f,21,noindex,True,1100505,1101158,/,1.2,2.2,0.7,4.2,0,2,3,1,change_col,/,1,testing
16,czy,f,21,noindex,True,1105748,1106326,z,4.2,2.2,0.7,1.2,1,0,3,2,nochange_col,z,2,testing
16,czy,f,21,noindex,True,1110924,1111398,/,2.2,0.7,4.2,1.2,0,1,3,2,change_col,/,1,testing
16,czy,f,21,noindex,True,1116100,1116678,/,4.2,1.2,2.2,0.7,0,2,1,3,change_col,/,3,testing
16,czy,f,21,noindex,True,1121377,1122118,z,1.2,2.2,4.2,0.7,0,2,3,1,nochange_ori,z,3,testing
16,czy,f,21,noindex,True,1126686,1128086,z,4.2,1.2,0.7,2.2,3,0,2,1,nochange_col,z,3,testing
16,czy,f,21,noindex,True,1132680,1133558,/,1.2,2.2,4.2,0.7,2,0,3,1,change_ori,/,1,testing
16,czy,f,21,noindex,True,1138291,1139094,/,1.2,0.7,4.2,2.2,0,2,1,3,change_col,/,2,testing
16,czy,f,21,noindex,True,1143668,1144438,/,0.7,1.2,4.2,2.2,1,0,2,3,change_ori,/,1,testing
16,czy,f,21,noindex,True,1149128,1149734,/,0.7,1.2,2.2,4.2,0,1,2,3,nochange_ori,z,1,testing
16,czy,f,21,noindex,True,1154487,1155174,/,4.2,1.2,2.2,0.7,3,2,0,1,change_col,/,3,testing
16,czy,f,21,noindex,True,1159830,1160982,/,2.2,4.2,1.2,0.7,2,1,3,0,change_col,/,3,testing
16,czy,f,21,noindex,True,1165675,1166293,z,4.2,1.2,2.2,0.7,3,1,0,2,nochange_col,z,1,testing
16,czy,f,21,noindex,True,1170867,1171414,/,1.2,4.2,0.7,2.2,1,0,2,3,change_col,/,2,testing
16,czy,f,21,noindex,True,1176110,1178069,z,2.2,4.2,1.2,0.7,2,3,0,1,change_ori,/,3,testing
16,czy,f,21,noindex,True,1182840,1183557,/,0.7,4.2,2.2,1.2,0,3,1,2,change_col,/,3,testing
16,czy,f,21,noindex,True,1188232,1189254,/,4.2,2.2,0.7,1.2,0,1,3,2,change_col,/,0,testing
16,czy,f,21,noindex,True,1194026,1194646,z,0.7,4.2,1.2,2.2,2,0,1,3,nochange_col,z,1,testing
16,czy,f,21,noindex,True,1199302,1200038,/,4.2,2.2,0.7,1.2,1,3,2,0,change_col,/,1,testing
16,czy,f,21,noindex,True,1204613,1205158,/,4.2,2.2,1.2,0.7,0,2,1,3,change_col,/,0,testing
16,czy,f,21,noindex,True,1209789,1212309,z,0.7,1.2,4.2,2.2,3,0,1,2,nochange_ori,z,1,testing
16,czy,f,21,noindex,True,1216969,1217654,/,2.2,1.2,4.2,0.7,0,2,1,3,change_col,/,2,testing
16,czy,f,21,noindex,True,1222228,1223190,/,4.2,2.2,1.2,0.7,3,2,1,0,change_ori,/,2,testing
16,czy,f,21,noindex,True,1227888,1229862,/,1.2,4.2,0.7,2.2,3,1,2,0,change_ori,/,0,testing
16,czy,f,21,noindex,True,1234567,1235349,/,1.2,0.7,4.2,2.2,2,1,3,0,change_col,/,0,testing
16,czy,f,21,noindex,True,1240061,1241590,/,0.7,4.2,2.2,1.2,0,1,2,3,change_ori,/,3,testing
16,czy,f,21,noindex,True,1246206,1248822,/,2.2,4.2,1.2,0.7,1,2,3,0,nochange_ori,z,3,testing
16,czy,f,21,noindex,True,1253536,1254454,z,4.2,2.2,0.7,1.2,1,2,3,0,nochange_ori,z,3,testing
16,czy,f,21,noindex,True,1259196,1260469,/,1.2,2.2,4.2,0.7,3,0,1,2,nochange_col,z,0,testing
16,czy,f,21,noindex,True,1265224,1266421,/,4.2,2.2,0.7,1.2,2,0,1,3,change_col,/,0,testing
16,czy,f,21,noindex,True,1271001,1272693,z,0.7,1.2,4.2,2.2,2,3,0,1,nochange_ori,z,0,testing
16,czy,f,21,noindex,True,1277313,1278502,/,0.7,1.2,4.2,2.2,0,3,2,1,change_ori,/,2,testing
16,czy,f,21,noindex,True,1283257,1283989,/,0.7,4.2,2.2,1.2,2,3,0,1,change_col,/,2,testing
16,czy,f,21,noindex,True,1288751,1289733,z,2.2,4.2,1.2,0.7,2,1,3,0,nochange_ori,z,0,testing
16,czy,f,21,noindex,True,1294444,1295844,/,1.2,2.2,4.2,0.7,3,1,0,2,change_ori,/,2,testing
16,czy,f,21,noindex,True,1300555,1301684,/,0.7,1.2,4.2,2.2,3,0,1,2,change_ori,/,3,testing
16,czy,f,21,noindex,True,1306383,1307349,/,2.2,1.2,0.7,4.2,0,2,1,3,nochange_col,z,3,testing
16,czy,f,21,noindex,True,1311976,1313094,/,0.7,1.2,4.2,2.2,3,2,0,1,change_ori,/,1,testing
16,czy,f,21,noindex,True,1317720,1318805,z,4.2,0.7,2.2,1.2,2,1,3,0,nochange_ori,z,1,testing
16,czy,f,21,noindex,True,1323481,1324197,z,2.2,1.2,0.7,4.2,2,0,3,1,nochange_col,z,2,testing
16,czy,f,21,noindex,True,1328774,1329573,z,1.2,2.2,0.7,4.2,3,1,0,2,nochange_col,z,3,testing
