subj,name,gender,age,cond,P_resp,P_startTime,P_respTime,P_gotKey,sf1,sf2,sf3,sf4,ord_1,ord_2,ord_3,ord_4,task,correct_key,no_change,mode
16,czy,f,21,index,True,71636,72462,/,0.7,4.2,4.2,0.7,2,3,1,0,change_col,/,1,practice
16,czy,f,21,index,True,77213,78767,/,2.2,2.2,0.7,0.7,0,2,1,3,change_ori,/,2,practice
16,czy,f,21,index,True,83358,84110,/,0.7,4.2,0.7,4.2,0,3,2,1,change_col,/,3,practice
16,czy,f,21,index,True,88685,90334,z,0.7,4.2,4.2,0.7,2,0,1,3,change_ori,/,2,practice
16,czy,f,21,index,True,94962,95630,/,2.2,2.2,1.2,1.2,1,2,3,0,change_col,/,3,practice
16,czy,f,21,index,True,100289,101311,z,2.2,0.7,0.7,2.2,0,1,3,2,nochange_col,z,0,practice
16,czy,f,21,index,True,105983,106846,z,0.7,0.7,2.2,2.2,2,3,0,1,nochange_col,z,2,practice
16,czy,f,21,index,True,111593,112494,z,1.2,0.7,1.2,0.7,2,3,0,1,nochange_col,z,0,practice
16,czy,f,21,index,True,117220,118015,/,1.2,0.7,1.2,0.7,2,0,3,1,change_ori,/,2,practice
16,czy,f,21,index,True,122597,126526,/,2.2,0.7,0.7,2.2,0,2,1,3,nochange_ori,z,2,practice
16,czy,f,21,index,True,131195,132191,z,1.2,2.2,2.2,1.2,3,0,2,1,nochange_ori,z,2,practice
16,czy,f,21,index,True,136789,137870,z,1.2,4.2,1.2,4.2,0,3,2,1,nochange_col,z,1,practice
16,czy,f,21,index,True,142467,143405,z,4.2,1.2,4.2,1.2,3,1,0,2,nochange_ori,z,3,practice
16,czy,f,21,index,True,148144,149054,z,0.7,2.2,2.2,0.7,0,1,3,2,nochange_ori,z,1,practice
16,czy,f,21,index,True,153787,155198,z,4.2,4.2,0.7,0.7,1,3,0,2,nochange_ori,z,3,practice
16,czy,f,21,index,True,159865,160958,/,1.2,1.2,4.2,4.2,2,1,0,3,change_ori,/,3,practice
16,czy,f,21,index,True,165559,167374,/,4.2,0.7,0.7,4.2,0,2,1,3,change_ori,/,2,practice
16,czy,f,21,index,True,172037,173502,/,4.2,1.2,4.2,1.2,1,2,3,0,change_col,/,2,practice
16,czy,f,21,index,True,178182,179006,/,0.7,2.2,0.7,2.2,1,2,3,0,nochange_col,z,3,practice
16,czy,f,21,index,True,183625,185422,z,1.2,4.2,4.2,1.2,2,0,3,1,change_col,/,0,practice
16,czy,f,21,index,True,192025,193262,/,2.2,2.2,0.7,0.7,3,2,0,1,nochange_ori,z,1,testing
16,czy,f,21,index,True,198035,201567,z,2.2,1.2,1.2,2.2,2,0,1,3,nochange_ori,z,2,testing
16,czy,f,21,index,True,206250,207022,/,2.2,4.2,4.2,2.2,0,2,1,3,change_col,/,3,testing
16,czy,f,21,index,True,211627,212717,z,2.2,2.2,1.2,1.2,3,1,0,2,nochange_ori,z,2,testing
16,czy,f,21,index,True,217438,218254,/,2.2,2.2,1.2,1.2,0,3,2,1,change_col,/,0,testing
16,czy,f,21,index,True,222947,224062,/,4.2,2.2,4.2,2.2,2,1,3,0,change_col,/,2,testing
16,czy,f,21,index,True,228708,229774,z,2.2,4.2,4.2,2.2,0,1,3,2,nochange_ori,z,2,testing
16,czy,f,21,index,True,234436,235677,z,1.2,2.2,2.2,1.2,3,2,1,0,nochange_col,z,2,testing
16,czy,f,21,index,True,240363,241502,/,4.2,4.2,0.7,0.7,1,0,2,3,nochange_ori,z,3,testing
16,czy,f,21,index,True,246107,246846,/,0.7,0.7,4.2,4.2,3,0,2,1,change_ori,/,3,testing
16,czy,f,21,index,True,251416,252382,/,4.2,0.7,0.7,4.2,3,1,2,0,change_ori,/,3,testing
16,czy,f,21,index,True,256993,257806,/,0.7,4.2,0.7,4.2,1,0,2,3,nochange_col,z,2,testing
16,czy,f,21,index,True,262470,263277,z,2.2,1.2,2.2,1.2,2,1,0,3,nochange_ori,z,1,testing
16,czy,f,21,index,True,267997,268686,/,4.2,0.7,4.2,0.7,3,1,2,0,change_col,/,2,testing
16,czy,f,21,index,True,273307,273934,/,4.2,0.7,4.2,0.7,2,0,1,3,change_col,/,1,testing
16,czy,f,21,index,True,278533,279166,/,2.2,0.7,2.2,0.7,2,3,1,0,change_ori,/,1,testing
16,czy,f,21,index,True,283776,285758,z,2.2,2.2,0.7,0.7,1,2,3,0,nochange_ori,z,0,testing
16,czy,f,21,index,True,290404,291630,z,2.2,2.2,0.7,0.7,0,1,3,2,nochange_ori,z,0,testing
16,czy,f,21,index,True,296383,297182,z,4.2,0.7,4.2,0.7,0,2,3,1,nochange_col,z,0,testing
16,czy,f,21,index,True,301792,302686,/,1.2,0.7,1.2,0.7,2,1,3,0,change_ori,/,3,testing
16,czy,f,21,index,True,307303,309646,z,2.2,2.2,1.2,1.2,0,1,2,3,change_ori,/,2,testing
16,czy,f,21,index,True,314299,314909,/,0.7,1.2,0.7,1.2,3,1,0,2,change_col,/,0,testing
16,czy,f,21,index,True,319575,320174,z,0.7,4.2,0.7,4.2,1,2,0,3,nochange_col,z,0,testing
16,czy,f,21,index,True,324885,326269,/,0.7,0.7,2.2,2.2,1,0,3,2,change_ori,/,3,testing
16,czy,f,21,index,True,330963,331566,/,0.7,1.2,1.2,0.7,2,1,3,0,change_ori,/,3,testing
16,czy,f,21,index,True,336239,337677,/,1.2,4.2,4.2,1.2,1,0,3,2,change_ori,/,1,testing
16,czy,f,21,index,True,342283,343869,/,2.2,4.2,4.2,2.2,1,2,0,3,nochange_col,z,1,testing
16,czy,f,21,index,True,348479,349869,z,0.7,2.2,2.2,0.7,0,2,1,3,nochange_ori,z,0,testing
16,czy,f,21,index,True,354473,355901,z,4.2,2.2,2.2,4.2,1,3,0,2,nochange_ori,z,3,testing
16,czy,f,21,index,True,360467,361773,z,4.2,4.2,1.2,1.2,1,3,2,0,nochange_ori,z,1,testing
16,czy,f,21,index,True,366411,367102,/,0.7,0.7,1.2,1.2,0,2,1,3,change_ori,/,0,testing
16,czy,f,21,index,True,371688,372558,z,4.2,2.2,4.2,2.2,1,0,3,2,change_col,/,0,testing
16,czy,f,21,index,True,377181,377949,z,2.2,4.2,2.2,4.2,1,2,3,0,nochange_col,z,0,testing
16,czy,f,21,index,True,382657,384749,/,2.2,1.2,2.2,1.2,2,0,1,3,change_ori,/,3,testing
16,czy,f,21,index,True,389420,390173,z,1.2,0.7,0.7,1.2,0,2,1,3,nochange_ori,z,2,testing
16,czy,f,21,index,True,394814,395886,z,4.2,4.2,1.2,1.2,2,3,1,0,nochange_col,z,3,testing
16,czy,f,21,index,True,400524,402814,/,0.7,2.2,0.7,2.2,0,2,3,1,nochange_ori,z,0,testing
16,czy,f,21,index,True,407420,408333,z,1.2,2.2,2.2,1.2,3,2,1,0,nochange_col,z,0,testing
16,czy,f,21,index,True,412963,413757,/,2.2,1.2,2.2,1.2,0,3,2,1,change_ori,/,2,testing
16,czy,f,21,index,True,418357,419757,z,1.2,1.2,0.7,0.7,1,2,3,0,nochange_col,z,0,testing
16,czy,f,21,index,True,424401,426205,/,2.2,2.2,4.2,4.2,3,1,0,2,change_ori,/,0,testing
16,czy,f,21,index,True,430930,431885,z,2.2,2.2,4.2,4.2,0,2,3,1,nochange_ori,z,1,testing
16,czy,f,21,index,True,436473,437196,/,4.2,1.2,1.2,4.2,2,0,3,1,change_col,/,0,testing
16,czy,f,21,index,True,441916,442621,z,2.2,2.2,0.7,0.7,3,2,1,0,nochange_col,z,0,testing
16,czy,f,21,index,True,447243,447854,/,4.2,0.7,0.7,4.2,3,1,0,2,change_col,/,1,testing
16,czy,f,21,index,True,452553,453613,z,4.2,1.2,1.2,4.2,0,1,2,3,nochange_ori,z,1,testing
16,czy,f,21,index,True,458230,458894,/,2.2,2.2,0.7,0.7,1,3,2,0,change_col,/,2,testing
16,czy,f,21,index,True,463506,464653,z,4.2,2.2,2.2,4.2,1,2,0,3,nochange_col,z,0,testing
16,czy,f,21,index,True,469283,470125,/,1.2,0.7,1.2,0.7,3,0,2,1,change_col,/,3,testing
16,czy,f,21,index,True,474710,475501,/,2.2,0.7,2.2,0.7,2,1,3,0,change_ori,/,3,testing
16,czy,f,21,index,True,480069,481197,z,1.2,2.2,2.2,1.2,2,0,1,3,nochange_col,z,1,testing
16,czy,f,21,index,True,485830,486589,z,1.2,0.7,0.7,1.2,2,3,1,0,nochange_col,z,3,testing
16,czy,f,21,index,True,491257,492221,/,4.2,0.7,4.2,0.7,1,0,3,2,change_col,/,2,testing
16,czy,f,21,index,True,496901,497774,/,2.2,2.2,1.2,1.2,1,0,3,2,change_col,/,2,testing
16,czy,f,21,index,True,502378,503325,/,4.2,4.2,2.2,2.2,0,3,2,1,change_col,/,2,testing
16,czy,f,21,index,True,507888,509389,/,1.2,2.2,1.2,2.2,1,0,2,3,nochange_col,z,1,testing
16,czy,f,21,index,True,514150,514781,z,2.2,4.2,4.2,2.2,1,0,2,3,nochange_col,z,2,testing
16,czy,f,21,index,True,519426,520157,z,2.2,0.7,2.2,0.7,3,0,2,1,nochange_ori,z,1,testing
16,czy,f,21,index,True,524886,525725,z,4.2,4.2,0.7,0.7,1,2,0,3,nochange_col,z,2,testing
16,czy,f,21,index,True,530296,531053,/,2.2,2.2,0.7,0.7,3,0,2,1,change_ori,/,1,testing
16,czy,f,21,index,True,535773,536301,z,2.2,0.7,0.7,2.2,3,0,1,2,nochange_col,z,2,testing
16,czy,f,21,index,True,540915,541693,/,1.2,4.2,4.2,1.2,2,1,0,3,nochange_ori,z,1,testing
16,czy,f,21,index,True,546375,547325,z,1.2,4.2,4.2,1.2,1,0,2,3,nochange_ori,z,3,testing
16,czy,f,21,index,True,551985,552845,z,0.7,1.2,1.2,0.7,1,0,2,3,change_ori,/,1,testing
16,czy,f,21,index,True,557528,558349,/,1.2,2.2,2.2,1.2,0,1,2,3,change_ori,/,0,testing
16,czy,f,21,index,True,562989,563820,z,1.2,2.2,1.2,2.2,0,3,1,2,nochange_col,z,3,testing
16,czy,f,21,index,True,568466,569261,/,1.2,0.7,1.2,0.7,2,1,3,0,change_col,/,1,testing
16,czy,f,21,index,True,573842,575372,/,2.2,0.7,0.7,2.2,3,2,1,0,change_ori,/,3,testing
16,czy,f,21,index,True,580137,581292,/,4.2,2.2,2.2,4.2,0,1,2,3,change_col,/,3,testing
16,czy,f,21,index,True,585982,586749,z,4.2,4.2,2.2,2.2,3,0,2,1,change_col,/,3,testing
16,czy,f,21,index,True,591374,592364,/,0.7,4.2,0.7,4.2,3,2,0,1,change_col,/,1,testing
16,czy,f,21,index,True,597068,598236,/,4.2,4.2,0.7,0.7,3,1,0,2,change_ori,/,2,testing
16,czy,f,21,index,True,602829,603565,/,2.2,1.2,1.2,2.2,3,2,0,1,change_col,/,0,testing
16,czy,f,21,index,True,608322,608988,z,0.7,2.2,0.7,2.2,1,3,2,0,nochange_col,z,2,testing
16,czy,f,21,index,True,613649,614349,/,1.2,0.7,1.2,0.7,0,1,2,3,change_ori,/,0,testing
16,czy,f,21,index,True,619075,620092,z,4.2,4.2,1.2,1.2,0,2,1,3,nochange_ori,z,3,testing
16,czy,f,21,index,True,624686,626109,z,0.7,2.2,2.2,0.7,1,2,0,3,nochange_ori,z,1,testing
16,czy,f,21,index,True,630696,631469,z,1.2,4.2,4.2,1.2,0,1,3,2,nochange_col,z,2,testing
16,czy,f,21,index,True,636073,636828,/,1.2,0.7,1.2,0.7,3,0,2,1,change_col,/,2,testing
16,czy,f,21,index,True,641517,643485,/,2.2,0.7,2.2,0.7,3,2,1,0,change_ori,/,2,testing
16,czy,f,21,index,True,654357,655532,z,2.2,1.2,1.2,2.2,3,0,2,1,nochange_col,z,2,testing
16,czy,f,21,index,True,660184,660813,/,0.7,2.2,2.2,0.7,0,1,2,3,change_col,/,2,testing
16,czy,f,21,index,True,665511,666733,/,2.2,2.2,1.2,1.2,0,1,3,2,change_ori,/,3,testing
16,czy,f,21,index,True,671472,672780,/,0.7,0.7,2.2,2.2,3,0,2,1,nochange_col,z,1,testing
16,czy,f,21,index,True,677499,678381,/,2.2,4.2,2.2,4.2,1,3,2,0,change_ori,/,0,testing
16,czy,f,21,index,True,683076,685324,z,1.2,4.2,1.2,4.2,3,0,1,2,nochange_col,z,1,testing
16,czy,f,21,index,True,690006,690509,/,0.7,1.2,0.7,1.2,2,3,0,1,change_col,/,2,testing
16,czy,f,21,index,True,695215,695836,/,0.7,4.2,4.2,0.7,0,3,1,2,change_col,/,1,testing
16,czy,f,21,index,True,700575,702444,/,2.2,4.2,4.2,2.2,3,0,1,2,change_col,/,0,testing
16,czy,f,21,index,True,707070,708092,z,4.2,1.2,1.2,4.2,1,2,3,0,nochange_ori,z,3,testing
16,czy,f,21,index,True,712780,713644,z,2.2,1.2,2.2,1.2,1,3,2,0,nochange_ori,z,2,testing
16,czy,f,21,index,True,718240,719004,z,0.7,1.2,0.7,1.2,1,2,3,0,nochange_col,z,1,testing
16,czy,f,21,index,True,723584,724204,/,4.2,4.2,2.2,2.2,0,2,1,3,change_col,/,0,testing
16,czy,f,21,index,True,728960,730765,z,2.2,1.2,1.2,2.2,3,0,2,1,nochange_ori,z,0,testing
16,czy,f,21,index,True,735439,736813,/,2.2,2.2,4.2,4.2,2,1,3,0,change_ori,/,0,testing
16,czy,f,21,index,True,741400,742716,/,0.7,1.2,1.2,0.7,1,2,3,0,change_col,/,3,testing
16,czy,f,21,index,True,747428,748252,z,1.2,4.2,4.2,1.2,3,2,1,0,nochange_ori,z,0,testing
16,czy,f,21,index,True,752921,753500,/,0.7,1.2,1.2,0.7,1,3,0,2,change_col,/,1,testing
16,czy,f,21,index,True,758114,759004,z,1.2,1.2,2.2,2.2,0,2,3,1,nochange_ori,z,1,testing
16,czy,f,21,index,True,763691,764492,/,1.2,1.2,0.7,0.7,0,3,1,2,change_ori,/,0,testing
16,czy,f,21,index,True,769185,771819,z,0.7,1.2,0.7,1.2,1,2,0,3,nochange_ori,z,1,testing
16,czy,f,21,index,True,776464,777516,z,1.2,4.2,1.2,4.2,2,3,1,0,nochange_ori,z,3,testing
16,czy,f,21,index,True,782109,782876,z,0.7,0.7,1.2,1.2,0,3,2,1,nochange_ori,z,0,testing
16,czy,f,21,index,True,787534,788252,z,4.2,4.2,1.2,1.2,2,3,0,1,nochange_col,z,2,testing
16,czy,f,21,index,True,793012,793804,/,0.7,1.2,1.2,0.7,0,2,1,3,change_ori,/,2,testing
16,czy,f,21,index,True,798555,799100,z,1.2,1.2,2.2,2.2,3,2,1,0,nochange_col,z,1,testing
16,czy,f,21,index,True,803765,804380,z,0.7,1.2,0.7,1.2,1,0,3,2,nochange_col,z,2,testing
16,czy,f,21,index,True,809091,809772,z,0.7,0.7,4.2,4.2,1,2,3,0,nochange_col,z,2,testing
16,czy,f,21,index,True,814434,815212,z,1.2,0.7,0.7,1.2,3,1,0,2,nochange_ori,z,2,testing
16,czy,f,21,index,True,819961,820652,z,0.7,1.2,0.7,1.2,2,3,1,0,nochange_ori,z,3,testing
16,czy,f,21,index,True,825271,825947,/,1.2,1.2,4.2,4.2,0,1,3,2,change_ori,/,3,testing
16,czy,f,21,index,True,830564,832748,/,2.2,2.2,0.7,0.7,2,3,1,0,change_ori,/,1,testing
16,czy,f,21,index,True,837427,839692,/,2.2,0.7,2.2,0.7,3,0,2,1,nochange_col,z,1,testing
16,czy,f,21,index,True,844289,845084,/,2.2,1.2,2.2,1.2,0,1,3,2,change_ori,/,3,testing
16,czy,f,21,index,True,849733,851115,/,1.2,2.2,1.2,2.2,0,3,2,1,change_col,/,2,testing
16,czy,f,21,index,True,855760,857244,z,0.7,0.7,2.2,2.2,1,3,0,2,nochange_ori,z,2,testing
16,czy,f,21,index,True,861838,863676,z,4.2,1.2,4.2,1.2,1,0,3,2,nochange_ori,z,0,testing
16,czy,f,21,index,True,868417,868987,/,4.2,2.2,4.2,2.2,0,3,2,1,change_col,/,3,testing
16,czy,f,21,index,True,873626,874571,z,4.2,4.2,1.2,1.2,0,3,1,2,nochange_ori,z,1,testing
16,czy,f,21,index,True,879153,880300,z,0.7,1.2,1.2,0.7,0,3,1,2,nochange_ori,z,1,testing
16,czy,f,21,index,True,885014,885756,z,4.2,2.2,2.2,4.2,3,1,0,2,nochange_col,z,2,testing
16,czy,f,21,index,True,890507,891068,/,4.2,4.2,1.2,1.2,3,1,0,2,change_col,/,1,testing
16,czy,f,21,index,True,895651,896635,z,0.7,2.2,2.2,0.7,1,2,3,0,nochange_col,z,0,testing
16,czy,f,21,index,True,901243,902540,/,0.7,2.2,2.2,0.7,1,3,2,0,change_col,/,1,testing
16,czy,f,21,index,True,907171,907979,/,0.7,0.7,2.2,2.2,3,0,1,2,change_col,/,0,testing
16,czy,f,21,index,True,912548,913323,/,4.2,2.2,2.2,4.2,0,1,3,2,change_ori,/,1,testing
16,czy,f,21,index,True,917907,918779,z,1.2,2.2,2.2,1.2,1,2,0,3,change_ori,/,0,testing
16,czy,f,21,index,True,923518,924508,z,0.7,1.2,0.7,1.2,0,3,1,2,nochange_ori,z,2,testing
16,czy,f,21,index,True,929128,929867,/,0.7,4.2,4.2,0.7,2,0,3,1,change_ori,/,0,testing
16,czy,f,21,index,True,934571,935451,z,1.2,1.2,0.7,0.7,2,0,1,3,nochange_col,z,2,testing
16,czy,f,21,index,True,940031,941068,/,1.2,1.2,2.2,2.2,0,3,2,1,change_col,/,1,testing
16,czy,f,21,index,True,945675,946588,z,1.2,0.7,1.2,0.7,1,0,2,3,nochange_col,z,1,testing
16,czy,f,21,index,True,951186,952188,z,0.7,4.2,4.2,0.7,3,1,2,0,change_ori,/,2,testing
16,czy,f,21,index,True,956896,958507,z,2.2,2.2,4.2,4.2,1,3,0,2,nochange_ori,z,2,testing
16,czy,f,21,index,True,963174,964268,/,0.7,0.7,2.2,2.2,2,1,0,3,change_ori,/,2,testing
16,czy,f,21,index,True,968868,969356,/,1.2,1.2,2.2,2.2,1,3,2,0,change_col,/,1,testing
16,czy,f,21,index,True,974011,974667,z,4.2,4.2,1.2,1.2,1,2,3,0,nochange_col,z,1,testing
16,czy,f,21,index,True,979271,980235,/,2.2,2.2,1.2,1.2,0,2,1,3,nochange_ori,z,1,testing
16,czy,f,21,index,True,984881,985435,/,0.7,1.2,0.7,1.2,0,1,3,2,change_col,/,0,testing
16,czy,f,21,index,True,990007,990892,/,4.2,4.2,0.7,0.7,3,2,0,1,change_ori,/,1,testing
16,czy,f,21,index,True,995634,996091,/,2.2,1.2,2.2,1.2,3,1,2,0,change_col,/,2,testing
16,czy,f,21,index,True,1000810,1002987,/,1.2,1.2,4.2,4.2,1,0,2,3,change_ori,/,3,testing
16,czy,f,21,index,True,1007589,1008300,z,2.2,2.2,1.2,1.2,1,2,3,0,nochange_col,z,0,testing
16,czy,f,21,index,True,1012966,1014060,z,1.2,4.2,1.2,4.2,2,0,1,3,nochange_ori,z,1,testing
16,czy,f,21,index,True,1018693,1019484,z,4.2,2.2,4.2,2.2,1,0,2,3,nochange_col,z,2,testing
16,czy,f,21,index,True,1024069,1024955,z,4.2,4.2,0.7,0.7,3,2,1,0,nochange_ori,z,0,testing
16,czy,f,21,index,True,1029596,1030027,z,1.2,1.2,4.2,4.2,3,1,0,2,nochange_col,z,3,testing
16,czy,f,21,index,True,1034739,1036812,z,0.7,1.2,1.2,0.7,3,0,2,1,nochange_col,z,1,testing
16,czy,f,21,index,True,1041518,1042892,/,0.7,4.2,4.2,0.7,3,2,0,1,nochange_col,z,2,testing
16,czy,f,21,index,True,1047462,1048091,z,4.2,4.2,0.7,0.7,0,1,3,2,nochange_col,z,0,testing
16,czy,f,21,index,True,1052755,1054571,z,2.2,2.2,0.7,0.7,2,3,1,0,change_ori,/,2,testing
16,czy,f,21,index,True,1059184,1060091,/,4.2,4.2,2.2,2.2,2,3,1,0,change_ori,/,3,testing
16,czy,f,21,index,True,1064744,1065627,/,2.2,1.2,1.2,2.2,0,1,2,3,nochange_ori,z,2,testing
16,czy,f,21,index,True,1070338,1070987,/,4.2,1.2,1.2,4.2,3,2,0,1,change_col,/,2,testing
16,czy,f,21,index,True,1075681,1076396,/,4.2,2.2,4.2,2.2,0,1,2,3,change_col,/,3,testing
16,czy,f,21,index,True,1080974,1082299,/,1.2,1.2,2.2,2.2,1,0,2,3,change_ori,/,1,testing
16,czy,f,21,index,True,1087019,1089243,/,2.2,2.2,0.7,0.7,3,1,2,0,change_ori,/,2,testing
16,czy,f,21,index,True,1093831,1096395,/,0.7,4.2,4.2,0.7,1,0,3,2,change_col,/,2,testing
16,czy,f,21,index,True,1101044,1101947,/,0.7,2.2,2.2,0.7,2,3,0,1,change_ori,/,0,testing
16,czy,f,21,index,True,1106704,1108507,/,1.2,0.7,1.2,0.7,2,1,0,3,change_col,/,0,testing
