subj,name,gender,age,cond,P_resp,P_startTime,P_respTime,P_gotKey,sf1,sf2,sf3,sf4,ord_1,ord_2,ord_3,ord_4,task,correct_key,no_change,mode
17,zxd,f,21,noindex,True,172716,173923,/,0.7,4.2,2.2,1.2,1,0,3,2,change_col,/,0,practice
17,zxd,f,21,noindex,True,178660,181603,z,2.2,0.7,1.2,4.2,2,3,0,1,nochange_ori,z,2,practice
17,zxd,f,21,noindex,True,186257,187459,/,0.7,2.2,1.2,4.2,0,1,2,3,change_ori,/,2,practice
17,zxd,f,21,noindex,True,192151,193476,z,4.2,0.7,1.2,2.2,1,3,0,2,nochange_col,z,2,practice
17,zxd,f,21,noindex,True,198229,199395,z,0.7,4.2,2.2,1.2,2,1,3,0,nochange_col,z,0,practice
17,zxd,f,21,noindex,True,203973,205043,/,1.2,4.2,0.7,2.2,2,3,1,0,change_ori,/,2,practice
17,zxd,f,21,noindex,True,209783,210867,/,4.2,0.7,1.2,2.2,3,2,0,1,change_ori,/,0,practice
17,zxd,f,21,noindex,True,215494,216467,/,0.7,2.2,1.2,4.2,1,0,3,2,change_col,/,2,practice
17,zxd,f,21,noindex,True,221205,222483,/,4.2,1.2,2.2,0.7,1,2,3,0,change_ori,/,2,practice
17,zxd,f,21,noindex,True,227183,229347,z,0.7,1.2,2.2,4.2,2,0,3,1,nochange_col,z,2,practice
17,zxd,f,21,noindex,True,233928,235619,z,0.7,2.2,1.2,4.2,1,2,3,0,change_ori,/,0,practice
17,zxd,f,21,noindex,True,240290,243139,z,4.2,0.7,1.2,2.2,2,0,1,3,nochange_ori,z,3,practice
17,zxd,f,21,noindex,True,247854,249268,z,4.2,2.2,0.7,1.2,2,1,3,0,nochange_ori,z,0,practice
17,zxd,f,21,noindex,True,254015,254979,z,4.2,2.2,0.7,1.2,3,1,2,0,nochange_ori,z,1,practice
17,zxd,f,21,noindex,True,259575,261507,z,1.2,4.2,0.7,2.2,0,3,1,2,nochange_col,z,1,practice
17,zxd,f,21,noindex,True,266120,268243,/,4.2,0.7,2.2,1.2,0,2,3,1,change_col,/,2,practice
17,zxd,f,21,noindex,True,273000,273955,/,2.2,4.2,1.2,0.7,0,3,2,1,change_col,/,3,practice
17,zxd,f,21,noindex,True,278577,280274,z,2.2,4.2,0.7,1.2,2,0,3,1,nochange_col,z,0,practice
17,zxd,f,21,noindex,True,284872,285747,z,4.2,2.2,0.7,1.2,2,0,1,3,nochange_ori,z,1,practice
17,zxd,f,21,noindex,True,290482,292339,/,1.2,2.2,4.2,0.7,1,2,0,3,change_col,/,1,practice
17,zxd,f,21,noindex,True,320287,322259,z,4.2,0.7,2.2,1.2,0,1,2,3,nochange_col,z,3,testing
17,zxd,f,21,noindex,True,326899,328163,z,2.2,0.7,1.2,4.2,2,1,0,3,nochange_col,z,1,testing
17,zxd,f,21,noindex,True,332910,334483,/,0.7,1.2,4.2,2.2,0,2,3,1,change_col,/,3,testing
17,zxd,f,21,noindex,True,339172,340771,/,1.2,2.2,0.7,4.2,3,0,1,2,change_ori,/,0,testing
17,zxd,f,21,noindex,True,345350,348067,z,4.2,2.2,0.7,1.2,2,0,1,3,nochange_ori,z,2,testing
17,zxd,f,21,noindex,True,352780,353986,z,4.2,1.2,2.2,0.7,1,2,3,0,change_ori,/,1,testing
17,zxd,f,21,noindex,True,358690,359811,z,0.7,1.2,4.2,2.2,3,2,1,0,nochange_col,z,3,testing
17,zxd,f,21,noindex,True,364568,365299,/,1.2,0.7,2.2,4.2,2,1,0,3,change_ori,/,1,testing
17,zxd,f,21,noindex,True,369928,370643,/,0.7,1.2,4.2,2.2,1,0,3,2,nochange_col,z,2,testing
17,zxd,f,21,noindex,True,375354,376578,z,1.2,2.2,4.2,0.7,1,3,2,0,nochange_col,z,2,testing
17,zxd,f,21,noindex,True,381332,382435,/,2.2,4.2,0.7,1.2,1,3,0,2,nochange_ori,z,3,testing
17,zxd,f,21,noindex,True,387193,388803,z,0.7,4.2,2.2,1.2,3,1,0,2,nochange_ori,z,3,testing
17,zxd,f,21,noindex,True,393404,394291,/,1.2,0.7,4.2,2.2,0,1,2,3,change_ori,/,2,testing
17,zxd,f,21,noindex,True,398998,400066,/,1.2,2.2,4.2,0.7,3,0,1,2,change_ori,/,1,testing
17,zxd,f,21,noindex,True,404809,406482,/,1.2,2.2,0.7,4.2,0,1,2,3,change_col,/,3,testing
17,zxd,f,21,noindex,True,411221,412450,/,1.2,0.7,4.2,2.2,1,0,2,3,change_col,/,2,testing
17,zxd,f,21,noindex,True,417132,418979,/,1.2,4.2,0.7,2.2,1,2,0,3,change_col,/,3,testing
17,zxd,f,21,noindex,True,423594,424963,/,0.7,2.2,1.2,4.2,2,1,3,0,nochange_ori,z,1,testing
17,zxd,f,21,noindex,True,429654,430627,z,1.2,2.2,0.7,4.2,3,0,2,1,nochange_col,z,1,testing
17,zxd,f,21,noindex,True,435231,436259,z,2.2,0.7,1.2,4.2,2,1,0,3,nochange_col,z,2,testing
17,zxd,f,21,noindex,True,440842,441955,z,4.2,0.7,2.2,1.2,2,0,3,1,nochange_col,z,1,testing
17,zxd,f,21,noindex,True,446652,448131,/,4.2,2.2,0.7,1.2,3,0,2,1,change_col,/,0,testing
17,zxd,f,21,noindex,True,452797,453699,/,1.2,2.2,4.2,0.7,1,0,2,3,nochange_ori,z,0,testing
17,zxd,f,21,noindex,True,458357,460610,z,4.2,1.2,0.7,2.2,1,2,0,3,nochange_ori,z,3,testing
17,zxd,f,21,noindex,True,465354,466467,z,0.7,2.2,4.2,1.2,0,1,3,2,nochange_col,z,1,testing
17,zxd,f,21,noindex,True,471131,472435,z,1.2,2.2,4.2,0.7,1,0,3,2,nochange_col,z,3,testing
17,zxd,f,21,noindex,True,477075,478131,/,4.2,0.7,1.2,2.2,3,0,1,2,change_ori,/,2,testing
17,zxd,f,21,noindex,True,482735,483618,z,1.2,4.2,2.2,0.7,3,0,1,2,change_ori,/,3,testing
17,zxd,f,21,noindex,True,488296,489555,z,0.7,4.2,2.2,1.2,1,0,3,2,nochange_col,z,2,testing
17,zxd,f,21,noindex,True,494123,497411,z,4.2,1.2,2.2,0.7,1,2,0,3,change_ori,/,0,testing
17,zxd,f,21,noindex,True,502104,503842,/,0.7,1.2,2.2,4.2,3,1,2,0,change_ori,/,2,testing
17,zxd,f,21,noindex,True,508583,511283,z,0.7,1.2,4.2,2.2,1,3,0,2,change_ori,/,3,testing
17,zxd,f,21,noindex,True,515896,516835,z,0.7,2.2,4.2,1.2,1,0,3,2,nochange_col,z,3,testing
17,zxd,f,21,noindex,True,521590,524034,/,2.2,1.2,0.7,4.2,0,1,3,2,change_ori,/,0,testing
17,zxd,f,21,noindex,True,528637,533906,/,2.2,4.2,0.7,1.2,1,3,2,0,change_ori,/,2,testing
17,zxd,f,21,noindex,True,538505,540658,z,1.2,2.2,4.2,0.7,0,2,3,1,change_col,/,0,testing
17,zxd,f,21,noindex,True,545250,547587,/,2.2,0.7,4.2,1.2,1,3,0,2,change_ori,/,3,testing
17,zxd,f,21,noindex,True,552297,554402,/,0.7,2.2,1.2,4.2,1,0,2,3,change_col,/,2,testing
17,zxd,f,21,noindex,True,559159,564771,z,2.2,4.2,1.2,0.7,2,1,3,0,nochange_ori,z,2,testing
17,zxd,f,21,noindex,True,569361,570386,z,4.2,0.7,2.2,1.2,2,0,1,3,nochange_ori,z,3,testing
17,zxd,f,21,noindex,True,575122,576146,/,4.2,1.2,0.7,2.2,1,2,3,0,nochange_ori,z,1,testing
17,zxd,f,21,noindex,True,580850,582882,/,2.2,4.2,1.2,0.7,1,0,3,2,change_col,/,3,testing
17,zxd,f,21,noindex,True,587461,588466,/,4.2,2.2,1.2,0.7,3,2,1,0,change_col,/,2,testing
17,zxd,f,21,noindex,True,593155,594322,z,0.7,4.2,1.2,2.2,0,3,1,2,nochange_col,z,2,testing
17,zxd,f,21,noindex,True,598933,600227,/,1.2,0.7,2.2,4.2,1,2,3,0,change_col,/,3,testing
17,zxd,f,21,noindex,True,604877,606178,/,4.2,1.2,2.2,0.7,2,1,3,0,nochange_ori,z,2,testing
17,zxd,f,21,noindex,True,610838,612866,z,0.7,2.2,1.2,4.2,3,2,0,1,nochange_ori,z,3,testing
17,zxd,f,21,noindex,True,617467,619187,z,2.2,4.2,1.2,0.7,0,1,2,3,change_col,/,3,testing
17,zxd,f,21,noindex,True,623895,625122,z,1.2,0.7,4.2,2.2,3,0,1,2,nochange_ori,z,0,testing
17,zxd,f,21,noindex,True,629772,631521,/,2.2,4.2,0.7,1.2,3,0,2,1,change_col,/,2,testing
17,zxd,f,21,noindex,True,636218,637170,/,2.2,4.2,0.7,1.2,2,3,1,0,change_col,/,1,testing
17,zxd,f,21,noindex,True,641828,642626,/,0.7,4.2,1.2,2.2,0,2,3,1,change_col,/,1,testing
17,zxd,f,21,noindex,True,647204,648146,z,1.2,0.7,2.2,4.2,3,1,0,2,nochange_ori,z,1,testing
17,zxd,f,21,noindex,True,652715,653410,/,0.7,4.2,2.2,1.2,3,2,0,1,change_col,/,1,testing
17,zxd,f,21,noindex,True,658142,659282,/,1.2,0.7,2.2,4.2,0,1,3,2,change_col,/,1,testing
17,zxd,f,21,noindex,True,663868,664546,/,4.2,2.2,0.7,1.2,0,1,3,2,change_col,/,3,testing
17,zxd,f,21,noindex,True,669245,671026,/,4.2,1.2,0.7,2.2,0,3,1,2,change_ori,/,0,testing
17,zxd,f,21,noindex,True,675606,678467,/,0.7,4.2,2.2,1.2,1,2,3,0,change_ori,/,2,testing
17,zxd,f,21,noindex,True,683171,684450,z,4.2,1.2,0.7,2.2,1,2,3,0,nochange_ori,z,1,testing
17,zxd,f,21,noindex,True,689115,690563,z,0.7,4.2,2.2,1.2,2,3,1,0,nochange_col,z,1,testing
17,zxd,f,21,noindex,True,695143,696193,z,0.7,4.2,2.2,1.2,3,0,1,2,nochange_col,z,1,testing
17,zxd,f,21,noindex,True,700854,701938,z,4.2,1.2,0.7,2.2,1,0,3,2,nochange_col,z,0,testing
17,zxd,f,21,noindex,True,706697,707442,/,2.2,4.2,0.7,1.2,2,3,1,0,change_ori,/,2,testing
17,zxd,f,21,noindex,True,712007,712914,z,0.7,2.2,1.2,4.2,3,0,2,1,nochange_col,z,2,testing
17,zxd,f,21,noindex,True,717601,718930,/,0.7,1.2,4.2,2.2,0,1,3,2,change_ori,/,1,testing
17,zxd,f,21,noindex,True,723645,724690,/,2.2,4.2,1.2,0.7,0,1,3,2,change_col,/,3,testing
17,zxd,f,21,noindex,True,729422,730674,z,1.2,4.2,2.2,0.7,2,3,0,1,change_ori,/,1,testing
17,zxd,f,21,noindex,True,735366,736354,z,1.2,0.7,2.2,4.2,0,3,2,1,nochange_ori,z,1,testing
17,zxd,f,21,noindex,True,740977,742897,z,4.2,1.2,2.2,0.7,1,2,3,0,nochange_ori,z,0,testing
17,zxd,f,21,noindex,True,747572,750002,z,2.2,4.2,1.2,0.7,2,1,0,3,nochange_col,z,1,testing
17,zxd,f,21,noindex,True,754602,755954,/,4.2,1.2,2.2,0.7,3,1,2,0,change_ori,/,1,testing
17,zxd,f,21,noindex,True,760696,762034,z,2.2,1.2,0.7,4.2,3,0,1,2,nochange_ori,z,0,testing
17,zxd,f,21,noindex,True,766725,767730,/,4.2,0.7,2.2,1.2,3,2,0,1,change_col,/,1,testing
17,zxd,f,21,noindex,True,772435,773298,z,2.2,0.7,4.2,1.2,0,3,2,1,nochange_ori,z,1,testing
17,zxd,f,21,noindex,True,778012,778882,z,4.2,1.2,0.7,2.2,2,3,1,0,nochange_col,z,3,testing
17,zxd,f,21,noindex,True,783472,784354,/,4.2,1.2,2.2,0.7,0,1,3,2,change_col,/,1,testing
17,zxd,f,21,noindex,True,789082,790258,z,0.7,2.2,1.2,4.2,2,3,1,0,nochange_ori,z,2,testing
17,zxd,f,21,noindex,True,794909,796194,z,1.2,2.2,4.2,0.7,3,0,2,1,nochange_ori,z,2,testing
17,zxd,f,21,noindex,True,800837,801842,z,2.2,1.2,0.7,4.2,2,1,0,3,change_ori,/,0,testing
17,zxd,f,21,noindex,True,806431,807618,z,0.7,2.2,4.2,1.2,0,1,2,3,nochange_col,z,1,testing
17,zxd,f,21,noindex,True,816916,817682,/,2.2,4.2,1.2,0.7,2,0,1,3,change_col,/,3,testing
17,zxd,f,21,noindex,True,822394,823602,z,0.7,2.2,1.2,4.2,2,0,3,1,change_ori,/,1,testing
17,zxd,f,21,noindex,True,828171,830530,/,1.2,0.7,4.2,2.2,1,2,0,3,change_col,/,2,testing
17,zxd,f,21,noindex,True,835267,836722,z,1.2,2.2,4.2,0.7,0,3,2,1,nochange_ori,z,0,testing
17,zxd,f,21,noindex,True,841312,843074,z,4.2,1.2,0.7,2.2,0,3,2,1,change_ori,/,3,testing
17,zxd,f,21,noindex,True,847673,848578,z,4.2,1.2,2.2,0.7,2,1,3,0,change_ori,/,0,testing
17,zxd,f,21,noindex,True,853166,853986,z,4.2,1.2,0.7,2.2,0,1,3,2,nochange_col,z,3,testing
17,zxd,f,21,noindex,True,858727,860979,/,0.7,2.2,1.2,4.2,3,1,0,2,change_ori,/,1,testing
17,zxd,f,21,noindex,True,865673,867922,/,4.2,0.7,1.2,2.2,3,2,1,0,change_ori,/,0,testing
17,zxd,f,21,noindex,True,872669,873986,/,2.2,1.2,0.7,4.2,3,2,0,1,change_ori,/,0,testing
17,zxd,f,21,noindex,True,878646,880994,/,2.2,4.2,0.7,1.2,1,2,3,0,change_ori,/,0,testing
17,zxd,f,21,noindex,True,885593,886578,z,1.2,2.2,0.7,4.2,2,0,3,1,nochange_ori,z,2,testing
17,zxd,f,21,noindex,True,891187,891905,/,2.2,0.7,1.2,4.2,1,2,3,0,change_ori,/,2,testing
17,zxd,f,21,noindex,True,896597,898690,z,4.2,2.2,0.7,1.2,3,2,1,0,nochange_ori,z,3,testing
17,zxd,f,21,noindex,True,903442,904834,/,0.7,2.2,1.2,4.2,3,0,2,1,change_col,/,1,testing
17,zxd,f,21,noindex,True,909570,910785,/,2.2,0.7,4.2,1.2,2,0,3,1,change_col,/,0,testing
17,zxd,f,21,noindex,True,915498,916226,z,1.2,2.2,4.2,0.7,1,2,0,3,nochange_col,z,3,testing
17,zxd,f,21,noindex,True,920941,922178,/,4.2,1.2,2.2,0.7,3,0,1,2,change_ori,/,0,testing
17,zxd,f,21,noindex,True,926802,928610,z,4.2,1.2,2.2,0.7,3,1,2,0,nochange_ori,z,1,testing
17,zxd,f,21,noindex,True,933313,934370,/,4.2,2.2,0.7,1.2,1,0,2,3,change_ori,/,2,testing
17,zxd,f,21,noindex,True,939041,940258,z,0.7,1.2,4.2,2.2,1,3,2,0,nochange_ori,z,0,testing
17,zxd,f,21,noindex,True,945002,946689,z,0.7,2.2,1.2,4.2,1,2,0,3,nochange_ori,z,1,testing
17,zxd,f,21,noindex,True,951313,952258,z,1.2,4.2,2.2,0.7,1,2,0,3,nochange_ori,z,3,testing
17,zxd,f,21,noindex,True,956840,957554,z,2.2,0.7,4.2,1.2,0,3,1,2,nochange_col,z,1,testing
17,zxd,f,21,noindex,True,962116,963378,/,1.2,2.2,0.7,4.2,0,1,2,3,change_col,/,3,testing
17,zxd,f,21,noindex,True,968044,968865,z,0.7,2.2,4.2,1.2,0,2,3,1,nochange_ori,z,3,testing
17,zxd,f,21,noindex,True,973471,974290,/,1.2,4.2,2.2,0.7,2,1,0,3,change_ori,/,0,testing
17,zxd,f,21,noindex,True,979048,980146,/,2.2,0.7,1.2,4.2,2,0,3,1,change_col,/,3,testing
17,zxd,f,21,noindex,True,984792,986418,/,0.7,2.2,4.2,1.2,0,3,2,1,change_col,/,1,testing
17,zxd,f,21,noindex,True,991170,992754,z,2.2,0.7,4.2,1.2,1,0,2,3,nochange_col,z,2,testing
17,zxd,f,21,noindex,True,997465,998273,/,0.7,1.2,4.2,2.2,1,2,0,3,change_ori,/,0,testing
17,zxd,f,21,noindex,True,1002975,1004018,/,4.2,0.7,2.2,1.2,3,2,0,1,change_ori,/,3,testing
17,zxd,f,21,noindex,True,1008652,1010162,z,4.2,2.2,1.2,0.7,1,3,0,2,nochange_ori,z,2,testing
17,zxd,f,21,noindex,True,1014830,1015538,/,2.2,4.2,1.2,0.7,3,2,0,1,change_col,/,0,testing
17,zxd,f,21,noindex,True,1020106,1020850,/,2.2,4.2,1.2,0.7,1,2,3,0,change_col,/,2,testing
17,zxd,f,21,noindex,True,1025517,1026273,/,1.2,0.7,4.2,2.2,3,2,0,1,change_ori,/,2,testing
17,zxd,f,21,noindex,True,1030894,1032130,/,0.7,4.2,2.2,1.2,2,3,0,1,change_col,/,1,testing
17,zxd,f,21,noindex,True,1036837,1038481,/,1.2,0.7,4.2,2.2,2,3,1,0,change_ori,/,1,testing
17,zxd,f,21,noindex,True,1043132,1043857,z,2.2,1.2,4.2,0.7,2,1,0,3,nochange_ori,z,3,testing
17,zxd,f,21,noindex,True,1048525,1049266,/,4.2,0.7,1.2,2.2,1,2,3,0,change_col,/,3,testing
17,zxd,f,21,noindex,True,1053902,1054882,z,1.2,0.7,2.2,4.2,1,0,2,3,nochange_ori,z,0,testing
17,zxd,f,21,noindex,True,1059479,1060193,z,4.2,1.2,0.7,2.2,2,0,3,1,nochange_col,z,2,testing
17,zxd,f,21,noindex,True,1064806,1065538,/,0.7,1.2,4.2,2.2,0,2,1,3,change_ori,/,0,testing
17,zxd,f,21,noindex,True,1070282,1071361,z,4.2,2.2,1.2,0.7,3,1,2,0,nochange_ori,z,3,testing
17,zxd,f,21,noindex,True,1076076,1076834,z,2.2,4.2,0.7,1.2,1,0,3,2,nochange_col,z,3,testing
17,zxd,f,21,noindex,True,1081520,1082193,z,4.2,2.2,1.2,0.7,0,3,1,2,nochange_col,z,0,testing
17,zxd,f,21,noindex,True,1086763,1087602,/,1.2,2.2,4.2,0.7,0,3,2,1,change_col,/,2,testing
17,zxd,f,21,noindex,True,1092206,1093169,z,1.2,0.7,2.2,4.2,0,1,2,3,nochange_col,z,1,testing
17,zxd,f,21,noindex,True,1097816,1098674,z,2.2,1.2,0.7,4.2,2,3,0,1,nochange_col,z,0,testing
17,zxd,f,21,noindex,True,1103260,1104146,/,2.2,1.2,4.2,0.7,2,1,0,3,change_col,/,1,testing
17,zxd,f,21,noindex,True,1108819,1109489,/,2.2,1.2,0.7,4.2,1,2,3,0,change_col,/,1,testing
17,zxd,f,21,noindex,True,1114146,1114801,z,2.2,1.2,0.7,4.2,2,0,3,1,nochange_ori,z,1,testing
17,zxd,f,21,noindex,True,1119456,1120113,z,2.2,1.2,0.7,4.2,1,3,2,0,nochange_col,z,1,testing
17,zxd,f,21,noindex,True,1124866,1125586,/,2.2,4.2,1.2,0.7,3,2,1,0,change_col,/,0,testing
17,zxd,f,21,noindex,True,1130310,1131458,z,4.2,0.7,2.2,1.2,3,1,2,0,nochange_col,z,3,testing
17,zxd,f,21,noindex,True,1136187,1137313,/,1.2,2.2,4.2,0.7,0,3,2,1,nochange_col,z,0,testing
17,zxd,f,21,noindex,True,1141947,1142705,z,0.7,1.2,4.2,2.2,1,0,3,2,nochange_col,z,2,testing
17,zxd,f,21,noindex,True,1147407,1148674,z,4.2,1.2,0.7,2.2,0,3,2,1,nochange_ori,z,1,testing
17,zxd,f,21,noindex,True,1153368,1154130,z,2.2,0.7,1.2,4.2,0,1,3,2,nochange_ori,z,3,testing
17,zxd,f,21,noindex,True,1158778,1159890,/,4.2,1.2,2.2,0.7,0,2,3,1,change_ori,/,0,testing
17,zxd,f,21,noindex,True,1164622,1166289,z,1.2,2.2,4.2,0.7,3,2,1,0,nochange_col,z,2,testing
17,zxd,f,21,noindex,True,1170950,1172145,z,2.2,1.2,4.2,0.7,3,1,0,2,nochange_ori,z,3,testing
17,zxd,f,21,noindex,True,1176711,1177474,z,2.2,4.2,0.7,1.2,0,2,1,3,nochange_ori,z,3,testing
17,zxd,f,21,noindex,True,1182222,1182930,/,2.2,1.2,0.7,4.2,0,1,3,2,change_col,/,0,testing
17,zxd,f,21,noindex,True,1187631,1188481,z,0.7,4.2,1.2,2.2,0,2,1,3,nochange_ori,z,1,testing
17,zxd,f,21,noindex,True,1193058,1194625,z,4.2,1.2,0.7,2.2,2,1,0,3,nochange_col,z,1,testing
17,zxd,f,21,noindex,True,1199253,1200050,/,4.2,2.2,1.2,0.7,2,1,3,0,change_col,/,1,testing
17,zxd,f,21,noindex,True,1204646,1205426,z,4.2,0.7,2.2,1.2,1,0,2,3,nochange_col,z,0,testing
17,zxd,f,21,noindex,True,1210140,1210993,z,1.2,4.2,2.2,0.7,3,2,1,0,nochange_ori,z,2,testing
17,zxd,f,21,noindex,True,1215716,1216642,z,0.7,1.2,4.2,2.2,2,1,3,0,nochange_col,z,2,testing
17,zxd,f,21,noindex,True,1221227,1222065,/,1.2,0.7,4.2,2.2,2,0,1,3,change_ori,/,0,testing
17,zxd,f,21,noindex,True,1226820,1227585,/,4.2,1.2,2.2,0.7,1,2,3,0,change_ori,/,2,testing
17,zxd,f,21,noindex,True,1232347,1234145,z,0.7,1.2,4.2,2.2,1,0,2,3,nochange_col,z,1,testing
17,zxd,f,21,noindex,True,1238775,1239873,z,1.2,4.2,2.2,0.7,1,2,0,3,nochange_col,z,3,testing
17,zxd,f,21,noindex,True,1244553,1245266,z,2.2,4.2,1.2,0.7,1,0,2,3,nochange_ori,z,2,testing
17,zxd,f,21,noindex,True,1249996,1251121,/,2.2,0.7,4.2,1.2,2,0,1,3,change_col,/,2,testing
17,zxd,f,21,noindex,True,1255873,1258417,/,1.2,4.2,0.7,2.2,0,1,2,3,change_col,/,2,testing
17,zxd,f,21,noindex,True,1263104,1264178,/,1.2,2.2,0.7,4.2,1,3,2,0,change_col,/,1,testing
17,zxd,f,21,noindex,True,1268914,1269729,z,4.2,0.7,2.2,1.2,0,3,1,2,nochange_col,z,3,testing
17,zxd,f,21,noindex,True,1274374,1275138,/,2.2,1.2,0.7,4.2,0,1,2,3,change_ori,/,2,testing
