subj,name,gender,age,cond,P_resp,P_startTime,P_respTime,P_gotKey,sf1,sf2,sf3,sf4,ord_1,ord_2,ord_3,ord_4,task,correct_key,no_change,mode
17,zdd,f,21,index,True,60664,61757,/,4.2,2.2,4.2,2.2,0,3,2,1,change_col,/,2,practice
17,zdd,f,21,index,True,66324,67388,z,0.7,2.2,2.2,0.7,0,1,2,3,nochange_col,z,1,practice
17,zdd,f,21,index,True,72035,72973,/,0.7,1.2,1.2,0.7,3,0,2,1,change_ori,/,1,practice
17,zdd,f,21,index,True,77645,78333,/,1.2,0.7,1.2,0.7,2,0,3,1,change_col,/,0,practice
17,zdd,f,21,index,True,82955,83708,/,4.2,2.2,2.2,4.2,3,2,1,0,change_col,/,3,practice
17,zdd,f,21,index,True,88398,89229,/,1.2,4.2,1.2,4.2,3,0,2,1,change_col,/,0,practice
17,zdd,f,21,index,True,93858,94845,z,4.2,4.2,1.2,1.2,0,2,3,1,nochange_col,z,3,practice
17,zdd,f,21,index,True,99485,100300,z,4.2,0.7,4.2,0.7,1,0,2,3,nochange_col,z,2,practice
17,zdd,f,21,index,True,104961,106157,z,1.2,2.2,1.2,2.2,3,0,2,1,nochange_ori,z,0,practice
17,zdd,f,21,index,True,110722,111629,z,1.2,1.2,2.2,2.2,3,2,0,1,change_ori,/,0,practice
17,zdd,f,21,index,True,116316,117052,z,2.2,2.2,0.7,0.7,2,0,1,3,nochange_ori,z,0,practice
17,zdd,f,21,index,True,121743,122525,z,2.2,0.7,0.7,2.2,3,2,1,0,nochange_ori,z,0,practice
17,zdd,f,21,index,True,127136,128460,z,1.2,1.2,2.2,2.2,0,2,1,3,nochange_ori,z,2,practice
17,zdd,f,21,index,True,133147,134477,/,2.2,2.2,4.2,4.2,3,1,0,2,change_ori,/,1,practice
17,zdd,f,21,index,True,139225,139933,/,1.2,2.2,2.2,1.2,3,2,1,0,change_col,/,2,practice
17,zdd,f,21,index,True,144535,145789,/,2.2,2.2,0.7,0.7,0,1,3,2,change_ori,/,3,practice
17,zdd,f,21,index,True,150529,151549,z,0.7,0.7,2.2,2.2,1,0,2,3,nochange_col,z,1,practice
17,zdd,f,21,index,True,156189,157437,z,2.2,1.2,2.2,1.2,3,0,1,2,nochange_ori,z,1,practice
17,zdd,f,21,index,True,162150,162829,z,2.2,2.2,1.2,1.2,1,3,0,2,nochange_col,z,3,practice
17,zdd,f,21,index,True,167410,168509,/,0.7,2.2,0.7,2.2,1,0,3,2,change_ori,/,2,practice
17,zdd,f,21,index,True,175692,176621,/,0.7,4.2,0.7,4.2,3,2,0,1,change_ori,/,1,testing
17,zdd,f,21,index,True,181286,182188,z,2.2,1.2,2.2,1.2,2,0,3,1,nochange_ori,z,1,testing
17,zdd,f,21,index,True,186896,187900,z,0.7,4.2,4.2,0.7,2,0,3,1,nochange_col,z,0,testing
17,zdd,f,21,index,True,192506,193181,z,4.2,2.2,2.2,4.2,0,2,3,1,nochange_col,z,1,testing
17,zdd,f,21,index,True,197866,198509,z,2.2,2.2,0.7,0.7,0,1,3,2,nochange_col,z,1,testing
17,zdd,f,21,index,True,203092,203900,/,2.2,0.7,2.2,0.7,2,1,3,0,change_ori,/,0,testing
17,zdd,f,21,index,True,208519,209517,z,0.7,1.2,1.2,0.7,1,0,2,3,nochange_col,z,2,testing
17,zdd,f,21,index,True,214212,215436,z,0.7,1.2,1.2,0.7,3,0,1,2,nochange_ori,z,0,testing
17,zdd,f,21,index,True,220173,220973,z,0.7,2.2,2.2,0.7,3,1,0,2,nochange_col,z,0,testing
17,zdd,f,21,index,True,225750,226781,z,1.2,4.2,1.2,4.2,1,0,2,3,nochange_col,z,2,testing
17,zdd,f,21,index,True,231361,232221,z,0.7,2.2,0.7,2.2,2,1,3,0,nochange_col,z,2,testing
17,zdd,f,21,index,True,236887,237693,/,2.2,4.2,2.2,4.2,1,0,2,3,change_col,/,0,testing
17,zdd,f,21,index,True,242297,243373,/,2.2,2.2,4.2,4.2,2,3,0,1,change_col,/,3,testing
17,zdd,f,21,index,True,247975,249021,/,4.2,1.2,4.2,1.2,1,3,0,2,change_ori,/,1,testing
17,zdd,f,21,index,True,253585,255436,z,4.2,4.2,1.2,1.2,2,1,3,0,nochange_ori,z,1,testing
17,zdd,f,21,index,True,260164,260924,z,1.2,0.7,0.7,1.2,3,1,0,2,nochange_ori,z,2,testing
17,zdd,f,21,index,True,265640,266317,z,2.2,2.2,1.2,1.2,0,2,3,1,nochange_ori,z,0,testing
17,zdd,f,21,index,True,271017,273420,/,4.2,4.2,0.7,0.7,1,0,3,2,change_ori,/,3,testing
17,zdd,f,21,index,True,278030,279468,/,4.2,2.2,2.2,4.2,3,1,0,2,change_col,/,0,testing
17,zdd,f,21,index,True,284191,284876,/,1.2,2.2,2.2,1.2,2,1,0,3,change_col,/,3,testing
17,zdd,f,21,index,True,289451,290237,/,4.2,0.7,4.2,0.7,1,2,3,0,change_col,/,1,testing
17,zdd,f,21,index,True,294927,296300,z,4.2,2.2,4.2,2.2,1,3,2,0,nochange_ori,z,2,testing
17,zdd,f,21,index,True,301022,301773,z,1.2,4.2,1.2,4.2,3,1,2,0,nochange_col,z,1,testing
17,zdd,f,21,index,True,306482,307405,/,0.7,0.7,2.2,2.2,0,3,1,2,change_col,/,3,testing
17,zdd,f,21,index,True,312143,312749,z,4.2,4.2,1.2,1.2,3,1,2,0,nochange_col,z,0,testing
17,zdd,f,21,index,True,317453,318029,/,1.2,4.2,4.2,1.2,3,1,0,2,change_col,/,2,testing
17,zdd,f,21,index,True,322746,324653,/,4.2,0.7,0.7,4.2,3,2,1,0,change_ori,/,2,testing
17,zdd,f,21,index,True,329307,329997,/,2.2,2.2,4.2,4.2,2,3,0,1,change_col,/,0,testing
17,zdd,f,21,index,True,334567,335277,/,0.7,2.2,2.2,0.7,2,3,0,1,change_ori,/,2,testing
17,zdd,f,21,index,True,339944,341405,/,2.2,2.2,1.2,1.2,3,1,2,0,change_ori,/,0,testing
17,zdd,f,21,index,True,346122,347308,/,1.2,1.2,0.7,0.7,0,2,1,3,change_col,/,2,testing
17,zdd,f,21,index,True,352033,352621,/,2.2,2.2,4.2,4.2,3,2,1,0,change_col,/,1,testing
17,zdd,f,21,index,True,357259,357997,z,2.2,2.2,0.7,0.7,0,3,2,1,nochange_col,z,2,testing
17,zdd,f,21,index,True,362619,363581,/,0.7,2.2,2.2,0.7,0,2,3,1,change_col,/,2,testing
17,zdd,f,21,index,True,368313,368972,z,0.7,1.2,0.7,1.2,2,0,1,3,nochange_ori,z,3,testing
17,zdd,f,21,index,True,373672,374364,/,4.2,1.2,1.2,4.2,3,0,2,1,nochange_ori,z,2,testing
17,zdd,f,21,index,True,378932,379644,/,4.2,1.2,1.2,4.2,3,1,2,0,change_col,/,3,testing
17,zdd,f,21,index,True,384359,385516,/,1.2,1.2,2.2,2.2,1,3,2,0,change_ori,/,0,testing
17,zdd,f,21,index,True,390136,391052,z,2.2,1.2,2.2,1.2,2,1,0,3,nochange_col,z,0,testing
17,zdd,f,21,index,True,395679,396333,z,1.2,4.2,1.2,4.2,1,3,0,2,nochange_ori,z,2,testing
17,zdd,f,21,index,True,401056,401789,/,0.7,4.2,0.7,4.2,0,1,3,2,nochange_ori,z,2,testing
17,zdd,f,21,index,True,406450,407228,/,0.7,1.2,1.2,0.7,3,2,1,0,change_ori,/,0,testing
17,zdd,f,21,index,True,411910,412861,z,4.2,1.2,4.2,1.2,1,2,3,0,nochange_ori,z,0,testing
17,zdd,f,21,index,True,417453,418588,/,0.7,2.2,0.7,2.2,1,3,2,0,change_ori,/,0,testing
17,zdd,f,21,index,True,423197,423900,z,2.2,0.7,0.7,2.2,1,3,0,2,nochange_ori,z,2,testing
17,zdd,f,21,index,True,428607,429420,/,4.2,4.2,1.2,1.2,0,3,2,1,change_col,/,2,testing
17,zdd,f,21,index,True,434100,434812,/,1.2,0.7,1.2,0.7,3,0,1,2,change_col,/,0,testing
17,zdd,f,21,index,True,439410,441420,/,2.2,1.2,1.2,2.2,2,1,3,0,change_ori,/,3,testing
17,zdd,f,21,index,True,446039,446924,z,0.7,0.7,1.2,1.2,2,3,1,0,nochange_col,z,1,testing
17,zdd,f,21,index,True,451599,452668,z,0.7,4.2,4.2,0.7,3,0,2,1,nochange_ori,z,1,testing
17,zdd,f,21,index,True,457393,458125,/,4.2,1.2,4.2,1.2,3,2,1,0,change_ori,/,1,testing
17,zdd,f,21,index,True,462703,464428,/,4.2,2.2,4.2,2.2,1,0,3,2,change_col,/,1,testing
17,zdd,f,21,index,True,469064,470348,z,2.2,2.2,0.7,0.7,2,3,0,1,nochange_col,z,0,testing
17,zdd,f,21,index,True,475008,475869,z,4.2,2.2,2.2,4.2,1,3,0,2,nochange_ori,z,2,testing
17,zdd,f,21,index,True,480519,481308,/,1.2,0.7,1.2,0.7,1,0,2,3,change_ori,/,2,testing
17,zdd,f,21,index,True,485979,486700,z,0.7,0.7,1.2,1.2,2,1,3,0,nochange_ori,z,3,testing
17,zdd,f,21,index,True,491289,492043,z,4.2,1.2,1.2,4.2,1,3,0,2,nochange_col,z,3,testing
17,zdd,f,21,index,True,496798,497723,z,4.2,1.2,4.2,1.2,3,1,2,0,nochange_col,z,3,testing
17,zdd,f,21,index,True,502443,503131,/,2.2,0.7,0.7,2.2,0,2,3,1,change_ori,/,2,testing
17,zdd,f,21,index,True,507786,508412,/,4.2,4.2,1.2,1.2,2,3,0,1,change_col,/,2,testing
17,zdd,f,21,index,True,513128,514077,z,1.2,0.7,1.2,0.7,3,1,0,2,nochange_col,z,3,testing
17,zdd,f,21,index,True,518823,519596,/,1.2,4.2,1.2,4.2,0,1,3,2,change_col,/,3,testing
17,zdd,f,21,index,True,524216,524876,/,2.2,0.7,0.7,2.2,0,3,2,1,change_ori,/,1,testing
17,zdd,f,21,index,True,529509,530333,z,4.2,1.2,1.2,4.2,2,0,3,1,nochange_col,z,1,testing
17,zdd,f,21,index,True,535019,535980,/,0.7,4.2,4.2,0.7,3,1,0,2,change_col,/,0,testing
17,zdd,f,21,index,True,540563,542060,/,2.2,1.2,1.2,2.2,3,1,2,0,change_ori,/,3,testing
17,zdd,f,21,index,True,546774,547980,z,1.2,0.7,0.7,1.2,3,1,0,2,nochange_ori,z,0,testing
17,zdd,f,21,index,True,552735,554844,z,0.7,4.2,4.2,0.7,2,1,3,0,nochange_col,z,0,testing
17,zdd,f,21,index,True,559414,560125,z,4.2,0.7,4.2,0.7,3,1,0,2,nochange_col,z,3,testing
17,zdd,f,21,index,True,564824,565532,/,0.7,4.2,0.7,4.2,0,1,2,3,change_ori,/,1,testing
17,zdd,f,21,index,True,570250,571291,z,4.2,4.2,0.7,0.7,1,2,0,3,nochange_col,z,3,testing
17,zdd,f,21,index,True,575894,577068,z,4.2,4.2,1.2,1.2,3,2,1,0,nochange_ori,z,1,testing
17,zdd,f,21,index,True,581705,583165,z,4.2,4.2,1.2,1.2,0,3,1,2,change_ori,/,2,testing
17,zdd,f,21,index,True,587883,589212,z,2.2,2.2,0.7,0.7,3,1,2,0,nochange_ori,z,3,testing
17,zdd,f,21,index,True,593911,594604,/,2.2,0.7,2.2,0.7,0,3,2,1,change_col,/,0,testing
17,zdd,f,21,index,True,599354,601036,/,4.2,2.2,2.2,4.2,1,0,2,3,change_col,/,1,testing
17,zdd,f,21,index,True,605682,606476,z,2.2,1.2,2.2,1.2,3,2,1,0,nochange_ori,z,2,testing
17,zdd,f,21,index,True,611042,611868,/,0.7,4.2,0.7,4.2,3,2,1,0,change_ori,/,1,testing
17,zdd,f,21,index,True,616452,617644,/,2.2,2.2,0.7,0.7,1,3,0,2,change_ori,/,1,testing
17,zdd,f,21,index,True,622246,623132,z,1.2,0.7,1.2,0.7,2,1,0,3,nochange_ori,z,0,testing
17,zdd,f,21,index,True,630261,631084,z,1.2,1.2,0.7,0.7,3,2,0,1,nochange_ori,z,2,testing
17,zdd,f,21,index,True,635654,636572,z,1.2,0.7,1.2,0.7,3,1,2,0,nochange_ori,z,2,testing
17,zdd,f,21,index,True,641165,642396,/,1.2,2.2,2.2,1.2,0,2,1,3,change_col,/,1,testing
17,zdd,f,21,index,True,647041,647996,z,1.2,2.2,2.2,1.2,2,1,3,0,nochange_col,z,3,testing
17,zdd,f,21,index,True,652685,653500,/,1.2,1.2,0.7,0.7,0,2,3,1,change_ori,/,0,testing
17,zdd,f,21,index,True,658162,658972,/,2.2,2.2,0.7,0.7,3,2,0,1,change_ori,/,0,testing
17,zdd,f,21,index,True,663689,664572,z,4.2,4.2,2.2,2.2,0,2,3,1,nochange_col,z,3,testing
17,zdd,f,21,index,True,669149,669868,z,0.7,2.2,2.2,0.7,0,1,2,3,change_col,/,3,testing
17,zdd,f,21,index,True,674559,675148,z,2.2,4.2,2.2,4.2,2,1,0,3,nochange_col,z,3,testing
17,zdd,f,21,index,True,679852,680716,/,0.7,1.2,1.2,0.7,2,1,3,0,change_col,/,1,testing
17,zdd,f,21,index,True,685279,685932,/,0.7,1.2,0.7,1.2,2,0,3,1,change_col,/,1,testing
17,zdd,f,21,index,True,690504,691196,/,2.2,1.2,1.2,2.2,3,2,0,1,change_ori,/,1,testing
17,zdd,f,21,index,True,695881,696732,/,4.2,4.2,1.2,1.2,1,2,3,0,change_ori,/,0,testing
17,zdd,f,21,index,True,701391,702219,z,0.7,1.2,0.7,1.2,0,3,2,1,nochange_col,z,1,testing
17,zdd,f,21,index,True,706851,707740,z,2.2,1.2,2.2,1.2,1,2,0,3,nochange_ori,z,3,testing
17,zdd,f,21,index,True,712345,713515,/,2.2,1.2,1.2,2.2,0,2,3,1,change_col,/,2,testing
17,zdd,f,21,index,True,718172,718748,z,4.2,2.2,2.2,4.2,3,1,0,2,nochange_ori,z,3,testing
17,zdd,f,21,index,True,723332,723963,z,2.2,0.7,0.7,2.2,2,0,3,1,nochange_ori,z,3,testing
17,zdd,f,21,index,True,728725,729356,z,2.2,2.2,1.2,1.2,0,1,2,3,nochange_col,z,3,testing
17,zdd,f,21,index,True,734051,735019,z,0.7,2.2,0.7,2.2,3,0,1,2,nochange_col,z,1,testing
17,zdd,f,21,index,True,739746,740428,/,1.2,0.7,0.7,1.2,2,1,0,3,change_ori,/,2,testing
17,zdd,f,21,index,True,745055,745916,z,4.2,1.2,4.2,1.2,3,2,0,1,nochange_ori,z,3,testing
17,zdd,f,21,index,True,750649,751868,z,0.7,2.2,2.2,0.7,3,0,1,2,nochange_col,z,0,testing
17,zdd,f,21,index,True,756610,757259,z,2.2,4.2,2.2,4.2,2,3,1,0,nochange_col,z,0,testing
17,zdd,f,21,index,True,761870,762492,/,2.2,4.2,2.2,4.2,1,3,2,0,change_col,/,0,testing
17,zdd,f,21,index,True,767196,767868,/,1.2,1.2,2.2,2.2,3,0,1,2,change_ori,/,1,testing
17,zdd,f,21,index,True,772555,773180,/,1.2,1.2,4.2,4.2,1,2,0,3,change_col,/,2,testing
17,zdd,f,21,index,True,777798,779452,/,1.2,2.2,1.2,2.2,3,2,0,1,change_col,/,0,testing
17,zdd,f,21,index,True,784077,784908,z,2.2,4.2,2.2,4.2,1,0,2,3,nochange_ori,z,0,testing
17,zdd,f,21,index,True,789654,790748,/,2.2,0.7,2.2,0.7,0,2,3,1,change_col,/,0,testing
17,zdd,f,21,index,True,795364,796427,/,4.2,4.2,1.2,1.2,1,0,3,2,change_ori,/,1,testing
17,zdd,f,21,index,True,801108,801963,z,4.2,1.2,1.2,4.2,0,1,3,2,nochange_ori,z,1,testing
17,zdd,f,21,index,True,806685,807467,/,0.7,4.2,0.7,4.2,0,2,1,3,change_ori,/,3,testing
17,zdd,f,21,index,True,812229,813500,/,0.7,0.7,1.2,1.2,1,2,0,3,nochange_col,z,1,testing
17,zdd,f,21,index,True,818139,819452,z,4.2,2.2,4.2,2.2,2,0,3,1,nochange_col,z,2,testing
17,zdd,f,21,index,True,824184,825643,z,2.2,2.2,4.2,4.2,0,1,3,2,nochange_ori,z,2,testing
17,zdd,f,21,index,True,830279,831467,/,4.2,0.7,0.7,4.2,3,1,2,0,change_ori,/,2,testing
17,zdd,f,21,index,True,836123,837019,/,0.7,1.2,1.2,0.7,2,0,3,1,change_col,/,3,testing
17,zdd,f,21,index,True,841683,842556,z,0.7,2.2,2.2,0.7,1,0,3,2,nochange_ori,z,0,testing
17,zdd,f,21,index,True,847259,848763,/,0.7,2.2,2.2,0.7,0,2,3,1,change_ori,/,2,testing
17,zdd,f,21,index,True,853438,854171,z,0.7,0.7,2.2,2.2,2,0,1,3,nochange_ori,z,2,testing
17,zdd,f,21,index,True,858797,860603,z,4.2,0.7,0.7,4.2,0,3,1,2,nochange_ori,z,1,testing
17,zdd,f,21,index,True,865326,866108,z,2.2,2.2,4.2,4.2,1,3,2,0,nochange_col,z,3,testing
17,zdd,f,21,index,True,870836,871532,/,2.2,0.7,0.7,2.2,3,0,1,2,change_col,/,3,testing
17,zdd,f,21,index,True,876129,876748,z,0.7,0.7,4.2,4.2,2,1,3,0,nochange_col,z,1,testing
17,zdd,f,21,index,True,881373,882059,z,1.2,0.7,0.7,1.2,2,1,0,3,nochange_col,z,0,testing
17,zdd,f,21,index,True,886816,887644,/,4.2,4.2,1.2,1.2,2,3,1,0,change_ori,/,1,testing
17,zdd,f,21,index,True,892309,893372,z,0.7,1.2,1.2,0.7,0,1,2,3,nochange_ori,z,0,testing
17,zdd,f,21,index,True,898070,898971,/,2.2,2.2,4.2,4.2,1,2,0,3,change_ori,/,2,testing
17,zdd,f,21,index,True,903596,904443,/,4.2,0.7,0.7,4.2,1,2,0,3,change_ori,/,1,testing
17,zdd,f,21,index,True,909173,910108,z,2.2,0.7,0.7,2.2,3,1,0,2,nochange_ori,z,0,testing
17,zdd,f,21,index,True,914734,915546,z,2.2,1.2,2.2,1.2,1,0,3,2,nochange_col,z,2,testing
17,zdd,f,21,index,True,920161,923148,z,2.2,4.2,2.2,4.2,1,2,0,3,nochange_col,z,1,testing
17,zdd,f,21,index,True,927808,929131,/,1.2,1.2,4.2,4.2,2,1,3,0,change_ori,/,1,testing
17,zdd,f,21,index,True,933902,935595,/,1.2,0.7,1.2,0.7,3,2,0,1,change_col,/,3,testing
17,zdd,f,21,index,True,940347,941019,/,1.2,0.7,0.7,1.2,0,2,3,1,change_ori,/,1,testing
17,zdd,f,21,index,True,945741,946507,/,4.2,0.7,0.7,4.2,2,0,3,1,change_ori,/,1,testing
17,zdd,f,21,index,True,951217,952107,/,2.2,0.7,2.2,0.7,3,2,0,1,change_ori,/,1,testing
17,zdd,f,21,index,True,956844,957580,/,1.2,2.2,1.2,2.2,2,0,3,1,change_ori,/,2,testing
17,zdd,f,21,index,True,962154,963851,z,4.2,1.2,4.2,1.2,1,3,2,0,nochange_ori,z,1,testing
17,zdd,f,21,index,True,968483,969291,z,1.2,0.7,1.2,0.7,0,2,3,1,nochange_ori,z,1,testing
17,zdd,f,21,index,True,974026,974715,z,4.2,2.2,4.2,2.2,0,2,3,1,nochange_col,z,3,testing
17,zdd,f,21,index,True,979352,980076,/,2.2,2.2,4.2,4.2,2,1,3,0,change_col,/,1,testing
17,zdd,f,21,index,True,984762,985355,/,1.2,4.2,4.2,1.2,1,3,0,2,change_col,/,2,testing
17,zdd,f,21,index,True,989939,990555,/,2.2,2.2,4.2,4.2,2,3,0,1,change_col,/,3,testing
17,zdd,f,21,index,True,995298,996091,z,2.2,1.2,2.2,1.2,1,0,2,3,change_col,/,1,testing
17,zdd,f,21,index,True,1000791,1001851,/,0.7,1.2,1.2,0.7,1,0,2,3,change_ori,/,2,testing
17,zdd,f,21,index,True,1006435,1007404,z,4.2,4.2,2.2,2.2,3,0,2,1,nochange_col,z,1,testing
17,zdd,f,21,index,True,1012179,1013467,/,4.2,4.2,1.2,1.2,3,0,2,1,change_col,/,3,testing
17,zdd,f,21,index,True,1018157,1018859,z,1.2,1.2,4.2,4.2,1,3,2,0,nochange_col,z,3,testing
17,zdd,f,21,index,True,1023567,1024603,z,1.2,2.2,2.2,1.2,3,1,2,0,nochange_ori,z,0,testing
17,zdd,f,21,index,True,1029194,1030076,/,4.2,2.2,4.2,2.2,1,3,0,2,change_col,/,2,testing
17,zdd,f,21,index,True,1034687,1035372,z,4.2,4.2,1.2,1.2,1,2,3,0,nochange_ori,z,3,testing
17,zdd,f,21,index,True,1040064,1041355,z,2.2,0.7,2.2,0.7,0,1,3,2,nochange_col,z,1,testing
17,zdd,f,21,index,True,1045942,1046540,z,2.2,4.2,4.2,2.2,3,1,2,0,nochange_ori,z,3,testing
17,zdd,f,21,index,True,1051184,1052347,z,0.7,2.2,2.2,0.7,1,2,3,0,nochange_ori,z,0,testing
17,zdd,f,21,index,True,1056996,1057963,/,4.2,4.2,0.7,0.7,1,0,3,2,change_col,/,1,testing
17,zdd,f,21,index,True,1062623,1063452,/,4.2,0.7,0.7,4.2,2,3,1,0,change_col,/,2,testing
17,zdd,f,21,index,True,1068149,1069019,z,4.2,2.2,2.2,4.2,3,2,0,1,nochange_col,z,1,testing
17,zdd,f,21,index,True,1073659,1074475,/,2.2,0.7,2.2,0.7,1,2,0,3,change_ori,/,2,testing
