subj,name,gender,age,cond,P_resp,P_startTime,P_respTime,P_gotKey,sf1,sf2,sf3,sf4,ord_1,ord_2,ord_3,ord_4,task,correct_key,no_change,mode
18,wjy,m,18,index,True,66670,67689,/,1.2,1.2,2.2,2.2,3,2,0,1,change_ori,/,1,practice
18,wjy,m,18,index,True,72447,73273,z,2.2,2.2,0.7,0.7,2,0,3,1,nochange_col,z,0,practice
18,wjy,m,18,index,True,77990,79081,z,1.2,2.2,2.2,1.2,0,2,1,3,nochange_ori,z,3,practice
18,wjy,m,18,index,True,83751,85913,z,4.2,2.2,2.2,4.2,0,2,3,1,nochange_ori,z,0,practice
18,wjy,m,18,index,True,90647,91384,z,0.7,4.2,4.2,0.7,2,3,0,1,nochange_col,z,0,practice
18,wjy,m,18,index,True,96056,96840,z,0.7,1.2,0.7,1.2,1,3,2,0,nochange_col,z,2,practice
18,wjy,m,18,index,True,101500,102281,/,1.2,2.2,2.2,1.2,3,1,0,2,change_col,/,3,practice
18,wjy,m,18,index,True,106877,107672,z,1.2,4.2,4.2,1.2,2,3,1,0,nochange_col,z,3,practice
18,wjy,m,18,index,True,112320,112873,z,0.7,0.7,2.2,2.2,3,0,2,1,nochange_col,z,1,practice
18,wjy,m,18,index,True,117580,118424,/,0.7,2.2,0.7,2.2,3,1,2,0,change_ori,/,0,practice
18,wjy,m,18,index,True,123006,123913,/,0.7,0.7,2.2,2.2,2,3,1,0,change_col,/,1,practice
18,wjy,m,18,index,True,128483,129417,/,0.7,0.7,2.2,2.2,2,0,1,3,change_col,/,3,practice
18,wjy,m,18,index,True,134160,134825,z,0.7,1.2,1.2,0.7,3,0,2,1,nochange_ori,z,3,practice
18,wjy,m,18,index,True,139436,140297,/,4.2,0.7,0.7,4.2,3,2,1,0,change_ori,/,2,practice
18,wjy,m,18,index,True,144980,147176,z,1.2,1.2,4.2,4.2,3,0,2,1,nochange_ori,z,1,practice
18,wjy,m,18,index,True,151892,152617,/,4.2,4.2,1.2,1.2,1,2,3,0,change_col,/,3,practice
18,wjy,m,18,index,True,157369,157961,/,2.2,2.2,1.2,1.2,1,2,0,3,change_col,/,2,practice
18,wjy,m,18,index,True,162663,163592,/,4.2,2.2,2.2,4.2,1,0,2,3,change_ori,/,1,practice
18,wjy,m,18,index,True,168273,169369,z,4.2,0.7,0.7,4.2,1,0,2,3,nochange_ori,z,0,practice
18,wjy,m,18,index,True,174000,175384,/,0.7,0.7,2.2,2.2,1,0,2,3,change_ori,/,1,practice
18,wjy,m,18,index,True,185004,185768,z,2.2,4.2,2.2,4.2,0,1,3,2,nochange_col,z,3,testing
18,wjy,m,18,index,True,190480,191209,z,0.7,2.2,0.7,2.2,2,0,3,1,nochange_ori,z,1,testing
18,wjy,m,18,index,True,195923,196631,z,0.7,4.2,0.7,4.2,2,0,3,1,nochange_ori,z,2,testing
18,wjy,m,18,index,True,201383,202215,z,4.2,0.7,4.2,0.7,0,3,2,1,nochange_col,z,3,testing
18,wjy,m,18,index,True,206860,207592,z,1.2,4.2,1.2,4.2,2,3,1,0,nochange_ori,z,2,testing
18,wjy,m,18,index,True,212270,212968,z,4.2,1.2,1.2,4.2,2,3,1,0,nochange_col,z,0,testing
18,wjy,m,18,index,True,217647,220136,/,4.2,0.7,4.2,0.7,3,1,2,0,change_ori,/,2,testing
18,wjy,m,18,index,True,224860,225720,z,0.7,0.7,4.2,4.2,2,1,3,0,nochange_col,z,1,testing
18,wjy,m,18,index,True,230303,231048,z,2.2,1.2,1.2,2.2,2,3,1,0,nochange_col,z,1,testing
18,wjy,m,18,index,True,235763,236616,z,0.7,4.2,4.2,0.7,1,2,0,3,nochange_ori,z,3,testing
18,wjy,m,18,index,True,241307,241993,/,2.2,1.2,2.2,1.2,3,1,2,0,change_col,/,2,testing
18,wjy,m,18,index,True,246617,247463,/,4.2,0.7,0.7,4.2,2,1,3,0,change_col,/,1,testing
18,wjy,m,18,index,True,252143,253016,z,4.2,0.7,4.2,0.7,0,2,3,1,nochange_col,z,2,testing
18,wjy,m,18,index,True,257671,260008,z,2.2,1.2,2.2,1.2,3,1,2,0,nochange_ori,z,2,testing
18,wjy,m,18,index,True,264700,266008,/,0.7,4.2,4.2,0.7,1,3,2,0,change_ori,/,3,testing
18,wjy,m,18,index,True,270727,271976,/,0.7,1.2,0.7,1.2,0,3,2,1,change_ori,/,1,testing
18,wjy,m,18,index,True,276539,277913,/,2.2,0.7,0.7,2.2,1,3,0,2,change_ori,/,1,testing
18,wjy,m,18,index,True,282516,283192,/,1.2,0.7,1.2,0.7,1,2,0,3,change_col,/,2,testing
18,wjy,m,18,index,True,287759,288921,/,0.7,1.2,0.7,1.2,0,3,2,1,change_ori,/,2,testing
18,wjy,m,18,index,True,293570,294855,z,0.7,1.2,1.2,0.7,2,1,3,0,nochange_ori,z,1,testing
18,wjy,m,18,index,True,299480,300200,z,4.2,1.2,1.2,4.2,3,1,0,2,nochange_col,z,2,testing
18,wjy,m,18,index,True,304874,305736,z,4.2,2.2,4.2,2.2,2,1,3,0,nochange_ori,z,2,testing
18,wjy,m,18,index,True,310501,311160,z,1.2,4.2,1.2,4.2,1,2,3,0,nochange_col,z,0,testing
18,wjy,m,18,index,True,315827,316680,/,2.2,2.2,4.2,4.2,2,3,1,0,change_ori,/,0,testing
18,wjy,m,18,index,True,321321,322056,/,0.7,2.2,0.7,2.2,1,3,2,0,nochange_col,z,2,testing
18,wjy,m,18,index,True,326664,329112,/,0.7,2.2,2.2,0.7,3,1,0,2,change_ori,/,3,testing
18,wjy,m,18,index,True,333676,335096,/,2.2,2.2,4.2,4.2,2,3,1,0,change_ori,/,0,testing
18,wjy,m,18,index,True,339855,340440,/,0.7,1.2,0.7,1.2,3,1,0,2,change_col,/,2,testing
18,wjy,m,18,index,True,345165,346072,/,0.7,1.2,1.2,0.7,2,3,0,1,change_ori,/,0,testing
18,wjy,m,18,index,True,350691,351319,/,1.2,1.2,2.2,2.2,1,0,3,2,change_col,/,1,testing
18,wjy,m,18,index,True,356051,356664,/,4.2,0.7,4.2,0.7,0,3,1,2,change_col,/,0,testing
18,wjy,m,18,index,True,361344,362120,/,2.2,2.2,4.2,4.2,0,3,1,2,change_col,/,2,testing
18,wjy,m,18,index,True,366804,367832,/,2.2,4.2,4.2,2.2,1,3,0,2,change_ori,/,2,testing
18,wjy,m,18,index,True,372431,373655,z,4.2,2.2,2.2,4.2,1,3,2,0,nochange_ori,z,2,testing
18,wjy,m,18,index,True,378392,379160,/,1.2,4.2,4.2,1.2,3,1,2,0,change_col,/,3,testing
18,wjy,m,18,index,True,383902,384808,/,0.7,4.2,0.7,4.2,2,3,1,0,change_ori,/,0,testing
18,wjy,m,18,index,True,389463,391031,z,4.2,2.2,4.2,2.2,0,3,2,1,nochange_ori,z,2,testing
18,wjy,m,18,index,True,395741,396408,z,2.2,2.2,1.2,1.2,3,2,0,1,nochange_col,z,1,testing
18,wjy,m,18,index,True,401001,401672,/,1.2,0.7,1.2,0.7,3,2,1,0,change_col,/,3,testing
18,wjy,m,18,index,True,406411,407431,/,4.2,4.2,2.2,2.2,2,1,3,0,change_col,/,1,testing
18,wjy,m,18,index,True,412054,412712,/,1.2,2.2,2.2,1.2,2,1,0,3,change_col,/,2,testing
18,wjy,m,18,index,True,417414,418296,/,4.2,4.2,0.7,0.7,0,1,3,2,change_col,/,0,testing
18,wjy,m,18,index,True,423057,424680,/,2.2,0.7,2.2,0.7,0,3,2,1,change_col,/,2,testing
18,wjy,m,18,index,True,429336,430007,/,4.2,2.2,4.2,2.2,3,0,2,1,change_col,/,2,testing
18,wjy,m,18,index,True,434629,435608,/,0.7,0.7,1.2,1.2,3,0,2,1,change_ori,/,0,testing
18,wjy,m,18,index,True,440290,440920,/,1.2,2.2,1.2,2.2,3,1,2,0,change_col,/,2,testing
18,wjy,m,18,index,True,445616,446423,z,0.7,0.7,2.2,2.2,0,1,2,3,nochange_col,z,1,testing
18,wjy,m,18,index,True,451059,451831,/,1.2,4.2,1.2,4.2,2,3,0,1,change_ori,/,0,testing
18,wjy,m,18,index,True,456569,457416,z,4.2,0.7,4.2,0.7,3,2,0,1,nochange_ori,z,1,testing
18,wjy,m,18,index,True,461996,462728,z,1.2,0.7,1.2,0.7,2,0,1,3,nochange_col,z,1,testing
18,wjy,m,18,index,True,467472,468232,z,1.2,4.2,4.2,1.2,0,3,2,1,nochange_col,z,2,testing
18,wjy,m,18,index,True,472833,474039,/,2.2,0.7,2.2,0.7,2,0,3,1,nochange_ori,z,2,testing
18,wjy,m,18,index,True,478676,479416,z,4.2,1.2,4.2,1.2,1,3,0,2,nochange_col,z,3,testing
18,wjy,m,18,index,True,484153,485079,z,2.2,1.2,2.2,1.2,0,1,3,2,nochange_ori,z,3,testing
18,wjy,m,18,index,True,489730,490184,/,4.2,1.2,1.2,4.2,2,0,3,1,change_col,/,2,testing
18,wjy,m,18,index,True,494823,495768,z,0.7,4.2,0.7,4.2,3,2,0,1,nochange_ori,z,1,testing
18,wjy,m,18,index,True,500500,501336,z,2.2,2.2,4.2,4.2,0,2,3,1,change_ori,/,3,testing
18,wjy,m,18,index,True,506077,506872,z,0.7,2.2,0.7,2.2,0,1,2,3,nochange_col,z,2,testing
18,wjy,m,18,index,True,511437,512023,z,2.2,4.2,2.2,4.2,3,0,1,2,nochange_col,z,1,testing
18,wjy,m,18,index,True,516747,518024,/,4.2,2.2,4.2,2.2,2,0,3,1,change_col,/,0,testing
18,wjy,m,18,index,True,522757,523399,/,0.7,0.7,1.2,1.2,3,0,1,2,change_col,/,3,testing
18,wjy,m,18,index,True,528067,535672,/,0.7,0.7,4.2,4.2,3,2,0,1,change_ori,/,3,testing
18,wjy,m,18,index,True,540323,541047,/,2.2,0.7,2.2,0.7,1,2,0,3,change_ori,/,2,testing
18,wjy,m,18,index,True,545766,546664,z,2.2,2.2,1.2,1.2,2,0,1,3,nochange_ori,z,3,testing
18,wjy,m,18,index,True,551277,553143,/,1.2,2.2,2.2,1.2,1,3,2,0,change_ori,/,1,testing
18,wjy,m,18,index,True,557872,559496,/,0.7,4.2,0.7,4.2,2,3,1,0,change_ori,/,1,testing
18,wjy,m,18,index,True,564100,565175,z,2.2,2.2,4.2,4.2,2,0,3,1,nochange_col,z,0,testing
18,wjy,m,18,index,True,569760,570712,z,2.2,1.2,2.2,1.2,2,1,0,3,nochange_ori,z,1,testing
18,wjy,m,18,index,True,575455,577655,z,4.2,0.7,4.2,0.7,0,2,3,1,nochange_ori,z,1,testing
18,wjy,m,18,index,True,582350,583752,/,0.7,1.2,0.7,1.2,0,1,3,2,change_ori,/,1,testing
18,wjy,m,18,index,True,588478,589255,/,1.2,2.2,2.2,1.2,3,0,2,1,change_col,/,3,testing
18,wjy,m,18,index,True,593922,597015,/,4.2,4.2,1.2,1.2,1,0,3,2,nochange_ori,z,2,testing
18,wjy,m,18,index,True,601686,602471,z,4.2,4.2,1.2,1.2,3,2,1,0,nochange_ori,z,2,testing
18,wjy,m,18,index,True,607213,608135,/,4.2,4.2,0.7,0.7,3,1,2,0,change_ori,/,1,testing
18,wjy,m,18,index,True,612790,613672,/,4.2,0.7,0.7,4.2,2,1,0,3,nochange_ori,z,2,testing
18,wjy,m,18,index,True,618299,619128,z,2.2,1.2,1.2,2.2,0,3,1,2,nochange_col,z,2,testing
18,wjy,m,18,index,True,623860,625031,/,1.2,2.2,2.2,1.2,1,0,2,3,change_col,/,1,testing
18,wjy,m,18,index,True,629604,630775,z,1.2,2.2,1.2,2.2,1,3,2,0,nochange_col,z,3,testing
18,wjy,m,18,index,True,635381,636279,z,4.2,4.2,1.2,1.2,2,0,3,1,nochange_col,z,1,testing
18,wjy,m,18,index,True,640959,641624,z,4.2,0.7,0.7,4.2,1,3,2,0,nochange_ori,z,1,testing
18,wjy,m,18,index,True,664168,665208,z,1.2,4.2,4.2,1.2,3,2,1,0,nochange_ori,z,3,testing
18,wjy,m,18,index,True,669962,671095,/,0.7,0.7,2.2,2.2,0,3,1,2,change_col,/,1,testing
18,wjy,m,18,index,True,675706,677128,z,0.7,4.2,0.7,4.2,2,1,0,3,nochange_ori,z,1,testing
18,wjy,m,18,index,True,681750,682519,z,4.2,2.2,2.2,4.2,3,1,2,0,nochange_col,z,2,testing
18,wjy,m,18,index,True,687143,687719,z,4.2,4.2,2.2,2.2,3,0,2,1,nochange_col,z,1,testing
18,wjy,m,18,index,True,692302,692887,z,2.2,1.2,2.2,1.2,2,1,0,3,nochange_col,z,2,testing
18,wjy,m,18,index,True,697546,698839,/,4.2,4.2,0.7,0.7,2,0,3,1,nochange_col,z,0,testing
18,wjy,m,18,index,True,703556,704343,/,4.2,2.2,4.2,2.2,2,0,1,3,change_col,/,1,testing
18,wjy,m,18,index,True,709016,709927,/,0.7,0.7,1.2,1.2,1,0,2,3,change_ori,/,2,testing
18,wjy,m,18,index,True,714577,715319,/,0.7,1.2,0.7,1.2,1,3,2,0,change_col,/,1,testing
18,wjy,m,18,index,True,719903,720951,z,4.2,0.7,4.2,0.7,1,0,2,3,nochange_col,z,3,testing
18,wjy,m,18,index,True,725680,726487,z,2.2,2.2,0.7,0.7,2,0,1,3,nochange_ori,z,3,testing
18,wjy,m,18,index,True,731224,731975,z,1.2,1.2,4.2,4.2,2,0,1,3,nochange_col,z,2,testing
18,wjy,m,18,index,True,736684,737495,/,1.2,0.7,0.7,1.2,0,1,3,2,change_col,/,1,testing
18,wjy,m,18,index,True,742211,742871,/,0.7,2.2,0.7,2.2,3,2,1,0,change_col,/,2,testing
18,wjy,m,18,index,True,747571,748727,/,0.7,0.7,1.2,1.2,0,1,3,2,change_ori,/,2,testing
18,wjy,m,18,index,True,753348,754247,z,2.2,2.2,4.2,4.2,2,1,3,0,nochange_ori,z,1,testing
18,wjy,m,18,index,True,758992,760487,/,0.7,1.2,0.7,1.2,2,3,1,0,change_ori,/,0,testing
18,wjy,m,18,index,True,765237,766023,/,2.2,0.7,0.7,2.2,1,0,3,2,change_col,/,1,testing
18,wjy,m,18,index,True,770747,771671,/,1.2,4.2,1.2,4.2,0,1,3,2,change_ori,/,2,testing
18,wjy,m,18,index,True,776256,777671,/,2.2,4.2,2.2,4.2,0,2,3,1,change_ori,/,1,testing
18,wjy,m,18,index,True,782234,783175,z,0.7,1.2,1.2,0.7,0,1,2,3,nochange_ori,z,3,testing
18,wjy,m,18,index,True,787828,789943,/,0.7,0.7,1.2,1.2,0,3,1,2,change_ori,/,1,testing
18,wjy,m,18,index,True,794708,795559,z,4.2,0.7,4.2,0.7,3,0,1,2,nochange_ori,z,1,testing
18,wjy,m,18,index,True,800285,800967,z,2.2,2.2,4.2,4.2,0,3,2,1,nochange_col,z,0,testing
18,wjy,m,18,index,True,805544,806487,/,0.7,1.2,1.2,0.7,0,1,3,2,change_ori,/,1,testing
18,wjy,m,18,index,True,811071,811606,/,2.2,4.2,4.2,2.2,0,3,1,2,change_col,/,1,testing
18,wjy,m,18,index,True,816364,817351,z,4.2,1.2,1.2,4.2,0,1,3,2,nochange_col,z,3,testing
18,wjy,m,18,index,True,821958,822743,z,0.7,0.7,4.2,4.2,0,1,3,2,nochange_col,z,2,testing
18,wjy,m,18,index,True,827334,828214,/,2.2,2.2,1.2,1.2,0,2,3,1,change_ori,/,2,testing
18,wjy,m,18,index,True,832844,833431,z,4.2,2.2,2.2,4.2,0,2,1,3,nochange_col,z,1,testing
18,wjy,m,18,index,True,838020,839239,z,0.7,0.7,2.2,2.2,2,1,0,3,nochange_col,z,1,testing
18,wjy,m,18,index,True,843981,846054,z,4.2,4.2,1.2,1.2,2,1,3,0,change_col,/,2,testing
18,wjy,m,18,index,True,850760,851671,/,1.2,2.2,1.2,2.2,0,2,3,1,change_ori,/,2,testing
18,wjy,m,18,index,True,856321,857895,/,1.2,0.7,1.2,0.7,0,2,1,3,change_col,/,2,testing
18,wjy,m,18,index,True,862532,863382,/,2.2,2.2,4.2,4.2,0,1,3,2,change_ori,/,0,testing
18,wjy,m,18,index,True,868059,868775,z,4.2,0.7,4.2,0.7,3,1,0,2,nochange_col,z,3,testing
18,wjy,m,18,index,True,873435,874214,/,1.2,4.2,1.2,4.2,3,0,1,2,nochange_ori,z,2,testing
18,wjy,m,18,index,True,878812,879527,/,2.2,0.7,0.7,2.2,3,2,0,1,change_col,/,1,testing
18,wjy,m,18,index,True,884206,885094,/,0.7,4.2,4.2,0.7,3,1,2,0,change_ori,/,0,testing
18,wjy,m,18,index,True,889765,890390,/,0.7,0.7,4.2,4.2,1,0,2,3,change_col,/,0,testing
18,wjy,m,18,index,True,894959,895671,z,0.7,2.2,2.2,0.7,0,3,1,2,nochange_col,z,0,testing
18,wjy,m,18,index,True,900402,901271,z,1.2,0.7,0.7,1.2,1,0,3,2,change_ori,/,1,testing
18,wjy,m,18,index,True,905978,907670,/,1.2,2.2,2.2,1.2,0,2,3,1,change_col,/,2,testing
18,wjy,m,18,index,True,912407,913991,/,0.7,1.2,0.7,1.2,2,1,3,0,change_col,/,1,testing
18,wjy,m,18,index,True,918652,919478,/,2.2,0.7,2.2,0.7,0,1,3,2,change_ori,/,0,testing
18,wjy,m,18,index,True,924178,924854,/,4.2,1.2,4.2,1.2,0,1,3,2,change_ori,/,0,testing
18,wjy,m,18,index,True,929522,930583,/,2.2,0.7,2.2,0.7,1,0,3,2,change_ori,/,3,testing
18,wjy,m,18,index,True,935249,936006,z,0.7,2.2,0.7,2.2,1,0,3,2,nochange_col,z,0,testing
18,wjy,m,18,index,True,940626,941495,z,2.2,1.2,1.2,2.2,2,3,1,0,nochange_ori,z,1,testing
18,wjy,m,18,index,True,946170,947287,/,4.2,4.2,1.2,1.2,3,0,2,1,change_col,/,0,testing
18,wjy,m,18,index,True,951913,952742,z,1.2,1.2,2.2,2.2,3,0,1,2,nochange_ori,z,1,testing
18,wjy,m,18,index,True,957440,958630,/,0.7,0.7,2.2,2.2,1,3,0,2,change_ori,/,1,testing
18,wjy,m,18,index,True,963284,964358,/,2.2,4.2,2.2,4.2,2,1,0,3,change_col,/,2,testing
18,wjy,m,18,index,True,968961,969879,/,0.7,0.7,2.2,2.2,1,3,2,0,change_ori,/,2,testing
18,wjy,m,18,index,True,974554,975430,z,2.2,4.2,4.2,2.2,3,0,2,1,nochange_ori,z,2,testing
18,wjy,m,18,index,True,980181,981398,z,0.7,1.2,0.7,1.2,1,0,2,3,nochange_ori,z,2,testing
18,wjy,m,18,index,True,986159,986982,z,1.2,2.2,2.2,1.2,3,0,1,2,nochange_ori,z,0,testing
18,wjy,m,18,index,True,991719,992630,z,2.2,1.2,2.2,1.2,2,0,3,1,nochange_col,z,3,testing
18,wjy,m,18,index,True,997330,998006,z,4.2,4.2,0.7,0.7,0,2,1,3,nochange_col,z,2,testing
18,wjy,m,18,index,True,1002639,1003766,/,4.2,1.2,4.2,1.2,3,2,1,0,change_col,/,0,testing
18,wjy,m,18,index,True,1008334,1009558,z,4.2,2.2,2.2,4.2,3,2,0,1,nochange_ori,z,2,testing
18,wjy,m,18,index,True,1014194,1015062,z,1.2,0.7,0.7,1.2,3,0,2,1,nochange_col,z,0,testing
18,wjy,m,18,index,True,1019788,1020470,/,1.2,1.2,0.7,0.7,3,0,1,2,change_col,/,0,testing
18,wjy,m,18,index,True,1025114,1025846,z,0.7,1.2,1.2,0.7,1,2,0,3,nochange_col,z,1,testing
18,wjy,m,18,index,True,1030591,1036743,z,2.2,0.7,2.2,0.7,0,3,2,1,nochange_ori,z,0,testing
18,wjy,m,18,index,True,1041361,1042262,z,0.7,4.2,0.7,4.2,1,2,0,3,nochange_ori,z,2,testing
18,wjy,m,18,index,True,1046938,1047446,/,4.2,2.2,4.2,2.2,2,1,0,3,change_col,/,3,testing
18,wjy,m,18,index,True,1052147,1052999,z,4.2,1.2,4.2,1.2,3,0,2,1,nochange_ori,z,0,testing
18,wjy,m,18,index,True,1057774,1058886,/,0.7,0.7,1.2,1.2,1,0,3,2,change_ori,/,2,testing
18,wjy,m,18,index,True,1063619,1064486,z,2.2,4.2,4.2,2.2,3,0,1,2,nochange_ori,z,0,testing
18,wjy,m,18,index,True,1069212,1070247,/,1.2,1.2,0.7,0.7,3,0,2,1,change_ori,/,2,testing
18,wjy,m,18,index,True,1074972,1076053,z,1.2,1.2,4.2,4.2,3,2,1,0,nochange_ori,z,3,testing
18,wjy,m,18,index,True,1080650,1087782,/,4.2,2.2,4.2,2.2,1,0,2,3,nochange_ori,z,1,testing
18,wjy,m,18,index,True,1092488,1093318,/,1.2,1.2,0.7,0.7,0,3,2,1,change_col,/,1,testing
18,wjy,m,18,index,True,1098065,1098982,z,2.2,1.2,2.2,1.2,0,2,3,1,nochange_col,z,0,testing
18,wjy,m,18,index,True,1103675,1104549,z,1.2,1.2,0.7,0.7,2,1,3,0,nochange_col,z,0,testing
18,wjy,m,18,index,True,1109152,1112757,/,0.7,0.7,4.2,4.2,1,0,3,2,change_col,/,2,testing
18,wjy,m,18,index,True,1117467,1118134,/,2.2,2.2,4.2,4.2,0,2,1,3,change_ori,/,1,testing
18,wjy,m,18,index,True,1122827,1124630,/,0.7,4.2,4.2,0.7,0,3,1,2,nochange_ori,z,1,testing
