subj,name,gender,age,cond,P_resp,P_startTime,P_respTime,P_gotKey,sf1,sf2,sf3,sf4,ord_1,ord_2,ord_3,ord_4,task,correct_key,no_change,mode
18,wjy,m,18,noindex,True,176469,179330,/,4.2,2.2,1.2,0.7,2,0,3,1,nochange_col,z,1,practice
18,wjy,m,18,noindex,True,183900,185874,/,4.2,1.2,2.2,0.7,2,3,1,0,change_col,/,1,practice
18,wjy,m,18,noindex,True,190511,191843,/,1.2,2.2,0.7,4.2,0,3,2,1,change_col,/,2,practice
18,wjy,m,18,noindex,True,196590,198130,z,0.7,1.2,2.2,4.2,1,3,2,0,nochange_col,z,1,practice
18,wjy,m,18,noindex,True,202802,204082,z,0.7,4.2,1.2,2.2,3,1,2,0,nochange_ori,z,2,practice
18,wjy,m,18,noindex,True,208796,210467,z,1.2,2.2,4.2,0.7,0,2,1,3,change_ori,/,3,practice
18,wjy,m,18,noindex,True,215074,216082,/,0.7,1.2,2.2,4.2,0,1,3,2,change_col,/,2,practice
18,wjy,m,18,noindex,True,220817,223330,z,2.2,1.2,4.2,0.7,1,0,2,3,change_ori,/,1,practice
18,wjy,m,18,noindex,True,227947,229506,z,4.2,2.2,1.2,0.7,0,3,1,2,nochange_ori,z,1,practice
18,wjy,m,18,noindex,True,234192,235170,/,4.2,1.2,2.2,0.7,1,0,3,2,change_col,/,2,practice
18,wjy,m,18,noindex,True,239819,240882,z,0.7,4.2,2.2,1.2,2,3,0,1,nochange_col,z,2,practice
18,wjy,m,18,noindex,True,245613,246530,/,0.7,2.2,4.2,1.2,2,0,1,3,change_col,/,1,practice
18,wjy,m,18,noindex,True,251257,252882,z,0.7,2.2,1.2,4.2,3,2,0,1,nochange_col,z,2,practice
18,wjy,m,18,noindex,True,257518,258530,/,2.2,0.7,1.2,4.2,0,1,2,3,change_ori,/,1,practice
18,wjy,m,18,noindex,True,263095,264386,z,2.2,0.7,4.2,1.2,3,1,2,0,nochange_col,z,3,practice
18,wjy,m,18,noindex,True,269023,270066,z,1.2,2.2,0.7,4.2,2,3,0,1,nochange_ori,z,3,practice
18,wjy,m,18,noindex,True,274733,276449,z,1.2,0.7,2.2,4.2,2,1,3,0,nochange_ori,z,1,practice
18,wjy,m,18,noindex,True,281079,282258,/,0.7,4.2,1.2,2.2,1,3,2,0,change_ori,/,2,practice
18,wjy,m,18,noindex,True,286972,288258,/,0.7,2.2,1.2,4.2,1,3,2,0,change_ori,/,0,practice
18,wjy,m,18,noindex,True,293017,294114,z,0.7,2.2,4.2,1.2,3,1,2,0,nochange_ori,z,1,practice
18,wjy,m,18,noindex,True,325510,326418,/,2.2,1.2,4.2,0.7,0,1,3,2,change_col,/,1,testing
18,wjy,m,18,noindex,True,331087,332066,z,1.2,0.7,2.2,4.2,2,1,3,0,nochange_ori,z,1,testing
18,wjy,m,18,noindex,True,336664,338433,z,0.7,2.2,1.2,4.2,0,2,1,3,nochange_ori,z,2,testing
18,wjy,m,18,noindex,True,343025,344385,/,1.2,2.2,4.2,0.7,1,2,3,0,change_ori,/,3,testing
18,wjy,m,18,noindex,True,349103,350050,z,2.2,1.2,4.2,0.7,1,3,0,2,nochange_col,z,1,testing
18,wjy,m,18,noindex,True,354763,355490,z,1.2,4.2,2.2,0.7,0,3,2,1,nochange_col,z,1,testing
18,wjy,m,18,noindex,True,360074,360769,z,1.2,0.7,4.2,2.2,1,2,3,0,nochange_col,z,2,testing
18,wjy,m,18,noindex,True,365384,366914,/,1.2,4.2,0.7,2.2,1,0,3,2,change_ori,/,1,testing
18,wjy,m,18,noindex,True,371511,372290,/,1.2,0.7,4.2,2.2,1,2,3,0,change_col,/,2,testing
18,wjy,m,18,noindex,True,376938,378162,z,0.7,1.2,2.2,4.2,1,0,2,3,nochange_ori,z,2,testing
18,wjy,m,18,noindex,True,382916,384433,z,2.2,4.2,0.7,1.2,1,3,2,0,nochange_ori,z,0,testing
18,wjy,m,18,noindex,True,389177,391761,/,0.7,1.2,2.2,4.2,1,2,0,3,nochange_col,z,3,testing
18,wjy,m,18,noindex,True,396324,397330,z,0.7,2.2,4.2,1.2,3,2,1,0,nochange_ori,z,0,testing
18,wjy,m,18,noindex,True,401984,402849,z,2.2,0.7,4.2,1.2,2,1,3,0,nochange_col,z,0,testing
18,wjy,m,18,noindex,True,407461,408418,z,1.2,2.2,0.7,4.2,3,2,1,0,nochange_col,z,3,testing
18,wjy,m,18,noindex,True,413054,413922,z,4.2,2.2,1.2,0.7,3,2,0,1,nochange_ori,z,1,testing
18,wjy,m,18,noindex,True,418514,420145,z,2.2,4.2,0.7,1.2,0,3,1,2,change_ori,/,2,testing
18,wjy,m,18,noindex,True,424809,426210,/,0.7,2.2,1.2,4.2,2,1,3,0,change_ori,/,0,testing
18,wjy,m,18,noindex,True,430954,432481,/,4.2,1.2,2.2,0.7,2,0,3,1,change_col,/,1,testing
18,wjy,m,18,noindex,True,437232,439154,/,1.2,4.2,2.2,0.7,3,1,0,2,change_ori,/,2,testing
18,wjy,m,18,noindex,True,443744,444530,z,1.2,0.7,2.2,4.2,2,0,3,1,nochange_col,z,2,testing
18,wjy,m,18,noindex,True,449255,450113,/,0.7,4.2,1.2,2.2,0,3,2,1,change_col,/,3,testing
18,wjy,m,18,noindex,True,454831,455777,z,1.2,0.7,2.2,4.2,0,1,3,2,nochange_col,z,2,testing
18,wjy,m,18,noindex,True,460525,463170,z,0.7,2.2,4.2,1.2,0,1,3,2,nochange_ori,z,3,testing
18,wjy,m,18,noindex,True,467755,469666,z,2.2,4.2,1.2,0.7,2,3,1,0,nochange_col,z,1,testing
18,wjy,m,18,noindex,True,474250,474914,z,2.2,4.2,0.7,1.2,2,3,0,1,nochange_ori,z,0,testing
18,wjy,m,18,noindex,True,479660,480177,/,1.2,2.2,4.2,0.7,1,3,2,0,change_col,/,1,testing
18,wjy,m,18,noindex,True,484886,485873,/,4.2,0.7,1.2,2.2,3,0,1,2,nochange_ori,z,2,testing
18,wjy,m,18,noindex,True,490447,490945,/,1.2,2.2,0.7,4.2,0,3,2,1,change_col,/,1,testing
18,wjy,m,18,noindex,True,495540,496529,z,2.2,4.2,0.7,1.2,2,3,1,0,nochange_col,z,0,testing
18,wjy,m,18,noindex,True,501283,503265,z,0.7,2.2,4.2,1.2,3,2,1,0,nochange_ori,z,0,testing
18,wjy,m,18,noindex,True,507845,509170,z,1.2,4.2,0.7,2.2,1,3,0,2,nochange_ori,z,2,testing
18,wjy,m,18,noindex,True,513924,514626,/,2.2,4.2,0.7,1.2,3,0,1,2,change_col,/,1,testing
18,wjy,m,18,noindex,True,519349,520577,z,2.2,0.7,1.2,4.2,0,2,3,1,nochange_col,z,2,testing
18,wjy,m,18,noindex,True,525194,527249,z,1.2,4.2,2.2,0.7,1,2,0,3,nochange_ori,z,1,testing
18,wjy,m,18,noindex,True,531906,533649,/,2.2,0.7,1.2,4.2,3,1,2,0,change_ori,/,0,testing
18,wjy,m,18,noindex,True,538234,539313,z,2.2,4.2,1.2,0.7,3,1,2,0,nochange_ori,z,0,testing
18,wjy,m,18,noindex,True,543945,545281,/,0.7,2.2,1.2,4.2,3,1,0,2,change_ori,/,0,testing
18,wjy,m,18,noindex,True,549956,550929,z,0.7,2.2,4.2,1.2,2,3,1,0,nochange_col,z,2,testing
18,wjy,m,18,noindex,True,555650,556834,z,1.2,0.7,2.2,4.2,2,0,1,3,nochange_col,z,3,testing
18,wjy,m,18,noindex,True,561560,562561,z,4.2,1.2,2.2,0.7,0,1,3,2,nochange_ori,z,3,testing
18,wjy,m,18,noindex,True,567255,568193,/,2.2,0.7,1.2,4.2,2,1,0,3,change_col,/,1,testing
18,wjy,m,18,noindex,True,572781,573361,/,0.7,2.2,4.2,1.2,1,2,0,3,change_col,/,1,testing
18,wjy,m,18,noindex,True,578074,579873,/,2.2,4.2,0.7,1.2,1,0,2,3,change_ori,/,3,testing
18,wjy,m,18,noindex,True,584620,585489,/,1.2,4.2,0.7,2.2,3,0,2,1,change_col,/,2,testing
18,wjy,m,18,noindex,True,590230,591378,z,2.2,0.7,4.2,1.2,3,2,0,1,nochange_ori,z,3,testing
18,wjy,m,18,noindex,True,596074,596785,z,2.2,0.7,4.2,1.2,1,2,0,3,nochange_ori,z,1,testing
18,wjy,m,18,noindex,True,601434,602321,z,2.2,1.2,4.2,0.7,3,0,2,1,nochange_col,z,2,testing
18,wjy,m,18,noindex,True,606911,607665,/,1.2,4.2,0.7,2.2,1,2,0,3,change_col,/,3,testing
18,wjy,m,18,noindex,True,612354,613169,z,2.2,4.2,0.7,1.2,1,0,2,3,nochange_col,z,0,testing
18,wjy,m,18,noindex,True,617798,619281,z,4.2,1.2,0.7,2.2,1,2,0,3,nochange_col,z,3,testing
18,wjy,m,18,noindex,True,623876,624337,/,4.2,1.2,0.7,2.2,1,2,3,0,change_col,/,3,testing
18,wjy,m,18,noindex,True,628918,630385,z,2.2,1.2,0.7,4.2,1,3,0,2,nochange_col,z,3,testing
18,wjy,m,18,noindex,True,634996,636594,z,4.2,1.2,2.2,0.7,2,3,1,0,nochange_ori,z,2,testing
18,wjy,m,18,noindex,True,641174,641857,/,4.2,0.7,2.2,1.2,1,0,2,3,change_col,/,1,testing
18,wjy,m,18,noindex,True,646617,647857,z,1.2,2.2,4.2,0.7,0,1,2,3,change_ori,/,0,testing
18,wjy,m,18,noindex,True,652478,653249,z,2.2,4.2,1.2,0.7,3,1,0,2,change_ori,/,0,testing
18,wjy,m,18,noindex,True,657971,659457,/,4.2,1.2,2.2,0.7,2,3,0,1,change_ori,/,0,testing
18,wjy,m,18,noindex,True,664066,665089,/,0.7,1.2,2.2,4.2,1,2,3,0,change_ori,/,1,testing
18,wjy,m,18,noindex,True,669826,670497,/,0.7,1.2,4.2,2.2,1,3,0,2,change_col,/,0,testing
18,wjy,m,18,noindex,True,675102,675777,/,2.2,4.2,1.2,0.7,0,1,2,3,change_col,/,0,testing
18,wjy,m,18,noindex,True,680446,682977,z,0.7,1.2,4.2,2.2,0,2,3,1,change_ori,/,0,testing
18,wjy,m,18,noindex,True,687642,688657,z,4.2,0.7,1.2,2.2,0,1,3,2,nochange_col,z,2,testing
18,wjy,m,18,noindex,True,693403,694337,z,0.7,2.2,1.2,4.2,1,0,3,2,change_col,/,1,testing
18,wjy,m,18,noindex,True,699080,699793,z,0.7,2.2,4.2,1.2,3,2,0,1,change_ori,/,2,testing
18,wjy,m,18,noindex,True,704523,705201,/,2.2,1.2,4.2,0.7,0,2,1,3,change_ori,/,3,testing
18,wjy,m,18,noindex,True,709867,710881,z,2.2,4.2,0.7,1.2,0,1,2,3,nochange_ori,z,1,testing
18,wjy,m,18,noindex,True,715494,716593,/,1.2,4.2,2.2,0.7,2,0,3,1,change_ori,/,1,testing
18,wjy,m,18,noindex,True,721338,723377,/,0.7,2.2,1.2,4.2,1,3,0,2,change_ori,/,3,testing
18,wjy,m,18,noindex,True,728084,728720,/,0.7,4.2,1.2,2.2,2,1,3,0,change_col,/,3,testing
18,wjy,m,18,noindex,True,733309,734417,/,2.2,1.2,4.2,0.7,3,0,1,2,change_ori,/,1,testing
18,wjy,m,18,noindex,True,739137,740257,z,0.7,4.2,2.2,1.2,0,1,3,2,nochange_ori,z,1,testing
18,wjy,m,18,noindex,True,744881,745825,z,0.7,4.2,1.2,2.2,1,2,0,3,nochange_col,z,1,testing
18,wjy,m,18,noindex,True,750474,751217,/,1.2,4.2,0.7,2.2,0,3,1,2,change_col,/,2,testing
18,wjy,m,18,noindex,True,755851,756560,z,1.2,4.2,2.2,0.7,3,0,1,2,nochange_col,z,1,testing
18,wjy,m,18,noindex,True,761261,761857,/,2.2,4.2,1.2,0.7,2,0,3,1,change_col,/,3,testing
18,wjy,m,18,noindex,True,766437,768304,z,2.2,4.2,0.7,1.2,3,2,1,0,nochange_ori,z,1,testing
18,wjy,m,18,noindex,True,772966,773936,/,0.7,2.2,4.2,1.2,3,0,1,2,change_ori,/,3,testing
18,wjy,m,18,noindex,True,778693,779505,/,1.2,0.7,4.2,2.2,2,1,0,3,change_ori,/,0,testing
18,wjy,m,18,noindex,True,784170,784880,/,4.2,1.2,0.7,2.2,1,3,0,2,change_col,/,1,testing
18,wjy,m,18,noindex,True,798663,799537,z,4.2,0.7,1.2,2.2,0,1,2,3,nochange_col,z,1,testing
18,wjy,m,18,noindex,True,804174,806545,/,4.2,0.7,1.2,2.2,1,3,2,0,change_ori,/,0,testing
18,wjy,m,18,noindex,True,811269,811856,/,2.2,1.2,0.7,4.2,0,1,3,2,change_ori,/,1,testing
18,wjy,m,18,noindex,True,816429,818352,z,4.2,1.2,2.2,0.7,3,0,1,2,nochange_col,z,2,testing
18,wjy,m,18,noindex,True,823008,824352,z,0.7,1.2,2.2,4.2,3,2,0,1,nochange_ori,z,0,testing
18,wjy,m,18,noindex,True,828919,829456,/,0.7,4.2,2.2,1.2,3,1,0,2,change_col,/,2,testing
18,wjy,m,18,noindex,True,834145,835041,z,0.7,2.2,1.2,4.2,0,3,2,1,nochange_ori,z,2,testing
18,wjy,m,18,noindex,True,839638,840768,/,1.2,2.2,0.7,4.2,2,0,3,1,change_ori,/,1,testing
18,wjy,m,18,noindex,True,845399,847201,z,2.2,4.2,0.7,1.2,2,0,1,3,nochange_ori,z,2,testing
18,wjy,m,18,noindex,True,851861,852913,z,2.2,1.2,0.7,4.2,2,3,0,1,nochange_ori,z,1,testing
18,wjy,m,18,noindex,True,857605,858465,/,1.2,2.2,0.7,4.2,2,1,0,3,change_ori,/,3,testing
18,wjy,m,18,noindex,True,863115,864160,/,4.2,1.2,0.7,2.2,2,3,1,0,change_ori,/,2,testing
18,wjy,m,18,noindex,True,868775,869296,z,0.7,4.2,1.2,2.2,0,2,1,3,nochange_col,z,1,testing
18,wjy,m,18,noindex,True,873885,874544,z,0.7,4.2,1.2,2.2,2,3,0,1,nochange_col,z,0,testing
18,wjy,m,18,noindex,True,879228,880080,/,0.7,4.2,2.2,1.2,1,0,2,3,change_ori,/,1,testing
18,wjy,m,18,noindex,True,884655,885281,/,1.2,4.2,2.2,0.7,3,2,0,1,change_col,/,1,testing
18,wjy,m,18,noindex,True,890031,890864,z,4.2,0.7,1.2,2.2,2,3,0,1,nochange_ori,z,1,testing
18,wjy,m,18,noindex,True,895608,896385,z,1.2,0.7,4.2,2.2,0,3,2,1,nochange_col,z,1,testing
18,wjy,m,18,noindex,True,900968,901664,/,4.2,0.7,2.2,1.2,2,0,1,3,change_col,/,2,testing
18,wjy,m,18,noindex,True,906411,908177,/,0.7,1.2,2.2,4.2,2,1,0,3,change_ori,/,3,testing
18,wjy,m,18,noindex,True,912889,913552,/,4.2,1.2,2.2,0.7,1,2,3,0,change_col,/,2,testing
18,wjy,m,18,noindex,True,918283,918992,/,0.7,4.2,1.2,2.2,0,1,3,2,change_col,/,0,testing
18,wjy,m,18,noindex,True,923693,924417,/,0.7,4.2,1.2,2.2,0,2,1,3,change_col,/,2,testing
18,wjy,m,18,noindex,True,929087,930081,/,4.2,2.2,1.2,0.7,2,3,0,1,change_ori,/,2,testing
18,wjy,m,18,noindex,True,934763,935217,/,2.2,0.7,1.2,4.2,1,3,2,0,change_col,/,1,testing
18,wjy,m,18,noindex,True,939823,941264,/,4.2,1.2,0.7,2.2,1,0,2,3,change_col,/,3,testing
18,wjy,m,18,noindex,True,945850,947232,z,4.2,0.7,2.2,1.2,0,2,1,3,nochange_ori,z,3,testing
18,wjy,m,18,noindex,True,951879,952719,/,0.7,1.2,2.2,4.2,0,1,2,3,change_col,/,1,testing
18,wjy,m,18,noindex,True,957372,958385,z,0.7,4.2,1.2,2.2,3,0,1,2,nochange_col,z,2,testing
18,wjy,m,18,noindex,True,963098,963841,z,2.2,0.7,1.2,4.2,0,3,2,1,nochange_col,z,0,testing
18,wjy,m,18,noindex,True,968426,969425,z,4.2,0.7,1.2,2.2,0,2,1,3,nochange_col,z,3,testing
18,wjy,m,18,noindex,True,974036,974736,/,1.2,2.2,0.7,4.2,1,2,3,0,change_col,/,3,testing
18,wjy,m,18,noindex,True,979312,980288,/,4.2,2.2,0.7,1.2,0,2,3,1,change_ori,/,0,testing
18,wjy,m,18,noindex,True,984972,985696,/,2.2,1.2,0.7,4.2,2,3,1,0,change_col,/,1,testing
18,wjy,m,18,noindex,True,990299,991184,z,4.2,0.7,2.2,1.2,0,1,3,2,nochange_col,z,2,testing
18,wjy,m,18,noindex,True,995942,996736,/,0.7,1.2,2.2,4.2,1,2,3,0,change_col,/,1,testing
18,wjy,m,18,noindex,True,1001469,1002224,z,4.2,2.2,1.2,0.7,2,0,3,1,nochange_col,z,0,testing
18,wjy,m,18,noindex,True,1006845,1007648,/,0.7,4.2,1.2,2.2,1,0,3,2,change_ori,/,2,testing
18,wjy,m,18,noindex,True,1012256,1013263,z,4.2,2.2,1.2,0.7,3,1,2,0,nochange_ori,z,3,testing
18,wjy,m,18,noindex,True,1017933,1019264,/,4.2,0.7,1.2,2.2,2,1,0,3,change_ori,/,3,testing
18,wjy,m,18,noindex,True,1024010,1025616,z,2.2,4.2,0.7,1.2,2,1,0,3,nochange_col,z,1,testing
18,wjy,m,18,noindex,True,1030322,1030895,/,0.7,4.2,1.2,2.2,3,1,0,2,change_col,/,3,testing
18,wjy,m,18,noindex,True,1035499,1036608,z,4.2,0.7,2.2,1.2,2,1,0,3,nochange_ori,z,1,testing
18,wjy,m,18,noindex,True,1041359,1044736,/,1.2,2.2,0.7,4.2,0,1,3,2,nochange_ori,z,2,testing
18,wjy,m,18,noindex,True,1049307,1050927,/,1.2,0.7,4.2,2.2,3,2,0,1,nochange_ori,z,0,testing
18,wjy,m,18,noindex,True,1055602,1057328,z,2.2,4.2,0.7,1.2,1,0,2,3,nochange_col,z,3,testing
18,wjy,m,18,noindex,True,1062081,1062736,/,1.2,2.2,0.7,4.2,2,0,3,1,change_col,/,3,testing
18,wjy,m,18,noindex,True,1067424,1068000,z,1.2,2.2,4.2,0.7,0,1,2,3,nochange_col,z,1,testing
18,wjy,m,18,noindex,True,1072700,1073504,z,0.7,1.2,4.2,2.2,1,3,2,0,nochange_col,z,2,testing
18,wjy,m,18,noindex,True,1078227,1079424,/,1.2,4.2,0.7,2.2,0,3,2,1,change_ori,/,1,testing
18,wjy,m,18,noindex,True,1084038,1085104,/,1.2,2.2,0.7,4.2,0,2,1,3,change_ori,/,2,testing
18,wjy,m,18,noindex,True,1089749,1090752,z,1.2,2.2,4.2,0.7,3,1,0,2,nochange_ori,z,1,testing
18,wjy,m,18,noindex,True,1095358,1096400,/,2.2,4.2,0.7,1.2,2,3,0,1,change_ori,/,1,testing
18,wjy,m,18,noindex,True,1100986,1101568,/,1.2,0.7,4.2,2.2,3,0,1,2,change_col,/,3,testing
18,wjy,m,18,noindex,True,1106162,1107216,/,4.2,1.2,2.2,0.7,1,3,0,2,nochange_ori,z,1,testing
18,wjy,m,18,noindex,True,1111789,1113280,/,1.2,4.2,0.7,2.2,0,2,3,1,change_ori,/,3,testing
18,wjy,m,18,noindex,True,1117850,1118559,/,1.2,2.2,0.7,4.2,0,3,1,2,change_col,/,2,testing
18,wjy,m,18,noindex,True,1123294,1124655,/,4.2,2.2,1.2,0.7,1,3,2,0,change_ori,/,0,testing
18,wjy,m,18,noindex,True,1129371,1130912,z,2.2,1.2,0.7,4.2,2,3,1,0,nochange_ori,z,0,testing
18,wjy,m,18,noindex,True,1135499,1136687,z,4.2,1.2,2.2,0.7,0,3,2,1,nochange_ori,z,0,testing
18,wjy,m,18,noindex,True,1141309,1143552,z,1.2,4.2,0.7,2.2,2,1,0,3,change_ori,/,3,testing
18,wjy,m,18,noindex,True,1148206,1148912,/,0.7,4.2,2.2,1.2,0,1,3,2,nochange_ori,z,3,testing
18,wjy,m,18,noindex,True,1153599,1154159,z,2.2,0.7,4.2,1.2,2,0,1,3,nochange_col,z,3,testing
18,wjy,m,18,noindex,True,1158775,1160112,z,1.2,2.2,0.7,4.2,2,1,0,3,nochange_col,z,3,testing
18,wjy,m,18,noindex,True,1164820,1165904,z,0.7,2.2,4.2,1.2,2,3,0,1,change_ori,/,2,testing
18,wjy,m,18,noindex,True,1170647,1171504,/,4.2,1.2,2.2,0.7,1,3,2,0,change_col,/,3,testing
18,wjy,m,18,noindex,True,1176174,1176944,/,0.7,4.2,1.2,2.2,2,0,3,1,change_col,/,2,testing
18,wjy,m,18,noindex,True,1181517,1182464,/,2.2,1.2,0.7,4.2,3,1,0,2,change_ori,/,1,testing
18,wjy,m,18,noindex,True,1187177,1188112,/,2.2,4.2,1.2,0.7,0,2,3,1,change_ori,/,1,testing
18,wjy,m,18,noindex,True,1192804,1193887,z,0.7,4.2,2.2,1.2,3,2,1,0,nochange_ori,z,3,testing
18,wjy,m,18,noindex,True,1198465,1199439,z,0.7,1.2,4.2,2.2,0,1,2,3,change_col,/,1,testing
18,wjy,m,18,noindex,True,1204159,1204975,z,1.2,0.7,4.2,2.2,0,1,3,2,nochange_ori,z,2,testing
18,wjy,m,18,noindex,True,1209719,1211135,z,0.7,1.2,2.2,4.2,1,3,0,2,nochange_col,z,1,testing
18,wjy,m,18,noindex,True,1215846,1216624,z,1.2,0.7,4.2,2.2,0,1,2,3,nochange_col,z,2,testing
18,wjy,m,18,noindex,True,1221306,1222112,z,0.7,4.2,2.2,1.2,3,0,2,1,nochange_ori,z,1,testing
18,wjy,m,18,noindex,True,1226817,1228992,z,4.2,1.2,2.2,0.7,1,3,2,0,change_col,/,0,testing
18,wjy,m,18,noindex,True,1233663,1234607,/,0.7,1.2,4.2,2.2,1,0,3,2,nochange_ori,z,3,testing
18,wjy,m,18,noindex,True,1239273,1240431,z,2.2,1.2,4.2,0.7,3,1,0,2,nochange_ori,z,3,testing
18,wjy,m,18,noindex,True,1245117,1245840,z,4.2,2.2,0.7,1.2,0,3,1,2,nochange_col,z,0,testing
18,wjy,m,18,noindex,True,1250510,1251328,z,1.2,4.2,2.2,0.7,0,2,1,3,nochange_col,z,2,testing
