subj,name,gender,age,cond,P_resp,P_startTime,P_respTime,P_gotKey,sf1,sf2,sf3,sf4,ord_1,ord_2,ord_3,ord_4,task,correct_key,no_change,mode
19,yz,f,21,noindex,True,168225,169490,/,4.2,0.7,2.2,1.2,1,0,2,3,change_ori,/,2,practice
19,yz,f,21,noindex,True,174136,175010,/,4.2,0.7,2.2,1.2,2,0,3,1,nochange_ori,z,0,practice
19,yz,f,21,noindex,True,179746,181730,/,2.2,1.2,0.7,4.2,1,0,2,3,nochange_col,z,2,practice
19,yz,f,21,noindex,True,186309,187298,/,2.2,4.2,0.7,1.2,0,3,1,2,nochange_col,z,3,practice
19,yz,f,21,noindex,True,191953,193938,/,4.2,2.2,1.2,0.7,2,1,3,0,nochange_ori,z,1,practice
19,yz,f,21,noindex,True,198681,199554,/,0.7,1.2,4.2,2.2,2,3,1,0,change_ori,/,0,practice
19,yz,f,21,noindex,True,204275,205107,/,1.2,4.2,0.7,2.2,3,0,1,2,change_col,/,3,practice
19,yz,f,21,noindex,True,209718,210706,/,4.2,0.7,2.2,1.2,2,1,0,3,nochange_col,z,0,practice
19,yz,f,21,noindex,True,215295,216098,/,4.2,1.2,0.7,2.2,3,0,2,1,nochange_col,z,2,practice
19,yz,f,21,noindex,True,220755,222274,/,2.2,4.2,1.2,0.7,3,1,0,2,change_ori,/,2,practice
19,yz,f,21,noindex,True,227017,229042,/,1.2,2.2,4.2,0.7,0,2,3,1,nochange_col,z,3,practice
19,yz,f,21,noindex,True,233662,234258,/,1.2,0.7,4.2,2.2,1,0,2,3,change_col,/,2,practice
19,yz,f,21,noindex,True,238922,241298,/,4.2,0.7,1.2,2.2,1,2,0,3,nochange_ori,z,3,practice
19,yz,f,21,noindex,True,246036,247538,z,1.2,2.2,0.7,4.2,3,2,0,1,change_ori,/,3,practice
19,yz,f,21,noindex,True,252146,252690,/,0.7,2.2,1.2,4.2,3,0,2,1,change_col,/,1,practice
19,yz,f,21,noindex,True,257273,257682,/,4.2,2.2,1.2,0.7,2,1,3,0,change_col,/,1,practice
19,yz,f,21,noindex,True,262265,263042,/,1.2,2.2,0.7,4.2,3,0,1,2,nochange_ori,z,0,practice
19,yz,f,21,noindex,True,267791,269042,z,2.2,4.2,1.2,0.7,1,3,0,2,nochange_ori,z,3,practice
19,yz,f,21,noindex,True,273803,275907,/,2.2,4.2,1.2,0.7,0,1,3,2,change_ori,/,3,practice
19,yz,f,21,noindex,True,280482,281090,/,0.7,4.2,1.2,2.2,3,2,1,0,change_col,/,2,practice
19,yz,f,21,noindex,True,315480,317138,z,1.2,2.2,4.2,0.7,2,0,1,3,nochange_ori,z,1,testing
19,yz,f,21,noindex,True,321791,322930,z,0.7,2.2,4.2,1.2,0,1,2,3,nochange_col,z,2,testing
19,yz,f,21,noindex,True,327518,329058,/,2.2,1.2,4.2,0.7,1,0,2,3,nochange_ori,z,2,testing
19,yz,f,21,noindex,True,333763,334787,/,4.2,0.7,2.2,1.2,1,2,0,3,change_ori,/,0,testing
19,yz,f,21,noindex,True,339407,340386,/,1.2,4.2,2.2,0.7,0,2,1,3,change_ori,/,3,testing
19,yz,f,21,noindex,True,345084,346114,z,4.2,0.7,2.2,1.2,3,0,2,1,nochange_col,z,2,testing
19,yz,f,21,noindex,True,350695,351378,/,0.7,2.2,1.2,4.2,3,1,0,2,nochange_col,z,1,testing
19,yz,f,21,noindex,True,356137,356722,/,2.2,0.7,4.2,1.2,3,2,1,0,nochange_col,z,2,testing
19,yz,f,21,noindex,True,361347,362466,z,2.2,1.2,0.7,4.2,3,2,0,1,change_ori,/,1,testing
19,yz,f,21,noindex,True,367225,368114,/,1.2,2.2,0.7,4.2,0,2,1,3,change_col,/,3,testing
19,yz,f,21,noindex,True,372735,373842,z,1.2,4.2,0.7,2.2,1,2,0,3,change_ori,/,1,testing
19,yz,f,21,noindex,True,378545,379362,z,0.7,4.2,2.2,1.2,0,3,1,2,change_ori,/,2,testing
19,yz,f,21,noindex,True,383972,384913,z,0.7,1.2,2.2,4.2,3,0,1,2,change_ori,/,2,testing
19,yz,f,21,noindex,True,389566,390162,z,1.2,0.7,2.2,4.2,0,3,1,2,nochange_ori,z,1,testing
19,yz,f,21,noindex,True,394909,396194,z,1.2,2.2,0.7,4.2,1,3,0,2,nochange_col,z,2,testing
19,yz,f,21,noindex,True,400886,402482,z,4.2,2.2,1.2,0.7,1,0,2,3,nochange_ori,z,0,testing
19,yz,f,21,noindex,True,407081,408402,/,0.7,2.2,4.2,1.2,0,3,1,2,change_ori,/,3,testing
19,yz,f,21,noindex,True,413009,413730,/,4.2,1.2,2.2,0.7,3,1,2,0,change_col,/,0,testing
19,yz,f,21,noindex,True,418469,419249,/,2.2,0.7,4.2,1.2,2,0,1,3,change_col,/,1,testing
19,yz,f,21,noindex,True,423829,427186,z,0.7,2.2,4.2,1.2,2,1,3,0,nochange_col,z,3,testing
19,yz,f,21,noindex,True,431793,433010,z,0.7,4.2,2.2,1.2,1,2,0,3,nochange_ori,z,1,testing
19,yz,f,21,noindex,True,437620,438049,/,0.7,1.2,4.2,2.2,1,2,0,3,change_col,/,3,testing
19,yz,f,21,noindex,True,442746,444162,/,2.2,4.2,1.2,0.7,2,0,1,3,change_ori,/,0,testing
19,yz,f,21,noindex,True,448791,449810,/,0.7,2.2,1.2,4.2,0,1,3,2,nochange_col,z,1,testing
19,yz,f,21,noindex,True,454485,455057,/,1.2,0.7,4.2,2.2,0,2,3,1,change_col,/,1,testing
19,yz,f,21,noindex,True,459711,460978,/,4.2,1.2,0.7,2.2,0,3,2,1,nochange_col,z,1,testing
19,yz,f,21,noindex,True,465705,466625,/,4.2,1.2,0.7,2.2,2,3,0,1,nochange_ori,z,0,testing
19,yz,f,21,noindex,True,471316,472209,z,1.2,4.2,0.7,2.2,3,0,2,1,nochange_ori,z,1,testing
19,yz,f,21,noindex,True,476776,477442,/,4.2,2.2,1.2,0.7,2,0,3,1,change_col,/,0,testing
19,yz,f,21,noindex,True,482153,483218,z,2.2,4.2,0.7,1.2,1,0,3,2,nochange_ori,z,1,testing
19,yz,f,21,noindex,True,487930,490833,/,0.7,2.2,4.2,1.2,2,1,3,0,change_ori,/,1,testing
19,yz,f,21,noindex,True,495527,498321,z,4.2,2.2,1.2,0.7,1,3,2,0,nochange_ori,z,3,testing
19,yz,f,21,noindex,True,502957,503730,z,0.7,1.2,4.2,2.2,2,1,0,3,nochange_col,z,0,testing
19,yz,f,21,noindex,True,508368,509026,z,2.2,1.2,4.2,0.7,3,0,1,2,nochange_ori,z,0,testing
19,yz,f,21,noindex,True,513727,514226,/,2.2,4.2,1.2,0.7,0,3,1,2,nochange_col,z,1,testing
19,yz,f,21,noindex,True,518937,521442,z,0.7,2.2,1.2,4.2,1,0,3,2,nochange_col,z,3,testing
19,yz,f,21,noindex,True,526166,528065,z,2.2,4.2,0.7,1.2,3,1,0,2,change_ori,/,2,testing
19,yz,f,21,noindex,True,532696,534274,/,0.7,2.2,1.2,4.2,3,1,2,0,nochange_ori,z,3,testing
19,yz,f,21,noindex,True,538907,539921,/,4.2,0.7,1.2,2.2,2,3,0,1,change_col,/,1,testing
19,yz,f,21,noindex,True,544667,546593,/,1.2,2.2,0.7,4.2,0,1,3,2,change_ori,/,2,testing
19,yz,f,21,noindex,True,551246,552242,/,1.2,2.2,4.2,0.7,1,2,0,3,change_ori,/,2,testing
19,yz,f,21,noindex,True,556807,557602,/,1.2,0.7,2.2,4.2,3,2,0,1,change_col,/,0,testing
19,yz,f,21,noindex,True,562300,563665,/,1.2,4.2,0.7,2.2,0,1,2,3,change_col,/,1,testing
19,yz,f,21,noindex,True,568261,569457,/,1.2,0.7,2.2,4.2,3,2,0,1,change_col,/,0,testing
19,yz,f,21,noindex,True,574155,577297,/,2.2,4.2,1.2,0.7,2,3,1,0,nochange_col,z,3,testing
19,yz,f,21,noindex,True,581969,582977,/,2.2,0.7,1.2,4.2,0,1,2,3,change_col,/,0,testing
19,yz,f,21,noindex,True,587630,590161,/,4.2,1.2,0.7,2.2,2,3,0,1,change_ori,/,1,testing
19,yz,f,21,noindex,True,594910,596129,/,4.2,0.7,1.2,2.2,3,2,0,1,change_col,/,3,testing
19,yz,f,21,noindex,True,600738,602417,z,2.2,4.2,1.2,0.7,3,1,2,0,nochange_ori,z,0,testing
19,yz,f,21,noindex,True,607099,608177,z,1.2,4.2,2.2,0.7,1,3,0,2,nochange_col,z,2,testing
19,yz,f,21,noindex,True,612827,614496,z,2.2,1.2,0.7,4.2,2,1,3,0,nochange_col,z,2,testing
19,yz,f,21,noindex,True,619171,619954,z,0.7,2.2,4.2,1.2,3,1,2,0,nochange_col,z,2,testing
19,yz,f,21,noindex,True,624681,626034,z,0.7,4.2,1.2,2.2,0,2,3,1,nochange_ori,z,2,testing
19,yz,f,21,noindex,True,630726,632145,/,0.7,4.2,1.2,2.2,2,0,1,3,change_col,/,3,testing
19,yz,f,21,noindex,True,636753,637793,z,2.2,4.2,0.7,1.2,1,0,3,2,nochange_ori,z,1,testing
19,yz,f,21,noindex,True,642448,643026,z,4.2,2.2,1.2,0.7,3,2,0,1,nochange_ori,z,1,testing
19,yz,f,21,noindex,True,647607,648705,z,0.7,4.2,1.2,2.2,0,2,3,1,nochange_ori,z,2,testing
19,yz,f,21,noindex,True,653300,654641,z,0.7,2.2,1.2,4.2,0,2,3,1,change_ori,/,0,testing
19,yz,f,21,noindex,True,659395,660145,/,0.7,4.2,2.2,1.2,0,3,1,2,change_col,/,3,testing
19,yz,f,21,noindex,True,664906,667074,z,2.2,4.2,1.2,0.7,3,2,0,1,nochange_col,z,1,testing
19,yz,f,21,noindex,True,671751,673873,z,1.2,4.2,0.7,2.2,3,0,1,2,change_ori,/,2,testing
19,yz,f,21,noindex,True,678614,679265,z,1.2,0.7,4.2,2.2,1,0,3,2,nochange_ori,z,1,testing
19,yz,f,21,noindex,True,683940,686609,/,1.2,2.2,0.7,4.2,2,3,1,0,change_ori,/,0,testing
19,yz,f,21,noindex,True,691321,692145,z,2.2,4.2,1.2,0.7,3,0,2,1,change_ori,/,2,testing
19,yz,f,21,noindex,True,696847,697905,/,0.7,1.2,4.2,2.2,1,0,2,3,change_col,/,2,testing
19,yz,f,21,noindex,True,702541,704705,z,4.2,0.7,1.2,2.2,0,3,2,1,nochange_col,z,0,testing
19,yz,f,21,noindex,True,709321,711009,z,1.2,4.2,2.2,0.7,3,2,0,1,nochange_ori,z,3,testing
19,yz,f,21,noindex,True,715632,719008,z,2.2,1.2,4.2,0.7,3,0,1,2,nochange_col,z,0,testing
19,yz,f,21,noindex,True,723763,725121,/,0.7,4.2,1.2,2.2,0,3,1,2,change_ori,/,0,testing
19,yz,f,21,noindex,True,729707,730577,/,4.2,0.7,1.2,2.2,2,0,3,1,change_col,/,2,testing
19,yz,f,21,noindex,True,735285,737281,z,4.2,1.2,0.7,2.2,1,0,2,3,nochange_col,z,1,testing
19,yz,f,21,noindex,True,741947,742896,z,4.2,1.2,0.7,2.2,3,0,1,2,nochange_ori,z,0,testing
19,yz,f,21,noindex,True,747557,750272,/,2.2,1.2,4.2,0.7,0,3,1,2,change_ori,/,3,testing
19,yz,f,21,noindex,True,754971,756113,z,0.7,1.2,2.2,4.2,3,2,0,1,change_ori,/,1,testing
19,yz,f,21,noindex,True,760815,761633,z,4.2,0.7,1.2,2.2,2,1,0,3,nochange_col,z,3,testing
19,yz,f,21,noindex,True,766342,767697,/,0.7,4.2,1.2,2.2,0,3,2,1,change_col,/,2,testing
19,yz,f,21,noindex,True,772386,774337,/,1.2,2.2,4.2,0.7,3,2,1,0,change_col,/,2,testing
19,yz,f,21,noindex,True,778949,779889,/,4.2,2.2,1.2,0.7,1,2,3,0,change_col,/,1,testing
19,yz,f,21,noindex,True,784576,786000,z,0.7,4.2,1.2,2.2,3,1,2,0,nochange_ori,z,0,testing
19,yz,f,21,noindex,True,790720,791537,/,2.2,4.2,1.2,0.7,1,3,0,2,change_col,/,2,testing
19,yz,f,21,noindex,True,844068,845008,z,0.7,2.2,1.2,4.2,1,0,2,3,change_ori,/,1,testing
19,yz,f,21,noindex,True,849745,850608,/,1.2,2.2,0.7,4.2,3,2,1,0,change_col,/,1,testing
19,yz,f,21,noindex,True,855189,856544,/,4.2,1.2,2.2,0.7,2,0,1,3,change_col,/,1,testing
19,yz,f,21,noindex,True,861300,863137,z,4.2,2.2,1.2,0.7,2,3,0,1,nochange_ori,z,0,testing
19,yz,f,21,noindex,True,867845,868849,/,0.7,1.2,2.2,4.2,2,1,3,0,change_col,/,0,testing
19,yz,f,21,noindex,True,873522,875920,/,2.2,1.2,0.7,4.2,2,3,1,0,nochange_ori,z,2,testing
19,yz,f,21,noindex,True,880552,881840,z,4.2,0.7,2.2,1.2,0,1,2,3,nochange_col,z,2,testing
19,yz,f,21,noindex,True,886479,887681,z,4.2,0.7,1.2,2.2,1,2,3,0,nochange_ori,z,2,testing
19,yz,f,21,noindex,True,892273,893057,/,1.2,4.2,2.2,0.7,3,0,2,1,change_col,/,0,testing
19,yz,f,21,noindex,True,897633,900880,/,1.2,0.7,2.2,4.2,1,0,3,2,change_ori,/,2,testing
19,yz,f,21,noindex,True,905514,907312,/,2.2,0.7,1.2,4.2,2,1,3,0,nochange_col,z,2,testing
19,yz,f,21,noindex,True,912027,912865,/,0.7,1.2,4.2,2.2,3,2,0,1,change_col,/,0,testing
19,yz,f,21,noindex,True,917487,918496,/,2.2,1.2,0.7,4.2,1,2,3,0,change_ori,/,0,testing
19,yz,f,21,noindex,True,923213,924529,z,0.7,2.2,1.2,4.2,0,3,1,2,change_ori,/,0,testing
19,yz,f,21,noindex,True,929275,930496,z,0.7,1.2,2.2,4.2,2,0,1,3,nochange_col,z,2,testing
19,yz,f,21,noindex,True,935119,937393,z,0.7,4.2,1.2,2.2,3,0,1,2,nochange_ori,z,2,testing
19,yz,f,21,noindex,True,941982,943537,z,2.2,1.2,4.2,0.7,2,3,0,1,nochange_col,z,0,testing
19,yz,f,21,noindex,True,948259,949664,/,2.2,4.2,1.2,0.7,3,1,0,2,change_ori,/,0,testing
19,yz,f,21,noindex,True,954387,954960,/,4.2,0.7,2.2,1.2,2,1,0,3,change_col,/,1,testing
19,yz,f,21,noindex,True,959630,960577,/,1.2,2.2,4.2,0.7,3,1,0,2,nochange_ori,z,2,testing
19,yz,f,21,noindex,True,965257,966671,z,2.2,0.7,4.2,1.2,1,3,2,0,nochange_ori,z,2,testing
19,yz,f,21,noindex,True,971385,972896,/,2.2,4.2,1.2,0.7,3,1,0,2,change_col,/,0,testing
19,yz,f,21,noindex,True,977630,979008,/,1.2,4.2,0.7,2.2,1,0,3,2,change_ori,/,3,testing
19,yz,f,21,noindex,True,983575,986065,/,1.2,0.7,2.2,4.2,0,3,1,2,nochange_col,z,1,testing
19,yz,f,21,noindex,True,990821,992736,z,2.2,0.7,1.2,4.2,3,2,1,0,change_ori,/,1,testing
19,yz,f,21,noindex,True,997317,998512,z,2.2,4.2,1.2,0.7,2,0,1,3,nochange_col,z,0,testing
19,yz,f,21,noindex,True,1003194,1005025,/,0.7,2.2,4.2,1.2,0,1,2,3,change_ori,/,0,testing
19,yz,f,21,noindex,True,1009622,1011168,/,4.2,2.2,0.7,1.2,0,2,1,3,change_col,/,3,testing
19,yz,f,21,noindex,True,1015784,1017888,z,0.7,1.2,4.2,2.2,0,1,2,3,nochange_ori,z,0,testing
19,yz,f,21,noindex,True,1022579,1024496,/,2.2,4.2,0.7,1.2,3,0,1,2,nochange_col,z,0,testing
19,yz,f,21,noindex,True,1029091,1031312,/,4.2,1.2,0.7,2.2,3,2,1,0,nochange_col,z,3,testing
19,yz,f,21,noindex,True,1035954,1039520,z,0.7,2.2,4.2,1.2,2,1,0,3,nochange_col,z,0,testing
19,yz,f,21,noindex,True,1044120,1045392,/,2.2,1.2,0.7,4.2,0,2,1,3,change_ori,/,3,testing
19,yz,f,21,noindex,True,1050147,1051648,z,1.2,2.2,4.2,0.7,3,1,2,0,nochange_col,z,1,testing
19,yz,f,21,noindex,True,1056308,1058064,/,1.2,4.2,2.2,0.7,2,1,0,3,change_ori,/,2,testing
19,yz,f,21,noindex,True,1062770,1064224,z,4.2,1.2,0.7,2.2,1,0,3,2,nochange_col,z,1,testing
19,yz,f,21,noindex,True,1068798,1069632,z,2.2,0.7,1.2,4.2,1,2,3,0,nochange_ori,z,2,testing
19,yz,f,21,noindex,True,1074391,1075296,z,4.2,0.7,1.2,2.2,0,3,1,2,nochange_ori,z,3,testing
19,yz,f,21,noindex,True,1079952,1080864,/,1.2,2.2,4.2,0.7,1,3,0,2,change_col,/,2,testing
19,yz,f,21,noindex,True,1085445,1086768,/,0.7,4.2,2.2,1.2,2,0,3,1,change_col,/,2,testing
19,yz,f,21,noindex,True,1091490,1093953,/,1.2,4.2,0.7,2.2,2,1,3,0,nochange_col,z,3,testing
19,yz,f,21,noindex,True,1098570,1099008,/,2.2,0.7,4.2,1.2,1,2,3,0,change_ori,/,0,testing
19,yz,f,21,noindex,True,1103595,1104592,z,1.2,0.7,4.2,2.2,3,0,2,1,nochange_col,z,0,testing
19,yz,f,21,noindex,True,1109156,1110256,/,4.2,0.7,2.2,1.2,0,2,1,3,change_ori,/,1,testing
19,yz,f,21,noindex,True,1115016,1115760,/,4.2,1.2,0.7,2.2,3,1,0,2,change_col,/,3,testing
19,yz,f,21,noindex,True,1120376,1122448,/,2.2,4.2,0.7,1.2,0,3,2,1,change_col,/,2,testing
19,yz,f,21,noindex,True,1127105,1128560,z,2.2,4.2,0.7,1.2,1,0,3,2,nochange_ori,z,1,testing
19,yz,f,21,noindex,True,1133233,1134047,z,1.2,4.2,2.2,0.7,3,1,0,2,nochange_ori,z,1,testing
19,yz,f,21,noindex,True,1138777,1139312,z,0.7,2.2,1.2,4.2,0,1,3,2,nochange_col,z,0,testing
19,yz,f,21,noindex,True,1144053,1145935,z,4.2,0.7,2.2,1.2,1,0,2,3,nochange_ori,z,2,testing
19,yz,f,21,noindex,True,1150615,1151888,/,2.2,1.2,4.2,0.7,1,2,0,3,change_ori,/,0,testing
19,yz,f,21,noindex,True,1156643,1159088,/,0.7,1.2,4.2,2.2,2,3,0,1,nochange_col,z,1,testing
19,yz,f,21,noindex,True,1163789,1165871,z,1.2,2.2,0.7,4.2,1,0,2,3,nochange_ori,z,0,testing
19,yz,f,21,noindex,True,1170518,1173856,/,2.2,4.2,1.2,0.7,3,0,1,2,change_ori,/,2,testing
19,yz,f,21,noindex,True,1178466,1179583,z,0.7,4.2,2.2,1.2,0,2,1,3,change_ori,/,0,testing
19,yz,f,21,noindex,True,1184194,1185760,/,1.2,0.7,4.2,2.2,0,2,3,1,change_col,/,2,testing
19,yz,f,21,noindex,True,1190388,1191552,z,1.2,4.2,0.7,2.2,3,0,2,1,nochange_col,z,1,testing
19,yz,f,21,noindex,True,1196132,1197344,z,2.2,0.7,1.2,4.2,3,0,1,2,nochange_ori,z,3,testing
19,yz,f,21,noindex,True,1201976,1202688,z,2.2,0.7,4.2,1.2,3,0,2,1,nochange_ori,z,2,testing
19,yz,f,21,noindex,True,1207370,1208255,/,1.2,4.2,0.7,2.2,1,3,0,2,change_col,/,3,testing
19,yz,f,21,noindex,True,1212912,1215744,z,2.2,0.7,1.2,4.2,0,1,2,3,change_ori,/,3,testing
19,yz,f,21,noindex,True,1220460,1220928,/,2.2,1.2,0.7,4.2,2,3,1,0,change_ori,/,2,testing
19,yz,f,21,noindex,True,1225686,1229120,/,1.2,4.2,0.7,2.2,2,0,3,1,change_col,/,0,testing
19,yz,f,21,noindex,True,1233684,1234528,z,4.2,1.2,0.7,2.2,1,0,2,3,nochange_ori,z,0,testing
19,yz,f,21,noindex,True,1239245,1240495,z,4.2,2.2,0.7,1.2,3,0,2,1,nochange_ori,z,3,testing
19,yz,f,21,noindex,True,1245239,1246112,z,2.2,0.7,4.2,1.2,1,3,2,0,change_ori,/,0,testing
19,yz,f,21,noindex,True,1250699,1251600,/,2.2,4.2,0.7,1.2,0,3,2,1,change_col,/,1,testing
19,yz,f,21,noindex,True,1256209,1257488,z,2.2,4.2,0.7,1.2,1,0,2,3,nochange_ori,z,1,testing
19,yz,f,21,noindex,True,1262070,1262816,/,0.7,2.2,1.2,4.2,3,1,2,0,change_col,/,3,testing
19,yz,f,21,noindex,True,1267496,1269072,/,1.2,2.2,0.7,4.2,3,0,1,2,change_ori,/,0,testing
19,yz,f,21,noindex,True,1273808,1277215,/,0.7,1.2,4.2,2.2,2,1,3,0,nochange_col,z,1,testing
19,yz,f,21,noindex,True,1281973,1284272,/,0.7,4.2,1.2,2.2,3,1,0,2,nochange_col,z,1,testing
19,yz,f,21,noindex,True,1288886,1290463,z,2.2,0.7,1.2,4.2,0,2,1,3,nochange_col,z,2,testing
19,yz,f,21,noindex,True,1295198,1296079,z,4.2,1.2,2.2,0.7,1,0,3,2,change_ori,/,3,testing
19,yz,f,21,noindex,True,1300674,1301343,/,1.2,0.7,4.2,2.2,0,2,1,3,change_col,/,3,testing
19,yz,f,21,noindex,True,1306084,1306736,/,0.7,2.2,1.2,4.2,2,3,0,1,change_col,/,3,testing
19,yz,f,21,noindex,True,1311361,1312704,/,1.2,4.2,0.7,2.2,1,0,2,3,nochange_col,z,0,testing
19,yz,f,21,noindex,True,1317271,1318207,z,0.7,4.2,2.2,1.2,0,3,1,2,nochange_ori,z,3,testing
19,yz,f,21,noindex,True,1322915,1323824,z,4.2,1.2,2.2,0.7,2,3,1,0,nochange_ori,z,0,testing
19,yz,f,21,noindex,True,1328542,1329280,/,0.7,4.2,2.2,1.2,2,3,0,1,change_col,/,2,testing
