subj,name,gender,age,cond,P_resp,P_startTime,P_respTime,P_gotKey,sf1,sf2,sf3,sf4,ord_1,ord_2,ord_3,ord_4,task,correct_key,no_change,mode
19,yz,f,21,index,True,78807,81060,/,0.7,4.2,4.2,0.7,1,3,0,2,nochange_ori,z,0,practice
19,yz,f,21,index,True,85719,87699,/,4.2,1.2,1.2,4.2,2,1,0,3,change_col,/,1,practice
19,yz,f,21,index,True,92398,93252,/,2.2,2.2,1.2,1.2,2,1,0,3,change_ori,/,1,practice
19,yz,f,21,index,True,97824,100292,z,1.2,4.2,4.2,1.2,2,1,0,3,nochange_col,z,2,practice
19,yz,f,21,index,True,104921,108116,z,0.7,2.2,0.7,2.2,1,2,3,0,change_ori,/,3,practice
19,yz,f,21,index,True,112752,114531,z,0.7,0.7,4.2,4.2,3,0,2,1,change_ori,/,1,practice
19,yz,f,21,index,True,119164,121459,z,0.7,0.7,2.2,2.2,0,2,3,1,nochange_col,z,2,practice
19,yz,f,21,index,True,126043,127203,/,2.2,4.2,2.2,4.2,1,2,3,0,change_ori,/,0,practice
19,yz,f,21,index,True,131854,134724,/,4.2,4.2,2.2,2.2,2,1,3,0,change_ori,/,2,practice
19,yz,f,21,index,True,139351,140436,/,1.2,0.7,0.7,1.2,2,3,0,1,change_col,/,1,practice
19,yz,f,21,index,True,145012,147636,/,1.2,0.7,0.7,1.2,3,0,2,1,nochange_col,z,3,practice
19,yz,f,21,index,True,152208,154420,z,0.7,0.7,1.2,1.2,0,1,2,3,nochange_col,z,2,practice
19,yz,f,21,index,True,159171,160228,z,2.2,2.2,1.2,1.2,1,3,0,2,nochange_ori,z,0,practice
19,yz,f,21,index,True,164798,166084,z,1.2,1.2,0.7,0.7,2,0,3,1,nochange_ori,z,3,practice
19,yz,f,21,index,True,170726,172340,z,2.2,2.2,1.2,1.2,1,0,2,3,change_col,/,2,practice
19,yz,f,21,index,True,177037,178483,z,2.2,2.2,4.2,4.2,1,0,2,3,nochange_col,z,0,practice
19,yz,f,21,index,True,183081,184403,/,4.2,4.2,2.2,2.2,0,1,2,3,change_col,/,0,practice
19,yz,f,21,index,True,189042,190563,z,1.2,0.7,0.7,1.2,1,0,3,2,nochange_ori,z,0,practice
19,yz,f,21,index,True,195153,195827,z,4.2,4.2,2.2,2.2,1,2,3,0,nochange_ori,z,1,practice
19,yz,f,21,index,True,200446,202483,/,2.2,1.2,1.2,2.2,1,0,2,3,change_col,/,0,practice
19,yz,f,21,index,True,265649,266451,z,0.7,4.2,4.2,0.7,3,2,1,0,nochange_col,z,2,testing
19,yz,f,21,index,True,271093,272707,z,2.2,2.2,1.2,1.2,0,1,3,2,nochange_col,z,1,testing
19,yz,f,21,index,True,277371,278771,/,2.2,1.2,2.2,1.2,3,1,0,2,change_ori,/,0,testing
19,yz,f,21,index,True,283383,285396,z,1.2,1.2,0.7,0.7,0,1,2,3,nochange_ori,z,3,testing
19,yz,f,21,index,True,290111,290963,/,2.2,4.2,2.2,4.2,1,3,0,2,change_col,/,0,testing
19,yz,f,21,index,True,295604,298339,z,2.2,2.2,4.2,4.2,2,3,1,0,nochange_ori,z,3,testing
19,yz,f,21,index,True,302935,303812,/,2.2,4.2,2.2,4.2,3,0,2,1,change_col,/,2,testing
19,yz,f,21,index,True,308429,309347,z,1.2,2.2,2.2,1.2,2,0,1,3,nochange_ori,z,1,testing
19,yz,f,21,index,True,314089,317331,z,4.2,0.7,0.7,4.2,1,2,3,0,nochange_col,z,2,testing
19,yz,f,21,index,True,321953,324228,/,2.2,0.7,0.7,2.2,0,3,2,1,nochange_col,z,3,testing
19,yz,f,21,index,True,328933,329587,/,4.2,0.7,4.2,0.7,2,0,3,1,change_col,/,0,testing
19,yz,f,21,index,True,334242,337282,/,2.2,4.2,2.2,4.2,3,0,1,2,change_col,/,3,testing
19,yz,f,21,index,True,341906,343539,/,4.2,0.7,0.7,4.2,0,2,1,3,nochange_ori,z,3,testing
19,yz,f,21,index,True,348151,348931,z,2.2,4.2,2.2,4.2,2,0,3,1,nochange_col,z,3,testing
19,yz,f,21,index,True,353679,355331,z,0.7,0.7,4.2,4.2,3,2,0,1,nochange_ori,z,3,testing
19,yz,f,21,index,True,360023,361411,/,0.7,4.2,0.7,4.2,1,2,0,3,change_col,/,3,testing
19,yz,f,21,index,True,366067,368067,/,4.2,2.2,2.2,4.2,0,3,1,2,change_ori,/,0,testing
19,yz,f,21,index,True,372680,374371,/,4.2,4.2,0.7,0.7,0,1,2,3,change_ori,/,3,testing
19,yz,f,21,index,True,379042,380067,/,4.2,4.2,1.2,1.2,0,1,2,3,change_ori,/,2,testing
19,yz,f,21,index,True,384652,385539,z,2.2,2.2,0.7,0.7,1,3,2,0,nochange_col,z,2,testing
19,yz,f,21,index,True,390112,392419,z,2.2,4.2,2.2,4.2,3,0,2,1,nochange_ori,z,3,testing
19,yz,f,21,index,True,397158,399683,/,4.2,4.2,0.7,0.7,0,2,3,1,change_ori,/,3,testing
19,yz,f,21,index,True,404422,406690,/,0.7,2.2,0.7,2.2,1,0,2,3,nochange_col,z,3,testing
19,yz,f,21,index,True,411368,411442,/,4.2,1.2,4.2,1.2,0,2,1,3,change_col,/,2,testing
19,yz,f,21,index,True,416160,417218,/,4.2,0.7,4.2,0.7,1,0,2,3,change_ori,/,3,testing
19,yz,f,21,index,True,421804,423155,/,1.2,1.2,2.2,2.2,2,0,1,3,change_ori,/,1,testing
19,yz,f,21,index,True,427831,428467,/,0.7,4.2,0.7,4.2,2,0,1,3,change_ori,/,2,testing
19,yz,f,21,index,True,433041,433730,z,0.7,4.2,0.7,4.2,2,0,3,1,nochange_col,z,2,testing
19,yz,f,21,index,True,438351,439618,z,2.2,1.2,2.2,1.2,2,0,1,3,nochange_ori,z,1,testing
19,yz,f,21,index,True,444295,447026,z,4.2,4.2,1.2,1.2,0,1,2,3,nochange_ori,z,1,testing
19,yz,f,21,index,True,451742,452610,z,2.2,4.2,4.2,2.2,1,2,0,3,nochange_col,z,2,testing
19,yz,f,21,index,True,457369,459171,/,0.7,4.2,4.2,0.7,1,0,3,2,nochange_col,z,1,testing
19,yz,f,21,index,True,463780,464771,/,2.2,0.7,2.2,0.7,1,2,0,3,change_ori,/,0,testing
19,yz,f,21,index,True,469374,470707,/,4.2,4.2,1.2,1.2,3,0,1,2,change_ori,/,0,testing
19,yz,f,21,index,True,475436,476227,z,4.2,2.2,4.2,2.2,2,0,3,1,nochange_col,z,1,testing
19,yz,f,21,index,True,480862,482131,z,1.2,2.2,1.2,2.2,0,1,3,2,nochange_ori,z,2,testing
19,yz,f,21,index,True,486873,488738,z,1.2,1.2,4.2,4.2,2,0,1,3,nochange_col,z,2,testing
19,yz,f,21,index,True,493452,494690,/,1.2,1.2,2.2,2.2,3,0,1,2,change_col,/,0,testing
19,yz,f,21,index,True,499279,501010,z,4.2,4.2,0.7,0.7,2,0,1,3,nochange_ori,z,3,testing
19,yz,f,21,index,True,505574,507538,/,0.7,2.2,2.2,0.7,3,1,0,2,nochange_ori,z,2,testing
19,yz,f,21,index,True,512170,512914,/,2.2,2.2,1.2,1.2,0,2,3,1,change_col,/,1,testing
19,yz,f,21,index,True,517630,518259,/,4.2,0.7,4.2,0.7,0,2,3,1,change_ori,/,1,testing
19,yz,f,21,index,True,523006,524851,z,4.2,1.2,1.2,4.2,1,2,3,0,nochange_ori,z,1,testing
19,yz,f,21,index,True,529535,531010,/,4.2,2.2,4.2,2.2,0,2,3,1,change_ori,/,1,testing
19,yz,f,21,index,True,535612,537459,/,4.2,4.2,0.7,0.7,3,2,1,0,nochange_ori,z,3,testing
19,yz,f,21,index,True,542142,545122,/,4.2,0.7,4.2,0.7,3,0,2,1,change_col,/,3,testing
19,yz,f,21,index,True,549806,551777,/,0.7,1.2,1.2,0.7,2,3,1,0,change_ori,/,3,testing
19,yz,f,21,index,True,556418,560034,/,2.2,0.7,0.7,2.2,3,2,0,1,nochange_ori,z,2,testing
19,yz,f,21,index,True,564699,568099,/,4.2,1.2,4.2,1.2,1,2,0,3,change_col,/,3,testing
19,yz,f,21,index,True,572848,574290,z,2.2,4.2,4.2,2.2,0,2,1,3,nochange_col,z,0,testing
19,yz,f,21,index,True,579026,580595,z,1.2,0.7,0.7,1.2,0,1,2,3,nochange_col,z,3,testing
19,yz,f,21,index,True,585237,586690,/,4.2,4.2,2.2,2.2,3,1,2,0,change_col,/,0,testing
19,yz,f,21,index,True,591349,595011,z,1.2,2.2,1.2,2.2,1,0,3,2,nochange_ori,z,2,testing
19,yz,f,21,index,True,599764,603138,/,4.2,4.2,1.2,1.2,1,0,2,3,change_col,/,3,testing
19,yz,f,21,index,True,607745,608866,z,2.2,2.2,0.7,0.7,2,3,1,0,nochange_ori,z,3,testing
19,yz,f,21,index,True,613473,616210,z,0.7,0.7,1.2,1.2,1,2,0,3,nochange_col,z,0,testing
19,yz,f,21,index,True,620937,623059,z,0.7,1.2,0.7,1.2,0,1,2,3,change_ori,/,3,testing
19,yz,f,21,index,True,627782,629666,z,0.7,1.2,0.7,1.2,1,0,2,3,nochange_ori,z,2,testing
19,yz,f,21,index,True,634395,635362,/,2.2,1.2,2.2,1.2,3,1,0,2,change_ori,/,0,testing
19,yz,f,21,index,True,640088,642082,/,4.2,0.7,0.7,4.2,2,3,1,0,change_col,/,2,testing
19,yz,f,21,index,True,646750,648690,/,1.2,1.2,2.2,2.2,2,3,0,1,change_ori,/,2,testing
19,yz,f,21,index,True,653446,654802,/,0.7,0.7,2.2,2.2,2,0,3,1,change_col,/,1,testing
19,yz,f,21,index,True,659558,660658,/,0.7,2.2,2.2,0.7,0,1,2,3,change_ori,/,2,testing
19,yz,f,21,index,True,665318,666515,/,0.7,1.2,0.7,1.2,2,3,1,0,change_col,/,1,testing
19,yz,f,21,index,True,671229,672626,/,0.7,2.2,0.7,2.2,0,1,2,3,change_col,/,1,testing
19,yz,f,21,index,True,677273,678146,z,4.2,4.2,0.7,0.7,0,2,3,1,nochange_col,z,0,testing
19,yz,f,21,index,True,682733,685922,/,4.2,0.7,0.7,4.2,0,3,1,2,change_ori,/,1,testing
19,yz,f,21,index,True,690564,692306,z,4.2,4.2,0.7,0.7,1,2,3,0,nochange_ori,z,1,testing
19,yz,f,21,index,True,696959,697762,/,2.2,0.7,2.2,0.7,1,3,0,2,nochange_col,z,1,testing
19,yz,f,21,index,True,702453,708851,/,0.7,0.7,1.2,1.2,0,2,1,3,change_col,/,2,testing
19,yz,f,21,index,True,713423,714466,z,1.2,2.2,2.2,1.2,2,0,3,1,nochange_ori,z,0,testing
19,yz,f,21,index,True,719167,724514,/,4.2,1.2,4.2,1.2,2,1,3,0,change_ori,/,2,testing
19,yz,f,21,index,True,729269,730386,/,1.2,0.7,0.7,1.2,2,3,1,0,change_col,/,2,testing
19,yz,f,21,index,True,735113,737218,z,1.2,2.2,1.2,2.2,1,3,0,2,nochange_col,z,2,testing
19,yz,f,21,index,True,741842,742914,z,2.2,1.2,1.2,2.2,2,0,1,3,nochange_col,z,2,testing
19,yz,f,21,index,True,747569,748514,/,4.2,2.2,4.2,2.2,1,3,2,0,change_ori,/,1,testing
19,yz,f,21,index,True,753263,754290,/,0.7,1.2,0.7,1.2,2,3,1,0,change_col,/,3,testing
19,yz,f,21,index,True,758974,759794,/,2.2,0.7,2.2,0.7,2,1,3,0,change_col,/,3,testing
19,yz,f,21,index,True,764467,766530,z,2.2,2.2,4.2,4.2,3,0,1,2,nochange_ori,z,1,testing
19,yz,f,21,index,True,771279,772130,z,4.2,1.2,4.2,1.2,3,0,2,1,nochange_col,z,0,testing
19,yz,f,21,index,True,863800,864817,z,4.2,0.7,0.7,4.2,2,1,3,0,nochange_col,z,2,testing
19,yz,f,21,index,True,869510,870449,/,0.7,2.2,0.7,2.2,0,1,3,2,change_col,/,1,testing
19,yz,f,21,index,True,875187,875745,/,4.2,1.2,4.2,1.2,3,0,2,1,change_col,/,3,testing
19,yz,f,21,index,True,880413,881153,/,4.2,2.2,2.2,4.2,3,2,1,0,change_col,/,2,testing
19,yz,f,21,index,True,885757,886834,z,2.2,0.7,0.7,2.2,0,1,2,3,nochange_col,z,2,testing
19,yz,f,21,index,True,891517,892497,/,1.2,1.2,2.2,2.2,1,2,3,0,change_col,/,0,testing
19,yz,f,21,index,True,897194,899121,z,1.2,2.2,1.2,2.2,0,3,1,2,nochange_ori,z,3,testing
19,yz,f,21,index,True,903706,904817,/,1.2,4.2,1.2,4.2,2,3,1,0,change_ori,/,0,testing
19,yz,f,21,index,True,909417,910577,z,2.2,4.2,2.2,4.2,0,3,2,1,nochange_ori,z,1,testing
19,yz,f,21,index,True,915211,917441,/,1.2,1.2,0.7,0.7,3,0,1,2,change_col,/,2,testing
19,yz,f,21,index,True,922007,923474,z,1.2,4.2,4.2,1.2,1,3,2,0,nochange_col,z,0,testing
19,yz,f,21,index,True,928101,929441,/,2.2,2.2,4.2,4.2,0,1,2,3,change_ori,/,0,testing
19,yz,f,21,index,True,934062,934770,/,4.2,2.2,4.2,2.2,2,1,3,0,change_col,/,1,testing
19,yz,f,21,index,True,939355,941249,z,0.7,4.2,0.7,4.2,2,3,1,0,nochange_col,z,0,testing
19,yz,f,21,index,True,945934,947377,/,0.7,2.2,0.7,2.2,0,1,3,2,nochange_ori,z,0,testing
19,yz,f,21,index,True,952095,954577,/,0.7,4.2,0.7,4.2,1,3,0,2,change_col,/,0,testing
19,yz,f,21,index,True,959292,960705,z,0.7,0.7,4.2,4.2,3,2,1,0,nochange_col,z,2,testing
19,yz,f,21,index,True,965403,966978,/,2.2,0.7,2.2,0.7,0,1,2,3,nochange_col,z,3,testing
19,yz,f,21,index,True,971564,972801,/,2.2,0.7,0.7,2.2,3,1,0,2,change_ori,/,1,testing
19,yz,f,21,index,True,977375,978816,z,2.2,4.2,4.2,2.2,3,1,2,0,nochange_col,z,2,testing
19,yz,f,21,index,True,983386,985218,/,1.2,2.2,2.2,1.2,0,2,3,1,change_col,/,0,testing
19,yz,f,21,index,True,989831,993009,z,0.7,4.2,0.7,4.2,0,1,2,3,nochange_col,z,0,testing
19,yz,f,21,index,True,997695,1000129,/,4.2,4.2,2.2,2.2,0,1,2,3,change_ori,/,0,testing
19,yz,f,21,index,True,1004726,1006609,/,4.2,0.7,4.2,0.7,0,3,1,2,nochange_col,z,3,testing
19,yz,f,21,index,True,1011187,1012609,z,4.2,1.2,4.2,1.2,1,0,2,3,nochange_col,z,0,testing
19,yz,f,21,index,True,1017198,1019137,/,2.2,2.2,1.2,1.2,1,2,3,0,nochange_ori,z,2,testing
19,yz,f,21,index,True,1023844,1025361,z,2.2,1.2,2.2,1.2,3,1,0,2,nochange_ori,z,3,testing
19,yz,f,21,index,True,1030089,1031873,/,0.7,0.7,1.2,1.2,0,2,1,3,change_ori,/,2,testing
19,yz,f,21,index,True,1036483,1037633,/,4.2,2.2,4.2,2.2,3,2,0,1,change_col,/,2,testing
19,yz,f,21,index,True,1042261,1044161,/,4.2,0.7,4.2,0.7,1,3,0,2,change_ori,/,0,testing
19,yz,f,21,index,True,1048840,1050257,/,4.2,2.2,2.2,4.2,1,2,0,3,change_ori,/,1,testing
19,yz,f,21,index,True,1054935,1056257,/,0.7,1.2,0.7,1.2,1,2,0,3,change_col,/,1,testing
19,yz,f,21,index,True,1060878,1063505,/,0.7,0.7,4.2,4.2,3,1,2,0,change_col,/,1,testing
19,yz,f,21,index,True,1068092,1069040,/,1.2,4.2,1.2,4.2,0,2,1,3,change_ori,/,3,testing
19,yz,f,21,index,True,1073669,1075041,/,0.7,1.2,1.2,0.7,2,0,1,3,nochange_ori,z,0,testing
19,yz,f,21,index,True,1079680,1080545,/,2.2,2.2,0.7,0.7,0,3,2,1,change_col,/,3,testing
19,yz,f,21,index,True,1085240,1086177,z,0.7,0.7,1.2,1.2,3,0,1,2,nochange_ori,z,3,testing
19,yz,f,21,index,True,1090783,1091744,z,1.2,1.2,4.2,4.2,2,1,3,0,nochange_ori,z,0,testing
19,yz,f,21,index,True,1096327,1096817,z,4.2,0.7,4.2,0.7,1,3,0,2,nochange_ori,z,2,testing
19,yz,f,21,index,True,1101420,1102385,/,4.2,4.2,0.7,0.7,3,2,0,1,change_col,/,0,testing
19,yz,f,21,index,True,1107097,1107793,/,0.7,0.7,1.2,1.2,0,3,2,1,nochange_col,z,0,testing
19,yz,f,21,index,True,1112540,1116561,z,2.2,4.2,2.2,4.2,1,0,2,3,nochange_ori,z,2,testing
19,yz,f,21,index,True,1121139,1122912,/,4.2,1.2,1.2,4.2,1,3,0,2,change_col,/,2,testing
19,yz,f,21,index,True,1127601,1128769,z,1.2,0.7,1.2,0.7,2,0,1,3,nochange_col,z,2,testing
19,yz,f,21,index,True,1133512,1134641,z,4.2,0.7,4.2,0.7,0,3,2,1,nochange_col,z,0,testing
19,yz,f,21,index,True,1139272,1140673,z,4.2,4.2,1.2,1.2,2,3,1,0,nochange_col,z,3,testing
19,yz,f,21,index,True,1145334,1146129,z,2.2,4.2,2.2,4.2,3,0,2,1,nochange_ori,z,0,testing
19,yz,f,21,index,True,1150710,1151633,z,4.2,4.2,2.2,2.2,1,2,0,3,nochange_ori,z,3,testing
19,yz,f,21,index,True,1156320,1158657,/,1.2,2.2,2.2,1.2,0,2,1,3,change_col,/,0,testing
19,yz,f,21,index,True,1163250,1164721,/,2.2,1.2,2.2,1.2,3,2,0,1,change_col,/,0,testing
19,yz,f,21,index,True,1169444,1171041,/,2.2,1.2,2.2,1.2,1,0,3,2,change_ori,/,1,testing
19,yz,f,21,index,True,1175623,1176656,z,4.2,0.7,0.7,4.2,1,2,0,3,nochange_col,z,0,testing
19,yz,f,21,index,True,1181267,1182049,/,2.2,2.2,4.2,4.2,2,0,3,1,change_col,/,0,testing
19,yz,f,21,index,True,1186643,1188209,/,2.2,4.2,4.2,2.2,3,2,0,1,change_col,/,2,testing
19,yz,f,21,index,True,1192938,1193600,/,4.2,1.2,1.2,4.2,3,2,1,0,nochange_ori,z,3,testing
19,yz,f,21,index,True,1198298,1200784,/,0.7,4.2,0.7,4.2,2,1,0,3,nochange_col,z,3,testing
19,yz,f,21,index,True,1205478,1206992,z,4.2,2.2,4.2,2.2,2,1,0,3,nochange_col,z,1,testing
19,yz,f,21,index,True,1211672,1214240,z,1.2,4.2,4.2,1.2,0,1,2,3,change_ori,/,3,testing
19,yz,f,21,index,True,1218969,1219809,z,0.7,1.2,1.2,0.7,1,2,3,0,nochange_col,z,0,testing
19,yz,f,21,index,True,1224479,1226048,z,1.2,1.2,2.2,2.2,2,3,0,1,nochange_ori,z,3,testing
19,yz,f,21,index,True,1230657,1232720,z,0.7,0.7,4.2,4.2,1,2,0,3,nochange_ori,z,0,testing
19,yz,f,21,index,True,1237303,1239521,/,1.2,2.2,2.2,1.2,0,3,1,2,change_ori,/,3,testing
19,yz,f,21,index,True,1244182,1245088,/,2.2,1.2,1.2,2.2,3,1,0,2,change_col,/,2,testing
19,yz,f,21,index,True,1249726,1252336,/,1.2,2.2,2.2,1.2,1,3,2,0,change_ori,/,1,testing
19,yz,f,21,index,True,1256938,1259855,/,4.2,4.2,1.2,1.2,1,0,3,2,change_ori,/,2,testing
19,yz,f,21,index,True,1264452,1265937,z,4.2,4.2,1.2,1.2,1,2,0,3,nochange_ori,z,2,testing
19,yz,f,21,index,True,1270598,1271312,z,0.7,2.2,2.2,0.7,2,0,1,3,nochange_ori,z,3,testing
19,yz,f,21,index,True,1275891,1277040,/,0.7,4.2,0.7,4.2,3,1,2,0,nochange_ori,z,2,testing
19,yz,f,21,index,True,1281801,1283104,z,2.2,0.7,2.2,0.7,1,3,2,0,nochange_ori,z,0,testing
19,yz,f,21,index,True,1287829,1289168,z,1.2,1.2,4.2,4.2,2,1,0,3,nochange_col,z,2,testing
19,yz,f,21,index,True,1293856,1295504,z,0.7,1.2,1.2,0.7,2,0,1,3,change_ori,/,0,testing
19,yz,f,21,index,True,1300201,1304769,/,1.2,4.2,4.2,1.2,2,3,0,1,change_ori,/,3,testing
19,yz,f,21,index,True,1309469,1311601,z,0.7,1.2,1.2,0.7,1,0,2,3,change_ori,/,0,testing
19,yz,f,21,index,True,1316348,1317473,z,0.7,2.2,0.7,2.2,3,2,1,0,change_ori,/,0,testing
19,yz,f,21,index,True,1322226,1326336,/,2.2,0.7,2.2,0.7,3,2,0,1,nochange_col,z,1,testing
19,yz,f,21,index,True,1331092,1332128,z,4.2,1.2,4.2,1.2,0,1,3,2,nochange_ori,z,0,testing
19,yz,f,21,index,True,1336836,1337568,/,4.2,4.2,2.2,2.2,2,0,1,3,change_col,/,3,testing
19,yz,f,21,index,True,1342263,1343695,z,1.2,2.2,1.2,2.2,0,2,1,3,change_ori,/,0,testing
19,yz,f,21,index,True,1348424,1350769,/,2.2,0.7,0.7,2.2,3,2,1,0,change_ori,/,2,testing
19,yz,f,21,index,True,1355336,1357536,z,0.7,0.7,2.2,2.2,3,1,2,0,change_ori,/,1,testing
