subj,name,gender,age,cond,P_resp,P_startTime,P_respTime,P_gotKey,sf1,sf2,sf3,sf4,ord_1,ord_2,ord_3,ord_4,task,correct_key,no_change,mode
1,cm,f,21,index,True,299248,301455,/,4.2,4.2,2.2,2.2,3,0,2,1,change_ori,/,2,practice
1,cm,f,21,index,True,306127,307791,z,0.7,1.2,0.7,1.2,0,1,3,2,nochange_ori,z,0,practice
1,cm,f,21,index,True,312522,313647,/,2.2,2.2,1.2,1.2,1,2,3,0,nochange_col,z,2,practice
1,cm,f,21,index,True,318250,319439,/,1.2,0.7,1.2,0.7,0,2,3,1,change_col,/,1,practice
1,cm,f,21,index,True,324160,325327,z,4.2,0.7,4.2,0.7,2,3,1,0,nochange_ori,z,3,practice
1,cm,f,21,index,True,329938,331104,z,4.2,0.7,4.2,0.7,3,0,1,2,nochange_col,z,2,practice
1,cm,f,21,index,True,335715,337839,/,0.7,2.2,0.7,2.2,2,3,0,1,change_ori,/,1,practice
1,cm,f,21,index,True,342478,343887,/,1.2,2.2,2.2,1.2,3,1,2,0,nochange_ori,z,0,practice
1,cm,f,21,index,True,348505,349936,/,4.2,0.7,0.7,4.2,1,0,3,2,nochange_ori,z,3,practice
1,cm,f,21,index,True,354667,355743,z,4.2,4.2,1.2,1.2,3,1,2,0,change_ori,/,2,practice
1,cm,f,21,index,True,360461,362095,z,4.2,4.2,0.7,0.7,1,0,3,2,nochange_col,z,2,practice
1,cm,f,21,index,True,366772,367983,/,2.2,4.2,2.2,4.2,3,1,2,0,change_col,/,2,practice
1,cm,f,21,index,True,372616,374655,/,1.2,0.7,0.7,1.2,3,0,2,1,change_ori,/,3,practice
1,cm,f,21,index,True,379262,380191,z,2.2,0.7,0.7,2.2,3,1,2,0,nochange_col,z,0,practice
1,cm,f,21,index,True,384905,386047,/,4.2,1.2,4.2,1.2,1,0,3,2,change_col,/,0,practice
1,cm,f,21,index,True,390716,391807,z,0.7,4.2,0.7,4.2,1,0,3,2,nochange_ori,z,0,practice
1,cm,f,21,index,True,396577,398063,/,1.2,2.2,1.2,2.2,0,1,3,2,change_col,/,3,practice
1,cm,f,21,index,True,402822,403743,/,1.2,0.7,0.7,1.2,1,0,3,2,change_col,/,3,practice
1,cm,f,21,index,True,408365,409487,/,1.2,1.2,2.2,2.2,0,1,2,3,nochange_col,z,1,practice
1,cm,f,21,index,True,414159,415359,/,0.7,4.2,4.2,0.7,3,2,0,1,change_ori,/,0,practice
1,cm,f,21,index,True,454384,455423,z,0.7,1.2,1.2,0.7,3,1,0,2,change_ori,/,3,testing
1,cm,f,21,index,True,460127,460943,/,4.2,2.2,2.2,4.2,0,3,2,1,change_col,/,0,testing
1,cm,f,21,index,True,465537,467071,z,1.2,0.7,0.7,1.2,0,1,3,2,nochange_col,z,0,testing
1,cm,f,21,index,True,471715,473151,z,4.2,4.2,0.7,0.7,3,1,2,0,change_ori,/,1,testing
1,cm,f,21,index,True,477843,478782,/,2.2,4.2,4.2,2.2,0,3,1,2,change_col,/,0,testing
1,cm,f,21,index,True,483354,484511,z,2.2,2.2,0.7,0.7,1,2,0,3,nochange_ori,z,2,testing
1,cm,f,21,index,True,489081,490223,z,4.2,2.2,4.2,2.2,0,1,3,2,change_ori,/,2,testing
1,cm,f,21,index,True,494908,495759,z,4.2,4.2,1.2,1.2,3,1,0,2,nochange_col,z,1,testing
1,cm,f,21,index,True,500519,502175,/,4.2,4.2,2.2,2.2,0,1,3,2,change_col,/,0,testing
1,cm,f,21,index,True,506780,508255,/,0.7,2.2,2.2,0.7,1,0,3,2,nochange_col,z,1,testing
1,cm,f,21,index,True,512908,513919,z,2.2,2.2,1.2,1.2,2,0,3,1,nochange_ori,z,1,testing
1,cm,f,21,index,True,518618,519679,z,2.2,1.2,2.2,1.2,3,0,1,2,nochange_col,z,3,testing
1,cm,f,21,index,True,524346,526206,/,0.7,4.2,4.2,0.7,1,3,0,2,change_ori,/,3,testing
1,cm,f,21,index,True,530907,533086,/,1.2,0.7,0.7,1.2,1,2,3,0,change_col,/,1,testing
1,cm,f,21,index,True,537687,538799,/,4.2,0.7,0.7,4.2,0,3,2,1,change_ori,/,2,testing
1,cm,f,21,index,True,543530,544799,/,2.2,4.2,2.2,4.2,2,3,1,0,change_col,/,1,testing
1,cm,f,21,index,True,549509,550927,z,0.7,0.7,2.2,2.2,0,1,2,3,nochange_col,z,2,testing
1,cm,f,21,index,True,555637,556735,/,0.7,2.2,0.7,2.2,1,2,3,0,nochange_col,z,1,testing
1,cm,f,21,index,True,561396,562719,z,1.2,1.2,2.2,2.2,0,3,2,1,nochange_ori,z,0,testing
1,cm,f,21,index,True,567341,570655,z,0.7,0.7,2.2,2.2,0,3,2,1,nochange_col,z,1,testing
1,cm,f,21,index,True,575406,576495,z,0.7,2.2,0.7,2.2,3,0,2,1,nochange_ori,z,1,testing
1,cm,f,21,index,True,581184,582479,z,0.7,1.2,0.7,1.2,3,2,0,1,nochange_col,z,2,testing
1,cm,f,21,index,True,587077,589519,/,4.2,2.2,4.2,2.2,3,2,0,1,change_ori,/,0,testing
1,cm,f,21,index,True,594190,595199,z,1.2,1.2,4.2,4.2,2,0,1,3,nochange_col,z,3,testing
1,cm,f,21,index,True,599851,601295,z,0.7,2.2,0.7,2.2,0,2,3,1,change_col,/,2,testing
1,cm,f,21,index,True,605929,606911,z,2.2,1.2,2.2,1.2,1,0,3,2,nochange_col,z,0,testing
1,cm,f,21,index,True,611539,612559,z,4.2,4.2,1.2,1.2,0,1,2,3,nochange_ori,z,2,testing
1,cm,f,21,index,True,617300,619007,/,1.2,2.2,1.2,2.2,3,0,2,1,change_col,/,0,testing
1,cm,f,21,index,True,623611,624814,z,0.7,0.7,2.2,2.2,2,1,3,0,nochange_col,z,2,testing
1,cm,f,21,index,True,629556,630734,z,1.2,0.7,0.7,1.2,0,3,2,1,nochange_col,z,1,testing
1,cm,f,21,index,True,635300,636271,z,0.7,0.7,4.2,4.2,3,2,0,1,nochange_ori,z,0,testing
1,cm,f,21,index,True,640910,642255,z,1.2,0.7,0.7,1.2,0,3,2,1,change_col,/,1,testing
1,cm,f,21,index,True,646854,647807,/,2.2,2.2,0.7,0.7,2,0,1,3,change_col,/,1,testing
1,cm,f,21,index,True,652465,653263,z,2.2,1.2,2.2,1.2,1,0,2,3,nochange_ori,z,1,testing
1,cm,f,21,index,True,658008,659727,z,0.7,0.7,4.2,4.2,1,3,2,0,change_ori,/,1,testing
1,cm,f,21,index,True,664354,665230,z,0.7,4.2,4.2,0.7,2,3,0,1,change_ori,/,1,testing
1,cm,f,21,index,True,669880,670895,/,4.2,4.2,1.2,1.2,1,3,2,0,change_col,/,3,testing
1,cm,f,21,index,True,675507,679902,z,0.7,1.2,0.7,1.2,3,2,1,0,change_ori,/,0,testing
1,cm,f,21,index,True,684590,686095,/,1.2,0.7,0.7,1.2,3,2,0,1,nochange_col,z,2,testing
1,cm,f,21,index,True,690735,692559,z,0.7,0.7,4.2,4.2,0,1,2,3,change_ori,/,2,testing
1,cm,f,21,index,True,697313,698383,z,1.2,0.7,0.7,1.2,0,1,2,3,nochange_col,z,1,testing
1,cm,f,21,index,True,703024,703839,/,0.7,0.7,2.2,2.2,3,2,0,1,change_col,/,2,testing
1,cm,f,21,index,True,708484,709375,z,1.2,4.2,1.2,4.2,1,3,2,0,change_ori,/,1,testing
1,cm,f,21,index,True,714095,715118,/,1.2,0.7,1.2,0.7,2,3,0,1,change_ori,/,2,testing
1,cm,f,21,index,True,719805,720543,z,0.7,4.2,0.7,4.2,2,1,0,3,nochange_ori,z,2,testing
1,cm,f,21,index,True,725265,726143,z,2.2,2.2,4.2,4.2,2,1,0,3,nochange_col,z,3,testing
1,cm,f,21,index,True,730775,735391,z,4.2,1.2,1.2,4.2,2,3,0,1,nochange_ori,z,0,testing
1,cm,f,21,index,True,740076,741791,z,1.2,1.2,0.7,0.7,0,2,3,1,nochange_col,z,1,testing
1,cm,f,21,index,True,746454,747199,z,2.2,4.2,2.2,4.2,3,2,1,0,nochange_col,z,1,testing
1,cm,f,21,index,True,751914,752847,/,2.2,0.7,2.2,0.7,3,1,2,0,change_col,/,3,testing
1,cm,f,21,index,True,757458,758623,z,1.2,1.2,0.7,0.7,2,1,3,0,nochange_ori,z,3,testing
1,cm,f,21,index,True,763219,764142,z,1.2,1.2,2.2,2.2,0,1,3,2,nochange_ori,z,0,testing
1,cm,f,21,index,True,768795,769807,z,1.2,0.7,1.2,0.7,1,0,2,3,change_col,/,2,testing
1,cm,f,21,index,True,774422,775422,z,4.2,4.2,1.2,1.2,0,2,3,1,nochange_ori,z,1,testing
1,cm,f,21,index,True,780166,781118,/,2.2,4.2,2.2,4.2,3,1,2,0,change_col,/,0,testing
1,cm,f,21,index,True,785743,786942,z,2.2,1.2,1.2,2.2,0,2,1,3,change_ori,/,3,testing
1,cm,f,21,index,True,791721,793055,z,4.2,1.2,1.2,4.2,1,2,3,0,nochange_ori,z,2,testing
1,cm,f,21,index,True,797815,798782,/,1.2,0.7,1.2,0.7,1,0,2,3,change_col,/,2,testing
1,cm,f,21,index,True,803492,804895,/,1.2,4.2,4.2,1.2,3,1,2,0,nochange_ori,z,2,testing
1,cm,f,21,index,True,809587,811791,/,1.2,4.2,1.2,4.2,3,0,1,2,change_col,/,2,testing
1,cm,f,21,index,True,816399,817742,z,0.7,2.2,0.7,2.2,2,3,0,1,nochange_ori,z,0,testing
1,cm,f,21,index,True,822377,823246,/,0.7,1.2,0.7,1.2,0,2,3,1,change_col,/,3,testing
1,cm,f,21,index,True,827954,829438,z,4.2,4.2,1.2,1.2,0,3,1,2,nochange_col,z,3,testing
1,cm,f,21,index,True,834016,835103,z,2.2,4.2,4.2,2.2,2,0,1,3,change_ori,/,1,testing
1,cm,f,21,index,True,839826,840702,/,4.2,4.2,0.7,0.7,2,1,3,0,change_col,/,2,testing
1,cm,f,21,index,True,845286,847134,z,1.2,2.2,1.2,2.2,2,3,1,0,change_ori,/,2,testing
1,cm,f,21,index,True,851864,852814,z,1.2,4.2,4.2,1.2,0,3,1,2,nochange_ori,z,0,testing
1,cm,f,21,index,True,857458,859534,z,1.2,4.2,4.2,1.2,0,2,1,3,nochange_ori,z,0,testing
1,cm,f,21,index,True,864188,865135,z,2.2,2.2,1.2,1.2,3,1,2,0,nochange_ori,z,2,testing
1,cm,f,21,index,True,869697,871118,z,2.2,1.2,2.2,1.2,1,0,3,2,nochange_col,z,0,testing
1,cm,f,21,index,True,875726,877118,z,2.2,1.2,1.2,2.2,3,1,2,0,change_ori,/,1,testing
1,cm,f,21,index,True,881770,883822,/,1.2,1.2,0.7,0.7,3,1,2,0,change_ori,/,2,testing
1,cm,f,21,index,True,888432,889183,z,1.2,1.2,4.2,4.2,2,0,3,1,change_ori,/,2,testing
1,cm,f,21,index,True,893759,894750,z,2.2,4.2,4.2,2.2,3,2,0,1,change_ori,/,0,testing
1,cm,f,21,index,True,899519,900511,z,4.2,4.2,1.2,1.2,3,2,1,0,change_ori,/,2,testing
1,cm,f,21,index,True,905229,906526,z,1.2,0.7,1.2,0.7,2,0,1,3,nochange_ori,z,3,testing
1,cm,f,21,index,True,911174,912015,z,2.2,2.2,0.7,0.7,1,2,0,3,nochange_ori,z,0,testing
1,cm,f,21,index,True,916650,917358,/,4.2,2.2,4.2,2.2,2,3,0,1,change_col,/,3,testing
1,cm,f,21,index,True,922027,924175,z,2.2,0.7,2.2,0.7,3,2,0,1,nochange_col,z,0,testing
1,cm,f,21,index,True,928772,930255,/,2.2,1.2,2.2,1.2,0,1,3,2,change_col,/,1,testing
1,cm,f,21,index,True,957275,958734,z,2.2,0.7,2.2,0.7,2,0,3,1,nochange_ori,z,3,testing
1,cm,f,21,index,True,963370,964223,/,2.2,1.2,2.2,1.2,0,1,2,3,change_col,/,0,testing
1,cm,f,21,index,True,968896,969807,z,0.7,2.2,0.7,2.2,0,1,2,3,change_ori,/,1,testing
1,cm,f,21,index,True,974474,975294,/,2.2,0.7,0.7,2.2,0,1,3,2,change_col,/,0,testing
1,cm,f,21,index,True,980051,980927,z,0.7,0.7,4.2,4.2,3,2,1,0,nochange_col,z,0,testing
1,cm,f,21,index,True,985678,986526,z,0.7,0.7,2.2,2.2,0,3,2,1,nochange_ori,z,3,testing
1,cm,f,21,index,True,991288,992334,z,2.2,4.2,2.2,4.2,0,3,1,2,nochange_col,z,2,testing
1,cm,f,21,index,True,997015,997807,z,1.2,4.2,1.2,4.2,3,0,1,2,nochange_ori,z,3,testing
1,cm,f,21,index,True,1002509,1003214,z,2.2,2.2,4.2,4.2,1,0,3,2,nochange_ori,z,0,testing
1,cm,f,21,index,True,1007785,1009727,/,1.2,0.7,1.2,0.7,2,1,3,0,nochange_col,z,1,testing
1,cm,f,21,index,True,1014464,1015310,z,0.7,4.2,4.2,0.7,2,1,3,0,change_ori,/,2,testing
1,cm,f,21,index,True,1020058,1020782,z,1.2,4.2,4.2,1.2,0,1,2,3,nochange_col,z,2,testing
1,cm,f,21,index,True,1025351,1026189,z,0.7,0.7,1.2,1.2,1,2,3,0,nochange_col,z,0,testing
1,cm,f,21,index,True,1030811,1032525,z,1.2,4.2,1.2,4.2,2,0,1,3,nochange_col,z,3,testing
1,cm,f,21,index,True,1037256,1038238,/,2.2,2.2,4.2,4.2,2,3,0,1,change_col,/,0,testing
1,cm,f,21,index,True,1042883,1043839,z,1.2,2.2,2.2,1.2,1,0,2,3,change_ori,/,3,testing
1,cm,f,21,index,True,1048493,1049135,z,2.2,2.2,1.2,1.2,0,2,1,3,nochange_col,z,2,testing
1,cm,f,21,index,True,1053753,1056095,/,0.7,0.7,4.2,4.2,3,0,2,1,change_ori,/,1,testing
1,cm,f,21,index,True,1060766,1062095,z,1.2,1.2,2.2,2.2,3,1,2,0,change_ori,/,2,testing
1,cm,f,21,index,True,1066793,1068591,/,2.2,0.7,0.7,2.2,3,1,2,0,change_col,/,2,testing
1,cm,f,21,index,True,1073289,1073998,/,0.7,1.2,1.2,0.7,3,1,0,2,change_col,/,1,testing
1,cm,f,21,index,True,1078665,1080318,/,4.2,0.7,4.2,0.7,1,3,0,2,nochange_ori,z,2,testing
1,cm,f,21,index,True,1085027,1086014,z,4.2,4.2,2.2,2.2,3,0,2,1,change_ori,/,3,testing
1,cm,f,21,index,True,1090671,1092190,z,2.2,1.2,2.2,1.2,2,1,3,0,nochange_ori,z,1,testing
1,cm,f,21,index,True,1096933,1097869,z,4.2,4.2,2.2,2.2,3,0,1,2,change_ori,/,1,testing
1,cm,f,21,index,True,1102626,1103454,z,1.2,1.2,4.2,4.2,1,3,0,2,nochange_col,z,0,testing
1,cm,f,21,index,True,1108187,1109086,z,4.2,1.2,4.2,1.2,1,3,0,2,change_ori,/,1,testing
1,cm,f,21,index,True,1113763,1114686,/,2.2,0.7,2.2,0.7,3,2,0,1,nochange_ori,z,2,testing
1,cm,f,21,index,True,1119323,1120910,z,0.7,2.2,2.2,0.7,3,1,2,0,nochange_ori,z,3,testing
1,cm,f,21,index,True,1125635,1126431,z,4.2,4.2,1.2,1.2,1,2,3,0,nochange_ori,z,0,testing
1,cm,f,21,index,True,1131129,1132382,/,2.2,1.2,2.2,1.2,2,3,0,1,change_col,/,0,testing
1,cm,f,21,index,True,1137090,1137966,z,1.2,1.2,4.2,4.2,3,1,2,0,change_ori,/,3,testing
1,cm,f,21,index,True,1142733,1144174,/,0.7,1.2,1.2,0.7,1,0,3,2,change_ori,/,0,testing
1,cm,f,21,index,True,1148845,1149630,z,0.7,4.2,4.2,0.7,3,2,0,1,change_ori,/,2,testing
1,cm,f,21,index,True,1154354,1155438,z,1.2,1.2,2.2,2.2,3,1,0,2,nochange_col,z,1,testing
1,cm,f,21,index,True,1160165,1161727,z,0.7,2.2,0.7,2.2,0,2,1,3,nochange_ori,z,2,testing
1,cm,f,21,index,True,1166293,1167198,z,2.2,0.7,2.2,0.7,0,1,2,3,nochange_col,z,2,testing
1,cm,f,21,index,True,1171903,1172766,z,1.2,2.2,2.2,1.2,0,1,2,3,nochange_ori,z,1,testing
1,cm,f,21,index,True,1177330,1178414,/,4.2,0.7,0.7,4.2,0,3,2,1,change_col,/,0,testing
1,cm,f,21,index,True,1183124,1183998,/,0.7,4.2,0.7,4.2,0,1,2,3,change_ori,/,0,testing
1,cm,f,21,index,True,1188567,1190750,/,0.7,1.2,1.2,0.7,1,3,0,2,change_col,/,0,testing
1,cm,f,21,index,True,1195480,1196414,/,4.2,0.7,4.2,0.7,1,3,2,0,nochange_col,z,1,testing
1,cm,f,21,index,True,1201091,1202590,z,4.2,1.2,1.2,4.2,3,1,0,2,nochange_ori,z,3,testing
1,cm,f,21,index,True,1207269,1208909,z,0.7,4.2,0.7,4.2,2,0,1,3,nochange_ori,z,0,testing
1,cm,f,21,index,True,1213530,1214398,/,0.7,1.2,1.2,0.7,0,2,3,1,change_col,/,2,testing
1,cm,f,21,index,True,1219141,1221550,/,1.2,0.7,1.2,0.7,2,3,0,1,change_ori,/,3,testing
1,cm,f,21,index,True,1226137,1227134,z,1.2,2.2,2.2,1.2,0,3,1,2,change_ori,/,2,testing
1,cm,f,21,index,True,1231881,1233486,z,4.2,4.2,1.2,1.2,3,0,1,2,change_ori,/,2,testing
1,cm,f,21,index,True,1238158,1239342,z,1.2,4.2,4.2,1.2,1,3,0,2,nochange_col,z,3,testing
1,cm,f,21,index,True,1243953,1244909,z,2.2,2.2,4.2,4.2,0,1,3,2,nochange_col,z,3,testing
1,cm,f,21,index,True,1249546,1250446,z,1.2,4.2,1.2,4.2,1,2,3,0,change_ori,/,3,testing
1,cm,f,21,index,True,1255207,1256158,/,1.2,0.7,0.7,1.2,0,1,2,3,change_col,/,1,testing
1,cm,f,21,index,True,1260817,1261550,z,1.2,2.2,1.2,2.2,3,2,0,1,nochange_col,z,0,testing
1,cm,f,21,index,True,1266160,1267982,z,1.2,2.2,1.2,2.2,1,3,2,0,nochange_ori,z,2,testing
1,cm,f,21,index,True,1272556,1273278,/,2.2,0.7,0.7,2.2,1,3,2,0,change_col,/,0,testing
1,cm,f,21,index,True,1277915,1278941,/,2.2,1.2,2.2,1.2,1,3,2,0,change_col,/,2,testing
1,cm,f,21,index,True,1283676,1284414,/,0.7,2.2,0.7,2.2,1,3,0,2,change_col,/,3,testing
1,cm,f,21,index,True,1289152,1289886,z,2.2,1.2,1.2,2.2,0,3,2,1,change_ori,/,1,testing
1,cm,f,21,index,True,1294646,1295806,z,4.2,4.2,1.2,1.2,2,0,3,1,nochange_col,z,1,testing
1,cm,f,21,index,True,1300540,1301422,/,1.2,0.7,1.2,0.7,2,0,1,3,change_col,/,0,testing
1,cm,f,21,index,True,1306067,1307550,z,1.2,2.2,2.2,1.2,0,3,2,1,nochange_ori,z,3,testing
1,cm,f,21,index,True,1312328,1313006,z,1.2,2.2,1.2,2.2,2,3,0,1,nochange_col,z,2,testing
1,cm,f,21,index,True,1317588,1318430,/,2.2,1.2,1.2,2.2,2,3,0,1,change_col,/,0,testing
1,cm,f,21,index,True,1323064,1324526,/,2.2,0.7,2.2,0.7,1,2,0,3,nochange_col,z,1,testing
1,cm,f,21,index,True,1329176,1330414,z,4.2,1.2,1.2,4.2,3,2,1,0,nochange_col,z,1,testing
1,cm,f,21,index,True,1335021,1336158,z,0.7,1.2,1.2,0.7,2,1,0,3,change_ori,/,0,testing
1,cm,f,21,index,True,1340897,1342094,/,2.2,0.7,2.2,0.7,1,2,3,0,change_col,/,3,testing
1,cm,f,21,index,True,1346858,1347630,/,4.2,0.7,0.7,4.2,0,1,3,2,change_col,/,1,testing
1,cm,f,21,index,True,1352335,1354174,/,4.2,0.7,0.7,4.2,2,3,1,0,change_ori,/,3,testing
1,cm,f,21,index,True,1358931,1359614,z,0.7,0.7,1.2,1.2,3,1,2,0,nochange_ori,z,1,testing
1,cm,f,21,index,True,1364291,1364974,/,0.7,4.2,0.7,4.2,3,1,0,2,change_col,/,1,testing
1,cm,f,21,index,True,1369634,1370494,z,4.2,2.2,4.2,2.2,3,1,0,2,nochange_ori,z,2,testing
1,cm,f,21,index,True,1375110,1375693,z,1.2,1.2,0.7,0.7,1,0,2,3,nochange_ori,z,1,testing
1,cm,f,21,index,True,1380403,1381086,/,1.2,2.2,1.2,2.2,1,3,0,2,change_col,/,2,testing
1,cm,f,21,index,True,1385764,1386605,z,0.7,4.2,4.2,0.7,2,0,1,3,nochange_col,z,2,testing
1,cm,f,21,index,True,1391357,1391998,/,4.2,0.7,0.7,4.2,1,3,0,2,change_col,/,0,testing
1,cm,f,21,index,True,1396634,1398014,/,1.2,0.7,0.7,1.2,0,3,2,1,nochange_col,z,3,testing
1,cm,f,21,index,True,1402578,1403326,z,1.2,2.2,1.2,2.2,1,2,0,3,nochange_ori,z,3,testing
1,cm,f,21,index,True,1408038,1408702,z,1.2,1.2,2.2,2.2,3,0,2,1,nochange_ori,z,0,testing
1,cm,f,21,index,True,1413414,1414430,z,4.2,4.2,2.2,2.2,2,0,3,1,change_ori,/,1,testing
