subj,name,gender,age,cond,P_resp,P_startTime,P_respTime,P_gotKey,sf1,sf2,sf3,sf4,ord_1,ord_2,ord_3,ord_4,task,correct_key,no_change,mode
1,cm,f,21,noindex,True,98043,98986,/,2.2,1.2,0.7,4.2,1,3,2,0,change_col,/,0,practice
1,cm,f,21,noindex,True,103670,107626,/,2.2,4.2,1.2,0.7,0,1,2,3,change_col,/,3,practice
1,cm,f,21,noindex,True,112253,113803,/,2.2,0.7,1.2,4.2,1,2,3,0,change_ori,/,3,practice
1,cm,f,21,noindex,True,118381,123291,z,4.2,0.7,1.2,2.2,0,1,2,3,change_col,/,1,practice
1,cm,f,21,noindex,True,127998,128811,/,2.2,0.7,1.2,4.2,2,0,3,1,change_col,/,0,practice
1,cm,f,21,noindex,True,133509,134875,z,2.2,4.2,0.7,1.2,0,3,1,2,change_ori,/,2,practice
1,cm,f,21,noindex,True,139553,141035,z,4.2,1.2,2.2,0.7,2,3,1,0,change_ori,/,1,practice
1,cm,f,21,noindex,True,145697,147499,/,4.2,2.2,1.2,0.7,0,3,1,2,change_ori,/,3,practice
1,cm,f,21,noindex,True,152159,153723,/,0.7,4.2,2.2,1.2,1,2,0,3,nochange_ori,z,2,practice
1,cm,f,21,noindex,True,158371,162267,/,1.2,4.2,2.2,0.7,0,1,3,2,nochange_col,z,3,practice
1,cm,f,21,noindex,True,166986,168107,z,1.2,2.2,0.7,4.2,3,0,2,1,nochange_ori,z,3,practice
1,cm,f,21,noindex,True,172780,174875,z,1.2,0.7,2.2,4.2,3,0,2,1,nochange_col,z,2,practice
1,cm,f,21,noindex,True,179593,181450,/,0.7,4.2,1.2,2.2,2,1,0,3,nochange_ori,z,1,practice
1,cm,f,21,noindex,True,186106,190458,/,0.7,2.2,1.2,4.2,2,1,3,0,nochange_col,z,0,practice
1,cm,f,21,noindex,True,195155,196939,/,1.2,0.7,2.2,4.2,2,1,0,3,nochange_col,z,1,practice
1,cm,f,21,noindex,True,201568,203099,z,0.7,4.2,1.2,2.2,2,0,3,1,nochange_col,z,0,practice
1,cm,f,21,noindex,True,207845,209275,z,4.2,0.7,2.2,1.2,3,1,0,2,change_ori,/,1,practice
1,cm,f,21,noindex,True,213940,216267,/,0.7,1.2,4.2,2.2,2,0,3,1,change_col,/,0,practice
1,cm,f,21,noindex,True,220952,221947,z,2.2,4.2,1.2,0.7,1,0,2,3,nochange_ori,z,1,practice
1,cm,f,21,noindex,True,226546,228267,/,1.2,0.7,2.2,4.2,0,2,3,1,nochange_ori,z,2,practice
1,cm,f,21,noindex,True,238201,239371,/,4.2,1.2,0.7,2.2,1,3,0,2,nochange_col,z,3,testing
1,cm,f,21,noindex,True,244146,244939,/,1.2,2.2,0.7,4.2,3,1,2,0,change_col,/,1,testing
1,cm,f,21,noindex,True,249556,250411,z,4.2,0.7,1.2,2.2,1,2,3,0,nochange_col,z,2,testing
1,cm,f,21,noindex,True,255115,255995,/,0.7,4.2,1.2,2.2,2,1,3,0,nochange_col,z,1,testing
1,cm,f,21,noindex,True,260592,263323,z,4.2,0.7,1.2,2.2,2,1,0,3,change_ori,/,2,testing
1,cm,f,21,noindex,True,267905,269771,/,0.7,1.2,2.2,4.2,1,0,3,2,change_ori,/,2,testing
1,cm,f,21,noindex,True,274501,275947,z,1.2,4.2,2.2,0.7,0,3,1,2,nochange_ori,z,1,testing
1,cm,f,21,noindex,True,280629,281371,z,4.2,2.2,1.2,0.7,3,2,0,1,nochange_col,z,1,testing
1,cm,f,21,noindex,True,286122,287195,z,2.2,0.7,1.2,4.2,0,3,1,2,change_ori,/,2,testing
1,cm,f,21,noindex,True,291883,292890,z,0.7,1.2,2.2,4.2,3,0,2,1,nochange_col,z,3,testing
1,cm,f,21,noindex,True,297477,298059,z,4.2,2.2,0.7,1.2,0,1,3,2,nochange_col,z,2,testing
1,cm,f,21,noindex,True,302653,304107,z,1.2,0.7,2.2,4.2,2,0,3,1,change_col,/,0,testing
1,cm,f,21,noindex,True,308815,313499,/,1.2,0.7,2.2,4.2,1,2,0,3,nochange_ori,z,1,testing
1,cm,f,21,noindex,True,318065,318891,z,4.2,2.2,1.2,0.7,0,2,1,3,nochange_ori,z,1,testing
1,cm,f,21,noindex,True,323525,325099,z,4.2,0.7,1.2,2.2,3,1,0,2,nochange_col,z,3,testing
1,cm,f,21,noindex,True,329669,330315,/,2.2,4.2,1.2,0.7,3,0,1,2,change_col,/,1,testing
1,cm,f,21,noindex,True,335046,336923,z,2.2,4.2,1.2,0.7,1,3,0,2,nochange_ori,z,1,testing
1,cm,f,21,noindex,True,341658,342315,/,0.7,1.2,4.2,2.2,3,1,0,2,change_col,/,2,testing
1,cm,f,21,noindex,True,346968,348026,z,1.2,0.7,4.2,2.2,2,3,1,0,change_ori,/,1,testing
1,cm,f,21,noindex,True,352729,353851,z,1.2,0.7,4.2,2.2,1,2,0,3,nochange_col,z,2,testing
1,cm,f,21,noindex,True,358456,359866,/,1.2,2.2,0.7,4.2,3,0,2,1,nochange_col,z,3,testing
1,cm,f,21,noindex,True,364450,365371,/,4.2,1.2,2.2,0.7,0,2,3,1,change_col,/,0,testing
1,cm,f,21,noindex,True,370027,370683,z,2.2,1.2,0.7,4.2,3,0,2,1,nochange_ori,z,1,testing
1,cm,f,21,noindex,True,375304,376251,/,0.7,1.2,4.2,2.2,3,2,1,0,nochange_col,z,1,testing
1,cm,f,21,noindex,True,380947,382074,z,4.2,2.2,0.7,1.2,1,2,0,3,change_col,/,2,testing
1,cm,f,21,noindex,True,386791,388282,z,0.7,2.2,4.2,1.2,1,2,0,3,change_ori,/,1,testing
1,cm,f,21,noindex,True,393036,396122,/,1.2,2.2,4.2,0.7,0,3,1,2,nochange_ori,z,1,testing
1,cm,f,21,noindex,True,400884,402635,/,1.2,2.2,4.2,0.7,3,2,0,1,nochange_ori,z,2,testing
1,cm,f,21,noindex,True,407329,409034,z,4.2,0.7,2.2,1.2,1,0,2,3,nochange_ori,z,1,testing
1,cm,f,21,noindex,True,413707,415691,/,4.2,1.2,2.2,0.7,0,3,1,2,nochange_ori,z,2,testing
1,cm,f,21,noindex,True,420386,422683,/,4.2,0.7,1.2,2.2,3,1,0,2,nochange_col,z,1,testing
1,cm,f,21,noindex,True,427365,428971,z,1.2,2.2,4.2,0.7,2,0,3,1,change_col,/,3,testing
1,cm,f,21,noindex,True,433660,434555,z,2.2,4.2,0.7,1.2,3,0,1,2,change_ori,/,0,testing
1,cm,f,21,noindex,True,439221,440139,/,1.2,2.2,4.2,0.7,3,1,2,0,change_col,/,2,testing
1,cm,f,21,noindex,True,444881,445643,/,0.7,2.2,1.2,4.2,0,2,1,3,nochange_col,z,1,testing
1,cm,f,21,noindex,True,450308,451578,z,4.2,2.2,1.2,0.7,3,1,0,2,nochange_ori,z,2,testing
1,cm,f,21,noindex,True,456202,457002,z,1.2,2.2,0.7,4.2,3,1,0,2,nochange_ori,z,3,testing
1,cm,f,21,noindex,True,461596,462379,z,2.2,4.2,0.7,1.2,1,3,0,2,nochange_ori,z,1,testing
1,cm,f,21,noindex,True,466988,468187,z,4.2,1.2,0.7,2.2,0,3,1,2,change_ori,/,3,testing
1,cm,f,21,noindex,True,472766,473866,/,1.2,4.2,2.2,0.7,2,0,1,3,change_col,/,2,testing
1,cm,f,21,noindex,True,478560,479242,z,2.2,1.2,4.2,0.7,0,2,1,3,nochange_ori,z,1,testing
1,cm,f,21,noindex,True,483953,484906,/,0.7,4.2,2.2,1.2,3,0,1,2,change_col,/,2,testing
1,cm,f,21,noindex,True,489664,491515,/,1.2,2.2,0.7,4.2,1,2,0,3,nochange_col,z,3,testing
1,cm,f,21,noindex,True,496242,497514,/,0.7,1.2,4.2,2.2,3,2,1,0,nochange_ori,z,0,testing
1,cm,f,21,noindex,True,502104,503210,z,4.2,0.7,1.2,2.2,1,3,2,0,change_ori,/,3,testing
1,cm,f,21,noindex,True,507864,508666,z,2.2,4.2,0.7,1.2,2,1,0,3,change_ori,/,1,testing
1,cm,f,21,noindex,True,513290,514475,z,1.2,4.2,0.7,2.2,2,3,0,1,change_ori,/,2,testing
1,cm,f,21,noindex,True,519102,521290,/,4.2,2.2,0.7,1.2,2,0,3,1,change_ori,/,2,testing
1,cm,f,21,noindex,True,525981,527082,/,2.2,1.2,0.7,4.2,0,1,2,3,change_ori,/,2,testing
1,cm,f,21,noindex,True,531657,532475,/,4.2,0.7,1.2,2.2,2,3,1,0,change_col,/,0,testing
1,cm,f,21,noindex,True,537185,537994,z,2.2,1.2,4.2,0.7,2,0,1,3,nochange_col,z,2,testing
1,cm,f,21,noindex,True,542577,543242,/,0.7,1.2,2.2,4.2,1,2,0,3,change_col,/,2,testing
1,cm,f,21,noindex,True,547938,548618,z,1.2,2.2,4.2,0.7,2,0,3,1,nochange_col,z,0,testing
1,cm,f,21,noindex,True,553214,555114,z,4.2,1.2,2.2,0.7,1,0,2,3,nochange_col,z,3,testing
1,cm,f,21,noindex,True,559742,560554,z,1.2,2.2,0.7,4.2,1,2,0,3,nochange_col,z,2,testing
1,cm,f,21,noindex,True,565186,566906,z,2.2,0.7,4.2,1.2,1,3,2,0,nochange_ori,z,3,testing
1,cm,f,21,noindex,True,571614,573322,z,0.7,1.2,2.2,4.2,2,3,1,0,change_ori,/,0,testing
1,cm,f,21,noindex,True,578060,578683,/,2.2,0.7,4.2,1.2,3,2,1,0,change_col,/,2,testing
1,cm,f,21,noindex,True,583253,583914,/,2.2,4.2,0.7,1.2,1,2,0,3,change_col,/,3,testing
1,cm,f,21,noindex,True,588679,589563,/,4.2,2.2,1.2,0.7,2,3,0,1,change_ori,/,2,testing
1,cm,f,21,noindex,True,594139,594874,/,4.2,0.7,2.2,1.2,2,0,1,3,change_col,/,0,testing
1,cm,f,21,noindex,True,599600,602250,z,1.2,0.7,4.2,2.2,2,1,3,0,nochange_ori,z,1,testing
1,cm,f,21,noindex,True,606996,608122,/,4.2,1.2,0.7,2.2,3,2,0,1,change_ori,/,3,testing
1,cm,f,21,noindex,True,612807,614746,z,0.7,2.2,1.2,4.2,0,1,2,3,change_ori,/,3,testing
1,cm,f,21,noindex,True,619452,620139,/,0.7,2.2,4.2,1.2,0,3,1,2,change_col,/,3,testing
1,cm,f,21,noindex,True,624829,625866,z,2.2,4.2,1.2,0.7,1,3,2,0,nochange_ori,z,1,testing
1,cm,f,21,noindex,True,630590,632427,/,0.7,1.2,2.2,4.2,0,3,1,2,change_ori,/,0,testing
1,cm,f,21,noindex,True,637068,638074,z,1.2,0.7,4.2,2.2,2,3,0,1,nochange_col,z,3,testing
1,cm,f,21,noindex,True,642646,644490,z,2.2,0.7,1.2,4.2,1,0,2,3,change_col,/,1,testing
1,cm,f,21,noindex,True,649057,649946,/,1.2,4.2,0.7,2.2,3,0,2,1,change_col,/,1,testing
1,cm,f,21,noindex,True,654584,655866,/,2.2,4.2,0.7,1.2,3,0,2,1,nochange_col,z,3,testing
1,cm,f,21,noindex,True,660444,661674,/,0.7,4.2,2.2,1.2,2,1,0,3,change_ori,/,0,testing
1,cm,f,21,noindex,True,666288,667610,/,4.2,0.7,2.2,1.2,2,1,0,3,change_ori,/,1,testing
1,cm,f,21,noindex,True,672249,674011,z,1.2,2.2,4.2,0.7,2,3,0,1,change_ori,/,0,testing
1,cm,f,21,noindex,True,678645,679498,z,0.7,4.2,2.2,1.2,1,3,2,0,nochange_ori,z,1,testing
1,cm,f,21,noindex,True,684088,684730,/,1.2,0.7,4.2,2.2,0,3,1,2,change_col,/,0,testing
1,cm,f,21,noindex,True,689398,690490,z,1.2,0.7,2.2,4.2,2,0,1,3,nochange_col,z,2,testing
1,cm,f,21,noindex,True,695242,696059,/,4.2,0.7,2.2,1.2,3,0,1,2,change_col,/,0,testing
1,cm,f,21,noindex,True,700752,701355,z,0.7,2.2,4.2,1.2,2,0,3,1,nochange_ori,z,1,testing
1,cm,f,21,noindex,True,706012,707210,/,4.2,0.7,2.2,1.2,2,0,3,1,nochange_ori,z,0,testing
1,cm,f,21,noindex,True,724813,726282,/,1.2,4.2,0.7,2.2,0,1,3,2,nochange_col,z,3,testing
1,cm,f,21,noindex,True,730907,732267,z,2.2,0.7,1.2,4.2,1,0,3,2,nochange_col,z,3,testing
1,cm,f,21,noindex,True,737019,737979,z,0.7,4.2,2.2,1.2,0,2,3,1,nochange_ori,z,1,testing
1,cm,f,21,noindex,True,742713,743498,z,1.2,4.2,0.7,2.2,3,2,0,1,nochange_col,z,0,testing
1,cm,f,21,noindex,True,748190,749099,/,1.2,2.2,0.7,4.2,0,3,2,1,change_col,/,1,testing
1,cm,f,21,noindex,True,753833,755834,z,0.7,2.2,1.2,4.2,3,0,2,1,nochange_col,z,0,testing
1,cm,f,21,noindex,True,760579,761179,/,2.2,0.7,4.2,1.2,1,0,2,3,change_col,/,3,testing
1,cm,f,21,noindex,True,765922,766555,z,0.7,2.2,4.2,1.2,0,1,3,2,change_ori,/,3,testing
1,cm,f,21,noindex,True,771149,772347,/,0.7,1.2,2.2,4.2,3,2,0,1,change_col,/,0,testing
1,cm,f,21,noindex,True,777075,777706,z,2.2,1.2,4.2,0.7,3,1,0,2,nochange_col,z,0,testing
1,cm,f,21,noindex,True,782269,782985,/,4.2,0.7,1.2,2.2,1,0,3,2,change_col,/,2,testing
1,cm,f,21,noindex,True,787745,788890,/,0.7,4.2,1.2,2.2,3,0,2,1,change_col,/,2,testing
1,cm,f,21,noindex,True,793523,794602,/,0.7,1.2,2.2,4.2,2,0,3,1,change_col,/,1,testing
1,cm,f,21,noindex,True,799234,801498,/,4.2,1.2,0.7,2.2,3,2,1,0,change_ori,/,1,testing
1,cm,f,21,noindex,True,806146,808202,z,4.2,2.2,0.7,1.2,1,2,0,3,nochange_ori,z,1,testing
1,cm,f,21,noindex,True,812791,814826,/,4.2,0.7,1.2,2.2,3,0,2,1,nochange_col,z,1,testing
1,cm,f,21,noindex,True,819437,821610,/,0.7,2.2,1.2,4.2,0,1,2,3,change_ori,/,2,testing
1,cm,f,21,noindex,True,826300,827546,/,4.2,2.2,1.2,0.7,2,1,0,3,change_col,/,3,testing
1,cm,f,21,noindex,True,832277,835019,/,4.2,1.2,0.7,2.2,3,2,1,0,nochange_ori,z,3,testing
1,cm,f,21,noindex,True,839708,841530,z,4.2,2.2,1.2,0.7,2,0,3,1,nochange_ori,z,2,testing
1,cm,f,21,noindex,True,846236,847643,/,2.2,1.2,4.2,0.7,0,3,1,2,nochange_col,z,3,testing
1,cm,f,21,noindex,True,852214,852826,/,4.2,2.2,1.2,0.7,1,0,2,3,change_col,/,0,testing
1,cm,f,21,noindex,True,857424,858762,/,1.2,2.2,0.7,4.2,1,2,0,3,nochange_col,z,2,testing
1,cm,f,21,noindex,True,863334,864377,z,4.2,0.7,1.2,2.2,0,3,2,1,nochange_col,z,2,testing
1,cm,f,21,noindex,True,869111,871114,z,0.7,1.2,4.2,2.2,2,0,1,3,change_ori,/,0,testing
1,cm,f,21,noindex,True,875757,876746,/,4.2,0.7,2.2,1.2,3,2,0,1,change_ori,/,2,testing
1,cm,f,21,noindex,True,881451,882330,/,2.2,0.7,4.2,1.2,3,0,1,2,change_ori,/,0,testing
1,cm,f,21,noindex,True,886928,888138,z,4.2,2.2,0.7,1.2,2,1,0,3,nochange_ori,z,2,testing
1,cm,f,21,noindex,True,892872,893850,z,0.7,2.2,4.2,1.2,0,3,2,1,change_ori,/,2,testing
1,cm,f,21,noindex,True,898549,899067,z,4.2,0.7,1.2,2.2,3,1,2,0,nochange_col,z,0,testing
1,cm,f,21,noindex,True,903675,904970,/,1.2,0.7,2.2,4.2,2,0,1,3,change_col,/,2,testing
1,cm,f,21,noindex,True,909603,910825,/,0.7,2.2,4.2,1.2,2,0,1,3,change_col,/,0,testing
1,cm,f,21,noindex,True,915580,917338,/,1.2,4.2,2.2,0.7,0,1,3,2,change_col,/,1,testing
1,cm,f,21,noindex,True,922042,923098,z,2.2,0.7,1.2,4.2,3,0,1,2,change_ori,/,3,testing
1,cm,f,21,noindex,True,927720,928651,z,4.2,2.2,1.2,0.7,0,3,2,1,nochange_ori,z,3,testing
1,cm,f,21,noindex,True,933213,934058,z,0.7,1.2,4.2,2.2,1,3,0,2,nochange_col,z,1,testing
1,cm,f,21,noindex,True,938790,939354,z,0.7,2.2,1.2,4.2,2,3,0,1,nochange_col,z,0,testing
1,cm,f,21,noindex,True,943949,944890,/,4.2,1.2,2.2,0.7,1,3,0,2,change_col,/,2,testing
1,cm,f,21,noindex,True,949526,951050,z,0.7,2.2,4.2,1.2,1,0,2,3,nochange_ori,z,1,testing
1,cm,f,21,noindex,True,955671,957418,/,4.2,2.2,1.2,0.7,2,0,1,3,change_ori,/,3,testing
1,cm,f,21,noindex,True,962067,965274,z,1.2,0.7,2.2,4.2,0,1,2,3,change_ori,/,0,testing
1,cm,f,21,noindex,True,969863,971018,/,1.2,2.2,0.7,4.2,2,0,1,3,change_col,/,0,testing
1,cm,f,21,noindex,True,975775,976586,z,1.2,4.2,2.2,0.7,0,1,3,2,nochange_col,z,0,testing
1,cm,f,21,noindex,True,981218,981994,z,1.2,0.7,4.2,2.2,0,3,1,2,change_ori,/,2,testing
1,cm,f,21,noindex,True,986694,987594,/,4.2,1.2,2.2,0.7,1,3,0,2,change_ori,/,2,testing
1,cm,f,21,noindex,True,992356,993275,z,4.2,2.2,1.2,0.7,2,1,0,3,nochange_ori,z,1,testing
1,cm,f,21,noindex,True,998016,999386,/,0.7,4.2,2.2,1.2,1,3,0,2,change_ori,/,1,testing
1,cm,f,21,noindex,True,1004110,1004954,z,0.7,4.2,1.2,2.2,3,2,1,0,nochange_ori,z,3,testing
1,cm,f,21,noindex,True,1009620,1010810,z,4.2,1.2,2.2,0.7,1,0,3,2,nochange_ori,z,3,testing
1,cm,f,21,noindex,True,1015481,1016122,/,4.2,2.2,0.7,1.2,2,1,0,3,change_col,/,0,testing
1,cm,f,21,noindex,True,1020707,1021497,z,2.2,1.2,4.2,0.7,3,2,0,1,nochange_ori,z,1,testing
1,cm,f,21,noindex,True,1026117,1026859,/,1.2,4.2,0.7,2.2,0,1,3,2,change_ori,/,0,testing
1,cm,f,21,noindex,True,1031460,1032394,z,1.2,2.2,4.2,0.7,1,3,0,2,nochange_ori,z,0,testing
1,cm,f,21,noindex,True,1037004,1037818,z,2.2,1.2,4.2,0.7,2,1,0,3,nochange_col,z,0,testing
1,cm,f,21,noindex,True,1042514,1043306,z,4.2,1.2,0.7,2.2,3,2,0,1,nochange_ori,z,3,testing
1,cm,f,21,noindex,True,1048008,1049338,z,0.7,1.2,2.2,4.2,0,1,2,3,nochange_col,z,0,testing
1,cm,f,21,noindex,True,1054002,1055178,/,0.7,2.2,4.2,1.2,3,1,2,0,change_ori,/,2,testing
1,cm,f,21,noindex,True,1059913,1061193,z,1.2,0.7,4.2,2.2,3,0,1,2,change_ori,/,2,testing
1,cm,f,21,noindex,True,1065807,1067114,z,4.2,1.2,2.2,0.7,3,0,1,2,nochange_ori,z,1,testing
1,cm,f,21,noindex,True,1071701,1072378,z,0.7,4.2,2.2,1.2,0,3,1,2,change_ori,/,3,testing
1,cm,f,21,noindex,True,1077061,1077882,/,2.2,0.7,4.2,1.2,1,2,0,3,nochange_ori,z,2,testing
1,cm,f,21,noindex,True,1082588,1083498,/,0.7,4.2,2.2,1.2,0,2,1,3,change_ori,/,2,testing
1,cm,f,21,noindex,True,1088098,1088793,/,1.2,0.7,4.2,2.2,2,1,0,3,change_col,/,3,testing
1,cm,f,21,noindex,True,1093475,1094281,z,0.7,1.2,2.2,4.2,0,1,2,3,nochange_ori,z,2,testing
1,cm,f,21,noindex,True,1098867,1099625,z,1.2,4.2,0.7,2.2,2,1,3,0,nochange_col,z,0,testing
1,cm,f,21,noindex,True,1104294,1105258,/,0.7,1.2,2.2,4.2,3,2,1,0,change_ori,/,1,testing
1,cm,f,21,noindex,True,1109939,1110650,/,1.2,2.2,4.2,0.7,0,1,2,3,change_col,/,3,testing
1,cm,f,21,noindex,True,1115381,1116426,/,4.2,2.2,1.2,0.7,3,0,1,2,change_col,/,2,testing
1,cm,f,21,noindex,True,1121158,1121818,z,1.2,2.2,4.2,0.7,3,0,1,2,nochange_col,z,2,testing
1,cm,f,21,noindex,True,1126502,1127706,/,4.2,2.2,1.2,0.7,2,1,0,3,nochange_ori,z,1,testing
1,cm,f,21,noindex,True,1132362,1133050,z,4.2,1.2,0.7,2.2,2,1,3,0,nochange_col,z,3,testing
1,cm,f,21,noindex,True,1137706,1138762,/,2.2,0.7,1.2,4.2,3,1,0,2,change_col,/,0,testing
1,cm,f,21,noindex,True,1143449,1144314,/,4.2,1.2,0.7,2.2,3,1,2,0,change_col,/,1,testing
1,cm,f,21,noindex,True,1149043,1152010,/,2.2,1.2,0.7,4.2,2,1,3,0,nochange_ori,z,1,testing
1,cm,f,21,noindex,True,1156641,1158697,z,2.2,1.2,4.2,0.7,2,1,0,3,nochange_col,z,1,testing
1,cm,f,21,noindex,True,1163370,1164554,z,2.2,0.7,1.2,4.2,3,1,0,2,change_ori,/,1,testing
1,cm,f,21,noindex,True,1169331,1169945,z,2.2,4.2,0.7,1.2,1,0,3,2,nochange_col,z,0,testing
1,cm,f,21,noindex,True,1174674,1176073,z,4.2,1.2,2.2,0.7,1,3,0,2,nochange_ori,z,0,testing
1,cm,f,21,noindex,True,1180718,1181882,/,2.2,0.7,4.2,1.2,3,0,1,2,nochange_ori,z,3,testing
1,cm,f,21,noindex,True,1186596,1187674,/,0.7,1.2,2.2,4.2,3,0,1,2,change_col,/,2,testing
