subj,name,gender,age,cond,P_resp,P_startTime,P_respTime,P_gotKey,sf1,sf2,sf3,sf4,ord_1,ord_2,ord_3,ord_4,task,correct_key,no_change,mode
20,MY,F,18,noindex,True,186210,187836,/,4.2,0.7,2.2,1.2,1,3,0,2,change_col,/,2,practice
20,MY,F,18,noindex,True,192522,193883,/,1.2,0.7,4.2,2.2,0,3,1,2,nochange_col,z,1,practice
20,MY,F,18,noindex,True,198516,199565,/,0.7,2.2,4.2,1.2,2,0,3,1,change_ori,/,1,practice
20,MY,F,18,noindex,True,204242,205244,/,2.2,0.7,1.2,4.2,1,3,0,2,nochange_col,z,1,practice
20,MY,F,18,noindex,True,209953,213516,z,1.2,4.2,0.7,2.2,3,0,1,2,nochange_col,z,1,practice
20,MY,F,18,noindex,True,218152,219628,/,1.2,4.2,2.2,0.7,2,1,0,3,nochange_ori,z,0,practice
20,MY,F,18,noindex,True,224313,227084,z,0.7,4.2,2.2,1.2,2,3,1,0,change_ori,/,3,practice
20,MY,F,18,noindex,True,231694,232460,/,4.2,0.7,1.2,2.2,1,3,0,2,change_col,/,1,practice
20,MY,F,18,noindex,True,237154,237948,/,1.2,2.2,4.2,0.7,3,2,1,0,change_col,/,1,practice
20,MY,F,18,noindex,True,242663,243772,z,2.2,4.2,1.2,0.7,1,0,3,2,nochange_ori,z,0,practice
20,MY,F,18,noindex,True,248490,252092,z,0.7,4.2,1.2,2.2,0,3,2,1,change_ori,/,0,practice
20,MY,F,18,noindex,True,256806,259420,/,0.7,1.2,2.2,4.2,0,2,3,1,nochange_ori,z,3,practice
20,MY,F,18,noindex,True,264020,266588,/,2.2,4.2,1.2,0.7,0,2,1,3,change_col,/,0,practice
20,MY,F,18,noindex,True,271216,273180,/,2.2,0.7,1.2,4.2,2,1,3,0,change_ori,/,1,practice
20,MY,F,18,noindex,True,277928,280251,/,2.2,0.7,4.2,1.2,2,3,0,1,change_col,/,0,practice
20,MY,F,18,noindex,True,284841,286348,z,0.7,1.2,4.2,2.2,2,0,3,1,nochange_col,z,0,practice
20,MY,F,18,noindex,True,291019,293211,z,0.7,1.2,4.2,2.2,1,3,0,2,nochange_ori,z,3,practice
20,MY,F,18,noindex,True,297815,299260,/,1.2,2.2,0.7,4.2,3,0,1,2,nochange_ori,z,2,practice
20,MY,F,18,noindex,True,303876,304716,/,0.7,1.2,2.2,4.2,2,3,1,0,change_ori,/,0,practice
20,MY,F,18,noindex,True,309320,311100,z,2.2,1.2,0.7,4.2,2,1,3,0,nochange_col,z,3,practice
20,MY,F,18,noindex,True,341295,342364,z,1.2,4.2,0.7,2.2,1,0,3,2,nochange_ori,z,1,testing
20,MY,F,18,noindex,True,347005,347835,z,2.2,0.7,4.2,1.2,1,3,2,0,nochange_col,z,3,testing
20,MY,F,18,noindex,True,352549,353820,/,2.2,1.2,4.2,0.7,2,0,3,1,change_ori,/,1,testing
20,MY,F,18,noindex,True,358560,360012,/,4.2,0.7,2.2,1.2,0,1,3,2,nochange_ori,z,1,testing
20,MY,F,18,noindex,True,364772,365628,/,2.2,0.7,1.2,4.2,2,3,1,0,change_col,/,1,testing
20,MY,F,18,noindex,True,370198,371211,z,4.2,0.7,1.2,2.2,1,0,2,3,nochange_ori,z,0,testing
20,MY,F,18,noindex,True,375925,376619,/,0.7,2.2,1.2,4.2,1,2,3,0,change_ori,/,0,testing
20,MY,F,18,noindex,True,381352,383100,z,2.2,0.7,4.2,1.2,0,2,3,1,nochange_col,z,2,testing
20,MY,F,18,noindex,True,387797,389228,z,1.2,0.7,4.2,2.2,1,2,3,0,nochange_ori,z,1,testing
20,MY,F,18,noindex,True,393908,395100,/,1.2,4.2,0.7,2.2,3,1,0,2,change_col,/,0,testing
20,MY,F,18,noindex,True,399752,401995,z,0.7,1.2,4.2,2.2,1,3,0,2,nochange_col,z,2,testing
20,MY,F,18,noindex,True,406615,407595,z,4.2,0.7,2.2,1.2,3,1,2,0,nochange_col,z,3,testing
20,MY,F,18,noindex,True,412241,412955,/,2.2,4.2,1.2,0.7,2,0,3,1,change_col,/,0,testing
20,MY,F,18,noindex,True,417635,418459,/,4.2,1.2,2.2,0.7,1,2,0,3,nochange_ori,z,2,testing
20,MY,F,18,noindex,True,423196,423915,/,4.2,1.2,0.7,2.2,2,1,3,0,nochange_ori,z,3,testing
20,MY,F,18,noindex,True,428505,429147,/,1.2,2.2,4.2,0.7,1,2,0,3,change_col,/,3,testing
20,MY,F,18,noindex,True,433732,434715,/,2.2,4.2,1.2,0.7,1,2,3,0,nochange_col,z,2,testing
20,MY,F,18,noindex,True,439392,441003,z,0.7,2.2,4.2,1.2,0,2,3,1,change_ori,/,1,testing
20,MY,F,18,noindex,True,445670,446299,/,0.7,2.2,4.2,1.2,3,1,2,0,change_col,/,0,testing
20,MY,F,18,noindex,True,450896,451787,/,0.7,1.2,4.2,2.2,2,3,0,1,nochange_ori,z,0,testing
20,MY,F,18,noindex,True,456473,457308,/,1.2,4.2,0.7,2.2,3,1,2,0,change_col,/,0,testing
20,MY,F,18,noindex,True,461883,462843,/,4.2,1.2,2.2,0.7,1,0,2,3,change_ori,/,1,testing
20,MY,F,18,noindex,True,467477,468427,/,1.2,0.7,2.2,4.2,2,1,0,3,change_ori,/,3,testing
20,MY,F,18,noindex,True,473104,473755,/,0.7,2.2,1.2,4.2,1,0,3,2,nochange_ori,z,0,testing
20,MY,F,18,noindex,True,478463,480043,z,0.7,4.2,1.2,2.2,3,0,2,1,nochange_col,z,0,testing
20,MY,F,18,noindex,True,484642,485291,/,1.2,4.2,0.7,2.2,0,1,3,2,change_ori,/,2,testing
20,MY,F,18,noindex,True,489885,491083,z,0.7,1.2,2.2,4.2,2,3,1,0,change_col,/,2,testing
20,MY,F,18,noindex,True,495712,497931,/,0.7,4.2,2.2,1.2,1,3,2,0,change_ori,/,3,testing
20,MY,F,18,noindex,True,502591,503546,/,1.2,4.2,0.7,2.2,0,1,3,2,change_ori,/,1,testing
20,MY,F,18,noindex,True,508302,509035,z,1.2,4.2,2.2,0.7,0,1,3,2,nochange_col,z,0,testing
20,MY,F,18,noindex,True,513745,514907,z,1.2,0.7,4.2,2.2,2,0,3,1,change_col,/,3,testing
20,MY,F,18,noindex,True,519523,520379,/,0.7,1.2,4.2,2.2,3,1,2,0,change_ori,/,0,testing
20,MY,F,18,noindex,True,525082,526156,/,2.2,4.2,1.2,0.7,2,0,3,1,nochange_col,z,0,testing
20,MY,F,18,noindex,True,530876,537002,/,0.7,4.2,1.2,2.2,2,3,0,1,nochange_ori,z,3,testing
20,MY,F,18,noindex,True,541713,542939,/,0.7,2.2,4.2,1.2,3,2,0,1,change_col,/,1,testing
20,MY,F,18,noindex,True,547624,549451,z,1.2,2.2,4.2,0.7,3,2,1,0,nochange_ori,z,2,testing
20,MY,F,18,noindex,True,554119,555211,/,2.2,4.2,1.2,0.7,2,3,1,0,nochange_col,z,1,testing
20,MY,F,18,noindex,True,559930,560763,/,4.2,1.2,2.2,0.7,3,0,1,2,nochange_col,z,3,testing
20,MY,F,18,noindex,True,565357,566267,/,2.2,0.7,1.2,4.2,0,2,1,3,nochange_ori,z,0,testing
20,MY,F,18,noindex,True,570917,571707,/,1.2,2.2,4.2,0.7,1,2,0,3,change_col,/,2,testing
20,MY,F,18,noindex,True,576410,577819,/,0.7,1.2,2.2,4.2,0,2,3,1,nochange_ori,z,3,testing
20,MY,F,18,noindex,True,582454,583259,/,2.2,0.7,4.2,1.2,3,2,0,1,change_col,/,1,testing
20,MY,F,18,noindex,True,587898,589050,/,1.2,0.7,4.2,2.2,0,3,2,1,change_ori,/,3,testing
20,MY,F,18,noindex,True,593726,594603,z,0.7,2.2,1.2,4.2,1,3,2,0,change_ori,/,3,testing
20,MY,F,18,noindex,True,599186,600187,z,2.2,1.2,4.2,0.7,2,0,3,1,nochange_col,z,2,testing
20,MY,F,18,noindex,True,604896,606091,z,4.2,1.2,0.7,2.2,2,3,1,0,change_ori,/,2,testing
20,MY,F,18,noindex,True,610857,611803,z,0.7,1.2,2.2,4.2,0,1,3,2,nochange_ori,z,3,testing
20,MY,F,18,noindex,True,616434,617291,/,0.7,2.2,4.2,1.2,1,2,0,3,change_col,/,0,testing
20,MY,F,18,noindex,True,621960,622843,/,1.2,4.2,0.7,2.2,0,2,1,3,change_ori,/,2,testing
20,MY,F,18,noindex,True,627537,628410,z,4.2,0.7,1.2,2.2,2,3,0,1,change_col,/,3,testing
20,MY,F,18,noindex,True,633098,633948,/,1.2,0.7,2.2,4.2,2,1,0,3,nochange_col,z,3,testing
20,MY,F,18,noindex,True,638708,639931,z,2.2,1.2,0.7,4.2,2,1,0,3,nochange_col,z,2,testing
20,MY,F,18,noindex,True,644619,645643,/,4.2,1.2,2.2,0.7,3,1,0,2,nochange_ori,z,1,testing
20,MY,F,18,noindex,True,650263,651179,/,0.7,4.2,1.2,2.2,2,1,0,3,change_col,/,3,testing
20,MY,F,18,noindex,True,655756,658602,/,1.2,4.2,2.2,0.7,2,3,1,0,change_ori,/,2,testing
20,MY,F,18,noindex,True,663203,664187,/,4.2,2.2,1.2,0.7,0,1,2,3,change_col,/,2,testing
20,MY,F,18,noindex,True,668780,669819,/,4.2,1.2,2.2,0.7,3,0,2,1,change_ori,/,3,testing
20,MY,F,18,noindex,True,674573,675483,/,0.7,2.2,4.2,1.2,3,2,0,1,change_col,/,3,testing
20,MY,F,18,noindex,True,680184,681098,z,4.2,2.2,1.2,0.7,0,1,2,3,nochange_col,z,0,testing
20,MY,F,18,noindex,True,685744,686603,z,2.2,4.2,0.7,1.2,0,2,3,1,nochange_col,z,0,testing
20,MY,F,18,noindex,True,691188,692122,z,4.2,1.2,0.7,2.2,3,0,1,2,nochange_ori,z,1,testing
20,MY,F,18,noindex,True,696748,700091,z,0.7,1.2,2.2,4.2,0,3,2,1,change_col,/,1,testing
20,MY,F,18,noindex,True,704813,706107,/,1.2,0.7,4.2,2.2,0,3,2,1,change_ori,/,3,testing
20,MY,F,18,noindex,True,710740,712202,z,1.2,0.7,2.2,4.2,3,2,0,1,nochange_col,z,2,testing
20,MY,F,18,noindex,True,716802,717483,/,2.2,0.7,4.2,1.2,3,2,0,1,nochange_col,z,1,testing
20,MY,F,18,noindex,True,722095,723275,/,4.2,1.2,2.2,0.7,3,1,0,2,change_ori,/,2,testing
20,MY,F,18,noindex,True,727989,728891,/,0.7,1.2,4.2,2.2,2,3,1,0,change_col,/,2,testing
20,MY,F,18,noindex,True,733599,734859,/,1.2,0.7,4.2,2.2,2,3,0,1,change_ori,/,0,testing
20,MY,F,18,noindex,True,739560,740923,/,2.2,1.2,0.7,4.2,0,2,1,3,nochange_ori,z,2,testing
20,MY,F,18,noindex,True,745488,746571,z,2.2,4.2,0.7,1.2,0,1,3,2,nochange_ori,z,1,testing
20,MY,F,18,noindex,True,751232,754970,/,0.7,4.2,2.2,1.2,3,1,0,2,nochange_ori,z,2,testing
20,MY,F,18,noindex,True,759564,760618,/,1.2,4.2,2.2,0.7,0,3,2,1,change_ori,/,3,testing
20,MY,F,18,noindex,True,765308,766187,/,0.7,1.2,2.2,4.2,1,2,3,0,nochange_col,z,1,testing
20,MY,F,18,noindex,True,770834,771786,/,4.2,0.7,1.2,2.2,3,2,0,1,change_col,/,0,testing
20,MY,F,18,noindex,True,776428,777466,/,2.2,0.7,4.2,1.2,1,3,2,0,nochange_ori,z,0,testing
20,MY,F,18,noindex,True,782121,783914,/,0.7,2.2,4.2,1.2,3,2,1,0,nochange_col,z,3,testing
20,MY,F,18,noindex,True,788600,789498,z,0.7,1.2,2.2,4.2,3,1,2,0,nochange_col,z,2,testing
20,MY,F,18,noindex,True,794160,795019,/,2.2,4.2,0.7,1.2,0,3,2,1,change_ori,/,3,testing
20,MY,F,18,noindex,True,799654,800603,z,1.2,4.2,2.2,0.7,1,2,0,3,nochange_ori,z,3,testing
20,MY,F,18,noindex,True,805348,805993,/,1.2,0.7,2.2,4.2,2,1,0,3,change_col,/,2,testing
20,MY,F,18,noindex,True,826403,827227,/,0.7,2.2,1.2,4.2,2,3,0,1,change_ori,/,3,testing
20,MY,F,18,noindex,True,831913,832714,/,0.7,4.2,1.2,2.2,0,3,1,2,change_col,/,0,testing
20,MY,F,18,noindex,True,837423,838250,/,0.7,1.2,4.2,2.2,2,1,0,3,change_ori,/,2,testing
20,MY,F,18,noindex,True,842850,843833,/,1.2,0.7,2.2,4.2,0,3,2,1,change_ori,/,1,testing
20,MY,F,18,noindex,True,848493,849498,z,0.7,1.2,4.2,2.2,1,2,3,0,nochange_col,z,0,testing
20,MY,F,18,noindex,True,854188,857898,z,1.2,0.7,4.2,2.2,3,0,1,2,nochange_col,z,0,testing
20,MY,F,18,noindex,True,862570,863355,/,4.2,2.2,1.2,0.7,3,1,0,2,nochange_ori,z,1,testing
20,MY,F,18,noindex,True,867996,868779,/,2.2,1.2,0.7,4.2,2,0,3,1,nochange_col,z,2,testing
20,MY,F,18,noindex,True,873490,874282,/,1.2,0.7,4.2,2.2,0,3,1,2,change_col,/,0,testing
20,MY,F,18,noindex,True,878933,879531,/,0.7,2.2,4.2,1.2,3,2,0,1,change_col,/,2,testing
20,MY,F,18,noindex,True,884159,885178,z,2.2,4.2,1.2,0.7,0,2,3,1,change_ori,/,1,testing
20,MY,F,18,noindex,True,889820,890602,/,4.2,1.2,0.7,2.2,3,1,0,2,change_col,/,2,testing
20,MY,F,18,noindex,True,895313,897130,z,2.2,0.7,1.2,4.2,3,1,2,0,change_ori,/,1,testing
20,MY,F,18,noindex,True,901842,902490,/,2.2,1.2,0.7,4.2,3,2,1,0,change_col,/,0,testing
20,MY,F,18,noindex,True,907251,909034,z,2.2,4.2,0.7,1.2,0,1,2,3,nochange_col,z,2,testing
20,MY,F,18,noindex,True,913764,914474,/,1.2,4.2,2.2,0.7,3,1,0,2,change_col,/,0,testing
20,MY,F,18,noindex,True,919140,920938,/,1.2,0.7,2.2,4.2,1,3,0,2,change_ori,/,3,testing
20,MY,F,18,noindex,True,925535,926409,z,4.2,0.7,1.2,2.2,3,2,0,1,nochange_col,z,0,testing
20,MY,F,18,noindex,True,931162,932410,/,2.2,4.2,1.2,0.7,2,0,3,1,nochange_ori,z,3,testing
20,MY,F,18,noindex,True,937107,939434,z,2.2,0.7,4.2,1.2,1,3,2,0,nochange_ori,z,1,testing
20,MY,F,18,noindex,True,944053,945706,z,4.2,1.2,0.7,2.2,1,3,0,2,nochange_col,z,1,testing
20,MY,F,18,noindex,True,950314,951546,/,1.2,2.2,4.2,0.7,2,0,1,3,change_col,/,0,testing
20,MY,F,18,noindex,True,956108,956986,z,0.7,4.2,2.2,1.2,3,2,1,0,nochange_col,z,0,testing
20,MY,F,18,noindex,True,961618,963818,z,0.7,4.2,1.2,2.2,0,1,2,3,nochange_col,z,0,testing
20,MY,F,18,noindex,True,968448,969498,z,0.7,1.2,4.2,2.2,3,2,1,0,change_col,/,2,testing
20,MY,F,18,noindex,True,974157,974986,z,4.2,2.2,1.2,0.7,2,0,3,1,nochange_ori,z,1,testing
20,MY,F,18,noindex,True,979601,980634,/,0.7,4.2,2.2,1.2,1,0,3,2,nochange_col,z,0,testing
20,MY,F,18,noindex,True,985262,986122,/,0.7,4.2,1.2,2.2,3,0,1,2,nochange_ori,z,2,testing
20,MY,F,18,noindex,True,990705,991882,z,2.2,4.2,1.2,0.7,2,1,0,3,change_col,/,2,testing
20,MY,F,18,noindex,True,996465,997466,z,2.2,1.2,0.7,4.2,0,1,3,2,nochange_col,z,0,testing
20,MY,F,18,noindex,True,1002093,1002890,z,0.7,2.2,4.2,1.2,1,0,2,3,nochange_col,z,2,testing
20,MY,F,18,noindex,True,1007586,1008506,z,4.2,0.7,2.2,1.2,2,3,1,0,nochange_col,z,0,testing
20,MY,F,18,noindex,True,1013146,1013785,/,2.2,1.2,0.7,4.2,3,2,1,0,change_col,/,3,testing
20,MY,F,18,noindex,True,1018406,1019338,/,0.7,1.2,4.2,2.2,0,1,2,3,change_col,/,3,testing
20,MY,F,18,noindex,True,1023900,1025865,/,2.2,4.2,1.2,0.7,2,0,1,3,nochange_col,z,1,testing
20,MY,F,18,noindex,True,1030445,1031161,z,2.2,1.2,4.2,0.7,2,3,0,1,nochange_col,z,0,testing
20,MY,F,18,noindex,True,1035754,1036841,z,2.2,0.7,1.2,4.2,0,1,2,3,nochange_ori,z,3,testing
20,MY,F,18,noindex,True,1041515,1042457,z,0.7,4.2,1.2,2.2,2,0,1,3,change_ori,/,0,testing
20,MY,F,18,noindex,True,1047075,1049754,z,1.2,4.2,0.7,2.2,0,1,2,3,change_ori,/,3,testing
20,MY,F,18,noindex,True,1054472,1055562,/,2.2,0.7,4.2,1.2,2,1,0,3,nochange_ori,z,1,testing
20,MY,F,18,noindex,True,1060317,1061545,z,2.2,4.2,0.7,1.2,2,3,0,1,nochange_col,z,0,testing
20,MY,F,18,noindex,True,1066160,1066906,/,0.7,4.2,2.2,1.2,3,2,0,1,change_ori,/,2,testing
20,MY,F,18,noindex,True,1071503,1072409,/,4.2,2.2,0.7,1.2,1,2,3,0,change_col,/,3,testing
20,MY,F,18,noindex,True,1077097,1077865,z,2.2,1.2,0.7,4.2,3,2,0,1,nochange_col,z,1,testing
20,MY,F,18,noindex,True,1082507,1083241,/,2.2,4.2,0.7,1.2,0,1,2,3,nochange_ori,z,2,testing
20,MY,F,18,noindex,True,1087901,1091577,/,0.7,4.2,2.2,1.2,3,1,0,2,change_ori,/,0,testing
20,MY,F,18,noindex,True,1096299,1098234,z,0.7,4.2,1.2,2.2,1,0,3,2,nochange_ori,z,2,testing
20,MY,F,18,noindex,True,1102895,1103673,/,0.7,1.2,2.2,4.2,2,0,1,3,change_col,/,0,testing
20,MY,F,18,noindex,True,1108271,1109081,z,4.2,0.7,1.2,2.2,3,2,1,0,nochange_ori,z,0,testing
20,MY,F,18,noindex,True,1113714,1114297,/,0.7,4.2,1.2,2.2,1,0,3,2,nochange_col,z,0,testing
20,MY,F,18,noindex,True,1118990,1120985,/,2.2,1.2,0.7,4.2,1,2,3,0,change_ori,/,1,testing
20,MY,F,18,noindex,True,1125669,1126362,/,4.2,1.2,0.7,2.2,0,3,1,2,change_ori,/,2,testing
20,MY,F,18,noindex,True,1131046,1135353,z,0.7,2.2,4.2,1.2,1,3,2,0,nochange_ori,z,2,testing
20,MY,F,18,noindex,True,1140013,1140665,/,2.2,1.2,0.7,4.2,1,2,3,0,nochange_ori,z,0,testing
20,MY,F,18,noindex,True,1145339,1146633,z,4.2,2.2,0.7,1.2,3,1,0,2,nochange_ori,z,2,testing
20,MY,F,18,noindex,True,1151384,1152121,/,0.7,2.2,1.2,4.2,0,3,1,2,change_col,/,0,testing
20,MY,F,18,noindex,True,1156877,1157625,/,4.2,1.2,2.2,0.7,3,1,2,0,change_ori,/,0,testing
20,MY,F,18,noindex,True,1162220,1163337,/,1.2,4.2,2.2,0.7,0,2,3,1,nochange_col,z,0,testing
20,MY,F,18,noindex,True,1168065,1168937,z,0.7,1.2,2.2,4.2,2,3,1,0,nochange_col,z,2,testing
20,MY,F,18,noindex,True,1173657,1175049,z,1.2,2.2,4.2,0.7,1,2,3,0,nochange_ori,z,1,testing
20,MY,F,18,noindex,True,1179802,1180825,z,4.2,1.2,0.7,2.2,0,2,3,1,nochange_ori,z,3,testing
20,MY,F,18,noindex,True,1185530,1187801,z,0.7,2.2,1.2,4.2,2,1,3,0,nochange_col,z,2,testing
20,MY,F,18,noindex,True,1192559,1193225,/,2.2,4.2,1.2,0.7,2,1,0,3,change_col,/,3,testing
20,MY,F,18,noindex,True,1197952,1198986,/,2.2,0.7,1.2,4.2,2,0,3,1,nochange_ori,z,0,testing
20,MY,F,18,noindex,True,1203563,1204473,z,2.2,0.7,4.2,1.2,2,0,1,3,change_ori,/,0,testing
20,MY,F,18,noindex,True,1209223,1211354,/,2.2,0.7,1.2,4.2,1,2,3,0,change_col,/,2,testing
20,MY,F,18,noindex,True,1215969,1216921,z,4.2,1.2,0.7,2.2,2,1,3,0,nochange_ori,z,2,testing
20,MY,F,18,noindex,True,1221512,1222457,z,0.7,4.2,2.2,1.2,2,1,3,0,change_ori,/,2,testing
20,MY,F,18,noindex,True,1227173,1227737,/,1.2,2.2,0.7,4.2,3,0,2,1,change_col,/,0,testing
20,MY,F,18,noindex,True,1232332,1232985,/,2.2,0.7,1.2,4.2,3,2,0,1,change_ori,/,2,testing
20,MY,F,18,noindex,True,1237592,1238425,z,0.7,4.2,1.2,2.2,0,1,3,2,nochange_ori,z,2,testing
20,MY,F,18,noindex,True,1243136,1243817,/,0.7,4.2,1.2,2.2,1,3,0,2,change_col,/,0,testing
20,MY,F,18,noindex,True,1248495,1249417,z,4.2,0.7,1.2,2.2,3,1,2,0,change_ori,/,2,testing
20,MY,F,18,noindex,True,1254005,1254921,/,1.2,4.2,0.7,2.2,3,2,0,1,change_ori,/,3,testing
20,MY,F,18,noindex,True,1259516,1260313,/,0.7,1.2,4.2,2.2,3,1,0,2,change_col,/,1,testing
20,MY,F,18,noindex,True,1264892,1266217,z,4.2,1.2,2.2,0.7,0,1,3,2,change_col,/,1,testing
20,MY,F,18,noindex,True,1270869,1271929,z,2.2,1.2,4.2,0.7,2,3,0,1,nochange_ori,z,2,testing
20,MY,F,18,noindex,True,1276647,1277368,z,2.2,1.2,4.2,0.7,2,3,1,0,nochange_ori,z,2,testing
20,MY,F,18,noindex,True,1281990,1283545,z,1.2,4.2,0.7,2.2,3,2,0,1,change_ori,/,2,testing
20,MY,F,18,noindex,True,1288152,1289017,z,4.2,2.2,0.7,1.2,3,2,1,0,change_ori,/,0,testing
