subj,name,gender,age,cond,P_resp,P_startTime,P_respTime,P_gotKey,sf1,sf2,sf3,sf4,ord_1,ord_2,ord_3,ord_4,task,correct_key,no_change,mode
20,my,f,18,index,True,96868,97707,z,2.2,0.7,0.7,2.2,3,2,0,1,nochange_ori,z,3,practice
20,my,f,18,index,True,102445,103226,z,1.2,2.2,2.2,1.2,2,3,1,0,nochange_ori,z,1,practice
20,my,f,18,index,True,107938,108442,z,1.2,1.2,2.2,2.2,3,2,1,0,nochange_col,z,1,practice
20,my,f,18,index,True,113014,114955,/,0.7,4.2,4.2,0.7,0,3,1,2,change_col,/,0,practice
20,my,f,18,index,True,119643,120506,z,0.7,1.2,1.2,0.7,2,1,0,3,nochange_col,z,0,practice
20,my,f,18,index,True,125203,126682,/,2.2,2.2,1.2,1.2,3,1,0,2,change_ori,/,0,practice
20,my,f,18,index,True,131365,132154,z,1.2,1.2,2.2,2.2,1,2,3,0,change_ori,/,3,practice
20,my,f,18,index,True,136841,138938,z,0.7,0.7,4.2,4.2,0,1,3,2,nochange_col,z,1,practice
20,my,f,18,index,True,143603,144426,/,1.2,0.7,1.2,0.7,0,1,2,3,change_col,/,2,practice
20,my,f,18,index,True,148997,149898,z,0.7,0.7,2.2,2.2,1,3,2,0,change_ori,/,1,practice
20,my,f,18,index,True,154624,159354,/,0.7,4.2,4.2,0.7,3,1,2,0,nochange_ori,z,1,practice
20,my,f,18,index,True,164091,164906,/,0.7,1.2,1.2,0.7,3,2,0,1,change_col,/,1,practice
20,my,f,18,index,True,169618,171562,z,1.2,2.2,2.2,1.2,0,1,3,2,change_ori,/,2,practice
20,my,f,18,index,True,176247,177386,z,1.2,1.2,4.2,4.2,3,1,0,2,nochange_col,z,0,practice
20,my,f,18,index,True,182074,182922,/,1.2,2.2,2.2,1.2,3,2,1,0,change_col,/,1,practice
20,my,f,18,index,True,187517,188730,/,2.2,1.2,1.2,2.2,1,2,0,3,nochange_col,z,3,practice
20,my,f,18,index,True,193345,194474,/,4.2,4.2,0.7,0.7,0,3,1,2,change_ori,/,2,practice
20,my,f,18,index,True,199189,200026,/,4.2,4.2,0.7,0.7,0,3,1,2,nochange_ori,z,1,practice
20,my,f,18,index,True,204783,205609,/,4.2,0.7,4.2,0.7,1,0,2,3,nochange_ori,z,2,practice
20,my,f,18,index,True,210309,211562,/,1.2,1.2,0.7,0.7,1,3,0,2,change_col,/,1,practice
20,my,f,18,index,True,219243,222410,z,1.2,2.2,2.2,1.2,3,1,0,2,nochange_col,z,1,testing
20,my,f,18,index,True,227074,227898,/,4.2,1.2,1.2,4.2,2,1,0,3,change_col,/,2,testing
20,my,f,18,index,True,232651,233546,/,0.7,4.2,0.7,4.2,1,3,0,2,change_ori,/,2,testing
20,my,f,18,index,True,238295,238954,/,2.2,0.7,2.2,0.7,3,1,0,2,change_ori,/,0,testing
20,my,f,18,index,True,243687,245594,z,1.2,1.2,2.2,2.2,0,1,2,3,nochange_col,z,1,testing
20,my,f,18,index,True,250216,251162,z,0.7,4.2,0.7,4.2,1,2,0,3,nochange_ori,z,3,testing
20,my,f,18,index,True,255759,256618,/,1.2,4.2,1.2,4.2,0,3,2,1,change_col,/,1,testing
20,my,f,18,index,True,261320,262794,z,2.2,4.2,4.2,2.2,0,1,2,3,change_col,/,2,testing
20,my,f,18,index,True,267431,268074,/,0.7,2.2,2.2,0.7,1,2,0,3,change_col,/,0,testing
20,my,f,18,index,True,272724,273498,/,4.2,2.2,2.2,4.2,1,0,3,2,change_col,/,1,testing
20,my,f,18,index,True,278118,278890,/,1.2,2.2,1.2,2.2,3,0,1,2,change_col,/,2,testing
20,my,f,18,index,True,283578,284186,/,4.2,2.2,4.2,2.2,1,3,2,0,change_ori,/,3,testing
20,my,f,18,index,True,288887,289946,z,0.7,2.2,0.7,2.2,0,2,3,1,change_ori,/,3,testing
20,my,f,18,index,True,294615,295226,/,4.2,1.2,1.2,4.2,2,1,3,0,change_ori,/,3,testing
20,my,f,18,index,True,299974,300746,/,1.2,0.7,0.7,1.2,1,3,2,0,nochange_col,z,1,testing
20,my,f,18,index,True,305384,306297,z,4.2,2.2,4.2,2.2,2,1,3,0,nochange_ori,z,2,testing
20,my,f,18,index,True,310978,312330,z,2.2,4.2,4.2,2.2,1,2,3,0,nochange_col,z,1,testing
20,my,f,18,index,True,317055,317721,/,1.2,4.2,1.2,4.2,1,0,2,3,change_col,/,3,testing
20,my,f,18,index,True,322449,323593,z,4.2,4.2,0.7,0.7,3,0,2,1,change_ori,/,3,testing
20,my,f,18,index,True,328259,329130,z,1.2,2.2,1.2,2.2,0,3,2,1,nochange_ori,z,1,testing
20,my,f,18,index,True,333886,334713,/,1.2,1.2,0.7,0.7,3,0,1,2,nochange_col,z,0,testing
20,my,f,18,index,True,339346,340410,/,2.2,1.2,2.2,1.2,2,0,3,1,nochange_ori,z,3,testing
20,my,f,18,index,True,345074,345866,z,4.2,4.2,2.2,2.2,1,2,3,0,change_col,/,2,testing
20,my,f,18,index,True,350517,351305,/,1.2,0.7,0.7,1.2,3,1,2,0,change_ori,/,2,testing
20,my,f,18,index,True,356027,356729,/,1.2,0.7,1.2,0.7,3,1,0,2,change_col,/,0,testing
20,my,f,18,index,True,361421,362282,/,1.2,4.2,1.2,4.2,2,0,1,3,nochange_ori,z,1,testing
20,my,f,18,index,True,366847,367818,/,1.2,1.2,0.7,0.7,0,2,3,1,change_ori,/,2,testing
20,my,f,18,index,True,372441,373225,/,4.2,0.7,4.2,0.7,0,3,1,2,change_ori,/,2,testing
20,my,f,18,index,True,377851,382154,z,0.7,1.2,1.2,0.7,1,0,3,2,change_ori,/,3,testing
20,my,f,18,index,True,386751,387449,z,4.2,4.2,1.2,1.2,2,3,0,1,nochange_ori,z,0,testing
20,my,f,18,index,True,392060,393049,/,0.7,4.2,4.2,0.7,2,3,0,1,change_col,/,0,testing
20,my,f,18,index,True,397737,398601,z,2.2,0.7,2.2,0.7,2,1,3,0,change_ori,/,1,testing
20,my,f,18,index,True,403180,405048,/,0.7,2.2,0.7,2.2,2,3,1,0,change_ori,/,0,testing
20,my,f,18,index,True,409710,410393,/,0.7,0.7,4.2,4.2,2,0,1,3,change_col,/,0,testing
20,my,f,18,index,True,415086,417658,/,1.2,2.2,1.2,2.2,3,2,1,0,nochange_ori,z,0,testing
20,my,f,18,index,True,422265,423114,z,4.2,4.2,2.2,2.2,1,2,3,0,nochange_col,z,0,testing
20,my,f,18,index,True,427725,428473,/,2.2,1.2,1.2,2.2,3,0,2,1,change_ori,/,1,testing
20,my,f,18,index,True,433152,434681,z,2.2,4.2,4.2,2.2,1,3,0,2,nochange_col,z,3,testing
20,my,f,18,index,True,439263,440137,z,0.7,0.7,4.2,4.2,1,0,3,2,nochange_col,z,0,testing
20,my,f,18,index,True,444740,445465,z,1.2,1.2,0.7,0.7,0,2,1,3,nochange_col,z,2,testing
20,my,f,18,index,True,450133,450761,/,1.2,2.2,2.2,1.2,3,0,2,1,change_ori,/,1,testing
20,my,f,18,index,True,455327,456170,z,0.7,1.2,1.2,0.7,1,0,2,3,nochange_ori,z,1,testing
20,my,f,18,index,True,460837,461545,/,2.2,4.2,4.2,2.2,3,2,0,1,change_ori,/,1,testing
20,my,f,18,index,True,466297,467450,z,4.2,4.2,0.7,0.7,1,3,0,2,change_ori,/,0,testing
20,my,f,18,index,True,472057,472922,/,2.2,2.2,4.2,4.2,2,1,0,3,nochange_ori,z,1,testing
20,my,f,18,index,True,477517,478297,z,0.7,1.2,0.7,1.2,3,0,2,1,nochange_ori,z,1,testing
20,my,f,18,index,True,482927,483962,z,4.2,2.2,4.2,2.2,0,2,1,3,change_col,/,1,testing
20,my,f,18,index,True,488621,489626,z,2.2,2.2,1.2,1.2,1,2,0,3,nochange_col,z,3,testing
20,my,f,18,index,True,494281,494905,/,2.2,0.7,2.2,0.7,1,3,0,2,change_col,/,2,testing
20,my,f,18,index,True,499641,500265,/,1.2,0.7,0.7,1.2,3,2,0,1,change_col,/,1,testing
20,my,f,18,index,True,504851,505785,z,4.2,1.2,4.2,1.2,1,3,2,0,nochange_ori,z,1,testing
20,my,f,18,index,True,510528,511193,/,0.7,4.2,4.2,0.7,0,1,3,2,nochange_ori,z,0,testing
20,my,f,18,index,True,515887,516745,/,2.2,2.2,0.7,0.7,2,0,1,3,change_col,/,3,testing
20,my,f,18,index,True,521365,522170,z,2.2,2.2,1.2,1.2,1,3,0,2,nochange_col,z,3,testing
20,my,f,18,index,True,526924,527801,z,1.2,1.2,4.2,4.2,0,1,2,3,nochange_col,z,1,testing
20,my,f,18,index,True,532518,533193,/,1.2,1.2,2.2,2.2,2,3,0,1,change_col,/,0,testing
20,my,f,18,index,True,537811,539081,/,1.2,1.2,4.2,4.2,3,0,2,1,nochange_col,z,0,testing
20,my,f,18,index,True,543772,544457,z,1.2,2.2,2.2,1.2,0,1,3,2,change_ori,/,2,testing
20,my,f,18,index,True,549082,551529,z,4.2,4.2,0.7,0.7,3,0,2,1,nochange_col,z,0,testing
20,my,f,18,index,True,556095,557849,/,0.7,1.2,0.7,1.2,2,0,3,1,change_col,/,3,testing
20,my,f,18,index,True,562506,563273,/,4.2,4.2,0.7,0.7,0,3,1,2,change_col,/,3,testing
20,my,f,18,index,True,567883,568697,/,1.2,4.2,4.2,1.2,2,0,1,3,nochange_col,z,1,testing
20,my,f,18,index,True,573327,574057,z,0.7,0.7,4.2,4.2,0,3,1,2,nochange_ori,z,0,testing
20,my,f,18,index,True,578653,580633,z,1.2,4.2,4.2,1.2,1,3,0,2,nochange_col,z,1,testing
20,my,f,18,index,True,585315,586072,/,2.2,4.2,4.2,2.2,0,3,1,2,change_ori,/,3,testing
20,my,f,18,index,True,590808,591449,/,1.2,0.7,1.2,0.7,3,0,2,1,change_col,/,1,testing
20,my,f,18,index,True,596135,596873,/,0.7,2.2,0.7,2.2,2,1,0,3,nochange_ori,z,2,testing
20,my,f,18,index,True,601445,602121,/,0.7,4.2,4.2,0.7,1,3,2,0,change_col,/,3,testing
20,my,f,18,index,True,606838,607657,/,0.7,1.2,0.7,1.2,3,1,0,2,nochange_ori,z,0,testing
20,my,f,18,index,True,612265,613705,z,4.2,1.2,4.2,1.2,1,2,3,0,nochange_col,z,2,testing
20,my,f,18,index,True,618309,619305,z,0.7,1.2,1.2,0.7,0,3,1,2,nochange_ori,z,2,testing
20,my,f,18,index,True,623953,626505,/,0.7,0.7,2.2,2.2,2,1,0,3,nochange_ori,z,0,testing
20,my,f,18,index,True,631266,632249,z,1.2,2.2,1.2,2.2,3,1,0,2,nochange_ori,z,2,testing
20,my,f,18,index,True,636926,637992,z,2.2,1.2,1.2,2.2,1,3,0,2,nochange_col,z,3,testing
20,my,f,18,index,True,642671,643560,z,0.7,2.2,0.7,2.2,1,3,2,0,nochange_ori,z,1,testing
20,my,f,18,index,True,648130,648809,/,0.7,1.2,0.7,1.2,1,3,0,2,change_ori,/,2,testing
20,my,f,18,index,True,653491,655001,z,2.2,1.2,2.2,1.2,0,1,3,2,change_ori,/,3,testing
20,my,f,18,index,True,659635,660361,z,0.7,0.7,2.2,2.2,1,0,2,3,nochange_col,z,2,testing
20,my,f,18,index,True,665062,666104,z,2.2,0.7,0.7,2.2,0,1,2,3,nochange_col,z,3,testing
20,my,f,18,index,True,670706,671720,/,4.2,0.7,4.2,0.7,1,2,3,0,nochange_ori,z,2,testing
20,my,f,18,index,True,680123,680729,/,2.2,1.2,1.2,2.2,0,3,2,1,change_col,/,3,testing
20,my,f,18,index,True,685466,686056,/,1.2,1.2,4.2,4.2,3,1,2,0,change_col,/,0,testing
20,my,f,18,index,True,690809,691512,/,2.2,0.7,0.7,2.2,3,1,0,2,change_col,/,2,testing
20,my,f,18,index,True,696269,697672,/,2.2,0.7,2.2,0.7,2,3,0,1,change_ori,/,3,testing
20,my,f,18,index,True,702297,705833,/,4.2,1.2,1.2,4.2,2,3,0,1,change_col,/,0,testing
20,my,f,18,index,True,710462,711144,/,4.2,0.7,0.7,4.2,3,2,1,0,nochange_col,z,3,testing
20,my,f,18,index,True,715872,716537,/,1.2,4.2,4.2,1.2,0,1,2,3,change_col,/,0,testing
20,my,f,18,index,True,721282,722088,z,0.7,1.2,1.2,0.7,0,2,1,3,nochange_col,z,0,testing
20,my,f,18,index,True,726675,727369,/,0.7,2.2,0.7,2.2,1,3,0,2,nochange_col,z,3,testing
20,my,f,18,index,True,732051,736520,z,1.2,2.2,2.2,1.2,3,1,2,0,nochange_ori,z,2,testing
20,my,f,18,index,True,741085,741624,/,2.2,0.7,2.2,0.7,2,1,3,0,nochange_ori,z,0,testing
20,my,f,18,index,True,746227,748440,z,1.2,0.7,1.2,0.7,0,3,1,2,nochange_ori,z,1,testing
20,my,f,18,index,True,753107,753833,z,2.2,1.2,2.2,1.2,0,3,2,1,nochange_col,z,2,testing
20,my,f,18,index,True,758567,759464,z,2.2,2.2,1.2,1.2,0,1,2,3,nochange_ori,z,2,testing
20,my,f,18,index,True,764044,764632,/,1.2,1.2,4.2,4.2,2,3,0,1,change_col,/,1,testing
20,my,f,18,index,True,769287,770312,z,1.2,4.2,4.2,1.2,0,3,1,2,change_ori,/,1,testing
20,my,f,18,index,True,775031,775672,/,0.7,0.7,2.2,2.2,2,3,1,0,change_col,/,0,testing
20,my,f,18,index,True,780374,780984,/,1.2,2.2,2.2,1.2,3,0,2,1,change_col,/,1,testing
20,my,f,18,index,True,785600,786360,/,0.7,0.7,1.2,1.2,0,2,1,3,change_col,/,2,testing
20,my,f,18,index,True,791110,791800,/,1.2,4.2,1.2,4.2,1,2,0,3,change_ori,/,0,testing
20,my,f,18,index,True,796537,797224,/,4.2,4.2,1.2,1.2,1,2,3,0,change_ori,/,0,testing
20,my,f,18,index,True,801897,802504,/,2.2,2.2,1.2,1.2,1,2,3,0,change_ori,/,0,testing
20,my,f,18,index,True,807240,810249,z,0.7,1.2,1.2,0.7,2,0,3,1,change_col,/,1,testing
20,my,f,18,index,True,814987,815833,z,2.2,0.7,2.2,0.7,0,2,3,1,nochange_col,z,2,testing
20,my,f,18,index,True,820581,821337,/,1.2,1.2,4.2,4.2,3,1,2,0,change_ori,/,0,testing
20,my,f,18,index,True,826091,826888,z,1.2,4.2,4.2,1.2,2,0,3,1,change_ori,/,3,testing
20,my,f,18,index,True,831451,832344,z,2.2,2.2,1.2,1.2,2,1,0,3,nochange_col,z,3,testing
20,my,f,18,index,True,837045,838184,/,2.2,1.2,1.2,2.2,2,3,1,0,nochange_col,z,3,testing
20,my,f,18,index,True,842855,844728,/,0.7,2.2,2.2,0.7,0,3,2,1,change_ori,/,3,testing
20,my,f,18,index,True,849383,849880,/,1.2,0.7,1.2,0.7,3,1,0,2,change_ori,/,0,testing
20,my,f,18,index,True,854443,856264,z,4.2,2.2,4.2,2.2,3,1,0,2,change_ori,/,1,testing
20,my,f,18,index,True,861022,861832,/,0.7,4.2,0.7,4.2,2,3,1,0,nochange_ori,z,0,testing
20,my,f,18,index,True,866432,867240,/,2.2,0.7,2.2,0.7,3,2,0,1,change_ori,/,0,testing
20,my,f,18,index,True,871841,872584,z,4.2,4.2,0.7,0.7,3,2,0,1,nochange_ori,z,0,testing
20,my,f,18,index,True,877202,878056,z,2.2,1.2,2.2,1.2,0,3,2,1,nochange_col,z,1,testing
20,my,f,18,index,True,882796,883656,/,4.2,1.2,4.2,1.2,3,2,0,1,change_ori,/,0,testing
20,my,f,18,index,True,888322,888920,/,4.2,2.2,2.2,4.2,1,2,3,0,nochange_ori,z,3,testing
20,my,f,18,index,True,893548,895016,z,4.2,2.2,2.2,4.2,2,3,1,0,change_ori,/,0,testing
20,my,f,18,index,True,899726,900520,z,4.2,4.2,1.2,1.2,0,3,1,2,nochange_ori,z,0,testing
20,my,f,18,index,True,905136,905912,z,4.2,1.2,4.2,1.2,1,3,2,0,nochange_col,z,0,testing
20,my,f,18,index,True,910513,913288,z,0.7,1.2,0.7,1.2,2,3,0,1,nochange_ori,z,2,testing
20,my,f,18,index,True,917943,919784,z,2.2,2.2,0.7,0.7,0,3,2,1,nochange_col,z,2,testing
20,my,f,18,index,True,924455,926728,z,1.2,4.2,4.2,1.2,1,0,3,2,nochange_ori,z,2,testing
20,my,f,18,index,True,931502,931976,z,1.2,1.2,2.2,2.2,0,1,3,2,nochange_col,z,2,testing
20,my,f,18,index,True,936677,937416,/,2.2,1.2,1.2,2.2,1,0,2,3,nochange_ori,z,0,testing
20,my,f,18,index,True,942172,942872,/,2.2,4.2,2.2,4.2,3,2,1,0,nochange_ori,z,2,testing
20,my,f,18,index,True,947531,948296,/,0.7,0.7,4.2,4.2,3,1,2,0,change_ori,/,3,testing
20,my,f,18,index,True,952974,953719,z,1.2,2.2,1.2,2.2,1,2,0,3,nochange_col,z,2,testing
20,my,f,18,index,True,958351,960264,z,2.2,0.7,2.2,0.7,3,1,0,2,nochange_ori,z,3,testing
20,my,f,18,index,True,964997,965544,/,2.2,1.2,2.2,1.2,3,1,0,2,nochange_ori,z,1,testing
20,my,f,18,index,True,970239,970856,/,0.7,0.7,2.2,2.2,0,2,3,1,change_col,/,2,testing
20,my,f,18,index,True,975515,976408,/,1.2,1.2,4.2,4.2,0,1,3,2,change_ori,/,2,testing
20,my,f,18,index,True,981009,982856,/,0.7,2.2,0.7,2.2,1,2,0,3,change_ori,/,3,testing
20,my,f,18,index,True,987488,988584,/,1.2,4.2,1.2,4.2,2,3,0,1,change_col,/,2,testing
20,my,f,18,index,True,993315,993992,z,1.2,1.2,4.2,4.2,3,2,1,0,nochange_col,z,1,testing
20,my,f,18,index,True,998641,999160,/,4.2,1.2,1.2,4.2,0,1,3,2,change_col,/,1,testing
20,my,f,18,index,True,1003868,1005496,z,1.2,1.2,2.2,2.2,3,0,1,2,nochange_col,z,0,testing
20,my,f,18,index,True,1010163,1012615,/,4.2,4.2,1.2,1.2,2,1,3,0,change_col,/,0,testing
20,my,f,18,index,True,1017259,1018168,z,1.2,1.2,2.2,2.2,1,3,0,2,change_ori,/,1,testing
20,my,f,18,index,True,1022819,1024183,/,4.2,2.2,2.2,4.2,3,1,0,2,nochange_ori,z,3,testing
20,my,f,18,index,True,1028831,1029399,/,1.2,0.7,1.2,0.7,0,3,2,1,change_col,/,3,testing
20,my,f,18,index,True,1034023,1034519,/,4.2,2.2,4.2,2.2,3,2,1,0,change_col,/,0,testing
20,my,f,18,index,True,1039099,1039784,/,2.2,1.2,1.2,2.2,2,3,0,1,change_ori,/,3,testing
20,my,f,18,index,True,1044459,1045015,/,1.2,2.2,1.2,2.2,2,3,1,0,nochange_ori,z,2,testing
20,my,f,18,index,True,1049702,1050679,/,1.2,4.2,1.2,4.2,2,3,1,0,change_col,/,2,testing
20,my,f,18,index,True,1055345,1056248,/,1.2,0.7,1.2,0.7,1,0,3,2,change_col,/,1,testing
20,my,f,18,index,True,1060906,1061511,/,0.7,0.7,4.2,4.2,0,2,1,3,nochange_col,z,3,testing
20,my,f,18,index,True,1066149,1067784,z,4.2,4.2,2.2,2.2,3,0,2,1,nochange_ori,z,0,testing
20,my,f,18,index,True,1072360,1074679,z,4.2,4.2,1.2,1.2,2,0,1,3,change_ori,/,0,testing
20,my,f,18,index,True,1079290,1080072,z,1.2,4.2,4.2,1.2,2,3,1,0,nochange_col,z,0,testing
20,my,f,18,index,True,1084783,1086024,z,1.2,1.2,0.7,0.7,0,3,2,1,nochange_ori,z,3,testing
20,my,f,18,index,True,1090611,1091303,/,1.2,1.2,0.7,0.7,2,3,1,0,change_col,/,1,testing
20,my,f,18,index,True,1095904,1097528,z,1.2,2.2,2.2,1.2,0,2,3,1,nochange_col,z,0,testing
20,my,f,18,index,True,1102232,1102952,/,4.2,4.2,2.2,2.2,2,0,1,3,nochange_col,z,3,testing
20,my,f,18,index,True,1107558,1109128,z,1.2,1.2,0.7,0.7,0,2,3,1,nochange_ori,z,0,testing
20,my,f,18,index,True,1113886,1115080,z,4.2,0.7,0.7,4.2,3,0,1,2,nochange_ori,z,3,testing
20,my,f,18,index,True,1119731,1120599,z,4.2,0.7,0.7,4.2,1,2,3,0,nochange_col,z,2,testing
20,my,f,18,index,True,1125307,1127191,/,0.7,2.2,0.7,2.2,3,2,0,1,change_ori,/,0,testing
20,my,f,18,index,True,1131870,1133128,z,4.2,1.2,4.2,1.2,3,2,0,1,nochange_col,z,3,testing
20,my,f,18,index,True,1137697,1138439,/,0.7,4.2,0.7,4.2,1,0,2,3,change_col,/,2,testing
