subj,name,gender,age,cond,P_resp,P_startTime,P_respTime,P_gotKey,sf1,sf2,sf3,sf4,ord_1,ord_2,ord_3,ord_4,task,correct_key,no_change,mode
2,cht,f,21,noindex,True,263463,264723,/,2.2,4.2,1.2,0.7,1,3,0,2,change_ori,/,2,practice
2,cht,f,21,noindex,True,269474,270578,/,2.2,4.2,0.7,1.2,0,1,3,2,nochange_ori,z,0,practice
2,cht,f,21,noindex,True,275152,276275,/,2.2,1.2,0.7,4.2,2,1,3,0,change_col,/,1,practice
2,cht,f,21,noindex,True,280911,281954,z,0.7,4.2,2.2,1.2,2,0,3,1,nochange_col,z,1,practice
2,cht,f,21,noindex,True,286672,287522,/,0.7,4.2,2.2,1.2,3,1,2,0,change_col,/,3,practice
2,cht,f,21,noindex,True,292132,292947,z,2.2,1.2,4.2,0.7,2,0,1,3,nochange_col,z,3,practice
2,cht,f,21,noindex,True,297643,299011,/,0.7,4.2,1.2,2.2,1,3,0,2,change_ori,/,0,practice
2,cht,f,21,noindex,True,303637,304675,z,1.2,4.2,0.7,2.2,2,3,0,1,nochange_ori,z,1,practice
2,cht,f,21,noindex,True,309414,310498,z,1.2,2.2,4.2,0.7,2,3,1,0,nochange_col,z,1,practice
2,cht,f,21,noindex,True,315192,316883,z,2.2,0.7,1.2,4.2,3,0,1,2,nochange_ori,z,2,practice
2,cht,f,21,noindex,True,321520,324067,z,4.2,0.7,1.2,2.2,3,2,1,0,nochange_col,z,3,practice
2,cht,f,21,noindex,True,328750,329651,z,0.7,2.2,4.2,1.2,0,2,1,3,nochange_col,z,2,practice
2,cht,f,21,noindex,True,334326,342802,/,0.7,1.2,4.2,2.2,2,0,1,3,change_ori,/,2,practice
2,cht,f,21,noindex,True,347468,348323,/,1.2,0.7,4.2,2.2,1,3,0,2,change_col,/,0,practice
2,cht,f,21,noindex,True,352961,354418,z,0.7,1.2,2.2,4.2,1,0,2,3,nochange_ori,z,2,practice
2,cht,f,21,noindex,True,358989,361507,/,0.7,2.2,4.2,1.2,0,3,1,2,change_ori,/,3,practice
2,cht,f,21,noindex,True,366085,366931,/,2.2,4.2,1.2,0.7,1,0,3,2,change_col,/,2,practice
2,cht,f,21,noindex,True,371646,372851,z,2.2,0.7,4.2,1.2,1,2,0,3,nochange_ori,z,1,practice
2,cht,f,21,noindex,True,377607,379138,/,0.7,2.2,1.2,4.2,3,0,2,1,change_ori,/,3,practice
2,cht,f,21,noindex,True,383801,384851,/,0.7,2.2,4.2,1.2,1,0,3,2,change_col,/,3,practice
2,cht,f,21,noindex,True,397626,398578,/,2.2,4.2,1.2,0.7,2,3,0,1,change_col,/,3,testing
2,cht,f,21,noindex,True,403270,404834,z,2.2,1.2,0.7,4.2,1,2,3,0,nochange_ori,z,1,testing
2,cht,f,21,noindex,True,409448,410226,/,4.2,2.2,0.7,1.2,3,0,1,2,change_col,/,2,testing
2,cht,f,21,noindex,True,414975,416242,/,0.7,2.2,1.2,4.2,0,1,3,2,change_ori,/,1,testing
2,cht,f,21,noindex,True,420886,422914,/,4.2,2.2,0.7,1.2,0,3,2,1,change_ori,/,0,testing
2,cht,f,21,noindex,True,427515,428178,/,4.2,2.2,0.7,1.2,2,3,0,1,change_col,/,0,testing
2,cht,f,21,noindex,True,432841,433954,/,1.2,2.2,0.7,4.2,3,2,0,1,change_col,/,3,testing
2,cht,f,21,noindex,True,438652,439538,z,1.2,2.2,0.7,4.2,3,0,2,1,nochange_ori,z,3,testing
2,cht,f,21,noindex,True,444146,445714,z,1.2,2.2,4.2,0.7,1,0,3,2,nochange_ori,z,3,testing
2,cht,f,21,noindex,True,450457,451155,/,2.2,4.2,1.2,0.7,0,2,3,1,change_col,/,0,testing
2,cht,f,21,noindex,True,455850,456947,z,1.2,2.2,4.2,0.7,3,0,2,1,nochange_ori,z,3,testing
2,cht,f,21,noindex,True,461544,463618,/,1.2,4.2,0.7,2.2,2,3,0,1,change_ori,/,3,testing
2,cht,f,21,noindex,True,468357,469363,z,4.2,1.2,0.7,2.2,1,2,0,3,nochange_col,z,2,testing
2,cht,f,21,noindex,True,474000,475107,/,2.2,0.7,4.2,1.2,0,1,2,3,change_ori,/,0,testing
2,cht,f,21,noindex,True,479778,481059,/,4.2,0.7,2.2,1.2,0,3,2,1,change_ori,/,1,testing
2,cht,f,21,noindex,True,485805,486706,z,1.2,4.2,0.7,2.2,0,1,2,3,nochange_col,z,3,testing
2,cht,f,21,noindex,True,491399,492643,z,1.2,0.7,4.2,2.2,3,1,2,0,nochange_ori,z,2,testing
2,cht,f,21,noindex,True,497293,498931,z,4.2,2.2,1.2,0.7,0,2,1,3,nochange_col,z,2,testing
2,cht,f,21,noindex,True,503538,504722,/,2.2,0.7,4.2,1.2,3,2,0,1,change_col,/,0,testing
2,cht,f,21,noindex,True,509349,510082,/,0.7,2.2,1.2,4.2,1,2,0,3,change_col,/,0,testing
2,cht,f,21,noindex,True,514825,516578,z,1.2,2.2,4.2,0.7,1,3,2,0,nochange_ori,z,2,testing
2,cht,f,21,noindex,True,521221,522242,z,0.7,2.2,4.2,1.2,2,1,0,3,nochange_col,z,1,testing
2,cht,f,21,noindex,True,526831,528067,/,2.2,1.2,0.7,4.2,2,0,3,1,change_ori,/,0,testing
2,cht,f,21,noindex,True,532741,533939,z,0.7,2.2,4.2,1.2,2,0,1,3,nochange_ori,z,0,testing
2,cht,f,21,noindex,True,538636,540466,/,0.7,1.2,4.2,2.2,2,1,0,3,change_ori,/,3,testing
2,cht,f,21,noindex,True,545081,547282,/,4.2,0.7,1.2,2.2,2,0,1,3,change_ori,/,3,testing
2,cht,f,21,noindex,True,551894,553170,z,4.2,1.2,2.2,0.7,3,0,1,2,nochange_col,z,2,testing
2,cht,f,21,noindex,True,557805,558658,/,2.2,4.2,1.2,0.7,2,0,3,1,change_col,/,0,testing
2,cht,f,21,noindex,True,563381,564483,z,2.2,4.2,0.7,1.2,3,1,2,0,nochange_col,z,0,testing
2,cht,f,21,noindex,True,569242,570099,z,1.2,2.2,0.7,4.2,0,3,1,2,nochange_ori,z,3,testing
2,cht,f,21,noindex,True,574736,576418,z,1.2,4.2,0.7,2.2,3,1,0,2,nochange_ori,z,0,testing
2,cht,f,21,noindex,True,581047,582578,z,0.7,4.2,1.2,2.2,0,2,1,3,nochange_ori,z,1,testing
2,cht,f,21,noindex,True,587203,588275,z,1.2,2.2,4.2,0.7,0,2,3,1,nochange_ori,z,2,testing
2,cht,f,21,noindex,True,592869,593634,z,4.2,0.7,1.2,2.2,3,0,2,1,nochange_col,z,2,testing
2,cht,f,21,noindex,True,598295,599250,z,4.2,1.2,2.2,0.7,3,2,1,0,nochange_ori,z,1,testing
2,cht,f,21,noindex,True,604006,604834,/,2.2,4.2,0.7,1.2,1,0,2,3,change_col,/,3,testing
2,cht,f,21,noindex,True,609400,610706,z,1.2,2.2,0.7,4.2,3,2,0,1,nochange_col,z,1,testing
2,cht,f,21,noindex,True,615394,617122,z,0.7,4.2,2.2,1.2,3,1,0,2,nochange_ori,z,3,testing
2,cht,f,21,noindex,True,621772,622979,/,1.2,0.7,2.2,4.2,0,1,2,3,change_col,/,0,testing
2,cht,f,21,noindex,True,627683,628914,z,4.2,1.2,2.2,0.7,1,2,3,0,nochange_ori,z,1,testing
2,cht,f,21,noindex,True,633477,634594,/,1.2,4.2,0.7,2.2,1,0,3,2,change_ori,/,3,testing
2,cht,f,21,noindex,True,639304,640610,/,4.2,1.2,2.2,0.7,0,3,2,1,change_ori,/,3,testing
2,cht,f,21,noindex,True,645365,646067,z,1.2,0.7,4.2,2.2,0,3,1,2,nochange_col,z,0,testing
2,cht,f,21,noindex,True,650792,651634,/,4.2,2.2,0.7,1.2,2,3,1,0,change_ori,/,1,testing
2,cht,f,21,noindex,True,656369,657634,z,1.2,4.2,0.7,2.2,3,0,1,2,nochange_ori,z,3,testing
2,cht,f,21,noindex,True,662230,662898,/,4.2,2.2,0.7,1.2,1,3,2,0,change_col,/,3,testing
2,cht,f,21,noindex,True,667523,668195,/,1.2,4.2,0.7,2.2,2,3,0,1,change_col,/,3,testing
2,cht,f,21,noindex,True,672933,674450,z,0.7,4.2,1.2,2.2,2,1,0,3,nochange_col,z,0,testing
2,cht,f,21,noindex,True,679094,679987,z,2.2,4.2,0.7,1.2,3,1,0,2,nochange_col,z,0,testing
2,cht,f,21,noindex,True,684554,686242,z,0.7,2.2,1.2,4.2,1,3,0,2,nochange_col,z,1,testing
2,cht,f,21,noindex,True,690900,692370,z,2.2,4.2,0.7,1.2,3,2,0,1,change_ori,/,1,testing
2,cht,f,21,noindex,True,696977,697826,z,2.2,0.7,1.2,4.2,0,1,3,2,nochange_col,z,2,testing
2,cht,f,21,noindex,True,702471,703186,z,2.2,4.2,0.7,1.2,1,3,0,2,nochange_col,z,1,testing
2,cht,f,21,noindex,True,707931,708642,/,1.2,4.2,2.2,0.7,3,0,1,2,change_col,/,0,testing
2,cht,f,21,noindex,True,713307,715474,/,4.2,0.7,1.2,2.2,2,1,3,0,change_ori,/,2,testing
2,cht,f,21,noindex,True,720119,721394,/,1.2,0.7,2.2,4.2,1,0,3,2,change_ori,/,3,testing
2,cht,f,21,noindex,True,726064,727089,/,1.2,2.2,0.7,4.2,2,1,3,0,change_ori,/,2,testing
2,cht,f,21,noindex,True,731725,733363,/,1.2,0.7,2.2,4.2,0,2,1,3,change_ori,/,0,testing
2,cht,f,21,noindex,True,738002,738802,/,4.2,2.2,0.7,1.2,3,1,0,2,change_col,/,2,testing
2,cht,f,21,noindex,True,743546,744930,z,4.2,2.2,1.2,0.7,3,2,0,1,nochange_ori,z,2,testing
2,cht,f,21,noindex,True,749590,751026,z,2.2,1.2,0.7,4.2,2,3,1,0,nochange_ori,z,1,testing
2,cht,f,21,noindex,True,755668,756434,/,0.7,4.2,2.2,1.2,3,1,0,2,change_col,/,3,testing
2,cht,f,21,noindex,True,761161,764242,/,1.2,0.7,2.2,4.2,1,2,3,0,change_ori,/,2,testing
2,cht,f,21,noindex,True,768959,769826,z,0.7,4.2,2.2,1.2,2,0,1,3,nochange_col,z,1,testing
2,cht,f,21,noindex,True,774570,775314,/,0.7,4.2,2.2,1.2,0,3,1,2,change_col,/,3,testing
2,cht,f,21,noindex,True,779963,780770,z,4.2,1.2,0.7,2.2,2,1,0,3,nochange_col,z,1,testing
2,cht,f,21,noindex,True,785373,786386,/,0.7,1.2,4.2,2.2,2,1,0,3,change_ori,/,3,testing
2,cht,f,21,noindex,True,790984,791970,z,2.2,4.2,0.7,1.2,0,2,1,3,nochange_col,z,3,testing
2,cht,f,21,noindex,True,796561,797746,z,2.2,4.2,1.2,0.7,1,0,3,2,nochange_ori,z,2,testing
2,cht,f,21,noindex,True,802421,803186,/,0.7,2.2,1.2,4.2,2,3,0,1,change_col,/,0,testing
2,cht,f,21,noindex,True,807798,811890,z,4.2,2.2,1.2,0.7,0,3,1,2,nochange_ori,z,1,testing
2,cht,f,21,noindex,True,816564,817698,/,4.2,2.2,0.7,1.2,0,2,1,3,change_ori,/,0,testing
2,cht,f,21,noindex,True,822358,823090,/,0.7,4.2,2.2,1.2,0,2,1,3,change_col,/,0,testing
2,cht,f,21,noindex,True,827784,829202,/,0.7,1.2,4.2,2.2,2,0,3,1,change_ori,/,0,testing
2,cht,f,21,noindex,True,833929,835346,z,0.7,1.2,4.2,2.2,0,3,2,1,nochange_col,z,0,testing
2,cht,f,21,noindex,True,839940,840739,/,2.2,4.2,0.7,1.2,0,3,1,2,change_col,/,2,testing
2,cht,f,21,noindex,True,845467,846403,z,2.2,1.2,4.2,0.7,3,0,1,2,nochange_col,z,2,testing
2,cht,f,21,noindex,True,851077,851842,/,4.2,1.2,0.7,2.2,3,1,0,2,change_col,/,2,testing
2,cht,f,21,noindex,True,856537,857602,z,2.2,4.2,0.7,1.2,0,2,1,3,nochange_ori,z,1,testing
2,cht,f,21,noindex,True,862365,863409,z,2.2,4.2,0.7,1.2,2,1,3,0,nochange_col,z,0,testing
2,cht,f,21,noindex,True,917783,919154,/,2.2,0.7,1.2,4.2,2,1,3,0,change_ori,/,1,testing
2,cht,f,21,noindex,True,923844,928337,z,2.2,0.7,4.2,1.2,3,0,1,2,nochange_ori,z,1,testing
2,cht,f,21,noindex,True,932961,933794,z,0.7,1.2,2.2,4.2,0,3,2,1,nochange_ori,z,1,testing
2,cht,f,21,noindex,True,938421,940146,/,2.2,4.2,1.2,0.7,2,1,3,0,change_ori,/,0,testing
2,cht,f,21,noindex,True,944733,945922,/,2.2,1.2,4.2,0.7,2,0,1,3,change_ori,/,0,testing
2,cht,f,21,noindex,True,950677,951665,z,2.2,0.7,4.2,1.2,3,0,1,2,nochange_col,z,3,testing
2,cht,f,21,noindex,True,956238,957234,/,4.2,1.2,2.2,0.7,2,3,1,0,change_col,/,3,testing
2,cht,f,21,noindex,True,961948,963201,z,1.2,0.7,4.2,2.2,0,1,2,3,nochange_col,z,1,testing
2,cht,f,21,noindex,True,967842,969442,/,0.7,1.2,4.2,2.2,3,2,0,1,change_ori,/,1,testing
2,cht,f,21,noindex,True,974104,975858,z,1.2,2.2,4.2,0.7,3,2,1,0,nochange_ori,z,2,testing
2,cht,f,21,noindex,True,980482,981522,z,1.2,0.7,4.2,2.2,2,0,3,1,nochange_col,z,1,testing
2,cht,f,21,noindex,True,986176,987409,/,2.2,1.2,0.7,4.2,1,2,0,3,change_ori,/,2,testing
2,cht,f,21,noindex,True,992104,993121,/,1.2,0.7,4.2,2.2,0,3,1,2,change_col,/,1,testing
2,cht,f,21,noindex,True,997898,998642,/,1.2,0.7,4.2,2.2,2,0,1,3,change_col,/,3,testing
2,cht,f,21,noindex,True,1003374,1004129,/,4.2,2.2,1.2,0.7,2,1,3,0,change_col,/,2,testing
2,cht,f,21,noindex,True,1008834,1009602,z,4.2,0.7,2.2,1.2,2,3,1,0,nochange_col,z,0,testing
2,cht,f,21,noindex,True,1014228,1015490,/,1.2,2.2,0.7,4.2,0,2,1,3,change_col,/,3,testing
2,cht,f,21,noindex,True,1020105,1021362,/,0.7,4.2,2.2,1.2,3,0,1,2,change_ori,/,3,testing
2,cht,f,21,noindex,True,1025966,1026850,z,2.2,4.2,0.7,1.2,0,1,2,3,nochange_col,z,3,testing
2,cht,f,21,noindex,True,1031476,1032738,z,4.2,1.2,2.2,0.7,2,1,3,0,nochange_ori,z,3,testing
2,cht,f,21,noindex,True,1037353,1038322,/,2.2,4.2,0.7,1.2,3,0,2,1,change_ori,/,0,testing
2,cht,f,21,noindex,True,1042947,1044914,z,2.2,0.7,1.2,4.2,1,2,3,0,nochange_ori,z,0,testing
2,cht,f,21,noindex,True,1049526,1050290,/,2.2,0.7,4.2,1.2,0,1,3,2,change_col,/,3,testing
2,cht,f,21,noindex,True,1055035,1056002,/,4.2,1.2,2.2,0.7,0,2,1,3,change_col,/,0,testing
2,cht,f,21,noindex,True,1060629,1061409,/,2.2,4.2,1.2,0.7,2,3,0,1,change_col,/,3,testing
2,cht,f,21,noindex,True,1066023,1068402,/,1.2,0.7,4.2,2.2,3,0,1,2,change_ori,/,2,testing
2,cht,f,21,noindex,True,1072969,1073681,/,2.2,4.2,0.7,1.2,3,2,1,0,change_col,/,2,testing
2,cht,f,21,noindex,True,1078378,1080161,/,1.2,0.7,4.2,2.2,1,0,2,3,change_ori,/,3,testing
2,cht,f,21,noindex,True,1084724,1086545,/,0.7,4.2,2.2,1.2,2,0,1,3,change_ori,/,2,testing
2,cht,f,21,noindex,True,1091269,1092066,/,0.7,4.2,1.2,2.2,1,0,2,3,change_col,/,1,testing
2,cht,f,21,noindex,True,1096796,1098241,z,4.2,0.7,2.2,1.2,3,1,2,0,nochange_ori,z,1,testing
2,cht,f,21,noindex,True,1102907,1103938,z,2.2,4.2,0.7,1.2,3,0,1,2,nochange_ori,z,3,testing
2,cht,f,21,noindex,True,1108634,1109490,/,1.2,2.2,0.7,4.2,1,2,0,3,change_col,/,0,testing
2,cht,f,21,noindex,True,1114228,1115633,z,0.7,1.2,4.2,2.2,0,1,3,2,nochange_ori,z,2,testing
2,cht,f,21,noindex,True,1120273,1122593,/,1.2,2.2,0.7,4.2,3,2,0,1,change_ori,/,1,testing
2,cht,f,21,noindex,True,1127236,1127986,/,2.2,4.2,0.7,1.2,0,2,1,3,change_col,/,2,testing
2,cht,f,21,noindex,True,1132628,1133745,z,0.7,2.2,1.2,4.2,3,0,1,2,nochange_col,z,2,testing
2,cht,f,21,noindex,True,1138406,1139825,z,0.7,4.2,2.2,1.2,2,0,1,3,nochange_col,z,2,testing
2,cht,f,21,noindex,True,1144434,1145234,z,0.7,1.2,4.2,2.2,0,1,3,2,nochange_col,z,1,testing
2,cht,f,21,noindex,True,1149810,1150834,z,2.2,1.2,4.2,0.7,1,3,2,0,nochange_col,z,0,testing
2,cht,f,21,noindex,True,1155504,1156402,z,2.2,1.2,0.7,4.2,3,0,1,2,nochange_ori,z,0,testing
2,cht,f,21,noindex,True,1160997,1161858,/,0.7,1.2,2.2,4.2,2,3,1,0,change_col,/,0,testing
2,cht,f,21,noindex,True,1166541,1167650,z,0.7,1.2,2.2,4.2,1,2,0,3,nochange_ori,z,3,testing
2,cht,f,21,noindex,True,1172218,1173714,/,4.2,2.2,0.7,1.2,2,3,1,0,change_ori,/,3,testing
2,cht,f,21,noindex,True,1178313,1179090,z,0.7,1.2,4.2,2.2,3,2,0,1,nochange_col,z,3,testing
2,cht,f,21,noindex,True,1183839,1185073,/,1.2,2.2,0.7,4.2,0,2,1,3,change_ori,/,1,testing
2,cht,f,21,noindex,True,1189767,1192497,/,4.2,1.2,0.7,2.2,2,3,0,1,change_ori,/,2,testing
2,cht,f,21,noindex,True,1197247,1198449,z,0.7,4.2,1.2,2.2,1,3,2,0,nochange_ori,z,3,testing
2,cht,f,21,noindex,True,1203108,1204194,z,0.7,1.2,2.2,4.2,0,1,2,3,nochange_ori,z,2,testing
2,cht,f,21,noindex,True,1208785,1209682,/,4.2,2.2,1.2,0.7,3,1,0,2,change_col,/,1,testing
2,cht,f,21,noindex,True,1214328,1215170,/,2.2,4.2,0.7,1.2,1,2,3,0,change_col,/,2,testing
2,cht,f,21,noindex,True,1219788,1220482,/,1.2,0.7,4.2,2.2,3,1,2,0,change_col,/,1,testing
2,cht,f,21,noindex,True,1225099,1227633,/,1.2,4.2,2.2,0.7,2,1,3,0,change_ori,/,3,testing
2,cht,f,21,noindex,True,1232229,1233809,z,2.2,4.2,0.7,1.2,3,1,0,2,nochange_ori,z,2,testing
2,cht,f,21,noindex,True,1238423,1239218,z,4.2,1.2,0.7,2.2,2,3,0,1,nochange_col,z,0,testing
2,cht,f,21,noindex,True,1243933,1245154,/,1.2,0.7,2.2,4.2,1,3,2,0,change_col,/,0,testing
2,cht,f,21,noindex,True,1249861,1250625,z,0.7,1.2,4.2,2.2,1,3,2,0,nochange_col,z,3,testing
2,cht,f,21,noindex,True,1255337,1256721,/,0.7,2.2,4.2,1.2,3,0,1,2,change_ori,/,2,testing
2,cht,f,21,noindex,True,1261415,1262770,/,2.2,1.2,0.7,4.2,2,1,3,0,change_ori,/,1,testing
2,cht,f,21,noindex,True,1267443,1268178,/,0.7,4.2,2.2,1.2,0,2,1,3,change_col,/,2,testing
2,cht,f,21,noindex,True,1272836,1274562,z,4.2,0.7,2.2,1.2,2,1,0,3,nochange_ori,z,1,testing
2,cht,f,21,noindex,True,1279282,1280929,z,1.2,4.2,0.7,2.2,1,3,2,0,nochange_ori,z,1,testing
2,cht,f,21,noindex,True,1285626,1286642,z,2.2,4.2,1.2,0.7,3,1,0,2,nochange_col,z,0,testing
2,cht,f,21,noindex,True,1291287,1292353,z,4.2,1.2,2.2,0.7,3,0,1,2,nochange_ori,z,3,testing
2,cht,f,21,noindex,True,1297031,1297873,/,1.2,2.2,4.2,0.7,2,1,0,3,change_col,/,2,testing
2,cht,f,21,noindex,True,1302525,1303408,z,4.2,1.2,2.2,0.7,0,2,1,3,nochange_col,z,0,testing
2,cht,f,21,noindex,True,1308117,1308961,z,2.2,1.2,0.7,4.2,0,1,2,3,nochange_col,z,3,testing
2,cht,f,21,noindex,True,1313628,1314657,/,1.2,2.2,0.7,4.2,1,2,0,3,change_ori,/,2,testing
2,cht,f,21,noindex,True,1319272,1319969,z,1.2,0.7,4.2,2.2,1,0,3,2,nochange_col,z,0,testing
2,cht,f,21,noindex,True,1324615,1327282,/,2.2,4.2,1.2,0.7,0,2,1,3,change_ori,/,1,testing
2,cht,f,21,noindex,True,1331945,1332738,z,4.2,1.2,0.7,2.2,1,3,2,0,nochange_col,z,3,testing
2,cht,f,21,noindex,True,1337371,1339394,z,2.2,1.2,4.2,0.7,1,3,0,2,nochange_ori,z,1,testing
2,cht,f,21,noindex,True,1343984,1345217,z,1.2,2.2,4.2,0.7,1,2,0,3,nochange_ori,z,0,testing
2,cht,f,21,noindex,True,1349911,1351362,z,2.2,1.2,0.7,4.2,1,2,3,0,nochange_ori,z,2,testing
2,cht,f,21,noindex,True,1356123,1356850,z,2.2,4.2,1.2,0.7,0,3,2,1,nochange_col,z,3,testing
2,cht,f,21,noindex,True,1361583,1362850,/,0.7,1.2,2.2,4.2,1,2,3,0,change_col,/,2,testing
2,cht,f,21,noindex,True,1367427,1368146,z,4.2,2.2,0.7,1.2,0,3,1,2,nochange_col,z,2,testing
2,cht,f,21,noindex,True,1372887,1374049,z,2.2,4.2,1.2,0.7,2,0,3,1,nochange_col,z,1,testing
2,cht,f,21,noindex,True,1378698,1380337,/,0.7,4.2,2.2,1.2,1,2,3,0,nochange_ori,z,0,testing
2,cht,f,21,noindex,True,1385009,1386673,/,1.2,4.2,2.2,0.7,1,2,0,3,change_ori,/,1,testing
