subj,name,gender,age,cond,P_resp,P_startTime,P_respTime,P_gotKey,sf1,sf2,sf3,sf4,ord_1,ord_2,ord_3,ord_4,task,correct_key,no_change,mode
2,cht,f,21,index,True,270527,271670,z,2.2,2.2,0.7,0.7,1,0,2,3,nochange_ori,z,3,practice
2,cht,f,21,index,True,276237,277350,/,2.2,4.2,2.2,4.2,3,1,2,0,nochange_ori,z,2,practice
2,cht,f,21,index,True,281981,282758,/,4.2,4.2,1.2,1.2,0,3,1,2,change_col,/,3,practice
2,cht,f,21,index,True,287424,289701,/,0.7,2.2,0.7,2.2,3,0,2,1,change_col,/,1,practice
2,cht,f,21,index,True,294437,295350,z,1.2,2.2,2.2,1.2,3,2,1,0,nochange_ori,z,3,practice
2,cht,f,21,index,True,299947,301718,/,4.2,4.2,2.2,2.2,0,3,2,1,change_col,/,3,practice
2,cht,f,21,index,True,306292,309670,/,4.2,1.2,4.2,1.2,0,1,2,3,change_ori,/,3,practice
2,cht,f,21,index,True,314307,316422,z,4.2,4.2,0.7,0.7,1,0,3,2,nochange_col,z,1,practice
2,cht,f,21,index,True,321019,323094,/,2.2,2.2,0.7,0.7,3,0,2,1,change_ori,/,0,practice
2,cht,f,21,index,True,327865,329319,z,2.2,0.7,0.7,2.2,3,2,0,1,nochange_col,z,0,practice
2,cht,f,21,index,True,333959,336166,/,2.2,4.2,4.2,2.2,0,3,1,2,nochange_col,z,1,practice
2,cht,f,21,index,True,340739,342390,z,4.2,2.2,2.2,4.2,1,3,0,2,nochange_col,z,0,practice
2,cht,f,21,index,True,347117,349382,z,2.2,0.7,2.2,0.7,1,3,0,2,nochange_ori,z,0,practice
2,cht,f,21,index,True,354013,355494,z,1.2,2.2,1.2,2.2,1,0,3,2,nochange_col,z,2,practice
2,cht,f,21,index,True,360174,362134,z,4.2,4.2,0.7,0.7,1,2,3,0,nochange_ori,z,1,practice
2,cht,f,21,index,True,366887,367878,/,0.7,0.7,4.2,4.2,0,3,2,1,change_col,/,2,practice
2,cht,f,21,index,True,372464,373190,/,0.7,0.7,2.2,2.2,2,3,1,0,change_col,/,3,practice
2,cht,f,21,index,True,377941,379206,/,1.2,0.7,1.2,0.7,1,2,0,3,change_ori,/,1,practice
2,cht,f,21,index,True,383918,385062,/,0.7,2.2,0.7,2.2,1,0,2,3,change_ori,/,0,practice
2,cht,f,21,index,True,389762,390726,/,0.7,0.7,2.2,2.2,2,1,3,0,change_ori,/,0,practice
2,cht,f,21,index,True,442292,443638,z,1.2,1.2,4.2,4.2,1,0,3,2,nochange_ori,z,0,testing
2,cht,f,21,index,True,448336,449366,/,0.7,2.2,0.7,2.2,1,2,0,3,change_ori,/,1,testing
2,cht,f,21,index,True,454047,455286,/,2.2,1.2,1.2,2.2,1,3,0,2,change_col,/,2,testing
2,cht,f,21,index,True,459858,460742,/,1.2,0.7,1.2,0.7,1,3,0,2,change_col,/,1,testing
2,cht,f,21,index,True,465385,466614,z,4.2,4.2,0.7,0.7,0,2,1,3,nochange_ori,z,3,testing
2,cht,f,21,index,True,471312,472501,z,2.2,2.2,1.2,1.2,0,1,3,2,nochange_col,z,2,testing
2,cht,f,21,index,True,477206,478902,z,4.2,1.2,1.2,4.2,2,1,3,0,nochange_ori,z,3,testing
2,cht,f,21,index,True,483501,484533,z,2.2,0.7,2.2,0.7,1,0,2,3,nochange_col,z,3,testing
2,cht,f,21,index,True,489295,490358,/,1.2,2.2,2.2,1.2,3,1,2,0,change_col,/,0,testing
2,cht,f,21,index,True,495089,496934,z,2.2,2.2,1.2,1.2,0,3,1,2,nochange_col,z,1,testing
2,cht,f,21,index,True,501568,502598,z,0.7,0.7,1.2,1.2,2,0,1,3,change_col,/,2,testing
2,cht,f,21,index,True,507279,509654,/,4.2,4.2,1.2,1.2,3,2,1,0,nochange_ori,z,0,testing
2,cht,f,21,index,True,514225,515702,/,2.2,2.2,4.2,4.2,2,1,0,3,change_col,/,1,testing
2,cht,f,21,index,True,520452,522198,z,4.2,1.2,1.2,4.2,1,2,0,3,nochange_ori,z,1,testing
2,cht,f,21,index,True,526914,528998,z,4.2,4.2,0.7,0.7,0,2,3,1,change_col,/,2,testing
2,cht,f,21,index,True,533644,534630,/,1.2,0.7,1.2,0.7,3,1,0,2,change_col,/,1,testing
2,cht,f,21,index,True,539304,540150,/,4.2,0.7,4.2,0.7,3,0,1,2,change_col,/,3,testing
2,cht,f,21,index,True,544830,545957,/,1.2,4.2,4.2,1.2,0,2,1,3,change_ori,/,2,testing
2,cht,f,21,index,True,550541,551990,z,1.2,1.2,0.7,0.7,1,0,3,2,nochange_col,z,3,testing
2,cht,f,21,index,True,556719,558422,z,2.2,0.7,0.7,2.2,0,2,3,1,change_ori,/,3,testing
2,cht,f,21,index,True,563031,563862,/,2.2,4.2,4.2,2.2,1,0,2,3,change_col,/,0,testing
2,cht,f,21,index,True,568541,569702,z,4.2,4.2,2.2,2.2,3,0,2,1,nochange_col,z,3,testing
2,cht,f,21,index,True,574402,575446,z,4.2,2.2,2.2,4.2,0,3,1,2,change_col,/,1,testing
2,cht,f,21,index,True,580096,581222,z,2.2,2.2,0.7,0.7,0,3,1,2,nochange_col,z,0,testing
2,cht,f,21,index,True,585923,586822,z,4.2,1.2,1.2,4.2,1,3,2,0,nochange_ori,z,2,testing
2,cht,f,21,index,True,591567,592550,z,0.7,2.2,2.2,0.7,3,1,0,2,nochange_col,z,1,testing
2,cht,f,21,index,True,597177,598214,z,0.7,2.2,0.7,2.2,3,0,2,1,nochange_col,z,2,testing
2,cht,f,21,index,True,602804,603670,z,1.2,0.7,0.7,1.2,3,0,1,2,nochange_ori,z,3,testing
2,cht,f,21,index,True,608331,609270,z,1.2,1.2,2.2,2.2,2,0,3,1,nochange_col,z,3,testing
2,cht,f,21,index,True,613991,615222,/,0.7,4.2,0.7,4.2,3,2,1,0,change_ori,/,2,testing
2,cht,f,21,index,True,619886,621142,/,1.2,1.2,2.2,2.2,2,3,0,1,change_ori,/,1,testing
2,cht,f,21,index,True,625763,627846,z,2.2,2.2,1.2,1.2,1,3,0,2,nochange_col,z,1,testing
2,cht,f,21,index,True,632542,633365,/,2.2,1.2,1.2,2.2,2,1,3,0,change_col,/,3,testing
2,cht,f,21,index,True,638119,639686,z,0.7,0.7,2.2,2.2,2,3,1,0,nochange_col,z,2,testing
2,cht,f,21,index,True,644297,645493,/,1.2,4.2,4.2,1.2,2,3,1,0,change_ori,/,1,testing
2,cht,f,21,index,True,650124,650918,/,1.2,4.2,1.2,4.2,1,3,2,0,change_col,/,1,testing
2,cht,f,21,index,True,655501,657878,z,1.2,1.2,2.2,2.2,2,1,3,0,change_ori,/,3,testing
2,cht,f,21,index,True,662580,663749,z,2.2,1.2,1.2,2.2,3,0,1,2,nochange_col,z,1,testing
2,cht,f,21,index,True,668341,669701,z,2.2,2.2,1.2,1.2,3,0,2,1,nochange_ori,z,2,testing
2,cht,f,21,index,True,674403,675478,z,2.2,1.2,2.2,1.2,3,1,2,0,nochange_ori,z,1,testing
2,cht,f,21,index,True,680147,681381,/,1.2,2.2,1.2,2.2,3,1,2,0,change_ori,/,1,testing
2,cht,f,21,index,True,685990,687014,/,2.2,2.2,1.2,1.2,2,3,0,1,change_ori,/,0,testing
2,cht,f,21,index,True,691634,692646,/,4.2,4.2,2.2,2.2,1,0,3,2,change_ori,/,1,testing
2,cht,f,21,index,True,697328,698502,/,4.2,1.2,4.2,1.2,3,0,1,2,change_ori,/,2,testing
2,cht,f,21,index,True,703139,704741,/,4.2,4.2,0.7,0.7,0,2,1,3,nochange_col,z,3,testing
2,cht,f,21,index,True,709317,711573,/,1.2,2.2,2.2,1.2,2,0,3,1,change_col,/,3,testing
2,cht,f,21,index,True,716329,717701,z,1.2,4.2,4.2,1.2,0,3,2,1,change_ori,/,1,testing
2,cht,f,21,index,True,722424,723670,z,0.7,0.7,1.2,1.2,0,3,2,1,nochange_ori,z,2,testing
2,cht,f,21,index,True,728418,729765,z,1.2,0.7,1.2,0.7,2,1,0,3,nochange_ori,z,3,testing
2,cht,f,21,index,True,734447,735637,/,2.2,2.2,4.2,4.2,3,2,0,1,nochange_col,z,3,testing
2,cht,f,21,index,True,740257,741862,z,2.2,1.2,1.2,2.2,0,1,2,3,nochange_ori,z,1,testing
2,cht,f,21,index,True,746535,747798,z,2.2,0.7,0.7,2.2,1,3,0,2,nochange_ori,z,0,testing
2,cht,f,21,index,True,752429,753686,/,2.2,2.2,0.7,0.7,3,2,1,0,change_col,/,1,testing
2,cht,f,21,index,True,758323,759333,/,0.7,0.7,2.2,2.2,3,0,1,2,change_ori,/,1,testing
2,cht,f,21,index,True,764017,766054,/,4.2,2.2,4.2,2.2,1,2,3,0,change_col,/,1,testing
2,cht,f,21,index,True,770829,771877,z,0.7,2.2,2.2,0.7,0,3,1,2,nochange_col,z,2,testing
2,cht,f,21,index,True,776590,777413,/,1.2,2.2,1.2,2.2,0,2,1,3,change_col,/,2,testing
2,cht,f,21,index,True,781984,783318,/,0.7,0.7,1.2,1.2,0,2,3,1,change_ori,/,1,testing
2,cht,f,21,index,True,788011,789222,z,2.2,1.2,1.2,2.2,1,3,2,0,nochange_col,z,1,testing
2,cht,f,21,index,True,793955,794741,/,4.2,0.7,4.2,0.7,3,1,2,0,change_col,/,2,testing
2,cht,f,21,index,True,799499,800485,z,1.2,1.2,0.7,0.7,2,3,0,1,nochange_col,z,0,testing
2,cht,f,21,index,True,805193,807222,z,2.2,1.2,1.2,2.2,2,3,0,1,nochange_col,z,0,testing
2,cht,f,21,index,True,811955,813621,z,1.2,4.2,4.2,1.2,2,0,1,3,nochange_ori,z,2,testing
2,cht,f,21,index,True,818334,819446,z,2.2,2.2,4.2,4.2,3,2,1,0,nochange_col,z,0,testing
2,cht,f,21,index,True,824028,825270,/,0.7,0.7,4.2,4.2,3,1,2,0,change_ori,/,2,testing
2,cht,f,21,index,True,830022,831541,z,4.2,2.2,2.2,4.2,1,0,3,2,nochange_ori,z,2,testing
2,cht,f,21,index,True,836267,837413,z,1.2,1.2,0.7,0.7,3,0,2,1,nochange_col,z,1,testing
2,cht,f,21,index,True,842044,843557,z,0.7,0.7,1.2,1.2,0,3,1,2,nochange_ori,z,2,testing
2,cht,f,21,index,True,848156,849365,z,1.2,1.2,4.2,4.2,2,0,3,1,nochange_ori,z,1,testing
2,cht,f,21,index,True,854032,854982,/,4.2,4.2,1.2,1.2,3,0,2,1,change_col,/,2,testing
2,cht,f,21,index,True,859710,862037,/,2.2,2.2,4.2,4.2,3,0,2,1,change_ori,/,1,testing
2,cht,f,21,index,True,866789,868886,/,0.7,1.2,1.2,0.7,0,1,3,2,change_ori,/,2,testing
2,cht,f,21,index,True,873519,875333,/,4.2,1.2,4.2,1.2,3,2,0,1,change_ori,/,0,testing
2,cht,f,21,index,True,880014,880917,/,4.2,2.2,2.2,4.2,2,1,3,0,change_col,/,0,testing
2,cht,f,21,index,True,885558,886565,/,0.7,2.2,2.2,0.7,1,3,0,2,change_col,/,0,testing
2,cht,f,21,index,True,891168,892549,z,2.2,2.2,0.7,0.7,0,1,2,3,nochange_ori,z,0,testing
2,cht,f,21,index,True,897280,898774,/,2.2,2.2,1.2,1.2,2,0,1,3,change_ori,/,3,testing
2,cht,f,21,index,True,903441,904837,z,2.2,1.2,2.2,1.2,2,3,0,1,nochange_ori,z,0,testing
2,cht,f,21,index,True,909552,910758,z,4.2,2.2,2.2,4.2,1,3,0,2,nochange_ori,z,0,testing
2,cht,f,21,index,True,915412,916678,z,0.7,1.2,0.7,1.2,1,2,3,0,change_ori,/,1,testing
2,cht,f,21,index,True,985625,990677,z,0.7,2.2,0.7,2.2,0,2,1,3,nochange_ori,z,1,testing
2,cht,f,21,index,True,995343,996150,z,1.2,1.2,0.7,0.7,1,3,2,0,nochange_col,z,3,testing
2,cht,f,21,index,True,1000736,1001606,/,1.2,4.2,4.2,1.2,1,3,2,0,change_col,/,2,testing
2,cht,f,21,index,True,1006230,1007973,/,4.2,4.2,1.2,1.2,2,1,0,3,change_ori,/,3,testing
2,cht,f,21,index,True,1012725,1015077,/,4.2,4.2,1.2,1.2,0,1,3,2,change_ori,/,1,testing
2,cht,f,21,index,True,1019688,1020949,z,0.7,0.7,4.2,4.2,0,2,3,1,nochange_ori,z,1,testing
2,cht,f,21,index,True,1025682,1026982,/,0.7,1.2,0.7,1.2,3,0,1,2,change_col,/,2,testing
2,cht,f,21,index,True,1031676,1032485,/,2.2,4.2,2.2,4.2,1,0,2,3,change_col,/,1,testing
2,cht,f,21,index,True,1037187,1038181,/,4.2,4.2,2.2,2.2,2,0,3,1,change_ori,/,2,testing
2,cht,f,21,index,True,1042763,1044452,/,0.7,1.2,0.7,1.2,1,0,2,3,change_col,/,3,testing
2,cht,f,21,index,True,1049075,1052421,/,4.2,0.7,0.7,4.2,3,1,0,2,nochange_col,z,0,testing
2,cht,f,21,index,True,1057056,1058917,/,4.2,0.7,4.2,0.7,0,1,2,3,change_ori,/,1,testing
2,cht,f,21,index,True,1063668,1065413,/,2.2,4.2,2.2,4.2,1,2,3,0,change_ori,/,0,testing
2,cht,f,21,index,True,1070147,1070982,/,1.2,1.2,0.7,0.7,0,3,1,2,change_col,/,2,testing
2,cht,f,21,index,True,1075724,1076597,/,4.2,4.2,0.7,0.7,3,1,2,0,change_col,/,2,testing
2,cht,f,21,index,True,1081217,1082805,/,4.2,4.2,0.7,0.7,2,3,1,0,change_ori,/,0,testing
2,cht,f,21,index,True,1087495,1088757,/,1.2,1.2,0.7,0.7,2,1,0,3,change_ori,/,1,testing
2,cht,f,21,index,True,1093407,1095061,z,4.2,1.2,4.2,1.2,0,3,1,2,nochange_ori,z,2,testing
2,cht,f,21,index,True,1099802,1101270,z,2.2,0.7,2.2,0.7,1,0,2,3,nochange_ori,z,0,testing
2,cht,f,21,index,True,1106030,1107397,z,1.2,2.2,1.2,2.2,1,3,0,2,nochange_col,z,1,testing
2,cht,f,21,index,True,1112157,1113765,/,4.2,1.2,1.2,4.2,2,0,3,1,change_col,/,0,testing
2,cht,f,21,index,True,1118469,1119925,/,4.2,4.2,2.2,2.2,0,2,1,3,change_ori,/,0,testing
2,cht,f,21,index,True,1124631,1125925,z,4.2,0.7,0.7,4.2,0,1,3,2,nochange_ori,z,1,testing
2,cht,f,21,index,True,1130625,1132309,z,4.2,4.2,2.2,2.2,0,3,2,1,nochange_col,z,2,testing
2,cht,f,21,index,True,1136987,1138452,z,2.2,2.2,0.7,0.7,0,1,2,3,nochange_ori,z,2,testing
2,cht,f,21,index,True,1143182,1144902,z,4.2,4.2,1.2,1.2,2,0,1,3,nochange_col,z,0,testing
2,cht,f,21,index,True,1149626,1151413,/,2.2,4.2,4.2,2.2,0,3,1,2,change_ori,/,2,testing
2,cht,f,21,index,True,1156189,1157238,z,4.2,4.2,2.2,2.2,0,1,3,2,nochange_ori,z,3,testing
2,cht,f,21,index,True,1161849,1163093,z,1.2,4.2,1.2,4.2,0,2,1,3,nochange_ori,z,3,testing
2,cht,f,21,index,True,1167659,1169829,/,2.2,0.7,2.2,0.7,0,3,1,2,change_ori,/,3,testing
2,cht,f,21,index,True,1174443,1175446,z,1.2,2.2,2.2,1.2,3,1,0,2,nochange_ori,z,1,testing
2,cht,f,21,index,True,1180032,1181637,/,4.2,4.2,0.7,0.7,1,3,0,2,change_ori,/,1,testing
2,cht,f,21,index,True,1186227,1187349,/,2.2,2.2,1.2,1.2,1,2,3,0,change_col,/,1,testing
2,cht,f,21,index,True,1192105,1193157,z,1.2,4.2,1.2,4.2,3,0,1,2,nochange_ori,z,0,testing
2,cht,f,21,index,True,1197798,1198661,z,1.2,2.2,2.2,1.2,1,0,2,3,nochange_col,z,2,testing
2,cht,f,21,index,True,1203342,1204676,/,2.2,2.2,0.7,0.7,2,0,3,1,change_col,/,0,testing
2,cht,f,21,index,True,1209387,1210181,/,2.2,1.2,2.2,1.2,3,0,1,2,change_col,/,3,testing
2,cht,f,21,index,True,1214763,1215748,z,1.2,1.2,0.7,0.7,0,3,1,2,nochange_col,z,0,testing
2,cht,f,21,index,True,1220373,1221541,z,0.7,1.2,1.2,0.7,3,0,2,1,nochange_col,z,2,testing
2,cht,f,21,index,True,1226251,1227157,z,4.2,2.2,4.2,2.2,0,2,3,1,nochange_col,z,0,testing
2,cht,f,21,index,True,1231895,1233349,z,4.2,0.7,4.2,0.7,0,2,3,1,nochange_ori,z,2,testing
2,cht,f,21,index,True,1238089,1239541,/,1.2,4.2,1.2,4.2,3,0,1,2,change_col,/,2,testing
2,cht,f,21,index,True,1244134,1245782,/,0.7,0.7,4.2,4.2,2,3,0,1,change_col,/,2,testing
2,cht,f,21,index,True,1250378,1251301,z,0.7,0.7,4.2,4.2,3,2,0,1,nochange_col,z,1,testing
2,cht,f,21,index,True,1255922,1257221,/,1.2,1.2,4.2,4.2,2,1,3,0,change_ori,/,0,testing
2,cht,f,21,index,True,1261800,1262469,/,4.2,4.2,1.2,1.2,0,1,2,3,change_col,/,3,testing
2,cht,f,21,index,True,1267176,1268437,z,1.2,0.7,0.7,1.2,2,3,0,1,nochange_ori,z,1,testing
2,cht,f,21,index,True,1273204,1274245,/,0.7,2.2,2.2,0.7,2,1,0,3,change_ori,/,0,testing
2,cht,f,21,index,True,1278914,1279621,z,4.2,1.2,1.2,4.2,1,2,3,0,nochange_col,z,2,testing
2,cht,f,21,index,True,1284291,1285973,/,2.2,4.2,2.2,4.2,0,1,2,3,change_col,/,2,testing
2,cht,f,21,index,True,1290653,1291605,z,0.7,1.2,0.7,1.2,0,2,1,3,nochange_ori,z,2,testing
2,cht,f,21,index,True,1296197,1297509,/,2.2,0.7,0.7,2.2,3,1,2,0,change_ori,/,3,testing
2,cht,f,21,index,True,1302124,1303909,/,2.2,0.7,0.7,2.2,1,2,0,3,nochange_ori,z,3,testing
2,cht,f,21,index,True,1308519,1309685,/,4.2,4.2,0.7,0.7,3,1,2,0,change_ori,/,1,testing
2,cht,f,21,index,True,1314413,1315413,z,2.2,4.2,2.2,4.2,2,3,1,0,nochange_col,z,1,testing
2,cht,f,21,index,True,1320040,1321765,z,0.7,1.2,1.2,0.7,1,0,3,2,change_ori,/,3,testing
2,cht,f,21,index,True,1326385,1327381,z,1.2,1.2,0.7,0.7,2,3,0,1,nochange_col,z,0,testing
2,cht,f,21,index,True,1331995,1333093,z,0.7,2.2,2.2,0.7,2,0,1,3,nochange_ori,z,3,testing
2,cht,f,21,index,True,1337740,1338965,/,0.7,0.7,2.2,2.2,2,0,1,3,change_ori,/,1,testing
2,cht,f,21,index,True,1343684,1344645,/,2.2,4.2,2.2,4.2,2,0,1,3,change_col,/,2,testing
2,cht,f,21,index,True,1349394,1351525,/,4.2,2.2,4.2,2.2,0,3,2,1,change_ori,/,1,testing
2,cht,f,21,index,True,1356173,1357925,z,4.2,2.2,2.2,4.2,3,1,2,0,nochange_ori,z,3,testing
2,cht,f,21,index,True,1362569,1363813,z,4.2,2.2,2.2,4.2,3,0,2,1,nochange_col,z,2,testing
2,cht,f,21,index,True,1368496,1369557,z,2.2,0.7,0.7,2.2,0,3,2,1,nochange_ori,z,0,testing
2,cht,f,21,index,True,1374173,1375157,/,0.7,1.2,0.7,1.2,2,3,1,0,change_col,/,0,testing
2,cht,f,21,index,True,1379800,1381781,z,1.2,4.2,1.2,4.2,1,2,3,0,nochange_col,z,0,testing
2,cht,f,21,index,True,1386446,1388069,/,1.2,2.2,2.2,1.2,0,3,2,1,change_ori,/,3,testing
2,cht,f,21,index,True,1392757,1393909,z,1.2,2.2,1.2,2.2,3,2,1,0,nochange_col,z,3,testing
2,cht,f,21,index,True,1398501,1399796,z,0.7,0.7,1.2,1.2,3,1,0,2,nochange_ori,z,1,testing
2,cht,f,21,index,True,1404529,1405620,/,2.2,0.7,0.7,2.2,2,1,3,0,change_col,/,1,testing
2,cht,f,21,index,True,1410273,1411877,/,4.2,1.2,1.2,4.2,3,0,1,2,change_ori,/,1,testing
2,cht,f,21,index,True,1416634,1422149,z,2.2,1.2,2.2,1.2,3,1,2,0,nochange_col,z,3,testing
2,cht,f,21,index,True,1426887,1428021,/,2.2,2.2,0.7,0.7,3,2,0,1,change_col,/,3,testing
2,cht,f,21,index,True,1432764,1433637,/,1.2,0.7,1.2,0.7,0,1,2,3,change_col,/,3,testing
2,cht,f,21,index,True,1438341,1439492,z,2.2,0.7,0.7,2.2,3,0,2,1,nochange_col,z,1,testing
2,cht,f,21,index,True,1444152,1445157,z,2.2,0.7,2.2,0.7,3,2,1,0,nochange_ori,z,2,testing
2,cht,f,21,index,True,1449879,1450725,z,2.2,4.2,4.2,2.2,0,1,3,2,nochange_col,z,1,testing
2,cht,f,21,index,True,1455389,1457013,z,1.2,0.7,1.2,0.7,0,2,1,3,nochange_ori,z,0,testing
2,cht,f,21,index,True,1461684,1462981,/,0.7,0.7,2.2,2.2,3,1,2,0,change_col,/,1,testing
2,cht,f,21,index,True,1467628,1468372,z,2.2,0.7,0.7,2.2,1,2,0,3,nochange_col,z,1,testing
