subj,name,gender,age,cond,P_resp,P_startTime,P_respTime,P_gotKey,sf1,sf2,sf3,sf4,ord_1,ord_2,ord_3,ord_4,task,correct_key,no_change,mode
3,zmy,f,20,noindex,True,75350,78873,/,1.2,0.7,4.2,2.2,3,2,1,0,change_ori,/,0,practice
3,zmy,f,20,noindex,True,83549,85016,/,0.7,1.2,2.2,4.2,2,3,0,1,change_ori,/,0,practice
3,zmy,f,20,noindex,True,89627,90378,z,2.2,4.2,1.2,0.7,3,2,0,1,nochange_col,z,1,practice
3,zmy,f,20,noindex,True,95120,95802,z,2.2,1.2,4.2,0.7,3,1,2,0,nochange_col,z,3,practice
3,zmy,f,20,noindex,True,100430,101497,z,0.7,4.2,2.2,1.2,1,2,0,3,nochange_ori,z,1,practice
3,zmy,f,20,noindex,True,106174,107929,/,0.7,4.2,2.2,1.2,1,0,3,2,change_ori,/,1,practice
3,zmy,f,20,noindex,True,112635,113210,/,2.2,0.7,4.2,1.2,3,1,2,0,change_col,/,3,practice
3,zmy,f,20,noindex,True,117796,119113,z,0.7,1.2,2.2,4.2,0,3,2,1,nochange_ori,z,3,practice
3,zmy,f,20,noindex,True,123806,125033,/,1.2,0.7,2.2,4.2,3,1,2,0,change_col,/,1,practice
3,zmy,f,20,noindex,True,129700,130937,z,2.2,0.7,4.2,1.2,1,2,0,3,nochange_ori,z,0,practice
3,zmy,f,20,noindex,True,135628,136297,/,2.2,4.2,1.2,0.7,1,2,3,0,change_col,/,1,practice
3,zmy,f,20,noindex,True,140971,142969,/,2.2,1.2,4.2,0.7,1,0,2,3,change_ori,/,2,practice
3,zmy,f,20,noindex,True,147600,148473,z,2.2,0.7,1.2,4.2,0,1,2,3,nochange_ori,z,1,practice
3,zmy,f,20,noindex,True,153044,154202,/,4.2,1.2,0.7,2.2,3,2,0,1,change_ori,/,3,practice
3,zmy,f,20,noindex,True,158871,159657,z,4.2,2.2,0.7,1.2,2,3,0,1,nochange_col,z,0,practice
3,zmy,f,20,noindex,True,164364,165193,z,1.2,4.2,0.7,2.2,2,0,3,1,nochange_col,z,0,practice
3,zmy,f,20,noindex,True,169824,170809,z,0.7,4.2,1.2,2.2,3,1,0,2,nochange_ori,z,3,practice
3,zmy,f,20,noindex,True,175518,176441,/,4.2,2.2,1.2,0.7,0,1,3,2,change_col,/,3,practice
3,zmy,f,20,noindex,True,181028,182089,z,4.2,0.7,1.2,2.2,3,1,0,2,nochange_col,z,0,practice
3,zmy,f,20,noindex,True,186756,187769,/,1.2,0.7,2.2,4.2,0,2,1,3,change_col,/,2,practice
3,zmy,f,20,noindex,True,194887,196201,/,2.2,1.2,0.7,4.2,2,3,1,0,change_ori,/,1,testing
3,zmy,f,20,noindex,True,200865,203497,/,0.7,4.2,2.2,1.2,0,2,3,1,change_ori,/,1,testing
3,zmy,f,20,noindex,True,208078,208889,/,4.2,1.2,2.2,0.7,1,3,0,2,change_col,/,1,testing
3,zmy,f,20,noindex,True,213638,214249,z,0.7,4.2,1.2,2.2,2,0,3,1,nochange_ori,z,2,testing
3,zmy,f,20,noindex,True,218882,219817,z,4.2,2.2,1.2,0.7,3,0,2,1,nochange_ori,z,3,testing
3,zmy,f,20,noindex,True,224575,225561,z,0.7,1.2,2.2,4.2,3,0,2,1,nochange_ori,z,1,testing
3,zmy,f,20,noindex,True,230185,231258,/,1.2,0.7,4.2,2.2,0,2,1,3,change_col,/,2,testing
3,zmy,f,20,noindex,True,235929,236617,z,4.2,1.2,0.7,2.2,2,0,3,1,nochange_ori,z,1,testing
3,zmy,f,20,noindex,True,241256,242121,z,4.2,0.7,1.2,2.2,1,3,2,0,nochange_col,z,3,testing
3,zmy,f,20,noindex,True,246800,247641,z,2.2,1.2,4.2,0.7,1,2,3,0,nochange_col,z,3,testing
3,zmy,f,20,noindex,True,252276,252905,/,1.2,2.2,4.2,0.7,2,1,0,3,change_ori,/,0,testing
3,zmy,f,20,noindex,True,257536,258264,z,0.7,1.2,2.2,4.2,0,1,3,2,nochange_col,z,3,testing
3,zmy,f,20,noindex,True,262895,265705,/,2.2,1.2,0.7,4.2,2,3,1,0,change_ori,/,0,testing
3,zmy,f,20,noindex,True,270476,271401,z,0.7,2.2,1.2,4.2,3,1,0,2,nochange_col,z,0,testing
3,zmy,f,20,noindex,True,276019,276521,/,4.2,2.2,1.2,0.7,3,0,1,2,change_col,/,3,testing
3,zmy,f,20,noindex,True,281162,281689,z,1.2,2.2,0.7,4.2,1,3,2,0,nochange_col,z,3,testing
3,zmy,f,20,noindex,True,286305,286729,z,2.2,0.7,1.2,4.2,1,2,3,0,nochange_col,z,1,testing
3,zmy,f,20,noindex,True,291398,292185,z,0.7,1.2,4.2,2.2,1,3,2,0,nochange_ori,z,2,testing
3,zmy,f,20,noindex,True,296825,297385,z,2.2,1.2,0.7,4.2,3,1,0,2,nochange_col,z,2,testing
3,zmy,f,20,noindex,True,302135,302969,/,0.7,1.2,2.2,4.2,0,1,3,2,change_ori,/,0,testing
3,zmy,f,20,noindex,True,307728,308985,z,0.7,2.2,4.2,1.2,3,1,0,2,nochange_ori,z,1,testing
3,zmy,f,20,noindex,True,313589,314634,z,0.7,2.2,4.2,1.2,1,0,2,3,nochange_ori,z,3,testing
3,zmy,f,20,noindex,True,319399,319993,/,0.7,2.2,4.2,1.2,1,0,2,3,change_col,/,1,testing
3,zmy,f,20,noindex,True,324593,325609,/,1.2,4.2,0.7,2.2,1,0,2,3,change_ori,/,1,testing
3,zmy,f,20,noindex,True,330370,331161,/,0.7,2.2,1.2,4.2,0,3,2,1,change_col,/,1,testing
3,zmy,f,20,noindex,True,335863,337161,z,2.2,4.2,1.2,0.7,0,1,2,3,nochange_col,z,0,testing
3,zmy,f,20,noindex,True,341807,342585,/,1.2,4.2,0.7,2.2,1,0,3,2,change_ori,/,3,testing
3,zmy,f,20,noindex,True,347201,348025,z,2.2,4.2,1.2,0.7,2,0,3,1,nochange_ori,z,3,testing
3,zmy,f,20,noindex,True,352744,355129,/,4.2,0.7,2.2,1.2,2,1,0,3,change_col,/,2,testing
3,zmy,f,20,noindex,True,359791,360777,/,2.2,4.2,0.7,1.2,2,1,3,0,change_col,/,2,testing
3,zmy,f,20,noindex,True,365384,366889,/,2.2,1.2,4.2,0.7,2,3,1,0,change_ori,/,1,testing
3,zmy,f,20,noindex,True,371546,372153,/,2.2,1.2,0.7,4.2,3,2,0,1,change_col,/,2,testing
3,zmy,f,20,noindex,True,376721,377257,z,1.2,4.2,2.2,0.7,3,1,0,2,nochange_col,z,3,testing
3,zmy,f,20,noindex,True,381981,383001,/,2.2,4.2,1.2,0.7,0,2,3,1,change_col,/,2,testing
3,zmy,f,20,noindex,True,387625,388409,z,1.2,2.2,4.2,0.7,0,2,3,1,nochange_col,z,3,testing
3,zmy,f,20,noindex,True,393068,394185,/,0.7,2.2,4.2,1.2,3,1,0,2,change_ori,/,2,testing
3,zmy,f,20,noindex,True,398762,399465,/,1.2,0.7,4.2,2.2,2,1,3,0,change_col,/,1,testing
3,zmy,f,20,noindex,True,404039,404985,z,1.2,0.7,2.2,4.2,3,1,0,2,nochange_ori,z,1,testing
3,zmy,f,20,noindex,True,409716,411289,z,4.2,2.2,1.2,0.7,2,1,0,3,nochange_ori,z,3,testing
3,zmy,f,20,noindex,True,415961,417721,/,4.2,2.2,1.2,0.7,0,2,1,3,change_ori,/,2,testing
3,zmy,f,20,noindex,True,422322,422921,z,1.2,0.7,2.2,4.2,1,2,0,3,nochange_col,z,2,testing
3,zmy,f,20,noindex,True,427665,428425,z,4.2,2.2,1.2,0.7,1,2,3,0,nochange_ori,z,2,testing
3,zmy,f,20,noindex,True,433142,433945,z,1.2,2.2,0.7,4.2,1,2,3,0,nochange_ori,z,3,testing
3,zmy,f,20,noindex,True,438586,439465,z,1.2,4.2,2.2,0.7,2,0,3,1,nochange_col,z,2,testing
3,zmy,f,20,noindex,True,444029,445001,z,0.7,4.2,1.2,2.2,2,1,3,0,nochange_ori,z,3,testing
3,zmy,f,20,noindex,True,449638,450377,/,0.7,2.2,4.2,1.2,1,2,0,3,change_col,/,0,testing
3,zmy,f,20,noindex,True,455099,456105,/,1.2,0.7,2.2,4.2,0,1,2,3,change_ori,/,3,testing
3,zmy,f,20,noindex,True,460843,461705,/,0.7,1.2,4.2,2.2,2,0,1,3,change_col,/,0,testing
3,zmy,f,20,noindex,True,466319,466985,z,1.2,4.2,0.7,2.2,1,2,0,3,nochange_col,z,3,testing
3,zmy,f,20,noindex,True,471630,472297,z,2.2,1.2,4.2,0.7,0,3,2,1,nochange_col,z,0,testing
3,zmy,f,20,noindex,True,476889,478057,z,0.7,2.2,4.2,1.2,1,0,3,2,change_col,/,1,testing
3,zmy,f,20,noindex,True,482834,484105,z,0.7,4.2,2.2,1.2,3,2,1,0,nochange_ori,z,1,testing
3,zmy,f,20,noindex,True,488828,489593,/,2.2,1.2,0.7,4.2,3,1,0,2,change_ori,/,0,testing
3,zmy,f,20,noindex,True,494321,497209,/,0.7,4.2,2.2,1.2,0,1,2,3,change_ori,/,0,testing
3,zmy,f,20,noindex,True,501851,502856,/,0.7,4.2,2.2,1.2,1,3,0,2,change_ori,/,0,testing
3,zmy,f,20,noindex,True,507428,508121,/,2.2,4.2,0.7,1.2,2,0,1,3,change_ori,/,0,testing
3,zmy,f,20,noindex,True,512755,513352,/,1.2,2.2,4.2,0.7,1,3,2,0,change_col,/,1,testing
3,zmy,f,20,noindex,True,518014,518585,z,2.2,0.7,1.2,4.2,2,1,3,0,nochange_col,z,2,testing
3,zmy,f,20,noindex,True,523324,524057,/,2.2,4.2,1.2,0.7,2,1,0,3,change_ori,/,3,testing
3,zmy,f,20,noindex,True,528767,529192,z,0.7,2.2,4.2,1.2,0,2,1,3,nochange_col,z,0,testing
3,zmy,f,20,noindex,True,533827,534793,/,0.7,2.2,1.2,4.2,0,3,2,1,change_col,/,3,testing
3,zmy,f,20,noindex,True,539521,540505,/,2.2,0.7,4.2,1.2,1,3,0,2,change_ori,/,3,testing
3,zmy,f,20,noindex,True,545097,545657,z,1.2,4.2,2.2,0.7,1,3,0,2,nochange_col,z,1,testing
3,zmy,f,20,noindex,True,550241,551081,/,4.2,1.2,2.2,0.7,2,1,0,3,change_ori,/,0,testing
3,zmy,f,20,noindex,True,555650,557721,/,4.2,2.2,1.2,0.7,3,2,1,0,change_ori,/,1,testing
3,zmy,f,20,noindex,True,562413,563320,z,1.2,4.2,2.2,0.7,3,0,1,2,nochange_ori,z,0,testing
3,zmy,f,20,noindex,True,567973,568697,/,0.7,1.2,4.2,2.2,3,0,1,2,change_col,/,2,testing
3,zmy,f,20,noindex,True,573333,574249,/,1.2,2.2,0.7,4.2,0,2,1,3,change_col,/,3,testing
3,zmy,f,20,noindex,True,578994,580344,z,0.7,2.2,4.2,1.2,2,3,0,1,nochange_ori,z,2,testing
3,zmy,f,20,noindex,True,585021,585593,z,4.2,1.2,0.7,2.2,2,1,3,0,nochange_col,z,0,testing
3,zmy,f,20,noindex,True,590164,590665,/,1.2,2.2,0.7,4.2,0,2,1,3,change_col,/,0,testing
3,zmy,f,20,noindex,True,595424,596184,/,2.2,0.7,1.2,4.2,2,0,3,1,change_col,/,2,testing
3,zmy,f,20,noindex,True,600817,601321,z,4.2,0.7,1.2,2.2,3,0,2,1,nochange_col,z,3,testing
3,zmy,f,20,noindex,True,605993,606680,/,1.2,2.2,4.2,0.7,3,1,2,0,change_col,/,0,testing
3,zmy,f,20,noindex,True,611337,612089,z,4.2,1.2,0.7,2.2,2,1,0,3,nochange_col,z,1,testing
3,zmy,f,20,noindex,True,616679,617817,z,1.2,2.2,0.7,4.2,3,2,0,1,nochange_ori,z,2,testing
3,zmy,f,20,noindex,True,622507,623913,z,0.7,2.2,4.2,1.2,3,2,1,0,nochange_ori,z,3,testing
3,zmy,f,20,noindex,True,628618,629769,/,0.7,2.2,4.2,1.2,3,2,0,1,change_ori,/,0,testing
3,zmy,f,20,noindex,True,634345,635913,z,2.2,0.7,4.2,1.2,2,0,1,3,nochange_ori,z,2,testing
3,zmy,f,20,noindex,True,640591,641640,z,0.7,4.2,2.2,1.2,3,0,2,1,nochange_ori,z,3,testing
3,zmy,f,20,noindex,True,649590,651736,z,4.2,1.2,2.2,0.7,2,0,3,1,change_ori,/,2,testing
3,zmy,f,20,noindex,True,656453,657480,z,4.2,0.7,2.2,1.2,2,0,1,3,nochange_ori,z,1,testing
3,zmy,f,20,noindex,True,662146,662728,z,0.7,2.2,4.2,1.2,0,2,1,3,nochange_col,z,2,testing
3,zmy,f,20,noindex,True,667389,668377,/,4.2,1.2,2.2,0.7,1,3,0,2,change_ori,/,3,testing
3,zmy,f,20,noindex,True,673083,673705,/,0.7,1.2,4.2,2.2,1,2,0,3,change_col,/,2,testing
3,zmy,f,20,noindex,True,678410,680457,z,0.7,1.2,2.2,4.2,0,3,1,2,change_col,/,3,testing
3,zmy,f,20,noindex,True,685055,685801,/,0.7,1.2,2.2,4.2,1,3,0,2,change_col,/,3,testing
3,zmy,f,20,noindex,True,690482,691081,z,4.2,2.2,0.7,1.2,1,2,3,0,nochange_col,z,1,testing
3,zmy,f,20,noindex,True,695825,696745,z,0.7,1.2,4.2,2.2,2,1,3,0,change_col,/,1,testing
3,zmy,f,20,noindex,True,701402,702121,z,1.2,4.2,0.7,2.2,2,3,0,1,nochange_col,z,3,testing
3,zmy,f,20,noindex,True,706728,707625,z,2.2,1.2,0.7,4.2,3,0,2,1,nochange_ori,z,0,testing
3,zmy,f,20,noindex,True,712305,713369,/,4.2,1.2,2.2,0.7,1,3,0,2,change_ori,/,2,testing
3,zmy,f,20,noindex,True,718015,719161,/,0.7,4.2,2.2,1.2,0,2,1,3,change_ori,/,3,testing
3,zmy,f,20,noindex,True,723844,724905,z,4.2,0.7,1.2,2.2,3,1,0,2,nochange_ori,z,1,testing
3,zmy,f,20,noindex,True,729520,730825,/,2.2,0.7,1.2,4.2,1,0,2,3,change_col,/,3,testing
3,zmy,f,20,noindex,True,735514,736121,z,0.7,2.2,4.2,1.2,2,0,1,3,nochange_col,z,0,testing
3,zmy,f,20,noindex,True,740791,741560,z,2.2,1.2,0.7,4.2,2,3,0,1,nochange_col,z,3,testing
3,zmy,f,20,noindex,True,746201,746888,z,4.2,2.2,0.7,1.2,1,0,3,2,nochange_col,z,2,testing
3,zmy,f,20,noindex,True,751477,752025,z,0.7,2.2,1.2,4.2,2,1,3,0,nochange_col,z,2,testing
3,zmy,f,20,noindex,True,756587,757304,z,0.7,2.2,1.2,4.2,1,0,2,3,nochange_ori,z,1,testing
3,zmy,f,20,noindex,True,762063,762760,/,0.7,2.2,4.2,1.2,2,0,3,1,change_ori,/,3,testing
3,zmy,f,20,noindex,True,767473,769096,z,2.2,1.2,4.2,0.7,2,3,0,1,nochange_ori,z,2,testing
3,zmy,f,20,noindex,True,773735,774361,z,0.7,4.2,2.2,1.2,0,3,2,1,nochange_ori,z,2,testing
3,zmy,f,20,noindex,True,779028,779545,z,1.2,2.2,4.2,0.7,1,2,0,3,nochange_col,z,3,testing
3,zmy,f,20,noindex,True,784255,785016,/,0.7,4.2,2.2,1.2,1,3,0,2,change_ori,/,3,testing
3,zmy,f,20,noindex,True,789731,793368,z,0.7,2.2,1.2,4.2,3,0,2,1,nochange_col,z,0,testing
3,zmy,f,20,noindex,True,798047,798776,/,0.7,2.2,4.2,1.2,1,0,2,3,change_col,/,3,testing
3,zmy,f,20,noindex,True,803473,804377,/,0.7,4.2,2.2,1.2,3,0,2,1,change_col,/,2,testing
3,zmy,f,20,noindex,True,808983,809881,/,0.7,1.2,4.2,2.2,0,2,3,1,change_ori,/,0,testing
3,zmy,f,20,noindex,True,814577,815913,z,1.2,2.2,0.7,4.2,3,0,1,2,nochange_ori,z,2,testing
3,zmy,f,20,noindex,True,820554,821241,/,1.2,4.2,0.7,2.2,2,0,1,3,change_ori,/,1,testing
3,zmy,f,20,noindex,True,825881,827160,/,0.7,2.2,4.2,1.2,2,1,3,0,change_col,/,0,testing
3,zmy,f,20,noindex,True,831759,832328,z,2.2,4.2,1.2,0.7,1,3,2,0,nochange_col,z,3,testing
3,zmy,f,20,noindex,True,837068,839113,/,4.2,0.7,2.2,1.2,0,3,2,1,change_ori,/,3,testing
3,zmy,f,20,noindex,True,843747,844921,z,1.2,4.2,2.2,0.7,3,2,0,1,nochange_col,z,0,testing
3,zmy,f,20,noindex,True,849574,850760,/,0.7,2.2,1.2,4.2,0,1,3,2,change_ori,/,3,testing
3,zmy,f,20,noindex,True,855452,856249,/,1.2,4.2,2.2,0.7,0,1,2,3,change_ori,/,2,testing
3,zmy,f,20,noindex,True,860912,861496,z,0.7,2.2,1.2,4.2,1,3,2,0,nochange_col,z,0,testing
3,zmy,f,20,noindex,True,866138,867528,/,4.2,1.2,2.2,0.7,3,0,1,2,change_ori,/,3,testing
3,zmy,f,20,noindex,True,872099,872633,z,2.2,4.2,1.2,0.7,0,3,1,2,nochange_col,z,1,testing
3,zmy,f,20,noindex,True,877225,878152,/,1.2,0.7,4.2,2.2,2,3,1,0,change_ori,/,3,testing
3,zmy,f,20,noindex,True,882902,883449,/,2.2,0.7,1.2,4.2,1,0,2,3,change_col,/,2,testing
3,zmy,f,20,noindex,True,888046,888921,/,4.2,0.7,1.2,2.2,2,0,3,1,change_col,/,2,testing
3,zmy,f,20,noindex,True,893655,894344,z,4.2,2.2,0.7,1.2,2,3,0,1,nochange_ori,z,1,testing
3,zmy,f,20,noindex,True,898949,899719,/,4.2,0.7,2.2,1.2,0,1,2,3,change_ori,/,3,testing
3,zmy,f,20,noindex,True,904409,905144,z,2.2,0.7,1.2,4.2,3,0,2,1,nochange_col,z,0,testing
3,zmy,f,20,noindex,True,909836,911289,z,1.2,4.2,2.2,0.7,2,1,3,0,nochange_ori,z,3,testing
3,zmy,f,20,noindex,True,915880,916984,/,2.2,0.7,1.2,4.2,2,1,0,3,change_col,/,2,testing
3,zmy,f,20,noindex,True,921674,922472,z,4.2,2.2,1.2,0.7,1,3,2,0,nochange_ori,z,3,testing
3,zmy,f,20,noindex,True,927184,928009,z,2.2,4.2,0.7,1.2,0,3,2,1,nochange_ori,z,3,testing
3,zmy,f,20,noindex,True,932760,933337,z,2.2,0.7,4.2,1.2,1,3,0,2,nochange_ori,z,1,testing
3,zmy,f,20,noindex,True,938020,938696,z,1.2,4.2,0.7,2.2,2,1,0,3,nochange_col,z,2,testing
3,zmy,f,20,noindex,True,943364,944201,z,4.2,0.7,1.2,2.2,0,3,1,2,nochange_ori,z,3,testing
3,zmy,f,20,noindex,True,948907,949448,/,1.2,2.2,4.2,0.7,3,0,2,1,change_col,/,0,testing
3,zmy,f,20,noindex,True,954084,954776,/,2.2,4.2,0.7,1.2,2,0,1,3,change_ori,/,1,testing
3,zmy,f,20,noindex,True,959510,960552,/,1.2,4.2,2.2,0.7,2,3,1,0,change_ori,/,0,testing
3,zmy,f,20,noindex,True,965254,965848,/,2.2,0.7,1.2,4.2,1,2,3,0,change_col,/,1,testing
3,zmy,f,20,noindex,True,970480,971080,/,0.7,1.2,4.2,2.2,1,3,0,2,change_col,/,3,testing
3,zmy,f,20,noindex,True,975723,976425,/,0.7,4.2,1.2,2.2,2,1,3,0,change_ori,/,3,testing
3,zmy,f,20,noindex,True,981050,981767,z,1.2,4.2,2.2,0.7,3,1,2,0,nochange_ori,z,0,testing
3,zmy,f,20,noindex,True,986510,987257,/,4.2,0.7,1.2,2.2,2,1,0,3,change_col,/,1,testing
3,zmy,f,20,noindex,True,991870,993049,z,1.2,4.2,0.7,2.2,0,1,3,2,nochange_ori,z,0,testing
3,zmy,f,20,noindex,True,997613,998440,z,1.2,0.7,4.2,2.2,2,0,1,3,nochange_col,z,2,testing
3,zmy,f,20,noindex,True,1003157,1004024,/,4.2,0.7,1.2,2.2,1,0,3,2,change_ori,/,0,testing
3,zmy,f,20,noindex,True,1008700,1009528,z,0.7,2.2,4.2,1.2,1,3,0,2,nochange_ori,z,3,testing
3,zmy,f,20,noindex,True,1014161,1014856,z,1.2,4.2,2.2,0.7,1,0,3,2,nochange_ori,z,1,testing
3,zmy,f,20,noindex,True,1019454,1020104,/,2.2,1.2,4.2,0.7,3,0,1,2,change_col,/,3,testing
3,zmy,f,20,noindex,True,1024696,1025160,z,4.2,0.7,2.2,1.2,3,0,2,1,nochange_col,z,3,testing
3,zmy,f,20,noindex,True,1029840,1030568,z,4.2,2.2,0.7,1.2,3,1,2,0,nochange_ori,z,3,testing
3,zmy,f,20,noindex,True,1035166,1035880,/,0.7,1.2,4.2,2.2,1,2,0,3,change_ori,/,0,testing
3,zmy,f,20,noindex,True,1040576,1041656,/,0.7,4.2,2.2,1.2,0,1,2,3,change_col,/,1,testing
3,zmy,f,20,noindex,True,1046286,1046904,/,2.2,4.2,1.2,0.7,1,3,0,2,change_col,/,1,testing
3,zmy,f,20,noindex,True,1051646,1052457,z,1.2,2.2,4.2,0.7,0,2,1,3,nochange_ori,z,1,testing
3,zmy,f,20,noindex,True,1057173,1057881,/,0.7,4.2,1.2,2.2,0,2,1,3,change_col,/,1,testing
3,zmy,f,20,noindex,True,1062483,1062936,z,1.2,0.7,2.2,4.2,0,1,3,2,nochange_col,z,2,testing
3,zmy,f,20,noindex,True,1067642,1068296,z,4.2,1.2,2.2,0.7,2,3,0,1,nochange_col,z,3,testing
3,zmy,f,20,noindex,True,1073018,1073848,z,2.2,0.7,4.2,1.2,0,2,1,3,nochange_ori,z,0,testing
3,zmy,f,20,noindex,True,1078428,1079144,/,1.2,4.2,2.2,0.7,0,3,2,1,change_ori,/,2,testing
3,zmy,f,20,noindex,True,1083772,1084391,z,0.7,2.2,1.2,4.2,0,1,3,2,nochange_col,z,2,testing
3,zmy,f,20,noindex,True,1088965,1089736,/,2.2,0.7,1.2,4.2,0,3,1,2,change_col,/,2,testing
