subj,name,gender,age,cond,P_resp,P_startTime,P_respTime,P_gotKey,sf1,sf2,sf3,sf4,ord_1,ord_2,ord_3,ord_4,task,correct_key,no_change,mode
3,zmy,f,20,index,True,226615,228085,z,4.2,4.2,2.2,2.2,3,2,0,1,change_ori,/,1,practice
3,zmy,f,20,index,True,232727,233845,/,4.2,2.2,4.2,2.2,0,1,3,2,nochange_ori,z,2,practice
3,zmy,f,20,index,True,238487,239861,z,1.2,0.7,1.2,0.7,0,3,2,1,nochange_col,z,1,practice
3,zmy,f,20,index,True,244482,245333,/,1.2,0.7,1.2,0.7,2,3,1,0,change_col,/,3,practice
3,zmy,f,20,index,True,250025,251125,/,1.2,0.7,0.7,1.2,2,0,3,1,nochange_ori,z,2,practice
3,zmy,f,20,index,True,255819,258661,z,4.2,2.2,4.2,2.2,0,1,2,3,change_ori,/,0,practice
3,zmy,f,20,index,True,263316,264420,/,0.7,1.2,1.2,0.7,1,0,3,2,nochange_col,z,1,practice
3,zmy,f,20,index,True,269110,270757,/,2.2,0.7,0.7,2.2,0,1,2,3,change_ori,/,1,practice
3,zmy,f,20,index,True,275489,276725,/,0.7,1.2,0.7,1.2,0,3,1,2,change_col,/,2,practice
3,zmy,f,20,index,True,281299,282837,/,0.7,0.7,4.2,4.2,2,3,1,0,change_col,/,2,practice
3,zmy,f,20,index,True,287493,288405,z,1.2,1.2,2.2,2.2,3,0,1,2,nochange_col,z,2,practice
3,zmy,f,20,index,True,293021,294037,z,4.2,4.2,2.2,2.2,1,0,3,2,nochange_col,z,1,practice
3,zmy,f,20,index,True,298798,299685,z,0.7,0.7,2.2,2.2,2,3,0,1,nochange_ori,z,1,practice
3,zmy,f,20,index,True,304308,305093,/,0.7,1.2,0.7,1.2,3,0,1,2,change_col,/,0,practice
3,zmy,f,20,index,True,309701,310549,z,1.2,2.2,2.2,1.2,2,0,3,1,nochange_ori,z,1,practice
3,zmy,f,20,index,True,315211,316725,z,1.2,1.2,4.2,4.2,2,0,1,3,nochange_ori,z,0,practice
3,zmy,f,20,index,True,321440,323237,/,0.7,4.2,0.7,4.2,2,3,1,0,change_ori,/,1,practice
3,zmy,f,20,index,True,327834,328901,/,1.2,1.2,4.2,4.2,1,3,0,2,change_ori,/,3,practice
3,zmy,f,20,index,True,333595,334933,/,2.2,0.7,0.7,2.2,0,3,2,1,change_col,/,0,practice
3,zmy,f,20,index,True,339556,341013,z,0.7,1.2,1.2,0.7,3,0,1,2,nochange_col,z,0,practice
3,zmy,f,20,index,True,372533,374597,z,1.2,2.2,2.2,1.2,2,3,1,0,nochange_ori,z,0,testing
3,zmy,f,20,index,True,379196,380244,z,0.7,1.2,0.7,1.2,2,1,0,3,nochange_col,z,2,testing
3,zmy,f,20,index,True,384872,385989,/,1.2,1.2,0.7,0.7,2,3,1,0,change_col,/,1,testing
3,zmy,f,20,index,True,390583,391573,/,1.2,2.2,2.2,1.2,2,3,1,0,nochange_ori,z,0,testing
3,zmy,f,20,index,True,396210,397813,z,2.2,4.2,4.2,2.2,2,1,0,3,nochange_ori,z,2,testing
3,zmy,f,20,index,True,402538,403652,/,4.2,2.2,4.2,2.2,3,0,2,1,change_ori,/,0,testing
3,zmy,f,20,index,True,408366,409877,/,2.2,4.2,4.2,2.2,0,1,3,2,change_col,/,3,testing
3,zmy,f,20,index,True,414594,415445,z,0.7,2.2,0.7,2.2,3,1,2,0,nochange_col,z,3,testing
3,zmy,f,20,index,True,420087,420933,z,4.2,4.2,0.7,0.7,0,2,1,3,nochange_ori,z,2,testing
3,zmy,f,20,index,True,425698,426244,/,4.2,4.2,2.2,2.2,3,0,1,2,change_col,/,0,testing
3,zmy,f,20,index,True,430907,431908,/,0.7,2.2,2.2,0.7,1,0,3,2,nochange_ori,z,0,testing
3,zmy,f,20,index,True,436518,437381,z,1.2,2.2,2.2,1.2,0,1,3,2,nochange_col,z,0,testing
3,zmy,f,20,index,True,442078,444277,/,4.2,4.2,1.2,1.2,0,3,2,1,change_ori,/,3,testing
3,zmy,f,20,index,True,448957,449797,/,0.7,0.7,4.2,4.2,3,1,0,2,change_col,/,2,testing
3,zmy,f,20,index,True,454384,455397,/,1.2,2.2,2.2,1.2,1,0,2,3,change_col,/,3,testing
3,zmy,f,20,index,True,460061,460933,z,4.2,0.7,4.2,0.7,2,0,1,3,nochange_col,z,1,testing
3,zmy,f,20,index,True,465588,466500,/,2.2,0.7,0.7,2.2,1,2,0,3,change_ori,/,1,testing
3,zmy,f,20,index,True,471215,472180,/,2.2,1.2,1.2,2.2,3,0,1,2,change_col,/,1,testing
3,zmy,f,20,index,True,476825,477685,z,1.2,0.7,0.7,1.2,3,1,0,2,nochange_col,z,0,testing
3,zmy,f,20,index,True,482285,483124,z,1.2,1.2,0.7,0.7,2,1,0,3,nochange_ori,z,2,testing
3,zmy,f,20,index,True,487828,489492,/,1.2,1.2,2.2,2.2,1,3,2,0,change_ori,/,3,testing
3,zmy,f,20,index,True,494157,495109,/,0.7,0.7,4.2,4.2,3,2,0,1,change_ori,/,0,testing
3,zmy,f,20,index,True,499818,501733,z,0.7,1.2,0.7,1.2,0,1,2,3,nochange_ori,z,2,testing
3,zmy,f,20,index,True,506363,507269,/,4.2,4.2,2.2,2.2,3,2,0,1,change_col,/,0,testing
3,zmy,f,20,index,True,511940,512628,z,0.7,1.2,1.2,0.7,3,1,2,0,nochange_col,z,1,testing
3,zmy,f,20,index,True,517350,519204,/,1.2,4.2,1.2,4.2,3,0,1,2,change_col,/,3,testing
3,zmy,f,20,index,True,523895,525380,z,0.7,0.7,2.2,2.2,2,0,1,3,nochange_ori,z,3,testing
3,zmy,f,20,index,True,529990,531668,z,1.2,2.2,1.2,2.2,3,0,2,1,change_ori,/,0,testing
3,zmy,f,20,index,True,536402,537317,z,2.2,4.2,4.2,2.2,1,3,0,2,nochange_col,z,0,testing
3,zmy,f,20,index,True,541979,543252,/,0.7,0.7,4.2,4.2,0,2,3,1,change_col,/,0,testing
3,zmy,f,20,index,True,547923,548948,/,2.2,1.2,2.2,1.2,0,3,2,1,change_ori,/,3,testing
3,zmy,f,20,index,True,553550,555141,z,0.7,2.2,2.2,0.7,2,1,3,0,nochange_col,z,0,testing
3,zmy,f,20,index,True,559895,560773,/,2.2,2.2,4.2,4.2,1,3,0,2,change_col,/,0,testing
3,zmy,f,20,index,True,565371,566405,/,1.2,0.7,1.2,0.7,1,3,0,2,change_ori,/,2,testing
3,zmy,f,20,index,True,571149,572036,/,2.2,2.2,0.7,0.7,1,0,3,2,change_ori,/,3,testing
3,zmy,f,20,index,True,576658,577588,/,1.2,0.7,0.7,1.2,0,3,1,2,change_ori,/,2,testing
3,zmy,f,20,index,True,582202,582901,z,4.2,0.7,4.2,0.7,3,1,0,2,nochange_col,z,1,testing
3,zmy,f,20,index,True,587495,589124,z,1.2,2.2,1.2,2.2,1,2,0,3,nochange_col,z,3,testing
3,zmy,f,20,index,True,593790,595141,z,1.2,2.2,2.2,1.2,3,2,0,1,nochange_ori,z,0,testing
3,zmy,f,20,index,True,599768,602164,/,1.2,4.2,4.2,1.2,0,3,1,2,change_ori,/,0,testing
3,zmy,f,20,index,True,606781,607733,z,2.2,2.2,1.2,1.2,2,3,1,0,nochange_ori,z,3,testing
3,zmy,f,20,index,True,612458,613540,z,2.2,2.2,0.7,0.7,2,1,0,3,nochange_col,z,3,testing
3,zmy,f,20,index,True,618302,619172,z,0.7,1.2,1.2,0.7,1,2,0,3,nochange_col,z,0,testing
3,zmy,f,20,index,True,623912,625636,/,2.2,0.7,0.7,2.2,3,1,0,2,change_col,/,3,testing
3,zmy,f,20,index,True,630291,631236,z,1.2,2.2,2.2,1.2,1,0,2,3,nochange_col,z,1,testing
3,zmy,f,20,index,True,635851,637012,/,4.2,4.2,1.2,1.2,0,3,1,2,change_col,/,1,testing
3,zmy,f,20,index,True,641661,642596,z,1.2,0.7,0.7,1.2,1,0,2,3,nochange_col,z,2,testing
3,zmy,f,20,index,True,647255,648069,z,1.2,1.2,0.7,0.7,3,0,1,2,nochange_col,z,3,testing
3,zmy,f,20,index,True,652766,654628,/,0.7,2.2,0.7,2.2,2,0,1,3,change_ori,/,1,testing
3,zmy,f,20,index,True,659344,660437,z,4.2,0.7,0.7,4.2,0,1,3,2,nochange_ori,z,3,testing
3,zmy,f,20,index,True,665171,665893,z,4.2,1.2,4.2,1.2,1,3,0,2,nochange_col,z,3,testing
3,zmy,f,20,index,True,670532,671636,z,0.7,0.7,1.2,1.2,1,0,3,2,nochange_ori,z,2,testing
3,zmy,f,20,index,True,676242,679157,/,4.2,2.2,2.2,4.2,1,2,3,0,change_ori,/,1,testing
3,zmy,f,20,index,True,683740,684548,/,2.2,1.2,1.2,2.2,0,1,2,3,change_col,/,3,testing
3,zmy,f,20,index,True,689199,690164,/,0.7,0.7,2.2,2.2,0,3,2,1,change_col,/,2,testing
3,zmy,f,20,index,True,694776,695412,z,4.2,2.2,2.2,4.2,3,1,2,0,nochange_col,z,0,testing
3,zmy,f,20,index,True,700103,701588,/,1.2,1.2,4.2,4.2,3,1,2,0,change_ori,/,3,testing
3,zmy,f,20,index,True,706314,707365,/,1.2,1.2,2.2,2.2,0,1,2,3,change_ori,/,1,testing
3,zmy,f,20,index,True,712074,712884,/,1.2,0.7,1.2,0.7,2,3,1,0,change_col,/,3,testing
3,zmy,f,20,index,True,717485,718596,/,0.7,0.7,2.2,2.2,2,0,1,3,change_col,/,0,testing
3,zmy,f,20,index,True,723345,724773,z,0.7,0.7,2.2,2.2,0,3,2,1,nochange_col,z,0,testing
3,zmy,f,20,index,True,729440,730756,z,4.2,0.7,4.2,0.7,0,1,3,2,nochange_ori,z,1,testing
3,zmy,f,20,index,True,735450,736420,/,4.2,4.2,0.7,0.7,3,0,2,1,change_ori,/,3,testing
3,zmy,f,20,index,True,741112,742388,z,2.2,4.2,2.2,4.2,3,2,1,0,nochange_ori,z,0,testing
3,zmy,f,20,index,True,747073,748149,/,0.7,1.2,0.7,1.2,1,3,0,2,change_ori,/,0,testing
3,zmy,f,20,index,True,752716,753924,z,2.2,2.2,0.7,0.7,3,1,0,2,nochange_ori,z,0,testing
3,zmy,f,20,index,True,758527,759619,z,4.2,0.7,0.7,4.2,3,0,2,1,nochange_ori,z,2,testing
3,zmy,f,20,index,True,764287,765237,z,2.2,2.2,4.2,4.2,3,0,2,1,nochange_ori,z,0,testing
3,zmy,f,20,index,True,769997,771044,z,0.7,2.2,0.7,2.2,2,0,1,3,nochange_ori,z,1,testing
3,zmy,f,20,index,True,775741,776405,z,0.7,0.7,2.2,2.2,2,3,0,1,nochange_col,z,1,testing
3,zmy,f,20,index,True,781085,781700,/,1.2,1.2,2.2,2.2,3,0,1,2,change_col,/,0,testing
3,zmy,f,20,index,True,786327,787189,/,2.2,1.2,1.2,2.2,1,3,0,2,change_col,/,1,testing
3,zmy,f,20,index,True,791888,792964,z,1.2,0.7,0.7,1.2,1,2,0,3,nochange_ori,z,1,testing
3,zmy,f,20,index,True,797582,798468,/,4.2,2.2,4.2,2.2,0,3,1,2,change_col,/,0,testing
3,zmy,f,20,index,True,803125,804708,/,1.2,0.7,1.2,0.7,1,3,0,2,change_ori,/,2,testing
3,zmy,f,20,index,True,809270,811733,/,2.2,2.2,1.2,1.2,2,1,0,3,change_col,/,1,testing
3,zmy,f,20,index,True,816433,817764,/,2.2,2.2,4.2,4.2,3,0,1,2,nochange_ori,z,2,testing
3,zmy,f,20,index,True,822410,825317,/,4.2,0.7,0.7,4.2,0,2,3,1,change_ori,/,0,testing
3,zmy,f,20,index,True,830092,830788,z,2.2,4.2,2.2,4.2,1,2,0,3,nochange_col,z,2,testing
3,zmy,f,20,index,True,835351,836485,/,1.2,1.2,4.2,4.2,0,3,1,2,change_ori,/,3,testing
3,zmy,f,20,index,True,844167,845204,/,2.2,2.2,4.2,4.2,1,0,2,3,change_col,/,1,testing
3,zmy,f,20,index,True,849811,851220,/,1.2,0.7,0.7,1.2,3,1,0,2,change_ori,/,1,testing
3,zmy,f,20,index,True,855789,856628,z,1.2,1.2,0.7,0.7,2,0,3,1,nochange_ori,z,3,testing
3,zmy,f,20,index,True,861266,862596,/,4.2,2.2,4.2,2.2,1,3,0,2,change_ori,/,1,testing
3,zmy,f,20,index,True,867210,868821,/,1.2,2.2,2.2,1.2,1,2,0,3,change_ori,/,3,testing
3,zmy,f,20,index,True,873388,875604,/,2.2,1.2,2.2,1.2,1,3,2,0,change_ori,/,3,testing
3,zmy,f,20,index,True,880200,881620,z,2.2,1.2,2.2,1.2,1,3,0,2,nochange_ori,z,3,testing
3,zmy,f,20,index,True,886279,888004,/,2.2,1.2,2.2,1.2,2,0,3,1,change_ori,/,0,testing
3,zmy,f,20,index,True,892640,895157,/,0.7,0.7,4.2,4.2,1,0,2,3,change_col,/,3,testing
3,zmy,f,20,index,True,899720,901220,/,0.7,1.2,0.7,1.2,1,0,2,3,change_col,/,2,testing
3,zmy,f,20,index,True,905982,906980,z,4.2,4.2,1.2,1.2,2,1,3,0,nochange_ori,z,2,testing
3,zmy,f,20,index,True,911741,912964,z,1.2,1.2,0.7,0.7,0,2,1,3,nochange_col,z,1,testing
3,zmy,f,20,index,True,917719,919284,z,1.2,1.2,4.2,4.2,3,0,2,1,nochange_ori,z,0,testing
3,zmy,f,20,index,True,924014,925011,/,1.2,2.2,2.2,1.2,2,1,3,0,change_col,/,0,testing
3,zmy,f,20,index,True,929658,930740,z,0.7,4.2,4.2,0.7,0,1,3,2,nochange_col,z,3,testing
3,zmy,f,20,index,True,935402,937268,z,2.2,2.2,0.7,0.7,3,1,2,0,nochange_ori,z,3,testing
3,zmy,f,20,index,True,942014,943348,/,4.2,0.7,0.7,4.2,2,1,0,3,change_ori,/,1,testing
3,zmy,f,20,index,True,948109,952276,/,2.2,2.2,0.7,0.7,2,3,0,1,change_ori,/,2,testing
3,zmy,f,20,index,True,956925,958932,/,2.2,2.2,0.7,0.7,0,1,3,2,change_ori,/,0,testing
3,zmy,f,20,index,True,963521,964804,/,0.7,1.2,0.7,1.2,0,3,2,1,change_col,/,2,testing
3,zmy,f,20,index,True,969565,971668,z,2.2,0.7,2.2,0.7,1,0,3,2,nochange_ori,z,0,testing
3,zmy,f,20,index,True,976361,977060,z,0.7,4.2,0.7,4.2,3,1,0,2,nochange_col,z,3,testing
3,zmy,f,20,index,True,981721,982676,z,0.7,4.2,4.2,0.7,0,3,1,2,nochange_ori,z,0,testing
3,zmy,f,20,index,True,987414,988180,z,0.7,1.2,1.2,0.7,3,2,0,1,nochange_col,z,0,testing
3,zmy,f,20,index,True,992791,993668,/,2.2,2.2,0.7,0.7,2,3,1,0,change_col,/,0,testing
3,zmy,f,20,index,True,998367,999940,z,4.2,2.2,4.2,2.2,1,0,2,3,nochange_col,z,2,testing
3,zmy,f,20,index,True,1004530,1005636,z,4.2,0.7,4.2,0.7,3,2,0,1,nochange_col,z,0,testing
3,zmy,f,20,index,True,1010373,1011268,z,2.2,1.2,1.2,2.2,0,3,1,2,nochange_ori,z,3,testing
3,zmy,f,20,index,True,1016000,1016692,/,0.7,4.2,0.7,4.2,1,3,0,2,change_col,/,1,testing
3,zmy,f,20,index,True,1021277,1021940,z,1.2,2.2,2.2,1.2,0,3,1,2,nochange_col,z,3,testing
3,zmy,f,20,index,True,1026553,1027427,/,4.2,2.2,4.2,2.2,0,1,2,3,change_col,/,3,testing
3,zmy,f,20,index,True,1032147,1032740,z,2.2,0.7,0.7,2.2,3,1,2,0,nochange_col,z,1,testing
3,zmy,f,20,index,True,1037407,1038115,z,0.7,2.2,2.2,0.7,2,0,1,3,nochange_col,z,2,testing
3,zmy,f,20,index,True,1042866,1043620,z,4.2,4.2,1.2,1.2,2,1,3,0,nochange_col,z,2,testing
3,zmy,f,20,index,True,1048209,1048756,z,1.2,4.2,4.2,1.2,2,1,0,3,nochange_col,z,1,testing
3,zmy,f,20,index,True,1053386,1054484,/,2.2,4.2,2.2,4.2,2,3,0,1,change_col,/,1,testing
3,zmy,f,20,index,True,1059129,1061028,/,2.2,4.2,4.2,2.2,3,2,0,1,change_col,/,3,testing
3,zmy,f,20,index,True,1065758,1066996,z,2.2,0.7,2.2,0.7,2,1,3,0,nochange_col,z,3,testing
3,zmy,f,20,index,True,1071719,1073157,/,2.2,2.2,4.2,4.2,0,1,3,2,nochange_ori,z,0,testing
3,zmy,f,20,index,True,1077864,1078724,/,1.2,2.2,1.2,2.2,0,1,3,2,change_ori,/,0,testing
3,zmy,f,20,index,True,1083441,1084340,/,2.2,2.2,0.7,0.7,2,1,0,3,change_col,/,2,testing
3,zmy,f,20,index,True,1089068,1090676,z,0.7,0.7,4.2,4.2,1,2,3,0,nochange_ori,z,1,testing
3,zmy,f,20,index,True,1095313,1097012,/,0.7,1.2,1.2,0.7,1,3,0,2,change_ori,/,0,testing
3,zmy,f,20,index,True,1101692,1102516,z,2.2,4.2,2.2,4.2,3,2,0,1,nochange_col,z,1,testing
3,zmy,f,20,index,True,1107284,1107860,z,1.2,4.2,4.2,1.2,3,1,0,2,nochange_col,z,3,testing
3,zmy,f,20,index,True,1112561,1113108,/,1.2,1.2,0.7,0.7,2,1,0,3,change_col,/,0,testing
3,zmy,f,20,index,True,1117787,1118276,z,4.2,4.2,1.2,1.2,0,2,3,1,nochange_col,z,2,testing
3,zmy,f,20,index,True,1122847,1124500,z,1.2,2.2,1.2,2.2,3,0,2,1,nochange_ori,z,3,testing
3,zmy,f,20,index,True,1129175,1130004,/,2.2,2.2,0.7,0.7,2,0,1,3,change_ori,/,3,testing
3,zmy,f,20,index,True,1134618,1136996,/,2.2,4.2,4.2,2.2,3,0,2,1,change_ori,/,1,testing
3,zmy,f,20,index,True,1141631,1142228,z,2.2,0.7,0.7,2.2,3,2,1,0,nochange_col,z,2,testing
3,zmy,f,20,index,True,1146824,1148148,/,4.2,2.2,4.2,2.2,2,3,1,0,change_ori,/,3,testing
3,zmy,f,20,index,True,1152902,1153875,/,4.2,4.2,0.7,0.7,1,3,2,0,change_col,/,1,testing
3,zmy,f,20,index,True,1158446,1159795,z,4.2,1.2,4.2,1.2,1,3,0,2,nochange_ori,z,2,testing
3,zmy,f,20,index,True,1164390,1165396,/,1.2,1.2,2.2,2.2,2,3,1,0,change_col,/,2,testing
3,zmy,f,20,index,True,1170100,1171124,z,4.2,2.2,2.2,4.2,2,0,3,1,nochange_col,z,0,testing
3,zmy,f,20,index,True,1175811,1176787,/,4.2,2.2,2.2,4.2,0,2,3,1,change_ori,/,0,testing
3,zmy,f,20,index,True,1181538,1183140,z,4.2,0.7,0.7,4.2,1,3,0,2,nochange_ori,z,3,testing
3,zmy,f,20,index,True,1187817,1188804,/,2.2,2.2,0.7,0.7,0,3,1,2,change_col,/,1,testing
3,zmy,f,20,index,True,1193376,1194468,/,0.7,2.2,2.2,0.7,0,1,3,2,nochange_ori,z,1,testing
3,zmy,f,20,index,True,1199054,1200804,/,0.7,4.2,4.2,0.7,2,3,0,1,change_col,/,3,testing
3,zmy,f,20,index,True,1205482,1206388,z,0.7,4.2,4.2,0.7,0,1,3,2,nochange_col,z,3,testing
3,zmy,f,20,index,True,1210992,1213236,/,4.2,2.2,2.2,4.2,3,2,0,1,change_ori,/,1,testing
3,zmy,f,20,index,True,1217972,1219476,/,2.2,2.2,0.7,0.7,3,1,2,0,change_ori,/,3,testing
3,zmy,f,20,index,True,1224234,1225491,z,1.2,2.2,1.2,2.2,0,2,3,1,nochange_ori,z,2,testing
3,zmy,f,20,index,True,1230094,1231268,z,4.2,1.2,4.2,1.2,3,1,0,2,nochange_ori,z,2,testing
3,zmy,f,20,index,True,1235938,1237763,/,4.2,1.2,1.2,4.2,3,0,1,2,change_ori,/,2,testing
3,zmy,f,20,index,True,1242383,1243108,/,1.2,0.7,1.2,0.7,0,3,2,1,change_col,/,3,testing
3,zmy,f,20,index,True,1247860,1248852,z,4.2,1.2,1.2,4.2,3,0,1,2,nochange_ori,z,3,testing
3,zmy,f,20,index,True,1253453,1254804,/,4.2,1.2,1.2,4.2,2,0,1,3,change_ori,/,2,testing
3,zmy,f,20,index,True,1259465,1261028,/,4.2,1.2,1.2,4.2,0,3,2,1,change_col,/,3,testing
3,zmy,f,20,index,True,1265676,1267652,/,2.2,2.2,0.7,0.7,0,3,1,2,change_ori,/,1,testing
3,zmy,f,20,index,True,1272239,1272900,z,0.7,0.7,1.2,1.2,3,2,0,1,nochange_col,z,1,testing
3,zmy,f,20,index,True,1277481,1278499,z,2.2,1.2,2.2,1.2,0,1,2,3,nochange_ori,z,1,testing
3,zmy,f,20,index,True,1283158,1284340,/,0.7,1.2,0.7,1.2,0,2,3,1,change_ori,/,0,testing
3,zmy,f,20,index,True,1289070,1290148,/,2.2,2.2,4.2,4.2,2,1,0,3,change_col,/,2,testing
3,zmy,f,20,index,True,1294730,1295732,z,0.7,2.2,0.7,2.2,2,3,1,0,nochange_ori,z,1,testing
3,zmy,f,20,index,True,1300490,1301491,/,0.7,2.2,2.2,0.7,3,2,1,0,change_col,/,0,testing
3,zmy,f,20,index,True,1306200,1307028,z,4.2,2.2,2.2,4.2,1,2,3,0,nochange_ori,z,2,testing
3,zmy,f,20,index,True,1311778,1312340,z,0.7,2.2,0.7,2.2,1,0,2,3,nochange_col,z,0,testing
