subj,name,gender,age,cond,P_resp,P_startTime,P_respTime,P_gotKey,sf1,sf2,sf3,sf4,ord_1,ord_2,ord_3,ord_4,task,correct_key,no_change,mode
4,wy,f,20,index,True,276348,281149,/,4.2,1.2,4.2,1.2,1,3,2,0,change_ori,/,0,practice
4,wy,f,20,index,True,285798,288125,/,0.7,0.7,2.2,2.2,2,1,3,0,change_ori,/,0,practice
4,wy,f,20,index,True,292761,296445,/,0.7,0.7,2.2,2.2,3,1,0,2,nochange_ori,z,3,practice
4,wy,f,20,index,True,301093,302829,/,0.7,2.2,0.7,2.2,2,3,0,1,change_col,/,2,practice
4,wy,f,20,index,True,307405,308637,z,1.2,2.2,2.2,1.2,3,1,2,0,nochange_col,z,2,practice
4,wy,f,20,index,True,313316,315389,/,1.2,4.2,1.2,4.2,1,2,3,0,change_col,/,3,practice
4,wy,f,20,index,True,320095,321628,/,1.2,4.2,4.2,1.2,0,2,1,3,nochange_ori,z,2,practice
4,wy,f,20,index,True,326357,328189,/,2.2,2.2,4.2,4.2,0,2,1,3,change_col,/,2,practice
4,wy,f,20,index,True,332902,334173,z,2.2,0.7,0.7,2.2,0,1,3,2,change_col,/,2,practice
4,wy,f,20,index,True,338780,340253,z,2.2,4.2,4.2,2.2,0,2,1,3,nochange_ori,z,3,practice
4,wy,f,20,index,True,344840,346029,z,4.2,4.2,1.2,1.2,3,1,2,0,nochange_col,z,1,practice
4,wy,f,20,index,True,350634,351997,/,1.2,4.2,1.2,4.2,1,0,3,2,nochange_ori,z,2,practice
4,wy,f,20,index,True,356612,358477,z,1.2,2.2,1.2,2.2,2,0,3,1,nochange_ori,z,0,practice
4,wy,f,20,index,True,363241,365965,/,0.7,0.7,2.2,2.2,1,2,0,3,change_col,/,2,practice
4,wy,f,20,index,True,370571,372381,z,4.2,4.2,1.2,1.2,2,3,0,1,nochange_col,z,3,practice
4,wy,f,20,index,True,376950,378397,z,0.7,0.7,2.2,2.2,0,1,3,2,nochange_col,z,0,practice
4,wy,f,20,index,True,383127,384508,z,0.7,1.2,1.2,0.7,2,3,0,1,nochange_col,z,0,practice
4,wy,f,20,index,True,389072,390877,/,1.2,1.2,4.2,4.2,2,0,3,1,change_ori,/,0,practice
4,wy,f,20,index,True,395534,397405,/,2.2,2.2,4.2,4.2,2,0,3,1,change_ori,/,0,practice
4,wy,f,20,index,True,401996,403085,/,2.2,2.2,0.7,0.7,1,0,2,3,change_ori,/,2,practice
4,wy,f,20,index,True,432151,433277,z,0.7,4.2,4.2,0.7,1,3,0,2,change_ori,/,2,testing
4,wy,f,20,index,True,437862,439389,z,4.2,0.7,0.7,4.2,3,0,2,1,nochange_ori,z,1,testing
4,wy,f,20,index,True,443957,444989,/,0.7,0.7,2.2,2.2,2,3,1,0,change_col,/,2,testing
4,wy,f,20,index,True,449666,451662,/,1.2,2.2,1.2,2.2,2,3,0,1,nochange_col,z,3,testing
4,wy,f,20,index,True,456279,457773,/,1.2,0.7,1.2,0.7,2,1,3,0,change_ori,/,1,testing
4,wy,f,20,index,True,462491,463629,z,1.2,0.7,1.2,0.7,3,0,2,1,nochange_col,z,1,testing
4,wy,f,20,index,True,468368,469437,/,1.2,4.2,4.2,1.2,1,2,3,0,change_col,/,3,testing
4,wy,f,20,index,True,474195,475548,z,0.7,2.2,2.2,0.7,1,0,2,3,change_ori,/,3,testing
4,wy,f,20,index,True,480273,481661,/,1.2,1.2,2.2,2.2,2,0,1,3,change_col,/,0,testing
4,wy,f,20,index,True,486401,487501,/,1.2,1.2,4.2,4.2,0,3,2,1,change_col,/,2,testing
4,wy,f,20,index,True,492261,494029,z,2.2,0.7,0.7,2.2,1,2,0,3,nochange_ori,z,2,testing
4,wy,f,20,index,True,498624,500077,z,1.2,4.2,1.2,4.2,3,0,2,1,change_ori,/,1,testing
4,wy,f,20,index,True,504751,505757,z,0.7,0.7,2.2,2.2,1,3,0,2,nochange_ori,z,1,testing
4,wy,f,20,index,True,510329,511485,z,2.2,4.2,4.2,2.2,2,1,3,0,nochange_ori,z,0,testing
4,wy,f,20,index,True,516072,517261,z,1.2,0.7,1.2,0.7,0,2,3,1,nochange_ori,z,3,testing
4,wy,f,20,index,True,521966,523325,/,4.2,4.2,1.2,1.2,3,2,0,1,change_ori,/,2,testing
4,wy,f,20,index,True,528061,529133,z,1.2,1.2,2.2,2.2,2,0,1,3,nochange_col,z,2,testing
4,wy,f,20,index,True,533754,534989,z,2.2,1.2,2.2,1.2,0,2,3,1,nochange_ori,z,1,testing
4,wy,f,20,index,True,539599,540860,/,1.2,1.2,4.2,4.2,2,1,0,3,nochange_col,z,1,testing
4,wy,f,20,index,True,545459,547933,z,2.2,1.2,2.2,1.2,2,1,0,3,nochange_ori,z,1,testing
4,wy,f,20,index,True,552505,553757,z,2.2,2.2,0.7,0.7,2,3,1,0,change_col,/,0,testing
4,wy,f,20,index,True,558383,560957,/,0.7,1.2,0.7,1.2,2,1,0,3,change_ori,/,2,testing
4,wy,f,20,index,True,565530,567453,z,0.7,4.2,4.2,0.7,1,3,0,2,nochange_col,z,0,testing
4,wy,f,20,index,True,572058,573133,z,4.2,4.2,1.2,1.2,0,2,3,1,nochange_ori,z,2,testing
4,wy,f,20,index,True,577769,578765,/,2.2,4.2,4.2,2.2,3,2,1,0,change_col,/,0,testing
4,wy,f,20,index,True,583396,585197,/,2.2,1.2,2.2,1.2,2,3,1,0,change_ori,/,1,testing
4,wy,f,20,index,True,589808,592365,/,2.2,4.2,4.2,2.2,3,1,0,2,change_ori,/,2,testing
4,wy,f,20,index,True,596955,597997,/,4.2,0.7,0.7,4.2,3,2,1,0,change_col,/,1,testing
4,wy,f,20,index,True,602631,603405,z,4.2,4.2,0.7,0.7,1,0,2,3,nochange_col,z,0,testing
4,wy,f,20,index,True,608141,608925,z,1.2,1.2,0.7,0.7,1,0,3,2,nochange_col,z,3,testing
4,wy,f,20,index,True,613619,614460,z,0.7,1.2,1.2,0.7,0,1,2,3,nochange_col,z,2,testing
4,wy,f,20,index,True,619128,621517,/,2.2,2.2,4.2,4.2,1,3,0,2,change_ori,/,3,testing
4,wy,f,20,index,True,626242,627693,/,1.2,4.2,1.2,4.2,2,0,3,1,change_ori,/,0,testing
4,wy,f,20,index,True,632453,633708,/,0.7,4.2,0.7,4.2,1,3,2,0,change_ori,/,2,testing
4,wy,f,20,index,True,638364,639373,z,2.2,4.2,4.2,2.2,2,3,0,1,nochange_ori,z,0,testing
4,wy,f,20,index,True,643991,644829,/,1.2,1.2,0.7,0.7,0,2,3,1,change_col,/,2,testing
4,wy,f,20,index,True,649467,650509,z,0.7,0.7,4.2,4.2,3,2,1,0,nochange_col,z,3,testing
4,wy,f,20,index,True,655078,656077,z,2.2,1.2,2.2,1.2,0,1,3,2,nochange_ori,z,0,testing
4,wy,f,20,index,True,660688,661693,/,2.2,4.2,4.2,2.2,2,3,0,1,change_ori,/,3,testing
4,wy,f,20,index,True,666298,667101,/,1.2,1.2,4.2,4.2,1,2,3,0,change_col,/,1,testing
4,wy,f,20,index,True,671826,674269,z,4.2,1.2,1.2,4.2,3,2,0,1,nochange_ori,z,0,testing
4,wy,f,20,index,True,679022,680028,z,1.2,2.2,1.2,2.2,0,2,3,1,nochange_ori,z,2,testing
4,wy,f,20,index,True,684649,685469,/,2.2,4.2,4.2,2.2,0,2,3,1,change_ori,/,1,testing
4,wy,f,20,index,True,690125,691453,z,0.7,0.7,4.2,4.2,3,1,0,2,nochange_ori,z,1,testing
4,wy,f,20,index,True,696120,697037,/,2.2,0.7,0.7,2.2,2,3,1,0,change_col,/,2,testing
4,wy,f,20,index,True,701697,702653,/,1.2,2.2,2.2,1.2,0,1,2,3,change_col,/,3,testing
4,wy,f,20,index,True,707340,710621,/,2.2,1.2,1.2,2.2,3,1,2,0,nochange_ori,z,0,testing
4,wy,f,20,index,True,715188,716157,z,4.2,4.2,0.7,0.7,0,1,3,2,nochange_ori,z,0,testing
4,wy,f,20,index,True,720899,721757,z,4.2,0.7,4.2,0.7,1,3,2,0,nochange_col,z,1,testing
4,wy,f,20,index,True,726425,727756,z,0.7,0.7,4.2,4.2,2,0,1,3,nochange_col,z,2,testing
4,wy,f,20,index,True,732386,733245,/,2.2,1.2,1.2,2.2,1,2,0,3,change_ori,/,1,testing
4,wy,f,20,index,True,737963,738893,/,2.2,2.2,0.7,0.7,1,3,2,0,change_ori,/,1,testing
4,wy,f,20,index,True,743474,744701,z,4.2,2.2,4.2,2.2,0,2,1,3,nochange_col,z,3,testing
4,wy,f,20,index,True,749435,750221,z,0.7,0.7,1.2,1.2,0,3,1,2,nochange_col,z,1,testing
4,wy,f,20,index,True,754912,756012,z,1.2,0.7,1.2,0.7,0,3,1,2,nochange_ori,z,3,testing
4,wy,f,20,index,True,760722,761741,/,2.2,2.2,0.7,0.7,2,3,1,0,change_col,/,3,testing
4,wy,f,20,index,True,766382,767405,/,0.7,0.7,2.2,2.2,0,3,2,1,change_col,/,0,testing
4,wy,f,20,index,True,772143,773309,/,1.2,0.7,0.7,1.2,3,2,0,1,change_col,/,2,testing
4,wy,f,20,index,True,778021,778924,z,4.2,0.7,0.7,4.2,3,0,1,2,nochange_ori,z,0,testing
4,wy,f,20,index,True,783648,784621,z,4.2,0.7,4.2,0.7,3,0,2,1,change_ori,/,1,testing
4,wy,f,20,index,True,789242,791884,/,1.2,2.2,2.2,1.2,2,1,3,0,change_ori,/,3,testing
4,wy,f,20,index,True,796455,797420,/,1.2,0.7,1.2,0.7,2,3,1,0,change_col,/,0,testing
4,wy,f,20,index,True,802098,803021,/,1.2,0.7,0.7,1.2,3,0,2,1,change_col,/,1,testing
4,wy,f,20,index,True,807591,808524,z,1.2,0.7,0.7,1.2,1,2,3,0,change_ori,/,2,testing
4,wy,f,20,index,True,813269,814413,z,4.2,2.2,2.2,4.2,3,1,0,2,nochange_col,z,3,testing
4,wy,f,20,index,True,819129,820285,z,4.2,1.2,4.2,1.2,1,2,3,0,nochange_ori,z,3,testing
4,wy,f,20,index,True,824890,826012,/,4.2,4.2,1.2,1.2,0,1,3,2,change_col,/,2,testing
4,wy,f,20,index,True,830768,831661,z,1.2,1.2,2.2,2.2,0,2,3,1,nochange_col,z,0,testing
4,wy,f,20,index,True,836278,837180,z,4.2,4.2,2.2,2.2,0,1,2,3,nochange_col,z,1,testing
4,wy,f,20,index,True,841838,843036,/,2.2,4.2,4.2,2.2,1,3,0,2,change_col,/,1,testing
4,wy,f,20,index,True,847666,849340,z,2.2,2.2,1.2,1.2,2,1,3,0,nochange_col,z,3,testing
4,wy,f,20,index,True,854060,854973,/,4.2,0.7,0.7,4.2,1,2,3,0,nochange_col,z,2,testing
4,wy,f,20,index,True,859654,861420,/,2.2,2.2,0.7,0.7,2,1,3,0,nochange_ori,z,1,testing
4,wy,f,20,index,True,866149,866733,z,4.2,0.7,0.7,4.2,2,3,1,0,nochange_col,z,2,testing
4,wy,f,20,index,True,871326,872764,z,4.2,4.2,0.7,0.7,0,1,3,2,nochange_ori,z,1,testing
4,wy,f,20,index,True,877420,878220,/,2.2,2.2,1.2,1.2,3,0,2,1,change_col,/,0,testing
4,wy,f,20,index,True,882880,884061,/,2.2,4.2,2.2,4.2,1,3,2,0,change_ori,/,3,testing
4,wy,f,20,index,True,888658,889581,z,0.7,0.7,1.2,1.2,1,2,0,3,nochange_col,z,3,testing
4,wy,f,20,index,True,894184,896092,/,1.2,1.2,0.7,0.7,1,2,3,0,change_ori,/,0,testing
4,wy,f,20,index,True,900863,902140,/,1.2,0.7,0.7,1.2,3,0,2,1,change_col,/,0,testing
4,wy,f,20,index,True,919464,920556,/,1.2,0.7,1.2,0.7,0,2,3,1,change_ori,/,2,testing
4,wy,f,20,index,True,925275,925981,/,2.2,2.2,0.7,0.7,3,1,2,0,change_col,/,2,testing
4,wy,f,20,index,True,930601,931340,z,4.2,4.2,0.7,0.7,0,3,2,1,nochange_col,z,1,testing
4,wy,f,20,index,True,935911,936668,/,1.2,0.7,1.2,0.7,1,3,2,0,change_col,/,3,testing
4,wy,f,20,index,True,941354,942541,/,2.2,2.2,0.7,0.7,2,1,0,3,change_col,/,0,testing
4,wy,f,20,index,True,947131,948044,/,0.7,2.2,2.2,0.7,0,3,2,1,change_col,/,3,testing
4,wy,f,20,index,True,952659,953516,z,4.2,0.7,4.2,0.7,2,3,1,0,nochange_ori,z,1,testing
4,wy,f,20,index,True,958236,959245,/,4.2,1.2,4.2,1.2,2,0,1,3,change_ori,/,2,testing
4,wy,f,20,index,True,963996,964876,/,4.2,4.2,1.2,1.2,2,0,1,3,change_ori,/,2,testing
4,wy,f,20,index,True,969456,970459,z,4.2,4.2,1.2,1.2,2,0,1,3,nochange_col,z,3,testing
4,wy,f,20,index,True,975066,975676,z,0.7,4.2,4.2,0.7,3,0,1,2,nochange_col,z,3,testing
4,wy,f,20,index,True,980292,981565,z,0.7,1.2,0.7,1.2,0,1,3,2,nochange_ori,z,2,testing
4,wy,f,20,index,True,986253,987869,/,0.7,1.2,0.7,1.2,0,1,3,2,change_ori,/,3,testing
4,wy,f,20,index,True,992548,993373,z,2.2,2.2,0.7,0.7,3,1,2,0,nochange_col,z,0,testing
4,wy,f,20,index,True,998059,999020,z,1.2,1.2,2.2,2.2,0,2,1,3,nochange_col,z,2,testing
4,wy,f,20,index,True,1003585,1004493,z,1.2,4.2,1.2,4.2,0,2,3,1,nochange_col,z,3,testing
4,wy,f,20,index,True,1009112,1010108,/,4.2,2.2,2.2,4.2,2,0,1,3,nochange_ori,z,3,testing
4,wy,f,20,index,True,1014839,1016525,/,4.2,2.2,4.2,2.2,3,1,0,2,change_ori,/,3,testing
4,wy,f,20,index,True,1021285,1022333,/,1.2,1.2,0.7,0.7,1,3,0,2,change_ori,/,0,testing
4,wy,f,20,index,True,1027079,1028125,z,0.7,0.7,4.2,4.2,1,2,0,3,change_col,/,0,testing
4,wy,f,20,index,True,1032806,1033693,z,2.2,0.7,0.7,2.2,2,3,0,1,nochange_ori,z,3,testing
4,wy,f,20,index,True,1038416,1039356,z,0.7,4.2,0.7,4.2,3,0,1,2,nochange_col,z,0,testing
4,wy,f,20,index,True,1043976,1044508,/,2.2,1.2,2.2,1.2,3,1,0,2,change_col,/,2,testing
4,wy,f,20,index,True,1049269,1050316,z,2.2,4.2,4.2,2.2,1,2,0,3,nochange_ori,z,0,testing
4,wy,f,20,index,True,1055063,1056156,z,0.7,0.7,2.2,2.2,3,2,1,0,nochange_col,z,1,testing
4,wy,f,20,index,True,1060724,1062125,z,4.2,4.2,0.7,0.7,3,0,2,1,nochange_ori,z,3,testing
4,wy,f,20,index,True,1066852,1067932,/,0.7,0.7,2.2,2.2,3,0,1,2,change_col,/,2,testing
4,wy,f,20,index,True,1072646,1073356,/,2.2,2.2,0.7,0.7,3,2,1,0,change_col,/,0,testing
4,wy,f,20,index,True,1078106,1079308,z,1.2,0.7,1.2,0.7,2,3,0,1,nochange_col,z,2,testing
4,wy,f,20,index,True,1083933,1084892,z,2.2,0.7,0.7,2.2,3,0,2,1,change_ori,/,3,testing
4,wy,f,20,index,True,1089477,1090364,z,2.2,2.2,1.2,1.2,3,1,0,2,nochange_col,z,0,testing
4,wy,f,20,index,True,1094987,1096108,/,2.2,0.7,2.2,0.7,0,2,3,1,change_col,/,3,testing
4,wy,f,20,index,True,1100698,1101596,/,1.2,2.2,2.2,1.2,3,1,2,0,change_col,/,1,testing
4,wy,f,20,index,True,1106308,1107292,z,0.7,0.7,4.2,4.2,3,1,0,2,nochange_ori,z,0,testing
4,wy,f,20,index,True,1111868,1112588,/,4.2,4.2,1.2,1.2,2,1,3,0,change_col,/,3,testing
4,wy,f,20,index,True,1117195,1118140,z,0.7,4.2,4.2,0.7,0,2,1,3,nochange_col,z,3,testing
4,wy,f,20,index,True,1122855,1123788,z,0.7,4.2,4.2,0.7,2,0,3,1,change_ori,/,2,testing
4,wy,f,20,index,True,1128432,1129500,z,1.2,1.2,4.2,4.2,3,2,1,0,nochange_ori,z,3,testing
4,wy,f,20,index,True,1134175,1135020,z,4.2,2.2,2.2,4.2,2,3,0,1,nochange_col,z,1,testing
4,wy,f,20,index,True,1139602,1140540,z,2.2,2.2,0.7,0.7,0,2,3,1,nochange_ori,z,0,testing
4,wy,f,20,index,True,1145212,1146140,/,0.7,4.2,4.2,0.7,2,1,0,3,nochange_col,z,3,testing
4,wy,f,20,index,True,1150873,1151644,z,0.7,0.7,4.2,4.2,1,2,0,3,nochange_ori,z,3,testing
4,wy,f,20,index,True,1156283,1157148,/,2.2,1.2,1.2,2.2,3,0,2,1,change_ori,/,1,testing
4,wy,f,20,index,True,1161827,1162972,z,0.7,0.7,2.2,2.2,3,0,1,2,nochange_ori,z,1,testing
4,wy,f,20,index,True,1167687,1168749,/,0.7,1.2,0.7,1.2,1,3,0,2,change_ori,/,0,testing
4,wy,f,20,index,True,1173314,1173949,z,0.7,0.7,1.2,1.2,2,3,1,0,nochange_col,z,1,testing
4,wy,f,20,index,True,1178541,1179900,/,4.2,1.2,4.2,1.2,2,1,3,0,change_ori,/,0,testing
4,wy,f,20,index,True,1184551,1185340,z,0.7,0.7,1.2,1.2,1,0,3,2,nochange_col,z,0,testing
4,wy,f,20,index,True,1190029,1190875,z,0.7,1.2,1.2,0.7,3,2,0,1,change_col,/,1,testing
4,wy,f,20,index,True,1195438,1196188,/,1.2,1.2,4.2,4.2,2,0,1,3,change_ori,/,0,testing
4,wy,f,20,index,True,1200832,1201804,/,0.7,0.7,2.2,2.2,3,1,2,0,change_ori,/,1,testing
4,wy,f,20,index,True,1206559,1207420,/,2.2,0.7,0.7,2.2,3,1,0,2,change_ori,/,0,testing
4,wy,f,20,index,True,1212102,1213548,/,0.7,1.2,0.7,1.2,2,3,0,1,change_ori,/,1,testing
4,wy,f,20,index,True,1218230,1219291,z,2.2,4.2,2.2,4.2,0,3,2,1,nochange_ori,z,0,testing
4,wy,f,20,index,True,1224024,1224780,/,0.7,1.2,0.7,1.2,3,2,1,0,change_col,/,1,testing
4,wy,f,20,index,True,1229535,1230875,z,4.2,0.7,4.2,0.7,3,2,1,0,nochange_ori,z,3,testing
4,wy,f,20,index,True,1235461,1237052,/,4.2,0.7,0.7,4.2,2,1,0,3,change_ori,/,3,testing
4,wy,f,20,index,True,1241723,1242716,z,1.2,0.7,0.7,1.2,0,2,3,1,nochange_ori,z,1,testing
4,wy,f,20,index,True,1247333,1248220,z,4.2,1.2,4.2,1.2,1,3,2,0,change_ori,/,0,testing
4,wy,f,20,index,True,1252944,1254044,z,2.2,4.2,4.2,2.2,0,2,1,3,nochange_ori,z,3,testing
4,wy,f,20,index,True,1258805,1259500,z,4.2,2.2,2.2,4.2,2,1,3,0,nochange_col,z,1,testing
4,wy,f,20,index,True,1264249,1265708,/,2.2,1.2,1.2,2.2,3,2,0,1,change_col,/,1,testing
4,wy,f,20,index,True,1270309,1271196,z,2.2,4.2,4.2,2.2,2,0,3,1,nochange_col,z,0,testing
4,wy,f,20,index,True,1275803,1276972,/,0.7,0.7,2.2,2.2,3,0,1,2,change_ori,/,1,testing
4,wy,f,20,index,True,1281597,1283052,/,0.7,4.2,4.2,0.7,3,2,0,1,change_col,/,3,testing
4,wy,f,20,index,True,1287708,1288764,z,0.7,0.7,2.2,2.2,1,2,0,3,nochange_col,z,2,testing
4,wy,f,20,index,True,1293452,1294028,z,2.2,2.2,0.7,0.7,0,3,2,1,nochange_col,z,3,testing
4,wy,f,20,index,True,1298695,1299388,z,1.2,4.2,4.2,1.2,1,2,3,0,nochange_col,z,0,testing
4,wy,f,20,index,True,1304122,1304844,z,2.2,2.2,4.2,4.2,1,3,2,0,nochange_ori,z,1,testing
4,wy,f,20,index,True,1309464,1310524,/,0.7,4.2,0.7,4.2,3,2,0,1,change_ori,/,0,testing
4,wy,f,20,index,True,1315225,1316604,/,4.2,4.2,1.2,1.2,0,2,3,1,change_col,/,3,testing
4,wy,f,20,index,True,1321287,1322379,/,0.7,4.2,4.2,0.7,0,1,3,2,change_col,/,0,testing
4,wy,f,20,index,True,1326980,1328125,/,2.2,2.2,1.2,1.2,2,0,3,1,change_col,/,1,testing
4,wy,f,20,index,True,1332807,1333852,/,0.7,2.2,2.2,0.7,0,3,1,2,change_col,/,3,testing
4,wy,f,20,index,True,1338435,1339148,/,0.7,0.7,1.2,1.2,3,0,1,2,change_col,/,3,testing
4,wy,f,20,index,True,1343761,1345404,z,0.7,4.2,0.7,4.2,3,1,0,2,nochange_ori,z,0,testing
4,wy,f,20,index,True,1350089,1350812,z,1.2,4.2,1.2,4.2,0,1,2,3,nochange_ori,z,1,testing
4,wy,f,20,index,True,1355466,1356236,z,4.2,0.7,4.2,0.7,2,1,0,3,nochange_ori,z,0,testing
4,wy,f,20,index,True,1360926,1362957,/,0.7,1.2,1.2,0.7,0,3,1,2,change_ori,/,0,testing
4,wy,f,20,index,True,1367521,1368300,z,2.2,1.2,2.2,1.2,0,2,3,1,nochange_ori,z,1,testing
