subj,name,gender,age,cond,P_resp,P_startTime,P_respTime,P_gotKey,sf1,sf2,sf3,sf4,ord_1,ord_2,ord_3,ord_4,task,correct_key,no_change,mode
4,wy,f,20,noindex,True,86883,87807,/,4.2,0.7,1.2,2.2,2,0,1,3,change_col,/,3,practice
4,wy,f,20,noindex,True,92410,93727,/,2.2,1.2,0.7,4.2,0,2,1,3,change_ori,/,0,practice
4,wy,f,20,noindex,True,98404,99552,z,0.7,4.2,1.2,2.2,0,1,3,2,nochange_ori,z,0,practice
4,wy,f,20,noindex,True,104266,105071,z,0.7,1.2,2.2,4.2,0,2,3,1,nochange_col,z,3,practice
4,wy,f,20,noindex,True,109709,110799,z,2.2,1.2,4.2,0.7,3,0,2,1,nochange_ori,z,2,practice
4,wy,f,20,noindex,True,115452,116224,z,1.2,2.2,0.7,4.2,1,3,2,0,nochange_ori,z,1,practice
4,wy,f,20,noindex,True,120979,122351,/,2.2,0.7,4.2,1.2,3,2,1,0,change_ori,/,1,practice
4,wy,f,20,noindex,True,127040,127935,/,0.7,1.2,2.2,4.2,0,3,1,2,change_col,/,3,practice
4,wy,f,20,noindex,True,132617,133566,/,2.2,1.2,4.2,0.7,3,0,1,2,change_ori,/,2,practice
4,wy,f,20,noindex,True,138227,138863,/,0.7,4.2,1.2,2.2,3,2,1,0,change_col,/,2,practice
4,wy,f,20,noindex,True,143537,144271,/,4.2,0.7,1.2,2.2,2,1,0,3,change_col,/,1,practice
4,wy,f,20,noindex,True,148864,149423,/,1.2,2.2,0.7,4.2,1,3,2,0,change_ori,/,1,practice
4,wy,f,20,noindex,True,154007,155391,z,1.2,4.2,0.7,2.2,2,0,3,1,nochange_col,z,1,practice
4,wy,f,20,noindex,True,160067,160911,z,4.2,0.7,2.2,1.2,0,3,2,1,nochange_ori,z,0,practice
4,wy,f,20,noindex,True,165578,166575,z,2.2,0.7,4.2,1.2,2,3,0,1,nochange_ori,z,2,practice
4,wy,f,20,noindex,True,171155,172303,/,0.7,4.2,1.2,2.2,3,0,2,1,change_ori,/,3,practice
4,wy,f,20,noindex,True,177032,177919,z,4.2,2.2,1.2,0.7,3,1,0,2,nochange_col,z,2,practice
4,wy,f,20,noindex,True,182609,183759,/,2.2,0.7,4.2,1.2,3,1,0,2,change_col,/,0,practice
4,wy,f,20,noindex,True,188486,189231,z,2.2,1.2,4.2,0.7,3,2,1,0,nochange_col,z,3,practice
4,wy,f,20,noindex,True,193946,194687,z,2.2,1.2,0.7,4.2,2,1,3,0,nochange_col,z,0,practice
4,wy,f,20,noindex,True,209659,210831,z,1.2,2.2,4.2,0.7,2,3,1,0,nochange_ori,z,0,testing
4,wy,f,20,noindex,True,215436,216863,/,0.7,2.2,4.2,1.2,0,3,2,1,change_ori,/,2,testing
4,wy,f,20,noindex,True,221614,222399,z,2.2,1.2,4.2,0.7,0,1,2,3,nochange_col,z,1,testing
4,wy,f,20,noindex,True,227057,228047,/,2.2,4.2,0.7,1.2,0,1,2,3,change_ori,/,3,testing
4,wy,f,20,noindex,True,232785,233822,z,2.2,4.2,1.2,0.7,3,2,0,1,nochange_ori,z,2,testing
4,wy,f,20,noindex,True,238495,239519,z,1.2,0.7,2.2,4.2,0,3,1,2,nochange_ori,z,3,testing
4,wy,f,20,noindex,True,244173,245327,/,2.2,4.2,1.2,0.7,1,0,2,3,change_col,/,2,testing
4,wy,f,20,noindex,True,249899,253503,/,0.7,4.2,1.2,2.2,0,3,2,1,change_ori,/,2,testing
4,wy,f,20,noindex,True,258064,259327,z,1.2,2.2,0.7,4.2,2,1,0,3,nochange_col,z,3,testing
4,wy,f,20,noindex,True,263975,264639,/,4.2,0.7,2.2,1.2,0,2,1,3,change_col,/,2,testing
4,wy,f,20,noindex,True,269302,270079,z,4.2,2.2,0.7,1.2,2,3,1,0,nochange_col,z,3,testing
4,wy,f,20,noindex,True,274812,275775,/,1.2,0.7,4.2,2.2,3,0,1,2,change_col,/,3,testing
4,wy,f,20,noindex,True,280439,281247,/,1.2,4.2,0.7,2.2,0,2,1,3,change_col,/,3,testing
4,wy,f,20,noindex,True,285883,286911,/,1.2,2.2,4.2,0.7,1,2,3,0,change_col,/,1,testing
4,wy,f,20,noindex,True,291476,292191,z,0.7,4.2,1.2,2.2,0,1,3,2,nochange_col,z,2,testing
4,wy,f,20,noindex,True,296886,297807,z,0.7,1.2,2.2,4.2,3,0,1,2,nochange_ori,z,0,testing
4,wy,f,20,noindex,True,302479,304270,z,1.2,4.2,0.7,2.2,0,2,3,1,nochange_col,z,2,testing
4,wy,f,20,noindex,True,309025,309663,z,0.7,2.2,4.2,1.2,0,1,3,2,nochange_col,z,2,testing
4,wy,f,20,noindex,True,314302,314911,z,4.2,0.7,1.2,2.2,0,1,3,2,nochange_col,z,1,testing
4,wy,f,20,noindex,True,319644,320703,z,0.7,4.2,2.2,1.2,1,2,3,0,nochange_col,z,1,testing
4,wy,f,20,noindex,True,325472,326399,z,2.2,1.2,0.7,4.2,1,2,0,3,nochange_col,z,3,testing
4,wy,f,20,noindex,True,331016,331951,z,4.2,2.2,0.7,1.2,2,0,1,3,nochange_col,z,1,testing
4,wy,f,20,noindex,True,336542,337263,z,1.2,4.2,0.7,2.2,1,0,3,2,nochange_col,z,1,testing
4,wy,f,20,noindex,True,342019,343679,/,1.2,4.2,2.2,0.7,1,0,3,2,change_col,/,0,testing
4,wy,f,20,noindex,True,348414,349966,z,0.7,4.2,2.2,1.2,0,2,3,1,change_ori,/,2,testing
4,wy,f,20,noindex,True,354725,355726,/,1.2,0.7,4.2,2.2,2,0,1,3,change_ori,/,1,testing
4,wy,f,20,noindex,True,360336,361022,z,1.2,4.2,0.7,2.2,1,0,3,2,nochange_col,z,3,testing
4,wy,f,20,noindex,True,365680,366447,z,0.7,2.2,4.2,1.2,3,0,1,2,nochange_col,z,0,testing
4,wy,f,20,noindex,True,371072,371743,/,1.2,2.2,0.7,4.2,3,1,2,0,change_col,/,2,testing
4,wy,f,20,noindex,True,376399,377102,z,4.2,2.2,1.2,0.7,2,0,1,3,nochange_ori,z,3,testing
4,wy,f,20,noindex,True,381725,382654,/,1.2,4.2,2.2,0.7,0,3,2,1,change_ori,/,3,testing
4,wy,f,20,noindex,True,387303,388831,z,1.2,0.7,4.2,2.2,1,2,3,0,nochange_ori,z,1,testing
4,wy,f,20,noindex,True,393563,394447,/,4.2,2.2,1.2,0.7,1,0,2,3,change_col,/,1,testing
4,wy,f,20,noindex,True,399041,399726,/,4.2,1.2,0.7,2.2,2,1,3,0,change_col,/,2,testing
4,wy,f,20,noindex,True,404384,405759,z,0.7,1.2,4.2,2.2,0,2,1,3,nochange_ori,z,1,testing
4,wy,f,20,noindex,True,410345,411775,/,4.2,1.2,2.2,0.7,0,1,2,3,change_ori,/,3,testing
4,wy,f,20,noindex,True,416355,417055,/,0.7,1.2,2.2,4.2,0,2,3,1,change_ori,/,2,testing
4,wy,f,20,noindex,True,421815,422655,/,0.7,4.2,2.2,1.2,3,1,0,2,change_col,/,0,testing
4,wy,f,20,noindex,True,427259,428127,/,1.2,2.2,4.2,0.7,0,1,2,3,change_ori,/,0,testing
4,wy,f,20,noindex,True,432803,434015,z,2.2,1.2,4.2,0.7,3,0,1,2,nochange_ori,z,0,testing
4,wy,f,20,noindex,True,438747,439742,z,2.2,4.2,0.7,1.2,2,1,0,3,nochange_col,z,3,testing
4,wy,f,20,noindex,True,444341,445518,/,2.2,1.2,0.7,4.2,2,1,3,0,change_ori,/,0,testing
4,wy,f,20,noindex,True,450218,451391,/,1.2,4.2,0.7,2.2,0,2,1,3,change_ori,/,0,testing
4,wy,f,20,noindex,True,456096,456974,z,1.2,4.2,0.7,2.2,2,3,0,1,nochange_col,z,0,testing
4,wy,f,20,noindex,True,461622,462782,z,0.7,2.2,1.2,4.2,3,0,1,2,nochange_col,z,2,testing
4,wy,f,20,noindex,True,467533,468911,/,1.2,0.7,4.2,2.2,3,2,0,1,change_col,/,0,testing
4,wy,f,20,noindex,True,473661,474335,/,0.7,4.2,1.2,2.2,1,0,2,3,change_ori,/,1,testing
4,wy,f,20,noindex,True,479071,479951,z,1.2,0.7,2.2,4.2,2,0,1,3,nochange_ori,z,3,testing
4,wy,f,20,noindex,True,484614,485438,/,2.2,0.7,1.2,4.2,2,3,1,0,change_ori,/,2,testing
4,wy,f,20,noindex,True,490108,491438,z,1.2,0.7,2.2,4.2,2,1,0,3,change_ori,/,3,testing
4,wy,f,20,noindex,True,496185,497039,z,2.2,1.2,4.2,0.7,2,1,3,0,nochange_ori,z,3,testing
4,wy,f,20,noindex,True,501796,502702,/,0.7,1.2,2.2,4.2,3,0,2,1,change_ori,/,2,testing
4,wy,f,20,noindex,True,507307,508095,/,2.2,0.7,1.2,4.2,3,2,0,1,change_col,/,3,testing
4,wy,f,20,noindex,True,512699,513630,z,1.2,0.7,4.2,2.2,3,0,1,2,nochange_ori,z,3,testing
4,wy,f,20,noindex,True,518210,519199,/,2.2,0.7,4.2,1.2,3,2,1,0,change_col,/,2,testing
4,wy,f,20,noindex,True,523787,524783,z,1.2,0.7,2.2,4.2,3,0,1,2,nochange_ori,z,2,testing
4,wy,f,20,noindex,True,529514,530494,z,1.2,4.2,2.2,0.7,1,3,2,0,nochange_col,z,3,testing
4,wy,f,20,noindex,True,535175,535934,/,0.7,1.2,4.2,2.2,1,3,2,0,change_col,/,3,testing
4,wy,f,20,noindex,True,540635,541518,z,0.7,4.2,2.2,1.2,3,1,2,0,nochange_ori,z,3,testing
4,wy,f,20,noindex,True,546227,547119,z,1.2,2.2,4.2,0.7,2,0,3,1,nochange_ori,z,1,testing
4,wy,f,20,noindex,True,551788,552639,/,4.2,2.2,1.2,0.7,1,3,2,0,change_col,/,0,testing
4,wy,f,20,noindex,True,557382,558303,/,4.2,2.2,0.7,1.2,1,0,2,3,change_col,/,0,testing
4,wy,f,20,noindex,True,563058,563887,/,0.7,4.2,1.2,2.2,3,1,2,0,change_col,/,0,testing
4,wy,f,20,noindex,True,568586,569246,z,2.2,4.2,1.2,0.7,2,1,0,3,nochange_col,z,0,testing
4,wy,f,20,noindex,True,573846,574670,/,2.2,1.2,4.2,0.7,2,3,1,0,change_ori,/,3,testing
4,wy,f,20,noindex,True,579306,580223,/,2.2,0.7,1.2,4.2,1,3,0,2,change_col,/,0,testing
4,wy,f,20,noindex,True,584916,585759,/,0.7,4.2,1.2,2.2,2,3,0,1,change_ori,/,0,testing
4,wy,f,20,noindex,True,590459,591215,/,4.2,1.2,2.2,0.7,0,3,1,2,change_col,/,0,testing
4,wy,f,20,noindex,True,595886,596766,/,4.2,1.2,0.7,2.2,1,3,2,0,change_ori,/,2,testing
4,wy,f,20,noindex,True,601413,602142,z,2.2,1.2,0.7,4.2,3,1,2,0,nochange_col,z,0,testing
4,wy,f,20,noindex,True,606789,607711,z,4.2,0.7,2.2,1.2,0,3,2,1,nochange_ori,z,2,testing
4,wy,f,20,noindex,True,612450,613535,z,1.2,2.2,4.2,0.7,3,2,1,0,nochange_col,z,3,testing
4,wy,f,20,noindex,True,618143,619662,z,1.2,2.2,0.7,4.2,1,3,0,2,nochange_ori,z,1,testing
4,wy,f,20,noindex,True,624389,625599,/,1.2,4.2,0.7,2.2,1,2,3,0,change_ori,/,3,testing
4,wy,f,20,noindex,True,630299,631518,z,2.2,0.7,1.2,4.2,0,1,2,3,nochange_ori,z,1,testing
4,wy,f,20,noindex,True,636226,637022,/,0.7,4.2,2.2,1.2,2,0,3,1,change_col,/,0,testing
4,wy,f,20,noindex,True,641754,642639,z,4.2,0.7,1.2,2.2,2,1,3,0,nochange_ori,z,3,testing
4,wy,f,20,noindex,True,647297,648847,/,2.2,4.2,1.2,0.7,0,1,3,2,change_ori,/,0,testing
4,wy,f,20,noindex,True,653542,654303,z,4.2,0.7,2.2,1.2,0,1,3,2,nochange_ori,z,1,testing
4,wy,f,20,noindex,True,658885,659726,z,1.2,2.2,0.7,4.2,1,0,3,2,nochange_ori,z,2,testing
4,wy,f,20,noindex,True,696504,697263,/,4.2,1.2,0.7,2.2,3,2,0,1,change_col,/,2,testing
4,wy,f,20,noindex,True,701931,702654,/,1.2,0.7,4.2,2.2,1,0,2,3,change_ori,/,0,testing
4,wy,f,20,noindex,True,707357,708622,z,2.2,1.2,0.7,4.2,1,0,3,2,nochange_ori,z,3,testing
4,wy,f,20,noindex,True,713318,713967,/,2.2,0.7,1.2,4.2,2,3,0,1,change_ori,/,2,testing
4,wy,f,20,noindex,True,718712,719583,/,1.2,0.7,2.2,4.2,1,2,0,3,change_col,/,3,testing
4,wy,f,20,noindex,True,724155,725807,/,2.2,1.2,0.7,4.2,0,3,1,2,change_ori,/,1,testing
4,wy,f,20,noindex,True,730516,732127,z,0.7,2.2,1.2,4.2,3,1,2,0,change_ori,/,0,testing
4,wy,f,20,noindex,True,736762,738511,/,4.2,1.2,2.2,0.7,1,2,0,3,change_ori,/,2,testing
4,wy,f,20,noindex,True,743207,744383,/,0.7,1.2,2.2,4.2,1,0,3,2,change_col,/,0,testing
4,wy,f,20,noindex,True,749017,749790,/,0.7,2.2,4.2,1.2,3,1,0,2,change_col,/,0,testing
4,wy,f,20,noindex,True,754461,755358,z,2.2,4.2,1.2,0.7,3,1,0,2,nochange_col,z,3,testing
4,wy,f,20,noindex,True,759971,760590,z,0.7,2.2,4.2,1.2,0,2,3,1,nochange_col,z,0,testing
4,wy,f,20,noindex,True,765348,766206,/,1.2,2.2,4.2,0.7,2,0,1,3,change_col,/,2,testing
4,wy,f,20,noindex,True,770841,771678,z,1.2,0.7,4.2,2.2,2,1,0,3,nochange_ori,z,2,testing
4,wy,f,20,noindex,True,776317,776927,/,0.7,2.2,4.2,1.2,1,0,3,2,change_col,/,0,testing
4,wy,f,20,noindex,True,781511,782590,z,4.2,1.2,0.7,2.2,2,1,0,3,nochange_ori,z,2,testing
4,wy,f,20,noindex,True,787187,788095,z,1.2,4.2,0.7,2.2,3,1,0,2,nochange_col,z,0,testing
4,wy,f,20,noindex,True,792682,793726,z,2.2,4.2,1.2,0.7,0,1,2,3,nochange_col,z,3,testing
4,wy,f,20,noindex,True,798325,799503,z,1.2,4.2,0.7,2.2,3,1,0,2,nochange_col,z,0,testing
4,wy,f,20,noindex,True,804086,804686,z,0.7,4.2,1.2,2.2,2,1,0,3,nochange_ori,z,0,testing
4,wy,f,20,noindex,True,809412,810318,z,2.2,0.7,1.2,4.2,2,3,1,0,nochange_col,z,1,testing
4,wy,f,20,noindex,True,815072,816046,z,2.2,0.7,4.2,1.2,3,0,2,1,nochange_col,z,1,testing
4,wy,f,20,noindex,True,820633,821182,/,4.2,0.7,1.2,2.2,3,0,1,2,change_col,/,2,testing
4,wy,f,20,noindex,True,825808,826478,/,4.2,0.7,1.2,2.2,0,1,2,3,change_col,/,2,testing
4,wy,f,20,noindex,True,831068,831598,z,1.2,2.2,4.2,0.7,3,2,1,0,nochange_col,z,0,testing
4,wy,f,20,noindex,True,836345,837598,z,4.2,1.2,2.2,0.7,0,3,2,1,nochange_ori,z,0,testing
4,wy,f,20,noindex,True,842306,843118,z,4.2,0.7,1.2,2.2,1,0,3,2,nochange_ori,z,0,testing
4,wy,f,20,noindex,True,847782,848526,/,4.2,2.2,0.7,1.2,3,2,1,0,change_col,/,1,testing
4,wy,f,20,noindex,True,853093,853839,/,4.2,2.2,1.2,0.7,0,3,1,2,change_ori,/,1,testing
4,wy,f,20,noindex,True,858469,859215,/,4.2,0.7,1.2,2.2,3,1,0,2,change_ori,/,1,testing
4,wy,f,20,noindex,True,863795,864430,/,0.7,2.2,1.2,4.2,2,0,3,1,change_ori,/,1,testing
4,wy,f,20,noindex,True,869021,870366,/,4.2,2.2,1.2,0.7,1,0,3,2,nochange_col,z,0,testing
4,wy,f,20,noindex,True,875032,875694,z,1.2,0.7,4.2,2.2,3,0,2,1,nochange_ori,z,0,testing
4,wy,f,20,noindex,True,880426,881326,/,4.2,0.7,1.2,2.2,2,3,0,1,change_ori,/,3,testing
4,wy,f,20,noindex,True,885986,886654,z,0.7,4.2,2.2,1.2,3,2,0,1,nochange_ori,z,1,testing
4,wy,f,20,noindex,True,891279,892189,/,4.2,0.7,1.2,2.2,3,1,2,0,change_ori,/,0,testing
4,wy,f,20,noindex,True,896939,897759,/,4.2,1.2,2.2,0.7,1,3,0,2,nochange_ori,z,1,testing
4,wy,f,20,noindex,True,902483,903391,z,1.2,4.2,2.2,0.7,1,2,3,0,nochange_col,z,1,testing
4,wy,f,20,noindex,True,907960,908798,/,4.2,2.2,0.7,1.2,1,0,2,3,change_col,/,3,testing
4,wy,f,20,noindex,True,913387,914015,/,1.2,2.2,4.2,0.7,0,2,3,1,change_ori,/,2,testing
4,wy,f,20,noindex,True,918579,919710,z,2.2,1.2,4.2,0.7,2,3,1,0,nochange_ori,z,2,testing
4,wy,f,20,noindex,True,924474,925391,z,4.2,1.2,2.2,0.7,0,1,3,2,nochange_ori,z,1,testing
4,wy,f,20,noindex,True,930117,931038,/,2.2,1.2,0.7,4.2,3,0,2,1,change_ori,/,0,testing
4,wy,f,20,noindex,True,935661,936654,/,4.2,1.2,0.7,2.2,1,0,2,3,change_col,/,1,testing
4,wy,f,20,noindex,True,941255,942029,z,1.2,0.7,4.2,2.2,2,3,0,1,nochange_ori,z,1,testing
4,wy,f,20,noindex,True,946598,948382,/,2.2,4.2,0.7,1.2,2,0,3,1,change_ori,/,2,testing
4,wy,f,20,noindex,True,953010,953694,/,1.2,4.2,0.7,2.2,3,2,1,0,change_ori,/,0,testing
4,wy,f,20,noindex,True,958319,958974,/,2.2,0.7,4.2,1.2,2,0,3,1,change_ori,/,0,testing
4,wy,f,20,noindex,True,963629,964446,z,0.7,4.2,2.2,1.2,0,3,2,1,nochange_col,z,0,testing
4,wy,f,20,noindex,True,969039,969694,/,2.2,4.2,0.7,1.2,0,3,2,1,change_col,/,1,testing
4,wy,f,20,noindex,True,974466,975551,z,0.7,4.2,1.2,2.2,1,0,3,2,nochange_ori,z,3,testing
4,wy,f,20,noindex,True,980209,980894,/,0.7,4.2,1.2,2.2,1,2,0,3,change_col,/,3,testing
4,wy,f,20,noindex,True,985586,986462,/,4.2,2.2,1.2,0.7,3,1,2,0,change_ori,/,1,testing
4,wy,f,20,noindex,True,991062,992206,z,2.2,0.7,4.2,1.2,1,2,0,3,nochange_col,z,1,testing
4,wy,f,20,noindex,True,996773,997582,z,4.2,0.7,2.2,1.2,0,3,2,1,nochange_ori,z,2,testing
4,wy,f,20,noindex,True,1002200,1003790,z,0.7,2.2,1.2,4.2,0,2,3,1,nochange_ori,z,1,testing
4,wy,f,20,noindex,True,1008461,1009134,z,4.2,1.2,2.2,0.7,3,0,1,2,nochange_col,z,3,testing
4,wy,f,20,noindex,True,1013721,1014382,z,2.2,0.7,4.2,1.2,1,0,3,2,nochange_col,z,0,testing
4,wy,f,20,noindex,True,1019031,1019807,/,4.2,1.2,2.2,0.7,2,3,1,0,change_ori,/,3,testing
4,wy,f,20,noindex,True,1024457,1025086,/,2.2,4.2,0.7,1.2,3,0,1,2,change_col,/,2,testing
4,wy,f,20,noindex,True,1029650,1030270,/,2.2,0.7,4.2,1.2,0,3,2,1,change_col,/,0,testing
4,wy,f,20,noindex,True,1035044,1035854,z,1.2,0.7,4.2,2.2,3,2,0,1,nochange_col,z,0,testing
4,wy,f,20,noindex,True,1040487,1041405,z,1.2,0.7,2.2,4.2,2,3,0,1,nochange_col,z,2,testing
4,wy,f,20,noindex,True,1045980,1046670,z,1.2,4.2,2.2,0.7,1,0,2,3,nochange_col,z,3,testing
4,wy,f,20,noindex,True,1051340,1052014,z,2.2,4.2,0.7,1.2,1,2,3,0,nochange_col,z,0,testing
4,wy,f,20,noindex,True,1056733,1057502,z,0.7,1.2,4.2,2.2,0,3,1,2,nochange_ori,z,1,testing
4,wy,f,20,noindex,True,1062160,1062942,/,2.2,4.2,1.2,0.7,3,0,2,1,change_ori,/,3,testing
4,wy,f,20,noindex,True,1067704,1068605,z,1.2,0.7,2.2,4.2,1,0,2,3,nochange_ori,z,1,testing
4,wy,f,20,noindex,True,1073230,1073998,/,1.2,2.2,0.7,4.2,0,1,3,2,change_col,/,3,testing
4,wy,f,20,noindex,True,1078657,1079694,z,2.2,0.7,1.2,4.2,3,1,0,2,nochange_ori,z,3,testing
4,wy,f,20,noindex,True,1084401,1085038,z,1.2,4.2,2.2,0.7,0,2,3,1,nochange_col,z,1,testing
4,wy,f,20,noindex,True,1089761,1090462,z,2.2,1.2,4.2,0.7,0,3,1,2,nochange_col,z,1,testing
4,wy,f,20,noindex,True,1095187,1096222,/,0.7,2.2,1.2,4.2,1,0,2,3,change_ori,/,3,testing
4,wy,f,20,noindex,True,1100915,1101853,/,0.7,4.2,1.2,2.2,3,2,0,1,change_col,/,1,testing
4,wy,f,20,noindex,True,1106492,1107437,/,4.2,2.2,0.7,1.2,2,0,1,3,change_col,/,3,testing
4,wy,f,20,noindex,True,1112052,1113022,z,2.2,4.2,0.7,1.2,3,0,2,1,nochange_ori,z,1,testing
4,wy,f,20,noindex,True,1117645,1118462,/,2.2,4.2,0.7,1.2,3,0,2,1,change_col,/,1,testing
4,wy,f,20,noindex,True,1123155,1123933,/,4.2,1.2,2.2,0.7,3,1,2,0,change_ori,/,3,testing
4,wy,f,20,noindex,True,1128633,1129438,z,0.7,1.2,4.2,2.2,3,1,0,2,nochange_ori,z,0,testing
4,wy,f,20,noindex,True,1134192,1134782,/,2.2,0.7,4.2,1.2,3,2,0,1,change_col,/,3,testing
