subj,name,gender,age,cond,P_resp,P_startTime,P_respTime,P_gotKey,sf1,sf2,sf3,sf4,ord_1,ord_2,ord_3,ord_4,task,correct_key,no_change,mode
5,wzy,f,20,index,True,43020,44237,z,1.2,1.2,0.7,0.7,3,2,1,0,nochange_col,z,0,practice
5,wzy,f,20,index,True,48864,50172,/,4.2,0.7,0.7,4.2,1,2,0,3,change_ori,/,2,practice
5,wzy,f,20,index,True,54908,55756,z,2.2,2.2,0.7,0.7,0,1,2,3,nochange_col,z,1,practice
5,wzy,f,20,index,True,60334,61004,/,1.2,0.7,1.2,0.7,1,2,0,3,change_col,/,3,practice
5,wzy,f,20,index,True,65594,66573,z,0.7,1.2,0.7,1.2,1,0,3,2,nochange_ori,z,2,practice
5,wzy,f,20,index,True,71322,72237,/,1.2,1.2,0.7,0.7,1,2,0,3,change_ori,/,1,practice
5,wzy,f,20,index,True,76965,77804,z,2.2,0.7,0.7,2.2,0,1,2,3,nochange_col,z,2,practice
5,wzy,f,20,index,True,82392,83788,z,1.2,2.2,1.2,2.2,3,2,1,0,nochange_ori,z,2,practice
5,wzy,f,20,index,True,88520,89340,/,0.7,4.2,0.7,4.2,3,1,2,0,change_ori,/,1,practice
5,wzy,f,20,index,True,93930,95037,z,4.2,1.2,4.2,1.2,1,0,2,3,nochange_ori,z,0,practice
5,wzy,f,20,index,True,99623,100972,/,2.2,2.2,4.2,4.2,3,0,2,1,change_ori,/,2,practice
5,wzy,f,20,index,True,105568,106237,z,1.2,2.2,1.2,2.2,0,1,2,3,nochange_col,z,2,practice
5,wzy,f,20,index,True,110928,111707,/,1.2,1.2,2.2,2.2,1,3,0,2,change_col,/,0,practice
5,wzy,f,20,index,True,116287,117229,/,0.7,0.7,4.2,4.2,0,2,3,1,change_col,/,1,practice
5,wzy,f,20,index,True,121931,123149,z,0.7,4.2,0.7,4.2,3,0,1,2,nochange_ori,z,0,practice
5,wzy,f,20,index,True,127792,128796,z,2.2,4.2,2.2,4.2,0,2,3,1,nochange_ori,z,2,practice
5,wzy,f,20,index,True,133486,134220,/,1.2,1.2,0.7,0.7,1,2,0,3,change_col,/,2,practice
5,wzy,f,20,index,True,138929,140204,/,0.7,2.2,0.7,2.2,2,1,0,3,change_col,/,1,practice
5,wzy,f,20,index,True,144940,148157,/,1.2,2.2,2.2,1.2,2,3,0,1,change_ori,/,3,practice
5,wzy,f,20,index,True,152888,156300,z,4.2,2.2,4.2,2.2,1,0,2,3,nochange_col,z,2,practice
5,wzy,f,20,index,True,191777,193069,/,4.2,4.2,0.7,0.7,1,3,0,2,change_ori,/,3,testing
5,wzy,f,20,index,True,197837,198781,/,0.7,1.2,1.2,0.7,3,2,0,1,change_ori,/,1,testing
5,wzy,f,20,index,True,203414,215004,/,0.7,0.7,1.2,1.2,2,1,0,3,change_ori,/,1,testing
5,wzy,f,20,index,True,219594,220972,z,2.2,4.2,4.2,2.2,3,2,0,1,nochange_col,z,0,testing
5,wzy,f,20,index,True,225555,226813,/,4.2,1.2,1.2,4.2,1,0,2,3,change_ori,/,0,testing
5,wzy,f,20,index,True,231483,233516,z,2.2,4.2,2.2,4.2,2,1,0,3,nochange_ori,z,0,testing
5,wzy,f,20,index,True,238229,240876,z,1.2,1.2,0.7,0.7,2,3,0,1,nochange_col,z,0,testing
5,wzy,f,20,index,True,245609,249980,/,2.2,2.2,1.2,1.2,0,1,2,3,change_ori,/,2,testing
5,wzy,f,20,index,True,254743,255693,/,2.2,1.2,2.2,1.2,0,1,3,2,change_ori,/,0,testing
5,wzy,f,20,index,True,260453,261132,/,4.2,4.2,0.7,0.7,0,1,2,3,change_col,/,3,testing
5,wzy,f,20,index,True,265813,266956,z,4.2,1.2,1.2,4.2,3,0,1,2,nochange_col,z,3,testing
5,wzy,f,20,index,True,271640,274587,z,2.2,1.2,2.2,1.2,1,2,3,0,nochange_col,z,2,testing
5,wzy,f,20,index,True,279204,282540,z,1.2,1.2,0.7,0.7,0,2,3,1,nochange_col,z,0,testing
5,wzy,f,20,index,True,287286,291564,/,1.2,1.2,2.2,2.2,3,2,0,1,nochange_col,z,2,testing
5,wzy,f,20,index,True,296152,296860,/,0.7,2.2,0.7,2.2,0,3,1,2,change_col,/,1,testing
5,wzy,f,20,index,True,301428,301980,/,4.2,4.2,1.2,1.2,1,2,3,0,change_col,/,1,testing
5,wzy,f,20,index,True,306655,307499,z,4.2,4.2,0.7,0.7,1,2,0,3,nochange_ori,z,3,testing
5,wzy,f,20,index,True,312181,312956,/,0.7,2.2,0.7,2.2,1,0,3,2,change_col,/,0,testing
5,wzy,f,20,index,True,317558,318524,/,1.2,2.2,2.2,1.2,2,0,3,1,change_ori,/,1,testing
5,wzy,f,20,index,True,323118,323884,z,2.2,2.2,0.7,0.7,0,2,1,3,nochange_col,z,3,testing
5,wzy,f,20,index,True,328561,329675,z,2.2,0.7,0.7,2.2,1,0,3,2,nochange_ori,z,0,testing
5,wzy,f,20,index,True,334389,335037,/,2.2,2.2,1.2,1.2,0,3,2,1,change_col,/,0,testing
5,wzy,f,20,index,True,339715,340684,/,1.2,2.2,2.2,1.2,1,0,3,2,change_ori,/,0,testing
5,wzy,f,20,index,True,345409,346587,z,1.2,2.2,2.2,1.2,0,3,2,1,nochange_col,z,1,testing
5,wzy,f,20,index,True,351237,352012,/,4.2,4.2,1.2,1.2,2,0,3,1,change_col,/,2,testing
5,wzy,f,20,index,True,356596,357500,/,0.7,0.7,2.2,2.2,0,1,2,3,change_ori,/,3,testing
5,wzy,f,20,index,True,362190,363741,z,1.2,1.2,4.2,4.2,2,3,0,1,nochange_ori,z,1,testing
5,wzy,f,20,index,True,368418,369052,/,0.7,1.2,0.7,1.2,2,1,3,0,change_col,/,0,testing
5,wzy,f,20,index,True,373794,374860,z,2.2,1.2,2.2,1.2,0,3,1,2,nochange_ori,z,1,testing
5,wzy,f,20,index,True,379421,380684,z,0.7,1.2,1.2,0.7,0,1,3,2,nochange_ori,z,0,testing
5,wzy,f,20,index,True,385415,386459,/,4.2,1.2,4.2,1.2,0,3,2,1,change_col,/,3,testing
5,wzy,f,20,index,True,391077,391932,z,0.7,4.2,0.7,4.2,2,3,0,1,nochange_col,z,0,testing
5,wzy,f,20,index,True,396570,397533,/,2.2,0.7,0.7,2.2,0,3,2,1,change_ori,/,2,testing
5,wzy,f,20,index,True,402197,403388,z,0.7,2.2,2.2,0.7,1,0,3,2,nochange_ori,z,1,testing
5,wzy,f,20,index,True,408024,408701,/,1.2,2.2,1.2,2.2,2,0,1,3,change_col,/,0,testing
5,wzy,f,20,index,True,413401,414157,z,1.2,1.2,0.7,0.7,0,1,2,3,nochange_col,z,0,testing
5,wzy,f,20,index,True,418727,419436,/,0.7,2.2,2.2,0.7,0,3,1,2,change_col,/,0,testing
5,wzy,f,20,index,True,424003,425468,z,1.2,4.2,4.2,1.2,2,0,3,1,nochange_ori,z,3,testing
5,wzy,f,20,index,True,430115,430988,z,1.2,0.7,0.7,1.2,3,1,0,2,nochange_col,z,3,testing
5,wzy,f,20,index,True,435675,436556,/,4.2,2.2,4.2,2.2,3,0,2,1,change_ori,/,1,testing
5,wzy,f,20,index,True,441202,442204,/,0.7,0.7,4.2,4.2,1,3,0,2,change_col,/,1,testing
5,wzy,f,20,index,True,446912,447820,z,2.2,1.2,1.2,2.2,2,0,1,3,nochange_col,z,3,testing
5,wzy,f,20,index,True,452556,453100,/,1.2,2.2,2.2,1.2,3,2,1,0,change_col,/,1,testing
5,wzy,f,20,index,True,457665,458300,/,0.7,1.2,1.2,0.7,2,3,0,1,change_ori,/,0,testing
5,wzy,f,20,index,True,463059,463900,z,1.2,1.2,0.7,0.7,0,2,3,1,nochange_ori,z,2,testing
5,wzy,f,20,index,True,468653,469724,/,2.2,0.7,2.2,0.7,3,2,0,1,change_ori,/,1,testing
5,wzy,f,20,index,True,474296,475500,z,1.2,1.2,4.2,4.2,1,3,2,0,nochange_ori,z,1,testing
5,wzy,f,20,index,True,480107,481164,z,4.2,4.2,0.7,0.7,1,3,0,2,nochange_ori,z,0,testing
5,wzy,f,20,index,True,485734,486924,z,0.7,2.2,2.2,0.7,1,2,0,3,nochange_ori,z,1,testing
5,wzy,f,20,index,True,491594,492444,/,4.2,4.2,0.7,0.7,3,0,1,2,change_ori,/,2,testing
5,wzy,f,20,index,True,497188,497852,/,0.7,0.7,2.2,2.2,0,2,1,3,change_col,/,0,testing
5,wzy,f,20,index,True,502448,502988,/,4.2,0.7,4.2,0.7,0,1,2,3,change_col,/,3,testing
5,wzy,f,20,index,True,507641,508444,z,1.2,2.2,2.2,1.2,1,0,2,3,nochange_col,z,3,testing
5,wzy,f,20,index,True,513134,513740,z,1.2,4.2,1.2,4.2,1,2,0,3,nochange_col,z,2,testing
5,wzy,f,20,index,True,518477,520012,z,2.2,2.2,1.2,1.2,3,2,1,0,nochange_ori,z,0,testing
5,wzy,f,20,index,True,524621,525276,z,2.2,0.7,0.7,2.2,0,3,2,1,nochange_col,z,3,testing
5,wzy,f,20,index,True,530048,531004,z,2.2,1.2,2.2,1.2,0,2,3,1,nochange_col,z,0,testing
5,wzy,f,20,index,True,535675,536348,z,1.2,2.2,2.2,1.2,0,1,3,2,nochange_col,z,1,testing
5,wzy,f,20,index,True,540968,541468,z,0.7,0.7,1.2,1.2,0,3,1,2,nochange_ori,z,3,testing
5,wzy,f,20,index,True,546061,547164,/,2.2,2.2,4.2,4.2,0,3,1,2,change_ori,/,3,testing
5,wzy,f,20,index,True,551872,552780,z,4.2,2.2,2.2,4.2,0,3,2,1,nochange_ori,z,1,testing
5,wzy,f,20,index,True,557415,558188,/,2.2,4.2,4.2,2.2,3,1,0,2,change_col,/,2,testing
5,wzy,f,20,index,True,562842,563932,z,2.2,0.7,0.7,2.2,0,3,2,1,nochange_ori,z,2,testing
5,wzy,f,20,index,True,568620,569484,z,1.2,1.2,4.2,4.2,0,1,3,2,nochange_ori,z,0,testing
5,wzy,f,20,index,True,574079,574860,z,1.2,1.2,0.7,0.7,3,0,1,2,nochange_ori,z,1,testing
5,wzy,f,20,index,True,579573,580380,z,2.2,4.2,4.2,2.2,0,1,3,2,nochange_ori,z,2,testing
5,wzy,f,20,index,True,584983,585772,/,2.2,2.2,1.2,1.2,0,2,1,3,change_ori,/,0,testing
5,wzy,f,20,index,True,590527,591196,/,4.2,4.2,0.7,0.7,0,2,1,3,change_col,/,1,testing
5,wzy,f,20,index,True,595787,596828,/,1.2,0.7,1.2,0.7,2,3,1,0,change_col,/,1,testing
5,wzy,f,20,index,True,601580,603291,/,0.7,1.2,0.7,1.2,3,0,1,2,change_ori,/,3,testing
5,wzy,f,20,index,True,608042,608780,/,4.2,0.7,4.2,0.7,3,0,1,2,change_col,/,3,testing
5,wzy,f,20,index,True,613502,616012,/,0.7,4.2,0.7,4.2,3,1,2,0,nochange_col,z,0,testing
5,wzy,f,20,index,True,620715,622284,/,1.2,2.2,2.2,1.2,2,1,0,3,change_ori,/,2,testing
5,wzy,f,20,index,True,626960,627868,z,1.2,2.2,2.2,1.2,2,3,1,0,nochange_ori,z,3,testing
5,wzy,f,20,index,True,632554,634156,/,0.7,4.2,4.2,0.7,3,0,2,1,change_ori,/,0,testing
5,wzy,f,20,index,True,638765,639420,/,1.2,2.2,2.2,1.2,1,3,2,0,change_col,/,3,testing
5,wzy,f,20,index,True,644142,644940,z,1.2,0.7,1.2,0.7,2,3,0,1,nochange_col,z,3,testing
5,wzy,f,20,index,True,649652,650396,/,2.2,2.2,0.7,0.7,3,2,0,1,change_ori,/,0,testing
5,wzy,f,20,index,True,655079,655915,z,2.2,2.2,0.7,0.7,1,2,3,0,nochange_col,z,2,testing
5,wzy,f,20,index,True,660505,661116,/,1.2,4.2,4.2,1.2,2,1,3,0,change_col,/,3,testing
5,wzy,f,20,index,True,717861,718635,/,1.2,2.2,2.2,1.2,2,1,3,0,change_col,/,1,testing
5,wzy,f,20,index,True,723404,724331,/,4.2,2.2,2.2,4.2,3,0,2,1,nochange_col,z,3,testing
5,wzy,f,20,index,True,728948,729995,/,1.2,2.2,2.2,1.2,0,2,3,1,change_col,/,0,testing
5,wzy,f,20,index,True,734742,736076,/,1.2,4.2,1.2,4.2,3,1,0,2,change_ori,/,0,testing
5,wzy,f,20,index,True,740820,741484,/,1.2,4.2,4.2,1.2,2,0,3,1,change_col,/,1,testing
5,wzy,f,20,index,True,746230,747003,z,1.2,2.2,1.2,2.2,3,1,0,2,nochange_col,z,3,testing
5,wzy,f,20,index,True,751622,752812,/,4.2,2.2,2.2,4.2,2,0,1,3,change_ori,/,1,testing
5,wzy,f,20,index,True,757567,758732,z,0.7,0.7,4.2,4.2,3,0,2,1,nochange_ori,z,2,testing
5,wzy,f,20,index,True,763344,764252,z,0.7,2.2,2.2,0.7,1,3,0,2,nochange_col,z,1,testing
5,wzy,f,20,index,True,768855,770188,/,1.2,1.2,0.7,0.7,3,2,1,0,change_ori,/,3,testing
5,wzy,f,20,index,True,774832,776364,z,0.7,0.7,4.2,4.2,1,3,0,2,nochange_ori,z,1,testing
5,wzy,f,20,index,True,780944,782092,z,0.7,0.7,2.2,2.2,1,3,0,2,nochange_ori,z,1,testing
5,wzy,f,20,index,True,786804,787915,/,0.7,0.7,4.2,4.2,0,2,3,1,change_col,/,2,testing
5,wzy,f,20,index,True,792598,793468,/,0.7,4.2,0.7,4.2,3,2,0,1,change_ori,/,2,testing
5,wzy,f,20,index,True,798125,798828,/,0.7,1.2,0.7,1.2,0,1,3,2,change_col,/,3,testing
5,wzy,f,20,index,True,803418,805004,/,1.2,4.2,1.2,4.2,0,1,2,3,change_ori,/,2,testing
5,wzy,f,20,index,True,809713,810620,/,1.2,1.2,2.2,2.2,0,1,3,2,change_ori,/,3,testing
5,wzy,f,20,index,True,815340,817132,/,0.7,4.2,4.2,0.7,1,0,3,2,change_col,/,3,testing
5,wzy,f,20,index,True,821786,822924,z,4.2,0.7,4.2,0.7,1,2,0,3,nochange_col,z,1,testing
5,wzy,f,20,index,True,827629,828379,/,0.7,4.2,0.7,4.2,1,3,0,2,change_ori,/,3,testing
5,wzy,f,20,index,True,832989,834476,/,2.2,4.2,2.2,4.2,0,3,1,2,change_col,/,2,testing
5,wzy,f,20,index,True,839184,839980,z,0.7,4.2,0.7,4.2,3,2,1,0,nochange_col,z,3,testing
5,wzy,f,20,index,True,844578,845755,/,1.2,1.2,0.7,0.7,3,0,1,2,change_ori,/,0,testing
5,wzy,f,20,index,True,850337,851068,z,1.2,4.2,4.2,1.2,1,2,0,3,nochange_col,z,3,testing
5,wzy,f,20,index,True,855731,856764,z,0.7,2.2,2.2,0.7,2,0,3,1,nochange_ori,z,0,testing
5,wzy,f,20,index,True,861508,862395,z,2.2,2.2,4.2,4.2,0,3,2,1,nochange_col,z,2,testing
5,wzy,f,20,index,True,867001,867564,/,0.7,0.7,4.2,4.2,3,2,0,1,change_col,/,1,testing
5,wzy,f,20,index,True,872278,873036,z,2.2,2.2,4.2,4.2,3,1,2,0,nochange_col,z,1,testing
5,wzy,f,20,index,True,877721,878268,z,4.2,4.2,0.7,0.7,1,2,3,0,nochange_ori,z,3,testing
5,wzy,f,20,index,True,882997,883692,z,2.2,4.2,2.2,4.2,2,3,0,1,nochange_col,z,3,testing
5,wzy,f,20,index,True,888374,889388,z,0.7,0.7,4.2,4.2,2,3,1,0,nochange_ori,z,0,testing
5,wzy,f,20,index,True,893952,894716,z,0.7,1.2,1.2,0.7,1,0,3,2,nochange_ori,z,0,testing
5,wzy,f,20,index,True,899445,900220,/,0.7,2.2,2.2,0.7,2,0,3,1,change_ori,/,0,testing
5,wzy,f,20,index,True,904921,905995,/,2.2,4.2,2.2,4.2,2,1,0,3,change_col,/,2,testing
5,wzy,f,20,index,True,910616,911499,z,1.2,0.7,0.7,1.2,0,3,2,1,nochange_ori,z,1,testing
5,wzy,f,20,index,True,916243,917787,/,1.2,1.2,2.2,2.2,3,2,0,1,change_ori,/,3,testing
5,wzy,f,20,index,True,922370,924331,/,2.2,0.7,2.2,0.7,1,3,0,2,change_ori,/,2,testing
5,wzy,f,20,index,True,929066,929932,/,2.2,2.2,4.2,4.2,1,0,2,3,change_col,/,3,testing
5,wzy,f,20,index,True,934526,935675,z,0.7,0.7,2.2,2.2,3,0,1,2,nochange_ori,z,3,testing
5,wzy,f,20,index,True,940420,941116,z,0.7,2.2,2.2,0.7,3,1,0,2,nochange_col,z,3,testing
5,wzy,f,20,index,True,945829,946700,z,0.7,4.2,4.2,0.7,2,0,1,3,nochange_col,z,1,testing
5,wzy,f,20,index,True,951307,951835,z,2.2,2.2,0.7,0.7,1,3,2,0,nochange_col,z,3,testing
5,wzy,f,20,index,True,956416,957724,/,2.2,0.7,2.2,0.7,2,3,1,0,change_ori,/,2,testing
5,wzy,f,20,index,True,962477,963515,/,1.2,0.7,1.2,0.7,1,0,2,3,change_col,/,1,testing
5,wzy,f,20,index,True,968221,968907,z,0.7,2.2,0.7,2.2,3,2,1,0,nochange_col,z,2,testing
5,wzy,f,20,index,True,973664,974732,/,4.2,4.2,2.2,2.2,1,0,2,3,change_ori,/,0,testing
5,wzy,f,20,index,True,979341,980076,/,0.7,1.2,0.7,1.2,0,3,2,1,change_col,/,3,testing
5,wzy,f,20,index,True,984668,985083,/,1.2,4.2,1.2,4.2,3,2,0,1,change_col,/,1,testing
5,wzy,f,20,index,True,989844,990364,/,0.7,2.2,2.2,0.7,2,1,0,3,change_col,/,2,testing
5,wzy,f,20,index,True,995104,996011,/,1.2,1.2,0.7,0.7,2,3,0,1,change_col,/,3,testing
5,wzy,f,20,index,True,1000648,1001451,z,2.2,1.2,1.2,2.2,2,1,3,0,nochange_col,z,1,testing
5,wzy,f,20,index,True,1006108,1007179,z,4.2,1.2,4.2,1.2,0,3,1,2,nochange_ori,z,3,testing
5,wzy,f,20,index,True,1011851,1012524,/,4.2,4.2,1.2,1.2,1,3,2,0,change_ori,/,3,testing
5,wzy,f,20,index,True,1017127,1018732,/,2.2,4.2,4.2,2.2,1,3,0,2,nochange_col,z,0,testing
5,wzy,f,20,index,True,1023339,1024123,z,1.2,2.2,1.2,2.2,1,2,3,0,nochange_ori,z,3,testing
5,wzy,f,20,index,True,1028699,1029099,/,2.2,0.7,0.7,2.2,1,0,3,2,change_col,/,3,testing
5,wzy,f,20,index,True,1033826,1034780,z,1.2,2.2,1.2,2.2,3,0,1,2,nochange_ori,z,1,testing
5,wzy,f,20,index,True,1039369,1039820,/,4.2,2.2,4.2,2.2,3,2,0,1,change_col,/,2,testing
5,wzy,f,20,index,True,1044395,1045116,/,2.2,1.2,1.2,2.2,1,0,2,3,change_ori,/,2,testing
5,wzy,f,20,index,True,1049754,1050684,z,1.2,1.2,2.2,2.2,1,2,3,0,nochange_ori,z,2,testing
5,wzy,f,20,index,True,1055331,1056108,z,0.7,2.2,0.7,2.2,1,0,3,2,nochange_col,z,3,testing
5,wzy,f,20,index,True,1060725,1061660,/,4.2,0.7,4.2,0.7,3,2,0,1,change_ori,/,3,testing
5,wzy,f,20,index,True,1066318,1067755,z,0.7,2.2,2.2,0.7,3,2,1,0,nochange_ori,z,1,testing
5,wzy,f,20,index,True,1072446,1073099,/,1.2,4.2,1.2,4.2,0,2,3,1,change_col,/,2,testing
5,wzy,f,20,index,True,1077756,1078683,/,1.2,2.2,1.2,2.2,3,2,1,0,change_ori,/,0,testing
5,wzy,f,20,index,True,1083416,1084412,z,1.2,2.2,1.2,2.2,0,1,3,2,nochange_ori,z,3,testing
5,wzy,f,20,index,True,1089027,1089772,/,1.2,0.7,1.2,0.7,2,0,1,3,change_ori,/,0,testing
5,wzy,f,20,index,True,1094386,1095163,z,0.7,0.7,1.2,1.2,2,3,0,1,nochange_col,z,0,testing
5,wzy,f,20,index,True,1099864,1100412,z,0.7,0.7,4.2,4.2,1,0,2,3,nochange_col,z,1,testing
5,wzy,f,20,index,True,1105173,1106444,z,4.2,4.2,0.7,0.7,1,0,3,2,nochange_col,z,2,testing
5,wzy,f,20,index,True,1111167,1111900,z,1.2,0.7,0.7,1.2,1,0,3,2,change_ori,/,3,testing
5,wzy,f,20,index,True,1116627,1117626,z,1.2,4.2,1.2,4.2,3,0,1,2,nochange_ori,z,0,testing
5,wzy,f,20,index,True,1122254,1122732,/,2.2,1.2,1.2,2.2,0,1,2,3,change_col,/,1,testing
5,wzy,f,20,index,True,1127497,1128011,/,2.2,2.2,4.2,4.2,1,0,2,3,change_col,/,2,testing
5,wzy,f,20,index,True,1132757,1133612,z,2.2,4.2,4.2,2.2,3,2,1,0,nochange_ori,z,2,testing
5,wzy,f,20,index,True,1138318,1139227,z,1.2,1.2,2.2,2.2,2,1,0,3,nochange_ori,z,2,testing
5,wzy,f,20,index,True,1143861,1144715,/,1.2,4.2,1.2,4.2,1,2,0,3,change_ori,/,3,testing
5,wzy,f,20,index,True,1149304,1150059,/,4.2,4.2,0.7,0.7,2,3,1,0,nochange_ori,z,3,testing
5,wzy,f,20,index,True,1154731,1155291,z,4.2,4.2,0.7,0.7,1,2,0,3,nochange_col,z,2,testing
5,wzy,f,20,index,True,1159941,1160923,z,0.7,4.2,4.2,0.7,1,2,0,3,nochange_ori,z,0,testing
