subj,name,gender,age,cond,P_resp,P_startTime,P_respTime,P_gotKey,sf1,sf2,sf3,sf4,ord_1,ord_2,ord_3,ord_4,task,correct_key,no_change,mode
5,wzy,f,20,noindex,True,228629,229911,/,0.7,2.2,1.2,4.2,2,1,0,3,change_col,/,1,practice
5,wzy,f,20,noindex,True,234474,236615,z,1.2,0.7,4.2,2.2,3,0,2,1,nochange_col,z,3,practice
5,wzy,f,20,noindex,True,241369,244615,/,1.2,4.2,2.2,0.7,0,1,3,2,nochange_ori,z,1,practice
5,wzy,f,20,noindex,True,249217,250247,/,1.2,0.7,4.2,2.2,0,3,2,1,change_ori,/,3,practice
5,wzy,f,20,noindex,True,254945,255959,/,4.2,0.7,1.2,2.2,3,0,2,1,change_col,/,3,practice
5,wzy,f,20,noindex,True,260588,263591,z,4.2,1.2,2.2,0.7,2,0,1,3,nochange_ori,z,0,practice
5,wzy,f,20,noindex,True,268168,269031,/,4.2,2.2,0.7,1.2,0,1,3,2,change_col,/,3,practice
5,wzy,f,20,noindex,True,273696,275448,z,1.2,4.2,0.7,2.2,0,2,3,1,nochange_col,z,0,practice
5,wzy,f,20,noindex,True,280091,281959,/,4.2,0.7,1.2,2.2,1,3,0,2,change_ori,/,2,practice
5,wzy,f,20,noindex,True,286619,287432,/,2.2,1.2,4.2,0.7,3,2,1,0,change_col,/,2,practice
5,wzy,f,20,noindex,True,292197,293495,/,4.2,1.2,2.2,0.7,1,0,2,3,change_ori,/,3,practice
5,wzy,f,20,noindex,True,298224,299144,z,2.2,4.2,1.2,0.7,1,0,2,3,nochange_ori,z,0,practice
5,wzy,f,20,noindex,True,303867,304568,/,4.2,1.2,2.2,0.7,1,2,0,3,change_col,/,1,practice
5,wzy,f,20,noindex,True,309195,310087,z,1.2,2.2,0.7,4.2,2,1,3,0,nochange_ori,z,1,practice
5,wzy,f,20,noindex,True,314787,315720,z,1.2,4.2,0.7,2.2,0,1,3,2,nochange_ori,z,1,practice
5,wzy,f,20,noindex,True,320414,321831,z,1.2,4.2,0.7,2.2,0,3,1,2,nochange_col,z,0,practice
5,wzy,f,20,noindex,True,326543,327911,z,2.2,1.2,0.7,4.2,1,0,2,3,nochange_col,z,0,practice
5,wzy,f,20,noindex,True,332604,333911,z,0.7,4.2,2.2,1.2,0,3,1,2,nochange_col,z,2,practice
5,wzy,f,20,noindex,True,338649,339512,/,1.2,4.2,0.7,2.2,0,3,1,2,change_ori,/,3,practice
5,wzy,f,20,noindex,True,344092,345304,/,4.2,1.2,2.2,0.7,0,3,2,1,change_ori,/,1,practice
5,wzy,f,20,noindex,True,374782,376247,/,0.7,4.2,1.2,2.2,3,0,1,2,change_ori,/,0,testing
5,wzy,f,20,noindex,True,381010,381976,z,4.2,0.7,2.2,1.2,2,3,0,1,nochange_col,z,3,testing
5,wzy,f,20,noindex,True,386670,388568,/,4.2,1.2,0.7,2.2,1,0,2,3,change_ori,/,0,testing
5,wzy,f,20,noindex,True,393316,394535,z,4.2,2.2,1.2,0.7,2,3,1,0,nochange_col,z,2,testing
5,wzy,f,20,noindex,True,399243,401079,z,0.7,2.2,4.2,1.2,3,2,1,0,nochange_ori,z,3,testing
5,wzy,f,20,noindex,True,405705,406615,z,2.2,1.2,0.7,4.2,3,0,2,1,nochange_col,z,3,testing
5,wzy,f,20,noindex,True,411299,412471,z,1.2,0.7,4.2,2.2,0,3,1,2,nochange_ori,z,2,testing
5,wzy,f,20,noindex,True,417042,419751,/,1.2,4.2,2.2,0.7,2,3,0,1,change_ori,/,0,testing
5,wzy,f,20,noindex,True,424372,425335,z,0.7,4.2,1.2,2.2,1,2,3,0,nochange_col,z,3,testing
5,wzy,f,20,noindex,True,429916,431768,/,4.2,2.2,0.7,1.2,3,1,0,2,change_ori,/,0,testing
5,wzy,f,20,noindex,True,436495,437352,/,0.7,4.2,1.2,2.2,2,3,1,0,change_col,/,0,testing
5,wzy,f,20,noindex,True,442005,442984,z,4.2,2.2,0.7,1.2,2,1,3,0,nochange_col,z,1,testing
5,wzy,f,20,noindex,True,447549,448488,z,4.2,1.2,2.2,0.7,2,0,1,3,nochange_col,z,2,testing
5,wzy,f,20,noindex,True,453109,454375,/,1.2,0.7,2.2,4.2,0,3,2,1,change_col,/,2,testing
5,wzy,f,20,noindex,True,459020,459991,z,0.7,2.2,4.2,1.2,2,1,3,0,nochange_col,z,2,testing
5,wzy,f,20,noindex,True,464747,465816,/,2.2,0.7,4.2,1.2,2,0,1,3,change_ori,/,2,testing
5,wzy,f,20,noindex,True,470441,471703,z,0.7,2.2,4.2,1.2,2,0,1,3,nochange_col,z,0,testing
5,wzy,f,20,noindex,True,476435,477479,/,0.7,1.2,2.2,4.2,2,1,0,3,change_col,/,1,testing
5,wzy,f,20,noindex,True,482129,483015,/,0.7,2.2,1.2,4.2,0,2,1,3,change_col,/,0,testing
5,wzy,f,20,noindex,True,487756,488600,z,4.2,2.2,1.2,0.7,0,3,2,1,nochange_col,z,1,testing
5,wzy,f,20,noindex,True,493199,494935,z,2.2,0.7,4.2,1.2,1,2,0,3,nochange_ori,z,0,testing
5,wzy,f,20,noindex,True,499511,500631,/,1.2,0.7,2.2,4.2,2,1,0,3,change_col,/,1,testing
5,wzy,f,20,noindex,True,505355,506936,/,4.2,1.2,2.2,0.7,2,1,0,3,change_col,/,0,testing
5,wzy,f,20,noindex,True,511583,512392,z,4.2,2.2,0.7,1.2,1,0,3,2,nochange_col,z,1,testing
5,wzy,f,20,noindex,True,517043,520663,z,0.7,2.2,4.2,1.2,1,3,0,2,nochange_ori,z,1,testing
5,wzy,f,20,noindex,True,525408,526374,z,4.2,1.2,2.2,0.7,0,2,1,3,nochange_col,z,2,testing
5,wzy,f,20,noindex,True,531052,532184,/,2.2,4.2,0.7,1.2,2,1,3,0,change_col,/,3,testing
5,wzy,f,20,noindex,True,536879,538312,z,0.7,4.2,2.2,1.2,1,3,2,0,nochange_ori,z,1,testing
5,wzy,f,20,noindex,True,543025,544663,z,0.7,2.2,4.2,1.2,0,3,2,1,nochange_ori,z,2,testing
5,wzy,f,20,noindex,True,549252,550055,z,2.2,4.2,0.7,1.2,1,3,0,2,nochange_col,z,3,testing
5,wzy,f,20,noindex,True,554745,555591,/,2.2,0.7,1.2,4.2,2,0,3,1,change_col,/,1,testing
5,wzy,f,20,noindex,True,560172,562199,z,2.2,0.7,4.2,1.2,1,2,3,0,nochange_ori,z,0,testing
5,wzy,f,20,noindex,True,566784,568327,/,0.7,4.2,2.2,1.2,3,1,0,2,change_ori,/,2,testing
5,wzy,f,20,noindex,True,573063,575543,/,4.2,1.2,2.2,0.7,3,0,1,2,change_ori,/,0,testing
5,wzy,f,20,noindex,True,580293,581463,/,0.7,2.2,4.2,1.2,0,3,1,2,change_ori,/,2,testing
5,wzy,f,20,noindex,True,586203,587623,z,0.7,1.2,4.2,2.2,1,3,2,0,nochange_col,z,3,testing
5,wzy,f,20,noindex,True,592382,593223,/,0.7,4.2,2.2,1.2,1,2,3,0,change_col,/,0,testing
5,wzy,f,20,noindex,True,597908,598710,z,4.2,1.2,2.2,0.7,0,3,1,2,nochange_col,z,0,testing
5,wzy,f,20,noindex,True,603486,605047,/,0.7,1.2,2.2,4.2,2,0,1,3,change_ori,/,3,testing
5,wzy,f,20,noindex,True,609781,612471,/,1.2,0.7,4.2,2.2,3,2,0,1,change_ori,/,2,testing
5,wzy,f,20,noindex,True,617127,618152,/,4.2,2.2,1.2,0.7,3,1,0,2,change_col,/,3,testing
5,wzy,f,20,noindex,True,622804,624055,z,2.2,0.7,1.2,4.2,1,2,3,0,nochange_ori,z,2,testing
5,wzy,f,20,noindex,True,628715,629703,/,4.2,1.2,0.7,2.2,2,0,3,1,change_ori,/,1,testing
5,wzy,f,20,noindex,True,634309,635079,z,1.2,0.7,4.2,2.2,3,1,0,2,nochange_col,z,0,testing
5,wzy,f,20,noindex,True,639686,640790,z,2.2,4.2,0.7,1.2,3,2,0,1,nochange_ori,z,2,testing
5,wzy,f,20,noindex,True,645546,647911,/,2.2,0.7,4.2,1.2,0,3,1,2,change_ori,/,2,testing
5,wzy,f,20,noindex,True,652476,653320,z,2.2,1.2,0.7,4.2,1,2,3,0,nochange_col,z,1,testing
5,wzy,f,20,noindex,True,657919,660727,/,4.2,1.2,0.7,2.2,2,0,3,1,change_ori,/,3,testing
5,wzy,f,20,noindex,True,665400,666759,/,1.2,0.7,4.2,2.2,3,0,2,1,change_col,/,3,testing
5,wzy,f,20,noindex,True,671361,672599,/,1.2,4.2,0.7,2.2,3,1,2,0,change_ori,/,2,testing
5,wzy,f,20,noindex,True,677338,678599,/,4.2,0.7,2.2,1.2,1,0,2,3,change_ori,/,3,testing
5,wzy,f,20,noindex,True,683299,684904,/,4.2,0.7,2.2,1.2,0,3,2,1,change_ori,/,3,testing
5,wzy,f,20,noindex,True,689477,690343,/,4.2,0.7,1.2,2.2,3,2,0,1,change_col,/,1,testing
5,wzy,f,20,noindex,True,694988,695703,/,2.2,4.2,1.2,0.7,0,3,2,1,change_col,/,2,testing
5,wzy,f,20,noindex,True,700397,701719,z,4.2,0.7,2.2,1.2,2,1,0,3,nochange_ori,z,3,testing
5,wzy,f,20,noindex,True,706324,707223,/,0.7,1.2,2.2,4.2,1,0,2,3,change_col,/,1,testing
5,wzy,f,20,noindex,True,711852,713159,z,4.2,2.2,0.7,1.2,1,3,0,2,nochange_ori,z,2,testing
5,wzy,f,20,noindex,True,717745,718951,z,4.2,1.2,2.2,0.7,0,2,1,3,nochange_col,z,3,testing
5,wzy,f,20,noindex,True,723623,725543,/,1.2,0.7,2.2,4.2,2,0,3,1,change_ori,/,0,testing
5,wzy,f,20,noindex,True,730302,731799,/,2.2,1.2,0.7,4.2,3,0,2,1,change_col,/,0,testing
5,wzy,f,20,noindex,True,736480,737206,/,2.2,4.2,0.7,1.2,2,1,0,3,change_col,/,3,testing
5,wzy,f,20,noindex,True,741957,743032,z,0.7,1.2,2.2,4.2,2,3,0,1,nochange_ori,z,2,testing
5,wzy,f,20,noindex,True,747684,748439,/,0.7,2.2,1.2,4.2,0,2,1,3,change_col,/,3,testing
5,wzy,f,20,noindex,True,753061,755031,/,2.2,1.2,4.2,0.7,3,1,2,0,change_ori,/,2,testing
5,wzy,f,20,noindex,True,759622,760360,/,0.7,4.2,1.2,2.2,2,0,3,1,change_col,/,0,testing
5,wzy,f,20,noindex,True,765082,766152,z,1.2,2.2,0.7,4.2,2,3,1,0,nochange_ori,z,0,testing
5,wzy,f,20,noindex,True,770793,771527,z,0.7,4.2,2.2,1.2,2,3,0,1,nochange_col,z,3,testing
5,wzy,f,20,noindex,True,776103,777207,z,1.2,4.2,0.7,2.2,2,1,3,0,nochange_ori,z,3,testing
5,wzy,f,20,noindex,True,781781,783095,z,0.7,1.2,2.2,4.2,1,3,0,2,nochange_ori,z,1,testing
5,wzy,f,20,noindex,True,787707,788375,/,1.2,0.7,2.2,4.2,3,0,2,1,change_col,/,3,testing
5,wzy,f,20,noindex,True,793084,794535,z,1.2,0.7,4.2,2.2,2,0,3,1,nochange_ori,z,1,testing
5,wzy,f,20,noindex,True,799146,800407,z,1.2,2.2,4.2,0.7,0,2,3,1,nochange_col,z,0,testing
5,wzy,f,20,noindex,True,805039,806167,/,4.2,1.2,0.7,2.2,0,1,2,3,change_col,/,1,testing
5,wzy,f,20,noindex,True,810917,812551,/,1.2,0.7,4.2,2.2,3,1,2,0,change_ori,/,2,testing
5,wzy,f,20,noindex,True,817196,818583,z,2.2,4.2,1.2,0.7,2,1,0,3,nochange_ori,z,1,testing
5,wzy,f,20,noindex,True,823173,823958,z,1.2,0.7,2.2,4.2,2,3,0,1,nochange_col,z,1,testing
5,wzy,f,20,noindex,True,828616,829847,/,1.2,4.2,2.2,0.7,3,0,1,2,change_ori,/,0,testing
5,wzy,f,20,noindex,True,834527,835687,z,2.2,1.2,4.2,0.7,2,1,0,3,nochange_ori,z,3,testing
5,wzy,f,20,noindex,True,840322,841206,z,1.2,0.7,4.2,2.2,0,2,1,3,nochange_ori,z,2,testing
5,wzy,f,20,noindex,True,845848,846855,z,4.2,0.7,2.2,1.2,2,0,1,3,nochange_ori,z,2,testing
5,wzy,f,20,noindex,True,885304,886471,z,2.2,1.2,0.7,4.2,3,0,2,1,nochange_col,z,0,testing
5,wzy,f,20,noindex,True,891232,892103,/,4.2,0.7,2.2,1.2,0,2,3,1,change_col,/,0,testing
5,wzy,f,20,noindex,True,896825,898231,z,0.7,2.2,1.2,4.2,3,2,1,0,nochange_ori,z,1,testing
5,wzy,f,20,noindex,True,902803,904550,z,4.2,1.2,0.7,2.2,2,0,1,3,nochange_ori,z,0,testing
5,wzy,f,20,noindex,True,909148,911175,/,1.2,0.7,4.2,2.2,1,0,2,3,change_ori,/,2,testing
5,wzy,f,20,noindex,True,915777,916903,z,1.2,4.2,2.2,0.7,3,2,0,1,nochange_ori,z,3,testing
5,wzy,f,20,noindex,True,921654,922919,/,4.2,2.2,0.7,1.2,3,1,2,0,change_ori,/,3,testing
5,wzy,f,20,noindex,True,927548,928695,/,1.2,4.2,2.2,0.7,3,1,2,0,change_ori,/,0,testing
5,wzy,f,20,noindex,True,933409,935207,/,0.7,4.2,2.2,1.2,1,2,0,3,change_ori,/,0,testing
5,wzy,f,20,noindex,True,939804,940759,z,4.2,1.2,2.2,0.7,2,0,3,1,nochange_ori,z,0,testing
5,wzy,f,20,noindex,True,945431,946390,/,1.2,0.7,2.2,4.2,3,2,1,0,change_col,/,0,testing
5,wzy,f,20,noindex,True,951091,951927,/,0.7,4.2,2.2,1.2,1,0,3,2,change_col,/,2,testing
5,wzy,f,20,noindex,True,956534,957175,/,0.7,4.2,1.2,2.2,0,3,2,1,change_col,/,2,testing
5,wzy,f,20,noindex,True,961778,962487,/,1.2,2.2,4.2,0.7,3,0,1,2,change_col,/,0,testing
5,wzy,f,20,noindex,True,967071,967718,/,1.2,0.7,4.2,2.2,1,2,3,0,change_col,/,1,testing
5,wzy,f,20,noindex,True,972414,973415,z,1.2,0.7,2.2,4.2,0,1,3,2,nochange_ori,z,0,testing
5,wzy,f,20,noindex,True,978074,979286,z,0.7,2.2,4.2,1.2,0,2,3,1,nochange_col,z,1,testing
5,wzy,f,20,noindex,True,983902,984807,z,1.2,2.2,0.7,4.2,1,2,3,0,nochange_col,z,0,testing
5,wzy,f,20,noindex,True,989479,990519,z,0.7,2.2,1.2,4.2,0,3,1,2,nochange_ori,z,0,testing
5,wzy,f,20,noindex,True,995106,996118,z,0.7,1.2,4.2,2.2,1,2,3,0,nochange_ori,z,3,testing
5,wzy,f,20,noindex,True,1000749,1001719,/,2.2,1.2,4.2,0.7,0,3,2,1,change_ori,/,2,testing
5,wzy,f,20,noindex,True,1006477,1007207,z,4.2,0.7,2.2,1.2,2,0,1,3,nochange_ori,z,2,testing
5,wzy,f,20,noindex,True,1011904,1013255,/,2.2,1.2,0.7,4.2,3,0,2,1,change_ori,/,3,testing
5,wzy,f,20,noindex,True,1017848,1018711,z,4.2,1.2,0.7,2.2,1,0,2,3,nochange_col,z,1,testing
5,wzy,f,20,noindex,True,1023275,1024023,z,2.2,1.2,4.2,0.7,3,0,2,1,nochange_col,z,1,testing
5,wzy,f,20,noindex,True,1028768,1029607,z,1.2,0.7,2.2,4.2,1,0,2,3,nochange_col,z,0,testing
5,wzy,f,20,noindex,True,1034278,1035751,/,2.2,1.2,4.2,0.7,1,2,3,0,change_ori,/,0,testing
5,wzy,f,20,noindex,True,1040389,1041095,z,2.2,0.7,4.2,1.2,0,3,1,2,nochange_col,z,2,testing
5,wzy,f,20,noindex,True,1045816,1046599,z,1.2,4.2,2.2,0.7,2,0,3,1,nochange_col,z,0,testing
5,wzy,f,20,noindex,True,1051193,1052407,/,2.2,4.2,0.7,1.2,0,1,3,2,change_ori,/,2,testing
5,wzy,f,20,noindex,True,1057086,1060103,/,0.7,2.2,4.2,1.2,0,3,1,2,change_col,/,1,testing
5,wzy,f,20,noindex,True,1064734,1065543,z,1.2,2.2,4.2,0.7,3,2,1,0,nochange_col,z,2,testing
5,wzy,f,20,noindex,True,1070261,1070983,/,4.2,0.7,2.2,1.2,1,2,0,3,change_col,/,3,testing
5,wzy,f,20,noindex,True,1075721,1076599,/,4.2,2.2,0.7,1.2,2,1,0,3,change_ori,/,1,testing
5,wzy,f,20,noindex,True,1081348,1082071,/,0.7,2.2,1.2,4.2,3,1,2,0,change_ori,/,1,testing
5,wzy,f,20,noindex,True,1086707,1087319,/,1.2,2.2,0.7,4.2,3,2,0,1,change_col,/,3,testing
5,wzy,f,20,noindex,True,1091884,1092471,/,4.2,0.7,2.2,1.2,2,3,1,0,change_col,/,0,testing
5,wzy,f,20,noindex,True,1097160,1098279,z,4.2,1.2,0.7,2.2,3,1,2,0,nochange_ori,z,0,testing
5,wzy,f,20,noindex,True,1103021,1104343,/,4.2,1.2,0.7,2.2,2,3,0,1,change_ori,/,2,testing
5,wzy,f,20,noindex,True,1109066,1109830,z,1.2,2.2,4.2,0.7,1,3,0,2,nochange_col,z,1,testing
5,wzy,f,20,noindex,True,1114425,1115239,/,2.2,0.7,4.2,1.2,2,3,1,0,change_ori,/,3,testing
5,wzy,f,20,noindex,True,1119868,1120839,/,2.2,0.7,1.2,4.2,2,3,0,1,change_ori,/,1,testing
5,wzy,f,20,noindex,True,1125479,1127847,z,4.2,1.2,2.2,0.7,1,3,2,0,nochange_col,z,1,testing
5,wzy,f,20,noindex,True,1132491,1135111,z,1.2,4.2,0.7,2.2,3,0,1,2,nochange_ori,z,3,testing
5,wzy,f,20,noindex,True,1139805,1140919,z,4.2,1.2,0.7,2.2,3,2,0,1,nochange_col,z,2,testing
5,wzy,f,20,noindex,True,1145666,1146487,z,1.2,2.2,0.7,4.2,1,0,3,2,nochange_col,z,3,testing
5,wzy,f,20,noindex,True,1151093,1152391,z,0.7,2.2,1.2,4.2,2,0,3,1,nochange_ori,z,1,testing
5,wzy,f,20,noindex,True,1157120,1158087,/,1.2,4.2,2.2,0.7,0,2,1,3,change_col,/,1,testing
5,wzy,f,20,noindex,True,1162698,1163574,z,0.7,2.2,1.2,4.2,3,1,2,0,nochange_col,z,1,testing
5,wzy,f,20,noindex,True,1168324,1170727,z,1.2,2.2,0.7,4.2,1,2,0,3,nochange_ori,z,1,testing
5,wzy,f,20,noindex,True,1175405,1176711,/,2.2,0.7,1.2,4.2,0,2,3,1,change_ori,/,1,testing
5,wzy,f,20,noindex,True,1181282,1182230,/,1.2,4.2,2.2,0.7,3,1,0,2,change_ori,/,1,testing
5,wzy,f,20,noindex,True,1186958,1187719,/,2.2,1.2,0.7,4.2,1,2,3,0,change_col,/,1,testing
5,wzy,f,20,noindex,True,1192302,1193559,/,0.7,4.2,2.2,1.2,3,2,1,0,change_ori,/,0,testing
5,wzy,f,20,noindex,True,1198146,1199030,z,4.2,1.2,2.2,0.7,0,2,1,3,nochange_col,z,0,testing
5,wzy,f,20,noindex,True,1203706,1205303,z,0.7,4.2,2.2,1.2,2,3,1,0,nochange_ori,z,0,testing
5,wzy,f,20,noindex,True,1209917,1210775,z,2.2,4.2,1.2,0.7,0,2,3,1,nochange_ori,z,2,testing
5,wzy,f,20,noindex,True,1215361,1215975,/,2.2,0.7,1.2,4.2,2,0,3,1,change_col,/,1,testing
5,wzy,f,20,noindex,True,1220671,1221622,z,0.7,1.2,2.2,4.2,3,1,2,0,nochange_ori,z,3,testing
5,wzy,f,20,noindex,True,1226231,1227527,/,2.2,0.7,1.2,4.2,2,1,0,3,change_col,/,0,testing
5,wzy,f,20,noindex,True,1232259,1232949,/,4.2,2.2,1.2,0.7,0,1,3,2,change_col,/,3,testing
5,wzy,f,20,noindex,True,1237618,1238439,z,4.2,0.7,1.2,2.2,2,3,0,1,nochange_col,z,1,testing
5,wzy,f,20,noindex,True,1243146,1244166,/,1.2,0.7,4.2,2.2,2,1,0,3,change_col,/,3,testing
5,wzy,f,20,noindex,True,1248923,1250615,/,4.2,0.7,1.2,2.2,1,2,3,0,change_ori,/,3,testing
5,wzy,f,20,noindex,True,1255268,1256502,/,1.2,2.2,4.2,0.7,0,3,1,2,change_col,/,1,testing
5,wzy,f,20,noindex,True,1261161,1262374,/,0.7,4.2,2.2,1.2,1,3,0,2,change_ori,/,1,testing
5,wzy,f,20,noindex,True,1266956,1268487,z,1.2,0.7,4.2,2.2,2,0,3,1,nochange_ori,z,2,testing
5,wzy,f,20,noindex,True,1273184,1274679,z,1.2,0.7,2.2,4.2,3,0,1,2,nochange_ori,z,1,testing
5,wzy,f,20,noindex,True,1279279,1280358,/,4.2,0.7,2.2,1.2,2,0,3,1,change_col,/,3,testing
5,wzy,f,20,noindex,True,1284922,1286887,z,2.2,4.2,0.7,1.2,0,2,1,3,nochange_col,z,2,testing
5,wzy,f,20,noindex,True,1291601,1292887,z,4.2,0.7,2.2,1.2,0,2,3,1,nochange_ori,z,2,testing
5,wzy,f,20,noindex,True,1297545,1298422,/,2.2,4.2,1.2,0.7,2,0,3,1,change_ori,/,3,testing
5,wzy,f,20,noindex,True,1303073,1304214,/,0.7,2.2,1.2,4.2,0,2,1,3,change_ori,/,0,testing
5,wzy,f,20,noindex,True,1308966,1309863,z,0.7,1.2,2.2,4.2,1,0,3,2,nochange_ori,z,2,testing
5,wzy,f,20,noindex,True,1314576,1315798,z,1.2,4.2,2.2,0.7,2,3,0,1,nochange_ori,z,1,testing
5,wzy,f,20,noindex,True,1320521,1321286,z,4.2,2.2,1.2,0.7,0,1,2,3,nochange_col,z,1,testing
5,wzy,f,20,noindex,True,1325914,1326662,z,4.2,0.7,1.2,2.2,1,3,2,0,nochange_col,z,1,testing
5,wzy,f,20,noindex,True,1331407,1332246,z,1.2,0.7,2.2,4.2,1,2,3,0,nochange_col,z,0,testing
5,wzy,f,20,noindex,True,1336918,1337815,/,1.2,0.7,2.2,4.2,2,3,1,0,change_col,/,2,testing
5,wzy,f,20,noindex,True,1342494,1343574,/,4.2,0.7,1.2,2.2,3,2,1,0,change_col,/,2,testing
