subj,name,gender,age,cond,P_resp,P_startTime,P_respTime,P_gotKey,sf1,sf2,sf3,sf4,ord_1,ord_2,ord_3,ord_4,task,correct_key,no_change,mode
6,zm,f,20,noindex,True,258336,265591,z,1.2,0.7,4.2,2.2,3,0,2,1,nochange_col,z,2,practice
6,zm,f,20,noindex,True,270224,273079,/,4.2,0.7,2.2,1.2,2,0,1,3,change_col,/,1,practice
6,zm,f,20,noindex,True,277704,279318,/,2.2,0.7,1.2,4.2,3,1,0,2,nochange_ori,z,3,practice
6,zm,f,20,noindex,True,283999,285783,/,2.2,1.2,0.7,4.2,2,3,0,1,change_col,/,3,practice
6,zm,f,20,noindex,True,290478,291783,z,2.2,4.2,0.7,1.2,3,1,2,0,change_ori,/,1,practice
6,zm,f,20,noindex,True,296539,297671,/,4.2,1.2,2.2,0.7,3,1,0,2,nochange_ori,z,0,practice
6,zm,f,20,noindex,True,302399,303304,/,4.2,1.2,0.7,2.2,1,0,2,3,change_ori,/,1,practice
6,zm,f,20,noindex,True,307993,308840,/,0.7,4.2,2.2,1.2,2,0,1,3,change_col,/,3,practice
6,zm,f,20,noindex,True,313420,314263,/,0.7,1.2,4.2,2.2,1,2,0,3,change_ori,/,2,practice
6,zm,f,20,noindex,True,318964,319863,/,0.7,4.2,2.2,1.2,2,3,0,1,change_ori,/,3,practice
6,zm,f,20,noindex,True,324624,326071,z,4.2,2.2,1.2,0.7,1,3,2,0,nochange_ori,z,3,practice
6,zm,f,20,noindex,True,330818,331079,/,1.2,0.7,4.2,2.2,0,3,1,2,nochange_ori,z,2,practice
6,zm,f,20,noindex,True,335645,336631,/,0.7,2.2,4.2,1.2,1,0,3,2,change_col,/,0,practice
6,zm,f,20,noindex,True,341338,343127,/,2.2,0.7,1.2,4.2,2,3,0,1,nochange_col,z,3,practice
6,zm,f,20,noindex,True,347884,349367,/,1.2,2.2,0.7,4.2,0,2,3,1,change_col,/,1,practice
6,zm,f,20,noindex,True,354062,354903,/,1.2,4.2,0.7,2.2,0,2,3,1,nochange_ori,z,3,practice
6,zm,f,20,noindex,True,359505,361191,z,2.2,0.7,1.2,4.2,0,3,1,2,nochange_col,z,3,practice
6,zm,f,20,noindex,True,365783,367464,/,1.2,4.2,0.7,2.2,1,0,2,3,change_ori,/,0,practice
6,zm,f,20,noindex,True,372028,373399,z,2.2,0.7,4.2,1.2,2,0,3,1,nochange_col,z,0,practice
6,zm,f,20,noindex,True,378006,379447,/,0.7,1.2,4.2,2.2,3,1,0,2,nochange_col,z,1,practice
6,zm,f,20,noindex,True,416242,417432,/,0.7,1.2,4.2,2.2,2,1,0,3,change_col,/,0,testing
6,zm,f,20,noindex,True,422070,423096,/,1.2,2.2,4.2,0.7,1,2,0,3,change_ori,/,0,testing
6,zm,f,20,noindex,True,427714,429688,z,0.7,4.2,1.2,2.2,2,0,3,1,nochange_ori,z,0,testing
6,zm,f,20,noindex,True,434275,435191,/,4.2,0.7,2.2,1.2,1,2,0,3,change_col,/,0,testing
6,zm,f,20,noindex,True,439953,441255,z,1.2,0.7,2.2,4.2,2,0,1,3,nochange_col,z,2,testing
6,zm,f,20,noindex,True,445964,446967,/,4.2,0.7,2.2,1.2,1,2,0,3,nochange_ori,z,3,testing
6,zm,f,20,noindex,True,451708,452663,z,0.7,4.2,2.2,1.2,1,3,2,0,nochange_col,z,2,testing
6,zm,f,20,noindex,True,457435,459191,/,2.2,4.2,1.2,0.7,2,1,0,3,nochange_col,z,3,testing
6,zm,f,20,noindex,True,463780,465127,z,1.2,0.7,2.2,4.2,2,1,0,3,nochange_col,z,2,testing
6,zm,f,20,noindex,True,469892,470919,/,2.2,1.2,0.7,4.2,2,3,0,1,change_col,/,2,testing
6,zm,f,20,noindex,True,475485,476535,/,0.7,1.2,4.2,2.2,1,0,2,3,nochange_ori,z,1,testing
6,zm,f,20,noindex,True,481212,482791,/,2.2,4.2,0.7,1.2,3,0,1,2,nochange_ori,z,0,testing
6,zm,f,20,noindex,True,487490,488375,/,4.2,2.2,1.2,0.7,0,2,1,3,change_ori,/,3,testing
6,zm,f,20,noindex,True,493117,494215,/,0.7,1.2,2.2,4.2,3,0,2,1,change_col,/,1,testing
6,zm,f,20,noindex,True,498861,500023,z,2.2,0.7,1.2,4.2,2,0,1,3,nochange_ori,z,2,testing
6,zm,f,20,noindex,True,504688,507463,z,0.7,2.2,4.2,1.2,3,0,2,1,nochange_ori,z,2,testing
6,zm,f,20,noindex,True,512119,513735,/,2.2,0.7,1.2,4.2,2,0,1,3,change_col,/,1,testing
6,zm,f,20,noindex,True,518464,519735,/,4.2,2.2,1.2,0.7,0,2,3,1,change_ori,/,2,testing
6,zm,f,20,noindex,True,524491,525640,z,0.7,2.2,1.2,4.2,2,0,1,3,nochange_ori,z,2,testing
6,zm,f,20,noindex,True,530286,531879,z,0.7,4.2,1.2,2.2,0,3,1,2,nochange_col,z,0,testing
6,zm,f,20,noindex,True,536631,538055,/,0.7,2.2,1.2,4.2,2,3,1,0,nochange_col,z,2,testing
6,zm,f,20,noindex,True,542709,543927,z,0.7,1.2,2.2,4.2,1,2,3,0,nochange_ori,z,0,testing
6,zm,f,20,noindex,True,548569,549655,/,2.2,4.2,1.2,0.7,1,0,2,3,change_ori,/,3,testing
6,zm,f,20,noindex,True,554413,556871,/,0.7,1.2,4.2,2.2,3,1,0,2,nochange_ori,z,2,testing
6,zm,f,20,noindex,True,561477,564374,z,0.7,2.2,1.2,4.2,2,0,1,3,change_col,/,3,testing
6,zm,f,20,noindex,True,569091,572135,/,1.2,0.7,2.2,4.2,0,2,1,3,nochange_ori,z,0,testing
6,zm,f,20,noindex,True,576888,578663,/,1.2,4.2,0.7,2.2,1,0,3,2,change_ori,/,0,testing
6,zm,f,20,noindex,True,583233,584503,z,0.7,1.2,4.2,2.2,1,2,0,3,change_ori,/,0,testing
6,zm,f,20,noindex,True,589244,592151,z,0.7,4.2,2.2,1.2,1,3,0,2,nochange_col,z,1,testing
6,zm,f,20,noindex,True,596791,598071,z,2.2,4.2,0.7,1.2,1,2,3,0,nochange_ori,z,3,testing
6,zm,f,20,noindex,True,602819,604808,z,0.7,4.2,1.2,2.2,0,2,3,1,change_ori,/,2,testing
6,zm,f,20,noindex,True,609397,610791,z,4.2,0.7,2.2,1.2,3,2,1,0,nochange_ori,z,3,testing
6,zm,f,20,noindex,True,615525,616823,z,0.7,2.2,4.2,1.2,1,2,3,0,nochange_ori,z,3,testing
6,zm,f,20,noindex,True,621521,622871,z,4.2,2.2,1.2,0.7,2,3,0,1,nochange_col,z,0,testing
6,zm,f,20,noindex,True,627548,628695,/,0.7,1.2,2.2,4.2,3,0,1,2,change_col,/,2,testing
6,zm,f,20,noindex,True,633309,635063,/,1.2,0.7,4.2,2.2,1,0,2,3,change_col,/,2,testing
6,zm,f,20,noindex,True,639837,641703,/,2.2,0.7,4.2,1.2,2,3,1,0,change_ori,/,2,testing
6,zm,f,20,noindex,True,646299,647767,/,4.2,1.2,2.2,0.7,0,1,3,2,change_ori,/,1,testing
6,zm,f,20,noindex,True,652478,653768,z,0.7,2.2,1.2,4.2,1,0,3,2,nochange_col,z,2,testing
6,zm,f,20,noindex,True,658438,661111,z,0.7,4.2,1.2,2.2,3,2,1,0,change_ori,/,1,testing
6,zm,f,20,noindex,True,665734,667463,/,1.2,0.7,4.2,2.2,2,1,3,0,change_col,/,3,testing
6,zm,f,20,noindex,True,672080,673896,/,4.2,1.2,0.7,2.2,2,3,1,0,change_col,/,1,testing
6,zm,f,20,noindex,True,678475,680439,z,0.7,4.2,1.2,2.2,0,2,3,1,change_ori,/,2,testing
6,zm,f,20,noindex,True,685037,686071,z,1.2,0.7,4.2,2.2,3,1,0,2,nochange_col,z,0,testing
6,zm,f,20,noindex,True,690697,692311,z,4.2,0.7,2.2,1.2,2,1,3,0,nochange_col,z,0,testing
6,zm,f,20,noindex,True,697042,699047,/,2.2,1.2,4.2,0.7,3,0,2,1,change_ori,/,0,testing
6,zm,f,20,noindex,True,703821,705271,z,2.2,0.7,1.2,4.2,1,3,2,0,nochange_col,z,2,testing
6,zm,f,20,noindex,True,709916,710854,z,2.2,4.2,1.2,0.7,0,2,3,1,nochange_ori,z,3,testing
6,zm,f,20,noindex,True,715477,716438,/,0.7,1.2,2.2,4.2,1,0,3,2,change_col,/,1,testing
6,zm,f,20,noindex,True,721070,722295,z,1.2,4.2,2.2,0.7,0,2,3,1,nochange_col,z,0,testing
6,zm,f,20,noindex,True,726897,728887,z,1.2,4.2,0.7,2.2,3,0,1,2,nochange_col,z,1,testing
6,zm,f,20,noindex,True,733609,734711,/,4.2,1.2,0.7,2.2,2,0,3,1,change_col,/,2,testing
6,zm,f,20,noindex,True,739320,741431,/,1.2,2.2,4.2,0.7,3,0,1,2,change_ori,/,3,testing
6,zm,f,20,noindex,True,745999,748326,/,0.7,4.2,2.2,1.2,3,1,0,2,nochange_col,z,2,testing
6,zm,f,20,noindex,True,752995,754822,/,2.2,1.2,4.2,0.7,0,3,1,2,change_ori,/,1,testing
6,zm,f,20,noindex,True,759474,760582,/,1.2,4.2,0.7,2.2,3,2,0,1,change_ori,/,1,testing
6,zm,f,20,noindex,True,765201,766758,z,2.2,1.2,4.2,0.7,3,0,1,2,nochange_ori,z,3,testing
6,zm,f,20,noindex,True,771479,772951,/,4.2,1.2,0.7,2.2,1,3,2,0,nochange_ori,z,1,testing
6,zm,f,20,noindex,True,777557,779223,z,0.7,2.2,1.2,4.2,3,1,2,0,nochange_col,z,0,testing
6,zm,f,20,noindex,True,783969,786183,/,4.2,2.2,0.7,1.2,1,3,2,0,change_ori,/,1,testing
6,zm,f,20,noindex,True,790765,791814,/,4.2,1.2,2.2,0.7,2,0,3,1,change_col,/,2,testing
6,zm,f,20,noindex,True,796425,797991,/,0.7,1.2,2.2,4.2,2,3,1,0,nochange_ori,z,1,testing
6,zm,f,20,noindex,True,802569,803687,/,1.2,4.2,2.2,0.7,0,3,1,2,change_col,/,1,testing
6,zm,f,20,noindex,True,808431,809559,/,1.2,4.2,2.2,0.7,2,3,0,1,change_ori,/,0,testing
6,zm,f,20,noindex,True,814175,815174,/,2.2,1.2,4.2,0.7,3,2,0,1,change_ori,/,1,testing
6,zm,f,20,noindex,True,819802,821415,/,0.7,1.2,4.2,2.2,1,3,0,2,change_col,/,0,testing
6,zm,f,20,noindex,True,826080,827286,z,0.7,4.2,1.2,2.2,1,0,2,3,nochange_col,z,3,testing
6,zm,f,20,noindex,True,832007,833814,/,0.7,2.2,1.2,4.2,3,0,1,2,nochange_col,z,1,testing
6,zm,f,20,noindex,True,838402,840215,z,2.2,1.2,0.7,4.2,1,2,0,3,nochange_ori,z,1,testing
6,zm,f,20,noindex,True,844947,848407,/,0.7,2.2,4.2,1.2,2,3,1,0,change_col,/,2,testing
6,zm,f,20,noindex,True,853096,855319,z,2.2,0.7,1.2,4.2,1,0,3,2,change_ori,/,2,testing
6,zm,f,20,noindex,True,859942,863223,z,0.7,1.2,4.2,2.2,3,0,1,2,nochange_ori,z,1,testing
6,zm,f,20,noindex,True,867957,868982,/,4.2,1.2,0.7,2.2,1,2,0,3,nochange_ori,z,1,testing
6,zm,f,20,noindex,True,873567,875414,z,1.2,0.7,2.2,4.2,3,1,2,0,change_col,/,0,testing
6,zm,f,20,noindex,True,880146,881750,/,1.2,4.2,2.2,0.7,2,1,0,3,change_col,/,1,testing
6,zm,f,20,noindex,True,886341,887591,/,1.2,4.2,0.7,2.2,1,3,2,0,change_col,/,0,testing
6,zm,f,20,noindex,True,892318,894135,z,0.7,4.2,1.2,2.2,0,2,3,1,nochange_col,z,1,testing
6,zm,f,20,noindex,True,898747,900103,/,0.7,1.2,4.2,2.2,0,2,1,3,change_col,/,3,testing
6,zm,f,20,noindex,True,904774,907047,z,0.7,2.2,1.2,4.2,0,2,1,3,nochange_col,z,0,testing
6,zm,f,20,noindex,True,911704,913287,/,2.2,4.2,1.2,0.7,2,1,0,3,change_ori,/,3,testing
6,zm,f,20,noindex,True,921772,927383,/,2.2,4.2,1.2,0.7,1,3,2,0,change_ori,/,2,testing
6,zm,f,20,noindex,True,931991,933159,/,2.2,0.7,4.2,1.2,2,1,0,3,change_ori,/,0,testing
6,zm,f,20,noindex,True,937919,939207,z,1.2,0.7,4.2,2.2,0,3,2,1,nochange_col,z,2,testing
6,zm,f,20,noindex,True,943829,946278,/,0.7,4.2,1.2,2.2,0,1,3,2,change_ori,/,2,testing
6,zm,f,20,noindex,True,950876,952871,/,2.2,4.2,0.7,1.2,2,3,1,0,change_ori,/,0,testing
6,zm,f,20,noindex,True,957472,958486,z,2.2,0.7,1.2,4.2,2,3,1,0,nochange_col,z,2,testing
6,zm,f,20,noindex,True,963065,965383,/,0.7,2.2,1.2,4.2,0,2,3,1,nochange_ori,z,0,testing
6,zm,f,20,noindex,True,970145,971158,z,4.2,2.2,1.2,0.7,3,0,1,2,nochange_col,z,1,testing
6,zm,f,20,noindex,True,975771,976694,/,4.2,0.7,1.2,2.2,3,2,0,1,change_ori,/,1,testing
6,zm,f,20,noindex,True,981282,982774,z,4.2,2.2,1.2,0.7,1,3,0,2,nochange_ori,z,3,testing
6,zm,f,20,noindex,True,987410,988631,/,1.2,4.2,0.7,2.2,0,1,2,3,change_ori,/,0,testing
6,zm,f,20,noindex,True,993287,994902,z,1.2,4.2,0.7,2.2,0,2,1,3,nochange_col,z,3,testing
6,zm,f,20,noindex,True,999648,1000679,/,1.2,4.2,0.7,2.2,2,0,1,3,change_col,/,1,testing
6,zm,f,20,noindex,True,1005310,1008119,/,4.2,0.7,1.2,2.2,2,1,3,0,change_ori,/,0,testing
6,zm,f,20,noindex,True,1012823,1014214,/,4.2,1.2,0.7,2.2,3,2,1,0,change_ori,/,0,testing
6,zm,f,20,noindex,True,1018885,1022422,z,1.2,2.2,4.2,0.7,3,1,2,0,nochange_ori,z,0,testing
6,zm,f,20,noindex,True,1027083,1028759,z,0.7,4.2,2.2,1.2,2,0,1,3,nochange_ori,z,2,testing
6,zm,f,20,noindex,True,1033511,1034646,/,4.2,1.2,0.7,2.2,3,0,1,2,change_col,/,3,testing
6,zm,f,20,noindex,True,1039405,1040391,/,4.2,2.2,1.2,0.7,3,2,1,0,change_col,/,3,testing
6,zm,f,20,noindex,True,1045133,1046055,/,4.2,0.7,1.2,2.2,2,0,1,3,nochange_ori,z,0,testing
6,zm,f,20,noindex,True,1050793,1053015,z,2.2,1.2,0.7,4.2,0,1,2,3,change_ori,/,3,testing
6,zm,f,20,noindex,True,1057706,1059351,z,4.2,2.2,0.7,1.2,2,1,0,3,nochange_col,z,3,testing
6,zm,f,20,noindex,True,1064067,1065606,z,0.7,4.2,1.2,2.2,1,0,3,2,nochange_col,z,1,testing
6,zm,f,20,noindex,True,1070278,1071751,z,4.2,2.2,0.7,1.2,3,1,2,0,nochange_ori,z,2,testing
6,zm,f,20,noindex,True,1076407,1077366,/,2.2,1.2,0.7,4.2,3,1,0,2,change_col,/,0,testing
6,zm,f,20,noindex,True,1082101,1083030,/,4.2,1.2,2.2,0.7,0,1,3,2,change_col,/,2,testing
6,zm,f,20,noindex,True,1087761,1088566,z,2.2,4.2,1.2,0.7,2,1,3,0,nochange_col,z,0,testing
6,zm,f,20,noindex,True,1093255,1094423,z,1.2,0.7,4.2,2.2,1,0,2,3,nochange_col,z,1,testing
6,zm,f,20,noindex,True,1099031,1100551,/,0.7,1.2,4.2,2.2,1,3,2,0,change_ori,/,0,testing
6,zm,f,20,noindex,True,1105243,1106791,z,1.2,4.2,0.7,2.2,2,1,3,0,nochange_col,z,2,testing
6,zm,f,20,noindex,True,1111421,1112662,/,1.2,2.2,4.2,0.7,2,0,3,1,change_col,/,3,testing
6,zm,f,20,noindex,True,1117332,1119207,/,2.2,4.2,1.2,0.7,1,0,3,2,nochange_ori,z,2,testing
6,zm,f,20,noindex,True,1123928,1126326,z,4.2,0.7,1.2,2.2,1,2,0,3,nochange_ori,z,3,testing
6,zm,f,20,noindex,True,1130957,1132583,z,2.2,4.2,0.7,1.2,0,1,3,2,nochange_ori,z,2,testing
6,zm,f,20,noindex,True,1137252,1138230,z,4.2,2.2,0.7,1.2,0,2,1,3,nochange_col,z,1,testing
6,zm,f,20,noindex,True,1142896,1150070,/,4.2,1.2,0.7,2.2,2,1,0,3,change_ori,/,1,testing
6,zm,f,20,noindex,True,1154701,1156471,/,2.2,1.2,4.2,0.7,1,2,0,3,change_ori,/,0,testing
6,zm,f,20,noindex,True,1161112,1162551,z,2.2,4.2,0.7,1.2,0,1,3,2,nochange_col,z,0,testing
6,zm,f,20,noindex,True,1167157,1168551,z,2.2,1.2,0.7,4.2,1,0,2,3,nochange_col,z,1,testing
6,zm,f,20,noindex,True,1173168,1175047,z,0.7,4.2,1.2,2.2,0,2,3,1,nochange_ori,z,0,testing
6,zm,f,20,noindex,True,1179764,1180822,/,0.7,2.2,1.2,4.2,0,3,2,1,nochange_ori,z,3,testing
6,zm,f,20,noindex,True,1185424,1186326,z,2.2,0.7,1.2,4.2,1,3,0,2,nochange_col,z,0,testing
6,zm,f,20,noindex,True,1191034,1192887,/,4.2,2.2,1.2,0.7,1,2,0,3,change_ori,/,0,testing
6,zm,f,20,noindex,True,1197463,1198150,z,2.2,0.7,4.2,1.2,1,3,0,2,nochange_col,z,2,testing
6,zm,f,20,noindex,True,1202739,1204631,/,1.2,4.2,2.2,0.7,0,2,1,3,change_col,/,3,testing
6,zm,f,20,noindex,True,1209268,1211350,/,1.2,4.2,2.2,0.7,2,3,1,0,change_ori,/,2,testing
6,zm,f,20,noindex,True,1216113,1218551,z,1.2,0.7,2.2,4.2,1,2,3,0,nochange_ori,z,0,testing
6,zm,f,20,noindex,True,1223260,1224806,/,2.2,4.2,0.7,1.2,1,2,3,0,change_ori,/,2,testing
6,zm,f,20,noindex,True,1229488,1230967,z,4.2,2.2,0.7,1.2,1,3,0,2,nochange_ori,z,0,testing
6,zm,f,20,noindex,True,1235616,1237397,z,0.7,1.2,2.2,4.2,0,1,2,3,nochange_ori,z,2,testing
6,zm,f,20,noindex,True,1242045,1243255,z,1.2,4.2,0.7,2.2,1,2,3,0,nochange_col,z,2,testing
6,zm,f,20,noindex,True,1247956,1249190,/,4.2,0.7,2.2,1.2,1,0,2,3,change_col,/,3,testing
6,zm,f,20,noindex,True,1253850,1255942,/,2.2,0.7,4.2,1.2,2,0,1,3,change_col,/,0,testing
6,zm,f,20,noindex,True,1260528,1261591,/,0.7,2.2,1.2,4.2,1,3,0,2,change_ori,/,2,testing
6,zm,f,20,noindex,True,1266322,1267318,/,2.2,1.2,0.7,4.2,3,1,0,2,change_col,/,3,testing
6,zm,f,20,noindex,True,1272017,1276294,/,0.7,2.2,4.2,1.2,2,3,0,1,change_col,/,1,testing
6,zm,f,20,noindex,True,1280899,1282294,/,2.2,4.2,0.7,1.2,3,2,1,0,change_col,/,1,testing
6,zm,f,20,noindex,True,1286994,1287990,z,2.2,1.2,4.2,0.7,0,2,3,1,nochange_col,z,0,testing
6,zm,f,20,noindex,True,1292555,1296630,z,2.2,4.2,0.7,1.2,0,3,2,1,nochange_ori,z,3,testing
6,zm,f,20,noindex,True,1301387,1302406,z,4.2,1.2,2.2,0.7,0,2,1,3,nochange_ori,z,3,testing
6,zm,f,20,noindex,True,1307114,1308294,/,1.2,4.2,2.2,0.7,2,1,0,3,change_col,/,0,testing
6,zm,f,20,noindex,True,1313009,1314918,/,0.7,1.2,2.2,4.2,3,1,2,0,change_ori,/,0,testing
6,zm,f,20,noindex,True,1319521,1321798,z,1.2,0.7,4.2,2.2,1,0,2,3,nochange_ori,z,0,testing
6,zm,f,20,noindex,True,1326417,1327238,z,1.2,0.7,2.2,4.2,0,3,2,1,nochange_col,z,3,testing
6,zm,f,20,noindex,True,1331826,1333830,/,4.2,1.2,2.2,0.7,3,2,0,1,change_col,/,0,testing
6,zm,f,20,noindex,True,1338422,1341063,z,0.7,1.2,4.2,2.2,1,3,2,0,nochange_ori,z,0,testing
6,zm,f,20,noindex,True,1345735,1347302,/,1.2,0.7,4.2,2.2,2,0,3,1,change_col,/,2,testing
6,zm,f,20,noindex,True,1351930,1353015,z,1.2,4.2,2.2,0.7,0,1,3,2,nochange_ori,z,2,testing
6,zm,f,20,noindex,True,1357774,1358934,z,0.7,2.2,4.2,1.2,1,3,0,2,nochange_col,z,0,testing
6,zm,f,20,noindex,True,1363501,1364901,z,0.7,4.2,1.2,2.2,2,1,0,3,nochange_ori,z,0,testing
6,zm,f,20,noindex,True,1369563,1370758,/,1.2,0.7,2.2,4.2,3,2,1,0,change_ori,/,2,testing
6,zm,f,20,noindex,True,1375490,1377110,z,1.2,4.2,2.2,0.7,0,2,3,1,nochange_col,z,2,testing
6,zm,f,20,noindex,True,1381835,1382822,/,0.7,1.2,4.2,2.2,1,2,0,3,change_ori,/,0,testing
6,zm,f,20,noindex,True,1387513,1388935,z,1.2,0.7,2.2,4.2,1,2,3,0,nochange_col,z,0,testing
6,zm,f,20,noindex,True,1393540,1394550,/,1.2,0.7,4.2,2.2,0,2,1,3,change_col,/,0,testing
6,zm,f,20,noindex,True,1399117,1401687,/,0.7,4.2,1.2,2.2,2,3,0,1,change_col,/,2,testing
6,zm,f,20,noindex,True,1406297,1407302,/,0.7,1.2,2.2,4.2,3,2,0,1,change_col,/,1,testing
6,zm,f,20,noindex,True,1411924,1414230,/,0.7,1.2,4.2,2.2,0,1,3,2,change_ori,/,0,testing
6,zm,f,20,noindex,True,1418887,1419830,/,4.2,2.2,0.7,1.2,0,1,3,2,change_col,/,2,testing
6,zm,f,20,noindex,True,1424480,1425302,/,2.2,4.2,0.7,1.2,2,1,3,0,change_col,/,2,testing
