subj,name,gender,age,cond,P_resp,P_startTime,P_respTime,P_gotKey,sf1,sf2,sf3,sf4,ord_1,ord_2,ord_3,ord_4,task,correct_key,no_change,mode
6,zm,f,20,index,True,42372,44343,/,4.2,0.7,4.2,0.7,2,0,3,1,change_col,/,2,practice
6,zm,f,20,index,True,49067,50407,z,2.2,2.2,4.2,4.2,0,2,3,1,nochange_ori,z,3,practice
6,zm,f,20,index,True,55129,57766,/,1.2,0.7,1.2,0.7,3,0,1,2,change_ori,/,0,practice
6,zm,f,20,index,True,62375,64102,z,4.2,1.2,1.2,4.2,1,0,2,3,nochange_col,z,1,practice
6,zm,f,20,index,True,68687,70150,z,1.2,1.2,4.2,4.2,0,2,3,1,nochange_col,z,3,practice
6,zm,f,20,index,True,74915,76423,/,1.2,4.2,1.2,4.2,0,1,2,3,change_ori,/,0,practice
6,zm,f,20,index,True,81109,83223,/,2.2,0.7,2.2,0.7,0,2,1,3,change_col,/,1,practice
6,zm,f,20,index,True,87789,90070,z,2.2,2.2,4.2,4.2,2,3,1,0,nochange_ori,z,1,practice
6,zm,f,20,index,True,94802,96711,z,0.7,4.2,0.7,4.2,3,2,0,1,nochange_ori,z,2,practice
6,zm,f,20,index,True,101297,102455,z,1.2,2.2,1.2,2.2,0,3,2,1,nochange_col,z,3,practice
6,zm,f,20,index,True,107191,107910,/,2.2,2.2,1.2,1.2,1,3,2,0,change_col,/,1,practice
6,zm,f,20,index,True,112651,113511,/,4.2,2.2,2.2,4.2,3,1,0,2,change_col,/,1,practice
6,zm,f,20,index,True,118111,120007,/,2.2,1.2,2.2,1.2,2,3,0,1,change_ori,/,2,practice
6,zm,f,20,index,True,124740,125830,z,2.2,4.2,2.2,4.2,3,1,2,0,nochange_col,z,1,practice
6,zm,f,20,index,True,130484,136967,/,1.2,0.7,1.2,0.7,3,0,2,1,change_ori,/,2,practice
6,zm,f,20,index,True,141654,143383,z,0.7,4.2,4.2,0.7,2,0,1,3,nochange_ori,z,2,practice
6,zm,f,20,index,True,148050,149431,/,2.2,2.2,1.2,1.2,3,2,0,1,change_ori,/,3,practice
6,zm,f,20,index,True,154161,155446,z,0.7,2.2,0.7,2.2,2,1,3,0,nochange_ori,z,3,practice
6,zm,f,20,index,True,160055,160982,z,1.2,1.2,2.2,2.2,2,1,0,3,nochange_col,z,0,practice
6,zm,f,20,index,True,165615,166583,/,4.2,1.2,1.2,4.2,2,1,0,3,change_col,/,2,practice
6,zm,f,20,index,True,173446,174182,/,0.7,1.2,0.7,1.2,0,1,2,3,change_col,/,0,testing
6,zm,f,20,index,True,178939,180198,z,2.2,1.2,1.2,2.2,2,1,3,0,nochange_ori,z,2,testing
6,zm,f,20,index,True,184900,185942,z,1.2,0.7,0.7,1.2,1,0,3,2,nochange_ori,z,3,testing
6,zm,f,20,index,True,190611,191814,z,2.2,1.2,1.2,2.2,1,0,3,2,nochange_col,z,0,testing
6,zm,f,20,index,True,196522,197383,z,0.7,2.2,0.7,2.2,1,2,3,0,nochange_col,z,1,testing
6,zm,f,20,index,True,202099,204326,/,1.2,1.2,0.7,0.7,0,2,3,1,change_ori,/,1,testing
6,zm,f,20,index,True,208978,211286,z,4.2,0.7,0.7,4.2,3,2,1,0,nochange_ori,z,2,testing
6,zm,f,20,index,True,215874,218518,/,0.7,0.7,4.2,4.2,3,1,2,0,change_col,/,2,testing
6,zm,f,20,index,True,223187,224486,z,4.2,1.2,4.2,1.2,0,2,1,3,nochange_ori,z,0,testing
6,zm,f,20,index,True,229132,230247,z,2.2,2.2,4.2,4.2,2,1,3,0,nochange_col,z,0,testing
6,zm,f,20,index,True,234826,235670,/,0.7,2.2,2.2,0.7,0,3,2,1,change_col,/,2,testing
6,zm,f,20,index,True,240253,241814,z,1.2,1.2,0.7,0.7,2,3,0,1,nochange_ori,z,2,testing
6,zm,f,20,index,True,246480,247415,z,1.2,1.2,4.2,4.2,1,0,2,3,nochange_col,z,2,testing
6,zm,f,20,index,True,252057,253015,z,0.7,2.2,0.7,2.2,3,0,1,2,nochange_ori,z,1,testing
6,zm,f,20,index,True,257701,258854,/,0.7,4.2,0.7,4.2,1,2,0,3,change_ori,/,0,testing
6,zm,f,20,index,True,263612,266679,/,0.7,4.2,4.2,0.7,2,1,0,3,change_ori,/,0,testing
6,zm,f,20,index,True,271427,273623,z,4.2,1.2,1.2,4.2,2,3,1,0,nochange_ori,z,1,testing
6,zm,f,20,index,True,278373,280502,/,4.2,0.7,4.2,0.7,0,2,3,1,nochange_col,z,2,testing
6,zm,f,20,index,True,285085,287766,z,2.2,4.2,4.2,2.2,1,2,3,0,nochange_ori,z,2,testing
6,zm,f,20,index,True,292432,293782,z,1.2,0.7,1.2,0.7,2,3,1,0,nochange_col,z,3,testing
6,zm,f,20,index,True,298359,300438,/,4.2,4.2,1.2,1.2,2,1,3,0,change_col,/,2,testing
6,zm,f,20,index,True,305105,305942,/,4.2,4.2,0.7,0.7,1,3,2,0,change_col,/,3,testing
6,zm,f,20,index,True,310632,311686,/,0.7,1.2,1.2,0.7,0,3,2,1,change_ori,/,1,testing
6,zm,f,20,index,True,316376,317463,z,4.2,4.2,2.2,2.2,3,0,2,1,nochange_ori,z,1,testing
6,zm,f,20,index,True,322086,325318,z,0.7,0.7,2.2,2.2,1,0,2,3,change_ori,/,0,testing
6,zm,f,20,index,True,330067,331847,/,2.2,2.2,4.2,4.2,3,0,1,2,change_ori,/,0,testing
6,zm,f,20,index,True,336463,337543,z,2.2,0.7,0.7,2.2,0,2,1,3,nochange_col,z,1,testing
6,zm,f,20,index,True,342173,343286,/,0.7,4.2,4.2,0.7,3,2,0,1,change_ori,/,1,testing
6,zm,f,20,index,True,348034,348887,/,4.2,0.7,4.2,0.7,2,0,3,1,change_col,/,1,testing
6,zm,f,20,index,True,353611,354678,z,1.2,0.7,0.7,1.2,0,1,3,2,nochange_ori,z,2,testing
6,zm,f,20,index,True,359389,360166,/,2.2,2.2,0.7,0.7,2,1,0,3,change_col,/,3,testing
6,zm,f,20,index,True,364915,366374,z,0.7,4.2,4.2,0.7,1,3,2,0,nochange_ori,z,2,testing
6,zm,f,20,index,True,370993,372438,/,4.2,4.2,2.2,2.2,0,1,2,3,change_col,/,1,testing
6,zm,f,20,index,True,377187,378374,z,0.7,0.7,1.2,1.2,2,3,0,1,nochange_ori,z,2,testing
6,zm,f,20,index,True,383099,384087,/,2.2,0.7,0.7,2.2,1,2,0,3,change_ori,/,2,testing
6,zm,f,20,index,True,388843,389942,z,0.7,2.2,0.7,2.2,3,0,2,1,nochange_col,z,1,testing
6,zm,f,20,index,True,394703,395543,z,2.2,2.2,1.2,1.2,3,1,0,2,nochange_col,z,0,testing
6,zm,f,20,index,True,400264,401127,/,1.2,0.7,1.2,0.7,3,0,1,2,change_ori,/,3,testing
6,zm,f,20,index,True,405823,407574,z,1.2,1.2,0.7,0.7,3,1,0,2,change_ori,/,1,testing
6,zm,f,20,index,True,412336,419190,/,1.2,1.2,0.7,0.7,2,3,0,1,change_ori,/,0,testing
6,zm,f,20,index,True,423823,425109,z,4.2,1.2,4.2,1.2,3,0,1,2,nochange_col,z,1,testing
6,zm,f,20,index,True,429868,430534,/,4.2,4.2,1.2,1.2,3,0,1,2,change_col,/,0,testing
6,zm,f,20,index,True,435227,436166,z,2.2,2.2,0.7,0.7,3,2,1,0,nochange_ori,z,0,testing
6,zm,f,20,index,True,440821,442438,/,1.2,1.2,4.2,4.2,1,2,3,0,change_ori,/,0,testing
6,zm,f,20,index,True,447050,448230,z,1.2,2.2,2.2,1.2,2,0,1,3,nochange_col,z,1,testing
6,zm,f,20,index,True,452893,453686,z,4.2,4.2,0.7,0.7,1,0,2,3,nochange_col,z,0,testing
6,zm,f,20,index,True,458421,459719,z,0.7,0.7,1.2,1.2,3,1,0,2,nochange_col,z,0,testing
6,zm,f,20,index,True,464314,465799,z,0.7,2.2,0.7,2.2,0,2,1,3,nochange_col,z,3,testing
6,zm,f,20,index,True,470459,473383,/,1.2,1.2,0.7,0.7,1,3,0,2,change_col,/,0,testing
6,zm,f,20,index,True,477956,478694,z,0.7,0.7,1.2,1.2,0,1,2,3,nochange_col,z,0,testing
6,zm,f,20,index,True,483366,485015,z,0.7,4.2,0.7,4.2,1,0,2,3,nochange_ori,z,0,testing
6,zm,f,20,index,True,489728,490502,z,1.2,4.2,1.2,4.2,2,3,0,1,nochange_ori,z,1,testing
6,zm,f,20,index,True,495154,496343,/,4.2,0.7,4.2,0.7,0,1,3,2,nochange_ori,z,2,testing
6,zm,f,20,index,True,501032,502166,/,4.2,2.2,4.2,2.2,2,3,1,0,change_col,/,0,testing
6,zm,f,20,index,True,506809,507670,/,4.2,1.2,1.2,4.2,1,0,2,3,change_col,/,2,testing
6,zm,f,20,index,True,512319,513574,/,1.2,1.2,4.2,4.2,2,1,3,0,nochange_ori,z,3,testing
6,zm,f,20,index,True,518197,519206,/,1.2,1.2,2.2,2.2,2,1,0,3,change_ori,/,0,testing
6,zm,f,20,index,True,523791,524599,/,1.2,2.2,2.2,1.2,2,0,3,1,change_ori,/,3,testing
6,zm,f,20,index,True,529350,530790,/,0.7,0.7,1.2,1.2,1,2,0,3,change_ori,/,1,testing
6,zm,f,20,index,True,535495,536502,z,1.2,0.7,1.2,0.7,0,2,3,1,nochange_col,z,0,testing
6,zm,f,20,index,True,541122,542614,/,1.2,1.2,0.7,0.7,2,0,3,1,change_col,/,0,testing
6,zm,f,20,index,True,547284,548278,z,4.2,4.2,1.2,1.2,0,2,1,3,nochange_ori,z,0,testing
6,zm,f,20,index,True,552911,553734,/,1.2,0.7,1.2,0.7,2,0,3,1,change_ori,/,2,testing
6,zm,f,20,index,True,558454,559638,z,2.2,0.7,0.7,2.2,3,1,2,0,nochange_ori,z,1,testing
6,zm,f,20,index,True,564265,565334,/,2.2,0.7,2.2,0.7,2,3,1,0,change_col,/,2,testing
6,zm,f,20,index,True,570025,570742,/,2.2,2.2,0.7,0.7,0,1,2,3,change_col,/,2,testing
6,zm,f,20,index,True,575452,576902,z,2.2,2.2,0.7,0.7,3,1,0,2,nochange_ori,z,3,testing
6,zm,f,20,index,True,581597,582518,/,4.2,2.2,4.2,2.2,1,3,0,2,change_ori,/,2,testing
6,zm,f,20,index,True,587107,587910,z,4.2,4.2,0.7,0.7,0,3,1,2,nochange_col,z,0,testing
6,zm,f,20,index,True,592584,593526,z,4.2,1.2,1.2,4.2,0,2,3,1,nochange_col,z,3,testing
6,zm,f,20,index,True,598110,598901,z,2.2,1.2,1.2,2.2,3,2,0,1,nochange_col,z,3,testing
6,zm,f,20,index,True,603604,604645,/,1.2,0.7,0.7,1.2,1,3,0,2,change_col,/,2,testing
6,zm,f,20,index,True,609348,610934,/,4.2,0.7,4.2,0.7,0,3,1,2,change_ori,/,2,testing
6,zm,f,20,index,True,615576,617445,/,2.2,2.2,4.2,4.2,0,2,1,3,change_ori,/,0,testing
6,zm,f,20,index,True,622071,623286,/,2.2,1.2,2.2,1.2,1,2,3,0,change_col,/,1,testing
6,zm,f,20,index,True,627849,628918,/,1.2,2.2,1.2,2.2,1,3,2,0,change_col,/,2,testing
6,zm,f,20,index,True,633676,634854,z,2.2,4.2,4.2,2.2,2,3,1,0,nochange_col,z,0,testing
6,zm,f,20,index,True,639603,640325,/,1.2,1.2,0.7,0.7,2,0,3,1,change_col,/,2,testing
6,zm,f,20,index,True,644947,645942,/,0.7,2.2,2.2,0.7,1,3,2,0,change_col,/,1,testing
6,zm,f,20,index,True,650507,656006,/,4.2,2.2,4.2,2.2,1,0,3,2,change_ori,/,1,testing
6,zm,f,20,index,True,663230,665477,/,2.2,0.7,2.2,0.7,2,3,1,0,change_ori,/,1,testing
6,zm,f,20,index,True,670160,671430,z,0.7,2.2,0.7,2.2,0,1,2,3,nochange_ori,z,0,testing
6,zm,f,20,index,True,676037,677302,z,1.2,0.7,1.2,0.7,3,0,2,1,nochange_col,z,1,testing
6,zm,f,20,index,True,681965,683622,z,0.7,2.2,2.2,0.7,3,1,0,2,nochange_ori,z,3,testing
6,zm,f,20,index,True,688226,689542,z,1.2,2.2,1.2,2.2,2,1,0,3,nochange_ori,z,1,testing
6,zm,f,20,index,True,694154,695206,/,2.2,1.2,2.2,1.2,3,0,1,2,change_col,/,3,testing
6,zm,f,20,index,True,699831,701094,z,0.7,0.7,2.2,2.2,0,3,2,1,nochange_ori,z,2,testing
6,zm,f,20,index,True,705759,706966,z,0.7,0.7,4.2,4.2,2,1,0,3,nochange_ori,z,3,testing
6,zm,f,20,index,True,711652,713158,/,0.7,2.2,2.2,0.7,2,0,3,1,change_ori,/,3,testing
6,zm,f,20,index,True,717914,720662,/,1.2,1.2,2.2,2.2,1,0,3,2,change_ori,/,2,testing
6,zm,f,20,index,True,725311,727014,z,2.2,2.2,1.2,1.2,2,3,1,0,nochange_ori,z,0,testing
6,zm,f,20,index,True,731640,733750,z,2.2,2.2,4.2,4.2,2,1,0,3,nochange_col,z,1,testing
6,zm,f,20,index,True,738435,739558,z,1.2,0.7,1.2,0.7,3,2,0,1,nochange_ori,z,1,testing
6,zm,f,20,index,True,744196,745958,z,1.2,1.2,2.2,2.2,1,0,2,3,nochange_ori,z,1,testing
6,zm,f,20,index,True,750574,751494,z,1.2,2.2,2.2,1.2,2,3,0,1,nochange_col,z,1,testing
6,zm,f,20,index,True,756201,757094,z,1.2,4.2,4.2,1.2,1,0,2,3,nochange_ori,z,2,testing
6,zm,f,20,index,True,761811,763494,z,4.2,4.2,2.2,2.2,2,0,3,1,nochange_col,z,2,testing
6,zm,f,20,index,True,768123,771606,/,0.7,0.7,1.2,1.2,3,0,2,1,change_ori,/,1,testing
6,zm,f,20,index,True,776271,777222,z,2.2,0.7,2.2,0.7,0,2,3,1,nochange_col,z,0,testing
6,zm,f,20,index,True,781982,783157,z,4.2,0.7,4.2,0.7,0,3,1,2,nochange_col,z,3,testing
6,zm,f,20,index,True,787826,789270,/,4.2,1.2,1.2,4.2,2,3,1,0,change_col,/,1,testing
6,zm,f,20,index,True,794020,795237,/,1.2,4.2,4.2,1.2,1,3,2,0,change_ori,/,2,testing
6,zm,f,20,index,True,799865,801494,/,4.2,1.2,4.2,1.2,2,0,3,1,change_col,/,3,testing
6,zm,f,20,index,True,806076,807382,z,4.2,2.2,4.2,2.2,3,1,2,0,nochange_col,z,3,testing
6,zm,f,20,index,True,812071,813189,/,1.2,2.2,1.2,2.2,2,0,3,1,change_ori,/,2,testing
6,zm,f,20,index,True,817948,819094,/,2.2,0.7,0.7,2.2,0,1,3,2,change_ori,/,0,testing
6,zm,f,20,index,True,823676,824662,z,4.2,1.2,4.2,1.2,2,1,0,3,nochange_col,z,1,testing
6,zm,f,20,index,True,829286,829989,/,0.7,0.7,4.2,4.2,1,0,3,2,change_col,/,0,testing
6,zm,f,20,index,True,834596,835782,z,0.7,0.7,2.2,2.2,2,0,3,1,nochange_col,z,2,testing
6,zm,f,20,index,True,840507,841813,z,1.2,4.2,1.2,4.2,1,2,3,0,nochange_ori,z,0,testing
6,zm,f,20,index,True,846567,848694,/,1.2,4.2,4.2,1.2,0,1,3,2,change_ori,/,1,testing
6,zm,f,20,index,True,853347,854246,z,0.7,1.2,0.7,1.2,1,3,0,2,nochange_col,z,3,testing
6,zm,f,20,index,True,858874,860101,/,0.7,0.7,4.2,4.2,2,0,3,1,change_col,/,3,testing
6,zm,f,20,index,True,864767,865926,/,2.2,1.2,2.2,1.2,2,0,1,3,change_col,/,2,testing
6,zm,f,20,index,True,870612,871910,z,1.2,1.2,0.7,0.7,1,3,0,2,nochange_ori,z,3,testing
6,zm,f,20,index,True,876506,877813,/,0.7,0.7,4.2,4.2,3,0,1,2,change_ori,/,3,testing
6,zm,f,20,index,True,882384,883445,z,4.2,4.2,0.7,0.7,3,2,0,1,nochange_ori,z,3,testing
6,zm,f,20,index,True,888127,889078,/,1.2,4.2,1.2,4.2,0,3,1,2,change_ori,/,2,testing
6,zm,f,20,index,True,893805,894822,z,4.2,1.2,4.2,1.2,1,3,2,0,nochange_col,z,0,testing
6,zm,f,20,index,True,899515,900294,z,0.7,2.2,2.2,0.7,1,3,2,0,nochange_col,z,2,testing
6,zm,f,20,index,True,904941,906822,/,0.7,0.7,4.2,4.2,0,2,3,1,change_col,/,1,testing
6,zm,f,20,index,True,911403,914038,/,1.2,1.2,2.2,2.2,3,0,1,2,change_col,/,2,testing
6,zm,f,20,index,True,918600,919397,/,2.2,2.2,1.2,1.2,2,1,3,0,change_col,/,2,testing
6,zm,f,20,index,True,924127,924950,z,4.2,4.2,1.2,1.2,0,2,3,1,nochange_col,z,2,testing
6,zm,f,20,index,True,929671,930502,/,1.2,4.2,4.2,1.2,3,0,1,2,change_col,/,1,testing
6,zm,f,20,index,True,935063,935782,/,2.2,1.2,2.2,1.2,0,2,3,1,change_col,/,0,testing
6,zm,f,20,index,True,940407,942693,/,2.2,2.2,4.2,4.2,1,3,0,2,change_ori,/,2,testing
6,zm,f,20,index,True,947286,949941,/,4.2,0.7,0.7,4.2,0,2,1,3,change_col,/,2,testing
6,zm,f,20,index,True,954616,956342,/,4.2,1.2,4.2,1.2,1,2,3,0,change_ori,/,3,testing
6,zm,f,20,index,True,961045,961670,/,1.2,0.7,0.7,1.2,3,1,2,0,change_col,/,1,testing
6,zm,f,20,index,True,966305,968054,z,4.2,4.2,1.2,1.2,2,1,0,3,nochange_ori,z,1,testing
6,zm,f,20,index,True,972682,973510,z,2.2,4.2,2.2,4.2,1,3,2,0,nochange_col,z,0,testing
6,zm,f,20,index,True,978177,978997,z,2.2,2.2,4.2,4.2,1,3,0,2,nochange_col,z,0,testing
6,zm,f,20,index,True,983753,984677,/,0.7,2.2,0.7,2.2,1,0,2,3,change_ori,/,1,testing
6,zm,f,20,index,True,989247,990645,/,2.2,1.2,1.2,2.2,3,2,1,0,change_ori,/,1,testing
6,zm,f,20,index,True,995241,996374,z,2.2,2.2,0.7,0.7,0,1,3,2,nochange_ori,z,1,testing
6,zm,f,20,index,True,1001035,1002149,/,4.2,1.2,1.2,4.2,2,0,1,3,change_col,/,0,testing
6,zm,f,20,index,True,1006846,1007638,/,0.7,1.2,0.7,1.2,3,0,2,1,change_col,/,1,testing
6,zm,f,20,index,True,1012339,1013061,z,2.2,1.2,2.2,1.2,0,3,2,1,nochange_col,z,0,testing
6,zm,f,20,index,True,1017782,1019557,z,1.2,2.2,1.2,2.2,0,2,3,1,nochange_col,z,1,testing
6,zm,f,20,index,True,1024161,1026246,/,0.7,4.2,0.7,4.2,1,2,0,3,change_ori,/,0,testing
6,zm,f,20,index,True,1030940,1031798,z,2.2,2.2,0.7,0.7,2,1,0,3,nochange_ori,z,3,testing
6,zm,f,20,index,True,1036516,1038166,z,4.2,0.7,4.2,0.7,2,3,1,0,nochange_ori,z,0,testing
6,zm,f,20,index,True,1042879,1048069,/,4.2,4.2,0.7,0.7,2,3,0,1,change_ori,/,0,testing
6,zm,f,20,index,True,1052730,1054342,z,0.7,1.2,1.2,0.7,1,3,2,0,nochange_col,z,1,testing
6,zm,f,20,index,True,1058991,1060886,z,2.2,2.2,1.2,1.2,3,2,1,0,nochange_ori,z,1,testing
6,zm,f,20,index,True,1065587,1067317,/,4.2,2.2,2.2,4.2,1,2,3,0,change_ori,/,2,testing
6,zm,f,20,index,True,1071982,1073669,z,4.2,0.7,4.2,0.7,0,3,2,1,nochange_ori,z,2,testing
6,zm,f,20,index,True,1078393,1080613,z,1.2,2.2,1.2,2.2,1,0,3,2,nochange_ori,z,3,testing
6,zm,f,20,index,True,1085356,1086550,/,1.2,2.2,1.2,2.2,0,2,3,1,change_col,/,3,testing
6,zm,f,20,index,True,1091234,1094341,z,2.2,2.2,0.7,0.7,1,3,0,2,nochange_ori,z,0,testing
6,zm,f,20,index,True,1098932,1102357,/,0.7,1.2,1.2,0.7,2,0,1,3,change_ori,/,0,testing
6,zm,f,20,index,True,1107047,1108550,/,0.7,0.7,4.2,4.2,1,0,2,3,change_ori,/,2,testing
6,zm,f,20,index,True,1113191,1115974,z,1.2,2.2,1.2,2.2,0,3,2,1,change_col,/,3,testing
6,zm,f,20,index,True,1120672,1121510,z,0.7,1.2,1.2,0.7,1,3,2,0,nochange_col,z,0,testing
6,zm,f,20,index,True,1126215,1127061,/,4.2,4.2,2.2,2.2,1,3,2,0,change_ori,/,2,testing
6,zm,f,20,index,True,1131675,1132470,z,2.2,4.2,2.2,4.2,1,0,2,3,nochange_col,z,2,testing
6,zm,f,20,index,True,1137068,1138262,/,2.2,0.7,2.2,0.7,2,3,0,1,change_col,/,0,testing
6,zm,f,20,index,True,1142946,1144085,/,0.7,1.2,0.7,1.2,3,1,0,2,change_col,/,1,testing
6,zm,f,20,index,True,1148724,1150069,/,1.2,0.7,0.7,1.2,3,1,0,2,change_col,/,3,testing
