subj,name,gender,age,cond,P_resp,P_startTime,P_respTime,P_gotKey,sf1,sf2,sf3,sf4,ord_1,ord_2,ord_3,ord_4,task,correct_key,no_change,mode
7,hy,f,20,index,True,46449,47119,z,4.2,1.2,1.2,4.2,0,3,1,2,nochange_col,z,0,practice
7,hy,f,20,index,True,51693,52783,z,0.7,1.2,0.7,1.2,3,2,1,0,nochange_col,z,1,practice
7,hy,f,20,index,True,57453,58782,z,1.2,4.2,1.2,4.2,3,1,2,0,nochange_ori,z,3,practice
7,hy,f,20,index,True,63482,64736,z,1.2,4.2,4.2,1.2,1,0,3,2,nochange_ori,z,0,practice
7,hy,f,20,index,True,69375,70431,z,2.2,2.2,0.7,0.7,3,2,0,1,nochange_ori,z,1,practice
7,hy,f,20,index,True,75019,76240,/,2.2,0.7,2.2,0.7,3,2,1,0,change_ori,/,1,practice
7,hy,f,20,index,True,80880,81823,/,2.2,2.2,1.2,1.2,1,0,2,3,change_col,/,0,practice
7,hy,f,20,index,True,86540,88240,/,4.2,0.7,4.2,0.7,2,1,0,3,nochange_col,z,2,practice
7,hy,f,20,index,True,92952,93807,/,4.2,1.2,1.2,4.2,0,2,1,3,change_ori,/,2,practice
7,hy,f,20,index,True,98462,99647,/,4.2,2.2,2.2,4.2,3,1,2,0,change_ori,/,1,practice
7,hy,f,20,index,True,104373,106159,z,4.2,2.2,2.2,4.2,0,3,1,2,nochange_ori,z,2,practice
7,hy,f,20,index,True,110885,112607,z,0.7,2.2,2.2,0.7,1,3,0,2,nochange_ori,z,2,practice
7,hy,f,20,index,True,117197,118015,/,2.2,4.2,2.2,4.2,0,2,3,1,change_col,/,0,practice
7,hy,f,20,index,True,122623,125807,/,1.2,4.2,1.2,4.2,3,0,2,1,change_ori,/,2,practice
7,hy,f,20,index,True,130488,131423,/,0.7,0.7,2.2,2.2,0,1,3,2,change_col,/,2,practice
7,hy,f,20,index,True,136149,137231,/,0.7,2.2,2.2,0.7,0,2,1,3,change_col,/,0,practice
7,hy,f,20,index,True,141842,142703,z,2.2,2.2,0.7,0.7,0,1,3,2,nochange_col,z,2,practice
7,hy,f,20,index,True,147452,148255,/,1.2,2.2,1.2,2.2,0,3,2,1,change_col,/,1,practice
7,hy,f,20,index,True,152979,154047,/,0.7,2.2,0.7,2.2,3,2,0,1,change_ori,/,0,practice
7,hy,f,20,index,True,158640,159471,z,2.2,0.7,0.7,2.2,1,2,3,0,nochange_col,z,3,practice
7,hy,f,20,index,True,166754,168032,/,4.2,4.2,2.2,2.2,3,0,1,2,change_ori,/,1,testing
7,hy,f,20,index,True,172732,174735,/,2.2,2.2,0.7,0.7,0,3,1,2,change_ori,/,1,testing
7,hy,f,20,index,True,179428,181151,/,2.2,4.2,2.2,4.2,0,1,3,2,change_ori,/,2,testing
7,hy,f,20,index,True,185873,187135,/,4.2,2.2,4.2,2.2,1,0,2,3,change_ori,/,2,testing
7,hy,f,20,index,True,191750,193103,/,2.2,0.7,2.2,0.7,1,0,2,3,change_ori,/,1,testing
7,hy,f,20,index,True,197762,198542,z,1.2,2.2,2.2,1.2,3,0,1,2,nochange_col,z,3,testing
7,hy,f,20,index,True,203155,204527,/,1.2,4.2,4.2,1.2,0,1,2,3,nochange_col,z,2,testing
7,hy,f,20,index,True,209115,210367,/,4.2,1.2,4.2,1.2,2,1,3,0,change_ori,/,1,testing
7,hy,f,20,index,True,214993,216655,z,0.7,0.7,1.2,1.2,2,0,1,3,nochange_ori,z,0,testing
7,hy,f,20,index,True,221355,222255,z,1.2,2.2,1.2,2.2,3,2,0,1,nochange_ori,z,2,testing
7,hy,f,20,index,True,226915,228319,/,1.2,4.2,4.2,1.2,1,0,3,2,change_ori,/,2,testing
7,hy,f,20,index,True,232976,233791,z,0.7,1.2,0.7,1.2,1,0,3,2,nochange_col,z,3,testing
7,hy,f,20,index,True,238453,239215,z,2.2,1.2,1.2,2.2,1,0,2,3,nochange_ori,z,3,testing
7,hy,f,20,index,True,243846,245647,/,1.2,2.2,1.2,2.2,2,0,1,3,change_ori,/,1,testing
7,hy,f,20,index,True,250324,251103,/,0.7,1.2,0.7,1.2,2,0,3,1,change_ori,/,1,testing
7,hy,f,20,index,True,255835,256687,z,1.2,4.2,1.2,4.2,1,0,2,3,nochange_ori,z,3,testing
7,hy,f,20,index,True,261411,262943,z,1.2,2.2,1.2,2.2,3,0,1,2,nochange_ori,z,3,testing
7,hy,f,20,index,True,267673,268527,/,4.2,1.2,4.2,1.2,0,2,3,1,change_col,/,2,testing
7,hy,f,20,index,True,273283,274031,z,1.2,0.7,0.7,1.2,3,1,0,2,nochange_col,z,3,testing
7,hy,f,20,index,True,278778,279615,/,2.2,2.2,0.7,0.7,3,2,1,0,change_col,/,0,testing
7,hy,f,20,index,True,284287,285295,/,0.7,0.7,4.2,4.2,0,1,2,3,change_col,/,2,testing
7,hy,f,20,index,True,289898,291247,/,4.2,2.2,2.2,4.2,1,0,2,3,nochange_col,z,1,testing
7,hy,f,20,index,True,295842,297023,/,1.2,1.2,0.7,0.7,0,2,1,3,change_col,/,1,testing
7,hy,f,20,index,True,301686,302975,z,0.7,4.2,0.7,4.2,1,0,2,3,nochange_ori,z,2,testing
7,hy,f,20,index,True,307580,308191,z,2.2,4.2,2.2,4.2,3,1,2,0,nochange_col,z,0,testing
7,hy,f,20,index,True,312806,313935,/,4.2,1.2,1.2,4.2,2,1,3,0,change_ori,/,1,testing
7,hy,f,20,index,True,318533,319263,/,1.2,4.2,1.2,4.2,3,1,0,2,change_col,/,2,testing
7,hy,f,20,index,True,323944,324767,z,4.2,1.2,4.2,1.2,0,3,2,1,nochange_col,z,1,testing
7,hy,f,20,index,True,329354,330015,z,1.2,4.2,1.2,4.2,3,0,2,1,nochange_col,z,2,testing
7,hy,f,20,index,True,334746,335295,z,4.2,0.7,4.2,0.7,2,1,0,3,nochange_col,z,2,testing
7,hy,f,20,index,True,339873,340719,/,0.7,1.2,1.2,0.7,2,0,3,1,change_ori,/,0,testing
7,hy,f,20,index,True,345366,346735,z,1.2,4.2,4.2,1.2,2,1,0,3,nochange_ori,z,0,testing
7,hy,f,20,index,True,351478,352191,/,0.7,0.7,4.2,4.2,0,3,2,1,change_col,/,0,testing
7,hy,f,20,index,True,356787,357967,/,4.2,1.2,4.2,1.2,0,1,2,3,change_col,/,3,testing
7,hy,f,20,index,True,362565,363198,z,0.7,0.7,4.2,4.2,2,3,1,0,nochange_col,z,1,testing
7,hy,f,20,index,True,367924,368831,z,1.2,0.7,1.2,0.7,0,3,1,2,nochange_ori,z,1,testing
7,hy,f,20,index,True,373468,374223,/,1.2,4.2,4.2,1.2,1,3,0,2,change_col,/,0,testing
7,hy,f,20,index,True,378945,380255,/,0.7,4.2,4.2,0.7,1,0,2,3,change_col,/,1,testing
7,hy,f,20,index,True,384955,386143,z,4.2,4.2,0.7,0.7,1,0,2,3,nochange_ori,z,0,testing
7,hy,f,20,index,True,390833,391631,/,2.2,2.2,4.2,4.2,1,0,2,3,change_ori,/,3,testing
7,hy,f,20,index,True,396260,398335,z,2.2,2.2,1.2,1.2,2,0,3,1,nochange_ori,z,3,testing
7,hy,f,20,index,True,403039,404078,z,4.2,4.2,2.2,2.2,3,0,2,1,nochange_col,z,2,testing
7,hy,f,20,index,True,408666,409246,/,4.2,4.2,1.2,1.2,2,1,3,0,change_col,/,0,testing
7,hy,f,20,index,True,413926,415407,/,1.2,0.7,1.2,0.7,3,0,1,2,change_col,/,1,testing
7,hy,f,20,index,True,420071,421103,z,4.2,4.2,2.2,2.2,0,1,3,2,nochange_ori,z,0,testing
7,hy,f,20,index,True,425747,426559,z,1.2,1.2,4.2,4.2,0,3,2,1,nochange_col,z,3,testing
7,hy,f,20,index,True,431224,432559,z,4.2,1.2,1.2,4.2,3,2,0,1,nochange_ori,z,2,testing
7,hy,f,20,index,True,437319,437998,z,0.7,4.2,0.7,4.2,0,3,1,2,nochange_ori,z,1,testing
7,hy,f,20,index,True,442661,443407,/,2.2,1.2,1.2,2.2,0,1,2,3,change_col,/,3,testing
7,hy,f,20,index,True,448022,449263,/,1.2,0.7,1.2,0.7,3,1,0,2,change_ori,/,0,testing
7,hy,f,20,index,True,453983,454830,z,1.2,1.2,0.7,0.7,2,1,0,3,nochange_ori,z,3,testing
7,hy,f,20,index,True,459426,461103,/,1.2,1.2,0.7,0.7,3,0,1,2,change_col,/,0,testing
7,hy,f,20,index,True,465804,466527,/,1.2,4.2,1.2,4.2,2,0,3,1,change_ori,/,3,testing
7,hy,f,20,index,True,471264,471950,z,0.7,2.2,0.7,2.2,3,2,0,1,nochange_ori,z,1,testing
7,hy,f,20,index,True,476574,478767,/,4.2,1.2,1.2,4.2,1,0,3,2,change_ori,/,2,testing
7,hy,f,20,index,True,483453,484127,/,1.2,2.2,2.2,1.2,3,1,2,0,change_col,/,3,testing
7,hy,f,20,index,True,488864,490238,z,0.7,1.2,1.2,0.7,1,3,0,2,nochange_col,z,1,testing
7,hy,f,20,index,True,494858,496414,z,0.7,0.7,4.2,4.2,3,2,0,1,nochange_col,z,3,testing
7,hy,f,20,index,True,501002,502767,/,2.2,2.2,1.2,1.2,1,2,3,0,change_ori,/,0,testing
7,hy,f,20,index,True,507414,508350,z,0.7,0.7,1.2,1.2,1,0,3,2,nochange_col,z,3,testing
7,hy,f,20,index,True,513074,513807,z,2.2,2.2,1.2,1.2,2,3,1,0,nochange_ori,z,1,testing
7,hy,f,20,index,True,518401,519630,/,4.2,4.2,1.2,1.2,1,2,0,3,nochange_ori,z,1,testing
7,hy,f,20,index,True,524345,525918,z,1.2,0.7,1.2,0.7,2,1,3,0,nochange_ori,z,0,testing
7,hy,f,20,index,True,530507,531183,/,1.2,2.2,1.2,2.2,1,3,2,0,change_col,/,2,testing
7,hy,f,20,index,True,535933,536943,z,0.7,2.2,2.2,0.7,0,3,2,1,nochange_ori,z,3,testing
7,hy,f,20,index,True,541660,543006,/,1.2,0.7,0.7,1.2,2,1,3,0,change_ori,/,0,testing
7,hy,f,20,index,True,547605,548927,/,0.7,4.2,0.7,4.2,3,1,2,0,change_ori,/,0,testing
7,hy,f,20,index,True,553599,554431,/,4.2,4.2,2.2,2.2,1,2,0,3,change_col,/,2,testing
7,hy,f,20,index,True,558995,560015,z,4.2,4.2,0.7,0.7,1,3,2,0,nochange_ori,z,0,testing
7,hy,f,20,index,True,564669,565599,z,0.7,0.7,1.2,1.2,2,1,0,3,nochange_col,z,3,testing
7,hy,f,20,index,True,570213,570943,z,1.2,0.7,1.2,0.7,0,2,3,1,nochange_col,z,0,testing
7,hy,f,20,index,True,575623,576414,/,0.7,2.2,2.2,0.7,1,3,0,2,change_col,/,3,testing
7,hy,f,20,index,True,581067,582511,/,2.2,0.7,0.7,2.2,1,2,3,0,change_ori,/,1,testing
7,hy,f,20,index,True,587228,588175,/,1.2,1.2,2.2,2.2,1,2,3,0,nochange_col,z,3,testing
7,hy,f,20,index,True,592771,594573,/,4.2,2.2,2.2,4.2,1,0,3,2,change_ori,/,2,testing
7,hy,f,20,index,True,599150,599887,/,1.2,1.2,4.2,4.2,1,2,3,0,change_col,/,0,testing
7,hy,f,20,index,True,604509,605183,/,2.2,0.7,2.2,0.7,0,2,1,3,change_col,/,2,testing
7,hy,f,20,index,True,609820,610542,/,0.7,0.7,2.2,2.2,1,0,3,2,change_col,/,1,testing
7,hy,f,20,index,True,615313,616174,z,0.7,1.2,1.2,0.7,1,0,2,3,nochange_col,z,1,testing
7,hy,f,20,index,True,620773,621566,z,0.7,4.2,0.7,4.2,3,1,0,2,nochange_col,z,1,testing
7,hy,f,20,index,True,630608,631646,z,2.2,1.2,2.2,1.2,2,3,0,1,nochange_ori,z,3,testing
7,hy,f,20,index,True,636301,637741,/,1.2,4.2,4.2,1.2,2,3,0,1,change_ori,/,2,testing
7,hy,f,20,index,True,642379,643262,/,1.2,0.7,1.2,0.7,3,1,2,0,change_ori,/,3,testing
7,hy,f,20,index,True,648023,649325,z,2.2,2.2,0.7,0.7,3,0,2,1,nochange_col,z,1,testing
7,hy,f,20,index,True,654033,654494,z,1.2,1.2,4.2,4.2,1,3,2,0,nochange_col,z,3,testing
7,hy,f,20,index,True,659194,659983,/,1.2,2.2,1.2,2.2,3,0,1,2,change_col,/,1,testing
7,hy,f,20,index,True,664737,665998,z,1.2,0.7,0.7,1.2,2,1,0,3,nochange_col,z,3,testing
7,hy,f,20,index,True,670681,671519,z,2.2,2.2,1.2,1.2,2,0,1,3,nochange_ori,z,0,testing
7,hy,f,20,index,True,676258,677086,z,1.2,2.2,2.2,1.2,1,2,0,3,nochange_col,z,3,testing
7,hy,f,20,index,True,681701,682735,z,1.2,4.2,1.2,4.2,2,0,1,3,nochange_col,z,0,testing
7,hy,f,20,index,True,687378,688399,/,4.2,2.2,4.2,2.2,0,2,1,3,change_col,/,2,testing
7,hy,f,20,index,True,693156,693949,z,2.2,1.2,2.2,1.2,0,3,2,1,nochange_ori,z,1,testing
7,hy,f,20,index,True,698566,699294,/,1.2,1.2,2.2,2.2,2,0,3,1,change_col,/,2,testing
7,hy,f,20,index,True,703976,705294,z,0.7,2.2,0.7,2.2,2,1,3,0,nochange_ori,z,1,testing
7,hy,f,20,index,True,710003,710655,z,0.7,0.7,4.2,4.2,1,2,0,3,nochange_col,z,1,testing
7,hy,f,20,index,True,715329,716191,/,0.7,4.2,4.2,0.7,0,2,1,3,change_col,/,1,testing
7,hy,f,20,index,True,720840,721742,z,4.2,0.7,0.7,4.2,0,1,2,3,nochange_col,z,3,testing
7,hy,f,20,index,True,726317,727326,/,0.7,1.2,1.2,0.7,3,0,2,1,change_ori,/,3,testing
7,hy,f,20,index,True,732077,732974,/,0.7,0.7,4.2,4.2,1,3,2,0,change_col,/,3,testing
7,hy,f,20,index,True,737671,740638,/,2.2,2.2,0.7,0.7,0,1,2,3,nochange_ori,z,0,testing
7,hy,f,20,index,True,745235,746271,z,4.2,0.7,0.7,4.2,1,2,0,3,nochange_ori,z,1,testing
7,hy,f,20,index,True,750912,751758,z,1.2,1.2,0.7,0.7,3,2,0,1,nochange_col,z,0,testing
7,hy,f,20,index,True,756455,757342,/,1.2,1.2,2.2,2.2,1,2,0,3,change_col,/,1,testing
7,hy,f,20,index,True,761999,763103,z,2.2,0.7,2.2,0.7,0,3,1,2,nochange_ori,z,2,testing
7,hy,f,20,index,True,767709,768607,/,0.7,4.2,0.7,4.2,2,1,0,3,change_ori,/,3,testing
7,hy,f,20,index,True,773220,774447,z,4.2,2.2,4.2,2.2,2,3,0,1,nochange_ori,z,2,testing
7,hy,f,20,index,True,779181,780767,z,2.2,0.7,2.2,0.7,3,2,0,1,nochange_ori,z,0,testing
7,hy,f,20,index,True,785458,786078,/,4.2,2.2,4.2,2.2,2,1,3,0,change_col,/,2,testing
7,hy,f,20,index,True,790752,791582,/,4.2,4.2,1.2,1.2,3,0,1,2,change_ori,/,0,testing
7,hy,f,20,index,True,796145,796958,/,0.7,1.2,1.2,0.7,3,1,2,0,change_col,/,1,testing
7,hy,f,20,index,True,801639,802430,/,1.2,1.2,0.7,0.7,2,1,0,3,change_ori,/,1,testing
7,hy,f,20,index,True,807065,808031,/,2.2,0.7,0.7,2.2,3,2,0,1,change_ori,/,2,testing
7,hy,f,20,index,True,812776,813502,/,1.2,0.7,1.2,0.7,3,1,2,0,change_col,/,1,testing
7,hy,f,20,index,True,818102,818830,/,0.7,4.2,4.2,0.7,3,0,2,1,change_col,/,1,testing
7,hy,f,20,index,True,823562,825438,/,2.2,0.7,0.7,2.2,2,3,0,1,change_ori,/,0,testing
7,hy,f,20,index,True,830174,831598,z,2.2,1.2,2.2,1.2,0,2,3,1,nochange_ori,z,3,testing
7,hy,f,20,index,True,836335,836990,z,2.2,0.7,2.2,0.7,0,3,1,2,nochange_ori,z,3,testing
7,hy,f,20,index,True,841662,843646,z,4.2,4.2,2.2,2.2,0,1,2,3,nochange_ori,z,2,testing
7,hy,f,20,index,True,848291,849390,/,4.2,1.2,4.2,1.2,1,0,3,2,change_ori,/,1,testing
7,hy,f,20,index,True,854102,854974,/,1.2,4.2,1.2,4.2,2,3,1,0,change_ori,/,3,testing
7,hy,f,20,index,True,859712,860766,z,2.2,0.7,0.7,2.2,2,3,0,1,nochange_ori,z,1,testing
7,hy,f,20,index,True,865422,866110,z,1.2,2.2,1.2,2.2,2,0,1,3,nochange_col,z,0,testing
7,hy,f,20,index,True,870682,872702,/,1.2,0.7,0.7,1.2,0,3,1,2,change_ori,/,2,testing
7,hy,f,20,index,True,877311,877997,z,0.7,4.2,0.7,4.2,1,3,0,2,nochange_col,z,2,testing
7,hy,f,20,index,True,882655,883422,/,4.2,1.2,4.2,1.2,3,2,1,0,change_col,/,0,testing
7,hy,f,20,index,True,888181,889581,/,1.2,2.2,2.2,1.2,1,2,0,3,change_ori,/,0,testing
7,hy,f,20,index,True,894342,895390,z,4.2,4.2,1.2,1.2,3,1,2,0,nochange_ori,z,3,testing
7,hy,f,20,index,True,900003,900606,z,2.2,1.2,2.2,1.2,1,2,0,3,nochange_ori,z,1,testing
7,hy,f,20,index,True,905229,905854,z,1.2,0.7,0.7,1.2,2,1,3,0,nochange_col,z,2,testing
7,hy,f,20,index,True,910573,911758,/,1.2,4.2,1.2,4.2,0,2,3,1,change_ori,/,2,testing
7,hy,f,20,index,True,916516,917422,/,2.2,4.2,2.2,4.2,1,0,2,3,change_col,/,1,testing
7,hy,f,20,index,True,921993,922573,z,1.2,2.2,2.2,1.2,3,1,2,0,nochange_col,z,3,testing
7,hy,f,20,index,True,927169,927869,z,0.7,2.2,2.2,0.7,2,1,3,0,nochange_col,z,1,testing
7,hy,f,20,index,True,932546,933615,/,0.7,0.7,4.2,4.2,3,0,2,1,change_col,/,0,testing
7,hy,f,20,index,True,938240,939438,z,1.2,4.2,1.2,4.2,3,0,1,2,nochange_col,z,2,testing
7,hy,f,20,index,True,944184,944782,/,1.2,4.2,1.2,4.2,0,1,3,2,change_col,/,3,testing
7,hy,f,20,index,True,949410,950527,z,4.2,4.2,2.2,2.2,0,2,3,1,nochange_col,z,0,testing
7,hy,f,20,index,True,955137,955934,/,1.2,1.2,2.2,2.2,3,0,2,1,change_col,/,1,testing
7,hy,f,20,index,True,960631,961598,z,2.2,4.2,2.2,4.2,3,2,1,0,nochange_col,z,2,testing
7,hy,f,20,index,True,966207,966990,z,1.2,0.7,1.2,0.7,1,0,3,2,nochange_ori,z,1,testing
7,hy,f,20,index,True,971735,973054,z,1.2,0.7,1.2,0.7,1,3,0,2,nochange_ori,z,0,testing
7,hy,f,20,index,True,977745,978254,z,4.2,0.7,4.2,0.7,2,1,3,0,nochange_col,z,2,testing
7,hy,f,20,index,True,982972,984110,z,4.2,2.2,2.2,4.2,2,1,3,0,nochange_ori,z,3,testing
7,hy,f,20,index,True,988682,989902,/,4.2,4.2,2.2,2.2,1,3,2,0,change_ori,/,3,testing
7,hy,f,20,index,True,994560,995470,/,2.2,0.7,0.7,2.2,3,1,0,2,change_ori,/,2,testing
7,hy,f,20,index,True,1000220,1001230,z,0.7,0.7,2.2,2.2,0,1,3,2,nochange_col,z,0,testing
7,hy,f,20,index,True,1005981,1007694,/,1.2,1.2,2.2,2.2,0,2,3,1,change_col,/,0,testing
7,hy,f,20,index,True,1012259,1013246,/,2.2,4.2,2.2,4.2,2,3,0,1,change_col,/,1,testing
7,hy,f,20,index,True,1017987,1018702,/,0.7,4.2,0.7,4.2,3,2,1,0,change_col,/,0,testing
7,hy,f,20,index,True,1023463,1024398,/,1.2,0.7,1.2,0.7,3,2,1,0,change_ori,/,3,testing
7,hy,f,20,index,True,1028973,1029917,/,4.2,2.2,4.2,2.2,2,1,3,0,change_ori,/,2,testing
7,hy,f,20,index,True,1034600,1036206,/,2.2,1.2,2.2,1.2,0,1,3,2,change_col,/,0,testing
7,hy,f,20,index,True,1040878,1041885,z,0.7,0.7,2.2,2.2,0,2,3,1,nochange_ori,z,3,testing
7,hy,f,20,index,True,1046522,1047438,/,1.2,1.2,0.7,0.7,2,3,1,0,change_ori,/,2,testing
7,hy,f,20,index,True,1052183,1053166,z,0.7,4.2,4.2,0.7,2,0,1,3,nochange_col,z,1,testing
7,hy,f,20,index,True,1057793,1058606,/,1.2,0.7,1.2,0.7,2,0,3,1,change_col,/,2,testing
7,hy,f,20,index,True,1063169,1064558,/,1.2,1.2,4.2,4.2,0,3,2,1,change_ori,/,2,testing
7,hy,f,20,index,True,1069264,1070894,z,4.2,4.2,0.7,0.7,2,0,3,1,nochange_ori,z,1,testing
7,hy,f,20,index,True,1075526,1076110,z,0.7,4.2,0.7,4.2,2,0,1,3,nochange_col,z,2,testing
7,hy,f,20,index,True,1080835,1081582,/,4.2,0.7,0.7,4.2,3,0,2,1,change_ori,/,2,testing
