subj,name,gender,age,cond,P_resp,P_startTime,P_respTime,P_gotKey,sf1,sf2,sf3,sf4,ord_1,ord_2,ord_3,ord_4,task,correct_key,no_change,mode
7,hy,f,20,noindex,True,252764,255426,z,1.2,4.2,2.2,0.7,2,0,1,3,nochange_ori,z,3,practice
7,hy,f,20,noindex,True,260044,264371,/,0.7,1.2,4.2,2.2,0,2,3,1,change_ori,/,3,practice
7,hy,f,20,noindex,True,269061,270643,/,2.2,0.7,4.2,1.2,1,0,2,3,change_col,/,2,practice
7,hy,f,20,noindex,True,275289,276691,/,1.2,4.2,0.7,2.2,3,1,0,2,change_col,/,3,practice
7,hy,f,20,noindex,True,281400,283842,/,4.2,0.7,1.2,2.2,2,1,3,0,change_ori,/,1,practice
7,hy,f,20,noindex,True,288463,290291,z,2.2,1.2,4.2,0.7,0,1,2,3,nochange_col,z,0,practice
7,hy,f,20,noindex,True,295008,296083,z,0.7,1.2,4.2,2.2,0,1,3,2,nochange_ori,z,3,practice
7,hy,f,20,noindex,True,300752,302130,/,1.2,2.2,4.2,0.7,0,2,3,1,change_col,/,2,practice
7,hy,f,20,noindex,True,306763,308163,/,4.2,2.2,1.2,0.7,2,3,0,1,nochange_ori,z,2,practice
7,hy,f,20,noindex,True,312875,314083,/,0.7,2.2,1.2,4.2,1,3,0,2,change_col,/,0,practice
7,hy,f,20,noindex,True,318819,320002,z,4.2,1.2,2.2,0.7,3,1,2,0,nochange_ori,z,1,practice
7,hy,f,20,noindex,True,324730,325859,z,1.2,2.2,0.7,4.2,2,1,3,0,nochange_col,z,0,practice
7,hy,f,20,noindex,True,330473,332050,/,0.7,1.2,2.2,4.2,1,2,0,3,change_col,/,0,practice
7,hy,f,20,noindex,True,336652,337811,z,0.7,4.2,1.2,2.2,2,1,0,3,nochange_ori,z,2,practice
7,hy,f,20,noindex,True,342562,344083,/,0.7,2.2,1.2,4.2,3,0,2,1,change_ori,/,3,practice
7,hy,f,20,noindex,True,348724,350067,z,1.2,4.2,2.2,0.7,1,0,2,3,nochange_col,z,3,practice
7,hy,f,20,noindex,True,354651,357235,z,4.2,2.2,1.2,0.7,2,1,3,0,change_ori,/,0,practice
7,hy,f,20,noindex,True,361931,363363,z,1.2,2.2,4.2,0.7,1,2,0,3,nochange_col,z,0,practice
7,hy,f,20,noindex,True,368026,368915,z,2.2,1.2,4.2,0.7,2,3,0,1,change_ori,/,0,practice
7,hy,f,20,noindex,True,373502,374514,z,1.2,0.7,2.2,4.2,2,0,1,3,nochange_col,z,1,practice
7,hy,f,20,noindex,True,403291,405090,/,4.2,1.2,2.2,0.7,1,3,0,2,change_col,/,0,testing
7,hy,f,20,noindex,True,409736,411682,z,2.2,0.7,1.2,4.2,1,2,0,3,change_ori,/,1,testing
7,hy,f,20,noindex,True,416332,417426,z,1.2,0.7,4.2,2.2,3,0,2,1,nochange_col,z,2,testing
7,hy,f,20,noindex,True,422142,423346,z,1.2,4.2,2.2,0.7,1,0,2,3,nochange_col,z,3,testing
7,hy,f,20,noindex,True,427936,429155,z,4.2,1.2,0.7,2.2,3,1,0,2,nochange_ori,z,1,testing
7,hy,f,20,noindex,True,433814,434754,z,0.7,4.2,1.2,2.2,0,1,2,3,nochange_ori,z,2,testing
7,hy,f,20,noindex,True,439441,441827,/,1.2,4.2,2.2,0.7,3,0,1,2,nochange_col,z,0,testing
7,hy,f,20,noindex,True,446487,447586,/,1.2,2.2,0.7,4.2,1,3,0,2,change_col,/,1,testing
7,hy,f,20,noindex,True,452248,453315,z,0.7,4.2,1.2,2.2,0,1,3,2,change_ori,/,1,testing
7,hy,f,20,noindex,True,457941,458819,z,0.7,1.2,2.2,4.2,1,0,3,2,nochange_col,z,3,testing
7,hy,f,20,noindex,True,463501,465474,/,4.2,2.2,0.7,1.2,0,2,1,3,nochange_ori,z,2,testing
7,hy,f,20,noindex,True,470046,471170,/,2.2,4.2,0.7,1.2,0,1,3,2,change_col,/,2,testing
7,hy,f,20,noindex,True,475841,477075,/,0.7,1.2,2.2,4.2,3,0,2,1,change_col,/,3,testing
7,hy,f,20,noindex,True,481819,484514,/,2.2,4.2,0.7,1.2,3,1,0,2,change_ori,/,2,testing
7,hy,f,20,noindex,True,489232,491042,/,1.2,0.7,2.2,4.2,2,0,3,1,change_col,/,0,testing
7,hy,f,20,noindex,True,495644,498690,/,1.2,4.2,0.7,2.2,3,1,0,2,change_ori,/,3,testing
7,hy,f,20,noindex,True,503391,505010,z,1.2,4.2,0.7,2.2,3,0,2,1,nochange_col,z,2,testing
7,hy,f,20,noindex,True,509753,510898,/,4.2,2.2,1.2,0.7,1,2,3,0,change_col,/,3,testing
7,hy,f,20,noindex,True,515564,517539,z,0.7,4.2,2.2,1.2,1,3,2,0,change_ori,/,3,testing
7,hy,f,20,noindex,True,522276,523282,/,4.2,2.2,0.7,1.2,2,0,1,3,change_col,/,2,testing
7,hy,f,20,noindex,True,528037,528930,/,4.2,1.2,2.2,0.7,1,0,2,3,change_col,/,2,testing
7,hy,f,20,noindex,True,533497,535218,/,4.2,2.2,1.2,0.7,0,2,1,3,change_col,/,2,testing
7,hy,f,20,noindex,True,539975,541506,/,4.2,1.2,0.7,2.2,0,3,2,1,change_ori,/,3,testing
7,hy,f,20,noindex,True,546220,547986,/,0.7,1.2,4.2,2.2,0,3,1,2,nochange_col,z,0,testing
7,hy,f,20,noindex,True,552616,554306,z,0.7,1.2,4.2,2.2,2,1,3,0,nochange_ori,z,3,testing
7,hy,f,20,noindex,True,558960,561138,z,1.2,0.7,2.2,4.2,0,3,1,2,change_ori,/,0,testing
7,hy,f,20,noindex,True,565756,566898,/,2.2,0.7,4.2,1.2,2,0,1,3,change_col,/,0,testing
7,hy,f,20,noindex,True,571633,573186,/,1.2,4.2,2.2,0.7,3,1,0,2,nochange_ori,z,2,testing
7,hy,f,20,noindex,True,577761,578579,z,4.2,1.2,2.2,0.7,3,1,0,2,nochange_col,z,3,testing
7,hy,f,20,noindex,True,583338,584243,/,1.2,4.2,2.2,0.7,3,2,1,0,change_col,/,2,testing
7,hy,f,20,noindex,True,588965,589875,/,0.7,1.2,4.2,2.2,1,3,0,2,change_col,/,0,testing
7,hy,f,20,noindex,True,594559,595362,/,1.2,4.2,2.2,0.7,3,1,0,2,change_col,/,2,testing
7,hy,f,20,noindex,True,600103,600642,z,1.2,4.2,2.2,0.7,2,0,3,1,nochange_col,z,3,testing
7,hy,f,20,noindex,True,605379,606354,z,0.7,1.2,4.2,2.2,1,3,0,2,nochange_col,z,0,testing
7,hy,f,20,noindex,True,610956,612386,z,1.2,2.2,4.2,0.7,1,0,3,2,nochange_ori,z,0,testing
7,hy,f,20,noindex,True,617067,618130,z,1.2,2.2,4.2,0.7,2,1,3,0,nochange_col,z,3,testing
7,hy,f,20,noindex,True,622794,624978,z,0.7,1.2,2.2,4.2,3,2,1,0,nochange_ori,z,0,testing
7,hy,f,20,noindex,True,629690,630674,/,0.7,2.2,1.2,4.2,2,3,1,0,change_col,/,0,testing
7,hy,f,20,noindex,True,635318,636530,z,4.2,1.2,0.7,2.2,3,1,2,0,nochange_ori,z,3,testing
7,hy,f,20,noindex,True,641245,642562,/,4.2,2.2,1.2,0.7,2,1,0,3,change_ori,/,3,testing
7,hy,f,20,noindex,True,647323,649474,z,4.2,2.2,0.7,1.2,1,3,0,2,nochange_ori,z,2,testing
7,hy,f,20,noindex,True,654236,654978,z,0.7,1.2,4.2,2.2,1,2,3,0,nochange_col,z,2,testing
7,hy,f,20,noindex,True,659679,660434,z,4.2,1.2,2.2,0.7,2,0,3,1,nochange_col,z,3,testing
7,hy,f,20,noindex,True,665039,666258,z,2.2,0.7,1.2,4.2,0,3,2,1,nochange_ori,z,1,testing
7,hy,f,20,noindex,True,670916,672530,/,2.2,1.2,0.7,4.2,1,0,2,3,change_ori,/,2,testing
7,hy,f,20,noindex,True,677195,678018,z,4.2,0.7,1.2,2.2,1,3,2,0,nochange_ori,z,1,testing
7,hy,f,20,noindex,True,682721,683907,z,4.2,1.2,0.7,2.2,1,0,2,3,change_ori,/,0,testing
7,hy,f,20,noindex,True,688632,689345,z,2.2,4.2,0.7,1.2,2,3,1,0,nochange_col,z,3,testing
7,hy,f,20,noindex,True,693975,695410,z,1.2,2.2,4.2,0.7,0,1,3,2,nochange_col,z,0,testing
7,hy,f,20,noindex,True,700120,701283,z,2.2,1.2,4.2,0.7,0,1,3,2,nochange_ori,z,3,testing
7,hy,f,20,noindex,True,705914,706707,z,1.2,2.2,0.7,4.2,1,2,0,3,change_ori,/,0,testing
7,hy,f,20,noindex,True,711357,712466,/,4.2,1.2,2.2,0.7,3,1,0,2,change_ori,/,2,testing
7,hy,f,20,noindex,True,717035,718338,z,2.2,0.7,4.2,1.2,3,0,2,1,nochange_ori,z,3,testing
7,hy,f,20,noindex,True,723062,724194,/,2.2,4.2,0.7,1.2,3,0,2,1,change_col,/,3,testing
7,hy,f,20,noindex,True,728923,729474,z,4.2,1.2,2.2,0.7,1,3,2,0,nochange_col,z,3,testing
7,hy,f,20,noindex,True,734166,735042,z,0.7,2.2,4.2,1.2,2,1,3,0,nochange_ori,z,2,testing
7,hy,f,20,noindex,True,739709,740738,z,4.2,0.7,1.2,2.2,0,3,1,2,nochange_ori,z,3,testing
7,hy,f,20,noindex,True,745437,746786,/,0.7,1.2,2.2,4.2,2,1,3,0,change_col,/,1,testing
7,hy,f,20,noindex,True,751380,752306,/,2.2,4.2,1.2,0.7,0,3,2,1,change_col,/,0,testing
7,hy,f,20,noindex,True,757025,758690,/,4.2,0.7,2.2,1.2,3,2,1,0,change_ori,/,2,testing
7,hy,f,20,noindex,True,763320,764034,z,0.7,4.2,2.2,1.2,3,1,0,2,nochange_col,z,0,testing
7,hy,f,20,noindex,True,768780,769346,z,1.2,4.2,0.7,2.2,2,3,0,1,nochange_col,z,2,testing
7,hy,f,20,noindex,True,774005,775010,z,2.2,1.2,0.7,4.2,0,3,1,2,change_ori,/,0,testing
7,hy,f,20,noindex,True,779733,780946,z,0.7,2.2,4.2,1.2,0,2,3,1,nochange_ori,z,1,testing
7,hy,f,20,noindex,True,785510,786642,/,1.2,0.7,2.2,4.2,3,2,1,0,change_ori,/,1,testing
7,hy,f,20,noindex,True,791288,792946,z,1.2,2.2,0.7,4.2,0,2,1,3,change_ori,/,0,testing
7,hy,f,20,noindex,True,797683,798562,/,2.2,0.7,4.2,1.2,2,1,0,3,change_col,/,1,testing
7,hy,f,20,noindex,True,803276,804818,z,0.7,1.2,2.2,4.2,0,3,2,1,change_ori,/,3,testing
7,hy,f,20,noindex,True,809504,811058,/,2.2,1.2,0.7,4.2,3,1,0,2,change_ori,/,0,testing
7,hy,f,20,noindex,True,815649,817938,z,0.7,2.2,4.2,1.2,1,3,2,0,nochange_ori,z,0,testing
7,hy,f,20,noindex,True,822528,823522,z,2.2,4.2,1.2,0.7,0,2,1,3,nochange_ori,z,1,testing
7,hy,f,20,noindex,True,828122,828802,z,1.2,4.2,0.7,2.2,3,0,1,2,nochange_col,z,1,testing
7,hy,f,20,noindex,True,833499,835969,/,4.2,2.2,1.2,0.7,3,2,1,0,change_ori,/,3,testing
7,hy,f,20,noindex,True,840561,841282,z,4.2,2.2,0.7,1.2,1,3,2,0,nochange_col,z,1,testing
7,hy,f,20,noindex,True,845888,848530,z,1.2,0.7,4.2,2.2,3,2,0,1,nochange_ori,z,0,testing
7,hy,f,20,noindex,True,853285,854498,/,0.7,2.2,1.2,4.2,0,2,1,3,change_col,/,3,testing
7,hy,f,20,noindex,True,859079,860626,z,1.2,0.7,4.2,2.2,0,3,2,1,change_ori,/,2,testing
7,hy,f,20,noindex,True,865374,866402,z,1.2,4.2,2.2,0.7,3,2,0,1,nochange_ori,z,2,testing
7,hy,f,20,noindex,True,870967,871666,/,1.2,0.7,4.2,2.2,2,3,0,1,change_col,/,0,testing
7,hy,f,20,noindex,True,876427,877026,z,4.2,2.2,0.7,1.2,3,2,0,1,nochange_col,z,2,testing
7,hy,f,20,noindex,True,939443,940162,z,0.7,1.2,4.2,2.2,1,2,0,3,nochange_ori,z,0,testing
7,hy,f,20,noindex,True,944886,945521,z,1.2,0.7,2.2,4.2,0,2,1,3,nochange_col,z,1,testing
7,hy,f,20,noindex,True,950230,951442,z,1.2,0.7,4.2,2.2,3,0,2,1,nochange_ori,z,0,testing
7,hy,f,20,noindex,True,956041,957442,z,2.2,1.2,0.7,4.2,0,2,1,3,change_ori,/,0,testing
7,hy,f,20,noindex,True,962018,963218,z,4.2,0.7,2.2,1.2,2,3,1,0,nochange_col,z,1,testing
7,hy,f,20,noindex,True,967878,968866,/,1.2,2.2,4.2,0.7,3,2,0,1,change_ori,/,2,testing
7,hy,f,20,noindex,True,973573,976625,/,2.2,0.7,4.2,1.2,3,0,1,2,nochange_col,z,2,testing
7,hy,f,20,noindex,True,981337,982114,z,2.2,1.2,0.7,4.2,1,3,2,0,nochange_col,z,3,testing
7,hy,f,20,noindex,True,986697,987666,z,4.2,0.7,1.2,2.2,0,1,3,2,nochange_col,z,3,testing
7,hy,f,20,noindex,True,992340,993057,z,0.7,1.2,4.2,2.2,0,2,1,3,nochange_col,z,0,testing
7,hy,f,20,noindex,True,997767,998641,/,4.2,2.2,0.7,1.2,2,1,3,0,change_col,/,0,testing
7,hy,f,20,noindex,True,1003328,1004577,/,0.7,2.2,1.2,4.2,1,2,3,0,change_ori,/,2,testing
7,hy,f,20,noindex,True,1009238,1010321,z,0.7,2.2,4.2,1.2,2,1,0,3,change_ori,/,3,testing
7,hy,f,20,noindex,True,1014916,1015890,/,1.2,2.2,4.2,0.7,3,2,0,1,change_col,/,3,testing
7,hy,f,20,noindex,True,1020493,1021986,/,2.2,0.7,1.2,4.2,2,1,3,0,change_ori,/,1,testing
7,hy,f,20,noindex,True,1026654,1028417,/,1.2,0.7,2.2,4.2,3,2,0,1,change_ori,/,1,testing
7,hy,f,20,noindex,True,1033032,1034082,/,4.2,2.2,0.7,1.2,1,3,0,2,change_col,/,0,testing
7,hy,f,20,noindex,True,1038776,1040209,/,1.2,0.7,4.2,2.2,1,3,0,2,change_col,/,1,testing
7,hy,f,20,noindex,True,1044854,1045826,/,1.2,4.2,2.2,0.7,1,0,3,2,change_col,/,1,testing
7,hy,f,20,noindex,True,1050431,1051250,z,0.7,2.2,4.2,1.2,2,3,1,0,nochange_ori,z,0,testing
7,hy,f,20,noindex,True,1056007,1056658,z,2.2,1.2,0.7,4.2,0,1,3,2,nochange_col,z,2,testing
7,hy,f,20,noindex,True,1061368,1062066,z,1.2,2.2,0.7,4.2,0,2,3,1,nochange_ori,z,1,testing
7,hy,f,20,noindex,True,1066694,1067826,z,1.2,4.2,0.7,2.2,2,1,3,0,nochange_ori,z,2,testing
7,hy,f,20,noindex,True,1072538,1073938,/,4.2,1.2,0.7,2.2,2,3,1,0,change_ori,/,1,testing
7,hy,f,20,noindex,True,1078533,1079377,/,4.2,0.7,2.2,1.2,0,2,1,3,change_ori,/,3,testing
7,hy,f,20,noindex,True,1083959,1084961,z,4.2,0.7,1.2,2.2,2,1,0,3,nochange_ori,z,0,testing
7,hy,f,20,noindex,True,1089569,1090450,z,1.2,2.2,4.2,0.7,3,1,0,2,nochange_ori,z,2,testing
7,hy,f,20,noindex,True,1095163,1096946,z,4.2,2.2,0.7,1.2,1,2,3,0,nochange_ori,z,2,testing
7,hy,f,20,noindex,True,1101658,1102065,z,1.2,0.7,4.2,2.2,3,0,2,1,nochange_col,z,3,testing
7,hy,f,20,noindex,True,1106634,1107250,/,2.2,4.2,1.2,0.7,0,2,3,1,change_col,/,3,testing
7,hy,f,20,noindex,True,1111944,1113074,/,1.2,4.2,0.7,2.2,0,1,2,3,nochange_ori,z,0,testing
7,hy,f,20,noindex,True,1117754,1118625,z,1.2,4.2,2.2,0.7,1,0,2,3,nochange_ori,z,2,testing
7,hy,f,20,noindex,True,1123315,1124305,/,1.2,0.7,4.2,2.2,2,3,0,1,change_col,/,0,testing
7,hy,f,20,noindex,True,1129041,1130098,/,1.2,4.2,2.2,0.7,3,0,1,2,change_col,/,3,testing
7,hy,f,20,noindex,True,1134668,1135682,z,4.2,2.2,1.2,0.7,2,1,0,3,change_ori,/,0,testing
7,hy,f,20,noindex,True,1140313,1141282,/,0.7,1.2,2.2,4.2,3,0,2,1,change_col,/,0,testing
7,hy,f,20,noindex,True,1145973,1146593,z,0.7,1.2,2.2,4.2,2,0,1,3,nochange_col,z,2,testing
7,hy,f,20,noindex,True,1151216,1153362,/,2.2,4.2,1.2,0.7,3,2,1,0,change_ori,/,3,testing
7,hy,f,20,noindex,True,1157996,1158978,/,2.2,1.2,4.2,0.7,1,3,0,2,change_col,/,3,testing
7,hy,f,20,noindex,True,1163672,1164545,/,4.2,1.2,2.2,0.7,2,0,3,1,change_col,/,0,testing
7,hy,f,20,noindex,True,1169166,1172226,z,2.2,1.2,4.2,0.7,1,3,0,2,nochange_ori,z,1,testing
7,hy,f,20,noindex,True,1176897,1178018,/,4.2,2.2,1.2,0.7,0,3,1,2,change_ori,/,0,testing
7,hy,f,20,noindex,True,1182657,1183665,/,1.2,0.7,4.2,2.2,3,1,0,2,change_ori,/,0,testing
7,hy,f,20,noindex,True,1188401,1189553,/,0.7,2.2,4.2,1.2,1,3,2,0,change_ori,/,1,testing
7,hy,f,20,noindex,True,1194162,1194961,z,0.7,4.2,2.2,1.2,3,0,2,1,nochange_col,z,3,testing
7,hy,f,20,noindex,True,1199655,1201490,/,4.2,2.2,0.7,1.2,3,1,2,0,change_col,/,2,testing
7,hy,f,20,noindex,True,1206184,1206866,z,0.7,4.2,1.2,2.2,3,2,1,0,nochange_col,z,0,testing
7,hy,f,20,noindex,True,1211527,1215074,/,2.2,1.2,0.7,4.2,2,0,1,3,nochange_ori,z,3,testing
7,hy,f,20,noindex,True,1219675,1220690,z,1.2,0.7,2.2,4.2,2,0,3,1,change_col,/,2,testing
7,hy,f,20,noindex,True,1225319,1226866,z,2.2,4.2,0.7,1.2,2,3,1,0,nochange_col,z,1,testing
7,hy,f,20,noindex,True,1231597,1232833,/,0.7,1.2,4.2,2.2,2,3,1,0,nochange_ori,z,1,testing
7,hy,f,20,noindex,True,1237458,1238114,z,4.2,2.2,0.7,1.2,1,2,3,0,change_col,/,1,testing
7,hy,f,20,noindex,True,1242785,1244562,z,4.2,0.7,2.2,1.2,3,0,1,2,nochange_col,z,1,testing
7,hy,f,20,noindex,True,1249280,1249906,/,0.7,1.2,4.2,2.2,3,0,2,1,change_col,/,3,testing
7,hy,f,20,noindex,True,1254606,1255585,z,4.2,2.2,0.7,1.2,1,0,3,2,nochange_ori,z,3,testing
7,hy,f,20,noindex,True,1260200,1260929,/,4.2,2.2,1.2,0.7,2,1,3,0,change_col,/,2,testing
7,hy,f,20,noindex,True,1265509,1268433,/,4.2,2.2,1.2,0.7,0,2,1,3,change_col,/,1,testing
7,hy,f,20,noindex,True,1273207,1275265,z,2.2,4.2,1.2,0.7,2,3,0,1,nochange_ori,z,0,testing
7,hy,f,20,noindex,True,1279852,1282177,z,0.7,1.2,2.2,4.2,3,1,2,0,change_ori,/,2,testing
7,hy,f,20,noindex,True,1286832,1288353,/,0.7,4.2,2.2,1.2,0,2,1,3,change_ori,/,0,testing
7,hy,f,20,noindex,True,1293110,1294482,z,4.2,2.2,1.2,0.7,2,1,3,0,nochange_col,z,1,testing
7,hy,f,20,noindex,True,1299071,1300354,z,1.2,0.7,2.2,4.2,3,1,0,2,nochange_ori,z,0,testing
7,hy,f,20,noindex,True,1305015,1308274,z,0.7,1.2,4.2,2.2,3,1,2,0,nochange_ori,z,3,testing
7,hy,f,20,noindex,True,1312963,1313761,z,4.2,1.2,2.2,0.7,2,1,3,0,nochange_col,z,1,testing
7,hy,f,20,noindex,True,1318490,1319889,z,1.2,0.7,2.2,4.2,2,3,0,1,nochange_col,z,3,testing
7,hy,f,20,noindex,True,1324535,1325297,z,1.2,4.2,0.7,2.2,1,0,2,3,nochange_col,z,0,testing
7,hy,f,20,noindex,True,1329978,1330690,z,1.2,4.2,2.2,0.7,0,1,2,3,nochange_col,z,1,testing
7,hy,f,20,noindex,True,1335372,1336049,/,4.2,1.2,0.7,2.2,0,2,1,3,change_col,/,2,testing
7,hy,f,20,noindex,True,1340665,1342209,z,2.2,4.2,0.7,1.2,0,2,1,3,nochange_ori,z,0,testing
7,hy,f,20,noindex,True,1346892,1347697,z,2.2,1.2,4.2,0.7,3,0,1,2,nochange_ori,z,1,testing
7,hy,f,20,noindex,True,1352302,1352898,z,0.7,1.2,2.2,4.2,2,0,1,3,nochange_ori,z,1,testing
7,hy,f,20,noindex,True,1357479,1358561,z,4.2,1.2,0.7,2.2,0,2,3,1,nochange_col,z,1,testing
7,hy,f,20,noindex,True,1363206,1365650,/,0.7,1.2,2.2,4.2,0,3,2,1,change_ori,/,3,testing
7,hy,f,20,noindex,True,1370385,1371552,/,2.2,1.2,4.2,0.7,3,2,0,1,change_ori,/,1,testing
7,hy,f,20,noindex,True,1376163,1377057,/,0.7,4.2,2.2,1.2,0,1,2,3,change_col,/,3,testing
7,hy,f,20,noindex,True,1381673,1383137,/,4.2,0.7,2.2,1.2,1,2,0,3,change_ori,/,0,testing
7,hy,f,20,noindex,True,1387717,1388417,z,2.2,1.2,0.7,4.2,3,1,0,2,nochange_col,z,0,testing
7,hy,f,20,noindex,True,1393144,1393937,/,4.2,2.2,0.7,1.2,2,1,3,0,change_ori,/,1,testing
7,hy,f,20,noindex,True,1398521,1399089,/,4.2,1.2,0.7,2.2,1,3,2,0,change_col,/,1,testing
7,hy,f,20,noindex,True,1403697,1405986,/,2.2,0.7,4.2,1.2,1,0,2,3,change_ori,/,2,testing
