subj,name,gender,age,cond,P_resp,P_startTime,P_respTime,P_gotKey,sf1,sf2,sf3,sf4,ord_1,ord_2,ord_3,ord_4,task,correct_key,no_change,mode
8,jxx,f,22,index,True,67650,71979,/,2.2,1.2,2.2,1.2,3,1,2,0,change_col,/,0,practice
8,jxx,f,22,index,True,76567,78588,/,4.2,1.2,1.2,4.2,3,2,1,0,change_ori,/,0,practice
8,jxx,f,22,index,True,83296,84107,z,2.2,0.7,0.7,2.2,1,3,0,2,nochange_col,z,3,practice
8,jxx,f,22,index,True,88689,90492,z,0.7,2.2,0.7,2.2,2,3,1,0,nochange_ori,z,3,practice
8,jxx,f,22,index,True,95235,97212,/,0.7,0.7,2.2,2.2,3,1,2,0,change_ori,/,3,practice
8,jxx,f,22,index,True,101881,102828,/,2.2,2.2,4.2,4.2,1,3,0,2,change_col,/,1,practice
8,jxx,f,22,index,True,107457,109595,/,0.7,0.7,2.2,2.2,2,1,0,3,change_ori,/,1,practice
8,jxx,f,22,index,True,114203,116683,/,2.2,0.7,2.2,0.7,2,1,3,0,nochange_ori,z,0,practice
8,jxx,f,22,index,True,121432,122748,z,2.2,4.2,4.2,2.2,0,2,1,3,nochange_ori,z,0,practice
8,jxx,f,22,index,True,127461,128651,/,0.7,2.2,2.2,0.7,2,0,1,3,change_ori,/,3,practice
8,jxx,f,22,index,True,133405,135195,z,4.2,4.2,0.7,0.7,0,2,3,1,nochange_col,z,0,practice
8,jxx,f,22,index,True,139800,141468,z,0.7,2.2,2.2,0.7,1,2,3,0,nochange_col,z,1,practice
8,jxx,f,22,index,True,146078,147595,/,1.2,1.2,0.7,0.7,0,2,1,3,change_ori,/,0,practice
8,jxx,f,22,index,True,152173,153084,z,1.2,0.7,1.2,0.7,0,3,1,2,nochange_col,z,0,practice
8,jxx,f,22,index,True,157733,158716,/,1.2,0.7,0.7,1.2,1,2,3,0,change_col,/,3,practice
8,jxx,f,22,index,True,163410,165579,z,2.2,4.2,2.2,4.2,3,2,1,0,change_col,/,2,practice
8,jxx,f,22,index,True,170290,171723,z,1.2,4.2,1.2,4.2,1,2,3,0,nochange_ori,z,3,practice
8,jxx,f,22,index,True,176484,177739,z,4.2,4.2,1.2,1.2,0,2,1,3,nochange_ori,z,1,practice
8,jxx,f,22,index,True,182361,183099,/,2.2,0.7,2.2,0.7,0,1,2,3,change_col,/,3,practice
8,jxx,f,22,index,True,187705,188700,z,0.7,1.2,0.7,1.2,0,3,2,1,nochange_col,z,2,practice
8,jxx,f,22,index,True,197055,197964,z,1.2,1.2,0.7,0.7,2,0,1,3,nochange_ori,z,0,testing
8,jxx,f,22,index,True,202532,203212,/,1.2,2.2,1.2,2.2,3,1,0,2,change_col,/,2,testing
8,jxx,f,22,index,True,207926,209996,/,2.2,2.2,0.7,0.7,1,3,0,2,change_ori,/,0,testing
8,jxx,f,22,index,True,214654,215355,/,2.2,4.2,2.2,4.2,3,1,0,2,change_col,/,2,testing
8,jxx,f,22,index,True,220114,221035,z,4.2,4.2,1.2,1.2,1,3,2,0,nochange_col,z,0,testing
8,jxx,f,22,index,True,225641,226460,z,0.7,0.7,4.2,4.2,3,2,0,1,nochange_col,z,3,testing
8,jxx,f,22,index,True,231118,232523,/,0.7,0.7,1.2,1.2,0,3,2,1,change_col,/,1,testing
8,jxx,f,22,index,True,237145,237963,/,4.2,0.7,0.7,4.2,2,3,1,0,change_col,/,0,testing
8,jxx,f,22,index,True,242689,246235,z,2.2,0.7,2.2,0.7,2,0,3,1,change_col,/,0,testing
8,jxx,f,22,index,True,250854,251755,z,0.7,4.2,4.2,0.7,2,0,1,3,nochange_col,z,3,testing
8,jxx,f,22,index,True,256347,257260,/,2.2,4.2,4.2,2.2,3,1,0,2,change_col,/,2,testing
8,jxx,f,22,index,True,262008,263067,z,0.7,0.7,4.2,4.2,0,1,2,3,nochange_ori,z,3,testing
8,jxx,f,22,index,True,267685,269067,/,4.2,4.2,0.7,0.7,3,0,2,1,change_ori,/,3,testing
8,jxx,f,22,index,True,273813,274507,z,1.2,4.2,4.2,1.2,3,1,0,2,nochange_col,z,3,testing
8,jxx,f,22,index,True,279106,281019,/,2.2,0.7,2.2,0.7,1,3,2,0,change_ori,/,2,testing
8,jxx,f,22,index,True,285685,288491,/,1.2,0.7,1.2,0.7,2,3,0,1,change_ori,/,1,testing
8,jxx,f,22,index,True,293232,297099,z,0.7,0.7,2.2,2.2,1,3,2,0,change_ori,/,0,testing
8,jxx,f,22,index,True,301731,303052,z,4.2,0.7,4.2,0.7,1,3,0,2,nochange_ori,z,1,testing
8,jxx,f,22,index,True,307759,308795,z,4.2,1.2,1.2,4.2,0,2,3,1,nochange_col,z,2,testing
8,jxx,f,22,index,True,313469,314716,z,0.7,1.2,1.2,0.7,0,2,3,1,nochange_ori,z,3,testing
8,jxx,f,22,index,True,319313,320380,z,2.2,1.2,1.2,2.2,1,0,3,2,nochange_ori,z,1,testing
8,jxx,f,22,index,True,325107,326844,/,0.7,4.2,0.7,4.2,1,3,2,0,change_ori,/,1,testing
8,jxx,f,22,index,True,331536,332411,/,1.2,1.2,4.2,4.2,1,0,3,2,change_col,/,3,testing
8,jxx,f,22,index,True,337012,337899,/,2.2,0.7,2.2,0.7,1,3,2,0,change_col,/,3,testing
8,jxx,f,22,index,True,342656,346395,/,1.2,0.7,0.7,1.2,0,3,2,1,change_ori,/,1,testing
8,jxx,f,22,index,True,351155,353098,/,4.2,2.2,2.2,4.2,3,2,0,1,change_col,/,3,testing
8,jxx,f,22,index,True,357751,360059,z,1.2,4.2,4.2,1.2,1,3,2,0,nochange_col,z,2,testing
8,jxx,f,22,index,True,364714,366460,/,1.2,2.2,2.2,1.2,1,0,3,2,change_ori,/,0,testing
8,jxx,f,22,index,True,371109,372075,/,0.7,0.7,1.2,1.2,0,1,3,2,change_col,/,3,testing
8,jxx,f,22,index,True,376836,378843,/,2.2,4.2,2.2,4.2,0,3,1,2,change_ori,/,0,testing
8,jxx,f,22,index,True,383481,384891,z,4.2,2.2,2.2,4.2,2,0,3,1,nochange_col,z,2,testing
8,jxx,f,22,index,True,389459,390508,/,0.7,1.2,1.2,0.7,1,0,3,2,change_col,/,2,testing
8,jxx,f,22,index,True,395186,395819,z,4.2,0.7,0.7,4.2,1,0,3,2,nochange_col,z,0,testing
8,jxx,f,22,index,True,400396,401515,z,0.7,0.7,1.2,1.2,3,2,1,0,nochange_ori,z,0,testing
8,jxx,f,22,index,True,406207,411483,z,0.7,2.2,0.7,2.2,1,2,0,3,change_ori,/,1,testing
8,jxx,f,22,index,True,416175,417595,z,1.2,2.2,1.2,2.2,3,0,2,1,nochange_col,z,1,testing
8,jxx,f,22,index,True,422170,425099,z,1.2,2.2,2.2,1.2,2,0,1,3,nochange_col,z,2,testing
8,jxx,f,22,index,True,429733,433003,/,4.2,2.2,2.2,4.2,1,3,0,2,nochange_col,z,0,testing
8,jxx,f,22,index,True,437764,438523,z,2.2,2.2,1.2,1.2,1,3,2,0,nochange_col,z,1,testing
8,jxx,f,22,index,True,443241,444091,z,0.7,2.2,2.2,0.7,0,3,2,1,nochange_col,z,3,testing
8,jxx,f,22,index,True,448851,449739,/,0.7,4.2,0.7,4.2,3,0,2,1,change_col,/,3,testing
8,jxx,f,22,index,True,454412,455052,z,1.2,1.2,2.2,2.2,3,2,0,1,nochange_col,z,2,testing
8,jxx,f,22,index,True,459771,461451,z,1.2,0.7,1.2,0.7,3,1,0,2,nochange_ori,z,0,testing
8,jxx,f,22,index,True,466084,467947,/,4.2,0.7,0.7,4.2,3,2,0,1,change_ori,/,1,testing
8,jxx,f,22,index,True,472595,473787,/,0.7,1.2,1.2,0.7,0,2,1,3,change_col,/,0,testing
8,jxx,f,22,index,True,478439,479947,/,4.2,0.7,4.2,0.7,0,3,1,2,change_ori,/,0,testing
8,jxx,f,22,index,True,484600,485499,z,1.2,0.7,1.2,0.7,2,3,1,0,nochange_col,z,3,testing
8,jxx,f,22,index,True,490177,490875,/,0.7,0.7,1.2,1.2,0,1,2,3,change_col,/,1,testing
8,jxx,f,22,index,True,495487,496299,z,1.2,0.7,1.2,0.7,3,1,2,0,change_col,/,0,testing
8,jxx,f,22,index,True,500897,504283,z,4.2,1.2,1.2,4.2,3,1,2,0,nochange_ori,z,1,testing
8,jxx,f,22,index,True,508912,511259,z,0.7,1.2,0.7,1.2,2,1,3,0,nochange_ori,z,2,testing
8,jxx,f,22,index,True,516009,517051,z,2.2,2.2,0.7,0.7,0,3,1,2,nochange_ori,z,2,testing
8,jxx,f,22,index,True,521669,522554,z,1.2,1.2,0.7,0.7,1,0,2,3,nochange_ori,z,0,testing
8,jxx,f,22,index,True,527312,528219,z,1.2,4.2,4.2,1.2,1,3,2,0,nochange_ori,z,1,testing
8,jxx,f,22,index,True,532889,534459,z,0.7,4.2,4.2,0.7,2,1,3,0,nochange_ori,z,3,testing
8,jxx,f,22,index,True,539151,540091,/,0.7,0.7,2.2,2.2,1,3,2,0,change_col,/,2,testing
8,jxx,f,22,index,True,544811,545403,z,4.2,2.2,4.2,2.2,3,1,2,0,nochange_col,z,1,testing
8,jxx,f,22,index,True,549988,550939,z,2.2,2.2,0.7,0.7,3,0,1,2,nochange_col,z,1,testing
8,jxx,f,22,index,True,555548,557163,/,2.2,2.2,1.2,1.2,0,1,2,3,change_ori,/,1,testing
8,jxx,f,22,index,True,561876,562955,/,0.7,4.2,4.2,0.7,1,3,0,2,change_col,/,1,testing
8,jxx,f,22,index,True,567570,569099,z,0.7,0.7,2.2,2.2,1,2,3,0,nochange_ori,z,0,testing
8,jxx,f,22,index,True,573781,575659,/,2.2,0.7,2.2,0.7,1,2,0,3,change_ori,/,0,testing
8,jxx,f,22,index,True,580226,581274,z,1.2,0.7,1.2,0.7,0,2,1,3,nochange_ori,z,1,testing
8,jxx,f,22,index,True,586020,586827,z,2.2,1.2,2.2,1.2,2,1,3,0,nochange_ori,z,2,testing
8,jxx,f,22,index,True,591531,594683,/,0.7,0.7,1.2,1.2,1,2,0,3,change_ori,/,0,testing
8,jxx,f,22,index,True,599345,601659,/,0.7,2.2,0.7,2.2,3,2,1,0,nochange_col,z,3,testing
8,jxx,f,22,index,True,606224,606890,/,1.2,4.2,1.2,4.2,0,3,2,1,change_col,/,0,testing
8,jxx,f,22,index,True,611501,612266,/,2.2,1.2,2.2,1.2,2,0,1,3,change_ori,/,0,testing
8,jxx,f,22,index,True,616844,617579,/,0.7,1.2,0.7,1.2,2,1,3,0,change_col,/,2,testing
8,jxx,f,22,index,True,622237,624219,/,0.7,4.2,4.2,0.7,3,2,1,0,change_ori,/,0,testing
8,jxx,f,22,index,True,628950,631003,/,0.7,1.2,0.7,1.2,1,0,3,2,change_ori,/,2,testing
8,jxx,f,22,index,True,635612,636955,z,4.2,0.7,4.2,0.7,0,3,2,1,nochange_ori,z,0,testing
8,jxx,f,22,index,True,641606,642363,z,4.2,0.7,4.2,0.7,3,1,2,0,nochange_col,z,2,testing
8,jxx,f,22,index,True,647099,648171,z,1.2,1.2,2.2,2.2,3,0,2,1,nochange_ori,z,3,testing
8,jxx,f,22,index,True,652777,653819,/,1.2,4.2,4.2,1.2,3,1,0,2,change_ori,/,1,testing
8,jxx,f,22,index,True,658588,662635,/,0.7,0.7,4.2,4.2,3,2,1,0,change_ori,/,2,testing
8,jxx,f,22,index,True,667203,668123,/,2.2,4.2,2.2,4.2,3,0,1,2,change_col,/,0,testing
8,jxx,f,22,index,True,672714,673611,z,4.2,0.7,0.7,4.2,1,3,0,2,nochange_col,z,1,testing
8,jxx,f,22,index,True,678240,679995,z,1.2,2.2,2.2,1.2,2,1,3,0,nochange_ori,z,2,testing
8,jxx,f,22,index,True,684568,685995,z,4.2,0.7,4.2,0.7,3,1,2,0,nochange_ori,z,3,testing
8,jxx,f,22,index,True,703553,704427,/,1.2,1.2,4.2,4.2,2,0,3,1,change_col,/,3,testing
8,jxx,f,22,index,True,709147,709963,z,1.2,2.2,2.2,1.2,0,2,1,3,nochange_ori,z,3,testing
8,jxx,f,22,index,True,714724,715579,z,4.2,4.2,0.7,0.7,3,2,1,0,nochange_ori,z,3,testing
8,jxx,f,22,index,True,720335,721483,/,0.7,2.2,2.2,0.7,1,0,3,2,change_col,/,2,testing
8,jxx,f,22,index,True,726078,728186,/,2.2,0.7,0.7,2.2,1,0,2,3,change_ori,/,3,testing
8,jxx,f,22,index,True,732807,736490,z,4.2,4.2,1.2,1.2,0,3,1,2,nochange_col,z,2,testing
8,jxx,f,22,index,True,741089,741770,z,4.2,4.2,1.2,1.2,0,1,2,3,nochange_col,z,3,testing
8,jxx,f,22,index,True,746348,748363,/,2.2,2.2,1.2,1.2,2,3,1,0,change_ori,/,1,testing
8,jxx,f,22,index,True,753078,755594,/,1.2,2.2,2.2,1.2,3,2,0,1,change_ori,/,1,testing
8,jxx,f,22,index,True,760342,762427,z,1.2,2.2,1.2,2.2,1,0,3,2,nochange_col,z,2,testing
8,jxx,f,22,index,True,767103,768075,z,4.2,0.7,0.7,4.2,0,2,3,1,nochange_col,z,3,testing
8,jxx,f,22,index,True,772697,773546,/,0.7,0.7,4.2,4.2,3,2,1,0,change_col,/,2,testing
8,jxx,f,22,index,True,778291,779083,/,0.7,1.2,0.7,1.2,3,0,1,2,change_col,/,0,testing
8,jxx,f,22,index,True,783784,784602,/,1.2,1.2,4.2,4.2,2,0,1,3,change_col,/,1,testing
8,jxx,f,22,index,True,789344,790970,/,1.2,1.2,4.2,4.2,3,0,1,2,change_ori,/,2,testing
8,jxx,f,22,index,True,795539,796186,z,0.7,0.7,1.2,1.2,3,2,1,0,nochange_col,z,1,testing
8,jxx,f,22,index,True,800899,802123,z,2.2,0.7,2.2,0.7,3,2,1,0,nochange_ori,z,2,testing
8,jxx,f,22,index,True,806794,807739,/,2.2,4.2,2.2,4.2,2,0,3,1,change_col,/,3,testing
8,jxx,f,22,index,True,812437,815499,/,0.7,0.7,4.2,4.2,3,2,0,1,change_ori,/,1,testing
8,jxx,f,22,index,True,820151,821642,/,1.2,1.2,0.7,0.7,2,1,0,3,change_ori,/,2,testing
8,jxx,f,22,index,True,826345,827610,z,1.2,0.7,1.2,0.7,2,1,3,0,nochange_ori,z,1,testing
8,jxx,f,22,index,True,832290,833274,z,4.2,1.2,4.2,1.2,0,1,2,3,nochange_col,z,1,testing
8,jxx,f,22,index,True,837884,839434,/,1.2,1.2,0.7,0.7,2,1,3,0,change_ori,/,1,testing
8,jxx,f,22,index,True,844178,844858,z,2.2,2.2,1.2,1.2,0,1,2,3,nochange_col,z,3,testing
8,jxx,f,22,index,True,849572,850282,z,1.2,1.2,0.7,0.7,0,1,2,3,nochange_col,z,1,testing
8,jxx,f,22,index,True,854948,856491,/,1.2,1.2,2.2,2.2,3,2,1,0,change_ori,/,1,testing
8,jxx,f,22,index,True,861127,862730,/,2.2,2.2,0.7,0.7,3,0,2,1,nochange_ori,z,0,testing
8,jxx,f,22,index,True,867438,868747,/,1.2,1.2,0.7,0.7,2,1,0,3,change_ori,/,0,testing
8,jxx,f,22,index,True,873499,874251,z,2.2,4.2,4.2,2.2,1,0,3,2,nochange_ori,z,2,testing
8,jxx,f,22,index,True,878876,881163,z,1.2,0.7,0.7,1.2,1,0,2,3,nochange_ori,z,2,testing
8,jxx,f,22,index,True,885888,886699,/,2.2,2.2,1.2,1.2,1,2,0,3,change_col,/,1,testing
8,jxx,f,22,index,True,891416,892602,/,1.2,2.2,2.2,1.2,2,1,3,0,change_ori,/,1,testing
8,jxx,f,22,index,True,897327,898043,/,4.2,4.2,1.2,1.2,3,2,0,1,change_col,/,1,testing
8,jxx,f,22,index,True,902636,904265,z,4.2,4.2,2.2,2.2,0,1,2,3,nochange_ori,z,2,testing
8,jxx,f,22,index,True,908864,910346,z,2.2,2.2,1.2,1.2,1,2,3,0,nochange_col,z,0,testing
8,jxx,f,22,index,True,914959,916091,/,2.2,0.7,2.2,0.7,0,3,2,1,change_ori,/,1,testing
8,jxx,f,22,index,True,920670,923755,z,1.2,1.2,4.2,4.2,3,2,0,1,nochange_ori,z,1,testing
8,jxx,f,22,index,True,928400,929291,z,0.7,4.2,4.2,0.7,2,1,3,0,nochange_ori,z,3,testing
8,jxx,f,22,index,True,934027,935547,/,4.2,2.2,4.2,2.2,0,2,1,3,change_col,/,0,testing
8,jxx,f,22,index,True,940305,941547,/,2.2,2.2,4.2,4.2,1,3,2,0,change_ori,/,0,testing
8,jxx,f,22,index,True,946183,947194,/,0.7,0.7,2.2,2.2,0,2,3,1,change_ori,/,0,testing
8,jxx,f,22,index,True,951893,952955,/,0.7,4.2,4.2,0.7,3,2,0,1,change_ori,/,0,testing
8,jxx,f,22,index,True,957588,958986,z,4.2,1.2,1.2,4.2,0,3,1,2,nochange_ori,z,2,testing
8,jxx,f,22,index,True,963598,965017,/,1.2,4.2,4.2,1.2,3,1,0,2,change_ori,/,3,testing
8,jxx,f,22,index,True,969677,970411,z,4.2,0.7,0.7,4.2,3,0,2,1,nochange_col,z,2,testing
8,jxx,f,22,index,True,975170,976698,/,1.2,2.2,1.2,2.2,0,1,2,3,change_col,/,1,testing
8,jxx,f,22,index,True,981331,982058,/,4.2,4.2,0.7,0.7,3,0,1,2,change_col,/,2,testing
8,jxx,f,22,index,True,986807,988345,/,0.7,1.2,1.2,0.7,1,3,0,2,change_ori,/,1,testing
8,jxx,f,22,index,True,993052,994057,/,4.2,0.7,0.7,4.2,1,0,2,3,change_col,/,3,testing
8,jxx,f,22,index,True,998663,999562,/,0.7,0.7,1.2,1.2,1,3,2,0,change_ori,/,2,testing
8,jxx,f,22,index,True,1004290,1005274,/,1.2,1.2,0.7,0.7,3,2,1,0,change_col,/,0,testing
8,jxx,f,22,index,True,1010017,1010715,z,2.2,0.7,0.7,2.2,1,2,3,0,nochange_col,z,3,testing
8,jxx,f,22,index,True,1015444,1016426,z,0.7,1.2,0.7,1.2,3,0,2,1,nochange_col,z,2,testing
8,jxx,f,22,index,True,1021004,1022202,/,1.2,1.2,0.7,0.7,0,3,2,1,change_col,/,3,testing
8,jxx,f,22,index,True,1026931,1027946,z,4.2,4.2,2.2,2.2,1,2,0,3,nochange_ori,z,0,testing
8,jxx,f,22,index,True,1032592,1033419,/,1.2,4.2,1.2,4.2,0,3,2,1,change_col,/,1,testing
8,jxx,f,22,index,True,1038052,1038715,z,4.2,4.2,1.2,1.2,1,2,3,0,nochange_col,z,1,testing
8,jxx,f,22,index,True,1043445,1044026,/,2.2,2.2,1.2,1.2,2,3,0,1,change_col,/,2,testing
8,jxx,f,22,index,True,1048621,1049835,z,2.2,2.2,0.7,0.7,3,1,0,2,nochange_col,z,0,testing
8,jxx,f,22,index,True,1054415,1056410,z,1.2,2.2,2.2,1.2,3,0,1,2,change_col,/,1,testing
8,jxx,f,22,index,True,1060994,1062538,/,0.7,1.2,0.7,1.2,3,1,0,2,nochange_ori,z,1,testing
8,jxx,f,22,index,True,1067122,1067946,/,4.2,1.2,4.2,1.2,3,2,0,1,change_col,/,0,testing
8,jxx,f,22,index,True,1072682,1073722,/,0.7,0.7,4.2,4.2,0,2,3,1,change_ori,/,0,testing
8,jxx,f,22,index,True,1078359,1078890,/,2.2,4.2,2.2,4.2,1,3,0,2,change_col,/,1,testing
8,jxx,f,22,index,True,1083586,1084490,/,2.2,2.2,0.7,0.7,0,2,3,1,change_ori,/,2,testing
8,jxx,f,22,index,True,1089146,1089978,z,2.2,4.2,4.2,2.2,2,0,3,1,nochange_col,z,2,testing
8,jxx,f,22,index,True,1094623,1095883,/,2.2,2.2,4.2,4.2,1,0,3,2,nochange_ori,z,0,testing
8,jxx,f,22,index,True,1100516,1101817,/,4.2,0.7,0.7,4.2,2,0,3,1,change_ori,/,0,testing
8,jxx,f,22,index,True,1106411,1107114,z,0.7,1.2,1.2,0.7,1,0,3,2,nochange_ori,z,3,testing
8,jxx,f,22,index,True,1111788,1112538,z,2.2,1.2,2.2,1.2,2,3,1,0,nochange_col,z,0,testing
8,jxx,f,22,index,True,1117214,1118043,/,2.2,1.2,2.2,1.2,3,2,0,1,nochange_col,z,3,testing
8,jxx,f,22,index,True,1122741,1123930,z,2.2,1.2,1.2,2.2,3,1,0,2,nochange_ori,z,3,testing
8,jxx,f,22,index,True,1128502,1129578,z,0.7,0.7,1.2,1.2,2,3,0,1,nochange_ori,z,2,testing
8,jxx,f,22,index,True,1134212,1135034,z,0.7,1.2,0.7,1.2,0,3,1,2,nochange_col,z,0,testing
8,jxx,f,22,index,True,1139789,1141098,z,1.2,0.7,1.2,0.7,3,1,0,2,nochange_ori,z,0,testing
8,jxx,f,22,index,True,1145817,1147259,/,1.2,2.2,1.2,2.2,1,2,0,3,nochange_ori,z,3,testing
8,jxx,f,22,index,True,1151978,1152826,/,2.2,1.2,2.2,1.2,0,2,1,3,change_col,/,2,testing
8,jxx,f,22,index,True,1157438,1158490,z,0.7,0.7,1.2,1.2,2,1,0,3,nochange_col,z,3,testing
8,jxx,f,22,index,True,1163132,1164778,z,1.2,4.2,1.2,4.2,3,2,1,0,nochange_ori,z,2,testing
8,jxx,f,22,index,True,1169410,1169963,z,2.2,1.2,2.2,1.2,2,1,3,0,nochange_col,z,3,testing
