subj,name,gender,age,cond,P_resp,P_startTime,P_respTime,P_gotKey,sf1,sf2,sf3,sf4,ord_1,ord_2,ord_3,ord_4,task,correct_key,no_change,mode
8,jxx,f,22,noindex,True,208574,210682,/,0.7,4.2,1.2,2.2,3,2,1,0,change_ori,/,3,practice
8,jxx,f,22,noindex,True,215437,217258,z,2.2,4.2,1.2,0.7,1,0,3,2,nochange_col,z,1,practice
8,jxx,f,22,noindex,True,221865,223146,z,4.2,0.7,2.2,1.2,0,2,1,3,nochange_ori,z,3,practice
8,jxx,f,22,noindex,True,227893,229754,/,2.2,4.2,1.2,0.7,3,0,1,2,nochange_ori,z,0,practice
8,jxx,f,22,noindex,True,234505,236506,/,1.2,4.2,0.7,2.2,0,1,2,3,change_col,/,1,practice
8,jxx,f,22,noindex,True,241217,242506,z,4.2,0.7,2.2,1.2,1,0,3,2,nochange_col,z,3,practice
8,jxx,f,22,noindex,True,247229,248554,/,4.2,0.7,1.2,2.2,0,3,1,2,change_ori,/,1,practice
8,jxx,f,22,noindex,True,253206,255018,/,4.2,2.2,1.2,0.7,3,0,1,2,change_col,/,2,practice
8,jxx,f,22,noindex,True,259718,262330,/,0.7,4.2,1.2,2.2,1,3,0,2,change_ori,/,1,practice
8,jxx,f,22,noindex,True,267081,272442,/,2.2,1.2,4.2,0.7,0,3,1,2,change_col,/,3,practice
8,jxx,f,22,noindex,True,277033,278746,z,0.7,2.2,1.2,4.2,3,2,1,0,nochange_col,z,3,practice
8,jxx,f,22,noindex,True,283495,285514,/,1.2,2.2,4.2,0.7,2,1,3,0,nochange_ori,z,2,practice
8,jxx,f,22,noindex,True,290207,292953,/,0.7,2.2,1.2,4.2,1,0,2,3,change_ori,/,0,practice
8,jxx,f,22,noindex,True,297537,298826,z,2.2,0.7,1.2,4.2,1,3,2,0,change_ori,/,1,practice
8,jxx,f,22,noindex,True,303432,305241,/,0.7,1.2,2.2,4.2,3,1,0,2,change_col,/,2,practice
8,jxx,f,22,noindex,True,309960,311914,z,2.2,0.7,1.2,4.2,1,3,0,2,nochange_ori,z,1,practice
8,jxx,f,22,noindex,True,316556,318218,z,0.7,2.2,1.2,4.2,2,0,1,3,nochange_col,z,3,practice
8,jxx,f,22,noindex,True,322884,324074,z,1.2,2.2,0.7,4.2,0,1,3,2,nochange_ori,z,3,practice
8,jxx,f,22,noindex,True,328745,331273,/,0.7,1.2,4.2,2.2,3,1,2,0,change_col,/,2,practice
8,jxx,f,22,noindex,True,335892,336857,z,1.2,0.7,4.2,2.2,0,2,1,3,nochange_col,z,3,practice
8,jxx,f,22,noindex,True,363692,365194,/,4.2,0.7,2.2,1.2,3,2,1,0,change_ori,/,0,testing
8,jxx,f,22,noindex,True,369938,372074,/,1.2,0.7,4.2,2.2,2,0,3,1,change_col,/,1,testing
8,jxx,f,22,noindex,True,376816,379577,z,0.7,2.2,1.2,4.2,0,2,1,3,nochange_ori,z,2,testing
8,jxx,f,22,noindex,True,384347,385978,/,0.7,2.2,4.2,1.2,1,0,3,2,change_ori,/,1,testing
8,jxx,f,22,noindex,True,390592,392041,/,4.2,0.7,1.2,2.2,3,2,0,1,change_ori,/,0,testing
8,jxx,f,22,noindex,True,396770,398298,z,4.2,0.7,1.2,2.2,3,0,1,2,nochange_ori,z,3,testing
8,jxx,f,22,noindex,True,402965,405754,z,1.2,4.2,0.7,2.2,2,1,0,3,nochange_col,z,2,testing
8,jxx,f,22,noindex,True,410445,413065,z,0.7,4.2,2.2,1.2,2,0,3,1,nochange_ori,z,1,testing
8,jxx,f,22,noindex,True,417792,419642,z,4.2,0.7,2.2,1.2,3,0,1,2,nochange_col,z,2,testing
8,jxx,f,22,noindex,True,424337,427322,z,4.2,1.2,0.7,2.2,1,3,2,0,change_col,/,1,testing
8,jxx,f,22,noindex,True,431984,434490,/,2.2,0.7,1.2,4.2,3,0,1,2,change_col,/,0,testing
8,jxx,f,22,noindex,True,439182,440922,z,4.2,2.2,1.2,0.7,3,0,1,2,nochange_col,z,3,testing
8,jxx,f,22,noindex,True,445576,446666,/,1.2,0.7,4.2,2.2,3,1,2,0,change_ori,/,3,testing
8,jxx,f,22,noindex,True,451320,452186,z,4.2,0.7,2.2,1.2,3,1,2,0,nochange_col,z,0,testing
8,jxx,f,22,noindex,True,456897,457737,z,2.2,1.2,0.7,4.2,0,2,3,1,nochange_col,z,2,testing
8,jxx,f,22,noindex,True,462440,464090,z,1.2,0.7,2.2,4.2,3,0,2,1,nochange_col,z,1,testing
8,jxx,f,22,noindex,True,468819,471945,/,4.2,2.2,0.7,1.2,2,1,3,0,change_ori,/,3,testing
8,jxx,f,22,noindex,True,476583,477546,z,4.2,1.2,2.2,0.7,2,0,1,3,nochange_col,z,0,testing
8,jxx,f,22,noindex,True,482210,483481,/,0.7,2.2,1.2,4.2,3,1,0,2,nochange_col,z,1,testing
8,jxx,f,22,noindex,True,488205,489594,/,4.2,0.7,1.2,2.2,2,3,0,1,change_col,/,2,testing
8,jxx,f,22,noindex,True,494299,496713,z,0.7,1.2,2.2,4.2,3,1,2,0,nochange_ori,z,0,testing
8,jxx,f,22,noindex,True,501379,502521,z,4.2,0.7,1.2,2.2,0,2,1,3,nochange_ori,z,0,testing
8,jxx,f,22,noindex,True,507257,508458,/,1.2,0.7,2.2,4.2,0,1,3,2,change_col,/,0,testing
8,jxx,f,22,noindex,True,513134,515226,/,1.2,4.2,2.2,0.7,0,1,2,3,change_ori,/,1,testing
8,jxx,f,22,noindex,True,519880,521594,/,0.7,1.2,4.2,2.2,2,3,0,1,change_ori,/,0,testing
8,jxx,f,22,noindex,True,526175,527562,z,1.2,4.2,0.7,2.2,3,1,2,0,nochange_col,z,0,testing
8,jxx,f,22,noindex,True,532169,533914,/,4.2,2.2,1.2,0.7,0,3,1,2,change_col,/,2,testing
8,jxx,f,22,noindex,True,538681,539706,z,4.2,2.2,0.7,1.2,0,1,2,3,nochange_ori,z,1,testing
8,jxx,f,22,noindex,True,544274,545674,z,0.7,1.2,2.2,4.2,1,0,2,3,nochange_col,z,1,testing
8,jxx,f,22,noindex,True,550353,551897,/,4.2,2.2,1.2,0.7,2,0,3,1,change_col,/,0,testing
8,jxx,f,22,noindex,True,556464,560746,/,4.2,2.2,0.7,1.2,0,1,2,3,nochange_ori,z,2,testing
8,jxx,f,22,noindex,True,565313,566474,z,2.2,4.2,0.7,1.2,2,0,1,3,nochange_ori,z,0,testing
8,jxx,f,22,noindex,True,571174,573674,z,2.2,0.7,1.2,4.2,0,3,2,1,nochange_ori,z,2,testing
8,jxx,f,22,noindex,True,578354,579225,z,0.7,2.2,4.2,1.2,0,1,3,2,nochange_col,z,0,testing
8,jxx,f,22,noindex,True,583831,586009,z,1.2,2.2,0.7,4.2,1,2,3,0,nochange_ori,z,1,testing
8,jxx,f,22,noindex,True,590693,592602,/,1.2,2.2,0.7,4.2,1,3,2,0,nochange_ori,z,2,testing
8,jxx,f,22,noindex,True,597322,598970,/,0.7,4.2,1.2,2.2,0,3,2,1,change_col,/,1,testing
8,jxx,f,22,noindex,True,603617,605817,z,0.7,4.2,2.2,1.2,1,3,0,2,nochange_col,z,2,testing
8,jxx,f,22,noindex,True,610430,612025,z,4.2,1.2,2.2,0.7,1,3,0,2,nochange_ori,z,0,testing
8,jxx,f,22,noindex,True,616725,618361,/,1.2,2.2,0.7,4.2,3,2,1,0,change_ori,/,2,testing
8,jxx,f,22,noindex,True,623036,624073,z,0.7,4.2,1.2,2.2,1,2,3,0,nochange_ori,z,2,testing
8,jxx,f,22,noindex,True,628713,631241,/,4.2,2.2,1.2,0.7,2,1,3,0,change_col,/,3,testing
8,jxx,f,22,noindex,True,635927,636938,/,2.2,0.7,4.2,1.2,1,3,2,0,change_col,/,2,testing
8,jxx,f,22,noindex,True,641554,646138,z,2.2,0.7,1.2,4.2,0,1,2,3,change_col,/,3,testing
8,jxx,f,22,noindex,True,650787,651754,/,1.2,4.2,2.2,0.7,2,0,1,3,change_col,/,0,testing
8,jxx,f,22,noindex,True,656431,659561,z,0.7,2.2,4.2,1.2,3,0,2,1,change_ori,/,0,testing
8,jxx,f,22,noindex,True,664295,666346,/,4.2,2.2,1.2,0.7,3,1,2,0,change_ori,/,1,testing
8,jxx,f,22,noindex,True,670940,672777,z,4.2,0.7,2.2,1.2,2,0,1,3,nochange_col,z,3,testing
8,jxx,f,22,noindex,True,677419,678602,/,4.2,2.2,1.2,0.7,0,2,3,1,change_col,/,1,testing
8,jxx,f,22,noindex,True,683297,684938,/,0.7,2.2,1.2,4.2,1,3,2,0,change_col,/,1,testing
8,jxx,f,22,noindex,True,689625,691098,/,0.7,1.2,2.2,4.2,0,3,2,1,change_ori,/,2,testing
8,jxx,f,22,noindex,True,695670,697033,/,1.2,0.7,4.2,2.2,2,1,3,0,change_col,/,2,testing
8,jxx,f,22,noindex,True,701664,703369,/,2.2,0.7,1.2,4.2,0,3,2,1,change_ori,/,2,testing
8,jxx,f,22,noindex,True,708025,709993,/,0.7,1.2,2.2,4.2,1,2,3,0,change_ori,/,3,testing
8,jxx,f,22,noindex,True,714654,715833,z,4.2,1.2,0.7,2.2,1,2,3,0,nochange_col,z,0,testing
8,jxx,f,22,noindex,True,720516,722890,z,2.2,0.7,1.2,4.2,0,3,2,1,nochange_ori,z,0,testing
8,jxx,f,22,noindex,True,727512,730426,/,1.2,2.2,0.7,4.2,3,0,1,2,change_ori,/,3,testing
8,jxx,f,22,noindex,True,735126,736905,/,4.2,2.2,1.2,0.7,2,3,1,0,change_col,/,0,testing
8,jxx,f,22,noindex,True,741504,742793,/,0.7,2.2,4.2,1.2,0,2,1,3,change_ori,/,2,testing
8,jxx,f,22,noindex,True,747465,748745,/,0.7,1.2,2.2,4.2,2,0,3,1,change_ori,/,2,testing
8,jxx,f,22,noindex,True,753459,754697,z,4.2,2.2,1.2,0.7,1,0,2,3,nochange_col,z,1,testing
8,jxx,f,22,noindex,True,759437,761514,z,2.2,1.2,4.2,0.7,2,3,1,0,nochange_ori,z,2,testing
8,jxx,f,22,noindex,True,766149,767273,z,1.2,4.2,2.2,0.7,3,0,1,2,nochange_ori,z,3,testing
8,jxx,f,22,noindex,True,771877,773129,z,2.2,0.7,4.2,1.2,0,3,2,1,nochange_ori,z,2,testing
8,jxx,f,22,noindex,True,777721,779033,z,4.2,2.2,0.7,1.2,2,3,0,1,nochange_col,z,0,testing
8,jxx,f,22,noindex,True,783614,785625,/,4.2,2.2,0.7,1.2,2,0,1,3,change_col,/,0,testing
8,jxx,f,22,noindex,True,790294,791098,z,0.7,1.2,2.2,4.2,0,1,2,3,nochange_col,z,3,testing
8,jxx,f,22,noindex,True,795837,796809,z,2.2,4.2,0.7,1.2,2,3,0,1,nochange_col,z,2,testing
8,jxx,f,22,noindex,True,801447,803753,/,4.2,0.7,1.2,2.2,2,1,3,0,change_ori,/,2,testing
8,jxx,f,22,noindex,True,808360,809161,z,2.2,4.2,0.7,1.2,3,2,1,0,nochange_col,z,0,testing
8,jxx,f,22,noindex,True,813870,815497,/,2.2,1.2,4.2,0.7,3,0,1,2,change_ori,/,1,testing
8,jxx,f,22,noindex,True,820249,822121,z,1.2,0.7,2.2,4.2,0,1,3,2,nochange_ori,z,2,testing
8,jxx,f,22,noindex,True,826845,827850,/,2.2,1.2,0.7,4.2,0,2,3,1,change_col,/,1,testing
8,jxx,f,22,noindex,True,832604,833386,z,0.7,2.2,4.2,1.2,2,0,3,1,nochange_col,z,2,testing
8,jxx,f,22,noindex,True,838099,839625,/,2.2,0.7,4.2,1.2,1,0,3,2,change_ori,/,3,testing
8,jxx,f,22,noindex,True,844293,845770,/,2.2,0.7,4.2,1.2,0,1,2,3,change_col,/,2,testing
8,jxx,f,22,noindex,True,850521,851528,z,2.2,4.2,1.2,0.7,0,2,3,1,nochange_ori,z,0,testing
8,jxx,f,22,noindex,True,856182,857193,/,4.2,0.7,1.2,2.2,1,2,3,0,change_col,/,2,testing
8,jxx,f,22,noindex,True,861842,863705,z,0.7,2.2,1.2,4.2,3,1,2,0,nochange_ori,z,2,testing
8,jxx,f,22,noindex,True,868388,869673,z,2.2,1.2,0.7,4.2,0,3,2,1,change_ori,/,3,testing
8,jxx,f,22,noindex,True,883599,887081,z,4.2,2.2,0.7,1.2,1,2,0,3,nochange_ori,z,3,testing
8,jxx,f,22,noindex,True,891780,892649,z,0.7,1.2,4.2,2.2,3,2,0,1,nochange_col,z,0,testing
8,jxx,f,22,noindex,True,897407,898233,z,4.2,1.2,0.7,2.2,3,2,0,1,change_col,/,1,testing
8,jxx,f,22,noindex,True,902951,904105,/,2.2,1.2,4.2,0.7,0,2,1,3,change_col,/,1,testing
8,jxx,f,22,noindex,True,908845,909993,/,2.2,1.2,4.2,0.7,3,0,1,2,change_col,/,1,testing
8,jxx,f,22,noindex,True,914723,916729,z,0.7,2.2,4.2,1.2,2,1,0,3,nochange_ori,z,2,testing
8,jxx,f,22,noindex,True,921485,922729,z,2.2,1.2,4.2,0.7,3,1,2,0,nochange_ori,z,1,testing
8,jxx,f,22,noindex,True,927396,928970,z,2.2,0.7,4.2,1.2,1,0,2,3,nochange_ori,z,1,testing
8,jxx,f,22,noindex,True,933725,934793,z,4.2,1.2,0.7,2.2,3,1,0,2,nochange_col,z,2,testing
8,jxx,f,22,noindex,True,939451,940938,/,2.2,4.2,0.7,1.2,1,2,0,3,change_col,/,1,testing
8,jxx,f,22,noindex,True,945546,946713,/,2.2,1.2,4.2,0.7,3,0,2,1,change_col,/,3,testing
8,jxx,f,22,noindex,True,951440,953400,/,2.2,4.2,0.7,1.2,3,1,0,2,change_ori,/,3,testing
8,jxx,f,22,noindex,True,958019,960841,/,1.2,4.2,0.7,2.2,2,1,0,3,change_col,/,0,testing
8,jxx,f,22,noindex,True,965516,966921,z,2.2,0.7,1.2,4.2,2,0,3,1,nochange_ori,z,1,testing
8,jxx,f,22,noindex,True,971544,974137,/,1.2,4.2,2.2,0.7,2,0,3,1,change_ori,/,3,testing
8,jxx,f,22,noindex,True,978724,982201,/,4.2,0.7,2.2,1.2,2,3,1,0,change_ori,/,0,testing
8,jxx,f,22,noindex,True,986872,988729,/,2.2,4.2,1.2,0.7,3,2,0,1,change_ori,/,3,testing
8,jxx,f,22,noindex,True,993501,995305,z,0.7,2.2,1.2,4.2,1,2,0,3,nochange_ori,z,1,testing
8,jxx,f,22,noindex,True,999963,1001561,z,2.2,0.7,4.2,1.2,1,2,3,0,nochange_ori,z,0,testing
8,jxx,f,22,noindex,True,1006190,1007225,/,1.2,2.2,4.2,0.7,1,3,0,2,change_col,/,0,testing
8,jxx,f,22,noindex,True,1011868,1013817,z,0.7,1.2,4.2,2.2,2,0,1,3,nochange_ori,z,2,testing
8,jxx,f,22,noindex,True,1018446,1021801,z,4.2,1.2,2.2,0.7,1,3,0,2,nochange_col,z,1,testing
8,jxx,f,22,noindex,True,1026395,1028537,/,1.2,2.2,0.7,4.2,0,1,3,2,change_col,/,3,testing
8,jxx,f,22,noindex,True,1033291,1034137,/,4.2,0.7,1.2,2.2,0,1,3,2,change_col,/,3,testing
8,jxx,f,22,noindex,True,1038751,1039977,z,4.2,1.2,2.2,0.7,1,2,0,3,change_ori,/,1,testing
8,jxx,f,22,noindex,True,1044729,1045849,z,0.7,4.2,2.2,1.2,1,3,2,0,nochange_col,z,3,testing
8,jxx,f,22,noindex,True,1050522,1051561,/,4.2,0.7,2.2,1.2,2,3,1,0,change_col,/,3,testing
8,jxx,f,22,noindex,True,1056283,1059033,z,2.2,1.2,0.7,4.2,3,2,0,1,nochange_col,z,3,testing
8,jxx,f,22,noindex,True,1063680,1064681,z,4.2,1.2,0.7,2.2,3,0,2,1,nochange_ori,z,3,testing
8,jxx,f,22,noindex,True,1069356,1070905,z,4.2,1.2,0.7,2.2,3,2,1,0,nochange_col,z,0,testing
8,jxx,f,22,noindex,True,1075535,1076328,z,1.2,0.7,2.2,4.2,0,1,2,3,nochange_col,z,2,testing
8,jxx,f,22,noindex,True,1081062,1084137,/,4.2,2.2,0.7,1.2,2,3,1,0,nochange_ori,z,1,testing
8,jxx,f,22,noindex,True,1088876,1089769,/,0.7,2.2,4.2,1.2,3,1,2,0,change_col,/,1,testing
8,jxx,f,22,noindex,True,1094369,1095417,/,4.2,1.2,2.2,0.7,2,3,1,0,change_col,/,0,testing
8,jxx,f,22,noindex,True,1100130,1101561,/,4.2,1.2,2.2,0.7,3,0,2,1,change_ori,/,2,testing
8,jxx,f,22,noindex,True,1106191,1108505,/,0.7,2.2,4.2,1.2,3,2,1,0,change_ori,/,1,testing
8,jxx,f,22,noindex,True,1113188,1114841,z,2.2,0.7,4.2,1.2,0,1,2,3,nochange_ori,z,3,testing
8,jxx,f,22,noindex,True,1119549,1120232,z,2.2,1.2,4.2,0.7,0,3,2,1,nochange_col,z,1,testing
8,jxx,f,22,noindex,True,1124909,1125801,z,0.7,1.2,4.2,2.2,2,0,1,3,nochange_col,z,0,testing
8,jxx,f,22,noindex,True,1130503,1131608,z,1.2,4.2,2.2,0.7,0,3,2,1,nochange_col,z,2,testing
8,jxx,f,22,noindex,True,1136196,1137161,/,1.2,0.7,2.2,4.2,1,3,0,2,change_col,/,1,testing
8,jxx,f,22,noindex,True,1141874,1143369,z,4.2,1.2,0.7,2.2,0,3,1,2,nochange_ori,z,1,testing
8,jxx,f,22,noindex,True,1148002,1149337,/,0.7,2.2,1.2,4.2,0,1,2,3,change_ori,/,3,testing
8,jxx,f,22,noindex,True,1153912,1156409,z,2.2,0.7,1.2,4.2,0,1,2,3,nochange_ori,z,0,testing
8,jxx,f,22,noindex,True,1161075,1162089,z,1.2,0.7,4.2,2.2,2,3,0,1,nochange_col,z,1,testing
8,jxx,f,22,noindex,True,1166753,1168377,/,2.2,4.2,1.2,0.7,2,0,1,3,change_ori,/,0,testing
8,jxx,f,22,noindex,True,1173081,1173993,/,1.2,0.7,2.2,4.2,2,3,0,1,change_col,/,3,testing
8,jxx,f,22,noindex,True,1178691,1179480,z,0.7,2.2,1.2,4.2,0,3,2,1,nochange_col,z,1,testing
8,jxx,f,22,noindex,True,1184218,1185849,z,2.2,4.2,0.7,1.2,0,2,1,3,nochange_ori,z,1,testing
8,jxx,f,22,noindex,True,1190563,1192104,z,0.7,4.2,2.2,1.2,2,0,1,3,nochange_col,z,2,testing
8,jxx,f,22,noindex,True,1196858,1198457,z,0.7,1.2,4.2,2.2,2,1,3,0,change_ori,/,0,testing
8,jxx,f,22,noindex,True,1203153,1203801,z,2.2,4.2,0.7,1.2,3,0,1,2,nochange_col,z,0,testing
8,jxx,f,22,noindex,True,1208463,1211513,/,2.2,4.2,0.7,1.2,2,1,0,3,change_ori,/,3,testing
8,jxx,f,22,noindex,True,1216160,1217561,/,4.2,1.2,0.7,2.2,0,3,1,2,change_ori,/,2,testing
8,jxx,f,22,noindex,True,1222238,1223593,z,0.7,4.2,1.2,2.2,1,3,0,2,nochange_ori,z,2,testing
8,jxx,f,22,noindex,True,1228282,1229705,z,0.7,2.2,4.2,1.2,0,2,1,3,nochange_ori,z,1,testing
8,jxx,f,22,noindex,True,1234327,1235865,/,1.2,4.2,0.7,2.2,0,3,1,2,change_col,/,0,testing
8,jxx,f,22,noindex,True,1240505,1241513,z,2.2,1.2,4.2,0.7,0,3,1,2,nochange_col,z,0,testing
8,jxx,f,22,noindex,True,1246082,1248185,z,4.2,1.2,0.7,2.2,0,2,3,1,nochange_ori,z,1,testing
8,jxx,f,22,noindex,True,1252794,1254904,z,0.7,4.2,2.2,1.2,2,0,1,3,nochange_col,z,3,testing
8,jxx,f,22,noindex,True,1259540,1264408,/,0.7,2.2,1.2,4.2,0,3,1,2,change_ori,/,1,testing
8,jxx,f,22,noindex,True,1269141,1270297,/,4.2,0.7,2.2,1.2,2,0,1,3,change_col,/,0,testing
8,jxx,f,22,noindex,True,1275052,1277528,/,0.7,4.2,1.2,2.2,1,2,0,3,change_col,/,0,testing
8,jxx,f,22,noindex,True,1282115,1283001,z,2.2,1.2,4.2,0.7,2,0,3,1,nochange_ori,z,0,testing
8,jxx,f,22,noindex,True,1287691,1291721,/,2.2,4.2,0.7,1.2,1,0,3,2,change_ori,/,3,testing
8,jxx,f,22,noindex,True,1296308,1297465,/,1.2,2.2,4.2,0.7,1,3,0,2,change_ori,/,3,testing
8,jxx,f,22,noindex,True,1302102,1304072,/,2.2,4.2,0.7,1.2,2,1,0,3,change_ori,/,3,testing
8,jxx,f,22,noindex,True,1308764,1309656,/,4.2,2.2,1.2,0.7,1,0,3,2,change_col,/,2,testing
8,jxx,f,22,noindex,True,1314357,1318568,z,0.7,1.2,4.2,2.2,2,0,1,3,nochange_col,z,1,testing
8,jxx,f,22,noindex,True,1323273,1324409,/,2.2,4.2,1.2,0.7,0,3,2,1,change_col,/,1,testing
8,jxx,f,22,noindex,True,1329001,1329929,z,1.2,0.7,4.2,2.2,2,0,3,1,nochange_ori,z,2,testing
8,jxx,f,22,noindex,True,1334645,1338041,z,1.2,4.2,0.7,2.2,2,0,3,1,nochange_col,z,3,testing
8,jxx,f,22,noindex,True,1342609,1343433,/,2.2,4.2,1.2,0.7,3,2,0,1,change_col,/,2,testing
8,jxx,f,22,noindex,True,1348086,1349129,z,0.7,4.2,2.2,1.2,1,2,0,3,nochange_col,z,3,testing
8,jxx,f,22,noindex,True,1353780,1355097,/,0.7,1.2,4.2,2.2,3,0,1,2,change_ori,/,1,testing
8,jxx,f,22,noindex,True,1359791,1360761,z,2.2,0.7,1.2,4.2,3,1,0,2,nochange_ori,z,0,testing
8,jxx,f,22,noindex,True,1365485,1366504,z,4.2,0.7,2.2,1.2,3,1,0,2,nochange_col,z,0,testing
8,jxx,f,22,noindex,True,1371129,1372824,/,4.2,2.2,1.2,0.7,2,0,3,1,change_ori,/,1,testing
8,jxx,f,22,noindex,True,1377424,1379656,/,4.2,0.7,2.2,1.2,1,2,0,3,change_ori,/,3,testing
8,jxx,f,22,noindex,True,1384336,1385225,/,2.2,4.2,1.2,0.7,1,0,2,3,change_ori,/,3,testing
