subj,name,gender,age,cond,P_resp,P_startTime,P_respTime,P_gotKey,sf1,sf2,sf3,sf4,ord_1,ord_2,ord_3,ord_4,task,correct_key,no_change,mode
9,zh,m,20,noindex,True,174120,178176,/,1.2,4.2,2.2,0.7,0,2,3,1,change_col,/,0,practice
9,zh,m,20,noindex,True,182752,186096,z,4.2,1.2,2.2,0.7,1,0,2,3,nochange_ori,z,1,practice
9,zh,m,20,noindex,True,190833,194784,z,1.2,2.2,4.2,0.7,0,1,3,2,nochange_col,z,0,practice
9,zh,m,20,noindex,True,199534,203232,/,1.2,2.2,0.7,4.2,1,2,0,3,nochange_col,z,2,practice
9,zh,m,20,noindex,True,207916,210081,/,4.2,0.7,1.2,2.2,3,1,2,0,change_ori,/,0,practice
9,zh,m,20,noindex,True,214778,217887,/,0.7,4.2,1.2,2.2,2,0,1,3,change_ori,/,0,practice
9,zh,m,20,noindex,True,222642,223967,z,4.2,2.2,1.2,0.7,2,3,1,0,nochange_col,z,0,practice
9,zh,m,20,noindex,True,228586,230127,/,2.2,0.7,1.2,4.2,2,0,1,3,change_ori,/,1,practice
9,zh,m,20,noindex,True,234782,236752,/,0.7,1.2,4.2,2.2,2,0,1,3,change_col,/,0,practice
9,zh,m,20,noindex,True,241494,243792,/,2.2,1.2,0.7,4.2,2,3,0,1,nochange_col,z,0,practice
9,zh,m,20,noindex,True,248390,250416,/,0.7,1.2,4.2,2.2,3,2,0,1,change_col,/,3,practice
9,zh,m,20,noindex,True,255119,257087,/,4.2,1.2,2.2,0.7,0,1,3,2,nochange_ori,z,2,practice
9,zh,m,20,noindex,True,261814,263103,z,0.7,4.2,2.2,1.2,1,3,2,0,nochange_ori,z,2,practice
9,zh,m,20,noindex,True,267826,270591,/,1.2,4.2,2.2,0.7,3,1,2,0,change_ori,/,3,practice
9,zh,m,20,noindex,True,275222,278560,/,0.7,1.2,2.2,4.2,1,0,2,3,nochange_ori,z,0,practice
9,zh,m,20,noindex,True,283321,285728,/,1.2,0.7,4.2,2.2,2,3,0,1,change_ori,/,1,practice
9,zh,m,20,noindex,True,290383,291664,/,4.2,1.2,0.7,2.2,2,3,0,1,change_col,/,2,practice
9,zh,m,20,noindex,True,296311,297295,z,2.2,1.2,0.7,4.2,0,3,1,2,nochange_ori,z,0,practice
9,zh,m,20,noindex,True,301888,302960,/,2.2,1.2,0.7,4.2,1,2,0,3,change_col,/,2,practice
9,zh,m,20,noindex,True,307715,309200,/,4.2,2.2,0.7,1.2,3,0,1,2,nochange_col,z,3,practice
9,zh,m,20,noindex,True,344984,348096,/,0.7,4.2,2.2,1.2,1,2,3,0,change_ori,/,1,testing
9,zh,m,20,noindex,True,352782,354111,/,4.2,1.2,2.2,0.7,2,1,0,3,change_col,/,1,testing
9,zh,m,20,noindex,True,358860,360303,z,0.7,4.2,1.2,2.2,3,0,2,1,nochange_ori,z,3,testing
9,zh,m,20,noindex,True,365004,368064,/,1.2,2.2,0.7,4.2,0,2,1,3,change_ori,/,2,testing
9,zh,m,20,noindex,True,372718,374943,z,4.2,1.2,0.7,2.2,2,3,1,0,nochange_ori,z,0,testing
9,zh,m,20,noindex,True,379681,384015,/,1.2,4.2,0.7,2.2,1,3,0,2,nochange_ori,z,0,testing
9,zh,m,20,noindex,True,388681,390000,z,0.7,4.2,2.2,1.2,0,3,2,1,nochange_ori,z,1,testing
9,zh,m,20,noindex,True,394659,397696,z,0.7,1.2,4.2,2.2,0,1,3,2,nochange_ori,z,2,testing
9,zh,m,20,noindex,True,402407,406208,/,2.2,1.2,0.7,4.2,0,3,2,1,change_ori,/,1,testing
9,zh,m,20,noindex,True,410956,413391,/,4.2,2.2,0.7,1.2,1,0,3,2,nochange_col,z,1,testing
9,zh,m,20,noindex,True,418152,419519,/,1.2,0.7,2.2,4.2,3,0,1,2,change_col,/,3,testing
9,zh,m,20,noindex,True,424113,425103,/,1.2,0.7,2.2,4.2,1,3,0,2,change_col,/,1,testing
9,zh,m,20,noindex,True,429773,431616,z,4.2,2.2,0.7,1.2,2,3,1,0,nochange_col,z,1,testing
9,zh,m,20,noindex,True,436369,439791,z,4.2,0.7,2.2,1.2,0,3,1,2,nochange_ori,z,1,testing
9,zh,m,20,noindex,True,444550,447759,/,0.7,4.2,1.2,2.2,0,1,2,3,change_ori,/,2,testing
9,zh,m,20,noindex,True,452332,454000,/,2.2,4.2,1.2,0.7,2,3,1,0,change_col,/,0,testing
9,zh,m,20,noindex,True,458610,460047,z,1.2,2.2,0.7,4.2,3,2,0,1,nochange_ori,z,2,testing
9,zh,m,20,noindex,True,464771,467918,/,4.2,0.7,1.2,2.2,0,1,3,2,change_col,/,0,testing
9,zh,m,20,noindex,True,472519,473776,z,0.7,4.2,2.2,1.2,3,1,2,0,nochange_col,z,3,testing
9,zh,m,20,noindex,True,478363,480927,/,4.2,1.2,0.7,2.2,0,1,3,2,nochange_col,z,1,testing
9,zh,m,20,noindex,True,485676,487055,z,1.2,0.7,4.2,2.2,2,1,3,0,change_col,/,3,testing
9,zh,m,20,noindex,True,491687,494927,/,4.2,2.2,1.2,0.7,1,2,3,0,change_ori,/,0,testing
9,zh,m,20,noindex,True,499602,500784,z,1.2,0.7,4.2,2.2,0,1,3,2,nochange_ori,z,0,testing
9,zh,m,20,noindex,True,505345,507120,z,0.7,2.2,4.2,1.2,3,2,0,1,nochange_ori,z,1,testing
9,zh,m,20,noindex,True,511875,513535,/,1.2,4.2,0.7,2.2,2,0,3,1,change_ori,/,1,testing
9,zh,m,20,noindex,True,518102,519904,/,4.2,0.7,1.2,2.2,1,3,0,2,change_col,/,2,testing
9,zh,m,20,noindex,True,524514,526208,/,0.7,2.2,1.2,4.2,1,3,2,0,change_col,/,0,testing
9,zh,m,20,noindex,True,530926,533983,z,4.2,0.7,1.2,2.2,3,0,2,1,nochange_col,z,1,testing
9,zh,m,20,noindex,True,538657,541488,/,2.2,4.2,1.2,0.7,2,3,0,1,change_ori,/,0,testing
9,zh,m,20,noindex,True,546205,547471,/,2.2,0.7,4.2,1.2,3,1,0,2,change_col,/,1,testing
9,zh,m,20,noindex,True,552215,553904,z,0.7,2.2,4.2,1.2,3,2,0,1,nochange_col,z,0,testing
9,zh,m,20,noindex,True,558543,560303,/,1.2,2.2,4.2,0.7,0,1,2,3,change_col,/,3,testing
9,zh,m,20,noindex,True,564905,567391,/,2.2,0.7,1.2,4.2,1,3,0,2,change_ori,/,1,testing
9,zh,m,20,noindex,True,572135,574271,z,2.2,1.2,0.7,4.2,1,2,0,3,nochange_ori,z,1,testing
9,zh,m,20,noindex,True,578981,580399,z,4.2,1.2,2.2,0.7,1,0,2,3,nochange_col,z,0,testing
9,zh,m,20,noindex,True,585042,588223,z,4.2,1.2,0.7,2.2,3,1,2,0,change_ori,/,2,testing
9,zh,m,20,noindex,True,592840,594383,z,0.7,2.2,1.2,4.2,0,3,1,2,nochange_col,z,3,testing
9,zh,m,20,noindex,True,599035,600255,z,1.2,0.7,2.2,4.2,0,1,2,3,nochange_col,z,2,testing
9,zh,m,20,noindex,True,604878,607631,/,2.2,1.2,0.7,4.2,2,3,0,1,change_col,/,1,testing
9,zh,m,20,noindex,True,612359,614912,/,1.2,0.7,2.2,4.2,3,2,1,0,change_col,/,1,testing
9,zh,m,20,noindex,True,619539,620992,z,0.7,2.2,4.2,1.2,2,1,0,3,nochange_col,z,0,testing
9,zh,m,20,noindex,True,625650,626879,z,0.7,1.2,4.2,2.2,3,1,2,0,nochange_col,z,0,testing
9,zh,m,20,noindex,True,631495,633647,/,1.2,0.7,4.2,2.2,1,2,0,3,change_col,/,1,testing
9,zh,m,20,noindex,True,638390,639631,z,4.2,2.2,0.7,1.2,3,2,0,1,nochange_ori,z,2,testing
9,zh,m,20,noindex,True,644318,645664,/,1.2,0.7,4.2,2.2,0,3,1,2,change_ori,/,2,testing
9,zh,m,20,noindex,True,650229,652832,z,0.7,2.2,4.2,1.2,3,0,2,1,nochange_ori,z,0,testing
9,zh,m,20,noindex,True,657576,662191,z,2.2,1.2,0.7,4.2,0,3,1,2,nochange_ori,z,1,testing
9,zh,m,20,noindex,True,666792,668351,z,2.2,0.7,1.2,4.2,1,3,2,0,nochange_col,z,3,testing
9,zh,m,20,noindex,True,673021,675295,z,2.2,0.7,1.2,4.2,1,3,2,0,nochange_col,z,0,testing
9,zh,m,20,noindex,True,680067,682399,z,4.2,2.2,0.7,1.2,1,3,0,2,nochange_ori,z,1,testing
9,zh,m,20,noindex,True,687113,688496,z,1.2,0.7,2.2,4.2,0,3,1,2,nochange_col,z,3,testing
9,zh,m,20,noindex,True,693125,694975,/,1.2,2.2,0.7,4.2,0,1,3,2,change_ori,/,3,testing
9,zh,m,20,noindex,True,699686,702767,/,0.7,2.2,4.2,1.2,2,1,0,3,change_col,/,2,testing
9,zh,m,20,noindex,True,707417,709471,z,2.2,1.2,4.2,0.7,2,1,3,0,nochange_ori,z,1,testing
9,zh,m,20,noindex,True,714180,715934,/,2.2,4.2,0.7,1.2,0,2,1,3,change_ori,/,0,testing
9,zh,m,20,noindex,True,720541,722351,z,4.2,0.7,1.2,2.2,2,0,1,3,nochange_ori,z,2,testing
9,zh,m,20,noindex,True,727103,729407,z,1.2,0.7,2.2,4.2,3,2,0,1,nochange_ori,z,2,testing
9,zh,m,20,noindex,True,734083,735934,/,2.2,4.2,1.2,0.7,3,0,2,1,change_col,/,0,testing
9,zh,m,20,noindex,True,740595,744335,z,0.7,2.2,4.2,1.2,3,1,2,0,change_ori,/,0,testing
9,zh,m,20,noindex,True,749060,751455,z,0.7,2.2,1.2,4.2,0,2,1,3,nochange_ori,z,1,testing
9,zh,m,20,noindex,True,756074,758175,/,2.2,4.2,0.7,1.2,3,1,0,2,change_ori,/,2,testing
9,zh,m,20,noindex,True,762870,764255,/,1.2,4.2,2.2,0.7,2,1,3,0,change_ori,/,2,testing
9,zh,m,20,noindex,True,768947,770527,z,1.2,0.7,2.2,4.2,1,2,0,3,change_ori,/,1,testing
9,zh,m,20,noindex,True,775142,776351,/,1.2,0.7,2.2,4.2,1,3,0,2,change_col,/,2,testing
9,zh,m,20,noindex,True,781086,783391,z,1.2,4.2,2.2,0.7,0,1,3,2,nochange_ori,z,3,testing
9,zh,m,20,noindex,True,788032,790159,z,4.2,2.2,1.2,0.7,0,2,3,1,nochange_col,z,0,testing
9,zh,m,20,noindex,True,794811,796479,z,0.7,2.2,1.2,4.2,3,1,2,0,nochange_col,z,2,testing
9,zh,m,20,noindex,True,801190,803999,z,4.2,0.7,1.2,2.2,0,2,1,3,nochange_col,z,2,testing
9,zh,m,20,noindex,True,808704,810334,/,0.7,2.2,4.2,1.2,1,0,2,3,change_col,/,3,testing
9,zh,m,20,noindex,True,814898,816415,z,4.2,1.2,2.2,0.7,3,1,2,0,nochange_col,z,3,testing
9,zh,m,20,noindex,True,821009,822463,/,2.2,1.2,0.7,4.2,3,1,2,0,change_col,/,2,testing
9,zh,m,20,noindex,True,827054,828655,/,0.7,1.2,2.2,4.2,3,0,2,1,nochange_ori,z,2,testing
9,zh,m,20,noindex,True,833333,836255,/,1.2,2.2,0.7,4.2,2,0,1,3,change_col,/,2,testing
9,zh,m,20,noindex,True,840846,842191,z,0.7,4.2,1.2,2.2,2,3,1,0,nochange_col,z,3,testing
9,zh,m,20,noindex,True,846857,848863,z,2.2,1.2,0.7,4.2,0,2,3,1,nochange_col,z,2,testing
9,zh,m,20,noindex,True,853586,855407,/,2.2,1.2,4.2,0.7,3,0,2,1,change_col,/,0,testing
9,zh,m,20,noindex,True,860165,863262,/,4.2,2.2,1.2,0.7,0,1,3,2,change_ori,/,0,testing
9,zh,m,20,noindex,True,867896,871391,/,1.2,0.7,4.2,2.2,3,1,0,2,change_ori,/,1,testing
9,zh,m,20,noindex,True,876028,877919,/,2.2,0.7,4.2,1.2,0,1,3,2,change_ori,/,1,testing
9,zh,m,20,noindex,True,882506,886430,z,2.2,4.2,1.2,0.7,3,0,1,2,change_ori,/,1,testing
9,zh,m,20,noindex,True,937006,938303,z,1.2,0.7,2.2,4.2,1,2,0,3,nochange_col,z,3,testing
9,zh,m,20,noindex,True,943050,944958,z,4.2,0.7,2.2,1.2,0,1,3,2,nochange_ori,z,1,testing
9,zh,m,20,noindex,True,949613,950670,z,1.2,0.7,4.2,2.2,1,2,3,0,nochange_col,z,1,testing
9,zh,m,20,noindex,True,955357,956367,/,0.7,2.2,1.2,4.2,1,2,0,3,change_col,/,3,testing
9,zh,m,20,noindex,True,961100,962303,z,0.7,4.2,2.2,1.2,3,2,0,1,nochange_ori,z,2,testing
9,zh,m,20,noindex,True,967061,969343,z,0.7,1.2,2.2,4.2,0,1,3,2,change_ori,/,2,testing
9,zh,m,20,noindex,True,973941,975311,z,0.7,1.2,2.2,4.2,0,2,3,1,nochange_col,z,0,testing
9,zh,m,20,noindex,True,980036,981055,/,1.2,0.7,2.2,4.2,3,1,2,0,change_col,/,2,testing
9,zh,m,20,noindex,True,985762,987471,z,1.2,4.2,2.2,0.7,0,2,1,3,nochange_ori,z,3,testing
9,zh,m,20,noindex,True,992090,995535,/,2.2,1.2,0.7,4.2,2,3,1,0,nochange_ori,z,0,testing
9,zh,m,20,noindex,True,1000189,1003807,z,2.2,1.2,0.7,4.2,2,3,0,1,nochange_col,z,3,testing
9,zh,m,20,noindex,True,1008438,1011615,z,1.2,4.2,2.2,0.7,3,0,2,1,nochange_ori,z,0,testing
9,zh,m,20,noindex,True,1016385,1017486,/,1.2,0.7,4.2,2.2,0,2,1,3,change_col,/,1,testing
9,zh,m,20,noindex,True,1022063,1023375,z,0.7,2.2,1.2,4.2,0,2,1,3,nochange_col,z,3,testing
9,zh,m,20,noindex,True,1027940,1029823,/,1.2,4.2,0.7,2.2,3,1,0,2,change_ori,/,0,testing
9,zh,m,20,noindex,True,1034585,1039086,/,1.2,4.2,2.2,0.7,1,3,2,0,change_ori,/,2,testing
9,zh,m,20,noindex,True,1043802,1045343,/,4.2,2.2,1.2,0.7,3,0,2,1,change_col,/,1,testing
9,zh,m,20,noindex,True,1050014,1052191,/,4.2,2.2,1.2,0.7,2,0,1,3,change_ori,/,0,testing
9,zh,m,20,noindex,True,1056827,1058655,/,1.2,0.7,2.2,4.2,0,2,1,3,change_ori,/,0,testing
9,zh,m,20,noindex,True,1063239,1064831,/,2.2,4.2,1.2,0.7,1,2,3,0,change_col,/,0,testing
9,zh,m,20,noindex,True,1069567,1071279,z,1.2,2.2,4.2,0.7,0,2,1,3,nochange_ori,z,1,testing
9,zh,m,20,noindex,True,1075978,1077535,/,0.7,1.2,4.2,2.2,1,0,2,3,change_col,/,0,testing
9,zh,m,20,noindex,True,1082240,1084014,/,4.2,0.7,1.2,2.2,0,3,1,2,change_ori,/,3,testing
9,zh,m,20,noindex,True,1088668,1090447,/,1.2,0.7,2.2,4.2,1,0,3,2,nochange_ori,z,0,testing
9,zh,m,20,noindex,True,1095030,1096734,z,1.2,0.7,4.2,2.2,3,1,0,2,nochange_ori,z,0,testing
9,zh,m,20,noindex,True,1101308,1103422,z,1.2,2.2,0.7,4.2,0,1,2,3,nochange_ori,z,0,testing
9,zh,m,20,noindex,True,1108104,1110863,z,1.2,4.2,0.7,2.2,3,1,2,0,nochange_ori,z,1,testing
9,zh,m,20,noindex,True,1115485,1117294,z,0.7,4.2,2.2,1.2,1,2,3,0,nochange_ori,z,3,testing
9,zh,m,20,noindex,True,1121980,1123294,/,1.2,4.2,2.2,0.7,2,1,0,3,change_col,/,1,testing
9,zh,m,20,noindex,True,1127857,1130623,z,0.7,1.2,4.2,2.2,0,3,1,2,nochange_ori,z,1,testing
9,zh,m,20,noindex,True,1135254,1136319,/,2.2,4.2,1.2,0.7,3,2,1,0,change_col,/,2,testing
9,zh,m,20,noindex,True,1140931,1142831,/,0.7,4.2,2.2,1.2,0,1,3,2,change_ori,/,0,testing
9,zh,m,20,noindex,True,1147543,1149663,z,4.2,1.2,2.2,0.7,2,1,3,0,change_ori,/,1,testing
9,zh,m,20,noindex,True,1154239,1155455,/,1.2,2.2,4.2,0.7,0,3,2,1,change_col,/,0,testing
9,zh,m,20,noindex,True,1160150,1161727,z,0.7,2.2,1.2,4.2,0,3,2,1,nochange_col,z,1,testing
9,zh,m,20,noindex,True,1166461,1168174,z,0.7,4.2,1.2,2.2,1,3,2,0,nochange_ori,z,2,testing
9,zh,m,20,noindex,True,1172907,1175071,z,4.2,0.7,1.2,2.2,2,0,3,1,nochange_col,z,2,testing
9,zh,m,20,noindex,True,1179635,1183598,z,0.7,2.2,1.2,4.2,1,3,0,2,nochange_col,z,2,testing
9,zh,m,20,noindex,True,1188268,1189311,z,4.2,1.2,0.7,2.2,3,1,2,0,nochange_col,z,2,testing
9,zh,m,20,noindex,True,1194045,1194958,/,2.2,0.7,4.2,1.2,1,0,3,2,change_col,/,3,testing
9,zh,m,20,noindex,True,1199623,1201758,/,2.2,1.2,0.7,4.2,0,3,1,2,change_ori,/,1,testing
9,zh,m,20,noindex,True,1206418,1208846,/,2.2,1.2,0.7,4.2,0,1,2,3,change_ori,/,3,testing
9,zh,m,20,noindex,True,1213565,1214783,z,4.2,1.2,2.2,0.7,1,3,0,2,nochange_col,z,1,testing
9,zh,m,20,noindex,True,1219392,1224863,z,1.2,0.7,2.2,4.2,1,2,3,0,nochange_ori,z,2,testing
9,zh,m,20,noindex,True,1229594,1231615,/,2.2,4.2,0.7,1.2,1,3,2,0,change_ori,/,2,testing
9,zh,m,20,noindex,True,1236240,1237630,/,0.7,4.2,1.2,2.2,2,0,1,3,change_ori,/,1,testing
9,zh,m,20,noindex,True,1242234,1244911,z,2.2,1.2,0.7,4.2,0,1,3,2,nochange_ori,z,0,testing
9,zh,m,20,noindex,True,1249615,1250575,/,2.2,4.2,1.2,0.7,1,3,2,0,change_col,/,1,testing
9,zh,m,20,noindex,True,1255325,1258703,z,0.7,4.2,2.2,1.2,2,0,1,3,change_ori,/,2,testing
9,zh,m,20,noindex,True,1263373,1264415,/,0.7,4.2,2.2,1.2,1,3,0,2,change_col,/,0,testing
9,zh,m,20,noindex,True,1269133,1271102,/,0.7,2.2,4.2,1.2,1,2,3,0,change_ori,/,3,testing
9,zh,m,20,noindex,True,1275712,1277710,z,1.2,0.7,2.2,4.2,2,1,3,0,nochange_col,z,1,testing
9,zh,m,20,noindex,True,1282341,1284382,/,0.7,4.2,2.2,1.2,2,3,1,0,change_col,/,2,testing
9,zh,m,20,noindex,True,1289037,1291262,/,2.2,0.7,4.2,1.2,3,0,2,1,change_ori,/,3,testing
9,zh,m,20,noindex,True,1295883,1297854,/,0.7,2.2,1.2,4.2,2,3,0,1,change_col,/,2,testing
9,zh,m,20,noindex,True,1302445,1303695,z,4.2,2.2,0.7,1.2,0,3,1,2,nochange_col,z,2,testing
9,zh,m,20,noindex,True,1308323,1310703,z,0.7,4.2,2.2,1.2,3,1,2,0,nochange_ori,z,1,testing
9,zh,m,20,noindex,True,1315435,1318462,/,4.2,2.2,1.2,0.7,1,0,2,3,change_ori,/,2,testing
9,zh,m,20,noindex,True,1323117,1324398,/,1.2,0.7,4.2,2.2,3,1,0,2,change_ori,/,2,testing
9,zh,m,20,noindex,True,1328977,1330655,z,2.2,0.7,1.2,4.2,0,2,3,1,nochange_col,z,2,testing
9,zh,m,20,noindex,True,1335322,1337518,z,0.7,1.2,2.2,4.2,0,2,1,3,nochange_col,z,1,testing
9,zh,m,20,noindex,True,1342218,1343518,z,4.2,1.2,0.7,2.2,0,2,1,3,nochange_col,z,0,testing
9,zh,m,20,noindex,True,1348179,1352783,/,1.2,4.2,2.2,0.7,2,0,1,3,change_ori,/,1,testing
9,zh,m,20,noindex,True,1357497,1359230,/,4.2,1.2,0.7,2.2,2,0,1,3,change_col,/,2,testing
9,zh,m,20,noindex,True,1363825,1365102,z,0.7,1.2,4.2,2.2,2,0,1,3,nochange_ori,z,0,testing
9,zh,m,20,noindex,True,1369802,1374110,z,2.2,4.2,0.7,1.2,2,1,3,0,nochange_ori,z,0,testing
9,zh,m,20,noindex,True,1378769,1383566,z,1.2,2.2,0.7,4.2,0,3,2,1,nochange_ori,z,1,testing
9,zh,m,20,noindex,True,1388186,1390478,z,0.7,1.2,4.2,2.2,3,1,2,0,nochange_ori,z,2,testing
9,zh,m,20,noindex,True,1395065,1396558,z,2.2,0.7,1.2,4.2,2,3,0,1,nochange_col,z,3,testing
9,zh,m,20,noindex,True,1401244,1402382,/,4.2,0.7,1.2,2.2,0,3,1,2,change_col,/,2,testing
9,zh,m,20,noindex,True,1407021,1407966,/,0.7,2.2,1.2,4.2,1,0,3,2,change_col,/,0,testing
9,zh,m,20,noindex,True,1412630,1413615,/,4.2,0.7,1.2,2.2,2,3,1,0,change_col,/,1,testing
9,zh,m,20,noindex,True,1418224,1419470,z,0.7,1.2,4.2,2.2,3,2,1,0,nochange_col,z,0,testing
9,zh,m,20,noindex,True,1424119,1425279,/,0.7,1.2,2.2,4.2,0,1,3,2,change_col,/,2,testing
9,zh,m,20,noindex,True,1430046,1432478,/,1.2,4.2,2.2,0.7,2,1,0,3,change_ori,/,3,testing
9,zh,m,20,noindex,True,1437042,1437982,z,0.7,2.2,1.2,4.2,0,1,3,2,nochange_col,z,1,testing
9,zh,m,20,noindex,True,1442620,1443934,/,1.2,4.2,0.7,2.2,3,0,1,2,change_col,/,2,testing
9,zh,m,20,noindex,True,1448547,1450782,z,0.7,2.2,4.2,1.2,1,2,0,3,nochange_col,z,3,testing
9,zh,m,20,noindex,True,1455476,1457726,z,1.2,2.2,4.2,0.7,3,0,1,2,change_ori,/,1,testing
9,zh,m,20,noindex,True,1462339,1464142,z,1.2,2.2,0.7,4.2,2,3,1,0,nochange_col,z,3,testing
