subj,name,gender,age,cond,P_resp,P_startTime,P_respTime,P_gotKey,sf1,sf2,sf3,sf4,ord_1,ord_2,ord_3,ord_4,task,correct_key,no_change,mode
9,zh,m,20,index,True,84198,85296,z,4.2,0.7,0.7,4.2,1,3,0,2,nochange_col,z,1,practice
9,zh,m,20,index,True,90025,91024,z,0.7,0.7,4.2,4.2,2,1,3,0,nochange_col,z,0,practice
9,zh,m,20,index,True,95619,97409,/,2.2,4.2,4.2,2.2,3,0,1,2,change_ori,/,3,practice
9,zh,m,20,index,True,102097,103216,/,2.2,1.2,2.2,1.2,3,1,0,2,change_col,/,0,practice
9,zh,m,20,index,True,107975,109457,/,1.2,2.2,1.2,2.2,0,2,1,3,change_ori,/,1,practice
9,zh,m,20,index,True,114203,115936,/,0.7,1.2,1.2,0.7,1,3,0,2,change_ori,/,1,practice
9,zh,m,20,index,True,120565,122017,z,0.7,0.7,4.2,4.2,1,2,3,0,nochange_ori,z,1,practice
9,zh,m,20,index,True,126660,127680,z,1.2,1.2,4.2,4.2,3,1,2,0,nochange_col,z,0,practice
9,zh,m,20,index,True,132403,136384,z,1.2,0.7,1.2,0.7,1,0,2,3,nochange_col,z,2,practice
9,zh,m,20,index,True,141102,142336,/,1.2,0.7,0.7,1.2,0,3,1,2,change_ori,/,0,practice
9,zh,m,20,index,True,146963,148064,/,4.2,1.2,4.2,1.2,3,1,2,0,change_col,/,0,practice
9,zh,m,20,index,True,152673,153504,/,2.2,4.2,4.2,2.2,3,0,1,2,change_col,/,1,practice
9,zh,m,20,index,True,158083,159920,/,2.2,2.2,4.2,4.2,1,0,2,3,change_col,/,1,practice
9,zh,m,20,index,True,164579,165697,z,4.2,4.2,1.2,1.2,2,3,0,1,nochange_ori,z,3,practice
9,zh,m,20,index,True,170423,175216,z,0.7,1.2,0.7,1.2,2,0,3,1,nochange_ori,z,0,practice
9,zh,m,20,index,True,179840,181729,z,2.2,2.2,0.7,0.7,1,2,0,3,nochange_col,z,1,practice
9,zh,m,20,index,True,186352,187296,/,4.2,0.7,0.7,4.2,2,3,0,1,change_col,/,0,practice
9,zh,m,20,index,True,191896,193584,/,2.2,0.7,0.7,2.2,2,0,3,1,nochange_ori,z,3,practice
9,zh,m,20,index,True,198224,201712,/,0.7,4.2,4.2,0.7,0,2,1,3,change_ori,/,2,practice
9,zh,m,20,index,True,206439,207873,z,4.2,2.2,4.2,2.2,2,3,0,1,nochange_ori,z,2,practice
9,zh,m,20,index,True,219414,220304,/,0.7,1.2,0.7,1.2,1,3,0,2,change_col,/,2,testing
9,zh,m,20,index,True,224957,226096,z,2.2,0.7,0.7,2.2,0,3,1,2,nochange_col,z,2,testing
9,zh,m,20,index,True,230851,232993,z,2.2,0.7,0.7,2.2,0,2,1,3,nochange_col,z,1,testing
9,zh,m,20,index,True,237747,240544,/,4.2,4.2,2.2,2.2,0,2,1,3,change_ori,/,2,testing
9,zh,m,20,index,True,245144,247760,z,4.2,0.7,0.7,4.2,3,2,1,0,nochange_col,z,3,testing
9,zh,m,20,index,True,252441,253664,z,2.2,1.2,2.2,1.2,0,1,2,3,nochange_ori,z,3,testing
9,zh,m,20,index,True,258268,259424,z,2.2,2.2,4.2,4.2,0,3,2,1,nochange_ori,z,1,testing
9,zh,m,20,index,True,264079,266241,z,4.2,1.2,1.2,4.2,0,1,3,2,nochange_ori,z,3,testing
9,zh,m,20,index,True,270808,272560,/,1.2,0.7,1.2,0.7,1,2,0,3,change_col,/,3,testing
9,zh,m,20,index,True,277270,278256,z,1.2,2.2,2.2,1.2,2,1,3,0,nochange_col,z,1,testing
9,zh,m,20,index,True,282914,284000,/,1.2,2.2,1.2,2.2,0,2,1,3,change_ori,/,1,testing
9,zh,m,20,index,True,288624,291424,z,4.2,2.2,2.2,4.2,3,2,1,0,nochange_ori,z,3,testing
9,zh,m,20,index,True,296104,297696,/,2.2,0.7,2.2,0.7,0,1,3,2,change_ori,/,0,testing
9,zh,m,20,index,True,302382,303936,z,0.7,2.2,0.7,2.2,3,2,1,0,nochange_col,z,2,testing
9,zh,m,20,index,True,308560,311088,/,2.2,0.7,0.7,2.2,3,2,1,0,change_ori,/,0,testing
9,zh,m,20,index,True,315723,317888,/,0.7,0.7,4.2,4.2,0,3,1,2,change_col,/,2,testing
9,zh,m,20,index,True,322519,324272,/,1.2,1.2,2.2,2.2,0,3,2,1,change_col,/,1,testing
9,zh,m,20,index,True,328848,330480,/,0.7,4.2,4.2,0.7,1,3,2,0,change_ori,/,1,testing
9,zh,m,20,index,True,335160,336689,z,2.2,0.7,0.7,2.2,2,1,3,0,nochange_col,z,3,testing
9,zh,m,20,index,True,341420,342752,z,2.2,4.2,2.2,4.2,3,2,0,1,nochange_col,z,3,testing
9,zh,m,20,index,True,347465,349472,z,4.2,1.2,4.2,1.2,2,3,1,0,nochange_ori,z,2,testing
9,zh,m,20,index,True,354177,355312,/,4.2,0.7,4.2,0.7,0,2,1,3,change_col,/,2,testing
9,zh,m,20,index,True,360072,361808,z,2.2,4.2,4.2,2.2,2,3,1,0,nochange_ori,z,1,testing
9,zh,m,20,index,True,366467,370032,/,4.2,1.2,1.2,4.2,1,3,0,2,change_ori,/,3,testing
9,zh,m,20,index,True,374649,376737,/,1.2,2.2,2.2,1.2,3,1,0,2,change_ori,/,1,testing
9,zh,m,20,index,True,381445,383584,/,4.2,2.2,2.2,4.2,1,0,3,2,change_ori,/,1,testing
9,zh,m,20,index,True,388357,390113,/,0.7,2.2,2.2,0.7,0,3,2,1,change_col,/,2,testing
9,zh,m,20,index,True,394703,395824,/,2.2,1.2,1.2,2.2,2,1,3,0,change_col,/,0,testing
9,zh,m,20,index,True,400462,401536,z,0.7,1.2,0.7,1.2,2,0,3,1,nochange_ori,z,3,testing
9,zh,m,20,index,True,406223,408752,/,1.2,4.2,1.2,4.2,2,0,1,3,change_col,/,1,testing
9,zh,m,20,index,True,413386,414688,z,0.7,0.7,1.2,1.2,1,2,3,0,nochange_col,z,1,testing
9,zh,m,20,index,True,419347,422272,z,4.2,0.7,4.2,0.7,2,0,3,1,nochange_col,z,3,testing
9,zh,m,20,index,True,426878,427728,z,2.2,0.7,2.2,0.7,3,0,1,2,nochange_col,z,0,testing
9,zh,m,20,index,True,432455,434192,z,4.2,0.7,4.2,0.7,3,1,0,2,nochange_col,z,1,testing
9,zh,m,20,index,True,438883,440064,z,4.2,4.2,0.7,0.7,1,2,0,3,nochange_ori,z,1,testing
9,zh,m,20,index,True,444644,445792,/,4.2,0.7,0.7,4.2,2,1,3,0,change_ori,/,2,testing
9,zh,m,20,index,True,450471,451856,/,0.7,4.2,0.7,4.2,2,3,1,0,change_col,/,3,testing
9,zh,m,20,index,True,456599,458224,/,0.7,2.2,0.7,2.2,2,1,0,3,change_col,/,0,testing
9,zh,m,20,index,True,462844,464512,z,4.2,1.2,4.2,1.2,2,3,0,1,nochange_col,z,3,testing
9,zh,m,20,index,True,469123,470688,z,4.2,4.2,2.2,2.2,2,0,1,3,nochange_col,z,0,testing
9,zh,m,20,index,True,475284,478000,/,1.2,4.2,1.2,4.2,1,0,2,3,nochange_ori,z,0,testing
9,zh,m,20,index,True,482748,484720,z,4.2,0.7,0.7,4.2,2,1,0,3,nochange_ori,z,2,testing
9,zh,m,20,index,True,489493,492656,/,1.2,2.2,1.2,2.2,3,0,1,2,nochange_ori,z,2,testing
9,zh,m,20,index,True,497224,498608,z,1.2,0.7,1.2,0.7,0,2,3,1,nochange_col,z,2,testing
9,zh,m,20,index,True,503369,505840,/,4.2,1.2,1.2,4.2,0,3,1,2,change_col,/,2,testing
9,zh,m,20,index,True,510482,511617,z,1.2,4.2,1.2,4.2,2,1,3,0,nochange_col,z,1,testing
9,zh,m,20,index,True,516192,517920,/,2.2,2.2,0.7,0.7,3,0,1,2,change_ori,/,2,testing
9,zh,m,20,index,True,522521,524064,/,2.2,1.2,2.2,1.2,0,2,3,1,change_col,/,2,testing
9,zh,m,20,index,True,528816,530816,z,0.7,2.2,2.2,0.7,1,2,3,0,nochange_ori,z,1,testing
9,zh,m,20,index,True,535561,539200,/,4.2,4.2,1.2,1.2,0,3,1,2,change_ori,/,3,testing
9,zh,m,20,index,True,543943,544896,z,2.2,2.2,4.2,4.2,1,3,2,0,nochange_col,z,1,testing
9,zh,m,20,index,True,549537,550511,/,4.2,4.2,2.2,2.2,1,2,3,0,change_col,/,1,testing
9,zh,m,20,index,True,555114,559024,/,1.2,1.2,2.2,2.2,1,0,2,3,change_ori,/,2,testing
9,zh,m,20,index,True,563763,565632,/,2.2,0.7,2.2,0.7,0,3,2,1,nochange_ori,z,3,testing
9,zh,m,20,index,True,570375,573040,/,1.2,4.2,1.2,4.2,1,0,3,2,change_ori,/,3,testing
9,zh,m,20,index,True,577622,579329,z,1.2,4.2,4.2,1.2,0,2,1,3,nochange_ori,z,0,testing
9,zh,m,20,index,True,583900,589008,z,2.2,1.2,2.2,1.2,3,0,1,2,nochange_ori,z,0,testing
9,zh,m,20,index,True,593618,594912,z,1.2,2.2,2.2,1.2,2,0,1,3,nochange_ori,z,0,testing
9,zh,m,20,index,True,599629,600960,z,2.2,4.2,2.2,4.2,3,1,2,0,nochange_ori,z,1,testing
9,zh,m,20,index,True,605657,607616,/,0.7,1.2,1.2,0.7,2,1,0,3,change_ori,/,0,testing
9,zh,m,20,index,True,612369,613679,/,0.7,4.2,0.7,4.2,1,3,2,0,change_col,/,1,testing
9,zh,m,20,index,True,618364,619744,/,0.7,1.2,1.2,0.7,2,3,0,1,change_col,/,3,testing
9,zh,m,20,index,True,624341,625984,/,0.7,2.2,0.7,2.2,3,1,0,2,change_ori,/,3,testing
9,zh,m,20,index,True,630585,632560,z,4.2,0.7,4.2,0.7,0,3,2,1,nochange_col,z,3,testing
9,zh,m,20,index,True,637232,639104,z,1.2,1.2,2.2,2.2,3,1,2,0,nochange_col,z,3,testing
9,zh,m,20,index,True,643710,645536,z,1.2,2.2,1.2,2.2,3,1,2,0,nochange_col,z,3,testing
9,zh,m,20,index,True,650272,651503,/,1.2,2.2,2.2,1.2,2,1,3,0,change_col,/,3,testing
9,zh,m,20,index,True,656233,657072,/,2.2,1.2,1.2,2.2,3,2,0,1,change_col,/,1,testing
9,zh,m,20,index,True,661709,662848,/,1.2,0.7,1.2,0.7,0,2,3,1,change_ori,/,3,testing
9,zh,m,20,index,True,667503,669168,z,2.2,1.2,2.2,1.2,1,2,3,0,nochange_col,z,0,testing
9,zh,m,20,index,True,673765,674656,/,4.2,1.2,1.2,4.2,3,1,0,2,change_col,/,0,testing
9,zh,m,20,index,True,679409,682304,/,4.2,0.7,0.7,4.2,3,1,2,0,change_ori,/,1,testing
9,zh,m,20,index,True,686957,689744,z,2.2,4.2,2.2,4.2,3,0,1,2,nochange_ori,z,2,testing
9,zh,m,20,index,True,694353,695264,/,1.2,4.2,4.2,1.2,1,3,0,2,change_col,/,1,testing
9,zh,m,20,index,True,699914,701664,/,4.2,2.2,4.2,2.2,0,3,2,1,change_ori,/,0,testing
9,zh,m,20,index,True,706258,707872,/,0.7,4.2,0.7,4.2,3,2,1,0,nochange_ori,z,1,testing
9,zh,m,20,index,True,712453,713488,/,2.2,1.2,2.2,1.2,0,2,3,1,change_col,/,1,testing
9,zh,m,20,index,True,718213,719807,z,2.2,0.7,0.7,2.2,0,1,3,2,nochange_ori,z,3,testing
9,zh,m,20,index,True,724425,726224,/,1.2,1.2,0.7,0.7,3,0,2,1,change_ori,/,1,testing
9,zh,m,20,index,True,730871,734576,/,4.2,0.7,0.7,4.2,1,3,2,0,change_ori,/,0,testing
9,zh,m,20,index,True,823291,825408,z,1.2,2.2,1.2,2.2,1,2,3,0,nochange_ori,z,0,testing
9,zh,m,20,index,True,830086,831232,z,0.7,0.7,1.2,1.2,3,1,2,0,nochange_col,z,2,testing
9,zh,m,20,index,True,835813,836912,/,1.2,2.2,1.2,2.2,3,1,0,2,change_col,/,0,testing
9,zh,m,20,index,True,841524,842639,/,0.7,0.7,4.2,4.2,1,3,2,0,change_col,/,3,testing
9,zh,m,20,index,True,847217,848304,z,1.2,1.2,2.2,2.2,2,3,1,0,nochange_col,z,2,testing
9,zh,m,20,index,True,853045,854496,/,0.7,2.2,2.2,0.7,3,0,2,1,change_ori,/,1,testing
9,zh,m,20,index,True,859190,860879,/,1.2,2.2,1.2,2.2,2,3,1,0,change_col,/,1,testing
9,zh,m,20,index,True,865584,867072,z,0.7,0.7,1.2,1.2,1,2,0,3,nochange_col,z,1,testing
9,zh,m,20,index,True,871763,872927,z,0.7,0.7,2.2,2.2,3,0,1,2,nochange_col,z,0,testing
9,zh,m,20,index,True,877673,878560,/,0.7,1.2,0.7,1.2,2,1,0,3,change_col,/,1,testing
9,zh,m,20,index,True,883217,884303,/,1.2,1.2,0.7,0.7,2,3,1,0,change_ori,/,2,testing
9,zh,m,20,index,True,888995,890896,/,2.2,1.2,2.2,1.2,0,3,2,1,change_ori,/,0,testing
9,zh,m,20,index,True,895640,896704,/,1.2,1.2,0.7,0.7,0,3,1,2,change_ori,/,1,testing
9,zh,m,20,index,True,901384,902943,/,0.7,4.2,0.7,4.2,2,3,0,1,change_ori,/,0,testing
9,zh,m,20,index,True,907628,908624,/,4.2,2.2,4.2,2.2,2,0,1,3,change_col,/,2,testing
9,zh,m,20,index,True,913206,914704,z,2.2,1.2,1.2,2.2,3,2,0,1,nochange_col,z,1,testing
9,zh,m,20,index,True,919333,920319,/,0.7,1.2,1.2,0.7,2,0,3,1,change_col,/,1,testing
9,zh,m,20,index,True,925010,926576,z,4.2,4.2,0.7,0.7,1,3,0,2,nochange_ori,z,0,testing
9,zh,m,20,index,True,931272,933711,z,1.2,0.7,1.2,0.7,1,3,2,0,nochange_col,z,3,testing
9,zh,m,20,index,True,938402,940080,/,2.2,2.2,4.2,4.2,0,3,1,2,nochange_col,z,0,testing
9,zh,m,20,index,True,944713,946608,z,2.2,0.7,0.7,2.2,2,0,3,1,nochange_col,z,2,testing
9,zh,m,20,index,True,951326,952959,z,1.2,1.2,4.2,4.2,2,1,0,3,nochange_ori,z,0,testing
9,zh,m,20,index,True,957637,958431,/,4.2,4.2,1.2,1.2,3,0,1,2,change_col,/,2,testing
9,zh,m,20,index,True,963064,964351,/,4.2,1.2,4.2,1.2,2,3,0,1,change_ori,/,1,testing
9,zh,m,20,index,True,969091,970896,z,4.2,2.2,4.2,2.2,1,0,2,3,nochange_ori,z,1,testing
9,zh,m,20,index,True,975537,977263,z,2.2,1.2,2.2,1.2,3,2,0,1,nochange_col,z,1,testing
9,zh,m,20,index,True,981916,983055,z,1.2,1.2,2.2,2.2,0,3,1,2,nochange_col,z,0,testing
9,zh,m,20,index,True,987625,989679,/,2.2,1.2,1.2,2.2,1,2,0,3,nochange_col,z,0,testing
9,zh,m,20,index,True,994305,997952,z,4.2,2.2,2.2,4.2,3,0,1,2,nochange_col,z,2,testing
9,zh,m,20,index,True,1002620,1003599,/,0.7,0.7,4.2,4.2,2,1,0,3,change_col,/,2,testing
9,zh,m,20,index,True,1008347,1009616,z,1.2,1.2,0.7,0.7,1,3,0,2,nochange_ori,z,1,testing
9,zh,m,20,index,True,1014375,1016063,/,1.2,4.2,1.2,4.2,0,2,3,1,change_ori,/,3,testing
9,zh,m,20,index,True,1020653,1021487,/,0.7,1.2,1.2,0.7,0,1,2,3,change_col,/,0,testing
9,zh,m,20,index,True,1026213,1027263,z,0.7,1.2,1.2,0.7,0,1,2,3,nochange_col,z,0,testing
9,zh,m,20,index,True,1031941,1033711,/,1.2,4.2,4.2,1.2,1,2,0,3,nochange_ori,z,1,testing
9,zh,m,20,index,True,1038436,1039519,/,2.2,2.2,1.2,1.2,3,0,2,1,change_col,/,3,testing
9,zh,m,20,index,True,1044296,1045360,/,2.2,0.7,2.2,0.7,2,3,0,1,change_col,/,1,testing
9,zh,m,20,index,True,1050090,1052399,z,4.2,4.2,2.2,2.2,2,1,3,0,nochange_ori,z,1,testing
9,zh,m,20,index,True,1057086,1058576,/,1.2,1.2,0.7,0.7,0,3,1,2,change_ori,/,1,testing
9,zh,m,20,index,True,1063332,1065391,z,2.2,2.2,0.7,0.7,3,1,2,0,nochange_ori,z,1,testing
9,zh,m,20,index,True,1070027,1071423,z,0.7,1.2,1.2,0.7,0,3,1,2,nochange_col,z,2,testing
9,zh,m,20,index,True,1076055,1077375,z,0.7,1.2,1.2,0.7,1,2,0,3,nochange_col,z,1,testing
9,zh,m,20,index,True,1082016,1083503,z,4.2,0.7,4.2,0.7,1,2,3,0,nochange_ori,z,0,testing
9,zh,m,20,index,True,1088244,1090879,/,1.2,4.2,4.2,1.2,0,3,2,1,change_col,/,0,testing
9,zh,m,20,index,True,1095591,1097407,/,1.2,0.7,0.7,1.2,0,1,3,2,change_ori,/,0,testing
9,zh,m,20,index,True,1102053,1103167,/,0.7,4.2,0.7,4.2,3,2,0,1,change_col,/,0,testing
9,zh,m,20,index,True,1107847,1109935,z,2.2,2.2,4.2,4.2,0,3,1,2,nochange_ori,z,3,testing
9,zh,m,20,index,True,1114559,1115904,/,1.2,4.2,1.2,4.2,0,1,2,3,change_ori,/,2,testing
9,zh,m,20,index,True,1120553,1122639,z,0.7,1.2,1.2,0.7,0,1,3,2,nochange_ori,z,3,testing
9,zh,m,20,index,True,1127333,1129839,/,4.2,2.2,4.2,2.2,0,1,3,2,nochange_ori,z,2,testing
9,zh,m,20,index,True,1134546,1136063,z,0.7,0.7,1.2,1.2,3,2,0,1,nochange_ori,z,2,testing
9,zh,m,20,index,True,1140774,1146639,/,0.7,0.7,4.2,4.2,3,0,1,2,change_ori,/,3,testing
9,zh,m,20,index,True,1151293,1152799,/,0.7,0.7,2.2,2.2,3,0,2,1,nochange_ori,z,3,testing
9,zh,m,20,index,True,1157488,1158527,/,2.2,2.2,1.2,1.2,2,3,1,0,change_col,/,3,testing
9,zh,m,20,index,True,1163199,1164735,/,0.7,2.2,2.2,0.7,3,1,0,2,change_ori,/,2,testing
9,zh,m,20,index,True,1169343,1170799,z,4.2,4.2,0.7,0.7,0,2,3,1,nochange_ori,z,0,testing
9,zh,m,20,index,True,1175388,1178718,/,1.2,4.2,4.2,1.2,0,2,3,1,change_col,/,1,testing
9,zh,m,20,index,True,1183403,1184383,/,0.7,4.2,4.2,0.7,0,2,1,3,change_col,/,3,testing
9,zh,m,20,index,True,1188946,1190063,/,1.2,0.7,1.2,0.7,3,0,1,2,change_ori,/,2,testing
9,zh,m,20,index,True,1194824,1195919,/,2.2,4.2,2.2,4.2,1,0,2,3,change_ori,/,2,testing
9,zh,m,20,index,True,1200584,1202416,/,0.7,2.2,2.2,0.7,0,2,1,3,change_ori,/,3,testing
9,zh,m,20,index,True,1207113,1210000,/,0.7,0.7,4.2,4.2,3,0,1,2,nochange_ori,z,3,testing
9,zh,m,20,index,True,1214577,1215519,/,0.7,2.2,2.2,0.7,1,0,3,2,change_ori,/,2,testing
9,zh,m,20,index,True,1220154,1221664,/,0.7,4.2,4.2,0.7,0,2,3,1,change_ori,/,1,testing
9,zh,m,20,index,True,1226298,1227328,/,0.7,0.7,1.2,1.2,3,0,2,1,change_col,/,0,testing
9,zh,m,20,index,True,1232059,1234416,/,0.7,0.7,2.2,2.2,3,2,0,1,change_ori,/,1,testing
9,zh,m,20,index,True,1239171,1240111,z,1.2,2.2,1.2,2.2,3,0,1,2,nochange_ori,z,2,testing
9,zh,m,20,index,True,1244849,1249103,z,4.2,4.2,0.7,0.7,3,1,2,0,nochange_ori,z,1,testing
9,zh,m,20,index,True,1253715,1254783,/,0.7,0.7,2.2,2.2,3,0,2,1,change_col,/,0,testing
9,zh,m,20,index,True,1259476,1260431,z,2.2,4.2,4.2,2.2,0,1,3,2,nochange_col,z,3,testing
9,zh,m,20,index,True,1265036,1266159,/,0.7,0.7,1.2,1.2,1,3,2,0,change_col,/,1,testing
9,zh,m,20,index,True,1270763,1273231,z,1.2,4.2,4.2,1.2,1,0,2,3,change_ori,/,2,testing
9,zh,m,20,index,True,1277843,1279567,z,1.2,0.7,0.7,1.2,0,3,2,1,nochange_ori,z,3,testing
9,zh,m,20,index,True,1284221,1286095,z,2.2,4.2,4.2,2.2,3,0,1,2,nochange_col,z,0,testing
9,zh,m,20,index,True,1290766,1291727,/,0.7,2.2,2.2,0.7,2,3,1,0,change_col,/,3,testing
9,zh,m,20,index,True,1296360,1297631,z,1.2,0.7,0.7,1.2,3,0,1,2,nochange_col,z,0,testing
9,zh,m,20,index,True,1302321,1304911,z,2.2,2.2,4.2,4.2,2,1,0,3,change_ori,/,3,testing
9,zh,m,20,index,True,1309518,1310831,z,0.7,2.2,2.2,0.7,0,2,3,1,nochange_ori,z,3,testing
9,zh,m,20,index,True,1315512,1316447,z,2.2,2.2,0.7,0.7,3,0,1,2,nochange_col,z,2,testing
9,zh,m,20,index,True,1321172,1322111,z,4.2,0.7,4.2,0.7,2,3,0,1,nochange_col,z,2,testing
