subj	name	gender	age	prac	shape	color	tar_loc	popularity	dis_cond	dis_loc	dis_high	td_dif	line	respkey	gotkey	startTime	respTime	resp	correct	block	trialnum
11	sq	f	18	1	diamond	red	(645, 428)	high	dis	(565, 460)	N	same	vert	up	True	28353	29617	up	1	1	1
11	sq	f	18	1	circle	green	(533, 540)	low	dis	(645, 652)	N	same	vert	up	True	30627	31664	up	1	1	2
11	sq	f	18	1	diamond	green	(724, 460)	low	dis	(645, 428)	Y	same	vert	up	True	32830	33969	up	1	1	3
11	sq	f	18	1	circle	red	(565, 460)	low	dis	(533, 540)	N	same	vert	up	True	35076	36272	up	1	1	4
11	sq	f	18	1	circle	red	(645, 428)	high	no	no_dis	N	same	hori	left	True	37413	38256	left	1	1	5
11	sq	f	18	1	circle	red	(645, 428)	high	dis	(565, 460)	N	dif	vert	up	True	39494	41033	up	1	1	6
11	sq	f	18	1	diamond	red	(645, 428)	high	dis	(565, 460)	N	dif	vert	up	True	42215	43656	up	1	1	7
11	sq	f	18	1	diamond	green	(645, 428)	high	no	no_dis	N	same	hori	left	True	44865	45841	left	1	1	8
11	sq	f	18	1	diamond	green	(565, 460)	low	no	no_dis	N	same	vert	up	True	47044	48320	up	1	1	9
11	sq	f	18	1	circle	red	(757, 540)	low	dis	(724, 460)	N	dif	vert	up	True	49454	51193	up	1	1	10
11	sq	f	18	1	circle	red	(645, 428)	high	dis	(565, 460)	N	same	hori	left	True	52300	53520	up	0	1	11
11	sq	f	18	1	diamond	red	(645, 428)	high	no	no_dis	N	dif	vert	up	True	56148	57024	up	1	1	12
11	sq	f	18	1	circle	red	(645, 428)	high	no	no_dis	N	dif	vert	up	True	58109	58952	up	1	1	13
11	sq	f	18	1	circle	green	(645, 428)	high	no	no_dis	N	dif	vert	up	True	60107	60889	up	1	1	14
11	sq	f	18	1	diamond	green	(645, 428)	high	dis	(645, 652)	N	same	vert	up	True	61969	63553	up	1	1	15
11	sq	f	18	1	circle	green	(645, 428)	high	dis	(533, 540)	N	dif	hori	left	True	64601	65841	left	1	1	16
11	sq	f	18	1	circle	red	(724, 619)	low	dis	(565, 619)	N	dif	vert	up	True	66987	68472	up	1	1	17
11	sq	f	18	1	diamond	green	(645, 428)	high	dis	(724, 619)	N	dif	vert	up	True	69523	70657	up	1	1	18
11	sq	f	18	1	diamond	red	(565, 460)	low	no	no_dis	N	dif	hori	left	True	71738	73016	left	1	1	19
11	sq	f	18	1	diamond	red	(565, 619)	low	dis	(645, 652)	N	same	vert	up	True	74230	75145	up	1	1	20
11	sq	f	18	1	circle	green	(724, 619)	low	dis	(565, 619)	N	same	hori	left	True	76262	77449	left	1	1	21
11	sq	f	18	1	diamond	green	(645, 428)	high	dis	(533, 540)	N	dif	hori	left	True	78612	79761	left	1	1	22
11	sq	f	18	1	diamond	red	(645, 428)	high	dis	(533, 540)	N	same	vert	up	True	80990	83281	up	1	1	23
11	sq	f	18	1	diamond	red	(645, 428)	high	dis	(757, 540)	N	same	vert	up	True	84283	85393	up	1	1	24
11	sq	f	18	1	circle	red	(565, 619)	low	dis	(565, 460)	N	same	hori	left	True	86425	87656	left	1	1	25
11	sq	f	18	1	circle	red	(565, 619)	low	no	no_dis	N	dif	hori	left	True	88658	89416	left	1	1	26
11	sq	f	18	1	diamond	red	(757, 540)	low	dis	(645, 428)	Y	same	hori	left	True	90451	92192	left	1	1	27
11	sq	f	18	1	diamond	red	(645, 428)	high	dis	(724, 460)	N	same	vert	up	True	93437	94609	up	1	1	28
11	sq	f	18	1	circle	green	(724, 460)	low	no	no_dis	N	dif	hori	left	True	95801	96704	left	1	1	29
11	sq	f	18	1	circle	green	(645, 428)	high	dis	(533, 540)	N	same	hori	left	True	97778	98824	left	1	1	30
11	sq	f	18	1	diamond	red	(645, 428)	high	no	no_dis	N	same	vert	up	True	99886	100784	up	1	1	31
11	sq	f	18	1	circle	red	(533, 540)	low	dis	(565, 460)	N	dif	vert	up	True	101967	103297	up	1	1	32
11	sq	f	18	1	diamond	green	(645, 428)	high	no	no_dis	N	dif	vert	up	True	104540	105672	up	1	1	33
11	sq	f	18	1	circle	red	(645, 428)	high	dis	(645, 652)	N	same	vert	up	True	106904	108097	up	1	1	34
11	sq	f	18	1	circle	red	(645, 428)	high	dis	(724, 460)	N	dif	vert	up	True	109269	110176	up	1	1	35
11	sq	f	18	1	circle	red	(645, 428)	high	no	no_dis	N	same	vert	up	True	111359	112152	up	1	1	36
11	sq	f	18	1	diamond	green	(565, 460)	low	dis	(724, 619)	N	same	vert	up	True	113234	114344	up	1	1	37
11	sq	f	18	1	circle	red	(724, 619)	low	no	no_dis	N	same	hori	left	True	115548	116961	left	1	1	38
11	sq	f	18	1	diamond	green	(645, 428)	high	dis	(565, 619)	N	dif	vert	up	True	118033	119297	up	1	1	39
11	sq	f	18	1	diamond	red	(645, 428)	high	no	no_dis	N	dif	vert	up	True	120461	121128	up	1	1	40
11	sq	f	18	1	diamond	green	(757, 540)	low	dis	(565, 619)	N	same	hori	left	True	122132	123433	left	1	1	41
11	sq	f	18	1	diamond	green	(645, 428)	high	dis	(757, 540)	N	dif	vert	up	True	124531	125296	up	1	1	42
11	sq	f	18	1	circle	red	(757, 540)	low	no	no_dis	N	dif	vert	up	True	126387	127392	up	1	1	43
11	sq	f	18	1	diamond	red	(645, 428)	high	no	no_dis	N	same	vert	up	True	128468	129288	up	1	1	44
11	sq	f	18	1	circle	green	(645, 428)	high	dis	(565, 619)	N	same	vert	up	True	130375	131529	up	1	1	45
11	sq	f	18	1	circle	green	(645, 428)	high	no	no_dis	N	same	hori	left	True	132558	133528	left	1	1	46
11	sq	f	18	1	circle	red	(645, 428)	high	dis	(724, 619)	N	dif	hori	left	True	134703	135961	left	1	1	47
11	sq	f	18	1	circle	green	(645, 428)	high	no	no_dis	N	same	hori	left	True	137060	137760	left	1	1	48
11	sq	f	18	1	circle	red	(645, 428)	high	dis	(724, 460)	N	dif	hori	left	True	138861	139848	up	0	1	49
11	sq	f	18	1	diamond	red	(645, 428)	high	dis	(724, 460)	N	dif	vert	up	True	142450	143560	up	1	1	50
11	sq	f	18	1	diamond	green	(645, 428)	high	dis	(645, 652)	N	same	vert	up	True	144746	145609	up	1	1	51
11	sq	f	18	1	circle	green	(645, 428)	high	dis	(757, 540)	N	dif	hori	left	True	146793	147504	left	1	1	52
11	sq	f	18	1	diamond	green	(724, 619)	low	dis	(645, 428)	Y	same	vert	up	True	148644	149737	up	1	1	53
11	sq	f	18	1	circle	green	(645, 428)	high	dis	(565, 619)	N	dif	hori	left	True	150787	151752	left	1	1	54
11	sq	f	18	1	circle	red	(645, 428)	high	no	no_dis	N	same	vert	up	True	152766	153649	up	1	1	55
11	sq	f	18	1	circle	green	(645, 428)	high	dis	(565, 619)	N	same	hori	left	True	154839	155649	left	1	1	56
11	sq	f	18	1	circle	green	(645, 428)	high	no	no_dis	N	dif	vert	up	True	156682	157632	up	1	1	57
11	sq	f	18	1	circle	green	(724, 460)	low	dis	(645, 428)	Y	dif	hori	left	True	158881	159544	up	0	1	58
11	sq	f	18	1	circle	green	(533, 540)	low	no	no_dis	N	dif	vert	up	True	162148	163432	up	1	1	59
11	sq	f	18	1	circle	red	(645, 428)	high	dis	(533, 540)	N	same	vert	up	True	164561	165992	up	1	1	60
11	sq	f	18	1	diamond	red	(724, 619)	low	dis	(645, 428)	Y	dif	vert	up	True	167204	168368	up	1	1	61
11	sq	f	18	1	circle	green	(645, 428)	high	dis	(757, 540)	N	dif	hori	left	True	169488	171096	left	1	1	62
11	sq	f	18	1	diamond	green	(645, 428)	high	dis	(724, 460)	N	dif	hori	left	True	172345	174008	left	1	1	63
11	sq	f	18	1	diamond	green	(533, 540)	low	dis	(645, 428)	Y	dif	vert	up	True	175081	176776	up	1	1	64
11	sq	f	18	1	diamond	red	(565, 460)	low	dis	(724, 619)	N	dif	hori	left	True	177855	179256	left	1	1	65
11	sq	f	18	1	circle	red	(645, 652)	low	no	no_dis	N	dif	hori	left	True	180474	181928	left	1	1	66
11	sq	f	18	1	diamond	red	(645, 428)	high	dis	(565, 619)	N	same	hori	left	True	182941	185600	left	1	1	67
11	sq	f	18	1	diamond	red	(645, 428)	high	dis	(757, 540)	N	same	hori	left	True	186690	187744	left	1	1	68
11	sq	f	18	1	diamond	green	(645, 652)	low	dis	(533, 540)	N	dif	vert	up	True	188846	189952	up	1	1	69
11	sq	f	18	1	diamond	red	(645, 428)	high	no	no_dis	N	same	hori	left	True	191068	191752	left	1	1	70
11	sq	f	18	1	circle	green	(645, 428)	high	dis	(724, 619)	N	same	hori	left	True	192971	193960	left	1	1	71
11	sq	f	18	1	circle	red	(645, 428)	high	dis	(645, 652)	N	same	hori	left	True	195048	195744	left	1	1	72
11	sq	f	18	1	circle	green	(565, 619)	low	dis	(757, 540)	N	same	hori	left	True	196893	197992	left	1	1	73
11	sq	f	18	1	circle	red	(565, 460)	low	dis	(533, 540)	N	same	hori	left	True	199074	200416	left	1	1	74
11	sq	f	18	1	circle	green	(645, 428)	high	dis	(724, 460)	N	same	hori	left	True	201490	202304	left	1	1	75
11	sq	f	18	1	diamond	red	(645, 652)	low	no	no_dis	N	dif	vert	up	True	203330	204400	up	1	1	76
11	sq	f	18	1	diamond	green	(533, 540)	low	no	no_dis	N	same	vert	up	True	205568	206504	up	1	1	77
11	sq	f	18	1	diamond	green	(645, 428)	high	no	no_dis	N	same	vert	up	True	207604	208224	up	1	1	78
11	sq	f	18	1	circle	red	(645, 428)	high	dis	(724, 619)	N	same	vert	up	True	209359	210488	up	1	1	79
11	sq	f	18	1	diamond	red	(724, 619)	low	dis	(724, 460)	N	same	hori	left	True	211638	213791	left	1	1	80
11	sq	f	18	1	diamond	green	(565, 619)	low	no	no_dis	N	same	hori	left	True	214932	215912	left	1	1	81
11	sq	f	18	1	diamond	red	(645, 652)	low	dis	(645, 428)	Y	dif	hori	left	True	217141	218096	left	1	1	82
11	sq	f	18	1	circle	green	(645, 428)	high	no	no_dis	N	same	hori	left	True	219268	219944	left	1	1	83
11	sq	f	18	1	circle	green	(724, 619)	low	no	no_dis	N	same	hori	left	True	221018	221848	left	1	1	84
11	sq	f	18	1	circle	green	(565, 460)	low	dis	(724, 460)	N	dif	vert	up	True	223010	224160	up	1	1	85
11	sq	f	18	1	diamond	red	(645, 428)	high	dis	(565, 619)	N	same	hori	left	True	225401	226576	left	1	1	86
11	sq	f	18	1	diamond	red	(645, 428)	high	dis	(645, 652)	N	dif	vert	up	True	227720	228552	up	1	1	87
11	sq	f	18	1	diamond	green	(645, 428)	high	dis	(565, 460)	N	dif	hori	left	True	229663	230368	left	1	1	88
11	sq	f	18	1	diamond	green	(645, 428)	high	no	no_dis	N	same	vert	up	True	231380	232129	up	1	1	89
11	sq	f	18	1	circle	green	(645, 428)	high	no	no_dis	N	dif	hori	left	True	233231	234088	left	1	1	90
11	sq	f	18	1	diamond	green	(645, 428)	high	no	no_dis	N	dif	hori	left	True	235132	236800	left	1	1	91
11	sq	f	18	1	circle	red	(645, 428)	high	no	no_dis	N	dif	hori	left	True	237842	238744	left	1	1	92
11	sq	f	18	1	diamond	green	(645, 428)	high	dis	(645, 652)	N	dif	hori	left	True	239899	240624	left	1	1	93
11	sq	f	18	1	circle	red	(645, 428)	high	dis	(724, 460)	N	same	hori	left	True	241785	242417	left	1	1	94
11	sq	f	18	1	diamond	green	(565, 619)	low	dis	(724, 619)	N	dif	hori	left	True	243547	244664	left	1	1	95
11	sq	f	18	1	circle	green	(645, 652)	low	dis	(645, 428)	Y	dif	hori	left	True	245874	246784	left	1	1	96
11	sq	f	18	1	diamond	red	(645, 428)	high	no	no_dis	N	dif	hori	left	True	247857	248800	left	1	1	97
11	sq	f	18	1	diamond	red	(724, 460)	low	dis	(533, 540)	N	dif	hori	left	True	249803	251071	left	1	1	98
11	sq	f	18	1	circle	red	(645, 428)	high	dis	(565, 460)	N	dif	hori	left	True	252248	253193	up	0	1	99
11	sq	f	18	1	circle	green	(757, 540)	low	dis	(645, 428)	Y	dif	hori	left	True	255820	256968	left	1	1	100
11	sq	f	18	1	diamond	green	(645, 428)	high	dis	(645, 652)	N	same	vert	up	True	258090	259336	up	1	1	101
11	sq	f	18	1	circle	green	(533, 540)	low	dis	(645, 428)	Y	same	hori	left	True	260521	261600	left	1	1	102
11	sq	f	18	1	diamond	green	(645, 428)	high	dis	(724, 619)	N	same	vert	up	True	262723	264432	up	1	1	103
11	sq	f	18	1	diamond	green	(645, 428)	high	dis	(757, 540)	N	dif	vert	up	True	265449	266304	up	1	1	104
11	sq	f	18	1	diamond	green	(645, 652)	low	no	no_dis	N	same	vert	up	True	267468	268504	up	1	1	105
11	sq	f	18	1	diamond	red	(724, 460)	low	no	no_dis	N	same	vert	up	True	269522	270704	up	1	1	106
11	sq	f	18	1	circle	green	(645, 428)	high	dis	(533, 540)	N	dif	hori	left	True	271716	272928	left	1	1	107
11	sq	f	18	1	diamond	green	(724, 460)	low	dis	(757, 540)	N	same	vert	up	True	274050	275440	up	1	1	108
11	sq	f	18	1	diamond	red	(645, 428)	high	dis	(565, 460)	N	dif	vert	up	True	276570	277504	up	1	1	109
11	sq	f	18	1	diamond	red	(565, 460)	low	no	no_dis	N	dif	vert	up	True	278591	279776	up	1	1	110
11	sq	f	18	1	circle	green	(645, 428)	high	dis	(724, 619)	N	same	hori	left	True	280782	282041	left	1	1	111
11	sq	f	18	1	circle	green	(757, 540)	low	no	no_dis	N	same	hori	left	True	283097	283968	left	1	1	112
11	sq	f	18	1	circle	red	(724, 460)	low	dis	(757, 540)	N	dif	hori	left	True	284983	286000	up	0	1	113
11	sq	f	18	1	circle	red	(645, 652)	low	dis	(565, 460)	N	same	vert	up	True	288651	289912	up	1	1	114
11	sq	f	18	1	circle	red	(645, 428)	high	no	no_dis	N	dif	hori	left	True	291077	291800	left	1	1	115
11	sq	f	18	1	diamond	green	(645, 428)	high	no	no_dis	N	dif	hori	left	True	292947	293816	left	1	1	116
11	sq	f	18	1	diamond	red	(533, 540)	low	dis	(645, 652)	N	dif	vert	up	True	294837	296040	up	1	1	117
11	sq	f	18	1	diamond	red	(645, 428)	high	dis	(757, 540)	N	dif	vert	up	True	297081	298440	up	1	1	118
11	sq	f	18	1	circle	red	(645, 428)	high	dis	(565, 619)	N	same	hori	left	True	299557	301096	left	1	1	119
11	sq	f	18	1	circle	green	(645, 428)	high	dis	(724, 619)	N	dif	vert	up	True	302136	303824	up	1	1	120
11	sq	f	18	1	circle	red	(565, 619)	low	dis	(645, 652)	N	dif	vert	up	True	350894	352144	up	1	2	1
11	sq	f	18	1	diamond	red	(565, 619)	low	dis	(533, 540)	N	same	hori	left	True	353184	354056	left	1	2	2
11	sq	f	18	1	circle	green	(645, 428)	high	no	no_dis	N	dif	hori	left	True	355267	356048	left	1	2	3
11	sq	f	18	1	circle	red	(645, 428)	high	dis	(724, 460)	N	dif	hori	left	True	357194	358031	left	1	2	4
11	sq	f	18	1	diamond	green	(645, 428)	high	dis	(645, 652)	N	same	hori	left	True	359150	359959	left	1	2	5
11	sq	f	18	1	diamond	green	(724, 460)	low	dis	(645, 428)	Y	dif	vert	up	True	361121	361983	up	1	2	6
11	sq	f	18	1	circle	green	(533, 540)	low	dis	(645, 428)	Y	dif	vert	up	True	362990	364192	up	1	2	7
11	sq	f	18	1	circle	green	(645, 428)	high	no	no_dis	N	same	vert	up	True	365310	366759	up	1	2	8
11	sq	f	18	1	circle	green	(724, 460)	low	dis	(565, 460)	N	same	vert	up	True	367934	369007	up	1	2	9
11	sq	f	18	1	diamond	green	(645, 428)	high	dis	(757, 540)	N	same	hori	left	True	370224	371192	left	1	2	10
11	sq	f	18	1	circle	green	(757, 540)	low	dis	(533, 540)	N	dif	hori	left	True	372276	373319	left	1	2	11
11	sq	f	18	1	circle	red	(645, 428)	high	dis	(533, 540)	N	same	vert	up	True	374342	375600	up	1	2	12
11	sq	f	18	1	circle	red	(724, 619)	low	no	no_dis	N	dif	hori	left	True	376711	377480	left	1	2	13
11	sq	f	18	1	diamond	green	(533, 540)	low	no	no_dis	N	same	vert	up	True	378632	379656	up	1	2	14
11	sq	f	18	1	circle	green	(645, 428)	high	dis	(533, 540)	N	same	vert	up	True	380853	381871	up	1	2	15
11	sq	f	18	1	diamond	red	(645, 428)	high	dis	(533, 540)	N	same	vert	up	True	383091	383840	up	1	2	16
11	sq	f	18	1	diamond	red	(645, 428)	high	dis	(724, 460)	N	same	vert	up	True	385080	386087	up	1	2	17
11	sq	f	18	1	diamond	green	(645, 652)	low	dis	(724, 619)	N	same	hori	left	True	387182	388600	left	1	2	18
11	sq	f	18	1	circle	green	(645, 428)	high	no	no_dis	N	same	vert	up	True	389823	390984	up	1	2	19
11	sq	f	18	1	diamond	green	(565, 460)	low	dis	(645, 652)	N	same	hori	left	True	392161	393543	left	1	2	20
11	sq	f	18	1	circle	green	(645, 428)	high	dis	(645, 652)	N	same	hori	left	True	394550	395824	up	0	2	21
11	sq	f	18	1	circle	green	(565, 460)	low	dis	(565, 619)	N	same	hori	left	True	398493	399496	left	1	2	22
11	sq	f	18	1	diamond	green	(645, 428)	high	dis	(757, 540)	N	same	hori	left	True	400636	402128	left	1	2	23
11	sq	f	18	1	diamond	red	(565, 460)	low	dis	(565, 619)	N	dif	hori	left	True	403168	404351	left	1	2	24
11	sq	f	18	1	diamond	red	(645, 428)	high	no	no_dis	N	same	vert	up	True	405458	406743	up	1	2	25
11	sq	f	18	1	diamond	green	(533, 540)	low	dis	(565, 619)	N	dif	vert	up	True	407883	408872	up	1	2	26
11	sq	f	18	1	circle	red	(645, 652)	low	dis	(533, 540)	N	dif	vert	up	True	409992	411640	up	1	2	27
11	sq	f	18	1	diamond	red	(645, 428)	high	dis	(533, 540)	N	dif	vert	up	True	412829	414184	up	1	2	28
11	sq	f	18	1	diamond	red	(645, 428)	high	dis	(565, 460)	N	same	vert	up	True	415290	416512	up	1	2	29
11	sq	f	18	1	circle	green	(645, 428)	high	dis	(565, 619)	N	dif	vert	up	True	417571	418399	up	1	2	30
11	sq	f	18	1	diamond	green	(645, 428)	high	no	no_dis	N	same	hori	left	True	419511	420559	left	1	2	31
11	sq	f	18	1	circle	green	(645, 428)	high	no	no_dis	N	dif	hori	left	True	421578	423704	left	1	2	32
11	sq	f	18	1	diamond	red	(724, 619)	low	no	no_dis	N	same	vert	up	True	424820	426455	up	1	2	33
11	sq	f	18	1	diamond	green	(645, 428)	high	no	no_dis	N	dif	vert	up	True	427564	428432	up	1	2	34
11	sq	f	18	1	circle	green	(645, 652)	low	no	no_dis	N	dif	vert	up	True	429521	431343	up	1	2	35
11	sq	f	18	1	diamond	red	(645, 428)	high	no	no_dis	N	same	hori	left	True	432521	433376	left	1	2	36
11	sq	f	18	1	diamond	green	(645, 428)	high	no	no_dis	N	same	vert	up	True	434446	435839	up	1	2	37
11	sq	f	18	1	circle	green	(645, 428)	high	dis	(645, 652)	N	dif	vert	up	True	437064	437880	up	1	2	38
11	sq	f	18	1	diamond	red	(565, 619)	low	no	no_dis	N	same	vert	up	True	439128	440063	up	1	2	39
11	sq	f	18	1	circle	red	(645, 428)	high	dis	(724, 460)	N	dif	vert	up	True	441256	442071	up	1	2	40
11	sq	f	18	1	diamond	red	(565, 619)	low	no	no_dis	N	same	hori	left	True	443083	444200	left	1	2	41
11	sq	f	18	1	circle	green	(645, 428)	high	dis	(645, 652)	N	same	hori	left	True	445329	446759	left	1	2	42
11	sq	f	18	1	circle	red	(724, 460)	low	dis	(645, 652)	N	dif	vert	up	True	447877	448920	up	1	2	43
11	sq	f	18	1	circle	green	(645, 428)	high	dis	(724, 619)	N	dif	vert	up	True	450143	451087	up	1	2	44
11	sq	f	18	1	diamond	red	(724, 619)	low	dis	(565, 460)	N	same	hori	left	True	452282	453552	left	1	2	45
11	sq	f	18	1	diamond	red	(645, 428)	high	no	no_dis	N	dif	hori	left	True	454771	455984	left	1	2	46
11	sq	f	18	1	diamond	green	(565, 460)	low	no	no_dis	N	dif	hori	left	True	457213	458088	left	1	2	47
11	sq	f	18	1	circle	green	(645, 428)	high	dis	(724, 619)	N	same	vert	up	True	459235	460424	up	1	2	48
11	sq	f	18	1	diamond	red	(757, 540)	low	dis	(645, 428)	Y	same	vert	up	True	461539	462680	up	1	2	49
11	sq	f	18	1	diamond	green	(645, 428)	high	dis	(565, 460)	N	dif	hori	left	True	463863	465319	left	1	2	50
11	sq	f	18	1	circle	red	(645, 428)	high	no	no_dis	N	same	vert	up	True	466533	467711	up	1	2	51
11	sq	f	18	1	circle	green	(645, 652)	low	dis	(645, 428)	Y	same	vert	up	True	468909	470240	up	1	2	52
11	sq	f	18	1	diamond	red	(645, 652)	low	dis	(724, 460)	N	same	hori	left	True	471341	472631	left	1	2	53
11	sq	f	18	1	circle	red	(533, 540)	low	dis	(645, 428)	Y	dif	vert	up	True	473847	474951	left	0	2	54
11	sq	f	18	1	circle	red	(645, 428)	high	dis	(533, 540)	N	dif	vert	up	True	477582	478840	up	1	2	55
11	sq	f	18	1	diamond	red	(724, 460)	low	no	no_dis	N	same	hori	left	True	479926	480959	left	1	2	56
11	sq	f	18	1	diamond	green	(645, 428)	high	no	no_dis	N	dif	hori	left	True	482070	483591	left	1	2	57
11	sq	f	18	1	circle	red	(645, 428)	high	dis	(724, 619)	N	dif	hori	left	True	484671	485832	left	1	2	58
11	sq	f	18	1	circle	red	(645, 428)	high	no	no_dis	N	same	vert	up	True	486896	487952	up	1	2	59
11	sq	f	18	1	circle	red	(645, 652)	low	no	no_dis	N	dif	vert	up	True	489183	490199	up	1	2	60
11	sq	f	18	1	circle	green	(565, 619)	low	dis	(645, 428)	Y	same	hori	left	True	491273	492456	left	1	2	61
11	sq	f	18	1	diamond	red	(645, 428)	high	dis	(757, 540)	N	same	hori	left	True	493489	494544	left	1	2	62
11	sq	f	18	1	diamond	red	(645, 428)	high	dis	(565, 619)	N	same	vert	up	True	495620	496623	up	1	2	63
11	sq	f	18	1	circle	red	(645, 428)	high	no	no_dis	N	dif	vert	up	True	497776	499688	up	1	2	64
11	sq	f	18	1	diamond	green	(645, 428)	high	no	no_dis	N	dif	hori	left	True	500704	501591	left	1	2	65
11	sq	f	18	1	circle	red	(645, 428)	high	dis	(565, 619)	N	same	vert	up	True	502698	503991	up	1	2	66
11	sq	f	18	1	circle	red	(724, 460)	low	dis	(565, 460)	N	dif	hori	left	True	505166	506168	left	1	2	67
11	sq	f	18	1	diamond	green	(645, 428)	high	dis	(757, 540)	N	same	hori	left	True	507191	508159	left	1	2	68
11	sq	f	18	1	diamond	red	(645, 428)	high	dis	(565, 619)	N	dif	hori	left	True	509398	510208	left	1	2	69
11	sq	f	18	1	circle	red	(645, 428)	high	dis	(724, 460)	N	same	vert	up	True	511288	512344	up	1	2	70
11	sq	f	18	1	diamond	green	(645, 428)	high	dis	(533, 540)	N	dif	hori	left	True	513359	514215	left	1	2	71
11	sq	f	18	1	diamond	green	(533, 540)	low	no	no_dis	N	dif	hori	left	True	515311	516048	left	1	2	72
11	sq	f	18	1	diamond	red	(724, 460)	low	dis	(724, 619)	N	same	vert	up	True	517255	518535	up	1	2	73
11	sq	f	18	1	diamond	green	(757, 540)	low	dis	(724, 460)	N	same	vert	up	True	519571	520871	up	1	2	74
11	sq	f	18	1	circle	green	(757, 540)	low	no	no_dis	N	dif	vert	up	True	522034	523535	up	1	2	75
11	sq	f	18	1	diamond	red	(533, 540)	low	dis	(645, 428)	Y	same	vert	up	True	524568	525719	up	1	2	76
11	sq	f	18	1	circle	red	(645, 428)	high	no	no_dis	N	dif	hori	left	True	526825	527663	left	1	2	77
11	sq	f	18	1	circle	green	(645, 428)	high	dis	(565, 619)	N	same	vert	up	True	528705	529407	up	1	2	78
11	sq	f	18	1	circle	green	(645, 428)	high	no	no_dis	N	dif	vert	up	True	530626	531272	up	1	2	79
11	sq	f	18	1	diamond	red	(645, 428)	high	dis	(565, 619)	N	dif	hori	left	True	532311	532959	left	1	2	80
11	sq	f	18	1	diamond	green	(645, 428)	high	dis	(565, 460)	N	same	hori	left	True	534063	535351	left	1	2	81
11	sq	f	18	1	circle	red	(565, 460)	low	dis	(757, 540)	N	dif	hori	left	True	536544	537511	left	1	2	82
11	sq	f	18	1	circle	red	(724, 460)	low	no	no_dis	N	same	hori	left	True	538526	539360	left	1	2	83
11	sq	f	18	1	diamond	red	(645, 428)	high	dis	(724, 460)	N	dif	vert	up	True	540419	541432	up	1	2	84
11	sq	f	18	1	circle	red	(645, 428)	high	no	no_dis	N	dif	vert	up	True	542527	543311	up	1	2	85
11	sq	f	18	1	diamond	green	(565, 619)	low	dis	(757, 540)	N	dif	hori	left	True	544531	545288	left	1	2	86
11	sq	f	18	1	circle	green	(645, 652)	low	dis	(645, 428)	Y	dif	hori	left	True	546500	547871	left	1	2	87
11	sq	f	18	1	diamond	green	(645, 428)	high	dis	(724, 619)	N	same	hori	left	True	549006	549847	left	1	2	88
11	sq	f	18	1	circle	red	(757, 540)	low	dis	(724, 460)	N	same	hori	left	True	550866	551960	left	1	2	89
11	sq	f	18	1	diamond	red	(645, 428)	high	dis	(565, 619)	N	dif	hori	left	True	552981	553896	left	1	2	90
11	sq	f	18	1	diamond	red	(645, 428)	high	dis	(724, 619)	N	same	vert	up	True	555141	555911	up	1	2	91
11	sq	f	18	1	circle	green	(757, 540)	low	no	no_dis	N	dif	hori	left	True	557128	558007	left	1	2	92
11	sq	f	18	1	circle	green	(645, 428)	high	dis	(565, 460)	N	same	hori	left	True	559024	559879	left	1	2	93
11	sq	f	18	1	circle	green	(645, 428)	high	dis	(645, 652)	N	dif	hori	left	True	560983	561864	left	1	2	94
11	sq	f	18	1	circle	green	(565, 460)	low	no	no_dis	N	dif	vert	up	True	563062	564303	up	1	2	95
11	sq	f	18	1	diamond	green	(724, 619)	low	dis	(565, 460)	N	same	vert	up	True	565437	566527	up	1	2	96
11	sq	f	18	1	diamond	green	(645, 428)	high	dis	(757, 540)	N	same	vert	up	True	567742	569463	up	1	2	97
11	sq	f	18	1	diamond	green	(724, 619)	low	dis	(645, 428)	Y	dif	vert	up	True	570479	571455	up	1	2	98
11	sq	f	18	1	diamond	red	(645, 428)	high	dis	(565, 460)	N	same	hori	left	True	572698	573928	left	1	2	99
11	sq	f	18	1	diamond	green	(645, 428)	high	dis	(645, 652)	N	dif	vert	up	True	575172	576543	up	1	2	100
11	sq	f	18	1	circle	red	(645, 428)	high	dis	(565, 460)	N	dif	vert	up	True	577581	578951	up	1	2	101
11	sq	f	18	1	circle	red	(724, 619)	low	dis	(757, 540)	N	same	vert	up	True	580163	581759	up	1	2	102
11	sq	f	18	1	circle	red	(645, 428)	high	dis	(724, 619)	N	same	hori	left	True	582896	583872	left	1	2	103
11	sq	f	18	1	diamond	red	(645, 428)	high	no	no_dis	N	same	hori	left	True	584925	586111	left	1	2	104
11	sq	f	18	1	diamond	green	(645, 428)	high	no	no_dis	N	same	hori	left	True	587212	588160	left	1	2	105
11	sq	f	18	1	diamond	green	(645, 652)	low	no	no_dis	N	same	vert	up	True	589324	590439	up	1	2	106
11	sq	f	18	1	diamond	green	(645, 428)	high	dis	(533, 540)	N	dif	vert	up	True	591674	593135	up	1	2	107
11	sq	f	18	1	diamond	green	(645, 428)	high	dis	(724, 619)	N	dif	hori	left	True	594189	595200	up	0	2	108
11	sq	f	18	1	circle	green	(645, 428)	high	no	no_dis	N	dif	vert	up	True	597792	598807	up	1	2	109
11	sq	f	18	1	circle	red	(645, 428)	high	dis	(645, 652)	N	dif	hori	left	True	599963	600896	left	1	2	110
11	sq	f	18	1	circle	green	(645, 428)	high	dis	(724, 460)	N	dif	vert	up	True	602010	602911	up	1	2	111
11	sq	f	18	1	circle	red	(645, 428)	high	dis	(757, 540)	N	dif	hori	left	True	604103	604903	left	1	2	112
11	sq	f	18	1	circle	green	(645, 428)	high	dis	(724, 460)	N	dif	vert	up	True	606036	606759	up	1	2	113
11	sq	f	18	1	circle	green	(724, 619)	low	dis	(645, 428)	Y	dif	hori	left	True	607920	609151	left	1	2	114
11	sq	f	18	1	diamond	red	(645, 428)	high	no	no_dis	N	same	hori	left	True	610294	611159	left	1	2	115
11	sq	f	18	1	circle	red	(565, 460)	low	no	no_dis	N	same	hori	left	True	612402	613239	left	1	2	116
11	sq	f	18	1	diamond	red	(757, 540)	low	dis	(724, 619)	N	dif	hori	left	True	614430	615975	left	1	2	117
11	sq	f	18	1	circle	red	(645, 428)	high	dis	(757, 540)	N	dif	hori	left	True	617210	618215	left	1	2	118
11	sq	f	18	1	circle	red	(645, 428)	high	no	no_dis	N	same	hori	left	True	619233	620015	left	1	2	119
11	sq	f	18	1	diamond	red	(645, 428)	high	no	no_dis	N	dif	vert	up	True	621208	621967	up	1	2	120
11	sq	f	18	1	diamond	green	(645, 428)	high	dis	(645, 652)	N	dif	vert	up	True	680110	680959	up	1	3	1
11	sq	f	18	1	diamond	red	(645, 428)	high	no	no_dis	N	dif	vert	up	True	682133	683207	up	1	3	2
11	sq	f	18	1	diamond	red	(645, 428)	high	dis	(533, 540)	N	dif	hori	left	True	684293	685152	left	1	3	3
11	sq	f	18	1	circle	green	(645, 428)	high	dis	(565, 619)	N	same	vert	up	True	686198	686879	up	1	3	4
11	sq	f	18	1	diamond	green	(645, 428)	high	dis	(757, 540)	N	same	vert	up	True	688096	689223	up	1	3	5
11	sq	f	18	1	diamond	green	(645, 428)	high	no	no_dis	N	dif	hori	left	True	690398	690999	left	1	3	6
11	sq	f	18	1	circle	red	(724, 460)	low	no	no_dis	N	same	hori	left	True	692162	693056	left	1	3	7
11	sq	f	18	1	circle	red	(565, 619)	low	dis	(645, 652)	N	same	vert	up	True	694169	695055	up	1	3	8
11	sq	f	18	1	circle	green	(645, 428)	high	dis	(724, 619)	N	same	hori	left	True	696116	696807	left	1	3	9
11	sq	f	18	1	circle	green	(757, 540)	low	no	no_dis	N	same	vert	up	True	697964	698815	up	1	3	10
11	sq	f	18	1	circle	red	(533, 540)	low	no	no_dis	N	same	vert	up	True	700060	700807	up	1	3	11
11	sq	f	18	1	circle	green	(645, 652)	low	no	no_dis	N	dif	vert	up	True	701853	702959	up	1	3	12
11	sq	f	18	1	circle	red	(757, 540)	low	dis	(724, 619)	N	same	hori	left	True	704123	704943	left	1	3	13
11	sq	f	18	1	diamond	red	(645, 428)	high	dis	(533, 540)	N	dif	vert	up	True	706158	707031	up	1	3	14
11	sq	f	18	1	circle	green	(565, 619)	low	dis	(533, 540)	N	dif	hori	left	True	708261	709375	left	1	3	15
11	sq	f	18	1	diamond	red	(645, 428)	high	no	no_dis	N	same	vert	up	True	710545	711423	left	0	3	16
11	sq	f	18	1	circle	red	(645, 428)	high	dis	(724, 619)	N	dif	vert	up	True	713996	714783	up	1	3	17
11	sq	f	18	1	circle	red	(645, 428)	high	dis	(724, 460)	N	same	hori	left	True	715799	716631	left	1	3	18
11	sq	f	18	1	circle	green	(645, 428)	high	dis	(645, 652)	N	dif	hori	left	True	717836	718679	left	1	3	19
11	sq	f	18	1	circle	green	(645, 428)	high	dis	(757, 540)	N	dif	vert	up	True	719816	720519	up	1	3	20
11	sq	f	18	1	circle	red	(724, 619)	low	no	no_dis	N	same	hori	left	True	721736	722591	left	1	3	21
11	sq	f	18	1	diamond	green	(645, 428)	high	no	no_dis	N	dif	hori	left	True	723750	724816	left	1	3	22
11	sq	f	18	1	circle	red	(645, 428)	high	no	no_dis	N	dif	vert	up	True	725854	727103	up	1	3	23
11	sq	f	18	1	circle	red	(645, 428)	high	no	no_dis	N	same	vert	up	True	728268	729135	up	1	3	24
11	sq	f	18	1	diamond	green	(645, 428)	high	dis	(724, 619)	N	same	vert	up	True	730303	731335	up	1	3	25
11	sq	f	18	1	diamond	red	(533, 540)	low	dis	(565, 460)	N	same	hori	left	True	732531	733871	left	1	3	26
11	sq	f	18	1	circle	green	(724, 460)	low	dis	(645, 428)	Y	dif	vert	up	True	735029	735975	up	1	3	27
11	sq	f	18	1	circle	green	(645, 428)	high	no	no_dis	N	same	hori	left	True	737120	737967	left	1	3	28
11	sq	f	18	1	diamond	red	(757, 540)	low	no	no_dis	N	same	vert	up	True	739079	739879	up	1	3	29
11	sq	f	18	1	circle	red	(645, 428)	high	dis	(757, 540)	N	dif	hori	left	True	741052	741767	left	1	3	30
11	sq	f	18	1	diamond	red	(565, 619)	low	dis	(757, 540)	N	same	hori	left	True	742856	743959	left	1	3	31
11	sq	f	18	1	circle	red	(645, 652)	low	dis	(645, 428)	Y	dif	hori	left	True	744969	746063	up	0	3	32
11	sq	f	18	1	diamond	red	(757, 540)	low	dis	(645, 652)	N	same	vert	up	True	748616	749695	up	1	3	33
11	sq	f	18	1	circle	green	(645, 428)	high	dis	(645, 652)	N	same	vert	up	True	750759	751823	up	1	3	34
11	sq	f	18	1	diamond	red	(645, 428)	high	dis	(645, 652)	N	same	hori	left	True	752862	753487	left	1	3	35
11	sq	f	18	1	circle	green	(757, 540)	low	dis	(645, 652)	N	dif	hori	left	True	754665	755407	left	1	3	36
11	sq	f	18	1	circle	red	(645, 428)	high	dis	(565, 460)	N	same	hori	left	True	756614	757286	left	1	3	37
11	sq	f	18	1	circle	red	(645, 428)	high	dis	(565, 619)	N	dif	vert	up	True	758449	759207	up	1	3	38
11	sq	f	18	1	circle	red	(645, 428)	high	dis	(565, 460)	N	dif	hori	left	True	760408	761399	left	1	3	39
11	sq	f	18	1	circle	red	(645, 428)	high	dis	(724, 619)	N	dif	vert	up	True	762437	763159	up	1	3	40
11	sq	f	18	1	circle	green	(645, 428)	high	dis	(533, 540)	N	same	hori	left	True	764213	764959	left	1	3	41
11	sq	f	18	1	diamond	green	(724, 619)	low	dis	(757, 540)	N	dif	hori	left	True	765997	766950	left	1	3	42
11	sq	f	18	1	circle	red	(645, 428)	high	no	no_dis	N	same	hori	left	True	768131	768743	left	1	3	43
11	sq	f	18	1	diamond	green	(645, 428)	high	dis	(645, 652)	N	dif	vert	up	True	769847	770575	up	1	3	44
11	sq	f	18	1	circle	red	(724, 460)	low	dis	(645, 428)	Y	same	hori	left	True	771759	772815	left	1	3	45
11	sq	f	18	1	circle	green	(645, 652)	low	dis	(565, 619)	N	dif	vert	up	True	773863	774783	up	1	3	46
11	sq	f	18	1	circle	green	(645, 428)	high	dis	(757, 540)	N	dif	hori	left	True	775923	776646	left	1	3	47
11	sq	f	18	1	diamond	red	(645, 428)	high	dis	(565, 460)	N	same	hori	left	True	777842	779175	left	1	3	48
11	sq	f	18	1	diamond	green	(645, 428)	high	dis	(724, 619)	N	dif	vert	up	True	780424	781262	up	1	3	49
11	sq	f	18	1	diamond	green	(533, 540)	low	dis	(645, 428)	Y	dif	hori	left	True	782493	783327	left	1	3	50
11	sq	f	18	1	circle	green	(645, 428)	high	no	no_dis	N	same	vert	up	True	784518	785519	up	1	3	51
11	sq	f	18	1	diamond	green	(757, 540)	low	no	no_dis	N	dif	hori	left	True	786686	787551	left	1	3	52
11	sq	f	18	1	diamond	green	(724, 460)	low	no	no_dis	N	dif	vert	up	True	788691	789711	up	1	3	53
11	sq	f	18	1	diamond	red	(724, 619)	low	dis	(645, 428)	Y	same	vert	up	True	790942	791878	up	1	3	54
11	sq	f	18	1	circle	red	(565, 460)	low	dis	(724, 460)	N	same	hori	left	True	793036	793871	left	1	3	55
11	sq	f	18	1	diamond	red	(565, 460)	low	dis	(724, 460)	N	dif	hori	left	True	794950	795823	up	0	3	56
11	sq	f	18	1	circle	green	(724, 619)	low	dis	(565, 619)	N	same	vert	up	True	798462	799471	up	1	3	57
11	sq	f	18	1	circle	green	(533, 540)	low	dis	(565, 460)	N	dif	vert	up	True	800637	801743	up	1	3	58
11	sq	f	18	1	diamond	green	(645, 652)	low	dis	(724, 460)	N	dif	hori	left	True	802987	804095	left	1	3	59
11	sq	f	18	1	circle	red	(645, 428)	high	no	no_dis	N	dif	vert	up	True	805220	806574	up	1	3	60
11	sq	f	18	1	diamond	green	(724, 619)	low	no	no_dis	N	same	vert	up	True	807740	808654	up	1	3	61
11	sq	f	18	1	circle	red	(645, 428)	high	dis	(565, 619)	N	dif	hori	left	True	809688	810591	left	1	3	62
11	sq	f	18	1	diamond	green	(645, 428)	high	dis	(533, 540)	N	same	vert	up	True	811816	812743	up	1	3	63
11	sq	f	18	1	diamond	green	(645, 428)	high	no	no_dis	N	same	hori	left	True	813799	814510	left	1	3	64
11	sq	f	18	1	circle	red	(645, 428)	high	dis	(724, 460)	N	same	vert	up	True	815678	816895	up	1	3	65
11	sq	f	18	1	diamond	red	(645, 428)	high	no	no_dis	N	same	vert	up	True	817918	818718	up	1	3	66
11	sq	f	18	1	diamond	red	(724, 460)	low	dis	(533, 540)	N	dif	hori	left	True	819742	820743	left	1	3	67
11	sq	f	18	1	diamond	green	(645, 428)	high	no	no_dis	N	same	vert	up	True	821784	822638	up	1	3	68
11	sq	f	18	1	diamond	red	(645, 428)	high	dis	(724, 460)	N	same	hori	left	True	823814	825166	left	1	3	69
11	sq	f	18	1	diamond	green	(565, 460)	low	dis	(724, 619)	N	dif	vert	up	True	826268	827175	up	1	3	70
11	sq	f	18	1	circle	green	(645, 428)	high	dis	(645, 652)	N	dif	vert	up	True	828352	829246	up	1	3	71
11	sq	f	18	1	diamond	green	(565, 460)	low	dis	(645, 428)	Y	dif	vert	up	True	830412	831390	up	1	3	72
11	sq	f	18	1	diamond	red	(645, 428)	high	dis	(533, 540)	N	same	hori	left	True	832471	833215	left	1	3	73
11	sq	f	18	1	circle	red	(645, 428)	high	no	no_dis	N	dif	vert	up	True	834418	835214	up	1	3	74
11	sq	f	18	1	circle	green	(645, 428)	high	no	no_dis	N	same	hori	left	True	836283	837022	left	1	3	75
11	sq	f	18	1	circle	red	(533, 540)	low	dis	(757, 540)	N	dif	vert	up	True	838255	840447	up	1	3	76
11	sq	f	18	1	diamond	red	(645, 428)	high	dis	(565, 619)	N	same	vert	up	True	841654	844359	up	1	3	77
11	sq	f	18	1	diamond	green	(757, 540)	low	dis	(645, 428)	Y	same	vert	up	True	845587	846686	up	1	3	78
11	sq	f	18	1	diamond	red	(645, 428)	high	no	no_dis	N	dif	hori	left	True	847912	848775	left	1	3	79
11	sq	f	18	1	diamond	green	(645, 428)	high	no	no_dis	N	same	hori	left	True	849871	850870	left	1	3	80
11	sq	f	18	1	diamond	red	(645, 428)	high	no	no_dis	N	dif	hori	left	True	852034	853015	left	1	3	81
11	sq	f	18	1	diamond	red	(645, 428)	high	dis	(757, 540)	N	dif	hori	left	True	854066	854791	left	1	3	82
11	sq	f	18	1	diamond	green	(565, 619)	low	dis	(645, 428)	Y	dif	vert	up	True	855945	856943	up	1	3	83
11	sq	f	18	1	circle	green	(565, 619)	low	no	no_dis	N	dif	hori	left	True	858097	859119	left	1	3	84
11	sq	f	18	1	circle	green	(724, 619)	low	dis	(645, 428)	Y	same	vert	up	True	860340	861423	up	1	3	85
11	sq	f	18	1	diamond	green	(645, 428)	high	dis	(645, 652)	N	dif	hori	left	True	862491	863975	left	1	3	86
11	sq	f	18	1	circle	green	(645, 428)	high	dis	(565, 460)	N	same	hori	left	True	865112	866334	left	1	3	87
11	sq	f	18	1	circle	red	(645, 428)	high	dis	(533, 540)	N	same	vert	up	True	867360	868423	up	1	3	88
11	sq	f	18	1	circle	red	(565, 619)	low	no	no_dis	N	dif	vert	up	True	869532	870591	up	1	3	89
11	sq	f	18	1	diamond	green	(724, 460)	low	dis	(565, 460)	N	same	vert	up	True	871675	872558	up	1	3	90
11	sq	f	18	1	circle	green	(645, 428)	high	dis	(724, 619)	N	dif	vert	up	True	873696	874495	up	1	3	91
11	sq	f	18	1	diamond	green	(645, 428)	high	dis	(757, 540)	N	same	hori	left	True	875616	876487	left	1	3	92
11	sq	f	18	1	diamond	green	(645, 428)	high	dis	(724, 460)	N	dif	hori	left	True	877629	878687	left	1	3	93
11	sq	f	18	1	circle	red	(645, 428)	high	no	no_dis	N	dif	hori	left	True	879928	880688	left	1	3	94
11	sq	f	18	1	circle	green	(645, 652)	low	no	no_dis	N	same	hori	left	True	881776	882998	left	1	3	95
11	sq	f	18	1	diamond	green	(645, 428)	high	dis	(724, 619)	N	same	vert	up	True	884085	885046	up	1	3	96
11	sq	f	18	1	diamond	green	(645, 428)	high	dis	(533, 540)	N	dif	hori	left	True	886266	887070	left	1	3	97
11	sq	f	18	1	diamond	red	(724, 619)	low	no	no_dis	N	dif	vert	up	True	888189	889399	left	0	3	98
11	sq	f	18	1	circle	red	(645, 428)	high	dis	(724, 460)	N	dif	vert	up	True	892081	893319	up	1	3	99
11	sq	f	18	1	circle	red	(645, 428)	high	dis	(724, 460)	N	same	hori	left	True	894366	895351	left	1	3	100
11	sq	f	18	1	diamond	green	(645, 428)	high	dis	(565, 619)	N	dif	vert	up	True	896469	897359	up	1	3	101
11	sq	f	18	1	circle	green	(645, 428)	high	no	no_dis	N	dif	vert	up	True	898508	899351	up	1	3	102
11	sq	f	18	1	diamond	red	(645, 652)	low	dis	(533, 540)	N	dif	vert	up	True	900365	901454	up	1	3	103
11	sq	f	18	1	diamond	red	(645, 428)	high	no	no_dis	N	same	vert	up	True	902526	903255	up	1	3	104
11	sq	f	18	1	circle	green	(645, 428)	high	dis	(565, 460)	N	dif	hori	left	True	904268	905238	left	1	3	105
11	sq	f	18	1	circle	green	(645, 428)	high	no	no_dis	N	same	hori	left	True	906276	906950	left	1	3	106
11	sq	f	18	1	diamond	red	(533, 540)	low	no	no_dis	N	same	hori	left	True	908140	909246	left	1	3	107
11	sq	f	18	1	diamond	green	(645, 428)	high	no	no_dis	N	dif	hori	left	True	910329	910999	left	1	3	108
11	sq	f	18	1	diamond	red	(645, 428)	high	dis	(565, 619)	N	same	vert	up	True	912096	912807	up	1	3	109
11	sq	f	18	1	circle	green	(645, 428)	high	dis	(757, 540)	N	dif	hori	left	True	913963	915119	left	1	3	110
11	sq	f	18	1	circle	green	(565, 460)	low	dis	(565, 619)	N	same	hori	left	True	916309	917454	left	1	3	111
11	sq	f	18	1	diamond	red	(645, 428)	high	dis	(565, 460)	N	same	hori	left	True	918652	919839	left	1	3	112
11	sq	f	18	1	diamond	red	(645, 428)	high	dis	(724, 460)	N	same	vert	up	True	921015	921911	left	0	3	113
11	sq	f	18	1	diamond	red	(565, 460)	low	no	no_dis	N	dif	hori	left	True	924642	925839	left	1	3	114
11	sq	f	18	1	circle	red	(724, 619)	low	dis	(565, 460)	N	same	vert	up	True	927069	928311	up	1	3	115
11	sq	f	18	1	diamond	green	(565, 460)	low	no	no_dis	N	dif	hori	left	True	929495	930214	left	1	3	116
11	sq	f	18	1	circle	red	(565, 619)	low	dis	(645, 428)	Y	same	hori	left	True	931342	932703	left	1	3	117
11	sq	f	18	1	diamond	red	(645, 428)	high	dis	(565, 619)	N	same	vert	up	True	933726	934655	up	1	3	118
11	sq	f	18	1	circle	green	(645, 428)	high	no	no_dis	N	dif	vert	up	True	935807	936751	up	1	3	119
11	sq	f	18	1	diamond	red	(724, 460)	low	dis	(724, 619)	N	same	hori	left	True	937767	939080	left	1	3	120
11	sq	f	18	1	circle	red	(565, 460)	low	dis	(645, 652)	N	same	hori	left	True	1008036	1008991	left	1	4	1
11	sq	f	18	1	circle	green	(645, 428)	high	dis	(645, 652)	N	dif	hori	left	True	1010221	1010990	left	1	4	2
11	sq	f	18	1	circle	green	(645, 428)	high	dis	(565, 619)	N	dif	hori	left	True	1012238	1012966	left	1	4	3
11	sq	f	18	1	diamond	green	(645, 428)	high	dis	(724, 460)	N	dif	hori	left	True	1014131	1014871	left	1	4	4
11	sq	f	18	1	diamond	red	(645, 652)	low	no	no_dis	N	same	hori	left	True	1015932	1016775	left	1	4	5
11	sq	f	18	1	circle	red	(565, 619)	low	dis	(565, 460)	N	dif	hori	left	True	1017986	1018998	left	1	4	6
11	sq	f	18	1	circle	red	(645, 428)	high	no	no_dis	N	dif	hori	left	True	1020187	1020783	left	1	4	7
11	sq	f	18	1	circle	green	(645, 428)	high	no	no_dis	N	same	hori	left	True	1021871	1022526	left	1	4	8
11	sq	f	18	1	circle	green	(645, 428)	high	no	no_dis	N	same	hori	left	True	1023553	1024790	left	1	4	9
11	sq	f	18	1	circle	red	(533, 540)	low	dis	(645, 428)	Y	same	vert	up	True	1025796	1026943	up	1	4	10
11	sq	f	18	1	diamond	red	(724, 460)	low	dis	(645, 428)	Y	dif	vert	up	True	1028110	1029479	up	1	4	11
11	sq	f	18	1	circle	red	(645, 428)	high	no	no_dis	N	same	vert	up	True	1030681	1031390	up	1	4	12
11	sq	f	18	1	circle	green	(645, 428)	high	dis	(724, 460)	N	dif	vert	up	True	1032552	1034063	up	1	4	13
11	sq	f	18	1	circle	green	(645, 652)	low	dis	(533, 540)	N	dif	hori	left	True	1035096	1036071	left	1	4	14
11	sq	f	18	1	circle	red	(724, 460)	low	dis	(757, 540)	N	same	vert	up	True	1037145	1038334	up	1	4	15
11	sq	f	18	1	diamond	red	(645, 428)	high	no	no_dis	N	dif	hori	left	True	1039445	1040174	left	1	4	16
11	sq	f	18	1	circle	green	(565, 460)	low	dis	(645, 428)	Y	dif	hori	left	True	1041404	1042479	left	1	4	17
11	sq	f	18	1	circle	green	(565, 460)	low	no	no_dis	N	dif	vert	up	True	1043609	1044566	up	1	4	18
11	sq	f	18	1	circle	red	(645, 428)	high	dis	(565, 460)	N	same	hori	left	True	1045615	1046575	left	1	4	19
11	sq	f	18	1	circle	red	(645, 428)	high	dis	(724, 619)	N	same	hori	left	True	1047598	1048375	left	1	4	20
11	sq	f	18	1	circle	green	(533, 540)	low	dis	(724, 619)	N	same	hori	left	True	1049530	1050342	left	1	4	21
11	sq	f	18	1	diamond	green	(565, 619)	low	no	no_dis	N	dif	vert	up	True	1051489	1052902	up	1	4	22
11	sq	f	18	1	diamond	red	(645, 428)	high	dis	(645, 652)	N	same	hori	left	True	1054140	1055014	left	1	4	23
11	sq	f	18	1	diamond	green	(645, 428)	high	no	no_dis	N	same	hori	left	True	1056116	1056726	left	1	4	24
11	sq	f	18	1	circle	red	(533, 540)	low	no	no_dis	N	same	hori	left	True	1057916	1058910	left	1	4	25
11	sq	f	18	1	diamond	green	(645, 652)	low	dis	(565, 619)	N	same	hori	left	True	1059922	1060943	left	1	4	26
11	sq	f	18	1	diamond	green	(565, 619)	low	dis	(724, 619)	N	same	hori	left	True	1062171	1062870	left	1	4	27
11	sq	f	18	1	circle	red	(645, 428)	high	dis	(533, 540)	N	same	hori	left	True	1063876	1064631	left	1	4	28
11	sq	f	18	1	diamond	green	(724, 619)	low	no	no_dis	N	dif	vert	up	True	1065802	1066671	up	1	4	29
11	sq	f	18	1	diamond	green	(565, 619)	low	dis	(533, 540)	N	dif	vert	up	True	1067821	1068662	up	1	4	30
11	sq	f	18	1	circle	green	(565, 619)	low	no	no_dis	N	dif	hori	left	True	1069824	1070606	left	1	4	31
11	sq	f	18	1	diamond	green	(645, 428)	high	dis	(565, 619)	N	dif	vert	up	True	1071712	1072422	up	1	4	32
11	sq	f	18	1	diamond	red	(645, 428)	high	dis	(565, 460)	N	same	vert	up	True	1073550	1075111	up	1	4	33
11	sq	f	18	1	diamond	red	(645, 428)	high	dis	(533, 540)	N	same	vert	up	True	1076241	1077030	up	1	4	34
11	sq	f	18	1	circle	green	(645, 428)	high	no	no_dis	N	dif	vert	up	True	1078156	1079318	up	1	4	35
11	sq	f	18	1	diamond	green	(724, 460)	low	dis	(565, 460)	N	dif	hori	left	True	1080432	1081438	left	1	4	36
11	sq	f	18	1	circle	red	(645, 428)	high	dis	(724, 460)	N	same	hori	left	True	1082667	1083591	left	1	4	37
11	sq	f	18	1	circle	green	(645, 428)	high	no	no_dis	N	dif	hori	left	True	1084714	1085383	left	1	4	38
11	sq	f	18	1	diamond	red	(645, 428)	high	dis	(533, 540)	N	dif	vert	up	True	1086491	1087263	up	1	4	39
11	sq	f	18	1	circle	green	(645, 428)	high	dis	(645, 652)	N	dif	hori	left	True	1088395	1089142	left	1	4	40
11	sq	f	18	1	circle	green	(645, 428)	high	dis	(565, 460)	N	same	vert	up	True	1090352	1091047	up	1	4	41
11	sq	f	18	1	diamond	green	(645, 428)	high	dis	(565, 460)	N	dif	hori	left	True	1092105	1092695	left	1	4	42
11	sq	f	18	1	circle	green	(565, 619)	low	dis	(645, 652)	N	same	hori	left	True	1093925	1094934	left	1	4	43
11	sq	f	18	1	circle	green	(645, 428)	high	dis	(724, 619)	N	same	hori	left	True	1096136	1096742	left	1	4	44
11	sq	f	18	1	diamond	red	(645, 428)	high	no	no_dis	N	same	hori	left	True	1097794	1098414	left	1	4	45
11	sq	f	18	1	circle	red	(645, 428)	high	dis	(565, 619)	N	dif	vert	up	True	1099505	1100071	up	1	4	46
11	sq	f	18	1	diamond	green	(645, 428)	high	no	no_dis	N	dif	vert	up	True	1101179	1101687	up	1	4	47
11	sq	f	18	1	circle	green	(724, 460)	low	dis	(645, 428)	Y	dif	vert	up	True	1102843	1103662	up	1	4	48
11	sq	f	18	1	diamond	green	(724, 619)	low	no	no_dis	N	same	vert	up	True	1104913	1105934	up	1	4	49
11	sq	f	18	1	circle	red	(757, 540)	low	no	no_dis	N	same	hori	left	True	1107168	1108070	left	1	4	50
11	sq	f	18	1	circle	red	(645, 428)	high	dis	(724, 619)	N	same	hori	left	True	1109159	1109783	left	1	4	51
11	sq	f	18	1	circle	green	(724, 460)	low	no	no_dis	N	dif	hori	left	True	1110892	1111670	left	1	4	52
11	sq	f	18	1	diamond	green	(724, 619)	low	dis	(565, 619)	N	dif	vert	up	True	1112855	1113974	up	1	4	53
11	sq	f	18	1	circle	red	(645, 428)	high	no	no_dis	N	dif	vert	up	True	1115006	1116102	up	1	4	54
11	sq	f	18	1	circle	red	(565, 460)	low	dis	(645, 428)	Y	dif	hori	left	True	1117245	1118062	left	1	4	55
11	sq	f	18	1	diamond	green	(757, 540)	low	dis	(645, 428)	Y	dif	hori	left	True	1119161	1120062	left	1	4	56
11	sq	f	18	1	circle	green	(645, 428)	high	dis	(757, 540)	N	dif	vert	up	True	1121156	1122070	up	1	4	57
11	sq	f	18	1	diamond	red	(724, 460)	low	no	no_dis	N	dif	vert	up	True	1123159	1124062	up	1	4	58
11	sq	f	18	1	diamond	red	(645, 428)	high	no	no_dis	N	same	vert	up	True	1125067	1125726	up	1	4	59
11	sq	f	18	1	diamond	red	(645, 428)	high	no	no_dis	N	dif	hori	left	True	1126755	1127343	left	1	4	60
11	sq	f	18	1	diamond	red	(645, 428)	high	dis	(757, 540)	N	dif	vert	up	True	1128425	1129143	up	1	4	61
11	sq	f	18	1	diamond	red	(645, 652)	low	no	no_dis	N	same	vert	up	True	1130177	1131046	up	1	4	62
11	sq	f	18	1	circle	red	(645, 652)	low	dis	(724, 460)	N	same	vert	up	True	1132222	1132918	up	1	4	63
11	sq	f	18	1	diamond	green	(645, 428)	high	no	no_dis	N	same	vert	up	True	1134109	1134910	up	1	4	64
11	sq	f	18	1	diamond	green	(565, 460)	low	dis	(565, 619)	N	dif	vert	up	True	1136120	1136879	up	1	4	65
11	sq	f	18	1	circle	red	(645, 428)	high	no	no_dis	N	same	vert	up	True	1137988	1138790	up	1	4	66
11	sq	f	18	1	circle	green	(724, 619)	low	dis	(645, 428)	Y	dif	vert	up	True	1139899	1141886	left	0	4	67
11	sq	f	18	1	diamond	red	(645, 428)	high	dis	(724, 460)	N	dif	vert	up	True	1144427	1145223	up	1	4	68
11	sq	f	18	1	circle	green	(645, 428)	high	dis	(533, 540)	N	dif	vert	up	True	1146244	1147134	up	1	4	69
11	sq	f	18	1	circle	green	(645, 428)	high	no	no_dis	N	dif	vert	up	True	1148365	1149438	up	1	4	70
11	sq	f	18	1	circle	red	(645, 428)	high	dis	(724, 460)	N	dif	hori	left	True	1150600	1151630	left	1	4	71
11	sq	f	18	1	diamond	red	(565, 460)	low	dis	(757, 540)	N	same	vert	up	True	1152778	1153663	up	1	4	72
11	sq	f	18	1	circle	red	(645, 428)	high	dis	(645, 652)	N	dif	hori	left	True	1154897	1155550	left	1	4	73
11	sq	f	18	1	diamond	red	(533, 540)	low	dis	(565, 460)	N	same	vert	up	True	1156797	1158150	up	1	4	74
11	sq	f	18	1	diamond	red	(724, 619)	low	dis	(533, 540)	N	same	hori	left	True	1159371	1160542	left	1	4	75
11	sq	f	18	1	diamond	green	(645, 428)	high	dis	(724, 460)	N	same	vert	up	True	1161681	1162534	up	1	4	76
11	sq	f	18	1	diamond	green	(645, 428)	high	dis	(565, 460)	N	dif	hori	left	True	1163544	1164198	left	1	4	77
11	sq	f	18	1	circle	green	(757, 540)	low	dis	(724, 619)	N	same	hori	left	True	1165309	1166942	left	1	4	78
11	sq	f	18	1	diamond	green	(645, 428)	high	dis	(724, 619)	N	same	hori	left	True	1167992	1168694	left	1	4	79
11	sq	f	18	1	circle	red	(645, 428)	high	dis	(724, 460)	N	same	vert	up	True	1169815	1171006	up	1	4	80
11	sq	f	18	1	diamond	red	(724, 460)	low	dis	(645, 428)	Y	same	hori	left	True	1172154	1173727	left	1	4	81
11	sq	f	18	1	circle	red	(724, 619)	low	dis	(533, 540)	N	same	vert	up	True	1174955	1175974	up	1	4	82
11	sq	f	18	1	circle	red	(645, 428)	high	no	no_dis	N	same	vert	up	True	1177115	1177918	up	1	4	83
11	sq	f	18	1	circle	green	(645, 428)	high	dis	(565, 619)	N	dif	vert	up	True	1179117	1179758	up	1	4	84
11	sq	f	18	1	diamond	green	(645, 428)	high	no	no_dis	N	same	vert	up	True	1180898	1181606	up	1	4	85
11	sq	f	18	1	diamond	green	(645, 428)	high	dis	(757, 540)	N	same	hori	left	True	1182841	1183486	left	1	4	86
11	sq	f	18	1	diamond	red	(533, 540)	low	no	no_dis	N	dif	hori	left	True	1184704	1185670	left	1	4	87
11	sq	f	18	1	circle	red	(645, 428)	high	dis	(724, 619)	N	same	vert	up	True	1186675	1187550	up	1	4	88
11	sq	f	18	1	diamond	green	(645, 428)	high	dis	(533, 540)	N	dif	vert	up	True	1188705	1189366	up	1	4	89
11	sq	f	18	1	diamond	green	(533, 540)	low	dis	(757, 540)	N	dif	vert	up	True	1190553	1191926	up	1	4	90
11	sq	f	18	1	circle	red	(757, 540)	low	dis	(645, 428)	Y	same	vert	up	True	1192976	1193910	up	1	4	91
11	sq	f	18	1	diamond	red	(645, 428)	high	dis	(645, 652)	N	dif	hori	left	True	1195038	1196062	left	1	4	92
11	sq	f	18	1	circle	green	(645, 428)	high	dis	(565, 460)	N	same	vert	up	True	1197074	1198447	up	1	4	93
11	sq	f	18	1	diamond	red	(645, 428)	high	no	no_dis	N	dif	vert	up	True	1199470	1200254	up	1	4	94
11	sq	f	18	1	diamond	red	(645, 428)	high	dis	(724, 619)	N	same	vert	up	True	1201277	1201806	up	1	4	95
11	sq	f	18	1	diamond	green	(645, 428)	high	no	no_dis	N	dif	hori	left	True	1202850	1203566	left	1	4	96
11	sq	f	18	1	circle	green	(757, 540)	low	no	no_dis	N	same	vert	up	True	1204623	1205766	up	1	4	97
11	sq	f	18	1	diamond	red	(645, 428)	high	dis	(645, 652)	N	same	vert	up	True	1207013	1207894	up	1	4	98
11	sq	f	18	1	circle	red	(645, 428)	high	dis	(565, 619)	N	same	vert	up	True	1209121	1209710	up	1	4	99
11	sq	f	18	1	diamond	green	(645, 428)	high	dis	(565, 619)	N	same	vert	up	True	1210882	1211478	up	1	4	100
11	sq	f	18	1	circle	green	(645, 428)	high	dis	(724, 619)	N	dif	hori	left	True	1212495	1213710	left	1	4	101
11	sq	f	18	1	diamond	red	(645, 428)	high	dis	(565, 619)	N	same	vert	up	True	1214739	1215702	up	1	4	102
11	sq	f	18	1	circle	red	(645, 652)	low	no	no_dis	N	same	hori	left	True	1216757	1218014	left	1	4	103
11	sq	f	18	1	diamond	green	(724, 460)	low	no	no_dis	N	same	vert	up	True	1219195	1220510	up	1	4	104
11	sq	f	18	1	circle	red	(645, 428)	high	no	no_dis	N	dif	hori	left	True	1221581	1222574	left	1	4	105
11	sq	f	18	1	diamond	red	(565, 619)	low	dis	(724, 460)	N	dif	hori	left	True	1223690	1224486	left	1	4	106
11	sq	f	18	1	circle	green	(645, 428)	high	no	no_dis	N	same	hori	left	True	1225508	1226271	left	1	4	107
11	sq	f	18	1	diamond	red	(645, 428)	high	dis	(645, 652)	N	dif	hori	left	True	1227364	1228046	left	1	4	108
11	sq	f	18	1	circle	red	(645, 428)	high	dis	(757, 540)	N	same	hori	left	True	1229118	1229702	left	1	4	109
11	sq	f	18	1	circle	green	(645, 428)	high	dis	(757, 540)	N	same	hori	left	True	1230800	1231326	left	1	4	110
11	sq	f	18	1	diamond	red	(645, 428)	high	dis	(757, 540)	N	dif	hori	left	True	1232420	1233014	left	1	4	111
11	sq	f	18	1	circle	red	(565, 460)	low	no	no_dis	N	dif	hori	left	True	1234207	1234870	left	1	4	112
11	sq	f	18	1	circle	green	(533, 540)	low	dis	(645, 652)	N	dif	hori	left	True	1235968	1236806	left	1	4	113
11	sq	f	18	1	diamond	green	(645, 428)	high	dis	(757, 540)	N	same	hori	left	True	1237913	1238727	left	1	4	114
11	sq	f	18	1	diamond	green	(645, 428)	high	dis	(533, 540)	N	dif	vert	up	True	1239798	1240510	up	1	4	115
11	sq	f	18	1	diamond	red	(645, 652)	low	dis	(724, 460)	N	same	vert	up	True	1241573	1242686	up	1	4	116
11	sq	f	18	1	diamond	green	(645, 428)	high	no	no_dis	N	dif	vert	up	True	1243717	1244326	up	1	4	117
11	sq	f	18	1	diamond	red	(645, 428)	high	no	no_dis	N	same	hori	left	True	1245341	1246110	left	1	4	118
11	sq	f	18	1	diamond	red	(757, 540)	low	dis	(645, 428)	Y	dif	vert	up	True	1247329	1248398	up	1	4	119
11	sq	f	18	1	diamond	green	(645, 428)	high	dis	(565, 460)	N	dif	vert	up	True	1249582	1250302	up	1	4	120
11	sq	f	18	1	circle	green	(645, 428)	high	dis	(533, 540)	N	dif	hori	left	True	1311620	1312518	left	1	5	1
11	sq	f	18	1	circle	red	(565, 460)	low	dis	(645, 428)	Y	dif	vert	up	True	1313639	1314533	left	0	5	2
11	sq	f	18	1	diamond	red	(645, 428)	high	dis	(565, 619)	N	same	hori	left	True	1317285	1317863	left	1	5	3
11	sq	f	18	1	diamond	green	(645, 428)	high	no	no_dis	N	dif	vert	up	True	1318915	1319574	up	1	5	4
11	sq	f	18	1	diamond	red	(565, 619)	low	no	no_dis	N	same	hori	left	True	1320601	1321430	left	1	5	5
11	sq	f	18	1	diamond	red	(645, 428)	high	no	no_dis	N	same	hori	left	True	1322558	1323253	left	1	5	6
11	sq	f	18	1	diamond	green	(645, 652)	low	dis	(757, 540)	N	dif	vert	up	True	1324355	1325182	up	1	5	7
11	sq	f	18	1	diamond	red	(645, 428)	high	dis	(724, 619)	N	dif	hori	left	True	1326241	1326798	left	1	5	8
11	sq	f	18	1	diamond	red	(645, 428)	high	dis	(724, 460)	N	same	hori	left	True	1327969	1328741	up	0	5	9
11	sq	f	18	1	diamond	green	(645, 428)	high	no	no_dis	N	dif	vert	up	True	1331354	1332295	up	1	5	10
11	sq	f	18	1	circle	green	(724, 619)	low	dis	(533, 540)	N	same	hori	left	True	1333344	1334254	left	1	5	11
11	sq	f	18	1	circle	red	(757, 540)	low	dis	(533, 540)	N	dif	vert	up	True	1335452	1336374	up	1	5	12
11	sq	f	18	1	diamond	red	(645, 428)	high	dis	(565, 460)	N	dif	vert	up	True	1337394	1338119	up	1	5	13
11	sq	f	18	1	diamond	red	(645, 428)	high	no	no_dis	N	same	vert	up	True	1339360	1340397	up	1	5	14
11	sq	f	18	1	circle	red	(645, 428)	high	dis	(757, 540)	N	same	hori	left	True	1341541	1342318	left	1	5	15
11	sq	f	18	1	diamond	red	(757, 540)	low	dis	(724, 460)	N	dif	vert	up	True	1343325	1344070	up	1	5	16
11	sq	f	18	1	diamond	red	(645, 428)	high	dis	(645, 652)	N	dif	vert	up	True	1345228	1345878	up	1	5	17
11	sq	f	18	1	circle	green	(645, 652)	low	dis	(565, 460)	N	same	hori	left	True	1346922	1347710	left	1	5	18
11	sq	f	18	1	diamond	green	(645, 428)	high	dis	(757, 540)	N	same	vert	up	True	1348718	1349558	up	1	5	19
11	sq	f	18	1	diamond	green	(724, 460)	low	dis	(724, 619)	N	same	hori	left	True	1350569	1351798	left	1	5	20
11	sq	f	18	1	diamond	red	(645, 428)	high	dis	(565, 619)	N	dif	hori	left	True	1352857	1353518	left	1	5	21
11	sq	f	18	1	circle	red	(645, 428)	high	dis	(565, 460)	N	dif	vert	up	True	1354697	1355599	left	0	5	22
11	sq	f	18	1	diamond	green	(757, 540)	low	dis	(565, 619)	N	dif	hori	left	True	1358173	1359078	left	1	5	23
11	sq	f	18	1	diamond	green	(757, 540)	low	no	no_dis	N	same	hori	left	True	1360202	1361222	left	1	5	24
11	sq	f	18	1	circle	red	(645, 428)	high	dis	(757, 540)	N	dif	vert	up	True	1362326	1363022	up	1	5	25
11	sq	f	18	1	diamond	red	(645, 428)	high	no	no_dis	N	same	hori	left	True	1364073	1364686	left	1	5	26
11	sq	f	18	1	diamond	green	(645, 428)	high	dis	(724, 460)	N	dif	vert	up	True	1365807	1366469	up	1	5	27
11	sq	f	18	1	circle	red	(645, 428)	high	no	no_dis	N	same	vert	up	True	1367511	1368398	up	1	5	28
11	sq	f	18	1	circle	red	(645, 428)	high	dis	(724, 619)	N	same	vert	up	True	1369407	1370054	up	1	5	29
11	sq	f	18	1	circle	green	(645, 428)	high	dis	(565, 460)	N	same	vert	up	True	1371223	1372166	up	1	5	30
11	sq	f	18	1	circle	green	(645, 428)	high	dis	(645, 652)	N	same	vert	up	True	1373232	1373885	up	1	5	31
11	sq	f	18	1	circle	red	(533, 540)	low	dis	(645, 428)	Y	same	vert	up	True	1375067	1376469	up	1	5	32
11	sq	f	18	1	diamond	green	(645, 428)	high	dis	(757, 540)	N	dif	hori	left	True	1377577	1378741	left	1	5	33
11	sq	f	18	1	circle	red	(645, 428)	high	dis	(724, 619)	N	dif	vert	up	True	1379836	1380502	up	1	5	34
11	sq	f	18	1	circle	green	(645, 428)	high	dis	(645, 652)	N	same	vert	up	True	1381529	1382342	up	1	5	35
11	sq	f	18	1	circle	green	(645, 428)	high	dis	(724, 619)	N	same	hori	left	True	1383434	1384262	left	1	5	36
11	sq	f	18	1	circle	red	(645, 428)	high	dis	(565, 460)	N	dif	hori	left	True	1385382	1386166	left	1	5	37
11	sq	f	18	1	diamond	green	(645, 428)	high	dis	(645, 652)	N	same	hori	left	True	1387306	1387942	left	1	5	38
11	sq	f	18	1	diamond	red	(565, 460)	low	dis	(645, 428)	Y	dif	hori	left	True	1388980	1389894	left	1	5	39
11	sq	f	18	1	circle	red	(645, 428)	high	dis	(645, 652)	N	dif	vert	up	True	1390990	1391662	up	1	5	40
11	sq	f	18	1	circle	red	(645, 428)	high	dis	(565, 619)	N	dif	vert	up	True	1392688	1393374	up	1	5	41
11	sq	f	18	1	circle	green	(645, 428)	high	dis	(533, 540)	N	dif	hori	left	True	1394382	1395110	left	1	5	42
11	sq	f	18	1	circle	green	(565, 619)	low	dis	(724, 619)	N	same	vert	up	True	1396234	1397717	up	1	5	43
11	sq	f	18	1	diamond	red	(645, 428)	high	dis	(724, 460)	N	dif	hori	left	True	1398863	1399774	left	1	5	44
11	sq	f	18	1	diamond	red	(533, 540)	low	dis	(645, 428)	Y	dif	hori	left	True	1400893	1401789	left	1	5	45
11	sq	f	18	1	diamond	red	(645, 428)	high	dis	(533, 540)	N	dif	vert	up	True	1402984	1403757	up	1	5	46
11	sq	f	18	1	diamond	red	(645, 428)	high	no	no_dis	N	dif	vert	up	True	1404978	1405525	up	1	5	47
11	sq	f	18	1	circle	green	(645, 428)	high	dis	(724, 619)	N	same	vert	up	True	1406761	1407494	up	1	5	48
11	sq	f	18	1	circle	red	(645, 428)	high	no	no_dis	N	same	vert	up	True	1408735	1409382	up	1	5	49
11	sq	f	18	1	circle	green	(533, 540)	low	no	no_dis	N	same	vert	up	True	1410557	1411693	up	1	5	50
11	sq	f	18	1	circle	green	(645, 428)	high	no	no_dis	N	dif	vert	up	True	1412924	1413518	up	1	5	51
11	sq	f	18	1	diamond	green	(645, 428)	high	dis	(565, 460)	N	same	hori	left	True	1414553	1415294	left	1	5	52
11	sq	f	18	1	diamond	green	(645, 428)	high	dis	(724, 460)	N	same	hori	left	True	1416358	1416950	left	1	5	53
11	sq	f	18	1	circle	green	(645, 428)	high	dis	(724, 460)	N	dif	hori	left	True	1418115	1418782	left	1	5	54
11	sq	f	18	1	circle	red	(645, 428)	high	dis	(565, 460)	N	same	vert	up	True	1419921	1420718	up	1	5	55
11	sq	f	18	1	circle	green	(533, 540)	low	no	no_dis	N	same	vert	up	True	1421970	1423421	up	1	5	56
11	sq	f	18	1	circle	red	(565, 619)	low	dis	(757, 540)	N	dif	hori	left	True	1424448	1425525	left	1	5	57
11	sq	f	18	1	circle	red	(757, 540)	low	no	no_dis	N	dif	hori	left	True	1426753	1427534	left	1	5	58
11	sq	f	18	1	diamond	green	(724, 460)	low	no	no_dis	N	same	hori	left	True	1428642	1429533	left	1	5	59
11	sq	f	18	1	circle	red	(565, 460)	low	no	no_dis	N	dif	hori	left	True	1430540	1431157	left	1	5	60
11	sq	f	18	1	circle	green	(724, 460)	low	dis	(565, 619)	N	same	vert	up	True	1432343	1433245	up	1	5	61
11	sq	f	18	1	circle	green	(645, 428)	high	no	no_dis	N	dif	hori	left	True	1434471	1435110	left	1	5	62
11	sq	f	18	1	circle	red	(724, 460)	low	dis	(645, 428)	Y	same	vert	up	True	1436243	1437118	up	1	5	63
11	sq	f	18	1	diamond	red	(533, 540)	low	no	no_dis	N	dif	vert	up	True	1438134	1439022	up	1	5	64
11	sq	f	18	1	circle	red	(645, 428)	high	dis	(645, 652)	N	same	vert	up	True	1440040	1440669	up	1	5	65
11	sq	f	18	1	circle	green	(645, 652)	low	dis	(645, 428)	Y	dif	vert	up	True	1441686	1442797	up	1	5	66
11	sq	f	18	1	diamond	green	(645, 428)	high	dis	(533, 540)	N	same	vert	up	True	1443900	1444917	up	1	5	67
11	sq	f	18	1	circle	green	(757, 540)	low	dis	(645, 652)	N	dif	hori	left	True	1445999	1446806	left	1	5	68
11	sq	f	18	1	diamond	green	(724, 619)	low	no	no_dis	N	same	vert	up	True	1447835	1448774	up	1	5	69
11	sq	f	18	1	circle	red	(565, 460)	low	no	no_dis	N	dif	hori	left	True	1449935	1450621	left	1	5	70
11	sq	f	18	1	diamond	green	(724, 619)	low	dis	(724, 460)	N	same	hori	left	True	1451680	1452749	left	1	5	71
11	sq	f	18	1	diamond	red	(645, 428)	high	no	no_dis	N	dif	hori	left	True	1453988	1454661	left	1	5	72
11	sq	f	18	1	diamond	red	(645, 428)	high	dis	(533, 540)	N	same	hori	left	True	1455701	1456406	left	1	5	73
11	sq	f	18	1	diamond	green	(645, 428)	high	dis	(724, 619)	N	same	vert	up	True	1457545	1458621	up	1	5	74
11	sq	f	18	1	circle	green	(645, 428)	high	no	no_dis	N	dif	hori	left	True	1459822	1460829	left	1	5	75
11	sq	f	18	1	diamond	green	(645, 428)	high	dis	(724, 460)	N	same	hori	left	True	1462057	1463245	up	0	5	76
11	sq	f	18	1	diamond	red	(645, 428)	high	dis	(757, 540)	N	dif	hori	left	True	1465991	1466638	left	1	5	77
11	sq	f	18	1	diamond	red	(645, 428)	high	dis	(645, 652)	N	dif	hori	left	True	1467890	1468429	left	1	5	78
11	sq	f	18	1	diamond	red	(645, 428)	high	no	no_dis	N	same	vert	up	True	1469575	1470533	up	1	5	79
11	sq	f	18	1	circle	green	(565, 460)	low	dis	(645, 428)	Y	same	vert	up	True	1471719	1472694	up	1	5	80
11	sq	f	18	1	diamond	red	(645, 652)	low	dis	(565, 460)	N	same	hori	left	True	1473863	1475349	left	1	5	81
11	sq	f	18	1	diamond	red	(724, 460)	low	dis	(533, 540)	N	dif	vert	up	True	1476513	1477229	up	1	5	82
11	sq	f	18	1	circle	red	(565, 619)	low	dis	(645, 428)	Y	dif	hori	left	True	1478352	1479358	left	1	5	83
11	sq	f	18	1	circle	red	(645, 428)	high	no	no_dis	N	dif	vert	up	True	1480459	1481358	up	1	5	84
11	sq	f	18	1	circle	green	(645, 428)	high	no	no_dis	N	same	hori	left	True	1482380	1482989	left	1	5	85
11	sq	f	18	1	circle	green	(724, 460)	low	no	no_dis	N	dif	vert	up	True	1484150	1484966	up	1	5	86
11	sq	f	18	1	diamond	red	(565, 619)	low	dis	(645, 428)	Y	dif	vert	up	True	1486196	1487134	up	1	5	87
11	sq	f	18	1	diamond	red	(724, 619)	low	dis	(645, 428)	Y	dif	hori	left	True	1488227	1489245	left	1	5	88
11	sq	f	18	1	diamond	green	(645, 428)	high	dis	(724, 460)	N	dif	hori	left	True	1490320	1491669	left	1	5	89
11	sq	f	18	1	circle	red	(724, 619)	low	dis	(724, 460)	N	same	hori	left	True	1492697	1493629	left	1	5	90
11	sq	f	18	1	diamond	green	(645, 428)	high	no	no_dis	N	same	hori	left	True	1494844	1495742	left	1	5	91
11	sq	f	18	1	diamond	red	(565, 460)	low	dis	(533, 540)	N	dif	vert	up	True	1496833	1497829	up	1	5	92
11	sq	f	18	1	diamond	green	(565, 460)	low	dis	(645, 652)	N	same	vert	up	True	1498901	1500061	left	0	5	93
11	sq	f	18	1	diamond	green	(565, 619)	low	no	no_dis	N	same	hori	left	True	1502736	1503717	left	1	5	94
11	sq	f	18	1	circle	green	(645, 428)	high	dis	(565, 460)	N	dif	vert	up	True	1504944	1506485	up	1	5	95
11	sq	f	18	1	diamond	red	(724, 460)	low	no	no_dis	N	dif	vert	up	True	1507637	1508430	up	1	5	96
11	sq	f	18	1	circle	red	(645, 652)	low	dis	(757, 540)	N	same	vert	up	True	1509557	1510686	up	1	5	97
11	sq	f	18	1	diamond	red	(645, 652)	low	no	no_dis	N	same	vert	up	True	1511734	1512630	up	1	5	98
11	sq	f	18	1	diamond	green	(645, 428)	high	dis	(533, 540)	N	dif	vert	up	True	1513813	1514614	left	0	5	99
11	sq	f	18	1	circle	red	(645, 428)	high	dis	(565, 619)	N	same	vert	up	True	1517135	1518373	up	1	5	100
11	sq	f	18	1	circle	red	(645, 428)	high	no	no_dis	N	dif	hori	left	True	1519577	1520326	left	1	5	101
11	sq	f	18	1	circle	green	(645, 428)	high	dis	(565, 619)	N	same	hori	left	True	1521556	1522214	left	1	5	102
11	sq	f	18	1	circle	green	(533, 540)	low	dis	(565, 460)	N	same	hori	left	True	1523464	1524550	left	1	5	103
11	sq	f	18	1	circle	green	(645, 428)	high	no	no_dis	N	same	vert	up	True	1525637	1527118	up	1	5	104
11	sq	f	18	1	diamond	green	(645, 428)	high	dis	(757, 540)	N	dif	vert	up	True	1528277	1529278	up	1	5	105
11	sq	f	18	1	circle	green	(645, 428)	high	no	no_dis	N	dif	vert	up	True	1530473	1531061	up	1	5	106
11	sq	f	18	1	circle	red	(645, 652)	low	no	no_dis	N	dif	hori	left	True	1532164	1533006	left	1	5	107
11	sq	f	18	1	diamond	green	(645, 428)	high	no	no_dis	N	same	hori	left	True	1534044	1534709	left	1	5	108
11	sq	f	18	1	diamond	red	(645, 428)	high	dis	(724, 619)	N	same	vert	up	True	1535716	1536502	up	1	5	109
11	sq	f	18	1	circle	green	(724, 619)	low	no	no_dis	N	dif	vert	up	True	1537592	1538597	up	1	5	110
11	sq	f	18	1	diamond	green	(645, 428)	high	no	no_dis	N	dif	hori	left	True	1539767	1540413	left	1	5	111
11	sq	f	18	1	circle	green	(645, 428)	high	dis	(757, 540)	N	dif	hori	left	True	1541605	1542422	left	1	5	112
11	sq	f	18	1	circle	green	(645, 428)	high	dis	(565, 619)	N	same	hori	left	True	1543498	1544022	left	1	5	113
11	sq	f	18	1	circle	red	(645, 428)	high	no	no_dis	N	dif	hori	left	True	1545144	1545661	left	1	5	114
11	sq	f	18	1	diamond	green	(565, 619)	low	dis	(724, 619)	N	same	hori	left	True	1546690	1547358	left	1	5	115
11	sq	f	18	1	diamond	green	(533, 540)	low	dis	(565, 619)	N	dif	hori	left	True	1548401	1549477	left	1	5	116
11	sq	f	18	1	diamond	green	(645, 428)	high	no	no_dis	N	same	vert	up	True	1550723	1551310	up	1	5	117
11	sq	f	18	1	circle	red	(645, 428)	high	dis	(565, 619)	N	same	hori	left	True	1552516	1553261	left	1	5	118
11	sq	f	18	1	circle	red	(645, 428)	high	no	no_dis	N	same	hori	left	True	1554275	1554997	left	1	5	119
11	sq	f	18	1	diamond	green	(757, 540)	low	dis	(645, 652)	N	same	vert	up	True	1556214	1557558	up	1	5	120
11	sq	f	18	1	diamond	green	(645, 428)	high	no	no_dis	N	dif	hori	left	True	1630756	1631462	left	1	6	1
11	sq	f	18	1	diamond	green	(724, 460)	low	dis	(645, 428)	Y	same	hori	left	True	1632573	1633510	left	1	6	2
11	sq	f	18	1	circle	green	(757, 540)	low	dis	(724, 460)	N	same	hori	left	True	1634533	1635654	left	1	6	3
11	sq	f	18	1	circle	green	(565, 619)	low	dis	(757, 540)	N	dif	hori	left	True	1636663	1637437	left	1	6	4
11	sq	f	18	1	diamond	red	(645, 428)	high	no	no_dis	N	dif	vert	up	True	1638643	1639326	up	1	6	5
11	sq	f	18	1	diamond	red	(565, 619)	low	no	no_dis	N	dif	hori	left	True	1640335	1641077	left	1	6	6
11	sq	f	18	1	circle	red	(645, 428)	high	dis	(565, 460)	N	same	vert	up	True	1642176	1643021	up	1	6	7
11	sq	f	18	1	circle	red	(645, 428)	high	dis	(645, 652)	N	dif	hori	left	True	1644094	1644909	left	1	6	8
11	sq	f	18	1	circle	green	(645, 428)	high	dis	(565, 460)	N	dif	hori	left	True	1645981	1646893	left	1	6	9
11	sq	f	18	1	circle	green	(645, 428)	high	dis	(724, 619)	N	dif	vert	up	True	1648124	1648742	up	1	6	10
11	sq	f	18	1	diamond	green	(645, 428)	high	no	no_dis	N	same	vert	up	True	1649865	1650461	up	1	6	11
11	sq	f	18	1	diamond	red	(645, 428)	high	dis	(565, 619)	N	same	hori	left	True	1651626	1652381	left	1	6	12
11	sq	f	18	1	diamond	red	(645, 428)	high	dis	(757, 540)	N	same	vert	up	True	1653410	1654046	up	1	6	13
11	sq	f	18	1	diamond	red	(645, 428)	high	dis	(533, 540)	N	dif	vert	up	True	1655080	1655973	up	1	6	14
11	sq	f	18	1	diamond	red	(724, 619)	low	dis	(565, 460)	N	dif	vert	up	True	1657174	1658085	up	1	6	15
11	sq	f	18	1	diamond	red	(565, 460)	low	dis	(645, 652)	N	same	hori	left	True	1659311	1660109	left	1	6	16
11	sq	f	18	1	diamond	red	(645, 428)	high	no	no_dis	N	dif	hori	left	True	1661166	1661805	left	1	6	17
11	sq	f	18	1	circle	red	(645, 652)	low	no	no_dis	N	same	hori	left	True	1663028	1664101	left	1	6	18
11	sq	f	18	1	circle	green	(645, 428)	high	dis	(533, 540)	N	dif	vert	up	True	1665291	1665941	up	1	6	19
11	sq	f	18	1	diamond	green	(533, 540)	low	no	no_dis	N	same	hori	left	True	1667152	1667973	left	1	6	20
11	sq	f	18	1	circle	green	(645, 428)	high	no	no_dis	N	same	hori	left	True	1669119	1669813	left	1	6	21
11	sq	f	18	1	diamond	red	(757, 540)	low	no	no_dis	N	dif	vert	up	True	1670896	1671885	up	1	6	22
11	sq	f	18	1	diamond	green	(757, 540)	low	dis	(565, 460)	N	dif	hori	left	True	1672959	1673821	left	1	6	23
11	sq	f	18	1	diamond	green	(565, 619)	low	dis	(645, 428)	Y	same	vert	up	True	1674941	1675845	up	1	6	24
11	sq	f	18	1	diamond	green	(645, 428)	high	dis	(757, 540)	N	same	hori	left	True	1677084	1677742	left	1	6	25
11	sq	f	18	1	diamond	green	(645, 428)	high	no	no_dis	N	same	vert	up	True	1678973	1679885	up	1	6	26
11	sq	f	18	1	circle	green	(757, 540)	low	dis	(645, 428)	Y	dif	vert	up	True	1681000	1681854	up	1	6	27
11	sq	f	18	1	diamond	green	(533, 540)	low	dis	(645, 652)	N	dif	vert	up	True	1682997	1684365	up	1	6	28
11	sq	f	18	1	circle	green	(645, 428)	high	dis	(645, 652)	N	same	vert	up	True	1685532	1686517	up	1	6	29
11	sq	f	18	1	diamond	red	(645, 428)	high	no	no_dis	N	dif	hori	left	True	1687729	1688365	left	1	6	30
11	sq	f	18	1	circle	green	(533, 540)	low	dis	(645, 428)	Y	dif	vert	up	True	1689537	1690557	up	1	6	31
11	sq	f	18	1	circle	red	(645, 428)	high	no	no_dis	N	same	vert	up	True	1691794	1692374	up	1	6	32
11	sq	f	18	1	circle	red	(645, 428)	high	dis	(724, 460)	N	same	vert	up	True	1693594	1694453	up	1	6	33
11	sq	f	18	1	circle	red	(645, 428)	high	no	no_dis	N	same	hori	left	True	1695570	1696221	left	1	6	34
11	sq	f	18	1	circle	red	(724, 619)	low	no	no_dis	N	dif	vert	up	True	1697287	1698005	up	1	6	35
11	sq	f	18	1	circle	red	(645, 428)	high	dis	(757, 540)	N	dif	hori	left	True	1699134	1699709	left	1	6	36
11	sq	f	18	1	circle	red	(645, 428)	high	dis	(565, 619)	N	same	vert	up	True	1700775	1701373	up	1	6	37
11	sq	f	18	1	diamond	green	(724, 619)	low	dis	(533, 540)	N	dif	hori	left	True	1702505	1703341	left	1	6	38
11	sq	f	18	1	diamond	red	(645, 428)	high	dis	(757, 540)	N	dif	vert	up	True	1704451	1705029	up	1	6	39
11	sq	f	18	1	diamond	green	(645, 652)	low	dis	(724, 619)	N	same	hori	left	True	1706190	1707117	left	1	6	40
11	sq	f	18	1	diamond	green	(645, 428)	high	no	no_dis	N	dif	vert	up	True	1708170	1708742	up	1	6	41
11	sq	f	18	1	diamond	green	(645, 428)	high	dis	(645, 652)	N	dif	hori	left	True	1709812	1710397	left	1	6	42
11	sq	f	18	1	diamond	green	(645, 428)	high	dis	(724, 460)	N	dif	vert	up	True	1711649	1712205	up	1	6	43
11	sq	f	18	1	circle	green	(645, 428)	high	dis	(565, 460)	N	same	hori	left	True	1713224	1714181	left	1	6	44
11	sq	f	18	1	circle	green	(565, 460)	low	dis	(645, 428)	Y	same	vert	up	True	1715391	1716437	up	1	6	45
11	sq	f	18	1	circle	red	(533, 540)	low	dis	(645, 428)	Y	dif	vert	up	True	1717562	1718605	up	1	6	46
11	sq	f	18	1	circle	green	(724, 619)	low	dis	(533, 540)	N	dif	vert	up	True	1719646	1720838	up	1	6	47
11	sq	f	18	1	circle	green	(645, 428)	high	no	no_dis	N	dif	vert	up	True	1721895	1722581	up	1	6	48
11	sq	f	18	1	circle	green	(724, 460)	low	dis	(565, 619)	N	same	hori	left	True	1723686	1724357	left	1	6	49
11	sq	f	18	1	diamond	red	(645, 428)	high	dis	(724, 460)	N	same	vert	up	True	1725361	1726269	up	1	6	50
11	sq	f	18	1	diamond	green	(645, 428)	high	dis	(565, 460)	N	dif	hori	left	True	1727298	1728797	up	0	6	51
11	sq	f	18	1	circle	red	(645, 428)	high	no	no_dis	N	same	hori	left	True	1731404	1731973	left	1	6	52
11	sq	f	18	1	circle	red	(645, 428)	high	dis	(565, 619)	N	same	hori	left	True	1733083	1733645	left	1	6	53
11	sq	f	18	1	circle	red	(645, 428)	high	dis	(565, 460)	N	dif	vert	up	True	1734894	1735693	up	1	6	54
11	sq	f	18	1	circle	red	(645, 428)	high	dis	(565, 619)	N	same	hori	left	True	1736901	1737453	left	1	6	55
11	sq	f	18	1	diamond	green	(565, 460)	low	dis	(645, 428)	Y	same	vert	up	True	1738582	1739213	up	1	6	56
11	sq	f	18	1	circle	red	(724, 619)	low	dis	(533, 540)	N	dif	hori	left	True	1740304	1741445	left	1	6	57
11	sq	f	18	1	circle	green	(645, 428)	high	no	no_dis	N	dif	vert	up	True	1742652	1743285	up	1	6	58
11	sq	f	18	1	diamond	red	(757, 540)	low	dis	(724, 460)	N	dif	hori	left	True	1744411	1745181	left	1	6	59
11	sq	f	18	1	circle	green	(645, 428)	high	dis	(724, 460)	N	dif	vert	up	True	1746378	1747198	up	1	6	60
11	sq	f	18	1	circle	green	(645, 428)	high	dis	(565, 619)	N	dif	hori	left	True	1748260	1749269	left	1	6	61
11	sq	f	18	1	circle	red	(645, 428)	high	no	no_dis	N	dif	hori	left	True	1750359	1750957	left	1	6	62
11	sq	f	18	1	diamond	red	(645, 428)	high	dis	(724, 619)	N	same	vert	up	True	1752102	1752669	up	1	6	63
11	sq	f	18	1	circle	red	(645, 428)	high	dis	(724, 460)	N	dif	hori	left	True	1753880	1754685	left	1	6	64
11	sq	f	18	1	diamond	red	(645, 652)	low	dis	(565, 619)	N	same	hori	left	True	1755713	1756861	left	1	6	65
11	sq	f	18	1	circle	green	(645, 428)	high	dis	(757, 540)	N	same	vert	up	True	1758110	1758846	up	1	6	66
11	sq	f	18	1	diamond	red	(533, 540)	low	dis	(565, 460)	N	dif	hori	left	True	1759942	1760893	left	1	6	67
11	sq	f	18	1	circle	green	(645, 428)	high	dis	(565, 619)	N	same	vert	up	True	1761908	1762613	up	1	6	68
11	sq	f	18	1	diamond	green	(645, 428)	high	dis	(757, 540)	N	dif	vert	up	True	1763843	1764445	up	1	6	69
11	sq	f	18	1	diamond	red	(645, 428)	high	dis	(724, 619)	N	same	hori	left	True	1765486	1766061	left	1	6	70
11	sq	f	18	1	circle	red	(645, 428)	high	dis	(533, 540)	N	same	hori	left	True	1767255	1767829	left	1	6	71
11	sq	f	18	1	diamond	green	(645, 428)	high	dis	(533, 540)	N	same	hori	left	True	1768941	1769493	left	1	6	72
11	sq	f	18	1	circle	red	(565, 619)	low	dis	(645, 428)	Y	same	hori	left	True	1770518	1771533	left	1	6	73
11	sq	f	18	1	circle	red	(645, 428)	high	no	no_dis	N	same	hori	left	True	1772767	1773365	left	1	6	74
11	sq	f	18	1	diamond	green	(645, 428)	high	dis	(724, 460)	N	dif	vert	up	True	1774401	1775365	left	0	6	75
11	sq	f	18	1	diamond	red	(645, 652)	low	dis	(724, 460)	N	dif	vert	up	True	1777883	1778709	up	1	6	76
11	sq	f	18	1	diamond	red	(645, 428)	high	no	no_dis	N	same	hori	left	True	1779919	1780686	left	1	6	77
11	sq	f	18	1	diamond	red	(645, 428)	high	dis	(724, 619)	N	same	vert	up	True	1781800	1782541	up	1	6	78
11	sq	f	18	1	circle	red	(645, 428)	high	no	no_dis	N	same	vert	up	True	1783619	1784501	up	1	6	79
11	sq	f	18	1	circle	red	(724, 460)	low	dis	(724, 619)	N	dif	hori	left	True	1785551	1786454	left	1	6	80
11	sq	f	18	1	circle	green	(645, 428)	high	no	no_dis	N	same	vert	up	True	1787601	1788717	up	1	6	81
11	sq	f	18	1	circle	green	(645, 652)	low	dis	(565, 460)	N	same	hori	left	True	1789912	1790877	left	1	6	82
11	sq	f	18	1	diamond	red	(645, 428)	high	dis	(724, 460)	N	same	hori	left	True	1792109	1793308	left	1	6	83
11	sq	f	18	1	circle	green	(533, 540)	low	no	no_dis	N	dif	vert	up	True	1794438	1795517	up	1	6	84
11	sq	f	18	1	diamond	green	(533, 540)	low	no	no_dis	N	same	hori	left	True	1796730	1797404	left	1	6	85
11	sq	f	18	1	diamond	green	(724, 460)	low	dis	(645, 428)	Y	same	vert	up	True	1798452	1799309	up	1	6	86
11	sq	f	18	1	circle	green	(645, 428)	high	no	no_dis	N	dif	hori	left	True	1800315	1801221	left	1	6	87
11	sq	f	18	1	diamond	green	(645, 428)	high	dis	(565, 460)	N	dif	vert	up	True	1802274	1803045	up	1	6	88
11	sq	f	18	1	circle	green	(565, 460)	low	no	no_dis	N	dif	hori	left	True	1804254	1805149	left	1	6	89
11	sq	f	18	1	diamond	green	(645, 428)	high	dis	(645, 652)	N	dif	hori	left	True	1806302	1806949	left	1	6	90
11	sq	f	18	1	circle	green	(724, 619)	low	no	no_dis	N	dif	hori	left	True	1808012	1808805	left	1	6	91
11	sq	f	18	1	diamond	red	(565, 460)	low	no	no_dis	N	same	vert	up	True	1809958	1811269	up	1	6	92
11	sq	f	18	1	diamond	red	(645, 652)	low	no	no_dis	N	same	hori	left	True	1812274	1813213	left	1	6	93
11	sq	f	18	1	circle	red	(645, 652)	low	dis	(645, 428)	Y	same	vert	up	True	1814232	1815245	up	1	6	94
11	sq	f	18	1	diamond	green	(645, 428)	high	no	no_dis	N	same	vert	up	True	1816442	1817077	left	0	6	95
11	sq	f	18	1	diamond	green	(565, 619)	low	no	no_dis	N	same	vert	up	True	1819803	1820597	up	1	6	96
11	sq	f	18	1	circle	green	(645, 428)	high	no	no_dis	N	dif	vert	up	True	1821814	1822533	up	1	6	97
11	sq	f	18	1	circle	red	(724, 460)	low	no	no_dis	N	dif	vert	up	True	1823580	1824325	up	1	6	98
11	sq	f	18	1	circle	red	(645, 428)	high	dis	(724, 619)	N	same	vert	up	True	1825446	1826173	up	1	6	99
11	sq	f	18	1	diamond	red	(645, 428)	high	dis	(533, 540)	N	same	hori	left	True	1827402	1827988	left	1	6	100
11	sq	f	18	1	circle	red	(565, 460)	low	dis	(645, 652)	N	same	vert	up	True	1829050	1830061	up	1	6	101
11	sq	f	18	1	circle	green	(645, 428)	high	dis	(645, 652)	N	dif	hori	left	True	1831273	1831821	left	1	6	102
11	sq	f	18	1	circle	green	(645, 428)	high	dis	(565, 619)	N	dif	vert	up	True	1832876	1833461	up	1	6	103
11	sq	f	18	1	diamond	green	(645, 428)	high	no	no_dis	N	dif	vert	up	True	1834483	1835212	up	1	6	104
11	sq	f	18	1	diamond	red	(724, 460)	low	dis	(724, 619)	N	dif	hori	left	True	1836304	1837197	left	1	6	105
11	sq	f	18	1	circle	red	(757, 540)	low	no	no_dis	N	same	vert	up	True	1838224	1839084	up	1	6	106
11	sq	f	18	1	diamond	green	(645, 428)	high	dis	(724, 619)	N	same	vert	up	True	1840159	1840749	up	1	6	107
11	sq	f	18	1	circle	red	(757, 540)	low	dis	(565, 619)	N	same	vert	up	True	1841764	1842805	up	1	6	108
11	sq	f	18	1	diamond	red	(565, 619)	low	dis	(757, 540)	N	same	vert	up	True	1844037	1844797	up	1	6	109
11	sq	f	18	1	circle	red	(645, 428)	high	dis	(533, 540)	N	same	hori	left	True	1846014	1846637	left	1	6	110
11	sq	f	18	1	circle	green	(645, 428)	high	dis	(724, 619)	N	same	hori	left	True	1847861	1848516	left	1	6	111
11	sq	f	18	1	diamond	green	(724, 460)	low	no	no_dis	N	dif	hori	left	True	1849601	1850364	left	1	6	112
11	sq	f	18	1	circle	green	(724, 619)	low	no	no_dis	N	same	vert	up	True	1851609	1852686	up	1	6	113
11	sq	f	18	1	diamond	green	(645, 428)	high	dis	(533, 540)	N	dif	hori	left	True	1853811	1854461	left	1	6	114
11	sq	f	18	1	diamond	red	(645, 428)	high	dis	(645, 652)	N	dif	hori	left	True	1855686	1856373	left	1	6	115
11	sq	f	18	1	diamond	red	(645, 428)	high	dis	(757, 540)	N	dif	hori	left	True	1857444	1858124	left	1	6	116
11	sq	f	18	1	diamond	green	(645, 428)	high	dis	(645, 652)	N	dif	vert	up	True	1859247	1859933	up	1	6	117
11	sq	f	18	1	diamond	red	(645, 428)	high	no	no_dis	N	dif	hori	left	True	1861116	1861701	left	1	6	118
11	sq	f	18	1	circle	red	(724, 619)	low	dis	(757, 540)	N	dif	vert	up	True	1862865	1863796	up	1	6	119
11	sq	f	18	1	diamond	red	(645, 428)	high	no	no_dis	N	same	hori	left	True	1864965	1865813	left	1	6	120
conf	11	sq	f	18	1	True	1906378	1924868	2	True	1924881	1937061	4
