subj	name	gender	age	prac	shape	color	tar_loc	popularity	dis_cond	dis_loc	dis_high	td_dif	line	respkey	gotkey	startTime	respTime	resp	correct	block	trialnum
12	chx	f	18	1	diamond	red	(565, 460)	high	dis	(565, 619)	N	same	vert	up	True	20289	22435	left	0	1	1
12	chx	f	18	1	diamond	red	(565, 460)	high	no	no_dis	N	dif	vert	up	True	24994	25970	up	1	1	2
12	chx	f	18	1	circle	green	(565, 460)	high	dis	(724, 460)	N	dif	hori	left	True	27066	28602	left	1	1	3
12	chx	f	18	1	diamond	green	(724, 619)	low	dis	(565, 460)	Y	same	vert	up	True	29733	31218	up	1	1	4
12	chx	f	18	1	circle	red	(565, 460)	high	dis	(757, 540)	N	same	vert	up	True	32394	33867	up	1	1	5
12	chx	f	18	1	diamond	green	(757, 540)	low	no	no_dis	N	dif	hori	left	True	34998	36203	left	1	1	6
12	chx	f	18	1	circle	green	(565, 460)	high	dis	(757, 540)	N	dif	vert	up	True	37233	38091	up	1	1	7
12	chx	f	18	1	diamond	red	(565, 460)	high	dis	(757, 540)	N	same	hori	left	True	39254	41386	left	1	1	8
12	chx	f	18	1	circle	red	(565, 460)	high	dis	(724, 619)	N	same	hori	left	True	42585	43778	left	1	1	9
12	chx	f	18	1	diamond	green	(565, 460)	high	no	no_dis	N	same	vert	up	True	44914	46394	left	0	1	10
12	chx	f	18	1	circle	green	(645, 652)	low	no	no_dis	N	dif	vert	up	True	49072	50699	up	1	1	11
12	chx	f	18	1	circle	red	(565, 460)	high	dis	(724, 619)	N	same	hori	left	True	51779	53915	left	1	1	12
12	chx	f	18	1	diamond	green	(565, 460)	high	dis	(724, 460)	N	dif	vert	up	True	55157	56722	up	1	1	13
12	chx	f	18	1	diamond	red	(565, 460)	high	dis	(645, 652)	N	same	hori	left	True	57799	59882	left	1	1	14
12	chx	f	18	1	circle	green	(565, 460)	high	no	no_dis	N	same	hori	left	True	61073	62131	left	1	1	15
12	chx	f	18	1	diamond	green	(565, 460)	high	dis	(645, 652)	N	dif	hori	left	True	63184	64411	left	1	1	16
12	chx	f	18	1	circle	red	(724, 619)	low	no	no_dis	N	same	hori	left	True	65496	66778	left	1	1	17
12	chx	f	18	1	diamond	red	(724, 460)	low	no	no_dis	N	dif	hori	left	True	67930	69602	up	0	1	18
12	chx	f	18	1	circle	green	(565, 460)	high	dis	(645, 652)	N	same	vert	up	True	72221	73674	up	1	1	19
12	chx	f	18	1	circle	red	(724, 460)	low	dis	(565, 460)	Y	same	hori	left	True	74887	76251	left	1	1	20
12	chx	f	18	1	circle	red	(565, 460)	high	dis	(724, 460)	N	dif	vert	up	True	77347	78290	up	1	1	21
12	chx	f	18	1	diamond	red	(533, 540)	low	no	no_dis	N	same	vert	up	True	79489	80739	left	0	1	22
12	chx	f	18	1	diamond	green	(565, 460)	high	no	no_dis	N	dif	vert	up	True	83264	84818	up	1	1	23
12	chx	f	18	1	diamond	green	(565, 460)	high	no	no_dis	N	same	vert	up	True	85894	86763	up	1	1	24
12	chx	f	18	1	diamond	green	(565, 460)	high	dis	(645, 428)	N	dif	hori	left	True	87947	89962	left	1	1	25
12	chx	f	18	1	diamond	red	(565, 460)	high	dis	(757, 540)	N	dif	hori	left	True	91158	93106	left	1	1	26
12	chx	f	18	1	diamond	green	(565, 460)	high	dis	(724, 460)	N	same	vert	up	True	94172	95946	up	1	1	27
12	chx	f	18	1	diamond	green	(565, 460)	high	dis	(565, 619)	N	same	vert	up	True	97027	97978	up	1	1	28
12	chx	f	18	1	diamond	red	(724, 619)	low	dis	(565, 460)	Y	same	hori	left	True	99111	101754	left	1	1	29
12	chx	f	18	1	circle	red	(565, 460)	high	dis	(565, 619)	N	dif	hori	left	True	102885	103986	left	1	1	30
12	chx	f	18	1	diamond	red	(565, 460)	high	dis	(533, 540)	N	dif	vert	up	True	105136	107170	up	1	1	31
12	chx	f	18	1	circle	green	(565, 460)	high	dis	(645, 428)	N	same	hori	left	True	108180	110050	left	1	1	32
12	chx	f	18	1	circle	green	(645, 428)	low	no	no_dis	N	same	hori	left	True	111062	112635	up	0	1	33
12	chx	f	18	1	diamond	red	(565, 619)	low	no	no_dis	N	dif	vert	up	True	115376	117266	up	1	1	34
12	chx	f	18	1	circle	red	(724, 619)	low	dis	(565, 619)	N	same	vert	up	True	118410	119562	up	1	1	35
12	chx	f	18	1	circle	red	(724, 619)	low	no	no_dis	N	dif	vert	up	True	120769	122898	up	1	1	36
12	chx	f	18	1	circle	red	(565, 460)	high	dis	(724, 619)	N	dif	hori	left	True	123976	125322	left	1	1	37
12	chx	f	18	1	circle	green	(724, 619)	low	dis	(645, 652)	N	same	hori	left	True	126334	127658	left	1	1	38
12	chx	f	18	1	circle	green	(724, 460)	low	no	no_dis	N	same	vert	up	True	128844	130034	up	1	1	39
12	chx	f	18	1	circle	red	(565, 460)	high	dis	(645, 652)	N	same	vert	up	True	131036	131938	up	1	1	40
12	chx	f	18	1	circle	red	(565, 460)	high	dis	(757, 540)	N	dif	hori	left	True	133190	134282	left	1	1	41
12	chx	f	18	1	diamond	red	(565, 460)	high	dis	(757, 540)	N	same	vert	up	True	135493	137122	left	0	1	42
12	chx	f	18	1	diamond	red	(565, 460)	high	no	no_dis	N	dif	hori	left	True	139695	141651	left	1	1	43
12	chx	f	18	1	diamond	red	(565, 460)	high	dis	(645, 428)	N	dif	vert	up	True	142748	143858	up	1	1	44
12	chx	f	18	1	diamond	green	(565, 460)	high	dis	(724, 460)	N	same	vert	up	True	144895	145762	up	1	1	45
12	chx	f	18	1	diamond	green	(757, 540)	low	dis	(645, 652)	N	same	vert	up	True	146985	147811	up	1	1	46
12	chx	f	18	1	diamond	green	(533, 540)	low	no	no_dis	N	same	vert	up	True	149054	149858	up	1	1	47
12	chx	f	18	1	circle	red	(565, 460)	high	dis	(565, 619)	N	same	vert	up	True	151037	152570	up	1	1	48
12	chx	f	18	1	circle	green	(565, 460)	high	dis	(645, 652)	N	dif	hori	left	True	153688	155075	left	1	1	49
12	chx	f	18	1	diamond	red	(757, 540)	low	dis	(645, 428)	N	dif	vert	up	True	156174	157586	up	1	1	50
12	chx	f	18	1	circle	red	(533, 540)	low	dis	(645, 428)	N	dif	hori	left	True	158612	160387	left	1	1	51
12	chx	f	18	1	diamond	green	(533, 540)	low	dis	(724, 460)	N	same	hori	left	True	161556	162683	up	0	1	52
12	chx	f	18	1	circle	red	(565, 460)	high	no	no_dis	N	same	vert	up	True	165297	166610	up	1	1	53
12	chx	f	18	1	diamond	red	(565, 619)	low	no	no_dis	N	same	hori	left	True	167750	169722	left	1	1	54
12	chx	f	18	1	diamond	green	(565, 460)	high	no	no_dis	N	dif	vert	up	True	170948	173210	up	1	1	55
12	chx	f	18	1	diamond	green	(645, 428)	low	no	no_dis	N	same	vert	up	True	174361	175650	up	1	1	56
12	chx	f	18	1	diamond	red	(565, 460)	high	no	no_dis	N	dif	hori	left	True	176812	178195	left	1	1	57
12	chx	f	18	1	circle	red	(533, 540)	low	dis	(565, 619)	N	same	vert	up	True	179228	180794	up	1	1	58
12	chx	f	18	1	circle	red	(565, 460)	high	no	no_dis	N	same	hori	left	True	181907	183026	left	1	1	59
12	chx	f	18	1	circle	green	(565, 460)	high	dis	(645, 428)	N	dif	vert	up	True	184087	185570	up	1	1	60
12	chx	f	18	1	diamond	green	(565, 460)	high	dis	(724, 619)	N	same	hori	left	True	186652	189219	left	1	1	61
12	chx	f	18	1	diamond	red	(565, 460)	high	no	no_dis	N	same	vert	up	True	190401	191395	up	1	1	62
12	chx	f	18	1	circle	green	(724, 619)	low	no	no_dis	N	same	hori	left	True	192506	193506	up	0	1	63
12	chx	f	18	1	circle	red	(565, 460)	high	no	no_dis	N	same	hori	left	True	196051	197202	left	1	1	64
12	chx	f	18	1	diamond	green	(645, 428)	low	dis	(724, 619)	N	same	vert	up	True	198416	199826	up	1	1	65
12	chx	f	18	1	circle	red	(645, 652)	low	dis	(724, 460)	N	dif	vert	up	True	200975	203146	up	1	1	66
12	chx	f	18	1	diamond	red	(565, 619)	low	dis	(757, 540)	N	dif	hori	left	True	204162	206322	left	1	1	67
12	chx	f	18	1	diamond	red	(533, 540)	low	dis	(724, 619)	N	same	vert	up	True	207554	208570	left	0	1	68
12	chx	f	18	1	diamond	green	(645, 652)	low	dis	(533, 540)	N	dif	hori	left	True	211097	213011	left	1	1	69
12	chx	f	18	1	circle	red	(565, 460)	high	no	no_dis	N	dif	hori	left	True	214180	216338	left	1	1	70
12	chx	f	18	1	circle	green	(565, 460)	high	dis	(565, 619)	N	same	hori	left	True	217393	218211	left	1	1	71
12	chx	f	18	1	diamond	green	(565, 460)	high	dis	(533, 540)	N	dif	hori	left	True	219355	221522	left	1	1	72
12	chx	f	18	1	circle	green	(724, 460)	low	dis	(757, 540)	N	same	hori	left	True	222638	224042	left	1	1	73
12	chx	f	18	1	diamond	red	(565, 460)	high	dis	(565, 619)	N	dif	vert	up	True	225113	226778	up	1	1	74
12	chx	f	18	1	diamond	red	(645, 428)	low	dis	(724, 619)	N	dif	hori	left	True	227910	229946	left	1	1	75
12	chx	f	18	1	diamond	red	(724, 460)	low	dis	(565, 460)	Y	dif	vert	up	True	231133	232203	up	1	1	76
12	chx	f	18	1	diamond	green	(645, 652)	low	dis	(565, 460)	Y	dif	hori	left	True	233232	234922	left	1	1	77
12	chx	f	18	1	circle	green	(757, 540)	low	dis	(565, 619)	N	dif	vert	up	True	236145	238226	up	1	1	78
12	chx	f	18	1	circle	green	(565, 460)	high	dis	(533, 540)	N	dif	vert	up	True	239236	240330	up	1	1	79
12	chx	f	18	1	diamond	red	(565, 460)	high	dis	(533, 540)	N	dif	vert	up	True	241489	242371	up	1	1	80
12	chx	f	18	1	circle	red	(565, 460)	high	no	no_dis	N	dif	hori	left	True	243478	245314	left	1	1	81
12	chx	f	18	1	circle	green	(565, 460)	high	dis	(724, 619)	N	same	hori	left	True	246443	247362	left	1	1	82
12	chx	f	18	1	circle	red	(645, 652)	low	no	no_dis	N	dif	hori	left	True	248535	250402	left	1	1	83
12	chx	f	18	1	diamond	green	(565, 460)	high	dis	(645, 652)	N	dif	hori	left	True	251486	253714	left	1	1	84
12	chx	f	18	1	circle	green	(565, 460)	high	no	no_dis	N	dif	hori	left	True	254887	255914	left	1	1	85
12	chx	f	18	1	circle	red	(565, 460)	high	no	no_dis	N	dif	vert	up	True	257029	257802	up	1	1	86
12	chx	f	18	1	circle	red	(565, 460)	high	dis	(565, 619)	N	dif	hori	left	True	258979	260746	left	1	1	87
12	chx	f	18	1	diamond	red	(565, 460)	high	no	no_dis	N	same	vert	up	True	261752	264586	up	1	1	88
12	chx	f	18	1	diamond	red	(565, 460)	high	dis	(724, 460)	N	same	hori	left	True	265590	268218	left	1	1	89
12	chx	f	18	1	circle	red	(757, 540)	low	dis	(645, 652)	N	same	vert	up	True	269438	272090	up	1	1	90
12	chx	f	18	1	diamond	red	(565, 619)	low	dis	(565, 460)	Y	dif	hori	left	True	273315	274634	left	1	1	91
12	chx	f	18	1	circle	green	(724, 460)	low	dis	(533, 540)	N	dif	vert	up	True	275695	276866	up	1	1	92
12	chx	f	18	1	circle	green	(565, 460)	high	dis	(645, 428)	N	dif	vert	up	True	277897	279002	left	0	1	93
12	chx	f	18	1	circle	green	(565, 460)	high	dis	(757, 540)	N	dif	vert	up	True	281750	283866	up	1	1	94
12	chx	f	18	1	circle	green	(565, 460)	high	dis	(533, 540)	N	same	vert	up	True	285091	285963	up	1	1	95
12	chx	f	18	1	circle	red	(645, 428)	low	dis	(757, 540)	N	dif	vert	up	True	287107	287914	up	1	1	96
12	chx	f	18	1	circle	green	(565, 460)	high	no	no_dis	N	same	hori	left	True	288972	290866	left	1	1	97
12	chx	f	18	1	diamond	green	(565, 460)	high	dis	(724, 460)	N	dif	vert	up	True	292098	294650	up	1	1	98
12	chx	f	18	1	circle	green	(565, 619)	low	dis	(565, 460)	Y	same	hori	left	True	295683	297810	left	1	1	99
12	chx	f	18	1	circle	green	(645, 652)	low	dis	(565, 460)	Y	same	hori	left	True	299019	300514	left	1	1	100
12	chx	f	18	1	circle	green	(533, 540)	low	dis	(565, 460)	Y	same	vert	up	True	301534	302882	up	1	1	101
12	chx	f	18	1	circle	green	(645, 428)	low	dis	(533, 540)	N	dif	vert	up	True	303929	305002	up	1	1	102
12	chx	f	18	1	diamond	green	(565, 619)	low	no	no_dis	N	dif	vert	up	True	306193	307563	up	1	1	103
12	chx	f	18	1	circle	green	(565, 460)	high	no	no_dis	N	dif	vert	up	True	308684	310610	up	1	1	104
12	chx	f	18	1	circle	red	(757, 540)	low	no	no_dis	N	dif	hori	left	True	311614	312522	left	1	1	105
12	chx	f	18	1	diamond	red	(565, 460)	high	no	no_dis	N	same	hori	left	True	313625	315379	left	1	1	106
12	chx	f	18	1	circle	green	(565, 460)	high	no	no_dis	N	same	vert	up	True	316629	318290	up	1	1	107
12	chx	f	18	1	circle	red	(565, 460)	high	dis	(533, 540)	N	same	vert	up	True	319540	321578	up	1	1	108
12	chx	f	18	1	diamond	green	(565, 460)	high	no	no_dis	N	same	hori	left	True	322756	323922	up	0	1	109
12	chx	f	18	1	circle	red	(565, 460)	high	dis	(645, 652)	N	same	hori	left	True	326475	328170	left	1	1	110
12	chx	f	18	1	diamond	green	(565, 460)	high	dis	(645, 428)	N	dif	hori	left	True	329275	331066	left	1	1	111
12	chx	f	18	1	diamond	green	(565, 460)	high	no	no_dis	N	dif	hori	left	True	332068	333019	left	1	1	112
12	chx	f	18	1	diamond	green	(565, 460)	high	dis	(724, 619)	N	same	vert	up	True	334081	335202	left	0	1	113
12	chx	f	18	1	circle	red	(565, 619)	low	dis	(724, 460)	N	same	hori	left	True	337738	340258	left	1	1	114
12	chx	f	18	1	diamond	red	(565, 460)	high	dis	(533, 540)	N	same	hori	left	True	341266	343258	left	1	1	115
12	chx	f	18	1	diamond	red	(565, 460)	high	dis	(724, 619)	N	same	hori	left	True	344442	345626	left	1	1	116
12	chx	f	18	1	diamond	green	(724, 460)	low	dis	(645, 428)	N	dif	vert	up	True	346697	347778	up	1	1	117
12	chx	f	18	1	diamond	red	(645, 652)	low	dis	(645, 428)	N	dif	hori	left	True	348889	350435	left	1	1	118
12	chx	f	18	1	circle	green	(565, 460)	high	no	no_dis	N	dif	vert	up	True	351499	353202	up	1	1	119
12	chx	f	18	1	diamond	green	(565, 619)	low	dis	(565, 460)	Y	dif	hori	left	True	354415	356146	left	1	1	120
12	chx	f	18	1	circle	green	(645, 428)	low	no	no_dis	N	dif	vert	up	True	388537	391290	up	1	2	1
12	chx	f	18	1	diamond	green	(565, 619)	low	no	no_dis	N	same	hori	left	True	392433	394034	left	1	2	2
12	chx	f	18	1	diamond	red	(565, 460)	high	dis	(724, 619)	N	same	hori	left	True	395137	397267	left	1	2	3
12	chx	f	18	1	circle	green	(565, 460)	high	dis	(565, 619)	N	dif	vert	up	True	398359	399634	up	1	2	4
12	chx	f	18	1	circle	red	(565, 460)	high	dis	(533, 540)	N	dif	hori	left	True	400739	401507	up	0	2	5
12	chx	f	18	1	circle	red	(565, 460)	high	no	no_dis	N	dif	hori	left	True	404111	404882	left	1	2	6
12	chx	f	18	1	diamond	red	(565, 460)	high	dis	(645, 652)	N	dif	vert	up	True	405945	407219	up	1	2	7
12	chx	f	18	1	circle	green	(565, 460)	high	dis	(757, 540)	N	dif	hori	left	True	408455	409690	left	1	2	8
12	chx	f	18	1	circle	green	(565, 460)	high	dis	(645, 428)	N	dif	hori	left	True	410756	411835	left	1	2	9
12	chx	f	18	1	circle	green	(533, 540)	low	dis	(565, 460)	Y	dif	hori	left	True	412994	415266	left	1	2	10
12	chx	f	18	1	diamond	red	(565, 460)	high	dis	(724, 619)	N	dif	vert	up	True	416518	418578	up	1	2	11
12	chx	f	18	1	circle	red	(565, 460)	high	dis	(724, 460)	N	dif	hori	left	True	419779	421018	left	1	2	12
12	chx	f	18	1	diamond	green	(565, 460)	high	dis	(724, 460)	N	same	hori	left	True	422073	422906	left	1	2	13
12	chx	f	18	1	diamond	green	(565, 460)	high	dis	(724, 619)	N	dif	vert	up	True	424005	424826	up	1	2	14
12	chx	f	18	1	diamond	green	(757, 540)	low	dis	(724, 460)	N	dif	hori	left	True	425895	427858	left	1	2	15
12	chx	f	18	1	diamond	green	(565, 460)	high	no	no_dis	N	same	hori	left	True	428964	430122	left	1	2	16
12	chx	f	18	1	circle	green	(565, 460)	high	no	no_dis	N	same	vert	up	True	431347	433474	up	1	2	17
12	chx	f	18	1	circle	green	(565, 460)	high	dis	(533, 540)	N	same	hori	left	True	434588	436322	left	1	2	18
12	chx	f	18	1	diamond	green	(565, 460)	high	dis	(565, 619)	N	dif	hori	left	True	437505	438898	left	1	2	19
12	chx	f	18	1	circle	green	(724, 460)	low	dis	(645, 652)	N	same	vert	up	True	439990	440834	left	0	2	20
12	chx	f	18	1	diamond	red	(565, 619)	low	dis	(565, 460)	Y	same	hori	left	True	443578	446234	left	1	2	21
12	chx	f	18	1	circle	green	(565, 460)	high	no	no_dis	N	dif	vert	up	True	447382	449666	up	1	2	22
12	chx	f	18	1	circle	green	(565, 460)	high	dis	(757, 540)	N	dif	vert	up	True	450728	452219	up	1	2	23
12	chx	f	18	1	circle	green	(565, 460)	high	dis	(645, 428)	N	same	hori	left	True	453285	455386	left	1	2	24
12	chx	f	18	1	circle	green	(565, 460)	high	dis	(757, 540)	N	same	vert	up	True	456435	457802	up	1	2	25
12	chx	f	18	1	diamond	green	(533, 540)	low	dis	(645, 428)	N	dif	vert	up	True	458896	461130	up	1	2	26
12	chx	f	18	1	circle	green	(645, 652)	low	dis	(533, 540)	N	same	vert	up	True	462137	463635	up	1	2	27
12	chx	f	18	1	circle	green	(533, 540)	low	no	no_dis	N	dif	vert	up	True	464817	466002	up	1	2	28
12	chx	f	18	1	circle	red	(565, 460)	high	dis	(645, 428)	N	dif	hori	left	True	467160	468058	left	1	2	29
12	chx	f	18	1	circle	red	(565, 460)	high	dis	(565, 619)	N	dif	hori	left	True	469116	469954	left	1	2	30
12	chx	f	18	1	diamond	green	(565, 460)	high	no	no_dis	N	same	vert	up	True	471188	472186	up	1	2	31
12	chx	f	18	1	circle	green	(645, 652)	low	no	no_dis	N	dif	hori	left	True	473382	474922	left	1	2	32
12	chx	f	18	1	diamond	green	(565, 460)	high	dis	(645, 428)	N	same	hori	left	True	475976	477514	left	1	2	33
12	chx	f	18	1	circle	red	(565, 460)	high	no	no_dis	N	dif	vert	up	True	478611	479666	up	1	2	34
12	chx	f	18	1	diamond	green	(645, 652)	low	dis	(565, 460)	Y	same	hori	left	True	480899	482283	left	1	2	35
12	chx	f	18	1	circle	red	(757, 540)	low	dis	(565, 460)	Y	dif	vert	up	True	483528	484706	up	1	2	36
12	chx	f	18	1	circle	red	(724, 460)	low	no	no_dis	N	same	vert	up	True	485851	486699	up	1	2	37
12	chx	f	18	1	diamond	red	(565, 460)	high	dis	(724, 619)	N	same	vert	up	True	487861	490122	up	1	2	38
12	chx	f	18	1	circle	red	(565, 460)	high	dis	(533, 540)	N	same	hori	left	True	491225	493154	left	1	2	39
12	chx	f	18	1	circle	red	(565, 460)	high	dis	(645, 652)	N	dif	vert	up	True	494300	495570	up	1	2	40
12	chx	f	18	1	diamond	green	(724, 619)	low	dis	(724, 460)	N	dif	vert	up	True	496739	498322	up	1	2	41
12	chx	f	18	1	circle	green	(645, 428)	low	dis	(565, 619)	N	same	vert	up	True	499482	500682	up	1	2	42
12	chx	f	18	1	circle	green	(724, 619)	low	dis	(645, 652)	N	same	hori	left	True	501925	502995	left	1	2	43
12	chx	f	18	1	circle	red	(724, 460)	low	dis	(565, 460)	Y	same	hori	left	True	504176	505722	left	1	2	44
12	chx	f	18	1	circle	green	(757, 540)	low	no	no_dis	N	same	vert	up	True	506862	507586	up	1	2	45
12	chx	f	18	1	diamond	red	(724, 460)	low	no	no_dis	N	same	hori	left	True	508823	510042	left	1	2	46
12	chx	f	18	1	circle	green	(565, 460)	high	dis	(724, 460)	N	same	vert	up	True	511098	513242	up	1	2	47
12	chx	f	18	1	circle	green	(565, 460)	high	no	no_dis	N	dif	vert	up	True	514281	515506	up	1	2	48
12	chx	f	18	1	diamond	green	(565, 460)	high	dis	(645, 428)	N	dif	hori	left	True	516738	518722	left	1	2	49
12	chx	f	18	1	circle	green	(565, 460)	high	no	no_dis	N	same	hori	left	True	519817	521307	left	1	2	50
12	chx	f	18	1	diamond	red	(724, 619)	low	no	no_dis	N	dif	vert	up	True	522438	523610	up	1	2	51
12	chx	f	18	1	circle	green	(565, 460)	high	dis	(645, 652)	N	dif	vert	up	True	524826	526378	up	1	2	52
12	chx	f	18	1	circle	red	(565, 619)	low	dis	(645, 428)	N	same	vert	up	True	527489	528955	up	1	2	53
12	chx	f	18	1	diamond	red	(533, 540)	low	dis	(757, 540)	N	dif	hori	left	True	530146	531970	left	1	2	54
12	chx	f	18	1	diamond	green	(565, 460)	high	dis	(757, 540)	N	same	hori	left	True	533187	535155	left	1	2	55
12	chx	f	18	1	diamond	green	(565, 460)	high	dis	(645, 652)	N	same	vert	up	True	536315	538458	up	1	2	56
12	chx	f	18	1	diamond	red	(724, 619)	low	dis	(565, 460)	Y	dif	vert	up	True	539687	541458	up	1	2	57
12	chx	f	18	1	diamond	red	(565, 460)	high	dis	(724, 460)	N	same	vert	up	True	542510	543626	up	1	2	58
12	chx	f	18	1	circle	red	(565, 460)	high	dis	(565, 619)	N	dif	hori	left	True	544666	546362	left	1	2	59
12	chx	f	18	1	circle	red	(533, 540)	low	no	no_dis	N	dif	vert	up	True	547566	548978	up	1	2	60
12	chx	f	18	1	circle	red	(645, 652)	low	dis	(533, 540)	N	same	vert	up	True	550038	551450	up	1	2	61
12	chx	f	18	1	diamond	red	(565, 460)	high	dis	(757, 540)	N	same	hori	left	True	552694	554187	left	1	2	62
12	chx	f	18	1	diamond	green	(724, 460)	low	dis	(565, 619)	N	dif	vert	up	True	555319	556474	up	1	2	63
12	chx	f	18	1	diamond	red	(724, 460)	low	dis	(724, 619)	N	same	hori	left	True	557706	558955	left	1	2	64
12	chx	f	18	1	circle	red	(645, 428)	low	dis	(645, 652)	N	dif	hori	left	True	560020	561786	left	1	2	65
12	chx	f	18	1	circle	red	(565, 460)	high	no	no_dis	N	dif	vert	up	True	562992	564098	up	1	2	66
12	chx	f	18	1	circle	red	(565, 460)	high	no	no_dis	N	same	hori	left	True	565311	566123	left	1	2	67
12	chx	f	18	1	diamond	red	(645, 652)	low	no	no_dis	N	same	hori	left	True	567216	569322	left	1	2	68
12	chx	f	18	1	diamond	red	(565, 460)	high	dis	(724, 460)	N	same	vert	up	True	570502	571843	up	1	2	69
12	chx	f	18	1	diamond	green	(565, 460)	high	dis	(645, 652)	N	dif	vert	up	True	572976	573714	up	1	2	70
12	chx	f	18	1	diamond	red	(645, 652)	low	dis	(565, 460)	Y	same	hori	left	True	574852	575890	left	1	2	71
12	chx	f	18	1	circle	green	(565, 460)	high	dis	(724, 619)	N	same	vert	up	True	576916	578338	up	1	2	72
12	chx	f	18	1	circle	red	(645, 652)	low	no	no_dis	N	same	vert	up	True	579395	580570	up	1	2	73
12	chx	f	18	1	circle	green	(757, 540)	low	dis	(565, 460)	Y	same	vert	up	True	581797	582810	up	1	2	74
12	chx	f	18	1	circle	green	(565, 619)	low	dis	(757, 540)	N	same	hori	left	True	583820	584698	left	1	2	75
12	chx	f	18	1	diamond	red	(565, 460)	high	no	no_dis	N	same	vert	up	True	585820	588042	up	1	2	76
12	chx	f	18	1	diamond	green	(565, 460)	high	no	no_dis	N	dif	vert	up	True	589271	590514	up	1	2	77
12	chx	f	18	1	diamond	green	(724, 619)	low	no	no_dis	N	dif	hori	left	True	591744	592587	left	1	2	78
12	chx	f	18	1	diamond	red	(565, 460)	high	dis	(757, 540)	N	same	hori	left	True	593791	595234	left	1	2	79
12	chx	f	18	1	diamond	green	(757, 540)	low	dis	(533, 540)	N	same	vert	up	True	596438	597266	up	1	2	80
12	chx	f	18	1	diamond	green	(645, 428)	low	no	no_dis	N	dif	hori	left	True	598319	600107	left	1	2	81
12	chx	f	18	1	diamond	green	(565, 460)	high	no	no_dis	N	same	hori	left	True	601140	603074	left	1	2	82
12	chx	f	18	1	diamond	green	(565, 460)	high	dis	(645, 428)	N	dif	vert	up	True	604321	605962	up	1	2	83
12	chx	f	18	1	circle	red	(724, 619)	low	dis	(645, 428)	N	same	vert	up	True	607093	608386	left	0	2	84
12	chx	f	18	1	diamond	green	(565, 460)	high	dis	(757, 540)	N	dif	vert	up	True	610980	612290	up	1	2	85
12	chx	f	18	1	circle	green	(565, 460)	high	no	no_dis	N	same	hori	left	True	613471	614530	left	1	2	86
12	chx	f	18	1	circle	green	(565, 460)	high	no	no_dis	N	same	vert	up	True	615640	616898	up	1	2	87
12	chx	f	18	1	circle	red	(565, 619)	low	no	no_dis	N	dif	hori	left	True	618139	620258	left	1	2	88
12	chx	f	18	1	circle	green	(645, 428)	low	dis	(757, 540)	N	same	hori	left	True	621404	623299	up	0	2	89
12	chx	f	18	1	circle	red	(565, 460)	high	dis	(533, 540)	N	same	hori	left	True	626018	627834	left	1	2	90
12	chx	f	18	1	diamond	green	(565, 619)	low	dis	(724, 619)	N	dif	vert	up	True	629014	630458	up	1	2	91
12	chx	f	18	1	circle	red	(565, 460)	high	dis	(724, 460)	N	dif	vert	up	True	631695	633458	up	1	2	92
12	chx	f	18	1	diamond	green	(565, 460)	high	no	no_dis	N	same	vert	up	False	634616	None	None	0	2	93
12	chx	f	18	1	diamond	red	(565, 460)	high	no	no_dis	N	same	hori	left	True	640134	641226	left	1	2	94
12	chx	f	18	1	circle	green	(565, 460)	high	dis	(533, 540)	N	same	hori	left	True	642441	644474	left	1	2	95
12	chx	f	18	1	circle	red	(565, 460)	high	dis	(533, 540)	N	same	vert	up	False	645522	None	None	0	2	96
12	chx	f	18	1	diamond	red	(645, 652)	low	dis	(565, 619)	N	dif	vert	up	True	651227	652882	up	1	2	97
12	chx	f	18	1	diamond	red	(724, 619)	low	no	no_dis	N	same	vert	up	True	654017	655002	up	1	2	98
12	chx	f	18	1	diamond	green	(645, 428)	low	dis	(724, 460)	N	dif	vert	up	True	656178	657154	up	1	2	99
12	chx	f	18	1	diamond	green	(757, 540)	low	no	no_dis	N	same	hori	left	True	658373	659250	left	1	2	100
12	chx	f	18	1	diamond	red	(565, 460)	high	dis	(565, 619)	N	same	vert	up	True	660411	661474	left	0	2	101
12	chx	f	18	1	circle	red	(565, 460)	high	no	no_dis	N	same	vert	up	True	664014	666218	up	1	2	102
12	chx	f	18	1	circle	green	(565, 460)	high	dis	(724, 619)	N	same	vert	up	True	667222	667962	up	1	2	103
12	chx	f	18	1	diamond	red	(565, 460)	high	no	no_dis	N	dif	hori	left	True	669083	671386	left	1	2	104
12	chx	f	18	1	diamond	red	(565, 460)	high	dis	(645, 652)	N	same	hori	left	True	672431	674378	left	1	2	105
12	chx	f	18	1	diamond	red	(565, 460)	high	no	no_dis	N	dif	vert	up	True	675443	676219	up	1	2	106
12	chx	f	18	1	diamond	red	(757, 540)	low	dis	(565, 460)	Y	dif	hori	left	True	677280	678226	left	1	2	107
12	chx	f	18	1	circle	red	(533, 540)	low	dis	(724, 619)	N	dif	hori	left	True	679249	681355	left	1	2	108
12	chx	f	18	1	diamond	red	(565, 460)	high	no	no_dis	N	dif	hori	left	True	682472	683922	left	1	2	109
12	chx	f	18	1	diamond	green	(565, 460)	high	dis	(724, 619)	N	same	vert	up	True	685024	685986	up	1	2	110
12	chx	f	18	1	diamond	red	(645, 428)	low	dis	(565, 619)	N	dif	hori	left	True	687130	688147	left	1	2	111
12	chx	f	18	1	circle	red	(565, 619)	low	dis	(565, 460)	Y	dif	hori	left	True	689288	691034	left	1	2	112
12	chx	f	18	1	circle	red	(565, 460)	high	no	no_dis	N	dif	hori	left	True	692277	693338	left	1	2	113
12	chx	f	18	1	diamond	red	(565, 460)	high	dis	(533, 540)	N	same	vert	up	True	694480	697050	up	1	2	114
12	chx	f	18	1	diamond	green	(565, 460)	high	no	no_dis	N	dif	hori	left	True	698093	699650	left	1	2	115
12	chx	f	18	1	diamond	red	(565, 460)	high	dis	(565, 619)	N	dif	hori	left	True	700737	701898	left	1	2	116
12	chx	f	18	1	diamond	green	(565, 460)	high	dis	(645, 428)	N	dif	hori	left	True	703035	705210	left	1	2	117
12	chx	f	18	1	circle	red	(565, 460)	high	dis	(645, 652)	N	dif	vert	up	True	706446	708450	up	1	2	118
12	chx	f	18	1	circle	red	(565, 460)	high	dis	(724, 460)	N	dif	hori	left	True	709686	711411	left	1	2	119
12	chx	f	18	1	diamond	red	(565, 460)	high	no	no_dis	N	dif	hori	left	True	712551	714098	left	1	2	120
12	chx	f	18	1	diamond	green	(533, 540)	low	dis	(645, 428)	N	dif	vert	up	True	764633	766074	up	1	3	1
12	chx	f	18	1	circle	red	(645, 652)	low	dis	(533, 540)	N	same	hori	left	True	767165	768466	left	1	3	2
12	chx	f	18	1	circle	red	(645, 652)	low	no	no_dis	N	dif	hori	left	True	769709	770522	left	1	3	3
12	chx	f	18	1	diamond	red	(565, 460)	high	no	no_dis	N	dif	vert	up	True	771712	773602	up	1	3	4
12	chx	f	18	1	circle	red	(565, 460)	high	dis	(565, 619)	N	same	vert	up	True	774716	775690	up	1	3	5
12	chx	f	18	1	circle	green	(533, 540)	low	no	no_dis	N	dif	hori	left	True	776894	777810	left	1	3	6
12	chx	f	18	1	diamond	green	(645, 652)	low	dis	(565, 460)	Y	same	vert	up	True	778815	780418	up	1	3	7
12	chx	f	18	1	circle	green	(565, 460)	high	dis	(533, 540)	N	same	hori	left	True	781461	783586	left	1	3	8
12	chx	f	18	1	diamond	green	(565, 460)	high	no	no_dis	N	dif	vert	up	True	784760	785906	up	1	3	9
12	chx	f	18	1	circle	green	(565, 460)	high	no	no_dis	N	dif	hori	left	True	787104	788106	left	1	3	10
12	chx	f	18	1	circle	red	(565, 460)	high	no	no_dis	N	same	vert	up	True	789127	790218	up	1	3	11
12	chx	f	18	1	diamond	red	(533, 540)	low	dis	(724, 460)	N	dif	vert	up	True	791227	792522	up	1	3	12
12	chx	f	18	1	diamond	green	(724, 619)	low	dis	(757, 540)	N	dif	hori	left	True	793769	794810	left	1	3	13
12	chx	f	18	1	diamond	green	(565, 460)	high	dis	(757, 540)	N	same	hori	left	True	795838	797490	left	1	3	14
12	chx	f	18	1	circle	red	(565, 460)	high	dis	(724, 460)	N	dif	hori	left	True	798496	799707	left	1	3	15
12	chx	f	18	1	diamond	red	(565, 460)	high	dis	(533, 540)	N	dif	hori	left	True	800838	802578	left	1	3	16
12	chx	f	18	1	circle	red	(645, 428)	low	dis	(565, 460)	Y	dif	vert	up	True	803793	805330	up	1	3	17
12	chx	f	18	1	circle	green	(565, 460)	high	dis	(724, 619)	N	dif	hori	left	True	806553	807890	left	1	3	18
12	chx	f	18	1	circle	green	(565, 460)	high	dis	(645, 428)	N	dif	hori	left	True	809134	810002	left	1	3	19
12	chx	f	18	1	diamond	green	(724, 460)	low	dis	(724, 619)	N	dif	hori	left	True	811168	812034	left	1	3	20
12	chx	f	18	1	diamond	red	(565, 619)	low	dis	(565, 460)	Y	dif	vert	up	True	813119	814154	up	1	3	21
12	chx	f	18	1	circle	red	(565, 460)	high	dis	(757, 540)	N	same	vert	up	True	815164	816482	up	1	3	22
12	chx	f	18	1	diamond	green	(565, 460)	high	dis	(533, 540)	N	dif	vert	up	True	817491	818946	left	0	3	23
12	chx	f	18	1	diamond	red	(724, 460)	low	dis	(565, 460)	Y	dif	vert	up	True	821628	822698	up	1	3	24
12	chx	f	18	1	circle	green	(645, 428)	low	dis	(724, 619)	N	same	hori	left	True	823739	825242	left	1	3	25
12	chx	f	18	1	circle	red	(565, 460)	high	dis	(645, 428)	N	same	hori	left	True	826470	828138	left	1	3	26
12	chx	f	18	1	circle	green	(645, 428)	low	no	no_dis	N	same	vert	up	True	829142	829834	up	1	3	27
12	chx	f	18	1	circle	red	(757, 540)	low	dis	(565, 460)	Y	dif	hori	left	True	830945	831810	left	1	3	28
12	chx	f	18	1	circle	green	(565, 460)	high	dis	(645, 652)	N	same	hori	left	True	832915	833898	left	1	3	29
12	chx	f	18	1	circle	green	(533, 540)	low	dis	(645, 652)	N	same	vert	up	True	835027	836178	up	1	3	30
12	chx	f	18	1	circle	red	(757, 540)	low	no	no_dis	N	same	hori	left	True	837187	838034	left	1	3	31
12	chx	f	18	1	diamond	green	(565, 460)	high	no	no_dis	N	same	hori	left	True	839247	840394	left	1	3	32
12	chx	f	18	1	diamond	green	(565, 460)	high	no	no_dis	N	dif	hori	left	True	841439	843122	left	1	3	33
12	chx	f	18	1	circle	green	(565, 460)	high	no	no_dis	N	same	vert	up	True	844159	846306	up	1	3	34
12	chx	f	18	1	diamond	green	(565, 460)	high	no	no_dis	N	same	hori	left	True	847429	848786	left	1	3	35
12	chx	f	18	1	diamond	red	(724, 460)	low	no	no_dis	N	same	vert	up	True	850036	850954	up	1	3	36
12	chx	f	18	1	diamond	green	(565, 460)	high	dis	(645, 428)	N	dif	vert	up	True	852030	853466	up	1	3	37
12	chx	f	18	1	diamond	green	(565, 619)	low	no	no_dis	N	dif	hori	left	True	854656	856898	left	1	3	38
12	chx	f	18	1	diamond	green	(724, 460)	low	dis	(645, 652)	N	dif	hori	left	True	858030	859058	left	1	3	39
12	chx	f	18	1	diamond	red	(565, 460)	high	no	no_dis	N	dif	hori	left	True	860073	861282	left	1	3	40
12	chx	f	18	1	circle	green	(757, 540)	low	no	no_dis	N	same	vert	up	True	862381	863258	up	1	3	41
12	chx	f	18	1	diamond	green	(565, 460)	high	dis	(565, 619)	N	same	vert	up	True	864346	865506	up	1	3	42
12	chx	f	18	1	diamond	red	(645, 428)	low	dis	(565, 619)	N	same	hori	left	True	866519	867714	left	1	3	43
12	chx	f	18	1	circle	red	(565, 460)	high	dis	(645, 428)	N	dif	vert	up	True	868894	870410	up	1	3	44
12	chx	f	18	1	circle	green	(565, 460)	high	dis	(645, 428)	N	same	hori	left	True	871484	872746	left	1	3	45
12	chx	f	18	1	circle	green	(565, 460)	high	no	no_dis	N	dif	vert	up	True	873986	874994	up	1	3	46
12	chx	f	18	1	diamond	green	(565, 460)	high	no	no_dis	N	same	vert	up	True	876142	877242	up	1	3	47
12	chx	f	18	1	diamond	red	(565, 460)	high	dis	(757, 540)	N	dif	hori	left	True	878421	879266	left	1	3	48
12	chx	f	18	1	circle	red	(565, 460)	high	dis	(724, 619)	N	same	vert	up	True	880370	881682	up	1	3	49
12	chx	f	18	1	diamond	green	(724, 460)	low	no	no_dis	N	same	hori	left	True	882913	884114	left	1	3	50
12	chx	f	18	1	circle	green	(565, 460)	high	no	no_dis	N	same	vert	up	True	885144	886730	up	1	3	51
12	chx	f	18	1	diamond	red	(565, 460)	high	dis	(565, 619)	N	dif	vert	up	True	887909	890082	up	1	3	52
12	chx	f	18	1	diamond	green	(645, 428)	low	no	no_dis	N	same	vert	up	True	891098	892578	left	0	3	53
12	chx	f	18	1	diamond	red	(565, 460)	high	dis	(757, 540)	N	same	hori	left	True	895179	897010	left	1	3	54
12	chx	f	18	1	circle	red	(724, 619)	low	no	no_dis	N	dif	vert	up	True	898248	900115	up	1	3	55
12	chx	f	18	1	circle	green	(565, 460)	high	dis	(724, 619)	N	dif	vert	up	True	901282	902258	up	1	3	56
12	chx	f	18	1	diamond	green	(565, 460)	high	dis	(757, 540)	N	same	vert	up	True	903287	904826	up	1	3	57
12	chx	f	18	1	circle	green	(645, 428)	low	dis	(724, 460)	N	dif	vert	up	True	905875	908338	up	1	3	58
12	chx	f	18	1	diamond	red	(565, 460)	high	dis	(645, 652)	N	same	hori	left	True	909491	911858	left	1	3	59
12	chx	f	18	1	circle	green	(565, 460)	high	dis	(757, 540)	N	same	vert	up	True	912900	914210	up	1	3	60
12	chx	f	18	1	circle	red	(565, 619)	low	dis	(565, 460)	Y	dif	hori	left	True	915379	916546	left	1	3	61
12	chx	f	18	1	circle	green	(565, 460)	high	dis	(565, 619)	N	dif	vert	up	True	917617	918602	left	0	3	62
12	chx	f	18	1	diamond	green	(757, 540)	low	dis	(724, 619)	N	dif	vert	up	True	921162	922674	up	1	3	63
12	chx	f	18	1	diamond	red	(757, 540)	low	dis	(724, 460)	N	same	hori	left	True	923736	925090	left	1	3	64
12	chx	f	18	1	diamond	green	(565, 460)	high	dis	(724, 460)	N	dif	vert	up	True	926295	927762	up	1	3	65
12	chx	f	18	1	circle	red	(565, 460)	high	dis	(645, 652)	N	dif	hori	left	True	928934	930706	left	1	3	66
12	chx	f	18	1	diamond	red	(565, 460)	high	no	no_dis	N	dif	hori	left	True	931935	933130	left	1	3	67
12	chx	f	18	1	diamond	red	(565, 460)	high	dis	(565, 619)	N	dif	hori	left	True	934138	935394	left	1	3	68
12	chx	f	18	1	circle	green	(724, 619)	low	dis	(757, 540)	N	dif	hori	left	True	936545	939234	left	1	3	69
12	chx	f	18	1	circle	red	(645, 652)	low	no	no_dis	N	same	hori	left	True	940421	941450	left	1	3	70
12	chx	f	18	1	diamond	green	(565, 460)	high	no	no_dis	N	dif	hori	left	True	942595	943938	left	1	3	71
12	chx	f	18	1	diamond	red	(724, 619)	low	dis	(757, 540)	N	same	vert	up	True	945033	946634	up	1	3	72
12	chx	f	18	1	diamond	green	(565, 460)	high	dis	(645, 428)	N	same	vert	up	False	947881	None	None	0	3	73
12	chx	f	18	1	circle	red	(565, 460)	high	no	no_dis	N	same	hori	left	True	953518	955898	left	1	3	74
12	chx	f	18	1	circle	green	(565, 460)	high	dis	(533, 540)	N	same	vert	up	True	957015	958970	up	1	3	75
12	chx	f	18	1	diamond	red	(565, 460)	high	dis	(533, 540)	N	same	vert	up	True	960061	961634	up	1	3	76
12	chx	f	18	1	diamond	red	(757, 540)	low	no	no_dis	N	dif	vert	up	True	962685	963946	up	1	3	77
12	chx	f	18	1	circle	green	(645, 652)	low	dis	(565, 460)	Y	same	vert	up	True	964984	967146	up	1	3	78
12	chx	f	18	1	diamond	green	(565, 460)	high	dis	(645, 652)	N	dif	vert	up	True	968265	969394	up	1	3	79
12	chx	f	18	1	diamond	green	(565, 460)	high	dis	(645, 652)	N	same	hori	left	True	970485	971426	left	1	3	80
12	chx	f	18	1	circle	red	(565, 460)	high	dis	(724, 619)	N	same	hori	left	True	972588	974082	left	1	3	81
12	chx	f	18	1	circle	red	(724, 619)	low	dis	(645, 652)	N	dif	hori	left	True	975127	976394	left	1	3	82
12	chx	f	18	1	diamond	green	(565, 460)	high	dis	(724, 460)	N	same	vert	up	True	977566	978410	up	1	3	83
12	chx	f	18	1	diamond	red	(565, 460)	high	no	no_dis	N	same	vert	up	True	979436	980866	up	1	3	84
12	chx	f	18	1	diamond	green	(645, 428)	low	dis	(533, 540)	N	same	vert	up	True	982114	984026	up	1	3	85
12	chx	f	18	1	diamond	red	(724, 619)	low	no	no_dis	N	dif	hori	left	True	985065	985946	left	1	3	86
12	chx	f	18	1	circle	green	(724, 619)	low	no	no_dis	N	same	hori	left	True	987014	989418	left	1	3	87
12	chx	f	18	1	diamond	red	(565, 619)	low	no	no_dis	N	dif	vert	up	True	990651	991914	up	1	3	88
12	chx	f	18	1	circle	red	(724, 460)	low	dis	(565, 619)	N	same	hori	left	True	993100	994130	left	1	3	89
12	chx	f	18	1	diamond	red	(565, 460)	high	dis	(533, 540)	N	same	hori	left	True	995181	996554	left	1	3	90
12	chx	f	18	1	circle	red	(565, 460)	high	dis	(645, 652)	N	same	vert	up	True	997605	1000050	up	1	3	91
12	chx	f	18	1	circle	red	(565, 460)	high	dis	(724, 460)	N	dif	hori	left	True	1001202	1002074	left	1	3	92
12	chx	f	18	1	circle	green	(565, 619)	low	dis	(533, 540)	N	same	vert	up	True	1003258	1004594	up	1	3	93
12	chx	f	18	1	circle	green	(757, 540)	low	dis	(645, 428)	N	same	hori	left	True	1005775	1006754	left	1	3	94
12	chx	f	18	1	circle	green	(565, 460)	high	dis	(724, 619)	N	same	vert	up	True	1007796	1008754	up	1	3	95
12	chx	f	18	1	circle	green	(565, 460)	high	dis	(565, 619)	N	dif	hori	left	True	1009811	1010746	up	0	3	96
12	chx	f	18	1	diamond	red	(724, 619)	low	dis	(565, 619)	N	same	vert	up	True	1013482	1016250	left	0	3	97
12	chx	f	18	1	diamond	red	(645, 652)	low	dis	(645, 428)	N	same	hori	left	True	1018945	1020898	left	1	3	98
12	chx	f	18	1	circle	red	(565, 460)	high	no	no_dis	N	dif	hori	left	True	1022071	1023314	left	1	3	99
12	chx	f	18	1	diamond	red	(565, 460)	high	dis	(724, 460)	N	dif	hori	left	True	1024339	1025978	left	1	3	100
12	chx	f	18	1	diamond	red	(565, 460)	high	no	no_dis	N	same	hori	left	True	1027025	1027730	left	1	3	101
12	chx	f	18	1	circle	green	(565, 460)	high	no	no_dis	N	same	hori	left	True	1028919	1029978	left	1	3	102
12	chx	f	18	1	diamond	green	(565, 619)	low	dis	(565, 460)	Y	same	hori	left	True	1031217	1033002	left	1	3	103
12	chx	f	18	1	circle	red	(757, 540)	low	dis	(565, 460)	Y	dif	hori	left	True	1034090	1035578	left	1	3	104
12	chx	f	18	1	diamond	red	(565, 460)	high	no	no_dis	N	same	hori	left	True	1036601	1037578	left	1	3	105
12	chx	f	18	1	diamond	green	(533, 540)	low	no	no_dis	N	dif	vert	up	True	1038652	1040594	up	1	3	106
12	chx	f	18	1	diamond	red	(565, 460)	high	dis	(757, 540)	N	dif	vert	up	True	1041712	1042738	up	1	3	107
12	chx	f	18	1	diamond	green	(565, 460)	high	dis	(645, 652)	N	dif	hori	left	True	1043817	1044610	left	1	3	108
12	chx	f	18	1	circle	red	(565, 460)	high	no	no_dis	N	dif	vert	up	True	1045783	1047370	left	0	3	109
12	chx	f	18	1	circle	red	(565, 460)	high	no	no_dis	N	same	vert	up	True	1050018	1052066	up	1	3	110
12	chx	f	18	1	diamond	red	(565, 460)	high	dis	(724, 460)	N	dif	vert	up	True	1053097	1054906	up	1	3	111
12	chx	f	18	1	diamond	green	(565, 460)	high	dis	(724, 619)	N	dif	hori	left	True	1056076	1056890	left	1	3	112
12	chx	f	18	1	circle	green	(565, 460)	high	no	no_dis	N	dif	vert	up	True	1058118	1059194	up	1	3	113
12	chx	f	18	1	diamond	red	(565, 460)	high	dis	(645, 428)	N	dif	vert	up	True	1060385	1061250	up	1	3	114
12	chx	f	18	1	circle	green	(565, 460)	high	dis	(724, 619)	N	dif	vert	up	True	1062284	1063210	up	1	3	115
12	chx	f	18	1	circle	red	(533, 540)	low	dis	(724, 460)	N	dif	vert	up	True	1064327	1065235	up	1	3	116
12	chx	f	18	1	circle	red	(565, 460)	high	dis	(533, 540)	N	same	hori	left	True	1066248	1068882	left	1	3	117
12	chx	f	18	1	circle	red	(565, 460)	high	dis	(565, 619)	N	same	hori	left	True	1069934	1071050	left	1	3	118
12	chx	f	18	1	circle	red	(565, 460)	high	no	no_dis	N	dif	vert	up	True	1072163	1072898	up	1	3	119
12	chx	f	18	1	circle	green	(724, 460)	low	dis	(565, 460)	Y	same	vert	up	True	1074001	1075314	up	1	3	120
12	chx	f	18	1	circle	red	(565, 460)	high	dis	(757, 540)	N	dif	vert	up	True	1109104	1110210	up	1	4	1
12	chx	f	18	1	circle	red	(533, 540)	low	no	no_dis	N	same	hori	left	True	1111256	1112210	left	1	4	2
12	chx	f	18	1	diamond	red	(565, 460)	high	dis	(724, 619)	N	same	hori	left	True	1113321	1114194	left	1	4	3
12	chx	f	18	1	circle	green	(565, 460)	high	dis	(645, 428)	N	dif	hori	left	True	1115410	1116034	left	1	4	4
12	chx	f	18	1	diamond	red	(757, 540)	low	dis	(645, 428)	N	same	hori	left	True	1117267	1118562	left	1	4	5
12	chx	f	18	1	diamond	green	(724, 460)	low	dis	(533, 540)	N	dif	vert	up	True	1119659	1121130	up	1	4	6
12	chx	f	18	1	diamond	red	(565, 460)	high	dis	(645, 652)	N	same	hori	left	True	1122344	1123098	left	1	4	7
12	chx	f	18	1	diamond	red	(533, 540)	low	dis	(724, 460)	N	dif	vert	up	True	1124235	1125490	up	1	4	8
12	chx	f	18	1	diamond	red	(565, 460)	high	no	no_dis	N	same	hori	left	True	1126532	1127282	left	1	4	9
12	chx	f	18	1	diamond	green	(757, 540)	low	no	no_dis	N	dif	vert	up	True	1128401	1129146	up	1	4	10
12	chx	f	18	1	diamond	red	(565, 460)	high	dis	(645, 428)	N	dif	vert	up	True	1130268	1131098	up	1	4	11
12	chx	f	18	1	circle	red	(565, 460)	high	dis	(645, 652)	N	dif	hori	left	True	1132143	1133074	up	0	4	12
12	chx	f	18	1	diamond	green	(565, 460)	high	dis	(533, 540)	N	dif	hori	left	True	1135711	1136938	left	1	4	13
12	chx	f	18	1	diamond	red	(724, 460)	low	dis	(533, 540)	N	dif	vert	up	True	1137953	1139258	up	1	4	14
12	chx	f	18	1	diamond	green	(565, 460)	high	no	no_dis	N	dif	vert	up	True	1140457	1142066	up	1	4	15
12	chx	f	18	1	circle	red	(645, 652)	low	dis	(565, 460)	Y	same	hori	left	True	1143075	1145218	left	1	4	16
12	chx	f	18	1	diamond	red	(724, 619)	low	no	no_dis	N	same	vert	up	True	1146223	1147394	up	1	4	17
12	chx	f	18	1	diamond	green	(533, 540)	low	dis	(565, 460)	Y	same	hori	left	True	1148521	1150506	left	1	4	18
12	chx	f	18	1	circle	red	(565, 460)	high	dis	(645, 652)	N	same	vert	up	True	1151574	1153346	up	1	4	19
12	chx	f	18	1	diamond	green	(565, 460)	high	dis	(565, 619)	N	dif	vert	up	True	1154500	1156274	up	1	4	20
12	chx	f	18	1	diamond	red	(565, 460)	high	dis	(757, 540)	N	dif	hori	left	True	1157463	1158658	left	1	4	21
12	chx	f	18	1	circle	green	(645, 652)	low	no	no_dis	N	dif	vert	up	True	1159712	1160834	up	1	4	22
12	chx	f	18	1	circle	red	(565, 460)	high	dis	(533, 540)	N	same	vert	up	True	1162036	1164762	up	1	4	23
12	chx	f	18	1	circle	green	(724, 460)	low	no	no_dis	N	dif	vert	up	True	1165963	1167066	up	1	4	24
12	chx	f	18	1	diamond	red	(565, 619)	low	dis	(724, 619)	N	dif	vert	up	False	1168155	None	None	0	4	25
12	chx	f	18	1	circle	red	(533, 540)	low	dis	(565, 460)	Y	same	vert	up	True	1173672	1176122	up	1	4	26
12	chx	f	18	1	circle	red	(565, 460)	high	dis	(645, 652)	N	same	hori	left	True	1177193	1178202	left	1	4	27
12	chx	f	18	1	diamond	red	(645, 652)	low	dis	(645, 428)	N	dif	vert	up	True	1179272	1180586	up	1	4	28
12	chx	f	18	1	circle	green	(565, 460)	high	dis	(533, 540)	N	same	vert	up	True	1181781	1183034	up	1	4	29
12	chx	f	18	1	diamond	green	(533, 540)	low	no	no_dis	N	same	hori	left	True	1184062	1185210	left	1	4	30
12	chx	f	18	1	circle	green	(533, 540)	low	dis	(565, 460)	Y	same	hori	left	True	1186460	1188178	left	1	4	31
12	chx	f	18	1	diamond	red	(565, 460)	high	no	no_dis	N	dif	vert	up	True	1189415	1190314	up	1	4	32
12	chx	f	18	1	circle	red	(565, 460)	high	dis	(757, 540)	N	dif	vert	up	True	1191341	1192106	up	1	4	33
12	chx	f	18	1	circle	red	(757, 540)	low	dis	(565, 460)	Y	dif	hori	left	True	1193118	1194594	left	1	4	34
12	chx	f	18	1	diamond	green	(565, 460)	high	dis	(645, 428)	N	same	vert	up	True	1195818	1196578	up	1	4	35
12	chx	f	18	1	diamond	green	(565, 460)	high	dis	(645, 428)	N	same	hori	left	True	1197594	1198850	left	1	4	36
12	chx	f	18	1	circle	green	(565, 619)	low	dis	(757, 540)	N	dif	hori	left	True	1200089	1201802	left	1	4	37
12	chx	f	18	1	diamond	red	(565, 460)	high	dis	(724, 460)	N	dif	hori	left	True	1202956	1204322	left	1	4	38
12	chx	f	18	1	diamond	red	(565, 460)	high	dis	(533, 540)	N	dif	vert	up	True	1205554	1206922	up	1	4	39
12	chx	f	18	1	circle	red	(565, 619)	low	dis	(757, 540)	N	dif	vert	up	True	1208032	1209650	up	1	4	40
12	chx	f	18	1	diamond	green	(565, 619)	low	dis	(565, 460)	Y	same	hori	left	True	1210689	1212370	left	1	4	41
12	chx	f	18	1	circle	red	(645, 652)	low	dis	(533, 540)	N	same	vert	up	True	1213412	1215490	up	1	4	42
12	chx	f	18	1	circle	red	(724, 460)	low	dis	(565, 619)	N	same	vert	up	True	1216674	1217466	up	1	4	43
12	chx	f	18	1	diamond	green	(757, 540)	low	dis	(724, 460)	N	same	vert	up	True	1218605	1219938	up	1	4	44
12	chx	f	18	1	diamond	red	(565, 460)	high	dis	(724, 460)	N	same	vert	up	True	1220966	1221706	up	1	4	45
12	chx	f	18	1	diamond	green	(565, 460)	high	no	no_dis	N	dif	vert	up	True	1222898	1223546	up	1	4	46
12	chx	f	18	1	circle	red	(724, 460)	low	no	no_dis	N	dif	hori	left	True	1224727	1226226	left	1	4	47
12	chx	f	18	1	circle	green	(645, 428)	low	dis	(645, 652)	N	dif	hori	left	True	1227264	1228778	left	1	4	48
12	chx	f	18	1	diamond	green	(565, 460)	high	dis	(724, 460)	N	same	vert	up	True	1229849	1231394	up	1	4	49
12	chx	f	18	1	circle	green	(724, 460)	low	dis	(724, 619)	N	dif	hori	left	True	1232485	1234482	left	1	4	50
12	chx	f	18	1	circle	green	(565, 460)	high	dis	(645, 652)	N	dif	vert	up	True	1235717	1236842	up	1	4	51
12	chx	f	18	1	circle	green	(565, 460)	high	dis	(757, 540)	N	same	hori	left	True	1238061	1239170	left	1	4	52
12	chx	f	18	1	circle	red	(565, 460)	high	dis	(645, 428)	N	dif	vert	up	True	1240351	1241530	up	1	4	53
12	chx	f	18	1	circle	green	(645, 652)	low	dis	(724, 460)	N	dif	vert	up	True	1242781	1244026	up	1	4	54
12	chx	f	18	1	diamond	red	(645, 652)	low	no	no_dis	N	same	vert	up	True	1245159	1247002	up	1	4	55
12	chx	f	18	1	diamond	red	(565, 460)	high	no	no_dis	N	dif	vert	up	True	1248107	1249874	up	1	4	56
12	chx	f	18	1	circle	green	(724, 460)	low	dis	(645, 428)	N	same	hori	left	True	1250999	1252122	left	1	4	57
12	chx	f	18	1	circle	red	(645, 428)	low	dis	(724, 460)	N	dif	hori	left	True	1253356	1255282	left	1	4	58
12	chx	f	18	1	circle	green	(565, 460)	high	no	no_dis	N	same	vert	up	True	1256528	1258138	up	1	4	59
12	chx	f	18	1	circle	green	(565, 619)	low	no	no_dis	N	dif	hori	left	True	1259372	1261114	left	1	4	60
12	chx	f	18	1	circle	red	(565, 460)	high	dis	(565, 619)	N	dif	vert	up	True	1262264	1263306	up	1	4	61
12	chx	f	18	1	circle	green	(565, 460)	high	no	no_dis	N	dif	hori	left	True	1264310	1265370	left	1	4	62
12	chx	f	18	1	circle	green	(565, 460)	high	no	no_dis	N	dif	vert	up	True	1266586	1267770	up	1	4	63
12	chx	f	18	1	circle	green	(565, 460)	high	no	no_dis	N	same	hori	left	True	1268831	1269706	left	1	4	64
12	chx	f	18	1	diamond	green	(565, 619)	low	no	no_dis	N	same	vert	up	True	1270798	1272426	up	1	4	65
12	chx	f	18	1	circle	green	(757, 540)	low	dis	(565, 460)	Y	same	hori	left	True	1273474	1274554	left	1	4	66
12	chx	f	18	1	circle	red	(645, 428)	low	no	no_dis	N	dif	hori	left	True	1275763	1277018	left	1	4	67
12	chx	f	18	1	diamond	red	(565, 460)	high	dis	(645, 428)	N	same	hori	left	True	1278026	1280010	left	1	4	68
12	chx	f	18	1	circle	green	(724, 619)	low	dis	(565, 619)	N	dif	hori	left	True	1281049	1283874	left	1	4	69
12	chx	f	18	1	diamond	red	(565, 460)	high	dis	(565, 619)	N	dif	vert	up	True	1285065	1286002	up	1	4	70
12	chx	f	18	1	circle	green	(565, 460)	high	no	no_dis	N	same	hori	left	True	1287227	1288146	left	1	4	71
12	chx	f	18	1	circle	red	(565, 460)	high	no	no_dis	N	same	vert	up	True	1289316	1290122	up	1	4	72
12	chx	f	18	1	diamond	green	(565, 460)	high	no	no_dis	N	same	vert	up	True	1291228	1293018	up	1	4	73
12	chx	f	18	1	diamond	red	(565, 460)	high	dis	(533, 540)	N	dif	hori	left	True	1294061	1295306	left	1	4	74
12	chx	f	18	1	circle	green	(565, 460)	high	dis	(757, 540)	N	same	hori	left	True	1296339	1297330	left	1	4	75
12	chx	f	18	1	circle	green	(565, 460)	high	dis	(724, 619)	N	same	vert	up	True	1298387	1299282	up	1	4	76
12	chx	f	18	1	diamond	green	(565, 460)	high	no	no_dis	N	dif	hori	left	True	1300450	1301642	left	1	4	77
12	chx	f	18	1	circle	green	(565, 460)	high	dis	(757, 540)	N	same	hori	left	True	1302656	1303690	left	1	4	78
12	chx	f	18	1	diamond	green	(565, 460)	high	dis	(645, 652)	N	same	vert	up	True	1304760	1305378	up	1	4	79
12	chx	f	18	1	diamond	green	(565, 460)	high	no	no_dis	N	same	hori	left	True	1306508	1307802	left	1	4	80
12	chx	f	18	1	diamond	green	(565, 460)	high	dis	(533, 540)	N	same	hori	left	True	1309037	1309754	left	1	4	81
12	chx	f	18	1	circle	green	(565, 460)	high	dis	(724, 619)	N	dif	hori	left	True	1310825	1311530	left	1	4	82
12	chx	f	18	1	diamond	red	(645, 428)	low	dis	(645, 652)	N	dif	vert	up	True	1312640	1313354	left	0	4	83
12	chx	f	18	1	circle	green	(565, 460)	high	no	no_dis	N	dif	vert	up	True	1316053	1317242	up	1	4	84
12	chx	f	18	1	diamond	red	(645, 428)	low	dis	(724, 619)	N	same	vert	up	True	1318422	1319818	up	1	4	85
12	chx	f	18	1	diamond	green	(645, 428)	low	no	no_dis	N	same	hori	left	True	1320876	1321954	left	1	4	86
12	chx	f	18	1	diamond	red	(757, 540)	low	no	no_dis	N	same	vert	up	True	1323058	1324498	up	1	4	87
12	chx	f	18	1	circle	red	(565, 460)	high	no	no_dis	N	same	hori	left	True	1325720	1327434	left	1	4	88
12	chx	f	18	1	diamond	green	(565, 619)	low	dis	(565, 460)	Y	same	vert	up	True	1328619	1330034	up	1	4	89
12	chx	f	18	1	diamond	red	(565, 460)	high	no	no_dis	N	same	hori	left	True	1331198	1331978	left	1	4	90
12	chx	f	18	1	diamond	green	(565, 460)	high	dis	(724, 460)	N	same	vert	up	True	1333154	1333898	up	1	4	91
12	chx	f	18	1	diamond	green	(645, 428)	low	dis	(565, 460)	Y	same	hori	left	True	1335056	1336482	left	1	4	92
12	chx	f	18	1	circle	red	(724, 619)	low	no	no_dis	N	same	hori	left	True	1337670	1339890	left	1	4	93
12	chx	f	18	1	diamond	green	(565, 460)	high	dis	(565, 619)	N	dif	vert	up	True	1340973	1341866	up	1	4	94
12	chx	f	18	1	diamond	green	(724, 619)	low	dis	(757, 540)	N	same	vert	up	True	1343114	1344674	up	1	4	95
12	chx	f	18	1	circle	red	(565, 460)	high	no	no_dis	N	same	vert	up	True	1345890	1346890	up	1	4	96
12	chx	f	18	1	diamond	red	(565, 460)	high	no	no_dis	N	dif	hori	left	True	1348015	1349002	left	1	4	97
12	chx	f	18	1	circle	green	(565, 460)	high	dis	(724, 460)	N	dif	hori	left	True	1350055	1351075	left	1	4	98
12	chx	f	18	1	circle	green	(565, 460)	high	dis	(724, 619)	N	dif	hori	left	True	1352166	1352882	left	1	4	99
12	chx	f	18	1	circle	red	(565, 460)	high	no	no_dis	N	dif	hori	left	True	1354028	1354730	left	1	4	100
12	chx	f	18	1	circle	red	(565, 460)	high	dis	(757, 540)	N	dif	vert	up	True	1355850	1356754	up	1	4	101
12	chx	f	18	1	diamond	red	(565, 460)	high	no	no_dis	N	dif	hori	left	True	1357797	1359066	left	1	4	102
12	chx	f	18	1	diamond	red	(645, 428)	low	no	no_dis	N	dif	vert	up	True	1360074	1361866	up	1	4	103
12	chx	f	18	1	diamond	red	(724, 619)	low	dis	(645, 652)	N	dif	hori	left	True	1363042	1364362	left	1	4	104
12	chx	f	18	1	circle	red	(565, 460)	high	dis	(565, 619)	N	dif	hori	left	True	1365467	1366354	up	0	4	105
12	chx	f	18	1	circle	red	(565, 460)	high	no	no_dis	N	dif	hori	left	True	1368950	1370298	left	1	4	106
12	chx	f	18	1	diamond	green	(565, 460)	high	dis	(533, 540)	N	same	hori	left	True	1371425	1373314	left	1	4	107
12	chx	f	18	1	circle	red	(565, 460)	high	dis	(645, 428)	N	same	vert	up	True	1374494	1375906	up	1	4	108
12	chx	f	18	1	circle	green	(645, 652)	low	no	no_dis	N	dif	hori	left	True	1377152	1378706	left	1	4	109
12	chx	f	18	1	diamond	green	(565, 460)	high	dis	(724, 460)	N	same	vert	up	True	1379739	1380858	up	1	4	110
12	chx	f	18	1	circle	green	(565, 460)	high	dis	(645, 652)	N	dif	vert	up	True	1381887	1382849	up	1	4	111
12	chx	f	18	1	diamond	green	(565, 460)	high	dis	(724, 619)	N	same	vert	up	True	1383935	1385850	up	1	4	112
12	chx	f	18	1	diamond	red	(565, 460)	high	dis	(565, 619)	N	dif	hori	left	True	1387023	1387970	left	1	4	113
12	chx	f	18	1	circle	red	(565, 460)	high	dis	(724, 619)	N	dif	hori	left	True	1389160	1390682	left	1	4	114
12	chx	f	18	1	circle	red	(724, 619)	low	dis	(565, 619)	N	dif	hori	left	True	1391790	1393234	left	1	4	115
12	chx	f	18	1	circle	green	(565, 460)	high	dis	(724, 619)	N	same	hori	left	True	1394354	1395338	left	1	4	116
12	chx	f	18	1	diamond	green	(565, 460)	high	no	no_dis	N	same	vert	up	True	1396343	1397194	up	1	4	117
12	chx	f	18	1	circle	red	(565, 460)	high	no	no_dis	N	same	vert	up	True	1398286	1399834	up	1	4	118
12	chx	f	18	1	diamond	green	(645, 652)	low	dis	(565, 460)	Y	same	vert	up	True	1401030	1402570	up	1	4	119
12	chx	f	18	1	diamond	red	(565, 460)	high	dis	(565, 619)	N	same	hori	left	True	1403760	1404955	left	1	4	120
12	chx	f	18	1	diamond	green	(565, 460)	high	no	no_dis	N	same	hori	left	True	1438057	1439178	left	1	5	1
12	chx	f	18	1	diamond	green	(645, 428)	low	no	no_dis	N	dif	hori	left	True	1440204	1441474	left	1	5	2
12	chx	f	18	1	circle	green	(724, 619)	low	dis	(645, 652)	N	same	vert	up	True	1442555	1444650	up	1	5	3
12	chx	f	18	1	circle	green	(565, 460)	high	dis	(645, 652)	N	same	hori	left	True	1445799	1446578	left	1	5	4
12	chx	f	18	1	diamond	green	(565, 460)	high	dis	(724, 460)	N	same	vert	up	True	1447634	1449114	up	1	5	5
12	chx	f	18	1	diamond	red	(565, 460)	high	dis	(645, 652)	N	same	hori	left	True	1450286	1451162	left	1	5	6
12	chx	f	18	1	diamond	red	(565, 619)	low	no	no_dis	N	same	hori	left	True	1452322	1453450	left	1	5	7
12	chx	f	18	1	circle	red	(533, 540)	low	dis	(565, 460)	Y	dif	hori	left	True	1454568	1455442	up	0	5	8
12	chx	f	18	1	circle	red	(565, 460)	high	no	no_dis	N	same	hori	left	True	1458060	1459194	left	1	5	9
12	chx	f	18	1	diamond	green	(565, 460)	high	dis	(645, 428)	N	dif	hori	left	True	1460311	1462002	left	1	5	10
12	chx	f	18	1	circle	red	(565, 460)	high	dis	(565, 619)	N	same	hori	left	True	1463234	1464386	left	1	5	11
12	chx	f	18	1	circle	red	(565, 460)	high	no	no_dis	N	dif	hori	left	True	1465479	1466346	left	1	5	12
12	chx	f	18	1	circle	red	(565, 619)	low	no	no_dis	N	dif	hori	left	True	1467407	1468530	left	1	5	13
12	chx	f	18	1	diamond	red	(645, 652)	low	no	no_dis	N	same	hori	left	True	1469779	1471642	left	1	5	14
12	chx	f	18	1	diamond	green	(565, 460)	high	no	no_dis	N	same	vert	up	True	1472756	1473682	up	1	5	15
12	chx	f	18	1	diamond	green	(724, 460)	low	dis	(645, 428)	N	dif	hori	left	True	1474895	1476330	left	1	5	16
12	chx	f	18	1	circle	red	(565, 460)	high	dis	(565, 619)	N	dif	hori	left	True	1477543	1478514	left	1	5	17
12	chx	f	18	1	circle	green	(565, 460)	high	no	no_dis	N	dif	vert	up	True	1479746	1480529	up	1	5	18
12	chx	f	18	1	diamond	red	(645, 428)	low	no	no_dis	N	same	hori	left	True	1481589	1483050	left	1	5	19
12	chx	f	18	1	diamond	red	(565, 460)	high	no	no_dis	N	same	hori	left	True	1484140	1485034	left	1	5	20
12	chx	f	18	1	diamond	red	(565, 460)	high	dis	(645, 428)	N	same	hori	left	True	1486140	1487258	left	1	5	21
12	chx	f	18	1	diamond	red	(565, 460)	high	no	no_dis	N	same	hori	left	True	1488279	1489130	left	1	5	22
12	chx	f	18	1	circle	red	(645, 428)	low	dis	(565, 460)	Y	same	vert	up	True	1490350	1491354	up	1	5	23
12	chx	f	18	1	circle	red	(724, 460)	low	no	no_dis	N	dif	vert	up	True	1492386	1493385	up	1	5	24
12	chx	f	18	1	diamond	green	(565, 460)	high	no	no_dis	N	same	vert	up	True	1494560	1495554	left	0	5	25
12	chx	f	18	1	circle	red	(565, 460)	high	dis	(645, 652)	N	same	hori	left	True	1498162	1499370	left	1	5	26
12	chx	f	18	1	circle	red	(645, 652)	low	dis	(565, 460)	Y	dif	vert	up	True	1500443	1502034	up	1	5	27
12	chx	f	18	1	circle	green	(565, 460)	high	dis	(533, 540)	N	dif	hori	left	True	1503145	1504098	left	1	5	28
12	chx	f	18	1	circle	red	(645, 652)	low	no	no_dis	N	same	hori	left	True	1505279	1506274	left	1	5	29
12	chx	f	18	1	circle	red	(565, 460)	high	dis	(757, 540)	N	same	vert	up	True	1507456	1508162	up	1	5	30
12	chx	f	18	1	diamond	red	(533, 540)	low	dis	(645, 428)	N	same	hori	left	True	1509269	1510506	left	1	5	31
12	chx	f	18	1	circle	red	(565, 460)	high	dis	(565, 619)	N	dif	hori	left	True	1511721	1514386	left	1	5	32
12	chx	f	18	1	circle	red	(724, 460)	low	dis	(565, 619)	N	dif	vert	up	True	1515559	1516498	up	1	5	33
12	chx	f	18	1	circle	red	(565, 460)	high	dis	(533, 540)	N	dif	hori	left	True	1517609	1518698	left	1	5	34
12	chx	f	18	1	circle	red	(724, 619)	low	dis	(565, 460)	Y	dif	vert	up	True	1519946	1521570	up	1	5	35
12	chx	f	18	1	diamond	green	(645, 652)	low	dis	(724, 619)	N	same	hori	left	True	1522808	1523994	left	1	5	36
12	chx	f	18	1	circle	green	(757, 540)	low	dis	(533, 540)	N	dif	hori	left	True	1525073	1526025	left	1	5	37
12	chx	f	18	1	circle	red	(757, 540)	low	dis	(724, 619)	N	dif	vert	up	True	1527118	1528474	up	1	5	38
12	chx	f	18	1	circle	green	(565, 460)	high	dis	(724, 619)	N	dif	vert	up	True	1529586	1530834	up	1	5	39
12	chx	f	18	1	diamond	red	(565, 460)	high	dis	(565, 619)	N	dif	hori	left	True	1532010	1534226	left	1	5	40
12	chx	f	18	1	circle	green	(565, 460)	high	dis	(724, 619)	N	dif	vert	up	True	1535426	1536562	up	1	5	41
12	chx	f	18	1	circle	green	(533, 540)	low	no	no_dis	N	dif	hori	left	True	1537621	1538370	left	1	5	42
12	chx	f	18	1	diamond	red	(565, 460)	high	dis	(645, 652)	N	dif	hori	left	True	1539415	1541338	left	1	5	43
12	chx	f	18	1	circle	green	(565, 619)	low	dis	(565, 460)	Y	same	hori	left	True	1542481	1543530	left	1	5	44
12	chx	f	18	1	circle	green	(565, 460)	high	dis	(724, 619)	N	same	hori	left	True	1544641	1545522	left	1	5	45
12	chx	f	18	1	diamond	red	(565, 460)	high	dis	(645, 652)	N	same	vert	up	True	1546680	1547730	up	1	5	46
12	chx	f	18	1	circle	red	(565, 460)	high	dis	(724, 460)	N	same	vert	up	True	1548829	1550146	up	1	5	47
12	chx	f	18	1	diamond	red	(724, 619)	low	dis	(533, 540)	N	dif	hori	left	True	1551285	1552586	left	1	5	48
12	chx	f	18	1	circle	red	(565, 460)	high	no	no_dis	N	same	hori	left	True	1553768	1554625	left	1	5	49
12	chx	f	18	1	circle	green	(565, 460)	high	dis	(645, 428)	N	dif	vert	up	True	1555772	1556514	up	1	5	50
12	chx	f	18	1	circle	red	(565, 460)	high	dis	(645, 428)	N	same	vert	up	True	1557632	1558386	up	1	5	51
12	chx	f	18	1	diamond	green	(757, 540)	low	dis	(724, 460)	N	same	hori	left	True	1559527	1562034	left	1	5	52
12	chx	f	18	1	diamond	red	(565, 460)	high	dis	(724, 460)	N	same	vert	up	True	1563086	1564042	up	1	5	53
12	chx	f	18	1	diamond	green	(565, 460)	high	no	no_dis	N	same	vert	up	True	1565259	1565818	up	1	5	54
12	chx	f	18	1	circle	red	(565, 460)	high	dis	(533, 540)	N	same	vert	up	True	1566869	1568058	up	1	5	55
12	chx	f	18	1	diamond	green	(565, 460)	high	dis	(757, 540)	N	dif	hori	left	True	1569266	1569994	left	1	5	56
12	chx	f	18	1	circle	green	(757, 540)	low	no	no_dis	N	same	vert	up	True	1571152	1572562	up	1	5	57
12	chx	f	18	1	circle	red	(565, 460)	high	no	no_dis	N	dif	vert	up	True	1573761	1574650	up	1	5	58
12	chx	f	18	1	diamond	green	(565, 460)	high	dis	(565, 619)	N	same	hori	left	True	1575662	1576562	left	1	5	59
12	chx	f	18	1	circle	green	(565, 460)	high	dis	(724, 460)	N	same	vert	up	True	1577623	1578441	up	1	5	60
12	chx	f	18	1	diamond	red	(565, 460)	high	dis	(565, 619)	N	dif	vert	up	True	1579633	1580338	up	1	5	61
12	chx	f	18	1	diamond	green	(757, 540)	low	dis	(565, 460)	Y	dif	vert	up	True	1581560	1583242	up	1	5	62
12	chx	f	18	1	circle	green	(565, 460)	high	no	no_dis	N	dif	vert	up	True	1584295	1585050	up	1	5	63
12	chx	f	18	1	diamond	green	(533, 540)	low	dis	(724, 460)	N	dif	vert	up	True	1586299	1587274	up	1	5	64
12	chx	f	18	1	diamond	red	(724, 460)	low	dis	(645, 652)	N	same	vert	up	True	1588278	1589386	up	1	5	65
12	chx	f	18	1	diamond	green	(565, 460)	high	dis	(757, 540)	N	same	hori	left	True	1590447	1591210	left	1	5	66
12	chx	f	18	1	diamond	green	(724, 619)	low	dis	(565, 460)	Y	dif	vert	up	True	1592266	1593498	up	1	5	67
12	chx	f	18	1	circle	red	(565, 460)	high	no	no_dis	N	dif	hori	left	True	1594642	1596082	left	1	5	68
12	chx	f	18	1	diamond	green	(565, 619)	low	dis	(724, 460)	N	same	hori	left	True	1597206	1598434	left	1	5	69
12	chx	f	18	1	circle	green	(724, 460)	low	dis	(645, 652)	N	same	vert	up	True	1599656	1600977	up	1	5	70
12	chx	f	18	1	diamond	red	(645, 652)	low	no	no_dis	N	dif	vert	up	True	1602081	1603322	up	1	5	71
12	chx	f	18	1	circle	green	(565, 460)	high	dis	(724, 619)	N	dif	vert	up	True	1604349	1605530	left	0	5	72
12	chx	f	18	1	circle	green	(645, 652)	low	dis	(565, 619)	N	dif	hori	left	True	1608080	1609890	left	1	5	73
12	chx	f	18	1	circle	red	(645, 652)	low	dis	(724, 460)	N	same	vert	up	True	1610924	1612026	up	1	5	74
12	chx	f	18	1	diamond	red	(565, 460)	high	no	no_dis	N	dif	hori	left	True	1613080	1615058	left	1	5	75
12	chx	f	18	1	diamond	green	(565, 460)	high	no	no_dis	N	dif	vert	up	True	1616123	1617554	up	1	5	76
12	chx	f	18	1	diamond	red	(757, 540)	low	dis	(645, 428)	N	dif	vert	up	True	1618653	1620418	up	1	5	77
12	chx	f	18	1	circle	green	(565, 460)	high	dis	(757, 540)	N	dif	vert	up	True	1621668	1623506	up	1	5	78
12	chx	f	18	1	circle	green	(565, 460)	high	dis	(645, 652)	N	same	vert	up	True	1624633	1625954	up	1	5	79
12	chx	f	18	1	diamond	green	(645, 428)	low	dis	(533, 540)	N	same	vert	up	True	1627041	1628682	up	1	5	80
12	chx	f	18	1	diamond	red	(645, 652)	low	dis	(565, 460)	Y	same	hori	left	True	1629927	1631386	left	1	5	81
12	chx	f	18	1	diamond	green	(565, 460)	high	dis	(533, 540)	N	dif	hori	left	True	1632419	1634193	left	1	5	82
12	chx	f	18	1	diamond	red	(565, 619)	low	dis	(565, 460)	Y	dif	hori	left	True	1635225	1636802	left	1	5	83
12	chx	f	18	1	diamond	red	(565, 460)	high	dis	(757, 540)	N	same	vert	up	True	1637975	1639802	up	1	5	84
12	chx	f	18	1	circle	green	(533, 540)	low	dis	(724, 619)	N	same	vert	up	True	1640822	1642498	up	1	5	85
12	chx	f	18	1	diamond	green	(565, 460)	high	dis	(645, 428)	N	same	hori	left	True	1643573	1644977	left	1	5	86
12	chx	f	18	1	diamond	green	(565, 460)	high	dis	(757, 540)	N	dif	vert	up	True	1646007	1647137	up	1	5	87
12	chx	f	18	1	circle	red	(565, 460)	high	dis	(533, 540)	N	dif	vert	up	True	1648279	1650330	up	1	5	88
12	chx	f	18	1	diamond	red	(565, 460)	high	dis	(645, 652)	N	same	hori	left	True	1651503	1652786	left	1	5	89
12	chx	f	18	1	diamond	red	(565, 460)	high	dis	(565, 619)	N	dif	hori	left	True	1653885	1655002	left	1	5	90
12	chx	f	18	1	circle	green	(565, 460)	high	dis	(724, 619)	N	same	vert	up	True	1656182	1657386	up	1	5	91
12	chx	f	18	1	circle	green	(565, 460)	high	no	no_dis	N	same	vert	up	True	1658495	1659290	up	1	5	92
12	chx	f	18	1	diamond	green	(724, 460)	low	no	no_dis	N	same	vert	up	True	1660362	1661274	left	0	5	93
12	chx	f	18	1	circle	green	(565, 619)	low	no	no_dis	N	dif	vert	up	True	1663855	1665370	up	1	5	94
12	chx	f	18	1	diamond	red	(565, 460)	high	dis	(533, 540)	N	dif	vert	up	True	1666446	1668138	up	1	5	95
12	chx	f	18	1	diamond	green	(724, 619)	low	no	no_dis	N	same	vert	up	True	1669374	1670674	up	1	5	96
12	chx	f	18	1	diamond	green	(533, 540)	low	no	no_dis	N	dif	hori	left	True	1671678	1672578	left	1	5	97
12	chx	f	18	1	circle	green	(645, 428)	low	dis	(757, 540)	N	same	vert	up	True	1673580	1674978	up	1	5	98
12	chx	f	18	1	circle	red	(565, 460)	high	dis	(533, 540)	N	dif	vert	up	True	1676020	1676970	up	1	5	99
12	chx	f	18	1	diamond	red	(645, 428)	low	dis	(757, 540)	N	same	hori	left	True	1678178	1680226	left	1	5	100
12	chx	f	18	1	diamond	green	(565, 460)	high	dis	(724, 460)	N	same	vert	up	True	1681412	1682345	up	1	5	101
12	chx	f	18	1	circle	red	(565, 460)	high	no	no_dis	N	dif	vert	up	True	1683578	1684850	up	1	5	102
12	chx	f	18	1	diamond	green	(565, 460)	high	dis	(645, 428)	N	same	hori	left	True	1686057	1687738	left	1	5	103
12	chx	f	18	1	circle	green	(724, 460)	low	dis	(565, 619)	N	same	hori	left	True	1688795	1690226	left	1	5	104
12	chx	f	18	1	diamond	green	(565, 460)	high	no	no_dis	N	dif	vert	up	True	1691426	1692218	up	1	5	105
12	chx	f	18	1	circle	green	(565, 460)	high	dis	(724, 460)	N	same	hori	left	True	1693223	1694322	left	1	5	106
12	chx	f	18	1	circle	red	(565, 460)	high	dis	(645, 428)	N	dif	hori	left	True	1695517	1696498	left	1	5	107
12	chx	f	18	1	diamond	red	(565, 460)	high	no	no_dis	N	same	hori	left	True	1697627	1698402	left	1	5	108
12	chx	f	18	1	circle	red	(565, 619)	low	dis	(565, 460)	Y	dif	hori	left	True	1699535	1700866	left	1	5	109
12	chx	f	18	1	circle	green	(565, 460)	high	no	no_dis	N	dif	hori	left	True	1702081	1702970	left	1	5	110
12	chx	f	18	1	diamond	green	(565, 460)	high	dis	(724, 619)	N	dif	hori	left	True	1704164	1705146	left	1	5	111
12	chx	f	18	1	diamond	red	(565, 619)	low	dis	(757, 540)	N	dif	hori	left	True	1706168	1707882	left	1	5	112
12	chx	f	18	1	diamond	red	(565, 460)	high	dis	(724, 619)	N	dif	vert	up	True	1709115	1709850	up	1	5	113
12	chx	f	18	1	circle	green	(565, 460)	high	no	no_dis	N	dif	hori	left	True	1711034	1712122	left	1	5	114
12	chx	f	18	1	diamond	green	(565, 460)	high	dis	(757, 540)	N	dif	vert	up	True	1713257	1714074	up	1	5	115
12	chx	f	18	1	diamond	red	(565, 460)	high	no	no_dis	N	dif	hori	left	True	1715322	1716218	left	1	5	116
12	chx	f	18	1	circle	green	(724, 619)	low	no	no_dis	N	same	vert	up	True	1717289	1718730	up	1	5	117
12	chx	f	18	1	diamond	red	(565, 460)	high	no	no_dis	N	same	vert	up	True	1719901	1720618	up	1	5	118
12	chx	f	18	1	circle	green	(565, 460)	high	no	no_dis	N	same	vert	up	True	1721626	1722346	up	1	5	119
12	chx	f	18	1	circle	red	(757, 540)	low	no	no_dis	N	dif	vert	up	True	1723414	1725194	up	1	5	120
12	chx	f	18	1	circle	green	(565, 460)	high	dis	(533, 540)	N	dif	hori	left	True	1759208	1760522	left	1	6	1
12	chx	f	18	1	circle	red	(757, 540)	low	no	no_dis	N	dif	vert	up	True	1761622	1762595	up	1	6	2
12	chx	f	18	1	circle	red	(724, 619)	low	dis	(565, 460)	Y	dif	hori	left	True	1763812	1764874	left	1	6	3
12	chx	f	18	1	circle	green	(565, 460)	high	dis	(757, 540)	N	same	hori	left	True	1766123	1766850	left	1	6	4
12	chx	f	18	1	circle	green	(565, 460)	high	no	no_dis	N	dif	hori	left	True	1768053	1769354	left	1	6	5
12	chx	f	18	1	circle	green	(645, 428)	low	dis	(533, 540)	N	same	hori	left	True	1770476	1771530	left	1	6	6
12	chx	f	18	1	diamond	green	(565, 460)	high	dis	(757, 540)	N	same	hori	left	True	1772661	1773938	left	1	6	7
12	chx	f	18	1	circle	green	(565, 460)	high	dis	(724, 619)	N	dif	hori	left	True	1775099	1775826	left	1	6	8
12	chx	f	18	1	diamond	green	(565, 460)	high	no	no_dis	N	same	vert	up	True	1777016	1778618	up	1	6	9
12	chx	f	18	1	circle	red	(565, 460)	high	dis	(645, 428)	N	same	vert	up	True	1779732	1781530	up	1	6	10
12	chx	f	18	1	diamond	red	(645, 652)	low	dis	(645, 428)	N	dif	hori	left	True	1782634	1783994	left	1	6	11
12	chx	f	18	1	diamond	red	(565, 460)	high	no	no_dis	N	same	vert	up	True	1785111	1786026	up	1	6	12
12	chx	f	18	1	diamond	green	(565, 460)	high	dis	(724, 619)	N	same	hori	left	True	1787225	1787978	left	1	6	13
12	chx	f	18	1	diamond	red	(724, 619)	low	dis	(645, 428)	N	same	vert	up	True	1788987	1790218	up	1	6	14
12	chx	f	18	1	diamond	red	(565, 460)	high	dis	(757, 540)	N	dif	hori	left	True	1791286	1792034	left	1	6	15
12	chx	f	18	1	diamond	red	(565, 619)	low	no	no_dis	N	dif	hori	left	True	1793174	1794313	left	1	6	16
12	chx	f	18	1	circle	green	(565, 460)	high	dis	(565, 619)	N	dif	hori	left	True	1795393	1797218	left	1	6	17
12	chx	f	18	1	diamond	red	(565, 460)	high	no	no_dis	N	dif	vert	up	True	1798278	1799177	up	1	6	18
12	chx	f	18	1	circle	red	(565, 460)	high	no	no_dis	N	same	hori	left	True	1800250	1801042	left	1	6	19
12	chx	f	18	1	diamond	red	(565, 460)	high	dis	(724, 460)	N	same	vert	up	True	1802108	1802810	up	1	6	20
12	chx	f	18	1	circle	red	(565, 619)	low	dis	(565, 460)	Y	dif	vert	up	True	1803948	1805314	up	1	6	21
12	chx	f	18	1	circle	green	(565, 460)	high	dis	(533, 540)	N	dif	hori	left	True	1806441	1807474	left	1	6	22
12	chx	f	18	1	circle	red	(565, 460)	high	dis	(645, 652)	N	dif	vert	up	True	1808476	1809170	up	1	6	23
12	chx	f	18	1	circle	red	(645, 428)	low	no	no_dis	N	dif	vert	up	True	1810259	1811226	up	1	6	24
12	chx	f	18	1	diamond	red	(724, 460)	low	dis	(565, 619)	N	dif	hori	left	True	1812241	1812978	up	0	6	25
12	chx	f	18	1	circle	red	(724, 619)	low	no	no_dis	N	dif	vert	up	True	1815716	1817138	up	1	6	26
12	chx	f	18	1	diamond	green	(565, 460)	high	dis	(533, 540)	N	dif	vert	up	True	1818190	1819714	up	1	6	27
12	chx	f	18	1	circle	red	(724, 619)	low	dis	(724, 460)	N	dif	hori	left	True	1820917	1822377	left	1	6	28
12	chx	f	18	1	circle	red	(645, 428)	low	dis	(724, 460)	N	same	vert	up	True	1823537	1824802	up	1	6	29
12	chx	f	18	1	circle	green	(565, 460)	high	no	no_dis	N	dif	hori	left	True	1825982	1826873	left	1	6	30
12	chx	f	18	1	circle	red	(533, 540)	low	dis	(757, 540)	N	dif	vert	up	True	1828055	1829513	up	1	6	31
12	chx	f	18	1	diamond	red	(565, 619)	low	dis	(757, 540)	N	dif	vert	up	True	1830553	1831946	up	1	6	32
12	chx	f	18	1	circle	green	(565, 460)	high	dis	(645, 652)	N	same	vert	up	True	1833095	1834729	up	1	6	33
12	chx	f	18	1	diamond	red	(645, 652)	low	no	no_dis	N	same	vert	up	True	1835849	1837034	up	1	6	34
12	chx	f	18	1	diamond	green	(565, 460)	high	dis	(645, 652)	N	dif	hori	left	True	1838247	1839329	left	1	6	35
12	chx	f	18	1	circle	red	(565, 460)	high	dis	(724, 460)	N	dif	vert	up	True	1840366	1842258	up	1	6	36
12	chx	f	18	1	diamond	red	(565, 460)	high	dis	(565, 619)	N	dif	vert	up	True	1843452	1844635	up	1	6	37
12	chx	f	18	1	diamond	green	(565, 460)	high	dis	(724, 460)	N	dif	hori	left	True	1845841	1846977	left	1	6	38
12	chx	f	18	1	diamond	red	(565, 460)	high	dis	(724, 619)	N	dif	vert	up	True	1848133	1849570	up	1	6	39
12	chx	f	18	1	diamond	green	(533, 540)	low	dis	(565, 460)	Y	dif	hori	left	True	1850622	1852466	left	1	6	40
12	chx	f	18	1	circle	green	(565, 460)	high	dis	(533, 540)	N	same	vert	up	True	1853667	1855705	up	1	6	41
12	chx	f	18	1	circle	green	(565, 460)	high	dis	(565, 619)	N	dif	vert	up	True	1856906	1858602	up	1	6	42
12	chx	f	18	1	diamond	red	(565, 460)	high	no	no_dis	N	dif	hori	left	True	1859741	1861378	left	1	6	43
12	chx	f	18	1	circle	green	(645, 428)	low	no	no_dis	N	dif	vert	up	True	1862514	1864202	up	1	6	44
12	chx	f	18	1	diamond	green	(565, 460)	high	dis	(724, 619)	N	same	hori	left	True	1865346	1866361	left	1	6	45
12	chx	f	18	1	circle	red	(565, 460)	high	dis	(724, 460)	N	dif	vert	up	True	1867519	1868377	up	1	6	46
12	chx	f	18	1	diamond	green	(645, 652)	low	no	no_dis	N	dif	hori	left	True	1869480	1871210	left	1	6	47
12	chx	f	18	1	circle	red	(565, 460)	high	dis	(533, 540)	N	dif	vert	up	True	1872312	1873426	up	1	6	48
12	chx	f	18	1	diamond	green	(565, 460)	high	dis	(757, 540)	N	same	hori	left	True	1874454	1876330	left	1	6	49
12	chx	f	18	1	diamond	red	(565, 460)	high	no	no_dis	N	same	hori	left	True	1877488	1878514	left	1	6	50
12	chx	f	18	1	circle	green	(533, 540)	low	dis	(645, 428)	N	dif	vert	up	True	1879519	1881425	up	1	6	51
12	chx	f	18	1	diamond	green	(565, 460)	high	dis	(565, 619)	N	same	hori	left	True	1882590	1883970	left	1	6	52
12	chx	f	18	1	diamond	red	(565, 460)	high	dis	(645, 428)	N	same	hori	left	True	1885069	1886970	left	1	6	53
12	chx	f	18	1	circle	red	(565, 460)	high	no	no_dis	N	same	vert	up	True	1888071	1889194	up	1	6	54
12	chx	f	18	1	circle	red	(533, 540)	low	no	no_dis	N	dif	hori	left	True	1890268	1892058	left	1	6	55
12	chx	f	18	1	diamond	green	(724, 460)	low	dis	(565, 460)	Y	same	hori	left	True	1893244	1894866	left	1	6	56
12	chx	f	18	1	circle	red	(565, 460)	high	dis	(757, 540)	N	dif	hori	left	True	1895964	1896818	left	1	6	57
12	chx	f	18	1	circle	green	(724, 460)	low	no	no_dis	N	same	vert	up	True	1897947	1899025	up	1	6	58
12	chx	f	18	1	diamond	green	(757, 540)	low	no	no_dis	N	same	hori	left	True	1900040	1901233	left	1	6	59
12	chx	f	18	1	circle	green	(645, 652)	low	dis	(565, 460)	Y	same	vert	up	True	1902434	1904025	up	1	6	60
12	chx	f	18	1	circle	red	(565, 460)	high	no	no_dis	N	dif	hori	left	True	1905141	1905898	left	1	6	61
12	chx	f	18	1	diamond	red	(565, 460)	high	dis	(724, 619)	N	dif	vert	up	True	1906960	1908322	up	1	6	62
12	chx	f	18	1	diamond	green	(645, 652)	low	dis	(565, 460)	Y	dif	vert	up	True	1909436	1910810	up	1	6	63
12	chx	f	18	1	circle	red	(565, 460)	high	no	no_dis	N	same	vert	up	True	1912042	1912858	up	1	6	64
12	chx	f	18	1	diamond	green	(565, 460)	high	dis	(565, 619)	N	dif	vert	up	True	1914028	1914722	up	1	6	65
12	chx	f	18	1	circle	green	(565, 460)	high	dis	(645, 428)	N	dif	hori	left	True	1915735	1916634	left	1	6	66
12	chx	f	18	1	circle	green	(565, 460)	high	no	no_dis	N	dif	vert	up	True	1917710	1918329	up	1	6	67
12	chx	f	18	1	circle	red	(565, 460)	high	dis	(533, 540)	N	same	hori	left	True	1919345	1920018	left	1	6	68
12	chx	f	18	1	circle	red	(565, 460)	high	dis	(645, 652)	N	same	vert	up	True	1921239	1921794	up	1	6	69
12	chx	f	18	1	circle	red	(645, 652)	low	dis	(565, 460)	Y	dif	hori	left	True	1922932	1924258	left	1	6	70
12	chx	f	18	1	diamond	green	(565, 460)	high	no	no_dis	N	same	vert	up	True	1925493	1926217	up	1	6	71
12	chx	f	18	1	circle	green	(724, 619)	low	no	no_dis	N	same	hori	left	True	1927354	1928674	left	1	6	72
12	chx	f	18	1	circle	green	(565, 460)	high	dis	(565, 619)	N	same	vert	up	True	1929700	1930474	up	1	6	73
12	chx	f	18	1	diamond	red	(533, 540)	low	dis	(645, 652)	N	same	vert	up	True	1931532	1933514	up	1	6	74
12	chx	f	18	1	diamond	green	(565, 460)	high	no	no_dis	N	same	hori	left	True	1934676	1935426	left	1	6	75
12	chx	f	18	1	diamond	red	(565, 460)	high	dis	(645, 428)	N	same	hori	left	True	1936580	1939577	left	1	6	76
12	chx	f	18	1	circle	red	(565, 460)	high	dis	(724, 619)	N	same	hori	left	True	1940599	1941513	left	1	6	77
12	chx	f	18	1	diamond	green	(645, 652)	low	no	no_dis	N	same	hori	left	True	1942694	1944290	left	1	6	78
12	chx	f	18	1	diamond	green	(565, 460)	high	no	no_dis	N	dif	vert	up	True	1945339	1946858	up	1	6	79
12	chx	f	18	1	circle	green	(757, 540)	low	dis	(724, 619)	N	dif	vert	up	True	1947961	1950129	up	1	6	80
12	chx	f	18	1	diamond	red	(533, 540)	low	no	no_dis	N	same	vert	up	True	1951181	1952809	up	1	6	81
12	chx	f	18	1	diamond	red	(757, 540)	low	dis	(724, 619)	N	same	vert	up	True	1953826	1956146	up	1	6	82
12	chx	f	18	1	diamond	green	(565, 460)	high	dis	(724, 460)	N	dif	hori	left	True	1957214	1957994	left	1	6	83
12	chx	f	18	1	diamond	green	(724, 619)	low	dis	(565, 460)	Y	same	hori	left	True	1959144	1960425	left	1	6	84
12	chx	f	18	1	diamond	green	(565, 460)	high	dis	(724, 460)	N	dif	vert	up	True	1961575	1962642	up	1	6	85
12	chx	f	18	1	circle	green	(565, 460)	high	dis	(724, 619)	N	dif	hori	left	True	1963649	1965394	left	1	6	86
12	chx	f	18	1	diamond	red	(645, 428)	low	dis	(565, 460)	Y	same	hori	left	True	1966516	1968242	left	1	6	87
12	chx	f	18	1	diamond	green	(565, 619)	low	dis	(645, 652)	N	same	vert	up	True	1969341	1971162	up	1	6	88
12	chx	f	18	1	circle	red	(565, 460)	high	dis	(645, 652)	N	same	vert	up	True	1972349	1974306	up	1	6	89
12	chx	f	18	1	diamond	red	(565, 460)	high	dis	(757, 540)	N	same	vert	up	True	1975527	1976762	up	1	6	90
12	chx	f	18	1	circle	red	(757, 540)	low	dis	(645, 652)	N	same	hori	left	True	1977846	1979298	left	1	6	91
12	chx	f	18	1	circle	red	(565, 460)	high	no	no_dis	N	same	hori	left	True	1980308	1981114	left	1	6	92
12	chx	f	18	1	diamond	red	(565, 460)	high	no	no_dis	N	same	hori	left	True	1982181	1983090	left	1	6	93
12	chx	f	18	1	circle	green	(565, 460)	high	no	no_dis	N	same	hori	left	True	1984318	1985058	left	1	6	94
12	chx	f	18	1	diamond	green	(724, 460)	low	no	no_dis	N	dif	hori	left	True	1986142	1987489	left	1	6	95
12	chx	f	18	1	diamond	green	(645, 428)	low	dis	(533, 540)	N	dif	hori	left	True	1988507	1990154	left	1	6	96
12	chx	f	18	1	circle	red	(565, 460)	high	dis	(645, 428)	N	same	hori	left	True	1991402	1992394	left	1	6	97
12	chx	f	18	1	circle	red	(565, 460)	high	no	no_dis	N	same	vert	up	True	1993528	1994282	up	1	6	98
12	chx	f	18	1	diamond	red	(565, 460)	high	dis	(533, 540)	N	dif	vert	up	True	1995284	1996305	up	1	6	99
12	chx	f	18	1	circle	red	(724, 460)	low	dis	(533, 540)	N	dif	vert	up	True	1997532	1998290	up	1	6	100
12	chx	f	18	1	diamond	green	(757, 540)	low	dis	(565, 619)	N	same	vert	up	True	1999363	2000218	up	1	6	101
12	chx	f	18	1	diamond	green	(565, 460)	high	no	no_dis	N	dif	hori	left	True	2001388	2002017	left	1	6	102
12	chx	f	18	1	diamond	red	(565, 460)	high	dis	(724, 460)	N	same	vert	up	True	2003080	2003882	up	1	6	103
12	chx	f	18	1	circle	green	(565, 460)	high	dis	(565, 619)	N	same	vert	up	True	2005132	2006138	up	1	6	104
12	chx	f	18	1	circle	green	(565, 460)	high	no	no_dis	N	dif	hori	left	True	2007215	2007922	left	1	6	105
12	chx	f	18	1	circle	green	(724, 619)	low	dis	(724, 460)	N	same	hori	left	True	2009103	2010778	left	1	6	106
12	chx	f	18	1	diamond	red	(565, 460)	high	no	no_dis	N	dif	vert	up	True	2011980	2013041	up	1	6	107
12	chx	f	18	1	diamond	red	(565, 460)	high	dis	(757, 540)	N	same	hori	left	True	2014156	2015129	left	1	6	108
12	chx	f	18	1	diamond	red	(645, 428)	low	no	no_dis	N	same	vert	up	True	2016170	2017026	up	1	6	109
12	chx	f	18	1	circle	green	(724, 460)	low	dis	(757, 540)	N	dif	hori	left	True	2018267	2020178	left	1	6	110
12	chx	f	18	1	diamond	red	(565, 460)	high	dis	(645, 428)	N	dif	hori	left	True	2021186	2022697	left	1	6	111
12	chx	f	18	1	circle	red	(565, 460)	high	dis	(645, 428)	N	same	vert	up	True	2023855	2025690	up	1	6	112
12	chx	f	18	1	diamond	green	(565, 460)	high	dis	(645, 652)	N	same	vert	up	True	2026692	2027882	up	1	6	113
12	chx	f	18	1	circle	green	(565, 460)	high	no	no_dis	N	dif	vert	up	True	2029096	2031178	up	1	6	114
12	chx	f	18	1	circle	green	(565, 619)	low	dis	(724, 619)	N	dif	vert	up	True	2032426	2033794	up	1	6	115
12	chx	f	18	1	diamond	green	(533, 540)	low	dis	(565, 460)	Y	same	hori	left	True	2034881	2037010	left	1	6	116
12	chx	f	18	1	diamond	green	(565, 460)	high	no	no_dis	N	dif	vert	up	True	2038168	2038913	up	1	6	117
12	chx	f	18	1	circle	green	(565, 619)	low	no	no_dis	N	same	hori	left	True	2039948	2041193	left	1	6	118
12	chx	f	18	1	diamond	red	(645, 428)	low	dis	(565, 619)	N	same	vert	up	True	2042388	2043657	up	1	6	119
12	chx	f	18	1	circle	green	(757, 540)	low	dis	(645, 652)	N	same	hori	left	True	2044733	2046089	left	1	6	120
conf	12	chx	f	18	1	True	2083945	2134065	2	True	2134079	2147266	5
