subj	name	gender	age	prac	shape	color	tar_loc	popularity	dis_cond	dis_loc	dis_high	td_dif	line	respkey	gotkey	startTime	respTime	resp	correct	block	trialnum
13	mjn	f	25	1	diamond	red	(533, 540)	high	dis	(565, 619)	N	dif	vert	up	True	12246	13527	left	0	1	1
13	mjn	f	25	1	circle	green	(645, 428)	low	dis	(533, 540)	Y	dif	vert	up	True	16111	17583	up	1	1	2
13	mjn	f	25	1	diamond	red	(533, 540)	high	dis	(645, 428)	N	same	vert	up	True	18788	20711	up	1	1	3
13	mjn	f	25	1	circle	green	(533, 540)	high	dis	(565, 460)	N	dif	hori	left	True	21849	23775	left	1	1	4
13	mjn	f	25	1	diamond	green	(533, 540)	high	dis	(724, 460)	N	same	vert	up	True	24963	26679	up	1	1	5
13	mjn	f	25	1	circle	green	(533, 540)	high	no	no_dis	N	same	hori	left	True	27808	28879	left	1	1	6
13	mjn	f	25	1	diamond	green	(533, 540)	high	dis	(645, 428)	N	dif	hori	left	True	29894	32031	left	1	1	7
13	mjn	f	25	1	diamond	green	(645, 428)	low	dis	(724, 460)	N	dif	hori	left	True	33106	34655	left	1	1	8
13	mjn	f	25	1	diamond	green	(533, 540)	high	no	no_dis	N	same	vert	up	True	35866	37143	up	1	1	9
13	mjn	f	25	1	diamond	green	(757, 540)	low	no	no_dis	N	dif	vert	up	True	38280	39808	up	1	1	10
13	mjn	f	25	1	diamond	green	(533, 540)	high	dis	(565, 619)	N	same	vert	up	True	40991	42967	up	1	1	11
13	mjn	f	25	1	circle	red	(533, 540)	high	dis	(645, 652)	N	dif	vert	up	True	44081	45967	up	1	1	12
13	mjn	f	25	1	circle	red	(533, 540)	high	dis	(565, 460)	N	dif	vert	up	True	47134	49215	up	1	1	13
13	mjn	f	25	1	circle	red	(533, 540)	high	dis	(645, 428)	N	same	hori	left	True	50241	51743	left	1	1	14
13	mjn	f	25	1	circle	red	(724, 460)	low	dis	(565, 619)	N	dif	vert	up	True	52802	54359	up	1	1	15
13	mjn	f	25	1	circle	red	(533, 540)	high	dis	(565, 460)	N	same	vert	up	True	55408	57807	up	1	1	16
13	mjn	f	25	1	circle	green	(565, 460)	low	no	no_dis	N	dif	hori	left	True	58993	60415	left	1	1	17
13	mjn	f	25	1	circle	green	(533, 540)	high	dis	(565, 460)	N	dif	hori	left	True	61494	63215	left	1	1	18
13	mjn	f	25	1	circle	red	(533, 540)	high	dis	(645, 652)	N	dif	vert	up	True	64304	65927	up	1	1	19
13	mjn	f	25	1	circle	green	(533, 540)	high	dis	(565, 619)	N	same	hori	left	True	67027	68752	left	1	1	20
13	mjn	f	25	1	circle	red	(533, 540)	high	dis	(757, 540)	N	same	hori	left	True	69754	71327	left	1	1	21
13	mjn	f	25	1	diamond	green	(533, 540)	high	dis	(757, 540)	N	dif	vert	up	True	72423	73863	up	1	1	22
13	mjn	f	25	1	circle	green	(533, 540)	high	no	no_dis	N	same	hori	left	True	74959	76247	left	1	1	23
13	mjn	f	25	1	circle	red	(645, 652)	low	dis	(724, 460)	N	same	vert	up	True	77273	79271	up	1	1	24
13	mjn	f	25	1	diamond	red	(565, 460)	low	dis	(724, 460)	N	dif	vert	up	True	80404	82912	up	1	1	25
13	mjn	f	25	1	diamond	green	(724, 460)	low	dis	(645, 652)	N	same	vert	up	True	84152	86799	up	1	1	26
13	mjn	f	25	1	circle	red	(533, 540)	high	dis	(757, 540)	N	dif	vert	up	True	88027	89679	up	1	1	27
13	mjn	f	25	1	circle	green	(724, 460)	low	dis	(757, 540)	N	same	hori	left	True	90777	92167	left	1	1	28
13	mjn	f	25	1	diamond	green	(533, 540)	high	dis	(645, 428)	N	dif	vert	up	True	93375	95343	up	1	1	29
13	mjn	f	25	1	circle	red	(645, 428)	low	dis	(645, 652)	N	same	vert	up	True	96459	98007	up	1	1	30
13	mjn	f	25	1	circle	red	(533, 540)	high	no	no_dis	N	dif	vert	up	True	99231	100799	up	1	1	31
13	mjn	f	25	1	circle	green	(724, 619)	low	dis	(565, 460)	N	same	hori	left	True	101871	104279	left	1	1	32
13	mjn	f	25	1	circle	red	(533, 540)	high	dis	(724, 619)	N	dif	hori	left	True	105327	106927	left	1	1	33
13	mjn	f	25	1	circle	red	(645, 652)	low	no	no_dis	N	dif	vert	up	True	108030	109704	up	1	1	34
13	mjn	f	25	1	diamond	green	(565, 460)	low	dis	(724, 619)	N	dif	vert	up	True	110745	112703	up	1	1	35
13	mjn	f	25	1	diamond	red	(533, 540)	high	dis	(724, 619)	N	same	vert	up	True	113784	115575	up	1	1	36
13	mjn	f	25	1	circle	green	(533, 540)	high	dis	(724, 460)	N	dif	hori	left	True	116788	118479	left	1	1	37
13	mjn	f	25	1	diamond	red	(533, 540)	high	no	no_dis	N	same	vert	up	True	119618	121303	up	1	1	38
13	mjn	f	25	1	diamond	red	(533, 540)	high	dis	(724, 460)	N	dif	vert	up	True	122528	123967	up	1	1	39
13	mjn	f	25	1	diamond	green	(533, 540)	high	no	no_dis	N	dif	hori	left	True	125129	126719	left	1	1	40
13	mjn	f	25	1	diamond	green	(724, 619)	low	no	no_dis	N	dif	hori	left	True	127814	130135	left	1	1	41
13	mjn	f	25	1	diamond	green	(533, 540)	high	dis	(565, 619)	N	same	hori	left	True	131144	133511	left	1	1	42
13	mjn	f	25	1	diamond	green	(533, 540)	high	dis	(645, 428)	N	dif	hori	left	True	134709	136015	left	1	1	43
13	mjn	f	25	1	circle	green	(533, 540)	high	no	no_dis	N	dif	hori	left	True	137089	139063	left	1	1	44
13	mjn	f	25	1	diamond	red	(724, 460)	low	dis	(533, 540)	Y	dif	hori	left	True	140249	141791	left	1	1	45
13	mjn	f	25	1	circle	green	(565, 460)	low	dis	(533, 540)	Y	dif	vert	up	True	142848	144367	left	0	1	46
13	mjn	f	25	1	circle	green	(724, 460)	low	no	no_dis	N	same	hori	left	True	147134	148695	left	1	1	47
13	mjn	f	25	1	diamond	green	(533, 540)	high	dis	(645, 652)	N	same	vert	up	True	149825	151183	up	1	1	48
13	mjn	f	25	1	circle	green	(533, 540)	high	dis	(724, 460)	N	same	vert	up	True	152351	154095	up	1	1	49
13	mjn	f	25	1	diamond	green	(757, 540)	low	dis	(645, 428)	N	same	hori	left	True	155256	158063	left	1	1	50
13	mjn	f	25	1	diamond	red	(533, 540)	high	no	no_dis	N	same	vert	up	True	159235	160471	up	1	1	51
13	mjn	f	25	1	diamond	green	(533, 540)	high	dis	(724, 619)	N	dif	vert	up	True	161704	163063	up	1	1	52
13	mjn	f	25	1	diamond	red	(533, 540)	high	dis	(645, 652)	N	same	hori	left	True	164274	165615	left	1	1	53
13	mjn	f	25	1	circle	green	(533, 540)	high	dis	(565, 460)	N	dif	hori	left	True	166705	168391	left	1	1	54
13	mjn	f	25	1	diamond	red	(533, 540)	high	dis	(724, 619)	N	same	hori	left	True	169627	171079	left	1	1	55
13	mjn	f	25	1	circle	red	(565, 619)	low	no	no_dis	N	same	vert	up	True	172254	173423	up	1	1	56
13	mjn	f	25	1	circle	green	(757, 540)	low	dis	(533, 540)	Y	dif	hori	left	True	174542	175959	up	0	1	57
13	mjn	f	25	1	circle	green	(645, 652)	low	no	no_dis	N	same	hori	left	True	178624	180087	left	1	1	58
13	mjn	f	25	1	circle	red	(533, 540)	high	no	no_dis	N	same	hori	left	True	181096	182463	left	1	1	59
13	mjn	f	25	1	circle	red	(533, 540)	high	dis	(645, 652)	N	same	vert	up	True	183574	185047	up	1	1	60
13	mjn	f	25	1	diamond	red	(724, 619)	low	dis	(533, 540)	Y	dif	hori	left	True	186181	188847	left	1	1	61
13	mjn	f	25	1	diamond	green	(533, 540)	high	dis	(645, 428)	N	dif	hori	left	True	189856	191391	left	1	1	62
13	mjn	f	25	1	diamond	red	(757, 540)	low	dis	(645, 428)	N	dif	hori	left	True	192465	194055	left	1	1	63
13	mjn	f	25	1	diamond	red	(724, 460)	low	no	no_dis	N	same	hori	left	True	195130	196671	left	1	1	64
13	mjn	f	25	1	diamond	red	(533, 540)	high	dis	(645, 652)	N	dif	vert	up	True	197810	199279	up	1	1	65
13	mjn	f	25	1	diamond	green	(645, 428)	low	no	no_dis	N	same	vert	up	True	200369	201488	up	1	1	66
13	mjn	f	25	1	diamond	red	(565, 460)	low	no	no_dis	N	same	hori	left	True	202513	204039	left	1	1	67
13	mjn	f	25	1	circle	green	(645, 652)	low	no	no_dis	N	same	vert	up	True	205282	206623	up	1	1	68
13	mjn	f	25	1	circle	green	(533, 540)	high	dis	(757, 540)	N	dif	hori	left	True	207741	209511	left	1	1	69
13	mjn	f	25	1	diamond	green	(565, 619)	low	dis	(757, 540)	N	same	hori	left	True	210517	211799	left	1	1	70
13	mjn	f	25	1	diamond	red	(533, 540)	high	dis	(724, 460)	N	same	hori	left	True	212962	214063	left	1	1	71
13	mjn	f	25	1	diamond	red	(724, 619)	low	no	no_dis	N	dif	vert	up	True	215245	216463	up	1	1	72
13	mjn	f	25	1	circle	red	(533, 540)	high	dis	(757, 540)	N	same	vert	up	True	217500	218655	up	1	1	73
13	mjn	f	25	1	circle	green	(533, 540)	high	dis	(565, 619)	N	same	vert	up	True	219897	222000	up	1	1	74
13	mjn	f	25	1	circle	red	(565, 460)	low	dis	(533, 540)	Y	same	vert	up	True	223242	225080	up	1	1	75
13	mjn	f	25	1	circle	green	(533, 540)	high	no	no_dis	N	same	vert	up	True	226271	228071	up	1	1	76
13	mjn	f	25	1	diamond	red	(533, 540)	high	no	no_dis	N	dif	hori	left	True	229105	230567	left	1	1	77
13	mjn	f	25	1	circle	green	(533, 540)	high	dis	(645, 428)	N	same	hori	left	True	231626	234104	left	1	1	78
13	mjn	f	25	1	circle	green	(533, 540)	high	no	no_dis	N	dif	hori	left	True	235202	236447	left	1	1	79
13	mjn	f	25	1	diamond	red	(533, 540)	high	no	no_dis	N	same	hori	left	True	237519	238959	left	1	1	80
13	mjn	f	25	1	circle	red	(533, 540)	high	no	no_dis	N	same	vert	up	True	240135	241824	up	1	1	81
13	mjn	f	25	1	diamond	green	(533, 540)	high	no	no_dis	N	same	vert	up	True	242879	243942	up	1	1	82
13	mjn	f	25	1	circle	red	(533, 540)	high	dis	(565, 619)	N	same	hori	left	True	245038	247079	left	1	1	83
13	mjn	f	25	1	diamond	red	(533, 540)	high	dis	(565, 460)	N	same	hori	left	True	248237	249415	left	1	1	84
13	mjn	f	25	1	circle	red	(533, 540)	high	no	no_dis	N	dif	vert	up	True	250586	252928	up	1	1	85
13	mjn	f	25	1	diamond	red	(565, 619)	low	dis	(645, 428)	N	same	vert	up	True	254006	255671	up	1	1	86
13	mjn	f	25	1	circle	red	(565, 619)	low	no	no_dis	N	dif	vert	up	True	256915	259007	up	1	1	87
13	mjn	f	25	1	circle	red	(533, 540)	high	no	no_dis	N	same	hori	left	True	260051	262127	left	1	1	88
13	mjn	f	25	1	diamond	green	(757, 540)	low	no	no_dis	N	dif	hori	left	True	263184	264743	left	1	1	89
13	mjn	f	25	1	diamond	green	(533, 540)	high	dis	(724, 619)	N	dif	vert	up	True	265878	268287	up	1	1	90
13	mjn	f	25	1	circle	green	(565, 619)	low	dis	(533, 540)	Y	same	vert	up	True	269457	271727	up	1	1	91
13	mjn	f	25	1	diamond	red	(645, 428)	low	dis	(645, 652)	N	same	hori	left	True	272737	274807	left	1	1	92
13	mjn	f	25	1	diamond	green	(533, 540)	high	no	no_dis	N	dif	hori	left	True	275852	277303	left	1	1	93
13	mjn	f	25	1	circle	green	(533, 540)	high	dis	(565, 460)	N	same	hori	left	True	278357	280303	left	1	1	94
13	mjn	f	25	1	diamond	red	(533, 540)	high	dis	(724, 619)	N	dif	vert	up	True	281542	283655	up	1	1	95
13	mjn	f	25	1	circle	green	(533, 540)	high	dis	(757, 540)	N	dif	hori	left	True	284725	286759	left	1	1	96
13	mjn	f	25	1	diamond	red	(533, 540)	high	no	no_dis	N	dif	vert	up	True	287920	289503	up	1	1	97
13	mjn	f	25	1	circle	red	(565, 619)	low	dis	(757, 540)	N	dif	vert	up	True	290578	291919	up	1	1	98
13	mjn	f	25	1	diamond	red	(533, 540)	high	dis	(757, 540)	N	dif	hori	left	True	293090	294887	left	1	1	99
13	mjn	f	25	1	circle	red	(757, 540)	low	dis	(533, 540)	Y	same	vert	up	True	296021	298191	up	1	1	100
13	mjn	f	25	1	diamond	green	(724, 460)	low	dis	(565, 619)	N	dif	vert	up	True	299196	300951	up	1	1	101
13	mjn	f	25	1	circle	red	(533, 540)	high	dis	(724, 619)	N	same	vert	up	True	302019	303623	up	1	1	102
13	mjn	f	25	1	circle	red	(724, 619)	low	dis	(565, 460)	N	dif	vert	up	True	304798	306279	up	1	1	103
13	mjn	f	25	1	diamond	green	(533, 540)	high	dis	(724, 460)	N	dif	hori	left	True	307427	309359	left	1	1	104
13	mjn	f	25	1	diamond	red	(757, 540)	low	dis	(565, 619)	N	same	hori	left	True	310382	312175	left	1	1	105
13	mjn	f	25	1	circle	red	(565, 619)	low	dis	(533, 540)	Y	same	hori	left	True	313251	314559	left	1	1	106
13	mjn	f	25	1	diamond	green	(724, 619)	low	dis	(565, 460)	N	dif	hori	left	True	315780	317872	left	1	1	107
13	mjn	f	25	1	circle	red	(645, 428)	low	no	no_dis	N	same	vert	up	True	319100	320807	up	1	1	108
13	mjn	f	25	1	diamond	red	(645, 652)	low	dis	(724, 619)	N	same	hori	left	True	321871	324023	left	1	1	109
13	mjn	f	25	1	circle	green	(533, 540)	high	dis	(724, 460)	N	same	vert	up	True	325103	326639	up	1	1	110
13	mjn	f	25	1	diamond	green	(533, 540)	high	no	no_dis	N	dif	hori	left	True	327858	328856	left	1	1	111
13	mjn	f	25	1	diamond	red	(533, 540)	high	dis	(645, 652)	N	same	hori	left	True	330077	331087	left	1	1	112
13	mjn	f	25	1	circle	green	(645, 652)	low	dis	(565, 619)	N	dif	hori	left	True	332158	334383	left	1	1	113
13	mjn	f	25	1	diamond	green	(533, 540)	high	no	no_dis	N	dif	vert	up	True	335484	336967	up	1	1	114
13	mjn	f	25	1	circle	green	(565, 460)	low	dis	(724, 619)	N	dif	hori	left	True	338082	340151	left	1	1	115
13	mjn	f	25	1	circle	red	(533, 540)	high	no	no_dis	N	same	hori	left	True	341222	342495	left	1	1	116
13	mjn	f	25	1	diamond	red	(645, 428)	low	no	no_dis	N	dif	hori	left	True	343593	345543	left	1	1	117
13	mjn	f	25	1	circle	green	(533, 540)	high	no	no_dis	N	dif	vert	up	True	346681	348607	up	1	1	118
13	mjn	f	25	1	diamond	green	(645, 652)	low	dis	(533, 540)	Y	same	vert	up	True	349825	352535	up	1	1	119
13	mjn	f	25	1	diamond	red	(533, 540)	high	no	no_dis	N	dif	vert	up	True	353586	354959	up	1	1	120
13	mjn	f	25	1	circle	green	(533, 540)	high	no	no_dis	N	same	hori	left	True	392391	393639	left	1	2	1
13	mjn	f	25	1	diamond	green	(533, 540)	high	no	no_dis	N	dif	vert	up	True	394669	395679	up	1	2	2
13	mjn	f	25	1	circle	green	(533, 540)	high	dis	(565, 460)	N	same	vert	up	True	396811	399391	up	1	2	3
13	mjn	f	25	1	diamond	green	(645, 652)	low	dis	(533, 540)	Y	same	hori	left	True	400497	402247	left	1	2	4
13	mjn	f	25	1	circle	red	(533, 540)	high	dis	(724, 619)	N	same	hori	left	True	403311	404327	left	1	2	5
13	mjn	f	25	1	circle	red	(565, 619)	low	no	no_dis	N	dif	hori	left	True	405391	406631	left	1	2	6
13	mjn	f	25	1	circle	green	(533, 540)	high	dis	(645, 428)	N	dif	vert	up	True	407693	409423	up	1	2	7
13	mjn	f	25	1	circle	green	(533, 540)	high	dis	(757, 540)	N	dif	hori	left	True	410495	412079	left	1	2	8
13	mjn	f	25	1	diamond	red	(533, 540)	high	dis	(565, 460)	N	dif	hori	left	True	413249	414991	left	1	2	9
13	mjn	f	25	1	circle	green	(533, 540)	high	dis	(724, 460)	N	dif	vert	up	True	416126	417391	up	1	2	10
13	mjn	f	25	1	circle	red	(533, 540)	high	dis	(724, 460)	N	same	vert	up	True	418421	420943	up	1	2	11
13	mjn	f	25	1	circle	green	(533, 540)	high	no	no_dis	N	same	vert	up	True	422191	423663	up	1	2	12
13	mjn	f	25	1	diamond	green	(757, 540)	low	dis	(565, 460)	N	same	hori	left	True	424767	426295	left	1	2	13
13	mjn	f	25	1	circle	green	(565, 619)	low	no	no_dis	N	same	vert	up	True	427390	428799	up	1	2	14
13	mjn	f	25	1	circle	green	(724, 619)	low	dis	(645, 652)	N	same	vert	up	True	429914	431527	up	1	2	15
13	mjn	f	25	1	diamond	green	(533, 540)	high	dis	(645, 428)	N	same	hori	left	True	432595	434599	left	1	2	16
13	mjn	f	25	1	diamond	green	(533, 540)	high	dis	(565, 619)	N	dif	vert	up	True	435798	437295	up	1	2	17
13	mjn	f	25	1	circle	red	(533, 540)	high	dis	(724, 460)	N	same	hori	left	True	438458	439959	left	1	2	18
13	mjn	f	25	1	diamond	green	(645, 428)	low	dis	(565, 619)	N	dif	vert	up	True	441073	442631	up	1	2	19
13	mjn	f	25	1	diamond	red	(533, 540)	high	dis	(757, 540)	N	dif	hori	left	True	443729	445135	left	1	2	20
13	mjn	f	25	1	circle	red	(533, 540)	high	dis	(724, 460)	N	dif	hori	left	True	446312	447735	left	1	2	21
13	mjn	f	25	1	diamond	green	(533, 540)	high	dis	(757, 540)	N	dif	hori	left	True	448889	450735	left	1	2	22
13	mjn	f	25	1	circle	green	(533, 540)	high	dis	(724, 619)	N	dif	hori	left	True	451862	454111	left	1	2	23
13	mjn	f	25	1	diamond	green	(565, 460)	low	dis	(533, 540)	Y	dif	vert	up	True	455229	457839	up	1	2	24
13	mjn	f	25	1	circle	red	(565, 460)	low	dis	(533, 540)	Y	dif	hori	left	True	459066	461223	up	0	2	25
13	mjn	f	25	1	diamond	green	(533, 540)	high	no	no_dis	N	dif	vert	up	True	463806	465479	up	1	2	26
13	mjn	f	25	1	diamond	green	(533, 540)	high	dis	(757, 540)	N	dif	vert	up	True	466715	467879	up	1	2	27
13	mjn	f	25	1	diamond	red	(533, 540)	high	no	no_dis	N	dif	vert	up	True	468967	470607	up	1	2	28
13	mjn	f	25	1	circle	red	(533, 540)	high	no	no_dis	N	dif	vert	up	True	471758	473375	up	1	2	29
13	mjn	f	25	1	diamond	red	(533, 540)	high	dis	(724, 619)	N	same	vert	up	True	474560	476599	up	1	2	30
13	mjn	f	25	1	circle	red	(533, 540)	high	no	no_dis	N	dif	hori	left	True	477818	479591	left	1	2	31
13	mjn	f	25	1	diamond	green	(724, 619)	low	no	no_dis	N	same	hori	left	True	480833	482319	left	1	2	32
13	mjn	f	25	1	diamond	green	(533, 540)	high	dis	(724, 460)	N	same	hori	left	True	483511	484943	left	1	2	33
13	mjn	f	25	1	diamond	green	(533, 540)	high	no	no_dis	N	dif	vert	up	True	486045	487279	up	1	2	34
13	mjn	f	25	1	circle	red	(533, 540)	high	dis	(757, 540)	N	same	hori	left	True	488302	489647	left	1	2	35
13	mjn	f	25	1	circle	red	(533, 540)	high	dis	(724, 619)	N	dif	hori	left	True	490782	492335	left	1	2	36
13	mjn	f	25	1	circle	red	(565, 619)	low	no	no_dis	N	dif	hori	left	True	493350	494799	left	1	2	37
13	mjn	f	25	1	diamond	green	(533, 540)	high	dis	(565, 619)	N	same	vert	up	True	496049	497647	up	1	2	38
13	mjn	f	25	1	circle	green	(645, 428)	low	dis	(565, 460)	N	dif	vert	up	True	498880	501439	up	1	2	39
13	mjn	f	25	1	circle	green	(533, 540)	high	dis	(645, 652)	N	dif	vert	up	True	502537	503911	up	1	2	40
13	mjn	f	25	1	circle	green	(533, 540)	high	dis	(724, 619)	N	same	hori	left	True	505138	506543	left	1	2	41
13	mjn	f	25	1	circle	green	(533, 540)	high	dis	(565, 460)	N	dif	vert	up	True	507694	509263	up	1	2	42
13	mjn	f	25	1	circle	green	(724, 619)	low	no	no_dis	N	same	vert	up	True	510465	512623	left	0	2	43
13	mjn	f	25	1	diamond	red	(533, 540)	high	no	no_dis	N	dif	hori	left	True	515331	516583	left	1	2	44
13	mjn	f	25	1	diamond	red	(533, 540)	high	dis	(645, 428)	N	dif	hori	left	True	517791	519087	left	1	2	45
13	mjn	f	25	1	diamond	red	(533, 540)	high	no	no_dis	N	dif	vert	up	True	520285	521815	up	1	2	46
13	mjn	f	25	1	diamond	red	(724, 619)	low	no	no_dis	N	dif	vert	up	True	522999	524247	up	1	2	47
13	mjn	f	25	1	circle	red	(533, 540)	high	no	no_dis	N	same	vert	up	True	525440	526527	up	1	2	48
13	mjn	f	25	1	circle	red	(724, 619)	low	dis	(757, 540)	N	dif	vert	up	True	527598	529319	up	1	2	49
13	mjn	f	25	1	diamond	green	(724, 460)	low	no	no_dis	N	dif	hori	left	True	530336	531927	left	1	2	50
13	mjn	f	25	1	diamond	red	(645, 428)	low	dis	(533, 540)	Y	dif	hori	left	True	533139	535247	left	1	2	51
13	mjn	f	25	1	diamond	green	(645, 652)	low	dis	(565, 619)	N	same	hori	left	True	536491	538967	left	1	2	52
13	mjn	f	25	1	circle	red	(533, 540)	high	no	no_dis	N	same	hori	left	True	540168	542023	left	1	2	53
13	mjn	f	25	1	circle	red	(533, 540)	high	dis	(724, 460)	N	same	hori	left	True	543128	544591	left	1	2	54
13	mjn	f	25	1	diamond	red	(533, 540)	high	dis	(565, 460)	N	dif	hori	left	True	545655	547279	left	1	2	55
13	mjn	f	25	1	circle	green	(533, 540)	high	dis	(757, 540)	N	dif	vert	up	True	548447	551047	up	1	2	56
13	mjn	f	25	1	circle	green	(645, 652)	low	no	no_dis	N	same	vert	up	True	552184	553679	up	1	2	57
13	mjn	f	25	1	circle	green	(565, 460)	low	dis	(724, 460)	N	same	vert	up	True	554869	556263	up	1	2	58
13	mjn	f	25	1	circle	red	(724, 460)	low	dis	(757, 540)	N	same	vert	up	True	557480	558823	up	1	2	59
13	mjn	f	25	1	circle	red	(533, 540)	high	dis	(645, 428)	N	same	hori	left	True	560034	561311	left	1	2	60
13	mjn	f	25	1	circle	green	(724, 460)	low	dis	(645, 652)	N	same	vert	up	True	562396	564007	up	1	2	61
13	mjn	f	25	1	circle	green	(757, 540)	low	dis	(533, 540)	Y	same	hori	left	True	565103	566447	left	1	2	62
13	mjn	f	25	1	diamond	green	(533, 540)	high	dis	(565, 460)	N	same	hori	left	True	567627	569223	left	1	2	63
13	mjn	f	25	1	diamond	green	(533, 540)	high	dis	(645, 428)	N	dif	vert	up	True	570418	571751	up	1	2	64
13	mjn	f	25	1	diamond	red	(533, 540)	high	no	no_dis	N	dif	hori	left	True	572905	574047	left	1	2	65
13	mjn	f	25	1	circle	red	(565, 619)	low	dis	(724, 460)	N	dif	vert	up	True	575268	576575	up	1	2	66
13	mjn	f	25	1	circle	red	(533, 540)	high	dis	(645, 652)	N	same	vert	up	True	577818	579111	up	1	2	67
13	mjn	f	25	1	circle	green	(533, 540)	high	dis	(565, 619)	N	same	vert	up	True	580268	581551	up	1	2	68
13	mjn	f	25	1	diamond	red	(533, 540)	high	dis	(565, 460)	N	dif	vert	up	True	582660	584991	up	1	2	69
13	mjn	f	25	1	circle	red	(533, 540)	high	no	no_dis	N	same	hori	left	True	586073	587847	left	1	2	70
13	mjn	f	25	1	circle	red	(645, 428)	low	no	no_dis	N	same	hori	left	True	588951	590407	left	1	2	71
13	mjn	f	25	1	diamond	green	(533, 540)	high	dis	(565, 619)	N	dif	vert	up	True	591632	593095	up	1	2	72
13	mjn	f	25	1	diamond	green	(565, 460)	low	no	no_dis	N	dif	vert	up	True	594252	595527	up	1	2	73
13	mjn	f	25	1	diamond	red	(533, 540)	high	dis	(565, 619)	N	same	vert	up	True	596617	598231	up	1	2	74
13	mjn	f	25	1	circle	green	(533, 540)	high	no	no_dis	N	dif	hori	left	True	599269	601287	left	1	2	75
13	mjn	f	25	1	circle	green	(533, 540)	high	dis	(645, 652)	N	same	vert	up	True	602364	604167	up	1	2	76
13	mjn	f	25	1	diamond	red	(533, 540)	high	dis	(645, 428)	N	same	hori	left	True	605284	606735	left	1	2	77
13	mjn	f	25	1	diamond	green	(533, 540)	high	no	no_dis	N	dif	hori	left	True	607747	609007	left	1	2	78
13	mjn	f	25	1	diamond	red	(757, 540)	low	dis	(645, 652)	N	dif	hori	left	True	610061	611311	left	1	2	79
13	mjn	f	25	1	diamond	red	(533, 540)	high	dis	(565, 619)	N	same	vert	up	True	612339	613503	up	1	2	80
13	mjn	f	25	1	diamond	red	(533, 540)	high	no	no_dis	N	same	hori	left	True	614740	615767	left	1	2	81
13	mjn	f	25	1	diamond	red	(565, 619)	low	dis	(724, 619)	N	same	hori	left	True	616809	617879	left	1	2	82
13	mjn	f	25	1	circle	green	(533, 540)	high	no	no_dis	N	dif	hori	left	True	618917	620623	left	1	2	83
13	mjn	f	25	1	circle	red	(533, 540)	high	dis	(645, 652)	N	dif	hori	left	True	621666	622647	left	1	2	84
13	mjn	f	25	1	circle	red	(533, 540)	high	dis	(757, 540)	N	dif	hori	left	True	623876	624783	left	1	2	85
13	mjn	f	25	1	circle	red	(565, 460)	low	no	no_dis	N	dif	vert	up	True	625900	627023	left	0	2	86
13	mjn	f	25	1	circle	red	(533, 540)	high	dis	(724, 460)	N	same	vert	up	True	629579	631439	up	1	2	87
13	mjn	f	25	1	diamond	red	(757, 540)	low	no	no_dis	N	dif	hori	left	True	632583	634279	left	1	2	88
13	mjn	f	25	1	diamond	green	(533, 540)	high	dis	(645, 652)	N	same	vert	up	True	635378	636695	up	1	2	89
13	mjn	f	25	1	diamond	red	(757, 540)	low	no	no_dis	N	same	vert	up	True	637759	638927	up	1	2	90
13	mjn	f	25	1	diamond	red	(565, 460)	low	dis	(533, 540)	Y	same	hori	left	True	640079	641503	left	1	2	91
13	mjn	f	25	1	diamond	red	(533, 540)	high	no	no_dis	N	same	hori	left	True	642660	644087	left	1	2	92
13	mjn	f	25	1	diamond	red	(533, 540)	high	dis	(645, 428)	N	dif	vert	up	True	645325	646919	up	1	2	93
13	mjn	f	25	1	diamond	green	(645, 428)	low	no	no_dis	N	dif	vert	up	True	647984	649791	up	1	2	94
13	mjn	f	25	1	circle	green	(724, 460)	low	no	no_dis	N	same	hori	left	True	650918	652303	left	1	2	95
13	mjn	f	25	1	diamond	green	(565, 619)	low	dis	(645, 652)	N	dif	vert	up	True	653421	655031	up	1	2	96
13	mjn	f	25	1	circle	red	(645, 652)	low	dis	(533, 540)	Y	dif	hori	left	True	656095	657607	left	1	2	97
13	mjn	f	25	1	circle	red	(533, 540)	high	no	no_dis	N	same	vert	up	True	658838	660039	up	1	2	98
13	mjn	f	25	1	diamond	red	(724, 619)	low	dis	(645, 428)	N	dif	hori	left	True	661160	662767	left	1	2	99
13	mjn	f	25	1	circle	green	(533, 540)	high	dis	(724, 619)	N	same	hori	left	True	663958	665135	left	1	2	100
13	mjn	f	25	1	circle	green	(565, 619)	low	dis	(757, 540)	N	same	hori	left	True	666235	667503	left	1	2	101
13	mjn	f	25	1	diamond	green	(533, 540)	high	dis	(724, 619)	N	same	vert	up	True	668604	670055	up	1	2	102
13	mjn	f	25	1	diamond	red	(533, 540)	high	dis	(565, 460)	N	same	hori	left	True	671180	673087	left	1	2	103
13	mjn	f	25	1	diamond	green	(533, 540)	high	dis	(565, 619)	N	dif	hori	left	True	674317	675407	left	1	2	104
13	mjn	f	25	1	circle	green	(533, 540)	high	no	no_dis	N	same	hori	left	True	676457	677559	left	1	2	105
13	mjn	f	25	1	diamond	red	(645, 652)	low	no	no_dis	N	same	hori	left	True	678752	679847	left	1	2	106
13	mjn	f	25	1	circle	green	(565, 460)	low	dis	(533, 540)	Y	dif	hori	left	True	681095	682527	left	1	2	107
13	mjn	f	25	1	diamond	green	(533, 540)	high	no	no_dis	N	same	vert	up	True	683637	685375	up	1	2	108
13	mjn	f	25	1	circle	red	(645, 428)	low	dis	(565, 460)	N	same	vert	up	True	686458	688479	up	1	2	109
13	mjn	f	25	1	diamond	red	(533, 540)	high	dis	(645, 652)	N	dif	vert	up	True	689527	690799	up	1	2	110
13	mjn	f	25	1	circle	red	(724, 619)	low	dis	(724, 460)	N	dif	vert	up	True	691916	694183	up	1	2	111
13	mjn	f	25	1	diamond	green	(533, 540)	high	no	no_dis	N	same	vert	up	True	695238	696823	up	1	2	112
13	mjn	f	25	1	circle	green	(645, 652)	low	dis	(724, 619)	N	dif	hori	left	True	698021	699351	left	1	2	113
13	mjn	f	25	1	diamond	red	(645, 652)	low	dis	(533, 540)	Y	same	vert	up	True	700469	702095	up	1	2	114
13	mjn	f	25	1	circle	red	(757, 540)	low	dis	(533, 540)	Y	same	hori	left	True	703240	704431	left	1	2	115
13	mjn	f	25	1	diamond	red	(724, 460)	low	dis	(724, 619)	N	same	vert	up	True	705545	707935	up	1	2	116
13	mjn	f	25	1	diamond	green	(724, 460)	low	dis	(645, 428)	N	dif	vert	up	True	709090	711399	up	1	2	117
13	mjn	f	25	1	diamond	red	(565, 619)	low	dis	(645, 428)	N	dif	hori	left	True	712625	714071	left	1	2	118
13	mjn	f	25	1	diamond	green	(724, 619)	low	dis	(565, 619)	N	same	vert	up	True	715322	717031	up	1	2	119
13	mjn	f	25	1	circle	green	(533, 540)	high	no	no_dis	N	same	vert	up	True	718072	719735	up	1	2	120
13	mjn	f	25	1	diamond	red	(724, 460)	low	dis	(645, 652)	N	dif	hori	left	True	755311	757743	left	1	3	1
13	mjn	f	25	1	circle	red	(533, 540)	high	dis	(565, 619)	N	dif	vert	up	True	758926	760167	up	1	3	2
13	mjn	f	25	1	circle	red	(533, 540)	high	no	no_dis	N	same	hori	left	True	761261	762255	left	1	3	3
13	mjn	f	25	1	diamond	green	(533, 540)	high	dis	(757, 540)	N	dif	hori	left	True	763280	764679	left	1	3	4
13	mjn	f	25	1	diamond	green	(757, 540)	low	dis	(724, 619)	N	dif	vert	up	True	765906	767311	up	1	3	5
13	mjn	f	25	1	diamond	green	(757, 540)	low	no	no_dis	N	dif	vert	up	True	768332	770103	up	1	3	6
13	mjn	f	25	1	circle	red	(533, 540)	high	dis	(724, 619)	N	dif	hori	left	True	771306	772543	left	1	3	7
13	mjn	f	25	1	circle	green	(645, 652)	low	dis	(724, 460)	N	same	vert	up	True	773751	775103	up	1	3	8
13	mjn	f	25	1	diamond	red	(533, 540)	high	dis	(565, 619)	N	same	vert	up	True	776190	778471	up	1	3	9
13	mjn	f	25	1	diamond	red	(533, 540)	high	no	no_dis	N	dif	vert	up	True	779477	780471	up	1	3	10
13	mjn	f	25	1	circle	red	(533, 540)	high	dis	(724, 460)	N	dif	hori	left	True	781558	782679	left	1	3	11
13	mjn	f	25	1	diamond	green	(533, 540)	high	dis	(724, 619)	N	dif	vert	up	True	783872	785126	up	1	3	12
13	mjn	f	25	1	circle	green	(533, 540)	high	dis	(565, 460)	N	same	vert	up	True	786184	787535	up	1	3	13
13	mjn	f	25	1	circle	green	(724, 619)	low	dis	(565, 460)	N	same	hori	left	True	788684	789903	left	1	3	14
13	mjn	f	25	1	circle	red	(533, 540)	high	no	no_dis	N	dif	hori	left	True	790967	792071	left	1	3	15
13	mjn	f	25	1	diamond	green	(533, 540)	high	dis	(645, 428)	N	same	hori	left	True	793320	794511	left	1	3	16
13	mjn	f	25	1	diamond	red	(533, 540)	high	dis	(724, 619)	N	dif	vert	up	True	795556	796599	up	1	3	17
13	mjn	f	25	1	diamond	red	(645, 652)	low	no	no_dis	N	dif	hori	left	True	797771	799447	left	1	3	18
13	mjn	f	25	1	diamond	red	(565, 619)	low	dis	(645, 652)	N	dif	hori	left	True	800634	802439	left	1	3	19
13	mjn	f	25	1	diamond	green	(565, 619)	low	dis	(724, 460)	N	same	hori	left	True	803533	804591	left	1	3	20
13	mjn	f	25	1	diamond	red	(533, 540)	high	dis	(645, 428)	N	same	vert	up	True	805702	807271	up	1	3	21
13	mjn	f	25	1	diamond	red	(533, 540)	high	dis	(724, 460)	N	dif	hori	left	True	808335	809439	left	1	3	22
13	mjn	f	25	1	circle	red	(533, 540)	high	dis	(565, 460)	N	same	vert	up	True	810685	812159	up	1	3	23
13	mjn	f	25	1	diamond	red	(565, 460)	low	dis	(533, 540)	Y	dif	vert	up	True	813218	814743	up	1	3	24
13	mjn	f	25	1	diamond	red	(533, 540)	high	dis	(565, 619)	N	dif	vert	up	True	815788	816831	up	1	3	25
13	mjn	f	25	1	diamond	red	(533, 540)	high	dis	(645, 652)	N	dif	hori	left	True	818063	819455	left	1	3	26
13	mjn	f	25	1	circle	green	(533, 540)	high	dis	(565, 619)	N	dif	hori	left	True	820460	821671	left	1	3	27
13	mjn	f	25	1	diamond	green	(533, 540)	high	no	no_dis	N	same	hori	left	True	822825	823951	left	1	3	28
13	mjn	f	25	1	diamond	red	(533, 540)	high	dis	(645, 428)	N	same	vert	up	True	825020	826575	up	1	3	29
13	mjn	f	25	1	diamond	green	(533, 540)	high	no	no_dis	N	same	vert	up	True	827702	829167	up	1	3	30
13	mjn	f	25	1	circle	red	(533, 540)	high	dis	(565, 619)	N	dif	hori	left	True	830353	831335	left	1	3	31
13	mjn	f	25	1	diamond	green	(645, 428)	low	no	no_dis	N	dif	vert	up	True	832458	833838	up	1	3	32
13	mjn	f	25	1	diamond	red	(645, 428)	low	dis	(565, 460)	N	dif	vert	up	True	834865	836135	up	1	3	33
13	mjn	f	25	1	diamond	green	(724, 460)	low	dis	(533, 540)	Y	same	hori	left	True	837318	838895	left	1	3	34
13	mjn	f	25	1	circle	green	(533, 540)	high	dis	(645, 428)	N	same	hori	left	True	839923	841303	left	1	3	35
13	mjn	f	25	1	diamond	red	(565, 460)	low	no	no_dis	N	same	hori	left	True	842499	843687	left	1	3	36
13	mjn	f	25	1	diamond	green	(533, 540)	high	dis	(645, 428)	N	dif	vert	up	True	844741	846039	up	1	3	37
13	mjn	f	25	1	circle	red	(533, 540)	high	dis	(724, 460)	N	same	vert	up	True	847163	848471	up	1	3	38
13	mjn	f	25	1	diamond	red	(533, 540)	high	dis	(724, 460)	N	same	vert	up	True	849498	851103	up	1	3	39
13	mjn	f	25	1	circle	red	(533, 540)	high	no	no_dis	N	dif	hori	left	True	852171	853175	left	1	3	40
13	mjn	f	25	1	circle	red	(533, 540)	high	dis	(645, 428)	N	same	vert	up	True	854407	855591	up	1	3	41
13	mjn	f	25	1	circle	red	(757, 540)	low	no	no_dis	N	dif	hori	left	True	856827	857847	left	1	3	42
13	mjn	f	25	1	diamond	red	(533, 540)	high	no	no_dis	N	same	vert	up	True	859083	860103	up	1	3	43
13	mjn	f	25	1	diamond	red	(724, 619)	low	dis	(757, 540)	N	dif	vert	up	True	861203	862591	up	1	3	44
13	mjn	f	25	1	diamond	red	(724, 460)	low	no	no_dis	N	same	hori	left	True	863649	865015	left	1	3	45
13	mjn	f	25	1	diamond	red	(533, 540)	high	no	no_dis	N	dif	hori	left	True	866017	867007	left	1	3	46
13	mjn	f	25	1	circle	red	(757, 540)	low	dis	(645, 428)	N	same	vert	up	True	868206	869807	up	1	3	47
13	mjn	f	25	1	diamond	green	(645, 652)	low	dis	(565, 460)	N	same	hori	left	True	871034	872471	left	1	3	48
13	mjn	f	25	1	diamond	red	(757, 540)	low	dis	(533, 540)	Y	same	vert	up	True	873626	874863	up	1	3	49
13	mjn	f	25	1	circle	green	(533, 540)	high	dis	(724, 619)	N	same	hori	left	True	876072	877510	left	1	3	50
13	mjn	f	25	1	diamond	red	(533, 540)	high	no	no_dis	N	same	hori	left	True	878523	880063	left	1	3	51
13	mjn	f	25	1	circle	red	(533, 540)	high	dis	(757, 540)	N	dif	vert	up	True	881191	882391	up	1	3	52
13	mjn	f	25	1	circle	red	(645, 428)	low	no	no_dis	N	same	hori	left	True	883521	885607	left	1	3	53
13	mjn	f	25	1	circle	red	(724, 460)	low	dis	(533, 540)	Y	same	hori	left	True	886717	887847	left	1	3	54
13	mjn	f	25	1	circle	green	(724, 619)	low	no	no_dis	N	same	vert	up	True	888954	890263	up	1	3	55
13	mjn	f	25	1	circle	red	(565, 460)	low	dis	(565, 619)	N	dif	vert	up	True	891492	892887	up	1	3	56
13	mjn	f	25	1	circle	red	(645, 652)	low	dis	(533, 540)	Y	same	vert	up	True	893990	895575	up	1	3	57
13	mjn	f	25	1	diamond	green	(533, 540)	high	dis	(724, 619)	N	same	hori	left	True	896606	898399	left	1	3	58
13	mjn	f	25	1	circle	green	(724, 619)	low	no	no_dis	N	dif	vert	up	True	899467	900543	up	1	3	59
13	mjn	f	25	1	circle	green	(724, 619)	low	dis	(533, 540)	Y	dif	hori	left	True	901792	902935	left	1	3	60
13	mjn	f	25	1	circle	green	(645, 428)	low	dis	(533, 540)	Y	same	hori	left	True	904019	905023	left	1	3	61
13	mjn	f	25	1	circle	green	(533, 540)	high	no	no_dis	N	same	hori	left	True	906218	907031	left	1	3	62
13	mjn	f	25	1	diamond	green	(565, 619)	low	no	no_dis	N	same	vert	up	True	908185	909511	up	1	3	63
13	mjn	f	25	1	circle	green	(533, 540)	high	dis	(565, 460)	N	same	hori	left	True	910672	911831	left	1	3	64
13	mjn	f	25	1	diamond	red	(533, 540)	high	dis	(724, 460)	N	same	vert	up	True	912914	914183	up	1	3	65
13	mjn	f	25	1	circle	red	(533, 540)	high	dis	(724, 460)	N	dif	hori	left	True	915260	916255	left	1	3	66
13	mjn	f	25	1	circle	green	(533, 540)	high	no	no_dis	N	dif	hori	left	True	917502	918575	left	1	3	67
13	mjn	f	25	1	circle	red	(565, 460)	low	no	no_dis	N	dif	hori	left	True	919732	920687	left	1	3	68
13	mjn	f	25	1	diamond	red	(724, 619)	low	no	no_dis	N	same	hori	left	True	921746	924103	left	1	3	69
13	mjn	f	25	1	circle	red	(565, 619)	low	dis	(645, 428)	N	same	hori	left	True	925140	926231	left	1	3	70
13	mjn	f	25	1	diamond	green	(533, 540)	high	dis	(757, 540)	N	dif	vert	up	True	927261	928367	up	1	3	71
13	mjn	f	25	1	diamond	red	(533, 540)	high	dis	(565, 619)	N	dif	vert	up	True	929386	930615	up	1	3	72
13	mjn	f	25	1	diamond	green	(533, 540)	high	no	no_dis	N	dif	vert	up	True	931832	932951	up	1	3	73
13	mjn	f	25	1	diamond	green	(645, 428)	low	dis	(757, 540)	N	same	vert	up	True	934134	935575	up	1	3	74
13	mjn	f	25	1	diamond	green	(533, 540)	high	no	no_dis	N	dif	vert	up	True	936737	937855	up	1	3	75
13	mjn	f	25	1	diamond	red	(645, 652)	low	dis	(724, 619)	N	same	vert	up	True	939037	940143	up	1	3	76
13	mjn	f	25	1	circle	red	(645, 428)	low	dis	(533, 540)	Y	dif	hori	left	True	941289	943127	left	1	3	77
13	mjn	f	25	1	circle	red	(533, 540)	high	dis	(565, 619)	N	dif	hori	left	True	944328	945351	left	1	3	78
13	mjn	f	25	1	diamond	green	(533, 540)	high	dis	(645, 652)	N	same	vert	up	True	946439	948063	up	1	3	79
13	mjn	f	25	1	circle	red	(533, 540)	high	no	no_dis	N	dif	vert	up	True	949252	950422	up	1	3	80
13	mjn	f	25	1	circle	green	(533, 540)	high	dis	(757, 540)	N	same	hori	left	True	951617	952903	left	1	3	81
13	mjn	f	25	1	circle	green	(533, 540)	high	no	no_dis	N	same	vert	up	True	954020	955271	up	1	3	82
13	mjn	f	25	1	diamond	red	(757, 540)	low	dis	(724, 619)	N	dif	hori	left	True	956521	957991	left	1	3	83
13	mjn	f	25	1	diamond	green	(533, 540)	high	dis	(645, 652)	N	dif	vert	up	True	959189	960375	up	1	3	84
13	mjn	f	25	1	circle	green	(645, 652)	low	no	no_dis	N	same	vert	up	True	961470	962711	up	1	3	85
13	mjn	f	25	1	diamond	green	(533, 540)	high	dis	(724, 460)	N	dif	hori	left	True	963723	964783	left	1	3	86
13	mjn	f	25	1	diamond	green	(724, 460)	low	no	no_dis	N	same	vert	up	True	965871	967103	up	1	3	87
13	mjn	f	25	1	diamond	green	(724, 619)	low	dis	(645, 652)	N	same	vert	up	True	968341	970079	up	1	3	88
13	mjn	f	25	1	circle	green	(565, 619)	low	no	no_dis	N	dif	hori	left	True	971177	972335	left	1	3	89
13	mjn	f	25	1	circle	green	(724, 460)	low	dis	(757, 540)	N	same	vert	up	True	973583	975343	up	1	3	90
13	mjn	f	25	1	circle	red	(724, 619)	low	dis	(533, 540)	Y	dif	hori	left	True	976469	978255	left	1	3	91
13	mjn	f	25	1	circle	green	(533, 540)	high	dis	(757, 540)	N	same	vert	up	True	979302	980511	up	1	3	92
13	mjn	f	25	1	circle	green	(757, 540)	low	dis	(565, 619)	N	dif	hori	left	True	981565	982599	left	1	3	93
13	mjn	f	25	1	circle	red	(533, 540)	high	dis	(645, 652)	N	same	hori	left	True	983652	984983	left	1	3	94
13	mjn	f	25	1	circle	green	(533, 540)	high	dis	(645, 652)	N	same	hori	left	True	986208	987174	left	1	3	95
13	mjn	f	25	1	diamond	red	(533, 540)	high	dis	(724, 619)	N	dif	vert	up	True	988232	989766	up	1	3	96
13	mjn	f	25	1	circle	green	(533, 540)	high	no	no_dis	N	dif	hori	left	True	990895	991975	left	1	3	97
13	mjn	f	25	1	circle	red	(724, 460)	low	dis	(645, 428)	N	dif	vert	up	True	993212	994271	up	1	3	98
13	mjn	f	25	1	circle	green	(533, 540)	high	dis	(724, 619)	N	same	hori	left	True	995280	996415	left	1	3	99
13	mjn	f	25	1	circle	green	(533, 540)	high	dis	(645, 652)	N	dif	vert	up	True	997580	998543	left	0	3	100
13	mjn	f	25	1	circle	red	(533, 540)	high	no	no_dis	N	same	vert	up	True	1001131	1002663	up	1	3	101
13	mjn	f	25	1	diamond	green	(533, 540)	high	dis	(565, 460)	N	dif	hori	left	True	1003817	1005479	left	1	3	102
13	mjn	f	25	1	diamond	green	(533, 540)	high	dis	(565, 460)	N	same	hori	left	True	1006722	1008327	left	1	3	103
13	mjn	f	25	1	circle	green	(565, 619)	low	dis	(533, 540)	Y	dif	hori	left	True	1009528	1010711	left	1	3	104
13	mjn	f	25	1	circle	green	(533, 540)	high	no	no_dis	N	same	vert	up	True	1011836	1012967	up	1	3	105
13	mjn	f	25	1	diamond	green	(533, 540)	high	dis	(757, 540)	N	dif	hori	left	True	1013997	1015559	left	1	3	106
13	mjn	f	25	1	circle	red	(533, 540)	high	dis	(645, 428)	N	same	hori	left	True	1016675	1018671	left	1	3	107
13	mjn	f	25	1	diamond	green	(533, 540)	high	no	no_dis	N	same	vert	up	True	1019817	1020775	up	1	3	108
13	mjn	f	25	1	circle	green	(533, 540)	high	dis	(565, 460)	N	same	hori	left	True	1021837	1022967	left	1	3	109
13	mjn	f	25	1	circle	green	(533, 540)	high	no	no_dis	N	dif	vert	up	True	1024056	1025158	up	1	3	110
13	mjn	f	25	1	diamond	red	(533, 540)	high	dis	(645, 652)	N	same	vert	up	True	1026306	1027399	up	1	3	111
13	mjn	f	25	1	diamond	green	(533, 540)	high	no	no_dis	N	dif	vert	up	True	1028560	1029519	up	1	3	112
13	mjn	f	25	1	diamond	red	(533, 540)	high	no	no_dis	N	same	hori	left	True	1030589	1031718	left	1	3	113
13	mjn	f	25	1	circle	green	(565, 460)	low	dis	(565, 619)	N	same	hori	left	True	1032951	1034215	left	1	3	114
13	mjn	f	25	1	circle	green	(533, 540)	high	dis	(565, 460)	N	dif	vert	up	True	1035332	1036751	up	1	3	115
13	mjn	f	25	1	diamond	red	(533, 540)	high	no	no_dis	N	same	hori	left	True	1037959	1039031	left	1	3	116
13	mjn	f	25	1	circle	red	(533, 540)	high	no	no_dis	N	dif	hori	left	True	1040255	1041222	left	1	3	117
13	mjn	f	25	1	diamond	green	(565, 460)	low	dis	(724, 460)	N	dif	vert	up	True	1042328	1043575	up	1	3	118
13	mjn	f	25	1	diamond	green	(645, 652)	low	dis	(757, 540)	N	dif	vert	up	True	1044609	1045967	up	1	3	119
13	mjn	f	25	1	circle	red	(757, 540)	low	no	no_dis	N	dif	vert	up	True	1047121	1048702	up	1	3	120
13	mjn	f	25	1	diamond	red	(724, 619)	low	dis	(757, 540)	N	same	vert	up	True	1085902	1087679	up	1	4	1
13	mjn	f	25	1	circle	red	(645, 428)	low	dis	(724, 619)	N	same	vert	up	True	1088730	1090071	up	1	4	2
13	mjn	f	25	1	circle	red	(645, 652)	low	no	no_dis	N	dif	hori	left	True	1091079	1092334	left	1	4	3
13	mjn	f	25	1	diamond	green	(533, 540)	high	dis	(645, 652)	N	dif	vert	up	True	1093368	1094839	up	1	4	4
13	mjn	f	25	1	diamond	red	(533, 540)	high	no	no_dis	N	same	hori	left	True	1096039	1097095	left	1	4	5
13	mjn	f	25	1	circle	green	(565, 460)	low	dis	(533, 540)	Y	same	vert	up	True	1098314	1099511	up	1	4	6
13	mjn	f	25	1	diamond	red	(533, 540)	high	dis	(645, 428)	N	same	vert	up	True	1100604	1101823	up	1	4	7
13	mjn	f	25	1	diamond	green	(533, 540)	high	dis	(565, 460)	N	dif	hori	left	True	1102871	1104039	left	1	4	8
13	mjn	f	25	1	circle	red	(645, 652)	low	dis	(533, 540)	Y	dif	vert	up	True	1105193	1106527	up	1	4	9
13	mjn	f	25	1	circle	green	(533, 540)	high	no	no_dis	N	dif	hori	left	True	1107662	1108607	left	1	4	10
13	mjn	f	25	1	diamond	green	(533, 540)	high	no	no_dis	N	dif	hori	left	True	1109678	1110983	left	1	4	11
13	mjn	f	25	1	circle	green	(533, 540)	high	no	no_dis	N	dif	vert	up	True	1112130	1113255	up	1	4	12
13	mjn	f	25	1	diamond	red	(533, 540)	high	dis	(757, 540)	N	same	vert	up	True	1114447	1115750	up	1	4	13
13	mjn	f	25	1	diamond	green	(533, 540)	high	dis	(645, 428)	N	dif	hori	left	True	1117000	1118150	left	1	4	14
13	mjn	f	25	1	diamond	red	(533, 540)	high	dis	(645, 428)	N	same	hori	left	True	1119320	1120623	left	1	4	15
13	mjn	f	25	1	diamond	red	(533, 540)	high	no	no_dis	N	dif	hori	left	True	1121658	1122783	left	1	4	16
13	mjn	f	25	1	circle	green	(533, 540)	high	dis	(724, 460)	N	same	vert	up	True	1123877	1125327	up	1	4	17
13	mjn	f	25	1	circle	red	(533, 540)	high	no	no_dis	N	same	vert	up	True	1126446	1127542	up	1	4	18
13	mjn	f	25	1	circle	green	(757, 540)	low	dis	(565, 460)	N	same	vert	up	True	1128713	1130062	up	1	4	19
13	mjn	f	25	1	circle	green	(533, 540)	high	dis	(724, 619)	N	dif	vert	up	True	1131235	1132535	up	1	4	20
13	mjn	f	25	1	diamond	red	(533, 540)	high	dis	(757, 540)	N	same	hori	left	True	1133778	1135191	left	1	4	21
13	mjn	f	25	1	diamond	red	(757, 540)	low	no	no_dis	N	same	hori	left	True	1136429	1137783	left	1	4	22
13	mjn	f	25	1	diamond	red	(724, 460)	low	dis	(565, 619)	N	dif	hori	left	True	1138922	1140543	left	1	4	23
13	mjn	f	25	1	circle	red	(533, 540)	high	dis	(565, 460)	N	same	hori	left	True	1141752	1142886	left	1	4	24
13	mjn	f	25	1	circle	red	(724, 460)	low	dis	(565, 619)	N	dif	vert	up	True	1143935	1144983	up	1	4	25
13	mjn	f	25	1	diamond	green	(645, 428)	low	no	no_dis	N	dif	vert	up	True	1146154	1147271	up	1	4	26
13	mjn	f	25	1	diamond	green	(757, 540)	low	dis	(533, 540)	Y	same	hori	left	True	1148383	1149679	left	1	4	27
13	mjn	f	25	1	diamond	green	(565, 619)	low	dis	(645, 652)	N	same	hori	left	True	1150732	1152095	left	1	4	28
13	mjn	f	25	1	diamond	red	(645, 428)	low	dis	(724, 619)	N	same	vert	up	True	1153137	1154367	up	1	4	29
13	mjn	f	25	1	circle	green	(645, 652)	low	dis	(757, 540)	N	dif	vert	up	True	1155541	1156983	up	1	4	30
13	mjn	f	25	1	circle	red	(533, 540)	high	no	no_dis	N	same	vert	up	True	1158051	1160559	up	1	4	31
13	mjn	f	25	1	circle	green	(533, 540)	high	no	no_dis	N	same	hori	left	True	1161679	1162863	left	1	4	32
13	mjn	f	25	1	circle	green	(533, 540)	high	dis	(645, 652)	N	dif	hori	left	True	1164069	1165575	left	1	4	33
13	mjn	f	25	1	circle	green	(533, 540)	high	no	no_dis	N	dif	hori	left	True	1166827	1168143	left	1	4	34
13	mjn	f	25	1	circle	green	(533, 540)	high	dis	(565, 460)	N	same	hori	left	True	1169259	1170334	left	1	4	35
13	mjn	f	25	1	circle	red	(533, 540)	high	dis	(757, 540)	N	same	vert	up	True	1171370	1173191	up	1	4	36
13	mjn	f	25	1	circle	red	(533, 540)	high	dis	(645, 428)	N	same	hori	left	True	1174255	1175263	left	1	4	37
13	mjn	f	25	1	diamond	green	(565, 460)	low	no	no_dis	N	same	hori	left	True	1176338	1177734	left	1	4	38
13	mjn	f	25	1	circle	red	(533, 540)	high	dis	(645, 428)	N	dif	hori	left	True	1178863	1180038	left	1	4	39
13	mjn	f	25	1	diamond	green	(533, 540)	high	dis	(565, 619)	N	same	hori	left	True	1181241	1182391	left	1	4	40
13	mjn	f	25	1	circle	red	(533, 540)	high	no	no_dis	N	dif	vert	up	True	1183567	1184711	up	1	4	41
13	mjn	f	25	1	circle	green	(533, 540)	high	dis	(565, 460)	N	dif	vert	up	True	1185737	1186911	up	1	4	42
13	mjn	f	25	1	diamond	green	(724, 460)	low	dis	(645, 652)	N	same	hori	left	True	1188022	1189839	left	1	4	43
13	mjn	f	25	1	circle	green	(533, 540)	high	dis	(565, 460)	N	dif	vert	up	True	1190927	1192135	up	1	4	44
13	mjn	f	25	1	circle	red	(724, 619)	low	dis	(645, 428)	N	same	hori	left	True	1193320	1194830	left	1	4	45
13	mjn	f	25	1	circle	red	(533, 540)	high	dis	(757, 540)	N	dif	vert	up	True	1196016	1197879	up	1	4	46
13	mjn	f	25	1	diamond	green	(533, 540)	high	dis	(565, 619)	N	dif	hori	left	True	1198928	1200294	left	1	4	47
13	mjn	f	25	1	diamond	red	(724, 619)	low	no	no_dis	N	same	vert	up	True	1201332	1203207	up	1	4	48
13	mjn	f	25	1	diamond	green	(533, 540)	high	dis	(724, 619)	N	dif	hori	left	True	1204314	1205247	left	1	4	49
13	mjn	f	25	1	diamond	green	(533, 540)	high	dis	(645, 652)	N	dif	vert	up	True	1206297	1207239	up	1	4	50
13	mjn	f	25	1	diamond	red	(533, 540)	high	no	no_dis	N	dif	vert	up	True	1208428	1209431	up	1	4	51
13	mjn	f	25	1	diamond	green	(533, 540)	high	dis	(724, 460)	N	same	vert	up	True	1210626	1212542	up	1	4	52
13	mjn	f	25	1	circle	red	(533, 540)	high	dis	(565, 619)	N	same	hori	left	True	1213688	1214791	left	1	4	53
13	mjn	f	25	1	diamond	green	(565, 619)	low	no	no_dis	N	dif	vert	up	True	1215910	1217055	up	1	4	54
13	mjn	f	25	1	circle	red	(533, 540)	high	dis	(724, 619)	N	same	hori	left	True	1218225	1219959	left	1	4	55
13	mjn	f	25	1	diamond	green	(533, 540)	high	no	no_dis	N	dif	hori	left	True	1221154	1222183	left	1	4	56
13	mjn	f	25	1	diamond	green	(533, 540)	high	dis	(724, 619)	N	dif	vert	up	True	1223380	1224462	up	1	4	57
13	mjn	f	25	1	diamond	green	(533, 540)	high	no	no_dis	N	same	vert	up	True	1225690	1226607	up	1	4	58
13	mjn	f	25	1	circle	red	(757, 540)	low	dis	(724, 460)	N	dif	hori	left	True	1227812	1228990	left	1	4	59
13	mjn	f	25	1	diamond	red	(533, 540)	high	dis	(757, 540)	N	same	vert	up	True	1230132	1231566	up	1	4	60
13	mjn	f	25	1	diamond	green	(565, 460)	low	dis	(645, 428)	N	same	hori	left	True	1232683	1234647	left	1	4	61
13	mjn	f	25	1	circle	green	(533, 540)	high	dis	(724, 619)	N	same	hori	left	True	1235771	1236855	left	1	4	62
13	mjn	f	25	1	diamond	red	(533, 540)	high	dis	(645, 652)	N	dif	hori	left	True	1237971	1238871	left	1	4	63
13	mjn	f	25	1	diamond	red	(533, 540)	high	dis	(724, 460)	N	same	hori	left	True	1240071	1241183	left	1	4	64
13	mjn	f	25	1	diamond	red	(533, 540)	high	no	no_dis	N	dif	vert	up	True	1242349	1243495	up	1	4	65
13	mjn	f	25	1	diamond	green	(533, 540)	high	no	no_dis	N	dif	vert	up	True	1244700	1245983	up	1	4	66
13	mjn	f	25	1	circle	green	(533, 540)	high	dis	(645, 652)	N	dif	hori	left	True	1247072	1248639	left	1	4	67
13	mjn	f	25	1	circle	green	(533, 540)	high	dis	(645, 428)	N	dif	vert	up	True	1249749	1251111	up	1	4	68
13	mjn	f	25	1	circle	red	(533, 540)	high	dis	(565, 619)	N	same	vert	up	True	1252278	1253463	up	1	4	69
13	mjn	f	25	1	circle	red	(645, 428)	low	no	no_dis	N	same	vert	up	True	1254561	1255887	up	1	4	70
13	mjn	f	25	1	circle	green	(533, 540)	high	dis	(565, 619)	N	dif	vert	up	True	1257073	1258479	up	1	4	71
13	mjn	f	25	1	circle	green	(533, 540)	high	no	no_dis	N	same	hori	left	True	1259622	1260655	left	1	4	72
13	mjn	f	25	1	circle	green	(757, 540)	low	no	no_dis	N	same	hori	left	True	1261799	1262934	left	1	4	73
13	mjn	f	25	1	circle	green	(533, 540)	high	dis	(565, 619)	N	same	vert	up	True	1264092	1265159	up	1	4	74
13	mjn	f	25	1	circle	green	(724, 619)	low	dis	(533, 540)	Y	dif	hori	left	True	1266349	1267566	left	1	4	75
13	mjn	f	25	1	circle	green	(645, 652)	low	dis	(533, 540)	Y	dif	hori	left	True	1268711	1269670	left	1	4	76
13	mjn	f	25	1	diamond	red	(533, 540)	high	dis	(724, 460)	N	same	vert	up	True	1270700	1272606	up	1	4	77
13	mjn	f	25	1	circle	red	(533, 540)	high	no	no_dis	N	dif	vert	up	True	1273804	1275030	up	1	4	78
13	mjn	f	25	1	circle	red	(533, 540)	high	no	no_dis	N	same	hori	left	True	1276214	1277151	left	1	4	79
13	mjn	f	25	1	diamond	green	(645, 428)	low	dis	(565, 619)	N	dif	hori	left	True	1278212	1279766	left	1	4	80
13	mjn	f	25	1	diamond	red	(533, 540)	high	no	no_dis	N	same	hori	left	True	1280912	1282143	left	1	4	81
13	mjn	f	25	1	circle	green	(724, 619)	low	no	no_dis	N	same	vert	up	True	1283224	1284423	up	1	4	82
13	mjn	f	25	1	circle	green	(724, 460)	low	dis	(533, 540)	Y	same	hori	left	True	1285454	1286543	left	1	4	83
13	mjn	f	25	1	circle	green	(565, 619)	low	dis	(533, 540)	Y	dif	vert	up	True	1287604	1289071	up	1	4	84
13	mjn	f	25	1	diamond	red	(565, 460)	low	dis	(533, 540)	Y	dif	vert	up	True	1290229	1291311	up	1	4	85
13	mjn	f	25	1	circle	red	(565, 619)	low	dis	(757, 540)	N	same	hori	left	True	1292448	1293551	left	1	4	86
13	mjn	f	25	1	circle	green	(533, 540)	high	dis	(757, 540)	N	same	vert	up	True	1294605	1295959	up	1	4	87
13	mjn	f	25	1	diamond	red	(533, 540)	high	dis	(565, 460)	N	dif	vert	up	True	1297033	1298279	up	1	4	88
13	mjn	f	25	1	diamond	red	(565, 619)	low	dis	(757, 540)	N	same	vert	up	True	1299315	1300591	up	1	4	89
13	mjn	f	25	1	circle	red	(533, 540)	high	no	no_dis	N	same	hori	left	True	1301792	1302687	left	1	4	90
13	mjn	f	25	1	diamond	green	(533, 540)	high	no	no_dis	N	same	vert	up	True	1303906	1305191	up	1	4	91
13	mjn	f	25	1	circle	green	(533, 540)	high	no	no_dis	N	dif	hori	left	True	1306264	1307222	left	1	4	92
13	mjn	f	25	1	diamond	red	(533, 540)	high	dis	(645, 428)	N	same	vert	up	True	1308230	1309239	up	1	4	93
13	mjn	f	25	1	diamond	red	(533, 540)	high	dis	(724, 460)	N	dif	vert	up	True	1310455	1311391	up	1	4	94
13	mjn	f	25	1	diamond	green	(645, 428)	low	dis	(565, 460)	N	dif	hori	left	True	1312534	1314063	left	1	4	95
13	mjn	f	25	1	diamond	green	(645, 652)	low	dis	(645, 428)	N	dif	hori	left	True	1315172	1316999	left	1	4	96
13	mjn	f	25	1	circle	red	(565, 460)	low	dis	(724, 460)	N	dif	vert	up	True	1318087	1319622	up	1	4	97
13	mjn	f	25	1	diamond	red	(533, 540)	high	no	no_dis	N	same	vert	up	True	1320661	1321703	up	1	4	98
13	mjn	f	25	1	circle	green	(565, 460)	low	no	no_dis	N	same	vert	up	True	1322748	1324558	up	1	4	99
13	mjn	f	25	1	diamond	green	(533, 540)	high	no	no_dis	N	same	vert	up	True	1325769	1327206	up	1	4	100
13	mjn	f	25	1	diamond	green	(533, 540)	high	dis	(724, 460)	N	dif	hori	left	True	1328413	1329702	left	1	4	101
13	mjn	f	25	1	circle	red	(565, 460)	low	dis	(533, 540)	Y	dif	hori	left	True	1330875	1332095	left	1	4	102
13	mjn	f	25	1	diamond	red	(533, 540)	high	dis	(724, 619)	N	dif	hori	left	True	1333203	1334647	left	1	4	103
13	mjn	f	25	1	diamond	red	(757, 540)	low	dis	(533, 540)	Y	dif	vert	up	True	1335683	1337239	up	1	4	104
13	mjn	f	25	1	diamond	green	(533, 540)	high	dis	(565, 460)	N	dif	hori	left	True	1338362	1339358	up	0	4	105
13	mjn	f	25	1	circle	red	(724, 460)	low	no	no_dis	N	dif	vert	up	True	1342015	1344662	up	1	4	106
13	mjn	f	25	1	diamond	red	(645, 652)	low	dis	(724, 619)	N	same	vert	up	True	1345751	1347503	up	1	4	107
13	mjn	f	25	1	diamond	red	(724, 460)	low	no	no_dis	N	dif	hori	left	True	1348509	1349687	left	1	4	108
13	mjn	f	25	1	diamond	red	(724, 619)	low	dis	(645, 652)	N	dif	vert	up	True	1350838	1352247	up	1	4	109
13	mjn	f	25	1	circle	red	(645, 652)	low	no	no_dis	N	dif	hori	left	True	1353336	1354671	left	1	4	110
13	mjn	f	25	1	circle	green	(757, 540)	low	no	no_dis	N	same	hori	left	True	1355825	1356918	left	1	4	111
13	mjn	f	25	1	circle	red	(533, 540)	high	dis	(724, 619)	N	dif	vert	up	True	1357999	1358983	up	1	4	112
13	mjn	f	25	1	diamond	green	(533, 540)	high	dis	(645, 652)	N	same	hori	left	True	1360040	1361582	left	1	4	113
13	mjn	f	25	1	circle	red	(533, 540)	high	dis	(645, 652)	N	dif	hori	left	True	1362622	1364143	left	1	4	114
13	mjn	f	25	1	diamond	red	(565, 619)	low	no	no_dis	N	dif	hori	left	True	1365320	1366975	left	1	4	115
13	mjn	f	25	1	circle	green	(645, 428)	low	dis	(724, 460)	N	same	hori	left	True	1368098	1369343	left	1	4	116
13	mjn	f	25	1	diamond	green	(565, 460)	low	no	no_dis	N	dif	vert	up	True	1370560	1371734	up	1	4	117
13	mjn	f	25	1	circle	red	(533, 540)	high	dis	(724, 460)	N	same	vert	up	True	1372926	1374623	up	1	4	118
13	mjn	f	25	1	circle	red	(533, 540)	high	dis	(565, 619)	N	same	hori	left	True	1375636	1376774	left	1	4	119
13	mjn	f	25	1	diamond	green	(724, 619)	low	dis	(565, 460)	N	same	vert	up	True	1377846	1379870	up	1	4	120
13	mjn	f	25	1	circle	green	(533, 540)	high	dis	(724, 619)	N	dif	hori	left	True	1421230	1422502	left	1	5	1
13	mjn	f	25	1	circle	red	(724, 619)	low	no	no_dis	N	dif	vert	up	True	1423612	1424615	up	1	5	2
13	mjn	f	25	1	circle	red	(533, 540)	high	dis	(565, 619)	N	same	vert	up	True	1425716	1426767	up	1	5	3
13	mjn	f	25	1	diamond	green	(533, 540)	high	dis	(565, 460)	N	dif	hori	left	True	1427885	1429126	left	1	5	4
13	mjn	f	25	1	diamond	green	(533, 540)	high	dis	(645, 428)	N	same	hori	left	True	1430354	1431799	left	1	5	5
13	mjn	f	25	1	circle	green	(533, 540)	high	dis	(565, 460)	N	dif	hori	left	True	1433040	1434095	left	1	5	6
13	mjn	f	25	1	circle	green	(533, 540)	high	no	no_dis	N	same	hori	left	True	1435142	1435967	left	1	5	7
13	mjn	f	25	1	circle	red	(533, 540)	high	no	no_dis	N	same	vert	up	True	1437119	1438199	up	1	5	8
13	mjn	f	25	1	circle	green	(533, 540)	high	no	no_dis	N	dif	hori	left	True	1439349	1440294	left	1	5	9
13	mjn	f	25	1	diamond	red	(533, 540)	high	dis	(645, 428)	N	same	vert	up	True	1441502	1442831	up	1	5	10
13	mjn	f	25	1	diamond	red	(724, 460)	low	no	no_dis	N	same	hori	left	True	1443848	1444998	left	1	5	11
13	mjn	f	25	1	circle	red	(533, 540)	high	dis	(645, 652)	N	same	vert	up	True	1446043	1447239	up	1	5	12
13	mjn	f	25	1	diamond	green	(533, 540)	high	dis	(757, 540)	N	same	hori	left	True	1448309	1449415	left	1	5	13
13	mjn	f	25	1	circle	green	(533, 540)	high	dis	(724, 460)	N	same	hori	left	True	1450467	1451887	left	1	5	14
13	mjn	f	25	1	diamond	red	(533, 540)	high	dis	(724, 619)	N	same	hori	left	True	1453118	1453983	left	1	5	15
13	mjn	f	25	1	circle	red	(533, 540)	high	no	no_dis	N	dif	hori	left	True	1455173	1456351	left	1	5	16
13	mjn	f	25	1	diamond	red	(533, 540)	high	dis	(757, 540)	N	same	hori	left	True	1457421	1458446	left	1	5	17
13	mjn	f	25	1	diamond	green	(724, 619)	low	dis	(645, 428)	N	dif	hori	left	True	1459655	1460686	left	1	5	18
13	mjn	f	25	1	circle	red	(533, 540)	high	no	no_dis	N	same	hori	left	True	1461794	1462847	left	1	5	19
13	mjn	f	25	1	circle	red	(533, 540)	high	dis	(724, 619)	N	dif	hori	left	True	1463863	1464766	left	1	5	20
13	mjn	f	25	1	circle	red	(533, 540)	high	dis	(724, 460)	N	dif	vert	up	True	1465961	1467191	up	1	5	21
13	mjn	f	25	1	diamond	red	(724, 619)	low	dis	(533, 540)	Y	dif	hori	left	True	1468350	1469350	left	1	5	22
13	mjn	f	25	1	circle	green	(645, 652)	low	no	no_dis	N	dif	vert	up	True	1470466	1471503	up	1	5	23
13	mjn	f	25	1	diamond	green	(645, 428)	low	dis	(565, 619)	N	same	hori	left	True	1472589	1474182	left	1	5	24
13	mjn	f	25	1	circle	green	(724, 460)	low	no	no_dis	N	same	vert	up	True	1475378	1477327	up	1	5	25
13	mjn	f	25	1	diamond	green	(533, 540)	high	dis	(724, 619)	N	dif	hori	left	True	1478457	1479662	left	1	5	26
13	mjn	f	25	1	diamond	red	(565, 460)	low	dis	(724, 619)	N	dif	vert	up	True	1480774	1482135	up	1	5	27
13	mjn	f	25	1	diamond	red	(533, 540)	high	dis	(645, 428)	N	dif	vert	up	True	1483242	1484247	up	1	5	28
13	mjn	f	25	1	diamond	green	(724, 460)	low	dis	(645, 428)	N	dif	hori	left	True	1485396	1486247	left	1	5	29
13	mjn	f	25	1	circle	green	(724, 460)	low	dis	(757, 540)	N	dif	hori	left	True	1487314	1488174	left	1	5	30
13	mjn	f	25	1	circle	red	(565, 619)	low	dis	(724, 619)	N	same	hori	left	True	1489400	1490439	left	1	5	31
13	mjn	f	25	1	circle	green	(645, 652)	low	dis	(533, 540)	Y	dif	vert	up	True	1491638	1492687	up	1	5	32
13	mjn	f	25	1	diamond	green	(645, 652)	low	dis	(565, 460)	N	same	hori	left	True	1493748	1494799	left	1	5	33
13	mjn	f	25	1	circle	red	(533, 540)	high	dis	(565, 619)	N	dif	vert	up	True	1495962	1498222	up	1	5	34
13	mjn	f	25	1	diamond	green	(533, 540)	high	dis	(565, 619)	N	same	vert	up	True	1499260	1500230	up	1	5	35
13	mjn	f	25	1	circle	green	(645, 652)	low	no	no_dis	N	same	hori	left	True	1501359	1502255	left	1	5	36
13	mjn	f	25	1	diamond	green	(533, 540)	high	dis	(645, 652)	N	same	vert	up	True	1503306	1505990	up	1	5	37
13	mjn	f	25	1	circle	red	(565, 460)	low	dis	(533, 540)	Y	same	vert	up	True	1507211	1508415	up	1	5	38
13	mjn	f	25	1	diamond	red	(533, 540)	high	dis	(565, 619)	N	dif	vert	up	True	1509584	1510879	up	1	5	39
13	mjn	f	25	1	diamond	green	(565, 460)	low	no	no_dis	N	dif	vert	up	True	1512122	1513351	up	1	5	40
13	mjn	f	25	1	diamond	red	(533, 540)	high	dis	(724, 460)	N	same	vert	up	True	1514387	1515478	up	1	5	41
13	mjn	f	25	1	circle	red	(533, 540)	high	dis	(645, 652)	N	same	hori	left	True	1516725	1518079	left	1	5	42
13	mjn	f	25	1	diamond	green	(565, 619)	low	dis	(645, 428)	N	dif	hori	left	True	1519295	1520670	left	1	5	43
13	mjn	f	25	1	diamond	green	(645, 652)	low	no	no_dis	N	dif	hori	left	True	1521896	1524118	left	1	5	44
13	mjn	f	25	1	diamond	green	(533, 540)	high	dis	(565, 460)	N	same	hori	left	True	1525267	1526822	left	1	5	45
13	mjn	f	25	1	circle	red	(724, 619)	low	dis	(645, 652)	N	same	hori	left	True	1528073	1529670	left	1	5	46
13	mjn	f	25	1	diamond	red	(533, 540)	high	dis	(645, 652)	N	dif	hori	left	True	1530747	1531710	left	1	5	47
13	mjn	f	25	1	circle	green	(533, 540)	high	dis	(757, 540)	N	same	vert	up	True	1532923	1534007	up	1	5	48
13	mjn	f	25	1	diamond	red	(533, 540)	high	dis	(724, 460)	N	same	vert	up	True	1535251	1536374	up	1	5	49
13	mjn	f	25	1	circle	green	(645, 428)	low	dis	(724, 619)	N	same	vert	up	True	1537595	1538766	up	1	5	50
13	mjn	f	25	1	circle	green	(533, 540)	high	dis	(645, 428)	N	dif	vert	up	True	1539780	1540790	up	1	5	51
13	mjn	f	25	1	circle	green	(533, 540)	high	dis	(724, 460)	N	dif	vert	up	True	1541807	1542895	up	1	5	52
13	mjn	f	25	1	diamond	red	(533, 540)	high	no	no_dis	N	dif	hori	left	True	1543921	1544743	left	1	5	53
13	mjn	f	25	1	circle	red	(533, 540)	high	dis	(757, 540)	N	dif	vert	up	True	1545950	1546847	up	1	5	54
13	mjn	f	25	1	diamond	red	(724, 619)	low	dis	(533, 540)	Y	same	hori	left	True	1547922	1549070	left	1	5	55
13	mjn	f	25	1	circle	red	(533, 540)	high	dis	(565, 619)	N	dif	hori	left	True	1550298	1551566	left	1	5	56
13	mjn	f	25	1	diamond	green	(757, 540)	low	dis	(565, 460)	N	dif	vert	up	True	1552720	1554175	up	1	5	57
13	mjn	f	25	1	diamond	green	(533, 540)	high	dis	(724, 619)	N	dif	vert	up	True	1555395	1556950	up	1	5	58
13	mjn	f	25	1	circle	red	(565, 460)	low	no	no_dis	N	dif	vert	up	True	1557988	1559062	up	1	5	59
13	mjn	f	25	1	diamond	red	(533, 540)	high	no	no_dis	N	dif	vert	up	True	1560175	1561134	up	1	5	60
13	mjn	f	25	1	diamond	green	(533, 540)	high	no	no_dis	N	dif	vert	up	True	1562332	1563295	up	1	5	61
13	mjn	f	25	1	circle	green	(533, 540)	high	dis	(565, 460)	N	same	hori	left	True	1564355	1565359	left	1	5	62
13	mjn	f	25	1	circle	green	(533, 540)	high	no	no_dis	N	same	hori	left	True	1566406	1567718	left	1	5	63
13	mjn	f	25	1	circle	red	(757, 540)	low	dis	(533, 540)	Y	same	hori	left	True	1568775	1570294	left	1	5	64
13	mjn	f	25	1	diamond	green	(533, 540)	high	no	no_dis	N	same	vert	up	True	1571482	1572510	up	1	5	65
13	mjn	f	25	1	circle	green	(533, 540)	high	no	no_dis	N	dif	hori	left	True	1573692	1574942	left	1	5	66
13	mjn	f	25	1	diamond	green	(533, 540)	high	no	no_dis	N	same	vert	up	True	1576136	1577566	up	1	5	67
13	mjn	f	25	1	diamond	green	(533, 540)	high	dis	(565, 619)	N	dif	hori	left	True	1578777	1579751	left	1	5	68
13	mjn	f	25	1	diamond	red	(533, 540)	high	dis	(724, 460)	N	dif	hori	left	True	1580972	1582014	left	1	5	69
13	mjn	f	25	1	diamond	red	(533, 540)	high	dis	(565, 460)	N	dif	vert	up	True	1583217	1584183	up	1	5	70
13	mjn	f	25	1	circle	red	(645, 428)	low	dis	(565, 619)	N	dif	vert	up	True	1585352	1586734	up	1	5	71
13	mjn	f	25	1	diamond	green	(533, 540)	high	no	no_dis	N	same	hori	left	True	1587783	1588631	left	1	5	72
13	mjn	f	25	1	diamond	green	(533, 540)	high	dis	(724, 619)	N	same	hori	left	True	1589796	1590975	left	1	5	73
13	mjn	f	25	1	diamond	red	(533, 540)	high	no	no_dis	N	same	hori	left	True	1592151	1593046	left	1	5	74
13	mjn	f	25	1	diamond	green	(645, 652)	low	dis	(565, 460)	N	dif	vert	up	True	1594291	1595382	up	1	5	75
13	mjn	f	25	1	circle	green	(533, 540)	high	dis	(645, 652)	N	dif	vert	up	True	1596556	1597750	up	1	5	76
13	mjn	f	25	1	circle	red	(533, 540)	high	dis	(645, 652)	N	same	vert	up	True	1598949	1600271	up	1	5	77
13	mjn	f	25	1	circle	red	(533, 540)	high	dis	(565, 619)	N	dif	hori	left	True	1601307	1602382	left	1	5	78
13	mjn	f	25	1	circle	green	(645, 428)	low	dis	(645, 652)	N	same	vert	up	True	1603392	1604279	up	1	5	79
13	mjn	f	25	1	diamond	red	(533, 540)	high	no	no_dis	N	dif	vert	up	True	1605497	1606383	up	1	5	80
13	mjn	f	25	1	diamond	red	(533, 540)	high	dis	(645, 652)	N	same	vert	up	True	1607621	1608943	up	1	5	81
13	mjn	f	25	1	circle	red	(565, 619)	low	no	no_dis	N	same	vert	up	True	1610001	1611318	up	1	5	82
13	mjn	f	25	1	circle	red	(533, 540)	high	dis	(724, 619)	N	dif	vert	up	True	1612343	1613631	up	1	5	83
13	mjn	f	25	1	circle	green	(565, 619)	low	dis	(724, 460)	N	same	vert	up	True	1614765	1615878	up	1	5	84
13	mjn	f	25	1	circle	green	(565, 460)	low	dis	(724, 460)	N	dif	vert	up	True	1617088	1618054	up	1	5	85
13	mjn	f	25	1	circle	red	(565, 460)	low	dis	(757, 540)	N	same	hori	left	True	1619155	1621614	left	1	5	86
13	mjn	f	25	1	diamond	green	(533, 540)	high	dis	(645, 428)	N	same	hori	left	True	1622800	1624406	left	1	5	87
13	mjn	f	25	1	diamond	red	(645, 652)	low	dis	(757, 540)	N	dif	vert	up	True	1625466	1627030	up	1	5	88
13	mjn	f	25	1	diamond	red	(565, 619)	low	dis	(757, 540)	N	same	vert	up	True	1628217	1629303	up	1	5	89
13	mjn	f	25	1	circle	green	(533, 540)	high	dis	(645, 428)	N	dif	hori	left	True	1630309	1631310	left	1	5	90
13	mjn	f	25	1	diamond	green	(533, 540)	high	no	no_dis	N	dif	vert	up	True	1632387	1633439	up	1	5	91
13	mjn	f	25	1	circle	green	(533, 540)	high	dis	(724, 460)	N	same	hori	left	True	1634682	1635663	left	1	5	92
13	mjn	f	25	1	circle	green	(533, 540)	high	no	no_dis	N	same	vert	up	True	1636688	1637886	up	1	5	93
13	mjn	f	25	1	circle	green	(645, 428)	low	no	no_dis	N	same	hori	left	True	1639127	1640143	left	1	5	94
13	mjn	f	25	1	diamond	red	(757, 540)	low	dis	(533, 540)	Y	same	hori	left	True	1641280	1642407	left	1	5	95
13	mjn	f	25	1	circle	red	(565, 619)	low	no	no_dis	N	dif	hori	left	True	1643562	1645054	left	1	5	96
13	mjn	f	25	1	diamond	green	(565, 460)	low	dis	(565, 619)	N	same	vert	up	True	1646082	1647734	up	1	5	97
13	mjn	f	25	1	diamond	red	(533, 540)	high	dis	(565, 460)	N	dif	vert	up	True	1648981	1650038	up	1	5	98
13	mjn	f	25	1	circle	red	(533, 540)	high	no	no_dis	N	dif	vert	up	True	1651091	1652967	up	1	5	99
13	mjn	f	25	1	circle	red	(533, 540)	high	no	no_dis	N	same	vert	up	True	1654108	1655095	up	1	5	100
13	mjn	f	25	1	circle	green	(757, 540)	low	dis	(724, 460)	N	same	vert	up	True	1656335	1657455	up	1	5	101
13	mjn	f	25	1	circle	red	(533, 540)	high	dis	(757, 540)	N	dif	hori	left	True	1658669	1659799	left	1	5	102
13	mjn	f	25	1	diamond	red	(724, 619)	low	no	no_dis	N	dif	hori	left	True	1660946	1662510	left	1	5	103
13	mjn	f	25	1	circle	red	(533, 540)	high	no	no_dis	N	same	hori	left	True	1663637	1664903	left	1	5	104
13	mjn	f	25	1	diamond	red	(565, 619)	low	no	no_dis	N	dif	hori	left	True	1666000	1667062	left	1	5	105
13	mjn	f	25	1	circle	green	(533, 540)	high	dis	(757, 540)	N	same	hori	left	True	1668277	1669222	left	1	5	106
13	mjn	f	25	1	diamond	red	(645, 428)	low	dis	(533, 540)	Y	dif	vert	up	True	1670367	1671759	up	1	5	107
13	mjn	f	25	1	circle	red	(645, 652)	low	dis	(533, 540)	Y	dif	hori	left	True	1672955	1674318	left	1	5	108
13	mjn	f	25	1	diamond	green	(533, 540)	high	dis	(565, 460)	N	same	vert	up	True	1675518	1677535	up	1	5	109
13	mjn	f	25	1	diamond	green	(757, 540)	low	no	no_dis	N	same	vert	up	True	1678767	1679767	up	1	5	110
13	mjn	f	25	1	circle	green	(533, 540)	high	no	no_dis	N	dif	hori	left	True	1680941	1682166	left	1	5	111
13	mjn	f	25	1	circle	green	(533, 540)	high	dis	(645, 428)	N	same	vert	up	True	1683355	1684550	up	1	5	112
13	mjn	f	25	1	diamond	red	(533, 540)	high	no	no_dis	N	dif	vert	up	True	1685797	1687183	up	1	5	113
13	mjn	f	25	1	diamond	red	(533, 540)	high	no	no_dis	N	same	vert	up	True	1688281	1689847	up	1	5	114
13	mjn	f	25	1	diamond	red	(724, 460)	low	dis	(645, 652)	N	dif	hori	left	True	1690911	1692326	left	1	5	115
13	mjn	f	25	1	diamond	red	(757, 540)	low	no	no_dis	N	same	vert	up	True	1693458	1694406	up	1	5	116
13	mjn	f	25	1	circle	green	(724, 619)	low	dis	(533, 540)	Y	same	vert	up	True	1695514	1697015	up	1	5	117
13	mjn	f	25	1	diamond	green	(645, 428)	low	no	no_dis	N	same	hori	left	True	1698267	1699366	left	1	5	118
13	mjn	f	25	1	diamond	green	(533, 540)	high	no	no_dis	N	dif	hori	left	True	1700435	1701422	left	1	5	119
13	mjn	f	25	1	circle	red	(724, 460)	low	dis	(533, 540)	Y	dif	hori	left	True	1702518	1703815	left	1	5	120
13	mjn	f	25	1	circle	red	(533, 540)	high	dis	(645, 652)	N	dif	hori	left	True	1745862	1747006	left	1	6	1
13	mjn	f	25	1	circle	green	(565, 619)	low	dis	(533, 540)	Y	dif	vert	up	True	1748181	1749574	up	1	6	2
13	mjn	f	25	1	circle	green	(645, 428)	low	no	no_dis	N	same	vert	up	True	1750767	1752079	up	1	6	3
13	mjn	f	25	1	circle	red	(533, 540)	high	dis	(645, 428)	N	dif	hori	left	True	1753092	1754014	left	1	6	4
13	mjn	f	25	1	circle	green	(533, 540)	high	no	no_dis	N	same	hori	left	True	1755036	1756023	left	1	6	5
13	mjn	f	25	1	circle	green	(533, 540)	high	no	no_dis	N	same	vert	up	True	1757197	1758263	up	1	6	6
13	mjn	f	25	1	circle	green	(533, 540)	high	no	no_dis	N	dif	vert	up	True	1759507	1760534	up	1	6	7
13	mjn	f	25	1	diamond	red	(565, 460)	low	dis	(533, 540)	Y	dif	vert	up	True	1761779	1764295	up	1	6	8
13	mjn	f	25	1	circle	green	(645, 652)	low	dis	(645, 428)	N	same	hori	left	True	1765421	1767590	left	1	6	9
13	mjn	f	25	1	diamond	green	(533, 540)	high	no	no_dis	N	dif	hori	left	True	1768798	1769830	left	1	6	10
13	mjn	f	25	1	circle	red	(533, 540)	high	dis	(645, 652)	N	same	vert	up	True	1770906	1772055	up	1	6	11
13	mjn	f	25	1	circle	red	(533, 540)	high	dis	(565, 619)	N	same	hori	left	True	1773175	1774174	left	1	6	12
13	mjn	f	25	1	diamond	green	(533, 540)	high	no	no_dis	N	same	vert	up	True	1775365	1776390	up	1	6	13
13	mjn	f	25	1	diamond	green	(533, 540)	high	no	no_dis	N	same	vert	up	True	1777464	1778462	up	1	6	14
13	mjn	f	25	1	circle	red	(533, 540)	high	dis	(724, 619)	N	same	hori	left	True	1779659	1780798	left	1	6	15
13	mjn	f	25	1	diamond	red	(533, 540)	high	dis	(724, 460)	N	dif	hori	left	True	1782019	1783382	left	1	6	16
13	mjn	f	25	1	circle	red	(533, 540)	high	no	no_dis	N	same	hori	left	True	1784405	1785863	left	1	6	17
13	mjn	f	25	1	circle	green	(724, 460)	low	dis	(724, 619)	N	same	hori	left	True	1786885	1788102	left	1	6	18
13	mjn	f	25	1	diamond	red	(757, 540)	low	dis	(533, 540)	Y	same	hori	left	True	1789138	1790478	left	1	6	19
13	mjn	f	25	1	diamond	green	(533, 540)	high	dis	(724, 619)	N	dif	hori	left	True	1791485	1792798	left	1	6	20
13	mjn	f	25	1	circle	red	(757, 540)	low	dis	(724, 460)	N	dif	vert	up	True	1793878	1795119	up	1	6	21
13	mjn	f	25	1	diamond	green	(533, 540)	high	dis	(724, 460)	N	dif	vert	up	True	1796239	1797367	up	1	6	22
13	mjn	f	25	1	diamond	green	(533, 540)	high	dis	(645, 652)	N	same	vert	up	True	1798505	1799799	up	1	6	23
13	mjn	f	25	1	circle	green	(533, 540)	high	dis	(565, 619)	N	same	vert	up	True	1800831	1802087	up	1	6	24
13	mjn	f	25	1	diamond	red	(533, 540)	high	dis	(565, 619)	N	same	hori	left	True	1803248	1804423	left	1	6	25
13	mjn	f	25	1	circle	red	(724, 619)	low	dis	(565, 619)	N	same	hori	left	True	1805504	1806735	left	1	6	26
13	mjn	f	25	1	circle	red	(533, 540)	high	no	no_dis	N	same	hori	left	True	1807744	1808862	left	1	6	27
13	mjn	f	25	1	circle	green	(565, 460)	low	no	no_dis	N	dif	vert	up	True	1809920	1810951	up	1	6	28
13	mjn	f	25	1	diamond	red	(533, 540)	high	dis	(724, 619)	N	dif	hori	left	True	1812097	1813463	left	1	6	29
13	mjn	f	25	1	diamond	green	(533, 540)	high	dis	(645, 652)	N	same	hori	left	True	1814472	1815519	left	1	6	30
13	mjn	f	25	1	diamond	red	(533, 540)	high	dis	(645, 652)	N	same	vert	up	True	1816617	1817767	up	1	6	31
13	mjn	f	25	1	diamond	red	(565, 619)	low	dis	(565, 460)	N	dif	hori	left	True	1818849	1819942	left	1	6	32
13	mjn	f	25	1	diamond	green	(645, 652)	low	dis	(724, 460)	N	same	vert	up	True	1821044	1822223	up	1	6	33
13	mjn	f	25	1	circle	red	(565, 619)	low	dis	(757, 540)	N	same	vert	up	True	1823250	1824727	up	1	6	34
13	mjn	f	25	1	circle	red	(533, 540)	high	dis	(645, 652)	N	same	hori	left	True	1825905	1826790	left	1	6	35
13	mjn	f	25	1	diamond	green	(757, 540)	low	dis	(565, 460)	N	same	hori	left	True	1827885	1828911	left	1	6	36
13	mjn	f	25	1	diamond	green	(533, 540)	high	dis	(724, 460)	N	same	vert	up	True	1829952	1831214	up	1	6	37
13	mjn	f	25	1	diamond	green	(533, 540)	high	dis	(757, 540)	N	dif	hori	left	True	1832297	1833231	left	1	6	38
13	mjn	f	25	1	diamond	green	(533, 540)	high	dis	(757, 540)	N	same	vert	up	True	1834387	1835654	up	1	6	39
13	mjn	f	25	1	circle	red	(724, 619)	low	no	no_dis	N	same	hori	left	True	1836780	1838014	left	1	6	40
13	mjn	f	25	1	circle	green	(757, 540)	low	dis	(645, 428)	N	same	hori	left	True	1839026	1840254	left	1	6	41
13	mjn	f	25	1	circle	red	(533, 540)	high	no	no_dis	N	dif	vert	up	True	1841316	1842270	up	1	6	42
13	mjn	f	25	1	circle	red	(645, 652)	low	no	no_dis	N	dif	hori	left	True	1843320	1844223	left	1	6	43
13	mjn	f	25	1	circle	red	(533, 540)	high	dis	(565, 619)	N	dif	hori	left	True	1845339	1846287	left	1	6	44
13	mjn	f	25	1	circle	red	(645, 428)	low	dis	(565, 460)	N	same	vert	up	True	1847520	1848550	up	1	6	45
13	mjn	f	25	1	diamond	red	(645, 428)	low	no	no_dis	N	same	hori	left	True	1849612	1851390	left	1	6	46
13	mjn	f	25	1	circle	red	(757, 540)	low	no	no_dis	N	same	vert	up	True	1852398	1854350	up	1	6	47
13	mjn	f	25	1	circle	green	(533, 540)	high	dis	(724, 460)	N	dif	vert	up	True	1855374	1856559	up	1	6	48
13	mjn	f	25	1	circle	red	(533, 540)	high	no	no_dis	N	dif	vert	up	True	1857629	1859190	up	1	6	49
13	mjn	f	25	1	diamond	red	(533, 540)	high	no	no_dis	N	dif	hori	left	True	1860340	1861967	left	1	6	50
13	mjn	f	25	1	circle	red	(565, 460)	low	dis	(724, 619)	N	dif	vert	up	True	1863149	1864310	up	1	6	51
13	mjn	f	25	1	diamond	green	(533, 540)	high	dis	(645, 428)	N	same	hori	left	True	1865360	1866390	left	1	6	52
13	mjn	f	25	1	diamond	red	(533, 540)	high	no	no_dis	N	same	vert	up	True	1867544	1868503	up	1	6	53
13	mjn	f	25	1	diamond	red	(533, 540)	high	dis	(645, 428)	N	same	hori	left	True	1869654	1870895	left	1	6	54
13	mjn	f	25	1	circle	red	(533, 540)	high	no	no_dis	N	same	hori	left	True	1872144	1873134	left	1	6	55
13	mjn	f	25	1	circle	green	(645, 652)	low	dis	(645, 428)	N	same	vert	up	True	1874285	1875534	up	1	6	56
13	mjn	f	25	1	diamond	red	(565, 460)	low	no	no_dis	N	same	hori	left	True	1876724	1877598	left	1	6	57
13	mjn	f	25	1	circle	green	(533, 540)	high	dis	(565, 460)	N	same	vert	up	True	1878640	1879887	up	1	6	58
13	mjn	f	25	1	diamond	red	(724, 619)	low	dis	(533, 540)	Y	dif	vert	up	True	1880978	1882655	up	1	6	59
13	mjn	f	25	1	circle	red	(724, 619)	low	no	no_dis	N	dif	vert	up	True	1883811	1885006	up	1	6	60
13	mjn	f	25	1	diamond	green	(565, 460)	low	dis	(533, 540)	Y	dif	hori	left	True	1886170	1887310	left	1	6	61
13	mjn	f	25	1	diamond	red	(533, 540)	high	dis	(724, 460)	N	same	vert	up	True	1888385	1889838	up	1	6	62
13	mjn	f	25	1	circle	green	(724, 619)	low	dis	(533, 540)	Y	same	hori	left	True	1891011	1892094	left	1	6	63
13	mjn	f	25	1	circle	green	(645, 428)	low	dis	(724, 619)	N	dif	vert	up	True	1893166	1894543	up	1	6	64
13	mjn	f	25	1	circle	green	(533, 540)	high	dis	(565, 619)	N	dif	vert	up	True	1895659	1897694	up	1	6	65
13	mjn	f	25	1	circle	red	(533, 540)	high	dis	(757, 540)	N	dif	vert	up	True	1898894	1899879	up	1	6	66
13	mjn	f	25	1	circle	green	(533, 540)	high	dis	(565, 460)	N	same	hori	left	True	1900908	1902126	left	1	6	67
13	mjn	f	25	1	diamond	green	(724, 619)	low	dis	(645, 652)	N	same	vert	up	True	1903273	1904623	up	1	6	68
13	mjn	f	25	1	diamond	red	(645, 428)	low	no	no_dis	N	dif	vert	up	True	1905646	1907247	up	1	6	69
13	mjn	f	25	1	diamond	red	(565, 619)	low	no	no_dis	N	same	hori	left	True	1908485	1909903	left	1	6	70
13	mjn	f	25	1	diamond	green	(645, 652)	low	no	no_dis	N	dif	vert	up	True	1911016	1912111	up	1	6	71
13	mjn	f	25	1	diamond	red	(645, 428)	low	dis	(645, 652)	N	dif	vert	up	True	1913281	1914503	up	1	6	72
13	mjn	f	25	1	circle	red	(533, 540)	high	dis	(757, 540)	N	same	hori	left	True	1915709	1916686	left	1	6	73
13	mjn	f	25	1	diamond	red	(533, 540)	high	no	no_dis	N	dif	hori	left	True	1917694	1918614	left	1	6	74
13	mjn	f	25	1	diamond	red	(533, 540)	high	no	no_dis	N	same	vert	up	True	1919769	1920958	up	1	6	75
13	mjn	f	25	1	diamond	green	(565, 619)	low	dis	(645, 652)	N	dif	hori	left	True	1921975	1923366	left	1	6	76
13	mjn	f	25	1	circle	green	(565, 460)	low	dis	(757, 540)	N	dif	hori	left	True	1924475	1925423	left	1	6	77
13	mjn	f	25	1	circle	red	(533, 540)	high	dis	(645, 428)	N	dif	hori	left	True	1926536	1927590	left	1	6	78
13	mjn	f	25	1	circle	green	(533, 540)	high	dis	(724, 460)	N	same	vert	up	True	1928604	1929758	up	1	6	79
13	mjn	f	25	1	circle	green	(533, 540)	high	dis	(757, 540)	N	dif	hori	left	True	1930872	1932119	left	1	6	80
13	mjn	f	25	1	diamond	red	(533, 540)	high	dis	(565, 460)	N	same	vert	up	True	1933208	1934839	up	1	6	81
13	mjn	f	25	1	circle	red	(724, 460)	low	dis	(533, 540)	Y	same	hori	left	True	1935946	1936911	left	1	6	82
13	mjn	f	25	1	diamond	green	(533, 540)	high	dis	(724, 619)	N	same	hori	left	True	1937919	1939223	left	1	6	83
13	mjn	f	25	1	diamond	green	(645, 428)	low	dis	(565, 619)	N	dif	hori	left	True	1940279	1941942	left	1	6	84
13	mjn	f	25	1	circle	green	(533, 540)	high	no	no_dis	N	same	hori	left	True	1943100	1943974	left	1	6	85
13	mjn	f	25	1	circle	green	(533, 540)	high	dis	(565, 619)	N	same	vert	up	True	1945034	1946718	up	1	6	86
13	mjn	f	25	1	circle	green	(533, 540)	high	dis	(565, 460)	N	dif	vert	up	True	1947730	1949047	up	1	6	87
13	mjn	f	25	1	diamond	green	(724, 460)	low	no	no_dis	N	dif	hori	left	True	1950138	1951159	left	1	6	88
13	mjn	f	25	1	circle	red	(533, 540)	high	no	no_dis	N	same	vert	up	True	1952303	1953215	up	1	6	89
13	mjn	f	25	1	diamond	red	(724, 460)	low	dis	(757, 540)	N	dif	hori	left	True	1954396	1956174	left	1	6	90
13	mjn	f	25	1	diamond	green	(533, 540)	high	no	no_dis	N	dif	hori	left	True	1957354	1958934	left	1	6	91
13	mjn	f	25	1	circle	red	(533, 540)	high	dis	(645, 428)	N	dif	hori	left	True	1960163	1961159	left	1	6	92
13	mjn	f	25	1	diamond	red	(533, 540)	high	dis	(565, 460)	N	dif	hori	left	True	1962373	1963390	left	1	6	93
13	mjn	f	25	1	circle	green	(533, 540)	high	dis	(645, 428)	N	dif	vert	up	True	1964404	1965607	up	1	6	94
13	mjn	f	25	1	diamond	red	(533, 540)	high	dis	(724, 619)	N	dif	vert	up	True	1966810	1968142	up	1	6	95
13	mjn	f	25	1	diamond	red	(533, 540)	high	dis	(757, 540)	N	same	vert	up	True	1969346	1970694	up	1	6	96
13	mjn	f	25	1	diamond	green	(533, 540)	high	dis	(565, 619)	N	dif	vert	up	True	1971888	1973006	up	1	6	97
13	mjn	f	25	1	diamond	red	(533, 540)	high	dis	(645, 428)	N	same	hori	left	True	1974158	1975255	left	1	6	98
13	mjn	f	25	1	diamond	red	(533, 540)	high	no	no_dis	N	dif	vert	up	True	1976400	1977318	up	1	6	99
13	mjn	f	25	1	circle	green	(533, 540)	high	dis	(724, 619)	N	dif	vert	up	True	1978364	1979598	up	1	6	100
13	mjn	f	25	1	diamond	green	(533, 540)	high	no	no_dis	N	dif	vert	up	True	1980724	1981655	up	1	6	101
13	mjn	f	25	1	diamond	green	(565, 619)	low	no	no_dis	N	dif	hori	left	True	1982683	1983639	left	1	6	102
13	mjn	f	25	1	diamond	red	(533, 540)	high	no	no_dis	N	dif	vert	up	True	1984804	1985798	up	1	6	103
13	mjn	f	25	1	circle	green	(533, 540)	high	dis	(724, 460)	N	same	hori	left	True	1986948	1988422	left	1	6	104
13	mjn	f	25	1	diamond	green	(533, 540)	high	dis	(645, 652)	N	dif	vert	up	True	1989457	1990486	up	1	6	105
13	mjn	f	25	1	circle	green	(533, 540)	high	no	no_dis	N	dif	hori	left	True	1991668	1992526	left	1	6	106
13	mjn	f	25	1	circle	green	(533, 540)	high	no	no_dis	N	same	hori	left	True	1993605	1994646	left	1	6	107
13	mjn	f	25	1	circle	red	(533, 540)	high	dis	(565, 460)	N	dif	vert	up	True	1995865	1996951	up	1	6	108
13	mjn	f	25	1	diamond	green	(757, 540)	low	no	no_dis	N	same	vert	up	True	1998189	1999143	up	1	6	109
13	mjn	f	25	1	circle	green	(724, 460)	low	no	no_dis	N	same	vert	up	True	2000165	2002015	up	1	6	110
13	mjn	f	25	1	diamond	green	(533, 540)	high	dis	(757, 540)	N	dif	vert	up	True	2003191	2004774	up	1	6	111
13	mjn	f	25	1	circle	red	(565, 619)	low	dis	(724, 619)	N	same	vert	up	True	2005811	2006991	up	1	6	112
13	mjn	f	25	1	diamond	green	(533, 540)	high	no	no_dis	N	dif	hori	left	True	2008027	2009022	left	1	6	113
13	mjn	f	25	1	circle	red	(645, 652)	low	dis	(533, 540)	Y	dif	hori	left	True	2010243	2011702	left	1	6	114
13	mjn	f	25	1	diamond	green	(724, 460)	low	dis	(565, 619)	N	dif	vert	up	True	2012881	2014366	up	1	6	115
13	mjn	f	25	1	diamond	red	(533, 540)	high	dis	(565, 460)	N	dif	hori	left	True	2015461	2016503	left	1	6	116
13	mjn	f	25	1	diamond	red	(645, 652)	low	dis	(533, 540)	Y	same	vert	up	True	2017594	2018727	up	1	6	117
13	mjn	f	25	1	diamond	green	(645, 428)	low	dis	(533, 540)	Y	same	vert	up	True	2019730	2020935	up	1	6	118
13	mjn	f	25	1	diamond	red	(757, 540)	low	dis	(724, 460)	N	dif	hori	left	True	2022002	2023119	left	1	6	119
13	mjn	f	25	1	circle	green	(724, 460)	low	no	no_dis	N	dif	hori	left	True	2024202	2026038	left	1	6	120
conf	13	mjn	f	25	1	True	2066935	2362039	5	True	2362050	2369687	2
