subj	name	gender	age	prac	shape	color	tar_loc	popularity	dis_cond	dis_loc	dis_high	td_dif	line	respkey	gotkey	startTime	respTime	resp	correct	block	trialnum
16	wr	f	22	1	circle	green	(724, 619)	high	dis	(645, 428)	N	same	hori	left	True	23411	26292	left	1	1	1
16	wr	f	22	1	diamond	green	(724, 619)	high	no	no_dis	N	same	vert	up	True	27479	28803	up	1	1	2
16	wr	f	22	1	circle	green	(724, 619)	high	dis	(533, 540)	N	same	hori	left	True	29823	31571	left	1	1	3
16	wr	f	22	1	diamond	red	(724, 619)	high	no	no_dis	N	dif	vert	up	True	32677	33788	up	1	1	4
16	wr	f	22	1	diamond	red	(724, 619)	high	dis	(533, 540)	N	same	vert	up	True	34846	36531	up	1	1	5
16	wr	f	22	1	diamond	green	(757, 540)	low	dis	(645, 428)	N	dif	vert	up	True	37739	39171	up	1	1	6
16	wr	f	22	1	diamond	green	(724, 619)	high	no	no_dis	N	same	vert	up	True	40298	41579	up	1	1	7
16	wr	f	22	1	diamond	red	(645, 428)	low	no	no_dis	N	same	hori	left	True	42738	44180	left	1	1	8
16	wr	f	22	1	diamond	green	(533, 540)	low	no	no_dis	N	dif	hori	left	True	45235	46643	left	1	1	9
16	wr	f	22	1	circle	red	(565, 619)	low	dis	(533, 540)	N	dif	vert	up	True	47779	49219	up	1	1	10
16	wr	f	22	1	diamond	green	(724, 619)	high	dis	(645, 652)	N	same	hori	left	True	50467	53060	left	1	1	11
16	wr	f	22	1	diamond	red	(565, 619)	low	no	no_dis	N	dif	hori	left	True	54218	55604	left	1	1	12
16	wr	f	22	1	diamond	green	(724, 619)	high	dis	(533, 540)	N	dif	hori	left	True	56850	57859	left	1	1	13
16	wr	f	22	1	circle	green	(757, 540)	low	dis	(724, 619)	Y	dif	hori	left	True	59058	59835	up	0	1	14
16	wr	f	22	1	circle	green	(724, 619)	high	no	no_dis	N	same	hori	left	True	62582	63931	left	1	1	15
16	wr	f	22	1	circle	green	(645, 428)	low	dis	(565, 460)	N	dif	hori	left	True	65124	66243	up	0	1	16
16	wr	f	22	1	circle	red	(757, 540)	low	dis	(645, 652)	N	same	hori	left	True	68784	70196	left	1	1	17
16	wr	f	22	1	diamond	green	(724, 460)	low	dis	(645, 652)	N	dif	vert	up	True	71322	73148	up	1	1	18
16	wr	f	22	1	circle	red	(724, 619)	high	no	no_dis	N	dif	vert	up	True	74336	75883	up	1	1	19
16	wr	f	22	1	circle	green	(724, 619)	high	no	no_dis	N	same	hori	left	True	76973	78291	left	1	1	20
16	wr	f	22	1	diamond	green	(645, 652)	low	dis	(724, 619)	Y	dif	vert	up	True	79480	80795	up	1	1	21
16	wr	f	22	1	circle	green	(724, 619)	high	dis	(757, 540)	N	dif	vert	up	True	81940	83164	up	1	1	22
16	wr	f	22	1	diamond	red	(724, 619)	high	dis	(724, 460)	N	dif	vert	up	True	84412	86595	up	1	1	23
16	wr	f	22	1	diamond	green	(565, 619)	low	dis	(565, 460)	N	same	vert	up	True	87791	89779	up	1	1	24
16	wr	f	22	1	circle	green	(757, 540)	low	dis	(724, 460)	N	same	vert	up	True	90848	92427	up	1	1	25
16	wr	f	22	1	circle	green	(724, 619)	high	dis	(724, 460)	N	same	hori	left	True	93496	96147	left	1	1	26
16	wr	f	22	1	circle	green	(724, 619)	high	dis	(724, 460)	N	dif	hori	left	True	97293	98292	left	1	1	27
16	wr	f	22	1	diamond	red	(724, 619)	high	dis	(645, 428)	N	dif	hori	left	True	99367	100803	left	1	1	28
16	wr	f	22	1	diamond	green	(533, 540)	low	dis	(645, 652)	N	dif	hori	left	True	102021	103211	up	0	1	29
16	wr	f	22	1	diamond	green	(724, 619)	high	dis	(565, 460)	N	same	vert	up	True	105965	107731	up	1	1	30
16	wr	f	22	1	circle	red	(724, 619)	high	dis	(565, 460)	N	dif	vert	up	True	108911	110563	up	1	1	31
16	wr	f	22	1	circle	green	(724, 619)	high	dis	(645, 428)	N	dif	hori	left	True	111699	113699	left	1	1	32
16	wr	f	22	1	diamond	red	(724, 619)	high	dis	(724, 460)	N	dif	vert	up	True	114758	116547	up	1	1	33
16	wr	f	22	1	circle	green	(724, 619)	high	dis	(565, 619)	N	dif	hori	left	True	117701	118852	left	1	1	34
16	wr	f	22	1	circle	red	(724, 619)	high	dis	(757, 540)	N	same	vert	up	True	120046	121707	left	0	1	35
16	wr	f	22	1	circle	red	(724, 619)	high	dis	(533, 540)	N	same	vert	up	True	124254	126571	up	1	1	36
16	wr	f	22	1	circle	red	(645, 652)	low	dis	(757, 540)	N	dif	hori	left	True	127693	129307	left	1	1	37
16	wr	f	22	1	circle	red	(724, 619)	high	dis	(645, 428)	N	same	hori	left	True	130366	131547	left	1	1	38
16	wr	f	22	1	diamond	green	(724, 619)	high	dis	(565, 619)	N	same	vert	up	True	132568	134116	up	1	1	39
16	wr	f	22	1	circle	green	(724, 460)	low	no	no_dis	N	same	hori	left	True	135174	136652	left	1	1	40
16	wr	f	22	1	diamond	red	(724, 619)	high	dis	(533, 540)	N	same	hori	left	True	137696	139907	left	1	1	41
16	wr	f	22	1	circle	green	(724, 619)	high	dis	(645, 428)	N	same	vert	up	True	141064	142387	up	1	1	42
16	wr	f	22	1	diamond	green	(724, 619)	high	no	no_dis	N	same	hori	left	True	143494	144931	left	1	1	43
16	wr	f	22	1	diamond	red	(724, 460)	low	dis	(757, 540)	N	same	vert	up	True	145966	147691	up	1	1	44
16	wr	f	22	1	diamond	green	(645, 428)	low	dis	(724, 460)	N	same	vert	up	True	148860	150243	up	1	1	45
16	wr	f	22	1	circle	green	(724, 619)	high	dis	(645, 652)	N	dif	hori	left	True	151358	152755	left	1	1	46
16	wr	f	22	1	diamond	green	(724, 619)	high	dis	(533, 540)	N	dif	vert	up	True	153765	155476	up	1	1	47
16	wr	f	22	1	circle	red	(757, 540)	low	no	no_dis	N	dif	vert	up	True	156700	158467	up	1	1	48
16	wr	f	22	1	diamond	red	(724, 619)	high	no	no_dis	N	dif	vert	up	True	159606	162227	up	1	1	49
16	wr	f	22	1	diamond	red	(533, 540)	low	dis	(724, 619)	Y	same	hori	left	True	163332	165787	left	1	1	50
16	wr	f	22	1	circle	red	(565, 619)	low	no	no_dis	N	dif	hori	left	True	166911	167907	left	1	1	51
16	wr	f	22	1	diamond	red	(565, 619)	low	dis	(724, 619)	Y	same	hori	left	True	169073	170347	left	1	1	52
16	wr	f	22	1	circle	red	(724, 619)	high	dis	(645, 652)	N	same	vert	up	True	171470	172531	up	1	1	53
16	wr	f	22	1	diamond	green	(724, 619)	high	dis	(565, 460)	N	same	vert	up	True	173764	175523	up	1	1	54
16	wr	f	22	1	circle	green	(724, 619)	high	dis	(724, 460)	N	dif	vert	up	True	176528	178580	up	1	1	55
16	wr	f	22	1	circle	red	(724, 619)	high	dis	(645, 652)	N	same	vert	up	True	179760	182163	up	1	1	56
16	wr	f	22	1	diamond	red	(724, 619)	high	no	no_dis	N	same	hori	left	True	183373	185308	left	1	1	57
16	wr	f	22	1	circle	green	(533, 540)	low	dis	(565, 619)	N	same	vert	up	True	186442	187907	up	1	1	58
16	wr	f	22	1	diamond	red	(645, 652)	low	no	no_dis	N	same	vert	up	True	189107	190275	up	1	1	59
16	wr	f	22	1	diamond	green	(565, 460)	low	dis	(724, 619)	Y	same	hori	left	True	191472	192988	left	1	1	60
16	wr	f	22	1	diamond	green	(724, 619)	high	dis	(565, 460)	N	dif	hori	left	True	194036	195451	left	1	1	61
16	wr	f	22	1	diamond	red	(724, 619)	high	dis	(645, 428)	N	same	vert	up	True	196696	198740	up	1	1	62
16	wr	f	22	1	circle	red	(645, 652)	low	dis	(565, 619)	N	same	vert	up	True	199843	201627	up	1	1	63
16	wr	f	22	1	circle	red	(565, 460)	low	no	no_dis	N	dif	hori	left	True	202706	203987	left	1	1	64
16	wr	f	22	1	diamond	red	(724, 619)	high	dis	(565, 619)	N	dif	vert	up	True	205234	206779	up	1	1	65
16	wr	f	22	1	diamond	green	(724, 619)	high	no	no_dis	N	dif	vert	up	True	207929	209891	up	1	1	66
16	wr	f	22	1	diamond	green	(724, 619)	high	no	no_dis	N	same	vert	up	True	211123	212803	up	1	1	67
16	wr	f	22	1	circle	green	(565, 460)	low	no	no_dis	N	dif	vert	up	True	213869	215731	up	1	1	68
16	wr	f	22	1	diamond	green	(724, 619)	high	no	no_dis	N	dif	hori	left	True	216976	219067	left	1	1	69
16	wr	f	22	1	diamond	green	(724, 619)	high	dis	(757, 540)	N	dif	vert	up	True	220235	221923	up	1	1	70
16	wr	f	22	1	diamond	red	(724, 619)	high	no	no_dis	N	same	vert	up	True	223116	224187	up	1	1	71
16	wr	f	22	1	circle	green	(565, 619)	low	dis	(724, 619)	Y	dif	vert	up	True	225201	226891	up	1	1	72
16	wr	f	22	1	circle	red	(724, 619)	high	no	no_dis	N	dif	vert	up	True	228007	229331	up	1	1	73
16	wr	f	22	1	circle	red	(724, 619)	high	no	no_dis	N	same	vert	up	True	230535	231532	up	1	1	74
16	wr	f	22	1	diamond	red	(724, 619)	high	dis	(645, 428)	N	same	vert	up	True	232747	233667	up	1	1	75
16	wr	f	22	1	diamond	red	(724, 619)	high	no	no_dis	N	dif	hori	left	True	234748	235907	left	1	1	76
16	wr	f	22	1	diamond	green	(724, 619)	high	dis	(757, 540)	N	same	hori	left	True	237117	238763	left	1	1	77
16	wr	f	22	1	circle	green	(565, 460)	low	dis	(533, 540)	N	dif	vert	up	True	239996	241195	left	0	1	78
16	wr	f	22	1	diamond	red	(645, 428)	low	dis	(724, 619)	Y	same	hori	left	True	243839	245556	left	1	1	79
16	wr	f	22	1	diamond	red	(533, 540)	low	dis	(565, 460)	N	dif	vert	up	True	246712	248811	up	1	1	80
16	wr	f	22	1	diamond	red	(565, 460)	low	dis	(565, 619)	N	same	vert	up	True	250026	251396	up	1	1	81
16	wr	f	22	1	diamond	red	(724, 619)	high	dis	(724, 460)	N	dif	hori	left	True	252504	253675	up	0	1	82
16	wr	f	22	1	circle	red	(533, 540)	low	dis	(645, 652)	N	same	hori	left	True	256365	257835	left	1	1	83
16	wr	f	22	1	diamond	red	(724, 619)	high	dis	(565, 460)	N	dif	vert	up	True	259066	260979	up	1	1	84
16	wr	f	22	1	diamond	red	(724, 619)	high	dis	(565, 619)	N	same	hori	left	True	262205	264083	left	1	1	85
16	wr	f	22	1	circle	green	(724, 619)	high	no	no_dis	N	same	vert	up	True	265278	266659	up	1	1	86
16	wr	f	22	1	diamond	red	(757, 540)	low	dis	(724, 619)	Y	dif	hori	left	True	267834	269508	left	1	1	87
16	wr	f	22	1	circle	red	(724, 619)	high	no	no_dis	N	dif	hori	left	True	270510	272291	left	1	1	88
16	wr	f	22	1	circle	red	(533, 540)	low	no	no_dis	N	same	hori	left	True	273343	274604	left	1	1	89
16	wr	f	22	1	diamond	red	(724, 619)	high	dis	(565, 619)	N	same	hori	left	True	275802	277051	left	1	1	90
16	wr	f	22	1	circle	red	(565, 460)	low	dis	(645, 428)	N	dif	vert	up	True	278272	279524	up	1	1	91
16	wr	f	22	1	circle	green	(645, 652)	low	dis	(724, 460)	N	same	hori	left	True	280682	283299	left	1	1	92
16	wr	f	22	1	circle	red	(724, 619)	high	no	no_dis	N	same	hori	left	True	284392	285836	left	1	1	93
16	wr	f	22	1	circle	green	(645, 652)	low	no	no_dis	N	same	vert	up	True	287000	287971	up	1	1	94
16	wr	f	22	1	diamond	red	(757, 540)	low	no	no_dis	N	same	vert	up	True	289197	290836	up	1	1	95
16	wr	f	22	1	circle	red	(724, 619)	high	dis	(645, 652)	N	dif	hori	left	True	292077	293531	left	1	1	96
16	wr	f	22	1	diamond	green	(724, 619)	high	dis	(724, 460)	N	dif	vert	up	True	294599	295716	left	0	1	97
16	wr	f	22	1	diamond	green	(645, 428)	low	dis	(533, 540)	N	dif	hori	left	True	298448	299955	left	1	1	98
16	wr	f	22	1	circle	red	(724, 619)	high	dis	(757, 540)	N	dif	hori	left	True	300992	303051	left	1	1	99
16	wr	f	22	1	circle	red	(724, 619)	high	dis	(565, 460)	N	same	vert	up	False	304252	None	None	0	1	100
16	wr	f	22	1	circle	green	(724, 619)	high	no	no_dis	N	same	hori	left	True	309964	311099	left	1	1	101
16	wr	f	22	1	circle	green	(724, 619)	high	no	no_dis	N	dif	hori	left	True	312318	313163	left	1	1	102
16	wr	f	22	1	circle	red	(645, 428)	low	dis	(724, 619)	Y	same	hori	left	True	314397	316211	left	1	1	103
16	wr	f	22	1	circle	green	(724, 619)	high	dis	(565, 619)	N	same	hori	left	True	317456	318804	left	1	1	104
16	wr	f	22	1	circle	red	(724, 460)	low	dis	(724, 619)	Y	dif	hori	left	True	319921	321291	left	1	1	105
16	wr	f	22	1	circle	red	(724, 619)	high	dis	(645, 652)	N	same	hori	left	True	322458	323475	left	1	1	106
16	wr	f	22	1	diamond	red	(724, 619)	high	no	no_dis	N	dif	hori	left	False	324595	None	None	0	1	107
16	wr	f	22	1	diamond	green	(645, 428)	low	no	no_dis	N	dif	vert	up	True	330203	331955	up	1	1	108
16	wr	f	22	1	circle	green	(724, 460)	low	no	no_dis	N	same	vert	up	True	333091	334443	up	1	1	109
16	wr	f	22	1	circle	red	(724, 619)	high	no	no_dis	N	dif	hori	left	True	335688	337187	left	1	1	110
16	wr	f	22	1	circle	red	(724, 619)	high	dis	(565, 619)	N	same	hori	left	True	338389	340444	left	1	1	111
16	wr	f	22	1	diamond	red	(645, 652)	low	dis	(645, 428)	N	dif	hori	left	True	341556	343100	left	1	1	112
16	wr	f	22	1	circle	green	(724, 619)	high	no	no_dis	N	dif	vert	up	True	344290	345339	up	1	1	113
16	wr	f	22	1	diamond	green	(724, 619)	high	dis	(533, 540)	N	dif	hori	left	True	346571	347739	left	1	1	114
16	wr	f	22	1	diamond	green	(533, 540)	low	no	no_dis	N	same	hori	left	True	348949	350459	left	1	1	115
16	wr	f	22	1	diamond	green	(645, 652)	low	no	no_dis	N	dif	vert	up	True	351539	352707	up	1	1	116
16	wr	f	22	1	diamond	green	(724, 619)	high	dis	(565, 460)	N	dif	hori	left	True	353807	354939	left	1	1	117
16	wr	f	22	1	circle	green	(724, 619)	high	dis	(757, 540)	N	dif	vert	up	True	355971	357340	up	1	1	118
16	wr	f	22	1	circle	green	(724, 460)	low	dis	(757, 540)	N	same	vert	up	True	358457	361451	up	1	1	119
16	wr	f	22	1	circle	red	(724, 619)	high	dis	(757, 540)	N	dif	vert	up	True	362643	364171	up	1	1	120
16	wr	f	22	1	diamond	green	(724, 619)	high	dis	(565, 619)	N	same	hori	left	True	406979	409939	left	1	2	1
16	wr	f	22	1	diamond	green	(565, 460)	low	no	no_dis	N	dif	vert	up	True	411055	412716	up	1	2	2
16	wr	f	22	1	circle	green	(724, 619)	high	dis	(565, 619)	N	dif	vert	up	True	413826	416211	up	1	2	3
16	wr	f	22	1	diamond	red	(565, 619)	low	no	no_dis	N	same	hori	left	True	417414	418627	left	1	2	4
16	wr	f	22	1	circle	red	(724, 619)	high	dis	(645, 428)	N	dif	vert	up	True	419849	421211	up	1	2	5
16	wr	f	22	1	circle	red	(757, 540)	low	dis	(724, 460)	N	same	vert	up	True	422413	423508	up	1	2	6
16	wr	f	22	1	circle	red	(757, 540)	low	no	no_dis	N	dif	vert	up	True	424739	425547	up	1	2	7
16	wr	f	22	1	diamond	green	(645, 428)	low	dis	(724, 619)	Y	dif	hori	left	True	426659	427812	left	1	2	8
16	wr	f	22	1	circle	red	(757, 540)	low	no	no_dis	N	dif	vert	up	True	429059	430003	up	1	2	9
16	wr	f	22	1	diamond	red	(724, 619)	high	no	no_dis	N	same	vert	up	True	431136	432435	up	1	2	10
16	wr	f	22	1	circle	green	(724, 619)	high	dis	(645, 428)	N	dif	vert	up	True	433520	434939	up	1	2	11
16	wr	f	22	1	circle	green	(724, 460)	low	no	no_dis	N	same	vert	up	True	436077	437035	up	1	2	12
16	wr	f	22	1	circle	red	(724, 619)	high	dis	(757, 540)	N	same	vert	up	True	438094	438980	up	1	2	13
16	wr	f	22	1	diamond	red	(724, 619)	high	dis	(724, 460)	N	dif	vert	up	True	440216	441371	up	1	2	14
16	wr	f	22	1	diamond	green	(724, 619)	high	dis	(565, 460)	N	dif	hori	left	True	442527	444107	left	1	2	15
16	wr	f	22	1	diamond	red	(724, 619)	high	dis	(645, 652)	N	dif	vert	up	True	445229	446163	left	0	2	16
16	wr	f	22	1	circle	green	(724, 619)	high	no	no_dis	N	dif	hori	left	True	448896	449827	left	1	2	17
16	wr	f	22	1	diamond	red	(757, 540)	low	no	no_dis	N	same	vert	up	True	450978	452507	up	1	2	18
16	wr	f	22	1	circle	green	(565, 619)	low	dis	(565, 460)	N	dif	hori	left	True	453688	455019	left	1	2	19
16	wr	f	22	1	diamond	red	(724, 619)	high	dis	(645, 428)	N	dif	vert	up	True	456039	457676	up	1	2	20
16	wr	f	22	1	circle	green	(645, 428)	low	dis	(724, 619)	Y	same	hori	left	True	458844	460931	left	1	2	21
16	wr	f	22	1	circle	red	(724, 460)	low	no	no_dis	N	same	hori	left	True	461987	463324	left	1	2	22
16	wr	f	22	1	circle	red	(724, 619)	high	dis	(724, 460)	N	same	hori	left	True	464339	465284	left	1	2	23
16	wr	f	22	1	circle	red	(565, 619)	low	dis	(757, 540)	N	same	hori	left	True	466505	467323	left	1	2	24
16	wr	f	22	1	circle	green	(724, 619)	high	dis	(533, 540)	N	same	hori	left	True	468480	469579	left	1	2	25
16	wr	f	22	1	diamond	red	(757, 540)	low	dis	(645, 428)	N	dif	vert	up	True	470687	471771	up	1	2	26
16	wr	f	22	1	circle	red	(724, 619)	high	dis	(533, 540)	N	dif	hori	left	True	472929	474188	left	1	2	27
16	wr	f	22	1	circle	red	(565, 460)	low	dis	(724, 619)	Y	dif	hori	left	True	475228	476251	left	1	2	28
16	wr	f	22	1	circle	green	(724, 619)	high	no	no_dis	N	dif	vert	up	True	477391	478228	up	1	2	29
16	wr	f	22	1	diamond	red	(565, 460)	low	dis	(565, 619)	N	same	hori	left	True	479464	480483	left	1	2	30
16	wr	f	22	1	diamond	green	(724, 619)	high	dis	(533, 540)	N	same	hori	left	True	481689	483044	left	1	2	31
16	wr	f	22	1	circle	green	(645, 652)	low	dis	(724, 619)	Y	same	hori	left	True	484089	485307	left	1	2	32
16	wr	f	22	1	circle	green	(724, 619)	high	dis	(724, 460)	N	same	vert	up	True	486434	487628	up	1	2	33
16	wr	f	22	1	diamond	green	(565, 460)	low	dis	(533, 540)	N	same	vert	up	True	488722	490676	up	1	2	34
16	wr	f	22	1	circle	red	(724, 619)	high	dis	(645, 652)	N	dif	hori	left	True	491803	493347	left	1	2	35
16	wr	f	22	1	circle	green	(724, 619)	high	dis	(757, 540)	N	same	vert	up	True	494467	495587	up	1	2	36
16	wr	f	22	1	diamond	red	(565, 619)	low	dis	(724, 619)	Y	dif	hori	left	True	496674	497819	up	0	2	37
16	wr	f	22	1	circle	red	(724, 619)	high	dis	(645, 428)	N	dif	vert	up	True	500497	501915	left	0	2	38
16	wr	f	22	1	circle	red	(533, 540)	low	dis	(724, 619)	Y	same	hori	left	True	504480	505467	left	1	2	39
16	wr	f	22	1	diamond	green	(724, 619)	high	no	no_dis	N	same	hori	left	True	506708	507603	left	1	2	40
16	wr	f	22	1	diamond	red	(724, 619)	high	dis	(757, 540)	N	same	hori	left	True	508772	510596	left	1	2	41
16	wr	f	22	1	diamond	red	(724, 619)	high	no	no_dis	N	same	vert	up	True	511668	512955	up	1	2	42
16	wr	f	22	1	diamond	red	(724, 460)	low	dis	(645, 428)	N	dif	hori	left	True	514112	516220	left	1	2	43
16	wr	f	22	1	circle	green	(724, 460)	low	dis	(757, 540)	N	same	vert	up	True	517246	518931	up	1	2	44
16	wr	f	22	1	diamond	green	(724, 619)	high	no	no_dis	N	same	vert	up	True	519990	521195	up	1	2	45
16	wr	f	22	1	circle	red	(724, 619)	high	no	no_dis	N	dif	vert	up	True	522426	523244	up	1	2	46
16	wr	f	22	1	circle	red	(645, 652)	low	no	no_dis	N	dif	hori	left	True	524410	525395	left	1	2	47
16	wr	f	22	1	diamond	green	(645, 652)	low	no	no_dis	N	dif	hori	left	True	526558	527700	left	1	2	48
16	wr	f	22	1	diamond	green	(724, 619)	high	dis	(645, 652)	N	same	vert	up	True	528763	530739	up	1	2	49
16	wr	f	22	1	circle	green	(724, 619)	high	no	no_dis	N	dif	vert	up	True	531771	532779	up	1	2	50
16	wr	f	22	1	circle	red	(724, 619)	high	no	no_dis	N	dif	vert	up	True	534000	535091	up	1	2	51
16	wr	f	22	1	circle	red	(724, 619)	high	no	no_dis	N	same	hori	left	True	536234	537267	left	1	2	52
16	wr	f	22	1	circle	green	(724, 619)	high	no	no_dis	N	same	hori	left	True	538360	539180	left	1	2	53
16	wr	f	22	1	diamond	green	(724, 619)	high	no	no_dis	N	same	hori	left	True	540424	541435	left	1	2	54
16	wr	f	22	1	diamond	green	(565, 619)	low	dis	(565, 460)	N	same	vert	up	True	542505	544107	up	1	2	55
16	wr	f	22	1	diamond	red	(724, 619)	high	no	no_dis	N	dif	hori	left	True	545285	546276	left	1	2	56
16	wr	f	22	1	circle	green	(757, 540)	low	dis	(565, 460)	N	dif	vert	up	True	547501	548516	up	1	2	57
16	wr	f	22	1	circle	red	(724, 619)	high	dis	(565, 460)	N	same	vert	up	True	549690	551204	up	1	2	58
16	wr	f	22	1	circle	green	(724, 619)	high	dis	(565, 460)	N	same	hori	left	True	552210	553227	left	1	2	59
16	wr	f	22	1	circle	green	(724, 619)	high	no	no_dis	N	dif	vert	up	True	554344	555347	up	1	2	60
16	wr	f	22	1	diamond	green	(757, 540)	low	dis	(724, 460)	N	same	vert	up	True	556398	557651	up	1	2	61
16	wr	f	22	1	diamond	green	(724, 619)	high	dis	(645, 428)	N	dif	hori	left	True	558897	560020	left	1	2	62
16	wr	f	22	1	diamond	red	(565, 460)	low	no	no_dis	N	dif	hori	left	True	561213	562099	left	1	2	63
16	wr	f	22	1	circle	red	(724, 619)	high	dis	(565, 460)	N	dif	hori	left	True	563154	564500	left	1	2	64
16	wr	f	22	1	circle	red	(724, 619)	high	dis	(565, 460)	N	same	vert	up	True	565578	566604	left	0	2	65
16	wr	f	22	1	circle	green	(565, 619)	low	dis	(533, 540)	N	same	hori	left	True	569298	570555	left	1	2	66
16	wr	f	22	1	diamond	red	(724, 619)	high	dis	(724, 460)	N	same	vert	up	True	571710	572739	up	1	2	67
16	wr	f	22	1	diamond	green	(724, 619)	high	dis	(565, 619)	N	dif	hori	left	True	573742	575060	left	1	2	68
16	wr	f	22	1	diamond	red	(645, 652)	low	dis	(724, 460)	N	same	vert	up	True	576094	576980	left	0	2	69
16	wr	f	22	1	diamond	red	(724, 619)	high	dis	(565, 619)	N	dif	hori	left	True	579563	581572	left	1	2	70
16	wr	f	22	1	diamond	green	(533, 540)	low	no	no_dis	N	same	vert	up	True	582685	583715	up	1	2	71
16	wr	f	22	1	circle	green	(565, 460)	low	dis	(565, 619)	N	dif	hori	left	True	584892	586819	left	1	2	72
16	wr	f	22	1	diamond	red	(565, 619)	low	no	no_dis	N	same	hori	left	True	587848	589436	left	1	2	73
16	wr	f	22	1	circle	green	(645, 428)	low	no	no_dis	N	same	vert	up	True	590593	591972	up	1	2	74
16	wr	f	22	1	diamond	red	(533, 540)	low	dis	(645, 652)	N	dif	vert	up	True	592985	594699	up	1	2	75
16	wr	f	22	1	diamond	red	(724, 619)	high	dis	(645, 652)	N	dif	vert	up	True	595856	598067	up	1	2	76
16	wr	f	22	1	diamond	green	(533, 540)	low	dis	(565, 619)	N	dif	vert	up	True	599209	601427	up	1	2	77
16	wr	f	22	1	diamond	green	(724, 460)	low	dis	(645, 652)	N	dif	vert	up	True	602609	604179	up	1	2	78
16	wr	f	22	1	circle	red	(724, 460)	low	dis	(533, 540)	N	same	vert	up	True	605196	606739	up	1	2	79
16	wr	f	22	1	diamond	red	(724, 619)	high	dis	(565, 619)	N	dif	vert	up	True	607895	610475	up	1	2	80
16	wr	f	22	1	diamond	green	(645, 428)	low	no	no_dis	N	same	hori	left	True	611574	612643	left	1	2	81
16	wr	f	22	1	diamond	green	(724, 619)	high	dis	(565, 619)	N	same	vert	up	True	613874	615411	up	1	2	82
16	wr	f	22	1	diamond	green	(724, 619)	high	dis	(645, 652)	N	same	hori	left	True	616576	618899	left	1	2	83
16	wr	f	22	1	circle	green	(724, 619)	high	dis	(533, 540)	N	dif	vert	up	True	620102	621651	up	1	2	84
16	wr	f	22	1	circle	red	(724, 619)	high	no	no_dis	N	dif	hori	left	True	622802	624003	left	1	2	85
16	wr	f	22	1	diamond	green	(645, 652)	low	dis	(724, 619)	Y	dif	hori	left	True	625169	627243	left	1	2	86
16	wr	f	22	1	diamond	green	(724, 619)	high	no	no_dis	N	same	vert	up	True	628435	629835	up	1	2	87
16	wr	f	22	1	circle	red	(724, 619)	high	no	no_dis	N	dif	hori	left	True	630934	631979	left	1	2	88
16	wr	f	22	1	diamond	red	(724, 619)	high	no	no_dis	N	same	hori	left	True	633052	634236	left	1	2	89
16	wr	f	22	1	diamond	green	(724, 619)	high	no	no_dis	N	same	vert	up	True	635373	636171	up	1	2	90
16	wr	f	22	1	circle	green	(533, 540)	low	no	no_dis	N	dif	vert	up	True	637321	638868	up	1	2	91
16	wr	f	22	1	diamond	green	(724, 619)	high	dis	(757, 540)	N	dif	hori	left	True	639926	641323	left	1	2	92
16	wr	f	22	1	circle	red	(724, 619)	high	dis	(533, 540)	N	same	hori	left	True	642420	643668	left	1	2	93
16	wr	f	22	1	circle	red	(724, 619)	high	dis	(645, 652)	N	same	hori	left	True	644796	646340	left	1	2	94
16	wr	f	22	1	circle	green	(724, 619)	high	dis	(565, 460)	N	same	hori	left	True	647486	648827	left	1	2	95
16	wr	f	22	1	diamond	red	(724, 619)	high	dis	(565, 460)	N	same	vert	up	True	649864	650827	up	1	2	96
16	wr	f	22	1	diamond	green	(757, 540)	low	dis	(724, 619)	Y	dif	hori	left	True	652078	653411	left	1	2	97
16	wr	f	22	1	circle	green	(724, 619)	high	dis	(724, 460)	N	dif	hori	left	True	654659	655899	left	1	2	98
16	wr	f	22	1	diamond	green	(724, 619)	high	dis	(724, 460)	N	same	vert	up	True	656931	657955	up	1	2	99
16	wr	f	22	1	diamond	red	(724, 460)	low	dis	(645, 428)	N	same	hori	left	True	659047	660171	left	1	2	100
16	wr	f	22	1	diamond	green	(724, 619)	high	dis	(533, 540)	N	same	hori	left	True	661271	663219	left	1	2	101
16	wr	f	22	1	circle	red	(645, 428)	low	dis	(645, 652)	N	dif	vert	up	True	664461	666172	up	1	2	102
16	wr	f	22	1	diamond	red	(724, 619)	high	dis	(533, 540)	N	dif	hori	left	True	667245	668635	left	1	2	103
16	wr	f	22	1	circle	green	(724, 619)	high	dis	(757, 540)	N	same	vert	up	True	669661	671076	up	1	2	104
16	wr	f	22	1	circle	red	(724, 619)	high	no	no_dis	N	same	hori	left	True	672196	673467	left	1	2	105
16	wr	f	22	1	diamond	red	(724, 619)	high	no	no_dis	N	same	vert	up	True	674560	675451	up	1	2	106
16	wr	f	22	1	diamond	red	(724, 619)	high	dis	(724, 460)	N	same	vert	up	True	676566	678052	up	1	2	107
16	wr	f	22	1	circle	green	(645, 652)	low	no	no_dis	N	dif	hori	left	True	679285	680251	left	1	2	108
16	wr	f	22	1	diamond	green	(724, 619)	high	no	no_dis	N	dif	vert	up	True	681434	682908	up	1	2	109
16	wr	f	22	1	circle	green	(724, 619)	high	dis	(645, 428)	N	same	hori	left	True	684033	685403	left	1	2	110
16	wr	f	22	1	circle	red	(533, 540)	low	dis	(724, 619)	Y	dif	vert	up	True	686448	688195	up	1	2	111
16	wr	f	22	1	circle	green	(724, 619)	high	no	no_dis	N	dif	hori	left	True	689339	690459	left	1	2	112
16	wr	f	22	1	diamond	red	(645, 428)	low	dis	(645, 652)	N	same	vert	up	True	691510	693020	up	1	2	113
16	wr	f	22	1	circle	red	(645, 652)	low	dis	(757, 540)	N	same	hori	left	True	694099	695371	left	1	2	114
16	wr	f	22	1	diamond	red	(724, 619)	high	no	no_dis	N	dif	hori	left	True	696379	697627	left	1	2	115
16	wr	f	22	1	circle	green	(724, 619)	high	dis	(757, 540)	N	dif	hori	left	True	698663	700012	up	0	2	116
16	wr	f	22	1	circle	green	(533, 540)	low	dis	(724, 619)	Y	dif	vert	up	True	702675	704155	up	1	2	117
16	wr	f	22	1	diamond	green	(724, 619)	high	dis	(645, 428)	N	dif	vert	up	True	705395	706835	up	1	2	118
16	wr	f	22	1	circle	red	(724, 619)	high	dis	(565, 619)	N	dif	hori	left	True	708000	709171	left	1	2	119
16	wr	f	22	1	diamond	red	(724, 619)	high	dis	(757, 540)	N	dif	vert	up	True	710205	711451	up	1	2	120
16	wr	f	22	1	diamond	red	(724, 619)	high	no	no_dis	N	same	vert	up	True	751826	753387	up	1	3	1
16	wr	f	22	1	circle	green	(565, 460)	low	no	no_dis	N	same	vert	up	True	754430	756092	up	1	3	2
16	wr	f	22	1	circle	red	(533, 540)	low	dis	(724, 619)	Y	dif	hori	left	True	757173	758507	left	1	3	3
16	wr	f	22	1	diamond	green	(724, 619)	high	dis	(724, 460)	N	dif	hori	left	True	759713	761155	left	1	3	4
16	wr	f	22	1	diamond	red	(757, 540)	low	dis	(724, 460)	N	dif	vert	up	True	762225	764396	up	1	3	5
16	wr	f	22	1	diamond	green	(724, 619)	high	dis	(645, 428)	N	same	vert	up	True	765426	766835	up	1	3	6
16	wr	f	22	1	circle	green	(724, 619)	high	no	no_dis	N	dif	vert	up	True	767883	769163	up	1	3	7
16	wr	f	22	1	diamond	red	(724, 619)	high	dis	(645, 652)	N	same	vert	up	True	770387	771603	left	0	3	8
16	wr	f	22	1	diamond	red	(724, 619)	high	no	no_dis	N	dif	hori	left	True	774192	775052	left	1	3	9
16	wr	f	22	1	diamond	green	(724, 460)	low	dis	(757, 540)	N	same	vert	up	True	776197	777643	up	1	3	10
16	wr	f	22	1	diamond	green	(724, 619)	high	no	no_dis	N	dif	hori	left	True	778743	779755	left	1	3	11
16	wr	f	22	1	circle	red	(645, 428)	low	dis	(724, 619)	Y	dif	hori	left	True	780883	782107	left	1	3	12
16	wr	f	22	1	circle	green	(565, 619)	low	dis	(645, 428)	N	same	hori	left	True	783314	784363	left	1	3	13
16	wr	f	22	1	diamond	green	(724, 619)	high	no	no_dis	N	dif	vert	up	True	785486	786939	up	1	3	14
16	wr	f	22	1	diamond	red	(724, 619)	high	no	no_dis	N	dif	vert	up	True	788151	789148	up	1	3	15
16	wr	f	22	1	diamond	green	(724, 619)	high	dis	(565, 619)	N	dif	vert	up	True	790245	791372	up	1	3	16
16	wr	f	22	1	circle	green	(724, 619)	high	dis	(533, 540)	N	dif	vert	up	True	792552	793627	up	1	3	17
16	wr	f	22	1	diamond	green	(724, 619)	high	dis	(645, 652)	N	dif	vert	up	True	794862	796179	up	1	3	18
16	wr	f	22	1	diamond	green	(724, 619)	high	dis	(757, 540)	N	same	vert	up	True	797396	798563	up	1	3	19
16	wr	f	22	1	circle	green	(724, 619)	high	dis	(533, 540)	N	dif	vert	up	True	799603	800963	up	1	3	20
16	wr	f	22	1	circle	red	(533, 540)	low	no	no_dis	N	dif	hori	left	True	802147	803563	left	1	3	21
16	wr	f	22	1	diamond	red	(724, 619)	high	dis	(565, 619)	N	dif	hori	left	True	804702	806611	left	1	3	22
16	wr	f	22	1	circle	red	(724, 460)	low	dis	(645, 428)	N	same	hori	left	True	807688	809179	left	1	3	23
16	wr	f	22	1	circle	red	(565, 619)	low	dis	(724, 460)	N	same	vert	up	True	810262	811339	up	1	3	24
16	wr	f	22	1	circle	red	(757, 540)	low	no	no_dis	N	dif	vert	up	True	812585	814044	up	1	3	25
16	wr	f	22	1	circle	green	(724, 619)	high	dis	(565, 460)	N	same	hori	left	True	815292	816788	left	1	3	26
16	wr	f	22	1	diamond	red	(724, 619)	high	dis	(565, 619)	N	same	hori	left	True	817911	819451	left	1	3	27
16	wr	f	22	1	diamond	red	(645, 652)	low	dis	(565, 460)	N	same	hori	left	True	820548	821715	left	1	3	28
16	wr	f	22	1	circle	red	(724, 619)	high	dis	(565, 619)	N	dif	hori	left	True	822843	823787	left	1	3	29
16	wr	f	22	1	circle	red	(724, 619)	high	dis	(565, 460)	N	same	hori	left	True	824795	825772	left	1	3	30
16	wr	f	22	1	circle	green	(724, 619)	high	dis	(533, 540)	N	dif	hori	left	True	826860	828067	left	1	3	31
16	wr	f	22	1	circle	green	(724, 619)	high	dis	(565, 460)	N	same	vert	up	True	829127	830387	up	1	3	32
16	wr	f	22	1	diamond	green	(565, 460)	low	no	no_dis	N	dif	hori	left	True	831636	832900	left	1	3	33
16	wr	f	22	1	circle	green	(645, 652)	low	no	no_dis	N	dif	vert	up	True	833918	834932	up	1	3	34
16	wr	f	22	1	diamond	green	(724, 619)	high	no	no_dis	N	same	vert	up	True	835935	837332	up	1	3	35
16	wr	f	22	1	circle	green	(724, 619)	high	no	no_dis	N	same	vert	up	True	838489	839203	up	1	3	36
16	wr	f	22	1	diamond	green	(565, 619)	low	no	no_dis	N	same	hori	left	True	840441	841387	left	1	3	37
16	wr	f	22	1	circle	red	(724, 619)	high	dis	(724, 460)	N	same	vert	up	True	842580	843691	up	1	3	38
16	wr	f	22	1	diamond	green	(724, 619)	high	dis	(645, 652)	N	dif	hori	left	True	844755	845987	left	1	3	39
16	wr	f	22	1	circle	green	(724, 619)	high	dis	(724, 460)	N	same	hori	left	True	847104	848195	left	1	3	40
16	wr	f	22	1	diamond	green	(533, 540)	low	dis	(565, 460)	N	same	vert	up	True	849296	850604	up	1	3	41
16	wr	f	22	1	circle	red	(724, 619)	high	no	no_dis	N	same	hori	left	True	851628	852539	left	1	3	42
16	wr	f	22	1	diamond	red	(724, 619)	high	no	no_dis	N	dif	vert	up	True	853690	854835	up	1	3	43
16	wr	f	22	1	diamond	red	(565, 619)	low	dis	(724, 619)	Y	dif	vert	up	True	855840	857963	up	1	3	44
16	wr	f	22	1	circle	green	(565, 460)	low	dis	(565, 619)	N	dif	vert	up	True	859198	860860	up	1	3	45
16	wr	f	22	1	circle	green	(724, 619)	high	dis	(757, 540)	N	same	vert	up	True	861975	863331	up	1	3	46
16	wr	f	22	1	circle	red	(724, 619)	high	no	no_dis	N	same	vert	up	True	864542	865379	up	1	3	47
16	wr	f	22	1	circle	green	(724, 619)	high	no	no_dis	N	same	hori	left	True	866558	868060	left	1	3	48
16	wr	f	22	1	circle	red	(724, 619)	high	no	no_dis	N	same	vert	up	True	869271	870364	up	1	3	49
16	wr	f	22	1	diamond	green	(757, 540)	low	dis	(724, 460)	N	same	hori	left	True	871460	872723	left	1	3	50
16	wr	f	22	1	diamond	red	(724, 619)	high	dis	(565, 460)	N	dif	vert	up	True	873775	875083	up	1	3	51
16	wr	f	22	1	diamond	green	(724, 619)	high	no	no_dis	N	same	hori	left	True	876160	877875	left	1	3	52
16	wr	f	22	1	circle	red	(724, 619)	high	no	no_dis	N	same	hori	left	True	878967	879979	left	1	3	53
16	wr	f	22	1	circle	green	(724, 619)	high	no	no_dis	N	dif	hori	left	True	881197	881971	left	1	3	54
16	wr	f	22	1	diamond	red	(724, 619)	high	no	no_dis	N	same	vert	up	True	882975	884019	up	1	3	55
16	wr	f	22	1	diamond	red	(724, 619)	high	dis	(533, 540)	N	dif	vert	up	True	885207	886339	up	1	3	56
16	wr	f	22	1	circle	green	(724, 619)	high	dis	(565, 460)	N	dif	hori	left	True	887577	888859	left	1	3	57
16	wr	f	22	1	circle	red	(724, 619)	high	dis	(757, 540)	N	same	vert	up	True	889928	892443	up	1	3	58
16	wr	f	22	1	circle	red	(724, 619)	high	dis	(645, 652)	N	dif	vert	up	True	893680	895331	up	1	3	59
16	wr	f	22	1	circle	red	(724, 619)	high	dis	(645, 428)	N	same	hori	left	True	896406	897683	left	1	3	60
16	wr	f	22	1	circle	red	(724, 619)	high	no	no_dis	N	dif	hori	left	True	898701	899532	left	1	3	61
16	wr	f	22	1	diamond	red	(533, 540)	low	dis	(757, 540)	N	same	vert	up	True	900625	901579	up	1	3	62
16	wr	f	22	1	circle	green	(724, 619)	high	dis	(565, 460)	N	same	hori	left	True	902629	903916	left	1	3	63
16	wr	f	22	1	diamond	red	(565, 619)	low	no	no_dis	N	same	hori	left	True	905136	906147	left	1	3	64
16	wr	f	22	1	diamond	red	(645, 652)	low	dis	(533, 540)	N	dif	hori	left	True	907337	908587	left	1	3	65
16	wr	f	22	1	circle	red	(724, 619)	high	dis	(645, 428)	N	same	hori	left	True	909770	910852	up	0	3	66
16	wr	f	22	1	circle	red	(724, 619)	high	no	no_dis	N	same	hori	left	True	913525	914611	left	1	3	67
16	wr	f	22	1	diamond	red	(724, 460)	low	dis	(565, 619)	N	dif	vert	up	True	915665	917763	up	1	3	68
16	wr	f	22	1	circle	green	(724, 619)	high	dis	(645, 428)	N	dif	vert	up	True	918848	920883	up	1	3	69
16	wr	f	22	1	diamond	green	(724, 619)	high	no	no_dis	N	dif	vert	up	True	922121	922819	up	1	3	70
16	wr	f	22	1	diamond	red	(724, 619)	high	no	no_dis	N	dif	hori	left	True	923948	925532	left	1	3	71
16	wr	f	22	1	diamond	red	(724, 619)	high	dis	(533, 540)	N	same	vert	up	True	926545	927635	up	1	3	72
16	wr	f	22	1	diamond	red	(724, 619)	high	dis	(645, 428)	N	same	hori	left	True	928641	929787	left	1	3	73
16	wr	f	22	1	diamond	green	(724, 619)	high	dis	(645, 428)	N	dif	hori	left	True	930822	932475	left	1	3	74
16	wr	f	22	1	circle	green	(724, 619)	high	dis	(724, 460)	N	same	vert	up	True	933566	934579	up	1	3	75
16	wr	f	22	1	diamond	green	(645, 428)	low	dis	(724, 619)	Y	same	hori	left	True	935703	937124	left	1	3	76
16	wr	f	22	1	diamond	green	(565, 460)	low	dis	(724, 619)	Y	dif	hori	left	True	938211	939595	left	1	3	77
16	wr	f	22	1	diamond	red	(724, 619)	high	dis	(757, 540)	N	dif	hori	left	True	940631	941843	left	1	3	78
16	wr	f	22	1	diamond	green	(724, 619)	high	dis	(533, 540)	N	dif	vert	up	True	942972	944235	up	1	3	79
16	wr	f	22	1	circle	green	(757, 540)	low	no	no_dis	N	dif	hori	left	True	945469	946428	left	1	3	80
16	wr	f	22	1	circle	green	(724, 460)	low	dis	(724, 619)	Y	same	vert	up	True	947505	949675	up	1	3	81
16	wr	f	22	1	circle	green	(645, 652)	low	dis	(533, 540)	N	dif	hori	left	True	950809	953043	left	1	3	82
16	wr	f	22	1	circle	green	(724, 619)	high	no	no_dis	N	same	hori	left	True	954284	955243	left	1	3	83
16	wr	f	22	1	diamond	green	(565, 619)	low	dis	(565, 460)	N	dif	hori	left	True	956444	957723	left	1	3	84
16	wr	f	22	1	circle	red	(724, 619)	high	dis	(533, 540)	N	dif	hori	left	True	958853	959779	left	1	3	85
16	wr	f	22	1	circle	red	(724, 619)	high	dis	(757, 540)	N	dif	vert	up	True	961006	962899	up	1	3	86
16	wr	f	22	1	diamond	red	(724, 460)	low	no	no_dis	N	same	hori	left	True	964039	965675	left	1	3	87
16	wr	f	22	1	circle	red	(565, 460)	low	dis	(724, 619)	Y	same	hori	left	True	966728	967723	left	1	3	88
16	wr	f	22	1	diamond	green	(724, 619)	high	dis	(645, 428)	N	dif	hori	left	True	968805	970043	left	1	3	89
16	wr	f	22	1	diamond	green	(565, 460)	low	dis	(645, 652)	N	dif	vert	up	True	971085	972203	up	1	3	90
16	wr	f	22	1	diamond	red	(724, 619)	high	dis	(565, 460)	N	same	hori	left	True	973239	974556	left	1	3	91
16	wr	f	22	1	diamond	green	(724, 619)	high	dis	(565, 619)	N	same	hori	left	True	975763	977244	left	1	3	92
16	wr	f	22	1	circle	red	(724, 619)	high	dis	(724, 460)	N	same	hori	left	True	978257	980731	left	1	3	93
16	wr	f	22	1	diamond	green	(724, 619)	high	dis	(565, 619)	N	same	hori	left	True	981954	983627	left	1	3	94
16	wr	f	22	1	circle	green	(757, 540)	low	dis	(645, 652)	N	same	hori	left	True	984707	986172	left	1	3	95
16	wr	f	22	1	diamond	green	(565, 619)	low	no	no_dis	N	dif	vert	up	True	987357	989052	up	1	3	96
16	wr	f	22	1	circle	red	(724, 619)	high	dis	(757, 540)	N	dif	hori	left	True	990243	991915	left	1	3	97
16	wr	f	22	1	diamond	red	(724, 619)	high	dis	(757, 540)	N	dif	vert	up	True	993144	994204	left	0	3	98
16	wr	f	22	1	circle	green	(724, 619)	high	dis	(645, 652)	N	same	vert	up	True	996751	998707	up	1	3	99
16	wr	f	22	1	circle	red	(533, 540)	low	dis	(645, 652)	N	dif	hori	left	True	999913	1001179	left	1	3	100
16	wr	f	22	1	circle	red	(533, 540)	low	no	no_dis	N	same	vert	up	True	1002360	1003451	left	0	3	101
16	wr	f	22	1	circle	red	(645, 652)	low	dis	(724, 619)	Y	dif	hori	left	True	1006072	1007892	left	1	3	102
16	wr	f	22	1	diamond	red	(724, 619)	high	dis	(645, 652)	N	dif	vert	up	True	1008984	1010435	up	1	3	103
16	wr	f	22	1	diamond	green	(645, 652)	low	dis	(757, 540)	N	same	vert	up	True	1011672	1013796	up	1	3	104
16	wr	f	22	1	diamond	green	(645, 652)	low	no	no_dis	N	dif	vert	up	True	1014856	1015979	up	1	3	105
16	wr	f	22	1	circle	red	(645, 428)	low	no	no_dis	N	same	hori	left	True	1017077	1018547	left	1	3	106
16	wr	f	22	1	circle	green	(645, 428)	low	dis	(724, 619)	Y	dif	vert	up	True	1019736	1021235	up	1	3	107
16	wr	f	22	1	diamond	green	(724, 619)	high	dis	(724, 460)	N	same	vert	up	True	1022444	1024723	up	1	3	108
16	wr	f	22	1	diamond	red	(724, 460)	low	no	no_dis	N	dif	hori	left	True	1025850	1027139	left	1	3	109
16	wr	f	22	1	diamond	red	(645, 428)	low	dis	(565, 619)	N	dif	vert	up	True	1028188	1029667	up	1	3	110
16	wr	f	22	1	diamond	red	(565, 460)	low	no	no_dis	N	same	vert	up	True	1030681	1031659	up	1	3	111
16	wr	f	22	1	circle	green	(724, 619)	high	no	no_dis	N	dif	hori	left	True	1032696	1034019	left	1	3	112
16	wr	f	22	1	diamond	green	(724, 619)	high	no	no_dis	N	dif	vert	up	True	1035127	1036171	up	1	3	113
16	wr	f	22	1	circle	green	(533, 540)	low	dis	(645, 428)	N	same	vert	up	True	1037297	1038691	up	1	3	114
16	wr	f	22	1	diamond	red	(565, 460)	low	dis	(724, 619)	Y	same	hori	left	True	1039757	1041083	left	1	3	115
16	wr	f	22	1	circle	red	(757, 540)	low	dis	(645, 652)	N	dif	vert	up	True	1042302	1043539	up	1	3	116
16	wr	f	22	1	circle	red	(724, 619)	high	dis	(565, 619)	N	same	vert	up	True	1044636	1045940	up	1	3	117
16	wr	f	22	1	circle	green	(645, 428)	low	no	no_dis	N	same	vert	up	True	1047161	1048563	left	0	3	118
16	wr	f	22	1	diamond	red	(724, 619)	high	dis	(724, 460)	N	dif	hori	left	True	1051311	1053411	left	1	3	119
16	wr	f	22	1	circle	green	(565, 619)	low	dis	(533, 540)	N	same	vert	up	True	1054495	1056164	up	1	3	120
16	wr	f	22	1	circle	green	(724, 619)	high	dis	(645, 652)	N	same	hori	left	True	1093740	1095124	left	1	4	1
16	wr	f	22	1	diamond	red	(724, 460)	low	dis	(724, 619)	Y	dif	vert	up	True	1096133	1097603	up	1	4	2
16	wr	f	22	1	circle	green	(724, 619)	high	no	no_dis	N	dif	vert	up	True	1098616	1100115	up	1	4	3
16	wr	f	22	1	diamond	green	(724, 619)	high	dis	(757, 540)	N	same	hori	left	False	1101291	None	None	0	4	4
16	wr	f	22	1	diamond	red	(724, 619)	high	dis	(645, 652)	N	same	hori	left	True	1106903	1108660	left	1	4	5
16	wr	f	22	1	circle	green	(724, 619)	high	dis	(757, 540)	N	same	vert	up	True	1109833	1111635	up	1	4	6
16	wr	f	22	1	circle	green	(724, 619)	high	no	no_dis	N	same	hori	left	True	1112765	1113932	left	1	4	7
16	wr	f	22	1	circle	green	(724, 619)	high	dis	(565, 460)	N	same	vert	up	True	1115121	1116515	up	1	4	8
16	wr	f	22	1	diamond	green	(724, 619)	high	dis	(724, 460)	N	dif	hori	left	True	1117654	1119219	left	1	4	9
16	wr	f	22	1	diamond	green	(724, 619)	high	no	no_dis	N	dif	hori	left	True	1120420	1121267	left	1	4	10
16	wr	f	22	1	diamond	red	(724, 619)	high	dis	(724, 460)	N	same	vert	up	True	1122435	1124028	up	1	4	11
16	wr	f	22	1	diamond	red	(533, 540)	low	no	no_dis	N	same	hori	left	True	1125067	1126395	left	1	4	12
16	wr	f	22	1	diamond	red	(724, 619)	high	dis	(757, 540)	N	dif	hori	left	True	1127429	1128499	left	1	4	13
16	wr	f	22	1	diamond	red	(565, 460)	low	dis	(533, 540)	N	same	vert	up	True	1129510	1130587	up	1	4	14
16	wr	f	22	1	circle	red	(724, 619)	high	dis	(565, 460)	N	dif	vert	up	True	1131774	1132828	up	1	4	15
16	wr	f	22	1	diamond	red	(724, 460)	low	no	no_dis	N	dif	hori	left	True	1133919	1135331	left	1	4	16
16	wr	f	22	1	circle	green	(724, 619)	high	dis	(645, 428)	N	dif	vert	up	True	1136506	1137915	up	1	4	17
16	wr	f	22	1	diamond	red	(645, 652)	low	dis	(565, 460)	N	same	hori	left	True	1138984	1140107	left	1	4	18
16	wr	f	22	1	circle	green	(645, 428)	low	no	no_dis	N	same	hori	left	True	1141186	1142692	left	1	4	19
16	wr	f	22	1	diamond	green	(724, 619)	high	dis	(565, 619)	N	same	hori	left	True	1143944	1145027	left	1	4	20
16	wr	f	22	1	circle	green	(724, 619)	high	dis	(724, 460)	N	same	hori	left	True	1146111	1148428	left	1	4	21
16	wr	f	22	1	diamond	red	(724, 619)	high	dis	(645, 428)	N	same	hori	left	True	1149439	1150611	left	1	4	22
16	wr	f	22	1	circle	green	(724, 619)	high	no	no_dis	N	dif	vert	up	True	1151638	1152459	up	1	4	23
16	wr	f	22	1	diamond	red	(724, 619)	high	dis	(757, 540)	N	dif	vert	up	True	1153583	1155107	up	1	4	24
16	wr	f	22	1	diamond	green	(724, 619)	high	no	no_dis	N	dif	vert	up	True	1156140	1157795	up	1	4	25
16	wr	f	22	1	circle	red	(724, 619)	high	dis	(565, 460)	N	same	vert	up	True	1158956	1160188	up	1	4	26
16	wr	f	22	1	circle	green	(724, 619)	high	dis	(565, 619)	N	dif	hori	left	True	1161394	1162947	left	1	4	27
16	wr	f	22	1	circle	green	(565, 619)	low	dis	(724, 619)	Y	same	hori	left	True	1164131	1165148	left	1	4	28
16	wr	f	22	1	diamond	green	(645, 652)	low	no	no_dis	N	same	vert	up	True	1166225	1167380	up	1	4	29
16	wr	f	22	1	diamond	green	(724, 619)	high	dis	(533, 540)	N	same	vert	up	True	1168427	1169507	up	1	4	30
16	wr	f	22	1	diamond	red	(533, 540)	low	dis	(724, 619)	Y	dif	vert	up	True	1170648	1171956	up	1	4	31
16	wr	f	22	1	diamond	green	(724, 619)	high	no	no_dis	N	same	hori	left	True	1173154	1174076	left	1	4	32
16	wr	f	22	1	circle	red	(645, 428)	low	dis	(724, 619)	Y	dif	hori	left	True	1175190	1177083	left	1	4	33
16	wr	f	22	1	circle	green	(757, 540)	low	no	no_dis	N	dif	vert	up	True	1178172	1179699	up	1	4	34
16	wr	f	22	1	diamond	red	(565, 619)	low	dis	(724, 460)	N	same	hori	left	True	1180786	1182196	left	1	4	35
16	wr	f	22	1	circle	red	(724, 619)	high	dis	(757, 540)	N	dif	hori	left	True	1183416	1184683	left	1	4	36
16	wr	f	22	1	circle	red	(565, 460)	low	no	no_dis	N	dif	hori	left	True	1185752	1186628	left	1	4	37
16	wr	f	22	1	diamond	green	(565, 460)	low	dis	(757, 540)	N	dif	hori	left	True	1187700	1189675	left	1	4	38
16	wr	f	22	1	circle	green	(724, 619)	high	dis	(645, 428)	N	dif	hori	left	True	1190888	1191868	left	1	4	39
16	wr	f	22	1	diamond	green	(724, 619)	high	dis	(533, 540)	N	same	hori	left	True	1193047	1194619	left	1	4	40
16	wr	f	22	1	circle	red	(724, 619)	high	no	no_dis	N	dif	hori	left	True	1195694	1196852	left	1	4	41
16	wr	f	22	1	circle	red	(724, 619)	high	dis	(565, 619)	N	same	vert	up	True	1197854	1199868	up	1	4	42
16	wr	f	22	1	diamond	green	(724, 619)	high	dis	(645, 652)	N	dif	vert	up	True	1200914	1202627	up	1	4	43
16	wr	f	22	1	diamond	green	(724, 619)	high	dis	(757, 540)	N	same	vert	up	True	1203818	1204860	up	1	4	44
16	wr	f	22	1	diamond	green	(724, 619)	high	no	no_dis	N	dif	hori	left	True	1205975	1207060	left	1	4	45
16	wr	f	22	1	diamond	red	(724, 619)	high	dis	(724, 460)	N	dif	hori	left	True	1208295	1209524	left	1	4	46
16	wr	f	22	1	circle	red	(724, 619)	high	dis	(533, 540)	N	same	vert	up	True	1210584	1211452	up	1	4	47
16	wr	f	22	1	circle	green	(645, 652)	low	dis	(757, 540)	N	dif	vert	up	True	1212482	1213788	up	1	4	48
16	wr	f	22	1	diamond	red	(724, 619)	high	no	no_dis	N	same	vert	up	True	1214871	1215971	up	1	4	49
16	wr	f	22	1	circle	green	(724, 619)	high	no	no_dis	N	dif	hori	left	True	1217190	1217971	left	1	4	50
16	wr	f	22	1	diamond	green	(724, 619)	high	dis	(724, 460)	N	same	vert	up	True	1219142	1220123	up	1	4	51
16	wr	f	22	1	diamond	green	(724, 460)	low	dis	(565, 619)	N	same	vert	up	True	1221277	1222460	up	1	4	52
16	wr	f	22	1	circle	red	(757, 540)	low	dis	(724, 460)	N	same	vert	up	True	1223496	1224403	left	0	4	53
16	wr	f	22	1	diamond	green	(565, 619)	low	no	no_dis	N	dif	hori	left	True	1227062	1228068	left	1	4	54
16	wr	f	22	1	circle	green	(757, 540)	low	dis	(533, 540)	N	same	vert	up	True	1229245	1231131	up	1	4	55
16	wr	f	22	1	diamond	green	(565, 619)	low	dis	(645, 428)	N	same	hori	left	True	1232281	1233516	left	1	4	56
16	wr	f	22	1	circle	green	(533, 540)	low	no	no_dis	N	same	hori	left	True	1234703	1235523	left	1	4	57
16	wr	f	22	1	diamond	red	(645, 428)	low	no	no_dis	N	dif	hori	left	True	1236548	1238212	left	1	4	58
16	wr	f	22	1	circle	red	(724, 619)	high	dis	(533, 540)	N	dif	hori	left	True	1239334	1240563	left	1	4	59
16	wr	f	22	1	circle	green	(645, 428)	low	dis	(565, 619)	N	same	hori	left	True	1241793	1243115	left	1	4	60
16	wr	f	22	1	diamond	green	(565, 460)	low	dis	(645, 428)	N	same	vert	up	True	1244364	1246475	up	1	4	61
16	wr	f	22	1	circle	red	(724, 460)	low	dis	(724, 619)	Y	same	hori	left	True	1247569	1249027	left	1	4	62
16	wr	f	22	1	circle	red	(724, 619)	high	no	no_dis	N	same	vert	up	True	1250069	1251339	up	1	4	63
16	wr	f	22	1	diamond	red	(757, 540)	low	dis	(565, 460)	N	dif	vert	up	True	1252399	1254187	up	1	4	64
16	wr	f	22	1	circle	red	(724, 619)	high	no	no_dis	N	same	hori	left	True	1255281	1256540	left	1	4	65
16	wr	f	22	1	circle	green	(724, 619)	high	no	no_dis	N	same	hori	left	True	1257766	1258660	left	1	4	66
16	wr	f	22	1	circle	green	(724, 619)	high	dis	(565, 619)	N	dif	vert	up	True	1259666	1260603	up	1	4	67
16	wr	f	22	1	circle	red	(565, 619)	low	no	no_dis	N	same	vert	up	True	1261668	1262700	up	1	4	68
16	wr	f	22	1	diamond	red	(565, 619)	low	dis	(645, 652)	N	dif	hori	left	True	1263751	1265675	left	1	4	69
16	wr	f	22	1	diamond	green	(724, 619)	high	dis	(645, 652)	N	dif	hori	left	True	1266859	1268651	left	1	4	70
16	wr	f	22	1	circle	green	(565, 460)	low	no	no_dis	N	same	vert	up	True	1269745	1270723	up	1	4	71
16	wr	f	22	1	circle	green	(724, 619)	high	dis	(724, 460)	N	same	hori	left	True	1271971	1273100	left	1	4	72
16	wr	f	22	1	circle	red	(724, 619)	high	no	no_dis	N	same	hori	left	True	1274198	1274995	left	1	4	73
16	wr	f	22	1	diamond	red	(724, 619)	high	dis	(565, 460)	N	dif	vert	up	True	1276239	1277284	up	1	4	74
16	wr	f	22	1	diamond	green	(533, 540)	low	dis	(645, 428)	N	same	vert	up	True	1278311	1279531	up	1	4	75
16	wr	f	22	1	diamond	green	(724, 619)	high	dis	(645, 652)	N	same	vert	up	True	1280617	1282123	up	1	4	76
16	wr	f	22	1	diamond	red	(724, 619)	high	dis	(565, 619)	N	same	hori	left	True	1283184	1284387	left	1	4	77
16	wr	f	22	1	circle	red	(533, 540)	low	no	no_dis	N	dif	vert	up	True	1285443	1286539	up	1	4	78
16	wr	f	22	1	diamond	red	(724, 619)	high	no	no_dis	N	dif	hori	left	True	1287589	1288467	left	1	4	79
16	wr	f	22	1	diamond	green	(724, 460)	low	no	no_dis	N	dif	vert	up	True	1289559	1290651	up	1	4	80
16	wr	f	22	1	circle	green	(724, 619)	high	dis	(565, 460)	N	same	hori	left	True	1291785	1293011	left	1	4	81
16	wr	f	22	1	diamond	green	(724, 619)	high	dis	(645, 428)	N	dif	vert	up	True	1294029	1295228	up	1	4	82
16	wr	f	22	1	diamond	red	(724, 619)	high	dis	(565, 460)	N	dif	vert	up	True	1296310	1297500	up	1	4	83
16	wr	f	22	1	diamond	red	(724, 460)	low	no	no_dis	N	same	hori	left	True	1298650	1299859	left	1	4	84
16	wr	f	22	1	circle	red	(724, 619)	high	dis	(565, 460)	N	dif	vert	up	True	1301089	1302011	up	1	4	85
16	wr	f	22	1	circle	green	(533, 540)	low	dis	(724, 619)	Y	dif	hori	left	True	1303070	1304092	left	1	4	86
16	wr	f	22	1	diamond	red	(724, 619)	high	dis	(645, 652)	N	same	vert	up	True	1305100	1306115	up	1	4	87
16	wr	f	22	1	circle	red	(565, 460)	low	dis	(645, 652)	N	same	vert	up	True	1307259	1308179	up	1	4	88
16	wr	f	22	1	circle	green	(533, 540)	low	dis	(565, 619)	N	same	hori	left	True	1309377	1310395	left	1	4	89
16	wr	f	22	1	circle	red	(645, 428)	low	dis	(724, 619)	Y	dif	vert	up	True	1311572	1312388	up	1	4	90
16	wr	f	22	1	diamond	green	(724, 619)	high	no	no_dis	N	dif	vert	up	True	1313585	1314604	up	1	4	91
16	wr	f	22	1	circle	red	(724, 619)	high	dis	(724, 460)	N	dif	hori	left	True	1315826	1317163	left	1	4	92
16	wr	f	22	1	circle	red	(724, 619)	high	dis	(757, 540)	N	same	hori	left	True	1318354	1319411	left	1	4	93
16	wr	f	22	1	circle	green	(724, 619)	high	dis	(565, 619)	N	same	hori	left	True	1320570	1321731	left	1	4	94
16	wr	f	22	1	circle	green	(724, 460)	low	dis	(724, 619)	Y	dif	vert	up	True	1322851	1323955	up	1	4	95
16	wr	f	22	1	circle	red	(565, 619)	low	dis	(724, 619)	Y	same	vert	up	True	1325180	1326547	up	1	4	96
16	wr	f	22	1	diamond	green	(645, 652)	low	no	no_dis	N	dif	vert	up	True	1327578	1328836	up	1	4	97
16	wr	f	22	1	circle	green	(724, 619)	high	no	no_dis	N	same	vert	up	True	1329937	1330779	up	1	4	98
16	wr	f	22	1	diamond	green	(645, 428)	low	dis	(724, 460)	N	same	hori	left	True	1331953	1333715	left	1	4	99
16	wr	f	22	1	diamond	red	(724, 619)	high	no	no_dis	N	dif	hori	left	True	1334867	1335852	left	1	4	100
16	wr	f	22	1	diamond	green	(724, 619)	high	no	no_dis	N	dif	vert	up	True	1337036	1337876	up	1	4	101
16	wr	f	22	1	circle	red	(724, 619)	high	dis	(645, 428)	N	same	vert	up	True	1339041	1340580	up	1	4	102
16	wr	f	22	1	circle	red	(724, 619)	high	dis	(533, 540)	N	dif	hori	left	True	1341591	1342875	left	1	4	103
16	wr	f	22	1	circle	green	(565, 460)	low	dis	(645, 652)	N	dif	hori	left	True	1343962	1344795	left	1	4	104
16	wr	f	22	1	circle	red	(645, 652)	low	dis	(757, 540)	N	dif	hori	left	True	1345858	1346916	left	1	4	105
16	wr	f	22	1	circle	green	(724, 619)	high	dis	(645, 652)	N	dif	hori	left	True	1347946	1349011	left	1	4	106
16	wr	f	22	1	circle	red	(724, 619)	high	no	no_dis	N	same	hori	left	True	1350165	1350827	left	1	4	107
16	wr	f	22	1	diamond	red	(724, 619)	high	no	no_dis	N	same	vert	up	True	1351919	1352748	up	1	4	108
16	wr	f	22	1	circle	red	(757, 540)	low	no	no_dis	N	same	vert	up	True	1353761	1354868	left	0	4	109
16	wr	f	22	1	circle	red	(724, 619)	high	dis	(645, 428)	N	dif	hori	left	True	1357430	1358347	left	1	4	110
16	wr	f	22	1	diamond	red	(724, 619)	high	dis	(533, 540)	N	dif	vert	up	True	1359455	1360660	up	1	4	111
16	wr	f	22	1	circle	red	(724, 619)	high	no	no_dis	N	same	vert	up	True	1361715	1362492	up	1	4	112
16	wr	f	22	1	diamond	green	(724, 619)	high	dis	(533, 540)	N	dif	vert	up	True	1363715	1364820	up	1	4	113
16	wr	f	22	1	diamond	red	(645, 428)	low	dis	(565, 460)	N	dif	vert	up	True	1366069	1367716	up	1	4	114
16	wr	f	22	1	diamond	green	(645, 652)	low	dis	(533, 540)	N	dif	hori	left	True	1368843	1370436	left	1	4	115
16	wr	f	22	1	diamond	red	(724, 619)	high	no	no_dis	N	dif	vert	up	True	1371462	1372652	up	1	4	116
16	wr	f	22	1	diamond	green	(757, 540)	low	dis	(565, 619)	N	dif	hori	left	True	1373793	1375036	left	1	4	117
16	wr	f	22	1	diamond	red	(724, 619)	high	no	no_dis	N	same	vert	up	True	1376288	1377299	up	1	4	118
16	wr	f	22	1	circle	red	(533, 540)	low	dis	(724, 619)	Y	dif	vert	up	True	1378502	1379875	up	1	4	119
16	wr	f	22	1	diamond	red	(724, 619)	high	dis	(645, 428)	N	dif	vert	up	True	1380889	1381796	up	1	4	120
16	wr	f	22	1	diamond	red	(724, 619)	high	dis	(645, 428)	N	dif	hori	left	True	1416546	1417812	left	1	5	1
16	wr	f	22	1	diamond	green	(724, 619)	high	dis	(565, 619)	N	same	vert	up	True	1419026	1420635	up	1	5	2
16	wr	f	22	1	circle	red	(724, 619)	high	dis	(645, 652)	N	same	hori	left	True	1421791	1422764	left	1	5	3
16	wr	f	22	1	diamond	green	(645, 428)	low	dis	(724, 619)	Y	dif	hori	left	True	1423896	1424875	left	1	5	4
16	wr	f	22	1	circle	red	(565, 619)	low	no	no_dis	N	same	hori	left	True	1426034	1426868	left	1	5	5
16	wr	f	22	1	diamond	red	(724, 619)	high	dis	(533, 540)	N	dif	vert	up	True	1427899	1429139	up	1	5	6
16	wr	f	22	1	diamond	green	(724, 619)	high	dis	(645, 652)	N	same	hori	left	True	1430179	1432468	left	1	5	7
16	wr	f	22	1	diamond	green	(724, 619)	high	no	no_dis	N	same	hori	left	True	1433706	1434443	left	1	5	8
16	wr	f	22	1	diamond	red	(724, 619)	high	dis	(565, 619)	N	dif	vert	up	True	1435528	1436548	up	1	5	9
16	wr	f	22	1	diamond	green	(724, 619)	high	no	no_dis	N	dif	vert	up	True	1437729	1438515	up	1	5	10
16	wr	f	22	1	diamond	red	(724, 619)	high	no	no_dis	N	dif	hori	left	True	1439752	1440924	left	1	5	11
16	wr	f	22	1	circle	red	(724, 619)	high	dis	(724, 460)	N	dif	hori	left	True	1442133	1443931	left	1	5	12
16	wr	f	22	1	diamond	red	(757, 540)	low	no	no_dis	N	same	vert	up	True	1445177	1446092	up	1	5	13
16	wr	f	22	1	diamond	green	(645, 652)	low	dis	(645, 428)	N	dif	hori	left	True	1447264	1448372	left	1	5	14
16	wr	f	22	1	circle	red	(724, 619)	high	dis	(724, 460)	N	same	vert	up	True	1449533	1450931	up	1	5	15
16	wr	f	22	1	diamond	green	(724, 619)	high	no	no_dis	N	dif	vert	up	True	1452028	1452964	up	1	5	16
16	wr	f	22	1	circle	red	(533, 540)	low	no	no_dis	N	same	vert	up	True	1454073	1455028	up	1	5	17
16	wr	f	22	1	diamond	red	(724, 619)	high	dis	(645, 428)	N	dif	vert	up	True	1456248	1457163	up	1	5	18
16	wr	f	22	1	circle	green	(757, 540)	low	dis	(565, 460)	N	dif	hori	left	True	1458355	1460124	left	1	5	19
16	wr	f	22	1	diamond	red	(724, 619)	high	dis	(565, 460)	N	same	hori	left	True	1461187	1462867	left	1	5	20
16	wr	f	22	1	diamond	green	(645, 652)	low	dis	(757, 540)	N	dif	vert	up	True	1464034	1465059	up	1	5	21
16	wr	f	22	1	diamond	green	(724, 460)	low	no	no_dis	N	dif	hori	left	True	1466202	1467331	left	1	5	22
16	wr	f	22	1	diamond	red	(724, 619)	high	no	no_dis	N	dif	vert	up	True	1468566	1469795	up	1	5	23
16	wr	f	22	1	circle	green	(724, 619)	high	dis	(724, 460)	N	same	hori	left	True	1470848	1472075	left	1	5	24
16	wr	f	22	1	diamond	red	(724, 619)	high	no	no_dis	N	same	hori	left	True	1473267	1474204	left	1	5	25
16	wr	f	22	1	diamond	green	(724, 619)	high	no	no_dis	N	dif	hori	left	True	1475296	1476347	left	1	5	26
16	wr	f	22	1	circle	green	(724, 619)	high	dis	(757, 540)	N	same	hori	left	True	1477389	1479555	left	1	5	27
16	wr	f	22	1	diamond	green	(724, 619)	high	dis	(757, 540)	N	dif	hori	left	True	1480780	1482475	left	1	5	28
16	wr	f	22	1	diamond	green	(724, 619)	high	dis	(645, 428)	N	same	vert	up	True	1483608	1485267	up	1	5	29
16	wr	f	22	1	diamond	red	(565, 619)	low	dis	(757, 540)	N	same	vert	up	True	1486369	1487284	up	1	5	30
16	wr	f	22	1	diamond	red	(724, 619)	high	no	no_dis	N	dif	hori	left	True	1488490	1489940	left	1	5	31
16	wr	f	22	1	circle	red	(724, 619)	high	no	no_dis	N	dif	vert	up	True	1491159	1492547	up	1	5	32
16	wr	f	22	1	circle	green	(724, 619)	high	no	no_dis	N	same	vert	up	True	1493754	1494604	up	1	5	33
16	wr	f	22	1	circle	red	(724, 619)	high	dis	(533, 540)	N	dif	hori	left	True	1495709	1497044	left	1	5	34
16	wr	f	22	1	circle	green	(565, 619)	low	dis	(724, 619)	Y	same	hori	left	True	1498105	1499435	left	1	5	35
16	wr	f	22	1	circle	green	(724, 619)	high	dis	(533, 540)	N	same	hori	left	True	1500657	1501620	left	1	5	36
16	wr	f	22	1	circle	red	(724, 619)	high	no	no_dis	N	same	hori	left	True	1502871	1503780	left	1	5	37
16	wr	f	22	1	circle	green	(565, 460)	low	no	no_dis	N	same	vert	up	True	1505005	1505851	up	1	5	38
16	wr	f	22	1	circle	green	(645, 652)	low	no	no_dis	N	same	vert	up	True	1506970	1508212	up	1	5	39
16	wr	f	22	1	circle	red	(565, 619)	low	no	no_dis	N	dif	hori	left	True	1509287	1511427	left	1	5	40
16	wr	f	22	1	circle	red	(724, 619)	high	dis	(565, 460)	N	same	hori	left	True	1512569	1513388	left	1	5	41
16	wr	f	22	1	circle	red	(724, 619)	high	dis	(645, 652)	N	dif	vert	up	True	1514410	1515579	up	1	5	42
16	wr	f	22	1	diamond	red	(724, 619)	high	dis	(533, 540)	N	dif	vert	up	True	1516646	1517755	up	1	5	43
16	wr	f	22	1	diamond	red	(757, 540)	low	dis	(724, 460)	N	dif	vert	up	True	1518794	1520092	up	1	5	44
16	wr	f	22	1	circle	red	(724, 619)	high	dis	(565, 460)	N	same	hori	left	True	1521326	1522403	left	1	5	45
16	wr	f	22	1	diamond	red	(724, 619)	high	no	no_dis	N	dif	hori	left	True	1523499	1524379	left	1	5	46
16	wr	f	22	1	diamond	green	(724, 619)	high	dis	(757, 540)	N	same	vert	up	True	1525447	1526731	up	1	5	47
16	wr	f	22	1	diamond	red	(645, 652)	low	dis	(724, 619)	Y	same	hori	left	True	1527789	1529388	left	1	5	48
16	wr	f	22	1	diamond	red	(645, 428)	low	dis	(533, 540)	N	same	vert	up	True	1530576	1531883	up	1	5	49
16	wr	f	22	1	circle	red	(533, 540)	low	dis	(724, 619)	Y	same	hori	left	True	1533036	1534412	left	1	5	50
16	wr	f	22	1	diamond	red	(533, 540)	low	dis	(645, 652)	N	dif	vert	up	True	1535446	1536276	up	1	5	51
16	wr	f	22	1	diamond	red	(724, 619)	high	dis	(757, 540)	N	same	vert	up	True	1537493	1539140	up	1	5	52
16	wr	f	22	1	diamond	green	(565, 460)	low	dis	(645, 652)	N	same	vert	up	True	1540391	1541420	up	1	5	53
16	wr	f	22	1	circle	green	(724, 619)	high	dis	(645, 652)	N	same	hori	left	True	1542423	1543947	left	1	5	54
16	wr	f	22	1	circle	red	(565, 619)	low	dis	(757, 540)	N	same	hori	left	True	1545009	1546083	left	1	5	55
16	wr	f	22	1	circle	red	(757, 540)	low	dis	(724, 619)	Y	same	vert	up	True	1547185	1548715	up	1	5	56
16	wr	f	22	1	diamond	red	(724, 460)	low	dis	(565, 619)	N	dif	hori	left	True	1549878	1551259	left	1	5	57
16	wr	f	22	1	circle	red	(533, 540)	low	dis	(565, 460)	N	dif	hori	left	True	1552511	1553451	left	1	5	58
16	wr	f	22	1	circle	red	(724, 460)	low	dis	(724, 619)	Y	dif	vert	up	True	1554535	1555436	up	1	5	59
16	wr	f	22	1	circle	green	(533, 540)	low	dis	(645, 652)	N	dif	vert	up	True	1556516	1557851	up	1	5	60
16	wr	f	22	1	circle	green	(645, 428)	low	dis	(724, 619)	Y	same	vert	up	True	1558893	1560092	up	1	5	61
16	wr	f	22	1	circle	red	(724, 619)	high	dis	(565, 460)	N	dif	hori	left	True	1561269	1562067	left	1	5	62
16	wr	f	22	1	diamond	green	(565, 460)	low	no	no_dis	N	same	hori	left	True	1563315	1564292	left	1	5	63
16	wr	f	22	1	diamond	green	(645, 428)	low	no	no_dis	N	dif	hori	left	True	1565383	1566395	left	1	5	64
16	wr	f	22	1	circle	green	(645, 428)	low	dis	(533, 540)	N	same	vert	up	True	1567591	1569683	up	1	5	65
16	wr	f	22	1	diamond	red	(757, 540)	low	no	no_dis	N	dif	hori	left	True	1570776	1572076	left	1	5	66
16	wr	f	22	1	diamond	green	(724, 619)	high	dis	(565, 460)	N	dif	vert	up	True	1573275	1574699	up	1	5	67
16	wr	f	22	1	diamond	red	(724, 619)	high	dis	(724, 460)	N	dif	vert	up	True	1575880	1577084	up	1	5	68
16	wr	f	22	1	circle	green	(724, 619)	high	no	no_dis	N	same	vert	up	True	1578143	1579171	up	1	5	69
16	wr	f	22	1	circle	green	(724, 619)	high	dis	(757, 540)	N	same	hori	left	True	1580376	1581676	left	1	5	70
16	wr	f	22	1	circle	red	(724, 619)	high	no	no_dis	N	same	vert	up	True	1582870	1584068	up	1	5	71
16	wr	f	22	1	diamond	green	(724, 619)	high	dis	(533, 540)	N	dif	hori	left	True	1585256	1586571	left	1	5	72
16	wr	f	22	1	diamond	red	(565, 460)	low	dis	(724, 619)	Y	dif	hori	left	True	1587697	1589060	left	1	5	73
16	wr	f	22	1	diamond	green	(724, 619)	high	no	no_dis	N	dif	vert	up	True	1590306	1591468	up	1	5	74
16	wr	f	22	1	circle	green	(724, 619)	high	dis	(565, 619)	N	dif	hori	left	True	1592693	1593763	left	1	5	75
16	wr	f	22	1	diamond	green	(724, 619)	high	no	no_dis	N	same	vert	up	True	1594945	1595892	up	1	5	76
16	wr	f	22	1	circle	green	(724, 619)	high	dis	(565, 460)	N	same	hori	left	True	1596925	1597795	left	1	5	77
16	wr	f	22	1	circle	red	(724, 619)	high	dis	(724, 460)	N	dif	hori	left	True	1598937	1599899	left	1	5	78
16	wr	f	22	1	diamond	green	(724, 619)	high	dis	(757, 540)	N	dif	vert	up	True	1601107	1602355	up	1	5	79
16	wr	f	22	1	circle	green	(724, 460)	low	dis	(645, 428)	N	dif	hori	left	True	1603465	1604444	left	1	5	80
16	wr	f	22	1	diamond	red	(724, 619)	high	dis	(757, 540)	N	same	vert	up	True	1605674	1606860	up	1	5	81
16	wr	f	22	1	diamond	red	(724, 619)	high	dis	(533, 540)	N	dif	vert	up	True	1607932	1608803	up	1	5	82
16	wr	f	22	1	circle	green	(724, 619)	high	dis	(565, 460)	N	dif	vert	up	True	1609884	1610971	up	1	5	83
16	wr	f	22	1	circle	red	(645, 428)	low	dis	(565, 619)	N	dif	vert	up	True	1612216	1613683	up	1	5	84
16	wr	f	22	1	circle	red	(724, 619)	high	no	no_dis	N	dif	hori	left	True	1614804	1615587	left	1	5	85
16	wr	f	22	1	circle	green	(645, 652)	low	dis	(533, 540)	N	same	hori	left	True	1616765	1617836	left	1	5	86
16	wr	f	22	1	circle	red	(724, 619)	high	dis	(565, 619)	N	same	vert	up	True	1618941	1620580	up	1	5	87
16	wr	f	22	1	circle	red	(724, 619)	high	no	no_dis	N	same	hori	left	True	1621780	1622476	left	1	5	88
16	wr	f	22	1	diamond	green	(757, 540)	low	dis	(724, 619)	Y	same	vert	up	True	1623578	1625139	left	0	5	89
16	wr	f	22	1	diamond	green	(724, 460)	low	no	no_dis	N	dif	vert	up	True	1627675	1628843	up	1	5	90
16	wr	f	22	1	circle	green	(724, 619)	high	dis	(565, 619)	N	same	vert	up	True	1629899	1631227	up	1	5	91
16	wr	f	22	1	circle	green	(645, 652)	low	no	no_dis	N	dif	vert	up	True	1632422	1633300	up	1	5	92
16	wr	f	22	1	diamond	green	(565, 619)	low	dis	(724, 460)	N	dif	vert	up	True	1634379	1635356	up	1	5	93
16	wr	f	22	1	circle	green	(724, 619)	high	no	no_dis	N	same	vert	up	True	1636516	1637571	up	1	5	94
16	wr	f	22	1	circle	green	(565, 460)	low	dis	(724, 619)	Y	same	hori	left	True	1638761	1640419	left	1	5	95
16	wr	f	22	1	diamond	green	(724, 619)	high	dis	(565, 619)	N	dif	hori	left	True	1641504	1643332	left	1	5	96
16	wr	f	22	1	circle	red	(724, 619)	high	dis	(645, 652)	N	dif	vert	up	True	1644478	1645835	up	1	5	97
16	wr	f	22	1	diamond	green	(724, 619)	high	dis	(645, 428)	N	dif	hori	left	True	1646914	1647867	left	1	5	98
16	wr	f	22	1	circle	green	(724, 619)	high	no	no_dis	N	dif	hori	left	True	1649026	1650147	left	1	5	99
16	wr	f	22	1	circle	green	(724, 619)	high	no	no_dis	N	same	hori	left	True	1651268	1652100	left	1	5	100
16	wr	f	22	1	circle	green	(724, 619)	high	dis	(565, 619)	N	same	vert	up	True	1653148	1654484	up	1	5	101
16	wr	f	22	1	diamond	red	(724, 619)	high	dis	(724, 460)	N	dif	hori	left	True	1655660	1656739	left	1	5	102
16	wr	f	22	1	diamond	green	(533, 540)	low	dis	(724, 460)	N	same	vert	up	True	1657952	1659059	up	1	5	103
16	wr	f	22	1	circle	green	(724, 619)	high	dis	(645, 652)	N	same	vert	up	True	1660147	1661907	up	1	5	104
16	wr	f	22	1	circle	red	(565, 460)	low	dis	(533, 540)	N	dif	vert	up	True	1662915	1664780	up	1	5	105
16	wr	f	22	1	circle	green	(724, 619)	high	no	no_dis	N	same	hori	left	True	1665930	1667140	left	1	5	106
16	wr	f	22	1	circle	green	(724, 619)	high	dis	(645, 428)	N	dif	hori	left	True	1668388	1669876	left	1	5	107
16	wr	f	22	1	circle	red	(724, 619)	high	no	no_dis	N	same	vert	up	True	1670902	1671716	up	1	5	108
16	wr	f	22	1	diamond	red	(724, 619)	high	dis	(645, 652)	N	same	vert	up	True	1672943	1674268	up	1	5	109
16	wr	f	22	1	diamond	red	(565, 460)	low	no	no_dis	N	same	hori	left	True	1675476	1676460	left	1	5	110
16	wr	f	22	1	circle	red	(645, 652)	low	dis	(645, 428)	N	same	hori	left	True	1677580	1678595	left	1	5	111
16	wr	f	22	1	circle	red	(645, 428)	low	no	no_dis	N	dif	vert	up	True	1679743	1680731	up	1	5	112
16	wr	f	22	1	diamond	red	(757, 540)	low	no	no_dis	N	dif	vert	up	True	1681941	1683035	left	0	5	113
16	wr	f	22	1	diamond	red	(724, 460)	low	dis	(565, 619)	N	dif	hori	left	True	1685627	1686860	left	1	5	114
16	wr	f	22	1	diamond	green	(724, 619)	high	dis	(645, 428)	N	same	vert	up	True	1687959	1688891	up	1	5	115
16	wr	f	22	1	circle	red	(724, 619)	high	dis	(724, 460)	N	same	hori	left	True	1690141	1690988	left	1	5	116
16	wr	f	22	1	diamond	green	(724, 460)	low	dis	(565, 460)	N	same	hori	left	True	1692054	1693036	left	1	5	117
16	wr	f	22	1	diamond	red	(724, 619)	high	no	no_dis	N	dif	vert	up	True	1694103	1694915	up	1	5	118
16	wr	f	22	1	diamond	green	(724, 619)	high	dis	(645, 428)	N	dif	vert	up	True	1696034	1696851	up	1	5	119
16	wr	f	22	1	circle	green	(533, 540)	low	no	no_dis	N	same	hori	left	True	1698034	1699212	left	1	5	120
16	wr	f	22	1	circle	red	(757, 540)	low	dis	(724, 619)	Y	dif	hori	left	True	1736171	1737611	left	1	6	1
16	wr	f	22	1	diamond	green	(565, 460)	low	dis	(645, 652)	N	dif	vert	up	True	1738780	1739883	up	1	6	2
16	wr	f	22	1	circle	red	(645, 428)	low	dis	(724, 619)	Y	dif	hori	left	True	1740984	1742251	left	1	6	3
16	wr	f	22	1	diamond	green	(724, 619)	high	no	no_dis	N	same	vert	up	True	1743415	1744684	up	1	6	4
16	wr	f	22	1	diamond	red	(533, 540)	low	dis	(565, 460)	N	same	hori	left	True	1745886	1747452	left	1	6	5
16	wr	f	22	1	diamond	red	(724, 619)	high	dis	(645, 652)	N	dif	vert	up	True	1748557	1749564	up	1	6	6
16	wr	f	22	1	circle	green	(724, 619)	high	no	no_dis	N	same	hori	left	True	1750646	1751603	left	1	6	7
16	wr	f	22	1	circle	red	(724, 619)	high	no	no_dis	N	same	hori	left	True	1752824	1754139	left	1	6	8
16	wr	f	22	1	circle	green	(724, 619)	high	no	no_dis	N	dif	vert	up	True	1755281	1756092	up	1	6	9
16	wr	f	22	1	circle	green	(533, 540)	low	no	no_dis	N	dif	hori	left	True	1757127	1758012	left	1	6	10
16	wr	f	22	1	diamond	green	(533, 540)	low	dis	(645, 652)	N	dif	hori	left	True	1759211	1760292	left	1	6	11
16	wr	f	22	1	diamond	red	(724, 619)	high	no	no_dis	N	dif	vert	up	True	1761481	1762251	up	1	6	12
16	wr	f	22	1	circle	green	(724, 619)	high	dis	(533, 540)	N	same	hori	left	True	1763330	1764580	left	1	6	13
16	wr	f	22	1	diamond	red	(724, 619)	high	dis	(645, 652)	N	dif	vert	up	True	1765646	1767100	up	1	6	14
16	wr	f	22	1	circle	red	(724, 619)	high	dis	(533, 540)	N	same	vert	up	True	1768113	1769100	up	1	6	15
16	wr	f	22	1	diamond	red	(724, 619)	high	dis	(645, 652)	N	same	hori	left	True	1770315	1771748	left	1	6	16
16	wr	f	22	1	circle	red	(724, 619)	high	no	no_dis	N	same	hori	left	True	1772937	1773772	left	1	6	17
16	wr	f	22	1	circle	red	(533, 540)	low	no	no_dis	N	same	hori	left	True	1774928	1776267	left	1	6	18
16	wr	f	22	1	circle	green	(724, 619)	high	dis	(757, 540)	N	dif	vert	up	True	1777376	1778500	up	1	6	19
16	wr	f	22	1	diamond	red	(724, 619)	high	no	no_dis	N	dif	hori	left	True	1779562	1780348	left	1	6	20
16	wr	f	22	1	circle	red	(565, 460)	low	dis	(533, 540)	N	dif	hori	left	True	1781469	1782723	left	1	6	21
16	wr	f	22	1	circle	red	(757, 540)	low	no	no_dis	N	dif	vert	up	True	1783785	1784612	up	1	6	22
16	wr	f	22	1	diamond	green	(724, 460)	low	no	no_dis	N	same	hori	left	True	1785657	1786996	left	1	6	23
16	wr	f	22	1	diamond	green	(645, 428)	low	no	no_dis	N	same	vert	up	True	1788130	1788843	up	1	6	24
16	wr	f	22	1	circle	green	(724, 619)	high	no	no_dis	N	same	hori	left	True	1789888	1790755	left	1	6	25
16	wr	f	22	1	circle	green	(724, 619)	high	no	no_dis	N	same	hori	left	True	1791951	1792827	left	1	6	26
16	wr	f	22	1	diamond	red	(724, 619)	high	dis	(565, 619)	N	same	vert	up	True	1794004	1795427	up	1	6	27
16	wr	f	22	1	diamond	red	(724, 619)	high	dis	(565, 619)	N	dif	hori	left	True	1796503	1797651	left	1	6	28
16	wr	f	22	1	circle	green	(645, 652)	low	dis	(724, 619)	Y	same	hori	left	True	1798761	1800435	left	1	6	29
16	wr	f	22	1	diamond	green	(724, 619)	high	dis	(724, 460)	N	dif	hori	left	True	1801611	1802564	left	1	6	30
16	wr	f	22	1	circle	green	(645, 428)	low	dis	(724, 619)	Y	dif	hori	left	True	1803661	1804699	up	0	6	31
16	wr	f	22	1	circle	green	(565, 460)	low	no	no_dis	N	dif	vert	up	True	1807229	1808259	up	1	6	32
16	wr	f	22	1	diamond	green	(724, 619)	high	no	no_dis	N	dif	hori	left	True	1809280	1810035	left	1	6	33
16	wr	f	22	1	circle	red	(724, 619)	high	no	no_dis	N	dif	vert	up	True	1811281	1812300	up	1	6	34
16	wr	f	22	1	diamond	green	(724, 619)	high	dis	(757, 540)	N	same	hori	left	True	1813346	1815068	left	1	6	35
16	wr	f	22	1	diamond	red	(724, 619)	high	dis	(757, 540)	N	same	hori	left	True	1816145	1817139	left	1	6	36
16	wr	f	22	1	diamond	green	(724, 619)	high	no	no_dis	N	dif	hori	left	True	1818200	1818915	left	1	6	37
16	wr	f	22	1	diamond	red	(645, 428)	low	dis	(533, 540)	N	dif	vert	up	True	1820005	1821347	up	1	6	38
16	wr	f	22	1	circle	green	(724, 619)	high	dis	(724, 460)	N	dif	hori	left	True	1822358	1823363	left	1	6	39
16	wr	f	22	1	diamond	red	(724, 619)	high	no	no_dis	N	same	vert	up	True	1824483	1825443	up	1	6	40
16	wr	f	22	1	circle	red	(724, 619)	high	dis	(565, 460)	N	same	hori	left	True	1826685	1827660	left	1	6	41
16	wr	f	22	1	circle	red	(645, 652)	low	dis	(565, 619)	N	same	hori	left	True	1828794	1830107	left	1	6	42
16	wr	f	22	1	diamond	green	(724, 619)	high	dis	(565, 619)	N	same	vert	up	True	1831335	1832483	up	1	6	43
16	wr	f	22	1	circle	red	(724, 460)	low	dis	(565, 619)	N	dif	hori	left	True	1833704	1834660	left	1	6	44
16	wr	f	22	1	circle	red	(724, 619)	high	no	no_dis	N	same	vert	up	True	1835801	1836628	up	1	6	45
16	wr	f	22	1	circle	green	(724, 619)	high	dis	(645, 428)	N	dif	vert	up	True	1837752	1838812	up	1	6	46
16	wr	f	22	1	diamond	red	(724, 460)	low	no	no_dis	N	same	hori	left	True	1839988	1840940	left	1	6	47
16	wr	f	22	1	circle	red	(724, 619)	high	dis	(645, 652)	N	dif	vert	up	True	1841948	1843291	left	0	6	48
16	wr	f	22	1	diamond	green	(724, 619)	high	no	no_dis	N	dif	hori	left	True	1845969	1846756	left	1	6	49
16	wr	f	22	1	diamond	green	(724, 619)	high	no	no_dis	N	dif	vert	up	True	1847973	1849156	up	1	6	50
16	wr	f	22	1	diamond	red	(645, 428)	low	dis	(724, 460)	N	same	vert	up	True	1850386	1851212	up	1	6	51
16	wr	f	22	1	circle	green	(533, 540)	low	dis	(565, 619)	N	dif	hori	left	True	1852299	1853283	left	1	6	52
16	wr	f	22	1	circle	red	(724, 619)	high	no	no_dis	N	same	vert	up	True	1854354	1855156	up	1	6	53
16	wr	f	22	1	circle	red	(533, 540)	low	dis	(724, 619)	Y	dif	vert	up	True	1856159	1857156	up	1	6	54
16	wr	f	22	1	circle	red	(724, 619)	high	dis	(645, 428)	N	same	hori	left	True	1858267	1859659	left	1	6	55
16	wr	f	22	1	diamond	green	(645, 652)	low	dis	(724, 460)	N	dif	vert	up	True	1860776	1861652	up	1	6	56
16	wr	f	22	1	circle	red	(565, 619)	low	dis	(645, 428)	N	same	vert	up	True	1862831	1864043	up	1	6	57
16	wr	f	22	1	diamond	green	(724, 619)	high	dis	(533, 540)	N	dif	hori	left	True	1865267	1866604	left	1	6	58
16	wr	f	22	1	diamond	red	(565, 460)	low	no	no_dis	N	dif	vert	up	True	1867785	1869076	up	1	6	59
16	wr	f	22	1	diamond	green	(724, 619)	high	dis	(645, 428)	N	same	vert	up	True	1870184	1871355	up	1	6	60
16	wr	f	22	1	diamond	green	(565, 619)	low	dis	(757, 540)	N	dif	hori	left	True	1872478	1873260	left	1	6	61
16	wr	f	22	1	diamond	green	(724, 619)	high	no	no_dis	N	dif	hori	left	True	1874446	1875451	left	1	6	62
16	wr	f	22	1	circle	green	(724, 619)	high	no	no_dis	N	same	hori	left	True	1876659	1877827	left	1	6	63
16	wr	f	22	1	circle	red	(724, 619)	high	dis	(565, 460)	N	same	hori	left	True	1879045	1880195	left	1	6	64
16	wr	f	22	1	diamond	green	(724, 619)	high	dis	(533, 540)	N	same	vert	up	True	1881277	1882612	up	1	6	65
16	wr	f	22	1	diamond	green	(645, 652)	low	no	no_dis	N	same	vert	up	True	1883653	1885099	up	1	6	66
16	wr	f	22	1	circle	red	(724, 619)	high	dis	(724, 460)	N	same	vert	up	True	1886117	1887900	up	1	6	67
16	wr	f	22	1	circle	red	(724, 619)	high	dis	(724, 460)	N	dif	vert	up	True	1889075	1890276	up	1	6	68
16	wr	f	22	1	diamond	red	(724, 460)	low	dis	(724, 619)	Y	same	vert	up	True	1891387	1892820	up	1	6	69
16	wr	f	22	1	circle	green	(724, 619)	high	dis	(724, 460)	N	same	vert	up	True	1893919	1895435	up	1	6	70
16	wr	f	22	1	circle	green	(724, 619)	high	dis	(645, 428)	N	same	hori	left	True	1896612	1897588	left	1	6	71
16	wr	f	22	1	circle	green	(757, 540)	low	dis	(533, 540)	N	dif	vert	up	True	1898604	1900179	up	1	6	72
16	wr	f	22	1	diamond	green	(565, 619)	low	no	no_dis	N	same	vert	up	True	1901393	1903387	up	1	6	73
16	wr	f	22	1	circle	red	(565, 619)	low	no	no_dis	N	dif	hori	left	True	1904635	1905388	left	1	6	74
16	wr	f	22	1	diamond	red	(724, 619)	high	no	no_dis	N	same	vert	up	True	1906406	1907835	up	1	6	75
16	wr	f	22	1	circle	green	(724, 619)	high	dis	(565, 619)	N	dif	hori	left	True	1908907	1910059	left	1	6	76
16	wr	f	22	1	diamond	red	(724, 619)	high	no	no_dis	N	dif	vert	up	True	1911299	1912212	up	1	6	77
16	wr	f	22	1	diamond	green	(645, 428)	low	dis	(565, 460)	N	same	vert	up	True	1913452	1914996	up	1	6	78
16	wr	f	22	1	diamond	green	(724, 619)	high	dis	(724, 460)	N	dif	hori	left	True	1916058	1917067	left	1	6	79
16	wr	f	22	1	circle	red	(565, 460)	low	dis	(757, 540)	N	same	hori	left	True	1918163	1919339	left	1	6	80
16	wr	f	22	1	circle	red	(757, 540)	low	no	no_dis	N	dif	hori	left	True	1920439	1921380	left	1	6	81
16	wr	f	22	1	circle	green	(565, 619)	low	dis	(645, 428)	N	same	hori	left	True	1922388	1923331	left	1	6	82
16	wr	f	22	1	diamond	green	(533, 540)	low	dis	(724, 460)	N	dif	vert	up	True	1924432	1925443	up	1	6	83
16	wr	f	22	1	circle	green	(724, 619)	high	dis	(533, 540)	N	dif	vert	up	True	1926511	1927580	up	1	6	84
16	wr	f	22	1	diamond	red	(724, 619)	high	dis	(645, 428)	N	dif	hori	left	True	1928598	1929619	left	1	6	85
16	wr	f	22	1	diamond	green	(724, 460)	low	dis	(724, 619)	Y	dif	vert	up	True	1930628	1932075	up	1	6	86
16	wr	f	22	1	diamond	green	(724, 619)	high	dis	(565, 619)	N	same	vert	up	True	1933176	1934403	left	0	6	87
16	wr	f	22	1	diamond	green	(724, 619)	high	dis	(565, 460)	N	dif	hori	left	True	1937096	1937987	left	1	6	88
16	wr	f	22	1	diamond	red	(565, 460)	low	dis	(724, 619)	Y	dif	vert	up	True	1938997	1939867	up	1	6	89
16	wr	f	22	1	diamond	red	(724, 619)	high	dis	(757, 540)	N	dif	hori	left	True	1941082	1942028	left	1	6	90
16	wr	f	22	1	diamond	red	(724, 619)	high	dis	(565, 460)	N	same	hori	left	True	1943072	1943763	left	1	6	91
16	wr	f	22	1	diamond	red	(565, 619)	low	no	no_dis	N	dif	hori	left	True	1944848	1945875	left	1	6	92
16	wr	f	22	1	diamond	green	(757, 540)	low	dis	(645, 428)	N	same	vert	up	True	1947054	1948236	up	1	6	93
16	wr	f	22	1	circle	red	(724, 619)	high	dis	(565, 460)	N	dif	hori	left	True	1949470	1950380	left	1	6	94
16	wr	f	22	1	circle	green	(724, 619)	high	dis	(757, 540)	N	dif	vert	up	True	1951555	1952435	up	1	6	95
16	wr	f	22	1	diamond	green	(724, 619)	high	dis	(565, 619)	N	same	hori	left	True	1953639	1954515	left	1	6	96
16	wr	f	22	1	circle	green	(724, 619)	high	dis	(645, 428)	N	same	vert	up	True	1955704	1956747	up	1	6	97
16	wr	f	22	1	circle	red	(724, 619)	high	dis	(645, 428)	N	same	hori	left	True	1957850	1958964	left	1	6	98
16	wr	f	22	1	diamond	green	(724, 619)	high	dis	(565, 460)	N	same	vert	up	True	1960070	1960948	up	1	6	99
16	wr	f	22	1	circle	green	(565, 460)	low	dis	(757, 540)	N	same	hori	left	True	1962172	1963436	left	1	6	100
16	wr	f	22	1	circle	red	(724, 619)	high	dis	(757, 540)	N	same	vert	up	True	1964439	1965124	up	1	6	101
16	wr	f	22	1	circle	green	(724, 460)	low	dis	(565, 460)	N	same	vert	up	True	1966363	1967652	up	1	6	102
16	wr	f	22	1	diamond	green	(724, 619)	high	dis	(533, 540)	N	dif	hori	left	True	1968880	1969827	left	1	6	103
16	wr	f	22	1	circle	green	(724, 460)	low	dis	(724, 619)	Y	same	hori	left	True	1971067	1972100	left	1	6	104
16	wr	f	22	1	diamond	red	(565, 619)	low	dis	(645, 652)	N	same	vert	up	True	1973230	1974268	up	1	6	105
16	wr	f	22	1	circle	green	(724, 619)	high	dis	(645, 652)	N	dif	vert	up	True	1975326	1976716	up	1	6	106
16	wr	f	22	1	diamond	red	(724, 619)	high	dis	(757, 540)	N	dif	hori	left	True	1977921	1978772	left	1	6	107
16	wr	f	22	1	circle	red	(724, 619)	high	no	no_dis	N	dif	hori	left	True	1979855	1980716	left	1	6	108
16	wr	f	22	1	circle	green	(724, 619)	high	no	no_dis	N	same	vert	up	True	1981729	1982452	up	1	6	109
16	wr	f	22	1	circle	green	(645, 652)	low	no	no_dis	N	same	vert	up	True	1983660	1984572	up	1	6	110
16	wr	f	22	1	circle	green	(724, 619)	high	dis	(645, 652)	N	dif	vert	up	True	1985599	1987043	left	0	6	111
16	wr	f	22	1	circle	green	(645, 428)	low	no	no_dis	N	same	hori	left	True	1989690	1990643	left	1	6	112
16	wr	f	22	1	diamond	red	(724, 619)	high	dis	(565, 460)	N	dif	vert	up	True	1991890	1992803	up	1	6	113
16	wr	f	22	1	diamond	red	(645, 652)	low	no	no_dis	N	dif	vert	up	True	1994002	1994876	up	1	6	114
16	wr	f	22	1	diamond	red	(645, 652)	low	dis	(724, 460)	N	same	vert	up	True	1995926	1997156	up	1	6	115
16	wr	f	22	1	circle	red	(724, 619)	high	dis	(533, 540)	N	same	hori	left	True	1998193	1999196	left	1	6	116
16	wr	f	22	1	diamond	red	(724, 619)	high	no	no_dis	N	dif	vert	up	True	2000362	2001500	up	1	6	117
16	wr	f	22	1	diamond	red	(757, 540)	low	dis	(724, 619)	Y	same	hori	left	True	2002625	2003891	left	1	6	118
16	wr	f	22	1	diamond	red	(724, 619)	high	dis	(565, 619)	N	same	vert	up	True	2004909	2005908	up	1	6	119
16	wr	f	22	1	circle	red	(724, 619)	high	dis	(645, 652)	N	dif	vert	up	True	2006929	2008339	up	1	6	120
conf	16	wr	f	22	1	True	2047054	2079227	2	True	2079238	2086580	6
