subj	name	gender	age	prac	shape	color	tar_loc	popularity	dis_cond	dis_loc	dis_high	td_dif	line	respkey	gotkey	startTime	respTime	resp	correct	block	trialnum
4	xwy	f	18	1	circle	green	(565, 460)	high	dis	(757, 540)	N	dif	vert	up	True	23284	24756	up	1	1	1
4	xwy	f	18	1	diamond	green	(565, 460)	high	dis	(757, 540)	N	dif	hori	left	True	25928	27964	left	1	1	2
4	xwy	f	18	1	diamond	red	(565, 460)	high	dis	(724, 619)	N	dif	hori	left	True	29100	30372	left	1	1	3
4	xwy	f	18	1	diamond	green	(565, 460)	high	dis	(757, 540)	N	dif	hori	left	True	31445	32980	left	1	1	4
4	xwy	f	18	1	circle	green	(565, 460)	high	dis	(533, 540)	N	dif	vert	up	True	34037	35909	up	1	1	5
4	xwy	f	18	1	circle	green	(565, 460)	high	dis	(757, 540)	N	same	vert	up	True	37116	38228	up	1	1	6
4	xwy	f	18	1	diamond	red	(565, 460)	high	dis	(724, 460)	N	same	hori	left	True	39277	40348	left	1	1	7
4	xwy	f	18	1	circle	red	(724, 460)	low	dis	(565, 460)	Y	dif	hori	left	True	41402	43020	up	0	1	8
4	xwy	f	18	1	circle	red	(565, 460)	high	dis	(645, 428)	N	dif	vert	up	True	45539	47188	up	1	1	9
4	xwy	f	18	1	diamond	red	(565, 460)	high	no	no_dis	N	dif	vert	up	True	48345	49644	up	1	1	10
4	xwy	f	18	1	circle	red	(724, 460)	low	no	no_dis	N	same	hori	left	True	50692	52708	left	1	1	11
4	xwy	f	18	1	circle	red	(565, 460)	high	dis	(645, 652)	N	dif	hori	left	True	53891	55349	left	1	1	12
4	xwy	f	18	1	diamond	red	(565, 460)	high	no	no_dis	N	same	hori	left	True	56413	57692	left	1	1	13
4	xwy	f	18	1	diamond	green	(724, 460)	low	dis	(565, 619)	N	same	hori	left	True	58752	60084	left	1	1	14
4	xwy	f	18	1	circle	green	(533, 540)	low	dis	(645, 428)	N	dif	vert	up	True	61248	62973	up	1	1	15
4	xwy	f	18	1	diamond	green	(645, 652)	low	no	no_dis	N	dif	vert	up	True	64052	65756	up	1	1	16
4	xwy	f	18	1	circle	red	(565, 460)	high	no	no_dis	N	dif	hori	left	True	66993	68013	left	1	1	17
4	xwy	f	18	1	diamond	red	(565, 460)	high	dis	(645, 652)	N	dif	vert	up	True	69095	70205	up	1	1	18
4	xwy	f	18	1	diamond	red	(565, 460)	high	no	no_dis	N	same	vert	up	True	71363	72596	up	1	1	19
4	xwy	f	18	1	diamond	red	(565, 460)	high	dis	(724, 619)	N	dif	hori	left	True	73731	75053	left	1	1	20
4	xwy	f	18	1	circle	red	(565, 460)	high	dis	(533, 540)	N	same	hori	left	True	76119	77684	left	1	1	21
4	xwy	f	18	1	diamond	green	(565, 460)	high	no	no_dis	N	same	vert	up	True	78799	79869	up	1	1	22
4	xwy	f	18	1	circle	red	(565, 460)	high	dis	(533, 540)	N	same	vert	up	True	81017	82108	up	1	1	23
4	xwy	f	18	1	diamond	green	(565, 460)	high	dis	(724, 460)	N	same	vert	up	True	83220	84412	up	1	1	24
4	xwy	f	18	1	circle	red	(565, 460)	high	dis	(724, 619)	N	same	vert	up	True	85495	86972	up	1	1	25
4	xwy	f	18	1	circle	red	(565, 460)	high	dis	(565, 619)	N	dif	hori	left	True	88016	88957	left	1	1	26
4	xwy	f	18	1	diamond	red	(565, 460)	high	no	no_dis	N	same	hori	left	True	90206	91372	left	1	1	27
4	xwy	f	18	1	circle	red	(565, 460)	high	no	no_dis	N	dif	hori	left	True	92511	93596	up	0	1	28
4	xwy	f	18	1	circle	green	(565, 460)	high	dis	(565, 619)	N	same	hori	left	True	96246	97252	left	1	1	29
4	xwy	f	18	1	circle	green	(565, 619)	low	no	no_dis	N	same	vert	up	True	98487	100012	up	1	1	30
4	xwy	f	18	1	diamond	green	(565, 619)	low	dis	(724, 619)	N	same	hori	left	True	101185	102636	left	1	1	31
4	xwy	f	18	1	circle	red	(724, 619)	low	dis	(533, 540)	N	dif	vert	up	True	103640	105532	up	1	1	32
4	xwy	f	18	1	circle	red	(724, 460)	low	no	no_dis	N	dif	vert	up	True	106661	107620	up	1	1	33
4	xwy	f	18	1	circle	red	(565, 460)	high	dis	(645, 428)	N	same	vert	up	True	108713	110084	up	1	1	34
4	xwy	f	18	1	diamond	green	(565, 460)	high	dis	(565, 619)	N	same	vert	up	True	111245	113340	up	1	1	35
4	xwy	f	18	1	diamond	red	(565, 460)	high	dis	(533, 540)	N	same	hori	left	True	114489	116620	left	1	1	36
4	xwy	f	18	1	circle	red	(565, 460)	high	dis	(645, 428)	N	dif	hori	left	True	117774	119124	left	1	1	37
4	xwy	f	18	1	circle	red	(565, 619)	low	dis	(565, 460)	Y	dif	hori	left	True	120174	122300	left	1	1	38
4	xwy	f	18	1	diamond	green	(645, 428)	low	dis	(565, 460)	Y	dif	vert	up	True	123416	124876	up	1	1	39
4	xwy	f	18	1	circle	green	(565, 460)	high	no	no_dis	N	dif	hori	left	True	126065	127212	left	1	1	40
4	xwy	f	18	1	diamond	red	(645, 428)	low	dis	(724, 460)	N	same	hori	left	True	128306	130565	left	1	1	41
4	xwy	f	18	1	circle	red	(645, 428)	low	no	no_dis	N	dif	hori	left	True	131698	133172	left	1	1	42
4	xwy	f	18	1	diamond	red	(565, 460)	high	dis	(565, 619)	N	dif	vert	up	True	134383	136028	up	1	1	43
4	xwy	f	18	1	circle	red	(533, 540)	low	dis	(645, 652)	N	dif	vert	up	True	137142	139397	up	1	1	44
4	xwy	f	18	1	circle	red	(565, 460)	high	no	no_dis	N	same	hori	left	True	140491	142140	left	1	1	45
4	xwy	f	18	1	diamond	green	(565, 460)	high	dis	(533, 540)	N	dif	hori	left	True	143180	144268	left	1	1	46
4	xwy	f	18	1	diamond	green	(565, 460)	high	dis	(565, 619)	N	same	hori	left	True	145281	147076	left	1	1	47
4	xwy	f	18	1	diamond	red	(565, 460)	high	dis	(757, 540)	N	same	hori	left	True	148258	149484	left	1	1	48
4	xwy	f	18	1	diamond	red	(533, 540)	low	no	no_dis	N	dif	vert	up	True	150732	151948	up	1	1	49
4	xwy	f	18	1	diamond	red	(565, 460)	high	dis	(533, 540)	N	same	vert	up	True	153082	154164	up	1	1	50
4	xwy	f	18	1	circle	green	(565, 460)	high	no	no_dis	N	dif	vert	up	True	155398	157140	up	1	1	51
4	xwy	f	18	1	diamond	green	(645, 652)	low	dis	(533, 540)	N	same	vert	up	True	158372	160012	up	1	1	52
4	xwy	f	18	1	diamond	green	(757, 540)	low	no	no_dis	N	same	hori	left	True	161081	162357	left	1	1	53
4	xwy	f	18	1	circle	red	(645, 652)	low	no	no_dis	N	same	vert	up	True	163532	164917	up	1	1	54
4	xwy	f	18	1	circle	red	(565, 460)	high	no	no_dis	N	dif	hori	left	True	166168	167572	left	1	1	55
4	xwy	f	18	1	circle	green	(565, 460)	high	dis	(724, 619)	N	dif	vert	up	True	168627	169740	up	1	1	56
4	xwy	f	18	1	circle	green	(757, 540)	low	dis	(724, 460)	N	same	vert	up	True	170963	172468	up	1	1	57
4	xwy	f	18	1	circle	green	(533, 540)	low	dis	(724, 460)	N	dif	hori	left	True	173709	175244	left	1	1	58
4	xwy	f	18	1	diamond	green	(565, 619)	low	no	no_dis	N	dif	hori	left	True	176252	177516	left	1	1	59
4	xwy	f	18	1	circle	green	(565, 460)	high	no	no_dis	N	same	vert	up	True	178615	180628	up	1	1	60
4	xwy	f	18	1	circle	red	(757, 540)	low	dis	(645, 652)	N	same	hori	left	True	181747	182820	left	1	1	61
4	xwy	f	18	1	diamond	green	(565, 460)	high	dis	(565, 619)	N	dif	hori	left	True	184065	186461	left	1	1	62
4	xwy	f	18	1	diamond	red	(724, 619)	low	no	no_dis	N	dif	hori	left	True	187510	188732	left	1	1	63
4	xwy	f	18	1	diamond	red	(645, 428)	low	dis	(645, 652)	N	dif	vert	up	True	189871	191900	up	1	1	64
4	xwy	f	18	1	circle	green	(533, 540)	low	no	no_dis	N	dif	hori	left	True	193007	194204	left	1	1	65
4	xwy	f	18	1	diamond	green	(565, 460)	high	no	no_dis	N	dif	vert	up	True	195244	196629	up	1	1	66
4	xwy	f	18	1	circle	green	(565, 460)	high	dis	(645, 652)	N	dif	hori	left	True	197823	198892	left	1	1	67
4	xwy	f	18	1	circle	green	(565, 460)	high	no	no_dis	N	same	hori	left	True	200031	200869	left	1	1	68
4	xwy	f	18	1	diamond	red	(565, 460)	high	no	no_dis	N	same	hori	left	True	202107	203076	left	1	1	69
4	xwy	f	18	1	circle	green	(565, 460)	high	dis	(724, 619)	N	same	hori	left	True	204083	205101	left	1	1	70
4	xwy	f	18	1	diamond	green	(565, 460)	high	no	no_dis	N	same	vert	up	True	206226	206989	left	0	1	71
4	xwy	f	18	1	diamond	green	(565, 460)	high	no	no_dis	N	same	hori	left	True	209669	211356	left	1	1	72
4	xwy	f	18	1	diamond	red	(565, 460)	high	dis	(724, 619)	N	dif	hori	left	True	212369	213388	left	1	1	73
4	xwy	f	18	1	circle	green	(565, 460)	high	dis	(724, 619)	N	same	hori	left	True	214409	215485	left	1	1	74
4	xwy	f	18	1	diamond	green	(724, 619)	low	dis	(533, 540)	N	dif	hori	left	True	216675	218268	left	1	1	75
4	xwy	f	18	1	diamond	green	(565, 460)	high	dis	(565, 619)	N	same	hori	left	True	219316	220404	left	1	1	76
4	xwy	f	18	1	circle	green	(565, 460)	high	dis	(645, 428)	N	same	hori	left	True	221422	222428	left	1	1	77
4	xwy	f	18	1	diamond	green	(645, 428)	low	no	no_dis	N	same	vert	up	True	223454	224748	up	1	1	78
4	xwy	f	18	1	circle	green	(645, 428)	low	dis	(565, 460)	Y	same	vert	up	True	225872	227492	up	1	1	79
4	xwy	f	18	1	circle	green	(724, 460)	low	dis	(565, 460)	Y	same	vert	up	True	228648	230772	up	1	1	80
4	xwy	f	18	1	diamond	red	(565, 460)	high	no	no_dis	N	dif	hori	left	True	231875	232997	left	1	1	81
4	xwy	f	18	1	diamond	green	(757, 540)	low	dis	(565, 460)	Y	same	hori	left	True	234177	235196	left	1	1	82
4	xwy	f	18	1	circle	red	(645, 652)	low	dis	(645, 428)	N	same	hori	left	True	236369	238005	up	0	1	83
4	xwy	f	18	1	diamond	red	(565, 460)	high	dis	(645, 428)	N	same	vert	up	True	240558	242380	up	1	1	84
4	xwy	f	18	1	circle	red	(565, 460)	high	no	no_dis	N	dif	vert	up	True	243389	244812	up	1	1	85
4	xwy	f	18	1	circle	red	(757, 540)	low	dis	(565, 460)	Y	same	vert	up	True	245865	248076	up	1	1	86
4	xwy	f	18	1	diamond	red	(724, 619)	low	no	no_dis	N	same	hori	left	True	249257	250548	left	1	1	87
4	xwy	f	18	1	circle	green	(645, 652)	low	no	no_dis	N	same	vert	up	True	251750	253084	up	1	1	88
4	xwy	f	18	1	circle	green	(565, 460)	high	dis	(724, 460)	N	same	hori	left	True	254273	255596	left	1	1	89
4	xwy	f	18	1	circle	red	(645, 428)	low	dis	(565, 619)	N	same	hori	left	True	256831	258173	left	1	1	90
4	xwy	f	18	1	diamond	red	(565, 460)	high	dis	(645, 652)	N	dif	vert	up	True	259188	260885	up	1	1	91
4	xwy	f	18	1	diamond	green	(565, 460)	high	dis	(724, 460)	N	dif	vert	up	True	262012	263221	up	1	1	92
4	xwy	f	18	1	circle	red	(565, 460)	high	dis	(724, 460)	N	same	vert	up	True	264251	265580	up	1	1	93
4	xwy	f	18	1	circle	green	(724, 619)	low	dis	(565, 619)	N	same	vert	up	True	266726	268028	up	1	1	94
4	xwy	f	18	1	diamond	green	(565, 460)	high	dis	(645, 652)	N	same	vert	up	True	269043	270612	up	1	1	95
4	xwy	f	18	1	diamond	red	(565, 460)	high	dis	(645, 652)	N	dif	vert	up	True	271752	272972	up	1	1	96
4	xwy	f	18	1	circle	red	(565, 460)	high	dis	(724, 460)	N	same	vert	up	True	274046	275100	up	1	1	97
4	xwy	f	18	1	diamond	red	(724, 619)	low	dis	(757, 540)	N	same	hori	left	True	276325	277756	left	1	1	98
4	xwy	f	18	1	circle	green	(565, 619)	low	dis	(565, 460)	Y	same	vert	up	True	278851	280756	up	1	1	99
4	xwy	f	18	1	circle	green	(565, 460)	high	no	no_dis	N	same	vert	up	True	281985	283357	up	1	1	100
4	xwy	f	18	1	diamond	red	(757, 540)	low	dis	(645, 652)	N	dif	vert	up	True	284604	286173	up	1	1	101
4	xwy	f	18	1	diamond	red	(724, 460)	low	dis	(724, 619)	N	same	vert	up	True	287357	289492	up	1	1	102
4	xwy	f	18	1	diamond	red	(645, 428)	low	no	no_dis	N	dif	vert	up	True	290612	291708	up	1	1	103
4	xwy	f	18	1	circle	green	(757, 540)	low	no	no_dis	N	same	hori	left	True	292901	293965	left	1	1	104
4	xwy	f	18	1	diamond	green	(565, 460)	high	dis	(533, 540)	N	dif	hori	left	True	295082	297189	left	1	1	105
4	xwy	f	18	1	diamond	green	(565, 460)	high	no	no_dis	N	dif	hori	left	True	298339	300068	left	1	1	106
4	xwy	f	18	1	diamond	green	(565, 460)	high	no	no_dis	N	dif	vert	up	True	301177	302644	up	1	1	107
4	xwy	f	18	1	diamond	green	(565, 619)	low	dis	(565, 460)	Y	dif	hori	left	True	303666	305404	left	1	1	108
4	xwy	f	18	1	diamond	red	(645, 652)	low	dis	(757, 540)	N	dif	vert	up	True	306426	307781	up	1	1	109
4	xwy	f	18	1	circle	green	(565, 460)	high	dis	(645, 428)	N	same	hori	left	True	309005	310629	left	1	1	110
4	xwy	f	18	1	circle	green	(645, 652)	low	dis	(724, 619)	N	dif	vert	up	True	311775	313109	up	1	1	111
4	xwy	f	18	1	circle	green	(565, 460)	high	dis	(724, 460)	N	dif	vert	up	True	314225	316012	up	1	1	112
4	xwy	f	18	1	circle	green	(565, 460)	high	no	no_dis	N	same	vert	up	True	317239	318485	up	1	1	113
4	xwy	f	18	1	diamond	green	(565, 460)	high	dis	(645, 428)	N	same	vert	up	True	319684	322212	up	1	1	114
4	xwy	f	18	1	diamond	red	(533, 540)	low	dis	(565, 460)	Y	dif	hori	left	True	323361	325196	left	1	1	115
4	xwy	f	18	1	circle	red	(565, 460)	high	dis	(757, 540)	N	dif	vert	up	True	326284	327892	up	1	1	116
4	xwy	f	18	1	circle	red	(565, 460)	high	dis	(757, 540)	N	dif	vert	up	True	329102	331093	up	1	1	117
4	xwy	f	18	1	circle	red	(565, 460)	high	no	no_dis	N	dif	vert	up	True	332159	333484	up	1	1	118
4	xwy	f	18	1	diamond	red	(565, 619)	low	dis	(645, 428)	N	dif	hori	left	True	334494	336212	left	1	1	119
4	xwy	f	18	1	diamond	green	(533, 540)	low	dis	(757, 540)	N	dif	hori	left	True	337309	338732	left	1	1	120
4	xwy	f	18	1	diamond	green	(565, 460)	high	no	no_dis	N	same	hori	left	True	386548	388357	left	1	2	1
4	xwy	f	18	1	diamond	green	(724, 460)	low	dis	(565, 460)	Y	same	hori	left	True	389360	390797	left	1	2	2
4	xwy	f	18	1	circle	green	(565, 460)	high	no	no_dis	N	dif	vert	up	True	391833	393045	up	1	2	3
4	xwy	f	18	1	circle	green	(565, 460)	high	no	no_dis	N	dif	hori	left	True	394136	395308	left	1	2	4
4	xwy	f	18	1	circle	green	(565, 460)	high	dis	(645, 652)	N	same	vert	up	True	396540	397933	up	1	2	5
4	xwy	f	18	1	diamond	red	(565, 460)	high	dis	(645, 652)	N	dif	vert	up	True	398957	400301	up	1	2	6
4	xwy	f	18	1	circle	green	(565, 460)	high	dis	(757, 540)	N	same	hori	left	True	401529	402540	left	1	2	7
4	xwy	f	18	1	circle	red	(645, 652)	low	no	no_dis	N	dif	hori	left	True	403588	405037	left	1	2	8
4	xwy	f	18	1	diamond	red	(757, 540)	low	dis	(565, 460)	Y	same	vert	up	True	406277	408460	up	1	2	9
4	xwy	f	18	1	diamond	red	(724, 460)	low	dis	(565, 460)	Y	same	hori	left	True	409512	410972	left	1	2	10
4	xwy	f	18	1	diamond	green	(565, 460)	high	no	no_dis	N	dif	hori	left	True	412069	413012	left	1	2	11
4	xwy	f	18	1	circle	red	(565, 460)	high	dis	(724, 460)	N	dif	vert	up	True	414242	415645	up	1	2	12
4	xwy	f	18	1	diamond	red	(565, 460)	high	dis	(724, 460)	N	dif	hori	left	True	416740	417956	left	1	2	13
4	xwy	f	18	1	diamond	green	(565, 460)	high	dis	(757, 540)	N	dif	vert	up	True	419107	420604	up	1	2	14
4	xwy	f	18	1	circle	green	(565, 460)	high	dis	(724, 460)	N	dif	vert	up	True	421743	422861	up	1	2	15
4	xwy	f	18	1	circle	red	(565, 460)	high	no	no_dis	N	dif	hori	left	True	423880	424989	left	1	2	16
4	xwy	f	18	1	circle	green	(724, 460)	low	no	no_dis	N	same	vert	up	True	426023	427285	up	1	2	17
4	xwy	f	18	1	circle	red	(724, 460)	low	dis	(565, 460)	Y	dif	hori	left	True	428456	429540	left	1	2	18
4	xwy	f	18	1	circle	red	(565, 460)	high	dis	(645, 428)	N	dif	vert	up	True	430642	431821	up	1	2	19
4	xwy	f	18	1	diamond	green	(565, 460)	high	dis	(565, 619)	N	dif	vert	up	True	432834	434085	up	1	2	20
4	xwy	f	18	1	circle	red	(565, 460)	high	dis	(645, 652)	N	same	hori	left	True	435333	436717	left	1	2	21
4	xwy	f	18	1	diamond	green	(565, 460)	high	dis	(757, 540)	N	same	vert	up	True	437803	438860	up	1	2	22
4	xwy	f	18	1	diamond	red	(533, 540)	low	no	no_dis	N	same	hori	left	True	440023	440957	left	1	2	23
4	xwy	f	18	1	circle	green	(565, 460)	high	no	no_dis	N	same	hori	left	True	442177	443804	left	1	2	24
4	xwy	f	18	1	circle	red	(533, 540)	low	dis	(724, 460)	N	dif	hori	left	True	444921	446556	left	1	2	25
4	xwy	f	18	1	diamond	green	(565, 460)	high	dis	(533, 540)	N	dif	hori	left	True	447736	449092	left	1	2	26
4	xwy	f	18	1	diamond	green	(645, 428)	low	dis	(533, 540)	N	dif	vert	up	True	450121	451549	up	1	2	27
4	xwy	f	18	1	circle	red	(565, 460)	high	no	no_dis	N	same	hori	left	True	452592	453692	left	1	2	28
4	xwy	f	18	1	circle	green	(645, 652)	low	no	no_dis	N	same	hori	left	True	454753	456396	left	1	2	29
4	xwy	f	18	1	circle	green	(724, 619)	low	dis	(533, 540)	N	same	vert	up	True	457612	459052	up	1	2	30
4	xwy	f	18	1	diamond	green	(565, 460)	high	no	no_dis	N	same	vert	up	True	460184	461365	up	1	2	31
4	xwy	f	18	1	diamond	green	(565, 460)	high	no	no_dis	N	dif	vert	up	True	462556	463973	up	1	2	32
4	xwy	f	18	1	diamond	green	(724, 619)	low	dis	(645, 428)	N	same	vert	up	True	464994	466612	up	1	2	33
4	xwy	f	18	1	diamond	red	(565, 460)	high	dis	(757, 540)	N	dif	vert	up	True	467699	469044	up	1	2	34
4	xwy	f	18	1	diamond	red	(565, 460)	high	dis	(645, 428)	N	same	vert	up	True	470283	473037	up	1	2	35
4	xwy	f	18	1	circle	red	(565, 460)	high	dis	(645, 428)	N	same	vert	up	True	474123	475588	up	1	2	36
4	xwy	f	18	1	circle	green	(565, 460)	high	dis	(533, 540)	N	dif	hori	left	True	476750	477733	left	1	2	37
4	xwy	f	18	1	circle	red	(565, 460)	high	no	no_dis	N	dif	hori	left	True	478882	479909	left	1	2	38
4	xwy	f	18	1	circle	red	(565, 460)	high	dis	(724, 460)	N	same	vert	up	True	480953	482549	up	1	2	39
4	xwy	f	18	1	circle	red	(565, 460)	high	no	no_dis	N	same	vert	up	True	483753	485012	up	1	2	40
4	xwy	f	18	1	diamond	green	(565, 619)	low	dis	(757, 540)	N	dif	vert	up	True	486082	487548	up	1	2	41
4	xwy	f	18	1	diamond	green	(757, 540)	low	dis	(565, 460)	Y	dif	hori	left	True	488744	489924	left	1	2	42
4	xwy	f	18	1	circle	red	(565, 460)	high	no	no_dis	N	same	hori	left	True	491145	492205	left	1	2	43
4	xwy	f	18	1	circle	green	(757, 540)	low	dis	(645, 652)	N	same	hori	left	True	493301	494372	left	1	2	44
4	xwy	f	18	1	diamond	green	(565, 460)	high	dis	(645, 652)	N	same	vert	up	True	495381	497981	up	1	2	45
4	xwy	f	18	1	circle	red	(565, 460)	high	dis	(533, 540)	N	dif	hori	left	True	499177	500717	left	1	2	46
4	xwy	f	18	1	diamond	green	(565, 460)	high	no	no_dis	N	dif	hori	left	False	501719	None	None	0	2	47
4	xwy	f	18	1	diamond	green	(645, 428)	low	no	no_dis	N	dif	vert	up	True	507375	508380	up	1	2	48
4	xwy	f	18	1	diamond	red	(533, 540)	low	dis	(565, 619)	N	dif	hori	left	True	509603	510812	left	1	2	49
4	xwy	f	18	1	diamond	red	(565, 460)	high	no	no_dis	N	same	vert	up	True	511982	513244	up	1	2	50
4	xwy	f	18	1	diamond	red	(565, 460)	high	dis	(724, 619)	N	same	hori	left	True	514292	515325	left	1	2	51
4	xwy	f	18	1	diamond	red	(724, 619)	low	dis	(565, 460)	Y	same	hori	left	True	516378	517260	left	1	2	52
4	xwy	f	18	1	circle	red	(645, 428)	low	dis	(757, 540)	N	dif	vert	up	True	518491	520725	up	1	2	53
4	xwy	f	18	1	circle	green	(565, 460)	high	dis	(724, 460)	N	dif	hori	left	True	521870	522901	left	1	2	54
4	xwy	f	18	1	circle	green	(565, 460)	high	no	no_dis	N	same	vert	up	True	524030	525301	up	1	2	55
4	xwy	f	18	1	diamond	green	(565, 460)	high	dis	(724, 619)	N	same	hori	left	True	526427	527356	left	1	2	56
4	xwy	f	18	1	diamond	red	(565, 619)	low	dis	(565, 460)	Y	dif	hori	left	True	528408	530053	left	1	2	57
4	xwy	f	18	1	circle	red	(565, 460)	high	dis	(533, 540)	N	dif	vert	up	True	531239	532501	up	1	2	58
4	xwy	f	18	1	circle	red	(565, 460)	high	dis	(565, 619)	N	dif	hori	left	True	533595	534452	left	1	2	59
4	xwy	f	18	1	circle	red	(565, 460)	high	dis	(565, 619)	N	same	vert	up	True	535688	536596	left	0	2	60
4	xwy	f	18	1	diamond	red	(565, 460)	high	no	no_dis	N	same	vert	up	True	539354	540724	up	1	2	61
4	xwy	f	18	1	diamond	green	(565, 460)	high	dis	(565, 619)	N	same	vert	up	True	541743	543053	up	1	2	62
4	xwy	f	18	1	diamond	red	(565, 460)	high	no	no_dis	N	dif	hori	left	True	544291	545381	left	1	2	63
4	xwy	f	18	1	circle	green	(565, 460)	high	no	no_dis	N	same	vert	up	True	546537	548004	up	1	2	64
4	xwy	f	18	1	diamond	red	(565, 460)	high	no	no_dis	N	dif	vert	up	True	549220	550588	up	1	2	65
4	xwy	f	18	1	diamond	red	(757, 540)	low	dis	(565, 619)	N	dif	hori	left	True	551818	552797	left	1	2	66
4	xwy	f	18	1	diamond	green	(533, 540)	low	dis	(565, 460)	Y	dif	hori	left	True	553966	555485	up	0	2	67
4	xwy	f	18	1	circle	red	(565, 460)	high	dis	(724, 460)	N	dif	hori	left	True	558016	559364	left	1	2	68
4	xwy	f	18	1	circle	green	(565, 460)	high	dis	(757, 540)	N	same	vert	up	True	560529	563141	up	1	2	69
4	xwy	f	18	1	circle	green	(565, 460)	high	dis	(533, 540)	N	dif	hori	left	True	564339	565325	left	1	2	70
4	xwy	f	18	1	circle	green	(565, 460)	high	dis	(645, 428)	N	same	hori	left	True	566435	567332	left	1	2	71
4	xwy	f	18	1	diamond	red	(565, 460)	high	dis	(724, 619)	N	dif	hori	left	True	568514	569404	left	1	2	72
4	xwy	f	18	1	circle	red	(565, 460)	high	no	no_dis	N	dif	vert	up	True	570440	571717	up	1	2	73
4	xwy	f	18	1	diamond	red	(724, 619)	low	no	no_dis	N	dif	hori	left	True	572970	574325	left	1	2	74
4	xwy	f	18	1	circle	green	(565, 619)	low	dis	(645, 428)	N	same	vert	up	True	575409	576924	up	1	2	75
4	xwy	f	18	1	diamond	red	(645, 652)	low	dis	(645, 428)	N	same	vert	up	True	578097	579356	up	1	2	76
4	xwy	f	18	1	circle	red	(724, 619)	low	no	no_dis	N	dif	vert	up	True	580539	582052	up	1	2	77
4	xwy	f	18	1	diamond	red	(565, 460)	high	dis	(757, 540)	N	dif	hori	left	True	583301	584517	left	1	2	78
4	xwy	f	18	1	circle	red	(565, 460)	high	dis	(645, 428)	N	dif	vert	up	True	585631	586868	up	1	2	79
4	xwy	f	18	1	circle	red	(645, 428)	low	no	no_dis	N	dif	hori	left	False	588059	None	None	0	2	80
4	xwy	f	18	1	circle	green	(757, 540)	low	no	no_dis	N	dif	hori	left	True	593657	594524	left	1	2	81
4	xwy	f	18	1	circle	green	(565, 619)	low	no	no_dis	N	same	hori	left	True	595777	597196	left	1	2	82
4	xwy	f	18	1	circle	green	(533, 540)	low	dis	(645, 652)	N	same	vert	up	True	598425	600212	left	0	2	83
4	xwy	f	18	1	circle	green	(645, 428)	low	dis	(565, 460)	Y	same	hori	left	True	602848	604701	left	1	2	84
4	xwy	f	18	1	diamond	green	(724, 619)	low	dis	(645, 652)	N	dif	vert	up	True	605870	607260	up	1	2	85
4	xwy	f	18	1	diamond	green	(565, 460)	high	dis	(645, 428)	N	same	hori	left	True	608267	609572	left	1	2	86
4	xwy	f	18	1	circle	green	(724, 460)	low	dis	(724, 619)	N	same	hori	left	True	610777	612404	left	1	2	87
4	xwy	f	18	1	diamond	red	(565, 460)	high	no	no_dis	N	dif	vert	up	True	613420	614933	up	1	2	88
4	xwy	f	18	1	diamond	green	(645, 428)	low	no	no_dis	N	same	vert	up	True	616104	618085	up	1	2	89
4	xwy	f	18	1	diamond	red	(565, 460)	high	dis	(724, 619)	N	dif	hori	left	True	619270	620469	left	1	2	90
4	xwy	f	18	1	circle	green	(565, 460)	high	no	no_dis	N	same	hori	left	True	621715	622740	left	1	2	91
4	xwy	f	18	1	diamond	green	(565, 460)	high	no	no_dis	N	dif	vert	up	True	623960	624965	up	1	2	92
4	xwy	f	18	1	circle	red	(565, 460)	high	dis	(645, 652)	N	same	vert	up	True	626087	627196	up	1	2	93
4	xwy	f	18	1	diamond	green	(565, 460)	high	dis	(645, 652)	N	dif	vert	up	True	628314	629844	up	1	2	94
4	xwy	f	18	1	circle	red	(724, 619)	low	dis	(565, 619)	N	same	hori	left	True	630890	632541	left	1	2	95
4	xwy	f	18	1	circle	green	(565, 460)	high	dis	(724, 619)	N	same	hori	left	True	633703	634756	left	1	2	96
4	xwy	f	18	1	diamond	red	(565, 460)	high	dis	(757, 540)	N	same	vert	up	True	635774	637116	up	1	2	97
4	xwy	f	18	1	circle	red	(645, 652)	low	dis	(565, 460)	Y	dif	vert	up	True	638134	639533	up	1	2	98
4	xwy	f	18	1	diamond	red	(565, 460)	high	no	no_dis	N	same	hori	left	True	640686	641724	left	1	2	99
4	xwy	f	18	1	diamond	green	(565, 460)	high	dis	(724, 619)	N	dif	hori	left	True	642813	645101	left	1	2	100
4	xwy	f	18	1	circle	green	(565, 619)	low	dis	(533, 540)	N	same	hori	left	True	646203	647381	left	1	2	101
4	xwy	f	18	1	circle	red	(565, 619)	low	no	no_dis	N	same	vert	up	True	648468	649405	left	0	2	102
4	xwy	f	18	1	circle	red	(645, 652)	low	dis	(724, 619)	N	dif	vert	up	True	651940	652989	up	1	2	103
4	xwy	f	18	1	diamond	red	(565, 460)	high	dis	(645, 428)	N	same	hori	left	True	654222	656468	left	1	2	104
4	xwy	f	18	1	circle	green	(565, 460)	high	dis	(645, 652)	N	dif	vert	up	True	657654	658980	up	1	2	105
4	xwy	f	18	1	diamond	red	(565, 460)	high	dis	(565, 619)	N	same	hori	left	True	660135	660981	left	1	2	106
4	xwy	f	18	1	diamond	red	(645, 428)	low	dis	(724, 460)	N	same	vert	up	True	662055	663756	up	1	2	107
4	xwy	f	18	1	diamond	red	(565, 460)	high	dis	(533, 540)	N	same	vert	up	True	664939	666332	up	1	2	108
4	xwy	f	18	1	diamond	red	(757, 540)	low	no	no_dis	N	same	hori	left	True	667381	669556	left	1	2	109
4	xwy	f	18	1	circle	green	(645, 652)	low	dis	(565, 619)	N	dif	hori	left	True	670684	671981	left	1	2	110
4	xwy	f	18	1	diamond	green	(533, 540)	low	no	no_dis	N	dif	vert	up	True	673091	674276	up	1	2	111
4	xwy	f	18	1	diamond	green	(724, 460)	low	no	no_dis	N	same	vert	up	True	675385	676292	up	1	2	112
4	xwy	f	18	1	circle	red	(757, 540)	low	dis	(724, 460)	N	dif	vert	up	True	677515	678781	up	1	2	113
4	xwy	f	18	1	diamond	red	(724, 619)	low	no	no_dis	N	dif	vert	up	True	679986	681180	up	1	2	114
4	xwy	f	18	1	circle	red	(565, 619)	low	dis	(757, 540)	N	dif	vert	up	True	682225	683764	up	1	2	115
4	xwy	f	18	1	diamond	green	(565, 460)	high	dis	(724, 460)	N	same	hori	left	True	684814	686245	left	1	2	116
4	xwy	f	18	1	circle	green	(565, 460)	high	dis	(533, 540)	N	same	hori	left	True	687485	688588	left	1	2	117
4	xwy	f	18	1	circle	green	(565, 460)	high	dis	(724, 619)	N	dif	vert	up	True	689708	691660	up	1	2	118
4	xwy	f	18	1	diamond	green	(645, 652)	low	dis	(724, 619)	N	same	vert	up	True	692842	694132	up	1	2	119
4	xwy	f	18	1	diamond	green	(565, 460)	high	dis	(565, 619)	N	same	hori	left	True	695254	696524	left	1	2	120
4	xwy	f	18	1	diamond	red	(724, 460)	low	dis	(565, 460)	Y	dif	vert	up	True	740763	741988	up	1	3	1
4	xwy	f	18	1	circle	green	(645, 428)	low	dis	(533, 540)	N	dif	vert	up	True	743191	744300	up	1	3	2
4	xwy	f	18	1	circle	green	(533, 540)	low	dis	(565, 460)	Y	dif	hori	left	True	745316	746428	left	1	3	3
4	xwy	f	18	1	circle	red	(565, 460)	high	dis	(645, 652)	N	dif	hori	left	True	747568	748405	left	1	3	4
4	xwy	f	18	1	diamond	green	(565, 460)	high	dis	(724, 460)	N	same	hori	left	True	749633	750325	left	1	3	5
4	xwy	f	18	1	circle	green	(565, 460)	high	no	no_dis	N	same	vert	up	True	751482	752701	up	1	3	6
4	xwy	f	18	1	circle	green	(724, 460)	low	no	no_dis	N	same	hori	left	True	753922	754900	left	1	3	7
4	xwy	f	18	1	diamond	green	(757, 540)	low	dis	(565, 619)	N	same	vert	up	True	756100	757292	up	1	3	8
4	xwy	f	18	1	circle	red	(565, 460)	high	no	no_dis	N	dif	hori	left	True	758420	759292	left	1	3	9
4	xwy	f	18	1	circle	green	(724, 460)	low	dis	(533, 540)	N	dif	vert	up	True	760335	761220	up	1	3	10
4	xwy	f	18	1	circle	green	(565, 460)	high	dis	(724, 619)	N	same	vert	up	True	762444	763420	up	1	3	11
4	xwy	f	18	1	circle	green	(565, 460)	high	dis	(757, 540)	N	same	hori	left	True	764667	766061	left	1	3	12
4	xwy	f	18	1	diamond	green	(533, 540)	low	dis	(565, 619)	N	dif	hori	left	True	767273	768516	left	1	3	13
4	xwy	f	18	1	circle	red	(565, 460)	high	dis	(645, 428)	N	dif	vert	up	True	769684	771308	up	1	3	14
4	xwy	f	18	1	diamond	green	(565, 460)	high	no	no_dis	N	same	hori	left	True	772324	773268	left	1	3	15
4	xwy	f	18	1	circle	green	(565, 460)	high	dis	(645, 428)	N	same	vert	up	True	774501	776077	up	1	3	16
4	xwy	f	18	1	diamond	red	(565, 619)	low	dis	(645, 428)	N	dif	vert	up	True	777274	778380	up	1	3	17
4	xwy	f	18	1	diamond	red	(565, 460)	high	dis	(533, 540)	N	dif	vert	up	True	779485	781236	up	1	3	18
4	xwy	f	18	1	diamond	green	(645, 652)	low	dis	(565, 460)	Y	dif	hori	left	True	782265	783717	left	1	3	19
4	xwy	f	18	1	circle	green	(565, 460)	high	dis	(565, 619)	N	same	vert	up	True	784797	786109	up	1	3	20
4	xwy	f	18	1	diamond	red	(565, 460)	high	dis	(724, 619)	N	same	vert	up	True	787223	788356	up	1	3	21
4	xwy	f	18	1	diamond	red	(645, 652)	low	dis	(724, 460)	N	same	vert	up	True	789484	790732	up	1	3	22
4	xwy	f	18	1	circle	green	(565, 460)	high	dis	(645, 652)	N	same	hori	left	True	791753	792788	left	1	3	23
4	xwy	f	18	1	diamond	red	(724, 619)	low	dis	(565, 619)	N	same	hori	left	True	793807	794932	left	1	3	24
4	xwy	f	18	1	diamond	red	(565, 460)	high	dis	(724, 619)	N	dif	hori	left	True	796179	796981	left	1	3	25
4	xwy	f	18	1	circle	red	(724, 460)	low	dis	(565, 460)	Y	dif	vert	up	True	798132	799060	up	1	3	26
4	xwy	f	18	1	circle	green	(645, 652)	low	dis	(533, 540)	N	dif	vert	up	True	800161	801444	up	1	3	27
4	xwy	f	18	1	circle	red	(565, 460)	high	dis	(533, 540)	N	same	vert	up	True	802528	803596	up	1	3	28
4	xwy	f	18	1	circle	green	(565, 619)	low	no	no_dis	N	same	vert	up	True	804823	806148	up	1	3	29
4	xwy	f	18	1	diamond	green	(565, 460)	high	dis	(724, 619)	N	dif	hori	left	True	807284	808141	left	1	3	30
4	xwy	f	18	1	diamond	green	(565, 619)	low	dis	(565, 460)	Y	same	hori	left	True	809227	810565	left	1	3	31
4	xwy	f	18	1	diamond	red	(565, 460)	high	dis	(645, 652)	N	dif	vert	up	True	811764	813493	up	1	3	32
4	xwy	f	18	1	diamond	green	(565, 460)	high	dis	(645, 428)	N	dif	hori	left	True	814552	815637	up	0	3	33
4	xwy	f	18	1	diamond	green	(645, 428)	low	dis	(565, 460)	Y	same	hori	left	True	818230	819820	left	1	3	34
4	xwy	f	18	1	circle	green	(565, 460)	high	dis	(645, 428)	N	same	hori	left	True	820889	821780	left	1	3	35
4	xwy	f	18	1	circle	green	(724, 619)	low	dis	(757, 540)	N	same	vert	up	True	822812	824076	up	1	3	36
4	xwy	f	18	1	diamond	green	(565, 460)	high	no	no_dis	N	dif	vert	up	True	825315	827093	up	1	3	37
4	xwy	f	18	1	diamond	red	(565, 460)	high	no	no_dis	N	dif	hori	left	True	828334	829861	left	1	3	38
4	xwy	f	18	1	circle	red	(565, 460)	high	dis	(757, 540)	N	dif	hori	left	True	830929	832652	left	1	3	39
4	xwy	f	18	1	diamond	red	(565, 460)	high	dis	(724, 460)	N	dif	hori	left	True	833747	834965	left	1	3	40
4	xwy	f	18	1	circle	red	(565, 460)	high	dis	(533, 540)	N	dif	hori	left	True	836117	837205	left	1	3	41
4	xwy	f	18	1	circle	red	(565, 460)	high	dis	(533, 540)	N	same	hori	left	True	838348	839365	left	1	3	42
4	xwy	f	18	1	diamond	green	(565, 460)	high	no	no_dis	N	same	hori	left	True	840402	841364	left	1	3	43
4	xwy	f	18	1	diamond	red	(565, 460)	high	dis	(533, 540)	N	dif	vert	up	True	842374	843172	left	0	3	44
4	xwy	f	18	1	circle	red	(645, 652)	low	dis	(724, 619)	N	same	hori	left	True	845778	847444	left	1	3	45
4	xwy	f	18	1	diamond	red	(757, 540)	low	no	no_dis	N	same	vert	up	True	848461	849980	up	1	3	46
4	xwy	f	18	1	diamond	green	(724, 619)	low	no	no_dis	N	dif	hori	left	True	851126	852308	left	1	3	47
4	xwy	f	18	1	diamond	red	(565, 460)	high	dis	(724, 460)	N	same	hori	left	True	853479	854436	left	1	3	48
4	xwy	f	18	1	diamond	green	(565, 460)	high	dis	(757, 540)	N	dif	hori	left	True	855504	856812	up	0	3	49
4	xwy	f	18	1	circle	red	(565, 460)	high	no	no_dis	N	dif	hori	left	True	859402	860748	left	1	3	50
4	xwy	f	18	1	circle	red	(645, 652)	low	no	no_dis	N	dif	vert	up	True	861825	862821	up	1	3	51
4	xwy	f	18	1	circle	red	(565, 460)	high	no	no_dis	N	dif	vert	up	True	863844	865812	up	1	3	52
4	xwy	f	18	1	circle	green	(565, 460)	high	no	no_dis	N	same	hori	left	True	866926	867860	left	1	3	53
4	xwy	f	18	1	diamond	green	(565, 460)	high	dis	(724, 460)	N	same	vert	up	True	869039	871045	up	1	3	54
4	xwy	f	18	1	circle	red	(565, 460)	high	dis	(565, 619)	N	dif	hori	left	True	872140	873141	left	1	3	55
4	xwy	f	18	1	circle	green	(645, 428)	low	no	no_dis	N	same	hori	left	True	874351	875773	left	1	3	56
4	xwy	f	18	1	diamond	red	(565, 460)	high	no	no_dis	N	same	vert	up	True	876828	878157	up	1	3	57
4	xwy	f	18	1	diamond	red	(565, 460)	high	dis	(645, 652)	N	dif	hori	left	True	879390	880492	left	1	3	58
4	xwy	f	18	1	circle	green	(724, 460)	low	no	no_dis	N	same	hori	left	True	881616	882868	left	1	3	59
4	xwy	f	18	1	circle	green	(565, 460)	high	no	no_dis	N	same	vert	up	True	883882	885196	up	1	3	60
4	xwy	f	18	1	diamond	red	(565, 460)	high	dis	(724, 460)	N	dif	vert	up	True	886343	887420	up	1	3	61
4	xwy	f	18	1	circle	red	(565, 619)	low	dis	(645, 652)	N	dif	vert	up	True	888662	889628	left	0	3	62
4	xwy	f	18	1	circle	green	(565, 460)	high	no	no_dis	N	same	vert	up	True	892167	893092	up	1	3	63
4	xwy	f	18	1	diamond	green	(565, 460)	high	no	no_dis	N	dif	vert	up	True	894291	895940	up	1	3	64
4	xwy	f	18	1	diamond	green	(565, 460)	high	dis	(724, 619)	N	same	vert	up	True	897044	898013	up	1	3	65
4	xwy	f	18	1	diamond	green	(645, 652)	low	no	no_dis	N	dif	vert	up	True	899147	900740	up	1	3	66
4	xwy	f	18	1	diamond	green	(565, 460)	high	dis	(533, 540)	N	same	vert	up	True	901947	902820	up	1	3	67
4	xwy	f	18	1	circle	green	(565, 460)	high	dis	(757, 540)	N	same	vert	up	True	903832	904884	up	1	3	68
4	xwy	f	18	1	diamond	green	(565, 460)	high	dis	(724, 460)	N	dif	vert	up	True	905899	906988	up	1	3	69
4	xwy	f	18	1	circle	green	(565, 460)	high	dis	(757, 540)	N	same	vert	up	True	908203	909228	up	1	3	70
4	xwy	f	18	1	circle	red	(565, 460)	high	dis	(757, 540)	N	dif	vert	up	True	910448	911684	up	1	3	71
4	xwy	f	18	1	circle	green	(565, 460)	high	dis	(565, 619)	N	same	hori	left	True	912790	913805	left	1	3	72
4	xwy	f	18	1	circle	green	(565, 460)	high	no	no_dis	N	dif	vert	up	True	914910	916693	up	1	3	73
4	xwy	f	18	1	diamond	red	(565, 460)	high	dis	(645, 428)	N	dif	vert	up	True	917802	918917	up	1	3	74
4	xwy	f	18	1	circle	green	(565, 619)	low	dis	(645, 428)	N	same	vert	up	True	920082	921548	up	1	3	75
4	xwy	f	18	1	diamond	green	(565, 460)	high	dis	(565, 619)	N	same	vert	up	True	922559	923740	up	1	3	76
4	xwy	f	18	1	circle	green	(565, 460)	high	dis	(724, 619)	N	dif	vert	up	True	924827	925741	up	1	3	77
4	xwy	f	18	1	circle	red	(565, 460)	high	dis	(565, 619)	N	dif	hori	left	True	926880	927908	left	1	3	78
4	xwy	f	18	1	circle	green	(757, 540)	low	dis	(645, 428)	N	same	hori	left	True	929086	930428	left	1	3	79
4	xwy	f	18	1	circle	red	(565, 460)	high	dis	(645, 428)	N	same	vert	up	True	931449	932740	up	1	3	80
4	xwy	f	18	1	diamond	green	(565, 460)	high	no	no_dis	N	dif	hori	left	True	933919	934764	left	1	3	81
4	xwy	f	18	1	diamond	red	(724, 460)	low	dis	(645, 652)	N	same	vert	up	True	935820	937084	up	1	3	82
4	xwy	f	18	1	circle	red	(565, 460)	high	no	no_dis	N	same	hori	left	True	938249	939501	left	1	3	83
4	xwy	f	18	1	diamond	green	(724, 460)	low	dis	(757, 540)	N	dif	hori	left	True	940694	942260	left	1	3	84
4	xwy	f	18	1	circle	red	(724, 460)	low	no	no_dis	N	same	vert	up	True	943450	945109	up	1	3	85
4	xwy	f	18	1	diamond	green	(565, 460)	high	dis	(724, 619)	N	same	hori	left	True	946141	947156	left	1	3	86
4	xwy	f	18	1	circle	red	(565, 460)	high	no	no_dis	N	same	hori	left	True	948338	949732	left	1	3	87
4	xwy	f	18	1	circle	red	(565, 460)	high	no	no_dis	N	same	vert	up	True	950842	952269	up	1	3	88
4	xwy	f	18	1	circle	red	(645, 428)	low	dis	(757, 540)	N	dif	hori	left	True	953460	955076	left	1	3	89
4	xwy	f	18	1	diamond	green	(724, 619)	low	dis	(724, 460)	N	same	vert	up	True	956085	957700	up	1	3	90
4	xwy	f	18	1	circle	green	(565, 460)	high	no	no_dis	N	same	hori	left	True	958705	959748	left	1	3	91
4	xwy	f	18	1	diamond	green	(565, 460)	high	dis	(565, 619)	N	dif	vert	up	True	960756	961972	up	1	3	92
4	xwy	f	18	1	diamond	green	(565, 619)	low	no	no_dis	N	dif	hori	left	True	963034	964516	left	1	3	93
4	xwy	f	18	1	diamond	red	(565, 460)	high	dis	(645, 652)	N	dif	hori	left	True	965684	966533	left	1	3	94
4	xwy	f	18	1	diamond	red	(533, 540)	low	no	no_dis	N	same	hori	left	True	967651	968773	left	1	3	95
4	xwy	f	18	1	circle	red	(724, 619)	low	dis	(565, 460)	Y	same	vert	up	True	969854	970813	up	1	3	96
4	xwy	f	18	1	circle	red	(757, 540)	low	dis	(724, 619)	N	dif	hori	left	True	971829	973445	left	1	3	97
4	xwy	f	18	1	diamond	red	(565, 460)	high	no	no_dis	N	dif	vert	up	True	974577	975700	up	1	3	98
4	xwy	f	18	1	circle	green	(565, 460)	high	dis	(645, 428)	N	dif	vert	up	True	976808	977908	up	1	3	99
4	xwy	f	18	1	diamond	green	(565, 460)	high	dis	(565, 619)	N	same	hori	left	True	979137	980052	left	1	3	100
4	xwy	f	18	1	circle	red	(533, 540)	low	dis	(565, 460)	Y	dif	hori	left	True	981133	982301	left	1	3	101
4	xwy	f	18	1	diamond	red	(757, 540)	low	dis	(724, 619)	N	dif	vert	up	True	983390	984540	up	1	3	102
4	xwy	f	18	1	circle	red	(724, 619)	low	no	no_dis	N	dif	hori	left	True	985545	986581	left	1	3	103
4	xwy	f	18	1	circle	red	(533, 540)	low	dis	(645, 652)	N	same	vert	up	True	987588	988564	up	1	3	104
4	xwy	f	18	1	diamond	green	(565, 460)	high	no	no_dis	N	dif	hori	left	True	989620	990612	left	1	3	105
4	xwy	f	18	1	diamond	red	(565, 460)	high	no	no_dis	N	dif	vert	up	True	991672	992652	up	1	3	106
4	xwy	f	18	1	circle	red	(533, 540)	low	no	no_dis	N	dif	hori	left	True	993818	994749	left	1	3	107
4	xwy	f	18	1	circle	green	(645, 652)	low	dis	(724, 460)	N	same	hori	left	True	995907	997285	left	1	3	108
4	xwy	f	18	1	diamond	red	(757, 540)	low	no	no_dis	N	same	vert	up	True	998477	1000005	up	1	3	109
4	xwy	f	18	1	diamond	red	(565, 460)	high	no	no_dis	N	same	vert	up	True	1001097	1002068	up	1	3	110
4	xwy	f	18	1	diamond	green	(645, 428)	low	dis	(565, 460)	Y	same	hori	left	True	1003193	1004780	left	1	3	111
4	xwy	f	18	1	diamond	red	(645, 428)	low	dis	(645, 652)	N	dif	hori	left	True	1005904	1007044	left	1	3	112
4	xwy	f	18	1	diamond	red	(565, 460)	high	dis	(645, 652)	N	same	hori	left	True	1008058	1009589	left	1	3	113
4	xwy	f	18	1	diamond	red	(645, 428)	low	no	no_dis	N	dif	vert	up	True	1010775	1012060	up	1	3	114
4	xwy	f	18	1	circle	red	(565, 460)	high	dis	(724, 460)	N	same	hori	left	True	1013255	1014412	left	1	3	115
4	xwy	f	18	1	diamond	red	(565, 460)	high	no	no_dis	N	dif	hori	left	True	1015546	1017013	left	1	3	116
4	xwy	f	18	1	circle	red	(565, 460)	high	dis	(757, 540)	N	same	hori	left	True	1018101	1019037	left	1	3	117
4	xwy	f	18	1	diamond	green	(645, 652)	low	no	no_dis	N	dif	vert	up	True	1020110	1021429	up	1	3	118
4	xwy	f	18	1	diamond	red	(533, 540)	low	dis	(565, 460)	Y	same	hori	left	True	1022517	1023428	left	1	3	119
4	xwy	f	18	1	circle	green	(565, 460)	high	dis	(533, 540)	N	dif	vert	up	True	1024660	1025788	up	1	3	120
4	xwy	f	18	1	circle	red	(565, 460)	high	dis	(724, 460)	N	dif	vert	up	True	1062795	1064156	up	1	4	1
4	xwy	f	18	1	circle	red	(565, 460)	high	dis	(724, 460)	N	dif	vert	up	True	1065232	1066365	up	1	4	2
4	xwy	f	18	1	circle	green	(757, 540)	low	dis	(565, 460)	Y	same	vert	up	True	1067507	1068813	up	1	4	3
4	xwy	f	18	1	circle	green	(565, 460)	high	dis	(645, 652)	N	dif	hori	left	True	1069898	1070724	left	1	4	4
4	xwy	f	18	1	diamond	green	(565, 619)	low	dis	(533, 540)	N	same	vert	up	True	1071831	1073508	up	1	4	5
4	xwy	f	18	1	circle	green	(565, 460)	high	dis	(724, 619)	N	same	hori	left	True	1074612	1075812	left	1	4	6
4	xwy	f	18	1	diamond	green	(757, 540)	low	dis	(724, 460)	N	same	hori	left	True	1076931	1078029	left	1	4	7
4	xwy	f	18	1	diamond	red	(645, 428)	low	no	no_dis	N	dif	hori	left	True	1079268	1080589	left	1	4	8
4	xwy	f	18	1	circle	green	(565, 460)	high	no	no_dis	N	same	vert	up	True	1081824	1083068	up	1	4	9
4	xwy	f	18	1	diamond	red	(565, 460)	high	dis	(724, 460)	N	dif	hori	left	True	1084223	1085212	left	1	4	10
4	xwy	f	18	1	diamond	green	(565, 460)	high	dis	(533, 540)	N	dif	vert	up	True	1086374	1087797	up	1	4	11
4	xwy	f	18	1	circle	red	(565, 460)	high	dis	(724, 619)	N	same	vert	up	True	1088993	1091021	up	1	4	12
4	xwy	f	18	1	diamond	red	(565, 460)	high	no	no_dis	N	dif	vert	up	True	1092100	1093061	up	1	4	13
4	xwy	f	18	1	diamond	green	(724, 460)	low	dis	(757, 540)	N	same	hori	left	True	1094132	1094956	left	1	4	14
4	xwy	f	18	1	diamond	green	(724, 619)	low	dis	(565, 460)	Y	dif	hori	left	True	1096061	1097316	left	1	4	15
4	xwy	f	18	1	circle	green	(565, 619)	low	no	no_dis	N	same	hori	left	True	1098440	1099420	left	1	4	16
4	xwy	f	18	1	circle	green	(565, 460)	high	dis	(645, 428)	N	same	vert	up	True	1100425	1101988	up	1	4	17
4	xwy	f	18	1	diamond	green	(565, 460)	high	no	no_dis	N	same	vert	up	True	1103020	1104301	up	1	4	18
4	xwy	f	18	1	circle	red	(533, 540)	low	no	no_dis	N	same	vert	up	True	1105491	1106804	up	1	4	19
4	xwy	f	18	1	diamond	green	(565, 460)	high	dis	(757, 540)	N	dif	hori	left	True	1108005	1109100	left	1	4	20
4	xwy	f	18	1	diamond	red	(565, 460)	high	dis	(757, 540)	N	same	vert	up	True	1110171	1111477	up	1	4	21
4	xwy	f	18	1	circle	red	(565, 460)	high	dis	(724, 619)	N	dif	hori	left	True	1112717	1114253	left	1	4	22
4	xwy	f	18	1	circle	green	(565, 460)	high	dis	(645, 652)	N	dif	vert	up	True	1115337	1116397	up	1	4	23
4	xwy	f	18	1	diamond	green	(565, 460)	high	dis	(724, 460)	N	same	hori	left	True	1117556	1118508	left	1	4	24
4	xwy	f	18	1	circle	red	(565, 460)	high	dis	(724, 460)	N	same	hori	left	True	1119760	1120620	left	1	4	25
4	xwy	f	18	1	circle	green	(645, 652)	low	dis	(724, 460)	N	same	vert	up	True	1121828	1122924	up	1	4	26
4	xwy	f	18	1	diamond	red	(724, 460)	low	dis	(565, 460)	Y	same	hori	left	True	1124011	1125029	left	1	4	27
4	xwy	f	18	1	diamond	green	(565, 460)	high	dis	(645, 652)	N	dif	vert	up	True	1126183	1127197	up	1	4	28
4	xwy	f	18	1	circle	red	(645, 428)	low	dis	(757, 540)	N	dif	vert	up	True	1128346	1129428	up	1	4	29
4	xwy	f	18	1	diamond	red	(645, 652)	low	dis	(565, 460)	Y	dif	hori	left	True	1130540	1131804	left	1	4	30
4	xwy	f	18	1	circle	green	(565, 460)	high	no	no_dis	N	same	vert	up	True	1132871	1134013	up	1	4	31
4	xwy	f	18	1	diamond	red	(565, 460)	high	dis	(565, 619)	N	dif	hori	left	True	1135198	1136164	left	1	4	32
4	xwy	f	18	1	diamond	green	(565, 460)	high	dis	(724, 619)	N	dif	vert	up	True	1137218	1138108	up	1	4	33
4	xwy	f	18	1	diamond	green	(565, 460)	high	dis	(533, 540)	N	same	hori	left	True	1139114	1140012	left	1	4	34
4	xwy	f	18	1	circle	green	(724, 619)	low	no	no_dis	N	same	hori	left	True	1141181	1142173	left	1	4	35
4	xwy	f	18	1	circle	green	(565, 619)	low	dis	(645, 428)	N	dif	vert	up	True	1143194	1144340	up	1	4	36
4	xwy	f	18	1	diamond	red	(724, 619)	low	dis	(533, 540)	N	dif	hori	left	True	1145509	1146493	left	1	4	37
4	xwy	f	18	1	diamond	red	(565, 460)	high	no	no_dis	N	dif	hori	left	True	1147641	1149172	left	1	4	38
4	xwy	f	18	1	circle	green	(565, 460)	high	dis	(565, 619)	N	dif	vert	up	True	1150181	1151244	left	0	4	39
4	xwy	f	18	1	diamond	green	(533, 540)	low	dis	(645, 428)	N	dif	vert	up	True	1153792	1155421	up	1	4	40
4	xwy	f	18	1	diamond	red	(565, 460)	high	dis	(645, 428)	N	dif	hori	left	True	1156438	1158237	left	1	4	41
4	xwy	f	18	1	diamond	green	(645, 652)	low	dis	(565, 460)	Y	same	hori	left	True	1159297	1160573	left	1	4	42
4	xwy	f	18	1	circle	red	(724, 619)	low	dis	(565, 619)	N	dif	hori	left	True	1161626	1162677	left	1	4	43
4	xwy	f	18	1	circle	green	(565, 460)	high	no	no_dis	N	dif	vert	up	True	1163706	1165453	up	1	4	44
4	xwy	f	18	1	diamond	green	(757, 540)	low	dis	(645, 652)	N	same	vert	up	True	1166678	1167620	up	1	4	45
4	xwy	f	18	1	diamond	green	(565, 460)	high	dis	(645, 652)	N	same	vert	up	True	1168829	1170188	up	1	4	46
4	xwy	f	18	1	diamond	green	(565, 460)	high	no	no_dis	N	dif	vert	up	True	1171365	1172164	up	1	4	47
4	xwy	f	18	1	circle	red	(565, 460)	high	no	no_dis	N	dif	vert	up	True	1173413	1174581	up	1	4	48
4	xwy	f	18	1	circle	green	(565, 460)	high	dis	(565, 619)	N	dif	hori	left	True	1175745	1176997	left	1	4	49
4	xwy	f	18	1	diamond	green	(565, 460)	high	dis	(645, 428)	N	same	vert	up	True	1178193	1179213	up	1	4	50
4	xwy	f	18	1	diamond	red	(565, 460)	high	no	no_dis	N	same	hori	left	True	1180464	1181324	left	1	4	51
4	xwy	f	18	1	circle	green	(533, 540)	low	dis	(565, 460)	Y	dif	vert	up	True	1182484	1183924	up	1	4	52
4	xwy	f	18	1	circle	red	(565, 460)	high	no	no_dis	N	same	vert	up	True	1185109	1186196	up	1	4	53
4	xwy	f	18	1	diamond	red	(565, 460)	high	dis	(565, 619)	N	dif	hori	left	True	1187341	1188908	left	1	4	54
4	xwy	f	18	1	circle	green	(565, 460)	high	dis	(645, 652)	N	dif	vert	up	True	1190049	1191157	up	1	4	55
4	xwy	f	18	1	circle	red	(724, 619)	low	no	no_dis	N	dif	vert	up	True	1192166	1193468	up	1	4	56
4	xwy	f	18	1	diamond	red	(724, 460)	low	no	no_dis	N	same	vert	up	True	1194498	1195780	up	1	4	57
4	xwy	f	18	1	circle	red	(645, 652)	low	no	no_dis	N	same	hori	left	True	1196971	1198684	left	1	4	58
4	xwy	f	18	1	circle	green	(645, 428)	low	dis	(565, 460)	Y	dif	hori	left	True	1199753	1201892	left	1	4	59
4	xwy	f	18	1	circle	green	(724, 619)	low	dis	(565, 460)	Y	same	vert	up	True	1202957	1204004	up	1	4	60
4	xwy	f	18	1	diamond	green	(565, 460)	high	no	no_dis	N	dif	hori	left	True	1205009	1206292	left	1	4	61
4	xwy	f	18	1	diamond	red	(645, 652)	low	dis	(565, 460)	Y	same	hori	left	True	1207381	1208717	left	1	4	62
4	xwy	f	18	1	diamond	green	(565, 460)	high	no	no_dis	N	same	hori	left	True	1209933	1210741	left	1	4	63
4	xwy	f	18	1	diamond	red	(565, 460)	high	dis	(565, 619)	N	same	hori	left	True	1211750	1212597	left	1	4	64
4	xwy	f	18	1	circle	red	(533, 540)	low	dis	(565, 619)	N	same	vert	up	True	1213806	1216060	up	1	4	65
4	xwy	f	18	1	diamond	green	(565, 460)	high	no	no_dis	N	same	hori	left	True	1217207	1218316	left	1	4	66
4	xwy	f	18	1	diamond	red	(645, 428)	low	dis	(724, 619)	N	dif	vert	up	True	1219496	1220501	left	0	4	67
4	xwy	f	18	1	circle	red	(565, 460)	high	dis	(724, 619)	N	dif	vert	up	True	1223121	1224397	up	1	4	68
4	xwy	f	18	1	diamond	red	(757, 540)	low	dis	(645, 428)	N	dif	vert	up	True	1225418	1226781	up	1	4	69
4	xwy	f	18	1	diamond	green	(565, 460)	high	dis	(533, 540)	N	same	vert	up	True	1227815	1229221	up	1	4	70
4	xwy	f	18	1	circle	green	(565, 460)	high	dis	(757, 540)	N	dif	vert	up	True	1230297	1232484	up	1	4	71
4	xwy	f	18	1	circle	green	(565, 460)	high	dis	(565, 619)	N	dif	hori	left	True	1233614	1234684	left	1	4	72
4	xwy	f	18	1	circle	red	(565, 460)	high	no	no_dis	N	dif	hori	left	True	1235778	1236660	left	1	4	73
4	xwy	f	18	1	circle	red	(565, 460)	high	no	no_dis	N	same	vert	up	True	1237779	1238668	left	0	4	74
4	xwy	f	18	1	diamond	green	(565, 460)	high	no	no_dis	N	dif	vert	up	True	1241260	1242484	up	1	4	75
4	xwy	f	18	1	circle	red	(565, 460)	high	dis	(533, 540)	N	same	hori	left	True	1243641	1244844	left	1	4	76
4	xwy	f	18	1	diamond	green	(565, 460)	high	dis	(724, 460)	N	same	vert	up	True	1245871	1246988	up	1	4	77
4	xwy	f	18	1	circle	green	(565, 460)	high	dis	(757, 540)	N	dif	hori	left	True	1248134	1248996	left	1	4	78
4	xwy	f	18	1	circle	red	(565, 460)	high	dis	(645, 428)	N	same	vert	up	True	1250241	1251716	up	1	4	79
4	xwy	f	18	1	circle	red	(565, 460)	high	no	no_dis	N	dif	hori	left	True	1252944	1253981	left	1	4	80
4	xwy	f	18	1	diamond	red	(565, 460)	high	dis	(565, 619)	N	same	hori	left	True	1255132	1256364	left	1	4	81
4	xwy	f	18	1	circle	red	(565, 619)	low	dis	(533, 540)	N	dif	hori	left	True	1257478	1259253	left	1	4	82
4	xwy	f	18	1	circle	green	(724, 460)	low	no	no_dis	N	dif	hori	left	True	1260329	1261476	left	1	4	83
4	xwy	f	18	1	circle	red	(565, 460)	high	no	no_dis	N	same	vert	up	True	1262632	1263772	up	1	4	84
4	xwy	f	18	1	diamond	red	(565, 460)	high	dis	(533, 540)	N	same	hori	left	True	1264999	1265861	left	1	4	85
4	xwy	f	18	1	circle	red	(757, 540)	low	dis	(724, 619)	N	same	hori	left	True	1267012	1268084	left	1	4	86
4	xwy	f	18	1	circle	red	(565, 460)	high	dis	(757, 540)	N	same	hori	left	True	1269300	1270292	left	1	4	87
4	xwy	f	18	1	circle	red	(724, 460)	low	dis	(724, 619)	N	same	vert	up	True	1271377	1272669	up	1	4	88
4	xwy	f	18	1	diamond	red	(565, 460)	high	dis	(533, 540)	N	same	hori	left	True	1273891	1274900	left	1	4	89
4	xwy	f	18	1	circle	green	(724, 619)	low	dis	(645, 652)	N	same	hori	left	True	1276016	1277436	left	1	4	90
4	xwy	f	18	1	circle	green	(565, 460)	high	dis	(757, 540)	N	same	vert	up	True	1278647	1279804	up	1	4	91
4	xwy	f	18	1	diamond	red	(757, 540)	low	no	no_dis	N	same	hori	left	True	1280993	1282044	left	1	4	92
4	xwy	f	18	1	circle	red	(565, 460)	high	dis	(645, 428)	N	dif	hori	left	True	1283216	1285340	left	1	4	93
4	xwy	f	18	1	circle	green	(645, 652)	low	no	no_dis	N	dif	vert	up	True	1286395	1287629	up	1	4	94
4	xwy	f	18	1	diamond	red	(565, 460)	high	dis	(645, 428)	N	same	hori	left	True	1288839	1290404	left	1	4	95
4	xwy	f	18	1	diamond	green	(565, 619)	low	no	no_dis	N	dif	hori	left	True	1291613	1293356	left	1	4	96
4	xwy	f	18	1	circle	red	(645, 652)	low	dis	(565, 619)	N	dif	hori	left	True	1294468	1296068	left	1	4	97
4	xwy	f	18	1	circle	green	(565, 460)	high	no	no_dis	N	dif	hori	left	True	1297214	1298468	left	1	4	98
4	xwy	f	18	1	diamond	red	(565, 619)	low	dis	(565, 460)	Y	dif	vert	up	True	1299508	1300821	up	1	4	99
4	xwy	f	18	1	diamond	green	(565, 460)	high	dis	(724, 619)	N	same	vert	up	True	1301905	1303381	up	1	4	100
4	xwy	f	18	1	diamond	green	(533, 540)	low	no	no_dis	N	dif	hori	left	True	1304620	1305740	left	1	4	101
4	xwy	f	18	1	diamond	green	(645, 652)	low	no	no_dis	N	same	vert	up	True	1306969	1307956	up	1	4	102
4	xwy	f	18	1	diamond	red	(565, 460)	high	dis	(645, 652)	N	dif	hori	left	True	1309206	1310821	left	1	4	103
4	xwy	f	18	1	diamond	red	(565, 460)	high	no	no_dis	N	same	hori	left	True	1311937	1312837	left	1	4	104
4	xwy	f	18	1	circle	red	(565, 460)	high	dis	(724, 619)	N	same	hori	left	True	1314041	1314885	left	1	4	105
4	xwy	f	18	1	diamond	red	(565, 460)	high	no	no_dis	N	dif	vert	up	True	1315911	1317069	up	1	4	106
4	xwy	f	18	1	circle	red	(533, 540)	low	dis	(645, 652)	N	same	hori	left	True	1318190	1319269	left	1	4	107
4	xwy	f	18	1	diamond	green	(757, 540)	low	no	no_dis	N	dif	vert	up	True	1320326	1321548	up	1	4	108
4	xwy	f	18	1	diamond	green	(565, 460)	high	dis	(757, 540)	N	dif	vert	up	True	1322688	1324381	up	1	4	109
4	xwy	f	18	1	diamond	red	(565, 460)	high	dis	(533, 540)	N	same	vert	up	True	1325387	1326148	up	1	4	110
4	xwy	f	18	1	circle	green	(565, 460)	high	no	no_dis	N	dif	hori	left	True	1327346	1328189	left	1	4	111
4	xwy	f	18	1	circle	green	(565, 460)	high	no	no_dis	N	same	hori	left	True	1329343	1330148	left	1	4	112
4	xwy	f	18	1	circle	green	(565, 460)	high	dis	(645, 428)	N	same	vert	up	True	1331154	1332540	up	1	4	113
4	xwy	f	18	1	diamond	green	(645, 428)	low	dis	(645, 652)	N	dif	vert	up	True	1333621	1335517	up	1	4	114
4	xwy	f	18	1	circle	green	(724, 460)	low	dis	(757, 540)	N	dif	hori	left	True	1336552	1337708	left	1	4	115
4	xwy	f	18	1	diamond	red	(724, 460)	low	no	no_dis	N	dif	vert	up	True	1338758	1340141	up	1	4	116
4	xwy	f	18	1	diamond	red	(565, 460)	high	no	no_dis	N	same	hori	left	True	1341338	1342660	left	1	4	117
4	xwy	f	18	1	diamond	red	(533, 540)	low	dis	(724, 460)	N	same	vert	up	True	1343883	1345285	up	1	4	118
4	xwy	f	18	1	circle	red	(565, 460)	high	dis	(724, 460)	N	dif	vert	up	True	1346501	1347820	up	1	4	119
4	xwy	f	18	1	circle	red	(645, 428)	low	no	no_dis	N	same	vert	up	True	1348859	1350301	up	1	4	120
4	xwy	f	18	1	diamond	red	(565, 460)	high	no	no_dis	N	dif	hori	left	True	1385051	1386157	left	1	5	1
4	xwy	f	18	1	diamond	red	(565, 460)	high	dis	(645, 652)	N	dif	vert	up	True	1387238	1388316	up	1	5	2
4	xwy	f	18	1	diamond	red	(565, 460)	high	dis	(724, 460)	N	same	vert	up	True	1389521	1390381	up	1	5	3
4	xwy	f	18	1	diamond	red	(724, 619)	low	no	no_dis	N	same	vert	up	True	1391608	1392716	up	1	5	4
4	xwy	f	18	1	circle	green	(645, 428)	low	dis	(645, 652)	N	dif	hori	left	True	1393912	1395157	left	1	5	5
4	xwy	f	18	1	circle	red	(565, 460)	high	dis	(645, 652)	N	dif	hori	left	True	1396375	1397205	left	1	5	6
4	xwy	f	18	1	circle	green	(565, 460)	high	dis	(645, 428)	N	same	hori	left	True	1398458	1399357	left	1	5	7
4	xwy	f	18	1	circle	red	(565, 460)	high	no	no_dis	N	same	hori	left	True	1400459	1401164	left	1	5	8
4	xwy	f	18	1	circle	green	(565, 460)	high	no	no_dis	N	same	hori	left	True	1402337	1403236	left	1	5	9
4	xwy	f	18	1	circle	green	(645, 428)	low	no	no_dis	N	dif	vert	up	True	1404405	1405516	up	1	5	10
4	xwy	f	18	1	circle	red	(757, 540)	low	no	no_dis	N	same	hori	left	True	1406588	1407509	left	1	5	11
4	xwy	f	18	1	diamond	green	(565, 460)	high	dis	(533, 540)	N	same	hori	left	True	1408568	1410029	left	1	5	12
4	xwy	f	18	1	diamond	red	(724, 460)	low	no	no_dis	N	dif	hori	left	True	1411154	1412533	left	1	5	13
4	xwy	f	18	1	diamond	red	(757, 540)	low	dis	(565, 460)	Y	same	vert	up	True	1413605	1414516	up	1	5	14
4	xwy	f	18	1	diamond	green	(565, 460)	high	dis	(565, 619)	N	dif	hori	left	True	1415718	1416612	left	1	5	15
4	xwy	f	18	1	diamond	green	(724, 460)	low	dis	(645, 428)	N	dif	vert	up	True	1417708	1418612	up	1	5	16
4	xwy	f	18	1	diamond	green	(645, 652)	low	no	no_dis	N	dif	hori	left	True	1419851	1421324	left	1	5	17
4	xwy	f	18	1	diamond	green	(565, 460)	high	dis	(724, 460)	N	same	vert	up	True	1422379	1423396	up	1	5	18
4	xwy	f	18	1	circle	green	(565, 460)	high	dis	(565, 619)	N	same	vert	up	True	1424467	1425453	up	1	5	19
4	xwy	f	18	1	diamond	red	(565, 460)	high	no	no_dis	N	same	hori	left	True	1426482	1427972	left	1	5	20
4	xwy	f	18	1	diamond	red	(565, 460)	high	dis	(533, 540)	N	dif	vert	up	True	1429126	1430212	up	1	5	21
4	xwy	f	18	1	diamond	red	(565, 460)	high	no	no_dis	N	dif	hori	left	True	1431369	1432172	left	1	5	22
4	xwy	f	18	1	circle	green	(645, 652)	low	dis	(757, 540)	N	dif	vert	up	True	1433351	1434685	up	1	5	23
4	xwy	f	18	1	circle	green	(565, 460)	high	no	no_dis	N	same	vert	up	True	1435804	1436773	up	1	5	24
4	xwy	f	18	1	diamond	green	(565, 460)	high	dis	(533, 540)	N	dif	hori	left	True	1438026	1438964	left	1	5	25
4	xwy	f	18	1	diamond	green	(565, 460)	high	no	no_dis	N	dif	hori	left	True	1440063	1440893	left	1	5	26
4	xwy	f	18	1	diamond	red	(565, 460)	high	dis	(724, 619)	N	dif	vert	up	True	1441901	1443381	up	1	5	27
4	xwy	f	18	1	circle	green	(565, 460)	high	no	no_dis	N	same	vert	up	True	1444439	1445380	up	1	5	28
4	xwy	f	18	1	circle	red	(565, 460)	high	no	no_dis	N	dif	hori	left	True	1446446	1447309	left	1	5	29
4	xwy	f	18	1	diamond	green	(757, 540)	low	dis	(724, 460)	N	same	hori	left	True	1448352	1449412	left	1	5	30
4	xwy	f	18	1	diamond	green	(533, 540)	low	dis	(565, 619)	N	dif	hori	left	True	1450619	1451556	left	1	5	31
4	xwy	f	18	1	diamond	green	(533, 540)	low	no	no_dis	N	same	hori	left	True	1452604	1453740	left	1	5	32
4	xwy	f	18	1	circle	red	(565, 460)	high	dis	(645, 652)	N	same	hori	left	True	1454855	1455980	left	1	5	33
4	xwy	f	18	1	circle	red	(645, 652)	low	dis	(565, 460)	Y	same	hori	left	True	1456985	1458364	left	1	5	34
4	xwy	f	18	1	circle	green	(565, 460)	high	no	no_dis	N	dif	hori	left	True	1459469	1460469	left	1	5	35
4	xwy	f	18	1	circle	red	(565, 460)	high	dis	(757, 540)	N	same	hori	left	True	1461557	1462597	left	1	5	36
4	xwy	f	18	1	circle	green	(757, 540)	low	no	no_dis	N	dif	vert	up	True	1463725	1464572	up	1	5	37
4	xwy	f	18	1	diamond	red	(533, 540)	low	dis	(645, 428)	N	same	vert	up	True	1465577	1466893	up	1	5	38
4	xwy	f	18	1	circle	green	(757, 540)	low	dis	(565, 460)	Y	same	vert	up	True	1467905	1468813	up	1	5	39
4	xwy	f	18	1	circle	green	(565, 460)	high	dis	(757, 540)	N	same	hori	left	True	1469941	1471196	left	1	5	40
4	xwy	f	18	1	diamond	green	(645, 652)	low	dis	(645, 428)	N	same	hori	left	True	1472437	1473869	left	1	5	41
4	xwy	f	18	1	diamond	green	(565, 460)	high	no	no_dis	N	same	hori	left	True	1474924	1475900	left	1	5	42
4	xwy	f	18	1	circle	red	(565, 460)	high	dis	(724, 460)	N	dif	vert	up	True	1477039	1478381	up	1	5	43
4	xwy	f	18	1	diamond	red	(565, 460)	high	no	no_dis	N	dif	vert	up	True	1479620	1480876	up	1	5	44
4	xwy	f	18	1	circle	red	(565, 460)	high	dis	(645, 428)	N	dif	hori	left	True	1481992	1482997	left	1	5	45
4	xwy	f	18	1	diamond	green	(565, 460)	high	dis	(724, 460)	N	same	hori	left	True	1484003	1485893	left	1	5	46
4	xwy	f	18	1	diamond	red	(757, 540)	low	dis	(565, 460)	Y	same	vert	up	True	1486941	1488061	up	1	5	47
4	xwy	f	18	1	circle	red	(565, 460)	high	no	no_dis	N	same	vert	up	True	1489094	1490436	up	1	5	48
4	xwy	f	18	1	diamond	green	(724, 619)	low	dis	(565, 460)	Y	dif	vert	up	True	1491621	1492589	up	1	5	49
4	xwy	f	18	1	diamond	red	(533, 540)	low	no	no_dis	N	same	vert	up	True	1493753	1494876	up	1	5	50
4	xwy	f	18	1	diamond	green	(565, 619)	low	no	no_dis	N	same	vert	up	True	1495980	1496812	up	1	5	51
4	xwy	f	18	1	diamond	green	(565, 460)	high	no	no_dis	N	same	vert	up	True	1497995	1498956	up	1	5	52
4	xwy	f	18	1	circle	green	(724, 619)	low	no	no_dis	N	dif	vert	up	True	1500202	1501156	up	1	5	53
4	xwy	f	18	1	circle	red	(645, 428)	low	dis	(757, 540)	N	same	vert	up	True	1502229	1503812	up	1	5	54
4	xwy	f	18	1	diamond	red	(565, 460)	high	dis	(645, 652)	N	dif	vert	up	True	1504919	1506156	up	1	5	55
4	xwy	f	18	1	circle	red	(565, 619)	low	dis	(533, 540)	N	same	hori	left	True	1507305	1509301	left	1	5	56
4	xwy	f	18	1	diamond	green	(565, 460)	high	dis	(645, 428)	N	same	vert	up	True	1510323	1511988	up	1	5	57
4	xwy	f	18	1	diamond	red	(565, 460)	high	dis	(565, 619)	N	dif	vert	up	True	1513156	1514637	up	1	5	58
4	xwy	f	18	1	diamond	green	(565, 460)	high	no	no_dis	N	dif	vert	up	True	1515802	1516597	up	1	5	59
4	xwy	f	18	1	circle	red	(565, 460)	high	no	no_dis	N	dif	vert	up	True	1517740	1518901	up	1	5	60
4	xwy	f	18	1	diamond	red	(565, 460)	high	no	no_dis	N	same	vert	up	True	1519977	1520988	up	1	5	61
4	xwy	f	18	1	diamond	red	(565, 460)	high	dis	(645, 652)	N	dif	hori	left	True	1522173	1523148	left	1	5	62
4	xwy	f	18	1	circle	red	(724, 460)	low	dis	(565, 460)	Y	dif	hori	left	True	1524272	1525764	left	1	5	63
4	xwy	f	18	1	circle	red	(565, 460)	high	dis	(724, 619)	N	same	hori	left	True	1526975	1527812	left	1	5	64
4	xwy	f	18	1	circle	red	(757, 540)	low	dis	(724, 619)	N	same	vert	up	True	1528976	1530076	up	1	5	65
4	xwy	f	18	1	diamond	red	(645, 428)	low	no	no_dis	N	same	vert	up	True	1531277	1532285	up	1	5	66
4	xwy	f	18	1	circle	red	(565, 460)	high	dis	(645, 652)	N	dif	hori	left	True	1533515	1534316	left	1	5	67
4	xwy	f	18	1	circle	red	(565, 460)	high	dis	(645, 428)	N	dif	hori	left	True	1535427	1536516	left	1	5	68
4	xwy	f	18	1	circle	red	(565, 460)	high	no	no_dis	N	dif	vert	up	True	1537573	1538980	up	1	5	69
4	xwy	f	18	1	circle	green	(565, 460)	high	dis	(757, 540)	N	same	vert	up	True	1540223	1541364	up	1	5	70
4	xwy	f	18	1	diamond	red	(724, 619)	low	dis	(724, 460)	N	dif	hori	left	True	1542556	1543676	left	1	5	71
4	xwy	f	18	1	diamond	green	(565, 460)	high	dis	(645, 652)	N	dif	vert	up	True	1544823	1546013	up	1	5	72
4	xwy	f	18	1	circle	red	(565, 460)	high	no	no_dis	N	same	hori	left	True	1547121	1548277	left	1	5	73
4	xwy	f	18	1	circle	red	(565, 460)	high	dis	(757, 540)	N	dif	vert	up	True	1549499	1550789	up	1	5	74
4	xwy	f	18	1	diamond	green	(645, 652)	low	dis	(757, 540)	N	same	hori	left	True	1551883	1553373	left	1	5	75
4	xwy	f	18	1	circle	green	(565, 460)	high	no	no_dis	N	dif	vert	up	True	1554494	1555628	up	1	5	76
4	xwy	f	18	1	circle	green	(724, 619)	low	dis	(565, 619)	N	dif	vert	up	True	1556698	1557756	up	1	5	77
4	xwy	f	18	1	circle	green	(565, 460)	high	dis	(724, 460)	N	same	vert	up	True	1558962	1560093	up	1	5	78
4	xwy	f	18	1	diamond	red	(724, 460)	low	dis	(565, 460)	Y	dif	hori	left	True	1561300	1562300	left	1	5	79
4	xwy	f	18	1	circle	green	(724, 460)	low	dis	(724, 619)	N	same	vert	up	True	1563494	1565092	up	1	5	80
4	xwy	f	18	1	diamond	red	(565, 460)	high	dis	(565, 619)	N	same	hori	left	True	1566311	1567269	left	1	5	81
4	xwy	f	18	1	diamond	green	(645, 428)	low	dis	(565, 619)	N	same	vert	up	True	1568446	1569644	up	1	5	82
4	xwy	f	18	1	diamond	red	(565, 460)	high	dis	(724, 619)	N	dif	vert	up	True	1570796	1572196	up	1	5	83
4	xwy	f	18	1	circle	red	(724, 460)	low	no	no_dis	N	dif	hori	left	True	1573261	1574965	up	0	5	84
4	xwy	f	18	1	circle	red	(724, 619)	low	dis	(533, 540)	N	same	hori	left	True	1577669	1579484	left	1	5	85
4	xwy	f	18	1	diamond	red	(565, 460)	high	no	no_dis	N	dif	vert	up	True	1580669	1581668	up	1	5	86
4	xwy	f	18	1	diamond	red	(565, 460)	high	dis	(533, 540)	N	dif	hori	left	True	1582878	1583668	left	1	5	87
4	xwy	f	18	1	diamond	green	(565, 619)	low	dis	(645, 652)	N	dif	hori	left	True	1584806	1586068	left	1	5	88
4	xwy	f	18	1	circle	green	(565, 460)	high	dis	(565, 619)	N	dif	vert	up	True	1587316	1588437	up	1	5	89
4	xwy	f	18	1	diamond	red	(645, 652)	low	dis	(724, 460)	N	dif	hori	left	True	1589626	1591093	left	1	5	90
4	xwy	f	18	1	diamond	green	(565, 460)	high	no	no_dis	N	same	hori	left	True	1592287	1593284	left	1	5	91
4	xwy	f	18	1	diamond	green	(565, 460)	high	dis	(724, 460)	N	same	vert	up	True	1594305	1595261	up	1	5	92
4	xwy	f	18	1	circle	green	(565, 460)	high	dis	(565, 619)	N	same	hori	left	True	1596421	1597588	left	1	5	93
4	xwy	f	18	1	circle	green	(565, 460)	high	dis	(533, 540)	N	dif	hori	left	True	1598751	1599789	left	1	5	94
4	xwy	f	18	1	circle	red	(533, 540)	low	dis	(565, 460)	Y	dif	vert	up	True	1600951	1602469	up	1	5	95
4	xwy	f	18	1	circle	green	(565, 460)	high	no	no_dis	N	same	vert	up	True	1603577	1605045	up	1	5	96
4	xwy	f	18	1	diamond	green	(565, 460)	high	dis	(724, 619)	N	dif	vert	up	True	1606080	1607373	up	1	5	97
4	xwy	f	18	1	diamond	green	(565, 460)	high	dis	(724, 619)	N	same	vert	up	True	1608473	1609412	up	1	5	98
4	xwy	f	18	1	diamond	red	(645, 428)	low	dis	(533, 540)	N	dif	vert	up	True	1610456	1611684	up	1	5	99
4	xwy	f	18	1	circle	green	(565, 460)	high	dis	(757, 540)	N	same	vert	up	True	1612750	1613853	up	1	5	100
4	xwy	f	18	1	diamond	green	(565, 460)	high	dis	(565, 619)	N	dif	hori	left	True	1614900	1615917	left	1	5	101
4	xwy	f	18	1	circle	red	(565, 460)	high	dis	(645, 428)	N	same	vert	up	True	1617077	1618108	up	1	5	102
4	xwy	f	18	1	diamond	red	(565, 460)	high	dis	(724, 619)	N	same	vert	up	True	1619266	1620156	up	1	5	103
4	xwy	f	18	1	circle	red	(724, 460)	low	dis	(757, 540)	N	dif	vert	up	True	1621327	1623037	up	1	5	104
4	xwy	f	18	1	circle	green	(565, 619)	low	dis	(724, 619)	N	dif	vert	up	True	1624197	1625348	up	1	5	105
4	xwy	f	18	1	diamond	green	(565, 460)	high	dis	(724, 460)	N	dif	hori	left	True	1626557	1627684	left	1	5	106
4	xwy	f	18	1	circle	green	(645, 652)	low	no	no_dis	N	dif	vert	up	True	1628935	1629821	up	1	5	107
4	xwy	f	18	1	diamond	red	(565, 460)	high	dis	(645, 428)	N	dif	vert	up	True	1630975	1631892	up	1	5	108
4	xwy	f	18	1	diamond	green	(565, 460)	high	no	no_dis	N	dif	hori	left	True	1632981	1634084	left	1	5	109
4	xwy	f	18	1	circle	red	(565, 460)	high	dis	(645, 428)	N	same	hori	left	True	1635321	1636325	left	1	5	110
4	xwy	f	18	1	circle	red	(724, 460)	low	no	no_dis	N	same	hori	left	True	1637487	1638341	left	1	5	111
4	xwy	f	18	1	circle	green	(565, 619)	low	dis	(645, 652)	N	same	hori	left	True	1639533	1641636	left	1	5	112
4	xwy	f	18	1	diamond	red	(565, 619)	low	dis	(565, 460)	Y	same	hori	left	True	1642861	1644340	left	1	5	113
4	xwy	f	18	1	diamond	green	(565, 619)	low	no	no_dis	N	same	hori	left	True	1645509	1646301	left	1	5	114
4	xwy	f	18	1	circle	green	(565, 460)	high	dis	(724, 619)	N	dif	hori	left	True	1647435	1648357	left	1	5	115
4	xwy	f	18	1	circle	red	(565, 460)	high	dis	(757, 540)	N	same	vert	up	True	1649561	1650556	up	1	5	116
4	xwy	f	18	1	circle	green	(533, 540)	low	dis	(565, 460)	Y	dif	hori	left	True	1651616	1652637	left	1	5	117
4	xwy	f	18	1	circle	green	(565, 460)	high	dis	(533, 540)	N	same	hori	left	True	1653799	1655100	left	1	5	118
4	xwy	f	18	1	circle	red	(565, 619)	low	no	no_dis	N	dif	hori	left	True	1656176	1657188	left	1	5	119
4	xwy	f	18	1	circle	green	(565, 460)	high	dis	(533, 540)	N	same	hori	left	True	1658366	1659869	left	1	5	120
4	xwy	f	18	1	diamond	red	(565, 460)	high	dis	(757, 540)	N	same	vert	up	True	1713908	1714860	up	1	6	1
4	xwy	f	18	1	circle	green	(565, 619)	low	no	no_dis	N	same	vert	up	True	1715926	1716908	up	1	6	2
4	xwy	f	18	1	circle	green	(565, 460)	high	dis	(724, 619)	N	dif	hori	left	True	1717965	1718828	left	1	6	3
4	xwy	f	18	1	circle	green	(724, 619)	low	no	no_dis	N	same	vert	up	True	1719885	1720740	up	1	6	4
4	xwy	f	18	1	circle	red	(533, 540)	low	no	no_dis	N	dif	hori	left	True	1721975	1722716	left	1	6	5
4	xwy	f	18	1	circle	green	(565, 460)	high	dis	(533, 540)	N	dif	hori	left	True	1723857	1724949	left	1	6	6
4	xwy	f	18	1	circle	red	(565, 460)	high	dis	(645, 652)	N	same	vert	up	True	1726164	1727268	up	1	6	7
4	xwy	f	18	1	circle	red	(565, 460)	high	dis	(724, 619)	N	same	hori	left	True	1728348	1729229	left	1	6	8
4	xwy	f	18	1	diamond	green	(724, 460)	low	no	no_dis	N	dif	vert	up	True	1730379	1732421	up	1	6	9
4	xwy	f	18	1	circle	green	(565, 460)	high	dis	(724, 619)	N	dif	vert	up	True	1733505	1734484	up	1	6	10
4	xwy	f	18	1	diamond	green	(565, 460)	high	dis	(757, 540)	N	dif	hori	left	True	1735700	1736532	left	1	6	11
4	xwy	f	18	1	diamond	red	(757, 540)	low	no	no_dis	N	same	hori	left	True	1737666	1738628	left	1	6	12
4	xwy	f	18	1	diamond	red	(565, 460)	high	dis	(757, 540)	N	dif	vert	up	True	1739694	1740701	up	1	6	13
4	xwy	f	18	1	circle	red	(645, 428)	low	dis	(565, 460)	Y	dif	hori	left	True	1741799	1742724	left	1	6	14
4	xwy	f	18	1	circle	red	(757, 540)	low	dis	(724, 619)	N	same	vert	up	True	1743966	1745245	up	1	6	15
4	xwy	f	18	1	diamond	green	(645, 652)	low	no	no_dis	N	dif	vert	up	True	1746252	1747732	up	1	6	16
4	xwy	f	18	1	circle	red	(565, 460)	high	no	no_dis	N	same	vert	up	True	1748885	1749996	up	1	6	17
4	xwy	f	18	1	circle	green	(533, 540)	low	dis	(645, 428)	N	same	hori	left	True	1751055	1752092	left	1	6	18
4	xwy	f	18	1	circle	red	(565, 460)	high	no	no_dis	N	dif	hori	left	True	1753170	1753972	left	1	6	19
4	xwy	f	18	1	circle	green	(565, 619)	low	dis	(533, 540)	N	dif	hori	left	True	1755043	1756076	left	1	6	20
4	xwy	f	18	1	diamond	green	(565, 460)	high	no	no_dis	N	dif	hori	left	True	1757315	1758188	left	1	6	21
4	xwy	f	18	1	diamond	red	(565, 460)	high	no	no_dis	N	same	hori	left	True	1759398	1760837	left	1	6	22
4	xwy	f	18	1	diamond	red	(565, 619)	low	dis	(645, 428)	N	dif	hori	left	True	1762077	1763028	left	1	6	23
4	xwy	f	18	1	diamond	green	(533, 540)	low	dis	(565, 619)	N	dif	vert	up	True	1764054	1765220	up	1	6	24
4	xwy	f	18	1	diamond	red	(565, 460)	high	no	no_dis	N	dif	hori	left	True	1766261	1767437	left	1	6	25
4	xwy	f	18	1	circle	red	(565, 460)	high	no	no_dis	N	dif	hori	left	True	1768676	1769572	left	1	6	26
4	xwy	f	18	1	circle	green	(565, 460)	high	dis	(565, 619)	N	dif	hori	left	True	1770644	1771413	left	1	6	27
4	xwy	f	18	1	circle	green	(565, 460)	high	dis	(645, 652)	N	dif	vert	up	True	1772645	1773741	up	1	6	28
4	xwy	f	18	1	circle	green	(757, 540)	low	dis	(565, 460)	Y	same	hori	left	True	1774864	1776125	left	1	6	29
4	xwy	f	18	1	circle	red	(565, 619)	low	dis	(724, 460)	N	same	vert	up	True	1777322	1778813	up	1	6	30
4	xwy	f	18	1	diamond	red	(724, 619)	low	no	no_dis	N	dif	hori	left	True	1780007	1781053	left	1	6	31
4	xwy	f	18	1	diamond	red	(565, 619)	low	no	no_dis	N	same	vert	up	True	1782266	1783300	up	1	6	32
4	xwy	f	18	1	diamond	green	(565, 460)	high	dis	(724, 619)	N	dif	hori	left	True	1784430	1785820	left	1	6	33
4	xwy	f	18	1	diamond	red	(565, 460)	high	dis	(724, 460)	N	same	hori	left	True	1787068	1787908	left	1	6	34
4	xwy	f	18	1	circle	red	(757, 540)	low	no	no_dis	N	same	hori	left	True	1788981	1789893	left	1	6	35
4	xwy	f	18	1	circle	red	(565, 460)	high	dis	(565, 619)	N	same	hori	left	True	1791017	1791957	left	1	6	36
4	xwy	f	18	1	diamond	green	(565, 460)	high	dis	(645, 428)	N	same	hori	left	True	1793004	1794196	left	1	6	37
4	xwy	f	18	1	circle	green	(565, 460)	high	dis	(565, 619)	N	same	vert	up	True	1795272	1796652	up	1	6	38
4	xwy	f	18	1	diamond	red	(724, 619)	low	dis	(645, 652)	N	dif	vert	up	True	1797709	1798805	left	0	6	39
4	xwy	f	18	1	circle	red	(645, 652)	low	dis	(757, 540)	N	dif	hori	left	True	1801363	1802572	left	1	6	40
4	xwy	f	18	1	circle	red	(565, 460)	high	no	no_dis	N	dif	vert	up	True	1803809	1804700	up	1	6	41
4	xwy	f	18	1	diamond	green	(565, 460)	high	dis	(645, 652)	N	same	vert	up	True	1805932	1807004	up	1	6	42
4	xwy	f	18	1	diamond	green	(724, 619)	low	dis	(645, 428)	N	dif	hori	left	True	1808163	1809556	left	1	6	43
4	xwy	f	18	1	diamond	green	(757, 540)	low	dis	(645, 428)	N	dif	hori	left	True	1810687	1811501	left	1	6	44
4	xwy	f	18	1	circle	green	(565, 460)	high	dis	(565, 619)	N	same	vert	up	True	1812551	1814165	up	1	6	45
4	xwy	f	18	1	diamond	green	(565, 460)	high	dis	(645, 652)	N	same	vert	up	True	1815398	1817581	up	1	6	46
4	xwy	f	18	1	diamond	red	(565, 460)	high	dis	(724, 460)	N	same	hori	left	True	1818780	1819668	left	1	6	47
4	xwy	f	18	1	circle	red	(724, 460)	low	dis	(533, 540)	N	same	vert	up	True	1820874	1822589	left	0	6	48
4	xwy	f	18	1	circle	green	(565, 460)	high	dis	(565, 619)	N	same	vert	up	True	1825347	1826533	up	1	6	49
4	xwy	f	18	1	circle	red	(565, 460)	high	dis	(724, 460)	N	dif	hori	left	True	1827662	1828660	left	1	6	50
4	xwy	f	18	1	diamond	red	(645, 652)	low	dis	(565, 460)	Y	same	hori	left	True	1829830	1831093	left	1	6	51
4	xwy	f	18	1	circle	green	(565, 460)	high	no	no_dis	N	same	vert	up	True	1832285	1833573	up	1	6	52
4	xwy	f	18	1	diamond	red	(565, 460)	high	dis	(724, 619)	N	same	vert	up	True	1834780	1835973	up	1	6	53
4	xwy	f	18	1	diamond	green	(724, 619)	low	dis	(565, 460)	Y	same	hori	left	True	1836977	1837924	left	1	6	54
4	xwy	f	18	1	diamond	red	(533, 540)	low	dis	(565, 619)	N	dif	vert	up	True	1839102	1840324	up	1	6	55
4	xwy	f	18	1	diamond	red	(565, 460)	high	dis	(533, 540)	N	same	vert	up	True	1841558	1842444	up	1	6	56
4	xwy	f	18	1	diamond	red	(757, 540)	low	dis	(565, 460)	Y	same	vert	up	True	1843608	1844957	up	1	6	57
4	xwy	f	18	1	diamond	green	(565, 619)	low	dis	(645, 652)	N	dif	hori	left	True	1846051	1847020	left	1	6	58
4	xwy	f	18	1	diamond	red	(565, 460)	high	dis	(533, 540)	N	dif	hori	left	True	1848201	1849109	left	1	6	59
4	xwy	f	18	1	diamond	green	(724, 460)	low	no	no_dis	N	dif	vert	up	True	1850124	1851356	up	1	6	60
4	xwy	f	18	1	circle	green	(724, 460)	low	dis	(757, 540)	N	same	hori	left	True	1852422	1853412	left	1	6	61
4	xwy	f	18	1	diamond	green	(565, 460)	high	no	no_dis	N	same	hori	left	True	1854599	1855877	left	1	6	62
4	xwy	f	18	1	circle	red	(565, 460)	high	dis	(645, 428)	N	dif	hori	left	True	1857065	1858252	left	1	6	63
4	xwy	f	18	1	diamond	green	(724, 460)	low	dis	(757, 540)	N	same	vert	up	True	1859270	1860388	up	1	6	64
4	xwy	f	18	1	circle	green	(645, 428)	low	dis	(565, 460)	Y	dif	hori	left	True	1861433	1863132	left	1	6	65
4	xwy	f	18	1	circle	red	(565, 460)	high	no	no_dis	N	same	hori	left	True	1864165	1865173	left	1	6	66
4	xwy	f	18	1	circle	green	(724, 619)	low	dis	(565, 460)	Y	dif	vert	up	True	1866346	1867444	up	1	6	67
4	xwy	f	18	1	diamond	green	(565, 460)	high	dis	(724, 460)	N	dif	hori	left	True	1868574	1869637	left	1	6	68
4	xwy	f	18	1	diamond	red	(565, 460)	high	no	no_dis	N	dif	vert	up	True	1870858	1871853	up	1	6	69
4	xwy	f	18	1	circle	green	(645, 652)	low	dis	(565, 460)	Y	same	vert	up	True	1872982	1874157	up	1	6	70
4	xwy	f	18	1	diamond	red	(724, 460)	low	dis	(724, 619)	N	dif	vert	up	True	1875294	1876892	up	1	6	71
4	xwy	f	18	1	circle	red	(645, 428)	low	no	no_dis	N	dif	hori	left	True	1878114	1879588	up	0	6	72
4	xwy	f	18	1	circle	green	(757, 540)	low	dis	(533, 540)	N	dif	vert	up	True	1882112	1883324	up	1	6	73
4	xwy	f	18	1	diamond	red	(565, 460)	high	dis	(565, 619)	N	same	vert	up	True	1884452	1887253	up	1	6	74
4	xwy	f	18	1	circle	green	(645, 652)	low	no	no_dis	N	same	hori	left	True	1888346	1889445	left	1	6	75
4	xwy	f	18	1	circle	red	(533, 540)	low	dis	(565, 460)	Y	same	hori	left	True	1890537	1891469	left	1	6	76
4	xwy	f	18	1	circle	green	(565, 460)	high	no	no_dis	N	same	vert	up	True	1892718	1894429	up	1	6	77
4	xwy	f	18	1	diamond	green	(565, 460)	high	dis	(757, 540)	N	same	hori	left	True	1895506	1896380	left	1	6	78
4	xwy	f	18	1	diamond	green	(645, 652)	low	dis	(724, 460)	N	dif	vert	up	True	1897556	1898652	up	1	6	79
4	xwy	f	18	1	circle	red	(724, 460)	low	no	no_dis	N	dif	hori	left	True	1899677	1900629	left	1	6	80
4	xwy	f	18	1	circle	red	(724, 619)	low	dis	(565, 619)	N	same	vert	up	True	1901709	1903165	up	1	6	81
4	xwy	f	18	1	diamond	green	(645, 428)	low	no	no_dis	N	same	vert	up	True	1904260	1905724	up	1	6	82
4	xwy	f	18	1	diamond	red	(645, 428)	low	dis	(724, 619)	N	dif	vert	up	True	1906972	1908149	up	1	6	83
4	xwy	f	18	1	diamond	red	(565, 460)	high	dis	(533, 540)	N	dif	vert	up	True	1909344	1910620	up	1	6	84
4	xwy	f	18	1	circle	red	(565, 460)	high	dis	(645, 652)	N	dif	hori	left	True	1911700	1913501	left	1	6	85
4	xwy	f	18	1	diamond	red	(565, 460)	high	no	no_dis	N	same	hori	left	True	1914671	1915700	left	1	6	86
4	xwy	f	18	1	circle	green	(565, 460)	high	no	no_dis	N	dif	vert	up	True	1916715	1917836	up	1	6	87
4	xwy	f	18	1	diamond	red	(565, 460)	high	no	no_dis	N	same	vert	up	True	1919054	1920076	up	1	6	88
4	xwy	f	18	1	circle	green	(565, 460)	high	dis	(757, 540)	N	dif	vert	up	True	1921181	1922101	up	1	6	89
4	xwy	f	18	1	diamond	red	(533, 540)	low	dis	(565, 460)	Y	same	hori	left	True	1923325	1924436	left	1	6	90
4	xwy	f	18	1	diamond	green	(565, 460)	high	no	no_dis	N	same	vert	up	True	1925641	1926901	up	1	6	91
4	xwy	f	18	1	circle	red	(565, 460)	high	dis	(533, 540)	N	same	hori	left	True	1928141	1929269	left	1	6	92
4	xwy	f	18	1	diamond	green	(565, 460)	high	dis	(645, 428)	N	same	vert	up	True	1930495	1931573	up	1	6	93
4	xwy	f	18	1	circle	red	(565, 460)	high	dis	(645, 428)	N	dif	hori	left	True	1932653	1933685	left	1	6	94
4	xwy	f	18	1	diamond	green	(565, 460)	high	no	no_dis	N	dif	hori	left	True	1934704	1935572	left	1	6	95
4	xwy	f	18	1	diamond	red	(565, 460)	high	dis	(645, 652)	N	same	hori	left	True	1936666	1937877	left	1	6	96
4	xwy	f	18	1	circle	green	(565, 460)	high	no	no_dis	N	same	hori	left	True	1939057	1940125	left	1	6	97
4	xwy	f	18	1	circle	red	(565, 460)	high	dis	(533, 540)	N	same	hori	left	True	1941205	1942149	left	1	6	98
4	xwy	f	18	1	diamond	green	(565, 460)	high	no	no_dis	N	same	vert	up	True	1943236	1944341	up	1	6	99
4	xwy	f	18	1	circle	red	(565, 460)	high	no	no_dis	N	dif	hori	left	True	1945434	1946645	left	1	6	100
4	xwy	f	18	1	diamond	red	(565, 460)	high	dis	(724, 460)	N	dif	vert	up	True	1947743	1948780	up	1	6	101
4	xwy	f	18	1	diamond	red	(565, 460)	high	dis	(645, 652)	N	dif	vert	up	True	1949923	1950740	up	1	6	102
4	xwy	f	18	1	circle	red	(565, 460)	high	dis	(724, 460)	N	dif	vert	up	True	1951914	1952796	up	1	6	103
4	xwy	f	18	1	diamond	green	(565, 460)	high	dis	(757, 540)	N	dif	vert	up	True	1953849	1954685	left	0	6	104
4	xwy	f	18	1	circle	green	(645, 428)	low	no	no_dis	N	same	hori	left	True	1957298	1958436	left	1	6	105
4	xwy	f	18	1	diamond	green	(565, 460)	high	dis	(533, 540)	N	same	hori	left	True	1959450	1960373	left	1	6	106
4	xwy	f	18	1	circle	green	(565, 460)	high	no	no_dis	N	dif	vert	up	True	1961428	1962597	up	1	6	107
4	xwy	f	18	1	diamond	green	(565, 460)	high	dis	(565, 619)	N	same	hori	left	True	1963607	1964997	left	1	6	108
4	xwy	f	18	1	circle	red	(565, 460)	high	dis	(724, 460)	N	dif	vert	up	True	1966021	1967220	up	1	6	109
4	xwy	f	18	1	diamond	green	(565, 460)	high	dis	(645, 428)	N	dif	hori	left	True	1968336	1969749	left	1	6	110
4	xwy	f	18	1	circle	red	(645, 428)	low	dis	(645, 652)	N	same	vert	up	True	1970988	1972061	up	1	6	111
4	xwy	f	18	1	circle	green	(565, 460)	high	dis	(724, 619)	N	same	vert	up	True	1973305	1974381	up	1	6	112
4	xwy	f	18	1	diamond	red	(533, 540)	low	no	no_dis	N	dif	vert	up	True	1975571	1976508	up	1	6	113
4	xwy	f	18	1	diamond	red	(565, 460)	high	no	no_dis	N	same	hori	left	True	1977720	1978845	left	1	6	114
4	xwy	f	18	1	circle	green	(565, 460)	high	no	no_dis	N	dif	vert	up	True	1980084	1981124	up	1	6	115
4	xwy	f	18	1	circle	red	(565, 460)	high	dis	(645, 428)	N	dif	vert	up	True	1982228	1983885	up	1	6	116
4	xwy	f	18	1	circle	green	(565, 460)	high	dis	(724, 619)	N	dif	vert	up	True	1984906	1986149	up	1	6	117
4	xwy	f	18	1	circle	green	(565, 460)	high	dis	(757, 540)	N	same	hori	left	True	1987254	1988213	left	1	6	118
4	xwy	f	18	1	diamond	green	(645, 428)	low	dis	(724, 460)	N	same	hori	left	True	1989413	1990909	left	1	6	119
4	xwy	f	18	1	diamond	green	(565, 460)	high	no	no_dis	N	dif	vert	up	True	1992104	1993492	up	1	6	120
conf	4	xwy	f	18	1	True	2039206	2054948	4	True	2054960	2066013	2
