subj	name	gender	age	prac	shape	color	tar_loc	popularity	dis_cond	dis_loc	dis_high	td_dif	line	respkey	gotkey	startTime	respTime	resp	correct	block	trialnum
6	xgy	f	19	1	circle	red	(565, 619)	high	no	no_dis	N	same	vert	up	True	21047	22023	up	1	1	1
6	xgy	f	19	1	diamond	green	(565, 619)	high	dis	(565, 460)	N	same	hori	left	True	23041	24135	left	1	1	2
6	xgy	f	19	1	diamond	green	(565, 619)	high	dis	(724, 460)	N	same	vert	up	True	25257	26350	up	1	1	3
6	xgy	f	19	1	diamond	green	(565, 619)	high	dis	(565, 460)	N	dif	hori	left	True	27393	28279	left	1	1	4
6	xgy	f	19	1	circle	green	(757, 540)	low	dis	(565, 460)	N	same	hori	left	True	29418	30887	left	1	1	5
6	xgy	f	19	1	diamond	red	(565, 619)	high	dis	(645, 652)	N	dif	vert	up	True	31920	33119	up	1	1	6
6	xgy	f	19	1	diamond	red	(565, 619)	high	dis	(645, 652)	N	same	hori	left	True	34318	35279	left	1	1	7
6	xgy	f	19	1	circle	green	(757, 540)	low	no	no_dis	N	same	hori	left	True	36420	37335	left	1	1	8
6	xgy	f	19	1	diamond	red	(724, 619)	low	no	no_dis	N	dif	hori	left	True	38428	39951	up	0	1	9
6	xgy	f	19	1	circle	red	(565, 619)	high	dis	(645, 652)	N	dif	hori	left	True	42482	43775	up	0	1	10
6	xgy	f	19	1	circle	red	(565, 460)	low	dis	(645, 652)	N	dif	vert	up	True	46446	48055	up	1	1	11
6	xgy	f	19	1	circle	green	(645, 428)	low	dis	(533, 540)	N	dif	hori	left	True	49250	50862	left	1	1	12
6	xgy	f	19	1	diamond	red	(565, 619)	high	no	no_dis	N	same	vert	up	True	51980	53215	up	1	1	13
6	xgy	f	19	1	diamond	red	(757, 540)	low	dis	(724, 460)	N	dif	vert	up	True	54345	55575	up	1	1	14
6	xgy	f	19	1	circle	green	(565, 619)	high	dis	(724, 460)	N	same	hori	left	True	56638	57751	left	1	1	15
6	xgy	f	19	1	circle	red	(533, 540)	low	no	no_dis	N	dif	vert	up	True	58817	60455	up	1	1	16
6	xgy	f	19	1	diamond	green	(565, 619)	high	dis	(757, 540)	N	dif	hori	left	True	61551	62807	left	1	1	17
6	xgy	f	19	1	circle	green	(565, 619)	high	dis	(565, 460)	N	dif	hori	left	True	63844	64943	left	1	1	18
6	xgy	f	19	1	diamond	red	(724, 460)	low	dis	(565, 619)	Y	same	vert	up	True	66119	67575	up	1	1	19
6	xgy	f	19	1	diamond	red	(565, 619)	high	no	no_dis	N	dif	vert	up	True	68742	69990	up	1	1	20
6	xgy	f	19	1	diamond	red	(565, 619)	high	no	no_dis	N	same	hori	left	True	71033	72223	left	1	1	21
6	xgy	f	19	1	diamond	red	(533, 540)	low	no	no_dis	N	same	hori	left	True	73436	74519	left	1	1	22
6	xgy	f	19	1	circle	green	(565, 619)	high	dis	(757, 540)	N	dif	vert	up	True	75647	76790	up	1	1	23
6	xgy	f	19	1	circle	red	(565, 460)	low	no	no_dis	N	same	vert	up	True	77964	79534	up	1	1	24
6	xgy	f	19	1	diamond	red	(565, 619)	high	dis	(645, 428)	N	same	vert	up	True	80544	82095	up	1	1	25
6	xgy	f	19	1	diamond	red	(565, 619)	high	dis	(724, 619)	N	same	vert	up	True	83293	85439	up	1	1	26
6	xgy	f	19	1	circle	green	(645, 652)	low	dis	(757, 540)	N	dif	hori	left	True	86643	88007	left	1	1	27
6	xgy	f	19	1	circle	red	(565, 619)	high	dis	(757, 540)	N	same	vert	up	True	89260	90287	up	1	1	28
6	xgy	f	19	1	circle	red	(565, 619)	high	dis	(724, 460)	N	dif	vert	up	True	91383	92615	up	1	1	29
6	xgy	f	19	1	diamond	red	(565, 619)	high	dis	(533, 540)	N	dif	hori	left	True	93697	95502	left	1	1	30
6	xgy	f	19	1	diamond	green	(565, 619)	high	dis	(645, 428)	N	same	vert	up	True	96510	97831	up	1	1	31
6	xgy	f	19	1	diamond	green	(565, 619)	high	no	no_dis	N	dif	vert	up	True	98841	99951	up	1	1	32
6	xgy	f	19	1	diamond	green	(565, 619)	high	no	no_dis	N	same	vert	up	True	100993	101822	up	1	1	33
6	xgy	f	19	1	diamond	green	(724, 460)	low	no	no_dis	N	dif	hori	left	True	103065	105039	left	1	1	34
6	xgy	f	19	1	circle	red	(533, 540)	low	dis	(724, 460)	N	same	hori	left	True	106067	107207	left	1	1	35
6	xgy	f	19	1	diamond	red	(533, 540)	low	dis	(757, 540)	N	same	hori	left	True	108451	110015	left	1	1	36
6	xgy	f	19	1	diamond	green	(565, 460)	low	dis	(565, 619)	Y	dif	hori	left	True	111022	112638	left	1	1	37
6	xgy	f	19	1	circle	green	(565, 460)	low	dis	(757, 540)	N	same	vert	up	True	113754	115711	up	1	1	38
6	xgy	f	19	1	diamond	red	(565, 619)	high	dis	(565, 460)	N	dif	hori	left	True	116812	118143	left	1	1	39
6	xgy	f	19	1	circle	green	(565, 619)	high	no	no_dis	N	same	hori	left	True	119182	120055	left	1	1	40
6	xgy	f	19	1	diamond	green	(533, 540)	low	dis	(724, 619)	N	same	hori	left	True	121262	122351	left	1	1	41
6	xgy	f	19	1	circle	green	(565, 619)	high	dis	(533, 540)	N	same	vert	up	True	123523	124974	up	1	1	42
6	xgy	f	19	1	circle	red	(757, 540)	low	dis	(645, 428)	N	same	hori	left	True	126118	127511	left	1	1	43
6	xgy	f	19	1	circle	green	(724, 619)	low	dis	(565, 619)	Y	same	vert	up	True	128525	129806	up	1	1	44
6	xgy	f	19	1	diamond	red	(565, 619)	high	no	no_dis	N	same	hori	left	True	131014	132119	left	1	1	45
6	xgy	f	19	1	circle	green	(565, 619)	high	no	no_dis	N	same	vert	up	True	133342	134247	up	1	1	46
6	xgy	f	19	1	diamond	green	(565, 619)	high	dis	(724, 619)	N	dif	hori	left	True	135472	136607	left	1	1	47
6	xgy	f	19	1	circle	green	(565, 619)	high	dis	(724, 619)	N	same	hori	left	True	137849	138759	left	1	1	48
6	xgy	f	19	1	diamond	green	(645, 652)	low	dis	(565, 619)	Y	dif	vert	up	True	139905	141143	up	1	1	49
6	xgy	f	19	1	circle	red	(565, 619)	high	dis	(645, 652)	N	same	vert	up	True	142294	143374	up	1	1	50
6	xgy	f	19	1	diamond	red	(645, 652)	low	no	no_dis	N	same	vert	up	True	144607	145743	up	1	1	51
6	xgy	f	19	1	circle	red	(533, 540)	low	dis	(565, 619)	Y	same	vert	up	True	146954	147934	up	1	1	52
6	xgy	f	19	1	circle	green	(757, 540)	low	no	no_dis	N	same	vert	up	True	149129	150215	up	1	1	53
6	xgy	f	19	1	diamond	green	(757, 540)	low	dis	(533, 540)	N	dif	hori	left	True	151437	152678	left	1	1	54
6	xgy	f	19	1	circle	green	(565, 619)	high	no	no_dis	N	same	vert	up	True	153875	155062	up	1	1	55
6	xgy	f	19	1	diamond	red	(565, 619)	high	dis	(724, 460)	N	same	vert	up	True	156068	157086	up	1	1	56
6	xgy	f	19	1	diamond	green	(565, 619)	high	dis	(645, 428)	N	dif	vert	up	True	158221	159623	up	1	1	57
6	xgy	f	19	1	diamond	red	(565, 619)	high	dis	(533, 540)	N	dif	vert	up	True	160635	161567	left	0	1	58
6	xgy	f	19	1	diamond	green	(724, 619)	low	dis	(645, 652)	N	dif	vert	up	True	164198	166262	up	1	1	59
6	xgy	f	19	1	diamond	green	(565, 619)	high	dis	(724, 619)	N	dif	hori	left	True	167286	168367	left	1	1	60
6	xgy	f	19	1	circle	red	(565, 619)	high	dis	(645, 652)	N	same	hori	left	True	169506	170719	left	1	1	61
6	xgy	f	19	1	diamond	red	(565, 619)	high	no	no_dis	N	dif	hori	left	True	171891	173023	left	1	1	62
6	xgy	f	19	1	diamond	green	(565, 619)	high	dis	(645, 428)	N	dif	hori	left	True	174156	175054	left	1	1	63
6	xgy	f	19	1	circle	green	(565, 619)	high	dis	(533, 540)	N	same	vert	up	True	176159	177279	up	1	1	64
6	xgy	f	19	1	circle	red	(724, 460)	low	dis	(565, 619)	Y	same	vert	up	True	178299	179599	up	1	1	65
6	xgy	f	19	1	diamond	red	(645, 652)	low	dis	(645, 428)	N	dif	vert	up	True	180780	182647	up	1	1	66
6	xgy	f	19	1	circle	green	(645, 652)	low	dis	(724, 619)	N	same	hori	left	True	183713	185014	left	1	1	67
6	xgy	f	19	1	diamond	red	(724, 460)	low	no	no_dis	N	same	hori	left	True	186224	188567	left	1	1	68
6	xgy	f	19	1	diamond	red	(565, 619)	high	no	no_dis	N	dif	hori	left	True	189774	190702	left	1	1	69
6	xgy	f	19	1	circle	green	(565, 619)	high	dis	(565, 460)	N	same	vert	up	True	191919	192902	up	1	1	70
6	xgy	f	19	1	diamond	green	(565, 619)	high	no	no_dis	N	same	hori	left	True	193954	195518	left	1	1	71
6	xgy	f	19	1	circle	red	(565, 619)	high	dis	(724, 619)	N	dif	hori	left	True	196553	197551	left	1	1	72
6	xgy	f	19	1	diamond	green	(645, 652)	low	no	no_dis	N	dif	hori	left	True	198735	200374	left	1	1	73
6	xgy	f	19	1	diamond	red	(565, 619)	high	dis	(533, 540)	N	same	hori	left	True	201564	203446	left	1	1	74
6	xgy	f	19	1	circle	red	(565, 619)	high	dis	(757, 540)	N	dif	hori	left	True	204450	206175	left	1	1	75
6	xgy	f	19	1	diamond	red	(565, 619)	high	dis	(565, 460)	N	same	hori	left	True	207408	208646	left	1	1	76
6	xgy	f	19	1	diamond	red	(724, 619)	low	dis	(565, 619)	Y	dif	hori	left	True	209783	211462	left	1	1	77
6	xgy	f	19	1	diamond	red	(565, 460)	low	dis	(724, 460)	N	dif	hori	left	True	212479	213582	left	1	1	78
6	xgy	f	19	1	diamond	green	(645, 428)	low	dis	(645, 652)	N	dif	vert	up	True	214801	216151	up	1	1	79
6	xgy	f	19	1	circle	green	(565, 619)	high	no	no_dis	N	dif	vert	up	True	217255	218487	up	1	1	80
6	xgy	f	19	1	diamond	green	(565, 619)	high	dis	(645, 652)	N	dif	vert	up	True	219601	220527	up	1	1	81
6	xgy	f	19	1	diamond	green	(645, 428)	low	no	no_dis	N	dif	vert	up	True	221585	222471	up	1	1	82
6	xgy	f	19	1	diamond	red	(645, 428)	low	dis	(565, 619)	Y	dif	hori	left	True	223594	224815	left	1	1	83
6	xgy	f	19	1	circle	red	(565, 619)	high	no	no_dis	N	same	vert	up	True	225847	227031	up	1	1	84
6	xgy	f	19	1	circle	green	(565, 619)	high	dis	(533, 540)	N	same	vert	up	True	228095	229783	up	1	1	85
6	xgy	f	19	1	circle	red	(565, 619)	high	no	no_dis	N	dif	hori	left	True	231034	232142	left	1	1	86
6	xgy	f	19	1	circle	red	(645, 652)	low	dis	(533, 540)	N	same	vert	up	True	233181	234558	up	1	1	87
6	xgy	f	19	1	circle	green	(724, 619)	low	no	no_dis	N	dif	hori	left	True	235590	236422	left	1	1	88
6	xgy	f	19	1	diamond	green	(565, 619)	high	no	no_dis	N	dif	vert	up	True	237630	238631	up	1	1	89
6	xgy	f	19	1	circle	red	(724, 619)	low	dis	(645, 428)	N	same	vert	up	True	239654	240806	up	1	1	90
6	xgy	f	19	1	circle	green	(565, 619)	high	no	no_dis	N	dif	hori	left	True	241945	242862	left	1	1	91
6	xgy	f	19	1	circle	red	(533, 540)	low	no	no_dis	N	same	hori	left	True	244096	244822	left	1	1	92
6	xgy	f	19	1	circle	red	(565, 619)	high	dis	(645, 428)	N	same	hori	left	True	245839	246590	left	1	1	93
6	xgy	f	19	1	circle	green	(565, 460)	low	no	no_dis	N	same	vert	up	True	247705	248574	up	1	1	94
6	xgy	f	19	1	diamond	green	(645, 428)	low	no	no_dis	N	dif	vert	up	True	249823	250863	up	1	1	95
6	xgy	f	19	1	diamond	green	(565, 619)	high	no	no_dis	N	dif	vert	up	True	252113	253015	up	1	1	96
6	xgy	f	19	1	diamond	red	(565, 619)	high	dis	(757, 540)	N	same	hori	left	True	254032	255534	left	1	1	97
6	xgy	f	19	1	circle	green	(565, 619)	high	dis	(724, 619)	N	dif	vert	up	True	256714	257967	up	1	1	98
6	xgy	f	19	1	diamond	green	(565, 619)	high	no	no_dis	N	dif	hori	left	True	258990	260686	left	1	1	99
6	xgy	f	19	1	circle	green	(565, 619)	high	dis	(724, 460)	N	dif	hori	left	True	261912	263478	left	1	1	100
6	xgy	f	19	1	diamond	green	(724, 460)	low	dis	(724, 619)	N	same	vert	up	True	264596	266222	up	1	1	101
6	xgy	f	19	1	diamond	red	(565, 619)	high	dis	(757, 540)	N	dif	vert	up	True	267447	268655	up	1	1	102
6	xgy	f	19	1	diamond	green	(565, 619)	high	dis	(565, 460)	N	dif	vert	up	True	269906	271046	up	1	1	103
6	xgy	f	19	1	circle	red	(565, 619)	high	no	no_dis	N	dif	vert	up	True	272208	273846	up	1	1	104
6	xgy	f	19	1	circle	red	(565, 619)	high	no	no_dis	N	dif	hori	left	True	275074	277110	left	1	1	105
6	xgy	f	19	1	circle	green	(565, 619)	high	dis	(645, 428)	N	same	hori	left	True	278239	279334	left	1	1	106
6	xgy	f	19	1	circle	green	(533, 540)	low	dis	(565, 460)	N	dif	hori	left	True	280454	282006	left	1	1	107
6	xgy	f	19	1	diamond	green	(565, 619)	high	dis	(645, 428)	N	same	hori	left	True	283084	284022	left	1	1	108
6	xgy	f	19	1	circle	red	(565, 619)	high	no	no_dis	N	same	hori	left	True	285276	287079	left	1	1	109
6	xgy	f	19	1	circle	green	(724, 460)	low	dis	(645, 652)	N	same	hori	left	True	288105	289574	left	1	1	110
6	xgy	f	19	1	diamond	red	(724, 460)	low	dis	(565, 619)	Y	same	hori	left	True	290825	292686	left	1	1	111
6	xgy	f	19	1	diamond	green	(757, 540)	low	dis	(565, 619)	Y	dif	vert	up	True	293898	295118	up	1	1	112
6	xgy	f	19	1	circle	red	(645, 652)	low	no	no_dis	N	dif	vert	up	True	296211	297654	up	1	1	113
6	xgy	f	19	1	circle	green	(565, 619)	high	dis	(533, 540)	N	dif	vert	up	True	298765	299807	up	1	1	114
6	xgy	f	19	1	circle	red	(645, 428)	low	dis	(565, 460)	N	dif	vert	up	True	300874	301671	up	1	1	115
6	xgy	f	19	1	circle	red	(565, 619)	high	dis	(724, 460)	N	dif	vert	up	True	302916	303678	up	1	1	116
6	xgy	f	19	1	circle	red	(565, 619)	high	dis	(757, 540)	N	same	vert	up	True	304881	305542	up	1	1	117
6	xgy	f	19	1	circle	red	(565, 619)	high	dis	(724, 460)	N	dif	vert	up	True	306557	307230	up	1	1	118
6	xgy	f	19	1	circle	green	(565, 619)	high	no	no_dis	N	same	hori	left	True	308302	309134	left	1	1	119
6	xgy	f	19	1	circle	red	(565, 619)	high	dis	(724, 619)	N	same	hori	left	True	310142	311046	left	1	1	120
6	xgy	f	19	1	circle	red	(645, 428)	low	dis	(757, 540)	N	dif	hori	left	True	345950	347166	left	1	2	1
6	xgy	f	19	1	circle	green	(645, 652)	low	no	no_dis	N	dif	hori	left	True	348300	349310	left	1	2	2
6	xgy	f	19	1	diamond	red	(565, 619)	high	no	no_dis	N	same	hori	left	True	350408	351366	left	1	2	3
6	xgy	f	19	1	diamond	green	(565, 619)	high	no	no_dis	N	same	vert	up	True	352416	353462	up	1	2	4
6	xgy	f	19	1	diamond	green	(565, 619)	high	no	no_dis	N	dif	vert	up	True	354479	355374	up	1	2	5
6	xgy	f	19	1	diamond	red	(565, 619)	high	no	no_dis	N	dif	hori	left	True	356380	357526	left	1	2	6
6	xgy	f	19	1	diamond	red	(565, 619)	high	dis	(645, 652)	N	dif	vert	up	True	358536	360135	up	1	2	7
6	xgy	f	19	1	circle	red	(757, 540)	low	dis	(724, 619)	N	dif	vert	up	True	361388	362886	up	1	2	8
6	xgy	f	19	1	circle	red	(724, 460)	low	no	no_dis	N	dif	vert	up	True	364062	365062	up	1	2	9
6	xgy	f	19	1	circle	red	(645, 652)	low	dis	(724, 619)	N	same	hori	left	True	366194	367398	left	1	2	10
6	xgy	f	19	1	circle	red	(565, 619)	high	no	no_dis	N	same	hori	left	True	368434	369862	left	1	2	11
6	xgy	f	19	1	circle	green	(724, 619)	low	no	no_dis	N	same	vert	up	True	370909	371814	up	1	2	12
6	xgy	f	19	1	diamond	green	(724, 460)	low	dis	(757, 540)	N	dif	hori	left	True	372818	373734	up	0	2	13
6	xgy	f	19	1	diamond	red	(757, 540)	low	no	no_dis	N	dif	hori	left	True	376465	377742	left	1	2	14
6	xgy	f	19	1	diamond	green	(565, 619)	high	dis	(757, 540)	N	same	hori	left	True	378965	380158	left	1	2	15
6	xgy	f	19	1	diamond	red	(565, 619)	high	dis	(724, 460)	N	dif	hori	left	True	381329	383199	left	1	2	16
6	xgy	f	19	1	circle	green	(565, 619)	high	no	no_dis	N	dif	vert	up	True	384226	385878	up	1	2	17
6	xgy	f	19	1	circle	red	(565, 619)	high	dis	(533, 540)	N	same	vert	up	True	387099	388519	up	1	2	18
6	xgy	f	19	1	diamond	green	(724, 619)	low	dis	(565, 619)	Y	same	hori	left	True	389531	391638	left	1	2	19
6	xgy	f	19	1	circle	green	(757, 540)	low	dis	(565, 619)	Y	dif	hori	left	True	392848	393918	left	1	2	20
6	xgy	f	19	1	circle	green	(565, 619)	high	dis	(565, 460)	N	same	vert	up	True	395081	396062	up	1	2	21
6	xgy	f	19	1	diamond	red	(724, 460)	low	dis	(565, 460)	N	dif	vert	up	True	397283	398422	up	1	2	22
6	xgy	f	19	1	diamond	green	(565, 619)	high	no	no_dis	N	dif	vert	up	True	399482	400678	up	1	2	23
6	xgy	f	19	1	circle	red	(565, 619)	high	no	no_dis	N	dif	vert	up	True	401712	403014	up	1	2	24
6	xgy	f	19	1	diamond	red	(757, 540)	low	dis	(533, 540)	N	same	vert	up	True	404037	405038	up	1	2	25
6	xgy	f	19	1	diamond	green	(565, 619)	high	dis	(533, 540)	N	same	vert	up	True	406113	407342	up	1	2	26
6	xgy	f	19	1	circle	green	(565, 619)	high	dis	(565, 460)	N	dif	hori	left	True	408399	409662	left	1	2	27
6	xgy	f	19	1	diamond	green	(533, 540)	low	dis	(724, 619)	N	same	hori	left	True	410694	411598	left	1	2	28
6	xgy	f	19	1	circle	red	(565, 619)	high	dis	(645, 652)	N	same	vert	up	True	412713	413942	up	1	2	29
6	xgy	f	19	1	diamond	green	(533, 540)	low	no	no_dis	N	dif	hori	left	True	415191	416102	left	1	2	30
6	xgy	f	19	1	circle	red	(565, 619)	high	no	no_dis	N	dif	vert	up	True	417112	418182	up	1	2	31
6	xgy	f	19	1	circle	red	(645, 428)	low	no	no_dis	N	same	hori	left	True	419284	420454	left	1	2	32
6	xgy	f	19	1	circle	red	(533, 540)	low	dis	(565, 619)	Y	same	hori	left	True	421552	422414	left	1	2	33
6	xgy	f	19	1	diamond	red	(565, 619)	high	no	no_dis	N	same	vert	up	True	423518	424654	up	1	2	34
6	xgy	f	19	1	diamond	green	(724, 619)	low	dis	(533, 540)	N	dif	hori	left	True	425815	427062	left	1	2	35
6	xgy	f	19	1	circle	green	(757, 540)	low	dis	(565, 619)	Y	dif	hori	left	True	428074	429662	left	1	2	36
6	xgy	f	19	1	diamond	green	(565, 619)	high	dis	(645, 428)	N	same	hori	left	True	430901	431726	left	1	2	37
6	xgy	f	19	1	diamond	red	(645, 652)	low	no	no_dis	N	same	hori	left	True	432917	433942	left	1	2	38
6	xgy	f	19	1	diamond	red	(645, 428)	low	dis	(565, 619)	Y	dif	vert	up	True	435011	436334	up	1	2	39
6	xgy	f	19	1	circle	red	(565, 619)	high	dis	(533, 540)	N	same	hori	left	True	437558	438422	left	1	2	40
6	xgy	f	19	1	circle	red	(565, 619)	high	dis	(565, 460)	N	same	hori	left	True	439633	440742	left	1	2	41
6	xgy	f	19	1	diamond	green	(565, 619)	high	dis	(645, 428)	N	dif	vert	up	True	441829	443262	up	1	2	42
6	xgy	f	19	1	diamond	green	(565, 619)	high	no	no_dis	N	same	hori	left	True	444368	445174	left	1	2	43
6	xgy	f	19	1	diamond	green	(757, 540)	low	dis	(645, 652)	N	same	vert	up	True	446363	447982	up	1	2	44
6	xgy	f	19	1	diamond	red	(565, 619)	high	dis	(565, 460)	N	dif	hori	left	True	449188	450182	left	1	2	45
6	xgy	f	19	1	diamond	red	(565, 460)	low	dis	(645, 428)	N	same	vert	up	True	451252	452654	up	1	2	46
6	xgy	f	19	1	circle	green	(724, 619)	low	dis	(757, 540)	N	same	vert	up	True	453724	455414	up	1	2	47
6	xgy	f	19	1	circle	green	(565, 619)	high	dis	(757, 540)	N	same	hori	left	True	456646	457734	left	1	2	48
6	xgy	f	19	1	diamond	green	(645, 428)	low	dis	(565, 619)	Y	same	hori	left	True	458926	460326	left	1	2	49
6	xgy	f	19	1	diamond	green	(565, 619)	high	dis	(565, 460)	N	dif	hori	left	True	461495	462357	left	1	2	50
6	xgy	f	19	1	circle	red	(565, 619)	high	dis	(645, 428)	N	dif	vert	up	True	463447	464557	up	1	2	51
6	xgy	f	19	1	circle	green	(565, 619)	high	dis	(724, 460)	N	dif	vert	up	True	465739	466558	up	1	2	52
6	xgy	f	19	1	diamond	green	(565, 619)	high	dis	(645, 652)	N	same	vert	up	True	467700	469686	up	1	2	53
6	xgy	f	19	1	diamond	green	(565, 619)	high	dis	(724, 619)	N	dif	hori	left	True	470740	471621	left	1	2	54
6	xgy	f	19	1	circle	green	(565, 619)	high	no	no_dis	N	dif	vert	up	True	472791	473621	up	1	2	55
6	xgy	f	19	1	diamond	green	(565, 619)	high	no	no_dis	N	same	vert	up	True	474863	475854	up	1	2	56
6	xgy	f	19	1	circle	red	(724, 460)	low	dis	(645, 652)	N	dif	vert	up	True	476864	478558	up	1	2	57
6	xgy	f	19	1	circle	red	(565, 619)	high	no	no_dis	N	dif	hori	left	True	479722	480854	left	1	2	58
6	xgy	f	19	1	diamond	red	(565, 619)	high	dis	(757, 540)	N	same	vert	up	True	481940	483718	up	1	2	59
6	xgy	f	19	1	diamond	green	(565, 619)	high	dis	(645, 428)	N	dif	vert	up	True	484941	486478	up	1	2	60
6	xgy	f	19	1	diamond	red	(645, 652)	low	dis	(645, 428)	N	same	vert	up	True	487615	489006	up	1	2	61
6	xgy	f	19	1	diamond	red	(757, 540)	low	no	no_dis	N	dif	vert	up	True	490258	491542	up	1	2	62
6	xgy	f	19	1	diamond	red	(565, 619)	high	dis	(757, 540)	N	same	hori	left	True	492706	493694	left	1	2	63
6	xgy	f	19	1	diamond	red	(565, 619)	high	no	no_dis	N	dif	hori	left	True	494759	495605	left	1	2	64
6	xgy	f	19	1	diamond	red	(565, 619)	high	dis	(757, 540)	N	dif	hori	left	True	496756	497334	left	1	2	65
6	xgy	f	19	1	circle	red	(565, 619)	high	no	no_dis	N	same	hori	left	True	498384	499622	left	1	2	66
6	xgy	f	19	1	diamond	green	(533, 540)	low	no	no_dis	N	same	hori	left	True	500696	502333	left	1	2	67
6	xgy	f	19	1	circle	green	(724, 460)	low	no	no_dis	N	dif	vert	up	True	503436	504566	up	1	2	68
6	xgy	f	19	1	circle	green	(565, 619)	high	no	no_dis	N	same	hori	left	True	505790	506509	left	1	2	69
6	xgy	f	19	1	diamond	red	(724, 619)	low	dis	(565, 619)	Y	same	hori	left	True	507649	509310	left	1	2	70
6	xgy	f	19	1	circle	red	(565, 619)	high	dis	(645, 652)	N	same	vert	up	True	510445	512166	up	1	2	71
6	xgy	f	19	1	diamond	red	(565, 619)	high	dis	(724, 619)	N	dif	vert	up	True	513240	514694	up	1	2	72
6	xgy	f	19	1	diamond	green	(565, 619)	high	no	no_dis	N	same	vert	up	True	515837	517326	left	0	2	73
6	xgy	f	19	1	circle	green	(565, 619)	high	dis	(565, 460)	N	same	hori	left	True	519954	521389	left	1	2	74
6	xgy	f	19	1	diamond	red	(565, 460)	low	dis	(645, 652)	N	same	hori	left	True	522522	523485	left	1	2	75
6	xgy	f	19	1	diamond	red	(565, 619)	high	dis	(645, 652)	N	same	vert	up	True	524539	525918	up	1	2	76
6	xgy	f	19	1	diamond	green	(757, 540)	low	no	no_dis	N	dif	hori	left	True	527035	528069	left	1	2	77
6	xgy	f	19	1	circle	red	(645, 428)	low	no	no_dis	N	same	hori	left	True	529300	530366	left	1	2	78
6	xgy	f	19	1	circle	green	(724, 460)	low	dis	(645, 428)	N	dif	vert	up	True	531466	532861	up	1	2	79
6	xgy	f	19	1	circle	green	(565, 460)	low	dis	(645, 428)	N	dif	hori	left	True	534043	535470	left	1	2	80
6	xgy	f	19	1	diamond	red	(565, 619)	high	dis	(757, 540)	N	dif	hori	left	True	536492	537662	left	1	2	81
6	xgy	f	19	1	circle	green	(565, 619)	high	dis	(724, 619)	N	same	hori	left	True	538907	539686	left	1	2	82
6	xgy	f	19	1	circle	green	(565, 619)	high	dis	(533, 540)	N	dif	hori	left	True	540712	541510	left	1	2	83
6	xgy	f	19	1	circle	red	(565, 619)	high	dis	(645, 428)	N	same	vert	up	True	542715	543902	up	1	2	84
6	xgy	f	19	1	diamond	red	(533, 540)	low	dis	(565, 460)	N	dif	vert	up	True	545155	546494	up	1	2	85
6	xgy	f	19	1	circle	red	(565, 619)	high	dis	(757, 540)	N	same	hori	left	True	547658	548605	left	1	2	86
6	xgy	f	19	1	circle	red	(724, 619)	low	no	no_dis	N	same	vert	up	True	549705	551294	up	1	2	87
6	xgy	f	19	1	diamond	green	(645, 652)	low	dis	(533, 540)	N	dif	vert	up	True	552447	553614	up	1	2	88
6	xgy	f	19	1	circle	red	(565, 619)	high	dis	(724, 460)	N	dif	hori	left	True	554645	555438	left	1	2	89
6	xgy	f	19	1	diamond	red	(565, 619)	high	dis	(724, 460)	N	dif	hori	left	True	556454	557270	left	1	2	90
6	xgy	f	19	1	circle	red	(565, 619)	high	dis	(645, 652)	N	dif	vert	up	True	558521	560342	up	1	2	91
6	xgy	f	19	1	circle	green	(565, 619)	high	dis	(724, 619)	N	dif	vert	up	True	561368	562550	up	1	2	92
6	xgy	f	19	1	diamond	red	(565, 619)	high	no	no_dis	N	dif	hori	left	True	563735	564910	left	1	2	93
6	xgy	f	19	1	diamond	green	(565, 460)	low	dis	(565, 619)	Y	same	hori	left	True	566017	567414	left	1	2	94
6	xgy	f	19	1	diamond	red	(724, 460)	low	no	no_dis	N	dif	vert	up	True	568505	569566	up	1	2	95
6	xgy	f	19	1	circle	red	(565, 619)	high	no	no_dis	N	same	vert	up	True	570590	571678	up	1	2	96
6	xgy	f	19	1	diamond	green	(565, 619)	high	dis	(533, 540)	N	dif	hori	left	True	572836	574142	left	1	2	97
6	xgy	f	19	1	circle	red	(724, 619)	low	dis	(565, 619)	Y	dif	vert	up	True	575171	576742	up	1	2	98
6	xgy	f	19	1	circle	red	(565, 460)	low	dis	(724, 460)	N	same	vert	up	True	577851	578894	up	1	2	99
6	xgy	f	19	1	circle	green	(565, 619)	high	dis	(645, 652)	N	dif	vert	up	True	580107	582046	up	1	2	100
6	xgy	f	19	1	diamond	green	(565, 460)	low	no	no_dis	N	same	vert	up	True	583061	584718	up	1	2	101
6	xgy	f	19	1	circle	green	(645, 652)	low	dis	(565, 460)	N	same	vert	up	True	585775	587062	up	1	2	102
6	xgy	f	19	1	circle	green	(565, 619)	high	dis	(565, 460)	N	same	vert	up	True	588090	589237	up	1	2	103
6	xgy	f	19	1	circle	red	(565, 619)	high	dis	(724, 619)	N	same	vert	up	True	590468	591245	up	1	2	104
6	xgy	f	19	1	circle	green	(533, 540)	low	dis	(724, 460)	N	dif	hori	left	True	592466	593301	left	1	2	105
6	xgy	f	19	1	diamond	red	(565, 619)	high	dis	(645, 428)	N	dif	vert	up	True	594516	595589	left	0	2	106
6	xgy	f	19	1	diamond	green	(565, 619)	high	dis	(533, 540)	N	same	vert	up	True	598191	600333	up	1	2	107
6	xgy	f	19	1	circle	red	(565, 619)	high	dis	(724, 460)	N	dif	vert	up	True	601531	602670	up	1	2	108
6	xgy	f	19	1	circle	green	(565, 619)	high	no	no_dis	N	dif	hori	left	True	603846	604798	left	1	2	109
6	xgy	f	19	1	diamond	red	(565, 619)	high	no	no_dis	N	same	vert	up	True	605800	607909	up	1	2	110
6	xgy	f	19	1	circle	green	(565, 460)	low	no	no_dis	N	same	vert	up	True	608931	611685	up	1	2	111
6	xgy	f	19	1	circle	red	(533, 540)	low	dis	(565, 619)	Y	same	vert	up	True	612903	614645	up	1	2	112
6	xgy	f	19	1	diamond	red	(565, 619)	high	dis	(724, 619)	N	same	hori	left	True	615747	616997	left	1	2	113
6	xgy	f	19	1	diamond	green	(565, 619)	high	dis	(724, 619)	N	dif	hori	left	True	618068	619558	left	1	2	114
6	xgy	f	19	1	diamond	green	(565, 619)	high	dis	(724, 460)	N	dif	vert	up	True	620633	622373	up	1	2	115
6	xgy	f	19	1	circle	green	(565, 619)	high	dis	(724, 460)	N	same	hori	left	True	623607	624965	left	1	2	116
6	xgy	f	19	1	circle	green	(565, 619)	high	no	no_dis	N	dif	hori	left	True	626158	627437	left	1	2	117
6	xgy	f	19	1	circle	green	(645, 428)	low	dis	(724, 460)	N	dif	hori	left	True	628610	630477	left	1	2	118
6	xgy	f	19	1	circle	green	(565, 619)	high	no	no_dis	N	same	hori	left	True	631694	632694	left	1	2	119
6	xgy	f	19	1	circle	green	(565, 619)	high	dis	(533, 540)	N	same	hori	left	True	633866	634773	left	1	2	120
6	xgy	f	19	1	diamond	red	(565, 619)	high	dis	(645, 652)	N	dif	vert	up	True	667734	669590	up	1	3	1
6	xgy	f	19	1	circle	green	(757, 540)	low	no	no_dis	N	dif	vert	up	True	670683	671749	up	1	3	2
6	xgy	f	19	1	circle	red	(645, 428)	low	dis	(724, 619)	N	dif	hori	left	True	672788	673605	left	1	3	3
6	xgy	f	19	1	circle	red	(565, 619)	high	dis	(565, 460)	N	same	vert	up	True	674645	675645	up	1	3	4
6	xgy	f	19	1	circle	red	(645, 428)	low	no	no_dis	N	same	vert	up	True	676809	677622	up	1	3	5
6	xgy	f	19	1	circle	green	(565, 619)	high	no	no_dis	N	dif	hori	left	True	678832	679502	left	1	3	6
6	xgy	f	19	1	diamond	green	(565, 460)	low	dis	(724, 460)	N	same	vert	up	True	680579	681750	up	1	3	7
6	xgy	f	19	1	diamond	red	(565, 619)	high	dis	(533, 540)	N	dif	vert	up	True	682956	684542	up	1	3	8
6	xgy	f	19	1	circle	red	(565, 619)	high	no	no_dis	N	same	vert	up	True	685669	686870	up	1	3	9
6	xgy	f	19	1	diamond	green	(645, 428)	low	dis	(724, 619)	N	dif	vert	up	True	688034	689437	up	1	3	10
6	xgy	f	19	1	circle	red	(565, 619)	high	no	no_dis	N	same	hori	left	True	690473	691438	left	1	3	11
6	xgy	f	19	1	circle	red	(757, 540)	low	no	no_dis	N	same	vert	up	True	692536	693334	up	1	3	12
6	xgy	f	19	1	diamond	red	(645, 428)	low	dis	(565, 619)	Y	same	vert	up	True	694419	696093	up	1	3	13
6	xgy	f	19	1	circle	green	(565, 619)	high	dis	(757, 540)	N	dif	hori	left	True	697196	698909	left	1	3	14
6	xgy	f	19	1	diamond	red	(565, 619)	high	dis	(565, 460)	N	dif	vert	up	True	699946	701006	up	1	3	15
6	xgy	f	19	1	diamond	green	(565, 619)	high	no	no_dis	N	dif	hori	left	True	702136	703405	left	1	3	16
6	xgy	f	19	1	diamond	green	(565, 460)	low	no	no_dis	N	dif	hori	left	True	704523	705525	left	1	3	17
6	xgy	f	19	1	diamond	green	(533, 540)	low	dis	(645, 428)	N	same	vert	up	True	706731	708477	up	1	3	18
6	xgy	f	19	1	circle	red	(565, 619)	high	no	no_dis	N	same	vert	up	True	709568	710966	up	1	3	19
6	xgy	f	19	1	circle	red	(565, 619)	high	dis	(645, 428)	N	dif	hori	left	True	712036	713117	left	1	3	20
6	xgy	f	19	1	circle	red	(724, 619)	low	no	no_dis	N	dif	hori	left	True	714153	715181	left	1	3	21
6	xgy	f	19	1	circle	green	(565, 619)	high	no	no_dis	N	same	vert	up	True	716347	717134	up	1	3	22
6	xgy	f	19	1	diamond	red	(724, 619)	low	no	no_dis	N	dif	vert	up	True	718235	719533	up	1	3	23
6	xgy	f	19	1	diamond	red	(565, 460)	low	dis	(645, 428)	N	dif	hori	left	True	720765	721669	left	1	3	24
6	xgy	f	19	1	diamond	red	(565, 619)	high	dis	(724, 619)	N	same	hori	left	True	722748	723949	left	1	3	25
6	xgy	f	19	1	circle	red	(565, 619)	high	dis	(645, 428)	N	same	hori	left	True	725202	726462	left	1	3	26
6	xgy	f	19	1	circle	red	(565, 619)	high	dis	(724, 619)	N	dif	vert	up	True	727501	728774	up	1	3	27
6	xgy	f	19	1	circle	red	(565, 619)	high	no	no_dis	N	dif	hori	left	True	729911	731109	left	1	3	28
6	xgy	f	19	1	diamond	green	(565, 619)	high	dis	(645, 652)	N	dif	hori	left	True	732140	734621	left	1	3	29
6	xgy	f	19	1	circle	red	(565, 619)	high	dis	(724, 460)	N	same	vert	up	True	735786	737605	up	1	3	30
6	xgy	f	19	1	diamond	red	(565, 619)	high	dis	(565, 460)	N	same	vert	up	True	738665	739982	up	1	3	31
6	xgy	f	19	1	circle	red	(565, 619)	high	no	no_dis	N	dif	hori	left	True	741046	742141	left	1	3	32
6	xgy	f	19	1	circle	green	(565, 619)	high	dis	(565, 460)	N	dif	vert	up	True	743377	744702	up	1	3	33
6	xgy	f	19	1	diamond	red	(533, 540)	low	dis	(565, 619)	Y	dif	hori	left	True	745884	747069	up	0	3	34
6	xgy	f	19	1	circle	green	(565, 619)	high	dis	(724, 460)	N	dif	vert	up	True	749797	752261	up	1	3	35
6	xgy	f	19	1	diamond	green	(724, 619)	low	dis	(565, 619)	Y	same	vert	up	True	753410	754909	up	1	3	36
6	xgy	f	19	1	circle	green	(565, 619)	high	dis	(757, 540)	N	dif	vert	up	True	756111	758022	up	1	3	37
6	xgy	f	19	1	diamond	green	(565, 619)	high	dis	(645, 428)	N	dif	hori	left	True	759233	760317	left	1	3	38
6	xgy	f	19	1	circle	green	(565, 619)	high	no	no_dis	N	same	hori	left	True	761342	762341	left	1	3	39
6	xgy	f	19	1	diamond	green	(565, 619)	high	dis	(724, 619)	N	dif	hori	left	True	763467	764462	left	1	3	40
6	xgy	f	19	1	circle	green	(565, 619)	high	dis	(757, 540)	N	dif	hori	left	True	765492	766813	left	1	3	41
6	xgy	f	19	1	circle	green	(565, 619)	high	dis	(645, 652)	N	same	vert	up	True	767918	769037	up	1	3	42
6	xgy	f	19	1	diamond	red	(533, 540)	low	dis	(724, 460)	N	dif	hori	left	True	770191	771461	left	1	3	43
6	xgy	f	19	1	circle	red	(565, 619)	high	dis	(724, 619)	N	same	hori	left	True	772493	773565	left	1	3	44
6	xgy	f	19	1	circle	green	(565, 619)	high	dis	(757, 540)	N	same	hori	left	True	774729	775701	left	1	3	45
6	xgy	f	19	1	diamond	red	(565, 619)	high	dis	(645, 652)	N	dif	hori	left	True	776787	777701	left	1	3	46
6	xgy	f	19	1	diamond	green	(565, 619)	high	no	no_dis	N	dif	hori	left	True	778824	779909	left	1	3	47
6	xgy	f	19	1	circle	green	(533, 540)	low	no	no_dis	N	same	hori	left	True	781085	783526	left	1	3	48
6	xgy	f	19	1	circle	green	(533, 540)	low	dis	(724, 460)	N	same	vert	up	True	784743	785941	up	1	3	49
6	xgy	f	19	1	circle	red	(533, 540)	low	dis	(757, 540)	N	dif	vert	up	True	787060	788030	up	1	3	50
6	xgy	f	19	1	diamond	red	(724, 619)	low	dis	(533, 540)	N	dif	vert	up	True	789196	791157	up	1	3	51
6	xgy	f	19	1	diamond	red	(565, 619)	high	no	no_dis	N	dif	vert	up	True	792356	794397	up	1	3	52
6	xgy	f	19	1	circle	red	(565, 619)	high	dis	(724, 460)	N	dif	vert	up	True	795516	796733	up	1	3	53
6	xgy	f	19	1	circle	green	(565, 619)	high	dis	(565, 460)	N	dif	hori	left	True	797760	798837	left	1	3	54
6	xgy	f	19	1	diamond	red	(565, 619)	high	no	no_dis	N	dif	vert	up	True	799866	801333	up	1	3	55
6	xgy	f	19	1	diamond	green	(565, 619)	high	dis	(757, 540)	N	same	hori	left	True	802571	804981	left	1	3	56
6	xgy	f	19	1	circle	red	(565, 619)	high	dis	(757, 540)	N	same	vert	up	True	806008	807141	up	1	3	57
6	xgy	f	19	1	diamond	red	(565, 619)	high	no	no_dis	N	same	hori	left	True	808382	809365	left	1	3	58
6	xgy	f	19	1	circle	green	(645, 428)	low	dis	(645, 652)	N	dif	hori	left	True	810414	811741	left	1	3	59
6	xgy	f	19	1	circle	red	(565, 619)	high	no	no_dis	N	dif	vert	up	True	812779	813885	up	1	3	60
6	xgy	f	19	1	diamond	red	(757, 540)	low	dis	(565, 619)	Y	dif	vert	up	True	814949	816629	up	1	3	61
6	xgy	f	19	1	diamond	green	(645, 652)	low	dis	(565, 460)	N	dif	hori	left	True	817707	818653	left	1	3	62
6	xgy	f	19	1	diamond	red	(724, 460)	low	dis	(565, 619)	Y	dif	hori	left	True	819834	820885	left	1	3	63
6	xgy	f	19	1	diamond	red	(645, 652)	low	dis	(757, 540)	N	dif	vert	up	True	822042	823229	up	1	3	64
6	xgy	f	19	1	diamond	red	(645, 428)	low	no	no_dis	N	dif	vert	up	True	824353	825341	up	1	3	65
6	xgy	f	19	1	circle	green	(565, 619)	high	dis	(533, 540)	N	same	hori	left	True	826444	827629	left	1	3	66
6	xgy	f	19	1	diamond	red	(565, 619)	high	dis	(565, 460)	N	dif	hori	left	True	828769	829613	left	1	3	67
6	xgy	f	19	1	circle	green	(565, 619)	high	no	no_dis	N	same	hori	left	True	830812	831541	left	1	3	68
6	xgy	f	19	1	circle	red	(565, 619)	high	dis	(724, 619)	N	same	vert	up	True	832765	833845	up	1	3	69
6	xgy	f	19	1	circle	red	(565, 619)	high	dis	(565, 460)	N	same	hori	left	True	834936	835709	left	1	3	70
6	xgy	f	19	1	circle	red	(645, 652)	low	dis	(757, 540)	N	dif	vert	up	True	836762	837661	up	1	3	71
6	xgy	f	19	1	circle	green	(724, 619)	low	no	no_dis	N	same	hori	left	True	838895	840069	left	1	3	72
6	xgy	f	19	1	diamond	red	(724, 460)	low	no	no_dis	N	same	hori	left	True	841080	842661	left	1	3	73
6	xgy	f	19	1	circle	red	(757, 540)	low	dis	(565, 619)	Y	dif	hori	left	True	843701	844533	up	0	3	74
6	xgy	f	19	1	diamond	red	(565, 619)	high	dis	(645, 652)	N	same	vert	up	True	847190	848205	up	1	3	75
6	xgy	f	19	1	diamond	red	(533, 540)	low	no	no_dis	N	same	vert	up	True	849361	850549	up	1	3	76
6	xgy	f	19	1	circle	red	(724, 460)	low	no	no_dis	N	dif	hori	left	True	851666	852765	left	1	3	77
6	xgy	f	19	1	diamond	green	(565, 619)	high	no	no_dis	N	dif	vert	up	True	853858	855213	up	1	3	78
6	xgy	f	19	1	diamond	green	(565, 619)	high	dis	(645, 428)	N	dif	hori	left	True	856234	858157	left	1	3	79
6	xgy	f	19	1	circle	green	(565, 460)	low	dis	(565, 619)	Y	same	hori	left	True	859379	860869	left	1	3	80
6	xgy	f	19	1	diamond	red	(565, 619)	high	dis	(533, 540)	N	same	hori	left	True	861924	863125	left	1	3	81
6	xgy	f	19	1	diamond	green	(565, 619)	high	dis	(533, 540)	N	dif	vert	up	True	864373	866133	up	1	3	82
6	xgy	f	19	1	diamond	green	(565, 619)	high	dis	(724, 460)	N	same	vert	up	True	867162	868917	up	1	3	83
6	xgy	f	19	1	diamond	red	(565, 619)	high	no	no_dis	N	same	vert	up	True	869957	871013	up	1	3	84
6	xgy	f	19	1	circle	green	(565, 619)	high	dis	(724, 460)	N	same	hori	left	True	872162	873725	left	1	3	85
6	xgy	f	19	1	diamond	green	(565, 619)	high	no	no_dis	N	same	hori	left	True	874894	876228	left	1	3	86
6	xgy	f	19	1	circle	green	(724, 619)	low	dis	(645, 652)	N	same	vert	up	True	877269	879429	up	1	3	87
6	xgy	f	19	1	diamond	green	(565, 619)	high	dis	(724, 619)	N	same	vert	up	True	880497	882101	up	1	3	88
6	xgy	f	19	1	circle	green	(565, 619)	high	dis	(757, 540)	N	same	hori	left	True	883217	884093	left	1	3	89
6	xgy	f	19	1	circle	red	(565, 460)	low	dis	(533, 540)	N	same	hori	left	True	885312	887149	left	1	3	90
6	xgy	f	19	1	circle	red	(565, 619)	high	dis	(533, 540)	N	dif	hori	left	True	888239	889693	left	1	3	91
6	xgy	f	19	1	circle	green	(565, 460)	low	no	no_dis	N	dif	hori	left	True	890817	891893	left	1	3	92
6	xgy	f	19	1	diamond	green	(757, 540)	low	dis	(724, 619)	N	same	hori	left	True	892966	894437	left	1	3	93
6	xgy	f	19	1	diamond	green	(565, 619)	high	no	no_dis	N	same	vert	up	True	895454	896348	up	1	3	94
6	xgy	f	19	1	circle	red	(565, 460)	low	dis	(645, 428)	N	dif	vert	up	True	897434	898661	up	1	3	95
6	xgy	f	19	1	diamond	red	(565, 619)	high	no	no_dis	N	same	hori	left	True	899893	901029	left	1	3	96
6	xgy	f	19	1	circle	green	(565, 619)	high	dis	(645, 652)	N	dif	vert	up	True	902172	903525	up	1	3	97
6	xgy	f	19	1	diamond	green	(757, 540)	low	dis	(533, 540)	N	same	hori	left	True	904568	906021	left	1	3	98
6	xgy	f	19	1	diamond	red	(565, 619)	high	no	no_dis	N	dif	vert	up	True	907072	908085	up	1	3	99
6	xgy	f	19	1	circle	red	(565, 619)	high	dis	(645, 652)	N	dif	vert	up	True	909264	911173	up	1	3	100
6	xgy	f	19	1	diamond	red	(565, 619)	high	dis	(533, 540)	N	same	vert	up	True	912197	914533	up	1	3	101
6	xgy	f	19	1	circle	green	(645, 652)	low	dis	(724, 619)	N	same	hori	left	True	915725	916845	left	1	3	102
6	xgy	f	19	1	diamond	green	(645, 652)	low	no	no_dis	N	dif	vert	up	True	917922	920101	up	1	3	103
6	xgy	f	19	1	diamond	green	(565, 619)	high	no	no_dis	N	dif	hori	left	True	921122	923213	left	1	3	104
6	xgy	f	19	1	diamond	green	(724, 460)	low	dis	(565, 619)	Y	same	vert	up	True	924402	926109	up	1	3	105
6	xgy	f	19	1	diamond	green	(565, 619)	high	dis	(724, 460)	N	same	vert	up	True	927248	928277	up	1	3	106
6	xgy	f	19	1	circle	green	(724, 460)	low	dis	(565, 460)	N	same	hori	left	True	929370	930436	left	1	3	107
6	xgy	f	19	1	circle	green	(565, 619)	high	no	no_dis	N	same	vert	up	True	931659	932533	up	1	3	108
6	xgy	f	19	1	diamond	red	(565, 619)	high	dis	(533, 540)	N	same	hori	left	True	933612	935213	left	1	3	109
6	xgy	f	19	1	circle	red	(724, 619)	low	dis	(565, 460)	N	same	hori	left	True	936228	937716	left	1	3	110
6	xgy	f	19	1	diamond	green	(565, 619)	high	dis	(645, 428)	N	dif	hori	left	True	938796	939749	left	1	3	111
6	xgy	f	19	1	diamond	green	(565, 619)	high	dis	(724, 460)	N	dif	vert	up	True	940946	941693	left	0	3	112
6	xgy	f	19	1	circle	green	(565, 619)	high	no	no_dis	N	dif	vert	up	True	944264	945877	up	1	3	113
6	xgy	f	19	1	diamond	red	(565, 619)	high	dis	(645, 428)	N	same	vert	up	True	947032	948229	up	1	3	114
6	xgy	f	19	1	circle	green	(757, 540)	low	dis	(565, 619)	Y	same	hori	left	True	949334	950781	left	1	3	115
6	xgy	f	19	1	diamond	green	(724, 460)	low	no	no_dis	N	same	vert	up	True	952004	952989	up	1	3	116
6	xgy	f	19	1	circle	red	(724, 460)	low	dis	(565, 619)	Y	dif	vert	up	True	954040	955181	up	1	3	117
6	xgy	f	19	1	diamond	green	(565, 619)	high	dis	(645, 428)	N	same	hori	left	True	956194	956973	left	1	3	118
6	xgy	f	19	1	circle	green	(724, 460)	low	dis	(645, 652)	N	same	vert	up	True	958211	959364	up	1	3	119
6	xgy	f	19	1	diamond	green	(645, 652)	low	no	no_dis	N	same	hori	left	True	960426	961725	left	1	3	120
6	xgy	f	19	1	circle	green	(565, 619)	high	dis	(757, 540)	N	same	vert	up	True	1000867	1002053	up	1	4	1
6	xgy	f	19	1	diamond	red	(565, 619)	high	dis	(724, 460)	N	same	vert	up	True	1003302	1004276	up	1	4	2
6	xgy	f	19	1	circle	red	(565, 619)	high	dis	(645, 428)	N	same	vert	up	True	1005297	1006124	up	1	4	3
6	xgy	f	19	1	diamond	green	(565, 619)	high	dis	(565, 460)	N	same	vert	up	True	1007195	1008229	up	1	4	4
6	xgy	f	19	1	circle	red	(757, 540)	low	no	no_dis	N	same	hori	left	True	1009341	1010205	left	1	4	5
6	xgy	f	19	1	diamond	red	(565, 619)	high	dis	(565, 460)	N	same	vert	up	True	1011246	1012140	up	1	4	6
6	xgy	f	19	1	diamond	green	(565, 619)	high	dis	(645, 428)	N	same	vert	up	True	1013382	1014629	up	1	4	7
6	xgy	f	19	1	circle	red	(565, 619)	high	no	no_dis	N	dif	vert	up	True	1015855	1017253	up	1	4	8
6	xgy	f	19	1	diamond	red	(565, 619)	high	no	no_dis	N	same	hori	left	True	1018471	1019421	left	1	4	9
6	xgy	f	19	1	diamond	green	(565, 460)	low	no	no_dis	N	same	vert	up	True	1020470	1022205	up	1	4	10
6	xgy	f	19	1	diamond	red	(565, 619)	high	dis	(724, 619)	N	dif	vert	up	True	1023295	1024333	up	1	4	11
6	xgy	f	19	1	diamond	red	(565, 619)	high	dis	(645, 652)	N	same	hori	left	True	1025338	1026133	left	1	4	12
6	xgy	f	19	1	circle	red	(645, 428)	low	dis	(724, 619)	N	dif	vert	up	True	1027271	1028461	up	1	4	13
6	xgy	f	19	1	diamond	green	(533, 540)	low	no	no_dis	N	dif	vert	up	True	1029639	1030717	up	1	4	14
6	xgy	f	19	1	diamond	red	(533, 540)	low	no	no_dis	N	same	hori	left	True	1031820	1032932	left	1	4	15
6	xgy	f	19	1	circle	green	(724, 619)	low	no	no_dis	N	same	vert	up	True	1034043	1034997	up	1	4	16
6	xgy	f	19	1	diamond	green	(645, 652)	low	dis	(533, 540)	N	dif	hori	left	True	1036073	1037821	left	1	4	17
6	xgy	f	19	1	diamond	red	(724, 619)	low	dis	(565, 460)	N	same	vert	up	True	1038948	1040133	up	1	4	18
6	xgy	f	19	1	circle	red	(645, 652)	low	dis	(724, 619)	N	dif	hori	left	True	1041256	1043133	left	1	4	19
6	xgy	f	19	1	circle	green	(645, 652)	low	no	no_dis	N	dif	vert	up	True	1044336	1045764	up	1	4	20
6	xgy	f	19	1	diamond	green	(565, 619)	high	dis	(757, 540)	N	same	hori	left	True	1046987	1048076	left	1	4	21
6	xgy	f	19	1	circle	red	(565, 619)	high	dis	(645, 652)	N	same	hori	left	True	1049239	1050556	left	1	4	22
6	xgy	f	19	1	diamond	green	(565, 619)	high	dis	(757, 540)	N	dif	hori	left	True	1051612	1053564	up	0	4	23
6	xgy	f	19	1	circle	green	(565, 619)	high	dis	(645, 652)	N	dif	hori	left	True	1056157	1057109	left	1	4	24
6	xgy	f	19	1	circle	green	(565, 619)	high	dis	(757, 540)	N	same	hori	left	True	1058342	1059349	left	1	4	25
6	xgy	f	19	1	diamond	green	(565, 619)	high	no	no_dis	N	dif	hori	left	True	1060426	1061748	left	1	4	26
6	xgy	f	19	1	diamond	red	(565, 619)	high	no	no_dis	N	same	hori	left	True	1062867	1063821	left	1	4	27
6	xgy	f	19	1	circle	green	(565, 619)	high	dis	(724, 460)	N	same	vert	up	True	1064995	1066108	up	1	4	28
6	xgy	f	19	1	circle	red	(565, 619)	high	dis	(724, 619)	N	same	hori	left	True	1067141	1068188	left	1	4	29
6	xgy	f	19	1	diamond	red	(533, 540)	low	dis	(645, 428)	N	same	hori	left	True	1069397	1070676	left	1	4	30
6	xgy	f	19	1	diamond	green	(565, 619)	high	dis	(565, 460)	N	dif	vert	up	True	1071839	1073156	up	1	4	31
6	xgy	f	19	1	diamond	green	(565, 619)	high	no	no_dis	N	same	vert	up	True	1074386	1075748	up	1	4	32
6	xgy	f	19	1	diamond	red	(565, 460)	low	dis	(645, 652)	N	dif	vert	up	True	1076816	1078653	up	1	4	33
6	xgy	f	19	1	circle	red	(565, 619)	high	dis	(757, 540)	N	dif	hori	left	True	1079764	1080981	left	1	4	34
6	xgy	f	19	1	circle	red	(565, 619)	high	no	no_dis	N	same	hori	left	True	1082047	1083221	left	1	4	35
6	xgy	f	19	1	diamond	green	(565, 619)	high	dis	(724, 460)	N	same	vert	up	True	1084363	1086197	up	1	4	36
6	xgy	f	19	1	circle	green	(533, 540)	low	dis	(757, 540)	N	dif	vert	up	True	1087226	1089021	up	1	4	37
6	xgy	f	19	1	circle	green	(565, 619)	high	no	no_dis	N	same	vert	up	True	1090039	1091093	up	1	4	38
6	xgy	f	19	1	circle	red	(565, 619)	high	dis	(645, 652)	N	dif	hori	left	True	1092212	1093212	left	1	4	39
6	xgy	f	19	1	circle	red	(565, 619)	high	dis	(645, 652)	N	dif	vert	up	True	1094255	1095036	up	1	4	40
6	xgy	f	19	1	diamond	red	(565, 619)	high	dis	(645, 428)	N	dif	vert	up	True	1096049	1097252	left	0	4	41
6	xgy	f	19	1	circle	red	(565, 619)	high	dis	(533, 540)	N	dif	hori	left	True	1099798	1100924	left	1	4	42
6	xgy	f	19	1	circle	green	(565, 619)	high	dis	(565, 460)	N	dif	vert	up	True	1102102	1104012	up	1	4	43
6	xgy	f	19	1	circle	green	(565, 619)	high	no	no_dis	N	same	vert	up	True	1105049	1106053	up	1	4	44
6	xgy	f	19	1	circle	red	(565, 619)	high	no	no_dis	N	same	hori	left	True	1107184	1107933	left	1	4	45
6	xgy	f	19	1	diamond	green	(565, 460)	low	dis	(757, 540)	N	dif	hori	left	True	1109105	1110757	left	1	4	46
6	xgy	f	19	1	circle	green	(724, 460)	low	no	no_dis	N	same	hori	left	True	1111937	1113117	left	1	4	47
6	xgy	f	19	1	diamond	red	(565, 619)	high	dis	(724, 460)	N	same	hori	left	True	1114242	1115373	left	1	4	48
6	xgy	f	19	1	circle	red	(757, 540)	low	dis	(533, 540)	N	dif	vert	up	True	1116429	1117269	up	1	4	49
6	xgy	f	19	1	circle	green	(565, 619)	high	no	no_dis	N	dif	hori	left	True	1118513	1119276	left	1	4	50
6	xgy	f	19	1	diamond	red	(645, 652)	low	dis	(565, 460)	N	same	vert	up	True	1120355	1121829	up	1	4	51
6	xgy	f	19	1	diamond	red	(565, 619)	high	dis	(724, 619)	N	dif	hori	left	True	1122994	1124404	left	1	4	52
6	xgy	f	19	1	diamond	green	(565, 619)	high	no	no_dis	N	dif	hori	left	True	1125473	1127884	left	1	4	53
6	xgy	f	19	1	diamond	red	(565, 619)	high	dis	(645, 652)	N	dif	hori	left	True	1129058	1130356	left	1	4	54
6	xgy	f	19	1	circle	green	(565, 619)	high	dis	(645, 652)	N	same	vert	up	True	1131427	1132629	up	1	4	55
6	xgy	f	19	1	circle	green	(565, 619)	high	no	no_dis	N	same	vert	up	True	1133764	1134908	up	1	4	56
6	xgy	f	19	1	circle	red	(565, 619)	high	dis	(533, 540)	N	same	hori	left	True	1136044	1137740	left	1	4	57
6	xgy	f	19	1	diamond	red	(565, 460)	low	dis	(645, 652)	N	dif	vert	up	True	1138941	1140532	up	1	4	58
6	xgy	f	19	1	circle	red	(757, 540)	low	dis	(565, 619)	Y	dif	hori	left	True	1141621	1143085	left	1	4	59
6	xgy	f	19	1	circle	red	(757, 540)	low	no	no_dis	N	dif	hori	left	True	1144280	1145453	left	1	4	60
6	xgy	f	19	1	diamond	green	(565, 619)	high	dis	(533, 540)	N	same	vert	up	True	1146521	1147893	up	1	4	61
6	xgy	f	19	1	diamond	red	(724, 460)	low	no	no_dis	N	dif	hori	left	True	1148988	1151156	left	1	4	62
6	xgy	f	19	1	circle	red	(565, 619)	high	no	no_dis	N	same	hori	left	True	1152289	1153364	left	1	4	63
6	xgy	f	19	1	diamond	green	(533, 540)	low	dis	(565, 619)	Y	dif	hori	left	True	1154558	1156933	left	1	4	64
6	xgy	f	19	1	circle	green	(565, 619)	high	dis	(724, 619)	N	same	hori	left	True	1158103	1159725	left	1	4	65
6	xgy	f	19	1	circle	red	(565, 619)	high	dis	(724, 619)	N	dif	hori	left	True	1160866	1162588	left	1	4	66
6	xgy	f	19	1	diamond	red	(565, 619)	high	no	no_dis	N	dif	vert	up	True	1163607	1165732	up	1	4	67
6	xgy	f	19	1	circle	green	(724, 460)	low	dis	(724, 619)	N	same	hori	left	True	1166842	1167917	left	1	4	68
6	xgy	f	19	1	circle	red	(533, 540)	low	dis	(565, 619)	Y	same	hori	left	True	1169141	1170252	left	1	4	69
6	xgy	f	19	1	circle	green	(724, 460)	low	no	no_dis	N	dif	hori	left	True	1171414	1172293	left	1	4	70
6	xgy	f	19	1	diamond	green	(565, 619)	high	no	no_dis	N	same	hori	left	True	1173339	1174573	left	1	4	71
6	xgy	f	19	1	circle	green	(565, 619)	high	dis	(565, 460)	N	same	hori	left	True	1175659	1177548	left	1	4	72
6	xgy	f	19	1	diamond	red	(565, 619)	high	dis	(645, 428)	N	same	hori	left	True	1178713	1179980	left	1	4	73
6	xgy	f	19	1	circle	red	(645, 428)	low	no	no_dis	N	same	vert	up	True	1181126	1182260	up	1	4	74
6	xgy	f	19	1	circle	green	(565, 619)	high	dis	(533, 540)	N	same	vert	up	True	1183443	1184644	up	1	4	75
6	xgy	f	19	1	diamond	green	(565, 619)	high	no	no_dis	N	dif	vert	up	True	1185807	1186973	up	1	4	76
6	xgy	f	19	1	diamond	red	(724, 460)	low	dis	(533, 540)	N	same	hori	left	True	1188050	1190052	up	0	4	77
6	xgy	f	19	1	diamond	green	(565, 619)	high	no	no_dis	N	dif	hori	left	True	1192793	1194533	left	1	4	78
6	xgy	f	19	1	circle	red	(565, 619)	high	dis	(757, 540)	N	dif	vert	up	True	1195544	1196844	up	1	4	79
6	xgy	f	19	1	diamond	green	(645, 428)	low	dis	(533, 540)	N	dif	hori	left	True	1198034	1199780	left	1	4	80
6	xgy	f	19	1	circle	red	(565, 619)	high	dis	(757, 540)	N	dif	vert	up	True	1200906	1202076	up	1	4	81
6	xgy	f	19	1	circle	red	(565, 619)	high	no	no_dis	N	same	vert	up	True	1203244	1204661	up	1	4	82
6	xgy	f	19	1	circle	red	(724, 460)	low	dis	(645, 428)	N	same	vert	up	True	1205861	1207117	up	1	4	83
6	xgy	f	19	1	diamond	green	(724, 619)	low	dis	(565, 619)	Y	same	vert	up	True	1208268	1209773	up	1	4	84
6	xgy	f	19	1	diamond	green	(565, 619)	high	dis	(724, 460)	N	dif	vert	up	True	1210780	1212204	up	1	4	85
6	xgy	f	19	1	circle	red	(645, 428)	low	no	no_dis	N	same	vert	up	True	1213232	1215060	up	1	4	86
6	xgy	f	19	1	diamond	red	(724, 619)	low	no	no_dis	N	same	hori	left	True	1216153	1217524	left	1	4	87
6	xgy	f	19	1	circle	green	(757, 540)	low	dis	(645, 652)	N	same	hori	left	True	1218610	1220132	left	1	4	88
6	xgy	f	19	1	diamond	red	(565, 460)	low	no	no_dis	N	dif	hori	left	True	1221177	1222596	left	1	4	89
6	xgy	f	19	1	diamond	green	(724, 460)	low	dis	(565, 619)	Y	same	vert	up	True	1223810	1225365	up	1	4	90
6	xgy	f	19	1	circle	red	(565, 619)	high	no	no_dis	N	dif	vert	up	True	1226458	1227612	up	1	4	91
6	xgy	f	19	1	circle	green	(565, 619)	high	dis	(724, 460)	N	dif	hori	left	True	1228799	1229949	left	1	4	92
6	xgy	f	19	1	diamond	green	(565, 460)	low	no	no_dis	N	dif	vert	up	True	1231101	1232396	up	1	4	93
6	xgy	f	19	1	diamond	green	(757, 540)	low	dis	(565, 619)	Y	dif	hori	left	True	1233571	1235228	left	1	4	94
6	xgy	f	19	1	diamond	green	(645, 652)	low	dis	(724, 460)	N	dif	vert	up	True	1236424	1238076	up	1	4	95
6	xgy	f	19	1	diamond	red	(565, 619)	high	no	no_dis	N	dif	vert	up	True	1239266	1240492	up	1	4	96
6	xgy	f	19	1	circle	red	(565, 619)	high	dis	(645, 428)	N	same	hori	left	True	1241504	1242596	left	1	4	97
6	xgy	f	19	1	circle	green	(724, 619)	low	dis	(757, 540)	N	dif	vert	up	True	1243786	1245196	up	1	4	98
6	xgy	f	19	1	diamond	green	(645, 652)	low	no	no_dis	N	dif	vert	up	True	1246214	1247260	up	1	4	99
6	xgy	f	19	1	circle	green	(645, 428)	low	dis	(565, 619)	Y	dif	hori	left	True	1248315	1250060	left	1	4	100
6	xgy	f	19	1	circle	green	(565, 619)	high	no	no_dis	N	dif	hori	left	True	1251120	1252420	left	1	4	101
6	xgy	f	19	1	circle	red	(565, 460)	low	dis	(565, 619)	Y	same	vert	up	True	1253428	1254796	up	1	4	102
6	xgy	f	19	1	circle	green	(565, 619)	high	no	no_dis	N	dif	hori	left	True	1256031	1257012	left	1	4	103
6	xgy	f	19	1	diamond	green	(565, 619)	high	dis	(645, 428)	N	dif	vert	up	True	1258112	1259236	up	1	4	104
6	xgy	f	19	1	diamond	green	(565, 619)	high	dis	(724, 619)	N	dif	hori	left	True	1260270	1262092	left	1	4	105
6	xgy	f	19	1	circle	green	(645, 652)	low	dis	(724, 460)	N	same	hori	left	True	1263242	1265516	left	1	4	106
6	xgy	f	19	1	diamond	red	(565, 619)	high	dis	(565, 460)	N	dif	vert	up	True	1266661	1268356	up	1	4	107
6	xgy	f	19	1	circle	green	(565, 619)	high	dis	(645, 428)	N	same	vert	up	True	1269497	1270740	up	1	4	108
6	xgy	f	19	1	diamond	red	(565, 619)	high	no	no_dis	N	same	vert	up	True	1271941	1273060	up	1	4	109
6	xgy	f	19	1	circle	green	(565, 619)	high	dis	(565, 460)	N	same	hori	left	True	1274164	1275140	left	1	4	110
6	xgy	f	19	1	diamond	red	(565, 619)	high	no	no_dis	N	dif	vert	up	True	1276294	1277740	up	1	4	111
6	xgy	f	19	1	circle	red	(724, 619)	low	dis	(724, 460)	N	same	hori	left	True	1278971	1280116	left	1	4	112
6	xgy	f	19	1	diamond	red	(565, 619)	high	dis	(533, 540)	N	dif	hori	left	True	1281197	1282421	left	1	4	113
6	xgy	f	19	1	diamond	green	(565, 619)	high	dis	(533, 540)	N	dif	vert	up	True	1283478	1285356	up	1	4	114
6	xgy	f	19	1	diamond	red	(565, 619)	high	dis	(724, 460)	N	dif	vert	up	True	1286378	1287444	up	1	4	115
6	xgy	f	19	1	circle	green	(724, 619)	low	dis	(565, 619)	Y	dif	vert	up	True	1288468	1289964	up	1	4	116
6	xgy	f	19	1	diamond	red	(757, 540)	low	dis	(565, 619)	Y	same	hori	left	True	1291171	1292732	left	1	4	117
6	xgy	f	19	1	diamond	green	(565, 619)	high	dis	(724, 619)	N	dif	hori	left	True	1293874	1294844	left	1	4	118
6	xgy	f	19	1	circle	green	(565, 460)	low	dis	(645, 428)	N	same	vert	up	True	1295922	1297228	up	1	4	119
6	xgy	f	19	1	diamond	red	(645, 428)	low	dis	(565, 460)	N	same	vert	up	True	1298259	1300707	up	1	4	120
6	xgy	f	19	1	diamond	green	(565, 619)	high	no	no_dis	N	same	hori	left	True	1344938	1346124	left	1	5	1
6	xgy	f	19	1	diamond	green	(565, 619)	high	dis	(645, 652)	N	dif	vert	up	True	1347146	1348179	up	1	5	2
6	xgy	f	19	1	circle	red	(757, 540)	low	no	no_dis	N	dif	vert	up	True	1349390	1350348	up	1	5	3
6	xgy	f	19	1	circle	green	(565, 619)	high	dis	(565, 460)	N	same	vert	up	True	1351540	1352476	up	1	5	4
6	xgy	f	19	1	diamond	green	(724, 460)	low	dis	(645, 652)	N	same	vert	up	True	1353557	1354948	up	1	5	5
6	xgy	f	19	1	diamond	red	(645, 652)	low	dis	(533, 540)	N	dif	vert	up	True	1355964	1356996	up	1	5	6
6	xgy	f	19	1	diamond	green	(565, 619)	high	no	no_dis	N	dif	vert	up	True	1358236	1359124	up	1	5	7
6	xgy	f	19	1	circle	red	(565, 619)	high	no	no_dis	N	same	vert	up	True	1360160	1361060	up	1	5	8
6	xgy	f	19	1	diamond	green	(757, 540)	low	no	no_dis	N	same	vert	up	True	1362134	1363876	up	1	5	9
6	xgy	f	19	1	diamond	green	(533, 540)	low	no	no_dis	N	dif	hori	left	True	1364940	1365859	left	1	5	10
6	xgy	f	19	1	diamond	red	(565, 619)	high	dis	(645, 652)	N	dif	hori	left	True	1366975	1368595	left	1	5	11
6	xgy	f	19	1	circle	red	(645, 428)	low	dis	(757, 540)	N	dif	vert	up	True	1369732	1371396	up	1	5	12
6	xgy	f	19	1	diamond	green	(565, 460)	low	no	no_dis	N	same	hori	left	True	1372640	1374580	left	1	5	13
6	xgy	f	19	1	circle	green	(533, 540)	low	dis	(565, 619)	Y	dif	vert	up	True	1375821	1377859	up	1	5	14
6	xgy	f	19	1	diamond	red	(724, 619)	low	no	no_dis	N	dif	hori	left	True	1378868	1380092	left	1	5	15
6	xgy	f	19	1	circle	green	(533, 540)	low	no	no_dis	N	dif	hori	left	True	1381147	1381932	left	1	5	16
6	xgy	f	19	1	diamond	green	(645, 428)	low	dis	(533, 540)	N	same	vert	up	True	1383122	1384116	up	1	5	17
6	xgy	f	19	1	circle	green	(565, 619)	high	dis	(757, 540)	N	same	hori	left	True	1385344	1386395	left	1	5	18
6	xgy	f	19	1	circle	green	(565, 619)	high	no	no_dis	N	dif	hori	left	True	1387604	1388420	left	1	5	19
6	xgy	f	19	1	circle	green	(724, 460)	low	dis	(757, 540)	N	dif	hori	left	True	1389474	1390427	left	1	5	20
6	xgy	f	19	1	diamond	green	(565, 619)	high	dis	(533, 540)	N	dif	vert	up	True	1391643	1392596	up	1	5	21
6	xgy	f	19	1	diamond	red	(565, 619)	high	dis	(565, 460)	N	same	vert	up	True	1393703	1394532	up	1	5	22
6	xgy	f	19	1	circle	red	(645, 428)	low	no	no_dis	N	dif	vert	up	True	1395737	1396604	up	1	5	23
6	xgy	f	19	1	circle	red	(565, 619)	high	dis	(645, 652)	N	same	vert	up	True	1397761	1398692	up	1	5	24
6	xgy	f	19	1	diamond	green	(565, 619)	high	dis	(533, 540)	N	dif	vert	up	True	1399794	1400915	up	1	5	25
6	xgy	f	19	1	circle	red	(565, 460)	low	dis	(724, 460)	N	dif	hori	left	True	1401958	1402884	left	1	5	26
6	xgy	f	19	1	diamond	red	(724, 460)	low	dis	(565, 619)	Y	dif	vert	up	True	1404048	1405299	up	1	5	27
6	xgy	f	19	1	diamond	red	(724, 460)	low	dis	(645, 652)	N	dif	hori	left	True	1406396	1407372	left	1	5	28
6	xgy	f	19	1	circle	green	(533, 540)	low	dis	(645, 428)	N	same	vert	up	True	1408613	1409564	up	1	5	29
6	xgy	f	19	1	circle	green	(565, 619)	high	dis	(724, 460)	N	dif	vert	up	True	1410592	1411628	up	1	5	30
6	xgy	f	19	1	diamond	red	(565, 619)	high	dis	(645, 428)	N	dif	hori	left	True	1412789	1413636	left	1	5	31
6	xgy	f	19	1	diamond	green	(533, 540)	low	dis	(645, 428)	N	dif	hori	left	True	1414773	1416524	left	1	5	32
6	xgy	f	19	1	circle	red	(565, 619)	high	dis	(645, 652)	N	dif	hori	left	True	1417755	1418956	left	1	5	33
6	xgy	f	19	1	circle	green	(645, 428)	low	dis	(565, 619)	Y	dif	vert	up	True	1420189	1421044	up	1	5	34
6	xgy	f	19	1	circle	red	(645, 428)	low	no	no_dis	N	dif	vert	up	True	1422289	1423636	up	1	5	35
6	xgy	f	19	1	diamond	green	(565, 619)	high	dis	(757, 540)	N	same	hori	left	True	1424754	1425828	left	1	5	36
6	xgy	f	19	1	circle	green	(565, 619)	high	dis	(724, 619)	N	same	vert	up	True	1426862	1428123	up	1	5	37
6	xgy	f	19	1	circle	green	(565, 460)	low	dis	(724, 619)	N	same	hori	left	True	1429322	1430076	left	1	5	38
6	xgy	f	19	1	diamond	red	(565, 460)	low	dis	(724, 460)	N	dif	vert	up	True	1431240	1432220	up	1	5	39
6	xgy	f	19	1	diamond	green	(724, 619)	low	dis	(565, 460)	N	same	vert	up	True	1433390	1434404	up	1	5	40
6	xgy	f	19	1	circle	red	(565, 619)	high	dis	(724, 460)	N	same	hori	left	True	1435601	1436484	left	1	5	41
6	xgy	f	19	1	diamond	red	(565, 619)	high	no	no_dis	N	same	vert	up	True	1437736	1438732	up	1	5	42
6	xgy	f	19	1	circle	green	(724, 619)	low	dis	(565, 619)	Y	same	hori	left	True	1439840	1440876	left	1	5	43
6	xgy	f	19	1	diamond	green	(565, 619)	high	dis	(724, 460)	N	dif	hori	left	True	1442005	1442812	left	1	5	44
6	xgy	f	19	1	diamond	green	(565, 619)	high	dis	(724, 619)	N	same	vert	up	True	1443903	1444828	up	1	5	45
6	xgy	f	19	1	diamond	green	(565, 460)	low	dis	(757, 540)	N	same	vert	up	True	1445951	1446852	up	1	5	46
6	xgy	f	19	1	circle	red	(724, 460)	low	dis	(565, 460)	N	dif	hori	left	True	1447863	1448787	left	1	5	47
6	xgy	f	19	1	diamond	green	(565, 619)	high	dis	(565, 460)	N	dif	hori	left	True	1449826	1450940	left	1	5	48
6	xgy	f	19	1	circle	green	(757, 540)	low	dis	(533, 540)	N	dif	vert	up	True	1451980	1453011	up	1	5	49
6	xgy	f	19	1	diamond	green	(565, 619)	high	no	no_dis	N	dif	hori	left	True	1454170	1455052	left	1	5	50
6	xgy	f	19	1	diamond	red	(565, 619)	high	dis	(645, 652)	N	same	vert	up	True	1456226	1457107	up	1	5	51
6	xgy	f	19	1	circle	green	(565, 619)	high	no	no_dis	N	dif	hori	left	True	1458236	1459116	left	1	5	52
6	xgy	f	19	1	circle	red	(565, 619)	high	dis	(533, 540)	N	same	hori	left	True	1460225	1461219	left	1	5	53
6	xgy	f	19	1	circle	green	(565, 619)	high	dis	(757, 540)	N	same	hori	left	True	1462258	1463188	left	1	5	54
6	xgy	f	19	1	circle	red	(565, 619)	high	no	no_dis	N	same	vert	up	True	1464310	1465131	up	1	5	55
6	xgy	f	19	1	circle	red	(565, 619)	high	dis	(757, 540)	N	dif	hori	left	True	1466366	1467268	left	1	5	56
6	xgy	f	19	1	circle	green	(565, 619)	high	no	no_dis	N	dif	vert	up	True	1468334	1469124	up	1	5	57
6	xgy	f	19	1	circle	red	(645, 428)	low	dis	(645, 652)	N	same	hori	left	True	1470350	1471155	left	1	5	58
6	xgy	f	19	1	circle	green	(565, 619)	high	dis	(645, 428)	N	dif	vert	up	True	1472350	1473219	up	1	5	59
6	xgy	f	19	1	diamond	green	(565, 619)	high	dis	(565, 460)	N	same	vert	up	True	1474270	1475500	up	1	5	60
6	xgy	f	19	1	diamond	red	(724, 619)	low	dis	(565, 619)	Y	dif	hori	left	True	1476618	1477948	left	1	5	61
6	xgy	f	19	1	circle	red	(757, 540)	low	dis	(565, 619)	Y	same	hori	left	True	1478978	1480172	left	1	5	62
6	xgy	f	19	1	circle	green	(565, 619)	high	dis	(645, 428)	N	same	hori	left	True	1481270	1482011	left	1	5	63
6	xgy	f	19	1	circle	red	(645, 652)	low	dis	(533, 540)	N	same	vert	up	True	1483232	1483995	up	1	5	64
6	xgy	f	19	1	circle	red	(565, 619)	high	dis	(757, 540)	N	same	hori	left	True	1485217	1485963	left	1	5	65
6	xgy	f	19	1	circle	green	(724, 460)	low	no	no_dis	N	same	vert	up	True	1487087	1487788	up	1	5	66
6	xgy	f	19	1	circle	red	(724, 619)	low	dis	(645, 428)	N	dif	hori	left	True	1488973	1489836	left	1	5	67
6	xgy	f	19	1	circle	red	(565, 619)	high	dis	(565, 460)	N	dif	hori	left	True	1490909	1491628	left	1	5	68
6	xgy	f	19	1	circle	green	(645, 428)	low	no	no_dis	N	same	hori	left	True	1492848	1493531	left	1	5	69
6	xgy	f	19	1	diamond	red	(565, 619)	high	no	no_dis	N	same	vert	up	True	1494600	1495380	up	1	5	70
6	xgy	f	19	1	diamond	red	(565, 619)	high	no	no_dis	N	same	vert	up	True	1496570	1497524	up	1	5	71
6	xgy	f	19	1	diamond	green	(565, 619)	high	no	no_dis	N	dif	vert	up	True	1498587	1499299	up	1	5	72
6	xgy	f	19	1	circle	green	(565, 460)	low	no	no_dis	N	same	vert	up	True	1500353	1502531	up	1	5	73
6	xgy	f	19	1	diamond	green	(645, 652)	low	dis	(565, 619)	Y	dif	hori	left	True	1503673	1505004	left	1	5	74
6	xgy	f	19	1	diamond	red	(724, 460)	low	no	no_dis	N	same	hori	left	True	1506213	1507372	left	1	5	75
6	xgy	f	19	1	circle	green	(565, 619)	high	no	no_dis	N	dif	vert	up	True	1508433	1509548	up	1	5	76
6	xgy	f	19	1	diamond	red	(565, 619)	high	no	no_dis	N	same	hori	left	True	1510778	1511851	left	1	5	77
6	xgy	f	19	1	circle	red	(565, 619)	high	dis	(724, 619)	N	same	vert	up	True	1513000	1514612	up	1	5	78
6	xgy	f	19	1	circle	red	(645, 652)	low	no	no_dis	N	same	vert	up	True	1515737	1517620	up	1	5	79
6	xgy	f	19	1	diamond	red	(724, 619)	low	no	no_dis	N	dif	hori	left	True	1518757	1519836	left	1	5	80
6	xgy	f	19	1	circle	red	(565, 619)	high	no	no_dis	N	dif	vert	up	True	1521016	1522035	up	1	5	81
6	xgy	f	19	1	diamond	red	(565, 619)	high	dis	(724, 460)	N	same	hori	left	True	1523217	1524331	left	1	5	82
6	xgy	f	19	1	circle	green	(565, 619)	high	dis	(565, 460)	N	dif	hori	left	True	1525446	1526540	left	1	5	83
6	xgy	f	19	1	circle	green	(565, 619)	high	dis	(724, 619)	N	same	vert	up	True	1527713	1528947	up	1	5	84
6	xgy	f	19	1	circle	red	(565, 619)	high	no	no_dis	N	same	hori	left	True	1530043	1530955	left	1	5	85
6	xgy	f	19	1	circle	green	(645, 652)	low	dis	(724, 619)	N	same	vert	up	True	1532173	1533292	up	1	5	86
6	xgy	f	19	1	diamond	red	(565, 619)	high	dis	(645, 652)	N	same	vert	up	True	1534357	1535731	up	1	5	87
6	xgy	f	19	1	diamond	green	(565, 619)	high	no	no_dis	N	same	hori	left	True	1536964	1537844	left	1	5	88
6	xgy	f	19	1	diamond	red	(565, 619)	high	dis	(724, 460)	N	dif	hori	left	True	1539056	1540123	left	1	5	89
6	xgy	f	19	1	diamond	red	(565, 619)	high	dis	(645, 428)	N	dif	vert	up	True	1541180	1542012	up	1	5	90
6	xgy	f	19	1	diamond	green	(757, 540)	low	dis	(565, 619)	Y	same	vert	up	True	1543121	1544419	up	1	5	91
6	xgy	f	19	1	diamond	green	(645, 652)	low	no	no_dis	N	dif	vert	up	True	1545524	1547028	up	1	5	92
6	xgy	f	19	1	diamond	green	(565, 619)	high	dis	(645, 428)	N	same	hori	left	True	1548177	1549059	left	1	5	93
6	xgy	f	19	1	diamond	green	(565, 619)	high	dis	(565, 460)	N	dif	hori	left	True	1550185	1550947	left	1	5	94
6	xgy	f	19	1	circle	green	(565, 619)	high	no	no_dis	N	same	hori	left	True	1551992	1553291	left	1	5	95
6	xgy	f	19	1	circle	red	(565, 619)	high	dis	(645, 652)	N	same	vert	up	True	1554355	1555788	up	1	5	96
6	xgy	f	19	1	diamond	red	(757, 540)	low	dis	(724, 619)	N	same	hori	left	True	1557040	1558364	left	1	5	97
6	xgy	f	19	1	diamond	red	(533, 540)	low	dis	(565, 619)	Y	same	hori	left	True	1559593	1560900	left	1	5	98
6	xgy	f	19	1	circle	red	(533, 540)	low	dis	(724, 460)	N	same	hori	left	True	1561974	1563316	left	1	5	99
6	xgy	f	19	1	circle	red	(565, 619)	high	no	no_dis	N	same	vert	up	True	1564459	1565371	up	1	5	100
6	xgy	f	19	1	circle	red	(565, 619)	high	no	no_dis	N	dif	hori	left	True	1566511	1567372	left	1	5	101
6	xgy	f	19	1	diamond	green	(565, 619)	high	dis	(724, 619)	N	dif	vert	up	True	1568453	1571132	up	1	5	102
6	xgy	f	19	1	circle	green	(565, 619)	high	dis	(724, 619)	N	dif	vert	up	True	1572316	1573668	up	1	5	103
6	xgy	f	19	1	diamond	green	(757, 540)	low	dis	(565, 460)	N	same	hori	left	True	1574893	1576100	left	1	5	104
6	xgy	f	19	1	diamond	red	(565, 619)	high	dis	(724, 619)	N	dif	hori	left	True	1577224	1578356	left	1	5	105
6	xgy	f	19	1	circle	green	(565, 619)	high	dis	(533, 540)	N	dif	vert	up	True	1579371	1580563	up	1	5	106
6	xgy	f	19	1	circle	red	(565, 619)	high	dis	(724, 460)	N	dif	vert	up	True	1581645	1582540	up	1	5	107
6	xgy	f	19	1	diamond	red	(565, 619)	high	dis	(645, 428)	N	dif	vert	up	True	1583770	1585283	up	1	5	108
6	xgy	f	19	1	diamond	red	(565, 619)	high	dis	(757, 540)	N	same	hori	left	True	1586433	1587420	left	1	5	109
6	xgy	f	19	1	diamond	red	(724, 619)	low	no	no_dis	N	same	hori	left	True	1588638	1589811	left	1	5	110
6	xgy	f	19	1	circle	red	(565, 619)	high	dis	(645, 428)	N	same	hori	left	True	1590942	1591947	left	1	5	111
6	xgy	f	19	1	circle	red	(565, 619)	high	dis	(533, 540)	N	dif	vert	up	True	1593183	1594315	up	1	5	112
6	xgy	f	19	1	diamond	green	(565, 619)	high	dis	(533, 540)	N	same	vert	up	True	1595484	1596532	up	1	5	113
6	xgy	f	19	1	diamond	red	(565, 619)	high	no	no_dis	N	dif	hori	left	True	1597678	1599108	left	1	5	114
6	xgy	f	19	1	diamond	red	(565, 619)	high	dis	(757, 540)	N	dif	hori	left	True	1600285	1601435	left	1	5	115
6	xgy	f	19	1	diamond	red	(645, 428)	low	dis	(565, 619)	Y	dif	vert	up	True	1602596	1603388	up	1	5	116
6	xgy	f	19	1	diamond	green	(565, 619)	high	no	no_dis	N	same	hori	left	True	1604526	1605260	left	1	5	117
6	xgy	f	19	1	diamond	red	(565, 619)	high	no	no_dis	N	dif	hori	left	True	1606487	1607276	left	1	5	118
6	xgy	f	19	1	circle	green	(565, 619)	high	dis	(724, 460)	N	same	hori	left	True	1608505	1609483	left	1	5	119
6	xgy	f	19	1	circle	green	(565, 619)	high	no	no_dis	N	dif	vert	up	True	1610522	1611491	up	1	5	120
6	xgy	f	19	1	diamond	green	(565, 460)	low	no	no_dis	N	dif	vert	up	True	1645778	1646916	up	1	6	1
6	xgy	f	19	1	diamond	red	(565, 619)	high	no	no_dis	N	same	vert	up	True	1647963	1649059	up	1	6	2
6	xgy	f	19	1	circle	green	(533, 540)	low	dis	(724, 619)	N	dif	hori	left	True	1650215	1651052	left	1	6	3
6	xgy	f	19	1	diamond	green	(565, 619)	high	no	no_dis	N	same	hori	left	True	1652150	1653035	left	1	6	4
6	xgy	f	19	1	circle	red	(565, 619)	high	no	no_dis	N	same	hori	left	True	1654073	1654924	left	1	6	5
6	xgy	f	19	1	circle	green	(565, 619)	high	dis	(724, 619)	N	dif	vert	up	True	1655973	1656875	up	1	6	6
6	xgy	f	19	1	diamond	red	(565, 619)	high	dis	(645, 428)	N	dif	hori	left	True	1657899	1658979	left	1	6	7
6	xgy	f	19	1	diamond	green	(565, 460)	low	no	no_dis	N	same	vert	up	True	1660167	1661115	up	1	6	8
6	xgy	f	19	1	diamond	red	(565, 619)	high	dis	(645, 428)	N	dif	hori	left	True	1662156	1662979	left	1	6	9
6	xgy	f	19	1	diamond	green	(565, 619)	high	no	no_dis	N	same	hori	left	True	1664162	1665011	left	1	6	10
6	xgy	f	19	1	diamond	green	(565, 619)	high	no	no_dis	N	same	hori	left	True	1666256	1666915	left	1	6	11
6	xgy	f	19	1	diamond	green	(565, 619)	high	no	no_dis	N	dif	vert	up	True	1668150	1668756	left	0	6	12
6	xgy	f	19	1	diamond	red	(565, 619)	high	no	no_dis	N	dif	hori	left	True	1671354	1672147	left	1	6	13
6	xgy	f	19	1	diamond	green	(565, 619)	high	dis	(533, 540)	N	dif	hori	left	True	1673373	1674707	left	1	6	14
6	xgy	f	19	1	circle	green	(565, 619)	high	no	no_dis	N	same	hori	left	True	1675945	1677100	left	1	6	15
6	xgy	f	19	1	diamond	green	(565, 619)	high	dis	(565, 460)	N	same	vert	up	True	1678154	1679187	up	1	6	16
6	xgy	f	19	1	diamond	green	(645, 428)	low	dis	(565, 619)	Y	same	hori	left	True	1680353	1682283	left	1	6	17
6	xgy	f	19	1	circle	green	(565, 619)	high	dis	(645, 428)	N	same	hori	left	True	1683330	1684659	left	1	6	18
6	xgy	f	19	1	diamond	green	(724, 619)	low	dis	(565, 619)	Y	dif	hori	left	True	1685750	1687147	left	1	6	19
6	xgy	f	19	1	circle	red	(565, 619)	high	no	no_dis	N	dif	vert	up	True	1688362	1689339	up	1	6	20
6	xgy	f	19	1	circle	red	(757, 540)	low	dis	(565, 460)	N	same	hori	left	True	1690362	1691443	left	1	6	21
6	xgy	f	19	1	circle	green	(645, 652)	low	dis	(565, 460)	N	same	hori	left	True	1692507	1693635	left	1	6	22
6	xgy	f	19	1	diamond	green	(565, 619)	high	dis	(757, 540)	N	dif	vert	up	True	1694707	1696227	up	1	6	23
6	xgy	f	19	1	diamond	red	(565, 619)	high	dis	(724, 460)	N	dif	vert	up	True	1697241	1698283	up	1	6	24
6	xgy	f	19	1	circle	green	(565, 619)	high	dis	(645, 652)	N	dif	hori	left	True	1699454	1700539	left	1	6	25
6	xgy	f	19	1	circle	green	(565, 460)	low	dis	(757, 540)	N	dif	vert	up	True	1701776	1702667	up	1	6	26
6	xgy	f	19	1	diamond	red	(565, 619)	high	dis	(724, 460)	N	dif	hori	left	True	1703704	1704763	left	1	6	27
6	xgy	f	19	1	circle	green	(724, 460)	low	no	no_dis	N	same	vert	up	True	1705796	1707067	up	1	6	28
6	xgy	f	19	1	circle	red	(565, 619)	high	no	no_dis	N	dif	vert	up	True	1708094	1709067	up	1	6	29
6	xgy	f	19	1	circle	red	(724, 619)	low	dis	(757, 540)	N	same	vert	up	True	1710070	1711371	up	1	6	30
6	xgy	f	19	1	circle	green	(645, 428)	low	dis	(565, 619)	Y	same	vert	up	True	1712599	1713675	up	1	6	31
6	xgy	f	19	1	circle	green	(565, 619)	high	dis	(645, 652)	N	dif	vert	up	True	1714795	1715795	up	1	6	32
6	xgy	f	19	1	circle	red	(724, 460)	low	dis	(645, 428)	N	dif	hori	left	True	1716919	1717899	left	1	6	33
6	xgy	f	19	1	diamond	red	(565, 619)	high	dis	(645, 652)	N	same	hori	left	True	1718909	1720979	left	1	6	34
6	xgy	f	19	1	circle	green	(565, 619)	high	dis	(645, 428)	N	dif	vert	up	True	1722039	1723259	up	1	6	35
6	xgy	f	19	1	circle	red	(724, 460)	low	no	no_dis	N	same	hori	left	True	1724290	1725499	left	1	6	36
6	xgy	f	19	1	circle	red	(757, 540)	low	dis	(533, 540)	N	dif	vert	up	True	1726594	1727579	up	1	6	37
6	xgy	f	19	1	diamond	green	(565, 619)	high	dis	(565, 460)	N	dif	vert	up	True	1728757	1729843	up	1	6	38
6	xgy	f	19	1	diamond	green	(565, 619)	high	dis	(565, 460)	N	same	hori	left	True	1731029	1732451	left	1	6	39
6	xgy	f	19	1	circle	green	(565, 619)	high	dis	(533, 540)	N	same	vert	up	True	1733571	1734803	up	1	6	40
6	xgy	f	19	1	circle	green	(565, 619)	high	dis	(724, 619)	N	dif	hori	left	True	1735869	1736763	left	1	6	41
6	xgy	f	19	1	circle	red	(565, 619)	high	no	no_dis	N	dif	hori	left	True	1737875	1738731	left	1	6	42
6	xgy	f	19	1	circle	green	(565, 619)	high	no	no_dis	N	dif	hori	left	True	1739968	1741123	left	1	6	43
6	xgy	f	19	1	diamond	red	(565, 619)	high	dis	(724, 619)	N	same	hori	left	True	1742178	1744051	left	1	6	44
6	xgy	f	19	1	circle	red	(724, 619)	low	no	no_dis	N	dif	hori	left	True	1745149	1746195	left	1	6	45
6	xgy	f	19	1	diamond	red	(645, 652)	low	no	no_dis	N	same	vert	up	True	1747314	1748875	up	1	6	46
6	xgy	f	19	1	circle	green	(645, 428)	low	no	no_dis	N	dif	vert	up	True	1749940	1750899	up	1	6	47
6	xgy	f	19	1	diamond	red	(565, 619)	high	no	no_dis	N	same	vert	up	True	1752121	1754555	up	1	6	48
6	xgy	f	19	1	diamond	green	(533, 540)	low	dis	(565, 619)	Y	dif	vert	up	True	1755582	1756851	up	1	6	49
6	xgy	f	19	1	diamond	red	(565, 619)	high	no	no_dis	N	dif	hori	left	True	1757954	1758955	left	1	6	50
6	xgy	f	19	1	diamond	green	(565, 619)	high	dis	(724, 460)	N	same	vert	up	True	1760099	1761491	up	1	6	51
6	xgy	f	19	1	circle	red	(565, 460)	low	dis	(565, 619)	Y	same	hori	left	True	1762737	1765115	left	1	6	52
6	xgy	f	19	1	circle	green	(724, 619)	low	dis	(565, 460)	N	same	vert	up	True	1766317	1767435	up	1	6	53
6	xgy	f	19	1	circle	red	(565, 619)	high	dis	(724, 619)	N	same	vert	up	True	1768485	1770267	up	1	6	54
6	xgy	f	19	1	diamond	green	(565, 619)	high	dis	(724, 460)	N	same	hori	left	True	1771303	1773867	left	1	6	55
6	xgy	f	19	1	diamond	red	(565, 460)	low	dis	(645, 428)	N	dif	vert	up	True	1774920	1776723	up	1	6	56
6	xgy	f	19	1	diamond	red	(533, 540)	low	dis	(645, 652)	N	dif	hori	left	True	1777824	1779643	left	1	6	57
6	xgy	f	19	1	circle	green	(565, 619)	high	dis	(565, 460)	N	dif	hori	left	True	1780690	1781939	left	1	6	58
6	xgy	f	19	1	circle	green	(724, 460)	low	dis	(645, 652)	N	same	vert	up	True	1783120	1784483	up	1	6	59
6	xgy	f	19	1	circle	red	(565, 619)	high	no	no_dis	N	same	vert	up	True	1785662	1787778	up	1	6	60
6	xgy	f	19	1	diamond	green	(565, 619)	high	dis	(565, 460)	N	same	vert	up	True	1788910	1791307	up	1	6	61
6	xgy	f	19	1	diamond	green	(645, 428)	low	dis	(565, 619)	Y	dif	hori	left	True	1792427	1793739	left	1	6	62
6	xgy	f	19	1	circle	red	(645, 428)	low	dis	(565, 619)	Y	same	vert	up	True	1794847	1796811	up	1	6	63
6	xgy	f	19	1	diamond	red	(757, 540)	low	dis	(565, 619)	Y	dif	vert	up	True	1798021	1800147	up	1	6	64
6	xgy	f	19	1	circle	red	(565, 619)	high	dis	(757, 540)	N	same	hori	left	True	1801200	1803315	left	1	6	65
6	xgy	f	19	1	diamond	green	(645, 652)	low	dis	(724, 619)	N	same	vert	up	True	1804392	1807123	up	1	6	66
6	xgy	f	19	1	circle	red	(533, 540)	low	dis	(724, 460)	N	same	hori	left	True	1808182	1809427	left	1	6	67
6	xgy	f	19	1	circle	red	(565, 619)	high	dis	(565, 460)	N	same	vert	up	True	1810644	1811731	up	1	6	68
6	xgy	f	19	1	diamond	red	(565, 619)	high	dis	(757, 540)	N	same	hori	left	True	1812916	1814163	left	1	6	69
6	xgy	f	19	1	circle	red	(757, 540)	low	no	no_dis	N	dif	hori	left	True	1815319	1816339	left	1	6	70
6	xgy	f	19	1	circle	green	(533, 540)	low	no	no_dis	N	dif	vert	up	True	1817433	1818706	up	1	6	71
6	xgy	f	19	1	diamond	red	(565, 619)	high	dis	(645, 652)	N	dif	vert	up	True	1819860	1821675	left	0	6	72
6	xgy	f	19	1	diamond	green	(565, 619)	high	dis	(645, 428)	N	same	vert	up	True	1824288	1825891	up	1	6	73
6	xgy	f	19	1	diamond	red	(565, 619)	high	dis	(533, 540)	N	dif	vert	up	True	1827104	1829083	up	1	6	74
6	xgy	f	19	1	circle	green	(565, 619)	high	no	no_dis	N	dif	hori	left	True	1830238	1832155	left	1	6	75
6	xgy	f	19	1	diamond	red	(565, 619)	high	no	no_dis	N	dif	vert	up	True	1833212	1834362	up	1	6	76
6	xgy	f	19	1	diamond	red	(565, 619)	high	dis	(757, 540)	N	dif	vert	up	True	1835475	1836579	up	1	6	77
6	xgy	f	19	1	diamond	red	(645, 428)	low	no	no_dis	N	same	hori	left	True	1837654	1839011	left	1	6	78
6	xgy	f	19	1	diamond	green	(565, 619)	high	dis	(645, 652)	N	same	vert	up	True	1840047	1841355	up	1	6	79
6	xgy	f	19	1	diamond	red	(565, 619)	high	no	no_dis	N	same	vert	up	True	1842520	1843691	up	1	6	80
6	xgy	f	19	1	circle	red	(565, 619)	high	dis	(724, 460)	N	same	vert	up	True	1844711	1845802	up	1	6	81
6	xgy	f	19	1	circle	green	(565, 619)	high	dis	(645, 652)	N	same	hori	left	True	1846904	1847931	left	1	6	82
6	xgy	f	19	1	circle	red	(565, 619)	high	dis	(757, 540)	N	same	hori	left	True	1849178	1850291	left	1	6	83
6	xgy	f	19	1	circle	red	(565, 619)	high	dis	(757, 540)	N	same	vert	up	True	1851372	1852851	up	1	6	84
6	xgy	f	19	1	diamond	green	(565, 460)	low	dis	(724, 460)	N	same	hori	left	True	1854069	1855859	left	1	6	85
6	xgy	f	19	1	diamond	red	(757, 540)	low	no	no_dis	N	dif	vert	up	True	1856986	1858059	up	1	6	86
6	xgy	f	19	1	circle	green	(565, 619)	high	no	no_dis	N	dif	hori	left	True	1859269	1860299	left	1	6	87
6	xgy	f	19	1	diamond	red	(645, 652)	low	dis	(565, 619)	Y	dif	vert	up	True	1861426	1863482	up	1	6	88
6	xgy	f	19	1	diamond	green	(724, 619)	low	no	no_dis	N	dif	hori	left	True	1864580	1865715	left	1	6	89
6	xgy	f	19	1	circle	red	(565, 619)	high	dis	(533, 540)	N	dif	vert	up	True	1866753	1867986	up	1	6	90
6	xgy	f	19	1	circle	red	(565, 619)	high	no	no_dis	N	same	vert	up	True	1869222	1870931	up	1	6	91
6	xgy	f	19	1	diamond	green	(565, 619)	high	no	no_dis	N	dif	vert	up	True	1872144	1873266	up	1	6	92
6	xgy	f	19	1	circle	red	(565, 619)	high	dis	(724, 619)	N	same	vert	up	True	1874474	1876195	up	1	6	93
6	xgy	f	19	1	circle	green	(565, 619)	high	no	no_dis	N	same	hori	left	True	1877342	1878354	left	1	6	94
6	xgy	f	19	1	diamond	red	(645, 428)	low	dis	(533, 540)	N	same	hori	left	True	1879510	1880851	left	1	6	95
6	xgy	f	19	1	diamond	red	(565, 619)	high	dis	(533, 540)	N	same	hori	left	True	1882041	1883323	left	1	6	96
6	xgy	f	19	1	circle	red	(565, 619)	high	dis	(565, 460)	N	dif	hori	left	True	1884559	1885979	left	1	6	97
6	xgy	f	19	1	diamond	red	(724, 619)	low	dis	(533, 540)	N	same	hori	left	True	1887124	1889523	left	1	6	98
6	xgy	f	19	1	circle	red	(565, 619)	high	dis	(724, 619)	N	same	hori	left	True	1890753	1892243	left	1	6	99
6	xgy	f	19	1	circle	red	(565, 619)	high	dis	(533, 540)	N	same	hori	left	True	1893454	1894667	left	1	6	100
6	xgy	f	19	1	circle	red	(645, 428)	low	no	no_dis	N	same	hori	left	True	1895847	1896923	left	1	6	101
6	xgy	f	19	1	circle	green	(757, 540)	low	dis	(724, 619)	N	dif	hori	left	True	1898097	1898898	left	1	6	102
6	xgy	f	19	1	circle	green	(645, 652)	low	dis	(724, 460)	N	dif	vert	up	True	1899909	1900987	up	1	6	103
6	xgy	f	19	1	diamond	green	(565, 619)	high	no	no_dis	N	dif	vert	up	True	1902178	1903539	up	1	6	104
6	xgy	f	19	1	circle	green	(565, 619)	high	dis	(645, 428)	N	dif	hori	left	True	1904760	1905851	left	1	6	105
6	xgy	f	19	1	diamond	red	(724, 460)	low	dis	(757, 540)	N	dif	hori	left	True	1907049	1908610	left	1	6	106
6	xgy	f	19	1	circle	green	(565, 619)	high	dis	(645, 428)	N	dif	vert	up	True	1909760	1911795	up	1	6	107
6	xgy	f	19	1	circle	red	(645, 652)	low	dis	(724, 619)	N	same	vert	up	True	1912942	1914266	up	1	6	108
6	xgy	f	19	1	diamond	red	(565, 619)	high	dis	(724, 460)	N	same	vert	up	True	1915446	1917723	up	1	6	109
6	xgy	f	19	1	diamond	green	(724, 460)	low	dis	(645, 652)	N	same	vert	up	True	1918731	1920051	up	1	6	110
6	xgy	f	19	1	diamond	green	(757, 540)	low	dis	(565, 619)	Y	dif	vert	up	True	1921216	1922307	up	1	6	111
6	xgy	f	19	1	circle	green	(724, 460)	low	no	no_dis	N	dif	hori	left	True	1923532	1924691	left	1	6	112
6	xgy	f	19	1	diamond	green	(565, 619)	high	dis	(757, 540)	N	dif	hori	left	True	1925748	1927283	left	1	6	113
6	xgy	f	19	1	diamond	green	(565, 619)	high	dis	(533, 540)	N	dif	hori	left	True	1928351	1929811	left	1	6	114
6	xgy	f	19	1	circle	red	(565, 619)	high	dis	(724, 460)	N	dif	vert	up	True	1930966	1932514	up	1	6	115
6	xgy	f	19	1	circle	green	(565, 619)	high	no	no_dis	N	same	vert	up	True	1933529	1934427	up	1	6	116
6	xgy	f	19	1	circle	green	(565, 619)	high	dis	(645, 652)	N	dif	hori	left	True	1935495	1936754	left	1	6	117
6	xgy	f	19	1	diamond	red	(565, 460)	low	dis	(645, 428)	N	dif	hori	left	True	1937902	1939915	left	1	6	118
6	xgy	f	19	1	diamond	red	(645, 652)	low	no	no_dis	N	same	vert	up	True	1940963	1942306	up	1	6	119
6	xgy	f	19	1	diamond	green	(533, 540)	low	no	no_dis	N	same	hori	left	True	1943529	1944586	left	1	6	120
conf	6	xgy	f	19	1	True	2001300	2007946	6	True	2007957	2014371	2
