subj	name	gender	age	runNum	shape	dist	td_dif	resp	resp_key	d_loc	t_loc	gotKey	startTime	respTime	resp	fix_loc	prac
10	xd	f	20	6	circle	green	same	hori	left	(376, 384)	(648, 384)	True	5602	6416	left	(512, 384)	testing
10	xd	f	20	6	diamond	red	same	hori	left	(512, 520)	(648, 384)	True	7589	8377	left	(512, 384)	testing
10	xd	f	20	6	circle	none	dif	vert	up	N_dis	(512, 248)	True	9549	10111	up	(512, 384)	testing
10	xd	f	20	6	circle	red	dif	hori	left	(376, 384)	(415, 287)	True	11228	11775	left	(512, 384)	testing
10	xd	f	20	6	circle	red	dif	hori	left	(648, 384)	(415, 480)	True	12988	13606	left	(512, 384)	testing
10	xd	f	20	6	circle	red	same	hori	left	(376, 384)	(648, 384)	True	14641	15128	left	(512, 384)	testing
10	xd	f	20	6	circle	red	same	hori	left	(512, 248)	(648, 384)	True	16333	16864	left	(512, 384)	testing
10	xd	f	20	6	circle	red	same	hori	left	(648, 384)	(608, 287)	True	17886	18657	left	(512, 384)	testing
10	xd	f	20	6	diamond	green	dif	vert	up	(376, 384)	(512, 248)	True	19744	20576	up	(512, 384)	testing
10	xd	f	20	6	circle	none	dif	vert	up	N_dis	(648, 384)	True	21649	22256	up	(512, 384)	testing
10	xd	f	20	6	circle	none	same	vert	up	N_dis	(415, 480)	True	23360	24038	up	(512, 384)	testing
10	xd	f	20	6	circle	green	dif	vert	up	(376, 384)	(608, 287)	True	25245	25762	up	(512, 384)	testing
10	xd	f	20	6	circle	none	same	vert	up	N_dis	(376, 384)	True	26902	27519	up	(512, 384)	testing
10	xd	f	20	6	diamond	none	dif	hori	left	N_dis	(415, 480)	True	28695	29546	left	(512, 384)	testing
10	xd	f	20	6	circle	red	same	hori	left	(376, 384)	(512, 248)	True	30605	31194	left	(512, 384)	testing
10	xd	f	20	6	circle	green	same	vert	up	(608, 480)	(608, 287)	True	32216	32838	up	(512, 384)	testing
10	xd	f	20	6	circle	red	dif	hori	left	(608, 480)	(648, 384)	True	33968	34549	left	(512, 384)	testing
10	xd	f	20	6	diamond	none	same	vert	up	N_dis	(415, 287)	True	35685	36648	up	(512, 384)	testing
10	xd	f	20	6	diamond	none	same	vert	up	N_dis	(608, 480)	True	37859	39069	up	(512, 384)	testing
10	xd	f	20	6	diamond	none	same	vert	up	N_dis	(415, 287)	True	40174	40924	up	(512, 384)	testing
10	xd	f	20	6	diamond	none	same	hori	left	N_dis	(415, 480)	True	41996	42786	left	(512, 384)	testing
10	xd	f	20	6	circle	green	same	hori	left	(415, 287)	(608, 287)	True	43987	45000	left	(512, 384)	testing
10	xd	f	20	6	circle	none	dif	hori	left	N_dis	(415, 287)	True	46044	46752	left	(512, 384)	testing
10	xd	f	20	6	circle	none	same	hori	left	N_dis	(512, 248)	True	47908	48546	left	(512, 384)	testing
10	xd	f	20	6	circle	red	same	vert	up	(376, 384)	(608, 480)	True	49805	50396	up	(512, 384)	testing
10	xd	f	20	6	diamond	none	dif	vert	up	N_dis	(512, 520)	True	51421	52192	up	(512, 384)	testing
10	xd	f	20	6	diamond	none	dif	vert	up	N_dis	(608, 480)	True	53366	53933	up	(512, 384)	testing
10	xd	f	20	6	diamond	red	dif	hori	left	(376, 384)	(415, 287)	True	54992	55702	left	(512, 384)	testing
10	xd	f	20	6	circle	red	dif	vert	up	(376, 384)	(608, 480)	True	56882	57536	up	(512, 384)	testing
10	xd	f	20	6	circle	red	same	vert	up	(376, 384)	(608, 480)	True	58751	59314	up	(512, 384)	testing
10	xd	f	20	6	diamond	red	dif	hori	left	(376, 384)	(648, 384)	True	60569	61117	left	(512, 384)	testing
10	xd	f	20	6	circle	green	same	vert	up	(608, 287)	(512, 520)	True	62237	62907	up	(512, 384)	testing
10	xd	f	20	6	circle	red	same	vert	up	(376, 384)	(648, 384)	True	63956	64516	up	(512, 384)	testing
10	xd	f	20	6	diamond	red	dif	hori	left	(376, 384)	(648, 384)	True	65616	66198	left	(512, 384)	testing
10	xd	f	20	6	diamond	red	same	vert	up	(376, 384)	(512, 248)	True	67380	67928	up	(512, 384)	testing
10	xd	f	20	6	diamond	red	dif	vert	up	(376, 384)	(415, 480)	True	69110	69696	up	(512, 384)	testing
10	xd	f	20	6	circle	green	dif	vert	up	(512, 520)	(648, 384)	True	70737	71310	up	(512, 384)	testing
10	xd	f	20	6	diamond	red	same	hori	left	(376, 384)	(648, 384)	True	72425	72966	left	(512, 384)	testing
10	xd	f	20	6	diamond	red	same	vert	up	(415, 287)	(415, 480)	True	74177	74862	up	(512, 384)	testing
10	xd	f	20	6	diamond	red	same	hori	left	(608, 287)	(648, 384)	True	76056	76562	left	(512, 384)	testing
10	xd	f	20	6	circle	green	dif	hori	left	(415, 480)	(415, 287)	True	77593	78369	left	(512, 384)	testing
10	xd	f	20	6	diamond	red	same	vert	up	(376, 384)	(608, 480)	True	79448	80126	up	(512, 384)	testing
10	xd	f	20	6	diamond	green	same	hori	left	(376, 384)	(512, 520)	True	81344	82244	left	(512, 384)	testing
10	xd	f	20	6	diamond	green	dif	vert	up	(648, 384)	(608, 480)	True	83486	84160	up	(512, 384)	testing
10	xd	f	20	6	diamond	none	same	vert	up	N_dis	(415, 480)	True	85386	85944	up	(512, 384)	testing
10	xd	f	20	6	diamond	green	same	vert	up	(376, 384)	(608, 287)	True	87183	87846	up	(512, 384)	testing
10	xd	f	20	6	diamond	red	same	hori	left	(376, 384)	(648, 384)	True	89008	89563	left	(512, 384)	testing
10	xd	f	20	6	diamond	green	same	hori	left	(376, 384)	(648, 384)	True	90817	91321	left	(512, 384)	testing
10	xd	f	20	6	circle	none	dif	vert	up	N_dis	(512, 520)	True	92359	93283	up	(512, 384)	testing
10	xd	f	20	6	diamond	none	dif	vert	up	N_dis	(648, 384)	True	94436	94998	up	(512, 384)	testing
10	xd	f	20	6	diamond	none	dif	hori	left	N_dis	(608, 480)	True	96166	96755	left	(512, 384)	testing
10	xd	f	20	6	diamond	red	dif	hori	left	(376, 384)	(608, 287)	True	97880	98618	left	(512, 384)	testing
10	xd	f	20	6	circle	none	dif	hori	left	N_dis	(608, 287)	True	99735	100665	left	(512, 384)	testing
10	xd	f	20	6	circle	green	dif	vert	up	(376, 384)	(608, 480)	True	101763	102424	up	(512, 384)	testing
10	xd	f	20	6	diamond	none	dif	vert	up	N_dis	(376, 384)	True	103458	104756	up	(512, 384)	testing
10	xd	f	20	6	circle	none	same	vert	up	N_dis	(512, 520)	True	105895	106584	up	(512, 384)	testing
10	xd	f	20	6	circle	none	same	hori	left	N_dis	(512, 248)	True	107839	108467	left	(512, 384)	testing
10	xd	f	20	6	circle	red	dif	vert	up	(376, 384)	(512, 248)	True	109734	110407	up	(512, 384)	testing
10	xd	f	20	6	circle	green	same	hori	left	(376, 384)	(415, 480)	True	111563	112122	left	(512, 384)	testing
10	xd	f	20	6	circle	none	same	hori	left	N_dis	(512, 520)	True	113251	113817	left	(512, 384)	testing
10	xd	f	20	6	diamond	green	dif	hori	left	(376, 384)	(415, 480)	True	115063	116011	left	(512, 384)	testing
10	xd	f	20	6	diamond	none	dif	hori	left	N_dis	(608, 287)	True	117102	117772	left	(512, 384)	testing
10	xd	f	20	6	circle	green	same	vert	up	(512, 248)	(608, 480)	True	118803	119580	up	(512, 384)	testing
10	xd	f	20	6	circle	red	same	vert	up	(376, 384)	(415, 287)	True	120612	121293	up	(512, 384)	testing
10	xd	f	20	6	circle	red	dif	hori	left	(376, 384)	(512, 520)	True	122405	123033	left	(512, 384)	testing
10	xd	f	20	6	diamond	red	dif	hori	left	(376, 384)	(512, 248)	True	124284	124910	left	(512, 384)	testing
10	xd	f	20	6	circle	red	same	vert	up	(376, 384)	(608, 287)	True	126065	126736	up	(512, 384)	testing
10	xd	f	20	6	circle	green	dif	vert	up	(376, 384)	(512, 520)	True	127879	128570	up	(512, 384)	testing
10	xd	f	20	6	diamond	green	same	hori	left	(648, 384)	(512, 248)	True	129601	130438	left	(512, 384)	testing
10	xd	f	20	6	diamond	none	dif	hori	left	N_dis	(608, 287)	True	131500	132129	left	(512, 384)	testing
10	xd	f	20	6	diamond	none	dif	hori	left	N_dis	(376, 384)	True	133300	133827	left	(512, 384)	testing
10	xd	f	20	6	circle	none	dif	hori	left	N_dis	(648, 384)	True	134909	135757	left	(512, 384)	testing
10	xd	f	20	6	circle	none	dif	hori	left	N_dis	(512, 248)	True	137010	137608	left	(512, 384)	testing
10	xd	f	20	6	diamond	green	dif	hori	left	(512, 248)	(415, 287)	True	138789	139533	up	(512, 384)	testing
10	xd	f	20	6	circle	none	same	hori	left	N_dis	(608, 287)	True	142304	143046	left	(512, 384)	testing
10	xd	f	20	6	circle	none	dif	vert	up	N_dis	(512, 520)	True	144149	144841	up	(512, 384)	testing
10	xd	f	20	6	circle	green	dif	hori	left	(376, 384)	(512, 248)	True	146104	147685	left	(512, 384)	testing
10	xd	f	20	6	diamond	red	same	hori	left	(376, 384)	(415, 480)	True	148803	149954	left	(512, 384)	testing
10	xd	f	20	6	circle	none	same	vert	up	N_dis	(648, 384)	True	151190	152048	up	(512, 384)	testing
10	xd	f	20	6	diamond	red	dif	vert	up	(415, 287)	(608, 287)	True	153087	153789	up	(512, 384)	testing
10	xd	f	20	6	diamond	red	dif	vert	up	(376, 384)	(415, 287)	True	154997	155756	up	(512, 384)	testing
10	xd	f	20	6	circle	red	dif	vert	up	(376, 384)	(512, 520)	True	156796	157513	up	(512, 384)	testing
10	xd	f	20	6	diamond	green	dif	hori	left	(608, 480)	(415, 480)	True	158552	159167	left	(512, 384)	testing
10	xd	f	20	6	diamond	green	same	vert	up	(376, 384)	(415, 480)	True	160440	161525	up	(512, 384)	testing
10	xd	f	20	6	diamond	green	same	vert	up	(376, 384)	(648, 384)	True	162722	163387	up	(512, 384)	testing
10	xd	f	20	6	diamond	green	dif	vert	up	(512, 248)	(648, 384)	True	164469	165061	up	(512, 384)	testing
10	xd	f	20	6	circle	green	dif	vert	up	(376, 384)	(415, 480)	True	166215	167000	up	(512, 384)	testing
10	xd	f	20	6	circle	green	dif	hori	left	(608, 287)	(648, 384)	True	168098	168664	left	(512, 384)	testing
10	xd	f	20	6	circle	green	dif	hori	left	(376, 384)	(512, 520)	True	169738	170352	left	(512, 384)	testing
10	xd	f	20	6	circle	red	dif	vert	up	(608, 287)	(648, 384)	True	171452	172040	up	(512, 384)	testing
10	xd	f	20	6	diamond	green	dif	vert	up	(376, 384)	(608, 480)	True	173071	173781	up	(512, 384)	testing
10	xd	f	20	6	diamond	none	dif	vert	up	N_dis	(608, 287)	True	174908	175481	up	(512, 384)	testing
10	xd	f	20	6	diamond	green	same	hori	left	(376, 384)	(608, 287)	True	176686	177300	left	(512, 384)	testing
10	xd	f	20	6	diamond	none	same	vert	up	N_dis	(376, 384)	True	178463	179023	up	(512, 384)	testing
10	xd	f	20	6	diamond	green	same	hori	left	(415, 480)	(608, 480)	True	180216	180798	left	(512, 384)	testing
10	xd	f	20	6	circle	red	dif	vert	up	(415, 480)	(608, 287)	True	182064	182762	up	(512, 384)	testing
10	xd	f	20	6	circle	green	same	vert	up	(376, 384)	(648, 384)	True	183872	184460	up	(512, 384)	testing
10	xd	f	20	6	circle	red	same	hori	left	(376, 384)	(415, 287)	True	185562	186151	left	(512, 384)	testing
10	xd	f	20	6	diamond	none	same	hori	left	N_dis	(376, 384)	True	187204	187877	left	(512, 384)	testing
10	xd	f	20	6	diamond	red	same	vert	up	(376, 384)	(512, 520)	True	189034	189671	up	(512, 384)	testing
10	xd	f	20	6	circle	red	dif	hori	left	(415, 287)	(608, 480)	True	190791	191439	left	(512, 384)	testing
10	xd	f	20	6	circle	green	same	hori	left	(608, 480)	(512, 248)	True	192504	193118	left	(512, 384)	testing
10	xd	f	20	6	circle	green	same	vert	up	(415, 480)	(512, 520)	True	194269	195088	up	(512, 384)	testing
10	xd	f	20	6	diamond	none	same	hori	left	N_dis	(608, 480)	True	196122	196895	left	(512, 384)	testing
10	xd	f	20	6	diamond	red	dif	vert	up	(376, 384)	(608, 287)	True	197923	198623	up	(512, 384)	testing
10	xd	f	20	6	diamond	green	dif	hori	left	(512, 520)	(608, 287)	True	199853	200633	left	(512, 384)	testing
10	xd	f	20	6	circle	green	dif	hori	left	(376, 384)	(415, 480)	True	201660	202626	left	(512, 384)	testing
10	xd	f	20	6	diamond	green	dif	vert	up	(376, 384)	(512, 248)	True	203669	204336	up	(512, 384)	testing
10	xd	f	20	6	circle	none	dif	hori	left	N_dis	(415, 287)	True	205608	206244	left	(512, 384)	testing
10	xd	f	20	6	diamond	red	same	vert	up	(512, 520)	(648, 384)	True	207368	208100	up	(512, 384)	testing
10	xd	f	20	6	diamond	none	same	hori	left	N_dis	(415, 480)	True	209128	209807	left	(512, 384)	testing
10	xd	f	20	6	diamond	none	same	hori	left	N_dis	(608, 480)	True	211047	211709	left	(512, 384)	testing
10	xd	f	20	6	circle	green	same	hori	left	(376, 384)	(512, 520)	True	212914	213679	left	(512, 384)	testing
10	xd	f	20	6	circle	none	same	hori	left	N_dis	(648, 384)	True	214762	215327	left	(512, 384)	testing
10	xd	f	20	6	diamond	red	dif	vert	up	(376, 384)	(608, 480)	True	216485	217249	up	(512, 384)	testing
10	xd	f	20	6	circle	none	dif	vert	up	N_dis	(512, 248)	True	218466	219088	up	(512, 384)	testing
10	xd	f	20	6	circle	none	same	vert	up	N_dis	(415, 287)	True	220200	220914	up	(512, 384)	testing
10	xd	f	20	6	diamond	green	same	vert	up	(376, 384)	(608, 287)	True	222130	222873	up	(512, 384)	testing
10	xd	f	20	6	diamond	green	dif	hori	left	(376, 384)	(415, 287)	True	224094	224784	left	(512, 384)	testing
10	xd	f	20	6	diamond	green	same	vert	up	(376, 384)	(415, 287)	True	225837	226541	up	(512, 384)	testing
