subj	name	gender	age	runNum	shape	dist	td_dif	resp	resp_key	d_loc	t_loc	gotKey	startTime	respTime	resp	fix_loc	prac
10	xd	f	20	9	diamond	green	same	vert	up	(608, 480)	(415, 287)	True	35891	36825	up	(512, 384)	testing
10	xd	f	20	9	circle	none	dif	vert	up	N_dis	(608, 480)	True	37867	38762	up	(512, 384)	testing
10	xd	f	20	9	diamond	red	same	vert	up	(415, 287)	(415, 480)	True	39801	40706	up	(512, 384)	testing
10	xd	f	20	9	diamond	red	same	hori	left	(512, 248)	(608, 287)	True	41940	42552	left	(512, 384)	testing
10	xd	f	20	9	diamond	none	dif	vert	up	N_dis	(608, 480)	True	43789	44442	up	(512, 384)	testing
10	xd	f	20	9	circle	red	same	vert	up	(608, 480)	(608, 287)	True	45682	46424	up	(512, 384)	testing
10	xd	f	20	9	circle	green	same	vert	up	(415, 480)	(512, 248)	True	47552	48346	up	(512, 384)	testing
10	xd	f	20	9	circle	green	dif	vert	up	(512, 520)	(608, 287)	True	49590	50214	up	(512, 384)	testing
10	xd	f	20	9	circle	red	same	vert	up	(376, 384)	(648, 384)	True	51333	51914	up	(512, 384)	testing
10	xd	f	20	9	diamond	green	dif	vert	up	(608, 480)	(512, 520)	True	53127	53825	up	(512, 384)	testing
10	xd	f	20	9	circle	none	dif	hori	left	N_dis	(512, 248)	True	55042	55667	left	(512, 384)	testing
10	xd	f	20	9	diamond	green	same	vert	up	(376, 384)	(415, 480)	True	56798	57663	up	(512, 384)	testing
10	xd	f	20	9	diamond	none	dif	hori	left	N_dis	(512, 248)	True	58770	59411	left	(512, 384)	testing
10	xd	f	20	9	diamond	none	dif	hori	left	N_dis	(415, 287)	True	60563	61200	left	(512, 384)	testing
10	xd	f	20	9	diamond	none	same	vert	up	N_dis	(376, 384)	True	62430	63045	up	(512, 384)	testing
10	xd	f	20	9	diamond	red	same	vert	up	(608, 480)	(512, 248)	True	64308	64890	up	(512, 384)	testing
10	xd	f	20	9	circle	red	same	hori	left	(512, 520)	(415, 480)	True	66137	66698	left	(512, 384)	testing
10	xd	f	20	9	diamond	none	same	hori	left	N_dis	(376, 384)	True	67730	68350	left	(512, 384)	testing
10	xd	f	20	9	diamond	none	same	vert	up	N_dis	(512, 248)	True	69545	70059	up	(512, 384)	testing
10	xd	f	20	9	circle	green	dif	vert	up	(608, 480)	(415, 287)	True	71273	71867	up	(512, 384)	testing
10	xd	f	20	9	diamond	green	dif	hori	left	(608, 480)	(415, 287)	True	73091	73741	left	(512, 384)	testing
10	xd	f	20	9	diamond	green	dif	hori	left	(415, 287)	(512, 248)	True	74891	75558	left	(512, 384)	testing
10	xd	f	20	9	circle	none	dif	hori	left	N_dis	(608, 287)	True	76644	77462	left	(512, 384)	testing
10	xd	f	20	9	circle	red	dif	hori	left	(608, 480)	(648, 384)	True	78585	79162	left	(512, 384)	testing
10	xd	f	20	9	diamond	red	dif	vert	up	(608, 480)	(512, 248)	True	80354	81007	up	(512, 384)	testing
10	xd	f	20	9	circle	none	dif	hori	left	N_dis	(376, 384)	True	82225	82892	left	(512, 384)	testing
10	xd	f	20	9	circle	green	dif	vert	up	(608, 480)	(415, 480)	True	84044	84695	up	(512, 384)	testing
10	xd	f	20	9	circle	green	dif	hori	left	(608, 480)	(512, 520)	True	85724	86341	left	(512, 384)	testing
10	xd	f	20	9	diamond	green	dif	vert	up	(608, 480)	(415, 480)	True	87432	88066	up	(512, 384)	testing
10	xd	f	20	9	circle	red	dif	vert	up	(512, 520)	(608, 287)	True	89280	89983	up	(512, 384)	testing
10	xd	f	20	9	circle	green	same	vert	up	(415, 287)	(376, 384)	True	91060	91808	up	(512, 384)	testing
10	xd	f	20	9	circle	none	dif	vert	up	N_dis	(608, 287)	True	92838	93454	up	(512, 384)	testing
10	xd	f	20	9	circle	none	dif	hori	left	N_dis	(648, 384)	True	94574	95177	left	(512, 384)	testing
10	xd	f	20	9	diamond	red	dif	vert	up	(608, 480)	(415, 480)	True	96378	97062	up	(512, 384)	testing
10	xd	f	20	9	circle	none	same	hori	left	N_dis	(648, 384)	True	98172	98762	left	(512, 384)	testing
10	xd	f	20	9	diamond	red	same	vert	up	(608, 480)	(415, 287)	True	99785	100382	up	(512, 384)	testing
10	xd	f	20	9	diamond	green	dif	hori	left	(415, 480)	(415, 287)	True	101555	102259	left	(512, 384)	testing
10	xd	f	20	9	diamond	none	same	hori	left	N_dis	(415, 480)	True	103361	103976	left	(512, 384)	testing
10	xd	f	20	9	diamond	green	same	hori	left	(376, 384)	(415, 480)	True	105220	105955	left	(512, 384)	testing
10	xd	f	20	9	diamond	none	dif	vert	up	N_dis	(415, 480)	True	107125	107760	up	(512, 384)	testing
10	xd	f	20	9	diamond	red	same	hori	left	(608, 480)	(608, 287)	True	108963	109551	left	(512, 384)	testing
10	xd	f	20	9	diamond	red	dif	hori	left	(608, 480)	(648, 384)	True	110706	111274	left	(512, 384)	testing
10	xd	f	20	9	diamond	red	dif	vert	up	(608, 480)	(376, 384)	True	112305	112903	up	(512, 384)	testing
10	xd	f	20	9	circle	green	same	hori	left	(608, 480)	(415, 287)	True	114041	114998	left	(512, 384)	testing
10	xd	f	20	9	diamond	green	dif	hori	left	(608, 480)	(648, 384)	True	116106	116789	left	(512, 384)	testing
10	xd	f	20	9	circle	none	same	vert	up	N_dis	(512, 520)	True	117955	118802	up	(512, 384)	testing
10	xd	f	20	9	diamond	none	dif	vert	up	N_dis	(415, 287)	True	120030	120929	up	(512, 384)	testing
10	xd	f	20	9	diamond	green	same	vert	up	(608, 480)	(512, 248)	True	122026	122623	up	(512, 384)	testing
10	xd	f	20	9	circle	none	same	vert	up	N_dis	(648, 384)	True	123849	124548	up	(512, 384)	testing
10	xd	f	20	9	circle	green	dif	vert	up	(608, 480)	(608, 287)	True	125658	126234	up	(512, 384)	testing
10	xd	f	20	9	circle	red	same	hori	left	(608, 287)	(376, 384)	True	127278	127883	left	(512, 384)	testing
10	xd	f	20	9	diamond	none	same	hori	left	N_dis	(415, 480)	True	129025	129713	left	(512, 384)	testing
10	xd	f	20	9	diamond	none	dif	hori	left	N_dis	(608, 287)	True	130795	131402	left	(512, 384)	testing
10	xd	f	20	9	circle	red	same	vert	up	(608, 287)	(512, 520)	True	132634	133349	up	(512, 384)	testing
10	xd	f	20	9	circle	red	dif	vert	up	(608, 287)	(376, 384)	True	134386	134995	up	(512, 384)	testing
10	xd	f	20	9	circle	green	dif	hori	left	(608, 480)	(512, 248)	True	136186	136729	left	(512, 384)	testing
10	xd	f	20	9	circle	green	dif	vert	up	(608, 480)	(512, 520)	True	137958	138506	up	(512, 384)	testing
10	xd	f	20	9	circle	red	same	hori	left	(608, 480)	(415, 287)	True	139598	140175	left	(512, 384)	testing
10	xd	f	20	9	circle	none	dif	hori	left	N_dis	(512, 248)	True	141446	142022	left	(512, 384)	testing
10	xd	f	20	9	circle	none	dif	vert	up	N_dis	(512, 520)	True	143135	143637	up	(512, 384)	testing
10	xd	f	20	9	circle	red	same	vert	up	(608, 480)	(608, 287)	True	144876	145511	up	(512, 384)	testing
10	xd	f	20	9	circle	green	dif	hori	left	(415, 480)	(512, 520)	True	146605	147197	left	(512, 384)	testing
10	xd	f	20	9	circle	red	dif	hori	left	(512, 248)	(512, 520)	True	148334	148957	left	(512, 384)	testing
10	xd	f	20	9	circle	none	same	hori	left	N_dis	(648, 384)	True	150082	150736	left	(512, 384)	testing
10	xd	f	20	9	diamond	none	dif	hori	left	N_dis	(415, 480)	True	151959	152709	left	(512, 384)	testing
10	xd	f	20	9	diamond	green	dif	vert	up	(608, 480)	(512, 248)	True	153757	154389	up	(512, 384)	testing
10	xd	f	20	9	diamond	green	dif	hori	left	(608, 480)	(415, 287)	True	155539	156223	left	(512, 384)	testing
10	xd	f	20	9	circle	red	dif	hori	left	(648, 384)	(512, 248)	True	157421	158268	left	(512, 384)	testing
10	xd	f	20	9	circle	green	same	hori	left	(608, 480)	(415, 480)	True	159513	160115	left	(512, 384)	testing
10	xd	f	20	9	circle	green	same	hori	left	(608, 480)	(512, 520)	True	161246	161781	left	(512, 384)	testing
10	xd	f	20	9	diamond	green	same	vert	up	(608, 480)	(608, 287)	True	163019	163697	up	(512, 384)	testing
10	xd	f	20	9	circle	none	dif	vert	up	N_dis	(415, 287)	True	164749	165344	up	(512, 384)	testing
10	xd	f	20	9	diamond	green	same	hori	left	(608, 480)	(648, 384)	True	166531	167240	left	(512, 384)	testing
10	xd	f	20	9	diamond	red	same	hori	left	(608, 480)	(415, 287)	True	168448	169033	left	(512, 384)	testing
10	xd	f	20	9	diamond	green	same	hori	left	(608, 480)	(648, 384)	True	170140	170734	left	(512, 384)	testing
10	xd	f	20	9	diamond	green	same	hori	left	(608, 480)	(415, 480)	True	171935	172607	left	(512, 384)	testing
10	xd	f	20	9	circle	green	same	vert	up	(608, 480)	(512, 520)	True	173642	174469	up	(512, 384)	testing
10	xd	f	20	9	diamond	red	dif	hori	left	(608, 480)	(376, 384)	True	175742	176385	left	(512, 384)	testing
10	xd	f	20	9	diamond	red	same	vert	up	(608, 480)	(415, 287)	True	177530	178196	up	(512, 384)	testing
10	xd	f	20	9	circle	none	same	hori	left	N_dis	(376, 384)	True	179451	180035	left	(512, 384)	testing
10	xd	f	20	9	diamond	none	same	hori	left	N_dis	(415, 287)	True	181197	182367	left	(512, 384)	testing
10	xd	f	20	9	diamond	red	dif	hori	left	(608, 480)	(512, 248)	True	183429	184181	left	(512, 384)	testing
10	xd	f	20	9	diamond	green	same	hori	left	(608, 480)	(415, 480)	True	185424	186016	left	(512, 384)	testing
10	xd	f	20	9	diamond	red	same	hori	left	(608, 480)	(376, 384)	True	187112	187700	left	(512, 384)	testing
10	xd	f	20	9	circle	red	dif	vert	up	(608, 480)	(648, 384)	True	188778	189565	up	(512, 384)	testing
10	xd	f	20	9	diamond	none	same	hori	left	N_dis	(648, 384)	True	190754	191388	left	(512, 384)	testing
10	xd	f	20	9	circle	red	dif	vert	up	(648, 384)	(512, 248)	True	192659	193586	up	(512, 384)	testing
10	xd	f	20	9	diamond	red	same	hori	left	(608, 480)	(415, 287)	True	194759	195582	left	(512, 384)	testing
10	xd	f	20	9	diamond	none	dif	vert	up	N_dis	(608, 480)	True	196710	197418	up	(512, 384)	testing
10	xd	f	20	9	circle	none	same	vert	up	N_dis	(512, 520)	True	198629	199554	up	(512, 384)	testing
10	xd	f	20	9	diamond	red	dif	vert	up	(608, 480)	(648, 384)	True	200701	202093	up	(512, 384)	testing
10	xd	f	20	9	diamond	none	same	vert	up	N_dis	(376, 384)	True	203158	203841	up	(512, 384)	testing
10	xd	f	20	9	diamond	none	dif	vert	up	N_dis	(608, 287)	True	204969	205615	up	(512, 384)	testing
10	xd	f	20	9	circle	red	same	vert	up	(608, 480)	(608, 287)	True	206709	207819	up	(512, 384)	testing
10	xd	f	20	9	diamond	none	same	vert	up	N_dis	(512, 520)	True	209075	209784	up	(512, 384)	testing
10	xd	f	20	9	diamond	green	dif	vert	up	(415, 480)	(376, 384)	True	210956	211763	up	(512, 384)	testing
10	xd	f	20	9	circle	none	same	vert	up	N_dis	(608, 480)	True	212811	213614	up	(512, 384)	testing
10	xd	f	20	9	diamond	red	dif	hori	left	(512, 520)	(608, 287)	True	214706	215434	left	(512, 384)	testing
10	xd	f	20	9	circle	red	dif	hori	left	(512, 248)	(415, 480)	True	216507	217373	left	(512, 384)	testing
10	xd	f	20	9	circle	green	dif	hori	left	(608, 480)	(512, 520)	True	218624	219298	left	(512, 384)	testing
10	xd	f	20	9	diamond	red	dif	vert	up	(648, 384)	(415, 287)	True	220362	221211	up	(512, 384)	testing
10	xd	f	20	9	circle	green	dif	hori	left	(608, 480)	(608, 287)	True	222403	223173	left	(512, 384)	testing
10	xd	f	20	9	diamond	green	dif	vert	up	(608, 480)	(415, 480)	True	224385	225052	up	(512, 384)	testing
10	xd	f	20	9	circle	red	same	hori	left	(415, 287)	(512, 520)	True	226317	226974	left	(512, 384)	testing
10	xd	f	20	9	circle	red	dif	hori	left	(608, 480)	(376, 384)	True	228154	228805	left	(512, 384)	testing
10	xd	f	20	9	circle	red	same	hori	left	(608, 287)	(415, 480)	True	230040	230721	left	(512, 384)	testing
10	xd	f	20	9	circle	none	same	hori	left	N_dis	(512, 248)	True	231985	232620	left	(512, 384)	testing
10	xd	f	20	9	diamond	red	same	vert	up	(608, 480)	(512, 520)	True	233644	234372	up	(512, 384)	testing
10	xd	f	20	9	circle	green	same	vert	up	(376, 384)	(415, 287)	True	235588	236615	up	(512, 384)	testing
10	xd	f	20	9	diamond	none	dif	hori	left	N_dis	(608, 480)	True	237819	238628	left	(512, 384)	testing
10	xd	f	20	9	circle	green	same	vert	up	(608, 480)	(512, 248)	True	239813	240436	up	(512, 384)	testing
10	xd	f	20	9	circle	none	dif	vert	up	N_dis	(512, 520)	True	241606	242210	up	(512, 384)	testing
10	xd	f	20	9	diamond	none	same	vert	up	N_dis	(608, 287)	True	243260	243985	up	(512, 384)	testing
10	xd	f	20	9	circle	green	same	hori	left	(608, 480)	(376, 384)	True	245106	245761	left	(512, 384)	testing
10	xd	f	20	9	diamond	green	same	vert	up	(608, 480)	(376, 384)	True	246975	247726	up	(512, 384)	testing
10	xd	f	20	9	circle	none	same	hori	left	N_dis	(415, 480)	True	248849	249457	left	(512, 384)	testing
10	xd	f	20	9	circle	green	same	hori	left	(648, 384)	(376, 384)	True	250641	251467	left	(512, 384)	testing
10	xd	f	20	9	circle	none	same	vert	up	N_dis	(415, 287)	True	252674	253303	up	(512, 384)	testing
10	xd	f	20	9	diamond	red	dif	hori	left	(608, 480)	(376, 384)	True	254329	254944	left	(512, 384)	testing
10	xd	f	20	9	circle	red	dif	vert	up	(512, 248)	(415, 287)	True	256045	257560	up	(512, 384)	testing
