subj	name	gender	age	runNum	shape	dist	td_dif	resp	resp_key	d_loc	t_loc	gotKey	startTime	respTime	resp	fix_loc	prac
10	xd	f	20	2	circle	green	same	hori	left	(608, 287)	(512, 520)	True	8860	10527	left	(512, 384)	testing
10	xd	f	20	2	diamond	green	same	vert	up	(608, 287)	(415, 480)	True	11644	12378	up	(512, 384)	testing
10	xd	f	20	2	circle	none	same	vert	up	N_dis	(376, 384)	True	13524	14200	up	(512, 384)	testing
10	xd	f	20	2	circle	red	dif	vert	up	(376, 384)	(415, 480)	True	15377	16236	up	(512, 384)	testing
10	xd	f	20	2	diamond	none	same	vert	up	N_dis	(648, 384)	True	17370	18246	up	(512, 384)	testing
10	xd	f	20	2	diamond	green	dif	hori	left	(608, 287)	(376, 384)	True	19478	20254	left	(512, 384)	testing
10	xd	f	20	2	diamond	red	same	hori	left	(608, 287)	(512, 248)	True	21454	22224	left	(512, 384)	testing
10	xd	f	20	2	circle	none	same	vert	up	N_dis	(648, 384)	True	23445	24294	up	(512, 384)	testing
10	xd	f	20	2	circle	red	same	hori	left	(376, 384)	(512, 248)	True	25389	26721	left	(512, 384)	testing
10	xd	f	20	2	diamond	green	same	vert	up	(608, 287)	(415, 480)	True	27855	28617	up	(512, 384)	testing
10	xd	f	20	2	diamond	green	dif	hori	left	(608, 287)	(512, 520)	True	29697	30514	left	(512, 384)	testing
10	xd	f	20	2	diamond	green	same	hori	left	(415, 480)	(376, 384)	True	31631	33334	left	(512, 384)	testing
10	xd	f	20	2	circle	green	same	hori	left	(648, 384)	(415, 287)	True	34571	35422	left	(512, 384)	testing
10	xd	f	20	2	diamond	red	same	vert	up	(608, 480)	(376, 384)	True	36445	37161	up	(512, 384)	testing
10	xd	f	20	2	circle	none	dif	hori	left	N_dis	(608, 287)	True	38233	39333	left	(512, 384)	testing
10	xd	f	20	2	circle	green	same	vert	up	(608, 287)	(648, 384)	True	40425	41777	up	(512, 384)	testing
10	xd	f	20	2	circle	green	same	vert	up	(608, 287)	(512, 248)	True	42837	43781	up	(512, 384)	testing
10	xd	f	20	2	circle	none	same	vert	up	N_dis	(512, 520)	True	44978	45709	up	(512, 384)	testing
10	xd	f	20	2	diamond	red	same	vert	up	(608, 287)	(608, 480)	True	46927	48119	up	(512, 384)	testing
10	xd	f	20	2	circle	none	same	hori	left	N_dis	(415, 480)	True	49318	49900	left	(512, 384)	testing
10	xd	f	20	2	circle	red	dif	vert	up	(512, 248)	(648, 384)	True	51085	51732	up	(512, 384)	testing
10	xd	f	20	2	diamond	red	same	vert	up	(608, 287)	(415, 287)	True	52907	53881	up	(512, 384)	testing
10	xd	f	20	2	circle	green	dif	hori	left	(608, 287)	(608, 480)	True	55152	55943	left	(512, 384)	testing
10	xd	f	20	2	circle	green	dif	hori	left	(512, 520)	(608, 480)	True	57021	57810	left	(512, 384)	testing
10	xd	f	20	2	diamond	green	same	hori	left	(608, 287)	(512, 520)	True	58872	59562	left	(512, 384)	testing
10	xd	f	20	2	diamond	none	same	vert	up	N_dis	(608, 287)	True	60830	61589	up	(512, 384)	testing
10	xd	f	20	2	diamond	red	dif	vert	up	(608, 480)	(376, 384)	True	62797	65035	up	(512, 384)	testing
10	xd	f	20	2	circle	green	dif	hori	left	(608, 287)	(415, 480)	True	66267	67093	left	(512, 384)	testing
10	xd	f	20	2	circle	green	same	vert	up	(608, 287)	(512, 520)	True	68198	68956	up	(512, 384)	testing
10	xd	f	20	2	circle	red	dif	hori	left	(608, 287)	(648, 384)	True	70113	70728	left	(512, 384)	testing
10	xd	f	20	2	circle	green	dif	vert	up	(608, 287)	(415, 480)	True	71931	72698	up	(512, 384)	testing
10	xd	f	20	2	circle	red	dif	hori	left	(415, 287)	(512, 520)	True	73889	74526	left	(512, 384)	testing
10	xd	f	20	2	circle	red	same	vert	up	(415, 287)	(415, 480)	True	75658	76377	up	(512, 384)	testing
10	xd	f	20	2	circle	green	same	hori	left	(608, 287)	(415, 287)	True	77569	78655	left	(512, 384)	testing
10	xd	f	20	2	diamond	red	same	hori	left	(608, 287)	(376, 384)	True	79889	81587	left	(512, 384)	testing
10	xd	f	20	2	diamond	green	dif	vert	up	(608, 287)	(648, 384)	True	82790	83608	up	(512, 384)	testing
10	xd	f	20	2	circle	red	same	vert	up	(512, 520)	(415, 480)	True	84645	85318	up	(512, 384)	testing
10	xd	f	20	2	circle	none	same	vert	up	N_dis	(512, 520)	True	86548	87489	up	(512, 384)	testing
10	xd	f	20	2	circle	red	dif	hori	left	(648, 384)	(608, 480)	True	88733	90357	left	(512, 384)	testing
10	xd	f	20	2	circle	none	same	hori	left	N_dis	(512, 248)	True	91466	92208	left	(512, 384)	testing
10	xd	f	20	2	diamond	green	same	hori	left	(608, 480)	(415, 480)	True	93339	95325	left	(512, 384)	testing
10	xd	f	20	2	diamond	green	same	hori	left	(608, 287)	(608, 480)	True	96401	97458	left	(512, 384)	testing
10	xd	f	20	2	diamond	red	dif	vert	up	(608, 287)	(415, 480)	True	98593	99345	up	(512, 384)	testing
10	xd	f	20	2	diamond	none	same	vert	up	N_dis	(415, 480)	True	100454	101316	up	(512, 384)	testing
10	xd	f	20	2	diamond	none	dif	hori	left	N_dis	(415, 287)	True	102556	103370	left	(512, 384)	testing
10	xd	f	20	2	diamond	none	dif	hori	left	N_dis	(608, 480)	True	104486	105160	left	(512, 384)	testing
10	xd	f	20	2	diamond	none	dif	vert	up	N_dis	(608, 480)	True	106336	107546	up	(512, 384)	testing
10	xd	f	20	2	circle	red	dif	vert	up	(608, 287)	(415, 287)	True	108741	109736	up	(512, 384)	testing
10	xd	f	20	2	circle	green	dif	hori	left	(608, 480)	(376, 384)	True	110897	111635	left	(512, 384)	testing
10	xd	f	20	2	diamond	none	dif	vert	up	N_dis	(376, 384)	True	112753	113463	up	(512, 384)	testing
10	xd	f	20	2	diamond	none	dif	hori	left	N_dis	(608, 480)	True	114702	115479	left	(512, 384)	testing
10	xd	f	20	2	diamond	red	dif	hori	left	(608, 287)	(648, 384)	True	116607	117235	left	(512, 384)	testing
10	xd	f	20	2	circle	red	same	hori	left	(415, 480)	(608, 480)	True	118469	119416	left	(512, 384)	testing
10	xd	f	20	2	circle	green	same	hori	left	(608, 287)	(415, 287)	True	120460	121153	left	(512, 384)	testing
10	xd	f	20	2	diamond	red	same	vert	up	(608, 287)	(512, 520)	True	122202	123052	up	(512, 384)	testing
10	xd	f	20	2	circle	red	dif	hori	left	(376, 384)	(415, 287)	True	124198	125036	left	(512, 384)	testing
10	xd	f	20	2	circle	green	dif	vert	up	(608, 287)	(512, 248)	True	126079	126837	up	(512, 384)	testing
10	xd	f	20	2	circle	red	same	hori	left	(608, 287)	(608, 480)	True	127880	128502	left	(512, 384)	testing
10	xd	f	20	2	diamond	green	dif	vert	up	(415, 480)	(415, 287)	True	129617	130410	up	(512, 384)	testing
10	xd	f	20	2	circle	none	dif	vert	up	N_dis	(608, 480)	True	131487	132146	up	(512, 384)	testing
10	xd	f	20	2	circle	none	dif	vert	up	N_dis	(648, 384)	True	133400	134008	up	(512, 384)	testing
10	xd	f	20	2	diamond	green	same	hori	left	(608, 287)	(512, 248)	True	135062	135732	left	(512, 384)	testing
10	xd	f	20	2	diamond	none	dif	hori	left	N_dis	(512, 248)	True	136813	137494	left	(512, 384)	testing
10	xd	f	20	2	diamond	green	same	vert	up	(608, 287)	(512, 520)	True	138734	139350	up	(512, 384)	testing
10	xd	f	20	2	diamond	green	dif	vert	up	(608, 287)	(512, 520)	True	140382	141147	up	(512, 384)	testing
10	xd	f	20	2	circle	none	dif	hori	left	N_dis	(415, 287)	True	142264	142919	left	(512, 384)	testing
10	xd	f	20	2	circle	red	same	vert	up	(648, 384)	(415, 287)	True	144118	144864	up	(512, 384)	testing
10	xd	f	20	2	diamond	red	dif	hori	left	(608, 287)	(376, 384)	True	145914	146629	left	(512, 384)	testing
10	xd	f	20	2	diamond	red	same	hori	left	(512, 520)	(415, 480)	True	147743	148770	left	(512, 384)	testing
10	xd	f	20	2	circle	none	dif	vert	up	N_dis	(648, 384)	True	149980	150635	up	(512, 384)	testing
10	xd	f	20	2	circle	green	dif	vert	up	(608, 287)	(376, 384)	True	151874	152585	up	(512, 384)	testing
10	xd	f	20	2	circle	none	dif	vert	up	N_dis	(415, 287)	True	153736	154290	up	(512, 384)	testing
10	xd	f	20	2	circle	red	dif	vert	up	(608, 287)	(648, 384)	True	155537	156187	up	(512, 384)	testing
10	xd	f	20	2	diamond	green	dif	hori	left	(608, 287)	(415, 287)	True	157352	158923	left	(512, 384)	testing
10	xd	f	20	2	diamond	green	same	vert	up	(608, 287)	(415, 287)	True	160185	160888	up	(512, 384)	testing
10	xd	f	20	2	circle	none	same	hori	left	N_dis	(376, 384)	True	162075	162617	left	(512, 384)	testing
10	xd	f	20	2	circle	green	same	vert	up	(608, 287)	(512, 248)	True	163863	164450	up	(512, 384)	testing
10	xd	f	20	2	diamond	red	same	vert	up	(608, 287)	(415, 480)	True	165480	166152	up	(512, 384)	testing
10	xd	f	20	2	circle	red	dif	vert	up	(608, 287)	(415, 480)	True	167211	167768	up	(512, 384)	testing
10	xd	f	20	2	circle	green	dif	vert	up	(415, 480)	(415, 287)	True	168936	169540	up	(512, 384)	testing
10	xd	f	20	2	circle	none	same	hori	left	N_dis	(415, 287)	True	170718	171330	left	(512, 384)	testing
10	xd	f	20	2	diamond	red	same	hori	left	(415, 287)	(512, 248)	True	172376	173671	left	(512, 384)	testing
10	xd	f	20	2	circle	none	dif	vert	up	N_dis	(648, 384)	True	174835	175584	up	(512, 384)	testing
10	xd	f	20	2	circle	none	dif	hori	left	N_dis	(512, 248)	True	176782	177427	left	(512, 384)	testing
10	xd	f	20	2	diamond	red	dif	vert	up	(376, 384)	(512, 520)	True	178526	179405	up	(512, 384)	testing
10	xd	f	20	2	diamond	green	same	vert	up	(415, 287)	(376, 384)	True	180432	182208	up	(512, 384)	testing
10	xd	f	20	2	circle	none	dif	hori	left	N_dis	(512, 248)	True	183457	184192	left	(512, 384)	testing
10	xd	f	20	2	circle	red	same	vert	up	(608, 287)	(608, 480)	True	185462	186080	up	(512, 384)	testing
10	xd	f	20	2	diamond	none	same	vert	up	N_dis	(608, 287)	True	187289	188204	up	(512, 384)	testing
10	xd	f	20	2	diamond	green	dif	hori	left	(512, 248)	(415, 480)	True	189463	190246	left	(512, 384)	testing
10	xd	f	20	2	diamond	none	same	hori	left	N_dis	(376, 384)	True	191464	192604	left	(512, 384)	testing
10	xd	f	20	2	diamond	red	dif	hori	left	(512, 248)	(415, 287)	True	193828	194859	left	(512, 384)	testing
10	xd	f	20	2	circle	red	same	hori	left	(608, 287)	(608, 480)	True	196130	196877	left	(512, 384)	testing
10	xd	f	20	2	diamond	none	dif	vert	up	N_dis	(512, 520)	True	198072	198720	up	(512, 384)	testing
10	xd	f	20	2	diamond	none	same	hori	left	N_dis	(608, 287)	True	199872	200468	left	(512, 384)	testing
10	xd	f	20	2	diamond	none	same	hori	left	N_dis	(415, 480)	True	201664	202235	left	(512, 384)	testing
10	xd	f	20	2	diamond	red	same	hori	left	(608, 287)	(415, 480)	True	203460	203948	left	(512, 384)	testing
10	xd	f	20	2	diamond	none	same	vert	up	N_dis	(512, 520)	True	205119	206145	up	(512, 384)	testing
10	xd	f	20	2	circle	red	dif	hori	left	(608, 287)	(512, 248)	True	207266	209065	left	(512, 384)	testing
10	xd	f	20	2	diamond	none	same	hori	left	N_dis	(415, 480)	True	210296	211403	left	(512, 384)	testing
10	xd	f	20	2	circle	none	same	vert	up	N_dis	(512, 520)	True	212451	213652	up	(512, 384)	testing
10	xd	f	20	2	circle	green	same	vert	up	(608, 287)	(512, 248)	True	214701	215730	up	(512, 384)	testing
10	xd	f	20	2	circle	red	same	vert	up	(608, 287)	(376, 384)	True	216861	217610	up	(512, 384)	testing
10	xd	f	20	2	circle	green	dif	vert	up	(648, 384)	(608, 480)	True	218816	219418	up	(512, 384)	testing
10	xd	f	20	2	diamond	red	dif	vert	up	(608, 287)	(376, 384)	True	220502	221818	left	(512, 384)	testing
10	xd	f	20	2	diamond	red	dif	vert	up	(512, 520)	(648, 384)	True	224444	225560	up	(512, 384)	testing
10	xd	f	20	2	diamond	none	dif	vert	up	N_dis	(512, 248)	True	226601	227439	up	(512, 384)	testing
10	xd	f	20	2	diamond	green	dif	hori	left	(608, 287)	(648, 384)	True	228545	229802	left	(512, 384)	testing
10	xd	f	20	2	diamond	green	dif	vert	up	(512, 248)	(415, 480)	True	230829	231607	up	(512, 384)	testing
10	xd	f	20	2	diamond	red	dif	hori	left	(608, 287)	(415, 480)	True	232735	233663	left	(512, 384)	testing
10	xd	f	20	2	circle	none	same	hori	left	N_dis	(415, 480)	True	234890	235574	left	(512, 384)	testing
10	xd	f	20	2	diamond	green	dif	vert	up	(608, 287)	(648, 384)	True	236653	237555	up	(512, 384)	testing
10	xd	f	20	2	diamond	none	same	hori	left	N_dis	(415, 287)	True	238763	239565	left	(512, 384)	testing
10	xd	f	20	2	circle	green	same	hori	left	(608, 287)	(376, 384)	True	240788	241373	left	(512, 384)	testing
10	xd	f	20	2	circle	none	dif	hori	left	N_dis	(376, 384)	True	242593	243041	left	(512, 384)	testing
10	xd	f	20	2	diamond	red	dif	hori	left	(608, 287)	(608, 480)	True	244086	245026	left	(512, 384)	testing
10	xd	f	20	2	circle	red	same	hori	left	(608, 287)	(415, 480)	True	246093	246713	left	(512, 384)	testing
10	xd	f	20	2	diamond	none	dif	hori	left	N_dis	(608, 287)	True	247937	248552	left	(512, 384)	testing
10	xd	f	20	2	diamond	none	dif	vert	up	N_dis	(608, 480)	True	249745	250667	up	(512, 384)	testing
10	xd	f	20	2	circle	green	dif	hori	left	(608, 287)	(415, 287)	True	251928	252587	left	(512, 384)	testing
