subj	name	gender	age	runNum	shape	dist	td_dif	resp	resp_key	d_loc	t_loc	gotKey	startTime	respTime	resp	fix_loc	prac
10	xd	f	20	8	circle	none	dif	hori	left	N_dis	(512, 520)	True	6547	7302	left	(512, 384)	testing
10	xd	f	20	8	diamond	none	same	hori	left	N_dis	(415, 287)	True	8567	9332	left	(512, 384)	testing
10	xd	f	20	8	circle	red	same	vert	up	(648, 384)	(415, 480)	True	10420	11345	up	(512, 384)	testing
10	xd	f	20	8	diamond	red	dif	vert	up	(608, 480)	(415, 287)	True	12618	13361	up	(512, 384)	testing
10	xd	f	20	8	diamond	none	same	vert	up	N_dis	(648, 384)	True	14603	15200	up	(512, 384)	testing
10	xd	f	20	8	diamond	none	dif	hori	left	N_dis	(512, 520)	True	16273	16898	left	(512, 384)	testing
10	xd	f	20	8	diamond	red	dif	vert	up	(512, 520)	(376, 384)	True	17975	18552	up	(512, 384)	testing
10	xd	f	20	8	diamond	red	dif	hori	left	(608, 480)	(415, 287)	True	19653	20368	left	(512, 384)	testing
10	xd	f	20	8	circle	red	dif	hori	left	(608, 480)	(608, 287)	True	21424	22094	left	(512, 384)	testing
10	xd	f	20	8	circle	none	dif	hori	left	N_dis	(415, 480)	True	23147	23730	left	(512, 384)	testing
10	xd	f	20	8	circle	none	same	hori	left	N_dis	(376, 384)	True	24955	25503	left	(512, 384)	testing
10	xd	f	20	8	diamond	red	dif	vert	up	(608, 480)	(512, 520)	True	26736	27447	up	(512, 384)	testing
10	xd	f	20	8	circle	red	same	hori	left	(608, 480)	(512, 248)	True	28572	29133	left	(512, 384)	testing
10	xd	f	20	8	diamond	red	dif	vert	up	(512, 248)	(415, 480)	True	30282	31063	up	(512, 384)	testing
10	xd	f	20	8	circle	none	same	vert	up	N_dis	(512, 520)	True	32228	33144	up	(512, 384)	testing
10	xd	f	20	8	circle	red	same	vert	up	(608, 480)	(376, 384)	True	34391	35038	up	(512, 384)	testing
10	xd	f	20	8	diamond	green	dif	vert	up	(376, 384)	(415, 480)	True	36119	37091	up	(512, 384)	testing
10	xd	f	20	8	circle	none	dif	vert	up	N_dis	(376, 384)	True	38314	39141	up	(512, 384)	testing
10	xd	f	20	8	circle	green	dif	hori	left	(608, 480)	(415, 480)	True	40409	41068	left	(512, 384)	testing
10	xd	f	20	8	diamond	none	same	vert	up	N_dis	(415, 480)	True	42168	42826	up	(512, 384)	testing
10	xd	f	20	8	diamond	red	same	vert	up	(608, 480)	(648, 384)	True	44013	44592	up	(512, 384)	testing
10	xd	f	20	8	circle	green	same	vert	up	(608, 480)	(648, 384)	True	45721	46479	up	(512, 384)	testing
10	xd	f	20	8	diamond	green	dif	vert	up	(512, 520)	(415, 480)	True	47705	48318	up	(512, 384)	testing
10	xd	f	20	8	circle	none	dif	hori	left	N_dis	(512, 520)	True	49433	50271	left	(512, 384)	testing
10	xd	f	20	8	diamond	red	dif	vert	up	(608, 480)	(376, 384)	True	51308	52040	up	(512, 384)	testing
10	xd	f	20	8	circle	green	same	hori	left	(608, 480)	(415, 480)	True	53169	53818	left	(512, 384)	testing
10	xd	f	20	8	circle	green	same	vert	up	(512, 248)	(512, 520)	True	55021	56003	up	(512, 384)	testing
10	xd	f	20	8	diamond	none	dif	hori	left	N_dis	(376, 384)	True	57270	57940	left	(512, 384)	testing
10	xd	f	20	8	diamond	green	same	vert	up	(608, 287)	(376, 384)	True	59143	59817	up	(512, 384)	testing
10	xd	f	20	8	circle	green	same	vert	up	(608, 480)	(415, 287)	True	60903	62093	up	(512, 384)	testing
10	xd	f	20	8	diamond	none	dif	vert	up	N_dis	(608, 480)	True	63193	63979	up	(512, 384)	testing
10	xd	f	20	8	circle	red	dif	hori	left	(608, 480)	(512, 520)	True	65158	66034	left	(512, 384)	testing
10	xd	f	20	8	circle	green	same	hori	left	(608, 480)	(415, 480)	True	67106	67794	left	(512, 384)	testing
10	xd	f	20	8	circle	red	dif	vert	up	(608, 480)	(512, 248)	True	68953	69557	up	(512, 384)	testing
10	xd	f	20	8	diamond	green	same	hori	left	(608, 287)	(415, 480)	True	70715	71478	left	(512, 384)	testing
10	xd	f	20	8	diamond	green	dif	vert	up	(608, 480)	(415, 480)	True	72695	73320	up	(512, 384)	testing
10	xd	f	20	8	circle	green	same	vert	up	(608, 480)	(376, 384)	True	74384	75290	up	(512, 384)	testing
10	xd	f	20	8	diamond	red	same	vert	up	(608, 480)	(648, 384)	True	76405	77468	up	(512, 384)	testing
10	xd	f	20	8	diamond	none	same	hori	left	N_dis	(608, 480)	True	78686	79549	left	(512, 384)	testing
10	xd	f	20	8	circle	green	dif	vert	up	(415, 287)	(512, 520)	True	80657	81485	up	(512, 384)	testing
10	xd	f	20	8	diamond	green	dif	hori	left	(415, 287)	(415, 480)	True	82666	83510	left	(512, 384)	testing
10	xd	f	20	8	circle	none	same	vert	up	N_dis	(512, 248)	True	84693	85394	up	(512, 384)	testing
10	xd	f	20	8	diamond	red	dif	hori	left	(608, 480)	(415, 480)	True	86463	87126	left	(512, 384)	testing
10	xd	f	20	8	diamond	green	same	hori	left	(608, 480)	(648, 384)	True	88266	89116	left	(512, 384)	testing
10	xd	f	20	8	diamond	red	same	hori	left	(608, 480)	(512, 248)	True	90256	90956	left	(512, 384)	testing
10	xd	f	20	8	circle	red	same	hori	left	(608, 480)	(415, 287)	True	92046	93062	left	(512, 384)	testing
10	xd	f	20	8	diamond	red	same	vert	up	(608, 480)	(415, 480)	True	94169	95228	up	(512, 384)	testing
10	xd	f	20	8	diamond	none	same	vert	up	N_dis	(415, 287)	True	96315	97099	up	(512, 384)	testing
10	xd	f	20	8	circle	red	same	hori	left	(648, 384)	(512, 520)	True	98192	99129	left	(512, 384)	testing
10	xd	f	20	8	circle	none	same	vert	up	N_dis	(608, 480)	True	100351	100987	up	(512, 384)	testing
10	xd	f	20	8	circle	none	dif	hori	left	N_dis	(608, 287)	True	102111	102712	left	(512, 384)	testing
10	xd	f	20	8	circle	green	same	hori	left	(608, 480)	(376, 384)	True	103925	104577	left	(512, 384)	testing
10	xd	f	20	8	diamond	green	dif	vert	up	(608, 480)	(608, 287)	True	105734	106527	up	(512, 384)	testing
10	xd	f	20	8	circle	none	same	hori	left	N_dis	(648, 384)	True	107774	108375	left	(512, 384)	testing
10	xd	f	20	8	circle	green	dif	hori	left	(608, 480)	(415, 287)	True	109497	110183	left	(512, 384)	testing
10	xd	f	20	8	diamond	none	dif	vert	up	N_dis	(512, 248)	True	111249	111855	up	(512, 384)	testing
10	xd	f	20	8	diamond	green	dif	hori	left	(608, 480)	(512, 520)	True	113127	113780	left	(512, 384)	testing
10	xd	f	20	8	circle	green	dif	hori	left	(608, 287)	(512, 520)	True	114908	115952	left	(512, 384)	testing
10	xd	f	20	8	circle	green	dif	vert	up	(608, 480)	(415, 287)	True	117187	117934	up	(512, 384)	testing
10	xd	f	20	8	circle	none	same	vert	up	N_dis	(376, 384)	True	119077	119671	up	(512, 384)	testing
10	xd	f	20	8	circle	red	dif	hori	left	(608, 480)	(608, 287)	True	120709	121367	left	(512, 384)	testing
10	xd	f	20	8	circle	green	dif	hori	left	(608, 480)	(415, 287)	True	122501	123132	left	(512, 384)	testing
10	xd	f	20	8	circle	red	dif	vert	up	(608, 480)	(415, 287)	True	124161	124799	up	(512, 384)	testing
10	xd	f	20	8	circle	red	same	vert	up	(648, 384)	(512, 520)	True	125899	126481	up	(512, 384)	testing
10	xd	f	20	8	circle	none	same	hori	left	N_dis	(648, 384)	True	127715	128255	left	(512, 384)	testing
10	xd	f	20	8	diamond	none	same	hori	left	N_dis	(512, 520)	True	129505	130154	left	(512, 384)	testing
10	xd	f	20	8	diamond	none	dif	hori	left	N_dis	(415, 287)	True	131203	131858	left	(512, 384)	testing
10	xd	f	20	8	circle	red	dif	hori	left	(608, 480)	(415, 287)	True	133111	133749	up	(512, 384)	testing
10	xd	f	20	8	diamond	none	same	hori	left	N_dis	(512, 248)	True	136541	137764	left	(512, 384)	testing
10	xd	f	20	8	diamond	none	dif	hori	left	N_dis	(376, 384)	True	138883	139611	left	(512, 384)	testing
10	xd	f	20	8	diamond	red	dif	hori	left	(608, 480)	(608, 287)	True	140673	141347	left	(512, 384)	testing
10	xd	f	20	8	circle	red	dif	vert	up	(608, 480)	(415, 480)	True	142536	143272	up	(512, 384)	testing
10	xd	f	20	8	circle	none	dif	vert	up	N_dis	(648, 384)	True	144444	145052	up	(512, 384)	testing
10	xd	f	20	8	diamond	green	same	hori	left	(512, 520)	(608, 287)	True	146170	146935	left	(512, 384)	testing
10	xd	f	20	8	diamond	red	same	vert	up	(608, 480)	(512, 248)	True	148043	149396	up	(512, 384)	testing
10	xd	f	20	8	circle	green	same	hori	left	(608, 287)	(512, 248)	True	150536	151378	left	(512, 384)	testing
10	xd	f	20	8	circle	red	same	vert	up	(608, 480)	(512, 248)	True	152575	153231	up	(512, 384)	testing
10	xd	f	20	8	diamond	green	same	vert	up	(608, 480)	(376, 384)	True	154321	155153	up	(512, 384)	testing
10	xd	f	20	8	circle	red	dif	vert	up	(608, 480)	(512, 520)	True	156204	157141	up	(512, 384)	testing
10	xd	f	20	8	diamond	red	dif	hori	left	(512, 248)	(512, 520)	True	158240	158921	left	(512, 384)	testing
10	xd	f	20	8	circle	none	same	vert	up	N_dis	(512, 248)	True	160187	160843	up	(512, 384)	testing
10	xd	f	20	8	diamond	red	same	hori	left	(608, 480)	(608, 287)	True	162100	162757	left	(512, 384)	testing
10	xd	f	20	8	diamond	red	dif	hori	left	(608, 480)	(648, 384)	True	163843	164401	left	(512, 384)	testing
10	xd	f	20	8	circle	none	dif	vert	up	N_dis	(648, 384)	True	165484	166398	up	(512, 384)	testing
10	xd	f	20	8	diamond	none	same	vert	up	N_dis	(608, 480)	True	167546	168322	up	(512, 384)	testing
10	xd	f	20	8	diamond	none	dif	hori	left	N_dis	(608, 287)	True	169421	170042	left	(512, 384)	testing
10	xd	f	20	8	circle	red	dif	vert	up	(608, 480)	(512, 248)	True	171192	172448	up	(512, 384)	testing
10	xd	f	20	8	circle	red	same	vert	up	(415, 480)	(648, 384)	True	173567	174552	up	(512, 384)	testing
10	xd	f	20	8	circle	green	dif	vert	up	(415, 480)	(648, 384)	True	175748	176317	up	(512, 384)	testing
10	xd	f	20	8	diamond	none	dif	vert	up	N_dis	(608, 480)	True	177578	178376	up	(512, 384)	testing
10	xd	f	20	8	diamond	none	same	vert	up	N_dis	(608, 287)	True	179609	180389	up	(512, 384)	testing
10	xd	f	20	8	diamond	green	same	vert	up	(512, 520)	(415, 480)	True	181647	182442	up	(512, 384)	testing
10	xd	f	20	8	diamond	none	dif	vert	up	N_dis	(415, 287)	True	183660	184421	up	(512, 384)	testing
10	xd	f	20	8	diamond	green	dif	hori	left	(608, 480)	(376, 384)	True	185689	186377	left	(512, 384)	testing
10	xd	f	20	8	diamond	green	dif	vert	up	(376, 384)	(608, 287)	True	187481	188077	up	(512, 384)	testing
10	xd	f	20	8	diamond	green	same	hori	left	(415, 480)	(415, 287)	True	189191	189892	left	(512, 384)	testing
10	xd	f	20	8	circle	none	dif	hori	left	N_dis	(415, 287)	True	190992	191768	left	(512, 384)	testing
10	xd	f	20	8	diamond	red	same	hori	left	(608, 480)	(415, 287)	True	192967	193605	left	(512, 384)	testing
10	xd	f	20	8	diamond	green	same	hori	left	(415, 287)	(376, 384)	True	194644	195449	left	(512, 384)	testing
10	xd	f	20	8	circle	green	same	vert	up	(608, 480)	(608, 287)	True	196555	197439	up	(512, 384)	testing
10	xd	f	20	8	circle	green	dif	hori	left	(608, 480)	(512, 520)	True	198642	199327	left	(512, 384)	testing
10	xd	f	20	8	diamond	none	same	hori	left	N_dis	(415, 480)	True	200476	201374	left	(512, 384)	testing
10	xd	f	20	8	diamond	green	same	vert	up	(608, 480)	(512, 248)	True	202567	203208	up	(512, 384)	testing
10	xd	f	20	8	circle	green	dif	vert	up	(608, 480)	(608, 287)	True	204372	205019	up	(512, 384)	testing
10	xd	f	20	8	circle	green	same	hori	left	(608, 480)	(512, 520)	True	206176	206763	left	(512, 384)	testing
10	xd	f	20	8	diamond	green	dif	hori	left	(512, 248)	(376, 384)	True	207959	208793	left	(512, 384)	testing
10	xd	f	20	8	diamond	green	dif	hori	left	(608, 480)	(376, 384)	True	210008	210626	left	(512, 384)	testing
10	xd	f	20	8	diamond	red	same	vert	up	(608, 480)	(512, 520)	True	211686	212391	up	(512, 384)	testing
10	xd	f	20	8	diamond	none	dif	vert	up	N_dis	(415, 480)	True	213462	214170	up	(512, 384)	testing
10	xd	f	20	8	circle	green	dif	vert	up	(608, 480)	(648, 384)	True	215286	216197	up	(512, 384)	testing
10	xd	f	20	8	circle	none	same	hori	left	N_dis	(608, 287)	True	217374	218020	left	(512, 384)	testing
10	xd	f	20	8	circle	none	same	hori	left	N_dis	(608, 287)	True	219080	219689	left	(512, 384)	testing
10	xd	f	20	8	circle	none	dif	vert	up	N_dis	(512, 248)	True	220946	221622	up	(512, 384)	testing
10	xd	f	20	8	circle	red	same	hori	left	(376, 384)	(608, 287)	True	222798	223432	left	(512, 384)	testing
10	xd	f	20	8	diamond	green	same	vert	up	(415, 480)	(512, 248)	True	224499	225178	up	(512, 384)	testing
10	xd	f	20	8	diamond	red	same	hori	left	(415, 287)	(512, 520)	True	226444	227069	left	(512, 384)	testing
10	xd	f	20	8	circle	none	dif	vert	up	N_dis	(415, 480)	True	228091	228863	up	(512, 384)	testing
10	xd	f	20	8	circle	red	same	hori	left	(608, 480)	(648, 384)	True	229905	230640	left	(512, 384)	testing
10	xd	f	20	8	circle	red	dif	hori	left	(648, 384)	(415, 287)	True	231679	232328	left	(512, 384)	testing
10	xd	f	20	8	diamond	red	same	hori	left	(376, 384)	(415, 287)	True	233596	234451	left	(512, 384)	testing
