subj	name	gender	age	runNum	shape	dist	td_dif	resp	resp_key	d_loc	t_loc	gotKey	startTime	respTime	resp	fix_loc	prac
10	xd	f	20	5	circle	green	dif	hori	left	(376, 384)	(608, 287)	True	59508	60271	left	(512, 384)	testing
10	xd	f	20	5	circle	none	same	hori	left	N_dis	(608, 480)	True	61310	61900	left	(512, 384)	testing
10	xd	f	20	5	diamond	green	same	hori	left	(376, 384)	(512, 520)	True	62978	63848	left	(512, 384)	testing
10	xd	f	20	5	diamond	none	same	vert	up	N_dis	(608, 287)	True	65109	65744	up	(512, 384)	testing
10	xd	f	20	5	diamond	red	dif	hori	left	(376, 384)	(608, 480)	True	66919	67658	left	(512, 384)	testing
10	xd	f	20	5	circle	red	dif	hori	left	(376, 384)	(608, 480)	True	68751	69460	left	(512, 384)	testing
10	xd	f	20	5	circle	none	dif	hori	left	N_dis	(512, 520)	True	70527	71089	left	(512, 384)	testing
10	xd	f	20	5	diamond	none	dif	vert	up	N_dis	(512, 520)	True	72182	73053	up	(512, 384)	testing
10	xd	f	20	5	diamond	green	dif	vert	up	(376, 384)	(512, 248)	True	74320	74973	up	(512, 384)	testing
10	xd	f	20	5	circle	green	same	hori	left	(376, 384)	(648, 384)	True	76073	76628	left	(512, 384)	testing
10	xd	f	20	5	diamond	none	same	hori	left	N_dis	(648, 384)	True	77726	78419	left	(512, 384)	testing
10	xd	f	20	5	circle	none	dif	vert	up	N_dis	(512, 248)	True	79666	80241	up	(512, 384)	testing
10	xd	f	20	5	circle	red	dif	hori	left	(376, 384)	(415, 480)	True	81298	82555	left	(512, 384)	testing
10	xd	f	20	5	circle	red	same	hori	left	(376, 384)	(648, 384)	True	83751	84298	left	(512, 384)	testing
10	xd	f	20	5	circle	red	dif	vert	up	(376, 384)	(608, 480)	True	85496	86048	up	(512, 384)	testing
10	xd	f	20	5	diamond	red	dif	vert	up	(415, 287)	(608, 287)	True	87287	88021	up	(512, 384)	testing
10	xd	f	20	5	diamond	none	same	hori	left	N_dis	(376, 384)	True	89253	89884	left	(512, 384)	testing
10	xd	f	20	5	diamond	none	same	vert	up	N_dis	(512, 520)	True	91122	91988	up	(512, 384)	testing
10	xd	f	20	5	circle	none	same	hori	left	N_dis	(376, 384)	True	93046	94243	left	(512, 384)	testing
10	xd	f	20	5	circle	none	dif	hori	left	N_dis	(512, 248)	True	95330	95909	left	(512, 384)	testing
10	xd	f	20	5	diamond	none	dif	hori	left	N_dis	(648, 384)	True	97059	97853	left	(512, 384)	testing
10	xd	f	20	5	diamond	green	dif	vert	up	(608, 480)	(608, 287)	True	99024	99636	up	(512, 384)	testing
10	xd	f	20	5	diamond	red	same	vert	up	(376, 384)	(608, 287)	True	100837	101370	up	(512, 384)	testing
10	xd	f	20	5	circle	green	same	hori	left	(648, 384)	(512, 248)	True	102559	103386	left	(512, 384)	testing
10	xd	f	20	5	diamond	green	dif	hori	left	(376, 384)	(608, 480)	True	104463	105356	left	(512, 384)	testing
10	xd	f	20	5	circle	none	dif	hori	left	N_dis	(512, 248)	True	106399	107190	left	(512, 384)	testing
10	xd	f	20	5	circle	none	dif	vert	up	N_dis	(608, 480)	True	108438	109288	up	(512, 384)	testing
10	xd	f	20	5	circle	red	dif	hori	left	(376, 384)	(648, 384)	True	110452	111041	left	(512, 384)	testing
10	xd	f	20	5	diamond	green	same	vert	up	(376, 384)	(648, 384)	True	112290	112970	up	(512, 384)	testing
10	xd	f	20	5	diamond	red	dif	hori	left	(376, 384)	(608, 287)	True	114130	114736	left	(512, 384)	testing
10	xd	f	20	5	circle	red	dif	vert	up	(376, 384)	(608, 480)	True	115904	116857	up	(512, 384)	testing
10	xd	f	20	5	circle	green	same	vert	up	(376, 384)	(512, 520)	True	118128	118798	up	(512, 384)	testing
10	xd	f	20	5	circle	none	dif	hori	left	N_dis	(376, 384)	True	120069	120550	left	(512, 384)	testing
10	xd	f	20	5	circle	green	dif	vert	up	(512, 248)	(415, 480)	True	121737	122378	up	(512, 384)	testing
10	xd	f	20	5	diamond	green	dif	hori	left	(376, 384)	(512, 248)	True	123443	124163	left	(512, 384)	testing
10	xd	f	20	5	diamond	green	dif	vert	up	(376, 384)	(415, 480)	True	125234	126332	up	(512, 384)	testing
10	xd	f	20	5	diamond	none	dif	vert	up	N_dis	(415, 287)	True	127464	128257	up	(512, 384)	testing
10	xd	f	20	5	circle	none	same	vert	up	N_dis	(415, 480)	True	129504	130412	up	(512, 384)	testing
10	xd	f	20	5	circle	red	dif	vert	up	(376, 384)	(415, 287)	True	131450	132115	up	(512, 384)	testing
10	xd	f	20	5	diamond	none	same	vert	up	N_dis	(415, 480)	True	133272	134002	up	(512, 384)	testing
10	xd	f	20	5	diamond	none	dif	hori	left	N_dis	(415, 287)	True	135162	135800	left	(512, 384)	testing
10	xd	f	20	5	diamond	red	same	hori	left	(415, 480)	(512, 248)	True	136958	137559	left	(512, 384)	testing
10	xd	f	20	5	diamond	red	same	hori	left	(512, 520)	(608, 480)	True	138625	139481	left	(512, 384)	testing
10	xd	f	20	5	diamond	green	dif	hori	left	(648, 384)	(512, 520)	True	140708	141369	left	(512, 384)	testing
10	xd	f	20	5	circle	none	same	hori	left	N_dis	(415, 480)	True	142594	143433	left	(512, 384)	testing
10	xd	f	20	5	circle	green	same	vert	up	(376, 384)	(512, 248)	True	144468	145213	up	(512, 384)	testing
10	xd	f	20	5	diamond	red	dif	hori	left	(608, 480)	(648, 384)	True	146410	147385	left	(512, 384)	testing
10	xd	f	20	5	diamond	none	dif	vert	up	N_dis	(608, 287)	True	148613	149270	up	(512, 384)	testing
10	xd	f	20	5	circle	green	dif	hori	left	(376, 384)	(415, 480)	True	150466	151197	left	(512, 384)	testing
10	xd	f	20	5	circle	green	same	hori	left	(376, 384)	(415, 287)	True	152420	153002	left	(512, 384)	testing
10	xd	f	20	5	circle	red	same	vert	up	(608, 480)	(648, 384)	True	154158	154805	up	(512, 384)	testing
10	xd	f	20	5	circle	red	dif	vert	up	(376, 384)	(648, 384)	True	156044	156630	up	(512, 384)	testing
10	xd	f	20	5	circle	green	same	vert	up	(376, 384)	(512, 248)	True	157798	158393	up	(512, 384)	testing
10	xd	f	20	5	diamond	green	same	hori	left	(376, 384)	(415, 287)	True	159477	160525	left	(512, 384)	testing
10	xd	f	20	5	diamond	green	same	hori	left	(608, 287)	(648, 384)	True	161739	162419	left	(512, 384)	testing
10	xd	f	20	5	circle	green	dif	vert	up	(608, 287)	(512, 520)	True	163465	164352	up	(512, 384)	testing
10	xd	f	20	5	diamond	green	dif	vert	up	(415, 287)	(648, 384)	True	165506	166146	up	(512, 384)	testing
10	xd	f	20	5	circle	red	same	vert	up	(608, 287)	(512, 520)	True	167375	168081	up	(512, 384)	testing
10	xd	f	20	5	diamond	green	dif	hori	left	(512, 248)	(415, 480)	True	169244	169961	left	(512, 384)	testing
10	xd	f	20	5	diamond	green	same	hori	left	(376, 384)	(648, 384)	True	171071	171639	left	(512, 384)	testing
10	xd	f	20	5	circle	red	same	hori	left	(376, 384)	(415, 287)	True	172801	174049	left	(512, 384)	testing
10	xd	f	20	5	diamond	none	dif	vert	up	N_dis	(415, 480)	True	175127	175815	up	(512, 384)	testing
10	xd	f	20	5	circle	red	same	hori	left	(376, 384)	(608, 287)	True	177019	177951	left	(512, 384)	testing
10	xd	f	20	5	circle	none	same	hori	left	N_dis	(648, 384)	True	179173	179838	left	(512, 384)	testing
10	xd	f	20	5	circle	red	same	vert	up	(415, 287)	(512, 520)	True	180890	181521	up	(512, 384)	testing
10	xd	f	20	5	diamond	red	same	vert	up	(512, 248)	(415, 287)	True	182545	183594	up	(512, 384)	testing
10	xd	f	20	5	diamond	red	dif	hori	left	(376, 384)	(512, 520)	True	184653	185328	left	(512, 384)	testing
10	xd	f	20	5	circle	green	same	vert	up	(376, 384)	(415, 287)	True	186496	187668	up	(512, 384)	testing
10	xd	f	20	5	circle	none	same	hori	left	N_dis	(415, 287)	True	188775	189484	left	(512, 384)	testing
10	xd	f	20	5	diamond	green	dif	hori	left	(648, 384)	(415, 480)	True	190738	191597	left	(512, 384)	testing
10	xd	f	20	5	circle	red	dif	hori	left	(376, 384)	(648, 384)	True	192740	193388	left	(512, 384)	testing
10	xd	f	20	5	circle	green	dif	hori	left	(512, 520)	(512, 248)	True	194631	195461	left	(512, 384)	testing
10	xd	f	20	5	circle	green	same	hori	left	(376, 384)	(512, 520)	True	196530	197508	left	(512, 384)	testing
10	xd	f	20	5	diamond	red	same	hori	left	(376, 384)	(608, 287)	True	198624	199338	left	(512, 384)	testing
10	xd	f	20	5	diamond	none	same	hori	left	N_dis	(608, 480)	True	200367	201147	left	(512, 384)	testing
10	xd	f	20	5	diamond	red	dif	hori	left	(512, 520)	(648, 384)	True	202234	202821	left	(512, 384)	testing
10	xd	f	20	5	diamond	red	same	hori	left	(376, 384)	(512, 520)	True	203983	204573	left	(512, 384)	testing
10	xd	f	20	5	circle	red	same	vert	up	(512, 248)	(608, 287)	True	205691	206495	up	(512, 384)	testing
10	xd	f	20	5	diamond	none	dif	hori	left	N_dis	(415, 480)	True	207564	208436	left	(512, 384)	testing
10	xd	f	20	5	diamond	none	same	vert	up	N_dis	(415, 287)	True	209474	210222	left	(512, 384)	testing
10	xd	f	20	5	diamond	none	same	hori	left	N_dis	(512, 248)	True	212887	213557	left	(512, 384)	testing
10	xd	f	20	5	circle	green	dif	vert	up	(376, 384)	(415, 480)	True	214764	215604	up	(512, 384)	testing
10	xd	f	20	5	circle	green	same	hori	left	(376, 384)	(415, 480)	True	216780	217808	left	(512, 384)	testing
10	xd	f	20	5	diamond	red	dif	vert	up	(376, 384)	(512, 248)	True	219057	219730	up	(512, 384)	testing
10	xd	f	20	5	diamond	red	dif	vert	up	(376, 384)	(512, 520)	True	220817	221615	up	(512, 384)	testing
10	xd	f	20	5	circle	green	dif	hori	left	(415, 480)	(512, 520)	True	222868	224134	left	(512, 384)	testing
10	xd	f	20	5	diamond	none	same	vert	up	N_dis	(608, 287)	True	225286	225959	up	(512, 384)	testing
10	xd	f	20	5	diamond	red	same	hori	left	(415, 480)	(608, 287)	True	227076	227762	left	(512, 384)	testing
10	xd	f	20	5	circle	green	dif	vert	up	(376, 384)	(608, 480)	True	228905	229706	up	(512, 384)	testing
10	xd	f	20	5	diamond	none	same	hori	left	N_dis	(648, 384)	True	230940	231753	left	(512, 384)	testing
10	xd	f	20	5	circle	green	dif	vert	up	(608, 287)	(415, 480)	True	232893	233912	up	(512, 384)	testing
10	xd	f	20	5	circle	none	dif	vert	up	N_dis	(608, 480)	True	235078	235708	up	(512, 384)	testing
10	xd	f	20	5	diamond	red	same	vert	up	(376, 384)	(415, 480)	True	236874	237795	up	(512, 384)	testing
10	xd	f	20	5	circle	red	same	hori	left	(376, 384)	(415, 287)	True	238874	239760	left	(512, 384)	testing
10	xd	f	20	5	circle	red	same	hori	left	(376, 384)	(648, 384)	True	240937	241537	left	(512, 384)	testing
10	xd	f	20	5	diamond	none	dif	vert	up	N_dis	(512, 520)	True	242712	243473	up	(512, 384)	testing
10	xd	f	20	5	diamond	none	dif	hori	left	N_dis	(608, 287)	True	244551	245329	left	(512, 384)	testing
10	xd	f	20	5	circle	none	same	vert	up	N_dis	(415, 287)	True	246428	247068	up	(512, 384)	testing
10	xd	f	20	5	circle	red	same	vert	up	(376, 384)	(608, 480)	True	248151	248866	up	(512, 384)	testing
10	xd	f	20	5	circle	none	same	vert	up	N_dis	(648, 384)	True	250017	250842	up	(512, 384)	testing
10	xd	f	20	5	circle	red	dif	hori	left	(376, 384)	(648, 384)	True	252096	252650	left	(512, 384)	testing
10	xd	f	20	5	circle	none	dif	vert	up	N_dis	(608, 480)	True	253752	254381	up	(512, 384)	testing
10	xd	f	20	5	diamond	red	same	vert	up	(376, 384)	(415, 480)	True	255404	256570	up	(512, 384)	testing
10	xd	f	20	5	diamond	green	dif	vert	up	(376, 384)	(415, 287)	True	257618	258296	up	(512, 384)	testing
10	xd	f	20	5	circle	none	dif	vert	up	N_dis	(608, 287)	True	259538	260181	up	(512, 384)	testing
10	xd	f	20	5	circle	red	dif	vert	up	(376, 384)	(512, 248)	True	261401	261941	up	(512, 384)	testing
10	xd	f	20	5	diamond	none	dif	hori	left	N_dis	(376, 384)	True	263177	263817	left	(512, 384)	testing
10	xd	f	20	5	diamond	red	same	vert	up	(648, 384)	(512, 248)	True	265070	265693	up	(512, 384)	testing
10	xd	f	20	5	diamond	green	same	vert	up	(376, 384)	(512, 248)	True	266834	267493	up	(512, 384)	testing
10	xd	f	20	5	diamond	green	same	vert	up	(608, 480)	(415, 480)	True	268610	269210	up	(512, 384)	testing
10	xd	f	20	5	circle	none	same	vert	up	N_dis	(512, 248)	True	270377	270948	up	(512, 384)	testing
10	xd	f	20	5	diamond	red	dif	vert	up	(415, 287)	(608, 287)	True	272055	272841	up	(512, 384)	testing
10	xd	f	20	5	diamond	green	same	vert	up	(376, 384)	(648, 384)	True	274046	274922	up	(512, 384)	testing
10	xd	f	20	5	circle	none	dif	hori	left	N_dis	(512, 520)	True	276183	277109	left	(512, 384)	testing
10	xd	f	20	5	diamond	green	same	hori	left	(376, 384)	(512, 520)	True	278178	279207	left	(512, 384)	testing
10	xd	f	20	5	diamond	green	same	vert	up	(376, 384)	(608, 287)	True	280411	281194	up	(512, 384)	testing
10	xd	f	20	5	diamond	red	dif	vert	up	(376, 384)	(608, 287)	True	282436	283030	up	(512, 384)	testing
10	xd	f	20	5	circle	green	same	vert	up	(415, 480)	(608, 287)	True	284271	285539	up	(512, 384)	testing
10	xd	f	20	5	circle	green	dif	hori	left	(512, 520)	(512, 248)	True	286759	287481	left	(512, 384)	testing
10	xd	f	20	5	circle	none	same	vert	up	N_dis	(376, 384)	True	288674	289377	up	(512, 384)	testing
