subj	name	gender	age	runNum	shape	dist	td_dif	resp	resp_key	d_loc	t_loc	gotKey	startTime	respTime	resp	fix_loc	prac
10	xd	f	20	10	circle	green	same	hori	left	(608, 480)	(376, 384)	True	138189	138974	left	(512, 384)	testing
10	xd	f	20	10	diamond	none	same	hori	left	N_dis	(608, 287)	True	140028	140782	left	(512, 384)	testing
10	xd	f	20	10	diamond	red	same	vert	up	(608, 480)	(512, 520)	True	141919	142698	up	(512, 384)	testing
10	xd	f	20	10	circle	none	same	vert	up	N_dis	(415, 287)	True	143905	144637	up	(512, 384)	testing
10	xd	f	20	10	diamond	green	same	hori	left	(608, 480)	(608, 287)	True	145779	146511	left	(512, 384)	testing
10	xd	f	20	10	diamond	green	dif	hori	left	(608, 480)	(512, 248)	True	147587	148208	left	(512, 384)	testing
10	xd	f	20	10	circle	none	dif	hori	left	N_dis	(512, 520)	True	149422	150136	left	(512, 384)	testing
10	xd	f	20	10	diamond	green	dif	vert	up	(415, 287)	(512, 520)	True	151310	152043	up	(512, 384)	testing
10	xd	f	20	10	circle	red	dif	hori	left	(608, 480)	(415, 480)	True	153077	153740	left	(512, 384)	testing
10	xd	f	20	10	diamond	red	dif	vert	up	(608, 480)	(648, 384)	True	154974	155548	up	(512, 384)	testing
10	xd	f	20	10	diamond	red	dif	vert	up	(608, 480)	(415, 480)	True	156805	157576	up	(512, 384)	testing
10	xd	f	20	10	diamond	green	same	hori	left	(415, 480)	(376, 384)	True	158701	159446	left	(512, 384)	testing
10	xd	f	20	10	diamond	none	dif	vert	up	N_dis	(376, 384)	True	160485	161073	up	(512, 384)	testing
10	xd	f	20	10	diamond	red	dif	hori	left	(608, 480)	(512, 520)	True	162216	163794	left	(512, 384)	testing
10	xd	f	20	10	diamond	green	same	vert	up	(608, 480)	(608, 287)	True	164925	165605	up	(512, 384)	testing
10	xd	f	20	10	circle	green	same	vert	up	(608, 480)	(608, 287)	True	166839	167589	up	(512, 384)	testing
10	xd	f	20	10	diamond	none	same	vert	up	N_dis	(415, 480)	True	168665	169255	up	(512, 384)	testing
10	xd	f	20	10	circle	red	dif	vert	up	(376, 384)	(512, 520)	True	170423	171023	left	(512, 384)	testing
10	xd	f	20	10	circle	green	dif	vert	up	(608, 480)	(376, 384)	True	173814	174482	up	(512, 384)	testing
10	xd	f	20	10	diamond	red	same	vert	up	(608, 480)	(415, 287)	True	175733	176398	up	(512, 384)	testing
10	xd	f	20	10	diamond	none	dif	hori	left	N_dis	(608, 480)	True	177586	178297	left	(512, 384)	testing
10	xd	f	20	10	circle	red	same	vert	up	(608, 480)	(415, 287)	True	179451	180122	up	(512, 384)	testing
10	xd	f	20	10	diamond	red	dif	vert	up	(608, 287)	(415, 480)	True	181250	181965	up	(512, 384)	testing
10	xd	f	20	10	diamond	red	dif	hori	left	(608, 480)	(648, 384)	True	183088	183668	left	(512, 384)	testing
10	xd	f	20	10	circle	none	same	hori	left	N_dis	(648, 384)	True	184870	185547	left	(512, 384)	testing
10	xd	f	20	10	diamond	none	dif	hori	left	N_dis	(648, 384)	True	186602	187161	left	(512, 384)	testing
10	xd	f	20	10	circle	none	dif	hori	left	N_dis	(608, 480)	True	188398	189063	left	(512, 384)	testing
10	xd	f	20	10	diamond	green	same	vert	up	(608, 480)	(512, 520)	True	190232	190857	up	(512, 384)	testing
10	xd	f	20	10	diamond	red	same	hori	left	(608, 480)	(512, 248)	True	192087	192688	left	(512, 384)	testing
10	xd	f	20	10	diamond	red	dif	vert	up	(608, 480)	(415, 287)	True	193833	194419	up	(512, 384)	testing
10	xd	f	20	10	circle	green	dif	vert	up	(512, 248)	(415, 287)	True	195641	196759	up	(512, 384)	testing
10	xd	f	20	10	diamond	none	same	vert	up	N_dis	(512, 520)	True	197901	198468	up	(512, 384)	testing
10	xd	f	20	10	circle	none	dif	vert	up	N_dis	(648, 384)	True	199521	200108	up	(512, 384)	testing
10	xd	f	20	10	diamond	red	same	vert	up	(648, 384)	(415, 287)	True	201208	201939	up	(512, 384)	testing
10	xd	f	20	10	circle	green	dif	hori	left	(608, 287)	(415, 480)	True	203004	203602	left	(512, 384)	testing
10	xd	f	20	10	circle	green	same	vert	up	(608, 480)	(512, 248)	True	204783	205345	up	(512, 384)	testing
10	xd	f	20	10	circle	red	dif	hori	left	(608, 287)	(415, 480)	True	206449	206917	left	(512, 384)	testing
10	xd	f	20	10	circle	none	same	vert	up	N_dis	(648, 384)	True	208029	208560	up	(512, 384)	testing
10	xd	f	20	10	diamond	none	dif	hori	left	N_dis	(512, 248)	True	209731	210445	left	(512, 384)	testing
10	xd	f	20	10	diamond	red	dif	hori	left	(608, 480)	(512, 520)	True	211566	212122	left	(512, 384)	testing
10	xd	f	20	10	diamond	green	same	vert	up	(608, 480)	(512, 248)	True	213163	213757	up	(512, 384)	testing
10	xd	f	20	10	circle	red	dif	vert	up	(608, 480)	(608, 287)	True	214918	215872	up	(512, 384)	testing
10	xd	f	20	10	circle	red	dif	vert	up	(608, 480)	(608, 287)	True	217082	217631	up	(512, 384)	testing
10	xd	f	20	10	diamond	red	same	hori	left	(415, 480)	(376, 384)	True	218713	219804	left	(512, 384)	testing
10	xd	f	20	10	diamond	green	same	vert	up	(608, 480)	(512, 520)	True	220917	221515	up	(512, 384)	testing
10	xd	f	20	10	circle	green	dif	hori	left	(415, 287)	(415, 480)	True	222727	223408	left	(512, 384)	testing
10	xd	f	20	10	diamond	red	same	vert	up	(512, 248)	(415, 480)	True	224451	225046	up	(512, 384)	testing
10	xd	f	20	10	diamond	red	dif	hori	left	(608, 480)	(512, 248)	True	226124	226763	left	(512, 384)	testing
10	xd	f	20	10	circle	red	dif	vert	up	(648, 384)	(376, 384)	True	227787	228787	left	(512, 384)	testing
10	xd	f	20	10	circle	red	same	hori	left	(608, 480)	(512, 248)	True	231335	232817	left	(512, 384)	testing
10	xd	f	20	10	diamond	none	dif	hori	left	N_dis	(608, 480)	True	233943	234647	left	(512, 384)	testing
10	xd	f	20	10	circle	red	same	vert	up	(608, 480)	(648, 384)	True	235780	236535	up	(512, 384)	testing
10	xd	f	20	10	circle	red	same	hori	left	(608, 480)	(376, 384)	True	237704	238317	left	(512, 384)	testing
10	xd	f	20	10	diamond	green	dif	hori	left	(608, 480)	(648, 384)	True	239549	240290	left	(512, 384)	testing
10	xd	f	20	10	circle	none	same	vert	up	N_dis	(415, 287)	True	241352	242215	up	(512, 384)	testing
10	xd	f	20	10	circle	red	same	vert	up	(415, 287)	(415, 480)	True	243240	243960	up	(512, 384)	testing
10	xd	f	20	10	diamond	green	same	hori	left	(608, 480)	(648, 384)	True	244995	245637	left	(512, 384)	testing
10	xd	f	20	10	circle	red	same	hori	left	(512, 248)	(648, 384)	True	246807	247519	left	(512, 384)	testing
10	xd	f	20	10	diamond	none	same	vert	up	N_dis	(512, 248)	True	248573	249233	up	(512, 384)	testing
10	xd	f	20	10	circle	green	dif	hori	left	(415, 287)	(608, 287)	True	250344	250967	left	(512, 384)	testing
10	xd	f	20	10	circle	green	same	hori	left	(608, 480)	(415, 480)	True	252009	252644	left	(512, 384)	testing
10	xd	f	20	10	diamond	none	same	hori	left	N_dis	(376, 384)	True	253754	254472	left	(512, 384)	testing
10	xd	f	20	10	circle	none	same	hori	left	N_dis	(608, 480)	True	255496	256160	left	(512, 384)	testing
10	xd	f	20	10	circle	red	same	hori	left	(376, 384)	(415, 287)	True	257292	257948	left	(512, 384)	testing
10	xd	f	20	10	diamond	red	same	vert	up	(608, 480)	(608, 287)	True	259039	259779	up	(512, 384)	testing
10	xd	f	20	10	diamond	green	same	hori	left	(415, 480)	(512, 248)	True	260918	261513	left	(512, 384)	testing
10	xd	f	20	10	circle	green	dif	vert	up	(608, 480)	(376, 384)	True	262687	263359	up	(512, 384)	testing
10	xd	f	20	10	circle	green	same	hori	left	(608, 480)	(648, 384)	True	264599	265200	left	(512, 384)	testing
10	xd	f	20	10	circle	green	dif	vert	up	(608, 480)	(648, 384)	True	266455	267005	up	(512, 384)	testing
10	xd	f	20	10	diamond	none	same	hori	left	N_dis	(608, 287)	True	268127	268976	left	(512, 384)	testing
10	xd	f	20	10	circle	red	same	vert	up	(512, 520)	(415, 287)	True	270030	270684	up	(512, 384)	testing
10	xd	f	20	10	diamond	none	dif	vert	up	N_dis	(415, 480)	True	271920	272765	up	(512, 384)	testing
10	xd	f	20	10	circle	none	same	hori	left	N_dis	(608, 287)	True	273901	274485	left	(512, 384)	testing
10	xd	f	20	10	circle	none	same	vert	up	N_dis	(648, 384)	True	275743	276356	up	(512, 384)	testing
10	xd	f	20	10	circle	none	dif	hori	left	N_dis	(376, 384)	True	277598	278184	left	(512, 384)	testing
10	xd	f	20	10	circle	green	same	hori	left	(608, 480)	(415, 287)	True	279289	279884	left	(512, 384)	testing
10	xd	f	20	10	circle	red	dif	hori	left	(512, 248)	(415, 480)	True	281089	281740	left	(512, 384)	testing
10	xd	f	20	10	diamond	red	same	hori	left	(415, 480)	(512, 248)	True	282886	283617	left	(512, 384)	testing
10	xd	f	20	10	circle	none	same	hori	left	N_dis	(512, 520)	True	284881	285550	left	(512, 384)	testing
10	xd	f	20	10	diamond	green	same	vert	up	(608, 480)	(608, 287)	True	286701	287358	up	(512, 384)	testing
10	xd	f	20	10	circle	none	same	vert	up	N_dis	(376, 384)	True	288591	289271	up	(512, 384)	testing
10	xd	f	20	10	diamond	none	dif	vert	up	N_dis	(512, 248)	True	290398	291024	up	(512, 384)	testing
10	xd	f	20	10	diamond	red	dif	vert	up	(608, 287)	(648, 384)	True	292262	292828	left	(512, 384)	testing
10	xd	f	20	10	diamond	red	dif	hori	left	(648, 384)	(415, 480)	True	295507	296291	left	(512, 384)	testing
10	xd	f	20	10	circle	none	same	hori	left	N_dis	(608, 287)	True	297514	298145	left	(512, 384)	testing
10	xd	f	20	10	circle	red	same	hori	left	(608, 480)	(415, 480)	True	299170	299834	left	(512, 384)	testing
10	xd	f	20	10	diamond	none	dif	vert	up	N_dis	(415, 287)	True	300998	301778	up	(512, 384)	testing
10	xd	f	20	10	diamond	red	same	hori	left	(608, 480)	(415, 287)	True	302893	303603	left	(512, 384)	testing
10	xd	f	20	10	circle	green	same	vert	up	(376, 384)	(648, 384)	True	304694	305659	up	(512, 384)	testing
10	xd	f	20	10	diamond	none	same	vert	up	N_dis	(512, 248)	True	306895	307760	up	(512, 384)	testing
10	xd	f	20	10	circle	red	dif	hori	left	(608, 480)	(415, 287)	True	308838	309597	left	(512, 384)	testing
10	xd	f	20	10	diamond	none	same	hori	left	N_dis	(512, 520)	True	310625	311652	left	(512, 384)	testing
10	xd	f	20	10	circle	none	dif	vert	up	N_dis	(415, 287)	True	312781	313472	up	(512, 384)	testing
10	xd	f	20	10	diamond	green	dif	vert	up	(512, 520)	(512, 248)	True	314532	315687	up	(512, 384)	testing
10	xd	f	20	10	circle	none	dif	vert	up	N_dis	(608, 480)	True	316847	317674	up	(512, 384)	testing
10	xd	f	20	10	diamond	none	same	vert	up	N_dis	(415, 287)	True	318909	319579	up	(512, 384)	testing
10	xd	f	20	10	circle	green	same	vert	up	(608, 480)	(512, 520)	True	320794	321626	up	(512, 384)	testing
10	xd	f	20	10	diamond	green	dif	hori	left	(608, 480)	(415, 480)	True	322651	323468	left	(512, 384)	testing
10	xd	f	20	10	circle	none	dif	hori	left	N_dis	(608, 287)	True	324574	325268	left	(512, 384)	testing
10	xd	f	20	10	circle	green	same	vert	up	(608, 480)	(415, 287)	True	326301	326959	up	(512, 384)	testing
10	xd	f	20	10	diamond	green	same	hori	left	(608, 480)	(376, 384)	True	328089	328767	left	(512, 384)	testing
10	xd	f	20	10	circle	none	dif	vert	up	N_dis	(512, 520)	True	329975	330669	up	(512, 384)	testing
10	xd	f	20	10	diamond	red	same	hori	left	(376, 384)	(512, 520)	True	331925	332722	left	(512, 384)	testing
10	xd	f	20	10	diamond	green	dif	hori	left	(648, 384)	(415, 287)	True	333786	334638	left	(512, 384)	testing
10	xd	f	20	10	circle	green	same	hori	left	(608, 480)	(415, 287)	True	335800	336486	left	(512, 384)	testing
10	xd	f	20	10	circle	red	dif	hori	left	(608, 480)	(415, 287)	True	337653	338450	up	(512, 384)	testing
10	xd	f	20	10	circle	green	dif	hori	left	(608, 480)	(415, 480)	True	341047	341891	left	(512, 384)	testing
10	xd	f	20	10	circle	green	dif	vert	up	(608, 480)	(415, 287)	True	343060	344376	up	(512, 384)	testing
10	xd	f	20	10	circle	green	dif	hori	left	(512, 520)	(415, 287)	True	345459	346249	left	(512, 384)	testing
10	xd	f	20	10	diamond	none	dif	hori	left	N_dis	(415, 480)	True	347452	348146	left	(512, 384)	testing
10	xd	f	20	10	circle	none	dif	vert	up	N_dis	(376, 384)	True	349368	350045	up	(512, 384)	testing
10	xd	f	20	10	diamond	green	dif	vert	up	(512, 520)	(648, 384)	True	351190	351907	up	(512, 384)	testing
10	xd	f	20	10	diamond	none	dif	vert	up	N_dis	(415, 480)	True	353097	353775	up	(512, 384)	testing
10	xd	f	20	10	diamond	green	dif	hori	left	(608, 480)	(512, 248)	True	354882	355722	left	(512, 384)	testing
10	xd	f	20	10	circle	none	dif	hori	left	N_dis	(415, 480)	True	356898	357613	left	(512, 384)	testing
10	xd	f	20	10	diamond	green	dif	vert	up	(608, 480)	(376, 384)	True	358884	359577	up	(512, 384)	testing
10	xd	f	20	10	circle	red	dif	vert	up	(608, 480)	(415, 480)	True	360664	361349	up	(512, 384)	testing
10	xd	f	20	10	diamond	none	same	hori	left	N_dis	(512, 248)	True	362514	363174	left	(512, 384)	testing
10	xd	f	20	10	diamond	green	dif	vert	up	(608, 480)	(376, 384)	True	364298	364956	up	(512, 384)	testing
10	xd	f	20	10	circle	red	same	vert	up	(608, 480)	(512, 520)	True	366142	367028	up	(512, 384)	testing
conf	10	xd	f	20	10	3	4	7	8	space	None	None	None	None	None	True	445834	453880	3
