subj	name	gender	age	runNum	shape	dist	td_dif	resp	resp_key	d_loc	t_loc	gotKey	startTime	respTime	resp	fix_loc	prac
10	xd	f	20	7	circle	none	same	vert	up	N_dis	(376, 384)	True	163859	164492	up	(512, 384)	testing
10	xd	f	20	7	diamond	red	dif	hori	left	(608, 480)	(415, 480)	True	165609	166426	left	(512, 384)	testing
10	xd	f	20	7	circle	green	dif	hori	left	(608, 480)	(376, 384)	True	167612	168179	left	(512, 384)	testing
10	xd	f	20	7	diamond	none	dif	hori	left	N_dis	(608, 287)	True	169422	170038	left	(512, 384)	testing
10	xd	f	20	7	circle	green	dif	vert	up	(608, 480)	(512, 520)	True	171297	171885	up	(512, 384)	testing
10	xd	f	20	7	circle	none	same	hori	left	N_dis	(512, 520)	True	173043	173616	left	(512, 384)	testing
10	xd	f	20	7	diamond	red	same	hori	left	(608, 480)	(415, 287)	True	174726	175407	left	(512, 384)	testing
10	xd	f	20	7	circle	none	same	hori	left	N_dis	(608, 480)	True	176433	177035	left	(512, 384)	testing
10	xd	f	20	7	circle	red	dif	hori	left	(608, 480)	(376, 384)	True	178218	178858	left	(512, 384)	testing
10	xd	f	20	7	circle	red	dif	vert	up	(415, 480)	(648, 384)	True	179931	180555	up	(512, 384)	testing
10	xd	f	20	7	diamond	none	same	vert	up	N_dis	(512, 248)	True	181729	182480	up	(512, 384)	testing
10	xd	f	20	7	circle	none	same	hori	left	N_dis	(648, 384)	True	183571	184151	left	(512, 384)	testing
10	xd	f	20	7	circle	red	same	hori	left	(608, 480)	(415, 480)	True	185192	185752	left	(512, 384)	testing
10	xd	f	20	7	diamond	red	dif	vert	up	(608, 480)	(376, 384)	True	186783	187316	up	(512, 384)	testing
10	xd	f	20	7	circle	red	dif	vert	up	(415, 287)	(648, 384)	True	188583	189100	up	(512, 384)	testing
10	xd	f	20	7	circle	green	dif	hori	left	(608, 480)	(512, 520)	True	190133	191155	left	(512, 384)	testing
10	xd	f	20	7	diamond	green	dif	vert	up	(608, 480)	(512, 520)	True	192345	193505	up	(512, 384)	testing
10	xd	f	20	7	diamond	green	dif	hori	left	(512, 520)	(415, 480)	True	194697	195893	left	(512, 384)	testing
10	xd	f	20	7	circle	green	same	vert	up	(608, 480)	(512, 520)	True	197160	198207	up	(512, 384)	testing
10	xd	f	20	7	circle	none	same	hori	left	N_dis	(415, 480)	True	199272	199831	left	(512, 384)	testing
10	xd	f	20	7	diamond	red	same	vert	up	(608, 480)	(512, 248)	True	201024	201630	up	(512, 384)	testing
10	xd	f	20	7	circle	none	same	vert	up	N_dis	(512, 248)	True	202705	203221	up	(512, 384)	testing
10	xd	f	20	7	diamond	red	same	vert	up	(512, 248)	(415, 287)	True	204481	205536	up	(512, 384)	testing
10	xd	f	20	7	diamond	red	dif	vert	up	(376, 384)	(608, 287)	True	206630	207279	up	(512, 384)	testing
10	xd	f	20	7	circle	green	same	vert	up	(608, 480)	(608, 287)	True	208404	209389	up	(512, 384)	testing
10	xd	f	20	7	diamond	none	same	hori	left	N_dis	(415, 287)	True	210631	211402	left	(512, 384)	testing
10	xd	f	20	7	diamond	none	dif	hori	left	N_dis	(608, 287)	True	212562	213169	left	(512, 384)	testing
10	xd	f	20	7	diamond	green	dif	hori	left	(608, 480)	(415, 480)	True	214431	215373	left	(512, 384)	testing
10	xd	f	20	7	circle	green	dif	vert	up	(608, 480)	(376, 384)	True	216505	217551	up	(512, 384)	testing
10	xd	f	20	7	circle	none	dif	hori	left	N_dis	(512, 520)	True	218604	219547	left	(512, 384)	testing
10	xd	f	20	7	diamond	green	dif	hori	left	(608, 480)	(608, 287)	True	220612	221212	left	(512, 384)	testing
10	xd	f	20	7	circle	red	same	vert	up	(608, 480)	(648, 384)	True	222457	223054	up	(512, 384)	testing
10	xd	f	20	7	circle	green	same	hori	left	(608, 480)	(512, 248)	True	224256	224966	left	(512, 384)	testing
10	xd	f	20	7	circle	red	same	hori	left	(512, 520)	(415, 287)	True	226211	227000	left	(512, 384)	testing
10	xd	f	20	7	circle	green	same	vert	up	(608, 480)	(648, 384)	True	228188	228787	up	(512, 384)	testing
10	xd	f	20	7	diamond	red	same	hori	left	(608, 480)	(512, 520)	True	230049	230865	left	(512, 384)	testing
10	xd	f	20	7	circle	none	same	vert	up	N_dis	(608, 480)	True	231953	232972	up	(512, 384)	testing
10	xd	f	20	7	diamond	green	dif	hori	left	(608, 480)	(415, 287)	True	234193	234988	left	(512, 384)	testing
10	xd	f	20	7	circle	green	dif	vert	up	(608, 480)	(415, 480)	True	236157	236921	up	(512, 384)	testing
10	xd	f	20	7	diamond	red	same	hori	left	(608, 480)	(415, 287)	True	237993	238715	left	(512, 384)	testing
10	xd	f	20	7	circle	green	dif	hori	left	(608, 480)	(512, 248)	True	239799	240691	left	(512, 384)	testing
10	xd	f	20	7	diamond	none	same	hori	left	N_dis	(415, 287)	True	241756	242417	left	(512, 384)	testing
10	xd	f	20	7	diamond	none	dif	vert	up	N_dis	(415, 480)	True	243651	244395	up	(512, 384)	testing
10	xd	f	20	7	circle	red	same	hori	left	(608, 480)	(415, 287)	True	245466	246148	left	(512, 384)	testing
10	xd	f	20	7	circle	red	same	hori	left	(608, 480)	(648, 384)	True	247175	247807	left	(512, 384)	testing
10	xd	f	20	7	circle	red	same	vert	up	(415, 480)	(512, 520)	True	249073	249854	up	(512, 384)	testing
10	xd	f	20	7	diamond	none	same	hori	left	N_dis	(512, 248)	True	251016	251713	left	(512, 384)	testing
10	xd	f	20	7	circle	none	same	vert	up	N_dis	(415, 480)	True	252834	253732	up	(512, 384)	testing
10	xd	f	20	7	circle	none	same	hori	left	N_dis	(648, 384)	True	254776	255352	left	(512, 384)	testing
10	xd	f	20	7	diamond	green	same	vert	up	(608, 480)	(415, 287)	True	256505	257236	up	(512, 384)	testing
10	xd	f	20	7	circle	red	dif	hori	left	(608, 480)	(608, 287)	True	258480	259104	left	(512, 384)	testing
10	xd	f	20	7	circle	green	same	hori	left	(608, 480)	(608, 287)	True	260346	260930	left	(512, 384)	testing
10	xd	f	20	7	circle	red	same	vert	up	(608, 480)	(415, 480)	True	262185	262792	up	(512, 384)	testing
10	xd	f	20	7	circle	green	dif	vert	up	(648, 384)	(415, 480)	True	263942	264606	up	(512, 384)	testing
10	xd	f	20	7	diamond	red	dif	vert	up	(608, 480)	(415, 480)	True	265800	266642	up	(512, 384)	testing
10	xd	f	20	7	circle	none	dif	hori	left	N_dis	(415, 287)	True	267727	268444	left	(512, 384)	testing
10	xd	f	20	7	diamond	red	same	vert	up	(608, 480)	(608, 287)	True	269608	270466	up	(512, 384)	testing
10	xd	f	20	7	diamond	green	same	hori	left	(415, 287)	(415, 480)	True	271657	272527	left	(512, 384)	testing
10	xd	f	20	7	circle	red	same	vert	up	(376, 384)	(608, 287)	True	273683	274491	up	(512, 384)	testing
10	xd	f	20	7	circle	none	dif	vert	up	N_dis	(648, 384)	True	275764	276356	up	(512, 384)	testing
10	xd	f	20	7	diamond	none	dif	vert	up	N_dis	(376, 384)	True	277576	278246	up	(512, 384)	testing
10	xd	f	20	7	diamond	red	same	hori	left	(376, 384)	(512, 520)	True	279366	280077	left	(512, 384)	testing
10	xd	f	20	7	diamond	green	same	vert	up	(608, 480)	(512, 248)	True	281169	281767	up	(512, 384)	testing
10	xd	f	20	7	diamond	green	same	vert	up	(608, 480)	(648, 384)	True	283015	283530	up	(512, 384)	testing
10	xd	f	20	7	circle	red	dif	vert	up	(608, 480)	(512, 248)	True	284742	285580	left	(512, 384)	testing
10	xd	f	20	7	diamond	red	dif	vert	up	(415, 480)	(648, 384)	True	288316	288932	up	(512, 384)	testing
10	xd	f	20	7	circle	none	dif	vert	up	N_dis	(608, 287)	True	290124	290820	up	(512, 384)	testing
10	xd	f	20	7	circle	red	same	vert	up	(648, 384)	(608, 287)	True	292042	292734	up	(512, 384)	testing
10	xd	f	20	7	diamond	green	same	vert	up	(512, 248)	(608, 287)	True	293846	294544	up	(512, 384)	testing
10	xd	f	20	7	diamond	none	dif	hori	left	N_dis	(376, 384)	True	295772	296523	left	(512, 384)	testing
10	xd	f	20	7	diamond	none	same	vert	up	N_dis	(648, 384)	True	297679	298245	up	(512, 384)	testing
10	xd	f	20	7	circle	green	dif	vert	up	(415, 287)	(415, 480)	True	299448	300288	up	(512, 384)	testing
10	xd	f	20	7	circle	green	same	vert	up	(608, 480)	(512, 248)	True	301505	302203	up	(512, 384)	testing
10	xd	f	20	7	diamond	none	dif	vert	up	N_dis	(648, 384)	True	303256	303864	up	(512, 384)	testing
10	xd	f	20	7	diamond	green	dif	vert	up	(608, 480)	(415, 287)	True	305109	305914	up	(512, 384)	testing
10	xd	f	20	7	circle	green	dif	hori	left	(415, 287)	(512, 520)	True	306943	307625	left	(512, 384)	testing
10	xd	f	20	7	circle	red	same	hori	left	(608, 480)	(415, 287)	True	308828	309425	left	(512, 384)	testing
10	xd	f	20	7	diamond	red	dif	hori	left	(608, 480)	(648, 384)	True	310660	311822	left	(512, 384)	testing
10	xd	f	20	7	diamond	red	same	hori	left	(608, 480)	(415, 287)	True	313054	313729	left	(512, 384)	testing
10	xd	f	20	7	diamond	green	same	hori	left	(512, 520)	(512, 248)	True	314969	315614	left	(512, 384)	testing
10	xd	f	20	7	circle	red	dif	hori	left	(608, 480)	(648, 384)	True	316868	317743	left	(512, 384)	testing
10	xd	f	20	7	circle	none	same	vert	up	N_dis	(415, 287)	True	318800	319514	up	(512, 384)	testing
10	xd	f	20	7	circle	none	dif	vert	up	N_dis	(415, 480)	True	320607	321317	up	(512, 384)	testing
10	xd	f	20	7	circle	none	dif	vert	up	N_dis	(512, 520)	True	322586	323235	up	(512, 384)	testing
10	xd	f	20	7	diamond	none	same	hori	left	N_dis	(512, 248)	True	324488	325419	left	(512, 384)	testing
10	xd	f	20	7	diamond	none	dif	hori	left	N_dis	(415, 480)	True	326608	327279	left	(512, 384)	testing
10	xd	f	20	7	circle	red	dif	hori	left	(608, 287)	(376, 384)	True	328380	329365	left	(512, 384)	testing
10	xd	f	20	7	diamond	green	same	vert	up	(608, 480)	(648, 384)	True	330436	331287	up	(512, 384)	testing
10	xd	f	20	7	circle	red	dif	vert	up	(608, 287)	(512, 520)	True	332330	333046	up	(512, 384)	testing
10	xd	f	20	7	diamond	green	dif	vert	up	(608, 287)	(648, 384)	True	334086	334915	up	(512, 384)	testing
10	xd	f	20	7	circle	green	same	hori	left	(608, 480)	(512, 248)	True	336161	336874	left	(512, 384)	testing
10	xd	f	20	7	circle	none	dif	hori	left	N_dis	(608, 480)	True	338080	338864	left	(512, 384)	testing
10	xd	f	20	7	diamond	none	dif	vert	up	N_dis	(608, 480)	True	339963	340729	up	(512, 384)	testing
10	xd	f	20	7	diamond	green	same	hori	left	(608, 480)	(376, 384)	True	341826	342580	left	(512, 384)	testing
10	xd	f	20	7	diamond	green	dif	hori	left	(608, 480)	(376, 384)	True	343796	344493	left	(512, 384)	testing
10	xd	f	20	7	diamond	none	same	vert	up	N_dis	(512, 520)	True	345643	346296	up	(512, 384)	testing
10	xd	f	20	7	diamond	none	same	hori	left	N_dis	(512, 248)	True	347545	348171	left	(512, 384)	testing
10	xd	f	20	7	diamond	green	dif	vert	up	(608, 480)	(608, 287)	True	349415	349969	up	(512, 384)	testing
10	xd	f	20	7	circle	green	same	vert	up	(415, 480)	(512, 520)	True	351174	351888	left	(512, 384)	testing
10	xd	f	20	7	diamond	red	same	vert	up	(608, 480)	(376, 384)	True	354453	355346	up	(512, 384)	testing
10	xd	f	20	7	circle	none	dif	hori	left	N_dis	(608, 480)	True	356459	357365	left	(512, 384)	testing
10	xd	f	20	7	diamond	red	same	vert	up	(608, 480)	(512, 520)	True	358571	359650	up	(512, 384)	testing
10	xd	f	20	7	circle	none	dif	vert	up	N_dis	(376, 384)	True	360909	361652	up	(512, 384)	testing
10	xd	f	20	7	diamond	none	dif	hori	left	N_dis	(376, 384)	True	362748	363420	left	(512, 384)	testing
10	xd	f	20	7	diamond	green	same	hori	left	(608, 480)	(512, 520)	True	364600	365789	left	(512, 384)	testing
10	xd	f	20	7	circle	red	dif	hori	left	(512, 248)	(648, 384)	True	366852	367716	left	(512, 384)	testing
10	xd	f	20	7	circle	green	same	hori	left	(608, 480)	(608, 287)	True	368884	369567	left	(512, 384)	testing
10	xd	f	20	7	diamond	red	dif	hori	left	(376, 384)	(512, 520)	True	370797	371705	left	(512, 384)	testing
10	xd	f	20	7	circle	green	same	hori	left	(608, 480)	(415, 287)	True	372764	373499	left	(512, 384)	testing
10	xd	f	20	7	diamond	none	dif	vert	up	N_dis	(512, 520)	True	374633	375327	up	(512, 384)	testing
10	xd	f	20	7	diamond	none	same	vert	up	N_dis	(608, 287)	True	376491	377436	up	(512, 384)	testing
10	xd	f	20	7	diamond	red	dif	vert	up	(608, 480)	(415, 480)	True	378612	379355	up	(512, 384)	testing
10	xd	f	20	7	diamond	green	same	hori	left	(608, 287)	(376, 384)	True	380432	381111	left	(512, 384)	testing
10	xd	f	20	7	diamond	green	dif	vert	up	(512, 248)	(376, 384)	True	382162	382795	up	(512, 384)	testing
10	xd	f	20	7	diamond	red	dif	hori	left	(648, 384)	(608, 287)	True	383976	384731	left	(512, 384)	testing
10	xd	f	20	7	diamond	none	same	vert	up	N_dis	(415, 287)	True	385902	386590	up	(512, 384)	testing
10	xd	f	20	7	circle	none	dif	hori	left	N_dis	(608, 287)	True	387676	388379	left	(512, 384)	testing
10	xd	f	20	7	circle	red	dif	vert	up	(608, 480)	(415, 287)	True	389538	390465	up	(512, 384)	testing
10	xd	f	20	7	circle	green	dif	hori	left	(648, 384)	(512, 248)	True	391568	392293	left	(512, 384)	testing
10	xd	f	20	7	diamond	red	dif	hori	left	(512, 520)	(648, 384)	True	393375	394078	left	(512, 384)	testing
