subj	name	gender	age	runNum	shape	dist	td_dif	resp	resp_key	d_loc	t_loc	gotKey	startTime	respTime	resp	fix_loc	prac
10	xd	f	20	3	diamond	green	same	hori	left	(376, 384)	(608, 480)	True	7863	8780	left	(512, 384)	testing
10	xd	f	20	3	circle	green	dif	hori	left	(376, 384)	(415, 480)	True	10024	10753	left	(512, 384)	testing
10	xd	f	20	3	diamond	red	same	hori	left	(376, 384)	(608, 480)	True	11791	12596	left	(512, 384)	testing
10	xd	f	20	3	diamond	red	dif	vert	up	(376, 384)	(415, 480)	True	13718	15143	up	(512, 384)	testing
10	xd	f	20	3	circle	none	same	vert	up	N_dis	(415, 287)	True	16328	16966	up	(512, 384)	testing
10	xd	f	20	3	diamond	green	same	vert	up	(608, 480)	(415, 480)	True	18195	19089	up	(512, 384)	testing
10	xd	f	20	3	circle	red	same	vert	up	(415, 480)	(512, 520)	True	20242	21048	up	(512, 384)	testing
10	xd	f	20	3	circle	red	same	vert	up	(376, 384)	(608, 287)	True	22174	22786	up	(512, 384)	testing
10	xd	f	20	3	circle	green	same	hori	left	(415, 287)	(415, 480)	True	24004	24560	left	(512, 384)	testing
10	xd	f	20	3	circle	none	dif	hori	left	N_dis	(415, 287)	True	25666	26162	left	(512, 384)	testing
10	xd	f	20	3	diamond	green	same	vert	up	(376, 384)	(512, 520)	True	27429	28320	up	(512, 384)	testing
10	xd	f	20	3	diamond	none	dif	hori	left	N_dis	(648, 384)	True	29411	30097	left	(512, 384)	testing
10	xd	f	20	3	diamond	green	dif	hori	left	(376, 384)	(512, 248)	True	31221	32082	left	(512, 384)	testing
10	xd	f	20	3	circle	green	same	vert	up	(512, 248)	(415, 480)	True	33162	34100	up	(512, 384)	testing
10	xd	f	20	3	circle	none	same	hori	left	N_dis	(376, 384)	True	35163	35639	left	(512, 384)	testing
10	xd	f	20	3	diamond	red	same	vert	up	(376, 384)	(415, 480)	True	36866	37683	up	(512, 384)	testing
10	xd	f	20	3	diamond	none	dif	vert	up	N_dis	(376, 384)	True	38772	39408	up	(512, 384)	testing
10	xd	f	20	3	circle	green	same	hori	left	(376, 384)	(512, 248)	True	40534	41222	left	(512, 384)	testing
10	xd	f	20	3	circle	none	dif	hori	left	N_dis	(376, 384)	True	42290	42829	left	(512, 384)	testing
10	xd	f	20	3	diamond	none	dif	vert	up	N_dis	(415, 480)	True	43948	44711	up	(512, 384)	testing
10	xd	f	20	3	diamond	none	same	hori	left	N_dis	(415, 480)	True	45886	46932	left	(512, 384)	testing
10	xd	f	20	3	diamond	red	same	hori	left	(376, 384)	(415, 480)	True	48158	49077	left	(512, 384)	testing
10	xd	f	20	3	diamond	red	dif	vert	up	(376, 384)	(512, 520)	True	50314	50923	up	(512, 384)	testing
10	xd	f	20	3	diamond	none	same	vert	up	N_dis	(608, 480)	True	52034	52928	up	(512, 384)	testing
10	xd	f	20	3	circle	red	dif	vert	up	(648, 384)	(415, 480)	True	53954	54909	up	(512, 384)	testing
10	xd	f	20	3	diamond	none	same	vert	up	N_dis	(512, 520)	True	55947	56701	up	(512, 384)	testing
10	xd	f	20	3	diamond	green	dif	hori	left	(512, 248)	(415, 287)	True	57883	58745	left	(512, 384)	testing
10	xd	f	20	3	circle	green	dif	hori	left	(376, 384)	(608, 287)	True	59850	60576	left	(512, 384)	testing
10	xd	f	20	3	circle	none	dif	hori	left	N_dis	(512, 248)	True	61777	62275	left	(512, 384)	testing
10	xd	f	20	3	diamond	none	dif	hori	left	N_dis	(608, 480)	True	63395	64333	left	(512, 384)	testing
10	xd	f	20	3	diamond	none	same	hori	left	N_dis	(512, 520)	True	65446	66147	left	(512, 384)	testing
10	xd	f	20	3	diamond	green	same	vert	up	(376, 384)	(608, 480)	True	67204	67871	up	(512, 384)	testing
10	xd	f	20	3	diamond	green	same	vert	up	(376, 384)	(648, 384)	True	69091	69673	up	(512, 384)	testing
10	xd	f	20	3	circle	red	same	hori	left	(376, 384)	(415, 480)	True	70921	71797	left	(512, 384)	testing
10	xd	f	20	3	circle	red	dif	hori	left	(376, 384)	(415, 287)	True	73055	73659	left	(512, 384)	testing
10	xd	f	20	3	circle	green	same	vert	up	(608, 287)	(512, 520)	True	74692	75378	up	(512, 384)	testing
10	xd	f	20	3	diamond	none	dif	hori	left	N_dis	(415, 287)	True	76584	77226	left	(512, 384)	testing
10	xd	f	20	3	diamond	red	dif	hori	left	(608, 480)	(608, 287)	True	78376	79165	left	(512, 384)	testing
10	xd	f	20	3	diamond	none	same	vert	up	N_dis	(608, 287)	True	80437	81087	up	(512, 384)	testing
10	xd	f	20	3	diamond	red	dif	vert	up	(648, 384)	(415, 480)	True	82224	82839	up	(512, 384)	testing
10	xd	f	20	3	diamond	none	dif	hori	left	N_dis	(512, 248)	True	83955	84582	left	(512, 384)	testing
10	xd	f	20	3	circle	green	dif	vert	up	(376, 384)	(648, 384)	True	85715	86796	up	(512, 384)	testing
10	xd	f	20	3	circle	green	same	hori	left	(376, 384)	(648, 384)	True	87878	88418	left	(512, 384)	testing
10	xd	f	20	3	diamond	green	dif	vert	up	(376, 384)	(512, 520)	True	89660	90383	up	(512, 384)	testing
10	xd	f	20	3	circle	green	same	hori	left	(376, 384)	(608, 287)	True	91553	92621	left	(512, 384)	testing
10	xd	f	20	3	diamond	green	dif	vert	up	(608, 480)	(512, 248)	True	93794	94842	up	(512, 384)	testing
10	xd	f	20	3	diamond	green	same	hori	left	(376, 384)	(648, 384)	True	96088	96678	left	(512, 384)	testing
10	xd	f	20	3	diamond	green	dif	hori	left	(376, 384)	(648, 384)	True	97759	98258	left	(512, 384)	testing
10	xd	f	20	3	circle	red	dif	vert	up	(376, 384)	(415, 480)	True	99390	100214	up	(512, 384)	testing
10	xd	f	20	3	diamond	green	dif	vert	up	(376, 384)	(648, 384)	True	101420	102074	up	(512, 384)	testing
10	xd	f	20	3	circle	green	same	vert	up	(376, 384)	(512, 520)	True	103318	104297	up	(512, 384)	testing
10	xd	f	20	3	diamond	none	same	hori	left	N_dis	(415, 480)	True	105410	106037	left	(512, 384)	testing
10	xd	f	20	3	circle	none	same	vert	up	N_dis	(648, 384)	True	107256	108075	up	(512, 384)	testing
10	xd	f	20	3	diamond	green	same	hori	left	(415, 287)	(608, 287)	True	109295	110057	left	(512, 384)	testing
10	xd	f	20	3	circle	red	same	hori	left	(512, 248)	(415, 287)	True	111117	112081	left	(512, 384)	testing
10	xd	f	20	3	circle	red	dif	hori	left	(512, 520)	(415, 287)	True	113299	114686	left	(512, 384)	testing
10	xd	f	20	3	circle	green	dif	vert	up	(376, 384)	(608, 480)	True	115949	116537	up	(512, 384)	testing
10	xd	f	20	3	circle	green	same	hori	left	(376, 384)	(648, 384)	True	117617	118111	left	(512, 384)	testing
10	xd	f	20	3	diamond	red	same	vert	up	(376, 384)	(512, 248)	True	119367	120132	up	(512, 384)	testing
10	xd	f	20	3	circle	none	dif	hori	left	N_dis	(608, 287)	True	121171	121679	left	(512, 384)	testing
10	xd	f	20	3	circle	none	dif	vert	up	N_dis	(648, 384)	True	122895	123441	up	(512, 384)	testing
10	xd	f	20	3	circle	none	dif	vert	up	N_dis	(608, 287)	True	124657	125240	up	(512, 384)	testing
10	xd	f	20	3	diamond	red	same	vert	up	(415, 480)	(415, 287)	True	126336	127496	up	(512, 384)	testing
10	xd	f	20	3	circle	none	same	hori	left	N_dis	(512, 248)	True	128602	129248	left	(512, 384)	testing
10	xd	f	20	3	circle	red	same	hori	left	(648, 384)	(415, 287)	True	130500	131119	left	(512, 384)	testing
10	xd	f	20	3	diamond	none	dif	vert	up	N_dis	(415, 480)	True	132312	133018	up	(512, 384)	testing
10	xd	f	20	3	circle	red	dif	vert	up	(608, 287)	(415, 480)	True	134059	135680	up	(512, 384)	testing
10	xd	f	20	3	circle	none	same	vert	up	N_dis	(608, 480)	True	136744	137445	up	(512, 384)	testing
10	xd	f	20	3	circle	green	dif	hori	left	(376, 384)	(512, 248)	True	138625	139284	left	(512, 384)	testing
10	xd	f	20	3	diamond	green	dif	hori	left	(512, 248)	(415, 480)	True	140420	141166	left	(512, 384)	testing
10	xd	f	20	3	diamond	none	same	hori	left	N_dis	(648, 384)	True	142238	142813	left	(512, 384)	testing
10	xd	f	20	3	circle	red	dif	vert	up	(376, 384)	(608, 287)	True	143869	144550	up	(512, 384)	testing
10	xd	f	20	3	circle	red	same	hori	left	(376, 384)	(608, 480)	True	145772	146406	left	(512, 384)	testing
10	xd	f	20	3	diamond	none	same	vert	up	N_dis	(608, 287)	True	147677	148291	up	(512, 384)	testing
10	xd	f	20	3	circle	green	dif	hori	left	(415, 480)	(608, 480)	True	149487	150341	left	(512, 384)	testing
10	xd	f	20	3	circle	green	dif	vert	up	(512, 520)	(608, 480)	True	151468	152237	up	(512, 384)	testing
10	xd	f	20	3	circle	green	dif	vert	up	(376, 384)	(608, 480)	True	153465	154204	up	(512, 384)	testing
10	xd	f	20	3	circle	none	dif	vert	up	N_dis	(608, 287)	True	155320	156023	up	(512, 384)	testing
10	xd	f	20	3	diamond	none	same	vert	up	N_dis	(512, 520)	True	157132	158133	up	(512, 384)	testing
10	xd	f	20	3	circle	red	dif	hori	left	(608, 287)	(415, 287)	True	159324	159973	left	(512, 384)	testing
10	xd	f	20	3	circle	red	same	vert	up	(376, 384)	(512, 520)	True	161138	161713	up	(512, 384)	testing
10	xd	f	20	3	circle	none	dif	vert	up	N_dis	(512, 520)	True	162747	163295	up	(512, 384)	testing
10	xd	f	20	3	circle	green	same	vert	up	(376, 384)	(648, 384)	True	164373	164996	up	(512, 384)	testing
10	xd	f	20	3	circle	green	dif	hori	left	(608, 480)	(608, 287)	True	166169	166670	left	(512, 384)	testing
10	xd	f	20	3	circle	none	dif	vert	up	N_dis	(415, 287)	True	167696	168247	up	(512, 384)	testing
10	xd	f	20	3	circle	none	dif	hori	left	N_dis	(608, 480)	True	169491	170083	left	(512, 384)	testing
10	xd	f	20	3	diamond	green	same	hori	left	(512, 520)	(512, 248)	True	171313	172389	left	(512, 384)	testing
10	xd	f	20	3	diamond	red	same	hori	left	(376, 384)	(608, 287)	True	173482	174109	up	(512, 384)	testing
10	xd	f	20	3	circle	none	same	vert	up	N_dis	(512, 248)	True	176882	177593	up	(512, 384)	testing
10	xd	f	20	3	circle	green	same	vert	up	(376, 384)	(415, 480)	True	178623	179518	up	(512, 384)	testing
10	xd	f	20	3	diamond	green	dif	vert	up	(608, 287)	(512, 248)	True	180607	181191	left	(512, 384)	testing
10	xd	f	20	3	diamond	none	dif	vert	up	N_dis	(512, 520)	True	183865	184965	up	(512, 384)	testing
10	xd	f	20	3	circle	none	same	vert	up	N_dis	(415, 287)	True	186048	186856	up	(512, 384)	testing
10	xd	f	20	3	diamond	red	same	hori	left	(376, 384)	(415, 287)	True	187930	189486	left	(512, 384)	testing
10	xd	f	20	3	circle	red	same	vert	up	(376, 384)	(415, 287)	True	190602	192064	up	(512, 384)	testing
10	xd	f	20	3	diamond	red	same	hori	left	(376, 384)	(512, 520)	True	193134	193975	left	(512, 384)	testing
10	xd	f	20	3	diamond	red	dif	hori	left	(376, 384)	(648, 384)	True	195000	195641	left	(512, 384)	testing
10	xd	f	20	3	circle	red	same	vert	up	(376, 384)	(415, 287)	True	196910	197887	up	(512, 384)	testing
10	xd	f	20	3	circle	green	dif	vert	up	(648, 384)	(512, 248)	True	198924	200254	up	(512, 384)	testing
10	xd	f	20	3	circle	none	same	hori	left	N_dis	(376, 384)	True	201357	201981	left	(512, 384)	testing
10	xd	f	20	3	diamond	green	same	hori	left	(376, 384)	(608, 480)	True	203007	203855	left	(512, 384)	testing
10	xd	f	20	3	diamond	green	same	vert	up	(376, 384)	(608, 287)	True	205017	205666	up	(512, 384)	testing
10	xd	f	20	3	diamond	green	dif	hori	left	(376, 384)	(512, 248)	True	206867	207679	left	(512, 384)	testing
10	xd	f	20	3	diamond	green	dif	vert	up	(376, 384)	(512, 520)	True	208760	209515	up	(512, 384)	testing
10	xd	f	20	3	circle	none	same	hori	left	N_dis	(512, 248)	True	210731	211486	left	(512, 384)	testing
10	xd	f	20	3	diamond	red	dif	vert	up	(415, 287)	(415, 480)	True	212594	213834	up	(512, 384)	testing
10	xd	f	20	3	circle	red	dif	hori	left	(376, 384)	(608, 287)	True	215089	215739	left	(512, 384)	testing
10	xd	f	20	3	diamond	red	dif	vert	up	(376, 384)	(512, 248)	True	216765	217513	up	(512, 384)	testing
10	xd	f	20	3	diamond	none	same	hori	left	N_dis	(376, 384)	True	218618	219583	left	(512, 384)	testing
10	xd	f	20	3	diamond	red	dif	hori	left	(376, 384)	(415, 287)	True	220627	221444	left	(512, 384)	testing
10	xd	f	20	3	diamond	none	dif	hori	left	N_dis	(415, 480)	True	222597	223212	left	(512, 384)	testing
10	xd	f	20	3	diamond	none	dif	vert	up	N_dis	(648, 384)	True	224246	224825	up	(512, 384)	testing
10	xd	f	20	3	circle	red	dif	hori	left	(376, 384)	(415, 287)	True	225984	227195	left	(512, 384)	testing
10	xd	f	20	3	circle	red	same	hori	left	(376, 384)	(415, 287)	True	228296	229367	left	(512, 384)	testing
10	xd	f	20	3	diamond	red	dif	hori	left	(415, 480)	(648, 384)	True	230508	231443	left	(512, 384)	testing
10	xd	f	20	3	diamond	red	same	vert	up	(415, 287)	(415, 480)	True	232545	233436	up	(512, 384)	testing
10	xd	f	20	3	circle	red	dif	vert	up	(512, 520)	(415, 480)	True	234483	235383	up	(512, 384)	testing
10	xd	f	20	3	diamond	red	dif	hori	left	(376, 384)	(648, 384)	True	236433	237328	left	(512, 384)	testing
10	xd	f	20	3	diamond	red	same	vert	up	(376, 384)	(512, 248)	True	238569	239286	up	(512, 384)	testing
10	xd	f	20	3	circle	none	same	hori	left	N_dis	(608, 480)	True	240534	241214	left	(512, 384)	testing
