subj	name	gender	age	runNum	shape	dist	td_dif	resp	resp_key	d_loc	t_loc	gotKey	startTime	respTime	resp	fix_loc	prac
11	jm	f	20	8	circle	red	same	hori	left	(415, 287)	(608, 480)	True	110115	111166	left	(512, 384)	testing
11	jm	f	20	8	diamond	green	dif	vert	up	(648, 384)	(415, 287)	True	112218	113086	up	(512, 384)	testing
11	jm	f	20	8	circle	red	dif	hori	left	(512, 248)	(415, 480)	True	114109	114893	left	(512, 384)	testing
11	jm	f	20	8	circle	green	same	vert	up	(415, 287)	(608, 480)	True	115970	116776	up	(512, 384)	testing
11	jm	f	20	8	circle	red	dif	hori	left	(648, 384)	(376, 384)	True	117992	118653	left	(512, 384)	testing
11	jm	f	20	8	circle	red	dif	vert	up	(648, 384)	(415, 480)	True	119744	120726	up	(512, 384)	testing
11	jm	f	20	8	diamond	red	same	vert	up	(512, 520)	(415, 287)	True	121987	122898	up	(512, 384)	testing
11	jm	f	20	8	circle	none	dif	vert	up	N_dis	(648, 384)	True	123983	124743	up	(512, 384)	testing
11	jm	f	20	8	circle	green	dif	vert	up	(648, 384)	(415, 480)	True	125865	126743	up	(512, 384)	testing
11	jm	f	20	8	circle	green	dif	vert	up	(648, 384)	(415, 480)	True	127941	128666	up	(512, 384)	testing
11	jm	f	20	8	diamond	red	same	vert	up	(376, 384)	(512, 248)	True	129867	130791	up	(512, 384)	testing
11	jm	f	20	8	diamond	red	dif	hori	left	(648, 384)	(608, 480)	True	132054	133013	left	(512, 384)	testing
11	jm	f	20	8	circle	green	dif	hori	left	(648, 384)	(512, 248)	True	134107	135110	left	(512, 384)	testing
11	jm	f	20	8	circle	none	dif	vert	up	N_dis	(608, 287)	True	136247	137301	up	(512, 384)	testing
11	jm	f	20	8	diamond	green	same	hori	left	(648, 384)	(608, 287)	True	138555	139671	left	(512, 384)	testing
11	jm	f	20	8	circle	red	same	hori	left	(376, 384)	(608, 287)	True	140721	141484	left	(512, 384)	testing
11	jm	f	20	8	circle	green	same	vert	up	(415, 480)	(608, 287)	True	142683	143497	up	(512, 384)	testing
11	jm	f	20	8	circle	none	same	vert	up	N_dis	(648, 384)	True	144532	145521	up	(512, 384)	testing
11	jm	f	20	8	diamond	red	same	hori	left	(415, 480)	(608, 287)	True	146548	147778	left	(512, 384)	testing
11	jm	f	20	8	circle	red	dif	vert	up	(648, 384)	(415, 480)	True	148845	149695	up	(512, 384)	testing
11	jm	f	20	8	circle	red	same	hori	left	(648, 384)	(415, 287)	True	150867	152014	left	(512, 384)	testing
11	jm	f	20	8	circle	none	dif	hori	left	N_dis	(648, 384)	True	153178	153903	left	(512, 384)	testing
11	jm	f	20	8	diamond	green	same	hori	left	(608, 287)	(512, 520)	True	154961	156087	left	(512, 384)	testing
11	jm	f	20	8	circle	green	dif	hori	left	(648, 384)	(512, 520)	True	157328	159897	left	(512, 384)	testing
11	jm	f	20	8	diamond	green	dif	hori	left	(648, 384)	(608, 480)	True	161079	162163	left	(512, 384)	testing
11	jm	f	20	8	circle	red	same	hori	left	(648, 384)	(608, 480)	True	163268	164835	left	(512, 384)	testing
11	jm	f	20	8	circle	none	same	vert	up	N_dis	(415, 287)	True	165971	167054	up	(512, 384)	testing
11	jm	f	20	8	diamond	none	same	hori	left	N_dis	(415, 480)	True	168240	169271	left	(512, 384)	testing
11	jm	f	20	8	circle	none	same	vert	up	N_dis	(415, 287)	True	170543	171837	up	(512, 384)	testing
11	jm	f	20	8	circle	green	dif	vert	up	(648, 384)	(415, 287)	True	173011	174777	up	(512, 384)	testing
11	jm	f	20	8	diamond	none	same	hori	left	N_dis	(512, 248)	True	176025	176891	left	(512, 384)	testing
11	jm	f	20	8	diamond	green	same	hori	left	(648, 384)	(415, 480)	True	178001	178977	left	(512, 384)	testing
11	jm	f	20	8	diamond	green	same	vert	up	(648, 384)	(376, 384)	True	180107	181320	up	(512, 384)	testing
11	jm	f	20	8	diamond	green	same	hori	left	(648, 384)	(608, 480)	True	182346	184302	left	(512, 384)	testing
11	jm	f	20	8	circle	red	same	hori	left	(648, 384)	(512, 520)	True	185527	186677	left	(512, 384)	testing
11	jm	f	20	8	circle	red	dif	hori	left	(648, 384)	(608, 480)	True	187842	188699	left	(512, 384)	testing
11	jm	f	20	8	circle	green	dif	vert	up	(512, 520)	(376, 384)	True	189841	191889	up	(512, 384)	testing
11	jm	f	20	8	diamond	none	dif	hori	left	N_dis	(415, 480)	True	193040	194256	left	(512, 384)	testing
11	jm	f	20	8	diamond	none	dif	hori	left	N_dis	(376, 384)	True	195401	197096	left	(512, 384)	testing
11	jm	f	20	8	diamond	none	dif	hori	left	N_dis	(415, 480)	True	198131	199327	left	(512, 384)	testing
11	jm	f	20	8	diamond	none	same	vert	up	N_dis	(608, 480)	True	200547	201427	up	(512, 384)	testing
11	jm	f	20	8	diamond	red	same	hori	left	(512, 520)	(415, 480)	True	202591	204038	left	(512, 384)	testing
11	jm	f	20	8	circle	none	dif	vert	up	N_dis	(415, 287)	True	205089	205947	up	(512, 384)	testing
11	jm	f	20	8	diamond	red	dif	vert	up	(648, 384)	(415, 287)	True	207167	207950	up	(512, 384)	testing
11	jm	f	20	8	circle	none	same	hori	left	N_dis	(648, 384)	True	209184	209972	left	(512, 384)	testing
11	jm	f	20	8	diamond	green	dif	vert	up	(415, 480)	(376, 384)	True	211222	212419	up	(512, 384)	testing
11	jm	f	20	8	circle	none	dif	hori	left	N_dis	(376, 384)	True	213577	214474	left	(512, 384)	testing
11	jm	f	20	8	diamond	red	same	vert	up	(648, 384)	(376, 384)	True	215698	216638	up	(512, 384)	testing
11	jm	f	20	8	diamond	none	same	vert	up	N_dis	(512, 248)	True	217713	218823	up	(512, 384)	testing
11	jm	f	20	8	diamond	green	same	vert	up	(608, 480)	(512, 520)	True	219956	221070	up	(512, 384)	testing
11	jm	f	20	8	circle	red	same	vert	up	(648, 384)	(415, 287)	True	222156	222997	up	(512, 384)	testing
11	jm	f	20	8	diamond	none	same	vert	up	N_dis	(608, 287)	True	224057	225105	up	(512, 384)	testing
11	jm	f	20	8	circle	none	dif	vert	up	N_dis	(512, 520)	True	226345	227237	up	(512, 384)	testing
11	jm	f	20	8	circle	none	dif	hori	left	N_dis	(512, 520)	True	228364	229439	left	(512, 384)	testing
11	jm	f	20	8	diamond	green	same	vert	up	(648, 384)	(608, 287)	True	230506	232595	up	(512, 384)	testing
11	jm	f	20	8	diamond	red	dif	vert	up	(608, 480)	(608, 287)	True	233790	235419	up	(512, 384)	testing
11	jm	f	20	8	diamond	none	dif	vert	up	N_dis	(512, 248)	True	236477	237302	up	(512, 384)	testing
11	jm	f	20	8	diamond	none	same	vert	up	N_dis	(376, 384)	True	238439	239103	up	(512, 384)	testing
11	jm	f	20	8	diamond	none	dif	vert	up	N_dis	(608, 287)	True	240173	240850	up	(512, 384)	testing
11	jm	f	20	8	circle	green	same	hori	left	(648, 384)	(608, 287)	True	241880	243163	left	(512, 384)	testing
11	jm	f	20	8	diamond	red	dif	hori	left	(648, 384)	(608, 480)	True	244319	245223	left	(512, 384)	testing
11	jm	f	20	8	circle	none	same	hori	left	N_dis	(648, 384)	True	246315	247617	left	(512, 384)	testing
11	jm	f	20	8	circle	red	same	vert	up	(648, 384)	(608, 287)	True	248653	250190	up	(512, 384)	testing
11	jm	f	20	8	circle	none	same	vert	up	N_dis	(415, 480)	True	251228	252358	up	(512, 384)	testing
11	jm	f	20	8	circle	none	same	hori	left	N_dis	(512, 520)	True	253427	254256	left	(512, 384)	testing
11	jm	f	20	8	diamond	none	same	hori	left	N_dis	(608, 287)	True	255516	256450	left	(512, 384)	testing
11	jm	f	20	8	diamond	green	dif	vert	up	(648, 384)	(512, 248)	True	257641	259109	up	(512, 384)	testing
11	jm	f	20	8	circle	red	dif	vert	up	(648, 384)	(376, 384)	True	260306	261337	up	(512, 384)	testing
11	jm	f	20	8	circle	red	same	vert	up	(608, 480)	(376, 384)	True	262506	263529	up	(512, 384)	testing
11	jm	f	20	8	circle	red	dif	hori	left	(648, 384)	(376, 384)	True	264793	265586	left	(512, 384)	testing
11	jm	f	20	8	circle	green	same	hori	left	(648, 384)	(608, 480)	True	266700	267594	left	(512, 384)	testing
11	jm	f	20	8	diamond	green	dif	hori	left	(648, 384)	(608, 287)	True	268798	269717	left	(512, 384)	testing
11	jm	f	20	8	diamond	none	same	hori	left	N_dis	(608, 287)	True	270816	271802	left	(512, 384)	testing
11	jm	f	20	8	diamond	green	same	vert	up	(512, 248)	(608, 287)	True	273044	274159	up	(512, 384)	testing
11	jm	f	20	8	diamond	red	dif	hori	left	(648, 384)	(415, 480)	True	275274	276099	left	(512, 384)	testing
11	jm	f	20	8	diamond	none	same	vert	up	N_dis	(376, 384)	True	277183	278270	up	(512, 384)	testing
11	jm	f	20	8	circle	green	same	hori	left	(648, 384)	(512, 248)	True	279375	280279	left	(512, 384)	testing
11	jm	f	20	8	circle	green	same	vert	up	(648, 384)	(512, 520)	True	281496	282390	up	(512, 384)	testing
11	jm	f	20	8	circle	none	dif	vert	up	N_dis	(608, 480)	True	283526	284448	up	(512, 384)	testing
11	jm	f	20	8	circle	green	dif	hori	left	(648, 384)	(376, 384)	True	285489	286213	left	(512, 384)	testing
11	jm	f	20	8	circle	red	dif	vert	up	(648, 384)	(512, 248)	True	287350	288338	up	(512, 384)	testing
11	jm	f	20	8	diamond	green	dif	hori	left	(512, 248)	(376, 384)	True	289545	290472	left	(512, 384)	testing
11	jm	f	20	8	circle	none	dif	hori	left	N_dis	(608, 480)	True	291562	292244	left	(512, 384)	testing
11	jm	f	20	8	diamond	green	dif	vert	up	(415, 480)	(376, 384)	True	293420	295009	up	(512, 384)	testing
11	jm	f	20	8	diamond	red	dif	hori	left	(415, 287)	(608, 287)	True	296074	296918	left	(512, 384)	testing
11	jm	f	20	8	circle	none	same	vert	up	N_dis	(512, 248)	True	297941	298909	up	(512, 384)	testing
11	jm	f	20	8	diamond	none	same	hori	left	N_dis	(415, 287)	True	300173	300792	left	(512, 384)	testing
11	jm	f	20	8	circle	none	same	hori	left	N_dis	(608, 480)	True	301906	302641	left	(512, 384)	testing
11	jm	f	20	8	circle	none	same	hori	left	N_dis	(512, 248)	True	303849	304637	left	(512, 384)	testing
11	jm	f	20	8	diamond	none	dif	hori	left	N_dis	(376, 384)	True	305909	306574	left	(512, 384)	testing
11	jm	f	20	8	diamond	red	same	vert	up	(512, 520)	(415, 480)	True	307797	309331	up	(512, 384)	testing
11	jm	f	20	8	circle	red	dif	vert	up	(608, 480)	(608, 287)	True	310412	311880	up	(512, 384)	testing
11	jm	f	20	8	circle	green	dif	hori	left	(648, 384)	(415, 287)	True	312937	314053	left	(512, 384)	testing
11	jm	f	20	8	diamond	red	same	hori	left	(648, 384)	(415, 480)	True	315124	316558	left	(512, 384)	testing
11	jm	f	20	8	diamond	green	dif	hori	left	(648, 384)	(376, 384)	True	317730	318857	left	(512, 384)	testing
11	jm	f	20	8	diamond	none	dif	vert	up	N_dis	(608, 480)	True	320023	320991	up	(512, 384)	testing
11	jm	f	20	8	circle	none	dif	hori	left	N_dis	(415, 287)	True	322119	322800	left	(512, 384)	testing
11	jm	f	20	8	circle	red	dif	hori	left	(648, 384)	(512, 520)	True	323839	324712	left	(512, 384)	testing
11	jm	f	20	8	diamond	green	dif	vert	up	(648, 384)	(376, 384)	True	325833	326740	up	(512, 384)	testing
11	jm	f	20	8	diamond	red	dif	hori	left	(608, 287)	(376, 384)	True	327878	328603	left	(512, 384)	testing
11	jm	f	20	8	diamond	red	same	hori	left	(648, 384)	(512, 520)	True	329756	330520	left	(512, 384)	testing
11	jm	f	20	8	circle	red	same	vert	up	(512, 248)	(608, 287)	True	331554	333146	up	(512, 384)	testing
11	jm	f	20	8	diamond	red	dif	vert	up	(415, 287)	(512, 248)	True	334180	335377	up	(512, 384)	testing
11	jm	f	20	8	diamond	red	dif	vert	up	(608, 287)	(415, 480)	True	336631	337340	up	(512, 384)	testing
11	jm	f	20	8	circle	red	same	vert	up	(648, 384)	(608, 287)	True	338592	339991	up	(512, 384)	testing
11	jm	f	20	8	circle	green	dif	hori	left	(608, 287)	(376, 384)	True	341118	341920	left	(512, 384)	testing
11	jm	f	20	8	diamond	red	dif	vert	up	(648, 384)	(415, 287)	True	342954	344161	up	(512, 384)	testing
11	jm	f	20	8	circle	green	dif	vert	up	(648, 384)	(608, 287)	True	345214	347075	up	(512, 384)	testing
11	jm	f	20	8	circle	green	same	hori	left	(648, 384)	(512, 248)	True	348321	349272	left	(512, 384)	testing
11	jm	f	20	8	diamond	red	same	vert	up	(648, 384)	(376, 384)	True	350387	351211	up	(512, 384)	testing
11	jm	f	20	8	diamond	green	dif	hori	left	(376, 384)	(512, 520)	True	352287	353179	left	(512, 384)	testing
11	jm	f	20	8	diamond	none	dif	hori	left	N_dis	(512, 520)	True	354386	355042	left	(512, 384)	testing
11	jm	f	20	8	diamond	green	same	vert	up	(648, 384)	(512, 248)	True	356279	357241	up	(512, 384)	testing
11	jm	f	20	8	circle	green	same	vert	up	(648, 384)	(512, 520)	True	358322	359447	up	(512, 384)	testing
11	jm	f	20	8	diamond	none	dif	vert	up	N_dis	(512, 520)	True	360513	361439	up	(512, 384)	testing
11	jm	f	20	8	diamond	green	same	hori	left	(376, 384)	(512, 248)	True	362587	363484	left	(512, 384)	testing
11	jm	f	20	8	circle	green	same	hori	left	(648, 384)	(512, 248)	True	364684	365435	left	(512, 384)	testing
11	jm	f	20	8	diamond	red	same	hori	left	(648, 384)	(376, 384)	True	366652	367595	left	(512, 384)	testing
11	jm	f	20	8	diamond	none	dif	vert	up	N_dis	(415, 480)	True	368810	370013	up	(512, 384)	testing
11	jm	f	20	8	circle	green	same	vert	up	(648, 384)	(512, 520)	True	371135	372656	up	(512, 384)	testing
