subj	name	gender	age	runNum	shape	dist	td_dif	resp	resp_key	d_loc	t_loc	gotKey	startTime	respTime	resp	fix_loc	prac
11	jm	f	20	6	diamond	green	dif	hori	left	(648, 384)	(512, 248)	True	28731	29779	left	(512, 384)	testing
11	jm	f	20	6	circle	green	dif	vert	up	(415, 480)	(608, 480)	True	30854	31673	up	(512, 384)	testing
11	jm	f	20	6	circle	none	dif	vert	up	N_dis	(415, 480)	True	32752	33539	up	(512, 384)	testing
11	jm	f	20	6	diamond	none	dif	hori	left	N_dis	(415, 287)	True	34810	35574	left	(512, 384)	testing
11	jm	f	20	6	diamond	none	dif	vert	up	N_dis	(512, 248)	True	36661	37377	up	(512, 384)	testing
11	jm	f	20	6	circle	green	same	hori	left	(415, 480)	(608, 287)	True	38439	39813	left	(512, 384)	testing
11	jm	f	20	6	diamond	green	same	hori	left	(376, 384)	(512, 248)	True	41002	41801	left	(512, 384)	testing
11	jm	f	20	6	diamond	green	same	vert	up	(608, 287)	(648, 384)	True	42997	44374	up	(512, 384)	testing
11	jm	f	20	6	circle	red	same	vert	up	(415, 480)	(608, 287)	True	45603	47001	up	(512, 384)	testing
11	jm	f	20	6	circle	red	same	vert	up	(376, 384)	(608, 287)	True	48034	49100	up	(512, 384)	testing
11	jm	f	20	6	circle	red	same	hori	left	(415, 480)	(415, 287)	True	50282	51122	left	(512, 384)	testing
11	jm	f	20	6	circle	none	same	hori	left	N_dis	(512, 248)	True	52145	52856	left	(512, 384)	testing
11	jm	f	20	6	diamond	red	same	hori	left	(512, 520)	(512, 248)	True	53913	54659	left	(512, 384)	testing
11	jm	f	20	6	circle	green	dif	hori	left	(376, 384)	(512, 520)	True	55908	56764	left	(512, 384)	testing
11	jm	f	20	6	diamond	none	same	vert	up	N_dis	(648, 384)	True	57821	58632	up	(512, 384)	testing
11	jm	f	20	6	circle	red	dif	hori	left	(415, 480)	(415, 287)	True	59718	60517	left	(512, 384)	testing
11	jm	f	20	6	diamond	red	dif	hori	left	(512, 520)	(648, 384)	True	61614	62800	left	(512, 384)	testing
11	jm	f	20	6	circle	red	dif	vert	up	(415, 480)	(608, 480)	True	63867	64848	up	(512, 384)	testing
11	jm	f	20	6	diamond	none	same	vert	up	N_dis	(376, 384)	True	65940	66824	up	(512, 384)	testing
11	jm	f	20	6	diamond	red	same	hori	left	(512, 248)	(608, 480)	True	67929	68722	left	(512, 384)	testing
11	jm	f	20	6	circle	green	dif	hori	left	(415, 480)	(608, 287)	True	69903	70756	left	(512, 384)	testing
11	jm	f	20	6	diamond	none	same	hori	left	N_dis	(608, 480)	True	71845	72710	left	(512, 384)	testing
11	jm	f	20	6	diamond	none	same	vert	up	N_dis	(608, 480)	True	73737	74721	up	(512, 384)	testing
11	jm	f	20	6	circle	red	same	vert	up	(608, 480)	(415, 287)	True	75963	77723	up	(512, 384)	testing
11	jm	f	20	6	diamond	green	dif	vert	up	(512, 248)	(415, 287)	True	78776	79977	left	(512, 384)	testing
11	jm	f	20	6	diamond	red	dif	vert	up	(415, 480)	(376, 384)	True	82614	84114	up	(512, 384)	testing
11	jm	f	20	6	diamond	red	same	hori	left	(415, 480)	(376, 384)	True	85316	86239	left	(512, 384)	testing
11	jm	f	20	6	diamond	red	same	vert	up	(415, 480)	(608, 480)	True	87382	88317	up	(512, 384)	testing
11	jm	f	20	6	diamond	none	dif	vert	up	N_dis	(376, 384)	True	89512	90436	up	(512, 384)	testing
11	jm	f	20	6	diamond	red	dif	vert	up	(415, 480)	(512, 248)	True	91635	92348	up	(512, 384)	testing
11	jm	f	20	6	circle	none	dif	hori	left	N_dis	(608, 287)	True	93490	94476	left	(512, 384)	testing
11	jm	f	20	6	diamond	red	dif	vert	up	(415, 480)	(512, 248)	True	95588	96501	up	(512, 384)	testing
11	jm	f	20	6	diamond	red	same	vert	up	(415, 480)	(512, 248)	True	97744	98532	up	(512, 384)	testing
11	jm	f	20	6	diamond	green	same	vert	up	(415, 480)	(648, 384)	True	99779	100763	up	(512, 384)	testing
11	jm	f	20	6	circle	none	same	vert	up	N_dis	(512, 248)	True	101861	102937	up	(512, 384)	testing
11	jm	f	20	6	circle	red	dif	hori	left	(608, 480)	(512, 248)	True	104177	105510	left	(512, 384)	testing
11	jm	f	20	6	circle	red	same	vert	up	(512, 520)	(608, 287)	True	106707	108192	up	(512, 384)	testing
11	jm	f	20	6	circle	none	dif	vert	up	N_dis	(512, 520)	True	109390	110621	up	(512, 384)	testing
11	jm	f	20	6	circle	red	dif	hori	left	(608, 287)	(415, 287)	True	111873	112635	left	(512, 384)	testing
11	jm	f	20	6	diamond	red	dif	hori	left	(415, 480)	(608, 287)	True	113737	114708	left	(512, 384)	testing
11	jm	f	20	6	circle	green	same	vert	up	(415, 480)	(648, 384)	True	115797	116511	up	(512, 384)	testing
11	jm	f	20	6	diamond	none	same	vert	up	N_dis	(648, 384)	True	117630	118688	up	(512, 384)	testing
11	jm	f	20	6	diamond	red	dif	vert	up	(415, 480)	(415, 287)	True	119864	121351	up	(512, 384)	testing
11	jm	f	20	6	diamond	none	same	hori	left	N_dis	(415, 287)	True	122579	123331	left	(512, 384)	testing
11	jm	f	20	6	diamond	green	same	hori	left	(415, 287)	(608, 480)	True	124483	125630	left	(512, 384)	testing
11	jm	f	20	6	circle	green	same	hori	left	(415, 480)	(415, 287)	True	126689	127936	left	(512, 384)	testing
11	jm	f	20	6	diamond	green	dif	vert	up	(415, 480)	(512, 520)	True	129160	130261	up	(512, 384)	testing
11	jm	f	20	6	diamond	none	dif	hori	left	N_dis	(648, 384)	True	131434	132280	left	(512, 384)	testing
11	jm	f	20	6	diamond	green	dif	vert	up	(415, 287)	(376, 384)	True	133385	135057	up	(512, 384)	testing
11	jm	f	20	6	diamond	green	dif	vert	up	(415, 287)	(512, 520)	True	136296	137368	up	(512, 384)	testing
11	jm	f	20	6	diamond	red	dif	hori	left	(415, 480)	(376, 384)	True	138537	139447	left	(512, 384)	testing
11	jm	f	20	6	diamond	none	same	hori	left	N_dis	(608, 480)	True	140709	141613	left	(512, 384)	testing
11	jm	f	20	6	circle	green	same	vert	up	(415, 287)	(512, 520)	True	142815	144128	up	(512, 384)	testing
11	jm	f	20	6	diamond	red	same	hori	left	(608, 287)	(512, 520)	True	145284	146060	left	(512, 384)	testing
11	jm	f	20	6	diamond	red	same	vert	up	(415, 480)	(608, 480)	True	147112	147931	up	(512, 384)	testing
11	jm	f	20	6	circle	red	same	hori	left	(415, 480)	(608, 287)	True	149061	149929	left	(512, 384)	testing
11	jm	f	20	6	diamond	green	same	vert	up	(415, 480)	(648, 384)	True	150994	152480	up	(512, 384)	testing
11	jm	f	20	6	circle	none	same	hori	left	N_dis	(415, 480)	True	153594	154312	left	(512, 384)	testing
11	jm	f	20	6	circle	green	dif	vert	up	(648, 384)	(512, 248)	True	155438	157327	up	(512, 384)	testing
11	jm	f	20	6	circle	none	same	vert	up	N_dis	(648, 384)	True	158558	159407	up	(512, 384)	testing
11	jm	f	20	6	circle	green	dif	vert	up	(415, 480)	(512, 248)	True	160608	161304	up	(512, 384)	testing
11	jm	f	20	6	circle	none	dif	hori	left	N_dis	(608, 287)	True	162375	163096	left	(512, 384)	testing
11	jm	f	20	6	circle	red	same	vert	up	(415, 480)	(415, 287)	True	164144	165344	up	(512, 384)	testing
11	jm	f	20	6	circle	none	same	vert	up	N_dis	(415, 287)	True	166409	167193	up	(512, 384)	testing
11	jm	f	20	6	diamond	none	dif	vert	up	N_dis	(512, 248)	True	168400	170009	up	(512, 384)	testing
11	jm	f	20	6	circle	none	dif	hori	left	N_dis	(608, 287)	True	171171	171990	left	(512, 384)	testing
11	jm	f	20	6	diamond	green	same	hori	left	(415, 480)	(648, 384)	True	173214	174201	left	(512, 384)	testing
11	jm	f	20	6	circle	none	same	vert	up	N_dis	(415, 480)	True	175335	176677	up	(512, 384)	testing
11	jm	f	20	6	circle	red	dif	vert	up	(415, 480)	(512, 520)	True	177834	178951	left	(512, 384)	testing
11	jm	f	20	6	circle	none	same	hori	left	N_dis	(376, 384)	True	181660	182731	left	(512, 384)	testing
11	jm	f	20	6	circle	green	same	vert	up	(415, 480)	(608, 287)	True	183821	184688	up	(512, 384)	testing
11	jm	f	20	6	circle	red	dif	vert	up	(648, 384)	(376, 384)	True	185897	186996	up	(512, 384)	testing
11	jm	f	20	6	diamond	green	dif	hori	left	(415, 480)	(512, 248)	True	188099	188919	left	(512, 384)	testing
11	jm	f	20	6	circle	none	dif	vert	up	N_dis	(608, 480)	True	190129	190945	up	(512, 384)	testing
11	jm	f	20	6	diamond	none	dif	hori	left	N_dis	(512, 520)	True	192118	192954	left	(512, 384)	testing
11	jm	f	20	6	diamond	green	same	vert	up	(415, 480)	(512, 248)	True	194220	194959	up	(512, 384)	testing
11	jm	f	20	6	circle	green	same	vert	up	(415, 480)	(376, 384)	True	196208	197425	up	(512, 384)	testing
11	jm	f	20	6	circle	none	same	vert	up	N_dis	(376, 384)	True	198546	199174	up	(512, 384)	testing
11	jm	f	20	6	circle	none	same	hori	left	N_dis	(512, 248)	True	200341	201048	left	(512, 384)	testing
11	jm	f	20	6	diamond	red	same	vert	up	(415, 480)	(512, 520)	True	202167	203183	up	(512, 384)	testing
11	jm	f	20	6	diamond	none	dif	vert	up	N_dis	(512, 520)	True	204256	205034	up	(512, 384)	testing
11	jm	f	20	6	diamond	none	dif	hori	left	N_dis	(415, 480)	True	206270	207289	left	(512, 384)	testing
11	jm	f	20	6	diamond	red	dif	vert	up	(415, 480)	(376, 384)	True	208330	209554	up	(512, 384)	testing
11	jm	f	20	6	diamond	red	same	hori	left	(415, 480)	(512, 520)	True	210811	212001	left	(512, 384)	testing
11	jm	f	20	6	circle	green	dif	hori	left	(512, 520)	(608, 480)	True	213158	214912	left	(512, 384)	testing
11	jm	f	20	6	circle	green	dif	hori	left	(608, 287)	(376, 384)	True	216087	217005	left	(512, 384)	testing
11	jm	f	20	6	circle	red	dif	vert	up	(415, 480)	(415, 287)	True	218149	219371	up	(512, 384)	testing
11	jm	f	20	6	diamond	green	dif	hori	left	(415, 480)	(415, 287)	True	220491	221488	left	(512, 384)	testing
11	jm	f	20	6	diamond	green	same	hori	left	(608, 480)	(415, 287)	True	222527	223348	left	(512, 384)	testing
11	jm	f	20	6	diamond	none	same	hori	left	N_dis	(512, 520)	True	224375	225504	left	(512, 384)	testing
11	jm	f	20	6	diamond	red	dif	hori	left	(648, 384)	(512, 520)	True	226673	228221	left	(512, 384)	testing
11	jm	f	20	6	diamond	green	dif	hori	left	(415, 480)	(608, 287)	True	229356	230350	left	(512, 384)	testing
11	jm	f	20	6	circle	green	same	hori	left	(415, 480)	(376, 384)	True	231533	232777	left	(512, 384)	testing
11	jm	f	20	6	circle	red	same	hori	left	(415, 480)	(648, 384)	True	233860	234780	left	(512, 384)	testing
11	jm	f	20	6	circle	red	dif	vert	up	(415, 480)	(512, 248)	True	235871	237184	up	(512, 384)	testing
11	jm	f	20	6	circle	red	dif	hori	left	(512, 248)	(648, 384)	True	238403	239476	left	(512, 384)	testing
11	jm	f	20	6	diamond	green	same	hori	left	(415, 480)	(512, 520)	True	240605	241909	left	(512, 384)	testing
11	jm	f	20	6	circle	green	dif	hori	left	(415, 480)	(512, 520)	True	242999	243983	left	(512, 384)	testing
11	jm	f	20	6	diamond	none	dif	hori	left	N_dis	(415, 287)	True	245106	246268	left	(512, 384)	testing
11	jm	f	20	6	circle	green	dif	vert	up	(415, 480)	(648, 384)	True	247498	249101	up	(512, 384)	testing
11	jm	f	20	6	diamond	none	same	vert	up	N_dis	(608, 287)	True	250315	251700	up	(512, 384)	testing
11	jm	f	20	6	diamond	red	same	vert	up	(415, 480)	(608, 287)	True	252900	253717	up	(512, 384)	testing
11	jm	f	20	6	circle	green	same	hori	left	(608, 480)	(512, 520)	True	254871	255946	left	(512, 384)	testing
11	jm	f	20	6	diamond	green	dif	hori	left	(415, 480)	(608, 287)	True	257150	258447	left	(512, 384)	testing
11	jm	f	20	6	diamond	red	dif	hori	left	(415, 480)	(376, 384)	True	259717	260719	left	(512, 384)	testing
11	jm	f	20	6	circle	none	dif	hori	left	N_dis	(608, 480)	True	261971	262716	left	(512, 384)	testing
11	jm	f	20	6	circle	red	same	hori	left	(415, 480)	(648, 384)	True	263837	265157	left	(512, 384)	testing
11	jm	f	20	6	diamond	none	dif	vert	up	N_dis	(415, 480)	True	266339	267442	up	(512, 384)	testing
11	jm	f	20	6	diamond	green	dif	vert	up	(415, 480)	(512, 520)	True	268631	271234	up	(512, 384)	testing
11	jm	f	20	6	circle	red	same	hori	left	(415, 480)	(608, 480)	True	272332	273370	left	(512, 384)	testing
11	jm	f	20	6	diamond	green	same	vert	up	(376, 384)	(648, 384)	True	274424	275467	up	(512, 384)	testing
11	jm	f	20	6	circle	none	dif	vert	up	N_dis	(415, 287)	True	276538	277542	left	(512, 384)	testing
11	jm	f	20	6	circle	green	same	vert	up	(415, 480)	(608, 480)	True	280202	281216	up	(512, 384)	testing
11	jm	f	20	6	circle	none	dif	hori	left	N_dis	(608, 287)	True	282375	284130	left	(512, 384)	testing
11	jm	f	20	6	circle	green	dif	vert	up	(512, 248)	(608, 480)	True	285164	286120	up	(512, 384)	testing
11	jm	f	20	6	diamond	none	same	hori	left	N_dis	(512, 520)	True	287272	288314	left	(512, 384)	testing
11	jm	f	20	6	circle	none	dif	vert	up	N_dis	(376, 384)	True	289508	290804	up	(512, 384)	testing
11	jm	f	20	6	circle	green	same	hori	left	(415, 480)	(608, 480)	True	292026	292730	left	(512, 384)	testing
11	jm	f	20	6	circle	red	dif	hori	left	(415, 480)	(608, 287)	True	293858	294796	left	(512, 384)	testing
11	jm	f	20	6	circle	none	same	hori	left	N_dis	(648, 384)	True	295856	296581	left	(512, 384)	testing
