subj	name	gender	age	runNum	shape	dist	td_dif	resp	resp_key	d_loc	t_loc	gotKey	startTime	respTime	resp	fix_loc	prac
11	jm	f	20	4	diamond	green	dif	vert	up	(415, 480)	(648, 384)	True	32454	33584	up	(512, 384)	testing
11	jm	f	20	4	diamond	none	dif	hori	left	N_dis	(608, 287)	True	34801	35870	left	(512, 384)	testing
11	jm	f	20	4	circle	green	same	vert	up	(415, 480)	(376, 384)	True	37015	37861	up	(512, 384)	testing
11	jm	f	20	4	diamond	red	dif	vert	up	(512, 520)	(608, 287)	True	39030	40379	up	(512, 384)	testing
11	jm	f	20	4	diamond	green	same	vert	up	(415, 480)	(608, 480)	True	41507	42388	up	(512, 384)	testing
11	jm	f	20	4	circle	red	dif	vert	up	(415, 480)	(608, 480)	True	43574	44514	up	(512, 384)	testing
11	jm	f	20	4	circle	green	dif	hori	left	(608, 480)	(512, 248)	True	45709	46665	left	(512, 384)	testing
11	jm	f	20	4	diamond	red	same	hori	left	(415, 480)	(376, 384)	True	47833	48907	left	(512, 384)	testing
11	jm	f	20	4	circle	green	dif	hori	left	(415, 480)	(608, 287)	True	50120	51416	left	(512, 384)	testing
11	jm	f	20	4	circle	none	same	vert	up	N_dis	(608, 480)	True	52638	53376	up	(512, 384)	testing
11	jm	f	20	4	circle	none	dif	hori	left	N_dis	(376, 384)	True	54595	55401	left	(512, 384)	testing
11	jm	f	20	4	diamond	red	dif	vert	up	(608, 480)	(376, 384)	True	56621	57941	up	(512, 384)	testing
11	jm	f	20	4	circle	none	same	vert	up	N_dis	(415, 480)	True	59140	60382	up	(512, 384)	testing
11	jm	f	20	4	circle	none	same	hori	left	N_dis	(415, 480)	True	61556	62522	left	(512, 384)	testing
11	jm	f	20	4	circle	green	same	vert	up	(512, 520)	(648, 384)	True	63558	64625	up	(512, 384)	testing
11	jm	f	20	4	circle	green	dif	hori	left	(376, 384)	(512, 520)	True	65847	66719	left	(512, 384)	testing
11	jm	f	20	4	circle	red	same	vert	up	(512, 520)	(415, 287)	True	67811	68820	up	(512, 384)	testing
11	jm	f	20	4	diamond	green	same	vert	up	(415, 480)	(415, 287)	True	69896	71107	up	(512, 384)	testing
11	jm	f	20	4	diamond	none	same	vert	up	N_dis	(415, 287)	True	72245	73226	up	(512, 384)	testing
11	jm	f	20	4	diamond	red	dif	vert	up	(648, 384)	(512, 248)	True	74405	75686	up	(512, 384)	testing
11	jm	f	20	4	circle	green	same	hori	left	(415, 287)	(608, 287)	True	76782	77763	left	(512, 384)	testing
11	jm	f	20	4	circle	none	dif	vert	up	N_dis	(415, 287)	True	78924	79731	up	(512, 384)	testing
11	jm	f	20	4	diamond	none	same	vert	up	N_dis	(512, 520)	True	80815	81600	left	(512, 384)	testing
11	jm	f	20	4	diamond	none	dif	vert	up	N_dis	(648, 384)	True	84197	85166	up	(512, 384)	testing
11	jm	f	20	4	circle	none	dif	vert	up	N_dis	(376, 384)	True	86303	87771	up	(512, 384)	testing
11	jm	f	20	4	circle	green	same	vert	up	(415, 480)	(608, 287)	True	88814	90721	up	(512, 384)	testing
11	jm	f	20	4	diamond	none	dif	hori	left	N_dis	(608, 480)	True	91843	92816	left	(512, 384)	testing
11	jm	f	20	4	diamond	green	dif	hori	left	(415, 480)	(608, 287)	True	94055	94824	left	(512, 384)	testing
11	jm	f	20	4	diamond	green	same	vert	up	(415, 480)	(608, 287)	True	95896	96572	up	(512, 384)	testing
11	jm	f	20	4	circle	red	dif	vert	up	(415, 480)	(512, 248)	True	97681	98878	up	(512, 384)	testing
11	jm	f	20	4	diamond	green	dif	vert	up	(608, 287)	(512, 248)	True	99902	101417	up	(512, 384)	testing
11	jm	f	20	4	circle	none	dif	hori	left	N_dis	(415, 287)	True	102572	103880	left	(512, 384)	testing
11	jm	f	20	4	diamond	red	same	vert	up	(415, 480)	(512, 520)	True	104940	106165	up	(512, 384)	testing
11	jm	f	20	4	diamond	green	dif	hori	left	(415, 480)	(608, 287)	True	107206	108402	left	(512, 384)	testing
11	jm	f	20	4	diamond	red	same	hori	left	(415, 480)	(608, 287)	True	109519	110616	left	(512, 384)	testing
11	jm	f	20	4	circle	red	dif	vert	up	(415, 480)	(415, 287)	True	111703	112727	up	(512, 384)	testing
11	jm	f	20	4	circle	none	dif	hori	left	N_dis	(512, 520)	True	113898	114779	left	(512, 384)	testing
11	jm	f	20	4	circle	none	same	hori	left	N_dis	(376, 384)	True	116013	116785	left	(512, 384)	testing
11	jm	f	20	4	circle	red	dif	vert	up	(415, 480)	(608, 287)	True	117810	118940	up	(512, 384)	testing
11	jm	f	20	4	diamond	red	same	hori	left	(415, 480)	(648, 384)	True	119990	120784	left	(512, 384)	testing
11	jm	f	20	4	diamond	none	same	vert	up	N_dis	(415, 287)	True	121843	122653	left	(512, 384)	testing
11	jm	f	20	4	diamond	green	dif	hori	left	(608, 287)	(608, 480)	True	125329	126485	left	(512, 384)	testing
11	jm	f	20	4	circle	red	same	hori	left	(608, 287)	(608, 480)	True	127610	128845	left	(512, 384)	testing
11	jm	f	20	4	diamond	none	same	vert	up	N_dis	(648, 384)	True	130025	131127	up	(512, 384)	testing
11	jm	f	20	4	circle	red	same	vert	up	(415, 480)	(376, 384)	True	132198	133538	up	(512, 384)	testing
11	jm	f	20	4	diamond	none	dif	hori	left	N_dis	(376, 384)	True	134779	135595	left	(512, 384)	testing
11	jm	f	20	4	diamond	red	same	vert	up	(415, 480)	(608, 480)	True	136700	137864	up	(512, 384)	testing
11	jm	f	20	4	circle	none	dif	hori	left	N_dis	(512, 248)	True	139080	139904	left	(512, 384)	testing
11	jm	f	20	4	circle	red	dif	hori	left	(415, 480)	(415, 287)	True	141079	142052	left	(512, 384)	testing
11	jm	f	20	4	circle	red	dif	hori	left	(512, 248)	(512, 520)	True	143212	144048	left	(512, 384)	testing
11	jm	f	20	4	diamond	red	dif	hori	left	(512, 248)	(376, 384)	True	145195	145972	left	(512, 384)	testing
11	jm	f	20	4	circle	green	same	vert	up	(415, 480)	(608, 287)	True	147174	148250	up	(512, 384)	testing
11	jm	f	20	4	circle	red	same	hori	left	(608, 287)	(648, 384)	True	149417	150442	left	(512, 384)	testing
11	jm	f	20	4	diamond	none	dif	vert	up	N_dis	(415, 480)	True	151474	152658	up	(512, 384)	testing
11	jm	f	20	4	circle	red	dif	hori	left	(512, 248)	(608, 480)	True	153809	154678	left	(512, 384)	testing
11	jm	f	20	4	circle	green	dif	vert	up	(415, 480)	(376, 384)	True	155941	157357	left	(512, 384)	testing
11	jm	f	20	4	diamond	none	same	hori	left	N_dis	(648, 384)	True	160002	161074	left	(512, 384)	testing
11	jm	f	20	4	circle	red	same	hori	left	(415, 480)	(608, 287)	True	162334	163790	left	(512, 384)	testing
11	jm	f	20	4	diamond	none	same	hori	left	N_dis	(648, 384)	True	164926	166042	left	(512, 384)	testing
11	jm	f	20	4	diamond	red	dif	hori	left	(415, 480)	(376, 384)	True	167111	167962	left	(512, 384)	testing
11	jm	f	20	4	diamond	none	dif	hori	left	N_dis	(608, 287)	True	169233	169967	left	(512, 384)	testing
11	jm	f	20	4	circle	red	same	hori	left	(415, 480)	(512, 248)	True	171092	173461	left	(512, 384)	testing
11	jm	f	20	4	diamond	none	same	vert	up	N_dis	(608, 287)	True	174561	175680	up	(512, 384)	testing
11	jm	f	20	4	circle	red	dif	vert	up	(415, 480)	(648, 384)	True	176820	178311	up	(512, 384)	testing
11	jm	f	20	4	diamond	red	dif	hori	left	(512, 520)	(376, 384)	True	179395	180715	left	(512, 384)	testing
11	jm	f	20	4	diamond	green	dif	vert	up	(512, 248)	(608, 287)	True	181783	184093	up	(512, 384)	testing
11	jm	f	20	4	circle	none	dif	vert	up	N_dis	(512, 248)	True	185251	186764	up	(512, 384)	testing
11	jm	f	20	4	circle	green	same	vert	up	(415, 480)	(512, 520)	True	187788	189046	up	(512, 384)	testing
11	jm	f	20	4	circle	green	dif	vert	up	(415, 287)	(608, 287)	True	190274	191134	up	(512, 384)	testing
11	jm	f	20	4	circle	green	dif	vert	up	(415, 480)	(376, 384)	True	192305	193348	up	(512, 384)	testing
11	jm	f	20	4	diamond	red	dif	hori	left	(415, 480)	(415, 287)	True	194370	195868	left	(512, 384)	testing
11	jm	f	20	4	circle	green	dif	vert	up	(376, 384)	(608, 287)	True	197109	198167	up	(512, 384)	testing
11	jm	f	20	4	circle	none	dif	vert	up	N_dis	(415, 480)	True	199286	201037	up	(512, 384)	testing
11	jm	f	20	4	diamond	green	same	hori	left	(415, 287)	(512, 520)	True	202079	203416	left	(512, 384)	testing
11	jm	f	20	4	diamond	none	dif	vert	up	N_dis	(608, 480)	True	204666	205604	up	(512, 384)	testing
11	jm	f	20	4	circle	green	same	hori	left	(415, 287)	(608, 287)	True	206841	208540	left	(512, 384)	testing
11	jm	f	20	4	diamond	green	same	hori	left	(415, 480)	(512, 248)	True	209806	210748	left	(512, 384)	testing
11	jm	f	20	4	diamond	green	same	hori	left	(415, 480)	(512, 520)	True	211932	212909	left	(512, 384)	testing
11	jm	f	20	4	diamond	red	same	hori	left	(376, 384)	(608, 480)	True	214000	214719	left	(512, 384)	testing
11	jm	f	20	4	diamond	none	same	hori	left	N_dis	(608, 480)	True	215914	216801	left	(512, 384)	testing
11	jm	f	20	4	diamond	green	dif	hori	left	(648, 384)	(512, 520)	True	218071	218933	left	(512, 384)	testing
11	jm	f	20	4	circle	green	dif	hori	left	(648, 384)	(608, 287)	True	219972	221043	left	(512, 384)	testing
11	jm	f	20	4	circle	none	same	hori	left	N_dis	(376, 384)	True	222236	223002	left	(512, 384)	testing
11	jm	f	20	4	diamond	green	same	vert	up	(608, 480)	(415, 287)	True	224239	225308	up	(512, 384)	testing
11	jm	f	20	4	circle	none	dif	vert	up	N_dis	(415, 287)	True	226507	228075	up	(512, 384)	testing
11	jm	f	20	4	circle	red	same	hori	left	(415, 480)	(608, 287)	True	229266	230260	left	(512, 384)	testing
11	jm	f	20	4	diamond	none	dif	hori	left	N_dis	(415, 480)	True	231481	233077	left	(512, 384)	testing
11	jm	f	20	4	circle	none	dif	hori	left	N_dis	(512, 520)	True	234144	234958	left	(512, 384)	testing
11	jm	f	20	4	diamond	green	same	hori	left	(376, 384)	(608, 287)	True	236144	237384	left	(512, 384)	testing
11	jm	f	20	4	circle	none	same	hori	left	N_dis	(512, 248)	True	238462	239604	left	(512, 384)	testing
11	jm	f	20	4	circle	red	same	vert	up	(648, 384)	(512, 248)	True	240734	241796	left	(512, 384)	testing
11	jm	f	20	4	diamond	red	dif	vert	up	(415, 480)	(648, 384)	True	244457	246495	up	(512, 384)	testing
11	jm	f	20	4	diamond	green	dif	hori	left	(415, 480)	(608, 480)	True	247736	249140	left	(512, 384)	testing
11	jm	f	20	4	circle	green	same	hori	left	(415, 480)	(648, 384)	True	250290	252209	left	(512, 384)	testing
11	jm	f	20	4	circle	red	same	vert	up	(415, 480)	(415, 287)	True	253260	254340	up	(512, 384)	testing
11	jm	f	20	4	diamond	red	same	hori	left	(415, 480)	(512, 520)	True	255386	256317	left	(512, 384)	testing
11	jm	f	20	4	circle	green	dif	vert	up	(415, 480)	(608, 480)	True	257494	258636	up	(512, 384)	testing
11	jm	f	20	4	circle	green	same	hori	left	(415, 480)	(512, 248)	True	259775	260667	left	(512, 384)	testing
11	jm	f	20	4	diamond	green	dif	vert	up	(415, 480)	(512, 248)	True	261840	263137	up	(512, 384)	testing
11	jm	f	20	4	diamond	green	same	vert	up	(415, 480)	(608, 480)	True	264196	265032	up	(512, 384)	testing
11	jm	f	20	4	circle	red	dif	hori	left	(415, 480)	(376, 384)	True	266175	267306	left	(512, 384)	testing
11	jm	f	20	4	circle	red	same	vert	up	(415, 480)	(512, 520)	True	268348	270558	up	(512, 384)	testing
11	jm	f	20	4	circle	none	same	vert	up	N_dis	(608, 480)	True	271636	272583	up	(512, 384)	testing
11	jm	f	20	4	circle	red	dif	hori	left	(415, 480)	(648, 384)	True	273730	274622	left	(512, 384)	testing
11	jm	f	20	4	circle	none	same	vert	up	N_dis	(512, 248)	True	275888	277004	up	(512, 384)	testing
11	jm	f	20	4	diamond	green	dif	vert	up	(608, 480)	(376, 384)	True	278066	279926	up	(512, 384)	testing
11	jm	f	20	4	diamond	green	same	hori	left	(415, 480)	(648, 384)	True	281059	282319	left	(512, 384)	testing
11	jm	f	20	4	diamond	none	same	hori	left	N_dis	(512, 248)	True	283489	284330	left	(512, 384)	testing
11	jm	f	20	4	circle	green	same	hori	left	(415, 480)	(512, 248)	True	285357	286939	left	(512, 384)	testing
11	jm	f	20	4	diamond	red	same	vert	up	(415, 480)	(512, 520)	True	288074	289106	up	(512, 384)	testing
11	jm	f	20	4	circle	green	dif	hori	left	(415, 480)	(512, 520)	True	290312	291098	left	(512, 384)	testing
11	jm	f	20	4	diamond	none	same	hori	left	N_dis	(648, 384)	True	292210	293252	left	(512, 384)	testing
11	jm	f	20	4	diamond	red	dif	hori	left	(415, 480)	(415, 287)	True	294386	295248	left	(512, 384)	testing
11	jm	f	20	4	diamond	red	same	vert	up	(415, 480)	(512, 248)	True	296487	297518	up	(512, 384)	testing
11	jm	f	20	4	diamond	red	dif	vert	up	(415, 480)	(415, 287)	True	298647	300006	up	(512, 384)	testing
11	jm	f	20	4	diamond	none	dif	vert	up	N_dis	(608, 287)	True	301151	301961	up	(512, 384)	testing
11	jm	f	20	4	circle	none	same	vert	up	N_dis	(512, 520)	True	303205	304505	up	(512, 384)	testing
11	jm	f	20	4	diamond	none	dif	vert	up	N_dis	(512, 520)	True	305750	306671	up	(512, 384)	testing
11	jm	f	20	4	circle	none	same	hori	left	N_dis	(608, 287)	True	307830	308977	left	(512, 384)	testing
11	jm	f	20	4	diamond	red	same	vert	up	(415, 480)	(608, 480)	True	310063	311128	up	(512, 384)	testing
