subj	name	gender	age	runNum	shape	dist	td_dif	resp	resp_key	d_loc	t_loc	gotKey	startTime	respTime	resp	fix_loc	prac
11	jm	f	20	3	circle	none	same	vert	up	N_dis	(415, 287)	True	65153	66126	up	(512, 384)	testing
11	jm	f	20	3	diamond	green	dif	vert	up	(415, 480)	(608, 480)	True	67282	68307	up	(512, 384)	testing
11	jm	f	20	3	circle	green	same	vert	up	(415, 480)	(608, 287)	True	69427	71005	up	(512, 384)	testing
11	jm	f	20	3	circle	red	dif	hori	left	(415, 480)	(648, 384)	True	72122	72998	left	(512, 384)	testing
11	jm	f	20	3	diamond	none	dif	vert	up	N_dis	(512, 248)	True	74130	75089	up	(512, 384)	testing
11	jm	f	20	3	circle	green	same	hori	left	(376, 384)	(512, 520)	True	76330	77169	left	(512, 384)	testing
11	jm	f	20	3	diamond	none	same	vert	up	N_dis	(608, 287)	True	78347	79169	up	(512, 384)	testing
11	jm	f	20	3	circle	none	same	vert	up	N_dis	(608, 287)	True	80339	81247	up	(512, 384)	testing
11	jm	f	20	3	circle	green	same	vert	up	(512, 248)	(648, 384)	True	82477	83360	up	(512, 384)	testing
11	jm	f	20	3	diamond	red	dif	vert	up	(608, 287)	(512, 248)	True	84424	85494	up	(512, 384)	testing
11	jm	f	20	3	diamond	red	dif	hori	left	(648, 384)	(415, 287)	True	86689	87454	left	(512, 384)	testing
11	jm	f	20	3	circle	red	dif	hori	left	(608, 480)	(648, 384)	True	88511	89480	left	(512, 384)	testing
11	jm	f	20	3	circle	red	same	vert	up	(415, 480)	(415, 287)	True	90681	91863	up	(512, 384)	testing
11	jm	f	20	3	circle	red	same	vert	up	(415, 480)	(512, 520)	True	92916	94141	up	(512, 384)	testing
11	jm	f	20	3	diamond	green	same	vert	up	(415, 480)	(512, 248)	True	95273	96842	up	(512, 384)	testing
11	jm	f	20	3	circle	green	dif	vert	up	(415, 480)	(608, 480)	True	98066	99282	up	(512, 384)	testing
11	jm	f	20	3	circle	none	dif	vert	up	N_dis	(415, 480)	True	100452	101379	up	(512, 384)	testing
11	jm	f	20	3	diamond	red	same	vert	up	(415, 480)	(415, 287)	True	102573	104475	up	(512, 384)	testing
11	jm	f	20	3	diamond	red	same	hori	left	(608, 480)	(512, 248)	True	105528	107234	left	(512, 384)	testing
11	jm	f	20	3	circle	red	dif	vert	up	(648, 384)	(376, 384)	True	108318	110285	up	(512, 384)	testing
11	jm	f	20	3	circle	green	dif	hori	left	(415, 287)	(648, 384)	True	111366	112493	left	(512, 384)	testing
11	jm	f	20	3	diamond	green	dif	vert	up	(415, 480)	(608, 287)	True	113527	114579	up	(512, 384)	testing
11	jm	f	20	3	diamond	red	dif	hori	left	(415, 480)	(415, 287)	True	115798	116844	left	(512, 384)	testing
11	jm	f	20	3	diamond	red	dif	hori	left	(415, 480)	(648, 384)	True	117956	118727	left	(512, 384)	testing
11	jm	f	20	3	diamond	none	dif	hori	left	N_dis	(512, 520)	True	119877	120927	left	(512, 384)	testing
11	jm	f	20	3	circle	green	same	vert	up	(415, 480)	(608, 287)	True	122149	123997	up	(512, 384)	testing
11	jm	f	20	3	circle	red	same	vert	up	(608, 480)	(415, 287)	True	125257	126296	up	(512, 384)	testing
11	jm	f	20	3	diamond	red	dif	vert	up	(608, 287)	(512, 520)	True	127513	128693	left	(512, 384)	testing
11	jm	f	20	3	diamond	red	dif	hori	left	(512, 520)	(648, 384)	True	131470	132536	left	(512, 384)	testing
11	jm	f	20	3	circle	none	same	vert	up	N_dis	(608, 480)	True	133767	135409	up	(512, 384)	testing
11	jm	f	20	3	circle	none	dif	hori	left	N_dis	(648, 384)	True	136477	137769	left	(512, 384)	testing
11	jm	f	20	3	circle	red	dif	vert	up	(415, 480)	(512, 520)	True	138997	140936	up	(512, 384)	testing
11	jm	f	20	3	circle	none	same	hori	left	N_dis	(415, 287)	True	142189	143078	left	(512, 384)	testing
11	jm	f	20	3	circle	green	same	hori	left	(415, 480)	(648, 384)	True	144242	144976	left	(512, 384)	testing
11	jm	f	20	3	circle	red	same	vert	up	(648, 384)	(608, 480)	True	146240	148149	up	(512, 384)	testing
11	jm	f	20	3	diamond	none	same	hori	left	N_dis	(415, 287)	True	149401	150487	left	(512, 384)	testing
11	jm	f	20	3	diamond	green	same	hori	left	(415, 480)	(415, 287)	True	151732	153951	left	(512, 384)	testing
11	jm	f	20	3	circle	red	same	hori	left	(415, 480)	(512, 520)	True	155040	156359	left	(512, 384)	testing
11	jm	f	20	3	diamond	none	same	hori	left	N_dis	(376, 384)	True	157452	158553	left	(512, 384)	testing
11	jm	f	20	3	diamond	red	dif	vert	up	(512, 248)	(648, 384)	True	159725	160913	up	(512, 384)	testing
11	jm	f	20	3	circle	none	same	vert	up	N_dis	(608, 480)	True	161977	163315	up	(512, 384)	testing
11	jm	f	20	3	diamond	none	same	hori	left	N_dis	(415, 480)	True	164407	165481	left	(512, 384)	testing
11	jm	f	20	3	diamond	red	dif	vert	up	(415, 480)	(415, 287)	True	166651	167759	up	(512, 384)	testing
11	jm	f	20	3	diamond	red	same	hori	left	(608, 480)	(512, 520)	True	168838	169979	left	(512, 384)	testing
11	jm	f	20	3	diamond	none	same	vert	up	N_dis	(608, 287)	True	171019	172496	up	(512, 384)	testing
11	jm	f	20	3	circle	none	dif	vert	up	N_dis	(608, 287)	True	173660	175317	up	(512, 384)	testing
11	jm	f	20	3	circle	green	dif	vert	up	(415, 480)	(512, 520)	True	176539	178044	up	(512, 384)	testing
11	jm	f	20	3	circle	green	dif	vert	up	(512, 520)	(415, 287)	True	179277	180385	up	(512, 384)	testing
11	jm	f	20	3	diamond	green	dif	hori	left	(608, 287)	(415, 287)	True	181569	182519	left	(512, 384)	testing
11	jm	f	20	3	diamond	green	dif	hori	left	(415, 480)	(608, 480)	True	183664	184537	left	(512, 384)	testing
11	jm	f	20	3	circle	green	dif	vert	up	(415, 480)	(608, 480)	True	185805	187296	up	(512, 384)	testing
11	jm	f	20	3	diamond	none	dif	vert	up	N_dis	(608, 480)	True	188365	190481	up	(512, 384)	testing
11	jm	f	20	3	diamond	none	dif	vert	up	N_dis	(648, 384)	True	191534	192515	up	(512, 384)	testing
11	jm	f	20	3	diamond	green	dif	hori	left	(415, 480)	(512, 248)	True	193656	195383	left	(512, 384)	testing
11	jm	f	20	3	diamond	none	dif	vert	up	N_dis	(415, 480)	True	196447	197594	up	(512, 384)	testing
11	jm	f	20	3	circle	green	dif	hori	left	(415, 480)	(608, 287)	True	198657	199796	left	(512, 384)	testing
11	jm	f	20	3	circle	none	dif	hori	left	N_dis	(608, 287)	True	200967	201771	left	(512, 384)	testing
11	jm	f	20	3	circle	green	dif	hori	left	(415, 480)	(376, 384)	True	202960	204064	left	(512, 384)	testing
11	jm	f	20	3	circle	none	same	hori	left	N_dis	(512, 248)	True	205148	205950	left	(512, 384)	testing
11	jm	f	20	3	circle	green	same	vert	up	(415, 480)	(415, 287)	True	207186	208302	up	(512, 384)	testing
11	jm	f	20	3	diamond	green	same	hori	left	(415, 480)	(608, 287)	True	209512	210562	left	(512, 384)	testing
11	jm	f	20	3	diamond	green	same	hori	left	(608, 287)	(376, 384)	True	211729	212673	left	(512, 384)	testing
11	jm	f	20	3	circle	red	dif	hori	left	(415, 480)	(608, 287)	True	213705	214631	left	(512, 384)	testing
11	jm	f	20	3	circle	red	same	vert	up	(415, 480)	(376, 384)	True	215884	217100	up	(512, 384)	testing
11	jm	f	20	3	circle	none	dif	hori	left	N_dis	(415, 287)	True	218305	219146	left	(512, 384)	testing
11	jm	f	20	3	circle	none	dif	hori	left	N_dis	(376, 384)	True	220326	221166	left	(512, 384)	testing
11	jm	f	20	3	circle	red	same	hori	left	(415, 480)	(415, 287)	True	222350	223444	left	(512, 384)	testing
11	jm	f	20	3	circle	red	dif	vert	up	(415, 480)	(512, 248)	True	224469	225818	up	(512, 384)	testing
11	jm	f	20	3	circle	green	dif	hori	left	(376, 384)	(648, 384)	True	226983	227736	left	(512, 384)	testing
11	jm	f	20	3	diamond	none	dif	hori	left	N_dis	(512, 248)	True	228942	229879	left	(512, 384)	testing
11	jm	f	20	3	diamond	red	same	vert	up	(512, 248)	(648, 384)	True	230984	231931	up	(512, 384)	testing
11	jm	f	20	3	diamond	green	same	vert	up	(376, 384)	(648, 384)	True	233124	234087	up	(512, 384)	testing
11	jm	f	20	3	diamond	none	same	hori	left	N_dis	(512, 520)	True	235260	236112	left	(512, 384)	testing
11	jm	f	20	3	diamond	green	dif	vert	up	(415, 480)	(512, 248)	True	237253	238439	up	(512, 384)	testing
11	jm	f	20	3	circle	none	dif	vert	up	N_dis	(415, 480)	True	239469	240859	up	(512, 384)	testing
11	jm	f	20	3	diamond	none	same	vert	up	N_dis	(415, 287)	True	241920	242887	up	(512, 384)	testing
11	jm	f	20	3	diamond	red	same	vert	up	(415, 480)	(608, 480)	True	244111	245415	up	(512, 384)	testing
11	jm	f	20	3	circle	none	dif	hori	left	N_dis	(512, 520)	True	246573	247632	left	(512, 384)	testing
11	jm	f	20	3	diamond	green	dif	hori	left	(415, 480)	(648, 384)	True	248871	250000	left	(512, 384)	testing
11	jm	f	20	3	diamond	red	dif	vert	up	(415, 480)	(512, 248)	True	251223	252497	up	(512, 384)	testing
11	jm	f	20	3	circle	none	dif	vert	up	N_dis	(512, 248)	True	253601	254472	up	(512, 384)	testing
11	jm	f	20	3	circle	none	dif	vert	up	N_dis	(608, 480)	True	255627	256490	up	(512, 384)	testing
11	jm	f	20	3	circle	red	dif	hori	left	(415, 480)	(512, 520)	True	257535	258393	left	(512, 384)	testing
11	jm	f	20	3	diamond	red	same	vert	up	(415, 480)	(648, 384)	True	259432	260524	up	(512, 384)	testing
11	jm	f	20	3	circle	green	same	hori	left	(376, 384)	(415, 287)	True	261659	262519	left	(512, 384)	testing
11	jm	f	20	3	circle	none	same	hori	left	N_dis	(648, 384)	True	263709	264476	left	(512, 384)	testing
11	jm	f	20	3	diamond	red	same	hori	left	(415, 480)	(512, 248)	True	265626	266830	left	(512, 384)	testing
11	jm	f	20	3	diamond	none	same	vert	up	N_dis	(512, 520)	True	267903	268936	up	(512, 384)	testing
11	jm	f	20	3	circle	red	dif	vert	up	(415, 480)	(608, 287)	True	270193	271455	left	(512, 384)	testing
11	jm	f	20	3	circle	red	dif	vert	up	(415, 480)	(512, 520)	True	274167	275296	up	(512, 384)	testing
11	jm	f	20	3	circle	none	same	vert	up	N_dis	(512, 248)	True	276332	277322	up	(512, 384)	testing
11	jm	f	20	3	diamond	green	same	vert	up	(512, 520)	(376, 384)	True	278390	279701	up	(512, 384)	testing
11	jm	f	20	3	diamond	green	same	hori	left	(415, 480)	(512, 248)	True	280935	281730	left	(512, 384)	testing
11	jm	f	20	3	diamond	none	dif	vert	up	N_dis	(608, 480)	True	282941	283753	up	(512, 384)	testing
11	jm	f	20	3	circle	green	same	hori	left	(415, 480)	(376, 384)	True	284961	286413	left	(512, 384)	testing
11	jm	f	20	3	circle	red	dif	hori	left	(512, 248)	(376, 384)	True	287516	288673	left	(512, 384)	testing
11	jm	f	20	3	diamond	red	same	hori	left	(415, 480)	(608, 287)	True	289775	290634	left	(512, 384)	testing
11	jm	f	20	3	circle	red	same	hori	left	(415, 480)	(376, 384)	True	291740	292574	left	(512, 384)	testing
11	jm	f	20	3	diamond	green	dif	hori	left	(415, 480)	(376, 384)	True	293675	294899	left	(512, 384)	testing
11	jm	f	20	3	diamond	red	dif	hori	left	(415, 480)	(376, 384)	True	296148	297161	left	(512, 384)	testing
11	jm	f	20	3	diamond	none	same	vert	up	N_dis	(376, 384)	True	298301	299084	up	(512, 384)	testing
11	jm	f	20	3	circle	green	dif	hori	left	(415, 480)	(608, 480)	True	300159	301187	left	(512, 384)	testing
11	jm	f	20	3	diamond	none	dif	hori	left	N_dis	(648, 384)	True	302368	303410	left	(512, 384)	testing
11	jm	f	20	3	circle	none	same	hori	left	N_dis	(415, 480)	True	304637	305767	left	(512, 384)	testing
11	jm	f	20	3	diamond	green	same	vert	up	(415, 480)	(608, 287)	True	306853	307847	up	(512, 384)	testing
11	jm	f	20	3	circle	red	same	hori	left	(512, 520)	(512, 248)	True	308978	310488	left	(512, 384)	testing
11	jm	f	20	3	circle	green	dif	vert	up	(415, 480)	(648, 384)	True	311730	313496	up	(512, 384)	testing
11	jm	f	20	3	circle	green	same	vert	up	(415, 480)	(376, 384)	True	314538	315527	up	(512, 384)	testing
11	jm	f	20	3	circle	red	same	hori	left	(415, 480)	(648, 384)	True	316698	317624	left	(512, 384)	testing
11	jm	f	20	3	circle	green	same	hori	left	(415, 287)	(512, 248)	True	318713	319975	left	(512, 384)	testing
11	jm	f	20	3	diamond	none	same	hori	left	N_dis	(376, 384)	True	321150	322292	left	(512, 384)	testing
11	jm	f	20	3	diamond	none	dif	hori	left	N_dis	(512, 520)	True	323400	324304	left	(512, 384)	testing
11	jm	f	20	3	circle	none	same	hori	left	N_dis	(376, 384)	True	325386	326166	left	(512, 384)	testing
11	jm	f	20	3	diamond	green	same	hori	left	(415, 287)	(608, 287)	True	327396	328510	left	(512, 384)	testing
11	jm	f	20	3	diamond	none	dif	hori	left	N_dis	(648, 384)	True	329585	330293	left	(512, 384)	testing
11	jm	f	20	3	diamond	red	same	vert	up	(415, 480)	(512, 520)	True	331426	332875	up	(512, 384)	testing
11	jm	f	20	3	diamond	red	same	hori	left	(415, 287)	(376, 384)	True	334028	335102	left	(512, 384)	testing
11	jm	f	20	3	diamond	green	dif	vert	up	(415, 480)	(608, 287)	True	336310	337709	up	(512, 384)	testing
11	jm	f	20	3	diamond	green	dif	vert	up	(415, 480)	(608, 480)	True	338836	339917	up	(512, 384)	testing
11	jm	f	20	3	diamond	green	same	vert	up	(648, 384)	(512, 520)	True	341104	342325	up	(512, 384)	testing
