subj	name	gender	age	runNum	shape	dist	td_dif	resp	resp_key	d_loc	t_loc	gotKey	startTime	respTime	resp	fix_loc	prac
11	jm	f	20	9	diamond	none	dif	vert	up	N_dis	(376, 384)	True	84087	84964	up	(512, 384)	testing
11	jm	f	20	9	circle	green	same	hori	left	(648, 384)	(512, 520)	True	86050	87103	left	(512, 384)	testing
11	jm	f	20	9	diamond	none	dif	vert	up	N_dis	(512, 248)	True	88319	89017	up	(512, 384)	testing
11	jm	f	20	9	circle	green	dif	vert	up	(376, 384)	(608, 480)	True	90136	91139	up	(512, 384)	testing
11	jm	f	20	9	diamond	red	same	vert	up	(648, 384)	(512, 248)	True	92399	93259	up	(512, 384)	testing
11	jm	f	20	9	diamond	none	same	hori	left	N_dis	(512, 520)	True	94303	95082	left	(512, 384)	testing
11	jm	f	20	9	circle	green	dif	vert	up	(512, 520)	(376, 384)	True	96175	97310	up	(512, 384)	testing
11	jm	f	20	9	diamond	green	dif	hori	left	(648, 384)	(512, 248)	True	98580	99398	left	(512, 384)	testing
11	jm	f	20	9	circle	none	dif	vert	up	N_dis	(415, 480)	True	100548	101449	up	(512, 384)	testing
11	jm	f	20	9	diamond	green	dif	vert	up	(512, 520)	(512, 248)	True	102539	103283	up	(512, 384)	testing
11	jm	f	20	9	circle	none	dif	hori	left	N_dis	(512, 248)	True	104504	105756	left	(512, 384)	testing
11	jm	f	20	9	diamond	none	same	hori	left	N_dis	(608, 287)	True	106874	107949	left	(512, 384)	testing
11	jm	f	20	9	diamond	red	same	hori	left	(415, 287)	(608, 480)	True	109195	110090	left	(512, 384)	testing
11	jm	f	20	9	circle	none	same	vert	up	N_dis	(512, 248)	True	111331	112256	up	(512, 384)	testing
11	jm	f	20	9	circle	none	dif	hori	left	N_dis	(512, 520)	True	113325	114056	left	(512, 384)	testing
11	jm	f	20	9	circle	red	same	hori	left	(648, 384)	(415, 480)	True	115291	115990	left	(512, 384)	testing
11	jm	f	20	9	diamond	green	dif	hori	left	(648, 384)	(608, 287)	True	117210	118160	left	(512, 384)	testing
11	jm	f	20	9	diamond	none	dif	hori	left	N_dis	(376, 384)	True	119392	120074	left	(512, 384)	testing
11	jm	f	20	9	circle	red	dif	vert	up	(648, 384)	(512, 248)	True	121298	122558	up	(512, 384)	testing
11	jm	f	20	9	diamond	none	same	vert	up	N_dis	(415, 287)	True	123680	124630	up	(512, 384)	testing
11	jm	f	20	9	diamond	none	dif	vert	up	N_dis	(648, 384)	True	125703	126438	up	(512, 384)	testing
11	jm	f	20	9	diamond	green	dif	hori	left	(648, 384)	(512, 520)	True	127511	128301	left	(512, 384)	testing
11	jm	f	20	9	circle	none	dif	hori	left	N_dis	(608, 287)	True	129377	130201	left	(512, 384)	testing
11	jm	f	20	9	diamond	green	same	hori	left	(415, 480)	(415, 287)	True	131433	132377	left	(512, 384)	testing
11	jm	f	20	9	circle	green	dif	vert	up	(648, 384)	(608, 287)	True	133407	134567	up	(512, 384)	testing
11	jm	f	20	9	circle	red	same	vert	up	(648, 384)	(512, 520)	True	135641	136538	up	(512, 384)	testing
11	jm	f	20	9	diamond	red	same	vert	up	(608, 480)	(376, 384)	True	137723	138742	up	(512, 384)	testing
11	jm	f	20	9	diamond	red	dif	vert	up	(648, 384)	(512, 520)	True	139913	140631	up	(512, 384)	testing
11	jm	f	20	9	circle	red	same	hori	left	(648, 384)	(376, 384)	True	141902	142988	left	(512, 384)	testing
11	jm	f	20	9	circle	green	same	vert	up	(648, 384)	(512, 520)	True	144192	146227	left	(512, 384)	testing
11	jm	f	20	9	diamond	red	dif	hori	left	(648, 384)	(608, 287)	True	148777	150007	left	(512, 384)	testing
11	jm	f	20	9	circle	red	same	vert	up	(648, 384)	(512, 248)	True	151085	153247	up	(512, 384)	testing
11	jm	f	20	9	diamond	red	dif	hori	left	(512, 520)	(608, 480)	True	154480	156158	left	(512, 384)	testing
11	jm	f	20	9	diamond	red	dif	hori	left	(376, 384)	(608, 287)	True	157390	158149	left	(512, 384)	testing
11	jm	f	20	9	diamond	none	dif	hori	left	N_dis	(648, 384)	True	159259	159995	left	(512, 384)	testing
11	jm	f	20	9	circle	red	dif	hori	left	(648, 384)	(376, 384)	True	161075	161894	left	(512, 384)	testing
11	jm	f	20	9	diamond	green	same	vert	up	(648, 384)	(512, 520)	True	163061	164181	up	(512, 384)	testing
11	jm	f	20	9	diamond	none	dif	hori	left	N_dis	(415, 480)	True	165323	166170	left	(512, 384)	testing
11	jm	f	20	9	circle	none	same	hori	left	N_dis	(608, 480)	True	167374	168252	left	(512, 384)	testing
11	jm	f	20	9	circle	red	dif	vert	up	(415, 287)	(415, 480)	True	169304	171231	up	(512, 384)	testing
11	jm	f	20	9	diamond	red	dif	hori	left	(415, 480)	(376, 384)	True	172464	173663	left	(512, 384)	testing
11	jm	f	20	9	diamond	none	same	hori	left	N_dis	(376, 384)	True	174932	175768	left	(512, 384)	testing
11	jm	f	20	9	circle	green	dif	hori	left	(608, 287)	(608, 480)	True	176864	178323	left	(512, 384)	testing
11	jm	f	20	9	circle	none	same	vert	up	N_dis	(608, 480)	True	179425	180533	up	(512, 384)	testing
11	jm	f	20	9	circle	green	same	vert	up	(608, 287)	(512, 520)	True	181706	182771	up	(512, 384)	testing
11	jm	f	20	9	circle	red	same	vert	up	(648, 384)	(608, 480)	True	183851	185049	up	(512, 384)	testing
11	jm	f	20	9	circle	green	dif	hori	left	(512, 248)	(376, 384)	True	186197	187064	left	(512, 384)	testing
11	jm	f	20	9	diamond	none	same	hori	left	N_dis	(608, 287)	True	188184	189673	left	(512, 384)	testing
11	jm	f	20	9	circle	green	same	hori	left	(648, 384)	(376, 384)	True	190915	192654	left	(512, 384)	testing
11	jm	f	20	9	circle	none	same	hori	left	N_dis	(512, 520)	True	193774	194733	left	(512, 384)	testing
11	jm	f	20	9	diamond	green	same	vert	up	(415, 480)	(376, 384)	True	195881	197462	up	(512, 384)	testing
11	jm	f	20	9	diamond	green	dif	vert	up	(648, 384)	(415, 287)	True	198599	200633	up	(512, 384)	testing
11	jm	f	20	9	circle	none	same	vert	up	N_dis	(512, 248)	True	201701	203092	up	(512, 384)	testing
11	jm	f	20	9	diamond	none	same	vert	up	N_dis	(512, 520)	True	204356	205351	up	(512, 384)	testing
11	jm	f	20	9	diamond	green	dif	vert	up	(648, 384)	(415, 480)	True	206619	207542	up	(512, 384)	testing
11	jm	f	20	9	circle	none	same	vert	up	N_dis	(415, 287)	True	208759	209784	up	(512, 384)	testing
11	jm	f	20	9	diamond	none	dif	vert	up	N_dis	(415, 287)	True	210852	211653	up	(512, 384)	testing
11	jm	f	20	9	diamond	red	dif	vert	up	(608, 480)	(415, 287)	True	212881	213616	up	(512, 384)	testing
11	jm	f	20	9	circle	red	dif	hori	left	(648, 384)	(376, 384)	True	214667	216058	left	(512, 384)	testing
11	jm	f	20	9	circle	red	dif	hori	left	(648, 384)	(608, 287)	True	217184	218025	left	(512, 384)	testing
11	jm	f	20	9	circle	none	dif	hori	left	N_dis	(608, 480)	True	219133	219892	left	(512, 384)	testing
11	jm	f	20	9	diamond	red	same	hori	left	(648, 384)	(415, 287)	True	221000	221970	left	(512, 384)	testing
11	jm	f	20	9	circle	green	dif	hori	left	(648, 384)	(415, 480)	True	223023	224942	left	(512, 384)	testing
11	jm	f	20	9	diamond	red	dif	vert	up	(648, 384)	(415, 480)	True	226082	227009	up	(512, 384)	testing
11	jm	f	20	9	diamond	green	dif	vert	up	(648, 384)	(608, 287)	True	228086	229258	up	(512, 384)	testing
11	jm	f	20	9	circle	green	dif	hori	left	(648, 384)	(376, 384)	True	230531	231189	left	(512, 384)	testing
11	jm	f	20	9	diamond	green	dif	hori	left	(648, 384)	(608, 480)	True	232244	233151	left	(512, 384)	testing
11	jm	f	20	9	circle	red	dif	vert	up	(415, 480)	(415, 287)	True	234405	235665	up	(512, 384)	testing
11	jm	f	20	9	circle	green	dif	vert	up	(648, 384)	(376, 384)	True	236778	237597	up	(512, 384)	testing
11	jm	f	20	9	circle	green	dif	hori	left	(608, 287)	(415, 287)	True	238722	239451	left	(512, 384)	testing
11	jm	f	20	9	circle	green	same	hori	left	(608, 480)	(376, 384)	True	240715	241751	left	(512, 384)	testing
11	jm	f	20	9	diamond	none	same	vert	up	N_dis	(648, 384)	True	242839	243665	up	(512, 384)	testing
11	jm	f	20	9	circle	green	same	vert	up	(648, 384)	(608, 480)	True	244688	246075	up	(512, 384)	testing
11	jm	f	20	9	diamond	red	same	hori	left	(648, 384)	(415, 287)	True	247207	248636	left	(512, 384)	testing
11	jm	f	20	9	diamond	red	same	hori	left	(608, 287)	(415, 287)	True	249856	250678	left	(512, 384)	testing
11	jm	f	20	9	circle	red	dif	vert	up	(648, 384)	(608, 287)	True	251899	252920	up	(512, 384)	testing
11	jm	f	20	9	diamond	none	dif	hori	left	N_dis	(415, 480)	True	254006	254877	left	(512, 384)	testing
11	jm	f	20	9	diamond	red	same	vert	up	(376, 384)	(608, 480)	True	256040	257349	up	(512, 384)	testing
11	jm	f	20	9	circle	red	dif	hori	left	(415, 287)	(376, 384)	True	258532	259838	left	(512, 384)	testing
11	jm	f	20	9	diamond	green	same	hori	left	(648, 384)	(376, 384)	True	260903	261672	left	(512, 384)	testing
11	jm	f	20	9	circle	none	dif	hori	left	N_dis	(376, 384)	True	262900	263842	left	(512, 384)	testing
11	jm	f	20	9	circle	red	same	hori	left	(648, 384)	(415, 287)	True	264958	265887	left	(512, 384)	testing
11	jm	f	20	9	diamond	red	dif	hori	left	(648, 384)	(512, 520)	True	267015	267961	left	(512, 384)	testing
11	jm	f	20	9	diamond	red	dif	vert	up	(648, 384)	(512, 248)	True	269167	270305	up	(512, 384)	testing
11	jm	f	20	9	circle	none	dif	vert	up	N_dis	(415, 480)	True	271413	272648	up	(512, 384)	testing
11	jm	f	20	9	circle	none	dif	vert	up	N_dis	(608, 287)	True	273758	274651	up	(512, 384)	testing
11	jm	f	20	9	circle	none	dif	vert	up	N_dis	(608, 480)	True	275904	276642	up	(512, 384)	testing
11	jm	f	20	9	diamond	none	same	vert	up	N_dis	(512, 248)	True	277769	279035	up	(512, 384)	testing
11	jm	f	20	9	circle	none	same	vert	up	N_dis	(648, 384)	True	280110	281260	up	(512, 384)	testing
11	jm	f	20	9	circle	red	same	vert	up	(648, 384)	(512, 248)	True	282364	283886	up	(512, 384)	testing
11	jm	f	20	9	circle	none	same	hori	left	N_dis	(415, 480)	True	285048	285803	left	(512, 384)	testing
11	jm	f	20	9	diamond	green	same	vert	up	(512, 248)	(415, 480)	True	286994	289168	up	(512, 384)	testing
11	jm	f	20	9	diamond	none	same	hori	left	N_dis	(648, 384)	True	290305	291542	left	(512, 384)	testing
11	jm	f	20	9	diamond	red	same	vert	up	(648, 384)	(608, 480)	True	292610	293575	up	(512, 384)	testing
11	jm	f	20	9	diamond	green	same	hori	left	(648, 384)	(415, 287)	True	294679	295635	left	(512, 384)	testing
11	jm	f	20	9	diamond	none	dif	vert	up	N_dis	(608, 287)	True	296871	297672	up	(512, 384)	testing
11	jm	f	20	9	circle	red	dif	vert	up	(648, 384)	(376, 384)	True	298703	300157	left	(512, 384)	testing
11	jm	f	20	9	diamond	green	dif	hori	left	(648, 384)	(376, 384)	True	302891	304196	left	(512, 384)	testing
11	jm	f	20	9	diamond	green	same	hori	left	(648, 384)	(608, 480)	True	305252	306404	left	(512, 384)	testing
11	jm	f	20	9	diamond	red	same	vert	up	(415, 287)	(415, 480)	True	307514	308544	up	(512, 384)	testing
11	jm	f	20	9	diamond	red	dif	vert	up	(512, 520)	(376, 384)	True	309709	310824	up	(512, 384)	testing
11	jm	f	20	9	circle	red	dif	hori	left	(648, 384)	(415, 480)	True	311929	313685	left	(512, 384)	testing
11	jm	f	20	9	diamond	green	dif	vert	up	(648, 384)	(512, 248)	True	314722	315456	up	(512, 384)	testing
11	jm	f	20	9	circle	green	dif	vert	up	(648, 384)	(608, 287)	True	316518	317505	up	(512, 384)	testing
11	jm	f	20	9	diamond	red	same	hori	left	(376, 384)	(415, 480)	True	318748	319482	left	(512, 384)	testing
11	jm	f	20	9	circle	green	same	vert	up	(648, 384)	(608, 480)	True	320604	321617	up	(512, 384)	testing
11	jm	f	20	9	diamond	none	same	vert	up	N_dis	(608, 480)	True	322719	323729	up	(512, 384)	testing
11	jm	f	20	9	diamond	green	same	vert	up	(648, 384)	(415, 287)	True	324994	325969	up	(512, 384)	testing
11	jm	f	20	9	circle	none	same	hori	left	N_dis	(415, 287)	True	327133	327824	left	(512, 384)	testing
11	jm	f	20	9	circle	red	same	hori	left	(512, 248)	(512, 520)	True	329055	330151	left	(512, 384)	testing
11	jm	f	20	9	circle	green	same	vert	up	(648, 384)	(376, 384)	True	331231	332137	up	(512, 384)	testing
11	jm	f	20	9	circle	none	same	hori	left	N_dis	(415, 287)	True	333209	333966	left	(512, 384)	testing
11	jm	f	20	9	diamond	green	same	hori	left	(648, 384)	(415, 287)	True	335037	335749	left	(512, 384)	testing
11	jm	f	20	9	circle	red	same	hori	left	(648, 384)	(415, 480)	True	336805	337562	left	(512, 384)	testing
11	jm	f	20	9	circle	green	same	hori	left	(648, 384)	(415, 480)	True	338617	339340	left	(512, 384)	testing
11	jm	f	20	9	circle	none	dif	vert	up	N_dis	(376, 384)	True	340605	341586	up	(512, 384)	testing
11	jm	f	20	9	circle	green	same	hori	left	(608, 480)	(608, 287)	True	342764	343612	left	(512, 384)	testing
11	jm	f	20	9	circle	red	same	vert	up	(512, 248)	(512, 520)	True	344809	346028	up	(512, 384)	testing
11	jm	f	20	9	diamond	none	dif	hori	left	N_dis	(512, 520)	True	347178	347932	left	(512, 384)	testing
11	jm	f	20	9	diamond	green	same	vert	up	(648, 384)	(608, 480)	True	349052	349954	up	(512, 384)	testing
