subj	name	gender	age	runNum	shape	dist	td_dif	resp	resp_key	d_loc	t_loc	gotKey	startTime	respTime	resp	fix_loc	prac
11	jm	f	20	7	diamond	green	same	hori	left	(415, 287)	(608, 480)	True	89312	90208	left	(512, 384)	testing
11	jm	f	20	7	circle	none	same	hori	left	N_dis	(415, 480)	True	91282	92333	left	(512, 384)	testing
11	jm	f	20	7	circle	none	same	hori	left	N_dis	(608, 480)	True	93388	94096	left	(512, 384)	testing
11	jm	f	20	7	circle	green	same	hori	left	(648, 384)	(376, 384)	True	95323	97129	left	(512, 384)	testing
11	jm	f	20	7	circle	green	same	hori	left	(512, 520)	(608, 287)	True	98401	99626	left	(512, 384)	testing
11	jm	f	20	7	circle	none	dif	hori	left	N_dis	(608, 287)	True	100737	101540	left	(512, 384)	testing
11	jm	f	20	7	diamond	red	dif	hori	left	(648, 384)	(415, 287)	True	102586	103368	left	(512, 384)	testing
11	jm	f	20	7	diamond	red	dif	hori	left	(512, 248)	(415, 480)	True	104582	105531	left	(512, 384)	testing
11	jm	f	20	7	diamond	none	dif	hori	left	N_dis	(608, 287)	True	106591	107470	left	(512, 384)	testing
11	jm	f	20	7	diamond	none	dif	vert	up	N_dis	(608, 480)	True	108574	109552	up	(512, 384)	testing
11	jm	f	20	7	circle	red	same	hori	left	(648, 384)	(376, 384)	True	110780	112360	left	(512, 384)	testing
11	jm	f	20	7	diamond	red	same	vert	up	(648, 384)	(512, 520)	True	113585	114628	up	(512, 384)	testing
11	jm	f	20	7	diamond	green	dif	vert	up	(648, 384)	(376, 384)	True	115749	116902	left	(512, 384)	testing
11	jm	f	20	7	diamond	red	dif	hori	left	(648, 384)	(608, 287)	True	119492	120717	left	(512, 384)	testing
11	jm	f	20	7	diamond	green	same	vert	up	(608, 287)	(376, 384)	True	121891	123015	up	(512, 384)	testing
11	jm	f	20	7	diamond	red	same	vert	up	(648, 384)	(608, 480)	True	124181	125234	up	(512, 384)	testing
11	jm	f	20	7	diamond	none	same	hori	left	N_dis	(512, 248)	True	126335	127151	left	(512, 384)	testing
11	jm	f	20	7	diamond	none	dif	hori	left	N_dis	(512, 520)	True	128387	129046	left	(512, 384)	testing
11	jm	f	20	7	circle	red	dif	hori	left	(648, 384)	(608, 480)	True	130238	131477	left	(512, 384)	testing
11	jm	f	20	7	circle	none	same	hori	left	N_dis	(376, 384)	True	132711	133659	left	(512, 384)	testing
11	jm	f	20	7	circle	green	dif	hori	left	(648, 384)	(415, 287)	True	134695	135827	left	(512, 384)	testing
11	jm	f	20	7	diamond	none	dif	vert	up	N_dis	(608, 287)	True	136976	138637	up	(512, 384)	testing
11	jm	f	20	7	circle	green	same	vert	up	(648, 384)	(415, 480)	True	139679	141047	up	(512, 384)	testing
11	jm	f	20	7	circle	red	dif	hori	left	(608, 480)	(608, 287)	True	142098	142937	left	(512, 384)	testing
11	jm	f	20	7	circle	none	dif	hori	left	N_dis	(608, 480)	True	144064	144714	left	(512, 384)	testing
11	jm	f	20	7	diamond	green	same	vert	up	(648, 384)	(376, 384)	True	145781	146768	up	(512, 384)	testing
11	jm	f	20	7	diamond	red	same	vert	up	(648, 384)	(512, 248)	True	148015	148788	up	(512, 384)	testing
11	jm	f	20	7	circle	red	dif	vert	up	(648, 384)	(415, 480)	True	149841	151450	up	(512, 384)	testing
11	jm	f	20	7	diamond	red	same	vert	up	(648, 384)	(376, 384)	True	152551	153935	up	(512, 384)	testing
11	jm	f	20	7	diamond	none	same	vert	up	N_dis	(512, 248)	True	154990	155981	up	(512, 384)	testing
11	jm	f	20	7	diamond	red	same	hori	left	(376, 384)	(608, 287)	True	157099	158412	left	(512, 384)	testing
11	jm	f	20	7	diamond	none	same	vert	up	N_dis	(608, 287)	True	159519	160521	up	(512, 384)	testing
11	jm	f	20	7	diamond	none	dif	vert	up	N_dis	(376, 384)	True	161603	162532	up	(512, 384)	testing
11	jm	f	20	7	diamond	none	same	hori	left	N_dis	(415, 480)	True	163712	164558	left	(512, 384)	testing
11	jm	f	20	7	circle	red	dif	vert	up	(415, 287)	(608, 480)	True	165678	167071	up	(512, 384)	testing
11	jm	f	20	7	circle	red	same	vert	up	(648, 384)	(512, 520)	True	168233	169120	up	(512, 384)	testing
11	jm	f	20	7	diamond	green	dif	hori	left	(415, 287)	(415, 480)	True	170146	171271	left	(512, 384)	testing
11	jm	f	20	7	circle	green	same	vert	up	(376, 384)	(608, 480)	True	172440	173283	up	(512, 384)	testing
11	jm	f	20	7	circle	green	dif	vert	up	(648, 384)	(512, 520)	True	174325	175223	up	(512, 384)	testing
11	jm	f	20	7	diamond	green	dif	hori	left	(648, 384)	(608, 480)	True	176384	177169	left	(512, 384)	testing
11	jm	f	20	7	circle	red	dif	hori	left	(648, 384)	(608, 480)	True	178214	179809	left	(512, 384)	testing
11	jm	f	20	7	diamond	green	dif	vert	up	(415, 480)	(608, 287)	True	180862	181646	up	(512, 384)	testing
11	jm	f	20	7	diamond	green	same	hori	left	(648, 384)	(415, 287)	True	182680	183392	left	(512, 384)	testing
11	jm	f	20	7	diamond	none	dif	hori	left	N_dis	(415, 480)	True	184507	185183	left	(512, 384)	testing
11	jm	f	20	7	circle	red	same	hori	left	(376, 384)	(512, 248)	True	186239	187049	left	(512, 384)	testing
11	jm	f	20	7	diamond	green	dif	hori	left	(648, 384)	(415, 287)	True	188271	189031	left	(512, 384)	testing
11	jm	f	20	7	circle	red	dif	vert	up	(648, 384)	(415, 480)	True	190152	191170	up	(512, 384)	testing
11	jm	f	20	7	diamond	red	same	hori	left	(512, 248)	(415, 287)	True	192219	193207	left	(512, 384)	testing
11	jm	f	20	7	circle	green	dif	hori	left	(648, 384)	(512, 520)	True	194355	195153	left	(512, 384)	testing
11	jm	f	20	7	circle	red	same	vert	up	(648, 384)	(608, 287)	True	196390	197379	up	(512, 384)	testing
11	jm	f	20	7	diamond	none	dif	vert	up	N_dis	(648, 384)	True	198448	200289	up	(512, 384)	testing
11	jm	f	20	7	circle	none	same	vert	up	N_dis	(608, 480)	True	201534	202415	up	(512, 384)	testing
11	jm	f	20	7	diamond	none	same	hori	left	N_dis	(608, 287)	True	203618	204703	left	(512, 384)	testing
11	jm	f	20	7	diamond	red	dif	vert	up	(415, 480)	(608, 480)	True	205869	206683	up	(512, 384)	testing
11	jm	f	20	7	circle	none	dif	vert	up	N_dis	(415, 287)	True	207719	208555	up	(512, 384)	testing
11	jm	f	20	7	circle	red	same	hori	left	(648, 384)	(376, 384)	True	209783	210595	left	(512, 384)	testing
11	jm	f	20	7	circle	none	dif	vert	up	N_dis	(648, 384)	True	211799	212529	up	(512, 384)	testing
11	jm	f	20	7	circle	green	dif	hori	left	(512, 520)	(608, 480)	True	213753	215002	left	(512, 384)	testing
11	jm	f	20	7	circle	none	dif	hori	left	N_dis	(415, 287)	True	216144	216837	left	(512, 384)	testing
11	jm	f	20	7	diamond	green	dif	vert	up	(608, 287)	(415, 480)	True	218110	218839	left	(512, 384)	testing
11	jm	f	20	7	circle	none	dif	hori	left	N_dis	(415, 287)	True	221566	222448	left	(512, 384)	testing
11	jm	f	20	7	circle	red	dif	hori	left	(648, 384)	(415, 480)	True	223702	224545	left	(512, 384)	testing
11	jm	f	20	7	circle	red	dif	vert	up	(648, 384)	(512, 248)	True	225586	226990	up	(512, 384)	testing
11	jm	f	20	7	circle	green	dif	vert	up	(648, 384)	(376, 384)	True	228231	228887	up	(512, 384)	testing
11	jm	f	20	7	diamond	none	dif	hori	left	N_dis	(415, 287)	True	230077	230899	left	(512, 384)	testing
11	jm	f	20	7	circle	none	same	hori	left	N_dis	(648, 384)	True	231965	232648	left	(512, 384)	testing
11	jm	f	20	7	diamond	red	dif	hori	left	(648, 384)	(512, 520)	True	233765	234688	left	(512, 384)	testing
11	jm	f	20	7	circle	green	same	vert	up	(648, 384)	(376, 384)	True	235959	237900	up	(512, 384)	testing
11	jm	f	20	7	circle	green	same	vert	up	(648, 384)	(512, 248)	True	239088	240714	up	(512, 384)	testing
11	jm	f	20	7	diamond	red	dif	hori	left	(648, 384)	(512, 248)	True	241843	243212	left	(512, 384)	testing
11	jm	f	20	7	circle	none	same	vert	up	N_dis	(512, 520)	True	244245	245298	up	(512, 384)	testing
11	jm	f	20	7	circle	none	same	hori	left	N_dis	(415, 287)	True	246461	247195	left	(512, 384)	testing
11	jm	f	20	7	circle	green	same	hori	left	(415, 480)	(512, 248)	True	248305	249301	left	(512, 384)	testing
11	jm	f	20	7	diamond	red	same	hori	left	(415, 480)	(512, 520)	True	250334	251498	left	(512, 384)	testing
11	jm	f	20	7	circle	green	dif	vert	up	(648, 384)	(512, 248)	True	252608	254207	up	(512, 384)	testing
11	jm	f	20	7	circle	none	dif	vert	up	N_dis	(512, 520)	True	255267	256114	up	(512, 384)	testing
11	jm	f	20	7	diamond	none	dif	hori	left	N_dis	(512, 248)	True	257174	258245	left	(512, 384)	testing
11	jm	f	20	7	circle	none	dif	vert	up	N_dis	(512, 248)	True	259337	260457	up	(512, 384)	testing
11	jm	f	20	7	diamond	none	same	vert	up	N_dis	(376, 384)	True	261579	262551	up	(512, 384)	testing
11	jm	f	20	7	diamond	green	dif	vert	up	(648, 384)	(608, 480)	True	263820	264883	up	(512, 384)	testing
11	jm	f	20	7	diamond	red	same	hori	left	(648, 384)	(512, 248)	True	266075	266868	left	(512, 384)	testing
11	jm	f	20	7	circle	none	same	vert	up	N_dis	(648, 384)	True	267925	269155	up	(512, 384)	testing
11	jm	f	20	7	circle	green	dif	hori	left	(648, 384)	(512, 248)	True	270251	271136	left	(512, 384)	testing
11	jm	f	20	7	circle	none	dif	hori	left	N_dis	(512, 520)	True	272231	272960	left	(512, 384)	testing
11	jm	f	20	7	diamond	red	dif	vert	up	(648, 384)	(512, 520)	True	274162	275083	up	(512, 384)	testing
11	jm	f	20	7	diamond	red	same	hori	left	(415, 287)	(512, 520)	True	276181	276979	left	(512, 384)	testing
11	jm	f	20	7	diamond	green	same	hori	left	(648, 384)	(512, 520)	True	278036	278753	left	(512, 384)	testing
11	jm	f	20	7	circle	none	dif	vert	up	N_dis	(415, 480)	True	279828	281151	up	(512, 384)	testing
11	jm	f	20	7	circle	red	dif	hori	left	(512, 520)	(415, 480)	True	282289	283595	up	(512, 384)	testing
11	jm	f	20	7	diamond	none	same	hori	left	N_dis	(648, 384)	True	286211	287223	left	(512, 384)	testing
11	jm	f	20	7	circle	none	same	vert	up	N_dis	(512, 248)	True	288278	289825	up	(512, 384)	testing
11	jm	f	20	7	circle	red	same	hori	left	(648, 384)	(415, 287)	True	291028	291882	left	(512, 384)	testing
11	jm	f	20	7	diamond	green	same	vert	up	(648, 384)	(608, 480)	True	293135	294229	up	(512, 384)	testing
11	jm	f	20	7	circle	green	dif	vert	up	(376, 384)	(608, 480)	True	295476	296658	up	(512, 384)	testing
11	jm	f	20	7	diamond	green	same	vert	up	(648, 384)	(415, 287)	True	297739	298606	up	(512, 384)	testing
11	jm	f	20	7	diamond	green	same	hori	left	(648, 384)	(415, 480)	True	299664	300575	left	(512, 384)	testing
11	jm	f	20	7	diamond	green	dif	hori	left	(648, 384)	(608, 287)	True	301738	302686	left	(512, 384)	testing
11	jm	f	20	7	circle	red	same	hori	left	(608, 287)	(415, 480)	True	303860	304651	left	(512, 384)	testing
11	jm	f	20	7	circle	red	same	vert	up	(648, 384)	(608, 287)	True	305914	307473	up	(512, 384)	testing
11	jm	f	20	7	circle	green	same	vert	up	(608, 480)	(415, 287)	True	308536	310209	up	(512, 384)	testing
11	jm	f	20	7	diamond	none	same	hori	left	N_dis	(376, 384)	True	311396	312323	left	(512, 384)	testing
11	jm	f	20	7	diamond	green	same	vert	up	(648, 384)	(415, 480)	True	313379	314612	up	(512, 384)	testing
11	jm	f	20	7	diamond	none	same	vert	up	N_dis	(512, 520)	True	315841	316806	up	(512, 384)	testing
11	jm	f	20	7	diamond	green	dif	hori	left	(648, 384)	(608, 287)	True	317833	318803	left	(512, 384)	testing
11	jm	f	20	7	circle	red	same	vert	up	(648, 384)	(415, 480)	True	319987	321220	up	(512, 384)	testing
11	jm	f	20	7	circle	green	same	hori	left	(648, 384)	(608, 287)	True	322284	323218	left	(512, 384)	testing
11	jm	f	20	7	circle	none	same	vert	up	N_dis	(415, 480)	True	324307	325401	up	(512, 384)	testing
11	jm	f	20	7	diamond	red	same	vert	up	(512, 248)	(608, 287)	True	326572	328179	up	(512, 384)	testing
11	jm	f	20	7	diamond	green	same	hori	left	(512, 520)	(376, 384)	True	329334	330257	left	(512, 384)	testing
11	jm	f	20	7	circle	green	dif	vert	up	(648, 384)	(608, 480)	True	331334	332421	left	(512, 384)	testing
11	jm	f	20	7	diamond	red	dif	vert	up	(648, 384)	(376, 384)	True	335081	336120	up	(512, 384)	testing
11	jm	f	20	7	circle	red	dif	vert	up	(648, 384)	(608, 287)	True	337278	339144	up	(512, 384)	testing
11	jm	f	20	7	diamond	red	dif	vert	up	(608, 480)	(512, 248)	True	340377	341419	up	(512, 384)	testing
11	jm	f	20	7	diamond	none	same	vert	up	N_dis	(376, 384)	True	342475	343323	up	(512, 384)	testing
11	jm	f	20	7	circle	red	same	vert	up	(608, 480)	(512, 520)	True	344474	345835	up	(512, 384)	testing
11	jm	f	20	7	diamond	none	dif	vert	up	N_dis	(608, 480)	True	346981	348346	up	(512, 384)	testing
11	jm	f	20	7	circle	green	same	hori	left	(608, 287)	(512, 520)	True	349505	350585	left	(512, 384)	testing
11	jm	f	20	7	diamond	red	dif	vert	up	(648, 384)	(415, 287)	True	351813	353164	up	(512, 384)	testing
11	jm	f	20	7	diamond	green	dif	vert	up	(648, 384)	(376, 384)	True	354269	355015	up	(512, 384)	testing
11	jm	f	20	7	circle	green	dif	hori	left	(512, 248)	(608, 480)	True	356255	357012	left	(512, 384)	testing
