subj	name	gender	age	runNum	shape	dist	td_dif	resp	resp_key	d_loc	t_loc	gotKey	startTime	respTime	resp	fix_loc	prac
12	zw	f	21	9	diamond	red	same	vert	up	(648, 384)	(608, 480)	True	2143	4175	up	(512, 384)	testing
12	zw	f	21	9	circle	none	same	hori	left	N_dis	(376, 384)	True	5241	5800	left	(512, 384)	testing
12	zw	f	21	9	circle	green	dif	vert	up	(608, 287)	(608, 480)	True	6918	8096	up	(512, 384)	testing
12	zw	f	21	9	diamond	green	same	vert	up	(415, 480)	(512, 520)	True	9139	9920	up	(512, 384)	testing
12	zw	f	21	9	circle	red	dif	hori	left	(608, 287)	(648, 384)	True	11025	11795	left	(512, 384)	testing
12	zw	f	21	9	diamond	green	dif	hori	left	(415, 287)	(608, 480)	True	13048	13698	left	(512, 384)	testing
12	zw	f	21	9	diamond	green	dif	vert	up	(608, 287)	(608, 480)	True	14910	15603	up	(512, 384)	testing
12	zw	f	21	9	circle	none	same	vert	up	N_dis	(608, 287)	True	16667	17372	up	(512, 384)	testing
12	zw	f	21	9	circle	red	same	hori	left	(608, 287)	(415, 480)	True	18468	19034	left	(512, 384)	testing
12	zw	f	21	9	circle	green	dif	vert	up	(608, 287)	(376, 384)	True	20115	20898	up	(512, 384)	testing
12	zw	f	21	9	diamond	none	same	vert	up	N_dis	(512, 520)	True	22134	22685	up	(512, 384)	testing
12	zw	f	21	9	circle	green	same	vert	up	(376, 384)	(608, 480)	True	23863	24399	up	(512, 384)	testing
12	zw	f	21	9	circle	green	same	vert	up	(608, 287)	(608, 480)	True	25448	26173	up	(512, 384)	testing
12	zw	f	21	9	diamond	green	same	hori	left	(512, 520)	(648, 384)	True	27333	28110	left	(512, 384)	testing
12	zw	f	21	9	diamond	red	dif	hori	left	(608, 287)	(648, 384)	True	29133	29788	left	(512, 384)	testing
12	zw	f	21	9	circle	red	same	hori	left	(608, 287)	(512, 248)	True	30988	31754	left	(512, 384)	testing
12	zw	f	21	9	diamond	green	dif	hori	left	(608, 287)	(415, 480)	True	32975	33874	left	(512, 384)	testing
12	zw	f	21	9	diamond	red	same	vert	up	(608, 287)	(376, 384)	True	35000	35686	up	(512, 384)	testing
12	zw	f	21	9	diamond	none	same	hori	left	N_dis	(608, 287)	True	36810	37486	left	(512, 384)	testing
12	zw	f	21	9	circle	none	same	vert	up	N_dis	(648, 384)	True	38677	39282	up	(512, 384)	testing
12	zw	f	21	9	circle	none	same	vert	up	N_dis	(376, 384)	True	40320	40835	left	(512, 384)	testing
12	zw	f	21	9	circle	green	same	hori	left	(608, 480)	(376, 384)	True	43482	44049	left	(512, 384)	testing
12	zw	f	21	9	diamond	green	same	hori	left	(608, 287)	(512, 520)	True	45198	45784	up	(512, 384)	testing
12	zw	f	21	9	circle	none	dif	hori	left	N_dis	(608, 480)	True	48408	49264	left	(512, 384)	testing
12	zw	f	21	9	diamond	none	dif	vert	up	N_dis	(648, 384)	True	50520	51073	up	(512, 384)	testing
12	zw	f	21	9	diamond	red	same	hori	left	(512, 520)	(415, 480)	True	52144	53734	left	(512, 384)	testing
12	zw	f	21	9	diamond	red	dif	hori	left	(415, 480)	(415, 287)	True	54828	56061	left	(512, 384)	testing
12	zw	f	21	9	diamond	none	same	vert	up	N_dis	(512, 248)	True	57239	57814	up	(512, 384)	testing
12	zw	f	21	9	circle	red	same	vert	up	(512, 248)	(415, 287)	True	58854	59905	up	(512, 384)	testing
12	zw	f	21	9	diamond	red	dif	vert	up	(608, 287)	(415, 480)	True	60971	61668	up	(512, 384)	testing
12	zw	f	21	9	circle	green	dif	hori	left	(608, 287)	(415, 287)	True	62695	63287	left	(512, 384)	testing
12	zw	f	21	9	diamond	red	dif	vert	up	(608, 287)	(512, 520)	True	64499	65270	up	(512, 384)	testing
12	zw	f	21	9	diamond	green	same	vert	up	(608, 287)	(512, 520)	True	66395	67002	up	(512, 384)	testing
12	zw	f	21	9	circle	red	dif	hori	left	(608, 287)	(415, 480)	True	68218	69388	left	(512, 384)	testing
12	zw	f	21	9	diamond	none	dif	hori	left	N_dis	(376, 384)	True	70579	71579	left	(512, 384)	testing
12	zw	f	21	9	circle	red	same	vert	up	(608, 287)	(415, 287)	True	72673	73417	up	(512, 384)	testing
12	zw	f	21	9	diamond	none	dif	hori	left	N_dis	(512, 520)	True	74610	75322	left	(512, 384)	testing
12	zw	f	21	9	diamond	green	dif	hori	left	(512, 248)	(648, 384)	True	76480	77105	left	(512, 384)	testing
12	zw	f	21	9	diamond	red	same	vert	up	(608, 480)	(376, 384)	True	78267	78881	up	(512, 384)	testing
12	zw	f	21	9	diamond	none	same	vert	up	N_dis	(415, 480)	True	79927	80693	up	(512, 384)	testing
12	zw	f	21	9	circle	red	dif	vert	up	(608, 287)	(376, 384)	True	81801	84313	up	(512, 384)	testing
12	zw	f	21	9	diamond	none	dif	vert	up	N_dis	(608, 480)	True	85422	86247	up	(512, 384)	testing
12	zw	f	21	9	circle	green	same	vert	up	(415, 287)	(376, 384)	True	87369	88993	up	(512, 384)	testing
12	zw	f	21	9	circle	green	dif	hori	left	(608, 287)	(648, 384)	True	90200	92163	left	(512, 384)	testing
12	zw	f	21	9	circle	red	dif	vert	up	(608, 287)	(376, 384)	True	93207	93830	up	(512, 384)	testing
12	zw	f	21	9	circle	none	dif	vert	up	N_dis	(608, 287)	True	94924	95563	up	(512, 384)	testing
12	zw	f	21	9	circle	green	dif	hori	left	(608, 287)	(648, 384)	True	96661	97372	left	(512, 384)	testing
12	zw	f	21	9	diamond	red	dif	vert	up	(608, 287)	(512, 520)	True	98636	99337	up	(512, 384)	testing
12	zw	f	21	9	circle	green	dif	vert	up	(608, 287)	(415, 480)	True	100417	101038	up	(512, 384)	testing
12	zw	f	21	9	diamond	green	same	vert	up	(608, 287)	(512, 248)	True	102293	103069	up	(512, 384)	testing
12	zw	f	21	9	circle	red	same	vert	up	(608, 287)	(415, 480)	True	104329	105809	up	(512, 384)	testing
12	zw	f	21	9	diamond	none	dif	vert	up	N_dis	(415, 480)	True	106906	107970	up	(512, 384)	testing
12	zw	f	21	9	diamond	none	dif	vert	up	N_dis	(608, 480)	True	109211	109822	up	(512, 384)	testing
12	zw	f	21	9	diamond	green	dif	vert	up	(608, 287)	(648, 384)	True	111070	111668	up	(512, 384)	testing
12	zw	f	21	9	diamond	none	same	vert	up	N_dis	(415, 287)	True	112700	113242	up	(512, 384)	testing
12	zw	f	21	9	circle	none	dif	vert	up	N_dis	(512, 520)	True	114305	115211	up	(512, 384)	testing
12	zw	f	21	9	circle	none	dif	vert	up	N_dis	(415, 287)	True	116378	117009	up	(512, 384)	testing
12	zw	f	21	9	circle	none	dif	vert	up	N_dis	(415, 480)	True	118233	119184	up	(512, 384)	testing
12	zw	f	21	9	diamond	green	dif	vert	up	(608, 287)	(415, 480)	True	120425	120999	up	(512, 384)	testing
12	zw	f	21	9	circle	none	same	vert	up	N_dis	(376, 384)	True	122212	122814	up	(512, 384)	testing
12	zw	f	21	9	diamond	red	dif	vert	up	(608, 480)	(648, 384)	True	123919	125633	up	(512, 384)	testing
12	zw	f	21	9	diamond	green	same	hori	left	(608, 287)	(376, 384)	True	126764	127278	left	(512, 384)	testing
12	zw	f	21	9	circle	green	same	hori	left	(376, 384)	(512, 520)	True	128361	129648	left	(512, 384)	testing
12	zw	f	21	9	diamond	green	same	hori	left	(608, 287)	(512, 248)	True	130726	132086	left	(512, 384)	testing
12	zw	f	21	9	circle	green	dif	hori	left	(512, 520)	(512, 248)	True	133119	133761	up	(512, 384)	testing
12	zw	f	21	9	circle	red	same	hori	left	(415, 480)	(512, 248)	True	136311	137819	left	(512, 384)	testing
12	zw	f	21	9	circle	red	dif	vert	up	(415, 480)	(648, 384)	True	138996	139815	up	(512, 384)	testing
12	zw	f	21	9	diamond	none	dif	hori	left	N_dis	(512, 248)	True	140963	141702	left	(512, 384)	testing
12	zw	f	21	9	circle	none	dif	hori	left	N_dis	(415, 287)	True	142819	143827	left	(512, 384)	testing
12	zw	f	21	9	diamond	green	same	vert	up	(608, 287)	(608, 480)	True	144855	145710	up	(512, 384)	testing
12	zw	f	21	9	diamond	green	same	hori	left	(608, 287)	(512, 248)	True	146947	147571	left	(512, 384)	testing
12	zw	f	21	9	diamond	red	dif	vert	up	(608, 287)	(512, 520)	True	148837	149537	up	(512, 384)	testing
12	zw	f	21	9	circle	red	same	vert	up	(608, 480)	(415, 287)	True	150596	152007	up	(512, 384)	testing
12	zw	f	21	9	diamond	none	same	hori	left	N_dis	(648, 384)	True	153040	153659	left	(512, 384)	testing
12	zw	f	21	9	diamond	none	same	vert	up	N_dis	(608, 287)	True	154748	155270	up	(512, 384)	testing
12	zw	f	21	9	circle	green	dif	vert	up	(512, 248)	(648, 384)	True	156476	157565	up	(512, 384)	testing
12	zw	f	21	9	diamond	green	dif	hori	left	(415, 287)	(512, 520)	True	158734	159432	left	(512, 384)	testing
12	zw	f	21	9	circle	green	same	hori	left	(648, 384)	(415, 480)	True	160523	161205	left	(512, 384)	testing
12	zw	f	21	9	circle	red	dif	hori	left	(648, 384)	(415, 480)	True	162299	162967	left	(512, 384)	testing
12	zw	f	21	9	diamond	red	same	hori	left	(608, 287)	(415, 480)	True	164081	164758	left	(512, 384)	testing
12	zw	f	21	9	circle	red	dif	hori	left	(608, 287)	(648, 384)	True	165838	166952	left	(512, 384)	testing
12	zw	f	21	9	diamond	red	dif	hori	left	(608, 287)	(608, 480)	True	167995	168769	left	(512, 384)	testing
12	zw	f	21	9	circle	none	same	hori	left	N_dis	(512, 248)	True	169997	170767	left	(512, 384)	testing
12	zw	f	21	9	diamond	red	same	vert	up	(608, 287)	(608, 480)	True	171901	172682	up	(512, 384)	testing
12	zw	f	21	9	circle	red	same	hori	left	(608, 287)	(415, 287)	True	173862	174456	left	(512, 384)	testing
12	zw	f	21	9	circle	none	dif	hori	left	N_dis	(415, 480)	True	175514	176081	left	(512, 384)	testing
12	zw	f	21	9	diamond	green	same	vert	up	(512, 248)	(608, 480)	True	177159	177742	up	(512, 384)	testing
12	zw	f	21	9	circle	red	same	hori	left	(376, 384)	(608, 480)	True	178798	180324	left	(512, 384)	testing
12	zw	f	21	9	diamond	none	dif	hori	left	N_dis	(608, 287)	True	181485	182180	left	(512, 384)	testing
12	zw	f	21	9	diamond	green	dif	vert	up	(415, 287)	(376, 384)	True	183209	184043	up	(512, 384)	testing
12	zw	f	21	9	circle	green	same	vert	up	(512, 520)	(415, 480)	True	185298	186203	up	(512, 384)	testing
12	zw	f	21	9	circle	green	same	hori	left	(648, 384)	(415, 287)	True	187254	187990	left	(512, 384)	testing
12	zw	f	21	9	circle	none	same	hori	left	N_dis	(415, 287)	True	189045	189682	left	(512, 384)	testing
12	zw	f	21	9	diamond	green	dif	vert	up	(608, 287)	(512, 520)	True	190874	191520	up	(512, 384)	testing
12	zw	f	21	9	diamond	none	dif	hori	left	N_dis	(512, 520)	True	192671	193397	left	(512, 384)	testing
12	zw	f	21	9	circle	red	dif	vert	up	(608, 287)	(512, 248)	True	194618	196001	up	(512, 384)	testing
12	zw	f	21	9	circle	none	dif	vert	up	N_dis	(376, 384)	True	197082	198272	up	(512, 384)	testing
12	zw	f	21	9	diamond	red	same	hori	left	(608, 287)	(415, 480)	True	199386	200090	left	(512, 384)	testing
12	zw	f	21	9	circle	none	dif	hori	left	N_dis	(608, 480)	True	201230	201909	left	(512, 384)	testing
12	zw	f	21	9	circle	red	dif	vert	up	(608, 287)	(608, 480)	True	203159	203815	up	(512, 384)	testing
12	zw	f	21	9	circle	green	same	vert	up	(608, 287)	(512, 248)	True	205078	205750	up	(512, 384)	testing
12	zw	f	21	9	diamond	red	dif	hori	left	(608, 287)	(415, 287)	True	206816	207402	left	(512, 384)	testing
12	zw	f	21	9	diamond	none	same	hori	left	N_dis	(648, 384)	True	208649	210120	left	(512, 384)	testing
12	zw	f	21	9	diamond	red	same	vert	up	(608, 287)	(648, 384)	True	211153	211768	up	(512, 384)	testing
12	zw	f	21	9	circle	red	dif	hori	left	(608, 287)	(512, 520)	True	212901	213671	left	(512, 384)	testing
12	zw	f	21	9	circle	none	same	hori	left	N_dis	(608, 480)	True	214759	215548	left	(512, 384)	testing
12	zw	f	21	9	diamond	red	same	hori	left	(608, 287)	(415, 480)	True	216684	217333	left	(512, 384)	testing
12	zw	f	21	9	circle	green	dif	vert	up	(608, 287)	(512, 248)	True	218468	219551	left	(512, 384)	testing
12	zw	f	21	9	circle	red	same	vert	up	(608, 287)	(415, 287)	True	222210	223702	up	(512, 384)	testing
12	zw	f	21	9	circle	none	dif	hori	left	N_dis	(415, 287)	True	224941	225642	left	(512, 384)	testing
12	zw	f	21	9	diamond	none	same	hori	left	N_dis	(415, 480)	True	226862	227483	left	(512, 384)	testing
12	zw	f	21	9	diamond	red	same	hori	left	(608, 287)	(376, 384)	True	228727	229717	left	(512, 384)	testing
12	zw	f	21	9	diamond	none	same	hori	left	N_dis	(648, 384)	True	230936	231576	left	(512, 384)	testing
12	zw	f	21	9	diamond	red	dif	hori	left	(376, 384)	(512, 520)	True	232779	233713	left	(512, 384)	testing
12	zw	f	21	9	circle	none	same	hori	left	N_dis	(512, 248)	True	234765	235804	left	(512, 384)	testing
12	zw	f	21	9	circle	none	same	vert	up	N_dis	(512, 248)	True	236998	238088	up	(512, 384)	testing
12	zw	f	21	9	circle	green	same	hori	left	(608, 287)	(415, 287)	True	239195	240468	left	(512, 384)	testing
12	zw	f	21	9	circle	green	dif	hori	left	(608, 287)	(415, 287)	True	241590	242748	up	(512, 384)	testing
12	zw	f	21	9	diamond	none	dif	vert	up	N_dis	(512, 520)	True	245292	245941	up	(512, 384)	testing
12	zw	f	21	9	diamond	green	dif	hori	left	(608, 287)	(376, 384)	True	247146	247978	left	(512, 384)	testing
