subj	name	gender	age	runNum	shape	dist	td_dif	resp	resp_key	d_loc	t_loc	gotKey	startTime	respTime	resp	fix_loc	prac
12	zw	f	21	6	circle	red	same	hori	left	(512, 520)	(648, 384)	True	6120	6843	left	(512, 384)	testing
12	zw	f	21	6	diamond	red	dif	vert	up	(608, 287)	(648, 384)	True	7982	8752	up	(512, 384)	testing
12	zw	f	21	6	circle	none	same	vert	up	N_dis	(608, 480)	True	9911	10791	up	(512, 384)	testing
12	zw	f	21	6	circle	none	same	hori	left	N_dis	(608, 480)	True	11973	12655	left	(512, 384)	testing
12	zw	f	21	6	circle	none	dif	vert	up	N_dis	(512, 248)	True	13866	15196	up	(512, 384)	testing
12	zw	f	21	6	diamond	red	same	vert	up	(512, 520)	(608, 287)	True	16415	17205	up	(512, 384)	testing
12	zw	f	21	6	diamond	red	dif	vert	up	(415, 287)	(415, 480)	True	18356	19088	up	(512, 384)	testing
12	zw	f	21	6	circle	none	same	vert	up	N_dis	(648, 384)	True	20141	20650	up	(512, 384)	testing
12	zw	f	21	6	circle	red	same	vert	up	(512, 520)	(608, 480)	True	21679	22950	up	(512, 384)	testing
12	zw	f	21	6	circle	green	dif	hori	left	(512, 520)	(648, 384)	True	24026	24800	left	(512, 384)	testing
12	zw	f	21	6	circle	none	dif	hori	left	N_dis	(512, 248)	True	25884	26494	left	(512, 384)	testing
12	zw	f	21	6	circle	none	same	hori	left	N_dis	(415, 480)	True	27574	28191	left	(512, 384)	testing
12	zw	f	21	6	diamond	none	dif	vert	up	N_dis	(415, 480)	True	29330	30055	up	(512, 384)	testing
12	zw	f	21	6	circle	red	same	vert	up	(608, 287)	(648, 384)	True	31250	32067	up	(512, 384)	testing
12	zw	f	21	6	circle	green	dif	hori	left	(648, 384)	(376, 384)	True	33215	33731	left	(512, 384)	testing
12	zw	f	21	6	diamond	green	dif	vert	up	(512, 520)	(608, 287)	True	34847	35542	up	(512, 384)	testing
12	zw	f	21	6	diamond	red	same	vert	up	(415, 287)	(415, 480)	True	36746	37582	up	(512, 384)	testing
12	zw	f	21	6	diamond	none	same	vert	up	N_dis	(648, 384)	True	38688	40567	up	(512, 384)	testing
12	zw	f	21	6	diamond	red	dif	vert	up	(512, 520)	(376, 384)	True	41665	42516	up	(512, 384)	testing
12	zw	f	21	6	circle	green	dif	vert	up	(512, 520)	(376, 384)	True	43757	44642	up	(512, 384)	testing
12	zw	f	21	6	circle	none	dif	vert	up	N_dis	(648, 384)	True	45742	46291	up	(512, 384)	testing
12	zw	f	21	6	circle	none	same	hori	left	N_dis	(415, 287)	True	47434	48171	left	(512, 384)	testing
12	zw	f	21	6	diamond	none	dif	hori	left	N_dis	(512, 520)	True	49237	50119	left	(512, 384)	testing
12	zw	f	21	6	diamond	none	dif	vert	up	N_dis	(415, 287)	True	51264	51872	up	(512, 384)	testing
12	zw	f	21	6	circle	green	same	hori	left	(648, 384)	(415, 287)	True	53020	53802	left	(512, 384)	testing
12	zw	f	21	6	circle	none	same	hori	left	N_dis	(376, 384)	True	54911	55522	left	(512, 384)	testing
12	zw	f	21	6	circle	none	dif	vert	up	N_dis	(648, 384)	True	56674	57263	up	(512, 384)	testing
12	zw	f	21	6	circle	red	dif	hori	left	(415, 287)	(512, 248)	True	58505	59272	up	(512, 384)	testing
12	zw	f	21	6	circle	red	same	vert	up	(512, 520)	(608, 480)	True	61966	62698	up	(512, 384)	testing
12	zw	f	21	6	diamond	green	dif	vert	up	(512, 520)	(608, 480)	True	63898	65412	up	(512, 384)	testing
12	zw	f	21	6	diamond	none	same	hori	left	N_dis	(415, 287)	True	66521	67218	left	(512, 384)	testing
12	zw	f	21	6	diamond	green	same	hori	left	(512, 520)	(512, 248)	True	68457	69141	left	(512, 384)	testing
12	zw	f	21	6	circle	green	same	hori	left	(512, 248)	(648, 384)	True	70245	71311	left	(512, 384)	testing
12	zw	f	21	6	diamond	none	dif	vert	up	N_dis	(415, 480)	True	72508	73237	up	(512, 384)	testing
12	zw	f	21	6	circle	none	same	vert	up	N_dis	(415, 287)	True	74471	75208	up	(512, 384)	testing
12	zw	f	21	6	circle	red	dif	vert	up	(512, 520)	(512, 248)	True	76458	77872	up	(512, 384)	testing
12	zw	f	21	6	circle	red	dif	hori	left	(512, 520)	(415, 287)	True	79119	79918	left	(512, 384)	testing
12	zw	f	21	6	circle	green	same	vert	up	(512, 520)	(512, 248)	True	80971	81895	up	(512, 384)	testing
12	zw	f	21	6	circle	red	same	vert	up	(512, 520)	(608, 287)	True	83064	83655	up	(512, 384)	testing
12	zw	f	21	6	diamond	green	same	hori	left	(512, 520)	(648, 384)	True	84712	86997	left	(512, 384)	testing
12	zw	f	21	6	circle	none	dif	hori	left	N_dis	(608, 480)	True	88207	90076	left	(512, 384)	testing
12	zw	f	21	6	circle	green	dif	vert	up	(512, 520)	(608, 287)	True	91119	92048	up	(512, 384)	testing
12	zw	f	21	6	circle	none	same	hori	left	N_dis	(376, 384)	True	93234	93769	left	(512, 384)	testing
12	zw	f	21	6	diamond	green	same	hori	left	(512, 520)	(608, 480)	True	94841	96062	left	(512, 384)	testing
12	zw	f	21	6	diamond	green	dif	vert	up	(512, 520)	(415, 480)	True	97161	97783	left	(512, 384)	testing
12	zw	f	21	6	diamond	red	same	vert	up	(415, 480)	(648, 384)	True	100557	101239	up	(512, 384)	testing
12	zw	f	21	6	diamond	red	dif	vert	up	(512, 520)	(415, 287)	True	102290	103101	up	(512, 384)	testing
12	zw	f	21	6	circle	red	same	hori	left	(512, 520)	(415, 287)	True	104140	104763	left	(512, 384)	testing
12	zw	f	21	6	circle	green	same	vert	up	(512, 520)	(648, 384)	True	105840	106775	up	(512, 384)	testing
12	zw	f	21	6	diamond	none	dif	hori	left	N_dis	(608, 287)	True	107864	108918	left	(512, 384)	testing
12	zw	f	21	6	diamond	none	same	hori	left	N_dis	(648, 384)	True	110154	110821	left	(512, 384)	testing
12	zw	f	21	6	diamond	red	dif	hori	left	(512, 248)	(648, 384)	True	111983	112654	left	(512, 384)	testing
12	zw	f	21	6	circle	none	dif	vert	up	N_dis	(415, 480)	True	113800	114506	up	(512, 384)	testing
12	zw	f	21	6	circle	green	same	hori	left	(512, 520)	(648, 384)	True	115563	116137	left	(512, 384)	testing
12	zw	f	21	6	diamond	green	same	vert	up	(512, 520)	(648, 384)	True	117227	117816	up	(512, 384)	testing
12	zw	f	21	6	circle	none	dif	hori	left	N_dis	(512, 520)	True	118932	119856	left	(512, 384)	testing
12	zw	f	21	6	diamond	red	same	hori	left	(608, 480)	(648, 384)	True	121105	122350	left	(512, 384)	testing
12	zw	f	21	6	circle	red	dif	hori	left	(512, 520)	(512, 248)	True	123556	125000	left	(512, 384)	testing
12	zw	f	21	6	diamond	none	same	vert	up	N_dis	(512, 520)	True	126030	127146	up	(512, 384)	testing
12	zw	f	21	6	circle	none	dif	hori	left	N_dis	(608, 287)	True	128379	129638	left	(512, 384)	testing
12	zw	f	21	6	circle	none	dif	vert	up	N_dis	(608, 287)	True	130808	131473	up	(512, 384)	testing
12	zw	f	21	6	diamond	none	dif	vert	up	N_dis	(415, 287)	True	132652	133838	up	(512, 384)	testing
12	zw	f	21	6	diamond	red	dif	hori	left	(512, 520)	(608, 287)	True	134869	135704	left	(512, 384)	testing
12	zw	f	21	6	diamond	red	same	vert	up	(512, 520)	(415, 480)	True	136865	137790	up	(512, 384)	testing
12	zw	f	21	6	circle	none	same	vert	up	N_dis	(512, 520)	True	138940	139714	up	(512, 384)	testing
12	zw	f	21	6	circle	red	same	hori	left	(376, 384)	(415, 480)	True	140815	141617	left	(512, 384)	testing
12	zw	f	21	6	circle	green	same	hori	left	(512, 520)	(415, 480)	True	142683	143814	left	(512, 384)	testing
12	zw	f	21	6	diamond	red	dif	hori	left	(608, 480)	(415, 480)	True	145019	146896	left	(512, 384)	testing
12	zw	f	21	6	diamond	red	dif	hori	left	(512, 520)	(512, 248)	True	148025	148717	left	(512, 384)	testing
12	zw	f	21	6	diamond	none	same	hori	left	N_dis	(376, 384)	True	149897	150737	left	(512, 384)	testing
12	zw	f	21	6	diamond	none	dif	vert	up	N_dis	(512, 248)	True	151993	152926	up	(512, 384)	testing
12	zw	f	21	6	diamond	red	same	hori	left	(512, 520)	(415, 287)	True	154000	154947	left	(512, 384)	testing
12	zw	f	21	6	circle	green	same	vert	up	(512, 520)	(415, 480)	True	155977	158619	up	(512, 384)	testing
12	zw	f	21	6	diamond	red	same	hori	left	(376, 384)	(648, 384)	True	159673	160271	left	(512, 384)	testing
12	zw	f	21	6	diamond	red	same	hori	left	(512, 520)	(608, 480)	True	161315	162225	left	(512, 384)	testing
12	zw	f	21	6	diamond	green	same	hori	left	(512, 520)	(415, 480)	True	163460	164142	left	(512, 384)	testing
12	zw	f	21	6	circle	green	dif	vert	up	(512, 520)	(415, 480)	True	165372	166131	up	(512, 384)	testing
12	zw	f	21	6	diamond	none	dif	hori	left	N_dis	(608, 480)	True	167253	167892	left	(512, 384)	testing
12	zw	f	21	6	circle	red	dif	vert	up	(512, 520)	(512, 248)	True	169121	169830	up	(512, 384)	testing
12	zw	f	21	6	diamond	green	same	vert	up	(648, 384)	(608, 287)	True	170912	172541	up	(512, 384)	testing
12	zw	f	21	6	diamond	green	dif	hori	left	(512, 520)	(415, 287)	True	173564	174256	left	(512, 384)	testing
12	zw	f	21	6	diamond	red	same	vert	up	(512, 520)	(512, 248)	True	175415	176138	up	(512, 384)	testing
12	zw	f	21	6	circle	none	dif	hori	left	N_dis	(376, 384)	True	177252	178251	left	(512, 384)	testing
12	zw	f	21	6	diamond	green	dif	vert	up	(512, 520)	(415, 287)	True	179421	180230	up	(512, 384)	testing
12	zw	f	21	6	circle	red	dif	hori	left	(512, 520)	(376, 384)	True	181398	181960	left	(512, 384)	testing
12	zw	f	21	6	diamond	red	dif	hori	left	(512, 248)	(415, 287)	True	183049	183658	left	(512, 384)	testing
12	zw	f	21	6	diamond	none	same	vert	up	N_dis	(376, 384)	True	184851	185453	up	(512, 384)	testing
12	zw	f	21	6	circle	green	dif	vert	up	(512, 520)	(608, 480)	True	186683	188021	up	(512, 384)	testing
12	zw	f	21	6	circle	none	same	vert	up	N_dis	(512, 248)	True	189238	189896	up	(512, 384)	testing
12	zw	f	21	6	diamond	none	same	hori	left	N_dis	(512, 520)	True	190942	191831	left	(512, 384)	testing
12	zw	f	21	6	diamond	green	dif	hori	left	(415, 480)	(648, 384)	True	193028	193646	left	(512, 384)	testing
12	zw	f	21	6	diamond	red	same	hori	left	(512, 520)	(608, 480)	True	194908	195506	left	(512, 384)	testing
12	zw	f	21	6	diamond	none	same	hori	left	N_dis	(415, 480)	True	196769	197424	left	(512, 384)	testing
12	zw	f	21	6	diamond	green	same	hori	left	(512, 520)	(376, 384)	True	198687	199363	left	(512, 384)	testing
12	zw	f	21	6	diamond	green	dif	hori	left	(608, 287)	(415, 480)	True	200614	201250	left	(512, 384)	testing
12	zw	f	21	6	circle	green	same	vert	up	(415, 287)	(648, 384)	True	202361	203218	up	(512, 384)	testing
12	zw	f	21	6	circle	red	dif	vert	up	(415, 480)	(648, 384)	True	204421	205419	up	(512, 384)	testing
12	zw	f	21	6	diamond	green	dif	hori	left	(512, 520)	(512, 248)	True	206593	208444	left	(512, 384)	testing
12	zw	f	21	6	diamond	none	same	vert	up	N_dis	(608, 287)	True	209499	210241	up	(512, 384)	testing
12	zw	f	21	6	circle	green	dif	hori	left	(608, 480)	(415, 287)	True	211277	212676	left	(512, 384)	testing
12	zw	f	21	6	circle	green	same	hori	left	(512, 248)	(415, 287)	True	213721	214294	left	(512, 384)	testing
12	zw	f	21	6	circle	red	dif	vert	up	(512, 520)	(648, 384)	True	215524	216452	up	(512, 384)	testing
12	zw	f	21	6	circle	red	dif	hori	left	(512, 520)	(415, 287)	True	217556	218195	left	(512, 384)	testing
12	zw	f	21	6	diamond	none	same	vert	up	N_dis	(608, 480)	True	219392	220161	up	(512, 384)	testing
12	zw	f	21	6	circle	green	dif	hori	left	(512, 520)	(376, 384)	True	221253	221937	left	(512, 384)	testing
12	zw	f	21	6	diamond	green	dif	vert	up	(648, 384)	(376, 384)	True	223116	223820	up	(512, 384)	testing
12	zw	f	21	6	circle	red	same	hori	left	(512, 520)	(376, 384)	True	225001	225524	left	(512, 384)	testing
12	zw	f	21	6	diamond	green	same	vert	up	(376, 384)	(608, 480)	True	226627	227141	left	(512, 384)	testing
12	zw	f	21	6	diamond	green	same	vert	up	(608, 287)	(415, 480)	True	229899	231013	up	(512, 384)	testing
12	zw	f	21	6	circle	red	dif	vert	up	(512, 520)	(512, 248)	True	232242	233130	up	(512, 384)	testing
12	zw	f	21	6	circle	green	dif	hori	left	(608, 480)	(512, 248)	True	234335	235225	left	(512, 384)	testing
12	zw	f	21	6	circle	green	dif	vert	up	(512, 520)	(512, 248)	True	236438	237377	up	(512, 384)	testing
12	zw	f	21	6	diamond	red	dif	vert	up	(415, 480)	(415, 287)	True	238505	239117	up	(512, 384)	testing
12	zw	f	21	6	diamond	none	dif	hori	left	N_dis	(512, 248)	True	240233	240942	left	(512, 384)	testing
12	zw	f	21	6	diamond	green	dif	hori	left	(512, 520)	(376, 384)	True	242049	242865	left	(512, 384)	testing
12	zw	f	21	6	diamond	none	dif	hori	left	N_dis	(608, 287)	True	244104	244840	left	(512, 384)	testing
12	zw	f	21	6	diamond	green	same	vert	up	(512, 520)	(415, 480)	True	246048	246723	up	(512, 384)	testing
12	zw	f	21	6	circle	green	same	vert	up	(512, 520)	(608, 287)	True	247817	248583	up	(512, 384)	testing
12	zw	f	21	6	circle	red	same	vert	up	(512, 520)	(608, 287)	True	249765	252092	up	(512, 384)	testing
12	zw	f	21	6	circle	red	same	hori	left	(376, 384)	(648, 384)	True	253205	253848	left	(512, 384)	testing
