subj	name	gender	age	runNum	shape	dist	td_dif	resp	resp_key	d_loc	t_loc	gotKey	startTime	respTime	resp	fix_loc	prac
12	zw	f	21	4	circle	none	dif	hori	left	N_dis	(415, 480)	True	6103	6809	left	(512, 384)	testing
12	zw	f	21	4	diamond	green	same	hori	left	(512, 520)	(376, 384)	True	7930	8661	left	(512, 384)	testing
12	zw	f	21	4	diamond	none	dif	hori	left	N_dis	(512, 248)	True	9780	10504	left	(512, 384)	testing
12	zw	f	21	4	diamond	red	dif	vert	up	(512, 520)	(608, 287)	True	11696	12339	up	(512, 384)	testing
12	zw	f	21	4	circle	none	same	vert	up	N_dis	(415, 287)	True	13558	14465	up	(512, 384)	testing
12	zw	f	21	4	circle	none	dif	vert	up	N_dis	(376, 384)	True	15621	16268	up	(512, 384)	testing
12	zw	f	21	4	diamond	green	same	hori	left	(415, 480)	(376, 384)	True	17437	18154	left	(512, 384)	testing
12	zw	f	21	4	diamond	none	dif	vert	up	N_dis	(376, 384)	True	19186	19781	up	(512, 384)	testing
12	zw	f	21	4	circle	green	dif	hori	left	(512, 520)	(608, 287)	True	20961	21653	left	(512, 384)	testing
12	zw	f	21	4	circle	none	same	vert	up	N_dis	(415, 480)	True	22926	23579	up	(512, 384)	testing
12	zw	f	21	4	diamond	none	same	hori	left	N_dis	(376, 384)	True	24731	25469	left	(512, 384)	testing
12	zw	f	21	4	diamond	red	dif	vert	up	(648, 384)	(512, 248)	True	26742	27377	up	(512, 384)	testing
12	zw	f	21	4	circle	none	dif	hori	left	N_dis	(512, 520)	True	28564	29337	left	(512, 384)	testing
12	zw	f	21	4	diamond	none	dif	vert	up	N_dis	(376, 384)	True	30425	31049	up	(512, 384)	testing
12	zw	f	21	4	diamond	red	same	hori	left	(648, 384)	(376, 384)	True	32137	33001	left	(512, 384)	testing
12	zw	f	21	4	circle	none	same	hori	left	N_dis	(415, 287)	True	34238	34965	left	(512, 384)	testing
12	zw	f	21	4	circle	green	same	hori	left	(512, 520)	(608, 480)	True	36219	37456	left	(512, 384)	testing
12	zw	f	21	4	diamond	red	dif	vert	up	(512, 520)	(608, 480)	True	38526	39273	left	(512, 384)	testing
12	zw	f	21	4	circle	red	same	hori	left	(512, 520)	(415, 287)	True	41889	42536	left	(512, 384)	testing
12	zw	f	21	4	circle	red	same	hori	left	(512, 520)	(512, 248)	True	43778	44465	left	(512, 384)	testing
12	zw	f	21	4	circle	green	same	hori	left	(512, 520)	(415, 480)	True	45576	46380	left	(512, 384)	testing
12	zw	f	21	4	diamond	red	dif	vert	up	(608, 480)	(376, 384)	True	47649	48686	up	(512, 384)	testing
12	zw	f	21	4	circle	red	same	vert	up	(415, 287)	(376, 384)	True	49868	52153	up	(512, 384)	testing
12	zw	f	21	4	diamond	red	same	hori	left	(512, 520)	(415, 480)	True	53377	54488	left	(512, 384)	testing
12	zw	f	21	4	diamond	none	dif	hori	left	N_dis	(608, 480)	True	55738	56637	left	(512, 384)	testing
12	zw	f	21	4	diamond	green	dif	vert	up	(512, 520)	(415, 287)	True	57880	58706	up	(512, 384)	testing
12	zw	f	21	4	diamond	red	same	vert	up	(512, 520)	(415, 480)	True	59866	60590	up	(512, 384)	testing
12	zw	f	21	4	diamond	green	same	vert	up	(512, 520)	(512, 248)	True	61795	62427	up	(512, 384)	testing
12	zw	f	21	4	diamond	none	same	vert	up	N_dis	(648, 384)	True	63525	64176	up	(512, 384)	testing
12	zw	f	21	4	diamond	none	same	vert	up	N_dis	(608, 480)	True	65307	65894	up	(512, 384)	testing
12	zw	f	21	4	circle	red	dif	vert	up	(512, 520)	(608, 287)	True	67060	68911	up	(512, 384)	testing
12	zw	f	21	4	circle	green	same	vert	up	(608, 287)	(415, 480)	True	69953	70894	up	(512, 384)	testing
12	zw	f	21	4	diamond	green	dif	vert	up	(512, 520)	(415, 480)	True	72148	73213	up	(512, 384)	testing
12	zw	f	21	4	circle	green	same	vert	up	(512, 520)	(376, 384)	True	74321	75137	up	(512, 384)	testing
12	zw	f	21	4	circle	none	same	hori	left	N_dis	(648, 384)	True	76287	76856	left	(512, 384)	testing
12	zw	f	21	4	diamond	none	same	vert	up	N_dis	(512, 248)	True	77891	78543	up	(512, 384)	testing
12	zw	f	21	4	circle	red	dif	vert	up	(512, 520)	(648, 384)	True	79723	80268	up	(512, 384)	testing
12	zw	f	21	4	circle	none	dif	hori	left	N_dis	(512, 248)	True	81457	81996	left	(512, 384)	testing
12	zw	f	21	4	diamond	red	dif	hori	left	(608, 287)	(376, 384)	True	83026	83651	left	(512, 384)	testing
12	zw	f	21	4	diamond	green	dif	vert	up	(376, 384)	(608, 287)	True	84690	85500	up	(512, 384)	testing
12	zw	f	21	4	circle	green	dif	vert	up	(608, 480)	(648, 384)	True	86685	88036	left	(512, 384)	testing
12	zw	f	21	4	diamond	green	dif	hori	left	(512, 520)	(376, 384)	True	90650	91872	left	(512, 384)	testing
12	zw	f	21	4	diamond	red	dif	hori	left	(512, 520)	(608, 287)	True	92935	93679	left	(512, 384)	testing
12	zw	f	21	4	circle	red	same	hori	left	(512, 520)	(415, 480)	True	94809	95900	left	(512, 384)	testing
12	zw	f	21	4	circle	green	dif	vert	up	(608, 287)	(415, 287)	True	96960	98364	up	(512, 384)	testing
12	zw	f	21	4	diamond	green	dif	vert	up	(608, 480)	(608, 287)	True	99489	100393	up	(512, 384)	testing
12	zw	f	21	4	diamond	none	dif	vert	up	N_dis	(415, 287)	True	101439	102187	up	(512, 384)	testing
12	zw	f	21	4	circle	green	same	hori	left	(512, 520)	(608, 480)	True	103341	104788	left	(512, 384)	testing
12	zw	f	21	4	diamond	green	dif	hori	left	(512, 520)	(512, 248)	True	105900	107279	left	(512, 384)	testing
12	zw	f	21	4	circle	red	dif	hori	left	(512, 520)	(608, 480)	True	108486	109239	left	(512, 384)	testing
12	zw	f	21	4	diamond	red	dif	hori	left	(648, 384)	(512, 248)	True	110304	111654	left	(512, 384)	testing
12	zw	f	21	4	diamond	none	dif	hori	left	N_dis	(512, 520)	True	112780	113543	left	(512, 384)	testing
12	zw	f	21	4	circle	red	same	vert	up	(512, 520)	(415, 480)	True	114593	116144	up	(512, 384)	testing
12	zw	f	21	4	circle	red	dif	hori	left	(512, 520)	(512, 248)	True	117349	117969	left	(512, 384)	testing
12	zw	f	21	4	diamond	red	same	vert	up	(512, 520)	(376, 384)	True	119053	120023	up	(512, 384)	testing
12	zw	f	21	4	diamond	none	same	hori	left	N_dis	(512, 248)	True	121189	122120	left	(512, 384)	testing
12	zw	f	21	4	circle	none	dif	vert	up	N_dis	(648, 384)	True	123390	124007	up	(512, 384)	testing
12	zw	f	21	4	diamond	green	same	hori	left	(608, 287)	(415, 480)	True	125062	125794	left	(512, 384)	testing
12	zw	f	21	4	circle	green	same	hori	left	(512, 520)	(376, 384)	True	126847	127815	left	(512, 384)	testing
12	zw	f	21	4	diamond	red	same	vert	up	(415, 480)	(648, 384)	True	129017	129955	up	(512, 384)	testing
12	zw	f	21	4	diamond	green	same	vert	up	(648, 384)	(415, 287)	True	131185	131702	up	(512, 384)	testing
12	zw	f	21	4	circle	red	dif	vert	up	(512, 520)	(415, 287)	True	132800	133370	up	(512, 384)	testing
12	zw	f	21	4	diamond	green	dif	hori	left	(512, 520)	(608, 287)	True	134404	135180	up	(512, 384)	testing
12	zw	f	21	4	circle	red	same	vert	up	(512, 520)	(608, 480)	True	137867	140461	up	(512, 384)	testing
12	zw	f	21	4	circle	none	dif	vert	up	N_dis	(648, 384)	True	141605	142448	up	(512, 384)	testing
12	zw	f	21	4	circle	none	same	hori	left	N_dis	(512, 248)	True	143681	144420	left	(512, 384)	testing
12	zw	f	21	4	diamond	none	same	vert	up	N_dis	(512, 520)	True	145524	146165	up	(512, 384)	testing
12	zw	f	21	4	circle	red	dif	hori	left	(512, 520)	(512, 248)	True	147328	148046	left	(512, 384)	testing
12	zw	f	21	4	diamond	green	same	vert	up	(512, 520)	(376, 384)	True	149179	150086	up	(512, 384)	testing
12	zw	f	21	4	circle	green	dif	vert	up	(512, 520)	(415, 287)	True	151309	151842	up	(512, 384)	testing
12	zw	f	21	4	diamond	none	dif	hori	left	N_dis	(376, 384)	True	152870	153563	left	(512, 384)	testing
12	zw	f	21	4	circle	red	dif	hori	left	(512, 520)	(648, 384)	True	154776	155769	left	(512, 384)	testing
12	zw	f	21	4	diamond	green	same	hori	left	(512, 520)	(648, 384)	True	156918	157921	left	(512, 384)	testing
12	zw	f	21	4	circle	green	same	vert	up	(512, 248)	(608, 480)	True	159051	161579	up	(512, 384)	testing
12	zw	f	21	4	circle	green	dif	hori	left	(512, 520)	(648, 384)	True	162821	163457	left	(512, 384)	testing
12	zw	f	21	4	diamond	red	same	vert	up	(512, 520)	(608, 480)	True	164615	165374	up	(512, 384)	testing
12	zw	f	21	4	circle	red	same	vert	up	(512, 520)	(376, 384)	True	166461	168552	up	(512, 384)	testing
12	zw	f	21	4	diamond	red	dif	vert	up	(376, 384)	(648, 384)	True	169783	170821	up	(512, 384)	testing
12	zw	f	21	4	diamond	red	dif	hori	left	(415, 480)	(608, 287)	True	172017	172933	left	(512, 384)	testing
12	zw	f	21	4	circle	red	same	hori	left	(608, 480)	(415, 287)	True	174085	174633	left	(512, 384)	testing
12	zw	f	21	4	diamond	none	same	hori	left	N_dis	(512, 520)	True	175878	177024	left	(512, 384)	testing
12	zw	f	21	4	circle	green	same	vert	up	(512, 520)	(415, 480)	True	178178	178788	up	(512, 384)	testing
12	zw	f	21	4	circle	red	dif	vert	up	(415, 287)	(376, 384)	True	179986	180592	up	(512, 384)	testing
12	zw	f	21	4	diamond	none	same	hori	left	N_dis	(415, 287)	True	181842	182335	left	(512, 384)	testing
12	zw	f	21	4	diamond	red	same	hori	left	(512, 520)	(512, 248)	True	183567	184183	left	(512, 384)	testing
12	zw	f	21	4	diamond	green	same	vert	up	(512, 248)	(415, 287)	True	185330	185814	up	(512, 384)	testing
12	zw	f	21	4	circle	green	dif	hori	left	(512, 520)	(648, 384)	True	187075	187869	left	(512, 384)	testing
12	zw	f	21	4	circle	red	dif	hori	left	(512, 520)	(608, 287)	True	188966	189664	left	(512, 384)	testing
12	zw	f	21	4	diamond	red	same	vert	up	(512, 248)	(648, 384)	True	190780	191819	up	(512, 384)	testing
12	zw	f	21	4	diamond	none	same	hori	left	N_dis	(608, 287)	True	192929	193488	left	(512, 384)	testing
12	zw	f	21	4	circle	red	dif	vert	up	(512, 520)	(648, 384)	True	194745	195489	up	(512, 384)	testing
12	zw	f	21	4	circle	none	dif	hori	left	N_dis	(608, 480)	True	196603	197248	left	(512, 384)	testing
12	zw	f	21	4	diamond	none	dif	hori	left	N_dis	(608, 287)	True	198422	199246	left	(512, 384)	testing
12	zw	f	21	4	circle	green	dif	vert	up	(512, 520)	(608, 287)	True	200312	201215	up	(512, 384)	testing
12	zw	f	21	4	circle	none	dif	hori	left	N_dis	(415, 287)	True	202276	202896	left	(512, 384)	testing
12	zw	f	21	4	diamond	red	same	hori	left	(376, 384)	(415, 287)	True	204092	204768	left	(512, 384)	testing
12	zw	f	21	4	circle	green	dif	vert	up	(512, 520)	(415, 287)	True	205955	206496	up	(512, 384)	testing
12	zw	f	21	4	circle	green	dif	hori	left	(512, 520)	(648, 384)	True	207752	208318	left	(512, 384)	testing
12	zw	f	21	4	circle	none	same	hori	left	N_dis	(608, 480)	True	209422	210267	left	(512, 384)	testing
12	zw	f	21	4	diamond	green	dif	hori	left	(512, 520)	(415, 287)	True	211357	211912	left	(512, 384)	testing
12	zw	f	21	4	diamond	green	dif	hori	left	(512, 520)	(512, 248)	True	213141	213940	left	(512, 384)	testing
12	zw	f	21	4	circle	none	dif	vert	up	N_dis	(415, 480)	True	215140	215935	up	(512, 384)	testing
12	zw	f	21	4	circle	none	same	vert	up	N_dis	(648, 384)	True	217194	217711	up	(512, 384)	testing
12	zw	f	21	4	circle	green	dif	hori	left	(415, 480)	(512, 248)	True	218789	219382	left	(512, 384)	testing
12	zw	f	21	4	diamond	none	dif	vert	up	N_dis	(415, 480)	True	220651	221443	up	(512, 384)	testing
12	zw	f	21	4	circle	red	same	vert	up	(512, 520)	(415, 287)	True	222584	223340	up	(512, 384)	testing
12	zw	f	21	4	circle	green	same	vert	up	(415, 287)	(376, 384)	True	224381	225097	up	(512, 384)	testing
12	zw	f	21	4	circle	none	same	hori	left	N_dis	(608, 287)	True	226144	226893	left	(512, 384)	testing
12	zw	f	21	4	circle	none	dif	vert	up	N_dis	(415, 480)	True	228098	228630	up	(512, 384)	testing
12	zw	f	21	4	diamond	none	dif	vert	up	N_dis	(608, 287)	True	229863	230500	up	(512, 384)	testing
12	zw	f	21	4	diamond	green	same	vert	up	(512, 520)	(512, 248)	True	231656	232263	up	(512, 384)	testing
12	zw	f	21	4	circle	green	same	hori	left	(376, 384)	(415, 480)	True	233438	234240	left	(512, 384)	testing
12	zw	f	21	4	diamond	green	dif	vert	up	(512, 520)	(512, 248)	True	235265	236061	up	(512, 384)	testing
12	zw	f	21	4	diamond	none	same	vert	up	N_dis	(608, 287)	True	237151	237936	up	(512, 384)	testing
12	zw	f	21	4	diamond	green	same	hori	left	(415, 287)	(512, 248)	True	239008	240349	left	(512, 384)	testing
12	zw	f	21	4	circle	red	same	hori	left	(512, 248)	(376, 384)	True	241470	242227	left	(512, 384)	testing
12	zw	f	21	4	diamond	red	same	hori	left	(512, 520)	(512, 248)	True	243454	244013	left	(512, 384)	testing
12	zw	f	21	4	circle	none	same	vert	up	N_dis	(608, 480)	True	245143	245904	up	(512, 384)	testing
12	zw	f	21	4	circle	none	same	vert	up	N_dis	(512, 520)	True	246926	248072	up	(512, 384)	testing
12	zw	f	21	4	diamond	red	dif	hori	left	(512, 520)	(608, 480)	True	249250	250109	left	(512, 384)	testing
