subj	name	gender	age	runNum	shape	dist	td_dif	resp	resp_key	d_loc	t_loc	gotKey	startTime	respTime	resp	fix_loc	prac
12	zw	f	21	2	diamond	none	dif	hori	left	N_dis	(415, 480)	True	19722	20791	left	(512, 384)	testing
12	zw	f	21	2	circle	green	dif	vert	up	(608, 480)	(648, 384)	True	22000	22783	up	(512, 384)	testing
12	zw	f	21	2	diamond	red	same	vert	up	(415, 287)	(512, 248)	True	23908	24602	up	(512, 384)	testing
12	zw	f	21	2	diamond	green	same	vert	up	(415, 287)	(512, 520)	True	25829	26474	up	(512, 384)	testing
12	zw	f	21	2	circle	none	same	vert	up	N_dis	(648, 384)	True	27546	28391	up	(512, 384)	testing
12	zw	f	21	2	circle	red	dif	vert	up	(415, 287)	(608, 480)	True	29620	30365	up	(512, 384)	testing
12	zw	f	21	2	diamond	none	dif	vert	up	N_dis	(415, 480)	True	31442	32411	up	(512, 384)	testing
12	zw	f	21	2	diamond	none	same	vert	up	N_dis	(512, 520)	True	33577	34640	up	(512, 384)	testing
12	zw	f	21	2	diamond	none	dif	vert	up	N_dis	(648, 384)	True	35813	36692	up	(512, 384)	testing
12	zw	f	21	2	diamond	red	same	vert	up	(415, 287)	(512, 520)	True	37882	38762	up	(512, 384)	testing
12	zw	f	21	2	circle	none	same	hori	left	N_dis	(512, 248)	True	39902	40765	left	(512, 384)	testing
12	zw	f	21	2	diamond	none	same	hori	left	N_dis	(415, 287)	True	41859	43504	up	(512, 384)	testing
12	zw	f	21	2	diamond	none	dif	vert	up	N_dis	(512, 520)	True	46280	46914	up	(512, 384)	testing
12	zw	f	21	2	circle	green	dif	hori	left	(415, 287)	(415, 480)	True	48053	50238	left	(512, 384)	testing
12	zw	f	21	2	diamond	red	same	hori	left	(512, 248)	(512, 520)	True	51466	52218	left	(512, 384)	testing
12	zw	f	21	2	diamond	red	dif	hori	left	(415, 480)	(648, 384)	True	53396	54334	left	(512, 384)	testing
12	zw	f	21	2	diamond	red	dif	vert	up	(512, 248)	(648, 384)	True	55421	56414	up	(512, 384)	testing
12	zw	f	21	2	circle	green	same	hori	left	(415, 287)	(608, 480)	True	57470	58320	left	(512, 384)	testing
12	zw	f	21	2	diamond	red	dif	hori	left	(415, 287)	(512, 520)	True	59476	60317	left	(512, 384)	testing
12	zw	f	21	2	diamond	green	same	vert	up	(648, 384)	(415, 480)	True	61538	62269	up	(512, 384)	testing
12	zw	f	21	2	diamond	none	dif	vert	up	N_dis	(376, 384)	True	63489	64198	up	(512, 384)	testing
12	zw	f	21	2	circle	none	dif	vert	up	N_dis	(648, 384)	True	65354	66139	up	(512, 384)	testing
12	zw	f	21	2	diamond	none	dif	hori	left	N_dis	(512, 520)	True	67392	68388	left	(512, 384)	testing
12	zw	f	21	2	diamond	green	dif	hori	left	(415, 287)	(512, 248)	True	69597	70357	left	(512, 384)	testing
12	zw	f	21	2	circle	red	same	vert	up	(415, 287)	(376, 384)	True	71614	72470	up	(512, 384)	testing
12	zw	f	21	2	circle	red	same	hori	left	(415, 287)	(512, 248)	True	73601	75377	left	(512, 384)	testing
12	zw	f	21	2	diamond	red	dif	vert	up	(415, 287)	(415, 480)	True	76469	78238	up	(512, 384)	testing
12	zw	f	21	2	circle	red	same	vert	up	(512, 520)	(512, 248)	True	79277	80375	up	(512, 384)	testing
12	zw	f	21	2	circle	red	same	hori	left	(376, 384)	(512, 248)	True	81428	82637	left	(512, 384)	testing
12	zw	f	21	2	diamond	green	dif	vert	up	(608, 287)	(512, 520)	True	83742	84628	up	(512, 384)	testing
12	zw	f	21	2	circle	red	dif	vert	up	(415, 287)	(648, 384)	True	85769	86478	up	(512, 384)	testing
12	zw	f	21	2	diamond	none	same	vert	up	N_dis	(608, 480)	True	87619	88776	up	(512, 384)	testing
12	zw	f	21	2	diamond	none	same	hori	left	N_dis	(512, 248)	True	89808	90526	left	(512, 384)	testing
12	zw	f	21	2	diamond	red	dif	vert	up	(512, 520)	(608, 480)	True	91766	92938	up	(512, 384)	testing
12	zw	f	21	2	diamond	red	dif	hori	left	(415, 287)	(648, 384)	True	94012	94767	left	(512, 384)	testing
12	zw	f	21	2	circle	red	dif	vert	up	(415, 287)	(608, 480)	True	95796	96731	up	(512, 384)	testing
12	zw	f	21	2	circle	green	same	vert	up	(415, 287)	(512, 248)	True	97767	99114	left	(512, 384)	testing
12	zw	f	21	2	diamond	none	dif	hori	left	N_dis	(512, 248)	True	101698	102497	left	(512, 384)	testing
12	zw	f	21	2	diamond	red	same	vert	up	(415, 287)	(608, 287)	True	103706	105663	up	(512, 384)	testing
12	zw	f	21	2	diamond	green	dif	vert	up	(415, 287)	(608, 480)	True	106932	108714	up	(512, 384)	testing
12	zw	f	21	2	diamond	none	same	vert	up	N_dis	(512, 248)	True	109794	110569	up	(512, 384)	testing
12	zw	f	21	2	circle	none	same	vert	up	N_dis	(376, 384)	True	111830	114309	up	(512, 384)	testing
12	zw	f	21	2	circle	none	dif	hori	left	N_dis	(648, 384)	True	115350	116058	left	(512, 384)	testing
12	zw	f	21	2	circle	green	dif	vert	up	(415, 480)	(648, 384)	True	117220	118270	up	(512, 384)	testing
12	zw	f	21	2	circle	green	dif	hori	left	(648, 384)	(608, 287)	True	119497	120637	left	(512, 384)	testing
12	zw	f	21	2	diamond	red	same	hori	left	(415, 287)	(648, 384)	True	121720	122489	left	(512, 384)	testing
12	zw	f	21	2	diamond	red	dif	vert	up	(512, 248)	(608, 287)	True	123710	124639	up	(512, 384)	testing
12	zw	f	21	2	circle	red	dif	vert	up	(415, 287)	(648, 384)	True	125708	126330	up	(512, 384)	testing
12	zw	f	21	2	circle	green	same	hori	left	(415, 287)	(376, 384)	True	127464	128221	left	(512, 384)	testing
12	zw	f	21	2	diamond	green	dif	hori	left	(415, 287)	(648, 384)	True	129345	130014	left	(512, 384)	testing
12	zw	f	21	2	circle	none	same	vert	up	N_dis	(608, 480)	True	131198	131887	up	(512, 384)	testing
12	zw	f	21	2	circle	red	dif	hori	left	(415, 287)	(648, 384)	True	133058	133625	left	(512, 384)	testing
12	zw	f	21	2	circle	green	dif	vert	up	(415, 287)	(512, 248)	True	134659	135308	up	(512, 384)	testing
12	zw	f	21	2	circle	green	same	hori	left	(415, 480)	(608, 480)	True	136521	137513	left	(512, 384)	testing
12	zw	f	21	2	diamond	green	same	hori	left	(376, 384)	(512, 248)	True	138750	139416	up	(512, 384)	testing
12	zw	f	21	2	diamond	green	same	vert	up	(415, 287)	(512, 520)	True	141965	142644	up	(512, 384)	testing
12	zw	f	21	2	circle	red	same	hori	left	(608, 480)	(415, 480)	True	143753	144710	left	(512, 384)	testing
12	zw	f	21	2	circle	red	same	vert	up	(415, 287)	(608, 287)	True	145882	146525	up	(512, 384)	testing
12	zw	f	21	2	circle	red	dif	hori	left	(415, 287)	(608, 287)	True	147652	148760	left	(512, 384)	testing
12	zw	f	21	2	diamond	green	dif	vert	up	(415, 287)	(608, 287)	True	149851	150754	up	(512, 384)	testing
12	zw	f	21	2	diamond	none	same	hori	left	N_dis	(415, 287)	True	151915	152695	left	(512, 384)	testing
12	zw	f	21	2	circle	red	dif	vert	up	(415, 287)	(376, 384)	True	153805	154527	up	(512, 384)	testing
12	zw	f	21	2	diamond	green	same	hori	left	(512, 520)	(648, 384)	True	155767	157078	left	(512, 384)	testing
12	zw	f	21	2	circle	red	same	vert	up	(415, 287)	(376, 384)	True	158229	160107	up	(512, 384)	testing
12	zw	f	21	2	circle	none	dif	vert	up	N_dis	(415, 480)	True	161169	162096	up	(512, 384)	testing
12	zw	f	21	2	circle	none	same	vert	up	N_dis	(512, 520)	True	163143	164334	up	(512, 384)	testing
12	zw	f	21	2	diamond	none	dif	hori	left	N_dis	(415, 480)	True	165487	166291	left	(512, 384)	testing
12	zw	f	21	2	diamond	green	same	hori	left	(415, 287)	(512, 248)	True	167360	169651	left	(512, 384)	testing
12	zw	f	21	2	diamond	red	same	hori	left	(376, 384)	(512, 248)	True	170893	172116	left	(512, 384)	testing
12	zw	f	21	2	circle	red	dif	hori	left	(415, 287)	(415, 480)	True	173367	174180	left	(512, 384)	testing
12	zw	f	21	2	diamond	red	same	vert	up	(415, 287)	(415, 480)	True	175241	176010	up	(512, 384)	testing
12	zw	f	21	2	diamond	none	dif	vert	up	N_dis	(648, 384)	True	177157	178791	up	(512, 384)	testing
12	zw	f	21	2	circle	none	dif	hori	left	N_dis	(608, 287)	True	179897	180737	left	(512, 384)	testing
12	zw	f	21	2	diamond	green	same	hori	left	(415, 287)	(415, 480)	True	181806	183288	left	(512, 384)	testing
12	zw	f	21	2	diamond	red	same	hori	left	(608, 287)	(512, 520)	True	184537	185811	left	(512, 384)	testing
12	zw	f	21	2	circle	none	dif	vert	up	N_dis	(376, 384)	True	186897	187955	left	(512, 384)	testing
12	zw	f	21	2	diamond	none	dif	hori	left	N_dis	(415, 480)	True	190692	192036	left	(512, 384)	testing
12	zw	f	21	2	diamond	red	dif	hori	left	(512, 248)	(608, 287)	True	193259	194333	left	(512, 384)	testing
12	zw	f	21	2	diamond	none	same	hori	left	N_dis	(376, 384)	True	195535	196242	left	(512, 384)	testing
12	zw	f	21	2	diamond	red	same	vert	up	(415, 287)	(512, 520)	True	197389	197996	up	(512, 384)	testing
12	zw	f	21	2	diamond	none	same	hori	left	N_dis	(608, 480)	True	199241	199945	left	(512, 384)	testing
12	zw	f	21	2	circle	red	same	vert	up	(415, 287)	(415, 480)	True	201159	202193	up	(512, 384)	testing
12	zw	f	21	2	circle	green	dif	hori	left	(415, 287)	(376, 384)	True	203275	203915	left	(512, 384)	testing
12	zw	f	21	2	diamond	none	same	vert	up	N_dis	(415, 287)	True	205075	206358	up	(512, 384)	testing
12	zw	f	21	2	diamond	red	dif	vert	up	(415, 287)	(608, 287)	True	207623	208454	up	(512, 384)	testing
12	zw	f	21	2	circle	none	same	hori	left	N_dis	(608, 287)	True	209563	210424	left	(512, 384)	testing
12	zw	f	21	2	circle	none	dif	hori	left	N_dis	(415, 287)	True	211580	212565	left	(512, 384)	testing
12	zw	f	21	2	diamond	red	dif	hori	left	(608, 287)	(376, 384)	True	213833	214559	left	(512, 384)	testing
12	zw	f	21	2	circle	none	dif	hori	left	N_dis	(608, 287)	True	215654	216883	left	(512, 384)	testing
12	zw	f	21	2	circle	green	dif	hori	left	(415, 287)	(512, 520)	True	218133	219674	left	(512, 384)	testing
12	zw	f	21	2	circle	none	dif	vert	up	N_dis	(512, 248)	True	220860	222008	up	(512, 384)	testing
12	zw	f	21	2	circle	green	dif	vert	up	(608, 287)	(648, 384)	True	223132	225019	up	(512, 384)	testing
12	zw	f	21	2	diamond	green	dif	vert	up	(415, 287)	(608, 480)	True	226277	227500	up	(512, 384)	testing
12	zw	f	21	2	circle	green	same	vert	up	(415, 287)	(512, 520)	True	228693	229718	up	(512, 384)	testing
12	zw	f	21	2	diamond	green	same	hori	left	(415, 287)	(415, 480)	True	230967	231879	left	(512, 384)	testing
12	zw	f	21	2	circle	none	same	hori	left	N_dis	(512, 520)	True	233107	234081	left	(512, 384)	testing
12	zw	f	21	2	circle	green	same	vert	up	(608, 480)	(608, 287)	True	235162	236519	up	(512, 384)	testing
12	zw	f	21	2	circle	green	dif	hori	left	(608, 480)	(648, 384)	True	237766	238862	left	(512, 384)	testing
12	zw	f	21	2	diamond	green	same	vert	up	(415, 480)	(608, 287)	True	240044	241065	up	(512, 384)	testing
12	zw	f	21	2	diamond	red	same	hori	left	(415, 287)	(608, 480)	True	242297	243044	left	(512, 384)	testing
12	zw	f	21	2	diamond	green	dif	hori	left	(415, 287)	(608, 287)	True	244234	245395	left	(512, 384)	testing
12	zw	f	21	2	circle	green	same	hori	left	(648, 384)	(415, 480)	True	246655	248824	left	(512, 384)	testing
12	zw	f	21	2	circle	red	same	hori	left	(415, 287)	(648, 384)	True	250013	250654	left	(512, 384)	testing
12	zw	f	21	2	circle	red	same	hori	left	(415, 287)	(376, 384)	True	251879	252492	left	(512, 384)	testing
12	zw	f	21	2	circle	red	dif	hori	left	(512, 520)	(648, 384)	True	253547	254184	left	(512, 384)	testing
12	zw	f	21	2	circle	green	same	vert	up	(415, 287)	(608, 480)	True	255218	255763	up	(512, 384)	testing
12	zw	f	21	2	diamond	green	dif	hori	left	(376, 384)	(415, 480)	True	257018	259139	left	(512, 384)	testing
12	zw	f	21	2	diamond	green	same	vert	up	(415, 287)	(512, 248)	True	260169	262765	up	(512, 384)	testing
12	zw	f	21	2	circle	green	same	vert	up	(415, 287)	(608, 480)	True	264034	265027	up	(512, 384)	testing
12	zw	f	21	2	diamond	none	same	vert	up	N_dis	(608, 287)	True	266133	267075	up	(512, 384)	testing
12	zw	f	21	2	circle	none	same	vert	up	N_dis	(415, 287)	True	268190	269657	left	(512, 384)	testing
12	zw	f	21	2	circle	none	same	hori	left	N_dis	(608, 480)	True	272303	273095	left	(512, 384)	testing
12	zw	f	21	2	circle	none	dif	vert	up	N_dis	(376, 384)	True	274255	275893	up	(512, 384)	testing
12	zw	f	21	2	circle	none	dif	hori	left	N_dis	(608, 480)	True	277080	277946	left	(512, 384)	testing
12	zw	f	21	2	diamond	green	dif	hori	left	(648, 384)	(415, 480)	True	279182	280443	left	(512, 384)	testing
12	zw	f	21	2	circle	green	dif	vert	up	(415, 287)	(608, 480)	True	281540	283062	up	(512, 384)	testing
12	zw	f	21	2	diamond	green	dif	vert	up	(415, 287)	(608, 480)	True	284156	285171	up	(512, 384)	testing
12	zw	f	21	2	circle	none	same	hori	left	N_dis	(608, 287)	True	286371	287363	left	(512, 384)	testing
12	zw	f	21	2	circle	red	dif	hori	left	(415, 287)	(376, 384)	True	288513	289769	left	(512, 384)	testing
12	zw	f	21	2	circle	green	same	hori	left	(415, 287)	(608, 287)	True	290898	291827	left	(512, 384)	testing
