subj	name	gender	age	runNum	shape	dist	td_dif	resp	resp_key	d_loc	t_loc	gotKey	startTime	respTime	resp	fix_loc	prac
12	zw	f	21	1	circle	none	same	hori	left	N_dis	(512, 520)	True	243290	244901	left	(512, 384)	practice
12	zw	f	21	1	circle	none	dif	vert	up	N_dis	(608, 287)	True	246123	247265	up	(512, 384)	practice
12	zw	f	21	1	circle	green	same	hori	left	(415, 287)	(608, 480)	True	248375	249417	left	(512, 384)	practice
12	zw	f	21	1	circle	none	same	hori	left	N_dis	(512, 520)	True	250550	251602	left	(512, 384)	practice
12	zw	f	21	1	circle	red	same	vert	up	(415, 287)	(415, 480)	True	252716	253517	up	(512, 384)	practice
12	zw	f	21	1	diamond	red	dif	vert	up	(415, 287)	(512, 520)	True	254717	256298	up	(512, 384)	practice
12	zw	f	21	1	circle	green	dif	vert	up	(415, 287)	(608, 480)	True	257490	258573	up	(512, 384)	practice
12	zw	f	21	1	diamond	none	dif	vert	up	N_dis	(512, 520)	True	259759	260900	up	(512, 384)	practice
12	zw	f	21	1	circle	red	dif	hori	left	(415, 287)	(608, 480)	True	262037	262995	left	(512, 384)	practice
12	zw	f	21	1	circle	green	dif	vert	up	(415, 287)	(415, 480)	True	264111	265175	up	(512, 384)	practice
12	zw	f	21	1	diamond	red	same	hori	left	(415, 287)	(415, 480)	True	266308	267477	left	(512, 384)	practice
12	zw	f	21	1	diamond	red	dif	vert	up	(415, 287)	(608, 480)	True	268662	269436	up	(512, 384)	practice
12	zw	f	21	1	diamond	red	same	vert	up	(415, 287)	(415, 480)	True	270704	272322	up	(512, 384)	practice
12	zw	f	21	1	diamond	red	dif	hori	left	(415, 287)	(608, 287)	True	273529	274692	left	(512, 384)	practice
12	zw	f	21	1	circle	none	dif	vert	up	N_dis	(648, 384)	True	275745	277419	up	(512, 384)	practice
12	zw	f	21	1	circle	green	dif	vert	up	(415, 287)	(376, 384)	True	278505	280131	up	(512, 384)	practice
12	zw	f	21	1	diamond	none	same	hori	left	N_dis	(415, 287)	True	281349	282741	left	(512, 384)	practice
12	zw	f	21	1	circle	red	same	vert	up	(415, 287)	(608, 287)	True	283819	284805	up	(512, 384)	practice
12	zw	f	21	1	diamond	green	same	vert	up	(415, 287)	(512, 520)	True	286062	287218	up	(512, 384)	practice
12	zw	f	21	1	diamond	green	same	vert	up	(415, 287)	(608, 480)	True	288420	289721	up	(512, 384)	practice
12	zw	f	21	1	diamond	red	same	hori	left	(415, 287)	(512, 248)	True	290810	292907	left	(512, 384)	practice
12	zw	f	21	1	diamond	green	dif	vert	up	(415, 287)	(376, 384)	True	294080	296041	up	(512, 384)	practice
12	zw	f	21	1	circle	red	same	hori	left	(415, 287)	(648, 384)	True	297201	298316	left	(512, 384)	practice
12	zw	f	21	1	diamond	none	same	vert	up	N_dis	(376, 384)	True	299442	302089	up	(512, 384)	practice
12	zw	f	21	1	diamond	none	dif	vert	up	N_dis	(608, 480)	True	303295	304225	up	(512, 384)	practice
12	zw	f	21	1	circle	green	dif	hori	left	(415, 287)	(376, 384)	True	305387	307400	left	(512, 384)	practice
12	zw	f	21	1	diamond	green	dif	vert	up	(415, 287)	(648, 384)	True	308599	311002	up	(512, 384)	practice
12	zw	f	21	1	diamond	none	dif	hori	left	N_dis	(415, 287)	True	312155	313558	left	(512, 384)	practice
12	zw	f	21	1	diamond	red	dif	hori	left	(415, 287)	(608, 287)	True	314675	316367	left	(512, 384)	practice
12	zw	f	21	1	diamond	red	same	hori	left	(415, 287)	(376, 384)	True	317442	318925	left	(512, 384)	practice
12	zw	f	21	1	circle	red	dif	vert	up	(415, 287)	(608, 287)	True	320094	321783	up	(512, 384)	practice
12	zw	f	21	1	circle	none	dif	vert	up	N_dis	(415, 480)	True	322834	324287	up	(512, 384)	practice
12	zw	f	21	1	diamond	none	dif	vert	up	N_dis	(648, 384)	True	325425	326999	up	(512, 384)	practice
12	zw	f	21	1	circle	green	same	vert	up	(415, 287)	(376, 384)	True	328167	330016	up	(512, 384)	practice
12	zw	f	21	1	circle	green	dif	vert	up	(415, 287)	(648, 384)	True	331189	332369	up	(512, 384)	practice
12	zw	f	21	1	circle	red	same	hori	left	(415, 287)	(415, 480)	True	333548	334770	left	(512, 384)	practice
12	zw	f	21	1	circle	green	same	hori	left	(415, 287)	(512, 520)	True	335918	337016	left	(512, 384)	practice
12	zw	f	21	1	circle	green	dif	hori	left	(415, 287)	(415, 480)	True	338060	339158	left	(512, 384)	practice
12	zw	f	21	1	circle	none	same	vert	up	N_dis	(512, 520)	True	340405	341682	up	(512, 384)	practice
12	zw	f	21	1	diamond	green	same	vert	up	(415, 287)	(512, 520)	True	342782	343965	up	(512, 384)	practice
12	zw	f	21	1	circle	red	dif	vert	up	(376, 384)	(512, 520)	True	365733	366813	up	(512, 384)	testing
12	zw	f	21	1	diamond	green	dif	vert	up	(415, 287)	(608, 287)	True	368006	369199	up	(512, 384)	testing
12	zw	f	21	1	diamond	red	same	vert	up	(608, 480)	(608, 287)	True	370446	372251	up	(512, 384)	testing
12	zw	f	21	1	diamond	red	same	hori	left	(415, 287)	(376, 384)	True	373311	374520	left	(512, 384)	testing
12	zw	f	21	1	diamond	red	dif	hori	left	(415, 287)	(608, 480)	True	375721	376644	left	(512, 384)	testing
12	zw	f	21	1	diamond	red	dif	vert	up	(415, 287)	(512, 520)	True	377764	378742	up	(512, 384)	testing
12	zw	f	21	1	diamond	none	same	hori	left	N_dis	(415, 480)	True	379777	380991	left	(512, 384)	testing
12	zw	f	21	1	circle	none	dif	hori	left	N_dis	(512, 520)	True	382189	384168	left	(512, 384)	testing
12	zw	f	21	1	diamond	red	same	hori	left	(415, 287)	(608, 287)	True	385405	386392	left	(512, 384)	testing
12	zw	f	21	1	circle	green	dif	hori	left	(415, 480)	(648, 384)	True	387536	389321	left	(512, 384)	testing
12	zw	f	21	1	circle	none	same	vert	up	N_dis	(415, 480)	True	390439	391916	up	(512, 384)	testing
12	zw	f	21	1	circle	red	dif	vert	up	(415, 287)	(608, 287)	True	393179	394650	up	(512, 384)	testing
12	zw	f	21	1	circle	none	dif	vert	up	N_dis	(608, 287)	True	395798	396839	up	(512, 384)	testing
12	zw	f	21	1	circle	none	dif	hori	left	N_dis	(376, 384)	True	398081	398943	left	(512, 384)	testing
12	zw	f	21	1	circle	red	same	hori	left	(608, 287)	(512, 248)	True	400161	401341	left	(512, 384)	testing
12	zw	f	21	1	diamond	none	same	vert	up	N_dis	(648, 384)	True	402374	403790	up	(512, 384)	testing
12	zw	f	21	1	diamond	green	same	vert	up	(415, 287)	(608, 480)	True	404981	406782	up	(512, 384)	testing
12	zw	f	21	1	circle	green	dif	vert	up	(415, 287)	(512, 248)	True	408010	409865	up	(512, 384)	testing
12	zw	f	21	1	circle	red	same	vert	up	(415, 287)	(415, 480)	True	410977	413068	up	(512, 384)	testing
12	zw	f	21	1	circle	green	same	vert	up	(415, 287)	(376, 384)	False	414165	None	None	(512, 384)	testing
12	zw	f	21	1	diamond	green	dif	vert	up	(415, 287)	(512, 248)	True	419814	420794	up	(512, 384)	testing
12	zw	f	21	1	diamond	red	same	hori	left	(376, 384)	(608, 287)	True	421969	423160	left	(512, 384)	testing
12	zw	f	21	1	diamond	red	same	vert	up	(415, 287)	(608, 480)	True	424263	425584	up	(512, 384)	testing
12	zw	f	21	1	diamond	red	dif	hori	left	(415, 287)	(608, 287)	True	426676	427731	left	(512, 384)	testing
12	zw	f	21	1	circle	red	dif	hori	left	(415, 287)	(512, 520)	True	428870	430357	left	(512, 384)	testing
12	zw	f	21	1	circle	red	dif	vert	up	(415, 287)	(512, 520)	True	431568	432769	up	(512, 384)	testing
12	zw	f	21	1	diamond	green	dif	vert	up	(512, 520)	(415, 480)	True	433802	435435	up	(512, 384)	testing
12	zw	f	21	1	circle	green	dif	hori	left	(415, 287)	(376, 384)	True	436625	438098	left	(512, 384)	testing
12	zw	f	21	1	circle	red	dif	hori	left	(376, 384)	(648, 384)	True	439230	440579	left	(512, 384)	testing
12	zw	f	21	1	circle	none	dif	hori	left	N_dis	(415, 287)	True	441706	442937	left	(512, 384)	testing
12	zw	f	21	1	circle	none	same	vert	up	N_dis	(608, 287)	True	444147	446053	up	(512, 384)	testing
12	zw	f	21	1	diamond	red	dif	hori	left	(608, 480)	(415, 480)	True	447089	448755	left	(512, 384)	testing
12	zw	f	21	1	diamond	green	dif	hori	left	(415, 287)	(512, 520)	True	449979	451244	left	(512, 384)	testing
12	zw	f	21	1	circle	green	dif	vert	up	(415, 287)	(415, 480)	True	452280	454198	up	(512, 384)	testing
12	zw	f	21	1	diamond	none	same	hori	left	N_dis	(512, 248)	True	455421	456417	left	(512, 384)	testing
12	zw	f	21	1	diamond	red	same	hori	left	(415, 287)	(415, 480)	True	457498	458589	left	(512, 384)	testing
12	zw	f	21	1	circle	none	dif	hori	left	N_dis	(415, 287)	True	459756	461043	left	(512, 384)	testing
12	zw	f	21	1	diamond	green	same	hori	left	(415, 287)	(376, 384)	True	462214	463898	left	(512, 384)	testing
12	zw	f	21	1	diamond	none	dif	hori	left	N_dis	(648, 384)	True	465068	466273	left	(512, 384)	testing
12	zw	f	21	1	circle	green	same	hori	left	(415, 287)	(512, 520)	True	467499	468733	left	(512, 384)	testing
12	zw	f	21	1	circle	red	same	hori	left	(415, 287)	(648, 384)	True	469901	471448	left	(512, 384)	testing
12	zw	f	21	1	circle	green	same	vert	up	(512, 248)	(512, 520)	True	472699	473858	up	(512, 384)	testing
12	zw	f	21	1	diamond	green	same	hori	left	(512, 248)	(415, 480)	True	474882	476077	left	(512, 384)	testing
12	zw	f	21	1	diamond	green	same	vert	up	(512, 520)	(608, 480)	True	477185	478636	up	(512, 384)	testing
12	zw	f	21	1	diamond	none	same	vert	up	N_dis	(415, 480)	True	479698	480904	up	(512, 384)	testing
12	zw	f	21	1	diamond	green	same	vert	up	(415, 287)	(512, 520)	True	482074	483002	up	(512, 384)	testing
12	zw	f	21	1	circle	none	same	hori	left	N_dis	(608, 287)	True	484240	485335	left	(512, 384)	testing
12	zw	f	21	1	diamond	red	dif	hori	left	(415, 287)	(608, 287)	True	486399	487599	left	(512, 384)	testing
12	zw	f	21	1	diamond	none	dif	vert	up	N_dis	(512, 248)	True	488630	489737	up	(512, 384)	testing
12	zw	f	21	1	circle	green	dif	vert	up	(415, 287)	(608, 480)	True	490863	491647	up	(512, 384)	testing
12	zw	f	21	1	circle	none	dif	vert	up	N_dis	(648, 384)	True	492817	493751	up	(512, 384)	testing
12	zw	f	21	1	diamond	none	same	vert	up	N_dis	(415, 287)	True	495021	496056	up	(512, 384)	testing
12	zw	f	21	1	diamond	none	dif	vert	up	N_dis	(648, 384)	True	497160	498284	up	(512, 384)	testing
12	zw	f	21	1	circle	red	same	vert	up	(415, 287)	(608, 287)	True	499352	500253	up	(512, 384)	testing
12	zw	f	21	1	circle	red	same	hori	left	(608, 287)	(608, 480)	True	501491	502862	left	(512, 384)	testing
12	zw	f	21	1	diamond	none	same	vert	up	N_dis	(376, 384)	True	504084	505448	up	(512, 384)	testing
12	zw	f	21	1	circle	green	dif	vert	up	(415, 287)	(648, 384)	True	506675	507711	up	(512, 384)	testing
12	zw	f	21	1	diamond	red	dif	vert	up	(415, 480)	(512, 520)	True	508815	510840	up	(512, 384)	testing
12	zw	f	21	1	circle	red	same	hori	left	(415, 287)	(415, 480)	True	512014	513153	left	(512, 384)	testing
12	zw	f	21	1	diamond	red	same	vert	up	(415, 287)	(415, 480)	True	514262	514993	up	(512, 384)	testing
12	zw	f	21	1	diamond	none	dif	hori	left	N_dis	(608, 480)	True	516264	517158	left	(512, 384)	testing
12	zw	f	21	1	circle	green	dif	hori	left	(608, 480)	(608, 287)	True	518285	520721	left	(512, 384)	testing
12	zw	f	21	1	diamond	green	dif	hori	left	(648, 384)	(608, 287)	True	521985	523211	left	(512, 384)	testing
12	zw	f	21	1	diamond	red	dif	vert	up	(415, 287)	(512, 248)	True	524386	525897	up	(512, 384)	testing
12	zw	f	21	1	diamond	green	same	hori	left	(648, 384)	(608, 480)	True	527088	528272	left	(512, 384)	testing
12	zw	f	21	1	diamond	none	dif	vert	up	N_dis	(608, 480)	True	529321	530256	up	(512, 384)	testing
12	zw	f	21	1	circle	none	dif	vert	up	N_dis	(415, 480)	True	531361	532802	up	(512, 384)	testing
12	zw	f	21	1	circle	red	same	hori	left	(512, 520)	(648, 384)	True	533945	535184	left	(512, 384)	testing
12	zw	f	21	1	circle	none	same	hori	left	N_dis	(512, 248)	True	536232	537477	left	(512, 384)	testing
12	zw	f	21	1	circle	green	same	vert	up	(415, 480)	(608, 480)	True	538548	539174	up	(512, 384)	testing
12	zw	f	21	1	circle	green	same	vert	up	(415, 287)	(608, 480)	True	540341	540936	up	(512, 384)	testing
12	zw	f	21	1	circle	green	same	hori	left	(415, 287)	(608, 287)	True	542162	542929	left	(512, 384)	testing
12	zw	f	21	1	circle	green	same	hori	left	(415, 287)	(608, 480)	True	543994	544603	left	(512, 384)	testing
12	zw	f	21	1	diamond	green	same	vert	up	(415, 287)	(512, 520)	True	545660	546639	up	(512, 384)	testing
12	zw	f	21	1	circle	green	same	hori	left	(415, 287)	(648, 384)	True	547789	548870	left	(512, 384)	testing
12	zw	f	21	1	diamond	green	dif	vert	up	(415, 287)	(376, 384)	True	549983	550928	up	(512, 384)	testing
12	zw	f	21	1	diamond	green	dif	hori	left	(415, 287)	(376, 384)	True	552092	552977	left	(512, 384)	testing
12	zw	f	21	1	circle	none	same	hori	left	N_dis	(376, 384)	True	554120	555333	left	(512, 384)	testing
12	zw	f	21	1	circle	red	dif	hori	left	(512, 520)	(608, 287)	True	556530	557231	left	(512, 384)	testing
12	zw	f	21	1	circle	red	dif	hori	left	(415, 287)	(648, 384)	True	558259	559048	left	(512, 384)	testing
12	zw	f	21	1	diamond	none	same	hori	left	N_dis	(415, 287)	True	560138	561255	left	(512, 384)	testing
12	zw	f	21	1	circle	red	same	vert	up	(415, 287)	(512, 248)	True	562361	563675	up	(512, 384)	testing
12	zw	f	21	1	circle	red	dif	vert	up	(512, 248)	(648, 384)	True	564735	566313	up	(512, 384)	testing
12	zw	f	21	1	circle	red	same	vert	up	(415, 287)	(608, 480)	True	567417	568085	up	(512, 384)	testing
12	zw	f	21	1	diamond	red	same	vert	up	(608, 480)	(376, 384)	True	569144	571260	up	(512, 384)	testing
12	zw	f	21	1	diamond	none	same	vert	up	N_dis	(608, 480)	True	572321	573341	up	(512, 384)	testing
12	zw	f	21	1	diamond	red	dif	hori	left	(608, 287)	(415, 480)	True	574461	575770	left	(512, 384)	testing
12	zw	f	21	1	diamond	green	same	vert	up	(648, 384)	(608, 287)	True	576983	578681	up	(512, 384)	testing
12	zw	f	21	1	circle	green	dif	hori	left	(376, 384)	(512, 248)	True	579864	580776	left	(512, 384)	testing
12	zw	f	21	1	circle	none	dif	vert	up	N_dis	(608, 287)	True	582013	583096	up	(512, 384)	testing
12	zw	f	21	1	diamond	green	dif	vert	up	(415, 287)	(648, 384)	True	584128	585597	up	(512, 384)	testing
12	zw	f	21	1	circle	red	dif	vert	up	(415, 287)	(512, 248)	True	586724	587792	left	(512, 384)	testing
12	zw	f	21	1	circle	red	same	vert	up	(415, 287)	(608, 480)	True	590383	591352	up	(512, 384)	testing
12	zw	f	21	1	diamond	none	dif	vert	up	N_dis	(608, 480)	True	592572	593471	up	(512, 384)	testing
12	zw	f	21	1	diamond	none	same	hori	left	N_dis	(415, 480)	True	594685	595769	left	(512, 384)	testing
12	zw	f	21	1	diamond	red	same	hori	left	(415, 287)	(512, 248)	True	597036	598421	left	(512, 384)	testing
12	zw	f	21	1	diamond	none	dif	vert	up	N_dis	(512, 520)	True	599693	600838	up	(512, 384)	testing
12	zw	f	21	1	circle	red	dif	hori	left	(415, 287)	(608, 480)	True	602003	602894	left	(512, 384)	testing
12	zw	f	21	1	circle	none	same	vert	up	N_dis	(376, 384)	True	603924	604906	up	(512, 384)	testing
12	zw	f	21	1	diamond	green	same	hori	left	(512, 248)	(376, 384)	True	606041	607315	left	(512, 384)	testing
12	zw	f	21	1	circle	none	same	hori	left	N_dis	(512, 520)	True	608341	609944	left	(512, 384)	testing
12	zw	f	21	1	circle	none	same	hori	left	N_dis	(512, 520)	True	611010	612129	left	(512, 384)	testing
12	zw	f	21	1	circle	none	dif	hori	left	N_dis	(512, 248)	True	613184	614351	left	(512, 384)	testing
12	zw	f	21	1	circle	green	same	vert	up	(608, 287)	(512, 248)	True	615497	617499	up	(512, 384)	testing
12	zw	f	21	1	diamond	green	same	hori	left	(415, 287)	(512, 248)	True	618545	620328	left	(512, 384)	testing
12	zw	f	21	1	circle	green	dif	hori	left	(415, 287)	(415, 480)	True	621539	622328	left	(512, 384)	testing
12	zw	f	21	1	diamond	none	same	hori	left	N_dis	(376, 384)	True	623357	624400	left	(512, 384)	testing
12	zw	f	21	1	circle	none	same	vert	up	N_dis	(648, 384)	True	625572	628316	up	(512, 384)	testing
12	zw	f	21	1	circle	green	same	hori	left	(415, 287)	(648, 384)	False	629392	None	None	(512, 384)	testing
12	zw	f	21	1	diamond	none	dif	hori	left	N_dis	(512, 248)	True	635073	636104	left	(512, 384)	testing
12	zw	f	21	1	diamond	green	dif	hori	left	(415, 287)	(415, 480)	True	637180	638725	up	(512, 384)	testing
12	zw	f	21	1	diamond	red	dif	vert	up	(648, 384)	(512, 520)	True	641292	642290	up	(512, 384)	testing
12	zw	f	21	1	circle	none	same	vert	up	N_dis	(512, 520)	True	643551	644588	up	(512, 384)	testing
12	zw	f	21	1	diamond	none	dif	hori	left	N_dis	(608, 480)	True	645750	646954	left	(512, 384)	testing
12	zw	f	21	1	circle	none	dif	vert	up	N_dis	(608, 287)	True	648034	649131	up	(512, 384)	testing
12	zw	f	21	1	diamond	green	dif	hori	left	(415, 287)	(648, 384)	True	650371	651186	left	(512, 384)	testing
12	zw	f	21	1	diamond	red	same	vert	up	(415, 480)	(608, 287)	True	652374	653636	up	(512, 384)	testing
12	zw	f	21	1	circle	green	dif	vert	up	(415, 287)	(376, 384)	True	654826	655976	up	(512, 384)	testing
12	zw	f	21	1	diamond	none	dif	hori	left	N_dis	(415, 287)	True	657154	658067	left	(512, 384)	testing
12	zw	f	21	1	diamond	red	dif	vert	up	(415, 287)	(608, 480)	True	659180	660337	up	(512, 384)	testing
