subj	name	gender	age	runNum	shape	dist	td_dif	resp	resp_key	d_loc	t_loc	gotKey	startTime	respTime	resp	fix_loc	prac
12	zw	f	21	8	diamond	none	same	vert	up	N_dis	(512, 248)	True	46153	46919	up	(512, 384)	testing
12	zw	f	21	8	diamond	red	dif	hori	left	(608, 287)	(376, 384)	True	48119	48732	left	(512, 384)	testing
12	zw	f	21	8	diamond	green	dif	vert	up	(608, 287)	(415, 480)	True	49849	50635	up	(512, 384)	testing
12	zw	f	21	8	circle	none	dif	hori	left	N_dis	(608, 480)	True	51892	52458	left	(512, 384)	testing
12	zw	f	21	8	diamond	green	same	vert	up	(608, 287)	(415, 287)	True	53486	54013	up	(512, 384)	testing
12	zw	f	21	8	diamond	none	same	hori	left	N_dis	(415, 480)	True	55255	55871	left	(512, 384)	testing
12	zw	f	21	8	circle	none	same	hori	left	N_dis	(608, 287)	True	56978	57611	left	(512, 384)	testing
12	zw	f	21	8	diamond	green	dif	hori	left	(608, 287)	(512, 520)	True	58647	59271	left	(512, 384)	testing
12	zw	f	21	8	diamond	green	dif	hori	left	(608, 287)	(608, 480)	True	60299	61021	left	(512, 384)	testing
12	zw	f	21	8	circle	none	dif	vert	up	N_dis	(415, 287)	True	62264	63492	up	(512, 384)	testing
12	zw	f	21	8	circle	red	dif	hori	left	(608, 287)	(512, 248)	True	64709	65429	left	(512, 384)	testing
12	zw	f	21	8	diamond	red	same	hori	left	(415, 480)	(512, 248)	True	66594	67326	left	(512, 384)	testing
12	zw	f	21	8	circle	red	same	vert	up	(648, 384)	(512, 248)	True	68446	69158	up	(512, 384)	testing
12	zw	f	21	8	diamond	red	same	vert	up	(608, 287)	(512, 520)	True	70232	71712	up	(512, 384)	testing
12	zw	f	21	8	circle	green	dif	vert	up	(415, 480)	(512, 248)	True	72810	73624	up	(512, 384)	testing
12	zw	f	21	8	diamond	none	dif	vert	up	N_dis	(608, 480)	True	74663	76104	up	(512, 384)	testing
12	zw	f	21	8	circle	green	same	vert	up	(608, 287)	(512, 248)	True	77246	78081	up	(512, 384)	testing
12	zw	f	21	8	diamond	red	dif	hori	left	(608, 287)	(376, 384)	True	79325	80264	left	(512, 384)	testing
12	zw	f	21	8	diamond	none	same	hori	left	N_dis	(608, 287)	True	81487	82210	left	(512, 384)	testing
12	zw	f	21	8	diamond	green	same	hori	left	(415, 287)	(512, 248)	True	83236	83849	left	(512, 384)	testing
12	zw	f	21	8	diamond	red	dif	hori	left	(415, 287)	(376, 384)	True	85094	87019	left	(512, 384)	testing
12	zw	f	21	8	circle	none	same	vert	up	N_dis	(648, 384)	True	88079	89250	up	(512, 384)	testing
12	zw	f	21	8	diamond	red	same	vert	up	(608, 287)	(376, 384)	True	90439	91022	up	(512, 384)	testing
12	zw	f	21	8	circle	red	dif	vert	up	(512, 520)	(376, 384)	True	92062	93058	left	(512, 384)	testing
12	zw	f	21	8	diamond	none	dif	hori	left	N_dis	(415, 480)	True	95799	96644	left	(512, 384)	testing
12	zw	f	21	8	circle	none	dif	vert	up	N_dis	(648, 384)	True	97742	98529	up	(512, 384)	testing
12	zw	f	21	8	diamond	none	dif	vert	up	N_dis	(376, 384)	True	99572	100215	up	(512, 384)	testing
12	zw	f	21	8	diamond	red	same	hori	left	(608, 287)	(512, 248)	True	101348	101931	left	(512, 384)	testing
12	zw	f	21	8	circle	green	dif	hori	left	(608, 287)	(512, 520)	True	103113	103802	left	(512, 384)	testing
12	zw	f	21	8	diamond	red	dif	vert	up	(608, 287)	(415, 287)	True	104949	105599	up	(512, 384)	testing
12	zw	f	21	8	diamond	red	dif	vert	up	(608, 287)	(512, 248)	True	106654	107179	up	(512, 384)	testing
12	zw	f	21	8	circle	green	dif	hori	left	(608, 287)	(415, 480)	True	108246	108855	left	(512, 384)	testing
12	zw	f	21	8	diamond	green	dif	vert	up	(608, 287)	(608, 480)	True	109924	110552	up	(512, 384)	testing
12	zw	f	21	8	diamond	green	dif	hori	left	(415, 480)	(648, 384)	True	111740	112530	left	(512, 384)	testing
12	zw	f	21	8	diamond	none	same	vert	up	N_dis	(608, 480)	True	113729	114358	up	(512, 384)	testing
12	zw	f	21	8	circle	green	dif	vert	up	(608, 287)	(376, 384)	True	115605	116272	up	(512, 384)	testing
12	zw	f	21	8	diamond	none	same	hori	left	N_dis	(415, 287)	True	117543	118072	left	(512, 384)	testing
12	zw	f	21	8	diamond	none	dif	hori	left	N_dis	(415, 287)	True	119137	120275	left	(512, 384)	testing
12	zw	f	21	8	circle	green	same	hori	left	(608, 287)	(415, 480)	True	121374	122035	left	(512, 384)	testing
12	zw	f	21	8	circle	red	same	vert	up	(608, 287)	(512, 248)	True	123252	124289	up	(512, 384)	testing
12	zw	f	21	8	diamond	green	same	hori	left	(608, 287)	(608, 480)	True	125446	126058	left	(512, 384)	testing
12	zw	f	21	8	diamond	green	dif	vert	up	(512, 520)	(648, 384)	True	127184	127948	up	(512, 384)	testing
12	zw	f	21	8	diamond	red	dif	vert	up	(608, 287)	(648, 384)	True	128992	129567	up	(512, 384)	testing
12	zw	f	21	8	circle	red	dif	vert	up	(415, 287)	(415, 480)	True	130621	131787	up	(512, 384)	testing
12	zw	f	21	8	circle	none	same	vert	up	N_dis	(512, 248)	True	132981	133530	up	(512, 384)	testing
12	zw	f	21	8	circle	green	same	hori	left	(608, 287)	(608, 480)	True	134751	135533	left	(512, 384)	testing
12	zw	f	21	8	diamond	red	same	hori	left	(608, 287)	(512, 248)	True	136658	137453	left	(512, 384)	testing
12	zw	f	21	8	circle	none	dif	hori	left	N_dis	(415, 287)	True	138543	139416	left	(512, 384)	testing
12	zw	f	21	8	circle	red	same	hori	left	(512, 520)	(415, 480)	True	140471	141397	left	(512, 384)	testing
12	zw	f	21	8	diamond	red	same	hori	left	(608, 287)	(415, 480)	True	142582	143146	left	(512, 384)	testing
12	zw	f	21	8	diamond	green	same	hori	left	(608, 287)	(415, 480)	True	144293	144945	left	(512, 384)	testing
12	zw	f	21	8	diamond	red	same	hori	left	(608, 287)	(415, 480)	True	146135	146644	left	(512, 384)	testing
12	zw	f	21	8	diamond	green	same	hori	left	(608, 287)	(415, 287)	True	147681	148308	left	(512, 384)	testing
12	zw	f	21	8	diamond	red	same	vert	up	(608, 287)	(415, 287)	True	149393	150008	up	(512, 384)	testing
12	zw	f	21	8	diamond	none	same	hori	left	N_dis	(512, 520)	True	151055	151694	left	(512, 384)	testing
12	zw	f	21	8	circle	none	same	vert	up	N_dis	(512, 520)	True	152847	154147	up	(512, 384)	testing
12	zw	f	21	8	circle	red	same	hori	left	(376, 384)	(415, 480)	True	155234	155897	left	(512, 384)	testing
12	zw	f	21	8	circle	red	dif	hori	left	(608, 287)	(648, 384)	True	156975	157556	left	(512, 384)	testing
12	zw	f	21	8	diamond	green	dif	vert	up	(608, 287)	(648, 384)	True	158745	159421	up	(512, 384)	testing
12	zw	f	21	8	circle	red	same	vert	up	(608, 287)	(415, 287)	True	160558	161250	up	(512, 384)	testing
12	zw	f	21	8	diamond	none	same	vert	up	N_dis	(512, 520)	True	162280	163047	up	(512, 384)	testing
12	zw	f	21	8	circle	green	same	hori	left	(608, 287)	(512, 520)	True	164150	164719	left	(512, 384)	testing
12	zw	f	21	8	circle	green	same	hori	left	(648, 384)	(512, 248)	True	165869	166439	left	(512, 384)	testing
12	zw	f	21	8	diamond	red	dif	hori	left	(512, 248)	(512, 520)	True	167492	168211	left	(512, 384)	testing
12	zw	f	21	8	diamond	green	dif	hori	left	(512, 248)	(608, 480)	True	169410	170023	left	(512, 384)	testing
12	zw	f	21	8	circle	red	same	hori	left	(376, 384)	(415, 480)	True	171168	171781	up	(512, 384)	testing
12	zw	f	21	8	circle	none	dif	vert	up	N_dis	(376, 384)	True	174502	175101	up	(512, 384)	testing
12	zw	f	21	8	circle	red	same	vert	up	(608, 287)	(415, 480)	True	176143	176679	up	(512, 384)	testing
12	zw	f	21	8	circle	none	dif	hori	left	N_dis	(608, 287)	True	177717	178257	left	(512, 384)	testing
12	zw	f	21	8	diamond	none	same	vert	up	N_dis	(376, 384)	True	179412	179981	up	(512, 384)	testing
12	zw	f	21	8	circle	green	same	vert	up	(512, 520)	(608, 480)	True	181251	181833	up	(512, 384)	testing
12	zw	f	21	8	circle	green	dif	hori	left	(608, 287)	(415, 480)	True	183085	183623	left	(512, 384)	testing
12	zw	f	21	8	diamond	green	same	vert	up	(608, 287)	(608, 480)	True	184691	186228	up	(512, 384)	testing
12	zw	f	21	8	circle	green	same	vert	up	(608, 287)	(648, 384)	True	187328	187809	up	(512, 384)	testing
12	zw	f	21	8	circle	red	dif	hori	left	(608, 287)	(415, 480)	True	189008	189588	left	(512, 384)	testing
12	zw	f	21	8	circle	none	same	hori	left	N_dis	(608, 287)	True	190759	191597	left	(512, 384)	testing
12	zw	f	21	8	circle	red	same	hori	left	(608, 287)	(376, 384)	True	192700	193197	left	(512, 384)	testing
12	zw	f	21	8	diamond	red	same	vert	up	(608, 287)	(608, 480)	True	194387	195374	up	(512, 384)	testing
12	zw	f	21	8	diamond	green	dif	vert	up	(608, 287)	(608, 480)	True	196521	197149	up	(512, 384)	testing
12	zw	f	21	8	diamond	none	dif	vert	up	N_dis	(608, 287)	True	198228	198910	up	(512, 384)	testing
12	zw	f	21	8	circle	none	same	hori	left	N_dis	(648, 384)	True	200104	200743	left	(512, 384)	testing
12	zw	f	21	8	circle	none	dif	hori	left	N_dis	(512, 248)	True	201957	202818	up	(512, 384)	testing
12	zw	f	21	8	circle	none	same	vert	up	N_dis	(648, 384)	True	205609	206389	up	(512, 384)	testing
12	zw	f	21	8	diamond	red	dif	vert	up	(415, 480)	(608, 480)	True	207565	208403	up	(512, 384)	testing
12	zw	f	21	8	circle	none	dif	hori	left	N_dis	(608, 480)	True	209457	210032	left	(512, 384)	testing
12	zw	f	21	8	diamond	green	same	vert	up	(608, 480)	(415, 287)	True	211219	211965	up	(512, 384)	testing
12	zw	f	21	8	diamond	green	same	vert	up	(608, 480)	(415, 480)	True	213228	214512	up	(512, 384)	testing
12	zw	f	21	8	diamond	red	dif	hori	left	(608, 287)	(512, 248)	True	215764	216815	left	(512, 384)	testing
12	zw	f	21	8	diamond	none	dif	hori	left	N_dis	(415, 480)	True	217860	218515	left	(512, 384)	testing
12	zw	f	21	8	diamond	green	dif	hori	left	(648, 384)	(608, 480)	True	219737	220442	left	(512, 384)	testing
12	zw	f	21	8	diamond	none	same	vert	up	N_dis	(648, 384)	True	221673	222325	up	(512, 384)	testing
12	zw	f	21	8	diamond	none	dif	hori	left	N_dis	(415, 480)	True	223413	223992	left	(512, 384)	testing
12	zw	f	21	8	diamond	none	dif	vert	up	N_dis	(415, 480)	True	225064	225686	up	(512, 384)	testing
12	zw	f	21	8	diamond	red	same	vert	up	(376, 384)	(415, 480)	True	226807	227361	up	(512, 384)	testing
12	zw	f	21	8	circle	green	same	vert	up	(608, 287)	(648, 384)	True	228529	230061	up	(512, 384)	testing
12	zw	f	21	8	circle	red	same	hori	left	(608, 287)	(512, 520)	True	231332	232641	left	(512, 384)	testing
12	zw	f	21	8	diamond	green	same	vert	up	(608, 287)	(648, 384)	True	233914	234687	up	(512, 384)	testing
12	zw	f	21	8	diamond	none	same	hori	left	N_dis	(415, 287)	True	235899	236625	left	(512, 384)	testing
12	zw	f	21	8	circle	green	dif	vert	up	(608, 287)	(512, 520)	True	237809	238403	up	(512, 384)	testing
12	zw	f	21	8	circle	red	dif	vert	up	(512, 248)	(415, 480)	True	239627	240335	up	(512, 384)	testing
12	zw	f	21	8	circle	none	dif	vert	up	N_dis	(512, 248)	True	241475	242092	up	(512, 384)	testing
12	zw	f	21	8	circle	green	dif	vert	up	(608, 287)	(376, 384)	True	243156	244698	up	(512, 384)	testing
12	zw	f	21	8	circle	red	same	vert	up	(608, 287)	(648, 384)	True	245955	246669	up	(512, 384)	testing
12	zw	f	21	8	circle	red	dif	vert	up	(608, 287)	(376, 384)	True	247698	248290	up	(512, 384)	testing
12	zw	f	21	8	circle	green	dif	hori	left	(415, 287)	(512, 520)	True	249383	250140	left	(512, 384)	testing
12	zw	f	21	8	circle	none	dif	vert	up	N_dis	(512, 248)	True	251351	251936	up	(512, 384)	testing
12	zw	f	21	8	circle	none	same	hori	left	N_dis	(512, 520)	True	252968	253785	left	(512, 384)	testing
12	zw	f	21	8	diamond	green	same	hori	left	(376, 384)	(608, 480)	True	255008	255727	left	(512, 384)	testing
12	zw	f	21	8	circle	none	same	vert	up	N_dis	(608, 480)	True	256956	257542	up	(512, 384)	testing
12	zw	f	21	8	circle	green	dif	hori	left	(512, 248)	(648, 384)	True	258756	260084	left	(512, 384)	testing
12	zw	f	21	8	diamond	red	dif	vert	up	(608, 287)	(512, 520)	True	261248	262041	up	(512, 384)	testing
12	zw	f	21	8	circle	green	dif	vert	up	(608, 287)	(415, 287)	True	263266	264096	up	(512, 384)	testing
12	zw	f	21	8	circle	red	dif	hori	left	(608, 480)	(415, 480)	True	265283	265974	left	(512, 384)	testing
12	zw	f	21	8	circle	green	same	hori	left	(608, 480)	(415, 287)	True	267217	268313	left	(512, 384)	testing
12	zw	f	21	8	circle	red	dif	hori	left	(648, 384)	(415, 287)	True	269466	270442	left	(512, 384)	testing
12	zw	f	21	8	circle	green	same	vert	up	(608, 287)	(415, 480)	True	271464	272391	up	(512, 384)	testing
12	zw	f	21	8	diamond	none	dif	vert	up	N_dis	(376, 384)	True	273487	274788	up	(512, 384)	testing
12	zw	f	21	8	circle	none	same	hori	left	N_dis	(376, 384)	True	275851	276524	left	(512, 384)	testing
12	zw	f	21	8	circle	red	dif	vert	up	(608, 287)	(415, 287)	True	277566	278376	up	(512, 384)	testing
12	zw	f	21	8	diamond	none	dif	hori	left	N_dis	(512, 520)	True	279541	280891	left	(512, 384)	testing
