subj	name	gender	age	runNum	shape	dist	td_dif	resp	resp_key	d_loc	t_loc	gotKey	startTime	respTime	resp	fix_loc	prac
12	zw	f	21	10	circle	green	same	hori	left	(608, 287)	(608, 480)	True	5891	7336	left	(512, 384)	testing
12	zw	f	21	10	circle	none	dif	hori	left	N_dis	(608, 287)	True	8594	9445	left	(512, 384)	testing
12	zw	f	21	10	circle	none	same	hori	left	N_dis	(415, 480)	True	10499	11359	left	(512, 384)	testing
12	zw	f	21	10	circle	red	same	hori	left	(608, 287)	(512, 248)	True	12435	13941	left	(512, 384)	testing
12	zw	f	21	10	circle	green	same	hori	left	(648, 384)	(608, 480)	True	15040	15984	left	(512, 384)	testing
12	zw	f	21	10	diamond	none	dif	vert	up	N_dis	(415, 480)	True	17131	17884	up	(512, 384)	testing
12	zw	f	21	10	circle	none	same	vert	up	N_dis	(415, 287)	True	19156	19727	up	(512, 384)	testing
12	zw	f	21	10	diamond	red	same	vert	up	(608, 287)	(376, 384)	True	20830	21781	up	(512, 384)	testing
12	zw	f	21	10	circle	green	same	vert	up	(608, 287)	(648, 384)	True	22955	23838	up	(512, 384)	testing
12	zw	f	21	10	circle	none	same	vert	up	N_dis	(512, 520)	True	25073	26209	up	(512, 384)	testing
12	zw	f	21	10	diamond	none	dif	hori	left	N_dis	(376, 384)	True	27326	27949	left	(512, 384)	testing
12	zw	f	21	10	diamond	green	same	hori	left	(376, 384)	(648, 384)	True	29062	30390	left	(512, 384)	testing
12	zw	f	21	10	circle	red	dif	hori	left	(608, 287)	(512, 248)	True	31523	32290	left	(512, 384)	testing
12	zw	f	21	10	circle	red	dif	vert	up	(376, 384)	(608, 480)	True	33500	34357	up	(512, 384)	testing
12	zw	f	21	10	circle	green	same	vert	up	(608, 287)	(648, 384)	True	35403	36905	up	(512, 384)	testing
12	zw	f	21	10	circle	none	dif	hori	left	N_dis	(512, 248)	True	38054	38883	left	(512, 384)	testing
12	zw	f	21	10	circle	green	dif	hori	left	(608, 287)	(608, 480)	True	39908	41194	left	(512, 384)	testing
12	zw	f	21	10	diamond	none	dif	vert	up	N_dis	(608, 287)	True	42411	43400	up	(512, 384)	testing
12	zw	f	21	10	circle	none	dif	vert	up	N_dis	(608, 480)	True	44447	45666	up	(512, 384)	testing
12	zw	f	21	10	circle	none	dif	vert	up	N_dis	(512, 520)	True	46794	48677	up	(512, 384)	testing
12	zw	f	21	10	diamond	red	same	vert	up	(608, 287)	(648, 384)	True	49703	51320	up	(512, 384)	testing
12	zw	f	21	10	diamond	none	same	hori	left	N_dis	(415, 287)	True	52566	53737	left	(512, 384)	testing
12	zw	f	21	10	circle	green	dif	vert	up	(512, 248)	(376, 384)	True	54774	55994	up	(512, 384)	testing
12	zw	f	21	10	diamond	none	same	vert	up	N_dis	(415, 480)	True	57204	58041	up	(512, 384)	testing
12	zw	f	21	10	diamond	green	same	hori	left	(608, 287)	(415, 287)	True	59173	60030	left	(512, 384)	testing
12	zw	f	21	10	diamond	red	dif	hori	left	(608, 287)	(376, 384)	True	61236	61966	left	(512, 384)	testing
12	zw	f	21	10	circle	green	same	vert	up	(608, 287)	(648, 384)	True	63026	64451	up	(512, 384)	testing
12	zw	f	21	10	diamond	none	dif	hori	left	N_dis	(608, 480)	True	65669	66423	left	(512, 384)	testing
12	zw	f	21	10	diamond	none	same	vert	up	N_dis	(376, 384)	True	67583	68315	up	(512, 384)	testing
12	zw	f	21	10	diamond	green	dif	hori	left	(415, 480)	(376, 384)	True	69507	70951	left	(512, 384)	testing
12	zw	f	21	10	diamond	none	dif	vert	up	N_dis	(415, 287)	True	72020	72751	up	(512, 384)	testing
12	zw	f	21	10	diamond	none	same	hori	left	N_dis	(648, 384)	True	73835	75416	left	(512, 384)	testing
12	zw	f	21	10	circle	none	dif	hori	left	N_dis	(512, 520)	True	76478	77211	left	(512, 384)	testing
12	zw	f	21	10	circle	none	same	hori	left	N_dis	(608, 480)	True	78420	79042	left	(512, 384)	testing
12	zw	f	21	10	circle	green	same	hori	left	(608, 287)	(415, 480)	True	80267	81069	left	(512, 384)	testing
12	zw	f	21	10	diamond	none	same	vert	up	N_dis	(608, 287)	True	82308	83548	up	(512, 384)	testing
12	zw	f	21	10	diamond	none	dif	hori	left	N_dis	(512, 520)	True	84661	85275	left	(512, 384)	testing
12	zw	f	21	10	diamond	red	dif	hori	left	(512, 520)	(648, 384)	True	86511	87264	left	(512, 384)	testing
12	zw	f	21	10	circle	none	same	vert	up	N_dis	(648, 384)	True	88305	88990	up	(512, 384)	testing
12	zw	f	21	10	circle	none	dif	hori	left	N_dis	(608, 480)	True	90218	90924	left	(512, 384)	testing
12	zw	f	21	10	circle	none	same	vert	up	N_dis	(648, 384)	True	92108	92695	up	(512, 384)	testing
12	zw	f	21	10	circle	red	dif	vert	up	(608, 287)	(415, 480)	True	93796	94493	up	(512, 384)	testing
12	zw	f	21	10	circle	none	same	vert	up	N_dis	(415, 480)	True	95563	96216	up	(512, 384)	testing
12	zw	f	21	10	circle	green	same	vert	up	(608, 287)	(415, 480)	True	97348	97925	up	(512, 384)	testing
12	zw	f	21	10	diamond	red	same	hori	left	(608, 287)	(415, 287)	True	99026	100467	left	(512, 384)	testing
12	zw	f	21	10	diamond	red	same	hori	left	(512, 520)	(415, 287)	True	101661	102204	left	(512, 384)	testing
12	zw	f	21	10	diamond	green	dif	vert	up	(415, 287)	(608, 480)	True	103454	104121	up	(512, 384)	testing
12	zw	f	21	10	diamond	none	dif	hori	left	N_dis	(512, 520)	True	105385	105916	left	(512, 384)	testing
12	zw	f	21	10	circle	red	same	hori	left	(608, 287)	(512, 248)	True	107085	107690	up	(512, 384)	testing
12	zw	f	21	10	diamond	green	same	vert	up	(608, 287)	(415, 480)	True	110389	110997	up	(512, 384)	testing
12	zw	f	21	10	diamond	none	dif	vert	up	N_dis	(512, 248)	True	112112	112735	up	(512, 384)	testing
12	zw	f	21	10	diamond	green	same	hori	left	(608, 287)	(512, 520)	True	113825	114547	left	(512, 384)	testing
12	zw	f	21	10	diamond	red	same	hori	left	(415, 480)	(648, 384)	True	115625	116346	left	(512, 384)	testing
12	zw	f	21	10	circle	none	same	hori	left	N_dis	(648, 384)	True	117378	118318	left	(512, 384)	testing
12	zw	f	21	10	diamond	red	same	vert	up	(608, 287)	(512, 520)	True	119523	120183	up	(512, 384)	testing
12	zw	f	21	10	diamond	green	same	vert	up	(512, 520)	(415, 287)	True	121398	121957	up	(512, 384)	testing
12	zw	f	21	10	diamond	green	same	vert	up	(608, 480)	(648, 384)	True	123189	124265	up	(512, 384)	testing
12	zw	f	21	10	circle	red	dif	vert	up	(608, 287)	(648, 384)	True	125537	126853	up	(512, 384)	testing
12	zw	f	21	10	diamond	red	dif	vert	up	(608, 287)	(415, 480)	True	128064	128828	up	(512, 384)	testing
12	zw	f	21	10	circle	red	dif	hori	left	(415, 480)	(608, 480)	True	129920	130782	left	(512, 384)	testing
12	zw	f	21	10	circle	green	dif	vert	up	(608, 287)	(415, 480)	True	131874	132439	up	(512, 384)	testing
12	zw	f	21	10	diamond	none	dif	vert	up	N_dis	(648, 384)	True	133703	134388	up	(512, 384)	testing
12	zw	f	21	10	circle	red	same	vert	up	(512, 248)	(512, 520)	True	135567	136351	up	(512, 384)	testing
12	zw	f	21	10	diamond	red	dif	vert	up	(608, 287)	(608, 480)	True	137415	138171	up	(512, 384)	testing
12	zw	f	21	10	diamond	red	dif	vert	up	(608, 287)	(376, 384)	True	139311	139917	up	(512, 384)	testing
12	zw	f	21	10	circle	green	same	hori	left	(608, 287)	(512, 520)	True	140994	141897	left	(512, 384)	testing
12	zw	f	21	10	diamond	green	dif	hori	left	(608, 287)	(415, 287)	True	142995	143717	left	(512, 384)	testing
12	zw	f	21	10	diamond	red	dif	vert	up	(608, 287)	(415, 287)	True	144829	145693	up	(512, 384)	testing
12	zw	f	21	10	circle	none	same	hori	left	N_dis	(415, 287)	True	146938	147399	left	(512, 384)	testing
12	zw	f	21	10	diamond	none	dif	hori	left	N_dis	(376, 384)	True	148513	149314	left	(512, 384)	testing
12	zw	f	21	10	circle	red	dif	hori	left	(608, 480)	(512, 520)	True	150554	151169	up	(512, 384)	testing
12	zw	f	21	10	circle	green	dif	vert	up	(608, 287)	(376, 384)	True	153834	154990	up	(512, 384)	testing
12	zw	f	21	10	circle	none	dif	vert	up	N_dis	(376, 384)	True	156252	156831	up	(512, 384)	testing
12	zw	f	21	10	circle	none	dif	vert	up	N_dis	(512, 248)	True	158075	158830	up	(512, 384)	testing
12	zw	f	21	10	circle	red	dif	vert	up	(415, 287)	(376, 384)	True	160103	160954	up	(512, 384)	testing
12	zw	f	21	10	diamond	none	same	hori	left	N_dis	(376, 384)	True	162100	162771	up	(512, 384)	testing
12	zw	f	21	10	circle	green	same	hori	left	(608, 287)	(415, 480)	True	165523	166395	left	(512, 384)	testing
12	zw	f	21	10	circle	red	dif	hori	left	(608, 287)	(648, 384)	True	167599	168295	left	(512, 384)	testing
12	zw	f	21	10	circle	green	same	vert	up	(415, 287)	(512, 520)	True	169543	170595	up	(512, 384)	testing
12	zw	f	21	10	circle	none	dif	vert	up	N_dis	(512, 248)	True	171824	172635	up	(512, 384)	testing
12	zw	f	21	10	diamond	green	dif	vert	up	(648, 384)	(415, 480)	True	173831	174722	up	(512, 384)	testing
12	zw	f	21	10	diamond	red	dif	vert	up	(608, 480)	(415, 287)	True	175991	176668	up	(512, 384)	testing
12	zw	f	21	10	circle	red	dif	vert	up	(648, 384)	(608, 480)	True	177917	179071	up	(512, 384)	testing
12	zw	f	21	10	diamond	green	dif	hori	left	(608, 287)	(415, 287)	True	180103	180895	left	(512, 384)	testing
12	zw	f	21	10	diamond	green	same	vert	up	(608, 480)	(376, 384)	True	181962	182946	up	(512, 384)	testing
12	zw	f	21	10	diamond	green	dif	hori	left	(608, 287)	(415, 287)	True	183976	184586	left	(512, 384)	testing
12	zw	f	21	10	diamond	red	same	vert	up	(415, 287)	(415, 480)	True	185613	186347	up	(512, 384)	testing
12	zw	f	21	10	diamond	green	dif	vert	up	(608, 287)	(512, 248)	True	187385	188727	left	(512, 384)	testing
12	zw	f	21	10	circle	red	same	hori	left	(608, 287)	(512, 520)	True	191283	192181	left	(512, 384)	testing
12	zw	f	21	10	diamond	green	dif	vert	up	(608, 287)	(376, 384)	True	193345	194216	up	(512, 384)	testing
12	zw	f	21	10	circle	green	dif	hori	left	(608, 287)	(415, 480)	True	195264	195980	left	(512, 384)	testing
12	zw	f	21	10	circle	red	same	hori	left	(608, 287)	(415, 287)	True	197076	197780	left	(512, 384)	testing
12	zw	f	21	10	diamond	none	same	hori	left	N_dis	(415, 480)	True	198927	199677	left	(512, 384)	testing
12	zw	f	21	10	diamond	green	same	hori	left	(608, 287)	(512, 248)	True	200711	201446	left	(512, 384)	testing
12	zw	f	21	10	diamond	green	same	hori	left	(608, 287)	(415, 480)	True	202502	203129	left	(512, 384)	testing
12	zw	f	21	10	circle	red	same	vert	up	(608, 287)	(608, 480)	True	204371	206105	up	(512, 384)	testing
12	zw	f	21	10	circle	red	same	vert	up	(608, 287)	(376, 384)	True	207301	207894	up	(512, 384)	testing
12	zw	f	21	10	diamond	green	dif	hori	left	(608, 287)	(415, 480)	True	208945	209727	left	(512, 384)	testing
12	zw	f	21	10	circle	red	same	hori	left	(376, 384)	(512, 520)	True	210771	211829	left	(512, 384)	testing
12	zw	f	21	10	diamond	red	dif	hori	left	(608, 287)	(376, 384)	True	212942	213567	left	(512, 384)	testing
12	zw	f	21	10	diamond	red	same	hori	left	(648, 384)	(608, 480)	True	214751	216894	left	(512, 384)	testing
12	zw	f	21	10	circle	none	dif	hori	left	N_dis	(608, 287)	True	218017	219239	left	(512, 384)	testing
12	zw	f	21	10	circle	green	dif	vert	up	(608, 287)	(608, 480)	True	220397	221639	up	(512, 384)	testing
12	zw	f	21	10	diamond	red	same	hori	left	(608, 287)	(512, 248)	True	222753	224076	left	(512, 384)	testing
12	zw	f	21	10	diamond	green	same	vert	up	(512, 248)	(512, 520)	True	225111	226290	up	(512, 384)	testing
12	zw	f	21	10	circle	red	dif	hori	left	(376, 384)	(512, 248)	True	227554	228294	up	(512, 384)	testing
12	zw	f	21	10	diamond	none	same	vert	up	N_dis	(608, 287)	True	231070	231787	up	(512, 384)	testing
12	zw	f	21	10	circle	red	same	vert	up	(608, 287)	(608, 480)	True	232936	233833	up	(512, 384)	testing
12	zw	f	21	10	circle	none	same	hori	left	N_dis	(608, 480)	True	234907	235902	left	(512, 384)	testing
12	zw	f	21	10	diamond	red	dif	hori	left	(608, 287)	(608, 480)	True	237121	237690	left	(512, 384)	testing
12	zw	f	21	10	circle	green	dif	hori	left	(608, 287)	(512, 520)	True	238884	239499	left	(512, 384)	testing
12	zw	f	21	10	circle	red	same	vert	up	(608, 287)	(512, 520)	True	240612	241459	up	(512, 384)	testing
12	zw	f	21	10	circle	green	dif	hori	left	(512, 248)	(376, 384)	True	242639	243307	left	(512, 384)	testing
12	zw	f	21	10	circle	green	dif	hori	left	(415, 480)	(608, 480)	True	244365	245173	left	(512, 384)	testing
12	zw	f	21	10	circle	green	dif	vert	up	(608, 287)	(648, 384)	True	246281	247176	up	(512, 384)	testing
12	zw	f	21	10	diamond	green	dif	vert	up	(608, 287)	(512, 520)	True	248305	249251	up	(512, 384)	testing
12	zw	f	21	10	diamond	none	same	hori	left	N_dis	(415, 287)	True	250286	251013	left	(512, 384)	testing
12	zw	f	21	10	diamond	none	same	vert	up	N_dis	(512, 248)	True	252113	252677	up	(512, 384)	testing
12	zw	f	21	10	diamond	red	same	vert	up	(512, 520)	(415, 480)	True	253791	254563	up	(512, 384)	testing
12	zw	f	21	10	diamond	red	dif	hori	left	(608, 287)	(512, 248)	True	255821	256392	left	(512, 384)	testing
conf	12	zw	f	21	10	2	8	space	None	None	None	None	None	None	None	True	297734	302040	4
