subj	name	gender	age	runNum	shape	dist	td_dif	resp	resp_key	d_loc	t_loc	gotKey	startTime	respTime	resp	fix_loc	prac
12	zw	f	21	5	diamond	none	dif	hori	left	N_dis	(512, 248)	True	79112	79869	left	(512, 384)	testing
12	zw	f	21	5	circle	red	dif	vert	up	(512, 520)	(415, 287)	True	81115	81933	up	(512, 384)	testing
12	zw	f	21	5	circle	none	same	hori	left	N_dis	(512, 248)	True	83158	83809	left	(512, 384)	testing
12	zw	f	21	5	diamond	none	same	vert	up	N_dis	(648, 384)	True	84948	85510	up	(512, 384)	testing
12	zw	f	21	5	circle	none	dif	hori	left	N_dis	(512, 520)	True	86704	87190	left	(512, 384)	testing
12	zw	f	21	5	diamond	none	same	hori	left	N_dis	(648, 384)	True	88429	89139	left	(512, 384)	testing
12	zw	f	21	5	circle	green	same	vert	up	(512, 520)	(512, 248)	True	90341	90907	up	(512, 384)	testing
12	zw	f	21	5	circle	none	same	vert	up	N_dis	(608, 480)	True	92021	92864	up	(512, 384)	testing
12	zw	f	21	5	circle	none	same	hori	left	N_dis	(608, 480)	True	94039	94566	left	(512, 384)	testing
12	zw	f	21	5	diamond	green	same	hori	left	(512, 520)	(608, 480)	True	95726	96357	left	(512, 384)	testing
12	zw	f	21	5	circle	green	dif	vert	up	(512, 520)	(608, 287)	True	97452	98075	up	(512, 384)	testing
12	zw	f	21	5	circle	green	same	hori	left	(512, 520)	(415, 480)	True	99252	99741	left	(512, 384)	testing
12	zw	f	21	5	circle	green	dif	vert	up	(512, 248)	(415, 480)	True	100823	101473	left	(512, 384)	testing
12	zw	f	21	5	diamond	green	same	vert	up	(512, 248)	(415, 287)	True	104036	105699	up	(512, 384)	testing
12	zw	f	21	5	diamond	green	dif	hori	left	(608, 287)	(415, 287)	True	106890	107926	left	(512, 384)	testing
12	zw	f	21	5	diamond	none	same	hori	left	N_dis	(376, 384)	True	109077	109860	left	(512, 384)	testing
12	zw	f	21	5	diamond	none	same	hori	left	N_dis	(376, 384)	True	110889	111603	left	(512, 384)	testing
12	zw	f	21	5	circle	none	same	hori	left	N_dis	(512, 248)	True	112793	113714	left	(512, 384)	testing
12	zw	f	21	5	diamond	green	same	hori	left	(512, 520)	(512, 248)	True	114758	115569	left	(512, 384)	testing
12	zw	f	21	5	circle	green	dif	hori	left	(512, 520)	(415, 287)	True	116775	117281	left	(512, 384)	testing
12	zw	f	21	5	diamond	none	same	vert	up	N_dis	(415, 287)	True	118505	119088	up	(512, 384)	testing
12	zw	f	21	5	diamond	red	dif	hori	left	(608, 480)	(376, 384)	True	120190	120895	left	(512, 384)	testing
12	zw	f	21	5	diamond	red	dif	vert	up	(648, 384)	(512, 248)	True	122097	122754	up	(512, 384)	testing
12	zw	f	21	5	diamond	red	same	hori	left	(415, 480)	(415, 287)	True	123952	124401	left	(512, 384)	testing
12	zw	f	21	5	diamond	none	dif	vert	up	N_dis	(648, 384)	True	125669	126467	up	(512, 384)	testing
12	zw	f	21	5	circle	none	same	hori	left	N_dis	(415, 480)	True	127724	128213	left	(512, 384)	testing
12	zw	f	21	5	diamond	red	dif	hori	left	(512, 520)	(608, 480)	True	129378	130219	up	(512, 384)	testing
12	zw	f	21	5	circle	red	dif	hori	left	(512, 520)	(648, 384)	True	132845	133452	left	(512, 384)	testing
12	zw	f	21	5	diamond	red	same	vert	up	(512, 520)	(648, 384)	True	134515	135155	up	(512, 384)	testing
12	zw	f	21	5	circle	green	dif	hori	left	(512, 520)	(415, 480)	True	136187	136868	left	(512, 384)	testing
12	zw	f	21	5	circle	red	dif	hori	left	(608, 287)	(376, 384)	True	137967	138628	left	(512, 384)	testing
12	zw	f	21	5	diamond	red	same	hori	left	(512, 520)	(512, 248)	True	139845	140619	left	(512, 384)	testing
12	zw	f	21	5	circle	green	same	vert	up	(512, 520)	(376, 384)	True	141729	142782	up	(512, 384)	testing
12	zw	f	21	5	circle	red	dif	vert	up	(512, 520)	(512, 248)	True	143996	144588	up	(512, 384)	testing
12	zw	f	21	5	diamond	green	dif	vert	up	(512, 520)	(376, 384)	True	145820	146597	up	(512, 384)	testing
12	zw	f	21	5	diamond	none	dif	hori	left	N_dis	(415, 480)	True	147728	148483	left	(512, 384)	testing
12	zw	f	21	5	circle	red	same	vert	up	(512, 520)	(648, 384)	True	149708	150489	up	(512, 384)	testing
12	zw	f	21	5	circle	none	same	vert	up	N_dis	(512, 248)	True	151566	152452	up	(512, 384)	testing
12	zw	f	21	5	diamond	red	same	vert	up	(512, 520)	(415, 480)	True	153719	154792	up	(512, 384)	testing
12	zw	f	21	5	circle	red	same	hori	left	(512, 520)	(415, 287)	True	155838	156501	left	(512, 384)	testing
12	zw	f	21	5	diamond	none	dif	vert	up	N_dis	(415, 287)	True	157533	158073	up	(512, 384)	testing
12	zw	f	21	5	circle	red	same	hori	left	(512, 520)	(512, 248)	True	159294	159844	left	(512, 384)	testing
12	zw	f	21	5	circle	green	dif	hori	left	(512, 520)	(608, 287)	True	160908	161569	left	(512, 384)	testing
12	zw	f	21	5	circle	red	dif	hori	left	(415, 480)	(512, 248)	True	162696	163358	left	(512, 384)	testing
12	zw	f	21	5	diamond	none	same	vert	up	N_dis	(415, 287)	True	164448	165053	up	(512, 384)	testing
12	zw	f	21	5	diamond	red	dif	hori	left	(512, 520)	(415, 480)	True	166309	166892	left	(512, 384)	testing
12	zw	f	21	5	diamond	green	dif	hori	left	(512, 520)	(415, 480)	True	168058	168669	left	(512, 384)	testing
12	zw	f	21	5	circle	red	same	vert	up	(415, 480)	(648, 384)	True	169827	170700	up	(512, 384)	testing
12	zw	f	21	5	diamond	green	same	vert	up	(512, 520)	(415, 287)	True	171772	172218	up	(512, 384)	testing
12	zw	f	21	5	diamond	green	same	hori	left	(512, 520)	(608, 287)	True	173366	173946	left	(512, 384)	testing
12	zw	f	21	5	circle	none	dif	hori	left	N_dis	(512, 248)	True	175051	176256	left	(512, 384)	testing
12	zw	f	21	5	diamond	none	same	hori	left	N_dis	(648, 384)	True	177338	177935	left	(512, 384)	testing
12	zw	f	21	5	diamond	none	same	hori	left	N_dis	(376, 384)	True	179054	179543	left	(512, 384)	testing
12	zw	f	21	5	diamond	red	same	hori	left	(512, 520)	(512, 248)	True	180635	181242	left	(512, 384)	testing
12	zw	f	21	5	diamond	red	same	vert	up	(512, 248)	(608, 480)	True	182481	183525	up	(512, 384)	testing
12	zw	f	21	5	circle	red	dif	vert	up	(648, 384)	(415, 480)	True	184600	185577	up	(512, 384)	testing
12	zw	f	21	5	diamond	red	dif	vert	up	(512, 520)	(648, 384)	True	186798	187523	up	(512, 384)	testing
12	zw	f	21	5	circle	none	same	vert	up	N_dis	(608, 480)	True	188754	189666	up	(512, 384)	testing
12	zw	f	21	5	diamond	green	same	vert	up	(512, 520)	(608, 480)	True	190858	192438	up	(512, 384)	testing
12	zw	f	21	5	circle	red	dif	hori	left	(608, 287)	(512, 248)	True	193548	194581	up	(512, 384)	testing
12	zw	f	21	5	circle	green	same	vert	up	(415, 287)	(608, 287)	True	197349	198285	up	(512, 384)	testing
12	zw	f	21	5	circle	red	same	vert	up	(512, 520)	(512, 248)	True	199523	201723	up	(512, 384)	testing
12	zw	f	21	5	circle	green	same	hori	left	(512, 520)	(512, 248)	True	202813	203521	left	(512, 384)	testing
12	zw	f	21	5	circle	none	dif	hori	left	N_dis	(608, 287)	True	204721	205308	left	(512, 384)	testing
12	zw	f	21	5	diamond	green	same	hori	left	(512, 520)	(415, 480)	True	206331	207585	left	(512, 384)	testing
12	zw	f	21	5	circle	green	dif	hori	left	(512, 520)	(415, 287)	True	208801	209743	left	(512, 384)	testing
12	zw	f	21	5	circle	green	dif	vert	up	(608, 480)	(415, 480)	True	210832	211675	up	(512, 384)	testing
12	zw	f	21	5	diamond	green	dif	hori	left	(512, 520)	(415, 480)	True	212713	213372	left	(512, 384)	testing
12	zw	f	21	5	diamond	red	dif	hori	left	(512, 248)	(376, 384)	True	214574	215145	left	(512, 384)	testing
12	zw	f	21	5	circle	red	same	vert	up	(512, 520)	(648, 384)	True	216177	216943	up	(512, 384)	testing
12	zw	f	21	5	circle	red	same	hori	left	(415, 480)	(376, 384)	True	218180	218932	left	(512, 384)	testing
12	zw	f	21	5	diamond	green	same	vert	up	(608, 480)	(376, 384)	True	220038	220684	up	(512, 384)	testing
12	zw	f	21	5	circle	red	dif	hori	left	(512, 520)	(376, 384)	True	221827	222322	left	(512, 384)	testing
12	zw	f	21	5	diamond	red	dif	hori	left	(512, 520)	(608, 287)	True	223495	224005	left	(512, 384)	testing
12	zw	f	21	5	diamond	green	dif	vert	up	(512, 520)	(415, 287)	True	225146	225671	up	(512, 384)	testing
12	zw	f	21	5	diamond	red	same	hori	left	(512, 520)	(608, 287)	True	226930	227529	left	(512, 384)	testing
12	zw	f	21	5	diamond	red	dif	vert	up	(648, 384)	(415, 480)	True	228672	229478	up	(512, 384)	testing
12	zw	f	21	5	diamond	green	dif	hori	left	(415, 287)	(608, 480)	True	230743	231293	left	(512, 384)	testing
12	zw	f	21	5	circle	green	same	hori	left	(512, 520)	(512, 248)	True	232340	233159	left	(512, 384)	testing
12	zw	f	21	5	diamond	none	dif	vert	up	N_dis	(415, 480)	True	234283	235029	up	(512, 384)	testing
12	zw	f	21	5	circle	green	same	hori	left	(376, 384)	(415, 287)	True	236262	236979	left	(512, 384)	testing
12	zw	f	21	5	circle	none	dif	hori	left	N_dis	(512, 520)	True	238018	239227	left	(512, 384)	testing
12	zw	f	21	5	circle	green	same	vert	up	(512, 520)	(376, 384)	True	240340	241144	up	(512, 384)	testing
12	zw	f	21	5	diamond	none	dif	vert	up	N_dis	(608, 480)	True	242372	243569	up	(512, 384)	testing
12	zw	f	21	5	circle	none	dif	vert	up	N_dis	(512, 520)	True	244682	245547	up	(512, 384)	testing
12	zw	f	21	5	diamond	red	dif	vert	up	(512, 520)	(608, 480)	True	246754	247561	up	(512, 384)	testing
12	zw	f	21	5	circle	red	dif	vert	up	(512, 520)	(512, 248)	True	248623	249227	left	(512, 384)	testing
12	zw	f	21	5	diamond	green	dif	vert	up	(512, 520)	(608, 287)	True	251794	252398	up	(512, 384)	testing
12	zw	f	21	5	diamond	green	same	hori	left	(415, 287)	(648, 384)	True	253520	254007	left	(512, 384)	testing
12	zw	f	21	5	diamond	green	dif	hori	left	(512, 520)	(608, 480)	True	255154	255925	left	(512, 384)	testing
12	zw	f	21	5	circle	green	dif	vert	up	(512, 520)	(648, 384)	True	256966	257911	left	(512, 384)	testing
12	zw	f	21	5	diamond	none	same	vert	up	N_dis	(608, 287)	True	260579	261197	up	(512, 384)	testing
12	zw	f	21	5	diamond	red	dif	vert	up	(376, 384)	(608, 287)	True	262441	263574	up	(512, 384)	testing
12	zw	f	21	5	diamond	none	same	vert	up	N_dis	(415, 287)	True	264662	265506	up	(512, 384)	testing
12	zw	f	21	5	circle	none	dif	vert	up	N_dis	(415, 480)	True	266758	267821	up	(512, 384)	testing
12	zw	f	21	5	circle	red	same	vert	up	(415, 287)	(648, 384)	True	268894	269637	up	(512, 384)	testing
12	zw	f	21	5	diamond	green	dif	vert	up	(648, 384)	(608, 287)	True	270783	272743	up	(512, 384)	testing
12	zw	f	21	5	circle	none	dif	vert	up	N_dis	(608, 287)	True	273975	274763	up	(512, 384)	testing
12	zw	f	21	5	circle	green	same	vert	up	(376, 384)	(415, 287)	True	275908	276909	up	(512, 384)	testing
12	zw	f	21	5	circle	none	dif	vert	up	N_dis	(415, 480)	True	277994	279254	up	(512, 384)	testing
12	zw	f	21	5	circle	none	dif	vert	up	N_dis	(608, 480)	True	280457	281452	up	(512, 384)	testing
12	zw	f	21	5	circle	green	dif	hori	left	(512, 520)	(415, 287)	True	282658	283383	left	(512, 384)	testing
12	zw	f	21	5	diamond	red	same	vert	up	(512, 520)	(376, 384)	True	284529	285195	left	(512, 384)	testing
12	zw	f	21	5	circle	none	same	hori	left	N_dis	(376, 384)	True	287940	288966	left	(512, 384)	testing
12	zw	f	21	5	diamond	red	same	hori	left	(512, 520)	(608, 287)	True	290117	290826	left	(512, 384)	testing
12	zw	f	21	5	circle	none	dif	hori	left	N_dis	(608, 287)	True	292039	292783	left	(512, 384)	testing
12	zw	f	21	5	diamond	none	dif	hori	left	N_dis	(415, 287)	True	294010	294585	left	(512, 384)	testing
12	zw	f	21	5	circle	none	same	vert	up	N_dis	(376, 384)	True	295611	297436	up	(512, 384)	testing
12	zw	f	21	5	circle	green	dif	vert	up	(376, 384)	(512, 248)	True	298566	299590	up	(512, 384)	testing
12	zw	f	21	5	diamond	red	same	vert	up	(608, 480)	(608, 287)	True	300683	301776	up	(512, 384)	testing
12	zw	f	21	5	circle	red	dif	vert	up	(608, 287)	(512, 248)	True	302952	303751	left	(512, 384)	testing
12	zw	f	21	5	circle	red	same	hori	left	(512, 520)	(376, 384)	True	306405	307002	left	(512, 384)	testing
12	zw	f	21	5	diamond	green	dif	vert	up	(512, 520)	(376, 384)	True	308063	308938	up	(512, 384)	testing
12	zw	f	21	5	diamond	none	dif	hori	left	N_dis	(648, 384)	True	310163	310941	left	(512, 384)	testing
12	zw	f	21	5	diamond	green	same	vert	up	(512, 520)	(648, 384)	True	312045	313166	up	(512, 384)	testing
12	zw	f	21	5	circle	none	same	vert	up	N_dis	(512, 520)	True	314209	315363	up	(512, 384)	testing
12	zw	f	21	5	diamond	none	dif	vert	up	N_dis	(608, 287)	True	316569	317685	up	(512, 384)	testing
12	zw	f	21	5	diamond	none	dif	hori	left	N_dis	(512, 520)	True	318914	319683	left	(512, 384)	testing
12	zw	f	21	5	circle	red	same	hori	left	(512, 520)	(608, 480)	True	320939	321805	left	(512, 384)	testing
12	zw	f	21	5	circle	green	same	hori	left	(512, 520)	(608, 480)	True	322909	324314	left	(512, 384)	testing
