subj	name	gender	age	runNum	shape	dist	td_dif	resp	resp_key	d_loc	t_loc	gotKey	startTime	respTime	resp	fix_loc	prac
13	sm	f	18	1	diamond	none	same	vert	up	N_dis	(648, 384)	True	197996	200643	up	(512, 384)	practice
13	sm	f	18	1	diamond	red	dif	hori	left	(376, 384)	(648, 384)	False	201907	None	None	(512, 384)	practice
13	sm	f	18	1	circle	red	same	hori	left	(376, 384)	(512, 248)	False	207549	None	None	(512, 384)	practice
13	sm	f	18	1	diamond	red	dif	vert	up	(376, 384)	(415, 287)	True	213123	215786	up	(512, 384)	practice
13	sm	f	18	1	diamond	none	same	vert	up	N_dis	(648, 384)	True	216820	218711	up	(512, 384)	practice
13	sm	f	18	1	diamond	red	same	hori	left	(376, 384)	(608, 480)	True	219927	222309	left	(512, 384)	practice
13	sm	f	18	1	circle	green	same	hori	left	(376, 384)	(415, 480)	False	223544	None	None	(512, 384)	practice
13	sm	f	18	1	circle	none	same	hori	left	N_dis	(608, 287)	True	229198	231217	left	(512, 384)	practice
13	sm	f	18	1	diamond	green	dif	hori	left	(376, 384)	(648, 384)	True	232304	234860	left	(512, 384)	practice
13	sm	f	18	1	diamond	red	same	vert	up	(376, 384)	(648, 384)	True	236092	237550	up	(512, 384)	practice
13	sm	f	18	1	circle	green	dif	hori	left	(376, 384)	(512, 520)	True	238605	239866	left	(512, 384)	practice
13	sm	f	18	1	diamond	red	same	hori	left	(376, 384)	(512, 248)	True	240940	242291	left	(512, 384)	practice
13	sm	f	18	1	circle	none	same	vert	up	N_dis	(376, 384)	True	243550	245619	up	(512, 384)	practice
13	sm	f	18	1	diamond	none	same	vert	up	N_dis	(415, 287)	True	246848	248281	up	(512, 384)	practice
13	sm	f	18	1	circle	green	same	hori	left	(376, 384)	(415, 480)	True	249420	251281	left	(512, 384)	practice
13	sm	f	18	1	diamond	green	dif	vert	up	(376, 384)	(512, 520)	True	252436	254584	up	(512, 384)	practice
13	sm	f	18	1	circle	none	dif	vert	up	N_dis	(376, 384)	False	255611	None	None	(512, 384)	practice
13	sm	f	18	1	circle	none	dif	hori	left	N_dis	(512, 520)	True	261194	263457	left	(512, 384)	practice
13	sm	f	18	1	diamond	green	same	hori	left	(376, 384)	(648, 384)	True	264702	266779	left	(512, 384)	practice
13	sm	f	18	1	diamond	none	same	hori	left	N_dis	(512, 248)	True	268051	269624	left	(512, 384)	practice
13	sm	f	18	1	circle	none	same	vert	up	N_dis	(415, 287)	False	270879	None	None	(512, 384)	practice
13	sm	f	18	1	diamond	green	dif	vert	up	(376, 384)	(608, 480)	True	276464	278586	up	(512, 384)	practice
13	sm	f	18	1	circle	red	same	hori	left	(376, 384)	(415, 480)	True	279663	281444	left	(512, 384)	practice
13	sm	f	18	1	diamond	red	dif	vert	up	(376, 384)	(608, 480)	True	282538	283822	up	(512, 384)	practice
13	sm	f	18	1	diamond	red	dif	hori	left	(376, 384)	(415, 287)	True	285022	287258	left	(512, 384)	practice
13	sm	f	18	1	diamond	red	dif	hori	left	(376, 384)	(512, 248)	True	288417	290249	left	(512, 384)	practice
13	sm	f	18	1	circle	none	same	vert	up	N_dis	(648, 384)	True	291502	292650	up	(512, 384)	practice
13	sm	f	18	1	circle	red	dif	vert	up	(376, 384)	(512, 248)	True	293718	295554	up	(512, 384)	practice
13	sm	f	18	1	circle	red	same	hori	left	(376, 384)	(512, 520)	True	296733	297829	left	(512, 384)	practice
13	sm	f	18	1	circle	none	dif	vert	up	N_dis	(415, 480)	True	298928	300386	up	(512, 384)	practice
13	sm	f	18	1	circle	green	same	hori	left	(376, 384)	(512, 520)	True	301499	302981	left	(512, 384)	practice
13	sm	f	18	1	diamond	green	dif	vert	up	(376, 384)	(415, 287)	True	304129	305841	up	(512, 384)	practice
13	sm	f	18	1	diamond	red	same	vert	up	(376, 384)	(608, 480)	True	307085	308120	up	(512, 384)	practice
13	sm	f	18	1	circle	none	same	vert	up	N_dis	(376, 384)	True	309258	311185	up	(512, 384)	practice
13	sm	f	18	1	circle	green	same	hori	left	(376, 384)	(648, 384)	True	312297	314413	left	(512, 384)	practice
13	sm	f	18	1	circle	red	same	hori	left	(376, 384)	(608, 287)	True	315436	316556	left	(512, 384)	practice
13	sm	f	18	1	diamond	red	dif	hori	left	(376, 384)	(512, 520)	True	317820	318817	left	(512, 384)	practice
13	sm	f	18	1	diamond	green	same	hori	left	(376, 384)	(608, 287)	True	320016	321330	left	(512, 384)	practice
13	sm	f	18	1	diamond	none	dif	hori	left	N_dis	(415, 480)	True	322432	323746	left	(512, 384)	practice
13	sm	f	18	1	diamond	red	same	vert	up	(376, 384)	(415, 480)	True	324894	326071	up	(512, 384)	practice
13	sm	f	18	1	diamond	green	same	hori	left	(376, 384)	(648, 384)	True	381218	382340	left	(512, 384)	testing
13	sm	f	18	1	circle	red	same	hori	left	(376, 384)	(512, 248)	True	383553	384480	left	(512, 384)	testing
13	sm	f	18	1	diamond	none	dif	vert	up	N_dis	(512, 248)	True	385662	386930	up	(512, 384)	testing
13	sm	f	18	1	circle	green	dif	vert	up	(512, 248)	(415, 287)	True	388028	390019	up	(512, 384)	testing
13	sm	f	18	1	diamond	green	same	hori	left	(376, 384)	(608, 287)	True	391191	393227	left	(512, 384)	testing
13	sm	f	18	1	circle	none	dif	hori	left	N_dis	(512, 520)	True	394409	395640	left	(512, 384)	testing
13	sm	f	18	1	diamond	green	dif	hori	left	(376, 384)	(415, 287)	True	396895	398656	left	(512, 384)	testing
13	sm	f	18	1	diamond	red	dif	vert	up	(376, 384)	(415, 287)	True	399904	401599	up	(512, 384)	testing
13	sm	f	18	1	circle	none	same	vert	up	N_dis	(608, 480)	True	402831	404601	up	(512, 384)	testing
13	sm	f	18	1	diamond	red	dif	hori	left	(376, 384)	(415, 287)	True	405665	407152	left	(512, 384)	testing
13	sm	f	18	1	diamond	none	same	vert	up	N_dis	(415, 287)	True	408373	409658	up	(512, 384)	testing
13	sm	f	18	1	diamond	green	dif	hori	left	(512, 520)	(648, 384)	True	410873	412543	left	(512, 384)	testing
13	sm	f	18	1	circle	red	same	hori	left	(376, 384)	(512, 520)	True	413615	415706	left	(512, 384)	testing
13	sm	f	18	1	circle	green	dif	vert	up	(512, 248)	(608, 480)	True	416890	418022	up	(512, 384)	testing
13	sm	f	18	1	circle	green	dif	hori	left	(648, 384)	(608, 480)	True	419136	420296	left	(512, 384)	testing
13	sm	f	18	1	diamond	green	same	vert	up	(376, 384)	(608, 480)	True	421546	422700	up	(512, 384)	testing
13	sm	f	18	1	circle	none	dif	vert	up	N_dis	(376, 384)	True	423972	425230	up	(512, 384)	testing
13	sm	f	18	1	diamond	none	same	hori	left	N_dis	(608, 287)	True	426294	427185	left	(512, 384)	testing
13	sm	f	18	1	diamond	none	same	vert	up	N_dis	(415, 287)	True	428344	429669	up	(512, 384)	testing
13	sm	f	18	1	circle	red	same	vert	up	(608, 287)	(512, 520)	True	430889	433107	up	(512, 384)	testing
13	sm	f	18	1	circle	red	same	vert	up	(415, 287)	(608, 480)	True	434152	435519	up	(512, 384)	testing
13	sm	f	18	1	diamond	green	same	vert	up	(376, 384)	(648, 384)	True	436571	437914	up	(512, 384)	testing
13	sm	f	18	1	circle	red	dif	hori	left	(415, 480)	(512, 248)	True	439051	440193	left	(512, 384)	testing
13	sm	f	18	1	diamond	red	same	vert	up	(376, 384)	(648, 384)	True	441375	442433	up	(512, 384)	testing
13	sm	f	18	1	circle	red	dif	vert	up	(376, 384)	(512, 248)	True	443534	445261	up	(512, 384)	testing
13	sm	f	18	1	circle	red	dif	vert	up	(512, 520)	(415, 287)	True	446419	447601	up	(512, 384)	testing
13	sm	f	18	1	circle	none	dif	vert	up	N_dis	(415, 480)	True	448781	450189	up	(512, 384)	testing
13	sm	f	18	1	diamond	green	same	hori	left	(376, 384)	(608, 287)	True	451249	452913	left	(512, 384)	testing
13	sm	f	18	1	circle	green	dif	hori	left	(376, 384)	(415, 480)	True	454138	456430	left	(512, 384)	testing
13	sm	f	18	1	diamond	none	dif	hori	left	N_dis	(415, 480)	True	457568	459796	left	(512, 384)	testing
13	sm	f	18	1	diamond	none	same	hori	left	N_dis	(512, 248)	True	460881	462166	left	(512, 384)	testing
13	sm	f	18	1	circle	green	same	hori	left	(376, 384)	(648, 384)	True	463266	464278	left	(512, 384)	testing
13	sm	f	18	1	diamond	none	dif	hori	left	N_dis	(608, 287)	True	465501	466650	left	(512, 384)	testing
13	sm	f	18	1	circle	green	same	vert	up	(376, 384)	(608, 287)	True	467856	469294	up	(512, 384)	testing
13	sm	f	18	1	circle	red	same	hori	left	(376, 384)	(608, 287)	True	470536	471835	left	(512, 384)	testing
13	sm	f	18	1	circle	none	same	vert	up	N_dis	(415, 287)	True	472983	474320	up	(512, 384)	testing
13	sm	f	18	1	diamond	none	same	hori	left	N_dis	(648, 384)	True	475402	476587	left	(512, 384)	testing
13	sm	f	18	1	circle	none	same	vert	up	N_dis	(376, 384)	True	477679	479240	up	(512, 384)	testing
13	sm	f	18	1	circle	none	same	hori	left	N_dis	(512, 520)	True	480420	481431	left	(512, 384)	testing
13	sm	f	18	1	circle	green	dif	vert	up	(376, 384)	(512, 248)	True	482649	483715	up	(512, 384)	testing
13	sm	f	18	1	diamond	none	dif	hori	left	N_dis	(608, 287)	True	484930	486045	left	(512, 384)	testing
13	sm	f	18	1	circle	red	same	vert	up	(376, 384)	(608, 480)	True	487257	488040	up	(512, 384)	testing
13	sm	f	18	1	circle	none	dif	hori	left	N_dis	(512, 520)	True	489083	490177	left	(512, 384)	testing
13	sm	f	18	1	diamond	green	dif	vert	up	(376, 384)	(608, 480)	True	491219	492855	up	(512, 384)	testing
13	sm	f	18	1	diamond	red	dif	vert	up	(415, 287)	(415, 480)	True	493895	495231	up	(512, 384)	testing
13	sm	f	18	1	circle	none	dif	hori	left	N_dis	(512, 520)	True	496347	497391	left	(512, 384)	testing
13	sm	f	18	1	circle	green	dif	vert	up	(376, 384)	(415, 480)	True	498541	500811	up	(512, 384)	testing
13	sm	f	18	1	circle	green	same	hori	left	(376, 384)	(415, 480)	True	501914	503065	left	(512, 384)	testing
13	sm	f	18	1	circle	green	same	hori	left	(415, 480)	(608, 287)	True	504096	505091	left	(512, 384)	testing
13	sm	f	18	1	circle	red	same	hori	left	(376, 384)	(415, 480)	True	506148	507831	left	(512, 384)	testing
13	sm	f	18	1	diamond	none	same	vert	up	N_dis	(648, 384)	True	509088	510316	up	(512, 384)	testing
13	sm	f	18	1	diamond	none	dif	vert	up	N_dis	(376, 384)	True	511532	512541	up	(512, 384)	testing
13	sm	f	18	1	diamond	green	dif	vert	up	(648, 384)	(415, 480)	True	513607	514660	up	(512, 384)	testing
13	sm	f	18	1	circle	none	dif	vert	up	N_dis	(608, 480)	True	515869	516863	up	(512, 384)	testing
13	sm	f	18	1	diamond	green	dif	vert	up	(376, 384)	(512, 520)	True	518037	519054	up	(512, 384)	testing
13	sm	f	18	1	diamond	red	dif	hori	left	(376, 384)	(512, 248)	True	520083	521015	left	(512, 384)	testing
13	sm	f	18	1	diamond	green	same	hori	left	(608, 287)	(415, 480)	True	522285	523392	left	(512, 384)	testing
13	sm	f	18	1	circle	red	dif	vert	up	(608, 287)	(415, 480)	True	524497	525628	up	(512, 384)	testing
13	sm	f	18	1	circle	green	same	hori	left	(376, 384)	(415, 480)	True	526841	527765	left	(512, 384)	testing
13	sm	f	18	1	diamond	none	dif	hori	left	N_dis	(415, 287)	True	529010	530113	left	(512, 384)	testing
13	sm	f	18	1	diamond	green	dif	vert	up	(415, 287)	(648, 384)	True	531156	532170	up	(512, 384)	testing
13	sm	f	18	1	diamond	red	same	hori	left	(376, 384)	(648, 384)	True	533241	534081	left	(512, 384)	testing
13	sm	f	18	1	diamond	green	dif	hori	left	(608, 480)	(415, 287)	True	535161	536187	left	(512, 384)	testing
13	sm	f	18	1	diamond	green	same	vert	up	(512, 520)	(608, 480)	True	537452	539727	up	(512, 384)	testing
13	sm	f	18	1	circle	green	same	vert	up	(376, 384)	(648, 384)	True	540759	543533	up	(512, 384)	testing
13	sm	f	18	1	circle	none	dif	hori	left	N_dis	(608, 480)	True	544620	546310	left	(512, 384)	testing
13	sm	f	18	1	diamond	none	same	vert	up	N_dis	(608, 287)	True	547498	548564	up	(512, 384)	testing
13	sm	f	18	1	circle	green	same	vert	up	(376, 384)	(512, 248)	True	549823	550742	up	(512, 384)	testing
13	sm	f	18	1	circle	green	dif	hori	left	(512, 520)	(415, 480)	True	551885	553047	left	(512, 384)	testing
13	sm	f	18	1	circle	red	dif	hori	left	(415, 287)	(608, 480)	True	554240	555261	left	(512, 384)	testing
13	sm	f	18	1	circle	green	dif	hori	left	(376, 384)	(512, 520)	True	556398	557228	left	(512, 384)	testing
13	sm	f	18	1	circle	red	dif	hori	left	(376, 384)	(648, 384)	True	558321	559408	left	(512, 384)	testing
13	sm	f	18	1	diamond	green	same	vert	up	(512, 248)	(608, 480)	True	560613	561595	up	(512, 384)	testing
13	sm	f	18	1	circle	none	same	hori	left	N_dis	(608, 480)	True	562712	563732	left	(512, 384)	testing
13	sm	f	18	1	circle	none	dif	hori	left	N_dis	(376, 384)	True	564869	565670	left	(512, 384)	testing
13	sm	f	18	1	circle	green	dif	vert	up	(648, 384)	(608, 287)	True	566862	568165	up	(512, 384)	testing
13	sm	f	18	1	diamond	none	same	hori	left	N_dis	(512, 520)	True	569390	570528	left	(512, 384)	testing
13	sm	f	18	1	circle	none	same	vert	up	N_dis	(648, 384)	True	571638	572895	up	(512, 384)	testing
13	sm	f	18	1	diamond	none	same	hori	left	N_dis	(415, 480)	True	574116	575411	left	(512, 384)	testing
13	sm	f	18	1	diamond	none	dif	hori	left	N_dis	(415, 480)	True	576583	577571	left	(512, 384)	testing
13	sm	f	18	1	diamond	green	dif	hori	left	(376, 384)	(415, 287)	True	578595	580484	left	(512, 384)	testing
13	sm	f	18	1	diamond	red	same	vert	up	(376, 384)	(415, 287)	True	581665	584648	up	(512, 384)	testing
13	sm	f	18	1	diamond	green	dif	vert	up	(376, 384)	(415, 287)	True	585781	587404	up	(512, 384)	testing
13	sm	f	18	1	diamond	green	same	hori	left	(608, 480)	(415, 287)	True	588609	590021	left	(512, 384)	testing
13	sm	f	18	1	diamond	red	same	hori	left	(376, 384)	(415, 287)	True	591055	592679	left	(512, 384)	testing
13	sm	f	18	1	circle	none	dif	vert	up	N_dis	(512, 248)	True	593820	595240	up	(512, 384)	testing
13	sm	f	18	1	circle	green	same	vert	up	(376, 384)	(512, 520)	True	596452	598822	up	(512, 384)	testing
13	sm	f	18	1	circle	none	same	hori	left	N_dis	(648, 384)	True	599988	601404	left	(512, 384)	testing
13	sm	f	18	1	circle	red	same	vert	up	(376, 384)	(415, 480)	True	602581	604026	up	(512, 384)	testing
13	sm	f	18	1	circle	green	dif	hori	left	(415, 480)	(512, 520)	True	605152	607493	left	(512, 384)	testing
13	sm	f	18	1	diamond	none	dif	vert	up	N_dis	(415, 287)	True	608624	610284	up	(512, 384)	testing
13	sm	f	18	1	circle	none	same	vert	up	N_dis	(376, 384)	True	611347	612713	up	(512, 384)	testing
13	sm	f	18	1	circle	red	same	vert	up	(376, 384)	(608, 287)	True	613853	615334	up	(512, 384)	testing
13	sm	f	18	1	circle	none	same	hori	left	N_dis	(608, 287)	True	616496	617892	left	(512, 384)	testing
13	sm	f	18	1	diamond	green	same	vert	up	(376, 384)	(512, 520)	True	619136	621139	up	(512, 384)	testing
13	sm	f	18	1	circle	none	same	hori	left	N_dis	(512, 248)	True	622288	623777	left	(512, 384)	testing
13	sm	f	18	1	diamond	none	dif	vert	up	N_dis	(608, 480)	True	625044	626230	up	(512, 384)	testing
13	sm	f	18	1	diamond	red	same	vert	up	(376, 384)	(415, 480)	True	627452	629745	up	(512, 384)	testing
13	sm	f	18	1	circle	red	same	hori	left	(376, 384)	(512, 248)	True	631016	633468	left	(512, 384)	testing
13	sm	f	18	1	diamond	red	same	vert	up	(376, 384)	(608, 480)	True	634655	636670	up	(512, 384)	testing
13	sm	f	18	1	circle	red	dif	vert	up	(376, 384)	(608, 480)	True	637822	639224	up	(512, 384)	testing
13	sm	f	18	1	diamond	none	same	vert	up	N_dis	(648, 384)	True	640398	642369	up	(512, 384)	testing
13	sm	f	18	1	circle	green	same	hori	left	(376, 384)	(512, 520)	True	643539	645437	left	(512, 384)	testing
13	sm	f	18	1	circle	none	dif	vert	up	N_dis	(415, 480)	True	646542	648456	up	(512, 384)	testing
13	sm	f	18	1	circle	green	same	vert	up	(648, 384)	(512, 248)	True	649696	651330	up	(512, 384)	testing
13	sm	f	18	1	diamond	red	dif	hori	left	(376, 384)	(512, 520)	True	652421	653617	left	(512, 384)	testing
13	sm	f	18	1	circle	red	dif	vert	up	(608, 287)	(415, 480)	True	654861	656076	left	(512, 384)	testing
13	sm	f	18	1	diamond	red	same	hori	left	(376, 384)	(512, 248)	True	658675	660427	left	(512, 384)	testing
13	sm	f	18	1	diamond	red	same	hori	left	(608, 480)	(648, 384)	True	661505	663563	left	(512, 384)	testing
13	sm	f	18	1	diamond	red	same	hori	left	(376, 384)	(608, 480)	True	664609	666225	left	(512, 384)	testing
13	sm	f	18	1	circle	red	dif	hori	left	(376, 384)	(648, 384)	True	667449	669261	left	(512, 384)	testing
13	sm	f	18	1	diamond	none	dif	vert	up	N_dis	(512, 248)	True	670516	671899	up	(512, 384)	testing
13	sm	f	18	1	diamond	red	dif	vert	up	(376, 384)	(608, 287)	True	673061	674076	up	(512, 384)	testing
13	sm	f	18	1	diamond	red	dif	hori	left	(376, 384)	(648, 384)	True	675177	676458	left	(512, 384)	testing
13	sm	f	18	1	diamond	green	dif	hori	left	(376, 384)	(648, 384)	True	677526	678730	left	(512, 384)	testing
13	sm	f	18	1	diamond	red	dif	vert	up	(376, 384)	(608, 287)	True	679992	681232	up	(512, 384)	testing
13	sm	f	18	1	diamond	red	same	vert	up	(608, 480)	(648, 384)	True	682298	683793	up	(512, 384)	testing
13	sm	f	18	1	diamond	red	dif	vert	up	(376, 384)	(608, 480)	True	684906	686121	up	(512, 384)	testing
13	sm	f	18	1	diamond	red	dif	hori	left	(415, 480)	(608, 480)	True	687333	688378	left	(512, 384)	testing
13	sm	f	18	1	circle	red	dif	hori	left	(512, 248)	(648, 384)	True	689586	690890	left	(512, 384)	testing
