subj	name	gender	age	runNum	shape	dist	td_dif	resp	resp_key	d_loc	t_loc	gotKey	startTime	respTime	resp	fix_loc	prac
13	sm	f	18	5	diamond	red	dif	hori	left	(608, 480)	(415, 287)	True	9203	9886	left	(512, 384)	testing
13	sm	f	18	5	diamond	red	same	vert	up	(376, 384)	(608, 287)	True	10989	11535	up	(512, 384)	testing
13	sm	f	18	5	diamond	green	dif	hori	left	(376, 384)	(512, 520)	True	12627	13466	left	(512, 384)	testing
13	sm	f	18	5	diamond	green	dif	hori	left	(608, 480)	(415, 287)	True	14501	15329	left	(512, 384)	testing
13	sm	f	18	5	circle	none	same	vert	up	N_dis	(512, 248)	True	16365	17258	up	(512, 384)	testing
13	sm	f	18	5	diamond	green	same	vert	up	(608, 480)	(376, 384)	True	18446	19735	up	(512, 384)	testing
13	sm	f	18	5	circle	red	same	hori	left	(608, 480)	(415, 480)	True	20953	21897	left	(512, 384)	testing
13	sm	f	18	5	diamond	red	dif	vert	up	(608, 480)	(376, 384)	True	23119	24045	up	(512, 384)	testing
13	sm	f	18	5	diamond	red	dif	vert	up	(608, 480)	(608, 287)	True	25222	25882	up	(512, 384)	testing
13	sm	f	18	5	diamond	green	same	hori	left	(608, 480)	(512, 248)	True	26973	27703	left	(512, 384)	testing
13	sm	f	18	5	circle	red	dif	hori	left	(415, 287)	(512, 520)	True	28908	29927	left	(512, 384)	testing
13	sm	f	18	5	diamond	red	same	vert	up	(648, 384)	(608, 287)	True	31048	31718	up	(512, 384)	testing
13	sm	f	18	5	circle	none	dif	vert	up	N_dis	(415, 287)	True	32934	34190	up	(512, 384)	testing
13	sm	f	18	5	diamond	red	dif	vert	up	(512, 520)	(648, 384)	True	35253	36795	up	(512, 384)	testing
13	sm	f	18	5	diamond	red	same	hori	left	(608, 480)	(415, 480)	True	37952	38809	left	(512, 384)	testing
13	sm	f	18	5	circle	green	same	hori	left	(608, 480)	(512, 520)	True	40062	41473	left	(512, 384)	testing
13	sm	f	18	5	diamond	none	same	hori	left	N_dis	(648, 384)	True	42596	43541	left	(512, 384)	testing
13	sm	f	18	5	diamond	none	same	vert	up	N_dis	(608, 287)	True	44597	45302	up	(512, 384)	testing
13	sm	f	18	5	diamond	none	same	vert	up	N_dis	(415, 480)	True	46386	47136	up	(512, 384)	testing
13	sm	f	18	5	circle	red	dif	vert	up	(608, 480)	(512, 248)	True	48296	49144	up	(512, 384)	testing
13	sm	f	18	5	circle	green	dif	hori	left	(608, 480)	(376, 384)	True	50344	51116	left	(512, 384)	testing
13	sm	f	18	5	diamond	red	dif	hori	left	(415, 287)	(512, 520)	True	52375	53352	left	(512, 384)	testing
13	sm	f	18	5	circle	none	same	vert	up	N_dis	(512, 248)	True	54611	55292	up	(512, 384)	testing
13	sm	f	18	5	circle	green	dif	vert	up	(608, 480)	(415, 480)	True	56369	57209	up	(512, 384)	testing
13	sm	f	18	5	circle	none	dif	vert	up	N_dis	(512, 520)	True	58275	59092	up	(512, 384)	testing
13	sm	f	18	5	circle	red	same	vert	up	(608, 480)	(415, 287)	True	60190	61959	up	(512, 384)	testing
13	sm	f	18	5	circle	red	same	hori	left	(608, 480)	(648, 384)	True	63199	63968	left	(512, 384)	testing
13	sm	f	18	5	circle	none	same	hori	left	N_dis	(415, 480)	True	65123	65865	left	(512, 384)	testing
13	sm	f	18	5	circle	none	dif	hori	left	N_dis	(648, 384)	True	67056	67836	left	(512, 384)	testing
13	sm	f	18	5	diamond	none	same	vert	up	N_dis	(415, 287)	True	68893	69599	up	(512, 384)	testing
13	sm	f	18	5	circle	none	dif	hori	left	N_dis	(608, 287)	True	70768	71433	left	(512, 384)	testing
13	sm	f	18	5	diamond	none	same	hori	left	N_dis	(415, 480)	True	72456	73658	left	(512, 384)	testing
13	sm	f	18	5	diamond	none	dif	vert	up	N_dis	(512, 520)	True	74727	75566	up	(512, 384)	testing
13	sm	f	18	5	circle	green	same	vert	up	(608, 480)	(415, 287)	True	76785	77623	up	(512, 384)	testing
13	sm	f	18	5	diamond	none	dif	hori	left	N_dis	(376, 384)	True	78724	79788	left	(512, 384)	testing
13	sm	f	18	5	diamond	green	same	vert	up	(608, 480)	(376, 384)	True	80988	81857	up	(512, 384)	testing
13	sm	f	18	5	diamond	green	same	hori	left	(608, 480)	(415, 287)	True	83106	83922	left	(512, 384)	testing
13	sm	f	18	5	diamond	none	same	vert	up	N_dis	(648, 384)	True	85039	86038	up	(512, 384)	testing
13	sm	f	18	5	circle	green	dif	vert	up	(608, 480)	(512, 520)	True	87282	88352	up	(512, 384)	testing
13	sm	f	18	5	circle	red	same	vert	up	(608, 480)	(415, 480)	True	89579	90249	up	(512, 384)	testing
13	sm	f	18	5	circle	none	same	hori	left	N_dis	(376, 384)	True	91394	92075	left	(512, 384)	testing
13	sm	f	18	5	circle	red	dif	hori	left	(608, 480)	(512, 520)	True	93228	93967	left	(512, 384)	testing
13	sm	f	18	5	circle	green	same	hori	left	(608, 480)	(512, 520)	True	95191	95817	left	(512, 384)	testing
13	sm	f	18	5	circle	none	same	vert	up	N_dis	(648, 384)	True	96967	97657	up	(512, 384)	testing
13	sm	f	18	5	diamond	green	dif	hori	left	(512, 248)	(608, 287)	True	98902	99842	left	(512, 384)	testing
13	sm	f	18	5	circle	red	dif	hori	left	(608, 480)	(512, 248)	True	100952	101577	left	(512, 384)	testing
13	sm	f	18	5	circle	green	same	hori	left	(608, 480)	(415, 287)	True	102800	103408	left	(512, 384)	testing
13	sm	f	18	5	diamond	green	same	vert	up	(608, 480)	(415, 480)	True	104542	105539	up	(512, 384)	testing
13	sm	f	18	5	diamond	none	same	vert	up	N_dis	(608, 287)	True	106695	107308	up	(512, 384)	testing
13	sm	f	18	5	diamond	none	dif	hori	left	N_dis	(512, 520)	True	108511	109251	left	(512, 384)	testing
13	sm	f	18	5	diamond	green	same	vert	up	(648, 384)	(608, 287)	True	110471	111256	up	(512, 384)	testing
13	sm	f	18	5	circle	none	same	hori	left	N_dis	(648, 384)	True	112348	113364	left	(512, 384)	testing
13	sm	f	18	5	diamond	red	dif	hori	left	(608, 480)	(512, 520)	True	114507	115272	left	(512, 384)	testing
13	sm	f	18	5	diamond	green	same	hori	left	(608, 287)	(512, 248)	True	116298	117311	left	(512, 384)	testing
13	sm	f	18	5	circle	none	dif	vert	up	N_dis	(415, 287)	True	118571	119565	up	(512, 384)	testing
13	sm	f	18	5	diamond	red	same	vert	up	(415, 287)	(512, 520)	True	120635	121345	up	(512, 384)	testing
13	sm	f	18	5	diamond	green	dif	vert	up	(608, 480)	(608, 287)	True	122542	123191	up	(512, 384)	testing
13	sm	f	18	5	circle	none	dif	hori	left	N_dis	(512, 520)	True	124325	124882	left	(512, 384)	testing
13	sm	f	18	5	diamond	green	same	vert	up	(608, 480)	(376, 384)	True	126154	126974	up	(512, 384)	testing
13	sm	f	18	5	diamond	green	dif	vert	up	(415, 480)	(608, 287)	True	128224	128818	up	(512, 384)	testing
13	sm	f	18	5	diamond	none	dif	vert	up	N_dis	(415, 287)	True	129989	130693	up	(512, 384)	testing
13	sm	f	18	5	diamond	green	dif	vert	up	(608, 480)	(415, 287)	True	131872	132590	up	(512, 384)	testing
13	sm	f	18	5	circle	green	same	vert	up	(608, 480)	(512, 520)	True	133791	134609	up	(512, 384)	testing
13	sm	f	18	5	diamond	green	dif	vert	up	(608, 480)	(415, 480)	True	135853	136743	up	(512, 384)	testing
13	sm	f	18	5	circle	none	dif	hori	left	N_dis	(376, 384)	True	137935	138795	left	(512, 384)	testing
13	sm	f	18	5	diamond	red	same	hori	left	(608, 480)	(415, 287)	True	139929	140580	left	(512, 384)	testing
13	sm	f	18	5	circle	none	same	hori	left	N_dis	(415, 480)	True	141758	142805	left	(512, 384)	testing
13	sm	f	18	5	circle	green	dif	vert	up	(512, 520)	(512, 248)	True	144015	145978	up	(512, 384)	testing
13	sm	f	18	5	circle	green	same	vert	up	(608, 480)	(415, 287)	True	147152	148805	up	(512, 384)	testing
13	sm	f	18	5	diamond	red	dif	hori	left	(608, 287)	(648, 384)	True	149897	150847	left	(512, 384)	testing
13	sm	f	18	5	diamond	red	dif	vert	up	(415, 287)	(608, 287)	True	152027	152906	up	(512, 384)	testing
13	sm	f	18	5	diamond	none	same	hori	left	N_dis	(608, 480)	True	154025	154979	left	(512, 384)	testing
13	sm	f	18	5	circle	none	dif	vert	up	N_dis	(376, 384)	True	156132	157003	up	(512, 384)	testing
13	sm	f	18	5	diamond	red	same	vert	up	(608, 480)	(512, 520)	True	158128	158979	up	(512, 384)	testing
13	sm	f	18	5	diamond	green	same	hori	left	(648, 384)	(512, 248)	True	160222	161203	left	(512, 384)	testing
13	sm	f	18	5	diamond	none	dif	hori	left	N_dis	(415, 480)	True	162407	163288	left	(512, 384)	testing
13	sm	f	18	5	circle	red	same	vert	up	(608, 480)	(512, 248)	True	164504	165679	up	(512, 384)	testing
13	sm	f	18	5	circle	green	dif	vert	up	(415, 480)	(608, 287)	True	166744	167488	up	(512, 384)	testing
13	sm	f	18	5	circle	green	same	hori	left	(608, 480)	(512, 248)	True	168751	169411	left	(512, 384)	testing
13	sm	f	18	5	diamond	red	same	hori	left	(608, 480)	(648, 384)	True	170556	171376	left	(512, 384)	testing
13	sm	f	18	5	circle	green	same	vert	up	(608, 480)	(648, 384)	True	172454	173647	up	(512, 384)	testing
13	sm	f	18	5	diamond	none	same	hori	left	N_dis	(415, 287)	True	174796	175801	left	(512, 384)	testing
13	sm	f	18	5	diamond	red	same	hori	left	(608, 480)	(415, 287)	True	177039	177738	left	(512, 384)	testing
13	sm	f	18	5	diamond	none	dif	vert	up	N_dis	(512, 248)	True	178811	179698	up	(512, 384)	testing
13	sm	f	18	5	diamond	red	dif	vert	up	(648, 384)	(415, 287)	True	180819	181632	up	(512, 384)	testing
13	sm	f	18	5	circle	green	same	hori	left	(608, 480)	(608, 287)	True	182664	183849	left	(512, 384)	testing
13	sm	f	18	5	diamond	red	same	vert	up	(512, 520)	(648, 384)	True	185099	186131	up	(512, 384)	testing
13	sm	f	18	5	diamond	green	dif	hori	left	(608, 287)	(376, 384)	True	187399	188165	left	(512, 384)	testing
13	sm	f	18	5	circle	red	dif	hori	left	(608, 480)	(376, 384)	True	189320	189899	left	(512, 384)	testing
13	sm	f	18	5	circle	red	dif	vert	up	(512, 248)	(608, 287)	True	191062	192841	up	(512, 384)	testing
13	sm	f	18	5	diamond	red	same	hori	left	(608, 480)	(648, 384)	True	194079	195052	left	(512, 384)	testing
13	sm	f	18	5	diamond	green	same	hori	left	(608, 480)	(512, 248)	True	196282	197440	left	(512, 384)	testing
13	sm	f	18	5	circle	none	same	vert	up	N_dis	(608, 480)	True	198473	199339	up	(512, 384)	testing
13	sm	f	18	5	circle	green	same	vert	up	(608, 480)	(648, 384)	True	200485	201445	up	(512, 384)	testing
13	sm	f	18	5	circle	green	dif	hori	left	(608, 480)	(608, 287)	True	202584	203510	left	(512, 384)	testing
13	sm	f	18	5	circle	red	dif	hori	left	(512, 520)	(608, 287)	True	204548	205427	left	(512, 384)	testing
13	sm	f	18	5	diamond	none	same	hori	left	N_dis	(608, 287)	True	206525	207130	left	(512, 384)	testing
13	sm	f	18	5	diamond	none	dif	vert	up	N_dis	(376, 384)	True	208329	208959	up	(512, 384)	testing
13	sm	f	18	5	circle	red	same	vert	up	(608, 480)	(512, 248)	True	210229	211145	up	(512, 384)	testing
13	sm	f	18	5	circle	green	dif	hori	left	(608, 480)	(648, 384)	True	212230	212851	left	(512, 384)	testing
13	sm	f	18	5	circle	red	same	hori	left	(608, 480)	(415, 480)	True	214017	214614	left	(512, 384)	testing
13	sm	f	18	5	circle	green	dif	hori	left	(512, 248)	(415, 287)	True	215741	217121	left	(512, 384)	testing
13	sm	f	18	5	circle	none	same	vert	up	N_dis	(512, 248)	True	218286	219532	up	(512, 384)	testing
13	sm	f	18	5	circle	none	dif	vert	up	N_dis	(608, 480)	True	220774	221547	up	(512, 384)	testing
13	sm	f	18	5	diamond	green	dif	vert	up	(376, 384)	(415, 480)	True	222577	224168	up	(512, 384)	testing
13	sm	f	18	5	diamond	none	dif	hori	left	N_dis	(608, 480)	True	225218	226296	left	(512, 384)	testing
13	sm	f	18	5	diamond	green	dif	hori	left	(608, 480)	(648, 384)	True	227488	228296	left	(512, 384)	testing
13	sm	f	18	5	circle	red	same	hori	left	(608, 287)	(376, 384)	True	229437	230373	left	(512, 384)	testing
13	sm	f	18	5	diamond	none	dif	hori	left	N_dis	(608, 287)	True	231615	232382	left	(512, 384)	testing
13	sm	f	18	5	diamond	red	dif	hori	left	(608, 480)	(376, 384)	True	233534	234182	left	(512, 384)	testing
13	sm	f	18	5	diamond	none	dif	vert	up	N_dis	(608, 480)	True	235326	236364	up	(512, 384)	testing
13	sm	f	18	5	circle	red	same	vert	up	(512, 248)	(512, 520)	True	237544	238338	up	(512, 384)	testing
13	sm	f	18	5	circle	red	dif	vert	up	(608, 480)	(608, 287)	True	239435	241169	up	(512, 384)	testing
13	sm	f	18	5	circle	green	dif	vert	up	(376, 384)	(608, 287)	True	242389	243260	left	(512, 384)	testing
13	sm	f	18	5	circle	red	dif	vert	up	(608, 480)	(608, 287)	True	246039	247103	up	(512, 384)	testing
13	sm	f	18	5	circle	none	dif	hori	left	N_dis	(512, 520)	True	248311	249111	left	(512, 384)	testing
13	sm	f	18	5	circle	green	dif	hori	left	(415, 480)	(608, 287)	True	250200	251542	left	(512, 384)	testing
13	sm	f	18	5	circle	red	same	hori	left	(415, 480)	(415, 287)	True	252782	253590	left	(512, 384)	testing
13	sm	f	18	5	circle	none	same	hori	left	N_dis	(512, 248)	True	254695	255516	left	(512, 384)	testing
13	sm	f	18	5	circle	red	dif	vert	up	(608, 480)	(608, 287)	True	256761	258745	up	(512, 384)	testing
