subj	name	gender	age	runNum	shape	dist	td_dif	resp	resp_key	d_loc	t_loc	gotKey	startTime	respTime	resp	fix_loc	prac
13	sm	f	18	10	circle	none	same	hori	left	N_dis	(512, 520)	True	14219	14962	left	(512, 384)	testing
13	sm	f	18	10	diamond	green	same	hori	left	(512, 248)	(648, 384)	True	16217	17143	left	(512, 384)	testing
13	sm	f	18	10	circle	green	dif	hori	left	(648, 384)	(512, 520)	True	18344	19502	left	(512, 384)	testing
13	sm	f	18	10	diamond	red	same	vert	up	(512, 248)	(415, 287)	True	20578	21479	up	(512, 384)	testing
13	sm	f	18	10	diamond	red	dif	vert	up	(512, 248)	(376, 384)	True	22591	23391	up	(512, 384)	testing
13	sm	f	18	10	diamond	green	same	vert	up	(512, 248)	(512, 520)	True	24571	25154	up	(512, 384)	testing
13	sm	f	18	10	diamond	green	dif	vert	up	(512, 248)	(608, 287)	True	26427	27106	up	(512, 384)	testing
13	sm	f	18	10	circle	red	same	hori	left	(512, 248)	(512, 520)	True	28354	29063	left	(512, 384)	testing
13	sm	f	18	10	circle	green	dif	hori	left	(512, 248)	(512, 520)	True	30149	30909	left	(512, 384)	testing
13	sm	f	18	10	circle	green	dif	vert	up	(512, 248)	(415, 480)	True	31999	32802	up	(512, 384)	testing
13	sm	f	18	10	diamond	green	same	hori	left	(512, 248)	(512, 520)	True	33835	34745	left	(512, 384)	testing
13	sm	f	18	10	diamond	none	dif	vert	up	N_dis	(608, 287)	True	35926	36579	up	(512, 384)	testing
13	sm	f	18	10	diamond	none	same	hori	left	N_dis	(415, 480)	True	37612	38316	left	(512, 384)	testing
13	sm	f	18	10	diamond	red	dif	vert	up	(608, 480)	(376, 384)	True	39589	40573	up	(512, 384)	testing
13	sm	f	18	10	diamond	none	same	vert	up	N_dis	(512, 520)	True	41787	42407	up	(512, 384)	testing
13	sm	f	18	10	diamond	green	dif	vert	up	(512, 248)	(415, 480)	True	43646	44472	up	(512, 384)	testing
13	sm	f	18	10	diamond	red	same	vert	up	(512, 248)	(415, 480)	True	45586	46213	up	(512, 384)	testing
13	sm	f	18	10	circle	green	same	vert	up	(512, 248)	(512, 520)	True	47332	48435	up	(512, 384)	testing
13	sm	f	18	10	diamond	red	dif	hori	left	(512, 248)	(415, 480)	True	49588	50303	left	(512, 384)	testing
13	sm	f	18	10	circle	red	same	vert	up	(415, 480)	(512, 520)	True	51487	53000	up	(512, 384)	testing
13	sm	f	18	10	circle	none	dif	hori	left	N_dis	(512, 248)	True	54214	55067	left	(512, 384)	testing
13	sm	f	18	10	diamond	none	dif	vert	up	N_dis	(512, 248)	True	56271	56905	up	(512, 384)	testing
13	sm	f	18	10	circle	none	dif	hori	left	N_dis	(648, 384)	True	58089	58848	left	(512, 384)	testing
13	sm	f	18	10	circle	red	dif	hori	left	(376, 384)	(608, 480)	True	60047	60868	left	(512, 384)	testing
13	sm	f	18	10	circle	none	dif	vert	up	N_dis	(415, 287)	True	62014	62830	up	(512, 384)	testing
13	sm	f	18	10	diamond	red	same	hori	left	(512, 248)	(608, 480)	True	64092	65248	left	(512, 384)	testing
13	sm	f	18	10	circle	none	dif	hori	left	N_dis	(608, 287)	True	66514	67244	left	(512, 384)	testing
13	sm	f	18	10	circle	red	same	vert	up	(512, 248)	(608, 480)	True	68402	69129	up	(512, 384)	testing
13	sm	f	18	10	circle	green	dif	vert	up	(376, 384)	(512, 520)	True	70294	71226	up	(512, 384)	testing
13	sm	f	18	10	diamond	green	dif	hori	left	(512, 248)	(608, 287)	True	72472	73351	left	(512, 384)	testing
13	sm	f	18	10	circle	none	same	hori	left	N_dis	(376, 384)	True	74592	75219	left	(512, 384)	testing
13	sm	f	18	10	diamond	green	same	vert	up	(512, 520)	(415, 287)	True	76477	77676	up	(512, 384)	testing
13	sm	f	18	10	diamond	none	same	vert	up	N_dis	(512, 520)	True	78726	79439	up	(512, 384)	testing
13	sm	f	18	10	circle	none	same	vert	up	N_dis	(608, 287)	True	80578	81421	up	(512, 384)	testing
13	sm	f	18	10	diamond	red	same	hori	left	(512, 248)	(376, 384)	True	82464	83238	left	(512, 384)	testing
13	sm	f	18	10	diamond	none	same	vert	up	N_dis	(648, 384)	True	84455	85284	up	(512, 384)	testing
13	sm	f	18	10	circle	red	dif	vert	up	(415, 480)	(512, 520)	True	86496	87975	up	(512, 384)	testing
13	sm	f	18	10	diamond	none	dif	hori	left	N_dis	(608, 480)	True	89204	90359	left	(512, 384)	testing
13	sm	f	18	10	circle	red	dif	vert	up	(415, 480)	(608, 287)	True	91484	92242	up	(512, 384)	testing
13	sm	f	18	10	circle	none	dif	hori	left	N_dis	(608, 480)	True	93291	94093	left	(512, 384)	testing
13	sm	f	18	10	diamond	none	dif	vert	up	N_dis	(608, 480)	True	95260	96192	up	(512, 384)	testing
13	sm	f	18	10	circle	green	same	vert	up	(608, 480)	(415, 480)	True	97336	98106	up	(512, 384)	testing
13	sm	f	18	10	diamond	red	dif	hori	left	(512, 248)	(608, 480)	True	99203	99935	left	(512, 384)	testing
13	sm	f	18	10	circle	red	same	hori	left	(415, 287)	(512, 520)	True	101084	101903	left	(512, 384)	testing
13	sm	f	18	10	circle	green	dif	hori	left	(512, 248)	(512, 520)	True	103055	103709	left	(512, 384)	testing
13	sm	f	18	10	diamond	red	dif	vert	up	(512, 248)	(608, 480)	True	104892	105478	up	(512, 384)	testing
13	sm	f	18	10	circle	red	same	vert	up	(608, 480)	(512, 520)	True	106669	107444	up	(512, 384)	testing
13	sm	f	18	10	circle	green	same	vert	up	(512, 248)	(415, 287)	True	108547	110079	up	(512, 384)	testing
13	sm	f	18	10	diamond	red	same	hori	left	(512, 248)	(512, 520)	True	111180	112128	left	(512, 384)	testing
13	sm	f	18	10	diamond	none	same	vert	up	N_dis	(415, 287)	True	113193	114010	up	(512, 384)	testing
13	sm	f	18	10	diamond	none	dif	vert	up	N_dis	(648, 384)	True	115179	115923	up	(512, 384)	testing
13	sm	f	18	10	diamond	green	same	vert	up	(415, 287)	(415, 480)	True	117104	117942	up	(512, 384)	testing
13	sm	f	18	10	circle	green	same	hori	left	(512, 248)	(608, 480)	True	119082	119905	left	(512, 384)	testing
13	sm	f	18	10	diamond	none	dif	hori	left	N_dis	(648, 384)	True	120980	121956	left	(512, 384)	testing
13	sm	f	18	10	circle	green	same	vert	up	(512, 248)	(608, 480)	True	123037	124845	up	(512, 384)	testing
13	sm	f	18	10	diamond	green	same	hori	left	(512, 248)	(376, 384)	True	125971	127432	left	(512, 384)	testing
13	sm	f	18	10	circle	none	same	hori	left	N_dis	(415, 480)	True	128589	129683	left	(512, 384)	testing
13	sm	f	18	10	diamond	red	dif	vert	up	(512, 248)	(415, 480)	True	130748	131715	up	(512, 384)	testing
13	sm	f	18	10	diamond	red	same	vert	up	(415, 480)	(608, 287)	True	132790	133706	up	(512, 384)	testing
13	sm	f	18	10	circle	none	dif	vert	up	N_dis	(512, 520)	True	134792	135917	up	(512, 384)	testing
13	sm	f	18	10	circle	green	same	hori	left	(512, 248)	(608, 287)	True	137118	138347	left	(512, 384)	testing
13	sm	f	18	10	diamond	red	same	vert	up	(512, 520)	(376, 384)	True	139541	140384	up	(512, 384)	testing
13	sm	f	18	10	circle	green	dif	vert	up	(512, 248)	(608, 287)	True	141547	142227	up	(512, 384)	testing
13	sm	f	18	10	circle	none	same	vert	up	N_dis	(376, 384)	True	143347	144199	up	(512, 384)	testing
13	sm	f	18	10	circle	green	same	hori	left	(512, 248)	(415, 287)	True	145335	146221	left	(512, 384)	testing
13	sm	f	18	10	diamond	green	dif	hori	left	(512, 248)	(415, 480)	True	147297	148055	left	(512, 384)	testing
13	sm	f	18	10	diamond	green	dif	hori	left	(512, 248)	(512, 520)	True	149176	150023	left	(512, 384)	testing
13	sm	f	18	10	diamond	green	same	vert	up	(415, 287)	(608, 480)	True	151151	152205	up	(512, 384)	testing
13	sm	f	18	10	circle	red	same	hori	left	(512, 248)	(648, 384)	True	153351	154731	left	(512, 384)	testing
13	sm	f	18	10	circle	none	same	vert	up	N_dis	(415, 287)	True	155995	156822	up	(512, 384)	testing
13	sm	f	18	10	circle	red	dif	hori	left	(512, 248)	(415, 287)	True	158079	158887	left	(512, 384)	testing
13	sm	f	18	10	circle	red	dif	hori	left	(648, 384)	(608, 287)	True	160105	160869	left	(512, 384)	testing
13	sm	f	18	10	diamond	none	dif	hori	left	N_dis	(512, 248)	True	162099	163747	left	(512, 384)	testing
13	sm	f	18	10	circle	red	dif	vert	up	(376, 384)	(608, 287)	True	164797	165769	left	(512, 384)	testing
13	sm	f	18	10	circle	none	same	hori	left	N_dis	(648, 384)	True	168414	169299	left	(512, 384)	testing
13	sm	f	18	10	diamond	none	same	hori	left	N_dis	(608, 287)	True	170366	171496	left	(512, 384)	testing
13	sm	f	18	10	circle	red	same	vert	up	(512, 520)	(415, 480)	True	172566	174254	up	(512, 384)	testing
13	sm	f	18	10	circle	green	same	hori	left	(512, 248)	(376, 384)	True	175319	176094	left	(512, 384)	testing
13	sm	f	18	10	diamond	none	dif	vert	up	N_dis	(608, 287)	True	177184	178026	up	(512, 384)	testing
13	sm	f	18	10	diamond	green	same	hori	left	(608, 287)	(608, 480)	True	179198	180248	left	(512, 384)	testing
13	sm	f	18	10	circle	red	dif	hori	left	(608, 480)	(415, 287)	True	181501	182302	left	(512, 384)	testing
13	sm	f	18	10	diamond	green	same	vert	up	(512, 248)	(512, 520)	True	183458	184258	up	(512, 384)	testing
13	sm	f	18	10	circle	none	same	vert	up	N_dis	(512, 248)	True	185460	187157	up	(512, 384)	testing
13	sm	f	18	10	circle	none	dif	vert	up	N_dis	(415, 287)	True	188195	189416	up	(512, 384)	testing
13	sm	f	18	10	diamond	green	same	hori	left	(648, 384)	(415, 480)	True	190586	191581	left	(512, 384)	testing
13	sm	f	18	10	circle	none	dif	hori	left	N_dis	(415, 480)	True	192606	193478	left	(512, 384)	testing
13	sm	f	18	10	circle	green	same	vert	up	(512, 248)	(648, 384)	True	194742	195938	up	(512, 384)	testing
13	sm	f	18	10	diamond	none	same	hori	left	N_dis	(415, 480)	True	197181	197875	left	(512, 384)	testing
13	sm	f	18	10	circle	red	same	vert	up	(512, 248)	(648, 384)	True	198900	199597	up	(512, 384)	testing
13	sm	f	18	10	diamond	red	same	hori	left	(376, 384)	(415, 287)	True	200637	201647	left	(512, 384)	testing
13	sm	f	18	10	diamond	red	dif	hori	left	(512, 248)	(608, 480)	True	202885	203598	left	(512, 384)	testing
13	sm	f	18	10	circle	green	same	hori	left	(608, 287)	(648, 384)	True	204823	205697	left	(512, 384)	testing
13	sm	f	18	10	diamond	none	dif	hori	left	N_dis	(608, 480)	True	206846	207740	left	(512, 384)	testing
13	sm	f	18	10	diamond	red	dif	hori	left	(512, 248)	(376, 384)	True	208907	209639	left	(512, 384)	testing
13	sm	f	18	10	circle	none	same	vert	up	N_dis	(415, 480)	True	210772	211561	up	(512, 384)	testing
13	sm	f	18	10	circle	red	dif	vert	up	(512, 248)	(608, 287)	True	212751	213992	up	(512, 384)	testing
13	sm	f	18	10	circle	green	dif	hori	left	(512, 248)	(376, 384)	True	215081	215835	left	(512, 384)	testing
13	sm	f	18	10	diamond	green	dif	hori	left	(648, 384)	(512, 520)	True	217004	217903	left	(512, 384)	testing
13	sm	f	18	10	circle	none	dif	vert	up	N_dis	(512, 248)	True	219086	220214	up	(512, 384)	testing
13	sm	f	18	10	diamond	none	same	hori	left	N_dis	(376, 384)	True	221260	222123	left	(512, 384)	testing
13	sm	f	18	10	diamond	green	dif	vert	up	(512, 248)	(608, 287)	True	223163	224068	up	(512, 384)	testing
13	sm	f	18	10	diamond	red	same	hori	left	(512, 248)	(648, 384)	True	225237	226104	left	(512, 384)	testing
13	sm	f	18	10	diamond	none	same	hori	left	N_dis	(415, 287)	True	227269	228079	left	(512, 384)	testing
13	sm	f	18	10	circle	green	dif	vert	up	(512, 248)	(415, 287)	True	229220	230398	up	(512, 384)	testing
13	sm	f	18	10	circle	red	same	hori	left	(608, 287)	(648, 384)	True	231625	232646	left	(512, 384)	testing
13	sm	f	18	10	diamond	none	dif	hori	left	N_dis	(376, 384)	True	233686	234343	left	(512, 384)	testing
13	sm	f	18	10	diamond	green	dif	vert	up	(512, 248)	(608, 287)	True	235366	236029	up	(512, 384)	testing
13	sm	f	18	10	circle	red	same	hori	left	(512, 248)	(415, 480)	True	237120	237744	left	(512, 384)	testing
13	sm	f	18	10	diamond	green	dif	hori	left	(512, 248)	(648, 384)	True	238983	239603	left	(512, 384)	testing
13	sm	f	18	10	circle	red	dif	vert	up	(512, 248)	(415, 287)	True	240760	241699	up	(512, 384)	testing
13	sm	f	18	10	circle	green	dif	vert	up	(512, 248)	(415, 287)	True	242728	243377	up	(512, 384)	testing
13	sm	f	18	10	circle	none	same	hori	left	N_dis	(608, 480)	True	244515	245397	left	(512, 384)	testing
13	sm	f	18	10	circle	red	dif	hori	left	(512, 248)	(512, 520)	True	246456	247217	left	(512, 384)	testing
13	sm	f	18	10	diamond	red	same	vert	up	(512, 248)	(648, 384)	True	248345	249062	up	(512, 384)	testing
13	sm	f	18	10	circle	green	dif	hori	left	(512, 520)	(415, 480)	True	250333	251468	left	(512, 384)	testing
13	sm	f	18	10	diamond	red	dif	vert	up	(415, 287)	(608, 480)	True	252583	253404	up	(512, 384)	testing
13	sm	f	18	10	circle	none	dif	vert	up	N_dis	(376, 384)	True	254447	255252	up	(512, 384)	testing
13	sm	f	18	10	diamond	none	same	vert	up	N_dis	(512, 520)	True	256288	256896	up	(512, 384)	testing
13	sm	f	18	10	diamond	green	dif	vert	up	(512, 248)	(376, 384)	True	258090	258762	up	(512, 384)	testing
13	sm	f	18	10	diamond	red	dif	hori	left	(608, 287)	(608, 480)	True	260004	260979	left	(512, 384)	testing
conf	13	sm	f	18	10	0	space	None	None	None	None	None	None	None	None	True	287516	313235	2
