subj	name	gender	age	runNum	shape	dist	td_dif	resp	resp_key	d_loc	t_loc	gotKey	startTime	respTime	resp	fix_loc	prac
13	sm	f	18	7	diamond	green	same	hori	left	(415, 480)	(512, 520)	True	153348	154633	left	(512, 384)	testing
13	sm	f	18	7	circle	green	dif	hori	left	(648, 384)	(608, 287)	True	155719	156672	left	(512, 384)	testing
13	sm	f	18	7	circle	none	dif	vert	up	N_dis	(648, 384)	True	157815	158541	up	(512, 384)	testing
13	sm	f	18	7	circle	none	dif	hori	left	N_dis	(415, 480)	True	159805	160437	left	(512, 384)	testing
13	sm	f	18	7	circle	none	same	vert	up	N_dis	(376, 384)	True	161465	162545	up	(512, 384)	testing
13	sm	f	18	7	diamond	red	dif	vert	up	(512, 248)	(415, 287)	True	163744	165111	up	(512, 384)	testing
13	sm	f	18	7	diamond	green	dif	vert	up	(512, 248)	(608, 480)	True	166359	167085	up	(512, 384)	testing
13	sm	f	18	7	diamond	red	dif	hori	left	(512, 248)	(415, 287)	True	168203	169181	left	(512, 384)	testing
13	sm	f	18	7	diamond	green	dif	hori	left	(512, 248)	(608, 287)	True	170397	171172	left	(512, 384)	testing
13	sm	f	18	7	diamond	none	dif	hori	left	N_dis	(415, 287)	True	172210	173177	left	(512, 384)	testing
13	sm	f	18	7	diamond	red	same	vert	up	(512, 248)	(648, 384)	True	174227	175005	up	(512, 384)	testing
13	sm	f	18	7	diamond	none	dif	hori	left	N_dis	(512, 520)	True	176206	177105	left	(512, 384)	testing
13	sm	f	18	7	circle	green	dif	vert	up	(512, 248)	(415, 480)	True	178314	179495	up	(512, 384)	testing
13	sm	f	18	7	diamond	none	dif	vert	up	N_dis	(512, 520)	True	180717	182096	up	(512, 384)	testing
13	sm	f	18	7	diamond	red	same	hori	left	(512, 248)	(415, 480)	True	183291	184405	left	(512, 384)	testing
13	sm	f	18	7	diamond	none	same	hori	left	N_dis	(376, 384)	True	185456	186292	left	(512, 384)	testing
13	sm	f	18	7	diamond	green	dif	vert	up	(512, 248)	(376, 384)	True	187340	188249	up	(512, 384)	testing
13	sm	f	18	7	diamond	none	dif	vert	up	N_dis	(648, 384)	True	189317	190098	up	(512, 384)	testing
13	sm	f	18	7	diamond	none	same	hori	left	N_dis	(415, 287)	True	191233	192272	left	(512, 384)	testing
13	sm	f	18	7	diamond	green	same	hori	left	(512, 248)	(608, 480)	True	193460	194351	left	(512, 384)	testing
13	sm	f	18	7	circle	green	same	hori	left	(512, 248)	(608, 287)	True	195563	196440	left	(512, 384)	testing
13	sm	f	18	7	diamond	green	same	vert	up	(512, 248)	(376, 384)	True	197552	198442	up	(512, 384)	testing
13	sm	f	18	7	circle	red	dif	hori	left	(648, 384)	(608, 480)	True	199666	200718	left	(512, 384)	testing
13	sm	f	18	7	circle	red	dif	vert	up	(512, 248)	(648, 384)	True	201784	202680	up	(512, 384)	testing
13	sm	f	18	7	diamond	red	dif	hori	left	(512, 248)	(376, 384)	True	203780	204518	left	(512, 384)	testing
13	sm	f	18	7	circle	green	same	vert	up	(415, 287)	(376, 384)	True	205563	207087	up	(512, 384)	testing
13	sm	f	18	7	circle	green	dif	hori	left	(512, 248)	(608, 480)	True	208254	208956	left	(512, 384)	testing
13	sm	f	18	7	circle	none	dif	vert	up	N_dis	(608, 480)	True	210217	211055	up	(512, 384)	testing
13	sm	f	18	7	diamond	none	same	vert	up	N_dis	(415, 480)	True	212312	213006	up	(512, 384)	testing
13	sm	f	18	7	circle	green	same	vert	up	(512, 248)	(415, 480)	True	214064	214963	up	(512, 384)	testing
13	sm	f	18	7	diamond	none	dif	hori	left	N_dis	(608, 480)	True	216019	216969	left	(512, 384)	testing
13	sm	f	18	7	circle	none	dif	hori	left	N_dis	(415, 480)	True	218036	219058	left	(512, 384)	testing
13	sm	f	18	7	circle	none	same	hori	left	N_dis	(415, 287)	True	220320	221098	left	(512, 384)	testing
13	sm	f	18	7	diamond	none	dif	hori	left	N_dis	(512, 248)	True	222239	222999	left	(512, 384)	testing
13	sm	f	18	7	diamond	red	dif	vert	up	(512, 248)	(512, 520)	True	224148	224981	up	(512, 384)	testing
13	sm	f	18	7	circle	green	dif	vert	up	(512, 248)	(648, 384)	True	226043	227228	up	(512, 384)	testing
13	sm	f	18	7	diamond	none	dif	vert	up	N_dis	(512, 248)	True	228350	229183	up	(512, 384)	testing
13	sm	f	18	7	diamond	green	same	vert	up	(512, 248)	(512, 520)	True	230280	231043	up	(512, 384)	testing
13	sm	f	18	7	diamond	red	same	hori	left	(512, 248)	(512, 520)	True	232206	232858	left	(512, 384)	testing
13	sm	f	18	7	circle	red	same	hori	left	(512, 248)	(415, 287)	True	234103	235310	left	(512, 384)	testing
13	sm	f	18	7	circle	red	dif	hori	left	(512, 248)	(376, 384)	True	236517	237230	left	(512, 384)	testing
13	sm	f	18	7	circle	red	dif	vert	up	(512, 248)	(415, 287)	True	238491	239272	up	(512, 384)	testing
13	sm	f	18	7	circle	red	dif	hori	left	(512, 248)	(415, 287)	True	240501	241380	left	(512, 384)	testing
13	sm	f	18	7	diamond	red	same	vert	up	(415, 480)	(376, 384)	True	242536	243725	up	(512, 384)	testing
13	sm	f	18	7	circle	green	dif	vert	up	(512, 248)	(415, 287)	True	244877	245796	left	(512, 384)	testing
13	sm	f	18	7	diamond	green	dif	vert	up	(648, 384)	(415, 287)	True	248364	249809	up	(512, 384)	testing
13	sm	f	18	7	circle	green	same	hori	left	(608, 480)	(415, 287)	True	250979	252842	left	(512, 384)	testing
13	sm	f	18	7	circle	red	same	hori	left	(512, 248)	(608, 480)	True	254086	254987	left	(512, 384)	testing
13	sm	f	18	7	diamond	none	dif	vert	up	N_dis	(512, 248)	True	256090	256875	up	(512, 384)	testing
13	sm	f	18	7	circle	green	same	vert	up	(608, 480)	(648, 384)	True	258028	258949	up	(512, 384)	testing
13	sm	f	18	7	circle	green	same	hori	left	(376, 384)	(512, 520)	True	260023	261022	left	(512, 384)	testing
13	sm	f	18	7	circle	red	same	vert	up	(512, 248)	(608, 287)	True	262099	263967	up	(512, 384)	testing
13	sm	f	18	7	diamond	none	dif	vert	up	N_dis	(608, 287)	True	265082	266034	up	(512, 384)	testing
13	sm	f	18	7	circle	red	same	vert	up	(512, 520)	(608, 287)	True	267186	268105	up	(512, 384)	testing
13	sm	f	18	7	circle	red	same	vert	up	(512, 248)	(608, 287)	True	269292	270125	up	(512, 384)	testing
13	sm	f	18	7	circle	red	dif	hori	left	(415, 287)	(608, 287)	True	271360	272856	left	(512, 384)	testing
13	sm	f	18	7	diamond	red	same	hori	left	(512, 248)	(608, 287)	True	274039	274884	left	(512, 384)	testing
13	sm	f	18	7	circle	none	same	hori	left	N_dis	(608, 287)	True	275995	277125	left	(512, 384)	testing
13	sm	f	18	7	diamond	red	dif	hori	left	(415, 287)	(376, 384)	True	278303	279233	left	(512, 384)	testing
13	sm	f	18	7	diamond	green	same	hori	left	(512, 248)	(415, 480)	True	280453	281209	left	(512, 384)	testing
13	sm	f	18	7	circle	none	same	vert	up	N_dis	(376, 384)	True	282364	283217	up	(512, 384)	testing
13	sm	f	18	7	circle	none	same	vert	up	N_dis	(415, 287)	True	284326	285120	up	(512, 384)	testing
13	sm	f	18	7	diamond	none	same	vert	up	N_dis	(415, 480)	True	286384	287060	up	(512, 384)	testing
13	sm	f	18	7	diamond	red	same	hori	left	(512, 520)	(415, 287)	True	288206	288918	left	(512, 384)	testing
13	sm	f	18	7	circle	red	same	hori	left	(512, 248)	(415, 480)	True	290082	290704	left	(512, 384)	testing
13	sm	f	18	7	circle	green	same	vert	up	(512, 248)	(648, 384)	True	291773	292391	up	(512, 384)	testing
13	sm	f	18	7	circle	green	dif	hori	left	(512, 248)	(376, 384)	True	293529	294577	left	(512, 384)	testing
13	sm	f	18	7	circle	red	dif	vert	up	(608, 480)	(608, 287)	True	295638	296537	up	(512, 384)	testing
13	sm	f	18	7	circle	none	dif	vert	up	N_dis	(608, 480)	True	297658	298305	up	(512, 384)	testing
13	sm	f	18	7	diamond	none	same	vert	up	N_dis	(608, 480)	True	299542	300594	up	(512, 384)	testing
13	sm	f	18	7	diamond	none	same	hori	left	N_dis	(512, 248)	True	301752	302485	left	(512, 384)	testing
13	sm	f	18	7	diamond	green	dif	hori	left	(608, 480)	(415, 287)	True	303575	304511	left	(512, 384)	testing
13	sm	f	18	7	diamond	none	same	hori	left	N_dis	(608, 287)	True	305739	306376	left	(512, 384)	testing
13	sm	f	18	7	circle	none	same	vert	up	N_dis	(648, 384)	True	307399	308203	up	(512, 384)	testing
13	sm	f	18	7	diamond	green	dif	hori	left	(608, 287)	(376, 384)	True	309292	310223	left	(512, 384)	testing
13	sm	f	18	7	circle	none	dif	hori	left	N_dis	(415, 287)	True	311368	312085	left	(512, 384)	testing
13	sm	f	18	7	circle	green	same	vert	up	(648, 384)	(415, 480)	True	313197	313877	up	(512, 384)	testing
13	sm	f	18	7	circle	none	same	hori	left	N_dis	(512, 248)	True	315119	315786	left	(512, 384)	testing
13	sm	f	18	7	circle	none	same	hori	left	N_dis	(608, 287)	True	316949	317603	left	(512, 384)	testing
13	sm	f	18	7	circle	green	same	hori	left	(512, 248)	(512, 520)	True	318632	319361	left	(512, 384)	testing
13	sm	f	18	7	diamond	red	dif	hori	left	(608, 287)	(376, 384)	True	320575	321275	left	(512, 384)	testing
13	sm	f	18	7	diamond	red	same	hori	left	(512, 248)	(648, 384)	True	322393	323078	left	(512, 384)	testing
13	sm	f	18	7	diamond	none	same	hori	left	N_dis	(512, 520)	True	324315	324885	left	(512, 384)	testing
13	sm	f	18	7	circle	red	dif	hori	left	(512, 248)	(415, 480)	True	326080	326582	left	(512, 384)	testing
13	sm	f	18	7	circle	green	dif	hori	left	(512, 248)	(512, 520)	True	327724	328353	left	(512, 384)	testing
13	sm	f	18	7	circle	green	dif	vert	up	(512, 248)	(512, 520)	True	329445	330633	up	(512, 384)	testing
13	sm	f	18	7	diamond	green	same	vert	up	(512, 520)	(648, 384)	True	331748	332641	up	(512, 384)	testing
13	sm	f	18	7	diamond	green	dif	vert	up	(512, 248)	(376, 384)	True	333671	334464	up	(512, 384)	testing
13	sm	f	18	7	circle	none	same	hori	left	N_dis	(608, 287)	True	335519	336242	left	(512, 384)	testing
13	sm	f	18	7	circle	green	dif	vert	up	(512, 248)	(608, 480)	True	337310	338042	up	(512, 384)	testing
13	sm	f	18	7	diamond	red	dif	hori	left	(512, 248)	(608, 287)	True	339195	340001	left	(512, 384)	testing
13	sm	f	18	7	circle	red	same	hori	left	(608, 287)	(648, 384)	True	341158	341882	left	(512, 384)	testing
13	sm	f	18	7	diamond	red	dif	vert	up	(512, 248)	(648, 384)	True	342976	344111	up	(512, 384)	testing
13	sm	f	18	7	circle	none	dif	vert	up	N_dis	(608, 480)	True	345190	346199	up	(512, 384)	testing
13	sm	f	18	7	circle	none	dif	vert	up	N_dis	(376, 384)	True	347412	349383	up	(512, 384)	testing
13	sm	f	18	7	diamond	none	dif	hori	left	N_dis	(512, 520)	True	350604	351706	left	(512, 384)	testing
13	sm	f	18	7	circle	red	same	vert	up	(512, 248)	(608, 287)	True	352781	353756	up	(512, 384)	testing
13	sm	f	18	7	diamond	green	dif	hori	left	(512, 248)	(512, 520)	True	354881	355896	left	(512, 384)	testing
13	sm	f	18	7	circle	red	same	hori	left	(415, 480)	(376, 384)	True	357106	358041	left	(512, 384)	testing
13	sm	f	18	7	circle	none	same	vert	up	N_dis	(512, 520)	True	359266	359964	up	(512, 384)	testing
13	sm	f	18	7	diamond	green	dif	hori	left	(415, 480)	(608, 480)	True	361048	362208	left	(512, 384)	testing
13	sm	f	18	7	diamond	red	dif	vert	up	(376, 384)	(648, 384)	True	363395	364100	up	(512, 384)	testing
13	sm	f	18	7	diamond	red	same	vert	up	(512, 248)	(608, 480)	True	365216	366076	up	(512, 384)	testing
13	sm	f	18	7	circle	green	dif	hori	left	(376, 384)	(608, 480)	True	367129	368210	left	(512, 384)	testing
13	sm	f	18	7	circle	none	dif	hori	left	N_dis	(648, 384)	True	369349	369965	left	(512, 384)	testing
13	sm	f	18	7	circle	red	dif	vert	up	(512, 248)	(608, 480)	True	371024	371753	up	(512, 384)	testing
13	sm	f	18	7	diamond	red	same	vert	up	(512, 248)	(415, 480)	True	372953	373682	up	(512, 384)	testing
13	sm	f	18	7	diamond	green	same	hori	left	(512, 248)	(512, 520)	True	374949	375965	left	(512, 384)	testing
13	sm	f	18	7	diamond	green	same	vert	up	(512, 520)	(608, 287)	True	377010	377939	up	(512, 384)	testing
13	sm	f	18	7	circle	red	same	vert	up	(512, 248)	(512, 520)	True	379022	380135	up	(512, 384)	testing
13	sm	f	18	7	diamond	green	same	hori	left	(376, 384)	(415, 287)	True	381256	382427	left	(512, 384)	testing
13	sm	f	18	7	circle	red	dif	vert	up	(415, 287)	(648, 384)	True	383670	384427	up	(512, 384)	testing
13	sm	f	18	7	diamond	none	same	vert	up	N_dis	(376, 384)	True	385517	386401	up	(512, 384)	testing
13	sm	f	18	7	diamond	red	same	vert	up	(512, 248)	(376, 384)	True	387497	388178	up	(512, 384)	testing
13	sm	f	18	7	diamond	red	dif	vert	up	(512, 248)	(415, 287)	True	389364	390281	up	(512, 384)	testing
13	sm	f	18	7	circle	green	same	hori	left	(512, 248)	(648, 384)	True	391381	392055	left	(512, 384)	testing
13	sm	f	18	7	circle	none	dif	hori	left	N_dis	(648, 384)	True	393173	393941	left	(512, 384)	testing
13	sm	f	18	7	diamond	green	dif	vert	up	(608, 287)	(512, 520)	True	395196	396046	up	(512, 384)	testing
13	sm	f	18	7	diamond	green	same	vert	up	(512, 248)	(512, 520)	True	397216	397830	up	(512, 384)	testing
13	sm	f	18	7	diamond	none	same	vert	up	N_dis	(415, 480)	True	399017	400063	up	(512, 384)	testing
