subj	name	gender	age	runNum	shape	dist	td_dif	resp	resp_key	d_loc	t_loc	gotKey	startTime	respTime	resp	fix_loc	prac
13	sm	f	18	2	circle	green	dif	vert	up	(376, 384)	(608, 480)	True	23768	25092	up	(512, 384)	testing
13	sm	f	18	2	circle	red	dif	hori	left	(376, 384)	(512, 248)	True	26357	27619	left	(512, 384)	testing
13	sm	f	18	2	circle	red	dif	hori	left	(376, 384)	(415, 287)	True	28861	30095	left	(512, 384)	testing
13	sm	f	18	2	diamond	red	dif	hori	left	(376, 384)	(648, 384)	True	31215	32086	left	(512, 384)	testing
13	sm	f	18	2	diamond	none	dif	vert	up	N_dis	(376, 384)	True	33219	34178	up	(512, 384)	testing
13	sm	f	18	2	circle	green	dif	hori	left	(512, 248)	(608, 480)	True	35376	36336	left	(512, 384)	testing
13	sm	f	18	2	circle	none	dif	vert	up	N_dis	(608, 287)	True	37431	38517	left	(512, 384)	testing
13	sm	f	18	2	circle	green	same	vert	up	(376, 384)	(415, 480)	True	41265	44086	up	(512, 384)	testing
13	sm	f	18	2	circle	none	dif	vert	up	N_dis	(415, 287)	True	45113	46453	up	(512, 384)	testing
13	sm	f	18	2	diamond	green	same	vert	up	(376, 384)	(512, 248)	True	47505	48665	up	(512, 384)	testing
13	sm	f	18	2	diamond	red	same	vert	up	(648, 384)	(415, 287)	True	49916	51795	up	(512, 384)	testing
13	sm	f	18	2	circle	none	same	hori	left	N_dis	(512, 248)	True	52976	54111	left	(512, 384)	testing
13	sm	f	18	2	circle	green	dif	vert	up	(376, 384)	(608, 480)	True	55154	56840	up	(512, 384)	testing
13	sm	f	18	2	diamond	none	dif	hori	left	N_dis	(415, 480)	True	58031	59779	left	(512, 384)	testing
13	sm	f	18	2	diamond	red	dif	vert	up	(376, 384)	(415, 480)	True	60978	62012	up	(512, 384)	testing
13	sm	f	18	2	circle	none	dif	hori	left	N_dis	(512, 248)	True	63142	64207	left	(512, 384)	testing
13	sm	f	18	2	circle	none	same	vert	up	N_dis	(512, 520)	True	65386	66782	up	(512, 384)	testing
13	sm	f	18	2	circle	green	dif	vert	up	(376, 384)	(608, 480)	True	67856	68996	up	(512, 384)	testing
13	sm	f	18	2	circle	green	dif	hori	left	(415, 480)	(512, 520)	True	70159	71659	left	(512, 384)	testing
13	sm	f	18	2	diamond	red	same	vert	up	(376, 384)	(608, 480)	True	72895	74077	up	(512, 384)	testing
13	sm	f	18	2	diamond	none	dif	vert	up	N_dis	(648, 384)	True	75323	76646	up	(512, 384)	testing
13	sm	f	18	2	circle	green	dif	hori	left	(376, 384)	(648, 384)	True	77705	79000	left	(512, 384)	testing
13	sm	f	18	2	circle	none	dif	vert	up	N_dis	(376, 384)	True	80096	80944	up	(512, 384)	testing
13	sm	f	18	2	diamond	green	dif	vert	up	(648, 384)	(415, 480)	True	82144	83449	up	(512, 384)	testing
13	sm	f	18	2	diamond	red	dif	vert	up	(376, 384)	(648, 384)	True	84638	85607	up	(512, 384)	testing
13	sm	f	18	2	diamond	green	same	hori	left	(376, 384)	(415, 480)	True	86661	87530	left	(512, 384)	testing
13	sm	f	18	2	diamond	green	same	vert	up	(512, 520)	(648, 384)	True	88772	89912	up	(512, 384)	testing
13	sm	f	18	2	diamond	none	dif	hori	left	N_dis	(512, 520)	True	91056	92537	left	(512, 384)	testing
13	sm	f	18	2	circle	red	dif	hori	left	(648, 384)	(608, 480)	True	93684	95282	left	(512, 384)	testing
13	sm	f	18	2	diamond	green	same	hori	left	(376, 384)	(608, 287)	True	96470	97360	left	(512, 384)	testing
13	sm	f	18	2	circle	green	dif	hori	left	(415, 480)	(608, 480)	True	98586	99585	left	(512, 384)	testing
13	sm	f	18	2	diamond	red	same	hori	left	(608, 287)	(512, 248)	True	100641	102109	left	(512, 384)	testing
13	sm	f	18	2	circle	red	same	hori	left	(376, 384)	(512, 520)	True	103216	105402	left	(512, 384)	testing
13	sm	f	18	2	circle	none	same	vert	up	N_dis	(608, 480)	True	106619	108620	up	(512, 384)	testing
13	sm	f	18	2	circle	none	same	vert	up	N_dis	(415, 287)	True	109732	111728	up	(512, 384)	testing
13	sm	f	18	2	circle	green	same	vert	up	(376, 384)	(512, 248)	True	112846	114347	up	(512, 384)	testing
13	sm	f	18	2	circle	red	same	vert	up	(376, 384)	(512, 520)	True	115466	116678	up	(512, 384)	testing
13	sm	f	18	2	diamond	none	dif	hori	left	N_dis	(415, 480)	True	117790	118901	left	(512, 384)	testing
13	sm	f	18	2	diamond	red	same	vert	up	(376, 384)	(415, 287)	True	120073	121120	up	(512, 384)	testing
13	sm	f	18	2	circle	none	same	hori	left	N_dis	(415, 287)	True	122326	123771	left	(512, 384)	testing
13	sm	f	18	2	diamond	none	dif	vert	up	N_dis	(608, 480)	True	124802	125783	up	(512, 384)	testing
13	sm	f	18	2	circle	green	same	vert	up	(608, 480)	(415, 287)	True	126860	128142	up	(512, 384)	testing
13	sm	f	18	2	diamond	none	same	vert	up	N_dis	(608, 287)	True	129177	131098	up	(512, 384)	testing
13	sm	f	18	2	diamond	none	same	hori	left	N_dis	(608, 287)	True	132228	133413	left	(512, 384)	testing
13	sm	f	18	2	circle	green	same	vert	up	(376, 384)	(512, 520)	True	134621	136515	up	(512, 384)	testing
13	sm	f	18	2	diamond	none	same	vert	up	N_dis	(415, 480)	True	137662	139334	up	(512, 384)	testing
13	sm	f	18	2	diamond	red	dif	vert	up	(376, 384)	(648, 384)	True	140605	141565	up	(512, 384)	testing
13	sm	f	18	2	circle	none	dif	hori	left	N_dis	(512, 520)	True	142780	143774	left	(512, 384)	testing
13	sm	f	18	2	circle	green	same	hori	left	(376, 384)	(512, 248)	True	144975	146935	left	(512, 384)	testing
13	sm	f	18	2	circle	red	same	vert	up	(512, 248)	(512, 520)	True	147973	149994	up	(512, 384)	testing
13	sm	f	18	2	circle	green	dif	hori	left	(608, 480)	(608, 287)	True	151194	152639	left	(512, 384)	testing
13	sm	f	18	2	circle	none	same	vert	up	N_dis	(376, 384)	True	153874	155656	up	(512, 384)	testing
13	sm	f	18	2	circle	red	dif	vert	up	(415, 287)	(648, 384)	True	156820	157881	up	(512, 384)	testing
13	sm	f	18	2	circle	none	dif	hori	left	N_dis	(608, 287)	True	159151	160060	left	(512, 384)	testing
13	sm	f	18	2	diamond	red	dif	hori	left	(415, 287)	(415, 480)	True	161177	162140	left	(512, 384)	testing
13	sm	f	18	2	diamond	red	dif	vert	up	(376, 384)	(512, 248)	True	163393	164584	up	(512, 384)	testing
13	sm	f	18	2	diamond	none	dif	hori	left	N_dis	(415, 287)	True	165767	166823	left	(512, 384)	testing
13	sm	f	18	2	diamond	none	same	hori	left	N_dis	(648, 384)	True	167888	168841	left	(512, 384)	testing
13	sm	f	18	2	diamond	green	dif	hori	left	(415, 480)	(512, 520)	True	169965	171622	left	(512, 384)	testing
13	sm	f	18	2	diamond	green	dif	vert	up	(376, 384)	(415, 480)	True	172807	174490	up	(512, 384)	testing
13	sm	f	18	2	circle	green	same	hori	left	(512, 248)	(648, 384)	True	175525	177119	left	(512, 384)	testing
13	sm	f	18	2	diamond	red	dif	hori	left	(376, 384)	(415, 287)	True	178172	179637	left	(512, 384)	testing
13	sm	f	18	2	circle	green	dif	vert	up	(512, 520)	(415, 287)	True	180743	182635	up	(512, 384)	testing
13	sm	f	18	2	circle	red	dif	hori	left	(415, 287)	(648, 384)	True	183676	184716	left	(512, 384)	testing
13	sm	f	18	2	diamond	green	dif	vert	up	(512, 520)	(512, 248)	True	185945	187406	up	(512, 384)	testing
13	sm	f	18	2	circle	red	same	hori	left	(376, 384)	(608, 287)	True	188590	189664	left	(512, 384)	testing
13	sm	f	18	2	circle	red	dif	hori	left	(608, 480)	(415, 287)	True	190906	192193	left	(512, 384)	testing
13	sm	f	18	2	circle	green	dif	vert	up	(376, 384)	(415, 287)	True	193390	194533	up	(512, 384)	testing
13	sm	f	18	2	diamond	green	dif	hori	left	(376, 384)	(415, 287)	True	195653	196910	left	(512, 384)	testing
13	sm	f	18	2	diamond	green	dif	hori	left	(376, 384)	(512, 520)	True	198124	199026	left	(512, 384)	testing
13	sm	f	18	2	circle	red	same	vert	up	(512, 248)	(608, 480)	True	200122	201151	up	(512, 384)	testing
13	sm	f	18	2	diamond	green	same	vert	up	(512, 520)	(608, 480)	True	202237	203726	up	(512, 384)	testing
13	sm	f	18	2	diamond	none	dif	hori	left	N_dis	(648, 384)	True	204907	206527	left	(512, 384)	testing
13	sm	f	18	2	circle	red	dif	vert	up	(608, 480)	(415, 480)	True	207704	209060	up	(512, 384)	testing
13	sm	f	18	2	diamond	green	dif	hori	left	(376, 384)	(512, 248)	True	210221	211045	left	(512, 384)	testing
13	sm	f	18	2	diamond	none	same	vert	up	N_dis	(376, 384)	True	212238	213283	up	(512, 384)	testing
13	sm	f	18	2	diamond	red	same	vert	up	(376, 384)	(648, 384)	True	214328	215251	up	(512, 384)	testing
13	sm	f	18	2	diamond	green	dif	vert	up	(608, 287)	(512, 248)	True	216514	218296	up	(512, 384)	testing
13	sm	f	18	2	circle	green	same	vert	up	(376, 384)	(608, 287)	True	219500	221082	up	(512, 384)	testing
13	sm	f	18	2	diamond	red	dif	hori	left	(608, 287)	(512, 248)	True	222145	223111	left	(512, 384)	testing
13	sm	f	18	2	circle	red	dif	vert	up	(376, 384)	(648, 384)	True	224151	225635	up	(512, 384)	testing
13	sm	f	18	2	circle	none	dif	hori	left	N_dis	(608, 480)	True	226728	227635	left	(512, 384)	testing
13	sm	f	18	2	diamond	none	same	hori	left	N_dis	(648, 384)	True	228874	230156	left	(512, 384)	testing
13	sm	f	18	2	diamond	green	same	hori	left	(376, 384)	(608, 480)	True	231337	232428	left	(512, 384)	testing
13	sm	f	18	2	circle	red	same	hori	left	(376, 384)	(608, 287)	True	233682	235524	left	(512, 384)	testing
13	sm	f	18	2	diamond	green	same	hori	left	(376, 384)	(512, 248)	True	236635	238431	left	(512, 384)	testing
13	sm	f	18	2	circle	red	dif	vert	up	(376, 384)	(608, 480)	True	239489	240337	up	(512, 384)	testing
13	sm	f	18	2	diamond	red	same	hori	left	(376, 384)	(608, 287)	True	241487	242271	left	(512, 384)	testing
13	sm	f	18	2	diamond	green	same	vert	up	(376, 384)	(415, 480)	True	243350	244428	up	(512, 384)	testing
13	sm	f	18	2	circle	none	dif	vert	up	N_dis	(648, 384)	True	245615	247285	up	(512, 384)	testing
13	sm	f	18	2	diamond	green	dif	hori	left	(376, 384)	(512, 520)	True	248429	249906	left	(512, 384)	testing
13	sm	f	18	2	diamond	red	dif	hori	left	(376, 384)	(415, 480)	True	250944	252117	left	(512, 384)	testing
13	sm	f	18	2	diamond	none	same	hori	left	N_dis	(512, 248)	True	253268	254171	left	(512, 384)	testing
13	sm	f	18	2	circle	none	same	hori	left	N_dis	(512, 520)	True	255421	257556	left	(512, 384)	testing
13	sm	f	18	2	circle	none	same	hori	left	N_dis	(512, 248)	True	258710	260335	left	(512, 384)	testing
13	sm	f	18	2	diamond	red	same	vert	up	(415, 480)	(512, 248)	True	261472	262974	up	(512, 384)	testing
13	sm	f	18	2	diamond	red	same	hori	left	(376, 384)	(512, 520)	True	264236	265354	left	(512, 384)	testing
13	sm	f	18	2	circle	red	same	vert	up	(376, 384)	(608, 287)	True	266472	268330	up	(512, 384)	testing
13	sm	f	18	2	circle	green	same	hori	left	(376, 384)	(415, 287)	True	269501	272347	left	(512, 384)	testing
13	sm	f	18	2	circle	none	dif	vert	up	N_dis	(415, 480)	True	273527	275114	up	(512, 384)	testing
13	sm	f	18	2	diamond	red	same	hori	left	(376, 384)	(415, 480)	True	276348	278076	left	(512, 384)	testing
13	sm	f	18	2	diamond	green	same	vert	up	(376, 384)	(608, 480)	True	279245	280295	up	(512, 384)	testing
13	sm	f	18	2	circle	none	same	hori	left	N_dis	(415, 480)	True	281544	282460	left	(512, 384)	testing
13	sm	f	18	2	diamond	none	same	vert	up	N_dis	(415, 287)	True	283531	284386	up	(512, 384)	testing
13	sm	f	18	2	circle	red	same	vert	up	(608, 287)	(415, 287)	True	285580	288197	up	(512, 384)	testing
13	sm	f	18	2	circle	red	dif	vert	up	(376, 384)	(608, 287)	True	289466	290661	up	(512, 384)	testing
13	sm	f	18	2	diamond	none	same	hori	left	N_dis	(376, 384)	True	291861	292672	left	(512, 384)	testing
13	sm	f	18	2	diamond	none	same	vert	up	N_dis	(608, 287)	True	293804	294667	up	(512, 384)	testing
13	sm	f	18	2	circle	red	same	hori	left	(376, 384)	(512, 520)	True	295876	297020	left	(512, 384)	testing
13	sm	f	18	2	diamond	none	dif	vert	up	N_dis	(512, 248)	True	298135	299177	up	(512, 384)	testing
13	sm	f	18	2	circle	none	dif	hori	left	N_dis	(512, 520)	True	300213	301395	left	(512, 384)	testing
13	sm	f	18	2	diamond	red	same	hori	left	(376, 384)	(648, 384)	True	302493	303755	left	(512, 384)	testing
13	sm	f	18	2	diamond	none	dif	vert	up	N_dis	(608, 480)	True	305001	306299	up	(512, 384)	testing
13	sm	f	18	2	diamond	green	same	hori	left	(376, 384)	(415, 287)	True	307408	308420	left	(512, 384)	testing
13	sm	f	18	2	circle	red	same	hori	left	(376, 384)	(648, 384)	True	309667	310985	left	(512, 384)	testing
13	sm	f	18	2	circle	green	same	hori	left	(376, 384)	(648, 384)	True	312103	314323	left	(512, 384)	testing
13	sm	f	18	2	diamond	red	dif	vert	up	(648, 384)	(608, 480)	True	315468	316952	up	(512, 384)	testing
13	sm	f	18	2	circle	green	same	hori	left	(376, 384)	(648, 384)	True	318133	320054	left	(512, 384)	testing
13	sm	f	18	2	circle	none	same	vert	up	N_dis	(608, 480)	True	321165	322117	up	(512, 384)	testing
13	sm	f	18	2	diamond	green	dif	vert	up	(415, 287)	(512, 248)	True	323355	324267	up	(512, 384)	testing
