subj	name	gender	age	runNum	shape	dist	td_dif	resp	resp_key	d_loc	t_loc	gotKey	startTime	respTime	resp	fix_loc	prac
14	hx	m	21	6	circle	green	dif	vert	up	(512, 520)	(376, 384)	True	13901	14762	up	(512, 384)	testing
14	hx	m	21	6	diamond	none	same	hori	left	N_dis	(415, 480)	True	16031	16767	left	(512, 384)	testing
14	hx	m	21	6	circle	red	same	hori	left	(648, 384)	(415, 287)	True	17938	18611	left	(512, 384)	testing
14	hx	m	21	6	diamond	red	same	hori	left	(648, 384)	(608, 480)	True	19863	20707	left	(512, 384)	testing
14	hx	m	21	6	diamond	green	same	hori	left	(415, 480)	(512, 248)	True	21928	22616	left	(512, 384)	testing
14	hx	m	21	6	circle	red	same	vert	up	(648, 384)	(608, 287)	True	23721	24438	up	(512, 384)	testing
14	hx	m	21	6	circle	none	dif	hori	left	N_dis	(512, 248)	True	25484	26617	left	(512, 384)	testing
14	hx	m	21	6	diamond	green	dif	hori	left	(608, 480)	(608, 287)	True	27755	28449	left	(512, 384)	testing
14	hx	m	21	6	diamond	green	same	hori	left	(648, 384)	(376, 384)	True	29647	30448	left	(512, 384)	testing
14	hx	m	21	6	diamond	green	same	hori	left	(648, 384)	(608, 480)	True	31517	32354	left	(512, 384)	testing
14	hx	m	21	6	diamond	none	dif	hori	left	N_dis	(608, 287)	True	33607	34255	left	(512, 384)	testing
14	hx	m	21	6	circle	green	dif	hori	left	(376, 384)	(415, 480)	True	35461	36501	left	(512, 384)	testing
14	hx	m	21	6	circle	none	dif	vert	up	N_dis	(512, 520)	True	37547	38452	up	(512, 384)	testing
14	hx	m	21	6	circle	green	same	hori	left	(648, 384)	(415, 480)	True	39702	40839	left	(512, 384)	testing
14	hx	m	21	6	circle	red	same	hori	left	(648, 384)	(512, 520)	True	42105	42828	left	(512, 384)	testing
14	hx	m	21	6	circle	none	dif	vert	up	N_dis	(415, 480)	True	43906	44713	up	(512, 384)	testing
14	hx	m	21	6	circle	none	same	hori	left	N_dis	(415, 480)	True	45838	46656	left	(512, 384)	testing
14	hx	m	21	6	diamond	green	same	hori	left	(648, 384)	(376, 384)	True	47790	48590	left	(512, 384)	testing
14	hx	m	21	6	diamond	none	dif	hori	left	N_dis	(512, 248)	True	49821	50709	left	(512, 384)	testing
14	hx	m	21	6	circle	none	same	vert	up	N_dis	(376, 384)	True	51776	52769	up	(512, 384)	testing
14	hx	m	21	6	circle	green	same	hori	left	(512, 248)	(415, 287)	True	53951	55607	left	(512, 384)	testing
14	hx	m	21	6	diamond	none	same	vert	up	N_dis	(512, 520)	True	56711	57590	up	(512, 384)	testing
14	hx	m	21	6	diamond	none	dif	vert	up	N_dis	(608, 480)	True	58833	60133	up	(512, 384)	testing
14	hx	m	21	6	circle	none	dif	vert	up	N_dis	(648, 384)	True	61237	62083	up	(512, 384)	testing
14	hx	m	21	6	circle	none	dif	hori	left	N_dis	(376, 384)	True	63144	63955	left	(512, 384)	testing
14	hx	m	21	6	circle	red	dif	hori	left	(648, 384)	(608, 287)	True	65170	66111	left	(512, 384)	testing
14	hx	m	21	6	diamond	none	dif	hori	left	N_dis	(376, 384)	True	67216	67977	left	(512, 384)	testing
14	hx	m	21	6	circle	red	dif	vert	up	(648, 384)	(512, 248)	True	69109	70616	up	(512, 384)	testing
14	hx	m	21	6	circle	green	same	hori	left	(648, 384)	(376, 384)	True	71850	72675	left	(512, 384)	testing
14	hx	m	21	6	circle	none	dif	hori	left	N_dis	(512, 520)	True	73895	74752	left	(512, 384)	testing
14	hx	m	21	6	circle	none	same	vert	up	N_dis	(608, 287)	True	75955	76718	up	(512, 384)	testing
14	hx	m	21	6	diamond	none	same	vert	up	N_dis	(376, 384)	True	77963	79059	up	(512, 384)	testing
14	hx	m	21	6	diamond	red	dif	hori	left	(648, 384)	(415, 480)	True	80159	81079	left	(512, 384)	testing
14	hx	m	21	6	circle	red	dif	hori	left	(376, 384)	(415, 287)	True	82219	83223	left	(512, 384)	testing
14	hx	m	21	6	diamond	none	same	hori	left	N_dis	(648, 384)	True	84292	85234	left	(512, 384)	testing
14	hx	m	21	6	diamond	green	dif	vert	up	(648, 384)	(608, 287)	True	86392	87372	up	(512, 384)	testing
14	hx	m	21	6	diamond	red	same	hori	left	(415, 287)	(512, 248)	True	88556	89788	left	(512, 384)	testing
14	hx	m	21	6	diamond	red	same	hori	left	(648, 384)	(512, 520)	True	90832	91828	left	(512, 384)	testing
14	hx	m	21	6	circle	green	same	vert	up	(648, 384)	(608, 480)	True	92941	94655	up	(512, 384)	testing
14	hx	m	21	6	diamond	green	same	hori	left	(608, 480)	(608, 287)	True	95707	96982	left	(512, 384)	testing
14	hx	m	21	6	diamond	green	dif	hori	left	(415, 287)	(415, 480)	True	98144	99263	left	(512, 384)	testing
14	hx	m	21	6	diamond	red	same	vert	up	(648, 384)	(415, 480)	True	100474	101426	up	(512, 384)	testing
14	hx	m	21	6	diamond	red	dif	vert	up	(376, 384)	(415, 287)	True	102669	103748	up	(512, 384)	testing
14	hx	m	21	6	circle	red	dif	hori	left	(415, 480)	(608, 480)	True	104832	105922	left	(512, 384)	testing
14	hx	m	21	6	diamond	green	same	vert	up	(648, 384)	(608, 287)	True	107007	108089	up	(512, 384)	testing
14	hx	m	21	6	circle	red	dif	hori	left	(648, 384)	(376, 384)	True	109308	110580	left	(512, 384)	testing
14	hx	m	21	6	diamond	red	dif	hori	left	(648, 384)	(376, 384)	True	111608	113510	left	(512, 384)	testing
14	hx	m	21	6	circle	none	same	hori	left	N_dis	(512, 520)	True	114573	115904	left	(512, 384)	testing
14	hx	m	21	6	circle	none	same	hori	left	N_dis	(608, 480)	True	117027	118011	left	(512, 384)	testing
14	hx	m	21	6	diamond	red	same	vert	up	(648, 384)	(512, 248)	True	119199	120285	up	(512, 384)	testing
14	hx	m	21	6	diamond	none	same	hori	left	N_dis	(608, 480)	True	121390	122302	left	(512, 384)	testing
14	hx	m	21	6	diamond	green	same	vert	up	(415, 480)	(415, 287)	True	123540	125114	up	(512, 384)	testing
14	hx	m	21	6	diamond	green	dif	hori	left	(648, 384)	(512, 520)	True	126298	127236	left	(512, 384)	testing
14	hx	m	21	6	circle	none	dif	hori	left	N_dis	(608, 480)	True	128415	129878	left	(512, 384)	testing
14	hx	m	21	6	circle	green	dif	vert	up	(376, 384)	(512, 248)	True	130984	132540	up	(512, 384)	testing
14	hx	m	21	6	circle	none	dif	vert	up	N_dis	(415, 287)	True	133782	134944	up	(512, 384)	testing
14	hx	m	21	6	circle	none	dif	hori	left	N_dis	(648, 384)	True	135971	136987	left	(512, 384)	testing
14	hx	m	21	6	diamond	none	same	vert	up	N_dis	(608, 287)	True	138238	139420	up	(512, 384)	testing
14	hx	m	21	6	diamond	green	dif	vert	up	(648, 384)	(512, 248)	True	140653	141557	up	(512, 384)	testing
14	hx	m	21	6	diamond	red	dif	vert	up	(648, 384)	(512, 248)	True	142799	143645	up	(512, 384)	testing
14	hx	m	21	6	diamond	green	dif	hori	left	(648, 384)	(415, 480)	True	144747	146042	left	(512, 384)	testing
14	hx	m	21	6	diamond	none	same	vert	up	N_dis	(648, 384)	True	147161	147966	up	(512, 384)	testing
14	hx	m	21	6	diamond	green	dif	hori	left	(648, 384)	(608, 287)	True	149027	149883	left	(512, 384)	testing
14	hx	m	21	6	diamond	none	dif	vert	up	N_dis	(376, 384)	True	150956	151987	up	(512, 384)	testing
14	hx	m	21	6	circle	none	same	vert	up	N_dis	(608, 287)	True	153198	154412	up	(512, 384)	testing
14	hx	m	21	6	circle	none	same	hori	left	N_dis	(415, 287)	True	155613	156311	left	(512, 384)	testing
14	hx	m	21	6	diamond	none	same	hori	left	N_dis	(512, 248)	True	157412	158999	left	(512, 384)	testing
14	hx	m	21	6	circle	red	same	vert	up	(608, 287)	(608, 480)	True	160170	161406	up	(512, 384)	testing
14	hx	m	21	6	circle	green	same	vert	up	(512, 248)	(376, 384)	True	162632	163554	left	(512, 384)	testing
14	hx	m	21	6	diamond	green	dif	vert	up	(608, 480)	(376, 384)	True	166316	167319	up	(512, 384)	testing
14	hx	m	21	6	circle	red	dif	vert	up	(648, 384)	(415, 287)	True	168466	170179	up	(512, 384)	testing
14	hx	m	21	6	diamond	red	dif	vert	up	(648, 384)	(376, 384)	True	171432	172505	up	(512, 384)	testing
14	hx	m	21	6	circle	red	same	vert	up	(648, 384)	(608, 480)	True	173529	175669	up	(512, 384)	testing
14	hx	m	21	6	circle	none	same	hori	left	N_dis	(415, 287)	True	176904	177908	left	(512, 384)	testing
14	hx	m	21	6	diamond	red	dif	hori	left	(415, 480)	(608, 287)	True	179013	180275	left	(512, 384)	testing
14	hx	m	21	6	circle	red	same	hori	left	(648, 384)	(376, 384)	True	181513	182404	left	(512, 384)	testing
14	hx	m	21	6	circle	green	dif	hori	left	(648, 384)	(415, 480)	True	183535	184713	left	(512, 384)	testing
14	hx	m	21	6	diamond	red	same	vert	up	(608, 287)	(512, 520)	True	185843	187225	up	(512, 384)	testing
14	hx	m	21	6	diamond	none	dif	vert	up	N_dis	(512, 248)	True	188341	189319	up	(512, 384)	testing
14	hx	m	21	6	circle	red	same	vert	up	(648, 384)	(608, 287)	True	190489	191764	up	(512, 384)	testing
14	hx	m	21	6	circle	none	same	vert	up	N_dis	(512, 520)	True	192792	193806	up	(512, 384)	testing
14	hx	m	21	6	circle	green	same	hori	left	(648, 384)	(376, 384)	True	195013	196279	left	(512, 384)	testing
14	hx	m	21	6	circle	green	same	vert	up	(608, 287)	(512, 520)	True	197357	198456	up	(512, 384)	testing
14	hx	m	21	6	diamond	green	dif	vert	up	(648, 384)	(512, 520)	True	199632	200576	up	(512, 384)	testing
14	hx	m	21	6	circle	red	dif	hori	left	(648, 384)	(608, 480)	True	201690	202901	left	(512, 384)	testing
14	hx	m	21	6	circle	green	same	vert	up	(648, 384)	(415, 287)	True	204123	205176	up	(512, 384)	testing
14	hx	m	21	6	circle	green	dif	hori	left	(608, 287)	(512, 520)	True	206432	207459	left	(512, 384)	testing
14	hx	m	21	6	diamond	none	dif	hori	left	N_dis	(608, 287)	True	208639	209535	left	(512, 384)	testing
14	hx	m	21	6	circle	red	dif	vert	up	(648, 384)	(608, 287)	True	210693	211575	up	(512, 384)	testing
14	hx	m	21	6	circle	red	same	hori	left	(648, 384)	(512, 520)	True	212703	213817	left	(512, 384)	testing
14	hx	m	21	6	diamond	green	same	vert	up	(648, 384)	(512, 248)	True	214952	216123	up	(512, 384)	testing
14	hx	m	21	6	circle	green	dif	vert	up	(648, 384)	(415, 287)	True	217281	218523	up	(512, 384)	testing
14	hx	m	21	6	diamond	none	dif	hori	left	N_dis	(415, 287)	True	219578	221352	left	(512, 384)	testing
14	hx	m	21	6	diamond	none	dif	vert	up	N_dis	(512, 248)	True	222470	223520	up	(512, 384)	testing
14	hx	m	21	6	circle	none	dif	vert	up	N_dis	(648, 384)	True	224576	225680	up	(512, 384)	testing
14	hx	m	21	6	circle	red	same	vert	up	(648, 384)	(415, 287)	True	226825	227702	up	(512, 384)	testing
14	hx	m	21	6	circle	green	dif	hori	left	(512, 248)	(608, 287)	True	228865	230040	left	(512, 384)	testing
14	hx	m	21	6	circle	red	dif	vert	up	(512, 520)	(415, 480)	True	231087	232352	up	(512, 384)	testing
14	hx	m	21	6	circle	none	same	vert	up	N_dis	(415, 480)	True	233429	234494	up	(512, 384)	testing
14	hx	m	21	6	circle	green	dif	vert	up	(648, 384)	(512, 520)	True	235637	236554	up	(512, 384)	testing
14	hx	m	21	6	circle	green	same	hori	left	(512, 520)	(415, 480)	True	237587	238836	left	(512, 384)	testing
14	hx	m	21	6	diamond	red	same	vert	up	(648, 384)	(608, 480)	True	240082	241360	up	(512, 384)	testing
14	hx	m	21	6	circle	red	same	hori	left	(608, 480)	(608, 287)	True	242532	243585	left	(512, 384)	testing
14	hx	m	21	6	circle	green	dif	vert	up	(415, 287)	(608, 480)	True	244799	245621	up	(512, 384)	testing
14	hx	m	21	6	diamond	red	same	hori	left	(648, 384)	(376, 384)	True	246803	247775	left	(512, 384)	testing
14	hx	m	21	6	diamond	green	same	vert	up	(415, 287)	(376, 384)	True	248804	249942	up	(512, 384)	testing
14	hx	m	21	6	circle	green	same	vert	up	(648, 384)	(415, 287)	True	251141	252669	up	(512, 384)	testing
14	hx	m	21	6	diamond	none	dif	vert	up	N_dis	(415, 480)	True	253703	254734	up	(512, 384)	testing
14	hx	m	21	6	diamond	red	same	vert	up	(648, 384)	(415, 480)	True	255947	258616	up	(512, 384)	testing
14	hx	m	21	6	diamond	green	same	vert	up	(648, 384)	(512, 248)	True	259854	261108	up	(512, 384)	testing
14	hx	m	21	6	diamond	red	dif	vert	up	(648, 384)	(376, 384)	True	262372	263331	up	(512, 384)	testing
14	hx	m	21	6	diamond	red	dif	vert	up	(648, 384)	(512, 248)	True	264602	265336	up	(512, 384)	testing
14	hx	m	21	6	diamond	red	same	hori	left	(512, 520)	(512, 248)	True	266521	267530	left	(512, 384)	testing
14	hx	m	21	6	circle	red	dif	vert	up	(648, 384)	(415, 480)	True	268790	269846	up	(512, 384)	testing
14	hx	m	21	6	diamond	green	dif	vert	up	(648, 384)	(512, 520)	True	270954	272018	up	(512, 384)	testing
14	hx	m	21	6	diamond	red	dif	hori	left	(512, 248)	(376, 384)	True	273180	274277	left	(512, 384)	testing
14	hx	m	21	6	diamond	none	same	hori	left	N_dis	(608, 480)	True	275317	276262	left	(512, 384)	testing
14	hx	m	21	6	diamond	none	same	vert	up	N_dis	(415, 287)	True	277525	278962	up	(512, 384)	testing
14	hx	m	21	6	diamond	red	dif	hori	left	(648, 384)	(608, 480)	True	280228	281338	left	(512, 384)	testing
14	hx	m	21	6	circle	green	dif	hori	left	(648, 384)	(415, 287)	True	282371	283615	left	(512, 384)	testing
