subj	name	gender	age	runNum	shape	dist	td_dif	resp	resp_key	d_loc	t_loc	gotKey	startTime	respTime	resp	fix_loc	prac
14	hx	m	21	3	circle	green	same	hori	left	(648, 384)	(512, 248)	True	6015	7145	left	(512, 384)	testing
14	hx	m	21	3	diamond	none	dif	vert	up	N_dis	(512, 248)	True	8207	9524	up	(512, 384)	testing
14	hx	m	21	3	circle	none	dif	vert	up	N_dis	(415, 480)	True	10751	11601	up	(512, 384)	testing
14	hx	m	21	3	diamond	green	same	hori	left	(415, 480)	(415, 287)	True	12680	13384	left	(512, 384)	testing
14	hx	m	21	3	diamond	green	same	hori	left	(648, 384)	(512, 520)	True	14527	15418	left	(512, 384)	testing
14	hx	m	21	3	circle	green	dif	hori	left	(512, 520)	(415, 287)	True	16544	17238	left	(512, 384)	testing
14	hx	m	21	3	diamond	none	dif	hori	left	N_dis	(415, 287)	True	18338	19035	left	(512, 384)	testing
14	hx	m	21	3	diamond	none	same	vert	up	N_dis	(512, 248)	True	20166	21212	up	(512, 384)	testing
14	hx	m	21	3	circle	red	dif	hori	left	(648, 384)	(512, 520)	True	22425	23328	left	(512, 384)	testing
14	hx	m	21	3	circle	red	same	vert	up	(648, 384)	(512, 520)	True	24454	25317	up	(512, 384)	testing
14	hx	m	21	3	circle	red	dif	vert	up	(648, 384)	(376, 384)	True	26439	27179	up	(512, 384)	testing
14	hx	m	21	3	diamond	none	same	hori	left	N_dis	(512, 520)	True	28227	29142	left	(512, 384)	testing
14	hx	m	21	3	diamond	red	same	vert	up	(648, 384)	(376, 384)	True	30359	31112	up	(512, 384)	testing
14	hx	m	21	3	circle	green	same	hori	left	(648, 384)	(376, 384)	True	32169	33027	left	(512, 384)	testing
14	hx	m	21	3	circle	red	same	vert	up	(648, 384)	(512, 248)	True	34198	34976	up	(512, 384)	testing
14	hx	m	21	3	diamond	none	same	hori	left	N_dis	(415, 287)	True	36089	37043	left	(512, 384)	testing
14	hx	m	21	3	circle	red	same	vert	up	(512, 520)	(376, 384)	True	38099	39028	up	(512, 384)	testing
14	hx	m	21	3	diamond	none	same	hori	left	N_dis	(608, 480)	True	40284	41099	left	(512, 384)	testing
14	hx	m	21	3	circle	green	dif	vert	up	(648, 384)	(376, 384)	True	42128	42856	up	(512, 384)	testing
14	hx	m	21	3	diamond	none	same	vert	up	N_dis	(376, 384)	True	43955	44677	up	(512, 384)	testing
14	hx	m	21	3	diamond	red	dif	hori	left	(648, 384)	(376, 384)	True	45742	46579	left	(512, 384)	testing
14	hx	m	21	3	circle	red	same	vert	up	(648, 384)	(415, 480)	True	47715	49241	up	(512, 384)	testing
14	hx	m	21	3	circle	none	dif	hori	left	N_dis	(415, 480)	True	50282	51258	left	(512, 384)	testing
14	hx	m	21	3	diamond	none	dif	hori	left	N_dis	(608, 287)	True	52356	53343	left	(512, 384)	testing
14	hx	m	21	3	diamond	none	dif	hori	left	N_dis	(648, 384)	True	54427	55214	left	(512, 384)	testing
14	hx	m	21	3	diamond	none	dif	vert	up	N_dis	(415, 287)	True	56453	57473	up	(512, 384)	testing
14	hx	m	21	3	circle	red	same	hori	left	(648, 384)	(415, 480)	True	58644	59985	left	(512, 384)	testing
14	hx	m	21	3	diamond	none	same	vert	up	N_dis	(648, 384)	True	61111	62055	up	(512, 384)	testing
14	hx	m	21	3	diamond	red	dif	vert	up	(512, 248)	(608, 480)	True	63118	64100	up	(512, 384)	testing
14	hx	m	21	3	circle	red	dif	hori	left	(376, 384)	(415, 480)	True	65186	66737	left	(512, 384)	testing
14	hx	m	21	3	diamond	red	dif	hori	left	(648, 384)	(415, 287)	True	67968	68873	left	(512, 384)	testing
14	hx	m	21	3	circle	green	same	hori	left	(376, 384)	(512, 520)	True	69934	71027	left	(512, 384)	testing
14	hx	m	21	3	circle	red	dif	hori	left	(648, 384)	(608, 480)	True	72273	73115	left	(512, 384)	testing
14	hx	m	21	3	diamond	none	same	vert	up	N_dis	(608, 287)	True	74261	75969	up	(512, 384)	testing
14	hx	m	21	3	circle	none	same	vert	up	N_dis	(512, 520)	True	77122	78241	up	(512, 384)	testing
14	hx	m	21	3	diamond	green	same	vert	up	(648, 384)	(608, 287)	True	79290	80190	up	(512, 384)	testing
14	hx	m	21	3	circle	none	dif	vert	up	N_dis	(608, 480)	True	81434	82686	up	(512, 384)	testing
14	hx	m	21	3	circle	green	dif	hori	left	(648, 384)	(415, 480)	True	83784	84759	left	(512, 384)	testing
14	hx	m	21	3	diamond	green	dif	hori	left	(512, 248)	(608, 287)	True	85961	86771	left	(512, 384)	testing
14	hx	m	21	3	circle	green	same	vert	up	(608, 287)	(512, 248)	True	87800	89381	up	(512, 384)	testing
14	hx	m	21	3	circle	green	same	vert	up	(648, 384)	(608, 480)	True	90453	91444	up	(512, 384)	testing
14	hx	m	21	3	circle	green	same	vert	up	(512, 520)	(376, 384)	True	92581	93666	up	(512, 384)	testing
14	hx	m	21	3	diamond	green	same	hori	left	(648, 384)	(415, 287)	True	94731	95671	left	(512, 384)	testing
14	hx	m	21	3	circle	green	dif	hori	left	(608, 480)	(415, 480)	True	96702	97904	left	(512, 384)	testing
14	hx	m	21	3	circle	none	dif	hori	left	N_dis	(648, 384)	True	98995	99824	left	(512, 384)	testing
14	hx	m	21	3	diamond	green	dif	vert	up	(608, 287)	(608, 480)	True	101095	102077	up	(512, 384)	testing
14	hx	m	21	3	diamond	green	same	vert	up	(648, 384)	(608, 480)	True	103265	104202	up	(512, 384)	testing
14	hx	m	21	3	diamond	none	same	hori	left	N_dis	(648, 384)	True	105356	106170	left	(512, 384)	testing
14	hx	m	21	3	circle	green	same	vert	up	(608, 480)	(512, 248)	True	107331	108318	up	(512, 384)	testing
14	hx	m	21	3	circle	green	dif	hori	left	(648, 384)	(608, 287)	True	109441	110358	left	(512, 384)	testing
14	hx	m	21	3	diamond	green	dif	vert	up	(648, 384)	(512, 248)	True	111523	112543	up	(512, 384)	testing
14	hx	m	21	3	circle	red	dif	vert	up	(415, 287)	(512, 520)	True	113586	114503	up	(512, 384)	testing
14	hx	m	21	3	circle	green	dif	vert	up	(648, 384)	(512, 248)	True	115528	116325	up	(512, 384)	testing
14	hx	m	21	3	diamond	red	same	vert	up	(376, 384)	(512, 248)	True	117373	118125	up	(512, 384)	testing
14	hx	m	21	3	diamond	red	dif	hori	left	(648, 384)	(415, 287)	True	119175	120213	left	(512, 384)	testing
14	hx	m	21	3	circle	none	same	hori	left	N_dis	(376, 384)	True	121377	122139	left	(512, 384)	testing
14	hx	m	21	3	diamond	none	dif	vert	up	N_dis	(608, 480)	True	123377	124190	up	(512, 384)	testing
14	hx	m	21	3	circle	none	dif	hori	left	N_dis	(512, 248)	True	125402	126318	left	(512, 384)	testing
14	hx	m	21	3	circle	none	dif	vert	up	N_dis	(376, 384)	True	127563	128292	up	(512, 384)	testing
14	hx	m	21	3	circle	red	same	hori	left	(648, 384)	(608, 480)	True	129438	130740	left	(512, 384)	testing
14	hx	m	21	3	diamond	green	dif	hori	left	(415, 480)	(608, 287)	True	131940	132711	left	(512, 384)	testing
14	hx	m	21	3	diamond	red	dif	vert	up	(648, 384)	(608, 480)	True	133774	134685	up	(512, 384)	testing
14	hx	m	21	3	circle	red	same	hori	left	(512, 248)	(608, 287)	True	135832	136664	left	(512, 384)	testing
14	hx	m	21	3	circle	green	dif	vert	up	(608, 287)	(415, 287)	True	137774	138844	up	(512, 384)	testing
14	hx	m	21	3	circle	none	same	vert	up	N_dis	(415, 480)	True	140071	140843	up	(512, 384)	testing
14	hx	m	21	3	circle	none	same	hori	left	N_dis	(512, 248)	True	142037	142869	left	(512, 384)	testing
14	hx	m	21	3	circle	none	dif	hori	left	N_dis	(415, 480)	True	144125	145008	left	(512, 384)	testing
14	hx	m	21	3	circle	green	dif	vert	up	(415, 287)	(512, 520)	True	146165	147131	up	(512, 384)	testing
14	hx	m	21	3	circle	red	same	hori	left	(648, 384)	(376, 384)	True	148298	148971	left	(512, 384)	testing
14	hx	m	21	3	circle	red	dif	vert	up	(648, 384)	(512, 248)	True	150111	150962	up	(512, 384)	testing
14	hx	m	21	3	circle	none	same	hori	left	N_dis	(376, 384)	True	152138	152912	left	(512, 384)	testing
14	hx	m	21	3	diamond	red	same	vert	up	(648, 384)	(512, 520)	True	153957	154990	up	(512, 384)	testing
14	hx	m	21	3	diamond	none	dif	vert	up	N_dis	(415, 287)	True	156050	157054	up	(512, 384)	testing
14	hx	m	21	3	diamond	green	dif	hori	left	(648, 384)	(512, 520)	True	158185	159068	left	(512, 384)	testing
14	hx	m	21	3	circle	none	dif	vert	up	N_dis	(608, 480)	True	160313	161333	up	(512, 384)	testing
14	hx	m	21	3	circle	green	same	hori	left	(608, 480)	(415, 287)	True	162571	163269	left	(512, 384)	testing
14	hx	m	21	3	diamond	none	dif	vert	up	N_dis	(376, 384)	True	164389	165477	up	(512, 384)	testing
14	hx	m	21	3	diamond	green	same	vert	up	(512, 520)	(608, 480)	True	166749	169374	up	(512, 384)	testing
14	hx	m	21	3	circle	red	dif	hori	left	(648, 384)	(608, 480)	True	170586	172471	left	(512, 384)	testing
14	hx	m	21	3	diamond	none	dif	hori	left	N_dis	(512, 520)	True	173561	174511	left	(512, 384)	testing
14	hx	m	21	3	diamond	red	same	vert	up	(415, 287)	(608, 480)	True	175763	176624	up	(512, 384)	testing
14	hx	m	21	3	circle	green	same	hori	left	(648, 384)	(415, 287)	True	177817	178595	left	(512, 384)	testing
14	hx	m	21	3	diamond	green	same	hori	left	(648, 384)	(512, 520)	True	179809	180672	left	(512, 384)	testing
14	hx	m	21	3	diamond	green	dif	vert	up	(648, 384)	(608, 480)	True	181887	182654	up	(512, 384)	testing
14	hx	m	21	3	circle	green	dif	vert	up	(512, 248)	(608, 287)	True	183806	185102	up	(512, 384)	testing
14	hx	m	21	3	diamond	red	same	hori	left	(648, 384)	(415, 480)	True	186307	187184	left	(512, 384)	testing
14	hx	m	21	3	circle	red	dif	vert	up	(648, 384)	(512, 248)	True	188222	189124	up	(512, 384)	testing
14	hx	m	21	3	diamond	none	dif	hori	left	N_dis	(512, 520)	True	190361	191075	left	(512, 384)	testing
14	hx	m	21	3	circle	none	dif	vert	up	N_dis	(512, 520)	True	192231	193081	up	(512, 384)	testing
14	hx	m	21	3	diamond	none	same	vert	up	N_dis	(608, 287)	True	194200	195114	up	(512, 384)	testing
14	hx	m	21	3	diamond	green	same	vert	up	(415, 480)	(415, 287)	True	196161	197051	up	(512, 384)	testing
14	hx	m	21	3	diamond	green	dif	vert	up	(648, 384)	(512, 248)	True	198212	198989	up	(512, 384)	testing
14	hx	m	21	3	diamond	red	dif	vert	up	(608, 287)	(608, 480)	True	200203	201130	up	(512, 384)	testing
14	hx	m	21	3	diamond	red	dif	vert	up	(648, 384)	(415, 480)	True	202154	203313	up	(512, 384)	testing
14	hx	m	21	3	circle	red	same	vert	up	(648, 384)	(608, 287)	True	204560	206725	up	(512, 384)	testing
14	hx	m	21	3	circle	none	dif	hori	left	N_dis	(608, 480)	True	207854	208699	left	(512, 384)	testing
14	hx	m	21	3	diamond	green	same	vert	up	(648, 384)	(415, 287)	True	209808	211029	up	(512, 384)	testing
14	hx	m	21	3	diamond	red	same	hori	left	(648, 384)	(608, 287)	True	212208	213171	left	(512, 384)	testing
14	hx	m	21	3	circle	red	dif	hori	left	(415, 480)	(608, 480)	True	214402	215245	left	(512, 384)	testing
14	hx	m	21	3	diamond	red	same	hori	left	(648, 384)	(608, 287)	True	216342	217430	left	(512, 384)	testing
14	hx	m	21	3	diamond	green	dif	hori	left	(376, 384)	(608, 287)	True	218629	220049	left	(512, 384)	testing
14	hx	m	21	3	circle	green	dif	hori	left	(648, 384)	(376, 384)	True	221138	222285	up	(512, 384)	testing
14	hx	m	21	3	diamond	red	dif	vert	up	(608, 480)	(608, 287)	True	224923	225908	up	(512, 384)	testing
14	hx	m	21	3	diamond	red	dif	hori	left	(648, 384)	(608, 287)	True	227115	228506	left	(512, 384)	testing
14	hx	m	21	3	diamond	red	dif	hori	left	(648, 384)	(376, 384)	True	229658	230879	left	(512, 384)	testing
14	hx	m	21	3	circle	green	same	vert	up	(648, 384)	(376, 384)	True	231965	233752	up	(512, 384)	testing
14	hx	m	21	3	circle	red	same	hori	left	(648, 384)	(512, 520)	True	234776	236248	left	(512, 384)	testing
14	hx	m	21	3	diamond	green	same	hori	left	(648, 384)	(415, 480)	True	237508	238970	left	(512, 384)	testing
14	hx	m	21	3	circle	red	dif	vert	up	(415, 287)	(415, 480)	True	240154	241348	up	(512, 384)	testing
14	hx	m	21	3	diamond	red	same	hori	left	(648, 384)	(608, 287)	True	242396	243444	left	(512, 384)	testing
14	hx	m	21	3	circle	none	same	vert	up	N_dis	(608, 287)	True	244574	245590	up	(512, 384)	testing
14	hx	m	21	3	diamond	green	dif	hori	left	(648, 384)	(415, 287)	True	246822	247846	left	(512, 384)	testing
14	hx	m	21	3	circle	none	same	hori	left	N_dis	(415, 480)	True	249046	250031	left	(512, 384)	testing
14	hx	m	21	3	diamond	green	dif	vert	up	(648, 384)	(376, 384)	True	251126	251981	up	(512, 384)	testing
14	hx	m	21	3	circle	none	same	hori	left	N_dis	(512, 248)	True	253050	254242	left	(512, 384)	testing
14	hx	m	21	3	diamond	none	same	hori	left	N_dis	(415, 287)	True	255491	256364	left	(512, 384)	testing
14	hx	m	21	3	circle	none	same	vert	up	N_dis	(608, 287)	True	257549	259260	up	(512, 384)	testing
14	hx	m	21	3	diamond	red	same	vert	up	(648, 384)	(415, 480)	True	260472	261417	up	(512, 384)	testing
14	hx	m	21	3	diamond	red	same	hori	left	(648, 384)	(415, 287)	True	262664	263634	left	(512, 384)	testing
14	hx	m	21	3	circle	none	same	vert	up	N_dis	(648, 384)	True	264883	266110	up	(512, 384)	testing
