subj	name	gender	age	runNum	shape	dist	td_dif	resp	resp_key	d_loc	t_loc	gotKey	startTime	respTime	resp	fix_loc	prac
14	hx	m	21	9	diamond	green	same	hori	left	(415, 287)	(376, 384)	True	6694	7721	left	(512, 384)	testing
14	hx	m	21	9	diamond	red	dif	hori	left	(415, 287)	(376, 384)	True	8977	9826	left	(512, 384)	testing
14	hx	m	21	9	circle	none	dif	hori	left	N_dis	(376, 384)	True	11069	11698	left	(512, 384)	testing
14	hx	m	21	9	diamond	none	same	vert	up	N_dis	(512, 248)	True	12770	13415	up	(512, 384)	testing
14	hx	m	21	9	diamond	green	same	hori	left	(376, 384)	(512, 248)	True	14658	15899	left	(512, 384)	testing
14	hx	m	21	9	circle	red	same	vert	up	(415, 287)	(512, 520)	True	17127	18147	up	(512, 384)	testing
14	hx	m	21	9	circle	red	same	hori	left	(415, 287)	(512, 248)	True	19185	19858	left	(512, 384)	testing
14	hx	m	21	9	circle	none	same	vert	up	N_dis	(608, 287)	True	21106	21772	up	(512, 384)	testing
14	hx	m	21	9	diamond	red	dif	vert	up	(415, 287)	(512, 248)	True	22928	23629	up	(512, 384)	testing
14	hx	m	21	9	circle	red	same	hori	left	(415, 287)	(608, 287)	True	24874	25568	left	(512, 384)	testing
14	hx	m	21	9	circle	green	same	vert	up	(608, 287)	(608, 480)	True	26760	27638	up	(512, 384)	testing
14	hx	m	21	9	circle	none	dif	vert	up	N_dis	(415, 287)	True	28708	29381	up	(512, 384)	testing
14	hx	m	21	9	diamond	red	dif	vert	up	(415, 287)	(376, 384)	True	30486	31301	up	(512, 384)	testing
14	hx	m	21	9	circle	none	same	vert	up	N_dis	(415, 287)	True	32517	33349	up	(512, 384)	testing
14	hx	m	21	9	diamond	green	dif	hori	left	(415, 287)	(376, 384)	True	34396	35242	left	(512, 384)	testing
14	hx	m	21	9	circle	red	dif	vert	up	(608, 287)	(512, 248)	True	36451	37321	up	(512, 384)	testing
14	hx	m	21	9	diamond	red	same	vert	up	(648, 384)	(415, 480)	True	38542	39608	up	(512, 384)	testing
14	hx	m	21	9	diamond	none	dif	vert	up	N_dis	(415, 287)	True	40810	41645	up	(512, 384)	testing
14	hx	m	21	9	circle	red	dif	hori	left	(608, 480)	(512, 520)	True	42833	43713	left	(512, 384)	testing
14	hx	m	21	9	diamond	red	same	vert	up	(648, 384)	(608, 287)	True	44863	45600	up	(512, 384)	testing
14	hx	m	21	9	diamond	none	same	hori	left	N_dis	(648, 384)	True	46707	47400	left	(512, 384)	testing
14	hx	m	21	9	diamond	green	same	hori	left	(415, 287)	(512, 248)	True	48653	49465	left	(512, 384)	testing
14	hx	m	21	9	circle	none	same	vert	up	N_dis	(376, 384)	True	50620	51381	up	(512, 384)	testing
14	hx	m	21	9	circle	none	dif	vert	up	N_dis	(648, 384)	True	52637	53321	up	(512, 384)	testing
14	hx	m	21	9	circle	none	dif	hori	left	N_dis	(415, 287)	True	54457	55274	left	(512, 384)	testing
14	hx	m	21	9	diamond	red	dif	hori	left	(415, 480)	(512, 248)	True	56380	57351	left	(512, 384)	testing
14	hx	m	21	9	diamond	none	dif	vert	up	N_dis	(648, 384)	True	58433	59225	up	(512, 384)	testing
14	hx	m	21	9	circle	green	dif	hori	left	(415, 287)	(512, 248)	True	60322	61857	left	(512, 384)	testing
14	hx	m	21	9	diamond	red	same	hori	left	(376, 384)	(648, 384)	True	62981	64576	left	(512, 384)	testing
14	hx	m	21	9	circle	red	dif	vert	up	(415, 287)	(648, 384)	True	65629	66609	up	(512, 384)	testing
14	hx	m	21	9	circle	red	same	hori	left	(415, 287)	(608, 480)	True	67813	68600	left	(512, 384)	testing
14	hx	m	21	9	diamond	none	dif	hori	left	N_dis	(608, 287)	True	69856	70725	left	(512, 384)	testing
14	hx	m	21	9	circle	red	same	vert	up	(415, 287)	(608, 287)	True	71773	72540	up	(512, 384)	testing
14	hx	m	21	9	diamond	red	dif	hori	left	(415, 287)	(415, 480)	True	73697	74670	left	(512, 384)	testing
14	hx	m	21	9	diamond	green	same	hori	left	(415, 287)	(512, 520)	True	75742	76598	left	(512, 384)	testing
14	hx	m	21	9	diamond	none	dif	hori	left	N_dis	(415, 480)	True	77638	78646	left	(512, 384)	testing
14	hx	m	21	9	circle	green	same	vert	up	(415, 480)	(512, 520)	True	79875	81228	up	(512, 384)	testing
14	hx	m	21	9	diamond	none	same	hori	left	N_dis	(512, 520)	True	82303	83075	left	(512, 384)	testing
14	hx	m	21	9	circle	red	dif	vert	up	(415, 287)	(608, 480)	True	84142	85195	up	(512, 384)	testing
14	hx	m	21	9	circle	green	dif	vert	up	(415, 287)	(608, 480)	True	86382	87234	up	(512, 384)	testing
14	hx	m	21	9	circle	green	dif	hori	left	(415, 287)	(512, 520)	True	88503	89180	left	(512, 384)	testing
14	hx	m	21	9	circle	none	dif	hori	left	N_dis	(415, 287)	True	90208	91855	left	(512, 384)	testing
14	hx	m	21	9	circle	red	dif	hori	left	(415, 287)	(608, 480)	True	93092	94127	left	(512, 384)	testing
14	hx	m	21	9	diamond	red	dif	hori	left	(415, 287)	(608, 480)	True	95282	96427	left	(512, 384)	testing
14	hx	m	21	9	diamond	none	same	vert	up	N_dis	(608, 480)	True	97634	98486	up	(512, 384)	testing
14	hx	m	21	9	diamond	green	same	vert	up	(608, 287)	(512, 248)	True	99705	101364	up	(512, 384)	testing
14	hx	m	21	9	circle	red	same	hori	left	(415, 287)	(608, 287)	True	102523	103757	left	(512, 384)	testing
14	hx	m	21	9	diamond	green	dif	hori	left	(415, 287)	(415, 480)	True	104899	106185	left	(512, 384)	testing
14	hx	m	21	9	circle	green	dif	vert	up	(648, 384)	(512, 248)	True	107360	108378	up	(512, 384)	testing
14	hx	m	21	9	diamond	none	same	hori	left	N_dis	(608, 287)	True	109478	110363	left	(512, 384)	testing
14	hx	m	21	9	diamond	green	same	vert	up	(512, 520)	(376, 384)	True	111471	112428	up	(512, 384)	testing
14	hx	m	21	9	circle	red	same	vert	up	(415, 287)	(608, 480)	True	113568	114598	up	(512, 384)	testing
14	hx	m	21	9	circle	red	dif	hori	left	(415, 287)	(376, 384)	True	115833	116886	left	(512, 384)	testing
14	hx	m	21	9	diamond	none	same	hori	left	N_dis	(648, 384)	True	117940	118860	left	(512, 384)	testing
14	hx	m	21	9	circle	none	same	hori	left	N_dis	(608, 480)	True	120069	120731	left	(512, 384)	testing
14	hx	m	21	9	diamond	none	dif	vert	up	N_dis	(512, 248)	True	121998	122838	up	(512, 384)	testing
14	hx	m	21	9	diamond	none	dif	vert	up	N_dis	(512, 520)	True	124001	124744	up	(512, 384)	testing
14	hx	m	21	9	diamond	none	dif	hori	left	N_dis	(608, 480)	True	125849	126518	left	(512, 384)	testing
14	hx	m	21	9	circle	red	same	hori	left	(512, 248)	(415, 480)	True	127762	128577	left	(512, 384)	testing
14	hx	m	21	9	circle	none	same	hori	left	N_dis	(415, 480)	True	129636	130434	left	(512, 384)	testing
14	hx	m	21	9	diamond	none	dif	vert	up	N_dis	(376, 384)	True	131664	132456	up	(512, 384)	testing
14	hx	m	21	9	circle	green	dif	vert	up	(608, 480)	(415, 480)	True	133640	134658	up	(512, 384)	testing
14	hx	m	21	9	diamond	none	same	vert	up	N_dis	(648, 384)	True	135696	136424	up	(512, 384)	testing
14	hx	m	21	9	diamond	none	same	vert	up	N_dis	(608, 287)	True	137597	138236	up	(512, 384)	testing
14	hx	m	21	9	diamond	green	dif	hori	left	(512, 248)	(376, 384)	True	139419	140241	left	(512, 384)	testing
14	hx	m	21	9	circle	green	same	hori	left	(376, 384)	(608, 287)	True	141316	142528	left	(512, 384)	testing
14	hx	m	21	9	circle	green	dif	hori	left	(415, 287)	(608, 287)	True	143613	144388	left	(512, 384)	testing
14	hx	m	21	9	diamond	green	dif	vert	up	(415, 287)	(512, 520)	True	145576	146636	up	(512, 384)	testing
14	hx	m	21	9	diamond	none	dif	hori	left	N_dis	(608, 480)	True	147838	148932	left	(512, 384)	testing
14	hx	m	21	9	diamond	none	same	hori	left	N_dis	(608, 480)	True	150139	151227	left	(512, 384)	testing
14	hx	m	21	9	diamond	green	dif	hori	left	(415, 287)	(648, 384)	True	152294	153161	left	(512, 384)	testing
14	hx	m	21	9	diamond	red	dif	vert	up	(415, 287)	(512, 248)	True	154270	155054	up	(512, 384)	testing
14	hx	m	21	9	circle	none	dif	vert	up	N_dis	(512, 248)	True	156209	157128	up	(512, 384)	testing
14	hx	m	21	9	circle	red	dif	vert	up	(415, 287)	(608, 480)	True	158296	159168	up	(512, 384)	testing
14	hx	m	21	9	diamond	green	dif	vert	up	(512, 520)	(415, 480)	True	160255	161133	up	(512, 384)	testing
14	hx	m	21	9	circle	green	dif	vert	up	(415, 287)	(648, 384)	True	162160	163126	up	(512, 384)	testing
14	hx	m	21	9	diamond	red	same	hori	left	(415, 287)	(512, 520)	True	164325	165218	left	(512, 384)	testing
14	hx	m	21	9	circle	green	same	hori	left	(415, 287)	(376, 384)	True	166292	167199	left	(512, 384)	testing
14	hx	m	21	9	circle	green	dif	hori	left	(512, 248)	(512, 520)	True	168322	169129	left	(512, 384)	testing
14	hx	m	21	9	diamond	red	dif	hori	left	(608, 480)	(512, 520)	True	170167	170927	left	(512, 384)	testing
14	hx	m	21	9	circle	none	dif	hori	left	N_dis	(376, 384)	True	172116	172778	left	(512, 384)	testing
14	hx	m	21	9	circle	red	same	vert	up	(608, 287)	(648, 384)	True	173894	175347	up	(512, 384)	testing
14	hx	m	21	9	diamond	green	same	hori	left	(512, 520)	(648, 384)	True	176422	177295	left	(512, 384)	testing
14	hx	m	21	9	diamond	green	same	vert	up	(415, 480)	(512, 248)	True	178380	179137	up	(512, 384)	testing
14	hx	m	21	9	circle	none	same	hori	left	N_dis	(376, 384)	True	180250	180977	left	(512, 384)	testing
14	hx	m	21	9	circle	green	same	vert	up	(415, 287)	(608, 480)	True	182188	183098	up	(512, 384)	testing
14	hx	m	21	9	circle	none	same	vert	up	N_dis	(415, 480)	True	184223	184916	up	(512, 384)	testing
14	hx	m	21	9	circle	none	same	vert	up	N_dis	(608, 287)	True	186169	186850	up	(512, 384)	testing
14	hx	m	21	9	diamond	green	dif	vert	up	(415, 287)	(608, 287)	True	188079	188755	up	(512, 384)	testing
14	hx	m	21	9	diamond	green	dif	hori	left	(512, 520)	(376, 384)	True	189800	190574	left	(512, 384)	testing
14	hx	m	21	9	diamond	red	same	vert	up	(415, 287)	(415, 480)	True	191808	192645	up	(512, 384)	testing
14	hx	m	21	9	circle	green	same	hori	left	(376, 384)	(648, 384)	True	193674	194832	left	(512, 384)	testing
14	hx	m	21	9	diamond	none	dif	hori	left	N_dis	(512, 520)	True	195908	196740	left	(512, 384)	testing
14	hx	m	21	9	circle	green	same	hori	left	(415, 287)	(512, 520)	True	198004	198939	left	(512, 384)	testing
14	hx	m	21	9	diamond	green	same	vert	up	(415, 287)	(648, 384)	True	200177	200830	up	(512, 384)	testing
14	hx	m	21	9	circle	green	same	hori	left	(415, 287)	(648, 384)	True	201998	202755	left	(512, 384)	testing
14	hx	m	21	9	diamond	green	dif	vert	up	(415, 287)	(415, 480)	True	203816	205179	up	(512, 384)	testing
14	hx	m	21	9	diamond	red	same	hori	left	(415, 480)	(512, 520)	True	206303	207230	left	(512, 384)	testing
14	hx	m	21	9	circle	green	dif	vert	up	(415, 287)	(608, 287)	True	208443	209326	up	(512, 384)	testing
14	hx	m	21	9	circle	green	same	vert	up	(608, 480)	(376, 384)	True	210444	211448	up	(512, 384)	testing
14	hx	m	21	9	diamond	none	same	vert	up	N_dis	(415, 480)	True	212711	214163	up	(512, 384)	testing
14	hx	m	21	9	diamond	red	same	hori	left	(415, 287)	(608, 480)	True	215238	216194	left	(512, 384)	testing
14	hx	m	21	9	circle	none	dif	vert	up	N_dis	(512, 520)	True	217434	218182	up	(512, 384)	testing
14	hx	m	21	9	circle	none	dif	vert	up	N_dis	(512, 248)	True	219293	219970	up	(512, 384)	testing
14	hx	m	21	9	diamond	red	same	hori	left	(648, 384)	(376, 384)	True	221141	221964	left	(512, 384)	testing
14	hx	m	21	9	diamond	red	same	vert	up	(415, 287)	(415, 480)	True	223046	223986	up	(512, 384)	testing
14	hx	m	21	9	circle	red	dif	hori	left	(415, 287)	(512, 248)	True	225032	226016	left	(512, 384)	testing
14	hx	m	21	9	diamond	green	dif	vert	up	(415, 287)	(608, 480)	True	227214	228136	up	(512, 384)	testing
14	hx	m	21	9	circle	green	dif	hori	left	(415, 287)	(512, 248)	True	229372	230515	left	(512, 384)	testing
14	hx	m	21	9	diamond	red	dif	vert	up	(415, 287)	(376, 384)	True	231694	232657	up	(512, 384)	testing
14	hx	m	21	9	diamond	red	dif	vert	up	(512, 248)	(512, 520)	True	233740	234935	up	(512, 384)	testing
14	hx	m	21	9	circle	red	same	vert	up	(415, 287)	(648, 384)	True	236119	237297	up	(512, 384)	testing
14	hx	m	21	9	diamond	red	same	vert	up	(415, 287)	(648, 384)	True	238353	239205	up	(512, 384)	testing
14	hx	m	21	9	diamond	green	same	vert	up	(415, 287)	(415, 480)	True	240340	241245	up	(512, 384)	testing
14	hx	m	21	9	circle	red	dif	hori	left	(415, 287)	(608, 287)	True	242315	243037	left	(512, 384)	testing
14	hx	m	21	9	circle	none	same	hori	left	N_dis	(512, 248)	True	244264	245189	left	(512, 384)	testing
14	hx	m	21	9	circle	green	same	vert	up	(415, 287)	(415, 480)	True	246455	247679	up	(512, 384)	testing
14	hx	m	21	9	circle	none	dif	hori	left	N_dis	(415, 480)	True	248898	249667	left	(512, 384)	testing
14	hx	m	21	9	circle	red	dif	vert	up	(415, 287)	(512, 520)	True	250903	251663	up	(512, 384)	testing
14	hx	m	21	9	circle	none	same	hori	left	N_dis	(512, 520)	True	252721	253506	left	(512, 384)	testing
