subj	name	gender	age	runNum	shape	dist	td_dif	resp	resp_key	d_loc	t_loc	gotKey	startTime	respTime	resp	fix_loc	prac
14	hx	m	21	4	circle	red	dif	hori	left	(648, 384)	(376, 384)	True	9028	9925	left	(512, 384)	testing
14	hx	m	21	4	diamond	none	same	hori	left	N_dis	(376, 384)	True	11020	11999	left	(512, 384)	testing
14	hx	m	21	4	diamond	none	same	vert	up	N_dis	(608, 480)	True	13065	13810	up	(512, 384)	testing
14	hx	m	21	4	diamond	none	same	hori	left	N_dis	(648, 384)	True	15010	15749	left	(512, 384)	testing
14	hx	m	21	4	diamond	green	dif	hori	left	(415, 287)	(608, 480)	True	17000	17786	left	(512, 384)	testing
14	hx	m	21	4	diamond	none	dif	hori	left	N_dis	(376, 384)	True	19017	19743	left	(512, 384)	testing
14	hx	m	21	4	diamond	red	dif	vert	up	(648, 384)	(608, 287)	True	20933	21863	up	(512, 384)	testing
14	hx	m	21	4	circle	green	same	vert	up	(648, 384)	(415, 480)	True	23006	24038	up	(512, 384)	testing
14	hx	m	21	4	circle	none	dif	hori	left	N_dis	(512, 520)	True	25305	26159	left	(512, 384)	testing
14	hx	m	21	4	diamond	none	dif	hori	left	N_dis	(512, 248)	True	27424	28307	left	(512, 384)	testing
14	hx	m	21	4	diamond	none	dif	hori	left	N_dis	(608, 480)	True	29416	30301	left	(512, 384)	testing
14	hx	m	21	4	circle	none	dif	vert	up	N_dis	(648, 384)	True	31559	32380	up	(512, 384)	testing
14	hx	m	21	4	diamond	red	dif	vert	up	(512, 248)	(415, 480)	True	33471	34294	up	(512, 384)	testing
14	hx	m	21	4	circle	red	same	vert	up	(648, 384)	(512, 520)	True	35381	36485	up	(512, 384)	testing
14	hx	m	21	4	diamond	green	dif	vert	up	(415, 287)	(376, 384)	True	37621	38566	up	(512, 384)	testing
14	hx	m	21	4	circle	green	dif	hori	left	(648, 384)	(512, 520)	True	39688	40585	left	(512, 384)	testing
14	hx	m	21	4	circle	red	same	hori	left	(608, 287)	(415, 287)	True	41702	42739	left	(512, 384)	testing
14	hx	m	21	4	diamond	green	dif	hori	left	(648, 384)	(608, 287)	True	43962	45055	left	(512, 384)	testing
14	hx	m	21	4	diamond	green	same	vert	up	(648, 384)	(415, 287)	True	46283	47361	up	(512, 384)	testing
14	hx	m	21	4	circle	green	same	hori	left	(512, 520)	(415, 287)	True	48500	49374	left	(512, 384)	testing
14	hx	m	21	4	circle	red	same	hori	left	(512, 248)	(608, 287)	True	50547	51406	left	(512, 384)	testing
14	hx	m	21	4	circle	none	dif	vert	up	N_dis	(415, 480)	True	52640	54290	up	(512, 384)	testing
14	hx	m	21	4	circle	none	same	hori	left	N_dis	(608, 480)	True	55549	56283	left	(512, 384)	testing
14	hx	m	21	4	circle	green	same	vert	up	(608, 287)	(415, 287)	True	57519	58697	up	(512, 384)	testing
14	hx	m	21	4	diamond	green	dif	vert	up	(376, 384)	(608, 287)	True	59933	60713	up	(512, 384)	testing
14	hx	m	21	4	circle	red	same	hori	left	(415, 287)	(608, 480)	True	61802	62567	left	(512, 384)	testing
14	hx	m	21	4	diamond	none	same	vert	up	N_dis	(415, 287)	True	63835	65179	up	(512, 384)	testing
14	hx	m	21	4	circle	none	dif	vert	up	N_dis	(512, 248)	True	66357	67847	up	(512, 384)	testing
14	hx	m	21	4	diamond	red	same	hori	left	(648, 384)	(512, 248)	True	69041	70045	left	(512, 384)	testing
14	hx	m	21	4	diamond	none	dif	vert	up	N_dis	(376, 384)	True	71166	72779	up	(512, 384)	testing
14	hx	m	21	4	diamond	green	dif	vert	up	(648, 384)	(608, 480)	True	73853	75224	up	(512, 384)	testing
14	hx	m	21	4	circle	none	same	hori	left	N_dis	(512, 248)	True	76318	77366	left	(512, 384)	testing
14	hx	m	21	4	circle	red	same	vert	up	(512, 248)	(512, 520)	True	78534	79494	up	(512, 384)	testing
14	hx	m	21	4	diamond	none	same	hori	left	N_dis	(648, 384)	True	80556	81494	left	(512, 384)	testing
14	hx	m	21	4	diamond	none	same	hori	left	N_dis	(415, 287)	True	82760	83853	left	(512, 384)	testing
14	hx	m	21	4	circle	red	dif	hori	left	(648, 384)	(512, 248)	True	85016	85790	left	(512, 384)	testing
14	hx	m	21	4	diamond	none	dif	hori	left	N_dis	(512, 248)	True	86943	88157	left	(512, 384)	testing
14	hx	m	21	4	circle	none	same	vert	up	N_dis	(415, 480)	True	89359	90767	up	(512, 384)	testing
14	hx	m	21	4	circle	none	same	hori	left	N_dis	(648, 384)	True	92028	92864	left	(512, 384)	testing
14	hx	m	21	4	diamond	green	same	hori	left	(512, 248)	(512, 520)	True	93982	94918	left	(512, 384)	testing
14	hx	m	21	4	circle	green	same	hori	left	(648, 384)	(512, 248)	True	96122	96829	left	(512, 384)	testing
14	hx	m	21	4	diamond	red	dif	hori	left	(648, 384)	(376, 384)	True	97945	99059	left	(512, 384)	testing
14	hx	m	21	4	circle	green	same	vert	up	(648, 384)	(376, 384)	True	100153	101090	up	(512, 384)	testing
14	hx	m	21	4	circle	red	dif	hori	left	(648, 384)	(415, 287)	True	102120	102973	left	(512, 384)	testing
14	hx	m	21	4	diamond	red	same	vert	up	(648, 384)	(512, 248)	True	104105	104887	up	(512, 384)	testing
14	hx	m	21	4	diamond	none	dif	hori	left	N_dis	(512, 248)	True	105974	106627	left	(512, 384)	testing
14	hx	m	21	4	circle	green	same	hori	left	(648, 384)	(608, 287)	True	107714	109167	left	(512, 384)	testing
14	hx	m	21	4	diamond	green	dif	hori	left	(648, 384)	(512, 520)	True	110432	111226	left	(512, 384)	testing
14	hx	m	21	4	diamond	green	dif	hori	left	(648, 384)	(415, 480)	True	112477	113348	left	(512, 384)	testing
14	hx	m	21	4	diamond	none	same	hori	left	N_dis	(608, 287)	True	114524	115174	left	(512, 384)	testing
14	hx	m	21	4	circle	none	dif	hori	left	N_dis	(608, 480)	True	116380	117470	left	(512, 384)	testing
14	hx	m	21	4	circle	red	same	vert	up	(648, 384)	(376, 384)	True	118713	119570	up	(512, 384)	testing
14	hx	m	21	4	diamond	red	dif	hori	left	(648, 384)	(608, 480)	True	120677	121395	left	(512, 384)	testing
14	hx	m	21	4	circle	green	dif	vert	up	(648, 384)	(415, 480)	True	122499	123665	up	(512, 384)	testing
14	hx	m	21	4	diamond	green	dif	hori	left	(648, 384)	(415, 287)	True	124813	125733	left	(512, 384)	testing
14	hx	m	21	4	diamond	none	dif	vert	up	N_dis	(512, 520)	True	126919	127665	up	(512, 384)	testing
14	hx	m	21	4	diamond	green	same	hori	left	(648, 384)	(608, 480)	True	128898	130212	left	(512, 384)	testing
14	hx	m	21	4	diamond	none	dif	vert	up	N_dis	(512, 520)	True	131309	132086	up	(512, 384)	testing
14	hx	m	21	4	diamond	none	same	vert	up	N_dis	(608, 287)	True	133340	134279	up	(512, 384)	testing
14	hx	m	21	4	diamond	green	same	vert	up	(648, 384)	(415, 480)	True	135446	136561	up	(512, 384)	testing
14	hx	m	21	4	diamond	none	same	vert	up	N_dis	(608, 287)	True	137639	138666	up	(512, 384)	testing
14	hx	m	21	4	circle	none	same	vert	up	N_dis	(415, 287)	True	139696	140651	up	(512, 384)	testing
14	hx	m	21	4	circle	green	dif	vert	up	(648, 384)	(376, 384)	True	141779	142859	up	(512, 384)	testing
14	hx	m	21	4	circle	none	same	vert	up	N_dis	(415, 287)	True	143939	144993	up	(512, 384)	testing
14	hx	m	21	4	diamond	red	same	hori	left	(608, 287)	(376, 384)	True	146084	147169	left	(512, 384)	testing
14	hx	m	21	4	diamond	green	same	hori	left	(648, 384)	(608, 287)	True	148217	149198	left	(512, 384)	testing
14	hx	m	21	4	circle	green	dif	hori	left	(648, 384)	(608, 287)	True	150249	151431	up	(512, 384)	testing
14	hx	m	21	4	circle	none	dif	hori	left	N_dis	(512, 520)	True	153980	154680	left	(512, 384)	testing
14	hx	m	21	4	circle	none	same	vert	up	N_dis	(512, 520)	True	155824	156685	up	(512, 384)	testing
14	hx	m	21	4	diamond	red	dif	vert	up	(648, 384)	(415, 287)	True	157797	158773	up	(512, 384)	testing
14	hx	m	21	4	circle	green	dif	hori	left	(648, 384)	(608, 287)	True	159807	160721	left	(512, 384)	testing
14	hx	m	21	4	circle	none	same	hori	left	N_dis	(415, 480)	True	161845	162861	left	(512, 384)	testing
14	hx	m	21	4	diamond	green	same	hori	left	(648, 384)	(512, 520)	True	163906	164878	left	(512, 384)	testing
14	hx	m	21	4	circle	none	same	vert	up	N_dis	(415, 480)	True	165961	167634	up	(512, 384)	testing
14	hx	m	21	4	circle	none	same	hori	left	N_dis	(376, 384)	True	168717	169790	left	(512, 384)	testing
14	hx	m	21	4	diamond	green	same	vert	up	(648, 384)	(376, 384)	True	170888	172029	up	(512, 384)	testing
14	hx	m	21	4	diamond	none	dif	vert	up	N_dis	(608, 287)	True	173074	174292	up	(512, 384)	testing
14	hx	m	21	4	circle	green	same	vert	up	(648, 384)	(415, 480)	True	175537	176774	up	(512, 384)	testing
14	hx	m	21	4	diamond	red	same	vert	up	(376, 384)	(608, 480)	True	177883	178973	up	(512, 384)	testing
14	hx	m	21	4	circle	green	same	hori	left	(415, 287)	(415, 480)	True	180244	181563	left	(512, 384)	testing
14	hx	m	21	4	circle	red	dif	vert	up	(415, 480)	(512, 248)	True	182644	183797	up	(512, 384)	testing
14	hx	m	21	4	diamond	green	dif	vert	up	(512, 520)	(415, 287)	True	184839	185810	up	(512, 384)	testing
14	hx	m	21	4	diamond	red	same	vert	up	(648, 384)	(512, 248)	True	186836	187830	up	(512, 384)	testing
14	hx	m	21	4	circle	green	dif	vert	up	(608, 480)	(376, 384)	True	188993	190340	up	(512, 384)	testing
14	hx	m	21	4	circle	red	dif	vert	up	(648, 384)	(512, 248)	True	191485	192442	up	(512, 384)	testing
14	hx	m	21	4	circle	red	dif	hori	left	(648, 384)	(608, 480)	True	193600	194733	left	(512, 384)	testing
14	hx	m	21	4	circle	green	same	vert	up	(648, 384)	(415, 287)	True	196002	196898	up	(512, 384)	testing
14	hx	m	21	4	circle	red	dif	vert	up	(512, 520)	(608, 287)	True	198044	199217	up	(512, 384)	testing
14	hx	m	21	4	diamond	none	dif	vert	up	N_dis	(415, 287)	True	200241	201402	up	(512, 384)	testing
14	hx	m	21	4	circle	green	dif	vert	up	(648, 384)	(376, 384)	True	202592	203669	up	(512, 384)	testing
14	hx	m	21	4	circle	none	dif	vert	up	N_dis	(608, 480)	True	204785	205891	up	(512, 384)	testing
14	hx	m	21	4	circle	red	dif	vert	up	(415, 480)	(376, 384)	True	206957	208361	up	(512, 384)	testing
14	hx	m	21	4	circle	red	dif	hori	left	(376, 384)	(415, 287)	True	209617	210600	left	(512, 384)	testing
14	hx	m	21	4	diamond	red	dif	hori	left	(648, 384)	(512, 520)	True	211761	212631	left	(512, 384)	testing
14	hx	m	21	4	circle	green	dif	vert	up	(648, 384)	(608, 480)	True	213702	215055	up	(512, 384)	testing
14	hx	m	21	4	circle	green	dif	hori	left	(648, 384)	(512, 520)	True	216133	217098	left	(512, 384)	testing
14	hx	m	21	4	circle	red	same	hori	left	(648, 384)	(512, 248)	True	218348	219184	left	(512, 384)	testing
14	hx	m	21	4	diamond	green	same	vert	up	(376, 384)	(512, 520)	True	220316	221223	up	(512, 384)	testing
14	hx	m	21	4	circle	green	dif	hori	left	(608, 287)	(415, 287)	True	222349	223054	left	(512, 384)	testing
14	hx	m	21	4	circle	red	same	hori	left	(648, 384)	(376, 384)	True	224174	224957	left	(512, 384)	testing
14	hx	m	21	4	diamond	red	same	hori	left	(415, 480)	(512, 248)	True	226218	227091	left	(512, 384)	testing
14	hx	m	21	4	circle	red	same	vert	up	(648, 384)	(608, 480)	True	228295	229148	up	(512, 384)	testing
14	hx	m	21	4	circle	green	same	hori	left	(648, 384)	(415, 480)	True	230244	231073	left	(512, 384)	testing
14	hx	m	21	4	circle	none	dif	hori	left	N_dis	(415, 480)	True	232178	232961	left	(512, 384)	testing
14	hx	m	21	4	diamond	red	same	vert	up	(648, 384)	(415, 287)	True	234113	234895	up	(512, 384)	testing
14	hx	m	21	4	diamond	red	dif	hori	left	(512, 520)	(608, 287)	True	235924	236661	left	(512, 384)	testing
14	hx	m	21	4	diamond	red	dif	vert	up	(648, 384)	(376, 384)	True	237747	238444	up	(512, 384)	testing
14	hx	m	21	4	diamond	red	same	hori	left	(648, 384)	(608, 287)	True	239508	240330	left	(512, 384)	testing
14	hx	m	21	4	diamond	green	same	hori	left	(608, 480)	(415, 287)	True	241377	242106	left	(512, 384)	testing
14	hx	m	21	4	diamond	red	dif	hori	left	(648, 384)	(415, 287)	True	243145	243867	left	(512, 384)	testing
14	hx	m	21	4	circle	none	dif	vert	up	N_dis	(648, 384)	True	244942	245906	up	(512, 384)	testing
14	hx	m	21	4	circle	none	dif	hori	left	N_dis	(376, 384)	True	247171	247723	left	(512, 384)	testing
14	hx	m	21	4	diamond	green	same	vert	up	(648, 384)	(512, 520)	True	248986	249827	up	(512, 384)	testing
14	hx	m	21	4	diamond	none	same	vert	up	N_dis	(608, 287)	True	251080	251678	up	(512, 384)	testing
14	hx	m	21	4	diamond	red	same	vert	up	(415, 480)	(608, 287)	True	252752	253329	up	(512, 384)	testing
14	hx	m	21	4	circle	red	dif	vert	up	(648, 384)	(415, 480)	True	254431	255263	up	(512, 384)	testing
14	hx	m	21	4	circle	red	same	vert	up	(608, 480)	(415, 480)	True	256414	256977	up	(512, 384)	testing
14	hx	m	21	4	diamond	red	same	hori	left	(648, 384)	(376, 384)	True	258100	258726	left	(512, 384)	testing
14	hx	m	21	4	diamond	green	dif	vert	up	(608, 480)	(415, 287)	True	259965	260565	up	(512, 384)	testing
14	hx	m	21	4	diamond	red	dif	vert	up	(648, 384)	(608, 480)	True	261668	262342	up	(512, 384)	testing
