subj	name	gender	age	runNum	shape	dist	td_dif	resp	resp_key	d_loc	t_loc	gotKey	startTime	respTime	resp	fix_loc	prac
14	hx	m	21	10	circle	red	dif	hori	left	(512, 248)	(648, 384)	True	12712	13587	left	(512, 384)	testing
14	hx	m	21	10	diamond	red	dif	hori	left	(415, 287)	(608, 287)	True	14789	15459	left	(512, 384)	testing
14	hx	m	21	10	diamond	green	same	hori	left	(415, 287)	(608, 480)	True	16542	17436	left	(512, 384)	testing
14	hx	m	21	10	circle	red	dif	vert	up	(415, 480)	(376, 384)	True	18536	19495	up	(512, 384)	testing
14	hx	m	21	10	circle	none	same	hori	left	N_dis	(608, 480)	True	20609	21235	left	(512, 384)	testing
14	hx	m	21	10	circle	none	dif	hori	left	N_dis	(415, 287)	True	22367	23018	left	(512, 384)	testing
14	hx	m	21	10	diamond	none	dif	hori	left	N_dis	(512, 248)	True	24187	24884	left	(512, 384)	testing
14	hx	m	21	10	diamond	red	dif	vert	up	(415, 287)	(512, 520)	True	26077	26872	up	(512, 384)	testing
14	hx	m	21	10	diamond	green	dif	hori	left	(415, 287)	(415, 480)	True	28046	28740	left	(512, 384)	testing
14	hx	m	21	10	circle	none	same	hori	left	N_dis	(415, 287)	True	29951	30580	left	(512, 384)	testing
14	hx	m	21	10	diamond	green	dif	hori	left	(512, 520)	(415, 480)	True	31613	32327	left	(512, 384)	testing
14	hx	m	21	10	diamond	none	same	vert	up	N_dis	(376, 384)	True	33356	34118	up	(512, 384)	testing
14	hx	m	21	10	diamond	none	same	vert	up	N_dis	(648, 384)	True	35363	36006	up	(512, 384)	testing
14	hx	m	21	10	circle	red	same	vert	up	(415, 287)	(608, 287)	True	37263	38062	up	(512, 384)	testing
14	hx	m	21	10	diamond	green	dif	vert	up	(415, 287)	(512, 248)	True	39252	39877	up	(512, 384)	testing
14	hx	m	21	10	circle	green	same	hori	left	(376, 384)	(512, 248)	True	40983	41571	up	(512, 384)	testing
14	hx	m	21	10	circle	red	same	vert	up	(415, 287)	(376, 384)	True	44292	45553	up	(512, 384)	testing
14	hx	m	21	10	diamond	none	same	hori	left	N_dis	(376, 384)	True	46594	47777	left	(512, 384)	testing
14	hx	m	21	10	diamond	green	same	hori	left	(415, 287)	(512, 248)	True	48912	49899	left	(512, 384)	testing
14	hx	m	21	10	diamond	none	same	hori	left	N_dis	(512, 248)	True	51165	52152	left	(512, 384)	testing
14	hx	m	21	10	diamond	red	dif	hori	left	(512, 520)	(415, 480)	True	53331	54202	left	(512, 384)	testing
14	hx	m	21	10	circle	red	dif	hori	left	(512, 520)	(376, 384)	True	55298	56302	left	(512, 384)	testing
14	hx	m	21	10	circle	none	same	vert	up	N_dis	(512, 520)	True	57572	58407	up	(512, 384)	testing
14	hx	m	21	10	circle	none	dif	hori	left	N_dis	(415, 480)	True	59679	60383	left	(512, 384)	testing
14	hx	m	21	10	diamond	red	dif	hori	left	(608, 287)	(648, 384)	True	61563	62351	left	(512, 384)	testing
14	hx	m	21	10	diamond	green	same	hori	left	(415, 287)	(512, 248)	True	63425	64785	left	(512, 384)	testing
14	hx	m	21	10	circle	none	dif	hori	left	N_dis	(512, 248)	True	65879	66739	left	(512, 384)	testing
14	hx	m	21	10	circle	none	same	vert	up	N_dis	(608, 480)	True	67992	68850	up	(512, 384)	testing
14	hx	m	21	10	diamond	red	same	hori	left	(415, 287)	(608, 480)	True	70103	70912	left	(512, 384)	testing
14	hx	m	21	10	circle	green	dif	vert	up	(415, 287)	(376, 384)	True	71997	73614	up	(512, 384)	testing
14	hx	m	21	10	circle	green	dif	vert	up	(415, 287)	(415, 480)	True	74660	75810	up	(512, 384)	testing
14	hx	m	21	10	diamond	none	dif	vert	up	N_dis	(648, 384)	True	77052	77980	up	(512, 384)	testing
14	hx	m	21	10	diamond	green	same	vert	up	(415, 287)	(608, 480)	True	79141	80044	up	(512, 384)	testing
14	hx	m	21	10	circle	red	same	hori	left	(415, 287)	(608, 480)	True	81292	82852	left	(512, 384)	testing
14	hx	m	21	10	circle	none	dif	hori	left	N_dis	(608, 287)	True	83905	84687	left	(512, 384)	testing
14	hx	m	21	10	diamond	green	dif	vert	up	(415, 287)	(512, 248)	True	85773	86578	up	(512, 384)	testing
14	hx	m	21	10	diamond	green	same	vert	up	(415, 287)	(415, 480)	True	87757	88840	up	(512, 384)	testing
14	hx	m	21	10	diamond	green	dif	hori	left	(415, 287)	(376, 384)	True	90015	91366	left	(512, 384)	testing
14	hx	m	21	10	circle	none	dif	vert	up	N_dis	(415, 480)	True	92398	93643	up	(512, 384)	testing
14	hx	m	21	10	circle	red	dif	vert	up	(415, 287)	(512, 248)	True	94874	96132	up	(512, 384)	testing
14	hx	m	21	10	diamond	none	same	vert	up	N_dis	(376, 384)	True	97375	99041	up	(512, 384)	testing
14	hx	m	21	10	circle	red	same	vert	up	(415, 287)	(608, 480)	True	100243	101246	up	(512, 384)	testing
14	hx	m	21	10	diamond	red	dif	vert	up	(512, 248)	(608, 287)	True	102373	103496	up	(512, 384)	testing
14	hx	m	21	10	diamond	none	dif	hori	left	N_dis	(415, 287)	True	104592	105499	left	(512, 384)	testing
14	hx	m	21	10	circle	green	same	vert	up	(415, 287)	(648, 384)	True	106709	107924	up	(512, 384)	testing
14	hx	m	21	10	diamond	none	dif	hori	left	N_dis	(512, 248)	True	108956	110039	left	(512, 384)	testing
14	hx	m	21	10	diamond	green	dif	vert	up	(376, 384)	(608, 480)	True	111201	112115	up	(512, 384)	testing
14	hx	m	21	10	circle	red	dif	vert	up	(415, 287)	(415, 480)	True	113268	114125	up	(512, 384)	testing
14	hx	m	21	10	diamond	green	dif	vert	up	(415, 287)	(648, 384)	True	115290	116233	up	(512, 384)	testing
14	hx	m	21	10	diamond	green	same	hori	left	(415, 287)	(608, 287)	True	117310	118553	left	(512, 384)	testing
14	hx	m	21	10	diamond	none	same	hori	left	N_dis	(415, 287)	True	119579	120440	left	(512, 384)	testing
14	hx	m	21	10	diamond	none	dif	hori	left	N_dis	(415, 287)	True	121622	122477	left	(512, 384)	testing
14	hx	m	21	10	circle	green	same	vert	up	(648, 384)	(415, 480)	True	123589	124982	up	(512, 384)	testing
14	hx	m	21	10	circle	green	dif	hori	left	(415, 287)	(376, 384)	True	126091	127380	left	(512, 384)	testing
14	hx	m	21	10	diamond	red	dif	hori	left	(415, 287)	(415, 480)	True	128575	129545	left	(512, 384)	testing
14	hx	m	21	10	diamond	red	same	hori	left	(415, 287)	(608, 287)	True	130793	131636	left	(512, 384)	testing
14	hx	m	21	10	diamond	none	dif	vert	up	N_dis	(648, 384)	True	132736	133504	up	(512, 384)	testing
14	hx	m	21	10	circle	none	dif	vert	up	N_dis	(415, 480)	True	134744	135586	up	(512, 384)	testing
14	hx	m	21	10	circle	red	dif	hori	left	(648, 384)	(608, 287)	True	136800	137760	left	(512, 384)	testing
14	hx	m	21	10	circle	green	same	hori	left	(415, 287)	(608, 287)	True	139015	140129	left	(512, 384)	testing
14	hx	m	21	10	circle	red	same	hori	left	(415, 287)	(415, 480)	True	141327	142277	left	(512, 384)	testing
14	hx	m	21	10	circle	none	dif	vert	up	N_dis	(415, 480)	True	143538	144342	up	(512, 384)	testing
14	hx	m	21	10	circle	red	same	hori	left	(415, 480)	(376, 384)	True	145515	146319	left	(512, 384)	testing
14	hx	m	21	10	diamond	red	same	hori	left	(415, 287)	(608, 480)	True	147535	148318	left	(512, 384)	testing
14	hx	m	21	10	circle	red	same	hori	left	(415, 287)	(376, 384)	True	149387	150249	left	(512, 384)	testing
14	hx	m	21	10	circle	red	dif	hori	left	(415, 287)	(512, 520)	True	151312	152263	left	(512, 384)	testing
14	hx	m	21	10	diamond	red	same	vert	up	(512, 248)	(376, 384)	True	153337	154225	up	(512, 384)	testing
14	hx	m	21	10	diamond	red	same	vert	up	(415, 287)	(415, 480)	True	155351	156113	up	(512, 384)	testing
14	hx	m	21	10	diamond	red	dif	vert	up	(415, 287)	(648, 384)	True	157214	157943	up	(512, 384)	testing
14	hx	m	21	10	diamond	green	same	vert	up	(415, 287)	(648, 384)	True	159193	159834	up	(512, 384)	testing
14	hx	m	21	10	circle	red	same	vert	up	(415, 287)	(512, 520)	True	161054	161947	up	(512, 384)	testing
14	hx	m	21	10	diamond	red	dif	vert	up	(608, 480)	(415, 480)	True	163189	163956	up	(512, 384)	testing
14	hx	m	21	10	circle	green	dif	vert	up	(415, 287)	(512, 520)	True	165220	165941	up	(512, 384)	testing
14	hx	m	21	10	diamond	red	same	vert	up	(415, 287)	(512, 248)	True	167167	167991	up	(512, 384)	testing
14	hx	m	21	10	diamond	none	dif	hori	left	N_dis	(512, 520)	True	169125	169979	left	(512, 384)	testing
14	hx	m	21	10	diamond	none	dif	vert	up	N_dis	(608, 480)	True	171013	171936	up	(512, 384)	testing
14	hx	m	21	10	circle	green	same	vert	up	(648, 384)	(376, 384)	True	173044	173946	up	(512, 384)	testing
14	hx	m	21	10	circle	green	dif	vert	up	(415, 287)	(512, 520)	True	175071	176141	up	(512, 384)	testing
14	hx	m	21	10	diamond	red	same	hori	left	(415, 287)	(608, 480)	True	177225	178207	left	(512, 384)	testing
14	hx	m	21	10	circle	green	dif	hori	left	(608, 287)	(376, 384)	True	179347	180451	left	(512, 384)	testing
14	hx	m	21	10	circle	green	dif	hori	left	(608, 287)	(648, 384)	True	181700	182734	left	(512, 384)	testing
14	hx	m	21	10	circle	green	same	hori	left	(415, 287)	(648, 384)	True	183853	184828	left	(512, 384)	testing
14	hx	m	21	10	diamond	green	same	vert	up	(608, 480)	(512, 248)	True	185972	187052	up	(512, 384)	testing
14	hx	m	21	10	diamond	none	same	vert	up	N_dis	(608, 480)	True	188225	189191	up	(512, 384)	testing
14	hx	m	21	10	circle	green	dif	hori	left	(415, 287)	(376, 384)	True	190266	191465	left	(512, 384)	testing
14	hx	m	21	10	circle	red	dif	vert	up	(415, 287)	(512, 520)	True	192664	193565	up	(512, 384)	testing
14	hx	m	21	10	circle	none	same	hori	left	N_dis	(608, 480)	True	194791	195478	left	(512, 384)	testing
14	hx	m	21	10	circle	red	same	vert	up	(608, 480)	(512, 520)	True	196635	197412	up	(512, 384)	testing
14	hx	m	21	10	diamond	red	dif	vert	up	(415, 287)	(608, 287)	True	198581	199286	up	(512, 384)	testing
14	hx	m	21	10	circle	green	dif	vert	up	(415, 287)	(608, 480)	True	200527	201225	up	(512, 384)	testing
14	hx	m	21	10	diamond	green	same	vert	up	(415, 287)	(648, 384)	True	202379	203582	up	(512, 384)	testing
14	hx	m	21	10	diamond	none	dif	vert	up	N_dis	(512, 248)	True	204778	205779	up	(512, 384)	testing
14	hx	m	21	10	circle	red	dif	vert	up	(415, 287)	(512, 520)	True	206944	207929	up	(512, 384)	testing
14	hx	m	21	10	circle	green	dif	hori	left	(608, 480)	(512, 248)	True	209164	210007	left	(512, 384)	testing
14	hx	m	21	10	diamond	red	same	hori	left	(512, 520)	(376, 384)	True	211251	212175	left	(512, 384)	testing
14	hx	m	21	10	diamond	green	same	hori	left	(415, 287)	(608, 480)	True	213439	214172	left	(512, 384)	testing
14	hx	m	21	10	diamond	none	dif	vert	up	N_dis	(648, 384)	True	215372	216091	up	(512, 384)	testing
14	hx	m	21	10	circle	green	same	hori	left	(415, 287)	(648, 384)	True	217194	218164	left	(512, 384)	testing
14	hx	m	21	10	circle	none	same	vert	up	N_dis	(648, 384)	True	219271	220312	up	(512, 384)	testing
14	hx	m	21	10	circle	green	same	hori	left	(415, 287)	(512, 248)	True	221356	222229	left	(512, 384)	testing
14	hx	m	21	10	diamond	red	dif	hori	left	(415, 287)	(608, 287)	True	223365	224077	left	(512, 384)	testing
14	hx	m	21	10	circle	red	same	hori	left	(415, 287)	(608, 480)	True	225127	225974	left	(512, 384)	testing
14	hx	m	21	10	diamond	green	dif	hori	left	(415, 287)	(376, 384)	True	227164	227885	left	(512, 384)	testing
14	hx	m	21	10	circle	none	same	hori	left	N_dis	(608, 287)	True	228919	229550	left	(512, 384)	testing
14	hx	m	21	10	circle	none	same	vert	up	N_dis	(608, 287)	True	230787	231429	up	(512, 384)	testing
14	hx	m	21	10	diamond	none	same	hori	left	N_dis	(376, 384)	True	232491	233240	left	(512, 384)	testing
14	hx	m	21	10	circle	green	same	vert	up	(512, 248)	(608, 287)	True	234451	235551	up	(512, 384)	testing
14	hx	m	21	10	diamond	none	same	hori	left	N_dis	(608, 287)	True	236798	237395	left	(512, 384)	testing
14	hx	m	21	10	diamond	green	dif	vert	up	(376, 384)	(512, 520)	True	238418	239445	up	(512, 384)	testing
14	hx	m	21	10	circle	green	same	vert	up	(376, 384)	(415, 480)	True	240616	241614	left	(512, 384)	testing
14	hx	m	21	10	diamond	red	same	vert	up	(415, 480)	(648, 384)	True	244360	245170	up	(512, 384)	testing
14	hx	m	21	10	circle	none	dif	vert	up	N_dis	(512, 520)	True	246396	247977	up	(512, 384)	testing
14	hx	m	21	10	circle	none	dif	vert	up	N_dis	(512, 520)	True	249081	249771	up	(512, 384)	testing
14	hx	m	21	10	circle	none	same	vert	up	N_dis	(512, 520)	True	250982	251628	up	(512, 384)	testing
14	hx	m	21	10	diamond	green	dif	hori	left	(648, 384)	(512, 248)	True	252723	253853	left	(512, 384)	testing
14	hx	m	21	10	circle	none	same	hori	left	N_dis	(415, 480)	True	255012	255801	left	(512, 384)	testing
14	hx	m	21	10	diamond	none	same	vert	up	N_dis	(376, 384)	True	257056	257817	up	(512, 384)	testing
14	hx	m	21	10	circle	red	dif	hori	left	(608, 287)	(608, 480)	True	259004	260377	left	(512, 384)	testing
14	hx	m	21	10	diamond	red	same	vert	up	(415, 480)	(512, 248)	True	261417	262543	up	(512, 384)	testing
14	hx	m	21	10	circle	none	dif	hori	left	N_dis	(608, 287)	True	263797	264565	left	(512, 384)	testing
conf	14	hx	m	21	10	5	1	4	2	space	None	None	None	None	None	True	304784	310637	2
