subj	name	gender	age	runNum	shape	dist	td_dif	resp	resp_key	d_loc	t_loc	gotKey	startTime	respTime	resp	fix_loc	prac
15	ty	f	20	6	circle	none	dif	hori	left	N_dis	(415, 480)	True	26119	26693	left	(512, 384)	testing
15	ty	f	20	6	diamond	none	same	vert	up	N_dis	(608, 480)	True	27921	28419	up	(512, 384)	testing
15	ty	f	20	6	circle	green	same	hori	left	(608, 287)	(512, 248)	True	29446	30245	left	(512, 384)	testing
15	ty	f	20	6	circle	red	dif	hori	left	(608, 480)	(648, 384)	True	31325	32124	left	(512, 384)	testing
15	ty	f	20	6	circle	green	same	vert	up	(648, 384)	(608, 480)	True	33312	33772	up	(512, 384)	testing
15	ty	f	20	6	circle	red	same	hori	left	(608, 287)	(415, 480)	True	34907	35573	left	(512, 384)	testing
15	ty	f	20	6	circle	red	dif	hori	left	(608, 287)	(415, 480)	True	36681	37538	left	(512, 384)	testing
15	ty	f	20	6	circle	red	dif	vert	up	(608, 287)	(608, 480)	True	38681	39252	up	(512, 384)	testing
15	ty	f	20	6	diamond	red	dif	vert	up	(512, 520)	(376, 384)	True	40351	40965	up	(512, 384)	testing
15	ty	f	20	6	diamond	green	dif	vert	up	(608, 287)	(512, 248)	True	42017	42657	up	(512, 384)	testing
15	ty	f	20	6	diamond	red	same	hori	left	(608, 287)	(512, 520)	True	43681	44377	left	(512, 384)	testing
15	ty	f	20	6	circle	none	same	vert	up	N_dis	(608, 287)	True	45411	46245	up	(512, 384)	testing
15	ty	f	20	6	diamond	green	dif	vert	up	(608, 287)	(415, 480)	True	47335	48030	up	(512, 384)	testing
15	ty	f	20	6	circle	none	dif	hori	left	N_dis	(648, 384)	True	49058	49710	left	(512, 384)	testing
15	ty	f	20	6	diamond	green	dif	hori	left	(608, 287)	(512, 248)	True	50760	51366	left	(512, 384)	testing
15	ty	f	20	6	diamond	red	same	hori	left	(415, 287)	(512, 520)	True	52555	53084	left	(512, 384)	testing
15	ty	f	20	6	circle	green	same	hori	left	(376, 384)	(512, 520)	True	54221	55069	left	(512, 384)	testing
15	ty	f	20	6	circle	red	dif	hori	left	(608, 287)	(415, 287)	True	56138	57093	left	(512, 384)	testing
15	ty	f	20	6	circle	none	same	hori	left	N_dis	(648, 384)	True	58311	59193	left	(512, 384)	testing
15	ty	f	20	6	diamond	red	same	vert	up	(608, 287)	(376, 384)	True	60272	60920	up	(512, 384)	testing
15	ty	f	20	6	circle	none	dif	hori	left	N_dis	(608, 287)	True	61992	63292	left	(512, 384)	testing
15	ty	f	20	6	circle	red	dif	vert	up	(608, 287)	(648, 384)	True	64465	65257	up	(512, 384)	testing
15	ty	f	20	6	diamond	green	same	vert	up	(608, 287)	(415, 287)	True	66307	67051	up	(512, 384)	testing
15	ty	f	20	6	diamond	green	same	hori	left	(415, 480)	(648, 384)	True	68095	68643	left	(512, 384)	testing
15	ty	f	20	6	circle	red	dif	hori	left	(608, 287)	(415, 287)	True	69840	70854	left	(512, 384)	testing
15	ty	f	20	6	circle	red	same	vert	up	(512, 248)	(608, 480)	True	72000	72708	up	(512, 384)	testing
15	ty	f	20	6	diamond	green	same	hori	left	(608, 287)	(376, 384)	True	73861	74350	left	(512, 384)	testing
15	ty	f	20	6	diamond	green	dif	vert	up	(608, 287)	(648, 384)	True	75403	76025	up	(512, 384)	testing
15	ty	f	20	6	diamond	none	same	hori	left	N_dis	(608, 287)	True	77060	77687	left	(512, 384)	testing
15	ty	f	20	6	diamond	red	dif	vert	up	(648, 384)	(512, 248)	True	78851	79502	up	(512, 384)	testing
15	ty	f	20	6	circle	green	same	hori	left	(415, 287)	(376, 384)	True	80592	81273	left	(512, 384)	testing
15	ty	f	20	6	diamond	none	same	hori	left	N_dis	(648, 384)	True	82468	82962	left	(512, 384)	testing
15	ty	f	20	6	circle	none	dif	vert	up	N_dis	(415, 287)	True	84071	84939	up	(512, 384)	testing
15	ty	f	20	6	diamond	red	dif	hori	left	(608, 287)	(415, 480)	True	85969	86564	left	(512, 384)	testing
15	ty	f	20	6	circle	none	dif	hori	left	N_dis	(648, 384)	True	87673	88258	left	(512, 384)	testing
15	ty	f	20	6	circle	green	same	hori	left	(608, 287)	(608, 480)	True	89398	90223	left	(512, 384)	testing
15	ty	f	20	6	diamond	none	same	vert	up	N_dis	(415, 480)	True	91328	91738	left	(512, 384)	testing
15	ty	f	20	6	circle	none	same	hori	left	N_dis	(608, 480)	True	94437	95055	left	(512, 384)	testing
15	ty	f	20	6	circle	red	same	vert	up	(608, 287)	(415, 480)	True	96185	99070	up	(512, 384)	testing
15	ty	f	20	6	diamond	green	same	vert	up	(415, 287)	(512, 520)	True	100279	101070	up	(512, 384)	testing
15	ty	f	20	6	circle	none	same	vert	up	N_dis	(512, 520)	True	102177	103124	up	(512, 384)	testing
15	ty	f	20	6	diamond	green	same	vert	up	(608, 287)	(512, 248)	True	104253	105069	up	(512, 384)	testing
15	ty	f	20	6	diamond	green	dif	vert	up	(415, 480)	(415, 287)	True	106316	106870	up	(512, 384)	testing
15	ty	f	20	6	diamond	none	dif	vert	up	N_dis	(415, 480)	True	108080	108941	up	(512, 384)	testing
15	ty	f	20	6	diamond	red	dif	vert	up	(608, 287)	(512, 248)	True	110068	110614	up	(512, 384)	testing
15	ty	f	20	6	circle	red	dif	vert	up	(648, 384)	(415, 480)	True	111718	112625	up	(512, 384)	testing
15	ty	f	20	6	diamond	none	same	hori	left	N_dis	(376, 384)	True	113898	114696	left	(512, 384)	testing
15	ty	f	20	6	circle	red	same	vert	up	(608, 287)	(415, 480)	True	115909	116642	up	(512, 384)	testing
15	ty	f	20	6	diamond	red	same	hori	left	(608, 287)	(415, 287)	True	117673	118484	left	(512, 384)	testing
15	ty	f	20	6	circle	green	dif	hori	left	(512, 520)	(415, 287)	True	119632	120444	left	(512, 384)	testing
15	ty	f	20	6	diamond	none	dif	hori	left	N_dis	(415, 287)	True	121659	122240	left	(512, 384)	testing
15	ty	f	20	6	circle	none	same	hori	left	N_dis	(415, 287)	True	123382	124729	left	(512, 384)	testing
15	ty	f	20	6	diamond	red	same	vert	up	(608, 287)	(376, 384)	True	125887	126466	up	(512, 384)	testing
15	ty	f	20	6	diamond	red	same	vert	up	(608, 287)	(512, 520)	True	127491	128140	up	(512, 384)	testing
15	ty	f	20	6	diamond	green	dif	hori	left	(608, 287)	(648, 384)	True	129386	130134	left	(512, 384)	testing
15	ty	f	20	6	diamond	green	dif	hori	left	(512, 520)	(415, 480)	True	131390	132014	left	(512, 384)	testing
15	ty	f	20	6	circle	red	same	hori	left	(608, 287)	(376, 384)	True	133169	133770	left	(512, 384)	testing
15	ty	f	20	6	diamond	green	same	vert	up	(608, 287)	(415, 287)	True	134885	135343	left	(512, 384)	testing
15	ty	f	20	6	circle	green	same	vert	up	(608, 287)	(415, 480)	True	138081	139059	up	(512, 384)	testing
15	ty	f	20	6	circle	green	same	hori	left	(608, 287)	(415, 480)	True	140287	140840	left	(512, 384)	testing
15	ty	f	20	6	diamond	green	same	hori	left	(608, 287)	(512, 520)	True	141956	142659	left	(512, 384)	testing
15	ty	f	20	6	circle	none	dif	vert	up	N_dis	(376, 384)	True	143748	144720	up	(512, 384)	testing
15	ty	f	20	6	circle	none	same	vert	up	N_dis	(608, 480)	True	145934	146685	up	(512, 384)	testing
15	ty	f	20	6	diamond	green	same	vert	up	(608, 287)	(608, 480)	True	147941	148585	up	(512, 384)	testing
15	ty	f	20	6	diamond	none	dif	hori	left	N_dis	(512, 520)	True	149754	150384	left	(512, 384)	testing
15	ty	f	20	6	circle	green	same	vert	up	(512, 520)	(512, 248)	True	151651	152669	up	(512, 384)	testing
15	ty	f	20	6	circle	red	same	hori	left	(608, 480)	(512, 248)	True	153838	154960	left	(512, 384)	testing
15	ty	f	20	6	circle	green	dif	hori	left	(608, 287)	(415, 287)	True	156001	156680	left	(512, 384)	testing
15	ty	f	20	6	circle	red	same	hori	left	(608, 287)	(512, 520)	True	157796	158354	left	(512, 384)	testing
15	ty	f	20	6	diamond	red	same	hori	left	(512, 248)	(415, 480)	True	159416	160366	left	(512, 384)	testing
15	ty	f	20	6	diamond	none	dif	vert	up	N_dis	(415, 287)	True	161497	162299	up	(512, 384)	testing
15	ty	f	20	6	diamond	none	same	vert	up	N_dis	(608, 287)	True	163482	164350	up	(512, 384)	testing
15	ty	f	20	6	diamond	none	dif	vert	up	N_dis	(512, 520)	True	165407	166004	up	(512, 384)	testing
15	ty	f	20	6	circle	none	dif	vert	up	N_dis	(415, 480)	True	167183	168166	up	(512, 384)	testing
15	ty	f	20	6	diamond	green	dif	vert	up	(648, 384)	(415, 480)	True	169283	169973	up	(512, 384)	testing
15	ty	f	20	6	circle	none	same	hori	left	N_dis	(415, 287)	True	171099	171767	left	(512, 384)	testing
15	ty	f	20	6	diamond	none	dif	hori	left	N_dis	(415, 480)	True	172865	173440	left	(512, 384)	testing
15	ty	f	20	6	circle	green	dif	vert	up	(608, 287)	(512, 248)	True	174468	175574	left	(512, 384)	testing
15	ty	f	20	6	diamond	green	dif	hori	left	(512, 248)	(512, 520)	True	178251	178936	left	(512, 384)	testing
15	ty	f	20	6	circle	red	same	vert	up	(608, 287)	(376, 384)	True	180196	180927	up	(512, 384)	testing
15	ty	f	20	6	circle	red	dif	vert	up	(608, 287)	(512, 520)	True	181983	182749	up	(512, 384)	testing
15	ty	f	20	6	circle	green	same	vert	up	(608, 287)	(415, 287)	True	183960	185644	up	(512, 384)	testing
15	ty	f	20	6	circle	red	same	vert	up	(608, 287)	(648, 384)	True	186902	187750	up	(512, 384)	testing
15	ty	f	20	6	diamond	red	dif	hori	left	(512, 248)	(376, 384)	True	188938	189495	left	(512, 384)	testing
15	ty	f	20	6	circle	green	dif	hori	left	(608, 480)	(415, 287)	True	190731	191840	left	(512, 384)	testing
15	ty	f	20	6	circle	green	dif	vert	up	(608, 287)	(512, 248)	True	192931	193860	up	(512, 384)	testing
15	ty	f	20	6	circle	none	same	hori	left	N_dis	(376, 384)	True	194932	195450	left	(512, 384)	testing
15	ty	f	20	6	circle	none	same	vert	up	N_dis	(376, 384)	True	196488	197164	up	(512, 384)	testing
15	ty	f	20	6	diamond	none	same	vert	up	N_dis	(512, 248)	True	198398	199107	up	(512, 384)	testing
15	ty	f	20	6	circle	green	same	vert	up	(608, 287)	(512, 520)	True	200328	201289	up	(512, 384)	testing
15	ty	f	20	6	diamond	none	dif	hori	left	N_dis	(376, 384)	True	202519	202970	left	(512, 384)	testing
15	ty	f	20	6	diamond	green	same	hori	left	(608, 287)	(608, 480)	True	204047	204583	left	(512, 384)	testing
15	ty	f	20	6	diamond	red	dif	hori	left	(608, 287)	(512, 520)	True	205846	207351	left	(512, 384)	testing
15	ty	f	20	6	circle	green	dif	hori	left	(608, 287)	(376, 384)	True	208405	209014	left	(512, 384)	testing
15	ty	f	20	6	diamond	red	same	vert	up	(376, 384)	(608, 480)	True	210156	210733	up	(512, 384)	testing
15	ty	f	20	6	circle	red	dif	hori	left	(376, 384)	(415, 480)	True	211856	213014	left	(512, 384)	testing
15	ty	f	20	6	diamond	none	dif	hori	left	N_dis	(608, 480)	True	214177	214688	left	(512, 384)	testing
15	ty	f	20	6	circle	green	dif	vert	up	(608, 287)	(648, 384)	True	215896	217010	up	(512, 384)	testing
15	ty	f	20	6	diamond	green	same	hori	left	(415, 287)	(415, 480)	True	218095	218825	left	(512, 384)	testing
15	ty	f	20	6	diamond	red	dif	vert	up	(608, 287)	(608, 480)	True	220000	220595	up	(512, 384)	testing
15	ty	f	20	6	circle	none	dif	hori	left	N_dis	(648, 384)	True	221783	222489	left	(512, 384)	testing
15	ty	f	20	6	circle	red	dif	vert	up	(415, 480)	(415, 287)	True	223590	224531	up	(512, 384)	testing
15	ty	f	20	6	diamond	red	dif	hori	left	(608, 287)	(608, 480)	True	225579	226128	left	(512, 384)	testing
15	ty	f	20	6	diamond	none	same	hori	left	N_dis	(608, 480)	True	227186	227680	left	(512, 384)	testing
15	ty	f	20	6	circle	green	dif	vert	up	(376, 384)	(648, 384)	True	228879	229528	up	(512, 384)	testing
15	ty	f	20	6	circle	green	dif	hori	left	(608, 480)	(415, 287)	True	230691	231385	left	(512, 384)	testing
15	ty	f	20	6	diamond	red	dif	vert	up	(608, 287)	(648, 384)	True	232450	233099	up	(512, 384)	testing
15	ty	f	20	6	diamond	none	same	vert	up	N_dis	(512, 248)	True	234157	234696	up	(512, 384)	testing
15	ty	f	20	6	circle	green	dif	vert	up	(608, 287)	(648, 384)	True	235817	236368	up	(512, 384)	testing
15	ty	f	20	6	circle	none	dif	vert	up	N_dis	(512, 248)	True	237546	238079	up	(512, 384)	testing
15	ty	f	20	6	diamond	red	same	hori	left	(608, 287)	(415, 480)	True	239325	239825	left	(512, 384)	testing
15	ty	f	20	6	circle	none	dif	vert	up	N_dis	(608, 287)	True	240853	241470	up	(512, 384)	testing
15	ty	f	20	6	circle	red	same	hori	left	(415, 480)	(512, 520)	True	242568	244104	left	(512, 384)	testing
15	ty	f	20	6	diamond	none	dif	vert	up	N_dis	(512, 520)	True	245360	245940	up	(512, 384)	testing
15	ty	f	20	6	diamond	none	same	hori	left	N_dis	(512, 248)	True	247034	247633	left	(512, 384)	testing
15	ty	f	20	6	diamond	red	same	vert	up	(608, 287)	(608, 480)	True	248866	249516	up	(512, 384)	testing
15	ty	f	20	6	diamond	none	dif	vert	up	N_dis	(512, 520)	True	250720	251387	up	(512, 384)	testing
15	ty	f	20	6	diamond	green	dif	hori	left	(608, 287)	(415, 480)	True	252591	253164	left	(512, 384)	testing
15	ty	f	20	6	diamond	red	dif	hori	left	(608, 287)	(376, 384)	True	254407	254865	left	(512, 384)	testing
15	ty	f	20	6	circle	none	same	vert	up	N_dis	(512, 248)	True	255912	256725	up	(512, 384)	testing
