subj	name	gender	age	runNum	shape	dist	td_dif	resp	resp_key	d_loc	t_loc	gotKey	startTime	respTime	resp	fix_loc	prac
15	ty	f	20	7	diamond	none	dif	vert	up	N_dis	(415, 287)	True	7461	7998	up	(512, 384)	testing
15	ty	f	20	7	circle	none	same	vert	up	N_dis	(376, 384)	True	9263	9943	up	(512, 384)	testing
15	ty	f	20	7	circle	red	same	hori	left	(415, 287)	(512, 520)	True	11016	11600	left	(512, 384)	testing
15	ty	f	20	7	diamond	green	dif	hori	left	(376, 384)	(648, 384)	True	12787	13600	left	(512, 384)	testing
15	ty	f	20	7	circle	green	dif	hori	left	(512, 248)	(512, 520)	True	14634	15434	left	(512, 384)	testing
15	ty	f	20	7	diamond	red	dif	hori	left	(376, 384)	(608, 480)	True	16486	17090	left	(512, 384)	testing
15	ty	f	20	7	circle	red	dif	hori	left	(608, 480)	(415, 480)	True	18175	19121	left	(512, 384)	testing
15	ty	f	20	7	circle	red	dif	hori	left	(376, 384)	(648, 384)	True	20226	20861	left	(512, 384)	testing
15	ty	f	20	7	diamond	green	dif	vert	up	(376, 384)	(608, 480)	True	22123	22730	up	(512, 384)	testing
15	ty	f	20	7	diamond	none	dif	vert	up	N_dis	(608, 287)	True	23999	24975	up	(512, 384)	testing
15	ty	f	20	7	diamond	green	dif	vert	up	(376, 384)	(648, 384)	True	26162	26717	up	(512, 384)	testing
15	ty	f	20	7	diamond	green	same	vert	up	(376, 384)	(415, 480)	True	27819	28437	left	(512, 384)	testing
15	ty	f	20	7	circle	green	same	hori	left	(512, 520)	(415, 287)	True	30992	32136	left	(512, 384)	testing
15	ty	f	20	7	diamond	red	dif	hori	left	(376, 384)	(608, 480)	True	33374	33951	left	(512, 384)	testing
15	ty	f	20	7	diamond	none	same	hori	left	N_dis	(512, 248)	True	35063	35896	left	(512, 384)	testing
15	ty	f	20	7	circle	red	same	vert	up	(376, 384)	(648, 384)	True	37110	38091	up	(512, 384)	testing
15	ty	f	20	7	diamond	none	dif	vert	up	N_dis	(512, 248)	True	39223	39926	up	(512, 384)	testing
15	ty	f	20	7	circle	red	same	hori	left	(376, 384)	(415, 480)	True	41011	42828	left	(512, 384)	testing
15	ty	f	20	7	diamond	green	dif	hori	left	(648, 384)	(512, 248)	True	44009	44785	left	(512, 384)	testing
15	ty	f	20	7	circle	none	same	hori	left	N_dis	(512, 248)	True	45974	47035	left	(512, 384)	testing
15	ty	f	20	7	diamond	red	dif	vert	up	(376, 384)	(512, 248)	True	48291	48895	up	(512, 384)	testing
15	ty	f	20	7	circle	none	dif	hori	left	N_dis	(608, 287)	True	50037	50624	left	(512, 384)	testing
15	ty	f	20	7	diamond	green	same	hori	left	(512, 520)	(512, 248)	True	51895	52463	left	(512, 384)	testing
15	ty	f	20	7	circle	green	same	vert	up	(415, 287)	(608, 480)	True	53493	54333	up	(512, 384)	testing
15	ty	f	20	7	circle	none	dif	vert	up	N_dis	(512, 520)	True	55425	56098	left	(512, 384)	testing
15	ty	f	20	7	diamond	red	same	hori	left	(376, 384)	(415, 287)	True	58736	59576	left	(512, 384)	testing
15	ty	f	20	7	diamond	green	same	hori	left	(648, 384)	(608, 287)	True	60601	61442	left	(512, 384)	testing
15	ty	f	20	7	circle	none	dif	vert	up	N_dis	(415, 287)	True	62553	63638	up	(512, 384)	testing
15	ty	f	20	7	circle	none	dif	hori	left	N_dis	(415, 287)	True	64762	65928	left	(512, 384)	testing
15	ty	f	20	7	diamond	green	same	hori	left	(512, 520)	(608, 287)	True	67086	67859	left	(512, 384)	testing
15	ty	f	20	7	circle	red	dif	hori	left	(376, 384)	(512, 520)	True	69000	69873	left	(512, 384)	testing
15	ty	f	20	7	circle	green	dif	vert	up	(376, 384)	(648, 384)	True	71034	71647	up	(512, 384)	testing
15	ty	f	20	7	circle	red	dif	hori	left	(376, 384)	(415, 480)	True	72818	73521	left	(512, 384)	testing
15	ty	f	20	7	diamond	green	dif	hori	left	(376, 384)	(512, 520)	True	74689	75303	left	(512, 384)	testing
15	ty	f	20	7	diamond	none	same	hori	left	N_dis	(608, 287)	True	76562	77134	left	(512, 384)	testing
15	ty	f	20	7	diamond	none	same	vert	up	N_dis	(648, 384)	True	78386	79030	up	(512, 384)	testing
15	ty	f	20	7	circle	none	dif	vert	up	N_dis	(376, 384)	True	80151	81204	up	(512, 384)	testing
15	ty	f	20	7	diamond	none	same	vert	up	N_dis	(415, 480)	True	82351	83021	up	(512, 384)	testing
15	ty	f	20	7	diamond	green	dif	vert	up	(376, 384)	(415, 480)	True	84107	84862	up	(512, 384)	testing
15	ty	f	20	7	circle	red	dif	hori	left	(376, 384)	(648, 384)	True	86090	86707	left	(512, 384)	testing
15	ty	f	20	7	diamond	none	same	hori	left	N_dis	(415, 480)	True	87841	88498	left	(512, 384)	testing
15	ty	f	20	7	circle	none	same	vert	up	N_dis	(415, 287)	True	89719	90603	up	(512, 384)	testing
15	ty	f	20	7	diamond	green	same	vert	up	(376, 384)	(415, 480)	True	91681	92382	up	(512, 384)	testing
15	ty	f	20	7	circle	none	dif	vert	up	N_dis	(512, 520)	True	93554	94270	up	(512, 384)	testing
15	ty	f	20	7	circle	green	same	hori	left	(608, 480)	(512, 520)	True	95514	96049	left	(512, 384)	testing
15	ty	f	20	7	diamond	none	same	hori	left	N_dis	(512, 520)	True	97159	97833	left	(512, 384)	testing
15	ty	f	20	7	circle	red	dif	vert	up	(648, 384)	(415, 480)	True	98924	99707	up	(512, 384)	testing
15	ty	f	20	7	circle	red	same	vert	up	(376, 384)	(415, 287)	True	100780	101912	up	(512, 384)	testing
15	ty	f	20	7	diamond	red	dif	vert	up	(415, 480)	(512, 520)	True	103074	103735	up	(512, 384)	testing
15	ty	f	20	7	circle	green	same	vert	up	(376, 384)	(512, 520)	True	104819	105591	up	(512, 384)	testing
15	ty	f	20	7	circle	green	dif	vert	up	(376, 384)	(415, 480)	True	106803	107648	up	(512, 384)	testing
15	ty	f	20	7	circle	red	dif	vert	up	(376, 384)	(608, 480)	True	108911	109502	up	(512, 384)	testing
15	ty	f	20	7	circle	green	same	vert	up	(608, 287)	(648, 384)	True	110560	111200	up	(512, 384)	testing
15	ty	f	20	7	circle	red	same	vert	up	(376, 384)	(415, 287)	True	112421	113109	up	(512, 384)	testing
15	ty	f	20	7	circle	red	same	vert	up	(376, 384)	(415, 287)	True	114293	114875	up	(512, 384)	testing
15	ty	f	20	7	diamond	red	dif	hori	left	(608, 480)	(648, 384)	True	115955	116903	left	(512, 384)	testing
15	ty	f	20	7	circle	red	dif	vert	up	(376, 384)	(608, 287)	True	117956	118797	up	(512, 384)	testing
15	ty	f	20	7	diamond	none	same	hori	left	N_dis	(512, 248)	True	119908	120557	left	(512, 384)	testing
15	ty	f	20	7	diamond	green	same	vert	up	(376, 384)	(608, 287)	True	121798	122407	up	(512, 384)	testing
15	ty	f	20	7	circle	green	dif	vert	up	(376, 384)	(608, 287)	True	123491	124138	left	(512, 384)	testing
15	ty	f	20	7	diamond	none	dif	hori	left	N_dis	(608, 480)	True	126717	127341	left	(512, 384)	testing
15	ty	f	20	7	circle	none	dif	hori	left	N_dis	(608, 287)	True	128412	129044	left	(512, 384)	testing
15	ty	f	20	7	circle	none	dif	vert	up	N_dis	(415, 480)	True	130132	130768	up	(512, 384)	testing
15	ty	f	20	7	diamond	red	same	vert	up	(648, 384)	(415, 287)	True	131980	132556	up	(512, 384)	testing
15	ty	f	20	7	diamond	green	same	hori	left	(415, 287)	(608, 480)	True	133801	134352	left	(512, 384)	testing
15	ty	f	20	7	diamond	red	same	vert	up	(376, 384)	(415, 287)	True	135390	136100	up	(512, 384)	testing
15	ty	f	20	7	circle	green	dif	vert	up	(376, 384)	(512, 248)	True	137183	138239	up	(512, 384)	testing
15	ty	f	20	7	diamond	none	same	vert	up	N_dis	(415, 287)	True	139429	140087	up	(512, 384)	testing
15	ty	f	20	7	diamond	none	dif	hori	left	N_dis	(608, 287)	True	141292	141950	left	(512, 384)	testing
15	ty	f	20	7	circle	none	dif	hori	left	N_dis	(608, 480)	True	143108	143936	left	(512, 384)	testing
15	ty	f	20	7	diamond	none	dif	hori	left	N_dis	(376, 384)	True	145182	145673	left	(512, 384)	testing
15	ty	f	20	7	diamond	none	dif	vert	up	N_dis	(648, 384)	True	146784	147346	up	(512, 384)	testing
15	ty	f	20	7	circle	red	dif	vert	up	(415, 287)	(415, 480)	True	148609	149458	up	(512, 384)	testing
15	ty	f	20	7	circle	green	same	vert	up	(415, 480)	(608, 480)	True	150658	151394	up	(512, 384)	testing
15	ty	f	20	7	diamond	red	dif	vert	up	(376, 384)	(512, 248)	True	152605	153211	up	(512, 384)	testing
15	ty	f	20	7	diamond	red	dif	hori	left	(376, 384)	(608, 480)	True	154301	154997	left	(512, 384)	testing
15	ty	f	20	7	diamond	red	dif	vert	up	(608, 287)	(648, 384)	True	156058	156628	up	(512, 384)	testing
15	ty	f	20	7	circle	none	same	hori	left	N_dis	(608, 480)	True	157655	158225	left	(512, 384)	testing
15	ty	f	20	7	diamond	red	same	hori	left	(376, 384)	(648, 384)	True	159398	159897	left	(512, 384)	testing
15	ty	f	20	7	diamond	green	same	vert	up	(376, 384)	(512, 520)	True	161096	161645	up	(512, 384)	testing
15	ty	f	20	7	diamond	green	dif	hori	left	(376, 384)	(608, 287)	True	162741	163242	left	(512, 384)	testing
15	ty	f	20	7	diamond	green	same	vert	up	(376, 384)	(608, 480)	True	164350	164891	up	(512, 384)	testing
15	ty	f	20	7	circle	green	dif	hori	left	(512, 520)	(648, 384)	True	165917	166605	left	(512, 384)	testing
15	ty	f	20	7	diamond	none	same	vert	up	N_dis	(608, 480)	True	167670	168198	up	(512, 384)	testing
15	ty	f	20	7	circle	green	same	hori	left	(376, 384)	(415, 287)	True	169344	169808	left	(512, 384)	testing
15	ty	f	20	7	circle	red	same	hori	left	(415, 480)	(608, 287)	True	170967	172035	up	(512, 384)	testing
15	ty	f	20	7	diamond	red	same	vert	up	(376, 384)	(512, 520)	True	174725	175373	up	(512, 384)	testing
15	ty	f	20	7	circle	red	same	hori	left	(376, 384)	(415, 287)	True	176411	177107	left	(512, 384)	testing
15	ty	f	20	7	diamond	green	dif	vert	up	(512, 248)	(608, 287)	True	178363	179232	up	(512, 384)	testing
15	ty	f	20	7	diamond	none	dif	hori	left	N_dis	(512, 520)	True	180340	181041	left	(512, 384)	testing
15	ty	f	20	7	circle	none	same	hori	left	N_dis	(415, 480)	True	182188	182921	left	(512, 384)	testing
15	ty	f	20	7	circle	green	dif	vert	up	(608, 287)	(648, 384)	True	183984	185122	up	(512, 384)	testing
15	ty	f	20	7	circle	none	same	hori	left	N_dis	(648, 384)	True	186239	186935	left	(512, 384)	testing
15	ty	f	20	7	diamond	red	dif	vert	up	(512, 248)	(608, 287)	True	188194	189128	up	(512, 384)	testing
15	ty	f	20	7	circle	none	same	vert	up	N_dis	(512, 248)	True	190394	191039	up	(512, 384)	testing
15	ty	f	20	7	diamond	red	dif	hori	left	(376, 384)	(512, 248)	True	192131	192591	left	(512, 384)	testing
15	ty	f	20	7	circle	none	same	hori	left	N_dis	(376, 384)	True	193811	194765	left	(512, 384)	testing
15	ty	f	20	7	circle	none	same	vert	up	N_dis	(648, 384)	True	195954	196608	up	(512, 384)	testing
15	ty	f	20	7	circle	green	same	hori	left	(376, 384)	(648, 384)	True	197829	198372	left	(512, 384)	testing
15	ty	f	20	7	circle	red	same	vert	up	(608, 287)	(512, 520)	True	199537	200417	up	(512, 384)	testing
15	ty	f	20	7	circle	none	dif	hori	left	N_dis	(415, 480)	True	201592	202486	left	(512, 384)	testing
15	ty	f	20	7	diamond	none	dif	hori	left	N_dis	(512, 520)	True	203554	204222	left	(512, 384)	testing
15	ty	f	20	7	diamond	green	dif	vert	up	(376, 384)	(608, 287)	True	205441	206089	up	(512, 384)	testing
15	ty	f	20	7	circle	none	same	vert	up	N_dis	(608, 480)	True	207176	207870	up	(512, 384)	testing
15	ty	f	20	7	diamond	red	same	vert	up	(376, 384)	(608, 287)	True	209000	210203	up	(512, 384)	testing
15	ty	f	20	7	diamond	green	same	hori	left	(376, 384)	(648, 384)	True	211263	211787	left	(512, 384)	testing
15	ty	f	20	7	diamond	none	dif	vert	up	N_dis	(376, 384)	True	212833	213414	up	(512, 384)	testing
15	ty	f	20	7	circle	red	dif	vert	up	(376, 384)	(648, 384)	True	214573	215060	up	(512, 384)	testing
15	ty	f	20	7	circle	green	dif	hori	left	(376, 384)	(512, 520)	True	216230	217331	left	(512, 384)	testing
15	ty	f	20	7	diamond	red	same	hori	left	(376, 384)	(415, 480)	True	218493	219305	left	(512, 384)	testing
15	ty	f	20	7	circle	green	dif	hori	left	(376, 384)	(512, 248)	True	220570	221412	left	(512, 384)	testing
15	ty	f	20	7	diamond	red	same	vert	up	(376, 384)	(608, 480)	True	222539	223181	up	(512, 384)	testing
15	ty	f	20	7	circle	green	dif	hori	left	(415, 480)	(648, 384)	True	224281	224847	left	(512, 384)	testing
15	ty	f	20	7	diamond	red	same	hori	left	(376, 384)	(512, 520)	True	225891	226599	left	(512, 384)	testing
15	ty	f	20	7	diamond	green	dif	hori	left	(376, 384)	(512, 248)	True	227648	228180	left	(512, 384)	testing
15	ty	f	20	7	circle	green	same	vert	up	(608, 480)	(415, 287)	True	229270	230340	up	(512, 384)	testing
15	ty	f	20	7	circle	green	same	hori	left	(376, 384)	(608, 287)	True	231604	232219	left	(512, 384)	testing
15	ty	f	20	7	diamond	none	same	vert	up	N_dis	(648, 384)	True	233414	233986	up	(512, 384)	testing
15	ty	f	20	7	circle	red	same	hori	left	(512, 248)	(608, 480)	True	235107	235826	left	(512, 384)	testing
15	ty	f	20	7	diamond	red	same	hori	left	(376, 384)	(512, 248)	True	236946	237538	left	(512, 384)	testing
