subj	name	gender	age	runNum	shape	dist	td_dif	resp	resp_key	d_loc	t_loc	gotKey	startTime	respTime	resp	fix_loc	prac
15	ty	f	20	10	circle	red	dif	vert	up	(415, 480)	(648, 384)	True	33429	34090	up	(512, 384)	testing
15	ty	f	20	10	diamond	none	dif	hori	left	N_dis	(512, 248)	True	35219	35848	left	(512, 384)	testing
15	ty	f	20	10	diamond	green	same	vert	up	(376, 384)	(608, 480)	True	37029	37620	up	(512, 384)	testing
15	ty	f	20	10	circle	red	same	vert	up	(512, 520)	(608, 287)	True	38853	39668	up	(512, 384)	testing
15	ty	f	20	10	diamond	red	dif	hori	left	(415, 287)	(512, 248)	True	40924	41505	left	(512, 384)	testing
15	ty	f	20	10	circle	none	same	vert	up	N_dis	(376, 384)	True	42580	43393	up	(512, 384)	testing
15	ty	f	20	10	diamond	red	dif	hori	left	(376, 384)	(648, 384)	True	44548	45280	left	(512, 384)	testing
15	ty	f	20	10	circle	none	dif	hori	left	N_dis	(648, 384)	True	46435	47148	left	(512, 384)	testing
15	ty	f	20	10	diamond	green	dif	hori	left	(376, 384)	(608, 287)	True	48229	48829	left	(512, 384)	testing
15	ty	f	20	10	circle	none	same	vert	up	N_dis	(512, 248)	True	50088	50687	up	(512, 384)	testing
15	ty	f	20	10	diamond	red	dif	hori	left	(648, 384)	(415, 287)	True	51770	52575	left	(512, 384)	testing
15	ty	f	20	10	circle	red	dif	hori	left	(512, 520)	(415, 480)	True	53611	54599	left	(512, 384)	testing
15	ty	f	20	10	diamond	green	same	hori	left	(376, 384)	(648, 384)	True	55643	56227	left	(512, 384)	testing
15	ty	f	20	10	diamond	none	same	hori	left	N_dis	(512, 520)	True	57436	58167	left	(512, 384)	testing
15	ty	f	20	10	diamond	none	dif	vert	up	N_dis	(512, 248)	True	59227	59724	up	(512, 384)	testing
15	ty	f	20	10	diamond	green	same	hori	left	(512, 248)	(415, 480)	True	60923	61475	left	(512, 384)	testing
15	ty	f	20	10	diamond	none	dif	hori	left	N_dis	(608, 287)	True	62587	63111	left	(512, 384)	testing
15	ty	f	20	10	circle	green	dif	hori	left	(376, 384)	(512, 248)	True	64263	65302	left	(512, 384)	testing
15	ty	f	20	10	circle	none	same	hori	left	N_dis	(415, 287)	True	66412	67021	left	(512, 384)	testing
15	ty	f	20	10	diamond	green	same	hori	left	(376, 384)	(648, 384)	True	68049	68626	left	(512, 384)	testing
15	ty	f	20	10	diamond	red	dif	vert	up	(376, 384)	(512, 248)	True	69865	70466	up	(512, 384)	testing
15	ty	f	20	10	circle	red	dif	vert	up	(376, 384)	(415, 480)	True	71725	72639	up	(512, 384)	testing
15	ty	f	20	10	circle	red	dif	hori	left	(376, 384)	(415, 480)	True	73695	74644	left	(512, 384)	testing
15	ty	f	20	10	diamond	red	same	vert	up	(415, 480)	(608, 287)	True	75770	76377	up	(512, 384)	testing
15	ty	f	20	10	circle	red	same	vert	up	(376, 384)	(648, 384)	True	77440	78254	up	(512, 384)	testing
15	ty	f	20	10	diamond	red	dif	hori	left	(376, 384)	(608, 480)	True	79468	80233	left	(512, 384)	testing
15	ty	f	20	10	circle	red	same	hori	left	(376, 384)	(512, 520)	True	81505	82264	left	(512, 384)	testing
15	ty	f	20	10	diamond	red	dif	vert	up	(648, 384)	(415, 480)	True	83333	84135	up	(512, 384)	testing
15	ty	f	20	10	circle	none	dif	hori	left	N_dis	(648, 384)	True	85214	86014	left	(512, 384)	testing
15	ty	f	20	10	diamond	none	dif	vert	up	N_dis	(608, 480)	True	87082	87797	up	(512, 384)	testing
15	ty	f	20	10	circle	red	same	vert	up	(376, 384)	(608, 287)	True	89048	89974	up	(512, 384)	testing
15	ty	f	20	10	circle	red	dif	hori	left	(376, 384)	(512, 248)	True	91238	91816	left	(512, 384)	testing
15	ty	f	20	10	diamond	green	dif	hori	left	(512, 248)	(512, 520)	True	92870	93572	left	(512, 384)	testing
15	ty	f	20	10	circle	green	same	vert	up	(376, 384)	(512, 520)	True	94617	95677	up	(512, 384)	testing
15	ty	f	20	10	circle	green	dif	vert	up	(608, 480)	(512, 520)	True	96868	97902	up	(512, 384)	testing
15	ty	f	20	10	circle	green	same	vert	up	(376, 384)	(648, 384)	True	99123	99862	up	(512, 384)	testing
15	ty	f	20	10	diamond	green	same	vert	up	(376, 384)	(415, 287)	True	100893	101529	up	(512, 384)	testing
15	ty	f	20	10	circle	red	dif	vert	up	(376, 384)	(512, 520)	True	102598	103649	up	(512, 384)	testing
15	ty	f	20	10	circle	green	dif	vert	up	(376, 384)	(415, 480)	True	104770	105737	up	(512, 384)	testing
15	ty	f	20	10	circle	red	same	hori	left	(512, 520)	(415, 480)	True	106951	108181	left	(512, 384)	testing
15	ty	f	20	10	circle	none	dif	hori	left	N_dis	(376, 384)	True	109254	110115	left	(512, 384)	testing
15	ty	f	20	10	diamond	green	dif	vert	up	(648, 384)	(608, 287)	True	111161	112200	up	(512, 384)	testing
15	ty	f	20	10	diamond	green	same	vert	up	(415, 287)	(512, 248)	True	113443	114091	up	(512, 384)	testing
15	ty	f	20	10	diamond	green	same	hori	left	(376, 384)	(648, 384)	True	115121	115625	left	(512, 384)	testing
15	ty	f	20	10	diamond	none	same	hori	left	N_dis	(415, 287)	True	116850	117419	left	(512, 384)	testing
15	ty	f	20	10	circle	none	dif	hori	left	N_dis	(415, 480)	True	118631	119398	left	(512, 384)	testing
15	ty	f	20	10	diamond	red	same	vert	up	(376, 384)	(608, 287)	True	120649	121406	up	(512, 384)	testing
15	ty	f	20	10	diamond	red	same	hori	left	(608, 480)	(648, 384)	True	122609	123248	left	(512, 384)	testing
15	ty	f	20	10	circle	red	same	hori	left	(376, 384)	(512, 248)	True	124389	125148	left	(512, 384)	testing
15	ty	f	20	10	circle	none	same	hori	left	N_dis	(512, 520)	True	126241	127010	left	(512, 384)	testing
15	ty	f	20	10	circle	red	dif	hori	left	(376, 384)	(608, 480)	True	128181	129292	left	(512, 384)	testing
15	ty	f	20	10	circle	red	dif	vert	up	(376, 384)	(648, 384)	True	130552	131185	up	(512, 384)	testing
15	ty	f	20	10	diamond	none	same	vert	up	N_dis	(415, 287)	True	132368	133113	up	(512, 384)	testing
15	ty	f	20	10	diamond	none	same	vert	up	N_dis	(648, 384)	True	134248	134794	up	(512, 384)	testing
15	ty	f	20	10	diamond	none	same	vert	up	N_dis	(648, 384)	True	135897	136355	up	(512, 384)	testing
15	ty	f	20	10	diamond	red	same	hori	left	(376, 384)	(608, 480)	True	137531	138426	left	(512, 384)	testing
15	ty	f	20	10	diamond	none	dif	vert	up	N_dis	(608, 480)	True	139567	140528	up	(512, 384)	testing
15	ty	f	20	10	diamond	red	same	hori	left	(376, 384)	(415, 287)	True	141634	142313	left	(512, 384)	testing
15	ty	f	20	10	diamond	green	dif	hori	left	(512, 248)	(608, 480)	True	143575	144178	left	(512, 384)	testing
15	ty	f	20	10	diamond	none	same	hori	left	N_dis	(512, 520)	True	145378	145968	left	(512, 384)	testing
15	ty	f	20	10	circle	none	dif	vert	up	N_dis	(415, 480)	True	147034	147973	up	(512, 384)	testing
15	ty	f	20	10	circle	none	dif	vert	up	N_dis	(608, 287)	True	149095	149941	up	(512, 384)	testing
15	ty	f	20	10	diamond	none	same	hori	left	N_dis	(608, 480)	True	150988	151611	left	(512, 384)	testing
15	ty	f	20	10	diamond	red	same	vert	up	(376, 384)	(648, 384)	True	152757	153448	up	(512, 384)	testing
15	ty	f	20	10	diamond	red	same	vert	up	(376, 384)	(415, 480)	True	154713	155532	up	(512, 384)	testing
15	ty	f	20	10	circle	green	dif	vert	up	(376, 384)	(512, 520)	True	156786	157671	up	(512, 384)	testing
15	ty	f	20	10	circle	none	same	hori	left	N_dis	(512, 248)	True	158864	159619	left	(512, 384)	testing
15	ty	f	20	10	diamond	red	same	vert	up	(608, 480)	(608, 287)	True	160781	162015	up	(512, 384)	testing
15	ty	f	20	10	diamond	green	dif	vert	up	(376, 384)	(608, 287)	True	163226	163816	up	(512, 384)	testing
15	ty	f	20	10	circle	green	same	hori	left	(376, 384)	(608, 480)	True	165044	165729	left	(512, 384)	testing
15	ty	f	20	10	circle	none	same	vert	up	N_dis	(512, 520)	True	166979	168025	up	(512, 384)	testing
15	ty	f	20	10	diamond	green	same	hori	left	(376, 384)	(415, 287)	True	169230	169862	left	(512, 384)	testing
15	ty	f	20	10	diamond	green	same	vert	up	(608, 287)	(415, 287)	True	171110	171689	up	(512, 384)	testing
15	ty	f	20	10	diamond	none	dif	hori	left	N_dis	(608, 480)	True	172772	173298	left	(512, 384)	testing
15	ty	f	20	10	diamond	green	dif	vert	up	(376, 384)	(608, 287)	True	174544	175281	up	(512, 384)	testing
15	ty	f	20	10	diamond	green	dif	vert	up	(376, 384)	(512, 248)	True	176310	176902	up	(512, 384)	testing
15	ty	f	20	10	circle	green	same	hori	left	(376, 384)	(415, 287)	True	177962	178884	left	(512, 384)	testing
15	ty	f	20	10	circle	green	dif	hori	left	(376, 384)	(512, 248)	True	180075	180737	left	(512, 384)	testing
15	ty	f	20	10	circle	red	same	vert	up	(415, 480)	(415, 287)	True	181892	182596	up	(512, 384)	testing
15	ty	f	20	10	diamond	none	same	hori	left	N_dis	(608, 287)	True	183645	184384	left	(512, 384)	testing
15	ty	f	20	10	circle	red	same	hori	left	(376, 384)	(648, 384)	True	185609	186520	left	(512, 384)	testing
15	ty	f	20	10	circle	green	dif	hori	left	(376, 384)	(608, 287)	True	187753	188305	left	(512, 384)	testing
15	ty	f	20	10	diamond	green	dif	vert	up	(608, 287)	(512, 248)	True	189490	190490	up	(512, 384)	testing
15	ty	f	20	10	diamond	red	same	hori	left	(376, 384)	(648, 384)	True	191749	192356	left	(512, 384)	testing
15	ty	f	20	10	circle	green	same	hori	left	(376, 384)	(512, 520)	True	193443	194343	left	(512, 384)	testing
15	ty	f	20	10	diamond	none	dif	vert	up	N_dis	(415, 480)	True	195457	196237	up	(512, 384)	testing
15	ty	f	20	10	circle	none	same	hori	left	N_dis	(376, 384)	True	197477	198124	left	(512, 384)	testing
15	ty	f	20	10	circle	green	same	vert	up	(376, 384)	(415, 287)	True	199167	199828	up	(512, 384)	testing
15	ty	f	20	10	diamond	red	dif	hori	left	(608, 480)	(608, 287)	True	200917	201464	left	(512, 384)	testing
15	ty	f	20	10	circle	green	same	vert	up	(376, 384)	(512, 248)	True	202587	203526	up	(512, 384)	testing
15	ty	f	20	10	circle	none	dif	vert	up	N_dis	(415, 287)	True	204600	205215	up	(512, 384)	testing
15	ty	f	20	10	diamond	none	same	vert	up	N_dis	(608, 287)	True	206369	207200	up	(512, 384)	testing
15	ty	f	20	10	circle	none	dif	vert	up	N_dis	(376, 384)	True	208382	209396	up	(512, 384)	testing
15	ty	f	20	10	circle	green	same	hori	left	(376, 384)	(415, 480)	True	210655	211484	left	(512, 384)	testing
15	ty	f	20	10	circle	none	same	vert	up	N_dis	(415, 287)	True	212508	213235	up	(512, 384)	testing
15	ty	f	20	10	circle	green	same	vert	up	(376, 384)	(608, 287)	True	214302	214941	up	(512, 384)	testing
15	ty	f	20	10	diamond	red	dif	vert	up	(608, 287)	(648, 384)	True	216120	216964	up	(512, 384)	testing
15	ty	f	20	10	diamond	none	same	vert	up	N_dis	(608, 287)	True	218146	218668	up	(512, 384)	testing
15	ty	f	20	10	diamond	green	same	vert	up	(415, 480)	(415, 287)	True	219937	220588	up	(512, 384)	testing
15	ty	f	20	10	circle	green	dif	vert	up	(648, 384)	(608, 480)	True	221735	223210	up	(512, 384)	testing
15	ty	f	20	10	circle	green	same	hori	left	(376, 384)	(415, 287)	True	224449	225406	left	(512, 384)	testing
15	ty	f	20	10	diamond	red	dif	vert	up	(512, 520)	(648, 384)	True	226583	227311	up	(512, 384)	testing
15	ty	f	20	10	diamond	green	dif	hori	left	(376, 384)	(608, 480)	True	228573	230186	left	(512, 384)	testing
15	ty	f	20	10	diamond	red	same	hori	left	(376, 384)	(608, 480)	True	231235	232063	left	(512, 384)	testing
15	ty	f	20	10	diamond	none	dif	vert	up	N_dis	(608, 480)	True	233226	233918	up	(512, 384)	testing
15	ty	f	20	10	diamond	none	dif	hori	left	N_dis	(415, 480)	True	234994	235777	left	(512, 384)	testing
15	ty	f	20	10	circle	none	same	hori	left	N_dis	(415, 480)	True	236911	237656	left	(512, 384)	testing
15	ty	f	20	10	circle	red	dif	hori	left	(512, 248)	(608, 287)	True	238690	239848	left	(512, 384)	testing
15	ty	f	20	10	diamond	none	dif	hori	left	N_dis	(512, 520)	True	240960	241621	left	(512, 384)	testing
15	ty	f	20	10	circle	none	dif	vert	up	N_dis	(512, 248)	True	242860	243718	up	(512, 384)	testing
15	ty	f	20	10	circle	none	dif	hori	left	N_dis	(648, 384)	True	244847	245443	left	(512, 384)	testing
15	ty	f	20	10	diamond	red	dif	vert	up	(608, 287)	(415, 480)	True	246695	247719	up	(512, 384)	testing
15	ty	f	20	10	circle	red	same	vert	up	(376, 384)	(415, 480)	True	248937	249693	up	(512, 384)	testing
15	ty	f	20	10	circle	red	dif	vert	up	(376, 384)	(415, 287)	True	250807	251773	up	(512, 384)	testing
15	ty	f	20	10	circle	green	dif	hori	left	(376, 384)	(415, 480)	True	252832	253580	left	(512, 384)	testing
15	ty	f	20	10	circle	red	same	hori	left	(376, 384)	(512, 520)	True	254823	255640	left	(512, 384)	testing
15	ty	f	20	10	circle	green	dif	hori	left	(415, 287)	(512, 520)	True	256751	257319	left	(512, 384)	testing
15	ty	f	20	10	circle	green	dif	vert	up	(415, 287)	(648, 384)	True	258399	259479	up	(512, 384)	testing
15	ty	f	20	10	diamond	green	dif	hori	left	(376, 384)	(512, 520)	True	260721	261450	left	(512, 384)	testing
15	ty	f	20	10	circle	none	same	vert	up	N_dis	(376, 384)	True	262686	263392	up	(512, 384)	testing
conf	15	ty	f	20	10	1	3	8	space	None	None	None	None	None	None	True	305849	316496	4
