subj	name	gender	age	runNum	shape	dist	td_dif	resp	resp_key	d_loc	t_loc	gotKey	startTime	respTime	resp	fix_loc	prac
15	ty	f	20	4	circle	red	same	vert	up	(608, 287)	(648, 384)	True	16620	17437	up	(512, 384)	testing
15	ty	f	20	4	circle	green	dif	vert	up	(608, 287)	(648, 384)	True	18628	19235	up	(512, 384)	testing
15	ty	f	20	4	diamond	green	dif	hori	left	(608, 287)	(415, 480)	True	20337	21106	left	(512, 384)	testing
15	ty	f	20	4	diamond	red	same	hori	left	(608, 480)	(648, 384)	True	22262	22762	left	(512, 384)	testing
15	ty	f	20	4	diamond	red	same	vert	up	(376, 384)	(512, 248)	True	23797	24407	up	(512, 384)	testing
15	ty	f	20	4	circle	red	dif	vert	up	(608, 287)	(415, 480)	True	25610	26398	up	(512, 384)	testing
15	ty	f	20	4	circle	green	dif	hori	left	(608, 287)	(415, 480)	True	27434	28246	left	(512, 384)	testing
15	ty	f	20	4	diamond	green	dif	vert	up	(415, 480)	(376, 384)	True	29482	30029	left	(512, 384)	testing
15	ty	f	20	4	diamond	none	same	vert	up	N_dis	(512, 520)	True	32641	33256	up	(512, 384)	testing
15	ty	f	20	4	diamond	red	same	vert	up	(415, 287)	(648, 384)	True	34317	34951	up	(512, 384)	testing
15	ty	f	20	4	diamond	none	dif	hori	left	N_dis	(415, 287)	True	36180	36834	left	(512, 384)	testing
15	ty	f	20	4	circle	green	dif	vert	up	(415, 480)	(648, 384)	True	38009	38564	up	(512, 384)	testing
15	ty	f	20	4	circle	none	dif	hori	left	N_dis	(415, 287)	True	39801	40427	left	(512, 384)	testing
15	ty	f	20	4	diamond	green	same	vert	up	(512, 520)	(512, 248)	True	41479	42050	up	(512, 384)	testing
15	ty	f	20	4	diamond	red	dif	vert	up	(608, 287)	(376, 384)	True	43196	43833	up	(512, 384)	testing
15	ty	f	20	4	circle	none	same	vert	up	N_dis	(376, 384)	True	44980	45621	up	(512, 384)	testing
15	ty	f	20	4	circle	green	dif	vert	up	(608, 287)	(512, 520)	True	46731	47710	up	(512, 384)	testing
15	ty	f	20	4	diamond	none	dif	hori	left	N_dis	(608, 480)	True	48797	49309	left	(512, 384)	testing
15	ty	f	20	4	circle	green	dif	vert	up	(608, 287)	(415, 480)	True	50390	51183	up	(512, 384)	testing
15	ty	f	20	4	diamond	green	same	vert	up	(512, 520)	(376, 384)	True	52386	52981	up	(512, 384)	testing
15	ty	f	20	4	circle	green	same	vert	up	(415, 287)	(648, 384)	True	54133	54953	up	(512, 384)	testing
15	ty	f	20	4	circle	green	same	hori	left	(608, 287)	(415, 480)	True	56202	56915	left	(512, 384)	testing
15	ty	f	20	4	diamond	red	same	vert	up	(608, 287)	(376, 384)	True	58061	58591	up	(512, 384)	testing
15	ty	f	20	4	diamond	red	dif	hori	left	(608, 287)	(415, 480)	True	59731	60476	left	(512, 384)	testing
15	ty	f	20	4	circle	red	dif	vert	up	(608, 287)	(648, 384)	True	61574	62375	up	(512, 384)	testing
15	ty	f	20	4	diamond	green	dif	vert	up	(608, 287)	(376, 384)	True	63573	64184	up	(512, 384)	testing
15	ty	f	20	4	diamond	none	dif	vert	up	N_dis	(512, 248)	True	65318	66167	up	(512, 384)	testing
15	ty	f	20	4	diamond	none	dif	hori	left	N_dis	(608, 287)	True	67434	68038	left	(512, 384)	testing
15	ty	f	20	4	circle	red	same	vert	up	(415, 480)	(512, 520)	True	69280	70340	up	(512, 384)	testing
15	ty	f	20	4	diamond	red	same	hori	left	(648, 384)	(415, 480)	True	71595	72520	left	(512, 384)	testing
15	ty	f	20	4	circle	none	same	vert	up	N_dis	(608, 287)	True	73589	74229	up	(512, 384)	testing
15	ty	f	20	4	circle	none	dif	hori	left	N_dis	(376, 384)	True	75259	75731	left	(512, 384)	testing
15	ty	f	20	4	circle	red	dif	hori	left	(512, 520)	(376, 384)	True	76963	78092	left	(512, 384)	testing
15	ty	f	20	4	circle	red	same	vert	up	(608, 287)	(608, 480)	True	79115	79756	up	(512, 384)	testing
15	ty	f	20	4	diamond	red	dif	hori	left	(608, 287)	(608, 480)	True	80868	81667	left	(512, 384)	testing
15	ty	f	20	4	circle	none	dif	vert	up	N_dis	(376, 384)	True	82898	83447	up	(512, 384)	testing
15	ty	f	20	4	circle	green	same	vert	up	(608, 287)	(415, 287)	True	84658	85962	up	(512, 384)	testing
15	ty	f	20	4	diamond	green	dif	hori	left	(648, 384)	(608, 480)	True	87116	87958	left	(512, 384)	testing
15	ty	f	20	4	diamond	red	same	hori	left	(608, 287)	(648, 384)	True	89100	89864	left	(512, 384)	testing
15	ty	f	20	4	circle	red	same	hori	left	(608, 480)	(648, 384)	True	91134	92128	left	(512, 384)	testing
15	ty	f	20	4	circle	green	same	vert	up	(608, 287)	(512, 520)	True	93160	94002	up	(512, 384)	testing
15	ty	f	20	4	circle	none	dif	hori	left	N_dis	(376, 384)	True	95240	95777	left	(512, 384)	testing
15	ty	f	20	4	circle	none	same	vert	up	N_dis	(608, 287)	True	97048	97992	up	(512, 384)	testing
15	ty	f	20	4	circle	none	dif	vert	up	N_dis	(512, 520)	True	99236	99958	up	(512, 384)	testing
15	ty	f	20	4	diamond	green	dif	vert	up	(608, 287)	(376, 384)	True	101140	101805	up	(512, 384)	testing
15	ty	f	20	4	circle	green	dif	hori	left	(608, 287)	(648, 384)	True	102872	103627	left	(512, 384)	testing
15	ty	f	20	4	diamond	none	dif	vert	up	N_dis	(415, 480)	True	104866	105799	up	(512, 384)	testing
15	ty	f	20	4	diamond	none	same	hori	left	N_dis	(415, 287)	True	106940	107930	left	(512, 384)	testing
15	ty	f	20	4	diamond	green	dif	hori	left	(608, 287)	(512, 248)	True	109115	109718	left	(512, 384)	testing
15	ty	f	20	4	diamond	red	dif	hori	left	(608, 287)	(415, 287)	True	110969	111674	left	(512, 384)	testing
15	ty	f	20	4	circle	red	dif	vert	up	(608, 287)	(376, 384)	True	112754	113437	up	(512, 384)	testing
15	ty	f	20	4	circle	green	same	vert	up	(608, 287)	(512, 520)	True	114702	115657	up	(512, 384)	testing
15	ty	f	20	4	diamond	green	dif	vert	up	(608, 287)	(512, 520)	True	116722	117345	up	(512, 384)	testing
15	ty	f	20	4	diamond	green	same	hori	left	(608, 287)	(415, 287)	True	118538	119268	left	(512, 384)	testing
15	ty	f	20	4	circle	red	dif	vert	up	(608, 287)	(648, 384)	True	120448	121505	up	(512, 384)	testing
15	ty	f	20	4	circle	red	dif	hori	left	(648, 384)	(376, 384)	True	122645	123153	left	(512, 384)	testing
15	ty	f	20	4	diamond	green	same	vert	up	(608, 480)	(415, 480)	True	124266	125484	up	(512, 384)	testing
15	ty	f	20	4	diamond	none	same	hori	left	N_dis	(648, 384)	True	126718	127281	left	(512, 384)	testing
15	ty	f	20	4	diamond	none	dif	hori	left	N_dis	(608, 480)	True	128465	129101	left	(512, 384)	testing
15	ty	f	20	4	circle	red	same	hori	left	(415, 287)	(376, 384)	True	130343	131120	left	(512, 384)	testing
15	ty	f	20	4	diamond	red	dif	vert	up	(608, 287)	(608, 480)	True	132259	133031	up	(512, 384)	testing
15	ty	f	20	4	circle	none	dif	hori	left	N_dis	(608, 287)	True	134251	135039	left	(512, 384)	testing
15	ty	f	20	4	circle	red	same	hori	left	(608, 287)	(415, 287)	True	136283	137627	left	(512, 384)	testing
15	ty	f	20	4	circle	red	same	hori	left	(608, 287)	(608, 480)	True	138761	139504	left	(512, 384)	testing
15	ty	f	20	4	diamond	green	same	vert	up	(512, 248)	(415, 287)	True	140608	141652	up	(512, 384)	testing
15	ty	f	20	4	circle	green	dif	hori	left	(512, 248)	(415, 480)	True	142862	143769	left	(512, 384)	testing
15	ty	f	20	4	circle	green	same	hori	left	(608, 287)	(608, 480)	True	144919	145571	left	(512, 384)	testing
15	ty	f	20	4	diamond	none	same	vert	up	N_dis	(512, 248)	True	146603	147596	up	(512, 384)	testing
15	ty	f	20	4	circle	none	dif	vert	up	N_dis	(608, 287)	True	148810	150498	up	(512, 384)	testing
15	ty	f	20	4	diamond	none	dif	vert	up	N_dis	(608, 480)	True	151726	152380	up	(512, 384)	testing
15	ty	f	20	4	circle	red	same	vert	up	(608, 287)	(512, 248)	True	153431	154206	up	(512, 384)	testing
15	ty	f	20	4	diamond	none	same	vert	up	N_dis	(648, 384)	True	155443	156034	up	(512, 384)	testing
15	ty	f	20	4	circle	red	same	vert	up	(376, 384)	(512, 248)	True	157198	157978	up	(512, 384)	testing
15	ty	f	20	4	diamond	red	dif	hori	left	(512, 248)	(376, 384)	True	159129	159632	left	(512, 384)	testing
15	ty	f	20	4	circle	none	dif	hori	left	N_dis	(512, 520)	True	160877	161629	left	(512, 384)	testing
15	ty	f	20	4	diamond	none	dif	vert	up	N_dis	(415, 480)	True	162844	163549	up	(512, 384)	testing
15	ty	f	20	4	diamond	none	same	vert	up	N_dis	(512, 520)	True	164729	165540	up	(512, 384)	testing
15	ty	f	20	4	circle	green	dif	hori	left	(415, 480)	(608, 480)	True	166654	167418	left	(512, 384)	testing
15	ty	f	20	4	diamond	green	same	hori	left	(376, 384)	(608, 480)	True	168551	169378	left	(512, 384)	testing
15	ty	f	20	4	diamond	red	dif	hori	left	(608, 287)	(512, 248)	True	170414	171235	left	(512, 384)	testing
15	ty	f	20	4	diamond	none	dif	hori	left	N_dis	(648, 384)	True	172329	172787	left	(512, 384)	testing
15	ty	f	20	4	diamond	none	same	vert	up	N_dis	(648, 384)	True	173833	174469	up	(512, 384)	testing
15	ty	f	20	4	diamond	red	dif	vert	up	(415, 287)	(512, 520)	True	175591	176386	up	(512, 384)	testing
15	ty	f	20	4	diamond	red	same	vert	up	(608, 287)	(648, 384)	True	177426	178203	up	(512, 384)	testing
15	ty	f	20	4	diamond	red	dif	vert	up	(608, 287)	(512, 520)	True	179284	179930	up	(512, 384)	testing
15	ty	f	20	4	circle	none	dif	vert	up	N_dis	(415, 287)	True	181067	181813	up	(512, 384)	testing
15	ty	f	20	4	circle	green	same	vert	up	(608, 287)	(512, 248)	True	182880	183969	up	(512, 384)	testing
15	ty	f	20	4	diamond	none	same	hori	left	N_dis	(376, 384)	True	185121	185863	left	(512, 384)	testing
15	ty	f	20	4	diamond	red	same	hori	left	(648, 384)	(415, 480)	True	187067	187754	left	(512, 384)	testing
15	ty	f	20	4	circle	red	dif	hori	left	(608, 480)	(648, 384)	True	188805	189817	left	(512, 384)	testing
15	ty	f	20	4	circle	green	same	hori	left	(512, 520)	(415, 287)	True	190892	191791	left	(512, 384)	testing
15	ty	f	20	4	diamond	red	same	vert	up	(608, 287)	(376, 384)	True	192884	193515	up	(512, 384)	testing
15	ty	f	20	4	diamond	none	dif	vert	up	N_dis	(512, 248)	True	194779	195583	up	(512, 384)	testing
15	ty	f	20	4	circle	red	dif	hori	left	(608, 287)	(415, 480)	True	196785	197536	left	(512, 384)	testing
15	ty	f	20	4	circle	none	same	hori	left	N_dis	(512, 248)	True	198718	199327	left	(512, 384)	testing
15	ty	f	20	4	diamond	red	dif	vert	up	(608, 287)	(512, 520)	True	200370	201033	up	(512, 384)	testing
15	ty	f	20	4	circle	green	dif	hori	left	(608, 287)	(415, 480)	True	202148	202871	left	(512, 384)	testing
15	ty	f	20	4	circle	none	dif	vert	up	N_dis	(415, 287)	True	204077	204711	up	(512, 384)	testing
15	ty	f	20	4	circle	red	same	hori	left	(608, 287)	(608, 480)	True	205895	206492	left	(512, 384)	testing
15	ty	f	20	4	circle	none	same	hori	left	N_dis	(512, 248)	True	207741	208409	left	(512, 384)	testing
15	ty	f	20	4	circle	green	same	hori	left	(608, 287)	(608, 480)	True	209535	210508	left	(512, 384)	testing
15	ty	f	20	4	circle	none	same	vert	up	N_dis	(648, 384)	True	211566	212228	up	(512, 384)	testing
15	ty	f	20	4	diamond	green	dif	hori	left	(608, 287)	(415, 480)	True	213265	214076	up	(512, 384)	testing
15	ty	f	20	4	circle	none	same	vert	up	N_dis	(608, 480)	True	216699	217434	up	(512, 384)	testing
15	ty	f	20	4	diamond	green	same	vert	up	(608, 287)	(512, 248)	True	218608	219405	up	(512, 384)	testing
15	ty	f	20	4	circle	green	dif	vert	up	(608, 287)	(415, 287)	True	220567	221688	up	(512, 384)	testing
15	ty	f	20	4	diamond	green	same	hori	left	(376, 384)	(648, 384)	True	222725	223524	left	(512, 384)	testing
15	ty	f	20	4	diamond	green	dif	hori	left	(608, 287)	(415, 480)	True	224765	225501	left	(512, 384)	testing
15	ty	f	20	4	circle	none	same	hori	left	N_dis	(415, 480)	True	226637	227292	left	(512, 384)	testing
15	ty	f	20	4	diamond	green	same	hori	left	(512, 248)	(608, 480)	True	228558	229120	left	(512, 384)	testing
15	ty	f	20	4	circle	green	same	hori	left	(608, 287)	(512, 248)	True	230216	231477	up	(512, 384)	testing
15	ty	f	20	4	circle	red	dif	vert	up	(608, 287)	(512, 248)	True	234025	235112	up	(512, 384)	testing
15	ty	f	20	4	diamond	green	dif	vert	up	(608, 287)	(415, 287)	True	236210	236972	up	(512, 384)	testing
15	ty	f	20	4	circle	none	same	hori	left	N_dis	(415, 480)	True	238021	238645	left	(512, 384)	testing
15	ty	f	20	4	circle	red	dif	hori	left	(608, 287)	(415, 287)	True	239844	241811	left	(512, 384)	testing
15	ty	f	20	4	circle	none	same	hori	left	N_dis	(415, 480)	True	242943	243521	left	(512, 384)	testing
15	ty	f	20	4	diamond	red	same	hori	left	(608, 287)	(376, 384)	True	244744	245266	left	(512, 384)	testing
15	ty	f	20	4	diamond	none	same	hori	left	N_dis	(608, 480)	True	246319	247052	left	(512, 384)	testing
15	ty	f	20	4	diamond	green	same	hori	left	(608, 287)	(512, 520)	True	248187	248887	left	(512, 384)	testing
15	ty	f	20	4	diamond	none	same	hori	left	N_dis	(512, 520)	True	250112	250600	left	(512, 384)	testing
