subj	name	gender	age	runNum	shape	dist	td_dif	resp	resp_key	d_loc	t_loc	gotKey	startTime	respTime	resp	fix_loc	prac
15	ty	f	20	2	circle	red	dif	hori	left	(376, 384)	(415, 287)	True	9812	11026	left	(512, 384)	testing
15	ty	f	20	2	diamond	none	same	hori	left	N_dis	(648, 384)	True	12168	12810	left	(512, 384)	testing
15	ty	f	20	2	circle	red	dif	hori	left	(512, 520)	(512, 248)	True	14024	14764	left	(512, 384)	testing
15	ty	f	20	2	diamond	green	same	vert	up	(512, 520)	(376, 384)	True	15981	16718	up	(512, 384)	testing
15	ty	f	20	2	circle	green	dif	hori	left	(512, 520)	(608, 480)	True	17891	18698	left	(512, 384)	testing
15	ty	f	20	2	circle	red	dif	hori	left	(512, 520)	(512, 248)	True	19721	20346	left	(512, 384)	testing
15	ty	f	20	2	circle	green	same	hori	left	(512, 520)	(415, 480)	True	21480	22470	left	(512, 384)	testing
15	ty	f	20	2	circle	red	dif	vert	up	(648, 384)	(376, 384)	True	23669	24508	up	(512, 384)	testing
15	ty	f	20	2	circle	none	dif	hori	left	N_dis	(415, 287)	True	25737	26482	left	(512, 384)	testing
15	ty	f	20	2	diamond	red	dif	vert	up	(512, 248)	(648, 384)	True	27621	28502	up	(512, 384)	testing
15	ty	f	20	2	diamond	green	dif	hori	left	(512, 520)	(415, 287)	True	29634	30350	left	(512, 384)	testing
15	ty	f	20	2	circle	none	same	hori	left	N_dis	(608, 480)	True	31443	32218	left	(512, 384)	testing
15	ty	f	20	2	diamond	red	same	vert	up	(512, 520)	(415, 287)	True	33460	34118	up	(512, 384)	testing
15	ty	f	20	2	diamond	green	dif	hori	left	(512, 520)	(376, 384)	True	35265	35891	left	(512, 384)	testing
15	ty	f	20	2	circle	red	same	vert	up	(512, 520)	(415, 287)	True	37117	37900	up	(512, 384)	testing
15	ty	f	20	2	diamond	red	dif	vert	up	(512, 520)	(608, 480)	True	39080	40116	left	(512, 384)	testing
15	ty	f	20	2	circle	red	dif	hori	left	(512, 520)	(608, 287)	True	42711	44291	left	(512, 384)	testing
15	ty	f	20	2	diamond	green	dif	hori	left	(415, 287)	(608, 480)	True	45539	46652	left	(512, 384)	testing
15	ty	f	20	2	circle	green	dif	vert	up	(512, 520)	(648, 384)	True	47784	48769	up	(512, 384)	testing
15	ty	f	20	2	circle	none	dif	vert	up	N_dis	(648, 384)	True	49797	51014	up	(512, 384)	testing
15	ty	f	20	2	diamond	red	dif	hori	left	(512, 520)	(648, 384)	True	52183	53000	left	(512, 384)	testing
15	ty	f	20	2	circle	red	same	vert	up	(512, 520)	(608, 480)	True	54219	55040	up	(512, 384)	testing
15	ty	f	20	2	circle	none	same	vert	up	N_dis	(608, 480)	True	56225	56953	up	(512, 384)	testing
15	ty	f	20	2	circle	red	same	hori	left	(512, 520)	(376, 384)	True	58161	58944	left	(512, 384)	testing
15	ty	f	20	2	circle	none	same	vert	up	N_dis	(376, 384)	True	60199	60915	up	(512, 384)	testing
15	ty	f	20	2	diamond	none	same	vert	up	N_dis	(415, 287)	True	62184	63635	up	(512, 384)	testing
15	ty	f	20	2	diamond	green	dif	vert	up	(415, 287)	(512, 248)	True	64745	65772	up	(512, 384)	testing
15	ty	f	20	2	diamond	none	same	hori	left	N_dis	(512, 248)	True	66848	67678	left	(512, 384)	testing
15	ty	f	20	2	diamond	green	same	vert	up	(512, 520)	(512, 248)	True	68944	69888	up	(512, 384)	testing
15	ty	f	20	2	circle	green	same	hori	left	(512, 520)	(415, 480)	True	70993	72356	left	(512, 384)	testing
15	ty	f	20	2	circle	green	same	vert	up	(415, 287)	(608, 287)	True	73614	74953	up	(512, 384)	testing
15	ty	f	20	2	circle	red	same	vert	up	(512, 520)	(376, 384)	True	76213	77157	up	(512, 384)	testing
15	ty	f	20	2	circle	green	same	hori	left	(512, 520)	(512, 248)	True	78243	79137	left	(512, 384)	testing
15	ty	f	20	2	circle	red	same	vert	up	(608, 287)	(415, 480)	True	80302	81612	up	(512, 384)	testing
15	ty	f	20	2	circle	green	same	vert	up	(512, 520)	(608, 287)	True	82659	83752	up	(512, 384)	testing
15	ty	f	20	2	diamond	green	same	hori	left	(512, 520)	(512, 248)	True	84879	85965	left	(512, 384)	testing
15	ty	f	20	2	circle	green	same	vert	up	(648, 384)	(608, 287)	True	87218	88252	up	(512, 384)	testing
15	ty	f	20	2	diamond	green	dif	vert	up	(608, 480)	(512, 248)	True	89414	90778	up	(512, 384)	testing
15	ty	f	20	2	diamond	green	same	hori	left	(512, 520)	(376, 384)	True	91883	92647	left	(512, 384)	testing
15	ty	f	20	2	circle	red	same	hori	left	(512, 520)	(608, 287)	True	93714	95148	left	(512, 384)	testing
15	ty	f	20	2	circle	red	dif	vert	up	(648, 384)	(512, 248)	True	96351	98107	up	(512, 384)	testing
15	ty	f	20	2	circle	none	dif	vert	up	N_dis	(512, 248)	True	99276	99965	up	(512, 384)	testing
15	ty	f	20	2	circle	green	same	vert	up	(415, 480)	(648, 384)	True	101196	102679	up	(512, 384)	testing
15	ty	f	20	2	diamond	red	dif	hori	left	(415, 287)	(608, 287)	True	103809	104704	left	(512, 384)	testing
15	ty	f	20	2	diamond	green	dif	vert	up	(512, 248)	(648, 384)	True	105977	106856	up	(512, 384)	testing
15	ty	f	20	2	circle	red	dif	hori	left	(512, 520)	(512, 248)	True	107965	109438	left	(512, 384)	testing
15	ty	f	20	2	circle	green	dif	vert	up	(512, 520)	(608, 480)	True	110663	111895	up	(512, 384)	testing
15	ty	f	20	2	circle	red	dif	vert	up	(512, 520)	(512, 248)	True	113032	113897	up	(512, 384)	testing
15	ty	f	20	2	diamond	none	dif	hori	left	N_dis	(512, 520)	True	115170	115917	left	(512, 384)	testing
15	ty	f	20	2	diamond	none	dif	hori	left	N_dis	(415, 480)	True	117043	117882	left	(512, 384)	testing
15	ty	f	20	2	diamond	none	dif	vert	up	N_dis	(376, 384)	True	119050	119934	up	(512, 384)	testing
15	ty	f	20	2	diamond	none	same	hori	left	N_dis	(415, 287)	True	121186	122335	left	(512, 384)	testing
15	ty	f	20	2	circle	red	dif	vert	up	(512, 520)	(608, 287)	True	123530	124790	up	(512, 384)	testing
15	ty	f	20	2	diamond	red	same	hori	left	(512, 520)	(608, 287)	True	125973	126673	left	(512, 384)	testing
15	ty	f	20	2	circle	none	same	vert	up	N_dis	(415, 287)	True	127903	128727	up	(512, 384)	testing
15	ty	f	20	2	circle	red	same	hori	left	(376, 384)	(608, 287)	True	129887	131374	left	(512, 384)	testing
15	ty	f	20	2	circle	none	same	vert	up	N_dis	(512, 520)	True	132563	133429	up	(512, 384)	testing
15	ty	f	20	2	diamond	none	same	hori	left	N_dis	(512, 520)	True	134505	135350	left	(512, 384)	testing
15	ty	f	20	2	diamond	none	same	hori	left	N_dis	(415, 287)	True	136412	137196	left	(512, 384)	testing
15	ty	f	20	2	diamond	green	dif	vert	up	(512, 520)	(608, 480)	True	138329	139313	up	(512, 384)	testing
15	ty	f	20	2	circle	green	dif	hori	left	(512, 520)	(415, 287)	True	140521	141290	left	(512, 384)	testing
15	ty	f	20	2	diamond	none	same	vert	up	N_dis	(608, 480)	True	142459	143236	up	(512, 384)	testing
15	ty	f	20	2	circle	none	same	hori	left	N_dis	(512, 248)	True	144304	145667	left	(512, 384)	testing
15	ty	f	20	2	diamond	none	same	vert	up	N_dis	(608, 480)	True	146708	147602	up	(512, 384)	testing
15	ty	f	20	2	circle	none	same	vert	up	N_dis	(415, 480)	True	148701	150206	up	(512, 384)	testing
15	ty	f	20	2	diamond	green	same	vert	up	(415, 480)	(608, 287)	True	151441	152507	up	(512, 384)	testing
15	ty	f	20	2	diamond	red	dif	hori	left	(608, 287)	(648, 384)	True	153778	154972	left	(512, 384)	testing
15	ty	f	20	2	diamond	red	dif	vert	up	(512, 520)	(415, 480)	True	156017	156764	left	(512, 384)	testing
15	ty	f	20	2	circle	red	same	hori	left	(512, 520)	(415, 480)	True	159322	160448	left	(512, 384)	testing
15	ty	f	20	2	circle	green	dif	hori	left	(648, 384)	(415, 480)	True	161497	162996	left	(512, 384)	testing
15	ty	f	20	2	diamond	green	same	hori	left	(512, 520)	(512, 248)	True	164263	165209	left	(512, 384)	testing
15	ty	f	20	2	diamond	red	same	vert	up	(415, 480)	(608, 287)	True	166334	167280	up	(512, 384)	testing
15	ty	f	20	2	circle	none	dif	hori	left	N_dis	(512, 520)	True	168387	169561	left	(512, 384)	testing
15	ty	f	20	2	diamond	none	dif	vert	up	N_dis	(608, 480)	True	170656	171475	up	(512, 384)	testing
15	ty	f	20	2	diamond	none	dif	hori	left	N_dis	(608, 287)	True	172682	173365	left	(512, 384)	testing
15	ty	f	20	2	circle	green	dif	hori	left	(415, 480)	(415, 287)	True	174598	176258	left	(512, 384)	testing
15	ty	f	20	2	diamond	red	same	hori	left	(376, 384)	(512, 248)	True	177467	178332	left	(512, 384)	testing
15	ty	f	20	2	circle	red	same	vert	up	(512, 520)	(608, 287)	True	179381	180559	up	(512, 384)	testing
15	ty	f	20	2	circle	red	dif	vert	up	(512, 520)	(648, 384)	True	181692	183150	up	(512, 384)	testing
15	ty	f	20	2	diamond	red	dif	vert	up	(512, 520)	(648, 384)	True	184349	185519	up	(512, 384)	testing
15	ty	f	20	2	diamond	none	dif	vert	up	N_dis	(648, 384)	True	186722	187576	up	(512, 384)	testing
15	ty	f	20	2	diamond	green	same	vert	up	(512, 520)	(512, 248)	True	188634	189412	up	(512, 384)	testing
15	ty	f	20	2	circle	green	same	hori	left	(512, 520)	(648, 384)	True	190558	191586	left	(512, 384)	testing
15	ty	f	20	2	circle	green	dif	vert	up	(608, 480)	(376, 384)	True	192688	193925	up	(512, 384)	testing
15	ty	f	20	2	diamond	red	same	hori	left	(512, 520)	(648, 384)	True	195170	195942	left	(512, 384)	testing
15	ty	f	20	2	diamond	none	same	vert	up	N_dis	(376, 384)	True	197184	199283	up	(512, 384)	testing
15	ty	f	20	2	circle	green	dif	hori	left	(512, 520)	(415, 287)	True	200345	201186	left	(512, 384)	testing
15	ty	f	20	2	diamond	red	dif	hori	left	(608, 480)	(415, 287)	True	202233	202916	left	(512, 384)	testing
15	ty	f	20	2	circle	green	dif	vert	up	(512, 520)	(415, 480)	True	204188	205878	up	(512, 384)	testing
15	ty	f	20	2	diamond	red	same	vert	up	(512, 520)	(415, 287)	True	206989	207718	up	(512, 384)	testing
15	ty	f	20	2	diamond	red	dif	vert	up	(512, 520)	(376, 384)	True	208962	210273	up	(512, 384)	testing
15	ty	f	20	2	diamond	red	dif	hori	left	(512, 248)	(608, 287)	True	211505	212505	left	(512, 384)	testing
15	ty	f	20	2	circle	none	dif	vert	up	N_dis	(512, 248)	True	213609	214645	up	(512, 384)	testing
15	ty	f	20	2	circle	green	same	hori	left	(608, 480)	(608, 287)	True	215796	217389	left	(512, 384)	testing
15	ty	f	20	2	diamond	none	dif	hori	left	N_dis	(415, 480)	True	218437	219263	left	(512, 384)	testing
15	ty	f	20	2	circle	none	dif	vert	up	N_dis	(648, 384)	True	220352	221535	up	(512, 384)	testing
15	ty	f	20	2	diamond	green	dif	hori	left	(512, 520)	(415, 480)	True	222609	223183	left	(512, 384)	testing
15	ty	f	20	2	circle	none	dif	hori	left	N_dis	(376, 384)	True	224266	224796	left	(512, 384)	testing
15	ty	f	20	2	circle	green	same	vert	up	(512, 520)	(415, 287)	True	226060	227109	up	(512, 384)	testing
15	ty	f	20	2	circle	none	same	hori	left	N_dis	(608, 287)	True	228247	228885	left	(512, 384)	testing
15	ty	f	20	2	diamond	green	dif	vert	up	(512, 248)	(415, 480)	True	229916	230748	up	(512, 384)	testing
15	ty	f	20	2	diamond	none	dif	hori	left	N_dis	(608, 287)	True	231996	232630	left	(512, 384)	testing
15	ty	f	20	2	diamond	green	same	vert	up	(512, 520)	(415, 480)	True	233675	234496	up	(512, 384)	testing
15	ty	f	20	2	diamond	red	same	vert	up	(512, 520)	(608, 480)	True	235627	236287	up	(512, 384)	testing
15	ty	f	20	2	circle	green	dif	vert	up	(608, 287)	(415, 287)	True	237369	238352	up	(512, 384)	testing
15	ty	f	20	2	circle	none	same	hori	left	N_dis	(608, 287)	True	239390	240018	left	(512, 384)	testing
15	ty	f	20	2	circle	none	dif	hori	left	N_dis	(512, 248)	True	241177	241833	left	(512, 384)	testing
15	ty	f	20	2	diamond	green	same	hori	left	(512, 520)	(376, 384)	True	243013	243639	left	(512, 384)	testing
15	ty	f	20	2	diamond	none	dif	vert	up	N_dis	(415, 480)	True	244810	245616	up	(512, 384)	testing
15	ty	f	20	2	diamond	none	same	vert	up	N_dis	(415, 480)	True	246829	247482	up	(512, 384)	testing
15	ty	f	20	2	circle	none	dif	hori	left	N_dis	(608, 287)	True	248683	249406	left	(512, 384)	testing
15	ty	f	20	2	diamond	red	same	hori	left	(512, 520)	(648, 384)	True	250669	251417	left	(512, 384)	testing
15	ty	f	20	2	diamond	red	same	vert	up	(512, 520)	(608, 287)	True	252505	253131	up	(512, 384)	testing
15	ty	f	20	2	diamond	none	dif	vert	up	N_dis	(376, 384)	True	254155	254875	up	(512, 384)	testing
15	ty	f	20	2	circle	red	same	hori	left	(512, 520)	(608, 480)	True	256144	257094	left	(512, 384)	testing
15	ty	f	20	2	diamond	green	same	hori	left	(512, 520)	(512, 248)	True	258326	259065	left	(512, 384)	testing
15	ty	f	20	2	circle	none	dif	vert	up	N_dis	(648, 384)	True	260234	260986	up	(512, 384)	testing
15	ty	f	20	2	circle	none	same	hori	left	N_dis	(512, 520)	True	262095	262960	left	(512, 384)	testing
15	ty	f	20	2	diamond	green	dif	hori	left	(376, 384)	(415, 480)	True	264192	264806	up	(512, 384)	testing
15	ty	f	20	2	diamond	red	same	hori	left	(608, 287)	(512, 248)	True	267476	268535	left	(512, 384)	testing
