subj	name	gender	age	runNum	shape	dist	td_dif	resp	resp_key	d_loc	t_loc	gotKey	startTime	respTime	resp	fix_loc	prac
15	ty	f	20	5	circle	red	same	vert	up	(608, 287)	(512, 520)	True	9232	9929	up	(512, 384)	testing
15	ty	f	20	5	circle	green	dif	hori	left	(608, 287)	(648, 384)	True	11059	11763	left	(512, 384)	testing
15	ty	f	20	5	circle	none	same	hori	left	N_dis	(608, 287)	True	12916	13511	left	(512, 384)	testing
15	ty	f	20	5	diamond	none	dif	hori	left	N_dis	(608, 287)	True	14723	15444	left	(512, 384)	testing
15	ty	f	20	5	diamond	green	dif	hori	left	(608, 287)	(376, 384)	True	16595	17238	left	(512, 384)	testing
15	ty	f	20	5	circle	red	dif	vert	up	(608, 287)	(376, 384)	True	18416	19121	up	(512, 384)	testing
15	ty	f	20	5	diamond	green	same	vert	up	(512, 248)	(648, 384)	True	20390	22011	up	(512, 384)	testing
15	ty	f	20	5	diamond	none	dif	hori	left	N_dis	(608, 480)	True	23237	24583	left	(512, 384)	testing
15	ty	f	20	5	circle	red	dif	vert	up	(415, 287)	(608, 480)	True	25682	26737	up	(512, 384)	testing
15	ty	f	20	5	circle	green	dif	vert	up	(608, 287)	(415, 287)	True	28004	28880	up	(512, 384)	testing
15	ty	f	20	5	diamond	red	dif	hori	left	(608, 287)	(512, 520)	True	29977	30634	left	(512, 384)	testing
15	ty	f	20	5	circle	red	dif	hori	left	(415, 480)	(512, 520)	True	31718	32743	left	(512, 384)	testing
15	ty	f	20	5	circle	green	dif	vert	up	(608, 287)	(512, 248)	True	33968	35024	up	(512, 384)	testing
15	ty	f	20	5	diamond	none	dif	vert	up	N_dis	(376, 384)	True	36102	36799	up	(512, 384)	testing
15	ty	f	20	5	circle	none	same	vert	up	N_dis	(512, 520)	True	37830	38779	up	(512, 384)	testing
15	ty	f	20	5	diamond	red	same	vert	up	(608, 287)	(648, 384)	True	39950	40893	up	(512, 384)	testing
15	ty	f	20	5	circle	green	dif	hori	left	(415, 480)	(376, 384)	True	42062	43023	up	(512, 384)	testing
15	ty	f	20	5	circle	green	same	vert	up	(608, 480)	(376, 384)	True	45649	46867	up	(512, 384)	testing
15	ty	f	20	5	diamond	none	same	hori	left	N_dis	(648, 384)	True	48108	48729	left	(512, 384)	testing
15	ty	f	20	5	circle	green	same	hori	left	(608, 287)	(415, 480)	True	49910	50783	left	(512, 384)	testing
15	ty	f	20	5	circle	green	same	hori	left	(608, 287)	(608, 480)	True	51862	52840	left	(512, 384)	testing
15	ty	f	20	5	diamond	red	dif	vert	up	(608, 287)	(415, 287)	True	54044	54843	up	(512, 384)	testing
15	ty	f	20	5	diamond	green	same	hori	left	(608, 287)	(512, 520)	True	56069	56873	left	(512, 384)	testing
15	ty	f	20	5	circle	red	same	vert	up	(608, 287)	(376, 384)	True	58088	58778	up	(512, 384)	testing
15	ty	f	20	5	diamond	none	same	hori	left	N_dis	(608, 480)	True	59916	60483	left	(512, 384)	testing
15	ty	f	20	5	circle	none	same	hori	left	N_dis	(376, 384)	True	61563	62360	left	(512, 384)	testing
15	ty	f	20	5	diamond	red	dif	vert	up	(608, 287)	(376, 384)	True	63589	64248	up	(512, 384)	testing
15	ty	f	20	5	diamond	none	same	hori	left	N_dis	(608, 287)	True	65400	66925	left	(512, 384)	testing
15	ty	f	20	5	diamond	green	dif	vert	up	(608, 287)	(415, 287)	True	68098	68919	left	(512, 384)	testing
15	ty	f	20	5	circle	none	same	vert	up	N_dis	(415, 480)	True	71567	72482	up	(512, 384)	testing
15	ty	f	20	5	diamond	none	same	vert	up	N_dis	(512, 520)	True	73679	74470	up	(512, 384)	testing
15	ty	f	20	5	circle	green	same	vert	up	(415, 287)	(512, 248)	True	75652	76744	up	(512, 384)	testing
15	ty	f	20	5	diamond	red	same	hori	left	(608, 287)	(608, 480)	True	77897	78638	left	(512, 384)	testing
15	ty	f	20	5	circle	red	dif	hori	left	(608, 287)	(608, 480)	True	79708	80555	left	(512, 384)	testing
15	ty	f	20	5	diamond	green	dif	hori	left	(608, 287)	(512, 520)	True	81734	82439	left	(512, 384)	testing
15	ty	f	20	5	circle	red	same	hori	left	(608, 287)	(512, 248)	True	83591	84482	left	(512, 384)	testing
15	ty	f	20	5	diamond	red	same	hori	left	(608, 287)	(608, 480)	True	85618	86242	left	(512, 384)	testing
15	ty	f	20	5	diamond	none	dif	hori	left	N_dis	(376, 384)	True	87276	87820	left	(512, 384)	testing
15	ty	f	20	5	circle	green	dif	vert	up	(512, 520)	(648, 384)	True	88854	89800	up	(512, 384)	testing
15	ty	f	20	5	diamond	green	same	vert	up	(608, 287)	(512, 248)	True	90898	91845	up	(512, 384)	testing
15	ty	f	20	5	circle	none	dif	vert	up	N_dis	(608, 480)	True	92999	93767	up	(512, 384)	testing
15	ty	f	20	5	circle	green	dif	hori	left	(608, 287)	(376, 384)	True	94974	95536	left	(512, 384)	testing
15	ty	f	20	5	diamond	green	dif	vert	up	(608, 287)	(415, 287)	True	96679	97921	up	(512, 384)	testing
15	ty	f	20	5	circle	green	dif	hori	left	(608, 287)	(415, 480)	True	99161	100076	left	(512, 384)	testing
15	ty	f	20	5	circle	green	same	hori	left	(376, 384)	(415, 480)	True	101146	101965	left	(512, 384)	testing
15	ty	f	20	5	diamond	green	dif	hori	left	(608, 287)	(415, 480)	True	103140	104056	left	(512, 384)	testing
15	ty	f	20	5	diamond	none	dif	vert	up	N_dis	(512, 520)	True	105261	106187	up	(512, 384)	testing
15	ty	f	20	5	circle	red	same	hori	left	(608, 287)	(376, 384)	True	107242	107945	left	(512, 384)	testing
15	ty	f	20	5	circle	green	dif	vert	up	(608, 287)	(415, 480)	True	109217	110031	up	(512, 384)	testing
15	ty	f	20	5	diamond	green	same	hori	left	(415, 287)	(376, 384)	True	111139	111912	left	(512, 384)	testing
15	ty	f	20	5	diamond	green	same	vert	up	(608, 287)	(512, 520)	True	112964	113581	up	(512, 384)	testing
15	ty	f	20	5	circle	none	same	hori	left	N_dis	(648, 384)	True	114606	115283	left	(512, 384)	testing
15	ty	f	20	5	diamond	none	dif	vert	up	N_dis	(608, 287)	True	116494	117273	up	(512, 384)	testing
15	ty	f	20	5	diamond	red	dif	hori	left	(376, 384)	(512, 520)	True	118427	119205	left	(512, 384)	testing
15	ty	f	20	5	circle	red	dif	vert	up	(608, 287)	(608, 480)	True	120352	121116	up	(512, 384)	testing
15	ty	f	20	5	circle	none	dif	vert	up	N_dis	(648, 384)	True	122363	123252	up	(512, 384)	testing
15	ty	f	20	5	circle	red	dif	hori	left	(512, 520)	(648, 384)	True	124373	125192	left	(512, 384)	testing
15	ty	f	20	5	circle	green	same	vert	up	(608, 287)	(415, 480)	True	126353	127358	up	(512, 384)	testing
15	ty	f	20	5	circle	none	dif	hori	left	N_dis	(648, 384)	True	128588	129174	left	(512, 384)	testing
15	ty	f	20	5	diamond	none	dif	hori	left	N_dis	(512, 248)	True	130419	131434	left	(512, 384)	testing
15	ty	f	20	5	circle	red	dif	hori	left	(608, 287)	(415, 287)	True	132622	133580	left	(512, 384)	testing
15	ty	f	20	5	diamond	red	dif	vert	up	(608, 287)	(415, 480)	True	134764	135453	up	(512, 384)	testing
15	ty	f	20	5	circle	none	dif	vert	up	N_dis	(376, 384)	True	136587	137845	up	(512, 384)	testing
15	ty	f	20	5	diamond	green	same	hori	left	(648, 384)	(415, 287)	True	139056	139739	left	(512, 384)	testing
15	ty	f	20	5	diamond	none	same	vert	up	N_dis	(512, 248)	True	140814	141602	up	(512, 384)	testing
15	ty	f	20	5	diamond	red	same	hori	left	(512, 248)	(608, 480)	True	142659	143304	left	(512, 384)	testing
15	ty	f	20	5	circle	red	same	vert	up	(608, 287)	(608, 480)	True	144360	145162	up	(512, 384)	testing
15	ty	f	20	5	diamond	red	same	vert	up	(608, 287)	(512, 248)	True	146203	146774	up	(512, 384)	testing
15	ty	f	20	5	circle	none	same	hori	left	N_dis	(415, 480)	True	147944	148496	left	(512, 384)	testing
15	ty	f	20	5	circle	none	dif	vert	up	N_dis	(512, 248)	True	149578	150329	up	(512, 384)	testing
15	ty	f	20	5	diamond	green	dif	hori	left	(512, 248)	(512, 520)	True	151375	151919	left	(512, 384)	testing
15	ty	f	20	5	circle	red	dif	hori	left	(608, 287)	(648, 384)	True	153008	153993	left	(512, 384)	testing
15	ty	f	20	5	diamond	red	same	hori	left	(608, 287)	(415, 480)	True	155070	155752	left	(512, 384)	testing
15	ty	f	20	5	diamond	green	same	hori	left	(608, 287)	(512, 248)	True	156885	157743	left	(512, 384)	testing
15	ty	f	20	5	circle	none	dif	hori	left	N_dis	(415, 480)	True	158996	159877	left	(512, 384)	testing
15	ty	f	20	5	circle	green	same	hori	left	(608, 287)	(415, 480)	True	161064	161757	left	(512, 384)	testing
15	ty	f	20	5	circle	red	same	vert	up	(608, 287)	(512, 248)	True	162938	163959	up	(512, 384)	testing
15	ty	f	20	5	diamond	green	same	hori	left	(608, 480)	(415, 287)	True	165197	165914	left	(512, 384)	testing
15	ty	f	20	5	diamond	green	dif	vert	up	(512, 248)	(415, 287)	True	167040	167989	up	(512, 384)	testing
15	ty	f	20	5	diamond	red	dif	hori	left	(648, 384)	(376, 384)	True	169263	169744	left	(512, 384)	testing
15	ty	f	20	5	diamond	none	same	hori	left	N_dis	(415, 287)	True	171001	171530	left	(512, 384)	testing
15	ty	f	20	5	diamond	green	dif	vert	up	(608, 287)	(415, 480)	True	172790	173450	up	(512, 384)	testing
15	ty	f	20	5	diamond	red	same	hori	left	(648, 384)	(415, 480)	True	174498	174982	left	(512, 384)	testing
15	ty	f	20	5	diamond	none	same	vert	up	N_dis	(415, 287)	True	176105	176679	up	(512, 384)	testing
15	ty	f	20	5	circle	none	dif	hori	left	N_dis	(512, 248)	True	177883	178913	left	(512, 384)	testing
15	ty	f	20	5	diamond	none	dif	vert	up	N_dis	(512, 520)	True	179950	180838	up	(512, 384)	testing
15	ty	f	20	5	diamond	red	dif	hori	left	(608, 287)	(648, 384)	True	181917	182613	left	(512, 384)	testing
15	ty	f	20	5	circle	green	same	vert	up	(608, 287)	(512, 520)	True	183668	184386	up	(512, 384)	testing
15	ty	f	20	5	diamond	none	same	vert	up	N_dis	(415, 480)	True	185479	186158	up	(512, 384)	testing
15	ty	f	20	5	circle	none	same	vert	up	N_dis	(512, 248)	True	187298	187859	up	(512, 384)	testing
15	ty	f	20	5	circle	none	dif	hori	left	N_dis	(415, 480)	True	189019	189491	left	(512, 384)	testing
15	ty	f	20	5	circle	red	same	hori	left	(608, 287)	(648, 384)	True	190751	191397	left	(512, 384)	testing
15	ty	f	20	5	diamond	none	dif	vert	up	N_dis	(512, 520)	True	192550	193157	up	(512, 384)	testing
15	ty	f	20	5	diamond	red	same	vert	up	(608, 287)	(415, 287)	True	194257	194907	up	(512, 384)	testing
15	ty	f	20	5	circle	red	dif	vert	up	(608, 287)	(415, 287)	True	196045	196581	up	(512, 384)	testing
15	ty	f	20	5	diamond	green	same	vert	up	(608, 287)	(512, 520)	True	197652	198425	up	(512, 384)	testing
15	ty	f	20	5	circle	red	same	hori	left	(608, 287)	(376, 384)	True	199459	200171	left	(512, 384)	testing
15	ty	f	20	5	diamond	red	dif	hori	left	(415, 287)	(512, 248)	True	201256	201780	up	(512, 384)	testing
15	ty	f	20	5	diamond	red	same	vert	up	(608, 480)	(512, 248)	True	204554	205394	up	(512, 384)	testing
15	ty	f	20	5	diamond	green	dif	hori	left	(608, 287)	(648, 384)	True	206637	207194	left	(512, 384)	testing
15	ty	f	20	5	diamond	red	dif	vert	up	(608, 287)	(512, 248)	True	208217	208841	up	(512, 384)	testing
15	ty	f	20	5	diamond	none	same	vert	up	N_dis	(648, 384)	True	209951	210573	up	(512, 384)	testing
15	ty	f	20	5	diamond	green	dif	vert	up	(512, 520)	(415, 480)	True	211658	212451	up	(512, 384)	testing
15	ty	f	20	5	circle	none	same	vert	up	N_dis	(608, 287)	True	213478	214214	up	(512, 384)	testing
15	ty	f	20	5	diamond	none	same	hori	left	N_dis	(415, 287)	True	215363	215863	left	(512, 384)	testing
15	ty	f	20	5	diamond	none	dif	hori	left	N_dis	(415, 287)	True	217066	217626	left	(512, 384)	testing
15	ty	f	20	5	diamond	green	same	vert	up	(376, 384)	(648, 384)	True	218690	219288	up	(512, 384)	testing
15	ty	f	20	5	circle	none	dif	vert	up	N_dis	(415, 287)	True	220357	221062	up	(512, 384)	testing
15	ty	f	20	5	circle	none	same	vert	up	N_dis	(376, 384)	True	222239	222974	up	(512, 384)	testing
15	ty	f	20	5	circle	none	dif	hori	left	N_dis	(608, 480)	True	224082	224691	left	(512, 384)	testing
15	ty	f	20	5	circle	green	same	vert	up	(415, 480)	(376, 384)	True	225867	226537	up	(512, 384)	testing
15	ty	f	20	5	circle	green	dif	vert	up	(415, 480)	(512, 520)	True	227701	228373	up	(512, 384)	testing
15	ty	f	20	5	circle	red	same	hori	left	(512, 520)	(376, 384)	True	229561	230175	left	(512, 384)	testing
15	ty	f	20	5	diamond	red	dif	vert	up	(608, 480)	(512, 248)	True	231301	232409	up	(512, 384)	testing
15	ty	f	20	5	circle	green	same	hori	left	(608, 287)	(648, 384)	True	233614	234151	left	(512, 384)	testing
15	ty	f	20	5	circle	red	dif	vert	up	(376, 384)	(512, 520)	True	235372	236380	up	(512, 384)	testing
15	ty	f	20	5	diamond	red	same	vert	up	(608, 287)	(415, 480)	True	237639	239112	up	(512, 384)	testing
15	ty	f	20	5	circle	red	same	vert	up	(608, 287)	(608, 480)	True	240256	241000	up	(512, 384)	testing
15	ty	f	20	5	circle	none	same	hori	left	N_dis	(608, 480)	True	242192	242712	left	(512, 384)	testing
15	ty	f	20	5	circle	green	dif	hori	left	(648, 384)	(608, 480)	True	243799	244569	left	(512, 384)	testing
