subj	name	gender	age	runNum	shape	dist	td_dif	resp	resp_key	d_loc	t_loc	gotKey	startTime	respTime	resp	fix_loc	prac
15	ty	f	20	9	diamond	none	same	vert	up	N_dis	(415, 287)	True	16833	17758	up	(512, 384)	testing
15	ty	f	20	9	diamond	none	same	hori	left	N_dis	(512, 520)	True	18829	19478	left	(512, 384)	testing
15	ty	f	20	9	diamond	red	same	vert	up	(608, 480)	(512, 248)	True	20709	21158	up	(512, 384)	testing
15	ty	f	20	9	circle	red	same	vert	up	(376, 384)	(415, 287)	True	22186	22907	up	(512, 384)	testing
15	ty	f	20	9	diamond	none	same	vert	up	N_dis	(608, 480)	True	24042	24495	left	(512, 384)	testing
15	ty	f	20	9	circle	red	same	hori	left	(608, 287)	(415, 480)	True	27043	27802	left	(512, 384)	testing
15	ty	f	20	9	circle	none	dif	hori	left	N_dis	(376, 384)	True	29048	29544	left	(512, 384)	testing
15	ty	f	20	9	diamond	red	dif	vert	up	(376, 384)	(512, 520)	True	30575	31343	up	(512, 384)	testing
15	ty	f	20	9	diamond	green	same	vert	up	(512, 520)	(648, 384)	True	32385	33200	up	(512, 384)	testing
15	ty	f	20	9	circle	green	same	hori	left	(376, 384)	(512, 520)	True	34425	35268	left	(512, 384)	testing
15	ty	f	20	9	diamond	red	same	vert	up	(376, 384)	(415, 287)	True	36485	37142	up	(512, 384)	testing
15	ty	f	20	9	circle	red	dif	vert	up	(648, 384)	(415, 480)	True	38169	38955	up	(512, 384)	testing
15	ty	f	20	9	diamond	none	dif	vert	up	N_dis	(512, 248)	True	40182	40706	up	(512, 384)	testing
15	ty	f	20	9	circle	green	dif	hori	left	(415, 480)	(512, 248)	True	41916	42803	left	(512, 384)	testing
15	ty	f	20	9	circle	red	same	hori	left	(512, 520)	(648, 384)	True	43869	44769	left	(512, 384)	testing
15	ty	f	20	9	circle	green	dif	hori	left	(376, 384)	(608, 287)	True	46036	46973	left	(512, 384)	testing
15	ty	f	20	9	circle	none	same	hori	left	N_dis	(648, 384)	True	48192	49269	left	(512, 384)	testing
15	ty	f	20	9	circle	red	same	hori	left	(512, 520)	(608, 480)	True	50527	51411	left	(512, 384)	testing
15	ty	f	20	9	diamond	red	dif	hori	left	(376, 384)	(512, 248)	True	52533	53122	left	(512, 384)	testing
15	ty	f	20	9	circle	green	same	vert	up	(376, 384)	(415, 287)	True	54191	55313	up	(512, 384)	testing
15	ty	f	20	9	circle	green	same	vert	up	(415, 480)	(512, 248)	True	56344	57058	up	(512, 384)	testing
15	ty	f	20	9	circle	red	dif	hori	left	(376, 384)	(415, 287)	True	58167	58675	left	(512, 384)	testing
15	ty	f	20	9	diamond	red	same	hori	left	(376, 384)	(512, 520)	True	59832	60444	left	(512, 384)	testing
15	ty	f	20	9	diamond	green	dif	hori	left	(376, 384)	(608, 480)	True	61592	62140	left	(512, 384)	testing
15	ty	f	20	9	circle	red	dif	hori	left	(376, 384)	(415, 480)	True	63345	64052	left	(512, 384)	testing
15	ty	f	20	9	diamond	green	same	vert	up	(376, 384)	(608, 287)	True	65277	65803	up	(512, 384)	testing
15	ty	f	20	9	circle	none	dif	vert	up	N_dis	(608, 480)	True	66852	67555	left	(512, 384)	testing
15	ty	f	20	9	circle	none	dif	vert	up	N_dis	(376, 384)	True	70334	71066	up	(512, 384)	testing
15	ty	f	20	9	circle	none	dif	vert	up	N_dis	(608, 480)	True	72109	72797	up	(512, 384)	testing
15	ty	f	20	9	diamond	none	dif	vert	up	N_dis	(648, 384)	True	73907	74592	up	(512, 384)	testing
15	ty	f	20	9	circle	red	dif	vert	up	(376, 384)	(608, 480)	True	75616	76694	up	(512, 384)	testing
15	ty	f	20	9	circle	green	dif	hori	left	(415, 480)	(608, 480)	True	77757	78557	left	(512, 384)	testing
15	ty	f	20	9	diamond	red	dif	vert	up	(376, 384)	(648, 384)	True	79682	80206	up	(512, 384)	testing
15	ty	f	20	9	circle	none	same	vert	up	N_dis	(415, 480)	True	81250	81985	up	(512, 384)	testing
15	ty	f	20	9	circle	red	dif	hori	left	(415, 287)	(608, 287)	True	83091	84088	left	(512, 384)	testing
15	ty	f	20	9	circle	red	same	vert	up	(376, 384)	(512, 248)	True	85123	85922	up	(512, 384)	testing
15	ty	f	20	9	diamond	green	same	vert	up	(376, 384)	(648, 384)	True	87059	87694	up	(512, 384)	testing
15	ty	f	20	9	circle	red	same	vert	up	(376, 384)	(648, 384)	True	88848	89448	up	(512, 384)	testing
15	ty	f	20	9	circle	none	dif	hori	left	N_dis	(415, 287)	True	90532	91256	left	(512, 384)	testing
15	ty	f	20	9	diamond	none	same	hori	left	N_dis	(648, 384)	True	92452	92914	left	(512, 384)	testing
15	ty	f	20	9	diamond	green	dif	vert	up	(376, 384)	(512, 248)	True	93938	94828	up	(512, 384)	testing
15	ty	f	20	9	circle	green	same	hori	left	(376, 384)	(512, 248)	True	95921	96793	left	(512, 384)	testing
15	ty	f	20	9	diamond	green	same	hori	left	(608, 480)	(512, 520)	True	97839	98796	left	(512, 384)	testing
15	ty	f	20	9	diamond	red	dif	hori	left	(376, 384)	(648, 384)	True	99887	100350	left	(512, 384)	testing
15	ty	f	20	9	circle	none	same	hori	left	N_dis	(376, 384)	True	101516	102201	left	(512, 384)	testing
15	ty	f	20	9	circle	red	dif	vert	up	(376, 384)	(608, 480)	True	103273	104977	up	(512, 384)	testing
15	ty	f	20	9	circle	green	dif	vert	up	(376, 384)	(648, 384)	True	106126	106971	left	(512, 384)	testing
15	ty	f	20	9	diamond	red	same	vert	up	(608, 480)	(415, 480)	True	109756	110936	up	(512, 384)	testing
15	ty	f	20	9	diamond	green	dif	vert	up	(512, 248)	(608, 287)	True	112110	112696	up	(512, 384)	testing
15	ty	f	20	9	circle	red	dif	vert	up	(376, 384)	(608, 480)	True	113893	114956	up	(512, 384)	testing
15	ty	f	20	9	circle	red	dif	hori	left	(376, 384)	(608, 480)	True	116120	116859	left	(512, 384)	testing
15	ty	f	20	9	circle	green	same	vert	up	(415, 287)	(648, 384)	True	118125	119004	up	(512, 384)	testing
15	ty	f	20	9	circle	green	dif	vert	up	(376, 384)	(648, 384)	True	120042	120613	up	(512, 384)	testing
15	ty	f	20	9	circle	red	same	hori	left	(376, 384)	(512, 248)	True	121844	122742	left	(512, 384)	testing
15	ty	f	20	9	diamond	green	same	hori	left	(376, 384)	(415, 480)	True	123914	124902	left	(512, 384)	testing
15	ty	f	20	9	diamond	none	dif	hori	left	N_dis	(415, 287)	True	126143	126750	left	(512, 384)	testing
15	ty	f	20	9	diamond	red	same	vert	up	(376, 384)	(512, 520)	True	127966	128759	up	(512, 384)	testing
15	ty	f	20	9	diamond	none	same	vert	up	N_dis	(415, 480)	True	129993	130738	up	(512, 384)	testing
15	ty	f	20	9	diamond	green	dif	hori	left	(376, 384)	(608, 480)	True	131971	132521	left	(512, 384)	testing
15	ty	f	20	9	diamond	red	same	vert	up	(376, 384)	(608, 287)	True	133735	134395	left	(512, 384)	testing
15	ty	f	20	9	diamond	none	same	vert	up	N_dis	(512, 248)	True	137071	137721	up	(512, 384)	testing
15	ty	f	20	9	diamond	none	dif	hori	left	N_dis	(608, 287)	True	138749	139538	left	(512, 384)	testing
15	ty	f	20	9	diamond	green	same	vert	up	(376, 384)	(415, 480)	True	140783	141589	up	(512, 384)	testing
15	ty	f	20	9	circle	none	same	hori	left	N_dis	(608, 480)	True	142847	143583	left	(512, 384)	testing
15	ty	f	20	9	diamond	green	same	hori	left	(608, 480)	(648, 384)	True	144789	145428	left	(512, 384)	testing
15	ty	f	20	9	diamond	red	same	hori	left	(648, 384)	(608, 480)	True	146546	147336	left	(512, 384)	testing
15	ty	f	20	9	circle	red	dif	hori	left	(376, 384)	(648, 384)	True	148391	149290	left	(512, 384)	testing
15	ty	f	20	9	diamond	none	dif	vert	up	N_dis	(512, 248)	True	150410	151155	up	(512, 384)	testing
15	ty	f	20	9	circle	green	same	hori	left	(376, 384)	(512, 520)	True	152188	153323	left	(512, 384)	testing
15	ty	f	20	9	circle	red	same	vert	up	(376, 384)	(648, 384)	True	154541	155200	up	(512, 384)	testing
15	ty	f	20	9	circle	none	same	hori	left	N_dis	(608, 480)	True	156319	156800	left	(512, 384)	testing
15	ty	f	20	9	diamond	red	same	hori	left	(376, 384)	(415, 480)	True	157895	158691	left	(512, 384)	testing
15	ty	f	20	9	diamond	green	dif	hori	left	(376, 384)	(608, 480)	True	159742	160279	left	(512, 384)	testing
15	ty	f	20	9	circle	none	same	vert	up	N_dis	(415, 287)	True	161463	162239	up	(512, 384)	testing
15	ty	f	20	9	circle	green	same	vert	up	(376, 384)	(415, 480)	True	163293	164102	up	(512, 384)	testing
15	ty	f	20	9	diamond	green	dif	vert	up	(376, 384)	(648, 384)	True	165184	165801	up	(512, 384)	testing
15	ty	f	20	9	diamond	none	dif	vert	up	N_dis	(512, 520)	True	166896	167630	up	(512, 384)	testing
15	ty	f	20	9	circle	green	same	hori	left	(415, 480)	(512, 520)	True	168792	169575	left	(512, 384)	testing
15	ty	f	20	9	circle	none	dif	vert	up	N_dis	(648, 384)	True	170646	171349	up	(512, 384)	testing
15	ty	f	20	9	circle	red	same	hori	left	(376, 384)	(415, 480)	True	172620	173265	left	(512, 384)	testing
15	ty	f	20	9	diamond	green	dif	vert	up	(376, 384)	(415, 287)	True	174363	175168	up	(512, 384)	testing
15	ty	f	20	9	circle	none	dif	hori	left	N_dis	(608, 287)	True	176306	176848	left	(512, 384)	testing
15	ty	f	20	9	circle	green	dif	vert	up	(608, 287)	(415, 480)	True	177897	178691	up	(512, 384)	testing
15	ty	f	20	9	diamond	none	dif	hori	left	N_dis	(608, 287)	True	179778	180345	left	(512, 384)	testing
15	ty	f	20	9	diamond	green	same	hori	left	(512, 520)	(608, 287)	True	181553	182107	left	(512, 384)	testing
15	ty	f	20	9	circle	none	same	vert	up	N_dis	(376, 384)	True	183162	183887	up	(512, 384)	testing
15	ty	f	20	9	diamond	none	same	vert	up	N_dis	(608, 287)	True	184987	185518	up	(512, 384)	testing
15	ty	f	20	9	diamond	red	dif	hori	left	(376, 384)	(512, 248)	True	186763	187358	left	(512, 384)	testing
15	ty	f	20	9	circle	green	dif	vert	up	(376, 384)	(608, 287)	True	188520	189055	left	(512, 384)	testing
15	ty	f	20	9	diamond	green	same	hori	left	(512, 248)	(608, 480)	True	191607	192298	left	(512, 384)	testing
15	ty	f	20	9	diamond	red	same	hori	left	(376, 384)	(415, 480)	True	193543	194106	left	(512, 384)	testing
15	ty	f	20	9	diamond	green	same	vert	up	(376, 384)	(648, 384)	True	195274	195866	up	(512, 384)	testing
15	ty	f	20	9	diamond	none	same	hori	left	N_dis	(608, 287)	True	197074	197632	left	(512, 384)	testing
15	ty	f	20	9	diamond	red	dif	vert	up	(608, 287)	(512, 248)	True	198725	199334	up	(512, 384)	testing
15	ty	f	20	9	diamond	none	dif	hori	left	N_dis	(512, 520)	True	200427	200977	left	(512, 384)	testing
15	ty	f	20	9	diamond	green	dif	hori	left	(376, 384)	(608, 287)	True	202098	202565	left	(512, 384)	testing
15	ty	f	20	9	diamond	red	dif	vert	up	(648, 384)	(415, 480)	True	203660	204148	left	(512, 384)	testing
15	ty	f	20	9	circle	none	same	vert	up	N_dis	(376, 384)	True	206888	207899	up	(512, 384)	testing
15	ty	f	20	9	circle	none	dif	vert	up	N_dis	(512, 248)	True	208986	209619	up	(512, 384)	testing
15	ty	f	20	9	circle	green	same	hori	left	(376, 384)	(415, 287)	True	210797	212663	left	(512, 384)	testing
15	ty	f	20	9	circle	green	same	vert	up	(415, 287)	(512, 520)	True	213730	214478	up	(512, 384)	testing
15	ty	f	20	9	circle	none	dif	hori	left	N_dis	(512, 248)	True	215748	216406	left	(512, 384)	testing
15	ty	f	20	9	diamond	green	dif	hori	left	(648, 384)	(415, 480)	True	217456	218302	left	(512, 384)	testing
15	ty	f	20	9	diamond	none	same	hori	left	N_dis	(648, 384)	True	219548	220051	left	(512, 384)	testing
15	ty	f	20	9	circle	none	same	hori	left	N_dis	(415, 287)	True	221179	221720	left	(512, 384)	testing
15	ty	f	20	9	diamond	none	dif	hori	left	N_dis	(415, 480)	True	222970	223642	left	(512, 384)	testing
15	ty	f	20	9	circle	red	dif	vert	up	(512, 248)	(608, 287)	True	224724	225675	up	(512, 384)	testing
15	ty	f	20	9	diamond	none	same	hori	left	N_dis	(415, 480)	True	226711	227358	left	(512, 384)	testing
15	ty	f	20	9	diamond	green	dif	vert	up	(376, 384)	(512, 520)	True	228625	229269	up	(512, 384)	testing
15	ty	f	20	9	diamond	red	dif	hori	left	(608, 287)	(512, 520)	True	230423	231060	left	(512, 384)	testing
15	ty	f	20	9	circle	none	dif	hori	left	N_dis	(512, 520)	True	232205	232997	left	(512, 384)	testing
15	ty	f	20	9	circle	green	dif	hori	left	(512, 248)	(512, 520)	True	234109	234705	left	(512, 384)	testing
15	ty	f	20	9	diamond	red	dif	vert	up	(376, 384)	(608, 287)	True	235916	236984	up	(512, 384)	testing
15	ty	f	20	9	diamond	none	dif	vert	up	N_dis	(512, 520)	True	238222	238826	up	(512, 384)	testing
15	ty	f	20	9	circle	red	same	vert	up	(376, 384)	(415, 287)	True	239950	241397	left	(512, 384)	testing
15	ty	f	20	9	circle	green	dif	vert	up	(376, 384)	(512, 248)	True	244044	244874	up	(512, 384)	testing
15	ty	f	20	9	circle	green	dif	hori	left	(376, 384)	(608, 287)	True	246046	246751	left	(512, 384)	testing
15	ty	f	20	9	circle	none	same	vert	up	N_dis	(415, 480)	True	247843	248700	up	(512, 384)	testing
15	ty	f	20	9	diamond	red	same	hori	left	(376, 384)	(512, 520)	True	249901	250653	left	(512, 384)	testing
15	ty	f	20	9	diamond	red	dif	hori	left	(415, 287)	(648, 384)	True	251801	252353	left	(512, 384)	testing
