subj	name	gender	age	runNum	shape	dist	td_dif	resp	resp_key	d_loc	t_loc	gotKey	startTime	respTime	resp	fix_loc	prac
15	ty	f	20	8	circle	green	dif	vert	up	(376, 384)	(415, 287)	True	6569	7503	up	(512, 384)	testing
15	ty	f	20	8	diamond	none	same	hori	left	N_dis	(376, 384)	True	8694	9137	left	(512, 384)	testing
15	ty	f	20	8	circle	green	same	hori	left	(608, 287)	(415, 480)	True	10340	11145	left	(512, 384)	testing
15	ty	f	20	8	diamond	green	same	vert	up	(376, 384)	(415, 480)	True	12261	13642	left	(512, 384)	testing
15	ty	f	20	8	diamond	green	same	vert	up	(376, 384)	(512, 520)	True	16406	17000	up	(512, 384)	testing
15	ty	f	20	8	circle	green	same	hori	left	(376, 384)	(608, 287)	True	18212	18934	left	(512, 384)	testing
15	ty	f	20	8	circle	none	same	hori	left	N_dis	(415, 287)	True	20071	21118	up	(512, 384)	testing
15	ty	f	20	8	circle	red	dif	vert	up	(608, 287)	(512, 520)	True	23741	24642	up	(512, 384)	testing
15	ty	f	20	8	diamond	red	dif	vert	up	(376, 384)	(648, 384)	True	25702	26298	up	(512, 384)	testing
15	ty	f	20	8	diamond	red	dif	vert	up	(376, 384)	(608, 480)	True	27345	27851	up	(512, 384)	testing
15	ty	f	20	8	diamond	red	same	hori	left	(376, 384)	(512, 248)	True	28905	29412	left	(512, 384)	testing
15	ty	f	20	8	diamond	none	same	hori	left	N_dis	(512, 248)	True	30651	31146	left	(512, 384)	testing
15	ty	f	20	8	diamond	none	same	vert	up	N_dis	(415, 287)	True	32205	33462	up	(512, 384)	testing
15	ty	f	20	8	diamond	green	dif	hori	left	(376, 384)	(415, 480)	True	34694	35731	left	(512, 384)	testing
15	ty	f	20	8	circle	none	same	hori	left	N_dis	(512, 520)	True	36988	37784	left	(512, 384)	testing
15	ty	f	20	8	diamond	green	dif	vert	up	(376, 384)	(648, 384)	True	39026	39648	up	(512, 384)	testing
15	ty	f	20	8	diamond	green	dif	vert	up	(512, 248)	(415, 287)	True	40693	41400	up	(512, 384)	testing
15	ty	f	20	8	diamond	red	same	vert	up	(376, 384)	(608, 287)	True	42573	43162	up	(512, 384)	testing
15	ty	f	20	8	diamond	green	same	hori	left	(608, 480)	(648, 384)	True	44204	45002	left	(512, 384)	testing
15	ty	f	20	8	diamond	none	dif	vert	up	N_dis	(512, 248)	True	46186	46827	up	(512, 384)	testing
15	ty	f	20	8	diamond	red	same	vert	up	(512, 520)	(512, 248)	True	47920	48406	up	(512, 384)	testing
15	ty	f	20	8	diamond	none	same	vert	up	N_dis	(608, 480)	True	49668	50328	up	(512, 384)	testing
15	ty	f	20	8	diamond	green	same	hori	left	(376, 384)	(512, 248)	True	51544	52071	left	(512, 384)	testing
15	ty	f	20	8	diamond	red	same	hori	left	(512, 248)	(648, 384)	True	53202	53740	left	(512, 384)	testing
15	ty	f	20	8	circle	none	dif	hori	left	N_dis	(415, 287)	True	54804	55495	left	(512, 384)	testing
15	ty	f	20	8	circle	green	same	vert	up	(376, 384)	(608, 287)	True	56720	57592	up	(512, 384)	testing
15	ty	f	20	8	diamond	green	dif	hori	left	(376, 384)	(512, 520)	True	58641	59488	left	(512, 384)	testing
15	ty	f	20	8	diamond	red	same	hori	left	(376, 384)	(608, 480)	True	60560	61062	left	(512, 384)	testing
15	ty	f	20	8	diamond	none	same	vert	up	N_dis	(648, 384)	True	62096	62584	up	(512, 384)	testing
15	ty	f	20	8	circle	red	dif	hori	left	(376, 384)	(608, 480)	True	63623	64133	up	(512, 384)	testing
15	ty	f	20	8	diamond	none	same	hori	left	N_dis	(608, 480)	True	66897	67591	left	(512, 384)	testing
15	ty	f	20	8	circle	red	same	vert	up	(648, 384)	(512, 248)	True	68657	69748	up	(512, 384)	testing
15	ty	f	20	8	diamond	red	same	hori	left	(415, 287)	(648, 384)	True	70948	71493	left	(512, 384)	testing
15	ty	f	20	8	circle	green	dif	vert	up	(608, 480)	(415, 480)	True	72641	73708	up	(512, 384)	testing
15	ty	f	20	8	diamond	none	dif	vert	up	N_dis	(376, 384)	True	74802	75463	up	(512, 384)	testing
15	ty	f	20	8	diamond	none	dif	vert	up	N_dis	(608, 287)	True	76610	77203	up	(512, 384)	testing
15	ty	f	20	8	circle	green	same	vert	up	(376, 384)	(648, 384)	True	78226	79359	up	(512, 384)	testing
15	ty	f	20	8	circle	green	dif	vert	up	(376, 384)	(648, 384)	True	80534	81213	up	(512, 384)	testing
15	ty	f	20	8	circle	green	dif	hori	left	(512, 520)	(415, 480)	True	82434	83150	left	(512, 384)	testing
15	ty	f	20	8	diamond	green	same	hori	left	(376, 384)	(608, 287)	True	84235	85287	left	(512, 384)	testing
15	ty	f	20	8	diamond	red	same	vert	up	(376, 384)	(608, 480)	True	86376	86948	up	(512, 384)	testing
15	ty	f	20	8	diamond	none	dif	hori	left	N_dis	(608, 480)	True	88151	88799	left	(512, 384)	testing
15	ty	f	20	8	circle	none	same	vert	up	N_dis	(512, 520)	True	90002	90907	up	(512, 384)	testing
15	ty	f	20	8	circle	none	dif	vert	up	N_dis	(376, 384)	True	92085	93342	up	(512, 384)	testing
15	ty	f	20	8	diamond	red	dif	hori	left	(376, 384)	(512, 248)	True	94410	95115	left	(512, 384)	testing
15	ty	f	20	8	circle	red	same	hori	left	(648, 384)	(415, 287)	True	96190	96982	left	(512, 384)	testing
15	ty	f	20	8	circle	red	dif	hori	left	(376, 384)	(648, 384)	True	98196	98864	left	(512, 384)	testing
15	ty	f	20	8	circle	green	dif	vert	up	(512, 520)	(415, 480)	True	99958	101357	up	(512, 384)	testing
15	ty	f	20	8	circle	green	dif	vert	up	(376, 384)	(512, 520)	True	102539	103948	up	(512, 384)	testing
15	ty	f	20	8	diamond	green	dif	vert	up	(648, 384)	(512, 520)	True	105165	105988	up	(512, 384)	testing
15	ty	f	20	8	diamond	green	dif	hori	left	(608, 480)	(648, 384)	True	107067	108643	left	(512, 384)	testing
15	ty	f	20	8	circle	red	same	hori	left	(376, 384)	(608, 287)	True	109701	110494	left	(512, 384)	testing
15	ty	f	20	8	circle	none	dif	hori	left	N_dis	(415, 480)	True	111649	112215	left	(512, 384)	testing
15	ty	f	20	8	diamond	green	dif	hori	left	(512, 248)	(608, 480)	True	113316	113921	left	(512, 384)	testing
15	ty	f	20	8	circle	red	same	vert	up	(376, 384)	(415, 480)	True	115113	115895	up	(512, 384)	testing
15	ty	f	20	8	circle	green	same	hori	left	(376, 384)	(415, 480)	True	116933	117600	left	(512, 384)	testing
15	ty	f	20	8	circle	red	same	hori	left	(376, 384)	(512, 520)	True	118668	119662	left	(512, 384)	testing
15	ty	f	20	8	circle	green	dif	hori	left	(376, 384)	(608, 287)	True	120688	121331	left	(512, 384)	testing
15	ty	f	20	8	circle	red	dif	vert	up	(608, 287)	(648, 384)	True	122434	123347	up	(512, 384)	testing
15	ty	f	20	8	circle	red	same	vert	up	(415, 287)	(608, 480)	True	124612	125250	up	(512, 384)	testing
15	ty	f	20	8	circle	red	same	hori	left	(415, 480)	(608, 287)	True	126519	127058	left	(512, 384)	testing
15	ty	f	20	8	diamond	none	dif	hori	left	N_dis	(512, 520)	True	128323	129037	left	(512, 384)	testing
15	ty	f	20	8	diamond	red	same	vert	up	(648, 384)	(415, 480)	True	130166	130831	up	(512, 384)	testing
15	ty	f	20	8	circle	red	same	vert	up	(376, 384)	(415, 287)	True	131989	132879	up	(512, 384)	testing
15	ty	f	20	8	diamond	red	same	vert	up	(376, 384)	(648, 384)	True	134030	134655	up	(512, 384)	testing
15	ty	f	20	8	circle	none	same	vert	up	N_dis	(415, 480)	True	135826	136503	up	(512, 384)	testing
15	ty	f	20	8	diamond	none	same	vert	up	N_dis	(608, 287)	True	137697	138732	up	(512, 384)	testing
15	ty	f	20	8	circle	green	dif	hori	left	(376, 384)	(415, 480)	True	139941	140459	left	(512, 384)	testing
15	ty	f	20	8	circle	red	same	vert	up	(415, 287)	(608, 480)	True	141604	142422	up	(512, 384)	testing
15	ty	f	20	8	diamond	none	dif	vert	up	N_dis	(415, 287)	True	143627	144290	up	(512, 384)	testing
15	ty	f	20	8	circle	green	same	hori	left	(376, 384)	(648, 384)	True	145417	146298	left	(512, 384)	testing
15	ty	f	20	8	diamond	red	dif	vert	up	(376, 384)	(648, 384)	True	147517	148169	up	(512, 384)	testing
15	ty	f	20	8	diamond	green	same	vert	up	(608, 480)	(648, 384)	True	149297	149832	up	(512, 384)	testing
15	ty	f	20	8	diamond	green	same	hori	left	(415, 287)	(608, 480)	True	150906	151486	left	(512, 384)	testing
15	ty	f	20	8	diamond	none	same	vert	up	N_dis	(512, 520)	True	152743	153357	up	(512, 384)	testing
15	ty	f	20	8	diamond	red	same	hori	left	(415, 480)	(608, 287)	True	154536	155368	left	(512, 384)	testing
15	ty	f	20	8	diamond	none	same	hori	left	N_dis	(376, 384)	True	156632	157148	left	(512, 384)	testing
15	ty	f	20	8	diamond	red	dif	vert	up	(376, 384)	(415, 287)	True	158261	158823	up	(512, 384)	testing
15	ty	f	20	8	circle	none	dif	vert	up	N_dis	(512, 248)	True	159961	161112	up	(512, 384)	testing
15	ty	f	20	8	circle	red	same	hori	left	(376, 384)	(608, 480)	True	162385	163291	left	(512, 384)	testing
15	ty	f	20	8	circle	none	same	vert	up	N_dis	(512, 248)	True	164362	165062	up	(512, 384)	testing
15	ty	f	20	8	circle	green	same	vert	up	(376, 384)	(648, 384)	True	166224	166885	up	(512, 384)	testing
15	ty	f	20	8	diamond	red	dif	hori	left	(376, 384)	(415, 287)	True	168065	168756	left	(512, 384)	testing
15	ty	f	20	8	diamond	red	dif	vert	up	(376, 384)	(608, 287)	True	169805	170406	up	(512, 384)	testing
15	ty	f	20	8	circle	red	dif	hori	left	(376, 384)	(415, 480)	True	171439	172226	left	(512, 384)	testing
15	ty	f	20	8	circle	red	dif	vert	up	(376, 384)	(648, 384)	True	173450	174117	up	(512, 384)	testing
15	ty	f	20	8	diamond	green	same	vert	up	(376, 384)	(415, 287)	True	175145	175909	up	(512, 384)	testing
15	ty	f	20	8	circle	green	same	hori	left	(376, 384)	(512, 520)	True	177033	177832	left	(512, 384)	testing
15	ty	f	20	8	circle	red	dif	vert	up	(376, 384)	(415, 480)	True	179101	179963	up	(512, 384)	testing
15	ty	f	20	8	diamond	green	same	vert	up	(376, 384)	(512, 248)	True	180991	181714	up	(512, 384)	testing
15	ty	f	20	8	circle	none	dif	hori	left	N_dis	(648, 384)	True	182949	183538	left	(512, 384)	testing
15	ty	f	20	8	diamond	none	same	hori	left	N_dis	(648, 384)	True	184656	185155	left	(512, 384)	testing
15	ty	f	20	8	diamond	red	dif	hori	left	(415, 480)	(512, 520)	True	186419	186930	left	(512, 384)	testing
15	ty	f	20	8	diamond	green	dif	hori	left	(376, 384)	(608, 480)	True	188101	188686	left	(512, 384)	testing
15	ty	f	20	8	diamond	green	dif	vert	up	(512, 520)	(648, 384)	True	189722	190312	up	(512, 384)	testing
15	ty	f	20	8	circle	none	same	hori	left	N_dis	(415, 287)	True	191413	192346	left	(512, 384)	testing
15	ty	f	20	8	circle	none	dif	vert	up	N_dis	(415, 480)	True	193429	194165	up	(512, 384)	testing
15	ty	f	20	8	diamond	none	dif	vert	up	N_dis	(648, 384)	True	195390	195966	up	(512, 384)	testing
15	ty	f	20	8	circle	green	dif	hori	left	(376, 384)	(415, 287)	True	197214	198475	left	(512, 384)	testing
15	ty	f	20	8	circle	none	same	hori	left	N_dis	(648, 384)	True	199620	200110	left	(512, 384)	testing
15	ty	f	20	8	diamond	none	dif	hori	left	N_dis	(608, 287)	True	201235	201971	left	(512, 384)	testing
15	ty	f	20	8	circle	none	dif	vert	up	N_dis	(512, 520)	True	203108	204349	up	(512, 384)	testing
15	ty	f	20	8	diamond	green	same	hori	left	(512, 248)	(512, 520)	True	205481	206077	left	(512, 384)	testing
15	ty	f	20	8	diamond	green	dif	vert	up	(376, 384)	(512, 520)	True	207151	207683	left	(512, 384)	testing
15	ty	f	20	8	circle	green	same	vert	up	(376, 384)	(512, 248)	True	210395	211198	up	(512, 384)	testing
15	ty	f	20	8	circle	none	dif	vert	up	N_dis	(608, 287)	True	212286	213794	up	(512, 384)	testing
15	ty	f	20	8	circle	none	same	vert	up	N_dis	(512, 248)	True	215051	216123	up	(512, 384)	testing
15	ty	f	20	8	diamond	red	dif	hori	left	(376, 384)	(512, 520)	True	217154	217915	left	(512, 384)	testing
15	ty	f	20	8	circle	red	dif	hori	left	(376, 384)	(512, 248)	True	218949	220059	left	(512, 384)	testing
15	ty	f	20	8	circle	red	dif	vert	up	(415, 480)	(648, 384)	True	221141	222216	up	(512, 384)	testing
15	ty	f	20	8	circle	green	dif	hori	left	(376, 384)	(608, 480)	True	223295	223948	left	(512, 384)	testing
15	ty	f	20	8	circle	none	same	vert	up	N_dis	(608, 480)	True	225094	225711	up	(512, 384)	testing
15	ty	f	20	8	circle	none	dif	hori	left	N_dis	(415, 480)	True	226883	227547	left	(512, 384)	testing
15	ty	f	20	8	diamond	none	dif	hori	left	N_dis	(608, 480)	True	228740	229243	left	(512, 384)	testing
15	ty	f	20	8	circle	green	same	vert	up	(376, 384)	(512, 248)	True	230359	231246	up	(512, 384)	testing
15	ty	f	20	8	diamond	none	dif	hori	left	N_dis	(376, 384)	True	232400	232944	left	(512, 384)	testing
15	ty	f	20	8	circle	red	dif	hori	left	(376, 384)	(415, 287)	True	234213	234890	left	(512, 384)	testing
15	ty	f	20	8	circle	none	same	hori	left	N_dis	(415, 480)	True	236042	236657	left	(512, 384)	testing
15	ty	f	20	8	circle	none	dif	hori	left	N_dis	(608, 287)	True	237688	238217	left	(512, 384)	testing
15	ty	f	20	8	diamond	red	dif	hori	left	(608, 287)	(648, 384)	True	239260	240003	left	(512, 384)	testing
