subj	name	gender	age	runNum	shape	dist	td_dif	resp	resp_key	d_loc	t_loc	gotKey	startTime	respTime	resp	fix_loc	prac
16	lr	f	19	5	diamond	red	dif	vert	up	(512, 248)	(415, 480)	True	105168	106104	up	(512, 384)	testing
16	lr	f	19	5	circle	none	same	hori	left	N_dis	(415, 287)	True	107362	108365	left	(512, 384)	testing
16	lr	f	19	5	diamond	red	dif	vert	up	(415, 287)	(608, 480)	True	109512	110639	up	(512, 384)	testing
16	lr	f	19	5	diamond	red	same	vert	up	(512, 248)	(415, 287)	True	111745	113007	up	(512, 384)	testing
16	lr	f	19	5	circle	green	same	vert	up	(512, 248)	(415, 480)	True	114229	115706	up	(512, 384)	testing
16	lr	f	19	5	diamond	green	dif	hori	left	(512, 248)	(512, 520)	True	116898	117861	left	(512, 384)	testing
16	lr	f	19	5	circle	green	same	hori	left	(512, 248)	(512, 520)	True	119024	119937	left	(512, 384)	testing
16	lr	f	19	5	circle	green	dif	hori	left	(512, 248)	(512, 520)	True	121120	122020	left	(512, 384)	testing
16	lr	f	19	5	diamond	none	dif	vert	up	N_dis	(608, 480)	True	123129	123809	up	(512, 384)	testing
16	lr	f	19	5	circle	none	same	vert	up	N_dis	(648, 384)	True	124920	125825	up	(512, 384)	testing
16	lr	f	19	5	diamond	red	dif	vert	up	(512, 248)	(376, 384)	True	127094	128210	up	(512, 384)	testing
16	lr	f	19	5	diamond	none	same	hori	left	N_dis	(648, 384)	True	129295	129925	left	(512, 384)	testing
16	lr	f	19	5	diamond	none	dif	hori	left	N_dis	(648, 384)	True	131174	131824	left	(512, 384)	testing
16	lr	f	19	5	diamond	none	same	vert	up	N_dis	(512, 520)	True	132958	134584	up	(512, 384)	testing
16	lr	f	19	5	circle	none	same	hori	left	N_dis	(608, 480)	True	135664	137832	left	(512, 384)	testing
16	lr	f	19	5	diamond	none	dif	vert	up	N_dis	(512, 520)	True	138974	140089	up	(512, 384)	testing
16	lr	f	19	5	diamond	green	same	vert	up	(376, 384)	(648, 384)	True	141123	142319	up	(512, 384)	testing
16	lr	f	19	5	circle	green	same	hori	left	(415, 287)	(512, 520)	True	143564	144435	left	(512, 384)	testing
16	lr	f	19	5	circle	red	dif	vert	up	(512, 248)	(415, 287)	True	145659	147449	up	(512, 384)	testing
16	lr	f	19	5	circle	red	same	hori	left	(648, 384)	(608, 480)	True	148641	150081	left	(512, 384)	testing
16	lr	f	19	5	circle	none	same	vert	up	N_dis	(608, 480)	True	151123	152663	up	(512, 384)	testing
16	lr	f	19	5	circle	red	same	hori	left	(512, 248)	(512, 520)	True	153776	156244	left	(512, 384)	testing
16	lr	f	19	5	circle	red	same	vert	up	(512, 520)	(376, 384)	True	157392	158578	up	(512, 384)	testing
16	lr	f	19	5	circle	green	dif	hori	left	(512, 520)	(376, 384)	True	159639	161137	left	(512, 384)	testing
16	lr	f	19	5	circle	green	dif	hori	left	(512, 248)	(608, 287)	False	162171	None	None	(512, 384)	testing
16	lr	f	19	5	diamond	none	dif	vert	up	N_dis	(376, 384)	True	167728	168434	up	(512, 384)	testing
16	lr	f	19	5	diamond	green	dif	vert	up	(512, 248)	(415, 287)	True	169687	171243	up	(512, 384)	testing
16	lr	f	19	5	circle	none	same	vert	up	N_dis	(415, 287)	True	172506	173619	up	(512, 384)	testing
16	lr	f	19	5	diamond	red	same	hori	left	(512, 248)	(512, 520)	True	174856	175849	left	(512, 384)	testing
16	lr	f	19	5	circle	red	same	hori	left	(512, 248)	(512, 520)	True	177049	178172	left	(512, 384)	testing
16	lr	f	19	5	diamond	red	same	hori	left	(512, 248)	(608, 287)	True	179219	180367	left	(512, 384)	testing
16	lr	f	19	5	circle	green	same	vert	up	(608, 480)	(376, 384)	True	181568	182635	up	(512, 384)	testing
16	lr	f	19	5	circle	green	same	vert	up	(512, 248)	(648, 384)	True	183877	185358	up	(512, 384)	testing
16	lr	f	19	5	circle	green	same	vert	up	(512, 248)	(376, 384)	True	186502	187491	up	(512, 384)	testing
16	lr	f	19	5	circle	none	same	vert	up	N_dis	(415, 480)	True	188760	189866	up	(512, 384)	testing
16	lr	f	19	5	circle	none	dif	vert	up	N_dis	(608, 480)	True	191012	192249	up	(512, 384)	testing
16	lr	f	19	5	circle	green	dif	hori	left	(376, 384)	(608, 287)	True	193470	194725	left	(512, 384)	testing
16	lr	f	19	5	circle	red	same	vert	up	(512, 248)	(415, 287)	True	195791	197094	up	(512, 384)	testing
16	lr	f	19	5	diamond	none	same	vert	up	N_dis	(376, 384)	True	198193	199533	up	(512, 384)	testing
16	lr	f	19	5	diamond	green	dif	vert	up	(608, 287)	(512, 520)	True	200587	202032	up	(512, 384)	testing
16	lr	f	19	5	diamond	green	dif	vert	up	(512, 248)	(512, 520)	True	203093	204151	up	(512, 384)	testing
16	lr	f	19	5	circle	none	dif	vert	up	N_dis	(608, 287)	True	205395	206564	up	(512, 384)	testing
16	lr	f	19	5	diamond	red	dif	hori	left	(512, 248)	(608, 287)	True	207697	209032	left	(512, 384)	testing
16	lr	f	19	5	circle	green	same	hori	left	(512, 248)	(415, 287)	True	210168	211284	left	(512, 384)	testing
16	lr	f	19	5	circle	none	dif	hori	left	N_dis	(512, 520)	True	212315	213715	left	(512, 384)	testing
16	lr	f	19	5	diamond	green	same	vert	up	(648, 384)	(512, 520)	True	214810	216109	up	(512, 384)	testing
16	lr	f	19	5	diamond	red	dif	vert	up	(512, 248)	(512, 520)	True	217201	218050	up	(512, 384)	testing
16	lr	f	19	5	diamond	green	dif	vert	up	(512, 248)	(648, 384)	True	219253	220337	up	(512, 384)	testing
16	lr	f	19	5	diamond	none	same	hori	left	N_dis	(376, 384)	True	221592	222665	left	(512, 384)	testing
16	lr	f	19	5	diamond	red	same	vert	up	(512, 248)	(415, 480)	True	223731	224801	up	(512, 384)	testing
16	lr	f	19	5	circle	none	dif	hori	left	N_dis	(608, 287)	True	225993	226837	left	(512, 384)	testing
16	lr	f	19	5	circle	red	dif	hori	left	(512, 248)	(648, 384)	True	227950	228676	left	(512, 384)	testing
16	lr	f	19	5	circle	none	same	hori	left	N_dis	(512, 248)	True	229821	230637	left	(512, 384)	testing
16	lr	f	19	5	circle	none	dif	vert	up	N_dis	(512, 248)	True	231723	232933	up	(512, 384)	testing
16	lr	f	19	5	diamond	green	dif	hori	left	(608, 480)	(415, 287)	True	233976	235045	left	(512, 384)	testing
16	lr	f	19	5	diamond	green	same	vert	up	(376, 384)	(608, 287)	True	236286	237055	up	(512, 384)	testing
16	lr	f	19	5	diamond	red	dif	vert	up	(512, 520)	(376, 384)	True	238217	239119	up	(512, 384)	testing
16	lr	f	19	5	circle	none	same	hori	left	N_dis	(648, 384)	True	240265	240944	left	(512, 384)	testing
16	lr	f	19	5	diamond	none	dif	hori	left	N_dis	(512, 520)	True	242023	243362	left	(512, 384)	testing
16	lr	f	19	5	diamond	none	dif	hori	left	N_dis	(415, 480)	True	244441	245346	left	(512, 384)	testing
16	lr	f	19	5	circle	none	dif	vert	up	N_dis	(415, 480)	True	246474	248023	up	(512, 384)	testing
16	lr	f	19	5	diamond	red	dif	hori	left	(415, 480)	(512, 520)	True	249169	250576	left	(512, 384)	testing
16	lr	f	19	5	diamond	red	dif	hori	left	(512, 248)	(608, 287)	True	251620	252832	left	(512, 384)	testing
16	lr	f	19	5	circle	green	dif	vert	up	(415, 287)	(608, 480)	True	254069	255732	up	(512, 384)	testing
16	lr	f	19	5	circle	none	same	vert	up	N_dis	(512, 248)	True	256880	258349	up	(512, 384)	testing
16	lr	f	19	5	circle	red	same	hori	left	(512, 248)	(608, 287)	True	259430	260319	left	(512, 384)	testing
16	lr	f	19	5	circle	none	same	hori	left	N_dis	(415, 287)	True	261552	262595	left	(512, 384)	testing
16	lr	f	19	5	circle	red	same	vert	up	(512, 248)	(608, 480)	True	263817	264548	up	(512, 384)	testing
16	lr	f	19	5	circle	red	same	vert	up	(512, 248)	(608, 480)	True	265706	267202	up	(512, 384)	testing
16	lr	f	19	5	diamond	green	same	vert	up	(512, 248)	(608, 480)	True	268413	269552	up	(512, 384)	testing
16	lr	f	19	5	diamond	green	dif	hori	left	(512, 248)	(608, 287)	True	270650	271427	left	(512, 384)	testing
16	lr	f	19	5	diamond	none	same	vert	up	N_dis	(512, 248)	True	272539	273428	up	(512, 384)	testing
16	lr	f	19	5	circle	green	dif	vert	up	(608, 480)	(415, 480)	True	274597	275685	up	(512, 384)	testing
16	lr	f	19	5	diamond	green	same	vert	up	(512, 248)	(648, 384)	True	276773	277641	up	(512, 384)	testing
16	lr	f	19	5	diamond	none	same	hori	left	N_dis	(376, 384)	True	278900	279722	left	(512, 384)	testing
16	lr	f	19	5	diamond	none	same	hori	left	N_dis	(608, 287)	True	280904	281660	left	(512, 384)	testing
16	lr	f	19	5	circle	red	dif	hori	left	(512, 248)	(512, 520)	True	282885	283745	left	(512, 384)	testing
16	lr	f	19	5	diamond	green	same	hori	left	(512, 248)	(512, 520)	True	284924	285803	left	(512, 384)	testing
16	lr	f	19	5	circle	none	dif	hori	left	N_dis	(512, 520)	True	286929	287599	left	(512, 384)	testing
16	lr	f	19	5	diamond	green	dif	hori	left	(648, 384)	(376, 384)	True	288766	289923	left	(512, 384)	testing
16	lr	f	19	5	circle	none	dif	hori	left	N_dis	(415, 480)	True	291120	292195	left	(512, 384)	testing
16	lr	f	19	5	circle	red	dif	hori	left	(512, 248)	(415, 287)	True	293399	294290	left	(512, 384)	testing
16	lr	f	19	5	diamond	none	dif	vert	up	N_dis	(608, 287)	True	295461	296570	up	(512, 384)	testing
16	lr	f	19	5	diamond	green	same	hori	left	(512, 248)	(415, 480)	True	297615	298534	left	(512, 384)	testing
16	lr	f	19	5	diamond	green	same	hori	left	(648, 384)	(608, 287)	True	299750	300525	left	(512, 384)	testing
16	lr	f	19	5	circle	red	dif	vert	up	(415, 480)	(608, 287)	True	301662	303098	up	(512, 384)	testing
16	lr	f	19	5	diamond	none	same	vert	up	N_dis	(648, 384)	True	304138	305222	up	(512, 384)	testing
16	lr	f	19	5	circle	green	dif	hori	left	(512, 248)	(648, 384)	True	306327	307264	left	(512, 384)	testing
16	lr	f	19	5	diamond	red	dif	hori	left	(512, 248)	(376, 384)	True	308485	309623	left	(512, 384)	testing
16	lr	f	19	5	diamond	none	dif	hori	left	N_dis	(415, 287)	True	310798	312374	left	(512, 384)	testing
16	lr	f	19	5	circle	red	dif	vert	up	(512, 248)	(415, 287)	True	313591	315683	up	(512, 384)	testing
16	lr	f	19	5	circle	red	dif	vert	up	(608, 287)	(415, 287)	True	316784	317761	up	(512, 384)	testing
16	lr	f	19	5	diamond	red	same	vert	up	(512, 248)	(648, 384)	True	318801	319871	up	(512, 384)	testing
16	lr	f	19	5	diamond	red	same	vert	up	(415, 480)	(512, 520)	True	320927	322580	up	(512, 384)	testing
16	lr	f	19	5	circle	red	dif	hori	left	(608, 287)	(376, 384)	True	323785	325239	left	(512, 384)	testing
16	lr	f	19	5	diamond	red	same	hori	left	(512, 248)	(376, 384)	True	326404	327215	left	(512, 384)	testing
16	lr	f	19	5	diamond	none	same	hori	left	N_dis	(376, 384)	True	328411	329143	left	(512, 384)	testing
16	lr	f	19	5	circle	none	dif	vert	up	N_dis	(608, 287)	True	330191	330966	up	(512, 384)	testing
16	lr	f	19	5	circle	none	dif	hori	left	N_dis	(608, 480)	True	332118	333169	left	(512, 384)	testing
16	lr	f	19	5	diamond	green	dif	vert	up	(376, 384)	(648, 384)	True	334332	335262	up	(512, 384)	testing
16	lr	f	19	5	diamond	green	same	hori	left	(512, 248)	(415, 480)	True	336435	337527	left	(512, 384)	testing
16	lr	f	19	5	circle	red	dif	vert	up	(512, 248)	(376, 384)	True	338706	340570	up	(512, 384)	testing
16	lr	f	19	5	diamond	green	dif	hori	left	(512, 248)	(376, 384)	True	341765	342936	left	(512, 384)	testing
16	lr	f	19	5	circle	red	same	vert	up	(512, 248)	(415, 480)	True	343993	345710	up	(512, 384)	testing
16	lr	f	19	5	diamond	green	same	hori	left	(512, 248)	(608, 480)	True	346896	347795	left	(512, 384)	testing
16	lr	f	19	5	circle	green	same	vert	up	(512, 248)	(415, 480)	True	348926	349799	up	(512, 384)	testing
16	lr	f	19	5	diamond	red	same	hori	left	(415, 480)	(512, 520)	True	351013	352270	left	(512, 384)	testing
16	lr	f	19	5	diamond	red	dif	hori	left	(608, 480)	(608, 287)	True	353305	354235	left	(512, 384)	testing
16	lr	f	19	5	diamond	red	same	vert	up	(415, 287)	(415, 480)	True	355461	357166	up	(512, 384)	testing
16	lr	f	19	5	diamond	none	same	vert	up	N_dis	(415, 287)	True	358205	359122	up	(512, 384)	testing
16	lr	f	19	5	diamond	none	dif	hori	left	N_dis	(415, 480)	True	360201	361044	left	(512, 384)	testing
16	lr	f	19	5	circle	green	same	hori	left	(512, 248)	(376, 384)	True	362169	363103	left	(512, 384)	testing
16	lr	f	19	5	circle	red	dif	hori	left	(608, 287)	(415, 287)	True	364197	365369	left	(512, 384)	testing
16	lr	f	19	5	circle	green	dif	vert	up	(512, 520)	(608, 480)	True	366617	368247	up	(512, 384)	testing
16	lr	f	19	5	circle	green	same	hori	left	(512, 248)	(608, 480)	True	369361	370117	left	(512, 384)	testing
16	lr	f	19	5	diamond	red	same	hori	left	(512, 248)	(648, 384)	True	371232	372195	left	(512, 384)	testing
16	lr	f	19	5	diamond	none	dif	vert	up	N_dis	(512, 248)	True	373232	374305	up	(512, 384)	testing
16	lr	f	19	5	circle	green	dif	vert	up	(512, 248)	(608, 287)	True	375485	376793	up	(512, 384)	testing
16	lr	f	19	5	circle	green	dif	vert	up	(512, 248)	(608, 480)	True	378011	378983	up	(512, 384)	testing
16	lr	f	19	5	circle	red	same	hori	left	(512, 248)	(608, 480)	True	380176	380924	left	(512, 384)	testing
