subj	name	gender	age	runNum	shape	dist	td_dif	resp	resp_key	d_loc	t_loc	gotKey	startTime	respTime	resp	fix_loc	prac
16	lr	f	19	6	diamond	green	same	hori	left	(512, 248)	(415, 480)	True	7905	8725	left	(512, 384)	testing
16	lr	f	19	6	circle	none	same	vert	up	N_dis	(512, 248)	True	9869	11022	up	(512, 384)	testing
16	lr	f	19	6	circle	green	dif	vert	up	(512, 248)	(415, 287)	True	12085	13398	up	(512, 384)	testing
16	lr	f	19	6	diamond	none	same	vert	up	N_dis	(648, 384)	True	14454	15165	up	(512, 384)	testing
16	lr	f	19	6	circle	none	dif	hori	left	N_dis	(512, 520)	True	16223	17149	left	(512, 384)	testing
16	lr	f	19	6	circle	none	dif	hori	left	N_dis	(608, 287)	True	18269	19000	left	(512, 384)	testing
16	lr	f	19	6	diamond	red	dif	hori	left	(512, 248)	(415, 287)	True	20060	21263	left	(512, 384)	testing
16	lr	f	19	6	diamond	none	same	hori	left	N_dis	(415, 287)	True	22504	23671	left	(512, 384)	testing
16	lr	f	19	6	circle	red	dif	hori	left	(512, 248)	(376, 384)	True	24812	25664	left	(512, 384)	testing
16	lr	f	19	6	circle	red	same	vert	up	(512, 248)	(608, 480)	True	26728	27520	up	(512, 384)	testing
16	lr	f	19	6	circle	red	same	hori	left	(512, 248)	(376, 384)	True	28582	29293	left	(512, 384)	testing
16	lr	f	19	6	circle	none	same	vert	up	N_dis	(376, 384)	True	30441	31568	up	(512, 384)	testing
16	lr	f	19	6	circle	none	dif	hori	left	N_dis	(512, 520)	True	32813	33655	left	(512, 384)	testing
16	lr	f	19	6	diamond	none	same	hori	left	N_dis	(648, 384)	True	34782	35446	left	(512, 384)	testing
16	lr	f	19	6	circle	red	same	hori	left	(512, 248)	(608, 287)	True	36695	37516	left	(512, 384)	testing
16	lr	f	19	6	diamond	green	same	hori	left	(512, 248)	(512, 520)	True	38630	39545	left	(512, 384)	testing
16	lr	f	19	6	circle	none	dif	vert	up	N_dis	(608, 480)	True	40678	41667	up	(512, 384)	testing
16	lr	f	19	6	circle	none	same	vert	up	N_dis	(648, 384)	True	42847	43722	up	(512, 384)	testing
16	lr	f	19	6	diamond	none	same	hori	left	N_dis	(415, 287)	True	44940	45709	left	(512, 384)	testing
16	lr	f	19	6	diamond	red	same	hori	left	(415, 287)	(376, 384)	True	46783	47788	left	(512, 384)	testing
16	lr	f	19	6	diamond	red	same	hori	left	(415, 480)	(608, 287)	True	48915	49592	left	(512, 384)	testing
16	lr	f	19	6	circle	none	same	vert	up	N_dis	(415, 480)	True	50853	51854	up	(512, 384)	testing
16	lr	f	19	6	circle	red	dif	vert	up	(415, 287)	(608, 480)	True	53059	53940	up	(512, 384)	testing
16	lr	f	19	6	diamond	none	dif	hori	left	N_dis	(376, 384)	True	55150	55865	left	(512, 384)	testing
16	lr	f	19	6	circle	green	dif	vert	up	(512, 248)	(376, 384)	True	56942	58048	up	(512, 384)	testing
16	lr	f	19	6	diamond	red	dif	vert	up	(512, 248)	(376, 384)	True	59117	60052	up	(512, 384)	testing
16	lr	f	19	6	circle	none	same	hori	left	N_dis	(415, 480)	True	61277	62133	left	(512, 384)	testing
16	lr	f	19	6	diamond	green	same	hori	left	(415, 287)	(512, 520)	True	63365	64905	left	(512, 384)	testing
16	lr	f	19	6	diamond	green	dif	hori	left	(512, 248)	(512, 520)	True	66036	67911	left	(512, 384)	testing
16	lr	f	19	6	circle	green	dif	hori	left	(512, 248)	(608, 287)	True	69053	70040	left	(512, 384)	testing
16	lr	f	19	6	diamond	red	dif	vert	up	(512, 248)	(608, 480)	True	71067	72055	up	(512, 384)	testing
16	lr	f	19	6	circle	green	dif	hori	left	(648, 384)	(608, 287)	True	73248	74514	left	(512, 384)	testing
16	lr	f	19	6	diamond	none	same	vert	up	N_dis	(648, 384)	True	75641	77150	up	(512, 384)	testing
16	lr	f	19	6	diamond	none	dif	vert	up	N_dis	(376, 384)	True	78247	79957	up	(512, 384)	testing
16	lr	f	19	6	circle	green	same	hori	left	(512, 248)	(512, 520)	True	81079	81904	left	(512, 384)	testing
16	lr	f	19	6	circle	green	same	hori	left	(512, 248)	(648, 384)	True	83020	83728	left	(512, 384)	testing
16	lr	f	19	6	diamond	green	same	vert	up	(376, 384)	(608, 287)	True	84888	85767	up	(512, 384)	testing
16	lr	f	19	6	circle	none	dif	vert	up	N_dis	(608, 287)	True	86898	88232	up	(512, 384)	testing
16	lr	f	19	6	diamond	red	same	vert	up	(608, 287)	(608, 480)	True	89503	90648	up	(512, 384)	testing
16	lr	f	19	6	circle	none	same	hori	left	N_dis	(608, 287)	True	91899	92940	left	(512, 384)	testing
16	lr	f	19	6	circle	green	dif	vert	up	(512, 248)	(415, 287)	True	94111	96142	up	(512, 384)	testing
16	lr	f	19	6	diamond	none	dif	vert	up	N_dis	(608, 287)	True	97229	98441	up	(512, 384)	testing
16	lr	f	19	6	diamond	green	same	vert	up	(512, 248)	(512, 520)	True	99611	101160	up	(512, 384)	testing
16	lr	f	19	6	diamond	green	dif	hori	left	(608, 287)	(608, 480)	True	102216	104044	left	(512, 384)	testing
16	lr	f	19	6	circle	red	dif	vert	up	(512, 248)	(648, 384)	True	105218	106045	up	(512, 384)	testing
16	lr	f	19	6	diamond	red	same	hori	left	(512, 520)	(415, 480)	True	107097	108047	left	(512, 384)	testing
16	lr	f	19	6	diamond	green	same	hori	left	(512, 248)	(648, 384)	True	109111	110386	left	(512, 384)	testing
16	lr	f	19	6	diamond	green	dif	vert	up	(512, 248)	(608, 480)	True	111469	112932	up	(512, 384)	testing
16	lr	f	19	6	circle	none	dif	vert	up	N_dis	(512, 520)	True	114081	115530	up	(512, 384)	testing
16	lr	f	19	6	circle	none	same	vert	up	N_dis	(415, 287)	True	116776	117820	up	(512, 384)	testing
16	lr	f	19	6	circle	green	same	hori	left	(512, 248)	(512, 520)	True	119056	119970	left	(512, 384)	testing
16	lr	f	19	6	circle	none	same	hori	left	N_dis	(415, 480)	True	121190	122224	left	(512, 384)	testing
16	lr	f	19	6	diamond	green	same	vert	up	(608, 480)	(648, 384)	True	123402	124760	up	(512, 384)	testing
16	lr	f	19	6	circle	green	dif	vert	up	(512, 248)	(376, 384)	True	125962	127281	up	(512, 384)	testing
16	lr	f	19	6	diamond	red	dif	hori	left	(376, 384)	(608, 287)	True	128335	130023	left	(512, 384)	testing
16	lr	f	19	6	diamond	none	dif	hori	left	N_dis	(648, 384)	True	131118	132011	left	(512, 384)	testing
16	lr	f	19	6	circle	green	same	vert	up	(512, 248)	(415, 287)	True	133238	134484	up	(512, 384)	testing
16	lr	f	19	6	circle	green	dif	vert	up	(512, 248)	(512, 520)	True	135559	136377	up	(512, 384)	testing
16	lr	f	19	6	diamond	green	dif	vert	up	(512, 248)	(415, 287)	True	137478	138630	up	(512, 384)	testing
16	lr	f	19	6	circle	green	same	vert	up	(512, 248)	(608, 287)	True	139854	140626	up	(512, 384)	testing
16	lr	f	19	6	circle	green	dif	hori	left	(512, 520)	(415, 480)	True	141730	142605	left	(512, 384)	testing
16	lr	f	19	6	diamond	red	dif	hori	left	(512, 248)	(415, 480)	True	143732	145345	left	(512, 384)	testing
16	lr	f	19	6	diamond	none	same	vert	up	N_dis	(415, 287)	True	146463	147643	up	(512, 384)	testing
16	lr	f	19	6	diamond	green	same	vert	up	(415, 480)	(608, 480)	True	148703	150301	up	(512, 384)	testing
16	lr	f	19	6	circle	green	same	vert	up	(512, 248)	(415, 480)	True	151561	153214	up	(512, 384)	testing
16	lr	f	19	6	circle	red	dif	vert	up	(512, 248)	(608, 480)	True	154345	155067	up	(512, 384)	testing
16	lr	f	19	6	circle	red	same	vert	up	(608, 480)	(512, 520)	True	156278	157612	up	(512, 384)	testing
16	lr	f	19	6	diamond	red	dif	vert	up	(608, 480)	(512, 520)	True	158857	160358	up	(512, 384)	testing
16	lr	f	19	6	circle	red	dif	hori	left	(648, 384)	(512, 520)	True	161458	162453	left	(512, 384)	testing
16	lr	f	19	6	diamond	green	same	vert	up	(376, 384)	(512, 520)	True	163712	165204	up	(512, 384)	testing
16	lr	f	19	6	diamond	none	dif	hori	left	N_dis	(512, 248)	True	166392	167314	left	(512, 384)	testing
16	lr	f	19	6	circle	red	dif	hori	left	(512, 248)	(415, 287)	True	168569	169379	left	(512, 384)	testing
16	lr	f	19	6	circle	none	dif	hori	left	N_dis	(512, 248)	True	170424	171374	left	(512, 384)	testing
16	lr	f	19	6	diamond	green	same	hori	left	(512, 248)	(648, 384)	True	172631	173847	left	(512, 384)	testing
16	lr	f	19	6	diamond	none	dif	hori	left	N_dis	(608, 480)	True	174982	175705	left	(512, 384)	testing
16	lr	f	19	6	diamond	green	dif	hori	left	(512, 248)	(415, 287)	True	176890	177770	left	(512, 384)	testing
16	lr	f	19	6	circle	red	dif	hori	left	(376, 384)	(415, 480)	True	178813	179882	up	(512, 384)	testing
16	lr	f	19	6	diamond	red	same	vert	up	(512, 248)	(648, 384)	True	182464	183243	up	(512, 384)	testing
16	lr	f	19	6	circle	green	same	hori	left	(512, 248)	(415, 480)	True	184404	185314	left	(512, 384)	testing
16	lr	f	19	6	diamond	none	dif	vert	up	N_dis	(608, 480)	True	186452	188303	up	(512, 384)	testing
16	lr	f	19	6	diamond	none	dif	vert	up	N_dis	(608, 480)	True	189362	190473	up	(512, 384)	testing
16	lr	f	19	6	diamond	red	dif	vert	up	(512, 248)	(608, 287)	True	191588	193012	up	(512, 384)	testing
16	lr	f	19	6	circle	red	dif	hori	left	(512, 248)	(512, 520)	True	194216	195202	left	(512, 384)	testing
16	lr	f	19	6	diamond	green	dif	hori	left	(512, 248)	(376, 384)	True	196440	197467	left	(512, 384)	testing
16	lr	f	19	6	diamond	red	same	vert	up	(512, 520)	(415, 480)	True	198535	200124	up	(512, 384)	testing
16	lr	f	19	6	diamond	none	same	hori	left	N_dis	(415, 480)	True	201334	202272	left	(512, 384)	testing
16	lr	f	19	6	circle	red	dif	vert	up	(512, 248)	(376, 384)	True	203486	204665	up	(512, 384)	testing
16	lr	f	19	6	circle	none	dif	vert	up	N_dis	(415, 287)	True	205793	206712	up	(512, 384)	testing
16	lr	f	19	6	diamond	none	same	vert	up	N_dis	(512, 248)	True	207753	209051	up	(512, 384)	testing
16	lr	f	19	6	circle	red	same	vert	up	(608, 480)	(512, 520)	True	210145	211750	up	(512, 384)	testing
16	lr	f	19	6	diamond	red	same	vert	up	(512, 248)	(512, 520)	True	212977	214613	up	(512, 384)	testing
16	lr	f	19	6	circle	none	dif	vert	up	N_dis	(608, 287)	True	215645	216518	up	(512, 384)	testing
16	lr	f	19	6	diamond	green	dif	vert	up	(512, 248)	(512, 520)	True	217644	218634	up	(512, 384)	testing
16	lr	f	19	6	diamond	red	same	vert	up	(512, 520)	(415, 287)	True	219828	220772	up	(512, 384)	testing
16	lr	f	19	6	circle	green	dif	hori	left	(512, 248)	(608, 287)	True	221883	222748	left	(512, 384)	testing
16	lr	f	19	6	diamond	green	dif	hori	left	(415, 480)	(512, 520)	True	223926	225248	left	(512, 384)	testing
16	lr	f	19	6	circle	green	dif	hori	left	(512, 248)	(608, 287)	True	226383	227181	left	(512, 384)	testing
16	lr	f	19	6	diamond	green	dif	vert	up	(415, 287)	(415, 480)	True	228249	229395	up	(512, 384)	testing
16	lr	f	19	6	circle	red	same	vert	up	(512, 248)	(415, 480)	True	230455	231670	up	(512, 384)	testing
16	lr	f	19	6	circle	none	dif	hori	left	N_dis	(376, 384)	True	232840	233649	left	(512, 384)	testing
16	lr	f	19	6	circle	red	same	hori	left	(512, 248)	(648, 384)	True	234908	235747	left	(512, 384)	testing
16	lr	f	19	6	circle	none	same	hori	left	N_dis	(415, 480)	True	236779	237541	left	(512, 384)	testing
16	lr	f	19	6	circle	none	same	hori	left	N_dis	(608, 480)	True	238776	239511	left	(512, 384)	testing
16	lr	f	19	6	diamond	none	dif	hori	left	N_dis	(512, 520)	True	240585	241479	left	(512, 384)	testing
16	lr	f	19	6	circle	red	dif	vert	up	(512, 248)	(415, 480)	True	242626	243586	up	(512, 384)	testing
16	lr	f	19	6	diamond	red	dif	hori	left	(512, 248)	(608, 480)	True	244652	246375	left	(512, 384)	testing
16	lr	f	19	6	diamond	red	dif	vert	up	(648, 384)	(608, 480)	True	247622	248708	up	(512, 384)	testing
16	lr	f	19	6	diamond	none	same	vert	up	N_dis	(512, 248)	True	249764	250595	up	(512, 384)	testing
16	lr	f	19	6	diamond	green	dif	vert	up	(415, 480)	(648, 384)	True	251620	252734	up	(512, 384)	testing
16	lr	f	19	6	diamond	red	same	hori	left	(648, 384)	(608, 287)	True	253991	254825	left	(512, 384)	testing
16	lr	f	19	6	circle	red	same	hori	left	(512, 248)	(415, 480)	True	256057	257373	left	(512, 384)	testing
16	lr	f	19	6	circle	red	same	hori	left	(608, 287)	(608, 480)	True	258457	259666	up	(512, 384)	testing
16	lr	f	19	6	diamond	red	dif	hori	left	(512, 248)	(608, 287)	True	262410	263759	left	(512, 384)	testing
16	lr	f	19	6	circle	green	same	vert	up	(512, 248)	(608, 480)	True	264784	266067	up	(512, 384)	testing
16	lr	f	19	6	diamond	none	dif	vert	up	N_dis	(512, 520)	True	267236	268444	up	(512, 384)	testing
16	lr	f	19	6	circle	green	same	vert	up	(512, 248)	(648, 384)	True	269511	270927	up	(512, 384)	testing
16	lr	f	19	6	circle	green	same	hori	left	(608, 287)	(415, 480)	True	271966	273144	left	(512, 384)	testing
16	lr	f	19	6	diamond	none	same	hori	left	N_dis	(376, 384)	True	274180	275128	left	(512, 384)	testing
16	lr	f	19	6	circle	red	same	vert	up	(512, 248)	(608, 480)	True	276194	277076	up	(512, 384)	testing
16	lr	f	19	6	diamond	red	same	hori	left	(512, 248)	(512, 520)	True	278192	279246	left	(512, 384)	testing
