subj	name	gender	age	runNum	shape	dist	td_dif	resp	resp_key	d_loc	t_loc	gotKey	startTime	respTime	resp	fix_loc	prac
16	lr	f	19	9	circle	none	same	hori	left	N_dis	(512, 520)	True	14772	15514	left	(512, 384)	testing
16	lr	f	19	9	diamond	red	dif	vert	up	(512, 248)	(608, 480)	True	16626	17427	up	(512, 384)	testing
16	lr	f	19	9	diamond	none	same	hori	left	N_dis	(608, 480)	True	18661	19412	left	(512, 384)	testing
16	lr	f	19	9	circle	none	same	vert	up	N_dis	(648, 384)	True	20635	21359	up	(512, 384)	testing
16	lr	f	19	9	diamond	none	same	vert	up	N_dis	(376, 384)	True	22449	23226	up	(512, 384)	testing
16	lr	f	19	9	diamond	green	same	vert	up	(415, 480)	(608, 480)	True	24309	25581	up	(512, 384)	testing
16	lr	f	19	9	diamond	red	same	vert	up	(415, 480)	(512, 520)	True	26688	27937	up	(512, 384)	testing
16	lr	f	19	9	diamond	red	dif	hori	left	(415, 480)	(512, 520)	True	29148	30140	left	(512, 384)	testing
16	lr	f	19	9	diamond	none	dif	vert	up	N_dis	(415, 480)	True	31238	32028	up	(512, 384)	testing
16	lr	f	19	9	diamond	none	dif	vert	up	N_dis	(376, 384)	True	33092	34032	up	(512, 384)	testing
16	lr	f	19	9	diamond	none	same	hori	left	N_dis	(512, 520)	True	35265	36205	left	(512, 384)	testing
16	lr	f	19	9	circle	red	dif	hori	left	(608, 287)	(512, 520)	True	37346	38130	left	(512, 384)	testing
16	lr	f	19	9	circle	red	same	hori	left	(415, 480)	(648, 384)	True	39327	40088	left	(512, 384)	testing
16	lr	f	19	9	circle	red	dif	hori	left	(415, 480)	(648, 384)	True	41198	41950	left	(512, 384)	testing
16	lr	f	19	9	diamond	green	dif	vert	up	(415, 480)	(415, 287)	True	43013	44439	up	(512, 384)	testing
16	lr	f	19	9	circle	green	same	vert	up	(376, 384)	(512, 248)	True	45547	46734	up	(512, 384)	testing
16	lr	f	19	9	diamond	none	same	vert	up	N_dis	(376, 384)	True	47763	48662	up	(512, 384)	testing
16	lr	f	19	9	circle	red	dif	vert	up	(415, 480)	(608, 480)	True	49745	50529	up	(512, 384)	testing
16	lr	f	19	9	diamond	none	dif	hori	left	N_dis	(512, 520)	True	51753	52690	left	(512, 384)	testing
16	lr	f	19	9	circle	none	dif	vert	up	N_dis	(376, 384)	True	53746	54626	up	(512, 384)	testing
16	lr	f	19	9	circle	none	same	vert	up	N_dis	(415, 480)	True	55673	56476	up	(512, 384)	testing
16	lr	f	19	9	circle	green	dif	hori	left	(608, 480)	(376, 384)	True	57539	58472	left	(512, 384)	testing
16	lr	f	19	9	circle	none	dif	vert	up	N_dis	(415, 480)	True	59595	60439	up	(512, 384)	testing
16	lr	f	19	9	circle	none	same	hori	left	N_dis	(608, 480)	True	61644	62335	left	(512, 384)	testing
16	lr	f	19	9	diamond	none	same	vert	up	N_dis	(415, 287)	True	63505	64305	up	(512, 384)	testing
16	lr	f	19	9	circle	red	dif	vert	up	(512, 248)	(648, 384)	True	65395	66320	up	(512, 384)	testing
16	lr	f	19	9	diamond	red	same	hori	left	(415, 480)	(648, 384)	True	67451	68251	left	(512, 384)	testing
16	lr	f	19	9	diamond	red	dif	vert	up	(415, 480)	(608, 480)	True	69312	70434	up	(512, 384)	testing
16	lr	f	19	9	circle	green	same	hori	left	(415, 480)	(415, 287)	True	71529	72570	left	(512, 384)	testing
16	lr	f	19	9	diamond	green	dif	hori	left	(608, 480)	(648, 384)	True	73783	74474	left	(512, 384)	testing
16	lr	f	19	9	diamond	red	dif	vert	up	(415, 480)	(608, 480)	True	75706	77240	up	(512, 384)	testing
16	lr	f	19	9	diamond	green	same	hori	left	(415, 480)	(512, 248)	True	78442	79204	left	(512, 384)	testing
16	lr	f	19	9	diamond	none	same	vert	up	N_dis	(608, 480)	True	80416	81212	up	(512, 384)	testing
16	lr	f	19	9	diamond	green	dif	vert	up	(415, 287)	(512, 520)	True	82426	83324	up	(512, 384)	testing
16	lr	f	19	9	diamond	none	dif	hori	left	N_dis	(415, 480)	True	84597	85562	left	(512, 384)	testing
16	lr	f	19	9	circle	none	same	hori	left	N_dis	(415, 287)	True	86736	87470	left	(512, 384)	testing
16	lr	f	19	9	diamond	green	dif	hori	left	(608, 480)	(415, 287)	True	88626	89468	left	(512, 384)	testing
16	lr	f	19	9	circle	red	same	vert	up	(415, 480)	(648, 384)	True	90698	91521	up	(512, 384)	testing
16	lr	f	19	9	diamond	red	same	vert	up	(415, 480)	(608, 480)	True	92716	93904	up	(512, 384)	testing
16	lr	f	19	9	diamond	green	same	vert	up	(512, 520)	(608, 480)	True	95168	95900	up	(512, 384)	testing
16	lr	f	19	9	diamond	red	same	hori	left	(648, 384)	(512, 248)	True	97149	97932	left	(512, 384)	testing
16	lr	f	19	9	circle	none	dif	vert	up	N_dis	(608, 287)	True	98983	99763	up	(512, 384)	testing
16	lr	f	19	9	circle	green	dif	hori	left	(376, 384)	(415, 287)	True	100857	101562	left	(512, 384)	testing
16	lr	f	19	9	circle	red	same	hori	left	(415, 480)	(608, 287)	True	102757	103982	left	(512, 384)	testing
16	lr	f	19	9	diamond	red	dif	hori	left	(415, 480)	(512, 520)	True	105220	106003	left	(512, 384)	testing
16	lr	f	19	9	diamond	green	same	vert	up	(415, 480)	(608, 287)	True	107191	107848	up	(512, 384)	testing
16	lr	f	19	9	diamond	red	dif	hori	left	(415, 480)	(608, 287)	True	108873	109630	left	(512, 384)	testing
16	lr	f	19	9	diamond	green	same	hori	left	(415, 480)	(648, 384)	True	110809	111851	left	(512, 384)	testing
16	lr	f	19	9	circle	none	same	vert	up	N_dis	(608, 480)	True	112938	113918	up	(512, 384)	testing
16	lr	f	19	9	diamond	red	same	vert	up	(415, 480)	(376, 384)	True	115133	116826	up	(512, 384)	testing
16	lr	f	19	9	diamond	none	dif	vert	up	N_dis	(608, 287)	True	118050	118710	up	(512, 384)	testing
16	lr	f	19	9	circle	none	dif	hori	left	N_dis	(415, 480)	True	119761	120491	left	(512, 384)	testing
16	lr	f	19	9	diamond	red	dif	vert	up	(512, 520)	(648, 384)	True	121559	122436	up	(512, 384)	testing
16	lr	f	19	9	circle	none	same	vert	up	N_dis	(608, 480)	True	123467	124218	up	(512, 384)	testing
16	lr	f	19	9	diamond	red	dif	hori	left	(512, 520)	(608, 480)	True	125456	126652	left	(512, 384)	testing
16	lr	f	19	9	circle	none	same	hori	left	N_dis	(648, 384)	True	127877	128597	left	(512, 384)	testing
16	lr	f	19	9	diamond	green	same	hori	left	(415, 480)	(376, 384)	True	129650	130596	left	(512, 384)	testing
16	lr	f	19	9	diamond	green	dif	vert	up	(415, 480)	(512, 520)	True	131686	132845	up	(512, 384)	testing
16	lr	f	19	9	circle	red	same	vert	up	(512, 248)	(376, 384)	True	134030	134912	up	(512, 384)	testing
16	lr	f	19	9	circle	green	dif	vert	up	(608, 287)	(608, 480)	True	136053	137006	up	(512, 384)	testing
16	lr	f	19	9	diamond	red	same	hori	left	(415, 480)	(648, 384)	True	138139	138834	left	(512, 384)	testing
16	lr	f	19	9	diamond	none	dif	hori	left	N_dis	(512, 520)	True	140103	140956	left	(512, 384)	testing
16	lr	f	19	9	circle	green	dif	vert	up	(415, 480)	(415, 287)	True	142150	143102	up	(512, 384)	testing
16	lr	f	19	9	diamond	green	dif	vert	up	(415, 480)	(608, 287)	True	144215	145241	up	(512, 384)	testing
16	lr	f	19	9	diamond	none	same	vert	up	N_dis	(608, 287)	True	146465	147328	up	(512, 384)	testing
16	lr	f	19	9	circle	green	same	vert	up	(415, 480)	(512, 248)	True	148496	149429	up	(512, 384)	testing
16	lr	f	19	9	circle	green	same	hori	left	(608, 287)	(415, 287)	True	150610	151410	left	(512, 384)	testing
16	lr	f	19	9	circle	green	same	hori	left	(415, 480)	(415, 287)	True	152634	153475	left	(512, 384)	testing
16	lr	f	19	9	circle	none	dif	hori	left	N_dis	(415, 287)	True	154611	155351	left	(512, 384)	testing
16	lr	f	19	9	diamond	green	same	vert	up	(415, 480)	(512, 248)	True	156396	157323	up	(512, 384)	testing
16	lr	f	19	9	diamond	none	dif	hori	left	N_dis	(512, 520)	True	158498	159385	left	(512, 384)	testing
16	lr	f	19	9	circle	none	dif	hori	left	N_dis	(512, 248)	True	160444	162013	left	(512, 384)	testing
16	lr	f	19	9	circle	red	dif	vert	up	(608, 480)	(512, 248)	True	163238	164600	up	(512, 384)	testing
16	lr	f	19	9	circle	green	dif	hori	left	(415, 480)	(608, 287)	True	165650	166450	left	(512, 384)	testing
16	lr	f	19	9	diamond	red	same	hori	left	(415, 480)	(608, 480)	True	167614	168388	left	(512, 384)	testing
16	lr	f	19	9	circle	green	same	vert	up	(648, 384)	(376, 384)	True	169590	170895	up	(512, 384)	testing
16	lr	f	19	9	circle	none	dif	hori	left	N_dis	(608, 287)	True	171918	172619	left	(512, 384)	testing
16	lr	f	19	9	diamond	none	same	hori	left	N_dis	(512, 248)	True	173836	174729	left	(512, 384)	testing
16	lr	f	19	9	circle	green	same	vert	up	(376, 384)	(648, 384)	True	175920	176804	up	(512, 384)	testing
16	lr	f	19	9	circle	none	dif	vert	up	N_dis	(512, 248)	True	177875	178632	up	(512, 384)	testing
16	lr	f	19	9	diamond	red	same	vert	up	(512, 520)	(608, 287)	True	179759	180613	left	(512, 384)	testing
16	lr	f	19	9	diamond	none	dif	hori	left	N_dis	(415, 287)	True	183187	184101	left	(512, 384)	testing
16	lr	f	19	9	circle	red	same	vert	up	(415, 480)	(376, 384)	True	185124	186096	up	(512, 384)	testing
16	lr	f	19	9	diamond	none	dif	vert	up	N_dis	(648, 384)	True	187238	188060	up	(512, 384)	testing
16	lr	f	19	9	circle	green	dif	vert	up	(415, 480)	(512, 248)	True	189244	190846	up	(512, 384)	testing
16	lr	f	19	9	diamond	red	same	vert	up	(415, 480)	(512, 520)	True	192085	192953	up	(512, 384)	testing
16	lr	f	19	9	circle	none	same	hori	left	N_dis	(608, 287)	True	194135	194849	left	(512, 384)	testing
16	lr	f	19	9	circle	red	dif	vert	up	(415, 480)	(376, 384)	True	195910	196962	up	(512, 384)	testing
16	lr	f	19	9	diamond	green	dif	hori	left	(415, 480)	(376, 384)	True	198207	199157	left	(512, 384)	testing
16	lr	f	19	9	circle	red	dif	hori	left	(415, 480)	(608, 287)	True	200333	201195	left	(512, 384)	testing
16	lr	f	19	9	circle	green	dif	vert	up	(512, 248)	(648, 384)	True	202380	203487	up	(512, 384)	testing
16	lr	f	19	9	diamond	green	same	vert	up	(415, 480)	(512, 520)	True	204537	206447	up	(512, 384)	testing
16	lr	f	19	9	circle	green	same	hori	left	(648, 384)	(512, 248)	True	207503	208446	left	(512, 384)	testing
16	lr	f	19	9	circle	red	same	hori	left	(415, 480)	(608, 287)	True	209719	210715	left	(512, 384)	testing
16	lr	f	19	9	diamond	none	dif	vert	up	N_dis	(415, 287)	True	211751	212834	up	(512, 384)	testing
16	lr	f	19	9	diamond	none	same	hori	left	N_dis	(648, 384)	True	213954	214649	left	(512, 384)	testing
16	lr	f	19	9	diamond	red	dif	vert	up	(415, 480)	(608, 287)	True	215847	216500	up	(512, 384)	testing
16	lr	f	19	9	circle	green	same	hori	left	(415, 480)	(512, 248)	True	217522	218638	left	(512, 384)	testing
16	lr	f	19	9	diamond	green	same	hori	left	(376, 384)	(608, 287)	True	219707	220457	left	(512, 384)	testing
16	lr	f	19	9	circle	none	dif	hori	left	N_dis	(376, 384)	True	221550	222299	left	(512, 384)	testing
16	lr	f	19	9	diamond	green	dif	hori	left	(415, 480)	(415, 287)	True	223510	225007	left	(512, 384)	testing
16	lr	f	19	9	circle	red	same	vert	up	(415, 480)	(376, 384)	True	226245	227089	up	(512, 384)	testing
16	lr	f	19	9	diamond	green	dif	hori	left	(415, 480)	(512, 248)	True	228155	228996	left	(512, 384)	testing
16	lr	f	19	9	circle	none	dif	vert	up	N_dis	(512, 248)	True	230079	230755	up	(512, 384)	testing
16	lr	f	19	9	circle	red	same	vert	up	(415, 480)	(376, 384)	True	231885	232839	up	(512, 384)	testing
16	lr	f	19	9	circle	red	dif	hori	left	(415, 480)	(608, 287)	True	233895	234518	left	(512, 384)	testing
16	lr	f	19	9	diamond	green	dif	vert	up	(415, 287)	(512, 520)	True	235767	236739	up	(512, 384)	testing
16	lr	f	19	9	circle	red	same	hori	left	(415, 480)	(608, 480)	True	237878	238664	left	(512, 384)	testing
16	lr	f	19	9	diamond	green	same	hori	left	(415, 480)	(415, 287)	True	239782	240896	left	(512, 384)	testing
16	lr	f	19	9	circle	none	same	vert	up	N_dis	(512, 248)	True	241975	242704	up	(512, 384)	testing
16	lr	f	19	9	diamond	red	same	hori	left	(415, 287)	(512, 520)	True	243875	244737	left	(512, 384)	testing
16	lr	f	19	9	circle	green	dif	vert	up	(648, 384)	(376, 384)	True	245850	247189	up	(512, 384)	testing
16	lr	f	19	9	circle	red	same	hori	left	(415, 480)	(415, 287)	True	248251	249010	left	(512, 384)	testing
16	lr	f	19	9	circle	green	same	vert	up	(415, 480)	(512, 520)	True	250110	251261	up	(512, 384)	testing
16	lr	f	19	9	circle	red	dif	vert	up	(415, 480)	(648, 384)	True	252516	253271	up	(512, 384)	testing
16	lr	f	19	9	circle	red	dif	hori	left	(415, 287)	(648, 384)	True	254531	255255	left	(512, 384)	testing
16	lr	f	19	9	circle	green	dif	hori	left	(608, 287)	(415, 287)	True	256281	257498	left	(512, 384)	testing
16	lr	f	19	9	diamond	none	same	hori	left	N_dis	(648, 384)	True	258543	259294	left	(512, 384)	testing
16	lr	f	19	9	circle	green	dif	hori	left	(415, 480)	(608, 287)	True	260478	261201	left	(512, 384)	testing
16	lr	f	19	9	diamond	red	dif	hori	left	(415, 480)	(512, 248)	True	262338	263220	left	(512, 384)	testing
