subj	name	gender	age	runNum	shape	dist	td_dif	resp	resp_key	d_loc	t_loc	gotKey	startTime	respTime	resp	fix_loc	prac
16	lr	f	19	1	diamond	red	same	vert	up	(608, 480)	(608, 287)	True	270915	272884	up	(512, 384)	practice
16	lr	f	19	1	diamond	red	dif	vert	up	(608, 480)	(415, 480)	True	274045	275757	up	(512, 384)	practice
16	lr	f	19	1	circle	green	same	hori	left	(608, 480)	(512, 520)	True	276934	278102	left	(512, 384)	practice
16	lr	f	19	1	diamond	none	dif	hori	left	N_dis	(415, 480)	True	279264	280307	left	(512, 384)	practice
16	lr	f	19	1	circle	green	same	hori	left	(608, 480)	(512, 520)	True	281550	282928	left	(512, 384)	practice
16	lr	f	19	1	circle	red	dif	vert	up	(608, 480)	(512, 520)	True	284135	285382	up	(512, 384)	practice
16	lr	f	19	1	circle	red	dif	hori	left	(608, 480)	(376, 384)	True	286527	288348	left	(512, 384)	practice
16	lr	f	19	1	circle	none	same	vert	up	N_dis	(608, 480)	True	289601	290843	up	(512, 384)	practice
16	lr	f	19	1	diamond	none	dif	vert	up	N_dis	(512, 248)	True	292090	293410	up	(512, 384)	practice
16	lr	f	19	1	circle	red	same	vert	up	(608, 480)	(512, 520)	True	294445	295475	up	(512, 384)	practice
16	lr	f	19	1	circle	none	dif	vert	up	N_dis	(648, 384)	True	296688	297674	up	(512, 384)	practice
16	lr	f	19	1	circle	red	same	hori	left	(608, 480)	(648, 384)	True	298851	300369	left	(512, 384)	practice
16	lr	f	19	1	circle	green	dif	hori	left	(608, 480)	(415, 480)	True	301396	302437	left	(512, 384)	practice
16	lr	f	19	1	diamond	green	same	vert	up	(608, 480)	(608, 287)	True	303583	305070	up	(512, 384)	practice
16	lr	f	19	1	circle	none	same	hori	left	N_dis	(376, 384)	True	306096	307117	left	(512, 384)	practice
16	lr	f	19	1	diamond	green	dif	vert	up	(608, 480)	(512, 248)	True	308216	309721	up	(512, 384)	practice
16	lr	f	19	1	circle	red	same	vert	up	(608, 480)	(648, 384)	True	310760	312156	up	(512, 384)	practice
16	lr	f	19	1	diamond	green	same	hori	left	(608, 480)	(512, 248)	True	313200	315065	up	(512, 384)	practice
16	lr	f	19	1	diamond	red	same	hori	left	(608, 480)	(376, 384)	False	317866	None	None	(512, 384)	practice
16	lr	f	19	1	circle	none	dif	vert	up	N_dis	(415, 480)	True	323410	324285	up	(512, 384)	practice
16	lr	f	19	1	circle	red	same	hori	left	(608, 480)	(415, 480)	True	325486	327068	left	(512, 384)	practice
16	lr	f	19	1	diamond	none	same	hori	left	N_dis	(376, 384)	True	328168	329790	left	(512, 384)	practice
16	lr	f	19	1	circle	green	same	vert	up	(608, 480)	(415, 287)	True	330910	332414	up	(512, 384)	practice
16	lr	f	19	1	circle	green	same	vert	up	(608, 480)	(415, 480)	True	333493	334581	up	(512, 384)	practice
16	lr	f	19	1	circle	green	same	hori	left	(608, 480)	(648, 384)	True	335663	336572	left	(512, 384)	practice
16	lr	f	19	1	circle	green	same	hori	left	(608, 480)	(415, 480)	True	337783	339519	left	(512, 384)	practice
16	lr	f	19	1	circle	green	same	hori	left	(608, 480)	(415, 287)	True	340599	341701	left	(512, 384)	practice
16	lr	f	19	1	diamond	green	same	hori	left	(608, 480)	(376, 384)	True	342950	344119	left	(512, 384)	practice
16	lr	f	19	1	diamond	green	same	vert	up	(608, 480)	(415, 287)	True	345145	346334	up	(512, 384)	practice
16	lr	f	19	1	diamond	none	same	hori	left	N_dis	(608, 287)	True	347586	348972	left	(512, 384)	practice
16	lr	f	19	1	circle	none	dif	vert	up	N_dis	(415, 480)	True	350185	351605	up	(512, 384)	practice
16	lr	f	19	1	diamond	none	same	vert	up	N_dis	(376, 384)	True	352732	354377	up	(512, 384)	practice
16	lr	f	19	1	diamond	red	dif	hori	left	(608, 480)	(415, 287)	True	355408	356538	left	(512, 384)	practice
16	lr	f	19	1	diamond	green	dif	hori	left	(608, 480)	(512, 248)	True	357751	359042	left	(512, 384)	practice
16	lr	f	19	1	diamond	none	same	hori	left	N_dis	(608, 287)	True	360300	361692	left	(512, 384)	practice
16	lr	f	19	1	circle	red	dif	hori	left	(608, 480)	(415, 287)	True	362834	364003	left	(512, 384)	practice
16	lr	f	19	1	diamond	red	same	vert	up	(608, 480)	(512, 520)	True	365263	367084	up	(512, 384)	practice
16	lr	f	19	1	diamond	none	same	vert	up	N_dis	(376, 384)	True	368188	369195	up	(512, 384)	practice
16	lr	f	19	1	circle	green	same	vert	up	(608, 480)	(512, 248)	True	370331	371134	up	(512, 384)	practice
16	lr	f	19	1	diamond	green	dif	hori	left	(608, 480)	(512, 520)	True	372163	373179	left	(512, 384)	practice
16	lr	f	19	1	circle	none	dif	hori	left	N_dis	(648, 384)	True	403863	404608	left	(512, 384)	testing
16	lr	f	19	1	circle	green	same	hori	left	(608, 480)	(648, 384)	True	405773	406776	left	(512, 384)	testing
16	lr	f	19	1	circle	none	same	vert	up	N_dis	(512, 248)	True	407872	408733	up	(512, 384)	testing
16	lr	f	19	1	circle	red	dif	vert	up	(512, 248)	(415, 287)	True	409857	411684	up	(512, 384)	testing
16	lr	f	19	1	circle	red	dif	hori	left	(608, 480)	(415, 287)	True	412796	414251	left	(512, 384)	testing
16	lr	f	19	1	circle	red	same	vert	up	(608, 480)	(648, 384)	True	415430	416489	up	(512, 384)	testing
16	lr	f	19	1	diamond	red	dif	hori	left	(608, 287)	(512, 520)	True	417642	419526	left	(512, 384)	testing
16	lr	f	19	1	diamond	green	same	vert	up	(608, 480)	(415, 287)	True	420799	423317	up	(512, 384)	testing
16	lr	f	19	1	diamond	none	same	vert	up	N_dis	(376, 384)	True	424519	425550	up	(512, 384)	testing
16	lr	f	19	1	diamond	red	same	hori	left	(608, 480)	(648, 384)	True	426752	428046	left	(512, 384)	testing
16	lr	f	19	1	diamond	none	same	hori	left	N_dis	(376, 384)	True	429093	430062	left	(512, 384)	testing
16	lr	f	19	1	diamond	none	dif	hori	left	N_dis	(512, 520)	True	431262	432173	left	(512, 384)	testing
16	lr	f	19	1	circle	none	same	hori	left	N_dis	(512, 520)	True	433340	434808	left	(512, 384)	testing
16	lr	f	19	1	diamond	red	dif	hori	left	(608, 480)	(415, 287)	True	435901	437281	left	(512, 384)	testing
16	lr	f	19	1	diamond	green	dif	hori	left	(608, 480)	(512, 248)	True	438389	439839	left	(512, 384)	testing
16	lr	f	19	1	diamond	green	same	hori	left	(415, 480)	(608, 287)	True	440916	442394	left	(512, 384)	testing
16	lr	f	19	1	diamond	red	dif	hori	left	(608, 480)	(415, 287)	True	443589	445026	left	(512, 384)	testing
16	lr	f	19	1	diamond	green	dif	hori	left	(608, 480)	(376, 384)	True	446121	447747	left	(512, 384)	testing
16	lr	f	19	1	diamond	green	dif	hori	left	(415, 287)	(648, 384)	True	448954	450437	left	(512, 384)	testing
16	lr	f	19	1	diamond	red	same	hori	left	(415, 480)	(608, 287)	True	451623	453398	left	(512, 384)	testing
16	lr	f	19	1	circle	red	dif	hori	left	(376, 384)	(512, 248)	True	454657	456036	left	(512, 384)	testing
16	lr	f	19	1	diamond	green	same	hori	left	(608, 480)	(415, 287)	True	457150	458243	left	(512, 384)	testing
16	lr	f	19	1	diamond	none	same	hori	left	N_dis	(608, 287)	True	459365	460093	left	(512, 384)	testing
16	lr	f	19	1	diamond	red	same	vert	up	(648, 384)	(512, 520)	True	461288	462583	up	(512, 384)	testing
16	lr	f	19	1	circle	red	same	vert	up	(608, 480)	(376, 384)	True	463702	465141	up	(512, 384)	testing
16	lr	f	19	1	circle	none	dif	vert	up	N_dis	(415, 480)	True	466217	467157	up	(512, 384)	testing
16	lr	f	19	1	diamond	none	same	hori	left	N_dis	(415, 287)	True	468397	469875	left	(512, 384)	testing
16	lr	f	19	1	circle	none	same	hori	left	N_dis	(512, 248)	True	470970	472016	left	(512, 384)	testing
16	lr	f	19	1	diamond	green	dif	hori	left	(608, 480)	(512, 520)	True	473257	474293	left	(512, 384)	testing
16	lr	f	19	1	circle	green	dif	vert	up	(512, 248)	(415, 287)	True	475504	476806	up	(512, 384)	testing
16	lr	f	19	1	circle	none	dif	vert	up	N_dis	(415, 480)	True	478059	479441	up	(512, 384)	testing
16	lr	f	19	1	circle	none	same	vert	up	N_dis	(608, 287)	True	480613	481660	up	(512, 384)	testing
16	lr	f	19	1	circle	green	dif	vert	up	(608, 480)	(415, 480)	True	482698	484463	up	(512, 384)	testing
16	lr	f	19	1	diamond	green	dif	hori	left	(648, 384)	(608, 287)	True	485718	487109	left	(512, 384)	testing
16	lr	f	19	1	circle	red	dif	vert	up	(608, 480)	(608, 287)	True	488189	489790	up	(512, 384)	testing
16	lr	f	19	1	circle	red	dif	hori	left	(608, 480)	(376, 384)	True	491042	492551	left	(512, 384)	testing
16	lr	f	19	1	circle	green	same	vert	up	(608, 480)	(415, 480)	True	493614	494858	up	(512, 384)	testing
16	lr	f	19	1	diamond	green	dif	vert	up	(376, 384)	(415, 480)	True	495980	497516	up	(512, 384)	testing
16	lr	f	19	1	circle	red	same	hori	left	(648, 384)	(415, 480)	True	498619	500254	left	(512, 384)	testing
16	lr	f	19	1	diamond	none	same	vert	up	N_dis	(648, 384)	True	501477	503194	up	(512, 384)	testing
16	lr	f	19	1	circle	green	same	hori	left	(608, 480)	(512, 520)	True	504311	505432	left	(512, 384)	testing
16	lr	f	19	1	circle	green	dif	hori	left	(608, 480)	(415, 480)	True	506692	507845	left	(512, 384)	testing
16	lr	f	19	1	circle	red	dif	hori	left	(608, 480)	(648, 384)	True	508919	510052	left	(512, 384)	testing
16	lr	f	19	1	circle	green	dif	hori	left	(415, 287)	(608, 287)	True	511186	512490	up	(512, 384)	testing
16	lr	f	19	1	circle	none	same	hori	left	N_dis	(512, 520)	True	515107	516015	left	(512, 384)	testing
16	lr	f	19	1	diamond	red	dif	hori	left	(648, 384)	(608, 287)	True	517188	518611	left	(512, 384)	testing
16	lr	f	19	1	circle	green	dif	hori	left	(608, 480)	(608, 287)	True	519670	521400	left	(512, 384)	testing
16	lr	f	19	1	circle	none	dif	hori	left	N_dis	(608, 287)	True	522562	523838	left	(512, 384)	testing
16	lr	f	19	1	diamond	none	same	vert	up	N_dis	(608, 287)	True	525081	526570	left	(512, 384)	testing
16	lr	f	19	1	diamond	red	same	vert	up	(608, 480)	(608, 287)	True	529248	530670	up	(512, 384)	testing
16	lr	f	19	1	circle	green	dif	vert	up	(512, 520)	(415, 287)	True	531936	533566	up	(512, 384)	testing
16	lr	f	19	1	diamond	red	same	hori	left	(415, 480)	(512, 520)	True	534711	536147	left	(512, 384)	testing
16	lr	f	19	1	diamond	none	dif	vert	up	N_dis	(648, 384)	True	537409	538829	up	(512, 384)	testing
16	lr	f	19	1	circle	none	same	vert	up	N_dis	(512, 248)	True	540069	541686	up	(512, 384)	testing
16	lr	f	19	1	circle	none	dif	hori	left	N_dis	(608, 480)	True	542769	543800	left	(512, 384)	testing
16	lr	f	19	1	circle	red	dif	vert	up	(608, 480)	(608, 287)	True	544989	545959	up	(512, 384)	testing
16	lr	f	19	1	circle	none	dif	vert	up	N_dis	(415, 287)	True	547073	547852	up	(512, 384)	testing
16	lr	f	19	1	circle	red	same	hori	left	(608, 480)	(415, 480)	True	549064	549990	left	(512, 384)	testing
16	lr	f	19	1	circle	green	same	vert	up	(608, 480)	(376, 384)	True	551014	552300	up	(512, 384)	testing
16	lr	f	19	1	circle	red	same	hori	left	(608, 480)	(512, 248)	True	553515	554384	left	(512, 384)	testing
16	lr	f	19	1	circle	green	dif	vert	up	(608, 480)	(512, 520)	True	555650	557233	up	(512, 384)	testing
16	lr	f	19	1	circle	none	dif	vert	up	N_dis	(648, 384)	True	558427	559591	up	(512, 384)	testing
16	lr	f	19	1	diamond	green	same	vert	up	(608, 480)	(415, 287)	True	560705	562038	up	(512, 384)	testing
16	lr	f	19	1	circle	none	same	hori	left	N_dis	(512, 520)	True	563270	564183	left	(512, 384)	testing
16	lr	f	19	1	diamond	green	same	hori	left	(512, 248)	(608, 287)	True	565351	567209	left	(512, 384)	testing
16	lr	f	19	1	circle	red	dif	hori	left	(608, 480)	(648, 384)	True	568275	569450	left	(512, 384)	testing
16	lr	f	19	1	circle	green	same	hori	left	(608, 480)	(415, 287)	True	570638	571786	left	(512, 384)	testing
16	lr	f	19	1	diamond	red	same	vert	up	(608, 480)	(608, 287)	True	573057	574076	up	(512, 384)	testing
16	lr	f	19	1	circle	green	dif	vert	up	(512, 248)	(415, 480)	True	575262	576411	up	(512, 384)	testing
16	lr	f	19	1	circle	none	same	vert	up	N_dis	(608, 480)	True	577663	578935	up	(512, 384)	testing
16	lr	f	19	1	diamond	green	dif	vert	up	(608, 480)	(376, 384)	True	580075	581236	up	(512, 384)	testing
16	lr	f	19	1	diamond	green	dif	vert	up	(376, 384)	(608, 287)	True	582391	583443	up	(512, 384)	testing
16	lr	f	19	1	circle	none	same	vert	up	N_dis	(512, 520)	True	584706	585616	up	(512, 384)	testing
16	lr	f	19	1	diamond	green	dif	vert	up	(608, 480)	(512, 248)	True	586879	588445	up	(512, 384)	testing
16	lr	f	19	1	diamond	none	dif	vert	up	N_dis	(512, 248)	True	589697	590589	up	(512, 384)	testing
16	lr	f	19	1	diamond	none	dif	hori	left	N_dis	(376, 384)	True	591642	592635	left	(512, 384)	testing
16	lr	f	19	1	diamond	red	same	hori	left	(608, 480)	(512, 248)	True	593716	595308	left	(512, 384)	testing
16	lr	f	19	1	diamond	green	same	hori	left	(608, 480)	(376, 384)	True	596393	597964	left	(512, 384)	testing
16	lr	f	19	1	circle	none	dif	hori	left	N_dis	(415, 287)	True	599010	600290	left	(512, 384)	testing
16	lr	f	19	1	diamond	green	same	vert	up	(608, 480)	(648, 384)	True	601399	603539	up	(512, 384)	testing
16	lr	f	19	1	diamond	green	dif	vert	up	(415, 480)	(512, 248)	True	604600	606057	up	(512, 384)	testing
16	lr	f	19	1	diamond	red	dif	hori	left	(608, 480)	(415, 287)	True	607158	608832	left	(512, 384)	testing
16	lr	f	19	1	diamond	none	dif	vert	up	N_dis	(415, 287)	True	609890	611085	left	(512, 384)	testing
16	lr	f	19	1	diamond	none	dif	hori	left	N_dis	(608, 480)	True	613768	615962	left	(512, 384)	testing
16	lr	f	19	1	circle	none	same	hori	left	N_dis	(376, 384)	True	617038	618281	left	(512, 384)	testing
16	lr	f	19	1	diamond	red	dif	vert	up	(415, 287)	(376, 384)	True	619344	620349	up	(512, 384)	testing
16	lr	f	19	1	diamond	red	dif	vert	up	(512, 520)	(415, 287)	True	621547	623332	up	(512, 384)	testing
16	lr	f	19	1	diamond	none	same	hori	left	N_dis	(608, 287)	True	624397	625345	left	(512, 384)	testing
16	lr	f	19	1	circle	red	dif	vert	up	(608, 480)	(512, 520)	True	626533	628392	up	(512, 384)	testing
16	lr	f	19	1	diamond	none	same	vert	up	N_dis	(415, 287)	True	629572	631192	up	(512, 384)	testing
16	lr	f	19	1	circle	red	same	vert	up	(608, 480)	(512, 520)	True	632456	634343	up	(512, 384)	testing
16	lr	f	19	1	circle	red	same	vert	up	(376, 384)	(608, 287)	True	635421	636813	up	(512, 384)	testing
16	lr	f	19	1	circle	red	dif	vert	up	(415, 287)	(376, 384)	True	637929	639759	up	(512, 384)	testing
16	lr	f	19	1	circle	none	dif	hori	left	N_dis	(608, 480)	True	640857	642120	left	(512, 384)	testing
16	lr	f	19	1	circle	green	same	hori	left	(608, 480)	(512, 520)	True	643258	644762	left	(512, 384)	testing
16	lr	f	19	1	circle	green	same	vert	up	(608, 480)	(512, 248)	True	645886	648258	up	(512, 384)	testing
16	lr	f	19	1	circle	red	same	hori	left	(608, 480)	(415, 480)	True	649332	651017	left	(512, 384)	testing
16	lr	f	19	1	circle	green	dif	hori	left	(608, 480)	(415, 287)	True	652160	653108	left	(512, 384)	testing
16	lr	f	19	1	diamond	green	same	vert	up	(608, 480)	(608, 287)	True	654380	655660	up	(512, 384)	testing
16	lr	f	19	1	circle	green	same	hori	left	(608, 480)	(415, 480)	True	656757	659385	left	(512, 384)	testing
16	lr	f	19	1	diamond	none	dif	hori	left	N_dis	(608, 480)	True	660411	661532	left	(512, 384)	testing
16	lr	f	19	1	diamond	none	same	hori	left	N_dis	(415, 480)	True	662729	664393	left	(512, 384)	testing
16	lr	f	19	1	circle	red	same	hori	left	(608, 480)	(648, 384)	True	665666	667290	left	(512, 384)	testing
16	lr	f	19	1	diamond	red	same	vert	up	(608, 480)	(608, 287)	True	668401	670316	up	(512, 384)	testing
16	lr	f	19	1	diamond	red	same	vert	up	(608, 480)	(512, 520)	True	671505	673861	up	(512, 384)	testing
16	lr	f	19	1	diamond	red	dif	vert	up	(512, 520)	(415, 480)	True	674986	676861	up	(512, 384)	testing
16	lr	f	19	1	diamond	none	dif	hori	left	N_dis	(415, 480)	True	678013	680332	left	(512, 384)	testing
16	lr	f	19	1	diamond	green	same	hori	left	(608, 480)	(512, 248)	True	681389	682719	left	(512, 384)	testing
16	lr	f	19	1	diamond	none	same	vert	up	N_dis	(376, 384)	True	683917	685326	up	(512, 384)	testing
16	lr	f	19	1	circle	red	same	vert	up	(608, 480)	(512, 248)	True	686598	688126	up	(512, 384)	testing
16	lr	f	19	1	circle	none	dif	vert	up	N_dis	(415, 480)	True	689390	690610	up	(512, 384)	testing
16	lr	f	19	1	circle	green	same	vert	up	(608, 287)	(512, 248)	True	691766	693544	up	(512, 384)	testing
16	lr	f	19	1	circle	green	dif	hori	left	(512, 520)	(608, 287)	True	694738	697534	left	(512, 384)	testing
16	lr	f	19	1	diamond	none	dif	vert	up	N_dis	(512, 248)	True	698646	700378	up	(512, 384)	testing
16	lr	f	19	1	diamond	none	dif	vert	up	N_dis	(648, 384)	True	701475	703036	up	(512, 384)	testing
16	lr	f	19	1	diamond	green	same	vert	up	(608, 287)	(415, 287)	True	704251	706433	up	(512, 384)	testing
16	lr	f	19	1	circle	green	same	vert	up	(608, 480)	(415, 287)	True	707693	710420	up	(512, 384)	testing
16	lr	f	19	1	diamond	red	dif	vert	up	(608, 480)	(415, 480)	True	711468	713800	up	(512, 384)	testing
16	lr	f	19	1	diamond	red	dif	vert	up	(608, 287)	(376, 384)	True	714839	717143	up	(512, 384)	testing
16	lr	f	19	1	diamond	red	same	hori	left	(608, 480)	(376, 384)	True	718336	719950	left	(512, 384)	testing
