subj	name	gender	age	runNum	shape	dist	td_dif	resp	resp_key	d_loc	t_loc	gotKey	startTime	respTime	resp	fix_loc	prac
16	lr	f	19	4	diamond	none	same	vert	up	N_dis	(376, 384)	True	22326	24044	up	(512, 384)	testing
16	lr	f	19	4	diamond	none	dif	hori	left	N_dis	(415, 480)	True	25094	26286	left	(512, 384)	testing
16	lr	f	19	4	diamond	none	same	hori	left	N_dis	(608, 480)	True	27394	28600	left	(512, 384)	testing
16	lr	f	19	4	diamond	green	same	hori	left	(512, 248)	(512, 520)	True	29769	31211	left	(512, 384)	testing
16	lr	f	19	4	circle	red	dif	hori	left	(512, 248)	(415, 287)	True	32325	34249	left	(512, 384)	testing
16	lr	f	19	4	diamond	red	dif	vert	up	(512, 248)	(512, 520)	True	35282	36053	up	(512, 384)	testing
16	lr	f	19	4	circle	none	dif	hori	left	N_dis	(608, 480)	True	37298	38078	left	(512, 384)	testing
16	lr	f	19	4	diamond	none	dif	vert	up	N_dis	(415, 480)	True	39161	40206	up	(512, 384)	testing
16	lr	f	19	4	circle	none	same	vert	up	N_dis	(608, 287)	True	41419	42208	up	(512, 384)	testing
16	lr	f	19	4	circle	none	dif	vert	up	N_dis	(376, 384)	True	43391	44983	up	(512, 384)	testing
16	lr	f	19	4	diamond	red	dif	hori	left	(512, 248)	(648, 384)	True	46037	46839	left	(512, 384)	testing
16	lr	f	19	4	diamond	red	dif	hori	left	(608, 287)	(376, 384)	True	48054	48912	left	(512, 384)	testing
16	lr	f	19	4	diamond	none	same	vert	up	N_dis	(376, 384)	True	50171	51190	up	(512, 384)	testing
16	lr	f	19	4	circle	none	dif	vert	up	N_dis	(415, 287)	True	52273	53240	up	(512, 384)	testing
16	lr	f	19	4	diamond	none	dif	hori	left	N_dis	(512, 520)	True	54371	55290	left	(512, 384)	testing
16	lr	f	19	4	diamond	red	same	vert	up	(376, 384)	(512, 520)	True	56523	57618	up	(512, 384)	testing
16	lr	f	19	4	circle	none	dif	hori	left	N_dis	(648, 384)	True	58886	59688	left	(512, 384)	testing
16	lr	f	19	4	circle	red	dif	hori	left	(512, 248)	(648, 384)	True	60953	61912	left	(512, 384)	testing
16	lr	f	19	4	diamond	green	same	hori	left	(415, 287)	(608, 287)	True	62959	64735	left	(512, 384)	testing
16	lr	f	19	4	circle	none	same	vert	up	N_dis	(415, 287)	True	65929	67267	up	(512, 384)	testing
16	lr	f	19	4	diamond	green	dif	hori	left	(512, 248)	(415, 480)	True	68482	69709	left	(512, 384)	testing
16	lr	f	19	4	circle	red	dif	vert	up	(512, 248)	(376, 384)	True	70849	72231	up	(512, 384)	testing
16	lr	f	19	4	circle	none	same	hori	left	N_dis	(512, 520)	True	73387	74168	left	(512, 384)	testing
16	lr	f	19	4	circle	green	same	hori	left	(512, 248)	(512, 520)	True	75271	77185	left	(512, 384)	testing
16	lr	f	19	4	circle	red	same	hori	left	(512, 248)	(608, 480)	True	78299	79516	left	(512, 384)	testing
16	lr	f	19	4	circle	green	dif	vert	up	(512, 248)	(415, 480)	True	80605	82091	up	(512, 384)	testing
16	lr	f	19	4	diamond	none	same	hori	left	N_dis	(415, 287)	True	83148	84426	left	(512, 384)	testing
16	lr	f	19	4	circle	red	same	vert	up	(512, 248)	(415, 480)	True	85487	86853	up	(512, 384)	testing
16	lr	f	19	4	diamond	red	dif	vert	up	(512, 248)	(512, 520)	True	87891	89884	up	(512, 384)	testing
16	lr	f	19	4	circle	red	dif	vert	up	(648, 384)	(512, 520)	True	91015	92267	up	(512, 384)	testing
16	lr	f	19	4	circle	green	same	vert	up	(512, 248)	(415, 480)	True	93408	94692	up	(512, 384)	testing
16	lr	f	19	4	diamond	green	dif	hori	left	(512, 248)	(376, 384)	True	95948	97530	left	(512, 384)	testing
16	lr	f	19	4	diamond	none	dif	vert	up	N_dis	(608, 480)	True	98636	99769	up	(512, 384)	testing
16	lr	f	19	4	circle	red	same	vert	up	(376, 384)	(608, 480)	True	100828	102658	up	(512, 384)	testing
16	lr	f	19	4	diamond	green	dif	vert	up	(512, 248)	(376, 384)	True	103846	105115	up	(512, 384)	testing
16	lr	f	19	4	diamond	red	same	hori	left	(376, 384)	(608, 480)	True	106293	107465	left	(512, 384)	testing
16	lr	f	19	4	diamond	red	same	vert	up	(415, 287)	(648, 384)	True	108729	109826	up	(512, 384)	testing
16	lr	f	19	4	circle	green	dif	vert	up	(512, 248)	(608, 287)	True	110977	112378	up	(512, 384)	testing
16	lr	f	19	4	diamond	red	dif	vert	up	(512, 248)	(608, 480)	True	113440	114259	up	(512, 384)	testing
16	lr	f	19	4	circle	green	dif	vert	up	(512, 248)	(608, 480)	True	115459	116599	up	(512, 384)	testing
16	lr	f	19	4	circle	red	dif	vert	up	(512, 248)	(415, 287)	True	117731	118835	up	(512, 384)	testing
16	lr	f	19	4	circle	green	dif	hori	left	(512, 248)	(608, 287)	True	119999	121069	left	(512, 384)	testing
16	lr	f	19	4	circle	green	same	vert	up	(512, 248)	(376, 384)	True	122223	123245	up	(512, 384)	testing
16	lr	f	19	4	diamond	red	same	vert	up	(415, 480)	(376, 384)	True	124355	125949	up	(512, 384)	testing
16	lr	f	19	4	circle	none	dif	vert	up	N_dis	(608, 287)	True	126998	127973	up	(512, 384)	testing
16	lr	f	19	4	diamond	none	dif	vert	up	N_dis	(608, 287)	True	129087	130502	up	(512, 384)	testing
16	lr	f	19	4	circle	green	dif	hori	left	(648, 384)	(376, 384)	True	131703	133600	left	(512, 384)	testing
16	lr	f	19	4	diamond	green	same	hori	left	(608, 480)	(376, 384)	True	134703	135784	left	(512, 384)	testing
16	lr	f	19	4	circle	green	same	hori	left	(512, 248)	(608, 480)	True	137056	138104	left	(512, 384)	testing
16	lr	f	19	4	diamond	red	same	vert	up	(512, 248)	(648, 384)	True	139156	140137	up	(512, 384)	testing
16	lr	f	19	4	diamond	none	same	vert	up	N_dis	(608, 480)	True	141244	142088	up	(512, 384)	testing
16	lr	f	19	4	diamond	green	dif	vert	up	(512, 248)	(415, 287)	True	143335	145090	up	(512, 384)	testing
16	lr	f	19	4	circle	green	dif	vert	up	(608, 480)	(415, 287)	True	146218	147638	up	(512, 384)	testing
16	lr	f	19	4	diamond	green	dif	vert	up	(608, 287)	(415, 287)	True	148879	150452	up	(512, 384)	testing
16	lr	f	19	4	circle	green	same	hori	left	(512, 248)	(415, 287)	True	151658	153338	left	(512, 384)	testing
16	lr	f	19	4	circle	red	dif	hori	left	(512, 520)	(415, 480)	True	154479	155891	left	(512, 384)	testing
16	lr	f	19	4	diamond	green	same	vert	up	(376, 384)	(608, 480)	True	156981	158705	up	(512, 384)	testing
16	lr	f	19	4	circle	none	same	hori	left	N_dis	(608, 287)	True	159853	160621	left	(512, 384)	testing
16	lr	f	19	4	diamond	none	same	hori	left	N_dis	(415, 287)	True	161782	162812	left	(512, 384)	testing
16	lr	f	19	4	diamond	red	same	hori	left	(648, 384)	(415, 480)	True	163976	165166	left	(512, 384)	testing
16	lr	f	19	4	circle	none	same	hori	left	N_dis	(648, 384)	True	166252	167105	left	(512, 384)	testing
16	lr	f	19	4	circle	red	dif	vert	up	(512, 248)	(415, 287)	True	168187	169164	up	(512, 384)	testing
16	lr	f	19	4	circle	none	same	vert	up	N_dis	(512, 520)	True	170219	170998	up	(512, 384)	testing
16	lr	f	19	4	circle	red	same	hori	left	(512, 520)	(415, 287)	True	172175	172926	left	(512, 384)	testing
16	lr	f	19	4	circle	red	same	hori	left	(415, 480)	(608, 287)	True	174023	174728	left	(512, 384)	testing
16	lr	f	19	4	circle	red	same	hori	left	(512, 248)	(608, 287)	True	175895	177439	left	(512, 384)	testing
16	lr	f	19	4	diamond	green	dif	hori	left	(512, 248)	(608, 480)	True	178686	179961	left	(512, 384)	testing
16	lr	f	19	4	diamond	red	dif	hori	left	(415, 480)	(512, 520)	True	181039	182676	left	(512, 384)	testing
16	lr	f	19	4	diamond	none	same	hori	left	N_dis	(512, 248)	True	183756	184861	left	(512, 384)	testing
16	lr	f	19	4	diamond	green	dif	vert	up	(512, 248)	(512, 520)	True	185956	186802	up	(512, 384)	testing
16	lr	f	19	4	diamond	green	dif	vert	up	(512, 248)	(608, 480)	True	188046	189659	up	(512, 384)	testing
16	lr	f	19	4	diamond	none	dif	hori	left	N_dis	(512, 248)	True	190876	191727	left	(512, 384)	testing
16	lr	f	19	4	circle	none	dif	hori	left	N_dis	(512, 248)	True	192844	193803	left	(512, 384)	testing
16	lr	f	19	4	diamond	red	dif	vert	up	(512, 248)	(512, 520)	True	195000	195730	up	(512, 384)	testing
16	lr	f	19	4	circle	red	same	vert	up	(512, 248)	(648, 384)	True	196995	198158	up	(512, 384)	testing
16	lr	f	19	4	circle	green	same	vert	up	(512, 248)	(415, 287)	True	199356	201067	up	(512, 384)	testing
16	lr	f	19	4	diamond	green	same	vert	up	(608, 480)	(415, 480)	True	202098	203451	up	(512, 384)	testing
16	lr	f	19	4	diamond	none	dif	vert	up	N_dis	(376, 384)	True	204532	205742	up	(512, 384)	testing
16	lr	f	19	4	circle	none	same	vert	up	N_dis	(512, 520)	True	206846	207671	up	(512, 384)	testing
16	lr	f	19	4	circle	none	same	vert	up	N_dis	(648, 384)	True	208835	209467	up	(512, 384)	testing
16	lr	f	19	4	diamond	green	same	vert	up	(415, 287)	(608, 287)	True	210582	211334	left	(512, 384)	testing
16	lr	f	19	4	diamond	green	same	hori	left	(512, 248)	(512, 520)	True	213931	214866	left	(512, 384)	testing
16	lr	f	19	4	diamond	green	same	vert	up	(415, 480)	(415, 287)	True	215971	216972	up	(512, 384)	testing
16	lr	f	19	4	diamond	red	same	vert	up	(512, 248)	(415, 287)	True	218128	219724	up	(512, 384)	testing
16	lr	f	19	4	diamond	red	same	hori	left	(512, 248)	(376, 384)	True	220966	222486	left	(512, 384)	testing
16	lr	f	19	4	circle	green	dif	hori	left	(415, 287)	(648, 384)	True	223733	224951	left	(512, 384)	testing
16	lr	f	19	4	circle	green	dif	vert	up	(512, 248)	(415, 480)	True	226046	227205	up	(512, 384)	testing
16	lr	f	19	4	diamond	green	same	vert	up	(512, 248)	(648, 384)	True	228456	229486	up	(512, 384)	testing
16	lr	f	19	4	circle	green	same	hori	left	(512, 248)	(512, 520)	True	230613	231493	left	(512, 384)	testing
16	lr	f	19	4	diamond	none	dif	vert	up	N_dis	(415, 287)	True	232627	233480	up	(512, 384)	testing
16	lr	f	19	4	circle	green	same	vert	up	(648, 384)	(376, 384)	True	234637	235848	up	(512, 384)	testing
16	lr	f	19	4	diamond	none	dif	hori	left	N_dis	(376, 384)	True	236971	237952	left	(512, 384)	testing
16	lr	f	19	4	diamond	green	same	hori	left	(512, 248)	(608, 480)	True	239215	240061	up	(512, 384)	testing
16	lr	f	19	4	circle	red	dif	hori	left	(512, 248)	(608, 287)	True	242793	244725	left	(512, 384)	testing
16	lr	f	19	4	diamond	none	same	hori	left	N_dis	(512, 520)	True	245877	247129	left	(512, 384)	testing
16	lr	f	19	4	circle	none	dif	hori	left	N_dis	(512, 248)	True	248278	249517	left	(512, 384)	testing
16	lr	f	19	4	diamond	red	dif	hori	left	(512, 248)	(608, 287)	True	250682	252128	left	(512, 384)	testing
16	lr	f	19	4	circle	red	same	vert	up	(512, 248)	(415, 480)	True	253255	254435	up	(512, 384)	testing
16	lr	f	19	4	diamond	red	dif	hori	left	(512, 248)	(415, 480)	True	255588	257220	left	(512, 384)	testing
16	lr	f	19	4	diamond	none	same	vert	up	N_dis	(415, 480)	True	258480	260272	up	(512, 384)	testing
16	lr	f	19	4	diamond	red	dif	vert	up	(512, 248)	(608, 287)	True	261312	262936	up	(512, 384)	testing
16	lr	f	19	4	circle	red	dif	vert	up	(512, 248)	(648, 384)	True	264128	265233	up	(512, 384)	testing
16	lr	f	19	4	diamond	green	dif	hori	left	(512, 248)	(376, 384)	True	266361	267492	left	(512, 384)	testing
16	lr	f	19	4	circle	red	same	vert	up	(608, 480)	(648, 384)	True	268560	269551	up	(512, 384)	testing
16	lr	f	19	4	diamond	none	dif	hori	left	N_dis	(512, 248)	True	270711	271558	left	(512, 384)	testing
16	lr	f	19	4	circle	red	same	hori	left	(512, 248)	(512, 520)	True	272650	273965	left	(512, 384)	testing
16	lr	f	19	4	circle	none	dif	vert	up	N_dis	(608, 480)	True	275146	276083	up	(512, 384)	testing
16	lr	f	19	4	circle	green	dif	hori	left	(512, 248)	(648, 384)	True	277122	278039	left	(512, 384)	testing
16	lr	f	19	4	circle	none	dif	vert	up	N_dis	(608, 287)	True	279281	280897	up	(512, 384)	testing
16	lr	f	19	4	diamond	red	same	hori	left	(512, 248)	(608, 287)	True	281947	283971	left	(512, 384)	testing
16	lr	f	19	4	circle	green	same	vert	up	(512, 520)	(608, 480)	True	285077	286426	up	(512, 384)	testing
16	lr	f	19	4	diamond	none	same	vert	up	N_dis	(648, 384)	True	287561	288602	up	(512, 384)	testing
16	lr	f	19	4	circle	red	dif	hori	left	(608, 287)	(648, 384)	True	289749	290766	left	(512, 384)	testing
16	lr	f	19	4	circle	none	same	hori	left	N_dis	(648, 384)	True	291938	292959	left	(512, 384)	testing
16	lr	f	19	4	diamond	green	dif	hori	left	(512, 520)	(608, 287)	True	294151	295367	left	(512, 384)	testing
16	lr	f	19	4	diamond	red	same	hori	left	(512, 248)	(512, 520)	True	296550	298456	left	(512, 384)	testing
16	lr	f	19	4	circle	green	dif	hori	left	(512, 248)	(376, 384)	True	299616	301006	left	(512, 384)	testing
16	lr	f	19	4	circle	none	dif	hori	left	N_dis	(415, 480)	True	302233	303295	left	(512, 384)	testing
16	lr	f	19	4	circle	none	same	hori	left	N_dis	(415, 480)	True	304433	305479	left	(512, 384)	testing
16	lr	f	19	4	circle	green	same	hori	left	(608, 287)	(512, 520)	True	306615	307753	left	(512, 384)	testing
