subj	name	gender	age	runNum	shape	dist	td_dif	resp	resp_key	d_loc	t_loc	gotKey	startTime	respTime	resp	fix_loc	prac
16	lr	f	19	3	diamond	red	same	vert	up	(512, 248)	(512, 520)	True	57231	58150	up	(512, 384)	testing
16	lr	f	19	3	diamond	green	dif	hori	left	(608, 480)	(512, 520)	True	59384	60543	left	(512, 384)	testing
16	lr	f	19	3	diamond	red	dif	vert	up	(512, 248)	(608, 480)	True	61702	62630	up	(512, 384)	testing
16	lr	f	19	3	circle	none	same	vert	up	N_dis	(415, 287)	True	63903	65468	up	(512, 384)	testing
16	lr	f	19	3	diamond	red	same	hori	left	(512, 248)	(415, 287)	True	66506	68642	left	(512, 384)	testing
16	lr	f	19	3	circle	none	same	hori	left	N_dis	(415, 480)	True	69718	70567	left	(512, 384)	testing
16	lr	f	19	3	diamond	green	dif	hori	left	(512, 248)	(648, 384)	True	71716	72775	left	(512, 384)	testing
16	lr	f	19	3	diamond	green	dif	hori	left	(608, 480)	(415, 480)	True	74020	74957	left	(512, 384)	testing
16	lr	f	19	3	circle	green	dif	hori	left	(415, 287)	(608, 480)	True	76109	76993	left	(512, 384)	testing
16	lr	f	19	3	circle	none	same	vert	up	N_dis	(608, 287)	True	78068	79023	up	(512, 384)	testing
16	lr	f	19	3	circle	red	same	vert	up	(415, 287)	(512, 520)	True	80282	81600	up	(512, 384)	testing
16	lr	f	19	3	diamond	none	dif	hori	left	N_dis	(608, 287)	True	82796	83693	left	(512, 384)	testing
16	lr	f	19	3	diamond	red	same	hori	left	(512, 248)	(415, 287)	True	84781	86271	left	(512, 384)	testing
16	lr	f	19	3	diamond	none	same	hori	left	N_dis	(512, 248)	True	87488	88803	left	(512, 384)	testing
16	lr	f	19	3	diamond	green	dif	vert	up	(415, 480)	(648, 384)	True	89983	90923	up	(512, 384)	testing
16	lr	f	19	3	diamond	green	same	vert	up	(512, 248)	(376, 384)	True	92046	92927	up	(512, 384)	testing
16	lr	f	19	3	diamond	red	dif	vert	up	(608, 480)	(608, 287)	True	94041	96151	up	(512, 384)	testing
16	lr	f	19	3	diamond	green	dif	hori	left	(608, 287)	(415, 480)	True	97272	98096	left	(512, 384)	testing
16	lr	f	19	3	diamond	red	dif	hori	left	(415, 480)	(608, 287)	True	99244	100167	left	(512, 384)	testing
16	lr	f	19	3	circle	red	same	hori	left	(512, 248)	(512, 520)	True	101195	102400	left	(512, 384)	testing
16	lr	f	19	3	circle	red	dif	hori	left	(512, 248)	(512, 520)	True	103481	104319	left	(512, 384)	testing
16	lr	f	19	3	circle	green	same	vert	up	(512, 248)	(608, 287)	True	105404	106683	up	(512, 384)	testing
16	lr	f	19	3	circle	red	dif	vert	up	(512, 248)	(415, 480)	True	107885	109791	up	(512, 384)	testing
16	lr	f	19	3	circle	red	dif	hori	left	(415, 287)	(376, 384)	True	111021	111999	left	(512, 384)	testing
16	lr	f	19	3	circle	red	same	vert	up	(415, 287)	(648, 384)	True	113225	114046	up	(512, 384)	testing
16	lr	f	19	3	circle	green	dif	hori	left	(648, 384)	(608, 287)	True	115286	116527	left	(512, 384)	testing
16	lr	f	19	3	circle	red	dif	hori	left	(512, 248)	(608, 480)	True	117764	118543	left	(512, 384)	testing
16	lr	f	19	3	diamond	none	dif	vert	up	N_dis	(648, 384)	True	119714	120604	up	(512, 384)	testing
16	lr	f	19	3	diamond	none	dif	vert	up	N_dis	(415, 480)	True	121859	123211	up	(512, 384)	testing
16	lr	f	19	3	diamond	red	same	vert	up	(512, 248)	(648, 384)	True	124463	125492	up	(512, 384)	testing
16	lr	f	19	3	circle	red	dif	vert	up	(512, 248)	(608, 287)	True	126660	128222	up	(512, 384)	testing
16	lr	f	19	3	circle	red	dif	vert	up	(512, 248)	(648, 384)	True	129249	131399	up	(512, 384)	testing
16	lr	f	19	3	diamond	none	dif	hori	left	N_dis	(512, 520)	True	132590	133635	left	(512, 384)	testing
16	lr	f	19	3	diamond	none	same	vert	up	N_dis	(415, 287)	True	134817	136287	up	(512, 384)	testing
16	lr	f	19	3	diamond	green	same	hori	left	(512, 248)	(608, 480)	True	137372	138799	left	(512, 384)	testing
16	lr	f	19	3	circle	none	same	vert	up	N_dis	(608, 480)	True	140050	141417	up	(512, 384)	testing
16	lr	f	19	3	diamond	none	dif	vert	up	N_dis	(376, 384)	True	142522	143804	up	(512, 384)	testing
16	lr	f	19	3	circle	none	dif	hori	left	N_dis	(512, 520)	True	145059	146219	left	(512, 384)	testing
16	lr	f	19	3	diamond	none	dif	vert	up	N_dis	(415, 287)	True	147472	148509	up	(512, 384)	testing
16	lr	f	19	3	circle	red	same	hori	left	(512, 248)	(648, 384)	True	149652	150565	left	(512, 384)	testing
16	lr	f	19	3	circle	green	dif	vert	up	(512, 248)	(608, 480)	True	151775	152610	up	(512, 384)	testing
16	lr	f	19	3	circle	none	same	hori	left	N_dis	(608, 480)	True	153655	154346	left	(512, 384)	testing
16	lr	f	19	3	circle	green	dif	hori	left	(512, 520)	(415, 287)	True	155454	156320	left	(512, 384)	testing
16	lr	f	19	3	diamond	none	dif	vert	up	N_dis	(608, 287)	True	157565	158330	up	(512, 384)	testing
16	lr	f	19	3	circle	green	same	hori	left	(376, 384)	(512, 520)	True	159384	160506	left	(512, 384)	testing
16	lr	f	19	3	diamond	none	same	vert	up	N_dis	(608, 287)	True	161576	162289	up	(512, 384)	testing
16	lr	f	19	3	diamond	green	same	vert	up	(512, 248)	(648, 384)	True	163376	164319	up	(512, 384)	testing
16	lr	f	19	3	circle	green	same	hori	left	(512, 248)	(415, 480)	True	165495	166312	left	(512, 384)	testing
16	lr	f	19	3	diamond	green	dif	vert	up	(512, 248)	(608, 480)	True	167404	168191	up	(512, 384)	testing
16	lr	f	19	3	circle	none	dif	hori	left	N_dis	(415, 480)	True	169430	170138	left	(512, 384)	testing
16	lr	f	19	3	circle	green	same	vert	up	(512, 248)	(376, 384)	True	171373	172751	up	(512, 384)	testing
16	lr	f	19	3	circle	red	dif	hori	left	(512, 248)	(376, 384)	True	173970	174896	left	(512, 384)	testing
16	lr	f	19	3	diamond	green	dif	vert	up	(512, 248)	(608, 480)	True	176002	177730	up	(512, 384)	testing
16	lr	f	19	3	diamond	green	same	vert	up	(512, 248)	(648, 384)	True	178770	179881	up	(512, 384)	testing
16	lr	f	19	3	diamond	red	dif	vert	up	(376, 384)	(512, 520)	True	180978	182021	up	(512, 384)	testing
16	lr	f	19	3	circle	green	dif	vert	up	(512, 520)	(608, 480)	True	183166	184787	up	(512, 384)	testing
16	lr	f	19	3	diamond	red	same	hori	left	(648, 384)	(608, 287)	True	185966	187220	left	(512, 384)	testing
16	lr	f	19	3	diamond	red	dif	vert	up	(512, 248)	(512, 520)	True	188311	189241	up	(512, 384)	testing
16	lr	f	19	3	diamond	green	dif	vert	up	(512, 520)	(608, 287)	True	190497	191696	up	(512, 384)	testing
16	lr	f	19	3	circle	none	dif	vert	up	N_dis	(415, 287)	True	192895	193797	up	(512, 384)	testing
16	lr	f	19	3	diamond	none	dif	hori	left	N_dis	(512, 520)	True	194949	195714	left	(512, 384)	testing
16	lr	f	19	3	diamond	red	same	hori	left	(512, 248)	(376, 384)	True	196750	197636	left	(512, 384)	testing
16	lr	f	19	3	circle	none	same	vert	up	N_dis	(512, 248)	True	198845	200508	up	(512, 384)	testing
16	lr	f	19	3	diamond	green	same	hori	left	(512, 248)	(415, 480)	True	201648	203531	left	(512, 384)	testing
16	lr	f	19	3	circle	red	same	vert	up	(512, 248)	(415, 287)	True	204636	207227	up	(512, 384)	testing
16	lr	f	19	3	circle	green	same	vert	up	(512, 248)	(608, 287)	True	208250	209440	up	(512, 384)	testing
16	lr	f	19	3	diamond	green	same	hori	left	(512, 248)	(648, 384)	True	210663	211628	left	(512, 384)	testing
16	lr	f	19	3	circle	green	dif	hori	left	(512, 248)	(608, 287)	True	212882	214166	left	(512, 384)	testing
16	lr	f	19	3	circle	green	same	hori	left	(512, 248)	(415, 480)	True	215392	216707	left	(512, 384)	testing
16	lr	f	19	3	diamond	red	same	vert	up	(512, 248)	(608, 287)	True	217798	219633	up	(512, 384)	testing
16	lr	f	19	3	diamond	none	same	hori	left	N_dis	(608, 480)	True	220734	221546	left	(512, 384)	testing
16	lr	f	19	3	circle	green	same	hori	left	(512, 248)	(376, 384)	True	222664	224030	left	(512, 384)	testing
16	lr	f	19	3	circle	green	dif	vert	up	(415, 480)	(608, 480)	True	225058	225952	up	(512, 384)	testing
16	lr	f	19	3	circle	none	same	hori	left	N_dis	(376, 384)	True	227156	227914	left	(512, 384)	testing
16	lr	f	19	3	circle	none	same	hori	left	N_dis	(376, 384)	True	228968	230166	left	(512, 384)	testing
16	lr	f	19	3	circle	green	same	vert	up	(512, 248)	(415, 287)	True	231373	232942	up	(512, 384)	testing
16	lr	f	19	3	diamond	none	dif	hori	left	N_dis	(512, 520)	True	234129	235016	left	(512, 384)	testing
16	lr	f	19	3	diamond	green	same	hori	left	(512, 248)	(415, 287)	True	236221	238873	left	(512, 384)	testing
16	lr	f	19	3	circle	none	dif	vert	up	N_dis	(415, 480)	True	239904	240933	up	(512, 384)	testing
16	lr	f	19	3	circle	red	dif	hori	left	(512, 248)	(608, 480)	True	241955	242759	left	(512, 384)	testing
16	lr	f	19	3	circle	none	dif	vert	up	N_dis	(415, 480)	True	243885	244644	up	(512, 384)	testing
16	lr	f	19	3	diamond	red	dif	vert	up	(512, 248)	(415, 287)	True	245842	246823	up	(512, 384)	testing
16	lr	f	19	3	diamond	none	same	hori	left	N_dis	(608, 287)	True	247999	248708	left	(512, 384)	testing
16	lr	f	19	3	diamond	red	same	vert	up	(512, 248)	(608, 287)	True	249883	251529	up	(512, 384)	testing
16	lr	f	19	3	diamond	green	dif	hori	left	(512, 520)	(376, 384)	True	252798	253807	left	(512, 384)	testing
16	lr	f	19	3	diamond	green	dif	vert	up	(608, 287)	(648, 384)	True	255030	256508	up	(512, 384)	testing
16	lr	f	19	3	circle	green	dif	vert	up	(608, 480)	(415, 287)	True	257757	258944	up	(512, 384)	testing
16	lr	f	19	3	diamond	red	dif	hori	left	(512, 248)	(415, 480)	True	260034	260956	left	(512, 384)	testing
16	lr	f	19	3	diamond	red	dif	hori	left	(376, 384)	(608, 287)	True	262063	263157	left	(512, 384)	testing
16	lr	f	19	3	circle	red	dif	vert	up	(512, 248)	(512, 520)	True	264393	265213	up	(512, 384)	testing
16	lr	f	19	3	diamond	green	same	vert	up	(512, 248)	(512, 520)	True	266290	267064	up	(512, 384)	testing
16	lr	f	19	3	diamond	red	same	hori	left	(648, 384)	(376, 384)	True	268276	269522	left	(512, 384)	testing
16	lr	f	19	3	diamond	none	same	vert	up	N_dis	(648, 384)	True	270563	271333	up	(512, 384)	testing
16	lr	f	19	3	circle	red	same	vert	up	(512, 248)	(376, 384)	True	272382	274084	up	(512, 384)	testing
16	lr	f	19	3	diamond	none	same	vert	up	N_dis	(376, 384)	True	275175	276443	up	(512, 384)	testing
16	lr	f	19	3	circle	none	same	hori	left	N_dis	(648, 384)	True	277627	278885	left	(512, 384)	testing
16	lr	f	19	3	circle	red	same	hori	left	(512, 248)	(376, 384)	True	280123	281148	left	(512, 384)	testing
16	lr	f	19	3	diamond	red	dif	hori	left	(512, 248)	(415, 480)	True	282255	283779	left	(512, 384)	testing
16	lr	f	19	3	circle	red	same	vert	up	(512, 248)	(512, 520)	True	284827	286338	up	(512, 384)	testing
16	lr	f	19	3	circle	red	same	hori	left	(512, 248)	(415, 480)	True	287592	288425	left	(512, 384)	testing
16	lr	f	19	3	circle	none	dif	hori	left	N_dis	(512, 248)	True	289666	291118	left	(512, 384)	testing
16	lr	f	19	3	circle	red	dif	vert	up	(512, 248)	(415, 287)	True	292294	294383	up	(512, 384)	testing
16	lr	f	19	3	circle	green	dif	hori	left	(376, 384)	(415, 480)	True	295624	296801	left	(512, 384)	testing
16	lr	f	19	3	diamond	red	dif	hori	left	(648, 384)	(512, 520)	True	298071	299193	left	(512, 384)	testing
16	lr	f	19	3	diamond	none	same	vert	up	N_dis	(608, 480)	True	300255	301170	up	(512, 384)	testing
16	lr	f	19	3	circle	none	dif	hori	left	N_dis	(512, 248)	True	302318	303126	left	(512, 384)	testing
16	lr	f	19	3	diamond	green	same	vert	up	(415, 480)	(512, 520)	True	304202	305601	up	(512, 384)	testing
16	lr	f	19	3	circle	none	same	vert	up	N_dis	(512, 520)	True	306657	307903	up	(512, 384)	testing
16	lr	f	19	3	diamond	red	same	vert	up	(512, 248)	(512, 520)	True	309073	310856	up	(512, 384)	testing
16	lr	f	19	3	circle	green	dif	vert	up	(608, 287)	(608, 480)	True	311929	313322	up	(512, 384)	testing
16	lr	f	19	3	diamond	none	dif	hori	left	N_dis	(648, 384)	True	314462	315475	left	(512, 384)	testing
16	lr	f	19	3	circle	none	dif	vert	up	N_dis	(512, 248)	True	316641	317534	up	(512, 384)	testing
16	lr	f	19	3	diamond	green	same	hori	left	(512, 248)	(512, 520)	True	318695	320585	left	(512, 384)	testing
16	lr	f	19	3	circle	green	same	vert	up	(608, 287)	(648, 384)	True	321649	322801	up	(512, 384)	testing
16	lr	f	19	3	circle	none	dif	vert	up	N_dis	(648, 384)	True	323834	324660	up	(512, 384)	testing
16	lr	f	19	3	circle	red	same	hori	left	(512, 248)	(608, 287)	True	325860	327112	left	(512, 384)	testing
16	lr	f	19	3	circle	green	same	hori	left	(512, 248)	(512, 520)	True	328244	329194	left	(512, 384)	testing
16	lr	f	19	3	diamond	none	same	hori	left	N_dis	(415, 287)	True	330247	331369	left	(512, 384)	testing
16	lr	f	19	3	circle	none	dif	hori	left	N_dis	(608, 480)	True	332511	333374	left	(512, 384)	testing
16	lr	f	19	3	diamond	none	same	hori	left	N_dis	(376, 384)	True	334620	335993	left	(512, 384)	testing
