subj	name	gender	age	runNum	shape	dist	td_dif	resp	resp_key	d_loc	t_loc	gotKey	startTime	respTime	resp	fix_loc	prac
16	lr	f	19	7	diamond	red	dif	hori	left	(608, 480)	(648, 384)	True	55026	55969	left	(512, 384)	testing
16	lr	f	19	7	circle	none	dif	hori	left	N_dis	(608, 287)	True	57239	58141	left	(512, 384)	testing
16	lr	f	19	7	circle	green	same	hori	left	(648, 384)	(376, 384)	True	59277	60113	left	(512, 384)	testing
16	lr	f	19	7	diamond	red	same	hori	left	(415, 480)	(512, 248)	True	61139	62457	left	(512, 384)	testing
16	lr	f	19	7	diamond	red	same	hori	left	(415, 480)	(415, 287)	True	63518	64729	left	(512, 384)	testing
16	lr	f	19	7	circle	red	same	hori	left	(415, 480)	(376, 384)	True	65782	66640	left	(512, 384)	testing
16	lr	f	19	7	diamond	none	same	hori	left	N_dis	(415, 480)	True	67729	68567	left	(512, 384)	testing
16	lr	f	19	7	diamond	green	dif	vert	up	(415, 480)	(648, 384)	True	69667	70619	up	(512, 384)	testing
16	lr	f	19	7	diamond	none	same	vert	up	N_dis	(512, 248)	True	71880	72915	up	(512, 384)	testing
16	lr	f	19	7	circle	green	same	hori	left	(415, 480)	(512, 248)	True	74043	75335	left	(512, 384)	testing
16	lr	f	19	7	circle	green	same	vert	up	(415, 480)	(608, 287)	True	76579	77408	up	(512, 384)	testing
16	lr	f	19	7	diamond	red	dif	hori	left	(415, 480)	(512, 520)	True	78669	80300	left	(512, 384)	testing
16	lr	f	19	7	diamond	green	dif	vert	up	(608, 480)	(648, 384)	True	81353	82227	up	(512, 384)	testing
16	lr	f	19	7	circle	none	same	vert	up	N_dis	(512, 520)	True	83262	84109	up	(512, 384)	testing
16	lr	f	19	7	circle	red	same	vert	up	(415, 480)	(512, 248)	True	85194	86233	up	(512, 384)	testing
16	lr	f	19	7	diamond	none	dif	hori	left	N_dis	(376, 384)	True	87294	88123	left	(512, 384)	testing
16	lr	f	19	7	diamond	none	same	hori	left	N_dis	(512, 248)	True	89284	90233	left	(512, 384)	testing
16	lr	f	19	7	circle	none	dif	vert	up	N_dis	(608, 480)	True	91403	92810	up	(512, 384)	testing
16	lr	f	19	7	diamond	red	dif	hori	left	(415, 480)	(376, 384)	True	93936	95117	left	(512, 384)	testing
16	lr	f	19	7	diamond	red	dif	vert	up	(415, 480)	(608, 287)	True	96306	97669	up	(512, 384)	testing
16	lr	f	19	7	circle	red	dif	hori	left	(415, 287)	(376, 384)	True	98804	99873	left	(512, 384)	testing
16	lr	f	19	7	circle	green	same	hori	left	(512, 520)	(512, 248)	True	100919	102016	left	(512, 384)	testing
16	lr	f	19	7	diamond	green	same	vert	up	(648, 384)	(608, 287)	True	103189	104557	up	(512, 384)	testing
16	lr	f	19	7	circle	none	same	hori	left	N_dis	(415, 287)	True	105767	106535	left	(512, 384)	testing
16	lr	f	19	7	diamond	green	same	vert	up	(376, 384)	(648, 384)	True	107592	108691	up	(512, 384)	testing
16	lr	f	19	7	diamond	none	same	vert	up	N_dis	(415, 480)	True	109781	110952	up	(512, 384)	testing
16	lr	f	19	7	diamond	green	same	vert	up	(415, 480)	(648, 384)	True	112159	113075	up	(512, 384)	testing
16	lr	f	19	7	diamond	red	dif	vert	up	(376, 384)	(648, 384)	True	114313	115125	up	(512, 384)	testing
16	lr	f	19	7	circle	green	dif	hori	left	(648, 384)	(608, 480)	True	116238	117364	left	(512, 384)	testing
16	lr	f	19	7	diamond	none	same	vert	up	N_dis	(608, 480)	True	118627	119747	up	(512, 384)	testing
16	lr	f	19	7	diamond	red	dif	hori	left	(415, 480)	(415, 287)	True	120975	121740	left	(512, 384)	testing
16	lr	f	19	7	diamond	green	dif	vert	up	(376, 384)	(648, 384)	True	122999	124072	up	(512, 384)	testing
16	lr	f	19	7	diamond	none	dif	vert	up	N_dis	(415, 287)	True	125133	126068	up	(512, 384)	testing
16	lr	f	19	7	diamond	red	same	hori	left	(512, 520)	(608, 480)	True	127227	128779	left	(512, 384)	testing
16	lr	f	19	7	circle	red	same	hori	left	(415, 480)	(648, 384)	True	129961	131194	left	(512, 384)	testing
16	lr	f	19	7	diamond	none	dif	vert	up	N_dis	(376, 384)	True	132310	133401	up	(512, 384)	testing
16	lr	f	19	7	diamond	green	dif	vert	up	(512, 248)	(608, 480)	True	134671	135724	up	(512, 384)	testing
16	lr	f	19	7	circle	green	same	hori	left	(415, 480)	(512, 520)	True	136899	137955	left	(512, 384)	testing
16	lr	f	19	7	circle	red	dif	vert	up	(415, 480)	(512, 520)	True	139135	140112	up	(512, 384)	testing
16	lr	f	19	7	circle	none	same	vert	up	N_dis	(512, 520)	True	141158	142096	up	(512, 384)	testing
16	lr	f	19	7	circle	none	same	hori	left	N_dis	(648, 384)	True	143338	144077	left	(512, 384)	testing
16	lr	f	19	7	circle	none	dif	vert	up	N_dis	(512, 520)	True	145129	145960	up	(512, 384)	testing
16	lr	f	19	7	diamond	none	same	vert	up	N_dis	(608, 287)	True	146989	148608	up	(512, 384)	testing
16	lr	f	19	7	diamond	none	same	vert	up	N_dis	(512, 248)	True	149657	151014	up	(512, 384)	testing
16	lr	f	19	7	diamond	green	same	vert	up	(608, 480)	(648, 384)	True	152274	153875	up	(512, 384)	testing
16	lr	f	19	7	diamond	green	dif	hori	left	(415, 480)	(648, 384)	True	154972	155824	left	(512, 384)	testing
16	lr	f	19	7	circle	red	dif	hori	left	(415, 287)	(608, 480)	True	156947	158156	left	(512, 384)	testing
16	lr	f	19	7	circle	none	dif	hori	left	N_dis	(376, 384)	True	159284	160163	left	(512, 384)	testing
16	lr	f	19	7	circle	none	dif	vert	up	N_dis	(415, 287)	True	161425	162319	up	(512, 384)	testing
16	lr	f	19	7	circle	red	dif	hori	left	(415, 480)	(376, 384)	True	163504	164406	left	(512, 384)	testing
16	lr	f	19	7	circle	red	dif	hori	left	(648, 384)	(608, 287)	True	165479	166729	left	(512, 384)	testing
16	lr	f	19	7	circle	red	same	hori	left	(415, 480)	(608, 287)	True	167766	168625	left	(512, 384)	testing
16	lr	f	19	7	circle	green	same	vert	up	(512, 520)	(415, 287)	True	169868	170873	up	(512, 384)	testing
16	lr	f	19	7	diamond	red	same	vert	up	(415, 480)	(608, 480)	True	172125	173336	up	(512, 384)	testing
16	lr	f	19	7	circle	red	dif	vert	up	(415, 480)	(512, 520)	True	174434	176013	up	(512, 384)	testing
16	lr	f	19	7	circle	green	dif	hori	left	(415, 480)	(415, 287)	True	177209	178020	left	(512, 384)	testing
16	lr	f	19	7	circle	none	dif	vert	up	N_dis	(415, 480)	True	179225	180113	up	(512, 384)	testing
16	lr	f	19	7	diamond	green	dif	hori	left	(415, 480)	(608, 287)	True	181206	181916	left	(512, 384)	testing
16	lr	f	19	7	circle	none	same	hori	left	N_dis	(512, 248)	True	183031	184859	left	(512, 384)	testing
16	lr	f	19	7	diamond	none	dif	hori	left	N_dis	(608, 287)	True	186052	187174	left	(512, 384)	testing
16	lr	f	19	7	circle	green	dif	vert	up	(415, 480)	(608, 287)	True	188365	189126	up	(512, 384)	testing
16	lr	f	19	7	circle	none	dif	hori	left	N_dis	(512, 248)	True	190337	191305	left	(512, 384)	testing
16	lr	f	19	7	diamond	green	dif	hori	left	(512, 520)	(415, 287)	True	192409	193213	left	(512, 384)	testing
16	lr	f	19	7	circle	green	dif	vert	up	(512, 248)	(376, 384)	True	194481	195673	up	(512, 384)	testing
16	lr	f	19	7	diamond	none	same	hori	left	N_dis	(376, 384)	True	196931	198331	left	(512, 384)	testing
16	lr	f	19	7	circle	green	dif	hori	left	(376, 384)	(648, 384)	True	199484	201048	left	(512, 384)	testing
16	lr	f	19	7	circle	red	same	vert	up	(415, 480)	(512, 248)	True	202299	203666	up	(512, 384)	testing
16	lr	f	19	7	circle	none	dif	hori	left	N_dis	(648, 384)	True	204736	205656	left	(512, 384)	testing
16	lr	f	19	7	diamond	red	same	hori	left	(415, 480)	(608, 287)	True	206898	207612	left	(512, 384)	testing
16	lr	f	19	7	circle	red	dif	vert	up	(415, 480)	(512, 520)	True	208801	210478	up	(512, 384)	testing
16	lr	f	19	7	circle	red	same	vert	up	(415, 480)	(512, 248)	True	211714	212787	up	(512, 384)	testing
16	lr	f	19	7	circle	green	dif	vert	up	(415, 480)	(512, 520)	True	214000	215854	up	(512, 384)	testing
16	lr	f	19	7	circle	none	same	hori	left	N_dis	(415, 480)	True	216968	217751	left	(512, 384)	testing
16	lr	f	19	7	circle	red	same	vert	up	(415, 480)	(608, 287)	True	218974	219759	up	(512, 384)	testing
16	lr	f	19	7	circle	red	same	hori	left	(512, 248)	(415, 287)	True	220888	221680	left	(512, 384)	testing
16	lr	f	19	7	diamond	green	same	vert	up	(415, 480)	(376, 384)	True	222813	223962	up	(512, 384)	testing
16	lr	f	19	7	circle	red	dif	vert	up	(415, 480)	(415, 287)	True	225056	225812	up	(512, 384)	testing
16	lr	f	19	7	diamond	red	same	vert	up	(608, 287)	(376, 384)	True	227036	228238	up	(512, 384)	testing
16	lr	f	19	7	diamond	red	same	vert	up	(415, 480)	(608, 480)	True	229360	230245	up	(512, 384)	testing
16	lr	f	19	7	diamond	none	dif	hori	left	N_dis	(512, 520)	True	231287	232632	left	(512, 384)	testing
16	lr	f	19	7	diamond	green	same	hori	left	(415, 480)	(415, 287)	True	233836	235732	left	(512, 384)	testing
16	lr	f	19	7	circle	green	dif	hori	left	(415, 480)	(415, 287)	True	236998	238390	left	(512, 384)	testing
16	lr	f	19	7	circle	green	same	vert	up	(415, 480)	(512, 248)	True	239476	241087	up	(512, 384)	testing
16	lr	f	19	7	diamond	none	dif	vert	up	N_dis	(608, 287)	True	242309	244201	up	(512, 384)	testing
16	lr	f	19	7	diamond	red	dif	vert	up	(608, 287)	(608, 480)	True	245288	246505	up	(512, 384)	testing
16	lr	f	19	7	circle	none	same	vert	up	N_dis	(608, 480)	True	247769	248826	up	(512, 384)	testing
16	lr	f	19	7	diamond	green	same	hori	left	(415, 480)	(608, 480)	True	249880	251210	left	(512, 384)	testing
16	lr	f	19	7	diamond	red	same	hori	left	(415, 480)	(608, 287)	True	252297	253457	left	(512, 384)	testing
16	lr	f	19	7	diamond	none	dif	vert	up	N_dis	(608, 480)	True	254702	255465	up	(512, 384)	testing
16	lr	f	19	7	circle	none	same	vert	up	N_dis	(608, 480)	True	256596	257697	up	(512, 384)	testing
16	lr	f	19	7	diamond	red	dif	vert	up	(415, 480)	(415, 287)	True	258889	260099	up	(512, 384)	testing
16	lr	f	19	7	circle	red	dif	hori	left	(415, 480)	(608, 480)	True	261259	262026	left	(512, 384)	testing
16	lr	f	19	7	diamond	green	dif	hori	left	(415, 480)	(512, 520)	True	263167	264073	left	(512, 384)	testing
16	lr	f	19	7	circle	green	same	vert	up	(415, 480)	(376, 384)	True	265169	266240	up	(512, 384)	testing
16	lr	f	19	7	diamond	green	dif	vert	up	(415, 480)	(648, 384)	True	267446	268244	up	(512, 384)	testing
16	lr	f	19	7	diamond	red	dif	hori	left	(415, 480)	(512, 248)	True	269269	269985	left	(512, 384)	testing
16	lr	f	19	7	diamond	green	same	hori	left	(415, 480)	(376, 384)	True	271190	272185	left	(512, 384)	testing
16	lr	f	19	7	diamond	none	dif	vert	up	N_dis	(648, 384)	True	273433	274478	up	(512, 384)	testing
16	lr	f	19	7	circle	green	dif	vert	up	(415, 480)	(608, 480)	True	275561	277116	up	(512, 384)	testing
16	lr	f	19	7	circle	none	same	vert	up	N_dis	(608, 287)	True	278215	279431	up	(512, 384)	testing
16	lr	f	19	7	diamond	green	same	hori	left	(415, 287)	(648, 384)	True	280593	281309	left	(512, 384)	testing
16	lr	f	19	7	diamond	none	same	hori	left	N_dis	(376, 384)	True	282416	283194	left	(512, 384)	testing
16	lr	f	19	7	circle	red	same	vert	up	(415, 480)	(608, 287)	True	284238	285000	up	(512, 384)	testing
16	lr	f	19	7	diamond	none	dif	hori	left	N_dis	(648, 384)	True	286192	286987	left	(512, 384)	testing
16	lr	f	19	7	circle	green	same	vert	up	(415, 480)	(648, 384)	True	288248	288946	up	(512, 384)	testing
16	lr	f	19	7	circle	green	dif	hori	left	(415, 287)	(376, 384)	True	290048	290993	left	(512, 384)	testing
16	lr	f	19	7	circle	none	dif	hori	left	N_dis	(512, 520)	True	292077	293150	left	(512, 384)	testing
16	lr	f	19	7	circle	red	dif	vert	up	(608, 287)	(512, 248)	True	294265	295300	up	(512, 384)	testing
16	lr	f	19	7	circle	green	same	hori	left	(415, 480)	(608, 480)	True	296352	297458	left	(512, 384)	testing
16	lr	f	19	7	diamond	none	dif	hori	left	N_dis	(648, 384)	True	298644	299905	left	(512, 384)	testing
16	lr	f	19	7	circle	red	same	hori	left	(608, 480)	(376, 384)	True	300939	302059	left	(512, 384)	testing
16	lr	f	19	7	diamond	red	same	vert	up	(608, 287)	(512, 520)	True	303333	304852	up	(512, 384)	testing
16	lr	f	19	7	diamond	green	same	hori	left	(512, 248)	(512, 520)	True	305907	307006	left	(512, 384)	testing
16	lr	f	19	7	circle	none	same	hori	left	N_dis	(415, 287)	True	308170	309961	left	(512, 384)	testing
16	lr	f	19	7	diamond	none	same	hori	left	N_dis	(415, 480)	True	311220	312740	left	(512, 384)	testing
16	lr	f	19	7	diamond	red	same	vert	up	(415, 480)	(608, 287)	True	313988	315001	up	(512, 384)	testing
16	lr	f	19	7	diamond	green	dif	hori	left	(415, 480)	(608, 480)	True	316091	316909	left	(512, 384)	testing
16	lr	f	19	7	diamond	red	dif	vert	up	(415, 480)	(648, 384)	True	318082	319386	up	(512, 384)	testing
16	lr	f	19	7	circle	none	dif	vert	up	N_dis	(415, 287)	True	320635	321696	up	(512, 384)	testing
16	lr	f	19	7	circle	green	dif	vert	up	(415, 480)	(376, 384)	True	322945	324905	up	(512, 384)	testing
