subj	name	gender	age	runNum	shape	dist	td_dif	resp	resp_key	d_loc	t_loc	gotKey	startTime	respTime	resp	fix_loc	prac
16	lr	f	19	10	circle	none	same	vert	up	N_dis	(376, 384)	True	11905	12630	up	(512, 384)	testing
16	lr	f	19	10	diamond	none	same	vert	up	N_dis	(608, 480)	True	13846	14902	up	(512, 384)	testing
16	lr	f	19	10	diamond	red	same	vert	up	(608, 480)	(648, 384)	True	15936	17011	up	(512, 384)	testing
16	lr	f	19	10	diamond	none	same	hori	left	N_dis	(512, 248)	True	18109	18925	left	(512, 384)	testing
16	lr	f	19	10	diamond	green	dif	hori	left	(415, 480)	(608, 480)	True	20166	20924	left	(512, 384)	testing
16	lr	f	19	10	diamond	none	dif	vert	up	N_dis	(512, 520)	True	22035	22891	up	(512, 384)	testing
16	lr	f	19	10	circle	red	same	hori	left	(608, 480)	(648, 384)	True	24076	24835	left	(512, 384)	testing
16	lr	f	19	10	diamond	green	dif	hori	left	(415, 480)	(608, 480)	True	25880	27202	left	(512, 384)	testing
16	lr	f	19	10	circle	none	same	hori	left	N_dis	(608, 287)	True	28416	29123	left	(512, 384)	testing
16	lr	f	19	10	circle	green	same	hori	left	(415, 480)	(648, 384)	True	30338	31025	left	(512, 384)	testing
16	lr	f	19	10	circle	red	same	vert	up	(415, 480)	(608, 287)	True	32149	32814	up	(512, 384)	testing
16	lr	f	19	10	diamond	red	same	vert	up	(608, 287)	(512, 520)	True	34030	34915	up	(512, 384)	testing
16	lr	f	19	10	circle	none	dif	vert	up	N_dis	(608, 287)	True	36170	36922	up	(512, 384)	testing
16	lr	f	19	10	diamond	red	dif	vert	up	(415, 480)	(512, 248)	True	38147	38883	up	(512, 384)	testing
16	lr	f	19	10	circle	red	dif	vert	up	(415, 480)	(376, 384)	True	40113	41221	up	(512, 384)	testing
16	lr	f	19	10	diamond	none	dif	vert	up	N_dis	(648, 384)	True	42355	43019	up	(512, 384)	testing
16	lr	f	19	10	circle	green	dif	hori	left	(376, 384)	(415, 287)	True	44152	44998	left	(512, 384)	testing
16	lr	f	19	10	diamond	green	same	vert	up	(415, 480)	(648, 384)	True	46121	47065	up	(512, 384)	testing
16	lr	f	19	10	diamond	red	dif	vert	up	(376, 384)	(648, 384)	True	48177	49441	up	(512, 384)	testing
16	lr	f	19	10	diamond	green	dif	vert	up	(648, 384)	(608, 480)	True	50663	51924	up	(512, 384)	testing
16	lr	f	19	10	circle	none	same	vert	up	N_dis	(512, 248)	True	53169	53917	up	(512, 384)	testing
16	lr	f	19	10	diamond	none	dif	hori	left	N_dis	(512, 248)	True	55009	55810	left	(512, 384)	testing
16	lr	f	19	10	circle	green	same	hori	left	(415, 480)	(512, 520)	True	56927	57891	left	(512, 384)	testing
16	lr	f	19	10	circle	green	dif	hori	left	(415, 480)	(512, 248)	True	58999	60305	left	(512, 384)	testing
16	lr	f	19	10	diamond	red	dif	hori	left	(512, 248)	(648, 384)	True	61527	62258	left	(512, 384)	testing
16	lr	f	19	10	circle	none	dif	hori	left	N_dis	(608, 480)	True	63452	64215	left	(512, 384)	testing
16	lr	f	19	10	diamond	green	dif	hori	left	(415, 480)	(608, 287)	True	65354	66147	left	(512, 384)	testing
16	lr	f	19	10	circle	red	dif	hori	left	(415, 480)	(415, 287)	True	67344	68181	left	(512, 384)	testing
16	lr	f	19	10	circle	none	dif	hori	left	N_dis	(608, 287)	True	69268	69886	left	(512, 384)	testing
16	lr	f	19	10	circle	red	same	vert	up	(415, 480)	(608, 287)	True	71028	72029	up	(512, 384)	testing
16	lr	f	19	10	circle	none	same	vert	up	N_dis	(415, 287)	True	73179	73943	up	(512, 384)	testing
16	lr	f	19	10	circle	green	dif	hori	left	(512, 248)	(648, 384)	True	75107	75799	left	(512, 384)	testing
16	lr	f	19	10	circle	none	dif	hori	left	N_dis	(512, 520)	True	76958	77652	left	(512, 384)	testing
16	lr	f	19	10	circle	red	dif	vert	up	(415, 480)	(512, 248)	True	78836	79768	up	(512, 384)	testing
16	lr	f	19	10	circle	none	same	hori	left	N_dis	(415, 287)	True	80966	81673	left	(512, 384)	testing
16	lr	f	19	10	circle	green	same	hori	left	(415, 480)	(608, 287)	True	82796	83506	left	(512, 384)	testing
16	lr	f	19	10	circle	green	dif	vert	up	(415, 480)	(415, 287)	True	84623	85322	up	(512, 384)	testing
16	lr	f	19	10	diamond	red	dif	vert	up	(415, 480)	(415, 287)	True	86535	87315	up	(512, 384)	testing
16	lr	f	19	10	diamond	green	dif	vert	up	(415, 480)	(376, 384)	True	88374	89180	up	(512, 384)	testing
16	lr	f	19	10	circle	red	same	vert	up	(415, 287)	(608, 480)	True	90250	91060	up	(512, 384)	testing
16	lr	f	19	10	diamond	green	same	hori	left	(648, 384)	(608, 480)	True	92198	92920	left	(512, 384)	testing
16	lr	f	19	10	diamond	green	same	hori	left	(512, 520)	(415, 287)	True	94105	94936	left	(512, 384)	testing
16	lr	f	19	10	diamond	red	dif	hori	left	(415, 480)	(648, 384)	True	96089	96929	left	(512, 384)	testing
16	lr	f	19	10	diamond	red	same	vert	up	(415, 480)	(608, 287)	True	98040	98788	up	(512, 384)	testing
16	lr	f	19	10	circle	red	dif	hori	left	(376, 384)	(415, 287)	True	99819	100846	left	(512, 384)	testing
16	lr	f	19	10	diamond	none	dif	hori	left	N_dis	(512, 248)	True	102103	103015	left	(512, 384)	testing
16	lr	f	19	10	diamond	red	dif	hori	left	(415, 287)	(376, 384)	True	104287	105234	left	(512, 384)	testing
16	lr	f	19	10	diamond	none	same	hori	left	N_dis	(376, 384)	True	106417	107190	left	(512, 384)	testing
16	lr	f	19	10	diamond	green	dif	hori	left	(512, 520)	(648, 384)	True	108435	109268	left	(512, 384)	testing
16	lr	f	19	10	diamond	green	same	vert	up	(415, 480)	(648, 384)	True	110462	111301	up	(512, 384)	testing
16	lr	f	19	10	diamond	none	same	vert	up	N_dis	(608, 287)	True	112418	113116	up	(512, 384)	testing
16	lr	f	19	10	circle	green	same	vert	up	(415, 480)	(608, 287)	True	114200	114925	up	(512, 384)	testing
16	lr	f	19	10	diamond	green	same	hori	left	(415, 480)	(608, 287)	True	116002	116655	left	(512, 384)	testing
16	lr	f	19	10	circle	none	dif	vert	up	N_dis	(608, 480)	True	117730	118534	up	(512, 384)	testing
16	lr	f	19	10	circle	none	same	hori	left	N_dis	(415, 480)	True	119629	120361	left	(512, 384)	testing
16	lr	f	19	10	circle	none	dif	hori	left	N_dis	(648, 384)	True	121535	122157	left	(512, 384)	testing
16	lr	f	19	10	circle	green	dif	hori	left	(415, 480)	(415, 287)	True	123271	124488	left	(512, 384)	testing
16	lr	f	19	10	circle	red	dif	hori	left	(415, 480)	(376, 384)	True	125545	126344	left	(512, 384)	testing
16	lr	f	19	10	diamond	red	dif	vert	up	(608, 287)	(415, 287)	True	127495	128733	up	(512, 384)	testing
16	lr	f	19	10	diamond	green	dif	vert	up	(415, 480)	(415, 287)	True	129947	130940	up	(512, 384)	testing
16	lr	f	19	10	diamond	red	same	hori	left	(415, 480)	(608, 480)	True	132140	133089	left	(512, 384)	testing
16	lr	f	19	10	diamond	none	same	vert	up	N_dis	(512, 248)	True	134139	134772	up	(512, 384)	testing
16	lr	f	19	10	circle	red	same	hori	left	(648, 384)	(512, 248)	True	135972	136984	left	(512, 384)	testing
16	lr	f	19	10	circle	green	same	hori	left	(608, 480)	(512, 248)	True	138239	139542	left	(512, 384)	testing
16	lr	f	19	10	circle	red	same	hori	left	(415, 480)	(512, 248)	True	140695	141877	left	(512, 384)	testing
16	lr	f	19	10	diamond	red	same	hori	left	(608, 287)	(376, 384)	True	143097	144154	left	(512, 384)	testing
16	lr	f	19	10	circle	none	same	vert	up	N_dis	(608, 480)	True	145233	146013	up	(512, 384)	testing
16	lr	f	19	10	diamond	red	same	hori	left	(415, 480)	(648, 384)	True	147151	147865	left	(512, 384)	testing
16	lr	f	19	10	diamond	green	same	hori	left	(415, 480)	(512, 520)	True	148911	149935	up	(512, 384)	testing
16	lr	f	19	10	diamond	green	same	hori	left	(415, 480)	(376, 384)	True	152529	153396	left	(512, 384)	testing
16	lr	f	19	10	diamond	green	dif	hori	left	(415, 287)	(648, 384)	True	154577	155378	left	(512, 384)	testing
16	lr	f	19	10	circle	green	same	vert	up	(415, 287)	(648, 384)	True	156513	157542	up	(512, 384)	testing
16	lr	f	19	10	diamond	none	dif	hori	left	N_dis	(512, 520)	True	158593	159775	left	(512, 384)	testing
16	lr	f	19	10	circle	red	dif	vert	up	(415, 480)	(376, 384)	True	160826	161673	up	(512, 384)	testing
16	lr	f	19	10	circle	green	dif	vert	up	(415, 480)	(512, 520)	True	162813	163735	up	(512, 384)	testing
16	lr	f	19	10	diamond	green	same	vert	up	(415, 480)	(512, 520)	True	164874	165913	up	(512, 384)	testing
16	lr	f	19	10	diamond	red	same	hori	left	(415, 480)	(512, 520)	True	167068	167931	left	(512, 384)	testing
16	lr	f	19	10	circle	none	same	vert	up	N_dis	(415, 480)	True	169195	170632	up	(512, 384)	testing
16	lr	f	19	10	diamond	green	same	vert	up	(415, 480)	(512, 520)	True	171848	172918	up	(512, 384)	testing
16	lr	f	19	10	circle	red	dif	hori	left	(415, 480)	(512, 520)	True	174034	174885	left	(512, 384)	testing
16	lr	f	19	10	circle	none	dif	vert	up	N_dis	(376, 384)	True	176046	176984	up	(512, 384)	testing
16	lr	f	19	10	diamond	green	same	vert	up	(608, 287)	(376, 384)	True	178046	178999	up	(512, 384)	testing
16	lr	f	19	10	circle	green	dif	vert	up	(512, 520)	(376, 384)	True	180168	181482	up	(512, 384)	testing
16	lr	f	19	10	circle	red	same	vert	up	(512, 520)	(376, 384)	True	182572	183877	up	(512, 384)	testing
16	lr	f	19	10	circle	red	dif	hori	left	(415, 480)	(608, 480)	True	184909	185627	left	(512, 384)	testing
16	lr	f	19	10	circle	red	dif	vert	up	(415, 480)	(512, 248)	True	186854	188015	up	(512, 384)	testing
16	lr	f	19	10	diamond	none	same	vert	up	N_dis	(376, 384)	True	189262	190174	up	(512, 384)	testing
16	lr	f	19	10	diamond	none	dif	vert	up	N_dis	(648, 384)	True	191328	192043	up	(512, 384)	testing
16	lr	f	19	10	diamond	red	same	hori	left	(415, 480)	(512, 248)	True	193140	194165	left	(512, 384)	testing
16	lr	f	19	10	diamond	none	same	vert	up	N_dis	(648, 384)	True	195373	196152	up	(512, 384)	testing
16	lr	f	19	10	diamond	none	dif	hori	left	N_dis	(415, 287)	True	197239	197941	left	(512, 384)	testing
16	lr	f	19	10	circle	red	same	hori	left	(415, 480)	(376, 384)	True	199090	199914	left	(512, 384)	testing
16	lr	f	19	10	circle	green	dif	vert	up	(608, 480)	(648, 384)	True	201172	202380	up	(512, 384)	testing
16	lr	f	19	10	diamond	none	same	hori	left	N_dis	(648, 384)	True	203421	204112	left	(512, 384)	testing
16	lr	f	19	10	circle	green	dif	vert	up	(415, 480)	(648, 384)	True	205361	206077	up	(512, 384)	testing
16	lr	f	19	10	circle	green	dif	hori	left	(512, 248)	(376, 384)	True	207313	208393	left	(512, 384)	testing
16	lr	f	19	10	circle	red	same	vert	up	(415, 480)	(415, 287)	True	209662	210400	up	(512, 384)	testing
16	lr	f	19	10	circle	red	dif	vert	up	(415, 480)	(608, 480)	True	211465	212179	up	(512, 384)	testing
16	lr	f	19	10	circle	green	same	vert	up	(415, 480)	(415, 287)	True	213365	214375	up	(512, 384)	testing
16	lr	f	19	10	diamond	red	dif	hori	left	(648, 384)	(608, 287)	True	215642	216482	up	(512, 384)	testing
16	lr	f	19	10	diamond	red	same	vert	up	(415, 480)	(608, 480)	True	219218	220277	up	(512, 384)	testing
16	lr	f	19	10	circle	none	dif	hori	left	N_dis	(512, 520)	True	221417	222250	left	(512, 384)	testing
16	lr	f	19	10	diamond	red	dif	vert	up	(415, 480)	(648, 384)	True	223351	224197	up	(512, 384)	testing
16	lr	f	19	10	circle	green	same	hori	left	(376, 384)	(608, 287)	True	225263	226092	left	(512, 384)	testing
16	lr	f	19	10	diamond	green	dif	vert	up	(415, 480)	(512, 248)	True	227291	228049	up	(512, 384)	testing
16	lr	f	19	10	diamond	red	same	vert	up	(415, 480)	(608, 287)	True	229101	230253	up	(512, 384)	testing
16	lr	f	19	10	circle	red	same	hori	left	(415, 480)	(376, 384)	True	231412	232168	left	(512, 384)	testing
16	lr	f	19	10	diamond	none	dif	vert	up	N_dis	(376, 384)	True	233439	234325	up	(512, 384)	testing
16	lr	f	19	10	diamond	none	same	hori	left	N_dis	(608, 287)	True	235416	236168	left	(512, 384)	testing
16	lr	f	19	10	diamond	red	dif	hori	left	(415, 480)	(608, 287)	True	237257	238213	left	(512, 384)	testing
16	lr	f	19	10	circle	green	same	vert	up	(415, 480)	(608, 480)	True	239484	240500	up	(512, 384)	testing
16	lr	f	19	10	diamond	none	same	hori	left	N_dis	(415, 480)	True	241724	242564	left	(512, 384)	testing
16	lr	f	19	10	diamond	none	dif	vert	up	N_dis	(415, 480)	True	243635	244594	up	(512, 384)	testing
16	lr	f	19	10	circle	none	dif	vert	up	N_dis	(415, 287)	True	245730	246849	up	(512, 384)	testing
16	lr	f	19	10	circle	none	same	hori	left	N_dis	(512, 520)	True	248068	248870	left	(512, 384)	testing
16	lr	f	19	10	diamond	green	dif	vert	up	(415, 480)	(608, 287)	True	250135	250843	up	(512, 384)	testing
16	lr	f	19	10	circle	none	same	hori	left	N_dis	(415, 287)	True	251964	252705	left	(512, 384)	testing
16	lr	f	19	10	diamond	none	dif	hori	left	N_dis	(415, 480)	True	253860	254858	left	(512, 384)	testing
16	lr	f	19	10	circle	green	same	vert	up	(512, 248)	(512, 520)	True	255889	256894	up	(512, 384)	testing
16	lr	f	19	10	circle	none	dif	vert	up	N_dis	(608, 480)	True	258100	258912	up	(512, 384)	testing
conf	16	lr	f	19	10	2	4	2	6	8	space	None	None	None	None	True	298030	308928	6
