subj	name	gender	age	runNum	shape	dist	td_dif	resp	resp_key	d_loc	t_loc	gotKey	startTime	respTime	resp	fix_loc	prac
1	am	f	22	1	circle	green	same	hori	left	(648, 384)	(512, 520)	False	193101	None	None	(512, 384)	practice
1	am	f	22	1	circle	none	same	vert	up	N_dis	(415, 480)	True	198723	200055	up	(512, 384)	practice
1	am	f	22	1	diamond	none	same	hori	left	N_dis	(512, 248)	True	201132	202614	left	(512, 384)	practice
1	am	f	22	1	diamond	red	same	vert	up	(648, 384)	(376, 384)	True	203836	205237	up	(512, 384)	practice
1	am	f	22	1	diamond	none	same	hori	left	N_dis	(376, 384)	True	206367	208879	left	(512, 384)	practice
1	am	f	22	1	circle	red	same	vert	up	(648, 384)	(512, 248)	True	210075	212108	up	(512, 384)	practice
1	am	f	22	1	circle	none	same	vert	up	N_dis	(608, 480)	True	213186	214502	up	(512, 384)	practice
1	am	f	22	1	diamond	none	dif	hori	left	N_dis	(415, 287)	False	215558	None	None	(512, 384)	practice
1	am	f	22	1	diamond	none	dif	hori	left	N_dis	(608, 287)	True	221192	224034	left	(512, 384)	practice
1	am	f	22	1	diamond	none	dif	vert	up	N_dis	(415, 287)	True	225104	226816	up	(512, 384)	practice
1	am	f	22	1	diamond	none	same	vert	up	N_dis	(608, 480)	True	227860	229432	up	(512, 384)	practice
1	am	f	22	1	diamond	red	same	hori	left	(648, 384)	(415, 287)	True	230496	231569	left	(512, 384)	practice
1	am	f	22	1	circle	none	dif	hori	left	N_dis	(512, 520)	True	232816	234474	left	(512, 384)	practice
1	am	f	22	1	diamond	red	dif	hori	left	(648, 384)	(415, 287)	True	235698	236927	up	(512, 384)	practice
1	am	f	22	1	circle	red	dif	hori	left	(648, 384)	(512, 520)	True	239498	241248	left	(512, 384)	practice
1	am	f	22	1	diamond	red	same	vert	up	(648, 384)	(512, 520)	True	242485	243980	up	(512, 384)	practice
1	am	f	22	1	diamond	red	same	hori	left	(648, 384)	(415, 480)	True	245195	247496	left	(512, 384)	practice
1	am	f	22	1	diamond	none	dif	vert	up	N_dis	(415, 287)	True	248648	250441	up	(512, 384)	practice
1	am	f	22	1	circle	red	dif	vert	up	(648, 384)	(415, 480)	True	251529	253602	up	(512, 384)	practice
1	am	f	22	1	diamond	red	dif	hori	left	(648, 384)	(608, 480)	True	254714	256987	left	(512, 384)	practice
1	am	f	22	1	circle	red	same	vert	up	(648, 384)	(512, 520)	True	258065	260864	left	(512, 384)	practice
1	am	f	22	1	diamond	red	same	vert	up	(648, 384)	(415, 287)	True	263479	265491	up	(512, 384)	practice
1	am	f	22	1	circle	red	dif	vert	up	(648, 384)	(608, 480)	True	266531	268470	up	(512, 384)	practice
1	am	f	22	1	circle	none	dif	vert	up	N_dis	(376, 384)	True	269693	271082	up	(512, 384)	practice
1	am	f	22	1	circle	none	same	hori	left	N_dis	(608, 480)	True	272188	273435	left	(512, 384)	practice
1	am	f	22	1	circle	green	same	vert	up	(648, 384)	(376, 384)	True	274499	276519	up	(512, 384)	practice
1	am	f	22	1	circle	red	same	hori	left	(648, 384)	(512, 248)	True	277662	279911	left	(512, 384)	practice
1	am	f	22	1	diamond	green	dif	vert	up	(648, 384)	(608, 287)	True	281066	282830	left	(512, 384)	practice
1	am	f	22	1	diamond	red	same	hori	left	(648, 384)	(415, 480)	True	285463	287537	left	(512, 384)	practice
1	am	f	22	1	diamond	red	dif	hori	left	(648, 384)	(608, 480)	True	288626	290888	left	(512, 384)	practice
1	am	f	22	1	diamond	green	same	hori	left	(648, 384)	(376, 384)	True	291958	293770	left	(512, 384)	practice
1	am	f	22	1	diamond	none	dif	vert	up	N_dis	(608, 480)	True	295022	296484	up	(512, 384)	practice
1	am	f	22	1	circle	green	dif	vert	up	(648, 384)	(608, 480)	True	297662	299614	up	(512, 384)	practice
1	am	f	22	1	circle	green	dif	vert	up	(648, 384)	(512, 520)	True	300769	302624	up	(512, 384)	practice
1	am	f	22	1	diamond	none	same	hori	left	N_dis	(512, 248)	True	303713	305949	left	(512, 384)	practice
1	am	f	22	1	circle	none	dif	vert	up	N_dis	(415, 480)	True	307188	308834	up	(512, 384)	practice
1	am	f	22	1	circle	red	same	vert	up	(648, 384)	(376, 384)	True	310000	311336	up	(512, 384)	practice
1	am	f	22	1	diamond	none	dif	hori	left	N_dis	(415, 480)	True	312535	314752	left	(512, 384)	practice
1	am	f	22	1	circle	green	same	hori	left	(648, 384)	(608, 287)	True	315913	318410	left	(512, 384)	practice
1	am	f	22	1	diamond	green	dif	hori	left	(648, 384)	(608, 480)	True	319563	321790	left	(512, 384)	practice
1	am	f	22	1	circle	red	same	vert	up	(648, 384)	(376, 384)	True	375758	378052	up	(512, 384)	testing
1	am	f	22	1	circle	red	same	hori	left	(648, 384)	(512, 520)	True	379113	380909	left	(512, 384)	testing
1	am	f	22	1	circle	none	same	vert	up	N_dis	(608, 480)	True	382091	383580	up	(512, 384)	testing
1	am	f	22	1	diamond	none	same	hori	left	N_dis	(648, 384)	True	384604	386136	left	(512, 384)	testing
1	am	f	22	1	circle	green	dif	vert	up	(648, 384)	(608, 480)	True	387206	388588	up	(512, 384)	testing
1	am	f	22	1	diamond	none	same	vert	up	N_dis	(648, 384)	True	389747	391214	up	(512, 384)	testing
1	am	f	22	1	circle	red	dif	hori	left	(648, 384)	(608, 480)	True	392398	393719	left	(512, 384)	testing
1	am	f	22	1	diamond	none	same	hori	left	N_dis	(512, 248)	True	394896	396538	left	(512, 384)	testing
1	am	f	22	1	diamond	green	same	vert	up	(648, 384)	(608, 287)	True	397607	399573	up	(512, 384)	testing
1	am	f	22	1	circle	red	same	hori	left	(648, 384)	(376, 384)	True	400725	402228	left	(512, 384)	testing
1	am	f	22	1	diamond	red	same	hori	left	(648, 384)	(415, 480)	True	403301	404968	left	(512, 384)	testing
1	am	f	22	1	diamond	green	same	hori	left	(608, 287)	(415, 480)	True	406225	407401	left	(512, 384)	testing
1	am	f	22	1	diamond	green	dif	vert	up	(648, 384)	(415, 287)	True	408639	409894	up	(512, 384)	testing
1	am	f	22	1	circle	none	same	vert	up	N_dis	(608, 480)	True	411002	412651	up	(512, 384)	testing
1	am	f	22	1	circle	green	same	hori	left	(648, 384)	(415, 287)	True	413715	415115	left	(512, 384)	testing
1	am	f	22	1	circle	none	same	vert	up	N_dis	(415, 480)	True	416356	418162	up	(512, 384)	testing
1	am	f	22	1	circle	green	same	vert	up	(512, 248)	(608, 287)	True	419426	421095	up	(512, 384)	testing
1	am	f	22	1	diamond	green	same	vert	up	(648, 384)	(376, 384)	True	422129	423434	up	(512, 384)	testing
1	am	f	22	1	diamond	red	same	vert	up	(648, 384)	(376, 384)	True	424671	426498	up	(512, 384)	testing
1	am	f	22	1	circle	none	dif	vert	up	N_dis	(376, 384)	True	427679	428954	up	(512, 384)	testing
1	am	f	22	1	circle	red	same	vert	up	(512, 520)	(608, 480)	True	430035	432181	up	(512, 384)	testing
1	am	f	22	1	diamond	green	dif	hori	left	(648, 384)	(608, 287)	True	433412	435063	left	(512, 384)	testing
1	am	f	22	1	diamond	none	same	vert	up	N_dis	(608, 287)	True	436261	437749	up	(512, 384)	testing
1	am	f	22	1	diamond	green	dif	vert	up	(648, 384)	(608, 287)	True	438880	440974	up	(512, 384)	testing
1	am	f	22	1	circle	none	same	hori	left	N_dis	(512, 520)	True	442180	443643	left	(512, 384)	testing
1	am	f	22	1	circle	none	dif	hori	left	N_dis	(608, 287)	True	444706	446130	left	(512, 384)	testing
1	am	f	22	1	circle	green	same	hori	left	(648, 384)	(376, 384)	True	447344	449825	left	(512, 384)	testing
1	am	f	22	1	diamond	none	dif	hori	left	N_dis	(415, 480)	True	450856	452068	left	(512, 384)	testing
1	am	f	22	1	diamond	green	dif	hori	left	(512, 520)	(415, 480)	True	453248	454677	left	(512, 384)	testing
1	am	f	22	1	diamond	red	dif	hori	left	(648, 384)	(415, 287)	True	455726	457550	left	(512, 384)	testing
1	am	f	22	1	diamond	red	same	vert	up	(648, 384)	(415, 287)	True	458648	459815	up	(512, 384)	testing
1	am	f	22	1	diamond	none	dif	hori	left	N_dis	(415, 287)	True	461014	463146	left	(512, 384)	testing
1	am	f	22	1	diamond	red	same	hori	left	(376, 384)	(608, 287)	True	464288	465642	left	(512, 384)	testing
1	am	f	22	1	diamond	red	dif	vert	up	(415, 287)	(415, 480)	True	466905	468165	up	(512, 384)	testing
1	am	f	22	1	circle	none	dif	vert	up	N_dis	(376, 384)	True	469431	471212	up	(512, 384)	testing
1	am	f	22	1	diamond	green	dif	vert	up	(648, 384)	(608, 287)	True	472477	474402	up	(512, 384)	testing
1	am	f	22	1	diamond	green	same	vert	up	(415, 287)	(608, 480)	True	475526	476946	up	(512, 384)	testing
1	am	f	22	1	circle	red	dif	hori	left	(608, 480)	(415, 287)	True	478099	479401	left	(512, 384)	testing
1	am	f	22	1	diamond	none	same	vert	up	N_dis	(608, 480)	True	480551	481829	up	(512, 384)	testing
1	am	f	22	1	circle	green	same	vert	up	(648, 384)	(376, 384)	True	482969	485026	up	(512, 384)	testing
1	am	f	22	1	circle	none	same	vert	up	N_dis	(648, 384)	True	486229	487553	up	(512, 384)	testing
1	am	f	22	1	diamond	green	same	hori	left	(648, 384)	(376, 384)	True	488681	490378	left	(512, 384)	testing
1	am	f	22	1	circle	none	same	vert	up	N_dis	(512, 520)	True	491627	493641	up	(512, 384)	testing
1	am	f	22	1	diamond	red	dif	hori	left	(648, 384)	(608, 480)	True	494767	496336	left	(512, 384)	testing
1	am	f	22	1	circle	none	dif	vert	up	N_dis	(512, 248)	True	497482	499102	up	(512, 384)	testing
1	am	f	22	1	circle	none	dif	vert	up	N_dis	(415, 287)	True	500287	501628	up	(512, 384)	testing
1	am	f	22	1	diamond	red	same	hori	left	(648, 384)	(415, 287)	True	502686	503860	left	(512, 384)	testing
1	am	f	22	1	circle	green	same	hori	left	(648, 384)	(608, 287)	True	505131	507055	left	(512, 384)	testing
1	am	f	22	1	circle	green	dif	hori	left	(648, 384)	(512, 248)	True	508228	510065	left	(512, 384)	testing
1	am	f	22	1	circle	none	same	hori	left	N_dis	(376, 384)	True	511120	512514	left	(512, 384)	testing
1	am	f	22	1	circle	red	dif	vert	up	(415, 287)	(608, 480)	True	513621	515496	up	(512, 384)	testing
1	am	f	22	1	diamond	none	dif	vert	up	N_dis	(415, 287)	True	516739	518324	up	(512, 384)	testing
1	am	f	22	1	circle	red	same	hori	left	(648, 384)	(512, 248)	True	519455	521084	left	(512, 384)	testing
1	am	f	22	1	diamond	red	dif	vert	up	(415, 287)	(376, 384)	True	522121	524059	up	(512, 384)	testing
1	am	f	22	1	diamond	green	dif	hori	left	(608, 480)	(512, 248)	True	525184	526654	left	(512, 384)	testing
1	am	f	22	1	circle	red	same	vert	up	(648, 384)	(512, 248)	True	527736	529797	up	(512, 384)	testing
1	am	f	22	1	diamond	none	dif	vert	up	N_dis	(415, 287)	True	530873	532833	up	(512, 384)	testing
1	am	f	22	1	diamond	none	dif	hori	left	N_dis	(376, 384)	True	533899	535624	left	(512, 384)	testing
1	am	f	22	1	diamond	red	dif	hori	left	(648, 384)	(608, 480)	True	536812	538432	left	(512, 384)	testing
1	am	f	22	1	circle	none	same	hori	left	N_dis	(512, 520)	True	539680	541473	left	(512, 384)	testing
1	am	f	22	1	circle	green	dif	vert	up	(648, 384)	(512, 520)	True	542745	544480	up	(512, 384)	testing
1	am	f	22	1	circle	red	same	vert	up	(648, 384)	(512, 520)	True	545567	547101	up	(512, 384)	testing
1	am	f	22	1	diamond	none	same	hori	left	N_dis	(512, 248)	True	548130	549537	left	(512, 384)	testing
1	am	f	22	1	circle	red	same	hori	left	(608, 287)	(512, 520)	True	550702	552987	left	(512, 384)	testing
1	am	f	22	1	diamond	red	dif	vert	up	(648, 384)	(608, 480)	True	554220	556179	up	(512, 384)	testing
1	am	f	22	1	diamond	red	same	hori	left	(648, 384)	(512, 248)	True	557235	558586	left	(512, 384)	testing
1	am	f	22	1	circle	red	dif	vert	up	(648, 384)	(415, 480)	True	559806	561062	up	(512, 384)	testing
1	am	f	22	1	circle	none	same	hori	left	N_dis	(608, 480)	True	562143	563097	left	(512, 384)	testing
1	am	f	22	1	diamond	green	same	hori	left	(648, 384)	(376, 384)	True	564335	566340	left	(512, 384)	testing
1	am	f	22	1	diamond	none	dif	vert	up	N_dis	(608, 287)	True	567610	569017	up	(512, 384)	testing
1	am	f	22	1	diamond	none	dif	hori	left	N_dis	(415, 480)	True	570207	571285	left	(512, 384)	testing
1	am	f	22	1	circle	none	dif	vert	up	N_dis	(415, 480)	True	572450	573641	up	(512, 384)	testing
1	am	f	22	1	circle	red	dif	hori	left	(512, 248)	(376, 384)	True	574808	576517	left	(512, 384)	testing
1	am	f	22	1	diamond	green	same	vert	up	(648, 384)	(512, 248)	True	577646	579322	up	(512, 384)	testing
1	am	f	22	1	diamond	none	same	hori	left	N_dis	(376, 384)	True	580384	582392	left	(512, 384)	testing
1	am	f	22	1	diamond	green	same	hori	left	(376, 384)	(415, 480)	True	583574	585467	left	(512, 384)	testing
1	am	f	22	1	diamond	red	same	vert	up	(648, 384)	(512, 520)	True	586656	588108	up	(512, 384)	testing
1	am	f	22	1	circle	red	dif	vert	up	(648, 384)	(608, 480)	True	589244	590654	up	(512, 384)	testing
1	am	f	22	1	circle	red	same	hori	left	(648, 384)	(512, 248)	True	591853	593389	left	(512, 384)	testing
1	am	f	22	1	diamond	green	dif	vert	up	(512, 248)	(608, 480)	True	594527	596219	up	(512, 384)	testing
1	am	f	22	1	diamond	red	dif	hori	left	(415, 480)	(608, 287)	True	597347	598425	left	(512, 384)	testing
1	am	f	22	1	diamond	none	same	vert	up	N_dis	(512, 248)	True	599448	600744	up	(512, 384)	testing
1	am	f	22	1	circle	none	same	hori	left	N_dis	(648, 384)	True	601787	603015	left	(512, 384)	testing
1	am	f	22	1	diamond	red	same	vert	up	(648, 384)	(376, 384)	True	604077	606243	up	(512, 384)	testing
1	am	f	22	1	diamond	green	same	vert	up	(608, 287)	(415, 480)	True	607508	608858	up	(512, 384)	testing
1	am	f	22	1	circle	red	dif	hori	left	(648, 384)	(512, 520)	True	609962	611348	left	(512, 384)	testing
1	am	f	22	1	circle	green	same	hori	left	(648, 384)	(512, 520)	True	612534	613687	left	(512, 384)	testing
1	am	f	22	1	diamond	red	same	hori	left	(648, 384)	(415, 480)	True	614919	616424	left	(512, 384)	testing
1	am	f	22	1	circle	green	dif	hori	left	(376, 384)	(608, 480)	True	617484	618894	left	(512, 384)	testing
1	am	f	22	1	diamond	none	dif	hori	left	N_dis	(608, 287)	True	620130	621136	left	(512, 384)	testing
1	am	f	22	1	diamond	none	same	vert	up	N_dis	(415, 287)	True	622283	624095	left	(512, 384)	testing
1	am	f	22	1	diamond	red	dif	hori	left	(648, 384)	(415, 287)	True	626710	628591	left	(512, 384)	testing
1	am	f	22	1	circle	green	dif	hori	left	(376, 384)	(608, 287)	True	629623	632090	up	(512, 384)	testing
1	am	f	22	1	circle	none	dif	hori	left	N_dis	(512, 520)	True	634742	636263	left	(512, 384)	testing
1	am	f	22	1	circle	none	dif	hori	left	N_dis	(608, 287)	True	637528	639355	left	(512, 384)	testing
1	am	f	22	1	diamond	green	dif	vert	up	(415, 480)	(376, 384)	True	640464	642738	up	(512, 384)	testing
1	am	f	22	1	circle	green	dif	hori	left	(608, 480)	(512, 520)	True	644006	645617	left	(512, 384)	testing
1	am	f	22	1	diamond	none	same	hori	left	N_dis	(512, 248)	True	646648	648920	left	(512, 384)	testing
1	am	f	22	1	diamond	green	dif	hori	left	(648, 384)	(608, 480)	True	650136	652063	left	(512, 384)	testing
1	am	f	22	1	diamond	red	dif	vert	up	(415, 480)	(415, 287)	True	653186	654990	up	(512, 384)	testing
1	am	f	22	1	circle	red	same	vert	up	(648, 384)	(415, 287)	True	656032	658043	up	(512, 384)	testing
1	am	f	22	1	circle	red	dif	hori	left	(648, 384)	(415, 480)	True	659258	660706	left	(512, 384)	testing
1	am	f	22	1	circle	green	dif	vert	up	(648, 384)	(608, 287)	True	661866	663565	up	(512, 384)	testing
1	am	f	22	1	diamond	red	same	vert	up	(648, 384)	(415, 480)	True	664600	666078	up	(512, 384)	testing
1	am	f	22	1	circle	green	same	vert	up	(512, 520)	(512, 248)	True	667221	668726	up	(512, 384)	testing
1	am	f	22	1	diamond	none	dif	vert	up	N_dis	(608, 480)	True	669881	671324	up	(512, 384)	testing
1	am	f	22	1	diamond	red	dif	vert	up	(608, 287)	(608, 480)	True	672574	674397	up	(512, 384)	testing
1	am	f	22	1	circle	none	dif	hori	left	N_dis	(648, 384)	True	675655	676861	left	(512, 384)	testing
1	am	f	22	1	circle	green	same	vert	up	(415, 480)	(415, 287)	True	677987	680650	up	(512, 384)	testing
1	am	f	22	1	circle	red	dif	vert	up	(648, 384)	(415, 480)	True	681907	683185	up	(512, 384)	testing
1	am	f	22	1	circle	green	same	hori	left	(648, 384)	(512, 248)	True	684230	686673	left	(512, 384)	testing
1	am	f	22	1	circle	none	dif	hori	left	N_dis	(512, 520)	True	687764	689111	left	(512, 384)	testing
1	am	f	22	1	circle	red	dif	vert	up	(648, 384)	(376, 384)	True	690137	691513	up	(512, 384)	testing
1	am	f	22	1	diamond	green	same	hori	left	(512, 248)	(608, 480)	True	692721	694356	left	(512, 384)	testing
1	am	f	22	1	circle	green	dif	hori	left	(648, 384)	(512, 520)	True	695533	696970	left	(512, 384)	testing
1	am	f	22	1	circle	green	dif	vert	up	(648, 384)	(415, 480)	True	698138	699807	up	(512, 384)	testing
1	am	f	22	1	diamond	green	dif	hori	left	(608, 480)	(608, 287)	True	701029	702470	left	(512, 384)	testing
1	am	f	22	1	circle	green	dif	vert	up	(648, 384)	(608, 287)	True	703568	705739	up	(512, 384)	testing
1	am	f	22	1	diamond	none	dif	vert	up	N_dis	(415, 480)	True	706826	708177	up	(512, 384)	testing
1	am	f	22	1	circle	green	same	vert	up	(512, 520)	(608, 287)	True	709423	711114	up	(512, 384)	testing
