subj	name	gender	age	runNum	shape	dist	td_dif	resp	resp_key	d_loc	t_loc	gotKey	startTime	respTime	resp	fix_loc	prac
1	am	f	22	3	circle	none	same	vert	up	N_dis	(376, 384)	True	36615	38075	up	(512, 384)	testing
1	am	f	22	3	circle	none	same	hori	left	N_dis	(608, 480)	True	39310	40517	left	(512, 384)	testing
1	am	f	22	3	diamond	green	dif	vert	up	(608, 480)	(512, 520)	True	41589	43003	up	(512, 384)	testing
1	am	f	22	3	diamond	green	dif	hori	left	(376, 384)	(608, 287)	True	44121	45843	left	(512, 384)	testing
1	am	f	22	3	diamond	red	dif	hori	left	(608, 480)	(415, 480)	True	46925	48349	left	(512, 384)	testing
1	am	f	22	3	circle	none	same	hori	left	N_dis	(512, 520)	True	49563	50641	left	(512, 384)	testing
1	am	f	22	3	diamond	red	dif	hori	left	(415, 287)	(512, 248)	True	51852	53636	left	(512, 384)	testing
1	am	f	22	3	diamond	red	dif	vert	up	(415, 287)	(648, 384)	True	54867	56595	up	(512, 384)	testing
1	am	f	22	3	diamond	none	dif	hori	left	N_dis	(512, 520)	True	57700	58942	left	(512, 384)	testing
1	am	f	22	3	circle	red	same	hori	left	(415, 287)	(376, 384)	True	60056	61719	left	(512, 384)	testing
1	am	f	22	3	diamond	none	same	hori	left	N_dis	(512, 520)	True	62895	63981	left	(512, 384)	testing
1	am	f	22	3	diamond	green	dif	vert	up	(648, 384)	(608, 480)	True	65046	66629	up	(512, 384)	testing
1	am	f	22	3	circle	red	same	vert	up	(415, 287)	(512, 248)	True	67758	69576	up	(512, 384)	testing
1	am	f	22	3	circle	green	same	vert	up	(415, 287)	(648, 384)	True	70612	71924	up	(512, 384)	testing
1	am	f	22	3	diamond	green	dif	hori	left	(415, 287)	(608, 287)	True	73169	74848	left	(512, 384)	testing
1	am	f	22	3	diamond	green	same	vert	up	(415, 287)	(376, 384)	True	75954	77311	up	(512, 384)	testing
1	am	f	22	3	circle	red	dif	vert	up	(415, 287)	(608, 480)	True	78584	79955	up	(512, 384)	testing
1	am	f	22	3	circle	red	dif	vert	up	(512, 520)	(608, 287)	True	81210	82937	up	(512, 384)	testing
1	am	f	22	3	diamond	red	dif	vert	up	(415, 287)	(512, 248)	True	84101	86321	up	(512, 384)	testing
1	am	f	22	3	circle	red	same	vert	up	(415, 287)	(512, 520)	True	87557	89277	up	(512, 384)	testing
1	am	f	22	3	circle	none	dif	vert	up	N_dis	(608, 287)	True	90545	92019	up	(512, 384)	testing
1	am	f	22	3	circle	red	dif	hori	left	(608, 287)	(415, 480)	True	93266	94666	left	(512, 384)	testing
1	am	f	22	3	diamond	red	same	vert	up	(415, 480)	(608, 287)	True	95822	97334	up	(512, 384)	testing
1	am	f	22	3	diamond	red	same	hori	left	(415, 287)	(608, 480)	True	98541	100008	left	(512, 384)	testing
1	am	f	22	3	diamond	green	same	vert	up	(415, 287)	(415, 480)	True	101277	103012	up	(512, 384)	testing
1	am	f	22	3	circle	none	same	hori	left	N_dis	(608, 480)	True	104274	106098	left	(512, 384)	testing
1	am	f	22	3	diamond	red	same	vert	up	(415, 287)	(415, 480)	True	107210	108748	up	(512, 384)	testing
1	am	f	22	3	diamond	none	dif	vert	up	N_dis	(648, 384)	True	109818	111334	up	(512, 384)	testing
1	am	f	22	3	circle	none	dif	hori	left	N_dis	(608, 287)	True	112443	113830	left	(512, 384)	testing
1	am	f	22	3	diamond	green	same	hori	left	(608, 480)	(376, 384)	True	114870	116387	left	(512, 384)	testing
1	am	f	22	3	diamond	none	same	hori	left	N_dis	(415, 287)	True	117629	119419	left	(512, 384)	testing
1	am	f	22	3	circle	green	same	vert	up	(415, 287)	(376, 384)	True	120498	122201	up	(512, 384)	testing
1	am	f	22	3	circle	red	same	hori	left	(415, 287)	(608, 480)	True	123461	125086	left	(512, 384)	testing
1	am	f	22	3	circle	none	same	hori	left	N_dis	(376, 384)	True	126199	127633	left	(512, 384)	testing
1	am	f	22	3	diamond	none	dif	vert	up	N_dis	(608, 480)	True	128867	130168	up	(512, 384)	testing
1	am	f	22	3	diamond	green	same	hori	left	(415, 287)	(376, 384)	True	131407	132962	left	(512, 384)	testing
1	am	f	22	3	diamond	red	same	vert	up	(415, 287)	(512, 520)	True	134111	135935	up	(512, 384)	testing
1	am	f	22	3	diamond	green	same	hori	left	(415, 287)	(512, 520)	True	137104	138390	left	(512, 384)	testing
1	am	f	22	3	circle	red	same	hori	left	(415, 480)	(512, 248)	True	139447	141291	left	(512, 384)	testing
1	am	f	22	3	diamond	green	dif	vert	up	(415, 287)	(415, 480)	True	142499	144159	up	(512, 384)	testing
1	am	f	22	3	diamond	none	dif	hori	left	N_dis	(648, 384)	True	145380	146908	left	(512, 384)	testing
1	am	f	22	3	circle	green	dif	vert	up	(376, 384)	(512, 520)	True	148026	149682	up	(512, 384)	testing
1	am	f	22	3	circle	none	same	vert	up	N_dis	(608, 480)	True	150773	152429	up	(512, 384)	testing
1	am	f	22	3	diamond	none	same	vert	up	N_dis	(415, 287)	True	153606	155323	up	(512, 384)	testing
1	am	f	22	3	circle	none	dif	vert	up	N_dis	(512, 248)	True	156370	157540	up	(512, 384)	testing
1	am	f	22	3	circle	red	dif	hori	left	(415, 287)	(648, 384)	True	158670	159823	left	(512, 384)	testing
1	am	f	22	3	diamond	none	dif	hori	left	N_dis	(376, 384)	True	160962	162929	left	(512, 384)	testing
1	am	f	22	3	circle	green	same	hori	left	(415, 287)	(648, 384)	True	164000	165530	left	(512, 384)	testing
1	am	f	22	3	circle	green	same	hori	left	(608, 287)	(512, 248)	True	166748	168466	left	(512, 384)	testing
1	am	f	22	3	diamond	green	same	vert	up	(415, 287)	(648, 384)	True	169639	171096	up	(512, 384)	testing
1	am	f	22	3	diamond	green	same	vert	up	(415, 287)	(415, 480)	True	172295	173661	up	(512, 384)	testing
1	am	f	22	3	diamond	red	dif	hori	left	(415, 287)	(512, 248)	True	174843	176722	left	(512, 384)	testing
1	am	f	22	3	circle	none	dif	vert	up	N_dis	(512, 520)	True	177952	179516	up	(512, 384)	testing
1	am	f	22	3	diamond	none	dif	vert	up	N_dis	(512, 248)	True	180564	182466	up	(512, 384)	testing
1	am	f	22	3	diamond	none	dif	hori	left	N_dis	(512, 520)	True	183624	184714	left	(512, 384)	testing
1	am	f	22	3	diamond	none	same	hori	left	N_dis	(415, 287)	True	185801	187607	left	(512, 384)	testing
1	am	f	22	3	diamond	none	same	vert	up	N_dis	(608, 480)	True	188704	189978	up	(512, 384)	testing
1	am	f	22	3	diamond	red	dif	vert	up	(512, 248)	(512, 520)	True	191174	192575	left	(512, 384)	testing
1	am	f	22	3	circle	green	dif	hori	left	(415, 287)	(512, 248)	True	195365	197592	left	(512, 384)	testing
1	am	f	22	3	diamond	none	same	hori	left	N_dis	(648, 384)	True	198723	200433	left	(512, 384)	testing
1	am	f	22	3	circle	green	dif	hori	left	(415, 287)	(608, 287)	True	201559	203039	left	(512, 384)	testing
1	am	f	22	3	circle	green	dif	hori	left	(376, 384)	(512, 520)	True	204107	205990	left	(512, 384)	testing
1	am	f	22	3	diamond	red	same	hori	left	(512, 520)	(376, 384)	True	207067	208427	left	(512, 384)	testing
1	am	f	22	3	diamond	none	same	vert	up	N_dis	(512, 248)	True	209568	212097	up	(512, 384)	testing
1	am	f	22	3	circle	green	same	vert	up	(415, 287)	(648, 384)	True	213255	214982	up	(512, 384)	testing
1	am	f	22	3	circle	none	dif	hori	left	N_dis	(415, 480)	True	216230	217921	left	(512, 384)	testing
1	am	f	22	3	circle	green	dif	vert	up	(608, 287)	(415, 480)	True	219041	220076	up	(512, 384)	testing
1	am	f	22	3	circle	none	dif	hori	left	N_dis	(415, 287)	True	221343	223010	left	(512, 384)	testing
1	am	f	22	3	circle	green	same	hori	left	(415, 480)	(608, 480)	True	224106	225320	left	(512, 384)	testing
1	am	f	22	3	diamond	none	dif	vert	up	N_dis	(608, 287)	True	226555	228255	up	(512, 384)	testing
1	am	f	22	3	diamond	red	same	vert	up	(376, 384)	(512, 248)	True	229349	231038	up	(512, 384)	testing
1	am	f	22	3	circle	green	same	hori	left	(415, 287)	(415, 480)	True	232286	233824	left	(512, 384)	testing
1	am	f	22	3	diamond	red	dif	hori	left	(512, 520)	(415, 480)	True	234944	237057	left	(512, 384)	testing
1	am	f	22	3	diamond	red	same	hori	left	(415, 287)	(512, 520)	True	238322	239407	left	(512, 384)	testing
1	am	f	22	3	circle	red	same	hori	left	(415, 287)	(608, 287)	True	240547	241988	left	(512, 384)	testing
1	am	f	22	3	diamond	green	dif	hori	left	(415, 287)	(648, 384)	True	243218	244915	left	(512, 384)	testing
1	am	f	22	3	circle	green	dif	vert	up	(415, 287)	(415, 480)	True	246045	248109	up	(512, 384)	testing
1	am	f	22	3	circle	green	dif	hori	left	(415, 287)	(608, 480)	True	249344	250585	left	(512, 384)	testing
1	am	f	22	3	circle	red	same	vert	up	(415, 287)	(376, 384)	True	251716	253555	up	(512, 384)	testing
1	am	f	22	3	diamond	red	dif	hori	left	(415, 287)	(608, 480)	True	254692	256874	left	(512, 384)	testing
1	am	f	22	3	circle	green	same	hori	left	(415, 287)	(376, 384)	True	258096	259619	left	(512, 384)	testing
1	am	f	22	3	circle	none	dif	vert	up	N_dis	(415, 287)	True	260800	262637	up	(512, 384)	testing
1	am	f	22	3	diamond	green	dif	vert	up	(415, 287)	(512, 248)	True	263738	265290	up	(512, 384)	testing
1	am	f	22	3	diamond	red	same	hori	left	(415, 287)	(608, 480)	True	266534	268314	left	(512, 384)	testing
1	am	f	22	3	circle	red	same	vert	up	(415, 287)	(608, 287)	True	269339	271187	up	(512, 384)	testing
1	am	f	22	3	circle	green	dif	hori	left	(648, 384)	(512, 520)	True	272413	274183	left	(512, 384)	testing
1	am	f	22	3	circle	red	dif	hori	left	(608, 287)	(376, 384)	True	275413	276770	left	(512, 384)	testing
1	am	f	22	3	diamond	none	same	vert	up	N_dis	(415, 480)	True	278038	279791	up	(512, 384)	testing
1	am	f	22	3	circle	red	dif	vert	up	(415, 287)	(376, 384)	True	280979	282704	up	(512, 384)	testing
1	am	f	22	3	diamond	none	same	vert	up	N_dis	(608, 287)	True	283953	285369	up	(512, 384)	testing
1	am	f	22	3	circle	none	same	hori	left	N_dis	(648, 384)	True	286639	288069	left	(512, 384)	testing
1	am	f	22	3	circle	none	dif	vert	up	N_dis	(376, 384)	True	289176	290457	up	(512, 384)	testing
1	am	f	22	3	circle	none	same	vert	up	N_dis	(608, 287)	True	291666	293276	up	(512, 384)	testing
1	am	f	22	3	diamond	green	dif	hori	left	(415, 287)	(415, 480)	True	294509	296237	left	(512, 384)	testing
1	am	f	22	3	diamond	none	dif	vert	up	N_dis	(512, 248)	True	297390	299578	up	(512, 384)	testing
1	am	f	22	3	diamond	none	dif	hori	left	N_dis	(512, 248)	True	300609	302630	left	(512, 384)	testing
1	am	f	22	3	diamond	red	same	hori	left	(512, 248)	(608, 287)	True	303663	305535	left	(512, 384)	testing
1	am	f	22	3	circle	green	dif	vert	up	(648, 384)	(512, 248)	True	306659	308328	up	(512, 384)	testing
1	am	f	22	3	circle	green	dif	vert	up	(415, 480)	(608, 287)	True	309536	311178	up	(512, 384)	testing
1	am	f	22	3	diamond	red	dif	vert	up	(415, 287)	(512, 520)	True	312227	314052	up	(512, 384)	testing
1	am	f	22	3	circle	green	same	vert	up	(608, 480)	(415, 480)	True	315185	316582	up	(512, 384)	testing
1	am	f	22	3	circle	red	dif	vert	up	(415, 287)	(608, 287)	True	317854	319042	up	(512, 384)	testing
1	am	f	22	3	circle	none	same	vert	up	N_dis	(415, 480)	True	320132	321194	up	(512, 384)	testing
1	am	f	22	3	diamond	none	same	hori	left	N_dis	(648, 384)	True	322383	323986	left	(512, 384)	testing
1	am	f	22	3	diamond	green	same	vert	up	(415, 287)	(608, 480)	True	325162	326899	up	(512, 384)	testing
1	am	f	22	3	circle	red	same	hori	left	(512, 248)	(608, 480)	True	328051	329622	left	(512, 384)	testing
1	am	f	22	3	circle	green	same	vert	up	(415, 287)	(608, 480)	True	330758	332167	up	(512, 384)	testing
1	am	f	22	3	circle	red	same	vert	up	(512, 248)	(512, 520)	True	333321	335152	up	(512, 384)	testing
1	am	f	22	3	circle	none	same	vert	up	N_dis	(376, 384)	True	336287	337483	up	(512, 384)	testing
1	am	f	22	3	diamond	green	dif	vert	up	(415, 287)	(608, 287)	True	338682	340116	up	(512, 384)	testing
1	am	f	22	3	diamond	red	dif	vert	up	(415, 287)	(608, 480)	True	341323	342647	up	(512, 384)	testing
1	am	f	22	3	circle	none	dif	hori	left	N_dis	(415, 480)	True	343778	344855	left	(512, 384)	testing
1	am	f	22	3	diamond	green	same	hori	left	(415, 287)	(512, 520)	True	346103	348153	left	(512, 384)	testing
1	am	f	22	3	circle	red	dif	hori	left	(415, 287)	(512, 248)	True	349300	350797	left	(512, 384)	testing
1	am	f	22	3	diamond	red	same	vert	up	(415, 287)	(608, 287)	True	351972	353466	up	(512, 384)	testing
1	am	f	22	3	circle	red	dif	vert	up	(415, 287)	(608, 480)	True	354604	356366	up	(512, 384)	testing
1	am	f	22	3	diamond	green	same	hori	left	(415, 287)	(512, 520)	True	357628	358985	left	(512, 384)	testing
1	am	f	22	3	diamond	green	dif	hori	left	(648, 384)	(376, 384)	True	360049	361562	left	(512, 384)	testing
1	am	f	22	3	circle	red	dif	hori	left	(512, 520)	(415, 480)	True	362675	365114	left	(512, 384)	testing
1	am	f	22	3	circle	none	dif	hori	left	N_dis	(415, 480)	True	366288	367530	left	(512, 384)	testing
