subj	name	gender	age	runNum	shape	dist	td_dif	resp	resp_key	d_loc	t_loc	gotKey	startTime	respTime	resp	fix_loc	prac
1	am	f	22	7	circle	red	same	hori	left	(415, 287)	(608, 480)	True	6548	7423	left	(512, 384)	testing
1	am	f	22	7	diamond	green	dif	hori	left	(512, 520)	(415, 287)	True	8671	10159	left	(512, 384)	testing
1	am	f	22	7	diamond	red	same	vert	up	(512, 520)	(415, 287)	True	11298	12775	up	(512, 384)	testing
1	am	f	22	7	diamond	red	same	vert	up	(415, 480)	(648, 384)	True	14040	15121	up	(512, 384)	testing
1	am	f	22	7	diamond	red	dif	hori	left	(512, 520)	(415, 480)	True	16163	17275	left	(512, 384)	testing
1	am	f	22	7	diamond	green	dif	vert	up	(415, 480)	(608, 287)	True	18389	19461	up	(512, 384)	testing
1	am	f	22	7	diamond	red	dif	vert	up	(512, 520)	(608, 287)	True	20592	21496	up	(512, 384)	testing
1	am	f	22	7	diamond	green	same	hori	left	(512, 520)	(376, 384)	True	22657	23712	left	(512, 384)	testing
1	am	f	22	7	circle	green	same	vert	up	(512, 520)	(376, 384)	True	24830	26634	up	(512, 384)	testing
1	am	f	22	7	circle	green	dif	hori	left	(512, 520)	(648, 384)	True	27873	28904	left	(512, 384)	testing
1	am	f	22	7	circle	green	same	hori	left	(512, 520)	(512, 248)	True	29934	31083	left	(512, 384)	testing
1	am	f	22	7	circle	none	dif	hori	left	N_dis	(512, 520)	True	32289	33314	left	(512, 384)	testing
1	am	f	22	7	circle	green	dif	hori	left	(512, 520)	(512, 248)	True	34507	35514	left	(512, 384)	testing
1	am	f	22	7	circle	none	dif	hori	left	N_dis	(415, 287)	True	36571	37969	left	(512, 384)	testing
1	am	f	22	7	circle	green	same	hori	left	(608, 480)	(376, 384)	True	38997	39853	left	(512, 384)	testing
1	am	f	22	7	circle	red	dif	hori	left	(608, 287)	(376, 384)	True	41077	42052	left	(512, 384)	testing
1	am	f	22	7	circle	none	dif	vert	up	N_dis	(512, 248)	True	43282	44314	up	(512, 384)	testing
1	am	f	22	7	diamond	green	same	hori	left	(512, 520)	(648, 384)	True	45571	47133	left	(512, 384)	testing
1	am	f	22	7	circle	green	same	vert	up	(512, 520)	(608, 287)	True	48162	49563	up	(512, 384)	testing
1	am	f	22	7	diamond	red	dif	vert	up	(512, 520)	(376, 384)	True	50650	52083	up	(512, 384)	testing
1	am	f	22	7	diamond	red	dif	hori	left	(512, 520)	(608, 287)	True	53236	54377	left	(512, 384)	testing
1	am	f	22	7	circle	none	same	vert	up	N_dis	(415, 480)	True	55410	57085	up	(512, 384)	testing
1	am	f	22	7	diamond	red	same	hori	left	(512, 520)	(648, 384)	True	58251	59267	left	(512, 384)	testing
1	am	f	22	7	diamond	green	dif	vert	up	(512, 520)	(415, 480)	True	60407	62124	up	(512, 384)	testing
1	am	f	22	7	circle	red	same	hori	left	(512, 520)	(512, 248)	True	63354	64478	left	(512, 384)	testing
1	am	f	22	7	diamond	none	same	hori	left	N_dis	(608, 287)	True	65621	66600	left	(512, 384)	testing
1	am	f	22	7	diamond	green	dif	vert	up	(512, 520)	(648, 384)	True	67762	69305	up	(512, 384)	testing
1	am	f	22	7	diamond	red	same	vert	up	(512, 520)	(415, 287)	True	70339	71446	up	(512, 384)	testing
1	am	f	22	7	diamond	none	dif	vert	up	N_dis	(415, 480)	True	72669	73549	up	(512, 384)	testing
1	am	f	22	7	circle	green	same	vert	up	(512, 520)	(512, 248)	True	74706	76462	up	(512, 384)	testing
1	am	f	22	7	diamond	red	dif	vert	up	(512, 520)	(415, 480)	True	77629	78980	up	(512, 384)	testing
1	am	f	22	7	circle	red	dif	vert	up	(512, 520)	(415, 287)	True	80004	81286	up	(512, 384)	testing
1	am	f	22	7	diamond	green	same	vert	up	(512, 520)	(512, 248)	True	82556	83668	up	(512, 384)	testing
1	am	f	22	7	diamond	green	same	hori	left	(512, 520)	(608, 480)	True	84823	86231	left	(512, 384)	testing
1	am	f	22	7	diamond	green	dif	vert	up	(512, 520)	(608, 480)	True	87297	89038	up	(512, 384)	testing
1	am	f	22	7	diamond	none	same	vert	up	N_dis	(512, 520)	True	90282	91577	up	(512, 384)	testing
1	am	f	22	7	circle	red	same	vert	up	(512, 520)	(648, 384)	True	92785	93916	up	(512, 384)	testing
1	am	f	22	7	diamond	red	same	hori	left	(608, 480)	(376, 384)	True	95079	96180	left	(512, 384)	testing
1	am	f	22	7	circle	none	dif	hori	left	N_dis	(376, 384)	True	97358	98804	left	(512, 384)	testing
1	am	f	22	7	circle	green	dif	hori	left	(415, 287)	(376, 384)	True	99970	101629	left	(512, 384)	testing
1	am	f	22	7	diamond	none	dif	vert	up	N_dis	(608, 480)	True	102830	104021	up	(512, 384)	testing
1	am	f	22	7	circle	red	same	vert	up	(608, 480)	(648, 384)	True	105096	106437	up	(512, 384)	testing
1	am	f	22	7	diamond	none	same	hori	left	N_dis	(512, 248)	True	107546	108876	left	(512, 384)	testing
1	am	f	22	7	circle	none	dif	vert	up	N_dis	(608, 480)	True	110023	111100	up	(512, 384)	testing
1	am	f	22	7	circle	red	dif	vert	up	(512, 520)	(512, 248)	True	112164	113935	up	(512, 384)	testing
1	am	f	22	7	diamond	none	same	vert	up	N_dis	(415, 287)	True	115157	116564	up	(512, 384)	testing
1	am	f	22	7	diamond	none	same	hori	left	N_dis	(512, 248)	True	117734	119328	left	(512, 384)	testing
1	am	f	22	7	circle	green	dif	hori	left	(648, 384)	(376, 384)	True	120580	121983	left	(512, 384)	testing
1	am	f	22	7	circle	green	dif	vert	up	(512, 520)	(376, 384)	True	123015	125137	up	(512, 384)	testing
1	am	f	22	7	circle	red	same	vert	up	(512, 520)	(415, 287)	True	126201	127356	up	(512, 384)	testing
1	am	f	22	7	circle	red	same	vert	up	(512, 248)	(608, 480)	True	128542	129705	up	(512, 384)	testing
1	am	f	22	7	diamond	green	same	vert	up	(608, 287)	(608, 480)	True	130942	132700	up	(512, 384)	testing
1	am	f	22	7	circle	none	same	hori	left	N_dis	(415, 287)	True	133843	135115	left	(512, 384)	testing
1	am	f	22	7	diamond	none	dif	hori	left	N_dis	(512, 520)	True	136188	137326	left	(512, 384)	testing
1	am	f	22	7	circle	green	same	hori	left	(512, 520)	(376, 384)	True	138413	139817	left	(512, 384)	testing
1	am	f	22	7	circle	none	dif	vert	up	N_dis	(648, 384)	True	141088	142551	up	(512, 384)	testing
1	am	f	22	7	diamond	green	same	vert	up	(608, 287)	(415, 480)	True	143645	145119	up	(512, 384)	testing
1	am	f	22	7	circle	red	dif	vert	up	(512, 248)	(376, 384)	True	146253	147405	up	(512, 384)	testing
1	am	f	22	7	circle	green	dif	vert	up	(512, 520)	(608, 480)	True	148551	149570	up	(512, 384)	testing
1	am	f	22	7	diamond	none	dif	vert	up	N_dis	(415, 480)	True	150597	151841	up	(512, 384)	testing
1	am	f	22	7	diamond	none	dif	vert	up	N_dis	(608, 480)	True	152989	154063	up	(512, 384)	testing
1	am	f	22	7	diamond	green	dif	hori	left	(415, 287)	(608, 480)	True	155107	156098	left	(512, 384)	testing
1	am	f	22	7	diamond	none	dif	hori	left	N_dis	(648, 384)	True	157171	158226	left	(512, 384)	testing
1	am	f	22	7	circle	none	same	vert	up	N_dis	(648, 384)	True	159436	160498	up	(512, 384)	testing
1	am	f	22	7	circle	red	dif	hori	left	(512, 520)	(608, 287)	True	161601	162802	left	(512, 384)	testing
1	am	f	22	7	diamond	none	dif	hori	left	N_dis	(512, 520)	True	164062	165607	left	(512, 384)	testing
1	am	f	22	7	circle	green	same	vert	up	(608, 287)	(512, 248)	True	166828	167901	up	(512, 384)	testing
1	am	f	22	7	diamond	green	dif	hori	left	(512, 520)	(608, 480)	True	169026	170173	left	(512, 384)	testing
1	am	f	22	7	circle	none	dif	vert	up	N_dis	(648, 384)	True	171215	172863	up	(512, 384)	testing
1	am	f	22	7	circle	none	dif	hori	left	N_dis	(415, 287)	True	174001	175195	left	(512, 384)	testing
1	am	f	22	7	diamond	red	dif	hori	left	(376, 384)	(512, 248)	True	176424	177913	left	(512, 384)	testing
1	am	f	22	7	circle	none	dif	hori	left	N_dis	(608, 287)	True	179099	180026	left	(512, 384)	testing
1	am	f	22	7	circle	green	dif	vert	up	(512, 248)	(376, 384)	True	181094	182359	up	(512, 384)	testing
1	am	f	22	7	circle	green	dif	vert	up	(512, 520)	(512, 248)	True	183542	185227	up	(512, 384)	testing
1	am	f	22	7	diamond	green	same	vert	up	(415, 287)	(415, 480)	True	186251	187965	up	(512, 384)	testing
1	am	f	22	7	diamond	red	dif	hori	left	(376, 384)	(608, 287)	True	189209	190630	left	(512, 384)	testing
1	am	f	22	7	diamond	green	dif	hori	left	(512, 248)	(648, 384)	True	191716	192975	left	(512, 384)	testing
1	am	f	22	7	circle	red	same	hori	left	(648, 384)	(608, 480)	True	194236	195584	left	(512, 384)	testing
1	am	f	22	7	circle	green	same	vert	up	(376, 384)	(415, 480)	True	196609	197908	up	(512, 384)	testing
1	am	f	22	7	diamond	none	dif	hori	left	N_dis	(512, 248)	True	199172	200560	left	(512, 384)	testing
1	am	f	22	7	diamond	red	dif	hori	left	(512, 520)	(512, 248)	True	201730	202950	left	(512, 384)	testing
1	am	f	22	7	circle	red	dif	vert	up	(512, 520)	(512, 248)	True	204092	205556	up	(512, 384)	testing
1	am	f	22	7	diamond	green	dif	hori	left	(512, 520)	(512, 248)	True	206746	208173	left	(512, 384)	testing
1	am	f	22	7	circle	green	same	hori	left	(512, 520)	(415, 480)	True	209300	210893	left	(512, 384)	testing
1	am	f	22	7	diamond	red	same	vert	up	(648, 384)	(376, 384)	True	211982	213188	up	(512, 384)	testing
1	am	f	22	7	circle	red	dif	vert	up	(376, 384)	(512, 248)	True	214381	215619	up	(512, 384)	testing
1	am	f	22	7	diamond	none	same	vert	up	N_dis	(376, 384)	True	216769	218122	up	(512, 384)	testing
1	am	f	22	7	diamond	none	same	hori	left	N_dis	(608, 480)	True	219169	220313	left	(512, 384)	testing
1	am	f	22	7	circle	none	same	hori	left	N_dis	(608, 287)	True	221497	222593	left	(512, 384)	testing
1	am	f	22	7	circle	none	same	vert	up	N_dis	(415, 287)	True	223751	225061	up	(512, 384)	testing
1	am	f	22	7	diamond	green	same	hori	left	(608, 480)	(512, 248)	True	226310	227421	left	(512, 384)	testing
1	am	f	22	7	diamond	none	same	hori	left	N_dis	(376, 384)	True	228556	229648	left	(512, 384)	testing
1	am	f	22	7	circle	none	same	vert	up	N_dis	(608, 287)	True	230855	231961	up	(512, 384)	testing
1	am	f	22	7	circle	red	dif	hori	left	(512, 520)	(608, 480)	True	233144	234260	left	(512, 384)	testing
1	am	f	22	7	circle	green	dif	hori	left	(512, 520)	(415, 287)	True	235288	236434	left	(512, 384)	testing
1	am	f	22	7	diamond	none	dif	hori	left	N_dis	(512, 520)	True	237636	238671	left	(512, 384)	testing
1	am	f	22	7	circle	none	same	vert	up	N_dis	(608, 287)	True	239739	240827	up	(512, 384)	testing
1	am	f	22	7	circle	green	dif	vert	up	(512, 520)	(376, 384)	True	242100	243707	up	(512, 384)	testing
1	am	f	22	7	diamond	red	dif	vert	up	(512, 520)	(608, 480)	True	244861	245923	up	(512, 384)	testing
1	am	f	22	7	circle	red	dif	hori	left	(512, 520)	(415, 480)	True	247087	248093	left	(512, 384)	testing
1	am	f	22	7	circle	none	same	hori	left	N_dis	(608, 480)	True	249202	250247	left	(512, 384)	testing
1	am	f	22	7	circle	red	dif	hori	left	(512, 520)	(608, 480)	True	251446	252372	left	(512, 384)	testing
1	am	f	22	7	diamond	red	same	vert	up	(512, 520)	(415, 480)	True	253550	254743	up	(512, 384)	testing
1	am	f	22	7	diamond	none	same	vert	up	N_dis	(415, 480)	True	255944	257086	up	(512, 384)	testing
1	am	f	22	7	circle	none	same	hori	left	N_dis	(648, 384)	True	258227	259283	left	(512, 384)	testing
1	am	f	22	7	circle	none	dif	vert	up	N_dis	(376, 384)	True	260492	261643	up	(512, 384)	testing
1	am	f	22	7	circle	none	same	hori	left	N_dis	(376, 384)	True	262793	263728	left	(512, 384)	testing
1	am	f	22	7	circle	red	same	vert	up	(512, 520)	(608, 287)	True	264901	266417	up	(512, 384)	testing
1	am	f	22	7	diamond	red	same	hori	left	(648, 384)	(512, 248)	True	267500	268704	left	(512, 384)	testing
1	am	f	22	7	diamond	green	dif	vert	up	(512, 520)	(376, 384)	True	269804	271366	up	(512, 384)	testing
1	am	f	22	7	diamond	red	same	hori	left	(415, 480)	(415, 287)	True	272632	273754	left	(512, 384)	testing
1	am	f	22	7	diamond	none	dif	vert	up	N_dis	(415, 480)	True	274874	276063	up	(512, 384)	testing
1	am	f	22	7	diamond	red	dif	vert	up	(512, 520)	(608, 287)	True	277163	278730	up	(512, 384)	testing
1	am	f	22	7	diamond	none	same	vert	up	N_dis	(512, 248)	True	279879	281404	up	(512, 384)	testing
1	am	f	22	7	diamond	red	same	hori	left	(512, 520)	(648, 384)	True	282431	283765	left	(512, 384)	testing
1	am	f	22	7	diamond	green	same	vert	up	(415, 480)	(415, 287)	True	285035	286437	up	(512, 384)	testing
1	am	f	22	7	diamond	green	same	hori	left	(512, 520)	(648, 384)	True	287503	289112	left	(512, 384)	testing
1	am	f	22	7	circle	red	same	hori	left	(512, 520)	(415, 480)	True	290379	291571	left	(512, 384)	testing
1	am	f	22	7	circle	red	same	hori	left	(512, 520)	(415, 287)	True	292807	294012	left	(512, 384)	testing
1	am	f	22	7	circle	green	same	hori	left	(512, 520)	(608, 287)	True	295131	296516	left	(512, 384)	testing
