subj	name	gender	age	runNum	shape	dist	td_dif	resp	resp_key	d_loc	t_loc	gotKey	startTime	respTime	resp	fix_loc	prac
1	am	f	22	2	circle	none	same	vert	up	N_dis	(415, 287)	True	56655	57965	up	(512, 384)	testing
1	am	f	22	2	circle	green	dif	hori	left	(648, 384)	(415, 480)	True	59176	60218	left	(512, 384)	testing
1	am	f	22	2	circle	none	same	vert	up	N_dis	(512, 248)	True	61358	62763	up	(512, 384)	testing
1	am	f	22	2	circle	green	same	hori	left	(512, 520)	(415, 287)	True	63792	64980	left	(512, 384)	testing
1	am	f	22	2	diamond	green	same	vert	up	(648, 384)	(512, 520)	True	66239	67774	up	(512, 384)	testing
1	am	f	22	2	diamond	none	dif	hori	left	N_dis	(376, 384)	True	68925	70106	left	(512, 384)	testing
1	am	f	22	2	diamond	red	dif	hori	left	(648, 384)	(608, 287)	True	71185	72536	up	(512, 384)	testing
1	am	f	22	2	diamond	none	dif	vert	up	N_dis	(376, 384)	True	75082	76544	up	(512, 384)	testing
1	am	f	22	2	circle	red	dif	vert	up	(648, 384)	(415, 287)	True	77748	79463	up	(512, 384)	testing
1	am	f	22	2	diamond	none	same	hori	left	N_dis	(608, 287)	True	80492	81666	left	(512, 384)	testing
1	am	f	22	2	circle	green	same	hori	left	(648, 384)	(608, 287)	True	82774	84441	left	(512, 384)	testing
1	am	f	22	2	circle	red	dif	hori	left	(648, 384)	(415, 287)	True	85482	86742	left	(512, 384)	testing
1	am	f	22	2	circle	green	same	vert	up	(648, 384)	(415, 287)	True	87836	89862	up	(512, 384)	testing
1	am	f	22	2	diamond	green	same	hori	left	(648, 384)	(512, 520)	True	91122	92530	left	(512, 384)	testing
1	am	f	22	2	diamond	green	same	vert	up	(648, 384)	(415, 287)	True	93762	95093	up	(512, 384)	testing
1	am	f	22	2	diamond	green	same	vert	up	(512, 248)	(415, 480)	True	96287	97506	up	(512, 384)	testing
1	am	f	22	2	diamond	none	same	hori	left	N_dis	(512, 520)	True	98614	99803	left	(512, 384)	testing
1	am	f	22	2	diamond	none	same	vert	up	N_dis	(608, 480)	True	100908	102227	up	(512, 384)	testing
1	am	f	22	2	circle	none	dif	hori	left	N_dis	(608, 287)	True	103265	104703	left	(512, 384)	testing
1	am	f	22	2	circle	red	same	vert	up	(415, 480)	(376, 384)	True	105728	108258	up	(512, 384)	testing
1	am	f	22	2	diamond	green	dif	vert	up	(648, 384)	(512, 248)	True	109298	110899	up	(512, 384)	testing
1	am	f	22	2	diamond	none	dif	hori	left	N_dis	(608, 480)	True	112151	113600	left	(512, 384)	testing
1	am	f	22	2	circle	none	dif	hori	left	N_dis	(608, 287)	True	114828	116489	left	(512, 384)	testing
1	am	f	22	2	circle	green	dif	vert	up	(415, 480)	(376, 384)	True	117608	119078	up	(512, 384)	testing
1	am	f	22	2	diamond	green	same	hori	left	(648, 384)	(415, 287)	True	120196	122638	left	(512, 384)	testing
1	am	f	22	2	diamond	green	same	vert	up	(648, 384)	(608, 480)	True	123668	125155	up	(512, 384)	testing
1	am	f	22	2	diamond	green	dif	hori	left	(648, 384)	(415, 480)	True	126276	127569	left	(512, 384)	testing
1	am	f	22	2	diamond	red	same	vert	up	(608, 287)	(415, 287)	True	128634	130735	left	(512, 384)	testing
1	am	f	22	2	circle	green	same	vert	up	(648, 384)	(608, 480)	True	133443	134862	up	(512, 384)	testing
1	am	f	22	2	diamond	green	dif	vert	up	(648, 384)	(415, 480)	True	136123	137499	up	(512, 384)	testing
1	am	f	22	2	diamond	red	dif	hori	left	(648, 384)	(608, 480)	True	138584	140378	left	(512, 384)	testing
1	am	f	22	2	diamond	red	dif	vert	up	(648, 384)	(376, 384)	True	141582	143186	up	(512, 384)	testing
1	am	f	22	2	circle	none	same	hori	left	N_dis	(415, 480)	True	144229	145309	left	(512, 384)	testing
1	am	f	22	2	diamond	red	dif	vert	up	(648, 384)	(376, 384)	True	146353	148319	up	(512, 384)	testing
1	am	f	22	2	circle	red	same	hori	left	(608, 480)	(415, 287)	True	149489	150824	left	(512, 384)	testing
1	am	f	22	2	diamond	red	dif	hori	left	(648, 384)	(512, 248)	True	151928	153700	left	(512, 384)	testing
1	am	f	22	2	circle	green	dif	vert	up	(376, 384)	(512, 248)	True	154914	157257	up	(512, 384)	testing
1	am	f	22	2	circle	none	same	hori	left	N_dis	(648, 384)	True	158380	159381	left	(512, 384)	testing
1	am	f	22	2	diamond	green	dif	hori	left	(648, 384)	(512, 248)	True	160556	162208	left	(512, 384)	testing
1	am	f	22	2	circle	red	dif	hori	left	(648, 384)	(512, 248)	True	163368	164759	left	(512, 384)	testing
1	am	f	22	2	circle	red	dif	vert	up	(648, 384)	(512, 248)	True	165830	167125	up	(512, 384)	testing
1	am	f	22	2	circle	none	same	hori	left	N_dis	(376, 384)	True	168243	169690	left	(512, 384)	testing
1	am	f	22	2	circle	red	dif	hori	left	(512, 520)	(512, 248)	True	170863	172403	left	(512, 384)	testing
1	am	f	22	2	circle	none	dif	hori	left	N_dis	(512, 248)	True	173653	174697	left	(512, 384)	testing
1	am	f	22	2	diamond	green	dif	vert	up	(648, 384)	(376, 384)	True	175851	177089	up	(512, 384)	testing
1	am	f	22	2	diamond	green	dif	hori	left	(648, 384)	(415, 480)	True	178171	179651	left	(512, 384)	testing
1	am	f	22	2	diamond	green	same	hori	left	(512, 248)	(512, 520)	True	180819	182281	left	(512, 384)	testing
1	am	f	22	2	diamond	red	same	hori	left	(648, 384)	(376, 384)	True	183321	184524	left	(512, 384)	testing
1	am	f	22	2	diamond	none	same	vert	up	N_dis	(376, 384)	True	185676	186741	up	(512, 384)	testing
1	am	f	22	2	diamond	red	same	vert	up	(648, 384)	(608, 480)	True	187881	189199	up	(512, 384)	testing
1	am	f	22	2	circle	green	dif	vert	up	(648, 384)	(512, 520)	True	190260	191590	up	(512, 384)	testing
1	am	f	22	2	diamond	green	same	hori	left	(648, 384)	(512, 520)	True	192718	193985	left	(512, 384)	testing
1	am	f	22	2	circle	none	dif	hori	left	N_dis	(512, 520)	True	195119	196224	left	(512, 384)	testing
1	am	f	22	2	diamond	red	dif	vert	up	(648, 384)	(512, 248)	True	197246	198420	up	(512, 384)	testing
1	am	f	22	2	diamond	green	dif	hori	left	(648, 384)	(608, 480)	True	199495	201636	left	(512, 384)	testing
1	am	f	22	2	diamond	none	dif	vert	up	N_dis	(415, 287)	True	202876	204011	up	(512, 384)	testing
1	am	f	22	2	circle	red	dif	vert	up	(648, 384)	(376, 384)	True	205229	206341	up	(512, 384)	testing
1	am	f	22	2	diamond	red	same	hori	left	(415, 287)	(608, 480)	True	207422	208481	left	(512, 384)	testing
1	am	f	22	2	circle	none	same	hori	left	N_dis	(608, 480)	True	209656	210685	left	(512, 384)	testing
1	am	f	22	2	circle	none	dif	hori	left	N_dis	(415, 480)	True	211868	213071	left	(512, 384)	testing
1	am	f	22	2	diamond	none	dif	hori	left	N_dis	(512, 520)	True	214103	215325	left	(512, 384)	testing
1	am	f	22	2	diamond	none	dif	vert	up	N_dis	(608, 480)	True	216455	217510	up	(512, 384)	testing
1	am	f	22	2	circle	red	dif	vert	up	(648, 384)	(415, 480)	True	218750	219921	up	(512, 384)	testing
1	am	f	22	2	circle	red	same	hori	left	(648, 384)	(512, 520)	True	221064	222197	left	(512, 384)	testing
1	am	f	22	2	circle	green	same	vert	up	(608, 287)	(415, 287)	True	223373	224668	up	(512, 384)	testing
1	am	f	22	2	diamond	green	dif	hori	left	(648, 384)	(608, 287)	True	225708	227216	left	(512, 384)	testing
1	am	f	22	2	circle	green	dif	vert	up	(608, 287)	(415, 480)	True	228271	229547	up	(512, 384)	testing
1	am	f	22	2	circle	none	dif	vert	up	N_dis	(415, 480)	True	230639	231750	up	(512, 384)	testing
1	am	f	22	2	diamond	none	dif	vert	up	N_dis	(648, 384)	True	233023	234307	up	(512, 384)	testing
1	am	f	22	2	circle	red	dif	hori	left	(648, 384)	(608, 480)	True	235562	236610	left	(512, 384)	testing
1	am	f	22	2	circle	green	same	vert	up	(648, 384)	(415, 480)	True	237870	239378	up	(512, 384)	testing
1	am	f	22	2	circle	none	same	hori	left	N_dis	(648, 384)	True	240619	241768	left	(512, 384)	testing
1	am	f	22	2	diamond	red	same	vert	up	(648, 384)	(415, 480)	True	242811	244126	up	(512, 384)	testing
1	am	f	22	2	circle	none	dif	vert	up	N_dis	(512, 248)	True	245198	246781	up	(512, 384)	testing
1	am	f	22	2	circle	none	dif	vert	up	N_dis	(512, 520)	True	247874	249157	up	(512, 384)	testing
1	am	f	22	2	circle	red	same	hori	left	(648, 384)	(512, 520)	True	250414	251676	left	(512, 384)	testing
1	am	f	22	2	diamond	red	same	hori	left	(512, 520)	(512, 248)	True	252776	254583	left	(512, 384)	testing
1	am	f	22	2	circle	green	dif	hori	left	(376, 384)	(512, 248)	True	255722	257735	left	(512, 384)	testing
1	am	f	22	2	circle	none	same	vert	up	N_dis	(415, 287)	True	258937	260403	up	(512, 384)	testing
1	am	f	22	2	diamond	red	dif	hori	left	(648, 384)	(608, 287)	True	261662	263478	left	(512, 384)	testing
1	am	f	22	2	diamond	green	same	vert	up	(648, 384)	(415, 287)	True	264587	265727	up	(512, 384)	testing
1	am	f	22	2	circle	none	same	vert	up	N_dis	(608, 287)	True	266832	268475	up	(512, 384)	testing
1	am	f	22	2	diamond	red	same	hori	left	(415, 287)	(512, 520)	True	269608	270997	left	(512, 384)	testing
1	am	f	22	2	circle	red	dif	vert	up	(415, 480)	(608, 287)	True	272256	273665	up	(512, 384)	testing
1	am	f	22	2	circle	green	dif	hori	left	(648, 384)	(512, 248)	True	274711	276120	left	(512, 384)	testing
1	am	f	22	2	diamond	none	same	hori	left	N_dis	(608, 480)	True	277176	278451	left	(512, 384)	testing
1	am	f	22	2	circle	green	dif	hori	left	(648, 384)	(608, 287)	True	279654	280813	left	(512, 384)	testing
1	am	f	22	2	circle	red	same	hori	left	(415, 480)	(512, 248)	True	282061	283319	left	(512, 384)	testing
1	am	f	22	2	diamond	none	same	vert	up	N_dis	(415, 287)	True	284446	285665	up	(512, 384)	testing
1	am	f	22	2	circle	none	same	vert	up	N_dis	(608, 287)	True	286772	288313	up	(512, 384)	testing
1	am	f	22	2	diamond	green	same	hori	left	(512, 248)	(376, 384)	True	289569	290983	left	(512, 384)	testing
1	am	f	22	2	diamond	none	same	hori	left	N_dis	(512, 520)	True	292027	293851	left	(512, 384)	testing
1	am	f	22	2	diamond	none	dif	vert	up	N_dis	(376, 384)	True	294899	296189	up	(512, 384)	testing
1	am	f	22	2	diamond	green	dif	vert	up	(376, 384)	(415, 287)	True	297270	299048	up	(512, 384)	testing
1	am	f	22	2	circle	red	same	vert	up	(648, 384)	(376, 384)	True	300291	301917	up	(512, 384)	testing
1	am	f	22	2	circle	red	dif	hori	left	(648, 384)	(376, 384)	True	303048	304272	left	(512, 384)	testing
1	am	f	22	2	circle	green	dif	vert	up	(608, 480)	(512, 520)	True	305357	307381	up	(512, 384)	testing
1	am	f	22	2	diamond	red	dif	vert	up	(415, 287)	(512, 520)	True	308514	309818	up	(512, 384)	testing
1	am	f	22	2	circle	none	dif	vert	up	N_dis	(415, 480)	True	310907	312437	up	(512, 384)	testing
1	am	f	22	2	diamond	red	same	hori	left	(512, 520)	(608, 287)	True	313702	315183	left	(512, 384)	testing
1	am	f	22	2	diamond	red	same	vert	up	(608, 287)	(376, 384)	True	316233	317614	up	(512, 384)	testing
1	am	f	22	2	circle	red	same	vert	up	(648, 384)	(608, 480)	True	318787	320621	up	(512, 384)	testing
1	am	f	22	2	circle	green	same	hori	left	(415, 287)	(512, 520)	True	321793	323050	left	(512, 384)	testing
1	am	f	22	2	diamond	green	dif	vert	up	(648, 384)	(376, 384)	True	324260	325692	up	(512, 384)	testing
1	am	f	22	2	circle	red	same	hori	left	(648, 384)	(608, 287)	True	326955	328252	left	(512, 384)	testing
1	am	f	22	2	diamond	none	same	vert	up	N_dis	(415, 287)	True	329364	330705	up	(512, 384)	testing
1	am	f	22	2	diamond	red	same	vert	up	(648, 384)	(415, 287)	True	331971	333251	up	(512, 384)	testing
1	am	f	22	2	diamond	none	dif	hori	left	N_dis	(648, 384)	True	334414	336014	left	(512, 384)	testing
1	am	f	22	2	circle	green	dif	hori	left	(608, 480)	(415, 480)	True	337152	338798	left	(512, 384)	testing
1	am	f	22	2	diamond	none	same	vert	up	N_dis	(512, 248)	True	339879	342409	up	(512, 384)	testing
1	am	f	22	2	diamond	none	same	hori	left	N_dis	(415, 480)	True	343492	345084	left	(512, 384)	testing
1	am	f	22	2	circle	green	same	vert	up	(648, 384)	(376, 384)	True	346333	347901	up	(512, 384)	testing
1	am	f	22	2	circle	green	same	hori	left	(376, 384)	(415, 480)	True	348977	350490	left	(512, 384)	testing
1	am	f	22	2	circle	red	same	vert	up	(648, 384)	(512, 520)	True	351762	353343	up	(512, 384)	testing
1	am	f	22	2	diamond	red	dif	vert	up	(512, 248)	(512, 520)	True	354616	356492	up	(512, 384)	testing
1	am	f	22	2	diamond	none	dif	hori	left	N_dis	(512, 248)	True	357537	359053	left	(512, 384)	testing
1	am	f	22	2	circle	red	same	vert	up	(608, 480)	(608, 287)	True	360133	362293	up	(512, 384)	testing
1	am	f	22	2	circle	none	dif	vert	up	N_dis	(648, 384)	True	363463	364767	up	(512, 384)	testing
1	am	f	22	2	circle	green	same	hori	left	(648, 384)	(376, 384)	True	365825	367208	left	(512, 384)	testing
1	am	f	22	2	diamond	red	dif	hori	left	(648, 384)	(608, 287)	True	368391	370209	left	(512, 384)	testing
