subj	name	gender	age	runNum	shape	dist	td_dif	resp	resp_key	d_loc	t_loc	gotKey	startTime	respTime	resp	fix_loc	prac
1	am	f	22	6	circle	green	same	vert	up	(608, 480)	(376, 384)	True	26070	27004	up	(512, 384)	testing
1	am	f	22	6	diamond	green	dif	hori	left	(415, 287)	(376, 384)	True	28156	29124	left	(512, 384)	testing
1	am	f	22	6	circle	red	dif	vert	up	(608, 287)	(608, 480)	True	30304	31270	up	(512, 384)	testing
1	am	f	22	6	circle	red	same	hori	left	(415, 287)	(512, 248)	True	32500	33521	left	(512, 384)	testing
1	am	f	22	6	circle	red	dif	vert	up	(415, 480)	(512, 248)	True	34555	35743	up	(512, 384)	testing
1	am	f	22	6	circle	red	same	vert	up	(376, 384)	(648, 384)	True	36784	38383	up	(512, 384)	testing
1	am	f	22	6	circle	none	dif	hori	left	N_dis	(608, 480)	True	39497	40386	left	(512, 384)	testing
1	am	f	22	6	circle	green	dif	vert	up	(415, 287)	(608, 480)	True	41537	42520	up	(512, 384)	testing
1	am	f	22	6	diamond	green	same	vert	up	(415, 287)	(608, 480)	True	43626	45350	up	(512, 384)	testing
1	am	f	22	6	circle	green	same	vert	up	(415, 287)	(415, 480)	True	46429	47629	up	(512, 384)	testing
1	am	f	22	6	diamond	none	same	vert	up	N_dis	(608, 287)	True	48868	50012	up	(512, 384)	testing
1	am	f	22	6	circle	green	same	hori	left	(648, 384)	(512, 248)	True	51121	52420	left	(512, 384)	testing
1	am	f	22	6	diamond	red	same	hori	left	(415, 287)	(608, 287)	True	53466	54753	left	(512, 384)	testing
1	am	f	22	6	circle	none	same	hori	left	N_dis	(415, 287)	True	55888	57073	left	(512, 384)	testing
1	am	f	22	6	circle	green	dif	vert	up	(512, 248)	(608, 287)	True	58140	59720	up	(512, 384)	testing
1	am	f	22	6	circle	red	dif	hori	left	(608, 287)	(512, 248)	True	60913	61951	left	(512, 384)	testing
1	am	f	22	6	diamond	green	same	hori	left	(415, 287)	(648, 384)	True	63194	64588	left	(512, 384)	testing
1	am	f	22	6	circle	green	dif	vert	up	(415, 287)	(608, 480)	True	65743	66779	up	(512, 384)	testing
1	am	f	22	6	diamond	green	dif	vert	up	(415, 287)	(608, 480)	True	67849	69327	up	(512, 384)	testing
1	am	f	22	6	diamond	none	same	vert	up	N_dis	(608, 287)	True	70425	71539	up	(512, 384)	testing
1	am	f	22	6	diamond	green	same	hori	left	(415, 287)	(512, 520)	True	72700	74047	left	(512, 384)	testing
1	am	f	22	6	diamond	red	same	hori	left	(648, 384)	(512, 520)	True	75320	76483	left	(512, 384)	testing
1	am	f	22	6	circle	red	dif	hori	left	(415, 287)	(608, 287)	True	77708	78867	left	(512, 384)	testing
1	am	f	22	6	circle	green	same	hori	left	(376, 384)	(608, 287)	True	79965	81083	left	(512, 384)	testing
1	am	f	22	6	diamond	red	dif	hori	left	(415, 287)	(415, 480)	True	82136	83403	left	(512, 384)	testing
1	am	f	22	6	circle	green	same	vert	up	(415, 287)	(512, 248)	True	84655	86390	up	(512, 384)	testing
1	am	f	22	6	diamond	red	same	vert	up	(415, 287)	(608, 480)	True	87467	88737	up	(512, 384)	testing
1	am	f	22	6	circle	red	dif	hori	left	(415, 287)	(608, 287)	True	89975	91097	left	(512, 384)	testing
1	am	f	22	6	diamond	green	same	vert	up	(415, 287)	(376, 384)	True	92207	93537	left	(512, 384)	testing
1	am	f	22	6	diamond	none	dif	vert	up	N_dis	(512, 248)	True	96231	97689	up	(512, 384)	testing
1	am	f	22	6	diamond	red	dif	vert	up	(415, 287)	(376, 384)	True	98920	100506	up	(512, 384)	testing
1	am	f	22	6	diamond	none	same	vert	up	N_dis	(608, 480)	True	101729	103720	up	(512, 384)	testing
1	am	f	22	6	circle	none	same	vert	up	N_dis	(415, 287)	True	104775	106157	up	(512, 384)	testing
1	am	f	22	6	circle	green	same	hori	left	(415, 480)	(512, 248)	True	107226	108872	left	(512, 384)	testing
1	am	f	22	6	circle	green	same	vert	up	(415, 287)	(415, 480)	True	110129	111575	up	(512, 384)	testing
1	am	f	22	6	diamond	none	same	vert	up	N_dis	(376, 384)	True	112689	114732	up	(512, 384)	testing
1	am	f	22	6	diamond	none	dif	vert	up	N_dis	(512, 520)	True	115939	118239	up	(512, 384)	testing
1	am	f	22	6	circle	none	dif	vert	up	N_dis	(512, 520)	True	119273	120744	up	(512, 384)	testing
1	am	f	22	6	circle	none	dif	hori	left	N_dis	(512, 248)	True	121816	123158	left	(512, 384)	testing
1	am	f	22	6	circle	red	same	hori	left	(376, 384)	(415, 480)	True	124328	125714	left	(512, 384)	testing
1	am	f	22	6	diamond	red	same	vert	up	(415, 287)	(376, 384)	True	126957	128900	up	(512, 384)	testing
1	am	f	22	6	diamond	none	same	hori	left	N_dis	(608, 287)	True	130133	131398	left	(512, 384)	testing
1	am	f	22	6	diamond	green	dif	vert	up	(512, 520)	(648, 384)	True	132524	134219	up	(512, 384)	testing
1	am	f	22	6	circle	green	same	hori	left	(608, 480)	(608, 287)	True	135404	137140	left	(512, 384)	testing
1	am	f	22	6	diamond	green	same	hori	left	(415, 287)	(608, 287)	True	138213	139549	left	(512, 384)	testing
1	am	f	22	6	diamond	red	same	vert	up	(415, 287)	(512, 520)	True	140610	141987	up	(512, 384)	testing
1	am	f	22	6	diamond	red	same	hori	left	(376, 384)	(512, 248)	True	143207	144774	left	(512, 384)	testing
1	am	f	22	6	diamond	none	same	vert	up	N_dis	(648, 384)	True	145929	147412	up	(512, 384)	testing
1	am	f	22	6	diamond	red	dif	hori	left	(415, 287)	(415, 480)	True	148631	150350	left	(512, 384)	testing
1	am	f	22	6	diamond	red	dif	hori	left	(415, 287)	(608, 480)	True	151615	152919	left	(512, 384)	testing
1	am	f	22	6	diamond	none	dif	vert	up	N_dis	(376, 384)	True	154167	155727	up	(512, 384)	testing
1	am	f	22	6	circle	none	dif	hori	left	N_dis	(648, 384)	True	156966	158121	left	(512, 384)	testing
1	am	f	22	6	circle	green	dif	hori	left	(415, 287)	(376, 384)	True	159241	160660	left	(512, 384)	testing
1	am	f	22	6	diamond	none	dif	hori	left	N_dis	(415, 287)	True	161812	163388	left	(512, 384)	testing
1	am	f	22	6	circle	none	dif	vert	up	N_dis	(648, 384)	True	164473	165815	up	(512, 384)	testing
1	am	f	22	6	diamond	green	dif	hori	left	(608, 287)	(608, 480)	True	167059	168295	left	(512, 384)	testing
1	am	f	22	6	circle	green	dif	vert	up	(608, 287)	(608, 480)	True	169474	171187	up	(512, 384)	testing
1	am	f	22	6	circle	green	dif	hori	left	(415, 480)	(512, 520)	True	172310	173604	left	(512, 384)	testing
1	am	f	22	6	diamond	red	dif	hori	left	(648, 384)	(376, 384)	True	174645	176322	left	(512, 384)	testing
1	am	f	22	6	circle	red	dif	hori	left	(415, 480)	(648, 384)	True	177377	178579	left	(512, 384)	testing
1	am	f	22	6	diamond	green	same	hori	left	(648, 384)	(512, 520)	True	179751	180992	left	(512, 384)	testing
1	am	f	22	6	diamond	green	same	vert	up	(512, 248)	(608, 480)	True	182152	183379	up	(512, 384)	testing
1	am	f	22	6	circle	red	same	hori	left	(415, 287)	(376, 384)	True	184567	185894	left	(512, 384)	testing
1	am	f	22	6	circle	green	dif	hori	left	(415, 287)	(648, 384)	True	187043	188260	left	(512, 384)	testing
1	am	f	22	6	diamond	green	same	vert	up	(608, 480)	(376, 384)	True	189486	190853	up	(512, 384)	testing
1	am	f	22	6	diamond	none	same	hori	left	N_dis	(608, 480)	True	192008	193017	left	(512, 384)	testing
1	am	f	22	6	circle	none	same	vert	up	N_dis	(376, 384)	True	194241	195615	up	(512, 384)	testing
1	am	f	22	6	circle	red	dif	vert	up	(415, 287)	(512, 248)	True	196745	198084	up	(512, 384)	testing
1	am	f	22	6	diamond	none	same	hori	left	N_dis	(512, 248)	True	199302	200367	left	(512, 384)	testing
1	am	f	22	6	circle	red	same	vert	up	(415, 287)	(512, 520)	True	201402	202566	up	(512, 384)	testing
1	am	f	22	6	diamond	red	dif	vert	up	(415, 287)	(648, 384)	True	203789	204860	up	(512, 384)	testing
1	am	f	22	6	circle	none	same	vert	up	N_dis	(608, 287)	True	206076	207024	up	(512, 384)	testing
1	am	f	22	6	circle	none	same	hori	left	N_dis	(415, 287)	True	208211	209297	left	(512, 384)	testing
1	am	f	22	6	diamond	red	same	hori	left	(415, 287)	(608, 480)	True	210399	211688	left	(512, 384)	testing
1	am	f	22	6	diamond	green	dif	vert	up	(415, 287)	(608, 287)	True	212801	213970	up	(512, 384)	testing
1	am	f	22	6	circle	green	dif	hori	left	(415, 287)	(415, 480)	True	215026	216177	left	(512, 384)	testing
1	am	f	22	6	diamond	red	dif	vert	up	(512, 520)	(415, 480)	True	217320	218883	up	(512, 384)	testing
1	am	f	22	6	circle	green	same	hori	left	(415, 287)	(608, 287)	True	220003	221452	left	(512, 384)	testing
1	am	f	22	6	diamond	none	dif	hori	left	N_dis	(415, 287)	True	222600	223654	left	(512, 384)	testing
1	am	f	22	6	circle	none	same	vert	up	N_dis	(608, 287)	True	224827	225831	up	(512, 384)	testing
1	am	f	22	6	diamond	green	dif	hori	left	(415, 287)	(512, 248)	True	227101	228132	left	(512, 384)	testing
1	am	f	22	6	diamond	red	dif	hori	left	(512, 520)	(376, 384)	True	229282	230790	left	(512, 384)	testing
1	am	f	22	6	diamond	none	dif	hori	left	N_dis	(512, 248)	True	232034	233492	left	(512, 384)	testing
1	am	f	22	6	circle	green	same	vert	up	(415, 287)	(608, 480)	True	234732	236922	up	(512, 384)	testing
1	am	f	22	6	circle	red	dif	vert	up	(415, 287)	(512, 248)	True	238152	239380	up	(512, 384)	testing
1	am	f	22	6	circle	none	same	vert	up	N_dis	(512, 520)	True	240430	241616	up	(512, 384)	testing
1	am	f	22	6	diamond	none	dif	vert	up	N_dis	(415, 480)	True	242835	244416	up	(512, 384)	testing
1	am	f	22	6	circle	none	same	hori	left	N_dis	(376, 384)	True	245496	246689	left	(512, 384)	testing
1	am	f	22	6	diamond	none	dif	hori	left	N_dis	(512, 520)	True	247809	249129	left	(512, 384)	testing
1	am	f	22	6	circle	red	same	hori	left	(415, 287)	(608, 480)	True	250253	251302	left	(512, 384)	testing
1	am	f	22	6	circle	red	dif	vert	up	(415, 287)	(376, 384)	True	252523	253588	up	(512, 384)	testing
1	am	f	22	6	diamond	red	same	vert	up	(512, 520)	(648, 384)	True	254762	256316	up	(512, 384)	testing
1	am	f	22	6	diamond	green	dif	vert	up	(512, 248)	(608, 480)	True	257495	258462	up	(512, 384)	testing
1	am	f	22	6	diamond	green	dif	hori	left	(415, 287)	(512, 520)	True	259533	260582	left	(512, 384)	testing
1	am	f	22	6	circle	red	same	vert	up	(415, 287)	(648, 384)	True	261726	262983	up	(512, 384)	testing
1	am	f	22	6	circle	red	dif	hori	left	(415, 287)	(648, 384)	True	264015	264930	left	(512, 384)	testing
1	am	f	22	6	circle	green	dif	vert	up	(415, 287)	(512, 520)	True	266042	267108	up	(512, 384)	testing
1	am	f	22	6	circle	red	same	vert	up	(415, 287)	(512, 520)	True	268265	269131	up	(512, 384)	testing
1	am	f	22	6	circle	green	dif	hori	left	(415, 287)	(648, 384)	True	270257	271080	left	(512, 384)	testing
1	am	f	22	6	circle	none	dif	vert	up	N_dis	(415, 480)	True	272196	273157	up	(512, 384)	testing
1	am	f	22	6	circle	red	same	vert	up	(415, 287)	(512, 520)	True	274195	275682	up	(512, 384)	testing
1	am	f	22	6	diamond	green	dif	vert	up	(512, 248)	(608, 480)	True	276878	277825	up	(512, 384)	testing
1	am	f	22	6	circle	none	dif	hori	left	N_dis	(415, 480)	True	279049	279817	left	(512, 384)	testing
1	am	f	22	6	circle	red	same	hori	left	(415, 287)	(608, 480)	True	280894	282325	left	(512, 384)	testing
1	am	f	22	6	diamond	none	dif	vert	up	N_dis	(608, 480)	True	283415	284852	up	(512, 384)	testing
1	am	f	22	6	diamond	red	same	vert	up	(415, 287)	(608, 287)	True	286109	287694	up	(512, 384)	testing
1	am	f	22	6	circle	none	dif	vert	up	N_dis	(415, 480)	True	288718	290009	up	(512, 384)	testing
1	am	f	22	6	diamond	red	same	hori	left	(415, 287)	(415, 480)	True	291242	293172	left	(512, 384)	testing
1	am	f	22	6	circle	none	dif	vert	up	N_dis	(415, 480)	True	294333	295719	up	(512, 384)	testing
1	am	f	22	6	diamond	none	dif	hori	left	N_dis	(608, 480)	True	296935	298116	left	(512, 384)	testing
1	am	f	22	6	diamond	red	dif	vert	up	(415, 287)	(648, 384)	True	299266	300923	up	(512, 384)	testing
1	am	f	22	6	diamond	green	same	hori	left	(608, 480)	(648, 384)	True	302164	303412	left	(512, 384)	testing
1	am	f	22	6	circle	none	same	hori	left	N_dis	(512, 248)	True	304635	305842	left	(512, 384)	testing
1	am	f	22	6	diamond	green	same	vert	up	(415, 287)	(512, 248)	True	307060	309086	up	(512, 384)	testing
1	am	f	22	6	diamond	none	same	hori	left	N_dis	(376, 384)	True	310258	311288	left	(512, 384)	testing
1	am	f	22	6	diamond	none	same	hori	left	N_dis	(648, 384)	True	312343	313600	left	(512, 384)	testing
1	am	f	22	6	diamond	green	dif	hori	left	(415, 287)	(512, 248)	True	314644	315984	left	(512, 384)	testing
1	am	f	22	6	circle	none	same	hori	left	N_dis	(512, 520)	True	317236	318843	left	(512, 384)	testing
1	am	f	22	6	circle	none	dif	hori	left	N_dis	(648, 384)	True	319888	320946	left	(512, 384)	testing
1	am	f	22	6	diamond	red	dif	vert	up	(415, 287)	(415, 480)	True	322098	323640	up	(512, 384)	testing
