subj	name	gender	age	runNum	shape	dist	td_dif	resp	resp_key	d_loc	t_loc	gotKey	startTime	respTime	resp	fix_loc	prac
1	am	f	22	5	diamond	green	same	hori	left	(415, 287)	(608, 480)	True	6693	8151	left	(512, 384)	testing
1	am	f	22	5	diamond	none	dif	vert	up	N_dis	(415, 480)	True	9403	10510	up	(512, 384)	testing
1	am	f	22	5	diamond	red	dif	hori	left	(608, 287)	(512, 248)	True	11611	12749	left	(512, 384)	testing
1	am	f	22	5	circle	red	same	hori	left	(512, 248)	(512, 520)	True	13825	15056	left	(512, 384)	testing
1	am	f	22	5	diamond	red	dif	vert	up	(415, 287)	(608, 480)	True	16324	17973	up	(512, 384)	testing
1	am	f	22	5	circle	none	same	vert	up	N_dis	(376, 384)	True	19023	20262	up	(512, 384)	testing
1	am	f	22	5	diamond	red	dif	hori	left	(415, 287)	(376, 384)	True	21500	23496	left	(512, 384)	testing
1	am	f	22	5	circle	red	dif	hori	left	(415, 287)	(415, 480)	True	24554	26438	left	(512, 384)	testing
1	am	f	22	5	circle	red	same	hori	left	(415, 287)	(376, 384)	True	27534	28751	left	(512, 384)	testing
1	am	f	22	5	diamond	green	same	hori	left	(415, 287)	(648, 384)	True	29869	31283	left	(512, 384)	testing
1	am	f	22	5	circle	none	same	vert	up	N_dis	(648, 384)	True	32470	33675	up	(512, 384)	testing
1	am	f	22	5	circle	green	same	vert	up	(415, 287)	(512, 248)	True	34801	36259	up	(512, 384)	testing
1	am	f	22	5	circle	none	dif	hori	left	N_dis	(512, 520)	True	37480	38521	left	(512, 384)	testing
1	am	f	22	5	diamond	red	same	vert	up	(415, 287)	(376, 384)	True	39643	42127	up	(512, 384)	testing
1	am	f	22	5	diamond	green	dif	vert	up	(415, 287)	(608, 480)	True	43278	44571	up	(512, 384)	testing
1	am	f	22	5	diamond	none	same	hori	left	N_dis	(415, 480)	True	45598	47251	left	(512, 384)	testing
1	am	f	22	5	diamond	green	dif	hori	left	(415, 287)	(608, 480)	True	48451	50150	left	(512, 384)	testing
1	am	f	22	5	circle	green	same	hori	left	(512, 248)	(608, 287)	True	51292	52608	left	(512, 384)	testing
1	am	f	22	5	diamond	none	dif	hori	left	N_dis	(608, 480)	True	53712	54759	left	(512, 384)	testing
1	am	f	22	5	circle	green	same	vert	up	(512, 520)	(608, 480)	True	55920	57709	up	(512, 384)	testing
1	am	f	22	5	diamond	none	dif	hori	left	N_dis	(608, 480)	True	58892	60036	left	(512, 384)	testing
1	am	f	22	5	diamond	none	dif	vert	up	N_dis	(512, 248)	True	61148	62580	up	(512, 384)	testing
1	am	f	22	5	diamond	red	same	vert	up	(608, 480)	(415, 480)	True	63718	64917	up	(512, 384)	testing
1	am	f	22	5	diamond	green	same	vert	up	(608, 287)	(512, 520)	True	66106	67476	up	(512, 384)	testing
1	am	f	22	5	circle	red	same	vert	up	(415, 287)	(512, 520)	True	68710	69814	up	(512, 384)	testing
1	am	f	22	5	circle	green	dif	vert	up	(415, 287)	(415, 480)	True	70995	72409	up	(512, 384)	testing
1	am	f	22	5	diamond	none	same	vert	up	N_dis	(376, 384)	True	73496	74828	up	(512, 384)	testing
1	am	f	22	5	diamond	green	dif	hori	left	(415, 480)	(608, 287)	True	76001	77485	left	(512, 384)	testing
1	am	f	22	5	diamond	none	same	hori	left	N_dis	(376, 384)	True	78596	79823	left	(512, 384)	testing
1	am	f	22	5	circle	none	dif	hori	left	N_dis	(608, 287)	True	81051	82225	left	(512, 384)	testing
1	am	f	22	5	circle	none	dif	hori	left	N_dis	(648, 384)	True	83311	84854	left	(512, 384)	testing
1	am	f	22	5	diamond	red	dif	vert	up	(415, 287)	(608, 480)	True	85941	87198	up	(512, 384)	testing
1	am	f	22	5	diamond	none	same	vert	up	N_dis	(512, 248)	True	88259	89801	up	(512, 384)	testing
1	am	f	22	5	circle	green	same	vert	up	(415, 287)	(608, 480)	True	90880	92683	up	(512, 384)	testing
1	am	f	22	5	diamond	red	dif	hori	left	(415, 287)	(512, 520)	True	93754	95348	left	(512, 384)	testing
1	am	f	22	5	circle	none	same	vert	up	N_dis	(608, 287)	True	96603	97849	up	(512, 384)	testing
1	am	f	22	5	circle	red	same	hori	left	(415, 287)	(512, 248)	True	99049	100296	left	(512, 384)	testing
1	am	f	22	5	diamond	green	same	hori	left	(415, 287)	(648, 384)	True	101459	102922	left	(512, 384)	testing
1	am	f	22	5	circle	green	same	hori	left	(608, 287)	(376, 384)	True	104133	105254	left	(512, 384)	testing
1	am	f	22	5	circle	none	same	vert	up	N_dis	(512, 520)	True	106365	107656	up	(512, 384)	testing
1	am	f	22	5	diamond	red	same	hori	left	(415, 287)	(376, 384)	True	108909	110259	left	(512, 384)	testing
1	am	f	22	5	circle	none	same	hori	left	N_dis	(648, 384)	True	111434	112290	left	(512, 384)	testing
1	am	f	22	5	circle	green	dif	hori	left	(415, 287)	(512, 520)	True	113377	114785	left	(512, 384)	testing
1	am	f	22	5	diamond	none	same	hori	left	N_dis	(608, 287)	True	115864	116934	left	(512, 384)	testing
1	am	f	22	5	diamond	red	same	vert	up	(648, 384)	(608, 287)	True	118037	119215	up	(512, 384)	testing
1	am	f	22	5	circle	green	same	hori	left	(512, 520)	(512, 248)	True	120480	121647	left	(512, 384)	testing
1	am	f	22	5	diamond	red	dif	vert	up	(608, 480)	(376, 384)	True	122771	123847	up	(512, 384)	testing
1	am	f	22	5	circle	red	dif	hori	left	(415, 287)	(512, 248)	True	125009	126154	left	(512, 384)	testing
1	am	f	22	5	diamond	none	dif	hori	left	N_dis	(512, 520)	True	127370	128632	left	(512, 384)	testing
1	am	f	22	5	diamond	none	dif	hori	left	N_dis	(608, 480)	True	129858	131255	left	(512, 384)	testing
1	am	f	22	5	diamond	none	same	vert	up	N_dis	(512, 248)	True	132342	133739	up	(512, 384)	testing
1	am	f	22	5	circle	none	same	hori	left	N_dis	(608, 287)	True	134872	135830	left	(512, 384)	testing
1	am	f	22	5	circle	none	dif	vert	up	N_dis	(415, 480)	True	136986	138334	up	(512, 384)	testing
1	am	f	22	5	circle	red	dif	hori	left	(415, 287)	(608, 287)	True	139577	140897	left	(512, 384)	testing
1	am	f	22	5	diamond	green	dif	vert	up	(608, 480)	(512, 248)	True	141943	143238	up	(512, 384)	testing
1	am	f	22	5	circle	green	dif	hori	left	(415, 287)	(376, 384)	True	144318	145435	left	(512, 384)	testing
1	am	f	22	5	circle	red	same	vert	up	(415, 287)	(512, 520)	True	146686	148211	up	(512, 384)	testing
1	am	f	22	5	circle	red	dif	vert	up	(415, 287)	(608, 480)	True	149274	150584	up	(512, 384)	testing
1	am	f	22	5	circle	green	same	hori	left	(415, 287)	(376, 384)	True	151822	152852	left	(512, 384)	testing
1	am	f	22	5	circle	green	dif	vert	up	(376, 384)	(648, 384)	True	154078	155287	up	(512, 384)	testing
1	am	f	22	5	diamond	none	same	hori	left	N_dis	(415, 480)	True	156387	158498	left	(512, 384)	testing
1	am	f	22	5	circle	red	dif	hori	left	(415, 287)	(415, 480)	True	159741	161329	left	(512, 384)	testing
1	am	f	22	5	diamond	green	same	vert	up	(415, 287)	(512, 248)	True	162533	164162	up	(512, 384)	testing
1	am	f	22	5	diamond	red	same	hori	left	(415, 287)	(608, 287)	True	165397	166675	left	(512, 384)	testing
1	am	f	22	5	diamond	green	dif	hori	left	(415, 287)	(648, 384)	True	167754	169062	left	(512, 384)	testing
1	am	f	22	5	diamond	green	same	hori	left	(415, 287)	(608, 287)	True	170321	171574	left	(512, 384)	testing
1	am	f	22	5	diamond	red	same	hori	left	(415, 287)	(512, 248)	True	172622	174288	left	(512, 384)	testing
1	am	f	22	5	circle	none	dif	hori	left	N_dis	(415, 287)	True	175508	176633	left	(512, 384)	testing
1	am	f	22	5	circle	green	dif	hori	left	(512, 520)	(415, 480)	True	177796	178995	left	(512, 384)	testing
1	am	f	22	5	circle	green	same	vert	up	(608, 480)	(376, 384)	True	180158	181524	up	(512, 384)	testing
1	am	f	22	5	diamond	none	dif	hori	left	N_dis	(608, 480)	True	182617	183809	left	(512, 384)	testing
1	am	f	22	5	circle	red	dif	vert	up	(415, 287)	(608, 480)	True	184877	186119	up	(512, 384)	testing
1	am	f	22	5	diamond	none	same	hori	left	N_dis	(415, 480)	True	187261	189001	left	(512, 384)	testing
1	am	f	22	5	diamond	green	same	vert	up	(415, 287)	(648, 384)	True	190136	191769	up	(512, 384)	testing
1	am	f	22	5	diamond	red	dif	vert	up	(415, 287)	(512, 520)	True	192915	194542	up	(512, 384)	testing
1	am	f	22	5	diamond	green	same	vert	up	(648, 384)	(415, 480)	True	195792	197154	up	(512, 384)	testing
1	am	f	22	5	circle	green	dif	vert	up	(415, 287)	(376, 384)	True	198222	200263	up	(512, 384)	testing
1	am	f	22	5	circle	none	dif	vert	up	N_dis	(648, 384)	True	201498	202978	up	(512, 384)	testing
1	am	f	22	5	circle	red	dif	hori	left	(512, 248)	(608, 480)	True	204016	205276	left	(512, 384)	testing
1	am	f	22	5	diamond	green	dif	hori	left	(415, 287)	(512, 520)	True	206453	207717	left	(512, 384)	testing
1	am	f	22	5	circle	red	dif	vert	up	(415, 287)	(608, 287)	True	208820	210048	up	(512, 384)	testing
1	am	f	22	5	circle	none	same	vert	up	N_dis	(376, 384)	True	211187	212284	up	(512, 384)	testing
1	am	f	22	5	diamond	red	dif	hori	left	(415, 287)	(512, 248)	True	213354	214896	left	(512, 384)	testing
1	am	f	22	5	circle	red	same	hori	left	(415, 287)	(608, 480)	True	216037	217337	left	(512, 384)	testing
1	am	f	22	5	circle	none	dif	hori	left	N_dis	(608, 287)	True	218409	219517	left	(512, 384)	testing
1	am	f	22	5	circle	red	dif	vert	up	(376, 384)	(512, 248)	True	220669	221861	up	(512, 384)	testing
1	am	f	22	5	diamond	none	dif	vert	up	N_dis	(512, 248)	True	223109	224351	up	(512, 384)	testing
1	am	f	22	5	circle	red	dif	vert	up	(415, 480)	(376, 384)	True	225593	226803	up	(512, 384)	testing
1	am	f	22	5	circle	none	dif	vert	up	N_dis	(415, 287)	True	228065	229145	up	(512, 384)	testing
1	am	f	22	5	diamond	green	dif	vert	up	(415, 287)	(512, 520)	True	230331	231376	up	(512, 384)	testing
1	am	f	22	5	diamond	green	same	vert	up	(415, 287)	(415, 480)	True	232461	234303	up	(512, 384)	testing
1	am	f	22	5	circle	none	same	hori	left	N_dis	(512, 520)	True	235389	236522	left	(512, 384)	testing
1	am	f	22	5	circle	green	dif	vert	up	(415, 287)	(608, 287)	True	237587	238930	up	(512, 384)	testing
1	am	f	22	5	diamond	none	dif	vert	up	N_dis	(415, 287)	True	240085	241200	up	(512, 384)	testing
1	am	f	22	5	circle	none	same	hori	left	N_dis	(415, 287)	True	242283	243325	left	(512, 384)	testing
1	am	f	22	5	diamond	red	same	hori	left	(415, 287)	(648, 384)	True	244558	245724	left	(512, 384)	testing
1	am	f	22	5	diamond	none	same	vert	up	N_dis	(608, 480)	True	246920	248160	up	(512, 384)	testing
1	am	f	22	5	circle	none	dif	vert	up	N_dis	(648, 384)	True	249387	250596	up	(512, 384)	testing
1	am	f	22	5	diamond	green	dif	vert	up	(648, 384)	(608, 480)	True	251810	252924	up	(512, 384)	testing
1	am	f	22	5	circle	green	dif	hori	left	(415, 287)	(512, 248)	True	254054	255211	left	(512, 384)	testing
1	am	f	22	5	circle	none	same	hori	left	N_dis	(512, 520)	True	256306	257385	left	(512, 384)	testing
1	am	f	22	5	circle	red	same	vert	up	(415, 287)	(648, 384)	True	258560	259696	up	(512, 384)	testing
1	am	f	22	5	diamond	green	dif	vert	up	(415, 287)	(608, 480)	True	260793	261959	up	(512, 384)	testing
1	am	f	22	5	circle	none	dif	vert	up	N_dis	(512, 248)	True	263037	264223	up	(512, 384)	testing
1	am	f	22	5	circle	red	same	vert	up	(415, 287)	(608, 287)	True	265337	266497	up	(512, 384)	testing
1	am	f	22	5	diamond	none	dif	vert	up	N_dis	(415, 287)	True	267682	268979	up	(512, 384)	testing
1	am	f	22	5	circle	green	same	hori	left	(415, 480)	(648, 384)	True	270038	271169	left	(512, 384)	testing
1	am	f	22	5	diamond	red	same	hori	left	(376, 384)	(512, 520)	True	272327	273462	left	(512, 384)	testing
1	am	f	22	5	circle	green	dif	vert	up	(415, 480)	(648, 384)	True	274575	276003	up	(512, 384)	testing
1	am	f	22	5	diamond	red	dif	vert	up	(415, 287)	(415, 480)	True	277027	278839	up	(512, 384)	testing
1	am	f	22	5	diamond	red	same	vert	up	(415, 287)	(648, 384)	True	280018	281749	up	(512, 384)	testing
1	am	f	22	5	circle	green	dif	hori	left	(608, 287)	(608, 480)	True	282862	284011	left	(512, 384)	testing
1	am	f	22	5	diamond	red	same	vert	up	(415, 287)	(415, 480)	True	285101	286700	up	(512, 384)	testing
1	am	f	22	5	diamond	red	dif	hori	left	(648, 384)	(512, 248)	True	287851	289724	left	(512, 384)	testing
1	am	f	22	5	circle	red	same	hori	left	(415, 287)	(608, 287)	True	290882	292298	left	(512, 384)	testing
1	am	f	22	5	circle	green	same	vert	up	(376, 384)	(648, 384)	True	293446	295157	up	(512, 384)	testing
1	am	f	22	5	diamond	green	dif	hori	left	(512, 520)	(512, 248)	True	296296	297613	left	(512, 384)	testing
1	am	f	22	5	circle	red	same	vert	up	(415, 287)	(415, 480)	True	298795	300500	up	(512, 384)	testing
1	am	f	22	5	diamond	green	same	hori	left	(512, 248)	(415, 480)	True	301706	302962	up	(512, 384)	testing
1	am	f	22	5	diamond	none	same	vert	up	N_dis	(376, 384)	True	305611	306995	up	(512, 384)	testing
