subj	name	gender	age	runNum	shape	dist	td_dif	resp	resp_key	d_loc	t_loc	gotKey	startTime	respTime	resp	fix_loc	prac
1	am	f	22	4	circle	none	same	hori	left	N_dis	(608, 480)	True	29419	30643	left	(512, 384)	testing
1	am	f	22	4	diamond	green	dif	hori	left	(608, 287)	(512, 520)	True	31849	33234	left	(512, 384)	testing
1	am	f	22	4	diamond	none	dif	vert	up	N_dis	(415, 480)	True	34370	35514	up	(512, 384)	testing
1	am	f	22	4	circle	red	same	vert	up	(415, 287)	(608, 480)	True	36585	38099	up	(512, 384)	testing
1	am	f	22	4	circle	green	dif	hori	left	(648, 384)	(608, 287)	True	39196	40546	left	(512, 384)	testing
1	am	f	22	4	diamond	none	same	hori	left	N_dis	(415, 480)	True	41766	42998	left	(512, 384)	testing
1	am	f	22	4	diamond	green	same	hori	left	(512, 248)	(608, 287)	True	44124	45553	left	(512, 384)	testing
1	am	f	22	4	circle	red	same	vert	up	(415, 287)	(648, 384)	True	46663	48064	up	(512, 384)	testing
1	am	f	22	4	diamond	red	dif	hori	left	(415, 287)	(512, 248)	True	49194	50594	left	(512, 384)	testing
1	am	f	22	4	diamond	none	same	vert	up	N_dis	(512, 520)	True	51759	52896	up	(512, 384)	testing
1	am	f	22	4	diamond	red	same	vert	up	(415, 287)	(512, 520)	True	54069	55026	up	(512, 384)	testing
1	am	f	22	4	diamond	red	same	vert	up	(415, 287)	(415, 480)	True	56183	57335	up	(512, 384)	testing
1	am	f	22	4	circle	none	same	vert	up	N_dis	(648, 384)	True	58398	59926	up	(512, 384)	testing
1	am	f	22	4	circle	red	dif	hori	left	(376, 384)	(512, 248)	True	60967	62441	left	(512, 384)	testing
1	am	f	22	4	diamond	none	dif	hori	left	N_dis	(608, 480)	True	63687	65208	left	(512, 384)	testing
1	am	f	22	4	circle	green	same	hori	left	(608, 480)	(376, 384)	True	66431	67929	left	(512, 384)	testing
1	am	f	22	4	circle	red	dif	vert	up	(415, 287)	(415, 480)	True	69199	70282	up	(512, 384)	testing
1	am	f	22	4	diamond	red	same	vert	up	(415, 287)	(608, 287)	True	71461	72666	up	(512, 384)	testing
1	am	f	22	4	circle	none	same	vert	up	N_dis	(608, 287)	True	73912	75180	up	(512, 384)	testing
1	am	f	22	4	diamond	none	dif	hori	left	N_dis	(415, 287)	True	76254	77386	left	(512, 384)	testing
1	am	f	22	4	diamond	green	same	vert	up	(415, 287)	(512, 520)	True	78587	80179	up	(512, 384)	testing
1	am	f	22	4	circle	none	dif	vert	up	N_dis	(415, 480)	True	81213	82416	up	(512, 384)	testing
1	am	f	22	4	diamond	green	dif	vert	up	(415, 480)	(376, 384)	True	83525	85519	up	(512, 384)	testing
1	am	f	22	4	circle	none	dif	hori	left	N_dis	(512, 248)	True	86631	87670	left	(512, 384)	testing
1	am	f	22	4	diamond	none	dif	vert	up	N_dis	(415, 287)	True	88707	90350	up	(512, 384)	testing
1	am	f	22	4	circle	green	dif	vert	up	(648, 384)	(512, 520)	True	91516	92737	up	(512, 384)	testing
1	am	f	22	4	circle	green	same	vert	up	(512, 520)	(376, 384)	True	93988	95309	up	(512, 384)	testing
1	am	f	22	4	circle	none	dif	vert	up	N_dis	(512, 520)	True	96399	98179	up	(512, 384)	testing
1	am	f	22	4	diamond	green	dif	vert	up	(415, 287)	(608, 287)	True	99277	100874	up	(512, 384)	testing
1	am	f	22	4	diamond	red	same	hori	left	(376, 384)	(512, 248)	True	102121	103309	left	(512, 384)	testing
1	am	f	22	4	diamond	red	dif	vert	up	(415, 287)	(608, 480)	True	104445	105842	up	(512, 384)	testing
1	am	f	22	4	diamond	none	same	hori	left	N_dis	(415, 480)	True	106915	108071	left	(512, 384)	testing
1	am	f	22	4	diamond	green	dif	hori	left	(415, 287)	(415, 480)	True	109114	111067	left	(512, 384)	testing
1	am	f	22	4	circle	green	dif	hori	left	(415, 287)	(608, 480)	True	112227	113460	left	(512, 384)	testing
1	am	f	22	4	diamond	red	same	hori	left	(648, 384)	(512, 248)	True	114709	116430	left	(512, 384)	testing
1	am	f	22	4	circle	none	dif	vert	up	N_dis	(608, 287)	True	117700	118803	up	(512, 384)	testing
1	am	f	22	4	diamond	green	same	vert	up	(415, 287)	(648, 384)	True	120053	121372	up	(512, 384)	testing
1	am	f	22	4	circle	red	same	hori	left	(415, 287)	(608, 480)	True	122612	124111	left	(512, 384)	testing
1	am	f	22	4	diamond	none	dif	vert	up	N_dis	(512, 520)	True	125260	126513	up	(512, 384)	testing
1	am	f	22	4	diamond	none	same	hori	left	N_dis	(376, 384)	True	127611	128732	left	(512, 384)	testing
1	am	f	22	4	circle	none	same	vert	up	N_dis	(376, 384)	True	130001	131062	up	(512, 384)	testing
1	am	f	22	4	diamond	red	dif	vert	up	(415, 287)	(608, 480)	True	132098	133538	up	(512, 384)	testing
1	am	f	22	4	circle	red	dif	vert	up	(415, 287)	(512, 248)	True	134682	136006	up	(512, 384)	testing
1	am	f	22	4	diamond	green	same	hori	left	(415, 287)	(608, 480)	True	137057	138591	left	(512, 384)	testing
1	am	f	22	4	circle	green	same	vert	up	(512, 248)	(512, 520)	True	139710	141427	up	(512, 384)	testing
1	am	f	22	4	diamond	red	same	hori	left	(415, 287)	(608, 480)	True	142502	143908	left	(512, 384)	testing
1	am	f	22	4	circle	none	dif	vert	up	N_dis	(376, 384)	True	145109	146352	up	(512, 384)	testing
1	am	f	22	4	circle	red	dif	hori	left	(415, 287)	(512, 248)	True	147434	148940	left	(512, 384)	testing
1	am	f	22	4	circle	none	dif	vert	up	N_dis	(376, 384)	True	150206	151379	up	(512, 384)	testing
1	am	f	22	4	diamond	green	same	hori	left	(608, 480)	(512, 520)	True	152438	154380	left	(512, 384)	testing
1	am	f	22	4	diamond	green	dif	hori	left	(415, 287)	(608, 287)	True	155504	157056	left	(512, 384)	testing
1	am	f	22	4	diamond	none	same	vert	up	N_dis	(608, 480)	True	158297	159458	up	(512, 384)	testing
1	am	f	22	4	circle	none	same	vert	up	N_dis	(415, 287)	True	160730	161982	up	(512, 384)	testing
1	am	f	22	4	circle	none	dif	hori	left	N_dis	(648, 384)	True	163070	164276	left	(512, 384)	testing
1	am	f	22	4	circle	green	dif	vert	up	(415, 287)	(608, 287)	True	165371	166938	up	(512, 384)	testing
1	am	f	22	4	diamond	green	dif	vert	up	(415, 287)	(376, 384)	True	168081	169325	up	(512, 384)	testing
1	am	f	22	4	diamond	red	dif	hori	left	(608, 287)	(512, 248)	True	170397	172406	left	(512, 384)	testing
1	am	f	22	4	circle	red	dif	vert	up	(608, 480)	(415, 480)	True	173534	175489	up	(512, 384)	testing
1	am	f	22	4	circle	none	dif	hori	left	N_dis	(608, 480)	True	176646	177913	left	(512, 384)	testing
1	am	f	22	4	diamond	none	dif	vert	up	N_dis	(512, 248)	True	179096	180434	up	(512, 384)	testing
1	am	f	22	4	circle	red	dif	vert	up	(648, 384)	(512, 248)	True	181516	182892	up	(512, 384)	testing
1	am	f	22	4	diamond	red	dif	vert	up	(415, 287)	(415, 480)	True	183939	186410	up	(512, 384)	testing
1	am	f	22	4	diamond	none	dif	hori	left	N_dis	(608, 287)	True	187500	188809	left	(512, 384)	testing
1	am	f	22	4	circle	green	dif	vert	up	(415, 287)	(512, 520)	True	190075	191591	up	(512, 384)	testing
1	am	f	22	4	diamond	green	same	vert	up	(415, 287)	(512, 520)	True	192763	193984	up	(512, 384)	testing
1	am	f	22	4	circle	none	same	hori	left	N_dis	(512, 248)	True	195147	196405	left	(512, 384)	testing
1	am	f	22	4	circle	red	same	hori	left	(415, 287)	(376, 384)	True	197602	199044	left	(512, 384)	testing
1	am	f	22	4	diamond	red	dif	vert	up	(415, 480)	(608, 480)	True	200125	201875	up	(512, 384)	testing
1	am	f	22	4	diamond	green	same	hori	left	(415, 287)	(608, 480)	True	202968	204839	left	(512, 384)	testing
1	am	f	22	4	circle	red	dif	vert	up	(415, 287)	(415, 480)	True	205984	207692	up	(512, 384)	testing
1	am	f	22	4	diamond	green	same	hori	left	(512, 520)	(608, 287)	True	208735	210446	left	(512, 384)	testing
1	am	f	22	4	circle	green	dif	hori	left	(415, 287)	(376, 384)	True	211476	212967	left	(512, 384)	testing
1	am	f	22	4	diamond	red	dif	vert	up	(512, 248)	(512, 520)	True	214065	215803	up	(512, 384)	testing
1	am	f	22	4	diamond	green	dif	hori	left	(415, 287)	(415, 480)	True	216974	218335	left	(512, 384)	testing
1	am	f	22	4	circle	green	same	vert	up	(415, 287)	(512, 248)	True	219396	220830	up	(512, 384)	testing
1	am	f	22	4	diamond	none	dif	hori	left	N_dis	(648, 384)	True	222077	223182	left	(512, 384)	testing
1	am	f	22	4	diamond	green	dif	vert	up	(415, 287)	(512, 248)	True	224248	225448	up	(512, 384)	testing
1	am	f	22	4	diamond	none	same	hori	left	N_dis	(608, 287)	True	226518	227721	left	(512, 384)	testing
1	am	f	22	4	diamond	green	same	vert	up	(512, 248)	(512, 520)	True	228803	230093	up	(512, 384)	testing
1	am	f	22	4	circle	none	same	hori	left	N_dis	(512, 520)	True	231202	232794	left	(512, 384)	testing
1	am	f	22	4	circle	none	dif	hori	left	N_dis	(512, 520)	True	233993	235191	left	(512, 384)	testing
1	am	f	22	4	diamond	none	dif	vert	up	N_dis	(608, 480)	True	236410	237617	up	(512, 384)	testing
1	am	f	22	4	circle	red	same	vert	up	(376, 384)	(512, 520)	True	238834	240196	up	(512, 384)	testing
1	am	f	22	4	circle	green	same	vert	up	(608, 480)	(608, 287)	True	241310	242732	up	(512, 384)	testing
1	am	f	22	4	circle	none	same	vert	up	N_dis	(512, 248)	True	243773	245378	up	(512, 384)	testing
1	am	f	22	4	circle	green	same	hori	left	(415, 287)	(512, 248)	True	246404	247785	left	(512, 384)	testing
1	am	f	22	4	circle	green	dif	vert	up	(415, 287)	(608, 480)	True	248978	250666	up	(512, 384)	testing
1	am	f	22	4	circle	none	same	hori	left	N_dis	(608, 287)	True	251751	252951	left	(512, 384)	testing
1	am	f	22	4	circle	red	dif	hori	left	(415, 287)	(608, 480)	True	254040	255336	left	(512, 384)	testing
1	am	f	22	4	diamond	red	same	hori	left	(415, 287)	(376, 384)	True	256430	257703	left	(512, 384)	testing
1	am	f	22	4	circle	green	same	hori	left	(415, 287)	(608, 287)	True	258809	259971	left	(512, 384)	testing
1	am	f	22	4	diamond	red	same	vert	up	(512, 520)	(608, 480)	True	261008	262452	up	(512, 384)	testing
1	am	f	22	4	circle	green	same	hori	left	(415, 287)	(648, 384)	True	263582	265001	left	(512, 384)	testing
1	am	f	22	4	circle	red	same	hori	left	(415, 287)	(648, 384)	True	266203	267329	left	(512, 384)	testing
1	am	f	22	4	diamond	red	dif	hori	left	(415, 287)	(608, 287)	True	268589	269955	left	(512, 384)	testing
1	am	f	22	4	diamond	none	same	hori	left	N_dis	(415, 287)	True	271184	272613	left	(512, 384)	testing
1	am	f	22	4	diamond	red	same	hori	left	(376, 384)	(512, 520)	True	273780	275195	left	(512, 384)	testing
1	am	f	22	4	diamond	green	dif	vert	up	(512, 520)	(608, 287)	True	276414	278080	up	(512, 384)	testing
1	am	f	22	4	circle	green	dif	vert	up	(415, 480)	(648, 384)	True	279311	281289	up	(512, 384)	testing
1	am	f	22	4	circle	red	same	hori	left	(608, 287)	(415, 480)	True	282433	283722	left	(512, 384)	testing
1	am	f	22	4	circle	red	same	vert	up	(415, 287)	(512, 520)	True	284846	286028	up	(512, 384)	testing
1	am	f	22	4	circle	red	same	hori	left	(415, 287)	(648, 384)	True	287223	288582	left	(512, 384)	testing
1	am	f	22	4	diamond	red	dif	hori	left	(415, 287)	(648, 384)	True	289786	290983	left	(512, 384)	testing
1	am	f	22	4	circle	red	dif	hori	left	(415, 287)	(608, 287)	True	292122	293384	left	(512, 384)	testing
1	am	f	22	4	diamond	none	same	vert	up	N_dis	(415, 480)	True	294502	295664	up	(512, 384)	testing
1	am	f	22	4	diamond	none	same	vert	up	N_dis	(648, 384)	True	296785	298469	up	(512, 384)	testing
1	am	f	22	4	circle	red	same	vert	up	(415, 287)	(512, 248)	True	299695	300973	up	(512, 384)	testing
1	am	f	22	4	diamond	green	dif	hori	left	(415, 480)	(648, 384)	True	302119	303829	left	(512, 384)	testing
1	am	f	22	4	circle	none	dif	hori	left	N_dis	(648, 384)	True	304967	306150	left	(512, 384)	testing
1	am	f	22	4	diamond	red	dif	hori	left	(415, 287)	(415, 480)	True	307190	308507	left	(512, 384)	testing
1	am	f	22	4	diamond	none	dif	hori	left	N_dis	(512, 248)	True	309753	311134	left	(512, 384)	testing
1	am	f	22	4	circle	green	dif	hori	left	(415, 287)	(648, 384)	True	312316	313491	left	(512, 384)	testing
1	am	f	22	4	circle	red	dif	hori	left	(415, 287)	(376, 384)	True	314580	316456	left	(512, 384)	testing
1	am	f	22	4	diamond	none	same	vert	up	N_dis	(415, 287)	True	317596	318902	up	(512, 384)	testing
1	am	f	22	4	circle	green	dif	hori	left	(608, 287)	(512, 248)	True	320119	321483	left	(512, 384)	testing
1	am	f	22	4	circle	none	same	hori	left	N_dis	(376, 384)	True	322755	324179	left	(512, 384)	testing
1	am	f	22	4	circle	green	same	hori	left	(415, 287)	(512, 520)	True	325367	326880	left	(512, 384)	testing
1	am	f	22	4	circle	green	same	vert	up	(415, 287)	(376, 384)	True	328056	329508	up	(512, 384)	testing
1	am	f	22	4	diamond	green	same	vert	up	(415, 287)	(376, 384)	True	330604	332040	up	(512, 384)	testing
1	am	f	22	4	diamond	red	same	vert	up	(415, 287)	(512, 520)	True	333231	334942	up	(512, 384)	testing
