subj	name	gender	age	runNum	shape	dist	td_dif	resp	resp_key	d_loc	t_loc	gotKey	startTime	respTime	resp	fix_loc	prac
1	am	f	22	10	diamond	none	same	vert	up	N_dis	(512, 520)	True	8170	9479	up	(512, 384)	testing
1	am	f	22	10	circle	red	same	vert	up	(415, 480)	(608, 287)	True	10532	11687	up	(512, 384)	testing
1	am	f	22	10	diamond	green	same	vert	up	(512, 248)	(415, 287)	True	12957	15078	up	(512, 384)	testing
1	am	f	22	10	diamond	red	same	vert	up	(512, 520)	(415, 480)	True	16220	17584	up	(512, 384)	testing
1	am	f	22	10	circle	green	dif	hori	left	(512, 520)	(608, 287)	True	18673	19624	left	(512, 384)	testing
1	am	f	22	10	circle	none	dif	hori	left	N_dis	(512, 248)	True	20684	21610	left	(512, 384)	testing
1	am	f	22	10	diamond	none	dif	vert	up	N_dis	(512, 248)	True	22824	23789	up	(512, 384)	testing
1	am	f	22	10	circle	none	same	vert	up	N_dis	(415, 287)	True	24844	26198	up	(512, 384)	testing
1	am	f	22	10	circle	red	dif	vert	up	(512, 520)	(648, 384)	True	27362	28363	up	(512, 384)	testing
1	am	f	22	10	diamond	none	same	vert	up	N_dis	(648, 384)	True	29478	30543	up	(512, 384)	testing
1	am	f	22	10	diamond	red	same	vert	up	(512, 520)	(512, 248)	True	31807	33143	up	(512, 384)	testing
1	am	f	22	10	diamond	none	same	vert	up	N_dis	(415, 287)	True	34328	36047	up	(512, 384)	testing
1	am	f	22	10	diamond	red	same	hori	left	(512, 520)	(512, 248)	True	37123	38516	left	(512, 384)	testing
1	am	f	22	10	diamond	green	same	hori	left	(512, 520)	(512, 248)	True	39775	41542	left	(512, 384)	testing
1	am	f	22	10	diamond	green	dif	vert	up	(376, 384)	(648, 384)	True	42594	43736	up	(512, 384)	testing
1	am	f	22	10	circle	red	dif	vert	up	(648, 384)	(608, 480)	True	44811	46191	up	(512, 384)	testing
1	am	f	22	10	circle	green	same	hori	left	(648, 384)	(608, 480)	True	47408	48640	left	(512, 384)	testing
1	am	f	22	10	circle	green	same	vert	up	(512, 520)	(415, 480)	True	49702	50793	up	(512, 384)	testing
1	am	f	22	10	circle	none	dif	vert	up	N_dis	(512, 520)	True	51929	52906	up	(512, 384)	testing
1	am	f	22	10	diamond	green	dif	vert	up	(512, 520)	(608, 480)	True	54161	55130	up	(512, 384)	testing
1	am	f	22	10	circle	none	dif	hori	left	N_dis	(608, 480)	True	56205	57261	left	(512, 384)	testing
1	am	f	22	10	diamond	red	same	vert	up	(512, 520)	(608, 480)	True	58374	59514	up	(512, 384)	testing
1	am	f	22	10	circle	none	dif	vert	up	N_dis	(608, 287)	True	60754	61704	up	(512, 384)	testing
1	am	f	22	10	diamond	red	same	vert	up	(512, 248)	(415, 287)	True	62744	64182	up	(512, 384)	testing
1	am	f	22	10	circle	none	same	vert	up	N_dis	(376, 384)	True	65262	66165	up	(512, 384)	testing
1	am	f	22	10	diamond	red	dif	vert	up	(512, 520)	(608, 287)	True	67340	69024	up	(512, 384)	testing
1	am	f	22	10	diamond	red	dif	vert	up	(512, 520)	(608, 480)	True	70146	71610	up	(512, 384)	testing
1	am	f	22	10	circle	red	same	vert	up	(512, 520)	(376, 384)	True	72858	73992	up	(512, 384)	testing
1	am	f	22	10	diamond	green	same	hori	left	(512, 520)	(415, 287)	True	75151	76293	left	(512, 384)	testing
1	am	f	22	10	circle	none	same	hori	left	N_dis	(512, 520)	True	77441	78623	left	(512, 384)	testing
1	am	f	22	10	diamond	none	dif	hori	left	N_dis	(608, 287)	True	79711	80802	left	(512, 384)	testing
1	am	f	22	10	diamond	green	dif	vert	up	(512, 520)	(512, 248)	True	81983	83251	up	(512, 384)	testing
1	am	f	22	10	circle	red	dif	hori	left	(512, 520)	(415, 287)	True	84336	85740	left	(512, 384)	testing
1	am	f	22	10	diamond	none	dif	hori	left	N_dis	(512, 520)	True	87001	88363	left	(512, 384)	testing
1	am	f	22	10	diamond	none	dif	hori	left	N_dis	(415, 287)	True	89496	90591	left	(512, 384)	testing
1	am	f	22	10	circle	green	dif	vert	up	(608, 287)	(415, 287)	True	91822	93384	up	(512, 384)	testing
1	am	f	22	10	circle	none	same	vert	up	N_dis	(608, 480)	True	94619	95748	up	(512, 384)	testing
1	am	f	22	10	diamond	red	dif	hori	left	(415, 287)	(376, 384)	True	97001	98104	left	(512, 384)	testing
1	am	f	22	10	circle	none	dif	vert	up	N_dis	(512, 248)	True	99235	100409	up	(512, 384)	testing
1	am	f	22	10	circle	green	dif	hori	left	(512, 520)	(376, 384)	True	101607	102899	left	(512, 384)	testing
1	am	f	22	10	diamond	red	dif	vert	up	(608, 480)	(648, 384)	True	103989	105700	up	(512, 384)	testing
1	am	f	22	10	diamond	none	dif	hori	left	N_dis	(608, 287)	True	106727	107940	left	(512, 384)	testing
1	am	f	22	10	circle	red	same	vert	up	(512, 520)	(608, 287)	True	109071	110357	up	(512, 384)	testing
1	am	f	22	10	circle	none	same	vert	up	N_dis	(512, 248)	True	111570	112625	up	(512, 384)	testing
1	am	f	22	10	circle	green	dif	hori	left	(512, 520)	(648, 384)	True	113858	114863	left	(512, 384)	testing
1	am	f	22	10	diamond	none	same	hori	left	N_dis	(415, 480)	True	115951	117041	left	(512, 384)	testing
1	am	f	22	10	diamond	green	dif	hori	left	(512, 520)	(512, 248)	True	118264	120110	left	(512, 384)	testing
1	am	f	22	10	diamond	green	dif	hori	left	(512, 248)	(415, 287)	True	121264	122597	left	(512, 384)	testing
1	am	f	22	10	diamond	none	dif	vert	up	N_dis	(415, 287)	True	123680	124888	up	(512, 384)	testing
1	am	f	22	10	diamond	none	dif	vert	up	N_dis	(648, 384)	True	126040	127612	up	(512, 384)	testing
1	am	f	22	10	circle	red	same	hori	left	(415, 287)	(415, 480)	True	128749	130030	left	(512, 384)	testing
1	am	f	22	10	circle	none	same	hori	left	N_dis	(415, 287)	True	131269	132204	left	(512, 384)	testing
1	am	f	22	10	circle	red	dif	hori	left	(512, 520)	(376, 384)	True	133424	134432	left	(512, 384)	testing
1	am	f	22	10	diamond	red	dif	hori	left	(512, 520)	(415, 287)	True	135689	136753	left	(512, 384)	testing
1	am	f	22	10	circle	none	dif	hori	left	N_dis	(608, 480)	True	137994	138903	left	(512, 384)	testing
1	am	f	22	10	diamond	green	dif	vert	up	(512, 520)	(415, 480)	True	140125	141522	up	(512, 384)	testing
1	am	f	22	10	diamond	green	same	hori	left	(512, 520)	(648, 384)	True	142674	143815	left	(512, 384)	testing
1	am	f	22	10	circle	none	dif	vert	up	N_dis	(376, 384)	True	144956	146071	up	(512, 384)	testing
1	am	f	22	10	circle	none	dif	hori	left	N_dis	(376, 384)	True	147260	148200	left	(512, 384)	testing
1	am	f	22	10	circle	green	same	hori	left	(512, 520)	(376, 384)	True	149300	150731	left	(512, 384)	testing
1	am	f	22	10	circle	none	same	hori	left	N_dis	(415, 480)	True	151922	152946	left	(512, 384)	testing
1	am	f	22	10	diamond	green	dif	hori	left	(512, 520)	(512, 248)	True	154131	155303	left	(512, 384)	testing
1	am	f	22	10	diamond	green	same	hori	left	(512, 520)	(608, 287)	True	156332	157775	left	(512, 384)	testing
1	am	f	22	10	diamond	green	dif	hori	left	(376, 384)	(415, 480)	True	158987	160608	left	(512, 384)	testing
1	am	f	22	10	circle	green	dif	hori	left	(415, 287)	(608, 287)	True	161819	163183	left	(512, 384)	testing
1	am	f	22	10	diamond	none	same	vert	up	N_dis	(608, 480)	True	164409	165909	up	(512, 384)	testing
1	am	f	22	10	diamond	green	same	hori	left	(415, 287)	(608, 287)	True	167051	168082	left	(512, 384)	testing
1	am	f	22	10	diamond	red	same	vert	up	(608, 480)	(512, 248)	True	169321	170290	up	(512, 384)	testing
1	am	f	22	10	circle	red	same	vert	up	(376, 384)	(648, 384)	True	171490	172575	up	(512, 384)	testing
1	am	f	22	10	circle	red	same	hori	left	(512, 520)	(512, 248)	True	173710	174751	left	(512, 384)	testing
1	am	f	22	10	circle	green	same	vert	up	(512, 520)	(415, 287)	True	175961	176912	up	(512, 384)	testing
1	am	f	22	10	circle	red	same	vert	up	(648, 384)	(608, 287)	True	178049	179113	up	(512, 384)	testing
1	am	f	22	10	diamond	green	same	vert	up	(512, 520)	(415, 287)	True	180200	181356	up	(512, 384)	testing
1	am	f	22	10	circle	none	dif	vert	up	N_dis	(376, 384)	True	182596	183722	up	(512, 384)	testing
1	am	f	22	10	circle	red	dif	vert	up	(608, 287)	(608, 480)	True	184989	185940	up	(512, 384)	testing
1	am	f	22	10	diamond	none	dif	vert	up	N_dis	(608, 480)	True	187189	188709	up	(512, 384)	testing
1	am	f	22	10	circle	red	same	hori	left	(512, 520)	(512, 248)	True	189801	190964	left	(512, 384)	testing
1	am	f	22	10	circle	red	same	hori	left	(512, 520)	(415, 480)	True	192189	193139	left	(512, 384)	testing
1	am	f	22	10	circle	green	dif	vert	up	(512, 520)	(415, 480)	True	194400	195284	up	(512, 384)	testing
1	am	f	22	10	diamond	red	same	hori	left	(512, 520)	(608, 480)	True	196484	197917	left	(512, 384)	testing
1	am	f	22	10	diamond	none	dif	hori	left	N_dis	(648, 384)	True	199015	199928	left	(512, 384)	testing
1	am	f	22	10	diamond	none	dif	vert	up	N_dis	(648, 384)	True	200990	202263	up	(512, 384)	testing
1	am	f	22	10	circle	red	dif	hori	left	(608, 480)	(512, 248)	True	203531	204332	left	(512, 384)	testing
1	am	f	22	10	circle	green	same	hori	left	(512, 520)	(608, 480)	True	205570	206497	left	(512, 384)	testing
1	am	f	22	10	circle	green	same	hori	left	(512, 520)	(608, 480)	True	207714	208580	left	(512, 384)	testing
1	am	f	22	10	diamond	green	dif	hori	left	(512, 520)	(376, 384)	True	209720	210714	left	(512, 384)	testing
1	am	f	22	10	circle	red	dif	hori	left	(512, 520)	(376, 384)	True	211774	212533	left	(512, 384)	testing
1	am	f	22	10	circle	green	dif	vert	up	(608, 287)	(376, 384)	True	213798	214892	up	(512, 384)	testing
1	am	f	22	10	diamond	red	dif	vert	up	(608, 287)	(415, 480)	True	216065	217111	up	(512, 384)	testing
1	am	f	22	10	circle	green	dif	vert	up	(512, 520)	(415, 480)	True	218162	219103	up	(512, 384)	testing
1	am	f	22	10	circle	red	dif	vert	up	(512, 520)	(648, 384)	True	220306	221248	up	(512, 384)	testing
1	am	f	22	10	circle	none	same	vert	up	N_dis	(608, 287)	True	222379	224326	up	(512, 384)	testing
1	am	f	22	10	circle	none	same	hori	left	N_dis	(512, 248)	True	225519	226668	left	(512, 384)	testing
1	am	f	22	10	diamond	red	same	hori	left	(512, 520)	(648, 384)	True	227859	229080	left	(512, 384)	testing
1	am	f	22	10	diamond	red	dif	hori	left	(512, 520)	(608, 287)	True	230338	231274	left	(512, 384)	testing
1	am	f	22	10	diamond	green	same	vert	up	(376, 384)	(608, 480)	True	232380	233943	up	(512, 384)	testing
1	am	f	22	10	circle	red	same	hori	left	(512, 248)	(415, 480)	True	235003	235992	left	(512, 384)	testing
1	am	f	22	10	circle	green	same	vert	up	(512, 520)	(512, 248)	True	237023	238082	up	(512, 384)	testing
1	am	f	22	10	diamond	none	same	hori	left	N_dis	(376, 384)	True	239294	240569	left	(512, 384)	testing
1	am	f	22	10	diamond	red	same	hori	left	(512, 520)	(648, 384)	True	241824	242802	left	(512, 384)	testing
1	am	f	22	10	diamond	red	dif	hori	left	(512, 520)	(512, 248)	True	243994	244909	left	(512, 384)	testing
1	am	f	22	10	diamond	none	same	vert	up	N_dis	(415, 480)	True	246029	247153	up	(512, 384)	testing
1	am	f	22	10	circle	green	same	vert	up	(512, 520)	(648, 384)	True	248380	249808	up	(512, 384)	testing
1	am	f	22	10	diamond	red	dif	vert	up	(512, 520)	(415, 480)	True	250848	251851	up	(512, 384)	testing
1	am	f	22	10	circle	none	same	hori	left	N_dis	(608, 287)	True	252969	253757	left	(512, 384)	testing
1	am	f	22	10	diamond	green	same	vert	up	(512, 520)	(608, 287)	True	254879	256363	up	(512, 384)	testing
1	am	f	22	10	circle	red	dif	vert	up	(512, 520)	(376, 384)	True	257625	258539	up	(512, 384)	testing
1	am	f	22	10	circle	green	dif	hori	left	(512, 520)	(608, 480)	True	259776	260873	left	(512, 384)	testing
1	am	f	22	10	diamond	green	same	vert	up	(648, 384)	(415, 480)	True	261916	263069	up	(512, 384)	testing
1	am	f	22	10	diamond	red	dif	hori	left	(415, 480)	(648, 384)	True	264272	265598	left	(512, 384)	testing
1	am	f	22	10	circle	green	dif	vert	up	(512, 520)	(608, 287)	True	266865	268881	up	(512, 384)	testing
1	am	f	22	10	circle	red	dif	hori	left	(415, 480)	(376, 384)	True	270073	270884	left	(512, 384)	testing
1	am	f	22	10	diamond	none	same	hori	left	N_dis	(415, 480)	True	272090	272969	left	(512, 384)	testing
1	am	f	22	10	circle	green	same	hori	left	(512, 520)	(415, 287)	True	274203	275060	left	(512, 384)	testing
1	am	f	22	10	diamond	none	same	hori	left	N_dis	(415, 480)	True	276085	277591	left	(512, 384)	testing
1	am	f	22	10	diamond	green	dif	vert	up	(512, 520)	(415, 287)	True	278805	280185	up	(512, 384)	testing
1	am	f	22	10	diamond	none	same	hori	left	N_dis	(512, 520)	True	281354	282297	left	(512, 384)	testing
1	am	f	22	10	diamond	red	same	hori	left	(608, 480)	(648, 384)	True	283562	285287	left	(512, 384)	testing
1	am	f	22	10	circle	none	dif	hori	left	N_dis	(648, 384)	True	286404	287241	left	(512, 384)	testing
1	am	f	22	10	circle	green	same	vert	up	(415, 480)	(608, 287)	True	288277	289404	up	(512, 384)	testing
conf	1	am	f	22	10	0	0	0	space	None	None	None	None	None	None	True	341216	356389	2
