subj	name	gender	age	runNum	shape	dist	td_dif	resp	resp_key	d_loc	t_loc	gotKey	startTime	respTime	resp	fix_loc	prac
1	am	f	22	9	circle	none	dif	vert	up	N_dis	(648, 384)	True	14174	15242	up	(512, 384)	testing
1	am	f	22	9	diamond	green	same	vert	up	(512, 520)	(376, 384)	True	16510	17507	up	(512, 384)	testing
1	am	f	22	9	circle	green	same	hori	left	(415, 480)	(608, 287)	True	18640	19658	left	(512, 384)	testing
1	am	f	22	9	circle	red	same	hori	left	(608, 480)	(415, 287)	True	20871	22056	up	(512, 384)	testing
1	am	f	22	9	circle	green	same	hori	left	(512, 520)	(415, 480)	True	24737	26251	left	(512, 384)	testing
1	am	f	22	9	diamond	red	dif	vert	up	(512, 520)	(608, 480)	True	27331	28384	up	(512, 384)	testing
1	am	f	22	9	circle	green	dif	hori	left	(608, 287)	(512, 248)	True	29638	30575	left	(512, 384)	testing
1	am	f	22	9	diamond	none	dif	hori	left	N_dis	(608, 287)	True	31646	33112	left	(512, 384)	testing
1	am	f	22	9	diamond	red	same	hori	left	(608, 287)	(608, 480)	True	34369	35639	left	(512, 384)	testing
1	am	f	22	9	diamond	red	dif	hori	left	(512, 520)	(376, 384)	True	36670	37741	left	(512, 384)	testing
1	am	f	22	9	circle	red	dif	vert	up	(512, 248)	(648, 384)	True	38821	39822	up	(512, 384)	testing
1	am	f	22	9	diamond	red	dif	vert	up	(512, 520)	(608, 480)	True	41080	42185	up	(512, 384)	testing
1	am	f	22	9	diamond	none	same	vert	up	N_dis	(415, 287)	True	43351	44489	up	(512, 384)	testing
1	am	f	22	9	diamond	red	same	vert	up	(512, 520)	(415, 480)	True	45536	46771	up	(512, 384)	testing
1	am	f	22	9	circle	green	dif	vert	up	(512, 520)	(648, 384)	True	47857	49137	up	(512, 384)	testing
1	am	f	22	9	circle	none	dif	vert	up	N_dis	(415, 480)	True	50249	51271	up	(512, 384)	testing
1	am	f	22	9	circle	red	dif	hori	left	(376, 384)	(608, 480)	True	52482	53387	left	(512, 384)	testing
1	am	f	22	9	diamond	green	same	hori	left	(608, 480)	(415, 480)	True	54497	55646	left	(512, 384)	testing
1	am	f	22	9	circle	green	dif	vert	up	(512, 520)	(415, 287)	True	56685	57832	up	(512, 384)	testing
1	am	f	22	9	diamond	green	same	vert	up	(648, 384)	(376, 384)	True	59057	60314	up	(512, 384)	testing
1	am	f	22	9	circle	red	dif	vert	up	(512, 520)	(376, 384)	True	61525	62638	up	(512, 384)	testing
1	am	f	22	9	circle	red	dif	vert	up	(376, 384)	(648, 384)	True	63758	64847	up	(512, 384)	testing
1	am	f	22	9	circle	red	same	hori	left	(512, 520)	(608, 480)	True	65994	67022	left	(512, 384)	testing
1	am	f	22	9	circle	red	same	vert	up	(512, 520)	(415, 287)	True	68223	69173	up	(512, 384)	testing
1	am	f	22	9	diamond	green	same	hori	left	(512, 520)	(415, 287)	True	70439	71360	left	(512, 384)	testing
1	am	f	22	9	diamond	red	same	vert	up	(512, 520)	(376, 384)	True	72583	73616	up	(512, 384)	testing
1	am	f	22	9	circle	red	same	vert	up	(512, 520)	(608, 287)	True	74813	75799	up	(512, 384)	testing
1	am	f	22	9	circle	none	dif	hori	left	N_dis	(648, 384)	True	77006	77865	left	(512, 384)	testing
1	am	f	22	9	diamond	green	dif	hori	left	(376, 384)	(608, 287)	True	78941	80708	left	(512, 384)	testing
1	am	f	22	9	circle	none	dif	hori	left	N_dis	(376, 384)	True	81801	82828	left	(512, 384)	testing
1	am	f	22	9	circle	red	same	hori	left	(512, 520)	(648, 384)	True	83876	84846	left	(512, 384)	testing
1	am	f	22	9	diamond	none	dif	hori	left	N_dis	(376, 384)	True	85932	86883	left	(512, 384)	testing
1	am	f	22	9	diamond	green	dif	vert	up	(415, 287)	(608, 480)	True	87965	89507	up	(512, 384)	testing
1	am	f	22	9	circle	red	same	vert	up	(512, 520)	(415, 480)	True	90568	92536	up	(512, 384)	testing
1	am	f	22	9	circle	red	dif	hori	left	(512, 520)	(648, 384)	True	93644	94619	left	(512, 384)	testing
1	am	f	22	9	circle	none	same	vert	up	N_dis	(608, 287)	True	95751	96986	up	(512, 384)	testing
1	am	f	22	9	circle	none	dif	hori	left	N_dis	(415, 480)	True	98160	99122	left	(512, 384)	testing
1	am	f	22	9	diamond	red	dif	hori	left	(512, 520)	(608, 287)	True	100355	101255	left	(512, 384)	testing
1	am	f	22	9	circle	green	same	vert	up	(512, 520)	(415, 480)	True	102363	103364	up	(512, 384)	testing
1	am	f	22	9	circle	green	dif	hori	left	(608, 480)	(608, 287)	True	104433	105452	left	(512, 384)	testing
1	am	f	22	9	diamond	green	same	hori	left	(512, 520)	(608, 480)	True	106553	107671	left	(512, 384)	testing
1	am	f	22	9	diamond	none	dif	hori	left	N_dis	(415, 287)	True	108898	109908	left	(512, 384)	testing
1	am	f	22	9	diamond	red	dif	vert	up	(512, 520)	(648, 384)	True	111000	112064	up	(512, 384)	testing
1	am	f	22	9	circle	red	dif	hori	left	(512, 520)	(512, 248)	True	113272	114524	left	(512, 384)	testing
1	am	f	22	9	circle	none	dif	hori	left	N_dis	(608, 480)	True	115740	116793	left	(512, 384)	testing
1	am	f	22	9	diamond	green	dif	vert	up	(512, 520)	(415, 480)	True	117964	119457	up	(512, 384)	testing
1	am	f	22	9	diamond	red	dif	hori	left	(512, 520)	(608, 287)	True	120505	121551	left	(512, 384)	testing
1	am	f	22	9	circle	red	dif	vert	up	(512, 520)	(415, 480)	True	122709	123707	up	(512, 384)	testing
1	am	f	22	9	diamond	none	dif	vert	up	N_dis	(415, 480)	True	124763	125995	up	(512, 384)	testing
1	am	f	22	9	diamond	red	same	hori	left	(512, 520)	(608, 287)	True	127172	128219	left	(512, 384)	testing
1	am	f	22	9	diamond	green	dif	hori	left	(512, 520)	(608, 480)	True	129358	130372	left	(512, 384)	testing
1	am	f	22	9	diamond	red	same	vert	up	(648, 384)	(376, 384)	True	131495	132517	up	(512, 384)	testing
1	am	f	22	9	circle	green	same	hori	left	(512, 520)	(608, 480)	True	133697	135040	left	(512, 384)	testing
1	am	f	22	9	diamond	green	dif	hori	left	(512, 520)	(376, 384)	True	136109	137230	left	(512, 384)	testing
1	am	f	22	9	circle	red	dif	vert	up	(415, 480)	(608, 287)	True	138269	139381	up	(512, 384)	testing
1	am	f	22	9	circle	green	dif	hori	left	(512, 520)	(512, 248)	True	140550	141592	left	(512, 384)	testing
1	am	f	22	9	diamond	green	dif	hori	left	(512, 520)	(608, 480)	True	142672	143835	left	(512, 384)	testing
1	am	f	22	9	diamond	red	same	hori	left	(512, 520)	(415, 287)	True	144985	146544	left	(512, 384)	testing
1	am	f	22	9	diamond	red	same	hori	left	(608, 287)	(415, 480)	True	147629	148755	left	(512, 384)	testing
1	am	f	22	9	diamond	none	same	hori	left	N_dis	(512, 248)	True	149861	150903	left	(512, 384)	testing
1	am	f	22	9	diamond	none	same	vert	up	N_dis	(608, 287)	True	152066	153195	up	(512, 384)	testing
1	am	f	22	9	circle	green	same	vert	up	(608, 480)	(415, 480)	True	154326	155408	up	(512, 384)	testing
1	am	f	22	9	diamond	red	dif	vert	up	(415, 287)	(376, 384)	True	156513	158011	up	(512, 384)	testing
1	am	f	22	9	circle	none	same	hori	left	N_dis	(415, 287)	True	159059	160125	left	(512, 384)	testing
1	am	f	22	9	circle	none	same	hori	left	N_dis	(512, 520)	True	161271	162640	left	(512, 384)	testing
1	am	f	22	9	circle	none	dif	vert	up	N_dis	(512, 248)	True	163847	165009	up	(512, 384)	testing
1	am	f	22	9	circle	green	same	hori	left	(512, 520)	(512, 248)	True	166215	167189	left	(512, 384)	testing
1	am	f	22	9	circle	green	same	hori	left	(512, 520)	(512, 248)	True	168447	169391	left	(512, 384)	testing
1	am	f	22	9	diamond	none	dif	vert	up	N_dis	(512, 520)	True	170506	171487	up	(512, 384)	testing
1	am	f	22	9	diamond	green	dif	hori	left	(512, 520)	(608, 287)	True	172560	173511	left	(512, 384)	testing
1	am	f	22	9	circle	none	dif	vert	up	N_dis	(512, 520)	True	174743	175733	up	(512, 384)	testing
1	am	f	22	9	circle	green	dif	hori	left	(512, 520)	(512, 248)	True	176780	177890	left	(512, 384)	testing
1	am	f	22	9	circle	green	dif	hori	left	(512, 520)	(512, 248)	True	179026	179987	left	(512, 384)	testing
1	am	f	22	9	circle	green	dif	vert	up	(415, 480)	(608, 480)	True	181046	182688	up	(512, 384)	testing
1	am	f	22	9	circle	none	same	hori	left	N_dis	(512, 520)	True	183871	184763	left	(512, 384)	testing
1	am	f	22	9	diamond	none	same	vert	up	N_dis	(512, 520)	True	186004	186965	up	(512, 384)	testing
1	am	f	22	9	circle	green	dif	vert	up	(415, 287)	(415, 480)	True	188010	189186	up	(512, 384)	testing
1	am	f	22	9	circle	green	same	vert	up	(512, 520)	(415, 287)	True	190299	191207	up	(512, 384)	testing
1	am	f	22	9	circle	none	dif	vert	up	N_dis	(648, 384)	True	192480	193741	up	(512, 384)	testing
1	am	f	22	9	circle	none	same	hori	left	N_dis	(512, 248)	True	194813	195942	left	(512, 384)	testing
1	am	f	22	9	circle	green	dif	vert	up	(648, 384)	(376, 384)	True	197133	198313	up	(512, 384)	testing
1	am	f	22	9	circle	green	same	vert	up	(608, 287)	(608, 480)	True	199385	200450	up	(512, 384)	testing
1	am	f	22	9	circle	red	same	hori	left	(512, 520)	(648, 384)	True	201637	202624	left	(512, 384)	testing
1	am	f	22	9	diamond	green	dif	vert	up	(512, 248)	(608, 287)	True	203662	204844	up	(512, 384)	testing
1	am	f	22	9	diamond	none	same	hori	left	N_dis	(608, 287)	True	206079	207162	left	(512, 384)	testing
1	am	f	22	9	circle	none	same	vert	up	N_dis	(608, 480)	True	208240	209313	up	(512, 384)	testing
1	am	f	22	9	diamond	green	dif	vert	up	(512, 248)	(608, 287)	True	210577	212183	up	(512, 384)	testing
1	am	f	22	9	circle	red	same	vert	up	(512, 520)	(415, 287)	True	213430	214470	up	(512, 384)	testing
1	am	f	22	9	diamond	none	dif	vert	up	N_dis	(608, 480)	True	215552	216813	up	(512, 384)	testing
1	am	f	22	9	diamond	none	same	hori	left	N_dis	(376, 384)	True	217972	219116	left	(512, 384)	testing
1	am	f	22	9	circle	red	same	hori	left	(512, 520)	(512, 248)	True	220361	221370	left	(512, 384)	testing
1	am	f	22	9	diamond	red	dif	hori	left	(648, 384)	(608, 480)	True	222395	223438	left	(512, 384)	testing
1	am	f	22	9	diamond	green	same	hori	left	(512, 520)	(415, 287)	True	224687	225942	left	(512, 384)	testing
1	am	f	22	9	diamond	red	dif	vert	up	(512, 520)	(512, 248)	True	227018	228206	up	(512, 384)	testing
1	am	f	22	9	circle	red	dif	hori	left	(512, 520)	(376, 384)	True	229470	230576	left	(512, 384)	testing
1	am	f	22	9	circle	none	same	vert	up	N_dis	(512, 248)	True	231743	232850	up	(512, 384)	testing
1	am	f	22	9	diamond	none	same	hori	left	N_dis	(415, 480)	True	234101	235284	left	(512, 384)	testing
1	am	f	22	9	circle	none	dif	hori	left	N_dis	(415, 287)	True	236444	237837	left	(512, 384)	testing
1	am	f	22	9	circle	none	same	vert	up	N_dis	(608, 480)	True	238951	239985	up	(512, 384)	testing
1	am	f	22	9	diamond	green	same	vert	up	(512, 520)	(648, 384)	True	241209	242346	up	(512, 384)	testing
1	am	f	22	9	circle	none	same	hori	left	N_dis	(376, 384)	True	243473	244397	left	(512, 384)	testing
1	am	f	22	9	diamond	red	same	vert	up	(376, 384)	(608, 480)	True	245588	246702	up	(512, 384)	testing
1	am	f	22	9	diamond	none	same	vert	up	N_dis	(415, 480)	True	247830	248982	up	(512, 384)	testing
1	am	f	22	9	circle	none	same	vert	up	N_dis	(648, 384)	True	250207	251675	up	(512, 384)	testing
1	am	f	22	9	diamond	green	same	vert	up	(512, 520)	(648, 384)	True	252816	253938	up	(512, 384)	testing
1	am	f	22	9	circle	red	dif	hori	left	(415, 287)	(648, 384)	True	254978	256241	left	(512, 384)	testing
1	am	f	22	9	diamond	red	dif	hori	left	(512, 520)	(376, 384)	True	257402	258791	left	(512, 384)	testing
1	am	f	22	9	diamond	green	same	hori	left	(415, 480)	(608, 480)	True	259920	261100	left	(512, 384)	testing
1	am	f	22	9	diamond	none	dif	hori	left	N_dis	(512, 248)	True	262352	263549	left	(512, 384)	testing
1	am	f	22	9	diamond	none	dif	hori	left	N_dis	(648, 384)	True	264575	265620	left	(512, 384)	testing
1	am	f	22	9	diamond	none	dif	vert	up	N_dis	(376, 384)	True	266710	267764	up	(512, 384)	testing
1	am	f	22	9	diamond	red	same	hori	left	(512, 520)	(512, 248)	True	268978	270579	left	(512, 384)	testing
1	am	f	22	9	diamond	green	same	vert	up	(512, 520)	(608, 287)	True	271744	272830	up	(512, 384)	testing
1	am	f	22	9	diamond	red	same	vert	up	(512, 520)	(608, 287)	True	273927	275006	up	(512, 384)	testing
1	am	f	22	9	circle	red	same	vert	up	(512, 520)	(415, 480)	True	276150	277348	up	(512, 384)	testing
1	am	f	22	9	diamond	none	dif	vert	up	N_dis	(608, 480)	True	278605	279969	up	(512, 384)	testing
1	am	f	22	9	diamond	none	same	vert	up	N_dis	(608, 287)	True	281214	282275	up	(512, 384)	testing
1	am	f	22	9	diamond	none	same	hori	left	N_dis	(415, 287)	True	283440	285086	left	(512, 384)	testing
1	am	f	22	9	diamond	green	dif	vert	up	(512, 520)	(512, 248)	True	286191	287439	up	(512, 384)	testing
1	am	f	22	9	circle	green	same	vert	up	(512, 248)	(608, 287)	True	288696	290411	up	(512, 384)	testing
