subj	name	gender	age	runNum	shape	dist	td_dif	resp	resp_key	d_loc	t_loc	gotKey	startTime	respTime	resp	fix_loc	prac
1	zh	m	20	3	circle	green	dif	hori	left	(681, 331)	(800, 618)	True	20257	21260	left	(800, 450)	testing
1	zh	m	20	3	diamond	red	same	vert	up	(681, 331)	(632, 450)	True	22489	23725	up	(800, 450)	testing
1	zh	m	20	3	circle	none	dif	hori	left	N_dis	(800, 282)	True	24922	25885	left	(800, 450)	testing
1	zh	m	20	3	circle	green	dif	hori	left	(681, 331)	(918, 568)	True	27117	28172	left	(800, 450)	testing
1	zh	m	20	3	diamond	red	same	vert	up	(681, 331)	(918, 331)	True	29358	30413	up	(800, 450)	testing
1	zh	m	20	3	diamond	none	dif	hori	left	N_dis	(681, 331)	True	31525	32893	left	(800, 450)	testing
1	zh	m	20	3	diamond	none	dif	hori	left	N_dis	(800, 618)	True	33974	34861	left	(800, 450)	testing
1	zh	m	20	3	circle	green	same	vert	up	(632, 450)	(968, 450)	True	36037	37084	up	(800, 450)	testing
1	zh	m	20	3	diamond	green	same	hori	left	(918, 331)	(681, 568)	True	38212	39405	left	(800, 450)	testing
1	zh	m	20	3	diamond	green	dif	vert	up	(681, 331)	(681, 568)	True	40582	41741	up	(800, 450)	testing
1	zh	m	20	3	diamond	red	dif	hori	left	(681, 331)	(800, 282)	True	42837	43885	left	(800, 450)	testing
1	zh	m	20	3	diamond	green	same	hori	left	(681, 331)	(918, 568)	True	44973	46140	left	(800, 450)	testing
1	zh	m	20	3	circle	none	dif	vert	up	N_dis	(800, 282)	True	47200	48124	up	(800, 450)	testing
1	zh	m	20	3	diamond	red	dif	vert	up	(632, 450)	(968, 450)	True	49186	50141	up	(800, 450)	testing
1	zh	m	20	3	circle	green	same	vert	up	(632, 450)	(918, 331)	True	51223	52397	up	(800, 450)	testing
1	zh	m	20	3	diamond	none	same	hori	left	N_dis	(681, 568)	True	53519	54477	left	(800, 450)	testing
1	zh	m	20	3	circle	red	dif	hori	left	(681, 331)	(918, 568)	True	55568	56413	left	(800, 450)	testing
1	zh	m	20	3	diamond	green	same	vert	up	(681, 331)	(800, 618)	True	57514	58573	up	(800, 450)	testing
1	zh	m	20	3	circle	green	same	hori	left	(681, 331)	(968, 450)	True	59639	60749	left	(800, 450)	testing
1	zh	m	20	3	circle	red	dif	hori	left	(681, 331)	(632, 450)	True	61961	62909	left	(800, 450)	testing
1	zh	m	20	3	diamond	green	dif	vert	up	(918, 568)	(968, 450)	True	64177	65196	up	(800, 450)	testing
1	zh	m	20	3	diamond	red	same	hori	left	(800, 282)	(968, 450)	True	66260	67357	left	(800, 450)	testing
1	zh	m	20	3	circle	none	dif	hori	left	N_dis	(968, 450)	True	68468	69853	left	(800, 450)	testing
1	zh	m	20	3	circle	red	same	hori	left	(681, 331)	(800, 618)	True	70898	72028	left	(800, 450)	testing
1	zh	m	20	3	diamond	green	dif	hori	left	(681, 331)	(968, 450)	True	73147	74044	left	(800, 450)	testing
1	zh	m	20	3	diamond	none	dif	hori	left	N_dis	(918, 568)	True	75219	76140	left	(800, 450)	testing
1	zh	m	20	3	circle	red	same	vert	up	(681, 568)	(800, 282)	True	77204	78349	up	(800, 450)	testing
1	zh	m	20	3	diamond	green	dif	hori	left	(918, 568)	(800, 618)	True	79464	80590	left	(800, 450)	testing
1	zh	m	20	3	diamond	red	dif	vert	up	(681, 331)	(918, 331)	True	81792	82765	up	(800, 450)	testing
1	zh	m	20	3	diamond	red	same	vert	up	(681, 331)	(968, 450)	True	83887	84909	up	(800, 450)	testing
1	zh	m	20	3	diamond	none	same	hori	left	N_dis	(632, 450)	True	86170	87421	left	(800, 450)	testing
1	zh	m	20	3	circle	red	dif	vert	up	(800, 618)	(918, 331)	True	88587	89709	up	(800, 450)	testing
1	zh	m	20	3	diamond	red	same	hori	left	(681, 331)	(632, 450)	True	90941	92092	left	(800, 450)	testing
1	zh	m	20	3	diamond	red	dif	vert	up	(681, 331)	(800, 282)	True	93301	94861	left	(800, 450)	testing
1	zh	m	20	3	circle	green	dif	hori	left	(800, 618)	(681, 568)	True	97660	99164	left	(800, 450)	testing
1	zh	m	20	3	diamond	none	dif	hori	left	N_dis	(968, 450)	True	100376	101501	left	(800, 450)	testing
1	zh	m	20	3	circle	none	dif	hori	left	N_dis	(800, 618)	True	102676	103613	left	(800, 450)	testing
1	zh	m	20	3	circle	none	dif	vert	up	N_dis	(918, 568)	True	104782	105885	up	(800, 450)	testing
1	zh	m	20	3	circle	red	same	hori	left	(681, 331)	(918, 331)	True	107050	108124	left	(800, 450)	testing
1	zh	m	20	3	circle	none	same	hori	left	N_dis	(918, 568)	True	109245	110509	left	(800, 450)	testing
1	zh	m	20	3	diamond	none	same	hori	left	N_dis	(968, 450)	True	111696	112621	left	(800, 450)	testing
1	zh	m	20	3	circle	none	same	vert	up	N_dis	(681, 568)	True	113885	114685	up	(800, 450)	testing
1	zh	m	20	3	circle	none	same	vert	up	N_dis	(918, 331)	True	115845	116733	up	(800, 450)	testing
1	zh	m	20	3	circle	none	dif	hori	left	N_dis	(800, 618)	True	117922	118749	left	(800, 450)	testing
1	zh	m	20	3	diamond	red	dif	vert	up	(681, 568)	(800, 618)	True	119803	120813	up	(800, 450)	testing
1	zh	m	20	3	circle	green	dif	hori	left	(681, 331)	(918, 568)	True	121859	123052	left	(800, 450)	testing
1	zh	m	20	3	circle	none	dif	vert	up	N_dis	(632, 450)	True	124201	125469	up	(800, 450)	testing
1	zh	m	20	3	circle	green	same	vert	up	(800, 282)	(918, 568)	True	126658	127661	up	(800, 450)	testing
1	zh	m	20	3	circle	none	same	hori	left	N_dis	(800, 282)	True	128868	129693	left	(800, 450)	testing
1	zh	m	20	3	circle	none	dif	vert	up	N_dis	(800, 282)	True	130824	132269	up	(800, 450)	testing
1	zh	m	20	3	circle	green	same	hori	left	(681, 331)	(632, 450)	True	133459	134701	left	(800, 450)	testing
1	zh	m	20	3	diamond	none	dif	vert	up	N_dis	(632, 450)	True	135934	137020	up	(800, 450)	testing
1	zh	m	20	3	circle	green	same	hori	left	(918, 331)	(918, 568)	True	138306	139485	left	(800, 450)	testing
1	zh	m	20	3	diamond	none	same	hori	left	N_dis	(632, 450)	True	140590	141645	left	(800, 450)	testing
1	zh	m	20	3	circle	none	same	vert	up	N_dis	(800, 618)	True	142731	143917	up	(800, 450)	testing
1	zh	m	20	3	diamond	red	same	hori	left	(968, 450)	(800, 282)	True	145119	146236	left	(800, 450)	testing
1	zh	m	20	3	circle	green	dif	vert	up	(681, 568)	(800, 618)	True	147294	148717	up	(800, 450)	testing
1	zh	m	20	3	diamond	none	same	vert	up	N_dis	(681, 331)	True	149936	151309	up	(800, 450)	testing
1	zh	m	20	3	diamond	green	dif	vert	up	(681, 331)	(632, 450)	True	152484	153757	up	(800, 450)	testing
1	zh	m	20	3	circle	red	dif	vert	up	(681, 331)	(681, 568)	True	154920	156317	up	(800, 450)	testing
1	zh	m	20	3	circle	green	dif	vert	up	(968, 450)	(918, 331)	True	157495	158204	up	(800, 450)	testing
1	zh	m	20	3	diamond	none	dif	vert	up	N_dis	(800, 282)	True	159484	160236	up	(800, 450)	testing
1	zh	m	20	3	diamond	red	dif	hori	left	(918, 331)	(918, 568)	True	161364	163165	left	(800, 450)	testing
1	zh	m	20	3	circle	green	dif	vert	up	(681, 331)	(968, 450)	True	164350	165741	up	(800, 450)	testing
1	zh	m	20	3	diamond	green	same	hori	left	(800, 282)	(681, 568)	True	166914	168302	left	(800, 450)	testing
1	zh	m	20	3	diamond	none	same	hori	left	N_dis	(918, 331)	True	169554	170445	left	(800, 450)	testing
1	zh	m	20	3	diamond	red	dif	hori	left	(681, 331)	(800, 282)	True	171516	172781	left	(800, 450)	testing
1	zh	m	20	3	circle	red	dif	vert	up	(681, 331)	(800, 618)	True	174028	175260	up	(800, 450)	testing
1	zh	m	20	3	diamond	green	dif	hori	left	(681, 331)	(632, 450)	True	176311	177885	left	(800, 450)	testing
1	zh	m	20	3	diamond	red	dif	vert	up	(681, 331)	(800, 618)	True	179149	180349	up	(800, 450)	testing
1	zh	m	20	3	diamond	red	dif	hori	left	(681, 331)	(918, 331)	True	181607	182861	left	(800, 450)	testing
1	zh	m	20	3	diamond	none	dif	vert	up	N_dis	(632, 450)	True	184037	186028	up	(800, 450)	testing
1	zh	m	20	3	circle	green	dif	vert	up	(681, 331)	(800, 618)	True	187211	188140	up	(800, 450)	testing
1	zh	m	20	3	diamond	red	same	vert	up	(681, 331)	(681, 568)	True	189360	190286	up	(800, 450)	testing
1	zh	m	20	3	diamond	none	same	vert	up	N_dis	(800, 618)	True	191464	192317	up	(800, 450)	testing
1	zh	m	20	3	circle	none	same	hori	left	N_dis	(681, 331)	True	193481	194605	left	(800, 450)	testing
1	zh	m	20	3	diamond	green	same	vert	up	(918, 568)	(632, 450)	True	195749	197148	up	(800, 450)	testing
1	zh	m	20	3	circle	green	same	hori	left	(681, 331)	(918, 568)	True	198329	199357	left	(800, 450)	testing
1	zh	m	20	3	diamond	red	same	hori	left	(681, 331)	(918, 331)	True	200586	201661	left	(800, 450)	testing
1	zh	m	20	3	circle	green	dif	vert	up	(968, 450)	(918, 568)	True	202709	203821	up	(800, 450)	testing
1	zh	m	20	3	diamond	green	same	hori	left	(681, 568)	(968, 450)	True	205073	206188	left	(800, 450)	testing
1	zh	m	20	3	circle	green	dif	hori	left	(681, 331)	(800, 618)	True	207428	209502	left	(800, 450)	testing
1	zh	m	20	3	circle	red	same	hori	left	(681, 331)	(968, 450)	True	210596	211421	left	(800, 450)	testing
1	zh	m	20	3	diamond	none	same	vert	up	N_dis	(681, 331)	True	212572	213933	up	(800, 450)	testing
1	zh	m	20	3	diamond	none	dif	vert	up	N_dis	(681, 568)	True	215062	216060	up	(800, 450)	testing
1	zh	m	20	3	diamond	none	dif	hori	left	N_dis	(681, 568)	True	217224	218429	left	(800, 450)	testing
1	zh	m	20	3	diamond	green	dif	vert	up	(632, 450)	(800, 618)	True	219612	220813	up	(800, 450)	testing
1	zh	m	20	3	circle	green	same	vert	up	(681, 331)	(800, 282)	True	221903	223244	up	(800, 450)	testing
1	zh	m	20	3	diamond	red	same	vert	up	(681, 331)	(918, 568)	True	224447	225325	up	(800, 450)	testing
1	zh	m	20	3	diamond	green	same	vert	up	(681, 331)	(681, 568)	True	226411	227437	up	(800, 450)	testing
1	zh	m	20	3	circle	red	dif	vert	up	(918, 331)	(800, 282)	True	228492	229389	left	(800, 450)	testing
1	zh	m	20	3	circle	none	dif	hori	left	N_dis	(918, 331)	True	232133	233741	left	(800, 450)	testing
1	zh	m	20	3	circle	red	same	vert	up	(681, 331)	(681, 568)	True	234887	235869	up	(800, 450)	testing
1	zh	m	20	3	circle	red	dif	vert	up	(800, 282)	(918, 331)	True	236943	238573	up	(800, 450)	testing
1	zh	m	20	3	diamond	none	same	vert	up	N_dis	(968, 450)	True	239787	240845	up	(800, 450)	testing
1	zh	m	20	3	diamond	green	dif	hori	left	(800, 618)	(918, 331)	True	241973	243084	left	(800, 450)	testing
1	zh	m	20	3	circle	red	same	hori	left	(681, 331)	(800, 282)	True	244340	245662	left	(800, 450)	testing
1	zh	m	20	3	circle	red	dif	hori	left	(918, 568)	(800, 618)	True	246729	248462	left	(800, 450)	testing
1	zh	m	20	3	circle	red	same	vert	up	(681, 331)	(681, 568)	True	249717	251068	up	(800, 450)	testing
1	zh	m	20	3	diamond	none	dif	vert	up	N_dis	(918, 331)	True	252264	253534	up	(800, 450)	testing
1	zh	m	20	3	diamond	green	dif	vert	up	(681, 331)	(800, 282)	True	254819	256204	up	(800, 450)	testing
1	zh	m	20	3	circle	none	same	hori	left	N_dis	(968, 450)	True	257311	258333	left	(800, 450)	testing
1	zh	m	20	3	diamond	green	same	hori	left	(968, 450)	(800, 282)	True	259386	260845	left	(800, 450)	testing
1	zh	m	20	3	circle	red	same	hori	left	(800, 618)	(800, 282)	True	261899	262941	left	(800, 450)	testing
1	zh	m	20	3	diamond	green	same	vert	up	(681, 331)	(968, 450)	True	264032	265789	up	(800, 450)	testing
1	zh	m	20	3	diamond	red	dif	hori	left	(681, 331)	(918, 568)	True	266986	267901	left	(800, 450)	testing
1	zh	m	20	3	diamond	green	dif	hori	left	(681, 331)	(918, 568)	True	268947	269885	left	(800, 450)	testing
1	zh	m	20	3	diamond	none	same	vert	up	N_dis	(918, 568)	True	271042	272124	up	(800, 450)	testing
1	zh	m	20	3	diamond	green	same	vert	up	(681, 331)	(800, 282)	True	273309	274236	up	(800, 450)	testing
1	zh	m	20	3	circle	green	same	vert	up	(681, 331)	(918, 568)	True	275331	276669	up	(800, 450)	testing
1	zh	m	20	3	circle	red	same	vert	up	(681, 331)	(632, 450)	True	277744	278590	up	(800, 450)	testing
1	zh	m	20	3	diamond	red	same	hori	left	(681, 331)	(918, 568)	True	279697	280782	left	(800, 450)	testing
1	zh	m	20	3	circle	red	dif	hori	left	(681, 331)	(968, 450)	True	281966	283550	left	(800, 450)	testing
1	zh	m	20	3	circle	green	same	hori	left	(681, 331)	(681, 568)	True	284664	285741	left	(800, 450)	testing
1	zh	m	20	3	circle	none	same	vert	up	N_dis	(918, 568)	True	286959	287917	up	(800, 450)	testing
1	zh	m	20	3	circle	none	same	hori	left	N_dis	(681, 568)	True	289067	289837	left	(800, 450)	testing
1	zh	m	20	3	circle	none	same	vert	up	N_dis	(681, 331)	True	291081	292093	up	(800, 450)	testing
1	zh	m	20	3	circle	none	dif	vert	up	N_dis	(918, 331)	True	293221	294061	up	(800, 450)	testing
1	zh	m	20	3	circle	red	same	vert	up	(681, 331)	(918, 331)	True	295133	296109	up	(800, 450)	testing
1	zh	m	20	3	circle	red	dif	hori	left	(681, 331)	(918, 331)	True	297189	298076	left	(800, 450)	testing
