subj	name	gender	age	runNum	shape	dist	td_dif	resp	resp_key	d_loc	t_loc	gotKey	startTime	respTime	resp	fix_loc	prac
1	zh	m	20	7	circle	green	dif	hori	left	(800, 618)	(918, 331)	True	24977	26012	left	(800, 450)	testing
1	zh	m	20	7	diamond	green	same	vert	up	(800, 618)	(681, 568)	True	27192	28525	up	(800, 450)	testing
1	zh	m	20	7	circle	none	same	hori	left	N_dis	(918, 331)	True	29687	30605	left	(800, 450)	testing
1	zh	m	20	7	diamond	none	dif	hori	left	N_dis	(800, 618)	True	31703	32589	left	(800, 450)	testing
1	zh	m	20	7	diamond	red	same	hori	left	(800, 618)	(632, 450)	True	33639	35340	left	(800, 450)	testing
1	zh	m	20	7	circle	red	same	hori	left	(800, 618)	(918, 568)	True	36419	37485	left	(800, 450)	testing
1	zh	m	20	7	diamond	none	dif	hori	left	N_dis	(918, 568)	True	38756	39693	left	(800, 450)	testing
1	zh	m	20	7	diamond	none	same	hori	left	N_dis	(800, 618)	True	40779	41693	left	(800, 450)	testing
1	zh	m	20	7	circle	none	same	hori	left	N_dis	(968, 450)	True	42930	43741	left	(800, 450)	testing
1	zh	m	20	7	circle	none	same	vert	up	N_dis	(632, 450)	True	44946	45805	up	(800, 450)	testing
1	zh	m	20	7	diamond	red	same	vert	up	(800, 618)	(632, 450)	True	46951	47965	up	(800, 450)	testing
1	zh	m	20	7	diamond	none	dif	vert	up	N_dis	(800, 282)	True	49182	50044	up	(800, 450)	testing
1	zh	m	20	7	circle	red	dif	hori	left	(918, 331)	(632, 450)	True	51299	52381	left	(800, 450)	testing
1	zh	m	20	7	diamond	green	dif	hori	left	(800, 618)	(800, 282)	True	53633	54669	left	(800, 450)	testing
1	zh	m	20	7	diamond	green	dif	vert	up	(800, 618)	(968, 450)	True	55901	56845	up	(800, 450)	testing
1	zh	m	20	7	diamond	green	same	hori	left	(800, 618)	(800, 282)	True	58133	59180	left	(800, 450)	testing
1	zh	m	20	7	diamond	none	dif	hori	left	N_dis	(632, 450)	True	60435	61389	left	(800, 450)	testing
1	zh	m	20	7	diamond	green	same	vert	up	(800, 618)	(681, 568)	True	62523	64204	up	(800, 450)	testing
1	zh	m	20	7	diamond	red	same	hori	left	(918, 331)	(681, 331)	True	65436	66509	left	(800, 450)	testing
1	zh	m	20	7	circle	green	same	hori	left	(800, 618)	(681, 331)	True	67575	68685	up	(800, 450)	testing
1	zh	m	20	7	circle	green	dif	hori	left	(800, 618)	(681, 568)	True	71482	72813	left	(800, 450)	testing
1	zh	m	20	7	circle	green	same	hori	left	(800, 618)	(918, 568)	True	73984	75180	left	(800, 450)	testing
1	zh	m	20	7	diamond	none	same	hori	left	N_dis	(632, 450)	True	76455	77453	left	(800, 450)	testing
1	zh	m	20	7	diamond	none	same	vert	up	N_dis	(681, 331)	True	78719	80557	up	(800, 450)	testing
1	zh	m	20	7	circle	green	same	vert	up	(918, 331)	(632, 450)	True	81747	83052	up	(800, 450)	testing
1	zh	m	20	7	diamond	red	dif	vert	up	(632, 450)	(681, 331)	True	84148	86204	up	(800, 450)	testing
1	zh	m	20	7	circle	none	same	vert	up	N_dis	(681, 331)	True	87329	88973	up	(800, 450)	testing
1	zh	m	20	7	circle	green	dif	vert	up	(800, 618)	(918, 568)	True	90231	91757	up	(800, 450)	testing
1	zh	m	20	7	circle	red	same	hori	left	(800, 282)	(918, 331)	True	92869	94060	left	(800, 450)	testing
1	zh	m	20	7	circle	red	dif	vert	up	(800, 618)	(681, 331)	True	95134	96236	up	(800, 450)	testing
1	zh	m	20	7	diamond	green	same	hori	left	(800, 618)	(968, 450)	True	97357	99324	left	(800, 450)	testing
1	zh	m	20	7	circle	green	same	vert	up	(681, 568)	(681, 331)	True	100407	101837	up	(800, 450)	testing
1	zh	m	20	7	diamond	red	same	vert	up	(681, 331)	(918, 568)	True	102945	104573	up	(800, 450)	testing
1	zh	m	20	7	circle	none	dif	vert	up	N_dis	(918, 568)	True	105860	107052	up	(800, 450)	testing
1	zh	m	20	7	diamond	red	dif	hori	left	(800, 618)	(800, 282)	True	108116	109837	left	(800, 450)	testing
1	zh	m	20	7	diamond	none	dif	vert	up	N_dis	(918, 331)	True	111070	112076	up	(800, 450)	testing
1	zh	m	20	7	circle	green	same	vert	up	(800, 618)	(632, 450)	True	113186	114477	up	(800, 450)	testing
1	zh	m	20	7	diamond	green	same	hori	left	(800, 618)	(968, 450)	True	115556	117148	left	(800, 450)	testing
1	zh	m	20	7	diamond	red	dif	vert	up	(800, 618)	(918, 568)	True	118224	119276	up	(800, 450)	testing
1	zh	m	20	7	circle	none	dif	vert	up	N_dis	(681, 568)	True	120449	121837	up	(800, 450)	testing
1	zh	m	20	7	diamond	none	same	vert	up	N_dis	(681, 568)	True	122960	124204	up	(800, 450)	testing
1	zh	m	20	7	circle	red	same	vert	up	(800, 618)	(632, 450)	True	125404	127020	up	(800, 450)	testing
1	zh	m	20	7	circle	none	dif	hori	left	N_dis	(800, 282)	True	128227	129853	left	(800, 450)	testing
1	zh	m	20	7	circle	none	dif	vert	up	N_dis	(968, 450)	True	131098	131901	up	(800, 450)	testing
1	zh	m	20	7	diamond	none	same	vert	up	N_dis	(968, 450)	True	133130	134044	up	(800, 450)	testing
1	zh	m	20	7	circle	red	dif	hori	left	(800, 618)	(632, 450)	True	135188	136461	left	(800, 450)	testing
1	zh	m	20	7	circle	none	dif	hori	left	N_dis	(918, 331)	True	137510	138909	left	(800, 450)	testing
1	zh	m	20	7	diamond	none	dif	hori	left	N_dis	(681, 331)	True	140189	141837	left	(800, 450)	testing
1	zh	m	20	7	circle	red	same	hori	left	(918, 331)	(681, 331)	True	143088	144397	left	(800, 450)	testing
1	zh	m	20	7	diamond	red	same	vert	up	(800, 618)	(918, 331)	True	145573	146573	up	(800, 450)	testing
1	zh	m	20	7	diamond	none	dif	vert	up	N_dis	(918, 568)	True	147806	148733	up	(800, 450)	testing
1	zh	m	20	7	circle	none	same	hori	left	N_dis	(918, 568)	True	149923	151132	left	(800, 450)	testing
1	zh	m	20	7	circle	red	same	vert	up	(800, 618)	(918, 568)	True	152225	153164	up	(800, 450)	testing
1	zh	m	20	7	circle	red	dif	vert	up	(800, 618)	(918, 331)	True	154266	155020	up	(800, 450)	testing
1	zh	m	20	7	diamond	red	dif	hori	left	(800, 618)	(681, 568)	True	156181	158060	left	(800, 450)	testing
1	zh	m	20	7	diamond	red	dif	hori	left	(632, 450)	(681, 331)	True	159128	161180	left	(800, 450)	testing
1	zh	m	20	7	diamond	green	dif	vert	up	(800, 618)	(632, 450)	True	162456	164381	up	(800, 450)	testing
1	zh	m	20	7	circle	green	dif	vert	up	(800, 618)	(918, 568)	True	165498	167100	up	(800, 450)	testing
1	zh	m	20	7	circle	green	same	hori	left	(800, 618)	(681, 331)	True	168391	169501	left	(800, 450)	testing
1	zh	m	20	7	circle	red	dif	vert	up	(800, 618)	(968, 450)	True	170582	171437	up	(800, 450)	testing
1	zh	m	20	7	diamond	none	dif	vert	up	N_dis	(681, 568)	True	172698	173837	up	(800, 450)	testing
1	zh	m	20	7	diamond	red	same	vert	up	(632, 450)	(968, 450)	True	175121	176781	up	(800, 450)	testing
1	zh	m	20	7	diamond	red	dif	hori	left	(632, 450)	(681, 331)	True	178007	179901	left	(800, 450)	testing
1	zh	m	20	7	diamond	green	same	vert	up	(800, 618)	(968, 450)	True	181108	182252	up	(800, 450)	testing
1	zh	m	20	7	diamond	red	dif	vert	up	(800, 282)	(681, 568)	True	183445	184477	up	(800, 450)	testing
1	zh	m	20	7	circle	green	dif	hori	left	(968, 450)	(681, 568)	True	185637	186925	left	(800, 450)	testing
1	zh	m	20	7	circle	green	same	vert	up	(681, 331)	(918, 331)	True	188144	189773	up	(800, 450)	testing
1	zh	m	20	7	circle	none	same	hori	left	N_dis	(681, 568)	True	190911	192012	left	(800, 450)	testing
1	zh	m	20	7	circle	red	dif	hori	left	(800, 618)	(800, 282)	True	193257	194012	left	(800, 450)	testing
1	zh	m	20	7	circle	red	dif	hori	left	(800, 618)	(681, 331)	True	195300	196172	left	(800, 450)	testing
1	zh	m	20	7	circle	red	same	vert	up	(681, 568)	(681, 331)	True	197315	198156	up	(800, 450)	testing
1	zh	m	20	7	diamond	red	same	hori	left	(681, 568)	(632, 450)	True	199405	201148	left	(800, 450)	testing
1	zh	m	20	7	diamond	none	same	vert	up	N_dis	(800, 282)	True	202422	204092	up	(800, 450)	testing
1	zh	m	20	7	circle	red	dif	hori	left	(800, 282)	(918, 331)	True	205346	206701	left	(800, 450)	testing
1	zh	m	20	7	diamond	none	same	hori	left	N_dis	(918, 331)	True	207783	209020	left	(800, 450)	testing
1	zh	m	20	7	circle	none	dif	hori	left	N_dis	(681, 568)	True	210158	211581	left	(800, 450)	testing
1	zh	m	20	7	diamond	green	same	hori	left	(800, 618)	(918, 568)	True	212823	214076	left	(800, 450)	testing
1	zh	m	20	7	circle	none	dif	hori	left	N_dis	(800, 618)	True	215320	216188	left	(800, 450)	testing
1	zh	m	20	7	circle	none	dif	hori	left	N_dis	(918, 331)	True	217374	218172	left	(800, 450)	testing
1	zh	m	20	7	circle	none	dif	vert	up	N_dis	(968, 450)	True	219459	221100	up	(800, 450)	testing
1	zh	m	20	7	diamond	none	dif	hori	left	N_dis	(632, 450)	True	222215	223501	left	(800, 450)	testing
1	zh	m	20	7	circle	green	same	vert	up	(918, 568)	(681, 331)	True	224641	225693	up	(800, 450)	testing
1	zh	m	20	7	diamond	green	dif	vert	up	(968, 450)	(632, 450)	True	226978	227981	up	(800, 450)	testing
1	zh	m	20	7	diamond	green	dif	hori	left	(681, 568)	(968, 450)	True	229203	230332	left	(800, 450)	testing
1	zh	m	20	7	diamond	red	same	vert	up	(800, 618)	(681, 331)	True	231484	232573	up	(800, 450)	testing
1	zh	m	20	7	circle	red	same	hori	left	(968, 450)	(632, 450)	True	233774	235453	left	(800, 450)	testing
1	zh	m	20	7	circle	red	dif	vert	up	(800, 618)	(800, 282)	True	236666	237885	up	(800, 450)	testing
1	zh	m	20	7	circle	green	dif	vert	up	(800, 618)	(968, 450)	True	238956	239821	up	(800, 450)	testing
1	zh	m	20	7	diamond	green	dif	vert	up	(800, 618)	(968, 450)	True	240884	242108	left	(800, 450)	testing
1	zh	m	20	7	circle	none	same	vert	up	N_dis	(800, 618)	True	244904	246605	up	(800, 450)	testing
1	zh	m	20	7	circle	red	dif	vert	up	(800, 618)	(800, 282)	True	247847	248909	up	(800, 450)	testing
1	zh	m	20	7	circle	green	dif	vert	up	(800, 282)	(681, 568)	True	250004	251052	up	(800, 450)	testing
1	zh	m	20	7	diamond	red	dif	hori	left	(800, 618)	(632, 450)	True	252294	253581	left	(800, 450)	testing
1	zh	m	20	7	diamond	green	dif	vert	up	(800, 618)	(800, 282)	True	254629	255501	up	(800, 450)	testing
1	zh	m	20	7	diamond	red	dif	vert	up	(800, 618)	(800, 282)	True	256611	257629	up	(800, 450)	testing
1	zh	m	20	7	diamond	red	same	hori	left	(918, 568)	(800, 282)	True	258747	259949	left	(800, 450)	testing
1	zh	m	20	7	circle	green	same	hori	left	(918, 568)	(800, 282)	True	261001	262252	left	(800, 450)	testing
1	zh	m	20	7	diamond	green	same	vert	up	(800, 618)	(800, 282)	True	263481	264429	up	(800, 450)	testing
1	zh	m	20	7	diamond	none	same	vert	up	N_dis	(681, 331)	True	265685	267004	up	(800, 450)	testing
1	zh	m	20	7	circle	red	same	vert	up	(800, 618)	(918, 331)	True	268101	269116	up	(800, 450)	testing
1	zh	m	20	7	diamond	green	same	hori	left	(800, 618)	(918, 331)	True	270274	271421	left	(800, 450)	testing
1	zh	m	20	7	diamond	none	same	hori	left	N_dis	(800, 618)	True	272602	273373	left	(800, 450)	testing
1	zh	m	20	7	circle	green	dif	hori	left	(800, 618)	(681, 568)	True	274640	275581	left	(800, 450)	testing
1	zh	m	20	7	diamond	red	dif	vert	up	(800, 618)	(918, 331)	True	276851	277613	up	(800, 450)	testing
1	zh	m	20	7	diamond	green	dif	hori	left	(800, 618)	(681, 331)	True	278869	280637	left	(800, 450)	testing
1	zh	m	20	7	circle	none	same	vert	up	N_dis	(968, 450)	True	281858	282845	up	(800, 450)	testing
1	zh	m	20	7	diamond	green	dif	hori	left	(800, 618)	(681, 331)	True	284025	285741	left	(800, 450)	testing
1	zh	m	20	7	diamond	none	dif	vert	up	N_dis	(681, 331)	True	286881	288028	up	(800, 450)	testing
1	zh	m	20	7	circle	green	same	hori	left	(968, 450)	(800, 282)	True	289110	290845	left	(800, 450)	testing
1	zh	m	20	7	circle	green	dif	vert	up	(800, 618)	(918, 331)	True	291893	293244	up	(800, 450)	testing
1	zh	m	20	7	circle	red	same	hori	left	(681, 331)	(632, 450)	True	294383	296172	left	(800, 450)	testing
1	zh	m	20	7	circle	none	same	hori	left	N_dis	(918, 568)	True	297265	298525	left	(800, 450)	testing
1	zh	m	20	7	circle	green	dif	hori	left	(800, 618)	(681, 568)	True	299757	301260	left	(800, 450)	testing
1	zh	m	20	7	circle	red	same	vert	up	(918, 568)	(632, 450)	True	302499	303565	up	(800, 450)	testing
1	zh	m	20	7	diamond	green	dif	hori	left	(800, 618)	(800, 282)	True	304821	306108	left	(800, 450)	testing
1	zh	m	20	7	circle	none	dif	vert	up	N_dis	(800, 282)	True	307364	308669	up	(800, 450)	testing
1	zh	m	20	7	diamond	none	same	hori	left	N_dis	(632, 450)	True	309960	310989	left	(800, 450)	testing
1	zh	m	20	7	diamond	red	same	hori	left	(681, 331)	(918, 568)	True	312166	313837	left	(800, 450)	testing
1	zh	m	20	7	diamond	green	same	vert	up	(800, 618)	(681, 568)	True	315088	317581	up	(800, 450)	testing
1	zh	m	20	7	circle	none	same	vert	up	N_dis	(800, 282)	True	318730	321340	up	(800, 450)	testing
