subj	name	gender	age	runNum	shape	dist	td_dif	resp	resp_key	d_loc	t_loc	gotKey	startTime	respTime	resp	fix_loc	prac
1	zh	m	20	2	circle	green	dif	hori	left	(968, 450)	(800, 618)	True	19216	20301	left	(800, 450)	testing
1	zh	m	20	2	circle	green	same	hori	left	(968, 450)	(681, 568)	True	21344	22173	left	(800, 450)	testing
1	zh	m	20	2	diamond	green	same	hori	left	(918, 331)	(800, 282)	True	23217	24429	left	(800, 450)	testing
1	zh	m	20	2	diamond	red	same	vert	up	(968, 450)	(681, 331)	True	25476	26685	up	(800, 450)	testing
1	zh	m	20	2	diamond	red	dif	hori	left	(968, 450)	(800, 618)	True	27912	28861	left	(800, 450)	testing
1	zh	m	20	2	circle	red	dif	hori	left	(968, 450)	(918, 331)	True	30067	31037	left	(800, 450)	testing
1	zh	m	20	2	circle	none	same	hori	left	N_dis	(800, 282)	True	32304	33309	left	(800, 450)	testing
1	zh	m	20	2	circle	none	dif	vert	up	N_dis	(918, 568)	True	34515	35325	up	(800, 450)	testing
1	zh	m	20	2	diamond	none	same	vert	up	N_dis	(800, 282)	True	36379	37229	up	(800, 450)	testing
1	zh	m	20	2	circle	none	dif	vert	up	N_dis	(632, 450)	True	38503	39453	up	(800, 450)	testing
1	zh	m	20	2	circle	red	dif	vert	up	(968, 450)	(681, 331)	True	40624	41565	up	(800, 450)	testing
1	zh	m	20	2	circle	none	same	hori	left	N_dis	(800, 618)	True	42831	43677	left	(800, 450)	testing
1	zh	m	20	2	diamond	none	dif	vert	up	N_dis	(800, 618)	True	44815	46029	up	(800, 450)	testing
1	zh	m	20	2	circle	green	same	vert	up	(968, 450)	(800, 282)	True	47199	48061	up	(800, 450)	testing
1	zh	m	20	2	circle	none	same	hori	left	N_dis	(800, 618)	True	49201	49933	left	(800, 450)	testing
1	zh	m	20	2	diamond	none	dif	vert	up	N_dis	(918, 568)	True	51211	52205	up	(800, 450)	testing
1	zh	m	20	2	diamond	red	same	vert	up	(968, 450)	(681, 331)	True	53321	54205	up	(800, 450)	testing
1	zh	m	20	2	diamond	none	dif	hori	left	N_dis	(918, 568)	True	55249	55997	left	(800, 450)	testing
1	zh	m	20	2	circle	green	same	hori	left	(968, 450)	(918, 331)	True	57088	58301	left	(800, 450)	testing
1	zh	m	20	2	diamond	green	same	vert	up	(968, 450)	(918, 331)	True	59423	60333	up	(800, 450)	testing
1	zh	m	20	2	circle	green	dif	hori	left	(632, 450)	(800, 618)	True	61405	62477	left	(800, 450)	testing
1	zh	m	20	2	diamond	green	same	hori	left	(968, 450)	(918, 331)	True	63541	64685	left	(800, 450)	testing
1	zh	m	20	2	circle	red	same	hori	left	(968, 450)	(800, 618)	True	65896	66781	left	(800, 450)	testing
1	zh	m	20	2	diamond	none	same	hori	left	N_dis	(681, 331)	True	67846	69310	left	(800, 450)	testing
1	zh	m	20	2	diamond	none	dif	vert	up	N_dis	(800, 618)	True	70398	71309	up	(800, 450)	testing
1	zh	m	20	2	diamond	green	dif	hori	left	(968, 450)	(681, 568)	True	72535	73901	left	(800, 450)	testing
1	zh	m	20	2	circle	green	dif	vert	up	(632, 450)	(800, 618)	True	74960	76749	up	(800, 450)	testing
1	zh	m	20	2	diamond	green	same	vert	up	(800, 282)	(632, 450)	True	77799	79037	up	(800, 450)	testing
1	zh	m	20	2	diamond	red	same	vert	up	(918, 568)	(918, 331)	True	80128	81565	up	(800, 450)	testing
1	zh	m	20	2	circle	green	same	vert	up	(968, 450)	(918, 568)	True	82643	84269	up	(800, 450)	testing
1	zh	m	20	2	diamond	red	same	vert	up	(800, 618)	(681, 331)	True	85455	86653	up	(800, 450)	testing
1	zh	m	20	2	diamond	none	dif	hori	left	N_dis	(632, 450)	True	87864	89405	left	(800, 450)	testing
1	zh	m	20	2	circle	green	same	vert	up	(968, 450)	(918, 568)	True	90683	91677	up	(800, 450)	testing
1	zh	m	20	2	diamond	green	dif	vert	up	(968, 450)	(632, 450)	True	92963	94461	up	(800, 450)	testing
1	zh	m	20	2	diamond	green	dif	vert	up	(681, 331)	(918, 568)	True	95560	97004	up	(800, 450)	testing
1	zh	m	20	2	circle	red	same	vert	up	(968, 450)	(800, 282)	True	98172	99229	up	(800, 450)	testing
1	zh	m	20	2	circle	green	same	vert	up	(968, 450)	(681, 568)	True	100358	101293	up	(800, 450)	testing
1	zh	m	20	2	diamond	red	dif	vert	up	(681, 568)	(681, 331)	True	102386	103869	up	(800, 450)	testing
1	zh	m	20	2	circle	none	dif	hori	left	N_dis	(800, 282)	True	105089	106605	left	(800, 450)	testing
1	zh	m	20	2	circle	none	same	vert	up	N_dis	(968, 450)	True	107825	108925	up	(800, 450)	testing
1	zh	m	20	2	diamond	green	same	hori	left	(968, 450)	(918, 331)	True	110205	111917	left	(800, 450)	testing
1	zh	m	20	2	diamond	red	dif	hori	left	(681, 568)	(918, 331)	True	113120	114062	left	(800, 450)	testing
1	zh	m	20	2	diamond	green	same	hori	left	(968, 450)	(681, 331)	True	115180	116525	left	(800, 450)	testing
1	zh	m	20	2	diamond	none	same	vert	up	N_dis	(968, 450)	True	117708	118926	up	(800, 450)	testing
1	zh	m	20	2	diamond	green	same	vert	up	(968, 450)	(681, 568)	True	120075	121854	left	(800, 450)	testing
1	zh	m	20	2	diamond	none	same	hori	left	N_dis	(632, 450)	True	124614	125742	left	(800, 450)	testing
1	zh	m	20	2	circle	red	dif	vert	up	(968, 450)	(632, 450)	True	126832	128178	up	(800, 450)	testing
1	zh	m	20	2	circle	green	dif	hori	left	(968, 450)	(681, 331)	True	129445	131693	left	(800, 450)	testing
1	zh	m	20	2	circle	green	dif	vert	up	(968, 450)	(918, 568)	True	132777	134045	up	(800, 450)	testing
1	zh	m	20	2	circle	none	dif	vert	up	N_dis	(918, 568)	True	135280	136206	up	(800, 450)	testing
1	zh	m	20	2	circle	red	same	hori	left	(968, 450)	(632, 450)	True	137488	138333	left	(800, 450)	testing
1	zh	m	20	2	diamond	red	dif	hori	left	(968, 450)	(681, 568)	True	139491	140541	left	(800, 450)	testing
1	zh	m	20	2	circle	none	dif	vert	up	N_dis	(681, 331)	True	141664	143582	up	(800, 450)	testing
1	zh	m	20	2	diamond	none	same	vert	up	N_dis	(681, 331)	True	144847	145918	up	(800, 450)	testing
1	zh	m	20	2	circle	green	same	hori	left	(968, 450)	(918, 568)	True	147164	148189	left	(800, 450)	testing
1	zh	m	20	2	diamond	red	same	hori	left	(681, 568)	(681, 331)	True	149452	150253	left	(800, 450)	testing
1	zh	m	20	2	circle	green	dif	hori	left	(968, 450)	(632, 450)	True	151392	152445	left	(800, 450)	testing
1	zh	m	20	2	circle	red	dif	vert	up	(800, 618)	(918, 331)	True	153736	155565	up	(800, 450)	testing
1	zh	m	20	2	diamond	green	dif	hori	left	(681, 331)	(800, 282)	True	156649	158397	up	(800, 450)	testing
1	zh	m	20	2	diamond	none	dif	hori	left	N_dis	(681, 568)	True	161155	163277	left	(800, 450)	testing
1	zh	m	20	2	circle	green	same	hori	left	(632, 450)	(918, 331)	True	164508	165773	left	(800, 450)	testing
1	zh	m	20	2	circle	red	dif	hori	left	(968, 450)	(632, 450)	True	166897	167709	left	(800, 450)	testing
1	zh	m	20	2	circle	red	same	vert	up	(681, 331)	(632, 450)	True	168895	169981	up	(800, 450)	testing
1	zh	m	20	2	diamond	red	same	hori	left	(968, 450)	(800, 282)	True	171139	172557	left	(800, 450)	testing
1	zh	m	20	2	circle	red	same	vert	up	(968, 450)	(681, 331)	True	173829	175004	up	(800, 450)	testing
1	zh	m	20	2	diamond	none	dif	vert	up	N_dis	(918, 568)	True	176109	177245	up	(800, 450)	testing
1	zh	m	20	2	diamond	none	same	hori	left	N_dis	(918, 331)	True	178331	179501	left	(800, 450)	testing
1	zh	m	20	2	diamond	green	same	vert	up	(681, 568)	(681, 331)	True	180591	181773	up	(800, 450)	testing
1	zh	m	20	2	diamond	green	dif	vert	up	(968, 450)	(681, 568)	True	182894	183965	up	(800, 450)	testing
1	zh	m	20	2	diamond	red	same	hori	left	(968, 450)	(800, 618)	True	185089	186317	left	(800, 450)	testing
1	zh	m	20	2	diamond	red	dif	hori	left	(800, 618)	(681, 331)	True	187384	188797	left	(800, 450)	testing
1	zh	m	20	2	circle	none	dif	hori	left	N_dis	(681, 568)	True	189848	191101	left	(800, 450)	testing
1	zh	m	20	2	diamond	none	same	vert	up	N_dis	(968, 450)	True	192372	193485	up	(800, 450)	testing
1	zh	m	20	2	diamond	none	dif	hori	left	N_dis	(681, 568)	True	194734	195917	left	(800, 450)	testing
1	zh	m	20	2	circle	green	dif	vert	up	(968, 450)	(918, 568)	True	197144	198445	up	(800, 450)	testing
1	zh	m	20	2	circle	none	same	vert	up	N_dis	(918, 331)	True	199581	200813	up	(800, 450)	testing
1	zh	m	20	2	circle	red	dif	hori	left	(800, 282)	(800, 618)	True	201962	203101	left	(800, 450)	testing
1	zh	m	20	2	circle	red	same	vert	up	(918, 568)	(681, 568)	True	204212	205533	up	(800, 450)	testing
1	zh	m	20	2	circle	red	dif	vert	up	(632, 450)	(800, 618)	True	206643	207773	up	(800, 450)	testing
1	zh	m	20	2	diamond	red	same	hori	left	(968, 450)	(800, 282)	True	208832	209981	left	(800, 450)	testing
1	zh	m	20	2	circle	green	dif	vert	up	(968, 450)	(800, 618)	True	211048	212285	up	(800, 450)	testing
1	zh	m	20	2	circle	red	dif	hori	left	(800, 282)	(632, 450)	True	213376	214781	left	(800, 450)	testing
1	zh	m	20	2	diamond	red	dif	vert	up	(968, 450)	(800, 282)	True	215916	217309	up	(800, 450)	testing
1	zh	m	20	2	diamond	none	same	hori	left	N_dis	(800, 282)	True	218359	219469	left	(800, 450)	testing
1	zh	m	20	2	circle	none	same	hori	left	N_dis	(918, 331)	True	220683	221693	left	(800, 450)	testing
1	zh	m	20	2	circle	none	dif	hori	left	N_dis	(681, 568)	True	222831	223901	left	(800, 450)	testing
1	zh	m	20	2	diamond	green	dif	hori	left	(968, 450)	(632, 450)	True	225063	226365	left	(800, 450)	testing
1	zh	m	20	2	diamond	green	dif	hori	left	(918, 331)	(681, 331)	True	227588	229149	left	(800, 450)	testing
1	zh	m	20	2	diamond	green	dif	vert	up	(968, 450)	(918, 568)	True	230432	231565	up	(800, 450)	testing
1	zh	m	20	2	circle	none	dif	hori	left	N_dis	(918, 331)	True	232773	233949	left	(800, 450)	testing
1	zh	m	20	2	diamond	green	same	vert	up	(918, 331)	(681, 568)	True	235182	236141	up	(800, 450)	testing
1	zh	m	20	2	circle	green	dif	hori	left	(968, 450)	(632, 450)	True	237429	238669	left	(800, 450)	testing
1	zh	m	20	2	circle	green	dif	vert	up	(968, 450)	(918, 568)	True	239930	241325	up	(800, 450)	testing
1	zh	m	20	2	circle	red	dif	hori	left	(968, 450)	(632, 450)	True	242512	244061	left	(800, 450)	testing
1	zh	m	20	2	circle	red	same	vert	up	(681, 331)	(918, 331)	True	245203	246829	up	(800, 450)	testing
1	zh	m	20	2	diamond	none	same	hori	left	N_dis	(800, 618)	True	247900	249869	left	(800, 450)	testing
1	zh	m	20	2	circle	none	same	vert	up	N_dis	(800, 282)	True	251001	252157	up	(800, 450)	testing
1	zh	m	20	2	diamond	green	same	hori	left	(800, 282)	(681, 568)	True	253304	254749	left	(800, 450)	testing
1	zh	m	20	2	diamond	red	same	vert	up	(968, 450)	(800, 282)	True	256003	257069	up	(800, 450)	testing
1	zh	m	20	2	circle	green	same	hori	left	(968, 450)	(800, 282)	True	258190	259309	left	(800, 450)	testing
1	zh	m	20	2	diamond	none	dif	hori	left	N_dis	(918, 331)	True	260517	261581	left	(800, 450)	testing
1	zh	m	20	2	circle	red	same	hori	left	(968, 450)	(918, 331)	True	262660	263661	left	(800, 450)	testing
1	zh	m	20	2	circle	red	dif	vert	up	(918, 568)	(632, 450)	True	264952	265837	up	(800, 450)	testing
1	zh	m	20	2	diamond	red	dif	vert	up	(968, 450)	(918, 331)	True	267001	268365	up	(800, 450)	testing
1	zh	m	20	2	circle	none	dif	hori	left	N_dis	(632, 450)	True	269508	271070	left	(800, 450)	testing
1	zh	m	20	2	circle	none	same	hori	left	N_dis	(968, 450)	True	272316	273805	left	(800, 450)	testing
1	zh	m	20	2	circle	none	dif	vert	up	N_dis	(632, 450)	True	274872	275789	up	(800, 450)	testing
1	zh	m	20	2	diamond	red	dif	hori	left	(968, 450)	(800, 618)	True	277036	278621	left	(800, 450)	testing
1	zh	m	20	2	diamond	none	same	vert	up	N_dis	(681, 568)	True	279790	281357	up	(800, 450)	testing
1	zh	m	20	2	circle	green	same	vert	up	(968, 450)	(632, 450)	True	282452	283693	up	(800, 450)	testing
1	zh	m	20	2	diamond	green	dif	hori	left	(918, 331)	(800, 618)	True	284777	285933	left	(800, 450)	testing
1	zh	m	20	2	circle	none	same	vert	up	N_dis	(681, 331)	True	287029	288141	up	(800, 450)	testing
1	zh	m	20	2	circle	red	same	hori	left	(968, 450)	(681, 568)	True	289402	290189	left	(800, 450)	testing
1	zh	m	20	2	diamond	red	dif	vert	up	(968, 450)	(632, 450)	True	291232	292317	up	(800, 450)	testing
1	zh	m	20	2	diamond	red	same	hori	left	(918, 568)	(800, 282)	True	293589	294589	left	(800, 450)	testing
1	zh	m	20	2	diamond	red	dif	vert	up	(968, 450)	(681, 331)	True	295730	298109	left	(800, 450)	testing
1	zh	m	20	2	diamond	none	dif	vert	up	N_dis	(968, 450)	True	300797	302046	left	(800, 450)	testing
1	zh	m	20	2	diamond	green	dif	vert	up	(968, 450)	(800, 618)	True	304735	306349	up	(800, 450)	testing
1	zh	m	20	2	circle	none	same	vert	up	N_dis	(681, 331)	True	307427	309004	up	(800, 450)	testing
1	zh	m	20	2	circle	red	same	hori	left	(800, 618)	(918, 331)	True	310070	311613	left	(800, 450)	testing
