subj	name	gender	age	runNum	shape	dist	td_dif	resp	resp_key	d_loc	t_loc	gotKey	startTime	respTime	resp	fix_loc	prac
1	zh	m	20	8	diamond	none	dif	vert	up	N_dis	(918, 331)	True	36049	37005	up	(800, 450)	testing
1	zh	m	20	8	circle	green	dif	hori	left	(681, 331)	(681, 568)	True	38199	39422	left	(800, 450)	testing
1	zh	m	20	8	circle	none	same	vert	up	N_dis	(800, 282)	True	40650	41438	up	(800, 450)	testing
1	zh	m	20	8	circle	red	dif	vert	up	(800, 618)	(800, 282)	True	42534	43486	up	(800, 450)	testing
1	zh	m	20	8	circle	red	same	hori	left	(681, 568)	(918, 331)	True	44709	45486	left	(800, 450)	testing
1	zh	m	20	8	diamond	green	same	vert	up	(681, 331)	(681, 568)	True	46609	47678	up	(800, 450)	testing
1	zh	m	20	8	circle	green	same	hori	left	(968, 450)	(918, 331)	True	48821	49854	left	(800, 450)	testing
1	zh	m	20	8	diamond	red	dif	vert	up	(800, 618)	(968, 450)	True	51128	52254	up	(800, 450)	testing
1	zh	m	20	8	circle	none	same	vert	up	N_dis	(800, 618)	True	53495	54606	up	(800, 450)	testing
1	zh	m	20	8	diamond	green	dif	vert	up	(681, 568)	(800, 282)	True	55773	57037	up	(800, 450)	testing
1	zh	m	20	8	circle	green	dif	vert	up	(800, 618)	(968, 450)	True	58211	60189	up	(800, 450)	testing
1	zh	m	20	8	diamond	none	same	hori	left	N_dis	(632, 450)	True	61366	62574	left	(800, 450)	testing
1	zh	m	20	8	diamond	red	dif	vert	up	(800, 618)	(800, 282)	True	63744	64782	up	(800, 450)	testing
1	zh	m	20	8	circle	green	dif	hori	left	(800, 618)	(681, 331)	True	65876	67053	left	(800, 450)	testing
1	zh	m	20	8	diamond	green	same	hori	left	(800, 282)	(968, 450)	True	68203	69262	left	(800, 450)	testing
1	zh	m	20	8	diamond	none	dif	hori	left	N_dis	(918, 331)	True	70497	71197	left	(800, 450)	testing
1	zh	m	20	8	circle	none	dif	hori	left	N_dis	(968, 450)	True	72453	73197	left	(800, 450)	testing
1	zh	m	20	8	circle	none	dif	vert	up	N_dis	(968, 450)	True	74487	75374	up	(800, 450)	testing
1	zh	m	20	8	circle	red	same	vert	up	(800, 618)	(681, 568)	True	76418	77358	up	(800, 450)	testing
1	zh	m	20	8	diamond	green	dif	hori	left	(800, 618)	(681, 568)	True	78522	79870	left	(800, 450)	testing
1	zh	m	20	8	diamond	red	same	vert	up	(918, 331)	(918, 568)	True	81161	82109	up	(800, 450)	testing
1	zh	m	20	8	circle	none	dif	hori	left	N_dis	(681, 568)	True	83258	84013	left	(800, 450)	testing
1	zh	m	20	8	diamond	red	same	hori	left	(800, 618)	(681, 331)	True	85218	86238	left	(800, 450)	testing
1	zh	m	20	8	diamond	red	same	vert	up	(800, 618)	(800, 282)	True	87309	88173	up	(800, 450)	testing
1	zh	m	20	8	circle	none	dif	vert	up	N_dis	(918, 568)	True	89327	90670	up	(800, 450)	testing
1	zh	m	20	8	circle	none	same	hori	left	N_dis	(918, 568)	True	91916	92814	left	(800, 450)	testing
1	zh	m	20	8	diamond	none	same	vert	up	N_dis	(968, 450)	True	93979	94782	up	(800, 450)	testing
1	zh	m	20	8	circle	red	dif	hori	left	(800, 618)	(918, 331)	True	95846	96830	left	(800, 450)	testing
1	zh	m	20	8	circle	none	same	vert	up	N_dis	(800, 618)	True	97906	98814	up	(800, 450)	testing
1	zh	m	20	8	circle	green	same	hori	left	(800, 618)	(918, 331)	True	100054	101710	left	(800, 450)	testing
1	zh	m	20	8	circle	red	same	hori	left	(800, 618)	(681, 331)	True	102858	103870	left	(800, 450)	testing
1	zh	m	20	8	diamond	green	dif	vert	up	(968, 450)	(918, 331)	True	104924	106093	left	(800, 450)	testing
1	zh	m	20	8	diamond	none	same	hori	left	N_dis	(632, 450)	True	108777	110141	left	(800, 450)	testing
1	zh	m	20	8	diamond	green	same	hori	left	(800, 618)	(918, 568)	True	111243	113101	left	(800, 450)	testing
1	zh	m	20	8	circle	green	dif	vert	up	(800, 618)	(800, 282)	True	114242	115438	up	(800, 450)	testing
1	zh	m	20	8	diamond	green	dif	vert	up	(681, 568)	(918, 331)	True	116630	117582	up	(800, 450)	testing
1	zh	m	20	8	diamond	green	dif	hori	left	(800, 618)	(632, 450)	True	118700	120366	left	(800, 450)	testing
1	zh	m	20	8	circle	green	same	vert	up	(681, 331)	(632, 450)	True	121497	123085	up	(800, 450)	testing
1	zh	m	20	8	circle	green	dif	vert	up	(800, 282)	(918, 568)	True	124138	125502	up	(800, 450)	testing
1	zh	m	20	8	circle	red	same	vert	up	(800, 618)	(918, 568)	True	126559	128622	up	(800, 450)	testing
1	zh	m	20	8	circle	none	dif	hori	left	N_dis	(681, 331)	True	129911	130846	left	(800, 450)	testing
1	zh	m	20	8	circle	none	dif	hori	left	N_dis	(632, 450)	True	132052	132894	left	(800, 450)	testing
1	zh	m	20	8	diamond	green	dif	hori	left	(800, 618)	(968, 450)	True	133967	135005	left	(800, 450)	testing
1	zh	m	20	8	circle	none	same	vert	up	N_dis	(632, 450)	True	136245	137326	up	(800, 450)	testing
1	zh	m	20	8	circle	red	same	vert	up	(800, 618)	(632, 450)	True	138457	139998	up	(800, 450)	testing
1	zh	m	20	8	diamond	green	dif	hori	left	(800, 618)	(918, 331)	True	141185	142318	left	(800, 450)	testing
1	zh	m	20	8	diamond	red	dif	hori	left	(800, 618)	(968, 450)	True	143378	144526	left	(800, 450)	testing
1	zh	m	20	8	diamond	green	same	vert	up	(632, 450)	(681, 568)	True	145572	146990	up	(800, 450)	testing
1	zh	m	20	8	circle	green	same	vert	up	(800, 282)	(681, 568)	True	148097	149021	up	(800, 450)	testing
1	zh	m	20	8	circle	red	dif	vert	up	(800, 618)	(968, 450)	True	150299	151278	up	(800, 450)	testing
1	zh	m	20	8	diamond	none	dif	hori	left	N_dis	(918, 568)	True	152363	153406	left	(800, 450)	testing
1	zh	m	20	8	diamond	none	dif	vert	up	N_dis	(681, 331)	True	154520	155486	up	(800, 450)	testing
1	zh	m	20	8	diamond	none	dif	hori	left	N_dis	(681, 568)	True	156766	157886	left	(800, 450)	testing
1	zh	m	20	8	diamond	red	same	vert	up	(918, 568)	(681, 568)	True	158957	160286	up	(800, 450)	testing
1	zh	m	20	8	diamond	none	dif	vert	up	N_dis	(681, 331)	True	161427	162622	up	(800, 450)	testing
1	zh	m	20	8	diamond	red	same	hori	left	(800, 618)	(681, 331)	True	163829	165294	left	(800, 450)	testing
1	zh	m	20	8	diamond	green	dif	vert	up	(800, 618)	(681, 568)	True	166398	167213	up	(800, 450)	testing
1	zh	m	20	8	circle	red	same	vert	up	(800, 618)	(800, 282)	True	168256	170782	up	(800, 450)	testing
1	zh	m	20	8	circle	green	same	hori	left	(800, 618)	(918, 568)	True	171981	173566	left	(800, 450)	testing
1	zh	m	20	8	circle	green	dif	vert	up	(800, 282)	(681, 568)	True	174847	175806	up	(800, 450)	testing
1	zh	m	20	8	diamond	none	same	hori	left	N_dis	(918, 331)	True	176859	177662	left	(800, 450)	testing
1	zh	m	20	8	diamond	none	same	vert	up	N_dis	(918, 568)	True	178762	179598	up	(800, 450)	testing
1	zh	m	20	8	diamond	red	dif	vert	up	(800, 618)	(918, 568)	True	180797	181950	up	(800, 450)	testing
1	zh	m	20	8	circle	red	dif	hori	left	(632, 450)	(681, 568)	True	183108	184334	left	(800, 450)	testing
1	zh	m	20	8	circle	red	dif	hori	left	(800, 618)	(681, 331)	True	185526	186254	left	(800, 450)	testing
1	zh	m	20	8	diamond	green	same	vert	up	(918, 568)	(968, 450)	True	187350	188542	up	(800, 450)	testing
1	zh	m	20	8	diamond	green	dif	hori	left	(800, 618)	(968, 450)	True	189769	190798	left	(800, 450)	testing
1	zh	m	20	8	circle	none	dif	hori	left	N_dis	(681, 568)	True	192052	193278	left	(800, 450)	testing
1	zh	m	20	8	circle	none	dif	vert	up	N_dis	(632, 450)	True	194419	195902	up	(800, 450)	testing
1	zh	m	20	8	diamond	green	same	vert	up	(800, 618)	(968, 450)	True	197116	198109	up	(800, 450)	testing
1	zh	m	20	8	circle	red	same	hori	left	(800, 618)	(681, 568)	True	199206	200334	left	(800, 450)	testing
1	zh	m	20	8	diamond	none	dif	hori	left	N_dis	(918, 331)	True	201391	202478	left	(800, 450)	testing
1	zh	m	20	8	diamond	red	dif	hori	left	(800, 618)	(918, 331)	True	203608	204254	left	(800, 450)	testing
1	zh	m	20	8	circle	green	same	vert	up	(681, 331)	(968, 450)	True	205525	206366	up	(800, 450)	testing
1	zh	m	20	8	diamond	red	same	hori	left	(968, 450)	(918, 568)	True	207647	208334	up	(800, 450)	testing
1	zh	m	20	8	diamond	none	dif	hori	left	N_dis	(800, 618)	True	211156	212093	left	(800, 450)	testing
1	zh	m	20	8	diamond	green	same	hori	left	(918, 568)	(800, 282)	True	213258	214590	left	(800, 450)	testing
1	zh	m	20	8	diamond	red	dif	hori	left	(918, 568)	(968, 450)	True	215639	216446	left	(800, 450)	testing
1	zh	m	20	8	diamond	none	same	vert	up	N_dis	(681, 568)	True	217509	218494	up	(800, 450)	testing
1	zh	m	20	8	diamond	green	same	hori	left	(800, 618)	(918, 331)	True	219557	220478	left	(800, 450)	testing
1	zh	m	20	8	diamond	green	same	vert	up	(632, 450)	(800, 282)	True	221607	222974	up	(800, 450)	testing
1	zh	m	20	8	diamond	red	dif	vert	up	(918, 331)	(968, 450)	True	224145	225438	up	(800, 450)	testing
1	zh	m	20	8	diamond	red	same	vert	up	(632, 450)	(918, 568)	True	226653	227518	up	(800, 450)	testing
1	zh	m	20	8	circle	none	same	hori	left	N_dis	(800, 618)	True	228646	229742	left	(800, 450)	testing
1	zh	m	20	8	diamond	red	dif	vert	up	(800, 618)	(918, 568)	True	231031	231950	up	(800, 450)	testing
1	zh	m	20	8	circle	none	same	hori	left	N_dis	(918, 568)	True	233120	234093	left	(800, 450)	testing
1	zh	m	20	8	circle	green	same	hori	left	(800, 618)	(918, 568)	True	235177	236045	left	(800, 450)	testing
1	zh	m	20	8	diamond	none	same	hori	left	N_dis	(800, 282)	True	237252	238335	left	(800, 450)	testing
1	zh	m	20	8	circle	red	dif	hori	left	(800, 618)	(918, 331)	True	239595	240270	left	(800, 450)	testing
1	zh	m	20	8	circle	green	same	vert	up	(800, 618)	(800, 282)	True	241515	242302	up	(800, 450)	testing
1	zh	m	20	8	diamond	none	same	vert	up	N_dis	(918, 331)	True	243582	244542	up	(800, 450)	testing
1	zh	m	20	8	circle	red	dif	vert	up	(800, 618)	(800, 282)	True	245795	247165	up	(800, 450)	testing
1	zh	m	20	8	diamond	none	dif	vert	up	N_dis	(800, 618)	True	248371	249390	up	(800, 450)	testing
1	zh	m	20	8	diamond	red	dif	hori	left	(800, 618)	(632, 450)	True	250437	251982	left	(800, 450)	testing
1	zh	m	20	8	circle	green	same	hori	left	(800, 618)	(918, 568)	True	253218	254974	left	(800, 450)	testing
1	zh	m	20	8	circle	green	same	vert	up	(800, 618)	(681, 331)	True	256067	256846	up	(800, 450)	testing
1	zh	m	20	8	circle	red	same	hori	left	(800, 618)	(632, 450)	True	257995	259053	left	(800, 450)	testing
1	zh	m	20	8	circle	red	dif	vert	up	(968, 450)	(918, 331)	True	260110	260894	up	(800, 450)	testing
1	zh	m	20	8	circle	green	dif	hori	left	(918, 331)	(918, 568)	True	262114	263085	left	(800, 450)	testing
1	zh	m	20	8	diamond	green	dif	vert	up	(800, 618)	(632, 450)	True	264165	265310	up	(800, 450)	testing
1	zh	m	20	8	circle	none	same	hori	left	N_dis	(681, 331)	True	266602	267422	left	(800, 450)	testing
1	zh	m	20	8	circle	red	dif	vert	up	(800, 618)	(632, 450)	True	268699	269454	up	(800, 450)	testing
1	zh	m	20	8	circle	none	same	hori	left	N_dis	(800, 282)	True	270706	271390	left	(800, 450)	testing
1	zh	m	20	8	circle	red	same	hori	left	(800, 618)	(800, 282)	True	272682	273278	left	(800, 450)	testing
1	zh	m	20	8	diamond	red	same	hori	left	(800, 618)	(681, 568)	True	274390	275390	left	(800, 450)	testing
1	zh	m	20	8	circle	red	same	vert	up	(800, 618)	(681, 331)	True	276609	277758	up	(800, 450)	testing
1	zh	m	20	8	circle	green	dif	hori	left	(800, 618)	(632, 450)	True	279046	280093	left	(800, 450)	testing
1	zh	m	20	8	circle	none	dif	vert	up	N_dis	(968, 450)	True	281183	281998	up	(800, 450)	testing
1	zh	m	20	8	diamond	none	dif	vert	up	N_dis	(681, 568)	True	283128	283886	up	(800, 450)	testing
1	zh	m	20	8	diamond	red	same	hori	left	(681, 568)	(800, 282)	True	285094	285934	left	(800, 450)	testing
1	zh	m	20	8	circle	none	dif	vert	up	N_dis	(968, 450)	True	287041	288141	up	(800, 450)	testing
1	zh	m	20	8	diamond	red	same	vert	up	(800, 618)	(681, 568)	True	289296	290045	up	(800, 450)	testing
1	zh	m	20	8	diamond	green	same	hori	left	(800, 618)	(681, 568)	True	291224	292077	left	(800, 450)	testing
1	zh	m	20	8	diamond	red	dif	hori	left	(800, 618)	(918, 331)	True	293250	293998	left	(800, 450)	testing
1	zh	m	20	8	circle	red	dif	hori	left	(800, 618)	(800, 282)	True	295106	295790	left	(800, 450)	testing
1	zh	m	20	8	circle	none	same	vert	up	N_dis	(681, 331)	True	296981	298013	up	(800, 450)	testing
1	zh	m	20	8	circle	green	dif	hori	left	(800, 618)	(800, 282)	True	299137	300061	left	(800, 450)	testing
1	zh	m	20	8	diamond	none	same	hori	left	N_dis	(800, 282)	True	301116	302254	left	(800, 450)	testing
1	zh	m	20	8	circle	green	dif	vert	up	(918, 331)	(632, 450)	True	303460	304926	up	(800, 450)	testing
1	zh	m	20	8	diamond	none	same	vert	up	N_dis	(800, 282)	True	306105	307662	up	(800, 450)	testing
