subj	name	gender	age	runNum	shape	dist	td_dif	resp	resp_key	d_loc	t_loc	gotKey	startTime	respTime	resp	fix_loc	prac
1	zh	m	20	4	circle	green	dif	hori	left	(800, 618)	(681, 568)	True	21872	22909	left	(800, 450)	testing
1	zh	m	20	4	diamond	none	dif	vert	up	N_dis	(681, 331)	True	24073	25084	up	(800, 450)	testing
1	zh	m	20	4	diamond	red	dif	vert	up	(800, 618)	(918, 568)	True	26174	27501	up	(800, 450)	testing
1	zh	m	20	4	circle	none	same	vert	up	N_dis	(800, 618)	True	28701	29613	up	(800, 450)	testing
1	zh	m	20	4	diamond	green	dif	hori	left	(681, 331)	(968, 450)	True	30792	31853	left	(800, 450)	testing
1	zh	m	20	4	circle	none	same	vert	up	N_dis	(968, 450)	True	32941	34028	up	(800, 450)	testing
1	zh	m	20	4	diamond	none	same	hori	left	N_dis	(918, 331)	True	35304	36204	left	(800, 450)	testing
1	zh	m	20	4	diamond	red	dif	hori	left	(681, 331)	(968, 450)	True	37324	38092	left	(800, 450)	testing
1	zh	m	20	4	circle	red	same	hori	left	(681, 331)	(800, 618)	True	39280	40124	left	(800, 450)	testing
1	zh	m	20	4	diamond	green	dif	vert	up	(800, 618)	(918, 331)	True	41285	42076	up	(800, 450)	testing
1	zh	m	20	4	circle	red	dif	vert	up	(681, 331)	(800, 282)	True	43147	44188	up	(800, 450)	testing
1	zh	m	20	4	circle	green	dif	hori	left	(968, 450)	(800, 282)	True	45399	46316	left	(800, 450)	testing
1	zh	m	20	4	circle	green	dif	hori	left	(681, 331)	(800, 282)	True	47440	48588	left	(800, 450)	testing
1	zh	m	20	4	circle	green	dif	vert	up	(632, 450)	(918, 568)	True	49700	50749	up	(800, 450)	testing
1	zh	m	20	4	circle	green	dif	vert	up	(681, 331)	(800, 282)	True	51952	52941	up	(800, 450)	testing
1	zh	m	20	4	diamond	red	same	hori	left	(681, 331)	(918, 331)	True	54231	55356	left	(800, 450)	testing
1	zh	m	20	4	circle	green	dif	vert	up	(681, 331)	(918, 331)	True	56607	57388	up	(800, 450)	testing
1	zh	m	20	4	diamond	none	dif	vert	up	N_dis	(681, 568)	True	58656	59629	up	(800, 450)	testing
1	zh	m	20	4	circle	none	dif	hori	left	N_dis	(632, 450)	True	60714	61949	left	(800, 450)	testing
1	zh	m	20	4	diamond	green	same	hori	left	(681, 331)	(918, 331)	True	63051	64701	left	(800, 450)	testing
1	zh	m	20	4	diamond	none	dif	hori	left	N_dis	(681, 331)	True	65813	67452	left	(800, 450)	testing
1	zh	m	20	4	diamond	none	same	hori	left	N_dis	(918, 568)	True	68689	69645	left	(800, 450)	testing
1	zh	m	20	4	circle	red	dif	hori	left	(681, 331)	(918, 568)	True	70883	71789	left	(800, 450)	testing
1	zh	m	20	4	diamond	none	same	hori	left	N_dis	(800, 282)	True	72881	73677	left	(800, 450)	testing
1	zh	m	20	4	diamond	none	dif	hori	left	N_dis	(918, 331)	True	74862	75548	left	(800, 450)	testing
1	zh	m	20	4	diamond	green	dif	hori	left	(681, 331)	(918, 568)	True	76788	77596	left	(800, 450)	testing
1	zh	m	20	4	diamond	red	dif	vert	up	(681, 331)	(681, 568)	True	78771	80108	up	(800, 450)	testing
1	zh	m	20	4	circle	red	same	vert	up	(681, 568)	(800, 282)	True	81289	82621	up	(800, 450)	testing
1	zh	m	20	4	diamond	red	dif	hori	left	(918, 331)	(632, 450)	True	83809	85164	left	(800, 450)	testing
1	zh	m	20	4	circle	green	same	hori	left	(681, 568)	(800, 282)	True	86445	87933	left	(800, 450)	testing
1	zh	m	20	4	diamond	red	same	vert	up	(918, 568)	(968, 450)	True	89222	91116	up	(800, 450)	testing
1	zh	m	20	4	circle	red	same	hori	left	(681, 331)	(918, 568)	True	92162	93004	left	(800, 450)	testing
1	zh	m	20	4	diamond	none	same	hori	left	N_dis	(918, 568)	True	94130	95020	left	(800, 450)	testing
1	zh	m	20	4	diamond	red	dif	hori	left	(681, 331)	(800, 618)	True	96178	97228	left	(800, 450)	testing
1	zh	m	20	4	circle	none	dif	hori	left	N_dis	(800, 618)	True	98276	99356	left	(800, 450)	testing
1	zh	m	20	4	diamond	green	same	hori	left	(918, 568)	(800, 282)	True	100529	102300	left	(800, 450)	testing
1	zh	m	20	4	diamond	green	same	vert	up	(681, 331)	(681, 568)	True	103469	104541	up	(800, 450)	testing
1	zh	m	20	4	diamond	green	dif	hori	left	(681, 331)	(632, 450)	True	105645	106941	left	(800, 450)	testing
1	zh	m	20	4	diamond	green	dif	vert	up	(681, 331)	(681, 568)	True	108197	109212	up	(800, 450)	testing
1	zh	m	20	4	circle	none	same	hori	left	N_dis	(681, 331)	True	110396	112092	left	(800, 450)	testing
1	zh	m	20	4	circle	green	same	vert	up	(681, 331)	(800, 282)	True	113150	114172	up	(800, 450)	testing
1	zh	m	20	4	circle	green	same	vert	up	(681, 331)	(632, 450)	True	115388	116284	up	(800, 450)	testing
1	zh	m	20	4	diamond	green	same	hori	left	(681, 331)	(968, 450)	True	117465	118396	left	(800, 450)	testing
1	zh	m	20	4	diamond	green	same	vert	up	(632, 450)	(918, 568)	True	119564	120637	up	(800, 450)	testing
1	zh	m	20	4	circle	green	same	hori	left	(632, 450)	(681, 568)	True	121745	122685	left	(800, 450)	testing
1	zh	m	20	4	diamond	red	dif	vert	up	(918, 568)	(632, 450)	True	123950	124893	up	(800, 450)	testing
1	zh	m	20	4	circle	none	dif	vert	up	N_dis	(632, 450)	True	126051	126845	up	(800, 450)	testing
1	zh	m	20	4	diamond	green	dif	vert	up	(681, 331)	(968, 450)	True	128105	129100	left	(800, 450)	testing
1	zh	m	20	4	diamond	none	dif	hori	left	N_dis	(918, 568)	True	131874	132588	left	(800, 450)	testing
1	zh	m	20	4	circle	green	same	hori	left	(681, 331)	(800, 618)	True	133639	134685	left	(800, 450)	testing
1	zh	m	20	4	circle	red	same	hori	left	(681, 331)	(918, 568)	True	135836	136572	left	(800, 450)	testing
1	zh	m	20	4	diamond	red	same	vert	up	(681, 331)	(918, 331)	True	137787	139901	up	(800, 450)	testing
1	zh	m	20	4	circle	none	dif	vert	up	N_dis	(968, 450)	True	141082	142060	up	(800, 450)	testing
1	zh	m	20	4	diamond	red	same	vert	up	(681, 331)	(800, 618)	True	143278	144188	up	(800, 450)	testing
1	zh	m	20	4	diamond	green	same	hori	left	(681, 331)	(681, 568)	True	145319	146380	left	(800, 450)	testing
1	zh	m	20	4	circle	none	same	hori	left	N_dis	(918, 568)	True	147605	148492	left	(800, 450)	testing
1	zh	m	20	4	circle	red	dif	hori	left	(968, 450)	(918, 568)	True	149780	150861	up	(800, 450)	testing
1	zh	m	20	4	circle	red	same	vert	up	(681, 331)	(918, 568)	True	153631	155084	up	(800, 450)	testing
1	zh	m	20	4	diamond	green	dif	vert	up	(681, 331)	(800, 618)	True	156308	157613	up	(800, 450)	testing
1	zh	m	20	4	diamond	none	dif	hori	left	N_dis	(968, 450)	True	158847	159853	left	(800, 450)	testing
1	zh	m	20	4	circle	red	same	vert	up	(681, 331)	(800, 618)	True	161000	162332	up	(800, 450)	testing
1	zh	m	20	4	circle	green	same	hori	left	(681, 331)	(918, 568)	True	163410	164797	left	(800, 450)	testing
1	zh	m	20	4	circle	none	same	hori	left	N_dis	(968, 450)	True	165855	166685	left	(800, 450)	testing
1	zh	m	20	4	circle	red	dif	vert	up	(681, 331)	(632, 450)	True	167732	168605	up	(800, 450)	testing
1	zh	m	20	4	circle	red	dif	hori	left	(681, 331)	(632, 450)	True	169852	170781	left	(800, 450)	testing
1	zh	m	20	4	diamond	none	same	vert	up	N_dis	(681, 331)	True	171900	173164	up	(800, 450)	testing
1	zh	m	20	4	diamond	red	dif	hori	left	(681, 331)	(968, 450)	True	174421	177148	left	(800, 450)	testing
1	zh	m	20	4	diamond	red	same	hori	left	(681, 331)	(632, 450)	True	178331	179532	left	(800, 450)	testing
1	zh	m	20	4	diamond	none	same	vert	up	N_dis	(968, 450)	True	180705	181580	up	(800, 450)	testing
1	zh	m	20	4	diamond	green	dif	hori	left	(800, 282)	(632, 450)	True	182734	184188	left	(800, 450)	testing
1	zh	m	20	4	circle	red	same	hori	left	(681, 331)	(918, 568)	True	185324	186348	left	(800, 450)	testing
1	zh	m	20	4	circle	green	same	vert	up	(681, 568)	(800, 282)	True	187466	188540	up	(800, 450)	testing
1	zh	m	20	4	diamond	red	same	vert	up	(681, 331)	(918, 331)	True	189809	191388	up	(800, 450)	testing
1	zh	m	20	4	circle	none	dif	hori	left	N_dis	(800, 282)	True	192535	193773	left	(800, 450)	testing
1	zh	m	20	4	circle	none	same	hori	left	N_dis	(918, 331)	True	195062	196092	left	(800, 450)	testing
1	zh	m	20	4	circle	none	same	hori	left	N_dis	(681, 331)	True	197351	198252	left	(800, 450)	testing
1	zh	m	20	4	diamond	red	same	hori	left	(681, 331)	(918, 568)	True	199497	200492	left	(800, 450)	testing
1	zh	m	20	4	circle	green	same	vert	up	(681, 331)	(800, 618)	True	201561	202540	up	(800, 450)	testing
1	zh	m	20	4	diamond	none	dif	vert	up	N_dis	(918, 331)	True	203658	204396	up	(800, 450)	testing
1	zh	m	20	4	circle	red	dif	vert	up	(681, 331)	(918, 568)	True	205522	206348	up	(800, 450)	testing
1	zh	m	20	4	diamond	none	same	vert	up	N_dis	(918, 331)	True	207626	208540	up	(800, 450)	testing
1	zh	m	20	4	circle	none	dif	vert	up	N_dis	(681, 568)	True	209627	210412	up	(800, 450)	testing
1	zh	m	20	4	circle	red	dif	vert	up	(800, 282)	(918, 568)	True	211578	212460	up	(800, 450)	testing
1	zh	m	20	4	circle	red	same	vert	up	(681, 331)	(800, 282)	True	213649	214348	up	(800, 450)	testing
1	zh	m	20	4	diamond	none	same	vert	up	N_dis	(800, 282)	True	215510	216524	up	(800, 450)	testing
1	zh	m	20	4	diamond	green	dif	vert	up	(681, 568)	(800, 282)	True	217656	218829	up	(800, 450)	testing
1	zh	m	20	4	circle	green	dif	hori	left	(681, 331)	(800, 282)	True	219987	221164	left	(800, 450)	testing
1	zh	m	20	4	circle	green	dif	vert	up	(681, 331)	(800, 282)	True	222416	223260	up	(800, 450)	testing
1	zh	m	20	4	diamond	red	same	hori	left	(918, 568)	(800, 282)	True	224514	225853	left	(800, 450)	testing
1	zh	m	20	4	diamond	none	dif	vert	up	N_dis	(800, 282)	True	227069	227773	up	(800, 450)	testing
1	zh	m	20	4	diamond	green	same	vert	up	(681, 331)	(918, 331)	True	228874	230044	up	(800, 450)	testing
1	zh	m	20	4	circle	green	dif	hori	left	(800, 282)	(918, 331)	True	231139	232460	left	(800, 450)	testing
1	zh	m	20	4	circle	green	dif	vert	up	(681, 331)	(632, 450)	True	233688	234653	up	(800, 450)	testing
1	zh	m	20	4	diamond	green	same	hori	left	(681, 331)	(918, 568)	True	235847	237004	left	(800, 450)	testing
1	zh	m	20	4	diamond	green	same	vert	up	(968, 450)	(918, 331)	True	238185	239468	up	(800, 450)	testing
1	zh	m	20	4	circle	none	dif	vert	up	N_dis	(681, 568)	True	240548	241629	up	(800, 450)	testing
1	zh	m	20	4	circle	none	same	vert	up	N_dis	(632, 450)	True	242919	243805	up	(800, 450)	testing
1	zh	m	20	4	circle	red	dif	hori	left	(681, 331)	(632, 450)	True	244894	245661	left	(800, 450)	testing
1	zh	m	20	4	circle	green	same	hori	left	(968, 450)	(632, 450)	True	246886	247645	left	(800, 450)	testing
1	zh	m	20	4	diamond	red	dif	vert	up	(681, 331)	(968, 450)	True	248712	250028	up	(800, 450)	testing
1	zh	m	20	4	circle	red	dif	hori	left	(918, 331)	(800, 282)	True	251156	252220	left	(800, 450)	testing
1	zh	m	20	4	diamond	red	dif	hori	left	(681, 331)	(681, 568)	True	253397	254701	left	(800, 450)	testing
1	zh	m	20	4	circle	none	same	vert	up	N_dis	(800, 282)	True	255945	257629	up	(800, 450)	testing
1	zh	m	20	4	diamond	none	same	hori	left	N_dis	(918, 568)	True	258813	260268	left	(800, 450)	testing
1	zh	m	20	4	diamond	none	dif	vert	up	N_dis	(632, 450)	True	261323	262749	up	(800, 450)	testing
1	zh	m	20	4	diamond	red	dif	vert	up	(800, 618)	(681, 568)	True	263863	265100	up	(800, 450)	testing
1	zh	m	20	4	circle	none	same	vert	up	N_dis	(800, 618)	True	266263	267356	up	(800, 450)	testing
1	zh	m	20	4	diamond	green	dif	hori	left	(681, 331)	(918, 331)	True	268511	269661	left	(800, 450)	testing
1	zh	m	20	4	circle	red	same	vert	up	(800, 282)	(968, 450)	True	270885	272236	up	(800, 450)	testing
1	zh	m	20	4	circle	red	dif	vert	up	(681, 331)	(968, 450)	True	273492	274348	up	(800, 450)	testing
1	zh	m	20	4	circle	none	dif	vert	up	N_dis	(681, 568)	True	275497	276300	up	(800, 450)	testing
1	zh	m	20	4	diamond	none	dif	hori	left	N_dis	(681, 568)	True	277447	278621	left	(800, 450)	testing
1	zh	m	20	4	diamond	none	same	vert	up	N_dis	(800, 618)	True	279788	280942	up	(800, 450)	testing
1	zh	m	20	4	diamond	red	same	hori	left	(918, 331)	(681, 568)	True	282222	283500	left	(800, 450)	testing
1	zh	m	20	4	circle	none	dif	hori	left	N_dis	(632, 450)	True	284547	285773	left	(800, 450)	testing
1	zh	m	20	4	circle	none	dif	hori	left	N_dis	(800, 618)	True	286917	288332	left	(800, 450)	testing
1	zh	m	20	4	diamond	red	same	vert	up	(681, 331)	(681, 568)	True	289385	290476	up	(800, 450)	testing
1	zh	m	20	4	diamond	green	same	vert	up	(681, 331)	(681, 568)	True	291595	292717	up	(800, 450)	testing
1	zh	m	20	4	circle	red	same	hori	left	(632, 450)	(918, 568)	True	293796	295036	left	(800, 450)	testing
1	zh	m	20	4	circle	green	same	vert	up	(918, 331)	(918, 568)	True	296129	297420	up	(800, 450)	testing
