subj	name	gender	age	runNum	shape	dist	td_dif	resp	resp_key	d_loc	t_loc	gotKey	startTime	respTime	resp	fix_loc	prac
1	zh	m	20	9	diamond	none	dif	hori	left	N_dis	(918, 568)	True	15808	16733	left	(800, 450)	testing
1	zh	m	20	9	diamond	none	same	vert	up	N_dis	(632, 450)	True	17862	18861	up	(800, 450)	testing
1	zh	m	20	9	diamond	none	dif	vert	up	N_dis	(918, 331)	True	20081	20861	up	(800, 450)	testing
1	zh	m	20	9	circle	red	dif	hori	left	(918, 568)	(681, 331)	True	21989	23052	left	(800, 450)	testing
1	zh	m	20	9	circle	red	same	hori	left	(800, 618)	(918, 568)	True	24283	25212	left	(800, 450)	testing
1	zh	m	20	9	circle	green	same	vert	up	(800, 618)	(918, 331)	True	26316	27148	up	(800, 450)	testing
1	zh	m	20	9	circle	red	same	vert	up	(800, 618)	(681, 568)	True	28427	29468	up	(800, 450)	testing
1	zh	m	20	9	circle	red	dif	vert	up	(800, 282)	(968, 450)	True	30699	31549	up	(800, 450)	testing
1	zh	m	20	9	circle	none	dif	vert	up	N_dis	(632, 450)	True	32713	34364	up	(800, 450)	testing
1	zh	m	20	9	diamond	none	same	vert	up	N_dis	(681, 331)	True	35486	36557	up	(800, 450)	testing
1	zh	m	20	9	circle	red	dif	hori	left	(968, 450)	(681, 568)	True	37801	38749	left	(800, 450)	testing
1	zh	m	20	9	diamond	red	dif	vert	up	(800, 618)	(918, 568)	True	39868	41244	up	(800, 450)	testing
1	zh	m	20	9	diamond	red	same	vert	up	(681, 331)	(681, 568)	True	42486	43533	up	(800, 450)	testing
1	zh	m	20	9	diamond	green	dif	vert	up	(800, 618)	(968, 450)	True	44712	46124	up	(800, 450)	testing
1	zh	m	20	9	diamond	none	same	vert	up	N_dis	(681, 331)	True	47299	48156	up	(800, 450)	testing
1	zh	m	20	9	circle	red	dif	vert	up	(800, 618)	(800, 282)	True	49322	50364	up	(800, 450)	testing
1	zh	m	20	9	circle	none	dif	hori	left	N_dis	(800, 282)	True	51485	52380	left	(800, 450)	testing
1	zh	m	20	9	circle	green	dif	vert	up	(800, 618)	(918, 568)	True	53636	54909	up	(800, 450)	testing
1	zh	m	20	9	diamond	green	same	vert	up	(800, 618)	(681, 568)	True	56031	58236	up	(800, 450)	testing
1	zh	m	20	9	diamond	none	same	hori	left	N_dis	(968, 450)	True	59420	60332	left	(800, 450)	testing
1	zh	m	20	9	diamond	red	same	hori	left	(681, 331)	(800, 282)	True	61562	62653	left	(800, 450)	testing
1	zh	m	20	9	diamond	red	dif	hori	left	(800, 618)	(918, 331)	True	63875	64765	left	(800, 450)	testing
1	zh	m	20	9	diamond	red	same	hori	left	(800, 618)	(968, 450)	True	65886	66653	left	(800, 450)	testing
1	zh	m	20	9	diamond	none	same	vert	up	N_dis	(681, 568)	True	67937	68989	up	(800, 450)	testing
1	zh	m	20	9	diamond	none	dif	hori	left	N_dis	(968, 450)	True	70134	71597	left	(800, 450)	testing
1	zh	m	20	9	circle	green	same	hori	left	(800, 618)	(800, 282)	True	72864	73853	left	(800, 450)	testing
1	zh	m	20	9	diamond	green	dif	vert	up	(800, 618)	(681, 568)	True	74914	76813	up	(800, 450)	testing
1	zh	m	20	9	diamond	red	dif	vert	up	(800, 618)	(918, 331)	True	78035	79533	up	(800, 450)	testing
1	zh	m	20	9	diamond	none	same	hori	left	N_dis	(918, 331)	True	80722	81565	left	(800, 450)	testing
1	zh	m	20	9	diamond	red	dif	hori	left	(800, 618)	(918, 331)	True	82814	84012	left	(800, 450)	testing
1	zh	m	20	9	diamond	green	same	hori	left	(681, 331)	(968, 450)	True	85227	86028	left	(800, 450)	testing
1	zh	m	20	9	diamond	none	same	vert	up	N_dis	(800, 282)	True	87302	88268	up	(800, 450)	testing
1	zh	m	20	9	diamond	none	dif	vert	up	N_dis	(918, 568)	True	89535	90845	up	(800, 450)	testing
1	zh	m	20	9	circle	green	dif	vert	up	(800, 618)	(632, 450)	True	91962	92797	up	(800, 450)	testing
1	zh	m	20	9	diamond	none	same	hori	left	N_dis	(800, 282)	True	93993	94973	left	(800, 450)	testing
1	zh	m	20	9	diamond	red	same	vert	up	(800, 618)	(918, 331)	True	96028	97180	up	(800, 450)	testing
1	zh	m	20	9	diamond	red	same	vert	up	(800, 618)	(968, 450)	True	98306	99436	up	(800, 450)	testing
1	zh	m	20	9	diamond	green	dif	hori	left	(800, 282)	(632, 450)	True	100529	101981	left	(800, 450)	testing
1	zh	m	20	9	diamond	green	dif	hori	left	(800, 618)	(968, 450)	True	103037	104012	left	(800, 450)	testing
1	zh	m	20	9	circle	red	same	vert	up	(800, 618)	(918, 568)	True	105200	106204	up	(800, 450)	testing
1	zh	m	20	9	diamond	red	same	vert	up	(918, 568)	(800, 282)	True	107491	108204	up	(800, 450)	testing
1	zh	m	20	9	circle	none	dif	vert	up	N_dis	(681, 331)	True	109285	110252	up	(800, 450)	testing
1	zh	m	20	9	circle	none	dif	hori	left	N_dis	(632, 450)	True	111346	112460	left	(800, 450)	testing
1	zh	m	20	9	diamond	none	dif	hori	left	N_dis	(918, 331)	True	113517	114477	left	(800, 450)	testing
1	zh	m	20	9	diamond	red	same	hori	left	(800, 618)	(681, 568)	True	115663	116557	left	(800, 450)	testing
1	zh	m	20	9	circle	green	same	hori	left	(800, 618)	(800, 282)	True	117668	118541	left	(800, 450)	testing
1	zh	m	20	9	diamond	green	dif	vert	up	(800, 618)	(681, 568)	True	119730	121052	up	(800, 450)	testing
1	zh	m	20	9	circle	green	same	hori	left	(800, 618)	(632, 450)	True	122321	123356	left	(800, 450)	testing
1	zh	m	20	9	diamond	red	same	hori	left	(800, 618)	(800, 282)	True	124619	125436	left	(800, 450)	testing
1	zh	m	20	9	circle	none	same	vert	up	N_dis	(800, 618)	True	126704	127629	up	(800, 450)	testing
1	zh	m	20	9	circle	green	same	vert	up	(800, 618)	(918, 331)	True	128861	129613	up	(800, 450)	testing
1	zh	m	20	9	circle	red	dif	hori	left	(800, 618)	(681, 568)	True	130731	131565	left	(800, 450)	testing
1	zh	m	20	9	diamond	green	same	hori	left	(632, 450)	(968, 450)	True	132700	133581	left	(800, 450)	testing
1	zh	m	20	9	circle	none	same	hori	left	N_dis	(800, 618)	True	134715	135741	left	(800, 450)	testing
1	zh	m	20	9	circle	red	dif	vert	up	(800, 618)	(681, 568)	True	136894	137885	up	(800, 450)	testing
1	zh	m	20	9	circle	none	dif	hori	left	N_dis	(968, 450)	True	139081	140108	left	(800, 450)	testing
1	zh	m	20	9	diamond	green	dif	hori	left	(800, 618)	(918, 568)	True	141400	142653	left	(800, 450)	testing
1	zh	m	20	9	diamond	green	dif	vert	up	(968, 450)	(681, 331)	True	143773	145020	up	(800, 450)	testing
1	zh	m	20	9	circle	none	same	hori	left	N_dis	(681, 568)	True	146169	147276	left	(800, 450)	testing
1	zh	m	20	9	circle	green	dif	vert	up	(800, 618)	(681, 331)	True	148369	149356	up	(800, 450)	testing
1	zh	m	20	9	circle	none	same	hori	left	N_dis	(918, 568)	True	150436	151517	left	(800, 450)	testing
1	zh	m	20	9	circle	green	same	vert	up	(800, 618)	(681, 331)	True	152573	153629	up	(800, 450)	testing
1	zh	m	20	9	circle	red	same	hori	left	(800, 282)	(681, 331)	True	154759	156733	left	(800, 450)	testing
1	zh	m	20	9	circle	green	same	vert	up	(918, 331)	(681, 568)	True	157946	159180	up	(800, 450)	testing
1	zh	m	20	9	diamond	red	dif	hori	left	(800, 618)	(632, 450)	True	160415	161565	left	(800, 450)	testing
1	zh	m	20	9	circle	green	dif	hori	left	(800, 282)	(918, 331)	True	162834	164044	left	(800, 450)	testing
1	zh	m	20	9	diamond	green	same	vert	up	(800, 618)	(918, 331)	True	165287	166380	up	(800, 450)	testing
1	zh	m	20	9	diamond	red	same	hori	left	(632, 450)	(918, 568)	True	167472	168477	left	(800, 450)	testing
1	zh	m	20	9	diamond	green	same	vert	up	(800, 618)	(800, 282)	True	169724	171100	up	(800, 450)	testing
1	zh	m	20	9	diamond	red	dif	vert	up	(681, 331)	(918, 568)	True	172373	173725	up	(800, 450)	testing
1	zh	m	20	9	circle	red	same	vert	up	(800, 618)	(632, 450)	True	174882	176076	up	(800, 450)	testing
1	zh	m	20	9	diamond	green	same	hori	left	(800, 618)	(968, 450)	True	177136	178493	left	(800, 450)	testing
1	zh	m	20	9	circle	none	same	vert	up	N_dis	(632, 450)	True	179557	180749	up	(800, 450)	testing
1	zh	m	20	9	circle	none	dif	vert	up	N_dis	(681, 568)	True	181795	183212	up	(800, 450)	testing
1	zh	m	20	9	diamond	red	same	vert	up	(968, 450)	(681, 331)	True	184265	185981	up	(800, 450)	testing
1	zh	m	20	9	diamond	red	dif	vert	up	(918, 331)	(681, 331)	True	187146	188460	up	(800, 450)	testing
1	zh	m	20	9	circle	none	dif	vert	up	N_dis	(800, 618)	True	189717	190733	up	(800, 450)	testing
1	zh	m	20	9	circle	red	dif	vert	up	(800, 618)	(968, 450)	True	191829	192685	up	(800, 450)	testing
1	zh	m	20	9	circle	red	same	hori	left	(681, 568)	(918, 331)	True	193923	194749	left	(800, 450)	testing
1	zh	m	20	9	circle	green	same	hori	left	(800, 618)	(918, 568)	True	195861	196877	left	(800, 450)	testing
1	zh	m	20	9	circle	red	same	vert	up	(632, 450)	(800, 282)	True	197931	198877	up	(800, 450)	testing
1	zh	m	20	9	diamond	none	dif	vert	up	N_dis	(918, 568)	True	199997	201180	up	(800, 450)	testing
1	zh	m	20	9	circle	green	same	vert	up	(800, 618)	(800, 282)	True	202428	203292	up	(800, 450)	testing
1	zh	m	20	9	circle	none	same	vert	up	N_dis	(968, 450)	True	204359	205388	up	(800, 450)	testing
1	zh	m	20	9	diamond	green	same	hori	left	(800, 618)	(681, 331)	True	206564	207997	left	(800, 450)	testing
1	zh	m	20	9	diamond	green	same	vert	up	(918, 331)	(681, 331)	True	209269	210509	up	(800, 450)	testing
1	zh	m	20	9	circle	red	same	hori	left	(800, 618)	(681, 331)	True	211630	213132	left	(800, 450)	testing
1	zh	m	20	9	diamond	green	same	vert	up	(800, 618)	(632, 450)	True	214409	215901	up	(800, 450)	testing
1	zh	m	20	9	diamond	none	dif	hori	left	N_dis	(918, 331)	True	217040	218028	left	(800, 450)	testing
1	zh	m	20	9	circle	none	dif	vert	up	N_dis	(800, 618)	True	219091	220108	up	(800, 450)	testing
1	zh	m	20	9	circle	green	dif	hori	left	(800, 618)	(918, 568)	True	221351	223020	left	(800, 450)	testing
1	zh	m	20	9	diamond	none	dif	vert	up	N_dis	(968, 450)	True	224292	225565	up	(800, 450)	testing
1	zh	m	20	9	circle	red	same	vert	up	(918, 568)	(681, 331)	True	226813	228156	up	(800, 450)	testing
1	zh	m	20	9	circle	green	dif	hori	left	(800, 618)	(800, 282)	True	229333	230332	left	(800, 450)	testing
1	zh	m	20	9	circle	none	dif	hori	left	N_dis	(681, 331)	True	231598	233068	left	(800, 450)	testing
1	zh	m	20	9	diamond	none	dif	vert	up	N_dis	(800, 282)	True	234344	235372	up	(800, 450)	testing
1	zh	m	20	9	circle	red	dif	hori	left	(918, 331)	(800, 282)	True	236567	238396	left	(800, 450)	testing
1	zh	m	20	9	diamond	red	dif	vert	up	(800, 618)	(681, 331)	True	239465	240669	up	(800, 450)	testing
1	zh	m	20	9	circle	none	dif	hori	left	N_dis	(918, 331)	True	241879	242989	left	(800, 450)	testing
1	zh	m	20	9	circle	red	same	hori	left	(800, 618)	(681, 331)	True	244212	245741	left	(800, 450)	testing
1	zh	m	20	9	circle	green	same	hori	left	(800, 618)	(968, 450)	True	246934	247869	left	(800, 450)	testing
1	zh	m	20	9	circle	green	dif	hori	left	(681, 568)	(800, 282)	True	249150	250124	left	(800, 450)	testing
1	zh	m	20	9	diamond	green	dif	vert	up	(800, 618)	(681, 331)	True	251352	252717	up	(800, 450)	testing
1	zh	m	20	9	diamond	none	same	hori	left	N_dis	(632, 450)	True	253892	255581	left	(800, 450)	testing
1	zh	m	20	9	diamond	red	dif	hori	left	(918, 568)	(681, 568)	True	256666	258012	left	(800, 450)	testing
1	zh	m	20	9	circle	green	dif	vert	up	(800, 618)	(800, 282)	True	259268	260156	up	(800, 450)	testing
1	zh	m	20	9	circle	red	dif	vert	up	(800, 618)	(632, 450)	True	261344	262332	up	(800, 450)	testing
1	zh	m	20	9	circle	green	dif	hori	left	(632, 450)	(681, 568)	True	263577	264861	left	(800, 450)	testing
1	zh	m	20	9	diamond	none	same	hori	left	N_dis	(681, 568)	True	265959	267004	left	(800, 450)	testing
1	zh	m	20	9	diamond	none	dif	hori	left	N_dis	(800, 618)	True	268171	269452	left	(800, 450)	testing
1	zh	m	20	9	diamond	green	dif	hori	left	(800, 618)	(800, 282)	True	270729	272204	left	(800, 450)	testing
1	zh	m	20	9	diamond	red	dif	hori	left	(968, 450)	(632, 450)	True	273361	274701	left	(800, 450)	testing
1	zh	m	20	9	circle	green	dif	vert	up	(681, 568)	(918, 331)	True	275880	276829	up	(800, 450)	testing
1	zh	m	20	9	circle	none	same	vert	up	N_dis	(800, 282)	True	277981	279100	up	(800, 450)	testing
1	zh	m	20	9	circle	none	same	hori	left	N_dis	(918, 568)	True	280208	281164	left	(800, 450)	testing
1	zh	m	20	9	circle	none	same	hori	left	N_dis	(681, 568)	True	282440	283404	left	(800, 450)	testing
1	zh	m	20	9	diamond	green	dif	hori	left	(800, 618)	(632, 450)	True	284680	285949	left	(800, 450)	testing
1	zh	m	20	9	circle	red	dif	hori	left	(681, 568)	(632, 450)	True	287052	288348	up	(800, 450)	testing
1	zh	m	20	9	circle	none	same	vert	up	N_dis	(681, 331)	True	291149	292268	up	(800, 450)	testing
1	zh	m	20	9	diamond	green	same	hori	left	(800, 618)	(800, 282)	True	293507	294653	left	(800, 450)	testing
