subj	name	gender	age	runNum	shape	dist	td_dif	resp	resp_key	d_loc	t_loc	gotKey	startTime	respTime	resp	fix_loc	prac
1	zh	m	20	10	diamond	none	dif	hori	left	N_dis	(918, 568)	True	11920	12813	left	(800, 450)	testing
1	zh	m	20	10	circle	green	dif	hori	left	(800, 618)	(800, 282)	True	14005	14765	left	(800, 450)	testing
1	zh	m	20	10	diamond	none	same	vert	up	N_dis	(632, 450)	True	16000	17325	up	(800, 450)	testing
1	zh	m	20	10	circle	none	same	vert	up	N_dis	(681, 331)	True	18573	19629	up	(800, 450)	testing
1	zh	m	20	10	diamond	red	same	hori	left	(800, 618)	(632, 450)	True	20789	21997	left	(800, 450)	testing
1	zh	m	20	10	circle	none	dif	hori	left	N_dis	(800, 282)	True	23049	23997	left	(800, 450)	testing
1	zh	m	20	10	diamond	red	dif	vert	up	(800, 282)	(632, 450)	True	25135	26333	up	(800, 450)	testing
1	zh	m	20	10	circle	none	same	hori	left	N_dis	(800, 618)	True	27599	28733	left	(800, 450)	testing
1	zh	m	20	10	circle	none	dif	vert	up	N_dis	(800, 618)	True	29979	31036	up	(800, 450)	testing
1	zh	m	20	10	diamond	green	same	hori	left	(800, 282)	(918, 331)	True	32246	34236	left	(800, 450)	testing
1	zh	m	20	10	circle	green	dif	hori	left	(800, 618)	(681, 568)	True	35431	36941	left	(800, 450)	testing
1	zh	m	20	10	diamond	green	same	hori	left	(800, 618)	(681, 568)	True	38131	39437	left	(800, 450)	testing
1	zh	m	20	10	circle	green	same	vert	up	(800, 618)	(800, 282)	True	40695	41629	up	(800, 450)	testing
1	zh	m	20	10	diamond	green	same	hori	left	(800, 618)	(918, 568)	True	42758	44060	left	(800, 450)	testing
1	zh	m	20	10	circle	green	same	vert	up	(800, 618)	(632, 450)	True	45337	46413	up	(800, 450)	testing
1	zh	m	20	10	circle	green	same	vert	up	(968, 450)	(632, 450)	True	47652	48685	up	(800, 450)	testing
1	zh	m	20	10	diamond	red	same	vert	up	(681, 331)	(800, 282)	True	49765	50733	up	(800, 450)	testing
1	zh	m	20	10	diamond	red	dif	vert	up	(800, 618)	(918, 568)	True	51936	52845	left	(800, 450)	testing
1	zh	m	20	10	circle	red	same	hori	left	(800, 618)	(681, 568)	True	55540	57244	left	(800, 450)	testing
1	zh	m	20	10	circle	red	same	hori	left	(681, 568)	(800, 282)	True	58416	59485	left	(800, 450)	testing
1	zh	m	20	10	circle	green	same	vert	up	(918, 331)	(800, 282)	True	60680	62252	up	(800, 450)	testing
1	zh	m	20	10	diamond	red	same	hori	left	(918, 331)	(681, 331)	True	63303	64525	left	(800, 450)	testing
1	zh	m	20	10	diamond	red	same	vert	up	(800, 618)	(968, 450)	True	65586	66685	up	(800, 450)	testing
1	zh	m	20	10	diamond	red	dif	hori	left	(800, 618)	(800, 282)	True	67816	68909	left	(800, 450)	testing
1	zh	m	20	10	diamond	red	same	hori	left	(800, 618)	(918, 331)	True	69984	71004	left	(800, 450)	testing
1	zh	m	20	10	diamond	red	same	hori	left	(800, 618)	(968, 450)	True	72127	73116	left	(800, 450)	testing
1	zh	m	20	10	diamond	green	dif	vert	up	(968, 450)	(681, 331)	True	74209	75212	up	(800, 450)	testing
1	zh	m	20	10	diamond	red	dif	hori	left	(632, 450)	(918, 331)	True	76423	77309	left	(800, 450)	testing
1	zh	m	20	10	diamond	green	same	vert	up	(800, 618)	(681, 331)	True	78573	79821	up	(800, 450)	testing
1	zh	m	20	10	circle	red	dif	hori	left	(632, 450)	(681, 568)	True	81048	82381	left	(800, 450)	testing
1	zh	m	20	10	diamond	red	dif	hori	left	(800, 618)	(968, 450)	True	83477	84845	left	(800, 450)	testing
1	zh	m	20	10	circle	none	dif	vert	up	N_dis	(681, 331)	True	86102	87757	up	(800, 450)	testing
1	zh	m	20	10	circle	green	same	hori	left	(681, 331)	(681, 568)	True	88910	89949	left	(800, 450)	testing
1	zh	m	20	10	circle	red	dif	hori	left	(800, 618)	(918, 568)	True	91153	92092	left	(800, 450)	testing
1	zh	m	20	10	circle	none	dif	hori	left	N_dis	(632, 450)	True	93283	94413	left	(800, 450)	testing
1	zh	m	20	10	diamond	none	dif	vert	up	N_dis	(800, 618)	True	95497	96973	up	(800, 450)	testing
1	zh	m	20	10	diamond	green	dif	hori	left	(632, 450)	(681, 568)	True	98187	99533	left	(800, 450)	testing
1	zh	m	20	10	circle	red	dif	hori	left	(800, 618)	(681, 568)	True	100618	102076	left	(800, 450)	testing
1	zh	m	20	10	diamond	red	dif	hori	left	(800, 282)	(968, 450)	True	103350	104236	left	(800, 450)	testing
1	zh	m	20	10	circle	green	dif	vert	up	(681, 331)	(968, 450)	True	105283	106172	up	(800, 450)	testing
1	zh	m	20	10	circle	green	dif	vert	up	(800, 618)	(968, 450)	True	107377	108204	up	(800, 450)	testing
1	zh	m	20	10	circle	none	dif	hori	left	N_dis	(800, 618)	True	109414	110525	left	(800, 450)	testing
1	zh	m	20	10	diamond	none	dif	hori	left	N_dis	(681, 331)	True	111704	113244	left	(800, 450)	testing
1	zh	m	20	10	circle	green	same	vert	up	(800, 618)	(681, 568)	True	114480	115341	up	(800, 450)	testing
1	zh	m	20	10	diamond	green	dif	hori	left	(800, 618)	(968, 450)	True	116566	117741	left	(800, 450)	testing
1	zh	m	20	10	circle	red	dif	vert	up	(800, 618)	(800, 282)	True	118993	119853	up	(800, 450)	testing
1	zh	m	20	10	circle	none	same	hori	left	N_dis	(800, 282)	True	121024	123357	left	(800, 450)	testing
1	zh	m	20	10	circle	none	same	vert	up	N_dis	(918, 331)	True	124433	125309	up	(800, 450)	testing
1	zh	m	20	10	diamond	green	dif	vert	up	(918, 568)	(632, 450)	True	126480	128076	up	(800, 450)	testing
1	zh	m	20	10	diamond	red	same	hori	left	(800, 618)	(800, 282)	True	129319	130557	left	(800, 450)	testing
1	zh	m	20	10	diamond	green	same	vert	up	(800, 618)	(632, 450)	True	131728	132685	up	(800, 450)	testing
1	zh	m	20	10	circle	none	dif	hori	left	N_dis	(632, 450)	True	133799	135260	left	(800, 450)	testing
1	zh	m	20	10	circle	red	same	vert	up	(800, 618)	(918, 331)	True	136479	138060	up	(800, 450)	testing
1	zh	m	20	10	diamond	green	dif	hori	left	(968, 450)	(632, 450)	True	139243	140204	left	(800, 450)	testing
1	zh	m	20	10	circle	red	same	hori	left	(800, 618)	(800, 282)	True	141466	142797	left	(800, 450)	testing
1	zh	m	20	10	diamond	none	same	vert	up	N_dis	(918, 331)	True	144051	144861	up	(800, 450)	testing
1	zh	m	20	10	circle	none	same	hori	left	N_dis	(681, 568)	True	145904	147020	left	(800, 450)	testing
1	zh	m	20	10	circle	red	dif	hori	left	(800, 282)	(681, 331)	True	148233	149549	left	(800, 450)	testing
1	zh	m	20	10	circle	none	dif	vert	up	N_dis	(800, 282)	True	150814	151757	up	(800, 450)	testing
1	zh	m	20	10	circle	none	same	hori	left	N_dis	(800, 282)	True	152832	154092	left	(800, 450)	testing
1	zh	m	20	10	diamond	red	dif	vert	up	(968, 450)	(918, 331)	True	155280	156188	up	(800, 450)	testing
1	zh	m	20	10	diamond	none	same	hori	left	N_dis	(681, 568)	True	157437	158413	left	(800, 450)	testing
1	zh	m	20	10	circle	red	dif	hori	left	(800, 618)	(681, 331)	True	159488	160941	left	(800, 450)	testing
1	zh	m	20	10	diamond	none	same	hori	left	N_dis	(918, 568)	True	162200	163228	left	(800, 450)	testing
1	zh	m	20	10	diamond	none	dif	hori	left	N_dis	(800, 618)	True	164384	165597	left	(800, 450)	testing
1	zh	m	20	10	diamond	none	dif	vert	up	N_dis	(918, 568)	True	166683	167869	up	(800, 450)	testing
1	zh	m	20	10	circle	green	dif	hori	left	(800, 618)	(681, 331)	True	169042	170333	left	(800, 450)	testing
1	zh	m	20	10	circle	red	dif	vert	up	(800, 618)	(681, 331)	True	171554	173052	up	(800, 450)	testing
1	zh	m	20	10	circle	none	dif	hori	left	N_dis	(632, 450)	True	174127	175260	left	(800, 450)	testing
1	zh	m	20	10	diamond	red	same	vert	up	(800, 618)	(968, 450)	True	176467	178060	up	(800, 450)	testing
1	zh	m	20	10	diamond	none	same	vert	up	N_dis	(968, 450)	True	179111	180557	up	(800, 450)	testing
1	zh	m	20	10	diamond	none	same	hori	left	N_dis	(632, 450)	True	181820	182653	left	(800, 450)	testing
1	zh	m	20	10	circle	green	same	hori	left	(800, 618)	(968, 450)	True	183731	185068	left	(800, 450)	testing
1	zh	m	20	10	circle	red	dif	vert	up	(800, 618)	(918, 568)	True	186269	187132	up	(800, 450)	testing
1	zh	m	20	10	diamond	red	dif	vert	up	(918, 568)	(968, 450)	True	188373	189709	up	(800, 450)	testing
1	zh	m	20	10	diamond	none	dif	hori	left	N_dis	(968, 450)	True	190942	192012	left	(800, 450)	testing
1	zh	m	20	10	diamond	red	same	vert	up	(800, 618)	(681, 331)	True	193289	194573	up	(800, 450)	testing
1	zh	m	20	10	diamond	green	same	hori	left	(800, 618)	(918, 331)	True	195844	197036	left	(800, 450)	testing
1	zh	m	20	10	diamond	none	same	vert	up	N_dis	(968, 450)	True	198281	199132	up	(800, 450)	testing
1	zh	m	20	10	diamond	green	dif	hori	left	(681, 568)	(632, 450)	True	200402	201965	left	(800, 450)	testing
1	zh	m	20	10	circle	red	same	hori	left	(800, 618)	(918, 331)	True	203060	204573	left	(800, 450)	testing
1	zh	m	20	10	diamond	none	same	hori	left	N_dis	(918, 331)	True	205637	206669	left	(800, 450)	testing
1	zh	m	20	10	circle	red	same	vert	up	(800, 618)	(918, 331)	True	207925	209228	up	(800, 450)	testing
1	zh	m	20	10	circle	none	same	hori	left	N_dis	(918, 568)	True	210484	212220	left	(800, 450)	testing
1	zh	m	20	10	circle	none	same	vert	up	N_dis	(681, 331)	True	213290	214637	up	(800, 450)	testing
1	zh	m	20	10	circle	green	dif	vert	up	(800, 618)	(632, 450)	True	215904	217581	up	(800, 450)	testing
1	zh	m	20	10	diamond	red	dif	hori	left	(800, 618)	(681, 568)	True	218728	219949	left	(800, 450)	testing
1	zh	m	20	10	diamond	green	dif	vert	up	(681, 568)	(632, 450)	True	221178	222573	up	(800, 450)	testing
1	zh	m	20	10	diamond	none	same	vert	up	N_dis	(918, 568)	True	223844	224797	up	(800, 450)	testing
1	zh	m	20	10	circle	green	dif	vert	up	(800, 618)	(918, 568)	True	226015	227693	up	(800, 450)	testing
1	zh	m	20	10	diamond	green	same	vert	up	(918, 331)	(681, 331)	True	228805	230156	up	(800, 450)	testing
1	zh	m	20	10	circle	red	same	hori	left	(681, 568)	(681, 331)	True	231204	232685	left	(800, 450)	testing
1	zh	m	20	10	diamond	green	same	hori	left	(800, 618)	(800, 282)	True	233831	235276	left	(800, 450)	testing
1	zh	m	20	10	circle	none	same	vert	up	N_dis	(918, 331)	True	236410	237325	up	(800, 450)	testing
1	zh	m	20	10	diamond	green	dif	vert	up	(918, 568)	(681, 331)	True	238489	240108	up	(800, 450)	testing
1	zh	m	20	10	diamond	none	dif	vert	up	N_dis	(918, 331)	True	241286	242461	up	(800, 450)	testing
1	zh	m	20	10	circle	green	dif	hori	left	(681, 331)	(918, 568)	True	243517	244653	left	(800, 450)	testing
1	zh	m	20	10	circle	green	same	hori	left	(800, 618)	(800, 282)	True	245741	246685	left	(800, 450)	testing
1	zh	m	20	10	circle	none	dif	vert	up	N_dis	(968, 450)	True	247958	248877	up	(800, 450)	testing
1	zh	m	20	10	circle	none	same	vert	up	N_dis	(968, 450)	True	249941	251693	up	(800, 450)	testing
1	zh	m	20	10	diamond	none	dif	vert	up	N_dis	(681, 568)	True	252793	253661	up	(800, 450)	testing
1	zh	m	20	10	diamond	red	same	vert	up	(800, 618)	(681, 331)	True	254927	255965	up	(800, 450)	testing
1	zh	m	20	10	circle	green	dif	vert	up	(800, 618)	(918, 568)	True	257228	258365	up	(800, 450)	testing
1	zh	m	20	10	circle	red	same	vert	up	(800, 618)	(918, 568)	True	259454	260268	up	(800, 450)	testing
1	zh	m	20	10	diamond	none	dif	vert	up	N_dis	(681, 331)	True	261509	262733	up	(800, 450)	testing
1	zh	m	20	10	diamond	red	dif	vert	up	(800, 618)	(800, 282)	True	263890	264989	up	(800, 450)	testing
1	zh	m	20	10	circle	red	same	vert	up	(800, 618)	(632, 450)	True	266037	267341	up	(800, 450)	testing
1	zh	m	20	10	circle	none	dif	vert	up	N_dis	(681, 568)	True	268634	269901	up	(800, 450)	testing
1	zh	m	20	10	diamond	green	dif	vert	up	(800, 618)	(632, 450)	True	271089	272461	up	(800, 450)	testing
1	zh	m	20	10	circle	green	same	hori	left	(800, 618)	(681, 331)	True	273647	275052	left	(800, 450)	testing
1	zh	m	20	10	circle	red	dif	vert	up	(800, 618)	(681, 568)	True	276292	277260	up	(800, 450)	testing
1	zh	m	20	10	circle	green	dif	hori	left	(800, 618)	(918, 331)	True	278516	279389	left	(800, 450)	testing
1	zh	m	20	10	diamond	green	same	vert	up	(918, 331)	(800, 282)	True	280603	282909	up	(800, 450)	testing
1	zh	m	20	10	circle	green	same	hori	left	(632, 450)	(918, 568)	True	284008	285421	left	(800, 450)	testing
1	zh	m	20	10	diamond	green	same	vert	up	(800, 618)	(918, 331)	True	286583	288397	up	(800, 450)	testing
1	zh	m	20	10	circle	red	dif	vert	up	(918, 568)	(681, 331)	True	289499	291276	up	(800, 450)	testing
1	zh	m	20	10	diamond	green	dif	hori	left	(800, 618)	(632, 450)	True	292517	294044	left	(800, 450)	testing
1	zh	m	20	10	diamond	none	same	hori	left	N_dis	(800, 282)	True	295288	296653	left	(800, 450)	testing
1	zh	m	20	10	diamond	none	dif	hori	left	N_dis	(681, 568)	True	297930	298845	left	(800, 450)	testing
1	zh	m	20	10	circle	red	same	vert	up	(800, 618)	(800, 282)	True	300113	301357	up	(800, 450)	testing
conf	1	zh	m	20	10	space	None	None	None	None	None	None	None	None	None	True	351817	372060	2
