subj	name	gender	age	runNum	shape	dist	td_dif	resp	resp_key	d_loc	t_loc	gotKey	startTime	respTime	resp	fix_loc	prac
2	ar	f	21	1	diamond	none	same	vert	up	N_dis	(415, 287)	False	253389	None	None	(512, 384)	practice
2	ar	f	21	1	diamond	none	dif	hori	left	N_dis	(512, 248)	True	259092	260946	up	(512, 384)	practice
2	ar	f	21	1	circle	red	same	vert	up	(608, 287)	(376, 384)	True	263548	266488	up	(512, 384)	practice
2	ar	f	21	1	circle	none	dif	vert	up	N_dis	(415, 480)	True	267742	270379	up	(512, 384)	practice
2	ar	f	21	1	circle	green	same	vert	up	(608, 287)	(376, 384)	True	271610	273903	up	(512, 384)	practice
2	ar	f	21	1	circle	red	dif	hori	left	(608, 287)	(512, 248)	True	275051	276844	up	(512, 384)	practice
2	ar	f	21	1	circle	red	same	vert	up	(608, 287)	(608, 480)	True	279425	281292	up	(512, 384)	practice
2	ar	f	21	1	diamond	none	dif	vert	up	N_dis	(376, 384)	True	282487	284723	left	(512, 384)	practice
2	ar	f	21	1	circle	red	same	vert	up	(608, 287)	(415, 480)	True	287267	288371	up	(512, 384)	practice
2	ar	f	21	1	diamond	red	dif	hori	left	(608, 287)	(415, 480)	True	289642	292231	left	(512, 384)	practice
2	ar	f	21	1	circle	none	same	vert	up	N_dis	(512, 520)	True	293375	294835	up	(512, 384)	practice
2	ar	f	21	1	diamond	green	dif	hori	left	(608, 287)	(512, 520)	True	296104	298217	up	(512, 384)	practice
2	ar	f	21	1	diamond	green	same	hori	left	(608, 287)	(415, 480)	True	300796	303322	left	(512, 384)	practice
2	ar	f	21	1	diamond	red	dif	vert	up	(608, 287)	(512, 248)	False	304478	None	None	(512, 384)	practice
2	ar	f	21	1	diamond	green	dif	hori	left	(608, 287)	(648, 384)	True	310036	311983	left	(512, 384)	practice
2	ar	f	21	1	diamond	red	dif	vert	up	(608, 287)	(415, 480)	True	313084	315518	left	(512, 384)	practice
2	ar	f	21	1	circle	red	same	hori	left	(608, 287)	(512, 520)	True	318230	320433	up	(512, 384)	practice
2	ar	f	21	1	circle	none	dif	hori	left	N_dis	(648, 384)	True	323103	325168	left	(512, 384)	practice
2	ar	f	21	1	diamond	none	same	vert	up	N_dis	(415, 287)	True	326254	328665	left	(512, 384)	practice
2	ar	f	21	1	circle	green	same	vert	up	(608, 287)	(648, 384)	False	331213	None	None	(512, 384)	practice
2	ar	f	21	1	diamond	green	same	hori	left	(608, 287)	(608, 480)	True	336859	338413	up	(512, 384)	practice
2	ar	f	21	1	diamond	red	same	hori	left	(608, 287)	(512, 248)	True	340960	342253	left	(512, 384)	practice
2	ar	f	21	1	diamond	green	same	vert	up	(608, 287)	(512, 520)	True	343418	344740	up	(512, 384)	practice
2	ar	f	21	1	circle	none	dif	vert	up	N_dis	(608, 287)	True	345786	347953	up	(512, 384)	practice
2	ar	f	21	1	diamond	red	same	vert	up	(608, 287)	(415, 287)	True	349106	350640	up	(512, 384)	practice
2	ar	f	21	1	diamond	green	same	vert	up	(608, 287)	(512, 520)	True	351770	353012	left	(512, 384)	practice
2	ar	f	21	1	circle	red	dif	vert	up	(608, 287)	(512, 248)	True	355599	356718	left	(512, 384)	practice
2	ar	f	21	1	circle	green	same	hori	left	(608, 287)	(648, 384)	False	359424	None	None	(512, 384)	practice
2	ar	f	21	1	circle	red	dif	vert	up	(608, 287)	(648, 384)	False	365104	None	None	(512, 384)	practice
2	ar	f	21	1	circle	green	same	vert	up	(608, 287)	(376, 384)	True	370704	371888	left	(512, 384)	practice
2	ar	f	21	1	diamond	none	same	hori	left	N_dis	(512, 248)	True	374499	376398	left	(512, 384)	practice
2	ar	f	21	1	diamond	none	dif	vert	up	N_dis	(415, 480)	True	377638	379439	up	(512, 384)	practice
2	ar	f	21	1	diamond	red	same	hori	left	(608, 287)	(512, 248)	True	380517	382011	left	(512, 384)	practice
2	ar	f	21	1	circle	none	dif	vert	up	N_dis	(648, 384)	True	383272	385118	left	(512, 384)	practice
2	ar	f	21	1	circle	red	same	hori	left	(608, 287)	(512, 248)	True	387790	390006	left	(512, 384)	practice
2	ar	f	21	1	diamond	none	dif	hori	left	N_dis	(376, 384)	True	391274	393027	left	(512, 384)	practice
2	ar	f	21	1	diamond	none	dif	vert	up	N_dis	(512, 520)	True	394274	396126	up	(512, 384)	practice
2	ar	f	21	1	diamond	none	same	hori	left	N_dis	(512, 248)	True	397244	398328	left	(512, 384)	practice
2	ar	f	21	1	circle	none	dif	vert	up	N_dis	(608, 287)	True	399377	402247	up	(512, 384)	practice
2	ar	f	21	1	circle	red	same	vert	up	(608, 287)	(608, 480)	True	403515	405498	up	(512, 384)	practice
2	ar	f	21	1	circle	green	dif	vert	up	(415, 480)	(648, 384)	True	477223	478886	left	(512, 384)	testing
2	ar	f	21	1	diamond	red	same	vert	up	(608, 287)	(415, 287)	True	481477	483152	up	(512, 384)	testing
2	ar	f	21	1	circle	none	same	hori	left	N_dis	(608, 287)	True	484350	485993	up	(512, 384)	testing
2	ar	f	21	1	diamond	green	dif	hori	left	(608, 287)	(512, 520)	True	488666	489834	left	(512, 384)	testing
2	ar	f	21	1	diamond	green	dif	hori	left	(608, 287)	(648, 384)	False	490868	None	None	(512, 384)	testing
2	ar	f	21	1	diamond	red	dif	hori	left	(415, 480)	(376, 384)	True	496464	497921	left	(512, 384)	testing
2	ar	f	21	1	diamond	none	same	hori	left	N_dis	(376, 384)	True	498950	500561	left	(512, 384)	testing
2	ar	f	21	1	circle	green	dif	hori	left	(608, 287)	(512, 248)	True	501710	502775	up	(512, 384)	testing
2	ar	f	21	1	circle	none	same	hori	left	N_dis	(376, 384)	True	505516	506668	left	(512, 384)	testing
2	ar	f	21	1	diamond	none	dif	vert	up	N_dis	(512, 520)	True	507894	509706	up	(512, 384)	testing
2	ar	f	21	1	circle	green	same	vert	up	(608, 287)	(648, 384)	True	510834	512113	up	(512, 384)	testing
2	ar	f	21	1	circle	red	dif	hori	left	(608, 287)	(415, 287)	True	513272	514210	up	(512, 384)	testing
2	ar	f	21	1	diamond	green	dif	hori	left	(608, 480)	(415, 287)	True	516828	518709	left	(512, 384)	testing
2	ar	f	21	1	diamond	green	same	hori	left	(608, 287)	(415, 480)	True	519777	521881	up	(512, 384)	testing
2	ar	f	21	1	diamond	green	dif	vert	up	(415, 287)	(512, 520)	True	524481	526519	up	(512, 384)	testing
2	ar	f	21	1	circle	green	dif	hori	left	(512, 248)	(648, 384)	True	527581	529788	left	(512, 384)	testing
2	ar	f	21	1	diamond	green	same	hori	left	(608, 287)	(512, 520)	True	530965	532356	left	(512, 384)	testing
2	ar	f	21	1	circle	red	dif	vert	up	(648, 384)	(415, 480)	True	533444	534912	up	(512, 384)	testing
2	ar	f	21	1	diamond	red	same	hori	left	(608, 287)	(512, 248)	True	536101	537451	left	(512, 384)	testing
2	ar	f	21	1	circle	green	same	vert	up	(415, 287)	(512, 520)	True	538524	540211	up	(512, 384)	testing
2	ar	f	21	1	diamond	green	same	vert	up	(608, 287)	(415, 480)	True	541287	543241	up	(512, 384)	testing
2	ar	f	21	1	circle	none	dif	hori	left	N_dis	(512, 520)	True	544269	545212	up	(512, 384)	testing
2	ar	f	21	1	circle	red	same	vert	up	(608, 480)	(512, 520)	True	547977	550223	up	(512, 384)	testing
2	ar	f	21	1	circle	green	dif	vert	up	(512, 520)	(608, 480)	True	551449	552676	left	(512, 384)	testing
2	ar	f	21	1	circle	none	dif	hori	left	N_dis	(512, 248)	True	555261	557485	up	(512, 384)	testing
2	ar	f	21	1	diamond	none	dif	vert	up	N_dis	(415, 480)	True	560213	561618	left	(512, 384)	testing
2	ar	f	21	1	diamond	red	dif	vert	up	(608, 287)	(415, 480)	True	564335	565517	up	(512, 384)	testing
2	ar	f	21	1	circle	none	same	vert	up	N_dis	(376, 384)	True	566631	567767	up	(512, 384)	testing
2	ar	f	21	1	diamond	green	same	hori	left	(608, 287)	(415, 480)	True	569036	570075	left	(512, 384)	testing
2	ar	f	21	1	circle	none	dif	vert	up	N_dis	(608, 287)	True	571240	573281	up	(512, 384)	testing
2	ar	f	21	1	circle	green	dif	hori	left	(512, 248)	(608, 480)	True	574341	575184	up	(512, 384)	testing
2	ar	f	21	1	diamond	none	dif	vert	up	N_dis	(608, 480)	True	577823	579274	up	(512, 384)	testing
2	ar	f	21	1	diamond	red	dif	hori	left	(608, 287)	(608, 480)	True	580306	581855	left	(512, 384)	testing
2	ar	f	21	1	circle	none	same	hori	left	N_dis	(608, 480)	True	582987	584962	up	(512, 384)	testing
2	ar	f	21	1	diamond	red	dif	hori	left	(608, 287)	(415, 480)	True	587621	589334	left	(512, 384)	testing
2	ar	f	21	1	diamond	green	same	vert	up	(608, 287)	(512, 520)	True	590539	592179	up	(512, 384)	testing
2	ar	f	21	1	circle	green	same	hori	left	(608, 287)	(648, 384)	True	593207	594754	left	(512, 384)	testing
2	ar	f	21	1	circle	green	dif	vert	up	(376, 384)	(608, 480)	True	595801	597522	up	(512, 384)	testing
2	ar	f	21	1	circle	none	same	hori	left	N_dis	(608, 480)	True	598580	600705	left	(512, 384)	testing
2	ar	f	21	1	diamond	none	dif	vert	up	N_dis	(376, 384)	True	601744	603628	up	(512, 384)	testing
2	ar	f	21	1	circle	none	same	hori	left	N_dis	(512, 520)	True	604846	606763	left	(512, 384)	testing
2	ar	f	21	1	diamond	red	same	hori	left	(608, 287)	(512, 248)	True	608021	610495	left	(512, 384)	testing
2	ar	f	21	1	diamond	red	same	hori	left	(648, 384)	(415, 480)	True	611549	614309	up	(512, 384)	testing
2	ar	f	21	1	diamond	none	dif	hori	left	N_dis	(512, 248)	True	616905	618802	left	(512, 384)	testing
2	ar	f	21	1	circle	none	dif	vert	up	N_dis	(415, 480)	True	619911	622152	up	(512, 384)	testing
2	ar	f	21	1	diamond	green	same	hori	left	(608, 287)	(376, 384)	True	623387	625619	left	(512, 384)	testing
2	ar	f	21	1	diamond	red	same	hori	left	(608, 287)	(415, 287)	True	626730	628680	left	(512, 384)	testing
2	ar	f	21	1	diamond	none	same	hori	left	N_dis	(512, 248)	True	629760	631729	left	(512, 384)	testing
2	ar	f	21	1	circle	green	dif	hori	left	(608, 287)	(648, 384)	True	632841	634581	left	(512, 384)	testing
2	ar	f	21	1	diamond	green	dif	vert	up	(512, 248)	(512, 520)	True	635785	637506	up	(512, 384)	testing
2	ar	f	21	1	diamond	red	same	vert	up	(608, 287)	(415, 480)	True	638600	640549	up	(512, 384)	testing
2	ar	f	21	1	circle	green	same	vert	up	(608, 287)	(608, 480)	True	641660	643522	up	(512, 384)	testing
2	ar	f	21	1	diamond	red	dif	hori	left	(648, 384)	(415, 287)	True	644681	646133	up	(512, 384)	testing
2	ar	f	21	1	diamond	none	same	vert	up	N_dis	(415, 287)	True	648762	650652	up	(512, 384)	testing
2	ar	f	21	1	diamond	red	dif	hori	left	(608, 287)	(608, 480)	True	651919	654252	left	(512, 384)	testing
2	ar	f	21	1	circle	red	dif	vert	up	(608, 287)	(648, 384)	True	655302	658103	up	(512, 384)	testing
2	ar	f	21	1	diamond	none	same	vert	up	N_dis	(415, 287)	True	659199	660925	up	(512, 384)	testing
2	ar	f	21	1	circle	red	same	hori	left	(608, 287)	(512, 520)	True	661976	663572	left	(512, 384)	testing
2	ar	f	21	1	diamond	none	dif	vert	up	N_dis	(415, 287)	True	664834	666601	up	(512, 384)	testing
2	ar	f	21	1	circle	green	dif	vert	up	(608, 287)	(376, 384)	True	667820	670565	up	(512, 384)	testing
2	ar	f	21	1	diamond	none	dif	hori	left	N_dis	(648, 384)	True	671703	673976	up	(512, 384)	testing
2	ar	f	21	1	circle	none	same	vert	up	N_dis	(415, 480)	True	676731	678185	up	(512, 384)	testing
2	ar	f	21	1	diamond	none	same	hori	left	N_dis	(648, 384)	True	679259	680726	up	(512, 384)	testing
2	ar	f	21	1	circle	none	dif	hori	left	N_dis	(648, 384)	True	683450	685844	left	(512, 384)	testing
2	ar	f	21	1	diamond	none	dif	hori	left	N_dis	(415, 480)	True	686928	688413	left	(512, 384)	testing
2	ar	f	21	1	diamond	red	dif	vert	up	(415, 287)	(376, 384)	True	689570	690763	up	(512, 384)	testing
2	ar	f	21	1	diamond	red	dif	vert	up	(608, 287)	(648, 384)	True	691930	693881	up	(512, 384)	testing
2	ar	f	21	1	circle	green	same	vert	up	(608, 287)	(376, 384)	True	695122	696267	up	(512, 384)	testing
2	ar	f	21	1	circle	red	same	hori	left	(608, 287)	(512, 248)	True	697464	699131	left	(512, 384)	testing
2	ar	f	21	1	circle	none	dif	vert	up	N_dis	(648, 384)	True	700181	702320	up	(512, 384)	testing
2	ar	f	21	1	circle	red	same	hori	left	(608, 287)	(415, 287)	True	703472	705878	up	(512, 384)	testing
2	ar	f	21	1	diamond	none	same	vert	up	N_dis	(512, 520)	True	708572	710704	up	(512, 384)	testing
2	ar	f	21	1	diamond	red	same	vert	up	(608, 287)	(512, 520)	True	711932	713818	left	(512, 384)	testing
2	ar	f	21	1	circle	green	same	hori	left	(608, 287)	(648, 384)	True	716542	718004	up	(512, 384)	testing
2	ar	f	21	1	circle	none	dif	vert	up	N_dis	(608, 287)	True	720628	722051	up	(512, 384)	testing
2	ar	f	21	1	diamond	red	same	hori	left	(608, 287)	(415, 480)	True	723310	725043	up	(512, 384)	testing
2	ar	f	21	1	circle	red	dif	hori	left	(376, 384)	(648, 384)	True	727717	729775	left	(512, 384)	testing
2	ar	f	21	1	diamond	none	same	hori	left	N_dis	(415, 480)	True	731017	733287	left	(512, 384)	testing
2	ar	f	21	1	diamond	green	dif	vert	up	(608, 287)	(376, 384)	True	734546	736231	up	(512, 384)	testing
2	ar	f	21	1	diamond	none	dif	hori	left	N_dis	(608, 287)	True	737366	739459	left	(512, 384)	testing
2	ar	f	21	1	circle	red	dif	vert	up	(608, 287)	(608, 480)	True	740612	742551	up	(512, 384)	testing
2	ar	f	21	1	circle	red	same	hori	left	(415, 287)	(512, 520)	True	743781	746308	left	(512, 384)	testing
2	ar	f	21	1	diamond	green	same	hori	left	(608, 287)	(608, 480)	True	747576	749146	left	(512, 384)	testing
2	ar	f	21	1	diamond	green	same	vert	up	(608, 480)	(415, 287)	True	750390	752428	up	(512, 384)	testing
2	ar	f	21	1	circle	none	same	vert	up	N_dis	(608, 287)	True	753583	755922	left	(512, 384)	testing
2	ar	f	21	1	diamond	none	same	vert	up	N_dis	(415, 287)	True	758688	760808	up	(512, 384)	testing
2	ar	f	21	1	circle	none	dif	hori	left	N_dis	(415, 287)	True	761907	764269	left	(512, 384)	testing
2	ar	f	21	1	diamond	none	same	hori	left	N_dis	(512, 248)	True	765517	767587	left	(512, 384)	testing
2	ar	f	21	1	diamond	red	dif	vert	up	(608, 287)	(512, 248)	True	768687	771002	up	(512, 384)	testing
2	ar	f	21	1	circle	red	same	vert	up	(608, 287)	(608, 480)	True	772221	775213	up	(512, 384)	testing
2	ar	f	21	1	circle	red	dif	hori	left	(608, 287)	(512, 248)	True	776482	778623	left	(512, 384)	testing
2	ar	f	21	1	circle	none	same	vert	up	N_dis	(512, 520)	True	779869	782031	up	(512, 384)	testing
2	ar	f	21	1	diamond	red	same	vert	up	(608, 287)	(415, 480)	True	783296	786106	up	(512, 384)	testing
2	ar	f	21	1	circle	none	dif	vert	up	N_dis	(608, 480)	True	787248	788723	up	(512, 384)	testing
2	ar	f	21	1	diamond	green	same	vert	up	(415, 480)	(415, 287)	True	789866	792639	up	(512, 384)	testing
2	ar	f	21	1	circle	red	same	vert	up	(608, 287)	(608, 480)	True	793833	795927	up	(512, 384)	testing
2	ar	f	21	1	diamond	green	dif	hori	left	(512, 248)	(512, 520)	True	796967	798671	left	(512, 384)	testing
2	ar	f	21	1	circle	none	same	vert	up	N_dis	(608, 480)	True	799943	802695	up	(512, 384)	testing
2	ar	f	21	1	circle	red	same	hori	left	(512, 520)	(512, 248)	True	803907	806333	left	(512, 384)	testing
2	ar	f	21	1	diamond	none	dif	hori	left	N_dis	(376, 384)	True	807564	809205	up	(512, 384)	testing
2	ar	f	21	1	diamond	red	same	vert	up	(608, 287)	(376, 384)	True	811761	814213	up	(512, 384)	testing
2	ar	f	21	1	circle	green	same	hori	left	(648, 384)	(415, 287)	True	815297	817745	left	(512, 384)	testing
2	ar	f	21	1	circle	green	same	hori	left	(376, 384)	(608, 480)	True	818850	820700	left	(512, 384)	testing
2	ar	f	21	1	diamond	green	dif	hori	left	(512, 520)	(608, 480)	True	821790	824204	left	(512, 384)	testing
2	ar	f	21	1	circle	none	dif	hori	left	N_dis	(648, 384)	True	825353	827134	left	(512, 384)	testing
2	ar	f	21	1	diamond	green	dif	vert	up	(608, 287)	(415, 287)	True	828268	830992	up	(512, 384)	testing
2	ar	f	21	1	diamond	green	dif	vert	up	(512, 520)	(648, 384)	True	832027	833559	up	(512, 384)	testing
2	ar	f	21	1	diamond	red	dif	vert	up	(376, 384)	(512, 248)	True	834615	836925	up	(512, 384)	testing
2	ar	f	21	1	circle	red	dif	hori	left	(608, 287)	(415, 287)	True	838060	839908	left	(512, 384)	testing
2	ar	f	21	1	circle	red	same	vert	up	(608, 287)	(415, 480)	True	841017	842775	up	(512, 384)	testing
2	ar	f	21	1	circle	green	same	vert	up	(608, 287)	(376, 384)	True	844034	845903	up	(512, 384)	testing
2	ar	f	21	1	circle	green	dif	vert	up	(608, 287)	(415, 287)	True	847092	848790	up	(512, 384)	testing
2	ar	f	21	1	diamond	green	same	vert	up	(608, 287)	(512, 520)	True	849843	852095	up	(512, 384)	testing
2	ar	f	21	1	circle	green	same	hori	left	(415, 480)	(512, 248)	True	853323	855238	left	(512, 384)	testing
2	ar	f	21	1	circle	red	dif	vert	up	(608, 287)	(415, 480)	True	856330	858191	up	(512, 384)	testing
2	ar	f	21	1	circle	red	dif	hori	left	(608, 287)	(512, 520)	True	859450	862119	left	(512, 384)	testing
2	ar	f	21	1	circle	red	dif	vert	up	(608, 287)	(512, 248)	True	863261	865305	up	(512, 384)	testing
2	ar	f	21	1	diamond	none	same	vert	up	N_dis	(512, 248)	True	866421	868573	up	(512, 384)	testing
2	ar	f	21	1	circle	red	same	vert	up	(608, 287)	(376, 384)	True	869789	871801	up	(512, 384)	testing
2	ar	f	21	1	circle	green	dif	hori	left	(608, 480)	(376, 384)	True	873001	874578	left	(512, 384)	testing
