subj	name	gender	age	runNum	shape	dist	td_dif	resp	resp_key	d_loc	t_loc	gotKey	startTime	respTime	resp	fix_loc	prac
2	ar	f	21	6	diamond	green	dif	hori	left	(376, 384)	(415, 480)	True	47351	49322	left	(512, 384)	testing
2	ar	f	21	6	circle	red	same	hori	left	(512, 520)	(512, 248)	True	50344	51901	left	(512, 384)	testing
2	ar	f	21	6	diamond	red	dif	vert	up	(376, 384)	(648, 384)	True	52933	54082	up	(512, 384)	testing
2	ar	f	21	6	diamond	none	same	vert	up	N_dis	(415, 480)	True	55237	56157	up	(512, 384)	testing
2	ar	f	21	6	diamond	green	same	hori	left	(648, 384)	(608, 287)	True	57306	58429	left	(512, 384)	testing
2	ar	f	21	6	circle	none	dif	vert	up	N_dis	(648, 384)	True	59671	61242	up	(512, 384)	testing
2	ar	f	21	6	circle	red	dif	hori	left	(608, 287)	(415, 287)	True	62366	63330	left	(512, 384)	testing
2	ar	f	21	6	diamond	red	same	hori	left	(512, 248)	(608, 287)	True	64459	66251	left	(512, 384)	testing
2	ar	f	21	6	circle	green	same	vert	up	(376, 384)	(512, 520)	True	67355	68449	up	(512, 384)	testing
2	ar	f	21	6	circle	green	same	hori	left	(376, 384)	(608, 287)	True	69709	70460	left	(512, 384)	testing
2	ar	f	21	6	circle	red	same	hori	left	(376, 384)	(415, 480)	True	71688	73287	left	(512, 384)	testing
2	ar	f	21	6	diamond	green	dif	hori	left	(376, 384)	(512, 520)	True	74478	76965	left	(512, 384)	testing
2	ar	f	21	6	circle	none	dif	vert	up	N_dis	(415, 287)	True	78158	79407	up	(512, 384)	testing
2	ar	f	21	6	diamond	green	dif	vert	up	(376, 384)	(648, 384)	True	80478	81701	up	(512, 384)	testing
2	ar	f	21	6	circle	red	dif	vert	up	(648, 384)	(512, 248)	True	82886	84465	up	(512, 384)	testing
2	ar	f	21	6	circle	green	same	vert	up	(376, 384)	(608, 480)	True	85718	87113	up	(512, 384)	testing
2	ar	f	21	6	circle	red	same	vert	up	(376, 384)	(415, 287)	True	88352	89533	up	(512, 384)	testing
2	ar	f	21	6	diamond	green	same	vert	up	(376, 384)	(415, 480)	True	90675	92079	up	(512, 384)	testing
2	ar	f	21	6	circle	red	dif	hori	left	(415, 480)	(512, 520)	True	93234	94246	left	(512, 384)	testing
2	ar	f	21	6	diamond	none	same	vert	up	N_dis	(648, 384)	True	95478	96790	up	(512, 384)	testing
2	ar	f	21	6	diamond	none	dif	vert	up	N_dis	(512, 248)	True	97955	99461	up	(512, 384)	testing
2	ar	f	21	6	diamond	green	same	hori	left	(376, 384)	(512, 248)	True	100518	102362	left	(512, 384)	testing
2	ar	f	21	6	diamond	green	dif	hori	left	(376, 384)	(415, 287)	True	103578	105271	left	(512, 384)	testing
2	ar	f	21	6	circle	green	same	hori	left	(376, 384)	(648, 384)	True	106531	107926	left	(512, 384)	testing
2	ar	f	21	6	circle	red	same	vert	up	(376, 384)	(512, 520)	True	109029	111107	up	(512, 384)	testing
2	ar	f	21	6	circle	green	dif	hori	left	(376, 384)	(415, 480)	True	112164	113332	left	(512, 384)	testing
2	ar	f	21	6	circle	green	dif	hori	left	(512, 248)	(415, 287)	True	114476	115742	left	(512, 384)	testing
2	ar	f	21	6	diamond	red	same	hori	left	(415, 287)	(415, 480)	True	116878	118560	left	(512, 384)	testing
2	ar	f	21	6	circle	green	same	vert	up	(608, 480)	(415, 480)	True	119603	121182	up	(512, 384)	testing
2	ar	f	21	6	circle	none	same	vert	up	N_dis	(608, 287)	True	122222	124347	up	(512, 384)	testing
2	ar	f	21	6	diamond	green	dif	vert	up	(608, 480)	(415, 287)	True	125442	126630	up	(512, 384)	testing
2	ar	f	21	6	diamond	red	same	hori	left	(376, 384)	(648, 384)	True	127758	128811	left	(512, 384)	testing
2	ar	f	21	6	diamond	green	dif	hori	left	(376, 384)	(415, 287)	True	129870	131097	left	(512, 384)	testing
2	ar	f	21	6	diamond	red	dif	hori	left	(415, 287)	(512, 520)	True	132334	133475	left	(512, 384)	testing
2	ar	f	21	6	diamond	green	same	hori	left	(415, 480)	(415, 287)	True	134678	135777	left	(512, 384)	testing
2	ar	f	21	6	circle	none	dif	hori	left	N_dis	(512, 520)	True	136911	138387	left	(512, 384)	testing
2	ar	f	21	6	diamond	red	dif	vert	up	(512, 248)	(648, 384)	True	139659	140711	up	(512, 384)	testing
2	ar	f	21	6	diamond	red	same	vert	up	(415, 287)	(608, 287)	True	141910	142967	up	(512, 384)	testing
2	ar	f	21	6	circle	none	same	vert	up	N_dis	(415, 480)	True	144169	146097	up	(512, 384)	testing
2	ar	f	21	6	circle	green	dif	vert	up	(608, 287)	(512, 520)	True	147218	149744	up	(512, 384)	testing
2	ar	f	21	6	circle	red	same	hori	left	(376, 384)	(608, 480)	True	150996	151956	left	(512, 384)	testing
2	ar	f	21	6	circle	green	dif	hori	left	(376, 384)	(415, 480)	True	153207	155185	up	(512, 384)	testing
2	ar	f	21	6	diamond	green	same	vert	up	(376, 384)	(415, 287)	True	157882	160039	up	(512, 384)	testing
2	ar	f	21	6	diamond	none	same	hori	left	N_dis	(608, 480)	True	161081	162881	left	(512, 384)	testing
2	ar	f	21	6	diamond	none	same	hori	left	N_dis	(415, 287)	True	164084	165620	left	(512, 384)	testing
2	ar	f	21	6	circle	none	same	hori	left	N_dis	(608, 287)	True	166805	168094	left	(512, 384)	testing
2	ar	f	21	6	diamond	none	dif	vert	up	N_dis	(608, 480)	True	169199	170167	up	(512, 384)	testing
2	ar	f	21	6	circle	none	same	vert	up	N_dis	(376, 384)	True	171422	172853	up	(512, 384)	testing
2	ar	f	21	6	circle	red	same	vert	up	(376, 384)	(512, 520)	True	173881	175805	up	(512, 384)	testing
2	ar	f	21	6	diamond	red	dif	hori	left	(648, 384)	(608, 480)	True	176890	178336	left	(512, 384)	testing
2	ar	f	21	6	circle	none	same	vert	up	N_dis	(608, 480)	True	179539	180669	up	(512, 384)	testing
2	ar	f	21	6	diamond	red	same	vert	up	(415, 287)	(415, 480)	True	181848	182883	up	(512, 384)	testing
2	ar	f	21	6	diamond	none	dif	hori	left	N_dis	(512, 520)	True	184056	185225	left	(512, 384)	testing
2	ar	f	21	6	diamond	none	same	hori	left	N_dis	(608, 480)	True	186454	187845	left	(512, 384)	testing
2	ar	f	21	6	diamond	green	dif	vert	up	(376, 384)	(648, 384)	True	188971	189939	up	(512, 384)	testing
2	ar	f	21	6	diamond	red	dif	vert	up	(608, 480)	(648, 384)	True	191114	192004	up	(512, 384)	testing
2	ar	f	21	6	circle	none	dif	hori	left	N_dis	(376, 384)	True	193091	194616	left	(512, 384)	testing
2	ar	f	21	6	diamond	red	same	vert	up	(376, 384)	(512, 248)	True	195832	197084	up	(512, 384)	testing
2	ar	f	21	6	diamond	red	same	vert	up	(376, 384)	(608, 287)	True	198243	199118	up	(512, 384)	testing
2	ar	f	21	6	circle	green	same	vert	up	(608, 480)	(415, 480)	True	200288	201226	left	(512, 384)	testing
2	ar	f	21	6	diamond	none	same	vert	up	N_dis	(608, 287)	True	203950	205107	up	(512, 384)	testing
2	ar	f	21	6	circle	green	same	hori	left	(376, 384)	(608, 287)	True	206194	208064	left	(512, 384)	testing
2	ar	f	21	6	diamond	red	dif	hori	left	(376, 384)	(415, 480)	True	209303	210992	left	(512, 384)	testing
2	ar	f	21	6	diamond	none	dif	hori	left	N_dis	(512, 520)	True	212125	213904	left	(512, 384)	testing
2	ar	f	21	6	circle	none	dif	vert	up	N_dis	(415, 287)	True	215154	217435	up	(512, 384)	testing
2	ar	f	21	6	diamond	red	dif	vert	up	(376, 384)	(608, 287)	True	218510	220630	up	(512, 384)	testing
2	ar	f	21	6	diamond	none	dif	vert	up	N_dis	(648, 384)	True	221833	222908	up	(512, 384)	testing
2	ar	f	21	6	circle	none	dif	vert	up	N_dis	(608, 287)	True	224132	225811	up	(512, 384)	testing
2	ar	f	21	6	diamond	green	same	vert	up	(376, 384)	(648, 384)	True	227079	229001	up	(512, 384)	testing
2	ar	f	21	6	circle	none	dif	vert	up	N_dis	(415, 287)	True	230134	232300	up	(512, 384)	testing
2	ar	f	21	6	circle	red	dif	hori	left	(376, 384)	(608, 480)	True	233546	235249	left	(512, 384)	testing
2	ar	f	21	6	diamond	none	same	hori	left	N_dis	(512, 248)	True	236302	238258	left	(512, 384)	testing
2	ar	f	21	6	diamond	none	same	hori	left	N_dis	(608, 287)	True	239449	240634	left	(512, 384)	testing
2	ar	f	21	6	circle	green	dif	vert	up	(608, 287)	(415, 480)	True	241739	243295	up	(512, 384)	testing
2	ar	f	21	6	diamond	none	dif	hori	left	N_dis	(608, 480)	True	244319	246008	left	(512, 384)	testing
2	ar	f	21	6	circle	green	same	hori	left	(376, 384)	(648, 384)	True	247088	248887	left	(512, 384)	testing
2	ar	f	21	6	diamond	none	dif	hori	left	N_dis	(415, 480)	True	250103	251272	left	(512, 384)	testing
2	ar	f	21	6	circle	green	dif	vert	up	(376, 384)	(648, 384)	True	252308	253893	up	(512, 384)	testing
2	ar	f	21	6	diamond	none	dif	hori	left	N_dis	(415, 480)	True	255125	256632	left	(512, 384)	testing
2	ar	f	21	6	circle	red	dif	vert	up	(376, 384)	(415, 287)	True	257778	259578	up	(512, 384)	testing
2	ar	f	21	6	diamond	none	same	vert	up	N_dis	(512, 248)	True	260821	263627	up	(512, 384)	testing
2	ar	f	21	6	circle	green	same	hori	left	(512, 248)	(648, 384)	True	264688	266098	left	(512, 384)	testing
2	ar	f	21	6	diamond	red	dif	hori	left	(415, 480)	(608, 480)	True	267192	269596	left	(512, 384)	testing
2	ar	f	21	6	circle	red	dif	vert	up	(376, 384)	(512, 248)	True	270680	272254	up	(512, 384)	testing
2	ar	f	21	6	circle	none	same	hori	left	N_dis	(512, 248)	True	273294	274789	left	(512, 384)	testing
2	ar	f	21	6	diamond	red	same	hori	left	(376, 384)	(648, 384)	True	275825	278577	left	(512, 384)	testing
2	ar	f	21	6	circle	none	dif	hori	left	N_dis	(415, 480)	True	279662	281221	left	(512, 384)	testing
2	ar	f	21	6	circle	red	same	vert	up	(376, 384)	(415, 480)	True	282280	284127	up	(512, 384)	testing
2	ar	f	21	6	diamond	green	same	vert	up	(376, 384)	(608, 480)	True	285289	286691	up	(512, 384)	testing
2	ar	f	21	6	circle	red	same	hori	left	(376, 384)	(512, 520)	True	287762	289102	left	(512, 384)	testing
2	ar	f	21	6	diamond	none	dif	vert	up	N_dis	(415, 287)	True	290292	291929	up	(512, 384)	testing
2	ar	f	21	6	diamond	none	dif	vert	up	N_dis	(648, 384)	True	293198	294383	up	(512, 384)	testing
2	ar	f	21	6	circle	none	same	vert	up	N_dis	(648, 384)	True	295462	297068	up	(512, 384)	testing
2	ar	f	21	6	circle	red	same	vert	up	(376, 384)	(512, 248)	True	298162	300026	up	(512, 384)	testing
2	ar	f	21	6	circle	none	same	hori	left	N_dis	(512, 520)	True	301083	302173	left	(512, 384)	testing
2	ar	f	21	6	circle	green	dif	vert	up	(376, 384)	(512, 520)	True	303374	305615	up	(512, 384)	testing
2	ar	f	21	6	circle	none	dif	hori	left	N_dis	(376, 384)	True	306809	308447	left	(512, 384)	testing
2	ar	f	21	6	circle	red	dif	vert	up	(376, 384)	(512, 248)	True	309480	311223	up	(512, 384)	testing
2	ar	f	21	6	circle	green	dif	hori	left	(376, 384)	(415, 287)	True	312367	314175	left	(512, 384)	testing
2	ar	f	21	6	circle	red	dif	hori	left	(376, 384)	(512, 248)	True	315448	316704	left	(512, 384)	testing
2	ar	f	21	6	diamond	green	same	hori	left	(376, 384)	(608, 480)	True	317838	319059	left	(512, 384)	testing
2	ar	f	21	6	diamond	none	same	vert	up	N_dis	(512, 248)	True	320209	321628	up	(512, 384)	testing
2	ar	f	21	6	circle	none	same	hori	left	N_dis	(376, 384)	True	322891	324193	left	(512, 384)	testing
2	ar	f	21	6	diamond	red	dif	vert	up	(376, 384)	(512, 248)	True	325450	326746	up	(512, 384)	testing
2	ar	f	21	6	circle	none	dif	hori	left	N_dis	(376, 384)	True	328007	329795	left	(512, 384)	testing
2	ar	f	21	6	circle	red	dif	hori	left	(376, 384)	(608, 287)	True	330931	333138	left	(512, 384)	testing
2	ar	f	21	6	circle	green	dif	hori	left	(376, 384)	(512, 520)	True	334203	335781	left	(512, 384)	testing
2	ar	f	21	6	diamond	red	same	hori	left	(648, 384)	(512, 520)	True	336978	338699	left	(512, 384)	testing
2	ar	f	21	6	circle	red	dif	vert	up	(512, 520)	(608, 480)	True	339918	342157	up	(512, 384)	testing
2	ar	f	21	6	circle	none	same	hori	left	N_dis	(512, 520)	True	343327	344576	left	(512, 384)	testing
2	ar	f	21	6	circle	red	same	hori	left	(415, 480)	(415, 287)	True	345831	347198	left	(512, 384)	testing
2	ar	f	21	6	diamond	green	dif	vert	up	(376, 384)	(415, 287)	True	348264	349731	up	(512, 384)	testing
2	ar	f	21	6	circle	green	dif	vert	up	(512, 520)	(648, 384)	True	350859	352250	up	(512, 384)	testing
2	ar	f	21	6	diamond	red	dif	hori	left	(376, 384)	(608, 287)	True	353478	354611	left	(512, 384)	testing
2	ar	f	21	6	diamond	green	dif	hori	left	(512, 520)	(512, 248)	True	355682	357686	left	(512, 384)	testing
2	ar	f	21	6	diamond	red	same	vert	up	(376, 384)	(608, 480)	True	358785	359939	up	(512, 384)	testing
2	ar	f	21	6	diamond	green	dif	vert	up	(376, 384)	(648, 384)	True	360970	362149	up	(512, 384)	testing
2	ar	f	21	6	diamond	green	same	hori	left	(608, 287)	(608, 480)	True	363173	364610	left	(512, 384)	testing
2	ar	f	21	6	circle	green	same	vert	up	(376, 384)	(608, 287)	True	365634	366960	up	(512, 384)	testing
2	ar	f	21	6	diamond	green	same	vert	up	(376, 384)	(608, 480)	True	368119	369394	up	(512, 384)	testing
