subj	name	gender	age	runNum	shape	dist	td_dif	resp	resp_key	d_loc	t_loc	gotKey	startTime	respTime	resp	fix_loc	prac
2	ar	f	21	7	circle	none	same	hori	left	N_dis	(648, 384)	True	17588	19110	left	(512, 384)	testing
2	ar	f	21	7	circle	red	same	hori	left	(415, 287)	(512, 248)	True	20208	21358	left	(512, 384)	testing
2	ar	f	21	7	circle	red	same	vert	up	(608, 480)	(415, 480)	True	22416	24262	up	(512, 384)	testing
2	ar	f	21	7	circle	green	same	hori	left	(608, 480)	(415, 287)	True	25496	26391	left	(512, 384)	testing
2	ar	f	21	7	circle	none	same	vert	up	N_dis	(512, 520)	True	27443	28428	up	(512, 384)	testing
2	ar	f	21	7	diamond	green	dif	hori	left	(608, 480)	(648, 384)	True	29632	31245	left	(512, 384)	testing
2	ar	f	21	7	circle	none	dif	vert	up	N_dis	(415, 287)	True	32502	34051	up	(512, 384)	testing
2	ar	f	21	7	diamond	red	same	vert	up	(608, 480)	(648, 384)	True	35091	37399	up	(512, 384)	testing
2	ar	f	21	7	diamond	none	dif	hori	left	N_dis	(415, 287)	True	38445	39934	left	(512, 384)	testing
2	ar	f	21	7	circle	green	dif	vert	up	(376, 384)	(415, 287)	True	41167	42623	up	(512, 384)	testing
2	ar	f	21	7	circle	red	dif	vert	up	(608, 480)	(648, 384)	True	43723	44799	up	(512, 384)	testing
2	ar	f	21	7	diamond	red	dif	vert	up	(608, 480)	(512, 520)	True	45861	46870	up	(512, 384)	testing
2	ar	f	21	7	circle	none	same	vert	up	N_dis	(415, 287)	True	47950	49085	left	(512, 384)	testing
2	ar	f	21	7	circle	red	dif	hori	left	(608, 480)	(376, 384)	True	51671	53312	left	(512, 384)	testing
2	ar	f	21	7	circle	none	dif	hori	left	N_dis	(376, 384)	True	54436	55812	left	(512, 384)	testing
2	ar	f	21	7	diamond	green	dif	vert	up	(608, 287)	(512, 520)	True	56869	58000	up	(512, 384)	testing
2	ar	f	21	7	diamond	red	same	hori	left	(608, 480)	(415, 287)	True	59181	60779	left	(512, 384)	testing
2	ar	f	21	7	circle	red	same	hori	left	(608, 480)	(415, 287)	True	61809	63871	left	(512, 384)	testing
2	ar	f	21	7	diamond	green	same	vert	up	(608, 480)	(415, 480)	True	65088	67128	up	(512, 384)	testing
2	ar	f	21	7	diamond	green	same	hori	left	(648, 384)	(415, 480)	True	68304	69511	left	(512, 384)	testing
2	ar	f	21	7	diamond	green	same	vert	up	(608, 480)	(376, 384)	True	70732	72461	up	(512, 384)	testing
2	ar	f	21	7	circle	none	same	hori	left	N_dis	(608, 480)	True	73575	74791	left	(512, 384)	testing
2	ar	f	21	7	circle	red	dif	vert	up	(608, 480)	(648, 384)	True	75973	77891	up	(512, 384)	testing
2	ar	f	21	7	diamond	green	same	vert	up	(608, 480)	(512, 520)	True	79137	80718	up	(512, 384)	testing
2	ar	f	21	7	circle	red	dif	vert	up	(512, 520)	(648, 384)	True	81820	83548	up	(512, 384)	testing
2	ar	f	21	7	diamond	red	same	hori	left	(648, 384)	(376, 384)	True	84677	85798	left	(512, 384)	testing
2	ar	f	21	7	circle	red	same	hori	left	(608, 480)	(512, 520)	True	86929	89879	left	(512, 384)	testing
2	ar	f	21	7	diamond	green	same	vert	up	(608, 480)	(415, 480)	True	90997	93220	up	(512, 384)	testing
2	ar	f	21	7	diamond	green	dif	vert	up	(608, 480)	(376, 384)	True	94366	96421	up	(512, 384)	testing
2	ar	f	21	7	circle	green	same	hori	left	(608, 480)	(608, 287)	True	97693	99990	left	(512, 384)	testing
2	ar	f	21	7	diamond	green	dif	hori	left	(608, 480)	(415, 287)	True	101138	103384	left	(512, 384)	testing
2	ar	f	21	7	circle	red	same	vert	up	(608, 480)	(512, 520)	True	104542	105645	up	(512, 384)	testing
2	ar	f	21	7	diamond	red	same	vert	up	(512, 248)	(415, 287)	True	106724	108407	up	(512, 384)	testing
2	ar	f	21	7	diamond	none	dif	vert	up	N_dis	(608, 480)	True	109559	110831	up	(512, 384)	testing
2	ar	f	21	7	diamond	none	same	hori	left	N_dis	(376, 384)	True	112058	113437	left	(512, 384)	testing
2	ar	f	21	7	diamond	green	dif	hori	left	(608, 480)	(608, 287)	True	114504	116762	left	(512, 384)	testing
2	ar	f	21	7	circle	red	same	vert	up	(415, 480)	(415, 287)	True	117796	119212	up	(512, 384)	testing
2	ar	f	21	7	diamond	none	dif	vert	up	N_dis	(608, 480)	True	120239	122089	up	(512, 384)	testing
2	ar	f	21	7	circle	green	dif	hori	left	(608, 287)	(512, 520)	True	123147	124468	left	(512, 384)	testing
2	ar	f	21	7	circle	green	dif	vert	up	(608, 480)	(512, 520)	True	125718	127389	up	(512, 384)	testing
2	ar	f	21	7	diamond	red	same	hori	left	(608, 480)	(512, 248)	True	128540	130202	left	(512, 384)	testing
2	ar	f	21	7	circle	none	dif	vert	up	N_dis	(415, 480)	True	131356	132575	up	(512, 384)	testing
2	ar	f	21	7	circle	red	dif	hori	left	(608, 480)	(415, 287)	True	133816	135214	left	(512, 384)	testing
2	ar	f	21	7	circle	none	same	vert	up	N_dis	(608, 480)	True	136279	137539	up	(512, 384)	testing
2	ar	f	21	7	diamond	red	dif	hori	left	(608, 480)	(415, 287)	True	138607	140309	left	(512, 384)	testing
2	ar	f	21	7	circle	none	same	hori	left	N_dis	(512, 520)	True	141403	143847	left	(512, 384)	testing
2	ar	f	21	7	diamond	green	dif	vert	up	(512, 248)	(415, 480)	True	144944	146433	up	(512, 384)	testing
2	ar	f	21	7	diamond	none	dif	hori	left	N_dis	(608, 287)	True	147487	148604	left	(512, 384)	testing
2	ar	f	21	7	circle	none	same	hori	left	N_dis	(608, 287)	True	149850	150855	left	(512, 384)	testing
2	ar	f	21	7	circle	green	dif	hori	left	(608, 480)	(608, 287)	True	152109	153832	left	(512, 384)	testing
2	ar	f	21	7	circle	red	dif	hori	left	(608, 480)	(512, 248)	True	154939	156131	left	(512, 384)	testing
2	ar	f	21	7	diamond	none	same	vert	up	N_dis	(415, 287)	True	157351	158867	up	(512, 384)	testing
2	ar	f	21	7	diamond	green	same	vert	up	(608, 480)	(415, 287)	True	160130	161784	up	(512, 384)	testing
2	ar	f	21	7	circle	red	same	hori	left	(512, 520)	(648, 384)	True	162949	164307	left	(512, 384)	testing
2	ar	f	21	7	diamond	none	same	hori	left	N_dis	(415, 480)	True	165573	168049	left	(512, 384)	testing
2	ar	f	21	7	diamond	green	dif	hori	left	(608, 480)	(415, 480)	True	169292	170882	left	(512, 384)	testing
2	ar	f	21	7	circle	green	same	vert	up	(376, 384)	(415, 287)	True	172103	173809	up	(512, 384)	testing
2	ar	f	21	7	circle	red	dif	vert	up	(608, 287)	(415, 480)	False	174960	None	None	(512, 384)	testing
2	ar	f	21	7	diamond	green	dif	hori	left	(415, 287)	(512, 248)	True	180571	182067	left	(512, 384)	testing
2	ar	f	21	7	diamond	red	same	vert	up	(608, 480)	(512, 248)	True	183150	184327	up	(512, 384)	testing
2	ar	f	21	7	diamond	green	same	hori	left	(512, 248)	(376, 384)	True	185569	186784	left	(512, 384)	testing
2	ar	f	21	7	diamond	none	same	hori	left	N_dis	(512, 520)	True	187852	189259	left	(512, 384)	testing
2	ar	f	21	7	circle	red	dif	vert	up	(608, 480)	(415, 287)	True	190489	192257	up	(512, 384)	testing
2	ar	f	21	7	circle	red	same	hori	left	(608, 480)	(608, 287)	True	193451	194448	left	(512, 384)	testing
2	ar	f	21	7	circle	green	dif	hori	left	(415, 480)	(648, 384)	True	195705	196598	left	(512, 384)	testing
2	ar	f	21	7	circle	none	same	vert	up	N_dis	(608, 480)	True	197839	199026	up	(512, 384)	testing
2	ar	f	21	7	circle	red	same	vert	up	(512, 248)	(512, 520)	True	200174	201320	up	(512, 384)	testing
2	ar	f	21	7	circle	green	dif	vert	up	(608, 480)	(512, 248)	True	202413	204320	up	(512, 384)	testing
2	ar	f	21	7	diamond	red	dif	hori	left	(608, 480)	(512, 248)	True	205395	207134	left	(512, 384)	testing
2	ar	f	21	7	circle	green	same	vert	up	(415, 480)	(512, 520)	True	208293	209378	up	(512, 384)	testing
2	ar	f	21	7	circle	green	dif	vert	up	(608, 480)	(512, 520)	True	210445	212632	up	(512, 384)	testing
2	ar	f	21	7	circle	green	dif	hori	left	(608, 480)	(376, 384)	True	213799	214723	left	(512, 384)	testing
2	ar	f	21	7	diamond	green	dif	vert	up	(608, 480)	(376, 384)	True	215890	217201	up	(512, 384)	testing
2	ar	f	21	7	circle	none	dif	vert	up	N_dis	(376, 384)	True	218227	219356	up	(512, 384)	testing
2	ar	f	21	7	diamond	red	same	hori	left	(608, 480)	(608, 287)	True	220402	221598	left	(512, 384)	testing
2	ar	f	21	7	circle	none	dif	vert	up	N_dis	(648, 384)	True	222734	224366	up	(512, 384)	testing
2	ar	f	21	7	diamond	red	same	hori	left	(376, 384)	(512, 248)	True	225388	226923	left	(512, 384)	testing
2	ar	f	21	7	circle	none	dif	vert	up	N_dis	(608, 287)	True	228150	229050	up	(512, 384)	testing
2	ar	f	21	7	diamond	red	dif	hori	left	(608, 287)	(415, 480)	True	230202	231315	left	(512, 384)	testing
2	ar	f	21	7	diamond	green	same	hori	left	(608, 480)	(415, 287)	True	232382	234027	left	(512, 384)	testing
2	ar	f	21	7	diamond	none	dif	vert	up	N_dis	(648, 384)	True	235090	236056	up	(512, 384)	testing
2	ar	f	21	7	circle	red	same	vert	up	(608, 480)	(608, 287)	True	237303	239777	up	(512, 384)	testing
2	ar	f	21	7	diamond	red	dif	hori	left	(648, 384)	(415, 480)	True	240945	242223	left	(512, 384)	testing
2	ar	f	21	7	circle	green	same	vert	up	(608, 480)	(376, 384)	True	243488	244729	up	(512, 384)	testing
2	ar	f	21	7	diamond	none	same	hori	left	N_dis	(415, 287)	True	245782	247465	left	(512, 384)	testing
2	ar	f	21	7	diamond	none	dif	hori	left	N_dis	(376, 384)	True	248551	249596	left	(512, 384)	testing
2	ar	f	21	7	diamond	red	dif	hori	left	(415, 287)	(648, 384)	True	250737	251647	left	(512, 384)	testing
2	ar	f	21	7	circle	red	dif	hori	left	(376, 384)	(415, 480)	True	252873	254064	left	(512, 384)	testing
2	ar	f	21	7	diamond	green	same	hori	left	(512, 520)	(648, 384)	True	255110	257188	left	(512, 384)	testing
2	ar	f	21	7	circle	none	dif	hori	left	N_dis	(608, 287)	True	258414	259833	left	(512, 384)	testing
2	ar	f	21	7	diamond	none	same	vert	up	N_dis	(512, 248)	True	260950	261827	up	(512, 384)	testing
2	ar	f	21	7	diamond	none	dif	hori	left	N_dis	(415, 480)	True	263061	264160	left	(512, 384)	testing
2	ar	f	21	7	diamond	red	dif	vert	up	(415, 287)	(608, 287)	True	265325	266799	up	(512, 384)	testing
2	ar	f	21	7	diamond	none	same	vert	up	N_dis	(512, 248)	True	267897	269209	up	(512, 384)	testing
2	ar	f	21	7	diamond	red	dif	vert	up	(415, 480)	(512, 520)	True	270324	272400	up	(512, 384)	testing
2	ar	f	21	7	circle	none	same	hori	left	N_dis	(608, 287)	True	273503	275184	left	(512, 384)	testing
2	ar	f	21	7	diamond	none	same	vert	up	N_dis	(415, 480)	True	276277	277383	up	(512, 384)	testing
2	ar	f	21	7	diamond	green	dif	vert	up	(608, 480)	(648, 384)	True	278528	279872	up	(512, 384)	testing
2	ar	f	21	7	diamond	none	dif	vert	up	N_dis	(512, 248)	True	280934	282068	up	(512, 384)	testing
2	ar	f	21	7	circle	green	same	hori	left	(608, 480)	(648, 384)	True	283283	284338	left	(512, 384)	testing
2	ar	f	21	7	circle	green	same	hori	left	(608, 480)	(512, 248)	True	285403	287079	left	(512, 384)	testing
2	ar	f	21	7	diamond	none	dif	vert	up	N_dis	(376, 384)	True	288139	289137	up	(512, 384)	testing
2	ar	f	21	7	circle	green	same	vert	up	(512, 520)	(648, 384)	True	290328	292018	up	(512, 384)	testing
2	ar	f	21	7	diamond	red	same	vert	up	(608, 480)	(376, 384)	True	293117	294487	up	(512, 384)	testing
2	ar	f	21	7	circle	none	same	vert	up	N_dis	(512, 520)	True	295619	296683	up	(512, 384)	testing
2	ar	f	21	7	diamond	none	same	vert	up	N_dis	(648, 384)	True	297908	299851	up	(512, 384)	testing
2	ar	f	21	7	circle	none	dif	hori	left	N_dis	(512, 520)	True	301066	302043	left	(512, 384)	testing
2	ar	f	21	7	circle	green	dif	vert	up	(608, 480)	(415, 480)	True	303088	304360	up	(512, 384)	testing
2	ar	f	21	7	circle	none	dif	hori	left	N_dis	(415, 480)	True	305620	306638	left	(512, 384)	testing
2	ar	f	21	7	diamond	none	same	hori	left	N_dis	(512, 248)	True	307775	308846	left	(512, 384)	testing
2	ar	f	21	7	circle	none	dif	hori	left	N_dis	(512, 248)	True	309927	311276	left	(512, 384)	testing
2	ar	f	21	7	circle	green	dif	hori	left	(608, 480)	(608, 287)	True	312533	313567	left	(512, 384)	testing
2	ar	f	21	7	diamond	none	dif	hori	left	N_dis	(648, 384)	True	314717	315797	left	(512, 384)	testing
2	ar	f	21	7	circle	red	dif	hori	left	(648, 384)	(608, 287)	True	316845	317735	up	(512, 384)	testing
2	ar	f	21	7	circle	green	same	hori	left	(608, 480)	(415, 480)	True	320491	322838	left	(512, 384)	testing
2	ar	f	21	7	diamond	red	same	vert	up	(608, 480)	(415, 480)	True	324053	325549	up	(512, 384)	testing
2	ar	f	21	7	diamond	red	dif	vert	up	(608, 480)	(512, 520)	True	326786	327771	up	(512, 384)	testing
2	ar	f	21	7	diamond	red	dif	vert	up	(608, 480)	(648, 384)	True	328801	329839	up	(512, 384)	testing
2	ar	f	21	7	diamond	green	same	hori	left	(608, 480)	(512, 248)	True	331066	332839	left	(512, 384)	testing
2	ar	f	21	7	circle	green	same	vert	up	(608, 480)	(415, 287)	True	333946	335578	up	(512, 384)	testing
