subj	name	gender	age	runNum	shape	dist	td_dif	resp	resp_key	d_loc	t_loc	gotKey	startTime	respTime	resp	fix_loc	prac
2	ar	f	21	10	diamond	red	same	hori	left	(608, 480)	(648, 384)	True	11152	12652	left	(512, 384)	testing
2	ar	f	21	10	circle	green	same	hori	left	(608, 480)	(415, 480)	True	13732	15195	left	(512, 384)	testing
2	ar	f	21	10	circle	none	same	hori	left	N_dis	(415, 480)	True	16437	17717	left	(512, 384)	testing
2	ar	f	21	10	circle	red	dif	vert	up	(608, 480)	(512, 248)	True	18761	20106	up	(512, 384)	testing
2	ar	f	21	10	diamond	none	dif	vert	up	N_dis	(415, 287)	True	21233	22016	up	(512, 384)	testing
2	ar	f	21	10	circle	none	dif	hori	left	N_dis	(512, 248)	True	23225	24370	left	(512, 384)	testing
2	ar	f	21	10	circle	green	dif	vert	up	(415, 480)	(608, 287)	True	25631	26626	up	(512, 384)	testing
2	ar	f	21	10	diamond	red	dif	vert	up	(608, 287)	(512, 520)	True	27792	28937	up	(512, 384)	testing
2	ar	f	21	10	circle	red	dif	hori	left	(608, 480)	(512, 248)	True	30164	31963	left	(512, 384)	testing
2	ar	f	21	10	diamond	green	same	vert	up	(608, 480)	(376, 384)	True	33026	34244	up	(512, 384)	testing
2	ar	f	21	10	circle	red	same	hori	left	(512, 248)	(415, 287)	True	35472	37774	left	(512, 384)	testing
2	ar	f	21	10	circle	green	same	hori	left	(608, 480)	(512, 520)	True	39009	40044	left	(512, 384)	testing
2	ar	f	21	10	diamond	green	same	hori	left	(608, 480)	(415, 287)	True	41102	42117	left	(512, 384)	testing
2	ar	f	21	10	diamond	red	dif	vert	up	(512, 520)	(376, 384)	True	43175	44545	up	(512, 384)	testing
2	ar	f	21	10	circle	green	dif	vert	up	(608, 480)	(415, 287)	True	45735	47112	up	(512, 384)	testing
2	ar	f	21	10	circle	red	same	hori	left	(608, 480)	(415, 480)	True	48209	49280	left	(512, 384)	testing
2	ar	f	21	10	diamond	red	dif	hori	left	(608, 480)	(512, 248)	True	50477	52190	left	(512, 384)	testing
2	ar	f	21	10	circle	green	dif	hori	left	(608, 480)	(415, 287)	True	53364	54603	left	(512, 384)	testing
2	ar	f	21	10	circle	green	dif	hori	left	(648, 384)	(376, 384)	True	55794	57428	left	(512, 384)	testing
2	ar	f	21	10	circle	red	same	hori	left	(608, 287)	(512, 520)	True	58629	59877	left	(512, 384)	testing
2	ar	f	21	10	diamond	green	dif	vert	up	(608, 480)	(415, 287)	True	61094	62095	up	(512, 384)	testing
2	ar	f	21	10	circle	red	dif	vert	up	(512, 248)	(376, 384)	True	63367	65319	up	(512, 384)	testing
2	ar	f	21	10	diamond	green	same	vert	up	(608, 480)	(376, 384)	True	66455	67729	up	(512, 384)	testing
2	ar	f	21	10	diamond	green	same	vert	up	(608, 480)	(415, 287)	True	68984	70858	up	(512, 384)	testing
2	ar	f	21	10	circle	green	same	vert	up	(415, 287)	(608, 287)	True	72125	73665	up	(512, 384)	testing
2	ar	f	21	10	diamond	red	dif	hori	left	(608, 480)	(415, 287)	True	74732	76088	left	(512, 384)	testing
2	ar	f	21	10	diamond	none	same	vert	up	N_dis	(512, 248)	True	77331	78926	up	(512, 384)	testing
2	ar	f	21	10	circle	red	dif	vert	up	(608, 480)	(415, 480)	True	80030	82107	up	(512, 384)	testing
2	ar	f	21	10	diamond	none	same	vert	up	N_dis	(608, 287)	True	83255	84768	up	(512, 384)	testing
2	ar	f	21	10	diamond	green	dif	vert	up	(608, 480)	(376, 384)	True	85811	86726	up	(512, 384)	testing
2	ar	f	21	10	circle	none	dif	hori	left	N_dis	(415, 480)	True	87911	90083	left	(512, 384)	testing
2	ar	f	21	10	circle	none	same	hori	left	N_dis	(648, 384)	True	91291	92329	left	(512, 384)	testing
2	ar	f	21	10	circle	red	dif	vert	up	(608, 480)	(648, 384)	True	93591	94537	up	(512, 384)	testing
2	ar	f	21	10	circle	red	same	vert	up	(608, 480)	(415, 287)	True	95730	96634	up	(512, 384)	testing
2	ar	f	21	10	diamond	none	same	hori	left	N_dis	(648, 384)	True	97665	98688	left	(512, 384)	testing
2	ar	f	21	10	circle	none	dif	vert	up	N_dis	(608, 480)	True	99865	101199	up	(512, 384)	testing
2	ar	f	21	10	circle	red	same	hori	left	(608, 480)	(608, 287)	True	102429	104035	up	(512, 384)	testing
2	ar	f	21	10	circle	none	dif	hori	left	N_dis	(415, 287)	True	106765	108569	left	(512, 384)	testing
2	ar	f	21	10	diamond	none	dif	hori	left	N_dis	(608, 480)	True	109640	111518	left	(512, 384)	testing
2	ar	f	21	10	diamond	red	dif	hori	left	(415, 480)	(415, 287)	True	112767	113747	left	(512, 384)	testing
2	ar	f	21	10	diamond	none	dif	hori	left	N_dis	(608, 480)	True	114834	116016	left	(512, 384)	testing
2	ar	f	21	10	circle	none	dif	vert	up	N_dis	(376, 384)	True	117185	118449	up	(512, 384)	testing
2	ar	f	21	10	diamond	none	same	hori	left	N_dis	(415, 480)	True	119496	120872	left	(512, 384)	testing
2	ar	f	21	10	diamond	red	dif	hori	left	(648, 384)	(415, 287)	True	121980	123674	left	(512, 384)	testing
2	ar	f	21	10	diamond	none	same	hori	left	N_dis	(512, 520)	True	124900	127066	left	(512, 384)	testing
2	ar	f	21	10	diamond	green	same	hori	left	(608, 480)	(512, 520)	True	128250	129259	left	(512, 384)	testing
2	ar	f	21	10	diamond	green	same	vert	up	(608, 480)	(648, 384)	True	130385	131454	up	(512, 384)	testing
2	ar	f	21	10	diamond	none	same	vert	up	N_dis	(648, 384)	True	132615	133656	up	(512, 384)	testing
2	ar	f	21	10	circle	green	same	hori	left	(648, 384)	(608, 287)	True	134743	136810	left	(512, 384)	testing
2	ar	f	21	10	diamond	green	same	hori	left	(608, 480)	(512, 248)	True	137990	139501	left	(512, 384)	testing
2	ar	f	21	10	diamond	green	dif	vert	up	(648, 384)	(512, 248)	True	140684	141757	up	(512, 384)	testing
2	ar	f	21	10	circle	none	same	vert	up	N_dis	(512, 248)	True	142977	144422	up	(512, 384)	testing
2	ar	f	21	10	circle	red	same	vert	up	(608, 287)	(415, 287)	True	145614	147257	left	(512, 384)	testing
2	ar	f	21	10	circle	red	same	vert	up	(608, 480)	(608, 287)	False	149825	None	None	(512, 384)	testing
2	ar	f	21	10	circle	green	same	vert	up	(512, 520)	(608, 287)	True	155491	157128	up	(512, 384)	testing
2	ar	f	21	10	circle	none	dif	hori	left	N_dis	(512, 248)	True	158167	159599	left	(512, 384)	testing
2	ar	f	21	10	diamond	none	dif	vert	up	N_dis	(608, 480)	True	160709	162409	up	(512, 384)	testing
2	ar	f	21	10	circle	red	dif	hori	left	(608, 480)	(512, 248)	True	163473	164819	left	(512, 384)	testing
2	ar	f	21	10	circle	red	dif	hori	left	(608, 480)	(415, 287)	True	166059	167272	left	(512, 384)	testing
2	ar	f	21	10	diamond	green	dif	hori	left	(415, 287)	(648, 384)	True	168375	169995	left	(512, 384)	testing
2	ar	f	21	10	diamond	none	same	hori	left	N_dis	(376, 384)	True	171021	172496	left	(512, 384)	testing
2	ar	f	21	10	circle	none	dif	vert	up	N_dis	(376, 384)	True	173741	174877	up	(512, 384)	testing
2	ar	f	21	10	circle	none	same	hori	left	N_dis	(512, 248)	True	175965	177172	left	(512, 384)	testing
2	ar	f	21	10	diamond	none	dif	hori	left	N_dis	(608, 287)	True	178400	179596	left	(512, 384)	testing
2	ar	f	21	10	circle	none	dif	vert	up	N_dis	(415, 480)	True	180739	181733	up	(512, 384)	testing
2	ar	f	21	10	diamond	none	dif	vert	up	N_dis	(512, 520)	True	182903	183892	up	(512, 384)	testing
2	ar	f	21	10	circle	green	same	hori	left	(608, 480)	(415, 480)	True	185101	186580	left	(512, 384)	testing
2	ar	f	21	10	diamond	red	same	hori	left	(608, 480)	(648, 384)	True	187744	189071	left	(512, 384)	testing
2	ar	f	21	10	circle	none	same	vert	up	N_dis	(608, 480)	True	190106	192025	up	(512, 384)	testing
2	ar	f	21	10	diamond	none	dif	vert	up	N_dis	(415, 480)	True	193232	194173	up	(512, 384)	testing
2	ar	f	21	10	diamond	red	same	vert	up	(608, 480)	(512, 520)	True	195330	196291	up	(512, 384)	testing
2	ar	f	21	10	diamond	green	dif	hori	left	(608, 480)	(648, 384)	True	197345	198521	left	(512, 384)	testing
2	ar	f	21	10	circle	green	dif	vert	up	(608, 480)	(512, 520)	True	199686	201568	up	(512, 384)	testing
2	ar	f	21	10	circle	green	same	vert	up	(608, 480)	(512, 248)	True	202612	204554	up	(512, 384)	testing
2	ar	f	21	10	circle	green	dif	vert	up	(376, 384)	(415, 480)	True	205608	207487	up	(512, 384)	testing
2	ar	f	21	10	diamond	green	dif	vert	up	(608, 480)	(415, 480)	True	208520	210504	up	(512, 384)	testing
2	ar	f	21	10	diamond	none	dif	hori	left	N_dis	(648, 384)	True	211573	212857	left	(512, 384)	testing
2	ar	f	21	10	circle	none	same	vert	up	N_dis	(415, 287)	True	213971	215812	up	(512, 384)	testing
2	ar	f	21	10	diamond	none	same	vert	up	N_dis	(608, 287)	True	217034	218106	up	(512, 384)	testing
2	ar	f	21	10	diamond	none	dif	vert	up	N_dis	(415, 287)	True	219281	220417	up	(512, 384)	testing
2	ar	f	21	10	diamond	none	same	vert	up	N_dis	(608, 287)	True	221502	222556	up	(512, 384)	testing
2	ar	f	21	10	diamond	red	dif	hori	left	(415, 287)	(512, 248)	True	223649	225580	left	(512, 384)	testing
2	ar	f	21	10	diamond	red	same	hori	left	(608, 480)	(415, 287)	True	226836	227833	left	(512, 384)	testing
2	ar	f	21	10	diamond	red	dif	vert	up	(608, 480)	(376, 384)	True	228919	230003	up	(512, 384)	testing
2	ar	f	21	10	circle	none	same	vert	up	N_dis	(512, 520)	True	231081	232663	up	(512, 384)	testing
2	ar	f	21	10	circle	green	same	hori	left	(415, 480)	(608, 287)	True	233875	235024	left	(512, 384)	testing
2	ar	f	21	10	circle	red	dif	hori	left	(608, 480)	(512, 520)	True	236272	237349	left	(512, 384)	testing
2	ar	f	21	10	circle	none	same	hori	left	N_dis	(608, 287)	True	238531	239344	left	(512, 384)	testing
2	ar	f	21	10	circle	red	dif	vert	up	(608, 480)	(608, 287)	True	240474	241301	up	(512, 384)	testing
2	ar	f	21	10	diamond	red	same	vert	up	(608, 480)	(512, 248)	True	242501	244575	up	(512, 384)	testing
2	ar	f	21	10	diamond	red	same	vert	up	(512, 248)	(648, 384)	True	245688	247040	up	(512, 384)	testing
2	ar	f	21	10	diamond	green	dif	hori	left	(415, 287)	(512, 248)	True	248155	249777	left	(512, 384)	testing
2	ar	f	21	10	diamond	none	dif	hori	left	N_dis	(415, 287)	True	250889	252027	left	(512, 384)	testing
2	ar	f	21	10	circle	none	dif	vert	up	N_dis	(512, 520)	True	253178	254730	up	(512, 384)	testing
2	ar	f	21	10	circle	red	same	vert	up	(376, 384)	(648, 384)	True	255828	257275	up	(512, 384)	testing
2	ar	f	21	10	circle	green	dif	hori	left	(608, 480)	(415, 287)	True	258298	259461	left	(512, 384)	testing
2	ar	f	21	10	diamond	red	same	vert	up	(608, 287)	(415, 480)	True	260692	262108	up	(512, 384)	testing
2	ar	f	21	10	diamond	green	same	hori	left	(608, 480)	(415, 480)	True	263320	264359	left	(512, 384)	testing
2	ar	f	21	10	circle	none	dif	hori	left	N_dis	(512, 520)	True	265514	266809	left	(512, 384)	testing
2	ar	f	21	10	circle	green	dif	hori	left	(376, 384)	(608, 287)	True	268067	269653	left	(512, 384)	testing
2	ar	f	21	10	circle	red	dif	hori	left	(608, 480)	(608, 287)	True	270864	272466	left	(512, 384)	testing
2	ar	f	21	10	circle	red	same	hori	left	(608, 480)	(376, 384)	True	273597	274788	left	(512, 384)	testing
2	ar	f	21	10	circle	green	dif	hori	left	(512, 520)	(415, 287)	True	275872	277168	left	(512, 384)	testing
2	ar	f	21	10	circle	none	same	hori	left	N_dis	(376, 384)	True	278244	279248	left	(512, 384)	testing
2	ar	f	21	10	diamond	red	same	hori	left	(608, 480)	(608, 287)	True	280415	281899	left	(512, 384)	testing
2	ar	f	21	10	diamond	none	same	hori	left	N_dis	(376, 384)	True	283114	284590	left	(512, 384)	testing
2	ar	f	21	10	circle	green	same	vert	up	(608, 480)	(512, 520)	True	285721	287679	up	(512, 384)	testing
2	ar	f	21	10	diamond	red	dif	vert	up	(608, 480)	(648, 384)	True	288761	289940	up	(512, 384)	testing
2	ar	f	21	10	circle	green	dif	vert	up	(512, 520)	(415, 480)	True	291027	292864	left	(512, 384)	testing
2	ar	f	21	10	diamond	green	same	vert	up	(608, 480)	(512, 520)	True	295422	296499	up	(512, 384)	testing
2	ar	f	21	10	diamond	green	same	hori	left	(608, 480)	(648, 384)	True	297527	299128	left	(512, 384)	testing
2	ar	f	21	10	circle	none	same	vert	up	N_dis	(648, 384)	True	300364	301724	up	(512, 384)	testing
2	ar	f	21	10	diamond	green	dif	hori	left	(512, 248)	(648, 384)	True	302748	304289	left	(512, 384)	testing
2	ar	f	21	10	diamond	red	same	hori	left	(415, 480)	(608, 287)	True	305446	307401	left	(512, 384)	testing
2	ar	f	21	10	diamond	red	same	vert	up	(608, 480)	(415, 480)	True	308615	309584	up	(512, 384)	testing
2	ar	f	21	10	circle	green	same	vert	up	(608, 480)	(376, 384)	True	310780	312228	up	(512, 384)	testing
2	ar	f	21	10	diamond	green	dif	hori	left	(608, 480)	(376, 384)	True	313287	314787	left	(512, 384)	testing
2	ar	f	21	10	diamond	red	dif	vert	up	(376, 384)	(512, 520)	True	315922	317284	up	(512, 384)	testing
2	ar	f	21	10	diamond	green	dif	vert	up	(608, 480)	(608, 287)	True	318554	319671	up	(512, 384)	testing
2	ar	f	21	10	circle	red	same	vert	up	(608, 480)	(608, 287)	True	320757	322436	up	(512, 384)	testing
conf	2	ar	f	21	10	8	space	None	None	None	None	None	None	None	None	True	378700	388471	2
