subj	name	gender	age	runNum	shape	dist	td_dif	resp	resp_key	d_loc	t_loc	gotKey	startTime	respTime	resp	fix_loc	prac
2	ar	f	21	5	diamond	green	dif	vert	up	(512, 520)	(648, 384)	True	49646	51019	up	(512, 384)	testing
2	ar	f	21	5	diamond	green	same	hori	left	(608, 287)	(512, 248)	True	52209	53796	left	(512, 384)	testing
2	ar	f	21	5	diamond	red	dif	vert	up	(376, 384)	(415, 287)	True	55040	56105	up	(512, 384)	testing
2	ar	f	21	5	circle	none	same	vert	up	N_dis	(415, 287)	True	57286	58962	up	(512, 384)	testing
2	ar	f	21	5	circle	red	same	hori	left	(512, 520)	(415, 480)	True	60153	61376	left	(512, 384)	testing
2	ar	f	21	5	diamond	none	same	vert	up	N_dis	(415, 287)	True	62472	63391	up	(512, 384)	testing
2	ar	f	21	5	circle	green	dif	hori	left	(648, 384)	(415, 287)	True	64662	66089	left	(512, 384)	testing
2	ar	f	21	5	diamond	red	same	vert	up	(376, 384)	(608, 287)	True	67125	68308	up	(512, 384)	testing
2	ar	f	21	5	diamond	red	dif	vert	up	(376, 384)	(608, 480)	True	69425	70609	up	(512, 384)	testing
2	ar	f	21	5	circle	none	dif	vert	up	N_dis	(415, 287)	True	71826	72993	up	(512, 384)	testing
2	ar	f	21	5	diamond	none	same	hori	left	N_dis	(648, 384)	True	74146	75746	left	(512, 384)	testing
2	ar	f	21	5	circle	green	same	vert	up	(415, 287)	(608, 287)	True	76863	77990	up	(512, 384)	testing
2	ar	f	21	5	circle	red	dif	vert	up	(376, 384)	(415, 287)	True	79101	81516	up	(512, 384)	testing
2	ar	f	21	5	circle	none	dif	hori	left	N_dis	(648, 384)	True	82786	84397	left	(512, 384)	testing
2	ar	f	21	5	circle	red	same	vert	up	(376, 384)	(512, 248)	True	85624	86914	up	(512, 384)	testing
2	ar	f	21	5	diamond	red	dif	hori	left	(376, 384)	(415, 287)	True	87988	89881	left	(512, 384)	testing
2	ar	f	21	5	diamond	none	same	vert	up	N_dis	(512, 248)	True	91022	92370	up	(512, 384)	testing
2	ar	f	21	5	circle	none	same	hori	left	N_dis	(608, 480)	True	93471	95017	left	(512, 384)	testing
2	ar	f	21	5	circle	green	same	hori	left	(648, 384)	(512, 248)	True	96285	97683	left	(512, 384)	testing
2	ar	f	21	5	circle	red	same	vert	up	(376, 384)	(648, 384)	True	98740	100345	up	(512, 384)	testing
2	ar	f	21	5	circle	red	same	hori	left	(376, 384)	(512, 520)	True	101454	102805	left	(512, 384)	testing
2	ar	f	21	5	diamond	green	dif	hori	left	(376, 384)	(648, 384)	True	103936	105012	left	(512, 384)	testing
2	ar	f	21	5	circle	none	same	hori	left	N_dis	(648, 384)	True	106098	107916	left	(512, 384)	testing
2	ar	f	21	5	circle	green	dif	vert	up	(376, 384)	(415, 480)	True	109170	110620	up	(512, 384)	testing
2	ar	f	21	5	circle	green	same	hori	left	(376, 384)	(512, 248)	True	111880	113615	left	(512, 384)	testing
2	ar	f	21	5	circle	none	same	vert	up	N_dis	(608, 287)	True	114656	115979	up	(512, 384)	testing
2	ar	f	21	5	circle	none	dif	vert	up	N_dis	(512, 248)	True	117214	118453	up	(512, 384)	testing
2	ar	f	21	5	circle	none	same	hori	left	N_dis	(608, 480)	True	119478	120518	left	(512, 384)	testing
2	ar	f	21	5	diamond	green	same	vert	up	(608, 287)	(415, 480)	True	121665	123162	up	(512, 384)	testing
2	ar	f	21	5	diamond	none	same	vert	up	N_dis	(512, 520)	True	124435	125524	up	(512, 384)	testing
2	ar	f	21	5	diamond	red	same	vert	up	(376, 384)	(608, 480)	True	126612	128048	up	(512, 384)	testing
2	ar	f	21	5	circle	red	dif	vert	up	(376, 384)	(608, 480)	True	129205	130558	up	(512, 384)	testing
2	ar	f	21	5	diamond	none	dif	vert	up	N_dis	(376, 384)	True	131641	133222	up	(512, 384)	testing
2	ar	f	21	5	diamond	red	dif	hori	left	(608, 480)	(415, 480)	True	134250	135353	left	(512, 384)	testing
2	ar	f	21	5	circle	none	dif	vert	up	N_dis	(376, 384)	True	136388	137532	up	(512, 384)	testing
2	ar	f	21	5	diamond	none	same	vert	up	N_dis	(512, 520)	True	138617	140156	up	(512, 384)	testing
2	ar	f	21	5	diamond	red	same	hori	left	(376, 384)	(512, 520)	True	141307	142410	left	(512, 384)	testing
2	ar	f	21	5	diamond	green	same	hori	left	(512, 248)	(415, 287)	True	143541	145005	left	(512, 384)	testing
2	ar	f	21	5	circle	green	same	hori	left	(376, 384)	(415, 287)	True	146035	147463	left	(512, 384)	testing
2	ar	f	21	5	diamond	red	same	vert	up	(376, 384)	(512, 520)	True	148597	149562	up	(512, 384)	testing
2	ar	f	21	5	circle	green	same	vert	up	(376, 384)	(608, 287)	True	150697	153135	up	(512, 384)	testing
2	ar	f	21	5	diamond	green	dif	hori	left	(376, 384)	(512, 248)	True	154367	155767	left	(512, 384)	testing
2	ar	f	21	5	diamond	green	same	vert	up	(376, 384)	(415, 480)	True	156999	158380	left	(512, 384)	testing
2	ar	f	21	5	diamond	red	same	hori	left	(415, 480)	(415, 287)	True	161159	163776	left	(512, 384)	testing
2	ar	f	21	5	circle	green	dif	vert	up	(376, 384)	(608, 287)	True	164871	165981	up	(512, 384)	testing
2	ar	f	21	5	circle	red	same	vert	up	(376, 384)	(512, 520)	True	167108	168184	up	(512, 384)	testing
2	ar	f	21	5	circle	red	dif	vert	up	(376, 384)	(512, 248)	True	169432	170541	up	(512, 384)	testing
2	ar	f	21	5	diamond	green	same	hori	left	(376, 384)	(512, 248)	True	171584	172765	left	(512, 384)	testing
2	ar	f	21	5	circle	green	dif	hori	left	(512, 248)	(648, 384)	True	173812	176252	left	(512, 384)	testing
2	ar	f	21	5	diamond	green	dif	hori	left	(376, 384)	(648, 384)	True	177442	179035	left	(512, 384)	testing
2	ar	f	21	5	diamond	none	dif	vert	up	N_dis	(415, 287)	True	180267	181602	up	(512, 384)	testing
2	ar	f	21	5	circle	green	dif	vert	up	(648, 384)	(608, 480)	True	182835	184172	up	(512, 384)	testing
2	ar	f	21	5	circle	red	same	hori	left	(376, 384)	(648, 384)	True	185425	186881	left	(512, 384)	testing
2	ar	f	21	5	diamond	red	dif	vert	up	(376, 384)	(415, 480)	True	187926	189383	up	(512, 384)	testing
2	ar	f	21	5	circle	red	dif	vert	up	(376, 384)	(648, 384)	True	190601	191821	up	(512, 384)	testing
2	ar	f	21	5	diamond	green	same	vert	up	(512, 248)	(512, 520)	True	193050	194304	up	(512, 384)	testing
2	ar	f	21	5	diamond	none	dif	vert	up	N_dis	(376, 384)	True	195380	196670	up	(512, 384)	testing
2	ar	f	21	5	diamond	none	dif	hori	left	N_dis	(608, 287)	True	197784	199025	left	(512, 384)	testing
2	ar	f	21	5	diamond	green	dif	hori	left	(415, 480)	(512, 520)	True	200284	202093	up	(512, 384)	testing
2	ar	f	21	5	circle	red	dif	hori	left	(415, 287)	(608, 287)	True	204745	206592	left	(512, 384)	testing
2	ar	f	21	5	circle	none	same	hori	left	N_dis	(608, 287)	True	207799	209105	left	(512, 384)	testing
2	ar	f	21	5	diamond	green	same	hori	left	(512, 520)	(608, 287)	True	210185	212731	left	(512, 384)	testing
2	ar	f	21	5	circle	red	same	hori	left	(376, 384)	(608, 287)	True	213874	215521	left	(512, 384)	testing
2	ar	f	21	5	circle	none	dif	hori	left	N_dis	(415, 480)	True	216716	218734	left	(512, 384)	testing
2	ar	f	21	5	circle	red	dif	hori	left	(376, 384)	(608, 480)	True	219922	221692	left	(512, 384)	testing
2	ar	f	21	5	diamond	green	dif	vert	up	(376, 384)	(512, 248)	True	222886	224706	up	(512, 384)	testing
2	ar	f	21	5	circle	green	dif	hori	left	(608, 480)	(512, 248)	True	225942	227667	left	(512, 384)	testing
2	ar	f	21	5	diamond	red	same	hori	left	(415, 480)	(512, 248)	True	228707	230582	left	(512, 384)	testing
2	ar	f	21	5	circle	none	same	hori	left	N_dis	(608, 287)	True	231627	233195	left	(512, 384)	testing
2	ar	f	21	5	diamond	green	dif	vert	up	(376, 384)	(648, 384)	True	234446	235499	up	(512, 384)	testing
2	ar	f	21	5	circle	red	same	hori	left	(415, 287)	(608, 287)	True	236751	237815	left	(512, 384)	testing
2	ar	f	21	5	circle	red	same	vert	up	(376, 384)	(415, 287)	True	238909	240380	up	(512, 384)	testing
2	ar	f	21	5	diamond	none	dif	hori	left	N_dis	(415, 287)	True	241549	243389	left	(512, 384)	testing
2	ar	f	21	5	circle	red	dif	hori	left	(376, 384)	(415, 480)	True	244629	246403	left	(512, 384)	testing
2	ar	f	21	5	diamond	red	same	hori	left	(376, 384)	(608, 287)	True	247588	249115	left	(512, 384)	testing
2	ar	f	21	5	diamond	none	dif	hori	left	N_dis	(415, 480)	True	250324	251903	left	(512, 384)	testing
2	ar	f	21	5	circle	none	same	vert	up	N_dis	(415, 480)	True	252985	254742	up	(512, 384)	testing
2	ar	f	21	5	circle	red	dif	vert	up	(512, 520)	(648, 384)	True	255838	257028	up	(512, 384)	testing
2	ar	f	21	5	diamond	red	dif	hori	left	(608, 287)	(608, 480)	True	258057	259367	left	(512, 384)	testing
2	ar	f	21	5	diamond	none	same	hori	left	N_dis	(512, 248)	True	260595	262162	left	(512, 384)	testing
2	ar	f	21	5	diamond	none	dif	vert	up	N_dis	(608, 287)	True	263355	264680	up	(512, 384)	testing
2	ar	f	21	5	diamond	green	same	vert	up	(608, 480)	(648, 384)	True	265716	267613	up	(512, 384)	testing
2	ar	f	21	5	circle	green	dif	vert	up	(376, 384)	(512, 520)	True	268640	269922	up	(512, 384)	testing
2	ar	f	21	5	circle	none	same	vert	up	N_dis	(608, 480)	True	270985	272561	up	(512, 384)	testing
2	ar	f	21	5	circle	green	same	vert	up	(376, 384)	(415, 480)	True	273792	275286	up	(512, 384)	testing
2	ar	f	21	5	circle	green	same	hori	left	(648, 384)	(415, 480)	True	276394	277570	left	(512, 384)	testing
2	ar	f	21	5	diamond	none	dif	vert	up	N_dis	(415, 480)	True	278607	279744	up	(512, 384)	testing
2	ar	f	21	5	diamond	none	same	hori	left	N_dis	(512, 248)	True	280952	282718	left	(512, 384)	testing
2	ar	f	21	5	diamond	none	dif	hori	left	N_dis	(648, 384)	True	283942	285160	left	(512, 384)	testing
2	ar	f	21	5	diamond	red	dif	vert	up	(376, 384)	(512, 520)	True	286329	288219	up	(512, 384)	testing
2	ar	f	21	5	circle	none	dif	vert	up	N_dis	(512, 520)	True	289390	290810	up	(512, 384)	testing
2	ar	f	21	5	diamond	none	same	vert	up	N_dis	(376, 384)	True	291960	292943	up	(512, 384)	testing
2	ar	f	21	5	diamond	red	dif	vert	up	(376, 384)	(648, 384)	True	294059	295287	up	(512, 384)	testing
2	ar	f	21	5	circle	green	dif	hori	left	(376, 384)	(415, 287)	True	296422	297526	up	(512, 384)	testing
2	ar	f	21	5	diamond	red	dif	hori	left	(376, 384)	(415, 287)	True	300166	301595	left	(512, 384)	testing
2	ar	f	21	5	diamond	green	dif	vert	up	(376, 384)	(415, 480)	True	302817	304265	up	(512, 384)	testing
2	ar	f	21	5	diamond	red	same	hori	left	(608, 480)	(415, 287)	True	305349	306398	left	(512, 384)	testing
2	ar	f	21	5	circle	green	same	vert	up	(376, 384)	(648, 384)	True	307493	308714	up	(512, 384)	testing
2	ar	f	21	5	circle	none	dif	vert	up	N_dis	(608, 480)	True	309916	312280	up	(512, 384)	testing
2	ar	f	21	5	diamond	none	dif	hori	left	N_dis	(608, 480)	True	313417	314882	left	(512, 384)	testing
2	ar	f	21	5	diamond	green	dif	vert	up	(376, 384)	(512, 520)	True	315966	317029	up	(512, 384)	testing
2	ar	f	21	5	circle	none	dif	hori	left	N_dis	(415, 480)	True	318071	319447	left	(512, 384)	testing
2	ar	f	21	5	diamond	none	same	hori	left	N_dis	(512, 248)	True	320713	322340	left	(512, 384)	testing
2	ar	f	21	5	diamond	green	same	vert	up	(512, 248)	(415, 287)	True	323551	324786	up	(512, 384)	testing
2	ar	f	21	5	circle	green	dif	hori	left	(415, 287)	(608, 480)	True	325902	326982	left	(512, 384)	testing
2	ar	f	21	5	diamond	red	dif	hori	left	(376, 384)	(608, 480)	True	328083	329369	left	(512, 384)	testing
2	ar	f	21	5	circle	green	same	hori	left	(376, 384)	(648, 384)	True	330515	331886	left	(512, 384)	testing
2	ar	f	21	5	diamond	green	same	hori	left	(376, 384)	(648, 384)	True	332918	334167	left	(512, 384)	testing
2	ar	f	21	5	circle	none	dif	hori	left	N_dis	(512, 520)	True	335308	336398	left	(512, 384)	testing
2	ar	f	21	5	circle	none	same	vert	up	N_dis	(512, 520)	True	337478	338640	up	(512, 384)	testing
2	ar	f	21	5	circle	green	same	vert	up	(415, 480)	(608, 287)	True	339908	341526	up	(512, 384)	testing
2	ar	f	21	5	diamond	red	same	vert	up	(376, 384)	(608, 480)	True	342738	344294	up	(512, 384)	testing
2	ar	f	21	5	circle	red	same	vert	up	(376, 384)	(608, 287)	True	345377	346885	up	(512, 384)	testing
2	ar	f	21	5	diamond	green	dif	hori	left	(376, 384)	(512, 248)	True	348119	349211	left	(512, 384)	testing
2	ar	f	21	5	circle	none	dif	hori	left	N_dis	(376, 384)	True	350472	351899	left	(512, 384)	testing
2	ar	f	21	5	diamond	none	same	hori	left	N_dis	(648, 384)	True	352933	354137	left	(512, 384)	testing
2	ar	f	21	5	circle	red	dif	hori	left	(376, 384)	(608, 480)	True	355197	357229	left	(512, 384)	testing
2	ar	f	21	5	diamond	red	same	vert	up	(376, 384)	(415, 480)	True	358301	359334	up	(512, 384)	testing
2	ar	f	21	5	circle	green	dif	vert	up	(608, 287)	(648, 384)	True	360580	361997	up	(512, 384)	testing
2	ar	f	21	5	circle	red	dif	hori	left	(376, 384)	(608, 287)	True	363085	365016	left	(512, 384)	testing
