subj	name	gender	age	runNum	shape	dist	td_dif	resp	resp_key	d_loc	t_loc	gotKey	startTime	respTime	resp	fix_loc	prac
2	ar	f	21	3	diamond	none	same	vert	up	N_dis	(512, 520)	True	44607	46876	up	(512, 384)	testing
2	ar	f	21	3	circle	green	same	hori	left	(376, 384)	(415, 287)	True	47957	49364	left	(512, 384)	testing
2	ar	f	21	3	circle	red	same	hori	left	(376, 384)	(648, 384)	True	50395	52366	left	(512, 384)	testing
2	ar	f	21	3	circle	red	dif	hori	left	(376, 384)	(648, 384)	True	53447	54753	left	(512, 384)	testing
2	ar	f	21	3	diamond	green	dif	hori	left	(376, 384)	(415, 287)	True	56015	57287	left	(512, 384)	testing
2	ar	f	21	3	diamond	green	dif	vert	up	(376, 384)	(415, 480)	True	58336	60245	up	(512, 384)	testing
2	ar	f	21	3	diamond	none	dif	vert	up	N_dis	(512, 520)	True	61447	62649	up	(512, 384)	testing
2	ar	f	21	3	circle	red	dif	vert	up	(376, 384)	(608, 480)	True	63918	65267	up	(512, 384)	testing
2	ar	f	21	3	circle	red	dif	vert	up	(376, 384)	(608, 287)	True	66390	67839	up	(512, 384)	testing
2	ar	f	21	3	circle	green	dif	vert	up	(608, 480)	(648, 384)	True	68999	71606	up	(512, 384)	testing
2	ar	f	21	3	diamond	red	same	hori	left	(376, 384)	(415, 287)	True	72644	74773	left	(512, 384)	testing
2	ar	f	21	3	diamond	green	same	hori	left	(608, 480)	(648, 384)	True	75998	77514	left	(512, 384)	testing
2	ar	f	21	3	diamond	red	same	vert	up	(376, 384)	(415, 480)	True	78576	80561	up	(512, 384)	testing
2	ar	f	21	3	diamond	none	same	hori	left	N_dis	(608, 480)	True	81795	82997	left	(512, 384)	testing
2	ar	f	21	3	diamond	none	dif	vert	up	N_dis	(415, 287)	True	84074	85291	up	(512, 384)	testing
2	ar	f	21	3	diamond	none	same	hori	left	N_dis	(512, 248)	True	86483	88277	left	(512, 384)	testing
2	ar	f	21	3	diamond	green	same	hori	left	(376, 384)	(512, 520)	True	89464	90773	left	(512, 384)	testing
2	ar	f	21	3	diamond	red	same	vert	up	(376, 384)	(512, 248)	True	91805	93793	up	(512, 384)	testing
2	ar	f	21	3	diamond	red	dif	vert	up	(376, 384)	(512, 520)	True	94962	96881	up	(512, 384)	testing
2	ar	f	21	3	circle	none	same	vert	up	N_dis	(415, 480)	True	97959	99995	up	(512, 384)	testing
2	ar	f	21	3	circle	red	dif	vert	up	(376, 384)	(608, 480)	True	101231	102753	up	(512, 384)	testing
2	ar	f	21	3	circle	red	same	hori	left	(376, 384)	(608, 287)	True	103912	105028	left	(512, 384)	testing
2	ar	f	21	3	diamond	none	same	hori	left	N_dis	(648, 384)	True	106245	109034	left	(512, 384)	testing
2	ar	f	21	3	circle	green	same	vert	up	(415, 480)	(512, 520)	True	110129	111953	up	(512, 384)	testing
2	ar	f	21	3	diamond	none	dif	hori	left	N_dis	(608, 287)	True	113042	115685	left	(512, 384)	testing
2	ar	f	21	3	circle	green	dif	hori	left	(376, 384)	(415, 287)	True	116766	119047	left	(512, 384)	testing
2	ar	f	21	3	diamond	none	same	vert	up	N_dis	(512, 248)	True	120123	121561	up	(512, 384)	testing
2	ar	f	21	3	circle	green	same	vert	up	(648, 384)	(415, 480)	True	122585	124847	up	(512, 384)	testing
2	ar	f	21	3	diamond	green	dif	vert	up	(376, 384)	(415, 287)	True	126018	127876	up	(512, 384)	testing
2	ar	f	21	3	diamond	none	dif	vert	up	N_dis	(415, 480)	True	129054	130398	up	(512, 384)	testing
2	ar	f	21	3	diamond	red	same	hori	left	(376, 384)	(608, 480)	True	131640	133199	left	(512, 384)	testing
2	ar	f	21	3	diamond	red	same	hori	left	(512, 520)	(608, 480)	True	134322	135626	left	(512, 384)	testing
2	ar	f	21	3	circle	green	dif	hori	left	(376, 384)	(512, 248)	True	136839	139807	left	(512, 384)	testing
2	ar	f	21	3	diamond	red	same	hori	left	(376, 384)	(608, 480)	True	140976	142819	left	(512, 384)	testing
2	ar	f	21	3	circle	red	same	vert	up	(415, 287)	(512, 520)	True	143935	145517	up	(512, 384)	testing
2	ar	f	21	3	circle	red	same	hori	left	(376, 384)	(415, 480)	True	146603	148168	left	(512, 384)	testing
2	ar	f	21	3	circle	none	dif	vert	up	N_dis	(608, 480)	True	149310	150811	up	(512, 384)	testing
2	ar	f	21	3	diamond	red	dif	hori	left	(415, 480)	(415, 287)	True	151926	153319	left	(512, 384)	testing
2	ar	f	21	3	circle	green	same	vert	up	(376, 384)	(512, 248)	True	154549	156368	up	(512, 384)	testing
2	ar	f	21	3	diamond	green	dif	vert	up	(415, 287)	(608, 480)	True	157529	159587	up	(512, 384)	testing
2	ar	f	21	3	circle	none	dif	hori	left	N_dis	(608, 287)	True	160753	162386	left	(512, 384)	testing
2	ar	f	21	3	diamond	none	dif	hori	left	N_dis	(648, 384)	True	163572	165904	left	(512, 384)	testing
2	ar	f	21	3	circle	green	same	hori	left	(376, 384)	(608, 287)	True	167043	169322	left	(512, 384)	testing
2	ar	f	21	3	circle	green	dif	hori	left	(376, 384)	(608, 480)	True	170564	171939	left	(512, 384)	testing
2	ar	f	21	3	circle	green	same	hori	left	(376, 384)	(415, 480)	True	173107	174646	left	(512, 384)	testing
2	ar	f	21	3	diamond	red	same	vert	up	(608, 287)	(608, 480)	True	175681	177935	up	(512, 384)	testing
2	ar	f	21	3	circle	red	same	vert	up	(376, 384)	(608, 287)	True	179169	181679	up	(512, 384)	testing
2	ar	f	21	3	circle	green	dif	vert	up	(415, 480)	(608, 480)	True	182890	184244	up	(512, 384)	testing
2	ar	f	21	3	diamond	red	dif	vert	up	(376, 384)	(512, 248)	True	185270	186899	up	(512, 384)	testing
2	ar	f	21	3	circle	none	dif	hori	left	N_dis	(648, 384)	True	188093	189301	left	(512, 384)	testing
2	ar	f	21	3	circle	green	dif	vert	up	(512, 248)	(512, 520)	True	190521	191882	up	(512, 384)	testing
2	ar	f	21	3	circle	red	same	vert	up	(376, 384)	(648, 384)	True	192952	194208	up	(512, 384)	testing
2	ar	f	21	3	circle	none	dif	vert	up	N_dis	(376, 384)	True	195322	197546	up	(512, 384)	testing
2	ar	f	21	3	circle	none	dif	hori	left	N_dis	(512, 248)	True	198666	200165	left	(512, 384)	testing
2	ar	f	21	3	diamond	none	dif	hori	left	N_dis	(376, 384)	True	201281	203069	left	(512, 384)	testing
2	ar	f	21	3	circle	none	dif	hori	left	N_dis	(376, 384)	True	204166	205419	left	(512, 384)	testing
2	ar	f	21	3	diamond	red	same	vert	up	(376, 384)	(512, 248)	True	206638	208476	up	(512, 384)	testing
2	ar	f	21	3	circle	red	dif	hori	left	(376, 384)	(512, 520)	True	209690	211913	left	(512, 384)	testing
2	ar	f	21	3	circle	green	dif	hori	left	(376, 384)	(608, 480)	True	213040	214808	left	(512, 384)	testing
2	ar	f	21	3	diamond	green	dif	hori	left	(608, 480)	(608, 287)	True	215949	218391	left	(512, 384)	testing
2	ar	f	21	3	diamond	green	same	vert	up	(376, 384)	(608, 287)	True	219506	220932	up	(512, 384)	testing
2	ar	f	21	3	circle	green	dif	vert	up	(376, 384)	(512, 248)	True	221984	224528	up	(512, 384)	testing
2	ar	f	21	3	diamond	red	dif	hori	left	(376, 384)	(512, 520)	True	225572	227011	left	(512, 384)	testing
2	ar	f	21	3	diamond	green	dif	vert	up	(648, 384)	(512, 520)	True	228094	229774	up	(512, 384)	testing
2	ar	f	21	3	diamond	none	same	vert	up	N_dis	(608, 480)	True	231004	233183	left	(512, 384)	testing
2	ar	f	21	3	circle	none	dif	vert	up	N_dis	(415, 287)	True	235841	238082	left	(512, 384)	testing
2	ar	f	21	3	circle	red	dif	vert	up	(512, 248)	(648, 384)	True	240855	242617	up	(512, 384)	testing
2	ar	f	21	3	circle	none	dif	vert	up	N_dis	(512, 520)	True	243693	245797	up	(512, 384)	testing
2	ar	f	21	3	circle	green	same	hori	left	(512, 520)	(512, 248)	True	246897	249004	left	(512, 384)	testing
2	ar	f	21	3	diamond	green	dif	vert	up	(608, 287)	(648, 384)	True	250027	251621	up	(512, 384)	testing
2	ar	f	21	3	diamond	green	same	vert	up	(376, 384)	(512, 248)	True	252672	254966	up	(512, 384)	testing
2	ar	f	21	3	circle	none	dif	hori	left	N_dis	(415, 287)	True	256159	257787	left	(512, 384)	testing
2	ar	f	21	3	circle	none	same	hori	left	N_dis	(608, 480)	True	259010	261085	left	(512, 384)	testing
2	ar	f	21	3	circle	none	same	vert	up	N_dis	(512, 520)	True	262291	263810	up	(512, 384)	testing
2	ar	f	21	3	diamond	green	same	hori	left	(608, 287)	(608, 480)	True	264975	267200	left	(512, 384)	testing
2	ar	f	21	3	circle	green	same	vert	up	(376, 384)	(512, 520)	True	268313	269894	up	(512, 384)	testing
2	ar	f	21	3	diamond	green	same	vert	up	(648, 384)	(608, 480)	True	271119	272617	up	(512, 384)	testing
2	ar	f	21	3	circle	red	dif	vert	up	(376, 384)	(415, 480)	True	273858	275152	up	(512, 384)	testing
2	ar	f	21	3	diamond	red	dif	hori	left	(376, 384)	(648, 384)	True	276400	278141	left	(512, 384)	testing
2	ar	f	21	3	diamond	none	dif	hori	left	N_dis	(608, 287)	True	279284	281289	left	(512, 384)	testing
2	ar	f	21	3	diamond	none	dif	vert	up	N_dis	(512, 248)	True	282417	283932	up	(512, 384)	testing
2	ar	f	21	3	diamond	none	same	hori	left	N_dis	(415, 287)	True	285118	286645	left	(512, 384)	testing
2	ar	f	21	3	circle	red	same	vert	up	(376, 384)	(648, 384)	True	287748	290262	up	(512, 384)	testing
2	ar	f	21	3	circle	none	dif	vert	up	N_dis	(512, 520)	True	291313	293530	up	(512, 384)	testing
2	ar	f	21	3	circle	green	dif	vert	up	(415, 287)	(512, 520)	True	294629	296701	up	(512, 384)	testing
2	ar	f	21	3	diamond	none	dif	vert	up	N_dis	(376, 384)	True	297764	299272	up	(512, 384)	testing
2	ar	f	21	3	circle	red	same	vert	up	(376, 384)	(415, 287)	True	300303	302692	up	(512, 384)	testing
2	ar	f	21	3	circle	red	dif	hori	left	(512, 520)	(608, 287)	True	303905	305206	left	(512, 384)	testing
2	ar	f	21	3	circle	green	dif	hori	left	(376, 384)	(512, 520)	True	306311	307644	left	(512, 384)	testing
2	ar	f	21	3	diamond	red	dif	vert	up	(376, 384)	(415, 480)	True	308732	310135	up	(512, 384)	testing
2	ar	f	21	3	circle	none	same	hori	left	N_dis	(608, 287)	True	311176	312223	left	(512, 384)	testing
2	ar	f	21	3	circle	green	same	hori	left	(648, 384)	(512, 248)	True	313406	315235	left	(512, 384)	testing
2	ar	f	21	3	diamond	green	dif	hori	left	(608, 480)	(648, 384)	True	316414	317676	left	(512, 384)	testing
2	ar	f	21	3	diamond	red	same	hori	left	(376, 384)	(648, 384)	True	318760	320614	left	(512, 384)	testing
2	ar	f	21	3	diamond	none	same	hori	left	N_dis	(608, 287)	True	321695	323267	left	(512, 384)	testing
2	ar	f	21	3	circle	none	same	hori	left	N_dis	(512, 248)	True	324498	327072	left	(512, 384)	testing
2	ar	f	21	3	diamond	red	dif	hori	left	(376, 384)	(648, 384)	True	328272	330112	left	(512, 384)	testing
2	ar	f	21	3	diamond	none	dif	hori	left	N_dis	(415, 480)	True	331194	333329	left	(512, 384)	testing
2	ar	f	21	3	diamond	green	same	vert	up	(376, 384)	(608, 287)	False	334405	None	None	(512, 384)	testing
2	ar	f	21	3	diamond	none	same	vert	up	N_dis	(648, 384)	True	340121	341663	up	(512, 384)	testing
2	ar	f	21	3	diamond	green	dif	hori	left	(512, 248)	(415, 480)	True	342700	344180	left	(512, 384)	testing
2	ar	f	21	3	circle	red	dif	hori	left	(376, 384)	(608, 480)	True	345220	346954	left	(512, 384)	testing
2	ar	f	21	3	diamond	red	dif	vert	up	(415, 480)	(415, 287)	True	348065	350051	up	(512, 384)	testing
2	ar	f	21	3	diamond	green	same	hori	left	(376, 384)	(648, 384)	True	351259	353409	left	(512, 384)	testing
2	ar	f	21	3	diamond	green	dif	hori	left	(376, 384)	(415, 287)	True	354444	356509	left	(512, 384)	testing
2	ar	f	21	3	diamond	green	same	vert	up	(415, 287)	(415, 480)	True	357700	359643	up	(512, 384)	testing
2	ar	f	21	3	circle	red	same	hori	left	(512, 520)	(415, 480)	True	360815	363176	left	(512, 384)	testing
2	ar	f	21	3	diamond	none	same	vert	up	N_dis	(415, 287)	True	364356	365904	up	(512, 384)	testing
2	ar	f	21	3	diamond	red	same	vert	up	(376, 384)	(648, 384)	True	367093	369086	up	(512, 384)	testing
2	ar	f	21	3	circle	none	same	vert	up	N_dis	(415, 480)	True	370136	371327	up	(512, 384)	testing
2	ar	f	21	3	diamond	red	dif	vert	up	(376, 384)	(512, 520)	True	372593	374649	up	(512, 384)	testing
2	ar	f	21	3	diamond	red	dif	hori	left	(608, 287)	(512, 248)	True	375766	377810	left	(512, 384)	testing
2	ar	f	21	3	circle	none	same	vert	up	N_dis	(415, 480)	True	379001	381017	up	(512, 384)	testing
2	ar	f	21	3	diamond	green	same	hori	left	(376, 384)	(648, 384)	True	382248	383700	left	(512, 384)	testing
2	ar	f	21	3	circle	red	same	hori	left	(376, 384)	(608, 287)	True	384972	386874	left	(512, 384)	testing
2	ar	f	21	3	circle	none	same	hori	left	N_dis	(648, 384)	True	387968	389895	left	(512, 384)	testing
2	ar	f	21	3	circle	red	dif	hori	left	(512, 248)	(608, 480)	True	391051	392169	left	(512, 384)	testing
2	ar	f	21	3	circle	green	same	vert	up	(376, 384)	(415, 480)	True	393209	394474	up	(512, 384)	testing
2	ar	f	21	3	circle	none	same	vert	up	N_dis	(608, 480)	True	395612	397990	up	(512, 384)	testing
2	ar	f	21	3	circle	none	same	hori	left	N_dis	(376, 384)	True	399067	401651	left	(512, 384)	testing
