subj	name	gender	age	runNum	shape	dist	td_dif	resp	resp_key	d_loc	t_loc	gotKey	startTime	respTime	resp	fix_loc	prac
2	ss	f	19	6	circle	green	dif	hori	left	(681, 568)	(918, 331)	True	56225	57613	left	(800, 450)	testing
2	ss	f	19	6	diamond	green	dif	hori	left	(632, 450)	(968, 450)	True	58711	59597	left	(800, 450)	testing
2	ss	f	19	6	diamond	none	same	vert	up	N_dis	(918, 568)	True	60839	61581	up	(800, 450)	testing
2	ss	f	19	6	diamond	red	same	hori	left	(632, 450)	(800, 282)	True	62729	63565	left	(800, 450)	testing
2	ss	f	19	6	diamond	none	dif	hori	left	N_dis	(681, 568)	True	64713	65549	left	(800, 450)	testing
2	ss	f	19	6	circle	red	dif	hori	left	(632, 450)	(681, 568)	True	66695	67533	left	(800, 450)	testing
2	ss	f	19	6	circle	red	same	hori	left	(632, 450)	(968, 450)	True	68583	69901	left	(800, 450)	testing
2	ss	f	19	6	diamond	red	same	vert	up	(800, 282)	(800, 618)	True	71176	71917	up	(800, 450)	testing
2	ss	f	19	6	circle	green	same	hori	left	(632, 450)	(800, 282)	True	73193	74573	left	(800, 450)	testing
2	ss	f	19	6	diamond	green	same	vert	up	(632, 450)	(968, 450)	True	75659	76605	up	(800, 450)	testing
2	ss	f	19	6	circle	none	same	vert	up	N_dis	(632, 450)	True	77735	79132	up	(800, 450)	testing
2	ss	f	19	6	circle	none	dif	vert	up	N_dis	(800, 618)	True	80312	81325	up	(800, 450)	testing
2	ss	f	19	6	diamond	red	dif	hori	left	(918, 331)	(918, 568)	True	82387	83421	left	(800, 450)	testing
2	ss	f	19	6	diamond	none	dif	hori	left	N_dis	(681, 331)	True	84536	85277	left	(800, 450)	testing
2	ss	f	19	6	diamond	green	dif	vert	up	(918, 568)	(681, 568)	True	86562	87725	up	(800, 450)	testing
2	ss	f	19	6	diamond	green	same	vert	up	(681, 568)	(968, 450)	True	88907	89613	up	(800, 450)	testing
2	ss	f	19	6	diamond	red	dif	hori	left	(632, 450)	(800, 282)	True	90900	91645	left	(800, 450)	testing
2	ss	f	19	6	diamond	green	dif	hori	left	(632, 450)	(681, 568)	True	92917	93805	left	(800, 450)	testing
2	ss	f	19	6	diamond	none	same	hori	left	N_dis	(800, 618)	True	94916	95709	left	(800, 450)	testing
2	ss	f	19	6	circle	none	dif	vert	up	N_dis	(918, 568)	True	96920	97997	up	(800, 450)	testing
2	ss	f	19	6	circle	none	dif	hori	left	N_dis	(968, 450)	True	99135	100301	left	(800, 450)	testing
2	ss	f	19	6	circle	green	dif	hori	left	(800, 618)	(918, 568)	True	101413	103116	left	(800, 450)	testing
2	ss	f	19	6	circle	none	dif	vert	up	N_dis	(918, 568)	True	104267	105677	up	(800, 450)	testing
2	ss	f	19	6	diamond	red	same	hori	left	(681, 331)	(918, 568)	True	106771	107533	left	(800, 450)	testing
2	ss	f	19	6	diamond	red	same	hori	left	(632, 450)	(918, 568)	True	108779	109741	left	(800, 450)	testing
2	ss	f	19	6	diamond	green	dif	vert	up	(681, 331)	(800, 618)	True	110937	111885	up	(800, 450)	testing
2	ss	f	19	6	circle	green	dif	vert	up	(632, 450)	(681, 568)	True	113065	114493	up	(800, 450)	testing
2	ss	f	19	6	circle	green	same	vert	up	(632, 450)	(918, 331)	True	115615	116733	up	(800, 450)	testing
2	ss	f	19	6	circle	none	dif	hori	left	N_dis	(632, 450)	True	117823	118813	left	(800, 450)	testing
2	ss	f	19	6	circle	red	dif	vert	up	(632, 450)	(918, 331)	True	119937	120845	up	(800, 450)	testing
2	ss	f	19	6	circle	red	dif	hori	left	(681, 568)	(681, 331)	True	122047	123148	left	(800, 450)	testing
2	ss	f	19	6	diamond	none	dif	vert	up	N_dis	(918, 331)	True	124416	125405	up	(800, 450)	testing
2	ss	f	19	6	diamond	red	dif	hori	left	(632, 450)	(918, 331)	True	126476	127405	left	(800, 450)	testing
2	ss	f	19	6	diamond	none	same	hori	left	N_dis	(968, 450)	True	128638	129357	left	(800, 450)	testing
2	ss	f	19	6	circle	red	same	vert	up	(632, 450)	(800, 282)	True	130483	131197	up	(800, 450)	testing
2	ss	f	19	6	circle	red	dif	hori	left	(632, 450)	(681, 568)	True	132447	133933	left	(800, 450)	testing
2	ss	f	19	6	circle	green	dif	vert	up	(632, 450)	(968, 450)	True	135179	136349	up	(800, 450)	testing
2	ss	f	19	6	circle	red	same	hori	left	(632, 450)	(918, 568)	True	137423	138221	left	(800, 450)	testing
2	ss	f	19	6	circle	red	dif	vert	up	(632, 450)	(918, 568)	True	139476	140477	up	(800, 450)	testing
2	ss	f	19	6	diamond	green	same	hori	left	(632, 450)	(800, 282)	True	141527	142893	left	(800, 450)	testing
2	ss	f	19	6	circle	red	dif	vert	up	(632, 450)	(918, 568)	True	144175	145020	up	(800, 450)	testing
2	ss	f	19	6	diamond	red	dif	hori	left	(918, 331)	(800, 282)	True	146202	146957	left	(800, 450)	testing
2	ss	f	19	6	circle	red	same	vert	up	(632, 450)	(968, 450)	True	148184	149277	up	(800, 450)	testing
2	ss	f	19	6	diamond	none	same	vert	up	N_dis	(632, 450)	True	150330	151342	up	(800, 450)	testing
2	ss	f	19	6	diamond	none	dif	hori	left	N_dis	(800, 282)	True	152540	153373	left	(800, 450)	testing
2	ss	f	19	6	circle	none	dif	vert	up	N_dis	(918, 568)	True	154651	155485	up	(800, 450)	testing
2	ss	f	19	6	circle	none	same	hori	left	N_dis	(681, 331)	True	156708	157549	left	(800, 450)	testing
2	ss	f	19	6	circle	red	same	hori	left	(632, 450)	(968, 450)	True	158709	159869	left	(800, 450)	testing
2	ss	f	19	6	circle	green	same	vert	up	(632, 450)	(800, 282)	True	161073	162140	up	(800, 450)	testing
2	ss	f	19	6	diamond	green	dif	vert	up	(632, 450)	(800, 618)	True	163261	164765	up	(800, 450)	testing
2	ss	f	19	6	circle	none	dif	hori	left	N_dis	(681, 568)	True	165946	166877	left	(800, 450)	testing
2	ss	f	19	6	circle	green	same	hori	left	(632, 450)	(918, 331)	True	168089	169084	left	(800, 450)	testing
2	ss	f	19	6	diamond	none	dif	hori	left	N_dis	(968, 450)	True	170300	171100	left	(800, 450)	testing
2	ss	f	19	6	circle	red	dif	vert	up	(632, 450)	(800, 618)	True	172276	173549	up	(800, 450)	testing
2	ss	f	19	6	circle	none	same	hori	left	N_dis	(681, 568)	True	174653	175597	left	(800, 450)	testing
2	ss	f	19	6	circle	red	same	vert	up	(632, 450)	(968, 450)	True	176720	177405	up	(800, 450)	testing
2	ss	f	19	6	diamond	red	dif	vert	up	(632, 450)	(918, 568)	True	178634	179581	up	(800, 450)	testing
2	ss	f	19	6	diamond	green	dif	vert	up	(632, 450)	(681, 331)	True	180694	181917	up	(800, 450)	testing
2	ss	f	19	6	circle	red	same	vert	up	(632, 450)	(800, 618)	True	183018	184045	up	(800, 450)	testing
2	ss	f	19	6	diamond	red	dif	vert	up	(800, 282)	(918, 331)	True	185123	186092	up	(800, 450)	testing
2	ss	f	19	6	diamond	red	same	hori	left	(681, 568)	(918, 568)	True	187190	188301	left	(800, 450)	testing
2	ss	f	19	6	diamond	green	dif	vert	up	(918, 568)	(800, 282)	True	189560	190925	up	(800, 450)	testing
2	ss	f	19	6	circle	none	dif	vert	up	N_dis	(918, 331)	True	192076	193773	up	(800, 450)	testing
2	ss	f	19	6	circle	green	same	vert	up	(918, 568)	(800, 618)	True	194943	196429	up	(800, 450)	testing
2	ss	f	19	6	diamond	red	dif	vert	up	(632, 450)	(681, 568)	True	197676	199357	up	(800, 450)	testing
2	ss	f	19	6	circle	red	same	vert	up	(632, 450)	(918, 568)	True	200619	202044	up	(800, 450)	testing
2	ss	f	19	6	diamond	green	dif	hori	left	(632, 450)	(918, 331)	True	203276	204349	left	(800, 450)	testing
2	ss	f	19	6	diamond	none	dif	vert	up	N_dis	(681, 331)	True	205592	206797	up	(800, 450)	testing
2	ss	f	19	6	diamond	green	dif	hori	left	(632, 450)	(918, 331)	True	207941	208701	left	(800, 450)	testing
2	ss	f	19	6	diamond	red	dif	vert	up	(632, 450)	(681, 331)	True	209829	210845	up	(800, 450)	testing
2	ss	f	19	6	diamond	none	same	hori	left	N_dis	(681, 331)	True	211985	212991	left	(800, 450)	testing
2	ss	f	19	6	circle	green	dif	vert	up	(632, 450)	(681, 331)	True	214204	215245	left	(800, 450)	testing
2	ss	f	19	6	circle	none	same	hori	left	N_dis	(918, 568)	True	218066	218893	left	(800, 450)	testing
2	ss	f	19	6	circle	red	dif	hori	left	(968, 450)	(918, 331)	True	219952	221597	left	(800, 450)	testing
2	ss	f	19	6	circle	none	dif	hori	left	N_dis	(800, 618)	True	222808	223917	left	(800, 450)	testing
2	ss	f	19	6	circle	green	same	vert	up	(632, 450)	(800, 618)	True	225007	226397	up	(800, 450)	testing
2	ss	f	19	6	circle	green	same	hori	left	(632, 450)	(800, 618)	True	227500	228621	left	(800, 450)	testing
2	ss	f	19	6	circle	none	same	vert	up	N_dis	(681, 568)	True	229683	230557	up	(800, 450)	testing
2	ss	f	19	6	circle	green	dif	hori	left	(918, 568)	(681, 331)	True	231839	232637	left	(800, 450)	testing
2	ss	f	19	6	diamond	red	dif	vert	up	(800, 618)	(918, 331)	True	233857	235068	up	(800, 450)	testing
2	ss	f	19	6	diamond	none	dif	hori	left	N_dis	(918, 331)	True	236138	237693	left	(800, 450)	testing
2	ss	f	19	6	circle	green	same	vert	up	(632, 450)	(968, 450)	True	238767	239645	up	(800, 450)	testing
2	ss	f	19	6	circle	red	dif	hori	left	(632, 450)	(800, 618)	True	240725	241949	left	(800, 450)	testing
2	ss	f	19	6	circle	red	same	hori	left	(632, 450)	(968, 450)	True	243197	243885	left	(800, 450)	testing
2	ss	f	19	6	circle	green	same	hori	left	(968, 450)	(918, 331)	True	245021	245741	left	(800, 450)	testing
2	ss	f	19	6	diamond	green	same	vert	up	(632, 450)	(800, 618)	True	247022	248301	up	(800, 450)	testing
2	ss	f	19	6	circle	none	dif	hori	left	N_dis	(681, 331)	True	249368	250301	left	(800, 450)	testing
2	ss	f	19	6	circle	none	same	hori	left	N_dis	(968, 450)	True	251368	252173	left	(800, 450)	testing
2	ss	f	19	6	diamond	red	same	vert	up	(632, 450)	(681, 331)	True	253396	254685	up	(800, 450)	testing
2	ss	f	19	6	diamond	none	dif	vert	up	N_dis	(800, 618)	True	255947	256877	up	(800, 450)	testing
2	ss	f	19	6	diamond	none	same	hori	left	N_dis	(800, 282)	True	257944	258733	left	(800, 450)	testing
2	ss	f	19	6	diamond	green	dif	hori	left	(800, 282)	(918, 568)	True	259936	260765	left	(800, 450)	testing
2	ss	f	19	6	circle	none	same	hori	left	N_dis	(800, 282)	True	261983	262733	left	(800, 450)	testing
2	ss	f	19	6	circle	none	same	vert	up	N_dis	(800, 282)	True	263987	264797	up	(800, 450)	testing
2	ss	f	19	6	circle	green	same	hori	left	(681, 331)	(968, 450)	True	266065	266861	left	(800, 450)	testing
2	ss	f	19	6	circle	green	dif	hori	left	(800, 282)	(681, 331)	True	268062	269309	left	(800, 450)	testing
2	ss	f	19	6	diamond	none	same	hori	left	N_dis	(800, 618)	True	270595	271725	left	(800, 450)	testing
2	ss	f	19	6	diamond	green	same	hori	left	(632, 450)	(681, 568)	True	272975	274108	left	(800, 450)	testing
2	ss	f	19	6	diamond	green	same	vert	up	(632, 450)	(681, 331)	True	275251	276237	up	(800, 450)	testing
2	ss	f	19	6	diamond	red	same	vert	up	(968, 450)	(918, 568)	True	277506	278573	up	(800, 450)	testing
2	ss	f	19	6	diamond	red	dif	hori	left	(968, 450)	(681, 331)	True	279696	280461	left	(800, 450)	testing
2	ss	f	19	6	diamond	green	same	hori	left	(632, 450)	(681, 331)	True	281727	283165	left	(800, 450)	testing
2	ss	f	19	6	circle	none	same	vert	up	N_dis	(968, 450)	True	284394	285116	up	(800, 450)	testing
2	ss	f	19	6	circle	green	dif	hori	left	(632, 450)	(681, 568)	True	286407	287517	left	(800, 450)	testing
2	ss	f	19	6	diamond	red	same	hori	left	(800, 618)	(918, 568)	True	288669	289933	left	(800, 450)	testing
2	ss	f	19	6	diamond	red	same	vert	up	(800, 618)	(681, 568)	True	291089	292012	up	(800, 450)	testing
2	ss	f	19	6	diamond	none	dif	vert	up	N_dis	(681, 568)	True	293187	294253	up	(800, 450)	testing
2	ss	f	19	6	circle	green	dif	vert	up	(918, 331)	(968, 450)	True	295525	297437	up	(800, 450)	testing
2	ss	f	19	6	diamond	green	same	hori	left	(632, 450)	(681, 331)	True	298551	300813	left	(800, 450)	testing
2	ss	f	19	6	diamond	none	same	vert	up	N_dis	(800, 282)	True	302012	302926	up	(800, 450)	testing
2	ss	f	19	6	diamond	none	same	vert	up	N_dis	(632, 450)	True	304005	305053	up	(800, 450)	testing
2	ss	f	19	6	circle	none	same	vert	up	N_dis	(632, 450)	True	306335	307581	up	(800, 450)	testing
2	ss	f	19	6	circle	red	same	hori	left	(632, 450)	(918, 568)	True	308873	309885	left	(800, 450)	testing
2	ss	f	19	6	circle	green	dif	vert	up	(918, 331)	(968, 450)	True	311003	312334	up	(800, 450)	testing
2	ss	f	19	6	diamond	green	same	vert	up	(681, 331)	(968, 450)	True	313604	314653	up	(800, 450)	testing
2	ss	f	19	6	diamond	none	dif	vert	up	N_dis	(918, 331)	True	315909	317020	up	(800, 450)	testing
2	ss	f	19	6	diamond	green	same	hori	left	(632, 450)	(968, 450)	True	318224	319132	left	(800, 450)	testing
2	ss	f	19	6	diamond	none	same	vert	up	N_dis	(918, 331)	True	320402	321245	up	(800, 450)	testing
2	ss	f	19	6	circle	red	dif	vert	up	(632, 450)	(918, 331)	True	322505	323677	up	(800, 450)	testing
2	ss	f	19	6	diamond	red	same	vert	up	(632, 450)	(800, 282)	True	324943	325757	up	(800, 450)	testing
