subj	name	gender	age	runNum	shape	dist	td_dif	resp	resp_key	d_loc	t_loc	gotKey	startTime	respTime	resp	fix_loc	prac
2	ss	f	19	8	diamond	red	same	hori	left	(800, 282)	(968, 450)	True	21024	22316	left	(800, 450)	testing
2	ss	f	19	8	diamond	none	dif	hori	left	N_dis	(800, 282)	True	23430	24284	left	(800, 450)	testing
2	ss	f	19	8	diamond	red	dif	hori	left	(918, 568)	(800, 618)	True	25539	26573	left	(800, 450)	testing
2	ss	f	19	8	diamond	red	same	hori	left	(800, 282)	(681, 568)	True	27843	28749	left	(800, 450)	testing
2	ss	f	19	8	circle	green	same	hori	left	(918, 568)	(800, 282)	True	30007	31036	left	(800, 450)	testing
2	ss	f	19	8	diamond	red	dif	hori	left	(918, 568)	(918, 331)	True	32264	32989	left	(800, 450)	testing
2	ss	f	19	8	diamond	green	same	hori	left	(681, 331)	(968, 450)	True	34225	34925	left	(800, 450)	testing
2	ss	f	19	8	diamond	green	dif	vert	up	(918, 568)	(632, 450)	True	36157	37004	up	(800, 450)	testing
2	ss	f	19	8	circle	green	dif	vert	up	(918, 568)	(800, 618)	True	38133	39324	up	(800, 450)	testing
2	ss	f	19	8	circle	green	dif	hori	left	(918, 568)	(800, 618)	True	40588	41405	left	(800, 450)	testing
2	ss	f	19	8	circle	red	dif	vert	up	(681, 331)	(800, 282)	True	42536	43933	up	(800, 450)	testing
2	ss	f	19	8	diamond	none	same	vert	up	N_dis	(968, 450)	True	45187	45933	up	(800, 450)	testing
2	ss	f	19	8	circle	none	same	vert	up	N_dis	(681, 331)	True	47054	47965	up	(800, 450)	testing
2	ss	f	19	8	circle	none	dif	vert	up	N_dis	(681, 331)	True	49122	50108	up	(800, 450)	testing
2	ss	f	19	8	circle	red	same	hori	left	(918, 568)	(968, 450)	True	51296	52669	left	(800, 450)	testing
2	ss	f	19	8	circle	none	same	hori	left	N_dis	(632, 450)	True	53847	54605	left	(800, 450)	testing
2	ss	f	19	8	circle	red	same	vert	up	(918, 331)	(800, 618)	True	55764	57084	up	(800, 450)	testing
2	ss	f	19	8	diamond	red	same	hori	left	(918, 568)	(632, 450)	True	58290	59099	left	(800, 450)	testing
2	ss	f	19	8	circle	red	dif	hori	left	(918, 568)	(681, 331)	True	60255	61132	left	(800, 450)	testing
2	ss	f	19	8	circle	green	same	vert	up	(918, 568)	(632, 450)	True	62357	63260	up	(800, 450)	testing
2	ss	f	19	8	diamond	none	same	hori	left	N_dis	(918, 331)	True	64525	65821	left	(800, 450)	testing
2	ss	f	19	8	circle	none	same	vert	up	N_dis	(681, 568)	True	66873	67789	up	(800, 450)	testing
2	ss	f	19	8	circle	red	same	hori	left	(918, 568)	(800, 618)	True	68881	69869	left	(800, 450)	testing
2	ss	f	19	8	diamond	red	same	vert	up	(918, 568)	(681, 568)	True	70959	71821	up	(800, 450)	testing
2	ss	f	19	8	diamond	green	same	hori	left	(681, 568)	(632, 450)	True	73077	73917	left	(800, 450)	testing
2	ss	f	19	8	circle	red	same	vert	up	(918, 568)	(968, 450)	True	75138	76188	up	(800, 450)	testing
2	ss	f	19	8	diamond	none	same	hori	left	N_dis	(918, 568)	True	77468	78204	left	(800, 450)	testing
2	ss	f	19	8	circle	red	same	hori	left	(681, 568)	(800, 618)	True	79281	80365	left	(800, 450)	testing
2	ss	f	19	8	diamond	none	same	vert	up	N_dis	(681, 568)	True	81473	82252	up	(800, 450)	testing
2	ss	f	19	8	circle	red	dif	vert	up	(968, 450)	(800, 618)	True	83458	84267	left	(800, 450)	testing
2	ss	f	19	8	circle	green	same	vert	up	(918, 568)	(918, 331)	True	87054	88365	up	(800, 450)	testing
2	ss	f	19	8	diamond	red	dif	hori	left	(918, 568)	(800, 282)	True	89425	90172	left	(800, 450)	testing
2	ss	f	19	8	diamond	red	same	vert	up	(681, 331)	(918, 331)	True	91407	92172	up	(800, 450)	testing
2	ss	f	19	8	diamond	red	same	hori	left	(918, 568)	(800, 618)	True	93343	94140	left	(800, 450)	testing
2	ss	f	19	8	circle	red	dif	vert	up	(918, 568)	(800, 282)	True	95214	95869	up	(800, 450)	testing
2	ss	f	19	8	diamond	green	same	hori	left	(681, 568)	(800, 282)	True	97128	98011	left	(800, 450)	testing
2	ss	f	19	8	diamond	green	same	vert	up	(918, 568)	(968, 450)	True	99224	100060	up	(800, 450)	testing
2	ss	f	19	8	circle	green	dif	vert	up	(918, 568)	(800, 618)	True	101235	102381	up	(800, 450)	testing
2	ss	f	19	8	diamond	none	dif	vert	up	N_dis	(681, 568)	True	103618	104525	up	(800, 450)	testing
2	ss	f	19	8	circle	none	dif	hori	left	N_dis	(632, 450)	True	105616	106749	left	(800, 450)	testing
2	ss	f	19	8	circle	none	same	vert	up	N_dis	(800, 618)	True	107837	108669	up	(800, 450)	testing
2	ss	f	19	8	circle	none	same	vert	up	N_dis	(918, 568)	True	109845	110749	up	(800, 450)	testing
2	ss	f	19	8	circle	none	same	hori	left	N_dis	(800, 282)	True	111897	112829	left	(800, 450)	testing
2	ss	f	19	8	diamond	green	same	vert	up	(918, 568)	(800, 282)	True	113980	114733	up	(800, 450)	testing
2	ss	f	19	8	circle	none	dif	vert	up	N_dis	(681, 331)	True	116004	117437	up	(800, 450)	testing
2	ss	f	19	8	diamond	none	dif	hori	left	N_dis	(632, 450)	True	118721	119677	left	(800, 450)	testing
2	ss	f	19	8	circle	green	dif	hori	left	(918, 568)	(918, 331)	True	120791	122236	left	(800, 450)	testing
2	ss	f	19	8	diamond	none	dif	hori	left	N_dis	(800, 618)	True	123372	124316	left	(800, 450)	testing
2	ss	f	19	8	diamond	none	dif	vert	up	N_dis	(681, 568)	True	125595	126445	up	(800, 450)	testing
2	ss	f	19	8	circle	green	dif	hori	left	(681, 331)	(800, 618)	True	127705	129036	left	(800, 450)	testing
2	ss	f	19	8	diamond	none	dif	vert	up	N_dis	(918, 331)	True	130138	131340	up	(800, 450)	testing
2	ss	f	19	8	diamond	green	dif	vert	up	(800, 618)	(800, 282)	True	132602	133453	up	(800, 450)	testing
2	ss	f	19	8	circle	none	dif	hori	left	N_dis	(968, 450)	True	134644	135437	left	(800, 450)	testing
2	ss	f	19	8	circle	green	dif	hori	left	(918, 568)	(918, 331)	True	136603	137661	left	(800, 450)	testing
2	ss	f	19	8	diamond	red	dif	vert	up	(968, 450)	(632, 450)	True	138895	139725	up	(800, 450)	testing
2	ss	f	19	8	diamond	green	same	vert	up	(918, 568)	(681, 331)	True	140915	142108	up	(800, 450)	testing
2	ss	f	19	8	circle	none	same	hori	left	N_dis	(800, 282)	True	143390	144349	left	(800, 450)	testing
2	ss	f	19	8	diamond	red	dif	hori	left	(918, 568)	(681, 568)	True	145475	146765	left	(800, 450)	testing
2	ss	f	19	8	diamond	red	dif	hori	left	(918, 568)	(918, 331)	True	147864	148861	left	(800, 450)	testing
2	ss	f	19	8	diamond	green	dif	hori	left	(918, 568)	(681, 331)	True	150019	150909	left	(800, 450)	testing
2	ss	f	19	8	circle	green	same	hori	left	(800, 618)	(918, 331)	True	152098	153340	left	(800, 450)	testing
2	ss	f	19	8	circle	green	dif	vert	up	(918, 568)	(968, 450)	True	154593	155597	up	(800, 450)	testing
2	ss	f	19	8	circle	red	same	vert	up	(800, 618)	(968, 450)	True	156850	158813	up	(800, 450)	testing
2	ss	f	19	8	diamond	none	dif	hori	left	N_dis	(632, 450)	True	160044	161100	left	(800, 450)	testing
2	ss	f	19	8	circle	red	same	hori	left	(681, 568)	(632, 450)	True	162248	163437	left	(800, 450)	testing
2	ss	f	19	8	circle	red	same	hori	left	(918, 568)	(681, 331)	True	164667	165389	left	(800, 450)	testing
2	ss	f	19	8	circle	red	dif	hori	left	(918, 568)	(681, 568)	True	166558	167421	left	(800, 450)	testing
2	ss	f	19	8	diamond	green	dif	hori	left	(918, 568)	(681, 331)	True	168650	170332	left	(800, 450)	testing
2	ss	f	19	8	circle	none	same	hori	left	N_dis	(800, 618)	True	171385	172764	left	(800, 450)	testing
2	ss	f	19	8	diamond	red	same	hori	left	(918, 568)	(681, 568)	True	173928	175789	left	(800, 450)	testing
2	ss	f	19	8	diamond	green	same	hori	left	(918, 568)	(632, 450)	True	176851	178332	left	(800, 450)	testing
2	ss	f	19	8	circle	none	dif	vert	up	N_dis	(918, 331)	True	179509	181116	up	(800, 450)	testing
2	ss	f	19	8	diamond	red	same	vert	up	(918, 568)	(681, 331)	True	182329	183613	up	(800, 450)	testing
2	ss	f	19	8	circle	red	same	vert	up	(918, 568)	(968, 450)	True	184898	186108	up	(800, 450)	testing
2	ss	f	19	8	circle	none	dif	hori	left	N_dis	(800, 282)	True	187187	188204	left	(800, 450)	testing
2	ss	f	19	8	diamond	none	same	hori	left	N_dis	(918, 568)	True	189309	190413	left	(800, 450)	testing
2	ss	f	19	8	circle	green	same	vert	up	(918, 568)	(681, 568)	True	191524	192605	up	(800, 450)	testing
2	ss	f	19	8	diamond	none	same	vert	up	N_dis	(968, 450)	True	193890	194781	up	(800, 450)	testing
2	ss	f	19	8	circle	green	same	hori	left	(918, 568)	(681, 568)	True	195901	196989	left	(800, 450)	testing
2	ss	f	19	8	diamond	none	same	vert	up	N_dis	(800, 618)	True	198149	198989	up	(800, 450)	testing
2	ss	f	19	8	circle	red	dif	vert	up	(918, 568)	(632, 450)	True	200210	201148	up	(800, 450)	testing
2	ss	f	19	8	diamond	none	dif	vert	up	N_dis	(681, 568)	True	202301	203132	up	(800, 450)	testing
2	ss	f	19	8	diamond	red	dif	vert	up	(632, 450)	(681, 568)	True	204365	205469	up	(800, 450)	testing
2	ss	f	19	8	circle	green	dif	vert	up	(918, 331)	(632, 450)	True	206702	207533	up	(800, 450)	testing
2	ss	f	19	8	circle	green	dif	hori	left	(918, 568)	(968, 450)	True	208676	209868	left	(800, 450)	testing
2	ss	f	19	8	diamond	green	same	vert	up	(968, 450)	(681, 568)	True	211128	212172	up	(800, 450)	testing
2	ss	f	19	8	circle	red	dif	hori	left	(918, 331)	(968, 450)	True	213454	214284	left	(800, 450)	testing
2	ss	f	19	8	circle	none	dif	hori	left	N_dis	(632, 450)	True	215426	216268	left	(800, 450)	testing
2	ss	f	19	8	circle	none	dif	hori	left	N_dis	(800, 618)	True	217382	218284	left	(800, 450)	testing
2	ss	f	19	8	diamond	green	dif	hori	left	(918, 568)	(681, 331)	True	219471	220349	left	(800, 450)	testing
2	ss	f	19	8	diamond	green	dif	vert	up	(918, 568)	(968, 450)	True	221423	222525	up	(800, 450)	testing
2	ss	f	19	8	diamond	green	dif	vert	up	(918, 568)	(800, 618)	True	223766	224909	up	(800, 450)	testing
2	ss	f	19	8	diamond	red	same	vert	up	(918, 568)	(918, 331)	True	226107	227020	up	(800, 450)	testing
2	ss	f	19	8	diamond	none	dif	vert	up	N_dis	(968, 450)	True	228272	229036	up	(800, 450)	testing
2	ss	f	19	8	circle	none	same	hori	left	N_dis	(681, 331)	True	230225	231004	left	(800, 450)	testing
2	ss	f	19	8	diamond	none	dif	hori	left	N_dis	(968, 450)	True	232222	233052	left	(800, 450)	testing
2	ss	f	19	8	diamond	none	same	hori	left	N_dis	(918, 331)	True	234242	234941	left	(800, 450)	testing
2	ss	f	19	8	diamond	red	same	vert	up	(918, 568)	(681, 568)	True	236004	237741	up	(800, 450)	testing
2	ss	f	19	8	diamond	green	same	vert	up	(800, 618)	(918, 331)	True	238937	239757	up	(800, 450)	testing
2	ss	f	19	8	circle	red	same	vert	up	(800, 282)	(800, 618)	True	240994	242092	up	(800, 450)	testing
2	ss	f	19	8	circle	green	same	hori	left	(968, 450)	(681, 568)	True	243227	244252	left	(800, 450)	testing
2	ss	f	19	8	circle	red	dif	vert	up	(632, 450)	(800, 282)	True	245529	246477	up	(800, 450)	testing
2	ss	f	19	8	circle	green	dif	vert	up	(918, 568)	(681, 331)	True	247628	248989	up	(800, 450)	testing
2	ss	f	19	8	circle	green	same	hori	left	(918, 568)	(800, 282)	True	250154	251228	left	(800, 450)	testing
2	ss	f	19	8	diamond	green	dif	hori	left	(918, 568)	(800, 282)	True	252370	253485	left	(800, 450)	testing
2	ss	f	19	8	circle	none	same	vert	up	N_dis	(800, 282)	True	254762	255773	up	(800, 450)	testing
2	ss	f	19	8	circle	none	dif	vert	up	N_dis	(681, 331)	True	256890	257933	up	(800, 450)	testing
2	ss	f	19	8	diamond	red	dif	vert	up	(632, 450)	(918, 331)	True	259064	260557	up	(800, 450)	testing
2	ss	f	19	8	circle	red	dif	hori	left	(918, 568)	(800, 282)	True	261782	262541	left	(800, 450)	testing
2	ss	f	19	8	circle	red	dif	hori	left	(800, 282)	(681, 568)	True	263757	264909	up	(800, 450)	testing
2	ss	f	19	8	circle	none	dif	vert	up	N_dis	(918, 331)	True	267541	268525	up	(800, 450)	testing
2	ss	f	19	8	diamond	green	same	hori	left	(918, 568)	(918, 331)	True	269649	271324	left	(800, 450)	testing
2	ss	f	19	8	diamond	red	dif	vert	up	(918, 568)	(681, 331)	True	272524	273725	up	(800, 450)	testing
2	ss	f	19	8	circle	green	same	vert	up	(918, 568)	(632, 450)	True	274976	276316	up	(800, 450)	testing
2	ss	f	19	8	diamond	green	dif	hori	left	(918, 568)	(681, 331)	True	277438	278284	left	(800, 450)	testing
2	ss	f	19	8	diamond	none	same	vert	up	N_dis	(918, 568)	True	279408	280140	up	(800, 450)	testing
2	ss	f	19	8	diamond	green	dif	vert	up	(918, 331)	(968, 450)	True	281222	282172	up	(800, 450)	testing
2	ss	f	19	8	diamond	none	same	hori	left	N_dis	(918, 568)	True	283270	284316	left	(800, 450)	testing
2	ss	f	19	8	circle	green	same	vert	up	(918, 568)	(632, 450)	True	285468	286349	up	(800, 450)	testing
2	ss	f	19	8	diamond	red	dif	vert	up	(632, 450)	(968, 450)	True	287398	288493	up	(800, 450)	testing
