subj	name	gender	age	runNum	shape	dist	td_dif	resp	resp_key	d_loc	t_loc	gotKey	startTime	respTime	resp	fix_loc	prac
2	ss	f	19	1	diamond	red	dif	hori	left	(918, 331)	(681, 331)	True	77184	79757	up	(800, 450)	practice
2	ss	f	19	1	diamond	none	dif	hori	left	N_dis	(800, 282)	True	82398	83485	left	(800, 450)	practice
2	ss	f	19	1	diamond	none	same	hori	left	N_dis	(918, 331)	True	84630	85693	left	(800, 450)	practice
2	ss	f	19	1	circle	red	dif	vert	up	(918, 331)	(800, 282)	True	86967	88092	left	(800, 450)	practice
2	ss	f	19	1	circle	red	dif	hori	left	(918, 331)	(632, 450)	True	90715	92749	left	(800, 450)	practice
2	ss	f	19	1	circle	none	dif	hori	left	N_dis	(681, 331)	True	93884	95388	left	(800, 450)	practice
2	ss	f	19	1	circle	red	same	vert	up	(918, 331)	(918, 568)	True	96555	97676	up	(800, 450)	practice
2	ss	f	19	1	diamond	green	same	vert	up	(918, 331)	(632, 450)	True	98917	100188	left	(800, 450)	practice
2	ss	f	19	1	diamond	green	same	hori	left	(918, 331)	(918, 568)	True	102818	104653	left	(800, 450)	practice
2	ss	f	19	1	circle	red	same	vert	up	(918, 331)	(800, 282)	True	105920	107661	up	(800, 450)	practice
2	ss	f	19	1	diamond	green	dif	hori	left	(918, 331)	(632, 450)	True	108846	109885	left	(800, 450)	practice
2	ss	f	19	1	diamond	red	same	vert	up	(918, 331)	(681, 331)	True	111062	112509	up	(800, 450)	practice
2	ss	f	19	1	circle	none	dif	vert	up	N_dis	(800, 282)	True	113737	115596	up	(800, 450)	practice
2	ss	f	19	1	diamond	red	dif	hori	left	(918, 331)	(968, 450)	True	116644	117820	left	(800, 450)	practice
2	ss	f	19	1	circle	none	dif	hori	left	N_dis	(968, 450)	True	118925	120188	left	(800, 450)	practice
2	ss	f	19	1	diamond	none	same	hori	left	N_dis	(918, 568)	True	121232	122428	left	(800, 450)	practice
2	ss	f	19	1	diamond	red	same	hori	left	(918, 331)	(918, 568)	True	123587	124588	left	(800, 450)	practice
2	ss	f	19	1	diamond	red	same	vert	up	(918, 331)	(681, 568)	True	125867	127581	up	(800, 450)	practice
2	ss	f	19	1	circle	none	same	vert	up	N_dis	(800, 618)	True	128861	130572	left	(800, 450)	practice
2	ss	f	19	1	diamond	red	dif	vert	up	(918, 331)	(800, 282)	True	133352	134701	up	(800, 450)	practice
2	ss	f	19	1	diamond	red	dif	vert	up	(918, 331)	(632, 450)	True	135938	136989	up	(800, 450)	practice
2	ss	f	19	1	diamond	red	same	hori	left	(918, 331)	(632, 450)	True	138052	139037	left	(800, 450)	practice
2	ss	f	19	1	diamond	green	dif	hori	left	(918, 331)	(800, 618)	True	140314	141276	left	(800, 450)	practice
2	ss	f	19	1	diamond	none	dif	vert	up	N_dis	(918, 568)	True	142366	143564	up	(800, 450)	practice
2	ss	f	19	1	circle	red	same	hori	left	(918, 331)	(800, 618)	True	144750	145724	left	(800, 450)	practice
2	ss	f	19	1	diamond	green	same	hori	left	(918, 331)	(681, 331)	True	146833	148653	left	(800, 450)	practice
2	ss	f	19	1	diamond	red	dif	vert	up	(918, 331)	(681, 568)	True	149912	151165	up	(800, 450)	practice
2	ss	f	19	1	circle	none	same	hori	left	N_dis	(968, 450)	True	152308	153197	up	(800, 450)	practice
2	ss	f	19	1	circle	green	dif	vert	up	(918, 331)	(681, 568)	True	155829	157612	up	(800, 450)	practice
2	ss	f	19	1	circle	none	same	hori	left	N_dis	(800, 282)	True	158860	160012	left	(800, 450)	practice
2	ss	f	19	1	circle	none	same	hori	left	N_dis	(968, 450)	True	161256	163405	left	(800, 450)	practice
2	ss	f	19	1	diamond	green	dif	hori	left	(918, 331)	(918, 568)	True	164684	165981	left	(800, 450)	practice
2	ss	f	19	1	circle	green	same	vert	up	(918, 331)	(681, 331)	True	167131	168796	up	(800, 450)	practice
2	ss	f	19	1	circle	green	dif	hori	left	(918, 331)	(918, 568)	True	170086	171245	left	(800, 450)	practice
2	ss	f	19	1	circle	none	same	hori	left	N_dis	(632, 450)	True	172444	173869	left	(800, 450)	practice
2	ss	f	19	1	diamond	none	dif	hori	left	N_dis	(800, 618)	True	174974	175965	left	(800, 450)	practice
2	ss	f	19	1	diamond	red	dif	vert	up	(918, 331)	(800, 618)	True	177018	178108	up	(800, 450)	practice
2	ss	f	19	1	diamond	green	dif	vert	up	(918, 331)	(918, 568)	True	179389	180669	up	(800, 450)	practice
2	ss	f	19	1	diamond	green	dif	hori	left	(918, 331)	(681, 568)	True	181958	182973	left	(800, 450)	practice
2	ss	f	19	1	circle	green	dif	vert	up	(918, 331)	(681, 568)	True	184092	185308	up	(800, 450)	practice
2	ss	f	19	1	diamond	none	dif	vert	up	N_dis	(681, 331)	True	205648	206604	up	(800, 450)	testing
2	ss	f	19	1	circle	none	same	hori	left	N_dis	(632, 450)	True	207734	208508	left	(800, 450)	testing
2	ss	f	19	1	diamond	red	dif	vert	up	(918, 331)	(800, 282)	True	209601	210894	up	(800, 450)	testing
2	ss	f	19	1	circle	none	dif	hori	left	N_dis	(681, 331)	True	212016	214045	left	(800, 450)	testing
2	ss	f	19	1	circle	red	dif	vert	up	(918, 331)	(800, 282)	True	215225	216413	up	(800, 450)	testing
2	ss	f	19	1	diamond	none	dif	vert	up	N_dis	(918, 568)	True	217641	218717	left	(800, 450)	testing
2	ss	f	19	1	diamond	red	dif	hori	left	(681, 331)	(918, 568)	True	221449	222749	left	(800, 450)	testing
2	ss	f	19	1	circle	green	dif	hori	left	(918, 331)	(632, 450)	True	223939	225245	left	(800, 450)	testing
2	ss	f	19	1	diamond	red	same	vert	up	(918, 331)	(681, 331)	True	226458	227870	up	(800, 450)	testing
2	ss	f	19	1	circle	red	dif	hori	left	(800, 282)	(918, 568)	True	228929	230317	left	(800, 450)	testing
2	ss	f	19	1	circle	red	dif	hori	left	(918, 331)	(800, 282)	True	231600	233340	left	(800, 450)	testing
2	ss	f	19	1	circle	green	dif	vert	up	(918, 331)	(681, 568)	True	234586	235804	up	(800, 450)	testing
2	ss	f	19	1	diamond	none	dif	vert	up	N_dis	(918, 331)	True	237051	239020	up	(800, 450)	testing
2	ss	f	19	1	circle	green	dif	hori	left	(681, 568)	(968, 450)	True	240064	241757	left	(800, 450)	testing
2	ss	f	19	1	circle	green	same	vert	up	(918, 331)	(800, 282)	True	242961	244364	up	(800, 450)	testing
2	ss	f	19	1	circle	red	same	vert	up	(918, 331)	(800, 282)	True	245465	246637	up	(800, 450)	testing
2	ss	f	19	1	circle	green	dif	vert	up	(800, 618)	(681, 331)	False	247917	None	None	(800, 450)	testing
2	ss	f	19	1	circle	none	dif	hori	left	N_dis	(800, 282)	True	253604	254781	left	(800, 450)	testing
2	ss	f	19	1	diamond	red	same	hori	left	(918, 331)	(681, 568)	True	256047	257341	left	(800, 450)	testing
2	ss	f	19	1	circle	none	dif	vert	up	N_dis	(800, 618)	True	258617	259437	up	(800, 450)	testing
2	ss	f	19	1	circle	none	dif	hori	left	N_dis	(632, 450)	True	260642	261453	left	(800, 450)	testing
2	ss	f	19	1	diamond	green	same	hori	left	(918, 331)	(681, 331)	True	262589	264829	left	(800, 450)	testing
2	ss	f	19	1	circle	red	same	hori	left	(918, 331)	(800, 618)	True	265925	267005	left	(800, 450)	testing
2	ss	f	19	1	circle	none	dif	vert	up	N_dis	(681, 331)	True	268292	269005	up	(800, 450)	testing
2	ss	f	19	1	circle	none	same	hori	left	N_dis	(800, 282)	True	270076	270909	left	(800, 450)	testing
2	ss	f	19	1	circle	none	same	vert	up	N_dis	(681, 331)	True	272043	272942	up	(800, 450)	testing
2	ss	f	19	1	diamond	green	same	vert	up	(918, 331)	(632, 450)	True	274034	275549	up	(800, 450)	testing
2	ss	f	19	1	diamond	none	same	vert	up	N_dis	(968, 450)	True	276633	277564	up	(800, 450)	testing
2	ss	f	19	1	diamond	green	dif	hori	left	(800, 618)	(918, 568)	True	278797	279934	left	(800, 450)	testing
2	ss	f	19	1	diamond	none	dif	hori	left	N_dis	(918, 568)	True	280989	281934	left	(800, 450)	testing
2	ss	f	19	1	diamond	green	same	vert	up	(800, 618)	(681, 568)	True	283063	284141	up	(800, 450)	testing
2	ss	f	19	1	circle	none	same	hori	left	N_dis	(968, 450)	True	285384	286653	left	(800, 450)	testing
2	ss	f	19	1	diamond	none	dif	hori	left	N_dis	(800, 282)	True	287842	289053	left	(800, 450)	testing
2	ss	f	19	1	circle	none	dif	vert	up	N_dis	(800, 618)	True	290175	291741	up	(800, 450)	testing
2	ss	f	19	1	circle	none	same	vert	up	N_dis	(800, 618)	True	292789	293692	up	(800, 450)	testing
2	ss	f	19	1	circle	red	dif	hori	left	(918, 568)	(632, 450)	True	294736	295757	left	(800, 450)	testing
2	ss	f	19	1	circle	green	dif	vert	up	(632, 450)	(681, 568)	True	296826	298237	up	(800, 450)	testing
2	ss	f	19	1	diamond	red	dif	vert	up	(918, 331)	(681, 568)	True	299313	300942	up	(800, 450)	testing
2	ss	f	19	1	circle	red	dif	hori	left	(918, 331)	(632, 450)	True	301990	303389	left	(800, 450)	testing
2	ss	f	19	1	diamond	green	same	vert	up	(918, 331)	(918, 568)	True	304676	305805	up	(800, 450)	testing
2	ss	f	19	1	diamond	red	same	hori	left	(918, 331)	(968, 450)	True	306891	307886	left	(800, 450)	testing
2	ss	f	19	1	diamond	none	same	vert	up	N_dis	(681, 331)	True	309119	310061	up	(800, 450)	testing
2	ss	f	19	1	circle	green	same	hori	left	(681, 568)	(918, 568)	True	311291	312878	left	(800, 450)	testing
2	ss	f	19	1	diamond	red	dif	hori	left	(918, 331)	(968, 450)	True	314120	315164	left	(800, 450)	testing
2	ss	f	19	1	circle	none	same	vert	up	N_dis	(918, 331)	True	316447	317405	up	(800, 450)	testing
2	ss	f	19	1	diamond	none	same	hori	left	N_dis	(918, 331)	True	318614	319773	left	(800, 450)	testing
2	ss	f	19	1	circle	red	dif	hori	left	(918, 568)	(681, 331)	True	320895	323101	left	(800, 450)	testing
2	ss	f	19	1	diamond	none	dif	hori	left	N_dis	(800, 282)	True	324287	326093	left	(800, 450)	testing
2	ss	f	19	1	circle	none	dif	hori	left	N_dis	(968, 450)	True	327289	328381	left	(800, 450)	testing
2	ss	f	19	1	circle	green	dif	hori	left	(918, 331)	(918, 568)	True	329616	330605	left	(800, 450)	testing
2	ss	f	19	1	diamond	red	same	vert	up	(632, 450)	(918, 568)	True	331736	333565	up	(800, 450)	testing
2	ss	f	19	1	diamond	red	same	hori	left	(918, 331)	(918, 568)	True	334803	336253	left	(800, 450)	testing
2	ss	f	19	1	circle	red	same	vert	up	(918, 331)	(968, 450)	True	337487	338493	up	(800, 450)	testing
2	ss	f	19	1	diamond	green	same	vert	up	(918, 331)	(800, 282)	True	339770	341229	up	(800, 450)	testing
2	ss	f	19	1	circle	green	same	hori	left	(918, 568)	(681, 568)	True	342379	343501	left	(800, 450)	testing
2	ss	f	19	1	circle	green	dif	hori	left	(681, 331)	(632, 450)	True	344791	345870	left	(800, 450)	testing
2	ss	f	19	1	diamond	red	dif	vert	up	(918, 331)	(800, 618)	True	346987	347934	up	(800, 450)	testing
2	ss	f	19	1	circle	none	dif	vert	up	N_dis	(800, 282)	True	349097	350157	up	(800, 450)	testing
2	ss	f	19	1	circle	red	dif	vert	up	(968, 450)	(800, 282)	True	351235	352748	up	(800, 450)	testing
2	ss	f	19	1	circle	red	same	hori	left	(918, 331)	(681, 568)	True	353871	354942	left	(800, 450)	testing
2	ss	f	19	1	diamond	red	same	vert	up	(918, 331)	(681, 568)	True	356027	357116	up	(800, 450)	testing
2	ss	f	19	1	diamond	green	dif	vert	up	(918, 331)	(800, 618)	True	358247	359693	up	(800, 450)	testing
2	ss	f	19	1	circle	green	same	hori	left	(918, 331)	(681, 331)	True	360828	361597	left	(800, 450)	testing
2	ss	f	19	1	circle	none	dif	vert	up	N_dis	(968, 450)	True	362741	363982	up	(800, 450)	testing
2	ss	f	19	1	diamond	green	dif	hori	left	(918, 331)	(681, 568)	True	365227	366285	left	(800, 450)	testing
2	ss	f	19	1	diamond	red	same	vert	up	(800, 282)	(968, 450)	True	367531	368301	up	(800, 450)	testing
2	ss	f	19	1	circle	green	same	hori	left	(968, 450)	(800, 618)	True	369496	370669	left	(800, 450)	testing
2	ss	f	19	1	diamond	green	dif	vert	up	(918, 331)	(800, 282)	True	371880	372797	up	(800, 450)	testing
2	ss	f	19	1	diamond	green	dif	vert	up	(918, 331)	(800, 618)	True	374087	374926	up	(800, 450)	testing
2	ss	f	19	1	diamond	none	same	vert	up	N_dis	(800, 618)	True	376064	376878	up	(800, 450)	testing
2	ss	f	19	1	diamond	green	same	hori	left	(918, 331)	(918, 568)	True	378069	379293	left	(800, 450)	testing
2	ss	f	19	1	circle	green	same	hori	left	(800, 282)	(800, 618)	True	380489	382445	left	(800, 450)	testing
2	ss	f	19	1	circle	red	same	vert	up	(918, 331)	(918, 568)	True	383511	384637	up	(800, 450)	testing
2	ss	f	19	1	circle	green	dif	vert	up	(918, 568)	(681, 331)	True	385758	387133	up	(800, 450)	testing
2	ss	f	19	1	diamond	red	dif	hori	left	(918, 331)	(800, 618)	True	388362	389373	left	(800, 450)	testing
2	ss	f	19	1	diamond	green	dif	vert	up	(918, 331)	(632, 450)	True	390589	391517	up	(800, 450)	testing
2	ss	f	19	1	circle	none	same	hori	left	N_dis	(681, 568)	True	392730	393581	left	(800, 450)	testing
2	ss	f	19	1	diamond	red	same	vert	up	(918, 331)	(681, 568)	True	394726	395421	up	(800, 450)	testing
2	ss	f	19	1	circle	red	same	hori	left	(681, 568)	(632, 450)	True	396572	397549	left	(800, 450)	testing
2	ss	f	19	1	circle	green	dif	hori	left	(918, 331)	(800, 618)	True	398738	399517	left	(800, 450)	testing
2	ss	f	19	1	diamond	none	same	vert	up	N_dis	(681, 568)	True	400664	401661	up	(800, 450)	testing
2	ss	f	19	1	diamond	green	same	hori	left	(800, 282)	(800, 618)	True	402924	403966	left	(800, 450)	testing
2	ss	f	19	1	diamond	green	dif	hori	left	(918, 331)	(918, 568)	True	405032	406045	left	(800, 450)	testing
2	ss	f	19	1	diamond	red	dif	vert	up	(681, 331)	(800, 618)	True	407236	407982	up	(800, 450)	testing
2	ss	f	19	1	diamond	red	same	hori	left	(918, 331)	(968, 450)	True	409245	410221	left	(800, 450)	testing
2	ss	f	19	1	diamond	none	dif	vert	up	N_dis	(918, 568)	True	411295	412429	up	(800, 450)	testing
2	ss	f	19	1	diamond	none	dif	vert	up	N_dis	(918, 568)	True	413705	414862	up	(800, 450)	testing
2	ss	f	19	1	diamond	green	same	hori	left	(918, 331)	(681, 331)	True	416121	417116	left	(800, 450)	testing
2	ss	f	19	1	circle	red	dif	vert	up	(968, 450)	(800, 618)	True	418293	419181	up	(800, 450)	testing
2	ss	f	19	1	diamond	none	same	hori	left	N_dis	(918, 568)	True	420243	421212	left	(800, 450)	testing
2	ss	f	19	1	diamond	none	same	hori	left	N_dis	(681, 568)	True	422470	423245	left	(800, 450)	testing
2	ss	f	19	1	diamond	none	same	hori	left	N_dis	(632, 450)	True	424293	425197	left	(800, 450)	testing
2	ss	f	19	1	circle	none	same	vert	up	N_dis	(632, 450)	True	426288	427469	up	(800, 450)	testing
2	ss	f	19	1	circle	red	dif	vert	up	(968, 450)	(918, 568)	True	428707	430173	up	(800, 450)	testing
2	ss	f	19	1	diamond	red	dif	vert	up	(918, 331)	(632, 450)	True	431394	432285	up	(800, 450)	testing
2	ss	f	19	1	diamond	green	same	hori	left	(918, 331)	(968, 450)	True	433561	434285	left	(800, 450)	testing
2	ss	f	19	1	diamond	none	dif	hori	left	N_dis	(800, 618)	True	435502	436429	left	(800, 450)	testing
2	ss	f	19	1	diamond	red	same	hori	left	(918, 331)	(632, 450)	True	437513	438093	left	(800, 450)	testing
2	ss	f	19	1	diamond	green	dif	hori	left	(918, 331)	(800, 618)	True	439365	440093	left	(800, 450)	testing
2	ss	f	19	1	circle	none	dif	hori	left	N_dis	(918, 331)	True	441245	443565	left	(800, 450)	testing
2	ss	f	19	1	circle	red	same	vert	up	(632, 450)	(681, 568)	True	444784	446189	up	(800, 450)	testing
2	ss	f	19	1	circle	red	same	vert	up	(681, 568)	(800, 618)	True	447396	448509	up	(800, 450)	testing
2	ss	f	19	1	diamond	green	dif	hori	left	(918, 331)	(632, 450)	True	449773	450910	left	(800, 450)	testing
2	ss	f	19	1	circle	red	same	hori	left	(918, 331)	(681, 568)	True	452169	453533	left	(800, 450)	testing
2	ss	f	19	1	circle	green	same	vert	up	(918, 331)	(681, 331)	True	454684	455613	up	(800, 450)	testing
2	ss	f	19	1	circle	green	same	vert	up	(918, 331)	(681, 331)	True	456696	457677	up	(800, 450)	testing
2	ss	f	19	1	diamond	red	dif	hori	left	(918, 331)	(681, 331)	True	458766	460013	left	(800, 450)	testing
2	ss	f	19	1	circle	green	same	vert	up	(800, 618)	(968, 450)	True	461295	462493	up	(800, 450)	testing
2	ss	f	19	1	circle	red	dif	vert	up	(632, 450)	(681, 568)	True	463621	464637	up	(800, 450)	testing
2	ss	f	19	1	diamond	none	dif	hori	left	N_dis	(681, 568)	True	465733	467101	left	(800, 450)	testing
2	ss	f	19	1	circle	none	same	hori	left	N_dis	(968, 450)	True	468240	469229	left	(800, 450)	testing
2	ss	f	19	1	diamond	green	same	vert	up	(681, 331)	(918, 568)	True	470318	471485	up	(800, 450)	testing
2	ss	f	19	1	circle	green	dif	vert	up	(918, 331)	(681, 568)	True	472719	473853	up	(800, 450)	testing
2	ss	f	19	1	circle	none	same	vert	up	N_dis	(632, 450)	True	474924	476061	up	(800, 450)	testing
2	ss	f	19	1	circle	red	same	hori	left	(918, 331)	(681, 568)	True	477146	477854	left	(800, 450)	testing
2	ss	f	19	1	circle	green	same	vert	up	(918, 331)	(968, 450)	True	478996	479837	up	(800, 450)	testing
2	ss	f	19	1	diamond	none	same	vert	up	N_dis	(681, 568)	True	480927	482365	up	(800, 450)	testing
2	ss	f	19	1	diamond	red	dif	hori	left	(918, 331)	(968, 450)	True	483564	484429	left	(800, 450)	testing
2	ss	f	19	1	diamond	none	same	hori	left	N_dis	(918, 331)	True	485497	486894	left	(800, 450)	testing
2	ss	f	19	1	diamond	green	dif	vert	up	(918, 331)	(918, 568)	True	488077	489101	up	(800, 450)	testing
