subj	name	gender	age	runNum	shape	dist	td_dif	resp	resp_key	d_loc	t_loc	gotKey	startTime	respTime	resp	fix_loc	prac
2	ss	f	19	2	circle	red	dif	hori	left	(968, 450)	(681, 331)	True	7394	8766	left	(800, 450)	testing
2	ss	f	19	2	diamond	red	same	hori	left	(918, 331)	(800, 618)	True	9870	10878	left	(800, 450)	testing
2	ss	f	19	2	diamond	none	dif	hori	left	N_dis	(918, 331)	True	11966	12766	left	(800, 450)	testing
2	ss	f	19	2	circle	none	dif	hori	left	N_dis	(968, 450)	True	13972	14814	left	(800, 450)	testing
2	ss	f	19	2	diamond	red	same	vert	up	(918, 331)	(681, 568)	True	16068	16750	up	(800, 450)	testing
2	ss	f	19	2	circle	green	dif	hori	left	(632, 450)	(968, 450)	True	17876	18878	left	(800, 450)	testing
2	ss	f	19	2	diamond	green	dif	vert	up	(800, 282)	(681, 568)	True	19998	21742	up	(800, 450)	testing
2	ss	f	19	2	diamond	none	dif	vert	up	N_dis	(681, 568)	True	23001	24045	up	(800, 450)	testing
2	ss	f	19	2	diamond	red	same	hori	left	(632, 450)	(681, 568)	True	25188	26574	left	(800, 450)	testing
2	ss	f	19	2	circle	none	same	hori	left	N_dis	(918, 568)	True	27852	28798	left	(800, 450)	testing
2	ss	f	19	2	circle	red	same	hori	left	(681, 568)	(681, 331)	True	29966	31165	left	(800, 450)	testing
2	ss	f	19	2	circle	red	dif	vert	up	(918, 331)	(968, 450)	True	32354	33389	up	(800, 450)	testing
2	ss	f	19	2	diamond	red	dif	vert	up	(968, 450)	(918, 568)	True	34587	35710	up	(800, 450)	testing
2	ss	f	19	2	diamond	green	same	vert	up	(681, 568)	(632, 450)	True	36936	38237	up	(800, 450)	testing
2	ss	f	19	2	circle	green	same	vert	up	(918, 331)	(800, 282)	True	39402	40397	up	(800, 450)	testing
2	ss	f	19	2	diamond	red	dif	hori	left	(681, 568)	(918, 568)	True	41483	42414	left	(800, 450)	testing
2	ss	f	19	2	diamond	red	dif	vert	up	(918, 568)	(632, 450)	True	43501	44926	up	(800, 450)	testing
2	ss	f	19	2	diamond	none	same	vert	up	N_dis	(800, 618)	True	46093	46846	up	(800, 450)	testing
2	ss	f	19	2	circle	red	dif	hori	left	(918, 331)	(800, 618)	True	48003	48814	left	(800, 450)	testing
2	ss	f	19	2	diamond	green	dif	hori	left	(918, 331)	(918, 568)	True	50051	51165	left	(800, 450)	testing
2	ss	f	19	2	circle	none	dif	hori	left	N_dis	(800, 282)	True	52334	53502	left	(800, 450)	testing
2	ss	f	19	2	circle	none	dif	hori	left	N_dis	(681, 568)	True	54563	55309	left	(800, 450)	testing
2	ss	f	19	2	diamond	green	same	vert	up	(918, 331)	(968, 450)	True	56519	57470	up	(800, 450)	testing
2	ss	f	19	2	diamond	green	same	hori	left	(918, 568)	(800, 618)	True	58635	59454	left	(800, 450)	testing
2	ss	f	19	2	diamond	green	dif	vert	up	(918, 331)	(632, 450)	True	60692	61726	up	(800, 450)	testing
2	ss	f	19	2	diamond	red	dif	vert	up	(918, 331)	(681, 568)	True	62929	63806	up	(800, 450)	testing
2	ss	f	19	2	diamond	none	dif	vert	up	N_dis	(681, 331)	True	65080	66029	up	(800, 450)	testing
2	ss	f	19	2	circle	red	dif	vert	up	(918, 331)	(681, 331)	True	67209	68686	left	(800, 450)	testing
2	ss	f	19	2	diamond	red	dif	hori	left	(918, 331)	(800, 282)	True	71462	72349	left	(800, 450)	testing
2	ss	f	19	2	circle	red	same	hori	left	(632, 450)	(681, 331)	True	73552	74654	left	(800, 450)	testing
2	ss	f	19	2	circle	green	dif	hori	left	(800, 282)	(681, 568)	True	75745	76894	left	(800, 450)	testing
2	ss	f	19	2	circle	none	dif	hori	left	N_dis	(681, 568)	True	78076	78878	left	(800, 450)	testing
2	ss	f	19	2	diamond	green	same	hori	left	(918, 331)	(968, 450)	True	80017	80958	left	(800, 450)	testing
2	ss	f	19	2	circle	green	dif	vert	up	(918, 331)	(800, 618)	True	82045	82798	up	(800, 450)	testing
2	ss	f	19	2	diamond	green	same	vert	up	(918, 331)	(681, 568)	True	83862	85341	up	(800, 450)	testing
2	ss	f	19	2	circle	red	same	vert	up	(918, 331)	(918, 568)	True	86461	87598	up	(800, 450)	testing
2	ss	f	19	2	circle	none	dif	vert	up	N_dis	(918, 331)	True	88677	90029	up	(800, 450)	testing
2	ss	f	19	2	diamond	none	dif	hori	left	N_dis	(800, 282)	True	91191	92365	left	(800, 450)	testing
2	ss	f	19	2	diamond	none	same	vert	up	N_dis	(800, 618)	True	93438	94334	up	(800, 450)	testing
2	ss	f	19	2	diamond	none	dif	hori	left	N_dis	(681, 568)	True	95564	96397	left	(800, 450)	testing
2	ss	f	19	2	circle	red	dif	hori	left	(918, 331)	(918, 568)	True	97456	98430	left	(800, 450)	testing
2	ss	f	19	2	diamond	none	same	vert	up	N_dis	(800, 618)	True	99533	100205	up	(800, 450)	testing
2	ss	f	19	2	diamond	red	same	vert	up	(918, 331)	(681, 568)	True	101400	102830	up	(800, 450)	testing
2	ss	f	19	2	circle	green	dif	hori	left	(918, 331)	(632, 450)	True	103923	105277	left	(800, 450)	testing
2	ss	f	19	2	circle	none	dif	vert	up	N_dis	(918, 568)	True	106455	107261	up	(800, 450)	testing
2	ss	f	19	2	circle	green	dif	hori	left	(800, 618)	(918, 568)	True	108324	109181	left	(800, 450)	testing
2	ss	f	19	2	diamond	none	dif	vert	up	N_dis	(681, 568)	True	110322	111341	up	(800, 450)	testing
2	ss	f	19	2	circle	none	same	hori	left	N_dis	(918, 568)	True	112398	113438	left	(800, 450)	testing
2	ss	f	19	2	diamond	green	dif	vert	up	(918, 331)	(632, 450)	True	114513	115550	up	(800, 450)	testing
2	ss	f	19	2	circle	red	dif	hori	left	(918, 331)	(918, 568)	True	116824	117614	left	(800, 450)	testing
2	ss	f	19	2	diamond	red	dif	hori	left	(918, 331)	(968, 450)	True	118803	119774	left	(800, 450)	testing
2	ss	f	19	2	circle	red	dif	vert	up	(918, 331)	(681, 331)	True	120867	121790	up	(800, 450)	testing
2	ss	f	19	2	circle	red	dif	hori	left	(918, 331)	(800, 618)	True	122960	123854	left	(800, 450)	testing
2	ss	f	19	2	circle	green	same	hori	left	(918, 331)	(800, 282)	True	125045	126061	up	(800, 450)	testing
2	ss	f	19	2	circle	red	dif	vert	up	(918, 331)	(681, 568)	True	128716	129742	up	(800, 450)	testing
2	ss	f	19	2	diamond	none	same	hori	left	N_dis	(632, 450)	True	130842	131598	left	(800, 450)	testing
2	ss	f	19	2	circle	green	same	hori	left	(918, 331)	(800, 618)	True	132643	133373	left	(800, 450)	testing
2	ss	f	19	2	circle	red	same	vert	up	(918, 331)	(632, 450)	True	134500	135278	up	(800, 450)	testing
2	ss	f	19	2	circle	green	dif	vert	up	(800, 282)	(918, 568)	True	136486	138125	left	(800, 450)	testing
2	ss	f	19	2	circle	none	dif	vert	up	N_dis	(800, 282)	True	140705	141806	up	(800, 450)	testing
2	ss	f	19	2	diamond	red	dif	vert	up	(918, 331)	(681, 568)	True	142973	144173	up	(800, 450)	testing
2	ss	f	19	2	circle	red	same	vert	up	(918, 331)	(681, 568)	True	145463	146221	up	(800, 450)	testing
2	ss	f	19	2	diamond	green	dif	hori	left	(918, 331)	(968, 450)	True	147346	148462	left	(800, 450)	testing
2	ss	f	19	2	diamond	green	dif	vert	up	(632, 450)	(918, 568)	True	149558	150879	up	(800, 450)	testing
2	ss	f	19	2	diamond	green	dif	hori	left	(918, 331)	(968, 450)	True	152042	153630	left	(800, 450)	testing
2	ss	f	19	2	diamond	green	same	hori	left	(918, 331)	(681, 331)	True	154815	155790	left	(800, 450)	testing
2	ss	f	19	2	diamond	green	same	vert	up	(918, 331)	(632, 450)	True	156957	157710	up	(800, 450)	testing
2	ss	f	19	2	diamond	none	dif	hori	left	N_dis	(632, 450)	True	158953	159902	left	(800, 450)	testing
2	ss	f	19	2	diamond	green	same	hori	left	(918, 331)	(632, 450)	True	161133	161806	left	(800, 450)	testing
2	ss	f	19	2	circle	none	dif	vert	up	N_dis	(800, 618)	True	163019	163998	up	(800, 450)	testing
2	ss	f	19	2	circle	none	same	hori	left	N_dis	(968, 450)	True	165155	165983	left	(800, 450)	testing
2	ss	f	19	2	circle	green	same	vert	up	(918, 331)	(681, 331)	True	167115	167790	up	(800, 450)	testing
2	ss	f	19	2	diamond	none	same	hori	left	N_dis	(918, 331)	True	169057	169934	left	(800, 450)	testing
2	ss	f	19	2	circle	none	same	hori	left	N_dis	(632, 450)	True	171103	171790	left	(800, 450)	testing
2	ss	f	19	2	circle	green	dif	vert	up	(918, 331)	(918, 568)	True	172977	174542	up	(800, 450)	testing
2	ss	f	19	2	diamond	none	same	vert	up	N_dis	(918, 568)	True	175712	176638	up	(800, 450)	testing
2	ss	f	19	2	diamond	none	dif	hori	left	N_dis	(918, 331)	True	177697	178878	left	(800, 450)	testing
2	ss	f	19	2	circle	green	same	vert	up	(681, 568)	(800, 618)	True	180108	180846	up	(800, 450)	testing
2	ss	f	19	2	circle	green	same	hori	left	(918, 331)	(800, 282)	True	181969	183085	left	(800, 450)	testing
2	ss	f	19	2	circle	red	dif	vert	up	(968, 450)	(681, 331)	True	184216	185502	up	(800, 450)	testing
2	ss	f	19	2	diamond	none	dif	vert	up	N_dis	(632, 450)	True	186735	187726	up	(800, 450)	testing
2	ss	f	19	2	diamond	red	same	hori	left	(968, 450)	(681, 568)	True	188772	190574	left	(800, 450)	testing
2	ss	f	19	2	circle	none	same	vert	up	N_dis	(918, 331)	True	191626	192718	up	(800, 450)	testing
2	ss	f	19	2	diamond	green	dif	vert	up	(918, 331)	(918, 568)	True	193979	195101	up	(800, 450)	testing
2	ss	f	19	2	circle	none	dif	hori	left	N_dis	(800, 618)	True	196205	197053	left	(800, 450)	testing
2	ss	f	19	2	circle	none	same	vert	up	N_dis	(681, 331)	True	198326	199229	up	(800, 450)	testing
2	ss	f	19	2	diamond	red	same	vert	up	(918, 331)	(681, 568)	True	200322	201454	up	(800, 450)	testing
2	ss	f	19	2	diamond	green	same	hori	left	(918, 331)	(800, 618)	True	202664	203486	left	(800, 450)	testing
2	ss	f	19	2	diamond	red	same	hori	left	(918, 331)	(632, 450)	True	204692	205662	left	(800, 450)	testing
2	ss	f	19	2	circle	red	same	hori	left	(681, 331)	(968, 450)	True	206736	207758	left	(800, 450)	testing
2	ss	f	19	2	circle	red	same	vert	up	(918, 568)	(681, 331)	True	209012	210125	up	(800, 450)	testing
2	ss	f	19	2	diamond	none	same	vert	up	N_dis	(681, 331)	True	211251	212301	up	(800, 450)	testing
2	ss	f	19	2	diamond	green	dif	hori	left	(681, 331)	(800, 618)	True	213517	214718	left	(800, 450)	testing
2	ss	f	19	2	circle	green	dif	vert	up	(918, 568)	(800, 282)	True	215860	217101	up	(800, 450)	testing
2	ss	f	19	2	circle	red	same	vert	up	(681, 331)	(918, 568)	True	218299	219245	up	(800, 450)	testing
2	ss	f	19	2	circle	green	dif	hori	left	(681, 331)	(800, 282)	True	220383	221934	left	(800, 450)	testing
2	ss	f	19	2	diamond	green	dif	hori	left	(918, 331)	(681, 568)	True	223044	224045	left	(800, 450)	testing
2	ss	f	19	2	circle	green	dif	vert	up	(800, 618)	(681, 568)	True	225303	226205	left	(800, 450)	testing
2	ss	f	19	2	diamond	none	same	hori	left	N_dis	(918, 568)	True	228946	230285	left	(800, 450)	testing
2	ss	f	19	2	diamond	red	same	vert	up	(918, 331)	(968, 450)	True	231381	232654	up	(800, 450)	testing
2	ss	f	19	2	diamond	red	same	hori	left	(800, 618)	(918, 568)	True	233772	234750	left	(800, 450)	testing
2	ss	f	19	2	diamond	red	dif	hori	left	(918, 331)	(681, 568)	True	235882	236974	left	(800, 450)	testing
2	ss	f	19	2	diamond	none	dif	vert	up	N_dis	(968, 450)	True	238135	238990	up	(800, 450)	testing
2	ss	f	19	2	circle	none	dif	vert	up	N_dis	(968, 450)	True	240199	241470	up	(800, 450)	testing
2	ss	f	19	2	circle	none	same	vert	up	N_dis	(968, 450)	True	242533	243502	up	(800, 450)	testing
2	ss	f	19	2	diamond	green	same	vert	up	(918, 331)	(800, 282)	True	244764	245646	up	(800, 450)	testing
2	ss	f	19	2	diamond	none	same	hori	left	N_dis	(800, 282)	True	246933	247822	left	(800, 450)	testing
2	ss	f	19	2	circle	none	same	vert	up	N_dis	(681, 331)	True	248973	250526	up	(800, 450)	testing
2	ss	f	19	2	circle	none	same	vert	up	N_dis	(632, 450)	True	251806	253005	up	(800, 450)	testing
2	ss	f	19	2	diamond	red	dif	hori	left	(800, 282)	(681, 331)	True	254115	255309	left	(800, 450)	testing
2	ss	f	19	2	circle	green	same	vert	up	(918, 331)	(800, 282)	True	256367	257726	up	(800, 450)	testing
2	ss	f	19	2	diamond	none	same	hori	left	N_dis	(800, 282)	True	258915	260141	left	(800, 450)	testing
2	ss	f	19	2	circle	red	same	hori	left	(918, 331)	(681, 331)	True	261246	262510	left	(800, 450)	testing
2	ss	f	19	2	circle	none	same	hori	left	N_dis	(681, 331)	True	263676	264734	left	(800, 450)	testing
2	ss	f	19	2	circle	green	same	hori	left	(918, 331)	(681, 331)	True	265839	266782	left	(800, 450)	testing
2	ss	f	19	2	diamond	red	dif	vert	up	(918, 331)	(800, 618)	True	267889	269181	up	(800, 450)	testing
2	ss	f	19	2	circle	green	same	vert	up	(918, 331)	(800, 282)	True	270453	271293	up	(800, 450)	testing
2	ss	f	19	2	circle	red	same	hori	left	(918, 331)	(918, 568)	True	272431	273261	left	(800, 450)	testing
2	ss	f	19	2	circle	green	same	hori	left	(800, 618)	(681, 568)	True	274360	275710	left	(800, 450)	testing
2	ss	f	19	2	diamond	red	same	vert	up	(918, 331)	(681, 331)	True	276800	277582	up	(800, 450)	testing
