subj	name	gender	age	runNum	shape	dist	td_dif	resp	resp_key	d_loc	t_loc	gotKey	startTime	respTime	resp	fix_loc	prac
2	ss	f	19	4	circle	red	dif	vert	up	(632, 450)	(918, 568)	True	7104	8685	up	(800, 450)	testing
2	ss	f	19	4	circle	none	dif	vert	up	N_dis	(681, 568)	True	9810	10621	up	(800, 450)	testing
2	ss	f	19	4	circle	green	dif	vert	up	(918, 568)	(681, 331)	True	11784	12476	up	(800, 450)	testing
2	ss	f	19	4	diamond	none	same	hori	left	N_dis	(918, 568)	True	13676	14588	left	(800, 450)	testing
2	ss	f	19	4	circle	red	dif	vert	up	(632, 450)	(681, 568)	True	15674	16669	up	(800, 450)	testing
2	ss	f	19	4	circle	green	same	hori	left	(632, 450)	(918, 568)	True	17924	19196	left	(800, 450)	testing
2	ss	f	19	4	diamond	red	same	hori	left	(968, 450)	(918, 331)	True	20294	21340	left	(800, 450)	testing
2	ss	f	19	4	circle	red	dif	hori	left	(632, 450)	(800, 282)	True	22559	24220	left	(800, 450)	testing
2	ss	f	19	4	circle	none	dif	hori	left	N_dis	(800, 282)	True	25405	26428	left	(800, 450)	testing
2	ss	f	19	4	circle	green	same	hori	left	(632, 450)	(918, 331)	True	27472	28508	left	(800, 450)	testing
2	ss	f	19	4	circle	none	dif	hori	left	N_dis	(681, 568)	True	29622	30556	left	(800, 450)	testing
2	ss	f	19	4	diamond	red	same	hori	left	(632, 450)	(918, 568)	True	31815	32813	left	(800, 450)	testing
2	ss	f	19	4	circle	none	same	hori	left	N_dis	(800, 618)	True	33931	34669	left	(800, 450)	testing
2	ss	f	19	4	diamond	green	same	vert	up	(681, 568)	(918, 331)	True	35824	37629	up	(800, 450)	testing
2	ss	f	19	4	circle	green	dif	hori	left	(632, 450)	(681, 331)	True	38844	39869	left	(800, 450)	testing
2	ss	f	19	4	circle	green	same	vert	up	(632, 450)	(800, 618)	True	41012	41853	up	(800, 450)	testing
2	ss	f	19	4	diamond	red	dif	hori	left	(800, 618)	(918, 331)	True	42923	44124	left	(800, 450)	testing
2	ss	f	19	4	circle	green	same	vert	up	(968, 450)	(800, 618)	True	45353	46686	up	(800, 450)	testing
2	ss	f	19	4	diamond	red	dif	hori	left	(632, 450)	(800, 618)	True	47895	49020	left	(800, 450)	testing
2	ss	f	19	4	diamond	none	same	vert	up	N_dis	(918, 568)	True	50176	51084	up	(800, 450)	testing
2	ss	f	19	4	diamond	red	dif	hori	left	(632, 450)	(800, 282)	True	52334	53196	left	(800, 450)	testing
2	ss	f	19	4	circle	green	same	vert	up	(918, 331)	(681, 568)	True	54395	55404	up	(800, 450)	testing
2	ss	f	19	4	diamond	green	dif	hori	left	(632, 450)	(968, 450)	True	56585	57580	left	(800, 450)	testing
2	ss	f	19	4	diamond	green	dif	hori	left	(632, 450)	(681, 331)	True	58770	59901	left	(800, 450)	testing
2	ss	f	19	4	circle	red	same	hori	left	(681, 331)	(968, 450)	True	61133	62428	left	(800, 450)	testing
2	ss	f	19	4	circle	green	same	hori	left	(632, 450)	(800, 282)	True	63489	64685	left	(800, 450)	testing
2	ss	f	19	4	circle	green	dif	vert	up	(632, 450)	(681, 568)	True	65975	66989	up	(800, 450)	testing
2	ss	f	19	4	diamond	none	same	vert	up	N_dis	(681, 568)	True	68177	69677	up	(800, 450)	testing
2	ss	f	19	4	diamond	none	dif	hori	left	N_dis	(800, 618)	True	70728	71580	left	(800, 450)	testing
2	ss	f	19	4	circle	red	dif	vert	up	(800, 282)	(968, 450)	True	72645	73757	up	(800, 450)	testing
2	ss	f	19	4	diamond	green	dif	vert	up	(632, 450)	(681, 568)	True	74951	76204	up	(800, 450)	testing
2	ss	f	19	4	circle	green	dif	vert	up	(918, 568)	(918, 331)	True	77423	78572	up	(800, 450)	testing
2	ss	f	19	4	diamond	none	same	hori	left	N_dis	(681, 331)	True	79636	80524	left	(800, 450)	testing
2	ss	f	19	4	circle	none	same	vert	up	N_dis	(918, 568)	True	81578	82317	up	(800, 450)	testing
2	ss	f	19	4	diamond	red	same	hori	left	(632, 450)	(681, 568)	True	83500	84508	left	(800, 450)	testing
2	ss	f	19	4	circle	red	same	vert	up	(800, 618)	(968, 450)	True	85788	86733	up	(800, 450)	testing
2	ss	f	19	4	diamond	red	dif	vert	up	(968, 450)	(681, 331)	True	87832	88717	up	(800, 450)	testing
2	ss	f	19	4	circle	none	dif	hori	left	N_dis	(800, 282)	True	89831	90957	left	(800, 450)	testing
2	ss	f	19	4	diamond	red	same	hori	left	(632, 450)	(800, 282)	True	92110	92861	left	(800, 450)	testing
2	ss	f	19	4	diamond	red	dif	hori	left	(632, 450)	(968, 450)	True	93987	94669	left	(800, 450)	testing
2	ss	f	19	4	circle	red	dif	hori	left	(632, 450)	(681, 331)	True	95774	96829	left	(800, 450)	testing
2	ss	f	19	4	diamond	red	dif	vert	up	(632, 450)	(800, 282)	True	98035	98925	up	(800, 450)	testing
2	ss	f	19	4	diamond	none	dif	vert	up	N_dis	(800, 618)	True	100097	101004	up	(800, 450)	testing
2	ss	f	19	4	diamond	green	dif	hori	left	(632, 450)	(918, 331)	True	102265	103116	left	(800, 450)	testing
2	ss	f	19	4	diamond	red	same	vert	up	(632, 450)	(918, 568)	True	104228	104909	up	(800, 450)	testing
2	ss	f	19	4	diamond	green	dif	vert	up	(632, 450)	(968, 450)	True	106125	106797	up	(800, 450)	testing
2	ss	f	19	4	diamond	red	same	vert	up	(632, 450)	(918, 331)	True	107861	108572	up	(800, 450)	testing
2	ss	f	19	4	circle	none	dif	vert	up	N_dis	(918, 331)	True	109648	110925	up	(800, 450)	testing
2	ss	f	19	4	circle	none	same	hori	left	N_dis	(918, 331)	True	111979	113500	left	(800, 450)	testing
2	ss	f	19	4	diamond	red	same	hori	left	(632, 450)	(918, 331)	True	114662	115645	left	(800, 450)	testing
2	ss	f	19	4	diamond	red	dif	vert	up	(632, 450)	(968, 450)	True	116872	117757	up	(800, 450)	testing
2	ss	f	19	4	circle	none	same	vert	up	N_dis	(968, 450)	True	119035	120076	up	(800, 450)	testing
2	ss	f	19	4	diamond	none	dif	hori	left	N_dis	(968, 450)	True	121287	122092	left	(800, 450)	testing
2	ss	f	19	4	diamond	green	same	hori	left	(800, 618)	(681, 331)	True	123152	124076	left	(800, 450)	testing
2	ss	f	19	4	diamond	none	dif	hori	left	N_dis	(632, 450)	True	125135	126028	left	(800, 450)	testing
2	ss	f	19	4	diamond	green	same	hori	left	(632, 450)	(681, 331)	True	127195	128556	left	(800, 450)	testing
2	ss	f	19	4	diamond	none	dif	hori	left	N_dis	(681, 568)	True	129762	130540	left	(800, 450)	testing
2	ss	f	19	4	circle	red	same	hori	left	(918, 331)	(681, 331)	True	131709	133260	left	(800, 450)	testing
2	ss	f	19	4	circle	red	dif	vert	up	(632, 450)	(681, 568)	True	134305	135404	up	(800, 450)	testing
2	ss	f	19	4	diamond	none	same	hori	left	N_dis	(681, 331)	True	136449	137292	left	(800, 450)	testing
2	ss	f	19	4	diamond	none	same	vert	up	N_dis	(800, 282)	True	138415	139116	up	(800, 450)	testing
2	ss	f	19	4	diamond	none	dif	vert	up	N_dis	(800, 282)	True	140382	141020	up	(800, 450)	testing
2	ss	f	19	4	diamond	none	same	hori	left	N_dis	(918, 331)	True	142065	142989	left	(800, 450)	testing
2	ss	f	19	4	circle	none	same	vert	up	N_dis	(632, 450)	True	144201	145324	up	(800, 450)	testing
2	ss	f	19	4	circle	none	dif	vert	up	N_dis	(918, 331)	True	146379	147997	left	(800, 450)	testing
2	ss	f	19	4	diamond	red	dif	vert	up	(918, 568)	(800, 282)	True	150691	151356	up	(800, 450)	testing
2	ss	f	19	4	circle	none	dif	hori	left	N_dis	(918, 568)	True	152532	153292	left	(800, 450)	testing
2	ss	f	19	4	circle	none	dif	vert	up	N_dis	(681, 568)	True	154371	155517	up	(800, 450)	testing
2	ss	f	19	4	circle	green	dif	vert	up	(681, 568)	(968, 450)	True	156645	157933	up	(800, 450)	testing
2	ss	f	19	4	circle	green	same	vert	up	(632, 450)	(968, 450)	True	159033	159742	up	(800, 450)	testing
2	ss	f	19	4	circle	red	dif	hori	left	(632, 450)	(681, 568)	True	160817	161789	left	(800, 450)	testing
2	ss	f	19	4	circle	green	same	hori	left	(632, 450)	(800, 618)	True	162985	163917	left	(800, 450)	testing
2	ss	f	19	4	diamond	green	same	hori	left	(632, 450)	(968, 450)	True	165157	166588	left	(800, 450)	testing
2	ss	f	19	4	circle	green	same	vert	up	(632, 450)	(800, 618)	True	167718	168797	up	(800, 450)	testing
2	ss	f	19	4	circle	red	same	vert	up	(632, 450)	(800, 282)	True	169982	170637	up	(800, 450)	testing
2	ss	f	19	4	diamond	red	dif	vert	up	(632, 450)	(681, 331)	True	171686	172621	up	(800, 450)	testing
2	ss	f	19	4	diamond	none	dif	vert	up	N_dis	(681, 331)	True	173843	174572	up	(800, 450)	testing
2	ss	f	19	4	diamond	none	same	vert	up	N_dis	(918, 331)	True	175837	176524	up	(800, 450)	testing
2	ss	f	19	4	diamond	green	same	hori	left	(632, 450)	(968, 450)	True	177671	178717	left	(800, 450)	testing
2	ss	f	19	4	diamond	green	same	vert	up	(632, 450)	(918, 331)	True	179852	180557	up	(800, 450)	testing
2	ss	f	19	4	circle	green	dif	hori	left	(632, 450)	(968, 450)	True	181692	182508	left	(800, 450)	testing
2	ss	f	19	4	circle	green	same	hori	left	(681, 331)	(918, 331)	True	183666	184957	left	(800, 450)	testing
2	ss	f	19	4	diamond	red	dif	hori	left	(800, 282)	(800, 618)	True	186018	187100	left	(800, 450)	testing
2	ss	f	19	4	circle	green	dif	hori	left	(800, 618)	(681, 568)	True	188182	189116	up	(800, 450)	testing
2	ss	f	19	4	diamond	green	same	vert	up	(632, 450)	(918, 331)	True	191752	193309	up	(800, 450)	testing
2	ss	f	19	4	diamond	none	same	hori	left	N_dis	(968, 450)	True	194378	195052	left	(800, 450)	testing
2	ss	f	19	4	diamond	green	same	vert	up	(681, 331)	(800, 282)	True	196244	198284	up	(800, 450)	testing
2	ss	f	19	4	circle	none	same	vert	up	N_dis	(632, 450)	True	199419	200444	up	(800, 450)	testing
2	ss	f	19	4	circle	red	same	vert	up	(681, 568)	(800, 618)	True	201612	202669	up	(800, 450)	testing
2	ss	f	19	4	circle	none	same	hori	left	N_dis	(800, 282)	True	203790	204621	left	(800, 450)	testing
2	ss	f	19	4	circle	red	dif	hori	left	(632, 450)	(681, 568)	True	205713	207613	left	(800, 450)	testing
2	ss	f	19	4	circle	none	dif	hori	left	N_dis	(632, 450)	True	208850	209596	left	(800, 450)	testing
2	ss	f	19	4	diamond	red	same	vert	up	(632, 450)	(918, 331)	True	210856	211821	up	(800, 450)	testing
2	ss	f	19	4	diamond	green	dif	vert	up	(632, 450)	(800, 618)	True	212954	214156	up	(800, 450)	testing
2	ss	f	19	4	diamond	none	dif	vert	up	N_dis	(918, 568)	True	215349	216156	up	(800, 450)	testing
2	ss	f	19	4	circle	red	dif	hori	left	(632, 450)	(918, 568)	True	217256	218012	left	(800, 450)	testing
2	ss	f	19	4	circle	none	same	hori	left	N_dis	(800, 618)	True	219139	220300	left	(800, 450)	testing
2	ss	f	19	4	diamond	none	dif	hori	left	N_dis	(968, 450)	True	221478	222460	left	(800, 450)	testing
2	ss	f	19	4	circle	red	dif	vert	up	(632, 450)	(681, 331)	True	223569	224749	up	(800, 450)	testing
2	ss	f	19	4	diamond	green	dif	vert	up	(968, 450)	(681, 568)	True	225811	226717	up	(800, 450)	testing
2	ss	f	19	4	diamond	green	same	hori	left	(632, 450)	(800, 618)	True	227845	228669	left	(800, 450)	testing
2	ss	f	19	4	circle	green	dif	hori	left	(681, 568)	(800, 618)	True	229945	231132	left	(800, 450)	testing
2	ss	f	19	4	circle	red	same	hori	left	(632, 450)	(800, 282)	True	232402	233164	left	(800, 450)	testing
2	ss	f	19	4	circle	red	same	vert	up	(800, 282)	(681, 568)	True	234349	235468	up	(800, 450)	testing
2	ss	f	19	4	circle	red	same	hori	left	(918, 331)	(918, 568)	True	236661	237356	left	(800, 450)	testing
2	ss	f	19	4	diamond	green	dif	hori	left	(632, 450)	(918, 568)	True	238508	239580	left	(800, 450)	testing
2	ss	f	19	4	diamond	green	dif	hori	left	(632, 450)	(968, 450)	True	240625	241532	left	(800, 450)	testing
2	ss	f	19	4	diamond	red	same	vert	up	(632, 450)	(968, 450)	True	242816	243661	up	(800, 450)	testing
2	ss	f	19	4	circle	none	same	hori	left	N_dis	(681, 331)	True	244831	245805	left	(800, 450)	testing
2	ss	f	19	4	diamond	red	same	vert	up	(632, 450)	(800, 618)	True	246872	248236	up	(800, 450)	testing
2	ss	f	19	4	circle	green	dif	vert	up	(632, 450)	(681, 331)	True	249501	250845	up	(800, 450)	testing
2	ss	f	19	4	diamond	green	same	vert	up	(632, 450)	(918, 568)	True	252070	252989	up	(800, 450)	testing
2	ss	f	19	4	diamond	none	same	vert	up	N_dis	(681, 331)	True	254278	255372	up	(800, 450)	testing
2	ss	f	19	4	diamond	none	dif	vert	up	N_dis	(800, 618)	True	256661	257532	up	(800, 450)	testing
2	ss	f	19	4	circle	green	dif	hori	left	(918, 568)	(968, 450)	True	258716	259709	left	(800, 450)	testing
2	ss	f	19	4	circle	red	same	vert	up	(681, 331)	(918, 331)	True	260967	262300	up	(800, 450)	testing
2	ss	f	19	4	circle	none	same	vert	up	N_dis	(968, 450)	True	263464	264316	up	(800, 450)	testing
2	ss	f	19	4	diamond	green	dif	vert	up	(918, 331)	(800, 618)	True	265453	266316	up	(800, 450)	testing
2	ss	f	19	4	circle	none	dif	vert	up	N_dis	(632, 450)	True	267525	268268	up	(800, 450)	testing
2	ss	f	19	4	circle	red	same	hori	left	(800, 282)	(800, 618)	True	269422	270124	left	(800, 450)	testing
