subj	name	gender	age	runNum	shape	dist	td_dif	resp	resp_key	d_loc	t_loc	gotKey	startTime	respTime	resp	fix_loc	prac
2	ss	f	19	10	diamond	none	same	hori	left	N_dis	(968, 450)	True	12401	13533	left	(800, 450)	testing
2	ss	f	19	10	circle	green	dif	hori	left	(918, 568)	(632, 450)	True	14733	16060	left	(800, 450)	testing
2	ss	f	19	10	circle	red	dif	hori	left	(918, 568)	(800, 282)	True	17212	17997	left	(800, 450)	testing
2	ss	f	19	10	diamond	green	same	vert	up	(918, 568)	(918, 331)	True	19072	20028	up	(800, 450)	testing
2	ss	f	19	10	diamond	green	same	vert	up	(918, 568)	(968, 450)	True	21237	21965	up	(800, 450)	testing
2	ss	f	19	10	circle	red	same	vert	up	(918, 568)	(681, 331)	True	23095	24189	up	(800, 450)	testing
2	ss	f	19	10	circle	red	same	vert	up	(918, 568)	(968, 450)	True	25477	26141	up	(800, 450)	testing
2	ss	f	19	10	diamond	green	dif	vert	up	(918, 568)	(681, 568)	True	27262	28605	up	(800, 450)	testing
2	ss	f	19	10	circle	red	same	vert	up	(918, 568)	(632, 450)	True	29689	30477	up	(800, 450)	testing
2	ss	f	19	10	circle	red	same	hori	left	(918, 568)	(632, 450)	True	31522	32781	left	(800, 450)	testing
2	ss	f	19	10	diamond	none	same	vert	up	N_dis	(918, 568)	True	33953	35068	up	(800, 450)	testing
2	ss	f	19	10	diamond	red	same	vert	up	(632, 450)	(681, 331)	True	36123	37437	up	(800, 450)	testing
2	ss	f	19	10	circle	none	same	hori	left	N_dis	(681, 331)	True	38703	39613	left	(800, 450)	testing
2	ss	f	19	10	circle	red	dif	vert	up	(800, 618)	(681, 568)	True	40668	41757	up	(800, 450)	testing
2	ss	f	19	10	circle	red	same	hori	left	(918, 331)	(968, 450)	True	42987	44189	left	(800, 450)	testing
2	ss	f	19	10	diamond	red	same	hori	left	(918, 568)	(968, 450)	True	45434	47197	left	(800, 450)	testing
2	ss	f	19	10	circle	green	same	hori	left	(968, 450)	(681, 568)	True	48358	49469	left	(800, 450)	testing
2	ss	f	19	10	circle	green	same	hori	left	(918, 568)	(681, 331)	True	50703	51517	left	(800, 450)	testing
2	ss	f	19	10	circle	red	dif	vert	up	(918, 568)	(800, 282)	True	52786	54012	up	(800, 450)	testing
2	ss	f	19	10	diamond	red	same	hori	left	(918, 568)	(681, 331)	True	55147	55853	left	(800, 450)	testing
2	ss	f	19	10	diamond	green	dif	hori	left	(800, 282)	(681, 331)	True	57040	57677	left	(800, 450)	testing
2	ss	f	19	10	diamond	green	same	hori	left	(918, 331)	(632, 450)	True	58766	59949	left	(800, 450)	testing
2	ss	f	19	10	circle	red	dif	vert	up	(918, 568)	(918, 331)	True	61136	61917	up	(800, 450)	testing
2	ss	f	19	10	diamond	green	same	hori	left	(918, 568)	(800, 282)	True	63006	63869	left	(800, 450)	testing
2	ss	f	19	10	circle	green	dif	vert	up	(918, 568)	(681, 331)	True	65058	66525	up	(800, 450)	testing
2	ss	f	19	10	diamond	green	dif	hori	left	(632, 450)	(800, 618)	True	67780	69229	left	(800, 450)	testing
2	ss	f	19	10	diamond	green	dif	vert	up	(918, 568)	(800, 282)	True	70314	71309	up	(800, 450)	testing
2	ss	f	19	10	diamond	red	same	hori	left	(918, 568)	(968, 450)	True	72480	73245	left	(800, 450)	testing
2	ss	f	19	10	diamond	none	same	hori	left	N_dis	(632, 450)	True	74302	74925	left	(800, 450)	testing
2	ss	f	19	10	diamond	none	same	hori	left	N_dis	(918, 568)	True	76114	76941	left	(800, 450)	testing
2	ss	f	19	10	diamond	none	dif	hori	left	N_dis	(632, 450)	True	78191	78829	left	(800, 450)	testing
2	ss	f	19	10	circle	none	dif	hori	left	N_dis	(800, 618)	True	80011	80861	left	(800, 450)	testing
2	ss	f	19	10	circle	none	dif	hori	left	N_dis	(968, 450)	True	82076	83133	left	(800, 450)	testing
2	ss	f	19	10	diamond	none	dif	vert	up	N_dis	(800, 282)	True	84371	85277	up	(800, 450)	testing
2	ss	f	19	10	circle	red	same	hori	left	(681, 331)	(800, 618)	True	86545	88044	left	(800, 450)	testing
2	ss	f	19	10	diamond	green	same	vert	up	(918, 568)	(681, 568)	True	89160	90781	up	(800, 450)	testing
2	ss	f	19	10	diamond	none	same	vert	up	N_dis	(800, 618)	True	92030	92941	up	(800, 450)	testing
2	ss	f	19	10	diamond	red	dif	vert	up	(918, 568)	(918, 331)	True	93989	94813	up	(800, 450)	testing
2	ss	f	19	10	diamond	red	dif	vert	up	(918, 568)	(918, 331)	True	96087	96749	up	(800, 450)	testing
2	ss	f	19	10	diamond	green	dif	vert	up	(918, 568)	(632, 450)	True	98018	98957	up	(800, 450)	testing
2	ss	f	19	10	circle	none	same	vert	up	N_dis	(681, 568)	True	100179	101229	up	(800, 450)	testing
2	ss	f	19	10	circle	none	same	vert	up	N_dis	(968, 450)	True	102318	103052	up	(800, 450)	testing
2	ss	f	19	10	circle	none	dif	vert	up	N_dis	(918, 331)	True	104220	105004	up	(800, 450)	testing
2	ss	f	19	10	diamond	green	dif	hori	left	(800, 282)	(632, 450)	True	106291	107645	left	(800, 450)	testing
2	ss	f	19	10	diamond	green	same	hori	left	(800, 618)	(632, 450)	True	108873	109693	left	(800, 450)	testing
2	ss	f	19	10	diamond	green	same	hori	left	(918, 331)	(681, 568)	True	110837	112125	left	(800, 450)	testing
2	ss	f	19	10	circle	green	dif	hori	left	(800, 282)	(968, 450)	True	113355	114429	left	(800, 450)	testing
2	ss	f	19	10	diamond	red	same	vert	up	(968, 450)	(681, 331)	True	115478	116813	up	(800, 450)	testing
2	ss	f	19	10	circle	green	dif	hori	left	(918, 568)	(968, 450)	True	117874	119245	left	(800, 450)	testing
2	ss	f	19	10	diamond	green	same	vert	up	(918, 568)	(681, 331)	True	120497	121357	up	(800, 450)	testing
2	ss	f	19	10	circle	none	dif	hori	left	N_dis	(918, 568)	True	122619	123357	left	(800, 450)	testing
2	ss	f	19	10	diamond	red	same	vert	up	(918, 568)	(681, 568)	True	124572	125469	up	(800, 450)	testing
2	ss	f	19	10	circle	green	same	vert	up	(918, 568)	(681, 331)	True	126616	128012	up	(800, 450)	testing
2	ss	f	19	10	diamond	red	dif	vert	up	(800, 282)	(681, 331)	True	129118	129949	up	(800, 450)	testing
2	ss	f	19	10	diamond	none	dif	hori	left	N_dis	(968, 450)	True	131188	133181	left	(800, 450)	testing
2	ss	f	19	10	circle	none	same	hori	left	N_dis	(681, 568)	True	134290	135725	left	(800, 450)	testing
2	ss	f	19	10	diamond	none	same	hori	left	N_dis	(800, 282)	True	136837	138028	left	(800, 450)	testing
2	ss	f	19	10	circle	green	dif	vert	up	(918, 568)	(800, 618)	True	139194	140909	up	(800, 450)	testing
2	ss	f	19	10	circle	none	same	hori	left	N_dis	(800, 282)	True	142006	143373	left	(800, 450)	testing
2	ss	f	19	10	circle	green	same	hori	left	(918, 568)	(800, 618)	True	144473	145693	left	(800, 450)	testing
2	ss	f	19	10	circle	red	dif	hori	left	(918, 568)	(681, 331)	True	146985	148285	left	(800, 450)	testing
2	ss	f	19	10	circle	none	dif	hori	left	N_dis	(918, 331)	True	149438	150157	left	(800, 450)	testing
2	ss	f	19	10	circle	green	dif	vert	up	(918, 568)	(681, 568)	True	151229	152237	up	(800, 450)	testing
2	ss	f	19	10	diamond	red	same	vert	up	(918, 568)	(800, 618)	True	153434	154621	up	(800, 450)	testing
2	ss	f	19	10	circle	green	same	vert	up	(632, 450)	(968, 450)	True	155750	157197	up	(800, 450)	testing
2	ss	f	19	10	circle	red	dif	vert	up	(918, 568)	(800, 282)	True	158367	160173	up	(800, 450)	testing
2	ss	f	19	10	circle	none	same	vert	up	N_dis	(918, 331)	True	161346	162269	up	(800, 450)	testing
2	ss	f	19	10	diamond	red	dif	hori	left	(918, 568)	(681, 331)	True	163432	164669	left	(800, 450)	testing
2	ss	f	19	10	circle	green	same	vert	up	(918, 568)	(918, 331)	True	165856	167405	up	(800, 450)	testing
2	ss	f	19	10	circle	red	dif	hori	left	(918, 568)	(800, 618)	True	168609	169677	left	(800, 450)	testing
2	ss	f	19	10	circle	red	dif	hori	left	(918, 568)	(800, 618)	True	170801	171709	left	(800, 450)	testing
2	ss	f	19	10	diamond	red	same	hori	left	(800, 618)	(968, 450)	True	172804	174076	left	(800, 450)	testing
2	ss	f	19	10	diamond	none	dif	vert	up	N_dis	(918, 568)	True	175291	176237	up	(800, 450)	testing
2	ss	f	19	10	diamond	none	dif	vert	up	N_dis	(800, 282)	True	177459	178477	up	(800, 450)	testing
2	ss	f	19	10	circle	red	same	hori	left	(918, 568)	(681, 568)	True	179707	181133	left	(800, 450)	testing
2	ss	f	19	10	diamond	red	dif	hori	left	(918, 568)	(800, 282)	True	182299	183036	left	(800, 450)	testing
2	ss	f	19	10	diamond	red	dif	hori	left	(918, 568)	(681, 331)	True	184112	185293	left	(800, 450)	testing
2	ss	f	19	10	diamond	green	same	hori	left	(918, 568)	(800, 282)	True	186352	187325	left	(800, 450)	testing
2	ss	f	19	10	diamond	none	dif	hori	left	N_dis	(800, 618)	True	188409	189197	left	(800, 450)	testing
2	ss	f	19	10	circle	red	same	vert	up	(681, 331)	(632, 450)	True	190270	191421	up	(800, 450)	testing
2	ss	f	19	10	circle	green	dif	vert	up	(681, 331)	(800, 282)	True	192684	193693	up	(800, 450)	testing
2	ss	f	19	10	circle	none	dif	vert	up	N_dis	(681, 568)	True	194769	195597	up	(800, 450)	testing
2	ss	f	19	10	diamond	green	same	vert	up	(918, 568)	(800, 618)	True	196842	197933	up	(800, 450)	testing
2	ss	f	19	10	diamond	red	dif	vert	up	(681, 568)	(800, 618)	True	198981	200028	up	(800, 450)	testing
2	ss	f	19	10	diamond	none	same	vert	up	N_dis	(632, 450)	True	201264	202189	up	(800, 450)	testing
2	ss	f	19	10	circle	green	same	hori	left	(632, 450)	(968, 450)	True	203403	204333	left	(800, 450)	testing
2	ss	f	19	10	diamond	green	dif	vert	up	(918, 568)	(918, 331)	True	205469	206381	up	(800, 450)	testing
2	ss	f	19	10	circle	none	dif	hori	left	N_dis	(681, 331)	True	207483	208173	left	(800, 450)	testing
2	ss	f	19	10	circle	red	same	hori	left	(968, 450)	(632, 450)	True	209232	209885	left	(800, 450)	testing
2	ss	f	19	10	diamond	none	dif	hori	left	N_dis	(918, 331)	True	211092	211821	left	(800, 450)	testing
2	ss	f	19	10	diamond	none	dif	vert	up	N_dis	(968, 450)	True	212980	214044	up	(800, 450)	testing
2	ss	f	19	10	circle	green	dif	hori	left	(918, 568)	(968, 450)	True	215313	216189	up	(800, 450)	testing
2	ss	f	19	10	diamond	none	dif	hori	left	N_dis	(632, 450)	True	218790	219485	left	(800, 450)	testing
2	ss	f	19	10	diamond	green	dif	vert	up	(918, 568)	(800, 618)	True	220735	221533	up	(800, 450)	testing
2	ss	f	19	10	circle	none	dif	vert	up	N_dis	(681, 331)	True	222680	223677	up	(800, 450)	testing
2	ss	f	19	10	diamond	none	same	vert	up	N_dis	(918, 331)	True	224872	225821	up	(800, 450)	testing
2	ss	f	19	10	circle	green	same	hori	left	(681, 568)	(632, 450)	True	227099	228397	left	(800, 450)	testing
2	ss	f	19	10	circle	none	same	vert	up	N_dis	(681, 331)	True	229526	230397	up	(800, 450)	testing
2	ss	f	19	10	diamond	red	dif	hori	left	(918, 568)	(681, 568)	True	231648	233181	left	(800, 450)	testing
2	ss	f	19	10	circle	green	dif	hori	left	(918, 568)	(632, 450)	True	234271	235917	left	(800, 450)	testing
2	ss	f	19	10	circle	none	same	hori	left	N_dis	(800, 618)	True	237156	238028	left	(800, 450)	testing
2	ss	f	19	10	diamond	none	same	hori	left	N_dis	(681, 568)	True	239080	239837	left	(800, 450)	testing
2	ss	f	19	10	circle	none	same	vert	up	N_dis	(681, 568)	True	241053	242125	up	(800, 450)	testing
2	ss	f	19	10	circle	green	same	vert	up	(918, 568)	(918, 331)	True	243383	244557	up	(800, 450)	testing
2	ss	f	19	10	diamond	none	dif	vert	up	N_dis	(800, 282)	True	245650	246461	up	(800, 450)	testing
2	ss	f	19	10	circle	green	same	vert	up	(918, 568)	(681, 568)	True	247622	248637	up	(800, 450)	testing
2	ss	f	19	10	diamond	red	same	vert	up	(918, 568)	(632, 450)	True	249908	250573	up	(800, 450)	testing
2	ss	f	19	10	diamond	red	dif	vert	up	(918, 568)	(968, 450)	True	251754	252541	up	(800, 450)	testing
2	ss	f	19	10	circle	green	dif	vert	up	(918, 568)	(632, 450)	True	253678	254461	up	(800, 450)	testing
2	ss	f	19	10	circle	none	dif	vert	up	N_dis	(632, 450)	True	255701	256365	up	(800, 450)	testing
2	ss	f	19	10	diamond	red	same	hori	left	(800, 618)	(681, 331)	True	257433	258349	left	(800, 450)	testing
2	ss	f	19	10	circle	red	dif	hori	left	(681, 331)	(800, 618)	True	259422	260957	left	(800, 450)	testing
2	ss	f	19	10	diamond	none	same	vert	up	N_dis	(918, 568)	True	262164	262941	up	(800, 450)	testing
2	ss	f	19	10	diamond	red	dif	hori	left	(681, 568)	(800, 282)	True	264232	265149	left	(800, 450)	testing
2	ss	f	19	10	circle	red	same	vert	up	(918, 331)	(632, 450)	True	266212	267341	up	(800, 450)	testing
2	ss	f	19	10	circle	red	dif	vert	up	(681, 568)	(800, 618)	True	268484	269437	up	(800, 450)	testing
2	ss	f	19	10	circle	none	same	hori	left	N_dis	(681, 331)	True	270578	271533	left	(800, 450)	testing
2	ss	f	19	10	circle	none	dif	vert	up	N_dis	(800, 618)	True	272751	273885	up	(800, 450)	testing
2	ss	f	19	10	diamond	green	dif	hori	left	(918, 568)	(681, 331)	True	275027	276109	left	(800, 450)	testing
2	ss	f	19	10	diamond	green	dif	hori	left	(968, 450)	(681, 568)	True	277166	278813	left	(800, 450)	testing
conf	2	ss	f	19	10	0	space	None	None	None	None	None	None	None	None	True	316565	335821	1
