subj	name	gender	age	runNum	shape	dist	td_dif	resp	resp_key	d_loc	t_loc	gotKey	startTime	respTime	resp	fix_loc	prac
2	ss	f	19	9	circle	red	dif	vert	up	(968, 450)	(918, 331)	True	39616	41181	up	(800, 450)	testing
2	ss	f	19	9	circle	red	dif	vert	up	(918, 568)	(800, 282)	True	42276	43485	up	(800, 450)	testing
2	ss	f	19	9	diamond	red	dif	vert	up	(918, 331)	(632, 450)	True	44707	45597	up	(800, 450)	testing
2	ss	f	19	9	diamond	none	same	vert	up	N_dis	(918, 568)	True	46879	47613	up	(800, 450)	testing
2	ss	f	19	9	diamond	red	same	hori	left	(918, 568)	(968, 450)	True	48723	49757	left	(800, 450)	testing
2	ss	f	19	9	diamond	green	same	vert	up	(918, 568)	(681, 568)	True	50928	51998	up	(800, 450)	testing
2	ss	f	19	9	circle	none	dif	hori	left	N_dis	(800, 618)	True	53053	54253	left	(800, 450)	testing
2	ss	f	19	9	circle	none	same	vert	up	N_dis	(918, 568)	True	55538	56397	up	(800, 450)	testing
2	ss	f	19	9	diamond	green	same	hori	left	(918, 568)	(681, 331)	True	57528	58749	left	(800, 450)	testing
2	ss	f	19	9	diamond	red	same	hori	left	(800, 282)	(800, 618)	True	59813	60829	left	(800, 450)	testing
2	ss	f	19	9	diamond	green	same	vert	up	(918, 568)	(800, 618)	True	61955	62989	up	(800, 450)	testing
2	ss	f	19	9	diamond	none	same	hori	left	N_dis	(681, 331)	True	64168	65037	left	(800, 450)	testing
2	ss	f	19	9	circle	none	same	hori	left	N_dis	(800, 618)	True	66160	67053	left	(800, 450)	testing
2	ss	f	19	9	diamond	none	dif	vert	up	N_dis	(632, 450)	True	68188	69053	up	(800, 450)	testing
2	ss	f	19	9	diamond	red	same	hori	left	(800, 282)	(632, 450)	True	70305	71228	left	(800, 450)	testing
2	ss	f	19	9	diamond	red	same	vert	up	(918, 568)	(681, 331)	True	72504	73485	up	(800, 450)	testing
2	ss	f	19	9	circle	red	same	vert	up	(968, 450)	(800, 282)	True	74772	75902	up	(800, 450)	testing
2	ss	f	19	9	circle	red	same	vert	up	(918, 568)	(681, 568)	True	77192	78349	up	(800, 450)	testing
2	ss	f	19	9	circle	none	dif	hori	left	N_dis	(918, 568)	True	79453	80333	left	(800, 450)	testing
2	ss	f	19	9	circle	green	same	hori	left	(968, 450)	(800, 282)	True	81403	82333	left	(800, 450)	testing
2	ss	f	19	9	diamond	red	dif	vert	up	(681, 331)	(681, 568)	True	83391	84525	up	(800, 450)	testing
2	ss	f	19	9	diamond	none	dif	hori	left	N_dis	(968, 450)	True	85648	86509	left	(800, 450)	testing
2	ss	f	19	9	circle	red	same	hori	left	(918, 568)	(800, 282)	True	87734	89293	left	(800, 450)	testing
2	ss	f	19	9	circle	red	same	hori	left	(918, 568)	(681, 331)	True	90400	91485	left	(800, 450)	testing
2	ss	f	19	9	circle	green	same	hori	left	(918, 568)	(968, 450)	True	92627	93421	left	(800, 450)	testing
2	ss	f	19	9	circle	red	same	hori	left	(800, 618)	(968, 450)	True	94544	95245	left	(800, 450)	testing
2	ss	f	19	9	circle	green	dif	vert	up	(918, 568)	(800, 282)	True	96459	97453	up	(800, 450)	testing
2	ss	f	19	9	circle	red	dif	hori	left	(918, 568)	(681, 568)	True	98629	99789	left	(800, 450)	testing
2	ss	f	19	9	diamond	green	same	vert	up	(918, 568)	(800, 282)	True	101077	102125	up	(800, 450)	testing
2	ss	f	19	9	circle	green	dif	vert	up	(918, 568)	(632, 450)	True	103201	104493	up	(800, 450)	testing
2	ss	f	19	9	circle	none	same	hori	left	N_dis	(681, 331)	True	105646	106957	left	(800, 450)	testing
2	ss	f	19	9	circle	none	same	hori	left	N_dis	(632, 450)	True	108092	109036	left	(800, 450)	testing
2	ss	f	19	9	circle	green	same	hori	left	(632, 450)	(800, 282)	True	110238	111404	left	(800, 450)	testing
2	ss	f	19	9	diamond	red	dif	hori	left	(632, 450)	(681, 331)	True	112463	113982	left	(800, 450)	testing
2	ss	f	19	9	circle	red	dif	hori	left	(681, 331)	(632, 450)	True	115250	116237	left	(800, 450)	testing
2	ss	f	19	9	diamond	red	dif	hori	left	(918, 568)	(632, 450)	True	117464	118541	left	(800, 450)	testing
2	ss	f	19	9	diamond	none	dif	hori	left	N_dis	(800, 282)	True	119593	120460	left	(800, 450)	testing
2	ss	f	19	9	circle	none	same	vert	up	N_dis	(632, 450)	True	121724	122717	up	(800, 450)	testing
2	ss	f	19	9	diamond	green	same	hori	left	(918, 568)	(681, 331)	True	123811	125084	left	(800, 450)	testing
2	ss	f	19	9	diamond	green	same	hori	left	(800, 618)	(918, 331)	True	126328	127117	left	(800, 450)	testing
2	ss	f	19	9	circle	none	same	hori	left	N_dis	(800, 618)	True	128168	129421	left	(800, 450)	testing
2	ss	f	19	9	diamond	green	dif	vert	up	(918, 568)	(800, 618)	True	130536	131453	up	(800, 450)	testing
2	ss	f	19	9	diamond	red	dif	hori	left	(800, 282)	(681, 331)	True	132609	133902	left	(800, 450)	testing
2	ss	f	19	9	circle	green	same	vert	up	(918, 568)	(800, 282)	True	134986	136413	up	(800, 450)	testing
2	ss	f	19	9	circle	red	same	hori	left	(800, 618)	(681, 331)	True	137571	138765	left	(800, 450)	testing
2	ss	f	19	9	circle	green	same	vert	up	(918, 568)	(800, 282)	True	139914	140733	up	(800, 450)	testing
2	ss	f	19	9	diamond	red	same	hori	left	(918, 568)	(681, 331)	True	141787	142653	left	(800, 450)	testing
2	ss	f	19	9	circle	red	dif	vert	up	(918, 568)	(918, 331)	True	143945	145036	up	(800, 450)	testing
2	ss	f	19	9	circle	green	same	hori	left	(681, 568)	(800, 282)	True	146113	147116	left	(800, 450)	testing
2	ss	f	19	9	diamond	none	same	hori	left	N_dis	(681, 568)	True	148234	149181	left	(800, 450)	testing
2	ss	f	19	9	diamond	none	same	hori	left	N_dis	(800, 618)	True	150407	151149	left	(800, 450)	testing
2	ss	f	19	9	diamond	red	same	hori	left	(918, 568)	(681, 568)	True	152389	153437	left	(800, 450)	testing
2	ss	f	19	9	diamond	green	dif	hori	left	(918, 568)	(681, 568)	True	154587	155228	left	(800, 450)	testing
2	ss	f	19	9	diamond	none	same	vert	up	N_dis	(918, 331)	True	156333	157325	up	(800, 450)	testing
2	ss	f	19	9	diamond	none	same	vert	up	N_dis	(918, 568)	True	158614	159340	up	(800, 450)	testing
2	ss	f	19	9	diamond	green	dif	hori	left	(918, 568)	(918, 331)	True	160625	161870	left	(800, 450)	testing
2	ss	f	19	9	diamond	none	dif	vert	up	N_dis	(800, 282)	True	163025	163692	up	(800, 450)	testing
2	ss	f	19	9	circle	green	dif	vert	up	(918, 568)	(918, 331)	True	164784	165966	up	(800, 450)	testing
2	ss	f	19	9	diamond	none	same	vert	up	N_dis	(681, 568)	True	167070	167934	up	(800, 450)	testing
2	ss	f	19	9	diamond	none	dif	vert	up	N_dis	(632, 450)	True	169215	169982	up	(800, 450)	testing
2	ss	f	19	9	circle	red	dif	hori	left	(918, 568)	(800, 618)	True	171131	172477	left	(800, 450)	testing
2	ss	f	19	9	circle	none	same	vert	up	N_dis	(681, 331)	True	173661	174765	up	(800, 450)	testing
2	ss	f	19	9	diamond	green	same	vert	up	(918, 568)	(968, 450)	True	175817	176830	up	(800, 450)	testing
2	ss	f	19	9	circle	none	dif	hori	left	N_dis	(800, 618)	True	177947	178878	left	(800, 450)	testing
2	ss	f	19	9	circle	green	dif	hori	left	(681, 568)	(800, 618)	True	180090	181548	up	(800, 450)	testing
2	ss	f	19	9	circle	green	dif	hori	left	(918, 331)	(632, 450)	True	184262	185357	left	(800, 450)	testing
2	ss	f	19	9	circle	red	dif	hori	left	(918, 568)	(681, 568)	True	186428	187565	left	(800, 450)	testing
2	ss	f	19	9	diamond	green	dif	vert	up	(918, 568)	(681, 331)	True	188734	190540	up	(800, 450)	testing
2	ss	f	19	9	diamond	none	dif	hori	left	N_dis	(800, 282)	True	191688	192492	left	(800, 450)	testing
2	ss	f	19	9	diamond	none	dif	hori	left	N_dis	(681, 331)	True	193762	194733	left	(800, 450)	testing
2	ss	f	19	9	diamond	none	dif	hori	left	N_dis	(681, 331)	True	195936	197069	left	(800, 450)	testing
2	ss	f	19	9	diamond	none	same	hori	left	N_dis	(800, 282)	True	198236	199037	left	(800, 450)	testing
2	ss	f	19	9	circle	green	dif	hori	left	(800, 618)	(632, 450)	True	200116	201293	left	(800, 450)	testing
2	ss	f	19	9	circle	none	same	vert	up	N_dis	(918, 331)	True	202505	203325	up	(800, 450)	testing
2	ss	f	19	9	diamond	green	same	vert	up	(918, 568)	(632, 450)	True	204451	205357	up	(800, 450)	testing
2	ss	f	19	9	circle	green	same	vert	up	(918, 568)	(800, 618)	True	206428	207565	up	(800, 450)	testing
2	ss	f	19	9	circle	red	dif	hori	left	(632, 450)	(800, 282)	True	208802	209934	left	(800, 450)	testing
2	ss	f	19	9	circle	green	dif	vert	up	(918, 568)	(918, 331)	True	211070	212653	up	(800, 450)	testing
2	ss	f	19	9	circle	green	dif	hori	left	(918, 568)	(632, 450)	True	213909	215117	left	(800, 450)	testing
2	ss	f	19	9	circle	green	same	vert	up	(918, 568)	(968, 450)	True	216254	217149	up	(800, 450)	testing
2	ss	f	19	9	circle	red	same	vert	up	(918, 568)	(681, 331)	True	218299	219085	up	(800, 450)	testing
2	ss	f	19	9	diamond	none	same	hori	left	N_dis	(918, 568)	True	220194	221965	left	(800, 450)	testing
2	ss	f	19	9	diamond	green	dif	hori	left	(632, 450)	(681, 568)	True	223014	224205	left	(800, 450)	testing
2	ss	f	19	9	circle	none	dif	vert	up	N_dis	(681, 568)	True	225379	226493	up	(800, 450)	testing
2	ss	f	19	9	diamond	none	dif	vert	up	N_dis	(681, 568)	True	227730	229117	up	(800, 450)	testing
2	ss	f	19	9	circle	none	same	hori	left	N_dis	(681, 568)	True	230174	231165	left	(800, 450)	testing
2	ss	f	19	9	circle	none	dif	hori	left	N_dis	(800, 282)	True	232317	233229	left	(800, 450)	testing
2	ss	f	19	9	circle	none	dif	vert	up	N_dis	(918, 331)	True	234315	235357	up	(800, 450)	testing
2	ss	f	19	9	diamond	green	same	hori	left	(918, 568)	(918, 331)	True	236502	237517	left	(800, 450)	testing
2	ss	f	19	9	diamond	red	same	vert	up	(681, 568)	(632, 450)	True	238571	240029	up	(800, 450)	testing
2	ss	f	19	9	circle	red	same	vert	up	(918, 568)	(800, 618)	True	241267	242829	up	(800, 450)	testing
2	ss	f	19	9	diamond	green	dif	vert	up	(918, 568)	(800, 282)	True	243874	245741	up	(800, 450)	testing
2	ss	f	19	9	diamond	green	dif	hori	left	(918, 568)	(681, 331)	True	246954	248445	left	(800, 450)	testing
2	ss	f	19	9	diamond	red	same	vert	up	(800, 282)	(918, 331)	True	249580	250733	up	(800, 450)	testing
2	ss	f	19	9	circle	red	same	hori	left	(918, 568)	(918, 331)	True	251901	253533	left	(800, 450)	testing
2	ss	f	19	9	circle	none	dif	vert	up	N_dis	(918, 331)	True	254651	256077	up	(800, 450)	testing
2	ss	f	19	9	circle	none	dif	vert	up	N_dis	(968, 450)	True	257215	258749	up	(800, 450)	testing
2	ss	f	19	9	circle	green	same	vert	up	(918, 568)	(968, 450)	True	260036	261565	up	(800, 450)	testing
2	ss	f	19	9	circle	red	same	vert	up	(918, 568)	(632, 450)	True	262638	263517	up	(800, 450)	testing
2	ss	f	19	9	circle	none	dif	hori	left	N_dis	(968, 450)	True	264744	266093	left	(800, 450)	testing
2	ss	f	19	9	circle	red	dif	vert	up	(918, 568)	(968, 450)	True	267340	269052	up	(800, 450)	testing
2	ss	f	19	9	diamond	red	dif	hori	left	(681, 331)	(968, 450)	True	270101	272381	left	(800, 450)	testing
2	ss	f	19	9	diamond	red	same	vert	up	(918, 568)	(918, 331)	True	273605	274797	up	(800, 450)	testing
2	ss	f	19	9	diamond	green	dif	vert	up	(918, 331)	(800, 618)	True	276016	277309	up	(800, 450)	testing
2	ss	f	19	9	circle	none	dif	vert	up	N_dis	(632, 450)	True	278369	280188	up	(800, 450)	testing
2	ss	f	19	9	circle	none	same	vert	up	N_dis	(968, 450)	True	281294	282013	up	(800, 450)	testing
2	ss	f	19	9	diamond	red	dif	vert	up	(918, 568)	(632, 450)	True	283104	284157	up	(800, 450)	testing
2	ss	f	19	9	diamond	red	dif	vert	up	(681, 568)	(800, 282)	True	285381	286317	up	(800, 450)	testing
2	ss	f	19	9	diamond	green	same	hori	left	(918, 568)	(968, 450)	True	287419	288285	left	(800, 450)	testing
2	ss	f	19	9	diamond	green	dif	vert	up	(918, 568)	(681, 331)	True	289375	290141	up	(800, 450)	testing
2	ss	f	19	9	diamond	red	dif	vert	up	(968, 450)	(800, 282)	True	291283	291966	up	(800, 450)	testing
2	ss	f	19	9	circle	green	dif	vert	up	(918, 568)	(800, 618)	True	293141	294413	up	(800, 450)	testing
2	ss	f	19	9	diamond	none	same	vert	up	N_dis	(918, 331)	True	295481	296301	up	(800, 450)	testing
2	ss	f	19	9	circle	green	dif	hori	left	(918, 331)	(632, 450)	True	297359	298173	left	(800, 450)	testing
2	ss	f	19	9	diamond	red	dif	hori	left	(918, 568)	(800, 618)	True	299300	300541	left	(800, 450)	testing
2	ss	f	19	9	circle	red	dif	vert	up	(918, 568)	(632, 450)	True	301586	303005	up	(800, 450)	testing
2	ss	f	19	9	circle	green	same	hori	left	(918, 568)	(681, 331)	True	304138	305229	left	(800, 450)	testing
2	ss	f	19	9	diamond	green	dif	hori	left	(918, 568)	(681, 568)	True	306383	307998	up	(800, 450)	testing
2	ss	f	19	9	diamond	red	same	vert	up	(681, 331)	(800, 282)	True	310798	311934	up	(800, 450)	testing
2	ss	f	19	9	diamond	none	dif	vert	up	N_dis	(968, 450)	True	313126	313806	up	(800, 450)	testing
