subj	name	gender	age	runNum	shape	dist	td_dif	resp	resp_key	d_loc	t_loc	gotKey	startTime	respTime	resp	fix_loc	prac
3	jy	f	20	3	diamond	red	dif	vert	up	(415, 480)	(415, 287)	True	87984	88957	up	(512, 384)	testing
3	jy	f	20	3	circle	red	dif	hori	left	(415, 480)	(376, 384)	True	90098	91189	left	(512, 384)	testing
3	jy	f	20	3	circle	none	dif	vert	up	N_dis	(608, 480)	True	92346	93578	up	(512, 384)	testing
3	jy	f	20	3	diamond	green	same	vert	up	(415, 480)	(648, 384)	True	94675	95551	up	(512, 384)	testing
3	jy	f	20	3	circle	green	same	vert	up	(415, 480)	(608, 480)	True	96801	97945	up	(512, 384)	testing
3	jy	f	20	3	diamond	red	dif	hori	left	(648, 384)	(608, 480)	True	99079	100120	left	(512, 384)	testing
3	jy	f	20	3	diamond	none	same	vert	up	N_dis	(648, 384)	True	101365	102166	up	(512, 384)	testing
3	jy	f	20	3	diamond	none	dif	vert	up	N_dis	(512, 520)	True	103207	104004	up	(512, 384)	testing
3	jy	f	20	3	diamond	green	same	vert	up	(415, 480)	(376, 384)	True	105218	106585	up	(512, 384)	testing
3	jy	f	20	3	circle	red	dif	vert	up	(415, 480)	(415, 287)	True	107820	109300	up	(512, 384)	testing
3	jy	f	20	3	circle	red	same	hori	left	(415, 480)	(608, 287)	True	110497	111702	left	(512, 384)	testing
3	jy	f	20	3	diamond	green	dif	vert	up	(648, 384)	(415, 287)	True	112867	114151	up	(512, 384)	testing
3	jy	f	20	3	circle	green	dif	hori	left	(415, 480)	(648, 384)	True	115287	116700	left	(512, 384)	testing
3	jy	f	20	3	circle	green	dif	hori	left	(415, 480)	(648, 384)	True	117755	119095	left	(512, 384)	testing
3	jy	f	20	3	diamond	red	dif	vert	up	(415, 480)	(608, 480)	True	120173	121550	up	(512, 384)	testing
3	jy	f	20	3	diamond	none	same	vert	up	N_dis	(415, 287)	True	122740	123711	up	(512, 384)	testing
3	jy	f	20	3	circle	red	dif	hori	left	(512, 248)	(415, 287)	True	124768	126284	left	(512, 384)	testing
3	jy	f	20	3	circle	none	same	vert	up	N_dis	(608, 480)	True	127319	128247	up	(512, 384)	testing
3	jy	f	20	3	circle	none	dif	vert	up	N_dis	(415, 480)	True	129326	130763	up	(512, 384)	testing
3	jy	f	20	3	circle	green	same	vert	up	(415, 480)	(608, 287)	True	131857	133075	up	(512, 384)	testing
3	jy	f	20	3	circle	none	same	hori	left	N_dis	(415, 480)	True	134258	135485	left	(512, 384)	testing
3	jy	f	20	3	diamond	green	dif	vert	up	(415, 480)	(376, 384)	True	136555	138062	up	(512, 384)	testing
3	jy	f	20	3	diamond	none	dif	hori	left	N_dis	(608, 287)	True	139333	140522	left	(512, 384)	testing
3	jy	f	20	3	diamond	red	same	vert	up	(415, 480)	(512, 520)	True	141579	143086	up	(512, 384)	testing
3	jy	f	20	3	circle	red	same	vert	up	(415, 480)	(512, 248)	True	144327	145262	up	(512, 384)	testing
3	jy	f	20	3	circle	green	same	vert	up	(415, 287)	(376, 384)	True	146441	147626	up	(512, 384)	testing
3	jy	f	20	3	diamond	red	same	hori	left	(415, 480)	(415, 287)	True	148855	150259	left	(512, 384)	testing
3	jy	f	20	3	circle	none	same	vert	up	N_dis	(415, 287)	True	151282	153619	up	(512, 384)	testing
3	jy	f	20	3	circle	green	dif	hori	left	(415, 480)	(415, 287)	True	154891	155860	left	(512, 384)	testing
3	jy	f	20	3	circle	none	dif	hori	left	N_dis	(512, 520)	True	156978	157963	left	(512, 384)	testing
3	jy	f	20	3	diamond	red	dif	hori	left	(415, 480)	(608, 287)	True	159106	160264	left	(512, 384)	testing
3	jy	f	20	3	circle	red	dif	vert	up	(415, 287)	(512, 520)	True	161459	162423	up	(512, 384)	testing
3	jy	f	20	3	circle	green	same	hori	left	(415, 287)	(512, 248)	True	163590	165185	left	(512, 384)	testing
3	jy	f	20	3	circle	green	same	hori	left	(415, 480)	(415, 287)	True	166295	167202	left	(512, 384)	testing
3	jy	f	20	3	circle	red	dif	vert	up	(415, 480)	(512, 248)	True	168418	169749	up	(512, 384)	testing
3	jy	f	20	3	diamond	green	dif	hori	left	(415, 480)	(608, 480)	True	170889	172143	left	(512, 384)	testing
3	jy	f	20	3	diamond	none	same	hori	left	N_dis	(608, 287)	True	173305	174351	left	(512, 384)	testing
3	jy	f	20	3	circle	red	same	vert	up	(415, 480)	(648, 384)	True	175582	177317	up	(512, 384)	testing
3	jy	f	20	3	diamond	red	dif	vert	up	(415, 480)	(512, 248)	True	178340	179600	up	(512, 384)	testing
3	jy	f	20	3	diamond	none	same	hori	left	N_dis	(512, 520)	True	180733	181853	left	(512, 384)	testing
3	jy	f	20	3	circle	none	dif	vert	up	N_dis	(648, 384)	True	182972	183936	up	(512, 384)	testing
3	jy	f	20	3	diamond	red	same	vert	up	(648, 384)	(608, 287)	True	185102	186561	up	(512, 384)	testing
3	jy	f	20	3	circle	green	dif	vert	up	(415, 480)	(608, 480)	True	187640	188914	up	(512, 384)	testing
3	jy	f	20	3	diamond	green	same	hori	left	(415, 480)	(512, 520)	True	190163	191938	left	(512, 384)	testing
3	jy	f	20	3	circle	red	same	vert	up	(415, 480)	(512, 520)	True	193136	194301	up	(512, 384)	testing
3	jy	f	20	3	circle	red	same	hori	left	(415, 480)	(512, 520)	True	195334	196906	left	(512, 384)	testing
3	jy	f	20	3	diamond	green	dif	hori	left	(415, 480)	(608, 287)	True	198174	199676	left	(512, 384)	testing
3	jy	f	20	3	diamond	none	same	hori	left	N_dis	(512, 248)	True	200748	202150	left	(512, 384)	testing
3	jy	f	20	3	circle	green	dif	vert	up	(415, 480)	(512, 248)	True	203192	204586	up	(512, 384)	testing
3	jy	f	20	3	diamond	green	dif	vert	up	(512, 248)	(608, 287)	True	205819	207548	up	(512, 384)	testing
3	jy	f	20	3	diamond	none	dif	vert	up	N_dis	(608, 287)	True	208798	210273	up	(512, 384)	testing
3	jy	f	20	3	diamond	none	dif	vert	up	N_dis	(415, 287)	True	211445	212387	up	(512, 384)	testing
3	jy	f	20	3	diamond	red	same	hori	left	(415, 480)	(512, 520)	True	213520	214800	left	(512, 384)	testing
3	jy	f	20	3	circle	none	same	hori	left	N_dis	(608, 480)	True	215955	217416	left	(512, 384)	testing
3	jy	f	20	3	circle	red	dif	vert	up	(415, 480)	(512, 248)	True	218450	219594	up	(512, 384)	testing
3	jy	f	20	3	diamond	green	same	hori	left	(608, 287)	(648, 384)	True	220808	222287	left	(512, 384)	testing
3	jy	f	20	3	diamond	red	same	vert	up	(415, 480)	(512, 248)	True	223410	225063	up	(512, 384)	testing
3	jy	f	20	3	circle	green	same	vert	up	(415, 480)	(376, 384)	True	226162	227202	up	(512, 384)	testing
3	jy	f	20	3	diamond	none	same	vert	up	N_dis	(648, 384)	True	228446	229789	up	(512, 384)	testing
3	jy	f	20	3	diamond	green	same	hori	left	(608, 480)	(648, 384)	True	230958	232368	left	(512, 384)	testing
3	jy	f	20	3	diamond	none	same	hori	left	N_dis	(415, 480)	True	233594	235056	left	(512, 384)	testing
3	jy	f	20	3	circle	none	same	vert	up	N_dis	(376, 384)	True	236120	237617	up	(512, 384)	testing
3	jy	f	20	3	circle	none	same	hori	left	N_dis	(376, 384)	True	238644	239808	left	(512, 384)	testing
3	jy	f	20	3	diamond	none	same	vert	up	N_dis	(648, 384)	True	240977	241887	up	(512, 384)	testing
3	jy	f	20	3	circle	none	dif	vert	up	N_dis	(415, 287)	True	242995	244001	up	(512, 384)	testing
3	jy	f	20	3	diamond	none	dif	hori	left	N_dis	(376, 384)	True	245043	246126	left	(512, 384)	testing
3	jy	f	20	3	diamond	green	dif	hori	left	(376, 384)	(648, 384)	True	247275	248140	left	(512, 384)	testing
3	jy	f	20	3	circle	green	dif	vert	up	(512, 248)	(415, 287)	True	249171	251104	up	(512, 384)	testing
3	jy	f	20	3	diamond	green	same	hori	left	(608, 480)	(376, 384)	True	252312	253150	left	(512, 384)	testing
3	jy	f	20	3	diamond	green	dif	vert	up	(608, 480)	(648, 384)	True	254351	255508	up	(512, 384)	testing
3	jy	f	20	3	circle	none	same	hori	left	N_dis	(415, 287)	True	256613	258318	left	(512, 384)	testing
3	jy	f	20	3	diamond	red	same	hori	left	(415, 480)	(608, 287)	True	259489	260670	left	(512, 384)	testing
3	jy	f	20	3	circle	none	dif	hori	left	N_dis	(608, 480)	True	261694	262925	left	(512, 384)	testing
3	jy	f	20	3	diamond	green	dif	vert	up	(415, 480)	(376, 384)	True	264086	264925	up	(512, 384)	testing
3	jy	f	20	3	diamond	red	same	vert	up	(608, 287)	(648, 384)	True	265985	267439	up	(512, 384)	testing
3	jy	f	20	3	diamond	red	dif	hori	left	(608, 287)	(512, 248)	True	268584	269676	left	(512, 384)	testing
3	jy	f	20	3	circle	red	same	vert	up	(376, 384)	(608, 287)	True	270779	272105	up	(512, 384)	testing
3	jy	f	20	3	diamond	none	dif	vert	up	N_dis	(415, 480)	True	273163	273986	up	(512, 384)	testing
3	jy	f	20	3	diamond	green	same	vert	up	(415, 480)	(608, 287)	True	275021	276177	up	(512, 384)	testing
3	jy	f	20	3	diamond	green	dif	hori	left	(608, 287)	(608, 480)	True	277247	278456	left	(512, 384)	testing
3	jy	f	20	3	diamond	red	dif	hori	left	(648, 384)	(512, 248)	True	279671	280605	left	(512, 384)	testing
3	jy	f	20	3	diamond	none	same	vert	up	N_dis	(608, 287)	True	281669	282688	up	(512, 384)	testing
3	jy	f	20	3	circle	red	dif	vert	up	(415, 480)	(608, 480)	True	283925	284947	up	(512, 384)	testing
3	jy	f	20	3	diamond	red	dif	hori	left	(512, 520)	(512, 248)	True	286078	286902	left	(512, 384)	testing
3	jy	f	20	3	circle	red	same	hori	left	(608, 480)	(648, 384)	True	287934	289015	left	(512, 384)	testing
3	jy	f	20	3	circle	none	dif	vert	up	N_dis	(512, 248)	True	290188	291738	up	(512, 384)	testing
3	jy	f	20	3	circle	red	same	hori	left	(415, 480)	(415, 287)	True	292953	294170	left	(512, 384)	testing
3	jy	f	20	3	circle	red	dif	hori	left	(376, 384)	(415, 287)	True	295251	296122	left	(512, 384)	testing
3	jy	f	20	3	diamond	red	same	hori	left	(415, 480)	(648, 384)	True	297353	298252	left	(512, 384)	testing
3	jy	f	20	3	circle	red	dif	hori	left	(415, 480)	(608, 480)	True	299357	300130	left	(512, 384)	testing
3	jy	f	20	3	circle	none	same	vert	up	N_dis	(376, 384)	True	301400	302247	up	(512, 384)	testing
3	jy	f	20	3	circle	green	same	hori	left	(415, 480)	(648, 384)	True	303444	304174	left	(512, 384)	testing
3	jy	f	20	3	diamond	red	dif	vert	up	(512, 520)	(608, 480)	True	305399	306376	up	(512, 384)	testing
3	jy	f	20	3	circle	none	dif	hori	left	N_dis	(648, 384)	True	307454	308205	left	(512, 384)	testing
3	jy	f	20	3	circle	green	same	hori	left	(415, 480)	(512, 520)	True	309274	310299	left	(512, 384)	testing
3	jy	f	20	3	circle	green	dif	hori	left	(512, 520)	(648, 384)	True	311332	312271	left	(512, 384)	testing
3	jy	f	20	3	diamond	green	dif	hori	left	(415, 287)	(512, 248)	True	313320	314923	left	(512, 384)	testing
3	jy	f	20	3	diamond	none	same	hori	left	N_dis	(512, 248)	True	316092	317300	left	(512, 384)	testing
3	jy	f	20	3	circle	red	same	hori	left	(415, 480)	(512, 248)	True	318477	319589	left	(512, 384)	testing
3	jy	f	20	3	diamond	none	dif	hori	left	N_dis	(608, 287)	True	320623	322222	left	(512, 384)	testing
3	jy	f	20	3	circle	green	dif	hori	left	(415, 480)	(376, 384)	True	323476	325262	left	(512, 384)	testing
3	jy	f	20	3	circle	none	same	hori	left	N_dis	(415, 480)	True	326485	328736	left	(512, 384)	testing
3	jy	f	20	3	diamond	none	dif	hori	left	N_dis	(512, 248)	True	329917	331127	left	(512, 384)	testing
3	jy	f	20	3	diamond	red	dif	vert	up	(415, 480)	(608, 287)	True	332149	333167	up	(512, 384)	testing
3	jy	f	20	3	circle	none	same	vert	up	N_dis	(512, 520)	True	334252	335369	up	(512, 384)	testing
3	jy	f	20	3	circle	red	dif	hori	left	(415, 480)	(415, 287)	True	336429	337823	left	(512, 384)	testing
3	jy	f	20	3	diamond	none	dif	hori	left	N_dis	(608, 480)	True	338895	340089	left	(512, 384)	testing
3	jy	f	20	3	circle	green	same	vert	up	(512, 520)	(648, 384)	True	341261	342960	up	(512, 384)	testing
3	jy	f	20	3	circle	none	dif	hori	left	N_dis	(512, 248)	True	344075	345039	left	(512, 384)	testing
3	jy	f	20	3	diamond	green	same	vert	up	(415, 480)	(608, 287)	True	346247	347935	up	(512, 384)	testing
3	jy	f	20	3	diamond	none	dif	vert	up	N_dis	(376, 384)	True	349151	350296	up	(512, 384)	testing
3	jy	f	20	3	circle	green	dif	vert	up	(415, 480)	(648, 384)	True	351512	352644	up	(512, 384)	testing
3	jy	f	20	3	circle	none	dif	hori	left	N_dis	(512, 520)	True	353702	354866	left	(512, 384)	testing
3	jy	f	20	3	diamond	red	same	vert	up	(415, 480)	(512, 520)	True	356106	357926	up	(512, 384)	testing
3	jy	f	20	3	circle	green	same	hori	left	(512, 248)	(512, 520)	True	359010	360825	left	(512, 384)	testing
3	jy	f	20	3	diamond	red	same	hori	left	(415, 480)	(608, 287)	True	362060	363186	left	(512, 384)	testing
3	jy	f	20	3	circle	green	dif	vert	up	(415, 480)	(608, 480)	True	364273	365194	up	(512, 384)	testing
3	jy	f	20	3	diamond	green	same	hori	left	(415, 480)	(608, 287)	True	366297	367291	left	(512, 384)	testing
3	jy	f	20	3	circle	red	same	vert	up	(376, 384)	(512, 248)	True	368506	370428	up	(512, 384)	testing
3	jy	f	20	3	diamond	green	same	vert	up	(415, 480)	(376, 384)	True	371502	372841	up	(512, 384)	testing
