subj	name	gender	age	runNum	shape	dist	td_dif	resp	resp_key	d_loc	t_loc	gotKey	startTime	respTime	resp	fix_loc	prac
3	jy	f	20	10	circle	green	same	hori	left	(608, 480)	(512, 248)	True	42550	43571	left	(512, 384)	testing
3	jy	f	20	10	diamond	none	same	hori	left	N_dis	(376, 384)	True	44632	45364	left	(512, 384)	testing
3	jy	f	20	10	circle	green	dif	vert	up	(648, 384)	(512, 248)	True	46487	47441	up	(512, 384)	testing
3	jy	f	20	10	diamond	none	dif	vert	up	N_dis	(415, 480)	True	48557	49456	up	(512, 384)	testing
3	jy	f	20	10	diamond	red	same	hori	left	(608, 287)	(415, 480)	True	50614	51494	left	(512, 384)	testing
3	jy	f	20	10	circle	green	dif	hori	left	(415, 287)	(608, 480)	True	52623	53761	left	(512, 384)	testing
3	jy	f	20	10	diamond	red	same	vert	up	(648, 384)	(608, 287)	True	54839	55662	up	(512, 384)	testing
3	jy	f	20	10	diamond	none	same	vert	up	N_dis	(648, 384)	True	56893	57736	up	(512, 384)	testing
3	jy	f	20	10	diamond	green	dif	vert	up	(648, 384)	(512, 520)	True	58888	59819	up	(512, 384)	testing
3	jy	f	20	10	circle	red	same	vert	up	(648, 384)	(608, 480)	True	60890	62057	up	(512, 384)	testing
3	jy	f	20	10	circle	red	dif	hori	left	(608, 287)	(512, 520)	True	63313	64299	left	(512, 384)	testing
3	jy	f	20	10	circle	red	dif	hori	left	(648, 384)	(608, 287)	True	65489	66541	left	(512, 384)	testing
3	jy	f	20	10	circle	red	same	vert	up	(415, 287)	(415, 480)	True	67757	68670	up	(512, 384)	testing
3	jy	f	20	10	circle	none	dif	hori	left	N_dis	(415, 480)	True	69785	70610	left	(512, 384)	testing
3	jy	f	20	10	diamond	red	same	hori	left	(648, 384)	(415, 480)	True	71726	72457	left	(512, 384)	testing
3	jy	f	20	10	circle	none	same	hori	left	N_dis	(415, 287)	True	73573	74625	left	(512, 384)	testing
3	jy	f	20	10	circle	none	dif	vert	up	N_dis	(648, 384)	True	75721	76573	up	(512, 384)	testing
3	jy	f	20	10	diamond	red	dif	vert	up	(648, 384)	(376, 384)	True	77619	78522	up	(512, 384)	testing
3	jy	f	20	10	circle	green	dif	hori	left	(648, 384)	(376, 384)	True	79637	80601	left	(512, 384)	testing
3	jy	f	20	10	diamond	green	same	vert	up	(648, 384)	(608, 287)	True	81821	82812	up	(512, 384)	testing
3	jy	f	20	10	circle	green	same	hori	left	(648, 384)	(415, 287)	True	83887	84897	left	(512, 384)	testing
3	jy	f	20	10	circle	green	same	vert	up	(648, 384)	(415, 480)	True	86082	87086	up	(512, 384)	testing
3	jy	f	20	10	circle	red	dif	hori	left	(648, 384)	(415, 287)	True	88300	89089	left	(512, 384)	testing
3	jy	f	20	10	diamond	none	same	vert	up	N_dis	(608, 287)	True	90352	91217	up	(512, 384)	testing
3	jy	f	20	10	circle	red	dif	vert	up	(648, 384)	(415, 480)	True	92449	93628	up	(512, 384)	testing
3	jy	f	20	10	circle	none	dif	vert	up	N_dis	(512, 520)	True	94725	95483	up	(512, 384)	testing
3	jy	f	20	10	diamond	none	same	vert	up	N_dis	(512, 248)	True	96691	97764	up	(512, 384)	testing
3	jy	f	20	10	diamond	red	dif	vert	up	(648, 384)	(376, 384)	True	98921	100298	up	(512, 384)	testing
3	jy	f	20	10	circle	green	dif	hori	left	(648, 384)	(415, 287)	True	101444	102546	left	(512, 384)	testing
3	jy	f	20	10	circle	none	same	hori	left	N_dis	(608, 287)	True	103771	104779	left	(512, 384)	testing
3	jy	f	20	10	circle	none	same	hori	left	N_dis	(608, 480)	True	106017	107193	left	(512, 384)	testing
3	jy	f	20	10	diamond	green	same	vert	up	(415, 480)	(415, 287)	True	108339	109668	up	(512, 384)	testing
3	jy	f	20	10	circle	none	same	vert	up	N_dis	(512, 520)	True	110779	111807	up	(512, 384)	testing
3	jy	f	20	10	circle	green	same	vert	up	(648, 384)	(376, 384)	True	112852	113813	up	(512, 384)	testing
3	jy	f	20	10	circle	none	same	hori	left	N_dis	(512, 248)	True	114845	115711	left	(512, 384)	testing
3	jy	f	20	10	diamond	green	dif	hori	left	(608, 480)	(415, 287)	True	116898	118011	left	(512, 384)	testing
3	jy	f	20	10	circle	none	dif	vert	up	N_dis	(648, 384)	True	119079	120105	up	(512, 384)	testing
3	jy	f	20	10	diamond	none	dif	vert	up	N_dis	(608, 287)	True	121248	122387	up	(512, 384)	testing
3	jy	f	20	10	diamond	none	dif	hori	left	N_dis	(415, 287)	True	123472	124939	left	(512, 384)	testing
3	jy	f	20	10	circle	green	same	hori	left	(512, 248)	(415, 480)	True	125988	127006	left	(512, 384)	testing
3	jy	f	20	10	circle	green	dif	vert	up	(648, 384)	(512, 520)	True	128060	129548	up	(512, 384)	testing
3	jy	f	20	10	diamond	none	same	hori	left	N_dis	(648, 384)	True	130761	131602	left	(512, 384)	testing
3	jy	f	20	10	diamond	green	dif	vert	up	(648, 384)	(608, 480)	True	132762	133704	up	(512, 384)	testing
3	jy	f	20	10	diamond	red	same	hori	left	(608, 287)	(608, 480)	True	134959	135985	left	(512, 384)	testing
3	jy	f	20	10	circle	green	dif	vert	up	(415, 480)	(608, 287)	True	137159	137897	up	(512, 384)	testing
3	jy	f	20	10	diamond	red	dif	hori	left	(648, 384)	(376, 384)	True	138961	139738	left	(512, 384)	testing
3	jy	f	20	10	circle	none	dif	hori	left	N_dis	(415, 480)	True	140904	141875	up	(512, 384)	testing
3	jy	f	20	10	diamond	none	dif	hori	left	N_dis	(415, 287)	True	144578	145353	left	(512, 384)	testing
3	jy	f	20	10	diamond	red	dif	hori	left	(512, 520)	(608, 480)	True	146446	148167	left	(512, 384)	testing
3	jy	f	20	10	diamond	red	dif	hori	left	(512, 520)	(376, 384)	True	149326	150691	left	(512, 384)	testing
3	jy	f	20	10	circle	green	same	vert	up	(648, 384)	(415, 287)	True	151862	153165	up	(512, 384)	testing
3	jy	f	20	10	circle	none	same	vert	up	N_dis	(376, 384)	True	154368	155274	up	(512, 384)	testing
3	jy	f	20	10	diamond	green	dif	vert	up	(415, 480)	(376, 384)	True	156345	157342	up	(512, 384)	testing
3	jy	f	20	10	circle	green	dif	vert	up	(376, 384)	(608, 480)	True	158533	159393	up	(512, 384)	testing
3	jy	f	20	10	diamond	none	dif	hori	left	N_dis	(608, 480)	True	160473	161256	left	(512, 384)	testing
3	jy	f	20	10	diamond	red	same	vert	up	(648, 384)	(512, 248)	True	162521	163254	up	(512, 384)	testing
3	jy	f	20	10	circle	red	dif	vert	up	(648, 384)	(512, 248)	True	164326	165168	up	(512, 384)	testing
3	jy	f	20	10	diamond	green	same	hori	left	(648, 384)	(608, 287)	True	166432	167511	left	(512, 384)	testing
3	jy	f	20	10	circle	red	same	hori	left	(648, 384)	(512, 248)	True	168728	169528	left	(512, 384)	testing
3	jy	f	20	10	circle	red	same	hori	left	(648, 384)	(512, 248)	True	170576	171232	left	(512, 384)	testing
3	jy	f	20	10	diamond	green	dif	vert	up	(648, 384)	(512, 248)	True	172339	173471	left	(512, 384)	testing
3	jy	f	20	10	circle	red	same	vert	up	(512, 248)	(376, 384)	True	176219	177549	up	(512, 384)	testing
3	jy	f	20	10	circle	none	same	vert	up	N_dis	(608, 480)	True	178621	180008	up	(512, 384)	testing
3	jy	f	20	10	diamond	green	dif	hori	left	(648, 384)	(415, 480)	True	181227	182168	left	(512, 384)	testing
3	jy	f	20	10	diamond	red	dif	vert	up	(512, 520)	(608, 480)	True	183372	184595	up	(512, 384)	testing
3	jy	f	20	10	diamond	none	dif	hori	left	N_dis	(415, 287)	True	185799	186654	left	(512, 384)	testing
3	jy	f	20	10	circle	none	dif	vert	up	N_dis	(512, 520)	True	187855	188828	up	(512, 384)	testing
3	jy	f	20	10	diamond	none	same	hori	left	N_dis	(648, 384)	True	189983	190754	left	(512, 384)	testing
3	jy	f	20	10	diamond	green	same	hori	left	(648, 384)	(512, 520)	True	191922	192944	left	(512, 384)	testing
3	jy	f	20	10	circle	red	same	vert	up	(648, 384)	(608, 480)	True	194128	196365	up	(512, 384)	testing
3	jy	f	20	10	diamond	red	same	hori	left	(648, 384)	(608, 287)	True	197421	198439	left	(512, 384)	testing
3	jy	f	20	10	diamond	none	same	hori	left	N_dis	(608, 480)	True	199534	200334	left	(512, 384)	testing
3	jy	f	20	10	diamond	red	same	vert	up	(648, 384)	(376, 384)	True	201542	202473	up	(512, 384)	testing
3	jy	f	20	10	diamond	red	dif	vert	up	(648, 384)	(608, 480)	True	203582	204331	up	(512, 384)	testing
3	jy	f	20	10	diamond	red	same	hori	left	(415, 480)	(608, 287)	True	205547	206422	left	(512, 384)	testing
3	jy	f	20	10	circle	green	dif	hori	left	(648, 384)	(512, 520)	True	207553	208359	left	(512, 384)	testing
3	jy	f	20	10	circle	none	same	vert	up	N_dis	(512, 248)	True	209622	210775	up	(512, 384)	testing
3	jy	f	20	10	circle	green	same	hori	left	(648, 384)	(376, 384)	True	211948	212928	left	(512, 384)	testing
3	jy	f	20	10	circle	green	same	hori	left	(376, 384)	(608, 287)	True	214088	214945	left	(512, 384)	testing
3	jy	f	20	10	diamond	green	same	vert	up	(512, 520)	(415, 287)	True	216169	217257	up	(512, 384)	testing
3	jy	f	20	10	circle	red	same	vert	up	(415, 287)	(512, 248)	True	218404	219627	up	(512, 384)	testing
3	jy	f	20	10	diamond	green	same	hori	left	(648, 384)	(608, 287)	True	220786	221996	left	(512, 384)	testing
3	jy	f	20	10	diamond	green	same	vert	up	(648, 384)	(608, 480)	True	223205	224511	up	(512, 384)	testing
3	jy	f	20	10	circle	green	same	vert	up	(608, 480)	(415, 480)	True	225708	227058	up	(512, 384)	testing
3	jy	f	20	10	diamond	green	dif	hori	left	(648, 384)	(512, 248)	True	228165	229695	left	(512, 384)	testing
3	jy	f	20	10	diamond	green	same	hori	left	(512, 248)	(608, 480)	True	230891	232281	left	(512, 384)	testing
3	jy	f	20	10	circle	red	dif	vert	up	(648, 384)	(415, 480)	True	233403	234406	up	(512, 384)	testing
3	jy	f	20	10	diamond	red	dif	hori	left	(648, 384)	(512, 520)	True	235659	237244	left	(512, 384)	testing
3	jy	f	20	10	diamond	green	dif	vert	up	(648, 384)	(376, 384)	True	238451	239572	up	(512, 384)	testing
3	jy	f	20	10	diamond	red	dif	vert	up	(648, 384)	(376, 384)	True	240638	241788	up	(512, 384)	testing
3	jy	f	20	10	circle	none	same	vert	up	N_dis	(376, 384)	True	242996	244062	up	(512, 384)	testing
3	jy	f	20	10	diamond	red	dif	hori	left	(608, 287)	(415, 287)	True	245209	246879	left	(512, 384)	testing
3	jy	f	20	10	diamond	none	dif	vert	up	N_dis	(512, 520)	True	248099	249264	up	(512, 384)	testing
3	jy	f	20	10	diamond	green	same	vert	up	(512, 248)	(415, 287)	True	250498	251470	up	(512, 384)	testing
3	jy	f	20	10	circle	red	dif	hori	left	(648, 384)	(415, 287)	True	252679	253666	left	(512, 384)	testing
3	jy	f	20	10	circle	green	dif	hori	left	(648, 384)	(415, 480)	True	254692	255709	left	(512, 384)	testing
3	jy	f	20	10	circle	none	dif	hori	left	N_dis	(512, 248)	True	256960	257723	left	(512, 384)	testing
3	jy	f	20	10	diamond	none	dif	hori	left	N_dis	(608, 287)	True	258780	259632	left	(512, 384)	testing
3	jy	f	20	10	diamond	none	same	vert	up	N_dis	(415, 287)	True	260807	261478	up	(512, 384)	testing
3	jy	f	20	10	circle	green	same	vert	up	(648, 384)	(608, 480)	True	262545	263601	up	(512, 384)	testing
3	jy	f	20	10	diamond	green	dif	hori	left	(608, 480)	(512, 248)	True	264733	265461	left	(512, 384)	testing
3	jy	f	20	10	diamond	none	dif	vert	up	N_dis	(608, 287)	True	266563	268280	up	(512, 384)	testing
3	jy	f	20	10	circle	red	same	hori	left	(648, 384)	(608, 480)	True	269328	270151	left	(512, 384)	testing
3	jy	f	20	10	diamond	green	same	hori	left	(376, 384)	(512, 248)	True	271189	271896	left	(512, 384)	testing
3	jy	f	20	10	circle	red	dif	vert	up	(648, 384)	(415, 287)	True	273024	273834	up	(512, 384)	testing
3	jy	f	20	10	circle	none	dif	vert	up	N_dis	(415, 480)	True	274919	275667	up	(512, 384)	testing
3	jy	f	20	10	diamond	green	dif	hori	left	(376, 384)	(415, 287)	True	276815	277869	left	(512, 384)	testing
3	jy	f	20	10	circle	red	same	hori	left	(648, 384)	(415, 480)	True	279057	279755	left	(512, 384)	testing
3	jy	f	20	10	diamond	none	dif	vert	up	N_dis	(415, 480)	True	280833	281659	up	(512, 384)	testing
3	jy	f	20	10	diamond	red	same	vert	up	(415, 287)	(376, 384)	True	282796	284412	up	(512, 384)	testing
3	jy	f	20	10	circle	none	dif	hori	left	N_dis	(376, 384)	True	285473	286708	left	(512, 384)	testing
3	jy	f	20	10	circle	red	dif	vert	up	(648, 384)	(415, 287)	True	287933	288648	up	(512, 384)	testing
3	jy	f	20	10	diamond	none	same	hori	left	N_dis	(512, 520)	True	289697	290449	left	(512, 384)	testing
3	jy	f	20	10	circle	red	same	hori	left	(648, 384)	(376, 384)	True	291575	292243	left	(512, 384)	testing
3	jy	f	20	10	circle	green	dif	vert	up	(648, 384)	(512, 520)	True	293511	294432	up	(512, 384)	testing
3	jy	f	20	10	diamond	red	same	vert	up	(648, 384)	(512, 520)	True	295555	296648	up	(512, 384)	testing
3	jy	f	20	10	circle	none	same	hori	left	N_dis	(608, 480)	True	297867	298651	left	(512, 384)	testing
3	jy	f	20	10	diamond	none	same	vert	up	N_dis	(376, 384)	True	299735	300531	up	(512, 384)	testing
3	jy	f	20	10	circle	none	dif	hori	left	N_dis	(512, 248)	True	301620	302335	left	(512, 384)	testing
3	jy	f	20	10	circle	red	dif	hori	left	(648, 384)	(608, 287)	True	303372	304169	left	(512, 384)	testing
conf	3	jy	f	20	10	7	7	4	4	4	4	4	4	space	None	True	348859	358664	2
