subj	name	gender	age	runNum	shape	dist	td_dif	resp	resp_key	d_loc	t_loc	gotKey	startTime	respTime	resp	fix_loc	prac
3	jy	f	20	5	circle	green	same	vert	up	(415, 287)	(648, 384)	True	98625	99761	up	(512, 384)	testing
3	jy	f	20	5	circle	none	same	hori	left	N_dis	(512, 248)	True	100944	102225	left	(512, 384)	testing
3	jy	f	20	5	circle	none	dif	hori	left	N_dis	(608, 287)	True	103433	104293	left	(512, 384)	testing
3	jy	f	20	5	diamond	none	same	hori	left	N_dis	(512, 520)	True	105339	106291	left	(512, 384)	testing
3	jy	f	20	5	diamond	red	same	vert	up	(415, 480)	(512, 520)	True	107539	108621	up	(512, 384)	testing
3	jy	f	20	5	diamond	green	dif	vert	up	(415, 480)	(608, 480)	True	109792	110780	up	(512, 384)	testing
3	jy	f	20	5	circle	green	same	vert	up	(415, 480)	(512, 248)	True	111870	113414	up	(512, 384)	testing
3	jy	f	20	5	diamond	green	dif	hori	left	(415, 287)	(512, 520)	True	114572	115505	left	(512, 384)	testing
3	jy	f	20	5	circle	red	same	vert	up	(648, 384)	(376, 384)	True	116717	117679	up	(512, 384)	testing
3	jy	f	20	5	circle	green	dif	vert	up	(415, 480)	(376, 384)	True	118872	119924	up	(512, 384)	testing
3	jy	f	20	5	diamond	red	same	vert	up	(648, 384)	(608, 480)	True	121187	122720	up	(512, 384)	testing
3	jy	f	20	5	circle	red	same	vert	up	(415, 480)	(648, 384)	True	123973	124956	up	(512, 384)	testing
3	jy	f	20	5	circle	none	dif	vert	up	N_dis	(512, 248)	True	126151	127229	up	(512, 384)	testing
3	jy	f	20	5	diamond	green	dif	vert	up	(415, 480)	(415, 287)	True	128484	129749	up	(512, 384)	testing
3	jy	f	20	5	circle	none	same	hori	left	N_dis	(376, 384)	True	130812	131871	left	(512, 384)	testing
3	jy	f	20	5	diamond	red	dif	hori	left	(415, 480)	(512, 520)	True	133065	134108	left	(512, 384)	testing
3	jy	f	20	5	circle	red	dif	hori	left	(415, 480)	(608, 480)	True	135224	136346	left	(512, 384)	testing
3	jy	f	20	5	diamond	none	same	vert	up	N_dis	(512, 520)	True	137386	139526	up	(512, 384)	testing
3	jy	f	20	5	circle	green	same	hori	left	(376, 384)	(512, 248)	True	140652	142504	left	(512, 384)	testing
3	jy	f	20	5	diamond	none	same	hori	left	N_dis	(648, 384)	True	143646	144746	left	(512, 384)	testing
3	jy	f	20	5	diamond	red	dif	vert	up	(415, 480)	(648, 384)	True	145990	146825	up	(512, 384)	testing
3	jy	f	20	5	circle	green	same	vert	up	(608, 480)	(376, 384)	True	147960	148902	up	(512, 384)	testing
3	jy	f	20	5	circle	green	dif	hori	left	(415, 480)	(512, 248)	True	150160	151061	left	(512, 384)	testing
3	jy	f	20	5	circle	red	dif	hori	left	(415, 480)	(512, 248)	True	152153	153284	left	(512, 384)	testing
3	jy	f	20	5	diamond	none	same	vert	up	N_dis	(415, 480)	True	154409	155406	up	(512, 384)	testing
3	jy	f	20	5	diamond	red	same	hori	left	(512, 520)	(648, 384)	True	156491	157730	left	(512, 384)	testing
3	jy	f	20	5	diamond	red	dif	vert	up	(512, 248)	(512, 520)	True	158988	160267	up	(512, 384)	testing
3	jy	f	20	5	diamond	green	same	vert	up	(415, 480)	(512, 248)	True	161464	162770	up	(512, 384)	testing
3	jy	f	20	5	diamond	red	dif	hori	left	(415, 480)	(608, 287)	True	164041	164904	left	(512, 384)	testing
3	jy	f	20	5	circle	red	same	vert	up	(512, 248)	(648, 384)	True	166117	167028	up	(512, 384)	testing
3	jy	f	20	5	circle	red	dif	hori	left	(415, 480)	(648, 384)	True	168228	169260	left	(512, 384)	testing
3	jy	f	20	5	diamond	green	dif	vert	up	(415, 480)	(376, 384)	True	170480	171985	up	(512, 384)	testing
3	jy	f	20	5	circle	none	same	hori	left	N_dis	(648, 384)	True	173149	174026	left	(512, 384)	testing
3	jy	f	20	5	circle	red	dif	hori	left	(415, 287)	(608, 287)	True	175287	176411	left	(512, 384)	testing
3	jy	f	20	5	circle	none	dif	vert	up	N_dis	(415, 287)	True	177467	178627	up	(512, 384)	testing
3	jy	f	20	5	circle	red	same	hori	left	(415, 480)	(512, 520)	True	179798	180755	left	(512, 384)	testing
3	jy	f	20	5	circle	none	dif	hori	left	N_dis	(608, 480)	True	181853	182932	left	(512, 384)	testing
3	jy	f	20	5	circle	none	same	hori	left	N_dis	(376, 384)	True	184203	185531	left	(512, 384)	testing
3	jy	f	20	5	diamond	none	dif	vert	up	N_dis	(415, 287)	True	186739	188071	up	(512, 384)	testing
3	jy	f	20	5	circle	none	same	vert	up	N_dis	(608, 287)	True	189201	190262	up	(512, 384)	testing
3	jy	f	20	5	circle	none	same	vert	up	N_dis	(512, 248)	True	191296	192336	up	(512, 384)	testing
3	jy	f	20	5	circle	none	dif	hori	left	N_dis	(415, 480)	True	193457	194760	left	(512, 384)	testing
3	jy	f	20	5	diamond	none	dif	vert	up	N_dis	(512, 520)	True	195873	197009	up	(512, 384)	testing
3	jy	f	20	5	diamond	red	dif	hori	left	(512, 248)	(608, 287)	True	198237	199379	left	(512, 384)	testing
3	jy	f	20	5	diamond	none	dif	hori	left	N_dis	(608, 287)	True	200551	201692	left	(512, 384)	testing
3	jy	f	20	5	diamond	green	same	hori	left	(608, 287)	(648, 384)	True	202914	204397	left	(512, 384)	testing
3	jy	f	20	5	circle	green	same	vert	up	(415, 480)	(415, 287)	True	205490	206976	up	(512, 384)	testing
3	jy	f	20	5	diamond	green	same	vert	up	(608, 480)	(512, 248)	True	208073	209269	up	(512, 384)	testing
3	jy	f	20	5	circle	red	dif	vert	up	(415, 480)	(648, 384)	True	210372	211597	up	(512, 384)	testing
3	jy	f	20	5	diamond	red	dif	vert	up	(415, 480)	(376, 384)	True	212821	213958	up	(512, 384)	testing
3	jy	f	20	5	circle	none	dif	hori	left	N_dis	(608, 480)	True	215095	216100	left	(512, 384)	testing
3	jy	f	20	5	circle	green	dif	hori	left	(415, 480)	(608, 287)	True	217275	218407	left	(512, 384)	testing
3	jy	f	20	5	diamond	red	dif	hori	left	(415, 480)	(512, 248)	True	219610	222194	left	(512, 384)	testing
3	jy	f	20	5	circle	green	same	hori	left	(608, 480)	(648, 384)	True	223446	224748	left	(512, 384)	testing
3	jy	f	20	5	circle	green	dif	vert	up	(512, 248)	(415, 287)	True	225818	226922	up	(512, 384)	testing
3	jy	f	20	5	diamond	none	same	vert	up	N_dis	(376, 384)	True	227963	229226	up	(512, 384)	testing
3	jy	f	20	5	diamond	red	same	vert	up	(415, 480)	(415, 287)	True	230408	232158	up	(512, 384)	testing
3	jy	f	20	5	diamond	green	same	hori	left	(415, 480)	(608, 287)	True	233247	234346	left	(512, 384)	testing
3	jy	f	20	5	diamond	green	same	hori	left	(415, 480)	(376, 384)	True	235409	236963	left	(512, 384)	testing
3	jy	f	20	5	diamond	red	dif	vert	up	(415, 480)	(608, 287)	True	238129	239341	up	(512, 384)	testing
3	jy	f	20	5	diamond	none	dif	hori	left	N_dis	(415, 287)	True	240570	241489	left	(512, 384)	testing
3	jy	f	20	5	diamond	none	same	vert	up	N_dis	(608, 287)	True	242539	243367	up	(512, 384)	testing
3	jy	f	20	5	diamond	none	same	hori	left	N_dis	(648, 384)	True	244552	245546	left	(512, 384)	testing
3	jy	f	20	5	diamond	red	same	hori	left	(415, 480)	(608, 287)	True	246795	247737	left	(512, 384)	testing
3	jy	f	20	5	diamond	red	dif	vert	up	(512, 520)	(512, 248)	True	248893	250234	up	(512, 384)	testing
3	jy	f	20	5	diamond	green	dif	vert	up	(415, 480)	(608, 480)	True	251289	252260	up	(512, 384)	testing
3	jy	f	20	5	circle	green	same	hori	left	(415, 480)	(415, 287)	True	253503	255164	left	(512, 384)	testing
3	jy	f	20	5	diamond	none	same	hori	left	N_dis	(608, 480)	True	256419	257338	left	(512, 384)	testing
3	jy	f	20	5	circle	red	same	vert	up	(512, 520)	(415, 287)	True	258385	259562	up	(512, 384)	testing
3	jy	f	20	5	diamond	none	dif	vert	up	N_dis	(415, 287)	True	260718	262162	up	(512, 384)	testing
3	jy	f	20	5	circle	red	same	hori	left	(415, 480)	(376, 384)	True	263340	264466	left	(512, 384)	testing
3	jy	f	20	5	circle	none	same	hori	left	N_dis	(415, 480)	True	265697	266941	left	(512, 384)	testing
3	jy	f	20	5	diamond	green	dif	hori	left	(415, 480)	(608, 480)	True	268151	269362	left	(512, 384)	testing
3	jy	f	20	5	circle	none	same	vert	up	N_dis	(376, 384)	True	270453	272044	up	(512, 384)	testing
3	jy	f	20	5	circle	red	dif	vert	up	(415, 480)	(648, 384)	True	273169	274139	up	(512, 384)	testing
3	jy	f	20	5	diamond	none	dif	hori	left	N_dis	(608, 287)	True	275345	276787	left	(512, 384)	testing
3	jy	f	20	5	circle	green	same	hori	left	(608, 480)	(512, 520)	True	277972	279042	left	(512, 384)	testing
3	jy	f	20	5	circle	green	dif	hori	left	(415, 480)	(608, 287)	True	280245	281080	left	(512, 384)	testing
3	jy	f	20	5	diamond	green	same	vert	up	(648, 384)	(608, 480)	True	282114	283216	up	(512, 384)	testing
3	jy	f	20	5	circle	red	dif	vert	up	(415, 480)	(415, 287)	True	284412	285364	up	(512, 384)	testing
3	jy	f	20	5	circle	red	dif	vert	up	(415, 480)	(648, 384)	True	286616	287711	up	(512, 384)	testing
3	jy	f	20	5	circle	green	dif	hori	left	(415, 480)	(608, 480)	True	288792	289848	left	(512, 384)	testing
3	jy	f	20	5	diamond	none	dif	hori	left	N_dis	(376, 384)	True	291100	292169	left	(512, 384)	testing
3	jy	f	20	5	circle	red	dif	hori	left	(608, 287)	(512, 520)	True	293326	294305	left	(512, 384)	testing
3	jy	f	20	5	diamond	none	same	hori	left	N_dis	(415, 287)	True	295457	296725	left	(512, 384)	testing
3	jy	f	20	5	circle	green	dif	hori	left	(415, 480)	(608, 287)	True	297931	299325	left	(512, 384)	testing
3	jy	f	20	5	circle	green	dif	vert	up	(415, 480)	(415, 287)	True	300597	301549	up	(512, 384)	testing
3	jy	f	20	5	diamond	green	same	vert	up	(415, 480)	(415, 287)	True	302805	304454	up	(512, 384)	testing
3	jy	f	20	5	diamond	green	dif	hori	left	(415, 480)	(376, 384)	True	305515	306457	left	(512, 384)	testing
3	jy	f	20	5	circle	green	dif	vert	up	(415, 480)	(608, 480)	True	307492	308693	up	(512, 384)	testing
3	jy	f	20	5	diamond	none	same	vert	up	N_dis	(608, 480)	True	309874	310881	up	(512, 384)	testing
3	jy	f	20	5	circle	none	same	vert	up	N_dis	(512, 520)	True	312090	312938	up	(512, 384)	testing
3	jy	f	20	5	circle	green	same	vert	up	(415, 480)	(608, 480)	True	314003	314759	up	(512, 384)	testing
3	jy	f	20	5	circle	red	same	vert	up	(415, 480)	(512, 520)	True	315988	316819	up	(512, 384)	testing
3	jy	f	20	5	diamond	green	dif	hori	left	(608, 287)	(512, 520)	True	317869	318936	left	(512, 384)	testing
3	jy	f	20	5	circle	none	same	vert	up	N_dis	(512, 248)	True	320180	321048	up	(512, 384)	testing
3	jy	f	20	5	circle	red	same	hori	left	(608, 287)	(512, 248)	True	322077	323430	left	(512, 384)	testing
3	jy	f	20	5	diamond	red	same	vert	up	(415, 480)	(608, 287)	True	324459	325380	up	(512, 384)	testing
3	jy	f	20	5	diamond	red	same	hori	left	(415, 480)	(512, 248)	True	326647	327826	left	(512, 384)	testing
3	jy	f	20	5	circle	none	dif	vert	up	N_dis	(512, 520)	True	329084	330090	up	(512, 384)	testing
3	jy	f	20	5	diamond	green	same	hori	left	(376, 384)	(608, 287)	True	331343	332540	left	(512, 384)	testing
3	jy	f	20	5	circle	none	dif	hori	left	N_dis	(415, 480)	True	333710	334733	up	(512, 384)	testing
3	jy	f	20	5	diamond	green	same	hori	left	(415, 480)	(608, 287)	True	337447	338919	left	(512, 384)	testing
3	jy	f	20	5	circle	red	dif	vert	up	(415, 287)	(512, 520)	True	340076	341795	up	(512, 384)	testing
3	jy	f	20	5	diamond	red	same	vert	up	(376, 384)	(512, 248)	True	342896	344625	up	(512, 384)	testing
3	jy	f	20	5	diamond	red	same	hori	left	(512, 520)	(415, 287)	True	345776	346701	left	(512, 384)	testing
3	jy	f	20	5	diamond	green	dif	vert	up	(648, 384)	(512, 248)	True	347898	349440	up	(512, 384)	testing
3	jy	f	20	5	circle	none	dif	vert	up	N_dis	(648, 384)	True	350505	351551	up	(512, 384)	testing
3	jy	f	20	5	diamond	green	dif	hori	left	(415, 480)	(512, 520)	True	352606	353844	left	(512, 384)	testing
3	jy	f	20	5	circle	green	same	hori	left	(376, 384)	(512, 248)	True	354982	355955	left	(512, 384)	testing
3	jy	f	20	5	diamond	none	dif	vert	up	N_dis	(648, 384)	True	357000	357967	up	(512, 384)	testing
3	jy	f	20	5	diamond	red	same	hori	left	(415, 480)	(608, 287)	True	358995	359905	left	(512, 384)	testing
3	jy	f	20	5	diamond	green	same	vert	up	(415, 480)	(512, 520)	True	361156	362956	up	(512, 384)	testing
3	jy	f	20	5	diamond	none	dif	hori	left	N_dis	(512, 248)	True	364071	364911	left	(512, 384)	testing
3	jy	f	20	5	diamond	red	dif	hori	left	(415, 480)	(512, 248)	True	366083	367320	left	(512, 384)	testing
3	jy	f	20	5	diamond	none	dif	vert	up	N_dis	(415, 480)	True	368404	369426	up	(512, 384)	testing
3	jy	f	20	5	circle	red	same	hori	left	(415, 480)	(376, 384)	True	370588	372094	left	(512, 384)	testing
3	jy	f	20	5	circle	red	same	hori	left	(415, 480)	(512, 520)	True	373346	374370	left	(512, 384)	testing
3	jy	f	20	5	circle	none	dif	vert	up	N_dis	(608, 480)	True	375475	376799	up	(512, 384)	testing
3	jy	f	20	5	circle	green	dif	vert	up	(415, 480)	(648, 384)	True	377918	378763	up	(512, 384)	testing
