subj	name	gender	age	runNum	shape	dist	td_dif	resp	resp_key	d_loc	t_loc	gotKey	startTime	respTime	resp	fix_loc	prac
3	jy	f	20	7	circle	red	dif	vert	up	(648, 384)	(376, 384)	True	159680	160768	up	(512, 384)	testing
3	jy	f	20	7	diamond	none	same	hori	left	N_dis	(415, 480)	True	161857	163164	left	(512, 384)	testing
3	jy	f	20	7	circle	green	same	hori	left	(512, 248)	(415, 480)	True	164342	165602	left	(512, 384)	testing
3	jy	f	20	7	circle	red	dif	hori	left	(376, 384)	(512, 248)	True	166870	168244	left	(512, 384)	testing
3	jy	f	20	7	circle	red	same	hori	left	(512, 520)	(376, 384)	True	169464	170372	left	(512, 384)	testing
3	jy	f	20	7	diamond	green	dif	hori	left	(648, 384)	(415, 480)	True	171634	172772	left	(512, 384)	testing
3	jy	f	20	7	diamond	green	dif	hori	left	(648, 384)	(512, 520)	True	173937	174852	left	(512, 384)	testing
3	jy	f	20	7	diamond	green	same	vert	up	(648, 384)	(608, 287)	True	175919	176943	up	(512, 384)	testing
3	jy	f	20	7	diamond	green	same	hori	left	(648, 384)	(608, 480)	True	178106	179179	left	(512, 384)	testing
3	jy	f	20	7	diamond	none	same	vert	up	N_dis	(415, 287)	True	180396	181128	up	(512, 384)	testing
3	jy	f	20	7	diamond	green	dif	vert	up	(512, 248)	(415, 287)	True	182355	183233	up	(512, 384)	testing
3	jy	f	20	7	diamond	none	dif	vert	up	N_dis	(512, 520)	True	184305	185148	up	(512, 384)	testing
3	jy	f	20	7	diamond	none	dif	hori	left	N_dis	(608, 480)	True	186314	187074	left	(512, 384)	testing
3	jy	f	20	7	diamond	none	dif	vert	up	N_dis	(415, 480)	True	188106	188949	up	(512, 384)	testing
3	jy	f	20	7	diamond	red	dif	vert	up	(648, 384)	(512, 520)	True	190188	190938	up	(512, 384)	testing
3	jy	f	20	7	diamond	red	dif	vert	up	(376, 384)	(608, 480)	True	192168	192927	up	(512, 384)	testing
3	jy	f	20	7	diamond	none	dif	hori	left	N_dis	(608, 480)	True	194158	194878	left	(512, 384)	testing
3	jy	f	20	7	diamond	red	dif	vert	up	(648, 384)	(608, 287)	True	196137	197011	up	(512, 384)	testing
3	jy	f	20	7	diamond	green	same	hori	left	(648, 384)	(512, 248)	True	198103	198919	left	(512, 384)	testing
3	jy	f	20	7	diamond	green	dif	hori	left	(648, 384)	(376, 384)	True	200040	200919	left	(512, 384)	testing
3	jy	f	20	7	diamond	green	same	vert	up	(648, 384)	(415, 287)	True	201959	202913	up	(512, 384)	testing
3	jy	f	20	7	circle	none	dif	vert	up	N_dis	(512, 520)	True	204065	205505	up	(512, 384)	testing
3	jy	f	20	7	circle	none	dif	hori	left	N_dis	(415, 287)	True	206769	207491	left	(512, 384)	testing
3	jy	f	20	7	circle	green	dif	vert	up	(648, 384)	(608, 480)	True	208590	209499	up	(512, 384)	testing
3	jy	f	20	7	diamond	green	same	vert	up	(648, 384)	(415, 480)	True	210586	212076	up	(512, 384)	testing
3	jy	f	20	7	circle	none	dif	vert	up	N_dis	(608, 480)	True	213215	214102	up	(512, 384)	testing
3	jy	f	20	7	circle	red	same	hori	left	(648, 384)	(608, 287)	True	215368	216030	left	(512, 384)	testing
3	jy	f	20	7	diamond	red	same	vert	up	(648, 384)	(512, 248)	True	217059	218156	up	(512, 384)	testing
3	jy	f	20	7	circle	green	same	hori	left	(648, 384)	(512, 520)	True	219408	220278	left	(512, 384)	testing
3	jy	f	20	7	circle	red	same	vert	up	(648, 384)	(376, 384)	True	221545	222497	up	(512, 384)	testing
3	jy	f	20	7	circle	red	same	hori	left	(648, 384)	(415, 287)	True	223647	224386	left	(512, 384)	testing
3	jy	f	20	7	diamond	red	dif	hori	left	(648, 384)	(512, 520)	True	225548	226418	left	(512, 384)	testing
3	jy	f	20	7	diamond	none	dif	vert	up	N_dis	(512, 248)	True	227568	228898	up	(512, 384)	testing
3	jy	f	20	7	diamond	red	same	vert	up	(415, 480)	(608, 480)	True	230168	231048	up	(512, 384)	testing
3	jy	f	20	7	diamond	none	same	vert	up	N_dis	(648, 384)	True	232096	233072	up	(512, 384)	testing
3	jy	f	20	7	circle	green	same	hori	left	(512, 520)	(376, 384)	True	234265	235199	left	(512, 384)	testing
3	jy	f	20	7	diamond	none	same	hori	left	N_dis	(415, 287)	True	236397	237264	left	(512, 384)	testing
3	jy	f	20	7	circle	none	dif	vert	up	N_dis	(415, 480)	True	238299	239310	up	(512, 384)	testing
3	jy	f	20	7	circle	none	same	hori	left	N_dis	(648, 384)	True	240371	241148	left	(512, 384)	testing
3	jy	f	20	7	diamond	green	dif	vert	up	(648, 384)	(415, 287)	True	242335	243182	up	(512, 384)	testing
3	jy	f	20	7	circle	red	dif	vert	up	(648, 384)	(415, 287)	True	244337	245074	up	(512, 384)	testing
3	jy	f	20	7	circle	red	dif	hori	left	(648, 384)	(512, 248)	True	246184	247048	left	(512, 384)	testing
3	jy	f	20	7	diamond	green	dif	vert	up	(648, 384)	(415, 480)	True	248313	249236	up	(512, 384)	testing
3	jy	f	20	7	circle	none	dif	hori	left	N_dis	(648, 384)	True	250295	251293	left	(512, 384)	testing
3	jy	f	20	7	circle	green	dif	vert	up	(648, 384)	(608, 287)	True	252513	253598	up	(512, 384)	testing
3	jy	f	20	7	circle	none	same	vert	up	N_dis	(512, 248)	True	254708	255453	up	(512, 384)	testing
3	jy	f	20	7	diamond	none	dif	vert	up	N_dis	(376, 384)	True	256686	257791	up	(512, 384)	testing
3	jy	f	20	7	diamond	none	same	hori	left	N_dis	(376, 384)	True	258845	259607	left	(512, 384)	testing
3	jy	f	20	7	diamond	green	dif	vert	up	(415, 480)	(415, 287)	True	260775	261527	up	(512, 384)	testing
3	jy	f	20	7	diamond	red	dif	hori	left	(648, 384)	(512, 520)	True	262741	263562	left	(512, 384)	testing
3	jy	f	20	7	diamond	none	same	vert	up	N_dis	(415, 480)	True	264664	265826	up	(512, 384)	testing
3	jy	f	20	7	circle	green	dif	hori	left	(376, 384)	(512, 520)	True	266862	268076	left	(512, 384)	testing
3	jy	f	20	7	diamond	red	same	vert	up	(648, 384)	(376, 384)	True	269111	269823	up	(512, 384)	testing
3	jy	f	20	7	circle	none	same	hori	left	N_dis	(415, 287)	True	271062	271744	left	(512, 384)	testing
3	jy	f	20	7	diamond	none	dif	hori	left	N_dis	(415, 480)	True	272978	274353	left	(512, 384)	testing
3	jy	f	20	7	diamond	green	same	hori	left	(648, 384)	(512, 248)	True	275569	276353	left	(512, 384)	testing
3	jy	f	20	7	circle	none	same	vert	up	N_dis	(512, 520)	True	277430	278202	up	(512, 384)	testing
3	jy	f	20	7	diamond	red	same	hori	left	(512, 520)	(376, 384)	True	279386	280126	left	(512, 384)	testing
3	jy	f	20	7	circle	green	dif	hori	left	(648, 384)	(376, 384)	True	281280	282022	left	(512, 384)	testing
3	jy	f	20	7	circle	red	same	hori	left	(648, 384)	(608, 480)	True	283077	284011	left	(512, 384)	testing
3	jy	f	20	7	diamond	red	same	vert	up	(415, 287)	(415, 480)	True	285237	286350	up	(512, 384)	testing
3	jy	f	20	7	circle	red	dif	hori	left	(608, 287)	(608, 480)	True	287428	288251	left	(512, 384)	testing
3	jy	f	20	7	circle	green	dif	vert	up	(648, 384)	(376, 384)	True	289308	290106	up	(512, 384)	testing
3	jy	f	20	7	circle	green	same	hori	left	(648, 384)	(376, 384)	True	291352	292407	left	(512, 384)	testing
3	jy	f	20	7	diamond	green	dif	hori	left	(415, 287)	(608, 480)	True	293561	294663	left	(512, 384)	testing
3	jy	f	20	7	circle	none	same	hori	left	N_dis	(376, 384)	True	295699	296558	left	(512, 384)	testing
3	jy	f	20	7	circle	red	dif	vert	up	(608, 480)	(512, 520)	True	297586	298521	up	(512, 384)	testing
3	jy	f	20	7	diamond	green	same	hori	left	(648, 384)	(512, 248)	True	299584	301061	left	(512, 384)	testing
3	jy	f	20	7	diamond	none	same	vert	up	N_dis	(608, 480)	True	302150	303020	up	(512, 384)	testing
3	jy	f	20	7	circle	green	same	vert	up	(648, 384)	(376, 384)	True	304187	305393	up	(512, 384)	testing
3	jy	f	20	7	circle	none	dif	hori	left	N_dis	(376, 384)	True	306459	307413	left	(512, 384)	testing
3	jy	f	20	7	diamond	green	same	vert	up	(415, 480)	(512, 248)	True	308647	309862	up	(512, 384)	testing
3	jy	f	20	7	circle	red	same	hori	left	(648, 384)	(608, 480)	True	311079	312414	left	(512, 384)	testing
3	jy	f	20	7	circle	red	same	vert	up	(648, 384)	(608, 480)	True	313547	314459	up	(512, 384)	testing
3	jy	f	20	7	diamond	red	same	hori	left	(648, 384)	(415, 287)	True	315514	317261	left	(512, 384)	testing
3	jy	f	20	7	circle	green	dif	hori	left	(512, 248)	(512, 520)	True	318377	319548	left	(512, 384)	testing
3	jy	f	20	7	circle	green	dif	vert	up	(376, 384)	(415, 480)	True	320800	322156	up	(512, 384)	testing
3	jy	f	20	7	circle	red	dif	vert	up	(648, 384)	(415, 480)	True	323215	323978	up	(512, 384)	testing
3	jy	f	20	7	diamond	green	dif	hori	left	(415, 480)	(512, 248)	True	325215	326563	left	(512, 384)	testing
3	jy	f	20	7	circle	none	same	hori	left	N_dis	(512, 520)	True	327652	328538	left	(512, 384)	testing
3	jy	f	20	7	diamond	none	dif	vert	up	N_dis	(608, 287)	True	329624	330439	up	(512, 384)	testing
3	jy	f	20	7	circle	red	dif	hori	left	(648, 384)	(512, 248)	True	331695	332675	left	(512, 384)	testing
3	jy	f	20	7	diamond	green	same	vert	up	(415, 287)	(376, 384)	True	333719	334936	up	(512, 384)	testing
3	jy	f	20	7	circle	none	same	vert	up	N_dis	(648, 384)	True	336090	337968	up	(512, 384)	testing
3	jy	f	20	7	circle	none	dif	vert	up	N_dis	(648, 384)	True	339126	340119	up	(512, 384)	testing
3	jy	f	20	7	circle	green	same	vert	up	(648, 384)	(376, 384)	True	341174	342256	up	(512, 384)	testing
3	jy	f	20	7	circle	none	dif	hori	left	N_dis	(608, 480)	True	343492	344409	left	(512, 384)	testing
3	jy	f	20	7	diamond	red	same	vert	up	(648, 384)	(376, 384)	True	345486	346429	up	(512, 384)	testing
3	jy	f	20	7	circle	red	same	vert	up	(608, 287)	(415, 287)	True	347630	348901	up	(512, 384)	testing
3	jy	f	20	7	circle	green	dif	hori	left	(512, 520)	(608, 287)	True	350118	350966	left	(512, 384)	testing
3	jy	f	20	7	circle	green	same	vert	up	(608, 287)	(608, 480)	True	352125	352980	up	(512, 384)	testing
3	jy	f	20	7	circle	red	dif	vert	up	(648, 384)	(608, 480)	True	354128	354978	up	(512, 384)	testing
3	jy	f	20	7	diamond	green	same	hori	left	(512, 248)	(608, 287)	True	356228	357188	left	(512, 384)	testing
3	jy	f	20	7	diamond	green	dif	vert	up	(648, 384)	(415, 480)	True	358383	359327	up	(512, 384)	testing
3	jy	f	20	7	circle	green	dif	vert	up	(648, 384)	(415, 480)	True	360534	361841	up	(512, 384)	testing
3	jy	f	20	7	diamond	red	dif	vert	up	(648, 384)	(512, 520)	True	362995	363949	up	(512, 384)	testing
3	jy	f	20	7	diamond	red	dif	hori	left	(608, 480)	(512, 520)	True	364977	366476	left	(512, 384)	testing
3	jy	f	20	7	circle	red	same	vert	up	(608, 480)	(415, 480)	True	367701	368484	up	(512, 384)	testing
3	jy	f	20	7	diamond	red	dif	hori	left	(648, 384)	(415, 287)	True	369694	370558	left	(512, 384)	testing
3	jy	f	20	7	diamond	none	same	vert	up	N_dis	(608, 287)	True	371783	372797	up	(512, 384)	testing
3	jy	f	20	7	circle	green	dif	hori	left	(648, 384)	(415, 480)	True	373829	374618	left	(512, 384)	testing
3	jy	f	20	7	circle	none	same	vert	up	N_dis	(608, 287)	True	375679	376359	up	(512, 384)	testing
3	jy	f	20	7	diamond	red	same	hori	left	(648, 384)	(415, 287)	True	377457	378320	left	(512, 384)	testing
3	jy	f	20	7	circle	red	dif	hori	left	(648, 384)	(512, 520)	True	379365	380402	left	(512, 384)	testing
3	jy	f	20	7	circle	none	dif	vert	up	N_dis	(608, 287)	True	381547	382175	up	(512, 384)	testing
3	jy	f	20	7	diamond	red	dif	vert	up	(648, 384)	(608, 287)	True	383221	384215	up	(512, 384)	testing
3	jy	f	20	7	circle	green	same	vert	up	(608, 287)	(376, 384)	True	385357	386627	up	(512, 384)	testing
3	jy	f	20	7	circle	none	same	hori	left	N_dis	(608, 287)	True	387762	388419	left	(512, 384)	testing
3	jy	f	20	7	circle	none	dif	hori	left	N_dis	(512, 520)	True	389450	390195	left	(512, 384)	testing
3	jy	f	20	7	diamond	none	dif	hori	left	N_dis	(512, 248)	True	391395	392359	left	(512, 384)	testing
3	jy	f	20	7	circle	red	same	vert	up	(648, 384)	(608, 287)	True	393518	394172	up	(512, 384)	testing
3	jy	f	20	7	diamond	red	same	hori	left	(648, 384)	(608, 287)	True	395410	396484	left	(512, 384)	testing
3	jy	f	20	7	diamond	red	dif	hori	left	(608, 480)	(415, 287)	True	397598	398225	left	(512, 384)	testing
3	jy	f	20	7	diamond	none	dif	hori	left	N_dis	(376, 384)	True	399481	400245	left	(512, 384)	testing
3	jy	f	20	7	circle	none	same	vert	up	N_dis	(415, 287)	True	401449	402362	up	(512, 384)	testing
3	jy	f	20	7	diamond	none	same	hori	left	N_dis	(512, 248)	True	403414	404441	left	(512, 384)	testing
3	jy	f	20	7	diamond	none	same	hori	left	N_dis	(512, 248)	True	405543	406274	left	(512, 384)	testing
3	jy	f	20	7	diamond	red	same	hori	left	(415, 287)	(608, 287)	True	407325	408308	left	(512, 384)	testing
3	jy	f	20	7	circle	green	same	vert	up	(648, 384)	(608, 480)	True	409560	410481	up	(512, 384)	testing
3	jy	f	20	7	circle	green	same	hori	left	(648, 384)	(512, 248)	True	411563	412510	up	(512, 384)	testing
