subj	name	gender	age	runNum	shape	dist	td_dif	resp	resp_key	d_loc	t_loc	gotKey	startTime	respTime	resp	fix_loc	prac
3	jy	f	20	9	circle	green	dif	hori	left	(415, 287)	(608, 287)	True	51313	52402	left	(512, 384)	testing
3	jy	f	20	9	diamond	red	same	vert	up	(648, 384)	(512, 520)	True	53501	54748	up	(512, 384)	testing
3	jy	f	20	9	circle	red	dif	vert	up	(415, 480)	(376, 384)	True	55792	57066	up	(512, 384)	testing
3	jy	f	20	9	diamond	red	same	vert	up	(415, 287)	(608, 287)	True	58145	59795	up	(512, 384)	testing
3	jy	f	20	9	diamond	none	same	vert	up	N_dis	(512, 520)	True	60984	61940	up	(512, 384)	testing
3	jy	f	20	9	circle	green	dif	vert	up	(648, 384)	(512, 248)	True	63116	64269	up	(512, 384)	testing
3	jy	f	20	9	circle	green	dif	hori	left	(512, 248)	(608, 287)	True	65320	66685	left	(512, 384)	testing
3	jy	f	20	9	diamond	none	same	hori	left	N_dis	(415, 287)	True	67844	68848	left	(512, 384)	testing
3	jy	f	20	9	circle	none	dif	vert	up	N_dis	(608, 287)	True	70076	71091	up	(512, 384)	testing
3	jy	f	20	9	diamond	red	same	vert	up	(648, 384)	(608, 480)	True	72228	73091	up	(512, 384)	testing
3	jy	f	20	9	circle	green	same	hori	left	(415, 480)	(415, 287)	True	74133	75140	left	(512, 384)	testing
3	jy	f	20	9	circle	green	same	vert	up	(648, 384)	(608, 287)	True	76189	77222	up	(512, 384)	testing
3	jy	f	20	9	diamond	green	same	vert	up	(512, 520)	(608, 287)	True	78382	79336	up	(512, 384)	testing
3	jy	f	20	9	diamond	green	same	hori	left	(648, 384)	(415, 480)	True	80565	81621	left	(512, 384)	testing
3	jy	f	20	9	diamond	red	dif	vert	up	(648, 384)	(376, 384)	True	82765	83724	up	(512, 384)	testing
3	jy	f	20	9	circle	none	dif	hori	left	N_dis	(648, 384)	True	84973	85886	left	(512, 384)	testing
3	jy	f	20	9	circle	green	same	vert	up	(608, 287)	(608, 480)	True	87122	88021	up	(512, 384)	testing
3	jy	f	20	9	diamond	green	dif	hori	left	(648, 384)	(415, 480)	True	89064	90286	left	(512, 384)	testing
3	jy	f	20	9	diamond	none	same	vert	up	N_dis	(415, 480)	True	91315	92240	up	(512, 384)	testing
3	jy	f	20	9	diamond	green	same	hori	left	(376, 384)	(415, 480)	True	93269	94144	left	(512, 384)	testing
3	jy	f	20	9	diamond	red	dif	vert	up	(648, 384)	(415, 480)	True	95370	96428	up	(512, 384)	testing
3	jy	f	20	9	diamond	none	dif	vert	up	N_dis	(512, 248)	True	97674	98844	up	(512, 384)	testing
3	jy	f	20	9	diamond	none	same	hori	left	N_dis	(512, 520)	True	100053	101185	left	(512, 384)	testing
3	jy	f	20	9	diamond	red	same	vert	up	(608, 480)	(415, 287)	True	102241	103691	up	(512, 384)	testing
3	jy	f	20	9	circle	none	dif	vert	up	N_dis	(648, 384)	True	104830	105731	up	(512, 384)	testing
3	jy	f	20	9	circle	none	same	vert	up	N_dis	(415, 287)	True	106866	107876	up	(512, 384)	testing
3	jy	f	20	9	circle	green	dif	vert	up	(648, 384)	(608, 287)	True	108937	109816	up	(512, 384)	testing
3	jy	f	20	9	diamond	none	same	hori	left	N_dis	(415, 287)	True	111054	112195	left	(512, 384)	testing
3	jy	f	20	9	diamond	none	same	hori	left	N_dis	(608, 287)	True	113247	114187	left	(512, 384)	testing
3	jy	f	20	9	circle	green	dif	vert	up	(512, 248)	(415, 287)	True	115391	116824	left	(512, 384)	testing
3	jy	f	20	9	circle	none	same	vert	up	N_dis	(512, 520)	True	119565	121436	up	(512, 384)	testing
3	jy	f	20	9	diamond	green	same	vert	up	(648, 384)	(376, 384)	True	122652	124030	up	(512, 384)	testing
3	jy	f	20	9	diamond	none	same	hori	left	N_dis	(608, 480)	True	125099	125937	left	(512, 384)	testing
3	jy	f	20	9	diamond	red	dif	hori	left	(648, 384)	(415, 287)	True	127010	128144	left	(512, 384)	testing
3	jy	f	20	9	diamond	none	dif	vert	up	N_dis	(608, 287)	True	129173	130007	up	(512, 384)	testing
3	jy	f	20	9	diamond	none	dif	hori	left	N_dis	(415, 480)	True	131243	132093	left	(512, 384)	testing
3	jy	f	20	9	diamond	red	same	hori	left	(512, 520)	(415, 480)	True	133322	135145	left	(512, 384)	testing
3	jy	f	20	9	circle	green	dif	vert	up	(648, 384)	(512, 520)	True	136260	137389	up	(512, 384)	testing
3	jy	f	20	9	diamond	none	same	vert	up	N_dis	(376, 384)	True	138621	139483	up	(512, 384)	testing
3	jy	f	20	9	circle	none	same	hori	left	N_dis	(648, 384)	True	140608	141520	left	(512, 384)	testing
3	jy	f	20	9	diamond	green	same	vert	up	(376, 384)	(608, 287)	True	142629	143543	up	(512, 384)	testing
3	jy	f	20	9	circle	none	dif	hori	left	N_dis	(415, 287)	True	144624	145538	left	(512, 384)	testing
3	jy	f	20	9	circle	green	same	vert	up	(648, 384)	(415, 287)	True	146798	147685	up	(512, 384)	testing
3	jy	f	20	9	circle	green	dif	vert	up	(648, 384)	(512, 248)	True	148897	149774	up	(512, 384)	testing
3	jy	f	20	9	circle	red	dif	hori	left	(608, 480)	(376, 384)	True	151045	151972	left	(512, 384)	testing
3	jy	f	20	9	diamond	green	dif	hori	left	(512, 248)	(608, 287)	True	153093	155037	left	(512, 384)	testing
3	jy	f	20	9	diamond	green	same	hori	left	(512, 248)	(376, 384)	True	156169	157231	left	(512, 384)	testing
3	jy	f	20	9	diamond	green	same	hori	left	(415, 480)	(608, 287)	True	158459	159712	left	(512, 384)	testing
3	jy	f	20	9	diamond	none	dif	hori	left	N_dis	(512, 248)	True	160850	161926	left	(512, 384)	testing
3	jy	f	20	9	circle	none	dif	hori	left	N_dis	(415, 480)	True	163173	164457	left	(512, 384)	testing
3	jy	f	20	9	diamond	red	dif	hori	left	(415, 287)	(376, 384)	True	165571	166670	left	(512, 384)	testing
3	jy	f	20	9	diamond	red	dif	hori	left	(648, 384)	(415, 480)	True	167763	168795	left	(512, 384)	testing
3	jy	f	20	9	circle	red	same	hori	left	(648, 384)	(415, 287)	True	169892	170955	left	(512, 384)	testing
3	jy	f	20	9	diamond	red	same	hori	left	(415, 480)	(376, 384)	True	172159	173397	left	(512, 384)	testing
3	jy	f	20	9	circle	none	dif	hori	left	N_dis	(608, 480)	True	174476	175892	left	(512, 384)	testing
3	jy	f	20	9	diamond	green	dif	vert	up	(648, 384)	(608, 480)	True	176947	178648	up	(512, 384)	testing
3	jy	f	20	9	circle	none	dif	vert	up	N_dis	(648, 384)	True	179909	181062	up	(512, 384)	testing
3	jy	f	20	9	diamond	none	dif	hori	left	N_dis	(376, 384)	True	182223	183235	left	(512, 384)	testing
3	jy	f	20	9	circle	red	same	hori	left	(648, 384)	(608, 287)	True	184285	186059	left	(512, 384)	testing
3	jy	f	20	9	diamond	none	dif	vert	up	N_dis	(608, 480)	True	187212	188187	up	(512, 384)	testing
3	jy	f	20	9	diamond	green	same	vert	up	(648, 384)	(376, 384)	True	189369	190267	up	(512, 384)	testing
3	jy	f	20	9	diamond	red	dif	hori	left	(648, 384)	(608, 287)	True	191453	192236	left	(512, 384)	testing
3	jy	f	20	9	circle	red	dif	vert	up	(415, 287)	(415, 480)	True	193434	194375	up	(512, 384)	testing
3	jy	f	20	9	circle	green	same	hori	left	(648, 384)	(512, 520)	True	195436	196361	left	(512, 384)	testing
3	jy	f	20	9	circle	green	same	hori	left	(376, 384)	(415, 287)	True	197505	198427	left	(512, 384)	testing
3	jy	f	20	9	circle	red	same	vert	up	(648, 384)	(512, 520)	True	199587	201883	up	(512, 384)	testing
3	jy	f	20	9	circle	green	dif	hori	left	(648, 384)	(608, 480)	True	203081	203956	left	(512, 384)	testing
3	jy	f	20	9	diamond	none	dif	hori	left	N_dis	(376, 384)	True	205178	206166	left	(512, 384)	testing
3	jy	f	20	9	circle	none	dif	hori	left	N_dis	(415, 480)	True	207377	208291	left	(512, 384)	testing
3	jy	f	20	9	circle	red	same	hori	left	(608, 287)	(512, 520)	True	209349	210205	left	(512, 384)	testing
3	jy	f	20	9	circle	red	dif	vert	up	(512, 520)	(608, 480)	True	211273	212305	up	(512, 384)	testing
3	jy	f	20	9	diamond	none	dif	vert	up	N_dis	(512, 248)	True	213471	214482	up	(512, 384)	testing
3	jy	f	20	9	circle	none	same	hori	left	N_dis	(608, 480)	True	215655	216474	left	(512, 384)	testing
3	jy	f	20	9	circle	green	same	vert	up	(648, 384)	(415, 480)	True	217570	218357	up	(512, 384)	testing
3	jy	f	20	9	circle	red	dif	hori	left	(608, 480)	(512, 520)	True	219485	220768	left	(512, 384)	testing
3	jy	f	20	9	circle	none	same	vert	up	N_dis	(415, 287)	True	221886	222677	up	(512, 384)	testing
3	jy	f	20	9	circle	green	same	vert	up	(648, 384)	(608, 480)	True	223763	225054	up	(512, 384)	testing
3	jy	f	20	9	circle	green	same	hori	left	(648, 384)	(415, 287)	True	226196	227582	left	(512, 384)	testing
3	jy	f	20	9	diamond	green	dif	hori	left	(648, 384)	(512, 520)	True	228651	229491	left	(512, 384)	testing
3	jy	f	20	9	diamond	none	dif	vert	up	N_dis	(512, 520)	True	230588	231593	up	(512, 384)	testing
3	jy	f	20	9	circle	red	dif	hori	left	(648, 384)	(512, 248)	True	232651	234452	left	(512, 384)	testing
3	jy	f	20	9	circle	red	same	vert	up	(648, 384)	(376, 384)	True	235660	236707	up	(512, 384)	testing
3	jy	f	20	9	diamond	green	dif	hori	left	(512, 520)	(376, 384)	True	237958	239628	left	(512, 384)	testing
3	jy	f	20	9	diamond	red	dif	vert	up	(648, 384)	(512, 248)	True	240685	241921	up	(512, 384)	testing
3	jy	f	20	9	diamond	none	same	vert	up	N_dis	(415, 480)	True	243084	243907	up	(512, 384)	testing
3	jy	f	20	9	diamond	green	same	hori	left	(648, 384)	(376, 384)	True	244959	245776	left	(512, 384)	testing
3	jy	f	20	9	diamond	green	dif	vert	up	(648, 384)	(608, 287)	True	246937	247754	up	(512, 384)	testing
3	jy	f	20	9	circle	none	dif	vert	up	N_dis	(608, 287)	True	248794	249791	up	(512, 384)	testing
3	jy	f	20	9	diamond	green	same	vert	up	(648, 384)	(376, 384)	True	250965	251884	up	(512, 384)	testing
3	jy	f	20	9	circle	red	same	hori	left	(648, 384)	(512, 520)	True	253095	254438	left	(512, 384)	testing
3	jy	f	20	9	circle	none	same	vert	up	N_dis	(376, 384)	True	255483	256384	up	(512, 384)	testing
3	jy	f	20	9	diamond	none	dif	hori	left	N_dis	(512, 248)	True	257624	258959	left	(512, 384)	testing
3	jy	f	20	9	diamond	red	same	hori	left	(648, 384)	(376, 384)	True	260103	260899	left	(512, 384)	testing
3	jy	f	20	9	diamond	green	dif	vert	up	(376, 384)	(512, 520)	True	262140	263299	up	(512, 384)	testing
3	jy	f	20	9	diamond	red	same	vert	up	(608, 287)	(512, 520)	True	264436	265834	up	(512, 384)	testing
3	jy	f	20	9	circle	red	dif	vert	up	(648, 384)	(376, 384)	True	266939	268288	up	(512, 384)	testing
3	jy	f	20	9	diamond	red	dif	hori	left	(648, 384)	(512, 520)	True	269396	270647	left	(512, 384)	testing
3	jy	f	20	9	diamond	green	dif	hori	left	(648, 384)	(512, 248)	True	271900	272823	left	(512, 384)	testing
3	jy	f	20	9	circle	red	dif	vert	up	(648, 384)	(608, 480)	True	274051	275753	up	(512, 384)	testing
3	jy	f	20	9	circle	none	same	vert	up	N_dis	(608, 480)	True	276884	277687	up	(512, 384)	testing
3	jy	f	20	9	circle	green	same	hori	left	(648, 384)	(512, 248)	True	278754	279767	left	(512, 384)	testing
3	jy	f	20	9	circle	none	dif	vert	up	N_dis	(608, 287)	True	280857	281954	up	(512, 384)	testing
3	jy	f	20	9	circle	red	same	vert	up	(608, 287)	(376, 384)	True	283107	283841	up	(512, 384)	testing
3	jy	f	20	9	circle	red	dif	hori	left	(648, 384)	(415, 480)	True	285100	286027	left	(512, 384)	testing
3	jy	f	20	9	diamond	red	dif	vert	up	(648, 384)	(415, 287)	True	287250	288509	up	(512, 384)	testing
3	jy	f	20	9	circle	red	same	hori	left	(648, 384)	(415, 287)	True	289571	290548	left	(512, 384)	testing
3	jy	f	20	9	circle	red	same	vert	up	(648, 384)	(608, 480)	True	291752	292594	up	(512, 384)	testing
3	jy	f	20	9	diamond	red	same	hori	left	(648, 384)	(512, 248)	True	293622	294776	left	(512, 384)	testing
3	jy	f	20	9	diamond	green	dif	vert	up	(648, 384)	(415, 480)	True	295979	297087	up	(512, 384)	testing
3	jy	f	20	9	circle	red	dif	hori	left	(648, 384)	(415, 287)	True	298226	298946	left	(512, 384)	testing
3	jy	f	20	9	diamond	none	same	vert	up	N_dis	(512, 520)	True	300013	300952	up	(512, 384)	testing
3	jy	f	20	9	circle	green	dif	hori	left	(608, 480)	(415, 287)	True	302042	303090	left	(512, 384)	testing
3	jy	f	20	9	diamond	green	dif	vert	up	(648, 384)	(608, 287)	True	304224	305425	up	(512, 384)	testing
3	jy	f	20	9	circle	none	same	hori	left	N_dis	(648, 384)	True	306453	307725	left	(512, 384)	testing
3	jy	f	20	9	circle	none	same	hori	left	N_dis	(512, 248)	True	308957	309719	left	(512, 384)	testing
3	jy	f	20	9	diamond	red	same	hori	left	(648, 384)	(608, 480)	True	310873	312543	left	(512, 384)	testing
3	jy	f	20	9	circle	green	dif	hori	left	(648, 384)	(376, 384)	True	313687	315025	left	(512, 384)	testing
3	jy	f	20	9	circle	none	same	hori	left	N_dis	(376, 384)	True	316145	316926	left	(512, 384)	testing
3	jy	f	20	9	diamond	red	dif	vert	up	(648, 384)	(376, 384)	True	318190	319176	up	(512, 384)	testing
3	jy	f	20	9	circle	red	same	vert	up	(648, 384)	(608, 287)	True	320319	321409	up	(512, 384)	testing
