subj	name	gender	age	runNum	shape	dist	td_dif	resp	resp_key	d_loc	t_loc	gotKey	startTime	respTime	resp	fix_loc	prac
3	jy	f	20	8	circle	none	same	hori	left	N_dis	(648, 384)	True	51080	52526	left	(512, 384)	testing
3	jy	f	20	8	diamond	none	same	hori	left	N_dis	(512, 248)	True	53782	54711	left	(512, 384)	testing
3	jy	f	20	8	diamond	none	same	hori	left	N_dis	(376, 384)	True	55790	56845	left	(512, 384)	testing
3	jy	f	20	8	circle	none	dif	vert	up	N_dis	(512, 520)	True	58073	59715	up	(512, 384)	testing
3	jy	f	20	8	circle	red	dif	hori	left	(415, 287)	(512, 520)	True	60741	62170	left	(512, 384)	testing
3	jy	f	20	8	circle	none	same	vert	up	N_dis	(415, 287)	True	63217	63984	up	(512, 384)	testing
3	jy	f	20	8	circle	green	same	vert	up	(648, 384)	(512, 248)	True	65028	66176	up	(512, 384)	testing
3	jy	f	20	8	diamond	green	dif	vert	up	(415, 287)	(608, 287)	True	67413	68751	up	(512, 384)	testing
3	jy	f	20	8	circle	none	same	vert	up	N_dis	(415, 287)	True	69915	71135	up	(512, 384)	testing
3	jy	f	20	8	circle	green	dif	hori	left	(512, 520)	(415, 480)	True	72200	73571	left	(512, 384)	testing
3	jy	f	20	8	circle	green	dif	hori	left	(608, 480)	(376, 384)	True	74817	75716	left	(512, 384)	testing
3	jy	f	20	8	diamond	none	dif	hori	left	N_dis	(648, 384)	True	76848	77850	left	(512, 384)	testing
3	jy	f	20	8	diamond	red	dif	vert	up	(648, 384)	(608, 287)	True	78950	80079	up	(512, 384)	testing
3	jy	f	20	8	circle	red	dif	hori	left	(648, 384)	(415, 480)	True	81147	82271	left	(512, 384)	testing
3	jy	f	20	8	circle	none	same	vert	up	N_dis	(415, 480)	True	83521	84397	up	(512, 384)	testing
3	jy	f	20	8	circle	green	same	hori	left	(648, 384)	(415, 287)	True	85479	86499	left	(512, 384)	testing
3	jy	f	20	8	circle	none	same	hori	left	N_dis	(608, 287)	True	87695	88650	left	(512, 384)	testing
3	jy	f	20	8	circle	red	dif	vert	up	(608, 480)	(415, 287)	True	89682	90878	up	(512, 384)	testing
3	jy	f	20	8	diamond	none	same	vert	up	N_dis	(512, 520)	True	92056	93082	up	(512, 384)	testing
3	jy	f	20	8	diamond	red	dif	vert	up	(648, 384)	(376, 384)	True	94273	95430	up	(512, 384)	testing
3	jy	f	20	8	diamond	red	dif	hori	left	(648, 384)	(608, 287)	True	96591	97442	left	(512, 384)	testing
3	jy	f	20	8	diamond	green	dif	hori	left	(648, 384)	(512, 520)	True	98643	99843	left	(512, 384)	testing
3	jy	f	20	8	circle	none	same	hori	left	N_dis	(512, 520)	True	100980	102047	left	(512, 384)	testing
3	jy	f	20	8	diamond	green	dif	vert	up	(648, 384)	(512, 248)	True	103158	104974	up	(512, 384)	testing
3	jy	f	20	8	circle	none	dif	hori	left	N_dis	(415, 480)	True	106086	107218	left	(512, 384)	testing
3	jy	f	20	8	diamond	none	same	hori	left	N_dis	(608, 287)	True	108455	109387	left	(512, 384)	testing
3	jy	f	20	8	circle	red	dif	hori	left	(648, 384)	(512, 248)	True	110617	111691	left	(512, 384)	testing
3	jy	f	20	8	circle	none	same	hori	left	N_dis	(415, 480)	True	112852	113728	left	(512, 384)	testing
3	jy	f	20	8	diamond	green	same	hori	left	(648, 384)	(415, 480)	True	114779	115833	left	(512, 384)	testing
3	jy	f	20	8	diamond	green	dif	hori	left	(648, 384)	(415, 287)	True	116966	118037	left	(512, 384)	testing
3	jy	f	20	8	circle	green	dif	vert	up	(648, 384)	(415, 287)	True	119214	120378	up	(512, 384)	testing
3	jy	f	20	8	circle	none	dif	hori	left	N_dis	(608, 480)	True	121410	122236	left	(512, 384)	testing
3	jy	f	20	8	diamond	red	same	hori	left	(608, 480)	(415, 480)	True	123392	124501	left	(512, 384)	testing
3	jy	f	20	8	circle	red	same	vert	up	(648, 384)	(376, 384)	True	125661	126681	up	(512, 384)	testing
3	jy	f	20	8	circle	none	dif	hori	left	N_dis	(376, 384)	True	127875	128687	left	(512, 384)	testing
3	jy	f	20	8	circle	red	same	hori	left	(512, 248)	(608, 287)	True	129822	130965	left	(512, 384)	testing
3	jy	f	20	8	diamond	red	same	vert	up	(415, 480)	(415, 287)	True	132112	133093	up	(512, 384)	testing
3	jy	f	20	8	circle	green	dif	vert	up	(648, 384)	(608, 480)	True	134140	135303	up	(512, 384)	testing
3	jy	f	20	8	diamond	red	same	vert	up	(648, 384)	(415, 480)	True	136534	137509	up	(512, 384)	testing
3	jy	f	20	8	diamond	none	dif	vert	up	N_dis	(376, 384)	True	138650	139810	up	(512, 384)	testing
3	jy	f	20	8	diamond	none	dif	vert	up	N_dis	(512, 248)	True	141038	142085	up	(512, 384)	testing
3	jy	f	20	8	circle	green	dif	vert	up	(648, 384)	(415, 287)	True	143144	144153	up	(512, 384)	testing
3	jy	f	20	8	diamond	green	dif	vert	up	(648, 384)	(415, 287)	True	145279	146173	up	(512, 384)	testing
3	jy	f	20	8	diamond	red	dif	vert	up	(648, 384)	(376, 384)	True	147373	148760	up	(512, 384)	testing
3	jy	f	20	8	circle	red	same	vert	up	(648, 384)	(376, 384)	True	149839	150897	up	(512, 384)	testing
3	jy	f	20	8	diamond	none	dif	hori	left	N_dis	(512, 248)	True	151959	153157	left	(512, 384)	testing
3	jy	f	20	8	diamond	green	dif	hori	left	(648, 384)	(512, 520)	True	154393	155568	left	(512, 384)	testing
3	jy	f	20	8	circle	green	same	vert	up	(648, 384)	(376, 384)	True	156713	157944	up	(512, 384)	testing
3	jy	f	20	8	circle	green	dif	vert	up	(376, 384)	(608, 287)	True	158990	159924	up	(512, 384)	testing
3	jy	f	20	8	diamond	none	dif	vert	up	N_dis	(608, 480)	True	161041	161998	up	(512, 384)	testing
3	jy	f	20	8	circle	green	dif	hori	left	(648, 384)	(415, 480)	True	163154	164779	left	(512, 384)	testing
3	jy	f	20	8	circle	red	dif	hori	left	(608, 287)	(512, 520)	True	166031	166961	left	(512, 384)	testing
3	jy	f	20	8	diamond	red	same	hori	left	(415, 287)	(415, 480)	True	168035	168970	left	(512, 384)	testing
3	jy	f	20	8	circle	red	same	hori	left	(376, 384)	(415, 287)	True	170137	171222	left	(512, 384)	testing
3	jy	f	20	8	diamond	none	dif	hori	left	N_dis	(512, 248)	True	172390	173532	left	(512, 384)	testing
3	jy	f	20	8	circle	none	dif	vert	up	N_dis	(608, 480)	True	174590	175452	up	(512, 384)	testing
3	jy	f	20	8	circle	red	dif	hori	left	(648, 384)	(415, 480)	True	176522	177306	left	(512, 384)	testing
3	jy	f	20	8	diamond	red	dif	hori	left	(648, 384)	(608, 480)	True	178574	179478	left	(512, 384)	testing
3	jy	f	20	8	diamond	none	dif	hori	left	N_dis	(415, 287)	True	180604	181566	left	(512, 384)	testing
3	jy	f	20	8	circle	red	same	vert	up	(648, 384)	(512, 520)	True	182812	183745	up	(512, 384)	testing
3	jy	f	20	8	diamond	none	same	vert	up	N_dis	(648, 384)	True	184922	186017	up	(512, 384)	testing
3	jy	f	20	8	circle	green	dif	vert	up	(648, 384)	(608, 287)	True	187213	188420	up	(512, 384)	testing
3	jy	f	20	8	circle	green	same	hori	left	(512, 248)	(512, 520)	True	189470	190311	left	(512, 384)	testing
3	jy	f	20	8	circle	none	dif	hori	left	N_dis	(415, 287)	True	191490	192260	left	(512, 384)	testing
3	jy	f	20	8	diamond	green	same	vert	up	(415, 287)	(415, 480)	True	193305	194994	up	(512, 384)	testing
3	jy	f	20	8	circle	red	same	hori	left	(648, 384)	(415, 480)	True	196159	197218	left	(512, 384)	testing
3	jy	f	20	8	diamond	red	dif	vert	up	(608, 287)	(415, 287)	True	198292	199503	up	(512, 384)	testing
3	jy	f	20	8	diamond	green	same	hori	left	(648, 384)	(512, 520)	True	200591	201546	left	(512, 384)	testing
3	jy	f	20	8	circle	none	same	vert	up	N_dis	(376, 384)	True	202728	203475	up	(512, 384)	testing
3	jy	f	20	8	circle	red	same	vert	up	(608, 287)	(512, 520)	True	204515	205229	up	(512, 384)	testing
3	jy	f	20	8	circle	none	dif	vert	up	N_dis	(512, 520)	True	206433	207164	up	(512, 384)	testing
3	jy	f	20	8	diamond	red	same	hori	left	(648, 384)	(376, 384)	True	208294	209167	left	(512, 384)	testing
3	jy	f	20	8	diamond	red	same	vert	up	(648, 384)	(608, 287)	True	210213	210892	up	(512, 384)	testing
3	jy	f	20	8	diamond	green	dif	vert	up	(648, 384)	(415, 287)	True	211976	212625	up	(512, 384)	testing
3	jy	f	20	8	diamond	none	dif	hori	left	N_dis	(608, 287)	True	213727	214546	left	(512, 384)	testing
3	jy	f	20	8	diamond	green	same	hori	left	(512, 520)	(415, 480)	True	215683	217034	left	(512, 384)	testing
3	jy	f	20	8	circle	none	same	hori	left	N_dis	(608, 287)	True	218301	219573	left	(512, 384)	testing
3	jy	f	20	8	diamond	green	same	vert	up	(648, 384)	(608, 287)	True	220609	221502	up	(512, 384)	testing
3	jy	f	20	8	diamond	none	same	hori	left	N_dis	(415, 480)	True	222749	223726	left	(512, 384)	testing
3	jy	f	20	8	circle	red	dif	vert	up	(648, 384)	(512, 520)	True	224830	225726	up	(512, 384)	testing
3	jy	f	20	8	diamond	red	dif	hori	left	(648, 384)	(608, 480)	True	226894	227937	left	(512, 384)	testing
3	jy	f	20	8	diamond	green	dif	hori	left	(608, 480)	(376, 384)	True	229065	229886	left	(512, 384)	testing
3	jy	f	20	8	circle	red	same	hori	left	(608, 287)	(512, 520)	True	231105	232024	left	(512, 384)	testing
3	jy	f	20	8	circle	red	dif	vert	up	(415, 480)	(376, 384)	True	233085	233957	up	(512, 384)	testing
3	jy	f	20	8	diamond	none	dif	vert	up	N_dis	(648, 384)	True	235177	235820	up	(512, 384)	testing
3	jy	f	20	8	circle	green	dif	hori	left	(512, 520)	(512, 248)	True	236858	237519	left	(512, 384)	testing
3	jy	f	20	8	circle	none	dif	vert	up	N_dis	(608, 480)	True	238721	239554	up	(512, 384)	testing
3	jy	f	20	8	diamond	green	dif	hori	left	(648, 384)	(608, 480)	True	240623	241506	left	(512, 384)	testing
3	jy	f	20	8	diamond	none	dif	vert	up	N_dis	(376, 384)	True	242749	243418	up	(512, 384)	testing
3	jy	f	20	8	diamond	none	same	vert	up	N_dis	(648, 384)	True	244470	245133	up	(512, 384)	testing
3	jy	f	20	8	circle	green	same	hori	left	(648, 384)	(512, 520)	True	246306	248022	left	(512, 384)	testing
3	jy	f	20	8	circle	red	same	hori	left	(512, 520)	(415, 287)	True	249240	250309	left	(512, 384)	testing
3	jy	f	20	8	circle	red	dif	vert	up	(648, 384)	(608, 480)	True	251518	252380	up	(512, 384)	testing
3	jy	f	20	8	diamond	green	dif	vert	up	(648, 384)	(608, 287)	True	253580	254734	up	(512, 384)	testing
3	jy	f	20	8	circle	none	same	vert	up	N_dis	(415, 480)	True	255767	256743	up	(512, 384)	testing
3	jy	f	20	8	diamond	red	same	hori	left	(648, 384)	(608, 480)	True	257882	258979	left	(512, 384)	testing
3	jy	f	20	8	diamond	red	same	vert	up	(415, 480)	(512, 520)	True	260236	261488	up	(512, 384)	testing
3	jy	f	20	8	circle	green	same	vert	up	(512, 248)	(376, 384)	True	262640	263809	up	(512, 384)	testing
3	jy	f	20	8	diamond	green	same	vert	up	(648, 384)	(512, 248)	True	265063	266255	up	(512, 384)	testing
3	jy	f	20	8	circle	green	same	hori	left	(648, 384)	(376, 384)	True	267287	268365	left	(512, 384)	testing
3	jy	f	20	8	circle	green	same	vert	up	(648, 384)	(512, 248)	True	269576	270611	up	(512, 384)	testing
3	jy	f	20	8	diamond	green	same	vert	up	(648, 384)	(608, 480)	True	271725	273773	up	(512, 384)	testing
3	jy	f	20	8	circle	red	dif	vert	up	(648, 384)	(608, 287)	True	274982	276293	up	(512, 384)	testing
3	jy	f	20	8	circle	green	same	vert	up	(648, 384)	(376, 384)	True	277330	278293	up	(512, 384)	testing
3	jy	f	20	8	diamond	red	same	hori	left	(648, 384)	(415, 480)	True	279547	280607	left	(512, 384)	testing
3	jy	f	20	8	diamond	green	same	hori	left	(648, 384)	(376, 384)	True	281879	282951	left	(512, 384)	testing
3	jy	f	20	8	diamond	red	same	vert	up	(415, 480)	(415, 287)	True	284157	284906	up	(512, 384)	testing
3	jy	f	20	8	diamond	none	same	vert	up	N_dis	(415, 287)	True	286138	287226	up	(512, 384)	testing
3	jy	f	20	8	circle	none	dif	vert	up	N_dis	(512, 248)	True	288263	289483	up	(512, 384)	testing
3	jy	f	20	8	diamond	red	dif	vert	up	(376, 384)	(415, 480)	True	290750	291884	up	(512, 384)	testing
3	jy	f	20	8	circle	green	dif	hori	left	(648, 384)	(512, 248)	True	293054	294526	left	(512, 384)	testing
3	jy	f	20	8	diamond	green	same	vert	up	(648, 384)	(376, 384)	True	295657	296662	up	(512, 384)	testing
3	jy	f	20	8	circle	red	same	vert	up	(648, 384)	(512, 520)	True	297914	299110	up	(512, 384)	testing
3	jy	f	20	8	diamond	red	dif	hori	left	(512, 248)	(415, 480)	True	300208	301221	left	(512, 384)	testing
3	jy	f	20	8	circle	none	dif	hori	left	N_dis	(608, 287)	True	302264	303481	left	(512, 384)	testing
3	jy	f	20	8	circle	green	same	hori	left	(648, 384)	(415, 287)	True	304673	305771	left	(512, 384)	testing
3	jy	f	20	8	diamond	red	dif	hori	left	(648, 384)	(512, 248)	True	306818	307689	left	(512, 384)	testing
3	jy	f	20	8	diamond	green	same	hori	left	(376, 384)	(608, 287)	True	308839	309843	left	(512, 384)	testing
3	jy	f	20	8	diamond	none	same	vert	up	N_dis	(512, 520)	True	311106	312140	up	(512, 384)	testing
3	jy	f	20	8	diamond	none	same	hori	left	N_dis	(608, 480)	True	313312	314262	left	(512, 384)	testing
