subj	name	gender	age	runNum	shape	dist	td_dif	resp	resp_key	d_loc	t_loc	gotKey	startTime	respTime	resp	fix_loc	prac
3	sq	f	20	7	diamond	red	dif	hori	left	(632, 450)	(800, 618)	True	3330	4924	left	(800, 450)	testing
3	sq	f	20	7	diamond	green	dif	vert	up	(968, 450)	(681, 568)	True	5994	7932	up	(800, 450)	testing
3	sq	f	20	7	circle	red	dif	vert	up	(918, 331)	(918, 568)	True	9038	10604	up	(800, 450)	testing
3	sq	f	20	7	diamond	green	same	vert	up	(968, 450)	(681, 331)	True	11670	12716	up	(800, 450)	testing
3	sq	f	20	7	diamond	red	dif	vert	up	(968, 450)	(800, 618)	True	13941	15788	up	(800, 450)	testing
3	sq	f	20	7	diamond	none	same	vert	up	N_dis	(800, 282)	True	16984	19004	up	(800, 450)	testing
3	sq	f	20	7	circle	red	dif	hori	left	(968, 450)	(632, 450)	True	20243	21981	left	(800, 450)	testing
3	sq	f	20	7	circle	green	dif	hori	left	(968, 450)	(800, 282)	True	23055	25580	left	(800, 450)	testing
3	sq	f	20	7	diamond	green	dif	vert	up	(681, 331)	(681, 568)	True	26654	27884	up	(800, 450)	testing
3	sq	f	20	7	diamond	green	same	hori	left	(968, 450)	(681, 331)	True	29006	29901	left	(800, 450)	testing
3	sq	f	20	7	circle	none	dif	vert	up	N_dis	(800, 282)	True	31162	32380	up	(800, 450)	testing
3	sq	f	20	7	circle	none	same	hori	left	N_dis	(800, 618)	True	33654	34812	left	(800, 450)	testing
3	sq	f	20	7	circle	none	dif	hori	left	N_dis	(681, 331)	True	36029	36812	left	(800, 450)	testing
3	sq	f	20	7	circle	red	dif	vert	up	(968, 450)	(800, 618)	True	38063	39052	up	(800, 450)	testing
3	sq	f	20	7	circle	green	same	vert	up	(800, 282)	(800, 618)	True	40144	42060	up	(800, 450)	testing
3	sq	f	20	7	diamond	green	dif	hori	left	(800, 618)	(681, 331)	True	43324	44588	left	(800, 450)	testing
3	sq	f	20	7	diamond	red	dif	hori	left	(968, 450)	(632, 450)	True	45786	47452	up	(800, 450)	testing
3	sq	f	20	7	circle	none	same	hori	left	N_dis	(800, 282)	True	50222	51164	left	(800, 450)	testing
3	sq	f	20	7	circle	green	same	hori	left	(968, 450)	(632, 450)	True	52241	53949	left	(800, 450)	testing
3	sq	f	20	7	circle	none	same	hori	left	N_dis	(632, 450)	True	55151	55997	left	(800, 450)	testing
3	sq	f	20	7	diamond	none	dif	vert	up	N_dis	(800, 618)	True	57255	58556	up	(800, 450)	testing
3	sq	f	20	7	circle	red	dif	hori	left	(968, 450)	(918, 331)	True	59752	61020	up	(800, 450)	testing
3	sq	f	20	7	diamond	green	same	vert	up	(918, 331)	(632, 450)	True	63765	64908	up	(800, 450)	testing
3	sq	f	20	7	circle	green	same	hori	left	(968, 450)	(918, 568)	True	66195	67580	left	(800, 450)	testing
3	sq	f	20	7	circle	none	dif	vert	up	N_dis	(681, 331)	True	68721	70076	up	(800, 450)	testing
3	sq	f	20	7	diamond	green	dif	hori	left	(968, 450)	(918, 568)	True	71182	73020	left	(800, 450)	testing
3	sq	f	20	7	circle	green	same	hori	left	(968, 450)	(632, 450)	True	74123	76365	left	(800, 450)	testing
3	sq	f	20	7	circle	none	dif	vert	up	N_dis	(968, 450)	True	77520	78572	up	(800, 450)	testing
3	sq	f	20	7	diamond	none	dif	hori	left	N_dis	(918, 568)	True	79818	81164	left	(800, 450)	testing
3	sq	f	20	7	diamond	green	same	hori	left	(968, 450)	(681, 568)	True	82387	84396	left	(800, 450)	testing
3	sq	f	20	7	diamond	red	same	vert	up	(968, 450)	(800, 618)	True	85667	87068	up	(800, 450)	testing
3	sq	f	20	7	diamond	none	dif	vert	up	N_dis	(918, 568)	True	88265	89772	up	(800, 450)	testing
3	sq	f	20	7	circle	red	dif	hori	left	(800, 618)	(632, 450)	True	91004	92780	left	(800, 450)	testing
3	sq	f	20	7	diamond	red	same	hori	left	(918, 568)	(918, 331)	False	94063	None	None	(800, 450)	testing
3	sq	f	20	7	diamond	none	dif	hori	left	N_dis	(918, 331)	True	99872	101372	left	(800, 450)	testing
3	sq	f	20	7	diamond	red	dif	vert	up	(968, 450)	(681, 568)	True	102598	104332	up	(800, 450)	testing
3	sq	f	20	7	circle	none	same	vert	up	N_dis	(800, 282)	True	105512	107180	up	(800, 450)	testing
3	sq	f	20	7	circle	green	same	vert	up	(968, 450)	(681, 331)	True	108259	109660	up	(800, 450)	testing
3	sq	f	20	7	diamond	none	dif	hori	left	N_dis	(918, 568)	True	110757	112044	left	(800, 450)	testing
3	sq	f	20	7	circle	red	same	hori	left	(968, 450)	(681, 568)	True	113132	114941	left	(800, 450)	testing
3	sq	f	20	7	circle	none	same	vert	up	N_dis	(918, 331)	True	116133	117356	up	(800, 450)	testing
3	sq	f	20	7	circle	green	dif	vert	up	(918, 331)	(681, 331)	True	118586	119548	up	(800, 450)	testing
3	sq	f	20	7	diamond	green	dif	hori	left	(800, 618)	(800, 282)	True	120627	123580	left	(800, 450)	testing
3	sq	f	20	7	diamond	none	same	vert	up	N_dis	(681, 568)	True	124809	126172	up	(800, 450)	testing
3	sq	f	20	7	circle	red	dif	vert	up	(918, 331)	(681, 568)	True	127225	128652	up	(800, 450)	testing
3	sq	f	20	7	circle	none	same	hori	left	N_dis	(968, 450)	True	129753	130957	left	(800, 450)	testing
3	sq	f	20	7	diamond	none	same	hori	left	N_dis	(681, 331)	True	132104	133772	left	(800, 450)	testing
3	sq	f	20	7	circle	none	dif	hori	left	N_dis	(681, 568)	True	135061	136220	left	(800, 450)	testing
3	sq	f	20	7	diamond	green	dif	vert	up	(968, 450)	(918, 331)	True	137356	138973	up	(800, 450)	testing
3	sq	f	20	7	circle	none	dif	vert	up	N_dis	(681, 568)	True	140163	141340	up	(800, 450)	testing
3	sq	f	20	7	circle	green	dif	hori	left	(681, 568)	(632, 450)	True	142544	143868	left	(800, 450)	testing
3	sq	f	20	7	circle	none	same	vert	up	N_dis	(632, 450)	True	145147	146204	up	(800, 450)	testing
3	sq	f	20	7	diamond	red	dif	hori	left	(968, 450)	(681, 331)	True	147325	148716	up	(800, 450)	testing
3	sq	f	20	7	circle	none	dif	hori	left	N_dis	(632, 450)	True	151381	152364	left	(800, 450)	testing
3	sq	f	20	7	circle	green	dif	vert	up	(681, 331)	(800, 618)	True	153539	154796	up	(800, 450)	testing
3	sq	f	20	7	circle	green	dif	hori	left	(968, 450)	(918, 568)	True	156060	157788	left	(800, 450)	testing
3	sq	f	20	7	diamond	red	same	hori	left	(968, 450)	(632, 450)	True	159047	160253	left	(800, 450)	testing
3	sq	f	20	7	diamond	none	dif	vert	up	N_dis	(918, 331)	True	161362	163708	up	(800, 450)	testing
3	sq	f	20	7	circle	green	dif	vert	up	(800, 618)	(681, 331)	True	164801	166796	up	(800, 450)	testing
3	sq	f	20	7	diamond	red	dif	vert	up	(681, 568)	(800, 282)	True	168057	169372	left	(800, 450)	testing
3	sq	f	20	7	diamond	red	same	hori	left	(632, 450)	(681, 331)	True	172002	173836	left	(800, 450)	testing
3	sq	f	20	7	circle	red	same	vert	up	(968, 450)	(800, 618)	True	175019	176700	up	(800, 450)	testing
3	sq	f	20	7	diamond	none	same	vert	up	N_dis	(681, 331)	True	177814	180413	up	(800, 450)	testing
3	sq	f	20	7	circle	red	dif	vert	up	(681, 568)	(800, 618)	True	181704	183516	up	(800, 450)	testing
3	sq	f	20	7	circle	none	same	vert	up	N_dis	(800, 282)	True	184664	186300	up	(800, 450)	testing
3	sq	f	20	7	diamond	red	same	vert	up	(918, 568)	(800, 618)	True	187465	188860	up	(800, 450)	testing
3	sq	f	20	7	circle	green	dif	vert	up	(968, 450)	(800, 282)	True	190147	191884	up	(800, 450)	testing
3	sq	f	20	7	diamond	red	same	vert	up	(681, 331)	(918, 331)	True	193117	194492	up	(800, 450)	testing
3	sq	f	20	7	circle	red	same	hori	left	(968, 450)	(632, 450)	False	195729	None	None	(800, 450)	testing
3	sq	f	20	7	diamond	none	dif	vert	up	N_dis	(632, 450)	True	201434	203276	up	(800, 450)	testing
3	sq	f	20	7	circle	red	same	hori	left	(968, 450)	(918, 331)	True	204407	205692	left	(800, 450)	testing
3	sq	f	20	7	diamond	red	dif	vert	up	(681, 331)	(800, 618)	True	206753	207884	up	(800, 450)	testing
3	sq	f	20	7	diamond	green	same	vert	up	(968, 450)	(632, 450)	True	209063	210380	up	(800, 450)	testing
3	sq	f	20	7	diamond	none	dif	vert	up	N_dis	(918, 568)	True	211492	212396	up	(800, 450)	testing
3	sq	f	20	7	diamond	green	dif	vert	up	(968, 450)	(918, 568)	True	213494	214620	left	(800, 450)	testing
3	sq	f	20	7	diamond	red	dif	hori	left	(800, 282)	(681, 568)	True	217386	218892	left	(800, 450)	testing
3	sq	f	20	7	diamond	red	same	hori	left	(968, 450)	(632, 450)	True	220158	221708	left	(800, 450)	testing
3	sq	f	20	7	circle	none	same	vert	up	N_dis	(800, 618)	True	222789	223932	up	(800, 450)	testing
3	sq	f	20	7	circle	green	same	hori	left	(968, 450)	(681, 331)	True	225215	226989	left	(800, 450)	testing
3	sq	f	20	7	diamond	green	dif	vert	up	(918, 568)	(918, 331)	True	228258	230380	up	(800, 450)	testing
3	sq	f	20	7	circle	red	dif	vert	up	(968, 450)	(918, 568)	True	231452	232908	up	(800, 450)	testing
3	sq	f	20	7	circle	none	same	hori	left	N_dis	(681, 331)	True	233979	235516	left	(800, 450)	testing
3	sq	f	20	7	diamond	green	same	hori	left	(968, 450)	(800, 282)	True	236633	238636	left	(800, 450)	testing
3	sq	f	20	7	diamond	none	same	hori	left	N_dis	(800, 618)	True	239819	242252	left	(800, 450)	testing
3	sq	f	20	7	diamond	red	same	vert	up	(681, 568)	(800, 282)	True	243502	244892	up	(800, 450)	testing
3	sq	f	20	7	diamond	none	dif	hori	left	N_dis	(918, 331)	True	246153	247212	left	(800, 450)	testing
3	sq	f	20	7	circle	red	same	hori	left	(968, 450)	(800, 282)	True	248472	249724	up	(800, 450)	testing
3	sq	f	20	7	diamond	red	same	hori	left	(968, 450)	(918, 331)	False	252302	None	None	(800, 450)	testing
3	sq	f	20	7	diamond	none	same	vert	up	N_dis	(632, 450)	True	257919	259468	left	(800, 450)	testing
3	sq	f	20	7	diamond	green	same	vert	up	(968, 450)	(681, 568)	True	262067	264908	up	(800, 450)	testing
3	sq	f	20	7	circle	green	dif	hori	left	(968, 450)	(918, 568)	True	266074	267516	left	(800, 450)	testing
3	sq	f	20	7	diamond	green	dif	hori	left	(968, 450)	(632, 450)	True	268680	270748	left	(800, 450)	testing
3	sq	f	20	7	diamond	none	same	hori	left	N_dis	(968, 450)	True	271958	274300	left	(800, 450)	testing
3	sq	f	20	7	circle	green	same	vert	up	(968, 450)	(632, 450)	True	275550	277356	up	(800, 450)	testing
3	sq	f	20	7	circle	red	same	vert	up	(968, 450)	(681, 331)	True	278463	280428	up	(800, 450)	testing
3	sq	f	20	7	diamond	none	same	hori	left	N_dis	(681, 568)	True	281690	283004	left	(800, 450)	testing
3	sq	f	20	7	circle	green	dif	hori	left	(968, 450)	(800, 282)	True	284257	285820	left	(800, 450)	testing
3	sq	f	20	7	circle	none	dif	hori	left	N_dis	(918, 331)	True	286927	288188	left	(800, 450)	testing
3	sq	f	20	7	circle	red	same	vert	up	(968, 450)	(800, 618)	True	289269	290236	up	(800, 450)	testing
3	sq	f	20	7	circle	none	dif	vert	up	N_dis	(800, 618)	True	291430	292716	up	(800, 450)	testing
3	sq	f	20	7	circle	red	same	vert	up	(968, 450)	(800, 618)	True	293916	295021	up	(800, 450)	testing
3	sq	f	20	7	circle	red	same	vert	up	(918, 568)	(632, 450)	True	296149	297228	up	(800, 450)	testing
3	sq	f	20	7	diamond	none	same	vert	up	N_dis	(681, 568)	True	298277	299484	left	(800, 450)	testing
3	sq	f	20	7	circle	green	dif	vert	up	(632, 450)	(800, 282)	True	302235	303340	up	(800, 450)	testing
3	sq	f	20	7	circle	red	dif	hori	left	(800, 282)	(918, 331)	True	304568	305868	left	(800, 450)	testing
3	sq	f	20	7	diamond	green	same	vert	up	(968, 450)	(681, 331)	True	306951	308396	up	(800, 450)	testing
3	sq	f	20	7	diamond	none	same	hori	left	N_dis	(968, 450)	True	309456	310557	left	(800, 450)	testing
3	sq	f	20	7	diamond	none	dif	hori	left	N_dis	(918, 568)	True	311618	313116	left	(800, 450)	testing
3	sq	f	20	7	diamond	green	same	hori	left	(968, 450)	(918, 331)	True	314401	315629	left	(800, 450)	testing
3	sq	f	20	7	diamond	green	dif	hori	left	(968, 450)	(681, 568)	True	316909	318076	left	(800, 450)	testing
3	sq	f	20	7	circle	green	same	vert	up	(968, 450)	(800, 282)	True	319225	322044	up	(800, 450)	testing
3	sq	f	20	7	circle	none	dif	hori	left	N_dis	(968, 450)	True	323183	324172	left	(800, 450)	testing
3	sq	f	20	7	circle	green	same	vert	up	(632, 450)	(918, 331)	True	325349	326396	up	(800, 450)	testing
3	sq	f	20	7	circle	red	dif	hori	left	(968, 450)	(918, 331)	True	327675	329708	left	(800, 450)	testing
3	sq	f	20	7	diamond	red	same	vert	up	(800, 282)	(918, 331)	True	330953	332092	up	(800, 450)	testing
3	sq	f	20	7	diamond	red	dif	hori	left	(968, 450)	(918, 568)	True	333377	334636	left	(800, 450)	testing
3	sq	f	20	7	diamond	green	same	hori	left	(968, 450)	(918, 331)	True	335924	338476	left	(800, 450)	testing
3	sq	f	20	7	circle	green	same	hori	left	(968, 450)	(800, 282)	True	339707	341453	left	(800, 450)	testing
3	sq	f	20	7	diamond	red	dif	vert	up	(968, 450)	(800, 618)	True	342598	344572	up	(800, 450)	testing
3	sq	f	20	7	circle	red	same	hori	left	(968, 450)	(681, 568)	True	345824	348364	left	(800, 450)	testing
