subj	name	gender	age	runNum	shape	dist	td_dif	resp	resp_key	d_loc	t_loc	gotKey	startTime	respTime	resp	fix_loc	prac
3	sq	f	20	5	diamond	none	same	hori	left	N_dis	(681, 568)	True	3647	4732	left	(800, 450)	testing
3	sq	f	20	5	diamond	green	dif	vert	up	(681, 568)	(681, 331)	True	5961	7356	up	(800, 450)	testing
3	sq	f	20	5	diamond	none	dif	vert	up	N_dis	(968, 450)	True	8611	9676	up	(800, 450)	testing
3	sq	f	20	5	diamond	none	dif	vert	up	N_dis	(681, 331)	True	10885	11853	up	(800, 450)	testing
3	sq	f	20	5	circle	red	dif	hori	left	(681, 568)	(681, 331)	True	12935	14204	left	(800, 450)	testing
3	sq	f	20	5	diamond	red	dif	hori	left	(681, 568)	(800, 618)	True	15280	16540	up	(800, 450)	testing
3	sq	f	20	5	circle	none	same	hori	left	N_dis	(632, 450)	True	19241	20556	left	(800, 450)	testing
3	sq	f	20	5	diamond	green	same	hori	left	(681, 568)	(800, 282)	True	21657	24364	left	(800, 450)	testing
3	sq	f	20	5	diamond	none	dif	vert	up	N_dis	(800, 282)	True	25449	27100	up	(800, 450)	testing
3	sq	f	20	5	diamond	red	same	vert	up	(800, 618)	(918, 331)	True	28189	30028	up	(800, 450)	testing
3	sq	f	20	5	circle	red	dif	hori	left	(681, 568)	(968, 450)	True	31156	32300	left	(800, 450)	testing
3	sq	f	20	5	circle	green	same	vert	up	(681, 331)	(968, 450)	True	33463	34380	up	(800, 450)	testing
3	sq	f	20	5	circle	none	dif	vert	up	N_dis	(632, 450)	True	35572	36556	up	(800, 450)	testing
3	sq	f	20	5	diamond	green	dif	vert	up	(632, 450)	(681, 331)	True	37762	38909	up	(800, 450)	testing
3	sq	f	20	5	diamond	green	same	vert	up	(681, 568)	(632, 450)	True	40016	41372	up	(800, 450)	testing
3	sq	f	20	5	circle	red	dif	vert	up	(681, 568)	(800, 618)	True	42429	44028	up	(800, 450)	testing
3	sq	f	20	5	diamond	none	same	vert	up	N_dis	(681, 568)	True	45078	46780	up	(800, 450)	testing
3	sq	f	20	5	circle	none	dif	hori	left	N_dis	(800, 282)	True	48008	49260	left	(800, 450)	testing
3	sq	f	20	5	circle	green	same	hori	left	(681, 568)	(918, 568)	True	50483	51885	left	(800, 450)	testing
3	sq	f	20	5	circle	none	dif	vert	up	N_dis	(681, 331)	True	53078	54044	up	(800, 450)	testing
3	sq	f	20	5	circle	none	same	vert	up	N_dis	(800, 618)	True	55124	56268	up	(800, 450)	testing
3	sq	f	20	5	diamond	green	dif	hori	left	(681, 568)	(681, 331)	True	57456	60300	left	(800, 450)	testing
3	sq	f	20	5	circle	red	same	hori	left	(800, 618)	(968, 450)	True	61533	63052	left	(800, 450)	testing
3	sq	f	20	5	diamond	red	dif	vert	up	(918, 568)	(968, 450)	True	64342	65981	up	(800, 450)	testing
3	sq	f	20	5	circle	green	dif	hori	left	(632, 450)	(918, 331)	True	67206	68252	left	(800, 450)	testing
3	sq	f	20	5	circle	none	same	vert	up	N_dis	(918, 331)	True	69413	70316	left	(800, 450)	testing
3	sq	f	20	5	diamond	none	same	hori	left	N_dis	(632, 450)	True	73015	74476	left	(800, 450)	testing
3	sq	f	20	5	diamond	none	dif	hori	left	N_dis	(800, 618)	True	75733	78204	left	(800, 450)	testing
3	sq	f	20	5	diamond	green	dif	vert	up	(681, 568)	(632, 450)	True	79462	80668	up	(800, 450)	testing
3	sq	f	20	5	circle	green	dif	hori	left	(681, 568)	(800, 618)	True	81892	83708	left	(800, 450)	testing
3	sq	f	20	5	circle	green	dif	vert	up	(681, 568)	(968, 450)	True	84916	85981	up	(800, 450)	testing
3	sq	f	20	5	circle	red	same	vert	up	(918, 331)	(632, 450)	True	87248	88716	up	(800, 450)	testing
3	sq	f	20	5	circle	red	same	vert	up	(918, 331)	(918, 568)	True	89817	91052	up	(800, 450)	testing
3	sq	f	20	5	circle	green	same	vert	up	(681, 331)	(800, 618)	True	92299	93612	up	(800, 450)	testing
3	sq	f	20	5	diamond	red	dif	vert	up	(681, 568)	(968, 450)	True	94690	96668	up	(800, 450)	testing
3	sq	f	20	5	diamond	red	same	vert	up	(681, 568)	(968, 450)	True	97928	98684	up	(800, 450)	testing
3	sq	f	20	5	circle	none	same	hori	left	N_dis	(800, 282)	True	99923	101084	left	(800, 450)	testing
3	sq	f	20	5	circle	none	dif	vert	up	N_dis	(968, 450)	True	102262	103420	up	(800, 450)	testing
3	sq	f	20	5	circle	red	dif	hori	left	(681, 568)	(800, 282)	True	104575	105740	left	(800, 450)	testing
3	sq	f	20	5	diamond	none	same	vert	up	N_dis	(632, 450)	True	106972	109612	up	(800, 450)	testing
3	sq	f	20	5	diamond	green	dif	vert	up	(681, 568)	(918, 568)	True	110743	112332	up	(800, 450)	testing
3	sq	f	20	5	circle	green	same	hori	left	(681, 568)	(918, 568)	True	113396	114684	left	(800, 450)	testing
3	sq	f	20	5	circle	green	dif	vert	up	(632, 450)	(968, 450)	True	115828	117260	up	(800, 450)	testing
3	sq	f	20	5	diamond	red	same	vert	up	(681, 568)	(800, 282)	True	118471	120652	up	(800, 450)	testing
3	sq	f	20	5	circle	red	same	hori	left	(918, 568)	(800, 282)	True	121761	122684	left	(800, 450)	testing
3	sq	f	20	5	circle	red	dif	vert	up	(681, 568)	(800, 282)	True	123943	125484	up	(800, 450)	testing
3	sq	f	20	5	diamond	green	same	vert	up	(800, 282)	(918, 331)	True	126706	128620	up	(800, 450)	testing
3	sq	f	20	5	diamond	none	dif	hori	left	N_dis	(800, 282)	True	129717	131388	left	(800, 450)	testing
3	sq	f	20	5	diamond	red	dif	vert	up	(681, 568)	(800, 282)	True	132504	133676	left	(800, 450)	testing
3	sq	f	20	5	diamond	green	dif	hori	left	(681, 331)	(632, 450)	True	136386	138204	left	(800, 450)	testing
3	sq	f	20	5	diamond	red	dif	vert	up	(681, 568)	(968, 450)	True	139307	140989	up	(800, 450)	testing
3	sq	f	20	5	circle	green	same	hori	left	(968, 450)	(918, 331)	True	142130	143228	left	(800, 450)	testing
3	sq	f	20	5	diamond	green	dif	hori	left	(800, 618)	(681, 331)	True	144502	145869	up	(800, 450)	testing
3	sq	f	20	5	circle	none	same	hori	left	N_dis	(800, 618)	True	148579	149837	left	(800, 450)	testing
3	sq	f	20	5	circle	green	same	vert	up	(681, 568)	(800, 618)	True	150993	153901	up	(800, 450)	testing
3	sq	f	20	5	circle	green	same	hori	left	(681, 568)	(918, 331)	True	154978	156332	left	(800, 450)	testing
3	sq	f	20	5	diamond	red	same	hori	left	(918, 331)	(918, 568)	True	157588	159036	left	(800, 450)	testing
3	sq	f	20	5	diamond	green	dif	vert	up	(681, 568)	(681, 331)	True	160174	161676	up	(800, 450)	testing
3	sq	f	20	5	diamond	green	dif	hori	left	(632, 450)	(681, 331)	True	162743	164172	left	(800, 450)	testing
3	sq	f	20	5	diamond	red	same	vert	up	(681, 568)	(918, 331)	True	165391	166428	up	(800, 450)	testing
3	sq	f	20	5	diamond	none	dif	hori	left	N_dis	(681, 331)	True	167711	169292	left	(800, 450)	testing
3	sq	f	20	5	circle	red	dif	hori	left	(800, 618)	(681, 331)	True	170546	171965	left	(800, 450)	testing
3	sq	f	20	5	diamond	green	same	vert	up	(681, 568)	(918, 331)	True	173126	174588	up	(800, 450)	testing
3	sq	f	20	5	diamond	none	dif	hori	left	N_dis	(681, 331)	True	175715	177164	left	(800, 450)	testing
3	sq	f	20	5	diamond	none	same	vert	up	N_dis	(681, 568)	True	178281	179324	up	(800, 450)	testing
3	sq	f	20	5	diamond	green	same	hori	left	(681, 568)	(918, 568)	True	180523	182700	left	(800, 450)	testing
3	sq	f	20	5	circle	red	same	vert	up	(681, 568)	(681, 331)	True	183836	185132	up	(800, 450)	testing
3	sq	f	20	5	circle	green	dif	hori	left	(681, 568)	(918, 331)	True	186332	187372	left	(800, 450)	testing
3	sq	f	20	5	circle	green	dif	hori	left	(918, 331)	(681, 331)	True	188567	190108	left	(800, 450)	testing
3	sq	f	20	5	diamond	red	dif	hori	left	(681, 568)	(632, 450)	True	191288	192813	up	(800, 450)	testing
3	sq	f	20	5	circle	red	dif	vert	up	(800, 282)	(968, 450)	True	195572	197180	up	(800, 450)	testing
3	sq	f	20	5	diamond	green	dif	hori	left	(968, 450)	(800, 618)	True	198464	200236	left	(800, 450)	testing
3	sq	f	20	5	circle	none	dif	hori	left	N_dis	(918, 568)	True	201428	202684	left	(800, 450)	testing
3	sq	f	20	5	diamond	red	same	hori	left	(681, 568)	(968, 450)	True	203761	205756	left	(800, 450)	testing
3	sq	f	20	5	circle	none	same	hori	left	N_dis	(968, 450)	True	206992	208044	left	(800, 450)	testing
3	sq	f	20	5	circle	none	dif	hori	left	N_dis	(918, 331)	True	209311	210428	left	(800, 450)	testing
3	sq	f	20	5	diamond	green	same	hori	left	(968, 450)	(800, 618)	True	211580	213308	left	(800, 450)	testing
3	sq	f	20	5	circle	green	dif	vert	up	(681, 568)	(918, 331)	True	214473	215788	up	(800, 450)	testing
3	sq	f	20	5	diamond	red	dif	hori	left	(918, 568)	(632, 450)	True	216967	218604	left	(800, 450)	testing
3	sq	f	20	5	circle	none	same	vert	up	N_dis	(800, 282)	True	219755	220845	up	(800, 450)	testing
3	sq	f	20	5	diamond	red	dif	vert	up	(681, 331)	(918, 568)	True	222136	223292	up	(800, 450)	testing
3	sq	f	20	5	diamond	green	same	vert	up	(681, 568)	(918, 331)	True	224353	225724	up	(800, 450)	testing
3	sq	f	20	5	diamond	none	same	hori	left	N_dis	(918, 331)	True	226781	228348	left	(800, 450)	testing
3	sq	f	20	5	diamond	red	dif	hori	left	(681, 568)	(681, 331)	True	229497	230764	left	(800, 450)	testing
3	sq	f	20	5	diamond	none	dif	vert	up	N_dis	(681, 568)	True	231821	233020	up	(800, 450)	testing
3	sq	f	20	5	circle	red	dif	hori	left	(681, 568)	(632, 450)	True	234300	236124	left	(800, 450)	testing
3	sq	f	20	5	diamond	none	same	hori	left	N_dis	(918, 331)	True	237272	238572	left	(800, 450)	testing
3	sq	f	20	5	diamond	red	dif	hori	left	(681, 568)	(918, 331)	True	239622	240813	left	(800, 450)	testing
3	sq	f	20	5	diamond	green	same	vert	up	(681, 568)	(918, 568)	True	241916	243340	up	(800, 450)	testing
3	sq	f	20	5	diamond	red	same	hori	left	(681, 568)	(968, 450)	True	244546	245500	left	(800, 450)	testing
3	sq	f	20	5	diamond	none	same	vert	up	N_dis	(800, 618)	True	246655	247869	up	(800, 450)	testing
3	sq	f	20	5	circle	green	dif	vert	up	(681, 568)	(632, 450)	True	249109	250941	up	(800, 450)	testing
3	sq	f	20	5	diamond	green	same	hori	left	(681, 568)	(800, 618)	True	252205	253885	left	(800, 450)	testing
3	sq	f	20	5	diamond	none	dif	vert	up	N_dis	(968, 450)	True	254983	256700	up	(800, 450)	testing
3	sq	f	20	5	circle	red	same	vert	up	(681, 568)	(800, 618)	True	257915	258957	left	(800, 450)	testing
3	sq	f	20	5	diamond	none	same	hori	left	N_dis	(918, 568)	True	261751	263356	left	(800, 450)	testing
3	sq	f	20	5	circle	none	same	vert	up	N_dis	(681, 331)	True	264513	265580	up	(800, 450)	testing
3	sq	f	20	5	diamond	red	same	vert	up	(681, 568)	(800, 282)	True	266728	269004	up	(800, 450)	testing
3	sq	f	20	5	circle	green	dif	vert	up	(681, 568)	(918, 568)	True	270264	271260	up	(800, 450)	testing
3	sq	f	20	5	circle	red	same	hori	left	(681, 568)	(632, 450)	True	272305	273148	left	(800, 450)	testing
3	sq	f	20	5	circle	red	dif	vert	up	(681, 568)	(681, 331)	True	274377	275276	up	(800, 450)	testing
3	sq	f	20	5	circle	none	dif	hori	left	N_dis	(800, 618)	True	276533	277580	left	(800, 450)	testing
3	sq	f	20	5	diamond	green	same	hori	left	(681, 568)	(918, 568)	True	278747	281228	left	(800, 450)	testing
3	sq	f	20	5	circle	green	same	vert	up	(800, 282)	(968, 450)	True	282313	283452	up	(800, 450)	testing
3	sq	f	20	5	circle	red	same	vert	up	(681, 568)	(800, 282)	True	284639	285981	up	(800, 450)	testing
3	sq	f	20	5	diamond	none	dif	hori	left	N_dis	(918, 568)	True	287081	288380	left	(800, 450)	testing
3	sq	f	20	5	circle	red	dif	vert	up	(968, 450)	(681, 331)	True	289546	290700	up	(800, 450)	testing
3	sq	f	20	5	diamond	none	same	vert	up	N_dis	(632, 450)	True	291801	293180	up	(800, 450)	testing
3	sq	f	20	5	circle	red	same	hori	left	(681, 568)	(800, 618)	True	294382	296252	up	(800, 450)	testing
3	sq	f	20	5	diamond	red	same	hori	left	(681, 568)	(632, 450)	True	299040	300300	left	(800, 450)	testing
3	sq	f	20	5	diamond	red	same	hori	left	(918, 568)	(632, 450)	True	301587	303324	left	(800, 450)	testing
3	sq	f	20	5	circle	green	dif	hori	left	(800, 282)	(800, 618)	True	304572	306428	left	(800, 450)	testing
3	sq	f	20	5	circle	none	dif	hori	left	N_dis	(918, 568)	True	307502	308813	left	(800, 450)	testing
3	sq	f	20	5	circle	red	same	hori	left	(681, 568)	(918, 331)	True	310047	310877	left	(800, 450)	testing
3	sq	f	20	5	circle	none	same	vert	up	N_dis	(681, 568)	True	312105	313340	up	(800, 450)	testing
3	sq	f	20	5	circle	none	dif	vert	up	N_dis	(968, 450)	True	314587	316092	left	(800, 450)	testing
3	sq	f	20	5	circle	green	same	hori	left	(681, 568)	(918, 331)	True	318751	320284	left	(800, 450)	testing
3	sq	f	20	5	circle	none	dif	vert	up	N_dis	(918, 568)	True	321480	322380	up	(800, 450)	testing
3	sq	f	20	5	circle	green	same	vert	up	(681, 568)	(918, 331)	True	323523	324588	up	(800, 450)	testing
3	sq	f	20	5	circle	none	same	hori	left	N_dis	(918, 331)	True	325803	326764	left	(800, 450)	testing
