subj	name	gender	age	runNum	shape	dist	td_dif	resp	resp_key	d_loc	t_loc	gotKey	startTime	respTime	resp	fix_loc	prac
3	sq	f	20	3	circle	green	same	vert	up	(681, 568)	(800, 282)	True	4897	7261	up	(800, 450)	testing
3	sq	f	20	3	diamond	red	same	vert	up	(681, 568)	(632, 450)	True	8511	10333	up	(800, 450)	testing
3	sq	f	20	3	diamond	red	dif	hori	left	(918, 568)	(632, 450)	True	11593	12941	left	(800, 450)	testing
3	sq	f	20	3	circle	red	dif	hori	left	(681, 568)	(918, 331)	True	14013	16253	left	(800, 450)	testing
3	sq	f	20	3	diamond	green	same	hori	left	(681, 568)	(632, 450)	True	17404	18974	left	(800, 450)	testing
3	sq	f	20	3	diamond	red	dif	vert	up	(681, 568)	(918, 331)	True	20244	21757	up	(800, 450)	testing
3	sq	f	20	3	diamond	none	dif	hori	left	N_dis	(681, 568)	True	22946	24333	left	(800, 450)	testing
3	sq	f	20	3	circle	none	same	vert	up	N_dis	(632, 450)	True	25455	27036	up	(800, 450)	testing
3	sq	f	20	3	diamond	green	dif	vert	up	(681, 568)	(681, 331)	True	28212	30076	up	(800, 450)	testing
3	sq	f	20	3	circle	red	dif	vert	up	(681, 568)	(800, 618)	True	31258	32285	left	(800, 450)	testing
3	sq	f	20	3	diamond	green	dif	vert	up	(800, 618)	(632, 450)	True	34979	37661	up	(800, 450)	testing
3	sq	f	20	3	diamond	none	same	hori	left	N_dis	(632, 450)	True	38738	40028	left	(800, 450)	testing
3	sq	f	20	3	circle	green	dif	vert	up	(681, 568)	(632, 450)	True	41309	42781	up	(800, 450)	testing
3	sq	f	20	3	diamond	red	same	hori	left	(681, 568)	(632, 450)	True	44067	45165	left	(800, 450)	testing
3	sq	f	20	3	diamond	none	same	vert	up	N_dis	(632, 450)	True	46224	47501	up	(800, 450)	testing
3	sq	f	20	3	diamond	red	same	vert	up	(681, 331)	(968, 450)	True	48633	50381	up	(800, 450)	testing
3	sq	f	20	3	diamond	none	dif	hori	left	N_dis	(918, 568)	True	51542	53901	left	(800, 450)	testing
3	sq	f	20	3	circle	green	same	hori	left	(681, 568)	(800, 282)	True	55140	56813	left	(800, 450)	testing
3	sq	f	20	3	diamond	red	dif	hori	left	(681, 568)	(681, 331)	True	57867	59629	left	(800, 450)	testing
3	sq	f	20	3	diamond	red	same	hori	left	(632, 450)	(968, 450)	True	60678	61757	left	(800, 450)	testing
3	sq	f	20	3	circle	none	same	hori	left	N_dis	(800, 618)	True	63011	65148	up	(800, 450)	testing
3	sq	f	20	3	circle	none	dif	vert	up	N_dis	(918, 331)	True	67852	69100	up	(800, 450)	testing
3	sq	f	20	3	circle	green	same	hori	left	(968, 450)	(681, 331)	True	70288	71709	left	(800, 450)	testing
3	sq	f	20	3	diamond	none	dif	hori	left	N_dis	(681, 331)	True	72903	74397	left	(800, 450)	testing
3	sq	f	20	3	diamond	red	dif	vert	up	(918, 331)	(800, 282)	True	75516	77068	left	(800, 450)	testing
3	sq	f	20	3	circle	green	dif	vert	up	(918, 568)	(918, 331)	True	79889	81933	up	(800, 450)	testing
3	sq	f	20	3	circle	green	dif	vert	up	(681, 568)	(968, 450)	True	83189	85068	up	(800, 450)	testing
3	sq	f	20	3	circle	none	dif	vert	up	N_dis	(918, 568)	True	86216	87325	up	(800, 450)	testing
3	sq	f	20	3	diamond	green	same	vert	up	(681, 568)	(918, 568)	True	88393	89453	up	(800, 450)	testing
3	sq	f	20	3	circle	red	dif	vert	up	(968, 450)	(632, 450)	True	90538	92685	up	(800, 450)	testing
3	sq	f	20	3	diamond	green	same	hori	left	(681, 568)	(800, 618)	True	93858	95805	left	(800, 450)	testing
3	sq	f	20	3	circle	red	dif	hori	left	(681, 568)	(800, 618)	True	96964	99261	left	(800, 450)	testing
3	sq	f	20	3	circle	red	same	vert	up	(681, 568)	(918, 568)	True	100386	101981	up	(800, 450)	testing
3	sq	f	20	3	diamond	none	same	vert	up	N_dis	(918, 568)	True	103052	105613	up	(800, 450)	testing
3	sq	f	20	3	diamond	none	dif	vert	up	N_dis	(681, 568)	True	106753	107949	up	(800, 450)	testing
3	sq	f	20	3	diamond	none	dif	vert	up	N_dis	(918, 331)	True	109119	110669	up	(800, 450)	testing
3	sq	f	20	3	circle	none	same	vert	up	N_dis	(800, 282)	True	111929	114157	up	(800, 450)	testing
3	sq	f	20	3	circle	none	same	hori	left	N_dis	(968, 450)	True	115366	117245	left	(800, 450)	testing
3	sq	f	20	3	circle	red	dif	hori	left	(681, 568)	(632, 450)	True	118477	119437	up	(800, 450)	testing
3	sq	f	20	3	circle	green	same	hori	left	(918, 568)	(968, 450)	True	122205	123485	left	(800, 450)	testing
3	sq	f	20	3	circle	green	same	vert	up	(681, 568)	(681, 331)	True	124626	127020	up	(800, 450)	testing
3	sq	f	20	3	circle	green	same	vert	up	(681, 568)	(681, 331)	True	128297	130365	up	(800, 450)	testing
3	sq	f	20	3	diamond	green	same	hori	left	(968, 450)	(800, 282)	True	131644	133374	left	(800, 450)	testing
3	sq	f	20	3	diamond	none	dif	vert	up	N_dis	(681, 331)	True	134580	137004	up	(800, 450)	testing
3	sq	f	20	3	circle	green	same	vert	up	(681, 568)	(800, 282)	True	138047	139901	up	(800, 450)	testing
3	sq	f	20	3	diamond	red	same	hori	left	(681, 568)	(800, 618)	True	141041	142012	left	(800, 450)	testing
3	sq	f	20	3	circle	none	dif	vert	up	N_dis	(681, 331)	True	143117	144605	left	(800, 450)	testing
3	sq	f	20	3	diamond	red	dif	vert	up	(968, 450)	(918, 331)	True	147352	149533	left	(800, 450)	testing
3	sq	f	20	3	diamond	none	same	hori	left	N_dis	(918, 568)	True	152318	154781	left	(800, 450)	testing
3	sq	f	20	3	diamond	none	same	hori	left	N_dis	(800, 282)	True	155899	157645	left	(800, 450)	testing
3	sq	f	20	3	diamond	green	same	vert	up	(918, 568)	(800, 282)	True	158717	160493	up	(800, 450)	testing
3	sq	f	20	3	circle	none	dif	hori	left	N_dis	(968, 450)	True	161747	162717	left	(800, 450)	testing
3	sq	f	20	3	circle	red	dif	vert	up	(800, 618)	(681, 331)	True	163878	165581	up	(800, 450)	testing
3	sq	f	20	3	circle	red	same	vert	up	(918, 331)	(800, 618)	True	166700	167821	up	(800, 450)	testing
3	sq	f	20	3	diamond	none	same	vert	up	N_dis	(681, 331)	True	168968	170237	up	(800, 450)	testing
3	sq	f	20	3	diamond	green	same	hori	left	(681, 568)	(681, 331)	True	171329	173277	left	(800, 450)	testing
3	sq	f	20	3	circle	none	same	hori	left	N_dis	(800, 618)	True	174491	176685	left	(800, 450)	testing
3	sq	f	20	3	circle	none	same	vert	up	N_dis	(681, 568)	True	177755	179517	up	(800, 450)	testing
3	sq	f	20	3	circle	red	same	vert	up	(681, 568)	(800, 282)	True	180599	182221	up	(800, 450)	testing
3	sq	f	20	3	circle	none	dif	hori	left	N_dis	(800, 618)	True	183295	184269	left	(800, 450)	testing
3	sq	f	20	3	circle	green	dif	vert	up	(681, 568)	(918, 331)	True	185351	186861	up	(800, 450)	testing
3	sq	f	20	3	diamond	green	dif	hori	left	(681, 568)	(800, 618)	True	188019	189917	left	(800, 450)	testing
3	sq	f	20	3	diamond	green	dif	vert	up	(632, 450)	(800, 618)	True	191139	193261	up	(800, 450)	testing
3	sq	f	20	3	circle	green	same	hori	left	(681, 568)	(918, 331)	True	194327	196557	left	(800, 450)	testing
3	sq	f	20	3	diamond	red	dif	vert	up	(681, 568)	(918, 331)	True	197743	199165	up	(800, 450)	testing
3	sq	f	20	3	diamond	red	same	hori	left	(918, 331)	(632, 450)	True	200436	201789	left	(800, 450)	testing
3	sq	f	20	3	diamond	green	same	hori	left	(681, 568)	(918, 331)	True	202934	204429	left	(800, 450)	testing
3	sq	f	20	3	circle	red	same	hori	left	(632, 450)	(918, 331)	True	205720	206877	left	(800, 450)	testing
3	sq	f	20	3	circle	red	same	hori	left	(681, 331)	(800, 282)	True	208026	209245	left	(800, 450)	testing
3	sq	f	20	3	circle	none	dif	hori	left	N_dis	(968, 450)	True	210485	211741	left	(800, 450)	testing
3	sq	f	20	3	diamond	none	same	hori	left	N_dis	(968, 450)	True	212847	214108	left	(800, 450)	testing
3	sq	f	20	3	circle	none	same	hori	left	N_dis	(681, 568)	True	215287	216445	left	(800, 450)	testing
3	sq	f	20	3	diamond	none	same	vert	up	N_dis	(800, 282)	True	217679	219068	up	(800, 450)	testing
3	sq	f	20	3	diamond	green	dif	hori	left	(681, 568)	(918, 331)	True	220313	221421	left	(800, 450)	testing
3	sq	f	20	3	circle	red	same	hori	left	(681, 568)	(800, 282)	True	222470	223773	left	(800, 450)	testing
3	sq	f	20	3	circle	green	dif	hori	left	(681, 568)	(968, 450)	True	225052	226076	left	(800, 450)	testing
3	sq	f	20	3	diamond	green	same	vert	up	(681, 568)	(800, 282)	True	227295	228973	up	(800, 450)	testing
3	sq	f	20	3	circle	red	same	vert	up	(681, 568)	(681, 331)	True	230040	232028	up	(800, 450)	testing
3	sq	f	20	3	circle	none	dif	hori	left	N_dis	(918, 331)	True	233150	234333	left	(800, 450)	testing
3	sq	f	20	3	diamond	green	dif	vert	up	(681, 568)	(632, 450)	True	235621	236829	up	(800, 450)	testing
3	sq	f	20	3	diamond	none	dif	vert	up	N_dis	(681, 331)	True	238007	239565	left	(800, 450)	testing
3	sq	f	20	3	circle	green	dif	hori	left	(800, 618)	(800, 282)	True	242150	243677	left	(800, 450)	testing
3	sq	f	20	3	diamond	green	dif	hori	left	(681, 568)	(918, 568)	False	244909	None	None	(800, 450)	testing
3	sq	f	20	3	circle	green	dif	hori	left	(681, 568)	(918, 568)	True	250581	251693	left	(800, 450)	testing
3	sq	f	20	3	circle	red	dif	vert	up	(681, 331)	(632, 450)	True	252880	254012	up	(800, 450)	testing
3	sq	f	20	3	diamond	red	same	vert	up	(681, 568)	(918, 568)	True	255135	257197	up	(800, 450)	testing
3	sq	f	20	3	diamond	none	same	vert	up	N_dis	(800, 282)	True	258320	260445	up	(800, 450)	testing
3	sq	f	20	3	diamond	red	dif	hori	left	(681, 568)	(918, 568)	True	261609	263965	left	(800, 450)	testing
3	sq	f	20	3	diamond	none	dif	hori	left	N_dis	(800, 282)	True	265119	267165	left	(800, 450)	testing
3	sq	f	20	3	diamond	red	same	hori	left	(681, 568)	(968, 450)	True	268416	269453	left	(800, 450)	testing
3	sq	f	20	3	diamond	green	same	vert	up	(681, 568)	(968, 450)	True	270674	271901	up	(800, 450)	testing
3	sq	f	20	3	diamond	green	dif	hori	left	(681, 568)	(681, 331)	True	273170	275132	left	(800, 450)	testing
3	sq	f	20	3	diamond	green	dif	vert	up	(681, 568)	(968, 450)	True	276213	277805	up	(800, 450)	testing
3	sq	f	20	3	circle	none	same	hori	left	N_dis	(918, 331)	True	278939	280381	left	(800, 450)	testing
3	sq	f	20	3	circle	red	same	hori	left	(681, 568)	(918, 568)	True	281604	283229	left	(800, 450)	testing
3	sq	f	20	3	diamond	red	same	vert	up	(800, 282)	(632, 450)	True	284343	285645	up	(800, 450)	testing
3	sq	f	20	3	circle	none	dif	vert	up	N_dis	(918, 568)	True	286715	288060	up	(800, 450)	testing
3	sq	f	20	3	circle	none	dif	vert	up	N_dis	(632, 450)	True	289109	290108	up	(800, 450)	testing
3	sq	f	20	3	circle	red	same	hori	left	(681, 568)	(800, 618)	True	291300	292557	left	(800, 450)	testing
3	sq	f	20	3	diamond	green	dif	hori	left	(800, 282)	(968, 450)	True	293785	295341	left	(800, 450)	testing
3	sq	f	20	3	diamond	green	same	vert	up	(681, 568)	(800, 618)	True	296465	297821	up	(800, 450)	testing
3	sq	f	20	3	circle	none	same	vert	up	N_dis	(681, 568)	True	298959	299982	up	(800, 450)	testing
3	sq	f	20	3	diamond	none	same	hori	left	N_dis	(632, 450)	True	301235	302285	left	(800, 450)	testing
3	sq	f	20	3	diamond	none	dif	hori	left	N_dis	(968, 450)	True	303530	305341	left	(800, 450)	testing
3	sq	f	20	3	circle	green	dif	vert	up	(800, 618)	(918, 331)	True	306541	308301	up	(800, 450)	testing
3	sq	f	20	3	diamond	red	dif	vert	up	(681, 568)	(632, 450)	True	309491	311421	up	(800, 450)	testing
3	sq	f	20	3	diamond	red	same	vert	up	(800, 282)	(632, 450)	True	312544	313709	up	(800, 450)	testing
3	sq	f	20	3	circle	red	dif	hori	left	(800, 282)	(968, 450)	True	314760	316092	left	(800, 450)	testing
3	sq	f	20	3	diamond	none	dif	vert	up	N_dis	(800, 618)	True	317166	319773	left	(800, 450)	testing
3	sq	f	20	3	circle	none	same	vert	up	N_dis	(800, 618)	True	322358	324012	up	(800, 450)	testing
3	sq	f	20	3	circle	green	dif	hori	left	(632, 450)	(918, 331)	True	325279	326525	left	(800, 450)	testing
3	sq	f	20	3	circle	red	same	vert	up	(681, 568)	(918, 331)	True	327686	329245	up	(800, 450)	testing
3	sq	f	20	3	diamond	red	dif	hori	left	(681, 568)	(968, 450)	True	330447	332173	left	(800, 450)	testing
3	sq	f	20	3	circle	green	dif	hori	left	(681, 568)	(918, 331)	True	333223	334894	left	(800, 450)	testing
3	sq	f	20	3	circle	red	dif	vert	up	(681, 568)	(968, 450)	True	336041	337421	up	(800, 450)	testing
3	sq	f	20	3	circle	red	dif	hori	left	(681, 331)	(632, 450)	True	338621	339597	left	(800, 450)	testing
3	sq	f	20	3	circle	green	same	hori	left	(681, 568)	(918, 331)	True	340853	342269	left	(800, 450)	testing
3	sq	f	20	3	diamond	red	dif	hori	left	(681, 568)	(800, 282)	True	343486	345453	left	(800, 450)	testing
3	sq	f	20	3	circle	green	same	vert	up	(918, 331)	(918, 568)	True	346700	348461	up	(800, 450)	testing
3	sq	f	20	3	circle	none	dif	hori	left	N_dis	(918, 331)	True	349632	350621	left	(800, 450)	testing
