subj	name	gender	age	runNum	shape	dist	td_dif	resp	resp_key	d_loc	t_loc	gotKey	startTime	respTime	resp	fix_loc	prac
3	sq	f	20	6	diamond	none	dif	hori	left	N_dis	(632, 450)	True	4767	5901	left	(800, 450)	testing
3	sq	f	20	6	circle	none	dif	vert	up	N_dis	(918, 331)	True	6977	7885	up	(800, 450)	testing
3	sq	f	20	6	circle	red	dif	hori	left	(681, 568)	(800, 282)	True	9033	10669	left	(800, 450)	testing
3	sq	f	20	6	diamond	none	same	vert	up	N_dis	(800, 618)	True	11901	12957	up	(800, 450)	testing
3	sq	f	20	6	circle	green	dif	vert	up	(681, 568)	(800, 282)	True	14165	15372	up	(800, 450)	testing
3	sq	f	20	6	diamond	red	dif	vert	up	(681, 568)	(918, 331)	True	16538	17725	up	(800, 450)	testing
3	sq	f	20	6	circle	none	dif	vert	up	N_dis	(681, 568)	True	18946	20444	up	(800, 450)	testing
3	sq	f	20	6	diamond	green	same	vert	up	(681, 568)	(800, 282)	True	21717	22957	up	(800, 450)	testing
3	sq	f	20	6	diamond	green	same	vert	up	(681, 568)	(918, 331)	True	24030	25773	up	(800, 450)	testing
3	sq	f	20	6	diamond	red	dif	vert	up	(800, 282)	(800, 618)	True	26978	28220	up	(800, 450)	testing
3	sq	f	20	6	diamond	none	same	hori	left	N_dis	(918, 331)	False	29324	None	None	(800, 450)	testing
3	sq	f	20	6	circle	red	same	vert	up	(681, 568)	(681, 331)	True	35127	37244	up	(800, 450)	testing
3	sq	f	20	6	circle	none	same	hori	left	N_dis	(800, 282)	True	38523	39997	left	(800, 450)	testing
3	sq	f	20	6	diamond	none	dif	vert	up	N_dis	(800, 282)	True	41174	42749	up	(800, 450)	testing
3	sq	f	20	6	diamond	none	dif	vert	up	N_dis	(800, 282)	True	43855	45180	up	(800, 450)	testing
3	sq	f	20	6	circle	green	same	vert	up	(681, 568)	(918, 331)	True	46233	47580	up	(800, 450)	testing
3	sq	f	20	6	diamond	red	dif	hori	left	(918, 331)	(918, 568)	True	48672	50012	left	(800, 450)	testing
3	sq	f	20	6	circle	none	dif	hori	left	N_dis	(681, 331)	True	51153	52364	left	(800, 450)	testing
3	sq	f	20	6	circle	red	same	hori	left	(681, 331)	(632, 450)	True	53530	54765	up	(800, 450)	testing
3	sq	f	20	6	diamond	green	dif	vert	up	(681, 568)	(632, 450)	True	57521	59260	up	(800, 450)	testing
3	sq	f	20	6	circle	none	same	vert	up	N_dis	(918, 331)	True	60500	61821	up	(800, 450)	testing
3	sq	f	20	6	circle	green	dif	vert	up	(968, 450)	(681, 331)	True	62953	65020	up	(800, 450)	testing
3	sq	f	20	6	diamond	red	dif	hori	left	(681, 568)	(918, 568)	True	66230	67805	left	(800, 450)	testing
3	sq	f	20	6	diamond	none	same	hori	left	N_dis	(681, 568)	True	69049	71324	left	(800, 450)	testing
3	sq	f	20	6	circle	none	dif	hori	left	N_dis	(918, 568)	True	72536	73468	left	(800, 450)	testing
3	sq	f	20	6	circle	green	dif	vert	up	(681, 568)	(800, 618)	True	74700	76284	up	(800, 450)	testing
3	sq	f	20	6	circle	none	same	hori	left	N_dis	(968, 450)	True	77524	78332	left	(800, 450)	testing
3	sq	f	20	6	diamond	green	dif	vert	up	(681, 568)	(632, 450)	True	79598	80621	up	(800, 450)	testing
3	sq	f	20	6	diamond	red	dif	vert	up	(681, 568)	(800, 618)	True	81759	82781	up	(800, 450)	testing
3	sq	f	20	6	circle	red	same	hori	left	(681, 568)	(918, 331)	True	84032	85020	left	(800, 450)	testing
3	sq	f	20	6	circle	none	dif	hori	left	N_dis	(968, 450)	True	86293	87196	left	(800, 450)	testing
3	sq	f	20	6	circle	red	same	vert	up	(632, 450)	(800, 282)	True	88297	89212	up	(800, 450)	testing
3	sq	f	20	6	diamond	green	same	vert	up	(681, 568)	(681, 331)	True	90410	91452	up	(800, 450)	testing
3	sq	f	20	6	diamond	red	same	hori	left	(681, 568)	(800, 282)	True	92611	94444	up	(800, 450)	testing
3	sq	f	20	6	diamond	green	dif	hori	left	(681, 568)	(800, 282)	True	97131	99020	left	(800, 450)	testing
3	sq	f	20	6	circle	green	dif	hori	left	(800, 282)	(918, 331)	True	100294	101228	left	(800, 450)	testing
3	sq	f	20	6	circle	green	same	hori	left	(681, 568)	(918, 331)	True	102513	103340	left	(800, 450)	testing
3	sq	f	20	6	diamond	green	dif	vert	up	(681, 568)	(632, 450)	True	104606	106172	left	(800, 450)	testing
3	sq	f	20	6	circle	green	same	vert	up	(681, 331)	(918, 331)	True	108859	110621	up	(800, 450)	testing
3	sq	f	20	6	diamond	green	same	hori	left	(681, 568)	(968, 450)	True	111844	113580	left	(800, 450)	testing
3	sq	f	20	6	diamond	red	dif	hori	left	(681, 568)	(632, 450)	True	114626	115725	left	(800, 450)	testing
3	sq	f	20	6	diamond	green	same	vert	up	(918, 568)	(918, 331)	True	116938	118797	up	(800, 450)	testing
3	sq	f	20	6	circle	green	same	hori	left	(681, 568)	(632, 450)	True	120016	121933	left	(800, 450)	testing
3	sq	f	20	6	circle	none	dif	hori	left	N_dis	(800, 282)	True	123123	124124	up	(800, 450)	testing
3	sq	f	20	6	circle	red	same	hori	left	(968, 450)	(800, 618)	True	126745	128797	left	(800, 450)	testing
3	sq	f	20	6	circle	green	same	hori	left	(681, 331)	(800, 618)	True	130048	131164	left	(800, 450)	testing
3	sq	f	20	6	diamond	red	same	hori	left	(681, 568)	(918, 331)	True	132220	133468	left	(800, 450)	testing
3	sq	f	20	6	circle	none	dif	vert	up	N_dis	(918, 568)	True	134617	137068	up	(800, 450)	testing
3	sq	f	20	6	circle	red	same	vert	up	(632, 450)	(918, 568)	True	138306	139196	up	(800, 450)	testing
3	sq	f	20	6	circle	none	dif	hori	left	N_dis	(968, 450)	True	140437	142893	left	(800, 450)	testing
3	sq	f	20	6	circle	red	same	hori	left	(918, 568)	(800, 282)	True	144065	145484	left	(800, 450)	testing
3	sq	f	20	6	circle	none	same	hori	left	N_dis	(918, 331)	True	146657	148108	left	(800, 450)	testing
3	sq	f	20	6	circle	red	dif	hori	left	(681, 568)	(800, 618)	False	149180	None	None	(800, 450)	testing
3	sq	f	20	6	circle	green	same	hori	left	(681, 568)	(968, 450)	True	154878	156044	left	(800, 450)	testing
3	sq	f	20	6	diamond	red	same	vert	up	(681, 568)	(800, 618)	True	157144	158941	up	(800, 450)	testing
3	sq	f	20	6	diamond	red	same	hori	left	(681, 568)	(800, 618)	True	160048	161661	left	(800, 450)	testing
3	sq	f	20	6	circle	none	same	hori	left	N_dis	(800, 618)	True	162829	163773	left	(800, 450)	testing
3	sq	f	20	6	diamond	red	dif	vert	up	(681, 568)	(681, 331)	True	165049	166492	up	(800, 450)	testing
3	sq	f	20	6	circle	none	dif	vert	up	N_dis	(632, 450)	True	167723	168797	up	(800, 450)	testing
3	sq	f	20	6	circle	none	same	hori	left	N_dis	(800, 618)	True	169980	171516	left	(800, 450)	testing
3	sq	f	20	6	circle	none	same	vert	up	N_dis	(918, 331)	True	172702	173821	up	(800, 450)	testing
3	sq	f	20	6	diamond	red	same	vert	up	(632, 450)	(918, 568)	True	174890	176316	up	(800, 450)	testing
3	sq	f	20	6	diamond	red	same	hori	left	(681, 568)	(681, 331)	True	177484	179036	left	(800, 450)	testing
3	sq	f	20	6	diamond	none	dif	hori	left	N_dis	(681, 568)	True	180296	181821	left	(800, 450)	testing
3	sq	f	20	6	circle	red	dif	hori	left	(681, 568)	(918, 331)	True	182866	184316	left	(800, 450)	testing
3	sq	f	20	6	circle	green	same	vert	up	(681, 568)	(968, 450)	True	185586	187244	up	(800, 450)	testing
3	sq	f	20	6	diamond	red	same	vert	up	(681, 568)	(918, 331)	True	188385	189709	up	(800, 450)	testing
3	sq	f	20	6	circle	red	dif	vert	up	(681, 568)	(918, 568)	True	190949	192188	up	(800, 450)	testing
3	sq	f	20	6	diamond	green	dif	hori	left	(800, 282)	(632, 450)	True	193253	194124	left	(800, 450)	testing
3	sq	f	20	6	circle	none	same	vert	up	N_dis	(681, 331)	True	195314	197356	up	(800, 450)	testing
3	sq	f	20	6	circle	green	dif	hori	left	(681, 568)	(918, 331)	True	198501	199404	left	(800, 450)	testing
3	sq	f	20	6	circle	green	dif	hori	left	(800, 618)	(632, 450)	True	200669	202204	left	(800, 450)	testing
3	sq	f	20	6	circle	green	dif	vert	up	(681, 568)	(968, 450)	True	203269	204188	up	(800, 450)	testing
3	sq	f	20	6	diamond	none	dif	vert	up	N_dis	(918, 568)	True	205299	206877	up	(800, 450)	testing
3	sq	f	20	6	diamond	none	dif	hori	left	N_dis	(968, 450)	True	208103	209452	left	(800, 450)	testing
3	sq	f	20	6	diamond	none	same	hori	left	N_dis	(800, 618)	True	210600	211420	up	(800, 450)	testing
3	sq	f	20	6	circle	none	same	vert	up	N_dis	(632, 450)	True	214189	215661	up	(800, 450)	testing
3	sq	f	20	6	diamond	green	same	hori	left	(918, 568)	(800, 282)	True	216880	217629	left	(800, 450)	testing
3	sq	f	20	6	circle	green	same	hori	left	(681, 568)	(968, 450)	True	218871	219773	left	(800, 450)	testing
3	sq	f	20	6	diamond	red	same	hori	left	(681, 568)	(968, 450)	True	220911	221853	left	(800, 450)	testing
3	sq	f	20	6	diamond	red	dif	vert	up	(681, 568)	(968, 450)	True	223026	223949	up	(800, 450)	testing
3	sq	f	20	6	diamond	none	same	vert	up	N_dis	(681, 331)	True	225006	226588	left	(800, 450)	testing
3	sq	f	20	6	circle	red	dif	vert	up	(681, 568)	(918, 568)	True	229229	229981	up	(800, 450)	testing
3	sq	f	20	6	circle	red	same	hori	left	(968, 450)	(918, 331)	True	231053	231997	left	(800, 450)	testing
3	sq	f	20	6	diamond	green	dif	vert	up	(681, 568)	(632, 450)	True	233165	233981	up	(800, 450)	testing
3	sq	f	20	6	diamond	red	dif	hori	left	(918, 331)	(681, 331)	True	235164	236220	left	(800, 450)	testing
3	sq	f	20	6	diamond	green	same	hori	left	(681, 568)	(681, 331)	True	237512	238492	left	(800, 450)	testing
3	sq	f	20	6	diamond	none	dif	vert	up	N_dis	(632, 450)	True	239764	240925	up	(800, 450)	testing
3	sq	f	20	6	circle	red	dif	vert	up	(800, 618)	(968, 450)	True	242174	243773	up	(800, 450)	testing
3	sq	f	20	6	circle	red	dif	hori	left	(681, 568)	(632, 450)	True	244901	246108	left	(800, 450)	testing
3	sq	f	20	6	diamond	none	same	hori	left	N_dis	(681, 568)	True	247282	250204	left	(800, 450)	testing
3	sq	f	20	6	diamond	green	same	vert	up	(800, 618)	(918, 331)	True	251366	253004	up	(800, 450)	testing
3	sq	f	20	6	circle	none	dif	vert	up	N_dis	(681, 568)	True	254241	256156	up	(800, 450)	testing
3	sq	f	20	6	circle	red	dif	vert	up	(681, 568)	(800, 618)	True	257283	259500	up	(800, 450)	testing
3	sq	f	20	6	circle	none	same	vert	up	N_dis	(681, 331)	True	260738	262268	up	(800, 450)	testing
3	sq	f	20	6	circle	green	dif	hori	left	(681, 568)	(800, 282)	True	263517	264989	left	(800, 450)	testing
3	sq	f	20	6	diamond	none	dif	vert	up	N_dis	(968, 450)	True	266164	268044	left	(800, 450)	testing
3	sq	f	20	6	circle	red	dif	hori	left	(800, 282)	(968, 450)	True	270869	272092	left	(800, 450)	testing
3	sq	f	20	6	circle	green	dif	vert	up	(800, 618)	(918, 331)	True	273216	274364	up	(800, 450)	testing
3	sq	f	20	6	circle	green	same	vert	up	(681, 568)	(800, 282)	True	275593	276588	up	(800, 450)	testing
3	sq	f	20	6	diamond	none	dif	hori	left	N_dis	(918, 568)	True	277814	279036	left	(800, 450)	testing
3	sq	f	20	6	diamond	none	same	vert	up	N_dis	(632, 450)	True	280323	281484	up	(800, 450)	testing
3	sq	f	20	6	diamond	none	same	vert	up	N_dis	(800, 618)	True	282616	284124	up	(800, 450)	testing
3	sq	f	20	6	diamond	green	same	hori	left	(968, 450)	(800, 282)	True	285376	287132	left	(800, 450)	testing
3	sq	f	20	6	diamond	green	dif	hori	left	(681, 331)	(800, 618)	True	288419	289597	left	(800, 450)	testing
3	sq	f	20	6	diamond	red	same	vert	up	(681, 568)	(681, 331)	True	290791	292012	up	(800, 450)	testing
3	sq	f	20	6	circle	red	same	vert	up	(681, 568)	(918, 568)	True	293098	295500	up	(800, 450)	testing
3	sq	f	20	6	diamond	none	dif	hori	left	N_dis	(800, 282)	True	296556	297548	left	(800, 450)	testing
3	sq	f	20	6	circle	green	dif	hori	left	(918, 568)	(800, 282)	True	298611	300685	left	(800, 450)	testing
3	sq	f	20	6	diamond	green	dif	hori	left	(681, 568)	(681, 331)	True	301873	304092	left	(800, 450)	testing
3	sq	f	20	6	diamond	green	same	hori	left	(632, 450)	(800, 618)	True	305271	306717	left	(800, 450)	testing
3	sq	f	20	6	diamond	green	dif	vert	up	(681, 568)	(918, 568)	True	307967	309228	up	(800, 450)	testing
3	sq	f	20	6	circle	red	dif	vert	up	(918, 331)	(968, 450)	True	310520	312060	up	(800, 450)	testing
3	sq	f	20	6	diamond	red	same	vert	up	(681, 568)	(918, 568)	True	313149	314380	up	(800, 450)	testing
3	sq	f	20	6	circle	red	same	vert	up	(918, 331)	(968, 450)	True	315426	316396	up	(800, 450)	testing
3	sq	f	20	6	diamond	red	dif	hori	left	(681, 568)	(918, 331)	True	317640	319196	left	(800, 450)	testing
3	sq	f	20	6	diamond	green	dif	hori	left	(681, 568)	(800, 618)	True	320313	321500	left	(800, 450)	testing
3	sq	f	20	6	circle	green	same	vert	up	(681, 568)	(918, 568)	True	322785	324044	up	(800, 450)	testing
3	sq	f	20	6	diamond	none	same	vert	up	N_dis	(918, 568)	True	325203	326348	up	(800, 450)	testing
3	sq	f	20	6	diamond	none	same	hori	left	N_dis	(681, 331)	True	327583	329597	left	(800, 450)	testing
