subj	name	gender	age	runNum	shape	dist	td_dif	resp	resp_key	d_loc	t_loc	gotKey	startTime	respTime	resp	fix_loc	prac
3	sq	f	20	2	circle	green	same	vert	up	(800, 282)	(918, 568)	True	11567	13708	up	(800, 450)	testing
3	sq	f	20	2	diamond	none	same	hori	left	N_dis	(918, 331)	True	14995	16380	left	(800, 450)	testing
3	sq	f	20	2	circle	none	same	hori	left	N_dis	(800, 618)	True	17572	19036	left	(800, 450)	testing
3	sq	f	20	2	circle	none	dif	vert	up	N_dis	(918, 568)	True	20228	21564	up	(800, 450)	testing
3	sq	f	20	2	diamond	red	dif	hori	left	(800, 282)	(681, 331)	True	22749	25036	left	(800, 450)	testing
3	sq	f	20	2	diamond	none	dif	hori	left	N_dis	(918, 568)	True	26132	27516	left	(800, 450)	testing
3	sq	f	20	2	circle	red	same	hori	left	(632, 450)	(681, 568)	True	28579	31116	left	(800, 450)	testing
3	sq	f	20	2	diamond	green	dif	hori	left	(968, 450)	(681, 568)	True	32357	33949	left	(800, 450)	testing
3	sq	f	20	2	circle	red	same	vert	up	(681, 331)	(918, 331)	True	35207	36764	up	(800, 450)	testing
3	sq	f	20	2	diamond	red	dif	hori	left	(800, 282)	(918, 331)	True	37919	39692	left	(800, 450)	testing
3	sq	f	20	2	diamond	green	same	hori	left	(800, 282)	(681, 331)	True	40889	42844	left	(800, 450)	testing
3	sq	f	20	2	diamond	none	dif	hori	left	N_dis	(800, 618)	True	43940	45548	left	(800, 450)	testing
3	sq	f	20	2	diamond	green	dif	vert	up	(800, 282)	(800, 618)	True	46803	48332	up	(800, 450)	testing
3	sq	f	20	2	circle	green	same	hori	left	(681, 568)	(681, 331)	True	49548	51580	left	(800, 450)	testing
3	sq	f	20	2	circle	none	same	hori	left	N_dis	(681, 568)	True	52643	54044	left	(800, 450)	testing
3	sq	f	20	2	diamond	none	same	vert	up	N_dis	(918, 331)	True	55187	56524	up	(800, 450)	testing
3	sq	f	20	2	diamond	none	same	hori	left	N_dis	(968, 450)	True	57779	59196	left	(800, 450)	testing
3	sq	f	20	2	circle	green	dif	hori	left	(918, 331)	(918, 568)	True	60455	62332	left	(800, 450)	testing
3	sq	f	20	2	diamond	red	same	hori	left	(800, 282)	(968, 450)	True	63458	65228	left	(800, 450)	testing
3	sq	f	20	2	circle	none	same	hori	left	N_dis	(681, 568)	True	66492	67644	left	(800, 450)	testing
3	sq	f	20	2	circle	green	same	vert	up	(681, 331)	(968, 450)	True	68773	70316	up	(800, 450)	testing
3	sq	f	20	2	circle	red	dif	hori	left	(918, 568)	(632, 450)	True	71504	72812	left	(800, 450)	testing
3	sq	f	20	2	circle	none	dif	vert	up	N_dis	(800, 282)	True	74096	75516	up	(800, 450)	testing
3	sq	f	20	2	diamond	green	dif	hori	left	(800, 282)	(800, 618)	True	76591	78012	left	(800, 450)	testing
3	sq	f	20	2	diamond	green	same	hori	left	(800, 282)	(632, 450)	True	79123	80236	left	(800, 450)	testing
3	sq	f	20	2	diamond	red	same	vert	up	(800, 282)	(632, 450)	True	81302	82316	up	(800, 450)	testing
3	sq	f	20	2	diamond	green	same	vert	up	(968, 450)	(632, 450)	True	83434	84460	left	(800, 450)	testing
3	sq	f	20	2	circle	red	same	hori	left	(800, 282)	(800, 618)	True	87203	88716	left	(800, 450)	testing
3	sq	f	20	2	circle	red	same	hori	left	(800, 282)	(632, 450)	True	89976	90876	left	(800, 450)	testing
3	sq	f	20	2	circle	none	dif	vert	up	N_dis	(918, 331)	True	91993	93148	up	(800, 450)	testing
3	sq	f	20	2	diamond	none	dif	hori	left	N_dis	(632, 450)	True	94314	95164	left	(800, 450)	testing
3	sq	f	20	2	circle	none	dif	vert	up	N_dis	(681, 331)	True	96431	97484	up	(800, 450)	testing
3	sq	f	20	2	diamond	red	same	vert	up	(800, 282)	(800, 618)	True	98748	101068	up	(800, 450)	testing
3	sq	f	20	2	diamond	none	same	hori	left	N_dis	(632, 450)	True	102316	103212	left	(800, 450)	testing
3	sq	f	20	2	circle	green	dif	hori	left	(800, 282)	(681, 568)	True	104309	106700	left	(800, 450)	testing
3	sq	f	20	2	circle	green	dif	hori	left	(968, 450)	(918, 568)	True	107873	109804	left	(800, 450)	testing
3	sq	f	20	2	circle	green	dif	hori	left	(681, 331)	(918, 331)	True	111091	112316	left	(800, 450)	testing
3	sq	f	20	2	diamond	red	dif	vert	up	(800, 282)	(918, 568)	True	113429	114925	up	(800, 450)	testing
3	sq	f	20	2	circle	green	dif	vert	up	(800, 282)	(918, 568)	True	116019	117724	up	(800, 450)	testing
3	sq	f	20	2	circle	green	same	vert	up	(800, 282)	(681, 568)	True	118972	120524	up	(800, 450)	testing
3	sq	f	20	2	diamond	green	same	hori	left	(632, 450)	(918, 331)	True	121570	123580	left	(800, 450)	testing
3	sq	f	20	2	diamond	none	dif	vert	up	N_dis	(968, 450)	True	124658	125949	up	(800, 450)	testing
3	sq	f	20	2	circle	red	same	hori	left	(918, 568)	(918, 331)	True	127084	128204	left	(800, 450)	testing
3	sq	f	20	2	circle	red	dif	hori	left	(681, 568)	(968, 450)	True	129322	130444	up	(800, 450)	testing
3	sq	f	20	2	diamond	green	dif	vert	up	(681, 331)	(968, 450)	True	133094	134604	up	(800, 450)	testing
3	sq	f	20	2	circle	red	dif	vert	up	(800, 282)	(918, 568)	True	135884	137756	left	(800, 450)	testing
3	sq	f	20	2	circle	red	same	vert	up	(800, 282)	(968, 450)	True	140403	141276	up	(800, 450)	testing
3	sq	f	20	2	circle	red	same	vert	up	(800, 282)	(632, 450)	True	142442	143836	up	(800, 450)	testing
3	sq	f	20	2	circle	red	same	vert	up	(918, 331)	(918, 568)	True	145125	147020	up	(800, 450)	testing
3	sq	f	20	2	circle	green	dif	vert	up	(800, 282)	(800, 618)	True	148099	149324	up	(800, 450)	testing
3	sq	f	20	2	diamond	green	dif	hori	left	(800, 618)	(968, 450)	True	150574	151516	up	(800, 450)	testing
3	sq	f	20	2	diamond	green	same	hori	left	(800, 618)	(681, 568)	True	154236	156604	left	(800, 450)	testing
3	sq	f	20	2	diamond	green	dif	vert	up	(800, 282)	(918, 331)	True	157672	159292	up	(800, 450)	testing
3	sq	f	20	2	diamond	green	same	vert	up	(800, 282)	(918, 568)	True	160415	161804	up	(800, 450)	testing
3	sq	f	20	2	diamond	none	same	vert	up	N_dis	(800, 282)	True	163000	164396	up	(800, 450)	testing
3	sq	f	20	2	circle	none	dif	vert	up	N_dis	(681, 331)	True	165624	167388	up	(800, 450)	testing
3	sq	f	20	2	circle	green	same	hori	left	(632, 450)	(681, 568)	True	168618	170460	left	(800, 450)	testing
3	sq	f	20	2	diamond	green	dif	hori	left	(800, 282)	(918, 568)	True	171702	173244	left	(800, 450)	testing
3	sq	f	20	2	diamond	none	dif	vert	up	N_dis	(632, 450)	True	174512	175900	up	(800, 450)	testing
3	sq	f	20	2	circle	none	same	vert	up	N_dis	(632, 450)	True	176985	179036	left	(800, 450)	testing
3	sq	f	20	2	diamond	red	dif	hori	left	(800, 282)	(681, 568)	True	181638	182780	left	(800, 450)	testing
3	sq	f	20	2	diamond	none	dif	vert	up	N_dis	(968, 450)	True	183921	185116	up	(800, 450)	testing
3	sq	f	20	2	diamond	red	dif	vert	up	(800, 282)	(681, 568)	True	186289	187212	left	(800, 450)	testing
3	sq	f	20	2	circle	red	dif	vert	up	(800, 282)	(681, 331)	False	189898	None	None	(800, 450)	testing
3	sq	f	20	2	diamond	none	same	vert	up	N_dis	(800, 282)	True	195522	197036	left	(800, 450)	testing
3	sq	f	20	2	circle	green	same	hori	left	(800, 282)	(918, 331)	True	199819	201917	left	(800, 450)	testing
3	sq	f	20	2	circle	red	dif	hori	left	(800, 282)	(632, 450)	True	203160	204332	left	(800, 450)	testing
3	sq	f	20	2	circle	red	dif	vert	up	(800, 282)	(968, 450)	True	205608	206668	up	(800, 450)	testing
3	sq	f	20	2	circle	green	dif	vert	up	(632, 450)	(968, 450)	True	207806	209404	up	(800, 450)	testing
3	sq	f	20	2	diamond	red	same	hori	left	(800, 282)	(918, 331)	True	210581	211772	left	(800, 450)	testing
3	sq	f	20	2	circle	green	dif	hori	left	(800, 282)	(681, 568)	True	212892	214028	left	(800, 450)	testing
3	sq	f	20	2	circle	none	dif	hori	left	N_dis	(681, 568)	True	215103	216236	left	(800, 450)	testing
3	sq	f	20	2	diamond	green	dif	hori	left	(681, 568)	(681, 331)	True	217496	219068	up	(800, 450)	testing
3	sq	f	20	2	diamond	green	same	vert	up	(800, 282)	(681, 331)	True	221795	224092	up	(800, 450)	testing
3	sq	f	20	2	diamond	red	same	vert	up	(800, 282)	(681, 331)	True	225346	226941	up	(800, 450)	testing
3	sq	f	20	2	circle	green	same	vert	up	(800, 282)	(968, 450)	True	227983	230524	up	(800, 450)	testing
3	sq	f	20	2	diamond	red	same	hori	left	(800, 282)	(968, 450)	True	231753	232909	left	(800, 450)	testing
3	sq	f	20	2	diamond	none	same	hori	left	N_dis	(918, 568)	True	234035	235404	left	(800, 450)	testing
3	sq	f	20	2	circle	green	dif	vert	up	(800, 282)	(681, 568)	True	236605	237516	up	(800, 450)	testing
3	sq	f	20	2	circle	none	dif	hori	left	N_dis	(681, 568)	True	238591	239900	left	(800, 450)	testing
3	sq	f	20	2	diamond	red	dif	hori	left	(800, 282)	(681, 331)	True	241036	242524	up	(800, 450)	testing
3	sq	f	20	2	diamond	none	dif	vert	up	N_dis	(800, 618)	True	245131	246604	up	(800, 450)	testing
3	sq	f	20	2	circle	red	same	vert	up	(800, 282)	(800, 618)	True	247697	249516	up	(800, 450)	testing
3	sq	f	20	2	circle	none	dif	hori	left	N_dis	(681, 331)	True	250565	251933	left	(800, 450)	testing
3	sq	f	20	2	diamond	none	same	vert	up	N_dis	(918, 568)	True	253173	254300	up	(800, 450)	testing
3	sq	f	20	2	diamond	green	dif	vert	up	(918, 331)	(632, 450)	True	255367	257084	up	(800, 450)	testing
3	sq	f	20	2	diamond	red	same	vert	up	(800, 282)	(681, 331)	True	258365	259900	up	(800, 450)	testing
3	sq	f	20	2	circle	green	same	hori	left	(918, 568)	(632, 450)	True	261115	263676	left	(800, 450)	testing
3	sq	f	20	2	diamond	red	dif	hori	left	(800, 618)	(968, 450)	True	264751	267004	left	(800, 450)	testing
3	sq	f	20	2	circle	none	same	hori	left	N_dis	(681, 331)	True	268178	269676	left	(800, 450)	testing
3	sq	f	20	2	diamond	red	same	hori	left	(800, 282)	(918, 331)	True	270867	272220	left	(800, 450)	testing
3	sq	f	20	2	circle	red	same	hori	left	(681, 568)	(800, 618)	True	273417	276204	left	(800, 450)	testing
3	sq	f	20	2	circle	green	same	vert	up	(800, 282)	(681, 568)	True	277364	279164	up	(800, 450)	testing
3	sq	f	20	2	circle	green	dif	vert	up	(800, 282)	(918, 331)	True	280291	282476	up	(800, 450)	testing
3	sq	f	20	2	diamond	red	dif	vert	up	(800, 282)	(800, 618)	True	283597	285260	up	(800, 450)	testing
3	sq	f	20	2	diamond	red	dif	vert	up	(800, 282)	(632, 450)	True	286542	287724	up	(800, 450)	testing
3	sq	f	20	2	circle	green	same	hori	left	(800, 282)	(800, 618)	True	288997	291308	left	(800, 450)	testing
3	sq	f	20	2	circle	red	dif	hori	left	(800, 282)	(968, 450)	True	292576	293852	left	(800, 450)	testing
3	sq	f	20	2	circle	none	same	vert	up	N_dis	(918, 331)	True	295035	296060	up	(800, 450)	testing
3	sq	f	20	2	circle	none	dif	hori	left	N_dis	(968, 450)	True	297324	298844	left	(800, 450)	testing
3	sq	f	20	2	circle	none	same	vert	up	N_dis	(918, 331)	True	300100	301708	up	(800, 450)	testing
3	sq	f	20	2	diamond	green	same	vert	up	(800, 282)	(800, 618)	True	302922	305356	up	(800, 450)	testing
3	sq	f	20	2	diamond	red	same	hori	left	(800, 282)	(968, 450)	True	306635	308925	left	(800, 450)	testing
3	sq	f	20	2	diamond	green	same	vert	up	(918, 568)	(968, 450)	True	310090	312524	up	(800, 450)	testing
3	sq	f	20	2	circle	none	same	vert	up	N_dis	(681, 568)	True	313569	315900	up	(800, 450)	testing
3	sq	f	20	2	diamond	red	same	vert	up	(968, 450)	(918, 568)	True	317134	318716	up	(800, 450)	testing
3	sq	f	20	2	circle	none	dif	hori	left	N_dis	(632, 450)	True	319992	321180	left	(800, 450)	testing
3	sq	f	20	2	circle	none	same	vert	up	N_dis	(800, 282)	True	322419	323756	up	(800, 450)	testing
3	sq	f	20	2	diamond	none	dif	vert	up	N_dis	(968, 450)	True	324956	326796	up	(800, 450)	testing
3	sq	f	20	2	diamond	red	dif	vert	up	(800, 282)	(918, 331)	True	327906	329981	up	(800, 450)	testing
3	sq	f	20	2	circle	none	same	hori	left	N_dis	(800, 618)	True	331197	333164	left	(800, 450)	testing
3	sq	f	20	2	circle	red	dif	vert	up	(800, 282)	(632, 450)	True	334386	335644	left	(800, 450)	testing
3	sq	f	20	2	circle	red	dif	hori	left	(800, 282)	(918, 568)	True	338224	339836	left	(800, 450)	testing
3	sq	f	20	2	diamond	none	dif	hori	left	N_dis	(800, 282)	True	340891	343532	left	(800, 450)	testing
3	sq	f	20	2	circle	red	dif	vert	up	(918, 331)	(681, 568)	True	344695	346236	up	(800, 450)	testing
3	sq	f	20	2	diamond	none	dif	hori	left	N_dis	(681, 331)	True	347349	349356	left	(800, 450)	testing
3	sq	f	20	2	diamond	none	same	hori	left	N_dis	(918, 568)	True	350482	351692	left	(800, 450)	testing
3	sq	f	20	2	diamond	green	dif	vert	up	(800, 282)	(800, 618)	True	352791	354172	up	(800, 450)	testing
3	sq	f	20	2	diamond	none	same	vert	up	N_dis	(800, 618)	True	355278	356796	up	(800, 450)	testing
3	sq	f	20	2	diamond	green	same	hori	left	(800, 618)	(681, 331)	True	358033	359628	left	(800, 450)	testing
