subj	name	gender	age	runNum	shape	dist	td_dif	resp	resp_key	d_loc	t_loc	gotKey	startTime	respTime	resp	fix_loc	prac
3	sq	f	20	1	circle	red	dif	vert	up	(800, 282)	(968, 450)	True	157999	159660	left	(800, 450)	practice
3	sq	f	20	1	diamond	none	dif	hori	left	N_dis	(968, 450)	True	162337	164508	left	(800, 450)	practice
3	sq	f	20	1	diamond	green	dif	vert	up	(800, 282)	(632, 450)	True	165589	167548	up	(800, 450)	practice
3	sq	f	20	1	diamond	none	same	hori	left	N_dis	(918, 331)	True	168711	171404	left	(800, 450)	practice
3	sq	f	20	1	circle	none	dif	hori	left	N_dis	(968, 450)	True	172455	173869	left	(800, 450)	practice
3	sq	f	20	1	diamond	red	same	hori	left	(800, 282)	(800, 618)	True	174989	176620	left	(800, 450)	practice
3	sq	f	20	1	diamond	red	same	vert	up	(800, 282)	(800, 618)	True	177806	179388	up	(800, 450)	practice
3	sq	f	20	1	circle	green	same	vert	up	(800, 282)	(681, 331)	True	180667	182252	up	(800, 450)	practice
3	sq	f	20	1	diamond	none	dif	vert	up	N_dis	(681, 568)	True	183345	185052	up	(800, 450)	practice
3	sq	f	20	1	diamond	none	dif	hori	left	N_dis	(681, 331)	True	186198	188172	left	(800, 450)	practice
3	sq	f	20	1	circle	red	dif	hori	left	(800, 282)	(632, 450)	True	189461	191180	left	(800, 450)	practice
3	sq	f	20	1	circle	green	same	hori	left	(800, 282)	(918, 568)	True	192471	194444	left	(800, 450)	practice
3	sq	f	20	1	diamond	green	dif	vert	up	(800, 282)	(968, 450)	True	195624	197180	up	(800, 450)	practice
3	sq	f	20	1	diamond	red	dif	hori	left	(800, 282)	(918, 331)	True	198361	200140	up	(800, 450)	practice
3	sq	f	20	1	circle	green	same	vert	up	(800, 282)	(681, 568)	False	202904	None	None	(800, 450)	practice
3	sq	f	20	1	circle	red	dif	hori	left	(800, 282)	(968, 450)	True	208546	209772	left	(800, 450)	practice
3	sq	f	20	1	diamond	none	same	vert	up	N_dis	(632, 450)	True	211001	212236	up	(800, 450)	practice
3	sq	f	20	1	circle	none	dif	vert	up	N_dis	(800, 282)	True	213483	214748	up	(800, 450)	practice
3	sq	f	20	1	circle	green	dif	hori	left	(800, 282)	(918, 568)	True	215944	217260	left	(800, 450)	practice
3	sq	f	20	1	diamond	green	dif	vert	up	(800, 282)	(681, 331)	True	218482	220076	up	(800, 450)	practice
3	sq	f	20	1	diamond	none	same	hori	left	N_dis	(800, 618)	True	221358	222556	left	(800, 450)	practice
3	sq	f	20	1	circle	green	dif	vert	up	(800, 282)	(681, 331)	True	223604	224989	up	(800, 450)	practice
3	sq	f	20	1	circle	green	same	hori	left	(800, 282)	(681, 331)	True	226072	227548	left	(800, 450)	practice
3	sq	f	20	1	diamond	red	same	vert	up	(800, 282)	(681, 568)	True	228808	230076	up	(800, 450)	practice
3	sq	f	20	1	circle	red	same	vert	up	(800, 282)	(681, 568)	True	231173	232348	up	(800, 450)	practice
3	sq	f	20	1	circle	green	dif	vert	up	(800, 282)	(681, 568)	True	233408	234732	up	(800, 450)	practice
3	sq	f	20	1	diamond	green	dif	vert	up	(800, 282)	(800, 618)	True	236026	237676	up	(800, 450)	practice
3	sq	f	20	1	circle	none	dif	hori	left	N_dis	(681, 568)	True	238730	240044	left	(800, 450)	practice
3	sq	f	20	1	circle	none	same	vert	up	N_dis	(800, 618)	True	241211	242636	up	(800, 450)	practice
3	sq	f	20	1	circle	none	same	hori	left	N_dis	(918, 331)	True	243728	245116	left	(800, 450)	practice
3	sq	f	20	1	diamond	green	same	hori	left	(800, 282)	(681, 568)	True	246375	248893	left	(800, 450)	practice
3	sq	f	20	1	circle	none	dif	vert	up	N_dis	(968, 450)	True	250024	252460	up	(800, 450)	practice
3	sq	f	20	1	diamond	none	same	hori	left	N_dis	(968, 450)	True	253603	255564	left	(800, 450)	practice
3	sq	f	20	1	diamond	green	dif	vert	up	(800, 282)	(918, 331)	False	256679	None	None	(800, 450)	practice
3	sq	f	20	1	circle	red	dif	hori	left	(800, 282)	(632, 450)	True	262454	264652	left	(800, 450)	practice
3	sq	f	20	1	circle	red	same	hori	left	(800, 282)	(918, 331)	True	265944	267516	left	(800, 450)	practice
3	sq	f	20	1	circle	none	same	hori	left	N_dis	(681, 331)	True	268807	270380	left	(800, 450)	practice
3	sq	f	20	1	circle	none	same	hori	left	N_dis	(968, 450)	True	271589	272845	left	(800, 450)	practice
3	sq	f	20	1	diamond	green	dif	hori	left	(800, 282)	(918, 568)	True	274086	276380	left	(800, 450)	practice
3	sq	f	20	1	circle	red	same	vert	up	(800, 282)	(918, 568)	True	277672	279244	up	(800, 450)	practice
3	sq	f	20	1	diamond	none	dif	vert	up	N_dis	(800, 618)	True	298192	299740	up	(800, 450)	testing
3	sq	f	20	1	diamond	none	dif	vert	up	N_dis	(918, 331)	True	300921	302172	up	(800, 450)	testing
3	sq	f	20	1	diamond	green	dif	vert	up	(800, 282)	(968, 450)	True	303406	304813	up	(800, 450)	testing
3	sq	f	20	1	diamond	none	dif	hori	left	N_dis	(632, 450)	True	306087	307660	left	(800, 450)	testing
3	sq	f	20	1	circle	red	dif	vert	up	(800, 282)	(918, 568)	True	308952	310476	up	(800, 450)	testing
3	sq	f	20	1	circle	none	same	hori	left	N_dis	(968, 450)	True	311742	313180	left	(800, 450)	testing
3	sq	f	20	1	circle	red	same	hori	left	(681, 331)	(681, 568)	True	314306	315740	left	(800, 450)	testing
3	sq	f	20	1	diamond	green	dif	vert	up	(800, 282)	(800, 618)	True	316881	318300	up	(800, 450)	testing
3	sq	f	20	1	circle	none	dif	hori	left	N_dis	(918, 568)	True	319355	320540	left	(800, 450)	testing
3	sq	f	20	1	circle	green	dif	hori	left	(800, 282)	(918, 568)	True	321740	322813	left	(800, 450)	testing
3	sq	f	20	1	diamond	green	dif	vert	up	(800, 282)	(632, 450)	True	323923	325997	up	(800, 450)	testing
3	sq	f	20	1	diamond	none	same	vert	up	N_dis	(632, 450)	True	327154	328524	up	(800, 450)	testing
3	sq	f	20	1	diamond	green	same	hori	left	(800, 282)	(918, 568)	True	329742	332684	left	(800, 450)	testing
3	sq	f	20	1	diamond	green	same	hori	left	(800, 282)	(681, 568)	True	333917	336813	up	(800, 450)	testing
3	sq	f	20	1	diamond	green	dif	hori	left	(800, 282)	(681, 331)	True	339464	341372	left	(800, 450)	testing
3	sq	f	20	1	circle	green	dif	hori	left	(800, 282)	(681, 568)	True	342565	344236	left	(800, 450)	testing
3	sq	f	20	1	diamond	red	same	vert	up	(800, 282)	(681, 568)	True	345488	347644	up	(800, 450)	testing
3	sq	f	20	1	circle	red	dif	vert	up	(800, 282)	(800, 618)	True	348908	350508	left	(800, 450)	testing
3	sq	f	20	1	diamond	none	dif	hori	left	N_dis	(681, 568)	True	353183	354877	left	(800, 450)	testing
3	sq	f	20	1	circle	none	dif	hori	left	N_dis	(968, 450)	True	355969	357740	left	(800, 450)	testing
3	sq	f	20	1	circle	red	same	vert	up	(918, 331)	(681, 568)	False	358984	None	None	(800, 450)	testing
3	sq	f	20	1	diamond	red	same	vert	up	(681, 331)	(918, 331)	True	364688	367676	up	(800, 450)	testing
3	sq	f	20	1	diamond	red	dif	hori	left	(800, 282)	(800, 618)	True	368858	370444	left	(800, 450)	testing
3	sq	f	20	1	diamond	green	same	vert	up	(800, 282)	(918, 331)	False	371725	None	None	(800, 450)	testing
3	sq	f	20	1	circle	none	same	vert	up	N_dis	(681, 568)	True	377439	379901	up	(800, 450)	testing
3	sq	f	20	1	circle	red	same	vert	up	(800, 282)	(968, 450)	True	381040	382925	up	(800, 450)	testing
3	sq	f	20	1	diamond	green	same	hori	left	(918, 568)	(918, 331)	True	384076	386380	left	(800, 450)	testing
3	sq	f	20	1	circle	red	dif	hori	left	(800, 282)	(632, 450)	True	387474	389292	left	(800, 450)	testing
3	sq	f	20	1	diamond	green	same	hori	left	(968, 450)	(681, 568)	True	390500	392700	left	(800, 450)	testing
3	sq	f	20	1	circle	red	same	vert	up	(800, 282)	(918, 568)	True	393937	395484	up	(800, 450)	testing
3	sq	f	20	1	diamond	red	dif	vert	up	(918, 568)	(800, 618)	True	396563	398780	up	(800, 450)	testing
3	sq	f	20	1	circle	none	same	vert	up	N_dis	(918, 568)	True	399831	401644	up	(800, 450)	testing
3	sq	f	20	1	diamond	red	dif	vert	up	(800, 282)	(681, 331)	True	402687	404572	up	(800, 450)	testing
3	sq	f	20	1	circle	none	same	hori	left	N_dis	(800, 618)	True	405658	407020	left	(800, 450)	testing
3	sq	f	20	1	diamond	red	dif	hori	left	(800, 282)	(968, 450)	True	408194	410076	left	(800, 450)	testing
3	sq	f	20	1	diamond	red	dif	hori	left	(632, 450)	(918, 568)	True	411175	413004	left	(800, 450)	testing
3	sq	f	20	1	circle	green	dif	vert	up	(800, 618)	(918, 568)	True	414135	415997	up	(800, 450)	testing
3	sq	f	20	1	circle	none	dif	vert	up	N_dis	(681, 331)	True	417130	418380	up	(800, 450)	testing
3	sq	f	20	1	circle	green	same	hori	left	(968, 450)	(681, 568)	True	419610	420668	left	(800, 450)	testing
3	sq	f	20	1	diamond	red	dif	hori	left	(800, 282)	(918, 331)	True	421753	424300	left	(800, 450)	testing
3	sq	f	20	1	circle	red	same	hori	left	(800, 282)	(681, 331)	True	425411	427917	left	(800, 450)	testing
3	sq	f	20	1	diamond	red	dif	vert	up	(681, 568)	(918, 568)	True	429115	430845	up	(800, 450)	testing
3	sq	f	20	1	diamond	green	same	vert	up	(918, 331)	(681, 331)	True	432045	434236	up	(800, 450)	testing
3	sq	f	20	1	diamond	none	same	hori	left	N_dis	(918, 331)	True	435469	437740	up	(800, 450)	testing
3	sq	f	20	1	diamond	red	same	hori	left	(800, 282)	(918, 568)	True	440409	441869	left	(800, 450)	testing
3	sq	f	20	1	diamond	none	dif	vert	up	N_dis	(681, 568)	True	442913	444668	up	(800, 450)	testing
3	sq	f	20	1	diamond	none	dif	hori	left	N_dis	(800, 618)	True	445791	447148	left	(800, 450)	testing
3	sq	f	20	1	circle	red	same	hori	left	(800, 282)	(918, 331)	True	448419	450492	left	(800, 450)	testing
3	sq	f	20	1	circle	none	dif	hori	left	N_dis	(681, 331)	True	451768	453228	left	(800, 450)	testing
3	sq	f	20	1	circle	red	dif	hori	left	(800, 282)	(632, 450)	True	454475	456700	left	(800, 450)	testing
3	sq	f	20	1	circle	red	dif	hori	left	(681, 568)	(918, 568)	True	457975	459740	left	(800, 450)	testing
3	sq	f	20	1	circle	none	same	hori	left	N_dis	(918, 331)	True	460897	462044	left	(800, 450)	testing
3	sq	f	20	1	diamond	green	same	vert	up	(632, 450)	(968, 450)	True	463192	465372	up	(800, 450)	testing
3	sq	f	20	1	circle	green	same	vert	up	(968, 450)	(681, 568)	True	466453	468300	up	(800, 450)	testing
3	sq	f	20	1	circle	none	dif	vert	up	N_dis	(800, 282)	True	469405	471404	up	(800, 450)	testing
3	sq	f	20	1	circle	none	same	hori	left	N_dis	(918, 568)	True	472670	474044	left	(800, 450)	testing
3	sq	f	20	1	diamond	green	same	vert	up	(800, 282)	(800, 618)	True	475161	476973	up	(800, 450)	testing
3	sq	f	20	1	diamond	none	same	vert	up	N_dis	(800, 282)	True	478257	480316	up	(800, 450)	testing
3	sq	f	20	1	circle	green	same	hori	left	(800, 282)	(918, 568)	True	481490	483756	left	(800, 450)	testing
3	sq	f	20	1	circle	green	same	vert	up	(800, 282)	(632, 450)	True	484865	486732	up	(800, 450)	testing
3	sq	f	20	1	diamond	none	same	hori	left	N_dis	(681, 568)	True	488024	490909	left	(800, 450)	testing
3	sq	f	20	1	diamond	green	dif	hori	left	(681, 331)	(681, 568)	True	492116	494748	left	(800, 450)	testing
3	sq	f	20	1	circle	green	dif	vert	up	(800, 282)	(681, 568)	True	496015	497660	up	(800, 450)	testing
3	sq	f	20	1	circle	red	same	hori	left	(632, 450)	(681, 331)	True	498801	500893	left	(800, 450)	testing
3	sq	f	20	1	diamond	red	same	hori	left	(681, 568)	(632, 450)	True	502138	504044	up	(800, 450)	testing
3	sq	f	20	1	diamond	red	dif	vert	up	(800, 618)	(918, 568)	True	506833	509116	up	(800, 450)	testing
3	sq	f	20	1	diamond	none	same	vert	up	N_dis	(800, 282)	True	510273	513084	up	(800, 450)	testing
3	sq	f	20	1	circle	green	same	hori	left	(800, 282)	(681, 331)	True	514322	516460	left	(800, 450)	testing
3	sq	f	20	1	diamond	none	same	hori	left	N_dis	(800, 282)	True	517598	520236	left	(800, 450)	testing
3	sq	f	20	1	circle	green	dif	hori	left	(918, 331)	(681, 331)	True	521417	523981	left	(800, 450)	testing
3	sq	f	20	1	diamond	none	dif	hori	left	N_dis	(968, 450)	True	525054	526877	left	(800, 450)	testing
3	sq	f	20	1	diamond	red	same	vert	up	(800, 282)	(968, 450)	True	527998	529516	up	(800, 450)	testing
3	sq	f	20	1	diamond	none	dif	vert	up	N_dis	(632, 450)	True	530646	532396	up	(800, 450)	testing
3	sq	f	20	1	diamond	red	dif	vert	up	(800, 282)	(681, 568)	True	533489	535388	up	(800, 450)	testing
3	sq	f	20	1	circle	red	dif	hori	left	(800, 282)	(968, 450)	True	536610	538108	left	(800, 450)	testing
3	sq	f	20	1	diamond	none	dif	hori	left	N_dis	(681, 331)	True	539398	541116	left	(800, 450)	testing
3	sq	f	20	1	diamond	green	same	hori	left	(800, 618)	(918, 568)	True	542251	544108	left	(800, 450)	testing
3	sq	f	20	1	circle	green	same	hori	left	(918, 568)	(681, 331)	True	545234	547724	left	(800, 450)	testing
3	sq	f	20	1	circle	none	dif	hori	left	N_dis	(632, 450)	True	548910	550861	left	(800, 450)	testing
3	sq	f	20	1	circle	none	same	hori	left	N_dis	(681, 331)	True	552010	553628	left	(800, 450)	testing
3	sq	f	20	1	circle	red	same	hori	left	(681, 331)	(918, 568)	True	554848	556492	left	(800, 450)	testing
3	sq	f	20	1	diamond	none	same	vert	up	N_dis	(800, 282)	True	557583	559436	up	(800, 450)	testing
3	sq	f	20	1	circle	green	same	vert	up	(800, 282)	(681, 568)	True	560641	562957	up	(800, 450)	testing
3	sq	f	20	1	diamond	red	same	hori	left	(800, 282)	(918, 331)	True	564057	566813	left	(800, 450)	testing
3	sq	f	20	1	diamond	red	same	vert	up	(800, 282)	(800, 618)	True	568010	569805	up	(800, 450)	testing
3	sq	f	20	1	circle	none	dif	hori	left	N_dis	(681, 568)	True	571004	572460	left	(800, 450)	testing
3	sq	f	20	1	circle	green	same	hori	left	(800, 282)	(918, 331)	True	573555	575452	left	(800, 450)	testing
3	sq	f	20	1	circle	red	same	vert	up	(632, 450)	(918, 331)	True	576546	578205	up	(800, 450)	testing
3	sq	f	20	1	diamond	red	same	vert	up	(800, 282)	(800, 618)	True	579466	580764	up	(800, 450)	testing
3	sq	f	20	1	diamond	green	same	vert	up	(681, 568)	(800, 618)	True	581860	583628	up	(800, 450)	testing
3	sq	f	20	1	diamond	red	dif	hori	left	(800, 618)	(681, 568)	True	584680	587228	left	(800, 450)	testing
3	sq	f	20	1	circle	green	dif	hori	left	(800, 282)	(632, 450)	True	588428	590716	left	(800, 450)	testing
3	sq	f	20	1	circle	none	same	vert	up	N_dis	(918, 331)	True	591895	593068	up	(800, 450)	testing
3	sq	f	20	1	circle	red	dif	hori	left	(800, 282)	(918, 331)	True	594209	595596	left	(800, 450)	testing
3	sq	f	20	1	circle	red	dif	vert	up	(800, 282)	(968, 450)	True	596718	598140	up	(800, 450)	testing
3	sq	f	20	1	diamond	green	dif	hori	left	(800, 282)	(800, 618)	True	599347	600684	left	(800, 450)	testing
3	sq	f	20	1	diamond	green	dif	vert	up	(800, 282)	(681, 331)	True	601933	604092	up	(800, 450)	testing
3	sq	f	20	1	circle	red	dif	vert	up	(800, 282)	(632, 450)	True	605267	607164	up	(800, 450)	testing
3	sq	f	20	1	circle	none	same	vert	up	N_dis	(681, 331)	True	608451	610060	up	(800, 450)	testing
3	sq	f	20	1	circle	red	same	vert	up	(800, 282)	(681, 568)	True	611307	612620	up	(800, 450)	testing
3	sq	f	20	1	circle	red	dif	vert	up	(968, 450)	(681, 331)	True	613910	615933	left	(800, 450)	testing
3	sq	f	20	1	diamond	none	same	hori	left	N_dis	(968, 450)	True	618678	620172	left	(800, 450)	testing
3	sq	f	20	1	circle	green	dif	vert	up	(800, 282)	(681, 331)	True	621282	622668	up	(800, 450)	testing
3	sq	f	20	1	diamond	green	dif	vert	up	(800, 282)	(918, 331)	True	623913	625532	up	(800, 450)	testing
3	sq	f	20	1	circle	none	dif	vert	up	N_dis	(632, 450)	True	626685	628124	up	(800, 450)	testing
3	sq	f	20	1	circle	green	same	vert	up	(918, 331)	(632, 450)	False	629232	None	None	(800, 450)	testing
3	sq	f	20	1	circle	green	dif	hori	left	(800, 282)	(800, 618)	True	635031	636652	left	(800, 450)	testing
3	sq	f	20	1	circle	none	dif	vert	up	N_dis	(918, 568)	True	637881	639180	up	(800, 450)	testing
3	sq	f	20	1	diamond	green	dif	hori	left	(800, 282)	(918, 568)	True	640267	642092	left	(800, 450)	testing
3	sq	f	20	1	diamond	none	dif	vert	up	N_dis	(918, 568)	True	643154	645308	up	(800, 450)	testing
3	sq	f	20	1	diamond	red	same	hori	left	(800, 282)	(800, 618)	False	646477	None	None	(800, 450)	testing
3	sq	f	20	1	circle	none	dif	vert	up	N_dis	(968, 450)	True	652143	653869	up	(800, 450)	testing
3	sq	f	20	1	diamond	none	same	hori	left	N_dis	(800, 618)	True	654988	656301	left	(800, 450)	testing
3	sq	f	20	1	diamond	none	same	vert	up	N_dis	(918, 331)	True	657530	658925	up	(800, 450)	testing
3	sq	f	20	1	diamond	red	same	hori	left	(800, 282)	(968, 450)	True	660041	662460	left	(800, 450)	testing
3	sq	f	20	1	circle	green	same	vert	up	(800, 282)	(681, 331)	True	663628	665372	up	(800, 450)	testing
3	sq	f	20	1	circle	none	same	vert	up	N_dis	(800, 618)	True	666558	667933	up	(800, 450)	testing
3	sq	f	20	1	circle	green	dif	vert	up	(800, 282)	(800, 618)	True	669104	670604	up	(800, 450)	testing
3	sq	f	20	1	circle	green	dif	vert	up	(918, 568)	(918, 331)	True	671648	673612	up	(800, 450)	testing
3	sq	f	20	1	diamond	green	dif	hori	left	(800, 282)	(632, 450)	True	674698	675981	left	(800, 450)	testing
