subj	name	gender	age	runNum	shape	dist	td_dif	resp	resp_key	d_loc	t_loc	gotKey	startTime	respTime	resp	fix_loc	prac
3	sq	f	20	4	diamond	none	dif	hori	left	N_dis	(918, 331)	True	10752	12076	left	(800, 450)	testing
3	sq	f	20	4	circle	none	same	vert	up	N_dis	(800, 618)	True	13157	14317	up	(800, 450)	testing
3	sq	f	20	4	circle	red	same	vert	up	(681, 568)	(681, 331)	True	15514	17005	up	(800, 450)	testing
3	sq	f	20	4	diamond	green	dif	hori	left	(681, 568)	(918, 331)	True	18261	19469	left	(800, 450)	testing
3	sq	f	20	4	circle	green	dif	vert	up	(681, 568)	(800, 618)	True	20639	21789	up	(800, 450)	testing
3	sq	f	20	4	circle	red	dif	vert	up	(681, 568)	(918, 331)	True	22997	23934	up	(800, 450)	testing
3	sq	f	20	4	circle	none	dif	vert	up	N_dis	(918, 331)	True	25205	26093	up	(800, 450)	testing
3	sq	f	20	4	diamond	red	same	hori	left	(968, 450)	(918, 331)	True	27154	28894	up	(800, 450)	testing
3	sq	f	20	4	diamond	green	dif	vert	up	(681, 568)	(800, 282)	True	31479	32974	up	(800, 450)	testing
3	sq	f	20	4	circle	none	same	vert	up	N_dis	(800, 618)	True	34029	35228	up	(800, 450)	testing
3	sq	f	20	4	circle	red	same	hori	left	(968, 450)	(681, 331)	True	36377	37869	left	(800, 450)	testing
3	sq	f	20	4	diamond	green	dif	hori	left	(681, 568)	(681, 331)	True	39128	40540	left	(800, 450)	testing
3	sq	f	20	4	circle	none	dif	vert	up	N_dis	(681, 331)	True	41727	43212	up	(800, 450)	testing
3	sq	f	20	4	diamond	red	dif	hori	left	(800, 282)	(632, 450)	True	44286	45501	left	(800, 450)	testing
3	sq	f	20	4	diamond	none	dif	vert	up	N_dis	(968, 450)	True	46752	48124	up	(800, 450)	testing
3	sq	f	20	4	circle	red	same	hori	left	(918, 568)	(968, 450)	True	49253	50396	left	(800, 450)	testing
3	sq	f	20	4	diamond	red	same	hori	left	(681, 568)	(632, 450)	True	51566	53854	up	(800, 450)	testing
3	sq	f	20	4	diamond	none	same	vert	up	N_dis	(918, 568)	True	56669	58381	up	(800, 450)	testing
3	sq	f	20	4	circle	green	same	vert	up	(681, 568)	(918, 331)	True	59596	60733	up	(800, 450)	testing
3	sq	f	20	4	circle	green	dif	vert	up	(681, 331)	(918, 331)	True	61908	63388	up	(800, 450)	testing
3	sq	f	20	4	circle	none	same	hori	left	N_dis	(632, 450)	True	64527	65628	left	(800, 450)	testing
3	sq	f	20	4	circle	none	same	hori	left	N_dis	(681, 568)	True	66786	67772	left	(800, 450)	testing
3	sq	f	20	4	diamond	green	dif	vert	up	(681, 568)	(681, 331)	True	68913	70572	up	(800, 450)	testing
3	sq	f	20	4	diamond	none	dif	vert	up	N_dis	(968, 450)	True	71705	73149	up	(800, 450)	testing
3	sq	f	20	4	circle	green	same	hori	left	(681, 568)	(632, 450)	True	74366	76380	left	(800, 450)	testing
3	sq	f	20	4	circle	green	same	vert	up	(681, 568)	(918, 568)	True	77462	80460	up	(800, 450)	testing
3	sq	f	20	4	circle	red	dif	hori	left	(632, 450)	(800, 282)	True	81711	84093	left	(800, 450)	testing
3	sq	f	20	4	circle	none	same	vert	up	N_dis	(800, 282)	True	85251	86764	up	(800, 450)	testing
3	sq	f	20	4	diamond	red	dif	vert	up	(918, 331)	(632, 450)	True	87969	89324	up	(800, 450)	testing
3	sq	f	20	4	diamond	none	dif	hori	left	N_dis	(800, 282)	True	90483	91676	left	(800, 450)	testing
3	sq	f	20	4	diamond	green	dif	hori	left	(681, 568)	(968, 450)	True	92804	94492	left	(800, 450)	testing
3	sq	f	20	4	diamond	green	same	hori	left	(918, 331)	(681, 331)	True	95711	98140	left	(800, 450)	testing
3	sq	f	20	4	diamond	green	same	hori	left	(681, 568)	(918, 331)	True	99320	100957	left	(800, 450)	testing
3	sq	f	20	4	diamond	red	dif	vert	up	(681, 568)	(800, 618)	True	102021	103404	up	(800, 450)	testing
3	sq	f	20	4	circle	none	same	hori	left	N_dis	(918, 331)	True	104643	105966	left	(800, 450)	testing
3	sq	f	20	4	diamond	green	same	vert	up	(681, 568)	(800, 618)	True	107125	109004	up	(800, 450)	testing
3	sq	f	20	4	circle	none	dif	vert	up	N_dis	(918, 568)	True	110204	111549	up	(800, 450)	testing
3	sq	f	20	4	diamond	red	same	hori	left	(632, 450)	(800, 282)	True	112739	114461	left	(800, 450)	testing
3	sq	f	20	4	diamond	red	same	vert	up	(681, 568)	(918, 331)	True	115562	116846	up	(800, 450)	testing
3	sq	f	20	4	diamond	none	same	hori	left	N_dis	(681, 331)	True	118073	119229	left	(800, 450)	testing
3	sq	f	20	4	circle	red	dif	vert	up	(681, 568)	(968, 450)	True	120520	121645	up	(800, 450)	testing
3	sq	f	20	4	diamond	none	same	vert	up	N_dis	(681, 331)	True	122707	124156	up	(800, 450)	testing
3	sq	f	20	4	diamond	red	dif	hori	left	(681, 568)	(918, 568)	True	125336	126909	left	(800, 450)	testing
3	sq	f	20	4	circle	none	same	vert	up	N_dis	(918, 331)	True	128000	129229	up	(800, 450)	testing
3	sq	f	20	4	circle	red	dif	hori	left	(681, 568)	(681, 331)	True	130451	131724	left	(800, 450)	testing
3	sq	f	20	4	circle	green	dif	hori	left	(681, 568)	(681, 331)	True	132991	134060	left	(800, 450)	testing
3	sq	f	20	4	circle	red	dif	vert	up	(681, 568)	(800, 618)	True	135203	136957	left	(800, 450)	testing
3	sq	f	20	4	diamond	green	dif	hori	left	(918, 568)	(800, 282)	True	139678	140797	up	(800, 450)	testing
3	sq	f	20	4	circle	green	dif	vert	up	(681, 568)	(918, 331)	True	143538	144846	up	(800, 450)	testing
3	sq	f	20	4	diamond	red	dif	hori	left	(681, 568)	(918, 568)	True	146031	147902	left	(800, 450)	testing
3	sq	f	20	4	circle	green	same	hori	left	(681, 568)	(632, 450)	True	149048	151356	left	(800, 450)	testing
3	sq	f	20	4	diamond	green	same	hori	left	(681, 568)	(918, 331)	True	152533	154140	left	(800, 450)	testing
3	sq	f	20	4	circle	green	same	hori	left	(681, 568)	(632, 450)	True	155263	156973	left	(800, 450)	testing
3	sq	f	20	4	circle	green	dif	hori	left	(681, 568)	(800, 282)	True	158120	159213	left	(800, 450)	testing
3	sq	f	20	4	diamond	red	dif	hori	left	(681, 568)	(918, 568)	True	160281	161788	left	(800, 450)	testing
3	sq	f	20	4	diamond	none	same	hori	left	N_dis	(681, 568)	True	162872	164013	left	(800, 450)	testing
3	sq	f	20	4	diamond	green	same	vert	up	(800, 282)	(918, 331)	True	165237	166285	up	(800, 450)	testing
3	sq	f	20	4	diamond	green	same	vert	up	(800, 618)	(968, 450)	True	167422	169741	up	(800, 450)	testing
3	sq	f	20	4	circle	red	same	hori	left	(681, 568)	(968, 450)	True	170851	171918	left	(800, 450)	testing
3	sq	f	20	4	diamond	red	same	vert	up	(681, 568)	(918, 568)	True	173091	175853	up	(800, 450)	testing
3	sq	f	20	4	diamond	green	dif	vert	up	(681, 568)	(800, 618)	True	177068	178637	up	(800, 450)	testing
3	sq	f	20	4	diamond	red	dif	vert	up	(681, 568)	(918, 568)	True	179859	181197	up	(800, 450)	testing
3	sq	f	20	4	diamond	red	dif	vert	up	(800, 618)	(918, 568)	True	182263	183437	up	(800, 450)	testing
3	sq	f	20	4	diamond	green	dif	vert	up	(681, 568)	(800, 618)	True	184615	185804	up	(800, 450)	testing
3	sq	f	20	4	diamond	green	same	hori	left	(681, 568)	(918, 568)	True	187002	188572	left	(800, 450)	testing
3	sq	f	20	4	diamond	none	dif	vert	up	N_dis	(968, 450)	True	189806	190893	up	(800, 450)	testing
3	sq	f	20	4	diamond	red	same	hori	left	(681, 568)	(918, 331)	True	192089	193325	left	(800, 450)	testing
3	sq	f	20	4	circle	none	dif	hori	left	N_dis	(968, 450)	True	194567	195581	left	(800, 450)	testing
3	sq	f	20	4	diamond	green	same	vert	up	(800, 282)	(918, 568)	True	196853	199741	up	(800, 450)	testing
3	sq	f	20	4	circle	red	dif	hori	left	(681, 568)	(918, 331)	True	200919	202029	left	(800, 450)	testing
3	sq	f	20	4	diamond	none	dif	hori	left	N_dis	(918, 568)	True	203291	204332	left	(800, 450)	testing
3	sq	f	20	4	circle	green	dif	hori	left	(681, 568)	(800, 282)	True	205624	207021	left	(800, 450)	testing
3	sq	f	20	4	diamond	green	same	hori	left	(681, 568)	(800, 282)	True	208192	209836	left	(800, 450)	testing
3	sq	f	20	4	circle	none	dif	hori	left	N_dis	(632, 450)	True	210967	212365	left	(800, 450)	testing
3	sq	f	20	4	diamond	red	same	vert	up	(681, 568)	(918, 331)	True	213583	215581	up	(800, 450)	testing
3	sq	f	20	4	circle	green	dif	hori	left	(681, 568)	(800, 618)	True	216830	218285	left	(800, 450)	testing
3	sq	f	20	4	circle	green	same	vert	up	(681, 331)	(800, 618)	True	219571	220861	left	(800, 450)	testing
3	sq	f	20	4	diamond	none	same	hori	left	N_dis	(918, 568)	True	223610	225036	left	(800, 450)	testing
3	sq	f	20	4	diamond	none	dif	vert	up	N_dis	(800, 618)	True	226112	227854	up	(800, 450)	testing
3	sq	f	20	4	diamond	none	same	hori	left	N_dis	(800, 618)	True	229062	230365	left	(800, 450)	testing
3	sq	f	20	4	diamond	none	dif	hori	left	N_dis	(681, 568)	True	231437	233309	left	(800, 450)	testing
3	sq	f	20	4	circle	none	dif	hori	left	N_dis	(681, 568)	True	234463	236348	left	(800, 450)	testing
3	sq	f	20	4	diamond	none	same	vert	up	N_dis	(800, 282)	True	237639	239421	up	(800, 450)	testing
3	sq	f	20	4	diamond	red	same	hori	left	(681, 331)	(918, 331)	True	240578	242813	left	(800, 450)	testing
3	sq	f	20	4	circle	green	same	vert	up	(681, 568)	(968, 450)	True	243935	246109	up	(800, 450)	testing
3	sq	f	20	4	diamond	none	same	hori	left	N_dis	(800, 282)	True	247240	249373	left	(800, 450)	testing
3	sq	f	20	4	diamond	red	dif	hori	left	(800, 618)	(800, 282)	True	250563	252109	left	(800, 450)	testing
3	sq	f	20	4	circle	red	same	vert	up	(632, 450)	(968, 450)	True	253345	254942	up	(800, 450)	testing
3	sq	f	20	4	circle	red	same	hori	left	(681, 331)	(918, 568)	True	256163	257341	left	(800, 450)	testing
3	sq	f	20	4	circle	red	same	vert	up	(681, 568)	(632, 450)	True	258460	259757	up	(800, 450)	testing
3	sq	f	20	4	diamond	none	same	vert	up	N_dis	(681, 568)	True	260862	262349	up	(800, 450)	testing
3	sq	f	20	4	circle	none	dif	hori	left	N_dis	(918, 568)	True	263411	264573	left	(800, 450)	testing
3	sq	f	20	4	circle	none	dif	vert	up	N_dis	(800, 282)	True	265713	266621	up	(800, 450)	testing
3	sq	f	20	4	diamond	red	same	vert	up	(681, 568)	(681, 331)	True	267753	269725	up	(800, 450)	testing
3	sq	f	20	4	circle	red	same	hori	left	(918, 331)	(800, 282)	True	270850	273085	left	(800, 450)	testing
3	sq	f	20	4	circle	none	same	hori	left	N_dis	(681, 331)	True	274310	275484	left	(800, 450)	testing
3	sq	f	20	4	diamond	red	same	vert	up	(681, 568)	(968, 450)	True	276701	278253	up	(800, 450)	testing
3	sq	f	20	4	circle	red	same	vert	up	(968, 450)	(632, 450)	True	279379	280733	up	(800, 450)	testing
3	sq	f	20	4	circle	none	same	vert	up	N_dis	(681, 331)	True	281951	283117	up	(800, 450)	testing
3	sq	f	20	4	circle	green	same	hori	left	(918, 568)	(632, 450)	True	284406	285870	left	(800, 450)	testing
3	sq	f	20	4	circle	green	same	vert	up	(681, 568)	(632, 450)	True	287145	288285	up	(800, 450)	testing
3	sq	f	20	4	circle	red	dif	vert	up	(681, 568)	(800, 282)	True	289529	290700	left	(800, 450)	testing
3	sq	f	20	4	circle	none	same	hori	left	N_dis	(632, 450)	True	293486	294573	left	(800, 450)	testing
3	sq	f	20	4	diamond	green	dif	vert	up	(681, 568)	(632, 450)	True	295800	296926	left	(800, 450)	testing
3	sq	f	20	4	circle	none	dif	hori	left	N_dis	(918, 331)	True	299651	300524	left	(800, 450)	testing
3	sq	f	20	4	diamond	none	same	vert	up	N_dis	(968, 450)	True	301583	303308	up	(800, 450)	testing
3	sq	f	20	4	circle	green	dif	vert	up	(681, 568)	(681, 331)	True	304390	306365	up	(800, 450)	testing
3	sq	f	20	4	circle	green	dif	vert	up	(681, 568)	(800, 282)	True	307459	308653	up	(800, 450)	testing
3	sq	f	20	4	diamond	none	dif	vert	up	N_dis	(800, 618)	True	309903	311789	up	(800, 450)	testing
3	sq	f	20	4	circle	green	same	hori	left	(918, 331)	(918, 568)	True	312859	315468	left	(800, 450)	testing
3	sq	f	20	4	circle	green	dif	hori	left	(918, 568)	(800, 282)	True	316588	318157	up	(800, 450)	testing
3	sq	f	20	4	diamond	green	dif	hori	left	(681, 568)	(800, 282)	True	320845	323549	left	(800, 450)	testing
3	sq	f	20	4	circle	red	same	vert	up	(800, 282)	(918, 568)	True	324741	326045	up	(800, 450)	testing
3	sq	f	20	4	circle	none	dif	vert	up	N_dis	(632, 450)	True	327325	328253	left	(800, 450)	testing
3	sq	f	20	4	circle	red	dif	vert	up	(800, 618)	(918, 331)	True	330974	332173	left	(800, 450)	testing
3	sq	f	20	4	diamond	none	dif	hori	left	N_dis	(632, 450)	True	334773	337004	left	(800, 450)	testing
3	sq	f	20	4	circle	red	dif	hori	left	(968, 450)	(632, 450)	True	338228	339501	left	(800, 450)	testing
3	sq	f	20	4	diamond	red	dif	vert	up	(632, 450)	(800, 282)	True	340736	342173	up	(800, 450)	testing
3	sq	f	20	4	diamond	green	same	vert	up	(681, 568)	(968, 450)	False	343463	None	None	(800, 450)	testing
3	sq	f	20	4	circle	red	dif	hori	left	(681, 568)	(968, 450)	True	349194	350685	left	(800, 450)	testing
