subj	name	gender	age	runNum	shape	dist	td_dif	resp	resp_key	d_loc	t_loc	gotKey	startTime	respTime	resp	fix_loc	prac
3	sq	f	20	10	circle	red	dif	vert	up	(968, 450)	(681, 568)	True	4193	6349	up	(800, 450)	testing
3	sq	f	20	10	circle	red	same	hori	left	(918, 568)	(681, 568)	True	7483	9645	left	(800, 450)	testing
3	sq	f	20	10	diamond	red	dif	hori	left	(968, 450)	(800, 618)	True	10796	12141	left	(800, 450)	testing
3	sq	f	20	10	diamond	red	dif	vert	up	(968, 450)	(632, 450)	True	13241	14286	up	(800, 450)	testing
3	sq	f	20	10	diamond	none	same	vert	up	N_dis	(632, 450)	True	15333	16622	up	(800, 450)	testing
3	sq	f	20	10	circle	red	dif	hori	left	(968, 450)	(800, 618)	True	17696	19902	left	(800, 450)	testing
3	sq	f	20	10	diamond	green	dif	vert	up	(918, 331)	(800, 618)	True	20998	22413	up	(800, 450)	testing
3	sq	f	20	10	diamond	none	dif	hori	left	N_dis	(918, 568)	True	23558	24638	left	(800, 450)	testing
3	sq	f	20	10	diamond	none	dif	vert	up	N_dis	(968, 450)	True	25800	26637	up	(800, 450)	testing
3	sq	f	20	10	diamond	green	dif	hori	left	(632, 450)	(681, 331)	True	27850	28893	left	(800, 450)	testing
3	sq	f	20	10	circle	red	same	hori	left	(968, 450)	(632, 450)	True	30159	31725	left	(800, 450)	testing
3	sq	f	20	10	diamond	red	same	hori	left	(968, 450)	(681, 331)	True	32957	34060	left	(800, 450)	testing
3	sq	f	20	10	diamond	green	dif	hori	left	(918, 568)	(918, 331)	True	35146	36637	left	(800, 450)	testing
3	sq	f	20	10	circle	red	dif	vert	up	(800, 282)	(918, 568)	True	37894	39069	up	(800, 450)	testing
3	sq	f	20	10	circle	none	same	vert	up	N_dis	(632, 450)	True	40205	41773	up	(800, 450)	testing
3	sq	f	20	10	diamond	green	same	hori	left	(968, 450)	(800, 282)	True	43048	44589	left	(800, 450)	testing
3	sq	f	20	10	diamond	none	dif	hori	left	N_dis	(918, 331)	True	45751	46973	left	(800, 450)	testing
3	sq	f	20	10	diamond	red	dif	vert	up	(681, 331)	(632, 450)	True	48090	49389	up	(800, 450)	testing
3	sq	f	20	10	diamond	green	dif	vert	up	(968, 450)	(800, 618)	True	50655	51917	up	(800, 450)	testing
3	sq	f	20	10	circle	green	dif	hori	left	(681, 331)	(800, 282)	True	53122	54509	up	(800, 450)	testing
3	sq	f	20	10	diamond	red	dif	vert	up	(968, 450)	(918, 331)	True	57243	58221	left	(800, 450)	testing
3	sq	f	20	10	diamond	none	dif	vert	up	N_dis	(681, 331)	True	60940	62365	up	(800, 450)	testing
3	sq	f	20	10	diamond	red	dif	vert	up	(968, 450)	(800, 618)	True	63587	64765	up	(800, 450)	testing
3	sq	f	20	10	circle	none	dif	vert	up	N_dis	(632, 450)	True	65899	67165	up	(800, 450)	testing
3	sq	f	20	10	diamond	green	dif	vert	up	(968, 450)	(918, 331)	True	68386	69517	left	(800, 450)	testing
3	sq	f	20	10	diamond	green	same	vert	up	(968, 450)	(681, 331)	True	72124	73133	up	(800, 450)	testing
3	sq	f	20	10	circle	green	dif	vert	up	(968, 450)	(800, 618)	True	74250	75917	up	(800, 450)	testing
3	sq	f	20	10	circle	none	same	hori	left	N_dis	(800, 282)	True	77069	78076	left	(800, 450)	testing
3	sq	f	20	10	diamond	none	dif	vert	up	N_dis	(681, 568)	True	79270	81325	up	(800, 450)	testing
3	sq	f	20	10	circle	red	same	vert	up	(968, 450)	(918, 568)	True	82446	84141	up	(800, 450)	testing
3	sq	f	20	10	circle	red	dif	vert	up	(918, 568)	(800, 618)	True	85203	86429	up	(800, 450)	testing
3	sq	f	20	10	circle	none	same	hori	left	N_dis	(681, 568)	True	87645	89246	left	(800, 450)	testing
3	sq	f	20	10	circle	red	same	vert	up	(968, 450)	(918, 331)	True	90415	92381	up	(800, 450)	testing
3	sq	f	20	10	circle	none	dif	vert	up	N_dis	(800, 618)	True	93500	94525	up	(800, 450)	testing
3	sq	f	20	10	diamond	none	same	vert	up	N_dis	(800, 282)	True	95709	96941	up	(800, 450)	testing
3	sq	f	20	10	diamond	green	same	vert	up	(681, 568)	(800, 618)	True	98017	99949	up	(800, 450)	testing
3	sq	f	20	10	diamond	none	same	hori	left	N_dis	(800, 618)	True	101029	102029	left	(800, 450)	testing
3	sq	f	20	10	circle	none	same	vert	up	N_dis	(918, 568)	True	103214	105020	up	(800, 450)	testing
3	sq	f	20	10	diamond	green	same	hori	left	(968, 450)	(918, 568)	True	106112	107198	left	(800, 450)	testing
3	sq	f	20	10	circle	none	dif	hori	left	N_dis	(968, 450)	True	108397	109566	left	(800, 450)	testing
3	sq	f	20	10	circle	red	same	vert	up	(968, 450)	(918, 568)	True	110727	112510	left	(800, 450)	testing
3	sq	f	20	10	circle	none	dif	hori	left	N_dis	(918, 568)	True	115281	116157	left	(800, 450)	testing
3	sq	f	20	10	circle	green	dif	hori	left	(968, 450)	(681, 568)	True	117417	118254	left	(800, 450)	testing
3	sq	f	20	10	circle	none	dif	vert	up	N_dis	(681, 331)	True	119351	120685	up	(800, 450)	testing
3	sq	f	20	10	diamond	none	dif	hori	left	N_dis	(918, 331)	True	121869	123357	left	(800, 450)	testing
3	sq	f	20	10	circle	none	dif	hori	left	N_dis	(800, 618)	True	124606	125869	left	(800, 450)	testing
3	sq	f	20	10	diamond	green	same	vert	up	(681, 568)	(800, 282)	True	127063	128125	up	(800, 450)	testing
3	sq	f	20	10	circle	green	dif	hori	left	(632, 450)	(918, 568)	True	129213	130173	left	(800, 450)	testing
3	sq	f	20	10	circle	green	dif	hori	left	(968, 450)	(632, 450)	True	131362	132494	left	(800, 450)	testing
3	sq	f	20	10	circle	red	dif	hori	left	(968, 450)	(632, 450)	True	133756	134974	left	(800, 450)	testing
3	sq	f	20	10	circle	none	same	vert	up	N_dis	(918, 331)	True	136153	136989	up	(800, 450)	testing
3	sq	f	20	10	diamond	none	same	hori	left	N_dis	(918, 331)	True	138263	139134	left	(800, 450)	testing
3	sq	f	20	10	circle	green	dif	vert	up	(800, 618)	(632, 450)	True	140277	141549	up	(800, 450)	testing
3	sq	f	20	10	circle	green	same	hori	left	(968, 450)	(918, 331)	True	142682	144334	left	(800, 450)	testing
3	sq	f	20	10	circle	none	dif	hori	left	N_dis	(681, 331)	True	145420	146430	left	(800, 450)	testing
3	sq	f	20	10	circle	green	same	hori	left	(800, 618)	(918, 331)	True	147672	148478	left	(800, 450)	testing
3	sq	f	20	10	circle	green	same	hori	left	(681, 568)	(800, 282)	True	149582	150685	left	(800, 450)	testing
3	sq	f	20	10	circle	none	same	vert	up	N_dis	(681, 568)	True	151925	152926	up	(800, 450)	testing
3	sq	f	20	10	circle	red	dif	hori	left	(681, 331)	(918, 331)	True	154065	155020	left	(800, 450)	testing
3	sq	f	20	10	circle	red	dif	hori	left	(968, 450)	(681, 331)	True	156157	157004	left	(800, 450)	testing
3	sq	f	20	10	diamond	none	dif	vert	up	N_dis	(918, 568)	True	158138	159246	up	(800, 450)	testing
3	sq	f	20	10	circle	green	same	vert	up	(968, 450)	(800, 618)	True	160525	162317	left	(800, 450)	testing
3	sq	f	20	10	diamond	green	same	hori	left	(968, 450)	(800, 282)	True	164988	166366	left	(800, 450)	testing
3	sq	f	20	10	diamond	red	same	vert	up	(968, 450)	(800, 618)	True	167557	168814	up	(800, 450)	testing
3	sq	f	20	10	diamond	none	same	hori	left	N_dis	(681, 331)	True	170006	171262	left	(800, 450)	testing
3	sq	f	20	10	circle	green	dif	vert	up	(968, 450)	(681, 568)	False	172446	None	None	(800, 450)	testing
3	sq	f	20	10	diamond	none	same	hori	left	N_dis	(800, 282)	True	178186	179405	up	(800, 450)	testing
3	sq	f	20	10	diamond	none	dif	vert	up	N_dis	(800, 618)	True	182186	183084	up	(800, 450)	testing
3	sq	f	20	10	circle	red	same	vert	up	(968, 450)	(800, 282)	True	184229	185486	up	(800, 450)	testing
3	sq	f	20	10	diamond	red	same	hori	left	(918, 331)	(918, 568)	True	186683	188077	left	(800, 450)	testing
3	sq	f	20	10	circle	green	same	vert	up	(968, 450)	(918, 568)	True	189235	190382	up	(800, 450)	testing
3	sq	f	20	10	circle	red	same	hori	left	(800, 282)	(918, 568)	True	191656	192462	left	(800, 450)	testing
3	sq	f	20	10	circle	none	dif	hori	left	N_dis	(968, 450)	True	193545	194446	left	(800, 450)	testing
3	sq	f	20	10	diamond	red	same	hori	left	(968, 450)	(918, 331)	True	195603	196846	left	(800, 450)	testing
3	sq	f	20	10	circle	none	dif	vert	up	N_dis	(800, 618)	True	198001	199182	up	(800, 450)	testing
3	sq	f	20	10	circle	green	dif	vert	up	(968, 450)	(681, 568)	True	200230	201326	up	(800, 450)	testing
3	sq	f	20	10	circle	red	same	hori	left	(918, 331)	(918, 568)	True	202581	204398	left	(800, 450)	testing
3	sq	f	20	10	circle	green	same	vert	up	(968, 450)	(632, 450)	True	205460	206670	up	(800, 450)	testing
3	sq	f	20	10	circle	red	dif	vert	up	(968, 450)	(632, 450)	True	207837	209068	up	(800, 450)	testing
3	sq	f	20	10	diamond	red	dif	hori	left	(632, 450)	(918, 331)	True	210294	211550	left	(800, 450)	testing
3	sq	f	20	10	diamond	red	dif	hori	left	(800, 282)	(800, 618)	True	212676	213821	left	(800, 450)	testing
3	sq	f	20	10	circle	green	same	hori	left	(968, 450)	(632, 450)	True	214916	215789	left	(800, 450)	testing
3	sq	f	20	10	diamond	green	same	vert	up	(918, 568)	(681, 331)	True	216972	217902	left	(800, 450)	testing
3	sq	f	20	10	diamond	red	same	vert	up	(968, 450)	(681, 568)	True	220622	223246	up	(800, 450)	testing
3	sq	f	20	10	diamond	red	dif	hori	left	(968, 450)	(632, 450)	True	224313	225245	left	(800, 450)	testing
3	sq	f	20	10	diamond	green	same	vert	up	(968, 450)	(800, 282)	True	226303	228190	left	(800, 450)	testing
3	sq	f	20	10	circle	none	same	hori	left	N_dis	(681, 568)	True	230870	231853	left	(800, 450)	testing
3	sq	f	20	10	diamond	green	same	hori	left	(968, 450)	(918, 568)	True	233109	234526	left	(800, 450)	testing
3	sq	f	20	10	diamond	none	same	vert	up	N_dis	(681, 331)	True	235765	237934	up	(800, 450)	testing
3	sq	f	20	10	diamond	none	dif	hori	left	N_dis	(681, 568)	True	239138	240301	left	(800, 450)	testing
3	sq	f	20	10	diamond	red	same	vert	up	(681, 331)	(800, 282)	True	241578	243694	left	(800, 450)	testing
3	sq	f	20	10	circle	green	dif	vert	up	(968, 450)	(918, 331)	True	246479	247726	up	(800, 450)	testing
3	sq	f	20	10	circle	none	same	hori	left	N_dis	(632, 450)	True	248860	250029	left	(800, 450)	testing
3	sq	f	20	10	diamond	red	same	hori	left	(681, 568)	(681, 331)	True	251201	253694	left	(800, 450)	testing
3	sq	f	20	10	circle	red	same	vert	up	(968, 450)	(681, 568)	True	254865	256974	up	(800, 450)	testing
3	sq	f	20	10	diamond	red	same	vert	up	(968, 450)	(800, 282)	True	258117	260349	up	(800, 450)	testing
3	sq	f	20	10	circle	red	dif	hori	left	(800, 618)	(681, 331)	True	261392	263053	left	(800, 450)	testing
3	sq	f	20	10	diamond	red	dif	hori	left	(800, 282)	(681, 568)	True	264138	266333	left	(800, 450)	testing
3	sq	f	20	10	diamond	green	dif	hori	left	(968, 450)	(632, 450)	True	267605	268718	left	(800, 450)	testing
3	sq	f	20	10	diamond	red	same	vert	up	(968, 450)	(681, 331)	True	269932	272766	up	(800, 450)	testing
3	sq	f	20	10	diamond	red	same	hori	left	(968, 450)	(918, 568)	True	273996	276076	left	(800, 450)	testing
3	sq	f	20	10	diamond	green	same	hori	left	(968, 450)	(800, 282)	True	277295	278766	left	(800, 450)	testing
3	sq	f	20	10	diamond	green	dif	vert	up	(968, 450)	(918, 331)	True	280051	281822	up	(800, 450)	testing
3	sq	f	20	10	diamond	green	dif	hori	left	(968, 450)	(681, 568)	True	282977	284318	left	(800, 450)	testing
3	sq	f	20	10	diamond	none	same	vert	up	N_dis	(632, 450)	True	285579	286686	up	(800, 450)	testing
3	sq	f	20	10	diamond	none	same	hori	left	N_dis	(918, 568)	True	287910	289021	left	(800, 450)	testing
3	sq	f	20	10	diamond	green	dif	vert	up	(968, 450)	(632, 450)	True	290239	291101	up	(800, 450)	testing
3	sq	f	20	10	diamond	none	same	vert	up	N_dis	(968, 450)	True	292307	293150	left	(800, 450)	testing
3	sq	f	20	10	circle	green	same	hori	left	(968, 450)	(681, 331)	True	295781	298542	left	(800, 450)	testing
3	sq	f	20	10	circle	green	dif	hori	left	(968, 450)	(681, 331)	True	299617	300494	left	(800, 450)	testing
3	sq	f	20	10	circle	red	dif	vert	up	(800, 618)	(681, 331)	True	301600	302830	up	(800, 450)	testing
3	sq	f	20	10	circle	none	dif	vert	up	N_dis	(800, 282)	True	303962	304990	up	(800, 450)	testing
3	sq	f	20	10	circle	green	same	vert	up	(968, 450)	(918, 568)	True	306144	307037	up	(800, 450)	testing
3	sq	f	20	10	circle	none	same	vert	up	N_dis	(918, 331)	True	308100	308989	up	(800, 450)	testing
3	sq	f	20	10	circle	red	same	hori	left	(968, 450)	(681, 331)	True	310183	311246	left	(800, 450)	testing
3	sq	f	20	10	circle	none	same	hori	left	N_dis	(968, 450)	True	312509	313374	left	(800, 450)	testing
3	sq	f	20	10	circle	green	same	vert	up	(968, 450)	(800, 282)	True	314651	315534	up	(800, 450)	testing
3	sq	f	20	10	diamond	green	dif	hori	left	(632, 450)	(800, 282)	True	316607	317997	left	(800, 450)	testing
3	sq	f	20	10	diamond	red	dif	vert	up	(918, 331)	(632, 450)	True	319063	319934	up	(800, 450)	testing
3	sq	f	20	10	diamond	none	dif	hori	left	N_dis	(800, 282)	True	321163	322302	left	(800, 450)	testing
conf	3	sq	f	20	10	4	8	2	6	space	None	None	None	None	None	True	373400	380318	2
