subj	name	gender	age	runNum	shape	dist	td_dif	resp	resp_key	d_loc	t_loc	gotKey	startTime	respTime	resp	fix_loc	prac
4	hz	f	20	10	diamond	none	same	hori	left	N_dis	(608, 480)	True	11465	12272	left	(512, 384)	testing
4	hz	f	20	10	circle	red	same	hori	left	(415, 480)	(512, 520)	True	13537	14341	left	(512, 384)	testing
4	hz	f	20	10	circle	none	same	hori	left	N_dis	(376, 384)	True	15387	15993	left	(512, 384)	testing
4	hz	f	20	10	circle	green	dif	hori	left	(608, 287)	(512, 520)	True	17227	18051	left	(512, 384)	testing
4	hz	f	20	10	circle	green	same	hori	left	(512, 520)	(648, 384)	True	19255	19980	left	(512, 384)	testing
4	hz	f	20	10	circle	none	dif	hori	left	N_dis	(415, 287)	True	21034	21634	left	(512, 384)	testing
4	hz	f	20	10	circle	none	same	hori	left	N_dis	(512, 520)	True	22751	23295	left	(512, 384)	testing
4	hz	f	20	10	circle	none	same	hori	left	N_dis	(608, 480)	True	24506	25080	left	(512, 384)	testing
4	hz	f	20	10	diamond	none	dif	vert	up	N_dis	(512, 248)	True	26221	27488	up	(512, 384)	testing
4	hz	f	20	10	circle	red	dif	hori	left	(415, 480)	(512, 520)	True	28592	29299	left	(512, 384)	testing
4	hz	f	20	10	diamond	red	same	hori	left	(608, 287)	(415, 480)	True	30400	31526	left	(512, 384)	testing
4	hz	f	20	10	diamond	green	same	vert	up	(648, 384)	(415, 287)	True	32685	33445	up	(512, 384)	testing
4	hz	f	20	10	diamond	red	same	hori	left	(608, 287)	(512, 248)	True	34534	35145	left	(512, 384)	testing
4	hz	f	20	10	circle	none	same	hori	left	N_dis	(648, 384)	True	36228	37304	left	(512, 384)	testing
4	hz	f	20	10	circle	red	same	vert	up	(608, 287)	(608, 480)	True	38460	39167	up	(512, 384)	testing
4	hz	f	20	10	diamond	green	same	vert	up	(512, 248)	(376, 384)	True	40266	41249	up	(512, 384)	testing
4	hz	f	20	10	diamond	green	same	hori	left	(608, 287)	(648, 384)	True	42464	43126	left	(512, 384)	testing
4	hz	f	20	10	circle	red	same	hori	left	(608, 287)	(376, 384)	True	44313	44929	left	(512, 384)	testing
4	hz	f	20	10	diamond	green	dif	hori	left	(512, 520)	(648, 384)	True	46167	47024	left	(512, 384)	testing
4	hz	f	20	10	diamond	none	same	vert	up	N_dis	(512, 520)	True	48251	48890	up	(512, 384)	testing
4	hz	f	20	10	diamond	none	dif	hori	left	N_dis	(648, 384)	True	50108	50704	left	(512, 384)	testing
4	hz	f	20	10	diamond	none	same	vert	up	N_dis	(415, 287)	True	51837	52546	up	(512, 384)	testing
4	hz	f	20	10	circle	green	dif	vert	up	(608, 287)	(512, 248)	True	53741	54640	up	(512, 384)	testing
4	hz	f	20	10	circle	green	same	vert	up	(512, 248)	(376, 384)	True	55715	56493	up	(512, 384)	testing
4	hz	f	20	10	circle	none	same	vert	up	N_dis	(512, 248)	True	57661	58396	up	(512, 384)	testing
4	hz	f	20	10	diamond	green	same	hori	left	(608, 287)	(512, 248)	True	59435	60427	left	(512, 384)	testing
4	hz	f	20	10	diamond	green	same	hori	left	(415, 287)	(512, 248)	True	61688	62426	left	(512, 384)	testing
4	hz	f	20	10	diamond	none	same	vert	up	N_dis	(608, 287)	True	63682	64683	up	(512, 384)	testing
4	hz	f	20	10	circle	none	dif	vert	up	N_dis	(512, 248)	True	65925	67166	up	(512, 384)	testing
4	hz	f	20	10	diamond	none	dif	vert	up	N_dis	(415, 287)	True	68237	69663	up	(512, 384)	testing
4	hz	f	20	10	circle	green	same	vert	up	(608, 287)	(608, 480)	True	70877	71783	up	(512, 384)	testing
4	hz	f	20	10	circle	none	dif	vert	up	N_dis	(415, 480)	True	72809	73697	up	(512, 384)	testing
4	hz	f	20	10	circle	green	same	vert	up	(608, 480)	(376, 384)	True	74796	75563	up	(512, 384)	testing
4	hz	f	20	10	circle	green	same	hori	left	(648, 384)	(415, 287)	True	76592	77276	left	(512, 384)	testing
4	hz	f	20	10	diamond	green	same	hori	left	(608, 287)	(376, 384)	True	78338	79389	left	(512, 384)	testing
4	hz	f	20	10	diamond	red	same	vert	up	(608, 287)	(512, 520)	True	80653	81509	up	(512, 384)	testing
4	hz	f	20	10	circle	green	dif	hori	left	(608, 287)	(648, 384)	True	82780	83403	left	(512, 384)	testing
4	hz	f	20	10	circle	red	same	hori	left	(512, 248)	(608, 480)	True	84489	85162	left	(512, 384)	testing
4	hz	f	20	10	diamond	red	same	vert	up	(608, 480)	(415, 287)	True	86257	87441	up	(512, 384)	testing
4	hz	f	20	10	diamond	green	dif	vert	up	(608, 287)	(608, 480)	True	88696	89353	up	(512, 384)	testing
4	hz	f	20	10	diamond	red	same	vert	up	(608, 287)	(608, 480)	True	90558	91161	up	(512, 384)	testing
4	hz	f	20	10	diamond	none	same	hori	left	N_dis	(512, 520)	True	92279	93041	left	(512, 384)	testing
4	hz	f	20	10	diamond	none	dif	vert	up	N_dis	(415, 480)	True	94298	95200	up	(512, 384)	testing
4	hz	f	20	10	diamond	green	dif	hori	left	(608, 287)	(648, 384)	True	96352	96995	left	(512, 384)	testing
4	hz	f	20	10	diamond	red	same	vert	up	(608, 287)	(415, 480)	True	98132	98812	up	(512, 384)	testing
4	hz	f	20	10	circle	red	dif	hori	left	(608, 287)	(608, 480)	True	99966	100986	left	(512, 384)	testing
4	hz	f	20	10	circle	green	same	vert	up	(608, 287)	(415, 480)	True	102110	102779	up	(512, 384)	testing
4	hz	f	20	10	diamond	green	same	vert	up	(608, 287)	(648, 384)	True	103806	104762	up	(512, 384)	testing
4	hz	f	20	10	diamond	red	dif	hori	left	(415, 480)	(648, 384)	True	105967	106764	left	(512, 384)	testing
4	hz	f	20	10	circle	green	same	vert	up	(608, 287)	(648, 384)	True	108005	108964	up	(512, 384)	testing
4	hz	f	20	10	diamond	none	dif	hori	left	N_dis	(608, 287)	True	110198	111040	left	(512, 384)	testing
4	hz	f	20	10	circle	red	same	vert	up	(608, 287)	(415, 480)	True	112269	113019	up	(512, 384)	testing
4	hz	f	20	10	diamond	green	dif	vert	up	(608, 287)	(376, 384)	True	114071	115232	up	(512, 384)	testing
4	hz	f	20	10	diamond	green	same	vert	up	(608, 287)	(376, 384)	True	116473	117072	up	(512, 384)	testing
4	hz	f	20	10	diamond	green	dif	vert	up	(608, 287)	(415, 480)	True	118108	118936	up	(512, 384)	testing
4	hz	f	20	10	circle	none	dif	vert	up	N_dis	(608, 480)	True	120144	120936	up	(512, 384)	testing
4	hz	f	20	10	diamond	red	dif	vert	up	(376, 384)	(648, 384)	True	122063	122741	up	(512, 384)	testing
4	hz	f	20	10	diamond	red	dif	hori	left	(608, 287)	(415, 480)	True	123798	124432	left	(512, 384)	testing
4	hz	f	20	10	circle	red	same	hori	left	(608, 287)	(376, 384)	True	125642	126623	left	(512, 384)	testing
4	hz	f	20	10	circle	none	same	vert	up	N_dis	(415, 480)	True	127799	128574	up	(512, 384)	testing
4	hz	f	20	10	circle	green	dif	hori	left	(608, 287)	(648, 384)	True	129791	130359	left	(512, 384)	testing
4	hz	f	20	10	circle	red	dif	vert	up	(608, 287)	(512, 520)	True	131529	132599	up	(512, 384)	testing
4	hz	f	20	10	diamond	red	same	vert	up	(608, 480)	(415, 287)	True	133740	134768	up	(512, 384)	testing
4	hz	f	20	10	diamond	none	same	vert	up	N_dis	(608, 287)	True	135946	136839	up	(512, 384)	testing
4	hz	f	20	10	diamond	none	dif	vert	up	N_dis	(415, 287)	True	137970	138641	up	(512, 384)	testing
4	hz	f	20	10	circle	green	dif	vert	up	(512, 520)	(415, 480)	True	139706	140881	up	(512, 384)	testing
4	hz	f	20	10	diamond	green	same	vert	up	(608, 287)	(415, 287)	True	141975	143376	up	(512, 384)	testing
4	hz	f	20	10	circle	green	same	hori	left	(608, 287)	(415, 480)	True	144560	145739	left	(512, 384)	testing
4	hz	f	20	10	diamond	red	dif	vert	up	(415, 287)	(376, 384)	True	146979	148237	up	(512, 384)	testing
4	hz	f	20	10	circle	red	dif	hori	left	(376, 384)	(608, 480)	True	149433	150437	left	(512, 384)	testing
4	hz	f	20	10	diamond	red	dif	hori	left	(608, 287)	(415, 287)	True	151550	152431	left	(512, 384)	testing
4	hz	f	20	10	diamond	red	same	hori	left	(608, 287)	(512, 248)	True	153511	154442	left	(512, 384)	testing
4	hz	f	20	10	circle	green	dif	vert	up	(608, 287)	(415, 287)	True	155662	156510	up	(512, 384)	testing
4	hz	f	20	10	circle	red	same	vert	up	(608, 287)	(648, 384)	True	157636	158347	up	(512, 384)	testing
4	hz	f	20	10	circle	none	same	hori	left	N_dis	(415, 480)	True	159470	160150	left	(512, 384)	testing
4	hz	f	20	10	circle	green	dif	vert	up	(415, 287)	(512, 248)	True	161301	162220	up	(512, 384)	testing
4	hz	f	20	10	circle	none	dif	hori	left	N_dis	(608, 480)	True	163443	164149	left	(512, 384)	testing
4	hz	f	20	10	diamond	red	dif	hori	left	(608, 287)	(415, 287)	True	165231	166342	left	(512, 384)	testing
4	hz	f	20	10	diamond	green	dif	vert	up	(608, 480)	(512, 520)	True	167461	168202	up	(512, 384)	testing
4	hz	f	20	10	circle	red	dif	vert	up	(608, 287)	(512, 520)	True	169440	170067	up	(512, 384)	testing
4	hz	f	20	10	diamond	red	dif	hori	left	(648, 384)	(608, 480)	True	171250	172178	left	(512, 384)	testing
4	hz	f	20	10	circle	none	dif	hori	left	N_dis	(512, 248)	True	173364	174143	left	(512, 384)	testing
4	hz	f	20	10	diamond	red	same	hori	left	(415, 287)	(512, 248)	True	175302	176143	left	(512, 384)	testing
4	hz	f	20	10	circle	red	dif	vert	up	(608, 287)	(376, 384)	True	177346	178174	up	(512, 384)	testing
4	hz	f	20	10	circle	none	dif	hori	left	N_dis	(648, 384)	True	179370	179994	left	(512, 384)	testing
4	hz	f	20	10	circle	none	same	vert	up	N_dis	(376, 384)	True	181042	181794	up	(512, 384)	testing
4	hz	f	20	10	circle	green	same	hori	left	(648, 384)	(376, 384)	True	183017	184946	left	(512, 384)	testing
4	hz	f	20	10	circle	green	dif	hori	left	(608, 287)	(415, 480)	True	186148	188288	left	(512, 384)	testing
4	hz	f	20	10	diamond	green	dif	vert	up	(415, 480)	(415, 287)	True	189347	190677	up	(512, 384)	testing
4	hz	f	20	10	circle	red	same	vert	up	(608, 287)	(608, 480)	True	191915	192853	up	(512, 384)	testing
4	hz	f	20	10	diamond	green	dif	hori	left	(376, 384)	(415, 287)	True	194090	195177	left	(512, 384)	testing
4	hz	f	20	10	diamond	none	dif	hori	left	N_dis	(608, 287)	True	196283	197145	left	(512, 384)	testing
4	hz	f	20	10	circle	green	dif	hori	left	(608, 287)	(415, 287)	True	198270	199090	left	(512, 384)	testing
4	hz	f	20	10	circle	none	dif	vert	up	N_dis	(512, 520)	True	200300	200959	up	(512, 384)	testing
4	hz	f	20	10	diamond	red	dif	vert	up	(608, 287)	(512, 248)	True	202010	202822	up	(512, 384)	testing
4	hz	f	20	10	diamond	green	dif	hori	left	(608, 287)	(415, 480)	True	204082	204962	left	(512, 384)	testing
4	hz	f	20	10	diamond	red	same	hori	left	(608, 287)	(415, 480)	True	206073	206907	left	(512, 384)	testing
4	hz	f	20	10	diamond	red	dif	vert	up	(608, 287)	(608, 480)	True	207964	209080	up	(512, 384)	testing
4	hz	f	20	10	diamond	none	same	hori	left	N_dis	(648, 384)	True	210325	211033	left	(512, 384)	testing
4	hz	f	20	10	diamond	none	dif	hori	left	N_dis	(376, 384)	True	212171	212863	left	(512, 384)	testing
4	hz	f	20	10	circle	none	dif	vert	up	N_dis	(376, 384)	True	213928	215172	up	(512, 384)	testing
4	hz	f	20	10	circle	none	same	vert	up	N_dis	(512, 248)	True	216350	217229	up	(512, 384)	testing
4	hz	f	20	10	diamond	none	same	hori	left	N_dis	(608, 480)	True	218321	219092	left	(512, 384)	testing
4	hz	f	20	10	circle	red	dif	vert	up	(608, 287)	(512, 248)	True	220204	221094	up	(512, 384)	testing
4	hz	f	20	10	diamond	none	dif	hori	left	N_dis	(648, 384)	True	222131	222813	left	(512, 384)	testing
4	hz	f	20	10	circle	none	dif	hori	left	N_dis	(415, 287)	True	223940	224647	left	(512, 384)	testing
4	hz	f	20	10	circle	green	dif	vert	up	(608, 287)	(512, 520)	True	225885	226620	up	(512, 384)	testing
4	hz	f	20	10	circle	none	same	vert	up	N_dis	(376, 384)	True	227869	228533	up	(512, 384)	testing
4	hz	f	20	10	circle	red	dif	hori	left	(608, 287)	(415, 287)	True	229700	230551	left	(512, 384)	testing
4	hz	f	20	10	diamond	none	same	hori	left	N_dis	(415, 480)	True	231667	232896	left	(512, 384)	testing
4	hz	f	20	10	circle	red	same	vert	up	(608, 287)	(415, 287)	True	234121	234807	up	(512, 384)	testing
4	hz	f	20	10	diamond	none	dif	vert	up	N_dis	(608, 287)	True	235882	236949	up	(512, 384)	testing
4	hz	f	20	10	diamond	red	dif	vert	up	(608, 287)	(512, 520)	True	237980	238658	up	(512, 384)	testing
4	hz	f	20	10	circle	red	dif	hori	left	(608, 287)	(512, 248)	True	239868	240761	left	(512, 384)	testing
4	hz	f	20	10	diamond	none	same	vert	up	N_dis	(512, 520)	True	241947	243884	up	(512, 384)	testing
4	hz	f	20	10	circle	red	dif	vert	up	(376, 384)	(608, 480)	True	245144	246322	up	(512, 384)	testing
4	hz	f	20	10	circle	green	same	hori	left	(512, 520)	(512, 248)	True	247472	248565	left	(512, 384)	testing
4	hz	f	20	10	diamond	green	same	hori	left	(512, 248)	(648, 384)	True	249680	250458	left	(512, 384)	testing
4	hz	f	20	10	diamond	green	dif	hori	left	(608, 287)	(376, 384)	True	251706	252494	left	(512, 384)	testing
4	hz	f	20	10	circle	red	same	hori	left	(608, 287)	(512, 520)	True	253635	254442	left	(512, 384)	testing
conf	4	hz	f	20	10	0	space	None	None	None	None	None	None	None	None	True	291066	317255	2
