subj	name	gender	age	runNum	shape	dist	td_dif	resp	resp_key	d_loc	t_loc	gotKey	startTime	respTime	resp	fix_loc	prac
4	hz	f	20	5	circle	red	same	vert	up	(512, 520)	(608, 480)	True	9563	10361	up	(512, 384)	testing
4	hz	f	20	5	diamond	green	dif	vert	up	(512, 520)	(415, 287)	True	11534	12384	up	(512, 384)	testing
4	hz	f	20	5	circle	red	dif	vert	up	(376, 384)	(415, 287)	True	13645	14455	up	(512, 384)	testing
4	hz	f	20	5	circle	red	dif	hori	left	(512, 520)	(376, 384)	True	15547	16167	left	(512, 384)	testing
4	hz	f	20	5	circle	green	same	hori	left	(415, 480)	(415, 287)	True	17340	18198	left	(512, 384)	testing
4	hz	f	20	5	circle	red	same	hori	left	(512, 520)	(648, 384)	True	19290	19913	left	(512, 384)	testing
4	hz	f	20	5	circle	red	same	hori	left	(648, 384)	(512, 248)	True	21139	21964	left	(512, 384)	testing
4	hz	f	20	5	diamond	none	dif	hori	left	N_dis	(415, 287)	True	23049	24654	left	(512, 384)	testing
4	hz	f	20	5	diamond	green	dif	hori	left	(415, 287)	(415, 480)	True	25819	26973	left	(512, 384)	testing
4	hz	f	20	5	diamond	none	same	vert	up	N_dis	(415, 480)	True	28169	28981	up	(512, 384)	testing
4	hz	f	20	5	circle	green	dif	hori	left	(608, 480)	(376, 384)	True	30053	31046	left	(512, 384)	testing
4	hz	f	20	5	diamond	green	dif	hori	left	(512, 520)	(608, 287)	True	32257	32952	left	(512, 384)	testing
4	hz	f	20	5	circle	red	dif	vert	up	(512, 520)	(415, 287)	True	34058	34986	up	(512, 384)	testing
4	hz	f	20	5	circle	red	same	vert	up	(608, 480)	(376, 384)	True	36119	37099	up	(512, 384)	testing
4	hz	f	20	5	diamond	red	dif	hori	left	(608, 480)	(415, 480)	True	38347	39699	left	(512, 384)	testing
4	hz	f	20	5	diamond	green	same	hori	left	(512, 520)	(415, 287)	True	40867	41630	left	(512, 384)	testing
4	hz	f	20	5	diamond	green	same	hori	left	(512, 520)	(512, 248)	True	42680	43469	left	(512, 384)	testing
4	hz	f	20	5	diamond	none	same	vert	up	N_dis	(608, 287)	True	44534	45652	up	(512, 384)	testing
4	hz	f	20	5	circle	green	same	hori	left	(512, 520)	(648, 384)	True	46760	47604	left	(512, 384)	testing
4	hz	f	20	5	circle	green	same	vert	up	(512, 520)	(608, 480)	True	48631	49540	up	(512, 384)	testing
4	hz	f	20	5	circle	green	same	hori	left	(512, 248)	(648, 384)	True	50606	51200	left	(512, 384)	testing
4	hz	f	20	5	diamond	green	dif	hori	left	(512, 520)	(608, 287)	True	52270	52998	left	(512, 384)	testing
4	hz	f	20	5	diamond	green	dif	hori	left	(512, 520)	(376, 384)	True	54061	54783	left	(512, 384)	testing
4	hz	f	20	5	circle	none	same	vert	up	N_dis	(512, 248)	True	55835	56717	up	(512, 384)	testing
4	hz	f	20	5	circle	red	dif	vert	up	(376, 384)	(608, 287)	True	57922	58686	up	(512, 384)	testing
4	hz	f	20	5	diamond	red	same	vert	up	(376, 384)	(608, 480)	True	59722	60588	up	(512, 384)	testing
4	hz	f	20	5	diamond	none	same	vert	up	N_dis	(512, 520)	True	61706	62419	up	(512, 384)	testing
4	hz	f	20	5	circle	green	dif	vert	up	(512, 520)	(376, 384)	True	63447	64622	up	(512, 384)	testing
4	hz	f	20	5	diamond	none	dif	hori	left	N_dis	(415, 480)	True	65756	66818	left	(512, 384)	testing
4	hz	f	20	5	circle	none	dif	vert	up	N_dis	(512, 520)	True	67891	68684	up	(512, 384)	testing
4	hz	f	20	5	diamond	green	dif	vert	up	(512, 520)	(648, 384)	True	69883	70592	up	(512, 384)	testing
4	hz	f	20	5	diamond	green	same	vert	up	(512, 520)	(415, 287)	True	71828	72865	up	(512, 384)	testing
4	hz	f	20	5	circle	red	dif	hori	left	(512, 520)	(415, 480)	True	74040	74742	left	(512, 384)	testing
4	hz	f	20	5	circle	green	same	hori	left	(512, 520)	(608, 287)	True	75843	76656	left	(512, 384)	testing
4	hz	f	20	5	diamond	none	same	hori	left	N_dis	(415, 287)	True	77868	78821	left	(512, 384)	testing
4	hz	f	20	5	diamond	red	dif	vert	up	(512, 520)	(415, 480)	True	79867	80675	up	(512, 384)	testing
4	hz	f	20	5	diamond	none	dif	hori	left	N_dis	(608, 287)	True	81799	82468	left	(512, 384)	testing
4	hz	f	20	5	diamond	none	dif	vert	up	N_dis	(376, 384)	True	83524	84170	up	(512, 384)	testing
4	hz	f	20	5	diamond	red	same	vert	up	(512, 520)	(415, 480)	True	85275	86259	up	(512, 384)	testing
4	hz	f	20	5	circle	green	dif	vert	up	(608, 287)	(648, 384)	True	87424	88379	up	(512, 384)	testing
4	hz	f	20	5	circle	none	same	vert	up	N_dis	(608, 480)	True	89449	90287	up	(512, 384)	testing
4	hz	f	20	5	circle	none	same	hori	left	N_dis	(608, 480)	True	91317	92893	left	(512, 384)	testing
4	hz	f	20	5	circle	green	dif	hori	left	(512, 520)	(512, 248)	True	93998	94819	left	(512, 384)	testing
4	hz	f	20	5	diamond	red	dif	hori	left	(512, 520)	(608, 480)	True	96030	96804	left	(512, 384)	testing
4	hz	f	20	5	circle	none	dif	hori	left	N_dis	(512, 248)	True	97973	98760	left	(512, 384)	testing
4	hz	f	20	5	diamond	red	dif	vert	up	(512, 520)	(512, 248)	True	99954	100743	up	(512, 384)	testing
4	hz	f	20	5	circle	green	same	vert	up	(512, 520)	(512, 248)	True	101999	102777	up	(512, 384)	testing
4	hz	f	20	5	diamond	green	dif	vert	up	(512, 520)	(512, 248)	True	103912	104900	up	(512, 384)	testing
4	hz	f	20	5	circle	none	dif	hori	left	N_dis	(415, 480)	True	106020	106737	left	(512, 384)	testing
4	hz	f	20	5	circle	green	dif	vert	up	(512, 520)	(608, 287)	True	107829	109310	up	(512, 384)	testing
4	hz	f	20	5	diamond	red	same	hori	left	(415, 480)	(415, 287)	True	110572	111455	left	(512, 384)	testing
4	hz	f	20	5	circle	none	dif	hori	left	N_dis	(648, 384)	True	112625	113212	left	(512, 384)	testing
4	hz	f	20	5	circle	none	dif	vert	up	N_dis	(415, 287)	True	114449	115392	up	(512, 384)	testing
4	hz	f	20	5	diamond	red	dif	hori	left	(648, 384)	(376, 384)	True	116551	117258	left	(512, 384)	testing
4	hz	f	20	5	circle	red	same	vert	up	(415, 287)	(608, 287)	True	118479	119495	up	(512, 384)	testing
4	hz	f	20	5	circle	red	same	vert	up	(415, 480)	(608, 287)	True	120667	121455	up	(512, 384)	testing
4	hz	f	20	5	circle	none	same	hori	left	N_dis	(608, 480)	True	122528	123173	left	(512, 384)	testing
4	hz	f	20	5	diamond	red	dif	vert	up	(512, 520)	(608, 287)	True	124231	125222	up	(512, 384)	testing
4	hz	f	20	5	diamond	none	dif	vert	up	N_dis	(415, 480)	True	126377	127283	up	(512, 384)	testing
4	hz	f	20	5	circle	none	dif	vert	up	N_dis	(608, 480)	True	128461	129303	up	(512, 384)	testing
4	hz	f	20	5	diamond	green	same	vert	up	(415, 287)	(415, 480)	True	130553	131375	up	(512, 384)	testing
4	hz	f	20	5	diamond	red	dif	vert	up	(512, 520)	(648, 384)	True	132607	133281	up	(512, 384)	testing
4	hz	f	20	5	circle	none	same	vert	up	N_dis	(648, 384)	True	134378	135013	up	(512, 384)	testing
4	hz	f	20	5	circle	red	same	hori	left	(608, 287)	(376, 384)	True	136051	136734	left	(512, 384)	testing
4	hz	f	20	5	diamond	none	same	hori	left	N_dis	(376, 384)	True	137927	138615	left	(512, 384)	testing
4	hz	f	20	5	diamond	red	same	vert	up	(512, 520)	(608, 480)	True	139661	140569	up	(512, 384)	testing
4	hz	f	20	5	diamond	none	same	hori	left	N_dis	(608, 287)	True	141709	142335	left	(512, 384)	testing
4	hz	f	20	5	circle	red	dif	vert	up	(512, 520)	(512, 248)	True	143422	144426	up	(512, 384)	testing
4	hz	f	20	5	circle	none	dif	vert	up	N_dis	(648, 384)	True	145594	146592	up	(512, 384)	testing
4	hz	f	20	5	circle	none	dif	hori	left	N_dis	(608, 287)	True	147755	148609	left	(512, 384)	testing
4	hz	f	20	5	diamond	green	same	vert	up	(512, 520)	(608, 480)	True	149774	151030	up	(512, 384)	testing
4	hz	f	20	5	circle	green	same	vert	up	(512, 520)	(512, 248)	True	152059	153008	up	(512, 384)	testing
4	hz	f	20	5	circle	green	dif	vert	up	(648, 384)	(608, 287)	True	154070	155239	up	(512, 384)	testing
4	hz	f	20	5	circle	none	same	vert	up	N_dis	(376, 384)	True	156418	157373	up	(512, 384)	testing
4	hz	f	20	5	circle	none	same	hori	left	N_dis	(648, 384)	True	158546	159282	left	(512, 384)	testing
4	hz	f	20	5	circle	none	same	hori	left	N_dis	(512, 248)	True	160461	162018	left	(512, 384)	testing
4	hz	f	20	5	circle	none	dif	vert	up	N_dis	(376, 384)	True	163262	164036	up	(512, 384)	testing
4	hz	f	20	5	diamond	green	dif	hori	left	(512, 520)	(415, 480)	True	165202	167189	left	(512, 384)	testing
4	hz	f	20	5	circle	green	dif	hori	left	(512, 520)	(608, 287)	True	168431	169180	left	(512, 384)	testing
4	hz	f	20	5	diamond	none	same	hori	left	N_dis	(512, 248)	True	170405	171086	left	(512, 384)	testing
4	hz	f	20	5	circle	green	same	vert	up	(512, 520)	(415, 480)	True	172153	172942	up	(512, 384)	testing
4	hz	f	20	5	circle	none	same	hori	left	N_dis	(512, 248)	True	174127	174767	left	(512, 384)	testing
4	hz	f	20	5	circle	red	same	hori	left	(512, 520)	(415, 287)	True	175953	176620	left	(512, 384)	testing
4	hz	f	20	5	diamond	none	dif	vert	up	N_dis	(376, 384)	True	177737	178848	up	(512, 384)	testing
4	hz	f	20	5	diamond	none	same	vert	up	N_dis	(608, 287)	True	179934	180717	up	(512, 384)	testing
4	hz	f	20	5	diamond	red	same	vert	up	(608, 480)	(415, 287)	True	181964	183079	up	(512, 384)	testing
4	hz	f	20	5	diamond	green	same	hori	left	(512, 520)	(415, 287)	True	184110	185236	left	(512, 384)	testing
4	hz	f	20	5	diamond	none	same	hori	left	N_dis	(415, 287)	True	186262	187122	left	(512, 384)	testing
4	hz	f	20	5	circle	red	same	hori	left	(512, 520)	(376, 384)	True	188369	189285	left	(512, 384)	testing
4	hz	f	20	5	diamond	none	dif	hori	left	N_dis	(648, 384)	True	190311	190999	left	(512, 384)	testing
4	hz	f	20	5	diamond	red	dif	vert	up	(512, 520)	(512, 248)	True	192090	192731	up	(512, 384)	testing
4	hz	f	20	5	diamond	none	dif	hori	left	N_dis	(512, 520)	True	193975	194885	left	(512, 384)	testing
4	hz	f	20	5	diamond	green	dif	vert	up	(512, 248)	(415, 480)	True	196061	197153	up	(512, 384)	testing
4	hz	f	20	5	circle	green	same	vert	up	(608, 287)	(376, 384)	True	198421	199424	up	(512, 384)	testing
4	hz	f	20	5	diamond	red	dif	hori	left	(512, 520)	(512, 248)	True	200638	201501	left	(512, 384)	testing
4	hz	f	20	5	diamond	red	same	hori	left	(512, 520)	(376, 384)	True	202684	203299	left	(512, 384)	testing
4	hz	f	20	5	diamond	green	same	hori	left	(512, 248)	(608, 480)	True	204555	205521	left	(512, 384)	testing
4	hz	f	20	5	circle	green	dif	hori	left	(512, 248)	(608, 287)	True	206746	207910	left	(512, 384)	testing
4	hz	f	20	5	diamond	red	same	hori	left	(512, 520)	(648, 384)	True	209163	210112	left	(512, 384)	testing
4	hz	f	20	5	circle	none	dif	hori	left	N_dis	(415, 287)	True	211210	211979	left	(512, 384)	testing
4	hz	f	20	5	circle	none	same	vert	up	N_dis	(415, 480)	True	213051	214059	up	(512, 384)	testing
4	hz	f	20	5	diamond	green	same	vert	up	(512, 520)	(608, 480)	True	215243	216481	left	(512, 384)	testing
4	hz	f	20	5	circle	green	same	hori	left	(512, 520)	(415, 287)	True	219165	220018	left	(512, 384)	testing
4	hz	f	20	5	circle	red	dif	hori	left	(415, 480)	(415, 287)	True	221084	222158	left	(512, 384)	testing
4	hz	f	20	5	diamond	none	same	vert	up	N_dis	(512, 520)	True	223264	224795	up	(512, 384)	testing
4	hz	f	20	5	diamond	none	dif	vert	up	N_dis	(512, 520)	True	225866	227185	up	(512, 384)	testing
4	hz	f	20	5	diamond	red	same	vert	up	(512, 520)	(648, 384)	True	228266	229240	up	(512, 384)	testing
4	hz	f	20	5	circle	red	dif	vert	up	(648, 384)	(608, 287)	True	230341	231352	up	(512, 384)	testing
4	hz	f	20	5	diamond	green	same	hori	left	(512, 520)	(415, 480)	True	232400	233884	left	(512, 384)	testing
4	hz	f	20	5	diamond	red	same	hori	left	(512, 520)	(648, 384)	True	235075	235881	left	(512, 384)	testing
4	hz	f	20	5	circle	green	dif	hori	left	(512, 520)	(376, 384)	True	237082	238146	left	(512, 384)	testing
4	hz	f	20	5	diamond	red	same	hori	left	(512, 520)	(415, 480)	True	239170	240440	left	(512, 384)	testing
4	hz	f	20	5	circle	red	same	vert	up	(608, 287)	(415, 480)	True	241676	242572	up	(512, 384)	testing
4	hz	f	20	5	diamond	green	same	vert	up	(415, 287)	(512, 248)	True	243619	245226	up	(512, 384)	testing
4	hz	f	20	5	circle	red	dif	hori	left	(512, 520)	(512, 248)	True	246270	247383	left	(512, 384)	testing
4	hz	f	20	5	diamond	red	dif	hori	left	(512, 520)	(608, 480)	True	248561	249710	left	(512, 384)	testing
4	hz	f	20	5	circle	green	dif	vert	up	(512, 520)	(376, 384)	True	250775	251833	up	(512, 384)	testing
4	hz	f	20	5	diamond	green	dif	vert	up	(376, 384)	(415, 480)	True	253024	254308	up	(512, 384)	testing
4	hz	f	20	5	circle	red	dif	hori	left	(512, 520)	(608, 287)	True	255428	256363	left	(512, 384)	testing
4	hz	f	20	5	diamond	none	dif	vert	up	N_dis	(608, 480)	True	257520	258615	up	(512, 384)	testing
