subj	name	gender	age	runNum	shape	dist	td_dif	resp	resp_key	d_loc	t_loc	gotKey	startTime	respTime	resp	fix_loc	prac
4	hz	f	20	8	diamond	red	same	vert	up	(608, 287)	(415, 287)	True	160594	161448	up	(512, 384)	testing
4	hz	f	20	8	circle	red	dif	vert	up	(608, 287)	(376, 384)	True	162695	163342	up	(512, 384)	testing
4	hz	f	20	8	diamond	green	dif	vert	up	(608, 287)	(512, 520)	True	164550	165509	up	(512, 384)	testing
4	hz	f	20	8	diamond	red	same	hori	left	(608, 287)	(512, 248)	True	166651	167572	left	(512, 384)	testing
4	hz	f	20	8	diamond	red	dif	vert	up	(512, 520)	(415, 480)	True	168659	169557	up	(512, 384)	testing
4	hz	f	20	8	circle	none	same	hori	left	N_dis	(608, 480)	True	170757	171417	left	(512, 384)	testing
4	hz	f	20	8	circle	green	same	hori	left	(415, 287)	(512, 520)	True	172465	173629	left	(512, 384)	testing
4	hz	f	20	8	diamond	none	same	hori	left	N_dis	(648, 384)	True	174677	175617	left	(512, 384)	testing
4	hz	f	20	8	circle	red	dif	hori	left	(608, 287)	(415, 480)	True	176877	177568	left	(512, 384)	testing
4	hz	f	20	8	circle	none	same	vert	up	N_dis	(415, 480)	True	178699	179485	up	(512, 384)	testing
4	hz	f	20	8	circle	red	dif	hori	left	(608, 480)	(648, 384)	True	180707	181493	left	(512, 384)	testing
4	hz	f	20	8	circle	red	dif	vert	up	(608, 287)	(648, 384)	True	182575	183271	up	(512, 384)	testing
4	hz	f	20	8	diamond	red	same	vert	up	(648, 384)	(512, 248)	True	184335	185456	up	(512, 384)	testing
4	hz	f	20	8	diamond	none	dif	hori	left	N_dis	(512, 248)	True	186649	187639	left	(512, 384)	testing
4	hz	f	20	8	diamond	green	same	vert	up	(608, 287)	(415, 287)	True	188811	190675	up	(512, 384)	testing
4	hz	f	20	8	circle	red	dif	hori	left	(608, 287)	(376, 384)	True	191937	192638	left	(512, 384)	testing
4	hz	f	20	8	diamond	none	same	vert	up	N_dis	(648, 384)	True	193712	194789	up	(512, 384)	testing
4	hz	f	20	8	diamond	green	same	vert	up	(608, 287)	(415, 287)	True	195846	196854	up	(512, 384)	testing
4	hz	f	20	8	diamond	red	same	hori	left	(648, 384)	(415, 480)	True	197893	198934	left	(512, 384)	testing
4	hz	f	20	8	diamond	red	dif	vert	up	(608, 287)	(512, 248)	True	200028	200754	up	(512, 384)	testing
4	hz	f	20	8	diamond	green	same	vert	up	(648, 384)	(512, 520)	True	201822	203049	up	(512, 384)	testing
4	hz	f	20	8	circle	none	dif	hori	left	N_dis	(648, 384)	True	204152	205389	left	(512, 384)	testing
4	hz	f	20	8	circle	none	dif	vert	up	N_dis	(415, 287)	True	206451	207448	up	(512, 384)	testing
4	hz	f	20	8	diamond	green	dif	vert	up	(608, 287)	(648, 384)	True	208532	209428	up	(512, 384)	testing
4	hz	f	20	8	diamond	green	dif	hori	left	(512, 520)	(512, 248)	True	210600	211566	left	(512, 384)	testing
4	hz	f	20	8	circle	none	same	hori	left	N_dis	(608, 287)	True	212813	213592	left	(512, 384)	testing
4	hz	f	20	8	diamond	red	dif	hori	left	(512, 248)	(512, 520)	True	214678	215429	left	(512, 384)	testing
4	hz	f	20	8	circle	red	same	hori	left	(608, 287)	(608, 480)	True	216495	217543	left	(512, 384)	testing
4	hz	f	20	8	diamond	red	dif	vert	up	(608, 287)	(648, 384)	True	218647	219389	up	(512, 384)	testing
4	hz	f	20	8	circle	red	same	hori	left	(415, 480)	(512, 248)	True	220414	221201	left	(512, 384)	testing
4	hz	f	20	8	diamond	green	same	hori	left	(608, 287)	(608, 480)	True	222335	223315	left	(512, 384)	testing
4	hz	f	20	8	diamond	none	same	hori	left	N_dis	(608, 287)	True	224549	225304	left	(512, 384)	testing
4	hz	f	20	8	diamond	green	same	hori	left	(608, 287)	(512, 520)	True	226466	227169	left	(512, 384)	testing
4	hz	f	20	8	diamond	green	dif	hori	left	(608, 287)	(415, 480)	True	228245	229029	left	(512, 384)	testing
4	hz	f	20	8	circle	red	dif	hori	left	(608, 480)	(512, 248)	True	230133	230916	left	(512, 384)	testing
4	hz	f	20	8	diamond	red	same	hori	left	(608, 287)	(415, 480)	True	232011	232728	left	(512, 384)	testing
4	hz	f	20	8	diamond	red	same	vert	up	(608, 287)	(512, 520)	True	233930	234662	up	(512, 384)	testing
4	hz	f	20	8	circle	red	same	hori	left	(608, 287)	(376, 384)	True	235779	236496	left	(512, 384)	testing
4	hz	f	20	8	circle	red	same	vert	up	(512, 248)	(512, 520)	True	237614	238487	up	(512, 384)	testing
4	hz	f	20	8	diamond	none	same	vert	up	N_dis	(415, 287)	True	239661	240591	up	(512, 384)	testing
4	hz	f	20	8	circle	green	same	hori	left	(648, 384)	(415, 287)	True	241846	242579	left	(512, 384)	testing
4	hz	f	20	8	diamond	none	dif	vert	up	N_dis	(376, 384)	True	243789	244665	up	(512, 384)	testing
4	hz	f	20	8	circle	green	dif	hori	left	(608, 287)	(512, 520)	True	245706	246356	left	(512, 384)	testing
4	hz	f	20	8	diamond	none	dif	hori	left	N_dis	(415, 287)	True	247400	248330	left	(512, 384)	testing
4	hz	f	20	8	diamond	green	dif	hori	left	(608, 287)	(512, 248)	True	249460	250228	left	(512, 384)	testing
4	hz	f	20	8	circle	red	dif	vert	up	(608, 287)	(415, 480)	True	251393	252277	up	(512, 384)	testing
4	hz	f	20	8	circle	none	dif	vert	up	N_dis	(608, 287)	True	253328	254342	up	(512, 384)	testing
4	hz	f	20	8	circle	none	same	hori	left	N_dis	(608, 480)	True	255458	256260	left	(512, 384)	testing
4	hz	f	20	8	diamond	green	dif	hori	left	(608, 287)	(415, 287)	True	257521	258391	left	(512, 384)	testing
4	hz	f	20	8	circle	red	same	hori	left	(415, 287)	(376, 384)	True	259483	260368	left	(512, 384)	testing
4	hz	f	20	8	circle	none	same	hori	left	N_dis	(648, 384)	True	261397	262222	left	(512, 384)	testing
4	hz	f	20	8	diamond	red	same	vert	up	(608, 287)	(608, 480)	True	263352	264293	up	(512, 384)	testing
4	hz	f	20	8	diamond	red	dif	hori	left	(608, 287)	(608, 480)	True	265433	266193	left	(512, 384)	testing
4	hz	f	20	8	circle	none	same	hori	left	N_dis	(415, 287)	True	267271	268065	left	(512, 384)	testing
4	hz	f	20	8	diamond	green	same	vert	up	(608, 287)	(415, 287)	True	269275	270076	up	(512, 384)	testing
4	hz	f	20	8	diamond	none	same	vert	up	N_dis	(415, 287)	True	271116	272122	up	(512, 384)	testing
4	hz	f	20	8	circle	red	same	vert	up	(608, 287)	(648, 384)	True	273230	274093	up	(512, 384)	testing
4	hz	f	20	8	diamond	none	dif	vert	up	N_dis	(608, 480)	True	275326	276016	up	(512, 384)	testing
4	hz	f	20	8	diamond	green	dif	vert	up	(376, 384)	(512, 248)	True	277235	278130	up	(512, 384)	testing
4	hz	f	20	8	circle	none	dif	hori	left	N_dis	(608, 287)	True	279350	280440	left	(512, 384)	testing
4	hz	f	20	8	diamond	red	same	hori	left	(608, 287)	(415, 480)	True	281524	282394	left	(512, 384)	testing
4	hz	f	20	8	circle	green	same	vert	up	(608, 480)	(512, 248)	True	283567	284600	up	(512, 384)	testing
4	hz	f	20	8	diamond	red	dif	hori	left	(415, 287)	(415, 480)	True	285733	286606	left	(512, 384)	testing
4	hz	f	20	8	circle	none	dif	hori	left	N_dis	(608, 287)	True	287772	288494	left	(512, 384)	testing
4	hz	f	20	8	diamond	green	dif	vert	up	(608, 287)	(648, 384)	True	289605	290708	up	(512, 384)	testing
4	hz	f	20	8	diamond	none	same	hori	left	N_dis	(512, 520)	True	291944	292737	left	(512, 384)	testing
4	hz	f	20	8	circle	red	same	vert	up	(512, 520)	(376, 384)	True	293906	294902	up	(512, 384)	testing
4	hz	f	20	8	diamond	red	dif	hori	left	(376, 384)	(648, 384)	True	295997	296714	left	(512, 384)	testing
4	hz	f	20	8	circle	red	same	vert	up	(376, 384)	(648, 384)	True	297812	298553	up	(512, 384)	testing
4	hz	f	20	8	circle	none	same	vert	up	N_dis	(608, 480)	True	299646	300311	up	(512, 384)	testing
4	hz	f	20	8	circle	none	same	vert	up	N_dis	(376, 384)	True	301378	302051	up	(512, 384)	testing
4	hz	f	20	8	diamond	red	dif	vert	up	(512, 248)	(648, 384)	True	303164	303989	up	(512, 384)	testing
4	hz	f	20	8	diamond	red	same	hori	left	(608, 287)	(415, 480)	True	305174	306117	left	(512, 384)	testing
4	hz	f	20	8	circle	green	same	hori	left	(608, 287)	(376, 384)	True	307362	308065	left	(512, 384)	testing
4	hz	f	20	8	diamond	green	same	vert	up	(608, 287)	(376, 384)	True	309337	310473	up	(512, 384)	testing
4	hz	f	20	8	circle	green	dif	vert	up	(608, 287)	(415, 480)	True	311549	312530	up	(512, 384)	testing
4	hz	f	20	8	diamond	green	same	hori	left	(608, 287)	(415, 480)	True	313668	315052	left	(512, 384)	testing
4	hz	f	20	8	diamond	red	dif	vert	up	(608, 287)	(376, 384)	True	316322	317052	up	(512, 384)	testing
4	hz	f	20	8	circle	red	dif	vert	up	(608, 287)	(415, 480)	True	318127	318934	up	(512, 384)	testing
4	hz	f	20	8	diamond	red	dif	hori	left	(415, 480)	(376, 384)	True	320038	321236	left	(512, 384)	testing
4	hz	f	20	8	diamond	none	dif	vert	up	N_dis	(512, 248)	True	322391	323198	up	(512, 384)	testing
4	hz	f	20	8	diamond	none	dif	hori	left	N_dis	(512, 520)	True	324339	325162	left	(512, 384)	testing
4	hz	f	20	8	circle	green	dif	vert	up	(608, 287)	(648, 384)	True	326357	327256	up	(512, 384)	testing
4	hz	f	20	8	circle	none	dif	hori	left	N_dis	(512, 520)	True	328394	329117	left	(512, 384)	testing
4	hz	f	20	8	diamond	none	same	hori	left	N_dis	(376, 384)	True	330344	331075	left	(512, 384)	testing
4	hz	f	20	8	diamond	green	dif	vert	up	(608, 480)	(648, 384)	True	332189	333075	up	(512, 384)	testing
4	hz	f	20	8	circle	green	dif	hori	left	(512, 248)	(512, 520)	True	334108	334834	left	(512, 384)	testing
4	hz	f	20	8	circle	green	dif	vert	up	(608, 287)	(512, 520)	True	336030	336823	up	(512, 384)	testing
4	hz	f	20	8	circle	none	dif	hori	left	N_dis	(415, 480)	True	337856	338595	left	(512, 384)	testing
4	hz	f	20	8	diamond	none	same	vert	up	N_dis	(376, 384)	True	339690	340414	up	(512, 384)	testing
4	hz	f	20	8	diamond	none	same	vert	up	N_dis	(415, 480)	True	341661	342432	up	(512, 384)	testing
4	hz	f	20	8	diamond	none	same	hori	left	N_dis	(608, 480)	True	343659	344372	left	(512, 384)	testing
4	hz	f	20	8	circle	green	dif	hori	left	(608, 287)	(608, 480)	True	345629	346959	left	(512, 384)	testing
4	hz	f	20	8	diamond	none	dif	vert	up	N_dis	(648, 384)	True	348216	348890	up	(512, 384)	testing
4	hz	f	20	8	diamond	none	dif	hori	left	N_dis	(512, 248)	True	350037	350779	left	(512, 384)	testing
4	hz	f	20	8	diamond	none	dif	hori	left	N_dis	(415, 480)	True	351980	352837	left	(512, 384)	testing
4	hz	f	20	8	diamond	green	same	hori	left	(608, 287)	(415, 480)	True	354016	354840	left	(512, 384)	testing
4	hz	f	20	8	circle	green	same	vert	up	(608, 287)	(512, 248)	True	356021	356926	up	(512, 384)	testing
4	hz	f	20	8	diamond	none	dif	vert	up	N_dis	(512, 248)	True	358075	359734	up	(512, 384)	testing
4	hz	f	20	8	circle	green	same	vert	up	(608, 287)	(648, 384)	True	360820	361740	up	(512, 384)	testing
4	hz	f	20	8	circle	red	dif	vert	up	(608, 287)	(415, 287)	True	362831	363726	up	(512, 384)	testing
4	hz	f	20	8	circle	none	same	vert	up	N_dis	(376, 384)	True	364785	365758	up	(512, 384)	testing
4	hz	f	20	8	diamond	green	dif	hori	left	(415, 287)	(608, 480)	True	366833	367543	left	(512, 384)	testing
4	hz	f	20	8	circle	green	same	vert	up	(608, 287)	(415, 287)	True	368759	369684	up	(512, 384)	testing
4	hz	f	20	8	circle	green	dif	vert	up	(608, 287)	(512, 248)	True	370817	371693	up	(512, 384)	testing
4	hz	f	20	8	circle	red	same	vert	up	(608, 287)	(512, 520)	True	372885	373619	up	(512, 384)	testing
4	hz	f	20	8	circle	none	same	vert	up	N_dis	(415, 480)	True	374791	375496	up	(512, 384)	testing
4	hz	f	20	8	circle	none	dif	vert	up	N_dis	(512, 520)	True	376616	377448	up	(512, 384)	testing
4	hz	f	20	8	circle	green	same	hori	left	(415, 480)	(376, 384)	True	378577	379426	left	(512, 384)	testing
4	hz	f	20	8	diamond	green	same	hori	left	(608, 287)	(376, 384)	True	380516	381574	left	(512, 384)	testing
4	hz	f	20	8	diamond	red	same	vert	up	(608, 287)	(512, 248)	True	382703	383469	up	(512, 384)	testing
4	hz	f	20	8	circle	none	dif	vert	up	N_dis	(512, 520)	True	384620	385418	up	(512, 384)	testing
4	hz	f	20	8	circle	none	dif	vert	up	N_dis	(512, 248)	True	386544	387419	up	(512, 384)	testing
4	hz	f	20	8	circle	green	dif	vert	up	(376, 384)	(608, 480)	True	388614	389385	up	(512, 384)	testing
4	hz	f	20	8	circle	green	same	hori	left	(608, 287)	(512, 520)	True	390625	391397	left	(512, 384)	testing
4	hz	f	20	8	circle	red	dif	hori	left	(608, 287)	(608, 480)	True	392476	393280	left	(512, 384)	testing
4	hz	f	20	8	circle	green	dif	hori	left	(608, 287)	(608, 480)	True	394393	395038	left	(512, 384)	testing
4	hz	f	20	8	circle	green	same	vert	up	(512, 520)	(415, 287)	True	396099	396936	up	(512, 384)	testing
4	hz	f	20	8	circle	green	dif	hori	left	(415, 480)	(608, 480)	True	398047	398668	left	(512, 384)	testing
4	hz	f	20	8	circle	red	same	hori	left	(608, 287)	(512, 248)	True	399775	400416	left	(512, 384)	testing
