subj	name	gender	age	runNum	shape	dist	td_dif	resp	resp_key	d_loc	t_loc	gotKey	startTime	respTime	resp	fix_loc	prac
4	hz	f	20	7	diamond	red	same	hori	left	(608, 287)	(415, 480)	True	14412	15173	left	(512, 384)	testing
4	hz	f	20	7	diamond	green	same	vert	up	(608, 287)	(415, 480)	True	16246	17870	up	(512, 384)	testing
4	hz	f	20	7	circle	red	dif	vert	up	(608, 480)	(512, 248)	True	19106	19915	up	(512, 384)	testing
4	hz	f	20	7	diamond	none	dif	vert	up	N_dis	(376, 384)	True	20998	21749	up	(512, 384)	testing
4	hz	f	20	7	circle	green	same	vert	up	(648, 384)	(608, 480)	True	22906	24091	up	(512, 384)	testing
4	hz	f	20	7	diamond	green	same	hori	left	(608, 287)	(512, 248)	True	25193	26062	left	(512, 384)	testing
4	hz	f	20	7	diamond	none	dif	vert	up	N_dis	(512, 520)	True	27204	28552	up	(512, 384)	testing
4	hz	f	20	7	diamond	red	same	vert	up	(608, 287)	(376, 384)	True	29607	30660	up	(512, 384)	testing
4	hz	f	20	7	diamond	green	same	vert	up	(608, 287)	(608, 480)	True	31734	32429	up	(512, 384)	testing
4	hz	f	20	7	circle	none	same	vert	up	N_dis	(608, 480)	True	33476	34251	up	(512, 384)	testing
4	hz	f	20	7	circle	green	same	vert	up	(608, 480)	(512, 520)	True	35371	36160	up	(512, 384)	testing
4	hz	f	20	7	circle	green	dif	hori	left	(608, 287)	(376, 384)	True	37375	37969	left	(512, 384)	testing
4	hz	f	20	7	diamond	red	dif	hori	left	(512, 248)	(376, 384)	True	39142	39926	left	(512, 384)	testing
4	hz	f	20	7	diamond	green	dif	hori	left	(415, 287)	(415, 480)	True	41027	41750	left	(512, 384)	testing
4	hz	f	20	7	circle	red	dif	hori	left	(608, 287)	(415, 287)	True	42985	44075	left	(512, 384)	testing
4	hz	f	20	7	diamond	none	dif	vert	up	N_dis	(415, 480)	True	45286	46278	up	(512, 384)	testing
4	hz	f	20	7	diamond	none	dif	hori	left	N_dis	(415, 287)	True	47393	48235	left	(512, 384)	testing
4	hz	f	20	7	diamond	green	same	vert	up	(608, 287)	(608, 480)	True	49271	50058	up	(512, 384)	testing
4	hz	f	20	7	circle	red	same	hori	left	(608, 287)	(415, 480)	True	51144	51910	left	(512, 384)	testing
4	hz	f	20	7	circle	red	dif	hori	left	(415, 480)	(648, 384)	True	53074	53729	left	(512, 384)	testing
4	hz	f	20	7	circle	red	same	vert	up	(608, 287)	(415, 480)	True	54764	55509	up	(512, 384)	testing
4	hz	f	20	7	diamond	none	same	hori	left	N_dis	(608, 480)	True	56532	57189	left	(512, 384)	testing
4	hz	f	20	7	circle	red	same	hori	left	(608, 287)	(512, 520)	True	58305	59068	left	(512, 384)	testing
4	hz	f	20	7	circle	none	dif	hori	left	N_dis	(512, 248)	True	60330	61005	left	(512, 384)	testing
4	hz	f	20	7	circle	none	same	hori	left	N_dis	(376, 384)	True	62102	62702	left	(512, 384)	testing
4	hz	f	20	7	diamond	red	same	hori	left	(608, 287)	(512, 248)	True	63883	64753	left	(512, 384)	testing
4	hz	f	20	7	circle	green	dif	hori	left	(415, 287)	(648, 384)	True	65937	66565	left	(512, 384)	testing
4	hz	f	20	7	circle	red	dif	vert	up	(608, 287)	(512, 520)	True	67705	68590	up	(512, 384)	testing
4	hz	f	20	7	circle	green	same	hori	left	(648, 384)	(415, 480)	True	69765	70404	left	(512, 384)	testing
4	hz	f	20	7	diamond	red	same	hori	left	(512, 248)	(648, 384)	True	71627	72463	left	(512, 384)	testing
4	hz	f	20	7	circle	red	dif	vert	up	(512, 520)	(648, 384)	True	73496	74323	up	(512, 384)	testing
4	hz	f	20	7	diamond	red	same	hori	left	(608, 287)	(415, 480)	True	75542	76475	left	(512, 384)	testing
4	hz	f	20	7	diamond	none	same	hori	left	N_dis	(648, 384)	True	77644	78186	left	(512, 384)	testing
4	hz	f	20	7	diamond	green	same	hori	left	(608, 287)	(648, 384)	True	79318	79885	left	(512, 384)	testing
4	hz	f	20	7	circle	none	dif	vert	up	N_dis	(608, 287)	True	81092	82152	up	(512, 384)	testing
4	hz	f	20	7	circle	green	dif	hori	left	(608, 287)	(512, 248)	True	83321	84161	left	(512, 384)	testing
4	hz	f	20	7	diamond	none	dif	hori	left	N_dis	(415, 287)	True	85244	86431	left	(512, 384)	testing
4	hz	f	20	7	circle	red	same	vert	up	(376, 384)	(512, 248)	True	87533	88291	up	(512, 384)	testing
4	hz	f	20	7	diamond	none	same	vert	up	N_dis	(512, 520)	True	89358	90388	up	(512, 384)	testing
4	hz	f	20	7	diamond	green	dif	hori	left	(608, 287)	(415, 480)	True	91416	92197	left	(512, 384)	testing
4	hz	f	20	7	diamond	red	dif	hori	left	(415, 480)	(512, 520)	True	93461	94202	left	(512, 384)	testing
4	hz	f	20	7	circle	none	dif	hori	left	N_dis	(512, 520)	True	95472	96248	left	(512, 384)	testing
4	hz	f	20	7	diamond	none	same	vert	up	N_dis	(376, 384)	True	97413	98070	up	(512, 384)	testing
4	hz	f	20	7	circle	red	dif	hori	left	(608, 287)	(648, 384)	True	99302	99889	left	(512, 384)	testing
4	hz	f	20	7	circle	none	same	vert	up	N_dis	(415, 480)	True	101019	101860	up	(512, 384)	testing
4	hz	f	20	7	diamond	green	dif	hori	left	(608, 480)	(512, 248)	True	103061	103880	left	(512, 384)	testing
4	hz	f	20	7	diamond	green	dif	vert	up	(608, 287)	(376, 384)	True	104916	105713	up	(512, 384)	testing
4	hz	f	20	7	diamond	green	same	hori	left	(608, 287)	(512, 520)	True	106773	107513	left	(512, 384)	testing
4	hz	f	20	7	diamond	red	dif	hori	left	(608, 287)	(415, 287)	True	108721	109602	left	(512, 384)	testing
4	hz	f	20	7	circle	none	same	vert	up	N_dis	(608, 287)	True	110747	111753	up	(512, 384)	testing
4	hz	f	20	7	diamond	red	same	vert	up	(608, 287)	(648, 384)	True	112898	114029	up	(512, 384)	testing
4	hz	f	20	7	circle	red	same	hori	left	(608, 287)	(512, 248)	True	115086	116143	left	(512, 384)	testing
4	hz	f	20	7	circle	none	dif	vert	up	N_dis	(512, 248)	True	117397	118052	up	(512, 384)	testing
4	hz	f	20	7	circle	green	same	hori	left	(608, 287)	(608, 480)	True	119235	119793	left	(512, 384)	testing
4	hz	f	20	7	diamond	red	dif	vert	up	(608, 287)	(415, 287)	True	120884	121767	up	(512, 384)	testing
4	hz	f	20	7	circle	red	dif	hori	left	(608, 287)	(512, 248)	True	123018	123702	left	(512, 384)	testing
4	hz	f	20	7	diamond	none	same	vert	up	N_dis	(512, 248)	True	124966	126319	up	(512, 384)	testing
4	hz	f	20	7	diamond	green	same	vert	up	(608, 287)	(608, 480)	True	127414	128519	up	(512, 384)	testing
4	hz	f	20	7	circle	red	same	vert	up	(608, 287)	(415, 480)	True	129658	130510	up	(512, 384)	testing
4	hz	f	20	7	diamond	none	same	vert	up	N_dis	(608, 480)	True	131653	132682	up	(512, 384)	testing
4	hz	f	20	7	diamond	none	same	hori	left	N_dis	(415, 287)	True	133869	134613	left	(512, 384)	testing
4	hz	f	20	7	circle	green	dif	vert	up	(608, 287)	(415, 480)	True	135849	136593	up	(512, 384)	testing
4	hz	f	20	7	circle	none	same	vert	up	N_dis	(512, 248)	True	137861	138685	up	(512, 384)	testing
4	hz	f	20	7	circle	none	same	hori	left	N_dis	(608, 480)	True	139781	140400	left	(512, 384)	testing
4	hz	f	20	7	diamond	none	dif	vert	up	N_dis	(648, 384)	True	141667	142514	up	(512, 384)	testing
4	hz	f	20	7	diamond	red	dif	vert	up	(608, 287)	(415, 287)	True	143722	144585	up	(512, 384)	testing
4	hz	f	20	7	circle	none	dif	hori	left	N_dis	(608, 287)	True	145797	146614	left	(512, 384)	testing
4	hz	f	20	7	circle	none	same	hori	left	N_dis	(415, 480)	True	147862	148460	left	(512, 384)	testing
4	hz	f	20	7	circle	green	dif	hori	left	(608, 287)	(648, 384)	True	149656	150280	left	(512, 384)	testing
4	hz	f	20	7	circle	none	same	vert	up	N_dis	(608, 287)	True	151304	151925	up	(512, 384)	testing
4	hz	f	20	7	diamond	none	dif	hori	left	N_dis	(415, 480)	True	153072	153973	left	(512, 384)	testing
4	hz	f	20	7	circle	red	same	vert	up	(608, 287)	(376, 384)	True	155007	156131	up	(512, 384)	testing
4	hz	f	20	7	circle	green	same	vert	up	(608, 287)	(512, 520)	True	157269	158425	up	(512, 384)	testing
4	hz	f	20	7	diamond	none	same	hori	left	N_dis	(376, 384)	True	159663	160319	left	(512, 384)	testing
4	hz	f	20	7	diamond	green	same	hori	left	(608, 480)	(648, 384)	True	161428	162251	left	(512, 384)	testing
4	hz	f	20	7	diamond	green	dif	vert	up	(608, 287)	(608, 480)	True	163328	164359	up	(512, 384)	testing
4	hz	f	20	7	diamond	none	same	hori	left	N_dis	(512, 520)	True	165600	166399	left	(512, 384)	testing
4	hz	f	20	7	circle	green	dif	hori	left	(415, 480)	(415, 287)	True	167480	168367	left	(512, 384)	testing
4	hz	f	20	7	diamond	red	same	vert	up	(512, 520)	(648, 384)	True	169450	170473	up	(512, 384)	testing
4	hz	f	20	7	diamond	green	dif	vert	up	(608, 287)	(415, 287)	True	171679	172475	up	(512, 384)	testing
4	hz	f	20	7	diamond	green	dif	vert	up	(608, 287)	(512, 248)	True	173511	174261	up	(512, 384)	testing
4	hz	f	20	7	circle	none	dif	vert	up	N_dis	(376, 384)	True	175407	176496	up	(512, 384)	testing
4	hz	f	20	7	circle	green	same	hori	left	(608, 287)	(415, 287)	True	177759	179278	left	(512, 384)	testing
4	hz	f	20	7	diamond	red	dif	vert	up	(512, 520)	(415, 480)	True	180488	181313	up	(512, 384)	testing
4	hz	f	20	7	circle	green	dif	vert	up	(608, 287)	(415, 287)	True	182470	183196	up	(512, 384)	testing
4	hz	f	20	7	circle	none	same	hori	left	N_dis	(415, 287)	True	184335	185030	left	(512, 384)	testing
4	hz	f	20	7	diamond	none	dif	hori	left	N_dis	(608, 287)	True	186301	187242	left	(512, 384)	testing
4	hz	f	20	7	circle	red	dif	vert	up	(648, 384)	(415, 287)	True	188343	189125	up	(512, 384)	testing
4	hz	f	20	7	diamond	green	same	vert	up	(608, 287)	(376, 384)	True	190238	190978	up	(512, 384)	testing
4	hz	f	20	7	circle	none	dif	vert	up	N_dis	(608, 480)	True	192235	192909	up	(512, 384)	testing
4	hz	f	20	7	diamond	red	same	hori	left	(608, 287)	(648, 384)	True	193966	194606	left	(512, 384)	testing
4	hz	f	20	7	circle	red	dif	hori	left	(648, 384)	(415, 287)	True	195839	196620	left	(512, 384)	testing
4	hz	f	20	7	diamond	green	dif	vert	up	(608, 287)	(608, 480)	True	197655	198706	up	(512, 384)	testing
4	hz	f	20	7	circle	none	same	hori	left	N_dis	(415, 287)	True	199816	200565	left	(512, 384)	testing
4	hz	f	20	7	circle	green	same	hori	left	(608, 287)	(512, 248)	True	201829	202588	left	(512, 384)	testing
4	hz	f	20	7	circle	green	dif	vert	up	(376, 384)	(608, 480)	True	203693	204385	up	(512, 384)	testing
4	hz	f	20	7	circle	none	dif	hori	left	N_dis	(415, 480)	True	205658	206368	left	(512, 384)	testing
4	hz	f	20	7	circle	green	same	vert	up	(608, 287)	(415, 480)	True	207594	208240	up	(512, 384)	testing
4	hz	f	20	7	diamond	green	dif	hori	left	(415, 287)	(512, 248)	True	209458	210217	left	(512, 384)	testing
4	hz	f	20	7	diamond	none	same	vert	up	N_dis	(648, 384)	True	211270	211921	up	(512, 384)	testing
4	hz	f	20	7	circle	green	dif	vert	up	(608, 287)	(512, 520)	True	212989	213752	up	(512, 384)	testing
4	hz	f	20	7	circle	none	dif	vert	up	N_dis	(512, 520)	True	214812	215389	up	(512, 384)	testing
4	hz	f	20	7	diamond	red	dif	vert	up	(608, 287)	(512, 520)	True	216426	217401	up	(512, 384)	testing
4	hz	f	20	7	diamond	none	dif	vert	up	N_dis	(648, 384)	True	218439	219209	left	(512, 384)	testing
4	hz	f	20	7	diamond	red	dif	hori	left	(512, 248)	(376, 384)	True	221956	222724	left	(512, 384)	testing
4	hz	f	20	7	diamond	red	dif	vert	up	(415, 287)	(512, 520)	True	223756	224516	up	(512, 384)	testing
4	hz	f	20	7	diamond	red	same	vert	up	(608, 287)	(512, 520)	True	225663	226222	up	(512, 384)	testing
4	hz	f	20	7	circle	red	dif	vert	up	(376, 384)	(512, 520)	True	227300	228330	up	(512, 384)	testing
4	hz	f	20	7	circle	green	same	vert	up	(376, 384)	(512, 520)	True	229548	230290	up	(512, 384)	testing
4	hz	f	20	7	diamond	red	dif	hori	left	(608, 287)	(648, 384)	True	231491	232291	left	(512, 384)	testing
4	hz	f	20	7	diamond	green	dif	hori	left	(608, 287)	(648, 384)	True	233530	234176	left	(512, 384)	testing
4	hz	f	20	7	diamond	red	same	vert	up	(512, 520)	(512, 248)	True	235403	236307	up	(512, 384)	testing
4	hz	f	20	7	circle	none	dif	hori	left	N_dis	(512, 248)	True	237428	238407	left	(512, 384)	testing
4	hz	f	20	7	diamond	green	same	hori	left	(415, 480)	(415, 287)	True	239522	240701	left	(512, 384)	testing
4	hz	f	20	7	circle	red	same	hori	left	(608, 287)	(415, 480)	True	241887	242837	left	(512, 384)	testing
4	hz	f	20	7	circle	green	same	hori	left	(608, 287)	(376, 384)	True	243874	244999	left	(512, 384)	testing
4	hz	f	20	7	diamond	none	dif	hori	left	N_dis	(648, 384)	True	246160	247181	left	(512, 384)	testing
4	hz	f	20	7	circle	green	dif	vert	up	(608, 287)	(608, 480)	True	248354	249301	up	(512, 384)	testing
4	hz	f	20	7	circle	red	same	vert	up	(608, 287)	(376, 384)	True	250363	251149	up	(512, 384)	testing
4	hz	f	20	7	circle	red	same	hori	left	(512, 248)	(512, 520)	True	252315	253041	left	(512, 384)	testing
