subj	name	gender	age	runNum	shape	dist	td_dif	resp	resp_key	d_loc	t_loc	gotKey	startTime	respTime	resp	fix_loc	prac
4	hz	f	20	4	diamond	green	same	vert	up	(512, 520)	(608, 287)	True	133984	134940	up	(512, 384)	testing
4	hz	f	20	4	diamond	red	same	hori	left	(512, 520)	(415, 287)	True	136119	136963	left	(512, 384)	testing
4	hz	f	20	4	circle	red	same	hori	left	(512, 520)	(608, 480)	True	138045	138980	left	(512, 384)	testing
4	hz	f	20	4	circle	green	dif	vert	up	(512, 520)	(648, 384)	True	140202	141130	up	(512, 384)	testing
4	hz	f	20	4	diamond	red	same	vert	up	(512, 520)	(608, 480)	True	142167	143530	up	(512, 384)	testing
4	hz	f	20	4	diamond	red	dif	hori	left	(512, 520)	(415, 287)	True	144655	145395	left	(512, 384)	testing
4	hz	f	20	4	diamond	red	same	vert	up	(608, 480)	(648, 384)	True	146489	147352	up	(512, 384)	testing
4	hz	f	20	4	diamond	red	dif	vert	up	(512, 520)	(415, 480)	True	148428	149372	up	(512, 384)	testing
4	hz	f	20	4	diamond	green	same	hori	left	(608, 480)	(648, 384)	True	150602	151206	left	(512, 384)	testing
4	hz	f	20	4	circle	none	dif	vert	up	N_dis	(415, 480)	True	152338	153108	up	(512, 384)	testing
4	hz	f	20	4	diamond	none	same	hori	left	N_dis	(648, 384)	True	154194	154787	left	(512, 384)	testing
4	hz	f	20	4	diamond	red	dif	hori	left	(512, 520)	(376, 384)	True	155928	156575	left	(512, 384)	testing
4	hz	f	20	4	diamond	green	same	hori	left	(512, 520)	(608, 287)	True	157809	158518	left	(512, 384)	testing
4	hz	f	20	4	circle	red	dif	hori	left	(512, 520)	(376, 384)	True	159627	160380	left	(512, 384)	testing
4	hz	f	20	4	circle	green	same	hori	left	(512, 520)	(376, 384)	True	161626	162391	left	(512, 384)	testing
4	hz	f	20	4	circle	none	same	hori	left	N_dis	(512, 248)	True	163562	164254	left	(512, 384)	testing
4	hz	f	20	4	circle	red	dif	vert	up	(512, 520)	(415, 287)	True	165342	166121	up	(512, 384)	testing
4	hz	f	20	4	diamond	red	same	hori	left	(415, 287)	(376, 384)	True	167308	168143	left	(512, 384)	testing
4	hz	f	20	4	diamond	green	dif	hori	left	(648, 384)	(376, 384)	True	169327	170803	left	(512, 384)	testing
4	hz	f	20	4	circle	none	dif	hori	left	N_dis	(415, 480)	True	171967	173638	left	(512, 384)	testing
4	hz	f	20	4	diamond	none	same	hori	left	N_dis	(608, 287)	True	174691	175544	left	(512, 384)	testing
4	hz	f	20	4	diamond	none	same	vert	up	N_dis	(648, 384)	True	176609	178068	up	(512, 384)	testing
4	hz	f	20	4	diamond	red	dif	vert	up	(512, 520)	(608, 480)	True	179231	180436	up	(512, 384)	testing
4	hz	f	20	4	diamond	none	dif	hori	left	N_dis	(376, 384)	True	181669	182673	left	(512, 384)	testing
4	hz	f	20	4	diamond	green	dif	hori	left	(512, 520)	(512, 248)	True	183934	184853	left	(512, 384)	testing
4	hz	f	20	4	circle	none	same	hori	left	N_dis	(608, 480)	True	186093	186918	left	(512, 384)	testing
4	hz	f	20	4	circle	green	dif	hori	left	(376, 384)	(648, 384)	True	188097	188715	left	(512, 384)	testing
4	hz	f	20	4	circle	none	dif	vert	up	N_dis	(608, 287)	True	189777	190664	up	(512, 384)	testing
4	hz	f	20	4	circle	green	same	vert	up	(512, 520)	(608, 287)	True	191915	193337	up	(512, 384)	testing
4	hz	f	20	4	circle	red	same	vert	up	(512, 520)	(648, 384)	True	194515	195362	up	(512, 384)	testing
4	hz	f	20	4	diamond	green	same	vert	up	(415, 287)	(608, 287)	True	196546	197436	up	(512, 384)	testing
4	hz	f	20	4	circle	red	same	vert	up	(648, 384)	(415, 480)	True	198546	199433	up	(512, 384)	testing
4	hz	f	20	4	circle	red	dif	hori	left	(512, 520)	(608, 480)	True	200477	201207	left	(512, 384)	testing
4	hz	f	20	4	circle	red	dif	hori	left	(512, 520)	(608, 287)	True	202471	203150	left	(512, 384)	testing
4	hz	f	20	4	circle	none	same	vert	up	N_dis	(512, 520)	True	204198	204902	up	(512, 384)	testing
4	hz	f	20	4	circle	none	dif	vert	up	N_dis	(415, 480)	True	206122	206857	up	(512, 384)	testing
4	hz	f	20	4	circle	green	same	vert	up	(415, 480)	(376, 384)	True	207988	209209	up	(512, 384)	testing
4	hz	f	20	4	circle	none	same	hori	left	N_dis	(608, 480)	True	210483	211054	left	(512, 384)	testing
4	hz	f	20	4	circle	green	dif	vert	up	(512, 520)	(376, 384)	True	212183	212961	up	(512, 384)	testing
4	hz	f	20	4	circle	red	dif	vert	up	(512, 520)	(415, 287)	True	214102	214832	up	(512, 384)	testing
4	hz	f	20	4	circle	none	dif	hori	left	N_dis	(376, 384)	True	215863	216492	left	(512, 384)	testing
4	hz	f	20	4	diamond	green	same	vert	up	(415, 287)	(415, 480)	True	217570	218731	up	(512, 384)	testing
4	hz	f	20	4	diamond	none	same	hori	left	N_dis	(648, 384)	True	219976	220794	left	(512, 384)	testing
4	hz	f	20	4	diamond	red	dif	vert	up	(608, 287)	(415, 287)	True	221907	223381	up	(512, 384)	testing
4	hz	f	20	4	circle	green	dif	hori	left	(608, 480)	(512, 248)	True	224411	225347	left	(512, 384)	testing
4	hz	f	20	4	diamond	none	dif	hori	left	N_dis	(512, 520)	True	226430	227186	left	(512, 384)	testing
4	hz	f	20	4	diamond	none	dif	hori	left	N_dis	(415, 287)	True	228325	229097	left	(512, 384)	testing
4	hz	f	20	4	circle	green	dif	vert	up	(512, 520)	(415, 480)	True	230306	231131	up	(512, 384)	testing
4	hz	f	20	4	diamond	none	same	vert	up	N_dis	(648, 384)	True	232194	232884	up	(512, 384)	testing
4	hz	f	20	4	diamond	none	same	vert	up	N_dis	(608, 287)	True	234121	235023	up	(512, 384)	testing
4	hz	f	20	4	circle	red	same	vert	up	(512, 520)	(608, 287)	True	236234	237031	up	(512, 384)	testing
4	hz	f	20	4	diamond	red	same	vert	up	(512, 520)	(512, 248)	True	238145	238944	up	(512, 384)	testing
4	hz	f	20	4	diamond	red	dif	vert	up	(512, 520)	(376, 384)	True	240128	241666	up	(512, 384)	testing
4	hz	f	20	4	circle	none	same	vert	up	N_dis	(512, 520)	True	242883	243595	up	(512, 384)	testing
4	hz	f	20	4	circle	none	same	hori	left	N_dis	(512, 248)	True	244675	246147	left	(512, 384)	testing
4	hz	f	20	4	circle	none	same	hori	left	N_dis	(415, 480)	True	247193	248004	left	(512, 384)	testing
4	hz	f	20	4	circle	none	same	vert	up	N_dis	(512, 248)	True	249133	249945	up	(512, 384)	testing
4	hz	f	20	4	circle	green	same	vert	up	(512, 520)	(512, 248)	True	251056	252405	up	(512, 384)	testing
4	hz	f	20	4	diamond	green	same	hori	left	(512, 520)	(648, 384)	True	253664	254467	left	(512, 384)	testing
4	hz	f	20	4	diamond	none	dif	vert	up	N_dis	(415, 287)	True	255605	256652	up	(512, 384)	testing
4	hz	f	20	4	diamond	none	same	hori	left	N_dis	(512, 248)	True	257732	258575	left	(512, 384)	testing
4	hz	f	20	4	diamond	red	same	hori	left	(512, 520)	(415, 480)	True	259600	261193	left	(512, 384)	testing
4	hz	f	20	4	circle	red	same	hori	left	(512, 248)	(608, 287)	True	262308	263164	left	(512, 384)	testing
4	hz	f	20	4	diamond	none	dif	vert	up	N_dis	(415, 287)	True	264208	265316	up	(512, 384)	testing
4	hz	f	20	4	circle	none	dif	hori	left	N_dis	(512, 520)	True	266464	267304	left	(512, 384)	testing
4	hz	f	20	4	diamond	green	dif	vert	up	(608, 287)	(415, 480)	True	268351	269172	up	(512, 384)	testing
4	hz	f	20	4	circle	red	same	vert	up	(512, 520)	(415, 480)	True	270211	271227	up	(512, 384)	testing
4	hz	f	20	4	circle	red	same	hori	left	(376, 384)	(512, 248)	True	272491	273270	left	(512, 384)	testing
4	hz	f	20	4	circle	none	same	vert	up	N_dis	(415, 287)	True	274346	275120	up	(512, 384)	testing
4	hz	f	20	4	circle	red	dif	vert	up	(512, 520)	(415, 287)	True	276241	277031	up	(512, 384)	testing
4	hz	f	20	4	diamond	red	dif	hori	left	(512, 520)	(648, 384)	True	278125	278795	left	(512, 384)	testing
4	hz	f	20	4	diamond	none	dif	vert	up	N_dis	(608, 287)	True	279839	280769	up	(512, 384)	testing
4	hz	f	20	4	diamond	none	dif	vert	up	N_dis	(608, 480)	True	281936	282852	up	(512, 384)	testing
4	hz	f	20	4	diamond	green	dif	vert	up	(512, 520)	(608, 287)	True	284065	284877	up	(512, 384)	testing
4	hz	f	20	4	diamond	green	dif	hori	left	(415, 480)	(648, 384)	True	285966	286583	left	(512, 384)	testing
4	hz	f	20	4	circle	green	dif	hori	left	(512, 520)	(648, 384)	True	287788	288462	left	(512, 384)	testing
4	hz	f	20	4	circle	red	dif	vert	up	(608, 480)	(512, 248)	True	289557	290351	up	(512, 384)	testing
4	hz	f	20	4	circle	none	dif	hori	left	N_dis	(608, 480)	True	291557	292388	left	(512, 384)	testing
4	hz	f	20	4	diamond	red	same	vert	up	(512, 520)	(608, 480)	True	293557	294312	up	(512, 384)	testing
4	hz	f	20	4	diamond	none	dif	vert	up	N_dis	(648, 384)	True	295404	296103	up	(512, 384)	testing
4	hz	f	20	4	circle	red	same	hori	left	(512, 520)	(512, 248)	True	297164	298358	left	(512, 384)	testing
4	hz	f	20	4	diamond	green	same	vert	up	(512, 520)	(376, 384)	True	299610	300739	up	(512, 384)	testing
4	hz	f	20	4	circle	green	dif	hori	left	(512, 520)	(512, 248)	True	301943	302671	left	(512, 384)	testing
4	hz	f	20	4	diamond	red	same	vert	up	(608, 287)	(376, 384)	True	303863	304635	up	(512, 384)	testing
4	hz	f	20	4	diamond	green	dif	vert	up	(512, 248)	(415, 480)	True	305759	306553	up	(512, 384)	testing
4	hz	f	20	4	circle	green	same	hori	left	(512, 520)	(512, 248)	True	307670	308427	left	(512, 384)	testing
4	hz	f	20	4	diamond	red	dif	hori	left	(512, 520)	(648, 384)	True	309582	310235	left	(512, 384)	testing
4	hz	f	20	4	circle	green	dif	vert	up	(512, 520)	(415, 480)	True	311488	312511	up	(512, 384)	testing
4	hz	f	20	4	circle	none	same	vert	up	N_dis	(376, 384)	True	313556	314268	up	(512, 384)	testing
4	hz	f	20	4	diamond	green	dif	vert	up	(512, 520)	(415, 480)	True	315451	316553	up	(512, 384)	testing
4	hz	f	20	4	diamond	none	dif	hori	left	N_dis	(608, 480)	True	317681	318328	left	(512, 384)	testing
4	hz	f	20	4	circle	green	same	vert	up	(512, 520)	(415, 480)	True	319431	320184	up	(512, 384)	testing
4	hz	f	20	4	circle	none	dif	vert	up	N_dis	(376, 384)	True	321228	321808	up	(512, 384)	testing
4	hz	f	20	4	circle	green	same	hori	left	(415, 287)	(415, 480)	True	323043	323836	left	(512, 384)	testing
4	hz	f	20	4	diamond	red	dif	vert	up	(512, 520)	(608, 480)	True	324869	325976	up	(512, 384)	testing
4	hz	f	20	4	circle	red	dif	vert	up	(512, 520)	(608, 480)	True	327000	327881	up	(512, 384)	testing
4	hz	f	20	4	diamond	none	same	hori	left	N_dis	(376, 384)	True	329011	329635	left	(512, 384)	testing
4	hz	f	20	4	diamond	green	dif	hori	left	(512, 248)	(415, 480)	True	330730	331486	left	(512, 384)	testing
4	hz	f	20	4	diamond	green	same	vert	up	(415, 480)	(512, 248)	True	332755	333514	up	(512, 384)	testing
4	hz	f	20	4	diamond	none	dif	hori	left	N_dis	(512, 520)	True	334649	335551	left	(512, 384)	testing
4	hz	f	20	4	diamond	green	dif	vert	up	(512, 520)	(648, 384)	True	336579	337530	up	(512, 384)	testing
4	hz	f	20	4	diamond	red	same	hori	left	(512, 520)	(512, 248)	True	338584	339276	left	(512, 384)	testing
4	hz	f	20	4	circle	green	same	vert	up	(376, 384)	(512, 248)	True	340326	341298	up	(512, 384)	testing
4	hz	f	20	4	circle	red	dif	hori	left	(512, 520)	(512, 248)	True	342504	343289	left	(512, 384)	testing
4	hz	f	20	4	diamond	red	same	hori	left	(512, 520)	(608, 287)	True	344370	345223	left	(512, 384)	testing
4	hz	f	20	4	diamond	green	same	hori	left	(512, 520)	(415, 287)	True	346489	347317	left	(512, 384)	testing
4	hz	f	20	4	circle	green	dif	hori	left	(512, 248)	(415, 480)	True	348564	349279	left	(512, 384)	testing
4	hz	f	20	4	diamond	none	same	vert	up	N_dis	(512, 248)	True	350460	351090	up	(512, 384)	testing
4	hz	f	20	4	diamond	red	dif	hori	left	(512, 520)	(376, 384)	True	352126	352845	left	(512, 384)	testing
4	hz	f	20	4	circle	none	dif	vert	up	N_dis	(608, 287)	True	354082	354856	up	(512, 384)	testing
4	hz	f	20	4	circle	green	same	hori	left	(415, 480)	(376, 384)	True	355930	356787	left	(512, 384)	testing
4	hz	f	20	4	circle	red	dif	hori	left	(512, 520)	(512, 248)	True	358028	358658	left	(512, 384)	testing
4	hz	f	20	4	circle	red	same	vert	up	(608, 287)	(415, 480)	True	359896	360564	up	(512, 384)	testing
4	hz	f	20	4	diamond	green	same	hori	left	(512, 520)	(415, 287)	True	361764	362649	left	(512, 384)	testing
4	hz	f	20	4	diamond	none	same	vert	up	N_dis	(415, 287)	True	363897	364720	up	(512, 384)	testing
4	hz	f	20	4	circle	none	dif	hori	left	N_dis	(415, 480)	True	365972	366719	left	(512, 384)	testing
4	hz	f	20	4	diamond	green	dif	hori	left	(376, 384)	(608, 480)	True	367857	368901	left	(512, 384)	testing
4	hz	f	20	4	circle	green	dif	vert	up	(648, 384)	(415, 480)	True	370051	370733	up	(512, 384)	testing
4	hz	f	20	4	circle	red	same	hori	left	(648, 384)	(376, 384)	True	371938	372650	left	(512, 384)	testing
4	hz	f	20	4	circle	green	same	hori	left	(512, 520)	(512, 248)	True	373684	374527	left	(512, 384)	testing
