subj	name	gender	age	runNum	shape	dist	td_dif	resp	resp_key	d_loc	t_loc	gotKey	startTime	respTime	resp	fix_loc	prac
4	hz	f	20	3	circle	green	same	hori	left	(512, 520)	(608, 480)	True	7481	8297	left	(512, 384)	testing
4	hz	f	20	3	diamond	none	same	vert	up	N_dis	(512, 248)	True	9427	10134	up	(512, 384)	testing
4	hz	f	20	3	circle	red	same	vert	up	(512, 520)	(512, 248)	True	11192	11964	up	(512, 384)	testing
4	hz	f	20	3	diamond	red	same	vert	up	(512, 520)	(415, 480)	True	13033	14086	up	(512, 384)	testing
4	hz	f	20	3	diamond	none	same	vert	up	N_dis	(415, 480)	True	15270	16892	up	(512, 384)	testing
4	hz	f	20	3	diamond	none	same	vert	up	N_dis	(648, 384)	True	18101	19028	up	(512, 384)	testing
4	hz	f	20	3	circle	none	same	hori	left	N_dis	(512, 520)	True	20156	20857	left	(512, 384)	testing
4	hz	f	20	3	circle	green	same	vert	up	(376, 384)	(512, 248)	True	21900	22863	up	(512, 384)	testing
4	hz	f	20	3	circle	none	dif	hori	left	N_dis	(608, 287)	True	24085	24786	left	(512, 384)	testing
4	hz	f	20	3	circle	none	same	vert	up	N_dis	(376, 384)	True	25811	26579	up	(512, 384)	testing
4	hz	f	20	3	circle	green	same	hori	left	(512, 520)	(512, 248)	True	27713	28356	left	(512, 384)	testing
4	hz	f	20	3	circle	none	same	hori	left	N_dis	(608, 480)	True	29418	30045	left	(512, 384)	testing
4	hz	f	20	3	circle	green	dif	vert	up	(512, 520)	(608, 480)	True	31291	31984	up	(512, 384)	testing
4	hz	f	20	3	diamond	none	dif	vert	up	N_dis	(608, 287)	True	33137	34248	up	(512, 384)	testing
4	hz	f	20	3	diamond	green	same	vert	up	(512, 520)	(608, 287)	True	35391	36371	up	(512, 384)	testing
4	hz	f	20	3	diamond	red	dif	vert	up	(648, 384)	(608, 287)	True	37494	38399	up	(512, 384)	testing
4	hz	f	20	3	circle	green	same	hori	left	(512, 520)	(512, 248)	True	39657	40402	left	(512, 384)	testing
4	hz	f	20	3	diamond	none	same	vert	up	N_dis	(512, 248)	True	41531	42447	up	(512, 384)	testing
4	hz	f	20	3	diamond	green	dif	hori	left	(512, 520)	(376, 384)	True	43550	44762	left	(512, 384)	testing
4	hz	f	20	3	diamond	green	same	vert	up	(415, 480)	(648, 384)	True	45863	46523	up	(512, 384)	testing
4	hz	f	20	3	circle	green	dif	hori	left	(415, 287)	(608, 480)	True	47689	48372	left	(512, 384)	testing
4	hz	f	20	3	diamond	red	same	hori	left	(512, 520)	(512, 248)	True	49478	50130	left	(512, 384)	testing
4	hz	f	20	3	diamond	none	dif	vert	up	N_dis	(512, 248)	True	51291	52215	up	(512, 384)	testing
4	hz	f	20	3	diamond	green	dif	hori	left	(415, 287)	(415, 480)	True	53433	54327	left	(512, 384)	testing
4	hz	f	20	3	circle	none	dif	vert	up	N_dis	(415, 287)	True	55491	56527	up	(512, 384)	testing
4	hz	f	20	3	diamond	green	same	hori	left	(512, 520)	(512, 248)	True	57583	58490	left	(512, 384)	testing
4	hz	f	20	3	circle	none	same	vert	up	N_dis	(512, 248)	True	59613	61240	up	(512, 384)	testing
4	hz	f	20	3	circle	red	dif	hori	left	(512, 248)	(376, 384)	True	62444	63721	left	(512, 384)	testing
4	hz	f	20	3	circle	red	dif	vert	up	(415, 287)	(376, 384)	True	64943	65750	up	(512, 384)	testing
4	hz	f	20	3	circle	none	same	hori	left	N_dis	(415, 480)	True	66809	67538	left	(512, 384)	testing
4	hz	f	20	3	circle	none	same	vert	up	N_dis	(608, 287)	True	68605	69481	up	(512, 384)	testing
4	hz	f	20	3	diamond	red	dif	vert	up	(512, 520)	(608, 480)	True	70544	72277	up	(512, 384)	testing
4	hz	f	20	3	diamond	green	dif	vert	up	(512, 520)	(512, 248)	True	73531	74509	up	(512, 384)	testing
4	hz	f	20	3	circle	green	same	hori	left	(608, 287)	(376, 384)	True	75632	76509	left	(512, 384)	testing
4	hz	f	20	3	circle	none	same	vert	up	N_dis	(608, 480)	True	77540	78310	up	(512, 384)	testing
4	hz	f	20	3	diamond	green	same	vert	up	(512, 520)	(376, 384)	True	79581	80556	up	(512, 384)	testing
4	hz	f	20	3	diamond	none	dif	vert	up	N_dis	(415, 287)	True	81585	83127	up	(512, 384)	testing
4	hz	f	20	3	diamond	red	dif	hori	left	(648, 384)	(608, 287)	True	84312	85196	left	(512, 384)	testing
4	hz	f	20	3	diamond	green	dif	hori	left	(512, 520)	(608, 287)	True	86342	87019	left	(512, 384)	testing
4	hz	f	20	3	circle	green	dif	hori	left	(608, 480)	(512, 248)	True	88214	89307	left	(512, 384)	testing
4	hz	f	20	3	circle	none	dif	hori	left	N_dis	(648, 384)	True	90409	91073	left	(512, 384)	testing
4	hz	f	20	3	circle	green	dif	hori	left	(608, 480)	(376, 384)	True	92169	93027	left	(512, 384)	testing
4	hz	f	20	3	diamond	green	same	vert	up	(512, 520)	(648, 384)	True	94136	95209	up	(512, 384)	testing
4	hz	f	20	3	diamond	none	same	hori	left	N_dis	(415, 287)	True	96344	97201	left	(512, 384)	testing
4	hz	f	20	3	diamond	none	dif	vert	up	N_dis	(648, 384)	True	98227	99067	up	(512, 384)	testing
4	hz	f	20	3	diamond	none	dif	vert	up	N_dis	(376, 384)	True	100095	100871	up	(512, 384)	testing
4	hz	f	20	3	circle	green	same	vert	up	(512, 520)	(648, 384)	True	101967	103036	up	(512, 384)	testing
4	hz	f	20	3	diamond	none	dif	hori	left	N_dis	(512, 520)	True	104092	105136	left	(512, 384)	testing
4	hz	f	20	3	diamond	red	same	vert	up	(512, 520)	(648, 384)	True	106270	107164	up	(512, 384)	testing
4	hz	f	20	3	circle	red	same	vert	up	(608, 287)	(376, 384)	True	108343	109407	up	(512, 384)	testing
4	hz	f	20	3	diamond	none	dif	hori	left	N_dis	(415, 480)	True	110568	111627	left	(512, 384)	testing
4	hz	f	20	3	diamond	green	dif	vert	up	(376, 384)	(415, 287)	True	112657	113881	up	(512, 384)	testing
4	hz	f	20	3	diamond	green	same	hori	left	(512, 520)	(415, 480)	True	114955	116485	left	(512, 384)	testing
4	hz	f	20	3	diamond	green	same	hori	left	(512, 520)	(512, 248)	True	117573	118777	left	(512, 384)	testing
4	hz	f	20	3	circle	red	same	hori	left	(415, 287)	(648, 384)	True	119954	121121	left	(512, 384)	testing
4	hz	f	20	3	diamond	green	dif	hori	left	(512, 520)	(376, 384)	True	122242	123523	left	(512, 384)	testing
4	hz	f	20	3	circle	none	dif	vert	up	N_dis	(608, 480)	True	124657	125474	up	(512, 384)	testing
4	hz	f	20	3	diamond	red	same	hori	left	(512, 520)	(415, 480)	True	126573	127724	left	(512, 384)	testing
4	hz	f	20	3	circle	green	dif	vert	up	(608, 480)	(415, 480)	True	128770	129921	up	(512, 384)	testing
4	hz	f	20	3	circle	red	dif	hori	left	(512, 520)	(415, 287)	True	131120	132037	left	(512, 384)	testing
4	hz	f	20	3	diamond	red	same	vert	up	(512, 520)	(376, 384)	True	133287	134272	up	(512, 384)	testing
4	hz	f	20	3	circle	red	same	hori	left	(512, 520)	(608, 287)	True	135451	136488	left	(512, 384)	testing
4	hz	f	20	3	circle	none	dif	hori	left	N_dis	(512, 520)	True	137586	138291	left	(512, 384)	testing
4	hz	f	20	3	diamond	red	dif	hori	left	(608, 480)	(648, 384)	True	139491	140397	left	(512, 384)	testing
4	hz	f	20	3	diamond	green	dif	vert	up	(512, 520)	(415, 287)	True	141430	142251	up	(512, 384)	testing
4	hz	f	20	3	circle	green	dif	hori	left	(512, 520)	(415, 287)	True	143511	144564	left	(512, 384)	testing
4	hz	f	20	3	diamond	green	dif	vert	up	(512, 520)	(608, 480)	True	145812	147223	up	(512, 384)	testing
4	hz	f	20	3	circle	red	same	hori	left	(512, 520)	(608, 287)	True	148255	149161	left	(512, 384)	testing
4	hz	f	20	3	diamond	none	dif	hori	left	N_dis	(415, 287)	True	150301	151041	left	(512, 384)	testing
4	hz	f	20	3	diamond	red	dif	hori	left	(608, 287)	(608, 480)	True	152132	152893	left	(512, 384)	testing
4	hz	f	20	3	diamond	red	dif	vert	up	(608, 287)	(512, 248)	True	154100	154849	up	(512, 384)	testing
4	hz	f	20	3	circle	red	dif	hori	left	(512, 520)	(648, 384)	True	155969	156844	left	(512, 384)	testing
4	hz	f	20	3	circle	red	same	vert	up	(512, 520)	(415, 287)	True	157935	158753	up	(512, 384)	testing
4	hz	f	20	3	circle	green	dif	vert	up	(512, 520)	(415, 480)	True	159801	160665	up	(512, 384)	testing
4	hz	f	20	3	diamond	red	dif	hori	left	(512, 520)	(415, 287)	True	161782	163104	left	(512, 384)	testing
4	hz	f	20	3	circle	red	dif	vert	up	(648, 384)	(376, 384)	True	164341	165832	up	(512, 384)	testing
4	hz	f	20	3	circle	none	same	hori	left	N_dis	(648, 384)	True	166888	167952	left	(512, 384)	testing
4	hz	f	20	3	circle	green	same	vert	up	(512, 520)	(608, 287)	True	168998	170666	up	(512, 384)	testing
4	hz	f	20	3	circle	red	dif	vert	up	(512, 520)	(608, 287)	True	171808	173981	up	(512, 384)	testing
4	hz	f	20	3	circle	red	dif	vert	up	(512, 520)	(648, 384)	True	175228	176246	up	(512, 384)	testing
4	hz	f	20	3	diamond	none	dif	hori	left	N_dis	(415, 480)	True	177480	178995	left	(512, 384)	testing
4	hz	f	20	3	diamond	red	dif	vert	up	(512, 520)	(608, 480)	True	180246	181510	up	(512, 384)	testing
4	hz	f	20	3	circle	green	dif	vert	up	(512, 520)	(648, 384)	True	182754	183736	up	(512, 384)	testing
4	hz	f	20	3	circle	green	same	vert	up	(512, 520)	(376, 384)	True	184982	185890	up	(512, 384)	testing
4	hz	f	20	3	circle	red	dif	vert	up	(512, 520)	(512, 248)	True	187065	187810	up	(512, 384)	testing
4	hz	f	20	3	diamond	red	same	hori	left	(512, 520)	(415, 480)	True	189022	190291	left	(512, 384)	testing
4	hz	f	20	3	diamond	red	dif	vert	up	(512, 520)	(415, 480)	True	191357	192254	up	(512, 384)	testing
4	hz	f	20	3	circle	green	same	vert	up	(512, 520)	(415, 287)	True	193429	194248	up	(512, 384)	testing
4	hz	f	20	3	circle	none	dif	hori	left	N_dis	(415, 480)	True	195383	196153	left	(512, 384)	testing
4	hz	f	20	3	circle	red	dif	hori	left	(415, 480)	(608, 480)	True	197239	198110	left	(512, 384)	testing
4	hz	f	20	3	circle	none	dif	vert	up	N_dis	(415, 287)	True	199197	199860	up	(512, 384)	testing
4	hz	f	20	3	circle	red	dif	hori	left	(376, 384)	(512, 248)	True	200979	201772	left	(512, 384)	testing
4	hz	f	20	3	circle	none	same	vert	up	N_dis	(648, 384)	True	202856	203560	up	(512, 384)	testing
4	hz	f	20	3	diamond	green	dif	hori	left	(512, 520)	(376, 384)	True	204809	205929	left	(512, 384)	testing
4	hz	f	20	3	circle	none	dif	hori	left	N_dis	(608, 480)	True	207092	207940	left	(512, 384)	testing
4	hz	f	20	3	diamond	red	same	vert	up	(512, 248)	(415, 287)	True	208995	210578	up	(512, 384)	testing
4	hz	f	20	3	diamond	red	dif	hori	left	(512, 248)	(415, 480)	True	211765	212742	left	(512, 384)	testing
4	hz	f	20	3	circle	red	same	hori	left	(376, 384)	(415, 480)	True	213776	214782	left	(512, 384)	testing
4	hz	f	20	3	diamond	red	same	hori	left	(512, 520)	(648, 384)	True	215978	216764	left	(512, 384)	testing
4	hz	f	20	3	diamond	green	dif	vert	up	(415, 480)	(376, 384)	True	217842	218850	up	(512, 384)	testing
4	hz	f	20	3	diamond	none	same	hori	left	N_dis	(608, 480)	True	220047	220881	left	(512, 384)	testing
4	hz	f	20	3	circle	red	same	vert	up	(512, 248)	(376, 384)	True	222104	223199	up	(512, 384)	testing
4	hz	f	20	3	diamond	green	same	hori	left	(512, 520)	(376, 384)	True	224394	225610	left	(512, 384)	testing
4	hz	f	20	3	diamond	red	same	hori	left	(512, 520)	(608, 480)	True	226799	227773	left	(512, 384)	testing
4	hz	f	20	3	diamond	red	same	vert	up	(512, 520)	(415, 480)	True	228822	229750	up	(512, 384)	testing
4	hz	f	20	3	circle	red	same	hori	left	(648, 384)	(376, 384)	True	230976	231796	left	(512, 384)	testing
4	hz	f	20	3	diamond	none	same	hori	left	N_dis	(512, 520)	True	232989	233998	left	(512, 384)	testing
4	hz	f	20	3	circle	none	dif	vert	up	N_dis	(376, 384)	True	235229	236359	up	(512, 384)	testing
4	hz	f	20	3	circle	none	same	hori	left	N_dis	(376, 384)	True	237464	238445	left	(512, 384)	testing
4	hz	f	20	3	diamond	none	same	hori	left	N_dis	(608, 287)	True	239554	240514	left	(512, 384)	testing
4	hz	f	20	3	circle	green	same	hori	left	(512, 520)	(608, 287)	True	241698	242768	left	(512, 384)	testing
4	hz	f	20	3	circle	green	dif	vert	up	(512, 520)	(512, 248)	True	243854	244759	up	(512, 384)	testing
4	hz	f	20	3	diamond	green	same	hori	left	(512, 520)	(608, 480)	True	245981	247261	left	(512, 384)	testing
4	hz	f	20	3	circle	green	dif	hori	left	(415, 480)	(608, 480)	True	248297	249395	left	(512, 384)	testing
4	hz	f	20	3	diamond	green	same	vert	up	(512, 520)	(512, 248)	True	250658	251721	up	(512, 384)	testing
4	hz	f	20	3	diamond	none	same	vert	up	N_dis	(608, 287)	True	252774	253872	up	(512, 384)	testing
4	hz	f	20	3	circle	red	same	vert	up	(512, 520)	(415, 287)	True	254979	256139	up	(512, 384)	testing
4	hz	f	20	3	circle	none	dif	vert	up	N_dis	(512, 248)	True	257379	258173	up	(512, 384)	testing
4	hz	f	20	3	diamond	none	same	hori	left	N_dis	(512, 520)	True	259230	259938	left	(512, 384)	testing
4	hz	f	20	3	diamond	none	dif	hori	left	N_dis	(376, 384)	True	261161	262170	left	(512, 384)	testing
