subj	name	gender	age	runNum	shape	dist	td_dif	resp	resp_key	d_loc	t_loc	gotKey	startTime	respTime	resp	fix_loc	prac
4	hz	f	20	9	circle	green	same	hori	left	(608, 480)	(512, 520)	True	8786	9672	left	(512, 384)	testing
4	hz	f	20	9	diamond	green	same	vert	up	(608, 287)	(512, 520)	True	10899	12010	up	(512, 384)	testing
4	hz	f	20	9	circle	none	dif	vert	up	N_dis	(512, 520)	True	13222	13862	up	(512, 384)	testing
4	hz	f	20	9	diamond	green	same	vert	up	(608, 287)	(415, 287)	True	15004	16078	up	(512, 384)	testing
4	hz	f	20	9	diamond	red	dif	hori	left	(608, 287)	(512, 520)	True	17244	17970	left	(512, 384)	testing
4	hz	f	20	9	circle	red	same	hori	left	(608, 287)	(415, 480)	True	19128	19844	left	(512, 384)	testing
4	hz	f	20	9	circle	red	same	hori	left	(608, 287)	(415, 287)	True	21015	21638	left	(512, 384)	testing
4	hz	f	20	9	circle	none	same	hori	left	N_dis	(376, 384)	True	22818	23526	left	(512, 384)	testing
4	hz	f	20	9	circle	green	same	vert	up	(608, 287)	(415, 480)	True	24660	25503	up	(512, 384)	testing
4	hz	f	20	9	diamond	green	same	hori	left	(608, 480)	(512, 520)	True	26714	27662	left	(512, 384)	testing
4	hz	f	20	9	diamond	green	same	hori	left	(415, 480)	(512, 248)	True	28688	29847	left	(512, 384)	testing
4	hz	f	20	9	diamond	red	dif	vert	up	(608, 287)	(648, 384)	True	31091	31946	up	(512, 384)	testing
4	hz	f	20	9	circle	none	dif	hori	left	N_dis	(608, 480)	True	33069	34268	left	(512, 384)	testing
4	hz	f	20	9	diamond	green	dif	vert	up	(608, 287)	(512, 248)	True	35409	36296	up	(512, 384)	testing
4	hz	f	20	9	circle	none	dif	vert	up	N_dis	(608, 480)	True	37563	38413	up	(512, 384)	testing
4	hz	f	20	9	circle	none	dif	hori	left	N_dis	(608, 287)	True	39595	40370	left	(512, 384)	testing
4	hz	f	20	9	circle	red	dif	hori	left	(512, 248)	(415, 480)	True	41397	42164	left	(512, 384)	testing
4	hz	f	20	9	circle	red	same	vert	up	(415, 480)	(512, 520)	True	43226	43915	up	(512, 384)	testing
4	hz	f	20	9	diamond	red	same	vert	up	(376, 384)	(608, 480)	True	44994	45884	up	(512, 384)	testing
4	hz	f	20	9	circle	red	dif	vert	up	(608, 287)	(415, 480)	True	47055	47812	up	(512, 384)	testing
4	hz	f	20	9	circle	green	same	hori	left	(608, 287)	(376, 384)	True	49000	49647	left	(512, 384)	testing
4	hz	f	20	9	circle	red	dif	hori	left	(608, 287)	(415, 287)	True	50718	51319	left	(512, 384)	testing
4	hz	f	20	9	circle	none	dif	vert	up	N_dis	(415, 287)	True	52384	53159	up	(512, 384)	testing
4	hz	f	20	9	diamond	red	same	hori	left	(608, 287)	(512, 248)	True	54318	55182	left	(512, 384)	testing
4	hz	f	20	9	circle	none	dif	vert	up	N_dis	(415, 480)	True	56319	56970	up	(512, 384)	testing
4	hz	f	20	9	diamond	red	dif	vert	up	(512, 520)	(512, 248)	True	58088	59065	up	(512, 384)	testing
4	hz	f	20	9	circle	none	same	hori	left	N_dis	(512, 248)	True	60117	60930	left	(512, 384)	testing
4	hz	f	20	9	circle	none	dif	hori	left	N_dis	(415, 287)	True	62133	62759	left	(512, 384)	testing
4	hz	f	20	9	diamond	none	dif	vert	up	N_dis	(648, 384)	True	63848	64665	up	(512, 384)	testing
4	hz	f	20	9	circle	red	dif	vert	up	(608, 287)	(512, 520)	True	65831	66596	up	(512, 384)	testing
4	hz	f	20	9	diamond	green	dif	hori	left	(608, 287)	(415, 287)	True	67771	68459	left	(512, 384)	testing
4	hz	f	20	9	circle	none	dif	hori	left	N_dis	(608, 480)	True	69699	70368	left	(512, 384)	testing
4	hz	f	20	9	diamond	green	dif	hori	left	(608, 287)	(376, 384)	True	71493	72804	left	(512, 384)	testing
4	hz	f	20	9	circle	red	same	vert	up	(608, 287)	(512, 520)	True	74030	74821	up	(512, 384)	testing
4	hz	f	20	9	circle	green	same	vert	up	(608, 287)	(415, 480)	True	76080	77002	up	(512, 384)	testing
4	hz	f	20	9	diamond	green	dif	vert	up	(608, 287)	(512, 248)	True	78121	79169	up	(512, 384)	testing
4	hz	f	20	9	diamond	green	same	vert	up	(608, 287)	(415, 480)	True	80419	81312	up	(512, 384)	testing
4	hz	f	20	9	diamond	none	dif	hori	left	N_dis	(512, 520)	True	82403	83169	left	(512, 384)	testing
4	hz	f	20	9	diamond	none	dif	vert	up	N_dis	(376, 384)	True	84286	85169	up	(512, 384)	testing
4	hz	f	20	9	diamond	green	same	vert	up	(512, 520)	(415, 287)	True	86276	87123	up	(512, 384)	testing
4	hz	f	20	9	diamond	red	same	hori	left	(648, 384)	(512, 520)	True	88309	89294	left	(512, 384)	testing
4	hz	f	20	9	circle	green	same	vert	up	(415, 287)	(415, 480)	True	90556	91525	up	(512, 384)	testing
4	hz	f	20	9	diamond	none	dif	hori	left	N_dis	(415, 287)	True	92585	93420	left	(512, 384)	testing
4	hz	f	20	9	diamond	none	dif	hori	left	N_dis	(512, 248)	True	94468	95254	left	(512, 384)	testing
4	hz	f	20	9	diamond	red	same	hori	left	(512, 520)	(376, 384)	True	96343	97145	left	(512, 384)	testing
4	hz	f	20	9	circle	green	dif	hori	left	(608, 287)	(415, 287)	True	98270	99188	left	(512, 384)	testing
4	hz	f	20	9	circle	green	dif	vert	up	(512, 520)	(512, 248)	True	100437	101359	up	(512, 384)	testing
4	hz	f	20	9	diamond	none	dif	hori	left	N_dis	(415, 480)	True	102625	103735	left	(512, 384)	testing
4	hz	f	20	9	circle	green	same	hori	left	(608, 287)	(512, 520)	True	104983	105838	left	(512, 384)	testing
4	hz	f	20	9	circle	red	same	hori	left	(648, 384)	(512, 520)	True	106918	107809	left	(512, 384)	testing
4	hz	f	20	9	diamond	green	dif	vert	up	(608, 287)	(608, 480)	True	108947	110257	up	(512, 384)	testing
4	hz	f	20	9	diamond	red	dif	hori	left	(608, 287)	(648, 384)	True	111293	112059	left	(512, 384)	testing
4	hz	f	20	9	diamond	none	same	hori	left	N_dis	(608, 287)	True	113252	114372	left	(512, 384)	testing
4	hz	f	20	9	circle	green	same	vert	up	(608, 287)	(648, 384)	True	115525	116414	up	(512, 384)	testing
4	hz	f	20	9	diamond	red	dif	hori	left	(608, 287)	(415, 480)	True	117449	118303	left	(512, 384)	testing
4	hz	f	20	9	circle	none	same	hori	left	N_dis	(512, 248)	True	119566	120351	left	(512, 384)	testing
4	hz	f	20	9	circle	red	dif	hori	left	(415, 287)	(376, 384)	True	121390	123150	left	(512, 384)	testing
4	hz	f	20	9	circle	green	dif	vert	up	(648, 384)	(608, 480)	True	124224	125330	up	(512, 384)	testing
4	hz	f	20	9	circle	none	same	vert	up	N_dis	(512, 248)	True	126435	127278	up	(512, 384)	testing
4	hz	f	20	9	diamond	green	same	hori	left	(415, 480)	(512, 248)	True	128348	129255	left	(512, 384)	testing
4	hz	f	20	9	diamond	none	same	vert	up	N_dis	(415, 287)	True	130507	131445	up	(512, 384)	testing
4	hz	f	20	9	circle	red	same	vert	up	(608, 287)	(648, 384)	True	132650	133556	up	(512, 384)	testing
4	hz	f	20	9	diamond	green	same	hori	left	(608, 287)	(608, 480)	True	134718	135439	left	(512, 384)	testing
4	hz	f	20	9	circle	none	same	vert	up	N_dis	(376, 384)	True	136571	137387	up	(512, 384)	testing
4	hz	f	20	9	diamond	green	same	hori	left	(608, 287)	(415, 480)	True	138410	139352	left	(512, 384)	testing
4	hz	f	20	9	diamond	green	dif	hori	left	(608, 287)	(415, 287)	True	140398	141188	left	(512, 384)	testing
4	hz	f	20	9	circle	green	same	hori	left	(512, 248)	(376, 384)	True	142409	143296	left	(512, 384)	testing
4	hz	f	20	9	diamond	green	dif	vert	up	(608, 287)	(648, 384)	True	144333	145018	up	(512, 384)	testing
4	hz	f	20	9	diamond	red	same	hori	left	(608, 287)	(415, 480)	True	146231	147009	left	(512, 384)	testing
4	hz	f	20	9	circle	red	dif	hori	left	(608, 287)	(376, 384)	True	148104	149109	left	(512, 384)	testing
4	hz	f	20	9	diamond	none	dif	hori	left	N_dis	(608, 287)	True	150193	150991	left	(512, 384)	testing
4	hz	f	20	9	diamond	red	dif	vert	up	(376, 384)	(608, 480)	True	152139	152988	up	(512, 384)	testing
4	hz	f	20	9	diamond	green	same	vert	up	(512, 248)	(608, 480)	True	154164	155250	up	(512, 384)	testing
4	hz	f	20	9	circle	green	dif	hori	left	(608, 480)	(415, 287)	True	156279	157315	left	(512, 384)	testing
4	hz	f	20	9	diamond	red	same	vert	up	(608, 287)	(376, 384)	True	158525	159374	up	(512, 384)	testing
4	hz	f	20	9	circle	none	same	vert	up	N_dis	(648, 384)	True	160508	161325	up	(512, 384)	testing
4	hz	f	20	9	circle	green	dif	hori	left	(608, 287)	(512, 520)	True	162425	163323	left	(512, 384)	testing
4	hz	f	20	9	circle	red	same	vert	up	(608, 287)	(608, 480)	True	164351	165041	up	(512, 384)	testing
4	hz	f	20	9	circle	none	same	hori	left	N_dis	(648, 384)	True	166165	166853	left	(512, 384)	testing
4	hz	f	20	9	circle	none	dif	hori	left	N_dis	(376, 384)	True	168048	168741	left	(512, 384)	testing
4	hz	f	20	9	circle	green	dif	vert	up	(608, 287)	(608, 480)	True	169955	170684	up	(512, 384)	testing
4	hz	f	20	9	circle	green	dif	hori	left	(376, 384)	(415, 287)	True	171858	172752	left	(512, 384)	testing
4	hz	f	20	9	circle	none	same	vert	up	N_dis	(415, 287)	True	173845	174831	up	(512, 384)	testing
4	hz	f	20	9	diamond	none	same	hori	left	N_dis	(512, 248)	True	175906	176919	left	(512, 384)	testing
4	hz	f	20	9	circle	red	dif	vert	up	(415, 287)	(415, 480)	True	178100	178987	up	(512, 384)	testing
4	hz	f	20	9	diamond	none	dif	vert	up	N_dis	(648, 384)	True	180256	181207	up	(512, 384)	testing
4	hz	f	20	9	diamond	none	same	vert	up	N_dis	(512, 520)	True	182351	183609	up	(512, 384)	testing
4	hz	f	20	9	diamond	none	same	hori	left	N_dis	(608, 480)	True	184833	185500	left	(512, 384)	testing
4	hz	f	20	9	circle	green	dif	vert	up	(608, 287)	(512, 248)	True	186541	187445	up	(512, 384)	testing
4	hz	f	20	9	diamond	none	same	vert	up	N_dis	(415, 480)	True	188625	190672	up	(512, 384)	testing
4	hz	f	20	9	circle	green	same	vert	up	(608, 287)	(376, 384)	True	191888	193123	up	(512, 384)	testing
4	hz	f	20	9	circle	green	dif	vert	up	(608, 287)	(512, 248)	True	194364	195408	up	(512, 384)	testing
4	hz	f	20	9	diamond	red	dif	hori	left	(608, 287)	(415, 287)	True	196596	197388	left	(512, 384)	testing
4	hz	f	20	9	diamond	red	dif	hori	left	(608, 287)	(415, 480)	True	198477	199274	left	(512, 384)	testing
4	hz	f	20	9	circle	red	same	hori	left	(608, 287)	(608, 480)	True	200302	201539	left	(512, 384)	testing
4	hz	f	20	9	diamond	red	same	vert	up	(608, 287)	(512, 520)	True	202677	203835	up	(512, 384)	testing
4	hz	f	20	9	diamond	red	dif	vert	up	(608, 287)	(415, 480)	True	204878	205918	up	(512, 384)	testing
4	hz	f	20	9	circle	green	same	hori	left	(608, 287)	(608, 480)	True	207157	207955	left	(512, 384)	testing
4	hz	f	20	9	diamond	none	same	vert	up	N_dis	(608, 480)	True	209012	209812	up	(512, 384)	testing
4	hz	f	20	9	diamond	none	same	vert	up	N_dis	(415, 480)	True	210863	211975	up	(512, 384)	testing
4	hz	f	20	9	circle	red	dif	vert	up	(608, 287)	(376, 384)	True	213078	214037	up	(512, 384)	testing
4	hz	f	20	9	diamond	red	same	vert	up	(608, 287)	(648, 384)	True	215171	215946	up	(512, 384)	testing
4	hz	f	20	9	diamond	none	same	hori	left	N_dis	(648, 384)	True	217127	218200	left	(512, 384)	testing
4	hz	f	20	9	circle	red	dif	hori	left	(608, 287)	(376, 384)	True	219376	220208	left	(512, 384)	testing
4	hz	f	20	9	diamond	red	same	vert	up	(415, 480)	(648, 384)	True	221376	222027	up	(512, 384)	testing
4	hz	f	20	9	circle	none	dif	vert	up	N_dis	(608, 287)	True	223277	224219	up	(512, 384)	testing
4	hz	f	20	9	diamond	none	dif	vert	up	N_dis	(376, 384)	True	225366	226250	up	(512, 384)	testing
4	hz	f	20	9	diamond	none	dif	vert	up	N_dis	(512, 520)	True	227464	228264	up	(512, 384)	testing
4	hz	f	20	9	circle	none	same	vert	up	N_dis	(608, 287)	True	229289	230258	up	(512, 384)	testing
4	hz	f	20	9	circle	green	dif	hori	left	(608, 287)	(512, 248)	True	231439	232341	left	(512, 384)	testing
4	hz	f	20	9	circle	none	same	hori	left	N_dis	(415, 480)	True	233413	234081	left	(512, 384)	testing
4	hz	f	20	9	diamond	none	same	hori	left	N_dis	(512, 520)	True	235201	236097	left	(512, 384)	testing
4	hz	f	20	9	diamond	green	dif	vert	up	(415, 287)	(512, 248)	True	237231	238345	up	(512, 384)	testing
4	hz	f	20	9	diamond	red	dif	vert	up	(608, 287)	(608, 480)	True	239490	240645	up	(512, 384)	testing
4	hz	f	20	9	diamond	green	dif	hori	left	(608, 480)	(376, 384)	True	241871	242690	left	(512, 384)	testing
4	hz	f	20	9	circle	red	same	hori	left	(512, 248)	(648, 384)	True	243931	244673	left	(512, 384)	testing
4	hz	f	20	9	diamond	red	same	hori	left	(608, 287)	(648, 384)	True	245888	246576	left	(512, 384)	testing
4	hz	f	20	9	diamond	green	dif	hori	left	(608, 287)	(512, 248)	True	247693	248387	left	(512, 384)	testing
4	hz	f	20	9	circle	red	same	vert	up	(376, 384)	(608, 480)	True	249423	250122	up	(512, 384)	testing
4	hz	f	20	9	circle	red	dif	vert	up	(648, 384)	(376, 384)	True	251150	252327	up	(512, 384)	testing
