subj	name	gender	age	runNum	shape	dist	td_dif	resp	resp_key	d_loc	t_loc	gotKey	startTime	respTime	resp	fix_loc	prac
4	th	m	19	2	diamond	green	same	vert	up	(681, 331)	(918, 568)	True	5919	7068	up	(800, 450)	testing
4	th	m	19	2	circle	none	dif	vert	up	N_dis	(681, 568)	True	8152	9036	up	(800, 450)	testing
4	th	m	19	2	diamond	red	same	vert	up	(681, 331)	(800, 282)	True	10315	11196	up	(800, 450)	testing
4	th	m	19	2	circle	red	dif	hori	left	(681, 331)	(968, 450)	True	12332	13212	left	(800, 450)	testing
4	th	m	19	2	diamond	none	dif	hori	left	N_dis	(968, 450)	True	14367	15308	left	(800, 450)	testing
4	th	m	19	2	circle	green	same	vert	up	(681, 568)	(968, 450)	True	16514	17516	up	(800, 450)	testing
4	th	m	19	2	circle	none	same	vert	up	N_dis	(800, 618)	True	18578	19356	up	(800, 450)	testing
4	th	m	19	2	circle	green	same	vert	up	(681, 331)	(918, 331)	True	20624	21692	up	(800, 450)	testing
4	th	m	19	2	diamond	red	dif	hori	left	(681, 331)	(800, 282)	True	22972	23916	left	(800, 450)	testing
4	th	m	19	2	circle	none	same	hori	left	N_dis	(800, 618)	True	25114	25964	left	(800, 450)	testing
4	th	m	19	2	diamond	green	dif	vert	up	(681, 331)	(918, 568)	True	27129	27981	up	(800, 450)	testing
4	th	m	19	2	diamond	green	dif	vert	up	(681, 331)	(632, 450)	True	29127	30172	up	(800, 450)	testing
4	th	m	19	2	diamond	none	dif	hori	left	N_dis	(681, 568)	True	31382	32236	left	(800, 450)	testing
4	th	m	19	2	circle	none	dif	vert	up	N_dis	(632, 450)	True	33347	34220	up	(800, 450)	testing
4	th	m	19	2	circle	red	dif	vert	up	(918, 568)	(800, 282)	True	35421	36348	up	(800, 450)	testing
4	th	m	19	2	diamond	red	dif	vert	up	(681, 568)	(918, 331)	True	37414	38204	up	(800, 450)	testing
4	th	m	19	2	circle	none	same	vert	up	N_dis	(918, 568)	True	39364	40284	up	(800, 450)	testing
4	th	m	19	2	circle	none	same	hori	left	N_dis	(800, 282)	True	41346	42236	left	(800, 450)	testing
4	th	m	19	2	diamond	green	dif	hori	left	(681, 331)	(918, 331)	True	43291	44284	left	(800, 450)	testing
4	th	m	19	2	diamond	green	same	hori	left	(681, 331)	(800, 282)	True	45543	46188	left	(800, 450)	testing
4	th	m	19	2	circle	red	same	hori	left	(681, 331)	(968, 450)	True	47343	48076	left	(800, 450)	testing
4	th	m	19	2	diamond	none	same	hori	left	N_dis	(918, 568)	True	49156	50220	left	(800, 450)	testing
4	th	m	19	2	diamond	none	dif	hori	left	N_dis	(681, 331)	True	51507	52460	left	(800, 450)	testing
4	th	m	19	2	circle	red	same	vert	up	(632, 450)	(918, 568)	True	53570	54396	up	(800, 450)	testing
4	th	m	19	2	circle	none	dif	hori	left	N_dis	(800, 618)	True	55588	56876	left	(800, 450)	testing
4	th	m	19	2	diamond	red	same	hori	left	(681, 568)	(918, 331)	True	58048	58956	left	(800, 450)	testing
4	th	m	19	2	diamond	none	dif	vert	up	N_dis	(681, 331)	True	60186	61260	up	(800, 450)	testing
4	th	m	19	2	circle	red	same	hori	left	(918, 331)	(681, 568)	True	62362	63212	left	(800, 450)	testing
4	th	m	19	2	circle	red	same	vert	up	(681, 331)	(918, 568)	True	64380	65276	up	(800, 450)	testing
4	th	m	19	2	circle	none	dif	vert	up	N_dis	(918, 568)	True	66477	67772	up	(800, 450)	testing
4	th	m	19	2	circle	green	same	hori	left	(632, 450)	(918, 331)	True	68839	70172	left	(800, 450)	testing
4	th	m	19	2	circle	red	dif	vert	up	(918, 568)	(681, 568)	True	71381	72556	up	(800, 450)	testing
4	th	m	19	2	circle	green	same	hori	left	(681, 331)	(918, 568)	True	73641	74444	left	(800, 450)	testing
4	th	m	19	2	diamond	none	dif	hori	left	N_dis	(968, 450)	True	75503	76396	left	(800, 450)	testing
4	th	m	19	2	circle	red	same	vert	up	(800, 618)	(681, 568)	True	77506	78636	up	(800, 450)	testing
4	th	m	19	2	circle	green	same	hori	left	(681, 331)	(918, 568)	True	79896	80684	left	(800, 450)	testing
4	th	m	19	2	circle	none	same	vert	up	N_dis	(918, 331)	True	81925	82748	up	(800, 450)	testing
4	th	m	19	2	circle	green	dif	vert	up	(681, 331)	(918, 568)	True	83985	84956	up	(800, 450)	testing
4	th	m	19	2	diamond	red	dif	vert	up	(681, 331)	(632, 450)	True	86044	87148	up	(800, 450)	testing
4	th	m	19	2	diamond	red	same	vert	up	(681, 331)	(918, 331)	True	88281	89260	up	(800, 450)	testing
4	th	m	19	2	diamond	red	dif	hori	left	(681, 331)	(800, 618)	True	90498	91628	left	(800, 450)	testing
4	th	m	19	2	circle	green	same	vert	up	(681, 331)	(800, 282)	True	92711	93868	up	(800, 450)	testing
4	th	m	19	2	diamond	red	same	hori	left	(681, 331)	(918, 331)	True	95068	96316	left	(800, 450)	testing
4	th	m	19	2	diamond	green	dif	hori	left	(800, 618)	(968, 450)	True	97527	99036	left	(800, 450)	testing
4	th	m	19	2	circle	red	dif	hori	left	(681, 331)	(681, 568)	True	100224	101452	left	(800, 450)	testing
4	th	m	19	2	diamond	green	same	hori	left	(681, 331)	(968, 450)	True	102617	103788	left	(800, 450)	testing
4	th	m	19	2	circle	none	same	vert	up	N_dis	(681, 331)	True	105060	105997	up	(800, 450)	testing
4	th	m	19	2	circle	red	same	vert	up	(681, 331)	(800, 618)	True	107126	108316	up	(800, 450)	testing
4	th	m	19	2	circle	green	same	hori	left	(918, 568)	(632, 450)	True	109512	111292	left	(800, 450)	testing
4	th	m	19	2	circle	red	same	hori	left	(681, 331)	(632, 450)	True	112425	113596	left	(800, 450)	testing
4	th	m	19	2	circle	red	same	hori	left	(681, 331)	(681, 568)	True	114689	115692	left	(800, 450)	testing
4	th	m	19	2	diamond	none	dif	vert	up	N_dis	(800, 282)	True	116935	118188	up	(800, 450)	testing
4	th	m	19	2	circle	green	dif	hori	left	(681, 331)	(800, 618)	True	119369	120444	left	(800, 450)	testing
4	th	m	19	2	diamond	red	same	vert	up	(918, 331)	(918, 568)	True	121580	122668	up	(800, 450)	testing
4	th	m	19	2	diamond	red	dif	vert	up	(681, 331)	(918, 331)	True	123885	124908	up	(800, 450)	testing
4	th	m	19	2	diamond	green	dif	vert	up	(800, 282)	(918, 331)	True	125984	127276	up	(800, 450)	testing
4	th	m	19	2	circle	green	dif	hori	left	(800, 282)	(918, 331)	True	128374	129260	left	(800, 450)	testing
4	th	m	19	2	diamond	green	dif	vert	up	(681, 331)	(681, 568)	True	130470	131292	up	(800, 450)	testing
4	th	m	19	2	diamond	green	same	vert	up	(681, 331)	(968, 450)	True	132388	133724	up	(800, 450)	testing
4	th	m	19	2	diamond	none	same	vert	up	N_dis	(918, 331)	True	134930	135660	up	(800, 450)	testing
4	th	m	19	2	circle	red	dif	vert	up	(681, 331)	(968, 450)	True	136708	138172	up	(800, 450)	testing
4	th	m	19	2	diamond	green	same	hori	left	(681, 331)	(918, 568)	True	139326	140380	left	(800, 450)	testing
4	th	m	19	2	diamond	none	same	vert	up	N_dis	(632, 450)	True	141542	142604	up	(800, 450)	testing
4	th	m	19	2	diamond	none	same	hori	left	N_dis	(918, 331)	True	143891	144652	left	(800, 450)	testing
4	th	m	19	2	diamond	green	same	hori	left	(681, 331)	(918, 568)	True	145707	146732	left	(800, 450)	testing
4	th	m	19	2	circle	red	same	hori	left	(800, 282)	(968, 450)	True	147904	149196	left	(800, 450)	testing
4	th	m	19	2	diamond	none	dif	vert	up	N_dis	(632, 450)	True	150308	151100	up	(800, 450)	testing
4	th	m	19	2	circle	none	same	hori	left	N_dis	(800, 282)	True	152317	153260	left	(800, 450)	testing
4	th	m	19	2	circle	green	same	hori	left	(681, 331)	(968, 450)	True	154537	156156	left	(800, 450)	testing
4	th	m	19	2	circle	none	dif	vert	up	N_dis	(681, 568)	True	157253	158268	up	(800, 450)	testing
4	th	m	19	2	diamond	none	same	vert	up	N_dis	(681, 331)	True	159486	160876	up	(800, 450)	testing
4	th	m	19	2	circle	none	dif	hori	left	N_dis	(918, 568)	True	162140	163132	left	(800, 450)	testing
4	th	m	19	2	diamond	red	dif	hori	left	(681, 331)	(918, 568)	True	164335	165164	left	(800, 450)	testing
4	th	m	19	2	circle	red	dif	vert	up	(681, 331)	(681, 568)	True	166313	167260	up	(800, 450)	testing
4	th	m	19	2	diamond	none	same	hori	left	N_dis	(918, 331)	True	168523	169452	left	(800, 450)	testing
4	th	m	19	2	circle	green	dif	vert	up	(681, 331)	(968, 450)	True	170691	171516	up	(800, 450)	testing
4	th	m	19	2	circle	none	dif	hori	left	N_dis	(681, 568)	True	172721	173516	left	(800, 450)	testing
4	th	m	19	2	circle	green	same	vert	up	(800, 618)	(632, 450)	True	174642	175916	up	(800, 450)	testing
4	th	m	19	2	diamond	red	dif	vert	up	(968, 450)	(632, 450)	True	177101	177884	up	(800, 450)	testing
4	th	m	19	2	diamond	red	dif	hori	left	(681, 331)	(800, 282)	True	178973	179724	left	(800, 450)	testing
4	th	m	19	2	diamond	none	dif	hori	left	N_dis	(681, 568)	True	180967	181724	left	(800, 450)	testing
4	th	m	19	2	diamond	green	dif	vert	up	(681, 331)	(800, 282)	True	182849	183804	up	(800, 450)	testing
4	th	m	19	2	circle	none	dif	hori	left	N_dis	(800, 618)	True	185073	186140	left	(800, 450)	testing
4	th	m	19	2	diamond	green	same	hori	left	(681, 331)	(632, 450)	True	187374	188396	left	(800, 450)	testing
4	th	m	19	2	circle	none	same	hori	left	N_dis	(681, 331)	True	189631	190621	left	(800, 450)	testing
4	th	m	19	2	diamond	green	dif	hori	left	(800, 618)	(632, 450)	True	191676	192764	left	(800, 450)	testing
4	th	m	19	2	circle	green	dif	vert	up	(800, 282)	(800, 618)	True	193853	194700	up	(800, 450)	testing
4	th	m	19	2	circle	green	dif	vert	up	(681, 331)	(632, 450)	True	195777	196636	up	(800, 450)	testing
4	th	m	19	2	diamond	green	dif	hori	left	(918, 568)	(918, 331)	True	197887	198860	left	(800, 450)	testing
4	th	m	19	2	circle	green	same	vert	up	(681, 568)	(800, 618)	True	199987	201197	up	(800, 450)	testing
4	th	m	19	2	circle	none	same	hori	left	N_dis	(968, 450)	True	202352	203356	left	(800, 450)	testing
4	th	m	19	2	diamond	none	dif	vert	up	N_dis	(800, 282)	True	204479	205564	up	(800, 450)	testing
4	th	m	19	2	diamond	green	same	vert	up	(968, 450)	(918, 331)	True	206795	208508	up	(800, 450)	testing
4	th	m	19	2	circle	green	dif	hori	left	(681, 331)	(800, 618)	True	209630	210572	left	(800, 450)	testing
4	th	m	19	2	circle	none	dif	vert	up	N_dis	(632, 450)	True	211645	212476	up	(800, 450)	testing
4	th	m	19	2	diamond	green	dif	hori	left	(681, 331)	(800, 618)	True	213668	214636	left	(800, 450)	testing
4	th	m	19	2	diamond	red	same	hori	left	(681, 331)	(800, 618)	True	215904	216749	left	(800, 450)	testing
4	th	m	19	2	circle	red	dif	vert	up	(968, 450)	(632, 450)	True	217888	218636	up	(800, 450)	testing
4	th	m	19	2	diamond	green	same	vert	up	(918, 331)	(800, 618)	True	219855	220524	up	(800, 450)	testing
4	th	m	19	2	diamond	green	same	vert	up	(681, 331)	(918, 568)	True	221618	222236	up	(800, 450)	testing
4	th	m	19	2	circle	red	same	vert	up	(681, 331)	(800, 618)	True	223466	224636	up	(800, 450)	testing
4	th	m	19	2	circle	green	dif	vert	up	(681, 331)	(681, 568)	True	225802	227004	up	(800, 450)	testing
4	th	m	19	2	diamond	red	dif	hori	left	(681, 331)	(681, 568)	True	228252	229340	left	(800, 450)	testing
4	th	m	19	2	circle	green	dif	hori	left	(681, 331)	(681, 568)	True	230538	231484	left	(800, 450)	testing
4	th	m	19	2	diamond	red	same	vert	up	(681, 331)	(918, 331)	True	232729	233564	up	(800, 450)	testing
4	th	m	19	2	circle	red	dif	hori	left	(681, 331)	(918, 331)	True	234654	235644	left	(800, 450)	testing
4	th	m	19	2	circle	none	dif	hori	left	N_dis	(632, 450)	True	236932	237629	left	(800, 450)	testing
4	th	m	19	2	diamond	none	dif	vert	up	N_dis	(800, 618)	True	238823	240924	up	(800, 450)	testing
4	th	m	19	2	circle	red	dif	hori	left	(632, 450)	(918, 568)	True	242178	243388	left	(800, 450)	testing
4	th	m	19	2	diamond	none	same	hori	left	N_dis	(918, 331)	True	244680	245708	left	(800, 450)	testing
4	th	m	19	2	circle	red	dif	hori	left	(681, 331)	(800, 282)	True	246754	248172	left	(800, 450)	testing
4	th	m	19	2	diamond	red	same	hori	left	(968, 450)	(918, 331)	True	249421	251036	left	(800, 450)	testing
4	th	m	19	2	circle	none	same	vert	up	N_dis	(800, 282)	True	252234	254028	up	(800, 450)	testing
4	th	m	19	2	circle	green	dif	hori	left	(918, 331)	(800, 618)	True	255294	256332	left	(800, 450)	testing
4	th	m	19	2	diamond	none	same	hori	left	N_dis	(968, 450)	True	257389	258333	left	(800, 450)	testing
4	th	m	19	2	diamond	red	same	hori	left	(681, 331)	(632, 450)	True	259577	260428	left	(800, 450)	testing
4	th	m	19	2	diamond	red	same	vert	up	(632, 450)	(918, 331)	True	261656	262588	up	(800, 450)	testing
4	th	m	19	2	diamond	none	same	vert	up	N_dis	(968, 450)	True	263867	264973	up	(800, 450)	testing
4	th	m	19	2	diamond	red	dif	vert	up	(681, 331)	(632, 450)	True	266227	267116	up	(800, 450)	testing
4	th	m	19	2	diamond	none	same	vert	up	N_dis	(918, 568)	True	268357	269116	up	(800, 450)	testing
