subj	name	gender	age	runNum	shape	dist	td_dif	resp	resp_key	d_loc	t_loc	gotKey	startTime	respTime	resp	fix_loc	prac
4	th	m	19	7	diamond	red	same	hori	left	(918, 331)	(681, 331)	True	15121	16381	left	(800, 450)	testing
4	th	m	19	7	circle	green	dif	vert	up	(918, 331)	(800, 282)	True	17600	18957	up	(800, 450)	testing
4	th	m	19	7	circle	none	dif	vert	up	N_dis	(968, 450)	True	20116	21389	up	(800, 450)	testing
4	th	m	19	7	diamond	none	dif	hori	left	N_dis	(918, 568)	True	22557	24012	left	(800, 450)	testing
4	th	m	19	7	circle	none	dif	vert	up	N_dis	(632, 450)	True	25208	25997	up	(800, 450)	testing
4	th	m	19	7	diamond	green	same	hori	left	(681, 331)	(632, 450)	True	27282	28397	left	(800, 450)	testing
4	th	m	19	7	diamond	none	same	hori	left	N_dis	(918, 568)	True	29605	30364	left	(800, 450)	testing
4	th	m	19	7	diamond	green	dif	hori	left	(632, 450)	(681, 331)	True	31658	32461	left	(800, 450)	testing
4	th	m	19	7	circle	red	same	vert	up	(681, 331)	(800, 618)	True	33577	34797	up	(800, 450)	testing
4	th	m	19	7	diamond	red	same	vert	up	(918, 331)	(632, 450)	True	35853	36653	up	(800, 450)	testing
4	th	m	19	7	circle	none	same	hori	left	N_dis	(681, 331)	True	37787	38621	left	(800, 450)	testing
4	th	m	19	7	circle	red	same	vert	up	(918, 568)	(681, 331)	True	39782	40637	up	(800, 450)	testing
4	th	m	19	7	diamond	green	dif	vert	up	(800, 282)	(681, 331)	True	41772	43052	up	(800, 450)	testing
4	th	m	19	7	diamond	none	same	hori	left	N_dis	(918, 568)	True	44115	45036	left	(800, 450)	testing
4	th	m	19	7	diamond	none	same	vert	up	N_dis	(632, 450)	True	46323	47405	up	(800, 450)	testing
4	th	m	19	7	diamond	green	dif	vert	up	(800, 282)	(918, 568)	True	48532	49997	up	(800, 450)	testing
4	th	m	19	7	circle	red	same	hori	left	(681, 331)	(968, 450)	True	51084	51981	left	(800, 450)	testing
4	th	m	19	7	circle	red	dif	vert	up	(918, 331)	(968, 450)	True	53137	54525	up	(800, 450)	testing
4	th	m	19	7	diamond	none	dif	hori	left	N_dis	(681, 331)	True	55732	56829	left	(800, 450)	testing
4	th	m	19	7	diamond	none	same	vert	up	N_dis	(918, 331)	True	58078	58813	up	(800, 450)	testing
4	th	m	19	7	circle	red	same	hori	left	(918, 331)	(681, 568)	True	59908	60893	left	(800, 450)	testing
4	th	m	19	7	diamond	none	dif	vert	up	N_dis	(632, 450)	True	61997	62989	up	(800, 450)	testing
4	th	m	19	7	circle	red	dif	vert	up	(918, 331)	(800, 282)	True	64154	64957	up	(800, 450)	testing
4	th	m	19	7	circle	green	same	hori	left	(918, 331)	(918, 568)	True	66198	66989	left	(800, 450)	testing
4	th	m	19	7	circle	red	same	hori	left	(918, 568)	(800, 282)	True	68261	68973	left	(800, 450)	testing
4	th	m	19	7	circle	none	same	vert	up	N_dis	(918, 568)	True	70234	71052	up	(800, 450)	testing
4	th	m	19	7	circle	red	dif	vert	up	(918, 568)	(968, 450)	True	72163	73020	up	(800, 450)	testing
4	th	m	19	7	diamond	green	same	vert	up	(918, 331)	(800, 618)	True	74241	75100	up	(800, 450)	testing
4	th	m	19	7	diamond	green	dif	vert	up	(918, 331)	(681, 331)	True	76249	77036	up	(800, 450)	testing
4	th	m	19	7	diamond	red	dif	hori	left	(918, 331)	(968, 450)	True	78262	79196	left	(800, 450)	testing
4	th	m	19	7	diamond	green	same	hori	left	(918, 331)	(632, 450)	True	80370	81116	left	(800, 450)	testing
4	th	m	19	7	diamond	red	dif	hori	left	(800, 618)	(681, 568)	True	82191	83405	left	(800, 450)	testing
4	th	m	19	7	diamond	green	same	hori	left	(918, 331)	(800, 282)	True	84492	85084	left	(800, 450)	testing
4	th	m	19	7	circle	none	dif	hori	left	N_dis	(681, 568)	True	86147	86877	left	(800, 450)	testing
4	th	m	19	7	circle	green	same	vert	up	(918, 331)	(968, 450)	True	88158	88909	up	(800, 450)	testing
4	th	m	19	7	circle	none	dif	vert	up	N_dis	(800, 282)	True	90019	90653	up	(800, 450)	testing
4	th	m	19	7	diamond	none	same	vert	up	N_dis	(800, 282)	True	91746	92316	up	(800, 450)	testing
4	th	m	19	7	circle	red	dif	hori	left	(632, 450)	(968, 450)	True	93383	94348	left	(800, 450)	testing
4	th	m	19	7	diamond	green	dif	hori	left	(918, 331)	(800, 282)	True	95439	96124	left	(800, 450)	testing
4	th	m	19	7	diamond	none	same	hori	left	N_dis	(968, 450)	True	97261	97885	left	(800, 450)	testing
4	th	m	19	7	diamond	red	same	hori	left	(918, 331)	(800, 282)	True	99158	99901	left	(800, 450)	testing
4	th	m	19	7	circle	red	same	hori	left	(800, 282)	(632, 450)	True	100959	101773	left	(800, 450)	testing
4	th	m	19	7	circle	none	dif	vert	up	N_dis	(968, 450)	True	103051	103837	up	(800, 450)	testing
4	th	m	19	7	circle	none	same	hori	left	N_dis	(800, 282)	True	105099	105725	left	(800, 450)	testing
4	th	m	19	7	circle	none	dif	hori	left	N_dis	(918, 331)	True	106946	107549	left	(800, 450)	testing
4	th	m	19	7	diamond	green	dif	hori	left	(918, 331)	(681, 568)	True	108716	109485	left	(800, 450)	testing
4	th	m	19	7	diamond	red	same	vert	up	(918, 331)	(968, 450)	True	110589	111389	up	(800, 450)	testing
4	th	m	19	7	circle	none	same	vert	up	N_dis	(918, 331)	True	112614	113565	up	(800, 450)	testing
4	th	m	19	7	circle	none	same	hori	left	N_dis	(681, 331)	True	114847	115933	left	(800, 450)	testing
4	th	m	19	7	circle	none	same	vert	up	N_dis	(918, 568)	True	117224	118092	up	(800, 450)	testing
4	th	m	19	7	circle	none	same	vert	up	N_dis	(800, 618)	True	119268	119981	up	(800, 450)	testing
4	th	m	19	7	circle	green	dif	vert	up	(918, 331)	(632, 450)	True	121171	122028	up	(800, 450)	testing
4	th	m	19	7	diamond	none	dif	vert	up	N_dis	(632, 450)	True	123094	123757	up	(800, 450)	testing
4	th	m	19	7	diamond	green	dif	vert	up	(968, 450)	(681, 331)	True	124908	125565	up	(800, 450)	testing
4	th	m	19	7	diamond	none	same	vert	up	N_dis	(681, 331)	True	126781	127356	up	(800, 450)	testing
4	th	m	19	7	diamond	red	dif	vert	up	(681, 331)	(681, 568)	True	128489	129485	up	(800, 450)	testing
4	th	m	19	7	circle	red	dif	hori	left	(632, 450)	(968, 450)	True	130708	131773	left	(800, 450)	testing
4	th	m	19	7	circle	green	same	hori	left	(918, 331)	(918, 568)	True	132974	133981	left	(800, 450)	testing
4	th	m	19	7	diamond	green	dif	vert	up	(918, 331)	(968, 450)	True	135273	136381	up	(800, 450)	testing
4	th	m	19	7	diamond	none	dif	hori	left	N_dis	(800, 618)	True	137670	138781	left	(800, 450)	testing
4	th	m	19	7	diamond	red	dif	hori	left	(681, 568)	(918, 568)	True	139830	140845	left	(800, 450)	testing
4	th	m	19	7	diamond	green	same	vert	up	(918, 331)	(681, 331)	True	142038	142941	up	(800, 450)	testing
4	th	m	19	7	circle	green	same	hori	left	(918, 331)	(800, 282)	True	144110	145229	left	(800, 450)	testing
4	th	m	19	7	circle	green	same	hori	left	(918, 331)	(918, 568)	True	146340	147260	left	(800, 450)	testing
4	th	m	19	7	diamond	red	dif	hori	left	(681, 568)	(800, 282)	True	148378	150028	left	(800, 450)	testing
4	th	m	19	7	circle	red	same	vert	up	(918, 331)	(681, 568)	True	151203	152653	up	(800, 450)	testing
4	th	m	19	7	diamond	red	dif	vert	up	(918, 331)	(632, 450)	True	153810	154829	up	(800, 450)	testing
4	th	m	19	7	diamond	red	same	hori	left	(918, 331)	(681, 331)	True	156103	156925	left	(800, 450)	testing
4	th	m	19	7	circle	none	dif	hori	left	N_dis	(918, 331)	True	158027	158813	left	(800, 450)	testing
4	th	m	19	7	diamond	none	dif	vert	up	N_dis	(968, 450)	True	159982	160669	up	(800, 450)	testing
4	th	m	19	7	diamond	green	same	vert	up	(918, 331)	(681, 568)	True	161808	162509	up	(800, 450)	testing
4	th	m	19	7	circle	none	same	vert	up	N_dis	(681, 568)	True	163576	164941	up	(800, 450)	testing
4	th	m	19	7	diamond	red	same	hori	left	(918, 331)	(681, 568)	True	166076	166957	left	(800, 450)	testing
4	th	m	19	7	diamond	green	same	hori	left	(918, 331)	(681, 331)	True	168000	168765	left	(800, 450)	testing
4	th	m	19	7	diamond	red	dif	vert	up	(918, 331)	(681, 568)	True	170000	170973	up	(800, 450)	testing
4	th	m	19	7	diamond	green	dif	hori	left	(918, 331)	(968, 450)	True	172071	172893	left	(800, 450)	testing
4	th	m	19	7	circle	none	same	hori	left	N_dis	(918, 331)	True	174002	174733	left	(800, 450)	testing
4	th	m	19	7	diamond	red	dif	hori	left	(800, 618)	(800, 282)	True	175832	176589	left	(800, 450)	testing
4	th	m	19	7	diamond	red	same	vert	up	(918, 331)	(681, 568)	True	177644	178397	up	(800, 450)	testing
4	th	m	19	7	diamond	none	same	vert	up	N_dis	(632, 450)	True	179449	180364	up	(800, 450)	testing
4	th	m	19	7	circle	red	dif	hori	left	(918, 331)	(800, 618)	True	181444	182300	left	(800, 450)	testing
4	th	m	19	7	diamond	red	same	vert	up	(918, 331)	(681, 568)	True	183568	184316	up	(800, 450)	testing
4	th	m	19	7	diamond	green	same	hori	left	(918, 331)	(800, 618)	True	185383	186108	left	(800, 450)	testing
4	th	m	19	7	circle	none	dif	hori	left	N_dis	(800, 618)	True	187296	188140	left	(800, 450)	testing
4	th	m	19	7	diamond	none	same	hori	left	N_dis	(681, 568)	True	189264	190252	left	(800, 450)	testing
4	th	m	19	7	diamond	none	same	hori	left	N_dis	(800, 282)	True	191393	192076	left	(800, 450)	testing
4	th	m	19	7	diamond	none	dif	vert	up	N_dis	(681, 568)	True	193249	193997	up	(800, 450)	testing
4	th	m	19	7	circle	green	dif	hori	left	(918, 331)	(632, 450)	True	195101	196028	left	(800, 450)	testing
4	th	m	19	7	circle	green	same	vert	up	(918, 331)	(800, 618)	True	197232	198252	up	(800, 450)	testing
4	th	m	19	7	diamond	red	dif	vert	up	(800, 618)	(681, 331)	True	199325	200284	up	(800, 450)	testing
4	th	m	19	7	diamond	red	same	hori	left	(918, 331)	(918, 568)	True	201426	202300	left	(800, 450)	testing
4	th	m	19	7	circle	red	dif	vert	up	(918, 331)	(681, 331)	True	203553	204413	up	(800, 450)	testing
4	th	m	19	7	diamond	red	dif	vert	up	(800, 282)	(918, 568)	True	205649	206300	up	(800, 450)	testing
4	th	m	19	7	diamond	green	dif	hori	left	(968, 450)	(632, 450)	True	207565	208348	left	(800, 450)	testing
4	th	m	19	7	circle	red	dif	hori	left	(918, 331)	(632, 450)	True	209442	210156	left	(800, 450)	testing
4	th	m	19	7	diamond	green	same	vert	up	(918, 331)	(681, 331)	True	211402	212012	left	(800, 450)	testing
4	th	m	19	7	circle	green	dif	vert	up	(918, 331)	(918, 568)	True	214644	215501	up	(800, 450)	testing
4	th	m	19	7	circle	green	dif	hori	left	(918, 331)	(800, 618)	True	216606	217501	left	(800, 450)	testing
4	th	m	19	7	circle	green	same	vert	up	(918, 331)	(800, 282)	True	218703	220172	up	(800, 450)	testing
4	th	m	19	7	circle	none	dif	vert	up	N_dis	(968, 450)	True	221312	222044	up	(800, 450)	testing
4	th	m	19	7	circle	red	dif	hori	left	(681, 568)	(968, 450)	True	223207	224028	left	(800, 450)	testing
4	th	m	19	7	circle	red	same	vert	up	(918, 331)	(681, 568)	True	225155	225901	up	(800, 450)	testing
4	th	m	19	7	circle	green	dif	hori	left	(800, 618)	(968, 450)	True	227027	227693	left	(800, 450)	testing
4	th	m	19	7	circle	none	dif	hori	left	N_dis	(681, 568)	True	228741	229453	left	(800, 450)	testing
4	th	m	19	7	diamond	green	same	vert	up	(968, 450)	(800, 618)	True	230569	231661	up	(800, 450)	testing
4	th	m	19	7	circle	green	dif	vert	up	(918, 331)	(968, 450)	True	232866	233709	up	(800, 450)	testing
4	th	m	19	7	diamond	red	same	vert	up	(918, 331)	(800, 618)	True	234959	235837	up	(800, 450)	testing
4	th	m	19	7	circle	red	same	hori	left	(681, 568)	(681, 331)	True	237121	238108	left	(800, 450)	testing
4	th	m	19	7	diamond	none	dif	vert	up	N_dis	(800, 618)	True	239235	240012	up	(800, 450)	testing
4	th	m	19	7	circle	green	same	hori	left	(632, 450)	(681, 568)	True	241271	242076	left	(800, 450)	testing
4	th	m	19	7	circle	green	same	vert	up	(918, 331)	(918, 568)	True	243304	244124	up	(800, 450)	testing
4	th	m	19	7	circle	green	dif	hori	left	(968, 450)	(918, 568)	True	245337	246012	left	(800, 450)	testing
4	th	m	19	7	diamond	none	dif	hori	left	N_dis	(800, 282)	True	247263	247949	left	(800, 450)	testing
4	th	m	19	7	diamond	none	dif	hori	left	N_dis	(800, 618)	True	249015	249949	left	(800, 450)	testing
4	th	m	19	7	circle	red	dif	vert	up	(918, 331)	(918, 568)	True	251069	252749	up	(800, 450)	testing
4	th	m	19	7	circle	red	same	vert	up	(918, 331)	(681, 568)	True	253881	254765	up	(800, 450)	testing
4	th	m	19	7	circle	green	dif	hori	left	(918, 331)	(632, 450)	True	255906	256701	left	(800, 450)	testing
4	th	m	19	7	circle	green	dif	vert	up	(918, 568)	(632, 450)	True	257911	258589	left	(800, 450)	testing
4	th	m	19	7	circle	none	same	hori	left	N_dis	(681, 331)	True	261278	262573	left	(800, 450)	testing
4	th	m	19	7	circle	green	same	vert	up	(918, 331)	(800, 618)	True	263741	264637	up	(800, 450)	testing
