subj	name	gender	age	runNum	shape	dist	td_dif	resp	resp_key	d_loc	t_loc	gotKey	startTime	respTime	resp	fix_loc	prac
4	th	m	19	8	circle	green	same	hori	left	(918, 331)	(800, 618)	True	19711	20957	left	(800, 450)	testing
4	th	m	19	8	circle	red	dif	hori	left	(918, 331)	(681, 568)	True	22172	23437	left	(800, 450)	testing
4	th	m	19	8	circle	green	same	hori	left	(918, 331)	(681, 568)	True	24643	25357	left	(800, 450)	testing
4	th	m	19	8	diamond	none	same	hori	left	N_dis	(681, 331)	True	26636	27885	left	(800, 450)	testing
4	th	m	19	8	diamond	green	same	vert	up	(681, 568)	(681, 331)	True	29158	30316	up	(800, 450)	testing
4	th	m	19	8	diamond	red	same	hori	left	(918, 331)	(968, 450)	True	31494	32493	left	(800, 450)	testing
4	th	m	19	8	circle	green	dif	hori	left	(918, 331)	(800, 618)	True	33715	34461	left	(800, 450)	testing
4	th	m	19	8	diamond	red	dif	vert	up	(681, 568)	(800, 282)	True	35732	36413	up	(800, 450)	testing
4	th	m	19	8	circle	red	same	hori	left	(918, 331)	(968, 450)	True	37589	38477	left	(800, 450)	testing
4	th	m	19	8	circle	red	same	vert	up	(681, 568)	(800, 282)	True	39580	40284	up	(800, 450)	testing
4	th	m	19	8	diamond	red	same	vert	up	(918, 331)	(800, 282)	True	41417	43180	up	(800, 450)	testing
4	th	m	19	8	diamond	red	dif	hori	left	(918, 331)	(681, 331)	True	44473	45164	left	(800, 450)	testing
4	th	m	19	8	circle	red	dif	hori	left	(918, 331)	(918, 568)	True	46370	47260	left	(800, 450)	testing
4	th	m	19	8	diamond	none	same	vert	up	N_dis	(918, 331)	True	48424	49373	up	(800, 450)	testing
4	th	m	19	8	circle	red	same	vert	up	(800, 618)	(632, 450)	True	50421	51324	up	(800, 450)	testing
4	th	m	19	8	diamond	green	dif	vert	up	(968, 450)	(632, 450)	True	52570	53324	up	(800, 450)	testing
4	th	m	19	8	circle	none	dif	hori	left	N_dis	(918, 568)	True	54561	55437	left	(800, 450)	testing
4	th	m	19	8	diamond	none	dif	vert	up	N_dis	(918, 568)	True	56513	57485	up	(800, 450)	testing
4	th	m	19	8	diamond	green	same	hori	left	(632, 450)	(968, 450)	True	58705	59453	left	(800, 450)	testing
4	th	m	19	8	diamond	green	dif	vert	up	(918, 331)	(681, 331)	True	60519	61308	up	(800, 450)	testing
4	th	m	19	8	diamond	none	same	hori	left	N_dis	(632, 450)	True	62545	63421	left	(800, 450)	testing
4	th	m	19	8	diamond	none	same	vert	up	N_dis	(800, 282)	True	64593	65260	up	(800, 450)	testing
4	th	m	19	8	diamond	none	dif	hori	left	N_dis	(681, 568)	True	66428	67389	left	(800, 450)	testing
4	th	m	19	8	circle	none	dif	hori	left	N_dis	(632, 450)	True	68478	69276	left	(800, 450)	testing
4	th	m	19	8	diamond	red	dif	vert	up	(918, 331)	(632, 450)	True	70372	71100	up	(800, 450)	testing
4	th	m	19	8	diamond	green	same	vert	up	(918, 331)	(918, 568)	True	72317	73148	up	(800, 450)	testing
4	th	m	19	8	diamond	green	dif	vert	up	(968, 450)	(800, 282)	True	74365	75004	up	(800, 450)	testing
4	th	m	19	8	circle	green	same	vert	up	(918, 331)	(681, 331)	True	76124	78092	up	(800, 450)	testing
4	th	m	19	8	diamond	green	dif	vert	up	(918, 331)	(681, 568)	True	79159	80092	up	(800, 450)	testing
4	th	m	19	8	diamond	red	same	hori	left	(800, 618)	(918, 568)	True	81160	82092	left	(800, 450)	testing
4	th	m	19	8	diamond	red	dif	hori	left	(918, 331)	(681, 568)	True	83266	84012	left	(800, 450)	testing
4	th	m	19	8	circle	none	same	hori	left	N_dis	(918, 568)	True	85177	86012	left	(800, 450)	testing
4	th	m	19	8	circle	green	dif	hori	left	(918, 331)	(918, 568)	True	87073	87853	left	(800, 450)	testing
4	th	m	19	8	circle	green	dif	hori	left	(918, 331)	(681, 331)	True	88956	89677	left	(800, 450)	testing
4	th	m	19	8	diamond	none	dif	hori	left	N_dis	(800, 618)	True	90777	91549	left	(800, 450)	testing
4	th	m	19	8	circle	none	same	hori	left	N_dis	(681, 331)	True	92621	93389	left	(800, 450)	testing
4	th	m	19	8	circle	green	same	vert	up	(918, 331)	(681, 331)	True	94440	95164	up	(800, 450)	testing
4	th	m	19	8	circle	none	same	vert	up	N_dis	(800, 618)	True	96249	97180	up	(800, 450)	testing
4	th	m	19	8	diamond	none	same	vert	up	N_dis	(800, 282)	True	98445	99100	up	(800, 450)	testing
4	th	m	19	8	circle	none	dif	hori	left	N_dis	(681, 331)	True	100209	100941	left	(800, 450)	testing
4	th	m	19	8	diamond	none	dif	vert	up	N_dis	(968, 450)	True	102021	102957	up	(800, 450)	testing
4	th	m	19	8	circle	red	dif	vert	up	(918, 331)	(681, 568)	True	104034	104893	up	(800, 450)	testing
4	th	m	19	8	diamond	red	same	vert	up	(918, 331)	(800, 618)	True	106024	107469	up	(800, 450)	testing
4	th	m	19	8	diamond	none	dif	vert	up	N_dis	(918, 331)	True	108714	109421	up	(800, 450)	testing
4	th	m	19	8	diamond	red	same	vert	up	(918, 331)	(800, 618)	True	110622	111421	up	(800, 450)	testing
4	th	m	19	8	circle	none	same	vert	up	N_dis	(800, 618)	True	112650	113645	left	(800, 450)	testing
4	th	m	19	8	diamond	green	dif	hori	left	(918, 568)	(968, 450)	True	116337	117581	left	(800, 450)	testing
4	th	m	19	8	diamond	none	same	vert	up	N_dis	(800, 282)	True	118670	119773	up	(800, 450)	testing
4	th	m	19	8	circle	green	dif	vert	up	(918, 331)	(918, 568)	True	120990	121965	up	(800, 450)	testing
4	th	m	19	8	circle	red	same	hori	left	(918, 331)	(800, 618)	True	123107	124300	left	(800, 450)	testing
4	th	m	19	8	circle	none	dif	vert	up	N_dis	(800, 618)	True	125382	126252	up	(800, 450)	testing
4	th	m	19	8	diamond	red	dif	hori	left	(918, 331)	(800, 618)	True	127322	128124	left	(800, 450)	testing
4	th	m	19	8	diamond	none	dif	hori	left	N_dis	(632, 450)	True	129347	130124	left	(800, 450)	testing
4	th	m	19	8	circle	green	same	hori	left	(968, 450)	(800, 618)	True	131410	132733	left	(800, 450)	testing
4	th	m	19	8	circle	none	same	vert	up	N_dis	(918, 331)	True	133970	134829	up	(800, 450)	testing
4	th	m	19	8	circle	red	same	hori	left	(918, 331)	(800, 282)	True	136025	136925	left	(800, 450)	testing
4	th	m	19	8	diamond	green	dif	hori	left	(681, 331)	(918, 568)	True	138131	139116	left	(800, 450)	testing
4	th	m	19	8	circle	green	dif	vert	up	(918, 331)	(681, 568)	True	140320	141292	up	(800, 450)	testing
4	th	m	19	8	diamond	green	same	vert	up	(918, 331)	(968, 450)	True	142346	143276	up	(800, 450)	testing
4	th	m	19	8	diamond	none	dif	hori	left	N_dis	(681, 568)	True	144419	145341	left	(800, 450)	testing
4	th	m	19	8	circle	none	dif	hori	left	N_dis	(681, 568)	True	146462	147244	left	(800, 450)	testing
4	th	m	19	8	circle	green	same	vert	up	(800, 282)	(918, 568)	True	148399	149244	up	(800, 450)	testing
4	th	m	19	8	diamond	red	dif	hori	left	(918, 331)	(681, 331)	True	150442	151212	left	(800, 450)	testing
4	th	m	19	8	circle	green	dif	vert	up	(918, 331)	(968, 450)	True	152309	153132	up	(800, 450)	testing
4	th	m	19	8	diamond	none	dif	vert	up	N_dis	(968, 450)	True	154233	155020	up	(800, 450)	testing
4	th	m	19	8	circle	green	same	vert	up	(918, 331)	(632, 450)	True	156243	157132	up	(800, 450)	testing
4	th	m	19	8	diamond	green	same	vert	up	(918, 331)	(681, 568)	True	158226	159180	up	(800, 450)	testing
4	th	m	19	8	diamond	none	same	hori	left	N_dis	(968, 450)	True	160399	161212	left	(800, 450)	testing
4	th	m	19	8	circle	none	same	hori	left	N_dis	(968, 450)	True	162497	163148	left	(800, 450)	testing
4	th	m	19	8	circle	red	dif	vert	up	(918, 331)	(968, 450)	True	164339	165244	up	(800, 450)	testing
4	th	m	19	8	diamond	green	same	hori	left	(918, 331)	(918, 568)	True	166471	167677	left	(800, 450)	testing
4	th	m	19	8	circle	green	dif	hori	left	(632, 450)	(918, 568)	True	168814	170124	left	(800, 450)	testing
4	th	m	19	8	diamond	red	dif	vert	up	(632, 450)	(918, 568)	True	171316	172108	up	(800, 450)	testing
4	th	m	19	8	circle	none	dif	vert	up	N_dis	(800, 282)	True	173357	174236	up	(800, 450)	testing
4	th	m	19	8	circle	none	same	hori	left	N_dis	(918, 568)	True	175415	176268	left	(800, 450)	testing
4	th	m	19	8	circle	red	dif	vert	up	(681, 331)	(918, 568)	True	177363	178172	up	(800, 450)	testing
4	th	m	19	8	diamond	red	dif	hori	left	(918, 331)	(968, 450)	True	179254	180316	left	(800, 450)	testing
4	th	m	19	8	diamond	green	same	hori	left	(918, 331)	(632, 450)	True	181602	183084	left	(800, 450)	testing
4	th	m	19	8	circle	red	dif	vert	up	(918, 331)	(632, 450)	True	184260	185741	up	(800, 450)	testing
4	th	m	19	8	circle	green	same	vert	up	(681, 331)	(800, 282)	True	186974	187885	up	(800, 450)	testing
4	th	m	19	8	diamond	none	same	hori	left	N_dis	(800, 282)	True	189156	189901	left	(800, 450)	testing
4	th	m	19	8	circle	red	same	hori	left	(918, 331)	(800, 282)	True	191093	191901	left	(800, 450)	testing
4	th	m	19	8	diamond	red	dif	vert	up	(918, 331)	(632, 450)	True	193014	193901	up	(800, 450)	testing
4	th	m	19	8	diamond	red	same	hori	left	(800, 282)	(918, 568)	True	195071	195933	left	(800, 450)	testing
4	th	m	19	8	diamond	green	dif	vert	up	(681, 568)	(681, 331)	True	197095	198012	up	(800, 450)	testing
4	th	m	19	8	diamond	green	dif	hori	left	(918, 331)	(800, 618)	True	199228	199981	left	(800, 450)	testing
4	th	m	19	8	diamond	green	same	hori	left	(918, 331)	(968, 450)	True	201185	201853	left	(800, 450)	testing
4	th	m	19	8	diamond	green	same	hori	left	(918, 568)	(968, 450)	True	203035	203789	left	(800, 450)	testing
4	th	m	19	8	diamond	green	dif	hori	left	(800, 618)	(681, 568)	True	204985	205693	left	(800, 450)	testing
4	th	m	19	8	circle	green	dif	vert	up	(918, 331)	(918, 568)	True	206934	208172	up	(800, 450)	testing
4	th	m	19	8	circle	red	same	hori	left	(681, 331)	(918, 568)	True	209290	210236	left	(800, 450)	testing
4	th	m	19	8	circle	green	same	hori	left	(800, 282)	(800, 618)	True	211298	212381	left	(800, 450)	testing
4	th	m	19	8	diamond	green	same	vert	up	(632, 450)	(918, 568)	True	213469	214220	up	(800, 450)	testing
4	th	m	19	8	circle	none	dif	hori	left	N_dis	(800, 618)	True	215374	216220	left	(800, 450)	testing
4	th	m	19	8	circle	green	same	hori	left	(918, 568)	(800, 282)	True	217416	218108	left	(800, 450)	testing
4	th	m	19	8	diamond	red	same	vert	up	(918, 331)	(681, 331)	True	219366	220605	up	(800, 450)	testing
4	th	m	19	8	diamond	red	same	hori	left	(800, 282)	(968, 450)	True	221794	222749	left	(800, 450)	testing
4	th	m	19	8	circle	none	dif	vert	up	N_dis	(681, 331)	True	224034	224829	up	(800, 450)	testing
4	th	m	19	8	diamond	none	dif	vert	up	N_dis	(681, 568)	True	226087	227020	up	(800, 450)	testing
4	th	m	19	8	circle	none	same	vert	up	N_dis	(918, 568)	True	228276	229244	up	(800, 450)	testing
4	th	m	19	8	circle	red	dif	hori	left	(918, 331)	(918, 568)	True	230447	231533	left	(800, 450)	testing
4	th	m	19	8	circle	none	dif	vert	up	N_dis	(968, 450)	True	232632	233597	up	(800, 450)	testing
4	th	m	19	8	circle	red	dif	hori	left	(918, 331)	(681, 568)	True	234688	235501	left	(800, 450)	testing
4	th	m	19	8	circle	red	dif	vert	up	(918, 331)	(632, 450)	True	236779	237581	up	(800, 450)	testing
4	th	m	19	8	diamond	none	dif	hori	left	N_dis	(681, 331)	True	238690	239789	left	(800, 450)	testing
4	th	m	19	8	diamond	red	same	vert	up	(918, 331)	(800, 282)	True	240865	242509	up	(800, 450)	testing
4	th	m	19	8	circle	none	same	vert	up	N_dis	(918, 331)	True	243648	244637	up	(800, 450)	testing
4	th	m	19	8	circle	green	dif	vert	up	(918, 331)	(681, 568)	True	245772	246573	up	(800, 450)	testing
4	th	m	19	8	diamond	none	same	hori	left	N_dis	(632, 450)	True	247785	248509	left	(800, 450)	testing
4	th	m	19	8	diamond	red	same	hori	left	(800, 618)	(632, 450)	True	249675	250381	left	(800, 450)	testing
4	th	m	19	8	circle	red	same	vert	up	(918, 331)	(681, 568)	True	251430	252525	up	(800, 450)	testing
4	th	m	19	8	diamond	green	dif	hori	left	(968, 450)	(800, 282)	True	253769	254653	left	(800, 450)	testing
4	th	m	19	8	circle	red	dif	hori	left	(918, 331)	(800, 282)	True	255776	256477	left	(800, 450)	testing
4	th	m	19	8	circle	green	dif	hori	left	(918, 568)	(800, 282)	True	257668	258397	left	(800, 450)	testing
4	th	m	19	8	circle	none	dif	vert	up	N_dis	(918, 331)	True	259613	260525	up	(800, 450)	testing
4	th	m	19	8	diamond	none	same	vert	up	N_dis	(632, 450)	True	261758	262605	up	(800, 450)	testing
4	th	m	19	8	circle	red	same	vert	up	(918, 331)	(632, 450)	True	263700	264589	up	(800, 450)	testing
4	th	m	19	8	circle	none	same	hori	left	N_dis	(681, 568)	True	265761	266621	left	(800, 450)	testing
4	th	m	19	8	circle	red	same	vert	up	(918, 331)	(800, 282)	True	267907	268621	up	(800, 450)	testing
4	th	m	19	8	diamond	red	dif	vert	up	(918, 331)	(800, 282)	True	269678	270397	up	(800, 450)	testing
