subj	name	gender	age	runNum	shape	dist	td_dif	resp	resp_key	d_loc	t_loc	gotKey	startTime	respTime	resp	fix_loc	prac
4	th	m	19	5	diamond	red	dif	hori	left	(800, 282)	(918, 331)	True	6449	7421	left	(800, 450)	testing
4	th	m	19	5	circle	green	dif	hori	left	(968, 450)	(681, 568)	True	8693	9628	left	(800, 450)	testing
4	th	m	19	5	diamond	none	same	vert	up	N_dis	(968, 450)	True	10842	11565	up	(800, 450)	testing
4	th	m	19	5	circle	none	same	vert	up	N_dis	(681, 331)	True	12803	14108	up	(800, 450)	testing
4	th	m	19	5	diamond	none	dif	vert	up	N_dis	(800, 618)	True	15395	17212	up	(800, 450)	testing
4	th	m	19	5	diamond	red	same	vert	up	(800, 618)	(968, 450)	True	18266	19164	up	(800, 450)	testing
4	th	m	19	5	diamond	red	dif	vert	up	(800, 618)	(681, 568)	True	20361	21565	up	(800, 450)	testing
4	th	m	19	5	circle	green	dif	hori	left	(800, 618)	(800, 282)	True	22724	23565	left	(800, 450)	testing
4	th	m	19	5	diamond	green	dif	hori	left	(918, 331)	(800, 282)	True	24672	25516	left	(800, 450)	testing
4	th	m	19	5	circle	none	same	vert	up	N_dis	(968, 450)	True	26724	27676	up	(800, 450)	testing
4	th	m	19	5	circle	red	dif	vert	up	(800, 618)	(800, 282)	True	28726	29437	up	(800, 450)	testing
4	th	m	19	5	diamond	red	dif	vert	up	(800, 618)	(918, 331)	True	30564	32252	up	(800, 450)	testing
4	th	m	19	5	diamond	red	dif	hori	left	(800, 618)	(968, 450)	True	33395	34428	left	(800, 450)	testing
4	th	m	19	5	diamond	red	same	hori	left	(918, 331)	(681, 331)	True	35649	36332	left	(800, 450)	testing
4	th	m	19	5	diamond	green	same	hori	left	(800, 618)	(681, 331)	True	37394	38092	left	(800, 450)	testing
4	th	m	19	5	diamond	red	same	hori	left	(800, 618)	(681, 568)	True	39241	40172	left	(800, 450)	testing
4	th	m	19	5	circle	green	dif	vert	up	(918, 568)	(968, 450)	True	41265	42140	up	(800, 450)	testing
4	th	m	19	5	diamond	none	dif	hori	left	N_dis	(681, 568)	True	43276	45148	left	(800, 450)	testing
4	th	m	19	5	circle	none	dif	vert	up	N_dis	(800, 618)	True	46346	47468	up	(800, 450)	testing
4	th	m	19	5	circle	red	dif	vert	up	(918, 331)	(681, 331)	True	48533	49886	up	(800, 450)	testing
4	th	m	19	5	diamond	green	same	vert	up	(800, 618)	(681, 331)	True	51054	52092	up	(800, 450)	testing
4	th	m	19	5	circle	red	dif	vert	up	(681, 568)	(632, 450)	True	53332	55005	up	(800, 450)	testing
4	th	m	19	5	circle	none	dif	vert	up	N_dis	(632, 450)	True	56068	57085	up	(800, 450)	testing
4	th	m	19	5	diamond	none	dif	hori	left	N_dis	(968, 450)	True	58253	59213	left	(800, 450)	testing
4	th	m	19	5	diamond	red	dif	vert	up	(800, 618)	(968, 450)	True	60271	61533	up	(800, 450)	testing
4	th	m	19	5	circle	none	same	vert	up	N_dis	(968, 450)	True	62687	63437	up	(800, 450)	testing
4	th	m	19	5	circle	red	same	vert	up	(632, 450)	(918, 568)	True	64716	65998	up	(800, 450)	testing
4	th	m	19	5	circle	red	dif	hori	left	(800, 618)	(632, 450)	True	67194	68124	left	(800, 450)	testing
4	th	m	19	5	diamond	none	same	hori	left	N_dis	(681, 568)	True	69342	70397	left	(800, 450)	testing
4	th	m	19	5	circle	red	same	hori	left	(800, 618)	(632, 450)	True	71565	72653	left	(800, 450)	testing
4	th	m	19	5	diamond	green	same	hori	left	(800, 618)	(632, 450)	True	73835	74781	left	(800, 450)	testing
4	th	m	19	5	diamond	red	same	hori	left	(800, 618)	(918, 331)	True	75845	76604	left	(800, 450)	testing
4	th	m	19	5	diamond	red	same	vert	up	(681, 331)	(681, 568)	True	77653	78476	up	(800, 450)	testing
4	th	m	19	5	circle	green	same	vert	up	(800, 618)	(800, 282)	True	79732	80733	up	(800, 450)	testing
4	th	m	19	5	diamond	red	same	hori	left	(800, 618)	(681, 331)	True	81985	83597	left	(800, 450)	testing
4	th	m	19	5	diamond	green	dif	hori	left	(681, 568)	(632, 450)	True	84665	85870	left	(800, 450)	testing
4	th	m	19	5	diamond	red	same	vert	up	(800, 282)	(632, 450)	True	86996	87902	up	(800, 450)	testing
4	th	m	19	5	circle	none	same	hori	left	N_dis	(681, 568)	True	89082	89918	left	(800, 450)	testing
4	th	m	19	5	circle	none	same	hori	left	N_dis	(632, 450)	True	91194	92236	left	(800, 450)	testing
4	th	m	19	5	diamond	green	dif	vert	up	(968, 450)	(632, 450)	True	93373	94172	up	(800, 450)	testing
4	th	m	19	5	diamond	none	dif	vert	up	N_dis	(800, 282)	True	95421	96077	up	(800, 450)	testing
4	th	m	19	5	circle	none	same	hori	left	N_dis	(632, 450)	True	97203	97933	left	(800, 450)	testing
4	th	m	19	5	circle	green	same	vert	up	(800, 618)	(681, 568)	True	99134	100189	up	(800, 450)	testing
4	th	m	19	5	circle	red	same	vert	up	(632, 450)	(918, 331)	True	101401	102317	up	(800, 450)	testing
4	th	m	19	5	diamond	none	dif	hori	left	N_dis	(681, 568)	True	103424	104732	left	(800, 450)	testing
4	th	m	19	5	circle	red	dif	hori	left	(918, 568)	(918, 331)	True	105917	106652	left	(800, 450)	testing
4	th	m	19	5	diamond	green	dif	vert	up	(681, 568)	(681, 331)	True	107730	109069	up	(800, 450)	testing
4	th	m	19	5	circle	red	same	hori	left	(968, 450)	(681, 568)	True	110254	111245	left	(800, 450)	testing
4	th	m	19	5	circle	green	dif	hori	left	(800, 618)	(632, 450)	True	112381	113325	left	(800, 450)	testing
4	th	m	19	5	diamond	none	same	vert	up	N_dis	(918, 568)	True	114526	115357	up	(800, 450)	testing
4	th	m	19	5	circle	red	same	vert	up	(681, 331)	(918, 568)	True	116592	117661	up	(800, 450)	testing
4	th	m	19	5	diamond	none	dif	vert	up	N_dis	(918, 568)	True	118764	120029	up	(800, 450)	testing
4	th	m	19	5	circle	green	same	vert	up	(968, 450)	(632, 450)	True	121308	122284	up	(800, 450)	testing
4	th	m	19	5	circle	none	same	vert	up	N_dis	(918, 331)	True	123337	124445	up	(800, 450)	testing
4	th	m	19	5	circle	none	dif	hori	left	N_dis	(800, 618)	True	125652	126572	left	(800, 450)	testing
4	th	m	19	5	circle	green	dif	hori	left	(800, 618)	(918, 568)	True	127649	128477	left	(800, 450)	testing
4	th	m	19	5	diamond	red	dif	hori	left	(632, 450)	(681, 331)	True	129530	130605	left	(800, 450)	testing
4	th	m	19	5	diamond	green	same	hori	left	(800, 618)	(681, 568)	True	131672	133004	left	(800, 450)	testing
4	th	m	19	5	circle	red	same	vert	up	(800, 618)	(800, 282)	True	134125	135100	up	(800, 450)	testing
4	th	m	19	5	diamond	red	same	vert	up	(800, 618)	(968, 450)	True	136385	137277	up	(800, 450)	testing
4	th	m	19	5	diamond	none	same	hori	left	N_dis	(632, 450)	True	138418	139261	left	(800, 450)	testing
4	th	m	19	5	circle	red	dif	vert	up	(800, 618)	(918, 568)	True	140315	141517	up	(800, 450)	testing
4	th	m	19	5	diamond	red	dif	hori	left	(800, 618)	(918, 331)	True	142574	143324	left	(800, 450)	testing
4	th	m	19	5	diamond	none	same	hori	left	N_dis	(918, 331)	True	144400	145229	left	(800, 450)	testing
4	th	m	19	5	diamond	green	same	vert	up	(918, 331)	(800, 282)	True	146361	147836	up	(800, 450)	testing
4	th	m	19	5	diamond	green	dif	hori	left	(800, 618)	(800, 282)	True	149066	149902	left	(800, 450)	testing
4	th	m	19	5	diamond	none	same	hori	left	N_dis	(800, 618)	True	151132	151853	left	(800, 450)	testing
4	th	m	19	5	diamond	red	dif	hori	left	(800, 618)	(800, 282)	True	152974	153709	left	(800, 450)	testing
4	th	m	19	5	diamond	green	dif	vert	up	(800, 618)	(918, 331)	True	154826	155581	up	(800, 450)	testing
4	th	m	19	5	circle	none	dif	vert	up	N_dis	(681, 331)	True	156661	157837	up	(800, 450)	testing
4	th	m	19	5	diamond	green	same	vert	up	(800, 618)	(681, 331)	True	159119	160381	up	(800, 450)	testing
4	th	m	19	5	diamond	red	dif	vert	up	(800, 282)	(681, 331)	True	161465	162365	up	(800, 450)	testing
4	th	m	19	5	circle	red	dif	hori	left	(800, 618)	(968, 450)	True	163450	164493	left	(800, 450)	testing
4	th	m	19	5	diamond	green	same	hori	left	(800, 618)	(632, 450)	True	165780	166701	left	(800, 450)	testing
4	th	m	19	5	diamond	none	same	vert	up	N_dis	(918, 568)	True	167967	168797	up	(800, 450)	testing
4	th	m	19	5	circle	green	same	hori	left	(918, 568)	(681, 331)	True	170063	170925	left	(800, 450)	testing
4	th	m	19	5	diamond	none	dif	vert	up	N_dis	(800, 282)	True	172217	172974	up	(800, 450)	testing
4	th	m	19	5	circle	red	same	hori	left	(918, 568)	(681, 331)	True	174131	174862	left	(800, 450)	testing
4	th	m	19	5	diamond	none	dif	hori	left	N_dis	(632, 450)	True	175994	176894	left	(800, 450)	testing
4	th	m	19	5	diamond	none	dif	hori	left	N_dis	(918, 568)	True	177988	178797	left	(800, 450)	testing
4	th	m	19	5	circle	none	dif	hori	left	N_dis	(800, 282)	True	179901	180588	up	(800, 450)	testing
4	th	m	19	5	diamond	red	dif	vert	up	(800, 618)	(918, 331)	True	183192	184397	up	(800, 450)	testing
4	th	m	19	5	circle	green	same	hori	left	(800, 618)	(918, 568)	True	185509	186701	left	(800, 450)	testing
4	th	m	19	5	circle	none	dif	hori	left	N_dis	(968, 450)	True	187888	188877	left	(800, 450)	testing
4	th	m	19	5	circle	red	same	hori	left	(800, 618)	(800, 282)	True	190072	190717	left	(800, 450)	testing
4	th	m	19	5	circle	green	dif	vert	up	(681, 568)	(968, 450)	True	191993	192765	up	(800, 450)	testing
4	th	m	19	5	circle	red	dif	hori	left	(800, 618)	(968, 450)	True	193929	194637	left	(800, 450)	testing
4	th	m	19	5	diamond	none	same	hori	left	N_dis	(800, 282)	True	195800	196942	left	(800, 450)	testing
4	th	m	19	5	circle	red	dif	vert	up	(800, 282)	(632, 450)	True	198032	199181	up	(800, 450)	testing
4	th	m	19	5	diamond	green	dif	vert	up	(800, 618)	(681, 331)	True	200385	201293	up	(800, 450)	testing
4	th	m	19	5	diamond	red	same	vert	up	(681, 331)	(918, 568)	True	202537	203373	up	(800, 450)	testing
4	th	m	19	5	circle	none	dif	hori	left	N_dis	(681, 568)	True	204605	205501	left	(800, 450)	testing
4	th	m	19	5	circle	none	dif	hori	left	N_dis	(681, 331)	True	206555	207789	left	(800, 450)	testing
4	th	m	19	5	circle	green	same	hori	left	(800, 618)	(632, 450)	True	209031	210780	left	(800, 450)	testing
4	th	m	19	5	diamond	green	dif	vert	up	(800, 618)	(800, 282)	True	211862	212973	up	(800, 450)	testing
4	th	m	19	5	circle	green	dif	vert	up	(681, 331)	(632, 450)	True	214195	216444	up	(800, 450)	testing
4	th	m	19	5	circle	red	same	vert	up	(800, 618)	(681, 568)	True	217663	219436	up	(800, 450)	testing
4	th	m	19	5	circle	green	dif	hori	left	(800, 618)	(681, 331)	True	220636	221613	left	(800, 450)	testing
4	th	m	19	5	circle	none	same	hori	left	N_dis	(918, 331)	True	222661	223357	left	(800, 450)	testing
4	th	m	19	5	circle	green	same	hori	left	(800, 618)	(918, 568)	True	224566	226477	left	(800, 450)	testing
4	th	m	19	5	diamond	green	same	vert	up	(800, 618)	(918, 331)	True	227693	228765	up	(800, 450)	testing
4	th	m	19	5	circle	green	same	vert	up	(800, 618)	(918, 568)	True	229934	231084	up	(800, 450)	testing
4	th	m	19	5	diamond	green	same	vert	up	(800, 618)	(968, 450)	True	232306	233325	up	(800, 450)	testing
4	th	m	19	5	circle	none	dif	vert	up	N_dis	(800, 618)	True	234438	235277	up	(800, 450)	testing
4	th	m	19	5	circle	green	dif	vert	up	(800, 618)	(632, 450)	True	236489	237469	up	(800, 450)	testing
4	th	m	19	5	circle	green	dif	vert	up	(800, 618)	(681, 331)	True	238666	239341	up	(800, 450)	testing
4	th	m	19	5	circle	none	same	vert	up	N_dis	(918, 331)	True	240536	241116	up	(800, 450)	testing
4	th	m	19	5	diamond	none	same	vert	up	N_dis	(918, 331)	True	242204	242990	up	(800, 450)	testing
4	th	m	19	5	diamond	red	same	hori	left	(800, 618)	(800, 282)	True	244129	244845	left	(800, 450)	testing
4	th	m	19	5	diamond	green	same	hori	left	(800, 618)	(918, 331)	True	246075	246717	left	(800, 450)	testing
4	th	m	19	5	diamond	none	same	vert	up	N_dis	(800, 282)	True	247989	248685	up	(800, 450)	testing
4	th	m	19	5	circle	red	dif	hori	left	(800, 618)	(918, 568)	True	249830	250926	left	(800, 450)	testing
4	th	m	19	5	diamond	none	dif	vert	up	N_dis	(681, 331)	True	252048	252781	up	(800, 450)	testing
4	th	m	19	5	circle	red	same	hori	left	(800, 618)	(681, 568)	True	253873	254910	left	(800, 450)	testing
4	th	m	19	5	circle	green	same	vert	up	(800, 618)	(800, 282)	True	255981	256716	up	(800, 450)	testing
4	th	m	19	5	circle	none	same	hori	left	N_dis	(681, 331)	True	257792	258509	left	(800, 450)	testing
4	th	m	19	5	circle	none	dif	vert	up	N_dis	(918, 568)	True	259572	260589	up	(800, 450)	testing
4	th	m	19	5	circle	green	same	hori	left	(800, 618)	(681, 568)	True	261672	262365	left	(800, 450)	testing
4	th	m	19	5	diamond	green	dif	hori	left	(632, 450)	(681, 568)	True	263442	264765	left	(800, 450)	testing
4	th	m	19	5	diamond	green	dif	hori	left	(800, 618)	(918, 568)	True	265923	266990	left	(800, 450)	testing
