subj	name	gender	age	runNum	shape	dist	td_dif	resp	resp_key	d_loc	t_loc	gotKey	startTime	respTime	resp	fix_loc	prac
4	th	m	19	1	diamond	red	same	hori	left	(681, 331)	(800, 282)	True	75505	78316	left	(800, 450)	practice
4	th	m	19	1	circle	red	same	vert	up	(681, 331)	(800, 618)	True	79588	81196	up	(800, 450)	practice
4	th	m	19	1	circle	green	dif	hori	left	(681, 331)	(918, 331)	True	82334	83869	left	(800, 450)	practice
4	th	m	19	1	diamond	red	same	vert	up	(681, 331)	(918, 568)	True	85130	86236	up	(800, 450)	practice
4	th	m	19	1	circle	none	dif	hori	left	N_dis	(918, 331)	True	87422	88653	left	(800, 450)	practice
4	th	m	19	1	diamond	green	dif	vert	up	(681, 331)	(918, 568)	True	89913	91581	up	(800, 450)	practice
4	th	m	19	1	circle	red	dif	hori	left	(681, 331)	(918, 568)	True	92739	93677	left	(800, 450)	practice
4	th	m	19	1	diamond	none	same	hori	left	N_dis	(800, 282)	True	94892	96413	left	(800, 450)	practice
4	th	m	19	1	diamond	red	dif	vert	up	(681, 331)	(800, 618)	True	97639	99020	up	(800, 450)	practice
4	th	m	19	1	diamond	red	same	hori	left	(681, 331)	(681, 568)	True	100271	101581	left	(800, 450)	practice
4	th	m	19	1	diamond	none	dif	vert	up	N_dis	(681, 568)	True	102808	103805	up	(800, 450)	practice
4	th	m	19	1	circle	red	same	vert	up	(681, 331)	(800, 618)	True	105007	106348	up	(800, 450)	practice
4	th	m	19	1	circle	none	same	vert	up	N_dis	(800, 282)	True	107554	108973	up	(800, 450)	practice
4	th	m	19	1	diamond	red	dif	hori	left	(681, 331)	(918, 331)	True	110028	111437	left	(800, 450)	practice
4	th	m	19	1	diamond	red	same	vert	up	(681, 331)	(632, 450)	True	112496	113613	up	(800, 450)	practice
4	th	m	19	1	diamond	green	dif	hori	left	(681, 331)	(681, 568)	True	114891	116621	left	(800, 450)	practice
4	th	m	19	1	diamond	none	same	vert	up	N_dis	(800, 618)	True	117678	118621	up	(800, 450)	practice
4	th	m	19	1	circle	none	dif	vert	up	N_dis	(632, 450)	True	119902	121068	up	(800, 450)	practice
4	th	m	19	1	diamond	red	dif	hori	left	(681, 331)	(918, 568)	True	122123	123340	left	(800, 450)	practice
4	th	m	19	1	circle	green	same	vert	up	(681, 331)	(918, 568)	True	124385	125645	up	(800, 450)	practice
4	th	m	19	1	diamond	none	dif	hori	left	N_dis	(800, 282)	True	126698	127997	left	(800, 450)	practice
4	th	m	19	1	diamond	red	same	vert	up	(681, 331)	(800, 618)	True	129250	130381	up	(800, 450)	practice
4	th	m	19	1	diamond	none	same	hori	left	N_dis	(632, 450)	True	131450	132525	left	(800, 450)	practice
4	th	m	19	1	diamond	red	dif	hori	left	(681, 331)	(681, 568)	True	133586	134845	left	(800, 450)	practice
4	th	m	19	1	diamond	red	dif	hori	left	(681, 331)	(800, 282)	True	135898	136893	left	(800, 450)	practice
4	th	m	19	1	circle	none	same	hori	left	N_dis	(681, 331)	True	138034	139437	left	(800, 450)	practice
4	th	m	19	1	circle	none	same	hori	left	N_dis	(681, 331)	True	140598	141805	left	(800, 450)	practice
4	th	m	19	1	circle	green	same	hori	left	(681, 331)	(918, 331)	True	142932	144028	left	(800, 450)	practice
4	th	m	19	1	circle	red	dif	vert	up	(681, 331)	(681, 568)	True	145287	146477	up	(800, 450)	practice
4	th	m	19	1	circle	green	dif	vert	up	(681, 331)	(632, 450)	True	147620	149228	up	(800, 450)	practice
4	th	m	19	1	circle	none	dif	hori	left	N_dis	(800, 618)	True	150417	151933	left	(800, 450)	practice
4	th	m	19	1	circle	none	same	vert	up	N_dis	(918, 568)	True	153179	154284	up	(800, 450)	practice
4	th	m	19	1	diamond	green	same	vert	up	(681, 331)	(681, 568)	True	155537	156701	up	(800, 450)	practice
4	th	m	19	1	diamond	none	dif	hori	left	N_dis	(800, 618)	True	157837	159100	left	(800, 450)	practice
4	th	m	19	1	circle	none	same	vert	up	N_dis	(918, 568)	True	160307	161613	up	(800, 450)	practice
4	th	m	19	1	diamond	green	same	hori	left	(681, 331)	(968, 450)	True	162877	164573	left	(800, 450)	practice
4	th	m	19	1	diamond	none	same	vert	up	N_dis	(681, 331)	True	165714	166573	up	(800, 450)	practice
4	th	m	19	1	diamond	none	dif	vert	up	N_dis	(918, 331)	True	167709	169597	up	(800, 450)	practice
4	th	m	19	1	circle	green	dif	hori	left	(681, 331)	(918, 568)	True	170661	171789	left	(800, 450)	practice
4	th	m	19	1	circle	green	dif	hori	left	(681, 331)	(918, 331)	True	172883	173885	left	(800, 450)	practice
4	th	m	19	1	diamond	green	dif	hori	left	(681, 331)	(968, 450)	True	202352	203437	left	(800, 450)	testing
4	th	m	19	1	diamond	red	dif	vert	up	(918, 568)	(800, 618)	True	204509	205869	up	(800, 450)	testing
4	th	m	19	1	circle	green	dif	hori	left	(681, 331)	(800, 282)	True	207085	208140	left	(800, 450)	testing
4	th	m	19	1	diamond	none	same	hori	left	N_dis	(632, 450)	True	209302	210364	left	(800, 450)	testing
4	th	m	19	1	circle	none	same	hori	left	N_dis	(681, 331)	True	211592	212829	left	(800, 450)	testing
4	th	m	19	1	circle	none	same	vert	up	N_dis	(632, 450)	True	214084	215132	up	(800, 450)	testing
4	th	m	19	1	circle	green	dif	vert	up	(918, 568)	(800, 618)	True	216423	217324	up	(800, 450)	testing
4	th	m	19	1	circle	green	same	hori	left	(681, 331)	(968, 450)	True	218421	220092	left	(800, 450)	testing
4	th	m	19	1	diamond	red	same	hori	left	(681, 331)	(918, 331)	True	221213	222573	left	(800, 450)	testing
4	th	m	19	1	circle	red	same	hori	left	(918, 331)	(681, 568)	True	223750	224941	left	(800, 450)	testing
4	th	m	19	1	circle	red	same	hori	left	(918, 331)	(918, 568)	True	226129	227244	left	(800, 450)	testing
4	th	m	19	1	diamond	none	same	hori	left	N_dis	(800, 282)	True	228350	229501	left	(800, 450)	testing
4	th	m	19	1	diamond	green	dif	vert	up	(681, 331)	(800, 618)	True	230625	231549	up	(800, 450)	testing
4	th	m	19	1	diamond	green	same	hori	left	(681, 331)	(681, 568)	True	232624	233981	left	(800, 450)	testing
4	th	m	19	1	circle	none	same	vert	up	N_dis	(918, 568)	True	235233	236252	up	(800, 450)	testing
4	th	m	19	1	diamond	green	dif	vert	up	(918, 568)	(632, 450)	True	237357	238413	up	(800, 450)	testing
4	th	m	19	1	diamond	green	same	vert	up	(968, 450)	(632, 450)	True	239700	240797	up	(800, 450)	testing
4	th	m	19	1	diamond	red	dif	vert	up	(800, 618)	(632, 450)	True	242022	242893	up	(800, 450)	testing
4	th	m	19	1	diamond	none	same	vert	up	N_dis	(800, 618)	True	244176	245100	up	(800, 450)	testing
4	th	m	19	1	diamond	none	same	vert	up	N_dis	(800, 618)	True	246299	247148	up	(800, 450)	testing
4	th	m	19	1	diamond	none	same	hori	left	N_dis	(968, 450)	True	248401	249372	left	(800, 450)	testing
4	th	m	19	1	circle	none	same	hori	left	N_dis	(681, 568)	True	250555	251581	left	(800, 450)	testing
4	th	m	19	1	circle	red	dif	hori	left	(681, 331)	(632, 450)	True	252857	253741	left	(800, 450)	testing
4	th	m	19	1	diamond	none	dif	hori	left	N_dis	(800, 618)	True	254864	256044	left	(800, 450)	testing
4	th	m	19	1	diamond	green	dif	vert	up	(681, 568)	(632, 450)	True	257234	258925	up	(800, 450)	testing
4	th	m	19	1	diamond	red	dif	hori	left	(681, 331)	(918, 568)	True	260190	262124	left	(800, 450)	testing
4	th	m	19	1	diamond	green	same	vert	up	(681, 331)	(800, 618)	True	263345	264172	up	(800, 450)	testing
4	th	m	19	1	circle	none	dif	vert	up	N_dis	(681, 568)	True	265226	266076	up	(800, 450)	testing
4	th	m	19	1	circle	green	same	vert	up	(681, 331)	(918, 568)	True	267133	268268	up	(800, 450)	testing
4	th	m	19	1	circle	green	dif	vert	up	(918, 331)	(918, 568)	True	269431	270413	up	(800, 450)	testing
4	th	m	19	1	circle	red	dif	vert	up	(918, 331)	(681, 568)	True	271626	272765	up	(800, 450)	testing
4	th	m	19	1	diamond	red	same	hori	left	(681, 331)	(632, 450)	True	273915	275421	left	(800, 450)	testing
4	th	m	19	1	diamond	green	same	hori	left	(681, 331)	(968, 450)	True	276497	277356	left	(800, 450)	testing
4	th	m	19	1	diamond	red	same	vert	up	(681, 331)	(800, 618)	True	278634	279549	up	(800, 450)	testing
4	th	m	19	1	diamond	red	same	vert	up	(681, 331)	(632, 450)	True	280611	281421	up	(800, 450)	testing
4	th	m	19	1	circle	none	same	vert	up	N_dis	(918, 568)	True	282503	284268	up	(800, 450)	testing
4	th	m	19	1	diamond	red	dif	vert	up	(681, 331)	(800, 618)	True	285379	286573	up	(800, 450)	testing
4	th	m	19	1	diamond	green	dif	vert	up	(681, 331)	(918, 568)	True	287784	288685	up	(800, 450)	testing
4	th	m	19	1	circle	none	dif	vert	up	N_dis	(681, 568)	True	289842	290973	up	(800, 450)	testing
4	th	m	19	1	circle	none	dif	vert	up	N_dis	(800, 618)	True	292153	293084	up	(800, 450)	testing
4	th	m	19	1	circle	green	same	hori	left	(632, 450)	(681, 568)	True	294327	296156	left	(800, 450)	testing
4	th	m	19	1	diamond	red	same	hori	left	(681, 331)	(968, 450)	True	297251	298397	left	(800, 450)	testing
4	th	m	19	1	diamond	green	same	vert	up	(681, 568)	(800, 282)	True	299665	301340	up	(800, 450)	testing
4	th	m	19	1	circle	none	same	vert	up	N_dis	(918, 568)	True	302411	304028	up	(800, 450)	testing
4	th	m	19	1	circle	red	same	vert	up	(681, 331)	(800, 618)	True	305233	306877	up	(800, 450)	testing
4	th	m	19	1	circle	red	same	hori	left	(681, 331)	(800, 282)	True	308135	309276	left	(800, 450)	testing
4	th	m	19	1	diamond	red	dif	vert	up	(800, 282)	(968, 450)	True	310491	311709	up	(800, 450)	testing
4	th	m	19	1	circle	green	dif	vert	up	(681, 568)	(968, 450)	True	312903	314364	up	(800, 450)	testing
4	th	m	19	1	diamond	none	dif	vert	up	N_dis	(681, 568)	True	315505	317757	up	(800, 450)	testing
4	th	m	19	1	circle	green	dif	hori	left	(681, 331)	(918, 568)	True	318856	320108	left	(800, 450)	testing
4	th	m	19	1	diamond	green	dif	vert	up	(681, 331)	(918, 568)	True	321201	322076	up	(800, 450)	testing
4	th	m	19	1	circle	red	same	vert	up	(681, 331)	(800, 618)	True	323189	324477	up	(800, 450)	testing
4	th	m	19	1	diamond	none	same	vert	up	N_dis	(918, 331)	True	325734	326765	up	(800, 450)	testing
4	th	m	19	1	diamond	red	same	vert	up	(681, 331)	(918, 568)	True	328000	328749	up	(800, 450)	testing
4	th	m	19	1	diamond	red	dif	vert	up	(681, 331)	(968, 450)	True	329970	331148	up	(800, 450)	testing
4	th	m	19	1	circle	red	same	hori	left	(632, 450)	(918, 331)	True	332387	333308	left	(800, 450)	testing
4	th	m	19	1	diamond	none	dif	hori	left	N_dis	(632, 450)	True	334418	335453	left	(800, 450)	testing
4	th	m	19	1	circle	green	same	vert	up	(800, 618)	(800, 282)	True	336516	337629	up	(800, 450)	testing
4	th	m	19	1	circle	red	dif	vert	up	(681, 331)	(800, 282)	True	338717	339757	up	(800, 450)	testing
4	th	m	19	1	diamond	none	same	vert	up	N_dis	(968, 450)	True	340808	341709	up	(800, 450)	testing
4	th	m	19	1	diamond	none	dif	hori	left	N_dis	(800, 282)	True	342900	343805	left	(800, 450)	testing
4	th	m	19	1	circle	red	dif	vert	up	(681, 331)	(681, 568)	True	345000	346076	up	(800, 450)	testing
4	th	m	19	1	circle	green	same	hori	left	(681, 331)	(918, 331)	True	347129	347917	left	(800, 450)	testing
4	th	m	19	1	diamond	red	same	vert	up	(800, 618)	(800, 282)	True	349121	350108	up	(800, 450)	testing
4	th	m	19	1	circle	red	dif	vert	up	(681, 331)	(918, 568)	True	351232	352300	up	(800, 450)	testing
4	th	m	19	1	circle	green	same	hori	left	(681, 331)	(800, 618)	True	353415	354268	left	(800, 450)	testing
4	th	m	19	1	circle	none	same	hori	left	N_dis	(632, 450)	True	355422	356172	left	(800, 450)	testing
4	th	m	19	1	diamond	none	dif	vert	up	N_dis	(918, 331)	True	357261	358348	up	(800, 450)	testing
4	th	m	19	1	diamond	none	dif	vert	up	N_dis	(918, 568)	True	359566	360669	left	(800, 450)	testing
4	th	m	19	1	circle	red	same	hori	left	(681, 331)	(968, 450)	True	363474	364573	left	(800, 450)	testing
4	th	m	19	1	circle	red	dif	hori	left	(681, 331)	(800, 282)	True	365805	366573	left	(800, 450)	testing
4	th	m	19	1	circle	red	same	vert	up	(681, 331)	(800, 282)	True	367617	369372	up	(800, 450)	testing
4	th	m	19	1	circle	none	dif	hori	left	N_dis	(681, 331)	True	370438	371308	left	(800, 450)	testing
4	th	m	19	1	diamond	green	dif	hori	left	(968, 450)	(918, 568)	True	372401	373340	up	(800, 450)	testing
4	th	m	19	1	circle	none	same	vert	up	N_dis	(800, 282)	True	376167	377052	up	(800, 450)	testing
4	th	m	19	1	circle	green	same	hori	left	(681, 331)	(681, 568)	True	378122	379308	left	(800, 450)	testing
4	th	m	19	1	diamond	red	dif	hori	left	(681, 331)	(918, 331)	True	380370	381421	left	(800, 450)	testing
4	th	m	19	1	circle	green	dif	vert	up	(632, 450)	(968, 450)	True	382566	383485	up	(800, 450)	testing
4	th	m	19	1	diamond	red	same	hori	left	(681, 331)	(800, 282)	True	384623	385533	left	(800, 450)	testing
4	th	m	19	1	diamond	none	dif	vert	up	N_dis	(918, 331)	True	386706	387533	up	(800, 450)	testing
4	th	m	19	1	diamond	green	same	vert	up	(681, 331)	(632, 450)	True	388629	389869	up	(800, 450)	testing
4	th	m	19	1	circle	red	dif	vert	up	(918, 568)	(681, 568)	True	390998	391949	left	(800, 450)	testing
4	th	m	19	1	diamond	none	same	vert	up	N_dis	(681, 331)	True	394614	395917	up	(800, 450)	testing
4	th	m	19	1	circle	none	same	hori	left	N_dis	(681, 331)	True	397074	398156	left	(800, 450)	testing
4	th	m	19	1	circle	green	dif	vert	up	(681, 331)	(632, 450)	True	399397	400557	up	(800, 450)	testing
4	th	m	19	1	circle	green	same	vert	up	(800, 282)	(918, 568)	True	401813	403100	up	(800, 450)	testing
4	th	m	19	1	circle	none	same	hori	left	N_dis	(800, 282)	True	404379	405517	left	(800, 450)	testing
4	th	m	19	1	diamond	none	same	hori	left	N_dis	(968, 450)	True	406681	408188	left	(800, 450)	testing
4	th	m	19	1	diamond	green	dif	hori	left	(681, 331)	(681, 568)	True	409243	410445	left	(800, 450)	testing
4	th	m	19	1	diamond	green	dif	hori	left	(968, 450)	(800, 282)	True	411730	412877	left	(800, 450)	testing
4	th	m	19	1	diamond	green	same	vert	up	(681, 331)	(681, 568)	True	414000	415276	up	(800, 450)	testing
4	th	m	19	1	circle	none	dif	hori	left	N_dis	(800, 618)	True	416505	417773	left	(800, 450)	testing
4	th	m	19	1	diamond	none	dif	vert	up	N_dis	(681, 568)	True	418931	420397	up	(800, 450)	testing
4	th	m	19	1	circle	green	same	vert	up	(968, 450)	(800, 618)	True	421524	422653	up	(800, 450)	testing
4	th	m	19	1	diamond	none	dif	hori	left	N_dis	(918, 331)	True	423928	424909	left	(800, 450)	testing
4	th	m	19	1	circle	none	dif	hori	left	N_dis	(681, 331)	True	426200	427116	left	(800, 450)	testing
4	th	m	19	1	circle	red	same	vert	up	(681, 331)	(918, 331)	True	428325	429276	up	(800, 450)	testing
4	th	m	19	1	circle	green	dif	hori	left	(681, 331)	(918, 331)	True	430363	431228	left	(800, 450)	testing
4	th	m	19	1	diamond	green	same	hori	left	(800, 282)	(918, 568)	True	432286	433661	left	(800, 450)	testing
4	th	m	19	1	diamond	none	dif	hori	left	N_dis	(968, 450)	True	434813	435965	left	(800, 450)	testing
4	th	m	19	1	diamond	none	same	hori	left	N_dis	(800, 282)	True	437161	438092	left	(800, 450)	testing
4	th	m	19	1	circle	red	dif	hori	left	(681, 331)	(632, 450)	True	439281	440092	left	(800, 450)	testing
4	th	m	19	1	circle	none	dif	vert	up	N_dis	(918, 568)	True	441384	442348	up	(800, 450)	testing
4	th	m	19	1	circle	green	same	vert	up	(681, 331)	(918, 568)	True	443547	444316	up	(800, 450)	testing
4	th	m	19	1	circle	red	same	vert	up	(681, 331)	(918, 568)	True	445431	446044	up	(800, 450)	testing
4	th	m	19	1	diamond	green	dif	hori	left	(681, 331)	(918, 331)	True	447150	448284	left	(800, 450)	testing
4	th	m	19	1	circle	green	dif	hori	left	(681, 331)	(918, 331)	True	449473	450669	left	(800, 450)	testing
4	th	m	19	1	diamond	green	same	hori	left	(632, 450)	(968, 450)	True	451728	452477	left	(800, 450)	testing
4	th	m	19	1	diamond	red	dif	hori	left	(681, 331)	(681, 568)	True	453712	454573	left	(800, 450)	testing
4	th	m	19	1	diamond	red	dif	hori	left	(681, 331)	(800, 282)	True	455693	456605	left	(800, 450)	testing
4	th	m	19	1	circle	none	dif	vert	up	N_dis	(632, 450)	True	457836	459100	up	(800, 450)	testing
4	th	m	19	1	diamond	green	same	hori	left	(681, 568)	(918, 331)	True	460385	461356	left	(800, 450)	testing
4	th	m	19	1	circle	none	dif	hori	left	N_dis	(968, 450)	True	462511	463405	left	(800, 450)	testing
4	th	m	19	1	circle	red	dif	hori	left	(681, 331)	(918, 568)	True	464547	466236	left	(800, 450)	testing
4	th	m	19	1	diamond	red	dif	hori	left	(800, 282)	(918, 568)	True	467389	468893	left	(800, 450)	testing
4	th	m	19	1	circle	red	dif	hori	left	(681, 331)	(968, 450)	True	469987	470813	left	(800, 450)	testing
4	th	m	19	1	diamond	red	same	hori	left	(681, 331)	(681, 568)	True	472019	472973	left	(800, 450)	testing
4	th	m	19	1	circle	none	dif	hori	left	N_dis	(918, 331)	True	474084	474829	left	(800, 450)	testing
4	th	m	19	1	circle	green	dif	hori	left	(681, 331)	(632, 450)	True	475993	477068	up	(800, 450)	testing
4	th	m	19	1	diamond	red	same	vert	up	(800, 618)	(918, 331)	True	479860	481292	up	(800, 450)	testing
