subj	name	gender	age	runNum	shape	dist	td_dif	resp	resp_key	d_loc	t_loc	gotKey	startTime	respTime	resp	fix_loc	prac
4	th	m	19	6	diamond	green	same	hori	left	(800, 618)	(800, 282)	True	15650	16349	left	(800, 450)	testing
4	th	m	19	6	diamond	green	dif	vert	up	(800, 618)	(681, 568)	True	17395	18477	up	(800, 450)	testing
4	th	m	19	6	circle	green	same	hori	left	(681, 331)	(681, 568)	True	19679	20589	left	(800, 450)	testing
4	th	m	19	6	diamond	red	dif	vert	up	(800, 618)	(632, 450)	True	21683	22429	up	(800, 450)	testing
4	th	m	19	6	circle	none	same	vert	up	N_dis	(800, 282)	True	23679	24397	up	(800, 450)	testing
4	th	m	19	6	diamond	green	dif	vert	up	(681, 568)	(681, 331)	True	25520	26413	left	(800, 450)	testing
4	th	m	19	6	diamond	green	same	vert	up	(800, 618)	(918, 568)	True	29218	30173	up	(800, 450)	testing
4	th	m	19	6	circle	none	same	hori	left	N_dis	(681, 331)	True	31449	32589	left	(800, 450)	testing
4	th	m	19	6	diamond	red	dif	vert	up	(800, 618)	(681, 331)	True	33829	35053	up	(800, 450)	testing
4	th	m	19	6	circle	red	dif	hori	left	(800, 618)	(918, 568)	True	36337	37197	left	(800, 450)	testing
4	th	m	19	6	circle	red	same	vert	up	(968, 450)	(632, 450)	True	38375	39405	up	(800, 450)	testing
4	th	m	19	6	diamond	none	dif	vert	up	N_dis	(681, 568)	True	40530	41549	up	(800, 450)	testing
4	th	m	19	6	diamond	red	same	hori	left	(800, 618)	(681, 331)	True	42759	43453	left	(800, 450)	testing
4	th	m	19	6	diamond	red	same	hori	left	(918, 568)	(918, 331)	True	44585	45277	left	(800, 450)	testing
4	th	m	19	6	diamond	green	dif	vert	up	(800, 618)	(968, 450)	True	46373	47133	up	(800, 450)	testing
4	th	m	19	6	circle	none	same	vert	up	N_dis	(918, 331)	True	48243	49325	up	(800, 450)	testing
4	th	m	19	6	diamond	green	same	hori	left	(800, 618)	(968, 450)	True	50447	51197	left	(800, 450)	testing
4	th	m	19	6	diamond	red	same	vert	up	(968, 450)	(918, 568)	True	52480	53677	up	(800, 450)	testing
4	th	m	19	6	circle	red	dif	hori	left	(800, 618)	(918, 568)	True	54783	55886	left	(800, 450)	testing
4	th	m	19	6	circle	green	dif	hori	left	(800, 618)	(681, 568)	True	57077	58077	left	(800, 450)	testing
4	th	m	19	6	circle	none	same	vert	up	N_dis	(918, 568)	True	59166	59870	up	(800, 450)	testing
4	th	m	19	6	circle	none	same	vert	up	N_dis	(918, 568)	True	61106	62109	up	(800, 450)	testing
4	th	m	19	6	circle	red	same	hori	left	(681, 331)	(918, 568)	True	63277	64157	left	(800, 450)	testing
4	th	m	19	6	diamond	none	same	vert	up	N_dis	(632, 450)	True	65377	66317	up	(800, 450)	testing
4	th	m	19	6	circle	green	same	hori	left	(800, 618)	(632, 450)	True	67542	68349	left	(800, 450)	testing
4	th	m	19	6	diamond	none	dif	hori	left	N_dis	(681, 568)	True	69401	70397	left	(800, 450)	testing
4	th	m	19	6	diamond	green	same	hori	left	(800, 618)	(681, 568)	True	71508	72189	left	(800, 450)	testing
4	th	m	19	6	diamond	green	same	hori	left	(800, 618)	(632, 450)	True	73314	73918	left	(800, 450)	testing
4	th	m	19	6	diamond	red	dif	hori	left	(800, 618)	(918, 568)	True	75064	75838	left	(800, 450)	testing
4	th	m	19	6	diamond	red	same	vert	up	(918, 568)	(632, 450)	True	77125	77838	up	(800, 450)	testing
4	th	m	19	6	circle	red	dif	vert	up	(800, 618)	(681, 568)	True	79090	80413	up	(800, 450)	testing
4	th	m	19	6	diamond	red	dif	hori	left	(800, 618)	(632, 450)	True	81471	82333	left	(800, 450)	testing
4	th	m	19	6	diamond	none	dif	vert	up	N_dis	(681, 568)	True	83588	84461	up	(800, 450)	testing
4	th	m	19	6	diamond	green	dif	hori	left	(800, 618)	(968, 450)	True	85553	86221	left	(800, 450)	testing
4	th	m	19	6	circle	green	same	vert	up	(800, 618)	(681, 331)	True	87509	88269	up	(800, 450)	testing
4	th	m	19	6	diamond	red	same	vert	up	(800, 618)	(632, 450)	True	89434	90221	up	(800, 450)	testing
4	th	m	19	6	circle	none	dif	vert	up	N_dis	(918, 331)	True	91301	92285	up	(800, 450)	testing
4	th	m	19	6	circle	none	dif	vert	up	N_dis	(632, 450)	True	93329	94109	up	(800, 450)	testing
4	th	m	19	6	diamond	red	dif	hori	left	(968, 450)	(918, 331)	True	95326	96285	left	(800, 450)	testing
4	th	m	19	6	circle	none	dif	vert	up	N_dis	(918, 568)	True	97574	98702	up	(800, 450)	testing
4	th	m	19	6	diamond	none	same	vert	up	N_dis	(800, 282)	True	99953	100814	up	(800, 450)	testing
4	th	m	19	6	circle	red	dif	vert	up	(800, 282)	(918, 568)	True	101980	102958	up	(800, 450)	testing
4	th	m	19	6	circle	green	dif	vert	up	(800, 618)	(681, 331)	True	104054	104766	up	(800, 450)	testing
4	th	m	19	6	circle	red	dif	vert	up	(632, 450)	(681, 331)	True	105838	106573	up	(800, 450)	testing
4	th	m	19	6	circle	green	dif	hori	left	(800, 618)	(681, 331)	True	107852	108814	left	(800, 450)	testing
4	th	m	19	6	circle	red	same	hori	left	(800, 618)	(800, 282)	True	109889	110573	left	(800, 450)	testing
4	th	m	19	6	diamond	green	same	vert	up	(800, 618)	(800, 282)	True	111802	112990	up	(800, 450)	testing
4	th	m	19	6	circle	green	same	vert	up	(800, 618)	(800, 282)	True	114036	114718	up	(800, 450)	testing
4	th	m	19	6	circle	red	same	hori	left	(918, 331)	(632, 450)	True	115878	116846	left	(800, 450)	testing
4	th	m	19	6	circle	none	dif	hori	left	N_dis	(918, 568)	True	118032	118974	left	(800, 450)	testing
4	th	m	19	6	circle	green	same	hori	left	(800, 618)	(918, 331)	True	120219	120846	left	(800, 450)	testing
4	th	m	19	6	circle	green	dif	vert	up	(800, 618)	(800, 282)	True	122072	122782	up	(800, 450)	testing
4	th	m	19	6	circle	none	same	hori	left	N_dis	(968, 450)	True	124001	124653	left	(800, 450)	testing
4	th	m	19	6	circle	green	dif	hori	left	(681, 568)	(681, 331)	True	125724	126445	left	(800, 450)	testing
4	th	m	19	6	circle	green	dif	vert	up	(681, 568)	(632, 450)	True	127696	128477	up	(800, 450)	testing
4	th	m	19	6	diamond	none	same	hori	left	N_dis	(968, 450)	True	129695	130557	left	(800, 450)	testing
4	th	m	19	6	diamond	none	same	hori	left	N_dis	(918, 568)	True	131750	132702	left	(800, 450)	testing
4	th	m	19	6	circle	none	same	hori	left	N_dis	(968, 450)	True	133811	135117	left	(800, 450)	testing
4	th	m	19	6	circle	green	same	hori	left	(632, 450)	(918, 331)	True	136378	137181	left	(800, 450)	testing
4	th	m	19	6	diamond	red	dif	hori	left	(800, 618)	(918, 331)	True	138225	138958	left	(800, 450)	testing
4	th	m	19	6	diamond	none	dif	vert	up	N_dis	(800, 618)	True	140146	141101	up	(800, 450)	testing
4	th	m	19	6	diamond	green	same	vert	up	(918, 568)	(918, 331)	True	142157	143133	up	(800, 450)	testing
4	th	m	19	6	circle	red	same	hori	left	(800, 618)	(800, 282)	True	144316	145581	left	(800, 450)	testing
4	th	m	19	6	circle	green	dif	hori	left	(800, 618)	(681, 331)	True	146719	148125	left	(800, 450)	testing
4	th	m	19	6	circle	none	dif	hori	left	N_dis	(681, 568)	True	149236	150013	left	(800, 450)	testing
4	th	m	19	6	diamond	red	same	hori	left	(800, 282)	(918, 568)	True	151299	152173	left	(800, 450)	testing
4	th	m	19	6	diamond	green	same	hori	left	(800, 618)	(800, 282)	True	153378	154093	left	(800, 450)	testing
4	th	m	19	6	diamond	red	dif	vert	up	(800, 618)	(681, 568)	True	155153	156461	up	(800, 450)	testing
4	th	m	19	6	diamond	green	dif	vert	up	(918, 331)	(918, 568)	True	157726	158605	up	(800, 450)	testing
4	th	m	19	6	diamond	none	same	hori	left	N_dis	(800, 618)	True	159728	160686	left	(800, 450)	testing
4	th	m	19	6	circle	none	same	hori	left	N_dis	(632, 450)	True	161743	162798	left	(800, 450)	testing
4	th	m	19	6	circle	none	dif	vert	up	N_dis	(800, 618)	True	164037	164910	up	(800, 450)	testing
4	th	m	19	6	circle	green	same	vert	up	(918, 331)	(681, 568)	True	165984	166782	up	(800, 450)	testing
4	th	m	19	6	circle	red	dif	hori	left	(800, 618)	(800, 282)	True	168017	168750	left	(800, 450)	testing
4	th	m	19	6	circle	red	same	vert	up	(800, 618)	(918, 331)	True	169850	171149	up	(800, 450)	testing
4	th	m	19	6	circle	red	same	hori	left	(800, 618)	(918, 568)	True	172331	173870	left	(800, 450)	testing
4	th	m	19	6	diamond	none	dif	vert	up	N_dis	(918, 331)	True	175111	175886	up	(800, 450)	testing
4	th	m	19	6	circle	none	dif	vert	up	N_dis	(632, 450)	True	177116	177838	up	(800, 450)	testing
4	th	m	19	6	circle	green	dif	vert	up	(632, 450)	(681, 568)	True	179066	180077	up	(800, 450)	testing
4	th	m	19	6	circle	green	same	hori	left	(918, 331)	(968, 450)	True	181350	182093	left	(800, 450)	testing
4	th	m	19	6	diamond	none	same	hori	left	N_dis	(681, 568)	True	183149	184013	left	(800, 450)	testing
4	th	m	19	6	circle	red	same	vert	up	(800, 618)	(918, 568)	True	185282	186589	up	(800, 450)	testing
4	th	m	19	6	diamond	none	same	vert	up	N_dis	(918, 331)	True	187771	188445	up	(800, 450)	testing
4	th	m	19	6	diamond	green	dif	hori	left	(632, 450)	(918, 331)	True	189496	190493	left	(800, 450)	testing
4	th	m	19	6	circle	green	dif	vert	up	(800, 618)	(681, 568)	True	191630	192686	up	(800, 450)	testing
4	th	m	19	6	diamond	green	same	vert	up	(800, 618)	(918, 331)	True	193763	194718	up	(800, 450)	testing
4	th	m	19	6	diamond	green	dif	hori	left	(681, 331)	(968, 450)	True	195963	196862	left	(800, 450)	testing
4	th	m	19	6	circle	none	same	hori	left	N_dis	(800, 618)	True	198041	199021	left	(800, 450)	testing
4	th	m	19	6	circle	none	dif	hori	left	N_dis	(681, 331)	True	200108	200910	left	(800, 450)	testing
4	th	m	19	6	diamond	none	dif	hori	left	N_dis	(800, 282)	True	202201	203453	left	(800, 450)	testing
4	th	m	19	6	diamond	none	same	vert	up	N_dis	(800, 282)	True	204744	205485	up	(800, 450)	testing
4	th	m	19	6	circle	red	same	vert	up	(800, 618)	(632, 450)	True	206532	207710	up	(800, 450)	testing
4	th	m	19	6	circle	red	dif	hori	left	(681, 331)	(918, 331)	True	208861	209613	left	(800, 450)	testing
4	th	m	19	6	circle	red	dif	vert	up	(800, 618)	(800, 282)	True	210682	211373	up	(800, 450)	testing
4	th	m	19	6	circle	red	same	vert	up	(800, 282)	(918, 568)	True	212645	213549	up	(800, 450)	testing
4	th	m	19	6	circle	red	dif	vert	up	(800, 618)	(918, 331)	True	214801	215517	up	(800, 450)	testing
4	th	m	19	6	circle	none	same	vert	up	N_dis	(918, 331)	True	216735	217357	up	(800, 450)	testing
4	th	m	19	6	circle	green	dif	hori	left	(800, 618)	(632, 450)	True	218417	219341	left	(800, 450)	testing
4	th	m	19	6	circle	none	dif	hori	left	N_dis	(632, 450)	True	220398	221341	left	(800, 450)	testing
4	th	m	19	6	diamond	green	same	vert	up	(800, 618)	(918, 331)	True	222453	223293	up	(800, 450)	testing
4	th	m	19	6	diamond	red	same	vert	up	(800, 618)	(800, 282)	True	224409	225021	up	(800, 450)	testing
4	th	m	19	6	diamond	green	dif	vert	up	(800, 618)	(681, 568)	True	226166	227101	up	(800, 450)	testing
4	th	m	19	6	diamond	green	dif	hori	left	(681, 568)	(918, 331)	True	228274	229005	left	(800, 450)	testing
4	th	m	19	6	diamond	none	dif	hori	left	N_dis	(681, 331)	True	230290	231213	left	(800, 450)	testing
4	th	m	19	6	circle	green	same	vert	up	(918, 568)	(918, 331)	True	232413	233149	left	(800, 450)	testing
4	th	m	19	6	circle	none	dif	hori	left	N_dis	(681, 331)	True	235763	237421	left	(800, 450)	testing
4	th	m	19	6	diamond	green	dif	hori	left	(800, 282)	(632, 450)	True	238620	239453	left	(800, 450)	testing
4	th	m	19	6	diamond	red	same	hori	left	(968, 450)	(681, 568)	True	240713	241677	left	(800, 450)	testing
4	th	m	19	6	diamond	red	dif	vert	up	(800, 618)	(968, 450)	True	242889	243661	up	(800, 450)	testing
4	th	m	19	6	diamond	none	dif	hori	left	N_dis	(968, 450)	True	244911	245677	left	(800, 450)	testing
4	th	m	19	6	diamond	red	same	hori	left	(800, 618)	(681, 331)	True	246729	247485	left	(800, 450)	testing
4	th	m	19	6	diamond	none	dif	hori	left	N_dis	(968, 450)	True	248731	249437	left	(800, 450)	testing
4	th	m	19	6	diamond	red	dif	hori	left	(800, 618)	(918, 568)	True	250718	251517	left	(800, 450)	testing
4	th	m	19	6	circle	red	dif	hori	left	(800, 618)	(968, 450)	True	252716	253710	left	(800, 450)	testing
4	th	m	19	6	diamond	none	same	vert	up	N_dis	(800, 618)	True	254934	256077	up	(800, 450)	testing
4	th	m	19	6	diamond	red	same	vert	up	(800, 618)	(968, 450)	True	257250	257998	up	(800, 450)	testing
4	th	m	19	6	circle	green	same	vert	up	(800, 618)	(918, 331)	True	259203	260141	up	(800, 450)	testing
4	th	m	19	6	diamond	none	dif	vert	up	N_dis	(800, 282)	True	261218	261950	up	(800, 450)	testing
4	th	m	19	6	diamond	none	same	hori	left	N_dis	(681, 331)	True	263077	264862	left	(800, 450)	testing
4	th	m	19	6	diamond	red	dif	vert	up	(800, 618)	(968, 450)	True	266013	267373	up	(800, 450)	testing
