subj	name	gender	age	runNum	shape	dist	td_dif	resp	resp_key	d_loc	t_loc	gotKey	startTime	respTime	resp	fix_loc	prac
4	th	m	19	9	circle	green	same	vert	up	(681, 331)	(681, 568)	True	6385	7565	up	(800, 450)	testing
4	th	m	19	9	circle	green	dif	vert	up	(918, 331)	(918, 568)	True	8817	9725	up	(800, 450)	testing
4	th	m	19	9	diamond	green	same	hori	left	(918, 331)	(681, 568)	True	10813	11853	left	(800, 450)	testing
4	th	m	19	9	circle	green	same	vert	up	(918, 331)	(632, 450)	True	13087	13901	up	(800, 450)	testing
4	th	m	19	9	circle	red	dif	hori	left	(918, 331)	(800, 618)	True	14982	15853	left	(800, 450)	testing
4	th	m	19	9	circle	none	dif	vert	up	N_dis	(918, 331)	True	16995	17757	up	(800, 450)	testing
4	th	m	19	9	diamond	green	dif	hori	left	(918, 331)	(918, 568)	True	18947	19805	left	(800, 450)	testing
4	th	m	19	9	diamond	red	dif	vert	up	(918, 331)	(632, 450)	True	21037	21693	up	(800, 450)	testing
4	th	m	19	9	diamond	green	dif	vert	up	(918, 331)	(800, 618)	True	22811	23613	up	(800, 450)	testing
4	th	m	19	9	circle	none	dif	hori	left	N_dis	(681, 331)	True	24770	25533	left	(800, 450)	testing
4	th	m	19	9	diamond	none	dif	hori	left	N_dis	(800, 282)	True	26694	27645	left	(800, 450)	testing
4	th	m	19	9	circle	green	dif	vert	up	(918, 331)	(968, 450)	True	28898	30028	up	(800, 450)	testing
4	th	m	19	9	circle	green	dif	hori	left	(918, 331)	(968, 450)	True	31124	32108	left	(800, 450)	testing
4	th	m	19	9	diamond	green	dif	hori	left	(918, 331)	(918, 568)	True	33391	34108	left	(800, 450)	testing
4	th	m	19	9	circle	red	same	vert	up	(681, 568)	(918, 568)	True	35169	36381	up	(800, 450)	testing
4	th	m	19	9	diamond	green	same	hori	left	(918, 331)	(918, 568)	True	37540	38493	left	(800, 450)	testing
4	th	m	19	9	circle	none	dif	hori	left	N_dis	(800, 618)	True	39607	40509	left	(800, 450)	testing
4	th	m	19	9	diamond	green	same	hori	left	(918, 331)	(800, 282)	True	41637	42557	left	(800, 450)	testing
4	th	m	19	9	diamond	none	same	hori	left	N_dis	(918, 331)	True	43810	44573	up	(800, 450)	testing
4	th	m	19	9	circle	none	dif	vert	up	N_dis	(632, 450)	True	47178	48044	up	(800, 450)	testing
4	th	m	19	9	circle	none	dif	vert	up	N_dis	(681, 568)	True	49098	50028	up	(800, 450)	testing
4	th	m	19	9	circle	green	same	hori	left	(918, 331)	(681, 331)	True	51187	52140	left	(800, 450)	testing
4	th	m	19	9	circle	red	same	hori	left	(918, 331)	(681, 568)	True	53368	54429	left	(800, 450)	testing
4	th	m	19	9	circle	red	dif	hori	left	(918, 331)	(681, 568)	True	55555	56188	left	(800, 450)	testing
4	th	m	19	9	diamond	green	dif	hori	left	(918, 331)	(681, 331)	True	57235	58028	left	(800, 450)	testing
4	th	m	19	9	circle	green	same	hori	left	(681, 331)	(681, 568)	True	59199	60044	left	(800, 450)	testing
4	th	m	19	9	circle	none	same	vert	up	N_dis	(918, 331)	True	61156	61933	up	(800, 450)	testing
4	th	m	19	9	diamond	red	same	hori	left	(918, 331)	(800, 282)	True	63062	64252	left	(800, 450)	testing
4	th	m	19	9	circle	none	dif	hori	left	N_dis	(918, 568)	True	65396	66973	left	(800, 450)	testing
4	th	m	19	9	diamond	green	same	vert	up	(918, 331)	(800, 282)	True	68072	69100	up	(800, 450)	testing
4	th	m	19	9	diamond	none	same	hori	left	N_dis	(800, 282)	True	70188	71260	left	(800, 450)	testing
4	th	m	19	9	diamond	red	same	vert	up	(681, 568)	(918, 568)	True	72371	73293	up	(800, 450)	testing
4	th	m	19	9	diamond	none	same	hori	left	N_dis	(800, 282)	True	74432	75116	left	(800, 450)	testing
4	th	m	19	9	circle	none	dif	vert	up	N_dis	(968, 450)	True	76352	77405	up	(800, 450)	testing
4	th	m	19	9	circle	red	dif	vert	up	(968, 450)	(681, 331)	True	78527	79501	up	(800, 450)	testing
4	th	m	19	9	circle	green	same	hori	left	(918, 331)	(968, 450)	True	80621	81357	left	(800, 450)	testing
4	th	m	19	9	diamond	none	same	vert	up	N_dis	(968, 450)	True	82527	83260	up	(800, 450)	testing
4	th	m	19	9	circle	red	dif	hori	left	(918, 331)	(968, 450)	True	84344	84973	left	(800, 450)	testing
4	th	m	19	9	circle	green	dif	hori	left	(918, 331)	(968, 450)	True	86121	87533	left	(800, 450)	testing
4	th	m	19	9	diamond	red	same	vert	up	(918, 331)	(681, 568)	True	88598	89981	up	(800, 450)	testing
4	th	m	19	9	circle	red	same	hori	left	(918, 331)	(800, 618)	True	91038	92220	left	(800, 450)	testing
4	th	m	19	9	diamond	none	dif	hori	left	N_dis	(968, 450)	True	93424	94589	left	(800, 450)	testing
4	th	m	19	9	circle	none	same	vert	up	N_dis	(681, 568)	True	95723	98140	up	(800, 450)	testing
4	th	m	19	9	diamond	red	dif	vert	up	(918, 331)	(918, 568)	True	99298	100124	up	(800, 450)	testing
4	th	m	19	9	diamond	none	dif	vert	up	N_dis	(800, 282)	True	101313	102012	up	(800, 450)	testing
4	th	m	19	9	circle	red	same	hori	left	(918, 331)	(800, 618)	True	103062	104044	left	(800, 450)	testing
4	th	m	19	9	circle	red	dif	vert	up	(968, 450)	(800, 618)	True	105218	106204	up	(800, 450)	testing
4	th	m	19	9	circle	green	same	vert	up	(918, 331)	(632, 450)	True	107343	108429	up	(800, 450)	testing
4	th	m	19	9	circle	green	dif	vert	up	(918, 331)	(800, 618)	True	109544	110349	up	(800, 450)	testing
4	th	m	19	9	circle	none	same	hori	left	N_dis	(918, 331)	True	111572	112252	left	(800, 450)	testing
4	th	m	19	9	diamond	red	same	hori	left	(800, 618)	(800, 282)	True	113294	114621	left	(800, 450)	testing
4	th	m	19	9	diamond	red	dif	hori	left	(918, 331)	(681, 331)	True	115730	116637	left	(800, 450)	testing
4	th	m	19	9	circle	green	same	vert	up	(918, 331)	(918, 568)	True	117825	119100	up	(800, 450)	testing
4	th	m	19	9	circle	red	dif	vert	up	(632, 450)	(800, 282)	True	120290	121004	up	(800, 450)	testing
4	th	m	19	9	diamond	green	dif	vert	up	(918, 331)	(681, 568)	True	122207	123773	up	(800, 450)	testing
4	th	m	19	9	diamond	none	dif	vert	up	N_dis	(800, 618)	True	125059	125917	up	(800, 450)	testing
4	th	m	19	9	diamond	none	same	vert	up	N_dis	(968, 450)	True	127019	128124	up	(800, 450)	testing
4	th	m	19	9	diamond	green	same	vert	up	(632, 450)	(800, 282)	True	129388	130156	up	(800, 450)	testing
4	th	m	19	9	diamond	red	same	vert	up	(918, 331)	(918, 568)	True	131281	132220	up	(800, 450)	testing
4	th	m	19	9	diamond	red	dif	hori	left	(800, 618)	(800, 282)	True	133424	134076	left	(800, 450)	testing
4	th	m	19	9	diamond	none	same	vert	up	N_dis	(918, 568)	True	135319	136060	up	(800, 450)	testing
4	th	m	19	9	circle	red	dif	vert	up	(918, 331)	(632, 450)	True	137335	138140	up	(800, 450)	testing
4	th	m	19	9	circle	red	dif	hori	left	(681, 568)	(632, 450)	True	139208	140589	left	(800, 450)	testing
4	th	m	19	9	diamond	green	same	vert	up	(800, 282)	(968, 450)	True	141741	142621	up	(800, 450)	testing
4	th	m	19	9	circle	none	same	hori	left	N_dis	(632, 450)	True	143669	144605	left	(800, 450)	testing
4	th	m	19	9	diamond	red	same	hori	left	(918, 331)	(681, 331)	True	145872	146797	left	(800, 450)	testing
4	th	m	19	9	diamond	red	dif	hori	left	(681, 331)	(632, 450)	True	147841	149100	left	(800, 450)	testing
4	th	m	19	9	diamond	red	same	vert	up	(918, 331)	(632, 450)	True	150144	151052	up	(800, 450)	testing
4	th	m	19	9	diamond	green	dif	vert	up	(918, 331)	(681, 568)	True	152268	153212	up	(800, 450)	testing
4	th	m	19	9	diamond	red	dif	vert	up	(918, 331)	(968, 450)	True	154377	155148	up	(800, 450)	testing
4	th	m	19	9	diamond	red	dif	vert	up	(800, 618)	(681, 568)	True	156266	156925	up	(800, 450)	testing
4	th	m	19	9	circle	green	same	hori	left	(800, 282)	(800, 618)	True	158213	159949	left	(800, 450)	testing
4	th	m	19	9	diamond	green	same	vert	up	(918, 331)	(681, 568)	True	161205	162509	up	(800, 450)	testing
4	th	m	19	9	circle	red	same	vert	up	(918, 331)	(968, 450)	True	163611	165164	up	(800, 450)	testing
4	th	m	19	9	diamond	none	same	vert	up	N_dis	(681, 568)	True	166220	167212	up	(800, 450)	testing
4	th	m	19	9	circle	red	same	vert	up	(918, 331)	(681, 568)	True	168402	170268	left	(800, 450)	testing
4	th	m	19	9	circle	red	same	vert	up	(918, 331)	(800, 282)	True	172934	173741	up	(800, 450)	testing
4	th	m	19	9	diamond	red	dif	hori	left	(918, 331)	(800, 282)	True	174965	175677	left	(800, 450)	testing
4	th	m	19	9	diamond	green	dif	hori	left	(918, 331)	(681, 331)	True	176867	177693	left	(800, 450)	testing
4	th	m	19	9	circle	none	same	hori	left	N_dis	(632, 450)	True	178763	179565	left	(800, 450)	testing
4	th	m	19	9	diamond	red	same	vert	up	(632, 450)	(681, 331)	True	180729	181917	up	(800, 450)	testing
4	th	m	19	9	circle	none	same	vert	up	N_dis	(800, 618)	True	183040	183949	up	(800, 450)	testing
4	th	m	19	9	diamond	none	dif	hori	left	N_dis	(968, 450)	True	184999	185677	left	(800, 450)	testing
4	th	m	19	9	circle	red	same	hori	left	(800, 282)	(968, 450)	True	186950	187773	left	(800, 450)	testing
4	th	m	19	9	circle	red	same	vert	up	(918, 568)	(968, 450)	True	188906	189805	up	(800, 450)	testing
4	th	m	19	9	circle	red	dif	hori	left	(918, 331)	(632, 450)	True	191014	191741	left	(800, 450)	testing
4	th	m	19	9	circle	green	dif	hori	left	(918, 331)	(800, 618)	True	192940	193789	left	(800, 450)	testing
4	th	m	19	9	diamond	green	dif	vert	up	(918, 331)	(681, 331)	True	195002	196188	up	(800, 450)	testing
4	th	m	19	9	diamond	none	dif	hori	left	N_dis	(681, 331)	True	197370	198188	left	(800, 450)	testing
4	th	m	19	9	diamond	red	dif	hori	left	(681, 568)	(681, 331)	True	199283	200140	left	(800, 450)	testing
4	th	m	19	9	diamond	none	same	vert	up	N_dis	(681, 331)	True	201398	202140	up	(800, 450)	testing
4	th	m	19	9	circle	red	dif	vert	up	(968, 450)	(681, 568)	True	203394	204429	up	(800, 450)	testing
4	th	m	19	9	circle	green	dif	vert	up	(968, 450)	(681, 331)	True	205490	206220	up	(800, 450)	testing
4	th	m	19	9	circle	green	same	hori	left	(918, 331)	(632, 450)	True	207271	207997	left	(800, 450)	testing
4	th	m	19	9	circle	green	dif	hori	left	(918, 331)	(681, 331)	True	209261	209901	left	(800, 450)	testing
4	th	m	19	9	circle	green	dif	hori	left	(632, 450)	(918, 568)	True	211043	212156	left	(800, 450)	testing
4	th	m	19	9	circle	none	same	hori	left	N_dis	(918, 331)	True	213439	214060	left	(800, 450)	testing
4	th	m	19	9	diamond	red	same	hori	left	(800, 618)	(632, 450)	True	215301	216172	left	(800, 450)	testing
4	th	m	19	9	diamond	red	dif	vert	up	(918, 331)	(800, 282)	True	217428	218220	up	(800, 450)	testing
4	th	m	19	9	circle	none	same	vert	up	N_dis	(632, 450)	True	219284	220316	up	(800, 450)	testing
4	th	m	19	9	diamond	green	dif	hori	left	(918, 568)	(632, 450)	True	221490	222349	left	(800, 450)	testing
4	th	m	19	9	circle	red	same	hori	left	(918, 331)	(800, 282)	True	223409	224398	left	(800, 450)	testing
4	th	m	19	9	circle	none	dif	hori	left	N_dis	(918, 568)	True	225471	226172	left	(800, 450)	testing
4	th	m	19	9	diamond	green	same	vert	up	(918, 568)	(800, 618)	True	227374	228605	up	(800, 450)	testing
4	th	m	19	9	circle	green	dif	vert	up	(800, 282)	(681, 568)	True	229892	230781	up	(800, 450)	testing
4	th	m	19	9	diamond	none	same	hori	left	N_dis	(800, 618)	True	231866	232717	left	(800, 450)	testing
4	th	m	19	9	diamond	red	same	hori	left	(918, 568)	(681, 331)	True	234007	234702	left	(800, 450)	testing
4	th	m	19	9	circle	none	dif	vert	up	N_dis	(632, 450)	True	235887	237100	up	(800, 450)	testing
4	th	m	19	9	diamond	none	dif	vert	up	N_dis	(800, 282)	True	238228	238989	up	(800, 450)	testing
4	th	m	19	9	diamond	green	same	hori	left	(681, 331)	(800, 282)	True	240050	241276	left	(800, 450)	testing
4	th	m	19	9	circle	none	same	hori	left	N_dis	(681, 331)	True	242405	243645	left	(800, 450)	testing
4	th	m	19	9	diamond	none	same	hori	left	N_dis	(800, 618)	True	244903	245965	left	(800, 450)	testing
4	th	m	19	9	diamond	green	dif	vert	up	(918, 331)	(681, 568)	True	247176	248028	up	(800, 450)	testing
4	th	m	19	9	circle	green	same	vert	up	(918, 331)	(681, 568)	True	249273	250124	up	(800, 450)	testing
4	th	m	19	9	diamond	green	same	hori	left	(918, 331)	(800, 618)	True	251342	252156	left	(800, 450)	testing
4	th	m	19	9	diamond	none	dif	hori	left	N_dis	(918, 568)	True	253349	254172	left	(800, 450)	testing
4	th	m	19	9	circle	none	dif	hori	left	N_dis	(681, 568)	True	255269	256669	left	(800, 450)	testing
4	th	m	19	9	circle	none	same	vert	up	N_dis	(681, 331)	True	257853	258573	up	(800, 450)	testing
4	th	m	19	9	diamond	none	dif	vert	up	N_dis	(918, 568)	True	259684	260477	up	(800, 450)	testing
4	th	m	19	9	diamond	none	dif	vert	up	N_dis	(681, 568)	True	261662	262445	up	(800, 450)	testing
