subj	name	gender	age	runNum	shape	dist	td_dif	resp	resp_key	d_loc	t_loc	gotKey	startTime	respTime	resp	fix_loc	prac
5	gq	f	21	7	diamond	red	same	vert	up	(512, 248)	(415, 480)	True	35151	36384	up	(512, 384)	testing
5	gq	f	21	7	diamond	red	dif	vert	up	(512, 248)	(608, 287)	True	37593	38423	up	(512, 384)	testing
5	gq	f	21	7	diamond	green	same	vert	up	(608, 287)	(648, 384)	True	39577	40466	up	(512, 384)	testing
5	gq	f	21	7	circle	none	dif	hori	left	N_dis	(415, 480)	True	41585	42322	left	(512, 384)	testing
5	gq	f	21	7	circle	none	same	vert	up	N_dis	(512, 520)	True	43443	44656	up	(512, 384)	testing
5	gq	f	21	7	diamond	red	dif	hori	left	(512, 520)	(376, 384)	True	45798	47628	left	(512, 384)	testing
5	gq	f	21	7	diamond	green	same	vert	up	(512, 248)	(608, 480)	True	48777	49941	up	(512, 384)	testing
5	gq	f	21	7	diamond	red	dif	hori	left	(512, 248)	(512, 520)	True	51161	51907	left	(512, 384)	testing
5	gq	f	21	7	diamond	green	dif	hori	left	(512, 248)	(376, 384)	True	53043	53860	left	(512, 384)	testing
5	gq	f	21	7	circle	green	dif	hori	left	(512, 248)	(512, 520)	True	54920	56242	left	(512, 384)	testing
5	gq	f	21	7	diamond	none	same	hori	left	N_dis	(608, 287)	True	57360	58609	left	(512, 384)	testing
5	gq	f	21	7	diamond	green	dif	hori	left	(415, 287)	(608, 287)	True	59848	60871	left	(512, 384)	testing
5	gq	f	21	7	circle	red	same	hori	left	(512, 248)	(608, 287)	True	61964	63272	left	(512, 384)	testing
5	gq	f	21	7	circle	green	same	vert	up	(512, 248)	(415, 287)	True	64422	65411	up	(512, 384)	testing
5	gq	f	21	7	circle	none	dif	vert	up	N_dis	(648, 384)	True	66490	67622	up	(512, 384)	testing
5	gq	f	21	7	diamond	none	dif	vert	up	N_dis	(512, 248)	True	68676	69832	up	(512, 384)	testing
5	gq	f	21	7	diamond	none	dif	hori	left	N_dis	(512, 248)	True	71056	71897	left	(512, 384)	testing
5	gq	f	21	7	diamond	red	dif	hori	left	(512, 248)	(512, 520)	True	73027	74193	left	(512, 384)	testing
5	gq	f	21	7	circle	red	dif	hori	left	(512, 248)	(608, 480)	True	75325	76357	left	(512, 384)	testing
5	gq	f	21	7	diamond	none	same	hori	left	N_dis	(648, 384)	True	77608	79380	left	(512, 384)	testing
5	gq	f	21	7	diamond	none	same	vert	up	N_dis	(512, 520)	True	80548	81605	up	(512, 384)	testing
5	gq	f	21	7	diamond	green	dif	vert	up	(512, 248)	(608, 287)	True	82642	83461	up	(512, 384)	testing
5	gq	f	21	7	diamond	red	dif	hori	left	(376, 384)	(415, 287)	True	84540	86248	left	(512, 384)	testing
5	gq	f	21	7	circle	red	same	hori	left	(512, 248)	(512, 520)	True	87361	88886	left	(512, 384)	testing
5	gq	f	21	7	circle	green	dif	vert	up	(512, 248)	(512, 520)	True	90101	91764	up	(512, 384)	testing
5	gq	f	21	7	diamond	none	dif	vert	up	N_dis	(415, 287)	True	92882	94128	up	(512, 384)	testing
5	gq	f	21	7	circle	red	same	vert	up	(512, 520)	(376, 384)	True	95267	96689	up	(512, 384)	testing
5	gq	f	21	7	diamond	red	dif	vert	up	(512, 248)	(648, 384)	True	97716	98805	up	(512, 384)	testing
5	gq	f	21	7	diamond	none	dif	vert	up	N_dis	(608, 287)	True	100068	101418	up	(512, 384)	testing
5	gq	f	21	7	diamond	red	dif	vert	up	(512, 248)	(512, 520)	True	102660	103606	up	(512, 384)	testing
5	gq	f	21	7	circle	green	dif	vert	up	(512, 248)	(648, 384)	True	104870	105997	up	(512, 384)	testing
5	gq	f	21	7	circle	red	same	vert	up	(648, 384)	(512, 520)	True	107268	109014	up	(512, 384)	testing
5	gq	f	21	7	circle	red	dif	vert	up	(608, 287)	(415, 287)	True	110041	111113	up	(512, 384)	testing
5	gq	f	21	7	circle	green	dif	hori	left	(512, 248)	(415, 287)	True	112326	113141	left	(512, 384)	testing
5	gq	f	21	7	diamond	red	same	vert	up	(415, 480)	(415, 287)	True	114175	115594	up	(512, 384)	testing
5	gq	f	21	7	circle	none	same	vert	up	N_dis	(512, 520)	True	116721	117824	up	(512, 384)	testing
5	gq	f	21	7	circle	green	same	hori	left	(608, 480)	(415, 480)	True	118950	119683	left	(512, 384)	testing
5	gq	f	21	7	circle	red	same	vert	up	(376, 384)	(608, 287)	True	120933	121657	up	(512, 384)	testing
5	gq	f	21	7	circle	none	dif	vert	up	N_dis	(415, 480)	True	122908	123731	up	(512, 384)	testing
5	gq	f	21	7	circle	green	same	vert	up	(415, 480)	(648, 384)	True	124937	125650	up	(512, 384)	testing
5	gq	f	21	7	circle	green	dif	vert	up	(512, 248)	(376, 384)	True	126748	127495	up	(512, 384)	testing
5	gq	f	21	7	circle	red	dif	hori	left	(376, 384)	(415, 480)	True	128745	130139	left	(512, 384)	testing
5	gq	f	21	7	diamond	none	dif	hori	left	N_dis	(376, 384)	True	131237	133306	left	(512, 384)	testing
5	gq	f	21	7	diamond	red	same	vert	up	(512, 248)	(415, 480)	True	134369	135745	up	(512, 384)	testing
5	gq	f	21	7	circle	none	same	hori	left	N_dis	(415, 287)	True	136875	138609	left	(512, 384)	testing
5	gq	f	21	7	circle	none	dif	hori	left	N_dis	(376, 384)	True	139766	141059	left	(512, 384)	testing
5	gq	f	21	7	circle	red	dif	vert	up	(415, 287)	(376, 384)	True	142178	143443	up	(512, 384)	testing
5	gq	f	21	7	circle	none	dif	hori	left	N_dis	(608, 480)	True	144644	145682	left	(512, 384)	testing
5	gq	f	21	7	diamond	red	same	hori	left	(512, 248)	(608, 480)	True	146775	147924	left	(512, 384)	testing
5	gq	f	21	7	circle	green	same	hori	left	(512, 248)	(376, 384)	True	149065	150147	left	(512, 384)	testing
5	gq	f	21	7	circle	red	same	hori	left	(415, 287)	(608, 287)	True	151264	152052	left	(512, 384)	testing
5	gq	f	21	7	diamond	red	same	vert	up	(512, 248)	(415, 480)	True	153082	153789	up	(512, 384)	testing
5	gq	f	21	7	diamond	green	dif	vert	up	(415, 480)	(608, 287)	True	155009	155984	up	(512, 384)	testing
5	gq	f	21	7	diamond	none	same	vert	up	N_dis	(608, 287)	True	157253	158629	up	(512, 384)	testing
5	gq	f	21	7	circle	green	same	vert	up	(512, 248)	(512, 520)	True	159831	161136	up	(512, 384)	testing
5	gq	f	21	7	circle	red	same	hori	left	(512, 520)	(648, 384)	True	162229	163304	left	(512, 384)	testing
5	gq	f	21	7	diamond	green	same	vert	up	(415, 287)	(512, 520)	True	164342	165278	up	(512, 384)	testing
5	gq	f	21	7	diamond	none	same	vert	up	N_dis	(415, 287)	True	166419	167389	up	(512, 384)	testing
5	gq	f	21	7	diamond	none	same	vert	up	N_dis	(415, 287)	True	168478	169220	up	(512, 384)	testing
5	gq	f	21	7	circle	green	same	hori	left	(512, 248)	(376, 384)	True	170353	171590	left	(512, 384)	testing
5	gq	f	21	7	circle	red	dif	hori	left	(648, 384)	(608, 287)	True	172774	173455	left	(512, 384)	testing
5	gq	f	21	7	diamond	green	dif	hori	left	(512, 248)	(648, 384)	True	174544	175540	left	(512, 384)	testing
5	gq	f	21	7	circle	none	dif	hori	left	N_dis	(608, 480)	True	176790	177583	left	(512, 384)	testing
5	gq	f	21	7	diamond	red	same	hori	left	(512, 248)	(512, 520)	True	178670	179374	left	(512, 384)	testing
5	gq	f	21	7	circle	none	same	hori	left	N_dis	(512, 248)	True	180427	181279	left	(512, 384)	testing
5	gq	f	21	7	circle	green	same	hori	left	(512, 248)	(648, 384)	True	182400	183136	left	(512, 384)	testing
5	gq	f	21	7	diamond	green	same	hori	left	(415, 480)	(608, 480)	True	184216	185675	left	(512, 384)	testing
5	gq	f	21	7	diamond	green	dif	hori	left	(512, 248)	(376, 384)	True	186817	187663	left	(512, 384)	testing
5	gq	f	21	7	diamond	green	dif	vert	up	(512, 248)	(415, 480)	True	188899	189673	up	(512, 384)	testing
5	gq	f	21	7	diamond	red	same	hori	left	(512, 248)	(415, 287)	True	190896	192400	left	(512, 384)	testing
5	gq	f	21	7	diamond	green	same	hori	left	(512, 248)	(608, 480)	True	193664	194597	left	(512, 384)	testing
5	gq	f	21	7	diamond	green	same	vert	up	(512, 248)	(608, 287)	True	195850	197223	up	(512, 384)	testing
5	gq	f	21	7	diamond	none	same	hori	left	N_dis	(608, 480)	True	198289	199217	left	(512, 384)	testing
5	gq	f	21	7	diamond	none	dif	vert	up	N_dis	(608, 480)	True	200482	201898	up	(512, 384)	testing
5	gq	f	21	7	circle	red	same	hori	left	(608, 287)	(648, 384)	True	202939	203969	left	(512, 384)	testing
5	gq	f	21	7	circle	red	dif	hori	left	(648, 384)	(608, 480)	True	205079	207111	left	(512, 384)	testing
5	gq	f	21	7	circle	green	dif	hori	left	(512, 520)	(376, 384)	True	208374	210254	left	(512, 384)	testing
5	gq	f	21	7	diamond	green	dif	vert	up	(512, 248)	(608, 480)	True	211515	212627	up	(512, 384)	testing
5	gq	f	21	7	circle	red	dif	vert	up	(512, 248)	(415, 287)	True	213793	215516	up	(512, 384)	testing
5	gq	f	21	7	diamond	green	dif	hori	left	(608, 480)	(648, 384)	True	216705	217847	left	(512, 384)	testing
5	gq	f	21	7	diamond	red	same	hori	left	(512, 248)	(648, 384)	True	218896	219989	left	(512, 384)	testing
5	gq	f	21	7	diamond	red	dif	vert	up	(512, 248)	(415, 480)	True	221043	221842	up	(512, 384)	testing
5	gq	f	21	7	circle	none	same	hori	left	N_dis	(415, 480)	True	222973	224000	left	(512, 384)	testing
5	gq	f	21	7	circle	none	same	vert	up	N_dis	(415, 480)	True	225035	226408	up	(512, 384)	testing
5	gq	f	21	7	diamond	none	dif	hori	left	N_dis	(512, 248)	True	227486	228753	left	(512, 384)	testing
5	gq	f	21	7	circle	green	same	hori	left	(648, 384)	(512, 520)	True	229817	231933	left	(512, 384)	testing
5	gq	f	21	7	diamond	red	dif	vert	up	(376, 384)	(415, 480)	True	233165	233988	up	(512, 384)	testing
5	gq	f	21	7	circle	green	dif	vert	up	(512, 248)	(415, 287)	True	235029	236057	left	(512, 384)	testing
5	gq	f	21	7	diamond	red	dif	hori	left	(512, 248)	(512, 520)	True	238779	240057	left	(512, 384)	testing
5	gq	f	21	7	diamond	none	dif	hori	left	N_dis	(415, 287)	True	241118	241876	left	(512, 384)	testing
5	gq	f	21	7	circle	red	dif	vert	up	(512, 248)	(415, 480)	True	243064	244957	up	(512, 384)	testing
5	gq	f	21	7	circle	none	same	hori	left	N_dis	(648, 384)	True	246062	247273	left	(512, 384)	testing
5	gq	f	21	7	diamond	green	same	hori	left	(512, 248)	(415, 480)	True	248435	249654	left	(512, 384)	testing
5	gq	f	21	7	circle	red	same	vert	up	(512, 248)	(648, 384)	True	250821	251608	up	(512, 384)	testing
5	gq	f	21	7	diamond	none	dif	vert	up	N_dis	(512, 248)	True	252725	254389	up	(512, 384)	testing
5	gq	f	21	7	diamond	none	same	vert	up	N_dis	(608, 480)	True	255528	257404	up	(512, 384)	testing
5	gq	f	21	7	circle	none	dif	vert	up	N_dis	(512, 520)	True	258622	259799	up	(512, 384)	testing
5	gq	f	21	7	diamond	green	dif	vert	up	(512, 248)	(376, 384)	True	260937	263006	up	(512, 384)	testing
5	gq	f	21	7	diamond	green	same	hori	left	(512, 248)	(415, 287)	True	264260	266175	left	(512, 384)	testing
5	gq	f	21	7	circle	green	dif	hori	left	(512, 248)	(608, 287)	True	267282	268251	left	(512, 384)	testing
5	gq	f	21	7	circle	none	dif	hori	left	N_dis	(512, 520)	True	269345	270231	left	(512, 384)	testing
5	gq	f	21	7	circle	green	same	vert	up	(512, 248)	(376, 384)	True	271289	272119	up	(512, 384)	testing
5	gq	f	21	7	circle	none	same	hori	left	N_dis	(376, 384)	True	273276	274019	left	(512, 384)	testing
5	gq	f	21	7	diamond	red	same	vert	up	(512, 248)	(512, 520)	True	275054	276026	up	(512, 384)	testing
5	gq	f	21	7	circle	green	same	vert	up	(512, 248)	(608, 480)	True	277061	278074	up	(512, 384)	testing
5	gq	f	21	7	circle	red	dif	hori	left	(512, 248)	(608, 287)	True	279344	281146	left	(512, 384)	testing
5	gq	f	21	7	circle	none	same	vert	up	N_dis	(415, 480)	True	282191	283260	up	(512, 384)	testing
5	gq	f	21	7	circle	none	same	vert	up	N_dis	(376, 384)	True	284373	285367	up	(512, 384)	testing
5	gq	f	21	7	circle	none	dif	vert	up	N_dis	(608, 287)	True	286471	287224	up	(512, 384)	testing
5	gq	f	21	7	circle	red	same	vert	up	(608, 480)	(376, 384)	True	288268	289428	up	(512, 384)	testing
5	gq	f	21	7	diamond	green	same	vert	up	(512, 248)	(648, 384)	True	290626	291649	left	(512, 384)	testing
5	gq	f	21	7	circle	none	dif	vert	up	N_dis	(376, 384)	True	294270	295504	up	(512, 384)	testing
5	gq	f	21	7	circle	green	dif	vert	up	(512, 248)	(608, 287)	True	296700	298453	up	(512, 384)	testing
5	gq	f	21	7	diamond	none	same	hori	left	N_dis	(648, 384)	True	299503	300492	left	(512, 384)	testing
5	gq	f	21	7	circle	green	dif	hori	left	(608, 287)	(376, 384)	True	301737	302529	left	(512, 384)	testing
5	gq	f	21	7	diamond	green	same	hori	left	(512, 248)	(415, 287)	True	303605	304586	left	(512, 384)	testing
5	gq	f	21	7	diamond	red	same	hori	left	(512, 248)	(608, 480)	True	305779	306927	left	(512, 384)	testing
5	gq	f	21	7	diamond	none	dif	hori	left	N_dis	(608, 287)	True	308180	309049	left	(512, 384)	testing
5	gq	f	21	7	circle	red	dif	vert	up	(608, 480)	(415, 287)	True	310117	311063	up	(512, 384)	testing
5	gq	f	21	7	diamond	none	same	hori	left	N_dis	(648, 384)	True	312192	313382	left	(512, 384)	testing
