subj	name	gender	age	runNum	shape	dist	td_dif	resp	resp_key	d_loc	t_loc	gotKey	startTime	respTime	resp	fix_loc	prac
5	gq	f	21	4	circle	green	dif	vert	up	(608, 480)	(415, 287)	True	76462	78326	up	(512, 384)	testing
5	gq	f	21	4	diamond	red	same	vert	up	(608, 480)	(415, 287)	True	79574	80997	up	(512, 384)	testing
5	gq	f	21	4	diamond	none	same	hori	left	N_dis	(512, 520)	True	82251	83439	left	(512, 384)	testing
5	gq	f	21	4	circle	red	same	vert	up	(608, 480)	(415, 287)	True	84600	85866	up	(512, 384)	testing
5	gq	f	21	4	circle	red	dif	hori	left	(512, 248)	(415, 480)	True	86972	87843	left	(512, 384)	testing
5	gq	f	21	4	circle	green	same	vert	up	(608, 480)	(512, 248)	True	89039	89899	up	(512, 384)	testing
5	gq	f	21	4	circle	none	same	vert	up	N_dis	(608, 480)	True	90934	91821	up	(512, 384)	testing
5	gq	f	21	4	diamond	none	dif	vert	up	N_dis	(415, 287)	True	92940	94511	up	(512, 384)	testing
5	gq	f	21	4	circle	none	same	hori	left	N_dis	(415, 287)	True	95754	96619	left	(512, 384)	testing
5	gq	f	21	4	diamond	none	same	vert	up	N_dis	(608, 287)	True	97828	99220	up	(512, 384)	testing
5	gq	f	21	4	circle	green	same	hori	left	(415, 480)	(608, 287)	True	100461	101259	left	(512, 384)	testing
5	gq	f	21	4	circle	green	dif	vert	up	(608, 480)	(608, 287)	True	102497	103627	up	(512, 384)	testing
5	gq	f	21	4	circle	green	same	vert	up	(608, 480)	(608, 287)	True	104855	106025	up	(512, 384)	testing
5	gq	f	21	4	circle	green	same	vert	up	(608, 480)	(415, 480)	True	107185	108379	up	(512, 384)	testing
5	gq	f	21	4	circle	green	dif	hori	left	(608, 480)	(512, 520)	True	109555	110424	left	(512, 384)	testing
5	gq	f	21	4	circle	none	same	vert	up	N_dis	(512, 248)	True	111618	112755	up	(512, 384)	testing
5	gq	f	21	4	diamond	red	same	vert	up	(608, 480)	(512, 520)	True	113802	115007	up	(512, 384)	testing
5	gq	f	21	4	circle	none	dif	hori	left	N_dis	(512, 520)	True	116139	117192	left	(512, 384)	testing
5	gq	f	21	4	circle	red	same	hori	left	(608, 480)	(376, 384)	True	118341	119361	left	(512, 384)	testing
5	gq	f	21	4	diamond	green	same	vert	up	(512, 520)	(415, 287)	True	120485	121742	up	(512, 384)	testing
5	gq	f	21	4	circle	red	dif	vert	up	(608, 480)	(415, 287)	True	122952	124489	up	(512, 384)	testing
5	gq	f	21	4	diamond	green	same	hori	left	(608, 480)	(415, 480)	True	125677	127243	left	(512, 384)	testing
5	gq	f	21	4	circle	none	dif	vert	up	N_dis	(512, 248)	True	128433	129760	up	(512, 384)	testing
5	gq	f	21	4	circle	none	same	vert	up	N_dis	(376, 384)	True	130944	132009	up	(512, 384)	testing
5	gq	f	21	4	circle	green	dif	vert	up	(608, 480)	(608, 287)	True	133035	134003	up	(512, 384)	testing
5	gq	f	21	4	circle	red	dif	vert	up	(608, 287)	(512, 520)	True	135198	136543	up	(512, 384)	testing
5	gq	f	21	4	circle	none	dif	vert	up	N_dis	(415, 287)	True	137771	138571	up	(512, 384)	testing
5	gq	f	21	4	circle	red	dif	vert	up	(608, 480)	(415, 287)	True	139755	140670	up	(512, 384)	testing
5	gq	f	21	4	diamond	none	same	vert	up	N_dis	(648, 384)	True	141808	143279	up	(512, 384)	testing
5	gq	f	21	4	circle	none	same	hori	left	N_dis	(648, 384)	True	144406	145227	left	(512, 384)	testing
5	gq	f	21	4	diamond	green	same	vert	up	(415, 287)	(608, 287)	True	146478	147829	up	(512, 384)	testing
5	gq	f	21	4	diamond	red	same	hori	left	(512, 248)	(648, 384)	True	148875	149869	left	(512, 384)	testing
5	gq	f	21	4	circle	green	dif	vert	up	(648, 384)	(415, 287)	True	151140	152519	up	(512, 384)	testing
5	gq	f	21	4	circle	green	same	vert	up	(608, 480)	(512, 248)	True	153577	154900	up	(512, 384)	testing
5	gq	f	21	4	diamond	red	same	vert	up	(608, 480)	(376, 384)	True	156135	157553	up	(512, 384)	testing
5	gq	f	21	4	circle	none	same	hori	left	N_dis	(415, 480)	True	158793	159712	left	(512, 384)	testing
5	gq	f	21	4	circle	green	dif	hori	left	(608, 480)	(648, 384)	True	160904	161859	left	(512, 384)	testing
5	gq	f	21	4	diamond	none	same	hori	left	N_dis	(512, 520)	True	163099	164057	left	(512, 384)	testing
5	gq	f	21	4	diamond	red	dif	hori	left	(608, 480)	(415, 480)	True	165123	166766	left	(512, 384)	testing
5	gq	f	21	4	diamond	none	dif	vert	up	N_dis	(608, 287)	True	167946	168930	up	(512, 384)	testing
5	gq	f	21	4	diamond	green	same	hori	left	(608, 480)	(608, 287)	True	170141	171611	left	(512, 384)	testing
5	gq	f	21	4	circle	red	same	hori	left	(608, 480)	(415, 287)	True	172721	173959	left	(512, 384)	testing
5	gq	f	21	4	circle	none	dif	vert	up	N_dis	(608, 287)	True	175000	175824	up	(512, 384)	testing
5	gq	f	21	4	diamond	red	same	vert	up	(415, 287)	(608, 287)	True	176891	177655	up	(512, 384)	testing
5	gq	f	21	4	circle	green	dif	hori	left	(608, 480)	(512, 520)	True	178760	179788	left	(512, 384)	testing
5	gq	f	21	4	diamond	none	dif	hori	left	N_dis	(608, 480)	True	180995	182393	left	(512, 384)	testing
5	gq	f	21	4	circle	red	same	vert	up	(608, 480)	(512, 248)	True	183646	184963	up	(512, 384)	testing
5	gq	f	21	4	circle	none	dif	hori	left	N_dis	(376, 384)	True	186034	186902	left	(512, 384)	testing
5	gq	f	21	4	diamond	green	same	vert	up	(608, 480)	(415, 480)	True	187967	189694	up	(512, 384)	testing
5	gq	f	21	4	circle	red	same	hori	left	(608, 480)	(376, 384)	True	190853	192518	left	(512, 384)	testing
5	gq	f	21	4	diamond	none	dif	vert	up	N_dis	(648, 384)	True	193666	194817	up	(512, 384)	testing
5	gq	f	21	4	circle	none	dif	hori	left	N_dis	(512, 520)	True	195949	197106	left	(512, 384)	testing
5	gq	f	21	4	diamond	red	dif	vert	up	(608, 480)	(512, 520)	True	198260	199432	up	(512, 384)	testing
5	gq	f	21	4	circle	red	same	hori	left	(608, 287)	(415, 287)	True	200652	202392	left	(512, 384)	testing
5	gq	f	21	4	diamond	green	dif	vert	up	(608, 480)	(512, 520)	True	203600	204845	up	(512, 384)	testing
5	gq	f	21	4	diamond	red	dif	vert	up	(608, 480)	(648, 384)	True	206018	207373	up	(512, 384)	testing
5	gq	f	21	4	diamond	red	same	vert	up	(608, 480)	(608, 287)	False	208420	None	None	(512, 384)	testing
5	gq	f	21	4	circle	green	dif	vert	up	(608, 480)	(648, 384)	True	214061	215274	up	(512, 384)	testing
5	gq	f	21	4	diamond	none	dif	vert	up	N_dis	(512, 248)	True	216452	218407	up	(512, 384)	testing
5	gq	f	21	4	diamond	green	dif	hori	left	(415, 287)	(512, 248)	True	219521	220535	left	(512, 384)	testing
5	gq	f	21	4	circle	green	same	hori	left	(608, 480)	(512, 520)	True	221682	222806	left	(512, 384)	testing
5	gq	f	21	4	diamond	none	same	hori	left	N_dis	(608, 287)	True	224058	224888	up	(512, 384)	testing
5	gq	f	21	4	circle	none	dif	vert	up	N_dis	(512, 248)	True	227619	229072	up	(512, 384)	testing
5	gq	f	21	4	circle	red	same	vert	up	(648, 384)	(415, 480)	True	230121	232027	up	(512, 384)	testing
5	gq	f	21	4	circle	green	dif	hori	left	(608, 480)	(415, 480)	True	233129	234843	left	(512, 384)	testing
5	gq	f	21	4	diamond	red	same	hori	left	(608, 480)	(648, 384)	True	236003	237350	left	(512, 384)	testing
5	gq	f	21	4	circle	green	same	hori	left	(415, 480)	(376, 384)	True	238425	239726	left	(512, 384)	testing
5	gq	f	21	4	circle	none	dif	vert	up	N_dis	(648, 384)	True	240942	241803	up	(512, 384)	testing
5	gq	f	21	4	diamond	red	dif	hori	left	(512, 520)	(608, 287)	True	242892	244121	left	(512, 384)	testing
5	gq	f	21	4	diamond	none	dif	hori	left	N_dis	(512, 520)	True	245196	246189	left	(512, 384)	testing
5	gq	f	21	4	circle	none	same	hori	left	N_dis	(608, 480)	True	247312	248328	left	(512, 384)	testing
5	gq	f	21	4	circle	red	dif	hori	left	(376, 384)	(512, 248)	True	249586	250397	left	(512, 384)	testing
5	gq	f	21	4	diamond	red	dif	vert	up	(608, 287)	(415, 480)	True	251648	252574	up	(512, 384)	testing
5	gq	f	21	4	diamond	red	dif	hori	left	(608, 480)	(512, 248)	True	253821	254590	left	(512, 384)	testing
5	gq	f	21	4	circle	none	same	vert	up	N_dis	(415, 287)	True	255772	257108	up	(512, 384)	testing
5	gq	f	21	4	circle	red	same	vert	up	(512, 248)	(415, 480)	True	258313	259315	up	(512, 384)	testing
5	gq	f	21	4	circle	green	same	hori	left	(608, 480)	(608, 287)	True	260424	261509	left	(512, 384)	testing
5	gq	f	21	4	diamond	none	same	hori	left	N_dis	(648, 384)	True	262698	264104	left	(512, 384)	testing
5	gq	f	21	4	diamond	green	dif	hori	left	(608, 480)	(512, 520)	True	265190	266320	left	(512, 384)	testing
5	gq	f	21	4	diamond	none	dif	hori	left	N_dis	(376, 384)	True	267526	268802	left	(512, 384)	testing
5	gq	f	21	4	diamond	none	dif	hori	left	N_dis	(415, 480)	True	270042	271135	left	(512, 384)	testing
5	gq	f	21	4	diamond	none	same	vert	up	N_dis	(415, 480)	True	272385	273629	up	(512, 384)	testing
5	gq	f	21	4	circle	none	same	vert	up	N_dis	(608, 287)	True	274766	275888	up	(512, 384)	testing
5	gq	f	21	4	circle	red	same	vert	up	(512, 248)	(415, 287)	True	277063	278832	up	(512, 384)	testing
5	gq	f	21	4	diamond	green	dif	hori	left	(608, 480)	(648, 384)	True	279982	281339	left	(512, 384)	testing
5	gq	f	21	4	diamond	green	dif	vert	up	(512, 520)	(512, 248)	True	282362	284008	up	(512, 384)	testing
5	gq	f	21	4	circle	green	dif	hori	left	(608, 480)	(512, 248)	True	285131	286824	left	(512, 384)	testing
5	gq	f	21	4	circle	red	dif	vert	up	(608, 480)	(415, 287)	True	288024	289025	up	(512, 384)	testing
5	gq	f	21	4	diamond	green	dif	hori	left	(648, 384)	(376, 384)	True	290061	290957	left	(512, 384)	testing
5	gq	f	21	4	circle	red	dif	hori	left	(608, 480)	(376, 384)	True	292048	292848	left	(512, 384)	testing
5	gq	f	21	4	diamond	green	dif	vert	up	(608, 480)	(415, 287)	True	294004	295561	up	(512, 384)	testing
5	gq	f	21	4	circle	red	same	hori	left	(608, 480)	(512, 248)	True	296796	297711	left	(512, 384)	testing
5	gq	f	21	4	circle	red	dif	hori	left	(376, 384)	(512, 520)	True	298885	299825	left	(512, 384)	testing
5	gq	f	21	4	circle	none	dif	hori	left	N_dis	(415, 480)	True	300893	301881	left	(512, 384)	testing
5	gq	f	21	4	diamond	none	same	vert	up	N_dis	(415, 480)	True	302911	304233	up	(512, 384)	testing
5	gq	f	21	4	diamond	green	dif	vert	up	(415, 480)	(512, 520)	True	305352	306747	up	(512, 384)	testing
5	gq	f	21	4	diamond	red	dif	vert	up	(608, 480)	(376, 384)	True	307882	309568	up	(512, 384)	testing
5	gq	f	21	4	diamond	red	dif	hori	left	(415, 480)	(512, 248)	True	310620	311439	left	(512, 384)	testing
5	gq	f	21	4	diamond	green	same	vert	up	(415, 287)	(648, 384)	True	312697	313920	up	(512, 384)	testing
5	gq	f	21	4	diamond	none	dif	hori	left	N_dis	(608, 480)	True	315176	317458	left	(512, 384)	testing
5	gq	f	21	4	diamond	red	same	hori	left	(608, 480)	(608, 287)	True	318502	319694	left	(512, 384)	testing
5	gq	f	21	4	diamond	green	dif	hori	left	(608, 480)	(512, 248)	True	320911	321665	left	(512, 384)	testing
5	gq	f	21	4	diamond	none	same	vert	up	N_dis	(376, 384)	True	322749	323705	up	(512, 384)	testing
5	gq	f	21	4	diamond	red	dif	hori	left	(608, 480)	(415, 480)	True	324793	326191	left	(512, 384)	testing
5	gq	f	21	4	diamond	green	same	hori	left	(608, 480)	(648, 384)	True	327464	328391	left	(512, 384)	testing
5	gq	f	21	4	diamond	green	same	hori	left	(608, 287)	(376, 384)	True	329550	331052	left	(512, 384)	testing
5	gq	f	21	4	diamond	green	same	vert	up	(608, 480)	(376, 384)	True	332207	333082	up	(512, 384)	testing
5	gq	f	21	4	circle	green	same	vert	up	(608, 480)	(648, 384)	True	334221	335333	up	(512, 384)	testing
5	gq	f	21	4	diamond	red	dif	vert	up	(608, 480)	(415, 480)	True	336380	337659	left	(512, 384)	testing
5	gq	f	21	4	diamond	red	same	hori	left	(376, 384)	(415, 287)	True	340401	342282	left	(512, 384)	testing
5	gq	f	21	4	diamond	none	dif	vert	up	N_dis	(376, 384)	True	343348	344307	up	(512, 384)	testing
5	gq	f	21	4	diamond	none	same	hori	left	N_dis	(512, 248)	True	345522	346553	left	(512, 384)	testing
5	gq	f	21	4	circle	red	dif	hori	left	(608, 480)	(415, 287)	True	347712	349076	left	(512, 384)	testing
5	gq	f	21	4	diamond	green	same	hori	left	(608, 480)	(415, 287)	True	350207	351701	left	(512, 384)	testing
5	gq	f	21	4	diamond	red	same	hori	left	(376, 384)	(648, 384)	True	352778	353788	left	(512, 384)	testing
5	gq	f	21	4	circle	none	dif	hori	left	N_dis	(608, 480)	True	354930	356407	left	(512, 384)	testing
5	gq	f	21	4	circle	green	same	hori	left	(648, 384)	(415, 480)	True	357616	359722	left	(512, 384)	testing
5	gq	f	21	4	circle	none	same	hori	left	N_dis	(415, 287)	True	360902	362002	left	(512, 384)	testing
5	gq	f	21	4	diamond	green	dif	vert	up	(512, 520)	(512, 248)	True	363170	364442	up	(512, 384)	testing
5	gq	f	21	4	circle	red	dif	vert	up	(608, 480)	(376, 384)	True	365513	366846	up	(512, 384)	testing
