subj	name	gender	age	runNum	shape	dist	td_dif	resp	resp_key	d_loc	t_loc	gotKey	startTime	respTime	resp	fix_loc	prac
5	gq	f	21	9	diamond	red	same	hori	left	(512, 248)	(376, 384)	True	46435	47742	left	(512, 384)	testing
5	gq	f	21	9	diamond	none	same	vert	up	N_dis	(608, 287)	True	48767	49542	up	(512, 384)	testing
5	gq	f	21	9	circle	none	dif	hori	left	N_dis	(415, 480)	True	50686	51604	left	(512, 384)	testing
5	gq	f	21	9	circle	none	same	vert	up	N_dis	(608, 480)	True	52690	53652	up	(512, 384)	testing
5	gq	f	21	9	circle	green	same	vert	up	(512, 248)	(512, 520)	True	54779	55805	up	(512, 384)	testing
5	gq	f	21	9	circle	none	dif	hori	left	N_dis	(608, 480)	True	56949	57656	left	(512, 384)	testing
5	gq	f	21	9	circle	green	dif	vert	up	(608, 287)	(608, 480)	True	58761	59593	up	(512, 384)	testing
5	gq	f	21	9	circle	green	same	hori	left	(512, 248)	(376, 384)	True	60669	61462	left	(512, 384)	testing
5	gq	f	21	9	circle	none	same	hori	left	N_dis	(415, 480)	True	62721	63362	left	(512, 384)	testing
5	gq	f	21	9	circle	red	dif	vert	up	(512, 248)	(415, 480)	True	64474	65713	up	(512, 384)	testing
5	gq	f	21	9	circle	green	dif	vert	up	(512, 248)	(415, 480)	True	66929	67909	up	(512, 384)	testing
5	gq	f	21	9	circle	none	dif	vert	up	N_dis	(415, 480)	True	69049	69886	up	(512, 384)	testing
5	gq	f	21	9	diamond	none	dif	vert	up	N_dis	(512, 520)	True	71056	72686	up	(512, 384)	testing
5	gq	f	21	9	diamond	green	dif	hori	left	(512, 248)	(376, 384)	True	73823	75744	left	(512, 384)	testing
5	gq	f	21	9	diamond	red	same	vert	up	(376, 384)	(415, 480)	True	76864	78255	up	(512, 384)	testing
5	gq	f	21	9	diamond	green	dif	vert	up	(415, 287)	(608, 287)	True	79472	80500	up	(512, 384)	testing
5	gq	f	21	9	diamond	red	dif	vert	up	(512, 248)	(608, 287)	True	81537	82783	up	(512, 384)	testing
5	gq	f	21	9	diamond	none	dif	vert	up	N_dis	(608, 480)	True	83972	85715	up	(512, 384)	testing
5	gq	f	21	9	diamond	red	dif	hori	left	(376, 384)	(648, 384)	True	86845	87811	left	(512, 384)	testing
5	gq	f	21	9	diamond	none	dif	vert	up	N_dis	(512, 520)	True	89024	89825	up	(512, 384)	testing
5	gq	f	21	9	circle	none	same	hori	left	N_dis	(648, 384)	True	91033	92748	left	(512, 384)	testing
5	gq	f	21	9	circle	green	dif	hori	left	(648, 384)	(415, 287)	True	93876	95512	left	(512, 384)	testing
5	gq	f	21	9	circle	green	same	vert	up	(512, 248)	(512, 520)	True	96684	97490	up	(512, 384)	testing
5	gq	f	21	9	diamond	green	same	hori	left	(512, 248)	(648, 384)	True	98755	99764	left	(512, 384)	testing
5	gq	f	21	9	diamond	none	same	hori	left	N_dis	(376, 384)	True	100793	101681	left	(512, 384)	testing
5	gq	f	21	9	circle	red	same	vert	up	(376, 384)	(415, 287)	True	102765	104110	up	(512, 384)	testing
5	gq	f	21	9	circle	none	dif	vert	up	N_dis	(512, 248)	True	105265	107342	up	(512, 384)	testing
5	gq	f	21	9	circle	red	same	vert	up	(512, 248)	(608, 287)	True	108523	110065	up	(512, 384)	testing
5	gq	f	21	9	diamond	none	dif	vert	up	N_dis	(415, 287)	True	111091	112218	up	(512, 384)	testing
5	gq	f	21	9	diamond	red	same	hori	left	(512, 248)	(608, 480)	True	113270	114189	left	(512, 384)	testing
5	gq	f	21	9	diamond	none	dif	hori	left	N_dis	(415, 480)	True	115379	116589	left	(512, 384)	testing
5	gq	f	21	9	circle	green	same	hori	left	(512, 248)	(415, 287)	True	117657	119632	left	(512, 384)	testing
5	gq	f	21	9	diamond	green	dif	vert	up	(512, 248)	(512, 520)	True	120751	121811	up	(512, 384)	testing
5	gq	f	21	9	diamond	green	dif	vert	up	(512, 248)	(512, 520)	True	123036	124055	up	(512, 384)	testing
5	gq	f	21	9	diamond	red	dif	hori	left	(512, 248)	(415, 287)	True	125288	126080	left	(512, 384)	testing
5	gq	f	21	9	circle	green	dif	vert	up	(512, 248)	(608, 287)	True	127133	127869	up	(512, 384)	testing
5	gq	f	21	9	circle	red	dif	hori	left	(512, 248)	(608, 480)	True	129140	129908	left	(512, 384)	testing
5	gq	f	21	9	diamond	green	same	vert	up	(512, 248)	(648, 384)	True	130932	131862	up	(512, 384)	testing
5	gq	f	21	9	diamond	none	same	hori	left	N_dis	(415, 287)	True	132891	133955	left	(512, 384)	testing
5	gq	f	21	9	diamond	red	same	vert	up	(512, 248)	(648, 384)	True	135223	136031	up	(512, 384)	testing
5	gq	f	21	9	circle	green	dif	hori	left	(415, 480)	(415, 287)	True	137263	138861	up	(512, 384)	testing
5	gq	f	21	9	circle	red	dif	vert	up	(648, 384)	(608, 287)	True	141419	143201	up	(512, 384)	testing
5	gq	f	21	9	diamond	red	same	vert	up	(512, 248)	(415, 287)	True	144255	145660	up	(512, 384)	testing
5	gq	f	21	9	circle	red	dif	vert	up	(512, 248)	(376, 384)	True	146768	147742	up	(512, 384)	testing
5	gq	f	21	9	diamond	red	same	vert	up	(512, 520)	(608, 287)	True	148913	150916	up	(512, 384)	testing
5	gq	f	21	9	circle	red	same	vert	up	(512, 248)	(376, 384)	True	152059	153262	up	(512, 384)	testing
5	gq	f	21	9	diamond	green	dif	hori	left	(512, 248)	(512, 520)	True	154402	155281	left	(512, 384)	testing
5	gq	f	21	9	diamond	green	same	hori	left	(512, 248)	(512, 520)	True	156524	157743	left	(512, 384)	testing
5	gq	f	21	9	circle	green	dif	vert	up	(512, 520)	(608, 480)	True	158911	160679	up	(512, 384)	testing
5	gq	f	21	9	diamond	none	same	hori	left	N_dis	(376, 384)	True	161754	162649	left	(512, 384)	testing
5	gq	f	21	9	circle	none	dif	vert	up	N_dis	(376, 384)	True	163760	164794	up	(512, 384)	testing
5	gq	f	21	9	circle	red	dif	vert	up	(415, 287)	(376, 384)	True	166059	167257	up	(512, 384)	testing
5	gq	f	21	9	diamond	none	dif	hori	left	N_dis	(608, 287)	True	168489	170098	left	(512, 384)	testing
5	gq	f	21	9	diamond	green	dif	hori	left	(512, 248)	(512, 520)	True	171364	172695	left	(512, 384)	testing
5	gq	f	21	9	diamond	none	dif	vert	up	N_dis	(415, 480)	True	173867	174617	up	(512, 384)	testing
5	gq	f	21	9	circle	red	same	hori	left	(512, 248)	(512, 520)	True	175740	176702	left	(512, 384)	testing
5	gq	f	21	9	circle	red	dif	hori	left	(512, 248)	(376, 384)	True	177856	178672	left	(512, 384)	testing
5	gq	f	21	9	diamond	red	same	vert	up	(512, 248)	(512, 520)	True	179888	181699	up	(512, 384)	testing
5	gq	f	21	9	circle	red	same	hori	left	(512, 248)	(608, 480)	True	182772	183689	left	(512, 384)	testing
5	gq	f	21	9	diamond	green	dif	hori	left	(648, 384)	(415, 480)	True	184752	185775	left	(512, 384)	testing
5	gq	f	21	9	circle	none	same	vert	up	N_dis	(512, 520)	True	187031	188295	up	(512, 384)	testing
5	gq	f	21	9	diamond	none	same	vert	up	N_dis	(648, 384)	True	189535	190823	up	(512, 384)	testing
5	gq	f	21	9	circle	red	same	vert	up	(512, 248)	(648, 384)	True	192076	193192	up	(512, 384)	testing
5	gq	f	21	9	circle	none	dif	hori	left	N_dis	(415, 287)	True	194419	195117	left	(512, 384)	testing
5	gq	f	21	9	diamond	red	dif	hori	left	(512, 248)	(512, 520)	True	196249	197339	left	(512, 384)	testing
5	gq	f	21	9	diamond	green	same	vert	up	(512, 248)	(415, 480)	True	198485	199598	up	(512, 384)	testing
5	gq	f	21	9	circle	green	same	hori	left	(608, 480)	(648, 384)	True	200678	201903	left	(512, 384)	testing
5	gq	f	21	9	circle	red	same	hori	left	(512, 520)	(415, 287)	True	203033	204026	left	(512, 384)	testing
5	gq	f	21	9	diamond	none	same	vert	up	N_dis	(415, 287)	True	205067	206037	up	(512, 384)	testing
5	gq	f	21	9	diamond	none	same	vert	up	N_dis	(415, 287)	True	207219	208519	up	(512, 384)	testing
5	gq	f	21	9	circle	none	dif	vert	up	N_dis	(512, 248)	True	209640	211890	up	(512, 384)	testing
5	gq	f	21	9	circle	red	dif	hori	left	(512, 248)	(415, 287)	True	212986	213914	left	(512, 384)	testing
5	gq	f	21	9	diamond	none	same	hori	left	N_dis	(648, 384)	True	215010	216801	left	(512, 384)	testing
5	gq	f	21	9	diamond	none	same	hori	left	N_dis	(376, 384)	True	218055	219110	left	(512, 384)	testing
5	gq	f	21	9	circle	red	dif	hori	left	(512, 248)	(415, 480)	True	220383	222290	left	(512, 384)	testing
5	gq	f	21	9	circle	green	same	hori	left	(415, 287)	(608, 287)	True	223376	225531	left	(512, 384)	testing
5	gq	f	21	9	circle	green	dif	hori	left	(512, 248)	(415, 287)	True	226599	227341	left	(512, 384)	testing
5	gq	f	21	9	circle	none	same	vert	up	N_dis	(648, 384)	True	228486	229255	up	(512, 384)	testing
5	gq	f	21	9	circle	none	same	vert	up	N_dis	(648, 384)	True	230521	231260	up	(512, 384)	testing
5	gq	f	21	9	diamond	green	dif	vert	up	(512, 248)	(608, 287)	True	232294	234060	up	(512, 384)	testing
5	gq	f	21	9	circle	green	same	vert	up	(512, 248)	(415, 480)	True	235185	236208	up	(512, 384)	testing
5	gq	f	21	9	circle	green	same	vert	up	(512, 248)	(415, 480)	True	237405	238141	up	(512, 384)	testing
5	gq	f	21	9	circle	green	same	vert	up	(512, 248)	(415, 287)	True	239335	240309	up	(512, 384)	testing
5	gq	f	21	9	diamond	green	same	vert	up	(512, 248)	(608, 287)	True	241344	242934	up	(512, 384)	testing
5	gq	f	21	9	circle	green	dif	hori	left	(512, 248)	(608, 480)	True	244039	244891	left	(512, 384)	testing
5	gq	f	21	9	circle	none	same	hori	left	N_dis	(608, 287)	True	245986	246807	left	(512, 384)	testing
5	gq	f	21	9	diamond	green	same	vert	up	(415, 287)	(608, 480)	True	247928	249040	up	(512, 384)	testing
5	gq	f	21	9	circle	red	dif	vert	up	(608, 480)	(376, 384)	True	250245	251079	up	(512, 384)	testing
5	gq	f	21	9	diamond	green	same	hori	left	(512, 248)	(648, 384)	True	252122	253007	left	(512, 384)	testing
5	gq	f	21	9	circle	none	dif	hori	left	N_dis	(512, 248)	True	254050	254907	left	(512, 384)	testing
5	gq	f	21	9	circle	none	dif	vert	up	N_dis	(608, 287)	True	255941	256751	up	(512, 384)	testing
5	gq	f	21	9	diamond	green	dif	vert	up	(608, 480)	(415, 287)	True	257922	258767	up	(512, 384)	testing
5	gq	f	21	9	diamond	red	same	hori	left	(512, 248)	(648, 384)	True	259886	261048	left	(512, 384)	testing
5	gq	f	21	9	circle	green	dif	hori	left	(512, 248)	(648, 384)	True	262113	263449	left	(512, 384)	testing
5	gq	f	21	9	circle	red	dif	hori	left	(608, 287)	(415, 480)	True	264662	266581	left	(512, 384)	testing
5	gq	f	21	9	circle	none	same	hori	left	N_dis	(376, 384)	True	267616	268505	left	(512, 384)	testing
5	gq	f	21	9	diamond	red	same	hori	left	(648, 384)	(415, 480)	True	269552	271683	left	(512, 384)	testing
5	gq	f	21	9	diamond	red	dif	vert	up	(512, 248)	(608, 287)	True	272789	273688	up	(512, 384)	testing
5	gq	f	21	9	circle	red	same	hori	left	(512, 248)	(608, 480)	True	274940	276849	left	(512, 384)	testing
5	gq	f	21	9	circle	red	same	hori	left	(512, 248)	(608, 480)	True	278000	279110	left	(512, 384)	testing
5	gq	f	21	9	circle	red	same	vert	up	(512, 248)	(376, 384)	True	280221	281015	up	(512, 384)	testing
5	gq	f	21	9	circle	green	same	hori	left	(415, 480)	(415, 287)	True	282274	283071	left	(512, 384)	testing
5	gq	f	21	9	diamond	red	same	hori	left	(512, 520)	(376, 384)	True	284137	285333	up	(512, 384)	testing
5	gq	f	21	9	diamond	red	dif	vert	up	(376, 384)	(512, 520)	True	287965	289417	up	(512, 384)	testing
5	gq	f	21	9	diamond	none	same	vert	up	N_dis	(512, 520)	True	290625	291780	up	(512, 384)	testing
5	gq	f	21	9	circle	green	dif	vert	up	(512, 248)	(608, 480)	True	292950	295310	up	(512, 384)	testing
5	gq	f	21	9	diamond	green	same	vert	up	(608, 480)	(376, 384)	True	296409	297576	up	(512, 384)	testing
5	gq	f	21	9	diamond	none	dif	hori	left	N_dis	(512, 248)	True	298632	299598	left	(512, 384)	testing
5	gq	f	21	9	diamond	green	same	hori	left	(608, 287)	(608, 480)	True	300793	302833	left	(512, 384)	testing
5	gq	f	21	9	diamond	red	dif	vert	up	(512, 248)	(415, 287)	True	303970	305370	up	(512, 384)	testing
5	gq	f	21	9	diamond	red	dif	vert	up	(415, 480)	(648, 384)	True	306616	307392	up	(512, 384)	testing
5	gq	f	21	9	diamond	none	dif	hori	left	N_dis	(608, 480)	True	308577	309555	left	(512, 384)	testing
5	gq	f	21	9	diamond	green	dif	hori	left	(415, 480)	(415, 287)	True	310651	312043	left	(512, 384)	testing
5	gq	f	21	9	diamond	none	dif	hori	left	N_dis	(512, 520)	True	313292	314131	left	(512, 384)	testing
5	gq	f	21	9	diamond	green	same	hori	left	(512, 248)	(608, 287)	True	315247	316807	left	(512, 384)	testing
5	gq	f	21	9	circle	none	same	hori	left	N_dis	(608, 480)	True	317934	319119	left	(512, 384)	testing
5	gq	f	21	9	circle	none	same	vert	up	N_dis	(608, 287)	True	320305	321278	up	(512, 384)	testing
5	gq	f	21	9	diamond	red	dif	hori	left	(608, 287)	(648, 384)	True	322500	323510	left	(512, 384)	testing
5	gq	f	21	9	diamond	red	dif	hori	left	(512, 248)	(415, 480)	True	324600	325694	left	(512, 384)	testing
5	gq	f	21	9	circle	none	dif	hori	left	N_dis	(512, 248)	True	326779	327634	left	(512, 384)	testing
