subj	name	gender	age	runNum	shape	dist	td_dif	resp	resp_key	d_loc	t_loc	gotKey	startTime	respTime	resp	fix_loc	prac
5	gq	f	21	2	diamond	green	dif	hori	left	(376, 384)	(512, 520)	True	148782	150404	left	(512, 384)	testing
5	gq	f	21	2	diamond	green	dif	hori	left	(376, 384)	(512, 248)	True	151617	153142	left	(512, 384)	testing
5	gq	f	21	2	circle	red	same	hori	left	(512, 520)	(608, 287)	True	154174	155419	left	(512, 384)	testing
5	gq	f	21	2	diamond	none	same	hori	left	N_dis	(512, 248)	True	156515	158225	left	(512, 384)	testing
5	gq	f	21	2	circle	green	same	hori	left	(376, 384)	(512, 520)	True	159358	160476	left	(512, 384)	testing
5	gq	f	21	2	circle	red	same	vert	up	(376, 384)	(608, 287)	True	161713	162947	up	(512, 384)	testing
5	gq	f	21	2	circle	green	same	vert	up	(376, 384)	(648, 384)	True	164110	165300	up	(512, 384)	testing
5	gq	f	21	2	circle	green	same	hori	left	(376, 384)	(608, 287)	True	166355	167512	left	(512, 384)	testing
5	gq	f	21	2	circle	green	dif	hori	left	(608, 287)	(415, 287)	True	168733	170280	left	(512, 384)	testing
5	gq	f	21	2	diamond	red	same	vert	up	(512, 520)	(648, 384)	True	171480	173557	up	(512, 384)	testing
5	gq	f	21	2	diamond	green	same	hori	left	(608, 480)	(608, 287)	True	174666	176043	left	(512, 384)	testing
5	gq	f	21	2	diamond	green	same	hori	left	(376, 384)	(648, 384)	True	177193	178492	left	(512, 384)	testing
5	gq	f	21	2	diamond	red	same	vert	up	(512, 248)	(415, 480)	True	179634	180830	up	(512, 384)	testing
5	gq	f	21	2	circle	green	dif	vert	up	(376, 384)	(415, 287)	True	182010	184088	left	(512, 384)	testing
5	gq	f	21	2	diamond	red	dif	vert	up	(512, 248)	(608, 480)	True	186809	188645	up	(512, 384)	testing
5	gq	f	21	2	circle	red	dif	vert	up	(415, 480)	(415, 287)	True	189766	191929	up	(512, 384)	testing
5	gq	f	21	2	circle	red	dif	hori	left	(376, 384)	(415, 287)	True	193029	194293	left	(512, 384)	testing
5	gq	f	21	2	diamond	none	same	hori	left	N_dis	(648, 384)	True	195412	197418	left	(512, 384)	testing
5	gq	f	21	2	circle	none	same	hori	left	N_dis	(512, 248)	True	198447	200539	left	(512, 384)	testing
5	gq	f	21	2	diamond	green	dif	hori	left	(608, 287)	(608, 480)	True	201639	203071	left	(512, 384)	testing
5	gq	f	21	2	diamond	red	same	vert	up	(376, 384)	(415, 480)	True	204120	205960	up	(512, 384)	testing
5	gq	f	21	2	circle	none	dif	vert	up	N_dis	(608, 480)	True	207002	208935	up	(512, 384)	testing
5	gq	f	21	2	diamond	red	same	hori	left	(512, 248)	(415, 287)	True	209958	212294	left	(512, 384)	testing
5	gq	f	21	2	diamond	green	dif	vert	up	(376, 384)	(512, 248)	True	213410	215144	up	(512, 384)	testing
5	gq	f	21	2	circle	green	same	vert	up	(415, 287)	(415, 480)	True	216349	217849	up	(512, 384)	testing
5	gq	f	21	2	circle	none	same	vert	up	N_dis	(415, 287)	True	218905	220402	up	(512, 384)	testing
5	gq	f	21	2	diamond	green	same	vert	up	(376, 384)	(608, 480)	True	221599	223029	up	(512, 384)	testing
5	gq	f	21	2	diamond	green	same	hori	left	(512, 248)	(648, 384)	True	224213	225885	left	(512, 384)	testing
5	gq	f	21	2	circle	none	dif	vert	up	N_dis	(376, 384)	True	226927	228124	up	(512, 384)	testing
5	gq	f	21	2	diamond	red	dif	hori	left	(376, 384)	(608, 480)	True	229319	231319	left	(512, 384)	testing
5	gq	f	21	2	circle	green	dif	hori	left	(648, 384)	(608, 287)	True	232515	234126	left	(512, 384)	testing
5	gq	f	21	2	diamond	none	same	vert	up	N_dis	(415, 480)	True	235366	237583	up	(512, 384)	testing
5	gq	f	21	2	circle	red	dif	vert	up	(376, 384)	(415, 480)	True	238850	240866	up	(512, 384)	testing
5	gq	f	21	2	circle	none	dif	hori	left	N_dis	(608, 287)	True	242060	243005	left	(512, 384)	testing
5	gq	f	21	2	circle	red	dif	vert	up	(376, 384)	(512, 520)	True	244149	245301	up	(512, 384)	testing
5	gq	f	21	2	diamond	none	dif	hori	left	N_dis	(415, 480)	True	246400	248586	left	(512, 384)	testing
5	gq	f	21	2	diamond	none	same	vert	up	N_dis	(415, 287)	True	249654	250971	up	(512, 384)	testing
5	gq	f	21	2	diamond	red	dif	vert	up	(376, 384)	(512, 248)	True	252050	254418	up	(512, 384)	testing
5	gq	f	21	2	diamond	green	dif	hori	left	(608, 480)	(512, 248)	True	255597	256848	left	(512, 384)	testing
5	gq	f	21	2	circle	none	same	hori	left	N_dis	(512, 520)	True	257963	259172	left	(512, 384)	testing
5	gq	f	21	2	diamond	green	same	vert	up	(376, 384)	(648, 384)	True	260251	261818	up	(512, 384)	testing
5	gq	f	21	2	diamond	red	same	hori	left	(512, 520)	(608, 480)	True	262919	264207	left	(512, 384)	testing
5	gq	f	21	2	circle	green	dif	hori	left	(415, 287)	(415, 480)	True	265466	267135	left	(512, 384)	testing
5	gq	f	21	2	diamond	none	dif	hori	left	N_dis	(608, 480)	True	268199	269857	left	(512, 384)	testing
5	gq	f	21	2	circle	green	dif	vert	up	(376, 384)	(648, 384)	True	271120	272079	up	(512, 384)	testing
5	gq	f	21	2	circle	green	same	hori	left	(415, 480)	(608, 480)	True	273294	274107	left	(512, 384)	testing
5	gq	f	21	2	circle	red	dif	vert	up	(376, 384)	(415, 480)	True	275267	276221	up	(512, 384)	testing
5	gq	f	21	2	circle	red	same	vert	up	(376, 384)	(512, 520)	True	277339	278915	up	(512, 384)	testing
5	gq	f	21	2	circle	green	dif	vert	up	(608, 480)	(648, 384)	True	280106	281367	up	(512, 384)	testing
5	gq	f	21	2	diamond	none	dif	hori	left	N_dis	(512, 248)	True	282445	284086	left	(512, 384)	testing
5	gq	f	21	2	diamond	green	same	hori	left	(376, 384)	(415, 287)	True	285252	287027	left	(512, 384)	testing
5	gq	f	21	2	circle	green	same	hori	left	(376, 384)	(512, 520)	True	288223	289559	left	(512, 384)	testing
5	gq	f	21	2	circle	green	dif	hori	left	(376, 384)	(608, 287)	True	290682	291764	left	(512, 384)	testing
5	gq	f	21	2	circle	red	dif	hori	left	(376, 384)	(608, 287)	True	292804	294040	left	(512, 384)	testing
5	gq	f	21	2	diamond	red	dif	vert	up	(376, 384)	(608, 480)	True	295199	296717	up	(512, 384)	testing
5	gq	f	21	2	diamond	red	dif	hori	left	(648, 384)	(512, 248)	True	297800	298690	left	(512, 384)	testing
5	gq	f	21	2	circle	red	same	vert	up	(512, 520)	(608, 287)	True	299959	301822	up	(512, 384)	testing
5	gq	f	21	2	diamond	none	dif	hori	left	N_dis	(415, 287)	True	302968	304309	left	(512, 384)	testing
5	gq	f	21	2	circle	green	same	vert	up	(376, 384)	(415, 287)	True	305460	306858	up	(512, 384)	testing
5	gq	f	21	2	circle	red	same	hori	left	(376, 384)	(415, 480)	True	308069	308965	left	(512, 384)	testing
5	gq	f	21	2	circle	none	dif	vert	up	N_dis	(608, 480)	True	310134	311275	up	(512, 384)	testing
5	gq	f	21	2	circle	none	dif	vert	up	N_dis	(512, 520)	True	312383	313493	up	(512, 384)	testing
5	gq	f	21	2	diamond	none	dif	vert	up	N_dis	(608, 480)	True	314577	316557	up	(512, 384)	testing
5	gq	f	21	2	diamond	none	dif	vert	up	N_dis	(415, 287)	True	317602	318750	up	(512, 384)	testing
5	gq	f	21	2	circle	none	same	vert	up	N_dis	(376, 384)	True	319952	320792	up	(512, 384)	testing
5	gq	f	21	2	circle	green	dif	hori	left	(608, 480)	(512, 520)	True	321983	322852	left	(512, 384)	testing
5	gq	f	21	2	circle	red	same	vert	up	(376, 384)	(648, 384)	True	324074	325079	up	(512, 384)	testing
5	gq	f	21	2	circle	green	same	vert	up	(376, 384)	(415, 287)	True	326127	326966	up	(512, 384)	testing
5	gq	f	21	2	diamond	none	same	hori	left	N_dis	(415, 480)	True	328051	330017	left	(512, 384)	testing
5	gq	f	21	2	diamond	green	dif	hori	left	(376, 384)	(415, 480)	True	331261	332948	left	(512, 384)	testing
5	gq	f	21	2	circle	red	same	hori	left	(376, 384)	(648, 384)	True	334182	335695	left	(512, 384)	testing
5	gq	f	21	2	circle	none	same	vert	up	N_dis	(512, 520)	True	336780	337583	up	(512, 384)	testing
5	gq	f	21	2	circle	none	dif	hori	left	N_dis	(376, 384)	True	338652	339726	left	(512, 384)	testing
5	gq	f	21	2	diamond	green	same	vert	up	(376, 384)	(648, 384)	True	340782	342467	up	(512, 384)	testing
5	gq	f	21	2	circle	none	dif	hori	left	N_dis	(512, 520)	True	343683	344812	left	(512, 384)	testing
5	gq	f	21	2	diamond	none	same	vert	up	N_dis	(512, 248)	True	345847	346988	up	(512, 384)	testing
5	gq	f	21	2	diamond	none	dif	hori	left	N_dis	(415, 480)	True	348051	350102	up	(512, 384)	testing
5	gq	f	21	2	circle	none	same	vert	up	N_dis	(415, 480)	True	352652	353606	up	(512, 384)	testing
5	gq	f	21	2	diamond	none	dif	vert	up	N_dis	(648, 384)	True	354817	356624	up	(512, 384)	testing
5	gq	f	21	2	diamond	red	same	hori	left	(376, 384)	(512, 248)	True	357861	359819	left	(512, 384)	testing
5	gq	f	21	2	circle	none	same	hori	left	N_dis	(648, 384)	True	360905	361862	left	(512, 384)	testing
5	gq	f	21	2	circle	red	dif	hori	left	(608, 287)	(415, 287)	True	363019	363893	left	(512, 384)	testing
5	gq	f	21	2	circle	red	dif	vert	up	(376, 384)	(415, 480)	True	364928	365887	up	(512, 384)	testing
5	gq	f	21	2	diamond	none	same	hori	left	N_dis	(512, 520)	True	367137	368668	left	(512, 384)	testing
5	gq	f	21	2	circle	red	same	hori	left	(376, 384)	(608, 287)	True	369789	370816	left	(512, 384)	testing
5	gq	f	21	2	circle	green	dif	vert	up	(376, 384)	(608, 480)	True	372087	373334	up	(512, 384)	testing
5	gq	f	21	2	circle	none	dif	vert	up	N_dis	(415, 287)	True	374453	375674	up	(512, 384)	testing
5	gq	f	21	2	circle	red	same	hori	left	(648, 384)	(512, 520)	True	376840	377702	left	(512, 384)	testing
5	gq	f	21	2	circle	red	dif	hori	left	(376, 384)	(608, 480)	True	378930	379859	left	(512, 384)	testing
5	gq	f	21	2	diamond	green	same	hori	left	(376, 384)	(608, 287)	True	381115	382517	left	(512, 384)	testing
5	gq	f	21	2	circle	none	same	hori	left	N_dis	(608, 480)	True	383571	384694	left	(512, 384)	testing
5	gq	f	21	2	diamond	red	dif	hori	left	(376, 384)	(415, 480)	True	385769	387653	left	(512, 384)	testing
5	gq	f	21	2	diamond	green	same	vert	up	(376, 384)	(648, 384)	True	388694	389713	up	(512, 384)	testing
5	gq	f	21	2	circle	none	same	hori	left	N_dis	(608, 287)	True	390814	392228	left	(512, 384)	testing
5	gq	f	21	2	diamond	green	dif	vert	up	(648, 384)	(512, 248)	True	393291	395366	up	(512, 384)	testing
5	gq	f	21	2	circle	green	dif	vert	up	(376, 384)	(648, 384)	True	396579	397492	up	(512, 384)	testing
5	gq	f	21	2	diamond	green	dif	vert	up	(376, 384)	(608, 480)	True	398537	400650	up	(512, 384)	testing
5	gq	f	21	2	circle	green	same	vert	up	(376, 384)	(512, 248)	True	401764	403976	up	(512, 384)	testing
5	gq	f	21	2	diamond	red	dif	vert	up	(376, 384)	(512, 248)	True	405200	406309	up	(512, 384)	testing
5	gq	f	21	2	diamond	green	dif	vert	up	(376, 384)	(512, 520)	True	407492	408407	up	(512, 384)	testing
5	gq	f	21	2	diamond	green	same	vert	up	(415, 480)	(512, 248)	True	409574	410621	left	(512, 384)	testing
5	gq	f	21	2	diamond	red	same	hori	left	(376, 384)	(648, 384)	True	413177	415305	left	(512, 384)	testing
5	gq	f	21	2	circle	none	dif	hori	left	N_dis	(648, 384)	True	416480	417517	left	(512, 384)	testing
5	gq	f	21	2	circle	none	dif	hori	left	N_dis	(376, 384)	True	418769	420095	left	(512, 384)	testing
5	gq	f	21	2	diamond	red	same	vert	up	(376, 384)	(608, 287)	True	421201	423377	up	(512, 384)	testing
5	gq	f	21	2	circle	none	same	vert	up	N_dis	(608, 287)	True	424563	425952	up	(512, 384)	testing
5	gq	f	21	2	diamond	red	dif	vert	up	(376, 384)	(608, 480)	True	427114	429335	up	(512, 384)	testing
5	gq	f	21	2	diamond	none	same	hori	left	N_dis	(608, 287)	True	430495	431649	left	(512, 384)	testing
5	gq	f	21	2	diamond	red	dif	hori	left	(415, 480)	(512, 248)	True	432770	434790	left	(512, 384)	testing
5	gq	f	21	2	diamond	red	dif	hori	left	(376, 384)	(415, 287)	True	435839	437535	left	(512, 384)	testing
5	gq	f	21	2	circle	green	same	hori	left	(376, 384)	(415, 287)	True	438749	439729	left	(512, 384)	testing
5	gq	f	21	2	diamond	red	same	hori	left	(608, 287)	(512, 248)	True	440886	443200	left	(512, 384)	testing
5	gq	f	21	2	diamond	none	same	vert	up	N_dis	(376, 384)	True	444265	445160	up	(512, 384)	testing
5	gq	f	21	2	diamond	none	dif	vert	up	N_dis	(648, 384)	True	446280	448419	left	(512, 384)	testing
5	gq	f	21	2	diamond	none	dif	vert	up	N_dis	(608, 287)	True	451031	452932	up	(512, 384)	testing
5	gq	f	21	2	circle	red	dif	hori	left	(415, 287)	(512, 248)	True	454033	455400	left	(512, 384)	testing
5	gq	f	21	2	diamond	green	dif	vert	up	(376, 384)	(512, 248)	True	456639	458237	up	(512, 384)	testing
5	gq	f	21	2	diamond	red	same	vert	up	(376, 384)	(512, 520)	True	459419	461187	up	(512, 384)	testing
5	gq	f	21	2	circle	red	same	vert	up	(415, 287)	(608, 287)	True	462328	464819	up	(512, 384)	testing
5	gq	f	21	2	diamond	none	same	vert	up	N_dis	(512, 248)	True	465945	467215	up	(512, 384)	testing
