subj	name	gender	age	runNum	shape	dist	td_dif	resp	resp_key	d_loc	t_loc	gotKey	startTime	respTime	resp	fix_loc	prac
5	gq	f	21	6	circle	red	same	hori	left	(608, 480)	(648, 384)	True	13190	14326	left	(512, 384)	testing
5	gq	f	21	6	circle	red	same	hori	left	(648, 384)	(512, 248)	True	15469	16366	left	(512, 384)	testing
5	gq	f	21	6	diamond	none	same	vert	up	N_dis	(512, 520)	True	17607	19175	up	(512, 384)	testing
5	gq	f	21	6	diamond	none	dif	hori	left	N_dis	(648, 384)	True	20400	21475	left	(512, 384)	testing
5	gq	f	21	6	circle	red	same	hori	left	(608, 480)	(415, 480)	True	22616	23837	left	(512, 384)	testing
5	gq	f	21	6	diamond	green	same	vert	up	(608, 480)	(648, 384)	True	24970	26512	up	(512, 384)	testing
5	gq	f	21	6	circle	green	dif	vert	up	(608, 287)	(415, 287)	True	27685	29130	up	(512, 384)	testing
5	gq	f	21	6	circle	none	same	vert	up	N_dis	(415, 480)	True	30240	31306	up	(512, 384)	testing
5	gq	f	21	6	diamond	none	dif	vert	up	N_dis	(512, 520)	True	32531	33900	up	(512, 384)	testing
5	gq	f	21	6	circle	green	dif	hori	left	(512, 248)	(376, 384)	True	35090	36624	left	(512, 384)	testing
5	gq	f	21	6	diamond	green	same	hori	left	(608, 480)	(415, 287)	True	37732	39807	left	(512, 384)	testing
5	gq	f	21	6	diamond	green	same	hori	left	(608, 480)	(376, 384)	True	40973	42159	left	(512, 384)	testing
5	gq	f	21	6	diamond	red	dif	vert	up	(608, 480)	(512, 248)	True	43281	44264	up	(512, 384)	testing
5	gq	f	21	6	circle	red	same	vert	up	(608, 287)	(512, 248)	True	45365	47514	up	(512, 384)	testing
5	gq	f	21	6	circle	red	same	hori	left	(608, 480)	(415, 287)	True	48715	49439	left	(512, 384)	testing
5	gq	f	21	6	diamond	red	dif	vert	up	(415, 287)	(648, 384)	True	50560	51587	up	(512, 384)	testing
5	gq	f	21	6	diamond	green	dif	vert	up	(608, 480)	(376, 384)	True	52732	53552	up	(512, 384)	testing
5	gq	f	21	6	diamond	green	same	vert	up	(608, 480)	(376, 384)	True	54763	55506	up	(512, 384)	testing
5	gq	f	21	6	circle	green	same	vert	up	(608, 480)	(376, 384)	True	56730	57885	up	(512, 384)	testing
5	gq	f	21	6	circle	none	dif	hori	left	N_dis	(512, 520)	True	58995	59962	left	(512, 384)	testing
5	gq	f	21	6	diamond	none	same	vert	up	N_dis	(512, 248)	True	61026	62336	up	(512, 384)	testing
5	gq	f	21	6	diamond	green	same	vert	up	(608, 480)	(415, 480)	True	63407	64327	up	(512, 384)	testing
5	gq	f	21	6	circle	red	dif	vert	up	(376, 384)	(648, 384)	True	65445	66212	up	(512, 384)	testing
5	gq	f	21	6	circle	red	same	vert	up	(608, 480)	(415, 287)	True	67431	68212	up	(512, 384)	testing
5	gq	f	21	6	diamond	green	dif	vert	up	(608, 480)	(512, 520)	True	69372	70586	up	(512, 384)	testing
5	gq	f	21	6	circle	none	dif	vert	up	N_dis	(608, 480)	True	71734	72619	up	(512, 384)	testing
5	gq	f	21	6	diamond	none	same	vert	up	N_dis	(608, 480)	True	73720	75194	up	(512, 384)	testing
5	gq	f	21	6	circle	green	dif	vert	up	(415, 480)	(512, 248)	True	76229	77468	up	(512, 384)	testing
5	gq	f	21	6	circle	red	dif	hori	left	(512, 248)	(376, 384)	True	78628	79704	left	(512, 384)	testing
5	gq	f	21	6	diamond	red	same	vert	up	(512, 248)	(608, 287)	True	80838	81951	up	(512, 384)	testing
5	gq	f	21	6	circle	green	same	hori	left	(608, 480)	(415, 480)	True	83021	84255	left	(512, 384)	testing
5	gq	f	21	6	diamond	red	dif	vert	up	(608, 480)	(512, 248)	True	85479	86540	up	(512, 384)	testing
5	gq	f	21	6	diamond	none	dif	vert	up	N_dis	(415, 287)	True	87777	89175	up	(512, 384)	testing
5	gq	f	21	6	circle	red	dif	hori	left	(608, 480)	(608, 287)	True	90254	91146	left	(512, 384)	testing
5	gq	f	21	6	diamond	green	same	hori	left	(608, 480)	(648, 384)	True	92189	93728	left	(512, 384)	testing
5	gq	f	21	6	circle	red	dif	vert	up	(512, 248)	(376, 384)	True	94861	95719	up	(512, 384)	testing
5	gq	f	21	6	circle	green	dif	hori	left	(608, 480)	(608, 287)	True	96990	97818	left	(512, 384)	testing
5	gq	f	21	6	circle	green	dif	hori	left	(608, 480)	(512, 520)	True	99057	100278	left	(512, 384)	testing
5	gq	f	21	6	circle	green	dif	vert	up	(608, 480)	(415, 480)	True	101378	102369	up	(512, 384)	testing
5	gq	f	21	6	diamond	red	same	hori	left	(608, 480)	(376, 384)	True	103430	104866	left	(512, 384)	testing
5	gq	f	21	6	diamond	none	same	vert	up	N_dis	(376, 384)	True	106051	106990	up	(512, 384)	testing
5	gq	f	21	6	circle	green	dif	hori	left	(512, 520)	(648, 384)	True	108258	109089	left	(512, 384)	testing
5	gq	f	21	6	circle	red	same	vert	up	(415, 287)	(512, 520)	True	110184	111019	up	(512, 384)	testing
5	gq	f	21	6	circle	green	same	hori	left	(415, 480)	(608, 287)	True	112184	112923	left	(512, 384)	testing
5	gq	f	21	6	diamond	red	same	vert	up	(648, 384)	(415, 287)	True	113961	115049	up	(512, 384)	testing
5	gq	f	21	6	diamond	green	same	vert	up	(608, 480)	(512, 520)	True	116185	117288	up	(512, 384)	testing
5	gq	f	21	6	circle	green	same	hori	left	(608, 480)	(415, 287)	True	118388	119208	left	(512, 384)	testing
5	gq	f	21	6	circle	none	dif	hori	left	N_dis	(608, 287)	True	120306	121265	left	(512, 384)	testing
5	gq	f	21	6	circle	green	dif	hori	left	(415, 287)	(512, 520)	True	122322	123156	left	(512, 384)	testing
5	gq	f	21	6	circle	none	dif	vert	up	N_dis	(608, 287)	True	124206	124908	up	(512, 384)	testing
5	gq	f	21	6	circle	green	dif	vert	up	(376, 384)	(415, 480)	True	126024	127849	up	(512, 384)	testing
5	gq	f	21	6	diamond	red	same	hori	left	(608, 480)	(415, 287)	True	128960	130169	left	(512, 384)	testing
5	gq	f	21	6	diamond	green	same	hori	left	(608, 480)	(608, 287)	True	131240	132097	left	(512, 384)	testing
5	gq	f	21	6	diamond	red	same	vert	up	(608, 480)	(512, 248)	True	133234	134088	up	(512, 384)	testing
5	gq	f	21	6	diamond	none	dif	vert	up	N_dis	(608, 480)	True	135249	137066	up	(512, 384)	testing
5	gq	f	21	6	circle	none	dif	vert	up	N_dis	(608, 480)	True	138131	138986	up	(512, 384)	testing
5	gq	f	21	6	circle	green	same	vert	up	(608, 480)	(608, 287)	True	140213	141682	up	(512, 384)	testing
5	gq	f	21	6	circle	red	dif	vert	up	(608, 480)	(415, 287)	True	142742	143604	up	(512, 384)	testing
5	gq	f	21	6	diamond	red	same	vert	up	(608, 480)	(512, 520)	True	144698	145920	up	(512, 384)	testing
5	gq	f	21	6	circle	none	dif	hori	left	N_dis	(415, 287)	True	147059	148007	left	(512, 384)	testing
5	gq	f	21	6	diamond	green	dif	hori	left	(608, 480)	(415, 480)	True	149217	150266	left	(512, 384)	testing
5	gq	f	21	6	circle	red	dif	vert	up	(376, 384)	(608, 287)	True	151304	152365	up	(512, 384)	testing
5	gq	f	21	6	circle	red	dif	hori	left	(608, 480)	(415, 287)	True	153626	154547	left	(512, 384)	testing
5	gq	f	21	6	diamond	red	dif	hori	left	(608, 480)	(512, 520)	True	155675	156635	left	(512, 384)	testing
5	gq	f	21	6	diamond	red	same	hori	left	(608, 480)	(608, 287)	True	157897	159210	left	(512, 384)	testing
5	gq	f	21	6	circle	red	same	vert	up	(608, 480)	(512, 520)	True	160333	161203	up	(512, 384)	testing
5	gq	f	21	6	circle	red	dif	hori	left	(608, 480)	(415, 287)	True	162308	163277	left	(512, 384)	testing
5	gq	f	21	6	diamond	none	dif	hori	left	N_dis	(608, 287)	True	164532	166200	left	(512, 384)	testing
5	gq	f	21	6	diamond	none	same	hori	left	N_dis	(415, 287)	True	167326	169349	up	(512, 384)	testing
5	gq	f	21	6	circle	none	same	hori	left	N_dis	(376, 384)	True	172063	173074	left	(512, 384)	testing
5	gq	f	21	6	diamond	red	dif	hori	left	(608, 480)	(376, 384)	True	174272	175748	left	(512, 384)	testing
5	gq	f	21	6	circle	red	dif	vert	up	(608, 480)	(512, 248)	True	176914	178222	up	(512, 384)	testing
5	gq	f	21	6	diamond	green	dif	vert	up	(608, 480)	(648, 384)	True	179398	180839	up	(512, 384)	testing
5	gq	f	21	6	circle	none	same	vert	up	N_dis	(415, 287)	True	182097	184298	up	(512, 384)	testing
5	gq	f	21	6	diamond	green	same	vert	up	(608, 287)	(376, 384)	True	185346	186885	up	(512, 384)	testing
5	gq	f	21	6	diamond	none	same	hori	left	N_dis	(648, 384)	True	188009	188854	left	(512, 384)	testing
5	gq	f	21	6	circle	none	dif	vert	up	N_dis	(512, 248)	True	190036	190953	up	(512, 384)	testing
5	gq	f	21	6	diamond	green	same	hori	left	(608, 480)	(648, 384)	True	192095	193785	left	(512, 384)	testing
5	gq	f	21	6	diamond	red	dif	hori	left	(376, 384)	(415, 480)	True	194938	196663	left	(512, 384)	testing
5	gq	f	21	6	diamond	none	dif	vert	up	N_dis	(512, 520)	True	197703	198645	up	(512, 384)	testing
5	gq	f	21	6	circle	none	same	hori	left	N_dis	(512, 248)	True	199698	201483	left	(512, 384)	testing
5	gq	f	21	6	diamond	red	dif	hori	left	(608, 480)	(648, 384)	True	202548	203682	left	(512, 384)	testing
5	gq	f	21	6	diamond	none	same	hori	left	N_dis	(415, 480)	True	204763	205730	left	(512, 384)	testing
5	gq	f	21	6	circle	none	dif	hori	left	N_dis	(415, 287)	True	206829	207604	left	(512, 384)	testing
5	gq	f	21	6	diamond	green	dif	hori	left	(608, 480)	(512, 520)	True	208804	209868	left	(512, 384)	testing
5	gq	f	21	6	diamond	red	same	vert	up	(608, 480)	(608, 287)	True	210952	211779	up	(512, 384)	testing
5	gq	f	21	6	circle	green	same	vert	up	(415, 480)	(376, 384)	True	212837	213981	up	(512, 384)	testing
5	gq	f	21	6	diamond	none	dif	hori	left	N_dis	(415, 480)	True	215202	216491	left	(512, 384)	testing
5	gq	f	21	6	diamond	red	dif	vert	up	(608, 480)	(415, 480)	True	217663	218719	up	(512, 384)	testing
5	gq	f	21	6	diamond	none	dif	vert	up	N_dis	(648, 384)	True	219852	220952	up	(512, 384)	testing
5	gq	f	21	6	diamond	none	dif	hori	left	N_dis	(512, 248)	True	221995	222863	left	(512, 384)	testing
5	gq	f	21	6	diamond	none	dif	hori	left	N_dis	(512, 248)	True	224105	225169	left	(512, 384)	testing
5	gq	f	21	6	diamond	red	same	hori	left	(608, 480)	(512, 248)	True	226234	227526	left	(512, 384)	testing
5	gq	f	21	6	circle	red	same	hori	left	(608, 480)	(608, 287)	True	228726	230095	left	(512, 384)	testing
5	gq	f	21	6	circle	none	same	hori	left	N_dis	(376, 384)	True	231196	232017	left	(512, 384)	testing
5	gq	f	21	6	circle	green	same	vert	up	(608, 480)	(415, 480)	True	233197	234130	up	(512, 384)	testing
5	gq	f	21	6	diamond	red	same	hori	left	(608, 287)	(415, 287)	True	235198	236467	left	(512, 384)	testing
5	gq	f	21	6	diamond	none	same	vert	up	N_dis	(376, 384)	True	237551	238749	up	(512, 384)	testing
5	gq	f	21	6	diamond	none	same	hori	left	N_dis	(608, 287)	True	239925	241346	left	(512, 384)	testing
5	gq	f	21	6	circle	none	same	hori	left	N_dis	(648, 384)	True	242586	243714	left	(512, 384)	testing
5	gq	f	21	6	circle	none	same	vert	up	N_dis	(608, 480)	True	244757	245622	up	(512, 384)	testing
5	gq	f	21	6	circle	green	same	hori	left	(415, 287)	(512, 520)	True	246656	247784	left	(512, 384)	testing
5	gq	f	21	6	circle	none	same	vert	up	N_dis	(648, 384)	True	249013	249951	up	(512, 384)	testing
5	gq	f	21	6	diamond	green	dif	vert	up	(415, 480)	(512, 248)	True	251126	252286	up	(512, 384)	testing
5	gq	f	21	6	diamond	green	dif	hori	left	(512, 520)	(376, 384)	True	253378	254351	left	(512, 384)	testing
5	gq	f	21	6	circle	green	dif	vert	up	(608, 480)	(415, 287)	True	255516	257058	up	(512, 384)	testing
5	gq	f	21	6	circle	none	dif	vert	up	N_dis	(376, 384)	True	258146	259359	up	(512, 384)	testing
5	gq	f	21	6	diamond	red	dif	vert	up	(512, 520)	(512, 248)	True	260513	261630	up	(512, 384)	testing
5	gq	f	21	6	diamond	green	dif	hori	left	(608, 480)	(376, 384)	True	262681	263590	left	(512, 384)	testing
5	gq	f	21	6	diamond	none	same	hori	left	N_dis	(512, 520)	True	264837	266367	left	(512, 384)	testing
5	gq	f	21	6	diamond	green	dif	vert	up	(512, 520)	(608, 287)	True	267405	268510	up	(512, 384)	testing
5	gq	f	21	6	circle	none	same	hori	left	N_dis	(415, 480)	True	269536	270960	left	(512, 384)	testing
5	gq	f	21	6	diamond	red	dif	hori	left	(608, 480)	(512, 248)	True	272003	272994	left	(512, 384)	testing
5	gq	f	21	6	diamond	green	dif	hori	left	(648, 384)	(512, 248)	True	274082	274887	left	(512, 384)	testing
5	gq	f	21	6	circle	red	dif	hori	left	(648, 384)	(415, 480)	True	276056	277077	left	(512, 384)	testing
5	gq	f	21	6	circle	none	same	vert	up	N_dis	(608, 287)	True	278311	279045	up	(512, 384)	testing
5	gq	f	21	6	circle	green	same	hori	left	(608, 480)	(648, 384)	True	280227	281172	left	(512, 384)	testing
5	gq	f	21	6	circle	red	same	vert	up	(608, 480)	(415, 287)	True	282434	283297	up	(512, 384)	testing
5	gq	f	21	6	circle	none	dif	hori	left	N_dis	(415, 480)	True	284514	285600	left	(512, 384)	testing
5	gq	f	21	6	circle	green	same	vert	up	(608, 480)	(512, 248)	True	286790	287793	up	(512, 384)	testing
