subj	name	gender	age	runNum	shape	dist	td_dif	resp	resp_key	d_loc	t_loc	gotKey	startTime	respTime	resp	fix_loc	prac
5	gq	f	21	3	circle	none	same	hori	left	N_dis	(512, 248)	True	10266	11488	left	(512, 384)	testing
5	gq	f	21	3	diamond	green	dif	vert	up	(415, 287)	(376, 384)	True	12516	13976	up	(512, 384)	testing
5	gq	f	21	3	circle	none	dif	hori	left	N_dis	(512, 248)	True	15074	16517	left	(512, 384)	testing
5	gq	f	21	3	diamond	none	dif	vert	up	N_dis	(376, 384)	True	17771	18793	up	(512, 384)	testing
5	gq	f	21	3	circle	green	same	vert	up	(512, 520)	(608, 287)	True	20049	21734	up	(512, 384)	testing
5	gq	f	21	3	circle	none	dif	vert	up	N_dis	(648, 384)	True	22915	23825	up	(512, 384)	testing
5	gq	f	21	3	circle	green	same	hori	left	(648, 384)	(512, 520)	True	24958	25871	left	(512, 384)	testing
5	gq	f	21	3	diamond	green	dif	vert	up	(608, 480)	(415, 480)	True	27060	28509	up	(512, 384)	testing
5	gq	f	21	3	circle	red	dif	hori	left	(608, 480)	(415, 287)	True	29621	31404	left	(512, 384)	testing
5	gq	f	21	3	circle	red	same	vert	up	(376, 384)	(415, 287)	True	32468	33507	left	(512, 384)	testing
5	gq	f	21	3	diamond	green	same	vert	up	(608, 480)	(415, 287)	True	36271	38160	up	(512, 384)	testing
5	gq	f	21	3	circle	green	dif	hori	left	(608, 287)	(376, 384)	True	39388	40925	left	(512, 384)	testing
5	gq	f	21	3	circle	none	dif	hori	left	N_dis	(512, 520)	True	42037	42945	left	(512, 384)	testing
5	gq	f	21	3	circle	green	dif	hori	left	(608, 480)	(376, 384)	True	44066	45365	left	(512, 384)	testing
5	gq	f	21	3	circle	green	same	hori	left	(608, 480)	(512, 248)	True	46634	47776	left	(512, 384)	testing
5	gq	f	21	3	circle	red	same	hori	left	(608, 480)	(608, 287)	True	48912	49810	left	(512, 384)	testing
5	gq	f	21	3	circle	green	dif	hori	left	(512, 520)	(648, 384)	True	50962	51732	left	(512, 384)	testing
5	gq	f	21	3	circle	green	same	vert	up	(608, 287)	(512, 520)	True	52795	54954	up	(512, 384)	testing
5	gq	f	21	3	diamond	none	dif	hori	left	N_dis	(512, 520)	True	56169	57743	left	(512, 384)	testing
5	gq	f	21	3	circle	red	dif	vert	up	(608, 480)	(608, 287)	True	58851	60856	up	(512, 384)	testing
5	gq	f	21	3	circle	red	dif	vert	up	(608, 480)	(415, 480)	True	62070	64130	up	(512, 384)	testing
5	gq	f	21	3	diamond	green	dif	vert	up	(376, 384)	(415, 287)	True	65286	67223	up	(512, 384)	testing
5	gq	f	21	3	diamond	red	same	vert	up	(608, 480)	(415, 287)	True	68306	69673	up	(512, 384)	testing
5	gq	f	21	3	diamond	red	dif	vert	up	(415, 287)	(648, 384)	True	70705	71907	up	(512, 384)	testing
5	gq	f	21	3	diamond	green	same	vert	up	(608, 480)	(415, 287)	True	73126	74302	up	(512, 384)	testing
5	gq	f	21	3	circle	green	same	vert	up	(608, 480)	(376, 384)	True	75403	76859	up	(512, 384)	testing
5	gq	f	21	3	circle	none	same	hori	left	N_dis	(608, 287)	True	78040	78975	left	(512, 384)	testing
5	gq	f	21	3	circle	red	dif	vert	up	(608, 480)	(512, 248)	True	80168	81788	up	(512, 384)	testing
5	gq	f	21	3	diamond	green	dif	hori	left	(608, 480)	(512, 520)	True	83004	85325	left	(512, 384)	testing
5	gq	f	21	3	diamond	green	same	vert	up	(608, 287)	(648, 384)	True	86432	87676	up	(512, 384)	testing
5	gq	f	21	3	circle	none	same	hori	left	N_dis	(648, 384)	True	88931	89953	left	(512, 384)	testing
5	gq	f	21	3	diamond	none	same	vert	up	N_dis	(415, 480)	True	91013	92523	up	(512, 384)	testing
5	gq	f	21	3	circle	red	dif	hori	left	(608, 480)	(608, 287)	True	93551	94588	left	(512, 384)	testing
5	gq	f	21	3	circle	none	same	hori	left	N_dis	(415, 287)	True	95624	96571	left	(512, 384)	testing
5	gq	f	21	3	circle	none	same	vert	up	N_dis	(512, 248)	True	97783	98891	up	(512, 384)	testing
5	gq	f	21	3	circle	none	dif	vert	up	N_dis	(608, 480)	True	100082	101078	up	(512, 384)	testing
5	gq	f	21	3	circle	none	same	vert	up	N_dis	(512, 248)	True	102118	103694	up	(512, 384)	testing
5	gq	f	21	3	circle	green	dif	hori	left	(608, 480)	(415, 287)	True	104907	105761	left	(512, 384)	testing
5	gq	f	21	3	circle	green	same	vert	up	(648, 384)	(415, 480)	True	106980	108089	up	(512, 384)	testing
5	gq	f	21	3	diamond	red	same	hori	left	(608, 480)	(376, 384)	True	109329	110877	left	(512, 384)	testing
5	gq	f	21	3	diamond	none	dif	vert	up	N_dis	(608, 480)	True	111999	113192	up	(512, 384)	testing
5	gq	f	21	3	diamond	none	same	hori	left	N_dis	(376, 384)	True	114315	115583	left	(512, 384)	testing
5	gq	f	21	3	diamond	red	dif	hori	left	(608, 480)	(512, 520)	True	116742	118093	left	(512, 384)	testing
5	gq	f	21	3	diamond	none	dif	vert	up	N_dis	(415, 480)	True	119218	120735	up	(512, 384)	testing
5	gq	f	21	3	diamond	red	dif	vert	up	(608, 480)	(648, 384)	True	121890	123088	up	(512, 384)	testing
5	gq	f	21	3	diamond	red	dif	hori	left	(512, 248)	(648, 384)	True	124130	125524	left	(512, 384)	testing
5	gq	f	21	3	circle	red	same	hori	left	(608, 287)	(648, 384)	True	126596	128428	left	(512, 384)	testing
5	gq	f	21	3	circle	red	same	vert	up	(608, 480)	(512, 520)	True	129468	131546	up	(512, 384)	testing
5	gq	f	21	3	diamond	red	same	vert	up	(512, 520)	(376, 384)	True	132675	134025	up	(512, 384)	testing
5	gq	f	21	3	circle	green	dif	vert	up	(608, 480)	(648, 384)	True	135182	136838	up	(512, 384)	testing
5	gq	f	21	3	diamond	red	same	vert	up	(608, 480)	(512, 248)	True	137903	139708	up	(512, 384)	testing
5	gq	f	21	3	diamond	green	dif	hori	left	(512, 248)	(376, 384)	True	140905	141841	left	(512, 384)	testing
5	gq	f	21	3	diamond	red	same	hori	left	(608, 480)	(608, 287)	True	143042	144477	left	(512, 384)	testing
5	gq	f	21	3	circle	none	dif	hori	left	N_dis	(608, 287)	True	145727	146545	left	(512, 384)	testing
5	gq	f	21	3	circle	green	dif	vert	up	(608, 480)	(512, 520)	True	147775	148742	up	(512, 384)	testing
5	gq	f	21	3	circle	red	same	hori	left	(608, 480)	(648, 384)	True	149798	150710	left	(512, 384)	testing
5	gq	f	21	3	circle	red	dif	hori	left	(608, 480)	(415, 480)	True	151947	153628	left	(512, 384)	testing
5	gq	f	21	3	diamond	red	dif	vert	up	(608, 480)	(376, 384)	True	154701	155613	up	(512, 384)	testing
5	gq	f	21	3	diamond	green	dif	hori	left	(415, 480)	(648, 384)	True	156679	158878	left	(512, 384)	testing
5	gq	f	21	3	diamond	none	dif	vert	up	N_dis	(608, 480)	True	159909	161022	up	(512, 384)	testing
5	gq	f	21	3	diamond	red	same	hori	left	(608, 480)	(648, 384)	True	162228	163375	left	(512, 384)	testing
5	gq	f	21	3	diamond	none	same	hori	left	N_dis	(376, 384)	True	164410	166182	left	(512, 384)	testing
5	gq	f	21	3	diamond	green	dif	hori	left	(512, 248)	(376, 384)	True	167314	168641	left	(512, 384)	testing
5	gq	f	21	3	circle	none	dif	vert	up	N_dis	(376, 384)	True	169859	170623	up	(512, 384)	testing
5	gq	f	21	3	diamond	none	same	vert	up	N_dis	(512, 520)	True	171772	173065	up	(512, 384)	testing
5	gq	f	21	3	diamond	red	dif	hori	left	(608, 480)	(415, 480)	True	174186	175096	left	(512, 384)	testing
5	gq	f	21	3	circle	none	same	vert	up	N_dis	(415, 480)	True	176193	177104	up	(512, 384)	testing
5	gq	f	21	3	circle	green	dif	vert	up	(415, 287)	(512, 248)	True	178277	179938	up	(512, 384)	testing
5	gq	f	21	3	diamond	green	same	hori	left	(608, 480)	(648, 384)	True	180982	182507	left	(512, 384)	testing
5	gq	f	21	3	diamond	green	same	hori	left	(608, 480)	(415, 287)	True	183679	184735	left	(512, 384)	testing
5	gq	f	21	3	diamond	red	dif	hori	left	(648, 384)	(512, 520)	True	185892	186869	left	(512, 384)	testing
5	gq	f	21	3	circle	green	dif	vert	up	(608, 480)	(608, 287)	True	188083	189182	left	(512, 384)	testing
5	gq	f	21	3	circle	red	dif	vert	up	(608, 480)	(415, 287)	True	191955	193515	up	(512, 384)	testing
5	gq	f	21	3	diamond	none	dif	hori	left	N_dis	(415, 287)	True	194765	196588	left	(512, 384)	testing
5	gq	f	21	3	diamond	green	same	hori	left	(415, 287)	(376, 384)	True	197765	199528	left	(512, 384)	testing
5	gq	f	21	3	circle	none	dif	vert	up	N_dis	(415, 480)	True	200673	201634	up	(512, 384)	testing
5	gq	f	21	3	circle	green	same	hori	left	(608, 480)	(512, 248)	True	202897	203830	left	(512, 384)	testing
5	gq	f	21	3	diamond	red	same	hori	left	(648, 384)	(415, 287)	True	204909	206654	left	(512, 384)	testing
5	gq	f	21	3	diamond	red	same	vert	up	(608, 480)	(608, 287)	True	207779	208866	up	(512, 384)	testing
5	gq	f	21	3	diamond	red	same	vert	up	(608, 480)	(415, 480)	True	210050	211209	up	(512, 384)	testing
5	gq	f	21	3	circle	red	same	hori	left	(608, 480)	(608, 287)	True	212327	213198	left	(512, 384)	testing
5	gq	f	21	3	diamond	none	same	hori	left	N_dis	(512, 520)	True	214345	215343	left	(512, 384)	testing
5	gq	f	21	3	diamond	green	dif	vert	up	(376, 384)	(415, 480)	True	216438	218812	up	(512, 384)	testing
5	gq	f	21	3	diamond	green	dif	hori	left	(608, 480)	(376, 384)	True	220040	222330	left	(512, 384)	testing
5	gq	f	21	3	diamond	red	dif	vert	up	(608, 480)	(415, 480)	True	223409	224367	up	(512, 384)	testing
5	gq	f	21	3	circle	green	same	hori	left	(608, 480)	(376, 384)	True	225579	227362	left	(512, 384)	testing
5	gq	f	21	3	diamond	green	dif	vert	up	(512, 248)	(376, 384)	True	228482	230308	up	(512, 384)	testing
5	gq	f	21	3	circle	red	same	hori	left	(608, 480)	(648, 384)	True	231439	233056	left	(512, 384)	testing
5	gq	f	21	3	circle	none	same	vert	up	N_dis	(415, 480)	True	234202	235044	up	(512, 384)	testing
5	gq	f	21	3	circle	red	dif	hori	left	(608, 480)	(415, 287)	True	236175	237454	left	(512, 384)	testing
5	gq	f	21	3	diamond	none	dif	vert	up	N_dis	(608, 480)	True	238585	239737	up	(512, 384)	testing
5	gq	f	21	3	diamond	none	dif	hori	left	N_dis	(512, 520)	True	240940	242329	left	(512, 384)	testing
5	gq	f	21	3	circle	red	same	vert	up	(608, 480)	(512, 520)	True	243497	245036	up	(512, 384)	testing
5	gq	f	21	3	circle	green	same	hori	left	(415, 480)	(608, 287)	True	246216	247070	left	(512, 384)	testing
5	gq	f	21	3	circle	red	same	vert	up	(608, 480)	(376, 384)	True	248143	249233	up	(512, 384)	testing
5	gq	f	21	3	diamond	green	same	vert	up	(608, 480)	(415, 480)	True	250282	251429	up	(512, 384)	testing
5	gq	f	21	3	diamond	none	same	vert	up	N_dis	(648, 384)	True	252696	253920	up	(512, 384)	testing
5	gq	f	21	3	diamond	none	same	hori	left	N_dis	(512, 248)	True	255089	256644	left	(512, 384)	testing
5	gq	f	21	3	circle	red	dif	hori	left	(608, 480)	(415, 287)	True	257786	259368	left	(512, 384)	testing
5	gq	f	21	3	circle	red	same	vert	up	(608, 480)	(512, 248)	True	260533	262568	up	(512, 384)	testing
5	gq	f	21	3	diamond	green	same	hori	left	(608, 480)	(415, 287)	True	263613	265492	left	(512, 384)	testing
5	gq	f	21	3	diamond	none	same	hori	left	N_dis	(648, 384)	True	266553	267912	left	(512, 384)	testing
5	gq	f	21	3	diamond	red	dif	vert	up	(608, 480)	(512, 248)	True	269061	270000	up	(512, 384)	testing
5	gq	f	21	3	circle	green	same	vert	up	(376, 384)	(512, 520)	True	271235	272418	up	(512, 384)	testing
5	gq	f	21	3	diamond	none	same	vert	up	N_dis	(648, 384)	True	273461	274341	up	(512, 384)	testing
5	gq	f	21	3	circle	green	dif	hori	left	(608, 480)	(512, 248)	True	275496	276914	left	(512, 384)	testing
5	gq	f	21	3	circle	none	dif	vert	up	N_dis	(608, 480)	True	278135	279130	up	(512, 384)	testing
5	gq	f	21	3	circle	red	dif	vert	up	(608, 480)	(648, 384)	False	280235	None	None	(512, 384)	testing
5	gq	f	21	3	diamond	green	same	hori	left	(415, 480)	(512, 248)	True	285839	288644	left	(512, 384)	testing
5	gq	f	21	3	diamond	red	dif	hori	left	(608, 480)	(512, 520)	True	289728	291437	left	(512, 384)	testing
5	gq	f	21	3	circle	none	same	hori	left	N_dis	(608, 287)	True	292671	293565	left	(512, 384)	testing
5	gq	f	21	3	circle	none	dif	hori	left	N_dis	(415, 287)	True	294596	295513	left	(512, 384)	testing
5	gq	f	21	3	diamond	green	same	vert	up	(512, 520)	(415, 480)	True	296659	297558	up	(512, 384)	testing
5	gq	f	21	3	diamond	none	dif	hori	left	N_dis	(608, 287)	True	298603	299447	left	(512, 384)	testing
5	gq	f	21	3	diamond	none	same	vert	up	N_dis	(608, 287)	True	300609	302214	up	(512, 384)	testing
5	gq	f	21	3	circle	green	dif	vert	up	(415, 480)	(415, 287)	True	303406	304990	up	(512, 384)	testing
5	gq	f	21	3	circle	none	dif	hori	left	N_dis	(415, 287)	True	306262	307097	left	(512, 384)	testing
5	gq	f	21	3	diamond	red	same	hori	left	(608, 480)	(512, 520)	True	308163	309728	left	(512, 384)	testing
5	gq	f	21	3	circle	none	same	vert	up	N_dis	(376, 384)	True	310864	311764	up	(512, 384)	testing
5	gq	f	21	3	diamond	none	dif	hori	left	N_dis	(415, 287)	True	313006	314057	left	(512, 384)	testing
