subj	name	gender	age	runNum	shape	dist	td_dif	resp	resp_key	d_loc	t_loc	gotKey	startTime	respTime	resp	fix_loc	prac
5	gq	f	21	8	circle	none	dif	hori	left	N_dis	(415, 287)	True	11606	12395	left	(512, 384)	testing
5	gq	f	21	8	diamond	none	same	vert	up	N_dis	(415, 480)	True	13431	14951	up	(512, 384)	testing
5	gq	f	21	8	circle	none	same	hori	left	N_dis	(512, 248)	True	16134	16902	left	(512, 384)	testing
5	gq	f	21	8	diamond	none	dif	hori	left	N_dis	(512, 520)	True	18070	20155	left	(512, 384)	testing
5	gq	f	21	8	circle	green	dif	hori	left	(512, 248)	(512, 520)	True	21417	22469	left	(512, 384)	testing
5	gq	f	21	8	circle	none	same	vert	up	N_dis	(512, 520)	True	23545	24443	up	(512, 384)	testing
5	gq	f	21	8	circle	red	dif	hori	left	(512, 248)	(415, 480)	True	25580	26273	left	(512, 384)	testing
5	gq	f	21	8	circle	none	dif	hori	left	N_dis	(376, 384)	True	27395	28502	left	(512, 384)	testing
5	gq	f	21	8	diamond	none	same	hori	left	N_dis	(512, 248)	True	29764	30835	left	(512, 384)	testing
5	gq	f	21	8	circle	red	dif	vert	up	(512, 248)	(512, 520)	True	32099	32965	up	(512, 384)	testing
5	gq	f	21	8	diamond	none	same	hori	left	N_dis	(512, 248)	True	34138	35151	left	(512, 384)	testing
5	gq	f	21	8	diamond	none	dif	hori	left	N_dis	(415, 480)	True	36404	37412	left	(512, 384)	testing
5	gq	f	21	8	diamond	green	same	vert	up	(512, 248)	(512, 520)	True	38465	39913	up	(512, 384)	testing
5	gq	f	21	8	circle	green	same	vert	up	(512, 520)	(376, 384)	True	41134	42859	up	(512, 384)	testing
5	gq	f	21	8	circle	none	same	hori	left	N_dis	(648, 384)	True	43898	44724	left	(512, 384)	testing
5	gq	f	21	8	diamond	green	dif	hori	left	(512, 248)	(648, 384)	True	45951	47733	left	(512, 384)	testing
5	gq	f	21	8	diamond	green	same	hori	left	(512, 248)	(648, 384)	True	48865	49783	left	(512, 384)	testing
5	gq	f	21	8	diamond	red	dif	vert	up	(648, 384)	(512, 520)	True	50846	51620	up	(512, 384)	testing
5	gq	f	21	8	circle	none	dif	vert	up	N_dis	(376, 384)	True	52812	54080	up	(512, 384)	testing
5	gq	f	21	8	circle	red	same	hori	left	(512, 248)	(648, 384)	True	55255	56356	left	(512, 384)	testing
5	gq	f	21	8	diamond	green	same	hori	left	(512, 248)	(608, 480)	True	57529	59451	left	(512, 384)	testing
5	gq	f	21	8	diamond	red	dif	vert	up	(512, 248)	(608, 287)	True	60613	61642	up	(512, 384)	testing
5	gq	f	21	8	circle	green	same	hori	left	(512, 248)	(648, 384)	True	62709	63632	left	(512, 384)	testing
5	gq	f	21	8	circle	green	same	hori	left	(512, 248)	(608, 287)	True	64857	66327	left	(512, 384)	testing
5	gq	f	21	8	circle	none	dif	vert	up	N_dis	(376, 384)	True	67381	68152	up	(512, 384)	testing
5	gq	f	21	8	diamond	none	dif	hori	left	N_dis	(608, 480)	True	69222	70637	left	(512, 384)	testing
5	gq	f	21	8	diamond	green	same	vert	up	(415, 287)	(512, 520)	True	71772	72799	up	(512, 384)	testing
5	gq	f	21	8	diamond	green	same	vert	up	(512, 248)	(415, 287)	True	73978	75360	up	(512, 384)	testing
5	gq	f	21	8	circle	green	dif	vert	up	(512, 248)	(415, 480)	True	76442	77347	up	(512, 384)	testing
5	gq	f	21	8	circle	red	same	vert	up	(512, 248)	(376, 384)	True	78454	79193	up	(512, 384)	testing
5	gq	f	21	8	diamond	red	dif	vert	up	(512, 248)	(415, 287)	True	80342	81550	up	(512, 384)	testing
5	gq	f	21	8	diamond	red	same	vert	up	(376, 384)	(608, 480)	True	82762	83731	up	(512, 384)	testing
5	gq	f	21	8	diamond	red	same	vert	up	(512, 248)	(608, 287)	True	84890	85753	up	(512, 384)	testing
5	gq	f	21	8	circle	none	same	vert	up	N_dis	(608, 480)	True	87002	87972	up	(512, 384)	testing
5	gq	f	21	8	diamond	none	dif	hori	left	N_dis	(608, 287)	True	89205	90130	left	(512, 384)	testing
5	gq	f	21	8	diamond	green	dif	hori	left	(512, 248)	(608, 480)	True	91194	92130	left	(512, 384)	testing
5	gq	f	21	8	diamond	green	dif	hori	left	(512, 520)	(376, 384)	True	93376	94338	left	(512, 384)	testing
5	gq	f	21	8	circle	red	dif	hori	left	(512, 248)	(415, 287)	True	95432	96272	left	(512, 384)	testing
5	gq	f	21	8	diamond	red	same	vert	up	(512, 248)	(608, 480)	True	97505	98728	up	(512, 384)	testing
5	gq	f	21	8	circle	none	same	vert	up	N_dis	(648, 384)	True	99767	100956	up	(512, 384)	testing
5	gq	f	21	8	circle	none	dif	vert	up	N_dis	(415, 287)	True	102075	103380	up	(512, 384)	testing
5	gq	f	21	8	circle	green	same	vert	up	(512, 520)	(415, 480)	True	104447	105722	up	(512, 384)	testing
5	gq	f	21	8	diamond	none	dif	vert	up	N_dis	(608, 287)	True	106807	108551	up	(512, 384)	testing
5	gq	f	21	8	circle	red	same	vert	up	(512, 248)	(376, 384)	True	109650	110990	up	(512, 384)	testing
5	gq	f	21	8	diamond	green	dif	vert	up	(512, 248)	(608, 287)	True	112052	113071	up	(512, 384)	testing
5	gq	f	21	8	circle	green	same	hori	left	(512, 248)	(608, 480)	True	114285	115070	left	(512, 384)	testing
5	gq	f	21	8	circle	green	dif	vert	up	(512, 248)	(376, 384)	True	116230	117052	up	(512, 384)	testing
5	gq	f	21	8	circle	green	dif	vert	up	(512, 248)	(415, 480)	True	118272	119066	up	(512, 384)	testing
5	gq	f	21	8	diamond	green	dif	hori	left	(608, 480)	(608, 287)	True	120278	121037	left	(512, 384)	testing
5	gq	f	21	8	circle	red	same	hori	left	(512, 248)	(608, 480)	True	122191	123516	left	(512, 384)	testing
5	gq	f	21	8	diamond	red	dif	hori	left	(415, 480)	(648, 384)	True	124701	126208	left	(512, 384)	testing
5	gq	f	21	8	diamond	none	dif	hori	left	N_dis	(415, 287)	True	127277	128428	left	(512, 384)	testing
5	gq	f	21	8	diamond	none	same	vert	up	N_dis	(512, 248)	True	129644	131196	up	(512, 384)	testing
5	gq	f	21	8	circle	red	same	hori	left	(512, 248)	(512, 520)	True	132332	133175	left	(512, 384)	testing
5	gq	f	21	8	diamond	green	dif	hori	left	(376, 384)	(648, 384)	True	134348	135186	left	(512, 384)	testing
5	gq	f	21	8	circle	none	dif	vert	up	N_dis	(415, 287)	True	136234	137680	up	(512, 384)	testing
5	gq	f	21	8	circle	red	dif	vert	up	(512, 248)	(512, 520)	True	138740	139508	up	(512, 384)	testing
5	gq	f	21	8	circle	none	same	vert	up	N_dis	(415, 480)	True	140627	141892	up	(512, 384)	testing
5	gq	f	21	8	diamond	none	dif	vert	up	N_dis	(648, 384)	True	142925	143891	up	(512, 384)	testing
5	gq	f	21	8	diamond	red	same	vert	up	(608, 287)	(648, 384)	True	145044	146597	up	(512, 384)	testing
5	gq	f	21	8	circle	green	dif	hori	left	(512, 248)	(415, 480)	True	147669	149160	left	(512, 384)	testing
5	gq	f	21	8	diamond	green	dif	vert	up	(512, 248)	(608, 287)	True	150298	151403	up	(512, 384)	testing
5	gq	f	21	8	diamond	none	same	hori	left	N_dis	(608, 287)	True	152571	153879	left	(512, 384)	testing
5	gq	f	21	8	circle	red	same	vert	up	(415, 287)	(376, 384)	True	155071	156608	up	(512, 384)	testing
5	gq	f	21	8	diamond	green	same	vert	up	(415, 480)	(648, 384)	True	157777	159438	up	(512, 384)	testing
5	gq	f	21	8	circle	none	dif	hori	left	N_dis	(608, 480)	True	160656	161742	left	(512, 384)	testing
5	gq	f	21	8	circle	red	same	vert	up	(415, 480)	(512, 520)	True	162839	163830	up	(512, 384)	testing
5	gq	f	21	8	diamond	red	dif	vert	up	(512, 520)	(415, 287)	True	165044	166194	up	(512, 384)	testing
5	gq	f	21	8	diamond	green	dif	vert	up	(376, 384)	(608, 287)	True	167216	168202	up	(512, 384)	testing
5	gq	f	21	8	diamond	green	same	hori	left	(512, 248)	(415, 287)	True	169438	170798	left	(512, 384)	testing
5	gq	f	21	8	circle	red	dif	vert	up	(415, 480)	(512, 520)	True	171981	172861	up	(512, 384)	testing
5	gq	f	21	8	circle	green	dif	hori	left	(512, 248)	(512, 520)	True	174040	174877	left	(512, 384)	testing
5	gq	f	21	8	diamond	none	same	vert	up	N_dis	(376, 384)	True	176098	176956	up	(512, 384)	testing
5	gq	f	21	8	circle	green	same	hori	left	(512, 248)	(415, 287)	True	178007	179826	left	(512, 384)	testing
5	gq	f	21	8	circle	none	dif	vert	up	N_dis	(376, 384)	True	181002	181971	up	(512, 384)	testing
5	gq	f	21	8	diamond	red	dif	vert	up	(608, 287)	(415, 480)	True	183156	184311	up	(512, 384)	testing
5	gq	f	21	8	circle	none	same	hori	left	N_dis	(608, 480)	True	185515	186373	left	(512, 384)	testing
5	gq	f	21	8	diamond	red	dif	hori	left	(512, 248)	(608, 287)	True	187443	188470	left	(512, 384)	testing
5	gq	f	21	8	diamond	red	same	hori	left	(608, 287)	(648, 384)	True	189703	190589	left	(512, 384)	testing
5	gq	f	21	8	circle	red	dif	hori	left	(415, 287)	(415, 480)	True	191712	192705	left	(512, 384)	testing
5	gq	f	21	8	circle	red	dif	hori	left	(608, 287)	(415, 480)	True	193858	194522	left	(512, 384)	testing
5	gq	f	21	8	circle	red	same	hori	left	(512, 248)	(376, 384)	True	195562	196590	left	(512, 384)	testing
5	gq	f	21	8	diamond	red	same	hori	left	(512, 248)	(648, 384)	True	197768	198963	left	(512, 384)	testing
5	gq	f	21	8	diamond	none	same	vert	up	N_dis	(415, 480)	True	200136	201073	up	(512, 384)	testing
5	gq	f	21	8	circle	green	dif	vert	up	(512, 248)	(648, 384)	True	202280	203277	up	(512, 384)	testing
5	gq	f	21	8	circle	green	same	vert	up	(648, 384)	(376, 384)	True	204468	206355	up	(512, 384)	testing
5	gq	f	21	8	diamond	red	dif	hori	left	(512, 248)	(608, 287)	True	207510	208623	left	(512, 384)	testing
5	gq	f	21	8	diamond	red	same	hori	left	(376, 384)	(608, 287)	True	209840	211010	left	(512, 384)	testing
5	gq	f	21	8	circle	red	dif	hori	left	(512, 248)	(415, 480)	True	212156	213071	left	(512, 384)	testing
5	gq	f	21	8	diamond	red	same	hori	left	(608, 480)	(648, 384)	True	214311	215440	left	(512, 384)	testing
5	gq	f	21	8	diamond	red	dif	hori	left	(512, 248)	(608, 480)	True	216468	217425	left	(512, 384)	testing
5	gq	f	21	8	diamond	none	same	vert	up	N_dis	(608, 287)	True	218615	219415	up	(512, 384)	testing
5	gq	f	21	8	circle	green	dif	hori	left	(512, 248)	(415, 480)	True	220534	222658	left	(512, 384)	testing
5	gq	f	21	8	circle	none	dif	hori	left	N_dis	(415, 287)	True	223922	224666	left	(512, 384)	testing
5	gq	f	21	8	circle	red	same	vert	up	(512, 248)	(376, 384)	True	225797	226722	up	(512, 384)	testing
5	gq	f	21	8	diamond	none	dif	vert	up	N_dis	(512, 520)	True	227847	228839	up	(512, 384)	testing
5	gq	f	21	8	diamond	green	same	hori	left	(512, 248)	(415, 287)	True	229903	230952	left	(512, 384)	testing
5	gq	f	21	8	diamond	green	same	hori	left	(415, 287)	(648, 384)	True	232062	233644	left	(512, 384)	testing
5	gq	f	21	8	diamond	none	dif	vert	up	N_dis	(648, 384)	True	234814	235575	up	(512, 384)	testing
5	gq	f	21	8	circle	red	dif	vert	up	(512, 248)	(648, 384)	True	236832	237823	up	(512, 384)	testing
5	gq	f	21	8	circle	green	same	hori	left	(648, 384)	(512, 520)	True	238852	239659	left	(512, 384)	testing
5	gq	f	21	8	circle	none	dif	hori	left	N_dis	(608, 480)	True	240713	241587	left	(512, 384)	testing
5	gq	f	21	8	diamond	green	dif	vert	up	(648, 384)	(608, 287)	True	242767	244028	up	(512, 384)	testing
5	gq	f	21	8	diamond	none	same	hori	left	N_dis	(512, 520)	True	245248	246361	left	(512, 384)	testing
5	gq	f	21	8	diamond	red	same	vert	up	(512, 248)	(512, 520)	True	247427	248323	up	(512, 384)	testing
5	gq	f	21	8	diamond	none	same	hori	left	N_dis	(512, 248)	True	249413	250188	left	(512, 384)	testing
5	gq	f	21	8	diamond	green	same	vert	up	(512, 248)	(376, 384)	True	251381	252259	up	(512, 384)	testing
5	gq	f	21	8	diamond	none	dif	vert	up	N_dis	(415, 480)	True	253366	254193	up	(512, 384)	testing
5	gq	f	21	8	circle	none	same	hori	left	N_dis	(648, 384)	True	255332	256069	left	(512, 384)	testing
5	gq	f	21	8	circle	green	dif	vert	up	(512, 248)	(512, 520)	True	257181	257958	up	(512, 384)	testing
5	gq	f	21	8	circle	green	same	vert	up	(512, 248)	(512, 520)	True	259167	260425	up	(512, 384)	testing
5	gq	f	21	8	diamond	red	dif	hori	left	(512, 248)	(512, 520)	True	261625	262416	left	(512, 384)	testing
5	gq	f	21	8	circle	none	same	hori	left	N_dis	(608, 287)	True	263466	264975	left	(512, 384)	testing
5	gq	f	21	8	circle	none	same	vert	up	N_dis	(512, 520)	True	266125	266911	up	(512, 384)	testing
5	gq	f	21	8	diamond	green	dif	vert	up	(608, 480)	(608, 287)	True	268059	269714	up	(512, 384)	testing
5	gq	f	21	8	diamond	red	same	hori	left	(608, 480)	(608, 287)	True	270986	272055	left	(512, 384)	testing
5	gq	f	21	8	circle	green	same	vert	up	(512, 248)	(415, 480)	True	273232	274103	up	(512, 384)	testing
5	gq	f	21	8	circle	red	dif	vert	up	(512, 248)	(415, 287)	True	275336	276165	up	(512, 384)	testing
5	gq	f	21	8	circle	red	same	hori	left	(512, 248)	(376, 384)	True	277314	278024	left	(512, 384)	testing
5	gq	f	21	8	circle	green	dif	hori	left	(512, 248)	(608, 480)	True	279258	280484	left	(512, 384)	testing
