subj	name	gender	age	runNum	shape	dist	td_dif	resp	resp_key	d_loc	t_loc	gotKey	startTime	respTime	resp	fix_loc	prac
5	gq	f	21	10	circle	red	same	vert	up	(512, 248)	(648, 384)	True	25079	26166	up	(512, 384)	testing
5	gq	f	21	10	diamond	none	dif	vert	up	N_dis	(415, 287)	True	27288	28276	up	(512, 384)	testing
5	gq	f	21	10	diamond	none	dif	hori	left	N_dis	(415, 287)	True	29336	30036	left	(512, 384)	testing
5	gq	f	21	10	circle	red	dif	hori	left	(608, 480)	(512, 520)	True	31251	32607	left	(512, 384)	testing
5	gq	f	21	10	circle	red	same	hori	left	(512, 248)	(415, 287)	True	33813	34787	left	(512, 384)	testing
5	gq	f	21	10	circle	none	same	hori	left	N_dis	(415, 287)	True	35823	36495	left	(512, 384)	testing
5	gq	f	21	10	diamond	red	same	hori	left	(648, 384)	(512, 520)	True	37524	38542	left	(512, 384)	testing
5	gq	f	21	10	circle	none	same	vert	up	N_dis	(608, 287)	True	39709	40413	up	(512, 384)	testing
5	gq	f	21	10	diamond	green	same	vert	up	(512, 248)	(648, 384)	True	41567	42704	up	(512, 384)	testing
5	gq	f	21	10	circle	none	same	hori	left	N_dis	(512, 248)	True	43737	45061	left	(512, 384)	testing
5	gq	f	21	10	diamond	none	same	vert	up	N_dis	(415, 480)	True	46273	47095	up	(512, 384)	testing
5	gq	f	21	10	circle	green	dif	hori	left	(512, 248)	(376, 384)	True	48173	48847	left	(512, 384)	testing
5	gq	f	21	10	circle	none	same	vert	up	N_dis	(376, 384)	True	49992	50977	up	(512, 384)	testing
5	gq	f	21	10	diamond	green	same	vert	up	(512, 248)	(376, 384)	True	52030	52957	up	(512, 384)	testing
5	gq	f	21	10	circle	red	dif	vert	up	(512, 248)	(415, 287)	True	54105	55340	up	(512, 384)	testing
5	gq	f	21	10	diamond	green	dif	vert	up	(512, 248)	(415, 480)	True	56549	57503	up	(512, 384)	testing
5	gq	f	21	10	diamond	green	dif	hori	left	(512, 248)	(608, 480)	True	58695	59742	left	(512, 384)	testing
5	gq	f	21	10	diamond	none	same	hori	left	N_dis	(608, 287)	True	60990	61964	left	(512, 384)	testing
5	gq	f	21	10	circle	none	dif	hori	left	N_dis	(608, 480)	True	63102	64334	left	(512, 384)	testing
5	gq	f	21	10	diamond	red	dif	vert	up	(512, 248)	(608, 480)	True	65453	66394	up	(512, 384)	testing
5	gq	f	21	10	circle	red	same	vert	up	(415, 480)	(608, 287)	True	67424	68630	up	(512, 384)	testing
5	gq	f	21	10	diamond	red	same	vert	up	(512, 248)	(415, 287)	True	69724	70838	up	(512, 384)	testing
5	gq	f	21	10	circle	red	dif	vert	up	(512, 248)	(608, 287)	True	71866	73338	up	(512, 384)	testing
5	gq	f	21	10	circle	green	same	hori	left	(415, 287)	(648, 384)	True	74442	75678	left	(512, 384)	testing
5	gq	f	21	10	diamond	red	same	hori	left	(512, 248)	(512, 520)	True	76822	77814	left	(512, 384)	testing
5	gq	f	21	10	circle	red	same	hori	left	(415, 480)	(512, 520)	True	79045	79908	left	(512, 384)	testing
5	gq	f	21	10	circle	green	same	vert	up	(512, 248)	(415, 480)	True	81177	82100	up	(512, 384)	testing
5	gq	f	21	10	diamond	none	same	vert	up	N_dis	(512, 520)	True	83305	84383	up	(512, 384)	testing
5	gq	f	21	10	circle	none	dif	vert	up	N_dis	(376, 384)	True	85607	86630	up	(512, 384)	testing
5	gq	f	21	10	circle	red	dif	hori	left	(512, 248)	(608, 480)	True	87780	88518	left	(512, 384)	testing
5	gq	f	21	10	circle	red	dif	hori	left	(415, 287)	(376, 384)	True	89619	90665	left	(512, 384)	testing
5	gq	f	21	10	diamond	red	dif	vert	up	(512, 520)	(608, 480)	True	91870	94176	up	(512, 384)	testing
5	gq	f	21	10	diamond	none	dif	hori	left	N_dis	(608, 480)	True	95297	96207	left	(512, 384)	testing
5	gq	f	21	10	circle	green	same	hori	left	(512, 248)	(376, 384)	True	97262	98878	left	(512, 384)	testing
5	gq	f	21	10	diamond	none	dif	hori	left	N_dis	(512, 248)	True	100081	101022	left	(512, 384)	testing
5	gq	f	21	10	diamond	green	dif	hori	left	(512, 248)	(648, 384)	True	102280	103266	left	(512, 384)	testing
5	gq	f	21	10	diamond	red	same	vert	up	(512, 248)	(512, 520)	True	104408	105166	up	(512, 384)	testing
5	gq	f	21	10	diamond	red	dif	vert	up	(512, 248)	(415, 480)	True	106386	107202	up	(512, 384)	testing
5	gq	f	21	10	diamond	green	dif	vert	up	(512, 248)	(608, 287)	True	108411	109362	up	(512, 384)	testing
5	gq	f	21	10	diamond	none	dif	vert	up	N_dis	(415, 480)	True	110580	111221	up	(512, 384)	testing
5	gq	f	21	10	diamond	red	same	hori	left	(512, 248)	(415, 480)	True	112305	113063	left	(512, 384)	testing
5	gq	f	21	10	diamond	green	same	hori	left	(376, 384)	(415, 480)	True	114215	115023	left	(512, 384)	testing
5	gq	f	21	10	circle	green	same	vert	up	(512, 248)	(608, 287)	True	116111	116901	up	(512, 384)	testing
5	gq	f	21	10	circle	none	same	hori	left	N_dis	(415, 287)	True	118130	119416	left	(512, 384)	testing
5	gq	f	21	10	circle	green	dif	hori	left	(512, 248)	(512, 520)	True	120568	121349	left	(512, 384)	testing
5	gq	f	21	10	circle	green	same	hori	left	(512, 248)	(512, 520)	True	122500	123172	left	(512, 384)	testing
5	gq	f	21	10	diamond	green	dif	hori	left	(512, 248)	(415, 480)	True	124197	125300	up	(512, 384)	testing
5	gq	f	21	10	diamond	red	dif	hori	left	(512, 248)	(608, 480)	True	128058	129534	left	(512, 384)	testing
5	gq	f	21	10	diamond	none	same	hori	left	N_dis	(608, 480)	True	130563	131601	left	(512, 384)	testing
5	gq	f	21	10	diamond	red	dif	vert	up	(512, 248)	(415, 287)	True	132861	133775	up	(512, 384)	testing
5	gq	f	21	10	circle	none	same	hori	left	N_dis	(376, 384)	True	134932	136089	left	(512, 384)	testing
5	gq	f	21	10	diamond	none	same	hori	left	N_dis	(512, 520)	True	137333	138452	left	(512, 384)	testing
5	gq	f	21	10	diamond	none	same	vert	up	N_dis	(512, 520)	True	139622	140646	up	(512, 384)	testing
5	gq	f	21	10	circle	green	dif	vert	up	(376, 384)	(648, 384)	True	141757	142959	up	(512, 384)	testing
5	gq	f	21	10	circle	red	same	hori	left	(512, 248)	(608, 480)	True	144196	145125	left	(512, 384)	testing
5	gq	f	21	10	diamond	red	dif	hori	left	(512, 248)	(376, 384)	True	146236	147310	left	(512, 384)	testing
5	gq	f	21	10	diamond	green	dif	vert	up	(512, 248)	(376, 384)	True	148542	149310	up	(512, 384)	testing
5	gq	f	21	10	diamond	green	same	vert	up	(376, 384)	(415, 287)	True	150446	151667	up	(512, 384)	testing
5	gq	f	21	10	diamond	none	same	hori	left	N_dis	(608, 480)	True	152765	153527	left	(512, 384)	testing
5	gq	f	21	10	diamond	none	same	vert	up	N_dis	(415, 287)	True	154556	155703	up	(512, 384)	testing
5	gq	f	21	10	diamond	red	dif	hori	left	(512, 248)	(648, 384)	True	156839	157711	left	(512, 384)	testing
5	gq	f	21	10	circle	red	dif	hori	left	(512, 248)	(415, 287)	True	158974	160209	left	(512, 384)	testing
5	gq	f	21	10	diamond	green	dif	vert	up	(512, 248)	(415, 480)	True	161429	162520	up	(512, 384)	testing
5	gq	f	21	10	circle	red	same	hori	left	(512, 520)	(415, 480)	True	163609	165357	left	(512, 384)	testing
5	gq	f	21	10	diamond	green	same	hori	left	(512, 248)	(608, 480)	True	166413	167845	left	(512, 384)	testing
5	gq	f	21	10	circle	red	dif	vert	up	(512, 248)	(608, 287)	True	168990	170083	up	(512, 384)	testing
5	gq	f	21	10	circle	none	dif	vert	up	N_dis	(415, 480)	True	171282	172560	up	(512, 384)	testing
5	gq	f	21	10	diamond	red	same	vert	up	(512, 248)	(608, 287)	True	173628	174930	up	(512, 384)	testing
5	gq	f	21	10	circle	none	dif	hori	left	N_dis	(608, 287)	True	176090	177829	left	(512, 384)	testing
5	gq	f	21	10	circle	green	dif	vert	up	(512, 248)	(512, 520)	True	178882	180667	up	(512, 384)	testing
5	gq	f	21	10	diamond	none	same	hori	left	N_dis	(648, 384)	True	181747	182586	left	(512, 384)	testing
5	gq	f	21	10	diamond	green	same	hori	left	(512, 248)	(512, 520)	True	183830	184839	left	(512, 384)	testing
5	gq	f	21	10	circle	green	dif	vert	up	(512, 248)	(648, 384)	True	185930	186736	up	(512, 384)	testing
5	gq	f	21	10	circle	green	dif	vert	up	(512, 248)	(608, 480)	True	187957	188870	up	(512, 384)	testing
5	gq	f	21	10	circle	green	dif	hori	left	(512, 248)	(608, 287)	True	189942	191085	left	(512, 384)	testing
5	gq	f	21	10	circle	green	same	vert	up	(512, 248)	(415, 480)	True	192153	193078	up	(512, 384)	testing
5	gq	f	21	10	diamond	none	dif	vert	up	N_dis	(608, 480)	True	194151	195844	up	(512, 384)	testing
5	gq	f	21	10	diamond	green	same	hori	left	(512, 248)	(648, 384)	True	197021	198335	left	(512, 384)	testing
5	gq	f	21	10	diamond	red	dif	hori	left	(415, 480)	(415, 287)	True	199558	200598	left	(512, 384)	testing
5	gq	f	21	10	circle	green	same	hori	left	(608, 287)	(608, 480)	True	201813	202749	left	(512, 384)	testing
5	gq	f	21	10	circle	none	same	vert	up	N_dis	(648, 384)	True	203883	204605	up	(512, 384)	testing
5	gq	f	21	10	circle	green	dif	hori	left	(512, 248)	(512, 520)	True	205741	206502	left	(512, 384)	testing
5	gq	f	21	10	circle	red	dif	hori	left	(512, 248)	(512, 520)	True	207592	208404	left	(512, 384)	testing
5	gq	f	21	10	circle	none	dif	vert	up	N_dis	(608, 287)	True	209469	210194	up	(512, 384)	testing
5	gq	f	21	10	diamond	red	same	vert	up	(512, 248)	(608, 287)	True	211325	212431	up	(512, 384)	testing
5	gq	f	21	10	diamond	green	same	vert	up	(608, 480)	(648, 384)	True	213695	215583	up	(512, 384)	testing
5	gq	f	21	10	circle	none	dif	vert	up	N_dis	(608, 287)	True	216699	218260	up	(512, 384)	testing
5	gq	f	21	10	diamond	red	same	hori	left	(415, 287)	(648, 384)	True	219327	221004	left	(512, 384)	testing
5	gq	f	21	10	circle	none	dif	hori	left	N_dis	(415, 480)	True	222079	223557	left	(512, 384)	testing
5	gq	f	21	10	diamond	red	dif	vert	up	(512, 248)	(648, 384)	True	224725	225539	up	(512, 384)	testing
5	gq	f	21	10	circle	red	same	hori	left	(512, 248)	(512, 520)	True	226696	227784	left	(512, 384)	testing
5	gq	f	21	10	diamond	none	dif	vert	up	N_dis	(512, 520)	True	228842	229909	up	(512, 384)	testing
5	gq	f	21	10	circle	none	dif	hori	left	N_dis	(376, 384)	True	230970	231820	left	(512, 384)	testing
5	gq	f	21	10	circle	none	dif	vert	up	N_dis	(512, 248)	True	233073	234138	up	(512, 384)	testing
5	gq	f	21	10	circle	green	dif	vert	up	(512, 248)	(376, 384)	True	235176	236103	left	(512, 384)	testing
5	gq	f	21	10	diamond	red	same	vert	up	(512, 248)	(512, 520)	True	238756	239809	up	(512, 384)	testing
5	gq	f	21	10	diamond	red	dif	hori	left	(648, 384)	(415, 480)	True	240889	241912	left	(512, 384)	testing
5	gq	f	21	10	diamond	none	dif	hori	left	N_dis	(648, 384)	True	242987	243991	left	(512, 384)	testing
5	gq	f	21	10	circle	none	same	vert	up	N_dis	(648, 384)	True	245147	245901	up	(512, 384)	testing
5	gq	f	21	10	diamond	green	same	vert	up	(608, 480)	(376, 384)	True	247071	248040	up	(512, 384)	testing
5	gq	f	21	10	diamond	red	same	hori	left	(415, 480)	(512, 520)	True	249225	250471	left	(512, 384)	testing
5	gq	f	21	10	diamond	none	dif	hori	left	N_dis	(512, 248)	True	251563	252475	left	(512, 384)	testing
5	gq	f	21	10	diamond	none	dif	vert	up	N_dis	(512, 248)	True	253620	255001	up	(512, 384)	testing
5	gq	f	21	10	circle	none	same	hori	left	N_dis	(512, 520)	True	256139	256952	left	(512, 384)	testing
5	gq	f	21	10	diamond	green	dif	hori	left	(608, 287)	(415, 287)	True	258002	259156	left	(512, 384)	testing
5	gq	f	21	10	circle	red	same	vert	up	(512, 248)	(415, 287)	True	260194	261625	up	(512, 384)	testing
5	gq	f	21	10	diamond	green	same	hori	left	(512, 520)	(608, 287)	True	262851	263869	left	(512, 384)	testing
5	gq	f	21	10	circle	red	dif	vert	up	(608, 287)	(608, 480)	True	264950	266584	up	(512, 384)	testing
5	gq	f	21	10	diamond	green	dif	hori	left	(608, 480)	(376, 384)	True	267635	268464	left	(512, 384)	testing
5	gq	f	21	10	circle	none	dif	hori	left	N_dis	(376, 384)	True	269598	270297	left	(512, 384)	testing
5	gq	f	21	10	diamond	green	dif	vert	up	(512, 248)	(415, 287)	True	271537	272859	up	(512, 384)	testing
5	gq	f	21	10	circle	green	same	hori	left	(376, 384)	(415, 287)	True	274062	275659	left	(512, 384)	testing
5	gq	f	21	10	circle	green	same	vert	up	(512, 520)	(608, 480)	True	276693	277516	up	(512, 384)	testing
5	gq	f	21	10	circle	red	same	vert	up	(648, 384)	(415, 480)	True	278776	279610	up	(512, 384)	testing
5	gq	f	21	10	diamond	none	same	vert	up	N_dis	(415, 480)	True	280655	281806	up	(512, 384)	testing
5	gq	f	21	10	circle	red	same	vert	up	(648, 384)	(608, 287)	True	282862	284766	up	(512, 384)	testing
5	gq	f	21	10	circle	green	same	vert	up	(512, 248)	(376, 384)	True	286009	286817	up	(512, 384)	testing
5	gq	f	21	10	circle	green	dif	hori	left	(415, 287)	(415, 480)	True	287983	288970	left	(512, 384)	testing
5	gq	f	21	10	circle	red	dif	vert	up	(608, 287)	(512, 520)	True	290232	292093	up	(512, 384)	testing
5	gq	f	21	10	circle	none	same	vert	up	N_dis	(648, 384)	True	293265	294144	up	(512, 384)	testing
conf	5	gq	f	21	10	3	8	4	7	space	None	None	None	None	None	True	353182	369098	3
