subj	name	gender	age	runNum	shape	dist	td_dif	resp	resp_key	d_loc	t_loc	gotKey	startTime	respTime	resp	fix_loc	prac
5	hy	f	19	2	diamond	none	same	vert	up	N_dis	(968, 450)	True	5201	7933	up	(800, 450)	testing
5	hy	f	19	2	diamond	none	dif	hori	left	N_dis	(968, 450)	True	9190	11100	left	(800, 450)	testing
5	hy	f	19	2	diamond	red	same	vert	up	(681, 331)	(918, 331)	True	12199	13805	up	(800, 450)	testing
5	hy	f	19	2	circle	green	same	hori	left	(632, 450)	(681, 331)	True	14972	16862	left	(800, 450)	testing
5	hy	f	19	2	diamond	green	dif	vert	up	(632, 450)	(800, 618)	True	17969	19084	up	(800, 450)	testing
5	hy	f	19	2	circle	red	same	vert	up	(632, 450)	(681, 568)	True	20273	22300	up	(800, 450)	testing
5	hy	f	19	2	circle	none	dif	vert	up	N_dis	(681, 331)	True	23403	24797	up	(800, 450)	testing
5	hy	f	19	2	diamond	red	dif	vert	up	(632, 450)	(681, 568)	True	26044	27308	up	(800, 450)	testing
5	hy	f	19	2	circle	none	dif	vert	up	N_dis	(681, 568)	True	28549	29565	up	(800, 450)	testing
5	hy	f	19	2	circle	green	same	vert	up	(632, 450)	(681, 568)	True	30837	32653	up	(800, 450)	testing
5	hy	f	19	2	circle	none	same	hori	left	N_dis	(918, 331)	True	33935	35276	left	(800, 450)	testing
5	hy	f	19	2	diamond	none	dif	vert	up	N_dis	(800, 282)	True	36430	37837	up	(800, 450)	testing
5	hy	f	19	2	circle	red	dif	hori	left	(632, 450)	(800, 282)	True	39070	40669	left	(800, 450)	testing
5	hy	f	19	2	circle	green	same	hori	left	(968, 450)	(918, 331)	True	41837	43404	left	(800, 450)	testing
5	hy	f	19	2	diamond	red	dif	hori	left	(918, 568)	(918, 331)	True	44526	45981	left	(800, 450)	testing
5	hy	f	19	2	circle	red	same	hori	left	(968, 450)	(800, 282)	True	47138	48829	left	(800, 450)	testing
5	hy	f	19	2	diamond	green	same	hori	left	(632, 450)	(681, 568)	True	50067	51404	left	(800, 450)	testing
5	hy	f	19	2	circle	green	dif	hori	left	(918, 568)	(681, 331)	True	52695	54060	left	(800, 450)	testing
5	hy	f	19	2	diamond	none	same	hori	left	N_dis	(632, 450)	True	55286	56332	left	(800, 450)	testing
5	hy	f	19	2	circle	red	dif	hori	left	(632, 450)	(800, 618)	True	57499	58510	left	(800, 450)	testing
5	hy	f	19	2	diamond	red	same	vert	up	(918, 568)	(681, 568)	True	59721	61244	up	(800, 450)	testing
5	hy	f	19	2	circle	none	dif	hori	left	N_dis	(632, 450)	True	62446	63614	left	(800, 450)	testing
5	hy	f	19	2	circle	none	dif	hori	left	N_dis	(681, 331)	True	64670	65549	left	(800, 450)	testing
5	hy	f	19	2	diamond	none	same	hori	left	N_dis	(968, 450)	True	66798	67597	left	(800, 450)	testing
5	hy	f	19	2	circle	none	same	vert	up	N_dis	(681, 568)	True	68881	69741	up	(800, 450)	testing
5	hy	f	19	2	circle	red	dif	vert	up	(918, 331)	(800, 618)	True	70806	71661	up	(800, 450)	testing
5	hy	f	19	2	circle	green	same	hori	left	(800, 282)	(681, 568)	True	72800	74605	left	(800, 450)	testing
5	hy	f	19	2	diamond	green	same	hori	left	(632, 450)	(968, 450)	True	75820	76749	left	(800, 450)	testing
5	hy	f	19	2	diamond	red	same	hori	left	(681, 331)	(800, 618)	True	78040	78925	left	(800, 450)	testing
5	hy	f	19	2	circle	none	same	hori	left	N_dis	(800, 618)	True	80139	81036	left	(800, 450)	testing
5	hy	f	19	2	diamond	none	dif	hori	left	N_dis	(968, 450)	True	82133	83164	left	(800, 450)	testing
5	hy	f	19	2	diamond	none	dif	vert	up	N_dis	(800, 618)	True	84277	85372	up	(800, 450)	testing
5	hy	f	19	2	circle	red	same	hori	left	(632, 450)	(968, 450)	True	86589	87581	left	(800, 450)	testing
5	hy	f	19	2	diamond	red	same	hori	left	(632, 450)	(918, 331)	True	88834	89726	left	(800, 450)	testing
5	hy	f	19	2	diamond	red	dif	vert	up	(632, 450)	(918, 568)	True	90914	91789	up	(800, 450)	testing
5	hy	f	19	2	circle	green	dif	hori	left	(968, 450)	(681, 331)	True	92950	93821	left	(800, 450)	testing
5	hy	f	19	2	circle	none	same	hori	left	N_dis	(918, 331)	True	94893	95805	left	(800, 450)	testing
5	hy	f	19	2	diamond	green	same	vert	up	(632, 450)	(800, 618)	True	97028	97933	up	(800, 450)	testing
5	hy	f	19	2	diamond	none	same	hori	left	N_dis	(800, 282)	True	99161	100125	left	(800, 450)	testing
5	hy	f	19	2	circle	none	same	hori	left	N_dis	(918, 331)	True	101336	102060	left	(800, 450)	testing
5	hy	f	19	2	diamond	green	dif	vert	up	(800, 618)	(918, 331)	True	103290	104252	up	(800, 450)	testing
5	hy	f	19	2	diamond	red	dif	hori	left	(632, 450)	(968, 450)	True	105425	106188	left	(800, 450)	testing
5	hy	f	19	2	diamond	green	dif	hori	left	(632, 450)	(918, 568)	True	107270	108364	left	(800, 450)	testing
5	hy	f	19	2	circle	none	same	vert	up	N_dis	(918, 331)	True	109538	110542	up	(800, 450)	testing
5	hy	f	19	2	circle	red	dif	vert	up	(632, 450)	(918, 331)	True	111619	112685	up	(800, 450)	testing
5	hy	f	19	2	diamond	green	same	vert	up	(632, 450)	(800, 282)	True	113929	116028	up	(800, 450)	testing
5	hy	f	19	2	circle	red	same	vert	up	(632, 450)	(918, 331)	True	117073	118188	up	(800, 450)	testing
5	hy	f	19	2	circle	green	dif	vert	up	(632, 450)	(800, 618)	True	119345	120140	up	(800, 450)	testing
5	hy	f	19	2	circle	none	same	hori	left	N_dis	(681, 568)	True	121297	122140	left	(800, 450)	testing
5	hy	f	19	2	circle	green	same	hori	left	(632, 450)	(968, 450)	True	123376	124220	left	(800, 450)	testing
5	hy	f	19	2	circle	none	dif	vert	up	N_dis	(632, 450)	True	125287	126125	up	(800, 450)	testing
5	hy	f	19	2	diamond	green	dif	hori	left	(632, 450)	(968, 450)	True	127393	128877	left	(800, 450)	testing
5	hy	f	19	2	diamond	green	same	vert	up	(632, 450)	(681, 331)	True	130041	131197	up	(800, 450)	testing
5	hy	f	19	2	circle	red	dif	hori	left	(632, 450)	(918, 568)	True	132288	133036	left	(800, 450)	testing
5	hy	f	19	2	diamond	red	dif	hori	left	(632, 450)	(681, 331)	True	134133	134989	left	(800, 450)	testing
5	hy	f	19	2	circle	green	dif	vert	up	(632, 450)	(681, 331)	True	136264	137549	up	(800, 450)	testing
5	hy	f	19	2	diamond	none	same	hori	left	N_dis	(800, 618)	True	138699	139661	left	(800, 450)	testing
5	hy	f	19	2	circle	green	dif	vert	up	(632, 450)	(681, 568)	True	140765	142541	up	(800, 450)	testing
5	hy	f	19	2	circle	green	same	vert	up	(632, 450)	(968, 450)	True	143596	144557	up	(800, 450)	testing
5	hy	f	19	2	diamond	red	same	hori	left	(681, 331)	(968, 450)	True	145697	146396	left	(800, 450)	testing
5	hy	f	19	2	circle	green	same	vert	up	(918, 331)	(800, 618)	True	147468	149132	up	(800, 450)	testing
5	hy	f	19	2	circle	green	dif	hori	left	(918, 568)	(918, 331)	True	150211	151436	left	(800, 450)	testing
5	hy	f	19	2	circle	none	same	vert	up	N_dis	(918, 568)	True	152541	153276	left	(800, 450)	testing
5	hy	f	19	2	circle	green	same	hori	left	(968, 450)	(918, 331)	True	156046	157276	left	(800, 450)	testing
5	hy	f	19	2	diamond	green	dif	hori	left	(632, 450)	(918, 331)	True	158371	159308	left	(800, 450)	testing
5	hy	f	19	2	diamond	none	dif	hori	left	N_dis	(681, 331)	True	160478	161372	left	(800, 450)	testing
5	hy	f	19	2	circle	none	dif	hori	left	N_dis	(800, 282)	True	162649	163629	left	(800, 450)	testing
5	hy	f	19	2	diamond	none	dif	hori	left	N_dis	(968, 450)	True	164888	165933	left	(800, 450)	testing
5	hy	f	19	2	diamond	red	dif	vert	up	(632, 450)	(918, 568)	True	167171	168012	up	(800, 450)	testing
5	hy	f	19	2	diamond	none	dif	vert	up	N_dis	(800, 618)	True	169153	170509	up	(800, 450)	testing
5	hy	f	19	2	circle	red	dif	hori	left	(681, 331)	(918, 568)	True	171682	172541	left	(800, 450)	testing
5	hy	f	19	2	circle	green	dif	vert	up	(632, 450)	(968, 450)	True	173705	174493	up	(800, 450)	testing
5	hy	f	19	2	diamond	none	same	hori	left	N_dis	(681, 331)	True	175639	177565	left	(800, 450)	testing
5	hy	f	19	2	circle	green	same	vert	up	(632, 450)	(918, 331)	True	178702	179549	up	(800, 450)	testing
5	hy	f	19	2	diamond	none	dif	vert	up	N_dis	(918, 568)	True	180826	181853	up	(800, 450)	testing
5	hy	f	19	2	diamond	green	dif	vert	up	(632, 450)	(918, 568)	True	182912	183581	up	(800, 450)	testing
5	hy	f	19	2	diamond	red	dif	vert	up	(800, 618)	(968, 450)	True	184777	185693	up	(800, 450)	testing
5	hy	f	19	2	diamond	green	same	vert	up	(632, 450)	(800, 618)	True	186924	187773	up	(800, 450)	testing
5	hy	f	19	2	diamond	green	same	hori	left	(632, 450)	(681, 331)	True	188987	190124	left	(800, 450)	testing
5	hy	f	19	2	diamond	none	dif	hori	left	N_dis	(800, 282)	True	191370	192476	left	(800, 450)	testing
5	hy	f	19	2	circle	red	dif	vert	up	(800, 282)	(800, 618)	True	193639	195052	up	(800, 450)	testing
5	hy	f	19	2	circle	red	dif	vert	up	(800, 618)	(918, 568)	True	196134	196973	left	(800, 450)	testing
5	hy	f	19	2	circle	none	same	vert	up	N_dis	(918, 568)	True	199608	200573	up	(800, 450)	testing
5	hy	f	19	2	diamond	none	same	vert	up	N_dis	(918, 568)	True	201765	202557	up	(800, 450)	testing
5	hy	f	19	2	circle	green	dif	hori	left	(632, 450)	(681, 568)	True	203768	204925	up	(800, 450)	testing
5	hy	f	19	2	diamond	green	same	vert	up	(632, 450)	(918, 331)	True	207554	208476	up	(800, 450)	testing
5	hy	f	19	2	circle	red	same	vert	up	(632, 450)	(681, 331)	True	209554	210653	up	(800, 450)	testing
5	hy	f	19	2	diamond	red	same	vert	up	(918, 331)	(968, 450)	True	211924	213308	up	(800, 450)	testing
5	hy	f	19	2	diamond	red	dif	hori	left	(632, 450)	(681, 568)	True	214575	216108	left	(800, 450)	testing
5	hy	f	19	2	circle	none	dif	vert	up	N_dis	(800, 282)	True	217273	218204	up	(800, 450)	testing
5	hy	f	19	2	diamond	red	same	vert	up	(632, 450)	(968, 450)	True	219479	221196	up	(800, 450)	testing
5	hy	f	19	2	diamond	red	dif	vert	up	(918, 331)	(918, 568)	True	222270	223837	up	(800, 450)	testing
5	hy	f	19	2	diamond	red	same	vert	up	(681, 568)	(681, 331)	True	224895	226044	up	(800, 450)	testing
5	hy	f	19	2	diamond	green	dif	hori	left	(632, 450)	(800, 282)	True	227178	228156	left	(800, 450)	testing
5	hy	f	19	2	circle	red	same	hori	left	(681, 568)	(968, 450)	True	229286	230124	left	(800, 450)	testing
5	hy	f	19	2	diamond	none	same	vert	up	N_dis	(681, 568)	True	231251	232749	up	(800, 450)	testing
5	hy	f	19	2	circle	none	dif	hori	left	N_dis	(681, 331)	True	233814	234813	left	(800, 450)	testing
5	hy	f	19	2	diamond	green	same	hori	left	(632, 450)	(800, 282)	True	235966	237068	left	(800, 450)	testing
5	hy	f	19	2	diamond	red	same	hori	left	(800, 618)	(800, 282)	True	238265	239485	left	(800, 450)	testing
5	hy	f	19	2	diamond	red	dif	hori	left	(632, 450)	(800, 282)	True	240601	241757	left	(800, 450)	testing
5	hy	f	19	2	circle	none	dif	hori	left	N_dis	(918, 568)	True	242815	244140	left	(800, 450)	testing
5	hy	f	19	2	circle	red	same	vert	up	(632, 450)	(918, 568)	True	245190	246060	up	(800, 450)	testing
5	hy	f	19	2	circle	red	same	vert	up	(632, 450)	(800, 618)	True	247332	248156	up	(800, 450)	testing
5	hy	f	19	2	circle	green	same	vert	up	(800, 282)	(968, 450)	True	249347	250349	up	(800, 450)	testing
5	hy	f	19	2	diamond	green	dif	vert	up	(632, 450)	(681, 331)	True	251448	252509	up	(800, 450)	testing
5	hy	f	19	2	diamond	green	dif	hori	left	(681, 568)	(800, 282)	True	253629	254925	left	(800, 450)	testing
5	hy	f	19	2	diamond	none	dif	vert	up	N_dis	(800, 618)	True	256175	257725	up	(800, 450)	testing
5	hy	f	19	2	circle	red	dif	vert	up	(632, 450)	(968, 450)	True	258947	259677	up	(800, 450)	testing
5	hy	f	19	2	circle	red	same	hori	left	(800, 282)	(681, 568)	True	260842	262701	left	(800, 450)	testing
5	hy	f	19	2	diamond	green	dif	vert	up	(632, 450)	(800, 282)	True	263961	265404	up	(800, 450)	testing
5	hy	f	19	2	circle	none	same	vert	up	N_dis	(632, 450)	True	266604	267597	up	(800, 450)	testing
5	hy	f	19	2	diamond	green	same	hori	left	(632, 450)	(800, 282)	True	268714	269709	left	(800, 450)	testing
5	hy	f	19	2	circle	red	dif	hori	left	(632, 450)	(800, 618)	True	270763	271837	left	(800, 450)	testing
5	hy	f	19	2	circle	green	dif	vert	up	(681, 568)	(681, 331)	True	272975	273949	up	(800, 450)	testing
5	hy	f	19	2	diamond	none	same	vert	up	N_dis	(681, 568)	True	275165	276124	up	(800, 450)	testing
5	hy	f	19	2	circle	none	dif	vert	up	N_dis	(918, 331)	True	277364	278493	up	(800, 450)	testing
5	hy	f	19	2	diamond	red	same	hori	left	(632, 450)	(918, 331)	True	279686	280701	left	(800, 450)	testing
5	hy	f	19	2	circle	green	dif	hori	left	(632, 450)	(918, 568)	True	281889	282653	left	(800, 450)	testing
5	hy	f	19	2	diamond	none	same	vert	up	N_dis	(632, 450)	True	283804	284765	up	(800, 450)	testing
5	hy	f	19	2	circle	red	same	hori	left	(632, 450)	(968, 450)	True	286034	286798	left	(800, 450)	testing
