subj	name	gender	age	runNum	shape	dist	td_dif	resp	resp_key	d_loc	t_loc	gotKey	startTime	respTime	resp	fix_loc	prac
5	hy	f	19	7	diamond	red	same	hori	left	(681, 331)	(918, 568)	True	34353	35293	left	(800, 450)	testing
5	hy	f	19	7	diamond	red	dif	hori	left	(800, 282)	(632, 450)	True	36580	37596	left	(800, 450)	testing
5	hy	f	19	7	circle	red	dif	hori	left	(800, 618)	(918, 568)	True	38831	40141	left	(800, 450)	testing
5	hy	f	19	7	diamond	none	same	hori	left	N_dis	(918, 331)	True	41361	42188	left	(800, 450)	testing
5	hy	f	19	7	diamond	none	same	hori	left	N_dis	(681, 568)	True	43257	43934	left	(800, 450)	testing
5	hy	f	19	7	circle	none	same	vert	up	N_dis	(918, 568)	True	45218	45966	up	(800, 450)	testing
5	hy	f	19	7	diamond	green	dif	vert	up	(800, 618)	(918, 568)	True	47077	48013	up	(800, 450)	testing
5	hy	f	19	7	diamond	red	same	vert	up	(800, 282)	(800, 618)	True	49211	50157	up	(800, 450)	testing
5	hy	f	19	7	circle	green	same	vert	up	(681, 568)	(681, 331)	True	51440	53596	up	(800, 450)	testing
5	hy	f	19	7	circle	green	same	hori	left	(800, 282)	(681, 331)	True	54813	55644	left	(800, 450)	testing
5	hy	f	19	7	diamond	none	same	hori	left	N_dis	(681, 331)	True	56728	58061	left	(800, 450)	testing
5	hy	f	19	7	circle	green	same	hori	left	(800, 282)	(800, 618)	True	59198	60028	left	(800, 450)	testing
5	hy	f	19	7	circle	red	same	hori	left	(918, 568)	(918, 331)	True	61299	62077	left	(800, 450)	testing
5	hy	f	19	7	circle	red	dif	hori	left	(800, 282)	(918, 568)	True	63369	64268	left	(800, 450)	testing
5	hy	f	19	7	circle	green	dif	vert	up	(918, 331)	(681, 331)	True	65549	66732	up	(800, 450)	testing
5	hy	f	19	7	circle	green	dif	vert	up	(800, 282)	(681, 568)	True	67992	68926	up	(800, 450)	testing
5	hy	f	19	7	diamond	none	same	hori	left	N_dis	(681, 568)	True	70051	72013	left	(800, 450)	testing
5	hy	f	19	7	diamond	none	dif	vert	up	N_dis	(918, 331)	True	73186	73981	up	(800, 450)	testing
5	hy	f	19	7	diamond	green	same	vert	up	(800, 282)	(968, 450)	True	75034	76125	up	(800, 450)	testing
5	hy	f	19	7	circle	red	dif	vert	up	(800, 282)	(918, 331)	True	77348	78156	up	(800, 450)	testing
5	hy	f	19	7	circle	red	dif	hori	left	(800, 282)	(918, 331)	True	79344	80044	left	(800, 450)	testing
5	hy	f	19	7	circle	red	same	hori	left	(968, 450)	(800, 618)	True	81119	81965	left	(800, 450)	testing
5	hy	f	19	7	diamond	none	same	vert	up	N_dis	(918, 568)	True	83178	84364	up	(800, 450)	testing
5	hy	f	19	7	circle	none	same	hori	left	N_dis	(918, 331)	True	85466	86125	left	(800, 450)	testing
5	hy	f	19	7	diamond	red	dif	vert	up	(918, 568)	(632, 450)	True	87238	88109	up	(800, 450)	testing
5	hy	f	19	7	circle	green	dif	vert	up	(800, 282)	(632, 450)	True	89206	90124	up	(800, 450)	testing
5	hy	f	19	7	diamond	green	dif	vert	up	(800, 282)	(800, 618)	True	91270	92285	up	(800, 450)	testing
5	hy	f	19	7	circle	none	dif	hori	left	N_dis	(968, 450)	True	93397	94044	left	(800, 450)	testing
5	hy	f	19	7	diamond	red	dif	vert	up	(681, 568)	(632, 450)	True	95135	96205	up	(800, 450)	testing
5	hy	f	19	7	circle	green	dif	hori	left	(800, 282)	(681, 331)	True	97465	98477	left	(800, 450)	testing
5	hy	f	19	7	circle	red	dif	vert	up	(800, 282)	(918, 568)	True	99565	100300	up	(800, 450)	testing
5	hy	f	19	7	circle	none	same	vert	up	N_dis	(681, 331)	True	101351	102668	up	(800, 450)	testing
5	hy	f	19	7	diamond	red	same	hori	left	(800, 282)	(632, 450)	True	103725	104764	left	(800, 450)	testing
5	hy	f	19	7	circle	red	same	vert	up	(918, 568)	(681, 331)	True	105968	107725	up	(800, 450)	testing
5	hy	f	19	7	diamond	green	dif	hori	left	(632, 450)	(918, 331)	True	108869	109564	left	(800, 450)	testing
5	hy	f	19	7	diamond	none	dif	vert	up	N_dis	(681, 331)	True	110854	111854	up	(800, 450)	testing
5	hy	f	19	7	circle	red	dif	vert	up	(800, 282)	(918, 568)	True	113147	113949	up	(800, 450)	testing
5	hy	f	19	7	circle	green	same	vert	up	(800, 282)	(632, 450)	True	115045	115821	up	(800, 450)	testing
5	hy	f	19	7	circle	red	dif	hori	left	(968, 450)	(918, 331)	True	117095	117709	left	(800, 450)	testing
5	hy	f	19	7	diamond	red	dif	hori	left	(681, 331)	(918, 331)	True	118977	119628	left	(800, 450)	testing
5	hy	f	19	7	circle	none	dif	vert	up	N_dis	(918, 331)	True	120856	121950	up	(800, 450)	testing
5	hy	f	19	7	diamond	none	dif	vert	up	N_dis	(918, 331)	True	123181	123934	up	(800, 450)	testing
5	hy	f	19	7	circle	green	dif	hori	left	(800, 282)	(800, 618)	True	125038	125870	left	(800, 450)	testing
5	hy	f	19	7	circle	none	dif	vert	up	N_dis	(918, 568)	True	127049	127918	up	(800, 450)	testing
5	hy	f	19	7	diamond	none	dif	vert	up	N_dis	(800, 282)	True	129049	129821	up	(800, 450)	testing
5	hy	f	19	7	diamond	red	dif	hori	left	(681, 331)	(968, 450)	True	130951	131532	left	(800, 450)	testing
5	hy	f	19	7	diamond	green	dif	vert	up	(800, 282)	(800, 618)	True	132748	133757	up	(800, 450)	testing
5	hy	f	19	7	diamond	none	same	hori	left	N_dis	(918, 568)	True	134867	135757	left	(800, 450)	testing
5	hy	f	19	7	diamond	green	dif	hori	left	(800, 282)	(681, 331)	True	136948	137966	left	(800, 450)	testing
5	hy	f	19	7	diamond	red	dif	vert	up	(800, 282)	(800, 618)	True	139219	139998	up	(800, 450)	testing
5	hy	f	19	7	diamond	red	same	hori	left	(800, 282)	(632, 450)	True	141069	141966	left	(800, 450)	testing
5	hy	f	19	7	circle	none	same	hori	left	N_dis	(632, 450)	True	143246	144093	left	(800, 450)	testing
5	hy	f	19	7	diamond	green	same	vert	up	(800, 282)	(968, 450)	True	145312	146141	up	(800, 450)	testing
5	hy	f	19	7	diamond	green	dif	vert	up	(632, 450)	(681, 331)	True	147239	148269	up	(800, 450)	testing
5	hy	f	19	7	circle	none	same	vert	up	N_dis	(800, 618)	True	149442	150412	up	(800, 450)	testing
5	hy	f	19	7	circle	red	dif	hori	left	(800, 282)	(681, 568)	True	151488	152365	left	(800, 450)	testing
5	hy	f	19	7	circle	none	dif	hori	left	N_dis	(800, 618)	True	153425	154365	left	(800, 450)	testing
5	hy	f	19	7	circle	red	same	hori	left	(632, 450)	(681, 331)	True	155447	157420	left	(800, 450)	testing
5	hy	f	19	7	diamond	red	same	vert	up	(800, 282)	(681, 568)	True	158711	159549	up	(800, 450)	testing
5	hy	f	19	7	diamond	red	same	hori	left	(800, 282)	(968, 450)	True	160692	161693	left	(800, 450)	testing
5	hy	f	19	7	circle	none	dif	hori	left	N_dis	(681, 331)	True	162965	164252	up	(800, 450)	testing
5	hy	f	19	7	circle	red	same	hori	left	(918, 331)	(800, 618)	True	166920	167741	left	(800, 450)	testing
5	hy	f	19	7	diamond	green	same	hori	left	(800, 282)	(632, 450)	True	168922	169773	left	(800, 450)	testing
5	hy	f	19	7	circle	green	dif	hori	left	(632, 450)	(918, 331)	True	170884	171740	left	(800, 450)	testing
5	hy	f	19	7	diamond	none	dif	hori	left	N_dis	(681, 568)	True	172918	173821	left	(800, 450)	testing
5	hy	f	19	7	circle	green	dif	vert	up	(800, 618)	(968, 450)	True	174935	175693	up	(800, 450)	testing
5	hy	f	19	7	circle	green	same	hori	left	(800, 282)	(918, 331)	True	176737	178140	left	(800, 450)	testing
5	hy	f	19	7	diamond	none	same	vert	up	N_dis	(681, 568)	True	179279	180237	up	(800, 450)	testing
5	hy	f	19	7	diamond	green	dif	hori	left	(968, 450)	(918, 331)	True	181288	182205	up	(800, 450)	testing
5	hy	f	19	7	circle	none	dif	vert	up	N_dis	(800, 282)	True	184814	185789	up	(800, 450)	testing
5	hy	f	19	7	diamond	red	dif	hori	left	(800, 282)	(681, 331)	True	186962	189117	left	(800, 450)	testing
5	hy	f	19	7	diamond	green	same	hori	left	(968, 450)	(681, 331)	True	190211	191485	left	(800, 450)	testing
5	hy	f	19	7	circle	green	same	vert	up	(800, 282)	(918, 568)	True	192603	193773	up	(800, 450)	testing
5	hy	f	19	7	circle	none	same	vert	up	N_dis	(800, 618)	True	194949	195709	up	(800, 450)	testing
5	hy	f	19	7	diamond	none	dif	hori	left	N_dis	(968, 450)	True	196877	197918	left	(800, 450)	testing
5	hy	f	19	7	diamond	green	same	vert	up	(800, 282)	(968, 450)	True	199064	199854	up	(800, 450)	testing
5	hy	f	19	7	circle	red	same	vert	up	(800, 282)	(800, 618)	True	201042	203005	up	(800, 450)	testing
5	hy	f	19	7	circle	red	same	vert	up	(800, 282)	(918, 331)	True	204220	205421	up	(800, 450)	testing
5	hy	f	19	7	circle	none	same	vert	up	N_dis	(681, 568)	True	206633	207357	up	(800, 450)	testing
5	hy	f	19	7	diamond	green	same	hori	left	(681, 568)	(632, 450)	True	208520	210077	left	(800, 450)	testing
5	hy	f	19	7	circle	green	same	vert	up	(800, 282)	(681, 568)	True	211204	212541	up	(800, 450)	testing
5	hy	f	19	7	diamond	red	same	vert	up	(918, 331)	(800, 618)	True	213732	214541	up	(800, 450)	testing
5	hy	f	19	7	diamond	red	dif	vert	up	(681, 331)	(681, 568)	True	215735	216588	up	(800, 450)	testing
5	hy	f	19	7	diamond	green	same	vert	up	(800, 282)	(681, 331)	True	217729	218700	up	(800, 450)	testing
5	hy	f	19	7	circle	red	same	hori	left	(918, 568)	(800, 618)	True	219896	220990	left	(800, 450)	testing
5	hy	f	19	7	circle	green	same	vert	up	(800, 282)	(968, 450)	True	222096	223101	up	(800, 450)	testing
5	hy	f	19	7	diamond	red	dif	vert	up	(800, 282)	(681, 331)	True	224389	225309	up	(800, 450)	testing
5	hy	f	19	7	diamond	red	same	vert	up	(800, 282)	(968, 450)	True	226478	227197	up	(800, 450)	testing
5	hy	f	19	7	diamond	none	dif	hori	left	N_dis	(800, 282)	True	228467	229197	left	(800, 450)	testing
5	hy	f	19	7	diamond	none	same	vert	up	N_dis	(800, 618)	True	230356	231180	up	(800, 450)	testing
5	hy	f	19	7	circle	none	dif	vert	up	N_dis	(800, 282)	True	232393	233708	up	(800, 450)	testing
5	hy	f	19	7	diamond	green	dif	vert	up	(800, 282)	(918, 331)	True	234863	235886	up	(800, 450)	testing
5	hy	f	19	7	diamond	green	same	hori	left	(800, 282)	(681, 568)	True	237013	237886	left	(800, 450)	testing
5	hy	f	19	7	circle	green	dif	vert	up	(800, 282)	(681, 568)	True	239173	240846	up	(800, 450)	testing
5	hy	f	19	7	circle	green	dif	hori	left	(800, 282)	(918, 331)	True	242027	243085	left	(800, 450)	testing
5	hy	f	19	7	circle	red	dif	vert	up	(800, 282)	(918, 568)	True	244268	245037	up	(800, 450)	testing
5	hy	f	19	7	diamond	green	dif	hori	left	(800, 282)	(800, 618)	True	246151	247181	left	(800, 450)	testing
5	hy	f	19	7	diamond	red	dif	hori	left	(800, 282)	(968, 450)	True	248362	249149	up	(800, 450)	testing
5	hy	f	19	7	circle	none	same	hori	left	N_dis	(968, 450)	True	251958	252717	left	(800, 450)	testing
5	hy	f	19	7	diamond	green	dif	hori	left	(800, 282)	(800, 618)	True	253854	254813	left	(800, 450)	testing
5	hy	f	19	7	diamond	none	dif	hori	left	N_dis	(681, 331)	True	255916	257101	left	(800, 450)	testing
5	hy	f	19	7	circle	none	dif	vert	up	N_dis	(632, 450)	True	258175	259181	up	(800, 450)	testing
5	hy	f	19	7	circle	none	dif	hori	left	N_dis	(968, 450)	True	260299	260894	left	(800, 450)	testing
5	hy	f	19	7	diamond	none	dif	vert	up	N_dis	(632, 450)	True	262128	262957	up	(800, 450)	testing
5	hy	f	19	7	circle	green	dif	hori	left	(800, 282)	(681, 331)	True	264181	265692	left	(800, 450)	testing
5	hy	f	19	7	circle	none	same	hori	left	N_dis	(918, 568)	True	266781	267469	left	(800, 450)	testing
5	hy	f	19	7	circle	none	dif	hori	left	N_dis	(800, 618)	True	268516	269373	left	(800, 450)	testing
5	hy	f	19	7	diamond	none	same	vert	up	N_dis	(632, 450)	True	270647	271389	up	(800, 450)	testing
5	hy	f	19	7	circle	red	same	vert	up	(681, 568)	(632, 450)	True	272536	273902	left	(800, 450)	testing
5	hy	f	19	7	circle	green	same	hori	left	(800, 282)	(918, 568)	True	276587	277452	left	(800, 450)	testing
5	hy	f	19	7	circle	red	dif	vert	up	(800, 618)	(681, 331)	True	278706	279693	up	(800, 450)	testing
5	hy	f	19	7	diamond	none	same	vert	up	N_dis	(632, 450)	True	280852	281741	up	(800, 450)	testing
5	hy	f	19	7	diamond	red	same	vert	up	(800, 282)	(918, 568)	True	282939	283741	up	(800, 450)	testing
5	hy	f	19	7	circle	green	same	hori	left	(800, 282)	(800, 618)	True	284837	285821	left	(800, 450)	testing
5	hy	f	19	7	diamond	red	same	hori	left	(800, 282)	(918, 331)	True	286874	288381	left	(800, 450)	testing
5	hy	f	19	7	circle	red	same	vert	up	(800, 282)	(681, 568)	True	289469	290237	up	(800, 450)	testing
5	hy	f	19	7	circle	none	same	hori	left	N_dis	(800, 282)	True	291485	292285	left	(800, 450)	testing
5	hy	f	19	7	diamond	green	same	hori	left	(918, 331)	(968, 450)	True	293571	294749	left	(800, 450)	testing
5	hy	f	19	7	diamond	none	dif	hori	left	N_dis	(968, 450)	True	296040	296749	left	(800, 450)	testing
5	hy	f	19	7	diamond	green	same	vert	up	(800, 282)	(632, 450)	True	297819	298749	up	(800, 450)	testing
