subj	name	gender	age	runNum	shape	dist	td_dif	resp	resp_key	d_loc	t_loc	gotKey	startTime	respTime	resp	fix_loc	prac
5	hy	f	19	5	diamond	none	same	vert	up	N_dis	(968, 450)	True	7376	8525	up	(800, 450)	testing
5	hy	f	19	5	diamond	red	same	vert	up	(800, 282)	(681, 331)	True	9584	11244	up	(800, 450)	testing
5	hy	f	19	5	diamond	none	dif	hori	left	N_dis	(632, 450)	True	12304	13469	left	(800, 450)	testing
5	hy	f	19	5	circle	green	dif	vert	up	(918, 568)	(968, 450)	True	14582	15453	up	(800, 450)	testing
5	hy	f	19	5	diamond	green	dif	vert	up	(918, 568)	(681, 568)	True	16627	17517	up	(800, 450)	testing
5	hy	f	19	5	diamond	none	same	vert	up	N_dis	(918, 568)	True	18703	19757	up	(800, 450)	testing
5	hy	f	19	5	circle	red	dif	hori	left	(681, 331)	(632, 450)	True	20907	22749	left	(800, 450)	testing
5	hy	f	19	5	diamond	red	dif	hori	left	(918, 568)	(681, 331)	True	23848	25228	left	(800, 450)	testing
5	hy	f	19	5	diamond	red	same	vert	up	(918, 568)	(800, 282)	True	26373	27357	up	(800, 450)	testing
5	hy	f	19	5	circle	none	same	hori	left	N_dis	(681, 568)	True	28509	29581	left	(800, 450)	testing
5	hy	f	19	5	circle	green	dif	hori	left	(800, 618)	(918, 331)	True	30777	32012	left	(800, 450)	testing
5	hy	f	19	5	circle	green	same	hori	left	(918, 331)	(800, 618)	True	33159	34236	left	(800, 450)	testing
5	hy	f	19	5	circle	red	same	vert	up	(918, 568)	(918, 331)	True	35474	36381	up	(800, 450)	testing
5	hy	f	19	5	circle	green	dif	hori	left	(800, 618)	(632, 450)	True	37546	38429	left	(800, 450)	testing
5	hy	f	19	5	circle	none	same	hori	left	N_dis	(681, 568)	True	39514	41020	left	(800, 450)	testing
5	hy	f	19	5	diamond	red	dif	vert	up	(632, 450)	(681, 568)	True	42105	43677	up	(800, 450)	testing
5	hy	f	19	5	circle	green	same	hori	left	(918, 568)	(681, 331)	True	44833	46060	left	(800, 450)	testing
5	hy	f	19	5	circle	green	dif	hori	left	(918, 568)	(681, 568)	True	47225	48333	left	(800, 450)	testing
5	hy	f	19	5	diamond	green	same	hori	left	(918, 568)	(800, 282)	True	49612	50397	left	(800, 450)	testing
5	hy	f	19	5	circle	green	same	hori	left	(918, 568)	(681, 331)	True	51668	52973	left	(800, 450)	testing
5	hy	f	19	5	circle	none	same	vert	up	N_dis	(918, 568)	True	54189	54973	up	(800, 450)	testing
5	hy	f	19	5	circle	red	same	vert	up	(968, 450)	(632, 450)	True	56089	56973	up	(800, 450)	testing
5	hy	f	19	5	diamond	red	same	vert	up	(681, 331)	(800, 282)	True	58122	59645	up	(800, 450)	testing
5	hy	f	19	5	circle	red	dif	hori	left	(918, 568)	(800, 618)	True	60734	61805	left	(800, 450)	testing
5	hy	f	19	5	circle	none	dif	vert	up	N_dis	(632, 450)	True	62939	63917	up	(800, 450)	testing
5	hy	f	19	5	diamond	red	same	hori	left	(918, 568)	(918, 331)	True	64973	66140	left	(800, 450)	testing
5	hy	f	19	5	diamond	green	dif	hori	left	(918, 568)	(800, 618)	True	67202	68349	left	(800, 450)	testing
5	hy	f	19	5	circle	none	dif	vert	up	N_dis	(968, 450)	True	69416	70220	up	(800, 450)	testing
5	hy	f	19	5	diamond	none	dif	vert	up	N_dis	(800, 618)	True	71402	72381	up	(800, 450)	testing
5	hy	f	19	5	circle	red	same	hori	left	(632, 450)	(800, 618)	True	73493	74365	left	(800, 450)	testing
5	hy	f	19	5	circle	red	same	hori	left	(918, 568)	(968, 450)	True	75565	76669	left	(800, 450)	testing
5	hy	f	19	5	diamond	green	dif	vert	up	(800, 282)	(800, 618)	True	77807	78941	up	(800, 450)	testing
5	hy	f	19	5	circle	none	dif	hori	left	N_dis	(800, 618)	True	80092	80989	left	(800, 450)	testing
5	hy	f	19	5	circle	green	same	vert	up	(681, 568)	(681, 331)	True	82187	83517	up	(800, 450)	testing
5	hy	f	19	5	diamond	red	same	hori	left	(918, 568)	(681, 568)	True	84609	85725	left	(800, 450)	testing
5	hy	f	19	5	circle	green	same	vert	up	(918, 568)	(800, 282)	True	86807	87741	up	(800, 450)	testing
5	hy	f	19	5	circle	red	dif	hori	left	(968, 450)	(800, 282)	True	88945	89837	left	(800, 450)	testing
5	hy	f	19	5	diamond	none	same	hori	left	N_dis	(681, 568)	True	90961	91981	left	(800, 450)	testing
5	hy	f	19	5	circle	green	dif	vert	up	(918, 568)	(681, 568)	True	93265	94156	up	(800, 450)	testing
5	hy	f	19	5	diamond	green	dif	vert	up	(632, 450)	(681, 331)	True	95277	95965	left	(800, 450)	testing
5	hy	f	19	5	diamond	green	dif	hori	left	(918, 568)	(681, 331)	True	98586	99725	left	(800, 450)	testing
5	hy	f	19	5	circle	none	same	hori	left	N_dis	(968, 450)	True	100893	101853	left	(800, 450)	testing
5	hy	f	19	5	diamond	green	dif	hori	left	(918, 568)	(681, 331)	True	103082	103885	left	(800, 450)	testing
5	hy	f	19	5	circle	red	same	vert	up	(918, 568)	(681, 568)	True	104980	105933	up	(800, 450)	testing
5	hy	f	19	5	diamond	none	dif	hori	left	N_dis	(800, 618)	True	106986	109132	left	(800, 450)	testing
5	hy	f	19	5	circle	none	dif	vert	up	N_dis	(968, 450)	True	110281	111309	up	(800, 450)	testing
5	hy	f	19	5	diamond	none	same	hori	left	N_dis	(800, 618)	True	112372	113325	left	(800, 450)	testing
5	hy	f	19	5	diamond	none	same	vert	up	N_dis	(681, 331)	True	114569	115485	up	(800, 450)	testing
5	hy	f	19	5	circle	green	dif	hori	left	(918, 568)	(632, 450)	True	116568	117469	left	(800, 450)	testing
5	hy	f	19	5	circle	red	dif	vert	up	(918, 568)	(800, 282)	True	118587	119357	up	(800, 450)	testing
5	hy	f	19	5	diamond	red	same	hori	left	(918, 568)	(632, 450)	True	120494	121453	left	(800, 450)	testing
5	hy	f	19	5	diamond	none	dif	vert	up	N_dis	(918, 568)	True	122619	123565	up	(800, 450)	testing
5	hy	f	19	5	diamond	red	same	hori	left	(968, 450)	(918, 331)	True	124685	125853	left	(800, 450)	testing
5	hy	f	19	5	diamond	none	dif	hori	left	N_dis	(918, 331)	True	126948	128028	left	(800, 450)	testing
5	hy	f	19	5	circle	red	same	hori	left	(918, 568)	(632, 450)	True	129268	130733	left	(800, 450)	testing
5	hy	f	19	5	diamond	none	dif	vert	up	N_dis	(800, 282)	True	131993	132813	up	(800, 450)	testing
5	hy	f	19	5	diamond	red	same	hori	left	(918, 568)	(918, 331)	True	133935	134733	left	(800, 450)	testing
5	hy	f	19	5	circle	none	same	vert	up	N_dis	(632, 450)	True	135900	137084	up	(800, 450)	testing
5	hy	f	19	5	diamond	green	same	vert	up	(681, 331)	(800, 618)	True	138334	139293	up	(800, 450)	testing
5	hy	f	19	5	diamond	none	dif	vert	up	N_dis	(681, 568)	True	140465	141757	up	(800, 450)	testing
5	hy	f	19	5	circle	none	dif	hori	left	N_dis	(681, 331)	True	142924	143949	up	(800, 450)	testing
5	hy	f	19	5	diamond	none	dif	vert	up	N_dis	(681, 331)	True	146547	147389	up	(800, 450)	testing
5	hy	f	19	5	circle	green	same	hori	left	(918, 568)	(968, 450)	True	148446	149196	left	(800, 450)	testing
5	hy	f	19	5	circle	red	dif	vert	up	(918, 331)	(968, 450)	True	150462	151276	left	(800, 450)	testing
5	hy	f	19	5	circle	green	same	vert	up	(918, 568)	(918, 331)	True	153933	154973	up	(800, 450)	testing
5	hy	f	19	5	circle	red	dif	vert	up	(800, 618)	(968, 450)	True	156135	157052	up	(800, 450)	testing
5	hy	f	19	5	diamond	none	same	hori	left	N_dis	(800, 282)	True	158139	159164	left	(800, 450)	testing
5	hy	f	19	5	diamond	none	same	vert	up	N_dis	(918, 331)	True	160223	161100	up	(800, 450)	testing
5	hy	f	19	5	circle	green	same	hori	left	(968, 450)	(800, 618)	True	162247	163116	left	(800, 450)	testing
5	hy	f	19	5	circle	none	dif	hori	left	N_dis	(800, 282)	True	164250	165004	left	(800, 450)	testing
5	hy	f	19	5	circle	none	dif	hori	left	N_dis	(918, 568)	True	166087	167004	left	(800, 450)	testing
5	hy	f	19	5	diamond	red	dif	hori	left	(918, 568)	(800, 282)	True	168165	169084	left	(800, 450)	testing
5	hy	f	19	5	circle	none	same	hori	left	N_dis	(681, 331)	True	170247	171645	left	(800, 450)	testing
5	hy	f	19	5	circle	red	same	hori	left	(918, 568)	(968, 450)	True	172917	173597	left	(800, 450)	testing
5	hy	f	19	5	diamond	green	same	hori	left	(918, 568)	(968, 450)	True	174867	176060	left	(800, 450)	testing
5	hy	f	19	5	diamond	green	dif	hori	left	(918, 331)	(681, 568)	True	177246	178076	left	(800, 450)	testing
5	hy	f	19	5	diamond	red	same	vert	up	(918, 568)	(632, 450)	True	179181	180236	up	(800, 450)	testing
5	hy	f	19	5	diamond	green	dif	vert	up	(681, 331)	(800, 282)	True	181418	182268	up	(800, 450)	testing
5	hy	f	19	5	circle	red	dif	hori	left	(681, 568)	(918, 331)	True	183449	184365	left	(800, 450)	testing
5	hy	f	19	5	diamond	none	dif	hori	left	N_dis	(800, 618)	True	185654	186733	left	(800, 450)	testing
5	hy	f	19	5	circle	green	dif	vert	up	(681, 568)	(632, 450)	True	187776	188941	up	(800, 450)	testing
5	hy	f	19	5	circle	red	dif	vert	up	(918, 568)	(918, 331)	True	190108	190925	up	(800, 450)	testing
5	hy	f	19	5	diamond	none	same	hori	left	N_dis	(800, 282)	True	192149	192861	left	(800, 450)	testing
5	hy	f	19	5	diamond	green	same	hori	left	(800, 618)	(681, 568)	True	194133	195132	left	(800, 450)	testing
5	hy	f	19	5	diamond	green	dif	hori	left	(918, 568)	(800, 618)	True	196392	197533	left	(800, 450)	testing
5	hy	f	19	5	diamond	red	dif	hori	left	(918, 568)	(800, 282)	True	198708	199389	left	(800, 450)	testing
5	hy	f	19	5	diamond	green	same	vert	up	(918, 568)	(681, 331)	True	200588	201485	up	(800, 450)	testing
5	hy	f	19	5	circle	green	same	vert	up	(918, 568)	(681, 331)	True	202657	203469	up	(800, 450)	testing
5	hy	f	19	5	diamond	red	dif	hori	left	(918, 568)	(968, 450)	True	204720	205581	left	(800, 450)	testing
5	hy	f	19	5	diamond	red	dif	vert	up	(918, 568)	(632, 450)	True	206820	207645	up	(800, 450)	testing
5	hy	f	19	5	circle	none	same	vert	up	N_dis	(632, 450)	True	208916	209709	up	(800, 450)	testing
5	hy	f	19	5	circle	none	same	vert	up	N_dis	(918, 331)	True	210999	211693	up	(800, 450)	testing
5	hy	f	19	5	circle	green	same	vert	up	(918, 568)	(918, 331)	True	212936	213965	up	(800, 450)	testing
5	hy	f	19	5	diamond	green	same	hori	left	(918, 568)	(681, 568)	True	215094	216044	left	(800, 450)	testing
5	hy	f	19	5	diamond	red	dif	vert	up	(918, 568)	(800, 618)	True	217169	217997	up	(800, 450)	testing
5	hy	f	19	5	diamond	none	dif	hori	left	N_dis	(681, 331)	True	219223	220317	left	(800, 450)	testing
5	hy	f	19	5	circle	none	dif	hori	left	N_dis	(800, 282)	True	221459	222188	left	(800, 450)	testing
5	hy	f	19	5	circle	red	dif	vert	up	(918, 568)	(681, 331)	True	223257	224124	up	(800, 450)	testing
5	hy	f	19	5	circle	red	dif	hori	left	(918, 568)	(800, 282)	True	225340	226717	left	(800, 450)	testing
5	hy	f	19	5	diamond	red	same	vert	up	(918, 568)	(800, 618)	True	227907	228925	up	(800, 450)	testing
5	hy	f	19	5	circle	none	same	vert	up	N_dis	(918, 568)	True	230083	231052	up	(800, 450)	testing
5	hy	f	19	5	circle	red	same	vert	up	(918, 568)	(632, 450)	True	232272	233132	up	(800, 450)	testing
5	hy	f	19	5	circle	none	dif	vert	up	N_dis	(968, 450)	True	234197	234925	up	(800, 450)	testing
5	hy	f	19	5	circle	red	same	vert	up	(800, 282)	(681, 331)	True	235992	237677	left	(800, 450)	testing
5	hy	f	19	5	circle	none	dif	vert	up	N_dis	(632, 450)	True	240398	241196	up	(800, 450)	testing
5	hy	f	19	5	diamond	green	same	hori	left	(918, 568)	(968, 450)	True	242344	243741	left	(800, 450)	testing
5	hy	f	19	5	diamond	none	same	vert	up	N_dis	(681, 568)	True	244826	245645	up	(800, 450)	testing
5	hy	f	19	5	circle	green	dif	hori	left	(918, 568)	(681, 568)	True	246743	247709	left	(800, 450)	testing
5	hy	f	19	5	circle	green	dif	vert	up	(918, 331)	(968, 450)	True	248864	250012	up	(800, 450)	testing
5	hy	f	19	5	diamond	green	dif	vert	up	(918, 568)	(632, 450)	True	251221	252044	up	(800, 450)	testing
5	hy	f	19	5	diamond	none	same	hori	left	N_dis	(918, 331)	True	253309	254076	left	(800, 450)	testing
5	hy	f	19	5	diamond	green	same	vert	up	(800, 282)	(632, 450)	True	255136	255901	up	(800, 450)	testing
5	hy	f	19	5	circle	red	same	hori	left	(918, 568)	(800, 618)	True	256982	257661	left	(800, 450)	testing
5	hy	f	19	5	circle	none	same	hori	left	N_dis	(918, 331)	True	258945	259805	left	(800, 450)	testing
5	hy	f	19	5	diamond	red	dif	vert	up	(632, 450)	(918, 331)	True	260941	261949	up	(800, 450)	testing
5	hy	f	19	5	diamond	green	same	vert	up	(681, 568)	(918, 331)	True	263096	263981	up	(800, 450)	testing
5	hy	f	19	5	circle	green	dif	vert	up	(918, 568)	(681, 331)	True	265250	266349	up	(800, 450)	testing
5	hy	f	19	5	diamond	red	dif	vert	up	(918, 568)	(918, 331)	True	267535	268333	up	(800, 450)	testing
5	hy	f	19	5	diamond	red	dif	hori	left	(918, 568)	(800, 618)	True	269624	270349	up	(800, 450)	testing
5	hy	f	19	5	diamond	green	same	vert	up	(918, 568)	(681, 331)	True	273135	273901	up	(800, 450)	testing
