subj	name	gender	age	runNum	shape	dist	td_dif	resp	resp_key	d_loc	t_loc	gotKey	startTime	respTime	resp	fix_loc	prac
5	hy	f	19	10	circle	green	dif	hori	left	(800, 282)	(632, 450)	True	7103	7820	left	(800, 450)	testing
5	hy	f	19	10	diamond	none	dif	vert	up	N_dis	(918, 331)	True	8956	9549	up	(800, 450)	testing
5	hy	f	19	10	diamond	green	dif	vert	up	(800, 282)	(968, 450)	True	10592	11309	up	(800, 450)	testing
5	hy	f	19	10	diamond	red	same	hori	left	(800, 282)	(800, 618)	True	12464	13597	left	(800, 450)	testing
5	hy	f	19	10	circle	none	same	vert	up	N_dis	(632, 450)	True	14665	15468	up	(800, 450)	testing
5	hy	f	19	10	circle	red	dif	vert	up	(800, 282)	(681, 568)	True	16705	17485	left	(800, 450)	testing
5	hy	f	19	10	circle	none	dif	hori	left	N_dis	(800, 282)	True	20223	21325	left	(800, 450)	testing
5	hy	f	19	10	circle	red	same	vert	up	(800, 282)	(800, 618)	True	22392	23021	up	(800, 450)	testing
5	hy	f	19	10	circle	red	dif	hori	left	(800, 282)	(681, 568)	True	24137	24860	left	(800, 450)	testing
5	hy	f	19	10	diamond	red	dif	vert	up	(681, 568)	(632, 450)	True	26064	27132	up	(800, 450)	testing
5	hy	f	19	10	diamond	none	dif	vert	up	N_dis	(681, 331)	True	28185	29036	up	(800, 450)	testing
5	hy	f	19	10	diamond	red	dif	hori	left	(800, 282)	(681, 568)	True	30095	31516	left	(800, 450)	testing
5	hy	f	19	10	diamond	none	dif	hori	left	N_dis	(918, 568)	True	32741	33548	left	(800, 450)	testing
5	hy	f	19	10	circle	green	same	hori	left	(800, 282)	(918, 331)	True	34736	35388	left	(800, 450)	testing
5	hy	f	19	10	diamond	green	same	vert	up	(800, 282)	(632, 450)	True	36554	37420	up	(800, 450)	testing
5	hy	f	19	10	circle	none	dif	vert	up	N_dis	(968, 450)	True	38518	39244	up	(800, 450)	testing
5	hy	f	19	10	circle	red	dif	vert	up	(800, 282)	(918, 568)	True	40362	41084	up	(800, 450)	testing
5	hy	f	19	10	diamond	none	same	vert	up	N_dis	(918, 331)	True	42216	42876	up	(800, 450)	testing
5	hy	f	19	10	diamond	green	same	hori	left	(800, 282)	(632, 450)	True	44011	44764	left	(800, 450)	testing
5	hy	f	19	10	diamond	none	dif	hori	left	N_dis	(800, 618)	True	45995	46989	left	(800, 450)	testing
5	hy	f	19	10	circle	green	dif	vert	up	(918, 568)	(968, 450)	True	48061	48796	up	(800, 450)	testing
5	hy	f	19	10	diamond	green	same	vert	up	(800, 282)	(681, 331)	True	49953	51628	up	(800, 450)	testing
5	hy	f	19	10	circle	green	same	vert	up	(800, 282)	(800, 618)	True	52845	53532	up	(800, 450)	testing
5	hy	f	19	10	diamond	green	dif	hori	left	(800, 282)	(632, 450)	True	54803	55660	left	(800, 450)	testing
5	hy	f	19	10	diamond	none	same	hori	left	N_dis	(681, 331)	True	56789	57692	left	(800, 450)	testing
5	hy	f	19	10	diamond	green	dif	vert	up	(681, 568)	(918, 331)	True	58973	59709	up	(800, 450)	testing
5	hy	f	19	10	diamond	red	same	vert	up	(800, 282)	(632, 450)	True	60803	61501	up	(800, 450)	testing
5	hy	f	19	10	circle	none	dif	vert	up	N_dis	(968, 450)	True	62659	63356	up	(800, 450)	testing
5	hy	f	19	10	circle	none	dif	hori	left	N_dis	(681, 568)	True	64458	65164	left	(800, 450)	testing
5	hy	f	19	10	circle	none	same	hori	left	N_dis	(918, 568)	True	66363	67037	left	(800, 450)	testing
5	hy	f	19	10	diamond	green	dif	hori	left	(800, 282)	(918, 568)	True	68151	68780	left	(800, 450)	testing
5	hy	f	19	10	circle	red	dif	vert	up	(800, 282)	(681, 331)	True	70049	71852	up	(800, 450)	testing
5	hy	f	19	10	diamond	red	dif	vert	up	(681, 331)	(800, 618)	True	73041	74189	up	(800, 450)	testing
5	hy	f	19	10	circle	none	dif	hori	left	N_dis	(918, 331)	True	75440	76236	left	(800, 450)	testing
5	hy	f	19	10	diamond	green	same	vert	up	(632, 450)	(681, 331)	True	77354	78076	up	(800, 450)	testing
5	hy	f	19	10	circle	none	dif	vert	up	N_dis	(681, 568)	True	79219	80076	up	(800, 450)	testing
5	hy	f	19	10	diamond	none	dif	vert	up	N_dis	(918, 331)	True	81195	81868	up	(800, 450)	testing
5	hy	f	19	10	diamond	red	same	hori	left	(800, 618)	(968, 450)	True	82936	83788	left	(800, 450)	testing
5	hy	f	19	10	diamond	none	same	vert	up	N_dis	(800, 282)	True	84972	85724	up	(800, 450)	testing
5	hy	f	19	10	diamond	none	dif	hori	left	N_dis	(800, 618)	True	87002	87981	left	(800, 450)	testing
5	hy	f	19	10	circle	green	same	vert	up	(800, 282)	(800, 618)	True	89186	90300	up	(800, 450)	testing
5	hy	f	19	10	circle	green	same	vert	up	(800, 282)	(681, 568)	True	91447	92252	up	(800, 450)	testing
5	hy	f	19	10	circle	none	same	vert	up	N_dis	(632, 450)	True	93353	94301	up	(800, 450)	testing
5	hy	f	19	10	diamond	none	same	hori	left	N_dis	(681, 331)	True	95576	96332	left	(800, 450)	testing
5	hy	f	19	10	diamond	none	same	vert	up	N_dis	(800, 618)	True	97429	98476	up	(800, 450)	testing
5	hy	f	19	10	circle	green	same	hori	left	(918, 568)	(632, 450)	True	99750	100476	left	(800, 450)	testing
5	hy	f	19	10	circle	green	same	vert	up	(800, 282)	(918, 331)	True	101694	102444	up	(800, 450)	testing
5	hy	f	19	10	circle	none	same	hori	left	N_dis	(800, 618)	True	103516	104204	left	(800, 450)	testing
5	hy	f	19	10	circle	none	same	vert	up	N_dis	(800, 282)	True	105407	106125	up	(800, 450)	testing
5	hy	f	19	10	circle	red	same	hori	left	(800, 282)	(681, 331)	True	107241	108124	left	(800, 450)	testing
5	hy	f	19	10	circle	green	dif	vert	up	(681, 331)	(632, 450)	True	109253	110076	up	(800, 450)	testing
5	hy	f	19	10	diamond	green	same	hori	left	(800, 282)	(918, 331)	True	111190	112220	left	(800, 450)	testing
5	hy	f	19	10	diamond	none	dif	vert	up	N_dis	(681, 331)	True	113423	114172	up	(800, 450)	testing
5	hy	f	19	10	diamond	green	dif	hori	left	(800, 282)	(918, 331)	True	115332	116444	left	(800, 450)	testing
5	hy	f	19	10	circle	red	same	vert	up	(681, 568)	(918, 331)	True	117721	118301	up	(800, 450)	testing
5	hy	f	19	10	circle	green	dif	hori	left	(800, 618)	(681, 568)	True	119450	120236	left	(800, 450)	testing
5	hy	f	19	10	diamond	none	same	hori	left	N_dis	(632, 450)	True	121516	122333	up	(800, 450)	testing
5	hy	f	19	10	circle	green	same	vert	up	(800, 282)	(681, 331)	True	124977	126493	up	(800, 450)	testing
5	hy	f	19	10	diamond	red	same	vert	up	(681, 331)	(632, 450)	True	127747	130524	up	(800, 450)	testing
5	hy	f	19	10	circle	green	same	hori	left	(800, 282)	(681, 331)	True	131625	133260	left	(800, 450)	testing
5	hy	f	19	10	circle	none	same	hori	left	N_dis	(632, 450)	True	134459	135196	left	(800, 450)	testing
5	hy	f	19	10	diamond	red	same	hori	left	(800, 282)	(681, 568)	True	136348	137133	left	(800, 450)	testing
5	hy	f	19	10	diamond	green	dif	vert	up	(968, 450)	(632, 450)	True	138210	138973	up	(800, 450)	testing
5	hy	f	19	10	diamond	red	dif	vert	up	(632, 450)	(681, 568)	True	140079	141228	up	(800, 450)	testing
5	hy	f	19	10	diamond	none	same	hori	left	N_dis	(968, 450)	True	142493	143148	up	(800, 450)	testing
5	hy	f	19	10	diamond	red	same	vert	up	(800, 282)	(968, 450)	True	145809	146605	up	(800, 450)	testing
5	hy	f	19	10	circle	green	same	hori	left	(800, 282)	(968, 450)	True	147866	148620	left	(800, 450)	testing
5	hy	f	19	10	circle	none	same	vert	up	N_dis	(918, 568)	True	149731	150556	up	(800, 450)	testing
5	hy	f	19	10	circle	red	dif	vert	up	(800, 282)	(800, 618)	True	151711	152813	up	(800, 450)	testing
5	hy	f	19	10	circle	red	same	hori	left	(800, 282)	(632, 450)	True	153931	154652	left	(800, 450)	testing
5	hy	f	19	10	diamond	red	same	hori	left	(800, 282)	(918, 331)	True	155909	156653	left	(800, 450)	testing
5	hy	f	19	10	diamond	green	dif	hori	left	(968, 450)	(800, 618)	True	157783	158892	left	(800, 450)	testing
5	hy	f	19	10	circle	green	dif	hori	left	(800, 618)	(632, 450)	True	160047	160765	left	(800, 450)	testing
5	hy	f	19	10	circle	red	same	vert	up	(800, 282)	(800, 618)	True	161920	162781	up	(800, 450)	testing
5	hy	f	19	10	diamond	red	dif	hori	left	(800, 282)	(968, 450)	True	163941	164589	left	(800, 450)	testing
5	hy	f	19	10	circle	green	dif	hori	left	(918, 331)	(632, 450)	True	165730	166429	left	(800, 450)	testing
5	hy	f	19	10	circle	green	dif	vert	up	(800, 282)	(800, 618)	True	167586	168396	up	(800, 450)	testing
5	hy	f	19	10	diamond	none	dif	vert	up	N_dis	(918, 568)	True	169647	170557	up	(800, 450)	testing
5	hy	f	19	10	circle	red	same	hori	left	(918, 568)	(968, 450)	True	171687	172813	left	(800, 450)	testing
5	hy	f	19	10	diamond	none	dif	hori	left	N_dis	(918, 331)	True	173931	174588	left	(800, 450)	testing
5	hy	f	19	10	circle	none	same	hori	left	N_dis	(632, 450)	True	175804	176508	left	(800, 450)	testing
5	hy	f	19	10	diamond	red	dif	hori	left	(800, 282)	(681, 568)	True	177798	178973	left	(800, 450)	testing
5	hy	f	19	10	diamond	green	dif	vert	up	(800, 282)	(918, 568)	True	180163	180908	up	(800, 450)	testing
5	hy	f	19	10	circle	none	same	vert	up	N_dis	(968, 450)	True	182090	183085	up	(800, 450)	testing
5	hy	f	19	10	diamond	red	same	vert	up	(800, 282)	(681, 331)	True	184248	185196	up	(800, 450)	testing
5	hy	f	19	10	circle	red	dif	hori	left	(800, 282)	(800, 618)	True	186390	187069	left	(800, 450)	testing
5	hy	f	19	10	circle	none	dif	vert	up	N_dis	(681, 568)	True	188174	188909	up	(800, 450)	testing
5	hy	f	19	10	diamond	green	dif	hori	left	(681, 331)	(632, 450)	True	190122	190942	left	(800, 450)	testing
5	hy	f	19	10	circle	red	dif	hori	left	(800, 282)	(800, 618)	True	192016	192829	left	(800, 450)	testing
5	hy	f	19	10	diamond	red	same	vert	up	(800, 618)	(918, 568)	True	194121	195165	up	(800, 450)	testing
5	hy	f	19	10	diamond	green	same	vert	up	(800, 282)	(681, 331)	True	196359	197101	up	(800, 450)	testing
5	hy	f	19	10	circle	red	dif	hori	left	(632, 450)	(681, 568)	True	198234	199069	up	(800, 450)	testing
5	hy	f	19	10	circle	red	same	vert	up	(968, 450)	(632, 450)	True	201897	202765	up	(800, 450)	testing
5	hy	f	19	10	diamond	green	same	hori	left	(918, 568)	(918, 331)	True	203930	204813	left	(800, 450)	testing
5	hy	f	19	10	circle	none	dif	hori	left	N_dis	(800, 282)	True	205923	206525	left	(800, 450)	testing
5	hy	f	19	10	circle	none	dif	vert	up	N_dis	(968, 450)	True	207789	208509	up	(800, 450)	testing
5	hy	f	19	10	circle	green	dif	vert	up	(800, 282)	(968, 450)	True	209738	210445	up	(800, 450)	testing
5	hy	f	19	10	circle	green	dif	hori	left	(800, 282)	(968, 450)	True	211672	212429	left	(800, 450)	testing
5	hy	f	19	10	circle	green	same	hori	left	(800, 282)	(918, 568)	True	213527	214492	left	(800, 450)	testing
5	hy	f	19	10	diamond	none	same	vert	up	N_dis	(681, 568)	True	215751	216813	up	(800, 450)	testing
5	hy	f	19	10	circle	red	dif	hori	left	(918, 331)	(681, 568)	True	217924	218621	left	(800, 450)	testing
5	hy	f	19	10	diamond	red	dif	vert	up	(968, 450)	(918, 331)	True	219835	221533	up	(800, 450)	testing
5	hy	f	19	10	circle	green	dif	vert	up	(800, 282)	(632, 450)	True	222773	223437	up	(800, 450)	testing
5	hy	f	19	10	diamond	none	dif	hori	left	N_dis	(918, 568)	True	224543	225453	left	(800, 450)	testing
5	hy	f	19	10	diamond	red	dif	hori	left	(632, 450)	(681, 568)	True	226548	227437	left	(800, 450)	testing
5	hy	f	19	10	diamond	red	same	hori	left	(800, 282)	(968, 450)	True	228593	229148	left	(800, 450)	testing
5	hy	f	19	10	circle	none	same	hori	left	N_dis	(800, 618)	True	230374	231197	left	(800, 450)	testing
5	hy	f	19	10	circle	red	same	vert	up	(681, 568)	(800, 618)	True	232395	233133	up	(800, 450)	testing
5	hy	f	19	10	diamond	green	same	hori	left	(918, 331)	(968, 450)	True	234273	235165	left	(800, 450)	testing
5	hy	f	19	10	circle	red	same	hori	left	(800, 282)	(918, 568)	True	236230	236990	left	(800, 450)	testing
5	hy	f	19	10	diamond	green	same	hori	left	(800, 282)	(918, 568)	True	238150	238797	left	(800, 450)	testing
5	hy	f	19	10	diamond	none	same	vert	up	N_dis	(681, 568)	True	239919	240797	up	(800, 450)	testing
5	hy	f	19	10	circle	none	dif	hori	left	N_dis	(681, 331)	True	242041	242684	left	(800, 450)	testing
5	hy	f	19	10	diamond	green	dif	vert	up	(800, 282)	(918, 568)	True	243956	244669	up	(800, 450)	testing
5	hy	f	19	10	diamond	red	dif	hori	left	(800, 282)	(681, 568)	True	245760	246525	left	(800, 450)	testing
5	hy	f	19	10	circle	red	dif	vert	up	(800, 282)	(918, 331)	True	247622	248685	up	(800, 450)	testing
5	hy	f	19	10	diamond	red	dif	vert	up	(800, 282)	(800, 618)	True	249772	250333	left	(800, 450)	testing
5	hy	f	19	10	diamond	none	same	hori	left	N_dis	(800, 282)	True	252978	253740	left	(800, 450)	testing
5	hy	f	19	10	circle	red	same	hori	left	(800, 282)	(918, 331)	True	254917	255789	left	(800, 450)	testing
5	hy	f	19	10	diamond	green	same	vert	up	(918, 331)	(632, 450)	True	256900	257613	up	(800, 450)	testing
conf	5	hy	f	19	10	3	6	8	2	4	space	None	None	None	None	True	317893	331197	2
