subj	name	gender	age	runNum	shape	dist	td_dif	resp	resp_key	d_loc	t_loc	gotKey	startTime	respTime	resp	fix_loc	prac
5	hy	f	19	4	circle	green	same	vert	up	(918, 568)	(800, 282)	True	4497	5838	up	(800, 450)	testing
5	hy	f	19	4	diamond	green	same	vert	up	(918, 568)	(681, 331)	True	6918	7886	up	(800, 450)	testing
5	hy	f	19	4	circle	green	same	hori	left	(918, 568)	(968, 450)	True	9002	10301	left	(800, 450)	testing
5	hy	f	19	4	diamond	red	same	hori	left	(632, 450)	(800, 282)	True	11499	13405	left	(800, 450)	testing
5	hy	f	19	4	circle	green	dif	hori	left	(918, 568)	(918, 331)	True	14620	15806	left	(800, 450)	testing
5	hy	f	19	4	diamond	none	dif	vert	up	N_dis	(681, 331)	True	17061	18045	up	(800, 450)	testing
5	hy	f	19	4	circle	red	same	hori	left	(918, 568)	(968, 450)	True	19104	20637	left	(800, 450)	testing
5	hy	f	19	4	circle	red	same	vert	up	(918, 568)	(800, 618)	True	21770	23245	up	(800, 450)	testing
5	hy	f	19	4	diamond	none	same	vert	up	N_dis	(800, 618)	True	24514	25709	up	(800, 450)	testing
5	hy	f	19	4	diamond	none	dif	vert	up	N_dis	(968, 450)	True	26819	27838	up	(800, 450)	testing
5	hy	f	19	4	circle	green	same	hori	left	(918, 568)	(632, 450)	True	29120	30221	left	(800, 450)	testing
5	hy	f	19	4	circle	red	same	vert	up	(632, 450)	(918, 331)	True	31280	32413	up	(800, 450)	testing
5	hy	f	19	4	diamond	none	dif	vert	up	N_dis	(681, 568)	True	33458	34557	up	(800, 450)	testing
5	hy	f	19	4	diamond	red	same	hori	left	(918, 568)	(681, 331)	True	35675	36878	left	(800, 450)	testing
5	hy	f	19	4	diamond	green	dif	vert	up	(918, 568)	(800, 618)	True	38024	39149	up	(800, 450)	testing
5	hy	f	19	4	diamond	none	same	hori	left	N_dis	(681, 568)	True	40318	41565	left	(800, 450)	testing
5	hy	f	19	4	circle	red	dif	hori	left	(681, 331)	(968, 450)	True	42616	44093	up	(800, 450)	testing
5	hy	f	19	4	diamond	red	dif	vert	up	(918, 568)	(681, 331)	True	46878	47998	up	(800, 450)	testing
5	hy	f	19	4	circle	none	dif	vert	up	N_dis	(632, 450)	True	49132	50253	up	(800, 450)	testing
5	hy	f	19	4	circle	none	same	hori	left	N_dis	(681, 331)	True	51465	52445	left	(800, 450)	testing
5	hy	f	19	4	circle	red	dif	hori	left	(918, 568)	(632, 450)	True	53664	54830	left	(800, 450)	testing
5	hy	f	19	4	circle	green	dif	hori	left	(968, 450)	(800, 618)	True	55922	57037	left	(800, 450)	testing
5	hy	f	19	4	circle	green	dif	hori	left	(918, 568)	(800, 282)	True	58223	59277	left	(800, 450)	testing
5	hy	f	19	4	circle	red	dif	vert	up	(918, 568)	(800, 282)	True	60323	61870	up	(800, 450)	testing
5	hy	f	19	4	diamond	green	dif	vert	up	(968, 450)	(800, 282)	True	63107	64926	up	(800, 450)	testing
5	hy	f	19	4	diamond	green	dif	hori	left	(918, 568)	(968, 450)	True	66181	67645	left	(800, 450)	testing
5	hy	f	19	4	circle	none	same	vert	up	N_dis	(632, 450)	True	68883	69918	up	(800, 450)	testing
5	hy	f	19	4	circle	none	dif	vert	up	N_dis	(681, 331)	True	71053	72974	up	(800, 450)	testing
5	hy	f	19	4	circle	green	same	vert	up	(918, 568)	(681, 331)	True	74167	75485	up	(800, 450)	testing
5	hy	f	19	4	circle	red	same	vert	up	(918, 568)	(632, 450)	True	76684	78061	up	(800, 450)	testing
5	hy	f	19	4	circle	red	dif	hori	left	(918, 568)	(632, 450)	True	79323	80189	left	(800, 450)	testing
5	hy	f	19	4	diamond	red	dif	hori	left	(918, 568)	(681, 568)	True	81445	82750	left	(800, 450)	testing
5	hy	f	19	4	diamond	red	same	vert	up	(800, 618)	(968, 450)	True	83962	84942	up	(800, 450)	testing
5	hy	f	19	4	diamond	none	dif	hori	left	N_dis	(918, 331)	True	86032	88509	left	(800, 450)	testing
5	hy	f	19	4	diamond	green	same	hori	left	(918, 568)	(681, 331)	True	89705	90766	left	(800, 450)	testing
5	hy	f	19	4	diamond	green	same	vert	up	(800, 618)	(681, 331)	True	91830	93405	up	(800, 450)	testing
5	hy	f	19	4	diamond	green	same	hori	left	(918, 568)	(800, 618)	True	94448	95629	left	(800, 450)	testing
5	hy	f	19	4	circle	none	same	hori	left	N_dis	(800, 618)	True	96741	97661	left	(800, 450)	testing
5	hy	f	19	4	diamond	none	dif	vert	up	N_dis	(918, 568)	True	98928	100125	up	(800, 450)	testing
5	hy	f	19	4	diamond	red	dif	vert	up	(681, 331)	(800, 618)	True	101200	102413	up	(800, 450)	testing
5	hy	f	19	4	circle	red	same	hori	left	(681, 568)	(800, 282)	True	103686	104701	left	(800, 450)	testing
5	hy	f	19	4	circle	green	dif	vert	up	(918, 568)	(681, 331)	True	105845	107053	up	(800, 450)	testing
5	hy	f	19	4	circle	red	dif	hori	left	(918, 331)	(681, 568)	True	108181	109277	left	(800, 450)	testing
5	hy	f	19	4	circle	none	same	hori	left	N_dis	(632, 450)	True	110402	111325	left	(800, 450)	testing
5	hy	f	19	4	diamond	red	same	vert	up	(800, 282)	(681, 568)	True	112428	113645	up	(800, 450)	testing
5	hy	f	19	4	circle	green	same	hori	left	(918, 568)	(918, 331)	True	114810	116461	left	(800, 450)	testing
5	hy	f	19	4	circle	none	same	vert	up	N_dis	(632, 450)	True	117604	119373	up	(800, 450)	testing
5	hy	f	19	4	circle	red	same	hori	left	(918, 568)	(800, 282)	True	120626	122237	left	(800, 450)	testing
5	hy	f	19	4	circle	none	same	vert	up	N_dis	(800, 282)	True	123497	125117	up	(800, 450)	testing
5	hy	f	19	4	circle	none	dif	hori	left	N_dis	(918, 568)	True	126371	127645	left	(800, 450)	testing
5	hy	f	19	4	circle	red	same	vert	up	(918, 568)	(918, 331)	True	128789	130029	up	(800, 450)	testing
5	hy	f	19	4	diamond	none	same	vert	up	N_dis	(918, 568)	True	131233	132669	up	(800, 450)	testing
5	hy	f	19	4	diamond	red	dif	vert	up	(918, 568)	(681, 331)	True	133922	135021	up	(800, 450)	testing
5	hy	f	19	4	circle	none	dif	hori	left	N_dis	(800, 282)	True	136242	137790	left	(800, 450)	testing
5	hy	f	19	4	diamond	red	same	hori	left	(632, 450)	(918, 331)	True	139075	140734	left	(800, 450)	testing
5	hy	f	19	4	diamond	green	dif	vert	up	(918, 568)	(800, 282)	True	142019	143021	up	(800, 450)	testing
5	hy	f	19	4	diamond	red	dif	hori	left	(800, 282)	(681, 331)	True	144166	145966	left	(800, 450)	testing
5	hy	f	19	4	diamond	none	dif	hori	left	N_dis	(968, 450)	True	147122	148173	left	(800, 450)	testing
5	hy	f	19	4	diamond	green	dif	hori	left	(918, 568)	(681, 568)	True	149428	150685	left	(800, 450)	testing
5	hy	f	19	4	diamond	none	same	hori	left	N_dis	(800, 282)	True	151833	152782	left	(800, 450)	testing
5	hy	f	19	4	circle	none	dif	vert	up	N_dis	(681, 331)	True	153933	155309	up	(800, 450)	testing
5	hy	f	19	4	circle	red	dif	vert	up	(918, 331)	(681, 331)	True	156431	158141	left	(800, 450)	testing
5	hy	f	19	4	diamond	none	dif	hori	left	N_dis	(800, 282)	True	160879	161902	left	(800, 450)	testing
5	hy	f	19	4	circle	none	same	vert	up	N_dis	(918, 331)	True	162948	163854	up	(800, 450)	testing
5	hy	f	19	4	circle	green	dif	vert	up	(918, 568)	(681, 568)	True	165103	166141	up	(800, 450)	testing
5	hy	f	19	4	circle	none	same	vert	up	N_dis	(681, 568)	True	167405	168365	left	(800, 450)	testing
5	hy	f	19	4	diamond	green	dif	hori	left	(918, 568)	(918, 331)	True	170990	172637	left	(800, 450)	testing
5	hy	f	19	4	diamond	none	same	vert	up	N_dis	(918, 568)	True	173734	175117	up	(800, 450)	testing
5	hy	f	19	4	circle	green	dif	hori	left	(918, 568)	(632, 450)	True	176209	177085	left	(800, 450)	testing
5	hy	f	19	4	diamond	none	dif	hori	left	N_dis	(632, 450)	True	178242	179629	left	(800, 450)	testing
5	hy	f	19	4	circle	none	dif	hori	left	N_dis	(918, 568)	True	180822	182397	left	(800, 450)	testing
5	hy	f	19	4	diamond	green	dif	vert	up	(681, 568)	(800, 282)	True	183485	184557	up	(800, 450)	testing
5	hy	f	19	4	diamond	green	dif	vert	up	(968, 450)	(681, 568)	True	185764	187181	up	(800, 450)	testing
5	hy	f	19	4	diamond	red	same	vert	up	(800, 618)	(918, 331)	True	188269	189325	up	(800, 450)	testing
5	hy	f	19	4	diamond	red	dif	vert	up	(800, 282)	(968, 450)	True	190599	192077	up	(800, 450)	testing
5	hy	f	19	4	diamond	none	same	hori	left	N_dis	(968, 450)	True	193329	194285	left	(800, 450)	testing
5	hy	f	19	4	diamond	red	dif	hori	left	(681, 331)	(968, 450)	True	195398	196429	left	(800, 450)	testing
5	hy	f	19	4	diamond	none	same	hori	left	N_dis	(918, 331)	True	197602	198477	left	(800, 450)	testing
5	hy	f	19	4	circle	red	dif	hori	left	(681, 331)	(800, 282)	True	199696	202061	left	(800, 450)	testing
5	hy	f	19	4	diamond	red	dif	hori	left	(918, 568)	(800, 282)	True	203145	204349	left	(800, 450)	testing
5	hy	f	19	4	diamond	green	dif	hori	left	(918, 568)	(968, 450)	True	205555	206926	left	(800, 450)	testing
5	hy	f	19	4	circle	none	same	hori	left	N_dis	(681, 568)	True	208116	208878	left	(800, 450)	testing
5	hy	f	19	4	diamond	none	same	vert	up	N_dis	(918, 331)	True	209922	210685	up	(800, 450)	testing
5	hy	f	19	4	diamond	red	same	vert	up	(918, 331)	(800, 618)	True	211857	213918	up	(800, 450)	testing
5	hy	f	19	4	diamond	green	same	hori	left	(918, 568)	(681, 568)	True	215084	216509	left	(800, 450)	testing
5	hy	f	19	4	circle	red	dif	vert	up	(918, 568)	(681, 568)	True	217652	220285	up	(800, 450)	testing
5	hy	f	19	4	diamond	red	dif	vert	up	(918, 568)	(632, 450)	True	221369	223165	left	(800, 450)	testing
5	hy	f	19	4	diamond	red	same	hori	left	(918, 568)	(968, 450)	True	225981	227597	left	(800, 450)	testing
5	hy	f	19	4	circle	red	dif	vert	up	(918, 568)	(681, 568)	True	228865	230013	up	(800, 450)	testing
5	hy	f	19	4	circle	none	dif	hori	left	N_dis	(918, 331)	True	231297	232093	left	(800, 450)	testing
5	hy	f	19	4	circle	green	same	hori	left	(918, 568)	(800, 618)	True	233360	235021	left	(800, 450)	testing
5	hy	f	19	4	diamond	green	same	vert	up	(918, 331)	(800, 282)	True	236246	238173	up	(800, 450)	testing
5	hy	f	19	4	circle	green	same	vert	up	(918, 568)	(681, 331)	True	239443	240653	up	(800, 450)	testing
5	hy	f	19	4	diamond	red	same	vert	up	(800, 282)	(681, 331)	True	241934	244525	up	(800, 450)	testing
5	hy	f	19	4	diamond	green	dif	hori	left	(918, 568)	(968, 450)	True	245744	247101	left	(800, 450)	testing
5	hy	f	19	4	diamond	none	dif	vert	up	N_dis	(800, 618)	True	248186	249501	up	(800, 450)	testing
5	hy	f	19	4	circle	red	same	hori	left	(681, 568)	(800, 618)	True	250622	251453	left	(800, 450)	testing
5	hy	f	19	4	circle	red	dif	vert	up	(918, 568)	(918, 331)	True	252556	254173	up	(800, 450)	testing
5	hy	f	19	4	circle	green	dif	vert	up	(918, 568)	(800, 282)	True	255346	256349	up	(800, 450)	testing
5	hy	f	19	4	circle	green	same	vert	up	(918, 568)	(918, 331)	True	257426	258557	up	(800, 450)	testing
5	hy	f	19	4	circle	red	same	vert	up	(632, 450)	(681, 568)	True	259805	261469	up	(800, 450)	testing
5	hy	f	19	4	circle	none	same	hori	left	N_dis	(968, 450)	True	262613	263405	left	(800, 450)	testing
5	hy	f	19	4	diamond	none	dif	hori	left	N_dis	(800, 618)	True	264552	265726	up	(800, 450)	testing
5	hy	f	19	4	circle	green	dif	vert	up	(918, 568)	(968, 450)	True	268407	270157	up	(800, 450)	testing
5	hy	f	19	4	diamond	red	dif	hori	left	(800, 618)	(968, 450)	True	271411	272701	left	(800, 450)	testing
5	hy	f	19	4	diamond	red	same	hori	left	(918, 568)	(800, 618)	True	273876	275950	left	(800, 450)	testing
5	hy	f	19	4	circle	green	dif	hori	left	(918, 568)	(681, 568)	True	277025	278910	left	(800, 450)	testing
5	hy	f	19	4	diamond	green	same	vert	up	(918, 568)	(681, 331)	True	280099	281645	up	(800, 450)	testing
5	hy	f	19	4	circle	none	dif	hori	left	N_dis	(681, 568)	True	282791	284894	left	(800, 450)	testing
5	hy	f	19	4	diamond	green	same	hori	left	(681, 568)	(800, 618)	True	286125	287838	left	(800, 450)	testing
5	hy	f	19	4	circle	none	dif	vert	up	N_dis	(800, 282)	True	289105	290093	up	(800, 450)	testing
5	hy	f	19	4	circle	green	same	vert	up	(918, 568)	(800, 618)	True	291323	293902	up	(800, 450)	testing
5	hy	f	19	4	circle	green	dif	vert	up	(918, 568)	(918, 331)	True	295109	297165	up	(800, 450)	testing
5	hy	f	19	4	diamond	none	same	hori	left	N_dis	(800, 618)	True	298274	299037	left	(800, 450)	testing
5	hy	f	19	4	circle	red	same	hori	left	(918, 568)	(632, 450)	True	300274	301261	left	(800, 450)	testing
5	hy	f	19	4	diamond	none	same	vert	up	N_dis	(968, 450)	True	302346	303149	up	(800, 450)	testing
5	hy	f	19	4	circle	none	dif	vert	up	N_dis	(681, 331)	True	304360	304974	left	(800, 450)	testing
5	hy	f	19	4	circle	green	same	hori	left	(918, 568)	(681, 331)	True	307704	308926	left	(800, 450)	testing
5	hy	f	19	4	diamond	green	same	hori	left	(968, 450)	(800, 618)	True	310018	311245	left	(800, 450)	testing
5	hy	f	19	4	diamond	green	same	vert	up	(918, 568)	(800, 618)	True	312335	313469	up	(800, 450)	testing
