subj	name	gender	age	runNum	shape	dist	td_dif	resp	resp_key	d_loc	t_loc	gotKey	startTime	respTime	resp	fix_loc	prac
5	hy	f	19	3	diamond	red	same	hori	left	(918, 568)	(968, 450)	True	3776	5516	left	(800, 450)	testing
5	hy	f	19	3	diamond	green	dif	vert	up	(632, 450)	(968, 450)	True	6762	7725	up	(800, 450)	testing
5	hy	f	19	3	circle	green	same	vert	up	(918, 568)	(918, 331)	True	8941	10396	up	(800, 450)	testing
5	hy	f	19	3	circle	none	same	vert	up	N_dis	(800, 282)	True	11565	13004	up	(800, 450)	testing
5	hy	f	19	3	diamond	none	dif	hori	left	N_dis	(681, 568)	True	14180	15180	left	(800, 450)	testing
5	hy	f	19	3	circle	red	dif	vert	up	(800, 618)	(681, 331)	True	16435	17373	up	(800, 450)	testing
5	hy	f	19	3	circle	green	dif	hori	left	(918, 568)	(632, 450)	True	18604	19692	left	(800, 450)	testing
5	hy	f	19	3	circle	none	dif	hori	left	N_dis	(918, 331)	True	20864	21644	left	(800, 450)	testing
5	hy	f	19	3	diamond	red	dif	vert	up	(918, 568)	(681, 331)	True	22827	23821	up	(800, 450)	testing
5	hy	f	19	3	circle	none	same	hori	left	N_dis	(681, 568)	True	25011	25741	left	(800, 450)	testing
5	hy	f	19	3	circle	red	dif	hori	left	(918, 568)	(632, 450)	True	26926	27708	left	(800, 450)	testing
5	hy	f	19	3	diamond	green	same	vert	up	(632, 450)	(918, 331)	True	28999	29949	up	(800, 450)	testing
5	hy	f	19	3	circle	red	dif	vert	up	(918, 568)	(968, 450)	True	31133	32140	up	(800, 450)	testing
5	hy	f	19	3	circle	none	dif	hori	left	N_dis	(632, 450)	True	33226	34172	left	(800, 450)	testing
5	hy	f	19	3	diamond	green	same	vert	up	(918, 568)	(800, 282)	True	35364	36636	up	(800, 450)	testing
5	hy	f	19	3	circle	green	same	vert	up	(918, 568)	(918, 331)	True	37818	38941	left	(800, 450)	testing
5	hy	f	19	3	circle	green	dif	hori	left	(918, 568)	(800, 618)	True	41666	42684	left	(800, 450)	testing
5	hy	f	19	3	diamond	green	same	vert	up	(918, 331)	(681, 568)	True	43850	45885	up	(800, 450)	testing
5	hy	f	19	3	diamond	none	same	vert	up	N_dis	(918, 568)	True	46957	48380	up	(800, 450)	testing
5	hy	f	19	3	diamond	green	same	vert	up	(918, 568)	(681, 331)	True	49501	51260	up	(800, 450)	testing
5	hy	f	19	3	diamond	green	same	hori	left	(918, 568)	(968, 450)	True	52510	53548	left	(800, 450)	testing
5	hy	f	19	3	circle	none	dif	vert	up	N_dis	(968, 450)	True	54688	55596	up	(800, 450)	testing
5	hy	f	19	3	diamond	green	same	hori	left	(968, 450)	(918, 331)	True	56730	57949	left	(800, 450)	testing
5	hy	f	19	3	circle	red	same	hori	left	(918, 568)	(632, 450)	True	59072	60332	left	(800, 450)	testing
5	hy	f	19	3	diamond	red	dif	vert	up	(918, 568)	(800, 618)	True	61515	62797	up	(800, 450)	testing
5	hy	f	19	3	diamond	red	dif	vert	up	(918, 568)	(632, 450)	True	63850	64861	up	(800, 450)	testing
5	hy	f	19	3	circle	none	same	vert	up	N_dis	(632, 450)	True	65906	67500	up	(800, 450)	testing
5	hy	f	19	3	diamond	red	same	hori	left	(918, 568)	(918, 331)	True	68656	69628	left	(800, 450)	testing
5	hy	f	19	3	diamond	green	dif	hori	left	(918, 568)	(681, 331)	True	70757	72220	left	(800, 450)	testing
5	hy	f	19	3	diamond	none	dif	vert	up	N_dis	(800, 282)	True	73413	74204	up	(800, 450)	testing
5	hy	f	19	3	circle	red	dif	vert	up	(800, 282)	(968, 450)	True	75437	76684	left	(800, 450)	testing
5	hy	f	19	3	diamond	red	same	hori	left	(918, 568)	(681, 331)	True	79495	80604	left	(800, 450)	testing
5	hy	f	19	3	diamond	green	same	vert	up	(800, 282)	(632, 450)	True	81833	82909	up	(800, 450)	testing
5	hy	f	19	3	circle	green	dif	vert	up	(918, 568)	(918, 331)	True	84049	85085	up	(800, 450)	testing
5	hy	f	19	3	circle	green	same	hori	left	(800, 618)	(918, 331)	True	86275	87116	left	(800, 450)	testing
5	hy	f	19	3	circle	none	dif	vert	up	N_dis	(800, 618)	True	88406	89228	up	(800, 450)	testing
5	hy	f	19	3	circle	green	dif	vert	up	(918, 568)	(681, 568)	True	90465	91356	up	(800, 450)	testing
5	hy	f	19	3	diamond	green	same	hori	left	(918, 568)	(800, 282)	True	92585	93869	left	(800, 450)	testing
5	hy	f	19	3	circle	green	dif	vert	up	(632, 450)	(800, 618)	True	94963	95805	up	(800, 450)	testing
5	hy	f	19	3	circle	red	same	hori	left	(800, 618)	(968, 450)	True	96993	97805	left	(800, 450)	testing
5	hy	f	19	3	diamond	none	same	vert	up	N_dis	(632, 450)	True	98957	99949	up	(800, 450)	testing
5	hy	f	19	3	circle	none	same	hori	left	N_dis	(968, 450)	True	101101	101965	left	(800, 450)	testing
5	hy	f	19	3	circle	red	dif	vert	up	(918, 331)	(800, 618)	True	103090	103949	up	(800, 450)	testing
5	hy	f	19	3	diamond	red	same	hori	left	(918, 331)	(632, 450)	True	105033	106204	left	(800, 450)	testing
5	hy	f	19	3	circle	green	same	hori	left	(918, 568)	(681, 331)	True	107494	108909	left	(800, 450)	testing
5	hy	f	19	3	diamond	none	dif	hori	left	N_dis	(681, 331)	True	110036	111340	left	(800, 450)	testing
5	hy	f	19	3	circle	red	same	vert	up	(918, 568)	(681, 331)	True	112440	114332	up	(800, 450)	testing
5	hy	f	19	3	diamond	red	same	hori	left	(918, 568)	(918, 331)	True	115405	116540	left	(800, 450)	testing
5	hy	f	19	3	circle	green	same	vert	up	(918, 568)	(632, 450)	True	117759	118572	up	(800, 450)	testing
5	hy	f	19	3	circle	green	same	hori	left	(918, 568)	(800, 282)	True	119664	120428	left	(800, 450)	testing
5	hy	f	19	3	circle	none	dif	vert	up	N_dis	(681, 331)	True	121690	122556	up	(800, 450)	testing
5	hy	f	19	3	diamond	green	same	hori	left	(681, 568)	(681, 331)	True	123835	125036	left	(800, 450)	testing
5	hy	f	19	3	diamond	none	same	hori	left	N_dis	(918, 568)	True	126176	127084	left	(800, 450)	testing
5	hy	f	19	3	diamond	none	same	vert	up	N_dis	(918, 568)	True	128355	129148	up	(800, 450)	testing
5	hy	f	19	3	circle	red	same	hori	left	(918, 568)	(681, 331)	True	130431	131164	left	(800, 450)	testing
5	hy	f	19	3	diamond	green	dif	hori	left	(968, 450)	(681, 568)	True	132223	133388	left	(800, 450)	testing
5	hy	f	19	3	circle	none	dif	hori	left	N_dis	(800, 618)	True	134679	135612	left	(800, 450)	testing
5	hy	f	19	3	circle	green	same	vert	up	(681, 331)	(800, 282)	True	136863	137757	up	(800, 450)	testing
5	hy	f	19	3	diamond	green	dif	vert	up	(681, 331)	(681, 568)	True	138819	140316	up	(800, 450)	testing
5	hy	f	19	3	circle	red	dif	hori	left	(800, 282)	(968, 450)	True	141491	142733	left	(800, 450)	testing
5	hy	f	19	3	diamond	green	same	hori	left	(918, 568)	(681, 331)	True	143828	144749	left	(800, 450)	testing
5	hy	f	19	3	diamond	red	dif	hori	left	(918, 568)	(918, 331)	True	145893	146957	up	(800, 450)	testing
5	hy	f	19	3	diamond	none	same	hori	left	N_dis	(968, 450)	True	149666	150700	left	(800, 450)	testing
5	hy	f	19	3	circle	none	same	vert	up	N_dis	(918, 331)	True	151805	152700	up	(800, 450)	testing
5	hy	f	19	3	circle	red	same	hori	left	(968, 450)	(681, 568)	True	153760	155436	left	(800, 450)	testing
5	hy	f	19	3	circle	red	dif	hori	left	(918, 568)	(800, 282)	True	156569	157404	left	(800, 450)	testing
5	hy	f	19	3	circle	green	same	hori	left	(918, 568)	(681, 331)	True	158528	159420	left	(800, 450)	testing
5	hy	f	19	3	diamond	none	dif	hori	left	N_dis	(918, 568)	True	160514	161436	left	(800, 450)	testing
5	hy	f	19	3	circle	red	same	vert	up	(681, 568)	(632, 450)	True	162511	163981	up	(800, 450)	testing
5	hy	f	19	3	diamond	green	dif	hori	left	(800, 282)	(681, 568)	True	165139	167116	left	(800, 450)	testing
5	hy	f	19	3	diamond	none	dif	vert	up	N_dis	(681, 568)	True	168260	169500	up	(800, 450)	testing
5	hy	f	19	3	circle	red	same	vert	up	(918, 568)	(968, 450)	True	170626	172236	up	(800, 450)	testing
5	hy	f	19	3	diamond	none	dif	hori	left	N_dis	(800, 282)	True	173375	174268	left	(800, 450)	testing
5	hy	f	19	3	circle	red	same	vert	up	(918, 568)	(800, 618)	True	175555	176604	up	(800, 450)	testing
5	hy	f	19	3	circle	red	dif	vert	up	(968, 450)	(800, 618)	True	177798	178926	up	(800, 450)	testing
5	hy	f	19	3	circle	none	same	hori	left	N_dis	(681, 331)	True	180106	181516	left	(800, 450)	testing
5	hy	f	19	3	diamond	none	same	vert	up	N_dis	(681, 568)	True	182809	183901	up	(800, 450)	testing
5	hy	f	19	3	diamond	none	dif	vert	up	N_dis	(968, 450)	True	184975	186124	up	(800, 450)	testing
5	hy	f	19	3	diamond	red	dif	hori	left	(918, 568)	(681, 568)	True	187224	188668	left	(800, 450)	testing
5	hy	f	19	3	diamond	red	same	vert	up	(918, 568)	(681, 568)	True	189825	191100	up	(800, 450)	testing
5	hy	f	19	3	circle	red	dif	hori	left	(918, 331)	(800, 282)	True	192369	194156	left	(800, 450)	testing
5	hy	f	19	3	circle	none	same	vert	up	N_dis	(681, 331)	True	195311	197388	up	(800, 450)	testing
5	hy	f	19	3	circle	red	same	vert	up	(918, 568)	(681, 568)	True	198657	200508	up	(800, 450)	testing
5	hy	f	19	3	diamond	none	same	vert	up	N_dis	(632, 450)	True	201656	203468	up	(800, 450)	testing
5	hy	f	19	3	diamond	green	dif	vert	up	(681, 331)	(632, 450)	True	204656	205885	up	(800, 450)	testing
5	hy	f	19	3	diamond	green	dif	vert	up	(918, 568)	(681, 568)	True	207025	208620	up	(800, 450)	testing
5	hy	f	19	3	diamond	red	dif	vert	up	(632, 450)	(918, 331)	True	209743	210829	up	(800, 450)	testing
5	hy	f	19	3	circle	none	dif	hori	left	N_dis	(632, 450)	True	211941	213853	left	(800, 450)	testing
5	hy	f	19	3	diamond	red	same	vert	up	(918, 568)	(968, 450)	True	215015	216700	up	(800, 450)	testing
5	hy	f	19	3	circle	none	same	vert	up	N_dis	(918, 568)	True	217910	219628	up	(800, 450)	testing
5	hy	f	19	3	diamond	red	dif	hori	left	(918, 568)	(681, 331)	True	220877	222220	left	(800, 450)	testing
5	hy	f	19	3	circle	green	dif	hori	left	(918, 568)	(968, 450)	True	223509	224973	left	(800, 450)	testing
5	hy	f	19	3	diamond	green	dif	hori	left	(918, 568)	(681, 568)	True	226136	227484	left	(800, 450)	testing
5	hy	f	19	3	circle	none	same	hori	left	N_dis	(800, 282)	True	228557	230236	left	(800, 450)	testing
5	hy	f	19	3	diamond	red	same	vert	up	(918, 568)	(681, 568)	True	231494	232941	up	(800, 450)	testing
5	hy	f	19	3	circle	none	dif	vert	up	N_dis	(968, 450)	True	234065	235261	left	(800, 450)	testing
5	hy	f	19	3	circle	none	same	hori	left	N_dis	(681, 331)	True	238064	238973	left	(800, 450)	testing
5	hy	f	19	3	circle	red	same	hori	left	(918, 568)	(800, 618)	True	240068	241325	left	(800, 450)	testing
5	hy	f	19	3	circle	none	dif	hori	left	N_dis	(918, 331)	True	242600	243308	left	(800, 450)	testing
5	hy	f	19	3	diamond	none	dif	vert	up	N_dis	(918, 331)	True	244363	245228	up	(800, 450)	testing
5	hy	f	19	3	diamond	red	dif	hori	left	(681, 331)	(632, 450)	True	246505	247644	left	(800, 450)	testing
5	hy	f	19	3	circle	red	dif	hori	left	(918, 568)	(800, 618)	True	248791	249837	up	(800, 450)	testing
5	hy	f	19	3	circle	none	dif	vert	up	N_dis	(800, 282)	True	252426	253981	up	(800, 450)	testing
5	hy	f	19	3	circle	green	dif	vert	up	(918, 568)	(800, 618)	True	255102	256524	up	(800, 450)	testing
5	hy	f	19	3	diamond	none	same	hori	left	N_dis	(681, 568)	True	257585	258636	left	(800, 450)	testing
5	hy	f	19	3	diamond	green	dif	vert	up	(918, 568)	(918, 331)	True	259707	261548	up	(800, 450)	testing
5	hy	f	19	3	circle	green	dif	hori	left	(918, 568)	(968, 450)	True	262716	263612	left	(800, 450)	testing
5	hy	f	19	3	circle	green	same	vert	up	(918, 568)	(632, 450)	True	264821	265692	up	(800, 450)	testing
5	hy	f	19	3	circle	green	dif	hori	left	(800, 618)	(681, 331)	True	266971	267773	left	(800, 450)	testing
5	hy	f	19	3	diamond	none	same	hori	left	N_dis	(800, 618)	True	268957	270636	left	(800, 450)	testing
5	hy	f	19	3	circle	green	dif	vert	up	(918, 568)	(800, 282)	True	271872	273132	left	(800, 450)	testing
5	hy	f	19	3	diamond	green	dif	hori	left	(681, 568)	(681, 331)	True	275807	277693	left	(800, 450)	testing
5	hy	f	19	3	circle	green	same	hori	left	(918, 568)	(800, 282)	True	278952	280108	left	(800, 450)	testing
5	hy	f	19	3	diamond	none	dif	vert	up	N_dis	(800, 618)	True	281206	282028	up	(800, 450)	testing
5	hy	f	19	3	diamond	none	same	hori	left	N_dis	(800, 618)	True	283283	284332	left	(800, 450)	testing
5	hy	f	19	3	diamond	red	same	vert	up	(918, 568)	(632, 450)	True	285526	286877	up	(800, 450)	testing
5	hy	f	19	3	diamond	red	same	vert	up	(918, 568)	(800, 282)	True	288010	289052	up	(800, 450)	testing
5	hy	f	19	3	diamond	none	dif	hori	left	N_dis	(918, 331)	True	290338	291324	left	(800, 450)	testing
5	hy	f	19	3	diamond	red	dif	hori	left	(918, 568)	(800, 618)	True	292406	293885	left	(800, 450)	testing
5	hy	f	19	3	diamond	red	dif	vert	up	(681, 568)	(918, 331)	True	295110	295901	up	(800, 450)	testing
