subj	name	gender	age	runNum	shape	dist	td_dif	resp	resp_key	d_loc	t_loc	gotKey	startTime	respTime	resp	fix_loc	prac
5	hy	f	19	8	circle	none	dif	vert	up	N_dis	(918, 568)	True	4065	4861	up	(800, 450)	testing
5	hy	f	19	8	diamond	green	same	hori	left	(800, 282)	(800, 618)	True	6022	6829	left	(800, 450)	testing
5	hy	f	19	8	circle	red	same	vert	up	(800, 282)	(918, 568)	True	7876	8621	up	(800, 450)	testing
5	hy	f	19	8	circle	none	dif	vert	up	N_dis	(918, 331)	True	9740	10412	up	(800, 450)	testing
5	hy	f	19	8	circle	none	same	hori	left	N_dis	(681, 331)	True	11473	12284	left	(800, 450)	testing
5	hy	f	19	8	diamond	none	same	vert	up	N_dis	(632, 450)	True	13346	14108	up	(800, 450)	testing
5	hy	f	19	8	circle	red	dif	vert	up	(632, 450)	(968, 450)	True	15309	16028	up	(800, 450)	testing
5	hy	f	19	8	diamond	green	dif	hori	left	(800, 618)	(918, 568)	True	17229	18477	left	(800, 450)	testing
5	hy	f	19	8	circle	green	dif	hori	left	(800, 282)	(681, 331)	True	19740	20541	up	(800, 450)	testing
5	hy	f	19	8	diamond	red	same	hori	left	(918, 331)	(800, 618)	True	23270	24589	left	(800, 450)	testing
5	hy	f	19	8	circle	green	dif	vert	up	(632, 450)	(800, 618)	True	25659	26573	up	(800, 450)	testing
5	hy	f	19	8	circle	green	same	vert	up	(632, 450)	(968, 450)	True	27775	28637	up	(800, 450)	testing
5	hy	f	19	8	diamond	green	same	vert	up	(800, 282)	(800, 618)	True	29887	30941	up	(800, 450)	testing
5	hy	f	19	8	circle	red	dif	hori	left	(681, 331)	(918, 568)	True	32014	32941	left	(800, 450)	testing
5	hy	f	19	8	circle	none	same	vert	up	N_dis	(681, 331)	True	34167	34973	up	(800, 450)	testing
5	hy	f	19	8	diamond	none	same	hori	left	N_dis	(800, 282)	True	36204	37629	left	(800, 450)	testing
5	hy	f	19	8	diamond	none	dif	vert	up	N_dis	(681, 568)	True	38742	39853	up	(800, 450)	testing
5	hy	f	19	8	diamond	red	dif	vert	up	(968, 450)	(800, 618)	True	41013	41869	left	(800, 450)	testing
5	hy	f	19	8	circle	none	same	vert	up	N_dis	(681, 568)	True	44621	45549	up	(800, 450)	testing
5	hy	f	19	8	circle	none	dif	vert	up	N_dis	(632, 450)	True	46668	47885	up	(800, 450)	testing
5	hy	f	19	8	circle	red	dif	vert	up	(800, 282)	(918, 568)	True	48979	49773	up	(800, 450)	testing
5	hy	f	19	8	diamond	green	dif	vert	up	(681, 331)	(632, 450)	True	51023	52493	up	(800, 450)	testing
5	hy	f	19	8	circle	green	same	hori	left	(800, 282)	(800, 618)	True	53669	55260	left	(800, 450)	testing
5	hy	f	19	8	circle	none	dif	hori	left	N_dis	(632, 450)	True	56440	57260	left	(800, 450)	testing
5	hy	f	19	8	circle	none	dif	vert	up	N_dis	(632, 450)	True	58363	59100	up	(800, 450)	testing
5	hy	f	19	8	circle	none	dif	hori	left	N_dis	(800, 282)	True	60177	60893	left	(800, 450)	testing
5	hy	f	19	8	circle	green	dif	hori	left	(800, 282)	(681, 331)	True	61987	63340	left	(800, 450)	testing
5	hy	f	19	8	circle	green	same	vert	up	(800, 282)	(800, 618)	True	64392	65196	up	(800, 450)	testing
5	hy	f	19	8	diamond	red	same	hori	left	(800, 282)	(632, 450)	True	66392	67276	left	(800, 450)	testing
5	hy	f	19	8	diamond	red	same	vert	up	(800, 282)	(918, 331)	True	68507	69741	up	(800, 450)	testing
5	hy	f	19	8	circle	red	dif	hori	left	(918, 331)	(681, 331)	True	70971	71933	left	(800, 450)	testing
5	hy	f	19	8	circle	green	dif	hori	left	(918, 568)	(800, 618)	True	73213	74172	left	(800, 450)	testing
5	hy	f	19	8	circle	green	same	hori	left	(800, 618)	(681, 568)	True	75295	76076	left	(800, 450)	testing
5	hy	f	19	8	circle	green	dif	vert	up	(800, 282)	(632, 450)	True	77191	78364	up	(800, 450)	testing
5	hy	f	19	8	diamond	none	dif	hori	left	N_dis	(681, 331)	True	79505	80589	left	(800, 450)	testing
5	hy	f	19	8	circle	red	same	vert	up	(800, 282)	(632, 450)	True	81818	82765	up	(800, 450)	testing
5	hy	f	19	8	circle	green	same	vert	up	(681, 568)	(968, 450)	True	84057	84893	up	(800, 450)	testing
5	hy	f	19	8	circle	red	same	hori	left	(800, 282)	(681, 568)	True	86170	86941	left	(800, 450)	testing
5	hy	f	19	8	diamond	red	dif	vert	up	(800, 282)	(632, 450)	True	88130	89084	up	(800, 450)	testing
5	hy	f	19	8	circle	none	dif	hori	left	N_dis	(918, 568)	True	90177	90893	left	(800, 450)	testing
5	hy	f	19	8	diamond	red	same	vert	up	(632, 450)	(968, 450)	True	92117	92957	up	(800, 450)	testing
5	hy	f	19	8	diamond	none	dif	vert	up	N_dis	(918, 331)	True	94014	95020	up	(800, 450)	testing
5	hy	f	19	8	diamond	none	dif	vert	up	N_dis	(918, 568)	True	96303	97453	up	(800, 450)	testing
5	hy	f	19	8	diamond	none	same	vert	up	N_dis	(800, 282)	True	98529	99372	up	(800, 450)	testing
5	hy	f	19	8	diamond	green	dif	vert	up	(800, 282)	(681, 568)	True	100557	101356	up	(800, 450)	testing
5	hy	f	19	8	diamond	green	dif	vert	up	(800, 282)	(968, 450)	True	102516	103228	up	(800, 450)	testing
5	hy	f	19	8	circle	none	dif	vert	up	N_dis	(918, 331)	True	104364	105308	up	(800, 450)	testing
5	hy	f	19	8	circle	red	dif	hori	left	(968, 450)	(632, 450)	True	106441	107276	left	(800, 450)	testing
5	hy	f	19	8	circle	green	dif	hori	left	(800, 282)	(968, 450)	True	108426	109372	left	(800, 450)	testing
5	hy	f	19	8	diamond	none	dif	hori	left	N_dis	(918, 331)	True	110459	111485	left	(800, 450)	testing
5	hy	f	19	8	circle	red	dif	hori	left	(918, 568)	(681, 568)	True	112584	113388	left	(800, 450)	testing
5	hy	f	19	8	diamond	none	dif	vert	up	N_dis	(968, 450)	True	114670	115404	up	(800, 450)	testing
5	hy	f	19	8	diamond	green	dif	hori	left	(800, 282)	(632, 450)	True	116542	117773	left	(800, 450)	testing
5	hy	f	19	8	circle	red	same	vert	up	(800, 282)	(800, 618)	True	118837	119549	up	(800, 450)	testing
5	hy	f	19	8	circle	red	dif	vert	up	(800, 618)	(968, 450)	True	120841	121533	up	(800, 450)	testing
5	hy	f	19	8	diamond	green	same	hori	left	(918, 331)	(681, 331)	True	122761	123949	left	(800, 450)	testing
5	hy	f	19	8	circle	green	same	hori	left	(800, 282)	(918, 331)	True	125077	125917	left	(800, 450)	testing
5	hy	f	19	8	diamond	red	same	hori	left	(800, 282)	(681, 568)	True	127127	128076	left	(800, 450)	testing
5	hy	f	19	8	circle	red	same	hori	left	(800, 282)	(800, 618)	True	129137	129757	left	(800, 450)	testing
5	hy	f	19	8	diamond	red	dif	hori	left	(800, 282)	(681, 568)	True	131033	131805	left	(800, 450)	testing
5	hy	f	19	8	diamond	green	same	hori	left	(800, 282)	(681, 331)	True	132997	133869	left	(800, 450)	testing
5	hy	f	19	8	diamond	red	dif	hori	left	(800, 282)	(968, 450)	True	135007	135693	left	(800, 450)	testing
5	hy	f	19	8	circle	red	same	hori	left	(681, 568)	(632, 450)	True	136971	137613	left	(800, 450)	testing
5	hy	f	19	8	diamond	red	dif	hori	left	(968, 450)	(681, 568)	True	138698	139949	left	(800, 450)	testing
5	hy	f	19	8	diamond	none	same	hori	left	N_dis	(918, 568)	True	141031	141805	left	(800, 450)	testing
5	hy	f	19	8	diamond	red	same	vert	up	(918, 331)	(800, 618)	True	143000	143837	up	(800, 450)	testing
5	hy	f	19	8	diamond	red	dif	vert	up	(681, 331)	(632, 450)	True	144953	145805	left	(800, 450)	testing
5	hy	f	19	8	circle	none	dif	hori	left	N_dis	(800, 282)	True	148445	150076	left	(800, 450)	testing
5	hy	f	19	8	circle	none	dif	hori	left	N_dis	(800, 618)	True	151252	151885	left	(800, 450)	testing
5	hy	f	19	8	diamond	red	dif	vert	up	(800, 282)	(968, 450)	True	153106	154060	up	(800, 450)	testing
5	hy	f	19	8	diamond	green	same	hori	left	(800, 282)	(800, 618)	True	155337	156316	left	(800, 450)	testing
5	hy	f	19	8	diamond	red	dif	vert	up	(800, 282)	(918, 568)	True	157544	158477	up	(800, 450)	testing
5	hy	f	19	8	circle	none	same	hori	left	N_dis	(968, 450)	True	159705	160477	left	(800, 450)	testing
5	hy	f	19	8	diamond	none	dif	hori	left	N_dis	(681, 331)	True	161572	162300	left	(800, 450)	testing
5	hy	f	19	8	circle	green	dif	vert	up	(800, 282)	(681, 331)	True	163513	164701	left	(800, 450)	testing
5	hy	f	19	8	diamond	red	same	vert	up	(800, 282)	(918, 331)	True	167523	169404	up	(800, 450)	testing
5	hy	f	19	8	diamond	red	same	vert	up	(800, 282)	(918, 331)	True	170532	172140	up	(800, 450)	testing
5	hy	f	19	8	circle	red	same	hori	left	(800, 282)	(681, 331)	True	173413	174429	left	(800, 450)	testing
5	hy	f	19	8	circle	none	same	hori	left	N_dis	(918, 331)	True	175560	176797	left	(800, 450)	testing
5	hy	f	19	8	circle	green	same	vert	up	(800, 282)	(632, 450)	True	178000	179533	up	(800, 450)	testing
5	hy	f	19	8	diamond	none	dif	vert	up	N_dis	(681, 331)	True	180667	181821	up	(800, 450)	testing
5	hy	f	19	8	circle	green	dif	vert	up	(800, 282)	(918, 568)	True	183107	184076	up	(800, 450)	testing
5	hy	f	19	8	diamond	green	dif	hori	left	(800, 282)	(968, 450)	True	185354	186557	left	(800, 450)	testing
5	hy	f	19	8	circle	red	same	vert	up	(800, 282)	(968, 450)	True	187835	188653	up	(800, 450)	testing
5	hy	f	19	8	diamond	none	dif	hori	left	N_dis	(800, 618)	True	189701	191020	left	(800, 450)	testing
5	hy	f	19	8	diamond	green	dif	hori	left	(800, 282)	(681, 331)	True	192223	193196	left	(800, 450)	testing
5	hy	f	19	8	diamond	none	same	vert	up	N_dis	(681, 568)	True	194241	195581	up	(800, 450)	testing
5	hy	f	19	8	diamond	red	same	hori	left	(800, 282)	(918, 331)	True	196684	198060	left	(800, 450)	testing
5	hy	f	19	8	circle	red	same	hori	left	(681, 568)	(918, 331)	True	199109	199917	left	(800, 450)	testing
5	hy	f	19	8	diamond	green	same	vert	up	(800, 282)	(800, 618)	True	201109	202108	up	(800, 450)	testing
5	hy	f	19	8	diamond	green	dif	vert	up	(800, 282)	(681, 568)	True	203321	204396	up	(800, 450)	testing
5	hy	f	19	8	diamond	green	same	vert	up	(918, 568)	(918, 331)	True	205573	207020	up	(800, 450)	testing
5	hy	f	19	8	circle	green	dif	vert	up	(800, 282)	(918, 331)	True	208064	208925	up	(800, 450)	testing
5	hy	f	19	8	circle	none	same	hori	left	N_dis	(800, 618)	True	210022	210733	left	(800, 450)	testing
5	hy	f	19	8	circle	red	dif	hori	left	(800, 282)	(681, 568)	True	211892	212701	left	(800, 450)	testing
5	hy	f	19	8	diamond	none	dif	hori	left	N_dis	(800, 282)	True	213898	214829	left	(800, 450)	testing
5	hy	f	19	8	diamond	none	same	vert	up	N_dis	(968, 450)	True	215999	216813	up	(800, 450)	testing
5	hy	f	19	8	circle	green	same	hori	left	(800, 282)	(681, 331)	True	217979	219581	left	(800, 450)	testing
5	hy	f	19	8	circle	none	same	hori	left	N_dis	(800, 618)	True	220717	221404	left	(800, 450)	testing
5	hy	f	19	8	diamond	green	same	vert	up	(681, 568)	(918, 331)	True	222481	223276	up	(800, 450)	testing
5	hy	f	19	8	circle	none	same	vert	up	N_dis	(968, 450)	True	224443	225132	up	(800, 450)	testing
5	hy	f	19	8	circle	green	dif	hori	left	(800, 282)	(918, 568)	True	226200	227004	left	(800, 450)	testing
5	hy	f	19	8	diamond	red	dif	hori	left	(800, 282)	(918, 568)	True	228279	230348	left	(800, 450)	testing
5	hy	f	19	8	diamond	none	same	hori	left	N_dis	(681, 568)	True	231469	232412	left	(800, 450)	testing
5	hy	f	19	8	diamond	none	same	hori	left	N_dis	(918, 568)	True	233565	234220	left	(800, 450)	testing
5	hy	f	19	8	diamond	green	same	vert	up	(968, 450)	(681, 331)	True	235437	236380	up	(800, 450)	testing
5	hy	f	19	8	diamond	green	same	hori	left	(800, 282)	(968, 450)	True	237431	238236	left	(800, 450)	testing
5	hy	f	19	8	circle	none	same	vert	up	N_dis	(681, 568)	True	239515	240332	up	(800, 450)	testing
5	hy	f	19	8	circle	red	dif	vert	up	(800, 282)	(918, 568)	True	241586	242348	up	(800, 450)	testing
5	hy	f	19	8	diamond	none	same	hori	left	N_dis	(632, 450)	True	243419	244316	left	(800, 450)	testing
5	hy	f	19	8	circle	red	same	vert	up	(800, 618)	(681, 568)	True	245404	246477	left	(800, 450)	testing
5	hy	f	19	8	diamond	none	same	vert	up	N_dis	(968, 450)	True	249284	250028	up	(800, 450)	testing
5	hy	f	19	8	circle	red	dif	vert	up	(800, 282)	(800, 618)	True	251077	251933	up	(800, 450)	testing
5	hy	f	19	8	diamond	green	dif	vert	up	(681, 331)	(968, 450)	True	253069	253805	up	(800, 450)	testing
5	hy	f	19	8	circle	green	same	hori	left	(800, 282)	(632, 450)	True	255058	255725	left	(800, 450)	testing
5	hy	f	19	8	diamond	green	dif	hori	left	(918, 568)	(681, 568)	True	256996	258012	left	(800, 450)	testing
5	hy	f	19	8	diamond	red	dif	hori	left	(800, 282)	(800, 618)	True	259215	260396	left	(800, 450)	testing
5	hy	f	19	8	circle	none	same	vert	up	N_dis	(800, 618)	True	261561	262348	up	(800, 450)	testing
5	hy	f	19	8	diamond	red	same	hori	left	(800, 282)	(918, 331)	True	263603	264493	left	(800, 450)	testing
5	hy	f	19	8	circle	green	same	vert	up	(800, 282)	(681, 568)	True	265684	267148	up	(800, 450)	testing
