subj	name	gender	age	runNum	shape	dist	td_dif	resp	resp_key	d_loc	t_loc	gotKey	startTime	respTime	resp	fix_loc	prac
5	hy	f	19	6	diamond	none	same	hori	left	N_dis	(918, 331)	True	8800	9788	left	(800, 450)	testing
5	hy	f	19	6	diamond	green	dif	vert	up	(918, 568)	(918, 331)	True	11021	12172	left	(800, 450)	testing
5	hy	f	19	6	diamond	green	dif	hori	left	(918, 568)	(681, 331)	True	14786	15692	left	(800, 450)	testing
5	hy	f	19	6	circle	none	dif	hori	left	N_dis	(800, 282)	True	16749	18396	left	(800, 450)	testing
5	hy	f	19	6	diamond	green	dif	vert	up	(800, 282)	(681, 568)	True	19515	20428	up	(800, 450)	testing
5	hy	f	19	6	circle	red	same	vert	up	(968, 450)	(681, 331)	True	21521	22524	up	(800, 450)	testing
5	hy	f	19	6	diamond	green	dif	hori	left	(918, 568)	(681, 331)	True	23674	24492	left	(800, 450)	testing
5	hy	f	19	6	diamond	red	dif	hori	left	(918, 568)	(800, 618)	True	25586	26540	left	(800, 450)	testing
5	hy	f	19	6	diamond	none	same	vert	up	N_dis	(632, 450)	True	27770	28684	up	(800, 450)	testing
5	hy	f	19	6	diamond	green	same	vert	up	(800, 282)	(632, 450)	True	29863	30860	up	(800, 450)	testing
5	hy	f	19	6	diamond	red	dif	hori	left	(968, 450)	(632, 450)	True	31981	32780	left	(800, 450)	testing
5	hy	f	19	6	diamond	red	same	hori	left	(918, 568)	(681, 568)	True	34006	34908	left	(800, 450)	testing
5	hy	f	19	6	diamond	red	same	hori	left	(681, 331)	(681, 568)	True	36084	37068	left	(800, 450)	testing
5	hy	f	19	6	circle	green	same	hori	left	(918, 568)	(681, 331)	True	38288	39324	up	(800, 450)	testing
5	hy	f	19	6	circle	red	dif	vert	up	(918, 568)	(681, 568)	True	42044	42909	up	(800, 450)	testing
5	hy	f	19	6	circle	red	same	hori	left	(918, 568)	(800, 618)	True	44154	44844	left	(800, 450)	testing
5	hy	f	19	6	diamond	red	dif	vert	up	(918, 568)	(800, 282)	True	46088	47596	up	(800, 450)	testing
5	hy	f	19	6	circle	green	same	hori	left	(918, 568)	(968, 450)	True	48649	49388	left	(800, 450)	testing
5	hy	f	19	6	diamond	green	dif	vert	up	(632, 450)	(681, 568)	True	50481	52380	up	(800, 450)	testing
5	hy	f	19	6	circle	green	dif	vert	up	(632, 450)	(968, 450)	True	53574	54540	up	(800, 450)	testing
5	hy	f	19	6	circle	none	dif	vert	up	N_dis	(800, 282)	True	55803	56812	up	(800, 450)	testing
5	hy	f	19	6	circle	none	same	hori	left	N_dis	(632, 450)	True	57945	58652	left	(800, 450)	testing
5	hy	f	19	6	diamond	green	same	vert	up	(918, 331)	(632, 450)	True	59933	61965	up	(800, 450)	testing
5	hy	f	19	6	circle	red	dif	hori	left	(918, 568)	(968, 450)	True	63081	63932	left	(800, 450)	testing
5	hy	f	19	6	circle	green	dif	hori	left	(918, 568)	(681, 331)	True	64994	65740	left	(800, 450)	testing
5	hy	f	19	6	diamond	green	same	hori	left	(918, 568)	(632, 450)	True	66936	67836	left	(800, 450)	testing
5	hy	f	19	6	circle	none	dif	hori	left	N_dis	(681, 568)	True	68884	70380	left	(800, 450)	testing
5	hy	f	19	6	circle	none	same	hori	left	N_dis	(968, 450)	True	71611	72460	left	(800, 450)	testing
5	hy	f	19	6	diamond	none	dif	hori	left	N_dis	(681, 568)	True	73519	74556	left	(800, 450)	testing
5	hy	f	19	6	diamond	green	dif	hori	left	(918, 568)	(968, 450)	True	75793	77484	left	(800, 450)	testing
5	hy	f	19	6	diamond	green	same	hori	left	(681, 331)	(918, 331)	True	78699	79932	left	(800, 450)	testing
5	hy	f	19	6	circle	red	dif	vert	up	(800, 282)	(681, 568)	True	80984	82940	up	(800, 450)	testing
5	hy	f	19	6	diamond	red	same	vert	up	(918, 568)	(632, 450)	True	84179	85676	up	(800, 450)	testing
5	hy	f	19	6	circle	red	dif	vert	up	(800, 282)	(632, 450)	True	86751	88012	up	(800, 450)	testing
5	hy	f	19	6	circle	red	dif	hori	left	(918, 568)	(968, 450)	True	89276	90108	left	(800, 450)	testing
5	hy	f	19	6	circle	red	dif	vert	up	(918, 568)	(918, 331)	True	91236	92092	up	(800, 450)	testing
5	hy	f	19	6	diamond	green	dif	vert	up	(918, 568)	(681, 568)	True	93303	94412	up	(800, 450)	testing
5	hy	f	19	6	circle	none	dif	vert	up	N_dis	(681, 568)	True	95553	96460	up	(800, 450)	testing
5	hy	f	19	6	circle	green	dif	hori	left	(918, 568)	(632, 450)	True	97621	98444	left	(800, 450)	testing
5	hy	f	19	6	circle	none	dif	vert	up	N_dis	(681, 568)	True	99625	100396	up	(800, 450)	testing
5	hy	f	19	6	circle	green	dif	vert	up	(918, 568)	(968, 450)	True	101613	102380	up	(800, 450)	testing
5	hy	f	19	6	diamond	red	dif	vert	up	(681, 568)	(800, 282)	True	103444	104236	up	(800, 450)	testing
5	hy	f	19	6	diamond	none	same	vert	up	N_dis	(800, 618)	True	105455	106620	up	(800, 450)	testing
5	hy	f	19	6	diamond	green	same	vert	up	(918, 568)	(800, 282)	True	107676	108700	up	(800, 450)	testing
5	hy	f	19	6	diamond	none	same	hori	left	N_dis	(918, 331)	True	109846	110892	left	(800, 450)	testing
5	hy	f	19	6	circle	green	same	vert	up	(968, 450)	(632, 450)	True	112118	112908	up	(800, 450)	testing
5	hy	f	19	6	circle	none	same	hori	left	N_dis	(918, 331)	True	114155	114844	left	(800, 450)	testing
5	hy	f	19	6	diamond	none	same	hori	left	N_dis	(632, 450)	True	116046	117052	left	(800, 450)	testing
5	hy	f	19	6	circle	none	same	vert	up	N_dis	(918, 568)	True	118105	118908	up	(800, 450)	testing
5	hy	f	19	6	circle	green	same	vert	up	(918, 568)	(800, 282)	True	120120	120765	up	(800, 450)	testing
5	hy	f	19	6	circle	red	same	vert	up	(918, 568)	(800, 282)	True	121991	122764	up	(800, 450)	testing
5	hy	f	19	6	diamond	red	same	hori	left	(918, 568)	(800, 618)	True	124029	125644	up	(800, 450)	testing
5	hy	f	19	6	circle	none	same	vert	up	N_dis	(632, 450)	True	128431	129340	up	(800, 450)	testing
5	hy	f	19	6	circle	green	dif	hori	left	(918, 568)	(800, 282)	True	130391	131116	left	(800, 450)	testing
5	hy	f	19	6	diamond	red	same	vert	up	(918, 568)	(968, 450)	True	132316	133436	up	(800, 450)	testing
5	hy	f	19	6	diamond	none	dif	vert	up	N_dis	(968, 450)	True	134640	135644	up	(800, 450)	testing
5	hy	f	19	6	diamond	none	dif	vert	up	N_dis	(681, 331)	True	136935	138236	up	(800, 450)	testing
5	hy	f	19	6	circle	red	same	hori	left	(918, 568)	(968, 450)	True	139280	141548	left	(800, 450)	testing
5	hy	f	19	6	circle	green	same	vert	up	(918, 568)	(800, 618)	True	142828	144973	up	(800, 450)	testing
5	hy	f	19	6	circle	green	same	hori	left	(918, 568)	(632, 450)	True	146190	147340	left	(800, 450)	testing
5	hy	f	19	6	circle	green	same	vert	up	(681, 331)	(918, 331)	True	148528	149740	up	(800, 450)	testing
5	hy	f	19	6	circle	red	same	vert	up	(681, 568)	(968, 450)	True	150803	151772	up	(800, 450)	testing
5	hy	f	19	6	circle	red	same	hori	left	(918, 568)	(681, 568)	True	153036	154268	left	(800, 450)	testing
5	hy	f	19	6	circle	green	dif	hori	left	(968, 450)	(800, 618)	True	155455	156860	left	(800, 450)	testing
5	hy	f	19	6	diamond	green	dif	hori	left	(632, 450)	(681, 331)	True	158016	159580	left	(800, 450)	testing
5	hy	f	19	6	circle	red	dif	hori	left	(918, 568)	(681, 568)	True	160863	162508	left	(800, 450)	testing
5	hy	f	19	6	diamond	none	same	hori	left	N_dis	(918, 568)	True	163757	164876	left	(800, 450)	testing
5	hy	f	19	6	diamond	green	same	hori	left	(800, 618)	(968, 450)	True	166059	166924	left	(800, 450)	testing
5	hy	f	19	6	diamond	green	same	vert	up	(632, 450)	(800, 282)	True	168191	169036	up	(800, 450)	testing
5	hy	f	19	6	diamond	red	dif	hori	left	(918, 331)	(968, 450)	True	170081	171452	left	(800, 450)	testing
5	hy	f	19	6	circle	red	dif	hori	left	(918, 568)	(918, 331)	True	172614	173420	left	(800, 450)	testing
5	hy	f	19	6	circle	green	dif	vert	up	(918, 568)	(681, 331)	True	174603	175740	up	(800, 450)	testing
5	hy	f	19	6	circle	red	same	vert	up	(918, 568)	(681, 568)	True	176881	177804	up	(800, 450)	testing
5	hy	f	19	6	circle	green	dif	hori	left	(800, 618)	(800, 282)	True	178864	179564	left	(800, 450)	testing
5	hy	f	19	6	circle	none	dif	hori	left	N_dis	(681, 568)	True	180765	181468	left	(800, 450)	testing
5	hy	f	19	6	diamond	none	dif	vert	up	N_dis	(800, 618)	True	182523	184092	up	(800, 450)	testing
5	hy	f	19	6	diamond	none	dif	vert	up	N_dis	(800, 282)	True	185233	185997	up	(800, 450)	testing
5	hy	f	19	6	diamond	green	dif	hori	left	(918, 568)	(632, 450)	True	187053	188220	left	(800, 450)	testing
5	hy	f	19	6	circle	none	same	vert	up	N_dis	(918, 568)	True	189484	190540	up	(800, 450)	testing
5	hy	f	19	6	diamond	none	dif	vert	up	N_dis	(681, 331)	True	191721	193340	up	(800, 450)	testing
5	hy	f	19	6	diamond	green	dif	vert	up	(800, 618)	(681, 331)	True	194579	195804	up	(800, 450)	testing
5	hy	f	19	6	circle	none	dif	hori	left	N_dis	(800, 618)	True	196881	197884	left	(800, 450)	testing
5	hy	f	19	6	diamond	red	same	hori	left	(918, 568)	(681, 331)	True	199041	199997	left	(800, 450)	testing
5	hy	f	19	6	diamond	green	same	vert	up	(918, 568)	(681, 331)	True	201263	202220	up	(800, 450)	testing
5	hy	f	19	6	circle	green	same	hori	left	(800, 618)	(681, 331)	True	203488	204508	left	(800, 450)	testing
5	hy	f	19	6	circle	red	dif	vert	up	(681, 568)	(800, 282)	True	205736	206748	up	(800, 450)	testing
5	hy	f	19	6	diamond	none	same	vert	up	N_dis	(918, 568)	True	207985	208924	up	(800, 450)	testing
5	hy	f	19	6	circle	none	dif	vert	up	N_dis	(800, 618)	True	210143	211212	up	(800, 450)	testing
5	hy	f	19	6	circle	none	dif	hori	left	N_dis	(968, 450)	True	212274	213084	left	(800, 450)	testing
5	hy	f	19	6	circle	none	same	hori	left	N_dis	(681, 331)	True	214303	215068	left	(800, 450)	testing
5	hy	f	19	6	diamond	none	dif	hori	left	N_dis	(968, 450)	True	216291	217036	left	(800, 450)	testing
5	hy	f	19	6	circle	none	same	vert	up	N_dis	(681, 331)	True	218282	219020	up	(800, 450)	testing
5	hy	f	19	6	circle	red	same	hori	left	(918, 568)	(918, 331)	True	220195	220860	left	(800, 450)	testing
5	hy	f	19	6	circle	green	dif	vert	up	(918, 568)	(800, 282)	True	221913	223453	up	(800, 450)	testing
5	hy	f	19	6	circle	none	same	hori	left	N_dis	(918, 568)	True	224703	225324	left	(800, 450)	testing
5	hy	f	19	6	diamond	none	same	hori	left	N_dis	(918, 331)	True	226423	227244	left	(800, 450)	testing
5	hy	f	19	6	diamond	red	dif	vert	up	(918, 568)	(918, 331)	True	228305	229004	up	(800, 450)	testing
5	hy	f	19	6	diamond	red	dif	vert	up	(918, 568)	(681, 331)	True	230245	232140	up	(800, 450)	testing
5	hy	f	19	6	circle	red	dif	hori	left	(918, 568)	(918, 331)	True	233205	234268	left	(800, 450)	testing
5	hy	f	19	6	diamond	red	same	vert	up	(918, 568)	(918, 331)	True	235347	236076	up	(800, 450)	testing
5	hy	f	19	6	diamond	none	dif	hori	left	N_dis	(800, 282)	True	237359	237948	left	(800, 450)	testing
5	hy	f	19	6	diamond	green	same	hori	left	(918, 568)	(681, 568)	True	239182	240044	left	(800, 450)	testing
5	hy	f	19	6	diamond	green	same	hori	left	(681, 568)	(800, 282)	True	241240	241884	left	(800, 450)	testing
5	hy	f	19	6	diamond	red	same	hori	left	(918, 568)	(681, 331)	True	242980	243804	left	(800, 450)	testing
5	hy	f	19	6	circle	green	dif	vert	up	(918, 331)	(681, 568)	True	245092	246348	up	(800, 450)	testing
5	hy	f	19	6	circle	green	same	vert	up	(681, 331)	(800, 618)	True	247444	248876	up	(800, 450)	testing
5	hy	f	19	6	diamond	red	dif	hori	left	(918, 568)	(632, 450)	True	249966	250684	left	(800, 450)	testing
5	hy	f	19	6	circle	red	same	vert	up	(918, 568)	(800, 618)	True	251928	252732	up	(800, 450)	testing
5	hy	f	19	6	circle	red	same	hori	left	(918, 568)	(800, 282)	True	254024	254572	left	(800, 450)	testing
5	hy	f	19	6	diamond	red	dif	hori	left	(918, 568)	(800, 618)	True	255729	256604	up	(800, 450)	testing
5	hy	f	19	6	circle	none	dif	vert	up	N_dis	(681, 331)	True	259330	259916	left	(800, 450)	testing
5	hy	f	19	6	diamond	none	same	vert	up	N_dis	(968, 450)	True	262709	263628	up	(800, 450)	testing
5	hy	f	19	6	circle	none	same	vert	up	N_dis	(918, 331)	True	264789	265612	up	(800, 450)	testing
5	hy	f	19	6	diamond	red	same	vert	up	(918, 568)	(681, 331)	True	266784	267660	up	(800, 450)	testing
5	hy	f	19	6	diamond	red	dif	vert	up	(918, 331)	(681, 331)	True	268745	269981	up	(800, 450)	testing
5	hy	f	19	6	diamond	none	dif	hori	left	N_dis	(800, 282)	True	271050	272540	left	(800, 450)	testing
5	hy	f	19	6	circle	green	same	hori	left	(918, 568)	(800, 618)	True	273585	274492	left	(800, 450)	testing
5	hy	f	19	6	diamond	none	dif	hori	left	N_dis	(800, 618)	True	275671	276989	left	(800, 450)	testing
5	hy	f	19	6	diamond	none	same	vert	up	N_dis	(632, 450)	True	278095	279148	up	(800, 450)	testing
5	hy	f	19	6	diamond	red	same	vert	up	(918, 568)	(632, 450)	True	280419	281180	up	(800, 450)	testing
