subj	name	gender	age	runNum	shape	dist	td_dif	resp	resp_key	d_loc	t_loc	gotKey	startTime	respTime	resp	fix_loc	prac
6	jm	f	19	10	diamond	none	same	vert	up	N_dis	(918, 331)	True	24465	26332	up	(800, 450)	testing
6	jm	f	19	10	diamond	green	dif	hori	left	(681, 331)	(918, 568)	True	27533	28973	left	(800, 450)	testing
6	jm	f	19	10	circle	green	same	hori	left	(681, 331)	(800, 282)	True	30083	32012	left	(800, 450)	testing
6	jm	f	19	10	diamond	red	dif	hori	left	(681, 331)	(800, 282)	True	33113	34444	left	(800, 450)	testing
6	jm	f	19	10	diamond	red	same	vert	up	(918, 331)	(800, 618)	True	35656	36732	up	(800, 450)	testing
6	jm	f	19	10	circle	green	dif	vert	up	(681, 331)	(800, 282)	True	37818	39676	up	(800, 450)	testing
6	jm	f	19	10	diamond	red	dif	vert	up	(681, 331)	(918, 568)	True	40967	41981	up	(800, 450)	testing
6	jm	f	19	10	circle	red	dif	vert	up	(681, 331)	(918, 331)	True	43270	44604	up	(800, 450)	testing
6	jm	f	19	10	diamond	red	same	vert	up	(681, 331)	(918, 331)	True	45858	46909	up	(800, 450)	testing
6	jm	f	19	10	diamond	none	same	vert	up	N_dis	(918, 568)	True	48113	49052	up	(800, 450)	testing
6	jm	f	19	10	circle	green	dif	hori	left	(681, 331)	(681, 568)	True	50112	51084	left	(800, 450)	testing
6	jm	f	19	10	diamond	none	same	hori	left	N_dis	(681, 331)	True	52211	53868	left	(800, 450)	testing
6	jm	f	19	10	circle	red	same	vert	up	(681, 331)	(918, 568)	True	54925	55981	up	(800, 450)	testing
6	jm	f	19	10	diamond	red	dif	hori	left	(681, 331)	(968, 450)	True	57264	58156	left	(800, 450)	testing
6	jm	f	19	10	diamond	red	same	vert	up	(681, 568)	(918, 568)	True	59254	60076	up	(800, 450)	testing
6	jm	f	19	10	diamond	green	dif	hori	left	(681, 331)	(681, 568)	True	61310	62220	left	(800, 450)	testing
6	jm	f	19	10	circle	red	same	vert	up	(918, 331)	(968, 450)	True	63326	64332	up	(800, 450)	testing
6	jm	f	19	10	circle	green	dif	vert	up	(800, 282)	(632, 450)	True	65558	66764	up	(800, 450)	testing
6	jm	f	19	10	circle	green	dif	vert	up	(681, 331)	(632, 450)	True	68016	68860	up	(800, 450)	testing
6	jm	f	19	10	circle	green	same	vert	up	(681, 568)	(918, 331)	True	69907	70973	up	(800, 450)	testing
6	jm	f	19	10	diamond	none	dif	hori	left	N_dis	(681, 568)	True	72228	73436	left	(800, 450)	testing
6	jm	f	19	10	circle	none	dif	hori	left	N_dis	(681, 568)	True	74679	75965	left	(800, 450)	testing
6	jm	f	19	10	diamond	red	same	hori	left	(632, 450)	(800, 618)	True	77192	78957	left	(800, 450)	testing
6	jm	f	19	10	diamond	green	same	hori	left	(681, 331)	(800, 618)	True	80169	81228	left	(800, 450)	testing
6	jm	f	19	10	circle	green	dif	vert	up	(918, 568)	(632, 450)	True	82420	83933	up	(800, 450)	testing
6	jm	f	19	10	circle	red	same	vert	up	(681, 331)	(918, 568)	True	85095	85965	up	(800, 450)	testing
6	jm	f	19	10	circle	green	dif	hori	left	(681, 331)	(800, 618)	True	87107	88028	left	(800, 450)	testing
6	jm	f	19	10	diamond	red	dif	vert	up	(681, 331)	(800, 618)	True	89312	90460	up	(800, 450)	testing
6	jm	f	19	10	diamond	none	same	vert	up	N_dis	(800, 282)	True	91624	92973	up	(800, 450)	testing
6	jm	f	19	10	circle	none	dif	vert	up	N_dis	(968, 450)	True	94203	95148	up	(800, 450)	testing
6	jm	f	19	10	diamond	green	same	vert	up	(918, 568)	(800, 618)	True	96221	97388	up	(800, 450)	testing
6	jm	f	19	10	diamond	none	dif	hori	left	N_dis	(918, 331)	True	98655	100204	left	(800, 450)	testing
6	jm	f	19	10	diamond	green	same	vert	up	(800, 282)	(968, 450)	True	101469	102316	up	(800, 450)	testing
6	jm	f	19	10	circle	red	dif	hori	left	(681, 331)	(800, 618)	True	103392	105068	left	(800, 450)	testing
6	jm	f	19	10	circle	green	same	vert	up	(681, 331)	(918, 331)	True	106231	107260	up	(800, 450)	testing
6	jm	f	19	10	diamond	red	dif	vert	up	(681, 331)	(632, 450)	True	108536	110252	up	(800, 450)	testing
6	jm	f	19	10	circle	red	same	vert	up	(681, 331)	(918, 331)	True	111536	112316	up	(800, 450)	testing
6	jm	f	19	10	diamond	green	same	hori	left	(681, 331)	(918, 568)	True	113483	114764	left	(800, 450)	testing
6	jm	f	19	10	diamond	none	same	vert	up	N_dis	(800, 618)	True	115861	117212	up	(800, 450)	testing
6	jm	f	19	10	diamond	red	same	hori	left	(632, 450)	(800, 618)	True	118468	119532	left	(800, 450)	testing
6	jm	f	19	10	circle	none	dif	hori	left	N_dis	(918, 331)	True	120804	121997	left	(800, 450)	testing
6	jm	f	19	10	circle	green	same	vert	up	(968, 450)	(918, 331)	True	123214	124412	up	(800, 450)	testing
6	jm	f	19	10	diamond	red	same	vert	up	(681, 331)	(800, 618)	True	125567	126604	up	(800, 450)	testing
6	jm	f	19	10	diamond	red	dif	hori	left	(800, 618)	(632, 450)	True	127704	129372	left	(800, 450)	testing
6	jm	f	19	10	diamond	none	dif	vert	up	N_dis	(800, 282)	True	130552	131340	up	(800, 450)	testing
6	jm	f	19	10	diamond	red	same	vert	up	(918, 331)	(632, 450)	True	132563	133692	up	(800, 450)	testing
6	jm	f	19	10	diamond	red	dif	hori	left	(681, 331)	(681, 568)	True	134973	136492	left	(800, 450)	testing
6	jm	f	19	10	diamond	green	dif	hori	left	(918, 568)	(681, 568)	True	137711	139564	left	(800, 450)	testing
6	jm	f	19	10	circle	none	same	hori	left	N_dis	(681, 568)	True	140640	142140	left	(800, 450)	testing
6	jm	f	19	10	circle	red	dif	hori	left	(681, 331)	(681, 568)	True	143322	144204	left	(800, 450)	testing
6	jm	f	19	10	circle	red	dif	vert	up	(632, 450)	(681, 568)	True	145439	146444	up	(800, 450)	testing
6	jm	f	19	10	circle	green	same	vert	up	(968, 450)	(800, 282)	True	147587	149148	up	(800, 450)	testing
6	jm	f	19	10	diamond	none	dif	hori	left	N_dis	(800, 618)	True	150314	151276	left	(800, 450)	testing
6	jm	f	19	10	diamond	none	same	hori	left	N_dis	(681, 331)	True	152503	154316	left	(800, 450)	testing
6	jm	f	19	10	diamond	red	same	hori	left	(681, 331)	(800, 282)	True	155593	156973	left	(800, 450)	testing
6	jm	f	19	10	circle	none	same	vert	up	N_dis	(632, 450)	True	158183	159548	up	(800, 450)	testing
6	jm	f	19	10	diamond	none	same	hori	left	N_dis	(918, 568)	True	160712	161692	left	(800, 450)	testing
6	jm	f	19	10	diamond	green	same	vert	up	(681, 331)	(918, 568)	True	162923	163740	up	(800, 450)	testing
6	jm	f	19	10	circle	none	same	vert	up	N_dis	(968, 450)	True	164819	165676	up	(800, 450)	testing
6	jm	f	19	10	diamond	none	same	hori	left	N_dis	(918, 568)	True	166846	167868	left	(800, 450)	testing
6	jm	f	19	10	circle	red	dif	vert	up	(681, 331)	(800, 618)	True	168923	169740	up	(800, 450)	testing
6	jm	f	19	10	circle	red	dif	hori	left	(681, 331)	(918, 568)	True	170963	171756	left	(800, 450)	testing
6	jm	f	19	10	diamond	green	dif	vert	up	(632, 450)	(800, 618)	True	173021	174973	up	(800, 450)	testing
6	jm	f	19	10	circle	green	dif	vert	up	(681, 331)	(918, 331)	True	176225	178444	up	(800, 450)	testing
6	jm	f	19	10	circle	red	dif	vert	up	(968, 450)	(800, 282)	True	179721	180893	up	(800, 450)	testing
6	jm	f	19	10	circle	none	same	hori	left	N_dis	(632, 450)	True	182141	183708	left	(800, 450)	testing
6	jm	f	19	10	circle	red	dif	hori	left	(681, 331)	(681, 568)	True	184984	185836	left	(800, 450)	testing
6	jm	f	19	10	diamond	green	same	hori	left	(681, 331)	(918, 568)	True	187058	187804	up	(800, 450)	testing
6	jm	f	19	10	circle	green	dif	hori	left	(800, 618)	(681, 568)	True	190550	191437	left	(800, 450)	testing
6	jm	f	19	10	diamond	none	dif	vert	up	N_dis	(918, 568)	True	192586	193372	up	(800, 450)	testing
6	jm	f	19	10	circle	none	dif	hori	left	N_dis	(918, 331)	True	194612	195436	left	(800, 450)	testing
6	jm	f	19	10	diamond	green	same	vert	up	(800, 282)	(800, 618)	True	196512	197532	up	(800, 450)	testing
6	jm	f	19	10	circle	none	dif	vert	up	N_dis	(918, 331)	True	198794	199708	up	(800, 450)	testing
6	jm	f	19	10	circle	green	dif	hori	left	(800, 282)	(968, 450)	True	200975	201982	left	(800, 450)	testing
6	jm	f	19	10	diamond	none	dif	vert	up	N_dis	(681, 568)	True	203026	205132	up	(800, 450)	testing
6	jm	f	19	10	circle	red	same	hori	left	(681, 331)	(968, 450)	True	206287	207197	left	(800, 450)	testing
6	jm	f	19	10	diamond	green	dif	vert	up	(681, 331)	(968, 450)	True	208327	209164	up	(800, 450)	testing
6	jm	f	19	10	diamond	green	same	vert	up	(681, 331)	(918, 568)	True	210345	212108	up	(800, 450)	testing
6	jm	f	19	10	circle	red	dif	vert	up	(681, 331)	(632, 450)	True	213285	214508	up	(800, 450)	testing
6	jm	f	19	10	diamond	none	dif	vert	up	N_dis	(632, 450)	True	215780	216684	up	(800, 450)	testing
6	jm	f	19	10	circle	none	dif	vert	up	N_dis	(800, 618)	True	217841	218973	up	(800, 450)	testing
6	jm	f	19	10	circle	green	dif	hori	left	(681, 331)	(800, 282)	True	220212	221052	left	(800, 450)	testing
6	jm	f	19	10	diamond	none	dif	hori	left	N_dis	(800, 282)	True	222264	223308	left	(800, 450)	testing
6	jm	f	19	10	circle	red	same	hori	left	(681, 331)	(800, 618)	True	224495	225388	left	(800, 450)	testing
6	jm	f	19	10	diamond	green	dif	hori	left	(681, 331)	(800, 282)	True	226470	227788	left	(800, 450)	testing
6	jm	f	19	10	circle	none	same	hori	left	N_dis	(968, 450)	True	228946	230252	left	(800, 450)	testing
6	jm	f	19	10	circle	none	dif	vert	up	N_dis	(968, 450)	True	231433	232460	up	(800, 450)	testing
6	jm	f	19	10	circle	none	same	vert	up	N_dis	(968, 450)	True	233511	234844	up	(800, 450)	testing
6	jm	f	19	10	diamond	green	dif	vert	up	(681, 331)	(918, 331)	True	235991	237484	up	(800, 450)	testing
6	jm	f	19	10	diamond	none	same	hori	left	N_dis	(800, 618)	True	238686	239788	left	(800, 450)	testing
6	jm	f	19	10	diamond	green	dif	hori	left	(681, 331)	(800, 282)	True	240977	242236	left	(800, 450)	testing
6	jm	f	19	10	circle	red	same	hori	left	(800, 618)	(918, 568)	True	243366	244796	left	(800, 450)	testing
6	jm	f	19	10	circle	green	same	hori	left	(918, 568)	(800, 282)	True	245926	247052	left	(800, 450)	testing
6	jm	f	19	10	circle	none	same	vert	up	N_dis	(918, 568)	True	248132	249644	up	(800, 450)	testing
6	jm	f	19	10	circle	red	dif	hori	left	(681, 568)	(800, 282)	True	250918	252156	left	(800, 450)	testing
6	jm	f	19	10	circle	green	same	vert	up	(681, 331)	(968, 450)	True	253330	254524	up	(800, 450)	testing
6	jm	f	19	10	diamond	red	same	hori	left	(681, 331)	(632, 450)	True	255683	257020	left	(800, 450)	testing
6	jm	f	19	10	diamond	green	same	hori	left	(681, 331)	(918, 331)	True	258224	260092	left	(800, 450)	testing
6	jm	f	19	10	circle	none	same	vert	up	N_dis	(800, 282)	True	261289	262764	up	(800, 450)	testing
6	jm	f	19	10	diamond	red	dif	vert	up	(800, 618)	(681, 568)	True	263965	265949	up	(800, 450)	testing
6	jm	f	19	10	circle	none	dif	hori	left	N_dis	(800, 618)	True	267042	267934	left	(800, 450)	testing
6	jm	f	19	10	circle	red	same	vert	up	(681, 331)	(968, 450)	True	269125	269981	up	(800, 450)	testing
6	jm	f	19	10	circle	none	same	hori	left	N_dis	(632, 450)	True	271196	272172	left	(800, 450)	testing
6	jm	f	19	10	circle	red	same	hori	left	(681, 568)	(918, 331)	True	273335	274476	left	(800, 450)	testing
6	jm	f	19	10	diamond	red	dif	vert	up	(681, 331)	(632, 450)	True	275623	276668	up	(800, 450)	testing
6	jm	f	19	10	diamond	none	same	vert	up	N_dis	(681, 568)	True	277847	279644	left	(800, 450)	testing
6	jm	f	19	10	circle	green	same	hori	left	(968, 450)	(918, 568)	True	282347	284188	left	(800, 450)	testing
6	jm	f	19	10	circle	none	dif	vert	up	N_dis	(632, 450)	True	285457	286236	up	(800, 450)	testing
6	jm	f	19	10	diamond	red	dif	hori	left	(681, 331)	(968, 450)	True	287347	288268	left	(800, 450)	testing
6	jm	f	19	10	circle	none	same	hori	left	N_dis	(800, 282)	True	289333	290636	left	(800, 450)	testing
6	jm	f	19	10	circle	red	same	hori	left	(681, 331)	(918, 568)	True	291915	293181	left	(800, 450)	testing
6	jm	f	19	10	diamond	green	dif	vert	up	(918, 331)	(632, 450)	True	294291	295340	up	(800, 450)	testing
6	jm	f	19	10	diamond	green	same	hori	left	(681, 331)	(681, 568)	True	296549	298333	left	(800, 450)	testing
6	jm	f	19	10	circle	green	same	hori	left	(681, 331)	(632, 450)	True	299469	300493	left	(800, 450)	testing
6	jm	f	19	10	diamond	none	dif	vert	up	N_dis	(681, 331)	True	301702	303068	up	(800, 450)	testing
6	jm	f	19	10	diamond	red	same	hori	left	(681, 331)	(681, 568)	True	304256	305644	left	(800, 450)	testing
6	jm	f	19	10	circle	green	same	hori	left	(681, 331)	(632, 450)	True	306887	308125	left	(800, 450)	testing
6	jm	f	19	10	diamond	green	dif	vert	up	(681, 331)	(968, 450)	True	309366	310525	up	(800, 450)	testing
6	jm	f	19	10	diamond	none	dif	hori	left	N_dis	(681, 331)	True	311745	313341	left	(800, 450)	testing
6	jm	f	19	10	circle	none	dif	hori	left	N_dis	(681, 331)	True	314439	316093	left	(800, 450)	testing
conf	6	jm	f	19	10	6	space	None	None	None	None	None	None	None	None	True	362629	379757	1
