subj	name	gender	age	runNum	shape	dist	td_dif	resp	resp_key	d_loc	t_loc	gotKey	startTime	respTime	resp	fix_loc	prac
6	jn	f	19	4	circle	green	dif	vert	up	(968, 450)	(800, 282)	True	72352	73853	up	(800, 450)	testing
6	jn	f	19	4	diamond	green	dif	hori	left	(968, 450)	(632, 450)	True	74922	75853	left	(800, 450)	testing
6	jn	f	19	4	circle	none	same	vert	up	N_dis	(918, 331)	True	77010	78012	up	(800, 450)	testing
6	jn	f	19	4	diamond	green	same	vert	up	(968, 450)	(800, 618)	True	79056	80460	up	(800, 450)	testing
6	jn	f	19	4	circle	none	dif	vert	up	N_dis	(681, 568)	True	81536	82604	up	(800, 450)	testing
6	jn	f	19	4	circle	red	same	vert	up	(968, 450)	(918, 331)	True	83885	84973	up	(800, 450)	testing
6	jn	f	19	4	circle	red	dif	hori	left	(800, 618)	(800, 282)	True	86213	87036	left	(800, 450)	testing
6	jn	f	19	4	circle	none	dif	hori	left	N_dis	(800, 618)	True	88084	89420	left	(800, 450)	testing
6	jn	f	19	4	circle	red	same	hori	left	(968, 450)	(632, 450)	True	90630	91741	left	(800, 450)	testing
6	jn	f	19	4	circle	green	same	hori	left	(968, 450)	(681, 331)	True	92919	94476	left	(800, 450)	testing
6	jn	f	19	4	diamond	green	same	vert	up	(632, 450)	(681, 331)	True	95692	97596	up	(800, 450)	testing
6	jn	f	19	4	circle	green	same	hori	left	(681, 568)	(918, 331)	True	98878	99789	left	(800, 450)	testing
6	jn	f	19	4	diamond	none	same	vert	up	N_dis	(968, 450)	True	100955	102364	up	(800, 450)	testing
6	jn	f	19	4	circle	none	same	hori	left	N_dis	(632, 450)	True	103407	104444	left	(800, 450)	testing
6	jn	f	19	4	circle	green	same	vert	up	(968, 450)	(681, 568)	True	105554	106829	up	(800, 450)	testing
6	jn	f	19	4	circle	green	dif	hori	left	(968, 450)	(800, 618)	True	108118	109837	left	(800, 450)	testing
6	jn	f	19	4	diamond	red	same	hori	left	(918, 568)	(681, 568)	True	110912	112188	left	(800, 450)	testing
6	jn	f	19	4	circle	none	same	vert	up	N_dis	(918, 568)	True	113432	114765	up	(800, 450)	testing
6	jn	f	19	4	circle	green	same	vert	up	(681, 331)	(918, 331)	True	116049	117036	up	(800, 450)	testing
6	jn	f	19	4	circle	red	same	vert	up	(968, 450)	(632, 450)	True	118310	120428	up	(800, 450)	testing
6	jn	f	19	4	diamond	green	dif	vert	up	(968, 450)	(918, 331)	True	121520	123004	up	(800, 450)	testing
6	jn	f	19	4	circle	red	same	vert	up	(968, 450)	(681, 331)	True	124103	125628	up	(800, 450)	testing
6	jn	f	19	4	circle	green	dif	hori	left	(968, 450)	(800, 618)	True	126883	129148	left	(800, 450)	testing
6	jn	f	19	4	circle	green	dif	vert	up	(918, 331)	(681, 331)	True	130347	133196	up	(800, 450)	testing
6	jn	f	19	4	diamond	none	dif	vert	up	N_dis	(918, 568)	True	134414	135548	up	(800, 450)	testing
6	jn	f	19	4	diamond	red	dif	hori	left	(918, 331)	(681, 331)	True	136771	138765	left	(800, 450)	testing
6	jn	f	19	4	diamond	red	same	hori	left	(632, 450)	(800, 282)	True	139942	141821	left	(800, 450)	testing
6	jn	f	19	4	diamond	red	dif	vert	up	(968, 450)	(681, 568)	True	142967	145757	up	(800, 450)	testing
6	jn	f	19	4	diamond	none	dif	vert	up	N_dis	(681, 568)	True	146854	148396	up	(800, 450)	testing
6	jn	f	19	4	diamond	green	same	vert	up	(968, 450)	(632, 450)	True	149629	151212	up	(800, 450)	testing
6	jn	f	19	4	diamond	none	dif	hori	left	N_dis	(918, 331)	True	152270	153356	left	(800, 450)	testing
6	jn	f	19	4	diamond	red	dif	hori	left	(681, 568)	(681, 331)	True	154628	156172	left	(800, 450)	testing
6	jn	f	19	4	circle	none	same	hori	left	N_dis	(918, 331)	True	157353	158861	left	(800, 450)	testing
6	jn	f	19	4	circle	none	same	hori	left	N_dis	(968, 450)	True	160043	161564	left	(800, 450)	testing
6	jn	f	19	4	diamond	none	same	vert	up	N_dis	(800, 618)	True	162683	164092	up	(800, 450)	testing
6	jn	f	19	4	diamond	red	same	vert	up	(968, 450)	(918, 568)	True	165370	166652	up	(800, 450)	testing
6	jn	f	19	4	circle	red	same	hori	left	(800, 282)	(918, 331)	True	167729	169084	left	(800, 450)	testing
6	jn	f	19	4	diamond	none	dif	vert	up	N_dis	(800, 282)	True	170365	171789	up	(800, 450)	testing
6	jn	f	19	4	circle	none	dif	vert	up	N_dis	(800, 282)	True	172988	175837	up	(800, 450)	testing
6	jn	f	19	4	circle	none	dif	hori	left	N_dis	(632, 450)	True	177054	178140	left	(800, 450)	testing
6	jn	f	19	4	diamond	red	dif	vert	up	(800, 282)	(918, 568)	True	179266	180572	up	(800, 450)	testing
6	jn	f	19	4	circle	green	dif	vert	up	(800, 282)	(681, 331)	True	181741	183420	up	(800, 450)	testing
6	jn	f	19	4	circle	none	same	hori	left	N_dis	(918, 331)	True	184574	185628	left	(800, 450)	testing
6	jn	f	19	4	diamond	none	dif	hori	left	N_dis	(681, 331)	True	186788	188364	left	(800, 450)	testing
6	jn	f	19	4	diamond	none	same	hori	left	N_dis	(800, 618)	True	189606	190716	left	(800, 450)	testing
6	jn	f	19	4	diamond	none	same	hori	left	N_dis	(968, 450)	True	191790	192925	left	(800, 450)	testing
6	jn	f	19	4	circle	green	dif	hori	left	(968, 450)	(800, 282)	True	194217	195580	left	(800, 450)	testing
6	jn	f	19	4	diamond	red	same	hori	left	(968, 450)	(632, 450)	True	196725	198332	left	(800, 450)	testing
6	jn	f	19	4	diamond	red	same	vert	up	(968, 450)	(918, 568)	True	199397	200556	up	(800, 450)	testing
6	jn	f	19	4	diamond	none	same	hori	left	N_dis	(632, 450)	True	201765	202700	left	(800, 450)	testing
6	jn	f	19	4	diamond	none	dif	vert	up	N_dis	(681, 331)	True	203811	205212	up	(800, 450)	testing
6	jn	f	19	4	circle	none	dif	vert	up	N_dis	(681, 568)	True	206326	207757	up	(800, 450)	testing
6	jn	f	19	4	diamond	red	same	hori	left	(968, 450)	(918, 331)	True	208850	209981	left	(800, 450)	testing
6	jn	f	19	4	diamond	none	same	hori	left	N_dis	(918, 568)	True	211214	212524	left	(800, 450)	testing
6	jn	f	19	4	circle	none	same	vert	up	N_dis	(918, 568)	True	213638	214749	up	(800, 450)	testing
6	jn	f	19	4	diamond	none	dif	hori	left	N_dis	(800, 282)	True	215823	217725	left	(800, 450)	testing
6	jn	f	19	4	circle	green	same	hori	left	(800, 282)	(681, 568)	True	218921	219933	left	(800, 450)	testing
6	jn	f	19	4	circle	green	dif	vert	up	(968, 450)	(800, 282)	True	221199	222236	up	(800, 450)	testing
6	jn	f	19	4	diamond	red	dif	hori	left	(968, 450)	(800, 282)	True	223400	224749	left	(800, 450)	testing
6	jn	f	19	4	diamond	red	dif	vert	up	(918, 568)	(632, 450)	True	226023	228684	up	(800, 450)	testing
6	jn	f	19	4	diamond	green	same	hori	left	(968, 450)	(681, 331)	True	229855	231596	left	(800, 450)	testing
6	jn	f	19	4	diamond	red	same	vert	up	(968, 450)	(800, 282)	True	232880	234524	up	(800, 450)	testing
6	jn	f	19	4	circle	none	dif	vert	up	N_dis	(632, 450)	True	235730	237452	up	(800, 450)	testing
6	jn	f	19	4	circle	green	same	hori	left	(968, 450)	(800, 618)	True	238594	239885	left	(800, 450)	testing
6	jn	f	19	4	diamond	red	dif	hori	left	(968, 450)	(918, 331)	True	241073	242284	left	(800, 450)	testing
6	jn	f	19	4	diamond	green	same	hori	left	(968, 450)	(632, 450)	True	243523	245196	left	(800, 450)	testing
6	jn	f	19	4	circle	red	dif	vert	up	(681, 331)	(800, 282)	True	246346	247452	up	(800, 450)	testing
6	jn	f	19	4	diamond	red	same	vert	up	(968, 450)	(632, 450)	True	248525	250412	up	(800, 450)	testing
6	jn	f	19	4	circle	none	dif	hori	left	N_dis	(800, 618)	True	251692	252636	left	(800, 450)	testing
6	jn	f	19	4	circle	red	dif	hori	left	(968, 450)	(681, 568)	True	253919	255148	left	(800, 450)	testing
6	jn	f	19	4	diamond	green	dif	vert	up	(968, 450)	(681, 568)	True	256333	258220	up	(800, 450)	testing
6	jn	f	19	4	diamond	green	same	hori	left	(681, 331)	(681, 568)	True	259494	260989	left	(800, 450)	testing
6	jn	f	19	4	circle	red	dif	vert	up	(800, 618)	(800, 282)	True	262082	263853	up	(800, 450)	testing
6	jn	f	19	4	circle	green	same	vert	up	(968, 450)	(800, 618)	True	265024	267004	up	(800, 450)	testing
6	jn	f	19	4	diamond	green	same	hori	left	(968, 450)	(800, 618)	True	268053	269757	left	(800, 450)	testing
6	jn	f	19	4	circle	green	dif	hori	left	(968, 450)	(918, 568)	True	270834	272252	left	(800, 450)	testing
6	jn	f	19	4	circle	red	dif	vert	up	(968, 450)	(681, 568)	True	273534	274861	up	(800, 450)	testing
6	jn	f	19	4	diamond	none	same	hori	left	N_dis	(968, 450)	True	275984	277164	left	(800, 450)	testing
6	jn	f	19	4	diamond	green	dif	hori	left	(968, 450)	(632, 450)	True	278245	279837	left	(800, 450)	testing
6	jn	f	19	4	circle	red	same	hori	left	(800, 618)	(918, 331)	True	280932	282108	left	(800, 450)	testing
6	jn	f	19	4	circle	red	dif	hori	left	(968, 450)	(918, 568)	True	283360	285676	left	(800, 450)	testing
6	jn	f	19	4	circle	green	same	hori	left	(968, 450)	(632, 450)	True	286741	287596	left	(800, 450)	testing
6	jn	f	19	4	diamond	none	dif	hori	left	N_dis	(800, 282)	True	288889	289725	left	(800, 450)	testing
6	jn	f	19	4	circle	green	same	vert	up	(968, 450)	(632, 450)	True	290986	292108	up	(800, 450)	testing
6	jn	f	19	4	diamond	green	dif	hori	left	(968, 450)	(918, 568)	True	293250	294733	left	(800, 450)	testing
6	jn	f	19	4	diamond	red	same	vert	up	(968, 450)	(681, 331)	True	295830	297420	up	(800, 450)	testing
6	jn	f	19	4	circle	red	same	hori	left	(681, 568)	(681, 331)	True	298671	300428	left	(800, 450)	testing
6	jn	f	19	4	circle	red	dif	vert	up	(968, 450)	(800, 282)	True	301625	303180	up	(800, 450)	testing
6	jn	f	19	4	diamond	green	dif	vert	up	(968, 450)	(918, 568)	True	304283	305660	up	(800, 450)	testing
6	jn	f	19	4	circle	green	dif	vert	up	(968, 450)	(681, 331)	True	306714	308684	up	(800, 450)	testing
6	jn	f	19	4	diamond	green	dif	hori	left	(968, 450)	(918, 331)	True	309953	311196	left	(800, 450)	testing
6	jn	f	19	4	diamond	red	dif	hori	left	(968, 450)	(681, 331)	True	312391	313708	left	(800, 450)	testing
6	jn	f	19	4	circle	none	dif	hori	left	N_dis	(968, 450)	True	314772	316332	left	(800, 450)	testing
6	jn	f	19	4	circle	red	same	vert	up	(681, 568)	(800, 618)	True	317543	319580	up	(800, 450)	testing
6	jn	f	19	4	diamond	red	dif	vert	up	(918, 331)	(632, 450)	True	320763	321997	up	(800, 450)	testing
6	jn	f	19	4	circle	green	dif	hori	left	(968, 450)	(918, 568)	True	323146	324925	left	(800, 450)	testing
6	jn	f	19	4	diamond	none	same	vert	up	N_dis	(681, 331)	True	326060	327757	up	(800, 450)	testing
6	jn	f	19	4	diamond	green	same	vert	up	(918, 568)	(800, 618)	True	328872	330284	up	(800, 450)	testing
6	jn	f	19	4	circle	none	dif	hori	left	N_dis	(681, 568)	True	331416	332284	left	(800, 450)	testing
6	jn	f	19	4	circle	none	same	hori	left	N_dis	(632, 450)	True	333327	334284	left	(800, 450)	testing
6	jn	f	19	4	diamond	green	dif	hori	left	(968, 450)	(800, 282)	True	335533	337500	left	(800, 450)	testing
6	jn	f	19	4	diamond	green	same	vert	up	(968, 450)	(918, 331)	True	338598	340749	up	(800, 450)	testing
6	jn	f	19	4	circle	red	dif	vert	up	(968, 450)	(681, 331)	True	341879	343725	up	(800, 450)	testing
6	jn	f	19	4	circle	red	dif	hori	left	(968, 450)	(918, 331)	True	344804	346348	left	(800, 450)	testing
6	jn	f	19	4	diamond	none	dif	vert	up	N_dis	(918, 331)	True	347596	348765	up	(800, 450)	testing
6	jn	f	19	4	circle	none	same	vert	up	N_dis	(681, 331)	True	350055	351212	up	(800, 450)	testing
6	jn	f	19	4	circle	red	same	vert	up	(632, 450)	(918, 568)	True	352464	353725	up	(800, 450)	testing
6	jn	f	19	4	diamond	green	dif	vert	up	(632, 450)	(681, 568)	True	354796	356060	up	(800, 450)	testing
6	jn	f	19	4	circle	red	dif	hori	left	(681, 331)	(918, 568)	True	357130	358220	left	(800, 450)	testing
6	jn	f	19	4	diamond	none	dif	hori	left	N_dis	(918, 568)	True	359422	361116	left	(800, 450)	testing
6	jn	f	19	4	circle	none	same	vert	up	N_dis	(800, 282)	True	362188	363757	up	(800, 450)	testing
6	jn	f	19	4	circle	green	same	vert	up	(968, 450)	(800, 618)	True	364899	365901	up	(800, 450)	testing
6	jn	f	19	4	diamond	none	same	vert	up	N_dis	(800, 618)	True	367022	369004	up	(800, 450)	testing
6	jn	f	19	4	diamond	red	same	hori	left	(800, 618)	(681, 331)	True	370219	372300	left	(800, 450)	testing
6	jn	f	19	4	circle	none	dif	vert	up	N_dis	(681, 331)	True	373446	375164	up	(800, 450)	testing
6	jn	f	19	4	diamond	green	same	hori	left	(918, 331)	(800, 282)	True	376233	378044	left	(800, 450)	testing
6	jn	f	19	4	diamond	none	same	vert	up	N_dis	(681, 568)	True	379175	380428	up	(800, 450)	testing
6	jn	f	19	4	diamond	red	dif	vert	up	(918, 568)	(800, 618)	True	381595	382781	up	(800, 450)	testing
6	jn	f	19	4	circle	red	same	hori	left	(968, 450)	(681, 568)	True	384006	385869	left	(800, 450)	testing
6	jn	f	19	4	diamond	green	dif	vert	up	(968, 450)	(681, 568)	True	387144	389757	up	(800, 450)	testing
