subj	name	gender	age	runNum	shape	dist	td_dif	resp	resp_key	d_loc	t_loc	gotKey	startTime	respTime	resp	fix_loc	prac
6	jn	f	19	3	diamond	green	same	vert	up	(918, 568)	(800, 282)	True	82655	84572	up	(800, 450)	testing
6	jn	f	19	3	circle	red	same	hori	left	(968, 450)	(800, 618)	True	85792	86941	left	(800, 450)	testing
6	jn	f	19	3	circle	green	dif	hori	left	(681, 331)	(681, 568)	True	88163	89164	left	(800, 450)	testing
6	jn	f	19	3	circle	green	same	vert	up	(968, 450)	(918, 568)	True	90310	91772	up	(800, 450)	testing
6	jn	f	19	3	diamond	none	same	vert	up	N_dis	(918, 568)	True	93055	94060	up	(800, 450)	testing
6	jn	f	19	3	diamond	red	same	hori	left	(681, 331)	(918, 568)	True	95309	96396	left	(800, 450)	testing
6	jn	f	19	3	diamond	green	dif	hori	left	(968, 450)	(632, 450)	True	97555	98684	left	(800, 450)	testing
6	jn	f	19	3	circle	none	same	vert	up	N_dis	(918, 568)	True	99842	100957	up	(800, 450)	testing
6	jn	f	19	3	diamond	none	dif	hori	left	N_dis	(968, 450)	True	102000	103212	left	(800, 450)	testing
6	jn	f	19	3	circle	red	dif	hori	left	(968, 450)	(918, 331)	True	104451	105644	left	(800, 450)	testing
6	jn	f	19	3	diamond	red	dif	vert	up	(968, 450)	(632, 450)	True	106745	108060	up	(800, 450)	testing
6	jn	f	19	3	diamond	red	same	vert	up	(918, 331)	(632, 450)	True	109284	110700	up	(800, 450)	testing
6	jn	f	19	3	diamond	green	same	hori	left	(800, 282)	(632, 450)	True	111748	113020	left	(800, 450)	testing
6	jn	f	19	3	diamond	green	same	hori	left	(681, 568)	(918, 568)	True	114216	116076	left	(800, 450)	testing
6	jn	f	19	3	diamond	red	dif	hori	left	(800, 618)	(800, 282)	True	117165	118124	left	(800, 450)	testing
6	jn	f	19	3	diamond	green	same	vert	up	(918, 331)	(681, 568)	True	119388	120508	up	(800, 450)	testing
6	jn	f	19	3	circle	none	same	hori	left	N_dis	(918, 568)	True	121627	122957	left	(800, 450)	testing
6	jn	f	19	3	circle	none	dif	vert	up	N_dis	(918, 331)	True	124012	125340	up	(800, 450)	testing
6	jn	f	19	3	diamond	red	dif	hori	left	(968, 450)	(800, 282)	True	126615	128060	left	(800, 450)	testing
6	jn	f	19	3	circle	green	dif	vert	up	(968, 450)	(800, 282)	True	129341	131020	up	(800, 450)	testing
6	jn	f	19	3	circle	none	same	hori	left	N_dis	(681, 331)	True	132235	133933	left	(800, 450)	testing
6	jn	f	19	3	circle	green	same	hori	left	(968, 450)	(918, 568)	True	134979	136540	left	(800, 450)	testing
6	jn	f	19	3	diamond	red	dif	hori	left	(918, 568)	(632, 450)	True	137670	138941	left	(800, 450)	testing
6	jn	f	19	3	circle	none	dif	vert	up	N_dis	(800, 282)	True	140233	141548	up	(800, 450)	testing
6	jn	f	19	3	diamond	green	dif	vert	up	(968, 450)	(918, 331)	True	142646	143933	up	(800, 450)	testing
6	jn	f	19	3	circle	red	dif	hori	left	(968, 450)	(681, 568)	True	145155	146668	left	(800, 450)	testing
6	jn	f	19	3	circle	red	same	hori	left	(968, 450)	(632, 450)	True	147725	150108	left	(800, 450)	testing
6	jn	f	19	3	diamond	none	same	hori	left	N_dis	(800, 618)	True	151203	152572	left	(800, 450)	testing
6	jn	f	19	3	diamond	green	dif	hori	left	(968, 450)	(800, 282)	True	153650	154716	left	(800, 450)	testing
6	jn	f	19	3	diamond	red	dif	vert	up	(968, 450)	(800, 618)	True	155819	157036	up	(800, 450)	testing
6	jn	f	19	3	circle	green	dif	hori	left	(681, 568)	(918, 331)	True	158117	159276	left	(800, 450)	testing
6	jn	f	19	3	diamond	red	same	vert	up	(918, 568)	(918, 331)	True	160407	161676	up	(800, 450)	testing
6	jn	f	19	3	diamond	green	same	hori	left	(800, 618)	(681, 331)	True	162877	163949	left	(800, 450)	testing
6	jn	f	19	3	circle	none	same	vert	up	N_dis	(918, 331)	True	165070	166204	up	(800, 450)	testing
6	jn	f	19	3	diamond	red	dif	vert	up	(968, 450)	(681, 568)	True	167477	168973	up	(800, 450)	testing
6	jn	f	19	3	circle	red	same	vert	up	(968, 450)	(918, 331)	True	170060	172188	up	(800, 450)	testing
6	jn	f	19	3	circle	none	dif	vert	up	N_dis	(681, 331)	True	173450	174845	up	(800, 450)	testing
6	jn	f	19	3	circle	none	dif	hori	left	N_dis	(681, 568)	True	175890	177053	left	(800, 450)	testing
6	jn	f	19	3	diamond	none	dif	vert	up	N_dis	(681, 331)	True	178322	180172	up	(800, 450)	testing
6	jn	f	19	3	diamond	none	same	vert	up	N_dis	(800, 618)	True	181279	182636	up	(800, 450)	testing
6	jn	f	19	3	circle	red	same	hori	left	(632, 450)	(681, 331)	True	183686	185212	left	(800, 450)	testing
6	jn	f	19	3	circle	green	same	hori	left	(968, 450)	(681, 568)	True	186405	187692	left	(800, 450)	testing
6	jn	f	19	3	circle	green	same	hori	left	(800, 282)	(918, 331)	True	188924	191164	left	(800, 450)	testing
6	jn	f	19	3	diamond	red	same	hori	left	(968, 450)	(632, 450)	True	192239	193324	left	(800, 450)	testing
6	jn	f	19	3	circle	none	dif	hori	left	N_dis	(800, 618)	True	194414	196252	left	(800, 450)	testing
6	jn	f	19	3	diamond	red	same	vert	up	(800, 282)	(918, 331)	True	197370	198588	up	(800, 450)	testing
6	jn	f	19	3	circle	green	dif	vert	up	(968, 450)	(681, 331)	True	199725	201196	up	(800, 450)	testing
6	jn	f	19	3	diamond	none	dif	hori	left	N_dis	(681, 331)	True	202378	205004	left	(800, 450)	testing
6	jn	f	19	3	diamond	none	same	vert	up	N_dis	(918, 568)	True	206133	207308	up	(800, 450)	testing
6	jn	f	19	3	diamond	red	same	vert	up	(968, 450)	(800, 618)	True	208418	209837	up	(800, 450)	testing
6	jn	f	19	3	diamond	red	same	hori	left	(632, 450)	(681, 568)	True	210947	213148	left	(800, 450)	testing
6	jn	f	19	3	circle	red	dif	vert	up	(968, 450)	(800, 282)	True	214287	215548	up	(800, 450)	testing
6	jn	f	19	3	diamond	none	same	hori	left	N_dis	(800, 618)	True	216654	217837	left	(800, 450)	testing
6	jn	f	19	3	diamond	green	same	hori	left	(968, 450)	(632, 450)	True	218901	220380	left	(800, 450)	testing
6	jn	f	19	3	circle	red	dif	vert	up	(968, 450)	(918, 568)	True	221632	222861	up	(800, 450)	testing
6	jn	f	19	3	circle	red	dif	hori	left	(968, 450)	(918, 568)	True	223904	225436	left	(800, 450)	testing
6	jn	f	19	3	diamond	none	same	hori	left	N_dis	(800, 618)	True	226478	227821	left	(800, 450)	testing
6	jn	f	19	3	circle	none	same	hori	left	N_dis	(968, 450)	True	229070	230236	left	(800, 450)	testing
6	jn	f	19	3	diamond	red	same	hori	left	(681, 331)	(681, 568)	True	231503	232572	left	(800, 450)	testing
6	jn	f	19	3	diamond	none	dif	vert	up	N_dis	(632, 450)	True	233778	235356	up	(800, 450)	testing
6	jn	f	19	3	circle	green	same	hori	left	(968, 450)	(681, 331)	True	236626	237869	left	(800, 450)	testing
6	jn	f	19	3	diamond	red	same	vert	up	(968, 450)	(800, 618)	True	238987	240236	up	(800, 450)	testing
6	jn	f	19	3	circle	none	dif	hori	left	N_dis	(800, 282)	True	241385	242396	left	(800, 450)	testing
6	jn	f	19	3	circle	green	dif	vert	up	(968, 450)	(681, 568)	True	243549	244492	up	(800, 450)	testing
6	jn	f	19	3	circle	green	same	vert	up	(968, 450)	(681, 331)	True	245739	247660	up	(800, 450)	testing
6	jn	f	19	3	diamond	none	dif	vert	up	N_dis	(632, 450)	True	248787	251068	up	(800, 450)	testing
6	jn	f	19	3	circle	none	same	hori	left	N_dis	(632, 450)	True	252207	253885	left	(800, 450)	testing
6	jn	f	19	3	diamond	red	same	hori	left	(681, 331)	(632, 450)	True	255023	257068	left	(800, 450)	testing
6	jn	f	19	3	circle	red	same	vert	up	(968, 450)	(918, 331)	True	258221	259468	up	(800, 450)	testing
6	jn	f	19	3	diamond	green	same	hori	left	(968, 450)	(800, 282)	True	260607	262188	left	(800, 450)	testing
6	jn	f	19	3	diamond	none	dif	hori	left	N_dis	(681, 331)	True	263237	264732	left	(800, 450)	testing
6	jn	f	19	3	circle	green	same	vert	up	(968, 450)	(681, 331)	True	265967	267821	up	(800, 450)	testing
6	jn	f	19	3	diamond	none	dif	vert	up	N_dis	(632, 450)	True	268931	270798	up	(800, 450)	testing
6	jn	f	19	3	circle	red	same	vert	up	(968, 450)	(918, 568)	True	271976	273660	up	(800, 450)	testing
6	jn	f	19	3	circle	none	same	hori	left	N_dis	(800, 282)	True	274757	276268	left	(800, 450)	testing
6	jn	f	19	3	diamond	green	dif	vert	up	(968, 450)	(800, 618)	True	277474	278861	up	(800, 450)	testing
6	jn	f	19	3	circle	red	same	hori	left	(968, 450)	(918, 331)	True	280110	281772	left	(800, 450)	testing
6	jn	f	19	3	diamond	red	dif	vert	up	(632, 450)	(681, 331)	True	283061	284957	up	(800, 450)	testing
6	jn	f	19	3	circle	red	dif	vert	up	(968, 450)	(918, 568)	True	286148	288748	up	(800, 450)	testing
6	jn	f	19	3	diamond	green	dif	hori	left	(968, 450)	(918, 331)	True	289909	291485	left	(800, 450)	testing
6	jn	f	19	3	diamond	none	dif	vert	up	N_dis	(968, 450)	True	292527	293997	up	(800, 450)	testing
6	jn	f	19	3	circle	none	dif	vert	up	N_dis	(918, 331)	True	295069	296733	up	(800, 450)	testing
6	jn	f	19	3	diamond	red	dif	hori	left	(968, 450)	(632, 450)	True	297952	298957	left	(800, 450)	testing
6	jn	f	19	3	circle	red	dif	vert	up	(632, 450)	(681, 331)	True	300163	302716	up	(800, 450)	testing
6	jn	f	19	3	diamond	green	dif	hori	left	(968, 450)	(632, 450)	True	303787	304973	left	(800, 450)	testing
6	jn	f	19	3	circle	none	dif	vert	up	N_dis	(968, 450)	True	306029	307116	up	(800, 450)	testing
6	jn	f	19	3	circle	none	dif	hori	left	N_dis	(918, 331)	True	308213	309740	left	(800, 450)	testing
6	jn	f	19	3	diamond	none	same	vert	up	N_dis	(800, 282)	True	310858	311902	up	(800, 450)	testing
6	jn	f	19	3	circle	green	dif	hori	left	(681, 568)	(918, 331)	True	313017	314652	left	(800, 450)	testing
6	jn	f	19	3	circle	none	same	vert	up	N_dis	(918, 568)	True	315840	317293	up	(800, 450)	testing
6	jn	f	19	3	diamond	green	dif	vert	up	(968, 450)	(681, 568)	True	318494	320172	up	(800, 450)	testing
6	jn	f	19	3	diamond	green	same	vert	up	(800, 282)	(918, 331)	True	321383	322732	up	(800, 450)	testing
6	jn	f	19	3	diamond	none	same	vert	up	N_dis	(681, 568)	True	323916	325404	up	(800, 450)	testing
6	jn	f	19	3	circle	green	dif	hori	left	(681, 568)	(800, 618)	True	326687	327613	left	(800, 450)	testing
6	jn	f	19	3	circle	green	dif	vert	up	(968, 450)	(632, 450)	True	328825	330316	up	(800, 450)	testing
6	jn	f	19	3	diamond	none	dif	hori	left	N_dis	(800, 282)	True	331379	333788	left	(800, 450)	testing
6	jn	f	19	3	diamond	none	same	hori	left	N_dis	(681, 568)	True	334967	336220	left	(800, 450)	testing
6	jn	f	19	3	circle	green	dif	hori	left	(968, 450)	(800, 282)	True	337443	338540	left	(800, 450)	testing
6	jn	f	19	3	circle	none	dif	hori	left	N_dis	(632, 450)	True	339699	340813	left	(800, 450)	testing
6	jn	f	19	3	circle	green	dif	vert	up	(968, 450)	(800, 618)	True	342083	343356	up	(800, 450)	testing
6	jn	f	19	3	diamond	green	dif	hori	left	(968, 450)	(800, 618)	True	344450	345885	left	(800, 450)	testing
6	jn	f	19	3	circle	red	same	vert	up	(968, 450)	(918, 331)	True	347014	348236	up	(800, 450)	testing
6	jn	f	19	3	circle	none	same	vert	up	N_dis	(681, 568)	True	349470	350428	up	(800, 450)	testing
6	jn	f	19	3	diamond	none	dif	hori	left	N_dis	(918, 331)	True	351672	352910	left	(800, 450)	testing
6	jn	f	19	3	diamond	green	same	vert	up	(968, 450)	(681, 568)	True	354122	355997	up	(800, 450)	testing
6	jn	f	19	3	diamond	red	dif	vert	up	(918, 331)	(918, 568)	True	357271	359148	up	(800, 450)	testing
6	jn	f	19	3	circle	red	dif	hori	left	(918, 568)	(918, 331)	True	360341	361452	left	(800, 450)	testing
6	jn	f	19	3	circle	green	same	vert	up	(968, 450)	(632, 450)	True	362668	364013	up	(800, 450)	testing
6	jn	f	19	3	circle	red	dif	vert	up	(918, 331)	(800, 282)	True	365250	366620	up	(800, 450)	testing
6	jn	f	19	3	circle	green	same	vert	up	(800, 618)	(918, 568)	True	367794	369165	up	(800, 450)	testing
6	jn	f	19	3	diamond	green	same	vert	up	(968, 450)	(681, 331)	True	370220	371853	up	(800, 450)	testing
6	jn	f	19	3	diamond	red	dif	hori	left	(800, 618)	(681, 568)	True	372988	374253	left	(800, 450)	testing
6	jn	f	19	3	diamond	none	same	hori	left	N_dis	(681, 568)	True	375334	377644	left	(800, 450)	testing
6	jn	f	19	3	diamond	green	dif	vert	up	(968, 450)	(681, 331)	True	378723	380252	up	(800, 450)	testing
6	jn	f	19	3	circle	red	same	hori	left	(968, 450)	(681, 568)	True	381431	382780	left	(800, 450)	testing
6	jn	f	19	3	circle	red	dif	hori	left	(968, 450)	(632, 450)	True	383885	384861	left	(800, 450)	testing
6	jn	f	19	3	circle	none	same	vert	up	N_dis	(968, 450)	True	386004	388060	up	(800, 450)	testing
6	jn	f	19	3	diamond	green	dif	vert	up	(968, 450)	(681, 331)	True	389212	391244	up	(800, 450)	testing
6	jn	f	19	3	circle	green	same	hori	left	(968, 450)	(800, 282)	True	392523	394636	left	(800, 450)	testing
6	jn	f	19	3	circle	red	same	vert	up	(968, 450)	(918, 568)	True	395734	397020	up	(800, 450)	testing
