subj	name	gender	age	runNum	shape	dist	td_dif	resp	resp_key	d_loc	t_loc	gotKey	startTime	respTime	resp	fix_loc	prac
6	jn	f	19	2	circle	none	dif	hori	left	N_dis	(800, 282)	True	8704	10204	left	(800, 450)	testing
6	jn	f	19	2	diamond	none	same	hori	left	N_dis	(632, 450)	True	11473	12572	left	(800, 450)	testing
6	jn	f	19	2	diamond	red	same	vert	up	(681, 568)	(632, 450)	True	13849	14877	up	(800, 450)	testing
6	jn	f	19	2	circle	green	same	hori	left	(681, 568)	(918, 331)	True	15922	17132	left	(800, 450)	testing
6	jn	f	19	2	circle	green	same	hori	left	(681, 568)	(968, 450)	True	18377	19532	left	(800, 450)	testing
6	jn	f	19	2	diamond	red	same	vert	up	(681, 568)	(681, 331)	True	20725	22188	up	(800, 450)	testing
6	jn	f	19	2	diamond	green	same	vert	up	(681, 568)	(800, 618)	True	23391	24764	up	(800, 450)	testing
6	jn	f	19	2	diamond	none	dif	hori	left	N_dis	(632, 450)	True	26054	27244	left	(800, 450)	testing
6	jn	f	19	2	circle	green	dif	vert	up	(681, 568)	(681, 331)	True	28358	29500	up	(800, 450)	testing
6	jn	f	19	2	diamond	red	dif	vert	up	(681, 568)	(632, 450)	True	30627	31805	up	(800, 450)	testing
6	jn	f	19	2	circle	red	dif	vert	up	(918, 331)	(968, 450)	True	32964	34572	up	(800, 450)	testing
6	jn	f	19	2	circle	red	dif	vert	up	(632, 450)	(681, 331)	True	35780	37452	up	(800, 450)	testing
6	jn	f	19	2	circle	red	dif	hori	left	(681, 568)	(918, 331)	True	38604	39660	left	(800, 450)	testing
6	jn	f	19	2	circle	green	dif	hori	left	(681, 568)	(800, 282)	True	40739	41997	left	(800, 450)	testing
6	jn	f	19	2	circle	green	dif	hori	left	(681, 568)	(632, 450)	True	43053	44044	left	(800, 450)	testing
6	jn	f	19	2	circle	red	dif	vert	up	(968, 450)	(681, 331)	True	45299	47084	up	(800, 450)	testing
6	jn	f	19	2	circle	none	dif	vert	up	N_dis	(681, 331)	True	48254	49949	up	(800, 450)	testing
6	jn	f	19	2	circle	green	dif	hori	left	(918, 568)	(800, 282)	True	51078	52140	left	(800, 450)	testing
6	jn	f	19	2	diamond	green	dif	hori	left	(681, 568)	(918, 568)	True	53371	54893	left	(800, 450)	testing
6	jn	f	19	2	diamond	none	dif	vert	up	N_dis	(681, 331)	True	55942	57052	up	(800, 450)	testing
6	jn	f	19	2	diamond	none	dif	vert	up	N_dis	(968, 450)	True	58155	59660	up	(800, 450)	testing
6	jn	f	19	2	diamond	none	dif	hori	left	N_dis	(800, 282)	True	60917	61997	left	(800, 450)	testing
6	jn	f	19	2	circle	none	same	vert	up	N_dis	(800, 618)	True	63091	64284	up	(800, 450)	testing
6	jn	f	19	2	circle	none	same	hori	left	N_dis	(681, 568)	True	65550	66492	left	(800, 450)	testing
6	jn	f	19	2	circle	red	dif	vert	up	(968, 450)	(918, 331)	True	67784	68861	up	(800, 450)	testing
6	jn	f	19	2	diamond	red	same	hori	left	(681, 568)	(918, 568)	True	69974	71164	left	(800, 450)	testing
6	jn	f	19	2	diamond	none	same	hori	left	N_dis	(681, 331)	True	72355	73452	left	(800, 450)	testing
6	jn	f	19	2	diamond	green	same	vert	up	(681, 568)	(632, 450)	True	74677	75756	up	(800, 450)	testing
6	jn	f	19	2	circle	none	same	vert	up	N_dis	(800, 282)	True	76872	78204	up	(800, 450)	testing
6	jn	f	19	2	circle	red	same	vert	up	(681, 568)	(800, 618)	True	79296	80332	up	(800, 450)	testing
6	jn	f	19	2	circle	none	dif	vert	up	N_dis	(800, 618)	True	81516	82508	up	(800, 450)	testing
6	jn	f	19	2	diamond	green	same	vert	up	(681, 568)	(918, 568)	True	83740	84957	up	(800, 450)	testing
6	jn	f	19	2	circle	none	same	hori	left	N_dis	(918, 331)	True	86032	87740	left	(800, 450)	testing
6	jn	f	19	2	circle	red	same	hori	left	(681, 568)	(918, 331)	True	88841	89708	left	(800, 450)	testing
6	jn	f	19	2	diamond	red	dif	hori	left	(681, 568)	(800, 618)	True	90952	92381	left	(800, 450)	testing
6	jn	f	19	2	diamond	none	same	vert	up	N_dis	(918, 331)	True	93579	94813	up	(800, 450)	testing
6	jn	f	19	2	diamond	red	dif	hori	left	(800, 618)	(918, 331)	True	95997	97228	left	(800, 450)	testing
6	jn	f	19	2	circle	green	dif	vert	up	(968, 450)	(918, 568)	True	98512	99660	left	(800, 450)	testing
6	jn	f	19	2	diamond	green	same	hori	left	(681, 568)	(968, 450)	True	102289	103436	left	(800, 450)	testing
6	jn	f	19	2	diamond	red	dif	hori	left	(800, 282)	(918, 331)	True	104621	105821	left	(800, 450)	testing
6	jn	f	19	2	circle	red	same	vert	up	(681, 568)	(918, 568)	True	107022	108332	up	(800, 450)	testing
6	jn	f	19	2	diamond	green	same	vert	up	(681, 568)	(800, 282)	True	109523	110861	up	(800, 450)	testing
6	jn	f	19	2	diamond	none	dif	vert	up	N_dis	(918, 568)	True	111984	113117	left	(800, 450)	testing
6	jn	f	19	2	circle	none	same	hori	left	N_dis	(800, 618)	True	115875	116973	left	(800, 450)	testing
6	jn	f	19	2	circle	none	dif	hori	left	N_dis	(918, 331)	True	118048	120012	left	(800, 450)	testing
6	jn	f	19	2	circle	green	same	hori	left	(681, 568)	(681, 331)	True	121298	122412	up	(800, 450)	testing
6	jn	f	19	2	diamond	green	same	vert	up	(681, 568)	(968, 450)	True	125025	126572	up	(800, 450)	testing
6	jn	f	19	2	circle	red	same	hori	left	(681, 331)	(968, 450)	True	127763	128973	left	(800, 450)	testing
6	jn	f	19	2	circle	red	dif	hori	left	(681, 568)	(800, 618)	True	130112	131340	left	(800, 450)	testing
6	jn	f	19	2	diamond	red	same	hori	left	(681, 568)	(681, 331)	True	132521	134124	left	(800, 450)	testing
6	jn	f	19	2	circle	none	same	vert	up	N_dis	(681, 568)	True	135326	136813	up	(800, 450)	testing
6	jn	f	19	2	diamond	red	same	vert	up	(681, 568)	(800, 282)	True	138041	140061	up	(800, 450)	testing
6	jn	f	19	2	diamond	green	dif	vert	up	(681, 568)	(918, 331)	True	141340	143068	up	(800, 450)	testing
6	jn	f	19	2	diamond	none	dif	vert	up	N_dis	(918, 568)	True	144286	146012	up	(800, 450)	testing
6	jn	f	19	2	circle	green	same	vert	up	(681, 568)	(968, 450)	True	147100	149036	up	(800, 450)	testing
6	jn	f	19	2	diamond	green	same	hori	left	(681, 568)	(918, 568)	True	150126	151660	left	(800, 450)	testing
6	jn	f	19	2	circle	red	same	vert	up	(918, 568)	(681, 331)	True	152717	153853	up	(800, 450)	testing
6	jn	f	19	2	diamond	red	dif	vert	up	(681, 568)	(918, 331)	True	155021	156268	up	(800, 450)	testing
6	jn	f	19	2	circle	green	dif	hori	left	(681, 568)	(632, 450)	True	157377	158332	left	(800, 450)	testing
6	jn	f	19	2	diamond	green	dif	hori	left	(681, 568)	(632, 450)	True	159482	161324	left	(800, 450)	testing
6	jn	f	19	2	diamond	green	dif	vert	up	(681, 568)	(918, 568)	True	162462	163805	up	(800, 450)	testing
6	jn	f	19	2	diamond	none	dif	hori	left	N_dis	(800, 282)	True	164928	166284	left	(800, 450)	testing
6	jn	f	19	2	circle	none	dif	hori	left	N_dis	(968, 450)	True	167423	168684	left	(800, 450)	testing
6	jn	f	19	2	diamond	red	same	hori	left	(681, 568)	(918, 331)	True	169918	172012	left	(800, 450)	testing
6	jn	f	19	2	diamond	none	dif	hori	left	N_dis	(632, 450)	True	173266	174732	left	(800, 450)	testing
6	jn	f	19	2	circle	red	same	hori	left	(681, 568)	(918, 331)	True	175929	177628	left	(800, 450)	testing
6	jn	f	19	2	diamond	green	dif	vert	up	(681, 568)	(681, 331)	True	178753	180012	up	(800, 450)	testing
6	jn	f	19	2	circle	red	dif	hori	left	(681, 331)	(800, 282)	True	181290	183132	left	(800, 450)	testing
6	jn	f	19	2	circle	none	dif	vert	up	N_dis	(918, 568)	True	184390	185869	up	(800, 450)	testing
6	jn	f	19	2	diamond	none	same	vert	up	N_dis	(918, 331)	True	187002	188492	up	(800, 450)	testing
6	jn	f	19	2	circle	red	same	vert	up	(681, 568)	(918, 568)	True	189692	191500	up	(800, 450)	testing
6	jn	f	19	2	circle	green	same	vert	up	(800, 282)	(800, 618)	True	192734	194060	up	(800, 450)	testing
6	jn	f	19	2	circle	green	dif	vert	up	(632, 450)	(918, 568)	True	195159	196604	up	(800, 450)	testing
6	jn	f	19	2	circle	red	dif	hori	left	(918, 331)	(800, 618)	True	197881	198957	left	(800, 450)	testing
6	jn	f	19	2	diamond	red	dif	hori	left	(800, 282)	(632, 450)	True	200119	201516	left	(800, 450)	testing
6	jn	f	19	2	circle	none	same	hori	left	N_dis	(632, 450)	True	202565	203788	left	(800, 450)	testing
6	jn	f	19	2	diamond	green	same	hori	left	(681, 568)	(918, 331)	True	204992	206814	left	(800, 450)	testing
6	jn	f	19	2	diamond	none	same	vert	up	N_dis	(918, 568)	True	207989	209116	up	(800, 450)	testing
6	jn	f	19	2	circle	red	same	hori	left	(681, 568)	(968, 450)	True	210212	211788	left	(800, 450)	testing
6	jn	f	19	2	diamond	green	dif	hori	left	(681, 331)	(800, 618)	True	212985	214845	left	(800, 450)	testing
6	jn	f	19	2	diamond	red	dif	hori	left	(632, 450)	(918, 331)	True	215979	217164	left	(800, 450)	testing
6	jn	f	19	2	circle	red	dif	vert	up	(918, 331)	(681, 331)	True	218313	219516	up	(800, 450)	testing
6	jn	f	19	2	circle	none	same	hori	left	N_dis	(968, 450)	True	220676	221853	left	(800, 450)	testing
6	jn	f	19	2	diamond	none	same	hori	left	N_dis	(968, 450)	True	223006	225212	left	(800, 450)	testing
6	jn	f	19	2	circle	red	same	vert	up	(681, 568)	(681, 331)	True	226365	228476	up	(800, 450)	testing
6	jn	f	19	2	diamond	none	same	hori	left	N_dis	(681, 331)	True	229710	232140	left	(800, 450)	testing
6	jn	f	19	2	circle	green	dif	vert	up	(681, 568)	(968, 450)	True	233265	235181	up	(800, 450)	testing
6	jn	f	19	2	circle	none	dif	hori	left	N_dis	(681, 568)	True	236432	237805	left	(800, 450)	testing
6	jn	f	19	2	diamond	red	same	hori	left	(918, 331)	(632, 450)	True	238868	240172	left	(800, 450)	testing
6	jn	f	19	2	circle	green	same	vert	up	(800, 618)	(681, 331)	True	241303	243148	up	(800, 450)	testing
6	jn	f	19	2	diamond	red	same	vert	up	(681, 568)	(918, 331)	True	244295	245805	up	(800, 450)	testing
6	jn	f	19	2	diamond	green	dif	vert	up	(918, 568)	(918, 331)	True	246988	248732	up	(800, 450)	testing
6	jn	f	19	2	diamond	red	same	vert	up	(681, 568)	(968, 450)	True	249921	251244	up	(800, 450)	testing
6	jn	f	19	2	circle	green	dif	hori	left	(681, 568)	(632, 450)	True	252326	253965	left	(800, 450)	testing
6	jn	f	19	2	diamond	green	same	hori	left	(968, 450)	(681, 331)	True	255229	257100	left	(800, 450)	testing
6	jn	f	19	2	circle	red	dif	hori	left	(681, 568)	(681, 331)	True	258215	260028	left	(800, 450)	testing
6	jn	f	19	2	circle	green	same	vert	up	(681, 568)	(800, 618)	True	261262	263052	up	(800, 450)	testing
6	jn	f	19	2	diamond	none	same	vert	up	N_dis	(681, 331)	True	264331	266492	up	(800, 450)	testing
6	jn	f	19	2	diamond	red	dif	vert	up	(681, 568)	(800, 618)	True	267665	269180	up	(800, 450)	testing
6	jn	f	19	2	circle	none	dif	vert	up	N_dis	(918, 568)	True	270457	272252	up	(800, 450)	testing
6	jn	f	19	2	diamond	green	dif	hori	left	(681, 568)	(800, 282)	True	273297	274684	left	(800, 450)	testing
6	jn	f	19	2	circle	green	same	hori	left	(681, 568)	(918, 331)	True	275972	278204	left	(800, 450)	testing
6	jn	f	19	2	circle	green	same	vert	up	(800, 618)	(632, 450)	True	279285	281084	up	(800, 450)	testing
6	jn	f	19	2	diamond	red	dif	vert	up	(632, 450)	(681, 331)	True	282349	284668	up	(800, 450)	testing
6	jn	f	19	2	circle	none	same	vert	up	N_dis	(800, 618)	True	285773	287837	up	(800, 450)	testing
6	jn	f	19	2	circle	none	dif	hori	left	N_dis	(632, 450)	True	289060	290204	left	(800, 450)	testing
6	jn	f	19	2	diamond	none	dif	vert	up	N_dis	(968, 450)	True	291307	292957	up	(800, 450)	testing
6	jn	f	19	2	diamond	red	dif	vert	up	(800, 282)	(918, 331)	True	294200	295596	up	(800, 450)	testing
6	jn	f	19	2	circle	green	dif	vert	up	(681, 568)	(800, 282)	True	296677	298332	up	(800, 450)	testing
6	jn	f	19	2	diamond	none	same	hori	left	N_dis	(918, 331)	True	299426	300780	left	(800, 450)	testing
6	jn	f	19	2	circle	green	same	hori	left	(681, 568)	(800, 282)	True	301979	303692	left	(800, 450)	testing
6	jn	f	19	2	diamond	green	same	hori	left	(681, 568)	(800, 618)	True	304824	306764	left	(800, 450)	testing
6	jn	f	19	2	diamond	none	dif	hori	left	N_dis	(800, 618)	True	308032	309404	left	(800, 450)	testing
6	jn	f	19	2	diamond	red	same	hori	left	(681, 331)	(800, 282)	True	310629	312652	left	(800, 450)	testing
6	jn	f	19	2	diamond	green	dif	vert	up	(918, 568)	(800, 282)	True	313895	315484	up	(800, 450)	testing
6	jn	f	19	2	diamond	green	dif	hori	left	(681, 568)	(800, 282)	True	316561	318236	left	(800, 450)	testing
6	jn	f	19	2	circle	none	same	vert	up	N_dis	(681, 568)	True	319476	320796	up	(800, 450)	testing
6	jn	f	19	2	circle	red	same	hori	left	(800, 618)	(918, 331)	True	321983	323260	left	(800, 450)	testing
6	jn	f	19	2	circle	none	dif	vert	up	N_dis	(681, 568)	True	324477	325580	up	(800, 450)	testing
6	jn	f	19	2	diamond	none	same	vert	up	N_dis	(800, 282)	True	326847	328188	up	(800, 450)	testing
