subj	name	gender	age	runNum	shape	dist	td_dif	resp	resp_key	d_loc	t_loc	gotKey	startTime	respTime	resp	fix_loc	prac
6	jn	f	19	1	circle	red	dif	vert	up	(681, 568)	(918, 331)	False	153840	None	None	(800, 450)	practice
6	jn	f	19	1	circle	none	same	vert	up	N_dis	(800, 282)	True	159639	160829	up	(800, 450)	practice
6	jn	f	19	1	diamond	none	same	vert	up	N_dis	(681, 331)	True	161881	163613	up	(800, 450)	practice
6	jn	f	19	1	diamond	none	same	hori	left	N_dis	(632, 450)	True	164786	167581	left	(800, 450)	practice
6	jn	f	19	1	circle	green	same	vert	up	(681, 568)	(800, 282)	True	168739	170012	up	(800, 450)	practice
6	jn	f	19	1	diamond	red	dif	hori	left	(681, 568)	(632, 450)	True	171245	173196	left	(800, 450)	practice
6	jn	f	19	1	circle	none	dif	hori	left	N_dis	(800, 282)	True	174293	177260	left	(800, 450)	practice
6	jn	f	19	1	circle	none	same	hori	left	N_dis	(632, 450)	True	178453	181052	left	(800, 450)	practice
6	jn	f	19	1	circle	red	same	hori	left	(681, 568)	(800, 618)	True	182194	184140	left	(800, 450)	practice
6	jn	f	19	1	circle	red	same	hori	left	(681, 568)	(918, 331)	True	185415	187453	left	(800, 450)	practice
6	jn	f	19	1	diamond	none	dif	vert	up	N_dis	(968, 450)	True	188690	190493	up	(800, 450)	practice
6	jn	f	19	1	circle	green	dif	hori	left	(681, 568)	(800, 618)	True	191634	193292	left	(800, 450)	practice
6	jn	f	19	1	diamond	green	same	vert	up	(681, 568)	(800, 618)	True	194497	195933	up	(800, 450)	practice
6	jn	f	19	1	circle	none	same	hori	left	N_dis	(918, 331)	True	197209	198396	left	(800, 450)	practice
6	jn	f	19	1	circle	none	same	vert	up	N_dis	(681, 331)	True	199620	200909	up	(800, 450)	practice
6	jn	f	19	1	circle	red	same	vert	up	(681, 568)	(918, 331)	True	202073	204012	up	(800, 450)	practice
6	jn	f	19	1	diamond	none	dif	vert	up	N_dis	(800, 618)	True	205105	206733	up	(800, 450)	practice
6	jn	f	19	1	diamond	none	same	vert	up	N_dis	(918, 568)	True	207800	209885	up	(800, 450)	practice
6	jn	f	19	1	circle	none	dif	hori	left	N_dis	(632, 450)	True	211002	212188	left	(800, 450)	practice
6	jn	f	19	1	circle	none	dif	vert	up	N_dis	(681, 568)	True	213239	214525	up	(800, 450)	practice
6	jn	f	19	1	circle	green	dif	vert	up	(681, 568)	(800, 282)	True	215798	217789	up	(800, 450)	practice
6	jn	f	19	1	diamond	green	same	vert	up	(681, 568)	(681, 331)	True	219000	221388	up	(800, 450)	practice
6	jn	f	19	1	circle	green	dif	hori	left	(681, 568)	(681, 331)	True	222434	224557	left	(800, 450)	practice
6	jn	f	19	1	circle	red	dif	vert	up	(681, 568)	(918, 568)	True	225780	227693	up	(800, 450)	practice
6	jn	f	19	1	circle	green	same	vert	up	(681, 568)	(681, 331)	True	228824	230444	up	(800, 450)	practice
6	jn	f	19	1	diamond	green	same	vert	up	(681, 568)	(632, 450)	True	231552	233212	up	(800, 450)	practice
6	jn	f	19	1	circle	green	same	hori	left	(681, 568)	(918, 331)	True	234460	236701	left	(800, 450)	practice
6	jn	f	19	1	circle	none	same	vert	up	N_dis	(681, 568)	True	237770	239821	up	(800, 450)	practice
6	jn	f	19	1	diamond	none	same	hori	left	N_dis	(681, 568)	True	241075	243533	left	(800, 450)	practice
6	jn	f	19	1	diamond	green	dif	hori	left	(681, 568)	(918, 568)	True	244816	246525	left	(800, 450)	practice
6	jn	f	19	1	diamond	none	same	vert	up	N_dis	(800, 618)	True	247596	249356	up	(800, 450)	practice
6	jn	f	19	1	circle	red	dif	vert	up	(681, 568)	(918, 568)	True	250425	253132	up	(800, 450)	practice
6	jn	f	19	1	circle	none	same	hori	left	N_dis	(681, 331)	True	254307	255308	left	(800, 450)	practice
6	jn	f	19	1	circle	red	dif	hori	left	(681, 568)	(632, 450)	True	256434	258493	left	(800, 450)	practice
6	jn	f	19	1	circle	red	same	vert	up	(681, 568)	(800, 282)	True	259659	261597	up	(800, 450)	practice
6	jn	f	19	1	diamond	green	same	hori	left	(681, 568)	(968, 450)	True	262692	264044	left	(800, 450)	practice
6	jn	f	19	1	diamond	red	dif	vert	up	(681, 568)	(918, 568)	True	265196	266669	up	(800, 450)	practice
6	jn	f	19	1	circle	red	dif	hori	left	(681, 568)	(800, 282)	True	267913	269853	left	(800, 450)	practice
6	jn	f	19	1	circle	none	same	hori	left	N_dis	(918, 331)	True	271007	272669	left	(800, 450)	practice
6	jn	f	19	1	circle	red	same	vert	up	(681, 568)	(918, 331)	True	273762	275116	up	(800, 450)	practice
6	jn	f	19	1	circle	red	same	hori	left	(800, 282)	(681, 331)	True	314209	315917	left	(800, 450)	testing
6	jn	f	19	1	circle	green	same	vert	up	(681, 568)	(681, 331)	True	316984	319758	up	(800, 450)	testing
6	jn	f	19	1	diamond	none	same	vert	up	N_dis	(918, 568)	True	320884	322957	up	(800, 450)	testing
6	jn	f	19	1	circle	red	dif	vert	up	(968, 450)	(918, 331)	True	324119	326444	up	(800, 450)	testing
6	jn	f	19	1	circle	green	dif	hori	left	(918, 331)	(681, 331)	True	327658	328813	left	(800, 450)	testing
6	jn	f	19	1	circle	green	dif	vert	up	(681, 568)	(632, 450)	True	329872	331917	up	(800, 450)	testing
6	jn	f	19	1	circle	red	same	vert	up	(681, 568)	(918, 331)	True	333078	334364	up	(800, 450)	testing
6	jn	f	19	1	circle	green	dif	hori	left	(681, 568)	(681, 331)	True	335473	336845	left	(800, 450)	testing
6	jn	f	19	1	diamond	green	dif	hori	left	(800, 282)	(800, 618)	True	338074	340268	left	(800, 450)	testing
6	jn	f	19	1	diamond	green	dif	vert	up	(918, 568)	(800, 618)	True	341541	342813	up	(800, 450)	testing
6	jn	f	19	1	diamond	red	same	vert	up	(681, 568)	(800, 618)	True	344083	346188	up	(800, 450)	testing
6	jn	f	19	1	circle	red	dif	hori	left	(800, 282)	(918, 331)	True	347282	348941	left	(800, 450)	testing
6	jn	f	19	1	diamond	red	dif	hori	left	(681, 568)	(632, 450)	True	350175	352300	left	(800, 450)	testing
6	jn	f	19	1	diamond	none	dif	hori	left	N_dis	(918, 331)	True	353434	356157	left	(800, 450)	testing
6	jn	f	19	1	circle	red	same	vert	up	(681, 568)	(681, 331)	True	357332	359212	up	(800, 450)	testing
6	jn	f	19	1	circle	red	same	hori	left	(681, 568)	(918, 331)	True	360389	361533	left	(800, 450)	testing
6	jn	f	19	1	circle	none	same	hori	left	N_dis	(800, 282)	True	362662	365372	left	(800, 450)	testing
6	jn	f	19	1	diamond	green	dif	hori	left	(681, 568)	(918, 568)	True	366477	367901	left	(800, 450)	testing
6	jn	f	19	1	diamond	none	dif	hori	left	N_dis	(800, 282)	True	368958	371645	left	(800, 450)	testing
6	jn	f	19	1	diamond	none	same	vert	up	N_dis	(800, 618)	True	372691	374348	up	(800, 450)	testing
6	jn	f	19	1	diamond	green	dif	hori	left	(681, 568)	(918, 568)	True	375609	376910	left	(800, 450)	testing
6	jn	f	19	1	diamond	red	dif	vert	up	(968, 450)	(681, 331)	True	378150	379581	left	(800, 450)	testing
6	jn	f	19	1	circle	green	dif	vert	up	(681, 568)	(800, 282)	True	382360	384829	up	(800, 450)	testing
6	jn	f	19	1	diamond	green	dif	vert	up	(681, 331)	(918, 568)	True	386016	388396	up	(800, 450)	testing
6	jn	f	19	1	diamond	none	same	hori	left	N_dis	(918, 568)	False	389574	None	None	(800, 450)	testing
6	jn	f	19	1	diamond	green	dif	vert	up	(918, 331)	(800, 618)	True	395269	396541	up	(800, 450)	testing
6	jn	f	19	1	diamond	none	dif	vert	up	N_dis	(800, 618)	True	397657	398909	up	(800, 450)	testing
6	jn	f	19	1	diamond	green	same	hori	left	(681, 568)	(968, 450)	True	400126	401517	left	(800, 450)	testing
6	jn	f	19	1	circle	green	same	hori	left	(681, 568)	(968, 450)	True	402760	404188	left	(800, 450)	testing
6	jn	f	19	1	diamond	red	same	hori	left	(681, 568)	(918, 331)	True	405469	407148	left	(800, 450)	testing
6	jn	f	19	1	circle	none	dif	hori	left	N_dis	(632, 450)	True	408400	409805	left	(800, 450)	testing
6	jn	f	19	1	circle	none	same	hori	left	N_dis	(918, 331)	True	410876	412380	left	(800, 450)	testing
6	jn	f	19	1	circle	red	same	hori	left	(800, 282)	(632, 450)	True	413608	414829	left	(800, 450)	testing
6	jn	f	19	1	circle	none	same	hori	left	N_dis	(681, 331)	True	415983	417853	left	(800, 450)	testing
6	jn	f	19	1	circle	green	dif	vert	up	(918, 331)	(968, 450)	True	418977	421741	up	(800, 450)	testing
6	jn	f	19	1	diamond	green	same	vert	up	(681, 568)	(681, 331)	True	422906	424701	up	(800, 450)	testing
6	jn	f	19	1	circle	red	dif	hori	left	(681, 568)	(632, 450)	True	425852	427469	left	(800, 450)	testing
6	jn	f	19	1	diamond	red	same	hori	left	(681, 568)	(968, 450)	True	428555	430044	left	(800, 450)	testing
6	jn	f	19	1	circle	red	same	vert	up	(681, 568)	(800, 282)	True	431180	434156	up	(800, 450)	testing
6	jn	f	19	1	diamond	red	dif	vert	up	(968, 450)	(918, 331)	True	435349	438060	up	(800, 450)	testing
6	jn	f	19	1	diamond	none	same	hori	left	N_dis	(681, 331)	True	439200	440877	left	(800, 450)	testing
6	jn	f	19	1	diamond	red	dif	vert	up	(800, 618)	(681, 331)	True	442154	443981	up	(800, 450)	testing
6	jn	f	19	1	circle	red	dif	vert	up	(681, 568)	(918, 331)	True	445035	446781	up	(800, 450)	testing
6	jn	f	19	1	diamond	none	dif	vert	up	N_dis	(632, 450)	True	447941	450477	up	(800, 450)	testing
6	jn	f	19	1	diamond	none	same	vert	up	N_dis	(968, 450)	True	451557	452765	up	(800, 450)	testing
6	jn	f	19	1	diamond	red	same	vert	up	(681, 568)	(968, 450)	True	454036	455404	up	(800, 450)	testing
6	jn	f	19	1	diamond	green	same	vert	up	(681, 331)	(918, 568)	True	456449	458461	up	(800, 450)	testing
6	jn	f	19	1	diamond	red	dif	hori	left	(632, 450)	(800, 618)	True	459593	461068	left	(800, 450)	testing
6	jn	f	19	1	circle	green	dif	vert	up	(681, 568)	(918, 331)	True	462169	464605	up	(800, 450)	testing
6	jn	f	19	1	circle	none	dif	vert	up	N_dis	(918, 568)	True	465779	466877	up	(800, 450)	testing
6	jn	f	19	1	circle	none	dif	hori	left	N_dis	(918, 331)	True	467959	469308	left	(800, 450)	testing
6	jn	f	19	1	diamond	red	same	hori	left	(681, 568)	(968, 450)	True	470499	472124	left	(800, 450)	testing
6	jn	f	19	1	diamond	none	dif	vert	up	N_dis	(681, 568)	True	473285	475244	up	(800, 450)	testing
6	jn	f	19	1	circle	red	same	vert	up	(681, 568)	(918, 331)	True	476313	478509	up	(800, 450)	testing
6	jn	f	19	1	diamond	green	same	vert	up	(800, 618)	(800, 282)	True	479700	481965	up	(800, 450)	testing
6	jn	f	19	1	circle	none	same	hori	left	N_dis	(918, 331)	True	483078	484444	left	(800, 450)	testing
6	jn	f	19	1	diamond	red	dif	vert	up	(681, 568)	(681, 331)	True	485533	487052	up	(800, 450)	testing
6	jn	f	19	1	diamond	none	dif	hori	left	N_dis	(800, 618)	True	488260	489372	left	(800, 450)	testing
6	jn	f	19	1	diamond	none	same	hori	left	N_dis	(632, 450)	True	490532	493004	left	(800, 450)	testing
6	jn	f	19	1	circle	none	same	vert	up	N_dis	(800, 618)	True	494219	495436	up	(800, 450)	testing
6	jn	f	19	1	diamond	none	dif	vert	up	N_dis	(968, 450)	True	496593	498893	up	(800, 450)	testing
6	jn	f	19	1	circle	red	dif	hori	left	(918, 331)	(800, 282)	True	500000	501965	left	(800, 450)	testing
6	jn	f	19	1	diamond	green	dif	hori	left	(681, 568)	(918, 331)	True	503051	504525	left	(800, 450)	testing
6	jn	f	19	1	diamond	green	same	hori	left	(681, 568)	(800, 618)	True	505785	508589	left	(800, 450)	testing
6	jn	f	19	1	circle	none	same	vert	up	N_dis	(918, 568)	True	509692	511773	left	(800, 450)	testing
6	jn	f	19	1	diamond	red	dif	vert	up	(681, 568)	(918, 568)	True	514502	516621	up	(800, 450)	testing
6	jn	f	19	1	circle	red	dif	hori	left	(681, 568)	(800, 282)	True	517899	519340	left	(800, 450)	testing
6	jn	f	19	1	diamond	none	dif	vert	up	N_dis	(800, 618)	False	520404	None	None	(800, 450)	testing
6	jn	f	19	1	circle	red	dif	vert	up	(681, 568)	(918, 568)	True	526166	527853	up	(800, 450)	testing
6	jn	f	19	1	circle	green	dif	hori	left	(681, 568)	(918, 331)	True	528944	530380	left	(800, 450)	testing
6	jn	f	19	1	circle	green	same	vert	up	(918, 568)	(918, 331)	True	531488	532733	up	(800, 450)	testing
6	jn	f	19	1	circle	none	same	vert	up	N_dis	(800, 282)	True	533969	535148	up	(800, 450)	testing
6	jn	f	19	1	circle	green	same	vert	up	(681, 568)	(800, 282)	True	536430	537662	up	(800, 450)	testing
6	jn	f	19	1	diamond	green	dif	hori	left	(681, 331)	(800, 282)	True	538710	541020	left	(800, 450)	testing
6	jn	f	19	1	circle	green	same	hori	left	(681, 568)	(800, 282)	True	542081	543757	left	(800, 450)	testing
6	jn	f	19	1	circle	green	same	hori	left	(681, 568)	(918, 331)	True	545018	546557	left	(800, 450)	testing
6	jn	f	19	1	circle	green	dif	hori	left	(681, 568)	(968, 450)	True	547824	548877	left	(800, 450)	testing
6	jn	f	19	1	diamond	red	same	vert	up	(632, 450)	(800, 618)	True	550075	551693	up	(800, 450)	testing
6	jn	f	19	1	circle	none	same	vert	up	N_dis	(681, 331)	True	552879	554268	up	(800, 450)	testing
6	jn	f	19	1	circle	green	same	vert	up	(968, 450)	(800, 618)	True	555541	557581	up	(800, 450)	testing
6	jn	f	19	1	diamond	green	same	hori	left	(681, 568)	(800, 282)	True	558720	560685	left	(800, 450)	testing
6	jn	f	19	1	circle	green	dif	hori	left	(681, 568)	(800, 618)	True	561812	563340	left	(800, 450)	testing
6	jn	f	19	1	circle	none	dif	hori	left	N_dis	(800, 282)	True	564458	565469	left	(800, 450)	testing
6	jn	f	19	1	circle	none	same	vert	up	N_dis	(681, 568)	True	566709	567965	up	(800, 450)	testing
6	jn	f	19	1	diamond	none	dif	hori	left	N_dis	(918, 568)	True	569248	570621	left	(800, 450)	testing
6	jn	f	19	1	circle	none	dif	vert	up	N_dis	(800, 282)	True	571877	573308	up	(800, 450)	testing
6	jn	f	19	1	diamond	green	dif	vert	up	(681, 568)	(632, 450)	True	574523	576396	left	(800, 450)	testing
6	jn	f	19	1	circle	green	same	hori	left	(681, 331)	(800, 282)	True	579057	580204	left	(800, 450)	testing
6	jn	f	19	1	circle	none	dif	hori	left	N_dis	(632, 450)	True	581451	582444	left	(800, 450)	testing
6	jn	f	19	1	diamond	none	dif	hori	left	N_dis	(968, 450)	True	583613	585052	left	(800, 450)	testing
6	jn	f	19	1	circle	none	dif	vert	up	N_dis	(918, 331)	True	586268	588236	up	(800, 450)	testing
6	jn	f	19	1	circle	red	dif	hori	left	(632, 450)	(968, 450)	True	589403	590685	left	(800, 450)	testing
6	jn	f	19	1	circle	green	same	vert	up	(681, 568)	(681, 331)	True	591880	593629	up	(800, 450)	testing
6	jn	f	19	1	circle	none	same	hori	left	N_dis	(632, 450)	True	594876	595837	left	(800, 450)	testing
6	jn	f	19	1	circle	red	same	vert	up	(681, 568)	(800, 618)	True	597011	598509	up	(800, 450)	testing
6	jn	f	19	1	diamond	red	same	hori	left	(800, 618)	(918, 331)	True	599780	601180	left	(800, 450)	testing
6	jn	f	19	1	circle	red	same	hori	left	(681, 568)	(800, 618)	True	602283	603709	left	(800, 450)	testing
6	jn	f	19	1	circle	none	dif	hori	left	N_dis	(681, 568)	True	604917	606060	left	(800, 450)	testing
6	jn	f	19	1	diamond	red	same	vert	up	(918, 568)	(681, 331)	True	607209	608941	up	(800, 450)	testing
6	jn	f	19	1	diamond	green	dif	vert	up	(681, 568)	(918, 568)	True	610171	612012	up	(800, 450)	testing
6	jn	f	19	1	circle	red	dif	vert	up	(681, 568)	(918, 568)	True	613147	614525	up	(800, 450)	testing
6	jn	f	19	1	diamond	none	same	vert	up	N_dis	(681, 331)	True	615770	617100	up	(800, 450)	testing
6	jn	f	19	1	diamond	none	same	vert	up	N_dis	(681, 331)	True	618225	619036	up	(800, 450)	testing
6	jn	f	19	1	diamond	red	dif	hori	left	(681, 568)	(681, 331)	True	620165	621453	left	(800, 450)	testing
6	jn	f	19	1	diamond	red	dif	hori	left	(681, 568)	(968, 450)	True	622724	624204	left	(800, 450)	testing
6	jn	f	19	1	circle	none	dif	vert	up	N_dis	(968, 450)	True	625377	626733	up	(800, 450)	testing
6	jn	f	19	1	diamond	red	same	vert	up	(681, 568)	(918, 568)	True	627930	629036	up	(800, 450)	testing
6	jn	f	19	1	circle	green	dif	vert	up	(681, 568)	(918, 331)	True	630262	631469	up	(800, 450)	testing
6	jn	f	19	1	diamond	green	same	vert	up	(681, 568)	(632, 450)	True	632663	633917	up	(800, 450)	testing
6	jn	f	19	1	diamond	red	same	hori	left	(918, 568)	(632, 450)	True	635197	636733	left	(800, 450)	testing
6	jn	f	19	1	diamond	red	dif	hori	left	(681, 568)	(632, 450)	True	637816	638893	left	(800, 450)	testing
6	jn	f	19	1	circle	none	dif	vert	up	N_dis	(681, 568)	True	640088	641454	up	(800, 450)	testing
6	jn	f	19	1	diamond	none	same	hori	left	N_dis	(968, 450)	True	642581	644156	left	(800, 450)	testing
6	jn	f	19	1	circle	red	same	hori	left	(800, 618)	(632, 450)	True	645249	647228	left	(800, 450)	testing
6	jn	f	19	1	diamond	green	same	hori	left	(681, 568)	(800, 282)	True	648467	649997	left	(800, 450)	testing
6	jn	f	19	1	circle	red	dif	vert	up	(681, 568)	(800, 618)	True	651270	652332	up	(800, 450)	testing
6	jn	f	19	1	diamond	green	same	vert	up	(681, 568)	(800, 618)	True	653549	655292	up	(800, 450)	testing
6	jn	f	19	1	diamond	none	same	hori	left	N_dis	(681, 568)	True	656510	658749	left	(800, 450)	testing
6	jn	f	19	1	diamond	green	same	hori	left	(681, 568)	(632, 450)	True	659987	661356	left	(800, 450)	testing
6	jn	f	19	1	circle	green	same	hori	left	(632, 450)	(918, 568)	True	662426	663517	left	(800, 450)	testing
