subj	name	gender	age	runNum	shape	dist	td_dif	resp	resp_key	d_loc	t_loc	gotKey	startTime	respTime	resp	fix_loc	prac
6	jn	f	19	5	diamond	red	same	vert	up	(918, 331)	(800, 618)	True	55504	57580	up	(800, 450)	testing
6	jn	f	19	5	circle	red	dif	vert	up	(918, 331)	(681, 568)	True	58807	59805	up	(800, 450)	testing
6	jn	f	19	5	diamond	green	same	hori	left	(968, 450)	(800, 618)	True	61008	63052	left	(800, 450)	testing
6	jn	f	19	5	diamond	green	same	vert	up	(968, 450)	(681, 331)	True	64332	65660	up	(800, 450)	testing
6	jn	f	19	5	circle	red	same	hori	left	(968, 450)	(681, 568)	True	66928	67949	left	(800, 450)	testing
6	jn	f	19	5	diamond	none	dif	vert	up	N_dis	(918, 568)	True	69062	70252	up	(800, 450)	testing
6	jn	f	19	5	diamond	red	same	vert	up	(968, 450)	(918, 331)	True	71400	72749	up	(800, 450)	testing
6	jn	f	19	5	diamond	green	same	hori	left	(632, 450)	(681, 568)	True	73983	75580	left	(800, 450)	testing
6	jn	f	19	5	diamond	red	same	vert	up	(681, 568)	(800, 282)	True	76810	78508	up	(800, 450)	testing
6	jn	f	19	5	circle	green	dif	vert	up	(681, 568)	(800, 282)	True	79651	81276	up	(800, 450)	testing
6	jn	f	19	5	diamond	red	same	hori	left	(968, 450)	(800, 618)	True	82431	83660	left	(800, 450)	testing
6	jn	f	19	5	circle	none	same	vert	up	N_dis	(918, 568)	True	84858	86909	up	(800, 450)	testing
6	jn	f	19	5	diamond	none	same	hori	left	N_dis	(918, 331)	True	88131	89724	left	(800, 450)	testing
6	jn	f	19	5	diamond	none	dif	hori	left	N_dis	(681, 331)	True	90982	92492	left	(800, 450)	testing
6	jn	f	19	5	diamond	none	dif	vert	up	N_dis	(800, 282)	True	93563	95244	up	(800, 450)	testing
6	jn	f	19	5	diamond	red	dif	hori	left	(968, 450)	(632, 450)	True	96484	98348	left	(800, 450)	testing
6	jn	f	19	5	diamond	green	dif	vert	up	(800, 282)	(681, 568)	True	99616	100877	up	(800, 450)	testing
6	jn	f	19	5	circle	none	same	vert	up	N_dis	(681, 331)	True	102040	103324	up	(800, 450)	testing
6	jn	f	19	5	diamond	none	dif	hori	left	N_dis	(918, 331)	True	104561	107036	left	(800, 450)	testing
6	jn	f	19	5	diamond	red	dif	vert	up	(968, 450)	(918, 568)	True	108318	109548	up	(800, 450)	testing
6	jn	f	19	5	diamond	red	same	hori	left	(968, 450)	(681, 331)	True	110613	112508	left	(800, 450)	testing
6	jn	f	19	5	circle	none	dif	hori	left	N_dis	(968, 450)	True	113719	115084	left	(800, 450)	testing
6	jn	f	19	5	circle	green	same	hori	left	(681, 331)	(681, 568)	True	116365	117484	left	(800, 450)	testing
6	jn	f	19	5	diamond	green	same	vert	up	(681, 568)	(918, 568)	True	118635	119596	up	(800, 450)	testing
6	jn	f	19	5	diamond	red	same	vert	up	(968, 450)	(800, 282)	True	120825	122684	up	(800, 450)	testing
6	jn	f	19	5	circle	green	dif	hori	left	(968, 450)	(632, 450)	True	123730	124733	left	(800, 450)	testing
6	jn	f	19	5	diamond	green	dif	vert	up	(968, 450)	(918, 331)	True	125905	127004	up	(800, 450)	testing
6	jn	f	19	5	diamond	green	dif	vert	up	(968, 450)	(681, 331)	True	128186	129580	up	(800, 450)	testing
6	jn	f	19	5	circle	red	dif	vert	up	(968, 450)	(800, 282)	True	130795	132428	up	(800, 450)	testing
6	jn	f	19	5	circle	red	dif	hori	left	(681, 568)	(800, 618)	True	133492	134668	left	(800, 450)	testing
6	jn	f	19	5	diamond	green	dif	hori	left	(968, 450)	(800, 282)	True	135892	137516	left	(800, 450)	testing
6	jn	f	19	5	circle	red	same	vert	up	(968, 450)	(918, 331)	True	138568	139885	up	(800, 450)	testing
6	jn	f	19	5	diamond	red	same	hori	left	(968, 450)	(632, 450)	True	141082	142172	left	(800, 450)	testing
6	jn	f	19	5	diamond	none	same	vert	up	N_dis	(681, 568)	True	143338	144684	up	(800, 450)	testing
6	jn	f	19	5	circle	none	same	hori	left	N_dis	(681, 568)	True	145898	146989	left	(800, 450)	testing
6	jn	f	19	5	circle	green	same	vert	up	(968, 450)	(800, 282)	True	148159	149276	up	(800, 450)	testing
6	jn	f	19	5	diamond	red	dif	hori	left	(968, 450)	(632, 450)	True	150442	151660	left	(800, 450)	testing
6	jn	f	19	5	circle	green	same	vert	up	(918, 568)	(800, 282)	True	152806	153708	up	(800, 450)	testing
6	jn	f	19	5	diamond	none	same	vert	up	N_dis	(681, 331)	True	154777	157180	up	(800, 450)	testing
6	jn	f	19	5	circle	red	same	hori	left	(632, 450)	(800, 618)	True	158303	159308	left	(800, 450)	testing
6	jn	f	19	5	diamond	red	dif	vert	up	(968, 450)	(918, 568)	True	160361	161484	up	(800, 450)	testing
6	jn	f	19	5	diamond	none	dif	vert	up	N_dis	(681, 568)	True	162749	164012	up	(800, 450)	testing
6	jn	f	19	5	diamond	green	same	hori	left	(968, 450)	(681, 568)	True	165236	167308	left	(800, 450)	testing
6	jn	f	19	5	diamond	none	same	vert	up	N_dis	(918, 568)	True	168466	169564	up	(800, 450)	testing
6	jn	f	19	5	diamond	red	dif	vert	up	(918, 568)	(681, 331)	True	170625	171564	up	(800, 450)	testing
6	jn	f	19	5	diamond	red	same	vert	up	(968, 450)	(681, 568)	True	172728	173757	up	(800, 450)	testing
6	jn	f	19	5	diamond	none	dif	vert	up	N_dis	(918, 568)	True	175017	175773	up	(800, 450)	testing
6	jn	f	19	5	diamond	green	same	vert	up	(968, 450)	(918, 568)	True	176967	178412	up	(800, 450)	testing
6	jn	f	19	5	diamond	green	dif	hori	left	(968, 450)	(632, 450)	True	179496	180556	left	(800, 450)	testing
6	jn	f	19	5	circle	none	dif	vert	up	N_dis	(632, 450)	True	181694	183660	up	(800, 450)	testing
6	jn	f	19	5	diamond	none	dif	vert	up	N_dis	(968, 450)	True	184788	185869	up	(800, 450)	testing
6	jn	f	19	5	diamond	green	same	hori	left	(968, 450)	(800, 282)	True	187045	188813	left	(800, 450)	testing
6	jn	f	19	5	diamond	none	same	hori	left	N_dis	(800, 618)	True	189874	191660	left	(800, 450)	testing
6	jn	f	19	5	circle	green	dif	vert	up	(968, 450)	(918, 331)	True	192762	194540	up	(800, 450)	testing
6	jn	f	19	5	diamond	red	dif	hori	left	(968, 450)	(681, 331)	True	195679	197580	left	(800, 450)	testing
6	jn	f	19	5	circle	none	same	hori	left	N_dis	(968, 450)	True	198837	200829	left	(800, 450)	testing
6	jn	f	19	5	circle	none	dif	vert	up	N_dis	(681, 568)	True	202023	203084	up	(800, 450)	testing
6	jn	f	19	5	diamond	red	dif	hori	left	(968, 450)	(800, 618)	True	204141	205340	left	(800, 450)	testing
6	jn	f	19	5	circle	green	dif	hori	left	(968, 450)	(918, 568)	True	206442	207933	left	(800, 450)	testing
6	jn	f	19	5	circle	none	dif	hori	left	N_dis	(800, 282)	True	209209	210588	left	(800, 450)	testing
6	jn	f	19	5	circle	green	dif	vert	up	(968, 450)	(632, 450)	True	211754	212813	up	(800, 450)	testing
6	jn	f	19	5	circle	red	same	vert	up	(968, 450)	(681, 568)	True	214000	215196	up	(800, 450)	testing
6	jn	f	19	5	diamond	none	same	hori	left	N_dis	(918, 568)	True	216310	218396	left	(800, 450)	testing
6	jn	f	19	5	circle	green	dif	hori	left	(968, 450)	(681, 568)	True	219672	220797	left	(800, 450)	testing
6	jn	f	19	5	diamond	red	dif	hori	left	(681, 331)	(681, 568)	True	221917	223724	left	(800, 450)	testing
6	jn	f	19	5	diamond	green	dif	hori	left	(800, 618)	(918, 331)	True	224956	226236	left	(800, 450)	testing
6	jn	f	19	5	diamond	red	same	hori	left	(800, 282)	(800, 618)	True	227291	228316	left	(800, 450)	testing
6	jn	f	19	5	circle	none	same	vert	up	N_dis	(681, 331)	True	229504	230444	up	(800, 450)	testing
6	jn	f	19	5	circle	red	dif	hori	left	(968, 450)	(681, 568)	True	231564	232524	left	(800, 450)	testing
6	jn	f	19	5	circle	none	dif	vert	up	N_dis	(800, 282)	True	233588	235356	up	(800, 450)	testing
6	jn	f	19	5	diamond	none	dif	hori	left	N_dis	(918, 331)	True	236455	237676	left	(800, 450)	testing
6	jn	f	19	5	circle	green	dif	vert	up	(968, 450)	(681, 331)	True	238804	239773	up	(800, 450)	testing
6	jn	f	19	5	circle	none	same	hori	left	N_dis	(800, 618)	True	240881	242444	left	(800, 450)	testing
6	jn	f	19	5	diamond	none	same	hori	left	N_dis	(681, 331)	True	243612	245100	left	(800, 450)	testing
6	jn	f	19	5	circle	red	same	hori	left	(968, 450)	(632, 450)	True	246215	247212	left	(800, 450)	testing
6	jn	f	19	5	circle	green	same	vert	up	(968, 450)	(800, 618)	True	248481	249628	up	(800, 450)	testing
6	jn	f	19	5	circle	red	dif	hori	left	(800, 282)	(918, 331)	True	250833	251917	left	(800, 450)	testing
6	jn	f	19	5	diamond	green	dif	hori	left	(968, 450)	(800, 618)	True	252998	254156	left	(800, 450)	testing
6	jn	f	19	5	circle	none	dif	hori	left	N_dis	(800, 618)	True	255382	256252	left	(800, 450)	testing
6	jn	f	19	5	diamond	none	dif	hori	left	N_dis	(968, 450)	True	257414	258797	left	(800, 450)	testing
6	jn	f	19	5	circle	red	dif	vert	up	(918, 568)	(681, 568)	True	259971	260925	up	(800, 450)	testing
6	jn	f	19	5	circle	red	same	vert	up	(968, 450)	(918, 331)	True	261988	263212	up	(800, 450)	testing
6	jn	f	19	5	circle	green	dif	vert	up	(968, 450)	(632, 450)	True	264312	265372	up	(800, 450)	testing
6	jn	f	19	5	circle	red	same	hori	left	(681, 331)	(918, 568)	True	266616	267660	left	(800, 450)	testing
6	jn	f	19	5	circle	red	same	hori	left	(800, 618)	(800, 282)	True	268897	270524	left	(800, 450)	testing
6	jn	f	19	5	circle	red	dif	vert	up	(681, 331)	(632, 450)	True	271758	272733	up	(800, 450)	testing
6	jn	f	19	5	circle	none	dif	hori	left	N_dis	(632, 450)	True	273895	275404	left	(800, 450)	testing
6	jn	f	19	5	diamond	none	dif	hori	left	N_dis	(632, 450)	True	276668	277917	left	(800, 450)	testing
6	jn	f	19	5	circle	green	dif	hori	left	(968, 450)	(800, 618)	True	279025	280252	left	(800, 450)	testing
6	jn	f	19	5	circle	none	same	vert	up	N_dis	(918, 331)	True	281505	282444	up	(800, 450)	testing
6	jn	f	19	5	circle	green	same	hori	left	(918, 331)	(681, 568)	True	283690	285500	left	(800, 450)	testing
6	jn	f	19	5	diamond	none	same	vert	up	N_dis	(632, 450)	True	286760	287885	up	(800, 450)	testing
6	jn	f	19	5	diamond	none	same	hori	left	N_dis	(800, 282)	True	289010	290716	left	(800, 450)	testing
6	jn	f	19	5	circle	red	dif	hori	left	(632, 450)	(681, 568)	True	291978	293228	left	(800, 450)	testing
6	jn	f	19	5	circle	green	same	hori	left	(968, 450)	(681, 568)	True	294421	296588	left	(800, 450)	testing
6	jn	f	19	5	circle	red	same	vert	up	(800, 618)	(918, 331)	True	297835	298716	up	(800, 450)	testing
6	jn	f	19	5	diamond	red	dif	vert	up	(918, 568)	(632, 450)	True	299804	300957	up	(800, 450)	testing
6	jn	f	19	5	circle	none	same	hori	left	N_dis	(800, 618)	True	302108	302957	left	(800, 450)	testing
6	jn	f	19	5	circle	none	dif	hori	left	N_dis	(800, 618)	True	304150	305388	left	(800, 450)	testing
6	jn	f	19	5	diamond	green	same	hori	left	(800, 282)	(632, 450)	True	306676	307997	left	(800, 450)	testing
6	jn	f	19	5	diamond	green	dif	hori	left	(800, 618)	(681, 331)	True	309113	310765	left	(800, 450)	testing
6	jn	f	19	5	circle	none	same	hori	left	N_dis	(632, 450)	True	311854	313068	left	(800, 450)	testing
6	jn	f	19	5	circle	green	same	hori	left	(968, 450)	(800, 282)	True	314262	316268	left	(800, 450)	testing
6	jn	f	19	5	circle	none	dif	vert	up	N_dis	(681, 568)	True	317522	318749	up	(800, 450)	testing
6	jn	f	19	5	circle	red	dif	vert	up	(968, 450)	(681, 331)	True	319980	321420	up	(800, 450)	testing
6	jn	f	19	5	diamond	red	dif	vert	up	(968, 450)	(918, 331)	True	322693	324572	up	(800, 450)	testing
6	jn	f	19	5	diamond	green	dif	vert	up	(968, 450)	(918, 568)	True	325739	327068	up	(800, 450)	testing
6	jn	f	19	5	diamond	green	same	vert	up	(632, 450)	(918, 331)	True	328187	329164	up	(800, 450)	testing
6	jn	f	19	5	diamond	none	same	vert	up	N_dis	(968, 450)	True	330418	331660	up	(800, 450)	testing
6	jn	f	19	5	circle	green	same	hori	left	(968, 450)	(918, 568)	True	332853	334156	left	(800, 450)	testing
6	jn	f	19	5	circle	red	same	vert	up	(968, 450)	(918, 568)	True	335298	336476	up	(800, 450)	testing
6	jn	f	19	5	diamond	red	same	hori	left	(968, 450)	(918, 331)	True	337611	338797	left	(800, 450)	testing
6	jn	f	19	5	circle	green	same	vert	up	(968, 450)	(800, 618)	True	339931	341068	up	(800, 450)	testing
6	jn	f	19	5	circle	green	dif	hori	left	(968, 450)	(681, 331)	True	342135	343084	left	(800, 450)	testing
6	jn	f	19	5	circle	green	same	vert	up	(968, 450)	(632, 450)	True	344348	345292	up	(800, 450)	testing
6	jn	f	19	5	diamond	green	same	vert	up	(968, 450)	(632, 450)	True	346449	347997	up	(800, 450)	testing
6	jn	f	19	5	circle	red	dif	hori	left	(968, 450)	(800, 282)	True	349272	350925	left	(800, 450)	testing
6	jn	f	19	5	diamond	green	dif	vert	up	(918, 331)	(681, 331)	True	352148	354044	up	(800, 450)	testing
6	jn	f	19	5	circle	none	dif	vert	up	N_dis	(800, 282)	True	355308	356909	up	(800, 450)	testing
6	jn	f	19	5	circle	none	same	vert	up	N_dis	(918, 331)	True	357986	359708	up	(800, 450)	testing
