subj	name	gender	age	runNum	shape	dist	td_dif	resp	resp_key	d_loc	t_loc	gotKey	startTime	respTime	resp	fix_loc	prac
6	jn	f	19	9	diamond	none	same	vert	up	N_dis	(800, 282)	True	37935	39164	up	(800, 450)	testing
6	jn	f	19	9	diamond	red	same	hori	left	(632, 450)	(681, 568)	True	40305	42124	left	(800, 450)	testing
6	jn	f	19	9	diamond	red	dif	vert	up	(800, 282)	(918, 568)	True	43394	44268	up	(800, 450)	testing
6	jn	f	19	9	diamond	green	same	vert	up	(681, 331)	(968, 450)	True	45355	46236	up	(800, 450)	testing
6	jn	f	19	9	circle	none	same	vert	up	N_dis	(918, 331)	True	47474	48860	up	(800, 450)	testing
6	jn	f	19	9	circle	red	same	hori	left	(968, 450)	(800, 618)	True	49977	50940	left	(800, 450)	testing
6	jn	f	19	9	diamond	red	dif	hori	left	(918, 331)	(681, 568)	True	52034	52973	left	(800, 450)	testing
6	jn	f	19	9	circle	red	dif	vert	up	(681, 331)	(632, 450)	True	54212	55613	up	(800, 450)	testing
6	jn	f	19	9	diamond	green	same	hori	left	(681, 331)	(918, 568)	True	56859	57852	left	(800, 450)	testing
6	jn	f	19	9	circle	none	dif	vert	up	N_dis	(918, 331)	True	59008	60124	up	(800, 450)	testing
6	jn	f	19	9	diamond	none	dif	vert	up	N_dis	(681, 568)	True	61417	62396	up	(800, 450)	testing
6	jn	f	19	9	diamond	red	dif	hori	left	(968, 450)	(800, 282)	True	63496	64684	left	(800, 450)	testing
6	jn	f	19	9	circle	none	dif	hori	left	N_dis	(681, 568)	True	65765	66892	left	(800, 450)	testing
6	jn	f	19	9	circle	none	same	vert	up	N_dis	(918, 568)	True	68071	68924	up	(800, 450)	testing
6	jn	f	19	9	circle	none	same	hori	left	N_dis	(968, 450)	True	70217	71117	left	(800, 450)	testing
6	jn	f	19	9	diamond	none	same	vert	up	N_dis	(918, 568)	True	72187	73132	up	(800, 450)	testing
6	jn	f	19	9	circle	none	dif	hori	left	N_dis	(800, 618)	True	74350	75612	left	(800, 450)	testing
6	jn	f	19	9	circle	none	dif	hori	left	N_dis	(800, 618)	True	76848	77740	left	(800, 450)	testing
6	jn	f	19	9	diamond	green	same	vert	up	(681, 331)	(918, 568)	True	78969	80492	up	(800, 450)	testing
6	jn	f	19	9	diamond	red	same	hori	left	(681, 331)	(918, 568)	True	81565	83164	left	(800, 450)	testing
6	jn	f	19	9	circle	green	dif	vert	up	(681, 331)	(918, 568)	True	84376	85500	up	(800, 450)	testing
6	jn	f	19	9	diamond	red	dif	vert	up	(681, 331)	(800, 282)	True	86774	88620	up	(800, 450)	testing
6	jn	f	19	9	diamond	red	same	vert	up	(681, 331)	(800, 282)	True	89726	91644	up	(800, 450)	testing
6	jn	f	19	9	diamond	green	dif	vert	up	(681, 331)	(681, 568)	True	92836	94764	up	(800, 450)	testing
6	jn	f	19	9	circle	green	dif	hori	left	(681, 331)	(632, 450)	True	95930	97036	left	(800, 450)	testing
6	jn	f	19	9	circle	red	same	hori	left	(800, 618)	(918, 331)	True	98187	99404	left	(800, 450)	testing
6	jn	f	19	9	circle	green	same	vert	up	(681, 331)	(918, 568)	True	100591	101420	up	(800, 450)	testing
6	jn	f	19	9	circle	none	dif	vert	up	N_dis	(632, 450)	True	102596	103740	up	(800, 450)	testing
6	jn	f	19	9	circle	none	same	hori	left	N_dis	(632, 450)	True	104861	106380	left	(800, 450)	testing
6	jn	f	19	9	circle	green	dif	hori	left	(681, 331)	(918, 331)	True	107486	108396	left	(800, 450)	testing
6	jn	f	19	9	diamond	red	same	vert	up	(800, 282)	(968, 450)	True	109512	110524	up	(800, 450)	testing
6	jn	f	19	9	diamond	none	dif	vert	up	N_dis	(918, 331)	True	111683	113596	up	(800, 450)	testing
6	jn	f	19	9	diamond	red	dif	vert	up	(681, 331)	(968, 450)	True	114707	115628	up	(800, 450)	testing
6	jn	f	19	9	diamond	green	same	hori	left	(632, 450)	(681, 568)	True	116678	117933	left	(800, 450)	testing
6	jn	f	19	9	diamond	green	dif	vert	up	(681, 331)	(800, 618)	True	119058	120172	up	(800, 450)	testing
6	jn	f	19	9	circle	none	dif	hori	left	N_dis	(918, 568)	True	121274	122044	left	(800, 450)	testing
6	jn	f	19	9	circle	green	same	hori	left	(632, 450)	(918, 568)	True	123181	124172	left	(800, 450)	testing
6	jn	f	19	9	circle	red	same	vert	up	(800, 282)	(918, 331)	True	125233	126492	up	(800, 450)	testing
6	jn	f	19	9	circle	green	same	hori	left	(681, 331)	(968, 450)	True	127569	128460	left	(800, 450)	testing
6	jn	f	19	9	circle	green	dif	hori	left	(681, 331)	(800, 618)	True	129713	130604	left	(800, 450)	testing
6	jn	f	19	9	diamond	red	dif	hori	left	(681, 331)	(918, 331)	True	131760	132989	left	(800, 450)	testing
6	jn	f	19	9	circle	red	same	hori	left	(918, 331)	(681, 568)	True	134099	135164	left	(800, 450)	testing
6	jn	f	19	9	circle	none	same	hori	left	N_dis	(800, 282)	True	136388	137981	left	(800, 450)	testing
6	jn	f	19	9	diamond	none	same	vert	up	N_dis	(681, 331)	True	139269	141852	up	(800, 450)	testing
6	jn	f	19	9	circle	red	dif	hori	left	(681, 331)	(918, 331)	True	143034	144108	left	(800, 450)	testing
6	jn	f	19	9	diamond	none	dif	vert	up	N_dis	(632, 450)	True	145381	146508	up	(800, 450)	testing
6	jn	f	19	9	diamond	green	dif	hori	left	(681, 331)	(681, 568)	True	147629	148732	left	(800, 450)	testing
6	jn	f	19	9	diamond	none	same	hori	left	N_dis	(800, 618)	True	149794	151036	left	(800, 450)	testing
6	jn	f	19	9	diamond	red	dif	hori	left	(681, 568)	(968, 450)	True	152185	153308	left	(800, 450)	testing
6	jn	f	19	9	circle	red	same	vert	up	(918, 331)	(968, 450)	True	154463	155612	up	(800, 450)	testing
6	jn	f	19	9	diamond	red	same	vert	up	(681, 331)	(800, 282)	True	156836	158700	up	(800, 450)	testing
6	jn	f	19	9	diamond	green	dif	hori	left	(681, 331)	(681, 568)	True	159961	161740	left	(800, 450)	testing
6	jn	f	19	9	circle	red	dif	vert	up	(800, 618)	(632, 450)	True	162989	164140	up	(800, 450)	testing
6	jn	f	19	9	diamond	none	dif	hori	left	N_dis	(681, 331)	True	165213	166940	left	(800, 450)	testing
6	jn	f	19	9	diamond	red	same	vert	up	(681, 331)	(800, 618)	True	168039	168973	up	(800, 450)	testing
6	jn	f	19	9	circle	green	dif	vert	up	(918, 568)	(632, 450)	True	170220	171612	up	(800, 450)	testing
6	jn	f	19	9	diamond	green	same	vert	up	(681, 331)	(918, 331)	True	172807	174076	up	(800, 450)	testing
6	jn	f	19	9	circle	none	dif	hori	left	N_dis	(800, 282)	True	175358	176604	left	(800, 450)	testing
6	jn	f	19	9	circle	none	dif	vert	up	N_dis	(681, 568)	True	177841	178876	up	(800, 450)	testing
6	jn	f	19	9	circle	green	same	hori	left	(681, 331)	(800, 618)	True	179919	180956	left	(800, 450)	testing
6	jn	f	19	9	diamond	green	dif	vert	up	(800, 282)	(800, 618)	True	182120	183116	up	(800, 450)	testing
6	jn	f	19	9	circle	red	dif	hori	left	(681, 331)	(632, 450)	True	184308	185196	left	(800, 450)	testing
6	jn	f	19	9	diamond	none	dif	hori	left	N_dis	(800, 282)	True	186297	187516	left	(800, 450)	testing
6	jn	f	19	9	circle	green	same	vert	up	(681, 331)	(800, 282)	True	188703	190732	up	(800, 450)	testing
6	jn	f	19	9	diamond	none	same	vert	up	N_dis	(918, 568)	True	191933	193292	up	(800, 450)	testing
6	jn	f	19	9	diamond	red	dif	hori	left	(681, 331)	(918, 568)	True	194498	195629	left	(800, 450)	testing
6	jn	f	19	9	circle	green	same	hori	left	(918, 568)	(632, 450)	True	196687	197548	left	(800, 450)	testing
6	jn	f	19	9	circle	red	dif	vert	up	(968, 450)	(918, 331)	True	198614	199644	up	(800, 450)	testing
6	jn	f	19	9	circle	red	dif	hori	left	(681, 331)	(918, 568)	True	200865	201836	left	(800, 450)	testing
6	jn	f	19	9	circle	red	same	hori	left	(918, 568)	(800, 282)	True	203063	204620	left	(800, 450)	testing
6	jn	f	19	9	circle	green	dif	vert	up	(681, 568)	(968, 450)	True	205802	206876	up	(800, 450)	testing
6	jn	f	19	9	circle	red	same	vert	up	(918, 331)	(681, 568)	True	208044	209084	up	(800, 450)	testing
6	jn	f	19	9	circle	none	same	vert	up	N_dis	(632, 450)	True	210378	211772	up	(800, 450)	testing
6	jn	f	19	9	circle	red	dif	hori	left	(681, 331)	(968, 450)	True	212886	213676	left	(800, 450)	testing
6	jn	f	19	9	diamond	red	same	hori	left	(968, 450)	(800, 618)	True	214777	216348	left	(800, 450)	testing
6	jn	f	19	9	circle	red	dif	hori	left	(681, 331)	(800, 282)	True	217481	218940	left	(800, 450)	testing
6	jn	f	19	9	circle	red	same	vert	up	(632, 450)	(800, 282)	True	220146	222124	up	(800, 450)	testing
6	jn	f	19	9	diamond	green	same	hori	left	(681, 331)	(681, 568)	True	223191	224428	left	(800, 450)	testing
6	jn	f	19	9	diamond	green	dif	hori	left	(918, 568)	(800, 618)	True	225543	227004	left	(800, 450)	testing
6	jn	f	19	9	diamond	none	dif	hori	left	N_dis	(681, 331)	True	228049	229468	left	(800, 450)	testing
6	jn	f	19	9	diamond	none	dif	hori	left	N_dis	(968, 450)	True	230563	231564	left	(800, 450)	testing
6	jn	f	19	9	circle	green	dif	hori	left	(681, 331)	(918, 331)	True	232678	233580	left	(800, 450)	testing
6	jn	f	19	9	circle	green	same	vert	up	(681, 331)	(918, 331)	True	234807	236156	up	(800, 450)	testing
6	jn	f	19	9	diamond	red	dif	vert	up	(681, 568)	(918, 568)	True	237280	238412	up	(800, 450)	testing
6	jn	f	19	9	diamond	red	same	hori	left	(681, 331)	(918, 568)	True	239494	241068	left	(800, 450)	testing
6	jn	f	19	9	diamond	none	same	hori	left	N_dis	(968, 450)	True	242322	243468	left	(800, 450)	testing
6	jn	f	19	9	diamond	none	dif	vert	up	N_dis	(681, 568)	True	244707	245836	up	(800, 450)	testing
6	jn	f	19	9	diamond	green	same	vert	up	(681, 331)	(681, 568)	True	246931	248044	up	(800, 450)	testing
6	jn	f	19	9	circle	red	same	hori	left	(681, 331)	(632, 450)	True	249178	250956	left	(800, 450)	testing
6	jn	f	19	9	circle	none	same	vert	up	N_dis	(918, 331)	True	252114	253036	up	(800, 450)	testing
6	jn	f	19	9	circle	red	same	vert	up	(800, 618)	(918, 331)	True	254102	255724	up	(800, 450)	testing
6	jn	f	19	9	diamond	red	same	hori	left	(681, 331)	(968, 450)	True	257011	258124	left	(800, 450)	testing
6	jn	f	19	9	diamond	none	same	hori	left	N_dis	(681, 568)	True	259267	260444	left	(800, 450)	testing
6	jn	f	19	9	circle	none	same	hori	left	N_dis	(968, 450)	True	261704	262957	left	(800, 450)	testing
6	jn	f	19	9	diamond	none	same	vert	up	N_dis	(918, 568)	True	264065	265820	up	(800, 450)	testing
6	jn	f	19	9	diamond	green	dif	hori	left	(681, 331)	(968, 450)	True	267000	267836	left	(800, 450)	testing
6	jn	f	19	9	diamond	green	same	vert	up	(681, 331)	(681, 568)	True	269122	270076	up	(800, 450)	testing
6	jn	f	19	9	circle	green	dif	vert	up	(681, 331)	(800, 282)	True	271269	272524	up	(800, 450)	testing
6	jn	f	19	9	circle	none	dif	vert	up	N_dis	(800, 618)	True	273792	275020	up	(800, 450)	testing
6	jn	f	19	9	diamond	none	dif	hori	left	N_dis	(681, 331)	True	276081	277516	left	(800, 450)	testing
6	jn	f	19	9	diamond	red	dif	vert	up	(681, 331)	(918, 568)	True	278733	279564	up	(800, 450)	testing
6	jn	f	19	9	circle	green	dif	vert	up	(681, 331)	(632, 450)	True	280834	281932	up	(800, 450)	testing
6	jn	f	19	9	diamond	none	same	hori	left	N_dis	(681, 331)	True	283086	285068	left	(800, 450)	testing
6	jn	f	19	9	diamond	red	same	vert	up	(681, 331)	(800, 618)	True	286281	287324	up	(800, 450)	testing
6	jn	f	19	9	circle	green	dif	hori	left	(681, 331)	(800, 618)	True	288490	289580	left	(800, 450)	testing
6	jn	f	19	9	diamond	green	dif	hori	left	(681, 331)	(681, 568)	True	290661	291628	left	(800, 450)	testing
6	jn	f	19	9	diamond	green	dif	vert	up	(800, 618)	(918, 568)	True	292716	294476	up	(800, 450)	testing
6	jn	f	19	9	circle	none	same	vert	up	N_dis	(800, 618)	True	295762	296652	up	(800, 450)	testing
6	jn	f	19	9	circle	none	dif	vert	up	N_dis	(632, 450)	True	297835	298956	up	(800, 450)	testing
6	jn	f	19	9	diamond	none	dif	vert	up	N_dis	(968, 450)	True	300151	301516	up	(800, 450)	testing
6	jn	f	19	9	circle	green	same	hori	left	(681, 331)	(918, 331)	True	302767	304252	left	(800, 450)	testing
6	jn	f	19	9	diamond	green	same	hori	left	(681, 331)	(800, 282)	True	305316	306396	left	(800, 450)	testing
6	jn	f	19	9	circle	red	dif	vert	up	(681, 331)	(800, 618)	True	307505	308924	up	(800, 450)	testing
6	jn	f	19	9	circle	red	dif	vert	up	(681, 331)	(632, 450)	True	310167	311564	up	(800, 450)	testing
6	jn	f	19	9	circle	none	same	hori	left	N_dis	(918, 331)	True	312674	314108	left	(800, 450)	testing
6	jn	f	19	9	circle	green	same	vert	up	(681, 568)	(968, 450)	True	315310	316124	up	(800, 450)	testing
6	jn	f	19	9	circle	green	same	vert	up	(681, 331)	(918, 568)	True	317173	318028	up	(800, 450)	testing
6	jn	f	19	9	diamond	green	same	hori	left	(681, 331)	(968, 450)	True	319112	320333	left	(800, 450)	testing
6	jn	f	19	9	diamond	green	dif	vert	up	(681, 331)	(632, 450)	True	321437	323132	up	(800, 450)	testing
6	jn	f	19	9	diamond	none	same	hori	left	N_dis	(800, 282)	True	324225	325373	left	(800, 450)	testing
