subj	name	gender	age	runNum	shape	dist	td_dif	resp	resp_key	d_loc	t_loc	gotKey	startTime	respTime	resp	fix_loc	prac
6	jn	f	19	6	circle	green	dif	hori	left	(968, 450)	(632, 450)	True	72785	74044	left	(800, 450)	testing
6	jn	f	19	6	diamond	green	dif	vert	up	(968, 450)	(800, 618)	True	75125	77101	up	(800, 450)	testing
6	jn	f	19	6	diamond	red	same	hori	left	(968, 450)	(918, 568)	True	78271	79614	left	(800, 450)	testing
6	jn	f	19	6	diamond	red	same	vert	up	(968, 450)	(681, 568)	True	80884	82254	up	(800, 450)	testing
6	jn	f	19	6	circle	green	dif	hori	left	(968, 450)	(800, 618)	True	83487	84494	left	(800, 450)	testing
6	jn	f	19	6	diamond	red	dif	hori	left	(968, 450)	(632, 450)	True	85667	86670	left	(800, 450)	testing
6	jn	f	19	6	diamond	none	dif	hori	left	N_dis	(800, 618)	True	87803	89068	left	(800, 450)	testing
6	jn	f	19	6	diamond	red	same	hori	left	(968, 450)	(681, 331)	True	90244	92478	left	(800, 450)	testing
6	jn	f	19	6	circle	red	same	vert	up	(968, 450)	(800, 618)	True	93632	94749	up	(800, 450)	testing
6	jn	f	19	6	circle	red	dif	hori	left	(968, 450)	(800, 282)	True	96031	97421	left	(800, 450)	testing
6	jn	f	19	6	circle	none	same	vert	up	N_dis	(681, 331)	True	98573	99902	up	(800, 450)	testing
6	jn	f	19	6	diamond	none	dif	vert	up	N_dis	(800, 618)	True	100962	102156	up	(800, 450)	testing
6	jn	f	19	6	circle	none	same	hori	left	N_dis	(918, 568)	True	103219	104845	left	(800, 450)	testing
6	jn	f	19	6	diamond	none	dif	vert	up	N_dis	(968, 450)	True	106092	107261	up	(800, 450)	testing
6	jn	f	19	6	circle	none	same	vert	up	N_dis	(800, 282)	True	108371	109758	up	(800, 450)	testing
6	jn	f	19	6	circle	none	dif	vert	up	N_dis	(918, 331)	True	110906	111949	up	(800, 450)	testing
6	jn	f	19	6	diamond	red	dif	hori	left	(918, 331)	(800, 618)	True	113141	114365	left	(800, 450)	testing
6	jn	f	19	6	diamond	red	same	vert	up	(800, 282)	(681, 331)	True	115627	118140	up	(800, 450)	testing
6	jn	f	19	6	diamond	green	same	vert	up	(968, 450)	(918, 331)	True	119313	120590	up	(800, 450)	testing
6	jn	f	19	6	circle	none	same	hori	left	N_dis	(632, 450)	True	121842	123229	left	(800, 450)	testing
6	jn	f	19	6	circle	none	same	vert	up	N_dis	(918, 331)	True	124277	125261	up	(800, 450)	testing
6	jn	f	19	6	circle	none	same	hori	left	N_dis	(800, 282)	True	126431	128717	left	(800, 450)	testing
6	jn	f	19	6	circle	green	dif	vert	up	(632, 450)	(800, 618)	True	130007	131116	up	(800, 450)	testing
6	jn	f	19	6	diamond	green	dif	hori	left	(968, 450)	(681, 331)	True	132329	133390	left	(800, 450)	testing
6	jn	f	19	6	diamond	green	dif	vert	up	(918, 331)	(918, 568)	True	134519	135549	up	(800, 450)	testing
6	jn	f	19	6	diamond	green	dif	vert	up	(800, 282)	(681, 331)	True	136756	138157	up	(800, 450)	testing
6	jn	f	19	6	diamond	green	dif	hori	left	(681, 331)	(632, 450)	True	139239	140861	left	(800, 450)	testing
6	jn	f	19	6	circle	red	same	vert	up	(968, 450)	(632, 450)	True	142037	143710	up	(800, 450)	testing
6	jn	f	19	6	circle	green	same	vert	up	(968, 450)	(800, 618)	True	144753	145790	up	(800, 450)	testing
6	jn	f	19	6	diamond	green	same	vert	up	(968, 450)	(800, 282)	True	146871	148206	up	(800, 450)	testing
6	jn	f	19	6	circle	red	dif	vert	up	(800, 282)	(632, 450)	True	149404	150589	up	(800, 450)	testing
6	jn	f	19	6	circle	none	dif	hori	left	N_dis	(968, 450)	True	151666	152493	left	(800, 450)	testing
6	jn	f	19	6	circle	green	same	vert	up	(800, 282)	(800, 618)	True	153604	154493	up	(800, 450)	testing
6	jn	f	19	6	circle	red	same	hori	left	(968, 450)	(632, 450)	True	155671	157213	left	(800, 450)	testing
6	jn	f	19	6	circle	green	same	hori	left	(968, 450)	(918, 568)	True	158313	159294	left	(800, 450)	testing
6	jn	f	19	6	diamond	none	same	vert	up	N_dis	(632, 450)	True	160475	162254	up	(800, 450)	testing
6	jn	f	19	6	circle	red	dif	hori	left	(800, 618)	(918, 331)	True	163530	164701	left	(800, 450)	testing
6	jn	f	19	6	circle	none	same	hori	left	N_dis	(681, 568)	True	165799	166749	left	(800, 450)	testing
6	jn	f	19	6	diamond	red	dif	vert	up	(968, 450)	(632, 450)	True	167884	168958	up	(800, 450)	testing
6	jn	f	19	6	circle	green	dif	hori	left	(681, 568)	(800, 618)	True	170059	170846	left	(800, 450)	testing
6	jn	f	19	6	diamond	red	dif	hori	left	(968, 450)	(918, 331)	True	171981	172990	left	(800, 450)	testing
6	jn	f	19	6	diamond	green	dif	hori	left	(800, 618)	(800, 282)	True	174215	176205	left	(800, 450)	testing
6	jn	f	19	6	diamond	red	same	vert	up	(632, 450)	(918, 331)	True	177482	178509	up	(800, 450)	testing
6	jn	f	19	6	circle	red	dif	hori	left	(968, 450)	(918, 568)	True	179772	181213	left	(800, 450)	testing
6	jn	f	19	6	circle	none	same	hori	left	N_dis	(968, 450)	True	182261	184028	left	(800, 450)	testing
6	jn	f	19	6	circle	red	same	vert	up	(968, 450)	(632, 450)	True	185234	186413	up	(800, 450)	testing
6	jn	f	19	6	circle	none	dif	vert	up	N_dis	(918, 568)	True	187671	188990	up	(800, 450)	testing
6	jn	f	19	6	diamond	none	same	vert	up	N_dis	(681, 568)	True	190141	191678	up	(800, 450)	testing
6	jn	f	19	6	diamond	green	dif	hori	left	(968, 450)	(632, 450)	True	192957	194125	left	(800, 450)	testing
6	jn	f	19	6	circle	red	dif	vert	up	(681, 331)	(681, 568)	True	195178	196173	up	(800, 450)	testing
6	jn	f	19	6	diamond	green	same	vert	up	(968, 450)	(918, 331)	True	197329	198909	up	(800, 450)	testing
6	jn	f	19	6	diamond	green	dif	hori	left	(968, 450)	(800, 618)	True	200173	201454	left	(800, 450)	testing
6	jn	f	19	6	diamond	red	dif	vert	up	(681, 568)	(681, 331)	True	202745	204493	up	(800, 450)	testing
6	jn	f	19	6	circle	green	dif	vert	up	(968, 450)	(800, 282)	True	205576	207246	up	(800, 450)	testing
6	jn	f	19	6	circle	red	dif	hori	left	(968, 450)	(800, 618)	True	208456	209854	left	(800, 450)	testing
6	jn	f	19	6	circle	red	dif	vert	up	(800, 618)	(632, 450)	True	211018	212077	up	(800, 450)	testing
6	jn	f	19	6	diamond	red	same	hori	left	(968, 450)	(918, 568)	True	213313	214397	left	(800, 450)	testing
6	jn	f	19	6	circle	none	same	vert	up	N_dis	(968, 450)	True	215485	216558	up	(800, 450)	testing
6	jn	f	19	6	diamond	green	same	hori	left	(918, 568)	(800, 618)	True	217724	219005	left	(800, 450)	testing
6	jn	f	19	6	diamond	none	same	vert	up	N_dis	(918, 568)	True	220200	221085	up	(800, 450)	testing
6	jn	f	19	6	circle	red	dif	vert	up	(968, 450)	(800, 282)	True	222339	223934	up	(800, 450)	testing
6	jn	f	19	6	diamond	green	same	hori	left	(968, 450)	(632, 450)	True	225070	226012	left	(800, 450)	testing
6	jn	f	19	6	diamond	red	dif	vert	up	(918, 331)	(800, 618)	True	227205	228318	up	(800, 450)	testing
6	jn	f	19	6	diamond	red	dif	vert	up	(968, 450)	(800, 282)	True	229600	230893	up	(800, 450)	testing
6	jn	f	19	6	circle	red	same	hori	left	(632, 450)	(918, 568)	True	232038	233005	left	(800, 450)	testing
6	jn	f	19	6	circle	green	dif	vert	up	(968, 450)	(918, 568)	True	234065	235309	up	(800, 450)	testing
6	jn	f	19	6	diamond	green	dif	vert	up	(968, 450)	(918, 331)	True	236424	237550	up	(800, 450)	testing
6	jn	f	19	6	diamond	red	same	vert	up	(918, 568)	(800, 618)	True	238606	239726	up	(800, 450)	testing
6	jn	f	19	6	diamond	green	same	hori	left	(968, 450)	(681, 568)	True	240876	242414	left	(800, 450)	testing
6	jn	f	19	6	circle	green	same	vert	up	(968, 450)	(918, 331)	True	243694	244638	up	(800, 450)	testing
6	jn	f	19	6	circle	green	same	hori	left	(968, 450)	(681, 331)	True	245705	246590	left	(800, 450)	testing
6	jn	f	19	6	circle	none	dif	hori	left	N_dis	(632, 450)	True	247666	248510	left	(800, 450)	testing
6	jn	f	19	6	circle	none	dif	vert	up	N_dis	(800, 618)	True	249646	250782	up	(800, 450)	testing
6	jn	f	19	6	circle	red	dif	hori	left	(918, 568)	(800, 282)	True	251927	253133	left	(800, 450)	testing
6	jn	f	19	6	diamond	none	dif	hori	left	N_dis	(918, 331)	True	254183	255534	left	(800, 450)	testing
6	jn	f	19	6	circle	green	dif	vert	up	(968, 450)	(800, 282)	True	256587	257597	up	(800, 450)	testing
6	jn	f	19	6	diamond	none	dif	vert	up	N_dis	(632, 450)	True	258701	260076	up	(800, 450)	testing
6	jn	f	19	6	diamond	green	same	hori	left	(968, 450)	(632, 450)	True	261120	262494	left	(800, 450)	testing
6	jn	f	19	6	diamond	red	dif	hori	left	(681, 331)	(918, 331)	True	263618	264878	left	(800, 450)	testing
6	jn	f	19	6	circle	green	same	vert	up	(968, 450)	(681, 331)	True	265979	267133	up	(800, 450)	testing
6	jn	f	19	6	diamond	none	dif	hori	left	N_dis	(681, 568)	True	268330	269502	up	(800, 450)	testing
6	jn	f	19	6	circle	green	same	hori	left	(681, 568)	(918, 331)	True	272107	273742	left	(800, 450)	testing
6	jn	f	19	6	circle	green	same	hori	left	(800, 618)	(800, 282)	True	274997	276798	left	(800, 450)	testing
6	jn	f	19	6	diamond	none	same	vert	up	N_dis	(918, 331)	True	277926	279149	up	(800, 450)	testing
6	jn	f	19	6	circle	none	dif	vert	up	N_dis	(800, 282)	True	280404	282398	up	(800, 450)	testing
6	jn	f	19	6	circle	green	dif	hori	left	(968, 450)	(632, 450)	True	283570	284606	left	(800, 450)	testing
6	jn	f	19	6	diamond	none	dif	vert	up	N_dis	(681, 331)	True	285735	286862	up	(800, 450)	testing
6	jn	f	19	6	diamond	red	same	hori	left	(968, 450)	(681, 568)	True	288056	290238	left	(800, 450)	testing
6	jn	f	19	6	diamond	none	dif	hori	left	N_dis	(681, 331)	True	291461	292558	left	(800, 450)	testing
6	jn	f	19	6	circle	none	dif	vert	up	N_dis	(918, 568)	True	293733	294926	up	(800, 450)	testing
6	jn	f	19	6	circle	none	dif	hori	left	N_dis	(681, 568)	True	296120	297390	left	(800, 450)	testing
6	jn	f	19	6	diamond	red	same	hori	left	(968, 450)	(918, 331)	True	298467	299710	left	(800, 450)	testing
6	jn	f	19	6	diamond	none	dif	hori	left	N_dis	(800, 618)	True	300872	301934	left	(800, 450)	testing
6	jn	f	19	6	circle	red	same	hori	left	(968, 450)	(918, 568)	True	303200	304318	left	(800, 450)	testing
6	jn	f	19	6	diamond	green	same	hori	left	(632, 450)	(918, 331)	True	305371	306494	left	(800, 450)	testing
6	jn	f	19	6	diamond	none	same	hori	left	N_dis	(800, 282)	True	307589	308958	left	(800, 450)	testing
6	jn	f	19	6	circle	green	same	vert	up	(968, 450)	(918, 331)	True	310246	311822	up	(800, 450)	testing
6	jn	f	19	6	diamond	green	same	vert	up	(968, 450)	(681, 331)	True	312923	315261	up	(800, 450)	testing
6	jn	f	19	6	circle	red	same	vert	up	(681, 331)	(918, 568)	True	316470	317614	up	(800, 450)	testing
6	jn	f	19	6	circle	none	same	vert	up	N_dis	(681, 331)	True	318903	321502	up	(800, 450)	testing
6	jn	f	19	6	diamond	none	dif	vert	up	N_dis	(968, 450)	True	322739	324045	up	(800, 450)	testing
6	jn	f	19	6	circle	none	dif	hori	left	N_dis	(918, 568)	True	325253	326702	left	(800, 450)	testing
6	jn	f	19	6	diamond	none	same	hori	left	N_dis	(681, 568)	True	327849	329198	left	(800, 450)	testing
6	jn	f	19	6	diamond	none	same	hori	left	N_dis	(632, 450)	True	330340	332286	left	(800, 450)	testing
6	jn	f	19	6	diamond	red	same	vert	up	(918, 331)	(918, 568)	True	333363	334558	up	(800, 450)	testing
6	jn	f	19	6	diamond	green	same	vert	up	(968, 450)	(681, 331)	True	335825	337342	up	(800, 450)	testing
6	jn	f	19	6	circle	none	dif	hori	left	N_dis	(800, 282)	True	338449	339822	left	(800, 450)	testing
6	jn	f	19	6	circle	green	same	hori	left	(968, 450)	(681, 568)	True	340979	342574	left	(800, 450)	testing
6	jn	f	19	6	circle	green	dif	vert	up	(968, 450)	(681, 568)	True	343652	345438	left	(800, 450)	testing
6	jn	f	19	6	circle	red	same	hori	left	(968, 450)	(800, 282)	True	348113	349598	left	(800, 450)	testing
6	jn	f	19	6	circle	green	dif	hori	left	(968, 450)	(681, 568)	True	350645	352670	left	(800, 450)	testing
6	jn	f	19	6	circle	red	same	hori	left	(968, 450)	(681, 568)	True	353851	355374	left	(800, 450)	testing
6	jn	f	19	6	diamond	none	same	vert	up	N_dis	(800, 618)	True	356591	357854	up	(800, 450)	testing
6	jn	f	19	6	diamond	red	dif	vert	up	(968, 450)	(681, 331)	True	358942	360270	up	(800, 450)	testing
6	jn	f	19	6	diamond	none	same	hori	left	N_dis	(681, 331)	True	361478	363614	left	(800, 450)	testing
6	jn	f	19	6	diamond	green	dif	vert	up	(968, 450)	(918, 568)	True	364752	366318	up	(800, 450)	testing
6	jn	f	19	6	diamond	none	same	hori	left	N_dis	(918, 331)	True	367496	369310	left	(800, 450)	testing
6	jn	f	19	6	circle	red	dif	vert	up	(681, 568)	(800, 618)	True	370435	371869	up	(800, 450)	testing
6	jn	f	19	6	circle	red	same	vert	up	(918, 568)	(681, 568)	True	373127	374718	up	(800, 450)	testing
6	jn	f	19	6	diamond	red	dif	hori	left	(968, 450)	(800, 618)	True	375872	377069	left	(800, 450)	testing
