subj	name	gender	age	runNum	shape	dist	td_dif	resp	resp_key	d_loc	t_loc	gotKey	startTime	respTime	resp	fix_loc	prac
6	jn	f	19	8	circle	green	dif	hori	left	(800, 282)	(968, 450)	True	45121	46782	left	(800, 450)	testing
6	jn	f	19	8	diamond	red	same	hori	left	(918, 331)	(632, 450)	True	48025	49149	left	(800, 450)	testing
6	jn	f	19	8	circle	none	dif	vert	up	N_dis	(681, 568)	True	50317	51261	up	(800, 450)	testing
6	jn	f	19	8	diamond	green	dif	vert	up	(681, 331)	(918, 568)	True	52341	53662	up	(800, 450)	testing
6	jn	f	19	8	circle	green	same	hori	left	(681, 331)	(681, 568)	True	54821	55965	left	(800, 450)	testing
6	jn	f	19	8	circle	none	dif	vert	up	N_dis	(800, 618)	True	57218	58141	up	(800, 450)	testing
6	jn	f	19	8	diamond	none	same	vert	up	N_dis	(800, 618)	True	59413	60589	up	(800, 450)	testing
6	jn	f	19	8	circle	red	same	hori	left	(681, 331)	(800, 282)	True	61871	63646	left	(800, 450)	testing
6	jn	f	19	8	circle	green	same	hori	left	(918, 331)	(968, 450)	True	64915	66060	left	(800, 450)	testing
6	jn	f	19	8	circle	red	same	vert	up	(800, 282)	(918, 568)	True	67196	68461	up	(800, 450)	testing
6	jn	f	19	8	diamond	none	dif	vert	up	N_dis	(800, 282)	True	69572	70733	up	(800, 450)	testing
6	jn	f	19	8	diamond	green	dif	hori	left	(681, 331)	(918, 331)	True	71913	73052	left	(800, 450)	testing
6	jn	f	19	8	circle	red	dif	hori	left	(918, 568)	(800, 282)	True	74269	75645	left	(800, 450)	testing
6	jn	f	19	8	diamond	red	dif	vert	up	(681, 331)	(918, 568)	True	76920	78076	up	(800, 450)	testing
6	jn	f	19	8	circle	none	dif	vert	up	N_dis	(681, 331)	True	79365	80733	up	(800, 450)	testing
6	jn	f	19	8	circle	red	dif	vert	up	(681, 568)	(632, 450)	True	81977	83052	up	(800, 450)	testing
6	jn	f	19	8	circle	green	same	vert	up	(681, 331)	(918, 568)	True	84227	85421	up	(800, 450)	testing
6	jn	f	19	8	circle	green	dif	hori	left	(681, 331)	(681, 568)	True	86543	88429	left	(800, 450)	testing
6	jn	f	19	8	diamond	green	same	vert	up	(681, 331)	(968, 450)	True	89505	90669	up	(800, 450)	testing
6	jn	f	19	8	circle	none	dif	vert	up	N_dis	(800, 618)	True	91745	93581	up	(800, 450)	testing
6	jn	f	19	8	diamond	red	same	vert	up	(681, 331)	(918, 568)	True	94632	95469	up	(800, 450)	testing
6	jn	f	19	8	circle	red	dif	hori	left	(681, 331)	(800, 618)	True	96587	98013	left	(800, 450)	testing
6	jn	f	19	8	circle	red	same	vert	up	(681, 331)	(681, 568)	True	99299	100189	up	(800, 450)	testing
6	jn	f	19	8	diamond	none	same	hori	left	N_dis	(968, 450)	True	101309	102702	left	(800, 450)	testing
6	jn	f	19	8	diamond	red	dif	hori	left	(968, 450)	(800, 618)	True	103993	105293	left	(800, 450)	testing
6	jn	f	19	8	diamond	red	dif	hori	left	(968, 450)	(918, 568)	True	106432	107582	left	(800, 450)	testing
6	jn	f	19	8	diamond	none	dif	hori	left	N_dis	(918, 568)	True	108801	109998	left	(800, 450)	testing
6	jn	f	19	8	diamond	none	dif	vert	up	N_dis	(968, 450)	True	111200	112398	up	(800, 450)	testing
6	jn	f	19	8	diamond	green	same	hori	left	(681, 331)	(632, 450)	True	113605	115020	left	(800, 450)	testing
6	jn	f	19	8	circle	none	dif	hori	left	N_dis	(632, 450)	True	116256	117101	left	(800, 450)	testing
6	jn	f	19	8	circle	none	dif	vert	up	N_dis	(968, 450)	True	118330	119261	up	(800, 450)	testing
6	jn	f	19	8	diamond	green	same	vert	up	(918, 331)	(681, 568)	True	120540	121486	up	(800, 450)	testing
6	jn	f	19	8	circle	red	dif	vert	up	(681, 331)	(918, 568)	True	122598	123934	up	(800, 450)	testing
6	jn	f	19	8	diamond	red	same	hori	left	(681, 331)	(800, 282)	True	125016	126189	left	(800, 450)	testing
6	jn	f	19	8	diamond	green	dif	hori	left	(681, 331)	(800, 618)	True	127362	128541	left	(800, 450)	testing
6	jn	f	19	8	circle	green	same	vert	up	(681, 331)	(632, 450)	True	129608	130573	up	(800, 450)	testing
6	jn	f	19	8	circle	none	same	vert	up	N_dis	(968, 450)	True	131813	132909	up	(800, 450)	testing
6	jn	f	19	8	diamond	green	dif	vert	up	(632, 450)	(800, 618)	True	134055	135421	up	(800, 450)	testing
6	jn	f	19	8	diamond	green	same	hori	left	(681, 331)	(632, 450)	True	136513	137774	left	(800, 450)	testing
6	jn	f	19	8	circle	red	dif	vert	up	(918, 331)	(632, 450)	True	138819	139982	up	(800, 450)	testing
6	jn	f	19	8	circle	red	same	hori	left	(681, 331)	(632, 450)	True	141198	143069	left	(800, 450)	testing
6	jn	f	19	8	circle	none	same	vert	up	N_dis	(681, 331)	True	144277	145598	up	(800, 450)	testing
6	jn	f	19	8	diamond	none	same	vert	up	N_dis	(918, 331)	True	146768	147790	up	(800, 450)	testing
6	jn	f	19	8	circle	green	same	hori	left	(681, 568)	(800, 282)	True	148839	149886	left	(800, 450)	testing
6	jn	f	19	8	circle	red	dif	vert	up	(681, 331)	(918, 331)	True	151068	152029	up	(800, 450)	testing
6	jn	f	19	8	diamond	red	dif	vert	up	(800, 282)	(918, 331)	True	153148	154750	up	(800, 450)	testing
6	jn	f	19	8	diamond	green	dif	hori	left	(681, 331)	(918, 568)	True	156033	157358	left	(800, 450)	testing
6	jn	f	19	8	circle	green	dif	hori	left	(800, 618)	(681, 568)	True	158524	159742	left	(800, 450)	testing
6	jn	f	19	8	diamond	red	same	hori	left	(681, 331)	(968, 450)	True	160901	161998	left	(800, 450)	testing
6	jn	f	19	8	diamond	none	same	vert	up	N_dis	(681, 568)	True	163117	165005	up	(800, 450)	testing
6	jn	f	19	8	circle	red	same	hori	left	(918, 568)	(800, 282)	True	166239	167917	left	(800, 450)	testing
6	jn	f	19	8	diamond	red	same	vert	up	(681, 331)	(800, 618)	True	169043	170060	up	(800, 450)	testing
6	jn	f	19	8	circle	green	dif	vert	up	(681, 331)	(968, 450)	True	171217	172189	up	(800, 450)	testing
6	jn	f	19	8	diamond	green	same	hori	left	(681, 568)	(918, 568)	True	173240	174366	left	(800, 450)	testing
6	jn	f	19	8	diamond	red	same	vert	up	(681, 331)	(968, 450)	True	175626	177069	up	(800, 450)	testing
6	jn	f	19	8	circle	green	same	hori	left	(681, 331)	(968, 450)	True	178241	179182	left	(800, 450)	testing
6	jn	f	19	8	circle	none	same	hori	left	N_dis	(968, 450)	True	180270	181214	left	(800, 450)	testing
6	jn	f	19	8	circle	none	dif	hori	left	N_dis	(918, 331)	True	182424	183326	left	(800, 450)	testing
6	jn	f	19	8	circle	green	same	vert	up	(681, 331)	(918, 568)	True	184458	185550	up	(800, 450)	testing
6	jn	f	19	8	circle	none	same	hori	left	N_dis	(681, 568)	True	186675	187710	left	(800, 450)	testing
6	jn	f	19	8	circle	none	same	hori	left	N_dis	(918, 331)	True	188873	189917	left	(800, 450)	testing
6	jn	f	19	8	diamond	none	same	hori	left	N_dis	(681, 568)	True	191074	193021	left	(800, 450)	testing
6	jn	f	19	8	diamond	red	same	vert	up	(681, 331)	(800, 618)	True	194074	195053	up	(800, 450)	testing
6	jn	f	19	8	diamond	red	dif	hori	left	(681, 331)	(800, 282)	True	196336	198942	left	(800, 450)	testing
6	jn	f	19	8	diamond	green	same	vert	up	(800, 618)	(632, 450)	True	200074	201774	up	(800, 450)	testing
6	jn	f	19	8	diamond	red	dif	hori	left	(632, 450)	(800, 618)	True	202901	203774	left	(800, 450)	testing
6	jn	f	19	8	circle	green	dif	vert	up	(681, 331)	(968, 450)	True	204819	205789	up	(800, 450)	testing
6	jn	f	19	8	circle	green	dif	vert	up	(800, 282)	(681, 568)	True	206972	208013	up	(800, 450)	testing
6	jn	f	19	8	circle	red	same	vert	up	(681, 331)	(800, 282)	True	209060	211950	up	(800, 450)	testing
6	jn	f	19	8	circle	none	same	hori	left	N_dis	(681, 568)	True	213059	214013	left	(800, 450)	testing
6	jn	f	19	8	diamond	green	dif	hori	left	(681, 331)	(918, 331)	True	215207	216702	left	(800, 450)	testing
6	jn	f	19	8	circle	none	same	hori	left	N_dis	(632, 450)	True	217758	219182	left	(800, 450)	testing
6	jn	f	19	8	circle	none	dif	hori	left	N_dis	(918, 568)	True	220443	221422	left	(800, 450)	testing
6	jn	f	19	8	diamond	green	same	vert	up	(918, 568)	(800, 618)	True	222638	223982	up	(800, 450)	testing
6	jn	f	19	8	diamond	green	same	hori	left	(681, 331)	(632, 450)	True	225111	227422	left	(800, 450)	testing
6	jn	f	19	8	diamond	none	dif	hori	left	N_dis	(800, 282)	True	228638	229534	left	(800, 450)	testing
6	jn	f	19	8	diamond	red	same	hori	left	(681, 331)	(918, 331)	True	230763	232109	left	(800, 450)	testing
6	jn	f	19	8	circle	green	dif	hori	left	(800, 618)	(968, 450)	True	233333	234574	left	(800, 450)	testing
6	jn	f	19	8	diamond	none	dif	vert	up	N_dis	(800, 618)	True	235846	236958	up	(800, 450)	testing
6	jn	f	19	8	circle	none	same	vert	up	N_dis	(681, 331)	True	238039	240334	up	(800, 450)	testing
6	jn	f	19	8	circle	red	same	vert	up	(681, 568)	(800, 282)	True	241450	243069	up	(800, 450)	testing
6	jn	f	19	8	diamond	none	dif	hori	left	N_dis	(918, 331)	True	244200	245182	left	(800, 450)	testing
6	jn	f	19	8	diamond	green	same	vert	up	(681, 331)	(918, 331)	True	246433	247390	up	(800, 450)	testing
6	jn	f	19	8	diamond	green	dif	vert	up	(968, 450)	(632, 450)	True	248522	249998	up	(800, 450)	testing
6	jn	f	19	8	circle	green	dif	vert	up	(800, 618)	(918, 568)	True	251211	252766	up	(800, 450)	testing
6	jn	f	19	8	circle	red	dif	hori	left	(681, 331)	(681, 568)	True	253878	254926	left	(800, 450)	testing
6	jn	f	19	8	diamond	green	dif	hori	left	(681, 331)	(918, 331)	True	256207	257149	left	(800, 450)	testing
6	jn	f	19	8	diamond	red	dif	vert	up	(681, 331)	(800, 282)	True	258211	260013	up	(800, 450)	testing
6	jn	f	19	8	diamond	none	same	vert	up	N_dis	(681, 331)	False	261288	None	None	(800, 450)	testing
6	jn	f	19	8	circle	none	same	vert	up	N_dis	(632, 450)	True	267104	269021	up	(800, 450)	testing
6	jn	f	19	8	circle	none	dif	hori	left	N_dis	(800, 282)	True	270100	271406	left	(800, 450)	testing
6	jn	f	19	8	circle	none	same	vert	up	N_dis	(918, 568)	True	272618	274077	up	(800, 450)	testing
6	jn	f	19	8	circle	green	same	vert	up	(681, 331)	(800, 618)	True	275234	276222	up	(800, 450)	testing
6	jn	f	19	8	diamond	none	dif	hori	left	N_dis	(918, 331)	True	277274	278350	left	(800, 450)	testing
6	jn	f	19	8	diamond	none	same	hori	left	N_dis	(632, 450)	True	279394	281101	left	(800, 450)	testing
6	jn	f	19	8	circle	red	same	hori	left	(681, 331)	(918, 568)	True	282344	283342	left	(800, 450)	testing
6	jn	f	19	8	diamond	green	same	hori	left	(681, 331)	(800, 282)	True	284615	285614	left	(800, 450)	testing
6	jn	f	19	8	diamond	green	dif	vert	up	(681, 331)	(800, 618)	True	286884	288270	up	(800, 450)	testing
6	jn	f	19	8	diamond	red	same	vert	up	(632, 450)	(968, 450)	True	289469	290478	up	(800, 450)	testing
6	jn	f	19	8	circle	green	same	hori	left	(681, 331)	(632, 450)	True	291664	292926	left	(800, 450)	testing
6	jn	f	19	8	circle	red	same	hori	left	(681, 331)	(918, 568)	True	293993	295662	left	(800, 450)	testing
6	jn	f	19	8	diamond	none	dif	hori	left	N_dis	(800, 282)	True	296865	298366	left	(800, 450)	testing
6	jn	f	19	8	diamond	green	dif	vert	up	(681, 331)	(681, 568)	True	299528	300798	up	(800, 450)	testing
6	jn	f	19	8	circle	green	dif	hori	left	(681, 331)	(632, 450)	True	302059	303566	left	(800, 450)	testing
6	jn	f	19	8	circle	none	dif	hori	left	N_dis	(918, 568)	True	304782	305790	left	(800, 450)	testing
6	jn	f	19	8	circle	red	dif	hori	left	(918, 568)	(800, 282)	True	307068	308845	left	(800, 450)	testing
6	jn	f	19	8	diamond	red	dif	vert	up	(681, 331)	(918, 568)	True	310115	311053	up	(800, 450)	testing
6	jn	f	19	8	circle	green	same	vert	up	(681, 331)	(800, 618)	True	312321	313662	up	(800, 450)	testing
6	jn	f	19	8	diamond	red	dif	hori	left	(681, 331)	(968, 450)	True	314802	316286	left	(800, 450)	testing
6	jn	f	19	8	circle	red	same	vert	up	(681, 331)	(800, 282)	True	317543	319453	up	(800, 450)	testing
6	jn	f	19	8	circle	red	dif	hori	left	(968, 450)	(918, 331)	True	320602	321838	left	(800, 450)	testing
6	jn	f	19	8	circle	red	dif	vert	up	(632, 450)	(681, 568)	True	323097	324302	up	(800, 450)	testing
6	jn	f	19	8	diamond	red	dif	vert	up	(681, 331)	(918, 331)	True	325485	327182	up	(800, 450)	testing
6	jn	f	19	8	diamond	red	same	hori	left	(681, 331)	(681, 568)	True	328416	329566	left	(800, 450)	testing
6	jn	f	19	8	circle	green	dif	vert	up	(681, 331)	(681, 568)	True	330740	331966	up	(800, 450)	testing
6	jn	f	19	8	diamond	none	dif	vert	up	N_dis	(800, 282)	False	333117	None	None	(800, 450)	testing
6	jn	f	19	8	diamond	none	same	hori	left	N_dis	(681, 331)	True	338735	339806	left	(800, 450)	testing
6	jn	f	19	8	diamond	none	same	vert	up	N_dis	(632, 450)	True	341045	342478	up	(800, 450)	testing
6	jn	f	19	8	diamond	none	same	hori	left	N_dis	(800, 618)	True	343769	345053	left	(800, 450)	testing
6	jn	f	19	8	diamond	none	dif	vert	up	N_dis	(918, 568)	True	346132	347037	up	(800, 450)	testing
