subj	name	gender	age	runNum	shape	dist	td_dif	resp	resp_key	d_loc	t_loc	gotKey	startTime	respTime	resp	fix_loc	prac
6	xm	f	21	5	diamond	green	dif	vert	up	(648, 384)	(608, 287)	True	30726	32065	up	(512, 384)	testing
6	xm	f	21	5	circle	red	same	hori	left	(648, 384)	(415, 287)	True	33123	34177	left	(512, 384)	testing
6	xm	f	21	5	diamond	green	dif	vert	up	(648, 384)	(415, 287)	True	35382	36448	up	(512, 384)	testing
6	xm	f	21	5	diamond	none	dif	vert	up	N_dis	(648, 384)	True	37674	38932	up	(512, 384)	testing
6	xm	f	21	5	diamond	green	same	hori	left	(512, 520)	(512, 248)	True	39972	40890	left	(512, 384)	testing
6	xm	f	21	5	circle	green	dif	hori	left	(512, 520)	(608, 287)	True	41989	43168	left	(512, 384)	testing
6	xm	f	21	5	diamond	red	same	hori	left	(648, 384)	(608, 287)	True	44382	45488	left	(512, 384)	testing
6	xm	f	21	5	circle	none	same	hori	left	N_dis	(512, 248)	True	46680	47814	left	(512, 384)	testing
6	xm	f	21	5	circle	red	dif	vert	up	(648, 384)	(608, 287)	True	48887	50336	up	(512, 384)	testing
6	xm	f	21	5	diamond	red	same	vert	up	(648, 384)	(512, 520)	True	51453	53223	up	(512, 384)	testing
6	xm	f	21	5	circle	green	dif	vert	up	(648, 384)	(608, 480)	True	54472	55946	up	(512, 384)	testing
6	xm	f	21	5	circle	red	dif	vert	up	(648, 384)	(608, 480)	True	57197	58479	up	(512, 384)	testing
6	xm	f	21	5	circle	red	same	vert	up	(648, 384)	(415, 480)	True	59594	60877	up	(512, 384)	testing
6	xm	f	21	5	diamond	green	same	hori	left	(648, 384)	(608, 287)	True	62022	63304	left	(512, 384)	testing
6	xm	f	21	5	diamond	red	same	hori	left	(648, 384)	(608, 287)	True	64357	65335	left	(512, 384)	testing
6	xm	f	21	5	circle	red	dif	hori	left	(648, 384)	(376, 384)	True	66564	67364	left	(512, 384)	testing
6	xm	f	21	5	diamond	green	dif	vert	up	(648, 384)	(512, 248)	True	68387	69539	up	(512, 384)	testing
6	xm	f	21	5	diamond	none	same	vert	up	N_dis	(376, 384)	True	70746	72086	up	(512, 384)	testing
6	xm	f	21	5	circle	none	same	hori	left	N_dis	(608, 480)	True	73190	74334	left	(512, 384)	testing
6	xm	f	21	5	circle	none	dif	vert	up	N_dis	(376, 384)	True	75585	77036	up	(512, 384)	testing
6	xm	f	21	5	circle	green	dif	hori	left	(648, 384)	(512, 520)	True	78282	79374	left	(512, 384)	testing
6	xm	f	21	5	circle	none	dif	vert	up	N_dis	(648, 384)	True	80529	81494	up	(512, 384)	testing
6	xm	f	21	5	circle	green	same	hori	left	(512, 520)	(415, 480)	True	82707	84090	left	(512, 384)	testing
6	xm	f	21	5	circle	none	dif	vert	up	N_dis	(376, 384)	True	85183	86161	up	(512, 384)	testing
6	xm	f	21	5	circle	green	dif	vert	up	(648, 384)	(376, 384)	True	87402	88379	up	(512, 384)	testing
6	xm	f	21	5	diamond	none	same	vert	up	N_dis	(512, 248)	True	89550	90934	up	(512, 384)	testing
6	xm	f	21	5	diamond	none	same	vert	up	N_dis	(512, 520)	True	91966	93475	up	(512, 384)	testing
6	xm	f	21	5	circle	none	same	hori	left	N_dis	(608, 287)	True	94612	96448	left	(512, 384)	testing
6	xm	f	21	5	circle	green	same	hori	left	(648, 384)	(512, 520)	True	97668	98980	left	(512, 384)	testing
6	xm	f	21	5	circle	none	same	vert	up	N_dis	(608, 480)	True	100188	102163	up	(512, 384)	testing
6	xm	f	21	5	diamond	none	dif	vert	up	N_dis	(608, 480)	True	103292	104755	up	(512, 384)	testing
6	xm	f	21	5	diamond	none	same	hori	left	N_dis	(415, 480)	True	105798	107991	left	(512, 384)	testing
6	xm	f	21	5	diamond	none	dif	hori	left	N_dis	(512, 520)	True	109203	110564	left	(512, 384)	testing
6	xm	f	21	5	diamond	green	dif	hori	left	(608, 480)	(415, 287)	True	111754	112996	left	(512, 384)	testing
6	xm	f	21	5	diamond	green	same	vert	up	(648, 384)	(512, 520)	True	114113	115552	up	(512, 384)	testing
6	xm	f	21	5	circle	red	dif	hori	left	(648, 384)	(415, 287)	True	116773	117727	left	(512, 384)	testing
6	xm	f	21	5	circle	green	same	hori	left	(608, 480)	(415, 287)	True	118800	120307	left	(512, 384)	testing
6	xm	f	21	5	diamond	none	dif	hori	left	N_dis	(608, 287)	True	121483	122719	left	(512, 384)	testing
6	xm	f	21	5	diamond	green	dif	hori	left	(648, 384)	(608, 480)	True	123803	125621	left	(512, 384)	testing
6	xm	f	21	5	circle	none	dif	hori	left	N_dis	(376, 384)	True	126787	128231	left	(512, 384)	testing
6	xm	f	21	5	circle	none	same	vert	up	N_dis	(415, 480)	True	129481	131522	up	(512, 384)	testing
6	xm	f	21	5	diamond	red	dif	hori	left	(648, 384)	(415, 480)	True	132752	133622	left	(512, 384)	testing
6	xm	f	21	5	circle	green	same	vert	up	(608, 287)	(415, 287)	True	134691	136135	up	(512, 384)	testing
6	xm	f	21	5	diamond	red	dif	hori	left	(376, 384)	(608, 480)	True	137376	138258	left	(512, 384)	testing
6	xm	f	21	5	diamond	green	dif	vert	up	(415, 480)	(376, 384)	True	139340	141548	up	(512, 384)	testing
6	xm	f	21	5	circle	red	dif	vert	up	(376, 384)	(608, 480)	True	142702	143936	up	(512, 384)	testing
6	xm	f	21	5	diamond	none	dif	vert	up	N_dis	(648, 384)	True	144961	146527	up	(512, 384)	testing
6	xm	f	21	5	circle	red	dif	vert	up	(512, 248)	(512, 520)	True	147714	148856	up	(512, 384)	testing
6	xm	f	21	5	diamond	green	same	hori	left	(648, 384)	(376, 384)	True	150039	151360	left	(512, 384)	testing
6	xm	f	21	5	circle	green	same	hori	left	(415, 480)	(415, 287)	True	152594	153872	left	(512, 384)	testing
6	xm	f	21	5	circle	none	dif	hori	left	N_dis	(512, 248)	True	154933	156227	left	(512, 384)	testing
6	xm	f	21	5	diamond	green	dif	hori	left	(415, 287)	(608, 287)	True	157327	159041	left	(512, 384)	testing
6	xm	f	21	5	diamond	green	dif	hori	left	(648, 384)	(512, 520)	True	160244	161121	left	(512, 384)	testing
6	xm	f	21	5	diamond	green	same	vert	up	(376, 384)	(512, 520)	True	162248	163861	up	(512, 384)	testing
6	xm	f	21	5	circle	none	same	hori	left	N_dis	(608, 480)	True	165129	165992	left	(512, 384)	testing
6	xm	f	21	5	diamond	green	same	vert	up	(648, 384)	(608, 287)	True	167036	168231	up	(512, 384)	testing
6	xm	f	21	5	circle	green	same	vert	up	(608, 287)	(512, 248)	True	169429	170883	up	(512, 384)	testing
6	xm	f	21	5	circle	green	dif	vert	up	(648, 384)	(376, 384)	True	172048	173393	up	(512, 384)	testing
6	xm	f	21	5	circle	red	same	vert	up	(648, 384)	(415, 480)	True	174621	175818	up	(512, 384)	testing
6	xm	f	21	5	circle	none	dif	hori	left	N_dis	(512, 248)	True	177044	177796	left	(512, 384)	testing
6	xm	f	21	5	diamond	red	same	hori	left	(648, 384)	(608, 480)	True	179043	179890	left	(512, 384)	testing
6	xm	f	21	5	circle	red	dif	vert	up	(648, 384)	(512, 248)	True	181113	182552	up	(512, 384)	testing
6	xm	f	21	5	circle	green	dif	vert	up	(648, 384)	(512, 520)	True	183772	184843	up	(512, 384)	testing
6	xm	f	21	5	circle	green	dif	hori	left	(415, 287)	(512, 248)	True	186076	187024	left	(512, 384)	testing
6	xm	f	21	5	diamond	none	same	vert	up	N_dis	(415, 287)	True	188144	189132	up	(512, 384)	testing
6	xm	f	21	5	circle	none	same	vert	up	N_dis	(512, 520)	True	190399	191212	up	(512, 384)	testing
6	xm	f	21	5	diamond	none	same	hori	left	N_dis	(608, 287)	True	192291	193201	left	(512, 384)	testing
6	xm	f	21	5	circle	green	same	hori	left	(648, 384)	(512, 248)	True	194459	195512	left	(512, 384)	testing
6	xm	f	21	5	diamond	red	dif	hori	left	(648, 384)	(415, 480)	True	196755	197704	left	(512, 384)	testing
6	xm	f	21	5	diamond	none	dif	hori	left	N_dis	(608, 287)	True	198887	199809	left	(512, 384)	testing
6	xm	f	21	5	diamond	green	same	hori	left	(512, 248)	(608, 287)	True	201072	202719	left	(512, 384)	testing
6	xm	f	21	5	diamond	red	dif	vert	up	(648, 384)	(376, 384)	True	203809	204751	up	(512, 384)	testing
6	xm	f	21	5	circle	red	same	hori	left	(648, 384)	(608, 287)	True	206008	207704	left	(512, 384)	testing
6	xm	f	21	5	circle	red	same	vert	up	(648, 384)	(376, 384)	True	208853	210371	up	(512, 384)	testing
6	xm	f	21	5	circle	none	same	vert	up	N_dis	(415, 480)	True	211406	212703	up	(512, 384)	testing
6	xm	f	21	5	diamond	red	dif	hori	left	(512, 520)	(608, 287)	True	213918	215458	left	(512, 384)	testing
6	xm	f	21	5	diamond	red	same	vert	up	(648, 384)	(415, 480)	True	216510	217530	left	(512, 384)	testing
6	xm	f	21	5	diamond	green	same	vert	up	(648, 384)	(608, 480)	True	220229	221487	up	(512, 384)	testing
6	xm	f	21	5	circle	none	same	hori	left	N_dis	(512, 248)	True	222640	223907	left	(512, 384)	testing
6	xm	f	21	5	diamond	red	same	vert	up	(648, 384)	(376, 384)	True	224958	226426	up	(512, 384)	testing
6	xm	f	21	5	diamond	red	dif	vert	up	(648, 384)	(415, 287)	True	227572	228872	up	(512, 384)	testing
6	xm	f	21	5	circle	green	dif	vert	up	(608, 480)	(512, 248)	True	229961	231125	up	(512, 384)	testing
6	xm	f	21	5	diamond	red	same	vert	up	(415, 287)	(512, 248)	True	232206	233640	up	(512, 384)	testing
6	xm	f	21	5	circle	green	dif	hori	left	(648, 384)	(415, 480)	True	234871	235791	left	(512, 384)	testing
6	xm	f	21	5	diamond	none	same	hori	left	N_dis	(415, 480)	True	236874	238266	left	(512, 384)	testing
6	xm	f	21	5	circle	red	dif	hori	left	(512, 248)	(608, 287)	True	239454	240889	left	(512, 384)	testing
6	xm	f	21	5	circle	red	same	hori	left	(608, 480)	(376, 384)	True	242101	243350	left	(512, 384)	testing
6	xm	f	21	5	circle	green	same	vert	up	(648, 384)	(512, 248)	True	244463	246047	up	(512, 384)	testing
6	xm	f	21	5	diamond	none	dif	vert	up	N_dis	(648, 384)	True	247147	248687	up	(512, 384)	testing
6	xm	f	21	5	diamond	red	dif	vert	up	(648, 384)	(512, 248)	True	249854	251211	up	(512, 384)	testing
6	xm	f	21	5	circle	red	dif	hori	left	(608, 287)	(512, 248)	True	252382	253697	left	(512, 384)	testing
6	xm	f	21	5	diamond	red	dif	vert	up	(648, 384)	(415, 287)	True	254961	256255	up	(512, 384)	testing
6	xm	f	21	5	diamond	none	dif	hori	left	N_dis	(415, 287)	True	257416	259120	left	(512, 384)	testing
6	xm	f	21	5	diamond	red	dif	hori	left	(648, 384)	(415, 287)	True	260265	261837	left	(512, 384)	testing
6	xm	f	21	5	diamond	none	same	hori	left	N_dis	(608, 480)	True	263064	263950	left	(512, 384)	testing
6	xm	f	21	5	diamond	red	same	hori	left	(648, 384)	(608, 480)	True	265133	266178	left	(512, 384)	testing
6	xm	f	21	5	circle	none	dif	hori	left	N_dis	(648, 384)	True	267449	269271	left	(512, 384)	testing
6	xm	f	21	5	diamond	green	same	hori	left	(608, 287)	(415, 287)	True	270364	271560	left	(512, 384)	testing
6	xm	f	21	5	diamond	red	dif	vert	up	(512, 248)	(415, 287)	True	272759	275066	up	(512, 384)	testing
6	xm	f	21	5	circle	red	same	hori	left	(415, 480)	(512, 520)	True	276196	277417	left	(512, 384)	testing
6	xm	f	21	5	diamond	red	same	vert	up	(648, 384)	(376, 384)	True	278652	279975	up	(512, 384)	testing
6	xm	f	21	5	circle	none	dif	vert	up	N_dis	(512, 520)	True	281054	282614	up	(512, 384)	testing
6	xm	f	21	5	diamond	none	dif	vert	up	N_dis	(415, 480)	True	283823	285693	up	(512, 384)	testing
6	xm	f	21	5	diamond	red	same	hori	left	(648, 384)	(512, 248)	True	286729	288480	left	(512, 384)	testing
6	xm	f	21	5	diamond	green	same	vert	up	(648, 384)	(415, 287)	True	289541	291553	up	(512, 384)	testing
6	xm	f	21	5	diamond	none	dif	hori	left	N_dis	(608, 287)	True	292785	294755	left	(512, 384)	testing
6	xm	f	21	5	diamond	none	same	hori	left	N_dis	(376, 384)	True	295963	297151	left	(512, 384)	testing
6	xm	f	21	5	circle	none	dif	hori	left	N_dis	(415, 287)	True	298274	299716	left	(512, 384)	testing
6	xm	f	21	5	diamond	green	dif	hori	left	(415, 287)	(415, 480)	True	300818	302375	left	(512, 384)	testing
6	xm	f	21	5	circle	red	same	hori	left	(376, 384)	(512, 248)	True	303624	304944	left	(512, 384)	testing
6	xm	f	21	5	diamond	green	dif	vert	up	(648, 384)	(415, 480)	True	306186	307316	up	(512, 384)	testing
6	xm	f	21	5	circle	green	same	vert	up	(648, 384)	(376, 384)	True	308447	310338	up	(512, 384)	testing
6	xm	f	21	5	circle	red	dif	hori	left	(648, 384)	(512, 248)	True	311451	312384	left	(512, 384)	testing
6	xm	f	21	5	circle	green	dif	hori	left	(415, 480)	(415, 287)	True	313645	315314	left	(512, 384)	testing
6	xm	f	21	5	circle	none	same	vert	up	N_dis	(415, 287)	True	316350	318044	up	(512, 384)	testing
6	xm	f	21	5	circle	red	same	vert	up	(648, 384)	(608, 480)	True	319185	320455	up	(512, 384)	testing
6	xm	f	21	5	circle	none	dif	vert	up	N_dis	(512, 520)	True	321562	322463	up	(512, 384)	testing
6	xm	f	21	5	circle	green	same	vert	up	(648, 384)	(376, 384)	True	323624	324761	up	(512, 384)	testing
6	xm	f	21	5	circle	red	same	vert	up	(648, 384)	(512, 520)	True	325836	326910	up	(512, 384)	testing
6	xm	f	21	5	diamond	none	same	vert	up	N_dis	(415, 287)	True	328060	329623	up	(512, 384)	testing
