subj	name	gender	age	runNum	shape	dist	td_dif	resp	resp_key	d_loc	t_loc	gotKey	startTime	respTime	resp	fix_loc	prac
6	xm	f	21	9	diamond	none	same	hori	left	N_dis	(415, 480)	True	41989	43188	left	(512, 384)	testing
6	xm	f	21	9	diamond	none	same	vert	up	N_dis	(415, 287)	True	44409	45597	up	(512, 384)	testing
6	xm	f	21	9	circle	red	dif	vert	up	(608, 480)	(415, 480)	True	46636	47808	up	(512, 384)	testing
6	xm	f	21	9	diamond	green	same	vert	up	(415, 287)	(415, 480)	True	48893	50539	up	(512, 384)	testing
6	xm	f	21	9	circle	none	dif	hori	left	N_dis	(608, 480)	True	51791	52935	left	(512, 384)	testing
6	xm	f	21	9	circle	red	dif	hori	left	(415, 287)	(415, 480)	True	54135	55397	left	(512, 384)	testing
6	xm	f	21	9	diamond	red	same	vert	up	(415, 287)	(648, 384)	True	56475	57480	up	(512, 384)	testing
6	xm	f	21	9	diamond	red	same	hori	left	(415, 287)	(415, 480)	True	58717	59711	left	(512, 384)	testing
6	xm	f	21	9	diamond	green	same	hori	left	(415, 480)	(608, 287)	True	60793	61659	left	(512, 384)	testing
6	xm	f	21	9	diamond	red	same	hori	left	(512, 520)	(512, 248)	True	62897	64117	left	(512, 384)	testing
6	xm	f	21	9	circle	red	dif	hori	left	(415, 287)	(512, 248)	True	65150	66492	left	(512, 384)	testing
6	xm	f	21	9	circle	green	same	hori	left	(415, 287)	(608, 480)	True	67661	68563	left	(512, 384)	testing
6	xm	f	21	9	circle	red	dif	hori	left	(415, 287)	(648, 384)	True	69656	70360	left	(512, 384)	testing
6	xm	f	21	9	circle	red	same	vert	up	(415, 287)	(608, 480)	True	71435	72233	up	(512, 384)	testing
6	xm	f	21	9	circle	red	dif	hori	left	(415, 287)	(512, 248)	True	73346	74185	left	(512, 384)	testing
6	xm	f	21	9	circle	none	same	vert	up	N_dis	(512, 520)	True	75287	76313	up	(512, 384)	testing
6	xm	f	21	9	diamond	green	same	vert	up	(512, 520)	(608, 480)	True	77576	79801	up	(512, 384)	testing
6	xm	f	21	9	diamond	none	same	hori	left	N_dis	(512, 520)	True	81000	81812	left	(512, 384)	testing
6	xm	f	21	9	diamond	green	dif	hori	left	(415, 287)	(608, 480)	True	82841	83875	left	(512, 384)	testing
6	xm	f	21	9	diamond	green	same	vert	up	(415, 287)	(512, 248)	True	84937	86042	up	(512, 384)	testing
6	xm	f	21	9	diamond	none	dif	hori	left	N_dis	(608, 480)	True	87286	88159	left	(512, 384)	testing
6	xm	f	21	9	diamond	red	same	hori	left	(512, 248)	(512, 520)	True	89228	90065	left	(512, 384)	testing
6	xm	f	21	9	circle	none	dif	vert	up	N_dis	(415, 287)	True	91305	92608	up	(512, 384)	testing
6	xm	f	21	9	diamond	none	dif	vert	up	N_dis	(415, 287)	True	93758	94857	up	(512, 384)	testing
6	xm	f	21	9	circle	none	dif	hori	left	N_dis	(648, 384)	True	96047	96982	left	(512, 384)	testing
6	xm	f	21	9	circle	green	dif	vert	up	(415, 287)	(512, 520)	True	98008	98827	up	(512, 384)	testing
6	xm	f	21	9	circle	none	dif	vert	up	N_dis	(608, 287)	True	99898	101007	up	(512, 384)	testing
6	xm	f	21	9	diamond	none	same	hori	left	N_dis	(512, 248)	True	102075	103107	left	(512, 384)	testing
6	xm	f	21	9	diamond	none	dif	vert	up	N_dis	(648, 384)	True	104224	105212	up	(512, 384)	testing
6	xm	f	21	9	circle	none	dif	vert	up	N_dis	(415, 480)	True	106326	107350	up	(512, 384)	testing
6	xm	f	21	9	circle	none	same	vert	up	N_dis	(415, 287)	True	108589	109870	up	(512, 384)	testing
6	xm	f	21	9	circle	none	dif	vert	up	N_dis	(376, 384)	True	110951	111918	up	(512, 384)	testing
6	xm	f	21	9	diamond	green	dif	hori	left	(415, 287)	(608, 287)	True	112996	114226	left	(512, 384)	testing
6	xm	f	21	9	diamond	green	dif	hori	left	(415, 287)	(608, 480)	True	115354	116234	left	(512, 384)	testing
6	xm	f	21	9	diamond	none	dif	hori	left	N_dis	(608, 287)	True	117462	118346	left	(512, 384)	testing
6	xm	f	21	9	circle	green	same	hori	left	(415, 480)	(376, 384)	True	119602	120742	left	(512, 384)	testing
6	xm	f	21	9	diamond	red	dif	vert	up	(415, 287)	(376, 384)	True	121810	122996	up	(512, 384)	testing
6	xm	f	21	9	circle	none	same	vert	up	N_dis	(415, 287)	True	124267	126114	up	(512, 384)	testing
6	xm	f	21	9	circle	green	same	vert	up	(415, 287)	(608, 480)	True	127352	128237	up	(512, 384)	testing
6	xm	f	21	9	circle	green	same	hori	left	(415, 287)	(512, 248)	True	129308	130404	left	(512, 384)	testing
6	xm	f	21	9	diamond	red	same	vert	up	(415, 287)	(608, 480)	True	131674	132820	up	(512, 384)	testing
6	xm	f	21	9	diamond	red	dif	vert	up	(415, 287)	(648, 384)	True	134074	135125	up	(512, 384)	testing
6	xm	f	21	9	circle	red	dif	hori	left	(415, 287)	(512, 520)	True	136363	137423	left	(512, 384)	testing
6	xm	f	21	9	circle	green	dif	hori	left	(376, 384)	(608, 287)	True	138564	139622	left	(512, 384)	testing
6	xm	f	21	9	diamond	green	same	hori	left	(415, 287)	(376, 384)	True	140682	142126	left	(512, 384)	testing
6	xm	f	21	9	diamond	green	dif	hori	left	(415, 287)	(512, 248)	True	143281	144900	left	(512, 384)	testing
6	xm	f	21	9	diamond	red	same	vert	up	(376, 384)	(415, 480)	True	146052	148592	up	(512, 384)	testing
6	xm	f	21	9	diamond	green	same	hori	left	(415, 287)	(376, 384)	True	149685	150372	left	(512, 384)	testing
6	xm	f	21	9	circle	none	dif	vert	up	N_dis	(648, 384)	True	151396	152364	up	(512, 384)	testing
6	xm	f	21	9	diamond	red	same	hori	left	(415, 287)	(512, 520)	True	153443	154305	left	(512, 384)	testing
6	xm	f	21	9	diamond	none	dif	hori	left	N_dis	(608, 287)	True	155446	156211	left	(512, 384)	testing
6	xm	f	21	9	circle	none	same	hori	left	N_dis	(415, 480)	True	157276	158139	left	(512, 384)	testing
6	xm	f	21	9	diamond	red	dif	hori	left	(415, 287)	(415, 480)	True	159203	160222	left	(512, 384)	testing
6	xm	f	21	9	circle	red	same	hori	left	(415, 287)	(648, 384)	True	161419	162636	left	(512, 384)	testing
6	xm	f	21	9	circle	green	same	vert	up	(608, 287)	(512, 248)	True	163730	165338	up	(512, 384)	testing
6	xm	f	21	9	diamond	none	same	vert	up	N_dis	(648, 384)	True	166494	167317	up	(512, 384)	testing
6	xm	f	21	9	diamond	none	dif	vert	up	N_dis	(376, 384)	True	168420	169458	up	(512, 384)	testing
6	xm	f	21	9	diamond	none	dif	hori	left	N_dis	(512, 248)	True	170705	172239	left	(512, 384)	testing
6	xm	f	21	9	circle	green	dif	vert	up	(415, 287)	(415, 480)	True	173458	174696	left	(512, 384)	testing
6	xm	f	21	9	circle	green	dif	hori	left	(608, 480)	(512, 248)	True	177315	178645	left	(512, 384)	testing
6	xm	f	21	9	diamond	green	same	vert	up	(415, 287)	(608, 287)	True	179895	180901	up	(512, 384)	testing
6	xm	f	21	9	diamond	green	dif	vert	up	(415, 287)	(608, 287)	True	182169	183455	up	(512, 384)	testing
6	xm	f	21	9	circle	green	dif	vert	up	(415, 287)	(648, 384)	True	184618	185689	up	(512, 384)	testing
6	xm	f	21	9	circle	green	dif	hori	left	(415, 287)	(376, 384)	True	186737	188013	left	(512, 384)	testing
6	xm	f	21	9	diamond	green	same	hori	left	(415, 287)	(512, 520)	True	189187	190159	left	(512, 384)	testing
6	xm	f	21	9	diamond	red	dif	hori	left	(415, 287)	(608, 287)	True	191379	192141	left	(512, 384)	testing
6	xm	f	21	9	circle	green	same	vert	up	(376, 384)	(415, 480)	True	193410	194744	up	(512, 384)	testing
6	xm	f	21	9	diamond	green	dif	hori	left	(415, 287)	(415, 480)	True	195876	196753	left	(512, 384)	testing
6	xm	f	21	9	diamond	red	dif	vert	up	(415, 287)	(415, 480)	True	197949	199603	up	(512, 384)	testing
6	xm	f	21	9	diamond	red	dif	hori	left	(608, 480)	(512, 248)	True	200670	201649	left	(512, 384)	testing
6	xm	f	21	9	circle	green	same	hori	left	(415, 287)	(608, 287)	True	202731	203543	left	(512, 384)	testing
6	xm	f	21	9	diamond	none	same	hori	left	N_dis	(512, 248)	True	204596	205560	left	(512, 384)	testing
6	xm	f	21	9	circle	green	dif	hori	left	(415, 287)	(608, 480)	True	206709	207562	left	(512, 384)	testing
6	xm	f	21	9	circle	none	same	vert	up	N_dis	(608, 480)	True	208682	209852	up	(512, 384)	testing
6	xm	f	21	9	circle	none	dif	hori	left	N_dis	(376, 384)	True	210924	211778	left	(512, 384)	testing
6	xm	f	21	9	circle	green	dif	vert	up	(415, 287)	(376, 384)	True	212867	213864	up	(512, 384)	testing
6	xm	f	21	9	circle	none	dif	hori	left	N_dis	(608, 480)	True	215095	215787	left	(512, 384)	testing
6	xm	f	21	9	diamond	red	same	hori	left	(415, 287)	(376, 384)	True	216921	218663	left	(512, 384)	testing
6	xm	f	21	9	circle	red	dif	vert	up	(608, 287)	(608, 480)	True	219882	220819	up	(512, 384)	testing
6	xm	f	21	9	circle	red	same	hori	left	(648, 384)	(376, 384)	True	222010	223764	left	(512, 384)	testing
6	xm	f	21	9	circle	red	same	hori	left	(415, 287)	(512, 520)	True	224938	226128	left	(512, 384)	testing
6	xm	f	21	9	diamond	none	same	vert	up	N_dis	(512, 520)	True	227247	228751	up	(512, 384)	testing
6	xm	f	21	9	circle	green	same	hori	left	(415, 287)	(376, 384)	True	229964	230891	left	(512, 384)	testing
6	xm	f	21	9	circle	none	dif	hori	left	N_dis	(608, 480)	True	232012	232791	left	(512, 384)	testing
6	xm	f	21	9	circle	green	same	vert	up	(415, 287)	(648, 384)	True	233815	235089	up	(512, 384)	testing
6	xm	f	21	9	diamond	green	dif	vert	up	(512, 248)	(512, 520)	True	236285	237664	up	(512, 384)	testing
6	xm	f	21	9	diamond	red	same	vert	up	(415, 287)	(608, 480)	True	238742	239619	up	(512, 384)	testing
6	xm	f	21	9	circle	red	same	vert	up	(512, 248)	(376, 384)	True	240879	242040	up	(512, 384)	testing
6	xm	f	21	9	circle	green	same	vert	up	(415, 287)	(512, 248)	True	243298	244489	up	(512, 384)	testing
6	xm	f	21	9	circle	red	same	vert	up	(608, 287)	(415, 480)	True	245642	247315	up	(512, 384)	testing
6	xm	f	21	9	diamond	none	same	vert	up	N_dis	(512, 520)	True	248346	249785	up	(512, 384)	testing
6	xm	f	21	9	diamond	red	same	vert	up	(648, 384)	(608, 287)	True	250844	252089	up	(512, 384)	testing
6	xm	f	21	9	diamond	green	dif	vert	up	(415, 287)	(608, 480)	True	253201	254390	up	(512, 384)	testing
6	xm	f	21	9	diamond	none	dif	hori	left	N_dis	(512, 520)	True	255487	256542	left	(512, 384)	testing
6	xm	f	21	9	circle	none	same	hori	left	N_dis	(376, 384)	True	257596	258787	left	(512, 384)	testing
6	xm	f	21	9	circle	red	dif	vert	up	(648, 384)	(608, 480)	True	259842	260924	up	(512, 384)	testing
6	xm	f	21	9	circle	red	same	vert	up	(512, 248)	(648, 384)	True	261946	263117	up	(512, 384)	testing
6	xm	f	21	9	diamond	none	dif	vert	up	N_dis	(415, 480)	True	264270	265443	up	(512, 384)	testing
6	xm	f	21	9	circle	green	dif	hori	left	(415, 480)	(608, 287)	True	266666	267546	left	(512, 384)	testing
6	xm	f	21	9	diamond	none	dif	vert	up	N_dis	(415, 480)	True	268650	269694	up	(512, 384)	testing
6	xm	f	21	9	circle	none	same	hori	left	N_dis	(608, 287)	True	270779	271520	left	(512, 384)	testing
6	xm	f	21	9	circle	none	same	hori	left	N_dis	(608, 287)	True	272752	273882	left	(512, 384)	testing
6	xm	f	21	9	diamond	green	same	hori	left	(415, 287)	(608, 287)	True	275000	275810	left	(512, 384)	testing
6	xm	f	21	9	diamond	green	dif	vert	up	(512, 520)	(415, 480)	True	277044	278097	up	(512, 384)	testing
6	xm	f	21	9	diamond	red	dif	hori	left	(415, 287)	(512, 248)	True	279150	280094	left	(512, 384)	testing
6	xm	f	21	9	diamond	green	dif	vert	up	(415, 287)	(512, 520)	True	281165	282483	up	(512, 384)	testing
6	xm	f	21	9	circle	green	dif	vert	up	(376, 384)	(415, 480)	True	283727	285167	up	(512, 384)	testing
6	xm	f	21	9	diamond	none	same	hori	left	N_dis	(512, 248)	True	286310	287405	left	(512, 384)	testing
6	xm	f	21	9	circle	none	same	hori	left	N_dis	(376, 384)	True	288550	289573	left	(512, 384)	testing
6	xm	f	21	9	circle	red	dif	vert	up	(415, 480)	(648, 384)	True	290677	291526	up	(512, 384)	testing
6	xm	f	21	9	circle	none	same	vert	up	N_dis	(512, 248)	True	292771	293712	up	(512, 384)	testing
6	xm	f	21	9	diamond	red	dif	vert	up	(415, 287)	(608, 480)	True	294973	296105	up	(512, 384)	testing
6	xm	f	21	9	diamond	green	same	vert	up	(415, 287)	(648, 384)	True	297200	298136	up	(512, 384)	testing
6	xm	f	21	9	circle	red	same	hori	left	(608, 287)	(648, 384)	True	299225	300265	left	(512, 384)	testing
6	xm	f	21	9	diamond	red	dif	vert	up	(415, 287)	(512, 520)	True	301515	302733	up	(512, 384)	testing
6	xm	f	21	9	circle	red	same	hori	left	(415, 287)	(608, 287)	True	303905	304990	left	(512, 384)	testing
6	xm	f	21	9	circle	red	dif	vert	up	(512, 520)	(608, 480)	True	306113	307123	up	(512, 384)	testing
6	xm	f	21	9	diamond	red	dif	hori	left	(648, 384)	(608, 287)	True	308331	309341	left	(512, 384)	testing
6	xm	f	21	9	diamond	none	same	vert	up	N_dis	(648, 384)	True	310507	311566	up	(512, 384)	testing
6	xm	f	21	9	circle	red	same	vert	up	(608, 480)	(415, 480)	True	312741	313859	up	(512, 384)	testing
