subj	name	gender	age	runNum	shape	dist	td_dif	resp	resp_key	d_loc	t_loc	gotKey	startTime	respTime	resp	fix_loc	prac
6	xm	f	21	10	diamond	red	same	hori	left	(415, 287)	(376, 384)	True	32828	33805	left	(512, 384)	testing
6	xm	f	21	10	diamond	red	same	hori	left	(415, 287)	(415, 480)	True	35021	35960	left	(512, 384)	testing
6	xm	f	21	10	diamond	green	dif	hori	left	(608, 287)	(608, 480)	True	37173	37976	left	(512, 384)	testing
6	xm	f	21	10	diamond	green	same	vert	up	(512, 248)	(512, 520)	True	39001	40451	up	(512, 384)	testing
6	xm	f	21	10	diamond	none	same	vert	up	N_dis	(648, 384)	True	41688	42646	up	(512, 384)	testing
6	xm	f	21	10	circle	green	same	hori	left	(415, 287)	(376, 384)	True	43763	44949	left	(512, 384)	testing
6	xm	f	21	10	circle	red	same	vert	up	(415, 287)	(415, 480)	True	46183	47250	up	(512, 384)	testing
6	xm	f	21	10	diamond	green	same	vert	up	(415, 480)	(608, 480)	True	48277	49310	up	(512, 384)	testing
6	xm	f	21	10	diamond	none	dif	hori	left	N_dis	(376, 384)	True	50356	51307	left	(512, 384)	testing
6	xm	f	21	10	diamond	green	same	vert	up	(415, 287)	(648, 384)	True	52557	53553	up	(512, 384)	testing
6	xm	f	21	10	circle	none	same	vert	up	N_dis	(376, 384)	True	54812	56083	up	(512, 384)	testing
6	xm	f	21	10	diamond	red	same	hori	left	(608, 287)	(608, 480)	True	57157	58194	left	(512, 384)	testing
6	xm	f	21	10	circle	green	same	hori	left	(415, 287)	(648, 384)	True	59312	60568	left	(512, 384)	testing
6	xm	f	21	10	diamond	red	dif	vert	up	(512, 248)	(376, 384)	True	61685	62910	up	(512, 384)	testing
6	xm	f	21	10	diamond	none	same	vert	up	N_dis	(512, 248)	True	64124	65288	up	(512, 384)	testing
6	xm	f	21	10	diamond	green	same	vert	up	(415, 480)	(648, 384)	True	66523	67294	up	(512, 384)	testing
6	xm	f	21	10	diamond	green	dif	vert	up	(415, 287)	(608, 480)	True	68560	69586	up	(512, 384)	testing
6	xm	f	21	10	circle	red	same	hori	left	(608, 480)	(608, 287)	True	70678	71623	left	(512, 384)	testing
6	xm	f	21	10	diamond	none	dif	vert	up	N_dis	(648, 384)	True	72836	73580	up	(512, 384)	testing
6	xm	f	21	10	diamond	none	same	hori	left	N_dis	(648, 384)	True	74763	75551	left	(512, 384)	testing
6	xm	f	21	10	diamond	red	dif	hori	left	(415, 287)	(415, 480)	True	76744	77733	left	(512, 384)	testing
6	xm	f	21	10	circle	none	same	vert	up	N_dis	(608, 287)	True	78852	79973	up	(512, 384)	testing
6	xm	f	21	10	circle	green	dif	hori	left	(415, 287)	(608, 480)	True	81114	81896	left	(512, 384)	testing
6	xm	f	21	10	diamond	red	dif	hori	left	(608, 480)	(608, 287)	True	83014	83904	left	(512, 384)	testing
6	xm	f	21	10	diamond	green	dif	vert	up	(415, 287)	(608, 287)	True	85073	86436	up	(512, 384)	testing
6	xm	f	21	10	circle	none	same	vert	up	N_dis	(648, 384)	True	87649	88837	up	(512, 384)	testing
6	xm	f	21	10	circle	red	dif	hori	left	(415, 287)	(376, 384)	True	89873	91181	left	(512, 384)	testing
6	xm	f	21	10	diamond	green	same	hori	left	(415, 287)	(512, 520)	True	92324	93655	left	(512, 384)	testing
6	xm	f	21	10	circle	green	dif	vert	up	(415, 287)	(512, 520)	True	94897	96016	up	(512, 384)	testing
6	xm	f	21	10	circle	green	dif	hori	left	(415, 480)	(608, 287)	True	97056	98099	left	(512, 384)	testing
6	xm	f	21	10	circle	none	same	hori	left	N_dis	(376, 384)	True	99122	100570	left	(512, 384)	testing
6	xm	f	21	10	diamond	green	dif	hori	left	(512, 248)	(512, 520)	True	101707	103020	left	(512, 384)	testing
6	xm	f	21	10	circle	green	same	vert	up	(608, 287)	(512, 248)	True	104169	105182	up	(512, 384)	testing
6	xm	f	21	10	circle	none	dif	hori	left	N_dis	(415, 480)	True	106327	107125	left	(512, 384)	testing
6	xm	f	21	10	circle	red	dif	vert	up	(415, 287)	(512, 248)	True	108253	109499	up	(512, 384)	testing
6	xm	f	21	10	diamond	red	same	hori	left	(376, 384)	(648, 384)	True	110728	111671	left	(512, 384)	testing
6	xm	f	21	10	diamond	red	dif	vert	up	(415, 287)	(512, 248)	True	112775	113910	up	(512, 384)	testing
6	xm	f	21	10	diamond	none	dif	hori	left	N_dis	(376, 384)	True	115089	116040	left	(512, 384)	testing
6	xm	f	21	10	circle	none	same	hori	left	N_dis	(608, 480)	True	117309	118211	left	(512, 384)	testing
6	xm	f	21	10	circle	red	same	hori	left	(415, 287)	(608, 287)	True	119362	120171	left	(512, 384)	testing
6	xm	f	21	10	circle	none	dif	vert	up	N_dis	(415, 480)	True	121201	122159	up	(512, 384)	testing
6	xm	f	21	10	circle	none	dif	hori	left	N_dis	(376, 384)	True	123343	125194	left	(512, 384)	testing
6	xm	f	21	10	circle	none	same	vert	up	N_dis	(608, 480)	True	126230	127331	up	(512, 384)	testing
6	xm	f	21	10	circle	red	same	vert	up	(415, 287)	(415, 480)	True	128555	130310	up	(512, 384)	testing
6	xm	f	21	10	circle	green	same	hori	left	(415, 287)	(512, 248)	True	131345	132591	left	(512, 384)	testing
6	xm	f	21	10	diamond	red	same	vert	up	(415, 287)	(608, 480)	True	133640	134570	up	(512, 384)	testing
6	xm	f	21	10	diamond	none	dif	vert	up	N_dis	(415, 287)	True	135699	136730	up	(512, 384)	testing
6	xm	f	21	10	circle	green	dif	hori	left	(648, 384)	(512, 520)	True	137896	138932	left	(512, 384)	testing
6	xm	f	21	10	circle	red	same	hori	left	(376, 384)	(415, 480)	True	140053	141645	left	(512, 384)	testing
6	xm	f	21	10	diamond	red	same	vert	up	(415, 287)	(608, 480)	True	142704	143554	up	(512, 384)	testing
6	xm	f	21	10	circle	green	dif	hori	left	(415, 287)	(376, 384)	True	144751	145531	left	(512, 384)	testing
6	xm	f	21	10	circle	green	same	hori	left	(512, 248)	(415, 480)	True	146629	147653	left	(512, 384)	testing
6	xm	f	21	10	diamond	green	dif	vert	up	(415, 287)	(608, 480)	True	148749	149642	up	(512, 384)	testing
6	xm	f	21	10	diamond	green	dif	hori	left	(415, 287)	(608, 480)	True	150872	151681	left	(512, 384)	testing
6	xm	f	21	10	circle	green	dif	vert	up	(415, 287)	(512, 520)	True	152772	153846	up	(512, 384)	testing
6	xm	f	21	10	circle	red	dif	vert	up	(415, 287)	(512, 520)	True	154885	155875	up	(512, 384)	testing
6	xm	f	21	10	diamond	none	same	vert	up	N_dis	(415, 480)	True	157038	158585	up	(512, 384)	testing
6	xm	f	21	10	circle	red	same	hori	left	(415, 287)	(512, 248)	True	159727	160714	left	(512, 384)	testing
6	xm	f	21	10	diamond	green	dif	hori	left	(415, 287)	(608, 287)	True	161936	162854	left	(512, 384)	testing
6	xm	f	21	10	diamond	red	dif	hori	left	(415, 287)	(512, 248)	True	163945	165078	left	(512, 384)	testing
6	xm	f	21	10	circle	none	dif	vert	up	N_dis	(608, 480)	True	166246	167286	up	(512, 384)	testing
6	xm	f	21	10	circle	none	dif	vert	up	N_dis	(415, 287)	True	168310	169678	up	(512, 384)	testing
6	xm	f	21	10	circle	red	dif	vert	up	(415, 287)	(608, 480)	True	170846	172150	up	(512, 384)	testing
6	xm	f	21	10	circle	green	same	vert	up	(415, 287)	(512, 248)	True	173373	174345	up	(512, 384)	testing
6	xm	f	21	10	diamond	green	dif	hori	left	(415, 287)	(608, 480)	True	175576	176493	left	(512, 384)	testing
6	xm	f	21	10	circle	green	dif	hori	left	(415, 287)	(415, 480)	True	177696	180362	left	(512, 384)	testing
6	xm	f	21	10	circle	none	same	vert	up	N_dis	(512, 520)	True	181495	182511	up	(512, 384)	testing
6	xm	f	21	10	diamond	red	dif	vert	up	(415, 287)	(376, 384)	True	183547	184916	up	(512, 384)	testing
6	xm	f	21	10	diamond	none	same	vert	up	N_dis	(608, 480)	True	186102	187360	up	(512, 384)	testing
6	xm	f	21	10	circle	none	dif	hori	left	N_dis	(512, 520)	True	188556	189543	left	(512, 384)	testing
6	xm	f	21	10	circle	red	same	vert	up	(512, 520)	(608, 480)	True	190621	191936	up	(512, 384)	testing
6	xm	f	21	10	diamond	none	same	vert	up	N_dis	(512, 520)	True	193206	194952	up	(512, 384)	testing
6	xm	f	21	10	diamond	none	same	hori	left	N_dis	(608, 287)	True	196215	197325	left	(512, 384)	testing
6	xm	f	21	10	diamond	green	dif	vert	up	(415, 287)	(512, 520)	True	198359	199404	up	(512, 384)	testing
6	xm	f	21	10	diamond	green	same	vert	up	(608, 287)	(415, 480)	True	200672	201762	up	(512, 384)	testing
6	xm	f	21	10	circle	none	dif	vert	up	N_dis	(512, 520)	True	202854	203822	up	(512, 384)	testing
6	xm	f	21	10	diamond	none	same	hori	left	N_dis	(415, 480)	True	205061	205882	left	(512, 384)	testing
6	xm	f	21	10	diamond	red	same	hori	left	(512, 520)	(608, 287)	True	207006	208032	left	(512, 384)	testing
6	xm	f	21	10	diamond	red	same	vert	up	(415, 480)	(512, 248)	True	209186	210337	up	(512, 384)	testing
6	xm	f	21	10	circle	red	dif	hori	left	(415, 287)	(608, 287)	True	211419	212486	left	(512, 384)	testing
6	xm	f	21	10	circle	none	dif	vert	up	N_dis	(608, 287)	True	213646	214723	up	(512, 384)	testing
6	xm	f	21	10	circle	red	dif	hori	left	(608, 480)	(608, 287)	True	215906	216754	left	(512, 384)	testing
6	xm	f	21	10	circle	red	same	hori	left	(512, 520)	(608, 480)	True	217969	218954	left	(512, 384)	testing
6	xm	f	21	10	diamond	red	same	vert	up	(415, 287)	(648, 384)	True	220110	221181	up	(512, 384)	testing
6	xm	f	21	10	diamond	red	dif	hori	left	(376, 384)	(415, 480)	True	222440	223352	left	(512, 384)	testing
6	xm	f	21	10	diamond	green	dif	vert	up	(512, 520)	(608, 480)	True	224477	225909	up	(512, 384)	testing
6	xm	f	21	10	circle	green	same	hori	left	(415, 287)	(415, 480)	True	227155	228142	left	(512, 384)	testing
6	xm	f	21	10	diamond	none	dif	hori	left	N_dis	(415, 287)	True	229323	230665	left	(512, 384)	testing
6	xm	f	21	10	circle	red	dif	vert	up	(415, 287)	(512, 248)	True	231861	232852	up	(512, 384)	testing
6	xm	f	21	10	diamond	green	same	hori	left	(415, 287)	(608, 287)	True	233975	234995	left	(512, 384)	testing
6	xm	f	21	10	circle	none	dif	hori	left	N_dis	(415, 287)	True	236265	237248	left	(512, 384)	testing
6	xm	f	21	10	circle	none	dif	hori	left	N_dis	(648, 384)	True	238362	239304	left	(512, 384)	testing
6	xm	f	21	10	diamond	green	same	hori	left	(415, 287)	(608, 480)	True	240453	241375	left	(512, 384)	testing
6	xm	f	21	10	circle	green	same	vert	up	(415, 287)	(376, 384)	True	242404	243907	up	(512, 384)	testing
6	xm	f	21	10	circle	green	dif	vert	up	(415, 287)	(512, 520)	True	245176	246116	up	(512, 384)	testing
6	xm	f	21	10	circle	green	same	vert	up	(415, 287)	(648, 384)	True	247302	248493	up	(512, 384)	testing
6	xm	f	21	10	diamond	green	same	hori	left	(415, 287)	(376, 384)	True	249573	250342	left	(512, 384)	testing
6	xm	f	21	10	circle	red	dif	hori	left	(648, 384)	(608, 480)	True	251615	252324	left	(512, 384)	testing
6	xm	f	21	10	circle	green	dif	vert	up	(415, 287)	(608, 480)	True	253391	254338	up	(512, 384)	testing
6	xm	f	21	10	circle	none	same	hori	left	N_dis	(608, 287)	True	255544	256435	left	(512, 384)	testing
6	xm	f	21	10	circle	none	same	hori	left	N_dis	(415, 287)	True	257652	258375	left	(512, 384)	testing
6	xm	f	21	10	circle	red	dif	hori	left	(415, 287)	(648, 384)	True	259460	260128	left	(512, 384)	testing
6	xm	f	21	10	diamond	none	dif	vert	up	N_dis	(512, 520)	True	261184	262159	up	(512, 384)	testing
6	xm	f	21	10	circle	green	same	vert	up	(415, 287)	(512, 520)	True	263208	264526	up	(512, 384)	testing
6	xm	f	21	10	diamond	none	dif	vert	up	N_dis	(608, 287)	True	265668	266788	up	(512, 384)	testing
6	xm	f	21	10	diamond	none	dif	vert	up	N_dis	(512, 248)	True	267903	268862	up	(512, 384)	testing
6	xm	f	21	10	circle	green	dif	vert	up	(415, 287)	(415, 480)	True	270030	271050	up	(512, 384)	testing
6	xm	f	21	10	diamond	none	same	hori	left	N_dis	(608, 480)	True	272294	273303	left	(512, 384)	testing
6	xm	f	21	10	circle	red	same	vert	up	(415, 287)	(608, 287)	True	274352	275595	up	(512, 384)	testing
6	xm	f	21	10	circle	red	dif	vert	up	(415, 287)	(648, 384)	True	276629	277926	up	(512, 384)	testing
6	xm	f	21	10	circle	red	same	vert	up	(648, 384)	(608, 287)	True	279061	280119	up	(512, 384)	testing
6	xm	f	21	10	diamond	red	dif	vert	up	(608, 480)	(608, 287)	True	281354	282407	up	(512, 384)	testing
6	xm	f	21	10	diamond	red	dif	hori	left	(648, 384)	(608, 480)	True	283657	284945	left	(512, 384)	testing
6	xm	f	21	10	diamond	none	same	hori	left	N_dis	(512, 248)	True	286138	287043	left	(512, 384)	testing
6	xm	f	21	10	circle	none	same	hori	left	N_dis	(512, 248)	True	288260	289297	left	(512, 384)	testing
6	xm	f	21	10	diamond	none	dif	hori	left	N_dis	(415, 480)	True	290360	292417	left	(512, 384)	testing
6	xm	f	21	10	diamond	green	same	hori	left	(415, 287)	(648, 384)	True	293559	294417	left	(512, 384)	testing
6	xm	f	21	10	diamond	none	dif	hori	left	N_dis	(512, 248)	True	295677	296751	left	(512, 384)	testing
6	xm	f	21	10	diamond	red	same	vert	up	(376, 384)	(608, 287)	True	297932	299443	up	(512, 384)	testing
6	xm	f	21	10	diamond	red	dif	vert	up	(415, 287)	(608, 287)	True	300646	301530	up	(512, 384)	testing
conf	6	xm	f	21	10	0	space	None	None	None	None	None	None	None	None	True	362497	371914	2
