subj	name	gender	age	runNum	shape	dist	td_dif	resp	resp_key	d_loc	t_loc	gotKey	startTime	respTime	resp	fix_loc	prac
6	xm	f	21	7	diamond	red	dif	hori	left	(415, 287)	(608, 480)	True	38631	39668	left	(512, 384)	testing
6	xm	f	21	7	diamond	red	same	hori	left	(415, 287)	(512, 520)	True	40867	42316	left	(512, 384)	testing
6	xm	f	21	7	circle	green	same	vert	up	(415, 480)	(608, 480)	True	43497	45132	up	(512, 384)	testing
6	xm	f	21	7	diamond	green	same	vert	up	(415, 287)	(648, 384)	True	46233	47982	up	(512, 384)	testing
6	xm	f	21	7	diamond	red	same	hori	left	(648, 384)	(415, 480)	True	49137	50130	left	(512, 384)	testing
6	xm	f	21	7	diamond	green	dif	hori	left	(415, 287)	(512, 520)	True	51199	52315	left	(512, 384)	testing
6	xm	f	21	7	circle	green	dif	hori	left	(415, 287)	(512, 520)	True	53420	54538	left	(512, 384)	testing
6	xm	f	21	7	circle	red	same	hori	left	(415, 287)	(608, 480)	True	55741	56949	left	(512, 384)	testing
6	xm	f	21	7	diamond	red	dif	vert	up	(415, 287)	(648, 384)	True	57983	59127	up	(512, 384)	testing
6	xm	f	21	7	diamond	none	same	vert	up	N_dis	(415, 287)	True	60386	61678	up	(512, 384)	testing
6	xm	f	21	7	diamond	red	dif	vert	up	(415, 480)	(512, 520)	True	62734	64217	up	(512, 384)	testing
6	xm	f	21	7	diamond	none	same	hori	left	N_dis	(608, 480)	True	65433	66517	left	(512, 384)	testing
6	xm	f	21	7	diamond	green	dif	hori	left	(415, 287)	(648, 384)	True	67652	68571	left	(512, 384)	testing
6	xm	f	21	7	circle	green	dif	vert	up	(512, 520)	(608, 287)	True	69699	71017	up	(512, 384)	testing
6	xm	f	21	7	circle	green	dif	vert	up	(415, 287)	(512, 520)	True	72097	74203	up	(512, 384)	testing
6	xm	f	21	7	circle	red	dif	vert	up	(608, 480)	(608, 287)	True	75295	76585	up	(512, 384)	testing
6	xm	f	21	7	diamond	green	dif	hori	left	(415, 287)	(608, 480)	True	77681	78825	left	(512, 384)	testing
6	xm	f	21	7	circle	red	dif	vert	up	(608, 287)	(512, 520)	True	79858	80876	up	(512, 384)	testing
6	xm	f	21	7	diamond	red	same	hori	left	(415, 287)	(608, 480)	True	81962	82925	left	(512, 384)	testing
6	xm	f	21	7	circle	green	same	hori	left	(415, 287)	(512, 248)	True	84169	85329	left	(512, 384)	testing
6	xm	f	21	7	diamond	red	same	vert	up	(415, 287)	(608, 480)	True	86357	87409	up	(512, 384)	testing
6	xm	f	21	7	circle	green	same	vert	up	(415, 287)	(376, 384)	True	88623	89951	up	(512, 384)	testing
6	xm	f	21	7	diamond	red	same	vert	up	(512, 248)	(512, 520)	True	91043	92407	up	(512, 384)	testing
6	xm	f	21	7	diamond	none	same	hori	left	N_dis	(376, 384)	True	93488	94470	left	(512, 384)	testing
6	xm	f	21	7	circle	red	same	vert	up	(415, 287)	(512, 248)	True	95639	98127	up	(512, 384)	testing
6	xm	f	21	7	circle	none	same	hori	left	N_dis	(648, 384)	True	99315	100102	left	(512, 384)	testing
6	xm	f	21	7	circle	none	dif	hori	left	N_dis	(512, 248)	True	101126	102304	left	(512, 384)	testing
6	xm	f	21	7	diamond	red	dif	vert	up	(415, 287)	(512, 248)	True	103518	104578	up	(512, 384)	testing
6	xm	f	21	7	diamond	green	same	hori	left	(415, 287)	(415, 480)	True	105703	106920	left	(512, 384)	testing
6	xm	f	21	7	diamond	none	dif	hori	left	N_dis	(608, 287)	True	108009	109005	left	(512, 384)	testing
6	xm	f	21	7	diamond	red	dif	hori	left	(376, 384)	(608, 287)	True	110087	111345	left	(512, 384)	testing
6	xm	f	21	7	circle	green	dif	hori	left	(415, 287)	(415, 480)	True	112420	113889	left	(512, 384)	testing
6	xm	f	21	7	diamond	red	same	vert	up	(415, 287)	(512, 520)	True	115015	116262	up	(512, 384)	testing
6	xm	f	21	7	circle	none	dif	hori	left	N_dis	(648, 384)	True	117444	118422	left	(512, 384)	testing
6	xm	f	21	7	circle	red	same	vert	up	(512, 248)	(608, 287)	True	119618	121243	up	(512, 384)	testing
6	xm	f	21	7	circle	green	dif	hori	left	(415, 287)	(648, 384)	True	122409	123274	left	(512, 384)	testing
6	xm	f	21	7	diamond	red	same	vert	up	(415, 287)	(512, 248)	True	124537	125764	up	(512, 384)	testing
6	xm	f	21	7	circle	none	same	vert	up	N_dis	(415, 480)	True	126968	128766	up	(512, 384)	testing
6	xm	f	21	7	circle	green	dif	hori	left	(376, 384)	(512, 248)	True	129937	131055	left	(512, 384)	testing
6	xm	f	21	7	diamond	none	dif	vert	up	N_dis	(608, 480)	True	132283	134617	up	(512, 384)	testing
6	xm	f	21	7	circle	none	dif	vert	up	N_dis	(648, 384)	True	135778	137120	up	(512, 384)	testing
6	xm	f	21	7	diamond	green	same	vert	up	(415, 287)	(415, 480)	True	138319	139257	up	(512, 384)	testing
6	xm	f	21	7	diamond	red	same	hori	left	(415, 287)	(608, 287)	True	140293	141266	left	(512, 384)	testing
6	xm	f	21	7	circle	red	dif	hori	left	(415, 287)	(415, 480)	True	142291	143904	left	(512, 384)	testing
6	xm	f	21	7	circle	red	dif	hori	left	(608, 287)	(608, 480)	True	145044	146263	left	(512, 384)	testing
6	xm	f	21	7	circle	none	dif	vert	up	N_dis	(648, 384)	True	147455	148497	up	(512, 384)	testing
6	xm	f	21	7	circle	none	same	hori	left	N_dis	(415, 287)	True	149605	150518	left	(512, 384)	testing
6	xm	f	21	7	circle	red	same	hori	left	(648, 384)	(608, 287)	True	151703	152925	left	(512, 384)	testing
6	xm	f	21	7	diamond	green	same	vert	up	(608, 287)	(376, 384)	True	154069	155299	up	(512, 384)	testing
6	xm	f	21	7	circle	red	same	hori	left	(512, 520)	(376, 384)	True	156533	157647	left	(512, 384)	testing
6	xm	f	21	7	circle	red	dif	hori	left	(415, 287)	(608, 287)	True	158907	159616	left	(512, 384)	testing
6	xm	f	21	7	diamond	green	dif	vert	up	(415, 287)	(608, 480)	True	160856	161918	up	(512, 384)	testing
6	xm	f	21	7	circle	red	dif	hori	left	(415, 287)	(415, 480)	True	162970	164034	left	(512, 384)	testing
6	xm	f	21	7	diamond	red	same	vert	up	(512, 248)	(608, 287)	True	165157	166334	up	(512, 384)	testing
6	xm	f	21	7	diamond	green	same	vert	up	(415, 287)	(608, 480)	True	167579	168571	up	(512, 384)	testing
6	xm	f	21	7	diamond	none	same	vert	up	N_dis	(415, 287)	True	169711	171090	up	(512, 384)	testing
6	xm	f	21	7	circle	green	same	hori	left	(415, 287)	(608, 287)	True	172216	173330	left	(512, 384)	testing
6	xm	f	21	7	diamond	red	dif	hori	left	(415, 287)	(512, 520)	True	174403	175410	left	(512, 384)	testing
6	xm	f	21	7	diamond	green	dif	hori	left	(415, 480)	(376, 384)	True	176483	177917	left	(512, 384)	testing
6	xm	f	21	7	circle	red	same	hori	left	(512, 248)	(608, 287)	True	179107	180541	left	(512, 384)	testing
6	xm	f	21	7	circle	red	dif	hori	left	(415, 287)	(608, 287)	True	181745	183360	left	(512, 384)	testing
6	xm	f	21	7	circle	none	same	hori	left	N_dis	(415, 480)	True	184437	186242	left	(512, 384)	testing
6	xm	f	21	7	diamond	none	same	vert	up	N_dis	(608, 287)	True	187276	188561	up	(512, 384)	testing
6	xm	f	21	7	circle	red	same	vert	up	(608, 480)	(648, 384)	True	189608	191060	up	(512, 384)	testing
6	xm	f	21	7	circle	none	dif	vert	up	N_dis	(608, 480)	True	192265	193280	up	(512, 384)	testing
6	xm	f	21	7	circle	red	dif	vert	up	(376, 384)	(608, 480)	True	194532	195690	up	(512, 384)	testing
6	xm	f	21	7	diamond	none	dif	vert	up	N_dis	(608, 480)	True	196791	198458	up	(512, 384)	testing
6	xm	f	21	7	circle	none	dif	vert	up	N_dis	(376, 384)	True	199520	200678	up	(512, 384)	testing
6	xm	f	21	7	diamond	green	same	vert	up	(512, 520)	(608, 287)	True	201932	203027	up	(512, 384)	testing
6	xm	f	21	7	circle	none	dif	hori	left	N_dis	(376, 384)	True	204286	205724	left	(512, 384)	testing
6	xm	f	21	7	circle	none	same	hori	left	N_dis	(608, 287)	True	206752	208238	left	(512, 384)	testing
6	xm	f	21	7	circle	green	dif	vert	up	(415, 287)	(415, 480)	True	209498	210851	up	(512, 384)	testing
6	xm	f	21	7	circle	green	dif	vert	up	(415, 287)	(608, 287)	True	212072	213296	up	(512, 384)	testing
6	xm	f	21	7	circle	none	dif	hori	left	N_dis	(376, 384)	True	214478	215416	left	(512, 384)	testing
6	xm	f	21	7	circle	none	same	vert	up	N_dis	(512, 248)	True	216502	217388	up	(512, 384)	testing
6	xm	f	21	7	diamond	green	dif	hori	left	(415, 287)	(608, 480)	True	218516	219744	left	(512, 384)	testing
6	xm	f	21	7	diamond	none	same	hori	left	N_dis	(512, 248)	True	220901	222657	left	(512, 384)	testing
6	xm	f	21	7	circle	green	same	vert	up	(608, 480)	(376, 384)	True	223727	225646	up	(512, 384)	testing
6	xm	f	21	7	diamond	none	same	hori	left	N_dis	(512, 248)	True	226803	227872	left	(512, 384)	testing
6	xm	f	21	7	circle	red	same	hori	left	(415, 287)	(376, 384)	True	229000	230522	left	(512, 384)	testing
6	xm	f	21	7	diamond	green	same	hori	left	(415, 287)	(415, 480)	True	231583	233323	left	(512, 384)	testing
6	xm	f	21	7	circle	red	same	vert	up	(648, 384)	(376, 384)	True	234346	235351	up	(512, 384)	testing
6	xm	f	21	7	circle	none	dif	vert	up	N_dis	(512, 248)	True	236461	238306	up	(512, 384)	testing
6	xm	f	21	7	circle	none	same	vert	up	N_dis	(512, 520)	True	239529	240440	up	(512, 384)	testing
6	xm	f	21	7	diamond	red	dif	hori	left	(415, 287)	(376, 384)	True	241659	242900	left	(512, 384)	testing
6	xm	f	21	7	diamond	green	same	hori	left	(415, 287)	(648, 384)	True	244137	245441	left	(512, 384)	testing
6	xm	f	21	7	diamond	red	dif	vert	up	(415, 287)	(608, 480)	True	246508	247375	up	(512, 384)	testing
6	xm	f	21	7	diamond	red	dif	hori	left	(415, 287)	(608, 287)	True	248518	249835	left	(512, 384)	testing
6	xm	f	21	7	circle	green	same	hori	left	(415, 287)	(648, 384)	True	251012	252205	left	(512, 384)	testing
6	xm	f	21	7	circle	red	dif	vert	up	(415, 287)	(608, 480)	True	253248	254053	up	(512, 384)	testing
6	xm	f	21	7	diamond	none	same	vert	up	N_dis	(415, 480)	True	255158	257055	up	(512, 384)	testing
6	xm	f	21	7	diamond	none	dif	hori	left	N_dis	(608, 287)	True	258292	259129	left	(512, 384)	testing
6	xm	f	21	7	circle	none	dif	hori	left	N_dis	(415, 287)	True	260291	261622	left	(512, 384)	testing
6	xm	f	21	7	diamond	green	dif	vert	up	(415, 287)	(512, 248)	True	262807	263898	up	(512, 384)	testing
6	xm	f	21	7	circle	red	dif	vert	up	(512, 520)	(512, 248)	True	264951	266178	up	(512, 384)	testing
6	xm	f	21	7	diamond	green	same	hori	left	(415, 287)	(512, 248)	True	267311	268275	left	(512, 384)	testing
6	xm	f	21	7	circle	green	same	hori	left	(608, 480)	(608, 287)	True	269544	270604	left	(512, 384)	testing
6	xm	f	21	7	diamond	none	dif	hori	left	N_dis	(648, 384)	True	271703	272789	left	(512, 384)	testing
6	xm	f	21	7	diamond	none	same	hori	left	N_dis	(512, 520)	True	274021	274946	left	(512, 384)	testing
6	xm	f	21	7	diamond	red	dif	vert	up	(415, 287)	(376, 384)	True	276061	277556	up	(512, 384)	testing
6	xm	f	21	7	diamond	green	dif	vert	up	(415, 287)	(512, 520)	True	278600	279481	up	(512, 384)	testing
6	xm	f	21	7	diamond	red	same	hori	left	(415, 287)	(608, 287)	True	280578	281552	left	(512, 384)	testing
6	xm	f	21	7	diamond	green	dif	vert	up	(415, 287)	(376, 384)	True	282773	283709	up	(512, 384)	testing
6	xm	f	21	7	circle	red	same	vert	up	(415, 287)	(376, 384)	True	284967	286228	up	(512, 384)	testing
6	xm	f	21	7	diamond	none	dif	vert	up	N_dis	(415, 480)	True	287258	289190	up	(512, 384)	testing
6	xm	f	21	7	diamond	none	dif	vert	up	N_dis	(512, 520)	True	290316	292002	up	(512, 384)	testing
6	xm	f	21	7	circle	green	same	vert	up	(415, 287)	(376, 384)	True	293101	294388	up	(512, 384)	testing
6	xm	f	21	7	circle	none	same	vert	up	N_dis	(376, 384)	True	295517	296819	up	(512, 384)	testing
6	xm	f	21	7	diamond	none	dif	hori	left	N_dis	(608, 287)	True	298090	299003	left	(512, 384)	testing
6	xm	f	21	7	diamond	green	dif	vert	up	(415, 287)	(648, 384)	True	300051	301551	up	(512, 384)	testing
6	xm	f	21	7	diamond	green	same	hori	left	(648, 384)	(608, 287)	True	302788	304051	left	(512, 384)	testing
6	xm	f	21	7	circle	green	same	vert	up	(415, 480)	(376, 384)	True	305132	306124	up	(512, 384)	testing
6	xm	f	21	7	diamond	none	dif	vert	up	N_dis	(512, 520)	True	307372	308778	up	(512, 384)	testing
6	xm	f	21	7	circle	green	dif	vert	up	(415, 287)	(512, 248)	True	309801	311408	up	(512, 384)	testing
6	xm	f	21	7	diamond	none	same	vert	up	N_dis	(415, 480)	True	312587	313577	up	(512, 384)	testing
6	xm	f	21	7	circle	none	same	vert	up	N_dis	(415, 287)	True	314626	315537	up	(512, 384)	testing
6	xm	f	21	7	circle	green	dif	hori	left	(608, 287)	(376, 384)	True	316624	317591	left	(512, 384)	testing
6	xm	f	21	7	diamond	none	dif	hori	left	N_dis	(512, 520)	True	318785	319797	left	(512, 384)	testing
6	xm	f	21	7	circle	green	same	hori	left	(376, 384)	(415, 480)	True	320920	322233	left	(512, 384)	testing
6	xm	f	21	7	circle	none	same	hori	left	N_dis	(608, 480)	True	323476	324379	left	(512, 384)	testing
