subj	name	gender	age	runNum	shape	dist	td_dif	resp	resp_key	d_loc	t_loc	gotKey	startTime	respTime	resp	fix_loc	prac
6	xm	f	21	1	diamond	red	same	hori	left	(415, 480)	(608, 480)	True	254926	256346	left	(512, 384)	practice
6	xm	f	21	1	diamond	green	same	hori	left	(415, 480)	(608, 480)	True	257423	259344	left	(512, 384)	practice
6	xm	f	21	1	diamond	red	dif	vert	up	(415, 480)	(512, 248)	True	260379	262202	up	(512, 384)	practice
6	xm	f	21	1	diamond	red	dif	vert	up	(415, 480)	(608, 480)	True	263450	264845	left	(512, 384)	practice
6	xm	f	21	1	circle	red	dif	hori	left	(415, 480)	(608, 480)	True	267421	269659	left	(512, 384)	practice
6	xm	f	21	1	circle	green	same	hori	left	(415, 480)	(415, 287)	True	270737	272635	left	(512, 384)	practice
6	xm	f	21	1	circle	none	same	vert	up	N_dis	(608, 287)	True	273876	274960	up	(512, 384)	practice
6	xm	f	21	1	circle	none	same	vert	up	N_dis	(608, 287)	True	276066	277463	up	(512, 384)	practice
6	xm	f	21	1	diamond	red	dif	hori	left	(415, 480)	(512, 248)	True	278545	280806	up	(512, 384)	practice
6	xm	f	21	1	circle	red	same	vert	up	(415, 480)	(608, 480)	True	283364	286028	up	(512, 384)	practice
6	xm	f	21	1	circle	red	same	vert	up	(415, 480)	(512, 520)	True	287286	289278	up	(512, 384)	practice
6	xm	f	21	1	diamond	none	same	hori	left	N_dis	(608, 287)	True	290523	291969	left	(512, 384)	practice
6	xm	f	21	1	diamond	green	dif	hori	left	(415, 480)	(512, 520)	True	293194	294427	left	(512, 384)	practice
6	xm	f	21	1	circle	none	dif	hori	left	N_dis	(608, 480)	True	295647	297154	left	(512, 384)	practice
6	xm	f	21	1	diamond	green	same	vert	up	(415, 480)	(512, 520)	True	298192	299412	up	(512, 384)	practice
6	xm	f	21	1	circle	red	same	hori	left	(415, 480)	(648, 384)	True	300506	301983	left	(512, 384)	practice
6	xm	f	21	1	circle	red	same	hori	left	(415, 480)	(608, 287)	True	303128	304633	left	(512, 384)	practice
6	xm	f	21	1	circle	none	same	hori	left	N_dis	(512, 248)	True	305889	307376	left	(512, 384)	practice
6	xm	f	21	1	diamond	red	dif	hori	left	(415, 480)	(376, 384)	True	308422	311013	left	(512, 384)	practice
6	xm	f	21	1	diamond	green	dif	hori	left	(415, 480)	(415, 287)	True	312143	313288	left	(512, 384)	practice
6	xm	f	21	1	diamond	green	dif	vert	up	(415, 480)	(376, 384)	True	314315	316426	up	(512, 384)	practice
6	xm	f	21	1	diamond	red	same	hori	left	(415, 480)	(415, 287)	True	317471	320284	left	(512, 384)	practice
6	xm	f	21	1	circle	none	same	hori	left	N_dis	(376, 384)	True	321480	322757	left	(512, 384)	practice
6	xm	f	21	1	circle	red	dif	vert	up	(415, 480)	(648, 384)	True	323972	325159	up	(512, 384)	practice
6	xm	f	21	1	circle	none	dif	vert	up	N_dis	(512, 520)	True	326342	327884	up	(512, 384)	practice
6	xm	f	21	1	diamond	green	same	vert	up	(415, 480)	(648, 384)	True	329156	330482	up	(512, 384)	practice
6	xm	f	21	1	diamond	red	dif	hori	left	(415, 480)	(512, 520)	True	331697	333123	left	(512, 384)	practice
6	xm	f	21	1	circle	green	same	hori	left	(415, 480)	(512, 248)	True	334224	335633	left	(512, 384)	practice
6	xm	f	21	1	diamond	none	dif	vert	up	N_dis	(512, 248)	True	336725	338152	up	(512, 384)	practice
6	xm	f	21	1	diamond	red	dif	vert	up	(415, 480)	(512, 248)	True	339177	340442	up	(512, 384)	practice
6	xm	f	21	1	circle	none	dif	vert	up	N_dis	(415, 480)	True	341564	343572	up	(512, 384)	practice
6	xm	f	21	1	circle	red	dif	hori	left	(415, 480)	(415, 287)	True	344788	345907	left	(512, 384)	practice
6	xm	f	21	1	circle	green	same	hori	left	(415, 480)	(512, 248)	True	347062	348249	left	(512, 384)	practice
6	xm	f	21	1	circle	red	same	hori	left	(415, 480)	(608, 287)	True	349283	350766	left	(512, 384)	practice
6	xm	f	21	1	circle	red	same	vert	up	(415, 480)	(415, 287)	True	351995	354342	up	(512, 384)	practice
6	xm	f	21	1	circle	none	same	vert	up	N_dis	(608, 287)	True	355565	356789	up	(512, 384)	practice
6	xm	f	21	1	circle	red	dif	vert	up	(415, 480)	(608, 287)	True	357898	359074	up	(512, 384)	practice
6	xm	f	21	1	circle	green	dif	vert	up	(415, 480)	(415, 287)	True	360344	361369	up	(512, 384)	practice
6	xm	f	21	1	diamond	none	same	hori	left	N_dis	(415, 287)	True	362481	365123	up	(512, 384)	practice
6	xm	f	21	1	diamond	red	same	vert	up	(415, 480)	(608, 287)	True	367881	369509	up	(512, 384)	practice
6	xm	f	21	1	diamond	red	dif	vert	up	(648, 384)	(512, 520)	True	398081	400509	up	(512, 384)	testing
6	xm	f	21	1	diamond	none	dif	hori	left	N_dis	(415, 480)	True	401661	402753	left	(512, 384)	testing
6	xm	f	21	1	diamond	green	dif	hori	left	(415, 480)	(512, 520)	True	403899	405270	left	(512, 384)	testing
6	xm	f	21	1	circle	green	same	vert	up	(415, 480)	(512, 520)	True	406352	408047	up	(512, 384)	testing
6	xm	f	21	1	circle	green	dif	hori	left	(608, 480)	(608, 287)	True	409124	410520	left	(512, 384)	testing
6	xm	f	21	1	circle	none	dif	hori	left	N_dis	(608, 480)	True	411623	412946	left	(512, 384)	testing
6	xm	f	21	1	circle	none	same	vert	up	N_dis	(512, 248)	True	414163	415852	up	(512, 384)	testing
6	xm	f	21	1	diamond	none	same	hori	left	N_dis	(608, 287)	True	417123	419328	left	(512, 384)	testing
6	xm	f	21	1	diamond	red	dif	vert	up	(415, 480)	(608, 480)	True	420573	422832	left	(512, 384)	testing
6	xm	f	21	1	circle	red	same	hori	left	(415, 480)	(608, 287)	True	425401	427079	left	(512, 384)	testing
6	xm	f	21	1	circle	red	same	hori	left	(415, 480)	(608, 287)	True	428258	430791	left	(512, 384)	testing
6	xm	f	21	1	diamond	none	same	vert	up	N_dis	(608, 480)	True	432026	433514	up	(512, 384)	testing
6	xm	f	21	1	circle	green	same	hori	left	(415, 480)	(415, 287)	True	434766	436039	left	(512, 384)	testing
6	xm	f	21	1	diamond	none	same	hori	left	N_dis	(512, 520)	True	437240	438479	left	(512, 384)	testing
6	xm	f	21	1	circle	none	dif	vert	up	N_dis	(512, 248)	True	439556	441425	up	(512, 384)	testing
6	xm	f	21	1	diamond	red	same	vert	up	(512, 248)	(415, 287)	True	442542	444952	up	(512, 384)	testing
6	xm	f	21	1	diamond	green	dif	vert	up	(415, 480)	(648, 384)	True	446014	447908	up	(512, 384)	testing
6	xm	f	21	1	diamond	none	dif	hori	left	N_dis	(648, 384)	True	448994	450768	left	(512, 384)	testing
6	xm	f	21	1	circle	green	dif	vert	up	(415, 480)	(415, 287)	True	451938	453828	up	(512, 384)	testing
6	xm	f	21	1	diamond	green	dif	hori	left	(512, 520)	(376, 384)	True	455026	456910	up	(512, 384)	testing
6	xm	f	21	1	diamond	green	dif	hori	left	(512, 248)	(608, 287)	True	459460	461046	left	(512, 384)	testing
6	xm	f	21	1	diamond	green	same	hori	left	(415, 480)	(376, 384)	True	462260	464046	left	(512, 384)	testing
6	xm	f	21	1	circle	red	same	hori	left	(512, 248)	(415, 287)	True	465272	467923	left	(512, 384)	testing
6	xm	f	21	1	circle	none	dif	vert	up	N_dis	(512, 520)	True	469032	470826	up	(512, 384)	testing
6	xm	f	21	1	circle	red	same	vert	up	(512, 520)	(608, 480)	True	471933	474623	up	(512, 384)	testing
6	xm	f	21	1	diamond	none	dif	hori	left	N_dis	(415, 480)	True	475723	477629	left	(512, 384)	testing
6	xm	f	21	1	diamond	red	same	vert	up	(376, 384)	(512, 520)	True	478818	480906	up	(512, 384)	testing
6	xm	f	21	1	circle	red	same	hori	left	(415, 480)	(648, 384)	True	482112	483940	left	(512, 384)	testing
6	xm	f	21	1	circle	green	same	vert	up	(512, 520)	(608, 480)	True	484965	486637	up	(512, 384)	testing
6	xm	f	21	1	circle	green	same	vert	up	(415, 480)	(608, 287)	True	487673	489620	up	(512, 384)	testing
6	xm	f	21	1	diamond	green	same	hori	left	(415, 480)	(608, 287)	True	490833	493076	left	(512, 384)	testing
6	xm	f	21	1	circle	none	same	vert	up	N_dis	(415, 480)	True	494331	495991	up	(512, 384)	testing
6	xm	f	21	1	circle	green	same	hori	left	(415, 480)	(608, 480)	True	497259	498948	left	(512, 384)	testing
6	xm	f	21	1	circle	none	same	vert	up	N_dis	(608, 287)	True	500188	501645	up	(512, 384)	testing
6	xm	f	21	1	diamond	none	dif	hori	left	N_dis	(648, 384)	True	502679	503957	left	(512, 384)	testing
6	xm	f	21	1	diamond	red	same	hori	left	(415, 480)	(608, 480)	True	505030	506499	left	(512, 384)	testing
6	xm	f	21	1	circle	green	dif	vert	up	(415, 287)	(512, 248)	True	507663	509396	up	(512, 384)	testing
6	xm	f	21	1	circle	none	dif	vert	up	N_dis	(415, 480)	True	510658	512134	up	(512, 384)	testing
6	xm	f	21	1	circle	green	dif	vert	up	(415, 480)	(376, 384)	True	513367	514524	up	(512, 384)	testing
6	xm	f	21	1	diamond	green	dif	vert	up	(415, 287)	(512, 248)	True	515630	517536	up	(512, 384)	testing
6	xm	f	21	1	diamond	none	dif	vert	up	N_dis	(512, 520)	True	518620	520281	up	(512, 384)	testing
6	xm	f	21	1	circle	green	same	hori	left	(415, 480)	(512, 248)	True	521315	522743	left	(512, 384)	testing
6	xm	f	21	1	diamond	green	same	hori	left	(415, 480)	(648, 384)	True	523824	525271	left	(512, 384)	testing
6	xm	f	21	1	circle	green	dif	vert	up	(415, 480)	(415, 287)	True	526327	527500	up	(512, 384)	testing
6	xm	f	21	1	circle	none	dif	vert	up	N_dis	(376, 384)	True	528538	529651	up	(512, 384)	testing
6	xm	f	21	1	diamond	green	same	vert	up	(648, 384)	(415, 287)	True	530802	532568	up	(512, 384)	testing
6	xm	f	21	1	diamond	red	same	vert	up	(415, 480)	(608, 287)	True	533654	534760	up	(512, 384)	testing
6	xm	f	21	1	diamond	none	same	hori	left	N_dis	(415, 287)	True	535799	537980	left	(512, 384)	testing
6	xm	f	21	1	diamond	none	same	vert	up	N_dis	(376, 384)	True	539014	540132	up	(512, 384)	testing
6	xm	f	21	1	diamond	none	same	hori	left	N_dis	(415, 287)	True	541379	542341	left	(512, 384)	testing
6	xm	f	21	1	circle	none	dif	hori	left	N_dis	(415, 287)	True	543503	545134	left	(512, 384)	testing
6	xm	f	21	1	circle	none	dif	hori	left	N_dis	(376, 384)	True	546298	547645	left	(512, 384)	testing
6	xm	f	21	1	circle	red	same	vert	up	(415, 287)	(608, 287)	True	548704	550261	up	(512, 384)	testing
6	xm	f	21	1	diamond	red	dif	hori	left	(415, 480)	(512, 520)	True	551459	552919	left	(512, 384)	testing
6	xm	f	21	1	diamond	red	dif	hori	left	(415, 480)	(512, 520)	True	553989	555298	left	(512, 384)	testing
6	xm	f	21	1	circle	red	same	vert	up	(415, 480)	(415, 287)	True	556385	557591	up	(512, 384)	testing
6	xm	f	21	1	circle	green	dif	vert	up	(376, 384)	(512, 248)	True	558769	560268	up	(512, 384)	testing
6	xm	f	21	1	diamond	red	same	hori	left	(415, 480)	(415, 287)	True	561500	562772	left	(512, 384)	testing
6	xm	f	21	1	diamond	red	dif	hori	left	(415, 480)	(512, 248)	True	564019	566125	left	(512, 384)	testing
6	xm	f	21	1	diamond	none	dif	vert	up	N_dis	(415, 287)	True	567275	568817	up	(512, 384)	testing
6	xm	f	21	1	circle	green	same	vert	up	(608, 480)	(415, 287)	True	569992	571245	up	(512, 384)	testing
6	xm	f	21	1	diamond	green	same	vert	up	(608, 480)	(512, 520)	True	572396	574145	up	(512, 384)	testing
6	xm	f	21	1	diamond	green	same	vert	up	(415, 480)	(512, 520)	True	575318	577493	up	(512, 384)	testing
6	xm	f	21	1	circle	red	dif	vert	up	(648, 384)	(608, 287)	True	578693	580330	up	(512, 384)	testing
6	xm	f	21	1	circle	red	dif	hori	left	(608, 480)	(512, 520)	True	581505	583322	left	(512, 384)	testing
6	xm	f	21	1	circle	red	same	vert	up	(415, 480)	(512, 520)	True	584452	586645	up	(512, 384)	testing
6	xm	f	21	1	circle	green	dif	hori	left	(608, 287)	(376, 384)	True	587717	589302	left	(512, 384)	testing
6	xm	f	21	1	diamond	green	dif	hori	left	(608, 287)	(415, 287)	True	590376	592418	left	(512, 384)	testing
6	xm	f	21	1	diamond	red	same	vert	up	(415, 480)	(376, 384)	True	593478	594782	up	(512, 384)	testing
6	xm	f	21	1	diamond	green	dif	hori	left	(415, 480)	(415, 287)	True	595811	596812	left	(512, 384)	testing
6	xm	f	21	1	diamond	green	dif	vert	up	(512, 248)	(376, 384)	True	597849	599561	up	(512, 384)	testing
6	xm	f	21	1	diamond	green	same	vert	up	(415, 480)	(376, 384)	True	600741	602555	up	(512, 384)	testing
6	xm	f	21	1	circle	none	same	vert	up	N_dis	(608, 287)	True	603733	604821	up	(512, 384)	testing
6	xm	f	21	1	diamond	green	same	vert	up	(415, 480)	(648, 384)	True	606035	607721	up	(512, 384)	testing
6	xm	f	21	1	circle	none	dif	vert	up	N_dis	(608, 480)	True	608758	609952	up	(512, 384)	testing
6	xm	f	21	1	circle	green	dif	hori	left	(376, 384)	(512, 248)	True	611112	612454	left	(512, 384)	testing
6	xm	f	21	1	circle	none	same	hori	left	N_dis	(512, 520)	True	613723	615032	left	(512, 384)	testing
6	xm	f	21	1	circle	red	dif	hori	left	(415, 480)	(608, 480)	True	616198	617676	left	(512, 384)	testing
6	xm	f	21	1	diamond	none	dif	vert	up	N_dis	(415, 480)	True	618706	620254	up	(512, 384)	testing
6	xm	f	21	1	circle	red	dif	hori	left	(415, 480)	(415, 287)	True	621383	622801	left	(512, 384)	testing
6	xm	f	21	1	diamond	green	same	hori	left	(415, 480)	(648, 384)	True	623901	625541	left	(512, 384)	testing
6	xm	f	21	1	diamond	green	same	hori	left	(415, 480)	(608, 480)	True	626693	629053	left	(512, 384)	testing
6	xm	f	21	1	circle	green	dif	hori	left	(415, 480)	(376, 384)	True	630296	632056	left	(512, 384)	testing
6	xm	f	21	1	diamond	red	same	hori	left	(648, 384)	(512, 520)	True	633223	634393	left	(512, 384)	testing
6	xm	f	21	1	diamond	green	dif	vert	up	(415, 480)	(376, 384)	True	635569	636598	up	(512, 384)	testing
6	xm	f	21	1	circle	none	dif	hori	left	N_dis	(512, 248)	True	637803	638990	left	(512, 384)	testing
6	xm	f	21	1	diamond	red	dif	hori	left	(376, 384)	(512, 520)	True	640013	641579	left	(512, 384)	testing
6	xm	f	21	1	diamond	red	same	hori	left	(512, 520)	(608, 480)	True	642821	644567	left	(512, 384)	testing
6	xm	f	21	1	diamond	red	dif	hori	left	(415, 480)	(376, 384)	True	645764	646822	left	(512, 384)	testing
6	xm	f	21	1	circle	green	same	hori	left	(415, 480)	(512, 248)	True	647870	650106	left	(512, 384)	testing
6	xm	f	21	1	diamond	red	same	vert	up	(415, 287)	(376, 384)	True	651163	652718	up	(512, 384)	testing
6	xm	f	21	1	circle	red	dif	hori	left	(415, 480)	(608, 480)	True	653866	655034	left	(512, 384)	testing
6	xm	f	21	1	circle	red	dif	vert	up	(608, 287)	(415, 287)	True	656260	658134	up	(512, 384)	testing
6	xm	f	21	1	circle	green	dif	hori	left	(415, 480)	(608, 287)	True	659234	661600	left	(512, 384)	testing
6	xm	f	21	1	circle	none	dif	hori	left	N_dis	(376, 384)	True	662858	664219	left	(512, 384)	testing
6	xm	f	21	1	diamond	red	dif	vert	up	(415, 480)	(512, 248)	True	665316	666654	up	(512, 384)	testing
6	xm	f	21	1	diamond	green	dif	vert	up	(415, 480)	(512, 248)	True	667739	669074	up	(512, 384)	testing
6	xm	f	21	1	diamond	none	same	vert	up	N_dis	(512, 520)	True	670112	671217	up	(512, 384)	testing
6	xm	f	21	1	circle	red	dif	hori	left	(415, 480)	(512, 520)	True	672361	674005	left	(512, 384)	testing
6	xm	f	21	1	circle	green	same	vert	up	(415, 480)	(608, 287)	True	675237	676385	up	(512, 384)	testing
6	xm	f	21	1	circle	red	dif	vert	up	(415, 480)	(648, 384)	True	677597	678450	up	(512, 384)	testing
6	xm	f	21	1	circle	none	same	hori	left	N_dis	(376, 384)	True	679656	680942	left	(512, 384)	testing
6	xm	f	21	1	diamond	red	dif	vert	up	(415, 480)	(512, 248)	True	682129	683628	up	(512, 384)	testing
6	xm	f	21	1	circle	red	same	hori	left	(415, 480)	(608, 287)	True	684865	686187	left	(512, 384)	testing
6	xm	f	21	1	circle	none	same	vert	up	N_dis	(608, 287)	True	687297	688680	up	(512, 384)	testing
6	xm	f	21	1	circle	red	dif	vert	up	(415, 480)	(648, 384)	True	689915	690955	up	(512, 384)	testing
6	xm	f	21	1	diamond	none	same	vert	up	N_dis	(608, 287)	True	692003	693400	up	(512, 384)	testing
6	xm	f	21	1	diamond	red	same	hori	left	(415, 480)	(608, 287)	True	694514	695729	left	(512, 384)	testing
6	xm	f	21	1	circle	red	same	vert	up	(415, 480)	(608, 480)	True	696917	698132	up	(512, 384)	testing
6	xm	f	21	1	circle	none	same	hori	left	N_dis	(512, 248)	True	699337	700375	left	(512, 384)	testing
6	xm	f	21	1	diamond	red	dif	vert	up	(608, 287)	(648, 384)	True	701516	703660	up	(512, 384)	testing
6	xm	f	21	1	circle	green	same	hori	left	(415, 480)	(512, 248)	True	704904	705841	left	(512, 384)	testing
6	xm	f	21	1	diamond	none	dif	hori	left	N_dis	(608, 480)	True	706959	708192	left	(512, 384)	testing
6	xm	f	21	1	diamond	none	dif	vert	up	N_dis	(512, 248)	True	709410	710536	up	(512, 384)	testing
6	xm	f	21	1	circle	red	dif	vert	up	(415, 480)	(608, 287)	True	711740	713621	up	(512, 384)	testing
6	xm	f	21	1	circle	none	same	hori	left	N_dis	(415, 287)	True	714846	715919	left	(512, 384)	testing
6	xm	f	21	1	circle	none	same	hori	left	N_dis	(648, 384)	True	717072	717906	left	(512, 384)	testing
6	xm	f	21	1	diamond	none	dif	vert	up	N_dis	(648, 384)	True	719092	719994	up	(512, 384)	testing
6	xm	f	21	1	diamond	none	same	hori	left	N_dis	(608, 480)	True	721206	722411	left	(512, 384)	testing
6	xm	f	21	1	diamond	none	same	vert	up	N_dis	(648, 384)	True	723636	724963	up	(512, 384)	testing
