subj	name	gender	age	runNum	shape	dist	td_dif	resp	resp_key	d_loc	t_loc	gotKey	startTime	respTime	resp	fix_loc	prac
6	xm	f	21	8	circle	red	dif	vert	up	(415, 480)	(608, 480)	True	40930	42366	up	(512, 384)	testing
6	xm	f	21	8	diamond	green	same	hori	left	(415, 287)	(512, 248)	True	43481	44603	left	(512, 384)	testing
6	xm	f	21	8	circle	red	same	hori	left	(512, 520)	(376, 384)	True	45819	46983	left	(512, 384)	testing
6	xm	f	21	8	diamond	red	same	hori	left	(415, 287)	(415, 480)	True	48094	50057	left	(512, 384)	testing
6	xm	f	21	8	diamond	red	same	vert	up	(415, 287)	(608, 480)	True	51122	52174	up	(512, 384)	testing
6	xm	f	21	8	circle	red	same	vert	up	(415, 287)	(608, 480)	True	53273	54468	up	(512, 384)	testing
6	xm	f	21	8	diamond	green	same	hori	left	(415, 287)	(608, 480)	True	55642	56690	left	(512, 384)	testing
6	xm	f	21	8	circle	green	dif	hori	left	(415, 287)	(376, 384)	True	57795	58787	left	(512, 384)	testing
6	xm	f	21	8	diamond	red	same	vert	up	(415, 287)	(415, 480)	True	59929	62233	up	(512, 384)	testing
6	xm	f	21	8	diamond	red	dif	hori	left	(415, 287)	(512, 520)	True	63391	64267	left	(512, 384)	testing
6	xm	f	21	8	circle	none	dif	hori	left	N_dis	(512, 520)	True	65369	66401	left	(512, 384)	testing
6	xm	f	21	8	circle	red	same	vert	up	(415, 287)	(608, 287)	True	67615	68794	up	(512, 384)	testing
6	xm	f	21	8	diamond	none	dif	vert	up	N_dis	(512, 248)	True	69854	71690	up	(512, 384)	testing
6	xm	f	21	8	diamond	red	dif	hori	left	(415, 287)	(608, 480)	True	72813	73860	left	(512, 384)	testing
6	xm	f	21	8	circle	red	dif	vert	up	(415, 287)	(648, 384)	True	74917	76050	up	(512, 384)	testing
6	xm	f	21	8	circle	none	same	hori	left	N_dis	(608, 480)	True	77078	78004	left	(512, 384)	testing
6	xm	f	21	8	diamond	green	same	vert	up	(608, 480)	(512, 248)	True	79248	80606	up	(512, 384)	testing
6	xm	f	21	8	circle	green	same	vert	up	(415, 287)	(512, 248)	True	81818	83031	up	(512, 384)	testing
6	xm	f	21	8	circle	red	dif	hori	left	(415, 287)	(608, 287)	True	84218	86212	left	(512, 384)	testing
6	xm	f	21	8	circle	green	same	vert	up	(415, 287)	(415, 480)	True	87345	88445	up	(512, 384)	testing
6	xm	f	21	8	circle	none	dif	vert	up	N_dis	(415, 480)	True	89712	90691	up	(512, 384)	testing
6	xm	f	21	8	diamond	red	dif	vert	up	(415, 287)	(512, 248)	True	91742	92837	up	(512, 384)	testing
6	xm	f	21	8	circle	green	same	hori	left	(376, 384)	(648, 384)	True	93944	95310	left	(512, 384)	testing
6	xm	f	21	8	circle	none	same	hori	left	N_dis	(648, 384)	True	96522	97330	left	(512, 384)	testing
6	xm	f	21	8	circle	red	dif	hori	left	(415, 287)	(608, 480)	True	98495	99293	left	(512, 384)	testing
6	xm	f	21	8	diamond	none	dif	hori	left	N_dis	(415, 287)	True	100436	101581	left	(512, 384)	testing
6	xm	f	21	8	diamond	green	same	vert	up	(512, 248)	(415, 480)	True	102747	103822	up	(512, 384)	testing
6	xm	f	21	8	diamond	red	dif	vert	up	(415, 287)	(512, 520)	True	105068	106338	up	(512, 384)	testing
6	xm	f	21	8	circle	green	same	hori	left	(512, 520)	(512, 248)	True	107514	109373	left	(512, 384)	testing
6	xm	f	21	8	circle	none	same	vert	up	N_dis	(512, 520)	True	110506	111370	up	(512, 384)	testing
6	xm	f	21	8	circle	red	same	vert	up	(608, 287)	(512, 248)	True	112496	113519	up	(512, 384)	testing
6	xm	f	21	8	diamond	none	dif	hori	left	N_dis	(608, 480)	True	114618	115439	left	(512, 384)	testing
6	xm	f	21	8	circle	none	same	hori	left	N_dis	(512, 248)	True	116468	117704	left	(512, 384)	testing
6	xm	f	21	8	circle	green	dif	hori	left	(415, 287)	(648, 384)	True	118893	119982	left	(512, 384)	testing
6	xm	f	21	8	circle	none	dif	hori	left	N_dis	(608, 287)	True	121025	122183	left	(512, 384)	testing
6	xm	f	21	8	circle	red	dif	hori	left	(415, 287)	(608, 287)	True	123224	124223	left	(512, 384)	testing
6	xm	f	21	8	circle	green	dif	vert	up	(415, 287)	(608, 480)	True	125400	126425	up	(512, 384)	testing
6	xm	f	21	8	diamond	red	same	vert	up	(415, 287)	(608, 480)	True	127687	129225	up	(512, 384)	testing
6	xm	f	21	8	diamond	green	same	hori	left	(415, 287)	(376, 384)	True	130294	131936	left	(512, 384)	testing
6	xm	f	21	8	circle	green	dif	vert	up	(415, 287)	(512, 520)	True	133157	134047	up	(512, 384)	testing
6	xm	f	21	8	diamond	none	same	vert	up	N_dis	(415, 287)	True	135292	136697	up	(512, 384)	testing
6	xm	f	21	8	diamond	none	same	hori	left	N_dis	(415, 480)	True	137843	138568	left	(512, 384)	testing
6	xm	f	21	8	diamond	green	dif	hori	left	(415, 287)	(648, 384)	True	139808	141142	left	(512, 384)	testing
6	xm	f	21	8	diamond	green	same	hori	left	(376, 384)	(512, 248)	True	142253	143313	left	(512, 384)	testing
6	xm	f	21	8	circle	none	dif	hori	left	N_dis	(376, 384)	True	144570	146782	left	(512, 384)	testing
6	xm	f	21	8	diamond	none	same	hori	left	N_dis	(376, 384)	True	148048	149898	left	(512, 384)	testing
6	xm	f	21	8	circle	red	dif	vert	up	(415, 287)	(608, 287)	True	151072	152562	up	(512, 384)	testing
6	xm	f	21	8	circle	green	dif	hori	left	(415, 287)	(376, 384)	True	153794	154925	left	(512, 384)	testing
6	xm	f	21	8	circle	green	dif	vert	up	(415, 287)	(512, 520)	True	156102	156942	up	(512, 384)	testing
6	xm	f	21	8	diamond	red	same	hori	left	(512, 248)	(512, 520)	True	157965	158882	left	(512, 384)	testing
6	xm	f	21	8	circle	none	same	vert	up	N_dis	(512, 520)	True	160004	161080	up	(512, 384)	testing
6	xm	f	21	8	diamond	red	dif	vert	up	(608, 480)	(648, 384)	True	162329	164062	up	(512, 384)	testing
6	xm	f	21	8	diamond	green	same	vert	up	(608, 287)	(648, 384)	True	165178	166753	up	(512, 384)	testing
6	xm	f	21	8	diamond	none	dif	vert	up	N_dis	(376, 384)	True	167846	168953	up	(512, 384)	testing
6	xm	f	21	8	circle	green	same	hori	left	(415, 480)	(648, 384)	True	170102	171340	left	(512, 384)	testing
6	xm	f	21	8	diamond	none	same	vert	up	N_dis	(648, 384)	True	172429	174133	up	(512, 384)	testing
6	xm	f	21	8	diamond	green	dif	vert	up	(415, 287)	(512, 520)	True	175157	176028	up	(512, 384)	testing
6	xm	f	21	8	circle	red	same	hori	left	(415, 287)	(608, 287)	True	177189	178043	left	(512, 384)	testing
6	xm	f	21	8	circle	none	same	hori	left	N_dis	(648, 384)	True	179188	179932	left	(512, 384)	testing
6	xm	f	21	8	diamond	none	same	vert	up	N_dis	(376, 384)	True	181094	181949	up	(512, 384)	testing
6	xm	f	21	8	diamond	red	dif	hori	left	(608, 287)	(512, 520)	True	183042	183840	left	(512, 384)	testing
6	xm	f	21	8	diamond	red	dif	vert	up	(415, 287)	(512, 520)	True	184908	186341	up	(512, 384)	testing
6	xm	f	21	8	circle	red	same	hori	left	(415, 287)	(648, 384)	True	187471	188230	left	(512, 384)	testing
6	xm	f	21	8	circle	green	same	vert	up	(415, 287)	(608, 480)	True	189438	190335	up	(512, 384)	testing
6	xm	f	21	8	circle	green	same	vert	up	(415, 287)	(415, 480)	True	191598	192618	up	(512, 384)	testing
6	xm	f	21	8	circle	red	dif	hori	left	(415, 287)	(415, 480)	True	193667	194421	left	(512, 384)	testing
6	xm	f	21	8	circle	green	dif	hori	left	(415, 287)	(512, 248)	True	195657	196700	left	(512, 384)	testing
6	xm	f	21	8	diamond	red	same	vert	up	(415, 287)	(648, 384)	True	197733	198952	up	(512, 384)	testing
6	xm	f	21	8	diamond	green	same	vert	up	(415, 287)	(608, 480)	True	200056	201142	up	(512, 384)	testing
6	xm	f	21	8	circle	red	same	vert	up	(376, 384)	(648, 384)	True	202360	203305	up	(512, 384)	testing
6	xm	f	21	8	circle	green	dif	hori	left	(376, 384)	(608, 480)	True	204445	205531	left	(512, 384)	testing
6	xm	f	21	8	diamond	none	same	vert	up	N_dis	(415, 480)	True	206617	208039	up	(512, 384)	testing
6	xm	f	21	8	diamond	green	dif	hori	left	(415, 287)	(512, 248)	True	209201	210096	left	(512, 384)	testing
6	xm	f	21	8	diamond	none	dif	hori	left	N_dis	(512, 520)	True	211337	212286	left	(512, 384)	testing
6	xm	f	21	8	circle	red	same	hori	left	(415, 287)	(376, 384)	True	213469	214677	left	(512, 384)	testing
6	xm	f	21	8	diamond	green	dif	hori	left	(415, 287)	(608, 287)	True	215881	216906	left	(512, 384)	testing
6	xm	f	21	8	circle	red	dif	vert	up	(648, 384)	(512, 520)	True	218031	219133	up	(512, 384)	testing
6	xm	f	21	8	circle	none	dif	vert	up	N_dis	(415, 287)	True	220227	221620	up	(512, 384)	testing
6	xm	f	21	8	circle	red	dif	hori	left	(608, 480)	(415, 480)	True	222872	223715	left	(512, 384)	testing
6	xm	f	21	8	diamond	none	same	hori	left	N_dis	(376, 384)	True	224863	225847	left	(512, 384)	testing
6	xm	f	21	8	circle	green	same	vert	up	(648, 384)	(415, 480)	True	226914	228465	up	(512, 384)	testing
6	xm	f	21	8	diamond	green	dif	hori	left	(415, 287)	(376, 384)	True	229733	231015	left	(512, 384)	testing
6	xm	f	21	8	circle	none	same	hori	left	N_dis	(608, 480)	True	232182	233000	left	(512, 384)	testing
6	xm	f	21	8	diamond	green	dif	vert	up	(415, 287)	(648, 384)	True	234260	235487	up	(512, 384)	testing
6	xm	f	21	8	diamond	none	dif	hori	left	N_dis	(512, 248)	True	236615	237770	left	(512, 384)	testing
6	xm	f	21	8	diamond	red	same	hori	left	(512, 248)	(648, 384)	True	238830	239867	left	(512, 384)	testing
6	xm	f	21	8	diamond	green	same	hori	left	(415, 287)	(415, 480)	True	241003	241887	left	(512, 384)	testing
6	xm	f	21	8	circle	green	same	hori	left	(415, 480)	(512, 248)	True	243103	244162	left	(512, 384)	testing
6	xm	f	21	8	diamond	none	same	hori	left	N_dis	(415, 480)	True	245405	246804	left	(512, 384)	testing
6	xm	f	21	8	diamond	none	dif	vert	up	N_dis	(608, 287)	True	247913	248795	up	(512, 384)	testing
6	xm	f	21	8	diamond	none	dif	vert	up	N_dis	(608, 480)	True	249967	251189	up	(512, 384)	testing
6	xm	f	21	8	diamond	none	dif	hori	left	N_dis	(648, 384)	True	252227	252956	left	(512, 384)	testing
6	xm	f	21	8	circle	none	dif	vert	up	N_dis	(608, 287)	True	254162	255380	up	(512, 384)	testing
6	xm	f	21	8	diamond	green	dif	vert	up	(512, 520)	(608, 287)	True	256442	258131	up	(512, 384)	testing
6	xm	f	21	8	diamond	green	dif	vert	up	(415, 287)	(512, 248)	True	259345	260325	up	(512, 384)	testing
6	xm	f	21	8	circle	none	same	vert	up	N_dis	(415, 480)	True	261427	262570	up	(512, 384)	testing
6	xm	f	21	8	circle	none	dif	vert	up	N_dis	(415, 287)	True	263746	265106	up	(512, 384)	testing
6	xm	f	21	8	circle	green	dif	vert	up	(512, 520)	(648, 384)	True	266333	267426	up	(512, 384)	testing
6	xm	f	21	8	circle	green	dif	vert	up	(415, 287)	(376, 384)	True	268452	269435	up	(512, 384)	testing
6	xm	f	21	8	diamond	red	same	hori	left	(415, 287)	(648, 384)	True	270632	271534	left	(512, 384)	testing
6	xm	f	21	8	diamond	red	same	vert	up	(512, 248)	(608, 480)	True	272593	273417	up	(512, 384)	testing
6	xm	f	21	8	diamond	green	same	vert	up	(415, 287)	(608, 287)	True	274512	275363	up	(512, 384)	testing
6	xm	f	21	8	circle	none	dif	hori	left	N_dis	(512, 248)	True	276440	277379	left	(512, 384)	testing
6	xm	f	21	8	diamond	none	dif	vert	up	N_dis	(608, 287)	True	278420	279381	up	(512, 384)	testing
6	xm	f	21	8	circle	red	same	vert	up	(608, 480)	(512, 248)	True	280618	281750	up	(512, 384)	testing
6	xm	f	21	8	circle	green	same	hori	left	(608, 287)	(648, 384)	True	282901	283781	left	(512, 384)	testing
6	xm	f	21	8	circle	none	dif	hori	left	N_dis	(512, 248)	True	284924	285681	left	(512, 384)	testing
6	xm	f	21	8	circle	red	same	hori	left	(415, 287)	(512, 248)	True	286849	287678	left	(512, 384)	testing
6	xm	f	21	8	diamond	red	dif	vert	up	(415, 287)	(512, 520)	True	288857	290163	up	(512, 384)	testing
6	xm	f	21	8	diamond	green	dif	hori	left	(415, 287)	(415, 480)	True	291329	292194	left	(512, 384)	testing
6	xm	f	21	8	circle	none	same	vert	up	N_dis	(608, 287)	True	293435	294668	up	(512, 384)	testing
6	xm	f	21	8	diamond	none	same	vert	up	N_dis	(648, 384)	True	295816	296975	up	(512, 384)	testing
6	xm	f	21	8	circle	red	dif	vert	up	(415, 480)	(512, 248)	True	297998	299145	up	(512, 384)	testing
6	xm	f	21	8	diamond	red	dif	hori	left	(648, 384)	(415, 480)	True	300374	301439	left	(512, 384)	testing
6	xm	f	21	8	diamond	red	dif	hori	left	(415, 287)	(376, 384)	True	302525	303413	left	(512, 384)	testing
6	xm	f	21	8	circle	none	same	vert	up	N_dis	(415, 287)	True	304452	305287	up	(512, 384)	testing
6	xm	f	21	8	diamond	none	same	hori	left	N_dis	(608, 480)	True	306414	307370	left	(512, 384)	testing
6	xm	f	21	8	circle	none	dif	vert	up	N_dis	(512, 520)	True	308478	309655	up	(512, 384)	testing
6	xm	f	21	8	diamond	green	dif	vert	up	(415, 287)	(608, 480)	True	310785	311706	up	(512, 384)	testing
6	xm	f	21	8	diamond	red	same	hori	left	(648, 384)	(512, 520)	True	312828	313575	left	(512, 384)	testing
