subj	name	gender	age	runNum	shape	dist	td_dif	resp	resp_key	d_loc	t_loc	gotKey	startTime	respTime	resp	fix_loc	prac
7	et	f	19	2	circle	green	dif	vert	up	(800, 618)	(681, 568)	True	8608	10141	up	(800, 450)	testing
7	et	f	19	2	diamond	green	same	vert	up	(632, 450)	(918, 568)	True	11358	12381	up	(800, 450)	testing
7	et	f	19	2	circle	red	same	vert	up	(918, 568)	(800, 282)	True	13538	14909	up	(800, 450)	testing
7	et	f	19	2	circle	green	same	vert	up	(800, 618)	(918, 331)	True	16164	16942	up	(800, 450)	testing
7	et	f	19	2	circle	none	dif	hori	left	N_dis	(968, 450)	True	18184	18797	left	(800, 450)	testing
7	et	f	19	2	circle	green	same	vert	up	(800, 618)	(632, 450)	True	19839	20542	up	(800, 450)	testing
7	et	f	19	2	diamond	red	dif	hori	left	(800, 618)	(968, 450)	True	21743	22445	left	(800, 450)	testing
7	et	f	19	2	circle	green	dif	vert	up	(800, 618)	(681, 331)	True	23591	24413	up	(800, 450)	testing
7	et	f	19	2	diamond	red	same	hori	left	(800, 618)	(632, 450)	True	25605	26236	left	(800, 450)	testing
7	et	f	19	2	diamond	none	same	vert	up	N_dis	(681, 331)	True	27512	28765	up	(800, 450)	testing
7	et	f	19	2	circle	red	same	vert	up	(800, 618)	(681, 331)	True	29945	31116	up	(800, 450)	testing
7	et	f	19	2	diamond	green	same	hori	left	(800, 618)	(918, 331)	True	32371	33132	left	(800, 450)	testing
7	et	f	19	2	circle	red	dif	vert	up	(800, 618)	(918, 331)	True	34379	34989	up	(800, 450)	testing
7	et	f	19	2	diamond	none	dif	vert	up	N_dis	(968, 450)	True	36204	36877	up	(800, 450)	testing
7	et	f	19	2	circle	red	same	vert	up	(800, 618)	(800, 282)	True	37924	38845	up	(800, 450)	testing
7	et	f	19	2	diamond	green	dif	vert	up	(800, 618)	(681, 331)	True	39988	41308	up	(800, 450)	testing
7	et	f	19	2	circle	green	dif	hori	left	(800, 618)	(632, 450)	True	42407	43052	left	(800, 450)	testing
7	et	f	19	2	diamond	red	same	vert	up	(800, 618)	(918, 331)	True	44159	44797	up	(800, 450)	testing
7	et	f	19	2	diamond	red	dif	hori	left	(800, 618)	(681, 568)	True	46020	47133	left	(800, 450)	testing
7	et	f	19	2	circle	red	dif	vert	up	(632, 450)	(681, 568)	True	48283	49388	up	(800, 450)	testing
7	et	f	19	2	diamond	green	same	vert	up	(800, 618)	(681, 331)	True	50589	51260	up	(800, 450)	testing
7	et	f	19	2	circle	green	dif	vert	up	(800, 618)	(681, 568)	True	52359	53357	up	(800, 450)	testing
7	et	f	19	2	circle	red	dif	hori	left	(918, 331)	(632, 450)	True	54498	55244	left	(800, 450)	testing
7	et	f	19	2	diamond	green	same	hori	left	(800, 618)	(800, 282)	True	56400	57613	left	(800, 450)	testing
7	et	f	19	2	diamond	none	dif	hori	left	N_dis	(800, 618)	True	58839	59630	left	(800, 450)	testing
7	et	f	19	2	diamond	none	same	vert	up	N_dis	(800, 282)	True	60675	61484	up	(800, 450)	testing
7	et	f	19	2	circle	none	same	vert	up	N_dis	(918, 568)	True	62619	63452	up	(800, 450)	testing
7	et	f	19	2	circle	red	same	vert	up	(918, 568)	(918, 331)	True	64497	65516	up	(800, 450)	testing
7	et	f	19	2	diamond	green	dif	vert	up	(800, 618)	(800, 282)	True	66672	67645	up	(800, 450)	testing
7	et	f	19	2	diamond	none	same	vert	up	N_dis	(800, 618)	True	68716	69534	up	(800, 450)	testing
7	et	f	19	2	diamond	red	same	hori	left	(800, 282)	(918, 568)	True	70807	71774	left	(800, 450)	testing
7	et	f	19	2	diamond	red	same	vert	up	(681, 568)	(918, 331)	True	72908	73630	up	(800, 450)	testing
7	et	f	19	2	diamond	green	same	vert	up	(800, 618)	(968, 450)	True	74739	75933	up	(800, 450)	testing
7	et	f	19	2	circle	red	dif	hori	left	(681, 568)	(800, 282)	True	77186	77821	left	(800, 450)	testing
7	et	f	19	2	circle	none	dif	hori	left	N_dis	(968, 450)	True	79045	79678	left	(800, 450)	testing
7	et	f	19	2	diamond	red	dif	hori	left	(918, 568)	(918, 331)	True	80827	81773	left	(800, 450)	testing
7	et	f	19	2	circle	red	dif	vert	up	(800, 618)	(800, 282)	True	82828	83790	up	(800, 450)	testing
7	et	f	19	2	diamond	none	dif	hori	left	N_dis	(918, 568)	True	85050	85917	left	(800, 450)	testing
7	et	f	19	2	diamond	none	same	vert	up	N_dis	(918, 568)	True	87004	87917	up	(800, 450)	testing
7	et	f	19	2	diamond	red	dif	vert	up	(800, 618)	(968, 450)	True	89119	91149	up	(800, 450)	testing
7	et	f	19	2	diamond	none	dif	hori	left	N_dis	(681, 568)	True	92350	93037	left	(800, 450)	testing
7	et	f	19	2	circle	none	same	vert	up	N_dis	(681, 331)	True	94227	95052	left	(800, 450)	testing
7	et	f	19	2	circle	none	dif	hori	left	N_dis	(800, 618)	True	97719	98364	left	(800, 450)	testing
7	et	f	19	2	diamond	none	dif	hori	left	N_dis	(681, 331)	True	99532	100590	left	(800, 450)	testing
7	et	f	19	2	diamond	green	same	hori	left	(681, 568)	(632, 450)	True	101803	102524	left	(800, 450)	testing
7	et	f	19	2	circle	red	same	vert	up	(800, 618)	(681, 331)	True	103662	105148	up	(800, 450)	testing
7	et	f	19	2	diamond	red	dif	vert	up	(800, 618)	(918, 568)	True	106366	107500	up	(800, 450)	testing
7	et	f	19	2	circle	none	dif	vert	up	N_dis	(681, 568)	True	108698	109437	up	(800, 450)	testing
7	et	f	19	2	diamond	red	same	hori	left	(918, 568)	(632, 450)	True	110716	111436	left	(800, 450)	testing
7	et	f	19	2	circle	green	same	vert	up	(800, 618)	(681, 568)	True	112621	113806	up	(800, 450)	testing
7	et	f	19	2	circle	none	dif	vert	up	N_dis	(800, 282)	True	114979	116429	up	(800, 450)	testing
7	et	f	19	2	diamond	green	dif	vert	up	(800, 618)	(632, 450)	True	117582	118670	up	(800, 450)	testing
7	et	f	19	2	circle	none	same	vert	up	N_dis	(918, 568)	True	119844	120590	up	(800, 450)	testing
7	et	f	19	2	circle	none	dif	vert	up	N_dis	(800, 618)	True	121881	122574	up	(800, 450)	testing
7	et	f	19	2	diamond	green	dif	hori	left	(800, 618)	(918, 331)	True	123759	124542	left	(800, 450)	testing
7	et	f	19	2	diamond	none	dif	vert	up	N_dis	(968, 450)	True	125631	126445	up	(800, 450)	testing
7	et	f	19	2	diamond	none	same	hori	left	N_dis	(968, 450)	True	127719	128349	left	(800, 450)	testing
7	et	f	19	2	diamond	red	same	vert	up	(800, 618)	(681, 331)	True	129422	130444	up	(800, 450)	testing
7	et	f	19	2	circle	none	dif	vert	up	N_dis	(681, 568)	True	131699	132830	up	(800, 450)	testing
7	et	f	19	2	diamond	none	same	hori	left	N_dis	(918, 331)	True	134115	134798	left	(800, 450)	testing
7	et	f	19	2	circle	none	same	hori	left	N_dis	(632, 450)	True	136025	136686	left	(800, 450)	testing
7	et	f	19	2	diamond	green	same	vert	up	(800, 618)	(968, 450)	True	137977	138990	up	(800, 450)	testing
7	et	f	19	2	circle	red	same	hori	left	(632, 450)	(681, 331)	True	140210	141389	left	(800, 450)	testing
7	et	f	19	2	circle	none	dif	hori	left	N_dis	(800, 282)	True	142495	143534	left	(800, 450)	testing
7	et	f	19	2	circle	green	same	hori	left	(800, 618)	(800, 282)	True	144577	145774	left	(800, 450)	testing
7	et	f	19	2	diamond	none	dif	vert	up	N_dis	(918, 568)	True	146846	148093	up	(800, 450)	testing
7	et	f	19	2	diamond	red	same	vert	up	(968, 450)	(918, 331)	True	149293	150189	up	(800, 450)	testing
7	et	f	19	2	circle	none	same	hori	left	N_dis	(918, 331)	True	151407	152301	up	(800, 450)	testing
7	et	f	19	2	circle	none	same	hori	left	N_dis	(918, 331)	True	154978	155742	left	(800, 450)	testing
7	et	f	19	2	circle	none	same	hori	left	N_dis	(632, 450)	True	156914	157646	left	(800, 450)	testing
7	et	f	19	2	diamond	green	dif	vert	up	(800, 282)	(918, 568)	True	158906	159742	up	(800, 450)	testing
7	et	f	19	2	circle	red	dif	hori	left	(800, 618)	(968, 450)	True	160894	161742	left	(800, 450)	testing
7	et	f	19	2	circle	red	dif	vert	up	(681, 331)	(800, 282)	True	163020	164124	left	(800, 450)	testing
7	et	f	19	2	circle	green	dif	hori	left	(800, 282)	(918, 331)	True	166937	167822	left	(800, 450)	testing
7	et	f	19	2	circle	none	dif	vert	up	N_dis	(681, 568)	True	169083	169965	up	(800, 450)	testing
7	et	f	19	2	circle	red	dif	hori	left	(800, 618)	(918, 568)	True	171022	172541	left	(800, 450)	testing
7	et	f	19	2	diamond	red	dif	hori	left	(681, 568)	(918, 568)	True	173661	175436	left	(800, 450)	testing
7	et	f	19	2	circle	none	same	vert	up	N_dis	(918, 331)	True	176522	177389	up	(800, 450)	testing
7	et	f	19	2	circle	green	dif	vert	up	(681, 331)	(632, 450)	True	178618	179485	up	(800, 450)	testing
7	et	f	19	2	circle	none	dif	hori	left	N_dis	(918, 331)	True	180585	181229	left	(800, 450)	testing
7	et	f	19	2	diamond	red	dif	vert	up	(968, 450)	(800, 282)	True	182330	183165	up	(800, 450)	testing
7	et	f	19	2	circle	red	same	hori	left	(800, 618)	(800, 282)	True	184251	185132	left	(800, 450)	testing
7	et	f	19	2	diamond	red	same	hori	left	(800, 618)	(800, 282)	True	186271	187437	left	(800, 450)	testing
7	et	f	19	2	circle	green	same	hori	left	(800, 618)	(968, 450)	True	188527	189501	left	(800, 450)	testing
7	et	f	19	2	diamond	none	same	vert	up	N_dis	(800, 282)	True	190722	191404	up	(800, 450)	testing
7	et	f	19	2	diamond	none	same	hori	left	N_dis	(681, 331)	True	192677	193340	left	(800, 450)	testing
7	et	f	19	2	diamond	red	dif	vert	up	(800, 618)	(681, 568)	True	194565	195709	up	(800, 450)	testing
7	et	f	19	2	circle	green	same	hori	left	(800, 618)	(968, 450)	True	196877	197886	left	(800, 450)	testing
7	et	f	19	2	diamond	none	same	hori	left	N_dis	(681, 568)	True	199151	199950	left	(800, 450)	testing
7	et	f	19	2	diamond	none	same	hori	left	N_dis	(681, 331)	True	201035	201790	left	(800, 450)	testing
7	et	f	19	2	diamond	green	same	hori	left	(800, 618)	(681, 331)	True	202931	203613	left	(800, 450)	testing
7	et	f	19	2	diamond	none	dif	hori	left	N_dis	(800, 618)	True	204663	205388	left	(800, 450)	testing
7	et	f	19	2	diamond	green	dif	hori	left	(800, 618)	(918, 568)	True	206674	207453	left	(800, 450)	testing
7	et	f	19	2	diamond	red	same	vert	up	(800, 618)	(800, 282)	True	208678	209261	up	(800, 450)	testing
7	et	f	19	2	circle	red	dif	vert	up	(800, 282)	(918, 331)	True	210374	211501	up	(800, 450)	testing
7	et	f	19	2	circle	green	same	hori	left	(918, 331)	(968, 450)	True	212778	213693	left	(800, 450)	testing
7	et	f	19	2	diamond	red	dif	vert	up	(681, 331)	(918, 568)	True	214865	215484	up	(800, 450)	testing
7	et	f	19	2	circle	red	dif	hori	left	(968, 450)	(681, 568)	True	216729	217357	left	(800, 450)	testing
7	et	f	19	2	circle	green	same	hori	left	(800, 618)	(632, 450)	True	218460	219228	left	(800, 450)	testing
7	et	f	19	2	circle	none	same	hori	left	N_dis	(632, 450)	True	220439	221101	left	(800, 450)	testing
7	et	f	19	2	diamond	none	dif	vert	up	N_dis	(800, 282)	True	222379	223005	up	(800, 450)	testing
7	et	f	19	2	circle	green	dif	vert	up	(800, 618)	(681, 568)	True	224097	224990	up	(800, 450)	testing
7	et	f	19	2	diamond	green	dif	hori	left	(800, 618)	(918, 331)	True	226148	227469	left	(800, 450)	testing
7	et	f	19	2	circle	green	dif	hori	left	(681, 331)	(918, 568)	True	228661	229822	left	(800, 450)	testing
7	et	f	19	2	diamond	green	dif	vert	up	(800, 618)	(632, 450)	True	230869	231854	up	(800, 450)	testing
7	et	f	19	2	circle	green	same	vert	up	(800, 618)	(800, 282)	True	233073	234109	up	(800, 450)	testing
7	et	f	19	2	circle	green	dif	hori	left	(800, 618)	(918, 568)	True	235155	236029	left	(800, 450)	testing
7	et	f	19	2	circle	none	same	vert	up	N_dis	(632, 450)	True	237114	237806	up	(800, 450)	testing
7	et	f	19	2	circle	red	same	hori	left	(800, 618)	(800, 282)	True	239021	239630	left	(800, 450)	testing
7	et	f	19	2	diamond	green	dif	hori	left	(968, 450)	(918, 568)	True	240902	241998	left	(800, 450)	testing
7	et	f	19	2	diamond	none	dif	vert	up	N_dis	(632, 450)	True	243103	243710	up	(800, 450)	testing
7	et	f	19	2	diamond	red	dif	hori	left	(800, 618)	(918, 568)	True	244949	245693	left	(800, 450)	testing
7	et	f	19	2	diamond	green	same	vert	up	(632, 450)	(681, 331)	True	246932	248028	up	(800, 450)	testing
7	et	f	19	2	diamond	green	same	hori	left	(800, 618)	(918, 331)	True	249132	249805	left	(800, 450)	testing
7	et	f	19	2	circle	green	dif	hori	left	(918, 331)	(632, 450)	True	250934	252477	left	(800, 450)	testing
7	et	f	19	2	circle	red	same	hori	left	(918, 331)	(968, 450)	True	253569	254444	left	(800, 450)	testing
7	et	f	19	2	diamond	green	dif	hori	left	(800, 618)	(918, 568)	True	255630	256445	left	(800, 450)	testing
7	et	f	19	2	circle	green	same	vert	up	(800, 618)	(918, 568)	True	257606	258766	up	(800, 450)	testing
7	et	f	19	2	circle	red	same	hori	left	(800, 618)	(632, 450)	True	260014	260766	left	(800, 450)	testing
7	et	f	19	2	diamond	red	same	hori	left	(800, 618)	(681, 568)	True	262017	263517	left	(800, 450)	testing
