subj	name	gender	age	runNum	shape	dist	td_dif	resp	resp_key	d_loc	t_loc	gotKey	startTime	respTime	resp	fix_loc	prac
7	et	f	19	4	diamond	red	same	hori	left	(918, 568)	(800, 282)	True	9152	10460	left	(800, 450)	testing
7	et	f	19	4	circle	green	same	vert	up	(918, 331)	(681, 568)	True	11580	12332	up	(800, 450)	testing
7	et	f	19	4	diamond	red	dif	hori	left	(918, 331)	(800, 618)	True	13435	14236	left	(800, 450)	testing
7	et	f	19	4	circle	red	same	hori	left	(918, 331)	(800, 618)	True	15382	16268	left	(800, 450)	testing
7	et	f	19	4	circle	red	same	hori	left	(681, 568)	(632, 450)	True	17524	18364	left	(800, 450)	testing
7	et	f	19	4	circle	none	dif	vert	up	N_dis	(918, 331)	True	19533	20172	up	(800, 450)	testing
7	et	f	19	4	circle	green	dif	vert	up	(918, 331)	(681, 331)	True	21461	22156	up	(800, 450)	testing
7	et	f	19	4	circle	none	same	hori	left	N_dis	(800, 282)	True	23358	23997	left	(800, 450)	testing
7	et	f	19	4	circle	none	dif	hori	left	N_dis	(681, 568)	True	25201	25836	left	(800, 450)	testing
7	et	f	19	4	diamond	red	same	hori	left	(918, 331)	(681, 568)	True	26959	27596	left	(800, 450)	testing
7	et	f	19	4	diamond	none	same	vert	up	N_dis	(681, 568)	True	28721	29404	up	(800, 450)	testing
7	et	f	19	4	diamond	none	dif	vert	up	N_dis	(800, 618)	True	30627	31292	up	(800, 450)	testing
7	et	f	19	4	circle	red	same	hori	left	(918, 331)	(681, 331)	True	32377	33340	left	(800, 450)	testing
7	et	f	19	4	circle	green	same	vert	up	(918, 568)	(968, 450)	True	34462	35468	up	(800, 450)	testing
7	et	f	19	4	diamond	red	same	vert	up	(918, 331)	(968, 450)	True	36648	37692	up	(800, 450)	testing
7	et	f	19	4	circle	none	same	hori	left	N_dis	(800, 618)	True	38796	39532	left	(800, 450)	testing
7	et	f	19	4	circle	none	dif	vert	up	N_dis	(968, 450)	True	40783	41452	up	(800, 450)	testing
7	et	f	19	4	circle	green	dif	hori	left	(918, 331)	(800, 282)	True	42560	43596	left	(800, 450)	testing
7	et	f	19	4	diamond	green	dif	vert	up	(632, 450)	(681, 568)	True	44639	45580	up	(800, 450)	testing
7	et	f	19	4	circle	red	dif	vert	up	(918, 331)	(632, 450)	True	46872	47916	up	(800, 450)	testing
7	et	f	19	4	diamond	red	dif	hori	left	(918, 331)	(681, 568)	True	49032	49740	left	(800, 450)	testing
7	et	f	19	4	circle	green	dif	hori	left	(968, 450)	(918, 568)	True	50884	51756	left	(800, 450)	testing
7	et	f	19	4	diamond	green	same	vert	up	(918, 331)	(800, 618)	True	52811	53580	up	(800, 450)	testing
7	et	f	19	4	diamond	green	dif	hori	left	(918, 331)	(800, 282)	True	54638	55404	left	(800, 450)	testing
7	et	f	19	4	diamond	red	dif	vert	up	(918, 331)	(681, 331)	True	56492	57292	up	(800, 450)	testing
7	et	f	19	4	circle	green	dif	vert	up	(918, 331)	(968, 450)	True	58453	59228	up	(800, 450)	testing
7	et	f	19	4	diamond	red	dif	vert	up	(918, 331)	(800, 618)	True	60477	61100	up	(800, 450)	testing
7	et	f	19	4	circle	red	dif	vert	up	(918, 331)	(800, 282)	True	62364	63084	up	(800, 450)	testing
7	et	f	19	4	circle	red	same	vert	up	(681, 331)	(800, 618)	True	64220	64989	up	(800, 450)	testing
7	et	f	19	4	circle	red	dif	hori	left	(968, 450)	(681, 331)	True	66253	66828	left	(800, 450)	testing
7	et	f	19	4	circle	red	dif	hori	left	(918, 331)	(681, 568)	True	67981	68604	left	(800, 450)	testing
7	et	f	19	4	circle	none	same	vert	up	N_dis	(918, 331)	True	69788	70460	up	(800, 450)	testing
7	et	f	19	4	diamond	none	dif	hori	left	N_dis	(632, 450)	True	71532	72108	left	(800, 450)	testing
7	et	f	19	4	diamond	red	same	hori	left	(918, 331)	(632, 450)	True	73206	73820	left	(800, 450)	testing
7	et	f	19	4	diamond	green	dif	vert	up	(918, 331)	(918, 568)	True	74947	75676	up	(800, 450)	testing
7	et	f	19	4	circle	green	dif	hori	left	(681, 331)	(632, 450)	True	76812	77660	left	(800, 450)	testing
7	et	f	19	4	circle	red	dif	vert	up	(918, 331)	(681, 568)	True	78707	79308	up	(800, 450)	testing
7	et	f	19	4	diamond	none	same	vert	up	N_dis	(632, 450)	True	80382	80940	up	(800, 450)	testing
7	et	f	19	4	diamond	green	same	vert	up	(918, 331)	(918, 568)	True	82029	82812	up	(800, 450)	testing
7	et	f	19	4	circle	red	same	vert	up	(918, 331)	(632, 450)	True	84026	84604	up	(800, 450)	testing
7	et	f	19	4	circle	none	dif	vert	up	N_dis	(968, 450)	True	85737	86348	up	(800, 450)	testing
7	et	f	19	4	diamond	green	same	vert	up	(918, 331)	(632, 450)	True	87462	88028	up	(800, 450)	testing
7	et	f	19	4	circle	green	dif	vert	up	(681, 568)	(800, 282)	True	89210	90076	up	(800, 450)	testing
7	et	f	19	4	diamond	none	same	hori	left	N_dis	(800, 618)	True	91270	92140	left	(800, 450)	testing
7	et	f	19	4	circle	none	dif	hori	left	N_dis	(632, 450)	True	93249	93981	left	(800, 450)	testing
7	et	f	19	4	circle	green	dif	vert	up	(918, 331)	(800, 282)	True	95258	95900	left	(800, 450)	testing
7	et	f	19	4	diamond	green	same	hori	left	(632, 450)	(800, 618)	True	98620	99516	left	(800, 450)	testing
7	et	f	19	4	diamond	green	same	hori	left	(800, 618)	(632, 450)	True	100578	101452	left	(800, 450)	testing
7	et	f	19	4	diamond	green	dif	hori	left	(918, 568)	(681, 331)	True	102617	103340	left	(800, 450)	testing
7	et	f	19	4	diamond	red	dif	vert	up	(918, 331)	(918, 568)	True	104547	105212	up	(800, 450)	testing
7	et	f	19	4	circle	none	same	vert	up	N_dis	(918, 568)	True	106294	107388	up	(800, 450)	testing
7	et	f	19	4	circle	red	same	vert	up	(800, 618)	(968, 450)	True	108653	109644	up	(800, 450)	testing
7	et	f	19	4	diamond	none	same	hori	left	N_dis	(968, 450)	True	110807	111756	left	(800, 450)	testing
7	et	f	19	4	diamond	red	dif	vert	up	(918, 331)	(632, 450)	True	112942	113596	up	(800, 450)	testing
7	et	f	19	4	circle	green	same	hori	left	(800, 282)	(632, 450)	True	114688	115660	left	(800, 450)	testing
7	et	f	19	4	circle	none	same	hori	left	N_dis	(918, 568)	True	116842	117452	left	(800, 450)	testing
7	et	f	19	4	diamond	red	same	vert	up	(918, 331)	(800, 618)	True	118498	119180	up	(800, 450)	testing
7	et	f	19	4	circle	none	dif	hori	left	N_dis	(681, 331)	True	120286	121852	left	(800, 450)	testing
7	et	f	19	4	diamond	green	dif	vert	up	(918, 331)	(681, 568)	True	123129	123868	up	(800, 450)	testing
7	et	f	19	4	diamond	green	dif	hori	left	(918, 331)	(681, 568)	True	124972	125740	left	(800, 450)	testing
7	et	f	19	4	diamond	green	same	hori	left	(918, 331)	(918, 568)	True	126959	127660	left	(800, 450)	testing
7	et	f	19	4	circle	none	same	vert	up	N_dis	(681, 331)	True	128919	129692	up	(800, 450)	testing
7	et	f	19	4	circle	none	dif	vert	up	N_dis	(800, 282)	True	130761	131965	up	(800, 450)	testing
7	et	f	19	4	diamond	green	same	hori	left	(918, 331)	(681, 331)	True	133213	134460	up	(800, 450)	testing
7	et	f	19	4	circle	none	same	hori	left	N_dis	(918, 568)	True	137067	137596	left	(800, 450)	testing
7	et	f	19	4	circle	none	dif	vert	up	N_dis	(681, 568)	True	138694	139388	up	(800, 450)	testing
7	et	f	19	4	diamond	green	dif	vert	up	(800, 618)	(681, 568)	True	140487	141340	up	(800, 450)	testing
7	et	f	19	4	circle	red	same	vert	up	(800, 282)	(681, 331)	True	142419	143324	up	(800, 450)	testing
7	et	f	19	4	circle	green	dif	vert	up	(968, 450)	(632, 450)	True	144609	145356	up	(800, 450)	testing
7	et	f	19	4	diamond	red	dif	hori	left	(918, 331)	(968, 450)	True	146455	147452	up	(800, 450)	testing
7	et	f	19	4	diamond	red	same	vert	up	(968, 450)	(800, 282)	True	150250	151324	up	(800, 450)	testing
7	et	f	19	4	circle	green	same	vert	up	(918, 331)	(968, 450)	True	152571	153596	up	(800, 450)	testing
7	et	f	19	4	diamond	red	same	hori	left	(918, 331)	(681, 331)	True	154757	155900	left	(800, 450)	testing
7	et	f	19	4	diamond	green	same	hori	left	(918, 331)	(681, 331)	True	156989	158076	left	(800, 450)	testing
7	et	f	19	4	diamond	green	same	vert	up	(800, 282)	(800, 618)	True	159157	159868	up	(800, 450)	testing
7	et	f	19	4	circle	green	dif	hori	left	(681, 331)	(800, 618)	True	160988	161692	left	(800, 450)	testing
7	et	f	19	4	diamond	red	dif	hori	left	(632, 450)	(800, 618)	True	162936	163772	left	(800, 450)	testing
7	et	f	19	4	circle	red	dif	hori	left	(681, 568)	(918, 568)	True	164962	165644	left	(800, 450)	testing
7	et	f	19	4	circle	red	dif	hori	left	(918, 331)	(681, 568)	True	166816	167516	left	(800, 450)	testing
7	et	f	19	4	diamond	none	same	vert	up	N_dis	(968, 450)	True	168685	169308	up	(800, 450)	testing
7	et	f	19	4	diamond	green	dif	hori	left	(800, 618)	(681, 568)	True	170450	171228	left	(800, 450)	testing
7	et	f	19	4	diamond	none	same	hori	left	N_dis	(800, 282)	True	172301	172940	left	(800, 450)	testing
7	et	f	19	4	diamond	red	same	hori	left	(918, 331)	(632, 450)	True	174055	175628	left	(800, 450)	testing
7	et	f	19	4	circle	red	dif	hori	left	(918, 331)	(800, 282)	True	176918	177804	left	(800, 450)	testing
7	et	f	19	4	circle	green	same	vert	up	(918, 331)	(681, 568)	True	178891	179660	up	(800, 450)	testing
7	et	f	19	4	circle	green	same	vert	up	(918, 331)	(968, 450)	True	180799	181532	up	(800, 450)	testing
7	et	f	19	4	circle	none	same	vert	up	N_dis	(800, 282)	True	182657	183340	up	(800, 450)	testing
7	et	f	19	4	circle	red	same	vert	up	(918, 331)	(681, 331)	True	184511	185308	up	(800, 450)	testing
7	et	f	19	4	diamond	red	dif	vert	up	(681, 331)	(800, 282)	True	186422	187148	up	(800, 450)	testing
7	et	f	19	4	diamond	none	dif	hori	left	N_dis	(918, 331)	True	188323	188989	left	(800, 450)	testing
7	et	f	19	4	diamond	none	dif	vert	up	N_dis	(632, 450)	True	190206	190876	up	(800, 450)	testing
7	et	f	19	4	circle	red	dif	vert	up	(918, 331)	(632, 450)	True	192063	192780	up	(800, 450)	testing
7	et	f	19	4	diamond	none	dif	vert	up	N_dis	(681, 568)	True	194006	194684	up	(800, 450)	testing
7	et	f	19	4	diamond	none	dif	hori	left	N_dis	(800, 618)	True	195869	196588	left	(800, 450)	testing
7	et	f	19	4	diamond	green	dif	hori	left	(800, 282)	(968, 450)	True	197826	198444	left	(800, 450)	testing
7	et	f	19	4	circle	red	same	hori	left	(918, 331)	(800, 282)	True	199722	200764	left	(800, 450)	testing
7	et	f	19	4	circle	green	same	hori	left	(918, 331)	(968, 450)	True	201953	202620	left	(800, 450)	testing
7	et	f	19	4	diamond	none	dif	vert	up	N_dis	(918, 331)	True	203731	204412	up	(800, 450)	testing
7	et	f	19	4	circle	none	same	hori	left	N_dis	(968, 450)	True	205650	206364	left	(800, 450)	testing
7	et	f	19	4	circle	red	dif	vert	up	(918, 331)	(918, 568)	True	207646	208348	up	(800, 450)	testing
7	et	f	19	4	diamond	none	dif	vert	up	N_dis	(800, 282)	True	209398	210092	up	(800, 450)	testing
7	et	f	19	4	diamond	green	dif	vert	up	(632, 450)	(681, 568)	True	211272	212140	up	(800, 450)	testing
7	et	f	19	4	diamond	red	same	vert	up	(918, 331)	(800, 618)	True	213248	213900	up	(800, 450)	testing
7	et	f	19	4	circle	none	same	vert	up	N_dis	(681, 331)	True	214990	216028	left	(800, 450)	testing
7	et	f	19	4	diamond	none	same	vert	up	N_dis	(918, 568)	True	218824	219500	up	(800, 450)	testing
7	et	f	19	4	circle	green	same	hori	left	(918, 331)	(918, 568)	True	220613	221388	left	(800, 450)	testing
7	et	f	19	4	circle	red	same	hori	left	(918, 331)	(918, 568)	True	222640	223372	left	(800, 450)	testing
7	et	f	19	4	diamond	green	same	vert	up	(681, 568)	(800, 282)	True	224437	225260	up	(800, 450)	testing
7	et	f	19	4	diamond	none	same	hori	left	N_dis	(681, 331)	True	226319	227340	left	(800, 450)	testing
7	et	f	19	4	diamond	none	dif	hori	left	N_dis	(918, 568)	True	228597	229196	left	(800, 450)	testing
7	et	f	19	4	diamond	red	same	vert	up	(918, 331)	(800, 282)	True	230352	230973	up	(800, 450)	testing
7	et	f	19	4	diamond	none	same	hori	left	N_dis	(632, 450)	True	232177	232924	left	(800, 450)	testing
7	et	f	19	4	diamond	none	dif	hori	left	N_dis	(800, 618)	True	234014	234844	left	(800, 450)	testing
7	et	f	19	4	circle	none	dif	hori	left	N_dis	(681, 331)	True	236046	237340	left	(800, 450)	testing
7	et	f	19	4	diamond	red	dif	hori	left	(918, 331)	(681, 568)	True	238545	239212	left	(800, 450)	testing
7	et	f	19	4	circle	green	same	hori	left	(918, 568)	(632, 450)	True	240295	241196	left	(800, 450)	testing
7	et	f	19	4	circle	green	same	hori	left	(918, 331)	(800, 618)	True	242304	243164	left	(800, 450)	testing
7	et	f	19	4	diamond	none	same	vert	up	N_dis	(918, 331)	True	244368	245052	up	(800, 450)	testing
7	et	f	19	4	circle	none	dif	hori	left	N_dis	(681, 568)	True	246157	247164	left	(800, 450)	testing
7	et	f	19	4	circle	green	dif	hori	left	(918, 331)	(968, 450)	True	248298	249084	left	(800, 450)	testing
