subj	name	gender	age	runNum	shape	dist	td_dif	resp	resp_key	d_loc	t_loc	gotKey	startTime	respTime	resp	fix_loc	prac
7	et	f	19	9	diamond	none	same	hori	left	N_dis	(918, 568)	True	11616	12285	left	(800, 450)	testing
7	et	f	19	9	circle	red	same	hori	left	(800, 618)	(968, 450)	True	13540	14189	left	(800, 450)	testing
7	et	f	19	9	diamond	none	same	vert	up	N_dis	(918, 331)	True	15478	16941	up	(800, 450)	testing
7	et	f	19	9	circle	red	same	hori	left	(681, 331)	(800, 618)	True	18189	18973	left	(800, 450)	testing
7	et	f	19	9	circle	red	dif	hori	left	(632, 450)	(918, 331)	True	20252	20893	left	(800, 450)	testing
7	et	f	19	9	circle	none	same	hori	left	N_dis	(800, 282)	True	22002	22685	left	(800, 450)	testing
7	et	f	19	9	circle	green	same	vert	up	(632, 450)	(800, 618)	True	23887	24589	up	(800, 450)	testing
7	et	f	19	9	diamond	none	dif	vert	up	N_dis	(681, 568)	True	25880	26605	up	(800, 450)	testing
7	et	f	19	9	diamond	red	same	vert	up	(632, 450)	(800, 618)	True	27711	28445	up	(800, 450)	testing
7	et	f	19	9	circle	none	dif	hori	left	N_dis	(918, 331)	True	29555	30525	left	(800, 450)	testing
7	et	f	19	9	circle	red	dif	vert	up	(968, 450)	(800, 618)	True	31807	32445	up	(800, 450)	testing
7	et	f	19	9	circle	green	dif	vert	up	(800, 618)	(968, 450)	True	33576	34509	up	(800, 450)	testing
7	et	f	19	9	diamond	red	dif	vert	up	(632, 450)	(681, 331)	True	35795	36669	left	(800, 450)	testing
7	et	f	19	9	circle	none	dif	vert	up	N_dis	(918, 568)	True	39464	40589	up	(800, 450)	testing
7	et	f	19	9	diamond	red	same	hori	left	(632, 450)	(800, 282)	True	41722	42589	left	(800, 450)	testing
7	et	f	19	9	diamond	red	dif	hori	left	(632, 450)	(681, 568)	True	43765	44717	left	(800, 450)	testing
7	et	f	19	9	circle	red	dif	vert	up	(632, 450)	(800, 618)	True	45980	46797	up	(800, 450)	testing
7	et	f	19	9	circle	red	same	hori	left	(968, 450)	(681, 331)	True	47944	48669	left	(800, 450)	testing
7	et	f	19	9	diamond	none	dif	vert	up	N_dis	(968, 450)	True	49906	50445	up	(800, 450)	testing
7	et	f	19	9	diamond	green	dif	vert	up	(681, 568)	(968, 450)	True	51645	52365	up	(800, 450)	testing
7	et	f	19	9	diamond	none	dif	hori	left	N_dis	(800, 282)	True	53467	54061	left	(800, 450)	testing
7	et	f	19	9	diamond	none	dif	vert	up	N_dis	(800, 282)	True	55186	55837	up	(800, 450)	testing
7	et	f	19	9	diamond	green	same	hori	left	(632, 450)	(968, 450)	True	57099	57661	left	(800, 450)	testing
7	et	f	19	9	circle	green	same	vert	up	(632, 450)	(681, 568)	True	58795	59933	up	(800, 450)	testing
7	et	f	19	9	diamond	red	dif	vert	up	(632, 450)	(918, 331)	True	61190	61853	up	(800, 450)	testing
7	et	f	19	9	circle	green	same	vert	up	(632, 450)	(968, 450)	True	63084	63773	up	(800, 450)	testing
7	et	f	19	9	diamond	green	dif	hori	left	(918, 331)	(681, 331)	True	64947	65613	left	(800, 450)	testing
7	et	f	19	9	circle	none	dif	vert	up	N_dis	(968, 450)	True	66718	67437	up	(800, 450)	testing
7	et	f	19	9	diamond	green	same	vert	up	(681, 331)	(800, 618)	True	68557	69197	up	(800, 450)	testing
7	et	f	19	9	circle	none	dif	vert	up	N_dis	(918, 568)	True	70292	70877	up	(800, 450)	testing
7	et	f	19	9	circle	red	dif	vert	up	(632, 450)	(800, 618)	True	71941	72605	up	(800, 450)	testing
7	et	f	19	9	diamond	none	dif	hori	left	N_dis	(632, 450)	True	73693	74253	left	(800, 450)	testing
7	et	f	19	9	circle	red	same	vert	up	(632, 450)	(800, 282)	True	75486	76253	up	(800, 450)	testing
7	et	f	19	9	diamond	none	same	vert	up	N_dis	(681, 568)	True	77488	78141	up	(800, 450)	testing
7	et	f	19	9	diamond	green	same	vert	up	(800, 282)	(681, 331)	True	79402	80221	up	(800, 450)	testing
7	et	f	19	9	circle	none	same	hori	left	N_dis	(681, 331)	True	81389	81981	left	(800, 450)	testing
7	et	f	19	9	diamond	none	same	vert	up	N_dis	(632, 450)	True	83161	83709	up	(800, 450)	testing
7	et	f	19	9	diamond	red	dif	vert	up	(632, 450)	(918, 568)	True	84853	85469	up	(800, 450)	testing
7	et	f	19	9	circle	none	same	vert	up	N_dis	(968, 450)	True	86644	87629	up	(800, 450)	testing
7	et	f	19	9	circle	green	dif	hori	left	(800, 282)	(800, 618)	True	88724	89341	left	(800, 450)	testing
7	et	f	19	9	diamond	green	dif	vert	up	(632, 450)	(918, 331)	True	90451	91485	up	(800, 450)	testing
7	et	f	19	9	circle	none	dif	hori	left	N_dis	(918, 568)	True	92758	93437	left	(800, 450)	testing
7	et	f	19	9	diamond	none	same	hori	left	N_dis	(681, 568)	True	94597	95181	left	(800, 450)	testing
7	et	f	19	9	circle	green	dif	hori	left	(632, 450)	(918, 331)	True	96224	97373	left	(800, 450)	testing
7	et	f	19	9	circle	green	same	vert	up	(632, 450)	(800, 282)	True	98659	100253	up	(800, 450)	testing
7	et	f	19	9	diamond	red	same	hori	left	(632, 450)	(681, 568)	True	101360	102221	left	(800, 450)	testing
7	et	f	19	9	circle	green	dif	vert	up	(918, 568)	(681, 568)	True	103273	104525	up	(800, 450)	testing
7	et	f	19	9	diamond	red	dif	hori	left	(632, 450)	(681, 568)	True	105764	106397	left	(800, 450)	testing
7	et	f	19	9	circle	green	same	hori	left	(632, 450)	(918, 568)	True	107544	108365	left	(800, 450)	testing
7	et	f	19	9	circle	green	same	hori	left	(632, 450)	(681, 331)	True	109650	111085	left	(800, 450)	testing
7	et	f	19	9	circle	none	dif	hori	left	N_dis	(632, 450)	True	112374	112989	left	(800, 450)	testing
7	et	f	19	9	diamond	none	same	vert	up	N_dis	(800, 618)	True	114059	114733	up	(800, 450)	testing
7	et	f	19	9	diamond	green	same	hori	left	(632, 450)	(968, 450)	True	115888	116477	left	(800, 450)	testing
7	et	f	19	9	circle	red	dif	vert	up	(800, 282)	(918, 331)	True	117539	118525	up	(800, 450)	testing
7	et	f	19	9	diamond	none	dif	hori	left	N_dis	(681, 331)	True	119665	120221	left	(800, 450)	testing
7	et	f	19	9	diamond	none	same	hori	left	N_dis	(800, 282)	True	121332	121949	up	(800, 450)	testing
7	et	f	19	9	diamond	green	dif	hori	left	(918, 568)	(681, 568)	True	124714	125421	left	(800, 450)	testing
7	et	f	19	9	circle	green	dif	hori	left	(968, 450)	(681, 331)	True	126536	127197	left	(800, 450)	testing
7	et	f	19	9	circle	green	dif	hori	left	(681, 568)	(918, 331)	True	128240	128973	left	(800, 450)	testing
7	et	f	19	9	circle	none	same	vert	up	N_dis	(918, 331)	True	130187	130957	up	(800, 450)	testing
7	et	f	19	9	diamond	none	dif	vert	up	N_dis	(632, 450)	True	132130	132829	up	(800, 450)	testing
7	et	f	19	9	circle	none	dif	vert	up	N_dis	(681, 331)	True	133875	134925	up	(800, 450)	testing
7	et	f	19	9	circle	green	same	hori	left	(632, 450)	(918, 331)	True	136138	137053	left	(800, 450)	testing
7	et	f	19	9	diamond	red	same	vert	up	(918, 331)	(800, 618)	True	138219	139437	up	(800, 450)	testing
7	et	f	19	9	diamond	red	dif	hori	left	(632, 450)	(800, 282)	True	140531	141357	left	(800, 450)	testing
7	et	f	19	9	circle	green	same	hori	left	(632, 450)	(968, 450)	True	142537	143133	left	(800, 450)	testing
7	et	f	19	9	circle	green	dif	vert	up	(632, 450)	(681, 331)	True	144322	145021	up	(800, 450)	testing
7	et	f	19	9	circle	none	same	hori	left	N_dis	(968, 450)	True	146072	146653	left	(800, 450)	testing
7	et	f	19	9	circle	none	dif	vert	up	N_dis	(800, 282)	True	147748	148349	up	(800, 450)	testing
7	et	f	19	9	diamond	green	dif	vert	up	(681, 568)	(918, 568)	True	149556	150797	up	(800, 450)	testing
7	et	f	19	9	circle	none	same	hori	left	N_dis	(918, 331)	True	152043	152669	left	(800, 450)	testing
7	et	f	19	9	circle	red	same	hori	left	(918, 331)	(968, 450)	True	153788	154701	left	(800, 450)	testing
7	et	f	19	9	diamond	green	same	vert	up	(632, 450)	(918, 568)	True	155874	156749	left	(800, 450)	testing
7	et	f	19	9	diamond	green	dif	hori	left	(800, 618)	(918, 331)	True	159559	160221	left	(800, 450)	testing
7	et	f	19	9	diamond	red	same	hori	left	(918, 331)	(800, 282)	True	161319	162893	left	(800, 450)	testing
7	et	f	19	9	diamond	red	same	vert	up	(632, 450)	(681, 568)	True	164015	164989	up	(800, 450)	testing
7	et	f	19	9	diamond	none	same	hori	left	N_dis	(800, 618)	True	166205	166925	left	(800, 450)	testing
7	et	f	19	9	diamond	none	same	vert	up	N_dis	(681, 568)	True	168089	168813	up	(800, 450)	testing
7	et	f	19	9	circle	green	same	vert	up	(632, 450)	(681, 331)	True	170048	170941	up	(800, 450)	testing
7	et	f	19	9	diamond	green	dif	hori	left	(632, 450)	(681, 568)	True	172139	172925	left	(800, 450)	testing
7	et	f	19	9	diamond	green	dif	vert	up	(632, 450)	(800, 282)	True	174155	174829	up	(800, 450)	testing
7	et	f	19	9	circle	none	dif	hori	left	N_dis	(681, 568)	True	176016	176669	left	(800, 450)	testing
7	et	f	19	9	circle	green	dif	hori	left	(800, 282)	(968, 450)	True	177940	178749	left	(800, 450)	testing
7	et	f	19	9	diamond	none	same	hori	left	N_dis	(918, 331)	True	179970	180557	left	(800, 450)	testing
7	et	f	19	9	diamond	red	dif	vert	up	(968, 450)	(800, 282)	True	181641	182317	up	(800, 450)	testing
7	et	f	19	9	diamond	red	same	vert	up	(681, 331)	(918, 568)	True	183560	184157	up	(800, 450)	testing
7	et	f	19	9	diamond	red	same	hori	left	(632, 450)	(918, 568)	True	185422	186013	left	(800, 450)	testing
7	et	f	19	9	circle	red	dif	hori	left	(632, 450)	(681, 331)	True	187100	187933	left	(800, 450)	testing
7	et	f	19	9	diamond	none	dif	hori	left	N_dis	(800, 618)	True	188994	189629	left	(800, 450)	testing
7	et	f	19	9	circle	red	dif	hori	left	(632, 450)	(918, 331)	True	190720	191373	left	(800, 450)	testing
7	et	f	19	9	circle	green	dif	vert	up	(681, 331)	(918, 331)	True	192445	193645	up	(800, 450)	testing
7	et	f	19	9	diamond	green	same	vert	up	(632, 450)	(800, 618)	True	194813	195421	up	(800, 450)	testing
7	et	f	19	9	diamond	green	dif	vert	up	(632, 450)	(918, 331)	True	196598	197245	up	(800, 450)	testing
7	et	f	19	9	circle	red	same	hori	left	(632, 450)	(681, 331)	True	198422	199149	left	(800, 450)	testing
7	et	f	19	9	diamond	red	dif	vert	up	(632, 450)	(968, 450)	True	200286	200893	up	(800, 450)	testing
7	et	f	19	9	circle	red	same	vert	up	(681, 568)	(800, 282)	True	202022	203101	up	(800, 450)	testing
7	et	f	19	9	circle	none	same	vert	up	N_dis	(681, 331)	True	204200	204861	up	(800, 450)	testing
7	et	f	19	9	circle	red	same	vert	up	(632, 450)	(681, 568)	True	205952	206797	up	(800, 450)	testing
7	et	f	19	9	diamond	red	same	vert	up	(632, 450)	(681, 331)	True	208030	209005	up	(800, 450)	testing
7	et	f	19	9	circle	red	same	vert	up	(632, 450)	(968, 450)	True	210060	210733	up	(800, 450)	testing
7	et	f	19	9	circle	none	same	vert	up	N_dis	(800, 618)	True	211863	212461	up	(800, 450)	testing
7	et	f	19	9	circle	red	dif	vert	up	(918, 568)	(681, 568)	True	213507	214285	up	(800, 450)	testing
7	et	f	19	9	circle	red	same	vert	up	(632, 450)	(968, 450)	True	215335	215949	up	(800, 450)	testing
7	et	f	19	9	circle	green	same	hori	left	(918, 568)	(800, 282)	True	217228	218109	left	(800, 450)	testing
7	et	f	19	9	diamond	green	same	hori	left	(632, 450)	(800, 618)	True	219373	220061	left	(800, 450)	testing
7	et	f	19	9	circle	none	same	hori	left	N_dis	(968, 450)	True	221113	221821	left	(800, 450)	testing
7	et	f	19	9	circle	none	dif	hori	left	N_dis	(800, 618)	True	222915	223453	left	(800, 450)	testing
7	et	f	19	9	diamond	none	dif	hori	left	N_dis	(632, 450)	True	224564	225117	left	(800, 450)	testing
7	et	f	19	9	diamond	red	dif	hori	left	(632, 450)	(800, 282)	True	226175	226925	left	(800, 450)	testing
7	et	f	19	9	diamond	none	dif	vert	up	N_dis	(918, 568)	True	227970	228589	up	(800, 450)	testing
7	et	f	19	9	circle	red	dif	hori	left	(632, 450)	(918, 568)	True	229673	230477	left	(800, 450)	testing
7	et	f	19	9	diamond	green	same	hori	left	(632, 450)	(968, 450)	True	231749	232349	left	(800, 450)	testing
7	et	f	19	9	circle	red	dif	hori	left	(632, 450)	(968, 450)	True	233474	234061	left	(800, 450)	testing
7	et	f	19	9	diamond	green	same	hori	left	(800, 618)	(681, 331)	True	235294	235917	left	(800, 450)	testing
7	et	f	19	9	diamond	green	same	vert	up	(632, 450)	(968, 450)	True	237181	237805	up	(800, 450)	testing
7	et	f	19	9	diamond	red	dif	hori	left	(632, 450)	(800, 282)	True	239019	239629	left	(800, 450)	testing
7	et	f	19	9	circle	none	same	vert	up	N_dis	(681, 331)	True	240870	241933	up	(800, 450)	testing
7	et	f	19	9	diamond	green	dif	hori	left	(632, 450)	(918, 568)	True	242999	243773	left	(800, 450)	testing
7	et	f	19	9	diamond	red	same	hori	left	(632, 450)	(800, 618)	True	245019	246029	left	(800, 450)	testing
7	et	f	19	9	circle	green	dif	vert	up	(632, 450)	(918, 568)	True	247112	247821	up	(800, 450)	testing
