subj	name	gender	age	runNum	shape	dist	td_dif	resp	resp_key	d_loc	t_loc	gotKey	startTime	respTime	resp	fix_loc	prac
7	et	f	19	8	circle	green	dif	vert	up	(632, 450)	(918, 568)	True	11408	12172	up	(800, 450)	testing
7	et	f	19	8	circle	none	dif	hori	left	N_dis	(681, 568)	True	13335	13966	left	(800, 450)	testing
7	et	f	19	8	diamond	green	same	vert	up	(681, 331)	(918, 568)	True	15115	15837	up	(800, 450)	testing
7	et	f	19	8	circle	red	same	hori	left	(632, 450)	(800, 282)	True	16960	17677	left	(800, 450)	testing
7	et	f	19	8	diamond	green	same	vert	up	(681, 568)	(800, 618)	True	18842	19485	up	(800, 450)	testing
7	et	f	19	8	diamond	red	dif	hori	left	(800, 282)	(681, 331)	True	20675	21453	left	(800, 450)	testing
7	et	f	19	8	circle	none	dif	vert	up	N_dis	(918, 331)	True	22626	23325	up	(800, 450)	testing
7	et	f	19	8	diamond	none	dif	hori	left	N_dis	(968, 450)	True	24395	25020	left	(800, 450)	testing
7	et	f	19	8	circle	red	same	vert	up	(632, 450)	(681, 331)	True	26202	27260	up	(800, 450)	testing
7	et	f	19	8	diamond	red	same	vert	up	(632, 450)	(968, 450)	True	28337	29437	up	(800, 450)	testing
7	et	f	19	8	diamond	green	dif	hori	left	(632, 450)	(681, 568)	True	30692	31821	left	(800, 450)	testing
7	et	f	19	8	circle	none	dif	vert	up	N_dis	(681, 331)	True	33024	33870	left	(800, 450)	testing
7	et	f	19	8	diamond	none	same	hori	left	N_dis	(918, 331)	True	36587	37276	left	(800, 450)	testing
7	et	f	19	8	diamond	green	dif	vert	up	(918, 568)	(800, 618)	True	38469	39196	up	(800, 450)	testing
7	et	f	19	8	circle	red	dif	hori	left	(632, 450)	(968, 450)	True	40258	41132	left	(800, 450)	testing
7	et	f	19	8	diamond	green	dif	vert	up	(681, 568)	(681, 331)	True	42381	43533	up	(800, 450)	testing
7	et	f	19	8	diamond	green	dif	vert	up	(632, 450)	(681, 568)	True	44738	45613	up	(800, 450)	testing
7	et	f	19	8	diamond	green	same	hori	left	(632, 450)	(681, 331)	True	46699	47388	left	(800, 450)	testing
7	et	f	19	8	circle	red	same	hori	left	(800, 618)	(918, 568)	True	48477	49613	left	(800, 450)	testing
7	et	f	19	8	diamond	red	dif	vert	up	(632, 450)	(800, 282)	True	50856	51517	up	(800, 450)	testing
7	et	f	19	8	circle	none	dif	vert	up	N_dis	(681, 331)	True	52640	53629	up	(800, 450)	testing
7	et	f	19	8	circle	red	same	vert	up	(632, 450)	(918, 568)	True	54789	55404	up	(800, 450)	testing
7	et	f	19	8	circle	green	same	hori	left	(918, 331)	(800, 282)	True	56688	57597	left	(800, 450)	testing
7	et	f	19	8	diamond	red	dif	vert	up	(918, 568)	(918, 331)	True	58869	59613	up	(800, 450)	testing
7	et	f	19	8	diamond	green	same	hori	left	(632, 450)	(800, 618)	True	60873	61853	left	(800, 450)	testing
7	et	f	19	8	diamond	green	same	hori	left	(918, 331)	(800, 618)	True	63124	63981	left	(800, 450)	testing
7	et	f	19	8	diamond	red	dif	hori	left	(632, 450)	(968, 450)	True	65060	65677	left	(800, 450)	testing
7	et	f	19	8	diamond	green	dif	hori	left	(918, 331)	(968, 450)	True	66807	67581	left	(800, 450)	testing
7	et	f	19	8	diamond	green	dif	vert	up	(968, 450)	(681, 331)	True	68753	69372	up	(800, 450)	testing
7	et	f	19	8	circle	green	same	vert	up	(632, 450)	(681, 568)	True	70433	71533	up	(800, 450)	testing
7	et	f	19	8	diamond	none	dif	vert	up	N_dis	(800, 618)	True	72721	73356	up	(800, 450)	testing
7	et	f	19	8	circle	green	same	hori	left	(632, 450)	(918, 331)	True	74527	76220	left	(800, 450)	testing
7	et	f	19	8	circle	none	same	hori	left	N_dis	(681, 331)	True	77444	78076	left	(800, 450)	testing
7	et	f	19	8	circle	red	dif	vert	up	(632, 450)	(968, 450)	True	79143	79789	up	(800, 450)	testing
7	et	f	19	8	diamond	none	dif	hori	left	N_dis	(800, 282)	True	80943	81581	left	(800, 450)	testing
7	et	f	19	8	diamond	none	dif	vert	up	N_dis	(632, 450)	True	82801	83469	up	(800, 450)	testing
7	et	f	19	8	circle	red	dif	vert	up	(632, 450)	(681, 331)	True	84635	85404	up	(800, 450)	testing
7	et	f	19	8	circle	green	same	hori	left	(632, 450)	(918, 568)	True	86623	87388	left	(800, 450)	testing
7	et	f	19	8	circle	green	dif	vert	up	(632, 450)	(681, 568)	True	88471	89260	up	(800, 450)	testing
7	et	f	19	8	circle	none	same	vert	up	N_dis	(681, 568)	True	90376	91069	up	(800, 450)	testing
7	et	f	19	8	circle	green	dif	vert	up	(632, 450)	(800, 618)	True	92337	93004	up	(800, 450)	testing
7	et	f	19	8	diamond	green	same	vert	up	(918, 568)	(918, 331)	True	94102	94893	up	(800, 450)	testing
7	et	f	19	8	diamond	red	same	hori	left	(632, 450)	(800, 618)	True	95938	96685	left	(800, 450)	testing
7	et	f	19	8	diamond	red	same	hori	left	(632, 450)	(800, 618)	True	97924	98573	left	(800, 450)	testing
7	et	f	19	8	circle	none	same	hori	left	N_dis	(918, 331)	True	99747	100332	left	(800, 450)	testing
7	et	f	19	8	circle	red	dif	hori	left	(800, 618)	(918, 331)	True	101443	102204	left	(800, 450)	testing
7	et	f	19	8	circle	green	same	vert	up	(800, 618)	(918, 331)	True	103456	104941	up	(800, 450)	testing
7	et	f	19	8	diamond	red	dif	hori	left	(632, 450)	(800, 618)	True	106004	106654	left	(800, 450)	testing
7	et	f	19	8	circle	none	dif	vert	up	N_dis	(800, 618)	True	107772	109004	up	(800, 450)	testing
7	et	f	19	8	circle	none	same	hori	left	N_dis	(632, 450)	True	110249	111196	left	(800, 450)	testing
7	et	f	19	8	diamond	red	same	vert	up	(632, 450)	(681, 568)	True	112408	113437	up	(800, 450)	testing
7	et	f	19	8	diamond	red	same	vert	up	(681, 568)	(918, 568)	True	114716	115789	up	(800, 450)	testing
7	et	f	19	8	circle	red	dif	vert	up	(632, 450)	(681, 568)	True	116947	117885	up	(800, 450)	testing
7	et	f	19	8	circle	green	dif	vert	up	(681, 331)	(968, 450)	True	119161	119965	up	(800, 450)	testing
7	et	f	19	8	diamond	green	same	vert	up	(632, 450)	(800, 618)	True	121153	121741	up	(800, 450)	testing
7	et	f	19	8	diamond	none	dif	vert	up	N_dis	(800, 282)	True	122809	123837	up	(800, 450)	testing
7	et	f	19	8	diamond	red	dif	vert	up	(632, 450)	(968, 450)	True	124946	125549	up	(800, 450)	testing
7	et	f	19	8	circle	none	dif	hori	left	N_dis	(918, 331)	True	126650	127276	left	(800, 450)	testing
7	et	f	19	8	diamond	none	same	vert	up	N_dis	(968, 450)	True	128465	129340	up	(800, 450)	testing
7	et	f	19	8	circle	red	same	vert	up	(632, 450)	(918, 568)	True	130544	131148	up	(800, 450)	testing
7	et	f	19	8	circle	red	same	hori	left	(918, 568)	(968, 450)	True	132361	133517	left	(800, 450)	testing
7	et	f	19	8	diamond	none	same	hori	left	N_dis	(681, 568)	True	134605	135228	left	(800, 450)	testing
7	et	f	19	8	diamond	red	dif	vert	up	(632, 450)	(918, 568)	True	136346	136957	up	(800, 450)	testing
7	et	f	19	8	circle	green	same	hori	left	(632, 450)	(800, 282)	True	138042	138733	left	(800, 450)	testing
7	et	f	19	8	circle	green	same	hori	left	(632, 450)	(968, 450)	True	139931	140573	left	(800, 450)	testing
7	et	f	19	8	diamond	none	dif	vert	up	N_dis	(800, 618)	True	141730	142268	up	(800, 450)	testing
7	et	f	19	8	circle	green	same	vert	up	(968, 450)	(918, 331)	True	143511	144316	up	(800, 450)	testing
7	et	f	19	8	circle	none	same	vert	up	N_dis	(800, 618)	True	145486	146236	up	(800, 450)	testing
7	et	f	19	8	circle	green	dif	vert	up	(632, 450)	(968, 450)	True	147420	148028	up	(800, 450)	testing
7	et	f	19	8	diamond	red	dif	hori	left	(632, 450)	(968, 450)	True	149108	149693	left	(800, 450)	testing
7	et	f	19	8	diamond	red	same	hori	left	(632, 450)	(800, 282)	True	150976	151661	left	(800, 450)	testing
7	et	f	19	8	circle	green	dif	hori	left	(632, 450)	(918, 331)	True	152717	153372	left	(800, 450)	testing
7	et	f	19	8	diamond	red	dif	hori	left	(918, 331)	(800, 618)	True	154643	155260	left	(800, 450)	testing
7	et	f	19	8	circle	green	same	vert	up	(681, 331)	(800, 282)	True	156477	157340	up	(800, 450)	testing
7	et	f	19	8	diamond	green	same	hori	left	(632, 450)	(681, 568)	True	158598	159372	left	(800, 450)	testing
7	et	f	19	8	circle	green	dif	hori	left	(632, 450)	(918, 331)	True	160647	161340	left	(800, 450)	testing
7	et	f	19	8	diamond	none	dif	hori	left	N_dis	(918, 568)	True	162562	163420	left	(800, 450)	testing
7	et	f	19	8	diamond	none	dif	vert	up	N_dis	(632, 450)	True	164634	165260	up	(800, 450)	testing
7	et	f	19	8	circle	green	dif	hori	left	(800, 282)	(800, 618)	True	166388	167068	left	(800, 450)	testing
7	et	f	19	8	diamond	none	same	vert	up	N_dis	(681, 568)	True	168325	168909	up	(800, 450)	testing
7	et	f	19	8	diamond	none	dif	hori	left	N_dis	(918, 331)	True	170042	170637	left	(800, 450)	testing
7	et	f	19	8	diamond	green	same	hori	left	(968, 450)	(918, 331)	True	171876	172734	left	(800, 450)	testing
7	et	f	19	8	circle	green	dif	hori	left	(632, 450)	(968, 450)	True	173960	174573	left	(800, 450)	testing
7	et	f	19	8	diamond	green	dif	hori	left	(632, 450)	(918, 331)	True	175826	176413	left	(800, 450)	testing
7	et	f	19	8	circle	green	same	vert	up	(632, 450)	(800, 282)	True	177565	178349	up	(800, 450)	testing
7	et	f	19	8	circle	none	dif	hori	left	N_dis	(918, 568)	True	179484	180332	left	(800, 450)	testing
7	et	f	19	8	diamond	none	same	hori	left	N_dis	(918, 568)	True	181492	182124	left	(800, 450)	testing
7	et	f	19	8	diamond	green	dif	hori	left	(632, 450)	(918, 331)	True	183401	183997	left	(800, 450)	testing
7	et	f	19	8	diamond	red	same	hori	left	(632, 450)	(681, 331)	True	185286	185917	left	(800, 450)	testing
7	et	f	19	8	diamond	none	same	hori	left	N_dis	(968, 450)	True	187155	187742	left	(800, 450)	testing
7	et	f	19	8	circle	none	dif	vert	up	N_dis	(800, 618)	True	189004	189614	up	(800, 450)	testing
7	et	f	19	8	circle	none	same	vert	up	N_dis	(968, 450)	True	190841	191469	up	(800, 450)	testing
7	et	f	19	8	diamond	none	same	vert	up	N_dis	(681, 568)	True	192739	193420	up	(800, 450)	testing
7	et	f	19	8	circle	red	dif	vert	up	(632, 450)	(918, 568)	True	194516	195117	up	(800, 450)	testing
7	et	f	19	8	circle	none	dif	hori	left	N_dis	(800, 282)	True	196358	197356	left	(800, 450)	testing
7	et	f	19	8	diamond	red	dif	vert	up	(632, 450)	(681, 331)	True	198581	199694	up	(800, 450)	testing
7	et	f	19	8	circle	none	same	hori	left	N_dis	(632, 450)	True	200744	201420	left	(800, 450)	testing
7	et	f	19	8	circle	red	dif	hori	left	(800, 282)	(800, 618)	True	202639	203550	left	(800, 450)	testing
7	et	f	19	8	circle	none	dif	hori	left	N_dis	(918, 568)	True	204777	205420	left	(800, 450)	testing
7	et	f	19	8	diamond	red	same	vert	up	(632, 450)	(800, 282)	True	206495	207292	up	(800, 450)	testing
7	et	f	19	8	circle	red	same	hori	left	(632, 450)	(800, 618)	True	208468	209404	left	(800, 450)	testing
7	et	f	19	8	circle	red	same	vert	up	(800, 618)	(681, 331)	True	210613	211340	up	(800, 450)	testing
7	et	f	19	8	diamond	none	same	vert	up	N_dis	(632, 450)	True	212519	213245	up	(800, 450)	testing
7	et	f	19	8	circle	red	dif	hori	left	(681, 568)	(800, 618)	True	214321	215196	left	(800, 450)	testing
7	et	f	19	8	circle	none	same	vert	up	N_dis	(918, 568)	True	216384	217020	up	(800, 450)	testing
7	et	f	19	8	diamond	green	dif	hori	left	(632, 450)	(918, 331)	True	218146	218798	left	(800, 450)	testing
7	et	f	19	8	circle	green	dif	hori	left	(632, 450)	(918, 331)	True	219911	220557	left	(800, 450)	testing
7	et	f	19	8	circle	none	same	vert	up	N_dis	(968, 450)	True	221653	222413	up	(800, 450)	testing
7	et	f	19	8	diamond	red	same	hori	left	(632, 450)	(918, 568)	True	223668	224284	left	(800, 450)	testing
7	et	f	19	8	diamond	none	dif	hori	left	N_dis	(681, 331)	True	225562	226412	left	(800, 450)	testing
7	et	f	19	8	circle	red	same	hori	left	(681, 331)	(681, 568)	True	227528	228653	left	(800, 450)	testing
7	et	f	19	8	diamond	red	same	vert	up	(968, 450)	(918, 331)	True	229696	230814	up	(800, 450)	testing
7	et	f	19	8	diamond	green	dif	vert	up	(632, 450)	(681, 331)	True	231863	232605	up	(800, 450)	testing
7	et	f	19	8	diamond	none	same	hori	left	N_dis	(681, 331)	True	233852	234558	left	(800, 450)	testing
7	et	f	19	8	circle	red	dif	vert	up	(800, 282)	(800, 618)	True	235738	236430	up	(800, 450)	testing
7	et	f	19	8	circle	red	dif	hori	left	(632, 450)	(800, 282)	True	237674	238493	left	(800, 450)	testing
7	et	f	19	8	diamond	green	same	vert	up	(632, 450)	(968, 450)	True	239573	240188	up	(800, 450)	testing
7	et	f	19	8	circle	none	same	hori	left	N_dis	(800, 282)	True	241365	241949	left	(800, 450)	testing
7	et	f	19	8	circle	red	same	vert	up	(632, 450)	(681, 331)	True	243058	243742	up	(800, 450)	testing
7	et	f	19	8	diamond	none	same	vert	up	N_dis	(800, 282)	True	244926	245518	up	(800, 450)	testing
