subj	name	gender	age	runNum	shape	dist	td_dif	resp	resp_key	d_loc	t_loc	gotKey	startTime	respTime	resp	fix_loc	prac
7	et	f	19	6	diamond	none	dif	hori	left	N_dis	(968, 450)	True	46032	46796	left	(800, 450)	testing
7	et	f	19	6	diamond	none	same	vert	up	N_dis	(800, 618)	True	47944	48700	up	(800, 450)	testing
7	et	f	19	6	circle	none	same	vert	up	N_dis	(800, 618)	True	49834	50508	up	(800, 450)	testing
7	et	f	19	6	circle	red	same	hori	left	(800, 282)	(918, 568)	True	51752	52380	left	(800, 450)	testing
7	et	f	19	6	diamond	green	same	vert	up	(681, 568)	(800, 282)	True	53479	54140	up	(800, 450)	testing
7	et	f	19	6	circle	none	same	vert	up	N_dis	(918, 331)	True	55246	55868	up	(800, 450)	testing
7	et	f	19	6	diamond	none	same	hori	left	N_dis	(800, 282)	True	56982	57836	left	(800, 450)	testing
7	et	f	19	6	diamond	green	same	vert	up	(918, 331)	(800, 282)	True	58958	59852	up	(800, 450)	testing
7	et	f	19	6	circle	green	dif	vert	up	(632, 450)	(681, 331)	True	61063	62460	up	(800, 450)	testing
7	et	f	19	6	circle	none	dif	vert	up	N_dis	(918, 568)	True	63536	64300	up	(800, 450)	testing
7	et	f	19	6	diamond	red	same	hori	left	(800, 282)	(681, 568)	True	65466	66284	left	(800, 450)	testing
7	et	f	19	6	circle	red	same	vert	up	(918, 331)	(632, 450)	True	67537	68188	up	(800, 450)	testing
7	et	f	19	6	diamond	red	same	vert	up	(918, 331)	(800, 282)	True	69430	70428	up	(800, 450)	testing
7	et	f	19	6	circle	green	same	hori	left	(632, 450)	(681, 568)	True	71620	72476	left	(800, 450)	testing
7	et	f	19	6	circle	red	dif	vert	up	(918, 331)	(681, 568)	True	73561	74317	up	(800, 450)	testing
7	et	f	19	6	circle	red	dif	hori	left	(918, 331)	(968, 450)	True	75374	76205	left	(800, 450)	testing
7	et	f	19	6	diamond	green	dif	hori	left	(918, 331)	(800, 618)	True	77409	78172	left	(800, 450)	testing
7	et	f	19	6	diamond	none	dif	vert	up	N_dis	(681, 331)	True	79440	80540	up	(800, 450)	testing
7	et	f	19	6	circle	green	dif	hori	left	(918, 331)	(681, 331)	True	81816	82620	left	(800, 450)	testing
7	et	f	19	6	circle	green	same	hori	left	(918, 331)	(800, 618)	True	83812	84412	left	(800, 450)	testing
7	et	f	19	6	circle	red	same	vert	up	(918, 331)	(681, 568)	True	85578	86268	up	(800, 450)	testing
7	et	f	19	6	diamond	green	same	hori	left	(918, 568)	(632, 450)	True	87318	87884	left	(800, 450)	testing
7	et	f	19	6	circle	none	same	hori	left	N_dis	(681, 331)	True	89117	89708	left	(800, 450)	testing
7	et	f	19	6	diamond	green	dif	vert	up	(918, 331)	(681, 568)	True	90871	91516	up	(800, 450)	testing
7	et	f	19	6	diamond	none	dif	vert	up	N_dis	(800, 282)	True	92629	93228	up	(800, 450)	testing
7	et	f	19	6	diamond	none	same	vert	up	N_dis	(632, 450)	True	94369	95196	up	(800, 450)	testing
7	et	f	19	6	diamond	none	dif	hori	left	N_dis	(800, 282)	True	96414	97053	left	(800, 450)	testing
7	et	f	19	6	circle	none	dif	hori	left	N_dis	(918, 331)	True	98346	98940	left	(800, 450)	testing
7	et	f	19	6	diamond	green	dif	vert	up	(800, 618)	(681, 568)	True	100055	100828	up	(800, 450)	testing
7	et	f	19	6	circle	none	same	vert	up	N_dis	(918, 568)	True	101938	102764	up	(800, 450)	testing
7	et	f	19	6	diamond	red	dif	hori	left	(681, 568)	(632, 450)	True	103887	104556	left	(800, 450)	testing
7	et	f	19	6	diamond	none	same	hori	left	N_dis	(632, 450)	True	105626	106684	left	(800, 450)	testing
7	et	f	19	6	circle	none	dif	hori	left	N_dis	(918, 331)	True	107737	108444	left	(800, 450)	testing
7	et	f	19	6	diamond	red	dif	hori	left	(918, 331)	(918, 568)	True	109502	110172	left	(800, 450)	testing
7	et	f	19	6	diamond	green	dif	vert	up	(918, 331)	(918, 568)	True	111278	112124	up	(800, 450)	testing
7	et	f	19	6	diamond	green	same	hori	left	(681, 331)	(681, 568)	True	113290	114076	left	(800, 450)	testing
7	et	f	19	6	circle	green	same	vert	up	(918, 331)	(681, 568)	True	115325	116076	up	(800, 450)	testing
7	et	f	19	6	diamond	red	same	vert	up	(918, 331)	(800, 282)	True	117293	118028	up	(800, 450)	testing
7	et	f	19	6	diamond	none	dif	vert	up	N_dis	(681, 568)	True	119304	119932	up	(800, 450)	testing
7	et	f	19	6	diamond	red	dif	vert	up	(918, 331)	(918, 568)	True	121085	121772	up	(800, 450)	testing
7	et	f	19	6	circle	none	same	hori	left	N_dis	(918, 331)	True	123014	123676	up	(800, 450)	testing
7	et	f	19	6	circle	red	dif	hori	left	(918, 331)	(632, 450)	True	126473	127116	left	(800, 450)	testing
7	et	f	19	6	diamond	none	dif	hori	left	N_dis	(800, 282)	True	128321	129052	left	(800, 450)	testing
7	et	f	19	6	diamond	green	same	vert	up	(918, 331)	(800, 282)	True	130240	130892	up	(800, 450)	testing
7	et	f	19	6	circle	none	dif	vert	up	N_dis	(968, 450)	True	132072	132764	up	(800, 450)	testing
7	et	f	19	6	diamond	green	dif	hori	left	(918, 331)	(800, 282)	True	134019	134588	left	(800, 450)	testing
7	et	f	19	6	diamond	none	same	vert	up	N_dis	(681, 568)	True	135662	136316	up	(800, 450)	testing
7	et	f	19	6	diamond	red	dif	vert	up	(918, 331)	(632, 450)	True	137509	138140	up	(800, 450)	testing
7	et	f	19	6	circle	green	dif	vert	up	(918, 331)	(681, 568)	True	139403	140364	up	(800, 450)	testing
7	et	f	19	6	circle	none	same	vert	up	N_dis	(800, 618)	True	141577	142252	up	(800, 450)	testing
7	et	f	19	6	diamond	red	dif	hori	left	(800, 618)	(681, 331)	True	143395	144092	left	(800, 450)	testing
7	et	f	19	6	diamond	red	same	hori	left	(918, 331)	(918, 568)	True	145208	145788	left	(800, 450)	testing
7	et	f	19	6	circle	none	same	vert	up	N_dis	(918, 568)	True	146855	147964	up	(800, 450)	testing
7	et	f	19	6	circle	none	dif	vert	up	N_dis	(968, 450)	True	149254	149868	up	(800, 450)	testing
7	et	f	19	6	diamond	red	dif	vert	up	(918, 568)	(681, 568)	True	150993	151756	up	(800, 450)	testing
7	et	f	19	6	diamond	none	dif	vert	up	N_dis	(681, 568)	True	152848	153660	up	(800, 450)	testing
7	et	f	19	6	circle	red	dif	vert	up	(681, 331)	(918, 568)	True	154926	155580	up	(800, 450)	testing
7	et	f	19	6	circle	none	same	hori	left	N_dis	(681, 331)	True	156831	157628	left	(800, 450)	testing
7	et	f	19	6	circle	none	dif	hori	left	N_dis	(800, 618)	True	158884	159533	left	(800, 450)	testing
7	et	f	19	6	circle	none	dif	vert	up	N_dis	(918, 568)	True	160815	161388	up	(800, 450)	testing
7	et	f	19	6	diamond	none	same	vert	up	N_dis	(681, 568)	True	162453	163212	up	(800, 450)	testing
7	et	f	19	6	circle	red	dif	vert	up	(681, 568)	(918, 568)	True	164270	164908	up	(800, 450)	testing
7	et	f	19	6	circle	red	same	vert	up	(918, 331)	(800, 282)	True	166109	166684	up	(800, 450)	testing
7	et	f	19	6	diamond	none	same	hori	left	N_dis	(800, 282)	True	167742	168444	left	(800, 450)	testing
7	et	f	19	6	diamond	red	same	hori	left	(918, 331)	(968, 450)	True	169499	170508	left	(800, 450)	testing
7	et	f	19	6	diamond	green	same	hori	left	(681, 331)	(681, 568)	True	171604	172396	left	(800, 450)	testing
7	et	f	19	6	diamond	green	dif	hori	left	(918, 331)	(681, 568)	True	173557	174140	left	(800, 450)	testing
7	et	f	19	6	diamond	red	dif	hori	left	(800, 618)	(968, 450)	True	175375	176332	left	(800, 450)	testing
7	et	f	19	6	circle	green	dif	vert	up	(918, 331)	(681, 568)	True	177523	178364	up	(800, 450)	testing
7	et	f	19	6	diamond	red	dif	vert	up	(918, 331)	(968, 450)	True	179546	180540	up	(800, 450)	testing
7	et	f	19	6	diamond	none	dif	vert	up	N_dis	(681, 331)	True	181743	182508	up	(800, 450)	testing
7	et	f	19	6	circle	green	same	vert	up	(918, 331)	(681, 331)	True	183635	184604	up	(800, 450)	testing
7	et	f	19	6	circle	red	same	hori	left	(632, 450)	(968, 450)	True	185760	186508	left	(800, 450)	testing
7	et	f	19	6	circle	green	same	vert	up	(918, 331)	(918, 568)	True	187555	188364	up	(800, 450)	testing
7	et	f	19	6	diamond	green	same	vert	up	(800, 282)	(968, 450)	True	189468	190140	left	(800, 450)	testing
7	et	f	19	6	circle	red	dif	hori	left	(968, 450)	(632, 450)	True	192955	193564	left	(800, 450)	testing
7	et	f	19	6	diamond	green	same	vert	up	(918, 331)	(968, 450)	True	194710	195452	up	(800, 450)	testing
7	et	f	19	6	circle	green	dif	vert	up	(968, 450)	(681, 568)	True	196497	197420	up	(800, 450)	testing
7	et	f	19	6	circle	none	dif	vert	up	N_dis	(918, 568)	True	198684	199324	up	(800, 450)	testing
7	et	f	19	6	circle	red	dif	hori	left	(918, 331)	(968, 450)	True	200594	201197	left	(800, 450)	testing
7	et	f	19	6	circle	green	dif	hori	left	(632, 450)	(918, 568)	True	202365	202989	left	(800, 450)	testing
7	et	f	19	6	circle	red	same	hori	left	(918, 331)	(681, 568)	True	204067	204780	left	(800, 450)	testing
7	et	f	19	6	diamond	red	dif	hori	left	(918, 331)	(681, 331)	True	205825	207148	left	(800, 450)	testing
7	et	f	19	6	circle	red	same	vert	up	(918, 331)	(632, 450)	True	208426	209100	up	(800, 450)	testing
7	et	f	19	6	circle	green	dif	hori	left	(918, 331)	(632, 450)	True	210285	210972	left	(800, 450)	testing
7	et	f	19	6	circle	none	dif	hori	left	N_dis	(632, 450)	True	212222	212812	left	(800, 450)	testing
7	et	f	19	6	circle	none	same	hori	left	N_dis	(968, 450)	True	213997	214541	left	(800, 450)	testing
7	et	f	19	6	circle	green	same	vert	up	(918, 331)	(632, 450)	True	215642	216380	up	(800, 450)	testing
7	et	f	19	6	circle	none	same	hori	left	N_dis	(681, 568)	True	217619	218364	left	(800, 450)	testing
7	et	f	19	6	circle	green	dif	hori	left	(918, 331)	(800, 618)	True	219508	220092	left	(800, 450)	testing
7	et	f	19	6	diamond	green	same	hori	left	(918, 331)	(681, 331)	True	221361	222364	left	(800, 450)	testing
7	et	f	19	6	circle	red	same	hori	left	(918, 331)	(681, 331)	True	223501	224220	left	(800, 450)	testing
7	et	f	19	6	circle	green	same	hori	left	(918, 331)	(800, 618)	True	225343	226140	left	(800, 450)	testing
7	et	f	19	6	diamond	green	dif	vert	up	(918, 331)	(918, 568)	True	227278	227884	up	(800, 450)	testing
7	et	f	19	6	diamond	green	dif	hori	left	(918, 331)	(800, 618)	True	228947	229564	left	(800, 450)	testing
7	et	f	19	6	circle	none	dif	hori	left	N_dis	(681, 331)	True	230818	231389	left	(800, 450)	testing
7	et	f	19	6	circle	red	same	hori	left	(918, 331)	(800, 282)	True	232671	233388	left	(800, 450)	testing
7	et	f	19	6	diamond	red	same	vert	up	(681, 568)	(968, 450)	True	234455	235116	up	(800, 450)	testing
7	et	f	19	6	circle	red	same	vert	up	(918, 331)	(918, 568)	True	236168	237036	up	(800, 450)	testing
7	et	f	19	6	diamond	red	same	vert	up	(918, 331)	(800, 618)	True	238301	238908	up	(800, 450)	testing
7	et	f	19	6	diamond	none	same	hori	left	N_dis	(918, 331)	True	240104	240668	left	(800, 450)	testing
7	et	f	19	6	diamond	red	dif	vert	up	(918, 568)	(800, 618)	True	241715	242540	up	(800, 450)	testing
7	et	f	19	6	diamond	none	same	hori	left	N_dis	(632, 450)	True	243658	244332	left	(800, 450)	testing
7	et	f	19	6	circle	red	dif	vert	up	(918, 331)	(681, 568)	True	245456	246076	up	(800, 450)	testing
7	et	f	19	6	diamond	red	same	hori	left	(800, 282)	(681, 568)	True	247305	247933	left	(800, 450)	testing
7	et	f	19	6	circle	green	same	hori	left	(918, 331)	(968, 450)	True	249085	249804	left	(800, 450)	testing
7	et	f	19	6	diamond	red	same	hori	left	(968, 450)	(632, 450)	True	250946	251612	left	(800, 450)	testing
7	et	f	19	6	diamond	green	dif	hori	left	(800, 618)	(632, 450)	True	252764	253436	left	(800, 450)	testing
7	et	f	19	6	circle	green	dif	vert	up	(918, 331)	(681, 331)	True	254504	255692	up	(800, 450)	testing
7	et	f	19	6	diamond	none	same	vert	up	N_dis	(632, 450)	True	256965	257580	up	(800, 450)	testing
7	et	f	19	6	diamond	none	dif	hori	left	N_dis	(968, 450)	True	258749	259293	left	(800, 450)	testing
7	et	f	19	6	circle	green	same	vert	up	(918, 568)	(800, 282)	True	260441	261308	up	(800, 450)	testing
7	et	f	19	6	diamond	red	same	vert	up	(918, 331)	(632, 450)	True	262575	263212	up	(800, 450)	testing
7	et	f	19	6	circle	green	same	hori	left	(918, 331)	(968, 450)	True	264354	265068	left	(800, 450)	testing
7	et	f	19	6	circle	green	dif	hori	left	(918, 331)	(681, 568)	True	266336	266956	left	(800, 450)	testing
7	et	f	19	6	circle	red	dif	vert	up	(968, 450)	(918, 568)	True	268045	268909	left	(800, 450)	testing
7	et	f	19	6	diamond	green	same	hori	left	(918, 331)	(681, 331)	True	271493	272716	left	(800, 450)	testing
7	et	f	19	6	circle	red	dif	hori	left	(681, 331)	(800, 282)	True	273780	275196	left	(800, 450)	testing
7	et	f	19	6	diamond	green	dif	vert	up	(918, 331)	(800, 618)	True	276285	277308	up	(800, 450)	testing
7	et	f	19	6	diamond	none	dif	hori	left	N_dis	(800, 618)	True	278576	279293	left	(800, 450)	testing
