subj	name	gender	age	runNum	shape	dist	td_dif	resp	resp_key	d_loc	t_loc	gotKey	startTime	respTime	resp	fix_loc	prac
7	et	f	19	5	diamond	none	same	vert	up	N_dis	(918, 331)	True	65696	67437	up	(800, 450)	testing
7	et	f	19	5	diamond	green	dif	vert	up	(918, 331)	(918, 568)	True	68685	69949	up	(800, 450)	testing
7	et	f	19	5	diamond	green	dif	hori	left	(681, 568)	(632, 450)	True	71200	71997	left	(800, 450)	testing
7	et	f	19	5	circle	green	same	hori	left	(918, 331)	(968, 450)	True	73247	73917	left	(800, 450)	testing
7	et	f	19	5	diamond	green	dif	hori	left	(918, 331)	(800, 618)	True	75014	75677	left	(800, 450)	testing
7	et	f	19	5	circle	none	same	vert	up	N_dis	(681, 331)	True	76829	77629	up	(800, 450)	testing
7	et	f	19	5	circle	red	dif	hori	left	(918, 331)	(800, 282)	True	78784	79901	left	(800, 450)	testing
7	et	f	19	5	diamond	green	same	vert	up	(968, 450)	(681, 568)	True	81119	81853	up	(800, 450)	testing
7	et	f	19	5	diamond	red	same	hori	left	(918, 331)	(681, 331)	True	82994	84028	left	(800, 450)	testing
7	et	f	19	5	diamond	none	dif	hori	left	N_dis	(968, 450)	True	85075	85725	left	(800, 450)	testing
7	et	f	19	5	circle	green	same	hori	left	(918, 331)	(800, 618)	True	86767	87613	left	(800, 450)	testing
7	et	f	19	5	diamond	red	same	hori	left	(918, 331)	(681, 568)	True	88890	89965	left	(800, 450)	testing
7	et	f	19	5	circle	red	dif	hori	left	(918, 331)	(800, 282)	True	91124	91837	left	(800, 450)	testing
7	et	f	19	5	diamond	none	dif	vert	up	N_dis	(681, 568)	True	93017	93693	up	(800, 450)	testing
7	et	f	19	5	diamond	red	same	hori	left	(918, 331)	(681, 331)	True	94831	95597	left	(800, 450)	testing
7	et	f	19	5	diamond	green	dif	vert	up	(918, 331)	(800, 618)	True	96763	97501	up	(800, 450)	testing
7	et	f	19	5	diamond	none	dif	vert	up	N_dis	(681, 568)	True	98666	99261	up	(800, 450)	testing
7	et	f	19	5	diamond	green	dif	hori	left	(918, 331)	(800, 282)	True	100306	101165	left	(800, 450)	testing
7	et	f	19	5	circle	none	same	hori	left	N_dis	(632, 450)	True	102315	103821	left	(800, 450)	testing
7	et	f	19	5	circle	red	same	hori	left	(918, 331)	(918, 568)	True	104953	105597	left	(800, 450)	testing
7	et	f	19	5	circle	green	dif	vert	up	(918, 331)	(968, 450)	True	106847	107869	up	(800, 450)	testing
7	et	f	19	5	circle	red	dif	vert	up	(918, 568)	(800, 282)	True	108989	109837	left	(800, 450)	testing
7	et	f	19	5	circle	none	dif	hori	left	N_dis	(681, 331)	True	112528	113901	left	(800, 450)	testing
7	et	f	19	5	diamond	red	same	hori	left	(968, 450)	(800, 618)	True	115013	115885	left	(800, 450)	testing
7	et	f	19	5	diamond	red	dif	vert	up	(918, 331)	(681, 568)	True	116992	117837	up	(800, 450)	testing
7	et	f	19	5	circle	green	dif	vert	up	(800, 282)	(632, 450)	True	118938	119757	up	(800, 450)	testing
7	et	f	19	5	circle	red	same	vert	up	(918, 331)	(632, 450)	True	120826	121917	up	(800, 450)	testing
7	et	f	19	5	diamond	red	dif	vert	up	(918, 331)	(800, 282)	True	123138	123981	left	(800, 450)	testing
7	et	f	19	5	circle	green	same	vert	up	(681, 331)	(800, 618)	True	126595	127437	up	(800, 450)	testing
7	et	f	19	5	circle	green	same	vert	up	(681, 331)	(800, 282)	True	128634	129677	up	(800, 450)	testing
7	et	f	19	5	diamond	none	same	vert	up	N_dis	(800, 618)	True	130784	131437	up	(800, 450)	testing
7	et	f	19	5	diamond	green	dif	hori	left	(681, 568)	(800, 618)	True	132635	133405	left	(800, 450)	testing
7	et	f	19	5	diamond	red	same	vert	up	(918, 568)	(800, 618)	True	134666	135869	up	(800, 450)	testing
7	et	f	19	5	diamond	green	same	hori	left	(800, 282)	(918, 568)	True	137147	137805	left	(800, 450)	testing
7	et	f	19	5	circle	none	same	hori	left	N_dis	(800, 282)	True	138919	139885	left	(800, 450)	testing
7	et	f	19	5	diamond	none	dif	vert	up	N_dis	(800, 282)	True	141106	142060	up	(800, 450)	testing
7	et	f	19	5	circle	red	same	hori	left	(918, 331)	(681, 331)	True	143324	144108	up	(800, 450)	testing
7	et	f	19	5	circle	green	dif	vert	up	(918, 331)	(968, 450)	True	146834	147677	up	(800, 450)	testing
7	et	f	19	5	circle	green	dif	hori	left	(918, 331)	(681, 331)	True	148736	149821	left	(800, 450)	testing
7	et	f	19	5	circle	green	dif	hori	left	(918, 331)	(632, 450)	True	150982	151709	left	(800, 450)	testing
7	et	f	19	5	circle	none	dif	vert	up	N_dis	(800, 618)	True	152844	153533	up	(800, 450)	testing
7	et	f	19	5	circle	none	dif	vert	up	N_dis	(800, 282)	True	154613	155421	up	(800, 450)	testing
7	et	f	19	5	diamond	none	same	hori	left	N_dis	(918, 568)	True	156623	157277	left	(800, 450)	testing
7	et	f	19	5	circle	green	dif	vert	up	(632, 450)	(681, 331)	True	158427	159581	left	(800, 450)	testing
7	et	f	19	5	diamond	green	same	vert	up	(918, 331)	(968, 450)	True	162330	163084	up	(800, 450)	testing
7	et	f	19	5	circle	red	same	hori	left	(918, 331)	(918, 568)	True	164301	164957	left	(800, 450)	testing
7	et	f	19	5	diamond	green	same	hori	left	(918, 331)	(632, 450)	True	166065	167485	left	(800, 450)	testing
7	et	f	19	5	circle	none	dif	hori	left	N_dis	(681, 331)	True	168557	169325	left	(800, 450)	testing
7	et	f	19	5	circle	none	dif	hori	left	N_dis	(968, 450)	True	170430	171325	left	(800, 450)	testing
7	et	f	19	5	diamond	red	same	hori	left	(632, 450)	(800, 282)	True	172410	173341	left	(800, 450)	testing
7	et	f	19	5	circle	red	dif	vert	up	(918, 568)	(681, 568)	True	174529	175517	up	(800, 450)	testing
7	et	f	19	5	diamond	green	same	hori	left	(918, 331)	(968, 450)	True	176773	177757	left	(800, 450)	testing
7	et	f	19	5	diamond	red	dif	hori	left	(918, 331)	(681, 568)	True	179004	179693	left	(800, 450)	testing
7	et	f	19	5	diamond	none	same	hori	left	N_dis	(800, 282)	True	180844	181470	left	(800, 450)	testing
7	et	f	19	5	diamond	green	dif	vert	up	(918, 331)	(681, 568)	True	182712	183581	up	(800, 450)	testing
7	et	f	19	5	diamond	none	same	vert	up	N_dis	(918, 331)	True	184802	185517	up	(800, 450)	testing
7	et	f	19	5	diamond	none	dif	hori	left	N_dis	(632, 450)	True	186721	187821	left	(800, 450)	testing
7	et	f	19	5	diamond	green	same	hori	left	(918, 568)	(681, 568)	True	188884	190108	left	(800, 450)	testing
7	et	f	19	5	circle	green	dif	hori	left	(918, 331)	(681, 568)	True	191246	192108	left	(800, 450)	testing
7	et	f	19	5	circle	red	same	vert	up	(918, 331)	(681, 568)	True	193232	194541	up	(800, 450)	testing
7	et	f	19	5	circle	none	same	hori	left	N_dis	(968, 450)	True	195673	196381	left	(800, 450)	testing
7	et	f	19	5	circle	red	same	hori	left	(918, 331)	(918, 568)	True	197574	198237	left	(800, 450)	testing
7	et	f	19	5	circle	red	same	hori	left	(632, 450)	(681, 331)	True	199399	200237	left	(800, 450)	testing
7	et	f	19	5	circle	red	same	vert	up	(918, 331)	(800, 282)	True	201508	202140	up	(800, 450)	testing
7	et	f	19	5	diamond	green	same	vert	up	(918, 331)	(800, 618)	True	203431	204076	up	(800, 450)	testing
7	et	f	19	5	circle	none	dif	hori	left	N_dis	(800, 618)	True	205203	205869	left	(800, 450)	testing
7	et	f	19	5	circle	none	same	hori	left	N_dis	(681, 331)	True	207015	207645	left	(800, 450)	testing
7	et	f	19	5	diamond	none	same	vert	up	N_dis	(681, 331)	True	208701	209293	up	(800, 450)	testing
7	et	f	19	5	diamond	green	same	vert	up	(968, 450)	(681, 568)	True	210427	211213	up	(800, 450)	testing
7	et	f	19	5	circle	red	dif	vert	up	(800, 618)	(681, 331)	True	212299	213149	up	(800, 450)	testing
7	et	f	19	5	circle	none	same	vert	up	N_dis	(918, 331)	True	214430	215293	up	(800, 450)	testing
7	et	f	19	5	circle	red	dif	hori	left	(918, 331)	(681, 331)	True	216557	217629	left	(800, 450)	testing
7	et	f	19	5	circle	none	same	hori	left	N_dis	(632, 450)	True	218791	219453	left	(800, 450)	testing
7	et	f	19	5	circle	green	same	vert	up	(918, 331)	(632, 450)	True	220501	221373	up	(800, 450)	testing
7	et	f	19	5	circle	none	dif	vert	up	N_dis	(681, 568)	True	222426	223116	up	(800, 450)	testing
7	et	f	19	5	circle	green	dif	vert	up	(918, 331)	(968, 450)	True	224159	224877	up	(800, 450)	testing
7	et	f	19	5	diamond	none	same	hori	left	N_dis	(918, 568)	True	226077	226973	left	(800, 450)	testing
7	et	f	19	5	diamond	none	same	hori	left	N_dis	(681, 568)	True	228147	228813	left	(800, 450)	testing
7	et	f	19	5	circle	red	same	vert	up	(918, 331)	(918, 568)	True	230031	230829	up	(800, 450)	testing
7	et	f	19	5	diamond	red	same	vert	up	(918, 331)	(681, 568)	True	232032	232605	up	(800, 450)	testing
7	et	f	19	5	diamond	none	same	vert	up	N_dis	(800, 618)	True	233773	234365	up	(800, 450)	testing
7	et	f	19	5	circle	none	same	vert	up	N_dis	(800, 282)	True	235416	236237	up	(800, 450)	testing
7	et	f	19	5	diamond	red	dif	hori	left	(918, 331)	(681, 568)	True	237383	238076	left	(800, 450)	testing
7	et	f	19	5	circle	green	same	hori	left	(800, 618)	(800, 282)	True	239290	240189	left	(800, 450)	testing
7	et	f	19	5	diamond	red	dif	vert	up	(681, 331)	(800, 282)	True	241451	242157	up	(800, 450)	testing
7	et	f	19	5	circle	red	dif	vert	up	(918, 331)	(800, 618)	True	243261	244108	up	(800, 450)	testing
7	et	f	19	5	diamond	green	same	vert	up	(918, 331)	(968, 450)	True	245275	246381	up	(800, 450)	testing
7	et	f	19	5	diamond	red	same	vert	up	(918, 331)	(918, 568)	True	247575	248397	up	(800, 450)	testing
7	et	f	19	5	circle	red	dif	vert	up	(918, 331)	(681, 568)	True	249559	250205	up	(800, 450)	testing
7	et	f	19	5	circle	red	dif	hori	left	(800, 282)	(968, 450)	True	251341	251965	left	(800, 450)	testing
7	et	f	19	5	circle	none	dif	vert	up	N_dis	(918, 331)	True	253159	253917	up	(800, 450)	testing
7	et	f	19	5	diamond	none	dif	hori	left	N_dis	(918, 568)	True	254997	255725	left	(800, 450)	testing
7	et	f	19	5	circle	red	same	vert	up	(918, 331)	(800, 618)	True	256979	258124	up	(800, 450)	testing
7	et	f	19	5	circle	none	dif	hori	left	N_dis	(632, 450)	True	259209	259869	left	(800, 450)	testing
7	et	f	19	5	diamond	none	dif	hori	left	N_dis	(918, 568)	True	261040	261853	left	(800, 450)	testing
7	et	f	19	5	circle	green	same	vert	up	(918, 331)	(632, 450)	True	263124	263853	up	(800, 450)	testing
7	et	f	19	5	circle	green	same	hori	left	(918, 331)	(681, 568)	True	265088	265741	left	(800, 450)	testing
7	et	f	19	5	diamond	green	dif	hori	left	(918, 331)	(681, 331)	True	266990	267933	left	(800, 450)	testing
7	et	f	19	5	circle	green	dif	hori	left	(918, 331)	(632, 450)	True	269002	270317	left	(800, 450)	testing
7	et	f	19	5	diamond	none	dif	vert	up	N_dis	(968, 450)	True	271509	272140	up	(800, 450)	testing
7	et	f	19	5	circle	green	same	hori	left	(968, 450)	(681, 331)	True	273227	274012	left	(800, 450)	testing
7	et	f	19	5	diamond	red	dif	vert	up	(681, 568)	(632, 450)	True	275206	276012	up	(800, 450)	testing
7	et	f	19	5	diamond	green	dif	vert	up	(681, 331)	(800, 282)	True	277300	279068	up	(800, 450)	testing
7	et	f	19	5	diamond	green	dif	vert	up	(800, 618)	(800, 282)	True	280268	280941	up	(800, 450)	testing
7	et	f	19	5	diamond	red	same	vert	up	(800, 618)	(681, 568)	True	282087	282765	up	(800, 450)	testing
7	et	f	19	5	circle	green	same	vert	up	(918, 331)	(632, 450)	True	283982	285116	up	(800, 450)	testing
7	et	f	19	5	diamond	red	same	vert	up	(918, 331)	(681, 331)	True	286283	287341	up	(800, 450)	testing
7	et	f	19	5	circle	green	dif	hori	left	(800, 282)	(681, 568)	True	288498	289245	left	(800, 450)	testing
7	et	f	19	5	diamond	none	same	hori	left	N_dis	(681, 568)	True	290423	291052	left	(800, 450)	testing
7	et	f	19	5	circle	none	dif	vert	up	N_dis	(918, 331)	True	292315	293052	up	(800, 450)	testing
7	et	f	19	5	diamond	none	dif	hori	left	N_dis	(968, 450)	True	294257	295837	left	(800, 450)	testing
7	et	f	19	5	circle	none	same	vert	up	N_dis	(632, 450)	True	296948	298140	up	(800, 450)	testing
7	et	f	19	5	diamond	red	dif	hori	left	(632, 450)	(968, 450)	True	299330	299997	left	(800, 450)	testing
7	et	f	19	5	diamond	none	dif	vert	up	N_dis	(800, 618)	True	301075	301869	up	(800, 450)	testing
7	et	f	19	5	circle	none	same	vert	up	N_dis	(918, 568)	True	302945	303597	up	(800, 450)	testing
7	et	f	19	5	diamond	red	dif	vert	up	(918, 331)	(800, 282)	True	304690	306108	up	(800, 450)	testing
7	et	f	19	5	diamond	red	dif	hori	left	(918, 331)	(918, 568)	True	307282	308445	left	(800, 450)	testing
7	et	f	19	5	diamond	green	same	hori	left	(918, 331)	(800, 618)	True	309697	310413	left	(800, 450)	testing
7	et	f	19	5	circle	red	dif	hori	left	(681, 568)	(800, 282)	True	311594	312413	left	(800, 450)	testing
7	et	f	19	5	diamond	red	dif	hori	left	(918, 331)	(800, 282)	True	313459	314173	left	(800, 450)	testing
