subj	name	gender	age	runNum	shape	dist	td_dif	resp	resp_key	d_loc	t_loc	gotKey	startTime	respTime	resp	fix_loc	prac
7	lp	f	21	10	circle	none	dif	hori	left	N_dis	(415, 287)	True	23472	24290	left	(512, 384)	testing
7	lp	f	21	10	diamond	none	same	vert	up	N_dis	(415, 480)	True	25477	26435	up	(512, 384)	testing
7	lp	f	21	10	diamond	red	same	hori	left	(608, 480)	(648, 384)	True	27691	29167	left	(512, 384)	testing
7	lp	f	21	10	circle	red	same	hori	left	(512, 520)	(648, 384)	True	30344	31117	left	(512, 384)	testing
7	lp	f	21	10	circle	green	dif	vert	up	(608, 287)	(608, 480)	True	32165	33011	up	(512, 384)	testing
7	lp	f	21	10	diamond	red	dif	hori	left	(376, 384)	(648, 384)	True	34146	34908	left	(512, 384)	testing
7	lp	f	21	10	circle	none	dif	hori	left	N_dis	(415, 287)	True	36165	36827	left	(512, 384)	testing
7	lp	f	21	10	circle	green	dif	vert	up	(376, 384)	(608, 480)	True	38052	38707	up	(512, 384)	testing
7	lp	f	21	10	circle	none	dif	hori	left	N_dis	(608, 287)	True	39836	40583	left	(512, 384)	testing
7	lp	f	21	10	diamond	none	dif	hori	left	N_dis	(376, 384)	True	41611	42557	left	(512, 384)	testing
7	lp	f	21	10	circle	green	dif	hori	left	(376, 384)	(608, 287)	True	43816	44535	left	(512, 384)	testing
7	lp	f	21	10	circle	none	same	vert	up	N_dis	(608, 287)	True	45796	46597	up	(512, 384)	testing
7	lp	f	21	10	circle	none	same	hori	left	N_dis	(648, 384)	True	47795	48476	left	(512, 384)	testing
7	lp	f	21	10	diamond	none	dif	vert	up	N_dis	(608, 480)	True	49630	50495	up	(512, 384)	testing
7	lp	f	21	10	circle	green	dif	vert	up	(376, 384)	(608, 287)	True	51724	53159	up	(512, 384)	testing
7	lp	f	21	10	diamond	none	dif	vert	up	N_dis	(608, 480)	True	54337	55295	up	(512, 384)	testing
7	lp	f	21	10	diamond	green	dif	vert	up	(608, 480)	(648, 384)	True	56473	57723	up	(512, 384)	testing
7	lp	f	21	10	diamond	none	same	hori	left	N_dis	(648, 384)	True	58748	59617	left	(512, 384)	testing
7	lp	f	21	10	diamond	none	dif	hori	left	N_dis	(415, 287)	True	60872	61727	left	(512, 384)	testing
7	lp	f	21	10	diamond	none	dif	hori	left	N_dis	(608, 480)	True	62857	63745	left	(512, 384)	testing
7	lp	f	21	10	diamond	red	dif	hori	left	(376, 384)	(512, 520)	True	64977	66039	left	(512, 384)	testing
7	lp	f	21	10	circle	red	same	vert	up	(512, 248)	(648, 384)	True	67066	68119	up	(512, 384)	testing
7	lp	f	21	10	diamond	green	same	hori	left	(376, 384)	(512, 248)	True	69301	70130	left	(512, 384)	testing
7	lp	f	21	10	circle	red	dif	vert	up	(376, 384)	(648, 384)	True	71378	72756	up	(512, 384)	testing
7	lp	f	21	10	diamond	green	dif	vert	up	(376, 384)	(415, 287)	True	73805	75258	left	(512, 384)	testing
7	lp	f	21	10	diamond	red	dif	hori	left	(415, 480)	(512, 248)	True	78020	78778	left	(512, 384)	testing
7	lp	f	21	10	diamond	red	same	hori	left	(376, 384)	(512, 248)	True	79878	80988	left	(512, 384)	testing
7	lp	f	21	10	diamond	green	dif	hori	left	(608, 287)	(415, 287)	True	82187	83495	left	(512, 384)	testing
7	lp	f	21	10	circle	none	dif	vert	up	N_dis	(608, 480)	True	84546	85542	up	(512, 384)	testing
7	lp	f	21	10	circle	none	dif	hori	left	N_dis	(415, 480)	True	86691	87803	left	(512, 384)	testing
7	lp	f	21	10	circle	red	same	vert	up	(512, 520)	(648, 384)	True	88996	90167	up	(512, 384)	testing
7	lp	f	21	10	circle	none	same	vert	up	N_dis	(608, 480)	True	91335	92198	up	(512, 384)	testing
7	lp	f	21	10	circle	none	dif	vert	up	N_dis	(608, 287)	True	93247	95204	up	(512, 384)	testing
7	lp	f	21	10	diamond	none	dif	hori	left	N_dis	(512, 248)	True	96473	97365	left	(512, 384)	testing
7	lp	f	21	10	circle	green	same	vert	up	(376, 384)	(415, 480)	True	98557	99904	up	(512, 384)	testing
7	lp	f	21	10	diamond	none	same	vert	up	N_dis	(415, 287)	True	101066	102296	up	(512, 384)	testing
7	lp	f	21	10	circle	none	dif	hori	left	N_dis	(415, 480)	True	103418	104218	left	(512, 384)	testing
7	lp	f	21	10	circle	green	dif	hori	left	(376, 384)	(512, 520)	True	105304	106164	left	(512, 384)	testing
7	lp	f	21	10	diamond	green	same	vert	up	(376, 384)	(608, 480)	True	107274	108187	up	(512, 384)	testing
7	lp	f	21	10	diamond	green	dif	vert	up	(608, 480)	(415, 287)	True	109459	110322	up	(512, 384)	testing
7	lp	f	21	10	diamond	red	same	vert	up	(376, 384)	(608, 480)	True	111560	112594	up	(512, 384)	testing
7	lp	f	21	10	diamond	green	dif	vert	up	(376, 384)	(608, 287)	True	113851	114755	up	(512, 384)	testing
7	lp	f	21	10	circle	red	same	vert	up	(415, 287)	(512, 248)	True	115934	117177	up	(512, 384)	testing
7	lp	f	21	10	circle	green	same	hori	left	(415, 287)	(608, 480)	True	118308	119216	left	(512, 384)	testing
7	lp	f	21	10	circle	green	same	hori	left	(376, 384)	(608, 287)	True	120402	121380	left	(512, 384)	testing
7	lp	f	21	10	diamond	none	same	vert	up	N_dis	(415, 287)	True	122556	123573	up	(512, 384)	testing
7	lp	f	21	10	diamond	green	dif	hori	left	(376, 384)	(648, 384)	True	124793	125583	left	(512, 384)	testing
7	lp	f	21	10	diamond	green	same	hori	left	(376, 384)	(512, 248)	True	126662	127642	left	(512, 384)	testing
7	lp	f	21	10	circle	none	dif	vert	up	N_dis	(376, 384)	True	128751	129780	up	(512, 384)	testing
7	lp	f	21	10	diamond	none	same	hori	left	N_dis	(648, 384)	True	130968	131867	left	(512, 384)	testing
7	lp	f	21	10	diamond	red	same	hori	left	(376, 384)	(648, 384)	True	132930	133721	left	(512, 384)	testing
7	lp	f	21	10	diamond	green	same	vert	up	(512, 248)	(608, 287)	True	134782	135868	up	(512, 384)	testing
7	lp	f	21	10	diamond	red	dif	vert	up	(608, 287)	(415, 480)	True	136913	138211	up	(512, 384)	testing
7	lp	f	21	10	diamond	none	dif	vert	up	N_dis	(512, 520)	True	139460	140258	up	(512, 384)	testing
7	lp	f	21	10	circle	none	same	hori	left	N_dis	(512, 520)	True	141406	142331	left	(512, 384)	testing
7	lp	f	21	10	diamond	green	same	vert	up	(376, 384)	(415, 480)	True	143439	144469	up	(512, 384)	testing
7	lp	f	21	10	circle	red	dif	vert	up	(415, 480)	(512, 520)	True	145510	146573	up	(512, 384)	testing
7	lp	f	21	10	diamond	none	same	vert	up	N_dis	(512, 248)	True	147687	148819	up	(512, 384)	testing
7	lp	f	21	10	circle	red	dif	hori	left	(376, 384)	(608, 287)	True	150090	151210	left	(512, 384)	testing
7	lp	f	21	10	circle	green	dif	hori	left	(376, 384)	(648, 384)	True	152376	153154	left	(512, 384)	testing
7	lp	f	21	10	circle	green	dif	vert	up	(376, 384)	(415, 287)	True	154224	155065	up	(512, 384)	testing
7	lp	f	21	10	circle	red	dif	vert	up	(376, 384)	(512, 248)	True	156097	156871	up	(512, 384)	testing
7	lp	f	21	10	diamond	green	same	vert	up	(376, 384)	(512, 520)	True	158000	159145	up	(512, 384)	testing
7	lp	f	21	10	diamond	red	dif	vert	up	(415, 287)	(608, 287)	True	160372	161247	up	(512, 384)	testing
7	lp	f	21	10	diamond	green	same	hori	left	(512, 520)	(512, 248)	True	162444	163229	left	(512, 384)	testing
7	lp	f	21	10	diamond	none	same	hori	left	N_dis	(512, 520)	True	164479	165367	left	(512, 384)	testing
7	lp	f	21	10	circle	green	same	hori	left	(648, 384)	(415, 287)	True	166439	167843	left	(512, 384)	testing
7	lp	f	21	10	circle	none	same	vert	up	N_dis	(608, 287)	True	168869	169853	up	(512, 384)	testing
7	lp	f	21	10	diamond	red	same	hori	left	(376, 384)	(512, 520)	True	171037	172021	left	(512, 384)	testing
7	lp	f	21	10	circle	red	same	hori	left	(415, 480)	(608, 480)	True	173107	173944	left	(512, 384)	testing
7	lp	f	21	10	diamond	none	dif	vert	up	N_dis	(376, 384)	True	175078	176010	up	(512, 384)	testing
7	lp	f	21	10	circle	red	same	vert	up	(376, 384)	(415, 287)	True	177189	178707	up	(512, 384)	testing
7	lp	f	21	10	circle	green	same	vert	up	(376, 384)	(415, 287)	True	179825	181159	up	(512, 384)	testing
7	lp	f	21	10	diamond	red	same	vert	up	(376, 384)	(512, 248)	True	182278	184051	up	(512, 384)	testing
7	lp	f	21	10	circle	none	same	vert	up	N_dis	(376, 384)	True	185080	186138	up	(512, 384)	testing
7	lp	f	21	10	circle	none	same	hori	left	N_dis	(512, 248)	True	187299	188245	left	(512, 384)	testing
7	lp	f	21	10	circle	red	dif	hori	left	(415, 480)	(648, 384)	True	189466	190169	left	(512, 384)	testing
7	lp	f	21	10	diamond	none	dif	hori	left	N_dis	(512, 520)	True	191255	192445	left	(512, 384)	testing
7	lp	f	21	10	circle	green	same	hori	left	(376, 384)	(512, 248)	True	193560	194654	left	(512, 384)	testing
7	lp	f	21	10	diamond	red	dif	vert	up	(376, 384)	(608, 480)	True	195912	197376	up	(512, 384)	testing
7	lp	f	21	10	diamond	red	dif	hori	left	(376, 384)	(648, 384)	True	198520	199255	left	(512, 384)	testing
7	lp	f	21	10	circle	none	same	hori	left	N_dis	(512, 248)	True	200327	201145	left	(512, 384)	testing
7	lp	f	21	10	diamond	red	dif	vert	up	(376, 384)	(415, 480)	True	202377	203403	up	(512, 384)	testing
7	lp	f	21	10	diamond	green	dif	hori	left	(376, 384)	(512, 520)	True	204543	205490	left	(512, 384)	testing
7	lp	f	21	10	circle	green	same	hori	left	(376, 384)	(608, 480)	True	206681	208234	left	(512, 384)	testing
7	lp	f	21	10	diamond	red	same	vert	up	(376, 384)	(512, 520)	True	209385	210293	up	(512, 384)	testing
7	lp	f	21	10	diamond	red	same	vert	up	(376, 384)	(648, 384)	True	211551	212360	up	(512, 384)	testing
7	lp	f	21	10	diamond	green	dif	vert	up	(376, 384)	(648, 384)	True	213511	214256	up	(512, 384)	testing
7	lp	f	21	10	diamond	red	same	hori	left	(648, 384)	(512, 248)	True	215400	216318	left	(512, 384)	testing
7	lp	f	21	10	circle	red	same	vert	up	(376, 384)	(608, 287)	True	217494	218575	up	(512, 384)	testing
7	lp	f	21	10	circle	green	same	vert	up	(376, 384)	(415, 480)	True	219768	220651	up	(512, 384)	testing
7	lp	f	21	10	diamond	green	same	hori	left	(376, 384)	(415, 287)	True	221761	223157	left	(512, 384)	testing
7	lp	f	21	10	diamond	none	same	hori	left	N_dis	(648, 384)	True	224228	224916	left	(512, 384)	testing
7	lp	f	21	10	circle	red	same	hori	left	(376, 384)	(608, 480)	True	226007	227327	left	(512, 384)	testing
7	lp	f	21	10	circle	red	dif	hori	left	(376, 384)	(415, 480)	True	228389	229243	left	(512, 384)	testing
7	lp	f	21	10	diamond	green	dif	hori	left	(376, 384)	(415, 287)	True	230274	231922	left	(512, 384)	testing
7	lp	f	21	10	circle	red	dif	hori	left	(376, 384)	(415, 287)	True	233101	234242	left	(512, 384)	testing
7	lp	f	21	10	diamond	none	same	vert	up	N_dis	(415, 480)	True	235366	236357	up	(512, 384)	testing
7	lp	f	21	10	circle	none	dif	vert	up	N_dis	(415, 480)	True	237496	238671	up	(512, 384)	testing
7	lp	f	21	10	circle	red	dif	vert	up	(376, 384)	(608, 287)	True	239735	240843	up	(512, 384)	testing
7	lp	f	21	10	circle	red	same	hori	left	(376, 384)	(648, 384)	True	241983	243246	left	(512, 384)	testing
7	lp	f	21	10	circle	red	same	hori	left	(648, 384)	(608, 480)	True	244273	245506	left	(512, 384)	testing
7	lp	f	21	10	circle	red	dif	vert	up	(608, 480)	(512, 520)	True	246663	247576	up	(512, 384)	testing
7	lp	f	21	10	diamond	none	dif	vert	up	N_dis	(512, 520)	True	248709	249879	up	(512, 384)	testing
7	lp	f	21	10	diamond	green	same	hori	left	(376, 384)	(512, 520)	True	251000	251952	left	(512, 384)	testing
7	lp	f	21	10	diamond	green	same	vert	up	(376, 384)	(648, 384)	True	253118	254115	up	(512, 384)	testing
7	lp	f	21	10	circle	green	same	vert	up	(376, 384)	(415, 480)	True	255385	256996	up	(512, 384)	testing
7	lp	f	21	10	circle	none	same	hori	left	N_dis	(648, 384)	True	258198	258983	left	(512, 384)	testing
7	lp	f	21	10	diamond	red	same	vert	up	(512, 248)	(415, 287)	True	260164	261330	up	(512, 384)	testing
7	lp	f	21	10	circle	none	dif	vert	up	N_dis	(376, 384)	True	262367	263465	up	(512, 384)	testing
7	lp	f	21	10	diamond	green	dif	hori	left	(512, 520)	(415, 287)	True	264524	265629	left	(512, 384)	testing
7	lp	f	21	10	circle	none	same	vert	up	N_dis	(512, 248)	True	266695	267585	up	(512, 384)	testing
7	lp	f	21	10	circle	red	dif	hori	left	(376, 384)	(415, 480)	True	268812	269701	left	(512, 384)	testing
7	lp	f	21	10	circle	green	same	vert	up	(608, 287)	(415, 480)	True	270860	271924	up	(512, 384)	testing
7	lp	f	21	10	circle	green	dif	hori	left	(512, 248)	(512, 520)	True	273046	274172	left	(512, 384)	testing
7	lp	f	21	10	diamond	none	same	hori	left	N_dis	(608, 287)	True	275367	276286	left	(512, 384)	testing
7	lp	f	21	10	circle	green	dif	vert	up	(376, 384)	(608, 480)	True	277465	278598	up	(512, 384)	testing
7	lp	f	21	10	diamond	red	dif	vert	up	(648, 384)	(608, 480)	True	279669	280961	up	(512, 384)	testing
7	lp	f	21	10	circle	green	dif	hori	left	(415, 287)	(415, 480)	True	282032	283699	left	(512, 384)	testing
7	lp	f	21	10	diamond	red	dif	hori	left	(376, 384)	(512, 248)	True	284841	285948	left	(512, 384)	testing
conf	7	lp	f	21	10	0	space	None	None	None	None	None	None	None	None	True	344734	360306	1
