subj	name	gender	age	runNum	shape	dist	td_dif	resp	resp_key	d_loc	t_loc	gotKey	startTime	respTime	resp	fix_loc	prac
7	lp	f	21	7	circle	none	same	hori	left	N_dis	(512, 520)	True	32780	34145	left	(512, 384)	testing
7	lp	f	21	7	diamond	none	dif	hori	left	N_dis	(415, 287)	True	35300	36295	left	(512, 384)	testing
7	lp	f	21	7	circle	none	dif	vert	up	N_dis	(376, 384)	True	37330	38331	up	(512, 384)	testing
7	lp	f	21	7	diamond	green	same	vert	up	(376, 384)	(415, 287)	True	39420	40974	up	(512, 384)	testing
7	lp	f	21	7	diamond	red	same	vert	up	(376, 384)	(512, 520)	True	42141	43143	up	(512, 384)	testing
7	lp	f	21	7	diamond	green	dif	hori	left	(376, 384)	(415, 480)	True	44277	45495	left	(512, 384)	testing
7	lp	f	21	7	diamond	green	same	vert	up	(512, 520)	(512, 248)	True	46662	47938	up	(512, 384)	testing
7	lp	f	21	7	diamond	none	same	vert	up	N_dis	(376, 384)	True	49144	49863	up	(512, 384)	testing
7	lp	f	21	7	circle	green	same	vert	up	(415, 480)	(648, 384)	True	51119	52661	up	(512, 384)	testing
7	lp	f	21	7	circle	none	dif	hori	left	N_dis	(512, 248)	True	53696	54483	left	(512, 384)	testing
7	lp	f	21	7	circle	red	dif	hori	left	(415, 480)	(415, 287)	True	55558	56446	left	(512, 384)	testing
7	lp	f	21	7	diamond	none	same	vert	up	N_dis	(648, 384)	True	57514	58344	up	(512, 384)	testing
7	lp	f	21	7	diamond	red	same	vert	up	(376, 384)	(415, 287)	True	59537	60953	up	(512, 384)	testing
7	lp	f	21	7	diamond	none	dif	vert	up	N_dis	(415, 480)	True	62052	62861	up	(512, 384)	testing
7	lp	f	21	7	circle	red	dif	hori	left	(415, 287)	(648, 384)	True	63991	64843	left	(512, 384)	testing
7	lp	f	21	7	circle	red	dif	vert	up	(376, 384)	(608, 480)	True	65938	67454	up	(512, 384)	testing
7	lp	f	21	7	circle	green	dif	vert	up	(608, 287)	(415, 480)	True	68577	69865	up	(512, 384)	testing
7	lp	f	21	7	circle	red	same	vert	up	(608, 480)	(415, 287)	True	71112	72210	up	(512, 384)	testing
7	lp	f	21	7	circle	none	same	hori	left	N_dis	(608, 480)	True	73420	74277	left	(512, 384)	testing
7	lp	f	21	7	circle	none	same	hori	left	N_dis	(608, 287)	True	75430	76202	left	(512, 384)	testing
7	lp	f	21	7	diamond	red	same	hori	left	(376, 384)	(415, 287)	True	77346	78669	left	(512, 384)	testing
7	lp	f	21	7	circle	red	same	hori	left	(376, 384)	(415, 287)	True	79768	80654	left	(512, 384)	testing
7	lp	f	21	7	circle	none	dif	vert	up	N_dis	(512, 248)	True	81913	82810	up	(512, 384)	testing
7	lp	f	21	7	diamond	none	same	hori	left	N_dis	(512, 520)	True	83970	84783	left	(512, 384)	testing
7	lp	f	21	7	diamond	red	dif	hori	left	(376, 384)	(648, 384)	True	85824	86785	left	(512, 384)	testing
7	lp	f	21	7	circle	none	dif	hori	left	N_dis	(648, 384)	True	87957	89201	left	(512, 384)	testing
7	lp	f	21	7	circle	green	same	vert	up	(376, 384)	(512, 248)	True	90301	91938	up	(512, 384)	testing
7	lp	f	21	7	circle	green	dif	hori	left	(608, 287)	(415, 287)	True	93019	94204	left	(512, 384)	testing
7	lp	f	21	7	circle	none	same	vert	up	N_dis	(608, 287)	True	95450	96650	up	(512, 384)	testing
7	lp	f	21	7	circle	none	dif	vert	up	N_dis	(648, 384)	True	97869	98715	up	(512, 384)	testing
7	lp	f	21	7	diamond	none	same	hori	left	N_dis	(512, 248)	True	99817	101140	left	(512, 384)	testing
7	lp	f	21	7	circle	green	dif	hori	left	(376, 384)	(512, 520)	True	102181	103056	left	(512, 384)	testing
7	lp	f	21	7	diamond	green	same	hori	left	(608, 287)	(512, 248)	True	104202	105138	left	(512, 384)	testing
7	lp	f	21	7	diamond	green	same	hori	left	(376, 384)	(608, 287)	True	106247	107400	left	(512, 384)	testing
7	lp	f	21	7	diamond	none	dif	vert	up	N_dis	(512, 520)	True	108518	109313	up	(512, 384)	testing
7	lp	f	21	7	circle	red	same	vert	up	(512, 520)	(648, 384)	True	110465	111634	up	(512, 384)	testing
7	lp	f	21	7	circle	red	same	vert	up	(376, 384)	(415, 480)	True	112728	113951	up	(512, 384)	testing
7	lp	f	21	7	circle	none	same	hori	left	N_dis	(512, 520)	True	114988	115760	left	(512, 384)	testing
7	lp	f	21	7	circle	green	dif	vert	up	(376, 384)	(512, 520)	True	116857	117963	up	(512, 384)	testing
7	lp	f	21	7	diamond	none	same	hori	left	N_dis	(512, 520)	True	119023	119968	left	(512, 384)	testing
7	lp	f	21	7	diamond	green	dif	vert	up	(376, 384)	(648, 384)	True	121028	122450	up	(512, 384)	testing
7	lp	f	21	7	circle	green	dif	hori	left	(376, 384)	(415, 287)	True	123637	124862	left	(512, 384)	testing
7	lp	f	21	7	diamond	none	dif	hori	left	N_dis	(415, 480)	True	125934	126647	left	(512, 384)	testing
7	lp	f	21	7	circle	red	same	vert	up	(376, 384)	(648, 384)	True	127738	128664	up	(512, 384)	testing
7	lp	f	21	7	circle	none	dif	hori	left	N_dis	(512, 248)	True	129815	130515	left	(512, 384)	testing
7	lp	f	21	7	diamond	red	same	vert	up	(376, 384)	(512, 520)	True	131577	132342	up	(512, 384)	testing
7	lp	f	21	7	circle	red	dif	vert	up	(376, 384)	(648, 384)	True	133596	134413	up	(512, 384)	testing
7	lp	f	21	7	circle	red	dif	vert	up	(376, 384)	(415, 480)	True	135467	136383	up	(512, 384)	testing
7	lp	f	21	7	circle	red	dif	vert	up	(376, 384)	(648, 384)	True	137529	138290	up	(512, 384)	testing
7	lp	f	21	7	diamond	green	same	vert	up	(376, 384)	(608, 287)	True	139384	140634	up	(512, 384)	testing
7	lp	f	21	7	diamond	none	dif	hori	left	N_dis	(376, 384)	True	141814	142638	left	(512, 384)	testing
7	lp	f	21	7	circle	green	same	vert	up	(376, 384)	(608, 480)	True	143769	145034	up	(512, 384)	testing
7	lp	f	21	7	diamond	green	dif	hori	left	(415, 287)	(608, 287)	True	146182	147461	left	(512, 384)	testing
7	lp	f	21	7	diamond	red	dif	vert	up	(376, 384)	(512, 248)	True	148500	149488	up	(512, 384)	testing
7	lp	f	21	7	diamond	green	dif	hori	left	(376, 384)	(415, 480)	True	150513	151501	left	(512, 384)	testing
7	lp	f	21	7	circle	none	same	vert	up	N_dis	(608, 480)	True	152554	153765	up	(512, 384)	testing
7	lp	f	21	7	diamond	green	dif	vert	up	(512, 248)	(608, 480)	True	154999	155935	up	(512, 384)	testing
7	lp	f	21	7	circle	red	same	hori	left	(512, 248)	(608, 480)	True	157048	158029	left	(512, 384)	testing
7	lp	f	21	7	diamond	green	dif	vert	up	(415, 480)	(608, 480)	True	159116	161773	up	(512, 384)	testing
7	lp	f	21	7	circle	green	dif	vert	up	(648, 384)	(512, 520)	True	162991	164334	up	(512, 384)	testing
7	lp	f	21	7	circle	green	dif	vert	up	(376, 384)	(608, 480)	True	165561	166420	up	(512, 384)	testing
7	lp	f	21	7	diamond	none	dif	hori	left	N_dis	(512, 248)	True	167512	168338	left	(512, 384)	testing
7	lp	f	21	7	diamond	red	dif	vert	up	(376, 384)	(648, 384)	True	169473	170232	up	(512, 384)	testing
7	lp	f	21	7	diamond	none	same	vert	up	N_dis	(376, 384)	True	171498	172362	up	(512, 384)	testing
7	lp	f	21	7	diamond	none	dif	vert	up	N_dis	(648, 384)	True	173588	174487	up	(512, 384)	testing
7	lp	f	21	7	diamond	red	same	hori	left	(376, 384)	(648, 384)	True	175673	176306	left	(512, 384)	testing
7	lp	f	21	7	circle	green	same	hori	left	(376, 384)	(608, 287)	True	177363	178388	left	(512, 384)	testing
7	lp	f	21	7	circle	green	dif	hori	left	(376, 384)	(512, 248)	True	179481	180212	left	(512, 384)	testing
7	lp	f	21	7	circle	green	dif	vert	up	(376, 384)	(648, 384)	True	181315	182106	up	(512, 384)	testing
7	lp	f	21	7	diamond	red	same	hori	left	(648, 384)	(415, 287)	True	183350	184082	left	(512, 384)	testing
7	lp	f	21	7	circle	red	same	hori	left	(376, 384)	(608, 480)	True	185344	186152	left	(512, 384)	testing
7	lp	f	21	7	diamond	red	same	hori	left	(376, 384)	(512, 248)	True	187237	188359	left	(512, 384)	testing
7	lp	f	21	7	circle	none	same	hori	left	N_dis	(376, 384)	True	189577	190897	left	(512, 384)	testing
7	lp	f	21	7	circle	none	dif	hori	left	N_dis	(608, 287)	True	191971	192782	left	(512, 384)	testing
7	lp	f	21	7	circle	green	same	hori	left	(376, 384)	(512, 520)	True	193908	195774	left	(512, 384)	testing
7	lp	f	21	7	circle	green	dif	hori	left	(376, 384)	(608, 287)	True	196807	197856	left	(512, 384)	testing
7	lp	f	21	7	circle	red	same	hori	left	(415, 480)	(608, 287)	True	199103	200172	left	(512, 384)	testing
7	lp	f	21	7	diamond	red	dif	vert	up	(608, 480)	(512, 520)	True	201333	202943	up	(512, 384)	testing
7	lp	f	21	7	diamond	none	same	vert	up	N_dis	(608, 480)	True	204197	205336	up	(512, 384)	testing
7	lp	f	21	7	diamond	red	dif	hori	left	(376, 384)	(608, 287)	True	206434	207680	left	(512, 384)	testing
7	lp	f	21	7	diamond	red	dif	vert	up	(512, 248)	(608, 480)	True	208813	209893	up	(512, 384)	testing
7	lp	f	21	7	circle	green	same	vert	up	(512, 520)	(415, 480)	True	210994	213251	up	(512, 384)	testing
7	lp	f	21	7	diamond	green	same	hori	left	(608, 480)	(415, 287)	True	214411	215529	left	(512, 384)	testing
7	lp	f	21	7	circle	red	same	vert	up	(376, 384)	(512, 520)	True	216737	217994	up	(512, 384)	testing
7	lp	f	21	7	circle	red	dif	hori	left	(376, 384)	(415, 287)	True	219195	220123	left	(512, 384)	testing
7	lp	f	21	7	circle	none	same	vert	up	N_dis	(608, 287)	True	221330	222562	up	(512, 384)	testing
7	lp	f	21	7	diamond	green	dif	vert	up	(648, 384)	(512, 248)	True	223593	224652	up	(512, 384)	testing
7	lp	f	21	7	diamond	red	same	vert	up	(376, 384)	(608, 480)	True	225798	226699	up	(512, 384)	testing
7	lp	f	21	7	circle	none	dif	vert	up	N_dis	(415, 287)	True	227726	228667	up	(512, 384)	testing
7	lp	f	21	7	circle	none	dif	vert	up	N_dis	(648, 384)	True	229933	230697	up	(512, 384)	testing
7	lp	f	21	7	diamond	red	dif	vert	up	(512, 520)	(608, 287)	True	231847	233441	left	(512, 384)	testing
7	lp	f	21	7	circle	green	same	hori	left	(376, 384)	(512, 520)	True	236082	237078	left	(512, 384)	testing
7	lp	f	21	7	circle	green	same	hori	left	(376, 384)	(415, 480)	True	238188	240472	left	(512, 384)	testing
7	lp	f	21	7	diamond	red	dif	hori	left	(376, 384)	(608, 480)	True	241521	242958	left	(512, 384)	testing
7	lp	f	21	7	circle	green	same	vert	up	(608, 287)	(512, 248)	True	244036	245323	up	(512, 384)	testing
7	lp	f	21	7	diamond	red	same	vert	up	(376, 384)	(608, 287)	True	246435	247730	up	(512, 384)	testing
7	lp	f	21	7	diamond	green	dif	hori	left	(415, 287)	(608, 480)	True	248939	250078	left	(512, 384)	testing
7	lp	f	21	7	diamond	red	dif	hori	left	(376, 384)	(415, 480)	True	251223	252129	left	(512, 384)	testing
7	lp	f	21	7	diamond	green	same	vert	up	(512, 248)	(415, 480)	True	253224	254335	up	(512, 384)	testing
7	lp	f	21	7	circle	none	same	vert	up	N_dis	(415, 480)	True	255531	256571	up	(512, 384)	testing
7	lp	f	21	7	circle	none	dif	hori	left	N_dis	(415, 480)	True	257784	258923	left	(512, 384)	testing
7	lp	f	21	7	circle	red	same	hori	left	(415, 287)	(648, 384)	True	260007	261044	left	(512, 384)	testing
7	lp	f	21	7	diamond	green	same	hori	left	(376, 384)	(648, 384)	True	262144	263396	left	(512, 384)	testing
7	lp	f	21	7	circle	none	same	vert	up	N_dis	(415, 287)	True	264555	265655	up	(512, 384)	testing
7	lp	f	21	7	diamond	green	same	vert	up	(608, 480)	(415, 287)	True	266902	268230	up	(512, 384)	testing
7	lp	f	21	7	diamond	green	dif	vert	up	(648, 384)	(608, 287)	True	269502	270568	up	(512, 384)	testing
7	lp	f	21	7	diamond	green	dif	hori	left	(376, 384)	(512, 248)	True	271820	272931	left	(512, 384)	testing
7	lp	f	21	7	diamond	none	same	hori	left	N_dis	(608, 480)	True	273965	274961	left	(512, 384)	testing
7	lp	f	21	7	diamond	none	dif	vert	up	N_dis	(415, 480)	True	276133	277267	up	(512, 384)	testing
7	lp	f	21	7	diamond	none	same	hori	left	N_dis	(415, 287)	True	278523	279377	left	(512, 384)	testing
7	lp	f	21	7	diamond	none	dif	hori	left	N_dis	(608, 287)	True	280496	281399	left	(512, 384)	testing
7	lp	f	21	7	circle	red	dif	hori	left	(376, 384)	(512, 248)	True	282535	283805	left	(512, 384)	testing
7	lp	f	21	7	diamond	none	same	vert	up	N_dis	(415, 287)	True	285013	286096	up	(512, 384)	testing
7	lp	f	21	7	diamond	none	dif	vert	up	N_dis	(608, 480)	True	287275	288236	up	(512, 384)	testing
7	lp	f	21	7	diamond	red	same	hori	left	(376, 384)	(608, 480)	True	289349	290326	left	(512, 384)	testing
7	lp	f	21	7	circle	green	same	hori	left	(376, 384)	(415, 480)	True	291427	292830	left	(512, 384)	testing
7	lp	f	21	7	diamond	red	dif	hori	left	(376, 384)	(608, 287)	True	293980	295047	left	(512, 384)	testing
7	lp	f	21	7	diamond	green	same	hori	left	(376, 384)	(415, 287)	True	296170	297299	left	(512, 384)	testing
7	lp	f	21	7	circle	red	dif	hori	left	(376, 384)	(648, 384)	True	298357	299355	left	(512, 384)	testing
7	lp	f	21	7	circle	red	dif	vert	up	(376, 384)	(512, 248)	True	300499	301557	up	(512, 384)	testing
