subj	name	gender	age	runNum	shape	dist	td_dif	resp	resp_key	d_loc	t_loc	gotKey	startTime	respTime	resp	fix_loc	prac
7	lp	f	21	2	diamond	green	same	vert	up	(512, 520)	(608, 287)	True	29941	31405	up	(512, 384)	testing
7	lp	f	21	2	circle	green	dif	hori	left	(512, 520)	(648, 384)	True	32448	33392	left	(512, 384)	testing
7	lp	f	21	2	circle	none	dif	vert	up	N_dis	(415, 480)	True	34635	35929	up	(512, 384)	testing
7	lp	f	21	2	diamond	green	same	hori	left	(512, 520)	(608, 287)	True	37001	38775	left	(512, 384)	testing
7	lp	f	21	2	diamond	red	dif	hori	left	(512, 520)	(512, 248)	True	39909	41622	left	(512, 384)	testing
7	lp	f	21	2	diamond	none	same	hori	left	N_dis	(512, 520)	True	42746	43735	left	(512, 384)	testing
7	lp	f	21	2	diamond	none	same	vert	up	N_dis	(415, 480)	True	44858	45992	up	(512, 384)	testing
7	lp	f	21	2	circle	red	same	vert	up	(512, 520)	(608, 287)	True	47054	48944	up	(512, 384)	testing
7	lp	f	21	2	circle	green	dif	vert	up	(608, 287)	(415, 287)	True	50147	51386	up	(512, 384)	testing
7	lp	f	21	2	circle	green	dif	hori	left	(512, 520)	(608, 287)	True	52488	53598	left	(512, 384)	testing
7	lp	f	21	2	diamond	none	dif	hori	left	N_dis	(376, 384)	True	54819	55898	left	(512, 384)	testing
7	lp	f	21	2	diamond	red	dif	vert	up	(512, 520)	(415, 287)	False	57145	None	None	(512, 384)	testing
7	lp	f	21	2	diamond	red	same	hori	left	(512, 520)	(608, 480)	True	62718	64879	left	(512, 384)	testing
7	lp	f	21	2	circle	green	dif	vert	up	(512, 520)	(415, 287)	True	66094	67309	up	(512, 384)	testing
7	lp	f	21	2	diamond	red	same	vert	up	(415, 287)	(415, 480)	True	68561	70581	up	(512, 384)	testing
7	lp	f	21	2	diamond	none	dif	hori	left	N_dis	(415, 480)	True	71652	72827	left	(512, 384)	testing
7	lp	f	21	2	diamond	green	dif	vert	up	(608, 287)	(376, 384)	True	74058	75033	up	(512, 384)	testing
7	lp	f	21	2	circle	red	same	hori	left	(512, 520)	(608, 287)	True	76116	77602	left	(512, 384)	testing
7	lp	f	21	2	diamond	green	same	hori	left	(512, 520)	(608, 480)	True	78748	80158	left	(512, 384)	testing
7	lp	f	21	2	circle	none	dif	vert	up	N_dis	(415, 287)	True	81365	82957	up	(512, 384)	testing
7	lp	f	21	2	circle	none	same	vert	up	N_dis	(648, 384)	True	84089	85533	up	(512, 384)	testing
7	lp	f	21	2	circle	green	same	hori	left	(512, 520)	(648, 384)	True	86578	87606	left	(512, 384)	testing
7	lp	f	21	2	circle	green	dif	hori	left	(512, 520)	(376, 384)	True	88740	89803	left	(512, 384)	testing
7	lp	f	21	2	circle	green	same	vert	up	(512, 248)	(648, 384)	True	90853	91669	up	(512, 384)	testing
7	lp	f	21	2	circle	red	dif	vert	up	(512, 520)	(608, 480)	True	92932	94652	up	(512, 384)	testing
7	lp	f	21	2	circle	red	dif	hori	left	(512, 520)	(512, 248)	True	95837	97093	left	(512, 384)	testing
7	lp	f	21	2	diamond	none	dif	vert	up	N_dis	(608, 480)	True	98129	99494	left	(512, 384)	testing
7	lp	f	21	2	circle	none	same	vert	up	N_dis	(608, 287)	True	102231	103666	up	(512, 384)	testing
7	lp	f	21	2	circle	green	dif	vert	up	(376, 384)	(608, 480)	True	104811	106444	up	(512, 384)	testing
7	lp	f	21	2	diamond	green	same	hori	left	(415, 287)	(376, 384)	True	107697	110048	left	(512, 384)	testing
7	lp	f	21	2	circle	none	dif	hori	left	N_dis	(376, 384)	True	111099	112255	left	(512, 384)	testing
7	lp	f	21	2	circle	none	dif	vert	up	N_dis	(415, 287)	True	113303	114279	up	(512, 384)	testing
7	lp	f	21	2	circle	none	same	hori	left	N_dis	(608, 287)	True	115390	116199	left	(512, 384)	testing
7	lp	f	21	2	diamond	none	same	hori	left	N_dis	(376, 384)	True	117303	118452	left	(512, 384)	testing
7	lp	f	21	2	diamond	none	dif	vert	up	N_dis	(608, 480)	True	119593	120706	up	(512, 384)	testing
7	lp	f	21	2	diamond	none	same	vert	up	N_dis	(608, 480)	True	121874	122910	up	(512, 384)	testing
7	lp	f	21	2	diamond	green	dif	vert	up	(512, 520)	(415, 480)	True	124166	125429	up	(512, 384)	testing
7	lp	f	21	2	circle	green	dif	hori	left	(512, 520)	(608, 480)	True	126577	128500	left	(512, 384)	testing
7	lp	f	21	2	circle	none	dif	hori	left	N_dis	(648, 384)	True	129607	130632	left	(512, 384)	testing
7	lp	f	21	2	circle	red	dif	hori	left	(512, 520)	(648, 384)	True	131893	133062	left	(512, 384)	testing
7	lp	f	21	2	diamond	none	dif	hori	left	N_dis	(608, 287)	True	134176	135727	left	(512, 384)	testing
7	lp	f	21	2	circle	red	dif	vert	up	(512, 520)	(376, 384)	True	136848	138075	up	(512, 384)	testing
7	lp	f	21	2	circle	red	same	hori	left	(415, 287)	(608, 287)	True	139213	140232	left	(512, 384)	testing
7	lp	f	21	2	circle	green	same	hori	left	(648, 384)	(608, 287)	True	141322	142322	left	(512, 384)	testing
7	lp	f	21	2	circle	green	same	hori	left	(608, 287)	(608, 480)	True	143543	144524	left	(512, 384)	testing
7	lp	f	21	2	diamond	red	same	vert	up	(512, 520)	(648, 384)	True	145609	146648	up	(512, 384)	testing
7	lp	f	21	2	circle	red	same	hori	left	(512, 520)	(608, 287)	True	147784	148775	left	(512, 384)	testing
7	lp	f	21	2	diamond	green	same	vert	up	(608, 287)	(415, 480)	True	149836	150851	up	(512, 384)	testing
7	lp	f	21	2	circle	red	dif	vert	up	(512, 520)	(415, 480)	True	152051	153196	up	(512, 384)	testing
7	lp	f	21	2	circle	green	dif	vert	up	(512, 520)	(415, 480)	True	154323	155417	up	(512, 384)	testing
7	lp	f	21	2	circle	green	same	vert	up	(512, 520)	(376, 384)	True	156477	157552	up	(512, 384)	testing
7	lp	f	21	2	diamond	green	dif	hori	left	(512, 520)	(648, 384)	True	158754	159679	left	(512, 384)	testing
7	lp	f	21	2	circle	red	dif	hori	left	(608, 480)	(415, 287)	True	160756	161851	left	(512, 384)	testing
7	lp	f	21	2	diamond	red	same	vert	up	(512, 520)	(512, 248)	True	162936	164022	up	(512, 384)	testing
7	lp	f	21	2	circle	none	dif	hori	left	N_dis	(512, 248)	True	165048	166320	left	(512, 384)	testing
7	lp	f	21	2	circle	red	dif	vert	up	(512, 520)	(648, 384)	True	167554	168609	up	(512, 384)	testing
7	lp	f	21	2	diamond	red	same	hori	left	(512, 520)	(415, 287)	True	169805	171014	left	(512, 384)	testing
7	lp	f	21	2	diamond	none	dif	hori	left	N_dis	(512, 248)	True	172201	173215	left	(512, 384)	testing
7	lp	f	21	2	circle	green	same	vert	up	(512, 520)	(512, 248)	True	174430	176660	up	(512, 384)	testing
7	lp	f	21	2	diamond	green	dif	vert	up	(415, 480)	(512, 248)	True	177786	179321	up	(512, 384)	testing
7	lp	f	21	2	diamond	red	dif	vert	up	(512, 520)	(512, 248)	True	180583	181998	up	(512, 384)	testing
7	lp	f	21	2	circle	none	dif	vert	up	N_dis	(512, 520)	True	183182	184640	up	(512, 384)	testing
7	lp	f	21	2	diamond	red	same	hori	left	(608, 480)	(608, 287)	True	185887	187446	left	(512, 384)	testing
7	lp	f	21	2	diamond	red	dif	hori	left	(415, 480)	(608, 287)	True	188606	190098	left	(512, 384)	testing
7	lp	f	21	2	diamond	green	same	vert	up	(512, 520)	(415, 287)	True	191228	192354	up	(512, 384)	testing
7	lp	f	21	2	diamond	green	same	hori	left	(648, 384)	(512, 248)	True	193455	194526	left	(512, 384)	testing
7	lp	f	21	2	diamond	none	same	vert	up	N_dis	(648, 384)	True	195759	196666	up	(512, 384)	testing
7	lp	f	21	2	diamond	green	dif	hori	left	(512, 520)	(512, 248)	True	197869	198705	left	(512, 384)	testing
7	lp	f	21	2	diamond	green	same	vert	up	(376, 384)	(415, 287)	True	199734	200764	up	(512, 384)	testing
7	lp	f	21	2	circle	red	dif	hori	left	(512, 520)	(512, 248)	True	201955	203168	left	(512, 384)	testing
7	lp	f	21	2	circle	none	dif	vert	up	N_dis	(512, 248)	True	204221	205252	up	(512, 384)	testing
7	lp	f	21	2	diamond	none	same	vert	up	N_dis	(376, 384)	True	206372	208027	up	(512, 384)	testing
7	lp	f	21	2	diamond	red	same	hori	left	(512, 520)	(415, 480)	True	209171	210310	left	(512, 384)	testing
7	lp	f	21	2	diamond	red	dif	hori	left	(512, 520)	(608, 287)	True	211410	212326	left	(512, 384)	testing
7	lp	f	21	2	diamond	none	dif	vert	up	N_dis	(512, 520)	True	213427	214846	up	(512, 384)	testing
7	lp	f	21	2	circle	none	same	hori	left	N_dis	(608, 480)	True	215912	217187	left	(512, 384)	testing
7	lp	f	21	2	diamond	green	dif	vert	up	(512, 520)	(376, 384)	True	218259	219540	up	(512, 384)	testing
7	lp	f	21	2	diamond	none	dif	hori	left	N_dis	(415, 287)	True	220775	221786	left	(512, 384)	testing
7	lp	f	21	2	circle	green	same	hori	left	(512, 520)	(608, 480)	True	222827	224108	left	(512, 384)	testing
7	lp	f	21	2	circle	red	same	hori	left	(608, 480)	(512, 248)	True	225294	226518	up	(512, 384)	testing
7	lp	f	21	2	circle	none	same	hori	left	N_dis	(415, 480)	True	229088	230024	left	(512, 384)	testing
7	lp	f	21	2	diamond	green	same	vert	up	(512, 520)	(415, 287)	True	231065	232322	up	(512, 384)	testing
7	lp	f	21	2	diamond	none	same	hori	left	N_dis	(648, 384)	True	233367	235182	left	(512, 384)	testing
7	lp	f	21	2	circle	none	dif	hori	left	N_dis	(415, 287)	True	236440	238373	left	(512, 384)	testing
7	lp	f	21	2	diamond	red	dif	vert	up	(415, 480)	(648, 384)	True	239533	240972	up	(512, 384)	testing
7	lp	f	21	2	diamond	green	dif	hori	left	(512, 520)	(512, 248)	True	242019	243679	left	(512, 384)	testing
7	lp	f	21	2	diamond	none	dif	vert	up	N_dis	(415, 287)	True	244951	247886	up	(512, 384)	testing
7	lp	f	21	2	diamond	green	same	hori	left	(512, 520)	(415, 480)	True	249012	250202	left	(512, 384)	testing
7	lp	f	21	2	diamond	red	dif	vert	up	(376, 384)	(608, 287)	True	251357	252381	up	(512, 384)	testing
7	lp	f	21	2	circle	red	same	hori	left	(648, 384)	(415, 287)	True	253606	255660	left	(512, 384)	testing
7	lp	f	21	2	circle	none	same	vert	up	N_dis	(512, 520)	True	256688	258427	up	(512, 384)	testing
7	lp	f	21	2	circle	green	same	vert	up	(415, 287)	(376, 384)	True	259513	260685	up	(512, 384)	testing
7	lp	f	21	2	circle	red	same	vert	up	(512, 520)	(648, 384)	True	261886	262789	up	(512, 384)	testing
7	lp	f	21	2	circle	none	same	vert	up	N_dis	(608, 480)	True	263929	266671	up	(512, 384)	testing
7	lp	f	21	2	circle	none	same	hori	left	N_dis	(512, 520)	True	267774	268977	left	(512, 384)	testing
7	lp	f	21	2	diamond	red	same	vert	up	(512, 248)	(415, 287)	True	270088	271929	up	(512, 384)	testing
7	lp	f	21	2	diamond	green	dif	vert	up	(512, 520)	(512, 248)	True	273023	274488	up	(512, 384)	testing
7	lp	f	21	2	circle	red	same	vert	up	(512, 520)	(376, 384)	True	275525	277157	up	(512, 384)	testing
7	lp	f	21	2	diamond	green	dif	hori	left	(512, 520)	(376, 384)	True	278228	279575	left	(512, 384)	testing
7	lp	f	21	2	diamond	red	dif	hori	left	(608, 480)	(415, 480)	True	280750	281875	left	(512, 384)	testing
7	lp	f	21	2	circle	green	same	hori	left	(376, 384)	(608, 480)	True	282969	285333	left	(512, 384)	testing
7	lp	f	21	2	diamond	red	same	vert	up	(512, 520)	(415, 287)	True	286493	287768	up	(512, 384)	testing
7	lp	f	21	2	diamond	none	same	vert	up	N_dis	(608, 287)	True	288933	290367	up	(512, 384)	testing
7	lp	f	21	2	circle	none	same	vert	up	N_dis	(415, 480)	True	291571	294174	up	(512, 384)	testing
7	lp	f	21	2	circle	none	same	hori	left	N_dis	(512, 248)	True	295414	296666	left	(512, 384)	testing
7	lp	f	21	2	diamond	none	same	hori	left	N_dis	(376, 384)	True	297815	299672	left	(512, 384)	testing
7	lp	f	21	2	circle	green	dif	hori	left	(512, 520)	(376, 384)	True	300850	302207	left	(512, 384)	testing
7	lp	f	21	2	circle	green	dif	vert	up	(512, 248)	(415, 480)	True	303409	304480	up	(512, 384)	testing
7	lp	f	21	2	circle	green	same	vert	up	(648, 384)	(415, 287)	True	305681	307132	up	(512, 384)	testing
7	lp	f	21	2	diamond	none	dif	vert	up	N_dis	(608, 287)	True	308178	310983	up	(512, 384)	testing
7	lp	f	21	2	diamond	red	dif	hori	left	(512, 520)	(415, 287)	True	312144	313446	left	(512, 384)	testing
7	lp	f	21	2	circle	red	dif	hori	left	(512, 520)	(512, 248)	True	314687	316229	left	(512, 384)	testing
7	lp	f	21	2	circle	red	same	vert	up	(512, 520)	(415, 480)	True	317446	319653	up	(512, 384)	testing
7	lp	f	21	2	diamond	red	dif	vert	up	(512, 520)	(608, 480)	True	320708	322067	up	(512, 384)	testing
7	lp	f	21	2	diamond	red	same	hori	left	(512, 248)	(608, 480)	True	323093	324214	left	(512, 384)	testing
7	lp	f	21	2	diamond	green	dif	hori	left	(512, 520)	(608, 480)	True	325290	326390	left	(512, 384)	testing
7	lp	f	21	2	circle	red	same	vert	up	(512, 520)	(415, 480)	True	327437	329014	up	(512, 384)	testing
7	lp	f	21	2	circle	red	dif	vert	up	(415, 480)	(608, 287)	True	330145	331272	up	(512, 384)	testing
7	lp	f	21	2	circle	none	dif	hori	left	N_dis	(648, 384)	True	332504	333339	left	(512, 384)	testing
7	lp	f	21	2	diamond	none	same	hori	left	N_dis	(512, 248)	True	334516	335882	left	(512, 384)	testing
