subj	name	gender	age	runNum	shape	dist	td_dif	resp	resp_key	d_loc	t_loc	gotKey	startTime	respTime	resp	fix_loc	prac
7	lp	f	21	5	circle	none	dif	hori	left	N_dis	(648, 384)	True	13726	14493	left	(512, 384)	testing
7	lp	f	21	5	diamond	red	dif	hori	left	(415, 287)	(415, 480)	True	15711	16934	left	(512, 384)	testing
7	lp	f	21	5	diamond	none	dif	vert	up	N_dis	(376, 384)	True	18130	18930	up	(512, 384)	testing
7	lp	f	21	5	circle	red	dif	vert	up	(512, 520)	(608, 480)	True	19982	21712	up	(512, 384)	testing
7	lp	f	21	5	circle	red	dif	hori	left	(608, 480)	(415, 480)	True	22884	23762	left	(512, 384)	testing
7	lp	f	21	5	circle	none	same	vert	up	N_dis	(608, 480)	True	25017	25826	up	(512, 384)	testing
7	lp	f	21	5	diamond	red	same	hori	left	(608, 287)	(376, 384)	True	27068	28238	left	(512, 384)	testing
7	lp	f	21	5	circle	none	dif	hori	left	N_dis	(512, 520)	True	29477	30635	left	(512, 384)	testing
7	lp	f	21	5	circle	none	dif	vert	up	N_dis	(415, 287)	True	31677	32425	up	(512, 384)	testing
7	lp	f	21	5	diamond	green	dif	vert	up	(376, 384)	(415, 480)	True	33650	35099	up	(512, 384)	testing
7	lp	f	21	5	circle	red	same	hori	left	(608, 287)	(415, 287)	True	36304	37162	left	(512, 384)	testing
7	lp	f	21	5	diamond	green	same	vert	up	(608, 287)	(415, 480)	True	38204	39086	up	(512, 384)	testing
7	lp	f	21	5	diamond	red	same	vert	up	(608, 287)	(512, 248)	True	40126	42070	up	(512, 384)	testing
7	lp	f	21	5	diamond	red	same	hori	left	(608, 287)	(415, 287)	True	43123	44038	left	(512, 384)	testing
7	lp	f	21	5	diamond	green	dif	vert	up	(608, 287)	(512, 520)	True	45114	46025	up	(512, 384)	testing
7	lp	f	21	5	circle	none	same	hori	left	N_dis	(512, 248)	True	47269	48247	left	(512, 384)	testing
7	lp	f	21	5	circle	none	same	vert	up	N_dis	(512, 520)	True	49399	51090	up	(512, 384)	testing
7	lp	f	21	5	circle	green	same	hori	left	(608, 287)	(608, 480)	True	52294	53281	left	(512, 384)	testing
7	lp	f	21	5	diamond	red	same	vert	up	(608, 287)	(648, 384)	True	54378	55294	up	(512, 384)	testing
7	lp	f	21	5	circle	green	dif	vert	up	(608, 287)	(648, 384)	True	56478	57501	up	(512, 384)	testing
7	lp	f	21	5	circle	green	dif	hori	left	(608, 287)	(648, 384)	True	58610	59611	left	(512, 384)	testing
7	lp	f	21	5	diamond	green	dif	hori	left	(415, 480)	(648, 384)	True	60760	61869	left	(512, 384)	testing
7	lp	f	21	5	diamond	red	dif	hori	left	(415, 287)	(608, 480)	True	63039	63916	left	(512, 384)	testing
7	lp	f	21	5	diamond	red	dif	vert	up	(415, 287)	(376, 384)	True	64973	66362	up	(512, 384)	testing
7	lp	f	21	5	diamond	red	dif	vert	up	(608, 287)	(376, 384)	True	67423	68410	up	(512, 384)	testing
7	lp	f	21	5	diamond	none	dif	hori	left	N_dis	(608, 287)	True	69574	70588	left	(512, 384)	testing
7	lp	f	21	5	circle	red	same	hori	left	(608, 480)	(512, 520)	True	71798	73110	left	(512, 384)	testing
7	lp	f	21	5	circle	green	dif	vert	up	(512, 248)	(376, 384)	True	74253	75935	up	(512, 384)	testing
7	lp	f	21	5	circle	red	same	hori	left	(608, 287)	(376, 384)	True	77015	78118	left	(512, 384)	testing
7	lp	f	21	5	diamond	red	same	vert	up	(608, 480)	(376, 384)	True	79277	80060	up	(512, 384)	testing
7	lp	f	21	5	circle	none	dif	hori	left	N_dis	(415, 287)	True	81236	82108	left	(512, 384)	testing
7	lp	f	21	5	diamond	green	same	hori	left	(512, 248)	(415, 480)	True	83152	84312	left	(512, 384)	testing
7	lp	f	21	5	circle	green	dif	hori	left	(608, 287)	(415, 287)	True	85514	86496	left	(512, 384)	testing
7	lp	f	21	5	diamond	green	same	vert	up	(608, 287)	(415, 480)	True	87624	88882	up	(512, 384)	testing
7	lp	f	21	5	circle	green	dif	vert	up	(608, 287)	(415, 480)	True	90033	90883	up	(512, 384)	testing
7	lp	f	21	5	diamond	red	dif	vert	up	(608, 287)	(512, 248)	True	91975	94627	up	(512, 384)	testing
7	lp	f	21	5	circle	green	same	vert	up	(608, 287)	(648, 384)	True	95796	97034	up	(512, 384)	testing
7	lp	f	21	5	diamond	red	dif	hori	left	(512, 248)	(415, 480)	True	98166	99031	left	(512, 384)	testing
7	lp	f	21	5	diamond	red	dif	vert	up	(608, 480)	(648, 384)	True	100145	101218	up	(512, 384)	testing
7	lp	f	21	5	circle	red	same	vert	up	(608, 287)	(415, 480)	True	102432	103764	up	(512, 384)	testing
7	lp	f	21	5	circle	green	dif	hori	left	(648, 384)	(512, 248)	True	105025	105903	left	(512, 384)	testing
7	lp	f	21	5	circle	red	same	vert	up	(608, 287)	(608, 480)	True	107136	108230	up	(512, 384)	testing
7	lp	f	21	5	circle	green	same	hori	left	(608, 287)	(512, 248)	True	109326	110340	left	(512, 384)	testing
7	lp	f	21	5	diamond	green	dif	vert	up	(608, 287)	(415, 480)	True	111461	112342	up	(512, 384)	testing
7	lp	f	21	5	diamond	none	dif	hori	left	N_dis	(608, 480)	True	113545	114717	left	(512, 384)	testing
7	lp	f	21	5	diamond	red	dif	vert	up	(648, 384)	(376, 384)	True	115760	117382	up	(512, 384)	testing
7	lp	f	21	5	diamond	green	same	hori	left	(415, 480)	(512, 248)	True	118414	119324	left	(512, 384)	testing
7	lp	f	21	5	diamond	red	dif	hori	left	(608, 287)	(512, 248)	True	120426	121437	left	(512, 384)	testing
7	lp	f	21	5	circle	red	dif	hori	left	(608, 287)	(415, 287)	True	122692	123706	left	(512, 384)	testing
7	lp	f	21	5	diamond	none	same	vert	up	N_dis	(648, 384)	True	124737	126431	up	(512, 384)	testing
7	lp	f	21	5	diamond	green	dif	hori	left	(608, 287)	(512, 520)	True	127512	128575	left	(512, 384)	testing
7	lp	f	21	5	diamond	green	same	hori	left	(415, 480)	(512, 248)	True	129802	130935	left	(512, 384)	testing
7	lp	f	21	5	diamond	green	dif	hori	left	(608, 287)	(415, 287)	True	132123	133138	left	(512, 384)	testing
7	lp	f	21	5	circle	red	same	vert	up	(608, 287)	(648, 384)	True	134256	135576	up	(512, 384)	testing
7	lp	f	21	5	circle	none	dif	vert	up	N_dis	(376, 384)	True	136665	137953	up	(512, 384)	testing
7	lp	f	21	5	diamond	green	dif	vert	up	(608, 287)	(608, 480)	True	139006	140348	up	(512, 384)	testing
7	lp	f	21	5	diamond	none	dif	hori	left	N_dis	(512, 248)	True	141575	142489	left	(512, 384)	testing
7	lp	f	21	5	diamond	none	dif	vert	up	N_dis	(415, 480)	True	143737	144665	up	(512, 384)	testing
7	lp	f	21	5	circle	red	dif	vert	up	(608, 287)	(512, 248)	True	145901	147682	up	(512, 384)	testing
7	lp	f	21	5	diamond	none	same	hori	left	N_dis	(512, 520)	True	148872	149690	left	(512, 384)	testing
7	lp	f	21	5	circle	red	dif	hori	left	(512, 520)	(415, 480)	True	150792	151874	left	(512, 384)	testing
7	lp	f	21	5	circle	none	same	hori	left	N_dis	(415, 287)	True	152993	153836	left	(512, 384)	testing
7	lp	f	21	5	circle	none	dif	vert	up	N_dis	(415, 480)	True	154959	155977	up	(512, 384)	testing
7	lp	f	21	5	diamond	none	dif	hori	left	N_dis	(415, 287)	True	157135	158032	left	(512, 384)	testing
7	lp	f	21	5	diamond	green	same	hori	left	(608, 287)	(415, 480)	True	159180	160293	left	(512, 384)	testing
7	lp	f	21	5	diamond	green	dif	hori	left	(415, 480)	(512, 248)	True	161325	162140	left	(512, 384)	testing
7	lp	f	21	5	circle	red	same	hori	left	(608, 287)	(512, 520)	True	163315	164188	left	(512, 384)	testing
7	lp	f	21	5	diamond	none	same	vert	up	N_dis	(512, 520)	True	165239	166270	up	(512, 384)	testing
7	lp	f	21	5	diamond	red	same	hori	left	(608, 287)	(608, 480)	True	167383	168433	left	(512, 384)	testing
7	lp	f	21	5	diamond	red	dif	hori	left	(608, 287)	(376, 384)	True	169540	170293	left	(512, 384)	testing
7	lp	f	21	5	diamond	none	same	hori	left	N_dis	(608, 287)	True	171348	172165	left	(512, 384)	testing
7	lp	f	21	5	circle	red	dif	vert	up	(608, 287)	(608, 480)	True	173283	174218	up	(512, 384)	testing
7	lp	f	21	5	circle	red	same	hori	left	(608, 287)	(608, 480)	True	175438	177272	left	(512, 384)	testing
7	lp	f	21	5	circle	none	dif	vert	up	N_dis	(608, 287)	True	178468	179778	up	(512, 384)	testing
7	lp	f	21	5	diamond	green	dif	hori	left	(608, 287)	(512, 248)	True	180939	182103	left	(512, 384)	testing
7	lp	f	21	5	circle	red	dif	hori	left	(608, 287)	(415, 480)	True	183292	184096	left	(512, 384)	testing
7	lp	f	21	5	circle	none	same	vert	up	N_dis	(376, 384)	True	185170	186301	up	(512, 384)	testing
7	lp	f	21	5	diamond	green	same	vert	up	(648, 384)	(512, 248)	True	187515	188584	up	(512, 384)	testing
7	lp	f	21	5	diamond	red	same	hori	left	(512, 520)	(512, 248)	True	189662	190705	left	(512, 384)	testing
7	lp	f	21	5	circle	red	dif	vert	up	(608, 287)	(512, 520)	True	191812	193754	up	(512, 384)	testing
7	lp	f	21	5	circle	red	same	vert	up	(608, 287)	(648, 384)	True	194855	195810	up	(512, 384)	testing
7	lp	f	21	5	circle	none	same	vert	up	N_dis	(648, 384)	True	196918	197858	up	(512, 384)	testing
7	lp	f	21	5	circle	none	same	hori	left	N_dis	(415, 480)	True	199040	199971	left	(512, 384)	testing
7	lp	f	21	5	circle	green	same	vert	up	(608, 287)	(415, 480)	True	201021	202559	up	(512, 384)	testing
7	lp	f	21	5	diamond	red	same	vert	up	(608, 287)	(415, 480)	True	203685	205756	up	(512, 384)	testing
7	lp	f	21	5	diamond	red	same	vert	up	(608, 287)	(376, 384)	True	206850	207800	up	(512, 384)	testing
7	lp	f	21	5	circle	none	same	vert	up	N_dis	(415, 287)	True	208842	210217	up	(512, 384)	testing
7	lp	f	21	5	diamond	none	dif	vert	up	N_dis	(608, 480)	True	211255	212668	up	(512, 384)	testing
7	lp	f	21	5	circle	green	same	hori	left	(376, 384)	(415, 287)	True	213835	215759	left	(512, 384)	testing
7	lp	f	21	5	circle	green	same	hori	left	(608, 287)	(512, 248)	True	217010	218153	left	(512, 384)	testing
7	lp	f	21	5	circle	none	same	hori	left	N_dis	(608, 287)	True	219376	220577	left	(512, 384)	testing
7	lp	f	21	5	diamond	none	same	hori	left	N_dis	(512, 248)	True	221702	223005	left	(512, 384)	testing
7	lp	f	21	5	circle	green	same	vert	up	(608, 287)	(512, 520)	True	224251	225304	up	(512, 384)	testing
7	lp	f	21	5	diamond	red	same	hori	left	(512, 248)	(648, 384)	True	226486	228771	left	(512, 384)	testing
7	lp	f	21	5	circle	green	same	vert	up	(648, 384)	(415, 287)	True	229809	231039	up	(512, 384)	testing
7	lp	f	21	5	diamond	green	same	hori	left	(608, 287)	(415, 287)	True	232254	233870	left	(512, 384)	testing
7	lp	f	21	5	diamond	none	same	vert	up	N_dis	(415, 480)	True	234973	235986	up	(512, 384)	testing
7	lp	f	21	5	circle	green	dif	hori	left	(376, 384)	(415, 480)	True	237250	239336	left	(512, 384)	testing
7	lp	f	21	5	diamond	green	same	vert	up	(608, 287)	(415, 287)	True	240491	242561	up	(512, 384)	testing
7	lp	f	21	5	diamond	none	dif	vert	up	N_dis	(648, 384)	True	243715	244543	up	(512, 384)	testing
7	lp	f	21	5	circle	none	dif	vert	up	N_dis	(376, 384)	True	245696	247412	up	(512, 384)	testing
7	lp	f	21	5	circle	green	dif	vert	up	(415, 287)	(512, 520)	True	248636	249641	up	(512, 384)	testing
7	lp	f	21	5	diamond	none	dif	vert	up	N_dis	(512, 520)	True	250699	252131	up	(512, 384)	testing
7	lp	f	21	5	circle	none	dif	hori	left	N_dis	(376, 384)	True	253317	254654	left	(512, 384)	testing
7	lp	f	21	5	diamond	none	same	vert	up	N_dis	(512, 248)	True	255762	257273	up	(512, 384)	testing
7	lp	f	21	5	diamond	none	same	hori	left	N_dis	(415, 480)	True	258460	259263	left	(512, 384)	testing
7	lp	f	21	5	circle	red	dif	vert	up	(608, 287)	(376, 384)	True	260483	261829	up	(512, 384)	testing
7	lp	f	21	5	diamond	none	dif	hori	left	N_dis	(512, 248)	True	263028	263913	left	(512, 384)	testing
7	lp	f	21	5	circle	green	dif	hori	left	(608, 287)	(415, 480)	True	265061	266316	left	(512, 384)	testing
7	lp	f	21	5	diamond	none	same	vert	up	N_dis	(608, 287)	True	267415	268355	up	(512, 384)	testing
7	lp	f	21	5	diamond	green	dif	vert	up	(608, 287)	(608, 480)	True	269626	270451	up	(512, 384)	testing
7	lp	f	21	5	diamond	green	same	vert	up	(512, 520)	(415, 287)	True	271681	273502	up	(512, 384)	testing
7	lp	f	21	5	circle	green	same	hori	left	(608, 287)	(648, 384)	True	274601	275477	left	(512, 384)	testing
7	lp	f	21	5	circle	green	same	vert	up	(608, 287)	(512, 520)	True	276653	277898	up	(512, 384)	testing
7	lp	f	21	5	circle	green	dif	vert	up	(376, 384)	(415, 287)	True	278924	280195	up	(512, 384)	testing
7	lp	f	21	5	circle	red	same	vert	up	(608, 287)	(512, 520)	True	281388	282319	up	(512, 384)	testing
7	lp	f	21	5	circle	none	same	hori	left	N_dis	(648, 384)	True	283374	284338	left	(512, 384)	testing
7	lp	f	21	5	circle	none	dif	hori	left	N_dis	(608, 480)	True	285602	286419	left	(512, 384)	testing
7	lp	f	21	5	diamond	none	same	hori	left	N_dis	(608, 480)	True	287641	288435	left	(512, 384)	testing
7	lp	f	21	5	circle	red	dif	hori	left	(608, 287)	(376, 384)	True	289679	291062	left	(512, 384)	testing
