subj	name	gender	age	runNum	shape	dist	td_dif	resp	resp_key	d_loc	t_loc	gotKey	startTime	respTime	resp	fix_loc	prac
7	lp	f	21	4	circle	red	same	vert	up	(608, 287)	(512, 520)	True	155737	157049	up	(512, 384)	testing
7	lp	f	21	4	circle	green	dif	hori	left	(376, 384)	(415, 480)	True	158096	159506	left	(512, 384)	testing
7	lp	f	21	4	diamond	red	dif	vert	up	(608, 287)	(415, 287)	True	160577	161551	up	(512, 384)	testing
7	lp	f	21	4	circle	none	same	vert	up	N_dis	(608, 287)	True	162654	163886	up	(512, 384)	testing
7	lp	f	21	4	circle	none	dif	vert	up	N_dis	(648, 384)	True	164949	166170	up	(512, 384)	testing
7	lp	f	21	4	diamond	red	dif	vert	up	(608, 287)	(512, 248)	True	167197	168203	up	(512, 384)	testing
7	lp	f	21	4	circle	none	same	hori	left	N_dis	(415, 480)	True	169351	170135	left	(512, 384)	testing
7	lp	f	21	4	diamond	green	same	vert	up	(608, 287)	(608, 480)	True	171238	172348	up	(512, 384)	testing
7	lp	f	21	4	circle	red	same	vert	up	(608, 287)	(415, 480)	True	173445	174882	up	(512, 384)	testing
7	lp	f	21	4	diamond	none	same	vert	up	N_dis	(608, 480)	True	176067	177066	up	(512, 384)	testing
7	lp	f	21	4	diamond	red	dif	hori	left	(608, 287)	(512, 520)	True	178139	179253	left	(512, 384)	testing
7	lp	f	21	4	circle	green	same	vert	up	(608, 287)	(648, 384)	True	180321	181673	up	(512, 384)	testing
7	lp	f	21	4	circle	green	dif	hori	left	(376, 384)	(648, 384)	True	182926	184264	left	(512, 384)	testing
7	lp	f	21	4	diamond	green	dif	vert	up	(415, 480)	(512, 248)	True	185411	187017	up	(512, 384)	testing
7	lp	f	21	4	circle	red	same	hori	left	(608, 287)	(415, 480)	True	188269	189235	left	(512, 384)	testing
7	lp	f	21	4	diamond	green	dif	hori	left	(608, 287)	(415, 480)	True	190467	191491	left	(512, 384)	testing
7	lp	f	21	4	circle	red	same	vert	up	(608, 287)	(376, 384)	True	192720	194377	up	(512, 384)	testing
7	lp	f	21	4	circle	red	dif	vert	up	(512, 520)	(376, 384)	True	195511	197329	up	(512, 384)	testing
7	lp	f	21	4	diamond	green	same	vert	up	(608, 287)	(512, 520)	True	198405	199704	up	(512, 384)	testing
7	lp	f	21	4	diamond	none	same	vert	up	N_dis	(415, 287)	True	200927	202802	up	(512, 384)	testing
7	lp	f	21	4	diamond	red	same	vert	up	(415, 480)	(648, 384)	True	203984	205174	up	(512, 384)	testing
7	lp	f	21	4	circle	none	same	hori	left	N_dis	(512, 520)	True	206303	207142	left	(512, 384)	testing
7	lp	f	21	4	diamond	green	dif	vert	up	(608, 287)	(415, 480)	True	208223	209323	up	(512, 384)	testing
7	lp	f	21	4	circle	green	dif	vert	up	(608, 287)	(512, 248)	True	210470	211547	up	(512, 384)	testing
7	lp	f	21	4	circle	none	dif	vert	up	N_dis	(415, 480)	True	212767	213819	up	(512, 384)	testing
7	lp	f	21	4	circle	green	same	hori	left	(608, 287)	(376, 384)	True	214928	216074	left	(512, 384)	testing
7	lp	f	21	4	circle	red	same	hori	left	(648, 384)	(512, 520)	True	217312	218226	left	(512, 384)	testing
7	lp	f	21	4	diamond	none	same	vert	up	N_dis	(376, 384)	True	219363	220783	up	(512, 384)	testing
7	lp	f	21	4	diamond	none	dif	hori	left	N_dis	(415, 287)	True	222042	223097	left	(512, 384)	testing
7	lp	f	21	4	circle	none	dif	hori	left	N_dis	(512, 248)	True	224131	226470	left	(512, 384)	testing
7	lp	f	21	4	circle	green	same	hori	left	(608, 287)	(512, 520)	True	227621	228739	left	(512, 384)	testing
7	lp	f	21	4	diamond	red	same	vert	up	(608, 287)	(512, 248)	True	229833	231199	up	(512, 384)	testing
7	lp	f	21	4	diamond	green	same	hori	left	(608, 287)	(415, 480)	True	232367	233474	left	(512, 384)	testing
7	lp	f	21	4	diamond	green	dif	vert	up	(608, 287)	(415, 480)	True	234710	235737	up	(512, 384)	testing
7	lp	f	21	4	circle	green	dif	hori	left	(608, 287)	(608, 480)	True	236887	237936	left	(512, 384)	testing
7	lp	f	21	4	circle	red	same	vert	up	(415, 287)	(512, 248)	True	239017	240444	up	(512, 384)	testing
7	lp	f	21	4	circle	none	same	vert	up	N_dis	(608, 287)	True	241469	242659	up	(512, 384)	testing
7	lp	f	21	4	diamond	none	same	hori	left	N_dis	(376, 384)	True	243921	244879	left	(512, 384)	testing
7	lp	f	21	4	diamond	green	dif	hori	left	(415, 287)	(512, 520)	True	246105	247191	left	(512, 384)	testing
7	lp	f	21	4	diamond	red	same	vert	up	(608, 287)	(648, 384)	True	248462	249526	up	(512, 384)	testing
7	lp	f	21	4	diamond	green	dif	hori	left	(512, 248)	(648, 384)	True	250617	251550	left	(512, 384)	testing
7	lp	f	21	4	circle	green	dif	vert	up	(415, 480)	(512, 520)	True	252691	253766	up	(512, 384)	testing
7	lp	f	21	4	circle	red	same	hori	left	(608, 287)	(512, 520)	True	255020	256191	left	(512, 384)	testing
7	lp	f	21	4	circle	none	dif	vert	up	N_dis	(512, 248)	True	257375	259001	up	(512, 384)	testing
7	lp	f	21	4	diamond	none	dif	hori	left	N_dis	(648, 384)	True	260087	261199	left	(512, 384)	testing
7	lp	f	21	4	circle	green	same	hori	left	(608, 287)	(512, 520)	True	262406	263488	left	(512, 384)	testing
7	lp	f	21	4	circle	none	dif	hori	left	N_dis	(608, 480)	True	264667	266048	left	(512, 384)	testing
7	lp	f	21	4	circle	none	same	vert	up	N_dis	(415, 287)	True	267260	268615	up	(512, 384)	testing
7	lp	f	21	4	circle	none	same	vert	up	N_dis	(608, 287)	True	269711	271169	up	(512, 384)	testing
7	lp	f	21	4	diamond	none	same	vert	up	N_dis	(512, 248)	True	272262	274266	up	(512, 384)	testing
7	lp	f	21	4	circle	green	same	hori	left	(648, 384)	(608, 480)	True	275462	276222	left	(512, 384)	testing
7	lp	f	21	4	diamond	red	dif	hori	left	(608, 287)	(512, 520)	True	277363	278511	left	(512, 384)	testing
7	lp	f	21	4	diamond	red	dif	vert	up	(415, 287)	(648, 384)	True	279576	280502	up	(512, 384)	testing
7	lp	f	21	4	circle	none	dif	hori	left	N_dis	(608, 480)	True	281724	283015	left	(512, 384)	testing
7	lp	f	21	4	diamond	red	same	hori	left	(376, 384)	(415, 287)	True	284149	285461	left	(512, 384)	testing
7	lp	f	21	4	diamond	red	same	vert	up	(512, 520)	(512, 248)	True	286592	287630	up	(512, 384)	testing
7	lp	f	21	4	circle	none	same	hori	left	N_dis	(512, 520)	True	288674	289652	left	(512, 384)	testing
7	lp	f	21	4	diamond	red	dif	hori	left	(648, 384)	(376, 384)	True	290734	291716	left	(512, 384)	testing
7	lp	f	21	4	diamond	none	dif	vert	up	N_dis	(608, 480)	True	292747	294007	up	(512, 384)	testing
7	lp	f	21	4	circle	green	dif	hori	left	(608, 287)	(376, 384)	True	295238	296328	left	(512, 384)	testing
7	lp	f	21	4	circle	red	same	hori	left	(608, 287)	(415, 287)	True	297472	298395	left	(512, 384)	testing
7	lp	f	21	4	diamond	red	same	vert	up	(648, 384)	(512, 248)	True	299642	302353	up	(512, 384)	testing
7	lp	f	21	4	diamond	none	dif	vert	up	N_dis	(376, 384)	True	303421	304697	up	(512, 384)	testing
7	lp	f	21	4	circle	red	same	hori	left	(608, 287)	(415, 480)	True	305953	307870	left	(512, 384)	testing
7	lp	f	21	4	circle	none	dif	vert	up	N_dis	(415, 480)	True	309020	310174	up	(512, 384)	testing
7	lp	f	21	4	diamond	none	same	hori	left	N_dis	(648, 384)	True	311290	312283	left	(512, 384)	testing
7	lp	f	21	4	diamond	green	same	vert	up	(512, 248)	(648, 384)	True	313448	314476	up	(512, 384)	testing
7	lp	f	21	4	circle	green	dif	hori	left	(608, 287)	(376, 384)	True	315724	317374	left	(512, 384)	testing
7	lp	f	21	4	diamond	none	same	hori	left	N_dis	(512, 248)	True	318440	320016	left	(512, 384)	testing
7	lp	f	21	4	diamond	red	dif	vert	up	(608, 287)	(415, 287)	True	321191	322641	up	(512, 384)	testing
7	lp	f	21	4	diamond	green	same	vert	up	(608, 287)	(512, 248)	True	323791	325061	up	(512, 384)	testing
7	lp	f	21	4	circle	green	same	hori	left	(608, 287)	(415, 287)	True	326259	327699	left	(512, 384)	testing
7	lp	f	21	4	diamond	none	dif	vert	up	N_dis	(608, 287)	True	328892	330156	up	(512, 384)	testing
7	lp	f	21	4	circle	red	dif	vert	up	(608, 287)	(608, 480)	True	331201	332610	up	(512, 384)	testing
7	lp	f	21	4	circle	green	dif	vert	up	(608, 287)	(608, 480)	True	333648	335724	up	(512, 384)	testing
7	lp	f	21	4	diamond	green	same	vert	up	(608, 287)	(415, 287)	True	336949	338246	up	(512, 384)	testing
7	lp	f	21	4	circle	none	same	hori	left	N_dis	(512, 520)	True	339329	340438	left	(512, 384)	testing
7	lp	f	21	4	circle	red	dif	vert	up	(608, 287)	(376, 384)	True	341604	342772	up	(512, 384)	testing
7	lp	f	21	4	circle	red	dif	hori	left	(608, 480)	(376, 384)	True	343889	345018	left	(512, 384)	testing
7	lp	f	21	4	diamond	none	same	hori	left	N_dis	(415, 480)	True	346055	347899	left	(512, 384)	testing
7	lp	f	21	4	diamond	red	dif	vert	up	(415, 287)	(376, 384)	True	349048	350262	up	(512, 384)	testing
7	lp	f	21	4	circle	red	dif	vert	up	(608, 287)	(608, 480)	True	351428	352947	up	(512, 384)	testing
7	lp	f	21	4	circle	red	dif	hori	left	(608, 287)	(648, 384)	True	353976	354903	left	(512, 384)	testing
7	lp	f	21	4	diamond	green	same	hori	left	(415, 480)	(415, 287)	True	356079	357343	left	(512, 384)	testing
7	lp	f	21	4	diamond	none	same	hori	left	N_dis	(608, 287)	True	358587	359484	left	(512, 384)	testing
7	lp	f	21	4	circle	green	dif	vert	up	(608, 287)	(415, 480)	True	360566	361702	up	(512, 384)	testing
7	lp	f	21	4	diamond	green	dif	vert	up	(608, 287)	(415, 480)	True	362821	363761	up	(512, 384)	testing
7	lp	f	21	4	diamond	green	same	hori	left	(512, 520)	(415, 287)	True	365014	366007	left	(512, 384)	testing
7	lp	f	21	4	circle	none	dif	hori	left	N_dis	(415, 287)	True	367246	369000	left	(512, 384)	testing
7	lp	f	21	4	circle	green	same	vert	up	(512, 520)	(648, 384)	True	370121	371410	up	(512, 384)	testing
7	lp	f	21	4	diamond	none	same	vert	up	N_dis	(648, 384)	True	372517	373625	up	(512, 384)	testing
7	lp	f	21	4	diamond	none	dif	hori	left	N_dis	(376, 384)	True	374797	375675	left	(512, 384)	testing
7	lp	f	21	4	circle	none	same	hori	left	N_dis	(512, 520)	True	376739	377947	left	(512, 384)	testing
7	lp	f	21	4	circle	green	same	vert	up	(608, 287)	(648, 384)	True	379133	380257	up	(512, 384)	testing
7	lp	f	21	4	diamond	red	same	hori	left	(608, 287)	(648, 384)	True	381341	382713	left	(512, 384)	testing
7	lp	f	21	4	diamond	none	dif	vert	up	N_dis	(415, 480)	True	383876	384883	up	(512, 384)	testing
7	lp	f	21	4	diamond	red	same	hori	left	(608, 287)	(512, 248)	True	385920	386938	left	(512, 384)	testing
7	lp	f	21	4	circle	red	dif	hori	left	(608, 287)	(608, 480)	True	388184	389330	left	(512, 384)	testing
7	lp	f	21	4	diamond	green	dif	hori	left	(608, 480)	(512, 520)	True	390375	391574	left	(512, 384)	testing
7	lp	f	21	4	circle	none	dif	vert	up	N_dis	(608, 480)	True	392778	394381	up	(512, 384)	testing
7	lp	f	21	4	circle	none	same	vert	up	N_dis	(648, 384)	True	395519	396676	up	(512, 384)	testing
7	lp	f	21	4	diamond	green	same	hori	left	(608, 287)	(512, 248)	True	397721	398994	left	(512, 384)	testing
7	lp	f	21	4	diamond	none	dif	vert	up	N_dis	(376, 384)	True	400089	400896	up	(512, 384)	testing
7	lp	f	21	4	diamond	red	dif	hori	left	(376, 384)	(512, 248)	True	402119	403063	left	(512, 384)	testing
7	lp	f	21	4	diamond	green	same	hori	left	(608, 287)	(512, 248)	True	404125	405133	left	(512, 384)	testing
7	lp	f	21	4	circle	red	dif	vert	up	(608, 287)	(415, 287)	True	406363	407342	up	(512, 384)	testing
7	lp	f	21	4	circle	red	same	vert	up	(512, 248)	(512, 520)	True	408496	409930	up	(512, 384)	testing
7	lp	f	21	4	diamond	red	same	hori	left	(608, 287)	(376, 384)	True	411054	411914	left	(512, 384)	testing
7	lp	f	21	4	circle	red	dif	hori	left	(608, 287)	(648, 384)	True	413011	414090	left	(512, 384)	testing
7	lp	f	21	4	circle	none	dif	hori	left	N_dis	(512, 248)	True	415269	416091	left	(512, 384)	testing
7	lp	f	21	4	circle	green	same	vert	up	(608, 287)	(376, 384)	True	417198	418022	up	(512, 384)	testing
7	lp	f	21	4	diamond	green	dif	hori	left	(608, 287)	(648, 384)	True	419127	420349	left	(512, 384)	testing
7	lp	f	21	4	diamond	none	dif	hori	left	N_dis	(512, 520)	True	421381	422175	left	(512, 384)	testing
7	lp	f	21	4	circle	green	dif	vert	up	(608, 480)	(376, 384)	True	423387	424416	up	(512, 384)	testing
7	lp	f	21	4	diamond	green	dif	vert	up	(608, 287)	(415, 480)	True	425676	427006	up	(512, 384)	testing
7	lp	f	21	4	diamond	none	dif	hori	left	N_dis	(415, 287)	True	428093	428992	left	(512, 384)	testing
7	lp	f	21	4	circle	red	dif	hori	left	(608, 287)	(415, 287)	True	430118	431215	left	(512, 384)	testing
7	lp	f	21	4	diamond	red	same	hori	left	(608, 287)	(608, 480)	True	432240	433703	left	(512, 384)	testing
7	lp	f	21	4	circle	green	same	vert	up	(512, 248)	(608, 480)	True	434941	435974	up	(512, 384)	testing
7	lp	f	21	4	diamond	red	dif	hori	left	(608, 480)	(512, 520)	True	437142	438310	left	(512, 384)	testing
