subj	name	gender	age	runNum	shape	dist	td_dif	resp	resp_key	d_loc	t_loc	gotKey	startTime	respTime	resp	fix_loc	prac
7	lp	f	21	3	diamond	red	dif	vert	up	(648, 384)	(512, 520)	False	163982	None	None	(512, 384)	testing
7	lp	f	21	3	circle	red	same	vert	up	(608, 480)	(512, 520)	True	169700	170964	up	(512, 384)	testing
7	lp	f	21	3	circle	none	dif	hori	left	N_dis	(512, 520)	True	172134	173050	left	(512, 384)	testing
7	lp	f	21	3	diamond	none	same	vert	up	N_dis	(608, 480)	True	174129	175468	up	(512, 384)	testing
7	lp	f	21	3	diamond	green	dif	vert	up	(608, 287)	(415, 480)	True	176731	177905	up	(512, 384)	testing
7	lp	f	21	3	circle	none	same	hori	left	N_dis	(648, 384)	True	179133	179946	left	(512, 384)	testing
7	lp	f	21	3	circle	none	dif	hori	left	N_dis	(512, 520)	True	180994	182252	left	(512, 384)	testing
7	lp	f	21	3	diamond	green	dif	hori	left	(415, 480)	(512, 248)	True	183281	184371	left	(512, 384)	testing
7	lp	f	21	3	circle	red	dif	hori	left	(608, 287)	(608, 480)	True	185527	186682	left	(512, 384)	testing
7	lp	f	21	3	diamond	red	dif	hori	left	(608, 287)	(376, 384)	True	187873	189072	left	(512, 384)	testing
7	lp	f	21	3	circle	none	dif	vert	up	N_dis	(415, 480)	True	190156	191601	up	(512, 384)	testing
7	lp	f	21	3	diamond	none	same	vert	up	N_dis	(512, 248)	True	192781	195158	up	(512, 384)	testing
7	lp	f	21	3	circle	green	dif	hori	left	(608, 287)	(512, 248)	True	196205	197645	left	(512, 384)	testing
7	lp	f	21	3	diamond	green	dif	vert	up	(608, 287)	(512, 248)	True	198842	199894	up	(512, 384)	testing
7	lp	f	21	3	circle	none	dif	vert	up	N_dis	(415, 287)	True	201021	202343	up	(512, 384)	testing
7	lp	f	21	3	circle	none	same	vert	up	N_dis	(648, 384)	True	203402	204797	up	(512, 384)	testing
7	lp	f	21	3	diamond	green	same	hori	left	(512, 520)	(512, 248)	True	206069	206969	left	(512, 384)	testing
7	lp	f	21	3	circle	red	same	hori	left	(608, 287)	(648, 384)	True	208122	209409	left	(512, 384)	testing
7	lp	f	21	3	circle	red	dif	hori	left	(608, 287)	(415, 287)	True	210654	211535	left	(512, 384)	testing
7	lp	f	21	3	circle	none	dif	hori	left	N_dis	(648, 384)	True	212625	213699	left	(512, 384)	testing
7	lp	f	21	3	circle	none	dif	vert	up	N_dis	(415, 287)	True	214817	215794	up	(512, 384)	testing
7	lp	f	21	3	circle	none	same	vert	up	N_dis	(415, 480)	True	216947	218116	up	(512, 384)	testing
7	lp	f	21	3	circle	none	dif	vert	up	N_dis	(608, 287)	True	219259	220437	up	(512, 384)	testing
7	lp	f	21	3	diamond	green	dif	hori	left	(608, 287)	(648, 384)	True	221464	222413	left	(512, 384)	testing
7	lp	f	21	3	circle	green	same	vert	up	(608, 287)	(415, 287)	True	223575	224523	up	(512, 384)	testing
7	lp	f	21	3	circle	red	dif	vert	up	(512, 520)	(512, 248)	True	225669	227106	up	(512, 384)	testing
7	lp	f	21	3	diamond	green	same	vert	up	(648, 384)	(512, 248)	True	228183	230030	up	(512, 384)	testing
7	lp	f	21	3	diamond	red	same	vert	up	(376, 384)	(415, 480)	True	231126	232900	up	(512, 384)	testing
7	lp	f	21	3	diamond	red	dif	vert	up	(608, 287)	(415, 480)	True	234148	235306	up	(512, 384)	testing
7	lp	f	21	3	circle	none	same	hori	left	N_dis	(415, 480)	True	236386	237421	left	(512, 384)	testing
7	lp	f	21	3	circle	red	same	hori	left	(608, 287)	(512, 520)	True	238676	239620	left	(512, 384)	testing
7	lp	f	21	3	diamond	red	same	hori	left	(608, 287)	(648, 384)	True	240763	241730	left	(512, 384)	testing
7	lp	f	21	3	circle	none	dif	hori	left	N_dis	(415, 480)	True	242982	243814	left	(512, 384)	testing
7	lp	f	21	3	diamond	red	dif	vert	up	(608, 287)	(648, 384)	True	244862	245733	up	(512, 384)	testing
7	lp	f	21	3	circle	green	same	vert	up	(608, 287)	(415, 480)	True	246985	248084	up	(512, 384)	testing
7	lp	f	21	3	circle	none	same	hori	left	N_dis	(376, 384)	True	249271	251563	left	(512, 384)	testing
7	lp	f	21	3	diamond	green	same	hori	left	(608, 287)	(512, 520)	True	252813	253972	left	(512, 384)	testing
7	lp	f	21	3	diamond	none	dif	hori	left	N_dis	(608, 287)	True	255110	255959	left	(512, 384)	testing
7	lp	f	21	3	diamond	none	dif	vert	up	N_dis	(608, 287)	True	256982	258592	up	(512, 384)	testing
7	lp	f	21	3	circle	red	dif	vert	up	(608, 287)	(415, 480)	True	259626	260830	up	(512, 384)	testing
7	lp	f	21	3	diamond	none	dif	hori	left	N_dis	(415, 480)	True	261972	263062	left	(512, 384)	testing
7	lp	f	21	3	diamond	none	dif	vert	up	N_dis	(512, 248)	True	264288	265247	up	(512, 384)	testing
7	lp	f	21	3	circle	green	same	hori	left	(608, 287)	(512, 248)	True	266394	267584	left	(512, 384)	testing
7	lp	f	21	3	diamond	red	dif	hori	left	(376, 384)	(415, 287)	True	268754	270334	left	(512, 384)	testing
7	lp	f	21	3	diamond	red	same	vert	up	(608, 287)	(608, 480)	True	271468	272629	up	(512, 384)	testing
7	lp	f	21	3	diamond	green	dif	hori	left	(608, 287)	(512, 248)	True	273763	274622	left	(512, 384)	testing
7	lp	f	21	3	diamond	green	same	hori	left	(648, 384)	(512, 248)	True	275825	277418	left	(512, 384)	testing
7	lp	f	21	3	circle	red	dif	vert	up	(415, 287)	(512, 248)	True	278684	279954	up	(512, 384)	testing
7	lp	f	21	3	diamond	green	same	hori	left	(608, 287)	(415, 480)	True	281034	282052	left	(512, 384)	testing
7	lp	f	21	3	diamond	green	dif	vert	up	(608, 287)	(415, 287)	True	283227	284183	up	(512, 384)	testing
7	lp	f	21	3	diamond	none	same	hori	left	N_dis	(415, 287)	True	285362	286629	left	(512, 384)	testing
7	lp	f	21	3	circle	green	dif	hori	left	(608, 287)	(376, 384)	True	287678	288745	left	(512, 384)	testing
7	lp	f	21	3	circle	red	same	vert	up	(608, 287)	(648, 384)	True	289970	290901	up	(512, 384)	testing
7	lp	f	21	3	diamond	green	same	hori	left	(608, 287)	(376, 384)	True	292157	292990	left	(512, 384)	testing
7	lp	f	21	3	diamond	green	dif	hori	left	(512, 248)	(415, 480)	True	294183	295070	left	(512, 384)	testing
7	lp	f	21	3	diamond	red	same	vert	up	(608, 287)	(608, 480)	True	296163	298017	up	(512, 384)	testing
7	lp	f	21	3	circle	green	dif	vert	up	(415, 287)	(608, 480)	True	299256	301604	up	(512, 384)	testing
7	lp	f	21	3	diamond	red	dif	hori	left	(512, 248)	(648, 384)	True	302722	303620	left	(512, 384)	testing
7	lp	f	21	3	diamond	none	dif	hori	left	N_dis	(512, 520)	True	304799	306019	left	(512, 384)	testing
7	lp	f	21	3	diamond	none	same	hori	left	N_dis	(376, 384)	True	307203	308260	left	(512, 384)	testing
7	lp	f	21	3	circle	none	same	hori	left	N_dis	(608, 287)	True	309529	311542	left	(512, 384)	testing
7	lp	f	21	3	circle	red	same	hori	left	(608, 287)	(512, 520)	True	312767	313621	left	(512, 384)	testing
7	lp	f	21	3	circle	green	same	vert	up	(608, 287)	(376, 384)	True	314769	315739	up	(512, 384)	testing
7	lp	f	21	3	circle	none	same	vert	up	N_dis	(608, 480)	True	316921	317906	up	(512, 384)	testing
7	lp	f	21	3	circle	green	same	hori	left	(608, 287)	(415, 287)	True	319127	319882	left	(512, 384)	testing
7	lp	f	21	3	diamond	none	dif	vert	up	N_dis	(376, 384)	True	320922	323026	left	(512, 384)	testing
7	lp	f	21	3	diamond	none	dif	hori	left	N_dis	(512, 520)	True	325764	326861	left	(512, 384)	testing
7	lp	f	21	3	diamond	none	same	hori	left	N_dis	(608, 287)	True	328044	329750	left	(512, 384)	testing
7	lp	f	21	3	diamond	none	same	vert	up	N_dis	(512, 248)	True	330772	332261	up	(512, 384)	testing
7	lp	f	21	3	diamond	none	dif	vert	up	N_dis	(608, 480)	True	333458	334416	up	(512, 384)	testing
7	lp	f	21	3	diamond	none	same	hori	left	N_dis	(415, 287)	True	335492	336262	left	(512, 384)	testing
7	lp	f	21	3	diamond	green	same	vert	up	(608, 287)	(512, 520)	True	337515	338622	up	(512, 384)	testing
7	lp	f	21	3	diamond	red	same	vert	up	(608, 287)	(415, 480)	True	339835	340877	up	(512, 384)	testing
7	lp	f	21	3	circle	green	dif	vert	up	(608, 287)	(608, 480)	True	341994	343165	up	(512, 384)	testing
7	lp	f	21	3	diamond	none	same	vert	up	N_dis	(512, 248)	True	344253	345779	up	(512, 384)	testing
7	lp	f	21	3	circle	green	same	hori	left	(608, 287)	(512, 520)	True	347032	347914	left	(512, 384)	testing
7	lp	f	21	3	diamond	none	dif	hori	left	N_dis	(376, 384)	True	349058	350012	left	(512, 384)	testing
7	lp	f	21	3	diamond	red	dif	hori	left	(648, 384)	(512, 520)	True	351146	352165	left	(512, 384)	testing
7	lp	f	21	3	circle	green	dif	vert	up	(512, 248)	(512, 520)	True	353377	354970	up	(512, 384)	testing
7	lp	f	21	3	circle	green	same	hori	left	(608, 480)	(648, 384)	True	356027	356858	left	(512, 384)	testing
7	lp	f	21	3	diamond	green	same	vert	up	(415, 480)	(512, 248)	True	357967	359716	up	(512, 384)	testing
7	lp	f	21	3	diamond	red	dif	hori	left	(608, 287)	(415, 287)	True	360884	362358	left	(512, 384)	testing
7	lp	f	21	3	circle	green	same	vert	up	(608, 480)	(376, 384)	True	363578	364784	up	(512, 384)	testing
7	lp	f	21	3	diamond	green	dif	hori	left	(608, 287)	(376, 384)	True	365958	368005	left	(512, 384)	testing
7	lp	f	21	3	diamond	red	same	hori	left	(608, 287)	(415, 480)	True	369155	370290	left	(512, 384)	testing
7	lp	f	21	3	diamond	green	same	vert	up	(608, 287)	(512, 248)	True	371401	372485	up	(512, 384)	testing
7	lp	f	21	3	diamond	green	dif	vert	up	(415, 287)	(376, 384)	True	373656	375761	up	(512, 384)	testing
7	lp	f	21	3	diamond	green	same	vert	up	(376, 384)	(648, 384)	True	376845	377845	up	(512, 384)	testing
7	lp	f	21	3	circle	green	same	vert	up	(608, 287)	(648, 384)	True	378887	380766	up	(512, 384)	testing
7	lp	f	21	3	diamond	red	dif	vert	up	(608, 287)	(512, 520)	True	381990	383351	up	(512, 384)	testing
7	lp	f	21	3	circle	red	dif	vert	up	(608, 287)	(512, 248)	True	384588	385927	up	(512, 384)	testing
7	lp	f	21	3	diamond	red	same	hori	left	(608, 287)	(608, 480)	True	387191	388282	left	(512, 384)	testing
7	lp	f	21	3	diamond	red	same	hori	left	(415, 480)	(376, 384)	True	389465	390605	left	(512, 384)	testing
7	lp	f	21	3	circle	red	same	hori	left	(608, 287)	(376, 384)	True	391807	392852	left	(512, 384)	testing
7	lp	f	21	3	circle	green	dif	vert	up	(512, 520)	(648, 384)	True	393986	394993	up	(512, 384)	testing
7	lp	f	21	3	diamond	red	same	hori	left	(608, 480)	(512, 248)	True	396215	397717	left	(512, 384)	testing
7	lp	f	21	3	diamond	red	dif	vert	up	(376, 384)	(415, 480)	True	398773	400589	up	(512, 384)	testing
7	lp	f	21	3	diamond	red	same	vert	up	(608, 287)	(415, 480)	True	401766	403128	up	(512, 384)	testing
7	lp	f	21	3	circle	green	dif	hori	left	(608, 287)	(608, 480)	True	404297	405378	left	(512, 384)	testing
7	lp	f	21	3	circle	none	same	vert	up	N_dis	(415, 287)	True	406440	408101	up	(512, 384)	testing
7	lp	f	21	3	circle	red	dif	hori	left	(608, 287)	(415, 480)	True	409138	409931	left	(512, 384)	testing
7	lp	f	21	3	diamond	none	same	vert	up	N_dis	(376, 384)	True	411059	412379	up	(512, 384)	testing
7	lp	f	21	3	circle	none	dif	hori	left	N_dis	(608, 480)	True	413415	414401	left	(512, 384)	testing
7	lp	f	21	3	circle	red	dif	hori	left	(608, 287)	(608, 480)	True	415537	416920	left	(512, 384)	testing
7	lp	f	21	3	diamond	green	dif	vert	up	(608, 287)	(512, 248)	True	417999	419261	up	(512, 384)	testing
7	lp	f	21	3	circle	green	same	hori	left	(608, 287)	(648, 384)	True	420441	421408	left	(512, 384)	testing
7	lp	f	21	3	circle	green	dif	vert	up	(415, 287)	(512, 520)	True	422621	423657	up	(512, 384)	testing
7	lp	f	21	3	circle	none	same	hori	left	N_dis	(512, 248)	True	424867	425718	left	(512, 384)	testing
7	lp	f	21	3	circle	red	same	vert	up	(608, 287)	(376, 384)	True	426828	428446	up	(512, 384)	testing
7	lp	f	21	3	circle	red	same	vert	up	(608, 287)	(415, 287)	True	429505	430593	up	(512, 384)	testing
7	lp	f	21	3	diamond	none	dif	vert	up	N_dis	(648, 384)	True	431797	433203	up	(512, 384)	testing
7	lp	f	21	3	circle	red	dif	hori	left	(512, 520)	(608, 480)	True	434416	435339	left	(512, 384)	testing
7	lp	f	21	3	circle	green	dif	hori	left	(415, 480)	(512, 520)	True	436582	437838	left	(512, 384)	testing
7	lp	f	21	3	circle	red	same	vert	up	(512, 248)	(512, 520)	True	439050	440232	up	(512, 384)	testing
7	lp	f	21	3	circle	red	same	hori	left	(608, 287)	(415, 480)	True	441339	442274	left	(512, 384)	testing
7	lp	f	21	3	diamond	none	same	hori	left	N_dis	(512, 520)	True	443518	444836	left	(512, 384)	testing
7	lp	f	21	3	circle	none	same	vert	up	N_dis	(648, 384)	True	446016	446963	up	(512, 384)	testing
7	lp	f	21	3	circle	green	dif	hori	left	(608, 287)	(512, 520)	True	448143	448988	left	(512, 384)	testing
7	lp	f	21	3	circle	red	dif	vert	up	(608, 287)	(415, 287)	True	450010	451174	up	(512, 384)	testing
7	lp	f	21	3	circle	none	dif	vert	up	N_dis	(608, 480)	True	452328	453311	up	(512, 384)	testing
