subj	name	gender	age	runNum	shape	dist	td_dif	resp	resp_key	d_loc	t_loc	gotKey	startTime	respTime	resp	fix_loc	prac
7	lp	f	21	9	circle	green	same	hori	left	(376, 384)	(648, 384)	True	10595	11992	left	(512, 384)	testing
7	lp	f	21	9	circle	none	same	vert	up	N_dis	(608, 287)	True	13176	14721	up	(512, 384)	testing
7	lp	f	21	9	diamond	red	dif	hori	left	(415, 287)	(608, 287)	True	15826	16858	left	(512, 384)	testing
7	lp	f	21	9	circle	red	same	vert	up	(376, 384)	(512, 520)	True	18013	18834	up	(512, 384)	testing
7	lp	f	21	9	diamond	red	dif	hori	left	(376, 384)	(648, 384)	True	19957	21139	left	(512, 384)	testing
7	lp	f	21	9	circle	green	dif	vert	up	(376, 384)	(415, 480)	True	22410	23272	up	(512, 384)	testing
7	lp	f	21	9	circle	red	same	vert	up	(376, 384)	(415, 287)	True	24505	25706	up	(512, 384)	testing
7	lp	f	21	9	diamond	green	same	hori	left	(415, 480)	(648, 384)	True	26930	27690	left	(512, 384)	testing
7	lp	f	21	9	diamond	red	same	hori	left	(415, 480)	(512, 248)	True	28829	29904	left	(512, 384)	testing
7	lp	f	21	9	circle	red	dif	hori	left	(512, 520)	(608, 480)	True	30950	31888	left	(512, 384)	testing
7	lp	f	21	9	circle	none	dif	vert	up	N_dis	(512, 520)	True	32930	34794	up	(512, 384)	testing
7	lp	f	21	9	diamond	none	same	hori	left	N_dis	(415, 480)	True	35862	37020	left	(512, 384)	testing
7	lp	f	21	9	diamond	red	same	hori	left	(415, 287)	(608, 287)	True	38270	39349	left	(512, 384)	testing
7	lp	f	21	9	circle	none	dif	hori	left	N_dis	(415, 480)	True	40553	41610	left	(512, 384)	testing
7	lp	f	21	9	circle	red	same	hori	left	(376, 384)	(608, 287)	True	42768	43803	left	(512, 384)	testing
7	lp	f	21	9	diamond	none	dif	hori	left	N_dis	(648, 384)	True	44956	46084	left	(512, 384)	testing
7	lp	f	21	9	diamond	red	dif	vert	up	(376, 384)	(608, 480)	True	47191	48499	up	(512, 384)	testing
7	lp	f	21	9	circle	green	same	hori	left	(376, 384)	(648, 384)	True	49704	50796	left	(512, 384)	testing
7	lp	f	21	9	diamond	none	dif	vert	up	N_dis	(608, 287)	True	51836	52842	up	(512, 384)	testing
7	lp	f	21	9	circle	green	dif	vert	up	(376, 384)	(512, 520)	True	53884	54911	up	(512, 384)	testing
7	lp	f	21	9	diamond	none	same	vert	up	N_dis	(376, 384)	True	56004	57103	up	(512, 384)	testing
7	lp	f	21	9	circle	red	same	hori	left	(512, 248)	(415, 287)	True	58334	60026	left	(512, 384)	testing
7	lp	f	21	9	diamond	green	dif	hori	left	(415, 480)	(512, 520)	True	61192	62799	left	(512, 384)	testing
7	lp	f	21	9	circle	red	same	hori	left	(376, 384)	(608, 287)	True	64046	65071	left	(512, 384)	testing
7	lp	f	21	9	diamond	green	dif	hori	left	(376, 384)	(608, 480)	True	66210	67084	left	(512, 384)	testing
7	lp	f	21	9	diamond	green	same	vert	up	(376, 384)	(415, 480)	True	68207	69345	up	(512, 384)	testing
7	lp	f	21	9	circle	none	same	hori	left	N_dis	(415, 480)	True	70568	71443	left	(512, 384)	testing
7	lp	f	21	9	diamond	none	same	vert	up	N_dis	(415, 287)	True	72710	73987	up	(512, 384)	testing
7	lp	f	21	9	circle	none	dif	vert	up	N_dis	(512, 248)	True	75252	77165	up	(512, 384)	testing
7	lp	f	21	9	circle	none	dif	vert	up	N_dis	(415, 287)	True	78318	79553	up	(512, 384)	testing
7	lp	f	21	9	diamond	none	same	vert	up	N_dis	(512, 248)	True	80641	82545	up	(512, 384)	testing
7	lp	f	21	9	diamond	none	same	hori	left	N_dis	(376, 384)	True	83601	84515	left	(512, 384)	testing
7	lp	f	21	9	diamond	red	same	vert	up	(512, 520)	(648, 384)	True	85777	86928	up	(512, 384)	testing
7	lp	f	21	9	diamond	red	same	vert	up	(512, 248)	(512, 520)	True	88031	89682	up	(512, 384)	testing
7	lp	f	21	9	diamond	green	same	vert	up	(608, 287)	(512, 248)	True	90905	91769	up	(512, 384)	testing
7	lp	f	21	9	circle	red	dif	vert	up	(376, 384)	(608, 480)	True	92838	94118	up	(512, 384)	testing
7	lp	f	21	9	circle	none	same	vert	up	N_dis	(648, 384)	True	95228	96464	up	(512, 384)	testing
7	lp	f	21	9	circle	red	dif	vert	up	(376, 384)	(415, 287)	True	97729	99060	up	(512, 384)	testing
7	lp	f	21	9	circle	none	same	vert	up	N_dis	(512, 520)	True	100099	101158	up	(512, 384)	testing
7	lp	f	21	9	diamond	green	same	vert	up	(376, 384)	(512, 520)	True	102215	103180	up	(512, 384)	testing
7	lp	f	21	9	diamond	green	same	hori	left	(376, 384)	(608, 480)	True	104280	105236	left	(512, 384)	testing
7	lp	f	21	9	diamond	green	same	hori	left	(376, 384)	(415, 480)	True	106505	107485	left	(512, 384)	testing
7	lp	f	21	9	diamond	green	dif	hori	left	(415, 287)	(648, 384)	True	108685	109620	left	(512, 384)	testing
7	lp	f	21	9	diamond	red	dif	hori	left	(648, 384)	(608, 287)	True	110711	112575	left	(512, 384)	testing
7	lp	f	21	9	circle	red	dif	vert	up	(608, 480)	(415, 480)	True	113691	114962	up	(512, 384)	testing
7	lp	f	21	9	diamond	red	dif	vert	up	(608, 287)	(608, 480)	True	116073	117252	up	(512, 384)	testing
7	lp	f	21	9	circle	none	same	hori	left	N_dis	(608, 480)	True	118407	119411	left	(512, 384)	testing
7	lp	f	21	9	circle	none	dif	hori	left	N_dis	(648, 384)	True	120564	121497	left	(512, 384)	testing
7	lp	f	21	9	diamond	none	dif	hori	left	N_dis	(608, 480)	True	122574	123536	left	(512, 384)	testing
7	lp	f	21	9	circle	green	same	vert	up	(376, 384)	(648, 384)	True	124703	125572	up	(512, 384)	testing
7	lp	f	21	9	circle	red	dif	hori	left	(376, 384)	(608, 287)	True	126758	128075	left	(512, 384)	testing
7	lp	f	21	9	circle	green	same	hori	left	(376, 384)	(512, 520)	True	129137	130301	left	(512, 384)	testing
7	lp	f	21	9	circle	green	same	vert	up	(376, 384)	(415, 287)	True	131410	132545	up	(512, 384)	testing
7	lp	f	21	9	diamond	none	dif	vert	up	N_dis	(512, 248)	True	133634	134621	up	(512, 384)	testing
7	lp	f	21	9	circle	red	same	vert	up	(376, 384)	(608, 287)	True	135729	136825	up	(512, 384)	testing
7	lp	f	21	9	diamond	green	same	hori	left	(376, 384)	(512, 520)	True	138034	139845	left	(512, 384)	testing
7	lp	f	21	9	diamond	green	dif	vert	up	(376, 384)	(415, 287)	True	141083	142081	up	(512, 384)	testing
7	lp	f	21	9	circle	none	same	vert	up	N_dis	(376, 384)	True	143248	144515	up	(512, 384)	testing
7	lp	f	21	9	diamond	none	same	vert	up	N_dis	(415, 480)	True	145663	147703	up	(512, 384)	testing
7	lp	f	21	9	diamond	red	same	hori	left	(376, 384)	(648, 384)	True	148849	149590	left	(512, 384)	testing
7	lp	f	21	9	circle	none	same	hori	left	N_dis	(376, 384)	True	150797	151805	left	(512, 384)	testing
7	lp	f	21	9	circle	none	same	vert	up	N_dis	(608, 480)	True	152875	153681	up	(512, 384)	testing
7	lp	f	21	9	diamond	red	same	hori	left	(376, 384)	(608, 287)	True	154909	155760	left	(512, 384)	testing
7	lp	f	21	9	diamond	green	same	vert	up	(608, 480)	(415, 287)	True	156942	158014	up	(512, 384)	testing
7	lp	f	21	9	diamond	green	dif	vert	up	(376, 384)	(512, 520)	True	159248	160121	up	(512, 384)	testing
7	lp	f	21	9	diamond	none	dif	vert	up	N_dis	(415, 287)	True	161336	162105	up	(512, 384)	testing
7	lp	f	21	9	circle	green	same	hori	left	(376, 384)	(415, 287)	True	163155	164064	left	(512, 384)	testing
7	lp	f	21	9	circle	none	dif	vert	up	N_dis	(512, 520)	True	165300	166251	up	(512, 384)	testing
7	lp	f	21	9	circle	none	same	hori	left	N_dis	(415, 287)	True	167371	168138	left	(512, 384)	testing
7	lp	f	21	9	diamond	none	same	hori	left	N_dis	(648, 384)	True	169369	170137	left	(512, 384)	testing
7	lp	f	21	9	diamond	red	same	vert	up	(648, 384)	(608, 480)	True	171371	172981	up	(512, 384)	testing
7	lp	f	21	9	circle	none	dif	vert	up	N_dis	(608, 480)	True	174061	175266	up	(512, 384)	testing
7	lp	f	21	9	circle	none	dif	hori	left	N_dis	(512, 520)	True	176393	177259	left	(512, 384)	testing
7	lp	f	21	9	diamond	green	dif	vert	up	(376, 384)	(608, 480)	True	178359	179522	up	(512, 384)	testing
7	lp	f	21	9	circle	red	dif	hori	left	(415, 480)	(648, 384)	True	180628	182357	left	(512, 384)	testing
7	lp	f	21	9	diamond	red	dif	hori	left	(376, 384)	(648, 384)	True	183505	184416	left	(512, 384)	testing
7	lp	f	21	9	circle	green	same	vert	up	(376, 384)	(512, 248)	True	185512	186905	up	(512, 384)	testing
7	lp	f	21	9	circle	green	dif	vert	up	(648, 384)	(608, 480)	True	188134	189247	up	(512, 384)	testing
7	lp	f	21	9	diamond	green	dif	hori	left	(376, 384)	(512, 248)	True	190276	191487	left	(512, 384)	testing
7	lp	f	21	9	diamond	none	dif	hori	left	N_dis	(608, 480)	True	192636	193537	left	(512, 384)	testing
7	lp	f	21	9	circle	red	same	vert	up	(376, 384)	(512, 248)	True	194695	196130	up	(512, 384)	testing
7	lp	f	21	9	diamond	none	same	hori	left	N_dis	(415, 480)	True	197245	198023	left	(512, 384)	testing
7	lp	f	21	9	circle	red	same	hori	left	(376, 384)	(415, 480)	True	199233	200352	left	(512, 384)	testing
7	lp	f	21	9	diamond	red	same	vert	up	(512, 248)	(608, 480)	True	201534	202610	up	(512, 384)	testing
7	lp	f	21	9	diamond	red	dif	vert	up	(376, 384)	(608, 480)	True	203725	204609	up	(512, 384)	testing
7	lp	f	21	9	circle	green	same	hori	left	(376, 384)	(415, 480)	True	205879	207342	left	(512, 384)	testing
7	lp	f	21	9	circle	none	dif	hori	left	N_dis	(648, 384)	True	208476	209235	left	(512, 384)	testing
7	lp	f	21	9	diamond	none	dif	hori	left	N_dis	(376, 384)	True	210397	211445	left	(512, 384)	testing
7	lp	f	21	9	diamond	red	dif	hori	left	(376, 384)	(648, 384)	True	212497	213880	left	(512, 384)	testing
7	lp	f	21	9	circle	red	dif	vert	up	(376, 384)	(415, 480)	True	215008	215970	up	(512, 384)	testing
7	lp	f	21	9	diamond	red	dif	vert	up	(376, 384)	(512, 248)	True	217207	219023	up	(512, 384)	testing
7	lp	f	21	9	circle	none	same	hori	left	N_dis	(512, 520)	True	220052	220980	left	(512, 384)	testing
7	lp	f	21	9	diamond	red	dif	vert	up	(415, 287)	(415, 480)	True	222145	223015	up	(512, 384)	testing
7	lp	f	21	9	diamond	green	dif	vert	up	(376, 384)	(648, 384)	True	224133	224938	up	(512, 384)	testing
7	lp	f	21	9	diamond	green	dif	hori	left	(376, 384)	(415, 287)	True	226072	227741	left	(512, 384)	testing
7	lp	f	21	9	circle	green	dif	hori	left	(608, 287)	(648, 384)	True	228917	229864	left	(512, 384)	testing
7	lp	f	21	9	circle	red	same	vert	up	(608, 480)	(512, 520)	True	231000	231908	up	(512, 384)	testing
7	lp	f	21	9	circle	green	same	vert	up	(376, 384)	(648, 384)	True	233019	233864	up	(512, 384)	testing
7	lp	f	21	9	circle	red	dif	vert	up	(376, 384)	(512, 520)	True	235115	236030	up	(512, 384)	testing
7	lp	f	21	9	diamond	none	dif	vert	up	N_dis	(608, 287)	True	237125	238977	up	(512, 384)	testing
7	lp	f	21	9	circle	green	same	vert	up	(376, 384)	(415, 480)	True	240112	241322	up	(512, 384)	testing
7	lp	f	21	9	diamond	green	same	vert	up	(648, 384)	(415, 480)	True	242387	243304	up	(512, 384)	testing
7	lp	f	21	9	circle	red	dif	hori	left	(376, 384)	(608, 287)	True	244364	245132	left	(512, 384)	testing
7	lp	f	21	9	diamond	none	same	vert	up	N_dis	(608, 287)	True	246252	247162	up	(512, 384)	testing
7	lp	f	21	9	circle	red	dif	hori	left	(376, 384)	(512, 248)	True	248391	249232	left	(512, 384)	testing
7	lp	f	21	9	diamond	red	same	hori	left	(376, 384)	(648, 384)	True	250346	250985	left	(512, 384)	testing
7	lp	f	21	9	circle	green	dif	hori	left	(376, 384)	(512, 248)	True	252030	253162	left	(512, 384)	testing
7	lp	f	21	9	diamond	none	dif	hori	left	N_dis	(512, 248)	True	254313	255414	left	(512, 384)	testing
7	lp	f	21	9	diamond	green	dif	vert	up	(608, 480)	(512, 520)	True	256574	257331	up	(512, 384)	testing
7	lp	f	21	9	circle	green	dif	vert	up	(512, 520)	(608, 480)	True	258469	260544	up	(512, 384)	testing
7	lp	f	21	9	circle	none	dif	hori	left	N_dis	(415, 287)	True	261580	262250	left	(512, 384)	testing
7	lp	f	21	9	diamond	red	same	vert	up	(608, 287)	(415, 480)	True	263503	264531	up	(512, 384)	testing
7	lp	f	21	9	circle	green	dif	hori	left	(512, 248)	(648, 384)	True	265675	266883	left	(512, 384)	testing
7	lp	f	21	9	diamond	none	same	hori	left	N_dis	(512, 248)	True	268096	268877	left	(512, 384)	testing
7	lp	f	21	9	circle	green	dif	hori	left	(376, 384)	(415, 287)	True	270113	270963	left	(512, 384)	testing
7	lp	f	21	9	diamond	none	dif	vert	up	N_dis	(608, 287)	True	272010	272994	up	(512, 384)	testing
7	lp	f	21	9	circle	red	same	hori	left	(512, 520)	(512, 248)	True	274070	275589	left	(512, 384)	testing
7	lp	f	21	9	circle	green	dif	vert	up	(376, 384)	(608, 287)	True	276748	277565	up	(512, 384)	testing
7	lp	f	21	9	circle	green	dif	hori	left	(376, 384)	(608, 480)	True	278829	279467	left	(512, 384)	testing
7	lp	f	21	9	diamond	green	same	hori	left	(376, 384)	(512, 248)	True	280687	281831	left	(512, 384)	testing
