subj	name	gender	age	runNum	shape	dist	td_dif	resp	resp_key	d_loc	t_loc	gotKey	startTime	respTime	resp	fix_loc	prac
7	lp	f	21	8	circle	green	dif	vert	up	(648, 384)	(608, 287)	True	11378	13280	up	(512, 384)	testing
7	lp	f	21	8	diamond	green	dif	vert	up	(376, 384)	(648, 384)	True	14403	15524	up	(512, 384)	testing
7	lp	f	21	8	circle	green	dif	vert	up	(512, 248)	(512, 520)	True	16681	18048	up	(512, 384)	testing
7	lp	f	21	8	diamond	none	same	vert	up	N_dis	(376, 384)	True	19296	20594	up	(512, 384)	testing
7	lp	f	21	8	diamond	red	dif	vert	up	(376, 384)	(512, 248)	True	21856	23588	up	(512, 384)	testing
7	lp	f	21	8	circle	none	same	vert	up	N_dis	(512, 248)	True	24817	26050	up	(512, 384)	testing
7	lp	f	21	8	diamond	none	dif	hori	left	N_dis	(648, 384)	True	27139	28054	left	(512, 384)	testing
7	lp	f	21	8	diamond	red	same	vert	up	(608, 287)	(512, 520)	True	29324	30210	up	(512, 384)	testing
7	lp	f	21	8	diamond	none	dif	vert	up	N_dis	(415, 287)	True	31445	32548	up	(512, 384)	testing
7	lp	f	21	8	circle	red	dif	vert	up	(512, 248)	(608, 480)	True	33754	34951	up	(512, 384)	testing
7	lp	f	21	8	circle	red	dif	vert	up	(376, 384)	(608, 287)	True	35989	36921	up	(512, 384)	testing
7	lp	f	21	8	circle	red	same	vert	up	(415, 480)	(608, 287)	True	38042	39400	up	(512, 384)	testing
7	lp	f	21	8	diamond	none	same	vert	up	N_dis	(648, 384)	True	40438	41909	up	(512, 384)	testing
7	lp	f	21	8	circle	none	dif	vert	up	N_dis	(608, 287)	True	42979	44040	up	(512, 384)	testing
7	lp	f	21	8	circle	none	same	hori	left	N_dis	(415, 480)	True	45084	46158	left	(512, 384)	testing
7	lp	f	21	8	diamond	green	dif	vert	up	(376, 384)	(512, 248)	True	47339	48685	up	(512, 384)	testing
7	lp	f	21	8	circle	red	same	vert	up	(376, 384)	(608, 287)	True	49835	50962	up	(512, 384)	testing
7	lp	f	21	8	diamond	red	same	vert	up	(648, 384)	(415, 480)	True	51986	53236	up	(512, 384)	testing
7	lp	f	21	8	diamond	green	dif	hori	left	(376, 384)	(512, 248)	True	54349	55408	left	(512, 384)	testing
7	lp	f	21	8	diamond	green	same	vert	up	(608, 287)	(512, 248)	True	56580	57613	up	(512, 384)	testing
7	lp	f	21	8	circle	red	same	vert	up	(648, 384)	(415, 287)	True	58662	59741	up	(512, 384)	testing
7	lp	f	21	8	diamond	red	same	vert	up	(376, 384)	(608, 480)	True	61000	62415	up	(512, 384)	testing
7	lp	f	21	8	diamond	none	same	vert	up	N_dis	(608, 480)	True	63472	64475	up	(512, 384)	testing
7	lp	f	21	8	circle	none	same	vert	up	N_dis	(512, 248)	True	65633	66940	up	(512, 384)	testing
7	lp	f	21	8	circle	none	dif	vert	up	N_dis	(415, 480)	True	68013	68859	up	(512, 384)	testing
7	lp	f	21	8	circle	green	same	vert	up	(415, 287)	(415, 480)	True	70119	71312	up	(512, 384)	testing
7	lp	f	21	8	diamond	green	dif	vert	up	(512, 520)	(608, 480)	True	72347	73531	up	(512, 384)	testing
7	lp	f	21	8	circle	green	same	vert	up	(376, 384)	(648, 384)	True	74721	75678	up	(512, 384)	testing
7	lp	f	21	8	circle	none	same	hori	left	N_dis	(415, 480)	True	76945	77774	left	(512, 384)	testing
7	lp	f	21	8	diamond	none	same	vert	up	N_dis	(415, 480)	True	78813	80281	up	(512, 384)	testing
7	lp	f	21	8	diamond	green	dif	hori	left	(376, 384)	(608, 287)	True	81411	82471	left	(512, 384)	testing
7	lp	f	21	8	diamond	green	dif	hori	left	(376, 384)	(415, 287)	True	83605	84470	left	(512, 384)	testing
7	lp	f	21	8	diamond	green	same	vert	up	(376, 384)	(415, 287)	True	85493	86686	up	(512, 384)	testing
7	lp	f	21	8	circle	green	dif	hori	left	(376, 384)	(512, 520)	True	87912	89082	left	(512, 384)	testing
7	lp	f	21	8	circle	none	dif	vert	up	N_dis	(376, 384)	True	90107	91002	up	(512, 384)	testing
7	lp	f	21	8	diamond	none	dif	hori	left	N_dis	(415, 480)	True	92041	92978	left	(512, 384)	testing
7	lp	f	21	8	circle	none	dif	vert	up	N_dis	(415, 287)	True	94063	95289	up	(512, 384)	testing
7	lp	f	21	8	diamond	red	dif	vert	up	(376, 384)	(608, 480)	True	96503	97634	up	(512, 384)	testing
7	lp	f	21	8	diamond	green	same	hori	left	(415, 287)	(512, 520)	True	98769	99629	left	(512, 384)	testing
7	lp	f	21	8	circle	red	dif	vert	up	(608, 480)	(648, 384)	True	100747	101543	up	(512, 384)	testing
7	lp	f	21	8	circle	red	same	vert	up	(415, 287)	(512, 248)	True	102743	104663	up	(512, 384)	testing
7	lp	f	21	8	circle	red	dif	hori	left	(376, 384)	(415, 287)	True	105898	106946	left	(512, 384)	testing
7	lp	f	21	8	diamond	red	dif	vert	up	(376, 384)	(648, 384)	True	108130	109100	up	(512, 384)	testing
7	lp	f	21	8	circle	red	same	hori	left	(376, 384)	(512, 520)	True	110309	111062	left	(512, 384)	testing
7	lp	f	21	8	diamond	green	dif	vert	up	(376, 384)	(608, 287)	True	112327	114536	left	(512, 384)	testing
7	lp	f	21	8	circle	none	dif	hori	left	N_dis	(415, 287)	True	117233	118079	left	(512, 384)	testing
7	lp	f	21	8	circle	red	dif	vert	up	(376, 384)	(608, 287)	True	119199	120083	up	(512, 384)	testing
7	lp	f	21	8	diamond	green	same	vert	up	(376, 384)	(512, 248)	True	121226	122902	up	(512, 384)	testing
7	lp	f	21	8	circle	green	dif	hori	left	(376, 384)	(648, 384)	True	124137	125014	left	(512, 384)	testing
7	lp	f	21	8	diamond	red	dif	hori	left	(376, 384)	(512, 520)	True	126193	127104	left	(512, 384)	testing
7	lp	f	21	8	circle	red	same	hori	left	(512, 520)	(608, 480)	True	128270	130038	left	(512, 384)	testing
7	lp	f	21	8	circle	red	dif	hori	left	(376, 384)	(512, 520)	True	131311	132430	left	(512, 384)	testing
7	lp	f	21	8	diamond	green	same	hori	left	(376, 384)	(415, 287)	True	133492	134729	left	(512, 384)	testing
7	lp	f	21	8	diamond	green	dif	hori	left	(415, 480)	(512, 248)	True	135897	136865	left	(512, 384)	testing
7	lp	f	21	8	diamond	none	same	vert	up	N_dis	(415, 287)	True	137971	139147	up	(512, 384)	testing
7	lp	f	21	8	circle	red	same	hori	left	(376, 384)	(648, 384)	True	140309	141359	left	(512, 384)	testing
7	lp	f	21	8	circle	none	dif	hori	left	N_dis	(376, 384)	True	142485	143746	left	(512, 384)	testing
7	lp	f	21	8	circle	green	same	hori	left	(512, 248)	(648, 384)	True	144947	145973	left	(512, 384)	testing
7	lp	f	21	8	circle	red	dif	hori	left	(376, 384)	(415, 480)	True	147029	147995	left	(512, 384)	testing
7	lp	f	21	8	circle	green	dif	vert	up	(376, 384)	(648, 384)	True	149154	150098	up	(512, 384)	testing
7	lp	f	21	8	circle	green	dif	vert	up	(376, 384)	(415, 287)	True	151145	152149	up	(512, 384)	testing
7	lp	f	21	8	circle	red	same	vert	up	(376, 384)	(608, 480)	True	153235	154126	up	(512, 384)	testing
7	lp	f	21	8	circle	none	same	hori	left	N_dis	(415, 287)	True	155386	156358	left	(512, 384)	testing
7	lp	f	21	8	diamond	red	dif	vert	up	(415, 480)	(512, 520)	True	157618	158794	up	(512, 384)	testing
7	lp	f	21	8	circle	none	same	vert	up	N_dis	(512, 248)	True	159909	161016	up	(512, 384)	testing
7	lp	f	21	8	diamond	red	dif	hori	left	(376, 384)	(415, 287)	True	162226	164030	left	(512, 384)	testing
7	lp	f	21	8	diamond	red	same	hori	left	(648, 384)	(608, 287)	True	165108	166912	left	(512, 384)	testing
7	lp	f	21	8	diamond	none	dif	vert	up	N_dis	(648, 384)	True	168000	168962	up	(512, 384)	testing
7	lp	f	21	8	circle	green	same	vert	up	(608, 480)	(415, 480)	True	170110	171096	up	(512, 384)	testing
7	lp	f	21	8	diamond	green	same	vert	up	(415, 287)	(512, 248)	True	172331	173312	up	(512, 384)	testing
7	lp	f	21	8	diamond	green	same	hori	left	(608, 480)	(608, 287)	True	174373	175565	left	(512, 384)	testing
7	lp	f	21	8	diamond	red	dif	hori	left	(376, 384)	(512, 520)	True	176763	177735	left	(512, 384)	testing
7	lp	f	21	8	circle	red	dif	hori	left	(376, 384)	(648, 384)	True	178974	179893	left	(512, 384)	testing
7	lp	f	21	8	diamond	green	same	vert	up	(512, 520)	(415, 287)	True	181110	181983	up	(512, 384)	testing
7	lp	f	21	8	diamond	red	same	hori	left	(512, 248)	(608, 480)	True	183025	183994	left	(512, 384)	testing
7	lp	f	21	8	circle	red	dif	hori	left	(376, 384)	(512, 248)	True	185035	186669	left	(512, 384)	testing
7	lp	f	21	8	diamond	red	dif	hori	left	(376, 384)	(415, 287)	True	187745	188768	left	(512, 384)	testing
7	lp	f	21	8	circle	none	dif	hori	left	N_dis	(512, 248)	True	189894	191013	left	(512, 384)	testing
7	lp	f	21	8	diamond	none	dif	hori	left	N_dis	(512, 248)	True	192129	193282	left	(512, 384)	testing
7	lp	f	21	8	diamond	green	dif	vert	up	(376, 384)	(608, 287)	True	194396	195335	up	(512, 384)	testing
7	lp	f	21	8	diamond	red	same	vert	up	(376, 384)	(648, 384)	True	196505	197300	up	(512, 384)	testing
7	lp	f	21	8	circle	green	same	vert	up	(415, 480)	(608, 480)	True	198364	200175	up	(512, 384)	testing
7	lp	f	21	8	diamond	green	dif	hori	left	(376, 384)	(608, 480)	True	201365	202176	left	(512, 384)	testing
7	lp	f	21	8	diamond	none	dif	vert	up	N_dis	(608, 287)	True	203300	205117	up	(512, 384)	testing
7	lp	f	21	8	circle	none	same	vert	up	N_dis	(512, 520)	True	206220	207423	up	(512, 384)	testing
7	lp	f	21	8	diamond	none	same	hori	left	N_dis	(608, 480)	True	208513	209483	left	(512, 384)	testing
7	lp	f	21	8	diamond	red	dif	hori	left	(376, 384)	(415, 480)	True	210510	211418	left	(512, 384)	testing
7	lp	f	21	8	diamond	none	same	hori	left	N_dis	(608, 287)	True	212587	213498	left	(512, 384)	testing
7	lp	f	21	8	diamond	red	same	vert	up	(376, 384)	(415, 480)	True	214762	215829	up	(512, 384)	testing
7	lp	f	21	8	circle	green	same	vert	up	(376, 384)	(608, 480)	True	217090	218912	up	(512, 384)	testing
7	lp	f	21	8	circle	none	dif	hori	left	N_dis	(608, 480)	True	220027	221705	left	(512, 384)	testing
7	lp	f	21	8	circle	none	dif	vert	up	N_dis	(376, 384)	True	222868	223860	up	(512, 384)	testing
7	lp	f	21	8	diamond	none	same	hori	left	N_dis	(512, 520)	True	225028	226225	left	(512, 384)	testing
7	lp	f	21	8	circle	green	same	hori	left	(512, 520)	(512, 248)	True	227491	229052	left	(512, 384)	testing
7	lp	f	21	8	diamond	none	same	hori	left	N_dis	(512, 520)	True	230242	231185	left	(512, 384)	testing
7	lp	f	21	8	circle	red	same	hori	left	(376, 384)	(608, 480)	True	232248	233492	left	(512, 384)	testing
7	lp	f	21	8	circle	green	same	hori	left	(376, 384)	(648, 384)	True	234569	235889	left	(512, 384)	testing
7	lp	f	21	8	circle	red	same	hori	left	(376, 384)	(608, 287)	True	236990	237959	left	(512, 384)	testing
7	lp	f	21	8	circle	green	dif	vert	up	(376, 384)	(512, 520)	True	239208	240241	up	(512, 384)	testing
7	lp	f	21	8	circle	green	same	hori	left	(376, 384)	(648, 384)	True	241270	242452	left	(512, 384)	testing
7	lp	f	21	8	circle	none	same	vert	up	N_dis	(648, 384)	True	243490	244607	up	(512, 384)	testing
7	lp	f	21	8	diamond	none	dif	vert	up	N_dis	(608, 480)	True	245823	247622	up	(512, 384)	testing
7	lp	f	21	8	diamond	none	dif	vert	up	N_dis	(648, 384)	True	248735	250024	up	(512, 384)	testing
7	lp	f	21	8	diamond	none	dif	hori	left	N_dis	(608, 287)	True	251191	252153	left	(512, 384)	testing
7	lp	f	21	8	circle	green	dif	hori	left	(376, 384)	(415, 480)	True	253181	255023	left	(512, 384)	testing
7	lp	f	21	8	diamond	none	same	hori	left	N_dis	(512, 520)	True	256095	257261	left	(512, 384)	testing
7	lp	f	21	8	circle	green	dif	hori	left	(376, 384)	(415, 480)	True	258493	259565	left	(512, 384)	testing
7	lp	f	21	8	diamond	red	dif	vert	up	(376, 384)	(415, 480)	True	260822	261982	up	(512, 384)	testing
7	lp	f	21	8	circle	red	dif	vert	up	(376, 384)	(608, 480)	True	263094	263993	up	(512, 384)	testing
7	lp	f	21	8	diamond	none	dif	hori	left	N_dis	(376, 384)	True	265220	266226	left	(512, 384)	testing
7	lp	f	21	8	circle	none	same	hori	left	N_dis	(608, 287)	True	267477	268308	left	(512, 384)	testing
7	lp	f	21	8	diamond	red	same	hori	left	(376, 384)	(512, 520)	True	269439	270604	left	(512, 384)	testing
7	lp	f	21	8	circle	green	same	hori	left	(376, 384)	(512, 248)	True	271768	272867	left	(512, 384)	testing
7	lp	f	21	8	circle	green	dif	hori	left	(376, 384)	(512, 248)	True	273992	276025	up	(512, 384)	testing
7	lp	f	21	8	circle	none	same	hori	left	N_dis	(608, 480)	True	278610	279252	left	(512, 384)	testing
7	lp	f	21	8	diamond	red	same	hori	left	(376, 384)	(415, 480)	True	280409	281263	left	(512, 384)	testing
7	lp	f	21	8	diamond	green	same	hori	left	(608, 480)	(512, 520)	True	282378	283504	left	(512, 384)	testing
7	lp	f	21	8	circle	none	dif	hori	left	N_dis	(512, 520)	True	284688	285577	left	(512, 384)	testing
7	lp	f	21	8	diamond	green	same	hori	left	(608, 287)	(608, 480)	True	286649	287690	left	(512, 384)	testing
7	lp	f	21	8	diamond	red	same	hori	left	(608, 287)	(608, 480)	True	288784	290092	left	(512, 384)	testing
