subj	name	gender	age	runNum	shape	dist	td_dif	resp	resp_key	d_loc	t_loc	gotKey	startTime	respTime	resp	fix_loc	prac
7	lp	f	21	6	diamond	red	dif	vert	up	(608, 287)	(376, 384)	True	160538	161687	up	(512, 384)	testing
7	lp	f	21	6	diamond	red	same	hori	left	(376, 384)	(608, 480)	True	162846	163982	left	(512, 384)	testing
7	lp	f	21	6	circle	none	same	hori	left	N_dis	(648, 384)	True	165030	165790	left	(512, 384)	testing
7	lp	f	21	6	diamond	none	same	hori	left	N_dis	(608, 480)	True	167015	168081	left	(512, 384)	testing
7	lp	f	21	6	diamond	none	dif	hori	left	N_dis	(648, 384)	True	169145	169956	left	(512, 384)	testing
7	lp	f	21	6	diamond	green	dif	vert	up	(608, 287)	(512, 520)	True	171073	172365	up	(512, 384)	testing
7	lp	f	21	6	diamond	red	same	vert	up	(608, 287)	(608, 480)	True	173434	174858	up	(512, 384)	testing
7	lp	f	21	6	circle	green	dif	hori	left	(608, 287)	(376, 384)	True	176030	177101	left	(512, 384)	testing
7	lp	f	21	6	diamond	none	same	vert	up	N_dis	(512, 520)	True	178320	179334	up	(512, 384)	testing
7	lp	f	21	6	diamond	none	dif	vert	up	N_dis	(415, 480)	True	180391	181885	up	(512, 384)	testing
7	lp	f	21	6	diamond	green	dif	hori	left	(608, 287)	(415, 287)	True	182917	183833	left	(512, 384)	testing
7	lp	f	21	6	circle	red	same	vert	up	(608, 287)	(512, 248)	True	184991	185959	up	(512, 384)	testing
7	lp	f	21	6	diamond	green	dif	hori	left	(512, 248)	(608, 480)	True	187220	188057	left	(512, 384)	testing
7	lp	f	21	6	circle	red	dif	hori	left	(608, 287)	(648, 384)	True	189129	189937	left	(512, 384)	testing
7	lp	f	21	6	circle	green	dif	hori	left	(608, 287)	(415, 480)	True	191045	192021	left	(512, 384)	testing
7	lp	f	21	6	circle	red	dif	hori	left	(608, 287)	(648, 384)	True	193136	194006	left	(512, 384)	testing
7	lp	f	21	6	circle	green	same	hori	left	(608, 287)	(376, 384)	True	195056	195867	left	(512, 384)	testing
7	lp	f	21	6	diamond	none	dif	vert	up	N_dis	(415, 480)	True	196935	198158	up	(512, 384)	testing
7	lp	f	21	6	circle	none	same	vert	up	N_dis	(512, 248)	True	199182	200248	up	(512, 384)	testing
7	lp	f	21	6	circle	green	same	hori	left	(608, 287)	(648, 384)	True	201292	202153	left	(512, 384)	testing
7	lp	f	21	6	circle	green	same	vert	up	(512, 248)	(648, 384)	True	203406	204969	up	(512, 384)	testing
7	lp	f	21	6	circle	none	dif	vert	up	N_dis	(376, 384)	True	206224	207491	up	(512, 384)	testing
7	lp	f	21	6	diamond	red	dif	hori	left	(608, 287)	(648, 384)	True	208558	209493	left	(512, 384)	testing
7	lp	f	21	6	diamond	green	dif	vert	up	(608, 287)	(512, 520)	True	210543	211580	up	(512, 384)	testing
7	lp	f	21	6	diamond	green	same	hori	left	(608, 287)	(512, 248)	True	212656	213559	left	(512, 384)	testing
7	lp	f	21	6	circle	green	dif	vert	up	(648, 384)	(376, 384)	True	214668	216380	up	(512, 384)	testing
7	lp	f	21	6	circle	red	same	vert	up	(608, 287)	(415, 480)	True	217505	218414	up	(512, 384)	testing
7	lp	f	21	6	diamond	red	same	hori	left	(512, 520)	(415, 480)	True	219584	220464	left	(512, 384)	testing
7	lp	f	21	6	circle	none	dif	hori	left	N_dis	(608, 480)	True	221561	222571	left	(512, 384)	testing
7	lp	f	21	6	diamond	red	same	hori	left	(415, 287)	(648, 384)	True	223659	224550	left	(512, 384)	testing
7	lp	f	21	6	circle	green	same	vert	up	(608, 287)	(512, 248)	True	225601	227246	up	(512, 384)	testing
7	lp	f	21	6	circle	red	dif	hori	left	(608, 287)	(608, 480)	True	228499	229333	left	(512, 384)	testing
7	lp	f	21	6	circle	none	same	hori	left	N_dis	(648, 384)	True	230441	231166	left	(512, 384)	testing
7	lp	f	21	6	diamond	green	same	hori	left	(512, 520)	(415, 480)	True	232316	233416	left	(512, 384)	testing
7	lp	f	21	6	circle	none	dif	vert	up	N_dis	(415, 480)	True	234450	235531	up	(512, 384)	testing
7	lp	f	21	6	circle	red	dif	vert	up	(376, 384)	(415, 480)	True	236680	238451	up	(512, 384)	testing
7	lp	f	21	6	diamond	red	dif	vert	up	(415, 480)	(415, 287)	True	239620	240800	up	(512, 384)	testing
7	lp	f	21	6	circle	green	same	hori	left	(608, 287)	(512, 520)	True	241925	243023	left	(512, 384)	testing
7	lp	f	21	6	circle	none	same	hori	left	N_dis	(415, 287)	True	244095	244972	left	(512, 384)	testing
7	lp	f	21	6	circle	none	dif	vert	up	N_dis	(415, 287)	True	246106	246848	up	(512, 384)	testing
7	lp	f	21	6	diamond	green	dif	vert	up	(608, 287)	(512, 520)	True	247918	248952	up	(512, 384)	testing
7	lp	f	21	6	circle	green	dif	vert	up	(608, 287)	(415, 287)	True	250135	251398	up	(512, 384)	testing
7	lp	f	21	6	circle	red	same	hori	left	(608, 287)	(512, 248)	True	252539	254427	left	(512, 384)	testing
7	lp	f	21	6	circle	green	same	vert	up	(608, 480)	(512, 520)	True	255675	256978	up	(512, 384)	testing
7	lp	f	21	6	circle	red	dif	vert	up	(608, 287)	(648, 384)	True	258249	259115	up	(512, 384)	testing
7	lp	f	21	6	circle	none	dif	hori	left	N_dis	(512, 248)	True	260303	261077	left	(512, 384)	testing
7	lp	f	21	6	circle	red	dif	hori	left	(608, 287)	(376, 384)	True	262269	263182	left	(512, 384)	testing
7	lp	f	21	6	diamond	red	same	vert	up	(608, 287)	(415, 287)	True	264261	265164	up	(512, 384)	testing
7	lp	f	21	6	diamond	none	same	vert	up	N_dis	(376, 384)	True	266196	267220	up	(512, 384)	testing
7	lp	f	21	6	circle	green	dif	hori	left	(608, 287)	(415, 287)	True	268365	269053	left	(512, 384)	testing
7	lp	f	21	6	diamond	red	dif	vert	up	(512, 248)	(376, 384)	True	270248	271394	up	(512, 384)	testing
7	lp	f	21	6	diamond	none	dif	hori	left	N_dis	(415, 287)	True	272615	273441	left	(512, 384)	testing
7	lp	f	21	6	diamond	none	dif	hori	left	N_dis	(512, 248)	True	274698	275497	left	(512, 384)	testing
7	lp	f	21	6	circle	red	dif	vert	up	(376, 384)	(608, 480)	True	276692	277491	up	(512, 384)	testing
7	lp	f	21	6	circle	red	same	hori	left	(608, 287)	(512, 520)	True	278634	279589	left	(512, 384)	testing
7	lp	f	21	6	diamond	none	same	hori	left	N_dis	(512, 248)	True	280792	281970	left	(512, 384)	testing
7	lp	f	21	6	circle	none	same	vert	up	N_dis	(648, 384)	True	283217	283954	up	(512, 384)	testing
7	lp	f	21	6	diamond	green	dif	hori	left	(608, 287)	(512, 248)	True	285153	285890	left	(512, 384)	testing
7	lp	f	21	6	circle	none	dif	hori	left	N_dis	(512, 520)	True	287001	287926	left	(512, 384)	testing
7	lp	f	21	6	circle	none	same	hori	left	N_dis	(648, 384)	True	289001	289652	left	(512, 384)	testing
7	lp	f	21	6	diamond	none	dif	hori	left	N_dis	(376, 384)	True	290691	291660	left	(512, 384)	testing
7	lp	f	21	6	circle	red	same	vert	up	(415, 287)	(512, 248)	True	292852	293659	up	(512, 384)	testing
7	lp	f	21	6	diamond	green	same	vert	up	(608, 287)	(512, 248)	True	294873	296173	up	(512, 384)	testing
7	lp	f	21	6	diamond	red	same	vert	up	(608, 287)	(415, 480)	True	297306	298359	up	(512, 384)	testing
7	lp	f	21	6	circle	green	dif	vert	up	(608, 287)	(512, 520)	True	299541	300623	up	(512, 384)	testing
7	lp	f	21	6	diamond	none	dif	hori	left	N_dis	(608, 287)	True	301743	303850	left	(512, 384)	testing
7	lp	f	21	6	circle	green	same	vert	up	(608, 287)	(415, 480)	True	305116	306652	up	(512, 384)	testing
7	lp	f	21	6	diamond	red	same	hori	left	(608, 287)	(376, 384)	True	307826	308810	left	(512, 384)	testing
7	lp	f	21	6	circle	none	dif	hori	left	N_dis	(415, 287)	True	309906	310983	left	(512, 384)	testing
7	lp	f	21	6	diamond	red	dif	hori	left	(608, 480)	(648, 384)	True	312246	313069	up	(512, 384)	testing
7	lp	f	21	6	diamond	green	same	vert	up	(608, 287)	(415, 480)	True	315794	316926	up	(512, 384)	testing
7	lp	f	21	6	diamond	red	dif	hori	left	(512, 248)	(648, 384)	True	318199	319591	left	(512, 384)	testing
7	lp	f	21	6	diamond	green	dif	hori	left	(376, 384)	(415, 480)	True	320682	321823	left	(512, 384)	testing
7	lp	f	21	6	diamond	none	same	hori	left	N_dis	(608, 287)	True	322946	324591	left	(512, 384)	testing
7	lp	f	21	6	diamond	none	dif	vert	up	N_dis	(608, 480)	True	325803	326698	up	(512, 384)	testing
7	lp	f	21	6	circle	red	dif	vert	up	(608, 287)	(648, 384)	True	327756	329032	up	(512, 384)	testing
7	lp	f	21	6	circle	none	dif	vert	up	N_dis	(376, 384)	True	330232	331521	up	(512, 384)	testing
7	lp	f	21	6	circle	green	same	vert	up	(648, 384)	(512, 248)	True	332610	334869	up	(512, 384)	testing
7	lp	f	21	6	diamond	green	same	hori	left	(608, 287)	(415, 480)	True	336039	337012	left	(512, 384)	testing
7	lp	f	21	6	circle	none	same	vert	up	N_dis	(415, 480)	True	338099	339116	up	(512, 384)	testing
7	lp	f	21	6	circle	green	same	hori	left	(648, 384)	(512, 520)	True	340344	341315	left	(512, 384)	testing
7	lp	f	21	6	diamond	none	same	hori	left	N_dis	(512, 520)	True	342517	344012	left	(512, 384)	testing
7	lp	f	21	6	diamond	red	dif	vert	up	(512, 520)	(608, 480)	True	345090	346695	up	(512, 384)	testing
7	lp	f	21	6	diamond	none	same	vert	up	N_dis	(415, 287)	True	347898	348873	up	(512, 384)	testing
7	lp	f	21	6	circle	red	same	hori	left	(608, 480)	(415, 480)	True	350008	351148	left	(512, 384)	testing
7	lp	f	21	6	diamond	none	same	vert	up	N_dis	(608, 480)	True	352342	353380	up	(512, 384)	testing
7	lp	f	21	6	diamond	green	same	hori	left	(608, 287)	(608, 480)	True	354463	355334	left	(512, 384)	testing
7	lp	f	21	6	diamond	none	same	vert	up	N_dis	(608, 480)	True	356407	357253	up	(512, 384)	testing
7	lp	f	21	6	circle	none	same	vert	up	N_dis	(415, 480)	True	358474	359645	up	(512, 384)	testing
7	lp	f	21	6	diamond	green	same	vert	up	(415, 480)	(608, 480)	True	360698	362412	up	(512, 384)	testing
7	lp	f	21	6	diamond	green	dif	hori	left	(648, 384)	(376, 384)	True	363610	364519	left	(512, 384)	testing
7	lp	f	21	6	circle	green	same	hori	left	(608, 287)	(512, 520)	True	365579	366641	left	(512, 384)	testing
7	lp	f	21	6	diamond	none	dif	vert	up	N_dis	(376, 384)	True	367705	368717	up	(512, 384)	testing
7	lp	f	21	6	circle	red	dif	hori	left	(608, 287)	(512, 248)	True	369862	370738	left	(512, 384)	testing
7	lp	f	21	6	diamond	green	dif	vert	up	(608, 287)	(376, 384)	True	371946	373787	up	(512, 384)	testing
7	lp	f	21	6	circle	red	dif	vert	up	(608, 287)	(415, 480)	True	374913	376317	up	(512, 384)	testing
7	lp	f	21	6	circle	green	dif	vert	up	(415, 287)	(512, 520)	True	377496	378561	up	(512, 384)	testing
7	lp	f	21	6	diamond	red	dif	vert	up	(512, 520)	(648, 384)	True	379788	381149	up	(512, 384)	testing
7	lp	f	21	6	diamond	none	same	hori	left	N_dis	(608, 287)	True	382422	383751	left	(512, 384)	testing
7	lp	f	21	6	circle	none	same	hori	left	N_dis	(608, 287)	True	385016	386033	left	(512, 384)	testing
7	lp	f	21	6	diamond	red	dif	hori	left	(415, 480)	(376, 384)	True	387265	388705	left	(512, 384)	testing
7	lp	f	21	6	circle	none	dif	hori	left	N_dis	(512, 520)	True	389896	390809	left	(512, 384)	testing
7	lp	f	21	6	circle	none	dif	vert	up	N_dis	(608, 287)	True	391865	392999	up	(512, 384)	testing
7	lp	f	21	6	diamond	green	same	hori	left	(608, 287)	(608, 480)	True	394106	395065	left	(512, 384)	testing
7	lp	f	21	6	circle	red	same	hori	left	(608, 287)	(415, 287)	True	396218	397244	left	(512, 384)	testing
7	lp	f	21	6	diamond	green	dif	vert	up	(608, 480)	(648, 384)	True	398435	399331	up	(512, 384)	testing
7	lp	f	21	6	diamond	red	same	vert	up	(608, 287)	(415, 287)	True	400413	401583	up	(512, 384)	testing
7	lp	f	21	6	circle	green	dif	hori	left	(608, 287)	(608, 480)	True	402663	403992	left	(512, 384)	testing
7	lp	f	21	6	diamond	green	same	vert	up	(608, 287)	(415, 480)	True	405213	406421	up	(512, 384)	testing
7	lp	f	21	6	circle	red	same	vert	up	(608, 287)	(608, 480)	True	407625	408644	up	(512, 384)	testing
7	lp	f	21	6	circle	red	same	hori	left	(608, 287)	(415, 480)	True	409674	410749	left	(512, 384)	testing
7	lp	f	21	6	diamond	red	same	vert	up	(608, 287)	(648, 384)	True	411944	413257	up	(512, 384)	testing
7	lp	f	21	6	diamond	none	dif	vert	up	N_dis	(512, 520)	True	414336	415370	up	(512, 384)	testing
7	lp	f	21	6	diamond	green	same	vert	up	(415, 480)	(648, 384)	True	416475	417807	up	(512, 384)	testing
7	lp	f	21	6	diamond	red	dif	hori	left	(608, 287)	(415, 287)	True	419021	420003	left	(512, 384)	testing
7	lp	f	21	6	diamond	red	same	hori	left	(608, 287)	(415, 480)	True	421200	422220	left	(512, 384)	testing
7	lp	f	21	6	circle	green	dif	hori	left	(415, 287)	(512, 520)	True	423482	424620	left	(512, 384)	testing
7	lp	f	21	6	circle	green	dif	vert	up	(608, 287)	(376, 384)	True	425729	428109	up	(512, 384)	testing
7	lp	f	21	6	circle	red	same	vert	up	(608, 287)	(608, 480)	True	429143	430077	up	(512, 384)	testing
7	lp	f	21	6	circle	none	same	vert	up	N_dis	(512, 248)	True	431123	432794	up	(512, 384)	testing
