subj	name	gender	age	runNum	shape	dist	td_dif	resp	resp_key	d_loc	t_loc	gotKey	startTime	respTime	resp	fix_loc	prac
7	lp	f	21	1	diamond	red	same	vert	up	(512, 520)	(648, 384)	False	349928	None	None	(512, 384)	practice
7	lp	f	21	1	circle	green	dif	vert	up	(512, 520)	(376, 384)	True	355704	357903	up	(512, 384)	practice
7	lp	f	21	1	diamond	green	dif	vert	up	(512, 520)	(415, 287)	False	359104	None	None	(512, 384)	practice
7	lp	f	21	1	circle	green	same	vert	up	(512, 520)	(376, 384)	True	364871	366743	up	(512, 384)	practice
7	lp	f	21	1	circle	none	same	hori	left	N_dis	(512, 520)	True	367848	369638	left	(512, 384)	practice
7	lp	f	21	1	diamond	red	dif	hori	left	(512, 520)	(415, 480)	True	370683	372901	left	(512, 384)	practice
7	lp	f	21	1	diamond	red	same	vert	up	(512, 520)	(415, 287)	True	374134	376295	up	(512, 384)	practice
7	lp	f	21	1	diamond	none	dif	hori	left	N_dis	(608, 480)	True	377384	379278	left	(512, 384)	practice
7	lp	f	21	1	diamond	red	dif	vert	up	(512, 520)	(415, 287)	True	380510	382187	up	(512, 384)	practice
7	lp	f	21	1	diamond	red	same	vert	up	(512, 520)	(376, 384)	True	383227	385701	left	(512, 384)	practice
7	lp	f	21	1	diamond	none	dif	vert	up	N_dis	(415, 287)	True	388382	390243	up	(512, 384)	practice
7	lp	f	21	1	diamond	none	dif	hori	left	N_dis	(512, 248)	True	391466	392988	left	(512, 384)	practice
7	lp	f	21	1	diamond	red	dif	vert	up	(512, 520)	(608, 287)	True	394019	395634	up	(512, 384)	practice
7	lp	f	21	1	diamond	red	dif	vert	up	(512, 520)	(608, 287)	True	396889	399138	up	(512, 384)	practice
7	lp	f	21	1	diamond	green	same	vert	up	(512, 520)	(648, 384)	True	400167	401663	up	(512, 384)	practice
7	lp	f	21	1	circle	red	dif	hori	left	(512, 520)	(512, 248)	True	402732	404737	left	(512, 384)	practice
7	lp	f	21	1	circle	red	dif	vert	up	(512, 520)	(415, 480)	True	405767	407131	up	(512, 384)	practice
7	lp	f	21	1	circle	red	same	hori	left	(512, 520)	(415, 287)	True	408171	409338	left	(512, 384)	practice
7	lp	f	21	1	diamond	red	same	vert	up	(512, 520)	(608, 480)	True	410539	413032	up	(512, 384)	practice
7	lp	f	21	1	circle	green	dif	vert	up	(512, 520)	(512, 248)	True	414085	415933	up	(512, 384)	practice
7	lp	f	21	1	circle	green	dif	hori	left	(512, 520)	(648, 384)	True	417064	418133	left	(512, 384)	practice
7	lp	f	21	1	circle	green	dif	hori	left	(512, 520)	(512, 248)	True	419245	421677	left	(512, 384)	practice
7	lp	f	21	1	diamond	red	same	hori	left	(512, 520)	(608, 480)	True	422916	424782	left	(512, 384)	practice
7	lp	f	21	1	circle	none	same	vert	up	N_dis	(376, 384)	True	425882	427884	up	(512, 384)	practice
7	lp	f	21	1	circle	red	dif	hori	left	(512, 520)	(608, 480)	True	429019	430482	left	(512, 384)	practice
7	lp	f	21	1	circle	green	same	vert	up	(512, 520)	(376, 384)	True	431510	432589	up	(512, 384)	practice
7	lp	f	21	1	diamond	red	dif	vert	up	(512, 520)	(415, 480)	True	433688	436038	up	(512, 384)	practice
7	lp	f	21	1	circle	none	same	vert	up	N_dis	(376, 384)	True	437095	438871	up	(512, 384)	practice
7	lp	f	21	1	diamond	green	same	hori	left	(512, 520)	(415, 287)	True	439977	441676	left	(512, 384)	practice
7	lp	f	21	1	circle	none	dif	vert	up	N_dis	(415, 480)	True	442887	444110	up	(512, 384)	practice
7	lp	f	21	1	circle	green	dif	hori	left	(512, 520)	(415, 480)	True	445262	446575	left	(512, 384)	practice
7	lp	f	21	1	diamond	green	dif	vert	up	(512, 520)	(512, 248)	True	447691	449282	up	(512, 384)	practice
7	lp	f	21	1	diamond	green	same	hori	left	(512, 520)	(608, 287)	True	450396	452223	left	(512, 384)	practice
7	lp	f	21	1	circle	green	dif	vert	up	(512, 520)	(415, 480)	True	453439	454745	up	(512, 384)	practice
7	lp	f	21	1	diamond	green	same	vert	up	(512, 520)	(376, 384)	True	455832	457117	up	(512, 384)	practice
7	lp	f	21	1	diamond	red	same	hori	left	(512, 520)	(648, 384)	True	458379	459793	left	(512, 384)	practice
7	lp	f	21	1	circle	green	same	hori	left	(512, 520)	(608, 287)	True	460822	461717	left	(512, 384)	practice
7	lp	f	21	1	diamond	green	same	vert	up	(512, 520)	(648, 384)	True	462761	464239	up	(512, 384)	practice
7	lp	f	21	1	circle	none	dif	hori	left	N_dis	(608, 287)	True	465317	467057	up	(512, 384)	practice
7	lp	f	21	1	diamond	none	dif	hori	left	N_dis	(512, 248)	True	469694	470902	left	(512, 384)	practice
7	lp	f	21	1	diamond	none	same	hori	left	N_dis	(376, 384)	True	563085	564581	left	(512, 384)	testing
7	lp	f	21	1	diamond	green	dif	vert	up	(512, 520)	(512, 248)	True	565685	567373	up	(512, 384)	testing
7	lp	f	21	1	circle	none	same	hori	left	N_dis	(376, 384)	True	568626	569782	left	(512, 384)	testing
7	lp	f	21	1	diamond	green	dif	vert	up	(512, 520)	(415, 287)	True	570809	571882	left	(512, 384)	testing
7	lp	f	21	1	circle	green	same	hori	left	(512, 520)	(608, 287)	True	574480	575877	left	(512, 384)	testing
7	lp	f	21	1	diamond	none	same	vert	up	N_dis	(512, 248)	True	577070	578521	up	(512, 384)	testing
7	lp	f	21	1	circle	none	dif	vert	up	N_dis	(648, 384)	True	579676	581049	up	(512, 384)	testing
7	lp	f	21	1	diamond	none	dif	hori	left	N_dis	(608, 480)	True	582169	584269	left	(512, 384)	testing
7	lp	f	21	1	circle	red	same	vert	up	(415, 480)	(376, 384)	True	585432	587070	up	(512, 384)	testing
7	lp	f	21	1	circle	none	same	hori	left	N_dis	(608, 480)	True	588329	589165	left	(512, 384)	testing
7	lp	f	21	1	diamond	red	same	vert	up	(512, 520)	(415, 287)	True	590289	592009	up	(512, 384)	testing
7	lp	f	21	1	diamond	red	dif	hori	left	(608, 287)	(415, 287)	True	593071	594181	left	(512, 384)	testing
7	lp	f	21	1	circle	none	same	hori	left	N_dis	(415, 480)	True	595270	596251	left	(512, 384)	testing
7	lp	f	21	1	diamond	red	dif	vert	up	(512, 520)	(415, 480)	True	597498	598937	up	(512, 384)	testing
7	lp	f	21	1	diamond	red	dif	vert	up	(512, 520)	(608, 287)	True	600096	601996	up	(512, 384)	testing
7	lp	f	21	1	diamond	green	same	hori	left	(648, 384)	(608, 480)	True	603241	604210	left	(512, 384)	testing
7	lp	f	21	1	diamond	none	same	hori	left	N_dis	(512, 248)	True	605452	606858	left	(512, 384)	testing
7	lp	f	21	1	diamond	red	same	vert	up	(512, 520)	(648, 384)	True	607947	609171	up	(512, 384)	testing
7	lp	f	21	1	circle	red	same	hori	left	(415, 287)	(648, 384)	True	610296	611928	left	(512, 384)	testing
7	lp	f	21	1	circle	green	dif	hori	left	(512, 520)	(648, 384)	True	613156	614301	left	(512, 384)	testing
7	lp	f	21	1	circle	red	same	hori	left	(512, 520)	(415, 287)	True	615463	616542	left	(512, 384)	testing
7	lp	f	21	1	circle	red	dif	hori	left	(512, 520)	(512, 248)	True	617625	618581	left	(512, 384)	testing
7	lp	f	21	1	diamond	green	dif	vert	up	(648, 384)	(415, 287)	True	619790	621140	up	(512, 384)	testing
7	lp	f	21	1	diamond	red	dif	hori	left	(512, 520)	(608, 480)	True	622230	623611	left	(512, 384)	testing
7	lp	f	21	1	diamond	green	same	vert	up	(512, 520)	(648, 384)	True	624687	625832	up	(512, 384)	testing
7	lp	f	21	1	circle	green	same	hori	left	(512, 520)	(415, 480)	True	627016	628578	left	(512, 384)	testing
7	lp	f	21	1	diamond	green	dif	hori	left	(512, 520)	(376, 384)	True	629689	631294	left	(512, 384)	testing
7	lp	f	21	1	diamond	red	dif	hori	left	(608, 287)	(512, 248)	True	632487	633959	left	(512, 384)	testing
7	lp	f	21	1	circle	green	same	vert	up	(648, 384)	(415, 480)	True	634990	636091	up	(512, 384)	testing
7	lp	f	21	1	circle	none	dif	hori	left	N_dis	(608, 287)	True	637188	638451	left	(512, 384)	testing
7	lp	f	21	1	diamond	green	dif	hori	left	(608, 480)	(376, 384)	True	639640	640872	left	(512, 384)	testing
7	lp	f	21	1	diamond	red	dif	vert	up	(512, 520)	(608, 287)	True	642140	643291	up	(512, 384)	testing
7	lp	f	21	1	circle	green	dif	vert	up	(512, 520)	(376, 384)	True	644562	646017	up	(512, 384)	testing
7	lp	f	21	1	circle	red	dif	hori	left	(512, 520)	(512, 248)	True	647117	648175	left	(512, 384)	testing
7	lp	f	21	1	circle	green	dif	hori	left	(648, 384)	(608, 287)	True	649231	650350	left	(512, 384)	testing
7	lp	f	21	1	circle	red	same	vert	up	(415, 480)	(415, 287)	True	651489	652425	up	(512, 384)	testing
7	lp	f	21	1	diamond	green	same	hori	left	(376, 384)	(415, 480)	True	653686	655291	left	(512, 384)	testing
7	lp	f	21	1	diamond	none	dif	vert	up	N_dis	(415, 480)	True	656413	657495	up	(512, 384)	testing
7	lp	f	21	1	diamond	none	dif	vert	up	N_dis	(415, 480)	True	658591	660691	up	(512, 384)	testing
7	lp	f	21	1	circle	red	same	vert	up	(512, 520)	(608, 480)	True	661889	664014	up	(512, 384)	testing
7	lp	f	21	1	circle	green	same	hori	left	(512, 520)	(608, 287)	True	665166	666289	left	(512, 384)	testing
7	lp	f	21	1	circle	green	dif	vert	up	(608, 480)	(648, 384)	True	667557	668522	up	(512, 384)	testing
7	lp	f	21	1	diamond	red	same	vert	up	(512, 520)	(608, 480)	True	669602	671467	up	(512, 384)	testing
7	lp	f	21	1	diamond	green	same	vert	up	(512, 520)	(648, 384)	True	672553	673816	up	(512, 384)	testing
7	lp	f	21	1	circle	red	dif	vert	up	(512, 520)	(512, 248)	True	674987	676391	up	(512, 384)	testing
7	lp	f	21	1	circle	green	same	hori	left	(608, 287)	(608, 480)	True	677459	678717	left	(512, 384)	testing
7	lp	f	21	1	diamond	none	same	vert	up	N_dis	(512, 520)	True	679940	681821	up	(512, 384)	testing
7	lp	f	21	1	diamond	none	dif	vert	up	N_dis	(648, 384)	True	682916	684202	left	(512, 384)	testing
7	lp	f	21	1	circle	green	same	vert	up	(512, 520)	(376, 384)	True	686897	687740	up	(512, 384)	testing
7	lp	f	21	1	circle	none	same	vert	up	N_dis	(376, 384)	True	688776	690703	up	(512, 384)	testing
7	lp	f	21	1	diamond	green	dif	hori	left	(512, 520)	(512, 248)	True	691938	693216	left	(512, 384)	testing
7	lp	f	21	1	diamond	green	same	hori	left	(512, 520)	(415, 287)	True	694302	695474	left	(512, 384)	testing
7	lp	f	21	1	circle	green	same	vert	up	(512, 520)	(415, 287)	True	696516	698232	up	(512, 384)	testing
7	lp	f	21	1	diamond	none	dif	vert	up	N_dis	(415, 287)	True	699286	701044	up	(512, 384)	testing
7	lp	f	21	1	diamond	red	same	hori	left	(608, 287)	(648, 384)	True	702315	703905	left	(512, 384)	testing
7	lp	f	21	1	diamond	none	same	hori	left	N_dis	(608, 480)	True	705096	706306	left	(512, 384)	testing
7	lp	f	21	1	diamond	red	same	vert	up	(512, 520)	(376, 384)	True	707424	708433	up	(512, 384)	testing
7	lp	f	21	1	diamond	none	same	vert	up	N_dis	(512, 520)	True	709670	710945	up	(512, 384)	testing
7	lp	f	21	1	circle	none	dif	vert	up	N_dis	(608, 287)	True	712156	713728	up	(512, 384)	testing
7	lp	f	21	1	diamond	green	dif	hori	left	(376, 384)	(648, 384)	True	714959	716105	left	(512, 384)	testing
7	lp	f	21	1	circle	none	dif	hori	left	N_dis	(648, 384)	True	717229	718357	left	(512, 384)	testing
7	lp	f	21	1	circle	none	dif	hori	left	N_dis	(415, 287)	True	719464	720350	left	(512, 384)	testing
7	lp	f	21	1	circle	green	same	vert	up	(512, 520)	(608, 287)	True	721441	722822	left	(512, 384)	testing
7	lp	f	21	1	diamond	none	dif	hori	left	N_dis	(512, 520)	True	725456	727186	left	(512, 384)	testing
7	lp	f	21	1	circle	red	dif	vert	up	(512, 520)	(415, 480)	True	728406	730146	up	(512, 384)	testing
7	lp	f	21	1	circle	red	same	hori	left	(512, 248)	(648, 384)	True	731327	732389	left	(512, 384)	testing
7	lp	f	21	1	circle	none	dif	hori	left	N_dis	(415, 287)	True	733501	734587	left	(512, 384)	testing
7	lp	f	21	1	diamond	none	dif	hori	left	N_dis	(512, 248)	True	735703	736803	left	(512, 384)	testing
7	lp	f	21	1	diamond	red	same	hori	left	(415, 480)	(512, 248)	True	737827	739420	left	(512, 384)	testing
7	lp	f	21	1	diamond	none	dif	hori	left	N_dis	(512, 248)	True	740610	741929	left	(512, 384)	testing
7	lp	f	21	1	circle	none	same	vert	up	N_dis	(376, 384)	True	743200	744533	up	(512, 384)	testing
7	lp	f	21	1	diamond	none	dif	vert	up	N_dis	(608, 287)	True	745723	747489	up	(512, 384)	testing
7	lp	f	21	1	circle	none	same	vert	up	N_dis	(512, 520)	True	748695	750148	up	(512, 384)	testing
7	lp	f	21	1	circle	none	same	hori	left	N_dis	(415, 287)	True	751324	752984	left	(512, 384)	testing
7	lp	f	21	1	diamond	red	same	hori	left	(512, 520)	(608, 480)	True	754230	755551	left	(512, 384)	testing
7	lp	f	21	1	diamond	red	dif	vert	up	(512, 520)	(415, 287)	True	756678	758210	up	(512, 384)	testing
7	lp	f	21	1	circle	none	dif	hori	left	N_dis	(608, 287)	True	759415	760493	left	(512, 384)	testing
7	lp	f	21	1	diamond	green	same	vert	up	(415, 287)	(415, 480)	True	761546	764238	left	(512, 384)	testing
7	lp	f	21	1	diamond	green	dif	hori	left	(608, 480)	(648, 384)	True	766897	768638	left	(512, 384)	testing
7	lp	f	21	1	circle	red	same	vert	up	(512, 520)	(608, 287)	True	769678	771521	up	(512, 384)	testing
7	lp	f	21	1	diamond	none	same	vert	up	N_dis	(608, 480)	True	772621	774096	up	(512, 384)	testing
7	lp	f	21	1	circle	red	dif	vert	up	(415, 480)	(415, 287)	True	775267	776918	up	(512, 384)	testing
7	lp	f	21	1	circle	green	dif	vert	up	(512, 248)	(608, 287)	True	777985	779607	up	(512, 384)	testing
7	lp	f	21	1	diamond	green	same	vert	up	(512, 520)	(376, 384)	True	780746	782084	up	(512, 384)	testing
7	lp	f	21	1	diamond	red	same	hori	left	(512, 520)	(648, 384)	True	783344	784716	left	(512, 384)	testing
7	lp	f	21	1	diamond	red	dif	hori	left	(512, 520)	(415, 480)	True	785784	786995	left	(512, 384)	testing
7	lp	f	21	1	diamond	none	dif	hori	left	N_dis	(415, 480)	True	788231	789772	left	(512, 384)	testing
7	lp	f	21	1	circle	green	dif	hori	left	(376, 384)	(512, 248)	True	790798	792672	left	(512, 384)	testing
7	lp	f	21	1	diamond	green	same	hori	left	(512, 248)	(608, 287)	True	793736	795220	left	(512, 384)	testing
7	lp	f	21	1	circle	red	dif	hori	left	(512, 520)	(512, 248)	True	796385	797511	left	(512, 384)	testing
7	lp	f	21	1	diamond	green	same	hori	left	(512, 520)	(608, 287)	True	798671	800159	left	(512, 384)	testing
7	lp	f	21	1	circle	green	dif	vert	up	(512, 520)	(415, 480)	True	801365	802484	up	(512, 384)	testing
7	lp	f	21	1	circle	none	dif	vert	up	N_dis	(512, 248)	True	803725	804756	up	(512, 384)	testing
7	lp	f	21	1	circle	red	dif	vert	up	(512, 520)	(608, 480)	True	805834	808219	up	(512, 384)	testing
7	lp	f	21	1	circle	red	same	hori	left	(512, 520)	(648, 384)	True	809491	810536	left	(512, 384)	testing
7	lp	f	21	1	diamond	none	same	vert	up	N_dis	(415, 287)	True	811593	814014	up	(512, 384)	testing
7	lp	f	21	1	diamond	red	same	hori	left	(608, 480)	(608, 287)	True	815052	816397	left	(512, 384)	testing
7	lp	f	21	1	circle	red	dif	hori	left	(512, 520)	(512, 248)	True	817635	818886	left	(512, 384)	testing
7	lp	f	21	1	circle	none	dif	vert	up	N_dis	(415, 480)	True	820112	821490	up	(512, 384)	testing
7	lp	f	21	1	circle	green	dif	hori	left	(512, 520)	(512, 248)	True	822687	823962	left	(512, 384)	testing
7	lp	f	21	1	circle	none	dif	vert	up	N_dis	(608, 480)	True	825181	827103	up	(512, 384)	testing
7	lp	f	21	1	diamond	none	same	hori	left	N_dis	(648, 384)	True	828190	829489	left	(512, 384)	testing
7	lp	f	21	1	circle	none	same	vert	up	N_dis	(648, 384)	True	830741	833078	up	(512, 384)	testing
7	lp	f	21	1	circle	green	dif	hori	left	(512, 520)	(415, 480)	True	834249	835470	left	(512, 384)	testing
7	lp	f	21	1	circle	green	same	vert	up	(512, 520)	(376, 384)	True	836605	837502	up	(512, 384)	testing
7	lp	f	21	1	diamond	red	same	vert	up	(415, 287)	(415, 480)	True	838593	840778	up	(512, 384)	testing
7	lp	f	21	1	circle	red	same	hori	left	(512, 520)	(415, 287)	True	841901	842946	left	(512, 384)	testing
7	lp	f	21	1	circle	green	dif	vert	up	(512, 520)	(512, 248)	True	844134	845842	up	(512, 384)	testing
7	lp	f	21	1	diamond	red	dif	hori	left	(512, 520)	(512, 248)	True	847073	848146	left	(512, 384)	testing
7	lp	f	21	1	circle	none	same	hori	left	N_dis	(512, 520)	True	849367	850535	left	(512, 384)	testing
7	lp	f	21	1	circle	red	dif	hori	left	(512, 520)	(608, 480)	True	851709	852845	left	(512, 384)	testing
7	lp	f	21	1	diamond	green	same	vert	up	(376, 384)	(415, 287)	True	854087	856167	up	(512, 384)	testing
7	lp	f	21	1	circle	red	dif	vert	up	(512, 520)	(415, 480)	True	857243	859773	up	(512, 384)	testing
7	lp	f	21	1	diamond	none	same	hori	left	N_dis	(376, 384)	True	860967	863231	left	(512, 384)	testing
7	lp	f	21	1	diamond	red	dif	vert	up	(512, 520)	(608, 480)	True	864366	866285	up	(512, 384)	testing
7	lp	f	21	1	circle	none	same	vert	up	N_dis	(608, 287)	True	867511	870147	up	(512, 384)	testing
7	lp	f	21	1	diamond	green	dif	vert	up	(512, 520)	(648, 384)	True	871276	872960	up	(512, 384)	testing
7	lp	f	21	1	circle	green	same	hori	left	(415, 287)	(512, 248)	True	874179	876324	left	(512, 384)	testing
7	lp	f	21	1	diamond	green	dif	vert	up	(512, 248)	(376, 384)	True	877384	879870	up	(512, 384)	testing
7	lp	f	21	1	circle	red	same	vert	up	(512, 520)	(376, 384)	True	881039	882850	up	(512, 384)	testing
