subj	name	gender	age	runNum	shape	dist	td_dif	resp	resp_key	d_loc	t_loc	gotKey	startTime	respTime	resp	fix_loc	prac
8	sy	f	18	9	diamond	none	dif	vert	up	N_dis	(512, 248)	True	59095	59884	up	(512, 384)	testing
8	sy	f	18	9	diamond	green	same	hori	left	(376, 384)	(512, 520)	True	60975	61704	left	(512, 384)	testing
8	sy	f	18	9	diamond	none	dif	vert	up	N_dis	(608, 287)	True	62848	63498	up	(512, 384)	testing
8	sy	f	18	9	diamond	red	same	hori	left	(415, 480)	(512, 248)	True	64637	65539	left	(512, 384)	testing
8	sy	f	18	9	diamond	none	dif	vert	up	N_dis	(512, 248)	True	66622	67626	up	(512, 384)	testing
8	sy	f	18	9	diamond	green	same	hori	left	(608, 287)	(512, 248)	True	68693	69404	left	(512, 384)	testing
8	sy	f	18	9	diamond	green	dif	vert	up	(415, 480)	(415, 287)	True	70475	71437	up	(512, 384)	testing
8	sy	f	18	9	circle	green	same	vert	up	(415, 480)	(648, 384)	True	72702	74403	up	(512, 384)	testing
8	sy	f	18	9	circle	green	same	hori	left	(608, 480)	(376, 384)	True	75445	76226	left	(512, 384)	testing
8	sy	f	18	9	circle	red	same	hori	left	(415, 480)	(376, 384)	True	77319	78162	left	(512, 384)	testing
8	sy	f	18	9	diamond	red	same	vert	up	(415, 480)	(415, 287)	True	79286	80266	left	(512, 384)	testing
8	sy	f	18	9	diamond	none	same	hori	left	N_dis	(376, 384)	True	82933	83808	left	(512, 384)	testing
8	sy	f	18	9	diamond	none	dif	hori	left	N_dis	(608, 287)	True	84941	86395	left	(512, 384)	testing
8	sy	f	18	9	diamond	green	same	hori	left	(376, 384)	(415, 287)	True	87480	88837	left	(512, 384)	testing
8	sy	f	18	9	circle	red	same	vert	up	(648, 384)	(608, 480)	True	90068	91296	up	(512, 384)	testing
8	sy	f	18	9	diamond	red	dif	vert	up	(648, 384)	(376, 384)	True	92537	93383	up	(512, 384)	testing
8	sy	f	18	9	circle	red	same	vert	up	(415, 480)	(608, 480)	True	94596	96548	up	(512, 384)	testing
8	sy	f	18	9	diamond	none	same	vert	up	N_dis	(415, 287)	True	97651	99860	up	(512, 384)	testing
8	sy	f	18	9	circle	green	dif	vert	up	(415, 480)	(415, 287)	True	100958	102285	up	(512, 384)	testing
8	sy	f	18	9	circle	green	dif	vert	up	(415, 480)	(608, 480)	True	103461	104323	up	(512, 384)	testing
8	sy	f	18	9	circle	green	dif	vert	up	(415, 480)	(648, 384)	True	105391	106163	up	(512, 384)	testing
8	sy	f	18	9	diamond	red	dif	vert	up	(608, 480)	(512, 248)	True	107300	108914	up	(512, 384)	testing
8	sy	f	18	9	circle	green	same	vert	up	(415, 480)	(608, 480)	True	110117	111843	up	(512, 384)	testing
8	sy	f	18	9	diamond	green	dif	hori	left	(415, 287)	(376, 384)	True	112878	113956	left	(512, 384)	testing
8	sy	f	18	9	circle	red	same	hori	left	(512, 248)	(512, 520)	True	115032	117050	left	(512, 384)	testing
8	sy	f	18	9	diamond	red	dif	vert	up	(415, 480)	(608, 480)	True	118284	120045	up	(512, 384)	testing
8	sy	f	18	9	circle	red	dif	vert	up	(415, 480)	(648, 384)	True	121071	122141	up	(512, 384)	testing
8	sy	f	18	9	diamond	none	dif	hori	left	N_dis	(415, 287)	True	123336	124114	left	(512, 384)	testing
8	sy	f	18	9	diamond	red	dif	hori	left	(648, 384)	(512, 248)	True	125206	126788	left	(512, 384)	testing
8	sy	f	18	9	circle	red	dif	vert	up	(415, 480)	(512, 520)	True	127814	129307	up	(512, 384)	testing
8	sy	f	18	9	circle	none	same	vert	up	N_dis	(512, 520)	True	130341	131349	up	(512, 384)	testing
8	sy	f	18	9	circle	green	dif	vert	up	(415, 480)	(376, 384)	True	132595	134034	up	(512, 384)	testing
8	sy	f	18	9	circle	none	same	hori	left	N_dis	(608, 287)	True	135113	136275	left	(512, 384)	testing
8	sy	f	18	9	circle	none	same	vert	up	N_dis	(512, 520)	True	137370	138274	up	(512, 384)	testing
8	sy	f	18	9	circle	none	dif	hori	left	N_dis	(512, 248)	True	139306	140365	left	(512, 384)	testing
8	sy	f	18	9	diamond	green	dif	vert	up	(415, 480)	(648, 384)	True	141396	142520	up	(512, 384)	testing
8	sy	f	18	9	diamond	green	dif	vert	up	(512, 248)	(608, 287)	True	143606	144867	up	(512, 384)	testing
8	sy	f	18	9	diamond	red	dif	vert	up	(415, 480)	(512, 248)	True	146075	146877	up	(512, 384)	testing
8	sy	f	18	9	diamond	red	dif	hori	left	(608, 480)	(648, 384)	True	148120	149285	left	(512, 384)	testing
8	sy	f	18	9	circle	red	same	vert	up	(415, 480)	(608, 287)	True	150527	151252	up	(512, 384)	testing
8	sy	f	18	9	circle	red	dif	hori	left	(415, 480)	(512, 520)	True	152411	154025	left	(512, 384)	testing
8	sy	f	18	9	circle	red	dif	hori	left	(608, 480)	(608, 287)	True	155134	155777	left	(512, 384)	testing
8	sy	f	18	9	circle	red	dif	hori	left	(415, 480)	(512, 248)	True	156911	157705	left	(512, 384)	testing
8	sy	f	18	9	diamond	none	same	hori	left	N_dis	(415, 480)	True	158730	159596	left	(512, 384)	testing
8	sy	f	18	9	diamond	none	same	hori	left	N_dis	(648, 384)	True	160825	162035	left	(512, 384)	testing
8	sy	f	18	9	diamond	none	same	vert	up	N_dis	(415, 287)	True	163229	163956	up	(512, 384)	testing
8	sy	f	18	9	circle	red	dif	vert	up	(415, 480)	(415, 287)	True	165141	166423	up	(512, 384)	testing
8	sy	f	18	9	diamond	none	same	vert	up	N_dis	(648, 384)	True	167523	169062	up	(512, 384)	testing
8	sy	f	18	9	circle	green	dif	hori	left	(415, 480)	(608, 287)	True	170135	171183	left	(512, 384)	testing
8	sy	f	18	9	diamond	red	same	vert	up	(415, 480)	(512, 248)	True	172395	173043	up	(512, 384)	testing
8	sy	f	18	9	circle	red	same	hori	left	(415, 480)	(415, 287)	True	174186	175110	left	(512, 384)	testing
8	sy	f	18	9	circle	green	dif	hori	left	(415, 480)	(608, 287)	True	176296	176959	left	(512, 384)	testing
8	sy	f	18	9	diamond	none	same	vert	up	N_dis	(648, 384)	True	178011	178941	up	(512, 384)	testing
8	sy	f	18	9	circle	none	dif	vert	up	N_dis	(512, 520)	True	180183	181776	up	(512, 384)	testing
8	sy	f	18	9	circle	green	dif	hori	left	(415, 287)	(648, 384)	True	182816	183515	left	(512, 384)	testing
8	sy	f	18	9	diamond	green	dif	hori	left	(376, 384)	(415, 287)	True	184772	186168	left	(512, 384)	testing
8	sy	f	18	9	diamond	red	same	hori	left	(415, 480)	(608, 287)	True	187308	188471	left	(512, 384)	testing
8	sy	f	18	9	diamond	none	dif	hori	left	N_dis	(648, 384)	True	189579	190260	left	(512, 384)	testing
8	sy	f	18	9	circle	red	same	hori	left	(608, 287)	(648, 384)	True	191310	192219	left	(512, 384)	testing
8	sy	f	18	9	circle	none	same	hori	left	N_dis	(415, 480)	True	193243	193957	left	(512, 384)	testing
8	sy	f	18	9	circle	none	dif	hori	left	N_dis	(415, 480)	True	195092	195873	left	(512, 384)	testing
8	sy	f	18	9	circle	red	same	vert	up	(648, 384)	(415, 287)	True	196989	198164	up	(512, 384)	testing
8	sy	f	18	9	circle	none	dif	hori	left	N_dis	(608, 287)	True	199400	200624	left	(512, 384)	testing
8	sy	f	18	9	circle	green	dif	vert	up	(415, 480)	(376, 384)	True	201832	202821	up	(512, 384)	testing
8	sy	f	18	9	diamond	green	dif	hori	left	(415, 480)	(415, 287)	True	203878	205410	left	(512, 384)	testing
8	sy	f	18	9	circle	green	same	hori	left	(512, 248)	(512, 520)	True	206522	207421	left	(512, 384)	testing
8	sy	f	18	9	diamond	red	same	vert	up	(512, 520)	(512, 248)	True	208533	211078	up	(512, 384)	testing
8	sy	f	18	9	circle	none	dif	hori	left	N_dis	(376, 384)	True	212309	212925	left	(512, 384)	testing
8	sy	f	18	9	circle	none	dif	vert	up	N_dis	(415, 480)	True	214044	215073	up	(512, 384)	testing
8	sy	f	18	9	diamond	none	dif	hori	left	N_dis	(512, 520)	True	216125	216891	left	(512, 384)	testing
8	sy	f	18	9	diamond	red	dif	hori	left	(415, 480)	(512, 248)	True	218063	218734	left	(512, 384)	testing
8	sy	f	18	9	diamond	red	same	vert	up	(415, 480)	(376, 384)	True	219853	221025	up	(512, 384)	testing
8	sy	f	18	9	circle	none	same	vert	up	N_dis	(608, 480)	True	222189	223047	up	(512, 384)	testing
8	sy	f	18	9	circle	green	same	hori	left	(415, 480)	(608, 287)	True	224308	224958	left	(512, 384)	testing
8	sy	f	18	9	diamond	green	dif	vert	up	(376, 384)	(512, 520)	True	226218	227320	up	(512, 384)	testing
8	sy	f	18	9	circle	green	same	hori	left	(415, 480)	(608, 287)	True	228463	229225	left	(512, 384)	testing
8	sy	f	18	9	diamond	green	same	vert	up	(415, 480)	(648, 384)	True	230396	231483	up	(512, 384)	testing
8	sy	f	18	9	diamond	green	same	hori	left	(415, 480)	(376, 384)	True	232587	233699	left	(512, 384)	testing
8	sy	f	18	9	diamond	red	same	vert	up	(415, 480)	(512, 248)	True	234792	235607	up	(512, 384)	testing
8	sy	f	18	9	diamond	none	same	vert	up	N_dis	(415, 287)	True	236861	238459	up	(512, 384)	testing
8	sy	f	18	9	circle	green	same	vert	up	(608, 287)	(415, 287)	True	239561	241528	up	(512, 384)	testing
8	sy	f	18	9	diamond	red	dif	hori	left	(415, 480)	(608, 480)	True	242628	243456	left	(512, 384)	testing
8	sy	f	18	9	circle	none	dif	vert	up	N_dis	(608, 287)	True	244716	246260	up	(512, 384)	testing
8	sy	f	18	9	diamond	none	dif	hori	left	N_dis	(415, 480)	True	247464	248730	left	(512, 384)	testing
8	sy	f	18	9	diamond	red	dif	vert	up	(415, 480)	(512, 520)	True	249887	251872	up	(512, 384)	testing
8	sy	f	18	9	circle	none	same	vert	up	N_dis	(376, 384)	True	252970	254138	up	(512, 384)	testing
8	sy	f	18	9	circle	green	same	hori	left	(415, 480)	(512, 520)	True	255223	256778	left	(512, 384)	testing
8	sy	f	18	9	diamond	red	dif	hori	left	(512, 248)	(648, 384)	True	257882	259311	left	(512, 384)	testing
8	sy	f	18	9	circle	red	dif	vert	up	(415, 480)	(608, 480)	True	260382	261159	up	(512, 384)	testing
8	sy	f	18	9	circle	green	dif	hori	left	(512, 520)	(608, 480)	True	262414	263363	left	(512, 384)	testing
8	sy	f	18	9	diamond	red	same	hori	left	(415, 480)	(512, 520)	True	264443	265313	left	(512, 384)	testing
8	sy	f	18	9	circle	none	dif	vert	up	N_dis	(376, 384)	True	266479	267617	up	(512, 384)	testing
8	sy	f	18	9	circle	none	dif	hori	left	N_dis	(608, 480)	True	268776	269796	left	(512, 384)	testing
8	sy	f	18	9	circle	green	dif	hori	left	(415, 480)	(512, 248)	True	270894	271615	left	(512, 384)	testing
8	sy	f	18	9	diamond	green	dif	vert	up	(415, 480)	(512, 520)	True	272844	275147	up	(512, 384)	testing
8	sy	f	18	9	diamond	green	same	vert	up	(415, 480)	(608, 480)	True	276174	277072	up	(512, 384)	testing
8	sy	f	18	9	diamond	none	dif	vert	up	N_dis	(376, 384)	True	278327	279079	up	(512, 384)	testing
8	sy	f	18	9	circle	red	same	hori	left	(415, 287)	(512, 520)	True	280285	281311	left	(512, 384)	testing
8	sy	f	18	9	diamond	green	same	vert	up	(415, 480)	(608, 287)	True	282376	283179	up	(512, 384)	testing
8	sy	f	18	9	circle	none	dif	vert	up	N_dis	(608, 480)	True	284210	285076	up	(512, 384)	testing
8	sy	f	18	9	circle	green	same	vert	up	(415, 480)	(376, 384)	True	286223	287026	up	(512, 384)	testing
8	sy	f	18	9	diamond	green	same	hori	left	(415, 480)	(512, 520)	True	288100	288946	left	(512, 384)	testing
8	sy	f	18	9	diamond	none	same	hori	left	N_dis	(512, 248)	True	290210	291001	left	(512, 384)	testing
8	sy	f	18	9	diamond	green	same	vert	up	(512, 520)	(512, 248)	True	292235	293202	up	(512, 384)	testing
8	sy	f	18	9	circle	none	same	vert	up	N_dis	(415, 287)	True	294230	295249	up	(512, 384)	testing
8	sy	f	18	9	circle	none	same	hori	left	N_dis	(648, 384)	True	296514	297226	left	(512, 384)	testing
8	sy	f	18	9	diamond	green	dif	hori	left	(415, 480)	(648, 384)	True	298452	299657	left	(512, 384)	testing
8	sy	f	18	9	circle	none	same	hori	left	N_dis	(512, 520)	True	300851	301768	left	(512, 384)	testing
8	sy	f	18	9	diamond	red	same	hori	left	(415, 480)	(415, 287)	True	302957	304295	left	(512, 384)	testing
8	sy	f	18	9	diamond	red	same	hori	left	(415, 480)	(608, 287)	True	305439	306103	left	(512, 384)	testing
8	sy	f	18	9	circle	red	dif	hori	left	(415, 480)	(648, 384)	True	307284	308031	left	(512, 384)	testing
8	sy	f	18	9	circle	red	dif	vert	up	(608, 287)	(512, 248)	True	309272	310144	left	(512, 384)	testing
8	sy	f	18	9	diamond	none	dif	vert	up	N_dis	(608, 480)	True	312903	313686	up	(512, 384)	testing
8	sy	f	18	9	circle	red	dif	hori	left	(415, 287)	(512, 248)	True	314928	316729	left	(512, 384)	testing
8	sy	f	18	9	circle	none	same	hori	left	N_dis	(512, 248)	True	317948	318771	left	(512, 384)	testing
8	sy	f	18	9	circle	red	same	vert	up	(415, 480)	(608, 287)	True	319820	320607	up	(512, 384)	testing
8	sy	f	18	9	circle	green	same	vert	up	(415, 480)	(376, 384)	True	321696	322857	up	(512, 384)	testing
8	sy	f	18	9	diamond	green	dif	hori	left	(512, 520)	(608, 287)	True	324060	324887	left	(512, 384)	testing
8	sy	f	18	9	diamond	none	same	hori	left	N_dis	(608, 480)	True	325911	326710	left	(512, 384)	testing
8	sy	f	18	9	diamond	green	same	vert	up	(415, 480)	(608, 287)	True	327842	328654	up	(512, 384)	testing
