subj	name	gender	age	runNum	shape	dist	td_dif	resp	resp_key	d_loc	t_loc	gotKey	startTime	respTime	resp	fix_loc	prac
8	sy	f	18	6	diamond	green	same	hori	left	(512, 248)	(415, 287)	True	9912	10952	left	(512, 384)	testing
8	sy	f	18	6	diamond	none	same	hori	left	N_dis	(608, 287)	True	12192	12986	left	(512, 384)	testing
8	sy	f	18	6	circle	green	dif	hori	left	(512, 248)	(376, 384)	True	14168	15217	left	(512, 384)	testing
8	sy	f	18	6	circle	red	dif	hori	left	(608, 480)	(608, 287)	True	16386	18019	left	(512, 384)	testing
8	sy	f	18	6	diamond	green	same	vert	up	(512, 248)	(415, 287)	True	19230	20006	up	(512, 384)	testing
8	sy	f	18	6	circle	green	dif	hori	left	(512, 520)	(376, 384)	True	21083	21785	left	(512, 384)	testing
8	sy	f	18	6	circle	green	dif	hori	left	(512, 248)	(415, 480)	True	22938	23755	left	(512, 384)	testing
8	sy	f	18	6	circle	red	dif	hori	left	(512, 248)	(608, 287)	True	24962	25558	left	(512, 384)	testing
8	sy	f	18	6	circle	none	same	hori	left	N_dis	(608, 287)	True	26608	27347	left	(512, 384)	testing
8	sy	f	18	6	circle	red	same	hori	left	(512, 248)	(415, 480)	True	28472	29283	left	(512, 384)	testing
8	sy	f	18	6	diamond	red	dif	vert	up	(512, 248)	(512, 520)	True	30524	31370	up	(512, 384)	testing
8	sy	f	18	6	diamond	green	dif	vert	up	(512, 248)	(512, 520)	True	32534	33353	up	(512, 384)	testing
8	sy	f	18	6	circle	green	same	hori	left	(608, 287)	(648, 384)	True	34615	35608	left	(512, 384)	testing
8	sy	f	18	6	circle	red	same	vert	up	(512, 248)	(415, 287)	True	36671	37920	up	(512, 384)	testing
8	sy	f	18	6	diamond	red	same	vert	up	(415, 287)	(376, 384)	True	38995	40004	up	(512, 384)	testing
8	sy	f	18	6	circle	red	same	vert	up	(512, 248)	(415, 480)	True	41240	42225	up	(512, 384)	testing
8	sy	f	18	6	diamond	green	dif	vert	up	(512, 248)	(376, 384)	True	43397	44381	up	(512, 384)	testing
8	sy	f	18	6	circle	red	same	vert	up	(512, 248)	(608, 287)	True	45430	46403	up	(512, 384)	testing
8	sy	f	18	6	circle	red	dif	vert	up	(512, 248)	(512, 520)	True	47623	48354	up	(512, 384)	testing
8	sy	f	18	6	circle	green	same	vert	up	(648, 384)	(415, 480)	True	49481	50376	up	(512, 384)	testing
8	sy	f	18	6	circle	green	same	hori	left	(608, 287)	(376, 384)	True	51455	52254	left	(512, 384)	testing
8	sy	f	18	6	circle	green	dif	vert	up	(376, 384)	(415, 480)	True	53429	54690	up	(512, 384)	testing
8	sy	f	18	6	diamond	green	dif	hori	left	(376, 384)	(648, 384)	True	55740	57386	left	(512, 384)	testing
8	sy	f	18	6	diamond	red	same	hori	left	(512, 248)	(415, 287)	True	58632	59430	left	(512, 384)	testing
8	sy	f	18	6	diamond	green	dif	vert	up	(512, 248)	(608, 287)	True	60616	61842	up	(512, 384)	testing
8	sy	f	18	6	diamond	none	same	hori	left	N_dis	(512, 520)	True	62997	63815	left	(512, 384)	testing
8	sy	f	18	6	diamond	red	dif	hori	left	(648, 384)	(376, 384)	True	64898	65538	left	(512, 384)	testing
8	sy	f	18	6	circle	none	same	vert	up	N_dis	(415, 287)	True	66804	67893	up	(512, 384)	testing
8	sy	f	18	6	circle	red	dif	vert	up	(512, 248)	(608, 287)	True	69115	70164	up	(512, 384)	testing
8	sy	f	18	6	circle	red	dif	hori	left	(608, 480)	(376, 384)	True	71425	72129	left	(512, 384)	testing
8	sy	f	18	6	diamond	green	same	hori	left	(512, 248)	(376, 384)	True	73237	74411	left	(512, 384)	testing
8	sy	f	18	6	diamond	red	dif	hori	left	(512, 248)	(512, 520)	True	75540	76677	left	(512, 384)	testing
8	sy	f	18	6	circle	red	dif	vert	up	(376, 384)	(415, 287)	True	77865	79057	left	(512, 384)	testing
8	sy	f	18	6	circle	none	same	vert	up	N_dis	(648, 384)	True	81623	82389	up	(512, 384)	testing
8	sy	f	18	6	diamond	none	dif	vert	up	N_dis	(608, 287)	True	83430	85081	up	(512, 384)	testing
8	sy	f	18	6	diamond	none	same	hori	left	N_dis	(376, 384)	True	86144	87086	left	(512, 384)	testing
8	sy	f	18	6	circle	none	same	vert	up	N_dis	(512, 520)	True	88327	89455	up	(512, 384)	testing
8	sy	f	18	6	diamond	green	same	hori	left	(512, 248)	(512, 520)	True	90577	91477	left	(512, 384)	testing
8	sy	f	18	6	diamond	red	same	hori	left	(376, 384)	(608, 287)	True	92503	93319	left	(512, 384)	testing
8	sy	f	18	6	diamond	none	dif	hori	left	N_dis	(608, 480)	True	94586	95246	left	(512, 384)	testing
8	sy	f	18	6	circle	green	same	hori	left	(512, 248)	(376, 384)	True	96414	97281	left	(512, 384)	testing
8	sy	f	18	6	circle	green	dif	vert	up	(512, 520)	(608, 480)	True	98305	99266	up	(512, 384)	testing
8	sy	f	18	6	diamond	none	same	vert	up	N_dis	(376, 384)	True	100363	101161	up	(512, 384)	testing
8	sy	f	18	6	diamond	green	same	vert	up	(512, 248)	(415, 287)	True	102292	104020	up	(512, 384)	testing
8	sy	f	18	6	diamond	none	dif	vert	up	N_dis	(648, 384)	True	105283	106212	up	(512, 384)	testing
8	sy	f	18	6	diamond	green	same	vert	up	(415, 480)	(608, 480)	True	107385	108494	up	(512, 384)	testing
8	sy	f	18	6	diamond	green	dif	vert	up	(512, 248)	(648, 384)	True	109694	110479	up	(512, 384)	testing
8	sy	f	18	6	circle	red	same	hori	left	(648, 384)	(415, 480)	True	111673	112482	left	(512, 384)	testing
8	sy	f	18	6	circle	red	same	hori	left	(512, 248)	(608, 287)	True	113683	114609	left	(512, 384)	testing
8	sy	f	18	6	diamond	red	dif	hori	left	(512, 248)	(376, 384)	True	115694	116884	left	(512, 384)	testing
8	sy	f	18	6	diamond	none	same	vert	up	N_dis	(415, 480)	True	117911	118946	up	(512, 384)	testing
8	sy	f	18	6	circle	green	same	vert	up	(608, 480)	(608, 287)	True	119969	121887	up	(512, 384)	testing
8	sy	f	18	6	diamond	red	dif	vert	up	(415, 480)	(376, 384)	True	123111	124252	up	(512, 384)	testing
8	sy	f	18	6	circle	green	same	vert	up	(512, 248)	(648, 384)	True	125459	126295	up	(512, 384)	testing
8	sy	f	18	6	circle	none	dif	vert	up	N_dis	(608, 480)	True	127375	129030	up	(512, 384)	testing
8	sy	f	18	6	diamond	red	same	hori	left	(512, 248)	(648, 384)	True	130278	131064	left	(512, 384)	testing
8	sy	f	18	6	diamond	red	dif	vert	up	(512, 248)	(415, 480)	True	132335	133063	up	(512, 384)	testing
8	sy	f	18	6	circle	green	dif	hori	left	(512, 248)	(648, 384)	True	134275	135470	left	(512, 384)	testing
8	sy	f	18	6	diamond	none	dif	hori	left	N_dis	(648, 384)	True	136618	137302	left	(512, 384)	testing
8	sy	f	18	6	diamond	red	same	vert	up	(512, 248)	(648, 384)	True	138424	139455	up	(512, 384)	testing
8	sy	f	18	6	diamond	none	same	hori	left	N_dis	(415, 287)	True	140721	142210	left	(512, 384)	testing
8	sy	f	18	6	diamond	green	dif	hori	left	(415, 287)	(415, 480)	True	143242	144033	left	(512, 384)	testing
8	sy	f	18	6	diamond	red	same	hori	left	(608, 480)	(415, 480)	True	145182	146188	left	(512, 384)	testing
8	sy	f	18	6	circle	none	dif	hori	left	N_dis	(415, 287)	True	147323	148908	left	(512, 384)	testing
8	sy	f	18	6	diamond	green	same	hori	left	(415, 480)	(512, 520)	True	150101	151814	left	(512, 384)	testing
8	sy	f	18	6	diamond	none	same	vert	up	N_dis	(608, 287)	True	152964	153885	up	(512, 384)	testing
8	sy	f	18	6	circle	none	dif	hori	left	N_dis	(512, 520)	True	154931	155830	left	(512, 384)	testing
8	sy	f	18	6	circle	green	same	vert	up	(512, 248)	(648, 384)	True	156907	158164	up	(512, 384)	testing
8	sy	f	18	6	diamond	none	same	vert	up	N_dis	(608, 480)	True	159423	160653	up	(512, 384)	testing
8	sy	f	18	6	circle	red	dif	vert	up	(512, 248)	(376, 384)	True	161885	162877	up	(512, 384)	testing
8	sy	f	18	6	circle	green	same	hori	left	(512, 248)	(512, 520)	True	164096	164837	left	(512, 384)	testing
8	sy	f	18	6	circle	none	dif	vert	up	N_dis	(415, 287)	True	166100	166844	up	(512, 384)	testing
8	sy	f	18	6	circle	red	same	vert	up	(512, 248)	(415, 480)	True	168096	169039	up	(512, 384)	testing
8	sy	f	18	6	diamond	none	same	hori	left	N_dis	(376, 384)	True	170158	171140	left	(512, 384)	testing
8	sy	f	18	6	diamond	none	dif	hori	left	N_dis	(512, 248)	True	172370	173213	left	(512, 384)	testing
8	sy	f	18	6	circle	none	same	hori	left	N_dis	(648, 384)	True	174335	175073	left	(512, 384)	testing
8	sy	f	18	6	diamond	red	same	hori	left	(512, 248)	(608, 287)	True	176101	177429	left	(512, 384)	testing
8	sy	f	18	6	circle	none	dif	vert	up	N_dis	(376, 384)	True	178604	180007	up	(512, 384)	testing
8	sy	f	18	6	diamond	red	dif	hori	left	(512, 248)	(512, 520)	True	181261	182029	left	(512, 384)	testing
8	sy	f	18	6	circle	none	same	vert	up	N_dis	(512, 248)	True	183221	183924	up	(512, 384)	testing
8	sy	f	18	6	diamond	none	dif	vert	up	N_dis	(415, 480)	True	185034	185838	up	(512, 384)	testing
8	sy	f	18	6	circle	green	same	vert	up	(512, 248)	(376, 384)	True	186883	187823	up	(512, 384)	testing
8	sy	f	18	6	diamond	green	same	vert	up	(415, 287)	(608, 287)	True	188850	189961	up	(512, 384)	testing
8	sy	f	18	6	diamond	red	same	vert	up	(512, 248)	(608, 287)	True	191065	191974	up	(512, 384)	testing
8	sy	f	18	6	circle	red	same	hori	left	(512, 248)	(608, 480)	True	193188	194312	left	(512, 384)	testing
8	sy	f	18	6	circle	none	dif	hori	left	N_dis	(512, 248)	True	195582	196239	left	(512, 384)	testing
8	sy	f	18	6	circle	red	dif	vert	up	(512, 248)	(512, 520)	True	197324	198096	up	(512, 384)	testing
8	sy	f	18	6	diamond	none	dif	vert	up	N_dis	(648, 384)	True	199203	200155	up	(512, 384)	testing
8	sy	f	18	6	circle	green	same	hori	left	(648, 384)	(608, 480)	True	201222	202940	left	(512, 384)	testing
8	sy	f	18	6	circle	none	same	hori	left	N_dis	(608, 480)	True	204206	205671	left	(512, 384)	testing
8	sy	f	18	6	diamond	red	dif	vert	up	(512, 248)	(415, 480)	True	206780	207528	up	(512, 384)	testing
8	sy	f	18	6	circle	none	dif	hori	left	N_dis	(415, 480)	True	208755	210021	left	(512, 384)	testing
8	sy	f	18	6	diamond	green	dif	hori	left	(512, 248)	(648, 384)	True	211188	213509	left	(512, 384)	testing
8	sy	f	18	6	circle	red	same	hori	left	(512, 248)	(608, 480)	True	214571	215463	left	(512, 384)	testing
8	sy	f	18	6	circle	none	same	hori	left	N_dis	(512, 248)	True	216529	217179	left	(512, 384)	testing
8	sy	f	18	6	circle	green	dif	hori	left	(608, 287)	(415, 480)	True	218234	219067	left	(512, 384)	testing
8	sy	f	18	6	circle	green	dif	vert	up	(512, 248)	(608, 480)	True	220246	221223	up	(512, 384)	testing
8	sy	f	18	6	circle	red	dif	hori	left	(512, 248)	(415, 287)	True	222274	223000	up	(512, 384)	testing
8	sy	f	18	6	diamond	green	same	vert	up	(512, 248)	(608, 480)	True	225735	226753	up	(512, 384)	testing
8	sy	f	18	6	diamond	none	same	vert	up	N_dis	(376, 384)	True	227934	228652	up	(512, 384)	testing
8	sy	f	18	6	diamond	green	same	hori	left	(512, 248)	(415, 287)	True	229763	230671	left	(512, 384)	testing
8	sy	f	18	6	circle	none	dif	vert	up	N_dis	(512, 520)	True	231786	233809	up	(512, 384)	testing
8	sy	f	18	6	diamond	green	dif	hori	left	(512, 248)	(608, 480)	True	234883	236400	left	(512, 384)	testing
8	sy	f	18	6	diamond	green	dif	hori	left	(512, 248)	(608, 480)	True	237507	238150	left	(512, 384)	testing
8	sy	f	18	6	circle	none	dif	hori	left	N_dis	(608, 287)	True	239294	240255	left	(512, 384)	testing
8	sy	f	18	6	circle	none	dif	vert	up	N_dis	(415, 480)	True	241504	242383	up	(512, 384)	testing
8	sy	f	18	6	circle	none	same	hori	left	N_dis	(415, 480)	True	243444	244675	left	(512, 384)	testing
8	sy	f	18	6	circle	green	dif	vert	up	(512, 248)	(512, 520)	True	245743	246853	up	(512, 384)	testing
8	sy	f	18	6	diamond	none	dif	vert	up	N_dis	(512, 248)	True	248041	249319	up	(512, 384)	testing
8	sy	f	18	6	circle	green	dif	vert	up	(608, 287)	(608, 480)	True	250377	251344	left	(512, 384)	testing
8	sy	f	18	6	diamond	none	dif	hori	left	N_dis	(512, 520)	True	254083	254996	left	(512, 384)	testing
8	sy	f	18	6	circle	red	same	vert	up	(512, 248)	(415, 480)	True	256147	256997	up	(512, 384)	testing
8	sy	f	18	6	diamond	green	dif	vert	up	(512, 248)	(512, 520)	True	258136	259107	up	(512, 384)	testing
8	sy	f	18	6	circle	none	same	vert	up	N_dis	(608, 480)	True	260352	261286	up	(512, 384)	testing
8	sy	f	18	6	diamond	red	same	vert	up	(512, 248)	(608, 480)	True	262406	263493	up	(512, 384)	testing
8	sy	f	18	6	diamond	red	same	vert	up	(512, 520)	(608, 480)	True	264535	265407	up	(512, 384)	testing
8	sy	f	18	6	diamond	red	dif	vert	up	(512, 520)	(415, 480)	True	266436	267645	up	(512, 384)	testing
8	sy	f	18	6	diamond	none	dif	hori	left	N_dis	(415, 287)	True	268887	270341	left	(512, 384)	testing
8	sy	f	18	6	diamond	red	dif	hori	left	(415, 287)	(648, 384)	True	271586	273119	left	(512, 384)	testing
8	sy	f	18	6	circle	red	dif	hori	left	(415, 480)	(415, 287)	True	274384	276171	left	(512, 384)	testing
