subj	name	gender	age	runNum	shape	dist	td_dif	resp	resp_key	d_loc	t_loc	gotKey	startTime	respTime	resp	fix_loc	prac
8	sy	f	18	3	circle	red	same	vert	up	(512, 248)	(415, 480)	True	8799	9835	up	(512, 384)	testing
8	sy	f	18	3	diamond	red	dif	hori	left	(376, 384)	(512, 520)	True	11093	12102	left	(512, 384)	testing
8	sy	f	18	3	circle	none	dif	vert	up	N_dis	(512, 248)	True	13205	14187	up	(512, 384)	testing
8	sy	f	18	3	diamond	none	same	vert	up	N_dis	(608, 480)	True	15447	16379	up	(512, 384)	testing
8	sy	f	18	3	diamond	none	dif	vert	up	N_dis	(608, 287)	True	17467	18174	up	(512, 384)	testing
8	sy	f	18	3	diamond	none	same	hori	left	N_dis	(415, 287)	True	19251	20050	left	(512, 384)	testing
8	sy	f	18	3	diamond	green	dif	vert	up	(512, 520)	(376, 384)	True	21228	22559	up	(512, 384)	testing
8	sy	f	18	3	circle	none	same	hori	left	N_dis	(376, 384)	True	23737	24442	left	(512, 384)	testing
8	sy	f	18	3	diamond	red	same	vert	up	(512, 248)	(415, 480)	True	25629	26427	up	(512, 384)	testing
8	sy	f	18	3	diamond	red	dif	hori	left	(512, 248)	(648, 384)	True	27585	28894	left	(512, 384)	testing
8	sy	f	18	3	diamond	red	dif	hori	left	(512, 248)	(608, 480)	True	30046	30890	left	(512, 384)	testing
8	sy	f	18	3	circle	none	dif	vert	up	N_dis	(648, 384)	True	32037	33106	up	(512, 384)	testing
8	sy	f	18	3	circle	red	same	hori	left	(512, 248)	(376, 384)	True	34232	35116	left	(512, 384)	testing
8	sy	f	18	3	diamond	none	same	hori	left	N_dis	(608, 287)	True	36247	37414	left	(512, 384)	testing
8	sy	f	18	3	circle	red	dif	vert	up	(512, 248)	(512, 520)	True	38609	40195	up	(512, 384)	testing
8	sy	f	18	3	diamond	green	same	hori	left	(512, 248)	(512, 520)	True	41279	42157	left	(512, 384)	testing
8	sy	f	18	3	diamond	green	same	vert	up	(608, 287)	(648, 384)	True	43390	44421	up	(512, 384)	testing
8	sy	f	18	3	diamond	none	dif	hori	left	N_dis	(415, 480)	True	45536	46312	left	(512, 384)	testing
8	sy	f	18	3	diamond	red	same	hori	left	(512, 248)	(512, 520)	True	47486	48476	left	(512, 384)	testing
8	sy	f	18	3	circle	green	same	vert	up	(512, 248)	(415, 480)	True	49605	51053	up	(512, 384)	testing
8	sy	f	18	3	circle	green	dif	vert	up	(608, 480)	(648, 384)	True	52116	53026	up	(512, 384)	testing
8	sy	f	18	3	circle	green	same	vert	up	(512, 248)	(415, 287)	True	54164	54913	up	(512, 384)	testing
8	sy	f	18	3	diamond	red	same	hori	left	(512, 248)	(608, 287)	True	56141	57033	left	(512, 384)	testing
8	sy	f	18	3	circle	none	dif	hori	left	N_dis	(415, 480)	True	58073	58817	left	(512, 384)	testing
8	sy	f	18	3	circle	green	dif	hori	left	(512, 248)	(415, 480)	True	59996	60700	left	(512, 384)	testing
8	sy	f	18	3	circle	none	dif	vert	up	N_dis	(415, 287)	True	61923	62696	up	(512, 384)	testing
8	sy	f	18	3	diamond	red	dif	vert	up	(512, 248)	(648, 384)	True	63779	64786	up	(512, 384)	testing
8	sy	f	18	3	circle	green	same	vert	up	(648, 384)	(415, 480)	True	65892	66788	left	(512, 384)	testing
8	sy	f	18	3	circle	red	dif	vert	up	(648, 384)	(608, 480)	True	69402	70529	up	(512, 384)	testing
8	sy	f	18	3	circle	none	same	vert	up	N_dis	(376, 384)	True	71741	72414	up	(512, 384)	testing
8	sy	f	18	3	diamond	green	same	hori	left	(512, 248)	(608, 480)	True	73442	74390	left	(512, 384)	testing
8	sy	f	18	3	diamond	red	same	vert	up	(512, 248)	(648, 384)	True	75639	76725	up	(512, 384)	testing
8	sy	f	18	3	diamond	green	dif	hori	left	(608, 480)	(648, 384)	True	77780	78887	left	(512, 384)	testing
8	sy	f	18	3	circle	red	dif	hori	left	(512, 248)	(376, 384)	True	80111	80980	left	(512, 384)	testing
8	sy	f	18	3	circle	none	same	vert	up	N_dis	(608, 287)	True	82031	82695	up	(512, 384)	testing
8	sy	f	18	3	circle	red	dif	hori	left	(415, 287)	(512, 520)	True	83808	84905	left	(512, 384)	testing
8	sy	f	18	3	diamond	green	same	hori	left	(512, 248)	(415, 480)	True	86139	87385	left	(512, 384)	testing
8	sy	f	18	3	diamond	none	dif	vert	up	N_dis	(648, 384)	True	88500	89199	up	(512, 384)	testing
8	sy	f	18	3	circle	none	same	hori	left	N_dis	(512, 248)	True	90380	91411	left	(512, 384)	testing
8	sy	f	18	3	circle	red	same	hori	left	(512, 248)	(512, 520)	True	92545	93861	left	(512, 384)	testing
8	sy	f	18	3	circle	red	same	vert	up	(512, 248)	(512, 520)	True	94981	95886	up	(512, 384)	testing
8	sy	f	18	3	circle	red	same	vert	up	(512, 248)	(415, 287)	True	97067	97754	up	(512, 384)	testing
8	sy	f	18	3	diamond	red	same	vert	up	(512, 248)	(415, 287)	True	98841	100050	up	(512, 384)	testing
8	sy	f	18	3	circle	green	same	vert	up	(512, 248)	(415, 287)	True	101273	102187	up	(512, 384)	testing
8	sy	f	18	3	circle	none	dif	vert	up	N_dis	(608, 480)	True	103448	104494	up	(512, 384)	testing
8	sy	f	18	3	diamond	green	same	hori	left	(512, 248)	(608, 480)	True	105678	107369	left	(512, 384)	testing
8	sy	f	18	3	diamond	none	same	hori	left	N_dis	(608, 287)	True	108481	109200	left	(512, 384)	testing
8	sy	f	18	3	circle	green	same	hori	left	(512, 248)	(608, 287)	True	110391	111453	left	(512, 384)	testing
8	sy	f	18	3	diamond	red	same	hori	left	(376, 384)	(648, 384)	True	112709	113793	left	(512, 384)	testing
8	sy	f	18	3	diamond	red	dif	hori	left	(415, 287)	(376, 384)	True	114963	115984	left	(512, 384)	testing
8	sy	f	18	3	diamond	none	dif	vert	up	N_dis	(415, 480)	True	117164	119311	up	(512, 384)	testing
8	sy	f	18	3	circle	red	dif	vert	up	(608, 480)	(648, 384)	True	120494	121760	up	(512, 384)	testing
8	sy	f	18	3	diamond	none	dif	hori	left	N_dis	(512, 520)	True	122965	123993	left	(512, 384)	testing
8	sy	f	18	3	circle	green	dif	hori	left	(512, 248)	(376, 384)	True	125258	126019	left	(512, 384)	testing
8	sy	f	18	3	circle	red	dif	vert	up	(608, 287)	(415, 480)	True	127100	128312	left	(512, 384)	testing
8	sy	f	18	3	diamond	none	dif	vert	up	N_dis	(512, 520)	True	130993	132049	up	(512, 384)	testing
8	sy	f	18	3	diamond	none	dif	vert	up	N_dis	(608, 480)	True	133079	133813	up	(512, 384)	testing
8	sy	f	18	3	circle	green	same	vert	up	(512, 248)	(376, 384)	True	134887	135931	up	(512, 384)	testing
8	sy	f	18	3	circle	green	same	hori	left	(512, 248)	(608, 287)	True	137042	137728	left	(512, 384)	testing
8	sy	f	18	3	diamond	none	same	vert	up	N_dis	(512, 248)	True	138752	139665	up	(512, 384)	testing
8	sy	f	18	3	diamond	red	same	vert	up	(648, 384)	(512, 520)	True	140793	142304	up	(512, 384)	testing
8	sy	f	18	3	diamond	green	same	vert	up	(512, 248)	(376, 384)	True	143412	144766	up	(512, 384)	testing
8	sy	f	18	3	diamond	red	dif	vert	up	(512, 520)	(608, 480)	True	145818	147751	up	(512, 384)	testing
8	sy	f	18	3	diamond	green	dif	hori	left	(512, 248)	(648, 384)	True	148783	149832	left	(512, 384)	testing
8	sy	f	18	3	circle	red	same	hori	left	(376, 384)	(512, 520)	True	151085	152284	left	(512, 384)	testing
8	sy	f	18	3	diamond	none	same	hori	left	N_dis	(512, 520)	True	153349	154351	left	(512, 384)	testing
8	sy	f	18	3	diamond	green	dif	hori	left	(415, 480)	(648, 384)	True	155606	156777	left	(512, 384)	testing
8	sy	f	18	3	diamond	green	same	vert	up	(415, 480)	(376, 384)	True	157931	159252	up	(512, 384)	testing
8	sy	f	18	3	circle	red	dif	vert	up	(512, 248)	(415, 287)	True	160300	162004	up	(512, 384)	testing
8	sy	f	18	3	diamond	green	dif	vert	up	(512, 248)	(512, 520)	True	163199	164175	up	(512, 384)	testing
8	sy	f	18	3	circle	green	dif	hori	left	(608, 287)	(415, 480)	True	165347	166794	left	(512, 384)	testing
8	sy	f	18	3	diamond	red	same	vert	up	(415, 480)	(608, 287)	True	168063	169149	up	(512, 384)	testing
8	sy	f	18	3	circle	red	same	vert	up	(512, 248)	(415, 480)	True	170322	171703	up	(512, 384)	testing
8	sy	f	18	3	diamond	green	dif	hori	left	(415, 287)	(608, 287)	True	172757	174351	left	(512, 384)	testing
8	sy	f	18	3	diamond	green	dif	vert	up	(512, 248)	(512, 520)	True	175546	176632	up	(512, 384)	testing
8	sy	f	18	3	circle	none	dif	hori	left	N_dis	(648, 384)	True	177816	178628	left	(512, 384)	testing
8	sy	f	18	3	diamond	green	same	vert	up	(512, 520)	(608, 480)	True	179661	180664	up	(512, 384)	testing
8	sy	f	18	3	circle	none	same	hori	left	N_dis	(608, 480)	True	181832	182772	left	(512, 384)	testing
8	sy	f	18	3	diamond	none	same	vert	up	N_dis	(512, 520)	True	183796	185875	up	(512, 384)	testing
8	sy	f	18	3	diamond	red	same	hori	left	(648, 384)	(608, 480)	True	187063	188346	left	(512, 384)	testing
8	sy	f	18	3	circle	none	dif	hori	left	N_dis	(648, 384)	True	189589	190351	left	(512, 384)	testing
8	sy	f	18	3	circle	none	same	vert	up	N_dis	(415, 480)	True	191493	192257	up	(512, 384)	testing
8	sy	f	18	3	diamond	none	same	vert	up	N_dis	(415, 287)	True	193352	195519	up	(512, 384)	testing
8	sy	f	18	3	circle	green	same	hori	left	(512, 248)	(512, 520)	True	196594	197948	left	(512, 384)	testing
8	sy	f	18	3	diamond	green	dif	vert	up	(512, 248)	(608, 287)	True	199120	200169	up	(512, 384)	testing
8	sy	f	18	3	circle	red	same	hori	left	(512, 248)	(415, 287)	True	201436	202387	left	(512, 384)	testing
8	sy	f	18	3	circle	green	dif	vert	up	(415, 480)	(376, 384)	True	203497	204520	up	(512, 384)	testing
8	sy	f	18	3	circle	none	dif	hori	left	N_dis	(415, 287)	True	205579	206829	left	(512, 384)	testing
8	sy	f	18	3	diamond	red	dif	vert	up	(512, 248)	(512, 520)	True	207922	209596	up	(512, 384)	testing
8	sy	f	18	3	diamond	green	same	hori	left	(512, 248)	(608, 480)	True	210850	211698	left	(512, 384)	testing
8	sy	f	18	3	circle	none	dif	hori	left	N_dis	(376, 384)	True	212855	213791	left	(512, 384)	testing
8	sy	f	18	3	circle	red	dif	hori	left	(512, 248)	(608, 480)	True	214817	215617	left	(512, 384)	testing
8	sy	f	18	3	circle	green	same	hori	left	(415, 287)	(512, 520)	True	216755	217604	left	(512, 384)	testing
8	sy	f	18	3	diamond	none	same	hori	left	N_dis	(415, 480)	True	218665	219544	left	(512, 384)	testing
8	sy	f	18	3	diamond	none	dif	hori	left	N_dis	(648, 384)	True	220809	221959	left	(512, 384)	testing
8	sy	f	18	3	circle	red	same	vert	up	(512, 248)	(648, 384)	True	223159	224448	up	(512, 384)	testing
8	sy	f	18	3	diamond	red	dif	vert	up	(512, 248)	(648, 384)	True	225479	226475	up	(512, 384)	testing
8	sy	f	18	3	circle	green	dif	hori	left	(512, 248)	(512, 520)	True	227637	228489	left	(512, 384)	testing
8	sy	f	18	3	circle	green	dif	vert	up	(512, 248)	(608, 480)	True	229660	231182	up	(512, 384)	testing
8	sy	f	18	3	circle	red	same	hori	left	(512, 248)	(376, 384)	True	232365	233087	left	(512, 384)	testing
8	sy	f	18	3	diamond	none	same	vert	up	N_dis	(512, 520)	True	234303	235069	up	(512, 384)	testing
8	sy	f	18	3	circle	none	same	hori	left	N_dis	(376, 384)	True	236142	237079	left	(512, 384)	testing
8	sy	f	18	3	diamond	none	dif	hori	left	N_dis	(415, 287)	True	238278	240724	left	(512, 384)	testing
8	sy	f	18	3	diamond	red	dif	vert	up	(512, 248)	(608, 287)	True	241768	242695	up	(512, 384)	testing
8	sy	f	18	3	diamond	none	dif	hori	left	N_dis	(376, 384)	True	243797	244896	left	(512, 384)	testing
8	sy	f	18	3	diamond	green	same	vert	up	(608, 287)	(415, 287)	True	246060	247280	up	(512, 384)	testing
8	sy	f	18	3	circle	green	same	hori	left	(512, 248)	(648, 384)	True	248316	249359	left	(512, 384)	testing
8	sy	f	18	3	diamond	red	same	hori	left	(512, 248)	(376, 384)	True	250619	251478	left	(512, 384)	testing
8	sy	f	18	3	circle	red	dif	hori	left	(512, 520)	(648, 384)	True	252690	253707	left	(512, 384)	testing
8	sy	f	18	3	diamond	red	dif	hori	left	(512, 248)	(608, 287)	True	254978	255999	left	(512, 384)	testing
8	sy	f	18	3	circle	red	dif	hori	left	(512, 248)	(608, 287)	True	257263	258060	left	(512, 384)	testing
8	sy	f	18	3	circle	green	dif	vert	up	(376, 384)	(648, 384)	True	259191	260143	up	(512, 384)	testing
8	sy	f	18	3	circle	green	dif	vert	up	(608, 480)	(415, 480)	True	261243	262211	up	(512, 384)	testing
8	sy	f	18	3	diamond	green	dif	vert	up	(512, 248)	(608, 480)	True	263372	264386	up	(512, 384)	testing
8	sy	f	18	3	circle	green	dif	hori	left	(512, 248)	(415, 480)	True	265636	266795	left	(512, 384)	testing
8	sy	f	18	3	diamond	green	dif	hori	left	(512, 248)	(415, 287)	True	267937	268851	left	(512, 384)	testing
8	sy	f	18	3	circle	none	same	vert	up	N_dis	(512, 248)	True	269996	271556	left	(512, 384)	testing
8	sy	f	18	3	circle	none	same	hori	left	N_dis	(608, 287)	True	274154	274995	left	(512, 384)	testing
8	sy	f	18	3	circle	none	same	vert	up	N_dis	(512, 248)	True	276061	277216	up	(512, 384)	testing
8	sy	f	18	3	circle	none	dif	vert	up	N_dis	(608, 480)	True	278374	279213	up	(512, 384)	testing
