subj	name	gender	age	runNum	shape	dist	td_dif	resp	resp_key	d_loc	t_loc	gotKey	startTime	respTime	resp	fix_loc	prac
8	sy	f	18	1	circle	green	same	hori	left	(608, 480)	(608, 287)	True	252450	254850	left	(512, 384)	practice
8	sy	f	18	1	circle	red	dif	vert	up	(608, 480)	(415, 287)	True	256003	256951	left	(512, 384)	practice
8	sy	f	18	1	circle	none	dif	vert	up	N_dis	(376, 384)	True	259496	260911	up	(512, 384)	practice
8	sy	f	18	1	circle	red	dif	hori	left	(608, 480)	(648, 384)	True	261949	263142	up	(512, 384)	practice
8	sy	f	18	1	circle	green	same	vert	up	(608, 480)	(608, 287)	False	265828	None	None	(512, 384)	practice
8	sy	f	18	1	diamond	none	dif	vert	up	N_dis	(608, 287)	True	271410	272721	up	(512, 384)	practice
8	sy	f	18	1	circle	red	dif	vert	up	(608, 480)	(608, 287)	True	273973	275371	up	(512, 384)	practice
8	sy	f	18	1	diamond	green	dif	hori	left	(608, 480)	(608, 287)	True	276459	277809	left	(512, 384)	practice
8	sy	f	18	1	diamond	red	dif	vert	up	(608, 480)	(376, 384)	True	279000	279991	up	(512, 384)	practice
8	sy	f	18	1	diamond	none	dif	vert	up	N_dis	(415, 287)	True	281179	282333	up	(512, 384)	practice
8	sy	f	18	1	diamond	green	same	vert	up	(608, 480)	(415, 287)	True	283512	284706	up	(512, 384)	practice
8	sy	f	18	1	circle	red	dif	vert	up	(608, 480)	(608, 287)	True	285971	286733	up	(512, 384)	practice
8	sy	f	18	1	diamond	red	dif	vert	up	(608, 480)	(648, 384)	True	287775	289008	up	(512, 384)	practice
8	sy	f	18	1	diamond	none	dif	hori	left	N_dis	(608, 480)	True	290066	290780	left	(512, 384)	practice
8	sy	f	18	1	diamond	green	same	vert	up	(608, 480)	(648, 384)	True	291917	292720	up	(512, 384)	practice
8	sy	f	18	1	circle	green	dif	hori	left	(608, 480)	(512, 248)	True	293825	294892	left	(512, 384)	practice
8	sy	f	18	1	circle	green	same	hori	left	(608, 480)	(608, 287)	True	296038	296817	left	(512, 384)	practice
8	sy	f	18	1	circle	none	same	vert	up	N_dis	(376, 384)	True	298078	298871	up	(512, 384)	practice
8	sy	f	18	1	circle	red	dif	hori	left	(608, 480)	(648, 384)	True	300133	301552	up	(512, 384)	practice
8	sy	f	18	1	circle	red	dif	vert	up	(608, 480)	(415, 480)	True	304181	305714	up	(512, 384)	practice
8	sy	f	18	1	circle	none	dif	hori	left	N_dis	(512, 248)	True	306863	307685	left	(512, 384)	practice
8	sy	f	18	1	circle	none	dif	vert	up	N_dis	(608, 287)	True	308752	309559	left	(512, 384)	practice
8	sy	f	18	1	diamond	green	dif	vert	up	(608, 480)	(648, 384)	True	312298	313884	up	(512, 384)	practice
8	sy	f	18	1	circle	red	same	vert	up	(608, 480)	(415, 480)	True	315070	317128	left	(512, 384)	practice
8	sy	f	18	1	circle	green	dif	vert	up	(608, 480)	(512, 248)	True	319897	321113	up	(512, 384)	practice
8	sy	f	18	1	diamond	none	same	hori	left	N_dis	(376, 384)	True	322231	323399	left	(512, 384)	practice
8	sy	f	18	1	diamond	green	dif	vert	up	(608, 480)	(512, 520)	True	324502	326383	up	(512, 384)	practice
8	sy	f	18	1	diamond	green	same	vert	up	(608, 480)	(415, 287)	True	327645	328751	up	(512, 384)	practice
8	sy	f	18	1	diamond	red	dif	hori	left	(608, 480)	(415, 287)	True	329794	330771	left	(512, 384)	practice
8	sy	f	18	1	diamond	green	same	hori	left	(608, 480)	(415, 287)	True	331898	333608	left	(512, 384)	practice
8	sy	f	18	1	circle	red	same	vert	up	(608, 480)	(415, 480)	True	334695	335799	up	(512, 384)	practice
8	sy	f	18	1	circle	green	dif	hori	left	(608, 480)	(648, 384)	True	337030	338107	left	(512, 384)	practice
8	sy	f	18	1	circle	green	dif	vert	up	(608, 480)	(415, 287)	True	339318	339980	up	(512, 384)	practice
8	sy	f	18	1	diamond	red	same	hori	left	(608, 480)	(415, 480)	True	341164	342379	left	(512, 384)	practice
8	sy	f	18	1	circle	green	dif	hori	left	(608, 480)	(376, 384)	True	343445	344592	left	(512, 384)	practice
8	sy	f	18	1	circle	green	dif	vert	up	(608, 480)	(512, 520)	True	345773	346709	left	(512, 384)	practice
8	sy	f	18	1	circle	red	same	hori	left	(608, 480)	(512, 520)	True	349434	350988	left	(512, 384)	practice
8	sy	f	18	1	diamond	none	same	vert	up	N_dis	(415, 480)	True	352012	353131	up	(512, 384)	practice
8	sy	f	18	1	diamond	green	dif	hori	left	(608, 480)	(376, 384)	True	354180	355751	left	(512, 384)	practice
8	sy	f	18	1	circle	green	dif	vert	up	(608, 480)	(415, 287)	True	356859	358018	up	(512, 384)	practice
8	sy	f	18	1	diamond	green	same	vert	up	(608, 480)	(415, 287)	True	363056	365058	up	(512, 384)	testing
8	sy	f	18	1	diamond	green	dif	hori	left	(608, 480)	(376, 384)	True	366208	367767	left	(512, 384)	testing
8	sy	f	18	1	diamond	green	dif	hori	left	(608, 480)	(648, 384)	True	368922	370811	left	(512, 384)	testing
8	sy	f	18	1	circle	none	dif	vert	up	N_dis	(608, 287)	True	372038	373034	up	(512, 384)	testing
8	sy	f	18	1	circle	none	same	hori	left	N_dis	(648, 384)	True	374177	375232	left	(512, 384)	testing
8	sy	f	18	1	diamond	green	same	vert	up	(608, 480)	(648, 384)	True	376494	378153	up	(512, 384)	testing
8	sy	f	18	1	diamond	green	dif	vert	up	(608, 480)	(376, 384)	True	379414	380124	up	(512, 384)	testing
8	sy	f	18	1	circle	none	dif	hori	left	N_dis	(415, 287)	True	381169	381902	left	(512, 384)	testing
8	sy	f	18	1	circle	green	dif	hori	left	(608, 480)	(512, 248)	True	383118	384103	up	(512, 384)	testing
8	sy	f	18	1	diamond	green	same	hori	left	(608, 480)	(512, 520)	True	386662	387924	up	(512, 384)	testing
8	sy	f	18	1	diamond	none	same	hori	left	N_dis	(648, 384)	True	390649	392229	left	(512, 384)	testing
8	sy	f	18	1	circle	red	same	hori	left	(512, 520)	(415, 287)	True	393393	394975	left	(512, 384)	testing
8	sy	f	18	1	circle	green	dif	hori	left	(608, 480)	(512, 248)	True	396118	397153	left	(512, 384)	testing
8	sy	f	18	1	circle	none	dif	vert	up	N_dis	(376, 384)	True	398370	399246	up	(512, 384)	testing
8	sy	f	18	1	diamond	green	dif	hori	left	(608, 480)	(608, 287)	True	400343	401810	left	(512, 384)	testing
8	sy	f	18	1	circle	red	same	vert	up	(608, 480)	(415, 480)	True	402934	404238	up	(512, 384)	testing
8	sy	f	18	1	circle	red	same	vert	up	(415, 480)	(376, 384)	True	405375	406998	left	(512, 384)	testing
8	sy	f	18	1	diamond	red	same	hori	left	(376, 384)	(415, 480)	True	409567	410798	left	(512, 384)	testing
8	sy	f	18	1	circle	green	same	hori	left	(512, 248)	(415, 287)	True	411952	413278	left	(512, 384)	testing
8	sy	f	18	1	diamond	green	same	vert	up	(608, 480)	(376, 384)	True	414412	415651	up	(512, 384)	testing
8	sy	f	18	1	diamond	red	dif	vert	up	(608, 480)	(648, 384)	True	416718	418324	up	(512, 384)	testing
8	sy	f	18	1	diamond	red	dif	vert	up	(376, 384)	(415, 287)	True	419456	420577	left	(512, 384)	testing
8	sy	f	18	1	circle	none	same	vert	up	N_dis	(376, 384)	True	423192	424899	up	(512, 384)	testing
8	sy	f	18	1	circle	red	same	vert	up	(512, 248)	(415, 480)	True	426067	427392	up	(512, 384)	testing
8	sy	f	18	1	diamond	red	same	vert	up	(648, 384)	(608, 287)	True	428660	430511	up	(512, 384)	testing
8	sy	f	18	1	circle	none	dif	hori	left	N_dis	(415, 480)	True	431725	432759	up	(512, 384)	testing
8	sy	f	18	1	circle	none	dif	vert	up	N_dis	(608, 480)	True	435359	436984	up	(512, 384)	testing
8	sy	f	18	1	diamond	red	same	vert	up	(608, 480)	(512, 520)	True	438061	440335	up	(512, 384)	testing
8	sy	f	18	1	diamond	none	same	hori	left	N_dis	(376, 384)	True	441527	442407	left	(512, 384)	testing
8	sy	f	18	1	diamond	green	dif	hori	left	(648, 384)	(415, 480)	True	443502	445579	left	(512, 384)	testing
8	sy	f	18	1	circle	red	same	hori	left	(512, 248)	(648, 384)	True	446741	448960	left	(512, 384)	testing
8	sy	f	18	1	diamond	green	dif	hori	left	(608, 480)	(415, 287)	True	450202	451888	left	(512, 384)	testing
8	sy	f	18	1	circle	red	same	hori	left	(415, 287)	(376, 384)	True	453076	454479	left	(512, 384)	testing
8	sy	f	18	1	diamond	red	dif	vert	up	(608, 287)	(376, 384)	True	455618	456873	up	(512, 384)	testing
8	sy	f	18	1	diamond	green	dif	vert	up	(512, 520)	(608, 287)	True	457902	459169	up	(512, 384)	testing
8	sy	f	18	1	diamond	red	dif	hori	left	(415, 287)	(608, 287)	True	460288	461494	left	(512, 384)	testing
8	sy	f	18	1	diamond	none	dif	hori	left	N_dis	(608, 480)	True	462645	463629	left	(512, 384)	testing
8	sy	f	18	1	diamond	red	same	hori	left	(608, 480)	(415, 480)	True	464684	466412	left	(512, 384)	testing
8	sy	f	18	1	diamond	red	dif	vert	up	(512, 520)	(512, 248)	True	467502	468663	up	(512, 384)	testing
8	sy	f	18	1	circle	green	dif	vert	up	(608, 480)	(415, 287)	True	469895	471426	up	(512, 384)	testing
8	sy	f	18	1	circle	green	dif	hori	left	(608, 480)	(376, 384)	True	472667	473939	left	(512, 384)	testing
8	sy	f	18	1	diamond	red	same	vert	up	(415, 480)	(608, 287)	True	474975	476921	up	(512, 384)	testing
8	sy	f	18	1	circle	red	dif	vert	up	(608, 480)	(415, 287)	True	478072	479778	left	(512, 384)	testing
8	sy	f	18	1	circle	red	dif	hori	left	(608, 480)	(376, 384)	True	482473	483791	left	(512, 384)	testing
8	sy	f	18	1	circle	green	same	vert	up	(608, 480)	(512, 520)	True	485044	486573	up	(512, 384)	testing
8	sy	f	18	1	diamond	none	dif	vert	up	N_dis	(608, 287)	True	487654	488617	up	(512, 384)	testing
8	sy	f	18	1	circle	green	dif	vert	up	(608, 480)	(512, 520)	True	489692	490958	up	(512, 384)	testing
8	sy	f	18	1	circle	none	same	vert	up	N_dis	(648, 384)	True	492225	493943	up	(512, 384)	testing
8	sy	f	18	1	diamond	red	dif	hori	left	(608, 480)	(608, 287)	True	495162	496278	left	(512, 384)	testing
8	sy	f	18	1	circle	none	dif	vert	up	N_dis	(512, 248)	True	497404	498732	up	(512, 384)	testing
8	sy	f	18	1	circle	none	same	hori	left	N_dis	(608, 287)	True	499800	500914	left	(512, 384)	testing
8	sy	f	18	1	circle	none	dif	vert	up	N_dis	(376, 384)	True	502134	503406	up	(512, 384)	testing
8	sy	f	18	1	diamond	red	same	hori	left	(608, 480)	(512, 248)	True	504472	506437	up	(512, 384)	testing
8	sy	f	18	1	diamond	red	dif	vert	up	(608, 480)	(376, 384)	True	509067	510292	up	(512, 384)	testing
8	sy	f	18	1	diamond	none	same	vert	up	N_dis	(512, 520)	True	511438	512715	up	(512, 384)	testing
8	sy	f	18	1	circle	green	same	hori	left	(608, 480)	(608, 287)	True	513956	515260	left	(512, 384)	testing
8	sy	f	18	1	diamond	green	same	hori	left	(512, 520)	(648, 384)	True	516355	517660	left	(512, 384)	testing
8	sy	f	18	1	circle	none	dif	hori	left	N_dis	(512, 248)	True	518759	520197	left	(512, 384)	testing
8	sy	f	18	1	diamond	none	dif	hori	left	N_dis	(512, 520)	True	521410	522902	left	(512, 384)	testing
8	sy	f	18	1	circle	none	same	hori	left	N_dis	(512, 520)	True	524090	525992	left	(512, 384)	testing
8	sy	f	18	1	circle	green	same	hori	left	(648, 384)	(415, 287)	True	527259	528214	left	(512, 384)	testing
8	sy	f	18	1	diamond	red	same	hori	left	(608, 480)	(512, 248)	True	529311	532209	left	(512, 384)	testing
8	sy	f	18	1	diamond	green	same	hori	left	(608, 480)	(415, 287)	True	533428	535417	left	(512, 384)	testing
8	sy	f	18	1	diamond	none	dif	hori	left	N_dis	(512, 248)	True	536671	537782	left	(512, 384)	testing
8	sy	f	18	1	circle	green	same	vert	up	(608, 480)	(608, 287)	True	538882	540642	up	(512, 384)	testing
8	sy	f	18	1	circle	green	same	vert	up	(608, 480)	(415, 287)	True	541708	544291	up	(512, 384)	testing
8	sy	f	18	1	diamond	none	same	vert	up	N_dis	(415, 287)	True	545426	546301	up	(512, 384)	testing
8	sy	f	18	1	circle	red	same	hori	left	(608, 480)	(512, 520)	True	547354	548644	left	(512, 384)	testing
8	sy	f	18	1	circle	green	same	vert	up	(415, 480)	(648, 384)	True	549775	552079	up	(512, 384)	testing
8	sy	f	18	1	circle	green	dif	vert	up	(608, 480)	(512, 248)	True	553146	554625	up	(512, 384)	testing
8	sy	f	18	1	circle	green	same	hori	left	(608, 287)	(415, 480)	True	555735	556890	left	(512, 384)	testing
8	sy	f	18	1	diamond	none	same	vert	up	N_dis	(608, 480)	True	558106	559196	up	(512, 384)	testing
8	sy	f	18	1	circle	red	dif	vert	up	(608, 480)	(608, 287)	True	560301	562298	up	(512, 384)	testing
8	sy	f	18	1	diamond	none	same	hori	left	N_dis	(512, 248)	True	563362	564774	left	(512, 384)	testing
8	sy	f	18	1	circle	red	dif	hori	left	(608, 480)	(512, 520)	True	566012	567348	left	(512, 384)	testing
8	sy	f	18	1	circle	red	dif	hori	left	(608, 480)	(648, 384)	True	568454	570597	left	(512, 384)	testing
8	sy	f	18	1	circle	green	dif	vert	up	(608, 480)	(512, 248)	True	571633	574597	up	(512, 384)	testing
8	sy	f	18	1	diamond	none	dif	hori	left	N_dis	(415, 287)	True	575781	576994	left	(512, 384)	testing
8	sy	f	18	1	circle	green	dif	hori	left	(608, 480)	(415, 480)	True	578086	579397	left	(512, 384)	testing
8	sy	f	18	1	diamond	green	dif	vert	up	(608, 480)	(648, 384)	True	580621	581591	up	(512, 384)	testing
8	sy	f	18	1	diamond	none	dif	vert	up	N_dis	(608, 287)	True	582668	583817	up	(512, 384)	testing
8	sy	f	18	1	diamond	red	same	vert	up	(415, 287)	(376, 384)	True	585027	587116	up	(512, 384)	testing
8	sy	f	18	1	circle	red	same	vert	up	(608, 480)	(415, 480)	True	588243	589834	up	(512, 384)	testing
8	sy	f	18	1	circle	green	dif	hori	left	(608, 480)	(648, 384)	True	591078	592992	left	(512, 384)	testing
8	sy	f	18	1	circle	none	dif	hori	left	N_dis	(512, 520)	True	594038	595410	left	(512, 384)	testing
8	sy	f	18	1	diamond	red	dif	hori	left	(415, 480)	(648, 384)	True	596645	597912	left	(512, 384)	testing
8	sy	f	18	1	diamond	green	same	vert	up	(608, 480)	(415, 287)	True	599122	601184	up	(512, 384)	testing
8	sy	f	18	1	diamond	none	same	vert	up	N_dis	(415, 480)	True	602350	603723	up	(512, 384)	testing
8	sy	f	18	1	diamond	green	same	hori	left	(608, 480)	(512, 248)	True	604964	606780	left	(512, 384)	testing
8	sy	f	18	1	circle	red	same	vert	up	(648, 384)	(512, 520)	True	607939	609450	up	(512, 384)	testing
8	sy	f	18	1	circle	green	same	vert	up	(608, 287)	(512, 520)	True	610653	612632	up	(512, 384)	testing
8	sy	f	18	1	circle	none	same	vert	up	N_dis	(648, 384)	True	613809	614835	up	(512, 384)	testing
8	sy	f	18	1	circle	none	same	hori	left	N_dis	(648, 384)	True	615901	616667	left	(512, 384)	testing
8	sy	f	18	1	circle	red	dif	vert	up	(608, 480)	(415, 287)	True	617743	618854	up	(512, 384)	testing
8	sy	f	18	1	circle	red	dif	hori	left	(608, 480)	(376, 384)	True	619969	620859	left	(512, 384)	testing
8	sy	f	18	1	circle	red	dif	vert	up	(608, 480)	(608, 287)	True	621924	622694	up	(512, 384)	testing
8	sy	f	18	1	diamond	none	dif	vert	up	N_dis	(415, 287)	True	623724	624814	up	(512, 384)	testing
8	sy	f	18	1	diamond	none	dif	hori	left	N_dis	(512, 248)	True	625882	627279	left	(512, 384)	testing
8	sy	f	18	1	diamond	green	dif	vert	up	(608, 480)	(512, 520)	True	628426	629982	up	(512, 384)	testing
8	sy	f	18	1	diamond	none	dif	vert	up	N_dis	(608, 480)	True	631189	632280	up	(512, 384)	testing
8	sy	f	18	1	diamond	none	same	vert	up	N_dis	(376, 384)	True	633469	634385	up	(512, 384)	testing
8	sy	f	18	1	diamond	green	same	vert	up	(512, 248)	(415, 287)	True	635506	636163	up	(512, 384)	testing
8	sy	f	18	1	circle	red	same	hori	left	(376, 384)	(608, 287)	True	637359	639883	left	(512, 384)	testing
8	sy	f	18	1	circle	none	same	vert	up	N_dis	(415, 480)	True	640970	642021	up	(512, 384)	testing
8	sy	f	18	1	diamond	none	dif	vert	up	N_dis	(415, 287)	True	643192	644707	up	(512, 384)	testing
8	sy	f	18	1	diamond	none	same	hori	left	N_dis	(415, 480)	True	645856	647484	left	(512, 384)	testing
8	sy	f	18	1	circle	none	dif	hori	left	N_dis	(608, 480)	True	648542	649761	left	(512, 384)	testing
8	sy	f	18	1	diamond	red	same	hori	left	(376, 384)	(512, 520)	True	650825	652321	left	(512, 384)	testing
8	sy	f	18	1	diamond	none	same	hori	left	N_dis	(415, 480)	True	653414	655416	left	(512, 384)	testing
8	sy	f	18	1	circle	none	same	vert	up	N_dis	(608, 287)	True	656478	657398	up	(512, 384)	testing
8	sy	f	18	1	diamond	green	dif	vert	up	(608, 480)	(415, 480)	False	658495	None	None	(512, 384)	testing
8	sy	f	18	1	circle	red	dif	hori	left	(608, 480)	(648, 384)	True	664280	665109	up	(512, 384)	testing
8	sy	f	18	1	diamond	red	dif	hori	left	(608, 480)	(415, 287)	True	667732	669345	left	(512, 384)	testing
8	sy	f	18	1	circle	red	dif	vert	up	(608, 480)	(415, 480)	True	670600	671977	up	(512, 384)	testing
8	sy	f	18	1	diamond	red	same	vert	up	(608, 287)	(648, 384)	True	673041	674490	up	(512, 384)	testing
8	sy	f	18	1	circle	green	dif	vert	up	(608, 480)	(415, 287)	True	675528	676995	up	(512, 384)	testing
8	sy	f	18	1	diamond	green	same	hori	left	(608, 480)	(415, 480)	True	678039	680132	left	(512, 384)	testing
8	sy	f	18	1	diamond	red	dif	hori	left	(415, 287)	(512, 520)	True	681373	682476	left	(512, 384)	testing
8	sy	f	18	1	circle	none	same	hori	left	N_dis	(512, 520)	True	683681	684684	left	(512, 384)	testing
8	sy	f	18	1	circle	green	same	hori	left	(608, 480)	(608, 287)	True	685865	687479	left	(512, 384)	testing
