subj	name	gender	age	runNum	shape	dist	td_dif	resp	resp_key	d_loc	t_loc	gotKey	startTime	respTime	resp	fix_loc	prac
8	sy	f	18	4	diamond	green	same	hori	left	(512, 248)	(608, 287)	True	168003	169212	left	(512, 384)	testing
8	sy	f	18	4	diamond	green	dif	vert	up	(512, 248)	(415, 480)	True	170319	171738	up	(512, 384)	testing
8	sy	f	18	4	circle	red	same	vert	up	(512, 248)	(608, 287)	True	172824	173874	up	(512, 384)	testing
8	sy	f	18	4	diamond	none	dif	hori	left	N_dis	(608, 287)	True	174930	176593	left	(512, 384)	testing
8	sy	f	18	4	circle	green	dif	hori	left	(512, 248)	(415, 287)	True	177724	178504	left	(512, 384)	testing
8	sy	f	18	4	circle	green	dif	vert	up	(512, 248)	(376, 384)	True	179537	180441	up	(512, 384)	testing
8	sy	f	18	4	diamond	red	dif	hori	left	(415, 480)	(608, 480)	True	181508	182838	left	(512, 384)	testing
8	sy	f	18	4	diamond	green	same	hori	left	(512, 248)	(415, 480)	True	183996	184792	left	(512, 384)	testing
8	sy	f	18	4	circle	red	same	vert	up	(512, 248)	(415, 287)	True	186001	186927	up	(512, 384)	testing
8	sy	f	18	4	diamond	green	dif	hori	left	(608, 480)	(376, 384)	True	188157	189008	up	(512, 384)	testing
8	sy	f	18	4	circle	green	dif	hori	left	(415, 480)	(608, 480)	True	191741	192833	left	(512, 384)	testing
8	sy	f	18	4	diamond	green	same	vert	up	(512, 248)	(608, 480)	True	194082	194943	up	(512, 384)	testing
8	sy	f	18	4	diamond	none	same	vert	up	N_dis	(608, 287)	True	196147	197164	up	(512, 384)	testing
8	sy	f	18	4	diamond	none	same	hori	left	N_dis	(648, 384)	True	198373	199172	left	(512, 384)	testing
8	sy	f	18	4	diamond	green	dif	vert	up	(608, 287)	(608, 480)	True	200390	201390	up	(512, 384)	testing
8	sy	f	18	4	diamond	red	same	hori	left	(512, 248)	(376, 384)	True	202525	203411	left	(512, 384)	testing
8	sy	f	18	4	diamond	none	same	hori	left	N_dis	(376, 384)	True	204492	205923	up	(512, 384)	testing
8	sy	f	18	4	diamond	none	same	vert	up	N_dis	(512, 520)	True	208571	209842	up	(512, 384)	testing
8	sy	f	18	4	circle	red	dif	vert	up	(648, 384)	(415, 287)	True	210896	212396	up	(512, 384)	testing
8	sy	f	18	4	circle	red	same	hori	left	(512, 248)	(512, 520)	True	213629	214503	left	(512, 384)	testing
8	sy	f	18	4	circle	red	dif	hori	left	(512, 248)	(512, 520)	True	215579	216377	left	(512, 384)	testing
8	sy	f	18	4	circle	red	same	vert	up	(512, 248)	(415, 480)	True	217486	218347	up	(512, 384)	testing
8	sy	f	18	4	diamond	green	dif	hori	left	(608, 480)	(608, 287)	True	219520	221516	left	(512, 384)	testing
8	sy	f	18	4	diamond	none	same	hori	left	N_dis	(512, 520)	True	222557	223348	left	(512, 384)	testing
8	sy	f	18	4	circle	red	dif	hori	left	(512, 248)	(415, 480)	True	224425	225165	left	(512, 384)	testing
8	sy	f	18	4	circle	green	same	hori	left	(648, 384)	(608, 287)	True	226344	227591	left	(512, 384)	testing
8	sy	f	18	4	circle	none	same	hori	left	N_dis	(415, 287)	True	228843	229875	left	(512, 384)	testing
8	sy	f	18	4	diamond	red	same	vert	up	(512, 248)	(648, 384)	True	231022	232195	up	(512, 384)	testing
8	sy	f	18	4	diamond	red	same	hori	left	(512, 248)	(608, 287)	True	233420	234524	left	(512, 384)	testing
8	sy	f	18	4	diamond	none	dif	vert	up	N_dis	(415, 480)	True	235549	236302	up	(512, 384)	testing
8	sy	f	18	4	diamond	red	dif	hori	left	(512, 248)	(376, 384)	True	237402	238321	left	(512, 384)	testing
8	sy	f	18	4	circle	red	dif	hori	left	(512, 520)	(376, 384)	True	239537	240462	left	(512, 384)	testing
8	sy	f	18	4	circle	red	dif	vert	up	(512, 248)	(415, 287)	True	241699	242481	up	(512, 384)	testing
8	sy	f	18	4	circle	red	same	hori	left	(512, 248)	(415, 480)	True	243667	245296	left	(512, 384)	testing
8	sy	f	18	4	diamond	none	dif	hori	left	N_dis	(648, 384)	True	246550	247674	left	(512, 384)	testing
8	sy	f	18	4	circle	none	same	vert	up	N_dis	(512, 248)	True	248724	249608	up	(512, 384)	testing
8	sy	f	18	4	circle	none	dif	hori	left	N_dis	(608, 480)	True	250852	251590	left	(512, 384)	testing
8	sy	f	18	4	diamond	green	dif	vert	up	(512, 248)	(512, 520)	True	252701	253666	up	(512, 384)	testing
8	sy	f	18	4	diamond	red	same	hori	left	(512, 520)	(376, 384)	True	254909	255887	left	(512, 384)	testing
8	sy	f	18	4	diamond	red	same	hori	left	(512, 248)	(512, 520)	True	257102	257887	left	(512, 384)	testing
8	sy	f	18	4	diamond	red	dif	vert	up	(512, 248)	(648, 384)	True	259039	260109	up	(512, 384)	testing
8	sy	f	18	4	diamond	red	dif	hori	left	(415, 480)	(608, 287)	True	261250	262181	left	(512, 384)	testing
8	sy	f	18	4	circle	none	dif	hori	left	N_dis	(512, 248)	True	263450	265224	up	(512, 384)	testing
8	sy	f	18	4	circle	green	same	hori	left	(512, 248)	(376, 384)	True	267893	269320	left	(512, 384)	testing
8	sy	f	18	4	diamond	green	same	vert	up	(512, 248)	(415, 480)	True	270381	271308	up	(512, 384)	testing
8	sy	f	18	4	circle	red	same	hori	left	(608, 287)	(376, 384)	True	272491	273162	left	(512, 384)	testing
8	sy	f	18	4	diamond	none	dif	vert	up	N_dis	(608, 480)	True	274304	275258	up	(512, 384)	testing
8	sy	f	18	4	circle	none	dif	vert	up	N_dis	(415, 287)	True	276515	277423	up	(512, 384)	testing
8	sy	f	18	4	circle	green	same	hori	left	(512, 520)	(608, 287)	True	278625	279470	left	(512, 384)	testing
8	sy	f	18	4	circle	green	same	vert	up	(512, 248)	(608, 287)	True	280672	281561	up	(512, 384)	testing
8	sy	f	18	4	diamond	green	same	vert	up	(376, 384)	(415, 287)	True	282819	283597	up	(512, 384)	testing
8	sy	f	18	4	diamond	none	dif	vert	up	N_dis	(376, 384)	True	284844	285915	up	(512, 384)	testing
8	sy	f	18	4	diamond	green	same	vert	up	(648, 384)	(608, 287)	True	286944	288770	up	(512, 384)	testing
8	sy	f	18	4	circle	none	dif	hori	left	N_dis	(415, 480)	True	289843	291540	left	(512, 384)	testing
8	sy	f	18	4	circle	red	dif	hori	left	(415, 480)	(608, 287)	True	292619	293466	left	(512, 384)	testing
8	sy	f	18	4	diamond	green	dif	hori	left	(415, 287)	(415, 480)	True	294702	295542	left	(512, 384)	testing
8	sy	f	18	4	diamond	red	dif	vert	up	(512, 248)	(415, 480)	True	296638	297515	up	(512, 384)	testing
8	sy	f	18	4	diamond	green	same	hori	left	(512, 248)	(512, 520)	True	298749	299605	left	(512, 384)	testing
8	sy	f	18	4	circle	green	same	hori	left	(512, 248)	(415, 287)	True	300663	301403	left	(512, 384)	testing
8	sy	f	18	4	circle	red	same	hori	left	(512, 248)	(608, 480)	True	302521	304384	left	(512, 384)	testing
8	sy	f	18	4	diamond	green	dif	hori	left	(608, 480)	(415, 480)	True	305636	306810	left	(512, 384)	testing
8	sy	f	18	4	diamond	green	same	vert	up	(512, 248)	(376, 384)	True	307924	308792	up	(512, 384)	testing
8	sy	f	18	4	circle	none	same	vert	up	N_dis	(415, 480)	True	310011	310859	up	(512, 384)	testing
8	sy	f	18	4	circle	green	same	vert	up	(512, 248)	(608, 480)	True	311882	312938	up	(512, 384)	testing
8	sy	f	18	4	circle	none	dif	vert	up	N_dis	(415, 287)	True	314069	315107	up	(512, 384)	testing
8	sy	f	18	4	diamond	none	same	hori	left	N_dis	(415, 480)	True	316266	317136	left	(512, 384)	testing
8	sy	f	18	4	diamond	green	dif	hori	left	(512, 248)	(608, 480)	True	318303	320101	left	(512, 384)	testing
8	sy	f	18	4	circle	none	same	vert	up	N_dis	(608, 480)	True	321157	321994	up	(512, 384)	testing
8	sy	f	18	4	circle	green	dif	hori	left	(376, 384)	(415, 480)	True	323144	324100	left	(512, 384)	testing
8	sy	f	18	4	diamond	none	same	hori	left	N_dis	(512, 248)	True	325142	326253	left	(512, 384)	testing
8	sy	f	18	4	circle	none	same	hori	left	N_dis	(608, 480)	True	327408	328171	left	(512, 384)	testing
8	sy	f	18	4	diamond	red	same	vert	up	(608, 287)	(608, 480)	True	329357	330255	up	(512, 384)	testing
8	sy	f	18	4	circle	red	dif	vert	up	(415, 287)	(512, 520)	True	331359	332274	up	(512, 384)	testing
8	sy	f	18	4	circle	green	dif	vert	up	(512, 248)	(608, 480)	True	333459	334581	up	(512, 384)	testing
8	sy	f	18	4	diamond	green	same	hori	left	(512, 248)	(415, 287)	True	335820	337966	left	(512, 384)	testing
8	sy	f	18	4	diamond	none	same	vert	up	N_dis	(512, 520)	True	339081	339989	up	(512, 384)	testing
8	sy	f	18	4	diamond	none	same	vert	up	N_dis	(415, 287)	True	341056	341948	up	(512, 384)	testing
8	sy	f	18	4	circle	green	same	vert	up	(415, 287)	(648, 384)	True	342995	344414	up	(512, 384)	testing
8	sy	f	18	4	diamond	red	dif	vert	up	(512, 248)	(608, 287)	True	345616	346512	up	(512, 384)	testing
8	sy	f	18	4	diamond	green	same	hori	left	(512, 248)	(415, 287)	True	347635	348466	left	(512, 384)	testing
8	sy	f	18	4	circle	none	dif	hori	left	N_dis	(648, 384)	True	349655	350289	left	(512, 384)	testing
8	sy	f	18	4	circle	none	dif	hori	left	N_dis	(512, 248)	True	351541	352228	left	(512, 384)	testing
8	sy	f	18	4	diamond	none	dif	vert	up	N_dis	(608, 287)	True	353289	354053	up	(512, 384)	testing
8	sy	f	18	4	diamond	red	same	vert	up	(512, 248)	(512, 520)	True	355226	355920	up	(512, 384)	testing
8	sy	f	18	4	diamond	none	dif	hori	left	N_dis	(415, 480)	True	357184	357876	left	(512, 384)	testing
8	sy	f	18	4	diamond	none	dif	hori	left	N_dis	(512, 520)	True	359063	359674	left	(512, 384)	testing
8	sy	f	18	4	circle	green	same	hori	left	(415, 287)	(512, 520)	True	360902	361892	left	(512, 384)	testing
8	sy	f	18	4	circle	red	dif	vert	up	(608, 480)	(415, 480)	True	363086	364281	up	(512, 384)	testing
8	sy	f	18	4	circle	none	same	vert	up	N_dis	(648, 384)	True	365361	366332	up	(512, 384)	testing
8	sy	f	18	4	circle	green	same	vert	up	(512, 248)	(376, 384)	True	367541	369162	up	(512, 384)	testing
8	sy	f	18	4	circle	green	dif	vert	up	(512, 248)	(648, 384)	True	370386	371759	up	(512, 384)	testing
8	sy	f	18	4	circle	none	same	hori	left	N_dis	(376, 384)	True	372914	373585	left	(512, 384)	testing
8	sy	f	18	4	diamond	red	dif	hori	left	(512, 248)	(648, 384)	True	374816	375638	left	(512, 384)	testing
8	sy	f	18	4	diamond	green	dif	vert	up	(512, 248)	(512, 520)	True	376875	377566	up	(512, 384)	testing
8	sy	f	18	4	diamond	none	dif	vert	up	N_dis	(648, 384)	True	378797	379417	up	(512, 384)	testing
8	sy	f	18	4	circle	green	dif	hori	left	(376, 384)	(415, 287)	True	380592	381658	left	(512, 384)	testing
8	sy	f	18	4	circle	none	dif	vert	up	N_dis	(512, 520)	True	382746	384069	up	(512, 384)	testing
8	sy	f	18	4	circle	red	same	vert	up	(512, 248)	(512, 520)	True	385112	386105	up	(512, 384)	testing
8	sy	f	18	4	circle	red	same	hori	left	(512, 248)	(648, 384)	True	387351	387974	left	(512, 384)	testing
8	sy	f	18	4	diamond	red	dif	hori	left	(608, 287)	(608, 480)	True	389203	390631	left	(512, 384)	testing
8	sy	f	18	4	circle	green	dif	vert	up	(512, 248)	(512, 520)	True	391819	392903	up	(512, 384)	testing
8	sy	f	18	4	diamond	red	same	vert	up	(512, 248)	(608, 480)	True	394037	394885	up	(512, 384)	testing
8	sy	f	18	4	diamond	red	same	vert	up	(512, 248)	(648, 384)	True	396142	397397	up	(512, 384)	testing
8	sy	f	18	4	circle	green	dif	vert	up	(648, 384)	(376, 384)	True	398500	400406	up	(512, 384)	testing
8	sy	f	18	4	circle	none	same	vert	up	N_dis	(608, 287)	True	401612	402607	up	(512, 384)	testing
8	sy	f	18	4	diamond	red	dif	vert	up	(512, 248)	(376, 384)	True	403696	404487	up	(512, 384)	testing
8	sy	f	18	4	circle	none	same	hori	left	N_dis	(608, 480)	True	405676	406438	left	(512, 384)	testing
8	sy	f	18	4	circle	red	dif	hori	left	(512, 248)	(608, 287)	True	407703	408716	left	(512, 384)	testing
8	sy	f	18	4	circle	green	dif	hori	left	(512, 248)	(608, 480)	True	409962	410844	left	(512, 384)	testing
8	sy	f	18	4	circle	red	dif	vert	up	(512, 520)	(608, 287)	True	411938	412834	up	(512, 384)	testing
8	sy	f	18	4	diamond	none	dif	hori	left	N_dis	(608, 287)	True	413985	414876	left	(512, 384)	testing
8	sy	f	18	4	diamond	none	same	vert	up	N_dis	(376, 384)	True	415956	416808	up	(512, 384)	testing
8	sy	f	18	4	diamond	red	dif	vert	up	(512, 248)	(512, 520)	True	418061	418906	up	(512, 384)	testing
8	sy	f	18	4	diamond	green	dif	vert	up	(512, 248)	(415, 287)	True	420088	421001	up	(512, 384)	testing
8	sy	f	18	4	circle	none	same	hori	left	N_dis	(512, 248)	True	422059	422811	left	(512, 384)	testing
8	sy	f	18	4	circle	none	dif	vert	up	N_dis	(415, 287)	True	424046	424779	up	(512, 384)	testing
8	sy	f	18	4	diamond	red	same	hori	left	(512, 248)	(608, 287)	True	426047	427498	left	(512, 384)	testing
8	sy	f	18	4	circle	none	dif	vert	up	N_dis	(376, 384)	True	428737	430088	up	(512, 384)	testing
8	sy	f	18	4	circle	green	same	vert	up	(376, 384)	(608, 480)	True	431217	431912	up	(512, 384)	testing
8	sy	f	18	4	circle	red	same	vert	up	(512, 248)	(648, 384)	True	433004	433863	up	(512, 384)	testing
