subj	name	gender	age	runNum	shape	dist	td_dif	resp	resp_key	d_loc	t_loc	gotKey	startTime	respTime	resp	fix_loc	prac
8	sy	f	18	5	diamond	red	same	hori	left	(512, 248)	(376, 384)	True	24534	25493	left	(512, 384)	testing
8	sy	f	18	5	diamond	red	dif	vert	up	(512, 248)	(512, 520)	True	26666	27369	up	(512, 384)	testing
8	sy	f	18	5	circle	green	dif	vert	up	(415, 287)	(376, 384)	True	28487	29308	up	(512, 384)	testing
8	sy	f	18	5	circle	red	dif	vert	up	(648, 384)	(376, 384)	True	30382	31892	up	(512, 384)	testing
8	sy	f	18	5	diamond	none	same	vert	up	N_dis	(608, 480)	True	33080	33789	up	(512, 384)	testing
8	sy	f	18	5	circle	none	dif	vert	up	N_dis	(376, 384)	True	34899	36140	up	(512, 384)	testing
8	sy	f	18	5	diamond	green	dif	hori	left	(512, 248)	(512, 520)	True	37220	37998	left	(512, 384)	testing
8	sy	f	18	5	diamond	none	same	hori	left	N_dis	(608, 480)	True	39206	40041	left	(512, 384)	testing
8	sy	f	18	5	diamond	red	same	vert	up	(512, 248)	(648, 384)	True	41110	42140	up	(512, 384)	testing
8	sy	f	18	5	circle	green	same	vert	up	(415, 480)	(608, 287)	True	43294	44724	up	(512, 384)	testing
8	sy	f	18	5	diamond	none	same	hori	left	N_dis	(415, 480)	True	45817	46857	left	(512, 384)	testing
8	sy	f	18	5	diamond	none	dif	hori	left	N_dis	(512, 248)	True	47999	48751	left	(512, 384)	testing
8	sy	f	18	5	circle	none	dif	hori	left	N_dis	(512, 248)	True	49991	51689	left	(512, 384)	testing
8	sy	f	18	5	diamond	green	dif	vert	up	(608, 287)	(415, 480)	True	52900	53628	up	(512, 384)	testing
8	sy	f	18	5	circle	none	dif	hori	left	N_dis	(376, 384)	True	54871	55494	left	(512, 384)	testing
8	sy	f	18	5	diamond	none	dif	vert	up	N_dis	(512, 248)	True	56609	58633	up	(512, 384)	testing
8	sy	f	18	5	diamond	red	dif	hori	left	(512, 248)	(415, 287)	True	59766	60601	left	(512, 384)	testing
8	sy	f	18	5	circle	red	dif	vert	up	(608, 287)	(415, 287)	True	61729	62478	up	(512, 384)	testing
8	sy	f	18	5	circle	green	dif	vert	up	(512, 248)	(415, 287)	True	63660	64582	up	(512, 384)	testing
8	sy	f	18	5	circle	none	same	vert	up	N_dis	(415, 287)	True	65855	66895	up	(512, 384)	testing
8	sy	f	18	5	circle	green	same	vert	up	(512, 248)	(648, 384)	True	68079	69098	up	(512, 384)	testing
8	sy	f	18	5	circle	none	same	hori	left	N_dis	(415, 480)	True	70198	71559	left	(512, 384)	testing
8	sy	f	18	5	diamond	green	same	hori	left	(512, 248)	(415, 480)	True	72639	73561	left	(512, 384)	testing
8	sy	f	18	5	diamond	red	same	hori	left	(512, 248)	(512, 520)	True	74689	75596	left	(512, 384)	testing
8	sy	f	18	5	diamond	red	dif	hori	left	(512, 248)	(415, 287)	True	76730	77387	left	(512, 384)	testing
8	sy	f	18	5	diamond	red	dif	vert	up	(512, 248)	(512, 520)	True	78489	79258	up	(512, 384)	testing
8	sy	f	18	5	circle	green	dif	vert	up	(512, 248)	(376, 384)	True	80531	81483	up	(512, 384)	testing
8	sy	f	18	5	diamond	none	dif	hori	left	N_dis	(512, 520)	True	82584	83636	left	(512, 384)	testing
8	sy	f	18	5	circle	green	same	vert	up	(512, 248)	(608, 287)	True	84785	86143	up	(512, 384)	testing
8	sy	f	18	5	circle	none	same	vert	up	N_dis	(608, 287)	True	87413	88057	up	(512, 384)	testing
8	sy	f	18	5	diamond	none	dif	hori	left	N_dis	(415, 287)	True	89102	89904	left	(512, 384)	testing
8	sy	f	18	5	circle	none	same	vert	up	N_dis	(648, 384)	True	91175	92073	up	(512, 384)	testing
8	sy	f	18	5	diamond	red	dif	hori	left	(512, 248)	(648, 384)	True	93305	94115	left	(512, 384)	testing
8	sy	f	18	5	circle	red	dif	hori	left	(512, 248)	(415, 287)	True	95143	96017	left	(512, 384)	testing
8	sy	f	18	5	diamond	none	dif	vert	up	N_dis	(608, 287)	True	97131	98016	up	(512, 384)	testing
8	sy	f	18	5	circle	red	same	vert	up	(512, 248)	(648, 384)	True	99195	99981	up	(512, 384)	testing
8	sy	f	18	5	circle	red	dif	hori	left	(512, 248)	(415, 287)	True	101223	101892	left	(512, 384)	testing
8	sy	f	18	5	circle	none	same	hori	left	N_dis	(648, 384)	True	102997	103610	left	(512, 384)	testing
8	sy	f	18	5	diamond	none	same	hori	left	N_dis	(376, 384)	True	104715	105321	left	(512, 384)	testing
8	sy	f	18	5	circle	green	same	hori	left	(512, 248)	(608, 480)	True	106393	107252	left	(512, 384)	testing
8	sy	f	18	5	diamond	green	same	vert	up	(512, 520)	(608, 287)	True	108301	109443	up	(512, 384)	testing
8	sy	f	18	5	circle	red	same	vert	up	(512, 248)	(415, 480)	True	110554	111533	up	(512, 384)	testing
8	sy	f	18	5	diamond	green	same	hori	left	(512, 248)	(608, 480)	True	112783	113754	left	(512, 384)	testing
8	sy	f	18	5	diamond	none	same	hori	left	N_dis	(512, 520)	True	114970	115571	left	(512, 384)	testing
8	sy	f	18	5	circle	red	same	hori	left	(512, 248)	(648, 384)	True	116789	117977	left	(512, 384)	testing
8	sy	f	18	5	diamond	none	dif	vert	up	N_dis	(608, 480)	True	119026	119669	left	(512, 384)	testing
8	sy	f	18	5	circle	red	dif	vert	up	(376, 384)	(512, 520)	True	122251	123847	up	(512, 384)	testing
8	sy	f	18	5	circle	green	dif	vert	up	(512, 248)	(608, 287)	True	124936	126423	up	(512, 384)	testing
8	sy	f	18	5	diamond	none	dif	vert	up	N_dis	(415, 287)	True	127506	128419	left	(512, 384)	testing
8	sy	f	18	5	circle	none	same	hori	left	N_dis	(648, 384)	True	131047	132211	left	(512, 384)	testing
8	sy	f	18	5	circle	red	same	hori	left	(512, 248)	(376, 384)	True	133324	134073	left	(512, 384)	testing
8	sy	f	18	5	diamond	green	same	vert	up	(415, 480)	(608, 287)	True	135120	135933	up	(512, 384)	testing
8	sy	f	18	5	circle	green	same	hori	left	(512, 248)	(608, 480)	True	137128	138105	left	(512, 384)	testing
8	sy	f	18	5	diamond	green	same	vert	up	(512, 248)	(415, 287)	True	139299	140022	up	(512, 384)	testing
8	sy	f	18	5	circle	red	same	hori	left	(512, 248)	(608, 287)	True	141287	143094	left	(512, 384)	testing
8	sy	f	18	5	circle	none	dif	hori	left	N_dis	(415, 287)	True	144261	145047	left	(512, 384)	testing
8	sy	f	18	5	diamond	red	dif	hori	left	(512, 248)	(608, 480)	True	146099	148390	left	(512, 384)	testing
8	sy	f	18	5	circle	none	same	vert	up	N_dis	(512, 520)	True	149512	151038	up	(512, 384)	testing
8	sy	f	18	5	diamond	green	same	hori	left	(512, 248)	(376, 384)	True	152230	153188	left	(512, 384)	testing
8	sy	f	18	5	circle	red	dif	hori	left	(415, 480)	(376, 384)	True	154353	155899	left	(512, 384)	testing
8	sy	f	18	5	circle	green	same	vert	up	(512, 248)	(415, 480)	True	157048	158695	up	(512, 384)	testing
8	sy	f	18	5	circle	none	dif	hori	left	N_dis	(512, 520)	True	159743	161302	left	(512, 384)	testing
8	sy	f	18	5	diamond	green	dif	hori	left	(512, 248)	(648, 384)	True	162409	164323	left	(512, 384)	testing
8	sy	f	18	5	circle	red	same	hori	left	(512, 248)	(608, 480)	True	165541	166531	left	(512, 384)	testing
8	sy	f	18	5	diamond	none	dif	hori	left	N_dis	(608, 287)	True	167724	168804	left	(512, 384)	testing
8	sy	f	18	5	circle	none	same	hori	left	N_dis	(512, 248)	True	170075	170996	left	(512, 384)	testing
8	sy	f	18	5	circle	green	same	vert	up	(512, 248)	(376, 384)	True	172137	173023	up	(512, 384)	testing
8	sy	f	18	5	circle	green	dif	vert	up	(512, 248)	(415, 287)	True	174094	174972	up	(512, 384)	testing
8	sy	f	18	5	diamond	green	dif	vert	up	(512, 248)	(415, 480)	True	176035	177274	up	(512, 384)	testing
8	sy	f	18	5	circle	red	same	vert	up	(376, 384)	(512, 520)	True	178520	179827	up	(512, 384)	testing
8	sy	f	18	5	circle	green	dif	hori	left	(608, 287)	(415, 480)	True	181057	182055	left	(512, 384)	testing
8	sy	f	18	5	diamond	green	same	hori	left	(415, 287)	(376, 384)	True	183188	184664	left	(512, 384)	testing
8	sy	f	18	5	diamond	red	same	hori	left	(415, 287)	(415, 480)	True	185912	186831	left	(512, 384)	testing
8	sy	f	18	5	circle	red	dif	hori	left	(512, 248)	(376, 384)	True	188090	189074	left	(512, 384)	testing
8	sy	f	18	5	circle	none	same	vert	up	N_dis	(376, 384)	True	190293	191386	up	(512, 384)	testing
8	sy	f	18	5	circle	red	dif	hori	left	(512, 248)	(415, 480)	True	192634	193651	left	(512, 384)	testing
8	sy	f	18	5	circle	green	dif	hori	left	(512, 248)	(415, 480)	True	194871	195616	left	(512, 384)	testing
8	sy	f	18	5	circle	green	dif	hori	left	(512, 248)	(512, 520)	True	196645	197635	left	(512, 384)	testing
8	sy	f	18	5	diamond	red	same	hori	left	(512, 248)	(608, 287)	True	198799	200100	left	(512, 384)	testing
8	sy	f	18	5	circle	none	dif	vert	up	N_dis	(648, 384)	True	201298	202985	up	(512, 384)	testing
8	sy	f	18	5	diamond	red	same	vert	up	(376, 384)	(415, 480)	True	204205	206423	up	(512, 384)	testing
8	sy	f	18	5	diamond	red	dif	vert	up	(512, 248)	(415, 480)	True	207452	208334	up	(512, 384)	testing
8	sy	f	18	5	diamond	none	dif	hori	left	N_dis	(376, 384)	True	209383	210214	left	(512, 384)	testing
8	sy	f	18	5	circle	red	dif	vert	up	(608, 480)	(415, 287)	True	211275	212678	up	(512, 384)	testing
8	sy	f	18	5	diamond	none	same	vert	up	N_dis	(415, 287)	True	213798	214431	up	(512, 384)	testing
8	sy	f	18	5	circle	none	dif	vert	up	N_dis	(608, 480)	True	215653	216725	up	(512, 384)	testing
8	sy	f	18	5	diamond	none	dif	vert	up	N_dis	(512, 248)	True	217952	219016	up	(512, 384)	testing
8	sy	f	18	5	circle	green	same	hori	left	(512, 248)	(512, 520)	True	220091	221177	left	(512, 384)	testing
8	sy	f	18	5	circle	green	dif	hori	left	(512, 520)	(415, 480)	True	222406	223171	up	(512, 384)	testing
8	sy	f	18	5	diamond	red	same	hori	left	(648, 384)	(512, 520)	True	225740	226810	left	(512, 384)	testing
8	sy	f	18	5	diamond	none	same	vert	up	N_dis	(608, 287)	True	228054	229377	up	(512, 384)	testing
8	sy	f	18	5	diamond	red	dif	vert	up	(512, 248)	(608, 480)	True	230649	231430	up	(512, 384)	testing
8	sy	f	18	5	diamond	green	dif	hori	left	(512, 248)	(512, 520)	True	232652	233313	left	(512, 384)	testing
8	sy	f	18	5	circle	red	dif	vert	up	(512, 248)	(608, 287)	True	234494	236520	up	(512, 384)	testing
8	sy	f	18	5	diamond	red	same	vert	up	(608, 480)	(376, 384)	True	237648	238897	up	(512, 384)	testing
8	sy	f	18	5	diamond	red	same	vert	up	(415, 480)	(512, 520)	True	240033	240982	up	(512, 384)	testing
8	sy	f	18	5	circle	red	same	vert	up	(512, 248)	(512, 520)	True	242245	243758	up	(512, 384)	testing
8	sy	f	18	5	diamond	none	same	vert	up	N_dis	(608, 480)	True	244799	245521	up	(512, 384)	testing
8	sy	f	18	5	circle	none	same	hori	left	N_dis	(512, 520)	True	246748	247586	left	(512, 384)	testing
8	sy	f	18	5	circle	green	same	hori	left	(512, 248)	(608, 287)	True	248668	250350	left	(512, 384)	testing
8	sy	f	18	5	diamond	green	same	vert	up	(512, 248)	(648, 384)	True	251468	252575	up	(512, 384)	testing
8	sy	f	18	5	diamond	green	same	vert	up	(608, 480)	(415, 287)	True	253809	254714	up	(512, 384)	testing
8	sy	f	18	5	diamond	red	same	vert	up	(512, 248)	(608, 480)	True	255799	256545	up	(512, 384)	testing
8	sy	f	18	5	diamond	none	same	hori	left	N_dis	(608, 287)	True	257697	258427	left	(512, 384)	testing
8	sy	f	18	5	diamond	green	dif	vert	up	(415, 287)	(648, 384)	True	259535	261078	up	(512, 384)	testing
8	sy	f	18	5	circle	red	same	vert	up	(648, 384)	(512, 520)	True	262191	263186	up	(512, 384)	testing
8	sy	f	18	5	circle	green	same	hori	left	(648, 384)	(512, 520)	True	264353	265559	left	(512, 384)	testing
8	sy	f	18	5	circle	none	dif	hori	left	N_dis	(415, 480)	True	266825	267510	left	(512, 384)	testing
8	sy	f	18	5	diamond	green	dif	hori	left	(376, 384)	(415, 480)	True	268653	269717	left	(512, 384)	testing
8	sy	f	18	5	circle	green	dif	hori	left	(512, 248)	(512, 520)	True	270884	271850	left	(512, 384)	testing
8	sy	f	18	5	diamond	red	dif	vert	up	(512, 248)	(608, 287)	True	273038	274201	left	(512, 384)	testing
8	sy	f	18	5	circle	none	dif	vert	up	N_dis	(415, 480)	True	276808	277667	up	(512, 384)	testing
8	sy	f	18	5	diamond	green	same	hori	left	(512, 520)	(415, 287)	True	278847	280812	left	(512, 384)	testing
8	sy	f	18	5	diamond	green	dif	vert	up	(512, 248)	(376, 384)	True	281906	282985	up	(512, 384)	testing
8	sy	f	18	5	diamond	green	dif	vert	up	(608, 480)	(415, 480)	True	284011	286068	up	(512, 384)	testing
8	sy	f	18	5	diamond	green	dif	hori	left	(512, 520)	(648, 384)	True	287257	288138	left	(512, 384)	testing
8	sy	f	18	5	diamond	red	dif	hori	left	(512, 248)	(512, 520)	True	289208	290155	left	(512, 384)	testing
8	sy	f	18	5	circle	none	dif	vert	up	N_dis	(415, 480)	True	291419	292892	up	(512, 384)	testing
8	sy	f	18	5	circle	red	same	hori	left	(608, 287)	(648, 384)	True	294085	296173	left	(512, 384)	testing
8	sy	f	18	5	diamond	none	same	vert	up	N_dis	(648, 384)	True	297272	298096	up	(512, 384)	testing
