subj	name	gender	age	runNum	shape	dist	td_dif	resp	resp_key	d_loc	t_loc	gotKey	startTime	respTime	resp	fix_loc	prac
8	sy	f	18	10	diamond	green	same	vert	up	(415, 480)	(376, 384)	True	5322	6436	up	(512, 384)	testing
8	sy	f	18	10	circle	red	same	vert	up	(415, 480)	(415, 287)	True	7575	8313	up	(512, 384)	testing
8	sy	f	18	10	circle	green	dif	hori	left	(512, 248)	(415, 287)	True	9375	10349	left	(512, 384)	testing
8	sy	f	18	10	diamond	red	same	vert	up	(415, 480)	(608, 480)	True	11567	12584	up	(512, 384)	testing
8	sy	f	18	10	circle	none	dif	hori	left	N_dis	(415, 287)	True	13631	14256	left	(512, 384)	testing
8	sy	f	18	10	circle	green	dif	vert	up	(415, 480)	(648, 384)	True	15339	16064	up	(512, 384)	testing
8	sy	f	18	10	diamond	green	same	vert	up	(415, 480)	(376, 384)	True	17137	18046	up	(512, 384)	testing
8	sy	f	18	10	circle	red	dif	vert	up	(648, 384)	(415, 287)	True	19299	19969	up	(512, 384)	testing
8	sy	f	18	10	diamond	red	dif	hori	left	(415, 480)	(608, 287)	True	21066	22194	left	(512, 384)	testing
8	sy	f	18	10	circle	green	same	vert	up	(415, 480)	(608, 287)	True	23230	24051	up	(512, 384)	testing
8	sy	f	18	10	circle	none	same	hori	left	N_dis	(648, 384)	True	25205	25874	left	(512, 384)	testing
8	sy	f	18	10	diamond	none	dif	hori	left	N_dis	(415, 287)	True	27133	27987	left	(512, 384)	testing
8	sy	f	18	10	diamond	green	dif	hori	left	(415, 480)	(512, 520)	True	29170	30196	left	(512, 384)	testing
8	sy	f	18	10	diamond	red	dif	vert	up	(415, 480)	(376, 384)	True	31330	32377	up	(512, 384)	testing
8	sy	f	18	10	circle	red	same	vert	up	(608, 480)	(608, 287)	True	33464	34512	up	(512, 384)	testing
8	sy	f	18	10	circle	red	same	hori	left	(608, 287)	(648, 384)	True	35624	36266	left	(512, 384)	testing
8	sy	f	18	10	diamond	green	dif	vert	up	(415, 480)	(415, 287)	True	37386	38829	up	(512, 384)	testing
8	sy	f	18	10	diamond	green	dif	hori	left	(415, 480)	(512, 248)	True	40000	41209	left	(512, 384)	testing
8	sy	f	18	10	circle	red	dif	hori	left	(415, 287)	(608, 287)	True	42275	43114	left	(512, 384)	testing
8	sy	f	18	10	circle	none	same	vert	up	N_dis	(608, 480)	True	44161	44971	up	(512, 384)	testing
8	sy	f	18	10	diamond	none	dif	vert	up	N_dis	(512, 520)	True	46148	47277	up	(512, 384)	testing
8	sy	f	18	10	diamond	green	same	hori	left	(415, 480)	(512, 520)	True	48525	49634	left	(512, 384)	testing
8	sy	f	18	10	circle	red	dif	vert	up	(415, 480)	(648, 384)	True	50744	52351	up	(512, 384)	testing
8	sy	f	18	10	circle	green	dif	hori	left	(608, 287)	(648, 384)	True	53618	54472	left	(512, 384)	testing
8	sy	f	18	10	diamond	none	same	vert	up	N_dis	(512, 248)	True	55512	56411	left	(512, 384)	testing
8	sy	f	18	10	circle	none	dif	vert	up	N_dis	(512, 520)	True	59058	60168	up	(512, 384)	testing
8	sy	f	18	10	diamond	none	dif	hori	left	N_dis	(376, 384)	True	61270	62159	left	(512, 384)	testing
8	sy	f	18	10	diamond	green	same	vert	up	(415, 480)	(415, 287)	True	63425	64809	up	(512, 384)	testing
8	sy	f	18	10	circle	green	same	hori	left	(376, 384)	(512, 248)	True	65957	66880	left	(512, 384)	testing
8	sy	f	18	10	diamond	red	same	vert	up	(415, 480)	(608, 287)	True	68059	68962	up	(512, 384)	testing
8	sy	f	18	10	diamond	red	same	vert	up	(415, 480)	(415, 287)	True	70120	70997	up	(512, 384)	testing
8	sy	f	18	10	diamond	green	same	hori	left	(415, 480)	(608, 287)	True	72229	72905	left	(512, 384)	testing
8	sy	f	18	10	circle	none	same	hori	left	N_dis	(415, 480)	True	73961	74859	left	(512, 384)	testing
8	sy	f	18	10	circle	none	same	hori	left	N_dis	(608, 287)	True	76037	76672	left	(512, 384)	testing
8	sy	f	18	10	diamond	red	dif	vert	up	(512, 520)	(608, 480)	True	77832	78897	up	(512, 384)	testing
8	sy	f	18	10	diamond	red	same	vert	up	(512, 248)	(376, 384)	True	80077	80890	up	(512, 384)	testing
8	sy	f	18	10	circle	green	same	vert	up	(415, 480)	(608, 480)	True	81958	84706	up	(512, 384)	testing
8	sy	f	18	10	diamond	none	same	vert	up	N_dis	(415, 480)	True	85905	86674	up	(512, 384)	testing
8	sy	f	18	10	circle	none	same	vert	up	N_dis	(415, 287)	True	87860	88604	up	(512, 384)	testing
8	sy	f	18	10	diamond	none	dif	vert	up	N_dis	(648, 384)	True	89789	90543	up	(512, 384)	testing
8	sy	f	18	10	diamond	green	dif	hori	left	(512, 248)	(376, 384)	True	91787	92514	left	(512, 384)	testing
8	sy	f	18	10	diamond	green	dif	hori	left	(512, 520)	(415, 287)	True	93754	95059	left	(512, 384)	testing
8	sy	f	18	10	diamond	green	same	hori	left	(415, 480)	(608, 287)	True	96185	96831	left	(512, 384)	testing
8	sy	f	18	10	circle	none	same	vert	up	N_dis	(608, 287)	True	97861	98769	up	(512, 384)	testing
8	sy	f	18	10	diamond	green	dif	vert	up	(415, 480)	(512, 520)	True	100039	101741	up	(512, 384)	testing
8	sy	f	18	10	circle	red	dif	hori	left	(415, 480)	(648, 384)	True	102944	103558	left	(512, 384)	testing
8	sy	f	18	10	diamond	red	same	hori	left	(648, 384)	(512, 248)	True	104624	106024	left	(512, 384)	testing
8	sy	f	18	10	circle	red	dif	vert	up	(512, 248)	(608, 287)	True	107081	108835	up	(512, 384)	testing
8	sy	f	18	10	diamond	red	same	hori	left	(415, 480)	(648, 384)	True	110069	111158	left	(512, 384)	testing
8	sy	f	18	10	circle	red	dif	vert	up	(376, 384)	(648, 384)	True	112323	113094	up	(512, 384)	testing
8	sy	f	18	10	circle	none	same	vert	up	N_dis	(376, 384)	True	114287	115422	up	(512, 384)	testing
8	sy	f	18	10	circle	none	dif	hori	left	N_dis	(376, 384)	True	116593	117524	left	(512, 384)	testing
8	sy	f	18	10	diamond	red	same	vert	up	(415, 480)	(512, 520)	True	118550	119793	up	(512, 384)	testing
8	sy	f	18	10	diamond	none	dif	vert	up	N_dis	(608, 287)	True	121048	122316	up	(512, 384)	testing
8	sy	f	18	10	circle	green	dif	hori	left	(376, 384)	(512, 248)	True	123546	124537	left	(512, 384)	testing
8	sy	f	18	10	diamond	none	dif	hori	left	N_dis	(512, 248)	True	125805	126994	left	(512, 384)	testing
8	sy	f	18	10	circle	red	dif	hori	left	(415, 480)	(415, 287)	True	128149	128939	left	(512, 384)	testing
8	sy	f	18	10	circle	red	same	hori	left	(415, 480)	(415, 287)	True	130069	130601	left	(512, 384)	testing
8	sy	f	18	10	diamond	none	dif	hori	left	N_dis	(608, 480)	True	131637	133078	left	(512, 384)	testing
8	sy	f	18	10	circle	green	dif	vert	up	(608, 480)	(415, 287)	True	134182	135541	up	(512, 384)	testing
8	sy	f	18	10	diamond	red	dif	hori	left	(415, 480)	(512, 248)	True	136577	138339	left	(512, 384)	testing
8	sy	f	18	10	diamond	green	same	vert	up	(415, 480)	(512, 248)	True	139440	141243	up	(512, 384)	testing
8	sy	f	18	10	circle	none	same	hori	left	N_dis	(512, 248)	True	142308	143194	left	(512, 384)	testing
8	sy	f	18	10	diamond	red	same	hori	left	(415, 480)	(608, 480)	True	144325	145161	left	(512, 384)	testing
8	sy	f	18	10	circle	red	same	vert	up	(415, 287)	(512, 520)	True	146319	147735	left	(512, 384)	testing
8	sy	f	18	10	circle	green	same	hori	left	(608, 480)	(608, 287)	True	150348	151745	left	(512, 384)	testing
8	sy	f	18	10	diamond	none	dif	vert	up	N_dis	(512, 248)	True	152866	154248	up	(512, 384)	testing
8	sy	f	18	10	diamond	red	dif	hori	left	(415, 480)	(608, 287)	True	155415	156190	left	(512, 384)	testing
8	sy	f	18	10	circle	red	same	hori	left	(415, 480)	(376, 384)	True	157274	157954	left	(512, 384)	testing
8	sy	f	18	10	circle	red	dif	hori	left	(415, 480)	(648, 384)	True	159102	159704	left	(512, 384)	testing
8	sy	f	18	10	diamond	green	dif	vert	up	(415, 480)	(512, 248)	True	160890	161685	up	(512, 384)	testing
8	sy	f	18	10	circle	green	same	vert	up	(415, 480)	(376, 384)	True	162878	163930	up	(512, 384)	testing
8	sy	f	18	10	circle	green	dif	hori	left	(415, 480)	(608, 480)	True	165024	165860	left	(512, 384)	testing
8	sy	f	18	10	diamond	green	same	vert	up	(415, 480)	(608, 287)	True	167008	168205	up	(512, 384)	testing
8	sy	f	18	10	diamond	green	same	hori	left	(415, 480)	(512, 520)	True	169266	170241	left	(512, 384)	testing
8	sy	f	18	10	circle	green	same	hori	left	(415, 480)	(512, 248)	True	171386	173048	left	(512, 384)	testing
8	sy	f	18	10	diamond	green	dif	vert	up	(415, 480)	(608, 287)	True	174181	174863	up	(512, 384)	testing
8	sy	f	18	10	diamond	none	dif	hori	left	N_dis	(512, 520)	True	176068	176839	left	(512, 384)	testing
8	sy	f	18	10	circle	none	dif	hori	left	N_dis	(376, 384)	True	177962	178741	left	(512, 384)	testing
8	sy	f	18	10	circle	red	dif	vert	up	(608, 480)	(376, 384)	True	179828	180976	up	(512, 384)	testing
8	sy	f	18	10	diamond	none	same	vert	up	N_dis	(415, 287)	True	182211	183543	up	(512, 384)	testing
8	sy	f	18	10	circle	green	same	vert	up	(415, 480)	(608, 480)	True	184768	185936	up	(512, 384)	testing
8	sy	f	18	10	diamond	none	same	hori	left	N_dis	(415, 480)	True	187078	187808	left	(512, 384)	testing
8	sy	f	18	10	circle	green	dif	vert	up	(415, 287)	(608, 480)	True	189014	189936	up	(512, 384)	testing
8	sy	f	18	10	diamond	red	dif	vert	up	(415, 480)	(608, 480)	True	191020	191932	up	(512, 384)	testing
8	sy	f	18	10	diamond	none	same	hori	left	N_dis	(415, 480)	True	193118	193880	left	(512, 384)	testing
8	sy	f	18	10	circle	green	dif	vert	up	(608, 287)	(376, 384)	True	194904	195921	up	(512, 384)	testing
8	sy	f	18	10	diamond	none	same	hori	left	N_dis	(608, 287)	True	197118	198417	left	(512, 384)	testing
8	sy	f	18	10	circle	none	dif	hori	left	N_dis	(648, 384)	True	199644	200416	left	(512, 384)	testing
8	sy	f	18	10	diamond	none	dif	vert	up	N_dis	(608, 480)	True	201616	202739	up	(512, 384)	testing
8	sy	f	18	10	circle	red	same	vert	up	(415, 480)	(648, 384)	True	203935	204644	up	(512, 384)	testing
8	sy	f	18	10	diamond	red	dif	vert	up	(415, 480)	(512, 520)	True	205692	206931	up	(512, 384)	testing
8	sy	f	18	10	diamond	red	dif	hori	left	(415, 480)	(376, 384)	True	208196	209517	left	(512, 384)	testing
8	sy	f	18	10	diamond	red	same	hori	left	(415, 480)	(608, 480)	True	210648	211374	left	(512, 384)	testing
8	sy	f	18	10	circle	none	same	vert	up	N_dis	(415, 480)	True	212434	213381	up	(512, 384)	testing
8	sy	f	18	10	circle	red	same	hori	left	(648, 384)	(608, 287)	True	214577	216185	left	(512, 384)	testing
8	sy	f	18	10	circle	green	dif	hori	left	(415, 480)	(512, 248)	True	217273	218136	left	(512, 384)	testing
8	sy	f	18	10	diamond	red	same	hori	left	(512, 520)	(608, 480)	True	219204	220129	left	(512, 384)	testing
8	sy	f	18	10	diamond	none	same	vert	up	N_dis	(608, 287)	True	221336	223226	up	(512, 384)	testing
8	sy	f	18	10	diamond	none	same	vert	up	N_dis	(648, 384)	True	224420	225196	up	(512, 384)	testing
8	sy	f	18	10	circle	none	same	hori	left	N_dis	(415, 287)	True	226468	227184	left	(512, 384)	testing
8	sy	f	18	10	circle	red	same	vert	up	(512, 520)	(648, 384)	True	228215	229037	up	(512, 384)	testing
8	sy	f	18	10	circle	none	dif	vert	up	N_dis	(376, 384)	True	230281	231042	up	(512, 384)	testing
8	sy	f	18	10	diamond	none	same	hori	left	N_dis	(512, 520)	True	232191	233217	left	(512, 384)	testing
8	sy	f	18	10	circle	red	same	hori	left	(415, 480)	(648, 384)	True	234489	235184	left	(512, 384)	testing
8	sy	f	18	10	diamond	none	same	hori	left	N_dis	(512, 248)	True	236290	237786	left	(512, 384)	testing
8	sy	f	18	10	circle	none	dif	vert	up	N_dis	(608, 480)	True	238837	239714	up	(512, 384)	testing
8	sy	f	18	10	diamond	red	dif	hori	left	(415, 480)	(415, 287)	True	240986	241830	left	(512, 384)	testing
8	sy	f	18	10	diamond	green	dif	hori	left	(648, 384)	(512, 248)	True	243038	243757	left	(512, 384)	testing
8	sy	f	18	10	circle	none	dif	vert	up	N_dis	(648, 384)	True	244992	245750	up	(512, 384)	testing
8	sy	f	18	10	circle	red	dif	hori	left	(415, 480)	(376, 384)	True	246839	248731	left	(512, 384)	testing
8	sy	f	18	10	diamond	red	dif	vert	up	(608, 287)	(648, 384)	True	249933	251037	up	(512, 384)	testing
8	sy	f	18	10	circle	green	same	hori	left	(415, 480)	(512, 520)	True	252063	253093	left	(512, 384)	testing
8	sy	f	18	10	diamond	green	dif	vert	up	(415, 480)	(608, 287)	True	254194	255901	up	(512, 384)	testing
8	sy	f	18	10	circle	none	dif	vert	up	N_dis	(608, 480)	True	257145	258103	up	(512, 384)	testing
8	sy	f	18	10	circle	green	same	vert	up	(415, 480)	(512, 248)	True	259327	260259	up	(512, 384)	testing
8	sy	f	18	10	diamond	green	same	hori	left	(415, 287)	(376, 384)	True	261467	262368	left	(512, 384)	testing
8	sy	f	18	10	circle	green	same	hori	left	(376, 384)	(512, 248)	True	263616	264532	left	(512, 384)	testing
8	sy	f	18	10	circle	green	dif	vert	up	(415, 480)	(608, 287)	True	265703	267191	up	(512, 384)	testing
8	sy	f	18	10	circle	none	dif	hori	left	N_dis	(512, 520)	True	268262	269131	left	(512, 384)	testing
conf	8	sy	f	18	10	2	2	2	space	None	None	None	None	None	None	True	311187	323989	5
