subj	name	gender	age	runNum	shape	dist	td_dif	resp	resp_key	d_loc	t_loc	gotKey	startTime	respTime	resp	fix_loc	prac
8	sy	f	18	2	diamond	red	dif	vert	up	(608, 480)	(415, 287)	True	38371	40112	up	(512, 384)	testing
8	sy	f	18	2	circle	none	same	vert	up	N_dis	(512, 248)	True	41321	42209	up	(512, 384)	testing
8	sy	f	18	2	diamond	green	dif	vert	up	(376, 384)	(415, 480)	True	43283	44476	up	(512, 384)	testing
8	sy	f	18	2	diamond	red	dif	vert	up	(608, 480)	(415, 480)	True	45721	47109	up	(512, 384)	testing
8	sy	f	18	2	circle	green	dif	vert	up	(608, 480)	(608, 287)	True	48290	49883	up	(512, 384)	testing
8	sy	f	18	2	diamond	green	same	hori	left	(608, 480)	(512, 248)	True	51020	53025	left	(512, 384)	testing
8	sy	f	18	2	circle	red	dif	vert	up	(415, 480)	(376, 384)	True	54217	55469	up	(512, 384)	testing
8	sy	f	18	2	circle	none	same	vert	up	N_dis	(648, 384)	True	56668	57603	up	(512, 384)	testing
8	sy	f	18	2	diamond	none	same	hori	left	N_dis	(415, 480)	True	58790	59551	left	(512, 384)	testing
8	sy	f	18	2	circle	none	dif	vert	up	N_dis	(608, 287)	True	60700	61655	up	(512, 384)	testing
8	sy	f	18	2	diamond	none	dif	vert	up	N_dis	(415, 480)	True	62702	63521	up	(512, 384)	testing
8	sy	f	18	2	diamond	none	dif	hori	left	N_dis	(648, 384)	True	64770	66300	left	(512, 384)	testing
8	sy	f	18	2	diamond	none	same	vert	up	N_dis	(648, 384)	True	67350	69012	up	(512, 384)	testing
8	sy	f	18	2	circle	none	dif	vert	up	N_dis	(608, 480)	True	70182	71314	up	(512, 384)	testing
8	sy	f	18	2	diamond	green	same	vert	up	(608, 287)	(415, 287)	True	72462	73811	up	(512, 384)	testing
8	sy	f	18	2	diamond	none	same	vert	up	N_dis	(608, 480)	True	74869	75611	up	(512, 384)	testing
8	sy	f	18	2	circle	green	dif	vert	up	(608, 480)	(415, 480)	True	76742	78165	up	(512, 384)	testing
8	sy	f	18	2	circle	green	same	vert	up	(608, 480)	(415, 287)	True	79349	80298	up	(512, 384)	testing
8	sy	f	18	2	diamond	green	dif	hori	left	(608, 480)	(415, 287)	True	81364	83020	left	(512, 384)	testing
8	sy	f	18	2	circle	none	same	vert	up	N_dis	(415, 480)	True	84097	85344	up	(512, 384)	testing
8	sy	f	18	2	diamond	green	same	hori	left	(608, 480)	(608, 287)	True	86483	88041	left	(512, 384)	testing
8	sy	f	18	2	circle	none	dif	vert	up	N_dis	(648, 384)	True	89193	90080	up	(512, 384)	testing
8	sy	f	18	2	diamond	green	dif	hori	left	(608, 480)	(648, 384)	True	91199	92421	left	(512, 384)	testing
8	sy	f	18	2	circle	red	same	hori	left	(608, 480)	(512, 248)	True	93551	94323	up	(512, 384)	testing
8	sy	f	18	2	diamond	green	dif	vert	up	(608, 480)	(512, 520)	True	96966	98209	up	(512, 384)	testing
8	sy	f	18	2	diamond	none	dif	vert	up	N_dis	(512, 248)	True	99387	100253	up	(512, 384)	testing
8	sy	f	18	2	circle	red	same	hori	left	(648, 384)	(415, 287)	True	101418	102216	left	(512, 384)	testing
8	sy	f	18	2	circle	green	dif	hori	left	(608, 480)	(648, 384)	True	103360	104861	left	(512, 384)	testing
8	sy	f	18	2	circle	green	dif	vert	up	(608, 480)	(376, 384)	True	106024	107996	up	(512, 384)	testing
8	sy	f	18	2	circle	none	dif	hori	left	N_dis	(512, 520)	True	109136	110308	left	(512, 384)	testing
8	sy	f	18	2	diamond	red	dif	hori	left	(608, 480)	(376, 384)	True	111339	112273	left	(512, 384)	testing
8	sy	f	18	2	diamond	red	dif	hori	left	(608, 480)	(376, 384)	True	113359	114372	left	(512, 384)	testing
8	sy	f	18	2	diamond	green	same	vert	up	(608, 480)	(512, 248)	True	115583	117427	up	(512, 384)	testing
8	sy	f	18	2	diamond	red	dif	vert	up	(608, 480)	(415, 480)	True	118491	119868	up	(512, 384)	testing
8	sy	f	18	2	circle	red	dif	hori	left	(415, 480)	(512, 520)	True	120913	122154	left	(512, 384)	testing
8	sy	f	18	2	circle	red	same	vert	up	(512, 520)	(415, 480)	True	123261	124973	up	(512, 384)	testing
8	sy	f	18	2	diamond	none	dif	hori	left	N_dis	(376, 384)	True	126075	128335	left	(512, 384)	testing
8	sy	f	18	2	diamond	none	same	vert	up	N_dis	(608, 287)	True	129401	130892	up	(512, 384)	testing
8	sy	f	18	2	diamond	red	same	vert	up	(608, 480)	(376, 384)	True	132049	132867	up	(512, 384)	testing
8	sy	f	18	2	diamond	red	same	vert	up	(648, 384)	(376, 384)	True	134064	135105	up	(512, 384)	testing
8	sy	f	18	2	diamond	red	dif	vert	up	(608, 480)	(608, 287)	True	136207	137907	up	(512, 384)	testing
8	sy	f	18	2	circle	red	same	hori	left	(608, 480)	(512, 520)	True	139071	140496	left	(512, 384)	testing
8	sy	f	18	2	diamond	none	same	hori	left	N_dis	(608, 287)	True	141664	143038	left	(512, 384)	testing
8	sy	f	18	2	diamond	green	dif	hori	left	(608, 480)	(512, 520)	True	144277	145535	left	(512, 384)	testing
8	sy	f	18	2	circle	red	dif	vert	up	(608, 480)	(512, 248)	True	146698	147712	up	(512, 384)	testing
8	sy	f	18	2	circle	red	dif	vert	up	(648, 384)	(608, 287)	True	148976	151512	up	(512, 384)	testing
8	sy	f	18	2	circle	none	same	hori	left	N_dis	(512, 520)	True	152777	154433	left	(512, 384)	testing
8	sy	f	18	2	circle	red	dif	hori	left	(608, 480)	(415, 287)	True	155477	156430	left	(512, 384)	testing
8	sy	f	18	2	diamond	green	same	hori	left	(608, 480)	(415, 287)	True	157635	159570	left	(512, 384)	testing
8	sy	f	18	2	diamond	none	dif	vert	up	N_dis	(415, 287)	True	160623	162255	up	(512, 384)	testing
8	sy	f	18	2	circle	none	same	hori	left	N_dis	(608, 480)	True	163312	164517	left	(512, 384)	testing
8	sy	f	18	2	circle	red	dif	hori	left	(608, 480)	(648, 384)	True	165552	166931	left	(512, 384)	testing
8	sy	f	18	2	circle	green	same	hori	left	(608, 480)	(512, 248)	True	168130	169909	left	(512, 384)	testing
8	sy	f	18	2	diamond	green	dif	vert	up	(608, 480)	(512, 520)	True	171127	172535	up	(512, 384)	testing
8	sy	f	18	2	diamond	red	same	hori	left	(608, 480)	(608, 287)	True	173709	175849	left	(512, 384)	testing
8	sy	f	18	2	circle	none	dif	vert	up	N_dis	(608, 287)	True	177096	178301	up	(512, 384)	testing
8	sy	f	18	2	diamond	red	same	vert	up	(608, 480)	(512, 520)	True	179398	180400	up	(512, 384)	testing
8	sy	f	18	2	circle	none	dif	hori	left	N_dis	(512, 248)	True	181578	182937	left	(512, 384)	testing
8	sy	f	18	2	circle	none	same	hori	left	N_dis	(512, 520)	True	184178	185838	left	(512, 384)	testing
8	sy	f	18	2	diamond	red	dif	hori	left	(608, 480)	(648, 384)	True	186965	188306	left	(512, 384)	testing
8	sy	f	18	2	circle	green	dif	hori	left	(512, 520)	(415, 480)	True	189565	191478	left	(512, 384)	testing
8	sy	f	18	2	diamond	green	same	vert	up	(415, 480)	(415, 287)	True	192652	193451	up	(512, 384)	testing
8	sy	f	18	2	diamond	none	same	hori	left	N_dis	(415, 287)	True	194553	196119	left	(512, 384)	testing
8	sy	f	18	2	diamond	red	same	hori	left	(608, 287)	(415, 287)	True	197346	198964	left	(512, 384)	testing
8	sy	f	18	2	diamond	green	dif	vert	up	(608, 480)	(376, 384)	True	200083	201111	up	(512, 384)	testing
8	sy	f	18	2	diamond	none	same	vert	up	N_dis	(648, 384)	True	202195	203307	up	(512, 384)	testing
8	sy	f	18	2	diamond	red	dif	hori	left	(415, 480)	(376, 384)	True	204510	205679	left	(512, 384)	testing
8	sy	f	18	2	circle	green	same	vert	up	(608, 480)	(415, 287)	True	206794	207815	up	(512, 384)	testing
8	sy	f	18	2	diamond	green	same	vert	up	(512, 520)	(608, 287)	True	208933	209997	up	(512, 384)	testing
8	sy	f	18	2	circle	none	same	hori	left	N_dis	(512, 520)	True	211214	212315	left	(512, 384)	testing
8	sy	f	18	2	diamond	none	same	hori	left	N_dis	(376, 384)	True	213341	214297	left	(512, 384)	testing
8	sy	f	18	2	circle	green	same	hori	left	(376, 384)	(648, 384)	True	215368	216970	left	(512, 384)	testing
8	sy	f	18	2	circle	green	same	vert	up	(608, 480)	(415, 287)	True	218183	218976	up	(512, 384)	testing
8	sy	f	18	2	diamond	green	same	vert	up	(608, 480)	(376, 384)	True	220032	221049	up	(512, 384)	testing
8	sy	f	18	2	circle	red	same	hori	left	(512, 248)	(415, 287)	True	222311	223328	left	(512, 384)	testing
8	sy	f	18	2	circle	green	dif	hori	left	(648, 384)	(608, 287)	True	224439	225165	left	(512, 384)	testing
8	sy	f	18	2	circle	green	same	hori	left	(608, 480)	(415, 480)	True	226229	226985	left	(512, 384)	testing
8	sy	f	18	2	circle	none	same	hori	left	N_dis	(608, 480)	True	228051	228864	left	(512, 384)	testing
8	sy	f	18	2	circle	green	dif	hori	left	(608, 480)	(376, 384)	True	230114	230818	left	(512, 384)	testing
8	sy	f	18	2	diamond	none	dif	hori	left	N_dis	(608, 480)	True	231974	233751	left	(512, 384)	testing
8	sy	f	18	2	circle	green	same	hori	left	(608, 480)	(415, 287)	True	234884	235932	left	(512, 384)	testing
8	sy	f	18	2	circle	green	same	vert	up	(608, 480)	(512, 520)	True	237176	238595	up	(512, 384)	testing
8	sy	f	18	2	diamond	green	dif	hori	left	(608, 480)	(608, 287)	True	239790	241089	left	(512, 384)	testing
8	sy	f	18	2	diamond	none	dif	hori	left	N_dis	(512, 520)	True	242152	243040	left	(512, 384)	testing
8	sy	f	18	2	diamond	none	same	hori	left	N_dis	(415, 480)	True	244194	245301	left	(512, 384)	testing
8	sy	f	18	2	diamond	red	same	hori	left	(608, 480)	(415, 480)	True	246365	247531	left	(512, 384)	testing
8	sy	f	18	2	circle	green	same	vert	up	(608, 287)	(512, 520)	True	248700	249800	up	(512, 384)	testing
8	sy	f	18	2	diamond	none	dif	vert	up	N_dis	(376, 384)	True	250938	252426	up	(512, 384)	testing
8	sy	f	18	2	diamond	none	dif	hori	left	N_dis	(415, 287)	True	253681	254684	left	(512, 384)	testing
8	sy	f	18	2	circle	green	dif	vert	up	(512, 248)	(376, 384)	True	255741	257603	up	(512, 384)	testing
8	sy	f	18	2	circle	green	same	hori	left	(376, 384)	(512, 248)	True	258807	259670	left	(512, 384)	testing
8	sy	f	18	2	diamond	green	same	hori	left	(376, 384)	(415, 287)	True	260820	262526	left	(512, 384)	testing
8	sy	f	18	2	circle	none	same	vert	up	N_dis	(376, 384)	True	263790	264873	up	(512, 384)	testing
8	sy	f	18	2	circle	green	dif	hori	left	(608, 480)	(512, 520)	True	265987	267577	left	(512, 384)	testing
8	sy	f	18	2	diamond	none	same	vert	up	N_dis	(376, 384)	True	268741	269585	up	(512, 384)	testing
8	sy	f	18	2	diamond	red	same	vert	up	(608, 480)	(415, 480)	True	270796	271889	up	(512, 384)	testing
8	sy	f	18	2	circle	none	dif	vert	up	N_dis	(415, 287)	True	272958	274525	up	(512, 384)	testing
8	sy	f	18	2	circle	none	dif	hori	left	N_dis	(415, 287)	True	275698	276789	left	(512, 384)	testing
8	sy	f	18	2	circle	red	same	vert	up	(608, 480)	(648, 384)	True	277833	279221	up	(512, 384)	testing
8	sy	f	18	2	diamond	red	same	hori	left	(512, 248)	(608, 287)	True	280331	282746	left	(512, 384)	testing
8	sy	f	18	2	diamond	green	dif	hori	left	(608, 480)	(415, 287)	True	283797	284740	left	(512, 384)	testing
8	sy	f	18	2	diamond	none	dif	vert	up	N_dis	(415, 480)	True	285910	287023	up	(512, 384)	testing
8	sy	f	18	2	diamond	red	same	hori	left	(608, 287)	(376, 384)	True	288291	289142	left	(512, 384)	testing
8	sy	f	18	2	diamond	red	dif	vert	up	(608, 480)	(512, 248)	True	290340	291250	up	(512, 384)	testing
8	sy	f	18	2	circle	none	same	vert	up	N_dis	(512, 248)	True	292520	293735	up	(512, 384)	testing
8	sy	f	18	2	circle	red	dif	hori	left	(608, 480)	(512, 248)	True	294835	296295	left	(512, 384)	testing
8	sy	f	18	2	circle	red	same	vert	up	(608, 480)	(608, 287)	True	297374	299165	up	(512, 384)	testing
8	sy	f	18	2	circle	red	same	vert	up	(415, 287)	(512, 248)	True	300426	301318	up	(512, 384)	testing
8	sy	f	18	2	diamond	red	dif	hori	left	(512, 520)	(648, 384)	True	302352	303852	left	(512, 384)	testing
8	sy	f	18	2	diamond	green	same	hori	left	(608, 480)	(648, 384)	True	304906	305692	left	(512, 384)	testing
8	sy	f	18	2	diamond	green	dif	vert	up	(608, 480)	(415, 287)	True	306750	308719	up	(512, 384)	testing
8	sy	f	18	2	circle	red	same	vert	up	(415, 287)	(376, 384)	True	309953	311899	up	(512, 384)	testing
8	sy	f	18	2	circle	red	dif	hori	left	(608, 480)	(648, 384)	True	313000	314031	left	(512, 384)	testing
8	sy	f	18	2	circle	green	dif	vert	up	(608, 480)	(608, 287)	True	315305	316157	up	(512, 384)	testing
8	sy	f	18	2	diamond	red	same	vert	up	(415, 287)	(512, 520)	True	317398	318617	up	(512, 384)	testing
8	sy	f	18	2	circle	red	dif	vert	up	(512, 248)	(648, 384)	True	319653	321040	up	(512, 384)	testing
8	sy	f	18	2	circle	none	dif	hori	left	N_dis	(608, 287)	True	322212	323033	left	(512, 384)	testing
8	sy	f	18	2	circle	none	dif	hori	left	N_dis	(512, 248)	True	324207	324948	left	(512, 384)	testing
8	sy	f	18	2	circle	red	same	hori	left	(415, 287)	(512, 520)	True	326066	327587	left	(512, 384)	testing
8	sy	f	18	2	circle	red	dif	vert	up	(608, 480)	(415, 480)	True	328623	329900	up	(512, 384)	testing
