subj	name	gender	age	runNum	shape	dist	td_dif	resp	resp_key	d_loc	t_loc	gotKey	startTime	respTime	resp	fix_loc	prac
8	sy	f	18	7	circle	red	dif	vert	up	(608, 480)	(376, 384)	True	166398	167260	up	(512, 384)	testing
8	sy	f	18	7	diamond	red	dif	hori	left	(415, 480)	(608, 480)	True	168369	169069	left	(512, 384)	testing
8	sy	f	18	7	circle	none	dif	hori	left	N_dis	(648, 384)	True	170269	170912	left	(512, 384)	testing
8	sy	f	18	7	diamond	red	same	hori	left	(608, 480)	(512, 248)	True	172019	172820	up	(512, 384)	testing
8	sy	f	18	7	circle	red	same	vert	up	(415, 480)	(608, 480)	True	175417	176305	up	(512, 384)	testing
8	sy	f	18	7	circle	red	dif	vert	up	(415, 480)	(608, 287)	True	177505	178712	up	(512, 384)	testing
8	sy	f	18	7	circle	none	same	hori	left	N_dis	(648, 384)	True	179740	180349	left	(512, 384)	testing
8	sy	f	18	7	diamond	green	same	vert	up	(648, 384)	(512, 248)	True	181542	182687	up	(512, 384)	testing
8	sy	f	18	7	circle	green	dif	vert	up	(415, 480)	(512, 520)	True	183714	184530	up	(512, 384)	testing
8	sy	f	18	7	circle	red	same	hori	left	(415, 480)	(415, 287)	True	185630	186330	left	(512, 384)	testing
8	sy	f	18	7	circle	none	dif	hori	left	N_dis	(512, 520)	True	187510	188474	left	(512, 384)	testing
8	sy	f	18	7	circle	none	dif	vert	up	N_dis	(415, 480)	True	189639	190744	up	(512, 384)	testing
8	sy	f	18	7	circle	red	dif	hori	left	(415, 480)	(608, 287)	True	191893	192532	left	(512, 384)	testing
8	sy	f	18	7	diamond	red	same	vert	up	(512, 248)	(608, 287)	True	193605	195292	up	(512, 384)	testing
8	sy	f	18	7	circle	red	same	vert	up	(415, 480)	(608, 287)	True	196502	198067	up	(512, 384)	testing
8	sy	f	18	7	circle	none	same	hori	left	N_dis	(376, 384)	True	199152	199879	left	(512, 384)	testing
8	sy	f	18	7	diamond	green	same	hori	left	(415, 480)	(608, 480)	True	200954	202393	left	(512, 384)	testing
8	sy	f	18	7	circle	red	dif	hori	left	(415, 287)	(512, 520)	True	203658	204952	left	(512, 384)	testing
8	sy	f	18	7	circle	green	dif	vert	up	(415, 480)	(512, 520)	True	206052	207609	up	(512, 384)	testing
8	sy	f	18	7	circle	none	dif	vert	up	N_dis	(608, 480)	True	208732	209659	up	(512, 384)	testing
8	sy	f	18	7	circle	green	same	vert	up	(376, 384)	(608, 287)	True	210929	211866	up	(512, 384)	testing
8	sy	f	18	7	diamond	none	dif	hori	left	N_dis	(608, 480)	True	212951	214087	left	(512, 384)	testing
8	sy	f	18	7	diamond	green	dif	hori	left	(415, 287)	(608, 287)	True	215326	216006	left	(512, 384)	testing
8	sy	f	18	7	diamond	none	same	hori	left	N_dis	(512, 248)	True	217259	218359	left	(512, 384)	testing
8	sy	f	18	7	diamond	none	same	vert	up	N_dis	(376, 384)	True	219516	220386	up	(512, 384)	testing
8	sy	f	18	7	circle	green	same	hori	left	(512, 520)	(608, 287)	True	221426	222286	left	(512, 384)	testing
8	sy	f	18	7	circle	red	same	hori	left	(415, 480)	(648, 384)	True	223478	224526	left	(512, 384)	testing
8	sy	f	18	7	diamond	green	same	vert	up	(648, 384)	(608, 287)	True	225715	227163	up	(512, 384)	testing
8	sy	f	18	7	diamond	red	same	vert	up	(415, 480)	(608, 480)	True	228324	230157	up	(512, 384)	testing
8	sy	f	18	7	circle	green	dif	hori	left	(415, 480)	(376, 384)	True	231246	232726	left	(512, 384)	testing
8	sy	f	18	7	diamond	red	dif	vert	up	(415, 480)	(608, 480)	True	233839	234781	up	(512, 384)	testing
8	sy	f	18	7	diamond	green	same	hori	left	(608, 287)	(376, 384)	True	235989	236848	left	(512, 384)	testing
8	sy	f	18	7	circle	green	same	hori	left	(415, 287)	(512, 520)	True	237951	239203	left	(512, 384)	testing
8	sy	f	18	7	diamond	green	same	vert	up	(512, 248)	(608, 287)	True	240269	241145	up	(512, 384)	testing
8	sy	f	18	7	circle	green	dif	hori	left	(415, 480)	(512, 248)	True	242351	243810	left	(512, 384)	testing
8	sy	f	18	7	circle	green	dif	hori	left	(376, 384)	(512, 248)	True	244904	245636	left	(512, 384)	testing
8	sy	f	18	7	diamond	red	same	hori	left	(415, 480)	(512, 248)	True	246903	248110	left	(512, 384)	testing
8	sy	f	18	7	circle	red	dif	hori	left	(415, 480)	(608, 480)	True	249327	250317	left	(512, 384)	testing
8	sy	f	18	7	circle	green	dif	hori	left	(415, 480)	(648, 384)	True	251425	252148	left	(512, 384)	testing
8	sy	f	18	7	circle	none	dif	vert	up	N_dis	(415, 480)	True	253249	254130	up	(512, 384)	testing
8	sy	f	18	7	circle	red	same	hori	left	(512, 248)	(376, 384)	True	255162	255916	left	(512, 384)	testing
8	sy	f	18	7	circle	none	same	hori	left	N_dis	(512, 520)	True	257017	258023	left	(512, 384)	testing
8	sy	f	18	7	diamond	none	dif	vert	up	N_dis	(512, 520)	True	259076	259937	up	(512, 384)	testing
8	sy	f	18	7	circle	none	same	hori	left	N_dis	(608, 480)	True	261044	262232	left	(512, 384)	testing
8	sy	f	18	7	circle	none	same	vert	up	N_dis	(376, 384)	True	263316	264080	up	(512, 384)	testing
8	sy	f	18	7	circle	none	dif	hori	left	N_dis	(608, 480)	True	265122	266765	left	(512, 384)	testing
8	sy	f	18	7	circle	green	same	vert	up	(415, 480)	(376, 384)	True	267901	268665	up	(512, 384)	testing
8	sy	f	18	7	diamond	green	dif	vert	up	(415, 480)	(512, 248)	True	269792	271494	up	(512, 384)	testing
8	sy	f	18	7	diamond	green	dif	vert	up	(415, 480)	(512, 520)	True	272669	274347	up	(512, 384)	testing
8	sy	f	18	7	circle	green	dif	vert	up	(415, 480)	(648, 384)	True	275561	276852	left	(512, 384)	testing
8	sy	f	18	7	diamond	red	same	vert	up	(608, 287)	(648, 384)	True	279530	280445	up	(512, 384)	testing
8	sy	f	18	7	diamond	green	dif	vert	up	(415, 480)	(512, 248)	True	281477	282131	up	(512, 384)	testing
8	sy	f	18	7	diamond	green	dif	vert	up	(608, 287)	(415, 287)	True	283371	284095	up	(512, 384)	testing
8	sy	f	18	7	circle	none	same	vert	up	N_dis	(415, 480)	True	285213	286365	up	(512, 384)	testing
8	sy	f	18	7	diamond	red	dif	hori	left	(415, 480)	(608, 287)	True	287550	288537	left	(512, 384)	testing
8	sy	f	18	7	diamond	green	dif	vert	up	(376, 384)	(512, 248)	True	289810	291800	up	(512, 384)	testing
8	sy	f	18	7	circle	green	dif	vert	up	(608, 480)	(376, 384)	True	292965	295418	up	(512, 384)	testing
8	sy	f	18	7	diamond	none	dif	hori	left	N_dis	(608, 287)	True	296555	297551	left	(512, 384)	testing
8	sy	f	18	7	circle	red	same	hori	left	(415, 480)	(376, 384)	True	298696	299664	left	(512, 384)	testing
8	sy	f	18	7	circle	none	dif	hori	left	N_dis	(512, 248)	True	300932	301680	left	(512, 384)	testing
8	sy	f	18	7	circle	red	same	vert	up	(415, 480)	(415, 287)	True	302937	304883	up	(512, 384)	testing
8	sy	f	18	7	diamond	green	same	vert	up	(415, 480)	(376, 384)	True	305935	307163	up	(512, 384)	testing
8	sy	f	18	7	diamond	none	same	hori	left	N_dis	(376, 384)	True	308211	309418	left	(512, 384)	testing
8	sy	f	18	7	diamond	green	same	hori	left	(415, 480)	(376, 384)	True	310461	311394	left	(512, 384)	testing
8	sy	f	18	7	diamond	red	same	hori	left	(415, 480)	(376, 384)	True	312667	313453	left	(512, 384)	testing
8	sy	f	18	7	diamond	none	same	vert	up	N_dis	(512, 248)	True	314561	315404	up	(512, 384)	testing
8	sy	f	18	7	diamond	green	dif	hori	left	(415, 480)	(608, 287)	True	316520	317297	left	(512, 384)	testing
8	sy	f	18	7	circle	red	dif	hori	left	(415, 480)	(415, 287)	True	318359	320705	left	(512, 384)	testing
8	sy	f	18	7	circle	green	same	vert	up	(608, 480)	(648, 384)	True	321804	322579	up	(512, 384)	testing
8	sy	f	18	7	circle	green	dif	vert	up	(415, 480)	(648, 384)	True	323706	324788	up	(512, 384)	testing
8	sy	f	18	7	diamond	none	same	hori	left	N_dis	(608, 287)	True	326004	326938	left	(512, 384)	testing
8	sy	f	18	7	circle	green	same	hori	left	(415, 480)	(512, 520)	True	328025	329557	left	(512, 384)	testing
8	sy	f	18	7	diamond	red	dif	hori	left	(415, 480)	(608, 287)	True	330656	331451	left	(512, 384)	testing
8	sy	f	18	7	circle	none	dif	vert	up	N_dis	(415, 287)	True	332525	333228	up	(512, 384)	testing
8	sy	f	18	7	diamond	none	dif	vert	up	N_dis	(512, 248)	True	334431	335608	up	(512, 384)	testing
8	sy	f	18	7	circle	none	dif	vert	up	N_dis	(415, 287)	True	336802	338433	up	(512, 384)	testing
8	sy	f	18	7	diamond	none	dif	hori	left	N_dis	(648, 384)	True	339475	340642	left	(512, 384)	testing
8	sy	f	18	7	diamond	none	dif	vert	up	N_dis	(648, 384)	True	341719	342462	up	(512, 384)	testing
8	sy	f	18	7	diamond	red	dif	vert	up	(415, 287)	(512, 248)	True	343564	344990	up	(512, 384)	testing
8	sy	f	18	7	diamond	red	same	hori	left	(415, 480)	(608, 287)	True	346158	346907	left	(512, 384)	testing
8	sy	f	18	7	circle	green	same	hori	left	(415, 480)	(648, 384)	True	348157	349076	left	(512, 384)	testing
8	sy	f	18	7	circle	green	same	vert	up	(512, 520)	(415, 287)	True	350346	351101	up	(512, 384)	testing
8	sy	f	18	7	circle	red	dif	vert	up	(415, 480)	(512, 520)	True	352139	353180	up	(512, 384)	testing
8	sy	f	18	7	circle	red	dif	vert	up	(415, 480)	(648, 384)	True	354240	354988	up	(512, 384)	testing
8	sy	f	18	7	diamond	none	same	vert	up	N_dis	(512, 520)	True	356171	357687	up	(512, 384)	testing
8	sy	f	18	7	diamond	red	same	vert	up	(415, 480)	(608, 287)	True	358822	359433	up	(512, 384)	testing
8	sy	f	18	7	diamond	green	same	vert	up	(415, 480)	(415, 287)	True	360622	361318	up	(512, 384)	testing
8	sy	f	18	7	circle	green	same	vert	up	(415, 480)	(415, 287)	True	362584	363263	up	(512, 384)	testing
8	sy	f	18	7	diamond	red	dif	hori	left	(415, 480)	(512, 520)	True	364354	365774	left	(512, 384)	testing
8	sy	f	18	7	diamond	none	dif	vert	up	N_dis	(415, 287)	True	366853	367813	up	(512, 384)	testing
8	sy	f	18	7	circle	none	same	vert	up	N_dis	(608, 480)	True	368994	369937	up	(512, 384)	testing
8	sy	f	18	7	diamond	red	dif	vert	up	(415, 480)	(415, 287)	True	370991	371770	up	(512, 384)	testing
8	sy	f	18	7	diamond	red	dif	vert	up	(608, 287)	(512, 248)	True	372839	373599	left	(512, 384)	testing
8	sy	f	18	7	circle	green	dif	hori	left	(415, 480)	(512, 248)	True	376269	377914	left	(512, 384)	testing
8	sy	f	18	7	circle	red	same	vert	up	(415, 480)	(376, 384)	True	379165	380000	up	(512, 384)	testing
8	sy	f	18	7	circle	red	same	vert	up	(512, 520)	(608, 287)	True	381081	381971	up	(512, 384)	testing
8	sy	f	18	7	circle	green	same	hori	left	(512, 248)	(415, 287)	True	383117	383834	left	(512, 384)	testing
8	sy	f	18	7	circle	none	same	hori	left	N_dis	(608, 287)	True	384893	385941	left	(512, 384)	testing
8	sy	f	18	7	diamond	none	same	hori	left	N_dis	(512, 248)	True	387205	388025	left	(512, 384)	testing
8	sy	f	18	7	circle	red	dif	hori	left	(415, 480)	(608, 287)	True	389063	389871	left	(512, 384)	testing
8	sy	f	18	7	diamond	none	dif	hori	left	N_dis	(415, 287)	True	391055	391801	left	(512, 384)	testing
8	sy	f	18	7	diamond	none	same	vert	up	N_dis	(415, 287)	True	392827	393732	up	(512, 384)	testing
8	sy	f	18	7	diamond	red	same	vert	up	(648, 384)	(608, 480)	True	394892	396106	up	(512, 384)	testing
8	sy	f	18	7	diamond	green	dif	hori	left	(415, 480)	(512, 248)	True	397281	399084	left	(512, 384)	testing
8	sy	f	18	7	diamond	green	same	hori	left	(376, 384)	(608, 480)	True	400294	401008	left	(512, 384)	testing
8	sy	f	18	7	diamond	red	dif	hori	left	(415, 480)	(512, 520)	True	402188	403005	left	(512, 384)	testing
8	sy	f	18	7	diamond	green	same	hori	left	(415, 480)	(608, 480)	True	404064	405101	left	(512, 384)	testing
8	sy	f	18	7	diamond	none	same	hori	left	N_dis	(415, 480)	True	406301	407135	left	(512, 384)	testing
8	sy	f	18	7	circle	red	dif	vert	up	(415, 480)	(648, 384)	True	408256	409216	up	(512, 384)	testing
8	sy	f	18	7	diamond	none	dif	vert	up	N_dis	(376, 384)	True	410240	412078	up	(512, 384)	testing
8	sy	f	18	7	circle	none	dif	hori	left	N_dis	(415, 480)	True	413117	413823	left	(512, 384)	testing
8	sy	f	18	7	diamond	red	dif	vert	up	(648, 384)	(376, 384)	True	415000	415896	up	(512, 384)	testing
8	sy	f	18	7	circle	none	same	vert	up	N_dis	(608, 287)	True	417001	418533	up	(512, 384)	testing
8	sy	f	18	7	diamond	green	dif	hori	left	(512, 520)	(648, 384)	True	419714	420904	left	(512, 384)	testing
8	sy	f	18	7	circle	red	same	hori	left	(415, 480)	(415, 287)	True	421962	422742	left	(512, 384)	testing
8	sy	f	18	7	circle	none	same	vert	up	N_dis	(648, 384)	True	423910	424729	up	(512, 384)	testing
8	sy	f	18	7	diamond	none	dif	hori	left	N_dis	(608, 287)	True	425768	426669	left	(512, 384)	testing
8	sy	f	18	7	diamond	none	same	vert	up	N_dis	(512, 520)	True	427858	428739	up	(512, 384)	testing
8	sy	f	18	7	diamond	green	dif	hori	left	(415, 480)	(608, 287)	True	429784	430430	left	(512, 384)	testing
8	sy	f	18	7	diamond	red	same	hori	left	(415, 480)	(512, 248)	True	431482	433269	left	(512, 384)	testing
