subj	name	gender	age	runNum	shape	dist	td_dif	resp	resp_key	d_loc	t_loc	gotKey	startTime	respTime	resp	fix_loc	prac
8	zy	f	20	7	diamond	green	same	vert	up	(681, 568)	(918, 331)	True	6369	8028	up	(800, 450)	testing
8	zy	f	20	7	circle	red	dif	hori	left	(681, 568)	(918, 331)	True	9124	10188	left	(800, 450)	testing
8	zy	f	20	7	diamond	none	dif	vert	up	N_dis	(632, 450)	True	11295	12140	up	(800, 450)	testing
8	zy	f	20	7	circle	green	same	vert	up	(918, 331)	(968, 450)	True	13248	14316	up	(800, 450)	testing
8	zy	f	20	7	circle	none	dif	hori	left	N_dis	(918, 568)	True	15564	16284	left	(800, 450)	testing
8	zy	f	20	7	diamond	none	same	hori	left	N_dis	(681, 568)	True	17394	18925	left	(800, 450)	testing
8	zy	f	20	7	circle	green	dif	hori	left	(800, 618)	(632, 450)	True	20117	20941	left	(800, 450)	testing
8	zy	f	20	7	circle	red	dif	hori	left	(681, 568)	(800, 282)	True	22152	23373	left	(800, 450)	testing
8	zy	f	20	7	circle	red	dif	vert	up	(681, 568)	(681, 331)	True	24446	25420	up	(800, 450)	testing
8	zy	f	20	7	circle	none	same	vert	up	N_dis	(918, 331)	True	26678	27869	up	(800, 450)	testing
8	zy	f	20	7	circle	green	same	hori	left	(681, 331)	(632, 450)	True	28942	30364	left	(800, 450)	testing
8	zy	f	20	7	circle	red	same	hori	left	(681, 568)	(968, 450)	True	31519	32493	left	(800, 450)	testing
8	zy	f	20	7	diamond	red	same	vert	up	(918, 331)	(800, 282)	True	33668	35340	up	(800, 450)	testing
8	zy	f	20	7	diamond	red	dif	hori	left	(681, 331)	(918, 568)	True	36535	38012	left	(800, 450)	testing
8	zy	f	20	7	circle	red	same	hori	left	(800, 618)	(681, 331)	True	39187	40765	left	(800, 450)	testing
8	zy	f	20	7	circle	green	same	vert	up	(968, 450)	(918, 568)	True	41914	43565	up	(800, 450)	testing
8	zy	f	20	7	diamond	red	dif	vert	up	(681, 568)	(632, 450)	True	44762	46012	up	(800, 450)	testing
8	zy	f	20	7	circle	green	dif	vert	up	(681, 568)	(968, 450)	True	47133	48348	up	(800, 450)	testing
8	zy	f	20	7	diamond	red	dif	vert	up	(681, 568)	(968, 450)	True	49519	50493	up	(800, 450)	testing
8	zy	f	20	7	diamond	red	dif	hori	left	(800, 282)	(918, 568)	True	51708	52957	left	(800, 450)	testing
8	zy	f	20	7	diamond	green	dif	hori	left	(681, 568)	(918, 331)	True	54216	55308	left	(800, 450)	testing
8	zy	f	20	7	diamond	none	dif	vert	up	N_dis	(681, 568)	True	56384	57372	up	(800, 450)	testing
8	zy	f	20	7	circle	red	same	vert	up	(681, 568)	(800, 618)	True	58593	60108	up	(800, 450)	testing
8	zy	f	20	7	circle	green	dif	vert	up	(918, 568)	(681, 331)	True	61293	62108	up	(800, 450)	testing
8	zy	f	20	7	diamond	green	dif	hori	left	(681, 568)	(681, 331)	True	63281	64316	left	(800, 450)	testing
8	zy	f	20	7	circle	none	dif	vert	up	N_dis	(800, 282)	True	65524	67501	up	(800, 450)	testing
8	zy	f	20	7	diamond	none	dif	hori	left	N_dis	(632, 450)	True	68609	69581	left	(800, 450)	testing
8	zy	f	20	7	circle	red	same	vert	up	(681, 568)	(632, 450)	True	70702	71933	up	(800, 450)	testing
8	zy	f	20	7	circle	green	same	hori	left	(681, 568)	(800, 282)	True	73197	74108	left	(800, 450)	testing
8	zy	f	20	7	diamond	none	same	vert	up	N_dis	(681, 331)	True	75305	76428	up	(800, 450)	testing
8	zy	f	20	7	diamond	none	same	hori	left	N_dis	(800, 618)	True	77636	78797	left	(800, 450)	testing
8	zy	f	20	7	circle	green	same	hori	left	(681, 568)	(918, 331)	True	79945	81324	left	(800, 450)	testing
8	zy	f	20	7	circle	green	dif	hori	left	(681, 568)	(632, 450)	True	82480	83228	left	(800, 450)	testing
8	zy	f	20	7	circle	red	dif	hori	left	(800, 618)	(632, 450)	True	84455	85164	left	(800, 450)	testing
8	zy	f	20	7	circle	none	same	hori	left	N_dis	(681, 331)	True	86248	86989	left	(800, 450)	testing
8	zy	f	20	7	diamond	red	dif	hori	left	(632, 450)	(800, 618)	True	88251	89661	left	(800, 450)	testing
8	zy	f	20	7	diamond	red	same	hori	left	(681, 568)	(681, 331)	True	90859	92012	left	(800, 450)	testing
8	zy	f	20	7	diamond	green	same	hori	left	(681, 568)	(800, 282)	True	93295	94573	left	(800, 450)	testing
8	zy	f	20	7	circle	red	dif	vert	up	(681, 331)	(968, 450)	True	95728	96749	up	(800, 450)	testing
8	zy	f	20	7	diamond	green	same	vert	up	(681, 568)	(681, 331)	True	97910	98957	up	(800, 450)	testing
8	zy	f	20	7	diamond	none	same	vert	up	N_dis	(918, 331)	True	100198	101084	up	(800, 450)	testing
8	zy	f	20	7	circle	green	dif	hori	left	(681, 568)	(800, 282)	True	102127	104284	left	(800, 450)	testing
8	zy	f	20	7	circle	green	same	hori	left	(800, 282)	(918, 568)	True	105415	106396	left	(800, 450)	testing
8	zy	f	20	7	diamond	green	dif	hori	left	(681, 568)	(968, 450)	True	107621	109084	left	(800, 450)	testing
8	zy	f	20	7	diamond	red	same	vert	up	(632, 450)	(681, 331)	True	110253	111629	up	(800, 450)	testing
8	zy	f	20	7	circle	green	dif	hori	left	(918, 568)	(800, 618)	True	112869	113949	left	(800, 450)	testing
8	zy	f	20	7	diamond	green	dif	vert	up	(681, 568)	(800, 282)	True	115060	116412	up	(800, 450)	testing
8	zy	f	20	7	diamond	red	dif	vert	up	(968, 450)	(918, 331)	True	117485	118444	up	(800, 450)	testing
8	zy	f	20	7	diamond	green	same	hori	left	(968, 450)	(800, 282)	True	119733	121164	left	(800, 450)	testing
8	zy	f	20	7	diamond	none	same	hori	left	N_dis	(918, 568)	True	122401	123741	left	(800, 450)	testing
8	zy	f	20	7	circle	green	dif	vert	up	(681, 568)	(918, 331)	True	124902	126573	up	(800, 450)	testing
8	zy	f	20	7	diamond	none	dif	hori	left	N_dis	(800, 282)	True	127818	129180	left	(800, 450)	testing
8	zy	f	20	7	diamond	none	dif	vert	up	N_dis	(968, 450)	True	130414	131404	up	(800, 450)	testing
8	zy	f	20	7	circle	green	dif	vert	up	(681, 568)	(918, 568)	True	132543	133597	up	(800, 450)	testing
8	zy	f	20	7	circle	green	same	hori	left	(681, 568)	(800, 282)	True	134723	135997	left	(800, 450)	testing
8	zy	f	20	7	diamond	none	same	vert	up	N_dis	(800, 282)	True	137085	138444	up	(800, 450)	testing
8	zy	f	20	7	circle	red	same	vert	up	(681, 568)	(800, 618)	True	139555	140861	up	(800, 450)	testing
8	zy	f	20	7	diamond	red	same	hori	left	(918, 331)	(800, 282)	True	141945	143693	left	(800, 450)	testing
8	zy	f	20	7	circle	none	dif	hori	left	N_dis	(681, 568)	True	144916	145965	left	(800, 450)	testing
8	zy	f	20	7	circle	none	same	vert	up	N_dis	(968, 450)	True	147253	148108	up	(800, 450)	testing
8	zy	f	20	7	circle	red	same	hori	left	(681, 568)	(918, 568)	True	149154	150044	up	(800, 450)	testing
8	zy	f	20	7	diamond	green	dif	vert	up	(800, 618)	(681, 331)	True	152806	153837	up	(800, 450)	testing
8	zy	f	20	7	circle	none	same	hori	left	N_dis	(800, 618)	True	155082	155981	left	(800, 450)	testing
8	zy	f	20	7	circle	none	same	vert	up	N_dis	(800, 618)	True	157250	158316	up	(800, 450)	testing
8	zy	f	20	7	diamond	green	same	hori	left	(681, 568)	(918, 331)	True	159508	161805	left	(800, 450)	testing
8	zy	f	20	7	diamond	none	same	hori	left	N_dis	(681, 331)	True	162890	164092	left	(800, 450)	testing
8	zy	f	20	7	circle	none	same	hori	left	N_dis	(681, 568)	True	165345	166925	left	(800, 450)	testing
8	zy	f	20	7	diamond	none	same	vert	up	N_dis	(800, 282)	True	168195	169533	up	(800, 450)	testing
8	zy	f	20	7	circle	none	same	hori	left	N_dis	(918, 331)	True	170598	171917	left	(800, 450)	testing
8	zy	f	20	7	circle	red	dif	hori	left	(681, 568)	(800, 618)	True	173026	174397	left	(800, 450)	testing
8	zy	f	20	7	circle	green	dif	hori	left	(681, 568)	(632, 450)	True	175559	176733	left	(800, 450)	testing
8	zy	f	20	7	diamond	none	same	hori	left	N_dis	(968, 450)	True	177838	178893	left	(800, 450)	testing
8	zy	f	20	7	circle	red	dif	hori	left	(800, 282)	(918, 331)	True	179976	181324	left	(800, 450)	testing
8	zy	f	20	7	diamond	none	dif	vert	up	N_dis	(918, 568)	True	182367	183565	up	(800, 450)	testing
8	zy	f	20	7	circle	green	same	vert	up	(918, 568)	(800, 282)	True	184701	186444	up	(800, 450)	testing
8	zy	f	20	7	circle	red	same	vert	up	(681, 568)	(632, 450)	True	187596	188797	up	(800, 450)	testing
8	zy	f	20	7	diamond	red	dif	vert	up	(681, 331)	(918, 568)	True	189858	191244	up	(800, 450)	testing
8	zy	f	20	7	diamond	green	same	vert	up	(800, 282)	(968, 450)	True	192433	193484	up	(800, 450)	testing
8	zy	f	20	7	diamond	none	dif	hori	left	N_dis	(800, 618)	True	194584	195581	left	(800, 450)	testing
8	zy	f	20	7	diamond	red	same	vert	up	(681, 568)	(918, 568)	True	196868	198124	up	(800, 450)	testing
8	zy	f	20	7	diamond	red	same	hori	left	(681, 568)	(800, 282)	True	199298	200477	left	(800, 450)	testing
8	zy	f	20	7	circle	none	dif	hori	left	N_dis	(968, 450)	True	201705	203052	left	(800, 450)	testing
8	zy	f	20	7	diamond	green	same	vert	up	(681, 568)	(681, 331)	True	204319	205502	up	(800, 450)	testing
8	zy	f	20	7	diamond	red	same	vert	up	(681, 568)	(918, 331)	True	206715	207629	up	(800, 450)	testing
8	zy	f	20	7	circle	red	dif	vert	up	(681, 568)	(918, 331)	True	208886	210332	up	(800, 450)	testing
8	zy	f	20	7	circle	green	same	vert	up	(681, 568)	(800, 618)	True	211425	212268	up	(800, 450)	testing
8	zy	f	20	7	circle	none	dif	hori	left	N_dis	(918, 568)	True	213334	214300	left	(800, 450)	testing
8	zy	f	20	7	diamond	red	dif	vert	up	(681, 568)	(968, 450)	True	215388	216236	up	(800, 450)	testing
8	zy	f	20	7	circle	red	dif	vert	up	(681, 568)	(800, 618)	True	217513	218621	up	(800, 450)	testing
8	zy	f	20	7	diamond	red	same	hori	left	(681, 568)	(918, 331)	True	219711	220830	left	(800, 450)	testing
8	zy	f	20	7	diamond	red	dif	hori	left	(681, 568)	(681, 331)	True	221918	223805	left	(800, 450)	testing
8	zy	f	20	7	circle	red	dif	vert	up	(632, 450)	(681, 331)	True	224881	226220	up	(800, 450)	testing
8	zy	f	20	7	diamond	none	dif	hori	left	N_dis	(632, 450)	True	227267	228332	left	(800, 450)	testing
8	zy	f	20	7	circle	none	dif	vert	up	N_dis	(632, 450)	True	229399	230348	up	(800, 450)	testing
8	zy	f	20	7	circle	none	same	vert	up	N_dis	(918, 331)	True	231570	232765	up	(800, 450)	testing
8	zy	f	20	7	diamond	none	dif	hori	left	N_dis	(918, 331)	True	234015	234941	left	(800, 450)	testing
8	zy	f	20	7	circle	red	same	hori	left	(681, 568)	(918, 568)	True	236148	237068	left	(800, 450)	testing
8	zy	f	20	7	circle	none	same	vert	up	N_dis	(918, 568)	True	238171	239180	up	(800, 450)	testing
8	zy	f	20	7	diamond	green	dif	hori	left	(681, 568)	(800, 618)	True	240441	242252	left	(800, 450)	testing
8	zy	f	20	7	circle	none	dif	vert	up	N_dis	(632, 450)	True	243528	244557	up	(800, 450)	testing
8	zy	f	20	7	circle	none	dif	vert	up	N_dis	(681, 331)	True	245808	246862	up	(800, 450)	testing
8	zy	f	20	7	circle	red	same	hori	left	(681, 568)	(968, 450)	True	248048	248941	left	(800, 450)	testing
8	zy	f	20	7	circle	none	dif	vert	up	N_dis	(968, 450)	True	250118	251068	up	(800, 450)	testing
8	zy	f	20	7	circle	green	same	vert	up	(681, 568)	(800, 618)	True	252354	253228	up	(800, 450)	testing
8	zy	f	20	7	diamond	red	dif	hori	left	(681, 568)	(632, 450)	True	254427	256444	left	(800, 450)	testing
8	zy	f	20	7	diamond	green	same	vert	up	(681, 568)	(632, 450)	True	257592	259452	up	(800, 450)	testing
8	zy	f	20	7	circle	none	dif	hori	left	N_dis	(681, 331)	True	260693	261981	left	(800, 450)	testing
8	zy	f	20	7	diamond	red	same	vert	up	(681, 568)	(681, 331)	True	263140	264476	up	(800, 450)	testing
8	zy	f	20	7	diamond	red	same	hori	left	(681, 568)	(918, 568)	True	265532	267164	left	(800, 450)	testing
8	zy	f	20	7	diamond	none	same	vert	up	N_dis	(681, 568)	True	268243	269356	up	(800, 450)	testing
8	zy	f	20	7	diamond	green	same	hori	left	(681, 568)	(918, 568)	True	270531	272541	left	(800, 450)	testing
8	zy	f	20	7	circle	green	dif	vert	up	(632, 450)	(918, 568)	True	273716	275388	up	(800, 450)	testing
8	zy	f	20	7	diamond	green	dif	hori	left	(918, 568)	(800, 282)	True	276443	277501	left	(800, 450)	testing
8	zy	f	20	7	diamond	green	same	hori	left	(968, 450)	(918, 331)	True	278607	279757	left	(800, 450)	testing
8	zy	f	20	7	circle	red	same	vert	up	(681, 568)	(968, 450)	True	280905	281885	up	(800, 450)	testing
8	zy	f	20	7	diamond	green	dif	vert	up	(918, 331)	(800, 618)	True	282936	284012	up	(800, 450)	testing
8	zy	f	20	7	circle	none	same	hori	left	N_dis	(800, 618)	True	285302	286108	left	(800, 450)	testing
8	zy	f	20	7	diamond	none	dif	vert	up	N_dis	(800, 282)	True	287156	288348	up	(800, 450)	testing
8	zy	f	20	7	diamond	green	dif	vert	up	(681, 568)	(918, 568)	True	289570	290797	up	(800, 450)	testing
8	zy	f	20	7	diamond	green	dif	vert	up	(681, 568)	(918, 331)	True	292027	293052	up	(800, 450)	testing
