subj	name	gender	age	runNum	shape	dist	td_dif	resp	resp_key	d_loc	t_loc	gotKey	startTime	respTime	resp	fix_loc	prac
8	zy	f	20	10	diamond	red	dif	vert	up	(918, 568)	(681, 331)	True	8464	10365	up	(800, 450)	testing
8	zy	f	20	10	circle	none	same	vert	up	N_dis	(632, 450)	True	11596	12605	up	(800, 450)	testing
8	zy	f	20	10	circle	red	same	vert	up	(681, 568)	(632, 450)	True	13759	14685	up	(800, 450)	testing
8	zy	f	20	10	circle	none	same	vert	up	N_dis	(918, 568)	True	15945	16685	up	(800, 450)	testing
8	zy	f	20	10	circle	green	dif	hori	left	(681, 568)	(918, 331)	True	17766	18669	left	(800, 450)	testing
8	zy	f	20	10	diamond	red	dif	hori	left	(681, 568)	(800, 618)	True	19790	21677	left	(800, 450)	testing
8	zy	f	20	10	circle	red	same	vert	up	(918, 568)	(918, 331)	True	22879	24141	up	(800, 450)	testing
8	zy	f	20	10	diamond	green	same	vert	up	(681, 331)	(632, 450)	True	25375	26621	up	(800, 450)	testing
8	zy	f	20	10	diamond	none	dif	hori	left	N_dis	(968, 450)	True	27888	29020	left	(800, 450)	testing
8	zy	f	20	10	diamond	red	dif	hori	left	(681, 331)	(918, 568)	True	30201	31261	left	(800, 450)	testing
8	zy	f	20	10	circle	green	same	vert	up	(681, 568)	(800, 618)	True	32440	34429	up	(800, 450)	testing
8	zy	f	20	10	diamond	none	same	hori	left	N_dis	(800, 282)	True	35500	36589	left	(800, 450)	testing
8	zy	f	20	10	diamond	green	dif	vert	up	(968, 450)	(918, 331)	True	37722	38861	up	(800, 450)	testing
8	zy	f	20	10	diamond	none	dif	vert	up	N_dis	(681, 568)	True	40102	41166	up	(800, 450)	testing
8	zy	f	20	10	circle	green	dif	hori	left	(918, 331)	(800, 282)	True	42415	43581	left	(800, 450)	testing
8	zy	f	20	10	diamond	none	same	vert	up	N_dis	(681, 331)	True	44684	45773	up	(800, 450)	testing
8	zy	f	20	10	diamond	red	dif	hori	left	(800, 282)	(632, 450)	True	46888	47837	left	(800, 450)	testing
8	zy	f	20	10	diamond	none	dif	vert	up	N_dis	(918, 568)	True	49027	50044	up	(800, 450)	testing
8	zy	f	20	10	circle	green	dif	hori	left	(681, 568)	(800, 282)	True	51150	52092	left	(800, 450)	testing
8	zy	f	20	10	circle	none	dif	vert	up	N_dis	(968, 450)	True	53319	54365	up	(800, 450)	testing
8	zy	f	20	10	diamond	green	same	hori	left	(681, 568)	(632, 450)	True	55490	56493	left	(800, 450)	testing
8	zy	f	20	10	diamond	red	same	hori	left	(918, 568)	(681, 331)	True	57717	59693	left	(800, 450)	testing
8	zy	f	20	10	diamond	red	same	hori	left	(681, 568)	(632, 450)	True	60832	61854	left	(800, 450)	testing
8	zy	f	20	10	diamond	none	dif	vert	up	N_dis	(800, 618)	True	62897	64092	up	(800, 450)	testing
8	zy	f	20	10	diamond	red	same	vert	up	(681, 568)	(968, 450)	True	65357	66221	up	(800, 450)	testing
8	zy	f	20	10	diamond	none	dif	hori	left	N_dis	(800, 282)	True	67407	68253	left	(800, 450)	testing
8	zy	f	20	10	circle	none	same	vert	up	N_dis	(800, 618)	True	69526	70877	up	(800, 450)	testing
8	zy	f	20	10	circle	green	dif	hori	left	(681, 568)	(918, 331)	True	72048	72845	left	(800, 450)	testing
8	zy	f	20	10	diamond	none	same	hori	left	N_dis	(800, 618)	True	73931	74941	left	(800, 450)	testing
8	zy	f	20	10	circle	none	dif	vert	up	N_dis	(681, 331)	True	76070	77614	up	(800, 450)	testing
8	zy	f	20	10	diamond	green	dif	vert	up	(681, 568)	(968, 450)	True	78739	80158	up	(800, 450)	testing
8	zy	f	20	10	diamond	red	dif	vert	up	(681, 568)	(800, 618)	True	81416	82445	up	(800, 450)	testing
8	zy	f	20	10	diamond	green	same	vert	up	(681, 568)	(632, 450)	True	83657	84813	up	(800, 450)	testing
8	zy	f	20	10	circle	red	same	vert	up	(918, 331)	(800, 282)	True	85897	87405	left	(800, 450)	testing
8	zy	f	20	10	diamond	green	dif	vert	up	(681, 568)	(681, 331)	True	90012	91549	up	(800, 450)	testing
8	zy	f	20	10	diamond	none	dif	hori	left	N_dis	(918, 331)	True	92659	93949	left	(800, 450)	testing
8	zy	f	20	10	diamond	red	dif	vert	up	(681, 568)	(800, 282)	True	95116	96076	up	(800, 450)	testing
8	zy	f	20	10	diamond	green	dif	hori	left	(681, 568)	(918, 568)	True	97307	98381	left	(800, 450)	testing
8	zy	f	20	10	diamond	red	same	vert	up	(681, 568)	(800, 618)	True	99459	100381	up	(800, 450)	testing
8	zy	f	20	10	diamond	none	same	hori	left	N_dis	(681, 331)	True	101552	102445	left	(800, 450)	testing
8	zy	f	20	10	circle	green	dif	vert	up	(681, 568)	(968, 450)	True	103735	105453	up	(800, 450)	testing
8	zy	f	20	10	circle	red	dif	vert	up	(632, 450)	(681, 331)	True	106683	107997	up	(800, 450)	testing
8	zy	f	20	10	diamond	green	dif	hori	left	(681, 568)	(968, 450)	True	109288	110173	left	(800, 450)	testing
8	zy	f	20	10	diamond	none	dif	hori	left	N_dis	(632, 450)	True	111423	112541	left	(800, 450)	testing
8	zy	f	20	10	diamond	none	same	vert	up	N_dis	(918, 331)	True	113832	114877	up	(800, 450)	testing
8	zy	f	20	10	diamond	none	dif	vert	up	N_dis	(632, 450)	True	115960	117036	up	(800, 450)	testing
8	zy	f	20	10	diamond	green	same	hori	left	(681, 568)	(968, 450)	True	118261	119084	left	(800, 450)	testing
8	zy	f	20	10	circle	green	same	hori	left	(632, 450)	(681, 331)	True	120361	121389	left	(800, 450)	testing
8	zy	f	20	10	circle	red	dif	hori	left	(681, 568)	(800, 618)	True	122556	123645	left	(800, 450)	testing
8	zy	f	20	10	circle	none	same	hori	left	N_dis	(800, 618)	True	124712	125629	left	(800, 450)	testing
8	zy	f	20	10	circle	red	dif	vert	up	(632, 450)	(918, 568)	True	126837	127757	up	(800, 450)	testing
8	zy	f	20	10	circle	red	dif	vert	up	(681, 568)	(918, 331)	True	128978	129821	up	(800, 450)	testing
8	zy	f	20	10	diamond	green	same	vert	up	(632, 450)	(918, 331)	True	131086	132509	up	(800, 450)	testing
8	zy	f	20	10	diamond	none	same	vert	up	N_dis	(800, 282)	True	133720	135421	up	(800, 450)	testing
8	zy	f	20	10	diamond	green	dif	hori	left	(918, 568)	(632, 450)	True	136595	137725	left	(800, 450)	testing
8	zy	f	20	10	circle	none	same	hori	left	N_dis	(681, 568)	True	138860	140333	left	(800, 450)	testing
8	zy	f	20	10	circle	red	same	vert	up	(800, 618)	(968, 450)	True	141451	142525	up	(800, 450)	testing
8	zy	f	20	10	circle	red	same	hori	left	(681, 568)	(800, 282)	True	143646	144509	left	(800, 450)	testing
8	zy	f	20	10	diamond	green	dif	vert	up	(968, 450)	(918, 331)	True	145584	147084	up	(800, 450)	testing
8	zy	f	20	10	diamond	red	same	vert	up	(681, 568)	(681, 331)	True	148164	148957	up	(800, 450)	testing
8	zy	f	20	10	circle	green	same	vert	up	(681, 568)	(800, 282)	True	150189	151405	up	(800, 450)	testing
8	zy	f	20	10	circle	green	dif	vert	up	(681, 568)	(632, 450)	True	152695	153725	up	(800, 450)	testing
8	zy	f	20	10	circle	green	same	vert	up	(800, 618)	(968, 450)	True	154909	155741	up	(800, 450)	testing
8	zy	f	20	10	diamond	none	dif	hori	left	N_dis	(681, 568)	True	156944	158845	left	(800, 450)	testing
8	zy	f	20	10	circle	none	dif	hori	left	N_dis	(918, 568)	True	160023	161613	left	(800, 450)	testing
8	zy	f	20	10	circle	red	dif	hori	left	(800, 618)	(800, 282)	True	162862	163853	left	(800, 450)	testing
8	zy	f	20	10	diamond	red	dif	hori	left	(681, 568)	(918, 331)	True	164967	165933	left	(800, 450)	testing
8	zy	f	20	10	circle	green	dif	vert	up	(681, 568)	(918, 331)	True	167190	168141	up	(800, 450)	testing
8	zy	f	20	10	diamond	red	dif	vert	up	(681, 568)	(918, 568)	True	169360	170733	up	(800, 450)	testing
8	zy	f	20	10	diamond	red	same	vert	up	(681, 568)	(681, 331)	True	171932	173084	up	(800, 450)	testing
8	zy	f	20	10	circle	green	same	hori	left	(681, 568)	(918, 568)	True	174283	175677	left	(800, 450)	testing
8	zy	f	20	10	diamond	green	same	hori	left	(681, 568)	(681, 331)	True	176868	178285	left	(800, 450)	testing
8	zy	f	20	10	diamond	red	dif	vert	up	(681, 568)	(918, 331)	True	179424	180557	up	(800, 450)	testing
8	zy	f	20	10	diamond	red	dif	hori	left	(681, 568)	(918, 568)	True	181612	182765	left	(800, 450)	testing
8	zy	f	20	10	circle	none	same	vert	up	N_dis	(800, 618)	True	184011	185341	up	(800, 450)	testing
8	zy	f	20	10	circle	red	same	hori	left	(800, 282)	(632, 450)	True	186432	187229	left	(800, 450)	testing
8	zy	f	20	10	diamond	green	dif	hori	left	(681, 331)	(800, 618)	True	188419	189741	left	(800, 450)	testing
8	zy	f	20	10	circle	none	dif	hori	left	N_dis	(918, 331)	True	190901	192141	left	(800, 450)	testing
8	zy	f	20	10	diamond	none	same	vert	up	N_dis	(968, 450)	True	193434	194317	up	(800, 450)	testing
8	zy	f	20	10	circle	green	same	hori	left	(800, 282)	(918, 568)	True	195516	196605	left	(800, 450)	testing
8	zy	f	20	10	diamond	red	same	hori	left	(681, 568)	(800, 618)	True	197811	199020	left	(800, 450)	testing
8	zy	f	20	10	circle	red	same	hori	left	(681, 568)	(968, 450)	True	200181	201004	left	(800, 450)	testing
8	zy	f	20	10	diamond	green	same	vert	up	(681, 568)	(632, 450)	True	202210	203181	up	(800, 450)	testing
8	zy	f	20	10	diamond	none	same	hori	left	N_dis	(918, 331)	True	204419	205293	left	(800, 450)	testing
8	zy	f	20	10	circle	red	dif	hori	left	(681, 568)	(681, 331)	True	206342	207581	left	(800, 450)	testing
8	zy	f	20	10	diamond	none	dif	vert	up	N_dis	(681, 568)	True	208625	209981	up	(800, 450)	testing
8	zy	f	20	10	diamond	green	same	hori	left	(681, 568)	(918, 568)	True	211263	212526	left	(800, 450)	testing
8	zy	f	20	10	circle	none	dif	hori	left	N_dis	(918, 568)	True	213578	214813	left	(800, 450)	testing
8	zy	f	20	10	circle	green	same	hori	left	(681, 568)	(800, 282)	True	216088	217165	left	(800, 450)	testing
8	zy	f	20	10	circle	none	same	vert	up	N_dis	(681, 568)	True	218423	219389	left	(800, 450)	testing
8	zy	f	20	10	circle	none	dif	vert	up	N_dis	(632, 450)	True	222145	223213	up	(800, 450)	testing
8	zy	f	20	10	diamond	red	same	hori	left	(681, 568)	(918, 568)	True	224357	225757	left	(800, 450)	testing
8	zy	f	20	10	diamond	red	same	vert	up	(681, 568)	(918, 331)	True	226949	227965	up	(800, 450)	testing
8	zy	f	20	10	circle	green	same	hori	left	(681, 568)	(918, 568)	True	229124	230076	left	(800, 450)	testing
8	zy	f	20	10	circle	green	same	vert	up	(681, 568)	(681, 331)	True	231314	232429	left	(800, 450)	testing
8	zy	f	20	10	diamond	green	same	hori	left	(800, 618)	(918, 331)	True	235240	236509	left	(800, 450)	testing
8	zy	f	20	10	diamond	none	same	hori	left	N_dis	(800, 282)	True	237739	238973	left	(800, 450)	testing
8	zy	f	20	10	circle	green	dif	vert	up	(918, 331)	(800, 282)	True	240245	241501	up	(800, 450)	testing
8	zy	f	20	10	circle	none	dif	hori	left	N_dis	(632, 450)	True	242550	243533	left	(800, 450)	testing
8	zy	f	20	10	circle	none	same	hori	left	N_dis	(918, 568)	True	244804	245741	left	(800, 450)	testing
8	zy	f	20	10	circle	red	same	hori	left	(681, 568)	(918, 331)	True	246922	247629	left	(800, 450)	testing
8	zy	f	20	10	diamond	red	same	hori	left	(681, 331)	(800, 282)	True	248769	250253	left	(800, 450)	testing
8	zy	f	20	10	circle	red	dif	hori	left	(681, 568)	(632, 450)	True	251497	252381	left	(800, 450)	testing
8	zy	f	20	10	circle	none	same	hori	left	N_dis	(800, 282)	True	253482	254349	left	(800, 450)	testing
8	zy	f	20	10	circle	none	dif	vert	up	N_dis	(918, 331)	True	255562	256461	up	(800, 450)	testing
8	zy	f	20	10	circle	red	dif	vert	up	(681, 568)	(800, 618)	True	257672	258733	up	(800, 450)	testing
8	zy	f	20	10	diamond	none	same	vert	up	N_dis	(968, 450)	True	259974	261277	up	(800, 450)	testing
8	zy	f	20	10	circle	red	dif	hori	left	(681, 568)	(800, 282)	True	262547	263421	left	(800, 450)	testing
8	zy	f	20	10	circle	red	same	hori	left	(800, 282)	(800, 618)	True	264632	265373	left	(800, 450)	testing
8	zy	f	20	10	circle	none	dif	hori	left	N_dis	(681, 331)	True	266445	267229	left	(800, 450)	testing
8	zy	f	20	10	circle	none	dif	vert	up	N_dis	(968, 450)	True	268306	269084	up	(800, 450)	testing
8	zy	f	20	10	diamond	green	dif	hori	left	(968, 450)	(800, 618)	True	270252	271549	left	(800, 450)	testing
8	zy	f	20	10	diamond	green	same	vert	up	(681, 568)	(968, 450)	True	272658	273581	up	(800, 450)	testing
8	zy	f	20	10	circle	green	dif	vert	up	(918, 331)	(918, 568)	True	274836	275869	up	(800, 450)	testing
8	zy	f	20	10	circle	green	dif	hori	left	(681, 568)	(918, 331)	True	277152	277917	left	(800, 450)	testing
8	zy	f	20	10	circle	red	same	vert	up	(681, 568)	(681, 331)	True	278962	279885	up	(800, 450)	testing
8	zy	f	20	10	diamond	green	dif	vert	up	(968, 450)	(681, 331)	True	281039	282525	up	(800, 450)	testing
8	zy	f	20	10	circle	red	dif	vert	up	(681, 568)	(918, 331)	True	283723	284829	up	(800, 450)	testing
8	zy	f	20	10	circle	green	same	vert	up	(681, 568)	(800, 282)	True	285875	286765	up	(800, 450)	testing
8	zy	f	20	10	circle	none	same	hori	left	N_dis	(681, 331)	True	288003	288749	left	(800, 450)	testing
conf	8	zy	f	20	10	0	space	None	None	None	None	None	None	None	None	True	330540	344829	4
