subj	name	gender	age	runNum	shape	dist	td_dif	resp	resp_key	d_loc	t_loc	gotKey	startTime	respTime	resp	fix_loc	prac
9	wj	m	20	2	diamond	red	dif	hori	left	(648, 384)	(608, 287)	True	7948	9435	left	(512, 384)	testing
9	wj	m	20	2	diamond	none	same	vert	up	N_dis	(415, 480)	True	10613	11346	up	(512, 384)	testing
9	wj	m	20	2	diamond	green	same	vert	up	(415, 287)	(512, 520)	True	12448	13405	up	(512, 384)	testing
9	wj	m	20	2	diamond	green	same	vert	up	(608, 480)	(415, 287)	True	14640	15290	up	(512, 384)	testing
9	wj	m	20	2	diamond	none	same	vert	up	N_dis	(608, 480)	True	16470	17113	up	(512, 384)	testing
9	wj	m	20	2	circle	none	same	hori	left	N_dis	(648, 384)	True	18287	18827	left	(512, 384)	testing
9	wj	m	20	2	diamond	none	dif	hori	left	N_dis	(608, 480)	True	19871	20841	left	(512, 384)	testing
9	wj	m	20	2	circle	none	same	hori	left	N_dis	(648, 384)	True	21885	22575	left	(512, 384)	testing
9	wj	m	20	2	circle	green	same	hori	left	(648, 384)	(608, 480)	True	23786	24680	left	(512, 384)	testing
9	wj	m	20	2	diamond	none	same	hori	left	N_dis	(415, 287)	True	25716	26594	left	(512, 384)	testing
9	wj	m	20	2	diamond	red	dif	vert	up	(512, 520)	(376, 384)	True	27749	28953	up	(512, 384)	testing
9	wj	m	20	2	diamond	red	same	hori	left	(648, 384)	(376, 384)	True	30056	30806	left	(512, 384)	testing
9	wj	m	20	2	diamond	red	dif	hori	left	(376, 384)	(512, 248)	True	31840	32632	left	(512, 384)	testing
9	wj	m	20	2	diamond	green	same	vert	up	(608, 287)	(608, 480)	True	33678	34924	up	(512, 384)	testing
9	wj	m	20	2	circle	none	dif	hori	left	N_dis	(512, 248)	True	36153	37338	left	(512, 384)	testing
9	wj	m	20	2	circle	none	same	hori	left	N_dis	(608, 287)	True	38466	39368	left	(512, 384)	testing
9	wj	m	20	2	diamond	red	same	hori	left	(648, 384)	(512, 248)	True	40411	41114	left	(512, 384)	testing
9	wj	m	20	2	circle	green	dif	vert	up	(376, 384)	(512, 248)	True	42244	43239	up	(512, 384)	testing
9	wj	m	20	2	diamond	green	dif	vert	up	(648, 384)	(415, 287)	True	44400	45579	up	(512, 384)	testing
9	wj	m	20	2	circle	red	same	vert	up	(648, 384)	(376, 384)	True	46837	47478	up	(512, 384)	testing
9	wj	m	20	2	diamond	red	same	vert	up	(376, 384)	(608, 480)	True	48731	49702	up	(512, 384)	testing
9	wj	m	20	2	circle	none	dif	hori	left	N_dis	(415, 287)	True	50815	51551	left	(512, 384)	testing
9	wj	m	20	2	circle	green	same	vert	up	(648, 384)	(512, 520)	True	52638	53297	up	(512, 384)	testing
9	wj	m	20	2	circle	green	same	hori	left	(648, 384)	(376, 384)	True	54387	55018	left	(512, 384)	testing
9	wj	m	20	2	diamond	green	dif	vert	up	(648, 384)	(608, 287)	True	56155	56978	up	(512, 384)	testing
9	wj	m	20	2	circle	red	same	hori	left	(648, 384)	(415, 287)	True	58182	58782	left	(512, 384)	testing
9	wj	m	20	2	circle	green	same	hori	left	(648, 384)	(415, 480)	True	59826	60508	left	(512, 384)	testing
9	wj	m	20	2	diamond	red	same	hori	left	(648, 384)	(608, 480)	True	61573	62621	left	(512, 384)	testing
9	wj	m	20	2	circle	red	same	vert	up	(608, 480)	(608, 287)	True	63686	64361	up	(512, 384)	testing
9	wj	m	20	2	circle	red	same	hori	left	(648, 384)	(512, 520)	True	65559	66827	left	(512, 384)	testing
9	wj	m	20	2	circle	none	same	hori	left	N_dis	(608, 287)	True	67931	68570	left	(512, 384)	testing
9	wj	m	20	2	diamond	red	dif	hori	left	(648, 384)	(376, 384)	True	69752	70453	left	(512, 384)	testing
9	wj	m	20	2	diamond	green	dif	hori	left	(512, 520)	(376, 384)	True	71660	72338	left	(512, 384)	testing
9	wj	m	20	2	diamond	none	dif	vert	up	N_dis	(608, 480)	True	73610	74241	up	(512, 384)	testing
9	wj	m	20	2	circle	red	dif	hori	left	(512, 248)	(415, 287)	True	75301	76046	left	(512, 384)	testing
9	wj	m	20	2	diamond	red	same	hori	left	(648, 384)	(512, 520)	True	77215	78080	left	(512, 384)	testing
9	wj	m	20	2	diamond	red	dif	vert	up	(648, 384)	(415, 287)	True	79160	80198	up	(512, 384)	testing
9	wj	m	20	2	diamond	green	dif	hori	left	(648, 384)	(512, 248)	True	81250	81859	left	(512, 384)	testing
9	wj	m	20	2	circle	none	dif	vert	up	N_dis	(648, 384)	True	82983	83959	up	(512, 384)	testing
9	wj	m	20	2	diamond	none	dif	vert	up	N_dis	(512, 520)	True	85112	85836	up	(512, 384)	testing
9	wj	m	20	2	circle	green	dif	hori	left	(648, 384)	(608, 287)	True	87048	88302	left	(512, 384)	testing
9	wj	m	20	2	diamond	none	dif	hori	left	N_dis	(415, 480)	True	89395	91478	left	(512, 384)	testing
9	wj	m	20	2	circle	none	dif	hori	left	N_dis	(608, 480)	True	92640	93931	left	(512, 384)	testing
9	wj	m	20	2	diamond	green	same	hori	left	(648, 384)	(415, 287)	True	95199	95790	left	(512, 384)	testing
9	wj	m	20	2	circle	red	dif	hori	left	(648, 384)	(376, 384)	True	96945	97513	left	(512, 384)	testing
9	wj	m	20	2	diamond	none	dif	hori	left	N_dis	(376, 384)	True	98759	99396	left	(512, 384)	testing
9	wj	m	20	2	circle	green	same	hori	left	(648, 384)	(608, 287)	True	100625	101469	left	(512, 384)	testing
9	wj	m	20	2	circle	none	same	vert	up	N_dis	(415, 480)	True	102681	103355	up	(512, 384)	testing
9	wj	m	20	2	circle	red	dif	hori	left	(648, 384)	(415, 287)	True	104508	105024	left	(512, 384)	testing
9	wj	m	20	2	circle	green	dif	vert	up	(512, 248)	(415, 480)	True	106074	106790	up	(512, 384)	testing
9	wj	m	20	2	circle	green	dif	hori	left	(608, 287)	(376, 384)	True	107875	108485	left	(512, 384)	testing
9	wj	m	20	2	diamond	none	same	vert	up	N_dis	(512, 520)	True	109570	110470	up	(512, 384)	testing
9	wj	m	20	2	circle	green	dif	vert	up	(415, 480)	(608, 480)	True	111634	112356	up	(512, 384)	testing
9	wj	m	20	2	diamond	none	same	hori	left	N_dis	(415, 287)	True	113398	113926	left	(512, 384)	testing
9	wj	m	20	2	circle	red	same	hori	left	(648, 384)	(608, 287)	True	115158	115839	left	(512, 384)	testing
9	wj	m	20	2	circle	green	same	vert	up	(415, 287)	(512, 248)	True	117087	117670	up	(512, 384)	testing
9	wj	m	20	2	diamond	green	dif	hori	left	(415, 287)	(376, 384)	True	118926	120079	left	(512, 384)	testing
9	wj	m	20	2	circle	green	same	hori	left	(415, 480)	(608, 287)	True	121156	121796	left	(512, 384)	testing
9	wj	m	20	2	circle	none	same	vert	up	N_dis	(608, 287)	True	122971	123781	up	(512, 384)	testing
9	wj	m	20	2	circle	red	same	vert	up	(648, 384)	(512, 520)	True	124869	125701	up	(512, 384)	testing
9	wj	m	20	2	diamond	none	same	vert	up	N_dis	(608, 480)	True	126907	127870	up	(512, 384)	testing
9	wj	m	20	2	diamond	red	same	vert	up	(415, 287)	(376, 384)	True	128957	130071	up	(512, 384)	testing
9	wj	m	20	2	diamond	green	dif	hori	left	(648, 384)	(376, 384)	True	131273	131932	left	(512, 384)	testing
9	wj	m	20	2	diamond	red	same	vert	up	(648, 384)	(415, 287)	True	133176	133796	up	(512, 384)	testing
9	wj	m	20	2	diamond	none	dif	hori	left	N_dis	(512, 248)	True	134996	135604	left	(512, 384)	testing
9	wj	m	20	2	diamond	green	same	hori	left	(648, 384)	(415, 480)	True	136813	137410	left	(512, 384)	testing
9	wj	m	20	2	diamond	red	dif	vert	up	(415, 480)	(415, 287)	True	138436	139426	up	(512, 384)	testing
9	wj	m	20	2	diamond	none	same	hori	left	N_dis	(415, 480)	True	140593	141325	left	(512, 384)	testing
9	wj	m	20	2	circle	green	dif	hori	left	(512, 248)	(415, 287)	True	142396	142838	up	(512, 384)	testing
9	wj	m	20	2	circle	red	dif	vert	up	(648, 384)	(608, 480)	True	145467	146126	left	(512, 384)	testing
9	wj	m	20	2	diamond	none	dif	vert	up	N_dis	(415, 480)	True	148753	149916	up	(512, 384)	testing
9	wj	m	20	2	circle	red	dif	vert	up	(512, 520)	(415, 287)	True	151105	152263	up	(512, 384)	testing
9	wj	m	20	2	circle	none	dif	hori	left	N_dis	(608, 287)	True	153311	153875	left	(512, 384)	testing
9	wj	m	20	2	circle	green	same	vert	up	(648, 384)	(376, 384)	True	154907	155633	up	(512, 384)	testing
9	wj	m	20	2	circle	red	dif	hori	left	(648, 384)	(415, 480)	True	156705	157484	left	(512, 384)	testing
9	wj	m	20	2	diamond	green	dif	hori	left	(648, 384)	(512, 520)	True	158537	159520	left	(512, 384)	testing
9	wj	m	20	2	circle	none	same	vert	up	N_dis	(512, 520)	True	160598	161448	up	(512, 384)	testing
9	wj	m	20	2	diamond	none	same	hori	left	N_dis	(512, 520)	True	162680	164323	left	(512, 384)	testing
9	wj	m	20	2	circle	red	same	vert	up	(415, 480)	(608, 480)	True	165451	166709	up	(512, 384)	testing
9	wj	m	20	2	circle	red	same	hori	left	(648, 384)	(608, 480)	True	167842	168623	left	(512, 384)	testing
9	wj	m	20	2	circle	red	dif	vert	up	(608, 287)	(608, 480)	True	169877	170665	up	(512, 384)	testing
9	wj	m	20	2	circle	none	dif	hori	left	N_dis	(512, 248)	True	171886	172539	left	(512, 384)	testing
9	wj	m	20	2	circle	red	same	hori	left	(648, 384)	(415, 287)	True	173800	174518	left	(512, 384)	testing
9	wj	m	20	2	diamond	red	same	vert	up	(648, 384)	(512, 248)	True	175608	176196	up	(512, 384)	testing
9	wj	m	20	2	diamond	none	same	vert	up	N_dis	(512, 248)	True	177387	177906	up	(512, 384)	testing
9	wj	m	20	2	diamond	red	same	vert	up	(648, 384)	(512, 248)	True	179023	179650	up	(512, 384)	testing
9	wj	m	20	2	diamond	green	dif	vert	up	(648, 384)	(608, 480)	True	180734	181669	up	(512, 384)	testing
9	wj	m	20	2	diamond	none	same	hori	left	N_dis	(376, 384)	True	182905	183717	left	(512, 384)	testing
9	wj	m	20	2	diamond	green	same	vert	up	(648, 384)	(608, 480)	True	184746	185613	up	(512, 384)	testing
9	wj	m	20	2	diamond	none	dif	vert	up	N_dis	(648, 384)	True	186837	187493	up	(512, 384)	testing
9	wj	m	20	2	diamond	green	same	hori	left	(648, 384)	(415, 480)	True	188619	189549	left	(512, 384)	testing
9	wj	m	20	2	diamond	green	same	vert	up	(648, 384)	(512, 248)	True	190802	191484	up	(512, 384)	testing
9	wj	m	20	2	diamond	green	same	hori	left	(648, 384)	(415, 480)	True	192587	193158	left	(512, 384)	testing
9	wj	m	20	2	circle	none	dif	vert	up	N_dis	(608, 287)	True	194381	195462	up	(512, 384)	testing
9	wj	m	20	2	circle	red	dif	vert	up	(648, 384)	(376, 384)	True	196539	197268	up	(512, 384)	testing
9	wj	m	20	2	circle	green	same	vert	up	(648, 384)	(376, 384)	True	198391	198969	up	(512, 384)	testing
9	wj	m	20	2	circle	red	same	vert	up	(512, 248)	(376, 384)	True	200059	201280	up	(512, 384)	testing
9	wj	m	20	2	circle	red	dif	hori	left	(512, 520)	(608, 287)	True	202410	203094	left	(512, 384)	testing
9	wj	m	20	2	diamond	none	dif	vert	up	N_dis	(376, 384)	True	204336	205057	up	(512, 384)	testing
9	wj	m	20	2	diamond	none	dif	hori	left	N_dis	(415, 287)	True	206079	206777	left	(512, 384)	testing
9	wj	m	20	2	circle	green	same	vert	up	(648, 384)	(415, 480)	True	207816	208833	left	(512, 384)	testing
9	wj	m	20	2	circle	none	same	vert	up	N_dis	(415, 287)	True	211383	211966	up	(512, 384)	testing
9	wj	m	20	2	diamond	red	dif	vert	up	(608, 480)	(608, 287)	True	213069	214021	up	(512, 384)	testing
9	wj	m	20	2	circle	none	dif	vert	up	N_dis	(648, 384)	True	215210	216159	up	(512, 384)	testing
9	wj	m	20	2	circle	green	dif	vert	up	(648, 384)	(512, 520)	True	217385	218249	up	(512, 384)	testing
9	wj	m	20	2	diamond	red	dif	vert	up	(648, 384)	(512, 248)	True	219294	219821	up	(512, 384)	testing
9	wj	m	20	2	diamond	red	dif	hori	left	(648, 384)	(415, 480)	True	221020	221821	left	(512, 384)	testing
9	wj	m	20	2	diamond	green	dif	vert	up	(608, 287)	(608, 480)	True	222980	223994	up	(512, 384)	testing
9	wj	m	20	2	circle	red	dif	vert	up	(648, 384)	(608, 480)	True	225044	225893	up	(512, 384)	testing
9	wj	m	20	2	circle	none	dif	vert	up	N_dis	(376, 384)	True	226979	227750	up	(512, 384)	testing
9	wj	m	20	2	circle	none	dif	vert	up	N_dis	(512, 520)	True	228807	229692	up	(512, 384)	testing
9	wj	m	20	2	circle	green	dif	hori	left	(648, 384)	(608, 287)	True	230876	231520	left	(512, 384)	testing
9	wj	m	20	2	circle	green	dif	hori	left	(648, 384)	(512, 248)	True	232793	233303	left	(512, 384)	testing
9	wj	m	20	2	diamond	green	dif	vert	up	(376, 384)	(415, 287)	True	234348	235020	up	(512, 384)	testing
9	wj	m	20	2	circle	none	same	hori	left	N_dis	(376, 384)	True	236177	237250	left	(512, 384)	testing
9	wj	m	20	2	circle	none	same	vert	up	N_dis	(512, 248)	True	238515	239041	up	(512, 384)	testing
9	wj	m	20	2	diamond	green	same	hori	left	(648, 384)	(512, 520)	True	240190	241186	left	(512, 384)	testing
9	wj	m	20	2	diamond	red	dif	hori	left	(648, 384)	(376, 384)	True	242221	243031	left	(512, 384)	testing
9	wj	m	20	2	diamond	red	same	hori	left	(648, 384)	(608, 287)	True	244228	245291	left	(512, 384)	testing
9	wj	m	20	2	circle	green	dif	vert	up	(608, 480)	(415, 480)	True	246328	247273	up	(512, 384)	testing
