subj	name	gender	age	runNum	shape	dist	td_dif	resp	resp_key	d_loc	t_loc	gotKey	startTime	respTime	resp	fix_loc	prac
9	wj	m	20	3	diamond	green	same	vert	up	(415, 287)	(608, 287)	True	15146	15860	up	(512, 384)	testing
9	wj	m	20	3	diamond	green	same	vert	up	(415, 287)	(608, 480)	True	17075	17742	up	(512, 384)	testing
9	wj	m	20	3	diamond	none	dif	vert	up	N_dis	(376, 384)	True	18899	19670	up	(512, 384)	testing
9	wj	m	20	3	circle	red	same	vert	up	(415, 287)	(376, 384)	True	20786	21689	up	(512, 384)	testing
9	wj	m	20	3	diamond	red	same	vert	up	(415, 287)	(512, 520)	True	22783	23576	up	(512, 384)	testing
9	wj	m	20	3	diamond	red	dif	hori	left	(415, 287)	(608, 480)	True	24823	25526	left	(512, 384)	testing
9	wj	m	20	3	circle	green	dif	vert	up	(608, 287)	(512, 248)	True	26728	27352	up	(512, 384)	testing
9	wj	m	20	3	diamond	red	same	vert	up	(415, 287)	(648, 384)	True	28410	29100	up	(512, 384)	testing
9	wj	m	20	3	circle	red	dif	hori	left	(648, 384)	(512, 520)	True	30370	31156	left	(512, 384)	testing
9	wj	m	20	3	circle	red	same	hori	left	(608, 480)	(512, 248)	True	32351	32971	left	(512, 384)	testing
9	wj	m	20	3	diamond	red	dif	hori	left	(415, 287)	(648, 384)	True	34013	34672	left	(512, 384)	testing
9	wj	m	20	3	circle	green	same	hori	left	(415, 287)	(376, 384)	True	35755	36480	left	(512, 384)	testing
9	wj	m	20	3	diamond	green	dif	hori	left	(415, 287)	(608, 287)	True	37634	38186	left	(512, 384)	testing
9	wj	m	20	3	circle	none	same	vert	up	N_dis	(415, 287)	True	39283	40196	up	(512, 384)	testing
9	wj	m	20	3	circle	none	same	vert	up	N_dis	(512, 520)	True	41322	42272	up	(512, 384)	testing
9	wj	m	20	3	circle	red	same	vert	up	(415, 287)	(415, 480)	True	43401	44425	up	(512, 384)	testing
9	wj	m	20	3	circle	green	dif	hori	left	(415, 287)	(512, 248)	True	45689	46582	left	(512, 384)	testing
9	wj	m	20	3	circle	green	dif	vert	up	(376, 384)	(512, 520)	True	47604	48474	up	(512, 384)	testing
9	wj	m	20	3	diamond	none	dif	hori	left	N_dis	(648, 384)	True	49599	50323	left	(512, 384)	testing
9	wj	m	20	3	circle	red	dif	vert	up	(512, 520)	(608, 480)	True	51558	52367	up	(512, 384)	testing
9	wj	m	20	3	diamond	green	same	hori	left	(415, 287)	(512, 248)	True	53461	54247	left	(512, 384)	testing
9	wj	m	20	3	circle	none	dif	hori	left	N_dis	(376, 384)	True	55464	56226	left	(512, 384)	testing
9	wj	m	20	3	diamond	none	same	vert	up	N_dis	(512, 248)	True	57377	58157	up	(512, 384)	testing
9	wj	m	20	3	diamond	green	dif	vert	up	(415, 287)	(608, 287)	True	59350	59893	up	(512, 384)	testing
9	wj	m	20	3	diamond	none	dif	vert	up	N_dis	(608, 287)	True	61131	61602	up	(512, 384)	testing
9	wj	m	20	3	diamond	none	same	hori	left	N_dis	(415, 287)	True	62836	63450	left	(512, 384)	testing
9	wj	m	20	3	diamond	red	dif	hori	left	(415, 287)	(376, 384)	True	64536	65491	left	(512, 384)	testing
9	wj	m	20	3	diamond	red	same	vert	up	(415, 287)	(415, 480)	True	66547	67539	up	(512, 384)	testing
9	wj	m	20	3	circle	none	dif	hori	left	N_dis	(415, 480)	True	68686	69541	left	(512, 384)	testing
9	wj	m	20	3	diamond	none	dif	vert	up	N_dis	(512, 520)	True	70626	71662	up	(512, 384)	testing
9	wj	m	20	3	diamond	none	dif	vert	up	N_dis	(415, 480)	True	72804	73495	up	(512, 384)	testing
9	wj	m	20	3	diamond	red	dif	hori	left	(415, 287)	(415, 480)	True	74676	76075	left	(512, 384)	testing
9	wj	m	20	3	circle	red	same	hori	left	(415, 287)	(608, 287)	True	77110	77865	left	(512, 384)	testing
9	wj	m	20	3	circle	green	same	hori	left	(512, 248)	(608, 287)	True	79127	80119	left	(512, 384)	testing
9	wj	m	20	3	diamond	red	dif	hori	left	(608, 287)	(512, 520)	True	81288	81999	left	(512, 384)	testing
9	wj	m	20	3	circle	green	same	vert	up	(415, 287)	(512, 520)	True	83180	84037	up	(512, 384)	testing
9	wj	m	20	3	circle	none	same	hori	left	N_dis	(512, 248)	True	85108	86147	left	(512, 384)	testing
9	wj	m	20	3	diamond	red	dif	vert	up	(376, 384)	(512, 248)	True	87268	88117	up	(512, 384)	testing
9	wj	m	20	3	circle	red	dif	vert	up	(512, 248)	(376, 384)	True	89174	90740	up	(512, 384)	testing
9	wj	m	20	3	circle	green	dif	hori	left	(415, 287)	(608, 287)	True	91985	92591	left	(512, 384)	testing
9	wj	m	20	3	diamond	red	same	hori	left	(415, 287)	(648, 384)	True	93790	94510	left	(512, 384)	testing
9	wj	m	20	3	diamond	red	same	hori	left	(415, 287)	(376, 384)	True	95744	96461	left	(512, 384)	testing
9	wj	m	20	3	circle	red	dif	hori	left	(608, 480)	(376, 384)	True	97597	98352	left	(512, 384)	testing
9	wj	m	20	3	diamond	none	same	vert	up	N_dis	(608, 480)	True	99551	100410	up	(512, 384)	testing
9	wj	m	20	3	circle	none	same	hori	left	N_dis	(512, 248)	True	101466	102071	left	(512, 384)	testing
9	wj	m	20	3	circle	none	same	vert	up	N_dis	(415, 287)	True	103171	103787	up	(512, 384)	testing
9	wj	m	20	3	diamond	green	dif	vert	up	(415, 287)	(415, 480)	True	104978	105843	up	(512, 384)	testing
9	wj	m	20	3	diamond	none	dif	hori	left	N_dis	(608, 480)	True	107078	108208	left	(512, 384)	testing
9	wj	m	20	3	circle	green	dif	hori	left	(415, 287)	(648, 384)	True	109446	110791	left	(512, 384)	testing
9	wj	m	20	3	circle	red	same	hori	left	(608, 287)	(512, 520)	True	111908	113520	left	(512, 384)	testing
9	wj	m	20	3	circle	none	dif	hori	left	N_dis	(512, 248)	True	114706	115343	left	(512, 384)	testing
9	wj	m	20	3	circle	green	dif	hori	left	(415, 480)	(608, 480)	True	116490	117226	left	(512, 384)	testing
9	wj	m	20	3	diamond	none	same	hori	left	N_dis	(608, 480)	True	118396	119393	left	(512, 384)	testing
9	wj	m	20	3	diamond	red	dif	vert	up	(415, 287)	(376, 384)	True	120430	121230	up	(512, 384)	testing
9	wj	m	20	3	diamond	none	dif	hori	left	N_dis	(608, 287)	True	122398	122928	left	(512, 384)	testing
9	wj	m	20	3	circle	none	same	hori	left	N_dis	(648, 384)	True	124094	124722	left	(512, 384)	testing
9	wj	m	20	3	diamond	red	dif	vert	up	(608, 480)	(376, 384)	True	125903	126719	up	(512, 384)	testing
9	wj	m	20	3	diamond	none	dif	hori	left	N_dis	(415, 480)	True	127878	128604	left	(512, 384)	testing
9	wj	m	20	3	circle	red	dif	vert	up	(512, 520)	(512, 248)	True	129875	130482	up	(512, 384)	testing
9	wj	m	20	3	circle	green	dif	vert	up	(415, 480)	(608, 480)	True	131634	132464	up	(512, 384)	testing
9	wj	m	20	3	diamond	none	dif	vert	up	N_dis	(512, 248)	True	133496	134071	up	(512, 384)	testing
9	wj	m	20	3	diamond	green	dif	vert	up	(415, 287)	(608, 480)	True	135213	135838	up	(512, 384)	testing
9	wj	m	20	3	circle	green	same	vert	up	(376, 384)	(648, 384)	True	136908	137584	up	(512, 384)	testing
9	wj	m	20	3	circle	none	dif	hori	left	N_dis	(648, 384)	True	138727	139394	left	(512, 384)	testing
9	wj	m	20	3	diamond	none	same	vert	up	N_dis	(512, 520)	True	140562	141687	up	(512, 384)	testing
9	wj	m	20	3	diamond	none	same	vert	up	N_dis	(376, 384)	True	142714	143500	up	(512, 384)	testing
9	wj	m	20	3	diamond	red	same	hori	left	(415, 287)	(608, 480)	True	144592	145266	left	(512, 384)	testing
9	wj	m	20	3	circle	red	dif	hori	left	(415, 287)	(608, 480)	True	146292	146989	left	(512, 384)	testing
9	wj	m	20	3	circle	red	same	vert	up	(415, 287)	(512, 248)	True	148122	148653	up	(512, 384)	testing
9	wj	m	20	3	circle	green	dif	vert	up	(415, 287)	(512, 520)	True	149698	150409	up	(512, 384)	testing
9	wj	m	20	3	diamond	green	dif	hori	left	(415, 287)	(376, 384)	True	151443	152181	left	(512, 384)	testing
9	wj	m	20	3	diamond	none	same	vert	up	N_dis	(648, 384)	True	153345	154200	up	(512, 384)	testing
9	wj	m	20	3	diamond	red	same	vert	up	(415, 287)	(648, 384)	True	155285	155898	up	(512, 384)	testing
9	wj	m	20	3	circle	green	same	hori	left	(415, 287)	(608, 480)	True	157008	157926	left	(512, 384)	testing
9	wj	m	20	3	circle	none	dif	vert	up	N_dis	(415, 480)	True	159057	160232	up	(512, 384)	testing
9	wj	m	20	3	circle	none	same	vert	up	N_dis	(415, 480)	True	161279	161984	up	(512, 384)	testing
9	wj	m	20	3	diamond	none	same	hori	left	N_dis	(376, 384)	True	163054	164267	left	(512, 384)	testing
9	wj	m	20	3	circle	red	dif	vert	up	(415, 287)	(512, 520)	True	165399	166235	up	(512, 384)	testing
9	wj	m	20	3	diamond	green	dif	hori	left	(415, 287)	(608, 480)	True	167315	168123	left	(512, 384)	testing
9	wj	m	20	3	circle	none	same	hori	left	N_dis	(415, 287)	True	169267	169994	left	(512, 384)	testing
9	wj	m	20	3	circle	green	dif	vert	up	(415, 287)	(376, 384)	True	171197	171943	up	(512, 384)	testing
9	wj	m	20	3	circle	red	dif	vert	up	(608, 287)	(648, 384)	True	172973	173850	up	(512, 384)	testing
9	wj	m	20	3	circle	none	dif	vert	up	N_dis	(608, 480)	True	175078	175676	up	(512, 384)	testing
9	wj	m	20	3	diamond	none	same	hori	left	N_dis	(415, 287)	True	176734	177595	left	(512, 384)	testing
9	wj	m	20	3	circle	green	same	vert	up	(512, 248)	(376, 384)	True	178736	179566	up	(512, 384)	testing
9	wj	m	20	3	diamond	red	same	hori	left	(415, 480)	(608, 287)	True	180594	181405	left	(512, 384)	testing
9	wj	m	20	3	diamond	red	dif	vert	up	(648, 384)	(608, 480)	True	182522	183293	up	(512, 384)	testing
9	wj	m	20	3	diamond	green	dif	vert	up	(512, 248)	(415, 480)	True	184504	185213	up	(512, 384)	testing
9	wj	m	20	3	diamond	red	same	vert	up	(415, 287)	(512, 248)	True	186262	187044	up	(512, 384)	testing
9	wj	m	20	3	circle	none	same	hori	left	N_dis	(608, 287)	True	188159	188688	left	(512, 384)	testing
9	wj	m	20	3	diamond	green	same	vert	up	(415, 287)	(608, 480)	True	189858	190422	up	(512, 384)	testing
9	wj	m	20	3	diamond	red	same	hori	left	(512, 520)	(608, 480)	True	191521	192182	left	(512, 384)	testing
9	wj	m	20	3	diamond	green	same	hori	left	(415, 287)	(608, 480)	True	193308	193918	left	(512, 384)	testing
9	wj	m	20	3	circle	none	dif	hori	left	N_dis	(376, 384)	True	194972	195581	left	(512, 384)	testing
9	wj	m	20	3	diamond	green	same	vert	up	(415, 287)	(512, 248)	True	196808	197343	up	(512, 384)	testing
9	wj	m	20	3	diamond	green	same	hori	left	(415, 287)	(512, 520)	True	198487	199228	left	(512, 384)	testing
9	wj	m	20	3	circle	none	same	vert	up	N_dis	(608, 287)	True	200469	201006	up	(512, 384)	testing
9	wj	m	20	3	circle	green	same	vert	up	(415, 287)	(608, 480)	True	202089	202687	up	(512, 384)	testing
9	wj	m	20	3	diamond	green	same	vert	up	(415, 287)	(512, 520)	True	203901	204646	up	(512, 384)	testing
9	wj	m	20	3	circle	green	dif	hori	left	(415, 287)	(512, 248)	True	205682	206300	left	(512, 384)	testing
9	wj	m	20	3	circle	green	same	hori	left	(376, 384)	(415, 480)	True	207475	208273	left	(512, 384)	testing
9	wj	m	20	3	diamond	none	same	hori	left	N_dis	(512, 520)	True	209531	210181	left	(512, 384)	testing
9	wj	m	20	3	circle	red	dif	hori	left	(415, 287)	(648, 384)	True	211348	211953	left	(512, 384)	testing
9	wj	m	20	3	circle	red	same	hori	left	(648, 384)	(608, 287)	True	213177	213904	left	(512, 384)	testing
9	wj	m	20	3	circle	red	same	hori	left	(512, 520)	(608, 480)	True	215094	216569	left	(512, 384)	testing
9	wj	m	20	3	circle	green	same	hori	left	(415, 287)	(648, 384)	True	217775	218274	left	(512, 384)	testing
9	wj	m	20	3	diamond	none	dif	hori	left	N_dis	(608, 480)	True	219464	220085	left	(512, 384)	testing
9	wj	m	20	3	circle	none	dif	vert	up	N_dis	(648, 384)	True	221323	221770	up	(512, 384)	testing
9	wj	m	20	3	circle	green	same	vert	up	(415, 287)	(608, 287)	True	222814	223432	up	(512, 384)	testing
9	wj	m	20	3	diamond	green	dif	hori	left	(415, 287)	(415, 480)	True	224666	225910	left	(512, 384)	testing
9	wj	m	20	3	circle	red	same	vert	up	(415, 287)	(512, 520)	True	227110	227727	up	(512, 384)	testing
9	wj	m	20	3	circle	none	dif	vert	up	N_dis	(512, 520)	True	228784	229609	up	(512, 384)	testing
9	wj	m	20	3	circle	red	dif	hori	left	(648, 384)	(415, 480)	True	230770	231462	left	(512, 384)	testing
9	wj	m	20	3	diamond	green	same	hori	left	(415, 287)	(415, 480)	True	232703	233667	left	(512, 384)	testing
9	wj	m	20	3	diamond	green	same	hori	left	(415, 287)	(512, 248)	True	234900	235454	left	(512, 384)	testing
9	wj	m	20	3	circle	none	dif	vert	up	N_dis	(608, 287)	True	236606	237153	up	(512, 384)	testing
9	wj	m	20	3	diamond	green	dif	vert	up	(608, 480)	(512, 248)	True	238353	238925	up	(512, 384)	testing
9	wj	m	20	3	diamond	green	dif	hori	left	(415, 287)	(415, 480)	True	240122	240895	left	(512, 384)	testing
9	wj	m	20	3	diamond	red	dif	vert	up	(415, 480)	(376, 384)	True	241951	242798	up	(512, 384)	testing
9	wj	m	20	3	circle	red	same	vert	up	(415, 287)	(608, 287)	True	244018	244843	up	(512, 384)	testing
