subj	name	gender	age	runNum	shape	dist	td_dif	resp	resp_key	d_loc	t_loc	gotKey	startTime	respTime	resp	fix_loc	prac
9	wj	m	20	1	circle	red	same	vert	up	(648, 384)	(376, 384)	True	153882	155127	up	(512, 384)	practice
9	wj	m	20	1	circle	none	same	vert	up	N_dis	(608, 480)	True	156340	157414	up	(512, 384)	practice
9	wj	m	20	1	diamond	none	dif	hori	left	N_dis	(415, 480)	True	158561	159612	left	(512, 384)	practice
9	wj	m	20	1	diamond	none	dif	vert	up	N_dis	(376, 384)	True	160868	161581	up	(512, 384)	practice
9	wj	m	20	1	circle	none	same	hori	left	N_dis	(512, 520)	True	162788	163717	left	(512, 384)	practice
9	wj	m	20	1	diamond	green	same	hori	left	(648, 384)	(512, 520)	True	164824	165804	left	(512, 384)	practice
9	wj	m	20	1	circle	green	same	hori	left	(648, 384)	(512, 520)	True	166960	167876	left	(512, 384)	practice
9	wj	m	20	1	circle	red	same	hori	left	(648, 384)	(415, 480)	True	169043	170045	left	(512, 384)	practice
9	wj	m	20	1	diamond	none	dif	vert	up	N_dis	(512, 248)	True	171230	172008	up	(512, 384)	practice
9	wj	m	20	1	circle	none	same	hori	left	N_dis	(608, 287)	True	173269	174010	left	(512, 384)	practice
9	wj	m	20	1	circle	green	same	vert	up	(648, 384)	(376, 384)	True	175034	175888	up	(512, 384)	practice
9	wj	m	20	1	diamond	green	same	vert	up	(648, 384)	(608, 480)	True	177152	178441	up	(512, 384)	practice
9	wj	m	20	1	circle	red	same	vert	up	(648, 384)	(415, 287)	True	179653	180838	up	(512, 384)	practice
9	wj	m	20	1	circle	none	dif	hori	left	N_dis	(608, 480)	True	181918	182837	left	(512, 384)	practice
9	wj	m	20	1	circle	none	same	vert	up	N_dis	(415, 287)	True	183975	184793	up	(512, 384)	practice
9	wj	m	20	1	diamond	green	dif	vert	up	(648, 384)	(415, 480)	True	185932	187134	up	(512, 384)	practice
9	wj	m	20	1	diamond	red	dif	hori	left	(648, 384)	(415, 287)	True	188168	188814	left	(512, 384)	practice
9	wj	m	20	1	circle	red	dif	hori	left	(648, 384)	(512, 520)	True	189960	191053	left	(512, 384)	practice
9	wj	m	20	1	diamond	none	dif	hori	left	N_dis	(608, 480)	True	192164	193282	left	(512, 384)	practice
9	wj	m	20	1	circle	red	same	hori	left	(648, 384)	(608, 480)	True	194528	195756	left	(512, 384)	practice
9	wj	m	20	1	circle	none	dif	vert	up	N_dis	(648, 384)	True	196824	197622	up	(512, 384)	practice
9	wj	m	20	1	circle	none	dif	vert	up	N_dis	(512, 520)	True	198742	199345	up	(512, 384)	practice
9	wj	m	20	1	diamond	green	dif	vert	up	(648, 384)	(512, 248)	True	200611	201563	up	(512, 384)	practice
9	wj	m	20	1	diamond	green	dif	hori	left	(648, 384)	(608, 480)	True	202684	203560	left	(512, 384)	practice
9	wj	m	20	1	circle	none	same	vert	up	N_dis	(415, 480)	True	204695	205382	up	(512, 384)	practice
9	wj	m	20	1	diamond	none	same	vert	up	N_dis	(415, 480)	True	206456	207180	up	(512, 384)	practice
9	wj	m	20	1	circle	none	dif	hori	left	N_dis	(376, 384)	True	208391	208955	left	(512, 384)	practice
9	wj	m	20	1	diamond	green	dif	vert	up	(648, 384)	(608, 480)	True	210210	211070	up	(512, 384)	practice
9	wj	m	20	1	circle	green	same	hori	left	(648, 384)	(415, 480)	True	212106	212725	left	(512, 384)	practice
9	wj	m	20	1	circle	red	dif	vert	up	(648, 384)	(512, 520)	True	213757	214993	up	(512, 384)	practice
9	wj	m	20	1	diamond	red	same	hori	left	(648, 384)	(376, 384)	True	216109	216966	left	(512, 384)	practice
9	wj	m	20	1	diamond	green	dif	vert	up	(648, 384)	(608, 287)	True	218099	218966	up	(512, 384)	practice
9	wj	m	20	1	diamond	none	same	hori	left	N_dis	(608, 287)	True	220221	221072	left	(512, 384)	practice
9	wj	m	20	1	diamond	green	same	vert	up	(648, 384)	(415, 287)	True	222303	222884	up	(512, 384)	practice
9	wj	m	20	1	circle	green	dif	hori	left	(648, 384)	(512, 248)	True	224050	225218	left	(512, 384)	practice
9	wj	m	20	1	circle	none	same	hori	left	N_dis	(512, 520)	True	226250	227525	left	(512, 384)	practice
9	wj	m	20	1	diamond	none	same	hori	left	N_dis	(608, 287)	True	228628	229470	left	(512, 384)	practice
9	wj	m	20	1	diamond	green	same	hori	left	(648, 384)	(415, 287)	True	230728	231404	left	(512, 384)	practice
9	wj	m	20	1	circle	none	dif	hori	left	N_dis	(415, 287)	True	232467	233352	left	(512, 384)	practice
9	wj	m	20	1	diamond	green	dif	hori	left	(648, 384)	(512, 248)	True	234425	235673	left	(512, 384)	practice
9	wj	m	20	1	circle	red	same	vert	up	(648, 384)	(608, 480)	True	292110	293287	up	(512, 384)	testing
9	wj	m	20	1	circle	none	dif	hori	left	N_dis	(376, 384)	True	294390	294954	left	(512, 384)	testing
9	wj	m	20	1	circle	red	dif	hori	left	(648, 384)	(512, 520)	True	296055	296971	left	(512, 384)	testing
9	wj	m	20	1	diamond	green	same	hori	left	(648, 384)	(608, 287)	True	298064	299120	left	(512, 384)	testing
9	wj	m	20	1	diamond	red	same	hori	left	(512, 248)	(608, 480)	True	300333	301558	left	(512, 384)	testing
9	wj	m	20	1	circle	none	same	hori	left	N_dis	(512, 248)	True	302687	303295	left	(512, 384)	testing
9	wj	m	20	1	diamond	none	dif	vert	up	N_dis	(512, 248)	True	304397	305249	up	(512, 384)	testing
9	wj	m	20	1	circle	none	same	vert	up	N_dis	(415, 480)	True	306458	307413	up	(512, 384)	testing
9	wj	m	20	1	circle	none	dif	vert	up	N_dis	(415, 287)	True	308652	309452	up	(512, 384)	testing
9	wj	m	20	1	diamond	none	same	vert	up	N_dis	(512, 248)	True	310650	311514	up	(512, 384)	testing
9	wj	m	20	1	diamond	none	same	vert	up	N_dis	(512, 520)	True	312697	313590	up	(512, 384)	testing
9	wj	m	20	1	circle	red	dif	hori	left	(648, 384)	(415, 287)	True	314845	315660	left	(512, 384)	testing
9	wj	m	20	1	diamond	red	dif	vert	up	(512, 520)	(415, 287)	True	316748	318018	up	(512, 384)	testing
9	wj	m	20	1	diamond	red	dif	vert	up	(415, 480)	(415, 287)	True	319060	320512	up	(512, 384)	testing
9	wj	m	20	1	diamond	red	same	hori	left	(608, 287)	(415, 287)	True	321767	322870	left	(512, 384)	testing
9	wj	m	20	1	diamond	red	same	hori	left	(648, 384)	(376, 384)	True	324125	324786	left	(512, 384)	testing
9	wj	m	20	1	diamond	none	same	hori	left	N_dis	(608, 287)	True	325867	326609	left	(512, 384)	testing
9	wj	m	20	1	circle	red	same	vert	up	(648, 384)	(415, 287)	True	327844	329251	up	(512, 384)	testing
9	wj	m	20	1	circle	red	same	hori	left	(648, 384)	(376, 384)	True	330292	331016	left	(512, 384)	testing
9	wj	m	20	1	circle	green	same	vert	up	(648, 384)	(376, 384)	True	332074	332940	up	(512, 384)	testing
9	wj	m	20	1	diamond	none	same	hori	left	N_dis	(648, 384)	True	334154	334804	left	(512, 384)	testing
9	wj	m	20	1	diamond	none	same	hori	left	N_dis	(608, 480)	True	336060	337460	left	(512, 384)	testing
9	wj	m	20	1	diamond	none	dif	hori	left	N_dis	(608, 480)	True	338627	339312	left	(512, 384)	testing
9	wj	m	20	1	diamond	green	same	hori	left	(648, 384)	(512, 520)	True	340562	341650	left	(512, 384)	testing
9	wj	m	20	1	diamond	green	dif	hori	left	(648, 384)	(512, 248)	True	342852	343897	left	(512, 384)	testing
9	wj	m	20	1	circle	none	dif	vert	up	N_dis	(512, 520)	True	345100	345836	up	(512, 384)	testing
9	wj	m	20	1	circle	green	same	hori	left	(648, 384)	(415, 480)	True	346881	347784	left	(512, 384)	testing
9	wj	m	20	1	diamond	none	dif	hori	left	N_dis	(415, 480)	True	348848	349575	left	(512, 384)	testing
9	wj	m	20	1	diamond	none	dif	hori	left	N_dis	(608, 480)	True	350721	351856	left	(512, 384)	testing
9	wj	m	20	1	circle	red	dif	hori	left	(648, 384)	(376, 384)	True	352943	353838	left	(512, 384)	testing
9	wj	m	20	1	diamond	none	dif	hori	left	N_dis	(376, 384)	True	355031	356014	left	(512, 384)	testing
9	wj	m	20	1	diamond	green	same	vert	up	(648, 384)	(512, 520)	True	357171	358497	up	(512, 384)	testing
9	wj	m	20	1	circle	none	same	hori	left	N_dis	(608, 287)	True	359760	360618	left	(512, 384)	testing
9	wj	m	20	1	circle	green	same	hori	left	(648, 384)	(415, 480)	True	361878	362493	left	(512, 384)	testing
9	wj	m	20	1	circle	green	dif	hori	left	(512, 520)	(608, 480)	True	363656	364577	left	(512, 384)	testing
9	wj	m	20	1	circle	green	same	vert	up	(648, 384)	(376, 384)	True	365712	366656	up	(512, 384)	testing
9	wj	m	20	1	circle	red	same	vert	up	(648, 384)	(376, 384)	True	367808	369184	up	(512, 384)	testing
9	wj	m	20	1	circle	green	dif	vert	up	(608, 480)	(512, 248)	True	370419	371047	up	(512, 384)	testing
9	wj	m	20	1	diamond	none	same	vert	up	N_dis	(608, 287)	True	372224	373245	up	(512, 384)	testing
9	wj	m	20	1	circle	none	dif	hori	left	N_dis	(376, 384)	True	374459	374992	left	(512, 384)	testing
9	wj	m	20	1	diamond	red	dif	hori	left	(415, 480)	(512, 520)	True	376206	377149	left	(512, 384)	testing
9	wj	m	20	1	circle	green	same	hori	left	(648, 384)	(512, 520)	True	378352	379282	left	(512, 384)	testing
9	wj	m	20	1	circle	green	dif	vert	up	(608, 480)	(415, 287)	True	380415	381136	up	(512, 384)	testing
9	wj	m	20	1	diamond	red	same	vert	up	(648, 384)	(608, 287)	True	382228	383199	up	(512, 384)	testing
9	wj	m	20	1	diamond	none	same	vert	up	N_dis	(415, 480)	True	384297	385300	up	(512, 384)	testing
9	wj	m	20	1	diamond	green	dif	vert	up	(648, 384)	(608, 480)	True	386353	387242	up	(512, 384)	testing
9	wj	m	20	1	diamond	green	same	hori	left	(648, 384)	(608, 480)	True	388452	389757	left	(512, 384)	testing
9	wj	m	20	1	diamond	green	dif	vert	up	(648, 384)	(512, 248)	True	390935	391631	up	(512, 384)	testing
9	wj	m	20	1	diamond	red	dif	hori	left	(648, 384)	(376, 384)	True	392671	393374	left	(512, 384)	testing
9	wj	m	20	1	circle	green	same	vert	up	(415, 287)	(512, 248)	True	394563	395561	up	(512, 384)	testing
9	wj	m	20	1	circle	green	dif	hori	left	(648, 384)	(512, 248)	True	396764	397674	left	(512, 384)	testing
9	wj	m	20	1	diamond	none	dif	vert	up	N_dis	(415, 480)	True	398872	399922	up	(512, 384)	testing
9	wj	m	20	1	circle	none	dif	vert	up	N_dis	(648, 384)	True	400952	402327	up	(512, 384)	testing
9	wj	m	20	1	circle	red	same	hori	left	(415, 287)	(608, 287)	True	403355	404739	left	(512, 384)	testing
9	wj	m	20	1	diamond	red	dif	hori	left	(608, 287)	(376, 384)	True	405812	407088	left	(512, 384)	testing
9	wj	m	20	1	diamond	red	dif	hori	left	(415, 480)	(512, 520)	True	408334	409059	left	(512, 384)	testing
9	wj	m	20	1	circle	red	same	hori	left	(415, 480)	(608, 480)	True	410271	411876	left	(512, 384)	testing
9	wj	m	20	1	circle	none	dif	vert	up	N_dis	(376, 384)	True	413062	414076	up	(512, 384)	testing
9	wj	m	20	1	diamond	green	dif	vert	up	(648, 384)	(415, 480)	True	415151	416092	up	(512, 384)	testing
9	wj	m	20	1	circle	green	dif	vert	up	(648, 384)	(608, 480)	True	417348	418239	up	(512, 384)	testing
9	wj	m	20	1	circle	none	dif	hori	left	N_dis	(608, 480)	True	419441	420825	left	(512, 384)	testing
9	wj	m	20	1	circle	red	dif	vert	up	(648, 384)	(512, 520)	True	421974	422827	up	(512, 384)	testing
9	wj	m	20	1	circle	none	same	hori	left	N_dis	(648, 384)	True	423974	425245	left	(512, 384)	testing
9	wj	m	20	1	diamond	green	dif	hori	left	(648, 384)	(512, 248)	True	426452	427164	left	(512, 384)	testing
9	wj	m	20	1	diamond	red	same	vert	up	(608, 287)	(415, 480)	True	428252	429442	up	(512, 384)	testing
9	wj	m	20	1	diamond	red	same	vert	up	(512, 520)	(608, 480)	True	430529	431886	up	(512, 384)	testing
9	wj	m	20	1	circle	none	same	vert	up	N_dis	(415, 287)	True	432949	433683	up	(512, 384)	testing
9	wj	m	20	1	circle	red	same	vert	up	(648, 384)	(608, 287)	True	434814	435964	up	(512, 384)	testing
9	wj	m	20	1	circle	none	dif	vert	up	N_dis	(512, 520)	True	437049	437829	up	(512, 384)	testing
9	wj	m	20	1	circle	none	same	vert	up	N_dis	(415, 287)	True	438905	439589	up	(512, 384)	testing
9	wj	m	20	1	diamond	none	dif	vert	up	N_dis	(415, 287)	True	440688	442411	up	(512, 384)	testing
9	wj	m	20	1	circle	red	same	hori	left	(648, 384)	(415, 480)	True	443615	444478	left	(512, 384)	testing
9	wj	m	20	1	circle	none	dif	hori	left	N_dis	(512, 248)	True	445584	446597	left	(512, 384)	testing
9	wj	m	20	1	circle	none	same	hori	left	N_dis	(512, 520)	True	447669	449265	left	(512, 384)	testing
9	wj	m	20	1	circle	red	dif	vert	up	(512, 248)	(608, 287)	True	450354	451250	up	(512, 384)	testing
9	wj	m	20	1	diamond	green	same	vert	up	(648, 384)	(415, 287)	True	452288	453261	up	(512, 384)	testing
9	wj	m	20	1	circle	green	dif	vert	up	(648, 384)	(415, 480)	True	454425	455146	up	(512, 384)	testing
9	wj	m	20	1	diamond	red	dif	vert	up	(512, 248)	(608, 287)	True	456257	457083	up	(512, 384)	testing
9	wj	m	20	1	diamond	green	dif	hori	left	(648, 384)	(608, 480)	True	458111	459025	left	(512, 384)	testing
9	wj	m	20	1	diamond	red	same	hori	left	(648, 384)	(512, 248)	True	460269	460883	left	(512, 384)	testing
9	wj	m	20	1	diamond	green	same	hori	left	(648, 384)	(415, 287)	True	461908	462586	left	(512, 384)	testing
9	wj	m	20	1	diamond	green	dif	vert	up	(648, 384)	(608, 287)	True	463633	464383	up	(512, 384)	testing
9	wj	m	20	1	circle	red	dif	hori	left	(376, 384)	(415, 480)	True	465564	466325	left	(512, 384)	testing
9	wj	m	20	1	diamond	none	same	hori	left	N_dis	(608, 287)	True	467360	468054	left	(512, 384)	testing
9	wj	m	20	1	diamond	red	same	vert	up	(648, 384)	(415, 480)	True	469300	469949	up	(512, 384)	testing
9	wj	m	20	1	diamond	green	dif	vert	up	(608, 480)	(512, 248)	True	471181	471919	up	(512, 384)	testing
9	wj	m	20	1	circle	green	same	hori	left	(648, 384)	(415, 287)	True	473063	473693	left	(512, 384)	testing
9	wj	m	20	1	circle	green	same	vert	up	(648, 384)	(512, 520)	True	474930	476082	up	(512, 384)	testing
9	wj	m	20	1	circle	green	dif	hori	left	(608, 480)	(415, 287)	True	477224	477763	left	(512, 384)	testing
9	wj	m	20	1	diamond	none	dif	vert	up	N_dis	(648, 384)	True	478902	479770	up	(512, 384)	testing
9	wj	m	20	1	circle	none	same	vert	up	N_dis	(608, 480)	True	480936	481667	up	(512, 384)	testing
9	wj	m	20	1	circle	red	dif	vert	up	(648, 384)	(415, 480)	True	482700	483535	up	(512, 384)	testing
9	wj	m	20	1	circle	red	dif	vert	up	(648, 384)	(608, 287)	True	484626	485813	left	(512, 384)	testing
9	wj	m	20	1	diamond	green	same	hori	left	(415, 287)	(608, 287)	True	488508	489587	left	(512, 384)	testing
9	wj	m	20	1	diamond	none	dif	vert	up	N_dis	(376, 384)	True	490761	491592	up	(512, 384)	testing
9	wj	m	20	1	circle	green	same	vert	up	(648, 384)	(512, 248)	True	492719	493369	up	(512, 384)	testing
9	wj	m	20	1	circle	red	same	vert	up	(376, 384)	(608, 480)	True	494559	495724	up	(512, 384)	testing
9	wj	m	20	1	diamond	red	dif	vert	up	(512, 248)	(608, 480)	True	496817	497547	up	(512, 384)	testing
9	wj	m	20	1	diamond	red	dif	vert	up	(648, 384)	(376, 384)	True	498618	499384	up	(512, 384)	testing
9	wj	m	20	1	circle	green	dif	hori	left	(648, 384)	(512, 248)	True	500434	500974	left	(512, 384)	testing
9	wj	m	20	1	circle	green	dif	hori	left	(608, 287)	(512, 520)	True	502160	503035	left	(512, 384)	testing
9	wj	m	20	1	diamond	none	same	hori	left	N_dis	(608, 287)	True	504059	504722	left	(512, 384)	testing
9	wj	m	20	1	circle	green	dif	vert	up	(648, 384)	(608, 287)	True	505822	506747	up	(512, 384)	testing
9	wj	m	20	1	diamond	green	same	vert	up	(648, 384)	(415, 287)	True	507939	508456	up	(512, 384)	testing
9	wj	m	20	1	diamond	red	dif	hori	left	(648, 384)	(415, 287)	True	509576	510196	left	(512, 384)	testing
9	wj	m	20	1	diamond	green	dif	hori	left	(415, 287)	(608, 287)	True	511425	512045	left	(512, 384)	testing
9	wj	m	20	1	diamond	red	same	hori	left	(376, 384)	(608, 480)	True	513275	514167	left	(512, 384)	testing
9	wj	m	20	1	circle	red	dif	vert	up	(648, 384)	(376, 384)	True	515225	516055	up	(512, 384)	testing
9	wj	m	20	1	diamond	none	same	vert	up	N_dis	(512, 248)	True	517291	517899	up	(512, 384)	testing
9	wj	m	20	1	diamond	green	dif	hori	left	(648, 384)	(608, 287)	True	519075	519802	left	(512, 384)	testing
9	wj	m	20	1	circle	red	same	hori	left	(648, 384)	(608, 480)	True	521002	521668	left	(512, 384)	testing
9	wj	m	20	1	circle	none	same	vert	up	N_dis	(648, 384)	True	522890	523545	up	(512, 384)	testing
9	wj	m	20	1	circle	red	dif	hori	left	(648, 384)	(376, 384)	True	524791	525482	left	(512, 384)	testing
9	wj	m	20	1	diamond	red	same	vert	up	(648, 384)	(512, 520)	True	526663	527595	up	(512, 384)	testing
9	wj	m	20	1	diamond	none	dif	hori	left	N_dis	(415, 480)	True	528817	529446	left	(512, 384)	testing
9	wj	m	20	1	circle	none	same	hori	left	N_dis	(512, 520)	True	530507	531323	left	(512, 384)	testing
9	wj	m	20	1	diamond	green	same	vert	up	(648, 384)	(608, 480)	True	532483	533544	up	(512, 384)	testing
9	wj	m	20	1	circle	green	same	hori	left	(376, 384)	(415, 480)	True	534815	535720	left	(512, 384)	testing
9	wj	m	20	1	circle	none	dif	hori	left	N_dis	(415, 287)	True	536970	537605	left	(512, 384)	testing
9	wj	m	20	1	diamond	green	same	vert	up	(512, 520)	(415, 287)	True	538873	539924	up	(512, 384)	testing
