subj	name	gender	age	runNum	shape	dist	td_dif	resp	resp_key	d_loc	t_loc	gotKey	startTime	respTime	resp	fix_loc	prac
9	wj	m	20	7	diamond	none	same	vert	up	N_dis	(415, 287)	True	5385	6047	up	(512, 384)	testing
9	wj	m	20	7	diamond	green	dif	vert	up	(512, 520)	(376, 384)	True	7178	8174	up	(512, 384)	testing
9	wj	m	20	7	diamond	none	dif	vert	up	N_dis	(512, 520)	True	9285	10609	up	(512, 384)	testing
9	wj	m	20	7	diamond	none	same	vert	up	N_dis	(415, 480)	True	11693	12648	left	(512, 384)	testing
9	wj	m	20	7	diamond	green	dif	hori	left	(512, 520)	(608, 480)	True	15245	16109	left	(512, 384)	testing
9	wj	m	20	7	diamond	green	same	vert	up	(648, 384)	(415, 287)	True	17288	18054	up	(512, 384)	testing
9	wj	m	20	7	circle	green	same	vert	up	(376, 384)	(608, 480)	True	19160	20172	up	(512, 384)	testing
9	wj	m	20	7	diamond	none	dif	hori	left	N_dis	(415, 480)	True	21195	22242	left	(512, 384)	testing
9	wj	m	20	7	diamond	green	dif	vert	up	(512, 520)	(608, 287)	True	23395	23952	up	(512, 384)	testing
9	wj	m	20	7	diamond	green	same	hori	left	(512, 520)	(415, 480)	True	25138	25942	left	(512, 384)	testing
9	wj	m	20	7	circle	none	dif	vert	up	N_dis	(415, 480)	True	27135	27935	up	(512, 384)	testing
9	wj	m	20	7	diamond	red	same	hori	left	(512, 520)	(608, 480)	True	28991	29977	left	(512, 384)	testing
9	wj	m	20	7	circle	none	dif	vert	up	N_dis	(512, 248)	True	31182	32052	up	(512, 384)	testing
9	wj	m	20	7	circle	green	same	vert	up	(512, 520)	(415, 287)	True	33115	33955	up	(512, 384)	testing
9	wj	m	20	7	diamond	red	same	hori	left	(608, 287)	(415, 287)	True	35022	35945	left	(512, 384)	testing
9	wj	m	20	7	diamond	none	dif	vert	up	N_dis	(415, 287)	True	37020	37916	up	(512, 384)	testing
9	wj	m	20	7	diamond	none	same	hori	left	N_dis	(415, 480)	True	39128	40070	left	(512, 384)	testing
9	wj	m	20	7	diamond	none	same	hori	left	N_dis	(512, 520)	True	41102	41962	left	(512, 384)	testing
9	wj	m	20	7	diamond	green	same	vert	up	(512, 520)	(608, 287)	True	43060	43765	up	(512, 384)	testing
9	wj	m	20	7	circle	red	dif	vert	up	(608, 287)	(415, 287)	True	44967	45843	up	(512, 384)	testing
9	wj	m	20	7	circle	none	dif	hori	left	N_dis	(376, 384)	True	46866	47760	left	(512, 384)	testing
9	wj	m	20	7	circle	none	dif	hori	left	N_dis	(608, 480)	True	48936	49665	left	(512, 384)	testing
9	wj	m	20	7	diamond	green	dif	hori	left	(512, 248)	(648, 384)	True	50847	51635	left	(512, 384)	testing
9	wj	m	20	7	diamond	green	dif	vert	up	(512, 520)	(512, 248)	True	52900	54721	up	(512, 384)	testing
9	wj	m	20	7	circle	green	same	vert	up	(512, 520)	(376, 384)	True	55952	57038	up	(512, 384)	testing
9	wj	m	20	7	circle	none	same	hori	left	N_dis	(376, 384)	True	58266	59079	left	(512, 384)	testing
9	wj	m	20	7	diamond	red	dif	hori	left	(512, 520)	(512, 248)	True	60206	60829	left	(512, 384)	testing
9	wj	m	20	7	diamond	red	dif	vert	up	(608, 480)	(648, 384)	True	61902	62749	up	(512, 384)	testing
9	wj	m	20	7	diamond	none	dif	hori	left	N_dis	(415, 480)	True	63944	64716	left	(512, 384)	testing
9	wj	m	20	7	circle	red	dif	vert	up	(512, 520)	(415, 287)	True	65889	67612	up	(512, 384)	testing
9	wj	m	20	7	circle	none	same	hori	left	N_dis	(376, 384)	True	68884	69622	left	(512, 384)	testing
9	wj	m	20	7	circle	green	same	hori	left	(512, 520)	(512, 248)	True	70744	71356	left	(512, 384)	testing
9	wj	m	20	7	circle	green	dif	hori	left	(415, 480)	(608, 480)	True	72545	73555	left	(512, 384)	testing
9	wj	m	20	7	circle	green	dif	hori	left	(415, 480)	(608, 480)	True	74757	75546	left	(512, 384)	testing
9	wj	m	20	7	circle	red	same	vert	up	(512, 520)	(376, 384)	True	76723	77448	up	(512, 384)	testing
9	wj	m	20	7	circle	none	dif	vert	up	N_dis	(608, 480)	True	78592	79370	up	(512, 384)	testing
9	wj	m	20	7	circle	green	same	vert	up	(512, 520)	(608, 287)	True	80537	81229	up	(512, 384)	testing
9	wj	m	20	7	diamond	red	dif	vert	up	(512, 520)	(512, 248)	True	82421	83066	up	(512, 384)	testing
9	wj	m	20	7	circle	none	dif	vert	up	N_dis	(608, 287)	True	84133	84685	up	(512, 384)	testing
9	wj	m	20	7	circle	red	same	hori	left	(512, 520)	(415, 287)	True	85877	86630	left	(512, 384)	testing
9	wj	m	20	7	circle	green	same	hori	left	(648, 384)	(415, 287)	True	87655	88296	left	(512, 384)	testing
9	wj	m	20	7	circle	green	same	hori	left	(512, 520)	(648, 384)	True	89427	90107	left	(512, 384)	testing
9	wj	m	20	7	circle	red	same	hori	left	(512, 520)	(512, 248)	True	91357	91985	left	(512, 384)	testing
9	wj	m	20	7	circle	green	same	vert	up	(512, 520)	(415, 287)	True	93082	93828	up	(512, 384)	testing
9	wj	m	20	7	circle	red	dif	hori	left	(512, 520)	(512, 248)	True	95062	95716	left	(512, 384)	testing
9	wj	m	20	7	circle	red	dif	vert	up	(415, 287)	(648, 384)	True	96794	97442	up	(512, 384)	testing
9	wj	m	20	7	circle	red	dif	hori	left	(512, 520)	(608, 287)	True	98713	99247	left	(512, 384)	testing
9	wj	m	20	7	circle	red	same	vert	up	(608, 287)	(648, 384)	True	100438	101702	up	(512, 384)	testing
9	wj	m	20	7	diamond	red	dif	vert	up	(608, 480)	(376, 384)	True	102843	104110	up	(512, 384)	testing
9	wj	m	20	7	circle	red	dif	hori	left	(512, 520)	(415, 480)	True	105352	106394	left	(512, 384)	testing
9	wj	m	20	7	diamond	red	same	hori	left	(376, 384)	(415, 287)	True	107640	108815	left	(512, 384)	testing
9	wj	m	20	7	diamond	red	dif	hori	left	(512, 520)	(608, 480)	True	109927	111196	left	(512, 384)	testing
9	wj	m	20	7	diamond	none	same	hori	left	N_dis	(512, 248)	True	112406	112960	left	(512, 384)	testing
9	wj	m	20	7	diamond	none	same	vert	up	N_dis	(648, 384)	True	114175	114780	up	(512, 384)	testing
9	wj	m	20	7	circle	red	same	vert	up	(512, 248)	(648, 384)	True	115820	116819	up	(512, 384)	testing
9	wj	m	20	7	circle	red	dif	hori	left	(608, 480)	(512, 248)	True	118065	118673	left	(512, 384)	testing
9	wj	m	20	7	circle	none	same	hori	left	N_dis	(648, 384)	True	119746	120341	left	(512, 384)	testing
9	wj	m	20	7	circle	none	same	vert	up	N_dis	(608, 480)	True	121378	122143	up	(512, 384)	testing
9	wj	m	20	7	diamond	none	dif	vert	up	N_dis	(608, 287)	True	123203	123699	up	(512, 384)	testing
9	wj	m	20	7	diamond	none	dif	vert	up	N_dis	(415, 287)	True	124932	125542	up	(512, 384)	testing
9	wj	m	20	7	diamond	red	same	vert	up	(415, 480)	(608, 480)	True	126697	128001	up	(512, 384)	testing
9	wj	m	20	7	diamond	red	dif	hori	left	(608, 480)	(415, 480)	True	129063	129847	left	(512, 384)	testing
9	wj	m	20	7	circle	green	dif	vert	up	(512, 520)	(648, 384)	True	131063	131806	up	(512, 384)	testing
9	wj	m	20	7	diamond	red	same	vert	up	(512, 520)	(648, 384)	True	133007	133615	up	(512, 384)	testing
9	wj	m	20	7	diamond	none	same	hori	left	N_dis	(608, 287)	True	134762	135386	left	(512, 384)	testing
9	wj	m	20	7	circle	none	same	vert	up	N_dis	(512, 248)	True	136652	137602	up	(512, 384)	testing
9	wj	m	20	7	circle	none	same	vert	up	N_dis	(648, 384)	True	138763	139419	up	(512, 384)	testing
9	wj	m	20	7	circle	none	dif	hori	left	N_dis	(608, 480)	True	140664	141461	left	(512, 384)	testing
9	wj	m	20	7	diamond	none	same	hori	left	N_dis	(512, 248)	True	142629	143371	left	(512, 384)	testing
9	wj	m	20	7	circle	green	dif	vert	up	(512, 520)	(415, 480)	True	144437	145388	up	(512, 384)	testing
9	wj	m	20	7	diamond	green	dif	vert	up	(512, 520)	(608, 480)	True	146456	147922	up	(512, 384)	testing
9	wj	m	20	7	diamond	red	dif	hori	left	(376, 384)	(648, 384)	True	149180	149798	left	(512, 384)	testing
9	wj	m	20	7	circle	none	dif	vert	up	N_dis	(512, 520)	True	150947	151678	up	(512, 384)	testing
9	wj	m	20	7	circle	green	dif	vert	up	(415, 287)	(648, 384)	True	152860	153518	up	(512, 384)	testing
9	wj	m	20	7	circle	none	same	vert	up	N_dis	(512, 248)	True	154785	155517	up	(512, 384)	testing
9	wj	m	20	7	diamond	green	same	hori	left	(512, 520)	(376, 384)	True	156625	157641	left	(512, 384)	testing
9	wj	m	20	7	diamond	green	same	hori	left	(512, 520)	(415, 287)	True	158682	159669	left	(512, 384)	testing
9	wj	m	20	7	diamond	green	dif	hori	left	(512, 520)	(512, 248)	True	160902	161557	left	(512, 384)	testing
9	wj	m	20	7	diamond	none	dif	hori	left	N_dis	(648, 384)	True	162770	163622	left	(512, 384)	testing
9	wj	m	20	7	diamond	none	same	vert	up	N_dis	(512, 520)	True	164851	165615	up	(512, 384)	testing
9	wj	m	20	7	circle	green	dif	vert	up	(512, 520)	(415, 480)	True	166806	167789	up	(512, 384)	testing
9	wj	m	20	7	diamond	red	dif	vert	up	(512, 248)	(608, 287)	True	168900	169611	up	(512, 384)	testing
9	wj	m	20	7	circle	green	dif	vert	up	(415, 287)	(376, 384)	True	170748	171628	up	(512, 384)	testing
9	wj	m	20	7	circle	none	dif	hori	left	N_dis	(648, 384)	True	172724	173544	left	(512, 384)	testing
9	wj	m	20	7	circle	none	same	hori	left	N_dis	(376, 384)	True	174790	175490	left	(512, 384)	testing
9	wj	m	20	7	circle	green	same	hori	left	(512, 520)	(512, 248)	True	176600	177246	left	(512, 384)	testing
9	wj	m	20	7	circle	red	same	hori	left	(512, 520)	(608, 480)	True	178504	179279	left	(512, 384)	testing
9	wj	m	20	7	circle	red	same	vert	up	(512, 520)	(608, 480)	True	180368	181062	up	(512, 384)	testing
9	wj	m	20	7	diamond	red	dif	hori	left	(512, 520)	(376, 384)	True	182139	183095	left	(512, 384)	testing
9	wj	m	20	7	circle	green	dif	hori	left	(512, 520)	(608, 287)	True	184225	184819	left	(512, 384)	testing
9	wj	m	20	7	circle	red	same	vert	up	(415, 480)	(608, 287)	True	186085	186659	up	(512, 384)	testing
9	wj	m	20	7	circle	none	same	vert	up	N_dis	(608, 287)	True	187685	188259	up	(512, 384)	testing
9	wj	m	20	7	diamond	green	dif	hori	left	(512, 520)	(608, 480)	True	189501	190272	left	(512, 384)	testing
9	wj	m	20	7	circle	green	same	hori	left	(512, 520)	(648, 384)	True	191451	192876	left	(512, 384)	testing
9	wj	m	20	7	circle	red	same	hori	left	(512, 520)	(648, 384)	True	194094	195278	left	(512, 384)	testing
9	wj	m	20	7	circle	none	same	hori	left	N_dis	(512, 520)	True	196424	197188	left	(512, 384)	testing
9	wj	m	20	7	diamond	red	same	hori	left	(512, 520)	(376, 384)	True	198435	199325	left	(512, 384)	testing
9	wj	m	20	7	diamond	green	same	hori	left	(512, 520)	(376, 384)	True	200490	201155	left	(512, 384)	testing
9	wj	m	20	7	diamond	none	dif	hori	left	N_dis	(376, 384)	True	202187	202842	left	(512, 384)	testing
9	wj	m	20	7	circle	red	dif	hori	left	(512, 520)	(415, 287)	True	204032	204952	left	(512, 384)	testing
9	wj	m	20	7	diamond	none	same	vert	up	N_dis	(415, 287)	True	206057	206789	up	(512, 384)	testing
9	wj	m	20	7	diamond	red	same	vert	up	(512, 248)	(648, 384)	True	207832	208806	up	(512, 384)	testing
9	wj	m	20	7	circle	none	dif	hori	left	N_dis	(415, 287)	True	209972	210672	left	(512, 384)	testing
9	wj	m	20	7	circle	green	dif	hori	left	(512, 520)	(648, 384)	True	211885	212711	left	(512, 384)	testing
9	wj	m	20	7	diamond	green	same	vert	up	(512, 520)	(415, 287)	True	213771	214471	up	(512, 384)	testing
9	wj	m	20	7	diamond	red	same	hori	left	(512, 520)	(415, 480)	True	215660	216484	left	(512, 384)	testing
9	wj	m	20	7	diamond	none	dif	hori	left	N_dis	(608, 480)	True	217691	218424	left	(512, 384)	testing
9	wj	m	20	7	diamond	red	same	vert	up	(512, 520)	(608, 287)	True	219674	220249	up	(512, 384)	testing
9	wj	m	20	7	circle	green	dif	hori	left	(376, 384)	(512, 248)	True	221388	222394	left	(512, 384)	testing
9	wj	m	20	7	circle	red	same	hori	left	(512, 520)	(415, 480)	True	223560	224324	left	(512, 384)	testing
9	wj	m	20	7	diamond	red	dif	vert	up	(648, 384)	(376, 384)	True	225383	226180	up	(512, 384)	testing
9	wj	m	20	7	circle	red	dif	vert	up	(648, 384)	(376, 384)	True	227238	227970	up	(512, 384)	testing
9	wj	m	20	7	diamond	green	dif	hori	left	(512, 520)	(415, 480)	True	229203	230357	left	(512, 384)	testing
9	wj	m	20	7	diamond	green	same	vert	up	(512, 520)	(648, 384)	True	231415	232250	up	(512, 384)	testing
9	wj	m	20	7	diamond	red	same	vert	up	(415, 287)	(512, 248)	True	233510	234198	up	(512, 384)	testing
9	wj	m	20	7	diamond	none	dif	vert	up	N_dis	(608, 287)	True	235240	235925	up	(512, 384)	testing
9	wj	m	20	7	diamond	green	dif	vert	up	(512, 520)	(512, 248)	True	237179	237782	up	(512, 384)	testing
9	wj	m	20	7	diamond	green	same	vert	up	(608, 287)	(376, 384)	True	238843	239483	up	(512, 384)	testing
9	wj	m	20	7	diamond	green	same	hori	left	(512, 520)	(608, 287)	True	240681	241225	left	(512, 384)	testing
9	wj	m	20	7	circle	red	dif	vert	up	(512, 520)	(512, 248)	True	242290	242940	up	(512, 384)	testing
