subj	name	gender	age	runNum	shape	dist	td_dif	resp	resp_key	d_loc	t_loc	gotKey	startTime	respTime	resp	fix_loc	prac
9	wj	m	20	8	circle	red	same	hori	left	(512, 520)	(376, 384)	True	6076	6815	left	(512, 384)	testing
9	wj	m	20	8	diamond	red	same	vert	up	(608, 480)	(415, 480)	True	7906	8746	up	(512, 384)	testing
9	wj	m	20	8	diamond	green	dif	vert	up	(512, 520)	(512, 248)	True	10015	10571	up	(512, 384)	testing
9	wj	m	20	8	circle	green	dif	vert	up	(512, 520)	(415, 480)	True	11794	12510	up	(512, 384)	testing
9	wj	m	20	8	circle	red	same	hori	left	(512, 520)	(415, 287)	True	13532	14110	left	(512, 384)	testing
9	wj	m	20	8	diamond	green	dif	vert	up	(512, 248)	(608, 480)	True	15199	15963	up	(512, 384)	testing
9	wj	m	20	8	diamond	red	dif	vert	up	(512, 520)	(608, 480)	True	17013	17840	up	(512, 384)	testing
9	wj	m	20	8	circle	none	same	hori	left	N_dis	(512, 520)	True	19091	19816	left	(512, 384)	testing
9	wj	m	20	8	diamond	green	same	vert	up	(512, 520)	(376, 384)	True	21038	21792	up	(512, 384)	testing
9	wj	m	20	8	diamond	green	dif	vert	up	(512, 520)	(512, 248)	True	22864	23678	up	(512, 384)	testing
9	wj	m	20	8	diamond	red	dif	vert	up	(512, 248)	(608, 480)	True	24880	25605	up	(512, 384)	testing
9	wj	m	20	8	diamond	none	same	hori	left	N_dis	(608, 480)	True	26780	27681	left	(512, 384)	testing
9	wj	m	20	8	diamond	green	same	vert	up	(376, 384)	(608, 480)	True	28722	29367	up	(512, 384)	testing
9	wj	m	20	8	circle	none	same	vert	up	N_dis	(512, 248)	True	30590	31349	up	(512, 384)	testing
9	wj	m	20	8	diamond	none	dif	vert	up	N_dis	(648, 384)	True	32546	33228	up	(512, 384)	testing
9	wj	m	20	8	circle	none	same	vert	up	N_dis	(608, 480)	True	34378	35192	up	(512, 384)	testing
9	wj	m	20	8	diamond	green	dif	hori	left	(512, 520)	(415, 480)	True	36231	37305	left	(512, 384)	testing
9	wj	m	20	8	circle	none	same	vert	up	N_dis	(512, 248)	True	38568	39324	up	(512, 384)	testing
9	wj	m	20	8	diamond	green	dif	vert	up	(512, 520)	(415, 287)	True	40545	41221	up	(512, 384)	testing
9	wj	m	20	8	diamond	red	same	vert	up	(512, 520)	(648, 384)	True	42311	43059	up	(512, 384)	testing
9	wj	m	20	8	circle	green	same	hori	left	(512, 520)	(608, 480)	True	44261	45152	left	(512, 384)	testing
9	wj	m	20	8	diamond	green	same	hori	left	(512, 520)	(512, 248)	True	46371	46928	left	(512, 384)	testing
9	wj	m	20	8	diamond	red	dif	hori	left	(512, 520)	(648, 384)	True	48040	48699	left	(512, 384)	testing
9	wj	m	20	8	circle	red	dif	vert	up	(512, 520)	(608, 287)	True	49956	50667	up	(512, 384)	testing
9	wj	m	20	8	circle	green	same	hori	left	(608, 287)	(376, 384)	True	51824	52563	left	(512, 384)	testing
9	wj	m	20	8	circle	green	dif	vert	up	(512, 520)	(376, 384)	True	53708	54577	up	(512, 384)	testing
9	wj	m	20	8	diamond	none	same	vert	up	N_dis	(608, 480)	True	55687	56855	up	(512, 384)	testing
9	wj	m	20	8	diamond	red	dif	hori	left	(512, 520)	(648, 384)	True	57896	58712	left	(512, 384)	testing
9	wj	m	20	8	diamond	red	same	vert	up	(512, 520)	(512, 248)	True	59862	60468	up	(512, 384)	testing
9	wj	m	20	8	circle	green	same	hori	left	(415, 287)	(648, 384)	True	61605	62228	left	(512, 384)	testing
9	wj	m	20	8	circle	none	dif	hori	left	N_dis	(512, 520)	True	63409	64255	left	(512, 384)	testing
9	wj	m	20	8	diamond	green	same	hori	left	(415, 287)	(415, 480)	True	65523	66812	left	(512, 384)	testing
9	wj	m	20	8	circle	red	dif	vert	up	(608, 480)	(415, 480)	True	67863	68618	up	(512, 384)	testing
9	wj	m	20	8	circle	green	same	hori	left	(512, 520)	(512, 248)	True	69698	70559	left	(512, 384)	testing
9	wj	m	20	8	circle	none	same	hori	left	N_dis	(415, 480)	True	71796	72582	left	(512, 384)	testing
9	wj	m	20	8	circle	green	dif	hori	left	(512, 520)	(415, 480)	True	73649	74437	left	(512, 384)	testing
9	wj	m	20	8	circle	none	dif	vert	up	N_dis	(608, 287)	True	75479	76052	up	(512, 384)	testing
9	wj	m	20	8	diamond	none	dif	vert	up	N_dis	(415, 480)	True	77164	77935	up	(512, 384)	testing
9	wj	m	20	8	circle	none	dif	hori	left	N_dis	(608, 287)	True	79113	79817	left	(512, 384)	testing
9	wj	m	20	8	diamond	none	dif	hori	left	N_dis	(512, 248)	True	81084	81773	left	(512, 384)	testing
9	wj	m	20	8	diamond	red	same	hori	left	(512, 520)	(608, 287)	True	82861	83464	left	(512, 384)	testing
9	wj	m	20	8	circle	none	same	vert	up	N_dis	(415, 480)	True	84550	85828	up	(512, 384)	testing
9	wj	m	20	8	diamond	green	same	hori	left	(648, 384)	(608, 480)	True	86854	87946	left	(512, 384)	testing
9	wj	m	20	8	circle	green	same	vert	up	(512, 520)	(512, 248)	True	88979	89606	up	(512, 384)	testing
9	wj	m	20	8	diamond	none	same	hori	left	N_dis	(648, 384)	True	90797	91568	left	(512, 384)	testing
9	wj	m	20	8	circle	none	same	hori	left	N_dis	(648, 384)	True	92815	93579	left	(512, 384)	testing
9	wj	m	20	8	diamond	green	dif	hori	left	(512, 520)	(415, 287)	True	94734	95423	left	(512, 384)	testing
9	wj	m	20	8	diamond	green	same	vert	up	(415, 480)	(608, 480)	True	96552	98130	up	(512, 384)	testing
9	wj	m	20	8	diamond	red	same	hori	left	(648, 384)	(608, 287)	True	99157	99863	left	(512, 384)	testing
9	wj	m	20	8	circle	red	same	hori	left	(376, 384)	(608, 287)	True	100997	101734	left	(512, 384)	testing
9	wj	m	20	8	circle	red	same	vert	up	(512, 520)	(376, 384)	True	102826	103710	up	(512, 384)	testing
9	wj	m	20	8	diamond	none	same	vert	up	N_dis	(376, 384)	True	104935	105706	up	(512, 384)	testing
9	wj	m	20	8	diamond	none	dif	vert	up	N_dis	(608, 287)	True	106901	107862	up	(512, 384)	testing
9	wj	m	20	8	circle	none	dif	hori	left	N_dis	(415, 480)	True	108897	109949	left	(512, 384)	testing
9	wj	m	20	8	diamond	none	dif	vert	up	N_dis	(512, 520)	True	111153	111923	up	(512, 384)	testing
9	wj	m	20	8	diamond	none	dif	hori	left	N_dis	(415, 287)	True	113146	113976	left	(512, 384)	testing
9	wj	m	20	8	circle	none	dif	vert	up	N_dis	(512, 248)	True	115051	115722	up	(512, 384)	testing
9	wj	m	20	8	diamond	red	dif	hori	left	(512, 520)	(608, 480)	True	116946	118252	left	(512, 384)	testing
9	wj	m	20	8	diamond	green	same	hori	left	(512, 520)	(376, 384)	True	119443	120319	left	(512, 384)	testing
9	wj	m	20	8	diamond	red	dif	vert	up	(512, 520)	(648, 384)	True	121480	122603	up	(512, 384)	testing
9	wj	m	20	8	circle	green	dif	vert	up	(512, 520)	(608, 287)	True	123787	124542	up	(512, 384)	testing
9	wj	m	20	8	circle	green	same	vert	up	(512, 520)	(608, 480)	True	125728	126801	up	(512, 384)	testing
9	wj	m	20	8	circle	green	same	hori	left	(512, 248)	(415, 480)	True	127917	128734	left	(512, 384)	testing
9	wj	m	20	8	circle	red	same	hori	left	(512, 248)	(648, 384)	True	129861	130580	left	(512, 384)	testing
9	wj	m	20	8	diamond	none	same	hori	left	N_dis	(415, 287)	True	131794	132459	left	(512, 384)	testing
9	wj	m	20	8	circle	green	same	vert	up	(415, 480)	(608, 287)	True	133503	134113	up	(512, 384)	testing
9	wj	m	20	8	circle	red	dif	vert	up	(512, 520)	(415, 287)	True	135346	136093	up	(512, 384)	testing
9	wj	m	20	8	diamond	none	same	vert	up	N_dis	(415, 480)	True	137238	138188	up	(512, 384)	testing
9	wj	m	20	8	diamond	none	dif	vert	up	N_dis	(608, 480)	True	139408	140087	up	(512, 384)	testing
9	wj	m	20	8	diamond	none	same	vert	up	N_dis	(608, 287)	True	141337	141911	up	(512, 384)	testing
9	wj	m	20	8	circle	red	dif	hori	left	(512, 520)	(415, 480)	True	142992	144108	left	(512, 384)	testing
9	wj	m	20	8	circle	none	dif	hori	left	N_dis	(608, 480)	True	145236	145920	left	(512, 384)	testing
9	wj	m	20	8	circle	none	same	hori	left	N_dis	(376, 384)	True	147135	148037	left	(512, 384)	testing
9	wj	m	20	8	circle	none	dif	vert	up	N_dis	(648, 384)	True	149231	149966	up	(512, 384)	testing
9	wj	m	20	8	diamond	green	dif	hori	left	(608, 480)	(608, 287)	True	151075	151698	left	(512, 384)	testing
9	wj	m	20	8	diamond	red	same	hori	left	(648, 384)	(608, 480)	True	152835	153975	left	(512, 384)	testing
9	wj	m	20	8	diamond	none	dif	hori	left	N_dis	(512, 248)	True	155022	155619	left	(512, 384)	testing
9	wj	m	20	8	diamond	red	same	hori	left	(512, 520)	(608, 287)	True	156646	157202	left	(512, 384)	testing
9	wj	m	20	8	circle	red	same	vert	up	(512, 520)	(608, 287)	True	158271	158767	up	(512, 384)	testing
9	wj	m	20	8	diamond	green	dif	hori	left	(512, 520)	(415, 287)	True	159882	161067	left	(512, 384)	testing
9	wj	m	20	8	diamond	green	dif	vert	up	(608, 287)	(415, 287)	True	162324	163040	up	(512, 384)	testing
9	wj	m	20	8	diamond	green	same	hori	left	(512, 520)	(512, 248)	True	164149	164736	left	(512, 384)	testing
9	wj	m	20	8	diamond	red	same	vert	up	(512, 520)	(608, 480)	True	165774	166646	up	(512, 384)	testing
9	wj	m	20	8	diamond	none	same	vert	up	N_dis	(608, 287)	True	167817	168440	up	(512, 384)	testing
9	wj	m	20	8	circle	none	dif	vert	up	N_dis	(415, 287)	True	169514	170211	up	(512, 384)	testing
9	wj	m	20	8	circle	green	same	vert	up	(512, 520)	(415, 287)	True	171401	172304	up	(512, 384)	testing
9	wj	m	20	8	circle	red	dif	vert	up	(512, 520)	(512, 248)	True	173569	174170	up	(512, 384)	testing
9	wj	m	20	8	diamond	red	dif	vert	up	(608, 287)	(648, 384)	True	175257	176029	up	(512, 384)	testing
9	wj	m	20	8	circle	green	dif	hori	left	(512, 520)	(512, 248)	True	177052	177694	left	(512, 384)	testing
9	wj	m	20	8	circle	red	same	vert	up	(648, 384)	(376, 384)	True	178930	179698	up	(512, 384)	testing
9	wj	m	20	8	circle	red	dif	hori	left	(415, 287)	(512, 248)	True	180948	181825	left	(512, 384)	testing
9	wj	m	20	8	diamond	red	dif	hori	left	(512, 520)	(415, 287)	True	182956	183819	left	(512, 384)	testing
9	wj	m	20	8	diamond	red	same	hori	left	(415, 287)	(415, 480)	True	184959	185903	left	(512, 384)	testing
9	wj	m	20	8	circle	green	dif	hori	left	(608, 480)	(512, 248)	True	187134	188594	left	(512, 384)	testing
9	wj	m	20	8	diamond	none	dif	hori	left	N_dis	(648, 384)	True	189715	190458	left	(512, 384)	testing
9	wj	m	20	8	circle	red	same	vert	up	(512, 520)	(608, 287)	True	191538	192155	up	(512, 384)	testing
9	wj	m	20	8	diamond	green	same	vert	up	(512, 520)	(608, 480)	True	193220	194898	up	(512, 384)	testing
9	wj	m	20	8	circle	red	dif	hori	left	(376, 384)	(512, 248)	True	195995	196601	left	(512, 384)	testing
9	wj	m	20	8	circle	red	same	hori	left	(512, 520)	(415, 480)	True	197647	198396	left	(512, 384)	testing
9	wj	m	20	8	circle	none	same	hori	left	N_dis	(376, 384)	True	199651	200373	left	(512, 384)	testing
9	wj	m	20	8	circle	none	same	vert	up	N_dis	(376, 384)	True	201457	202201	up	(512, 384)	testing
9	wj	m	20	8	circle	green	dif	hori	left	(512, 520)	(376, 384)	True	203241	204810	left	(512, 384)	testing
9	wj	m	20	8	diamond	none	same	hori	left	N_dis	(512, 520)	True	206046	207032	left	(512, 384)	testing
9	wj	m	20	8	diamond	red	same	vert	up	(512, 520)	(415, 480)	True	208204	209108	up	(512, 384)	testing
9	wj	m	20	8	circle	green	dif	vert	up	(512, 520)	(648, 384)	True	210318	211059	up	(512, 384)	testing
9	wj	m	20	8	circle	red	dif	hori	left	(415, 480)	(415, 287)	True	212213	212988	left	(512, 384)	testing
9	wj	m	20	8	circle	red	same	vert	up	(512, 520)	(376, 384)	True	214167	214907	up	(512, 384)	testing
9	wj	m	20	8	diamond	red	dif	hori	left	(415, 480)	(376, 384)	True	216004	216832	left	(512, 384)	testing
9	wj	m	20	8	diamond	green	dif	hori	left	(512, 520)	(648, 384)	True	218082	218803	left	(512, 384)	testing
9	wj	m	20	8	circle	green	dif	vert	up	(376, 384)	(608, 287)	True	220042	220779	up	(512, 384)	testing
9	wj	m	20	8	circle	green	dif	hori	left	(512, 520)	(648, 384)	True	221932	222664	left	(512, 384)	testing
9	wj	m	20	8	diamond	none	same	hori	left	N_dis	(415, 287)	True	223843	224589	left	(512, 384)	testing
9	wj	m	20	8	diamond	none	dif	hori	left	N_dis	(376, 384)	True	225753	226490	left	(512, 384)	testing
9	wj	m	20	8	circle	none	dif	vert	up	N_dis	(415, 287)	True	227569	228264	up	(512, 384)	testing
9	wj	m	20	8	circle	none	dif	hori	left	N_dis	(512, 520)	True	229352	230266	left	(512, 384)	testing
9	wj	m	20	8	circle	green	same	vert	up	(608, 287)	(415, 480)	True	231494	232478	up	(512, 384)	testing
9	wj	m	20	8	circle	red	dif	vert	up	(512, 520)	(512, 248)	True	233694	234332	up	(512, 384)	testing
9	wj	m	20	8	diamond	green	same	vert	up	(512, 520)	(415, 480)	True	235455	236420	up	(512, 384)	testing
9	wj	m	20	8	circle	red	dif	hori	left	(512, 520)	(608, 480)	True	237677	238613	left	(512, 384)	testing
9	wj	m	20	8	diamond	red	dif	vert	up	(512, 520)	(608, 287)	True	239863	240632	up	(512, 384)	testing
