subj	name	gender	age	runNum	shape	dist	td_dif	resp	resp_key	d_loc	t_loc	gotKey	startTime	respTime	resp	fix_loc	prac
9	wj	m	20	6	circle	none	same	vert	up	N_dis	(415, 480)	True	6687	7606	up	(512, 384)	testing
9	wj	m	20	6	circle	red	same	vert	up	(415, 287)	(512, 520)	True	8809	9605	up	(512, 384)	testing
9	wj	m	20	6	diamond	red	same	hori	left	(415, 287)	(608, 287)	True	10674	11331	left	(512, 384)	testing
9	wj	m	20	6	circle	none	dif	hori	left	N_dis	(608, 287)	True	12588	13170	left	(512, 384)	testing
9	wj	m	20	6	circle	none	dif	vert	up	N_dis	(376, 384)	True	14365	15062	up	(512, 384)	testing
9	wj	m	20	6	diamond	red	same	vert	up	(608, 287)	(608, 480)	True	16288	17217	up	(512, 384)	testing
9	wj	m	20	6	diamond	green	dif	hori	left	(376, 384)	(415, 480)	True	18307	19276	left	(512, 384)	testing
9	wj	m	20	6	diamond	green	dif	hori	left	(415, 480)	(512, 248)	True	20376	21814	left	(512, 384)	testing
9	wj	m	20	6	circle	red	dif	hori	left	(415, 287)	(512, 520)	True	22906	23603	left	(512, 384)	testing
9	wj	m	20	6	diamond	red	dif	hori	left	(512, 248)	(415, 480)	True	24659	25440	left	(512, 384)	testing
9	wj	m	20	6	diamond	green	same	vert	up	(415, 287)	(608, 287)	True	26561	27139	up	(512, 384)	testing
9	wj	m	20	6	circle	green	same	hori	left	(415, 287)	(608, 480)	True	28272	28975	left	(512, 384)	testing
9	wj	m	20	6	diamond	red	same	vert	up	(415, 287)	(608, 480)	True	30240	30851	up	(512, 384)	testing
9	wj	m	20	6	diamond	none	same	vert	up	N_dis	(512, 248)	True	32014	32609	up	(512, 384)	testing
9	wj	m	20	6	circle	none	same	hori	left	N_dis	(512, 248)	True	33753	34588	left	(512, 384)	testing
9	wj	m	20	6	diamond	green	same	vert	up	(415, 287)	(512, 248)	True	35762	36383	up	(512, 384)	testing
9	wj	m	20	6	diamond	none	same	vert	up	N_dis	(648, 384)	True	37484	38309	up	(512, 384)	testing
9	wj	m	20	6	diamond	none	dif	hori	left	N_dis	(415, 287)	True	39499	40488	left	(512, 384)	testing
9	wj	m	20	6	diamond	red	dif	hori	left	(512, 520)	(608, 287)	True	41612	42282	left	(512, 384)	testing
9	wj	m	20	6	circle	none	same	hori	left	N_dis	(648, 384)	True	43310	44031	left	(512, 384)	testing
9	wj	m	20	6	diamond	none	dif	vert	up	N_dis	(376, 384)	True	45213	45965	up	(512, 384)	testing
9	wj	m	20	6	circle	none	same	hori	left	N_dis	(415, 480)	True	47072	47745	left	(512, 384)	testing
9	wj	m	20	6	diamond	none	dif	vert	up	N_dis	(648, 384)	True	48786	49471	up	(512, 384)	testing
9	wj	m	20	6	diamond	none	dif	hori	left	N_dis	(608, 287)	True	50503	51171	left	(512, 384)	testing
9	wj	m	20	6	circle	green	dif	vert	up	(512, 520)	(512, 248)	True	52305	53153	up	(512, 384)	testing
9	wj	m	20	6	diamond	green	dif	vert	up	(512, 520)	(648, 384)	True	54244	55135	up	(512, 384)	testing
9	wj	m	20	6	diamond	red	dif	vert	up	(415, 287)	(608, 480)	True	56242	56916	up	(512, 384)	testing
9	wj	m	20	6	circle	none	dif	vert	up	N_dis	(415, 480)	True	57986	58969	up	(512, 384)	testing
9	wj	m	20	6	diamond	green	same	hori	left	(415, 287)	(608, 480)	True	60170	61049	left	(512, 384)	testing
9	wj	m	20	6	circle	none	dif	vert	up	N_dis	(512, 520)	True	62121	62916	up	(512, 384)	testing
9	wj	m	20	6	diamond	green	same	hori	left	(415, 287)	(512, 520)	True	63993	64861	left	(512, 384)	testing
9	wj	m	20	6	circle	green	same	vert	up	(415, 287)	(512, 248)	True	65975	66598	up	(512, 384)	testing
9	wj	m	20	6	circle	red	dif	hori	left	(415, 287)	(415, 480)	True	67668	68461	left	(512, 384)	testing
9	wj	m	20	6	diamond	none	same	hori	left	N_dis	(415, 287)	True	69668	70420	left	(512, 384)	testing
9	wj	m	20	6	diamond	none	dif	vert	up	N_dis	(648, 384)	True	71607	72227	up	(512, 384)	testing
9	wj	m	20	6	circle	green	same	vert	up	(608, 480)	(512, 520)	True	73294	74101	up	(512, 384)	testing
9	wj	m	20	6	circle	red	same	vert	up	(648, 384)	(608, 480)	True	75150	76026	up	(512, 384)	testing
9	wj	m	20	6	diamond	none	same	hori	left	N_dis	(512, 520)	True	77054	77889	left	(512, 384)	testing
9	wj	m	20	6	circle	none	dif	hori	left	N_dis	(608, 480)	True	79107	79834	left	(512, 384)	testing
9	wj	m	20	6	circle	green	dif	hori	left	(415, 287)	(512, 248)	True	80899	81532	left	(512, 384)	testing
9	wj	m	20	6	diamond	none	dif	vert	up	N_dis	(608, 480)	True	82711	83352	up	(512, 384)	testing
9	wj	m	20	6	diamond	none	dif	hori	left	N_dis	(415, 480)	True	84434	85099	left	(512, 384)	testing
9	wj	m	20	6	circle	red	same	vert	up	(512, 248)	(608, 480)	True	86146	87104	up	(512, 384)	testing
9	wj	m	20	6	diamond	none	dif	hori	left	N_dis	(415, 480)	True	88326	89257	left	(512, 384)	testing
9	wj	m	20	6	circle	red	same	hori	left	(512, 248)	(512, 520)	True	90417	91159	left	(512, 384)	testing
9	wj	m	20	6	diamond	red	same	hori	left	(608, 287)	(512, 248)	True	92292	93444	left	(512, 384)	testing
9	wj	m	20	6	circle	red	dif	hori	left	(415, 287)	(608, 287)	True	94600	96116	left	(512, 384)	testing
9	wj	m	20	6	circle	red	dif	hori	left	(415, 287)	(376, 384)	True	97169	97993	left	(512, 384)	testing
9	wj	m	20	6	circle	none	same	hori	left	N_dis	(376, 384)	True	99227	99821	left	(512, 384)	testing
9	wj	m	20	6	diamond	green	dif	hori	left	(648, 384)	(512, 520)	True	100914	102332	left	(512, 384)	testing
9	wj	m	20	6	circle	green	dif	vert	up	(415, 287)	(512, 248)	True	103359	104186	up	(512, 384)	testing
9	wj	m	20	6	circle	red	same	vert	up	(376, 384)	(512, 520)	True	105216	106162	up	(512, 384)	testing
9	wj	m	20	6	circle	red	same	hori	left	(415, 287)	(608, 480)	True	107342	108001	left	(512, 384)	testing
9	wj	m	20	6	diamond	none	same	hori	left	N_dis	(608, 287)	True	109234	109785	left	(512, 384)	testing
9	wj	m	20	6	circle	none	dif	vert	up	N_dis	(376, 384)	True	110925	111639	up	(512, 384)	testing
9	wj	m	20	6	circle	none	same	vert	up	N_dis	(415, 287)	True	112705	114353	up	(512, 384)	testing
9	wj	m	20	6	circle	red	dif	vert	up	(415, 287)	(512, 520)	True	115599	116428	up	(512, 384)	testing
9	wj	m	20	6	diamond	green	same	hori	left	(376, 384)	(512, 248)	True	117631	118743	left	(512, 384)	testing
9	wj	m	20	6	diamond	green	dif	vert	up	(415, 287)	(648, 384)	True	119868	120859	up	(512, 384)	testing
9	wj	m	20	6	circle	red	dif	vert	up	(415, 287)	(376, 384)	True	122058	123175	up	(512, 384)	testing
9	wj	m	20	6	circle	green	dif	hori	left	(415, 287)	(608, 480)	True	124418	125875	left	(512, 384)	testing
9	wj	m	20	6	circle	green	same	hori	left	(415, 287)	(512, 248)	True	127097	127994	left	(512, 384)	testing
9	wj	m	20	6	circle	green	dif	hori	left	(415, 287)	(648, 384)	True	129190	129885	left	(512, 384)	testing
9	wj	m	20	6	circle	green	dif	vert	up	(415, 287)	(608, 287)	True	131109	131727	up	(512, 384)	testing
9	wj	m	20	6	diamond	none	dif	hori	left	N_dis	(512, 520)	True	132770	134206	left	(512, 384)	testing
9	wj	m	20	6	diamond	none	dif	vert	up	N_dis	(608, 480)	True	135364	136074	up	(512, 384)	testing
9	wj	m	20	6	diamond	red	same	hori	left	(415, 287)	(415, 480)	True	137228	138811	left	(512, 384)	testing
9	wj	m	20	6	diamond	green	same	hori	left	(415, 287)	(512, 520)	True	139902	141510	left	(512, 384)	testing
9	wj	m	20	6	circle	green	same	hori	left	(415, 287)	(608, 287)	True	142777	143952	left	(512, 384)	testing
9	wj	m	20	6	diamond	none	same	hori	left	N_dis	(608, 480)	True	145208	146552	left	(512, 384)	testing
9	wj	m	20	6	diamond	none	same	vert	up	N_dis	(512, 520)	True	147801	148904	up	(512, 384)	testing
9	wj	m	20	6	circle	none	dif	hori	left	N_dis	(512, 248)	True	149959	151486	left	(512, 384)	testing
9	wj	m	20	6	diamond	red	dif	vert	up	(415, 287)	(512, 248)	True	152567	153383	up	(512, 384)	testing
9	wj	m	20	6	diamond	green	dif	hori	left	(415, 287)	(512, 248)	True	154436	155774	left	(512, 384)	testing
9	wj	m	20	6	diamond	red	dif	vert	up	(415, 480)	(512, 520)	True	156844	157537	up	(512, 384)	testing
9	wj	m	20	6	circle	none	dif	hori	left	N_dis	(512, 248)	True	158613	159203	left	(512, 384)	testing
9	wj	m	20	6	circle	none	same	vert	up	N_dis	(415, 287)	True	160428	161159	up	(512, 384)	testing
9	wj	m	20	6	diamond	green	same	vert	up	(415, 287)	(608, 480)	True	162197	162909	up	(512, 384)	testing
9	wj	m	20	6	diamond	green	same	vert	up	(415, 287)	(608, 480)	True	164176	164888	up	(512, 384)	testing
9	wj	m	20	6	diamond	green	dif	vert	up	(415, 287)	(415, 480)	True	166062	167031	up	(512, 384)	testing
9	wj	m	20	6	diamond	red	same	hori	left	(415, 287)	(376, 384)	True	168245	169224	left	(512, 384)	testing
9	wj	m	20	6	circle	none	same	vert	up	N_dis	(608, 287)	True	170263	170983	up	(512, 384)	testing
9	wj	m	20	6	circle	red	same	hori	left	(648, 384)	(608, 287)	True	172236	173440	left	(512, 384)	testing
9	wj	m	20	6	circle	red	dif	vert	up	(608, 480)	(512, 520)	True	174526	175578	up	(512, 384)	testing
9	wj	m	20	6	circle	red	dif	vert	up	(512, 248)	(376, 384)	True	176670	177574	up	(512, 384)	testing
9	wj	m	20	6	diamond	red	dif	hori	left	(415, 287)	(648, 384)	True	178643	179314	left	(512, 384)	testing
9	wj	m	20	6	circle	green	same	vert	up	(608, 287)	(415, 480)	True	180496	181686	up	(512, 384)	testing
9	wj	m	20	6	circle	none	dif	hori	left	N_dis	(648, 384)	True	182822	183441	left	(512, 384)	testing
9	wj	m	20	6	diamond	red	same	vert	up	(415, 480)	(608, 480)	True	184573	185948	up	(512, 384)	testing
9	wj	m	20	6	diamond	none	same	hori	left	N_dis	(512, 248)	True	187047	187780	left	(512, 384)	testing
9	wj	m	20	6	circle	green	same	vert	up	(415, 287)	(415, 480)	True	189022	189807	up	(512, 384)	testing
9	wj	m	20	6	circle	green	dif	hori	left	(415, 287)	(608, 480)	True	191039	191732	left	(512, 384)	testing
9	wj	m	20	6	circle	green	dif	vert	up	(415, 287)	(415, 480)	True	192759	194357	up	(512, 384)	testing
9	wj	m	20	6	circle	red	dif	hori	left	(415, 287)	(376, 384)	True	195528	197069	left	(512, 384)	testing
9	wj	m	20	6	circle	red	same	hori	left	(512, 520)	(512, 248)	True	198330	198989	left	(512, 384)	testing
9	wj	m	20	6	diamond	red	dif	hori	left	(415, 287)	(512, 520)	True	200233	200986	left	(512, 384)	testing
9	wj	m	20	6	diamond	green	same	vert	up	(415, 287)	(608, 287)	True	202048	202632	up	(512, 384)	testing
9	wj	m	20	6	diamond	none	same	vert	up	N_dis	(608, 480)	True	203809	204535	up	(512, 384)	testing
9	wj	m	20	6	circle	none	same	vert	up	N_dis	(415, 287)	True	205625	207108	up	(512, 384)	testing
9	wj	m	20	6	circle	red	same	vert	up	(415, 287)	(648, 384)	True	208212	208969	up	(512, 384)	testing
9	wj	m	20	6	diamond	red	same	vert	up	(415, 287)	(648, 384)	True	210096	210661	up	(512, 384)	testing
9	wj	m	20	6	circle	green	dif	vert	up	(415, 287)	(376, 384)	True	211841	212961	up	(512, 384)	testing
9	wj	m	20	6	diamond	none	same	vert	up	N_dis	(376, 384)	True	214023	214889	up	(512, 384)	testing
9	wj	m	20	6	diamond	red	dif	vert	up	(648, 384)	(415, 480)	True	216089	216797	up	(512, 384)	testing
9	wj	m	20	6	diamond	red	same	vert	up	(608, 480)	(376, 384)	True	217923	218571	up	(512, 384)	testing
9	wj	m	20	6	circle	red	same	hori	left	(415, 480)	(376, 384)	True	219774	220602	left	(512, 384)	testing
9	wj	m	20	6	circle	green	same	hori	left	(608, 287)	(415, 480)	True	221769	222726	left	(512, 384)	testing
9	wj	m	20	6	circle	green	dif	hori	left	(415, 287)	(415, 480)	True	223795	224497	left	(512, 384)	testing
9	wj	m	20	6	diamond	green	dif	hori	left	(376, 384)	(512, 248)	True	225544	226746	left	(512, 384)	testing
9	wj	m	20	6	diamond	green	dif	vert	up	(415, 287)	(648, 384)	True	227911	228623	up	(512, 384)	testing
9	wj	m	20	6	circle	none	same	hori	left	N_dis	(608, 287)	True	229717	230759	left	(512, 384)	testing
9	wj	m	20	6	diamond	red	dif	vert	up	(415, 287)	(415, 480)	True	231908	232749	up	(512, 384)	testing
9	wj	m	20	6	circle	green	same	vert	up	(608, 480)	(608, 287)	True	233848	234991	up	(512, 384)	testing
9	wj	m	20	6	circle	none	dif	vert	up	N_dis	(512, 520)	True	236163	237302	up	(512, 384)	testing
9	wj	m	20	6	diamond	red	same	hori	left	(415, 287)	(608, 287)	True	238548	239243	left	(512, 384)	testing
9	wj	m	20	6	diamond	green	dif	vert	up	(415, 287)	(376, 384)	True	240374	241639	up	(512, 384)	testing
9	wj	m	20	6	diamond	red	dif	hori	left	(415, 287)	(608, 480)	True	242747	243416	left	(512, 384)	testing
9	wj	m	20	6	diamond	green	same	hori	left	(415, 287)	(376, 384)	True	244476	245226	left	(512, 384)	testing
9	wj	m	20	6	circle	red	dif	vert	up	(415, 287)	(648, 384)	True	246337	247032	up	(512, 384)	testing
9	wj	m	20	6	circle	green	same	hori	left	(415, 287)	(512, 520)	True	248265	249048	left	(512, 384)	testing
