subj	name	gender	age	runNum	shape	dist	td_dif	resp	resp_key	d_loc	t_loc	gotKey	startTime	respTime	resp	fix_loc	prac
9	wj	m	20	5	diamond	none	dif	hori	left	N_dis	(512, 520)	True	9619	10245	left	(512, 384)	testing
9	wj	m	20	5	diamond	none	same	vert	up	N_dis	(608, 480)	True	11416	12080	up	(512, 384)	testing
9	wj	m	20	5	circle	red	dif	vert	up	(415, 287)	(608, 480)	True	13351	14295	up	(512, 384)	testing
9	wj	m	20	5	circle	none	same	vert	up	N_dis	(376, 384)	True	15444	16599	up	(512, 384)	testing
9	wj	m	20	5	diamond	red	dif	hori	left	(415, 287)	(608, 480)	True	17625	18305	left	(512, 384)	testing
9	wj	m	20	5	circle	green	same	hori	left	(415, 287)	(608, 480)	True	19392	20136	left	(512, 384)	testing
9	wj	m	20	5	diamond	red	same	hori	left	(415, 287)	(608, 480)	True	21299	21917	left	(512, 384)	testing
9	wj	m	20	5	diamond	red	dif	vert	up	(415, 287)	(376, 384)	True	23010	23980	up	(512, 384)	testing
9	wj	m	20	5	circle	green	same	vert	up	(415, 480)	(608, 287)	True	25187	25770	up	(512, 384)	testing
9	wj	m	20	5	circle	red	same	vert	up	(415, 287)	(608, 287)	True	26890	27612	left	(512, 384)	testing
9	wj	m	20	5	diamond	green	dif	hori	left	(415, 287)	(415, 480)	True	30237	31319	left	(512, 384)	testing
9	wj	m	20	5	circle	none	same	vert	up	N_dis	(608, 480)	True	32382	33227	up	(512, 384)	testing
9	wj	m	20	5	diamond	none	dif	vert	up	N_dis	(608, 480)	True	34339	35158	up	(512, 384)	testing
9	wj	m	20	5	circle	none	same	hori	left	N_dis	(415, 287)	True	36294	36957	left	(512, 384)	testing
9	wj	m	20	5	circle	none	same	hori	left	N_dis	(376, 384)	True	38130	38965	left	(512, 384)	testing
9	wj	m	20	5	circle	red	dif	hori	left	(376, 384)	(415, 480)	True	40128	40924	left	(512, 384)	testing
9	wj	m	20	5	diamond	green	same	vert	up	(415, 287)	(415, 480)	True	41963	43023	up	(512, 384)	testing
9	wj	m	20	5	circle	red	same	hori	left	(415, 287)	(512, 248)	True	44060	44965	left	(512, 384)	testing
9	wj	m	20	5	circle	red	dif	vert	up	(415, 480)	(512, 520)	True	46017	46936	up	(512, 384)	testing
9	wj	m	20	5	diamond	red	dif	hori	left	(648, 384)	(415, 480)	True	47987	48839	left	(512, 384)	testing
9	wj	m	20	5	diamond	green	same	hori	left	(415, 287)	(648, 384)	True	49981	50872	left	(512, 384)	testing
9	wj	m	20	5	diamond	red	same	vert	up	(512, 248)	(376, 384)	True	52001	52748	up	(512, 384)	testing
9	wj	m	20	5	diamond	none	dif	hori	left	N_dis	(608, 287)	True	53942	54514	left	(512, 384)	testing
9	wj	m	20	5	circle	red	dif	hori	left	(415, 287)	(512, 248)	True	55736	56730	left	(512, 384)	testing
9	wj	m	20	5	diamond	none	same	hori	left	N_dis	(512, 248)	True	57929	58515	left	(512, 384)	testing
9	wj	m	20	5	circle	red	dif	hori	left	(415, 287)	(376, 384)	True	59575	60329	left	(512, 384)	testing
9	wj	m	20	5	diamond	red	dif	hori	left	(415, 287)	(608, 287)	True	61415	62055	left	(512, 384)	testing
9	wj	m	20	5	diamond	green	same	hori	left	(608, 480)	(648, 384)	True	63207	64009	left	(512, 384)	testing
9	wj	m	20	5	circle	green	same	vert	up	(512, 520)	(608, 287)	True	65275	66298	up	(512, 384)	testing
9	wj	m	20	5	circle	green	dif	vert	up	(648, 384)	(376, 384)	True	67546	68426	up	(512, 384)	testing
9	wj	m	20	5	diamond	red	dif	vert	up	(415, 287)	(648, 384)	True	69555	70186	up	(512, 384)	testing
9	wj	m	20	5	circle	red	dif	hori	left	(608, 287)	(648, 384)	True	71242	72189	left	(512, 384)	testing
9	wj	m	20	5	circle	green	same	hori	left	(512, 520)	(608, 480)	True	73351	74330	left	(512, 384)	testing
9	wj	m	20	5	circle	red	same	hori	left	(415, 287)	(512, 520)	True	75415	76198	left	(512, 384)	testing
9	wj	m	20	5	circle	green	dif	vert	up	(415, 287)	(512, 520)	True	77443	78178	up	(512, 384)	testing
9	wj	m	20	5	diamond	red	same	vert	up	(415, 287)	(415, 480)	True	79323	80294	up	(512, 384)	testing
9	wj	m	20	5	circle	green	dif	vert	up	(415, 287)	(376, 384)	True	81394	82446	up	(512, 384)	testing
9	wj	m	20	5	diamond	green	same	vert	up	(415, 287)	(648, 384)	True	83607	84215	up	(512, 384)	testing
9	wj	m	20	5	circle	none	dif	hori	left	N_dis	(415, 287)	True	85321	86081	left	(512, 384)	testing
9	wj	m	20	5	diamond	none	dif	vert	up	N_dis	(376, 384)	True	87258	87873	left	(512, 384)	testing
9	wj	m	20	5	diamond	none	dif	vert	up	N_dis	(415, 480)	True	90523	91368	up	(512, 384)	testing
9	wj	m	20	5	circle	green	same	vert	up	(415, 287)	(608, 480)	True	92441	93424	up	(512, 384)	testing
9	wj	m	20	5	circle	red	same	hori	left	(415, 287)	(512, 248)	True	94584	95294	left	(512, 384)	testing
9	wj	m	20	5	diamond	red	same	vert	up	(415, 287)	(608, 480)	True	96547	97361	up	(512, 384)	testing
9	wj	m	20	5	diamond	red	dif	vert	up	(648, 384)	(512, 520)	True	98536	99605	up	(512, 384)	testing
9	wj	m	20	5	circle	green	dif	vert	up	(415, 287)	(608, 287)	True	100645	101528	up	(512, 384)	testing
9	wj	m	20	5	circle	none	same	vert	up	N_dis	(512, 248)	True	102755	103373	up	(512, 384)	testing
9	wj	m	20	5	circle	none	dif	vert	up	N_dis	(648, 384)	True	104560	105235	up	(512, 384)	testing
9	wj	m	20	5	diamond	green	dif	vert	up	(415, 287)	(376, 384)	True	106343	107428	up	(512, 384)	testing
9	wj	m	20	5	diamond	none	dif	hori	left	N_dis	(512, 520)	True	108677	110613	left	(512, 384)	testing
9	wj	m	20	5	diamond	red	same	hori	left	(376, 384)	(415, 480)	True	111701	113394	left	(512, 384)	testing
9	wj	m	20	5	diamond	red	same	hori	left	(512, 520)	(608, 287)	True	114546	115180	left	(512, 384)	testing
9	wj	m	20	5	diamond	none	dif	vert	up	N_dis	(512, 248)	True	116217	116846	up	(512, 384)	testing
9	wj	m	20	5	circle	none	dif	vert	up	N_dis	(608, 287)	True	117994	118819	up	(512, 384)	testing
9	wj	m	20	5	circle	green	dif	hori	left	(415, 287)	(512, 248)	True	119999	121069	left	(512, 384)	testing
9	wj	m	20	5	diamond	green	same	vert	up	(608, 287)	(415, 480)	True	122258	123187	up	(512, 384)	testing
9	wj	m	20	5	circle	none	same	hori	left	N_dis	(415, 287)	True	124290	125451	left	(512, 384)	testing
9	wj	m	20	5	diamond	none	same	hori	left	N_dis	(608, 287)	True	126685	127399	left	(512, 384)	testing
9	wj	m	20	5	circle	red	same	hori	left	(415, 287)	(415, 480)	True	128602	129472	left	(512, 384)	testing
9	wj	m	20	5	circle	none	same	hori	left	N_dis	(415, 287)	True	130553	131346	left	(512, 384)	testing
9	wj	m	20	5	circle	red	dif	vert	up	(415, 480)	(608, 287)	True	132557	133165	up	(512, 384)	testing
9	wj	m	20	5	circle	red	same	hori	left	(512, 520)	(608, 480)	True	134290	135329	left	(512, 384)	testing
9	wj	m	20	5	diamond	red	dif	vert	up	(608, 287)	(648, 384)	True	136355	137186	up	(512, 384)	testing
9	wj	m	20	5	diamond	green	dif	hori	left	(415, 287)	(608, 480)	True	138280	139216	left	(512, 384)	testing
9	wj	m	20	5	diamond	red	dif	vert	up	(415, 480)	(608, 287)	True	140330	140888	up	(512, 384)	testing
9	wj	m	20	5	diamond	none	same	vert	up	N_dis	(648, 384)	True	141966	142609	up	(512, 384)	testing
9	wj	m	20	5	diamond	red	same	hori	left	(415, 287)	(512, 520)	True	143634	144548	left	(512, 384)	testing
9	wj	m	20	5	diamond	green	dif	hori	left	(415, 287)	(648, 384)	True	145803	146390	left	(512, 384)	testing
9	wj	m	20	5	circle	green	dif	hori	left	(415, 287)	(512, 248)	True	147631	148292	left	(512, 384)	testing
9	wj	m	20	5	diamond	none	same	vert	up	N_dis	(512, 520)	True	149504	150529	up	(512, 384)	testing
9	wj	m	20	5	circle	none	dif	vert	up	N_dis	(415, 480)	True	151796	152591	up	(512, 384)	testing
9	wj	m	20	5	diamond	green	dif	vert	up	(415, 287)	(608, 287)	True	153652	154263	up	(512, 384)	testing
9	wj	m	20	5	circle	green	same	hori	left	(415, 287)	(648, 384)	True	155383	156466	left	(512, 384)	testing
9	wj	m	20	5	diamond	none	same	vert	up	N_dis	(648, 384)	True	157696	158312	up	(512, 384)	testing
9	wj	m	20	5	circle	none	dif	hori	left	N_dis	(648, 384)	True	159577	160411	left	(512, 384)	testing
9	wj	m	20	5	circle	none	dif	vert	up	N_dis	(608, 287)	True	161613	162176	up	(512, 384)	testing
9	wj	m	20	5	diamond	none	dif	hori	left	N_dis	(608, 480)	True	163380	164238	left	(512, 384)	testing
9	wj	m	20	5	circle	none	same	vert	up	N_dis	(512, 248)	True	165478	166245	up	(512, 384)	testing
9	wj	m	20	5	diamond	none	same	hori	left	N_dis	(512, 520)	True	167364	168247	left	(512, 384)	testing
9	wj	m	20	5	diamond	red	dif	hori	left	(415, 287)	(608, 287)	True	169342	170243	left	(512, 384)	testing
9	wj	m	20	5	circle	green	dif	hori	left	(376, 384)	(512, 520)	True	171380	172767	left	(512, 384)	testing
9	wj	m	20	5	diamond	green	same	hori	left	(415, 287)	(512, 520)	True	173992	174880	left	(512, 384)	testing
9	wj	m	20	5	circle	green	same	vert	up	(415, 287)	(608, 287)	True	175957	176810	up	(512, 384)	testing
9	wj	m	20	5	diamond	green	dif	hori	left	(648, 384)	(415, 480)	True	177994	179019	left	(512, 384)	testing
9	wj	m	20	5	circle	green	dif	hori	left	(512, 248)	(608, 480)	True	180204	180974	left	(512, 384)	testing
9	wj	m	20	5	diamond	red	same	vert	up	(608, 287)	(512, 248)	True	182139	182866	up	(512, 384)	testing
9	wj	m	20	5	circle	red	dif	hori	left	(608, 480)	(376, 384)	True	184102	184882	left	(512, 384)	testing
9	wj	m	20	5	circle	none	dif	hori	left	N_dis	(608, 287)	True	185999	186790	left	(512, 384)	testing
9	wj	m	20	5	circle	green	same	hori	left	(608, 480)	(648, 384)	True	187993	188652	left	(512, 384)	testing
9	wj	m	20	5	circle	red	same	vert	up	(415, 287)	(376, 384)	True	189871	190665	up	(512, 384)	testing
9	wj	m	20	5	circle	red	same	vert	up	(415, 287)	(608, 480)	True	191840	193378	up	(512, 384)	testing
9	wj	m	20	5	diamond	none	same	hori	left	N_dis	(376, 384)	True	194557	195218	left	(512, 384)	testing
9	wj	m	20	5	circle	red	same	vert	up	(415, 287)	(376, 384)	True	196280	197799	up	(512, 384)	testing
9	wj	m	20	5	circle	none	dif	vert	up	N_dis	(512, 248)	True	198894	199488	up	(512, 384)	testing
9	wj	m	20	5	circle	none	dif	hori	left	N_dis	(415, 480)	True	200559	201405	left	(512, 384)	testing
9	wj	m	20	5	circle	none	dif	hori	left	N_dis	(415, 480)	True	202554	203290	left	(512, 384)	testing
9	wj	m	20	5	circle	red	same	vert	up	(415, 287)	(512, 248)	True	204442	205098	up	(512, 384)	testing
9	wj	m	20	5	diamond	green	dif	vert	up	(415, 287)	(415, 480)	True	206235	207009	up	(512, 384)	testing
9	wj	m	20	5	diamond	red	same	vert	up	(415, 287)	(512, 520)	True	208277	209091	up	(512, 384)	testing
9	wj	m	20	5	diamond	none	dif	hori	left	N_dis	(608, 480)	True	210191	210908	left	(512, 384)	testing
9	wj	m	20	5	diamond	green	dif	vert	up	(415, 287)	(648, 384)	True	211964	212699	up	(512, 384)	testing
9	wj	m	20	5	diamond	red	same	hori	left	(415, 287)	(608, 287)	True	213848	214610	left	(512, 384)	testing
9	wj	m	20	5	circle	green	dif	hori	left	(415, 287)	(415, 480)	True	215844	216689	left	(512, 384)	testing
9	wj	m	20	5	diamond	none	dif	vert	up	N_dis	(648, 384)	True	217721	218573	up	(512, 384)	testing
9	wj	m	20	5	circle	green	same	vert	up	(415, 287)	(376, 384)	True	219708	220664	up	(512, 384)	testing
9	wj	m	20	5	circle	green	same	hori	left	(415, 287)	(608, 480)	True	221818	222870	left	(512, 384)	testing
9	wj	m	20	5	circle	red	dif	vert	up	(415, 287)	(512, 248)	True	224004	224619	up	(512, 384)	testing
9	wj	m	20	5	diamond	green	dif	hori	left	(376, 384)	(608, 287)	True	225668	226593	up	(512, 384)	testing
9	wj	m	20	5	diamond	none	same	vert	up	N_dis	(512, 520)	True	229251	230082	up	(512, 384)	testing
9	wj	m	20	5	diamond	green	same	hori	left	(608, 480)	(376, 384)	True	231109	231862	left	(512, 384)	testing
9	wj	m	20	5	diamond	green	dif	vert	up	(415, 287)	(512, 520)	True	233047	233935	up	(512, 384)	testing
9	wj	m	20	5	circle	red	dif	vert	up	(512, 248)	(608, 287)	True	235200	236068	up	(512, 384)	testing
9	wj	m	20	5	circle	none	same	vert	up	N_dis	(376, 384)	True	237188	237916	up	(512, 384)	testing
9	wj	m	20	5	diamond	none	same	hori	left	N_dis	(415, 480)	True	239177	240324	left	(512, 384)	testing
9	wj	m	20	5	circle	green	dif	vert	up	(512, 248)	(415, 480)	True	241447	242334	up	(512, 384)	testing
9	wj	m	20	5	diamond	green	same	vert	up	(415, 287)	(415, 480)	True	243503	244416	up	(512, 384)	testing
9	wj	m	20	5	diamond	green	same	hori	left	(415, 287)	(648, 384)	True	245460	246162	left	(512, 384)	testing
9	wj	m	20	5	diamond	red	dif	hori	left	(415, 287)	(512, 520)	True	247211	248007	left	(512, 384)	testing
9	wj	m	20	5	diamond	green	same	vert	up	(415, 287)	(608, 480)	True	249164	249818	up	(512, 384)	testing
9	wj	m	20	5	circle	none	same	hori	left	N_dis	(415, 287)	True	251003	251965	left	(512, 384)	testing
