subj	name	gender	age	runNum	shape	dist	td_dif	resp	resp_key	d_loc	t_loc	gotKey	startTime	respTime	resp	fix_loc	prac
9	wj	m	20	10	diamond	none	dif	vert	up	N_dis	(415, 287)	True	4883	5873	up	(512, 384)	testing
9	wj	m	20	10	circle	red	same	hori	left	(512, 520)	(415, 480)	True	6976	8528	left	(512, 384)	testing
9	wj	m	20	10	diamond	red	same	vert	up	(512, 248)	(415, 480)	True	9727	10677	up	(512, 384)	testing
9	wj	m	20	10	circle	none	dif	hori	left	N_dis	(512, 248)	True	11824	12488	left	(512, 384)	testing
9	wj	m	20	10	diamond	red	same	hori	left	(512, 520)	(415, 480)	True	13658	14626	left	(512, 384)	testing
9	wj	m	20	10	circle	red	same	vert	up	(512, 520)	(608, 480)	True	15653	16606	up	(512, 384)	testing
9	wj	m	20	10	circle	none	dif	hori	left	N_dis	(608, 480)	True	17744	19054	left	(512, 384)	testing
9	wj	m	20	10	circle	green	same	hori	left	(512, 520)	(415, 480)	True	20321	21213	left	(512, 384)	testing
9	wj	m	20	10	diamond	none	dif	hori	left	N_dis	(648, 384)	True	22320	23064	left	(512, 384)	testing
9	wj	m	20	10	circle	red	same	hori	left	(512, 520)	(608, 287)	True	24215	24774	left	(512, 384)	testing
9	wj	m	20	10	diamond	green	dif	vert	up	(512, 520)	(376, 384)	True	25919	27048	up	(512, 384)	testing
9	wj	m	20	10	diamond	red	dif	hori	left	(512, 520)	(415, 480)	True	28272	29041	left	(512, 384)	testing
9	wj	m	20	10	circle	none	dif	hori	left	N_dis	(415, 480)	True	30093	30763	left	(512, 384)	testing
9	wj	m	20	10	diamond	green	dif	vert	up	(512, 520)	(608, 287)	True	31945	32570	up	(512, 384)	testing
9	wj	m	20	10	diamond	red	dif	hori	left	(512, 520)	(608, 480)	True	33642	34273	left	(512, 384)	testing
9	wj	m	20	10	diamond	green	same	vert	up	(512, 520)	(376, 384)	True	35336	36099	up	(512, 384)	testing
9	wj	m	20	10	circle	none	same	hori	left	N_dis	(512, 248)	True	37143	38339	left	(512, 384)	testing
9	wj	m	20	10	circle	green	same	hori	left	(512, 520)	(415, 287)	True	39431	40034	left	(512, 384)	testing
9	wj	m	20	10	diamond	none	same	vert	up	N_dis	(376, 384)	True	41239	41989	up	(512, 384)	testing
9	wj	m	20	10	diamond	none	dif	vert	up	N_dis	(512, 520)	True	43029	43966	up	(512, 384)	testing
9	wj	m	20	10	diamond	green	same	hori	left	(512, 520)	(608, 287)	True	45123	45669	left	(512, 384)	testing
9	wj	m	20	10	diamond	red	same	vert	up	(608, 480)	(376, 384)	True	46830	47667	up	(512, 384)	testing
9	wj	m	20	10	diamond	red	same	hori	left	(512, 520)	(415, 287)	True	48813	49472	left	(512, 384)	testing
9	wj	m	20	10	diamond	green	same	vert	up	(512, 520)	(648, 384)	True	50593	51201	up	(512, 384)	testing
9	wj	m	20	10	circle	green	same	vert	up	(512, 520)	(648, 384)	True	52366	53117	up	(512, 384)	testing
9	wj	m	20	10	circle	red	dif	vert	up	(512, 520)	(512, 248)	True	54317	54992	up	(512, 384)	testing
9	wj	m	20	10	circle	green	same	hori	left	(512, 520)	(512, 248)	True	56168	56843	left	(512, 384)	testing
9	wj	m	20	10	diamond	red	dif	hori	left	(512, 520)	(608, 480)	True	57948	58602	left	(512, 384)	testing
9	wj	m	20	10	diamond	none	same	hori	left	N_dis	(512, 520)	True	59716	60430	left	(512, 384)	testing
9	wj	m	20	10	circle	red	same	vert	up	(512, 520)	(648, 384)	True	61492	62096	up	(512, 384)	testing
9	wj	m	20	10	circle	red	dif	hori	left	(512, 520)	(376, 384)	True	63268	63860	left	(512, 384)	testing
9	wj	m	20	10	diamond	green	dif	hori	left	(376, 384)	(608, 480)	True	65036	65998	left	(512, 384)	testing
9	wj	m	20	10	diamond	none	dif	vert	up	N_dis	(512, 520)	True	67189	68059	up	(512, 384)	testing
9	wj	m	20	10	circle	red	same	hori	left	(512, 520)	(512, 248)	True	69258	69971	left	(512, 384)	testing
9	wj	m	20	10	circle	none	same	vert	up	N_dis	(608, 287)	True	70998	71562	up	(512, 384)	testing
9	wj	m	20	10	circle	green	dif	vert	up	(512, 520)	(608, 287)	True	72733	73262	up	(512, 384)	testing
9	wj	m	20	10	circle	none	dif	vert	up	N_dis	(648, 384)	True	74492	75196	up	(512, 384)	testing
9	wj	m	20	10	circle	red	same	hori	left	(376, 384)	(648, 384)	True	76373	77127	left	(512, 384)	testing
9	wj	m	20	10	diamond	green	dif	hori	left	(512, 520)	(415, 480)	True	78221	80042	left	(512, 384)	testing
9	wj	m	20	10	diamond	red	dif	vert	up	(512, 520)	(608, 480)	True	81084	81840	up	(512, 384)	testing
9	wj	m	20	10	circle	green	same	vert	up	(512, 520)	(512, 248)	True	82925	83530	up	(512, 384)	testing
9	wj	m	20	10	circle	none	dif	vert	up	N_dis	(512, 248)	True	84687	85270	up	(512, 384)	testing
9	wj	m	20	10	diamond	red	same	hori	left	(608, 287)	(608, 480)	True	86471	87306	left	(512, 384)	testing
9	wj	m	20	10	circle	green	same	hori	left	(512, 520)	(608, 287)	True	88558	89248	left	(512, 384)	testing
9	wj	m	20	10	circle	none	same	vert	up	N_dis	(512, 248)	True	90370	91474	up	(512, 384)	testing
9	wj	m	20	10	diamond	red	dif	vert	up	(512, 520)	(415, 480)	True	92577	93628	up	(512, 384)	testing
9	wj	m	20	10	circle	red	dif	hori	left	(512, 520)	(648, 384)	True	94665	95268	left	(512, 384)	testing
9	wj	m	20	10	diamond	green	same	vert	up	(512, 520)	(648, 384)	True	96423	97304	up	(512, 384)	testing
9	wj	m	20	10	diamond	green	same	hori	left	(648, 384)	(376, 384)	True	98502	99129	left	(512, 384)	testing
9	wj	m	20	10	diamond	none	dif	hori	left	N_dis	(376, 384)	True	100198	100725	left	(512, 384)	testing
9	wj	m	20	10	circle	red	same	hori	left	(512, 520)	(376, 384)	True	101769	102895	left	(512, 384)	testing
9	wj	m	20	10	diamond	red	same	vert	up	(415, 287)	(415, 480)	True	104022	105018	up	(512, 384)	testing
9	wj	m	20	10	diamond	green	dif	hori	left	(512, 520)	(415, 287)	True	106049	106816	left	(512, 384)	testing
9	wj	m	20	10	diamond	none	same	vert	up	N_dis	(415, 287)	True	107958	108529	up	(512, 384)	testing
9	wj	m	20	10	diamond	none	same	hori	left	N_dis	(415, 480)	True	109712	110523	left	(512, 384)	testing
9	wj	m	20	10	diamond	red	dif	vert	up	(512, 520)	(608, 480)	True	111758	112621	up	(512, 384)	testing
9	wj	m	20	10	diamond	red	same	vert	up	(512, 248)	(376, 384)	True	113662	114461	up	(512, 384)	testing
9	wj	m	20	10	diamond	red	dif	hori	left	(608, 480)	(648, 384)	True	115552	116201	left	(512, 384)	testing
9	wj	m	20	10	circle	none	same	vert	up	N_dis	(608, 287)	True	117230	117837	up	(512, 384)	testing
9	wj	m	20	10	circle	green	same	vert	up	(415, 287)	(376, 384)	True	118969	119728	up	(512, 384)	testing
9	wj	m	20	10	diamond	none	dif	hori	left	N_dis	(376, 384)	True	120966	121650	left	(512, 384)	testing
9	wj	m	20	10	circle	green	dif	vert	up	(608, 287)	(415, 480)	True	122769	123489	up	(512, 384)	testing
9	wj	m	20	10	diamond	none	same	hori	left	N_dis	(608, 480)	True	124573	125272	left	(512, 384)	testing
9	wj	m	20	10	circle	green	same	vert	up	(512, 520)	(608, 287)	True	126388	127157	up	(512, 384)	testing
9	wj	m	20	10	circle	green	dif	hori	left	(512, 520)	(376, 384)	True	128317	128969	left	(512, 384)	testing
9	wj	m	20	10	diamond	red	dif	vert	up	(512, 248)	(648, 384)	True	130151	130874	up	(512, 384)	testing
9	wj	m	20	10	diamond	red	dif	hori	left	(415, 480)	(648, 384)	True	131967	132582	left	(512, 384)	testing
9	wj	m	20	10	diamond	green	same	hori	left	(512, 520)	(415, 287)	True	133647	134532	left	(512, 384)	testing
9	wj	m	20	10	circle	green	dif	vert	up	(415, 480)	(608, 480)	True	135566	136646	up	(512, 384)	testing
9	wj	m	20	10	diamond	none	dif	vert	up	N_dis	(415, 287)	True	137672	139042	up	(512, 384)	testing
9	wj	m	20	10	circle	none	same	hori	left	N_dis	(376, 384)	True	140287	140926	left	(512, 384)	testing
9	wj	m	20	10	circle	none	same	hori	left	N_dis	(415, 287)	True	142095	142728	left	(512, 384)	testing
9	wj	m	20	10	diamond	green	dif	hori	left	(512, 520)	(608, 480)	True	143880	145130	left	(512, 384)	testing
9	wj	m	20	10	circle	green	dif	vert	up	(512, 520)	(512, 248)	True	146187	146763	up	(512, 384)	testing
9	wj	m	20	10	circle	red	same	vert	up	(415, 287)	(415, 480)	True	148000	148893	up	(512, 384)	testing
9	wj	m	20	10	circle	red	dif	hori	left	(512, 520)	(608, 480)	True	150115	151340	left	(512, 384)	testing
9	wj	m	20	10	circle	none	dif	hori	left	N_dis	(415, 287)	True	152565	153234	left	(512, 384)	testing
9	wj	m	20	10	circle	red	dif	vert	up	(608, 480)	(512, 248)	True	154353	155216	up	(512, 384)	testing
9	wj	m	20	10	circle	green	dif	vert	up	(512, 520)	(648, 384)	True	156459	157061	up	(512, 384)	testing
9	wj	m	20	10	circle	red	dif	hori	left	(608, 287)	(415, 480)	True	158211	159801	left	(512, 384)	testing
9	wj	m	20	10	circle	red	dif	vert	up	(512, 248)	(608, 287)	True	160943	162001	up	(512, 384)	testing
9	wj	m	20	10	circle	green	dif	hori	left	(608, 287)	(648, 384)	True	163243	163904	left	(512, 384)	testing
9	wj	m	20	10	circle	none	dif	vert	up	N_dis	(512, 520)	True	164963	165687	up	(512, 384)	testing
9	wj	m	20	10	circle	none	dif	vert	up	N_dis	(608, 287)	True	166856	167415	up	(512, 384)	testing
9	wj	m	20	10	diamond	green	same	vert	up	(415, 480)	(608, 480)	True	168533	169488	up	(512, 384)	testing
9	wj	m	20	10	diamond	green	dif	vert	up	(512, 520)	(512, 248)	True	170690	171280	up	(512, 384)	testing
9	wj	m	20	10	diamond	none	same	vert	up	N_dis	(512, 248)	True	172388	172967	up	(512, 384)	testing
9	wj	m	20	10	diamond	none	same	hori	left	N_dis	(608, 287)	True	174189	174713	left	(512, 384)	testing
9	wj	m	20	10	diamond	none	same	hori	left	N_dis	(608, 480)	True	175742	176588	left	(512, 384)	testing
9	wj	m	20	10	circle	red	same	vert	up	(376, 384)	(415, 287)	True	177704	178382	up	(512, 384)	testing
9	wj	m	20	10	diamond	none	dif	hori	left	N_dis	(608, 287)	True	179506	180080	left	(512, 384)	testing
9	wj	m	20	10	circle	none	same	hori	left	N_dis	(376, 384)	True	181218	182096	left	(512, 384)	testing
9	wj	m	20	10	circle	red	dif	vert	up	(512, 520)	(415, 287)	True	183124	183735	up	(512, 384)	testing
9	wj	m	20	10	diamond	red	same	hori	left	(512, 520)	(608, 287)	True	184921	185432	left	(512, 384)	testing
9	wj	m	20	10	circle	green	dif	hori	left	(648, 384)	(415, 287)	True	186598	187377	left	(512, 384)	testing
9	wj	m	20	10	circle	green	same	vert	up	(512, 520)	(648, 384)	True	188463	189088	up	(512, 384)	testing
9	wj	m	20	10	diamond	green	dif	vert	up	(512, 520)	(415, 287)	True	190217	190858	up	(512, 384)	testing
9	wj	m	20	10	circle	none	dif	hori	left	N_dis	(415, 480)	True	192060	192860	left	(512, 384)	testing
9	wj	m	20	10	diamond	green	dif	vert	up	(415, 480)	(512, 248)	True	194095	194753	up	(512, 384)	testing
9	wj	m	20	10	diamond	red	dif	vert	up	(512, 520)	(376, 384)	True	195929	196766	up	(512, 384)	testing
9	wj	m	20	10	circle	red	dif	vert	up	(512, 520)	(512, 248)	True	197918	198528	up	(512, 384)	testing
9	wj	m	20	10	diamond	green	dif	hori	left	(512, 520)	(512, 248)	True	199746	200334	left	(512, 384)	testing
9	wj	m	20	10	diamond	none	dif	hori	left	N_dis	(415, 480)	True	201549	202241	left	(512, 384)	testing
9	wj	m	20	10	circle	none	dif	vert	up	N_dis	(648, 384)	True	203356	203991	up	(512, 384)	testing
9	wj	m	20	10	diamond	red	same	hori	left	(376, 384)	(512, 248)	True	205092	205731	left	(512, 384)	testing
9	wj	m	20	10	circle	none	same	vert	up	N_dis	(608, 480)	True	206922	207581	up	(512, 384)	testing
9	wj	m	20	10	diamond	none	same	vert	up	N_dis	(512, 520)	True	208637	209714	up	(512, 384)	testing
9	wj	m	20	10	circle	green	dif	hori	left	(648, 384)	(415, 480)	True	210809	211923	left	(512, 384)	testing
9	wj	m	20	10	circle	red	dif	hori	left	(512, 520)	(415, 480)	True	212972	213791	left	(512, 384)	testing
9	wj	m	20	10	diamond	green	same	hori	left	(648, 384)	(415, 287)	True	214878	215663	left	(512, 384)	testing
9	wj	m	20	10	circle	red	same	vert	up	(415, 287)	(415, 480)	True	216905	217801	up	(512, 384)	testing
9	wj	m	20	10	circle	none	same	vert	up	N_dis	(648, 384)	True	218990	219560	up	(512, 384)	testing
9	wj	m	20	10	circle	green	same	hori	left	(512, 520)	(415, 287)	True	220676	221329	left	(512, 384)	testing
9	wj	m	20	10	diamond	green	same	hori	left	(512, 520)	(512, 248)	True	222393	223060	left	(512, 384)	testing
9	wj	m	20	10	diamond	red	same	vert	up	(512, 520)	(376, 384)	True	224193	224964	up	(512, 384)	testing
9	wj	m	20	10	diamond	none	dif	vert	up	N_dis	(608, 480)	True	226012	226655	up	(512, 384)	testing
9	wj	m	20	10	diamond	green	same	vert	up	(512, 520)	(512, 248)	True	227713	228286	up	(512, 384)	testing
9	wj	m	20	10	diamond	none	same	vert	up	N_dis	(415, 480)	True	229391	230188	up	(512, 384)	testing
9	wj	m	20	10	circle	green	dif	hori	left	(608, 480)	(415, 480)	True	231269	231938	left	(512, 384)	testing
9	wj	m	20	10	circle	none	same	hori	left	N_dis	(648, 384)	True	233206	233954	left	(512, 384)	testing
conf	9	wj	m	20	10	3	2	6	space	None	None	None	None	None	None	True	265196	270992	2
