subj	name	gender	age	runNum	shape	dist	td_dif	resp	resp_key	d_loc	t_loc	gotKey	startTime	respTime	resp	fix_loc	prac
9	wj	m	20	4	diamond	red	same	vert	up	(415, 287)	(415, 480)	True	11376	12246	up	(512, 384)	testing
9	wj	m	20	4	circle	none	same	hori	left	N_dis	(608, 287)	True	13291	13827	left	(512, 384)	testing
9	wj	m	20	4	diamond	none	same	vert	up	N_dis	(376, 384)	True	14935	15519	up	(512, 384)	testing
9	wj	m	20	4	diamond	none	same	hori	left	N_dis	(512, 520)	True	16601	17695	left	(512, 384)	testing
9	wj	m	20	4	diamond	none	same	hori	left	N_dis	(648, 384)	True	18747	19425	left	(512, 384)	testing
9	wj	m	20	4	diamond	green	dif	vert	up	(512, 520)	(415, 480)	True	20543	21770	up	(512, 384)	testing
9	wj	m	20	4	circle	red	same	vert	up	(415, 287)	(608, 287)	True	22824	23451	up	(512, 384)	testing
9	wj	m	20	4	circle	none	dif	hori	left	N_dis	(608, 287)	True	24567	25095	left	(512, 384)	testing
9	wj	m	20	4	circle	red	same	vert	up	(415, 287)	(415, 480)	True	26191	26836	up	(512, 384)	testing
9	wj	m	20	4	diamond	none	same	vert	up	N_dis	(608, 287)	True	27963	28513	up	(512, 384)	testing
9	wj	m	20	4	circle	green	dif	hori	left	(415, 480)	(608, 480)	True	29782	31112	left	(512, 384)	testing
9	wj	m	20	4	diamond	none	dif	vert	up	N_dis	(648, 384)	True	32152	32998	up	(512, 384)	testing
9	wj	m	20	4	circle	red	dif	vert	up	(415, 480)	(648, 384)	True	34232	35243	up	(512, 384)	testing
9	wj	m	20	4	diamond	green	dif	vert	up	(415, 287)	(608, 480)	True	36352	36999	up	(512, 384)	testing
9	wj	m	20	4	circle	none	same	hori	left	N_dis	(512, 520)	True	38105	38964	left	(512, 384)	testing
9	wj	m	20	4	diamond	red	dif	hori	left	(415, 287)	(648, 384)	True	40137	40804	left	(512, 384)	testing
9	wj	m	20	4	diamond	green	dif	vert	up	(415, 287)	(376, 384)	True	42031	42789	up	(512, 384)	testing
9	wj	m	20	4	circle	red	same	hori	left	(415, 287)	(512, 248)	True	43817	44617	left	(512, 384)	testing
9	wj	m	20	4	diamond	none	dif	vert	up	N_dis	(608, 287)	True	45768	46300	up	(512, 384)	testing
9	wj	m	20	4	diamond	green	dif	hori	left	(415, 287)	(608, 287)	True	47504	48142	left	(512, 384)	testing
9	wj	m	20	4	circle	red	dif	hori	left	(608, 287)	(512, 248)	True	49313	50198	left	(512, 384)	testing
9	wj	m	20	4	diamond	green	same	hori	left	(512, 520)	(608, 480)	True	51325	52520	left	(512, 384)	testing
9	wj	m	20	4	diamond	red	dif	hori	left	(415, 287)	(512, 248)	True	53792	54390	left	(512, 384)	testing
9	wj	m	20	4	circle	green	same	vert	up	(415, 287)	(608, 287)	True	55604	56204	up	(512, 384)	testing
9	wj	m	20	4	circle	none	dif	hori	left	N_dis	(512, 520)	True	57277	57996	left	(512, 384)	testing
9	wj	m	20	4	diamond	green	same	hori	left	(415, 287)	(415, 480)	True	59117	60111	left	(512, 384)	testing
9	wj	m	20	4	diamond	red	dif	hori	left	(608, 287)	(608, 480)	True	61278	62210	left	(512, 384)	testing
9	wj	m	20	4	diamond	none	dif	vert	up	N_dis	(608, 480)	True	63288	63951	up	(512, 384)	testing
9	wj	m	20	4	diamond	red	same	hori	left	(415, 287)	(512, 520)	True	65114	65839	left	(512, 384)	testing
9	wj	m	20	4	circle	none	dif	hori	left	N_dis	(415, 287)	True	67105	67830	left	(512, 384)	testing
9	wj	m	20	4	circle	green	same	vert	up	(415, 287)	(415, 480)	True	68911	69795	up	(512, 384)	testing
9	wj	m	20	4	circle	none	same	hori	left	N_dis	(415, 480)	True	71043	71817	left	(512, 384)	testing
9	wj	m	20	4	diamond	red	same	vert	up	(415, 287)	(608, 480)	True	72999	73737	up	(512, 384)	testing
9	wj	m	20	4	diamond	none	dif	hori	left	N_dis	(512, 520)	True	74925	75616	left	(512, 384)	testing
9	wj	m	20	4	circle	green	same	hori	left	(376, 384)	(415, 480)	True	76767	77522	left	(512, 384)	testing
9	wj	m	20	4	circle	red	same	hori	left	(608, 480)	(648, 384)	True	78548	79272	left	(512, 384)	testing
9	wj	m	20	4	circle	green	dif	vert	up	(415, 287)	(512, 248)	True	80400	81027	up	(512, 384)	testing
9	wj	m	20	4	diamond	none	dif	vert	up	N_dis	(512, 248)	True	82101	82742	up	(512, 384)	testing
9	wj	m	20	4	circle	red	same	hori	left	(415, 287)	(376, 384)	True	83879	84653	left	(512, 384)	testing
9	wj	m	20	4	circle	green	same	hori	left	(376, 384)	(415, 480)	True	85898	86700	left	(512, 384)	testing
9	wj	m	20	4	circle	none	same	vert	up	N_dis	(648, 384)	True	87869	88537	up	(512, 384)	testing
9	wj	m	20	4	diamond	green	same	vert	up	(415, 287)	(376, 384)	True	89619	90516	up	(512, 384)	testing
9	wj	m	20	4	diamond	red	same	vert	up	(648, 384)	(512, 520)	True	91760	92712	up	(512, 384)	testing
9	wj	m	20	4	circle	red	dif	hori	left	(415, 287)	(512, 248)	True	93769	94500	left	(512, 384)	testing
9	wj	m	20	4	diamond	green	dif	vert	up	(415, 287)	(648, 384)	True	95659	96379	up	(512, 384)	testing
9	wj	m	20	4	diamond	green	dif	hori	left	(608, 287)	(512, 520)	True	97443	98213	left	(512, 384)	testing
9	wj	m	20	4	diamond	green	same	vert	up	(415, 287)	(648, 384)	True	99362	99945	up	(512, 384)	testing
9	wj	m	20	4	circle	red	dif	vert	up	(415, 480)	(608, 287)	True	101037	101787	up	(512, 384)	testing
9	wj	m	20	4	diamond	green	same	vert	up	(415, 287)	(415, 480)	True	102920	103698	up	(512, 384)	testing
9	wj	m	20	4	diamond	none	same	vert	up	N_dis	(415, 480)	True	104921	105752	up	(512, 384)	testing
9	wj	m	20	4	diamond	red	same	hori	left	(512, 520)	(648, 384)	True	106853	107654	left	(512, 384)	testing
9	wj	m	20	4	circle	green	same	vert	up	(415, 287)	(376, 384)	True	108797	109526	up	(512, 384)	testing
9	wj	m	20	4	circle	red	dif	hori	left	(608, 480)	(648, 384)	True	110670	111261	left	(512, 384)	testing
9	wj	m	20	4	diamond	none	dif	hori	left	N_dis	(512, 248)	True	112464	113078	left	(512, 384)	testing
9	wj	m	20	4	circle	none	same	vert	up	N_dis	(648, 384)	True	114226	114891	up	(512, 384)	testing
9	wj	m	20	4	diamond	none	same	vert	up	N_dis	(415, 480)	True	116036	116881	up	(512, 384)	testing
9	wj	m	20	4	diamond	none	same	hori	left	N_dis	(376, 384)	True	118133	118926	left	(512, 384)	testing
9	wj	m	20	4	diamond	green	dif	hori	left	(376, 384)	(608, 480)	True	120051	120833	left	(512, 384)	testing
9	wj	m	20	4	circle	green	dif	hori	left	(608, 480)	(415, 480)	True	121996	122724	left	(512, 384)	testing
9	wj	m	20	4	diamond	green	same	vert	up	(512, 520)	(608, 287)	True	123895	124504	up	(512, 384)	testing
9	wj	m	20	4	circle	green	dif	vert	up	(608, 480)	(512, 520)	True	125599	126518	up	(512, 384)	testing
9	wj	m	20	4	circle	none	same	vert	up	N_dis	(376, 384)	True	127775	129025	up	(512, 384)	testing
9	wj	m	20	4	diamond	none	dif	hori	left	N_dis	(415, 287)	True	130182	130912	left	(512, 384)	testing
9	wj	m	20	4	circle	green	same	vert	up	(512, 248)	(512, 520)	True	132176	133248	up	(512, 384)	testing
9	wj	m	20	4	diamond	green	dif	hori	left	(415, 287)	(608, 480)	True	134350	135347	left	(512, 384)	testing
9	wj	m	20	4	diamond	red	dif	hori	left	(415, 287)	(608, 287)	True	136478	137007	left	(512, 384)	testing
9	wj	m	20	4	diamond	red	dif	vert	up	(512, 248)	(376, 384)	True	138112	138976	up	(512, 384)	testing
9	wj	m	20	4	circle	red	same	vert	up	(415, 287)	(608, 480)	True	140135	140992	up	(512, 384)	testing
9	wj	m	20	4	circle	none	dif	vert	up	N_dis	(512, 520)	True	142081	142699	up	(512, 384)	testing
9	wj	m	20	4	diamond	none	same	vert	up	N_dis	(415, 480)	True	143771	144584	up	(512, 384)	testing
9	wj	m	20	4	circle	green	same	vert	up	(415, 287)	(648, 384)	True	145702	146343	up	(512, 384)	testing
9	wj	m	20	4	circle	none	dif	vert	up	N_dis	(376, 384)	True	147561	148200	up	(512, 384)	testing
9	wj	m	20	4	circle	red	dif	vert	up	(415, 480)	(608, 480)	True	149424	150208	up	(512, 384)	testing
9	wj	m	20	4	circle	green	dif	vert	up	(415, 287)	(512, 520)	True	151399	152119	up	(512, 384)	testing
9	wj	m	20	4	circle	green	same	hori	left	(415, 287)	(608, 287)	True	153305	153965	left	(512, 384)	testing
9	wj	m	20	4	circle	red	dif	hori	left	(415, 287)	(608, 480)	True	155129	155876	left	(512, 384)	testing
9	wj	m	20	4	diamond	green	same	hori	left	(415, 287)	(376, 384)	True	157021	158088	left	(512, 384)	testing
9	wj	m	20	4	diamond	none	same	hori	left	N_dis	(415, 287)	True	159344	160016	left	(512, 384)	testing
9	wj	m	20	4	diamond	none	same	hori	left	N_dis	(512, 248)	True	161278	161885	left	(512, 384)	testing
9	wj	m	20	4	diamond	red	dif	vert	up	(415, 287)	(512, 520)	True	162974	164012	up	(512, 384)	testing
9	wj	m	20	4	circle	green	dif	vert	up	(415, 287)	(608, 480)	True	165272	166048	up	(512, 384)	testing
9	wj	m	20	4	diamond	red	same	vert	up	(415, 287)	(376, 384)	True	167108	168004	up	(512, 384)	testing
9	wj	m	20	4	circle	red	same	vert	up	(415, 287)	(415, 480)	True	169168	170088	up	(512, 384)	testing
9	wj	m	20	4	circle	none	dif	vert	up	N_dis	(415, 480)	True	171245	172547	up	(512, 384)	testing
9	wj	m	20	4	circle	green	same	hori	left	(415, 287)	(608, 480)	True	173797	174637	left	(512, 384)	testing
9	wj	m	20	4	circle	green	dif	vert	up	(415, 287)	(608, 480)	True	175703	176509	up	(512, 384)	testing
9	wj	m	20	4	diamond	red	dif	vert	up	(376, 384)	(512, 248)	True	177567	178142	up	(512, 384)	testing
9	wj	m	20	4	diamond	red	same	hori	left	(415, 287)	(512, 248)	True	179274	180190	left	(512, 384)	testing
9	wj	m	20	4	diamond	green	dif	hori	left	(415, 287)	(608, 480)	True	181314	181985	left	(512, 384)	testing
9	wj	m	20	4	circle	green	dif	hori	left	(415, 287)	(648, 384)	True	183110	183876	left	(512, 384)	testing
9	wj	m	20	4	diamond	none	dif	vert	up	N_dis	(608, 287)	True	185038	185574	up	(512, 384)	testing
9	wj	m	20	4	circle	red	dif	vert	up	(415, 287)	(512, 520)	True	186652	187880	up	(512, 384)	testing
9	wj	m	20	4	circle	none	same	vert	up	N_dis	(512, 248)	True	189061	189606	up	(512, 384)	testing
9	wj	m	20	4	diamond	red	same	vert	up	(415, 287)	(512, 248)	True	190630	191172	up	(512, 384)	testing
9	wj	m	20	4	circle	green	same	hori	left	(415, 287)	(608, 480)	True	192316	193129	left	(512, 384)	testing
9	wj	m	20	4	diamond	green	same	vert	up	(512, 248)	(648, 384)	True	194328	195276	up	(512, 384)	testing
9	wj	m	20	4	circle	none	dif	hori	left	N_dis	(512, 248)	True	196377	196892	left	(512, 384)	testing
9	wj	m	20	4	circle	none	same	vert	up	N_dis	(608, 480)	True	197991	198716	up	(512, 384)	testing
9	wj	m	20	4	circle	red	dif	vert	up	(415, 287)	(415, 480)	True	199810	200868	up	(512, 384)	testing
9	wj	m	20	4	circle	none	dif	vert	up	N_dis	(648, 384)	True	201936	202552	up	(512, 384)	testing
9	wj	m	20	4	diamond	none	dif	hori	left	N_dis	(415, 287)	True	203678	204322	left	(512, 384)	testing
9	wj	m	20	4	circle	none	same	hori	left	N_dis	(608, 480)	True	205447	206111	left	(512, 384)	testing
9	wj	m	20	4	circle	red	same	vert	up	(415, 287)	(512, 520)	True	207213	208020	up	(512, 384)	testing
9	wj	m	20	4	diamond	green	same	hori	left	(415, 287)	(608, 287)	True	209130	209627	left	(512, 384)	testing
9	wj	m	20	4	circle	red	dif	hori	left	(415, 287)	(512, 520)	True	210795	211581	left	(512, 384)	testing
9	wj	m	20	4	diamond	red	dif	hori	left	(415, 287)	(648, 384)	True	212851	213454	left	(512, 384)	testing
9	wj	m	20	4	circle	none	dif	hori	left	N_dis	(608, 480)	True	214596	215279	left	(512, 384)	testing
9	wj	m	20	4	diamond	red	same	hori	left	(512, 248)	(376, 384)	True	216479	217267	left	(512, 384)	testing
9	wj	m	20	4	diamond	green	same	hori	left	(648, 384)	(608, 480)	True	218400	219315	left	(512, 384)	testing
9	wj	m	20	4	diamond	none	dif	hori	left	N_dis	(415, 287)	True	220415	221118	up	(512, 384)	testing
9	wj	m	20	4	diamond	red	dif	vert	up	(648, 384)	(376, 384)	True	223862	224697	up	(512, 384)	testing
9	wj	m	20	4	circle	green	dif	hori	left	(415, 287)	(648, 384)	True	225722	226382	left	(512, 384)	testing
9	wj	m	20	4	circle	red	same	hori	left	(415, 287)	(376, 384)	True	227448	228225	left	(512, 384)	testing
9	wj	m	20	4	diamond	red	dif	vert	up	(415, 287)	(512, 248)	True	229440	230261	up	(512, 384)	testing
9	wj	m	20	4	circle	green	dif	hori	left	(415, 287)	(512, 520)	True	231328	232148	left	(512, 384)	testing
9	wj	m	20	4	circle	none	same	hori	left	N_dis	(608, 480)	True	233319	233986	left	(512, 384)	testing
9	wj	m	20	4	diamond	green	dif	vert	up	(415, 287)	(608, 287)	True	235199	235764	up	(512, 384)	testing
9	wj	m	20	4	diamond	red	same	hori	left	(608, 287)	(376, 384)	True	236803	237632	left	(512, 384)	testing
9	wj	m	20	4	circle	red	same	hori	left	(648, 384)	(512, 520)	True	238869	239748	left	(512, 384)	testing
9	wj	m	20	4	circle	none	dif	vert	up	N_dis	(376, 384)	True	240954	241684	up	(512, 384)	testing
