subj	name	gender	age	prac	group	shape	color	tar_loc	popularity	dis_cond	dis_loc	dis_high	td_dif	line	respkey	gotkey	startTime	respTime	resp	correct	block	trialnum
11	hsz	f	20	1	80	diamond	red	(645, 428)	high	dis	(645, 652)	N	same	vert	up	True	11899	13309	up	1	1	1
11	hsz	f	20	1	80	diamond	green	(645, 428)	high	no	no_dis	N	dif	vert	up	True	14442	16756	up	1	1	2
11	hsz	f	20	1	80	circle	green	(645, 428)	high	dis	(724, 619)	N	same	vert	up	True	17964	19125	up	1	1	3
11	hsz	f	20	1	80	diamond	red	(645, 428)	high	no	no_dis	N	same	vert	up	True	20311	21444	up	1	1	4
11	hsz	f	20	1	80	diamond	green	(645, 428)	high	dis	(724, 619)	N	same	vert	up	True	22573	24525	up	1	1	5
11	hsz	f	20	1	80	diamond	green	(645, 428)	high	dis	(724, 460)	N	dif	vert	up	True	25646	27012	up	1	1	6
11	hsz	f	20	1	80	diamond	red	(645, 428)	high	dis	(533, 540)	N	same	vert	up	True	28110	29725	up	1	1	7
11	hsz	f	20	1	80	diamond	green	(645, 428)	high	dis	(565, 460)	N	same	hori	left	True	30951	32004	left	1	1	8
11	hsz	f	20	1	80	circle	green	(645, 428)	high	no	no_dis	N	same	hori	left	True	33208	34101	left	1	1	9
11	hsz	f	20	1	80	diamond	red	(645, 428)	high	dis	(533, 540)	N	same	hori	left	True	35152	35949	left	1	1	10
11	hsz	f	20	1	80	circle	green	(645, 428)	high	dis	(565, 619)	N	same	vert	up	True	37103	38253	up	1	1	11
11	hsz	f	20	1	80	circle	green	(645, 428)	high	no	no_dis	N	dif	vert	up	True	39286	40157	up	1	1	12
11	hsz	f	20	1	80	diamond	red	(645, 428)	high	no	no_dis	N	same	vert	up	True	41245	42117	up	1	1	13
11	hsz	f	20	1	80	diamond	red	(645, 428)	high	dis	(565, 460)	N	same	vert	up	True	43230	43829	up	1	1	14
11	hsz	f	20	1	80	circle	red	(645, 428)	high	dis	(565, 619)	N	same	hori	left	True	45062	45668	left	1	1	15
11	hsz	f	20	1	80	diamond	green	(645, 428)	high	dis	(565, 619)	N	dif	hori	left	True	46683	47509	left	1	1	16
11	hsz	f	20	1	80	circle	red	(645, 428)	high	dis	(565, 619)	N	dif	hori	left	True	48745	49404	left	1	1	17
11	hsz	f	20	1	80	circle	green	(645, 428)	high	dis	(724, 619)	N	same	vert	up	True	50577	51572	up	1	1	18
11	hsz	f	20	1	80	circle	green	(645, 428)	high	dis	(645, 652)	N	same	vert	up	True	52656	53332	up	1	1	19
11	hsz	f	20	1	80	circle	red	(757, 540)	low	dis	(645, 428)	Y	same	hori	left	True	54563	55100	left	1	1	20
11	hsz	f	20	1	80	diamond	red	(645, 428)	high	dis	(757, 540)	N	dif	vert	up	True	56209	56709	up	1	1	21
11	hsz	f	20	1	80	diamond	red	(533, 540)	low	dis	(724, 619)	N	same	vert	up	True	57782	58405	up	1	1	22
11	hsz	f	20	1	80	circle	green	(724, 619)	low	dis	(645, 428)	Y	dif	hori	left	True	59480	59980	up	0	1	23
11	hsz	f	20	1	80	diamond	green	(645, 428)	high	no	no_dis	N	same	hori	left	True	62559	63364	left	1	1	24
11	hsz	f	20	1	80	circle	green	(645, 428)	high	dis	(757, 540)	N	dif	hori	left	True	64545	66084	left	1	1	25
11	hsz	f	20	1	80	diamond	green	(645, 428)	high	no	no_dis	N	dif	hori	left	True	67234	68092	left	1	1	26
11	hsz	f	20	1	80	circle	red	(645, 428)	high	dis	(565, 619)	N	dif	hori	left	True	69219	69829	left	1	1	27
11	hsz	f	20	1	80	diamond	red	(645, 428)	high	no	no_dis	N	same	hori	left	True	70898	72389	left	1	1	28
11	hsz	f	20	1	80	diamond	red	(645, 428)	high	dis	(533, 540)	N	same	vert	up	True	73512	74101	up	1	1	29
11	hsz	f	20	1	80	circle	red	(645, 428)	high	dis	(724, 619)	N	same	hori	left	True	75318	76029	left	1	1	30
11	hsz	f	20	1	80	diamond	red	(565, 460)	low	dis	(645, 428)	Y	dif	hori	left	True	77175	78996	left	1	1	31
11	hsz	f	20	1	80	diamond	red	(645, 428)	high	dis	(724, 460)	N	same	hori	left	True	80052	81413	left	1	1	32
11	hsz	f	20	1	80	diamond	red	(645, 428)	high	dis	(724, 619)	N	dif	hori	left	True	82646	83477	left	1	1	33
11	hsz	f	20	1	80	diamond	green	(645, 428)	high	dis	(757, 540)	N	dif	hori	left	True	84653	85388	left	1	1	34
11	hsz	f	20	1	80	diamond	green	(645, 428)	high	dis	(645, 652)	N	dif	hori	left	True	86450	86893	left	1	1	35
11	hsz	f	20	1	80	circle	red	(724, 460)	low	dis	(645, 428)	Y	same	vert	up	True	87951	88501	up	1	1	36
11	hsz	f	20	1	80	diamond	green	(645, 428)	high	no	no_dis	N	same	vert	up	True	89505	90676	up	1	1	37
11	hsz	f	20	1	80	diamond	green	(645, 428)	high	dis	(724, 619)	N	dif	vert	up	True	91687	92236	up	1	1	38
11	hsz	f	20	1	80	circle	red	(645, 428)	high	dis	(645, 652)	N	dif	vert	up	True	93391	93892	up	1	1	39
11	hsz	f	20	1	80	diamond	red	(645, 428)	high	dis	(565, 460)	N	dif	vert	up	True	94931	95452	up	1	1	40
11	hsz	f	20	1	80	diamond	green	(645, 428)	high	dis	(565, 460)	N	same	hori	left	True	96508	97180	left	1	1	41
11	hsz	f	20	1	80	circle	red	(724, 460)	low	no	no_dis	N	dif	hori	left	True	98356	100181	left	1	1	42
11	hsz	f	20	1	80	circle	green	(645, 428)	high	dis	(565, 460)	N	dif	hori	left	True	101188	102549	left	1	1	43
11	hsz	f	20	1	80	circle	green	(645, 428)	high	no	no_dis	N	same	hori	left	True	103714	104173	left	1	1	44
11	hsz	f	20	1	80	circle	red	(645, 428)	high	no	no_dis	N	dif	vert	up	True	105234	105941	up	1	1	45
11	hsz	f	20	1	80	diamond	red	(724, 619)	low	dis	(645, 652)	N	same	vert	up	True	107112	107621	left	0	1	46
11	hsz	f	20	1	80	circle	red	(645, 428)	high	no	no_dis	N	dif	vert	up	True	110246	110884	up	1	1	47
11	hsz	f	20	1	80	diamond	green	(645, 428)	high	no	no_dis	N	dif	vert	up	True	111960	112548	up	1	1	48
11	hsz	f	20	1	80	circle	green	(645, 428)	high	dis	(645, 652)	N	dif	vert	up	True	113707	114253	up	1	1	49
11	hsz	f	20	1	80	circle	red	(645, 428)	high	dis	(565, 619)	N	dif	vert	up	True	115329	115821	up	1	1	50
11	hsz	f	20	1	80	circle	red	(645, 652)	low	dis	(645, 428)	Y	dif	vert	up	True	116828	117708	left	0	1	51
11	hsz	f	20	1	80	circle	green	(645, 428)	high	dis	(757, 540)	N	same	vert	up	True	120339	122828	up	1	1	52
11	hsz	f	20	1	80	circle	green	(565, 460)	low	dis	(565, 619)	N	dif	vert	up	True	124017	124773	up	1	1	53
11	hsz	f	20	1	80	diamond	red	(645, 428)	high	no	no_dis	N	same	hori	left	True	125825	126661	left	1	1	54
11	hsz	f	20	1	80	circle	red	(565, 460)	low	no	no_dis	N	same	vert	up	True	127852	129516	up	1	1	55
11	hsz	f	20	1	80	circle	red	(645, 428)	high	dis	(724, 460)	N	same	hori	left	True	130557	131228	left	1	1	56
11	hsz	f	20	1	80	circle	red	(645, 428)	high	no	no_dis	N	same	vert	up	True	132377	132956	up	1	1	57
11	hsz	f	20	1	80	diamond	red	(645, 428)	high	no	no_dis	N	dif	hori	left	True	134025	135748	up	0	1	58
11	hsz	f	20	1	80	circle	green	(645, 428)	high	dis	(645, 652)	N	dif	hori	left	True	138342	138924	left	1	1	59
11	hsz	f	20	1	80	diamond	red	(645, 428)	high	dis	(645, 652)	N	dif	hori	left	True	140127	140941	left	1	1	60
11	hsz	f	20	1	80	diamond	red	(645, 428)	high	dis	(565, 460)	N	same	vert	up	True	141979	142788	up	1	1	61
11	hsz	f	20	1	80	diamond	green	(533, 540)	low	no	no_dis	N	dif	hori	left	True	143941	145309	left	1	1	62
11	hsz	f	20	1	80	circle	green	(645, 428)	high	dis	(565, 619)	N	same	hori	left	True	146328	147140	left	1	1	63
11	hsz	f	20	1	80	diamond	green	(533, 540)	low	dis	(645, 428)	Y	same	vert	up	True	148376	149773	left	0	1	64
11	hsz	f	20	1	80	diamond	red	(645, 428)	high	no	no_dis	N	same	vert	up	True	152377	153548	left	0	1	65
11	hsz	f	20	1	80	diamond	green	(645, 428)	high	dis	(533, 540)	N	dif	vert	up	True	156103	157837	up	1	1	66
11	hsz	f	20	1	80	diamond	green	(645, 428)	high	dis	(757, 540)	N	dif	vert	up	True	158964	159429	up	1	1	67
11	hsz	f	20	1	80	circle	green	(645, 428)	high	dis	(724, 460)	N	dif	hori	left	True	160442	161164	left	1	1	68
11	hsz	f	20	1	80	diamond	red	(645, 428)	high	no	no_dis	N	dif	hori	left	True	162382	163284	left	1	1	69
11	hsz	f	20	1	80	diamond	green	(645, 428)	high	dis	(533, 540)	N	dif	vert	up	True	164344	165501	up	1	1	70
11	hsz	f	20	1	80	diamond	green	(645, 428)	high	dis	(724, 460)	N	dif	hori	left	True	166534	167245	left	1	1	71
11	hsz	f	20	1	80	diamond	red	(645, 428)	high	dis	(533, 540)	N	dif	vert	up	True	168422	169308	up	1	1	72
11	hsz	f	20	1	80	circle	red	(645, 428)	high	dis	(565, 460)	N	same	hori	left	True	170537	171101	left	1	1	73
11	hsz	f	20	1	80	circle	green	(645, 428)	high	dis	(757, 540)	N	dif	vert	up	True	172156	173389	up	1	1	74
11	hsz	f	20	1	80	circle	red	(645, 428)	high	no	no_dis	N	dif	hori	left	True	174546	175069	left	1	1	75
11	hsz	f	20	1	80	diamond	red	(645, 428)	high	dis	(724, 619)	N	dif	vert	up	True	176262	177588	up	1	1	76
11	hsz	f	20	1	80	diamond	green	(645, 428)	high	dis	(533, 540)	N	same	hori	left	True	178737	179588	left	1	1	77
11	hsz	f	20	1	80	circle	red	(645, 428)	high	no	no_dis	N	dif	vert	up	True	180795	181476	up	1	1	78
11	hsz	f	20	1	80	circle	green	(565, 619)	low	no	no_dis	N	same	hori	left	True	182508	183764	left	1	1	79
11	hsz	f	20	1	80	circle	green	(645, 428)	high	no	no_dis	N	same	hori	left	True	184985	185580	left	1	1	80
11	hsz	f	20	1	80	circle	red	(645, 428)	high	no	no_dis	N	same	vert	up	True	186654	187708	up	1	1	81
11	hsz	f	20	1	80	circle	red	(645, 428)	high	dis	(724, 460)	N	dif	vert	up	True	188871	189572	up	1	1	82
11	hsz	f	20	1	80	circle	green	(645, 428)	high	dis	(533, 540)	N	same	vert	up	True	190634	191156	up	1	1	83
11	hsz	f	20	1	80	circle	green	(645, 428)	high	no	no_dis	N	same	hori	left	True	192316	192844	left	1	1	84
11	hsz	f	20	1	80	diamond	green	(645, 428)	high	no	no_dis	N	dif	hori	left	True	193847	194556	left	1	1	85
11	hsz	f	20	1	80	diamond	red	(645, 428)	high	no	no_dis	N	dif	vert	up	True	195680	196237	up	1	1	86
11	hsz	f	20	1	80	diamond	green	(565, 619)	low	dis	(645, 428)	Y	dif	vert	up	True	197248	197868	left	0	1	87
11	hsz	f	20	1	80	diamond	red	(724, 619)	low	dis	(645, 428)	Y	same	hori	left	True	200564	201373	left	1	1	88
11	hsz	f	20	1	80	circle	red	(645, 428)	high	dis	(757, 540)	N	same	hori	left	True	202612	203133	left	1	1	89
11	hsz	f	20	1	80	diamond	green	(645, 428)	high	dis	(724, 460)	N	dif	hori	left	True	204310	205149	left	1	1	90
11	hsz	f	20	1	80	circle	red	(565, 619)	low	dis	(645, 428)	Y	dif	hori	left	True	206300	207084	up	0	1	91
11	hsz	f	20	1	80	circle	red	(645, 428)	high	dis	(724, 460)	N	same	hori	left	True	209706	210301	left	1	1	92
11	hsz	f	20	1	80	circle	green	(645, 428)	high	dis	(724, 460)	N	same	vert	up	True	211466	212677	up	1	1	93
11	hsz	f	20	1	80	circle	green	(645, 428)	high	dis	(757, 540)	N	same	hori	left	True	213836	214549	left	1	1	94
11	hsz	f	20	1	80	diamond	green	(645, 428)	high	dis	(565, 460)	N	dif	vert	up	True	215578	216381	up	1	1	95
11	hsz	f	20	1	80	circle	green	(645, 428)	high	dis	(565, 619)	N	same	vert	up	True	217465	218188	up	1	1	96
11	hsz	f	20	1	80	diamond	red	(724, 619)	low	no	no_dis	N	dif	vert	up	True	219388	220005	up	1	1	97
11	hsz	f	20	1	80	circle	red	(645, 428)	high	no	no_dis	N	dif	hori	left	True	221038	221653	left	1	1	98
11	hsz	f	20	1	80	circle	red	(645, 428)	high	dis	(645, 652)	N	dif	hori	left	True	222724	223484	left	1	1	99
11	hsz	f	20	1	80	circle	green	(645, 428)	high	no	no_dis	N	same	vert	up	True	224638	225428	up	1	1	100
11	hsz	f	20	1	80	diamond	green	(645, 428)	high	no	no_dis	N	same	hori	left	True	226675	227501	left	1	1	101
11	hsz	f	20	1	80	circle	green	(645, 428)	high	no	no_dis	N	dif	hori	left	True	228624	229580	left	1	1	102
11	hsz	f	20	1	80	circle	red	(645, 428)	high	no	no_dis	N	same	vert	up	True	230603	231292	up	1	1	103
11	hsz	f	20	1	80	circle	red	(645, 428)	high	dis	(724, 619)	N	dif	hori	left	True	232468	233213	left	1	1	104
11	hsz	f	20	1	80	diamond	green	(565, 460)	low	dis	(533, 540)	N	same	hori	left	True	234223	236493	left	1	1	105
11	hsz	f	20	1	80	circle	red	(645, 428)	high	dis	(565, 619)	N	same	vert	up	True	237610	238349	up	1	1	106
11	hsz	f	20	1	80	diamond	green	(645, 428)	high	no	no_dis	N	dif	vert	up	True	239457	240372	up	1	1	107
11	hsz	f	20	1	80	circle	red	(645, 428)	high	dis	(565, 460)	N	same	hori	left	True	241390	242605	left	1	1	108
11	hsz	f	20	1	80	diamond	red	(645, 428)	high	dis	(645, 652)	N	same	hori	left	True	243775	245269	left	1	1	109
11	hsz	f	20	1	80	circle	green	(645, 652)	low	dis	(724, 460)	N	same	hori	left	True	246340	248101	left	1	1	110
11	hsz	f	20	1	80	circle	green	(724, 460)	low	dis	(645, 428)	Y	dif	vert	up	True	249219	250317	up	1	1	111
11	hsz	f	20	1	80	circle	green	(645, 428)	high	no	no_dis	N	dif	hori	left	True	251363	252532	left	1	1	112
11	hsz	f	20	1	80	circle	red	(645, 428)	high	dis	(757, 540)	N	dif	vert	up	True	253545	255277	up	1	1	113
11	hsz	f	20	1	80	circle	green	(724, 460)	low	no	no_dis	N	same	hori	left	True	256357	257341	left	1	1	114
11	hsz	f	20	1	80	diamond	green	(645, 428)	high	dis	(757, 540)	N	dif	hori	left	True	258524	260100	left	1	1	115
11	hsz	f	20	1	80	diamond	red	(645, 428)	high	dis	(533, 540)	N	same	vert	up	True	261154	262428	up	1	1	116
11	hsz	f	20	1	80	diamond	green	(645, 652)	low	no	no_dis	N	dif	vert	up	True	263598	265077	up	1	1	117
11	hsz	f	20	1	80	diamond	green	(757, 540)	low	dis	(565, 460)	N	dif	hori	left	True	266169	267036	left	1	1	118
11	hsz	f	20	1	80	diamond	red	(645, 428)	high	dis	(724, 619)	N	same	hori	left	True	268270	269213	up	0	1	119
11	hsz	f	20	1	80	diamond	red	(757, 540)	low	no	no_dis	N	same	vert	up	True	271740	272685	up	1	1	120
11	hsz	f	20	1	80	circle	green	(645, 428)	high	no	no_dis	N	dif	hori	left	True	311575	312356	left	1	2	1
11	hsz	f	20	1	80	diamond	green	(724, 460)	low	no	no_dis	N	same	vert	up	True	313518	314868	up	1	2	2
11	hsz	f	20	1	80	diamond	green	(645, 428)	high	no	no_dis	N	same	vert	up	True	316105	316701	up	1	2	3
11	hsz	f	20	1	80	circle	green	(645, 428)	high	dis	(533, 540)	N	same	vert	up	True	317881	319389	up	1	2	4
11	hsz	f	20	1	80	circle	green	(645, 428)	high	dis	(724, 619)	N	dif	hori	left	True	320476	321285	left	1	2	5
11	hsz	f	20	1	80	diamond	red	(645, 428)	high	dis	(645, 652)	N	dif	vert	up	True	322475	323565	up	1	2	6
11	hsz	f	20	1	80	circle	green	(645, 652)	low	dis	(724, 460)	N	same	vert	up	True	324610	325532	up	1	2	7
11	hsz	f	20	1	80	circle	red	(645, 428)	high	dis	(757, 540)	N	same	vert	up	True	326779	327365	up	1	2	8
11	hsz	f	20	1	80	circle	red	(645, 428)	high	dis	(757, 540)	N	dif	hori	left	True	328549	329148	left	1	2	9
11	hsz	f	20	1	80	circle	green	(645, 428)	high	dis	(724, 619)	N	dif	hori	left	True	330311	330997	left	1	2	10
11	hsz	f	20	1	80	diamond	red	(645, 428)	high	dis	(724, 460)	N	dif	hori	left	True	332023	333596	left	1	2	11
11	hsz	f	20	1	80	diamond	red	(645, 428)	high	dis	(645, 652)	N	dif	hori	left	True	334629	335468	left	1	2	12
11	hsz	f	20	1	80	circle	red	(645, 428)	high	no	no_dis	N	dif	hori	left	True	336593	337413	left	1	2	13
11	hsz	f	20	1	80	circle	green	(645, 428)	high	dis	(757, 540)	N	same	hori	left	True	338522	339252	left	1	2	14
11	hsz	f	20	1	80	diamond	red	(645, 428)	high	no	no_dis	N	same	hori	left	True	340417	341061	up	0	2	15
11	hsz	f	20	1	80	diamond	red	(645, 428)	high	dis	(565, 460)	N	same	hori	left	True	343588	344388	left	1	2	16
11	hsz	f	20	1	80	diamond	green	(565, 460)	low	no	no_dis	N	dif	vert	up	True	345556	347884	up	1	2	17
11	hsz	f	20	1	80	circle	red	(645, 428)	high	no	no_dis	N	dif	hori	left	True	348898	349604	left	1	2	18
11	hsz	f	20	1	80	circle	red	(565, 619)	low	no	no_dis	N	dif	hori	left	True	350726	352564	left	1	2	19
11	hsz	f	20	1	80	diamond	green	(645, 428)	high	dis	(565, 460)	N	dif	vert	up	True	353698	355372	up	1	2	20
11	hsz	f	20	1	80	diamond	green	(645, 428)	high	dis	(724, 460)	N	same	vert	up	True	356553	357437	up	1	2	21
11	hsz	f	20	1	80	circle	green	(645, 428)	high	dis	(533, 540)	N	same	vert	up	True	358455	360092	up	1	2	22
11	hsz	f	20	1	80	circle	green	(645, 428)	high	dis	(565, 460)	N	same	vert	up	True	361275	362869	up	1	2	23
11	hsz	f	20	1	80	diamond	green	(645, 428)	high	dis	(565, 619)	N	same	hori	left	True	364016	365820	left	1	2	24
11	hsz	f	20	1	80	diamond	green	(645, 428)	high	no	no_dis	N	same	hori	left	True	366999	367676	left	1	2	25
11	hsz	f	20	1	80	diamond	green	(645, 428)	high	dis	(645, 652)	N	same	hori	left	True	368814	369500	left	1	2	26
11	hsz	f	20	1	80	diamond	green	(645, 428)	high	dis	(757, 540)	N	dif	vert	up	True	370534	371189	up	1	2	27
11	hsz	f	20	1	80	circle	red	(645, 428)	high	dis	(533, 540)	N	same	vert	up	True	372343	373972	up	1	2	28
11	hsz	f	20	1	80	diamond	green	(645, 428)	high	dis	(565, 460)	N	dif	vert	up	True	375067	375868	up	1	2	29
11	hsz	f	20	1	80	diamond	red	(565, 460)	low	dis	(645, 428)	Y	dif	vert	up	True	377026	377740	left	0	2	30
11	hsz	f	20	1	80	circle	green	(645, 428)	high	dis	(757, 540)	N	dif	hori	left	True	380331	382348	left	1	2	31
11	hsz	f	20	1	80	circle	red	(645, 428)	high	dis	(565, 619)	N	same	vert	up	True	383374	384244	up	1	2	32
11	hsz	f	20	1	80	circle	green	(724, 460)	low	dis	(645, 652)	N	dif	vert	up	True	385337	386685	up	1	2	33
11	hsz	f	20	1	80	diamond	green	(645, 428)	high	dis	(724, 619)	N	same	hori	left	True	387765	388412	left	1	2	34
11	hsz	f	20	1	80	circle	red	(645, 428)	high	no	no_dis	N	same	hori	left	True	389445	390037	left	1	2	35
11	hsz	f	20	1	80	circle	red	(645, 428)	high	no	no_dis	N	dif	hori	left	True	391260	391868	left	1	2	36
11	hsz	f	20	1	80	circle	green	(533, 540)	low	no	no_dis	N	same	hori	left	True	393029	393605	up	0	2	37
11	hsz	f	20	1	80	circle	red	(645, 428)	high	dis	(533, 540)	N	dif	vert	up	True	396253	398389	up	1	2	38
11	hsz	f	20	1	80	circle	green	(645, 428)	high	dis	(533, 540)	N	same	vert	up	True	399479	400196	up	1	2	39
11	hsz	f	20	1	80	diamond	green	(645, 428)	high	no	no_dis	N	same	hori	left	True	401262	401917	left	1	2	40
11	hsz	f	20	1	80	circle	green	(645, 428)	high	no	no_dis	N	dif	hori	left	True	403164	403828	left	1	2	41
11	hsz	f	20	1	80	circle	red	(645, 428)	high	dis	(724, 619)	N	same	hori	left	True	405062	406052	left	1	2	42
11	hsz	f	20	1	80	circle	green	(645, 428)	high	dis	(724, 460)	N	same	hori	left	True	407275	407788	left	1	2	43
11	hsz	f	20	1	80	diamond	red	(645, 428)	high	dis	(724, 619)	N	same	vert	up	True	408871	409852	up	1	2	44
11	hsz	f	20	1	80	circle	green	(645, 428)	high	no	no_dis	N	dif	hori	left	True	410960	411660	left	1	2	45
11	hsz	f	20	1	80	circle	green	(645, 428)	high	no	no_dis	N	dif	vert	up	True	412774	414404	up	1	2	46
11	hsz	f	20	1	80	diamond	red	(645, 428)	high	dis	(565, 460)	N	dif	vert	up	True	415512	416660	up	1	2	47
11	hsz	f	20	1	80	circle	green	(645, 428)	high	dis	(757, 540)	N	dif	vert	up	True	417793	419005	up	1	2	48
11	hsz	f	20	1	80	diamond	red	(645, 428)	high	no	no_dis	N	dif	vert	up	True	420127	420716	up	1	2	49
11	hsz	f	20	1	80	circle	red	(645, 428)	high	dis	(565, 619)	N	same	hori	left	True	421924	422620	left	1	2	50
11	hsz	f	20	1	80	diamond	green	(645, 428)	high	dis	(565, 619)	N	same	hori	left	True	423661	424637	left	1	2	51
11	hsz	f	20	1	80	diamond	green	(645, 428)	high	dis	(724, 619)	N	same	hori	left	True	425691	426669	left	1	2	52
11	hsz	f	20	1	80	circle	red	(645, 428)	high	dis	(565, 460)	N	dif	hori	left	True	427786	428581	left	1	2	53
11	hsz	f	20	1	80	diamond	green	(565, 619)	low	dis	(533, 540)	N	dif	vert	up	True	429806	431341	up	1	2	54
11	hsz	f	20	1	80	diamond	green	(645, 428)	high	dis	(565, 619)	N	dif	hori	left	True	432415	433428	left	1	2	55
11	hsz	f	20	1	80	circle	green	(645, 428)	high	no	no_dis	N	same	vert	up	True	434505	435732	up	1	2	56
11	hsz	f	20	1	80	circle	red	(645, 428)	high	dis	(533, 540)	N	dif	hori	left	True	436878	437636	left	1	2	57
11	hsz	f	20	1	80	circle	red	(724, 619)	low	no	no_dis	N	dif	vert	up	True	438661	440117	left	0	2	58
11	hsz	f	20	1	80	diamond	red	(645, 428)	high	dis	(645, 652)	N	same	hori	left	True	442678	443765	left	1	2	59
11	hsz	f	20	1	80	diamond	green	(645, 428)	high	no	no_dis	N	dif	vert	up	True	444860	446476	up	1	2	60
11	hsz	f	20	1	80	diamond	red	(645, 428)	high	no	no_dis	N	dif	hori	left	True	447673	448492	left	1	2	61
11	hsz	f	20	1	80	circle	red	(645, 652)	low	dis	(645, 428)	Y	same	vert	up	True	449720	451805	up	1	2	62
11	hsz	f	20	1	80	diamond	green	(565, 619)	low	dis	(565, 460)	N	dif	hori	left	True	453017	455285	left	1	2	63
11	hsz	f	20	1	80	diamond	red	(645, 428)	high	dis	(565, 619)	N	same	vert	up	True	456382	457557	up	1	2	64
11	hsz	f	20	1	80	diamond	red	(645, 428)	high	dis	(533, 540)	N	dif	hori	left	True	458618	459605	left	1	2	65
11	hsz	f	20	1	80	circle	green	(645, 428)	high	no	no_dis	N	dif	vert	up	True	460841	461788	up	1	2	66
11	hsz	f	20	1	80	diamond	red	(724, 619)	low	dis	(645, 428)	Y	same	hori	left	True	462955	464436	left	1	2	67
11	hsz	f	20	1	80	diamond	red	(645, 428)	high	dis	(565, 460)	N	same	vert	up	True	465505	467028	up	1	2	68
11	hsz	f	20	1	80	circle	red	(757, 540)	low	dis	(645, 428)	Y	dif	hori	left	True	468038	469077	left	1	2	69
11	hsz	f	20	1	80	circle	green	(565, 460)	low	dis	(645, 428)	Y	dif	hori	left	True	470261	471732	left	1	2	70
11	hsz	f	20	1	80	diamond	red	(645, 428)	high	dis	(724, 460)	N	same	vert	up	True	472963	474876	up	1	2	71
11	hsz	f	20	1	80	circle	red	(645, 428)	high	dis	(724, 460)	N	same	hori	left	True	475924	477588	left	1	2	72
11	hsz	f	20	1	80	circle	red	(645, 428)	high	dis	(645, 652)	N	dif	vert	up	True	478627	480932	up	1	2	73
11	hsz	f	20	1	80	circle	red	(645, 428)	high	no	no_dis	N	same	vert	up	True	481968	483044	up	1	2	74
11	hsz	f	20	1	80	diamond	green	(645, 428)	high	no	no_dis	N	same	hori	left	True	484243	485852	left	1	2	75
11	hsz	f	20	1	80	circle	green	(645, 428)	high	dis	(724, 619)	N	dif	vert	up	True	486923	488269	up	1	2	76
11	hsz	f	20	1	80	diamond	red	(645, 428)	high	no	no_dis	N	dif	vert	up	True	489467	490548	up	1	2	77
11	hsz	f	20	1	80	diamond	green	(645, 428)	high	no	no_dis	N	same	hori	left	True	491575	492324	left	1	2	78
11	hsz	f	20	1	80	circle	green	(645, 428)	high	dis	(757, 540)	N	same	vert	up	True	493487	494629	up	1	2	79
11	hsz	f	20	1	80	diamond	red	(533, 540)	low	dis	(565, 619)	N	same	hori	left	True	495818	497701	left	1	2	80
11	hsz	f	20	1	80	circle	green	(645, 428)	high	dis	(645, 652)	N	dif	hori	left	True	498881	500116	left	1	2	81
11	hsz	f	20	1	80	diamond	green	(645, 428)	high	no	no_dis	N	dif	vert	up	True	501247	502108	up	1	2	82
11	hsz	f	20	1	80	diamond	red	(645, 428)	high	no	no_dis	N	same	hori	left	True	503325	503996	left	1	2	83
11	hsz	f	20	1	80	diamond	green	(645, 428)	high	dis	(533, 540)	N	same	hori	left	True	505081	506109	left	1	2	84
11	hsz	f	20	1	80	circle	red	(724, 460)	low	dis	(757, 540)	N	same	vert	up	True	507209	509236	up	1	2	85
11	hsz	f	20	1	80	circle	green	(724, 619)	low	dis	(645, 428)	Y	dif	vert	up	True	510400	511461	left	0	2	86
11	hsz	f	20	1	80	diamond	red	(645, 428)	high	no	no_dis	N	same	vert	up	True	514197	515213	up	1	2	87
11	hsz	f	20	1	80	circle	green	(645, 428)	high	no	no_dis	N	same	vert	up	True	516249	517717	up	1	2	88
11	hsz	f	20	1	80	diamond	red	(645, 428)	high	dis	(533, 540)	N	dif	vert	up	True	518890	519628	up	1	2	89
11	hsz	f	20	1	80	diamond	green	(645, 428)	high	dis	(724, 619)	N	same	vert	up	True	520791	521349	up	1	2	90
11	hsz	f	20	1	80	diamond	red	(645, 428)	high	dis	(724, 619)	N	same	hori	left	True	522509	523236	left	1	2	91
11	hsz	f	20	1	80	circle	red	(645, 428)	high	dis	(757, 540)	N	dif	hori	left	True	524262	526052	left	1	2	92
11	hsz	f	20	1	80	circle	red	(645, 428)	high	no	no_dis	N	same	hori	left	True	527205	528156	left	1	2	93
11	hsz	f	20	1	80	diamond	red	(645, 428)	high	dis	(565, 619)	N	dif	hori	left	True	529230	530412	left	1	2	94
11	hsz	f	20	1	80	diamond	red	(565, 619)	low	no	no_dis	N	same	vert	up	True	531469	533308	up	1	2	95
11	hsz	f	20	1	80	circle	green	(757, 540)	low	no	no_dis	N	dif	hori	left	True	534333	535292	left	1	2	96
11	hsz	f	20	1	80	circle	green	(645, 428)	high	no	no_dis	N	dif	vert	up	True	536333	537405	up	1	2	97
11	hsz	f	20	1	80	circle	red	(645, 428)	high	no	no_dis	N	same	vert	up	True	538453	539093	up	1	2	98
11	hsz	f	20	1	80	circle	red	(645, 428)	high	dis	(724, 460)	N	dif	hori	left	True	540289	542029	left	1	2	99
11	hsz	f	20	1	80	circle	red	(645, 428)	high	no	no_dis	N	dif	hori	left	True	543203	544044	left	1	2	100
11	hsz	f	20	1	80	diamond	green	(645, 428)	high	dis	(565, 619)	N	dif	vert	up	True	545077	546204	up	1	2	101
11	hsz	f	20	1	80	diamond	red	(645, 428)	high	dis	(645, 652)	N	dif	vert	up	True	547328	548124	up	1	2	102
11	hsz	f	20	1	80	circle	red	(565, 619)	low	dis	(645, 428)	Y	dif	hori	left	True	549326	550956	left	1	2	103
11	hsz	f	20	1	80	circle	green	(645, 428)	high	dis	(645, 652)	N	dif	vert	up	True	552164	553948	up	1	2	104
11	hsz	f	20	1	80	circle	red	(645, 428)	high	dis	(724, 460)	N	same	vert	up	True	555161	556364	up	1	2	105
11	hsz	f	20	1	80	diamond	green	(645, 428)	high	no	no_dis	N	same	vert	up	True	557516	558660	up	1	2	106
11	hsz	f	20	1	80	diamond	green	(645, 428)	high	dis	(724, 619)	N	dif	vert	up	True	559811	560804	up	1	2	107
11	hsz	f	20	1	80	diamond	red	(645, 652)	low	no	no_dis	N	same	hori	left	True	561859	562933	left	1	2	108
11	hsz	f	20	1	80	diamond	green	(645, 428)	high	dis	(565, 619)	N	dif	hori	left	True	564022	565092	left	1	2	109
11	hsz	f	20	1	80	circle	green	(645, 428)	high	dis	(724, 460)	N	dif	vert	up	True	566255	567340	up	1	2	110
11	hsz	f	20	1	80	diamond	green	(757, 540)	low	dis	(645, 428)	Y	same	hori	left	True	568394	569908	left	1	2	111
11	hsz	f	20	1	80	circle	green	(645, 428)	high	dis	(724, 460)	N	same	hori	left	True	571010	572773	left	1	2	112
11	hsz	f	20	1	80	circle	red	(645, 428)	high	dis	(645, 652)	N	same	hori	left	True	573926	575956	up	0	2	113
11	hsz	f	20	1	80	diamond	green	(645, 428)	high	dis	(565, 460)	N	dif	vert	up	True	578522	580836	up	1	2	114
11	hsz	f	20	1	80	diamond	red	(645, 428)	high	no	no_dis	N	same	vert	up	True	582039	582740	up	1	2	115
11	hsz	f	20	1	80	diamond	red	(645, 428)	high	no	no_dis	N	dif	vert	up	True	583864	584324	up	1	2	116
11	hsz	f	20	1	80	circle	red	(645, 428)	high	dis	(757, 540)	N	same	vert	up	True	585573	587364	up	1	2	117
11	hsz	f	20	1	80	diamond	red	(724, 619)	low	dis	(645, 428)	Y	same	vert	up	True	588473	590204	up	1	2	118
11	hsz	f	20	1	80	diamond	green	(533, 540)	low	dis	(645, 428)	Y	same	hori	left	True	591370	592236	left	1	2	119
11	hsz	f	20	1	80	diamond	red	(645, 428)	high	dis	(565, 460)	N	dif	hori	left	True	593275	594413	left	1	2	120
11	hsz	f	20	1	80	diamond	red	(645, 428)	high	dis	(724, 619)	N	dif	hori	left	True	629220	630308	up	0	3	1
11	hsz	f	20	1	80	circle	green	(645, 428)	high	dis	(533, 540)	N	dif	hori	left	True	632866	633940	left	1	3	2
11	hsz	f	20	1	80	diamond	red	(645, 428)	high	no	no_dis	N	dif	vert	up	True	634977	635900	up	1	3	3
11	hsz	f	20	1	80	circle	red	(645, 428)	high	dis	(757, 540)	N	dif	hori	left	True	636921	638117	left	1	3	4
11	hsz	f	20	1	80	circle	red	(645, 428)	high	no	no_dis	N	dif	hori	left	True	639356	640125	left	1	3	5
11	hsz	f	20	1	80	circle	green	(645, 428)	high	dis	(565, 460)	N	same	vert	up	True	641352	642140	up	1	3	6
11	hsz	f	20	1	80	diamond	green	(645, 428)	high	no	no_dis	N	dif	hori	left	True	643264	643924	left	1	3	7
11	hsz	f	20	1	80	diamond	green	(645, 428)	high	dis	(645, 652)	N	dif	vert	up	True	644954	645628	up	1	3	8
11	hsz	f	20	1	80	diamond	red	(645, 428)	high	dis	(565, 619)	N	same	hori	left	True	646843	647500	left	1	3	9
11	hsz	f	20	1	80	circle	red	(645, 428)	high	dis	(724, 619)	N	dif	vert	up	True	648540	649292	up	1	3	10
11	hsz	f	20	1	80	circle	green	(645, 428)	high	dis	(645, 652)	N	dif	vert	up	True	650430	650980	up	1	3	11
11	hsz	f	20	1	80	diamond	green	(565, 619)	low	dis	(565, 460)	N	same	hori	left	True	652086	653124	left	1	3	12
11	hsz	f	20	1	80	circle	green	(645, 428)	high	dis	(565, 619)	N	dif	hori	left	True	654225	655404	left	1	3	13
11	hsz	f	20	1	80	diamond	green	(533, 540)	low	dis	(645, 428)	Y	dif	vert	up	True	656514	657340	left	0	3	14
11	hsz	f	20	1	80	diamond	red	(645, 428)	high	no	no_dis	N	same	hori	left	True	660011	662388	left	1	3	15
11	hsz	f	20	1	80	diamond	green	(645, 428)	high	dis	(757, 540)	N	dif	vert	up	True	663482	664220	up	1	3	16
11	hsz	f	20	1	80	circle	green	(645, 428)	high	dis	(757, 540)	N	same	vert	up	True	665350	666621	up	1	3	17
11	hsz	f	20	1	80	diamond	red	(533, 540)	low	dis	(645, 428)	Y	same	vert	up	True	667737	669316	up	1	3	18
11	hsz	f	20	1	80	circle	green	(645, 428)	high	no	no_dis	N	same	hori	left	True	670391	671117	left	1	3	19
11	hsz	f	20	1	80	circle	red	(645, 428)	high	dis	(724, 460)	N	same	hori	left	True	672228	672852	left	1	3	20
11	hsz	f	20	1	80	diamond	green	(645, 428)	high	no	no_dis	N	same	hori	left	True	673906	674748	left	1	3	21
11	hsz	f	20	1	80	circle	red	(645, 428)	high	dis	(724, 619)	N	dif	hori	left	True	675824	676388	left	1	3	22
11	hsz	f	20	1	80	diamond	red	(645, 428)	high	no	no_dis	N	same	hori	left	True	677409	678596	left	1	3	23
11	hsz	f	20	1	80	circle	green	(645, 652)	low	dis	(645, 428)	Y	same	hori	left	True	679712	680268	left	1	3	24
11	hsz	f	20	1	80	diamond	green	(645, 428)	high	dis	(565, 460)	N	same	hori	left	True	681378	683412	left	1	3	25
11	hsz	f	20	1	80	diamond	red	(645, 428)	high	dis	(645, 652)	N	same	hori	left	True	684452	685260	left	1	3	26
11	hsz	f	20	1	80	diamond	red	(724, 619)	low	dis	(724, 460)	N	same	hori	left	True	686464	687724	left	1	3	27
11	hsz	f	20	1	80	circle	red	(645, 428)	high	no	no_dis	N	dif	vert	up	True	688950	690692	up	1	3	28
11	hsz	f	20	1	80	circle	green	(645, 428)	high	no	no_dis	N	dif	vert	up	True	691814	692325	up	1	3	29
11	hsz	f	20	1	80	circle	green	(645, 428)	high	dis	(724, 460)	N	same	hori	left	True	693372	694812	left	1	3	30
11	hsz	f	20	1	80	diamond	green	(645, 428)	high	dis	(565, 619)	N	dif	vert	up	True	695958	696572	up	1	3	31
11	hsz	f	20	1	80	circle	green	(645, 428)	high	no	no_dis	N	same	vert	up	True	697629	698148	up	1	3	32
11	hsz	f	20	1	80	circle	red	(645, 428)	high	no	no_dis	N	same	vert	up	True	699238	699780	up	1	3	33
11	hsz	f	20	1	80	circle	red	(645, 428)	high	dis	(757, 540)	N	dif	hori	left	True	700853	701748	left	1	3	34
11	hsz	f	20	1	80	diamond	green	(645, 428)	high	dis	(724, 460)	N	same	vert	up	True	702889	704180	up	1	3	35
11	hsz	f	20	1	80	circle	green	(645, 428)	high	dis	(724, 619)	N	dif	vert	up	True	705191	705764	up	1	3	36
11	hsz	f	20	1	80	circle	red	(645, 428)	high	dis	(645, 652)	N	same	vert	up	True	706916	707420	up	1	3	37
11	hsz	f	20	1	80	diamond	red	(645, 652)	low	no	no_dis	N	same	hori	left	True	708471	709436	left	1	3	38
11	hsz	f	20	1	80	diamond	green	(645, 428)	high	no	no_dis	N	same	hori	left	True	710570	711220	left	1	3	39
11	hsz	f	20	1	80	circle	red	(645, 428)	high	dis	(724, 460)	N	dif	hori	left	True	712462	713588	left	1	3	40
11	hsz	f	20	1	80	diamond	green	(645, 428)	high	dis	(533, 540)	N	same	vert	up	True	714637	715220	up	1	3	41
11	hsz	f	20	1	80	diamond	red	(645, 428)	high	dis	(724, 460)	N	dif	hori	left	True	716407	717084	left	1	3	42
11	hsz	f	20	1	80	circle	green	(645, 428)	high	dis	(724, 619)	N	dif	vert	up	True	718204	719764	up	1	3	43
11	hsz	f	20	1	80	circle	green	(724, 619)	low	dis	(645, 428)	Y	dif	hori	left	True	720961	722180	left	1	3	44
11	hsz	f	20	1	80	diamond	red	(645, 428)	high	no	no_dis	N	same	vert	up	True	723183	723804	up	1	3	45
11	hsz	f	20	1	80	diamond	red	(645, 428)	high	no	no_dis	N	same	hori	left	True	725044	725660	left	1	3	46
11	hsz	f	20	1	80	circle	red	(645, 428)	high	dis	(724, 460)	N	dif	hori	left	True	726807	727292	left	1	3	47
11	hsz	f	20	1	80	circle	green	(565, 460)	low	dis	(645, 428)	Y	dif	vert	up	True	728352	730220	up	1	3	48
11	hsz	f	20	1	80	circle	red	(645, 428)	high	dis	(565, 619)	N	same	vert	up	True	731445	732268	up	1	3	49
11	hsz	f	20	1	80	diamond	green	(645, 428)	high	no	no_dis	N	dif	hori	left	True	733423	734028	left	1	3	50
11	hsz	f	20	1	80	circle	green	(645, 428)	high	dis	(757, 540)	N	same	vert	up	True	735252	736028	up	1	3	51
11	hsz	f	20	1	80	diamond	green	(645, 428)	high	dis	(645, 652)	N	dif	hori	left	True	737038	737669	left	1	3	52
11	hsz	f	20	1	80	circle	red	(645, 428)	high	no	no_dis	N	dif	hori	left	True	738905	739732	left	1	3	53
11	hsz	f	20	1	80	circle	red	(645, 428)	high	dis	(565, 460)	N	same	vert	up	True	740755	742764	up	1	3	54
11	hsz	f	20	1	80	diamond	red	(565, 460)	low	dis	(645, 428)	Y	same	hori	left	True	743912	745708	left	1	3	55
11	hsz	f	20	1	80	circle	red	(645, 428)	high	no	no_dis	N	same	vert	up	True	746872	747668	up	1	3	56
11	hsz	f	20	1	80	diamond	red	(645, 428)	high	dis	(565, 619)	N	dif	hori	left	True	748890	749916	left	1	3	57
11	hsz	f	20	1	80	diamond	green	(645, 428)	high	dis	(533, 540)	N	same	hori	left	True	750964	751500	left	1	3	58
11	hsz	f	20	1	80	diamond	green	(645, 428)	high	no	no_dis	N	same	vert	up	True	752620	753292	up	1	3	59
11	hsz	f	20	1	80	diamond	red	(645, 428)	high	dis	(533, 540)	N	same	hori	left	True	754464	755060	left	1	3	60
11	hsz	f	20	1	80	diamond	green	(645, 428)	high	dis	(565, 619)	N	dif	vert	up	True	756185	757228	up	1	3	61
11	hsz	f	20	1	80	circle	green	(645, 428)	high	dis	(565, 619)	N	same	vert	up	True	758419	759772	up	1	3	62
11	hsz	f	20	1	80	diamond	green	(645, 428)	high	no	no_dis	N	dif	vert	up	True	760905	761644	up	1	3	63
11	hsz	f	20	1	80	diamond	red	(645, 428)	high	dis	(757, 540)	N	same	hori	left	True	762821	763540	left	1	3	64
11	hsz	f	20	1	80	circle	green	(645, 428)	high	dis	(724, 619)	N	same	vert	up	True	764686	765572	up	1	3	65
11	hsz	f	20	1	80	circle	green	(645, 428)	high	no	no_dis	N	dif	hori	left	True	766625	768388	left	1	3	66
11	hsz	f	20	1	80	diamond	red	(645, 428)	high	dis	(565, 460)	N	same	vert	up	True	769594	770756	up	1	3	67
11	hsz	f	20	1	80	diamond	red	(645, 428)	high	no	no_dis	N	same	vert	up	True	771946	772532	up	1	3	68
11	hsz	f	20	1	80	circle	red	(565, 619)	low	dis	(645, 428)	Y	dif	hori	left	True	773584	774092	up	0	3	69
11	hsz	f	20	1	80	circle	red	(757, 540)	low	dis	(645, 428)	Y	same	vert	up	True	776775	778205	left	0	3	70
11	hsz	f	20	1	80	circle	green	(645, 428)	high	dis	(565, 460)	N	dif	vert	up	True	780728	781756	up	1	3	71
11	hsz	f	20	1	80	diamond	red	(724, 619)	low	dis	(645, 652)	N	dif	vert	up	True	782827	783972	up	1	3	72
11	hsz	f	20	1	80	diamond	red	(645, 428)	high	dis	(533, 540)	N	dif	vert	up	True	785190	786148	up	1	3	73
11	hsz	f	20	1	80	circle	green	(645, 428)	high	dis	(724, 619)	N	dif	hori	left	True	787328	788044	left	1	3	74
11	hsz	f	20	1	80	diamond	green	(645, 428)	high	dis	(645, 652)	N	dif	hori	left	True	789239	790612	left	1	3	75
11	hsz	f	20	1	80	circle	red	(533, 540)	low	no	no_dis	N	dif	hori	left	True	791632	792612	left	1	3	76
11	hsz	f	20	1	80	diamond	green	(565, 460)	low	no	no_dis	N	same	vert	up	True	793835	795021	left	0	3	77
11	hsz	f	20	1	80	circle	green	(724, 460)	low	dis	(645, 428)	Y	dif	hori	left	True	797619	798244	up	0	3	78
11	hsz	f	20	1	80	circle	green	(645, 428)	high	no	no_dis	N	dif	vert	up	True	800777	801396	up	1	3	79
11	hsz	f	20	1	80	circle	red	(724, 460)	low	no	no_dis	N	dif	vert	up	True	802455	803300	up	1	3	80
11	hsz	f	20	1	80	diamond	green	(757, 540)	low	dis	(645, 428)	Y	same	vert	up	True	804303	805460	up	1	3	81
11	hsz	f	20	1	80	diamond	green	(565, 619)	low	dis	(724, 619)	N	dif	hori	left	True	806686	807612	left	1	3	82
11	hsz	f	20	1	80	circle	red	(645, 428)	high	no	no_dis	N	dif	vert	up	True	808625	809764	up	1	3	83
11	hsz	f	20	1	80	diamond	green	(645, 428)	high	dis	(645, 652)	N	same	vert	up	True	810845	812036	up	1	3	84
11	hsz	f	20	1	80	circle	green	(645, 428)	high	dis	(565, 460)	N	dif	hori	left	True	813077	814500	left	1	3	85
11	hsz	f	20	1	80	circle	green	(645, 428)	high	no	no_dis	N	same	hori	left	True	815708	816364	left	1	3	86
11	hsz	f	20	1	80	circle	red	(645, 428)	high	no	no_dis	N	same	vert	up	True	817407	818420	up	1	3	87
11	hsz	f	20	1	80	diamond	red	(645, 428)	high	dis	(724, 619)	N	same	hori	left	True	819608	820349	left	1	3	88
11	hsz	f	20	1	80	diamond	red	(645, 428)	high	dis	(565, 619)	N	same	vert	up	True	821540	822396	up	1	3	89
11	hsz	f	20	1	80	circle	green	(724, 619)	low	no	no_dis	N	dif	hori	left	True	823570	824412	left	1	3	90
11	hsz	f	20	1	80	diamond	green	(645, 428)	high	dis	(565, 619)	N	same	hori	left	True	825584	826572	left	1	3	91
11	hsz	f	20	1	80	diamond	red	(645, 428)	high	dis	(724, 619)	N	dif	vert	up	True	827762	829076	up	1	3	92
11	hsz	f	20	1	80	diamond	red	(645, 428)	high	no	no_dis	N	dif	vert	up	True	830078	830684	up	1	3	93
11	hsz	f	20	1	80	diamond	green	(645, 428)	high	dis	(533, 540)	N	same	hori	left	True	831735	832476	left	1	3	94
11	hsz	f	20	1	80	circle	red	(645, 428)	high	dis	(645, 652)	N	same	hori	left	True	833724	834684	left	1	3	95
11	hsz	f	20	1	80	diamond	green	(645, 428)	high	no	no_dis	N	dif	hori	left	True	835771	836684	left	1	3	96
11	hsz	f	20	1	80	circle	green	(645, 428)	high	no	no_dis	N	same	vert	up	True	837878	838516	left	0	3	97
11	hsz	f	20	1	80	diamond	green	(645, 428)	high	dis	(565, 460)	N	dif	vert	up	True	841063	842052	up	1	3	98
11	hsz	f	20	1	80	diamond	red	(645, 428)	high	dis	(757, 540)	N	dif	vert	up	True	843083	843564	up	1	3	99
11	hsz	f	20	1	80	diamond	green	(645, 428)	high	no	no_dis	N	dif	hori	left	True	844652	845308	left	1	3	100
11	hsz	f	20	1	80	circle	red	(724, 460)	low	dis	(565, 619)	N	dif	vert	up	True	846436	847109	left	0	3	101
11	hsz	f	20	1	80	diamond	green	(645, 428)	high	dis	(533, 540)	N	same	hori	left	True	849866	850580	left	1	3	102
11	hsz	f	20	1	80	diamond	green	(645, 428)	high	dis	(533, 540)	N	dif	vert	up	True	851648	852316	up	1	3	103
11	hsz	f	20	1	80	circle	green	(645, 428)	high	dis	(565, 460)	N	same	hori	left	True	853396	854052	left	1	3	104
11	hsz	f	20	1	80	circle	green	(645, 428)	high	dis	(724, 460)	N	dif	hori	left	True	855129	855692	left	1	3	105
11	hsz	f	20	1	80	diamond	red	(645, 428)	high	dis	(533, 540)	N	dif	vert	up	True	856726	857292	up	1	3	106
11	hsz	f	20	1	80	circle	red	(645, 428)	high	dis	(724, 460)	N	same	hori	left	True	858402	859052	left	1	3	107
11	hsz	f	20	1	80	diamond	red	(645, 428)	high	dis	(757, 540)	N	same	vert	up	True	860148	860884	up	1	3	108
11	hsz	f	20	1	80	circle	red	(645, 652)	low	dis	(757, 540)	N	same	vert	up	True	862129	862652	left	0	3	109
11	hsz	f	20	1	80	circle	red	(645, 428)	high	dis	(757, 540)	N	same	hori	left	True	865219	866084	left	1	3	110
11	hsz	f	20	1	80	circle	green	(645, 428)	high	no	no_dis	N	same	hori	left	True	867167	867636	left	1	3	111
11	hsz	f	20	1	80	diamond	green	(565, 619)	low	no	no_dis	N	same	hori	left	True	868794	869900	left	1	3	112
11	hsz	f	20	1	80	circle	red	(645, 428)	high	no	no_dis	N	dif	vert	up	True	870952	871556	up	1	3	113
11	hsz	f	20	1	80	diamond	red	(757, 540)	low	no	no_dis	N	same	vert	up	True	872752	873892	up	1	3	114
11	hsz	f	20	1	80	diamond	red	(645, 428)	high	dis	(533, 540)	N	same	vert	up	True	874967	875796	up	1	3	115
11	hsz	f	20	1	80	circle	red	(645, 428)	high	dis	(645, 652)	N	dif	vert	up	True	876894	877436	up	1	3	116
11	hsz	f	20	1	80	circle	green	(724, 619)	low	no	no_dis	N	dif	vert	up	True	878459	879533	up	1	3	117
11	hsz	f	20	1	80	circle	red	(645, 428)	high	dis	(724, 460)	N	dif	hori	left	True	880680	881244	left	1	3	118
11	hsz	f	20	1	80	circle	red	(645, 428)	high	dis	(565, 460)	N	same	vert	up	True	882258	884388	up	1	3	119
11	hsz	f	20	1	80	diamond	red	(645, 428)	high	no	no_dis	N	dif	hori	left	True	885528	886196	left	1	3	120
11	hsz	f	20	1	80	diamond	green	(565, 619)	low	dis	(645, 428)	Y	same	vert	up	True	919650	920332	up	1	4	1
11	hsz	f	20	1	80	diamond	green	(645, 428)	high	dis	(757, 540)	N	same	vert	up	True	921346	922053	up	1	4	2
11	hsz	f	20	1	80	circle	red	(645, 428)	high	no	no_dis	N	same	hori	left	True	923236	923860	left	1	4	3
11	hsz	f	20	1	80	diamond	red	(724, 460)	low	no	no_dis	N	same	vert	up	True	924927	926020	up	1	4	4
11	hsz	f	20	1	80	diamond	red	(645, 428)	high	no	no_dis	N	same	vert	up	True	927060	927892	up	1	4	5
11	hsz	f	20	1	80	diamond	red	(645, 428)	high	no	no_dis	N	same	vert	up	True	928937	929541	up	1	4	6
11	hsz	f	20	1	80	circle	red	(565, 460)	low	no	no_dis	N	dif	hori	left	True	930728	931308	left	1	4	7
11	hsz	f	20	1	80	circle	red	(757, 540)	low	dis	(645, 652)	N	dif	hori	left	True	932451	933404	left	1	4	8
11	hsz	f	20	1	80	diamond	red	(565, 460)	low	dis	(645, 428)	Y	same	hori	left	True	934561	936141	left	1	4	9
11	hsz	f	20	1	80	diamond	green	(645, 428)	high	no	no_dis	N	same	hori	left	True	937364	938260	left	1	4	10
11	hsz	f	20	1	80	circle	red	(645, 428)	high	dis	(565, 460)	N	same	hori	left	True	939511	940708	left	1	4	11
11	hsz	f	20	1	80	circle	green	(645, 652)	low	dis	(533, 540)	N	dif	hori	left	True	941848	942908	left	1	4	12
11	hsz	f	20	1	80	circle	green	(645, 428)	high	no	no_dis	N	same	hori	left	True	944007	944708	left	1	4	13
11	hsz	f	20	1	80	circle	red	(645, 428)	high	no	no_dis	N	dif	vert	up	True	945832	946444	up	1	4	14
11	hsz	f	20	1	80	diamond	red	(645, 428)	high	dis	(724, 619)	N	dif	vert	up	True	947507	948772	up	1	4	15
11	hsz	f	20	1	80	diamond	green	(645, 428)	high	dis	(645, 652)	N	dif	hori	left	True	949886	950548	left	1	4	16
11	hsz	f	20	1	80	circle	green	(645, 428)	high	dis	(565, 619)	N	same	vert	up	True	951732	952932	up	1	4	17
11	hsz	f	20	1	80	diamond	red	(645, 428)	high	dis	(757, 540)	N	dif	vert	up	True	954133	954732	up	1	4	18
11	hsz	f	20	1	80	diamond	red	(645, 428)	high	no	no_dis	N	same	vert	up	True	955763	956316	up	1	4	19
11	hsz	f	20	1	80	diamond	green	(645, 428)	high	dis	(724, 619)	N	same	vert	up	True	957365	957924	up	1	4	20
11	hsz	f	20	1	80	diamond	green	(645, 428)	high	dis	(565, 460)	N	same	vert	up	True	959012	959564	up	1	4	21
11	hsz	f	20	1	80	diamond	green	(645, 428)	high	dis	(565, 460)	N	same	vert	up	True	960574	961036	up	1	4	22
11	hsz	f	20	1	80	diamond	red	(645, 428)	high	no	no_dis	N	dif	vert	up	True	962190	962660	up	1	4	23
11	hsz	f	20	1	80	diamond	red	(645, 428)	high	dis	(565, 460)	N	same	hori	left	True	963740	964572	left	1	4	24
11	hsz	f	20	1	80	circle	green	(645, 428)	high	dis	(724, 460)	N	same	hori	left	True	965696	966292	left	1	4	25
11	hsz	f	20	1	80	diamond	green	(645, 428)	high	dis	(645, 652)	N	dif	vert	up	True	967345	968052	up	1	4	26
11	hsz	f	20	1	80	circle	green	(565, 619)	low	no	no_dis	N	same	hori	left	True	969239	970060	left	1	4	27
11	hsz	f	20	1	80	diamond	red	(645, 428)	high	dis	(757, 540)	N	same	vert	up	True	971234	971772	up	1	4	28
11	hsz	f	20	1	80	circle	red	(645, 428)	high	dis	(724, 460)	N	dif	vert	up	True	972796	973380	left	0	4	29
11	hsz	f	20	1	80	diamond	green	(645, 428)	high	no	no_dis	N	same	vert	up	True	976082	976572	up	1	4	30
11	hsz	f	20	1	80	circle	red	(533, 540)	low	no	no_dis	N	same	vert	up	True	977634	978484	up	1	4	31
11	hsz	f	20	1	80	circle	red	(645, 428)	high	dis	(757, 540)	N	same	hori	left	True	979665	980236	left	1	4	32
11	hsz	f	20	1	80	circle	red	(645, 428)	high	dis	(724, 460)	N	dif	hori	left	True	981444	982212	left	1	4	33
11	hsz	f	20	1	80	diamond	red	(645, 428)	high	no	no_dis	N	same	vert	up	True	983332	984388	up	1	4	34
11	hsz	f	20	1	80	diamond	red	(645, 428)	high	dis	(565, 619)	N	same	vert	up	True	985605	986188	up	1	4	35
11	hsz	f	20	1	80	diamond	green	(645, 428)	high	dis	(533, 540)	N	same	hori	left	True	987198	987964	left	1	4	36
11	hsz	f	20	1	80	diamond	red	(645, 428)	high	no	no_dis	N	dif	hori	left	True	989118	989876	left	1	4	37
11	hsz	f	20	1	80	circle	red	(645, 428)	high	dis	(724, 619)	N	dif	hori	left	True	990956	991748	left	1	4	38
11	hsz	f	20	1	80	circle	red	(645, 428)	high	dis	(724, 460)	N	same	vert	up	True	992972	993460	up	1	4	39
11	hsz	f	20	1	80	circle	green	(645, 428)	high	dis	(565, 619)	N	dif	vert	up	True	994506	995092	up	1	4	40
11	hsz	f	20	1	80	circle	red	(645, 428)	high	dis	(565, 460)	N	dif	hori	left	True	996241	996900	left	1	4	41
11	hsz	f	20	1	80	circle	green	(645, 428)	high	dis	(757, 540)	N	dif	hori	left	True	998075	998764	left	1	4	42
11	hsz	f	20	1	80	diamond	green	(645, 428)	high	no	no_dis	N	dif	vert	up	True	999926	1000852	up	1	4	43
11	hsz	f	20	1	80	diamond	red	(645, 428)	high	no	no_dis	N	same	hori	left	True	1001948	1002660	left	1	4	44
11	hsz	f	20	1	80	diamond	red	(645, 428)	high	dis	(757, 540)	N	same	hori	left	True	1003832	1004612	left	1	4	45
11	hsz	f	20	1	80	circle	red	(645, 428)	high	no	no_dis	N	same	vert	up	True	1005741	1006580	up	1	4	46
11	hsz	f	20	1	80	circle	red	(645, 652)	low	dis	(645, 428)	Y	dif	vert	up	True	1007825	1009196	up	1	4	47
11	hsz	f	20	1	80	circle	green	(645, 428)	high	no	no_dis	N	same	vert	up	True	1010260	1011365	up	1	4	48
11	hsz	f	20	1	80	diamond	red	(645, 428)	high	dis	(724, 460)	N	dif	hori	left	True	1012492	1013548	left	1	4	49
11	hsz	f	20	1	80	diamond	green	(645, 428)	high	dis	(565, 619)	N	same	hori	left	True	1014577	1015492	left	1	4	50
11	hsz	f	20	1	80	circle	green	(645, 428)	high	no	no_dis	N	dif	hori	left	True	1016701	1017508	left	1	4	51
11	hsz	f	20	1	80	diamond	red	(565, 460)	low	dis	(645, 428)	Y	same	hori	left	True	1018756	1020556	left	1	4	52
11	hsz	f	20	1	80	diamond	green	(645, 428)	high	no	no_dis	N	dif	vert	up	True	1021711	1022532	up	1	4	53
11	hsz	f	20	1	80	circle	red	(645, 428)	high	no	no_dis	N	dif	vert	up	True	1023632	1024501	up	1	4	54
11	hsz	f	20	1	80	diamond	green	(533, 540)	low	dis	(724, 619)	N	dif	hori	left	True	1025603	1026420	left	1	4	55
11	hsz	f	20	1	80	diamond	red	(645, 428)	high	dis	(533, 540)	N	same	hori	left	True	1027565	1028228	left	1	4	56
11	hsz	f	20	1	80	diamond	green	(645, 428)	high	no	no_dis	N	same	hori	left	True	1029438	1030172	left	1	4	57
11	hsz	f	20	1	80	circle	red	(645, 428)	high	dis	(724, 619)	N	dif	vert	up	True	1031333	1032100	up	1	4	58
11	hsz	f	20	1	80	diamond	red	(645, 428)	high	dis	(565, 619)	N	same	vert	up	True	1033301	1033932	up	1	4	59
11	hsz	f	20	1	80	diamond	red	(533, 540)	low	dis	(645, 428)	Y	same	hori	left	True	1035024	1036108	left	1	4	60
11	hsz	f	20	1	80	diamond	red	(645, 428)	high	dis	(533, 540)	N	same	hori	left	True	1037125	1037844	left	1	4	61
11	hsz	f	20	1	80	circle	green	(645, 428)	high	no	no_dis	N	dif	hori	left	True	1039091	1040900	left	1	4	62
11	hsz	f	20	1	80	circle	red	(724, 460)	low	dis	(757, 540)	N	dif	hori	left	True	1042040	1043828	left	1	4	63
11	hsz	f	20	1	80	circle	green	(645, 428)	high	dis	(533, 540)	N	same	vert	up	True	1044912	1045708	up	1	4	64
11	hsz	f	20	1	80	circle	green	(645, 428)	high	dis	(724, 619)	N	same	hori	left	True	1046833	1047876	left	1	4	65
11	hsz	f	20	1	80	circle	red	(645, 428)	high	dis	(724, 619)	N	dif	hori	left	True	1049079	1050036	left	1	4	66
11	hsz	f	20	1	80	diamond	green	(645, 428)	high	dis	(565, 460)	N	dif	vert	up	True	1051097	1052484	up	1	4	67
11	hsz	f	20	1	80	circle	green	(645, 428)	high	dis	(565, 619)	N	dif	hori	left	True	1053548	1054116	left	1	4	68
11	hsz	f	20	1	80	diamond	green	(757, 540)	low	dis	(645, 428)	Y	same	hori	left	True	1055153	1056276	left	1	4	69
11	hsz	f	20	1	80	circle	green	(645, 428)	high	dis	(645, 652)	N	same	vert	up	True	1057458	1058492	up	1	4	70
11	hsz	f	20	1	80	diamond	green	(645, 652)	low	no	no_dis	N	dif	hori	left	True	1059502	1061020	left	1	4	71
11	hsz	f	20	1	80	diamond	red	(645, 428)	high	dis	(724, 460)	N	dif	hori	left	True	1062175	1062892	left	1	4	72
11	hsz	f	20	1	80	circle	red	(565, 619)	low	dis	(645, 428)	Y	same	vert	up	True	1063929	1064748	up	1	4	73
11	hsz	f	20	1	80	diamond	red	(645, 428)	high	dis	(645, 652)	N	same	hori	left	True	1065897	1067196	left	1	4	74
11	hsz	f	20	1	80	circle	red	(645, 428)	high	no	no_dis	N	same	hori	left	True	1068286	1069108	left	1	4	75
11	hsz	f	20	1	80	diamond	green	(645, 428)	high	dis	(565, 619)	N	dif	vert	up	True	1070319	1071044	up	1	4	76
11	hsz	f	20	1	80	circle	green	(645, 428)	high	dis	(565, 619)	N	same	vert	up	True	1072122	1073148	up	1	4	77
11	hsz	f	20	1	80	circle	green	(645, 428)	high	dis	(645, 652)	N	dif	vert	up	True	1074192	1074780	up	1	4	78
11	hsz	f	20	1	80	diamond	red	(645, 428)	high	no	no_dis	N	dif	vert	up	True	1075921	1076644	up	1	4	79
11	hsz	f	20	1	80	circle	red	(645, 428)	high	dis	(757, 540)	N	dif	vert	up	True	1077730	1078516	up	1	4	80
11	hsz	f	20	1	80	diamond	green	(645, 428)	high	dis	(645, 652)	N	same	hori	left	True	1079627	1080428	left	1	4	81
11	hsz	f	20	1	80	circle	green	(645, 428)	high	dis	(565, 460)	N	dif	vert	up	True	1081652	1082452	up	1	4	82
11	hsz	f	20	1	80	diamond	green	(645, 428)	high	dis	(757, 540)	N	dif	vert	up	True	1083515	1084060	up	1	4	83
11	hsz	f	20	1	80	circle	green	(645, 428)	high	no	no_dis	N	dif	hori	left	True	1085235	1085820	left	1	4	84
11	hsz	f	20	1	80	circle	green	(724, 460)	low	dis	(565, 619)	N	dif	vert	up	True	1087028	1088428	up	1	4	85
11	hsz	f	20	1	80	circle	red	(645, 428)	high	dis	(724, 619)	N	dif	vert	up	True	1089616	1090364	up	1	4	86
11	hsz	f	20	1	80	diamond	red	(645, 428)	high	dis	(565, 460)	N	same	hori	left	True	1091462	1092228	left	1	4	87
11	hsz	f	20	1	80	diamond	red	(645, 428)	high	dis	(645, 652)	N	same	hori	left	True	1093338	1093964	left	1	4	88
11	hsz	f	20	1	80	circle	green	(645, 428)	high	no	no_dis	N	dif	vert	up	True	1095039	1095716	up	1	4	89
11	hsz	f	20	1	80	circle	red	(645, 428)	high	dis	(533, 540)	N	dif	hori	left	True	1096785	1097364	left	1	4	90
11	hsz	f	20	1	80	diamond	red	(724, 619)	low	no	no_dis	N	same	hori	left	True	1098546	1100004	left	1	4	91
11	hsz	f	20	1	80	diamond	red	(645, 428)	high	dis	(645, 652)	N	dif	vert	up	True	1101128	1101724	up	1	4	92
11	hsz	f	20	1	80	diamond	green	(757, 540)	low	no	no_dis	N	dif	vert	up	True	1102901	1103668	up	1	4	93
11	hsz	f	20	1	80	circle	red	(645, 428)	high	no	no_dis	N	dif	vert	up	True	1104814	1105364	up	1	4	94
11	hsz	f	20	1	80	diamond	green	(645, 428)	high	no	no_dis	N	same	hori	left	True	1106420	1107076	left	1	4	95
11	hsz	f	20	1	80	diamond	green	(645, 428)	high	dis	(724, 460)	N	dif	hori	left	True	1108133	1109116	left	1	4	96
11	hsz	f	20	1	80	circle	green	(645, 428)	high	dis	(645, 652)	N	same	vert	up	True	1110266	1110868	up	1	4	97
11	hsz	f	20	1	80	diamond	red	(724, 619)	low	dis	(645, 428)	Y	same	vert	up	True	1111958	1112908	up	1	4	98
11	hsz	f	20	1	80	circle	green	(565, 460)	low	dis	(645, 428)	Y	dif	vert	up	True	1114038	1115484	up	1	4	99
11	hsz	f	20	1	80	diamond	green	(645, 428)	high	dis	(533, 540)	N	dif	hori	left	True	1116662	1118052	left	1	4	100
11	hsz	f	20	1	80	diamond	green	(645, 428)	high	no	no_dis	N	dif	hori	left	True	1119094	1119876	left	1	4	101
11	hsz	f	20	1	80	circle	red	(645, 428)	high	dis	(724, 460)	N	same	vert	up	True	1120916	1122548	left	0	4	102
11	hsz	f	20	1	80	circle	green	(645, 428)	high	dis	(565, 460)	N	dif	hori	left	True	1125158	1127412	left	1	4	103
11	hsz	f	20	1	80	diamond	green	(645, 428)	high	dis	(724, 619)	N	same	vert	up	True	1128601	1130764	up	1	4	104
11	hsz	f	20	1	80	circle	green	(645, 652)	low	no	no_dis	N	dif	vert	up	True	1131924	1132892	up	1	4	105
11	hsz	f	20	1	80	circle	green	(724, 619)	low	dis	(565, 460)	N	dif	vert	up	True	1134119	1135812	up	1	4	106
11	hsz	f	20	1	80	diamond	green	(645, 428)	high	dis	(565, 619)	N	dif	hori	left	True	1136995	1137820	left	1	4	107
11	hsz	f	20	1	80	circle	red	(645, 428)	high	no	no_dis	N	same	hori	left	True	1138878	1139940	left	1	4	108
11	hsz	f	20	1	80	circle	green	(645, 428)	high	no	no_dis	N	dif	hori	left	True	1141165	1141828	left	1	4	109
11	hsz	f	20	1	80	circle	red	(645, 428)	high	no	no_dis	N	dif	hori	left	True	1142937	1143364	left	1	4	110
11	hsz	f	20	1	80	circle	green	(645, 428)	high	dis	(724, 460)	N	dif	vert	up	True	1144441	1145828	up	1	4	111
11	hsz	f	20	1	80	circle	red	(645, 428)	high	dis	(533, 540)	N	dif	hori	left	True	1147019	1147852	left	1	4	112
11	hsz	f	20	1	80	circle	green	(645, 428)	high	no	no_dis	N	same	vert	up	True	1148916	1149732	up	1	4	113
11	hsz	f	20	1	80	diamond	green	(724, 460)	low	dis	(645, 428)	Y	same	vert	up	True	1150975	1151476	up	1	4	114
11	hsz	f	20	1	80	circle	green	(645, 428)	high	dis	(533, 540)	N	same	vert	up	True	1152657	1153563	up	1	4	115
11	hsz	f	20	1	80	diamond	red	(645, 428)	high	dis	(533, 540)	N	same	hori	left	True	1154640	1155380	left	1	4	116
11	hsz	f	20	1	80	diamond	green	(645, 428)	high	no	no_dis	N	dif	hori	left	True	1156574	1157172	left	1	4	117
11	hsz	f	20	1	80	circle	red	(645, 428)	high	dis	(724, 619)	N	same	hori	left	True	1158250	1159708	left	1	4	118
11	hsz	f	20	1	80	circle	green	(645, 428)	high	dis	(724, 460)	N	dif	vert	up	True	1160941	1162004	up	1	4	119
11	hsz	f	20	1	80	circle	red	(645, 428)	high	dis	(757, 540)	N	dif	hori	left	True	1163042	1163996	left	1	4	120
11	hsz	f	20	1	80	diamond	green	(645, 428)	high	dis	(757, 540)	N	dif	vert	up	True	1198610	1199548	up	1	5	1
11	hsz	f	20	1	80	diamond	green	(645, 428)	high	dis	(724, 460)	N	dif	hori	left	True	1200769	1201756	left	1	5	2
11	hsz	f	20	1	80	diamond	green	(645, 428)	high	dis	(533, 540)	N	same	hori	left	True	1202760	1203540	left	1	5	3
11	hsz	f	20	1	80	diamond	green	(645, 428)	high	no	no_dis	N	same	vert	up	True	1204637	1205165	up	1	5	4
11	hsz	f	20	1	80	circle	green	(645, 428)	high	no	no_dis	N	same	hori	left	True	1206281	1206780	left	1	5	5
11	hsz	f	20	1	80	diamond	red	(645, 428)	high	no	no_dis	N	same	vert	up	True	1207800	1208364	up	1	5	6
11	hsz	f	20	1	80	diamond	green	(645, 428)	high	no	no_dis	N	same	vert	up	True	1209542	1210036	up	1	5	7
11	hsz	f	20	1	80	diamond	red	(645, 428)	high	dis	(757, 540)	N	same	hori	left	True	1211273	1211804	left	1	5	8
11	hsz	f	20	1	80	circle	green	(533, 540)	low	no	no_dis	N	same	vert	up	True	1213015	1214452	left	0	5	9
11	hsz	f	20	1	80	circle	green	(645, 428)	high	dis	(645, 652)	N	dif	vert	up	True	1216997	1217596	up	1	5	10
11	hsz	f	20	1	80	diamond	red	(645, 428)	high	dis	(724, 460)	N	same	vert	up	True	1218743	1219324	up	1	5	11
11	hsz	f	20	1	80	diamond	red	(645, 428)	high	dis	(565, 460)	N	same	vert	up	True	1220519	1221156	up	1	5	12
11	hsz	f	20	1	80	circle	red	(645, 428)	high	dis	(645, 652)	N	dif	hori	left	True	1222357	1223620	left	1	5	13
11	hsz	f	20	1	80	diamond	red	(645, 428)	high	no	no_dis	N	dif	vert	up	True	1224784	1225332	up	1	5	14
11	hsz	f	20	1	80	circle	green	(645, 428)	high	dis	(645, 652)	N	same	vert	up	True	1226507	1227044	up	1	5	15
11	hsz	f	20	1	80	diamond	green	(645, 428)	high	dis	(757, 540)	N	same	hori	left	True	1228079	1228772	left	1	5	16
11	hsz	f	20	1	80	diamond	red	(533, 540)	low	dis	(645, 428)	Y	same	vert	up	True	1229870	1231172	up	1	5	17
11	hsz	f	20	1	80	diamond	red	(645, 428)	high	dis	(724, 460)	N	same	hori	left	True	1232254	1233708	left	1	5	18
11	hsz	f	20	1	80	circle	red	(645, 428)	high	no	no_dis	N	same	vert	up	True	1234743	1235380	up	1	5	19
11	hsz	f	20	1	80	diamond	red	(645, 428)	high	dis	(724, 460)	N	dif	hori	left	True	1236605	1237172	left	1	5	20
11	hsz	f	20	1	80	circle	red	(645, 652)	low	no	no_dis	N	dif	vert	up	True	1238183	1239323	up	1	5	21
11	hsz	f	20	1	80	diamond	red	(645, 428)	high	dis	(533, 540)	N	dif	vert	up	True	1240363	1241620	up	1	5	22
11	hsz	f	20	1	80	circle	red	(645, 428)	high	dis	(565, 619)	N	same	vert	up	True	1242691	1243628	up	1	5	23
11	hsz	f	20	1	80	circle	red	(645, 428)	high	dis	(724, 619)	N	dif	hori	left	True	1244827	1245396	left	1	5	24
11	hsz	f	20	1	80	diamond	red	(645, 428)	high	no	no_dis	N	dif	hori	left	True	1246622	1247268	left	1	5	25
11	hsz	f	20	1	80	diamond	red	(724, 460)	low	dis	(724, 619)	N	dif	hori	left	True	1248383	1249620	left	1	5	26
11	hsz	f	20	1	80	diamond	red	(645, 428)	high	dis	(565, 460)	N	same	hori	left	True	1250787	1251660	left	1	5	27
11	hsz	f	20	1	80	circle	red	(757, 540)	low	dis	(645, 428)	Y	same	hori	left	True	1252882	1253460	left	1	5	28
11	hsz	f	20	1	80	diamond	green	(533, 540)	low	dis	(645, 428)	Y	dif	vert	up	True	1254686	1255732	up	1	5	29
11	hsz	f	20	1	80	diamond	red	(565, 460)	low	no	no_dis	N	same	hori	left	True	1256955	1257740	left	1	5	30
11	hsz	f	20	1	80	diamond	red	(645, 428)	high	dis	(724, 619)	N	dif	vert	up	True	1258830	1259572	up	1	5	31
11	hsz	f	20	1	80	circle	green	(645, 428)	high	no	no_dis	N	dif	vert	up	True	1260680	1261932	up	1	5	32
11	hsz	f	20	1	80	circle	red	(645, 428)	high	dis	(724, 619)	N	dif	hori	left	True	1263066	1263659	left	1	5	33
11	hsz	f	20	1	80	diamond	red	(645, 652)	low	no	no_dis	N	dif	vert	up	True	1264688	1265740	up	1	5	34
11	hsz	f	20	1	80	circle	green	(645, 428)	high	dis	(533, 540)	N	same	vert	up	True	1266754	1267980	up	1	5	35
11	hsz	f	20	1	80	circle	red	(645, 428)	high	dis	(724, 619)	N	same	hori	left	True	1269121	1269876	left	1	5	36
11	hsz	f	20	1	80	diamond	green	(645, 428)	high	dis	(565, 460)	N	same	vert	up	True	1270886	1271660	up	1	5	37
11	hsz	f	20	1	80	circle	red	(645, 428)	high	dis	(757, 540)	N	same	hori	left	True	1272834	1273700	left	1	5	38
11	hsz	f	20	1	80	diamond	green	(645, 428)	high	no	no_dis	N	dif	vert	up	True	1274840	1275724	up	1	5	39
11	hsz	f	20	1	80	circle	green	(645, 428)	high	no	no_dis	N	dif	hori	left	True	1276758	1277428	left	1	5	40
11	hsz	f	20	1	80	circle	green	(645, 428)	high	no	no_dis	N	same	hori	left	True	1278655	1279164	left	1	5	41
11	hsz	f	20	1	80	diamond	green	(724, 460)	low	no	no_dis	N	dif	hori	left	True	1280397	1281556	left	1	5	42
11	hsz	f	20	1	80	circle	red	(645, 428)	high	no	no_dis	N	dif	hori	left	True	1282739	1283476	left	1	5	43
11	hsz	f	20	1	80	circle	red	(645, 428)	high	dis	(724, 460)	N	dif	hori	left	True	1284500	1285060	left	1	5	44
11	hsz	f	20	1	80	circle	red	(645, 428)	high	no	no_dis	N	same	hori	left	True	1286080	1286612	left	1	5	45
11	hsz	f	20	1	80	diamond	green	(645, 428)	high	dis	(565, 619)	N	dif	vert	up	True	1287847	1288532	up	1	5	46
11	hsz	f	20	1	80	diamond	red	(724, 619)	low	dis	(645, 428)	Y	same	hori	left	True	1289596	1290724	left	1	5	47
11	hsz	f	20	1	80	circle	red	(645, 428)	high	dis	(533, 540)	N	dif	hori	left	True	1291753	1292724	left	1	5	48
11	hsz	f	20	1	80	circle	red	(645, 428)	high	no	no_dis	N	dif	hori	left	True	1293974	1294484	left	1	5	49
11	hsz	f	20	1	80	circle	green	(645, 428)	high	no	no_dis	N	dif	vert	up	True	1295641	1296324	up	1	5	50
11	hsz	f	20	1	80	diamond	red	(645, 428)	high	dis	(724, 619)	N	dif	vert	up	True	1297397	1298060	up	1	5	51
11	hsz	f	20	1	80	diamond	red	(645, 428)	high	no	no_dis	N	same	hori	left	True	1299231	1299748	left	1	5	52
11	hsz	f	20	1	80	circle	red	(565, 619)	low	dis	(533, 540)	N	dif	hori	left	True	1300927	1302187	left	1	5	53
11	hsz	f	20	1	80	circle	green	(645, 428)	high	dis	(757, 540)	N	dif	vert	up	True	1303232	1303932	up	1	5	54
11	hsz	f	20	1	80	circle	red	(645, 428)	high	no	no_dis	N	dif	hori	left	True	1305166	1305756	left	1	5	55
11	hsz	f	20	1	80	diamond	green	(645, 428)	high	no	no_dis	N	same	vert	up	True	1306977	1307572	up	1	5	56
11	hsz	f	20	1	80	circle	green	(645, 428)	high	dis	(645, 652)	N	same	vert	up	True	1308660	1309340	up	1	5	57
11	hsz	f	20	1	80	circle	green	(645, 428)	high	dis	(565, 460)	N	same	vert	up	True	1310520	1311108	up	1	5	58
11	hsz	f	20	1	80	diamond	red	(645, 428)	high	dis	(645, 652)	N	same	vert	up	True	1312313	1313004	up	1	5	59
11	hsz	f	20	1	80	circle	green	(645, 428)	high	no	no_dis	N	same	hori	left	True	1314242	1314828	left	1	5	60
11	hsz	f	20	1	80	circle	red	(645, 428)	high	dis	(645, 652)	N	dif	vert	up	True	1316035	1316572	up	1	5	61
11	hsz	f	20	1	80	diamond	red	(645, 428)	high	dis	(757, 540)	N	dif	vert	up	True	1317783	1318260	up	1	5	62
11	hsz	f	20	1	80	circle	green	(645, 428)	high	no	no_dis	N	dif	vert	up	True	1319351	1319884	up	1	5	63
11	hsz	f	20	1	80	circle	green	(645, 428)	high	dis	(757, 540)	N	dif	hori	left	True	1320894	1321428	left	1	5	64
11	hsz	f	20	1	80	diamond	green	(645, 428)	high	dis	(724, 460)	N	dif	hori	left	True	1322446	1323371	left	1	5	65
11	hsz	f	20	1	80	diamond	red	(645, 428)	high	dis	(645, 652)	N	same	vert	up	True	1324569	1325164	up	1	5	66
11	hsz	f	20	1	80	diamond	red	(645, 428)	high	no	no_dis	N	dif	hori	left	True	1326240	1326772	left	1	5	67
11	hsz	f	20	1	80	diamond	red	(645, 428)	high	no	no_dis	N	same	hori	left	True	1327784	1328436	left	1	5	68
11	hsz	f	20	1	80	circle	green	(645, 428)	high	dis	(724, 460)	N	same	hori	left	True	1329586	1330300	left	1	5	69
11	hsz	f	20	1	80	diamond	green	(645, 428)	high	dis	(645, 652)	N	dif	hori	left	True	1331481	1332204	left	1	5	70
11	hsz	f	20	1	80	diamond	green	(645, 428)	high	dis	(533, 540)	N	dif	hori	left	True	1333298	1333980	left	1	5	71
11	hsz	f	20	1	80	circle	red	(645, 428)	high	no	no_dis	N	dif	hori	left	True	1335049	1335532	left	1	5	72
11	hsz	f	20	1	80	diamond	green	(645, 428)	high	no	no_dis	N	dif	vert	up	True	1336551	1337140	up	1	5	73
11	hsz	f	20	1	80	diamond	green	(645, 428)	high	dis	(533, 540)	N	dif	vert	up	True	1338251	1338668	up	1	5	74
11	hsz	f	20	1	80	diamond	green	(565, 619)	low	dis	(724, 460)	N	same	vert	up	True	1339916	1340308	up	1	5	75
11	hsz	f	20	1	80	circle	red	(645, 428)	high	dis	(533, 540)	N	dif	vert	up	True	1341442	1342619	up	1	5	76
11	hsz	f	20	1	80	diamond	red	(645, 428)	high	dis	(724, 619)	N	dif	hori	left	True	1343749	1344332	left	1	5	77
11	hsz	f	20	1	80	circle	green	(645, 428)	high	no	no_dis	N	same	hori	left	True	1345351	1345915	left	1	5	78
11	hsz	f	20	1	80	circle	green	(565, 460)	low	dis	(565, 619)	N	dif	vert	up	True	1346998	1348244	up	1	5	79
11	hsz	f	20	1	80	circle	red	(645, 428)	high	dis	(724, 619)	N	same	hori	left	True	1349471	1350124	left	1	5	80
11	hsz	f	20	1	80	circle	red	(724, 619)	low	no	no_dis	N	same	hori	left	True	1351271	1352068	left	1	5	81
11	hsz	f	20	1	80	circle	green	(645, 428)	high	dis	(565, 619)	N	same	hori	left	True	1353246	1353812	left	1	5	82
11	hsz	f	20	1	80	diamond	green	(645, 428)	high	dis	(565, 619)	N	same	hori	left	True	1354996	1356596	left	1	5	83
11	hsz	f	20	1	80	circle	red	(645, 428)	high	dis	(565, 460)	N	dif	hori	left	True	1357713	1358596	left	1	5	84
11	hsz	f	20	1	80	diamond	green	(645, 428)	high	no	no_dis	N	dif	vert	up	True	1359655	1360940	up	1	5	85
11	hsz	f	20	1	80	diamond	green	(757, 540)	low	no	no_dis	N	same	vert	up	True	1362130	1363068	up	1	5	86
11	hsz	f	20	1	80	circle	green	(645, 428)	high	dis	(565, 619)	N	same	hori	left	True	1364288	1365276	left	1	5	87
11	hsz	f	20	1	80	diamond	red	(565, 460)	low	dis	(645, 652)	N	same	vert	up	True	1366467	1367932	up	1	5	88
11	hsz	f	20	1	80	circle	red	(645, 428)	high	dis	(565, 460)	N	same	hori	left	True	1368946	1370076	left	1	5	89
11	hsz	f	20	1	80	diamond	green	(757, 540)	low	dis	(645, 428)	Y	dif	vert	up	True	1371218	1372156	up	1	5	90
11	hsz	f	20	1	80	diamond	green	(645, 428)	high	dis	(565, 619)	N	same	vert	up	True	1373395	1374076	up	1	5	91
11	hsz	f	20	1	80	circle	red	(645, 428)	high	dis	(533, 540)	N	same	hori	left	True	1375282	1376028	left	1	5	92
11	hsz	f	20	1	80	circle	green	(565, 619)	low	no	no_dis	N	dif	hori	left	True	1377167	1377916	left	1	5	93
11	hsz	f	20	1	80	circle	green	(645, 428)	high	dis	(724, 460)	N	dif	hori	left	True	1379139	1379692	left	1	5	94
11	hsz	f	20	1	80	circle	green	(724, 619)	low	dis	(645, 428)	Y	dif	hori	left	True	1380942	1381868	left	1	5	95
11	hsz	f	20	1	80	diamond	green	(645, 428)	high	dis	(757, 540)	N	same	vert	up	True	1383103	1384748	up	1	5	96
11	hsz	f	20	1	80	diamond	red	(645, 428)	high	no	no_dis	N	same	hori	left	True	1385818	1386572	left	1	5	97
11	hsz	f	20	1	80	diamond	green	(645, 428)	high	dis	(565, 460)	N	same	vert	up	True	1387652	1388356	up	1	5	98
11	hsz	f	20	1	80	circle	red	(645, 428)	high	dis	(757, 540)	N	same	vert	up	True	1389441	1390676	up	1	5	99
11	hsz	f	20	1	80	circle	red	(645, 652)	low	dis	(645, 428)	Y	same	vert	up	True	1391839	1392748	up	1	5	100
11	hsz	f	20	1	80	circle	red	(645, 428)	high	dis	(724, 460)	N	dif	vert	up	True	1393965	1394532	up	1	5	101
11	hsz	f	20	1	80	diamond	red	(645, 428)	high	dis	(565, 460)	N	dif	vert	up	True	1395753	1396668	up	1	5	102
11	hsz	f	20	1	80	diamond	red	(645, 428)	high	dis	(533, 540)	N	dif	vert	up	True	1397785	1398307	up	1	5	103
11	hsz	f	20	1	80	diamond	red	(645, 428)	high	dis	(565, 619)	N	same	vert	up	True	1399415	1400036	up	1	5	104
11	hsz	f	20	1	80	circle	green	(645, 652)	low	dis	(645, 428)	Y	dif	hori	left	True	1401217	1401916	left	1	5	105
11	hsz	f	20	1	80	circle	red	(724, 460)	low	dis	(645, 428)	Y	dif	vert	up	True	1403013	1404636	up	1	5	106
11	hsz	f	20	1	80	circle	green	(645, 428)	high	dis	(565, 460)	N	dif	hori	left	True	1405774	1406692	left	1	5	107
11	hsz	f	20	1	80	diamond	green	(565, 619)	low	dis	(565, 460)	N	same	hori	left	True	1407791	1409131	left	1	5	108
11	hsz	f	20	1	80	diamond	green	(645, 428)	high	no	no_dis	N	dif	vert	up	True	1410343	1411300	up	1	5	109
11	hsz	f	20	1	80	circle	green	(724, 460)	low	dis	(645, 428)	Y	same	hori	left	True	1412337	1414220	left	1	5	110
11	hsz	f	20	1	80	diamond	green	(645, 428)	high	no	no_dis	N	same	vert	up	True	1415268	1416179	up	1	5	111
11	hsz	f	20	1	80	circle	green	(645, 428)	high	dis	(565, 619)	N	same	hori	left	True	1417235	1417764	left	1	5	112
11	hsz	f	20	1	80	circle	green	(645, 428)	high	dis	(645, 652)	N	dif	vert	up	True	1418848	1420003	up	1	5	113
11	hsz	f	20	1	80	circle	green	(645, 428)	high	dis	(724, 619)	N	same	vert	up	True	1421050	1422052	up	1	5	114
11	hsz	f	20	1	80	circle	green	(645, 428)	high	dis	(565, 619)	N	same	hori	left	True	1423224	1423892	left	1	5	115
11	hsz	f	20	1	80	diamond	green	(645, 428)	high	dis	(724, 619)	N	dif	hori	left	True	1425094	1426204	left	1	5	116
11	hsz	f	20	1	80	diamond	red	(645, 428)	high	no	no_dis	N	dif	hori	left	True	1427221	1428325	left	1	5	117
11	hsz	f	20	1	80	diamond	green	(645, 428)	high	dis	(757, 540)	N	dif	vert	up	True	1429378	1430452	up	1	5	118
11	hsz	f	20	1	80	circle	red	(645, 428)	high	no	no_dis	N	same	vert	up	True	1431635	1432220	up	1	5	119
11	hsz	f	20	1	80	circle	red	(645, 428)	high	no	no_dis	N	same	vert	up	True	1433313	1433796	up	1	5	120
11	hsz	f	20	1	80	circle	green	(645, 428)	high	dis	(757, 540)	N	dif	vert	up	True	1466570	1467387	up	1	6	1
11	hsz	f	20	1	80	diamond	red	(645, 428)	high	dis	(565, 619)	N	same	vert	up	True	1468474	1469076	up	1	6	2
11	hsz	f	20	1	80	diamond	red	(645, 428)	high	dis	(757, 540)	N	dif	hori	left	True	1470266	1471451	left	1	6	3
11	hsz	f	20	1	80	circle	red	(645, 428)	high	no	no_dis	N	same	hori	left	True	1472490	1473324	left	1	6	4
11	hsz	f	20	1	80	diamond	red	(645, 428)	high	dis	(757, 540)	N	same	vert	up	True	1474466	1475060	up	1	6	5
11	hsz	f	20	1	80	diamond	red	(645, 428)	high	no	no_dis	N	dif	vert	up	True	1476105	1477156	up	1	6	6
11	hsz	f	20	1	80	diamond	red	(565, 460)	low	dis	(757, 540)	N	dif	hori	left	True	1478362	1480220	left	1	6	7
11	hsz	f	20	1	80	diamond	green	(645, 428)	high	dis	(533, 540)	N	dif	hori	left	True	1481402	1482220	left	1	6	8
11	hsz	f	20	1	80	diamond	green	(757, 540)	low	dis	(565, 619)	N	dif	hori	left	True	1483459	1484331	left	1	6	9
11	hsz	f	20	1	80	diamond	green	(645, 428)	high	dis	(724, 460)	N	dif	vert	up	True	1485417	1486228	up	1	6	10
11	hsz	f	20	1	80	circle	green	(645, 652)	low	dis	(645, 428)	Y	same	hori	left	True	1487381	1488356	left	1	6	11
11	hsz	f	20	1	80	diamond	green	(645, 428)	high	no	no_dis	N	dif	vert	up	True	1489596	1490508	up	1	6	12
11	hsz	f	20	1	80	circle	red	(645, 428)	high	dis	(724, 619)	N	dif	hori	left	True	1491564	1492427	left	1	6	13
11	hsz	f	20	1	80	circle	green	(645, 428)	high	no	no_dis	N	same	hori	left	True	1493444	1493988	left	1	6	14
11	hsz	f	20	1	80	circle	red	(645, 428)	high	dis	(757, 540)	N	dif	vert	up	True	1495003	1495988	up	1	6	15
11	hsz	f	20	1	80	circle	red	(645, 652)	low	dis	(645, 428)	Y	dif	vert	up	True	1497215	1498404	up	1	6	16
11	hsz	f	20	1	80	circle	green	(724, 619)	low	dis	(565, 460)	N	dif	vert	up	True	1499631	1500540	up	1	6	17
11	hsz	f	20	1	80	circle	red	(645, 428)	high	dis	(724, 460)	N	dif	hori	left	True	1501766	1502284	left	1	6	18
11	hsz	f	20	1	80	circle	red	(645, 428)	high	no	no_dis	N	same	vert	up	True	1503298	1504108	up	1	6	19
11	hsz	f	20	1	80	diamond	green	(565, 619)	low	dis	(645, 428)	Y	dif	hori	left	True	1505210	1505948	left	1	6	20
11	hsz	f	20	1	80	diamond	green	(645, 428)	high	no	no_dis	N	same	vert	up	True	1507187	1507676	up	1	6	21
11	hsz	f	20	1	80	diamond	green	(645, 428)	high	dis	(533, 540)	N	same	vert	up	True	1508861	1509396	up	1	6	22
11	hsz	f	20	1	80	diamond	red	(724, 619)	low	dis	(645, 428)	Y	same	vert	up	True	1510557	1511676	up	1	6	23
11	hsz	f	20	1	80	diamond	green	(645, 428)	high	no	no_dis	N	dif	vert	up	True	1512873	1513380	up	1	6	24
11	hsz	f	20	1	80	circle	red	(645, 428)	high	dis	(645, 652)	N	same	vert	up	True	1514523	1515132	up	1	6	25
11	hsz	f	20	1	80	diamond	red	(645, 428)	high	no	no_dis	N	same	hori	left	True	1516364	1516964	left	1	6	26
11	hsz	f	20	1	80	diamond	green	(645, 428)	high	no	no_dis	N	same	vert	up	True	1517965	1518500	up	1	6	27
11	hsz	f	20	1	80	diamond	green	(645, 428)	high	dis	(645, 652)	N	same	hori	left	True	1519661	1520220	left	1	6	28
11	hsz	f	20	1	80	circle	red	(565, 619)	low	dis	(645, 428)	Y	same	hori	left	True	1521315	1521820	left	1	6	29
11	hsz	f	20	1	80	diamond	green	(757, 540)	low	no	no_dis	N	same	vert	up	True	1522877	1523683	up	1	6	30
11	hsz	f	20	1	80	diamond	red	(645, 428)	high	dis	(757, 540)	N	dif	hori	left	True	1524840	1525364	left	1	6	31
11	hsz	f	20	1	80	circle	red	(645, 652)	low	no	no_dis	N	same	hori	left	True	1526555	1528188	left	1	6	32
11	hsz	f	20	1	80	diamond	red	(645, 428)	high	dis	(724, 619)	N	same	hori	left	True	1529325	1530884	left	1	6	33
11	hsz	f	20	1	80	diamond	red	(645, 428)	high	no	no_dis	N	same	hori	left	True	1532097	1532588	left	1	6	34
11	hsz	f	20	1	80	diamond	green	(645, 428)	high	dis	(565, 619)	N	dif	hori	left	True	1533838	1534308	left	1	6	35
11	hsz	f	20	1	80	circle	red	(645, 428)	high	dis	(565, 460)	N	dif	vert	up	True	1535333	1536532	up	1	6	36
11	hsz	f	20	1	80	circle	green	(645, 428)	high	no	no_dis	N	same	hori	left	True	1537541	1538084	left	1	6	37
11	hsz	f	20	1	80	diamond	red	(645, 428)	high	dis	(565, 460)	N	same	vert	up	True	1539135	1540060	up	1	6	38
11	hsz	f	20	1	80	circle	green	(565, 460)	low	no	no_dis	N	dif	vert	up	True	1541192	1542500	left	0	6	39
11	hsz	f	20	1	80	circle	red	(645, 428)	high	no	no_dis	N	dif	vert	up	True	1545146	1545620	up	1	6	40
11	hsz	f	20	1	80	circle	green	(645, 428)	high	dis	(533, 540)	N	dif	vert	up	True	1546722	1547492	up	1	6	41
11	hsz	f	20	1	80	diamond	red	(565, 619)	low	no	no_dis	N	same	vert	up	True	1548701	1550076	up	1	6	42
11	hsz	f	20	1	80	diamond	green	(645, 428)	high	dis	(724, 460)	N	dif	hori	left	True	1551214	1552763	left	1	6	43
11	hsz	f	20	1	80	diamond	red	(645, 428)	high	dis	(645, 652)	N	dif	vert	up	True	1553840	1555387	up	1	6	44
11	hsz	f	20	1	80	diamond	green	(645, 428)	high	dis	(724, 619)	N	same	hori	left	True	1556432	1557036	left	1	6	45
11	hsz	f	20	1	80	diamond	green	(645, 428)	high	dis	(757, 540)	N	same	hori	left	True	1558048	1558948	left	1	6	46
11	hsz	f	20	1	80	circle	green	(645, 428)	high	dis	(724, 619)	N	dif	vert	up	True	1559988	1561460	up	1	6	47
11	hsz	f	20	1	80	diamond	red	(645, 428)	high	dis	(724, 619)	N	same	hori	left	True	1562511	1563116	left	1	6	48
11	hsz	f	20	1	80	circle	red	(645, 428)	high	dis	(565, 619)	N	same	hori	left	True	1564298	1564947	left	1	6	49
11	hsz	f	20	1	80	diamond	red	(645, 428)	high	dis	(724, 619)	N	same	vert	up	True	1566088	1566988	up	1	6	50
11	hsz	f	20	1	80	diamond	red	(645, 428)	high	no	no_dis	N	same	vert	up	True	1568084	1568548	up	1	6	51
11	hsz	f	20	1	80	circle	green	(645, 428)	high	no	no_dis	N	dif	hori	left	True	1569765	1570572	left	1	6	52
11	hsz	f	20	1	80	diamond	red	(645, 428)	high	dis	(724, 460)	N	dif	vert	up	True	1571767	1572804	up	1	6	53
11	hsz	f	20	1	80	diamond	green	(533, 540)	low	no	no_dis	N	dif	vert	up	True	1573919	1574724	up	1	6	54
11	hsz	f	20	1	80	diamond	green	(645, 428)	high	dis	(645, 652)	N	same	hori	left	True	1575741	1576444	left	1	6	55
11	hsz	f	20	1	80	circle	red	(645, 428)	high	no	no_dis	N	dif	hori	left	True	1577469	1578308	left	1	6	56
11	hsz	f	20	1	80	diamond	red	(645, 428)	high	no	no_dis	N	same	hori	left	True	1579474	1580291	left	1	6	57
11	hsz	f	20	1	80	diamond	green	(645, 428)	high	dis	(645, 652)	N	dif	hori	left	True	1581294	1581939	left	1	6	58
11	hsz	f	20	1	80	diamond	red	(645, 428)	high	dis	(533, 540)	N	same	vert	up	True	1583052	1583620	up	1	6	59
11	hsz	f	20	1	80	circle	green	(724, 460)	low	no	no_dis	N	dif	hori	left	True	1584655	1585811	left	1	6	60
11	hsz	f	20	1	80	diamond	green	(645, 428)	high	no	no_dis	N	same	hori	left	True	1586886	1587492	left	1	6	61
11	hsz	f	20	1	80	diamond	red	(724, 460)	low	dis	(724, 619)	N	same	vert	up	True	1588715	1590404	up	1	6	62
11	hsz	f	20	1	80	circle	green	(645, 428)	high	dis	(757, 540)	N	dif	vert	up	True	1591486	1592300	up	1	6	63
11	hsz	f	20	1	80	circle	red	(724, 460)	low	dis	(645, 428)	Y	same	hori	left	True	1593419	1594348	left	1	6	64
11	hsz	f	20	1	80	circle	red	(645, 428)	high	dis	(565, 619)	N	same	vert	up	True	1595388	1596291	up	1	6	65
11	hsz	f	20	1	80	circle	red	(645, 428)	high	dis	(565, 460)	N	dif	vert	up	True	1597312	1597908	up	1	6	66
11	hsz	f	20	1	80	circle	green	(645, 428)	high	dis	(645, 652)	N	same	hori	left	True	1599056	1599596	left	1	6	67
11	hsz	f	20	1	80	circle	green	(645, 428)	high	dis	(565, 460)	N	same	vert	up	True	1600799	1601380	up	1	6	68
11	hsz	f	20	1	80	circle	red	(645, 428)	high	no	no_dis	N	dif	hori	left	True	1602630	1603147	left	1	6	69
11	hsz	f	20	1	80	diamond	red	(645, 428)	high	dis	(645, 652)	N	dif	hori	left	True	1604262	1605099	left	1	6	70
11	hsz	f	20	1	80	circle	red	(645, 428)	high	dis	(565, 460)	N	same	hori	left	True	1606268	1607228	left	1	6	71
11	hsz	f	20	1	80	circle	green	(565, 460)	low	dis	(645, 428)	Y	same	vert	up	True	1608332	1610028	up	1	6	72
11	hsz	f	20	1	80	diamond	red	(645, 428)	high	no	no_dis	N	dif	vert	up	True	1611266	1611908	up	1	6	73
11	hsz	f	20	1	80	circle	red	(645, 428)	high	no	no_dis	N	dif	hori	left	True	1613037	1613724	left	1	6	74
11	hsz	f	20	1	80	diamond	green	(645, 652)	low	dis	(533, 540)	N	dif	vert	up	True	1614748	1615948	up	1	6	75
11	hsz	f	20	1	80	circle	red	(645, 428)	high	dis	(565, 619)	N	same	hori	left	True	1616971	1617716	left	1	6	76
11	hsz	f	20	1	80	circle	red	(533, 540)	low	no	no_dis	N	same	hori	left	True	1618729	1619852	left	1	6	77
11	hsz	f	20	1	80	diamond	green	(645, 428)	high	dis	(533, 540)	N	same	vert	up	True	1621087	1622236	up	1	6	78
11	hsz	f	20	1	80	circle	green	(645, 428)	high	no	no_dis	N	dif	hori	left	True	1623312	1623972	left	1	6	79
11	hsz	f	20	1	80	circle	red	(645, 428)	high	dis	(645, 652)	N	same	hori	left	True	1625148	1625788	left	1	6	80
11	hsz	f	20	1	80	circle	green	(645, 428)	high	dis	(565, 619)	N	same	vert	up	True	1626925	1627940	up	1	6	81
11	hsz	f	20	1	80	diamond	green	(645, 428)	high	no	no_dis	N	same	vert	up	True	1628943	1629587	up	1	6	82
11	hsz	f	20	1	80	circle	green	(645, 428)	high	dis	(757, 540)	N	dif	vert	up	True	1630823	1631524	up	1	6	83
11	hsz	f	20	1	80	circle	red	(645, 428)	high	dis	(724, 619)	N	same	vert	up	True	1632550	1633060	up	1	6	84
11	hsz	f	20	1	80	circle	red	(645, 428)	high	no	no_dis	N	dif	vert	up	True	1634072	1634612	up	1	6	85
11	hsz	f	20	1	80	circle	red	(645, 428)	high	dis	(645, 652)	N	same	hori	left	True	1635662	1636244	left	1	6	86
11	hsz	f	20	1	80	circle	green	(645, 428)	high	dis	(565, 619)	N	dif	hori	left	True	1637362	1638020	left	1	6	87
11	hsz	f	20	1	80	circle	green	(645, 428)	high	dis	(724, 460)	N	dif	hori	left	True	1639175	1639691	left	1	6	88
11	hsz	f	20	1	80	circle	red	(645, 428)	high	dis	(565, 460)	N	same	vert	up	True	1640726	1641380	up	1	6	89
11	hsz	f	20	1	80	diamond	red	(645, 428)	high	no	no_dis	N	same	hori	left	True	1642598	1643332	left	1	6	90
11	hsz	f	20	1	80	circle	green	(645, 428)	high	no	no_dis	N	same	vert	up	True	1644445	1644987	up	1	6	91
11	hsz	f	20	1	80	diamond	red	(645, 428)	high	dis	(533, 540)	N	dif	hori	left	True	1645992	1646555	left	1	6	92
11	hsz	f	20	1	80	circle	green	(645, 428)	high	dis	(565, 619)	N	dif	hori	left	True	1647686	1648315	left	1	6	93
11	hsz	f	20	1	80	diamond	green	(645, 428)	high	dis	(724, 619)	N	dif	hori	left	True	1649345	1649883	left	1	6	94
11	hsz	f	20	1	80	circle	green	(645, 428)	high	dis	(533, 540)	N	same	vert	up	True	1651035	1651860	up	1	6	95
11	hsz	f	20	1	80	diamond	red	(645, 428)	high	dis	(645, 652)	N	same	hori	left	True	1652946	1653388	left	1	6	96
11	hsz	f	20	1	80	circle	red	(757, 540)	low	dis	(645, 428)	Y	same	hori	left	True	1654470	1655820	left	1	6	97
11	hsz	f	20	1	80	diamond	green	(645, 428)	high	dis	(533, 540)	N	same	vert	up	True	1656870	1657491	up	1	6	98
11	hsz	f	20	1	80	circle	red	(645, 428)	high	no	no_dis	N	dif	hori	left	True	1658508	1658948	left	1	6	99
11	hsz	f	20	1	80	circle	green	(645, 428)	high	no	no_dis	N	dif	vert	up	True	1660082	1660627	up	1	6	100
11	hsz	f	20	1	80	circle	green	(645, 428)	high	dis	(565, 460)	N	same	vert	up	True	1661730	1662284	up	1	6	101
11	hsz	f	20	1	80	diamond	green	(533, 540)	low	dis	(645, 428)	Y	dif	hori	left	True	1663336	1663851	up	0	6	102
11	hsz	f	20	1	80	diamond	green	(645, 428)	high	dis	(724, 460)	N	dif	vert	up	True	1666401	1666915	up	1	6	103
11	hsz	f	20	1	80	diamond	red	(724, 619)	low	no	no_dis	N	dif	hori	left	True	1668008	1669075	left	1	6	104
11	hsz	f	20	1	80	diamond	red	(645, 428)	high	no	no_dis	N	dif	vert	up	True	1670224	1670732	up	1	6	105
11	hsz	f	20	1	80	circle	red	(645, 428)	high	dis	(533, 540)	N	same	hori	left	True	1671960	1672564	left	1	6	106
11	hsz	f	20	1	80	diamond	red	(645, 428)	high	dis	(565, 460)	N	dif	vert	up	True	1673650	1674180	up	1	6	107
11	hsz	f	20	1	80	circle	green	(724, 460)	low	dis	(645, 428)	Y	same	vert	up	True	1675352	1676220	up	1	6	108
11	hsz	f	20	1	80	diamond	red	(533, 540)	low	dis	(724, 460)	N	dif	vert	up	True	1677392	1678308	up	1	6	109
11	hsz	f	20	1	80	circle	green	(645, 428)	high	no	no_dis	N	dif	hori	left	True	1679379	1679980	left	1	6	110
11	hsz	f	20	1	80	diamond	green	(645, 428)	high	no	no_dis	N	same	vert	up	True	1681162	1681771	up	1	6	111
11	hsz	f	20	1	80	circle	green	(645, 428)	high	dis	(724, 460)	N	dif	vert	up	True	1682824	1683604	up	1	6	112
11	hsz	f	20	1	80	circle	green	(645, 428)	high	dis	(724, 460)	N	same	hori	left	True	1684675	1686540	left	1	6	113
11	hsz	f	20	1	80	circle	green	(645, 428)	high	dis	(757, 540)	N	dif	hori	left	True	1687754	1688444	left	1	6	114
11	hsz	f	20	1	80	diamond	green	(645, 428)	high	dis	(724, 460)	N	dif	vert	up	True	1689669	1690228	up	1	6	115
11	hsz	f	20	1	80	circle	red	(645, 428)	high	dis	(565, 619)	N	dif	vert	up	True	1691235	1691820	up	1	6	116
11	hsz	f	20	1	80	diamond	green	(645, 428)	high	no	no_dis	N	same	vert	up	True	1692987	1693500	up	1	6	117
11	hsz	f	20	1	80	diamond	green	(645, 428)	high	dis	(724, 619)	N	dif	hori	left	True	1694721	1695675	left	1	6	118
11	hsz	f	20	1	80	circle	green	(645, 428)	high	no	no_dis	N	dif	hori	left	True	1696686	1697308	left	1	6	119
11	hsz	f	20	1	80	diamond	red	(645, 428)	high	dis	(565, 460)	N	same	hori	left	True	1698525	1699452	left	1	6	120
conf	11	hsz	f	20	1	80	True	1734169	1744868	3	True	1744879	1753828	2
