subj	name	gender	age	prac	group	shape	color	tar_loc	popularity	dis_cond	dis_loc	dis_high	td_dif	line	respkey	gotkey	startTime	respTime	resp	correct	block	trialnum
16	pw	f	24	1	80	circle	red	(565, 619)	low	dis	(724, 619)	Y	dif	hori	left	True	8005	10311	left	1	1	1
16	pw	f	24	1	80	circle	red	(724, 619)	high	dis	(645, 652)	N	dif	vert	up	True	11341	12591	up	1	1	2
16	pw	f	24	1	80	diamond	green	(724, 619)	high	no	no_dis	N	same	vert	up	True	13747	15087	up	1	1	3
16	pw	f	24	1	80	circle	red	(724, 619)	high	no	no_dis	N	same	vert	up	True	16114	17046	up	1	1	4
16	pw	f	24	1	80	circle	red	(724, 619)	high	no	no_dis	N	dif	vert	up	True	18089	19855	up	1	1	5
16	pw	f	24	1	80	diamond	green	(565, 460)	low	dis	(724, 460)	N	same	vert	up	True	21088	22239	up	1	1	6
16	pw	f	24	1	80	circle	red	(724, 619)	high	dis	(533, 540)	N	dif	vert	up	True	23393	24807	up	1	1	7
16	pw	f	24	1	80	diamond	red	(645, 428)	low	dis	(724, 619)	Y	dif	vert	up	True	25836	27023	up	1	1	8
16	pw	f	24	1	80	circle	green	(724, 619)	high	dis	(533, 540)	N	same	vert	up	True	28252	29271	up	1	1	9
16	pw	f	24	1	80	diamond	green	(724, 619)	high	dis	(645, 428)	N	dif	vert	up	True	30487	31662	up	1	1	10
16	pw	f	24	1	80	circle	green	(724, 619)	high	dis	(724, 460)	N	dif	hori	left	True	32805	34390	left	1	1	11
16	pw	f	24	1	80	diamond	red	(724, 619)	high	dis	(757, 540)	N	dif	hori	left	True	35511	36527	left	1	1	12
16	pw	f	24	1	80	circle	red	(757, 540)	low	no	no_dis	N	same	vert	up	True	37648	38550	up	1	1	13
16	pw	f	24	1	80	circle	green	(724, 619)	high	dis	(645, 652)	N	dif	vert	up	True	39698	41351	up	1	1	14
16	pw	f	24	1	80	circle	green	(645, 428)	low	dis	(724, 619)	Y	dif	hori	left	True	42457	44151	left	1	1	15
16	pw	f	24	1	80	circle	green	(724, 460)	low	dis	(757, 540)	N	same	vert	up	True	45317	46447	up	1	1	16
16	pw	f	24	1	80	circle	red	(724, 460)	low	dis	(533, 540)	N	dif	hori	left	True	47481	48870	up	0	1	17
16	pw	f	24	1	80	diamond	green	(724, 619)	high	dis	(645, 652)	N	same	vert	up	True	51561	52998	up	1	1	18
16	pw	f	24	1	80	diamond	red	(724, 619)	high	dis	(533, 540)	N	dif	hori	left	True	54082	55543	left	1	1	19
16	pw	f	24	1	80	diamond	green	(724, 619)	high	dis	(565, 460)	N	dif	hori	left	False	56613	None	None	0	1	20
16	pw	f	24	1	80	circle	green	(724, 619)	high	dis	(565, 619)	N	dif	hori	left	True	62193	64342	left	1	1	21
16	pw	f	24	1	80	diamond	red	(724, 619)	high	no	no_dis	N	dif	hori	left	True	65548	66510	left	1	1	22
16	pw	f	24	1	80	diamond	red	(645, 652)	low	dis	(724, 619)	Y	dif	vert	up	True	67590	69406	up	1	1	23
16	pw	f	24	1	80	circle	green	(724, 619)	high	dis	(565, 460)	N	same	vert	up	True	70624	72295	up	1	1	24
16	pw	f	24	1	80	circle	green	(724, 619)	high	no	no_dis	N	dif	vert	up	True	73460	75223	up	1	1	25
16	pw	f	24	1	80	diamond	red	(724, 619)	high	dis	(565, 619)	N	same	hori	left	True	76327	77710	left	1	1	26
16	pw	f	24	1	80	circle	green	(724, 619)	high	dis	(757, 540)	N	same	vert	up	True	78746	81158	up	1	1	27
16	pw	f	24	1	80	diamond	green	(724, 619)	high	dis	(565, 460)	N	dif	vert	up	True	82346	83567	up	1	1	28
16	pw	f	24	1	80	diamond	green	(724, 619)	high	dis	(565, 460)	N	same	hori	left	True	84715	85919	left	1	1	29
16	pw	f	24	1	80	circle	red	(724, 619)	high	dis	(724, 460)	N	dif	hori	left	True	86951	88543	left	1	1	30
16	pw	f	24	1	80	diamond	green	(724, 619)	high	dis	(757, 540)	N	dif	vert	up	True	89607	91311	up	1	1	31
16	pw	f	24	1	80	circle	red	(724, 619)	high	dis	(565, 460)	N	dif	hori	left	True	92518	93638	left	1	1	32
16	pw	f	24	1	80	diamond	red	(724, 619)	high	no	no_dis	N	same	vert	up	True	94788	95846	up	1	1	33
16	pw	f	24	1	80	diamond	red	(724, 619)	high	dis	(533, 540)	N	same	hori	left	True	97025	98271	left	1	1	34
16	pw	f	24	1	80	circle	red	(724, 619)	high	dis	(533, 540)	N	same	hori	left	True	99281	100855	left	1	1	35
16	pw	f	24	1	80	diamond	red	(724, 619)	high	dis	(645, 652)	N	same	vert	up	True	102052	103399	up	1	1	36
16	pw	f	24	1	80	diamond	red	(724, 619)	high	no	no_dis	N	same	vert	up	True	104635	105463	up	1	1	37
16	pw	f	24	1	80	diamond	green	(724, 619)	high	no	no_dis	N	dif	hori	left	True	106534	107438	left	1	1	38
16	pw	f	24	1	80	diamond	green	(724, 619)	high	dis	(724, 460)	N	same	hori	left	True	108599	109494	left	1	1	39
16	pw	f	24	1	80	circle	red	(757, 540)	low	dis	(724, 619)	Y	same	hori	left	True	110570	113087	left	1	1	40
16	pw	f	24	1	80	circle	red	(724, 619)	high	no	no_dis	N	same	vert	up	True	114302	115559	up	1	1	41
16	pw	f	24	1	80	diamond	red	(724, 619)	high	dis	(533, 540)	N	same	vert	up	True	116801	118254	up	1	1	42
16	pw	f	24	1	80	circle	red	(724, 619)	high	no	no_dis	N	same	hori	left	True	119266	120686	left	1	1	43
16	pw	f	24	1	80	diamond	green	(724, 619)	high	dis	(757, 540)	N	dif	vert	up	True	121759	122767	up	1	1	44
16	pw	f	24	1	80	diamond	red	(724, 619)	high	dis	(645, 428)	N	same	hori	left	True	123828	124550	left	1	1	45
16	pw	f	24	1	80	circle	red	(724, 619)	high	dis	(565, 460)	N	same	hori	left	True	125622	126375	left	1	1	46
16	pw	f	24	1	80	circle	red	(724, 619)	high	dis	(533, 540)	N	same	hori	left	True	127536	128087	left	1	1	47
16	pw	f	24	1	80	circle	green	(565, 619)	low	dis	(724, 619)	Y	same	hori	left	True	129280	129902	left	1	1	48
16	pw	f	24	1	80	diamond	red	(724, 619)	high	no	no_dis	N	dif	hori	left	True	130906	132558	left	1	1	49
16	pw	f	24	1	80	diamond	green	(645, 652)	low	no	no_dis	N	dif	vert	up	True	133752	134423	left	0	1	50
16	pw	f	24	1	80	circle	green	(565, 460)	low	no	no_dis	N	dif	hori	left	True	136949	138703	left	1	1	51
16	pw	f	24	1	80	diamond	green	(724, 619)	high	dis	(565, 460)	N	same	vert	up	True	139754	141222	up	1	1	52
16	pw	f	24	1	80	circle	green	(724, 619)	high	no	no_dis	N	dif	vert	up	True	142309	143375	up	1	1	53
16	pw	f	24	1	80	circle	green	(724, 619)	high	dis	(645, 428)	N	same	vert	up	True	144440	145775	up	1	1	54
16	pw	f	24	1	80	diamond	red	(724, 619)	high	dis	(757, 540)	N	dif	vert	up	True	146808	148110	up	1	1	55
16	pw	f	24	1	80	circle	red	(724, 619)	high	dis	(533, 540)	N	dif	hori	left	True	149307	151055	left	1	1	56
16	pw	f	24	1	80	diamond	red	(645, 428)	low	no	no_dis	N	same	vert	up	True	152300	154062	up	1	1	57
16	pw	f	24	1	80	circle	red	(724, 619)	high	dis	(565, 619)	N	dif	vert	up	True	155293	156958	up	1	1	58
16	pw	f	24	1	80	circle	green	(724, 619)	high	dis	(565, 460)	N	same	vert	up	True	158140	159222	up	1	1	59
16	pw	f	24	1	80	diamond	red	(724, 619)	high	dis	(645, 652)	N	dif	hori	left	True	160456	161614	left	1	1	60
16	pw	f	24	1	80	circle	red	(724, 619)	high	no	no_dis	N	dif	hori	left	True	162834	164175	left	1	1	61
16	pw	f	24	1	80	diamond	green	(533, 540)	low	dis	(645, 652)	N	same	vert	up	True	165381	167630	up	1	1	62
16	pw	f	24	1	80	circle	green	(724, 619)	high	dis	(757, 540)	N	same	vert	up	True	168759	170847	up	1	1	63
16	pw	f	24	1	80	circle	red	(724, 619)	high	dis	(645, 652)	N	same	hori	left	True	171865	173375	left	1	1	64
16	pw	f	24	1	80	circle	red	(724, 619)	high	dis	(724, 460)	N	same	hori	left	True	174385	176719	left	1	1	65
16	pw	f	24	1	80	diamond	red	(724, 619)	high	dis	(724, 460)	N	same	vert	up	True	177802	178519	up	1	1	66
16	pw	f	24	1	80	circle	red	(724, 619)	high	no	no_dis	N	dif	hori	left	True	179683	180614	left	1	1	67
16	pw	f	24	1	80	diamond	red	(724, 619)	high	no	no_dis	N	same	hori	left	True	181732	182366	left	1	1	68
16	pw	f	24	1	80	diamond	red	(724, 619)	high	dis	(757, 540)	N	same	vert	up	True	183389	185254	left	0	1	69
16	pw	f	24	1	80	circle	red	(724, 619)	high	dis	(645, 428)	N	dif	vert	up	True	187865	188911	up	1	1	70
16	pw	f	24	1	80	diamond	green	(724, 619)	high	dis	(757, 540)	N	dif	vert	up	True	190083	191750	up	1	1	71
16	pw	f	24	1	80	circle	green	(724, 619)	high	dis	(565, 460)	N	same	hori	left	True	192805	193654	left	1	1	72
16	pw	f	24	1	80	diamond	green	(724, 619)	high	no	no_dis	N	dif	vert	up	True	194877	195863	up	1	1	73
16	pw	f	24	1	80	diamond	green	(724, 619)	high	no	no_dis	N	same	vert	up	True	196908	197575	up	1	1	74
16	pw	f	24	1	80	diamond	red	(724, 619)	high	no	no_dis	N	dif	hori	left	True	198821	199998	left	1	1	75
16	pw	f	24	1	80	diamond	green	(724, 619)	high	dis	(645, 652)	N	dif	hori	left	True	201170	203279	left	1	1	76
16	pw	f	24	1	80	circle	green	(724, 619)	high	dis	(533, 540)	N	dif	vert	up	True	204367	206486	up	1	1	77
16	pw	f	24	1	80	circle	red	(724, 619)	high	no	no_dis	N	dif	hori	left	True	207685	209430	left	1	1	78
16	pw	f	24	1	80	circle	red	(724, 619)	high	no	no_dis	N	same	vert	up	True	210480	211766	up	1	1	79
16	pw	f	24	1	80	circle	red	(724, 619)	high	dis	(757, 540)	N	dif	hori	left	True	212842	214142	left	1	1	80
16	pw	f	24	1	80	diamond	red	(645, 652)	low	dis	(724, 619)	Y	dif	hori	left	True	215304	216214	up	0	1	81
16	pw	f	24	1	80	diamond	green	(724, 619)	high	no	no_dis	N	dif	vert	up	True	218832	219582	up	1	1	82
16	pw	f	24	1	80	circle	red	(724, 619)	high	dis	(724, 460)	N	dif	hori	left	True	220778	222327	left	1	1	83
16	pw	f	24	1	80	diamond	green	(757, 540)	low	dis	(645, 428)	N	dif	vert	up	True	223466	224774	up	1	1	84
16	pw	f	24	1	80	diamond	green	(533, 540)	low	dis	(724, 619)	Y	same	hori	left	True	225825	228342	left	1	1	85
16	pw	f	24	1	80	circle	red	(724, 619)	high	dis	(565, 619)	N	same	vert	up	True	229358	231126	up	1	1	86
16	pw	f	24	1	80	circle	green	(645, 652)	low	dis	(724, 619)	Y	same	hori	left	True	232153	233806	left	1	1	87
16	pw	f	24	1	80	circle	green	(724, 619)	high	dis	(724, 460)	N	same	vert	up	True	234957	237759	up	1	1	88
16	pw	f	24	1	80	diamond	red	(724, 619)	high	no	no_dis	N	same	hori	left	True	238936	240286	left	1	1	89
16	pw	f	24	1	80	diamond	red	(565, 460)	low	dis	(724, 619)	Y	dif	vert	up	True	241335	242471	up	1	1	90
16	pw	f	24	1	80	circle	green	(724, 619)	high	dis	(724, 460)	N	dif	vert	up	True	243485	244815	up	1	1	91
16	pw	f	24	1	80	circle	green	(724, 619)	high	no	no_dis	N	same	hori	left	True	245834	248206	left	1	1	92
16	pw	f	24	1	80	diamond	green	(724, 619)	high	dis	(645, 428)	N	dif	vert	up	True	249373	250790	up	1	1	93
16	pw	f	24	1	80	circle	red	(533, 540)	low	dis	(565, 619)	N	same	vert	up	True	251980	253438	left	0	1	94
16	pw	f	24	1	80	diamond	green	(724, 619)	high	dis	(565, 619)	N	dif	hori	left	True	256096	257678	left	1	1	95
16	pw	f	24	1	80	circle	green	(724, 619)	high	no	no_dis	N	same	hori	left	True	258923	260022	left	1	1	96
16	pw	f	24	1	80	diamond	green	(724, 619)	high	dis	(645, 428)	N	dif	vert	up	True	261209	262535	up	1	1	97
16	pw	f	24	1	80	diamond	red	(724, 619)	high	dis	(645, 652)	N	same	vert	up	True	263595	265134	up	1	1	98
16	pw	f	24	1	80	circle	red	(724, 619)	high	dis	(645, 428)	N	same	hori	left	True	266242	267318	left	1	1	99
16	pw	f	24	1	80	diamond	red	(724, 619)	high	no	no_dis	N	same	hori	left	True	268414	269263	left	1	1	100
16	pw	f	24	1	80	diamond	red	(724, 619)	high	dis	(645, 428)	N	dif	vert	up	True	270366	271407	up	1	1	101
16	pw	f	24	1	80	diamond	green	(724, 619)	high	no	no_dis	N	same	hori	left	True	272476	273262	left	1	1	102
16	pw	f	24	1	80	circle	green	(724, 619)	high	no	no_dis	N	dif	vert	up	True	274289	274974	up	1	1	103
16	pw	f	24	1	80	circle	green	(724, 619)	high	no	no_dis	N	dif	hori	left	True	276051	277390	left	1	1	104
16	pw	f	24	1	80	diamond	red	(724, 619)	high	dis	(565, 619)	N	dif	hori	left	True	278397	279327	left	1	1	105
16	pw	f	24	1	80	diamond	red	(724, 619)	high	dis	(645, 428)	N	same	hori	left	True	280522	282622	left	1	1	106
16	pw	f	24	1	80	diamond	green	(724, 619)	high	dis	(645, 652)	N	same	vert	up	True	283836	284694	up	1	1	107
16	pw	f	24	1	80	diamond	red	(533, 540)	low	no	no_dis	N	dif	vert	up	True	285845	287486	up	1	1	108
16	pw	f	24	1	80	circle	green	(724, 619)	high	no	no_dis	N	same	hori	left	True	288518	290095	left	1	1	109
16	pw	f	24	1	80	circle	green	(724, 619)	high	dis	(565, 619)	N	dif	hori	left	True	291285	293102	left	1	1	110
16	pw	f	24	1	80	diamond	red	(724, 619)	high	dis	(565, 619)	N	same	hori	left	True	294176	295798	left	1	1	111
16	pw	f	24	1	80	circle	red	(724, 460)	low	no	no_dis	N	same	hori	left	True	296814	298838	left	1	1	112
16	pw	f	24	1	80	circle	green	(724, 619)	high	no	no_dis	N	dif	vert	up	True	299967	301190	up	1	1	113
16	pw	f	24	1	80	diamond	green	(724, 619)	high	dis	(565, 460)	N	dif	hori	left	True	302231	304751	left	1	1	114
16	pw	f	24	1	80	diamond	green	(724, 619)	high	no	no_dis	N	same	vert	up	True	305969	307038	up	1	1	115
16	pw	f	24	1	80	circle	green	(724, 619)	high	dis	(565, 619)	N	same	hori	left	True	308207	309222	left	1	1	116
16	pw	f	24	1	80	circle	green	(724, 619)	high	dis	(724, 460)	N	same	hori	left	True	310438	311318	left	1	1	117
16	pw	f	24	1	80	circle	green	(565, 619)	low	no	no_dis	N	dif	hori	left	True	312490	313862	left	1	1	118
16	pw	f	24	1	80	diamond	green	(724, 619)	high	no	no_dis	N	dif	vert	up	True	314970	316046	up	1	1	119
16	pw	f	24	1	80	diamond	green	(724, 460)	low	no	no_dis	N	same	hori	left	True	317261	319110	left	1	1	120
16	pw	f	24	1	80	diamond	green	(757, 540)	low	dis	(724, 619)	Y	dif	hori	left	True	378493	380559	left	1	2	1
16	pw	f	24	1	80	diamond	red	(724, 619)	high	no	no_dis	N	same	hori	left	True	381772	382758	left	1	2	2
16	pw	f	24	1	80	circle	red	(533, 540)	low	dis	(724, 619)	Y	dif	hori	left	True	383818	384926	left	1	2	3
16	pw	f	24	1	80	circle	green	(724, 619)	high	dis	(645, 428)	N	dif	hori	left	True	386062	387078	left	1	2	4
16	pw	f	24	1	80	diamond	green	(724, 619)	high	dis	(724, 460)	N	same	hori	left	True	388179	389526	left	1	2	5
16	pw	f	24	1	80	circle	green	(565, 460)	low	no	no_dis	N	same	vert	up	True	390712	391750	up	1	2	6
16	pw	f	24	1	80	diamond	green	(724, 619)	high	dis	(724, 460)	N	same	hori	left	True	393002	393958	left	1	2	7
16	pw	f	24	1	80	diamond	red	(724, 619)	high	dis	(645, 652)	N	same	vert	up	True	395040	395982	up	1	2	8
16	pw	f	24	1	80	circle	red	(724, 619)	high	dis	(565, 619)	N	dif	hori	left	True	397061	398302	left	1	2	9
16	pw	f	24	1	80	diamond	red	(724, 619)	high	dis	(645, 428)	N	dif	vert	up	True	399420	400302	up	1	2	10
16	pw	f	24	1	80	circle	green	(724, 619)	high	dis	(757, 540)	N	same	hori	left	True	401361	402382	left	1	2	11
16	pw	f	24	1	80	diamond	green	(724, 619)	high	dis	(565, 619)	N	same	hori	left	True	403519	404262	left	1	2	12
16	pw	f	24	1	80	diamond	green	(724, 619)	high	dis	(565, 619)	N	same	hori	left	True	405473	406182	left	1	2	13
16	pw	f	24	1	80	diamond	red	(724, 619)	high	dis	(533, 540)	N	dif	vert	up	True	407256	408558	up	1	2	14
16	pw	f	24	1	80	circle	green	(724, 619)	high	dis	(724, 460)	N	dif	vert	up	True	409790	411246	up	1	2	15
16	pw	f	24	1	80	circle	red	(724, 619)	high	no	no_dis	N	dif	vert	up	True	412395	413030	up	1	2	16
16	pw	f	24	1	80	diamond	red	(724, 619)	high	dis	(533, 540)	N	dif	hori	left	True	414176	414894	left	1	2	17
16	pw	f	24	1	80	diamond	green	(645, 652)	low	no	no_dis	N	dif	vert	up	True	415950	416854	left	0	2	18
16	pw	f	24	1	80	circle	green	(724, 619)	high	dis	(757, 540)	N	dif	hori	left	True	419584	420350	left	1	2	19
16	pw	f	24	1	80	circle	red	(724, 619)	high	no	no_dis	N	same	vert	up	True	421509	422398	up	1	2	20
16	pw	f	24	1	80	circle	red	(724, 619)	high	dis	(565, 619)	N	same	hori	left	True	423650	424470	left	1	2	21
16	pw	f	24	1	80	circle	green	(724, 619)	high	dis	(533, 540)	N	same	hori	left	True	425575	426310	left	1	2	22
16	pw	f	24	1	80	circle	red	(724, 619)	high	dis	(565, 619)	N	dif	vert	up	True	427549	428934	up	1	2	23
16	pw	f	24	1	80	circle	red	(724, 619)	high	dis	(724, 460)	N	same	vert	up	True	429956	430934	up	1	2	24
16	pw	f	24	1	80	diamond	red	(724, 619)	high	dis	(565, 619)	N	same	vert	up	True	432023	432694	up	1	2	25
16	pw	f	24	1	80	circle	green	(724, 619)	high	dis	(757, 540)	N	same	vert	up	True	433915	434509	up	1	2	26
16	pw	f	24	1	80	circle	red	(724, 619)	high	no	no_dis	N	dif	hori	left	True	435596	436462	left	1	2	27
16	pw	f	24	1	80	circle	green	(724, 619)	high	no	no_dis	N	same	vert	up	True	437606	438662	up	1	2	28
16	pw	f	24	1	80	diamond	green	(757, 540)	low	dis	(724, 619)	Y	same	vert	up	True	439775	441630	up	1	2	29
16	pw	f	24	1	80	circle	red	(724, 619)	high	dis	(645, 428)	N	same	vert	up	True	442815	444653	up	1	2	30
16	pw	f	24	1	80	circle	green	(724, 619)	high	no	no_dis	N	dif	vert	up	True	445676	446702	up	1	2	31
16	pw	f	24	1	80	circle	red	(757, 540)	low	dis	(724, 619)	Y	same	hori	left	True	447877	449758	left	1	2	32
16	pw	f	24	1	80	circle	red	(565, 619)	low	dis	(724, 619)	Y	same	vert	up	True	451003	452909	up	1	2	33
16	pw	f	24	1	80	diamond	red	(724, 619)	high	dis	(757, 540)	N	dif	hori	left	True	453976	455902	left	1	2	34
16	pw	f	24	1	80	circle	green	(565, 619)	low	dis	(533, 540)	N	same	vert	up	True	457111	458637	up	1	2	35
16	pw	f	24	1	80	circle	green	(724, 619)	high	dis	(724, 460)	N	dif	vert	up	True	459674	460950	up	1	2	36
16	pw	f	24	1	80	diamond	green	(724, 619)	high	dis	(565, 619)	N	same	vert	up	True	461972	463030	up	1	2	37
16	pw	f	24	1	80	circle	red	(724, 619)	high	dis	(565, 460)	N	dif	hori	left	True	464119	466262	left	1	2	38
16	pw	f	24	1	80	diamond	red	(565, 460)	low	dis	(724, 619)	Y	dif	vert	up	True	467464	468646	up	1	2	39
16	pw	f	24	1	80	diamond	green	(724, 619)	high	dis	(533, 540)	N	dif	vert	up	True	469816	471198	up	1	2	40
16	pw	f	24	1	80	circle	green	(724, 619)	high	dis	(565, 460)	N	dif	vert	up	True	472401	473982	up	1	2	41
16	pw	f	24	1	80	circle	green	(724, 619)	high	no	no_dis	N	same	vert	up	True	475166	477085	up	1	2	42
16	pw	f	24	1	80	circle	green	(724, 619)	high	no	no_dis	N	same	hori	left	True	478156	479318	left	1	2	43
16	pw	f	24	1	80	circle	red	(724, 619)	high	dis	(757, 540)	N	same	vert	up	False	480500	None	None	0	2	44
16	pw	f	24	1	80	circle	green	(724, 619)	high	no	no_dis	N	dif	hori	left	True	486232	487054	left	1	2	45
16	pw	f	24	1	80	circle	green	(645, 652)	low	dis	(724, 619)	Y	dif	hori	left	True	488299	489606	left	1	2	46
16	pw	f	24	1	80	diamond	red	(724, 619)	high	dis	(565, 460)	N	dif	vert	up	True	490635	492389	up	1	2	47
16	pw	f	24	1	80	circle	red	(724, 619)	high	dis	(645, 652)	N	dif	vert	up	True	493463	494550	up	1	2	48
16	pw	f	24	1	80	circle	red	(724, 619)	high	no	no_dis	N	same	hori	left	True	495787	497269	left	1	2	49
16	pw	f	24	1	80	diamond	green	(724, 619)	high	no	no_dis	N	dif	hori	left	True	498482	500046	left	1	2	50
16	pw	f	24	1	80	diamond	green	(724, 619)	high	no	no_dis	N	dif	hori	left	True	501133	502293	left	1	2	51
16	pw	f	24	1	80	diamond	red	(724, 619)	high	no	no_dis	N	same	vert	up	True	503517	504262	up	1	2	52
16	pw	f	24	1	80	diamond	green	(724, 619)	high	dis	(533, 540)	N	dif	hori	left	True	505316	506670	left	1	2	53
16	pw	f	24	1	80	diamond	red	(724, 619)	high	dis	(565, 460)	N	dif	vert	up	True	507867	508750	up	1	2	54
16	pw	f	24	1	80	diamond	red	(724, 619)	high	dis	(565, 460)	N	same	vert	up	True	509985	510781	up	1	2	55
16	pw	f	24	1	80	circle	red	(724, 619)	high	no	no_dis	N	same	vert	up	True	511869	513173	up	1	2	56
16	pw	f	24	1	80	diamond	red	(724, 619)	high	no	no_dis	N	same	hori	left	True	514238	515406	left	1	2	57
16	pw	f	24	1	80	circle	red	(724, 619)	high	dis	(757, 540)	N	same	hori	left	True	516639	519590	left	1	2	58
16	pw	f	24	1	80	diamond	green	(565, 460)	low	dis	(724, 619)	Y	same	vert	up	True	520801	522149	up	1	2	59
16	pw	f	24	1	80	diamond	red	(645, 428)	low	dis	(724, 619)	Y	dif	hori	left	True	523226	524389	left	1	2	60
16	pw	f	24	1	80	diamond	red	(724, 619)	high	no	no_dis	N	same	vert	up	True	525557	526862	up	1	2	61
16	pw	f	24	1	80	circle	red	(724, 619)	high	no	no_dis	N	dif	hori	left	True	528061	528950	left	1	2	62
16	pw	f	24	1	80	circle	green	(724, 619)	high	no	no_dis	N	same	vert	up	True	530170	531190	up	1	2	63
16	pw	f	24	1	80	diamond	red	(645, 652)	low	dis	(565, 619)	N	same	hori	left	True	532376	534469	left	1	2	64
16	pw	f	24	1	80	circle	red	(565, 619)	low	no	no_dis	N	same	vert	up	True	535649	537278	left	0	2	65
16	pw	f	24	1	80	diamond	red	(724, 619)	high	no	no_dis	N	same	hori	left	True	539849	541942	left	1	2	66
16	pw	f	24	1	80	circle	red	(724, 619)	high	dis	(645, 428)	N	dif	hori	left	True	543168	544470	left	1	2	67
16	pw	f	24	1	80	circle	red	(724, 619)	high	no	no_dis	N	dif	vert	up	True	545593	547293	up	1	2	68
16	pw	f	24	1	80	diamond	red	(724, 619)	high	dis	(533, 540)	N	same	hori	left	True	548298	549422	left	1	2	69
16	pw	f	24	1	80	circle	green	(724, 619)	high	dis	(724, 460)	N	dif	vert	up	True	550652	551430	up	1	2	70
16	pw	f	24	1	80	diamond	red	(724, 619)	high	no	no_dis	N	same	hori	left	True	552473	553470	left	1	2	71
16	pw	f	24	1	80	diamond	green	(724, 619)	high	no	no_dis	N	dif	vert	up	True	554546	555702	up	1	2	72
16	pw	f	24	1	80	circle	red	(724, 619)	high	dis	(724, 460)	N	same	hori	left	True	556790	557741	left	1	2	73
16	pw	f	24	1	80	diamond	green	(724, 619)	high	dis	(645, 652)	N	same	vert	up	True	558993	561421	up	1	2	74
16	pw	f	24	1	80	circle	red	(724, 619)	high	dis	(645, 652)	N	dif	vert	up	True	562513	563710	up	1	2	75
16	pw	f	24	1	80	diamond	red	(724, 619)	high	dis	(645, 428)	N	dif	hori	left	True	564752	565614	left	1	2	76
16	pw	f	24	1	80	circle	red	(724, 619)	high	dis	(724, 460)	N	same	hori	left	True	566777	567942	left	1	2	77
16	pw	f	24	1	80	diamond	green	(724, 619)	high	dis	(565, 460)	N	dif	vert	up	True	569099	569933	up	1	2	78
16	pw	f	24	1	80	circle	red	(724, 619)	high	dis	(645, 428)	N	same	vert	up	True	570954	571878	up	1	2	79
16	pw	f	24	1	80	diamond	red	(724, 619)	high	dis	(757, 540)	N	dif	vert	up	True	573106	573854	up	1	2	80
16	pw	f	24	1	80	circle	red	(724, 460)	low	dis	(645, 652)	N	dif	vert	up	True	574963	576365	up	1	2	81
16	pw	f	24	1	80	diamond	green	(724, 619)	high	no	no_dis	N	same	hori	left	True	577468	578374	left	1	2	82
16	pw	f	24	1	80	diamond	red	(724, 619)	high	no	no_dis	N	dif	vert	up	True	579528	580478	up	1	2	83
16	pw	f	24	1	80	circle	green	(724, 460)	low	dis	(724, 619)	Y	same	hori	left	True	581503	583509	left	1	2	84
16	pw	f	24	1	80	diamond	green	(645, 428)	low	no	no_dis	N	same	hori	left	True	584567	585742	left	1	2	85
16	pw	f	24	1	80	circle	red	(724, 619)	high	no	no_dis	N	dif	hori	left	True	586761	588045	left	1	2	86
16	pw	f	24	1	80	circle	green	(724, 619)	high	dis	(533, 540)	N	dif	vert	up	True	589215	590438	up	1	2	87
16	pw	f	24	1	80	diamond	red	(724, 619)	high	no	no_dis	N	dif	vert	up	True	591568	592509	up	1	2	88
16	pw	f	24	1	80	circle	red	(757, 540)	low	no	no_dis	N	dif	vert	up	True	593515	594766	up	1	2	89
16	pw	f	24	1	80	diamond	green	(724, 619)	high	no	no_dis	N	dif	vert	up	True	595808	597334	up	1	2	90
16	pw	f	24	1	80	circle	green	(565, 460)	low	no	no_dis	N	dif	hori	left	True	598479	599709	left	1	2	91
16	pw	f	24	1	80	diamond	green	(724, 619)	high	dis	(533, 540)	N	same	hori	left	True	600748	601782	left	1	2	92
16	pw	f	24	1	80	diamond	green	(724, 619)	high	dis	(645, 652)	N	dif	hori	left	True	602815	604254	left	1	2	93
16	pw	f	24	1	80	diamond	red	(724, 619)	high	dis	(645, 428)	N	dif	hori	left	True	605428	606837	left	1	2	94
16	pw	f	24	1	80	circle	green	(724, 619)	high	dis	(645, 652)	N	dif	hori	left	True	608001	609422	left	1	2	95
16	pw	f	24	1	80	diamond	green	(533, 540)	low	dis	(724, 460)	N	dif	vert	up	True	610494	611933	up	1	2	96
16	pw	f	24	1	80	diamond	green	(724, 619)	high	dis	(645, 428)	N	dif	vert	up	True	613123	614645	up	1	2	97
16	pw	f	24	1	80	circle	green	(724, 619)	high	dis	(565, 460)	N	same	vert	up	True	615867	617310	up	1	2	98
16	pw	f	24	1	80	diamond	green	(724, 619)	high	no	no_dis	N	dif	hori	left	True	618340	619342	left	1	2	99
16	pw	f	24	1	80	diamond	green	(724, 619)	high	dis	(565, 619)	N	dif	hori	left	True	620503	621694	left	1	2	100
16	pw	f	24	1	80	diamond	red	(533, 540)	low	no	no_dis	N	same	hori	left	True	622759	623814	left	1	2	101
16	pw	f	24	1	80	circle	red	(724, 619)	high	dis	(724, 460)	N	same	vert	up	True	625012	626494	up	1	2	102
16	pw	f	24	1	80	circle	green	(724, 619)	high	dis	(645, 652)	N	dif	hori	left	True	627699	628870	left	1	2	103
16	pw	f	24	1	80	diamond	red	(724, 619)	high	dis	(565, 460)	N	same	vert	up	True	629978	630861	up	1	2	104
16	pw	f	24	1	80	circle	green	(645, 428)	low	dis	(565, 460)	N	dif	vert	up	True	632104	633174	up	1	2	105
16	pw	f	24	1	80	diamond	green	(724, 619)	high	dis	(645, 652)	N	same	hori	left	True	634416	635645	left	1	2	106
16	pw	f	24	1	80	circle	green	(724, 619)	high	dis	(757, 540)	N	same	hori	left	True	636804	638717	left	1	2	107
16	pw	f	24	1	80	diamond	green	(724, 619)	high	dis	(645, 652)	N	dif	hori	left	True	639840	641029	left	1	2	108
16	pw	f	24	1	80	diamond	green	(724, 619)	high	no	no_dis	N	same	hori	left	True	642069	642749	left	1	2	109
16	pw	f	24	1	80	circle	green	(724, 619)	high	no	no_dis	N	same	vert	up	True	643883	644701	up	1	2	110
16	pw	f	24	1	80	circle	red	(724, 619)	high	dis	(565, 619)	N	same	vert	up	True	645751	646581	up	1	2	111
16	pw	f	24	1	80	diamond	red	(565, 619)	low	dis	(757, 540)	N	same	hori	left	True	647694	649029	left	1	2	112
16	pw	f	24	1	80	diamond	red	(724, 619)	high	dis	(565, 460)	N	same	hori	left	True	650271	651445	left	1	2	113
16	pw	f	24	1	80	circle	green	(724, 619)	high	dis	(645, 428)	N	same	vert	up	True	652552	653750	up	1	2	114
16	pw	f	24	1	80	diamond	green	(724, 619)	high	no	no_dis	N	dif	hori	left	True	654876	656101	left	1	2	115
16	pw	f	24	1	80	diamond	red	(724, 460)	low	no	no_dis	N	dif	hori	left	True	657159	658381	left	1	2	116
16	pw	f	24	1	80	diamond	green	(724, 619)	high	dis	(757, 540)	N	same	hori	left	True	659570	660837	left	1	2	117
16	pw	f	24	1	80	circle	green	(724, 619)	high	no	no_dis	N	dif	vert	up	True	662063	663678	up	1	2	118
16	pw	f	24	1	80	circle	green	(724, 619)	high	dis	(533, 540)	N	dif	hori	left	True	664875	666061	left	1	2	119
16	pw	f	24	1	80	diamond	red	(724, 619)	high	dis	(645, 428)	N	same	vert	up	True	667257	668445	up	1	2	120
16	pw	f	24	1	80	diamond	green	(724, 619)	high	dis	(724, 460)	N	dif	vert	up	True	719389	720925	up	1	3	1
16	pw	f	24	1	80	circle	green	(724, 619)	high	dis	(645, 428)	N	same	hori	left	True	722126	724037	left	1	3	2
16	pw	f	24	1	80	diamond	green	(724, 619)	high	dis	(757, 540)	N	same	vert	up	True	725272	727086	up	1	3	3
16	pw	f	24	1	80	circle	green	(565, 619)	low	dis	(724, 619)	Y	same	hori	left	True	728109	729365	left	1	3	4
16	pw	f	24	1	80	circle	green	(724, 619)	high	dis	(757, 540)	N	dif	vert	up	True	730497	732285	up	1	3	5
16	pw	f	24	1	80	circle	red	(724, 619)	high	no	no_dis	N	same	hori	left	True	733393	734173	left	1	3	6
16	pw	f	24	1	80	diamond	green	(724, 619)	high	dis	(757, 540)	N	same	hori	left	True	735365	738069	left	1	3	7
16	pw	f	24	1	80	diamond	red	(724, 619)	high	no	no_dis	N	dif	hori	left	True	739171	740165	left	1	3	8
16	pw	f	24	1	80	diamond	red	(724, 619)	high	dis	(724, 460)	N	same	vert	up	True	741189	742045	up	1	3	9
16	pw	f	24	1	80	diamond	red	(724, 619)	high	dis	(645, 652)	N	dif	hori	left	True	743273	744325	left	1	3	10
16	pw	f	24	1	80	diamond	green	(724, 619)	high	dis	(645, 652)	N	dif	vert	up	True	745542	746549	up	1	3	11
16	pw	f	24	1	80	circle	green	(724, 619)	high	no	no_dis	N	same	vert	up	True	747688	749037	up	1	3	12
16	pw	f	24	1	80	diamond	red	(724, 619)	high	dis	(565, 460)	N	same	vert	up	True	750189	751310	up	1	3	13
16	pw	f	24	1	80	circle	green	(724, 619)	high	dis	(724, 460)	N	same	hori	left	True	752550	753741	left	1	3	14
16	pw	f	24	1	80	circle	green	(724, 619)	high	no	no_dis	N	dif	hori	left	True	754800	756429	left	1	3	15
16	pw	f	24	1	80	diamond	green	(533, 540)	low	no	no_dis	N	dif	vert	up	True	757504	758694	up	1	3	16
16	pw	f	24	1	80	circle	red	(724, 619)	high	dis	(565, 619)	N	same	hori	left	True	759730	760989	left	1	3	17
16	pw	f	24	1	80	circle	green	(645, 652)	low	dis	(565, 460)	N	dif	hori	left	True	762036	764477	left	1	3	18
16	pw	f	24	1	80	circle	red	(565, 619)	low	dis	(757, 540)	N	dif	vert	up	True	765659	766837	up	1	3	19
16	pw	f	24	1	80	diamond	red	(724, 619)	high	no	no_dis	N	same	hori	left	True	767967	769245	left	1	3	20
16	pw	f	24	1	80	diamond	red	(724, 619)	high	dis	(533, 540)	N	dif	vert	up	True	770448	771709	up	1	3	21
16	pw	f	24	1	80	circle	red	(724, 619)	high	dis	(565, 619)	N	dif	vert	up	True	772836	773709	up	1	3	22
16	pw	f	24	1	80	diamond	green	(565, 460)	low	dis	(724, 619)	Y	same	hori	left	True	774784	775878	left	1	3	23
16	pw	f	24	1	80	circle	green	(724, 619)	high	no	no_dis	N	dif	hori	left	True	777129	778526	left	1	3	24
16	pw	f	24	1	80	circle	red	(724, 619)	high	no	no_dis	N	same	vert	up	True	779577	780485	up	1	3	25
16	pw	f	24	1	80	diamond	red	(724, 619)	high	no	no_dis	N	same	hori	left	True	781572	782269	left	1	3	26
16	pw	f	24	1	80	diamond	green	(724, 619)	high	no	no_dis	N	dif	hori	left	True	783472	784605	left	1	3	27
16	pw	f	24	1	80	circle	green	(724, 619)	high	dis	(533, 540)	N	dif	hori	left	True	785724	786749	left	1	3	28
16	pw	f	24	1	80	circle	red	(724, 619)	high	no	no_dis	N	dif	vert	up	True	787983	788693	up	1	3	29
16	pw	f	24	1	80	circle	red	(724, 619)	high	dis	(724, 460)	N	dif	vert	up	True	789812	790813	up	1	3	30
16	pw	f	24	1	80	circle	red	(724, 619)	high	dis	(724, 460)	N	dif	hori	left	True	792002	793581	left	1	3	31
16	pw	f	24	1	80	diamond	green	(724, 619)	high	no	no_dis	N	dif	vert	up	True	794722	795477	up	1	3	32
16	pw	f	24	1	80	circle	red	(724, 619)	high	no	no_dis	N	same	hori	left	True	796713	797325	left	1	3	33
16	pw	f	24	1	80	diamond	red	(724, 619)	high	dis	(565, 460)	N	same	vert	up	True	798504	799349	up	1	3	34
16	pw	f	24	1	80	circle	red	(724, 619)	high	dis	(565, 619)	N	same	vert	up	True	800569	801158	up	1	3	35
16	pw	f	24	1	80	diamond	green	(724, 619)	high	no	no_dis	N	dif	hori	left	True	802408	803117	left	1	3	36
16	pw	f	24	1	80	circle	green	(724, 460)	low	no	no_dis	N	dif	vert	up	True	804368	806413	up	1	3	37
16	pw	f	24	1	80	circle	green	(645, 428)	low	dis	(724, 619)	Y	same	vert	up	True	807656	808838	up	1	3	38
16	pw	f	24	1	80	diamond	green	(724, 619)	high	dis	(724, 460)	N	same	vert	up	True	809977	811789	left	0	3	39
16	pw	f	24	1	80	circle	green	(724, 619)	high	dis	(645, 652)	N	same	vert	up	True	814431	816453	up	1	3	40
16	pw	f	24	1	80	diamond	green	(724, 619)	high	dis	(565, 460)	N	same	vert	up	True	817478	818533	up	1	3	41
16	pw	f	24	1	80	circle	green	(724, 619)	high	no	no_dis	N	same	vert	up	True	819592	820621	up	1	3	42
16	pw	f	24	1	80	circle	green	(724, 619)	high	no	no_dis	N	same	hori	left	True	821851	822653	left	1	3	43
16	pw	f	24	1	80	diamond	red	(565, 460)	low	dis	(724, 619)	Y	same	vert	up	True	823672	824949	up	1	3	44
16	pw	f	24	1	80	circle	green	(724, 619)	high	no	no_dis	N	dif	vert	up	True	826187	827325	up	1	3	45
16	pw	f	24	1	80	circle	green	(724, 619)	high	dis	(565, 460)	N	dif	vert	up	True	828462	830150	up	1	3	46
16	pw	f	24	1	80	diamond	green	(724, 619)	high	no	no_dis	N	dif	hori	left	True	831385	832669	left	1	3	47
16	pw	f	24	1	80	circle	red	(724, 619)	high	no	no_dis	N	same	vert	up	True	833769	834917	up	1	3	48
16	pw	f	24	1	80	circle	red	(724, 619)	high	no	no_dis	N	same	vert	up	True	836121	837397	up	1	3	49
16	pw	f	24	1	80	circle	green	(724, 619)	high	dis	(645, 428)	N	dif	vert	up	True	838426	839757	up	1	3	50
16	pw	f	24	1	80	diamond	green	(724, 619)	high	dis	(533, 540)	N	dif	hori	left	True	840814	842013	left	1	3	51
16	pw	f	24	1	80	diamond	red	(724, 619)	high	dis	(645, 652)	N	dif	vert	up	True	843095	843797	up	1	3	52
16	pw	f	24	1	80	circle	red	(724, 619)	high	dis	(565, 619)	N	same	hori	left	True	845025	845949	left	1	3	53
16	pw	f	24	1	80	circle	red	(533, 540)	low	dis	(724, 619)	Y	same	vert	up	True	847085	848469	up	1	3	54
16	pw	f	24	1	80	diamond	green	(757, 540)	low	dis	(565, 619)	N	dif	hori	left	True	849635	850781	left	1	3	55
16	pw	f	24	1	80	circle	red	(724, 460)	low	dis	(533, 540)	N	dif	vert	up	True	851887	852718	up	1	3	56
16	pw	f	24	1	80	circle	green	(724, 619)	high	dis	(645, 652)	N	same	vert	up	True	853795	855477	up	1	3	57
16	pw	f	24	1	80	circle	green	(724, 619)	high	no	no_dis	N	same	vert	up	True	856499	857541	up	1	3	58
16	pw	f	24	1	80	circle	green	(724, 460)	low	dis	(724, 619)	Y	same	hori	left	True	858566	859645	left	1	3	59
16	pw	f	24	1	80	circle	green	(724, 619)	high	dis	(533, 540)	N	same	hori	left	True	860744	861901	left	1	3	60
16	pw	f	24	1	80	diamond	green	(724, 619)	high	dis	(565, 460)	N	dif	vert	up	True	862966	863997	up	1	3	61
16	pw	f	24	1	80	circle	green	(724, 619)	high	dis	(645, 428)	N	dif	hori	left	True	865210	867485	left	1	3	62
16	pw	f	24	1	80	circle	red	(724, 619)	high	dis	(565, 619)	N	same	hori	left	True	868631	869453	left	1	3	63
16	pw	f	24	1	80	diamond	green	(724, 619)	high	dis	(645, 428)	N	same	hori	left	True	870600	871309	left	1	3	64
16	pw	f	24	1	80	circle	green	(724, 619)	high	dis	(757, 540)	N	dif	vert	up	True	872503	873461	up	1	3	65
16	pw	f	24	1	80	diamond	green	(724, 619)	high	dis	(565, 460)	N	same	vert	up	True	874646	875549	up	1	3	66
16	pw	f	24	1	80	diamond	green	(724, 619)	high	dis	(645, 652)	N	same	hori	left	True	876708	877565	left	1	3	67
16	pw	f	24	1	80	circle	red	(757, 540)	low	dis	(724, 619)	Y	same	vert	up	True	878653	880717	up	1	3	68
16	pw	f	24	1	80	circle	red	(724, 619)	high	dis	(645, 428)	N	dif	hori	left	True	881759	882597	left	1	3	69
16	pw	f	24	1	80	diamond	green	(724, 619)	high	dis	(565, 619)	N	same	hori	left	True	883694	885509	left	1	3	70
16	pw	f	24	1	80	circle	green	(645, 652)	low	no	no_dis	N	same	vert	up	True	886727	887973	up	1	3	71
16	pw	f	24	1	80	circle	green	(724, 619)	high	dis	(533, 540)	N	same	hori	left	True	889176	891277	left	1	3	72
16	pw	f	24	1	80	circle	red	(757, 540)	low	no	no_dis	N	same	vert	up	True	892399	894221	up	1	3	73
16	pw	f	24	1	80	diamond	red	(724, 619)	high	dis	(565, 619)	N	dif	hori	left	True	895229	897949	left	1	3	74
16	pw	f	24	1	80	diamond	green	(724, 619)	high	dis	(645, 652)	N	same	vert	up	True	899070	900549	up	1	3	75
16	pw	f	24	1	80	diamond	green	(724, 619)	high	no	no_dis	N	dif	hori	left	True	901654	902461	left	1	3	76
16	pw	f	24	1	80	circle	red	(565, 460)	low	no	no_dis	N	same	hori	left	True	903558	905060	left	1	3	77
16	pw	f	24	1	80	diamond	green	(724, 619)	high	no	no_dis	N	same	vert	up	True	906135	907541	up	1	3	78
16	pw	f	24	1	80	circle	red	(724, 619)	high	dis	(757, 540)	N	dif	vert	up	True	908591	909564	up	1	3	79
16	pw	f	24	1	80	circle	red	(724, 619)	high	dis	(533, 540)	N	same	hori	left	True	910805	912389	left	1	3	80
16	pw	f	24	1	80	circle	green	(724, 619)	high	dis	(565, 619)	N	same	hori	left	True	913507	914252	left	1	3	81
16	pw	f	24	1	80	circle	green	(724, 619)	high	dis	(533, 540)	N	dif	hori	left	True	915457	916373	left	1	3	82
16	pw	f	24	1	80	circle	red	(724, 619)	high	no	no_dis	N	dif	vert	up	True	917548	918765	up	1	3	83
16	pw	f	24	1	80	diamond	red	(724, 619)	high	dis	(645, 652)	N	same	vert	up	True	919780	920757	up	1	3	84
16	pw	f	24	1	80	circle	red	(724, 619)	high	dis	(757, 540)	N	dif	hori	left	True	921918	923197	left	1	3	85
16	pw	f	24	1	80	diamond	red	(724, 460)	low	no	no_dis	N	same	hori	left	True	924331	926517	left	1	3	86
16	pw	f	24	1	80	diamond	red	(645, 652)	low	dis	(724, 619)	Y	dif	hori	left	True	927752	929173	left	1	3	87
16	pw	f	24	1	80	circle	red	(724, 619)	high	dis	(757, 540)	N	dif	vert	up	True	930335	931477	up	1	3	88
16	pw	f	24	1	80	circle	red	(724, 619)	high	dis	(565, 619)	N	dif	vert	up	True	932677	933765	up	1	3	89
16	pw	f	24	1	80	diamond	red	(724, 619)	high	no	no_dis	N	same	hori	left	True	934884	935629	left	1	3	90
16	pw	f	24	1	80	diamond	green	(724, 619)	high	dis	(565, 460)	N	dif	hori	left	True	936714	938461	left	1	3	91
16	pw	f	24	1	80	circle	red	(724, 619)	high	dis	(645, 652)	N	dif	hori	left	True	939687	940764	left	1	3	92
16	pw	f	24	1	80	diamond	red	(724, 619)	high	no	no_dis	N	same	vert	up	True	941945	943044	up	1	3	93
16	pw	f	24	1	80	diamond	red	(724, 619)	high	dis	(724, 460)	N	same	vert	up	True	944246	945165	up	1	3	94
16	pw	f	24	1	80	circle	red	(724, 619)	high	no	no_dis	N	dif	vert	up	True	946361	947461	up	1	3	95
16	pw	f	24	1	80	diamond	red	(645, 428)	low	dis	(724, 460)	N	dif	hori	left	True	948609	949981	left	1	3	96
16	pw	f	24	1	80	circle	green	(724, 619)	high	no	no_dis	N	same	hori	left	True	951057	952637	left	1	3	97
16	pw	f	24	1	80	diamond	red	(724, 619)	high	dis	(645, 428)	N	same	hori	left	True	953796	954653	left	1	3	98
16	pw	f	24	1	80	diamond	green	(724, 619)	high	dis	(533, 540)	N	dif	hori	left	True	955792	956493	left	1	3	99
16	pw	f	24	1	80	diamond	red	(724, 619)	high	dis	(645, 428)	N	same	hori	left	True	957591	958533	left	1	3	100
16	pw	f	24	1	80	diamond	red	(724, 619)	high	dis	(645, 428)	N	dif	hori	left	True	959735	960509	left	1	3	101
16	pw	f	24	1	80	diamond	red	(565, 619)	low	no	no_dis	N	dif	hori	left	True	961757	962900	left	1	3	102
16	pw	f	24	1	80	diamond	red	(724, 619)	high	dis	(724, 460)	N	same	vert	up	True	963921	964924	up	1	3	103
16	pw	f	24	1	80	circle	green	(724, 619)	high	dis	(565, 460)	N	same	vert	up	True	966141	966965	up	1	3	104
16	pw	f	24	1	80	diamond	green	(724, 619)	high	no	no_dis	N	same	hori	left	True	968109	968941	left	1	3	105
16	pw	f	24	1	80	diamond	red	(724, 619)	high	dis	(724, 460)	N	same	vert	up	True	970088	971613	up	1	3	106
16	pw	f	24	1	80	diamond	red	(724, 619)	high	no	no_dis	N	dif	hori	left	True	972830	973565	left	1	3	107
16	pw	f	24	1	80	circle	red	(724, 619)	high	dis	(645, 652)	N	dif	hori	left	True	974616	975428	left	1	3	108
16	pw	f	24	1	80	diamond	green	(757, 540)	low	dis	(724, 619)	Y	same	hori	left	True	976631	977741	left	1	3	109
16	pw	f	24	1	80	diamond	green	(533, 540)	low	dis	(645, 428)	N	dif	vert	up	True	978961	980588	up	1	3	110
16	pw	f	24	1	80	diamond	red	(565, 460)	low	dis	(724, 619)	Y	dif	vert	up	True	981780	982708	up	1	3	111
16	pw	f	24	1	80	diamond	red	(724, 619)	high	no	no_dis	N	dif	vert	up	True	983830	985085	up	1	3	112
16	pw	f	24	1	80	circle	red	(724, 619)	high	dis	(533, 540)	N	dif	vert	up	True	986280	987205	up	1	3	113
16	pw	f	24	1	80	diamond	green	(724, 619)	high	dis	(565, 460)	N	dif	hori	left	True	988260	988941	left	1	3	114
16	pw	f	24	1	80	diamond	green	(724, 619)	high	no	no_dis	N	dif	vert	up	True	990180	990989	up	1	3	115
16	pw	f	24	1	80	circle	green	(724, 619)	high	dis	(757, 540)	N	dif	vert	up	True	992230	993821	up	1	3	116
16	pw	f	24	1	80	diamond	green	(645, 428)	low	no	no_dis	N	dif	hori	left	True	994888	995781	left	1	3	117
16	pw	f	24	1	80	diamond	red	(724, 619)	high	dis	(757, 540)	N	same	hori	left	True	997019	998069	left	1	3	118
16	pw	f	24	1	80	diamond	red	(724, 619)	high	no	no_dis	N	dif	vert	up	True	999289	1000029	up	1	3	119
16	pw	f	24	1	80	diamond	red	(724, 619)	high	dis	(645, 428)	N	dif	hori	left	True	1001111	1001773	left	1	3	120
16	pw	f	24	1	80	diamond	green	(724, 619)	high	dis	(533, 540)	N	dif	vert	up	True	1051123	1052421	up	1	4	1
16	pw	f	24	1	80	circle	red	(724, 619)	high	dis	(565, 460)	N	same	hori	left	True	1053564	1054493	left	1	4	2
16	pw	f	24	1	80	circle	green	(724, 460)	low	dis	(724, 619)	Y	dif	hori	left	True	1055742	1056941	left	1	4	3
16	pw	f	24	1	80	diamond	red	(724, 619)	high	no	no_dis	N	same	vert	up	True	1058033	1058965	up	1	4	4
16	pw	f	24	1	80	diamond	red	(724, 619)	high	dis	(565, 619)	N	dif	vert	up	True	1060011	1061221	up	1	4	5
16	pw	f	24	1	80	diamond	green	(724, 619)	high	dis	(757, 540)	N	dif	hori	left	True	1062264	1063381	left	1	4	6
16	pw	f	24	1	80	diamond	red	(724, 619)	high	dis	(724, 460)	N	same	vert	up	True	1064568	1065325	up	1	4	7
16	pw	f	24	1	80	circle	red	(724, 619)	high	dis	(565, 619)	N	same	vert	up	True	1066573	1067380	up	1	4	8
16	pw	f	24	1	80	circle	green	(533, 540)	low	no	no_dis	N	same	vert	up	True	1068497	1069701	up	1	4	9
16	pw	f	24	1	80	circle	green	(645, 652)	low	dis	(724, 619)	Y	dif	hori	left	True	1070952	1071957	left	1	4	10
16	pw	f	24	1	80	circle	red	(724, 619)	high	dis	(533, 540)	N	dif	hori	left	True	1073074	1073837	left	1	4	11
16	pw	f	24	1	80	diamond	green	(645, 428)	low	no	no_dis	N	dif	hori	left	True	1074863	1075756	left	1	4	12
16	pw	f	24	1	80	circle	red	(724, 619)	high	dis	(645, 652)	N	same	hori	left	True	1076809	1078005	left	1	4	13
16	pw	f	24	1	80	circle	red	(724, 619)	high	no	no_dis	N	same	vert	up	True	1079105	1079917	up	1	4	14
16	pw	f	24	1	80	diamond	red	(724, 619)	high	no	no_dis	N	same	vert	up	True	1081001	1081917	up	1	4	15
16	pw	f	24	1	80	diamond	red	(645, 428)	low	dis	(565, 460)	N	dif	hori	left	True	1083063	1083989	left	1	4	16
16	pw	f	24	1	80	circle	red	(565, 619)	low	no	no_dis	N	dif	hori	left	True	1085120	1086181	left	1	4	17
16	pw	f	24	1	80	diamond	red	(724, 619)	high	dis	(565, 460)	N	dif	hori	left	True	1087407	1088620	left	1	4	18
16	pw	f	24	1	80	diamond	green	(565, 460)	low	dis	(645, 652)	N	same	hori	left	True	1089832	1091293	left	1	4	19
16	pw	f	24	1	80	diamond	red	(724, 619)	high	dis	(565, 619)	N	same	hori	left	True	1092505	1093444	left	1	4	20
16	pw	f	24	1	80	circle	green	(645, 428)	low	dis	(724, 619)	Y	same	vert	up	True	1094490	1095693	up	1	4	21
16	pw	f	24	1	80	circle	red	(757, 540)	low	no	no_dis	N	dif	vert	up	True	1096792	1098029	up	1	4	22
16	pw	f	24	1	80	circle	red	(757, 540)	low	dis	(645, 428)	N	same	vert	up	True	1099234	1100964	up	1	4	23
16	pw	f	24	1	80	circle	green	(724, 619)	high	dis	(757, 540)	N	same	vert	up	True	1102154	1103293	up	1	4	24
16	pw	f	24	1	80	circle	green	(724, 619)	high	no	no_dis	N	dif	hori	left	True	1104388	1106005	left	1	4	25
16	pw	f	24	1	80	circle	green	(724, 619)	high	dis	(724, 460)	N	dif	hori	left	True	1107167	1108277	left	1	4	26
16	pw	f	24	1	80	circle	green	(724, 619)	high	no	no_dis	N	dif	hori	left	True	1109470	1110132	left	1	4	27
16	pw	f	24	1	80	diamond	red	(724, 619)	high	dis	(565, 460)	N	dif	hori	left	True	1111306	1112677	left	1	4	28
16	pw	f	24	1	80	diamond	red	(724, 619)	high	dis	(757, 540)	N	same	vert	up	True	1113869	1115468	up	1	4	29
16	pw	f	24	1	80	circle	green	(724, 460)	low	no	no_dis	N	same	vert	up	True	1116614	1117900	up	1	4	30
16	pw	f	24	1	80	diamond	red	(724, 619)	high	dis	(645, 428)	N	same	vert	up	True	1118979	1120613	up	1	4	31
16	pw	f	24	1	80	diamond	red	(533, 540)	low	no	no_dis	N	same	hori	left	True	1121798	1122836	left	1	4	32
16	pw	f	24	1	80	circle	green	(724, 619)	high	dis	(565, 619)	N	dif	hori	left	True	1123952	1124941	left	1	4	33
16	pw	f	24	1	80	diamond	green	(724, 619)	high	dis	(724, 460)	N	same	hori	left	True	1126167	1127780	left	1	4	34
16	pw	f	24	1	80	circle	red	(724, 619)	high	dis	(645, 652)	N	same	hori	left	True	1128921	1130948	left	1	4	35
16	pw	f	24	1	80	circle	red	(724, 460)	low	dis	(724, 619)	Y	dif	vert	up	True	1131954	1133877	up	1	4	36
16	pw	f	24	1	80	circle	green	(724, 619)	high	dis	(565, 460)	N	dif	vert	up	True	1135070	1135941	up	1	4	37
16	pw	f	24	1	80	circle	green	(724, 619)	high	no	no_dis	N	dif	hori	left	True	1137119	1138148	left	1	4	38
16	pw	f	24	1	80	circle	green	(724, 619)	high	no	no_dis	N	same	hori	left	True	1139259	1139860	left	1	4	39
16	pw	f	24	1	80	circle	red	(724, 619)	high	dis	(565, 619)	N	dif	vert	up	True	1140938	1141708	up	1	4	40
16	pw	f	24	1	80	diamond	green	(724, 619)	high	dis	(757, 540)	N	same	hori	left	True	1142794	1143892	left	1	4	41
16	pw	f	24	1	80	diamond	red	(724, 619)	high	dis	(645, 652)	N	dif	hori	left	True	1144897	1145605	left	1	4	42
16	pw	f	24	1	80	circle	green	(724, 619)	high	dis	(645, 428)	N	same	hori	left	True	1146804	1148668	left	1	4	43
16	pw	f	24	1	80	diamond	red	(645, 652)	low	dis	(724, 619)	Y	dif	vert	up	True	1149917	1151101	up	1	4	44
16	pw	f	24	1	80	diamond	green	(724, 619)	high	no	no_dis	N	same	vert	up	True	1152137	1152900	up	1	4	45
16	pw	f	24	1	80	diamond	green	(757, 540)	low	dis	(724, 619)	Y	same	vert	up	True	1153922	1155412	up	1	4	46
16	pw	f	24	1	80	diamond	green	(724, 619)	high	dis	(645, 428)	N	dif	vert	up	True	1156479	1157245	up	1	4	47
16	pw	f	24	1	80	diamond	green	(724, 619)	high	no	no_dis	N	dif	hori	left	True	1158359	1159108	left	1	4	48
16	pw	f	24	1	80	diamond	green	(724, 619)	high	no	no_dis	N	same	hori	left	True	1160318	1161180	left	1	4	49
16	pw	f	24	1	80	diamond	green	(724, 619)	high	no	no_dis	N	dif	vert	up	True	1162290	1163116	up	1	4	50
16	pw	f	24	1	80	circle	green	(724, 619)	high	dis	(757, 540)	N	same	hori	left	True	1164150	1165372	left	1	4	51
16	pw	f	24	1	80	diamond	red	(724, 619)	high	dis	(645, 652)	N	dif	vert	up	True	1166476	1167364	up	1	4	52
16	pw	f	24	1	80	circle	green	(724, 619)	high	dis	(565, 460)	N	same	vert	up	True	1168604	1169612	up	1	4	53
16	pw	f	24	1	80	diamond	red	(724, 619)	high	dis	(724, 460)	N	dif	vert	up	True	1170684	1171924	up	1	4	54
16	pw	f	24	1	80	circle	green	(724, 619)	high	dis	(757, 540)	N	same	vert	up	True	1173079	1173828	up	1	4	55
16	pw	f	24	1	80	circle	green	(724, 619)	high	dis	(565, 619)	N	same	vert	up	True	1174987	1176100	up	1	4	56
16	pw	f	24	1	80	circle	red	(724, 619)	high	no	no_dis	N	dif	vert	up	True	1177191	1177876	up	1	4	57
16	pw	f	24	1	80	diamond	green	(533, 540)	low	dis	(724, 460)	N	same	hori	left	True	1179111	1180813	left	1	4	58
16	pw	f	24	1	80	circle	green	(724, 619)	high	no	no_dis	N	dif	hori	left	True	1182064	1183844	left	1	4	59
16	pw	f	24	1	80	circle	red	(724, 619)	high	no	no_dis	N	same	vert	up	True	1185022	1186180	up	1	4	60
16	pw	f	24	1	80	diamond	red	(724, 619)	high	no	no_dis	N	dif	vert	up	True	1187292	1188733	up	1	4	61
16	pw	f	24	1	80	diamond	green	(724, 619)	high	dis	(533, 540)	N	dif	hori	left	True	1189828	1191100	left	1	4	62
16	pw	f	24	1	80	diamond	red	(724, 619)	high	no	no_dis	N	dif	vert	up	True	1192170	1193013	up	1	4	63
16	pw	f	24	1	80	diamond	red	(724, 619)	high	dis	(757, 540)	N	same	hori	left	True	1194157	1195396	left	1	4	64
16	pw	f	24	1	80	circle	red	(724, 619)	high	dis	(645, 428)	N	same	hori	left	True	1196608	1197844	left	1	4	65
16	pw	f	24	1	80	circle	green	(724, 619)	high	dis	(757, 540)	N	same	vert	up	True	1198912	1200084	up	1	4	66
16	pw	f	24	1	80	diamond	green	(724, 619)	high	dis	(645, 428)	N	dif	hori	left	True	1201098	1201973	left	1	4	67
16	pw	f	24	1	80	circle	red	(724, 619)	high	dis	(645, 428)	N	dif	vert	up	True	1202980	1203724	up	1	4	68
16	pw	f	24	1	80	diamond	red	(724, 619)	high	no	no_dis	N	same	hori	left	True	1204882	1205917	left	1	4	69
16	pw	f	24	1	80	circle	red	(724, 619)	high	dis	(724, 460)	N	same	hori	left	True	1206967	1207573	left	1	4	70
16	pw	f	24	1	80	circle	red	(724, 619)	high	dis	(645, 428)	N	same	vert	up	True	1208712	1209372	up	1	4	71
16	pw	f	24	1	80	diamond	green	(724, 619)	high	no	no_dis	N	dif	hori	left	True	1210426	1210996	left	1	4	72
16	pw	f	24	1	80	circle	green	(724, 619)	high	dis	(565, 460)	N	dif	hori	left	True	1212079	1212581	left	1	4	73
16	pw	f	24	1	80	circle	green	(724, 619)	high	dis	(724, 460)	N	dif	hori	left	True	1213770	1214357	left	1	4	74
16	pw	f	24	1	80	diamond	red	(565, 460)	low	dis	(724, 619)	Y	same	hori	left	True	1215427	1216421	left	1	4	75
16	pw	f	24	1	80	circle	red	(565, 619)	low	dis	(757, 540)	N	dif	vert	up	True	1217533	1219045	up	1	4	76
16	pw	f	24	1	80	diamond	red	(724, 619)	high	dis	(645, 652)	N	dif	vert	up	True	1220258	1222093	up	1	4	77
16	pw	f	24	1	80	circle	green	(724, 619)	high	no	no_dis	N	same	hori	left	True	1223112	1223948	left	1	4	78
16	pw	f	24	1	80	circle	green	(724, 619)	high	no	no_dis	N	same	vert	up	True	1225018	1225644	up	1	4	79
16	pw	f	24	1	80	diamond	red	(724, 619)	high	dis	(565, 619)	N	same	hori	left	True	1226794	1227476	left	1	4	80
16	pw	f	24	1	80	circle	green	(724, 619)	high	dis	(565, 460)	N	same	vert	up	True	1228566	1229141	up	1	4	81
16	pw	f	24	1	80	diamond	green	(724, 619)	high	dis	(533, 540)	N	dif	vert	up	True	1230218	1230796	up	1	4	82
16	pw	f	24	1	80	diamond	green	(724, 619)	high	dis	(645, 652)	N	same	vert	up	True	1231887	1232605	up	1	4	83
16	pw	f	24	1	80	circle	red	(724, 619)	high	dis	(533, 540)	N	dif	hori	left	True	1233716	1234476	left	1	4	84
16	pw	f	24	1	80	circle	green	(724, 619)	high	no	no_dis	N	same	vert	up	True	1235548	1236148	up	1	4	85
16	pw	f	24	1	80	diamond	green	(645, 652)	low	no	no_dis	N	dif	vert	up	True	1237182	1238316	up	1	4	86
16	pw	f	24	1	80	circle	red	(533, 540)	low	dis	(724, 619)	Y	same	hori	left	True	1239396	1240629	left	1	4	87
16	pw	f	24	1	80	diamond	green	(724, 619)	high	no	no_dis	N	dif	hori	left	True	1241835	1242804	left	1	4	88
16	pw	f	24	1	80	diamond	green	(724, 619)	high	dis	(565, 619)	N	dif	vert	up	True	1244015	1244828	up	1	4	89
16	pw	f	24	1	80	circle	red	(724, 619)	high	dis	(645, 428)	N	same	vert	up	True	1245916	1246676	up	1	4	90
16	pw	f	24	1	80	diamond	green	(724, 619)	high	no	no_dis	N	same	vert	up	True	1247743	1248549	up	1	4	91
16	pw	f	24	1	80	circle	red	(724, 619)	high	dis	(533, 540)	N	same	hori	left	True	1249734	1250604	left	1	4	92
16	pw	f	24	1	80	diamond	green	(724, 619)	high	dis	(645, 652)	N	same	vert	up	True	1251726	1252669	up	1	4	93
16	pw	f	24	1	80	diamond	green	(724, 619)	high	dis	(645, 652)	N	dif	hori	left	True	1253877	1254565	left	1	4	94
16	pw	f	24	1	80	diamond	red	(565, 460)	low	no	no_dis	N	same	hori	left	True	1255797	1257236	left	1	4	95
16	pw	f	24	1	80	circle	red	(724, 619)	high	no	no_dis	N	same	hori	left	True	1258293	1259556	left	1	4	96
16	pw	f	24	1	80	diamond	green	(724, 619)	high	no	no_dis	N	dif	vert	up	True	1260577	1262260	up	1	4	97
16	pw	f	24	1	80	diamond	green	(724, 619)	high	dis	(724, 460)	N	dif	hori	left	True	1263372	1264725	left	1	4	98
16	pw	f	24	1	80	circle	green	(724, 619)	high	dis	(565, 460)	N	dif	hori	left	True	1265776	1266804	left	1	4	99
16	pw	f	24	1	80	circle	green	(565, 619)	low	dis	(724, 619)	Y	dif	vert	up	True	1268010	1269300	up	1	4	100
16	pw	f	24	1	80	diamond	red	(724, 619)	high	no	no_dis	N	dif	vert	up	True	1270371	1271172	up	1	4	101
16	pw	f	24	1	80	diamond	red	(645, 652)	low	dis	(533, 540)	N	same	vert	up	True	1272297	1273284	up	1	4	102
16	pw	f	24	1	80	circle	red	(724, 619)	high	dis	(533, 540)	N	same	hori	left	True	1274405	1275308	left	1	4	103
16	pw	f	24	1	80	diamond	red	(724, 619)	high	no	no_dis	N	dif	vert	up	True	1276537	1277620	up	1	4	104
16	pw	f	24	1	80	circle	green	(724, 619)	high	dis	(645, 428)	N	same	vert	up	True	1278838	1279733	up	1	4	105
16	pw	f	24	1	80	diamond	red	(724, 619)	high	dis	(565, 619)	N	dif	vert	up	True	1280799	1281516	up	1	4	106
16	pw	f	24	1	80	diamond	red	(724, 619)	high	dis	(533, 540)	N	same	hori	left	True	1282644	1283381	left	1	4	107
16	pw	f	24	1	80	circle	red	(724, 619)	high	no	no_dis	N	same	hori	left	True	1284583	1285452	left	1	4	108
16	pw	f	24	1	80	diamond	green	(724, 619)	high	dis	(645, 652)	N	dif	vert	up	True	1286597	1287260	up	1	4	109
16	pw	f	24	1	80	circle	red	(724, 619)	high	dis	(533, 540)	N	dif	vert	up	True	1288439	1289100	up	1	4	110
16	pw	f	24	1	80	diamond	green	(565, 619)	low	dis	(724, 619)	Y	dif	hori	left	True	1290270	1290956	up	0	4	111
16	pw	f	24	1	80	circle	green	(724, 619)	high	dis	(565, 619)	N	same	vert	up	True	1293689	1295100	up	1	4	112
16	pw	f	24	1	80	circle	red	(724, 619)	high	no	no_dis	N	dif	hori	left	True	1296106	1297540	left	1	4	113
16	pw	f	24	1	80	circle	red	(724, 619)	high	no	no_dis	N	same	hori	left	True	1298783	1300469	left	1	4	114
16	pw	f	24	1	80	diamond	green	(724, 619)	high	dis	(724, 460)	N	dif	vert	up	True	1301499	1302404	up	1	4	115
16	pw	f	24	1	80	diamond	red	(724, 619)	high	dis	(565, 460)	N	dif	hori	left	True	1303560	1305020	left	1	4	116
16	pw	f	24	1	80	circle	red	(724, 619)	high	dis	(757, 540)	N	dif	vert	up	True	1306158	1306876	up	1	4	117
16	pw	f	24	1	80	diamond	green	(724, 619)	high	dis	(724, 460)	N	same	hori	left	True	1307988	1308692	left	1	4	118
16	pw	f	24	1	80	diamond	red	(724, 619)	high	no	no_dis	N	same	hori	left	True	1309831	1310660	left	1	4	119
16	pw	f	24	1	80	circle	red	(724, 619)	high	no	no_dis	N	dif	vert	up	True	1311705	1312660	up	1	4	120
16	pw	f	24	1	80	diamond	green	(724, 619)	high	dis	(645, 652)	N	same	vert	up	True	1346549	1348484	up	1	5	1
16	pw	f	24	1	80	circle	red	(724, 619)	high	dis	(645, 428)	N	same	hori	left	True	1349668	1351484	left	1	5	2
16	pw	f	24	1	80	diamond	red	(724, 619)	high	no	no_dis	N	dif	vert	up	True	1352584	1353556	up	1	5	3
16	pw	f	24	1	80	circle	green	(565, 619)	low	dis	(724, 619)	Y	same	vert	up	True	1354646	1355892	up	1	5	4
16	pw	f	24	1	80	diamond	red	(724, 619)	high	no	no_dis	N	same	hori	left	True	1357114	1357852	left	1	5	5
16	pw	f	24	1	80	diamond	red	(565, 460)	low	dis	(724, 619)	Y	same	vert	up	True	1359047	1360180	up	1	5	6
16	pw	f	24	1	80	diamond	red	(724, 619)	high	no	no_dis	N	dif	hori	left	True	1361301	1362020	left	1	5	7
16	pw	f	24	1	80	circle	red	(724, 619)	high	no	no_dis	N	dif	hori	left	True	1363196	1363932	left	1	5	8
16	pw	f	24	1	80	diamond	red	(724, 619)	high	dis	(565, 619)	N	same	vert	up	True	1364963	1365740	up	1	5	9
16	pw	f	24	1	80	circle	green	(724, 619)	high	dis	(757, 540)	N	dif	hori	left	True	1366814	1367500	left	1	5	10
16	pw	f	24	1	80	diamond	red	(724, 619)	high	dis	(757, 540)	N	same	vert	up	True	1368528	1369276	up	1	5	11
16	pw	f	24	1	80	diamond	red	(645, 428)	low	dis	(565, 460)	N	dif	hori	left	True	1370479	1371908	left	1	5	12
16	pw	f	24	1	80	circle	green	(533, 540)	low	no	no_dis	N	same	hori	left	True	1373117	1374132	left	1	5	13
16	pw	f	24	1	80	circle	red	(724, 460)	low	dis	(724, 619)	Y	dif	vert	up	True	1375240	1376580	up	1	5	14
16	pw	f	24	1	80	circle	red	(565, 619)	low	no	no_dis	N	same	vert	up	True	1377700	1378460	up	1	5	15
16	pw	f	24	1	80	circle	red	(757, 540)	low	dis	(565, 619)	N	same	hori	left	True	1379553	1381460	left	1	5	16
16	pw	f	24	1	80	circle	red	(724, 619)	high	no	no_dis	N	same	hori	left	True	1382504	1383340	left	1	5	17
16	pw	f	24	1	80	diamond	red	(724, 619)	high	no	no_dis	N	dif	hori	left	True	1384464	1385924	left	1	5	18
16	pw	f	24	1	80	diamond	red	(724, 619)	high	no	no_dis	N	same	vert	up	True	1387169	1388564	up	1	5	19
16	pw	f	24	1	80	circle	red	(724, 619)	high	dis	(757, 540)	N	dif	vert	up	True	1389780	1391252	up	1	5	20
16	pw	f	24	1	80	circle	red	(533, 540)	low	dis	(724, 619)	Y	dif	hori	left	True	1392263	1393275	left	1	5	21
16	pw	f	24	1	80	diamond	red	(724, 619)	high	no	no_dis	N	dif	vert	up	True	1394360	1395595	up	1	5	22
16	pw	f	24	1	80	circle	green	(645, 428)	low	dis	(533, 540)	N	same	vert	up	True	1396744	1397756	up	1	5	23
16	pw	f	24	1	80	circle	green	(724, 619)	high	dis	(645, 652)	N	dif	hori	left	True	1398827	1400868	left	1	5	24
16	pw	f	24	1	80	diamond	green	(724, 619)	high	dis	(645, 652)	N	same	hori	left	True	1401926	1403124	left	1	5	25
16	pw	f	24	1	80	circle	red	(724, 619)	high	dis	(533, 540)	N	dif	vert	up	True	1404269	1404899	up	1	5	26
16	pw	f	24	1	80	diamond	green	(724, 619)	high	dis	(645, 428)	N	same	hori	left	True	1406127	1407859	left	1	5	27
16	pw	f	24	1	80	diamond	red	(724, 619)	high	dis	(645, 652)	N	dif	hori	left	True	1409020	1409932	left	1	5	28
16	pw	f	24	1	80	diamond	green	(724, 619)	high	dis	(645, 652)	N	dif	hori	left	True	1410976	1412252	left	1	5	29
16	pw	f	24	1	80	circle	red	(724, 619)	high	dis	(724, 460)	N	same	vert	up	True	1413321	1414108	up	1	5	30
16	pw	f	24	1	80	circle	green	(724, 619)	high	dis	(533, 540)	N	same	vert	up	True	1415201	1416476	up	1	5	31
16	pw	f	24	1	80	diamond	red	(645, 652)	low	no	no_dis	N	dif	hori	left	True	1417568	1419373	left	1	5	32
16	pw	f	24	1	80	diamond	red	(724, 619)	high	dis	(757, 540)	N	same	hori	left	True	1420451	1421372	left	1	5	33
16	pw	f	24	1	80	diamond	red	(565, 619)	low	no	no_dis	N	dif	vert	up	True	1422434	1424212	up	1	5	34
16	pw	f	24	1	80	diamond	green	(724, 619)	high	no	no_dis	N	same	hori	left	True	1425376	1426932	left	1	5	35
16	pw	f	24	1	80	diamond	red	(724, 619)	high	dis	(533, 540)	N	same	hori	left	True	1428016	1429139	left	1	5	36
16	pw	f	24	1	80	circle	green	(724, 619)	high	dis	(757, 540)	N	dif	hori	left	True	1430169	1431924	left	1	5	37
16	pw	f	24	1	80	circle	green	(724, 619)	high	no	no_dis	N	same	vert	up	True	1433034	1434252	up	1	5	38
16	pw	f	24	1	80	diamond	red	(724, 619)	high	dis	(757, 540)	N	same	hori	left	True	1435497	1436556	left	1	5	39
16	pw	f	24	1	80	diamond	green	(645, 428)	low	no	no_dis	N	dif	vert	up	True	1437634	1438884	up	1	5	40
16	pw	f	24	1	80	circle	red	(724, 619)	high	no	no_dis	N	dif	hori	left	True	1439948	1440844	left	1	5	41
16	pw	f	24	1	80	circle	green	(565, 460)	low	no	no_dis	N	dif	hori	left	True	1442006	1443276	left	1	5	42
16	pw	f	24	1	80	circle	green	(724, 619)	high	dis	(565, 460)	N	dif	vert	up	True	1444518	1445620	up	1	5	43
16	pw	f	24	1	80	circle	red	(724, 619)	high	no	no_dis	N	same	vert	up	True	1446705	1447452	up	1	5	44
16	pw	f	24	1	80	diamond	green	(724, 619)	high	dis	(724, 460)	N	dif	hori	left	True	1448687	1450124	left	1	5	45
16	pw	f	24	1	80	diamond	red	(724, 619)	high	no	no_dis	N	same	hori	left	True	1451343	1452516	left	1	5	46
16	pw	f	24	1	80	diamond	green	(724, 619)	high	dis	(565, 619)	N	same	hori	left	True	1453664	1454420	left	1	5	47
16	pw	f	24	1	80	circle	green	(724, 619)	high	dis	(565, 460)	N	dif	hori	left	True	1455554	1456716	left	1	5	48
16	pw	f	24	1	80	circle	green	(724, 619)	high	dis	(724, 460)	N	dif	vert	up	True	1457928	1459100	up	1	5	49
16	pw	f	24	1	80	circle	green	(724, 619)	high	dis	(757, 540)	N	same	vert	up	True	1460226	1461564	up	1	5	50
16	pw	f	24	1	80	diamond	green	(724, 619)	high	no	no_dis	N	same	vert	up	True	1462597	1463268	up	1	5	51
16	pw	f	24	1	80	diamond	green	(724, 619)	high	no	no_dis	N	same	hori	left	True	1464428	1465068	left	1	5	52
16	pw	f	24	1	80	circle	green	(645, 652)	low	dis	(757, 540)	N	dif	vert	up	True	1466079	1467219	up	1	5	53
16	pw	f	24	1	80	circle	red	(724, 619)	high	no	no_dis	N	dif	vert	up	True	1468298	1469116	up	1	5	54
16	pw	f	24	1	80	circle	red	(724, 619)	high	dis	(724, 460)	N	dif	vert	up	True	1470363	1471396	up	1	5	55
16	pw	f	24	1	80	diamond	red	(565, 619)	low	dis	(724, 460)	N	same	hori	left	True	1472455	1473348	left	1	5	56
16	pw	f	24	1	80	circle	red	(565, 619)	low	dis	(724, 619)	Y	same	vert	up	True	1474566	1475451	up	1	5	57
16	pw	f	24	1	80	diamond	red	(724, 619)	high	dis	(565, 460)	N	dif	hori	left	True	1476535	1477796	left	1	5	58
16	pw	f	24	1	80	circle	red	(724, 619)	high	dis	(724, 460)	N	same	vert	up	True	1478870	1479468	up	1	5	59
16	pw	f	24	1	80	circle	green	(724, 619)	high	dis	(645, 652)	N	dif	hori	left	True	1480631	1482236	up	0	5	60
16	pw	f	24	1	80	circle	red	(724, 619)	high	no	no_dis	N	dif	vert	up	True	1484838	1485540	up	1	5	61
16	pw	f	24	1	80	circle	red	(724, 619)	high	dis	(565, 460)	N	same	hori	left	True	1486756	1487435	left	1	5	62
16	pw	f	24	1	80	circle	green	(724, 619)	high	dis	(533, 540)	N	dif	hori	left	True	1488450	1489284	left	1	5	63
16	pw	f	24	1	80	circle	red	(724, 619)	high	dis	(565, 460)	N	same	vert	up	True	1490350	1491100	up	1	5	64
16	pw	f	24	1	80	circle	red	(724, 619)	high	dis	(645, 428)	N	same	vert	up	True	1492123	1492828	up	1	5	65
16	pw	f	24	1	80	circle	green	(724, 619)	high	dis	(565, 619)	N	dif	vert	up	True	1493859	1494460	up	1	5	66
16	pw	f	24	1	80	circle	green	(724, 619)	high	dis	(724, 460)	N	dif	hori	left	True	1495678	1497180	left	1	5	67
16	pw	f	24	1	80	circle	red	(724, 619)	high	dis	(565, 619)	N	same	hori	left	True	1498428	1499124	left	1	5	68
16	pw	f	24	1	80	diamond	green	(724, 619)	high	no	no_dis	N	dif	vert	up	True	1500222	1500843	up	1	5	69
16	pw	f	24	1	80	diamond	green	(757, 540)	low	dis	(645, 428)	N	dif	hori	left	True	1502086	1502700	up	0	5	70
16	pw	f	24	1	80	diamond	red	(724, 619)	high	dis	(645, 652)	N	dif	hori	left	True	1505228	1506708	left	1	5	71
16	pw	f	24	1	80	diamond	green	(724, 619)	high	dis	(565, 619)	N	dif	vert	up	True	1507748	1508739	up	1	5	72
16	pw	f	24	1	80	circle	green	(724, 619)	high	dis	(565, 460)	N	dif	vert	up	True	1509801	1510915	up	1	5	73
16	pw	f	24	1	80	circle	green	(724, 460)	low	dis	(724, 619)	Y	same	hori	left	True	1512139	1513796	left	1	5	74
16	pw	f	24	1	80	diamond	red	(724, 619)	high	dis	(645, 428)	N	dif	vert	up	True	1514997	1516068	up	1	5	75
16	pw	f	24	1	80	circle	green	(724, 619)	high	dis	(724, 460)	N	same	vert	up	True	1517301	1518460	up	1	5	76
16	pw	f	24	1	80	circle	red	(724, 619)	high	dis	(533, 540)	N	same	hori	left	True	1519693	1520603	left	1	5	77
16	pw	f	24	1	80	diamond	green	(724, 619)	high	dis	(645, 652)	N	same	hori	left	True	1521686	1523027	left	1	5	78
16	pw	f	24	1	80	diamond	green	(724, 619)	high	dis	(533, 540)	N	dif	vert	up	True	1524181	1524923	up	1	5	79
16	pw	f	24	1	80	diamond	green	(724, 619)	high	no	no_dis	N	dif	hori	left	True	1526165	1526964	left	1	5	80
16	pw	f	24	1	80	circle	green	(724, 619)	high	no	no_dis	N	same	hori	left	True	1528082	1529035	left	1	5	81
16	pw	f	24	1	80	diamond	red	(724, 619)	high	no	no_dis	N	same	vert	up	True	1530144	1531139	up	1	5	82
16	pw	f	24	1	80	diamond	red	(724, 619)	high	dis	(724, 460)	N	dif	vert	up	True	1532354	1533460	up	1	5	83
16	pw	f	24	1	80	circle	green	(724, 619)	high	no	no_dis	N	dif	hori	left	True	1534494	1535203	left	1	5	84
16	pw	f	24	1	80	diamond	red	(724, 619)	high	dis	(645, 428)	N	dif	vert	up	True	1536237	1536996	up	1	5	85
16	pw	f	24	1	80	diamond	red	(724, 619)	high	dis	(565, 460)	N	dif	vert	up	True	1538038	1538667	up	1	5	86
16	pw	f	24	1	80	circle	red	(724, 619)	high	no	no_dis	N	dif	hori	left	True	1539889	1540580	left	1	5	87
16	pw	f	24	1	80	circle	green	(724, 619)	high	no	no_dis	N	dif	vert	up	True	1541719	1542644	up	1	5	88
16	pw	f	24	1	80	diamond	green	(724, 619)	high	no	no_dis	N	same	hori	left	True	1543888	1544660	left	1	5	89
16	pw	f	24	1	80	diamond	green	(724, 460)	low	dis	(724, 619)	Y	dif	vert	up	True	1545662	1546492	left	0	5	90
16	pw	f	24	1	80	diamond	red	(724, 619)	high	dis	(645, 652)	N	same	vert	up	True	1549246	1549748	up	1	5	91
16	pw	f	24	1	80	diamond	red	(724, 619)	high	dis	(565, 619)	N	dif	vert	up	True	1550998	1552076	up	1	5	92
16	pw	f	24	1	80	diamond	green	(724, 619)	high	dis	(565, 619)	N	same	hori	left	True	1553238	1554476	left	1	5	93
16	pw	f	24	1	80	circle	green	(724, 619)	high	no	no_dis	N	same	vert	up	True	1555600	1556356	up	1	5	94
16	pw	f	24	1	80	diamond	green	(724, 619)	high	dis	(645, 428)	N	dif	hori	left	True	1557440	1558212	left	1	5	95
16	pw	f	24	1	80	circle	red	(724, 619)	high	dis	(645, 652)	N	same	vert	up	True	1559398	1560419	up	1	5	96
16	pw	f	24	1	80	circle	red	(724, 619)	high	dis	(645, 428)	N	same	hori	left	True	1561644	1562388	left	1	5	97
16	pw	f	24	1	80	diamond	green	(724, 619)	high	dis	(565, 460)	N	same	vert	up	True	1563624	1564444	up	1	5	98
16	pw	f	24	1	80	circle	red	(724, 460)	low	no	no_dis	N	same	vert	up	True	1565524	1566771	up	1	5	99
16	pw	f	24	1	80	circle	green	(724, 619)	high	dis	(565, 619)	N	dif	vert	up	True	1567843	1568739	up	1	5	100
16	pw	f	24	1	80	diamond	green	(533, 540)	low	dis	(724, 619)	Y	dif	vert	up	True	1569986	1571860	up	1	5	101
16	pw	f	24	1	80	circle	green	(724, 619)	high	no	no_dis	N	dif	vert	up	True	1573006	1574100	up	1	5	102
16	pw	f	24	1	80	circle	red	(724, 619)	high	dis	(533, 540)	N	same	hori	left	True	1575304	1576451	left	1	5	103
16	pw	f	24	1	80	circle	green	(724, 619)	high	dis	(757, 540)	N	dif	vert	up	True	1577470	1578787	up	1	5	104
16	pw	f	24	1	80	diamond	green	(724, 619)	high	dis	(645, 428)	N	same	vert	up	True	1579993	1581451	up	1	5	105
16	pw	f	24	1	80	diamond	green	(724, 619)	high	dis	(757, 540)	N	same	vert	up	True	1582579	1583211	up	1	5	106
16	pw	f	24	1	80	diamond	green	(724, 619)	high	dis	(565, 619)	N	dif	hori	left	True	1584353	1585364	left	1	5	107
16	pw	f	24	1	80	diamond	red	(645, 652)	low	dis	(724, 619)	Y	same	hori	left	True	1586587	1588460	left	1	5	108
16	pw	f	24	1	80	diamond	green	(757, 540)	low	no	no_dis	N	same	hori	left	True	1589638	1590948	left	1	5	109
16	pw	f	24	1	80	diamond	green	(724, 619)	high	no	no_dis	N	dif	hori	left	True	1592060	1593419	left	1	5	110
16	pw	f	24	1	80	circle	green	(724, 619)	high	no	no_dis	N	same	vert	up	True	1594517	1595788	up	1	5	111
16	pw	f	24	1	80	diamond	green	(724, 619)	high	no	no_dis	N	same	hori	left	True	1596880	1597780	left	1	5	112
16	pw	f	24	1	80	circle	red	(724, 619)	high	no	no_dis	N	dif	vert	up	True	1598956	1600252	up	1	5	113
16	pw	f	24	1	80	circle	red	(724, 619)	high	dis	(724, 460)	N	dif	hori	left	True	1601330	1602308	left	1	5	114
16	pw	f	24	1	80	circle	red	(724, 619)	high	dis	(533, 540)	N	dif	hori	left	True	1603344	1604060	left	1	5	115
16	pw	f	24	1	80	circle	green	(724, 619)	high	no	no_dis	N	same	vert	up	True	1605107	1605795	up	1	5	116
16	pw	f	24	1	80	diamond	red	(724, 619)	high	dis	(565, 460)	N	same	hori	left	True	1606950	1607795	left	1	5	117
16	pw	f	24	1	80	diamond	red	(724, 619)	high	dis	(533, 540)	N	same	hori	left	True	1608913	1609716	left	1	5	118
16	pw	f	24	1	80	diamond	green	(565, 460)	low	dis	(724, 619)	Y	dif	hori	left	True	1610835	1611884	left	1	5	119
16	pw	f	24	1	80	diamond	green	(724, 619)	high	dis	(645, 428)	N	same	vert	up	True	1612972	1613852	up	1	5	120
16	pw	f	24	1	80	circle	green	(724, 619)	high	no	no_dis	N	dif	hori	left	True	1658051	1659332	left	1	6	1
16	pw	f	24	1	80	diamond	red	(724, 619)	high	dis	(757, 540)	N	dif	hori	left	True	1660392	1661227	left	1	6	2
16	pw	f	24	1	80	diamond	green	(724, 619)	high	no	no_dis	N	same	vert	up	True	1662328	1663339	up	1	6	3
16	pw	f	24	1	80	circle	green	(724, 619)	high	dis	(645, 428)	N	dif	vert	up	True	1664356	1665668	up	1	6	4
16	pw	f	24	1	80	diamond	green	(724, 619)	high	no	no_dis	N	same	vert	up	True	1666740	1667340	up	1	6	5
16	pw	f	24	1	80	diamond	red	(724, 619)	high	dis	(533, 540)	N	same	vert	up	True	1668508	1669067	up	1	6	6
16	pw	f	24	1	80	circle	red	(757, 540)	low	dis	(724, 619)	Y	dif	vert	up	True	1670112	1671044	up	1	6	7
16	pw	f	24	1	80	circle	red	(724, 619)	high	dis	(533, 540)	N	dif	hori	left	True	1672230	1673187	left	1	6	8
16	pw	f	24	1	80	diamond	green	(565, 460)	low	dis	(724, 619)	Y	dif	hori	left	True	1674296	1675395	left	1	6	9
16	pw	f	24	1	80	diamond	green	(724, 619)	high	dis	(533, 540)	N	dif	hori	left	True	1676472	1677227	left	1	6	10
16	pw	f	24	1	80	diamond	green	(724, 619)	high	dis	(724, 460)	N	dif	hori	left	True	1678433	1679044	left	1	6	11
16	pw	f	24	1	80	diamond	green	(724, 619)	high	dis	(757, 540)	N	dif	hori	left	True	1680250	1681068	left	1	6	12
16	pw	f	24	1	80	diamond	red	(724, 619)	high	no	no_dis	N	dif	vert	up	True	1682167	1683011	up	1	6	13
16	pw	f	24	1	80	circle	red	(724, 619)	high	no	no_dis	N	same	vert	up	True	1684055	1684595	up	1	6	14
16	pw	f	24	1	80	circle	red	(724, 619)	high	dis	(533, 540)	N	same	vert	up	True	1685649	1686211	up	1	6	15
16	pw	f	24	1	80	circle	green	(724, 619)	high	dis	(645, 428)	N	same	vert	up	True	1687394	1688012	up	1	6	16
16	pw	f	24	1	80	circle	green	(724, 619)	high	dis	(645, 652)	N	dif	vert	up	True	1689171	1689820	up	1	6	17
16	pw	f	24	1	80	circle	red	(724, 619)	high	dis	(757, 540)	N	dif	vert	up	True	1691002	1691668	up	1	6	18
16	pw	f	24	1	80	diamond	green	(724, 619)	high	dis	(533, 540)	N	same	vert	up	True	1692718	1693260	up	1	6	19
16	pw	f	24	1	80	diamond	red	(724, 619)	high	no	no_dis	N	same	vert	up	True	1694507	1694996	up	1	6	20
16	pw	f	24	1	80	circle	green	(724, 619)	high	dis	(565, 619)	N	same	vert	up	True	1696028	1696667	up	1	6	21
16	pw	f	24	1	80	diamond	green	(724, 619)	high	no	no_dis	N	same	hori	left	True	1697700	1698427	left	1	6	22
16	pw	f	24	1	80	diamond	red	(724, 619)	high	dis	(565, 460)	N	dif	vert	up	True	1699522	1700059	up	1	6	23
16	pw	f	24	1	80	diamond	red	(724, 619)	high	dis	(645, 652)	N	same	vert	up	True	1701153	1701948	up	1	6	24
16	pw	f	24	1	80	diamond	red	(724, 619)	high	no	no_dis	N	dif	vert	up	True	1703076	1703980	up	1	6	25
16	pw	f	24	1	80	circle	green	(724, 619)	high	dis	(645, 428)	N	dif	hori	left	True	1705217	1705852	left	1	6	26
16	pw	f	24	1	80	circle	green	(645, 652)	low	dis	(724, 619)	Y	dif	hori	left	True	1707102	1707739	up	0	6	27
16	pw	f	24	1	80	circle	red	(724, 619)	high	dis	(645, 428)	N	same	vert	up	True	1710383	1710947	up	1	6	28
16	pw	f	24	1	80	diamond	green	(724, 619)	high	dis	(533, 540)	N	dif	vert	up	True	1711972	1712715	up	1	6	29
16	pw	f	24	1	80	circle	red	(724, 619)	high	dis	(645, 652)	N	same	vert	up	True	1713830	1716459	up	1	6	30
16	pw	f	24	1	80	circle	red	(533, 540)	low	dis	(724, 460)	N	same	vert	up	True	1717658	1719268	up	1	6	31
16	pw	f	24	1	80	diamond	green	(724, 619)	high	dis	(645, 428)	N	same	vert	up	True	1720317	1722075	up	1	6	32
16	pw	f	24	1	80	diamond	green	(533, 540)	low	dis	(724, 619)	Y	same	vert	up	True	1723297	1724460	up	1	6	33
16	pw	f	24	1	80	diamond	red	(724, 619)	high	dis	(565, 619)	N	same	vert	up	True	1725691	1726795	up	1	6	34
16	pw	f	24	1	80	diamond	green	(565, 460)	low	no	no_dis	N	same	vert	up	True	1727937	1728804	up	1	6	35
16	pw	f	24	1	80	diamond	red	(724, 619)	high	dis	(757, 540)	N	dif	vert	up	True	1729866	1731156	up	1	6	36
16	pw	f	24	1	80	circle	green	(724, 619)	high	dis	(645, 428)	N	dif	hori	left	True	1732210	1733827	left	1	6	37
16	pw	f	24	1	80	diamond	green	(724, 619)	high	no	no_dis	N	dif	vert	up	True	1734911	1735860	up	1	6	38
16	pw	f	24	1	80	diamond	red	(757, 540)	low	no	no_dis	N	same	vert	up	True	1737025	1737964	up	1	6	39
16	pw	f	24	1	80	circle	red	(724, 619)	high	dis	(757, 540)	N	dif	hori	left	True	1739186	1740187	left	1	6	40
16	pw	f	24	1	80	diamond	green	(724, 619)	high	dis	(645, 652)	N	same	hori	left	True	1741195	1742227	left	1	6	41
16	pw	f	24	1	80	diamond	red	(724, 619)	high	dis	(565, 460)	N	same	vert	up	True	1743443	1744787	up	1	6	42
16	pw	f	24	1	80	diamond	red	(724, 619)	high	dis	(757, 540)	N	dif	vert	up	True	1746023	1747123	up	1	6	43
16	pw	f	24	1	80	circle	green	(724, 619)	high	no	no_dis	N	dif	hori	left	True	1748356	1749284	left	1	6	44
16	pw	f	24	1	80	diamond	red	(724, 619)	high	no	no_dis	N	same	vert	up	True	1750519	1751459	up	1	6	45
16	pw	f	24	1	80	circle	red	(724, 619)	high	dis	(724, 460)	N	dif	vert	up	True	1752596	1753971	up	1	6	46
16	pw	f	24	1	80	circle	green	(724, 619)	high	no	no_dis	N	dif	hori	left	True	1755122	1755940	left	1	6	47
16	pw	f	24	1	80	diamond	red	(724, 619)	high	dis	(645, 428)	N	same	hori	left	True	1756951	1758075	left	1	6	48
16	pw	f	24	1	80	diamond	green	(724, 619)	high	dis	(565, 460)	N	same	hori	left	True	1759256	1760076	left	1	6	49
16	pw	f	24	1	80	diamond	red	(724, 619)	high	no	no_dis	N	same	hori	left	True	1761266	1761947	left	1	6	50
16	pw	f	24	1	80	circle	red	(724, 619)	high	dis	(757, 540)	N	dif	vert	up	True	1763107	1763931	up	1	6	51
16	pw	f	24	1	80	diamond	red	(724, 619)	high	no	no_dis	N	dif	vert	up	True	1765016	1766068	up	1	6	52
16	pw	f	24	1	80	diamond	red	(645, 652)	low	dis	(533, 540)	N	dif	vert	up	True	1767129	1768043	up	1	6	53
16	pw	f	24	1	80	diamond	green	(724, 619)	high	dis	(565, 619)	N	same	hori	left	True	1769244	1770187	left	1	6	54
16	pw	f	24	1	80	diamond	green	(724, 619)	high	dis	(645, 428)	N	dif	vert	up	True	1771234	1772251	up	1	6	55
16	pw	f	24	1	80	circle	red	(724, 619)	high	no	no_dis	N	dif	vert	up	True	1773367	1774011	up	1	6	56
16	pw	f	24	1	80	diamond	red	(724, 619)	high	no	no_dis	N	dif	vert	up	True	1775244	1775867	up	1	6	57
16	pw	f	24	1	80	circle	red	(565, 460)	low	no	no_dis	N	dif	hori	left	True	1777068	1778060	left	1	6	58
16	pw	f	24	1	80	circle	green	(724, 619)	high	dis	(724, 460)	N	same	hori	left	True	1779080	1780355	left	1	6	59
16	pw	f	24	1	80	circle	green	(724, 619)	high	dis	(724, 460)	N	same	hori	left	True	1781499	1782059	left	1	6	60
16	pw	f	24	1	80	circle	green	(724, 619)	high	no	no_dis	N	same	hori	left	True	1783114	1783715	left	1	6	61
16	pw	f	24	1	80	circle	green	(565, 619)	low	no	no_dis	N	dif	vert	up	True	1784884	1786115	up	1	6	62
16	pw	f	24	1	80	circle	green	(645, 652)	low	no	no_dis	N	same	hori	left	True	1787365	1788443	left	1	6	63
16	pw	f	24	1	80	circle	green	(724, 619)	high	no	no_dis	N	dif	hori	left	True	1789694	1790555	left	1	6	64
16	pw	f	24	1	80	diamond	red	(724, 460)	low	no	no_dis	N	dif	hori	left	True	1791653	1793163	left	1	6	65
16	pw	f	24	1	80	diamond	green	(645, 428)	low	dis	(565, 460)	N	same	hori	left	True	1794168	1795955	up	0	6	66
16	pw	f	24	1	80	circle	green	(724, 460)	low	dis	(724, 619)	Y	dif	hori	left	True	1798636	1800019	left	1	6	67
16	pw	f	24	1	80	circle	red	(724, 619)	high	dis	(533, 540)	N	dif	hori	left	True	1801218	1802107	left	1	6	68
16	pw	f	24	1	80	diamond	green	(724, 619)	high	dis	(533, 540)	N	dif	vert	up	True	1803329	1804203	up	1	6	69
16	pw	f	24	1	80	diamond	red	(724, 619)	high	dis	(565, 619)	N	same	hori	left	True	1805423	1806555	left	1	6	70
16	pw	f	24	1	80	circle	green	(724, 619)	high	no	no_dis	N	same	hori	left	True	1807809	1808395	left	1	6	71
16	pw	f	24	1	80	circle	red	(724, 619)	high	no	no_dis	N	same	vert	up	True	1809612	1810307	up	1	6	72
16	pw	f	24	1	80	circle	green	(565, 619)	low	dis	(757, 540)	N	same	hori	left	True	1811457	1812587	left	1	6	73
16	pw	f	24	1	80	diamond	red	(724, 619)	high	dis	(565, 460)	N	same	vert	up	True	1813799	1815307	up	1	6	74
16	pw	f	24	1	80	diamond	green	(724, 619)	high	dis	(645, 652)	N	same	hori	left	True	1816446	1817259	left	1	6	75
16	pw	f	24	1	80	circle	green	(724, 619)	high	dis	(565, 460)	N	same	hori	left	True	1818405	1819651	left	1	6	76
16	pw	f	24	1	80	circle	red	(724, 460)	low	dis	(724, 619)	Y	same	hori	left	True	1820843	1821899	left	1	6	77
16	pw	f	24	1	80	diamond	green	(645, 428)	low	no	no_dis	N	same	hori	left	True	1823136	1824011	left	1	6	78
16	pw	f	24	1	80	circle	green	(724, 619)	high	dis	(565, 460)	N	dif	vert	up	True	1825215	1826619	up	1	6	79
16	pw	f	24	1	80	circle	green	(724, 619)	high	no	no_dis	N	same	vert	up	True	1827824	1829211	up	1	6	80
16	pw	f	24	1	80	circle	red	(724, 619)	high	dis	(565, 460)	N	same	hori	left	True	1830358	1831579	left	1	6	81
16	pw	f	24	1	80	circle	green	(724, 619)	high	dis	(724, 460)	N	dif	vert	up	True	1832629	1834099	up	1	6	82
16	pw	f	24	1	80	circle	red	(533, 540)	low	no	no_dis	N	dif	vert	up	True	1835170	1837044	up	1	6	83
16	pw	f	24	1	80	circle	red	(724, 619)	high	dis	(645, 428)	N	same	vert	up	True	1838215	1839355	up	1	6	84
16	pw	f	24	1	80	diamond	green	(724, 619)	high	dis	(533, 540)	N	dif	hori	left	True	1840379	1841355	left	1	6	85
16	pw	f	24	1	80	diamond	red	(645, 652)	low	dis	(724, 619)	Y	dif	vert	up	True	1842399	1843419	up	1	6	86
16	pw	f	24	1	80	diamond	red	(724, 619)	high	dis	(565, 619)	N	same	vert	up	True	1844454	1845707	up	1	6	87
16	pw	f	24	1	80	circle	green	(724, 619)	high	dis	(565, 619)	N	same	vert	up	True	1846738	1847947	up	1	6	88
16	pw	f	24	1	80	circle	red	(724, 619)	high	dis	(757, 540)	N	same	vert	up	True	1849014	1850043	up	1	6	89
16	pw	f	24	1	80	diamond	green	(724, 619)	high	dis	(757, 540)	N	same	hori	left	True	1851236	1852307	left	1	6	90
16	pw	f	24	1	80	diamond	red	(645, 428)	low	dis	(724, 619)	Y	same	hori	left	True	1853482	1854579	left	1	6	91
16	pw	f	24	1	80	circle	red	(724, 619)	high	dis	(645, 652)	N	same	hori	left	True	1855748	1857211	left	1	6	92
16	pw	f	24	1	80	diamond	red	(724, 619)	high	no	no_dis	N	same	hori	left	True	1858405	1859091	left	1	6	93
16	pw	f	24	1	80	diamond	green	(724, 619)	high	no	no_dis	N	same	hori	left	True	1860103	1861107	left	1	6	94
16	pw	f	24	1	80	circle	red	(565, 619)	low	dis	(645, 652)	N	dif	vert	up	True	1862190	1863419	up	1	6	95
16	pw	f	24	1	80	circle	red	(724, 619)	high	dis	(724, 460)	N	same	hori	left	True	1864556	1866819	left	1	6	96
16	pw	f	24	1	80	circle	red	(724, 619)	high	no	no_dis	N	same	hori	left	True	1867821	1869243	left	1	6	97
16	pw	f	24	1	80	circle	green	(724, 619)	high	dis	(565, 460)	N	dif	vert	up	True	1870249	1871099	up	1	6	98
16	pw	f	24	1	80	circle	green	(645, 428)	low	dis	(724, 619)	Y	same	vert	up	True	1872127	1873451	up	1	6	99
16	pw	f	24	1	80	circle	red	(724, 619)	high	dis	(565, 619)	N	same	hori	left	True	1874613	1876195	left	1	6	100
16	pw	f	24	1	80	circle	green	(724, 619)	high	dis	(724, 460)	N	dif	hori	left	True	1877242	1878475	left	1	6	101
16	pw	f	24	1	80	diamond	green	(757, 540)	low	dis	(724, 619)	Y	dif	hori	left	True	1879693	1880971	left	1	6	102
16	pw	f	24	1	80	diamond	red	(724, 619)	high	dis	(565, 619)	N	same	hori	left	True	1882189	1882947	left	1	6	103
16	pw	f	24	1	80	diamond	red	(724, 619)	high	dis	(724, 460)	N	same	hori	left	True	1884144	1884819	left	1	6	104
16	pw	f	24	1	80	diamond	red	(724, 619)	high	dis	(724, 460)	N	dif	hori	left	True	1886002	1886955	left	1	6	105
16	pw	f	24	1	80	circle	red	(724, 619)	high	no	no_dis	N	same	vert	up	True	1888132	1889251	up	1	6	106
16	pw	f	24	1	80	circle	red	(724, 619)	high	no	no_dis	N	same	hori	left	True	1890268	1890883	left	1	6	107
16	pw	f	24	1	80	diamond	green	(724, 619)	high	dis	(645, 652)	N	dif	hori	left	True	1892097	1893034	left	1	6	108
16	pw	f	24	1	80	diamond	green	(724, 619)	high	dis	(645, 652)	N	dif	vert	up	True	1894196	1894947	up	1	6	109
16	pw	f	24	1	80	circle	green	(724, 619)	high	dis	(565, 460)	N	dif	hori	left	True	1896016	1896619	left	1	6	110
16	pw	f	24	1	80	circle	green	(724, 619)	high	dis	(565, 619)	N	dif	vert	up	True	1897666	1898411	up	1	6	111
16	pw	f	24	1	80	circle	red	(724, 619)	high	no	no_dis	N	dif	hori	left	True	1899480	1900115	left	1	6	112
16	pw	f	24	1	80	diamond	green	(724, 619)	high	no	no_dis	N	dif	vert	up	True	1901184	1902187	up	1	6	113
16	pw	f	24	1	80	diamond	red	(724, 619)	high	dis	(645, 652)	N	dif	hori	left	True	1903367	1904123	left	1	6	114
16	pw	f	24	1	80	diamond	red	(565, 460)	low	dis	(645, 428)	N	same	vert	up	True	1905253	1906595	up	1	6	115
16	pw	f	24	1	80	circle	red	(724, 619)	high	dis	(565, 619)	N	dif	hori	left	True	1907633	1908315	left	1	6	116
16	pw	f	24	1	80	diamond	green	(724, 619)	high	no	no_dis	N	dif	hori	left	True	1909321	1909899	left	1	6	117
16	pw	f	24	1	80	diamond	green	(724, 619)	high	no	no_dis	N	dif	vert	up	True	1911092	1911731	up	1	6	118
16	pw	f	24	1	80	circle	red	(724, 619)	high	no	no_dis	N	dif	hori	left	True	1912865	1913379	left	1	6	119
16	pw	f	24	1	80	circle	green	(724, 619)	high	no	no_dis	N	dif	hori	left	True	1914399	1914995	left	1	6	120
conf	16	pw	f	24	1	80	True	1981479	1998146	8	True	1998161	2006170	1
