subj	name	gender	age	prac	group	shape	color	tar_loc	popularity	dis_cond	dis_loc	dis_high	td_dif	line	respkey	gotkey	startTime	respTime	resp	correct	block	trialnum
1	zzc	m	24	1	80	diamond	red	(757, 540)	high	dis	(565, 460)	N	same	hori	left	True	12553	15379	left	1	1	1
1	zzc	m	24	1	80	circle	green	(757, 540)	high	dis	(724, 619)	N	same	vert	up	True	16452	18082	up	1	1	2
1	zzc	m	24	1	80	diamond	red	(757, 540)	high	no	no_dis	N	dif	hori	left	True	19284	20850	left	1	1	3
1	zzc	m	24	1	80	circle	red	(565, 619)	low	dis	(757, 540)	Y	same	vert	up	True	21952	23835	up	1	1	4
1	zzc	m	24	1	80	circle	red	(757, 540)	high	no	no_dis	N	dif	hori	left	True	25002	26418	left	1	1	5
1	zzc	m	24	1	80	diamond	red	(757, 540)	high	dis	(645, 652)	N	dif	vert	up	True	27560	29042	up	1	1	6
1	zzc	m	24	1	80	circle	red	(757, 540)	high	dis	(565, 619)	N	same	hori	left	True	30163	31650	left	1	1	7
1	zzc	m	24	1	80	circle	green	(757, 540)	high	no	no_dis	N	same	vert	up	False	32834	None	None	0	1	8
1	zzc	m	24	1	80	diamond	red	(757, 540)	high	no	no_dis	N	dif	vert	up	True	38453	39834	up	1	1	9
1	zzc	m	24	1	80	diamond	green	(757, 540)	high	dis	(565, 460)	N	same	hori	left	True	41067	43146	left	1	1	10
1	zzc	m	24	1	80	circle	red	(757, 540)	high	dis	(533, 540)	N	same	hori	left	True	44298	46146	left	1	1	11
1	zzc	m	24	1	80	circle	red	(757, 540)	high	dis	(724, 619)	N	same	hori	left	True	47309	49802	left	1	1	12
1	zzc	m	24	1	80	circle	red	(757, 540)	high	dis	(565, 460)	N	same	vert	up	True	51018	53322	up	1	1	13
1	zzc	m	24	1	80	diamond	green	(757, 540)	high	dis	(645, 428)	N	dif	hori	left	True	54343	56698	left	1	1	14
1	zzc	m	24	1	80	circle	red	(757, 540)	high	dis	(565, 619)	N	dif	vert	up	True	57877	59690	up	1	1	15
1	zzc	m	24	1	80	diamond	red	(757, 540)	high	no	no_dis	N	same	vert	up	True	60820	62626	up	1	1	16
1	zzc	m	24	1	80	circle	red	(645, 652)	low	dis	(757, 540)	Y	dif	hori	left	True	63750	66178	left	1	1	17
1	zzc	m	24	1	80	circle	green	(757, 540)	high	no	no_dis	N	dif	hori	left	True	67378	69082	left	1	1	18
1	zzc	m	24	1	80	circle	green	(757, 540)	high	dis	(533, 540)	N	dif	vert	up	True	70095	71786	up	1	1	19
1	zzc	m	24	1	80	circle	green	(757, 540)	high	no	no_dis	N	same	hori	left	True	72834	74810	left	1	1	20
1	zzc	m	24	1	80	diamond	red	(724, 460)	low	no	no_dis	N	same	vert	up	True	75821	77138	up	1	1	21
1	zzc	m	24	1	80	diamond	green	(724, 619)	low	no	no_dis	N	dif	hori	left	True	78150	79802	left	1	1	22
1	zzc	m	24	1	80	diamond	red	(757, 540)	high	no	no_dis	N	dif	hori	left	True	80863	82330	left	1	1	23
1	zzc	m	24	1	80	circle	red	(757, 540)	high	dis	(724, 460)	N	same	hori	left	True	83503	85730	left	1	1	24
1	zzc	m	24	1	80	circle	green	(757, 540)	high	dis	(565, 619)	N	same	vert	up	True	86746	88418	up	1	1	25
1	zzc	m	24	1	80	diamond	red	(757, 540)	high	dis	(645, 428)	N	dif	hori	left	True	89556	90962	left	1	1	26
1	zzc	m	24	1	80	diamond	green	(757, 540)	high	no	no_dis	N	dif	vert	up	True	91995	93506	up	1	1	27
1	zzc	m	24	1	80	diamond	green	(757, 540)	high	dis	(724, 460)	N	same	hori	left	True	94690	96554	left	1	1	28
1	zzc	m	24	1	80	circle	green	(757, 540)	high	no	no_dis	N	same	hori	left	True	97666	99170	left	1	1	29
1	zzc	m	24	1	80	circle	red	(757, 540)	high	dis	(565, 460)	N	same	vert	up	True	100330	102346	up	1	1	30
1	zzc	m	24	1	80	diamond	red	(757, 540)	high	no	no_dis	N	dif	hori	left	True	103586	104954	left	1	1	31
1	zzc	m	24	1	80	diamond	red	(757, 540)	high	dis	(565, 460)	N	same	hori	left	True	106066	107890	left	1	1	32
1	zzc	m	24	1	80	diamond	green	(757, 540)	high	no	no_dis	N	same	hori	left	True	109027	110522	left	1	1	33
1	zzc	m	24	1	80	diamond	green	(757, 540)	high	dis	(565, 460)	N	dif	vert	up	True	111670	112874	up	1	1	34
1	zzc	m	24	1	80	diamond	green	(533, 540)	low	dis	(757, 540)	Y	dif	hori	left	True	113975	115874	left	1	1	35
1	zzc	m	24	1	80	diamond	green	(757, 540)	high	no	no_dis	N	same	hori	left	True	116960	118386	left	1	1	36
1	zzc	m	24	1	80	diamond	red	(757, 540)	high	dis	(724, 460)	N	same	vert	up	True	119499	120978	up	1	1	37
1	zzc	m	24	1	80	diamond	red	(757, 540)	high	dis	(565, 619)	N	dif	hori	left	True	122192	123570	left	1	1	38
1	zzc	m	24	1	80	circle	green	(757, 540)	high	dis	(645, 652)	N	dif	vert	up	True	124618	126562	up	1	1	39
1	zzc	m	24	1	80	diamond	green	(757, 540)	high	dis	(645, 652)	N	dif	vert	up	True	127597	129114	up	1	1	40
1	zzc	m	24	1	80	diamond	green	(565, 460)	low	no	no_dis	N	dif	vert	up	True	130215	131562	up	1	1	41
1	zzc	m	24	1	80	circle	green	(757, 540)	high	no	no_dis	N	same	vert	up	True	132647	134322	left	0	1	42
1	zzc	m	24	1	80	diamond	red	(757, 540)	high	no	no_dis	N	dif	vert	up	True	136912	137994	up	1	1	43
1	zzc	m	24	1	80	circle	green	(565, 619)	low	no	no_dis	N	same	hori	left	True	139107	140266	left	1	1	44
1	zzc	m	24	1	80	circle	red	(757, 540)	high	dis	(533, 540)	N	dif	hori	left	True	141498	144098	left	1	1	45
1	zzc	m	24	1	80	circle	red	(757, 540)	high	dis	(645, 652)	N	dif	hori	left	True	145217	146426	left	1	1	46
1	zzc	m	24	1	80	circle	green	(757, 540)	high	no	no_dis	N	dif	hori	left	True	147467	148649	left	1	1	47
1	zzc	m	24	1	80	circle	red	(757, 540)	high	no	no_dis	N	same	hori	left	True	149653	150842	left	1	1	48
1	zzc	m	24	1	80	diamond	green	(757, 540)	high	dis	(724, 460)	N	same	hori	left	True	152023	154018	left	1	1	49
1	zzc	m	24	1	80	circle	green	(757, 540)	high	no	no_dis	N	same	vert	up	True	155055	157050	up	1	1	50
1	zzc	m	24	1	80	circle	green	(757, 540)	high	dis	(645, 428)	N	dif	hori	left	True	158129	159354	left	1	1	51
1	zzc	m	24	1	80	diamond	green	(757, 540)	high	dis	(645, 652)	N	same	vert	up	True	160607	161978	up	1	1	52
1	zzc	m	24	1	80	circle	red	(724, 460)	low	dis	(757, 540)	Y	same	hori	left	True	163098	165778	left	1	1	53
1	zzc	m	24	1	80	circle	green	(757, 540)	high	dis	(565, 619)	N	dif	vert	up	True	166783	168162	up	1	1	54
1	zzc	m	24	1	80	diamond	red	(724, 619)	low	dis	(645, 428)	N	same	vert	up	True	169402	171322	up	1	1	55
1	zzc	m	24	1	80	diamond	red	(757, 540)	high	no	no_dis	N	same	vert	up	True	172571	173970	up	1	1	56
1	zzc	m	24	1	80	circle	red	(757, 540)	high	no	no_dis	N	dif	vert	up	True	175072	176370	up	1	1	57
1	zzc	m	24	1	80	circle	red	(757, 540)	high	no	no_dis	N	same	hori	left	True	177581	178682	left	1	1	58
1	zzc	m	24	1	80	circle	green	(757, 540)	high	dis	(645, 428)	N	dif	hori	left	True	179809	180881	left	1	1	59
1	zzc	m	24	1	80	diamond	green	(757, 540)	high	dis	(645, 428)	N	same	vert	up	True	181971	183258	up	1	1	60
1	zzc	m	24	1	80	diamond	green	(757, 540)	high	no	no_dis	N	dif	hori	left	True	184372	185450	left	1	1	61
1	zzc	m	24	1	80	diamond	green	(757, 540)	high	dis	(645, 428)	N	dif	hori	left	True	186635	187706	left	1	1	62
1	zzc	m	24	1	80	circle	red	(757, 540)	high	dis	(565, 619)	N	dif	hori	left	True	188924	190018	left	1	1	63
1	zzc	m	24	1	80	circle	green	(757, 540)	high	dis	(724, 619)	N	same	vert	up	True	191111	192114	up	1	1	64
1	zzc	m	24	1	80	diamond	red	(757, 540)	high	dis	(724, 619)	N	same	vert	up	True	193161	194866	up	1	1	65
1	zzc	m	24	1	80	circle	red	(757, 540)	high	no	no_dis	N	dif	vert	up	True	195950	197138	up	1	1	66
1	zzc	m	24	1	80	circle	red	(757, 540)	high	dis	(533, 540)	N	same	vert	up	True	198156	199306	up	1	1	67
1	zzc	m	24	1	80	circle	red	(757, 540)	high	dis	(645, 652)	N	dif	vert	up	True	200358	201234	up	1	1	68
1	zzc	m	24	1	80	circle	green	(645, 428)	low	dis	(565, 619)	N	dif	hori	left	True	202345	204562	left	1	1	69
1	zzc	m	24	1	80	circle	green	(757, 540)	high	dis	(565, 460)	N	dif	vert	up	True	205628	206858	up	1	1	70
1	zzc	m	24	1	80	diamond	green	(565, 619)	low	dis	(757, 540)	Y	same	vert	up	True	208073	209266	up	1	1	71
1	zzc	m	24	1	80	diamond	green	(757, 540)	high	dis	(533, 540)	N	dif	hori	left	True	210480	213338	left	1	1	72
1	zzc	m	24	1	80	circle	red	(757, 540)	high	dis	(565, 619)	N	dif	vert	up	True	214449	215498	up	1	1	73
1	zzc	m	24	1	80	diamond	green	(757, 540)	high	no	no_dis	N	dif	vert	up	True	216554	217850	up	1	1	74
1	zzc	m	24	1	80	diamond	red	(533, 540)	low	dis	(757, 540)	Y	dif	vert	up	True	218920	220554	up	1	1	75
1	zzc	m	24	1	80	diamond	red	(757, 540)	high	dis	(645, 652)	N	dif	vert	up	True	221648	224234	up	1	1	76
1	zzc	m	24	1	80	circle	green	(757, 540)	high	dis	(724, 619)	N	same	hori	left	True	225481	226626	left	1	1	77
1	zzc	m	24	1	80	circle	red	(533, 540)	low	no	no_dis	N	same	vert	up	True	227668	229121	up	1	1	78
1	zzc	m	24	1	80	diamond	red	(757, 540)	high	dis	(645, 428)	N	same	hori	left	True	230273	231842	left	1	1	79
1	zzc	m	24	1	80	diamond	red	(757, 540)	high	dis	(724, 619)	N	same	vert	up	True	232982	234018	up	1	1	80
1	zzc	m	24	1	80	diamond	red	(757, 540)	high	dis	(565, 460)	N	dif	hori	left	True	235165	236946	left	1	1	81
1	zzc	m	24	1	80	diamond	green	(645, 652)	low	dis	(757, 540)	Y	same	hori	left	True	238114	240530	left	1	1	82
1	zzc	m	24	1	80	circle	red	(757, 540)	high	dis	(645, 652)	N	same	vert	up	True	241709	244361	up	1	1	83
1	zzc	m	24	1	80	diamond	green	(757, 540)	high	dis	(724, 460)	N	dif	hori	left	True	245508	246514	left	1	1	84
1	zzc	m	24	1	80	circle	green	(757, 540)	high	dis	(645, 428)	N	dif	hori	left	True	247669	248722	left	1	1	85
1	zzc	m	24	1	80	circle	red	(757, 540)	high	no	no_dis	N	dif	hori	left	True	249805	251130	left	1	1	86
1	zzc	m	24	1	80	circle	green	(724, 619)	low	dis	(645, 652)	N	dif	vert	up	True	252381	254242	up	1	1	87
1	zzc	m	24	1	80	circle	green	(645, 652)	low	dis	(724, 619)	N	dif	vert	up	True	255266	256946	up	1	1	88
1	zzc	m	24	1	80	circle	red	(645, 652)	low	no	no_dis	N	dif	vert	up	True	257996	259258	up	1	1	89
1	zzc	m	24	1	80	circle	green	(757, 540)	high	no	no_dis	N	same	vert	up	True	260507	261722	up	1	1	90
1	zzc	m	24	1	80	diamond	green	(757, 540)	high	dis	(645, 652)	N	same	hori	left	True	262953	264138	left	1	1	91
1	zzc	m	24	1	80	diamond	green	(757, 540)	high	no	no_dis	N	same	hori	left	True	265351	266313	left	1	1	92
1	zzc	m	24	1	80	diamond	green	(757, 540)	high	dis	(724, 460)	N	dif	vert	up	True	267433	268402	up	1	1	93
1	zzc	m	24	1	80	circle	red	(757, 540)	high	no	no_dis	N	dif	vert	up	True	269408	270521	up	1	1	94
1	zzc	m	24	1	80	diamond	green	(757, 540)	high	no	no_dis	N	same	hori	left	True	271592	272666	left	1	1	95
1	zzc	m	24	1	80	circle	red	(757, 540)	high	dis	(724, 460)	N	dif	vert	up	True	273826	275154	up	1	1	96
1	zzc	m	24	1	80	diamond	green	(724, 460)	low	dis	(757, 540)	Y	dif	vert	up	True	276298	278138	up	1	1	97
1	zzc	m	24	1	80	diamond	green	(757, 540)	high	dis	(724, 460)	N	same	hori	left	True	279297	280626	left	1	1	98
1	zzc	m	24	1	80	diamond	red	(757, 540)	high	dis	(645, 428)	N	same	vert	up	True	281774	282745	up	1	1	99
1	zzc	m	24	1	80	diamond	red	(645, 428)	low	no	no_dis	N	same	hori	left	False	283863	None	None	0	1	100
1	zzc	m	24	1	80	circle	green	(565, 460)	low	dis	(724, 460)	N	same	hori	left	True	289393	291121	left	1	1	101
1	zzc	m	24	1	80	circle	green	(757, 540)	high	dis	(724, 619)	N	same	hori	left	True	292209	294314	left	1	1	102
1	zzc	m	24	1	80	diamond	red	(757, 540)	high	no	no_dis	N	same	vert	up	True	295478	296562	up	1	1	103
1	zzc	m	24	1	80	diamond	red	(757, 540)	high	dis	(533, 540)	N	same	vert	up	True	297709	298882	up	1	1	104
1	zzc	m	24	1	80	diamond	red	(757, 540)	high	dis	(565, 619)	N	dif	hori	left	True	300087	301089	left	1	1	105
1	zzc	m	24	1	80	circle	red	(757, 540)	high	no	no_dis	N	same	vert	up	True	302208	303281	up	1	1	106
1	zzc	m	24	1	80	circle	red	(645, 428)	low	dis	(757, 540)	Y	same	vert	up	True	304426	305785	left	0	1	107
1	zzc	m	24	1	80	diamond	red	(565, 460)	low	dis	(757, 540)	Y	same	hori	left	True	308362	309746	left	1	1	108
1	zzc	m	24	1	80	circle	green	(757, 540)	high	dis	(724, 619)	N	dif	vert	up	True	310808	311970	up	1	1	109
1	zzc	m	24	1	80	diamond	green	(757, 540)	high	no	no_dis	N	dif	vert	up	True	313000	313985	up	1	1	110
1	zzc	m	24	1	80	diamond	red	(565, 619)	low	dis	(533, 540)	N	dif	hori	left	True	315236	317402	left	1	1	111
1	zzc	m	24	1	80	diamond	green	(757, 540)	high	dis	(565, 460)	N	dif	vert	up	True	318512	320001	up	1	1	112
1	zzc	m	24	1	80	circle	green	(757, 540)	high	dis	(533, 540)	N	dif	vert	up	True	321025	322274	up	1	1	113
1	zzc	m	24	1	80	circle	green	(757, 540)	high	dis	(533, 540)	N	dif	hori	left	True	323430	325066	left	1	1	114
1	zzc	m	24	1	80	circle	green	(757, 540)	high	dis	(724, 460)	N	same	hori	left	True	326149	327169	left	1	1	115
1	zzc	m	24	1	80	circle	green	(645, 652)	low	no	no_dis	N	dif	hori	left	True	328335	330049	left	1	1	116
1	zzc	m	24	1	80	diamond	red	(757, 540)	high	dis	(565, 460)	N	same	vert	up	True	331149	332298	up	1	1	117
1	zzc	m	24	1	80	diamond	red	(757, 540)	high	dis	(565, 619)	N	same	vert	up	True	333369	334345	up	1	1	118
1	zzc	m	24	1	80	diamond	green	(757, 540)	high	dis	(724, 619)	N	dif	hori	left	True	335592	336642	left	1	1	119
1	zzc	m	24	1	80	circle	red	(757, 540)	high	dis	(533, 540)	N	same	hori	left	True	337674	338921	left	1	1	120
1	zzc	m	24	1	80	circle	red	(757, 540)	high	dis	(533, 540)	N	dif	vert	up	True	371177	372826	up	1	2	1
1	zzc	m	24	1	80	circle	green	(757, 540)	high	no	no_dis	N	same	vert	up	True	374012	375034	up	1	2	2
1	zzc	m	24	1	80	diamond	green	(757, 540)	high	no	no_dis	N	dif	hori	left	True	376261	377298	left	1	2	3
1	zzc	m	24	1	80	diamond	red	(757, 540)	high	no	no_dis	N	same	vert	up	True	378464	379378	up	1	2	4
1	zzc	m	24	1	80	diamond	red	(757, 540)	high	dis	(565, 619)	N	dif	vert	up	True	380463	381250	up	1	2	5
1	zzc	m	24	1	80	diamond	red	(757, 540)	high	dis	(565, 619)	N	same	vert	up	True	382478	383242	up	1	2	6
1	zzc	m	24	1	80	circle	green	(565, 460)	low	dis	(757, 540)	Y	dif	hori	left	True	384326	385482	left	1	2	7
1	zzc	m	24	1	80	circle	green	(757, 540)	high	dis	(724, 460)	N	same	hori	left	True	386714	388049	left	1	2	8
1	zzc	m	24	1	80	diamond	green	(757, 540)	high	dis	(645, 652)	N	dif	hori	left	True	389078	390577	left	1	2	9
1	zzc	m	24	1	80	circle	green	(757, 540)	high	dis	(724, 460)	N	same	hori	left	True	391704	392633	left	1	2	10
1	zzc	m	24	1	80	circle	red	(645, 428)	low	dis	(757, 540)	Y	same	hori	left	True	393718	394729	left	1	2	11
1	zzc	m	24	1	80	circle	red	(757, 540)	high	no	no_dis	N	dif	vert	up	True	395939	397402	up	1	2	12
1	zzc	m	24	1	80	diamond	green	(757, 540)	high	dis	(645, 652)	N	same	vert	up	True	398413	399953	up	1	2	13
1	zzc	m	24	1	80	circle	red	(757, 540)	high	no	no_dis	N	same	vert	up	True	401106	402082	up	1	2	14
1	zzc	m	24	1	80	diamond	green	(757, 540)	high	dis	(565, 619)	N	same	hori	left	True	403172	404161	left	1	2	15
1	zzc	m	24	1	80	diamond	red	(757, 540)	high	dis	(533, 540)	N	dif	vert	up	True	405164	406106	up	1	2	16
1	zzc	m	24	1	80	circle	red	(724, 460)	low	no	no_dis	N	same	hori	left	True	407274	408210	left	1	2	17
1	zzc	m	24	1	80	diamond	red	(757, 540)	high	no	no_dis	N	dif	hori	left	True	409254	410633	left	1	2	18
1	zzc	m	24	1	80	diamond	red	(757, 540)	high	dis	(565, 619)	N	dif	hori	left	True	411717	412729	left	1	2	19
1	zzc	m	24	1	80	diamond	red	(724, 619)	low	dis	(645, 428)	N	dif	vert	up	True	413972	415834	up	1	2	20
1	zzc	m	24	1	80	diamond	green	(757, 540)	high	dis	(533, 540)	N	dif	hori	left	True	417049	418105	left	1	2	21
1	zzc	m	24	1	80	diamond	red	(757, 540)	high	no	no_dis	N	dif	vert	up	True	419196	420193	up	1	2	22
1	zzc	m	24	1	80	circle	green	(645, 652)	low	no	no_dis	N	same	vert	up	True	421210	422530	up	1	2	23
1	zzc	m	24	1	80	diamond	red	(757, 540)	high	dis	(645, 652)	N	same	hori	left	True	423650	425049	left	1	2	24
1	zzc	m	24	1	80	circle	green	(757, 540)	high	dis	(645, 428)	N	dif	vert	up	True	426114	427065	up	1	2	25
1	zzc	m	24	1	80	circle	red	(724, 460)	low	dis	(645, 652)	N	same	vert	up	True	428302	429289	up	1	2	26
1	zzc	m	24	1	80	circle	red	(757, 540)	high	no	no_dis	N	dif	vert	up	True	430450	431321	up	1	2	27
1	zzc	m	24	1	80	diamond	red	(757, 540)	high	no	no_dis	N	dif	hori	left	True	432437	433242	up	0	2	28
1	zzc	m	24	1	80	diamond	green	(757, 540)	high	dis	(724, 460)	N	dif	vert	up	True	435821	436825	up	1	2	29
1	zzc	m	24	1	80	circle	green	(757, 540)	high	no	no_dis	N	same	hori	left	True	437859	438769	left	1	2	30
1	zzc	m	24	1	80	circle	red	(533, 540)	low	no	no_dis	N	same	vert	up	True	439935	441273	up	1	2	31
1	zzc	m	24	1	80	circle	green	(757, 540)	high	no	no_dis	N	same	hori	left	True	442435	443593	left	1	2	32
1	zzc	m	24	1	80	circle	red	(757, 540)	high	dis	(645, 652)	N	same	hori	left	True	444713	445762	left	1	2	33
1	zzc	m	24	1	80	diamond	green	(757, 540)	high	no	no_dis	N	dif	hori	left	True	446772	447857	left	1	2	34
1	zzc	m	24	1	80	circle	red	(757, 540)	high	dis	(645, 652)	N	same	hori	left	True	449004	449841	left	1	2	35
1	zzc	m	24	1	80	circle	red	(645, 652)	low	dis	(724, 460)	N	same	vert	up	True	451006	452274	up	1	2	36
1	zzc	m	24	1	80	circle	green	(645, 652)	low	dis	(533, 540)	N	same	hori	left	True	453285	454449	left	1	2	37
1	zzc	m	24	1	80	circle	green	(757, 540)	high	no	no_dis	N	dif	hori	left	True	455650	456961	left	1	2	38
1	zzc	m	24	1	80	circle	red	(757, 540)	high	no	no_dis	N	same	vert	up	True	457999	458889	up	1	2	39
1	zzc	m	24	1	80	circle	red	(757, 540)	high	dis	(724, 619)	N	same	vert	up	True	459961	461033	up	1	2	40
1	zzc	m	24	1	80	diamond	red	(757, 540)	high	dis	(565, 460)	N	dif	hori	left	True	462237	463257	left	1	2	41
1	zzc	m	24	1	80	circle	green	(757, 540)	high	dis	(724, 619)	N	same	vert	up	True	464291	465274	up	1	2	42
1	zzc	m	24	1	80	circle	green	(757, 540)	high	no	no_dis	N	same	hori	left	True	466516	467377	left	1	2	43
1	zzc	m	24	1	80	diamond	green	(757, 540)	high	dis	(724, 619)	N	same	hori	left	True	468447	469801	up	0	2	44
1	zzc	m	24	1	80	diamond	green	(757, 540)	high	dis	(645, 428)	N	same	hori	left	True	472361	473753	left	1	2	45
1	zzc	m	24	1	80	diamond	green	(533, 540)	low	dis	(757, 540)	Y	dif	vert	up	True	474849	476321	up	1	2	46
1	zzc	m	24	1	80	diamond	red	(757, 540)	high	dis	(724, 460)	N	dif	vert	up	True	477478	478770	up	1	2	47
1	zzc	m	24	1	80	circle	red	(757, 540)	high	dis	(565, 460)	N	same	hori	left	True	479998	481666	left	1	2	48
1	zzc	m	24	1	80	diamond	green	(757, 540)	high	dis	(533, 540)	N	same	vert	up	True	482795	483889	up	1	2	49
1	zzc	m	24	1	80	diamond	green	(757, 540)	high	dis	(645, 652)	N	same	hori	left	True	484974	486065	left	1	2	50
1	zzc	m	24	1	80	diamond	red	(757, 540)	high	dis	(724, 460)	N	same	hori	left	True	487200	488498	left	1	2	51
1	zzc	m	24	1	80	circle	red	(565, 619)	low	dis	(757, 540)	Y	dif	hori	left	True	489639	491457	left	1	2	52
1	zzc	m	24	1	80	diamond	red	(757, 540)	high	dis	(645, 428)	N	same	vert	up	True	492588	494017	up	1	2	53
1	zzc	m	24	1	80	diamond	red	(757, 540)	high	dis	(724, 460)	N	dif	hori	left	True	495104	496161	left	1	2	54
1	zzc	m	24	1	80	diamond	red	(565, 460)	low	dis	(757, 540)	Y	same	hori	left	True	497198	498921	left	1	2	55
1	zzc	m	24	1	80	diamond	green	(757, 540)	high	no	no_dis	N	dif	vert	up	True	500060	501745	up	1	2	56
1	zzc	m	24	1	80	circle	green	(757, 540)	high	dis	(565, 619)	N	dif	hori	left	True	502968	504665	left	1	2	57
1	zzc	m	24	1	80	diamond	red	(757, 540)	high	no	no_dis	N	dif	vert	up	True	505839	507449	up	1	2	58
1	zzc	m	24	1	80	circle	red	(757, 540)	high	dis	(533, 540)	N	same	vert	up	True	508512	510129	up	1	2	59
1	zzc	m	24	1	80	diamond	red	(757, 540)	high	dis	(724, 460)	N	dif	vert	up	True	511199	512866	up	1	2	60
1	zzc	m	24	1	80	diamond	green	(757, 540)	high	no	no_dis	N	dif	vert	up	True	513937	514825	up	1	2	61
1	zzc	m	24	1	80	diamond	red	(533, 540)	low	dis	(565, 619)	N	dif	hori	left	True	515918	517290	left	1	2	62
1	zzc	m	24	1	80	circle	green	(757, 540)	high	dis	(645, 428)	N	dif	vert	up	True	518318	519337	up	1	2	63
1	zzc	m	24	1	80	circle	red	(757, 540)	high	dis	(565, 460)	N	same	vert	up	True	520363	521473	up	1	2	64
1	zzc	m	24	1	80	diamond	green	(757, 540)	high	no	no_dis	N	same	hori	left	True	522528	523634	left	1	2	65
1	zzc	m	24	1	80	diamond	green	(757, 540)	high	no	no_dis	N	same	vert	up	True	524770	525617	up	1	2	66
1	zzc	m	24	1	80	circle	green	(724, 619)	low	dis	(757, 540)	Y	dif	vert	up	True	526788	528250	up	1	2	67
1	zzc	m	24	1	80	circle	red	(757, 540)	high	dis	(565, 619)	N	dif	hori	left	True	529365	530353	left	1	2	68
1	zzc	m	24	1	80	diamond	red	(757, 540)	high	dis	(533, 540)	N	same	hori	left	True	531362	532529	left	1	2	69
1	zzc	m	24	1	80	circle	red	(757, 540)	high	no	no_dis	N	same	hori	left	True	533752	534985	left	1	2	70
1	zzc	m	24	1	80	circle	green	(757, 540)	high	dis	(645, 652)	N	same	hori	left	True	536088	536945	left	1	2	71
1	zzc	m	24	1	80	circle	red	(757, 540)	high	no	no_dis	N	same	hori	left	True	538028	539073	left	1	2	72
1	zzc	m	24	1	80	diamond	green	(724, 460)	low	dis	(757, 540)	Y	same	hori	left	True	540174	541121	left	1	2	73
1	zzc	m	24	1	80	diamond	green	(757, 540)	high	dis	(724, 619)	N	dif	hori	left	True	542328	543345	left	1	2	74
1	zzc	m	24	1	80	diamond	red	(757, 540)	high	no	no_dis	N	dif	hori	left	True	544559	545537	left	1	2	75
1	zzc	m	24	1	80	circle	green	(757, 540)	high	dis	(565, 460)	N	dif	hori	left	True	546781	547817	left	1	2	76
1	zzc	m	24	1	80	circle	green	(757, 540)	high	no	no_dis	N	dif	vert	up	True	548923	550169	up	1	2	77
1	zzc	m	24	1	80	diamond	green	(565, 619)	low	no	no_dis	N	dif	hori	left	True	551301	552705	left	1	2	78
1	zzc	m	24	1	80	circle	green	(757, 540)	high	dis	(724, 460)	N	dif	vert	up	True	553751	555145	up	1	2	79
1	zzc	m	24	1	80	diamond	green	(757, 540)	high	no	no_dis	N	same	vert	up	True	556167	557393	up	1	2	80
1	zzc	m	24	1	80	diamond	red	(757, 540)	high	dis	(565, 619)	N	same	hori	left	True	558643	559769	left	1	2	81
1	zzc	m	24	1	80	circle	green	(757, 540)	high	no	no_dis	N	same	vert	up	True	560803	561665	up	1	2	82
1	zzc	m	24	1	80	circle	red	(757, 540)	high	dis	(533, 540)	N	dif	vert	up	True	562735	563665	up	1	2	83
1	zzc	m	24	1	80	diamond	green	(565, 619)	low	dis	(757, 540)	Y	same	vert	up	True	564705	566065	up	1	2	84
1	zzc	m	24	1	80	diamond	red	(757, 540)	high	no	no_dis	N	dif	hori	left	True	567215	568241	left	1	2	85
1	zzc	m	24	1	80	circle	green	(757, 540)	high	no	no_dis	N	same	vert	up	True	569301	570345	up	1	2	86
1	zzc	m	24	1	80	diamond	green	(757, 540)	high	dis	(645, 428)	N	dif	hori	left	True	571522	572345	left	1	2	87
1	zzc	m	24	1	80	circle	green	(757, 540)	high	dis	(724, 619)	N	same	vert	up	True	573494	574593	up	1	2	88
1	zzc	m	24	1	80	circle	red	(757, 540)	high	no	no_dis	N	same	hori	left	True	575761	576753	left	1	2	89
1	zzc	m	24	1	80	diamond	red	(724, 619)	low	no	no_dis	N	dif	vert	up	True	577894	579425	up	1	2	90
1	zzc	m	24	1	80	circle	red	(757, 540)	high	dis	(565, 619)	N	dif	hori	left	True	580641	582313	left	1	2	91
1	zzc	m	24	1	80	diamond	green	(757, 540)	high	dis	(565, 460)	N	dif	vert	up	True	583458	584657	up	1	2	92
1	zzc	m	24	1	80	diamond	red	(533, 540)	low	dis	(565, 460)	N	same	vert	up	True	585893	587073	up	1	2	93
1	zzc	m	24	1	80	circle	red	(757, 540)	high	dis	(724, 619)	N	dif	hori	left	True	588203	589441	up	0	2	94
1	zzc	m	24	1	80	circle	red	(757, 540)	high	no	no_dis	N	same	hori	left	True	592160	593057	left	1	2	95
1	zzc	m	24	1	80	diamond	green	(757, 540)	high	dis	(724, 619)	N	same	vert	up	True	594199	596297	up	1	2	96
1	zzc	m	24	1	80	circle	green	(757, 540)	high	dis	(724, 619)	N	dif	vert	up	True	597323	598257	up	1	2	97
1	zzc	m	24	1	80	circle	red	(757, 540)	high	dis	(645, 428)	N	same	vert	up	True	599273	600289	up	1	2	98
1	zzc	m	24	1	80	diamond	green	(757, 540)	high	dis	(565, 460)	N	same	vert	up	True	601498	602545	up	1	2	99
1	zzc	m	24	1	80	diamond	green	(757, 540)	high	no	no_dis	N	dif	vert	up	True	603770	604513	up	1	2	100
1	zzc	m	24	1	80	diamond	green	(565, 460)	low	no	no_dis	N	dif	hori	left	True	605647	606529	left	1	2	101
1	zzc	m	24	1	80	circle	green	(757, 540)	high	dis	(645, 652)	N	dif	hori	left	True	607742	608689	left	1	2	102
1	zzc	m	24	1	80	diamond	red	(533, 540)	low	no	no_dis	N	dif	vert	up	True	609804	610881	up	1	2	103
1	zzc	m	24	1	80	circle	green	(645, 428)	low	dis	(757, 540)	Y	dif	hori	left	True	612104	613017	up	0	2	104
1	zzc	m	24	1	80	circle	green	(757, 540)	high	dis	(645, 428)	N	dif	vert	up	True	615713	616969	up	1	2	105
1	zzc	m	24	1	80	circle	red	(757, 540)	high	dis	(724, 619)	N	dif	vert	up	True	618202	619121	up	1	2	106
1	zzc	m	24	1	80	circle	red	(757, 540)	high	dis	(533, 540)	N	dif	hori	left	True	620265	621297	left	1	2	107
1	zzc	m	24	1	80	circle	green	(645, 428)	low	no	no_dis	N	same	hori	left	True	622496	623633	left	1	2	108
1	zzc	m	24	1	80	circle	green	(757, 540)	high	dis	(533, 540)	N	same	hori	left	True	624738	625841	left	1	2	109
1	zzc	m	24	1	80	circle	green	(757, 540)	high	dis	(565, 460)	N	dif	vert	up	True	626958	627881	up	1	2	110
1	zzc	m	24	1	80	diamond	green	(757, 540)	high	dis	(645, 428)	N	same	hori	left	True	629019	629969	left	1	2	111
1	zzc	m	24	1	80	diamond	red	(757, 540)	high	dis	(724, 619)	N	same	vert	up	True	631206	632193	up	1	2	112
1	zzc	m	24	1	80	diamond	green	(645, 652)	low	dis	(757, 540)	Y	dif	vert	up	True	633264	635017	up	1	2	113
1	zzc	m	24	1	80	circle	red	(757, 540)	high	dis	(565, 619)	N	dif	hori	left	True	636030	637113	left	1	2	114
1	zzc	m	24	1	80	diamond	red	(757, 540)	high	dis	(645, 428)	N	same	vert	up	True	638207	639593	up	1	2	115
1	zzc	m	24	1	80	circle	green	(757, 540)	high	dis	(565, 460)	N	dif	vert	up	True	640732	641728	up	1	2	116
1	zzc	m	24	1	80	diamond	green	(757, 540)	high	dis	(565, 460)	N	same	vert	up	True	642940	643857	up	1	2	117
1	zzc	m	24	1	80	circle	red	(757, 540)	high	dis	(724, 460)	N	same	vert	up	True	645077	646337	up	1	2	118
1	zzc	m	24	1	80	diamond	red	(757, 540)	high	no	no_dis	N	dif	hori	left	True	647553	648785	left	1	2	119
1	zzc	m	24	1	80	diamond	red	(757, 540)	high	dis	(645, 652)	N	dif	hori	left	True	649854	651169	left	1	2	120
1	zzc	m	24	1	80	circle	green	(757, 540)	high	dis	(645, 428)	N	same	hori	left	True	683111	684313	left	1	3	1
1	zzc	m	24	1	80	diamond	green	(757, 540)	high	dis	(533, 540)	N	dif	vert	up	True	685325	686361	up	1	3	2
1	zzc	m	24	1	80	diamond	red	(757, 540)	high	dis	(645, 428)	N	dif	vert	up	True	687533	688577	up	1	3	3
1	zzc	m	24	1	80	diamond	green	(757, 540)	high	no	no_dis	N	same	vert	up	True	689819	690656	up	1	3	4
1	zzc	m	24	1	80	circle	red	(645, 428)	low	dis	(757, 540)	Y	dif	hori	left	True	691722	692737	left	1	3	5
1	zzc	m	24	1	80	diamond	red	(645, 428)	low	dis	(645, 652)	N	same	vert	up	True	693792	695377	up	1	3	6
1	zzc	m	24	1	80	circle	red	(757, 540)	high	dis	(645, 428)	N	same	hori	left	True	696477	698384	left	1	3	7
1	zzc	m	24	1	80	circle	green	(757, 540)	high	no	no_dis	N	same	vert	up	True	699607	700552	up	1	3	8
1	zzc	m	24	1	80	circle	red	(757, 540)	high	dis	(565, 460)	N	same	vert	up	True	701798	702969	up	1	3	9
1	zzc	m	24	1	80	diamond	green	(757, 540)	high	dis	(724, 619)	N	same	hori	left	True	704065	705273	left	1	3	10
1	zzc	m	24	1	80	circle	green	(757, 540)	high	dis	(645, 652)	N	dif	vert	up	True	706397	707441	up	1	3	11
1	zzc	m	24	1	80	diamond	green	(757, 540)	high	no	no_dis	N	dif	vert	up	True	708487	709489	up	1	3	12
1	zzc	m	24	1	80	circle	red	(757, 540)	high	dis	(645, 428)	N	dif	hori	left	True	710635	711704	left	1	3	13
1	zzc	m	24	1	80	circle	green	(757, 540)	high	no	no_dis	N	same	hori	left	True	712851	713825	left	1	3	14
1	zzc	m	24	1	80	diamond	green	(565, 619)	low	dis	(757, 540)	Y	same	vert	up	True	715000	716825	up	1	3	15
1	zzc	m	24	1	80	diamond	green	(757, 540)	high	no	no_dis	N	dif	vert	up	True	717859	719184	up	1	3	16
1	zzc	m	24	1	80	circle	green	(533, 540)	low	no	no_dis	N	same	vert	up	True	720413	721816	up	1	3	17
1	zzc	m	24	1	80	circle	green	(645, 428)	low	dis	(757, 540)	Y	same	hori	left	True	722867	723937	left	1	3	18
1	zzc	m	24	1	80	diamond	green	(757, 540)	high	dis	(724, 460)	N	dif	hori	left	True	725036	726777	left	1	3	19
1	zzc	m	24	1	80	diamond	red	(757, 540)	high	dis	(565, 460)	N	same	vert	up	True	727823	728953	up	1	3	20
1	zzc	m	24	1	80	circle	red	(757, 540)	high	dis	(724, 460)	N	dif	vert	up	True	730059	731449	up	1	3	21
1	zzc	m	24	1	80	diamond	green	(645, 652)	low	no	no_dis	N	dif	vert	up	True	732649	734129	up	1	3	22
1	zzc	m	24	1	80	circle	green	(757, 540)	high	dis	(565, 619)	N	same	hori	left	True	735203	736617	left	1	3	23
1	zzc	m	24	1	80	circle	green	(757, 540)	high	no	no_dis	N	same	vert	up	True	737717	738977	up	1	3	24
1	zzc	m	24	1	80	circle	red	(645, 652)	low	dis	(757, 540)	Y	dif	hori	left	True	740144	741953	left	1	3	25
1	zzc	m	24	1	80	diamond	green	(757, 540)	high	dis	(645, 428)	N	same	hori	left	True	743165	744457	left	1	3	26
1	zzc	m	24	1	80	circle	red	(724, 619)	low	no	no_dis	N	dif	hori	left	True	745669	747144	left	1	3	27
1	zzc	m	24	1	80	circle	red	(757, 540)	high	dis	(565, 460)	N	dif	hori	left	True	748223	749321	left	1	3	28
1	zzc	m	24	1	80	diamond	red	(757, 540)	high	no	no_dis	N	same	vert	up	True	750450	751592	up	1	3	29
1	zzc	m	24	1	80	diamond	green	(757, 540)	high	dis	(565, 619)	N	dif	hori	left	True	752622	753617	left	1	3	30
1	zzc	m	24	1	80	diamond	red	(757, 540)	high	no	no_dis	N	dif	hori	left	True	754798	755697	left	1	3	31
1	zzc	m	24	1	80	circle	red	(757, 540)	high	no	no_dis	N	same	hori	left	True	756848	758305	left	1	3	32
1	zzc	m	24	1	80	circle	green	(757, 540)	high	dis	(645, 652)	N	same	hori	left	True	759530	760545	left	1	3	33
1	zzc	m	24	1	80	circle	green	(757, 540)	high	dis	(565, 460)	N	same	vert	up	True	761649	762889	up	1	3	34
1	zzc	m	24	1	80	circle	green	(757, 540)	high	dis	(724, 619)	N	same	hori	left	True	763995	764985	left	1	3	35
1	zzc	m	24	1	80	diamond	green	(757, 540)	high	dis	(724, 460)	N	dif	hori	left	True	766005	767513	left	1	3	36
1	zzc	m	24	1	80	diamond	red	(645, 428)	low	no	no_dis	N	same	hori	left	True	768595	770001	left	1	3	37
1	zzc	m	24	1	80	diamond	red	(565, 460)	low	dis	(724, 460)	N	dif	vert	up	True	771013	772377	up	1	3	38
1	zzc	m	24	1	80	diamond	green	(757, 540)	high	dis	(565, 619)	N	same	vert	up	True	773521	774721	up	1	3	39
1	zzc	m	24	1	80	diamond	green	(533, 540)	low	dis	(565, 619)	N	same	hori	left	True	775943	777696	left	1	3	40
1	zzc	m	24	1	80	circle	red	(757, 540)	high	no	no_dis	N	same	hori	left	True	778763	780705	left	1	3	41
1	zzc	m	24	1	80	circle	red	(565, 619)	low	dis	(757, 540)	Y	same	vert	up	True	781876	783465	up	1	3	42
1	zzc	m	24	1	80	diamond	green	(757, 540)	high	dis	(565, 619)	N	dif	vert	up	True	784580	786409	up	1	3	43
1	zzc	m	24	1	80	circle	green	(757, 540)	high	no	no_dis	N	same	vert	up	True	787535	788776	up	1	3	44
1	zzc	m	24	1	80	diamond	red	(757, 540)	high	dis	(645, 428)	N	same	vert	up	True	789888	790953	up	1	3	45
1	zzc	m	24	1	80	circle	red	(757, 540)	high	dis	(565, 460)	N	dif	hori	left	True	792179	793240	left	1	3	46
1	zzc	m	24	1	80	diamond	red	(533, 540)	low	dis	(757, 540)	Y	dif	vert	up	True	794469	795696	up	1	3	47
1	zzc	m	24	1	80	circle	green	(757, 540)	high	dis	(533, 540)	N	same	vert	up	True	796779	798369	up	1	3	48
1	zzc	m	24	1	80	diamond	green	(757, 540)	high	no	no_dis	N	dif	hori	left	True	799529	800529	left	1	3	49
1	zzc	m	24	1	80	circle	green	(757, 540)	high	no	no_dis	N	dif	vert	up	True	801718	802888	up	1	3	50
1	zzc	m	24	1	80	circle	red	(757, 540)	high	dis	(724, 619)	N	same	hori	left	True	804091	805176	left	1	3	51
1	zzc	m	24	1	80	circle	green	(757, 540)	high	dis	(645, 652)	N	dif	vert	up	True	806230	807264	up	1	3	52
1	zzc	m	24	1	80	diamond	red	(757, 540)	high	dis	(533, 540)	N	same	vert	up	True	808489	809897	up	1	3	53
1	zzc	m	24	1	80	circle	red	(757, 540)	high	no	no_dis	N	dif	hori	left	True	810924	812512	left	1	3	54
1	zzc	m	24	1	80	circle	green	(757, 540)	high	dis	(724, 460)	N	dif	hori	left	True	813582	814544	left	1	3	55
1	zzc	m	24	1	80	diamond	green	(757, 540)	high	dis	(724, 460)	N	same	hori	left	True	815708	817289	left	1	3	56
1	zzc	m	24	1	80	diamond	red	(757, 540)	high	dis	(565, 460)	N	dif	vert	up	True	818523	819721	up	1	3	57
1	zzc	m	24	1	80	diamond	red	(757, 540)	high	no	no_dis	N	dif	hori	left	True	820957	821968	left	1	3	58
1	zzc	m	24	1	80	circle	red	(757, 540)	high	no	no_dis	N	same	hori	left	True	823204	824320	left	1	3	59
1	zzc	m	24	1	80	diamond	red	(757, 540)	high	no	no_dis	N	dif	hori	left	True	825355	826312	left	1	3	60
1	zzc	m	24	1	80	diamond	green	(757, 540)	high	dis	(533, 540)	N	same	hori	left	True	827377	828336	left	1	3	61
1	zzc	m	24	1	80	diamond	green	(757, 540)	high	no	no_dis	N	same	hori	left	True	829572	830425	left	1	3	62
1	zzc	m	24	1	80	circle	red	(757, 540)	high	dis	(724, 460)	N	dif	hori	left	True	831498	832496	left	1	3	63
1	zzc	m	24	1	80	circle	red	(757, 540)	high	dis	(724, 460)	N	dif	hori	left	True	833547	834417	left	1	3	64
1	zzc	m	24	1	80	circle	green	(757, 540)	high	dis	(645, 652)	N	dif	vert	up	True	835575	836737	up	1	3	65
1	zzc	m	24	1	80	diamond	green	(757, 540)	high	dis	(645, 652)	N	dif	vert	up	True	837804	839424	up	1	3	66
1	zzc	m	24	1	80	diamond	red	(757, 540)	high	dis	(724, 619)	N	same	vert	up	True	840480	841441	up	1	3	67
1	zzc	m	24	1	80	circle	green	(757, 540)	high	no	no_dis	N	dif	hori	left	True	842617	843736	left	1	3	68
1	zzc	m	24	1	80	diamond	red	(757, 540)	high	dis	(565, 460)	N	same	hori	left	True	844883	845808	left	1	3	69
1	zzc	m	24	1	80	circle	green	(757, 540)	high	dis	(533, 540)	N	dif	vert	up	True	846925	848393	up	1	3	70
1	zzc	m	24	1	80	diamond	red	(757, 540)	high	dis	(565, 619)	N	same	hori	left	True	849396	850465	left	1	3	71
1	zzc	m	24	1	80	circle	red	(757, 540)	high	no	no_dis	N	dif	vert	up	True	851684	852665	up	1	3	72
1	zzc	m	24	1	80	diamond	red	(757, 540)	high	dis	(724, 460)	N	dif	vert	up	True	853713	854697	up	1	3	73
1	zzc	m	24	1	80	circle	red	(757, 540)	high	dis	(533, 540)	N	dif	vert	up	True	855778	856784	up	1	3	74
1	zzc	m	24	1	80	diamond	green	(757, 540)	high	dis	(724, 619)	N	dif	hori	left	True	858006	858992	left	1	3	75
1	zzc	m	24	1	80	diamond	red	(757, 540)	high	no	no_dis	N	dif	hori	left	True	860058	861049	left	1	3	76
1	zzc	m	24	1	80	circle	red	(757, 540)	high	no	no_dis	N	dif	vert	up	True	862191	863033	up	1	3	77
1	zzc	m	24	1	80	diamond	red	(757, 540)	high	dis	(645, 428)	N	same	vert	up	True	864108	865008	up	1	3	78
1	zzc	m	24	1	80	diamond	red	(724, 619)	low	dis	(757, 540)	Y	dif	vert	up	True	866142	867681	up	1	3	79
1	zzc	m	24	1	80	diamond	green	(757, 540)	high	dis	(724, 619)	N	dif	vert	up	True	868850	869985	up	1	3	80
1	zzc	m	24	1	80	diamond	red	(757, 540)	high	no	no_dis	N	dif	hori	left	True	871218	872128	left	1	3	81
1	zzc	m	24	1	80	diamond	red	(757, 540)	high	dis	(565, 619)	N	dif	hori	left	True	873242	874120	left	1	3	82
1	zzc	m	24	1	80	circle	green	(645, 652)	low	dis	(645, 428)	N	dif	vert	up	True	875126	876537	up	1	3	83
1	zzc	m	24	1	80	circle	green	(565, 460)	low	dis	(757, 540)	Y	same	hori	left	True	877598	878848	left	1	3	84
1	zzc	m	24	1	80	circle	green	(757, 540)	high	dis	(533, 540)	N	same	hori	left	True	879942	880873	left	1	3	85
1	zzc	m	24	1	80	diamond	green	(724, 460)	low	dis	(724, 619)	N	dif	hori	left	True	881940	883529	left	1	3	86
1	zzc	m	24	1	80	circle	red	(757, 540)	high	dis	(565, 619)	N	same	vert	up	True	884750	887081	up	1	3	87
1	zzc	m	24	1	80	circle	green	(757, 540)	high	dis	(724, 619)	N	same	hori	left	True	888119	888969	left	1	3	88
1	zzc	m	24	1	80	circle	red	(757, 540)	high	dis	(533, 540)	N	same	hori	left	True	890125	890929	left	1	3	89
1	zzc	m	24	1	80	circle	red	(565, 619)	low	no	no_dis	N	dif	vert	up	True	892171	893569	up	1	3	90
1	zzc	m	24	1	80	diamond	green	(757, 540)	high	dis	(645, 428)	N	same	vert	up	True	894773	895961	up	1	3	91
1	zzc	m	24	1	80	diamond	red	(757, 540)	high	dis	(565, 460)	N	same	vert	up	True	897047	897904	up	1	3	92
1	zzc	m	24	1	80	circle	red	(757, 540)	high	dis	(533, 540)	N	dif	hori	left	True	898923	899792	left	1	3	93
1	zzc	m	24	1	80	diamond	green	(565, 460)	low	no	no_dis	N	same	vert	up	True	900879	902176	up	1	3	94
1	zzc	m	24	1	80	circle	red	(757, 540)	high	dis	(724, 619)	N	same	vert	up	True	903212	904136	up	1	3	95
1	zzc	m	24	1	80	circle	red	(724, 460)	low	dis	(757, 540)	Y	dif	hori	left	True	905389	906625	left	1	3	96
1	zzc	m	24	1	80	diamond	green	(757, 540)	high	no	no_dis	N	dif	vert	up	True	907830	909153	up	1	3	97
1	zzc	m	24	1	80	diamond	red	(757, 540)	high	dis	(565, 460)	N	dif	vert	up	True	910359	911601	up	1	3	98
1	zzc	m	24	1	80	circle	red	(757, 540)	high	dis	(565, 460)	N	same	vert	up	True	912828	913921	up	1	3	99
1	zzc	m	24	1	80	diamond	red	(757, 540)	high	dis	(645, 652)	N	same	vert	up	True	915086	916152	up	1	3	100
1	zzc	m	24	1	80	circle	green	(757, 540)	high	dis	(565, 619)	N	dif	hori	left	True	917285	919009	left	1	3	101
1	zzc	m	24	1	80	diamond	red	(757, 540)	high	dis	(724, 460)	N	dif	vert	up	True	920066	921056	up	1	3	102
1	zzc	m	24	1	80	diamond	green	(757, 540)	high	no	no_dis	N	same	vert	up	True	922194	923025	up	1	3	103
1	zzc	m	24	1	80	diamond	green	(757, 540)	high	dis	(645, 652)	N	dif	hori	left	True	924186	925144	left	1	3	104
1	zzc	m	24	1	80	circle	red	(757, 540)	high	no	no_dis	N	same	vert	up	True	926333	927176	up	1	3	105
1	zzc	m	24	1	80	diamond	red	(757, 540)	high	dis	(645, 652)	N	dif	hori	left	True	928393	929385	left	1	3	106
1	zzc	m	24	1	80	diamond	green	(724, 619)	low	dis	(533, 540)	N	same	hori	left	True	930495	931680	left	1	3	107
1	zzc	m	24	1	80	circle	green	(757, 540)	high	no	no_dis	N	same	vert	up	True	932686	933721	up	1	3	108
1	zzc	m	24	1	80	circle	green	(724, 619)	low	dis	(757, 540)	Y	same	vert	up	True	934939	936144	up	1	3	109
1	zzc	m	24	1	80	diamond	green	(757, 540)	high	dis	(565, 619)	N	same	hori	left	True	937328	939024	left	1	3	110
1	zzc	m	24	1	80	diamond	red	(757, 540)	high	no	no_dis	N	dif	vert	up	True	940051	941488	up	1	3	111
1	zzc	m	24	1	80	circle	red	(757, 540)	high	dis	(645, 428)	N	dif	hori	left	True	942564	943536	left	1	3	112
1	zzc	m	24	1	80	diamond	red	(565, 460)	low	no	no_dis	N	dif	hori	left	True	944688	946128	left	1	3	113
1	zzc	m	24	1	80	circle	green	(757, 540)	high	no	no_dis	N	same	hori	left	True	947157	948065	left	1	3	114
1	zzc	m	24	1	80	diamond	red	(757, 540)	high	no	no_dis	N	same	hori	left	True	949194	950104	left	1	3	115
1	zzc	m	24	1	80	circle	red	(757, 540)	high	no	no_dis	N	dif	vert	up	True	951112	952368	up	1	3	116
1	zzc	m	24	1	80	diamond	green	(757, 540)	high	no	no_dis	N	same	hori	left	True	953502	954400	left	1	3	117
1	zzc	m	24	1	80	circle	green	(757, 540)	high	dis	(645, 652)	N	dif	vert	up	True	955521	956920	up	1	3	118
1	zzc	m	24	1	80	circle	green	(757, 540)	high	dis	(724, 619)	N	same	vert	up	True	958113	959049	up	1	3	119
1	zzc	m	24	1	80	circle	green	(724, 460)	low	no	no_dis	N	same	hori	left	True	960239	961104	left	1	3	120
1	zzc	m	24	1	80	diamond	green	(757, 540)	high	dis	(645, 652)	N	same	hori	left	True	993094	994672	left	1	4	1
1	zzc	m	24	1	80	circle	red	(724, 619)	low	no	no_dis	N	dif	hori	left	True	995907	997224	left	1	4	2
1	zzc	m	24	1	80	circle	red	(724, 460)	low	dis	(724, 619)	N	same	hori	left	True	998303	999528	left	1	4	3
1	zzc	m	24	1	80	diamond	green	(565, 619)	low	dis	(757, 540)	Y	same	vert	up	True	1000708	1002408	up	1	4	4
1	zzc	m	24	1	80	circle	green	(757, 540)	high	no	no_dis	N	dif	vert	up	True	1003618	1004736	up	1	4	5
1	zzc	m	24	1	80	diamond	green	(565, 619)	low	no	no_dis	N	dif	vert	up	True	1005801	1007240	up	1	4	6
1	zzc	m	24	1	80	circle	red	(757, 540)	high	no	no_dis	N	dif	vert	up	True	1008304	1009296	up	1	4	7
1	zzc	m	24	1	80	diamond	red	(724, 619)	low	dis	(757, 540)	Y	dif	hori	left	True	1010530	1012776	left	1	4	8
1	zzc	m	24	1	80	diamond	green	(757, 540)	high	dis	(565, 619)	N	dif	vert	up	True	1013876	1014920	up	1	4	9
1	zzc	m	24	1	80	circle	red	(757, 540)	high	dis	(533, 540)	N	dif	hori	left	True	1016130	1016984	left	1	4	10
1	zzc	m	24	1	80	circle	red	(757, 540)	high	no	no_dis	N	same	hori	left	True	1018020	1018849	left	1	4	11
1	zzc	m	24	1	80	circle	green	(757, 540)	high	no	no_dis	N	same	hori	left	True	1019888	1020752	left	1	4	12
1	zzc	m	24	1	80	circle	red	(757, 540)	high	dis	(565, 619)	N	same	hori	left	True	1021881	1022872	left	1	4	13
1	zzc	m	24	1	80	circle	green	(645, 652)	low	dis	(757, 540)	Y	dif	vert	up	True	1023906	1025097	up	1	4	14
1	zzc	m	24	1	80	diamond	green	(757, 540)	high	dis	(565, 619)	N	same	vert	up	True	1026164	1027392	up	1	4	15
1	zzc	m	24	1	80	circle	green	(757, 540)	high	no	no_dis	N	dif	vert	up	True	1028490	1029320	up	1	4	16
1	zzc	m	24	1	80	circle	green	(757, 540)	high	dis	(565, 460)	N	same	hori	left	True	1030560	1031448	left	1	4	17
1	zzc	m	24	1	80	circle	red	(757, 540)	high	dis	(565, 460)	N	same	hori	left	True	1032624	1033440	left	1	4	18
1	zzc	m	24	1	80	circle	green	(757, 540)	high	dis	(645, 652)	N	dif	vert	up	True	1034493	1035464	up	1	4	19
1	zzc	m	24	1	80	diamond	red	(757, 540)	high	dis	(724, 460)	N	same	hori	left	True	1036592	1037608	left	1	4	20
1	zzc	m	24	1	80	diamond	red	(757, 540)	high	no	no_dis	N	dif	vert	up	True	1038858	1039752	up	1	4	21
1	zzc	m	24	1	80	diamond	red	(757, 540)	high	dis	(724, 460)	N	dif	hori	left	True	1040985	1041912	left	1	4	22
1	zzc	m	24	1	80	circle	green	(757, 540)	high	dis	(565, 619)	N	same	vert	up	True	1043001	1043856	up	1	4	23
1	zzc	m	24	1	80	diamond	green	(757, 540)	high	dis	(565, 460)	N	dif	vert	up	True	1045025	1045872	up	1	4	24
1	zzc	m	24	1	80	circle	green	(757, 540)	high	dis	(645, 428)	N	same	vert	up	True	1047061	1047992	up	1	4	25
1	zzc	m	24	1	80	diamond	green	(565, 619)	low	no	no_dis	N	same	hori	left	True	1049219	1050352	left	1	4	26
1	zzc	m	24	1	80	diamond	red	(757, 540)	high	dis	(533, 540)	N	dif	hori	left	True	1051497	1052280	left	1	4	27
1	zzc	m	24	1	80	circle	red	(757, 540)	high	dis	(724, 460)	N	dif	hori	left	True	1053505	1054624	left	1	4	28
1	zzc	m	24	1	80	circle	green	(757, 540)	high	dis	(565, 619)	N	same	vert	up	True	1055748	1057256	up	1	4	29
1	zzc	m	24	1	80	circle	green	(645, 428)	low	dis	(757, 540)	Y	dif	hori	left	True	1058286	1060520	up	0	4	30
1	zzc	m	24	1	80	circle	green	(757, 540)	high	dis	(645, 428)	N	dif	vert	up	True	1063221	1064280	up	1	4	31
1	zzc	m	24	1	80	circle	red	(757, 540)	high	dis	(533, 540)	N	same	hori	left	True	1065375	1066504	left	1	4	32
1	zzc	m	24	1	80	diamond	red	(757, 540)	high	dis	(565, 460)	N	same	hori	left	True	1067580	1068440	left	1	4	33
1	zzc	m	24	1	80	circle	red	(645, 652)	low	dis	(724, 460)	N	same	vert	up	True	1069492	1070849	up	1	4	34
1	zzc	m	24	1	80	diamond	red	(757, 540)	high	dis	(645, 428)	N	same	hori	left	True	1071906	1072880	left	1	4	35
1	zzc	m	24	1	80	diamond	red	(724, 460)	low	dis	(757, 540)	Y	same	vert	up	True	1074101	1075584	up	1	4	36
1	zzc	m	24	1	80	circle	green	(757, 540)	high	dis	(724, 460)	N	dif	hori	left	True	1076717	1078152	left	1	4	37
1	zzc	m	24	1	80	diamond	green	(757, 540)	high	dis	(645, 428)	N	same	vert	up	True	1079167	1080056	up	1	4	38
1	zzc	m	24	1	80	diamond	green	(757, 540)	high	no	no_dis	N	dif	hori	left	True	1081182	1082168	left	1	4	39
1	zzc	m	24	1	80	diamond	green	(757, 540)	high	no	no_dis	N	same	vert	up	True	1083311	1084152	up	1	4	40
1	zzc	m	24	1	80	circle	green	(757, 540)	high	dis	(724, 460)	N	dif	vert	up	True	1085231	1086320	up	1	4	41
1	zzc	m	24	1	80	diamond	red	(757, 540)	high	dis	(724, 619)	N	same	vert	up	True	1087447	1088688	up	1	4	42
1	zzc	m	24	1	80	circle	red	(757, 540)	high	dis	(724, 460)	N	dif	hori	left	True	1089772	1091000	left	1	4	43
1	zzc	m	24	1	80	diamond	red	(757, 540)	high	dis	(645, 428)	N	same	vert	up	True	1092217	1093040	up	1	4	44
1	zzc	m	24	1	80	diamond	green	(757, 540)	high	no	no_dis	N	same	hori	left	True	1094065	1094856	left	1	4	45
1	zzc	m	24	1	80	circle	green	(757, 540)	high	dis	(565, 619)	N	dif	hori	left	True	1095895	1097176	left	1	4	46
1	zzc	m	24	1	80	circle	green	(724, 619)	low	dis	(757, 540)	Y	same	hori	left	True	1098286	1099656	left	1	4	47
1	zzc	m	24	1	80	circle	red	(757, 540)	high	no	no_dis	N	dif	vert	up	True	1100816	1101656	up	1	4	48
1	zzc	m	24	1	80	circle	red	(757, 540)	high	dis	(645, 428)	N	same	hori	left	True	1102681	1103472	left	1	4	49
1	zzc	m	24	1	80	diamond	green	(757, 540)	high	dis	(565, 460)	N	same	vert	up	True	1104650	1105408	up	1	4	50
1	zzc	m	24	1	80	circle	green	(724, 460)	low	no	no_dis	N	dif	vert	up	True	1106457	1107720	up	1	4	51
1	zzc	m	24	1	80	diamond	green	(757, 540)	high	dis	(645, 652)	N	dif	vert	up	True	1108950	1110080	up	1	4	52
1	zzc	m	24	1	80	circle	red	(757, 540)	high	no	no_dis	N	dif	vert	up	True	1111162	1111976	up	1	4	53
1	zzc	m	24	1	80	diamond	red	(757, 540)	high	no	no_dis	N	dif	hori	left	True	1113006	1114080	left	1	4	54
1	zzc	m	24	1	80	circle	green	(757, 540)	high	dis	(724, 619)	N	dif	vert	up	True	1115202	1116392	up	1	4	55
1	zzc	m	24	1	80	circle	green	(757, 540)	high	no	no_dis	N	dif	hori	left	True	1117607	1118320	left	1	4	56
1	zzc	m	24	1	80	circle	red	(565, 619)	low	dis	(757, 540)	Y	dif	hori	left	True	1119568	1120888	left	1	4	57
1	zzc	m	24	1	80	diamond	green	(757, 540)	high	dis	(724, 619)	N	same	vert	up	True	1121911	1122888	up	1	4	58
1	zzc	m	24	1	80	diamond	green	(757, 540)	high	no	no_dis	N	same	vert	up	True	1123907	1124680	up	1	4	59
1	zzc	m	24	1	80	circle	green	(565, 460)	low	dis	(757, 540)	Y	dif	vert	up	True	1125759	1127016	up	1	4	60
1	zzc	m	24	1	80	diamond	red	(757, 540)	high	dis	(565, 460)	N	dif	hori	left	True	1128256	1129632	left	1	4	61
1	zzc	m	24	1	80	diamond	red	(757, 540)	high	dis	(724, 619)	N	dif	vert	up	True	1130851	1131720	up	1	4	62
1	zzc	m	24	1	80	circle	red	(757, 540)	high	dis	(565, 460)	N	dif	vert	up	True	1132771	1134312	up	1	4	63
1	zzc	m	24	1	80	circle	green	(757, 540)	high	no	no_dis	N	same	vert	up	True	1135510	1136408	up	1	4	64
1	zzc	m	24	1	80	diamond	green	(757, 540)	high	no	no_dis	N	same	vert	up	True	1137593	1138384	up	1	4	65
1	zzc	m	24	1	80	circle	red	(645, 428)	low	dis	(565, 619)	N	dif	hori	left	True	1139452	1140520	left	1	4	66
1	zzc	m	24	1	80	circle	red	(757, 540)	high	dis	(724, 619)	N	same	vert	up	True	1141589	1142455	up	1	4	67
1	zzc	m	24	1	80	circle	red	(757, 540)	high	dis	(565, 619)	N	same	hori	left	True	1143553	1144384	left	1	4	68
1	zzc	m	24	1	80	diamond	red	(757, 540)	high	dis	(565, 460)	N	same	vert	up	True	1145551	1147199	up	1	4	69
1	zzc	m	24	1	80	diamond	green	(757, 540)	high	dis	(645, 652)	N	dif	hori	left	True	1148334	1150160	left	1	4	70
1	zzc	m	24	1	80	diamond	green	(757, 540)	high	dis	(724, 460)	N	same	vert	up	True	1151186	1152160	up	1	4	71
1	zzc	m	24	1	80	circle	red	(757, 540)	high	no	no_dis	N	same	hori	left	True	1153270	1154231	left	1	4	72
1	zzc	m	24	1	80	circle	red	(757, 540)	high	dis	(533, 540)	N	dif	vert	up	True	1155328	1156240	up	1	4	73
1	zzc	m	24	1	80	diamond	green	(757, 540)	high	dis	(724, 619)	N	dif	hori	left	True	1157349	1158328	left	1	4	74
1	zzc	m	24	1	80	diamond	red	(533, 540)	low	dis	(645, 652)	N	dif	vert	up	True	1159364	1160480	up	1	4	75
1	zzc	m	24	1	80	diamond	red	(533, 540)	low	no	no_dis	N	dif	hori	left	True	1161566	1162920	left	1	4	76
1	zzc	m	24	1	80	circle	red	(757, 540)	high	dis	(645, 428)	N	same	vert	up	True	1163994	1165336	up	1	4	77
1	zzc	m	24	1	80	diamond	red	(757, 540)	high	dis	(724, 460)	N	dif	vert	up	True	1166386	1167528	up	1	4	78
1	zzc	m	24	1	80	diamond	red	(565, 460)	low	no	no_dis	N	same	vert	up	True	1168694	1170048	up	1	4	79
1	zzc	m	24	1	80	diamond	green	(757, 540)	high	no	no_dis	N	same	vert	up	True	1171136	1172176	up	1	4	80
1	zzc	m	24	1	80	diamond	green	(757, 540)	high	dis	(533, 540)	N	same	hori	left	True	1173416	1174504	left	1	4	81
1	zzc	m	24	1	80	diamond	red	(757, 540)	high	dis	(645, 428)	N	dif	vert	up	True	1175705	1176639	up	1	4	82
1	zzc	m	24	1	80	diamond	green	(724, 460)	low	dis	(757, 540)	Y	same	hori	left	True	1177699	1178960	left	1	4	83
1	zzc	m	24	1	80	diamond	red	(757, 540)	high	dis	(724, 460)	N	dif	hori	left	True	1180111	1181544	left	1	4	84
1	zzc	m	24	1	80	diamond	green	(724, 619)	low	dis	(565, 460)	N	same	hori	left	True	1182783	1184215	left	1	4	85
1	zzc	m	24	1	80	diamond	green	(757, 540)	high	no	no_dis	N	same	vert	up	True	1185369	1186280	up	1	4	86
1	zzc	m	24	1	80	circle	green	(757, 540)	high	dis	(645, 652)	N	dif	vert	up	True	1187358	1189248	up	1	4	87
1	zzc	m	24	1	80	circle	green	(757, 540)	high	no	no_dis	N	same	vert	up	True	1190352	1191383	up	1	4	88
1	zzc	m	24	1	80	circle	green	(645, 428)	low	no	no_dis	N	same	hori	left	True	1192594	1193616	left	1	4	89
1	zzc	m	24	1	80	circle	green	(757, 540)	high	dis	(565, 619)	N	same	hori	left	True	1194666	1195591	left	1	4	90
1	zzc	m	24	1	80	circle	red	(757, 540)	high	no	no_dis	N	dif	hori	left	True	1196750	1197696	left	1	4	91
1	zzc	m	24	1	80	diamond	green	(757, 540)	high	dis	(565, 460)	N	same	vert	up	True	1198787	1199816	up	1	4	92
1	zzc	m	24	1	80	circle	red	(757, 540)	high	dis	(645, 652)	N	dif	vert	up	True	1200917	1201800	up	1	4	93
1	zzc	m	24	1	80	circle	green	(757, 540)	high	dis	(533, 540)	N	dif	hori	left	True	1203023	1203904	left	1	4	94
1	zzc	m	24	1	80	diamond	red	(757, 540)	high	no	no_dis	N	dif	hori	left	True	1205123	1206496	left	1	4	95
1	zzc	m	24	1	80	diamond	red	(757, 540)	high	no	no_dis	N	same	vert	up	True	1207614	1208480	up	1	4	96
1	zzc	m	24	1	80	circle	green	(757, 540)	high	dis	(645, 428)	N	same	hori	left	True	1209505	1210591	left	1	4	97
1	zzc	m	24	1	80	diamond	red	(757, 540)	high	dis	(724, 619)	N	dif	vert	up	True	1211836	1212760	up	1	4	98
1	zzc	m	24	1	80	circle	red	(757, 540)	high	no	no_dis	N	dif	vert	up	True	1213765	1215008	up	1	4	99
1	zzc	m	24	1	80	diamond	red	(565, 460)	low	dis	(645, 428)	N	same	vert	up	True	1216236	1217759	up	1	4	100
1	zzc	m	24	1	80	diamond	red	(757, 540)	high	dis	(533, 540)	N	dif	hori	left	True	1218991	1219800	left	1	4	101
1	zzc	m	24	1	80	diamond	green	(757, 540)	high	dis	(533, 540)	N	same	hori	left	True	1220843	1221672	left	1	4	102
1	zzc	m	24	1	80	diamond	green	(757, 540)	high	dis	(645, 652)	N	dif	hori	left	True	1222730	1223544	left	1	4	103
1	zzc	m	24	1	80	diamond	red	(757, 540)	high	no	no_dis	N	dif	hori	left	True	1224590	1225320	left	1	4	104
1	zzc	m	24	1	80	circle	red	(757, 540)	high	no	no_dis	N	dif	vert	up	True	1226429	1227504	up	1	4	105
1	zzc	m	24	1	80	circle	green	(757, 540)	high	dis	(645, 652)	N	dif	hori	left	True	1228670	1229480	left	1	4	106
1	zzc	m	24	1	80	diamond	green	(533, 540)	low	dis	(757, 540)	Y	dif	vert	up	True	1230657	1231856	up	1	4	107
1	zzc	m	24	1	80	diamond	green	(757, 540)	high	dis	(724, 619)	N	dif	hori	left	True	1233091	1234016	left	1	4	108
1	zzc	m	24	1	80	circle	red	(757, 540)	high	dis	(724, 619)	N	dif	vert	up	True	1235258	1236199	up	1	4	109
1	zzc	m	24	1	80	diamond	red	(757, 540)	high	no	no_dis	N	same	hori	left	True	1237210	1237992	left	1	4	110
1	zzc	m	24	1	80	circle	green	(757, 540)	high	no	no_dis	N	dif	hori	left	True	1239152	1241248	left	1	4	111
1	zzc	m	24	1	80	circle	red	(757, 540)	high	dis	(533, 540)	N	same	hori	left	True	1242335	1243432	left	1	4	112
1	zzc	m	24	1	80	diamond	red	(757, 540)	high	no	no_dis	N	dif	hori	left	True	1244557	1245400	left	1	4	113
1	zzc	m	24	1	80	diamond	green	(757, 540)	high	no	no_dis	N	same	hori	left	True	1246522	1247480	left	1	4	114
1	zzc	m	24	1	80	diamond	red	(757, 540)	high	no	no_dis	N	same	hori	left	True	1248641	1249424	left	1	4	115
1	zzc	m	24	1	80	circle	green	(757, 540)	high	no	no_dis	N	same	hori	left	True	1250617	1251568	left	1	4	116
1	zzc	m	24	1	80	diamond	red	(757, 540)	high	dis	(645, 652)	N	same	vert	up	True	1252794	1253536	up	1	4	117
1	zzc	m	24	1	80	circle	green	(757, 540)	high	dis	(533, 540)	N	same	vert	up	True	1254723	1255480	up	1	4	118
1	zzc	m	24	1	80	circle	red	(645, 652)	low	no	no_dis	N	same	vert	up	True	1256551	1257824	up	1	4	119
1	zzc	m	24	1	80	circle	red	(757, 540)	high	dis	(565, 619)	N	same	hori	left	True	1259038	1259823	left	1	4	120
1	zzc	m	24	1	80	circle	red	(757, 540)	high	dis	(645, 652)	N	dif	vert	up	True	1291583	1292911	up	1	5	1
1	zzc	m	24	1	80	circle	red	(757, 540)	high	dis	(565, 460)	N	dif	vert	up	True	1293978	1294903	up	1	5	2
1	zzc	m	24	1	80	circle	green	(757, 540)	high	no	no_dis	N	dif	hori	left	True	1296070	1297183	left	1	5	3
1	zzc	m	24	1	80	diamond	red	(757, 540)	high	dis	(645, 652)	N	dif	hori	left	True	1298257	1299312	left	1	5	4
1	zzc	m	24	1	80	diamond	red	(757, 540)	high	dis	(645, 428)	N	dif	hori	left	True	1300317	1301335	left	1	5	5
1	zzc	m	24	1	80	diamond	green	(757, 540)	high	dis	(565, 460)	N	same	hori	left	True	1302498	1303336	left	1	5	6
1	zzc	m	24	1	80	circle	green	(757, 540)	high	dis	(645, 652)	N	dif	hori	left	True	1304440	1305480	left	1	5	7
1	zzc	m	24	1	80	diamond	red	(724, 619)	low	dis	(757, 540)	Y	same	hori	left	True	1306680	1308415	left	1	5	8
1	zzc	m	24	1	80	diamond	green	(533, 540)	low	dis	(757, 540)	Y	same	vert	up	True	1309481	1310783	up	1	5	9
1	zzc	m	24	1	80	diamond	red	(757, 540)	high	dis	(645, 428)	N	dif	vert	up	True	1311870	1312768	up	1	5	10
1	zzc	m	24	1	80	diamond	red	(533, 540)	low	no	no_dis	N	dif	vert	up	True	1313801	1314696	up	1	5	11
1	zzc	m	24	1	80	diamond	green	(757, 540)	high	dis	(565, 460)	N	same	vert	up	True	1315775	1316608	up	1	5	12
1	zzc	m	24	1	80	diamond	red	(757, 540)	high	no	no_dis	N	same	hori	left	True	1317839	1318624	left	1	5	13
1	zzc	m	24	1	80	diamond	red	(757, 540)	high	dis	(724, 619)	N	same	vert	up	True	1319716	1320448	up	1	5	14
1	zzc	m	24	1	80	circle	green	(757, 540)	high	dis	(533, 540)	N	dif	hori	left	True	1321479	1322344	left	1	5	15
1	zzc	m	24	1	80	circle	green	(724, 619)	low	no	no_dis	N	same	hori	left	True	1323377	1324703	left	1	5	16
1	zzc	m	24	1	80	diamond	red	(757, 540)	high	no	no_dis	N	same	vert	up	True	1325909	1326912	up	1	5	17
1	zzc	m	24	1	80	circle	red	(757, 540)	high	dis	(724, 460)	N	dif	vert	up	True	1328111	1330056	up	1	5	18
1	zzc	m	24	1	80	circle	green	(757, 540)	high	dis	(724, 619)	N	dif	vert	up	True	1331067	1331863	up	1	5	19
1	zzc	m	24	1	80	circle	green	(757, 540)	high	no	no_dis	N	same	hori	left	True	1333023	1333912	left	1	5	20
1	zzc	m	24	1	80	circle	red	(757, 540)	high	dis	(533, 540)	N	dif	vert	up	True	1335136	1336119	up	1	5	21
1	zzc	m	24	1	80	circle	green	(757, 540)	high	no	no_dis	N	same	vert	up	True	1337353	1338199	up	1	5	22
1	zzc	m	24	1	80	diamond	green	(757, 540)	high	no	no_dis	N	same	hori	left	True	1339275	1340224	left	1	5	23
1	zzc	m	24	1	80	diamond	red	(757, 540)	high	no	no_dis	N	dif	hori	left	True	1341452	1342296	left	1	5	24
1	zzc	m	24	1	80	circle	green	(757, 540)	high	dis	(645, 428)	N	same	vert	up	True	1343541	1344511	up	1	5	25
1	zzc	m	24	1	80	circle	red	(757, 540)	high	dis	(645, 428)	N	same	hori	left	True	1345578	1346399	left	1	5	26
1	zzc	m	24	1	80	diamond	green	(757, 540)	high	dis	(645, 652)	N	dif	vert	up	True	1347641	1348408	up	1	5	27
1	zzc	m	24	1	80	circle	red	(757, 540)	high	dis	(533, 540)	N	dif	hori	left	True	1349644	1350600	left	1	5	28
1	zzc	m	24	1	80	circle	green	(757, 540)	high	dis	(533, 540)	N	same	vert	up	True	1351727	1352527	up	1	5	29
1	zzc	m	24	1	80	diamond	green	(757, 540)	high	no	no_dis	N	same	vert	up	True	1353729	1354607	up	1	5	30
1	zzc	m	24	1	80	diamond	green	(565, 619)	low	dis	(757, 540)	Y	dif	vert	up	True	1355644	1357152	up	1	5	31
1	zzc	m	24	1	80	circle	red	(757, 540)	high	no	no_dis	N	dif	vert	up	True	1358404	1359167	up	1	5	32
1	zzc	m	24	1	80	diamond	red	(565, 460)	low	dis	(757, 540)	Y	dif	hori	left	True	1360270	1361415	left	1	5	33
1	zzc	m	24	1	80	diamond	green	(757, 540)	high	dis	(724, 460)	N	dif	vert	up	True	1362468	1363423	up	1	5	34
1	zzc	m	24	1	80	circle	red	(757, 540)	high	no	no_dis	N	dif	hori	left	True	1364515	1365320	left	1	5	35
1	zzc	m	24	1	80	diamond	red	(757, 540)	high	dis	(645, 652)	N	same	hori	left	True	1366346	1367151	left	1	5	36
1	zzc	m	24	1	80	diamond	green	(757, 540)	high	no	no_dis	N	dif	hori	left	True	1368360	1369096	left	1	5	37
1	zzc	m	24	1	80	circle	green	(757, 540)	high	no	no_dis	N	same	vert	up	True	1370100	1370864	up	1	5	38
1	zzc	m	24	1	80	circle	red	(757, 540)	high	dis	(724, 619)	N	same	vert	up	True	1372086	1372888	up	1	5	39
1	zzc	m	24	1	80	circle	green	(757, 540)	high	no	no_dis	N	dif	vert	up	True	1373952	1374696	up	1	5	40
1	zzc	m	24	1	80	diamond	green	(757, 540)	high	dis	(724, 619)	N	dif	vert	up	True	1375814	1377600	up	1	5	41
1	zzc	m	24	1	80	circle	red	(757, 540)	high	dis	(645, 428)	N	dif	vert	up	True	1378770	1379743	up	1	5	42
1	zzc	m	24	1	80	diamond	red	(757, 540)	high	dis	(645, 428)	N	same	vert	up	True	1380912	1381616	up	1	5	43
1	zzc	m	24	1	80	circle	red	(565, 619)	low	no	no_dis	N	same	vert	up	True	1382812	1384136	up	1	5	44
1	zzc	m	24	1	80	diamond	green	(757, 540)	high	dis	(645, 652)	N	dif	hori	left	True	1385382	1386647	left	1	5	45
1	zzc	m	24	1	80	circle	red	(757, 540)	high	dis	(724, 619)	N	dif	vert	up	True	1387770	1388528	up	1	5	46
1	zzc	m	24	1	80	diamond	red	(757, 540)	high	dis	(565, 619)	N	same	vert	up	True	1389587	1391111	up	1	5	47
1	zzc	m	24	1	80	diamond	green	(757, 540)	high	dis	(645, 428)	N	same	hori	left	True	1392179	1393976	left	1	5	48
1	zzc	m	24	1	80	diamond	red	(757, 540)	high	no	no_dis	N	same	vert	up	True	1395072	1395863	up	1	5	49
1	zzc	m	24	1	80	circle	green	(645, 652)	low	no	no_dis	N	dif	vert	up	True	1397084	1398296	up	1	5	50
1	zzc	m	24	1	80	circle	red	(645, 652)	low	dis	(757, 540)	Y	same	hori	left	True	1399349	1400463	left	1	5	51
1	zzc	m	24	1	80	diamond	red	(757, 540)	high	dis	(645, 652)	N	same	vert	up	True	1401562	1402704	up	1	5	52
1	zzc	m	24	1	80	diamond	green	(757, 540)	high	dis	(565, 619)	N	same	vert	up	True	1403796	1405135	up	1	5	53
1	zzc	m	24	1	80	diamond	red	(757, 540)	high	no	no_dis	N	same	vert	up	True	1406162	1407143	up	1	5	54
1	zzc	m	24	1	80	circle	green	(757, 540)	high	dis	(565, 460)	N	same	hori	left	True	1408232	1409160	left	1	5	55
1	zzc	m	24	1	80	circle	red	(757, 540)	high	no	no_dis	N	same	vert	up	True	1410174	1411567	up	1	5	56
1	zzc	m	24	1	80	circle	red	(757, 540)	high	no	no_dis	N	dif	hori	left	True	1412596	1413384	left	1	5	57
1	zzc	m	24	1	80	diamond	green	(757, 540)	high	dis	(565, 460)	N	same	hori	left	True	1414518	1416335	left	1	5	58
1	zzc	m	24	1	80	diamond	green	(757, 540)	high	no	no_dis	N	same	vert	up	True	1417498	1418183	up	1	5	59
1	zzc	m	24	1	80	diamond	green	(757, 540)	high	dis	(533, 540)	N	dif	vert	up	True	1419281	1420007	up	1	5	60
1	zzc	m	24	1	80	circle	red	(757, 540)	high	dis	(533, 540)	N	same	hori	left	True	1421213	1422088	left	1	5	61
1	zzc	m	24	1	80	diamond	green	(757, 540)	high	no	no_dis	N	same	hori	left	True	1423150	1424000	left	1	5	62
1	zzc	m	24	1	80	circle	green	(565, 460)	low	dis	(533, 540)	N	same	vert	up	True	1425171	1426079	up	1	5	63
1	zzc	m	24	1	80	diamond	green	(757, 540)	high	no	no_dis	N	dif	vert	up	True	1427085	1427871	up	1	5	64
1	zzc	m	24	1	80	circle	green	(645, 652)	low	dis	(724, 460)	N	same	hori	left	True	1428946	1431455	left	1	5	65
1	zzc	m	24	1	80	circle	green	(724, 619)	low	dis	(757, 540)	Y	dif	hori	left	True	1432698	1433783	left	1	5	66
1	zzc	m	24	1	80	diamond	red	(757, 540)	high	dis	(724, 460)	N	same	hori	left	True	1434878	1436056	left	1	5	67
1	zzc	m	24	1	80	circle	red	(757, 540)	high	no	no_dis	N	dif	hori	left	True	1437298	1438127	left	1	5	68
1	zzc	m	24	1	80	circle	red	(757, 540)	high	dis	(565, 619)	N	same	vert	up	True	1439140	1439864	up	1	5	69
1	zzc	m	24	1	80	circle	red	(724, 460)	low	dis	(645, 652)	N	dif	hori	left	True	1441059	1442807	left	1	5	70
1	zzc	m	24	1	80	diamond	green	(757, 540)	high	no	no_dis	N	dif	vert	up	True	1444042	1444912	up	1	5	71
1	zzc	m	24	1	80	diamond	green	(757, 540)	high	dis	(724, 460)	N	same	vert	up	True	1446051	1447455	up	1	5	72
1	zzc	m	24	1	80	diamond	green	(757, 540)	high	no	no_dis	N	dif	vert	up	True	1448549	1449559	up	1	5	73
1	zzc	m	24	1	80	circle	green	(757, 540)	high	dis	(565, 619)	N	same	vert	up	True	1450637	1451416	up	1	5	74
1	zzc	m	24	1	80	diamond	green	(724, 460)	low	dis	(757, 540)	Y	dif	hori	left	True	1452669	1454199	left	1	5	75
1	zzc	m	24	1	80	circle	red	(757, 540)	high	no	no_dis	N	same	hori	left	True	1455410	1456455	left	1	5	76
1	zzc	m	24	1	80	diamond	red	(757, 540)	high	dis	(724, 460)	N	dif	hori	left	True	1457706	1458647	left	1	5	77
1	zzc	m	24	1	80	circle	green	(757, 540)	high	no	no_dis	N	dif	hori	left	True	1459711	1460424	left	1	5	78
1	zzc	m	24	1	80	circle	red	(645, 428)	low	dis	(757, 540)	Y	same	vert	up	True	1461661	1463351	up	1	5	79
1	zzc	m	24	1	80	circle	green	(757, 540)	high	dis	(565, 619)	N	dif	hori	left	True	1464582	1465432	left	1	5	80
1	zzc	m	24	1	80	circle	green	(757, 540)	high	dis	(565, 460)	N	same	vert	up	True	1466440	1467087	up	1	5	81
1	zzc	m	24	1	80	circle	green	(757, 540)	high	no	no_dis	N	dif	vert	up	True	1468215	1468959	up	1	5	82
1	zzc	m	24	1	80	circle	red	(565, 619)	low	dis	(757, 540)	Y	same	hori	left	True	1469989	1471239	left	1	5	83
1	zzc	m	24	1	80	diamond	red	(757, 540)	high	no	no_dis	N	same	hori	left	True	1472431	1473239	left	1	5	84
1	zzc	m	24	1	80	diamond	green	(645, 652)	low	dis	(565, 460)	N	dif	vert	up	True	1474255	1475472	up	1	5	85
1	zzc	m	24	1	80	circle	red	(757, 540)	high	dis	(565, 460)	N	dif	vert	up	True	1476683	1477607	up	1	5	86
1	zzc	m	24	1	80	diamond	red	(757, 540)	high	dis	(724, 619)	N	dif	hori	left	True	1478829	1479424	left	1	5	87
1	zzc	m	24	1	80	circle	green	(757, 540)	high	dis	(724, 460)	N	dif	hori	left	True	1480454	1481207	left	1	5	88
1	zzc	m	24	1	80	circle	green	(757, 540)	high	dis	(724, 460)	N	dif	hori	left	True	1482220	1483024	up	0	5	89
1	zzc	m	24	1	80	diamond	red	(757, 540)	high	dis	(724, 460)	N	dif	vert	up	True	1485733	1486624	up	1	5	90
1	zzc	m	24	1	80	diamond	red	(757, 540)	high	dis	(565, 619)	N	dif	vert	up	True	1487773	1488423	up	1	5	91
1	zzc	m	24	1	80	diamond	red	(757, 540)	high	dis	(565, 619)	N	same	hori	left	True	1489455	1490247	left	1	5	92
1	zzc	m	24	1	80	circle	red	(757, 540)	high	dis	(533, 540)	N	dif	vert	up	True	1491476	1492199	up	1	5	93
1	zzc	m	24	1	80	diamond	green	(533, 540)	low	no	no_dis	N	dif	hori	left	True	1493388	1494360	left	1	5	94
1	zzc	m	24	1	80	diamond	red	(757, 540)	high	no	no_dis	N	same	hori	left	True	1495472	1496776	left	1	5	95
1	zzc	m	24	1	80	circle	green	(757, 540)	high	dis	(565, 460)	N	same	hori	left	True	1497904	1498743	left	1	5	96
1	zzc	m	24	1	80	circle	red	(645, 428)	low	no	no_dis	N	dif	hori	left	True	1499789	1500976	up	0	5	97
1	zzc	m	24	1	80	diamond	red	(724, 619)	low	dis	(757, 540)	Y	same	vert	up	True	1503585	1505151	up	1	5	98
1	zzc	m	24	1	80	circle	green	(757, 540)	high	no	no_dis	N	dif	vert	up	True	1506236	1507247	up	1	5	99
1	zzc	m	24	1	80	circle	red	(757, 540)	high	no	no_dis	N	same	hori	left	True	1508448	1509520	left	1	5	100
1	zzc	m	24	1	80	circle	red	(757, 540)	high	dis	(533, 540)	N	same	vert	up	True	1510759	1511967	up	1	5	101
1	zzc	m	24	1	80	circle	red	(757, 540)	high	dis	(565, 619)	N	dif	hori	left	True	1513043	1513927	left	1	5	102
1	zzc	m	24	1	80	diamond	green	(757, 540)	high	dis	(724, 619)	N	dif	hori	left	True	1515152	1516567	left	1	5	103
1	zzc	m	24	1	80	diamond	green	(757, 540)	high	dis	(724, 619)	N	same	hori	left	True	1517615	1518488	left	1	5	104
1	zzc	m	24	1	80	diamond	green	(757, 540)	high	dis	(724, 619)	N	same	hori	left	True	1519586	1520327	left	1	5	105
1	zzc	m	24	1	80	circle	red	(757, 540)	high	no	no_dis	N	dif	vert	up	True	1521560	1522311	up	1	5	106
1	zzc	m	24	1	80	circle	green	(757, 540)	high	dis	(645, 428)	N	same	hori	left	True	1523531	1524287	left	1	5	107
1	zzc	m	24	1	80	diamond	red	(757, 540)	high	dis	(533, 540)	N	dif	hori	left	True	1525343	1526135	left	1	5	108
1	zzc	m	24	1	80	circle	green	(757, 540)	high	dis	(724, 619)	N	same	hori	left	True	1527141	1528519	left	1	5	109
1	zzc	m	24	1	80	circle	red	(757, 540)	high	dis	(645, 652)	N	same	vert	up	True	1529675	1530527	up	1	5	110
1	zzc	m	24	1	80	circle	green	(645, 428)	low	dis	(565, 619)	N	dif	vert	up	True	1531637	1532751	up	1	5	111
1	zzc	m	24	1	80	diamond	red	(757, 540)	high	dis	(565, 460)	N	dif	hori	left	True	1533865	1535079	left	1	5	112
1	zzc	m	24	1	80	diamond	red	(757, 540)	high	no	no_dis	N	dif	hori	left	True	1536242	1536991	left	1	5	113
1	zzc	m	24	1	80	diamond	red	(533, 540)	low	dis	(645, 428)	N	dif	vert	up	True	1538081	1539231	up	1	5	114
1	zzc	m	24	1	80	diamond	green	(724, 460)	low	no	no_dis	N	same	vert	up	True	1540301	1541039	up	1	5	115
1	zzc	m	24	1	80	circle	green	(757, 540)	high	dis	(645, 652)	N	dif	hori	left	True	1542148	1544735	left	1	5	116
1	zzc	m	24	1	80	diamond	red	(565, 460)	low	no	no_dis	N	same	hori	left	True	1545886	1547367	left	1	5	117
1	zzc	m	24	1	80	diamond	green	(757, 540)	high	dis	(724, 460)	N	same	hori	left	True	1548542	1550072	left	1	5	118
1	zzc	m	24	1	80	diamond	green	(757, 540)	high	dis	(645, 428)	N	same	vert	up	True	1551160	1551887	up	1	5	119
1	zzc	m	24	1	80	circle	green	(757, 540)	high	dis	(565, 619)	N	same	hori	left	True	1552923	1553863	left	1	5	120
1	zzc	m	24	1	80	diamond	green	(757, 540)	high	dis	(645, 652)	N	same	vert	up	True	1589014	1590319	up	1	6	1
1	zzc	m	24	1	80	circle	green	(757, 540)	high	no	no_dis	N	same	hori	left	True	1591365	1592535	left	1	6	2
1	zzc	m	24	1	80	diamond	red	(757, 540)	high	dis	(533, 540)	N	same	vert	up	True	1593729	1594575	up	1	6	3
1	zzc	m	24	1	80	circle	green	(757, 540)	high	dis	(533, 540)	N	same	hori	left	True	1595750	1596831	left	1	6	4
1	zzc	m	24	1	80	circle	red	(757, 540)	high	dis	(565, 619)	N	same	vert	up	True	1597858	1598695	up	1	6	5
1	zzc	m	24	1	80	diamond	green	(757, 540)	high	no	no_dis	N	same	vert	up	True	1599781	1600639	up	1	6	6
1	zzc	m	24	1	80	diamond	red	(757, 540)	high	dis	(724, 619)	N	dif	hori	left	True	1601651	1602479	left	1	6	7
1	zzc	m	24	1	80	circle	green	(757, 540)	high	no	no_dis	N	same	hori	left	True	1603554	1604391	left	1	6	8
1	zzc	m	24	1	80	circle	green	(645, 428)	low	dis	(757, 540)	Y	dif	vert	up	True	1605494	1606463	up	1	6	9
1	zzc	m	24	1	80	diamond	green	(757, 540)	high	no	no_dis	N	dif	vert	up	True	1607648	1608535	up	1	6	10
1	zzc	m	24	1	80	circle	green	(757, 540)	high	dis	(645, 652)	N	same	hori	left	True	1609606	1610399	left	1	6	11
1	zzc	m	24	1	80	circle	green	(724, 619)	low	no	no_dis	N	dif	hori	left	True	1611486	1612759	left	1	6	12
1	zzc	m	24	1	80	circle	red	(757, 540)	high	no	no_dis	N	same	vert	up	True	1613857	1614623	up	1	6	13
1	zzc	m	24	1	80	circle	red	(565, 619)	low	dis	(757, 540)	Y	same	hori	left	True	1615720	1616655	left	1	6	14
1	zzc	m	24	1	80	diamond	red	(757, 540)	high	dis	(565, 619)	N	dif	vert	up	True	1617740	1618727	up	1	6	15
1	zzc	m	24	1	80	diamond	red	(757, 540)	high	dis	(724, 460)	N	same	hori	left	True	1619946	1620935	left	1	6	16
1	zzc	m	24	1	80	circle	red	(757, 540)	high	dis	(724, 619)	N	same	hori	left	True	1622179	1623103	left	1	6	17
1	zzc	m	24	1	80	diamond	green	(757, 540)	high	dis	(645, 428)	N	dif	vert	up	True	1624243	1625175	up	1	6	18
1	zzc	m	24	1	80	diamond	green	(757, 540)	high	dis	(565, 460)	N	dif	hori	left	True	1626395	1627199	left	1	6	19
1	zzc	m	24	1	80	circle	red	(724, 460)	low	dis	(757, 540)	Y	dif	hori	left	True	1628258	1629079	left	1	6	20
1	zzc	m	24	1	80	diamond	green	(757, 540)	high	dis	(645, 428)	N	dif	hori	left	True	1630244	1631207	left	1	6	21
1	zzc	m	24	1	80	diamond	red	(757, 540)	high	dis	(533, 540)	N	same	vert	up	True	1632250	1633007	up	1	6	22
1	zzc	m	24	1	80	diamond	green	(757, 540)	high	dis	(533, 540)	N	dif	vert	up	True	1634251	1634935	up	1	6	23
1	zzc	m	24	1	80	diamond	green	(757, 540)	high	dis	(533, 540)	N	same	vert	up	True	1635958	1636759	up	1	6	24
1	zzc	m	24	1	80	diamond	green	(757, 540)	high	dis	(565, 460)	N	dif	vert	up	True	1637921	1638623	up	1	6	25
1	zzc	m	24	1	80	diamond	green	(757, 540)	high	no	no_dis	N	dif	vert	up	True	1639724	1640423	up	1	6	26
1	zzc	m	24	1	80	diamond	green	(757, 540)	high	dis	(565, 619)	N	dif	vert	up	True	1641489	1641991	up	1	6	27
1	zzc	m	24	1	80	circle	red	(757, 540)	high	dis	(565, 460)	N	same	vert	up	True	1643113	1644310	up	1	6	28
1	zzc	m	24	1	80	circle	red	(757, 540)	high	dis	(724, 619)	N	same	hori	left	True	1645350	1646534	left	1	6	29
1	zzc	m	24	1	80	diamond	red	(757, 540)	high	no	no_dis	N	same	hori	left	True	1647703	1648422	left	1	6	30
1	zzc	m	24	1	80	circle	green	(645, 652)	low	dis	(757, 540)	Y	dif	hori	left	True	1649662	1650519	up	0	6	31
1	zzc	m	24	1	80	circle	red	(645, 652)	low	dis	(757, 540)	Y	same	vert	up	True	1653148	1654622	up	1	6	32
1	zzc	m	24	1	80	diamond	red	(565, 460)	low	dis	(533, 540)	N	dif	hori	left	True	1655716	1656718	left	1	6	33
1	zzc	m	24	1	80	circle	green	(724, 619)	low	dis	(757, 540)	Y	same	hori	left	True	1657751	1659135	left	1	6	34
1	zzc	m	24	1	80	circle	red	(757, 540)	high	dis	(724, 460)	N	same	hori	left	True	1660180	1661055	left	1	6	35
1	zzc	m	24	1	80	diamond	red	(757, 540)	high	dis	(645, 428)	N	dif	hori	left	True	1662252	1663119	left	1	6	36
1	zzc	m	24	1	80	diamond	green	(724, 619)	low	dis	(757, 540)	Y	dif	vert	up	True	1664357	1665607	up	1	6	37
1	zzc	m	24	1	80	circle	green	(757, 540)	high	no	no_dis	N	dif	hori	left	True	1666800	1667511	left	1	6	38
1	zzc	m	24	1	80	diamond	red	(645, 652)	low	dis	(757, 540)	Y	same	hori	left	True	1668764	1669862	left	1	6	39
1	zzc	m	24	1	80	circle	green	(757, 540)	high	dis	(724, 619)	N	same	hori	left	True	1670881	1671711	left	1	6	40
1	zzc	m	24	1	80	diamond	red	(757, 540)	high	dis	(565, 619)	N	same	vert	up	True	1672922	1673727	up	1	6	41
1	zzc	m	24	1	80	circle	red	(757, 540)	high	dis	(645, 652)	N	dif	hori	left	True	1674826	1675543	left	1	6	42
1	zzc	m	24	1	80	diamond	green	(757, 540)	high	dis	(724, 619)	N	same	vert	up	True	1676569	1677495	up	1	6	43
1	zzc	m	24	1	80	diamond	green	(757, 540)	high	no	no_dis	N	dif	hori	left	True	1678530	1679359	left	1	6	44
1	zzc	m	24	1	80	diamond	green	(533, 540)	low	dis	(565, 460)	N	dif	vert	up	True	1680611	1681775	up	1	6	45
1	zzc	m	24	1	80	diamond	red	(757, 540)	high	no	no_dis	N	same	hori	left	True	1682830	1683639	left	1	6	46
1	zzc	m	24	1	80	circle	red	(757, 540)	high	dis	(645, 428)	N	dif	hori	left	True	1684850	1685566	left	1	6	47
1	zzc	m	24	1	80	diamond	red	(533, 540)	low	dis	(757, 540)	Y	same	vert	up	True	1686709	1687719	up	1	6	48
1	zzc	m	24	1	80	circle	red	(757, 540)	high	dis	(645, 652)	N	dif	hori	left	True	1688734	1689823	left	1	6	49
1	zzc	m	24	1	80	diamond	red	(757, 540)	high	no	no_dis	N	same	vert	up	True	1691056	1691830	up	1	6	50
1	zzc	m	24	1	80	circle	red	(757, 540)	high	dis	(724, 619)	N	dif	hori	left	True	1692857	1693615	left	1	6	51
1	zzc	m	24	1	80	circle	red	(757, 540)	high	no	no_dis	N	same	vert	up	True	1694688	1695415	up	1	6	52
1	zzc	m	24	1	80	circle	red	(565, 619)	low	no	no_dis	N	same	hori	left	True	1696569	1697831	left	1	6	53
1	zzc	m	24	1	80	circle	green	(757, 540)	high	dis	(645, 428)	N	dif	vert	up	True	1699080	1699783	up	1	6	54
1	zzc	m	24	1	80	diamond	red	(757, 540)	high	no	no_dis	N	dif	hori	left	True	1700816	1701727	left	1	6	55
1	zzc	m	24	1	80	circle	green	(757, 540)	high	dis	(533, 540)	N	dif	vert	up	True	1702821	1703647	up	1	6	56
1	zzc	m	24	1	80	diamond	green	(757, 540)	high	dis	(724, 460)	N	dif	vert	up	True	1704737	1705615	up	1	6	57
1	zzc	m	24	1	80	circle	green	(757, 540)	high	dis	(645, 652)	N	same	hori	left	True	1706849	1707663	left	1	6	58
1	zzc	m	24	1	80	circle	red	(757, 540)	high	dis	(533, 540)	N	dif	hori	left	True	1708888	1709679	left	1	6	59
1	zzc	m	24	1	80	diamond	red	(757, 540)	high	dis	(724, 460)	N	same	hori	left	True	1710829	1711863	left	1	6	60
1	zzc	m	24	1	80	diamond	red	(757, 540)	high	dis	(645, 652)	N	same	hori	left	True	1713051	1713758	left	1	6	61
1	zzc	m	24	1	80	circle	red	(757, 540)	high	no	no_dis	N	same	vert	up	True	1714791	1715598	up	1	6	62
1	zzc	m	24	1	80	diamond	red	(565, 460)	low	no	no_dis	N	same	vert	up	True	1716705	1717191	left	0	6	63
1	zzc	m	24	1	80	diamond	green	(757, 540)	high	dis	(645, 428)	N	same	hori	left	True	1719855	1720672	left	1	6	64
1	zzc	m	24	1	80	circle	green	(757, 540)	high	dis	(565, 619)	N	dif	vert	up	True	1721728	1722671	up	1	6	65
1	zzc	m	24	1	80	diamond	green	(757, 540)	high	dis	(724, 619)	N	same	hori	left	True	1723896	1724590	left	1	6	66
1	zzc	m	24	1	80	circle	green	(757, 540)	high	no	no_dis	N	same	hori	left	True	1725740	1726543	left	1	6	67
1	zzc	m	24	1	80	circle	green	(757, 540)	high	dis	(565, 460)	N	same	hori	left	True	1727669	1728383	left	1	6	68
1	zzc	m	24	1	80	circle	green	(565, 460)	low	dis	(757, 540)	Y	dif	vert	up	True	1729443	1730406	up	1	6	69
1	zzc	m	24	1	80	diamond	green	(724, 460)	low	dis	(645, 428)	N	same	hori	left	True	1731647	1732751	left	1	6	70
1	zzc	m	24	1	80	circle	red	(757, 540)	high	no	no_dis	N	dif	vert	up	True	1733880	1734687	up	1	6	71
1	zzc	m	24	1	80	circle	red	(757, 540)	high	dis	(724, 460)	N	dif	vert	up	True	1735767	1736655	up	1	6	72
1	zzc	m	24	1	80	diamond	red	(757, 540)	high	dis	(645, 652)	N	dif	vert	up	True	1737817	1738631	up	1	6	73
1	zzc	m	24	1	80	circle	red	(645, 428)	low	dis	(565, 619)	N	same	vert	up	True	1739838	1740639	up	1	6	74
1	zzc	m	24	1	80	diamond	green	(757, 540)	high	no	no_dis	N	dif	vert	up	True	1741850	1742615	up	1	6	75
1	zzc	m	24	1	80	circle	green	(757, 540)	high	dis	(645, 428)	N	dif	hori	left	True	1743810	1745831	left	1	6	76
1	zzc	m	24	1	80	circle	green	(757, 540)	high	dis	(645, 652)	N	dif	hori	left	True	1747055	1747903	left	1	6	77
1	zzc	m	24	1	80	diamond	green	(757, 540)	high	dis	(724, 619)	N	dif	hori	left	True	1749101	1750958	left	1	6	78
1	zzc	m	24	1	80	diamond	red	(757, 540)	high	dis	(724, 460)	N	dif	vert	up	True	1752076	1753047	up	1	6	79
1	zzc	m	24	1	80	diamond	red	(757, 540)	high	dis	(724, 460)	N	dif	vert	up	True	1754286	1754967	up	1	6	80
1	zzc	m	24	1	80	circle	red	(533, 540)	low	no	no_dis	N	dif	vert	up	True	1755979	1757222	up	1	6	81
1	zzc	m	24	1	80	circle	red	(757, 540)	high	no	no_dis	N	same	hori	left	True	1758347	1759207	left	1	6	82
1	zzc	m	24	1	80	circle	green	(565, 619)	low	no	no_dis	N	dif	hori	left	True	1760425	1761487	left	1	6	83
1	zzc	m	24	1	80	diamond	green	(757, 540)	high	no	no_dis	N	dif	vert	up	True	1762659	1763679	up	1	6	84
1	zzc	m	24	1	80	diamond	green	(757, 540)	high	dis	(645, 652)	N	dif	vert	up	True	1764740	1765447	up	1	6	85
1	zzc	m	24	1	80	diamond	red	(724, 619)	low	dis	(724, 460)	N	same	vert	up	True	1766536	1768271	up	1	6	86
1	zzc	m	24	1	80	diamond	red	(645, 652)	low	no	no_dis	N	same	vert	up	True	1769416	1770415	up	1	6	87
1	zzc	m	24	1	80	circle	red	(757, 540)	high	dis	(565, 619)	N	same	vert	up	True	1771469	1772319	up	1	6	88
1	zzc	m	24	1	80	circle	green	(757, 540)	high	dis	(565, 619)	N	same	vert	up	True	1773430	1774295	up	1	6	89
1	zzc	m	24	1	80	circle	red	(757, 540)	high	dis	(724, 460)	N	dif	hori	left	True	1775315	1776286	left	1	6	90
1	zzc	m	24	1	80	circle	green	(757, 540)	high	no	no_dis	N	same	vert	up	True	1777465	1778262	up	1	6	91
1	zzc	m	24	1	80	circle	red	(757, 540)	high	no	no_dis	N	dif	hori	left	True	1779483	1780439	left	1	6	92
1	zzc	m	24	1	80	diamond	green	(645, 428)	low	no	no_dis	N	dif	vert	up	True	1781522	1782967	up	1	6	93
1	zzc	m	24	1	80	diamond	red	(757, 540)	high	no	no_dis	N	same	hori	left	True	1784028	1785014	left	1	6	94
1	zzc	m	24	1	80	circle	red	(757, 540)	high	no	no_dis	N	dif	hori	left	True	1786052	1786983	left	1	6	95
1	zzc	m	24	1	80	circle	green	(757, 540)	high	no	no_dis	N	same	vert	up	True	1788195	1789022	up	1	6	96
1	zzc	m	24	1	80	circle	green	(757, 540)	high	dis	(565, 619)	N	same	vert	up	True	1790060	1790879	up	1	6	97
1	zzc	m	24	1	80	diamond	red	(757, 540)	high	dis	(533, 540)	N	dif	hori	left	True	1791950	1792751	left	1	6	98
1	zzc	m	24	1	80	diamond	red	(757, 540)	high	dis	(565, 460)	N	same	vert	up	True	1793975	1794767	up	1	6	99
1	zzc	m	24	1	80	diamond	red	(757, 540)	high	dis	(533, 540)	N	same	hori	left	True	1795824	1796703	left	1	6	100
1	zzc	m	24	1	80	diamond	green	(757, 540)	high	no	no_dis	N	dif	hori	left	True	1797924	1798631	left	1	6	101
1	zzc	m	24	1	80	diamond	green	(757, 540)	high	dis	(645, 652)	N	same	vert	up	True	1799789	1800455	up	1	6	102
1	zzc	m	24	1	80	circle	red	(757, 540)	high	dis	(565, 619)	N	same	vert	up	True	1801557	1802334	up	1	6	103
1	zzc	m	24	1	80	diamond	green	(724, 460)	low	no	no_dis	N	same	hori	left	True	1803574	1804319	left	1	6	104
1	zzc	m	24	1	80	circle	green	(757, 540)	high	dis	(724, 619)	N	same	hori	left	True	1805453	1806398	left	1	6	105
1	zzc	m	24	1	80	circle	green	(757, 540)	high	no	no_dis	N	same	vert	up	True	1807627	1808447	up	1	6	106
1	zzc	m	24	1	80	diamond	red	(757, 540)	high	no	no_dis	N	same	hori	left	True	1809507	1810199	left	1	6	107
1	zzc	m	24	1	80	circle	red	(757, 540)	high	no	no_dis	N	dif	hori	left	True	1811386	1812175	left	1	6	108
1	zzc	m	24	1	80	circle	red	(757, 540)	high	dis	(565, 460)	N	dif	vert	up	True	1813337	1815111	up	1	6	109
1	zzc	m	24	1	80	circle	red	(757, 540)	high	dis	(645, 428)	N	same	vert	up	True	1816269	1817079	up	1	6	110
1	zzc	m	24	1	80	circle	green	(757, 540)	high	dis	(645, 428)	N	dif	hori	left	True	1818237	1819551	left	1	6	111
1	zzc	m	24	1	80	circle	green	(757, 540)	high	dis	(724, 460)	N	same	hori	left	True	1820672	1821566	left	1	6	112
1	zzc	m	24	1	80	circle	green	(757, 540)	high	no	no_dis	N	dif	vert	up	True	1822642	1823311	up	1	6	113
1	zzc	m	24	1	80	diamond	green	(757, 540)	high	no	no_dis	N	dif	vert	up	True	1824372	1825359	up	1	6	114
1	zzc	m	24	1	80	diamond	green	(565, 619)	low	dis	(724, 619)	N	dif	hori	left	True	1826549	1827782	left	1	6	115
1	zzc	m	24	1	80	circle	green	(757, 540)	high	dis	(565, 460)	N	same	vert	up	True	1828875	1829590	up	1	6	116
1	zzc	m	24	1	80	diamond	red	(757, 540)	high	no	no_dis	N	dif	hori	left	True	1830708	1831479	left	1	6	117
1	zzc	m	24	1	80	diamond	red	(757, 540)	high	dis	(565, 460)	N	dif	hori	left	True	1832499	1833446	left	1	6	118
1	zzc	m	24	1	80	diamond	green	(757, 540)	high	dis	(565, 460)	N	dif	vert	up	True	1834591	1835358	left	0	6	119
1	zzc	m	24	1	80	diamond	red	(757, 540)	high	no	no_dis	N	dif	vert	up	True	1838073	1838847	up	1	6	120
conf	1	zzc	m	24	1	80	True	1877427	1884230	3	True	1884245	1889207	2
