subj	name	gender	age	prac	group	shape	color	tar_loc	popularity	dis_cond	dis_loc	dis_high	td_dif	line	respkey	gotkey	startTime	respTime	resp	correct	block	trialnum
2	wzg	m	23	1	80	diamond	red	(724, 460)	high	dis	(565, 460)	N	dif	hori	left	True	9589	11703	left	1	1	1
2	wzg	m	23	1	80	diamond	red	(724, 460)	high	dis	(645, 428)	N	same	hori	left	True	12931	14526	left	1	1	2
2	wzg	m	23	1	80	circle	red	(724, 460)	high	dis	(757, 540)	N	dif	vert	up	True	15729	17326	up	1	1	3
2	wzg	m	23	1	80	circle	red	(724, 460)	high	no	no_dis	N	same	hori	left	True	18366	19599	left	1	1	4
2	wzg	m	23	1	80	diamond	red	(724, 460)	high	dis	(645, 428)	N	dif	hori	left	True	20757	22103	left	1	1	5
2	wzg	m	23	1	80	diamond	green	(533, 540)	low	no	no_dis	N	dif	vert	up	True	23220	24911	up	1	1	6
2	wzg	m	23	1	80	circle	red	(565, 460)	low	no	no_dis	N	dif	vert	up	True	25990	28015	up	1	1	7
2	wzg	m	23	1	80	circle	green	(724, 460)	high	dis	(565, 460)	N	dif	hori	left	True	29166	30455	up	0	1	8
2	wzg	m	23	1	80	diamond	red	(645, 428)	low	no	no_dis	N	same	vert	up	True	33183	35279	up	1	1	9
2	wzg	m	23	1	80	diamond	red	(724, 460)	high	no	no_dis	N	dif	hori	left	True	36288	38798	left	1	1	10
2	wzg	m	23	1	80	circle	green	(724, 460)	high	dis	(645, 652)	N	dif	hori	left	True	39856	41495	left	1	1	11
2	wzg	m	23	1	80	diamond	green	(724, 460)	high	dis	(565, 460)	N	dif	vert	up	True	42589	43942	up	1	1	12
2	wzg	m	23	1	80	diamond	red	(724, 460)	high	dis	(645, 428)	N	dif	hori	left	True	45087	46238	left	1	1	13
2	wzg	m	23	1	80	diamond	green	(724, 460)	high	dis	(533, 540)	N	dif	hori	left	True	47365	48263	left	1	1	14
2	wzg	m	23	1	80	circle	green	(724, 460)	high	no	no_dis	N	same	hori	left	True	49417	51126	left	1	1	15
2	wzg	m	23	1	80	circle	green	(724, 460)	high	dis	(645, 428)	N	dif	hori	left	True	52372	53582	left	1	1	16
2	wzg	m	23	1	80	diamond	red	(724, 460)	high	dis	(533, 540)	N	same	hori	left	True	54592	56174	left	1	1	17
2	wzg	m	23	1	80	diamond	green	(724, 460)	high	no	no_dis	N	dif	vert	up	True	57227	58070	up	1	1	18
2	wzg	m	23	1	80	circle	green	(724, 460)	high	no	no_dis	N	dif	hori	left	True	59248	60318	left	1	1	19
2	wzg	m	23	1	80	circle	red	(724, 460)	high	no	no_dis	N	dif	vert	up	True	61492	62294	up	1	1	20
2	wzg	m	23	1	80	circle	red	(724, 460)	high	dis	(724, 619)	N	dif	vert	up	True	63439	64407	up	1	1	21
2	wzg	m	23	1	80	circle	green	(724, 460)	high	no	no_dis	N	dif	hori	left	True	65426	66303	left	1	1	22
2	wzg	m	23	1	80	circle	green	(724, 460)	high	dis	(645, 428)	N	dif	hori	left	True	67330	68222	left	1	1	23
2	wzg	m	23	1	80	circle	green	(724, 460)	high	dis	(645, 652)	N	dif	hori	left	True	69263	70095	left	1	1	24
2	wzg	m	23	1	80	diamond	red	(724, 460)	high	dis	(645, 652)	N	same	vert	up	True	71107	71783	up	1	1	25
2	wzg	m	23	1	80	circle	green	(724, 460)	high	dis	(565, 460)	N	dif	vert	up	True	72843	73654	up	1	1	26
2	wzg	m	23	1	80	circle	green	(724, 460)	high	no	no_dis	N	dif	hori	left	True	74820	75527	left	1	1	27
2	wzg	m	23	1	80	circle	red	(724, 460)	high	no	no_dis	N	dif	vert	up	True	76747	77431	up	1	1	28
2	wzg	m	23	1	80	circle	green	(724, 460)	high	dis	(757, 540)	N	same	hori	left	True	78540	79071	left	1	1	29
2	wzg	m	23	1	80	diamond	green	(724, 460)	high	no	no_dis	N	same	vert	up	True	80091	80567	up	1	1	30
2	wzg	m	23	1	80	circle	green	(724, 460)	high	no	no_dis	N	dif	vert	up	True	81582	82631	up	1	1	31
2	wzg	m	23	1	80	diamond	red	(565, 460)	low	dis	(724, 619)	N	same	hori	left	True	83723	85142	left	1	1	32
2	wzg	m	23	1	80	circle	green	(724, 460)	high	dis	(533, 540)	N	same	vert	up	True	86175	88119	up	1	1	33
2	wzg	m	23	1	80	circle	green	(724, 460)	high	dis	(757, 540)	N	dif	hori	left	True	89320	90287	left	1	1	34
2	wzg	m	23	1	80	circle	red	(724, 460)	high	dis	(757, 540)	N	same	vert	up	True	91312	92871	up	1	1	35
2	wzg	m	23	1	80	diamond	red	(724, 460)	high	no	no_dis	N	dif	vert	up	True	93988	95774	up	1	1	36
2	wzg	m	23	1	80	circle	green	(724, 619)	low	no	no_dis	N	dif	hori	left	True	96808	97743	left	1	1	37
2	wzg	m	23	1	80	diamond	green	(533, 540)	low	dis	(724, 460)	Y	same	hori	left	True	98798	100503	left	1	1	38
2	wzg	m	23	1	80	diamond	green	(724, 460)	high	no	no_dis	N	same	hori	left	True	101565	102710	left	1	1	39
2	wzg	m	23	1	80	circle	red	(645, 652)	low	dis	(724, 460)	Y	dif	hori	left	True	103912	105062	left	1	1	40
2	wzg	m	23	1	80	circle	red	(724, 460)	high	no	no_dis	N	same	vert	up	True	106312	107159	up	1	1	41
2	wzg	m	23	1	80	diamond	red	(724, 460)	high	dis	(645, 428)	N	dif	hori	left	True	108206	109102	left	1	1	42
2	wzg	m	23	1	80	circle	red	(757, 540)	low	dis	(645, 652)	N	same	vert	up	True	110272	111462	up	1	1	43
2	wzg	m	23	1	80	circle	red	(565, 619)	low	dis	(724, 460)	Y	dif	vert	up	True	112532	114119	up	1	1	44
2	wzg	m	23	1	80	circle	red	(724, 460)	high	no	no_dis	N	same	hori	left	True	115332	116022	left	1	1	45
2	wzg	m	23	1	80	circle	red	(724, 460)	high	no	no_dis	N	dif	hori	left	True	117103	117814	left	1	1	46
2	wzg	m	23	1	80	circle	red	(757, 540)	low	no	no_dis	N	same	hori	left	True	118942	119718	left	1	1	47
2	wzg	m	23	1	80	diamond	green	(724, 460)	high	no	no_dis	N	dif	hori	left	True	120874	122734	left	1	1	48
2	wzg	m	23	1	80	diamond	red	(724, 460)	high	no	no_dis	N	same	vert	up	True	123760	125686	up	1	1	49
2	wzg	m	23	1	80	diamond	red	(533, 540)	low	dis	(757, 540)	N	dif	hori	left	True	126930	128566	left	1	1	50
2	wzg	m	23	1	80	circle	green	(724, 619)	low	dis	(724, 460)	Y	dif	vert	up	True	129781	130935	up	1	1	51
2	wzg	m	23	1	80	diamond	red	(724, 460)	high	dis	(533, 540)	N	same	hori	left	True	131987	133350	left	1	1	52
2	wzg	m	23	1	80	circle	red	(724, 460)	high	dis	(645, 652)	N	same	hori	left	True	134596	135454	left	1	1	53
2	wzg	m	23	1	80	diamond	red	(724, 460)	high	no	no_dis	N	same	vert	up	True	136569	138742	up	1	1	54
2	wzg	m	23	1	80	circle	red	(724, 460)	high	dis	(724, 619)	N	same	hori	left	True	139955	141079	left	1	1	55
2	wzg	m	23	1	80	diamond	red	(724, 460)	high	dis	(645, 428)	N	same	hori	left	True	142100	143391	left	1	1	56
2	wzg	m	23	1	80	circle	red	(724, 460)	high	no	no_dis	N	same	vert	up	True	144533	145559	up	1	1	57
2	wzg	m	23	1	80	diamond	red	(724, 460)	high	dis	(533, 540)	N	dif	vert	up	True	146694	147526	up	1	1	58
2	wzg	m	23	1	80	diamond	red	(724, 460)	high	no	no_dis	N	same	vert	up	True	148629	149255	up	1	1	59
2	wzg	m	23	1	80	diamond	green	(724, 460)	high	dis	(533, 540)	N	same	vert	up	True	150368	150838	up	1	1	60
2	wzg	m	23	1	80	diamond	green	(724, 460)	high	no	no_dis	N	dif	vert	up	True	151845	152327	up	1	1	61
2	wzg	m	23	1	80	diamond	green	(724, 460)	high	dis	(757, 540)	N	same	vert	up	True	153533	154286	up	1	1	62
2	wzg	m	23	1	80	circle	green	(724, 460)	high	dis	(565, 619)	N	same	hori	left	True	155440	156319	left	1	1	63
2	wzg	m	23	1	80	circle	green	(724, 460)	high	no	no_dis	N	dif	vert	up	True	157523	158151	up	1	1	64
2	wzg	m	23	1	80	diamond	green	(724, 460)	high	no	no_dis	N	dif	vert	up	True	159280	160406	up	1	1	65
2	wzg	m	23	1	80	diamond	red	(724, 460)	high	dis	(724, 619)	N	same	hori	left	True	161506	162335	left	1	1	66
2	wzg	m	23	1	80	circle	green	(724, 460)	high	dis	(724, 619)	N	same	vert	up	True	163439	165039	up	1	1	67
2	wzg	m	23	1	80	diamond	green	(757, 540)	low	dis	(724, 460)	Y	same	vert	up	True	166128	166775	up	1	1	68
2	wzg	m	23	1	80	diamond	red	(724, 460)	high	dis	(565, 460)	N	same	hori	left	True	167958	169174	left	1	1	69
2	wzg	m	23	1	80	diamond	green	(724, 460)	high	dis	(724, 619)	N	dif	vert	up	True	170294	171110	up	1	1	70
2	wzg	m	23	1	80	circle	green	(724, 460)	high	dis	(757, 540)	N	dif	vert	up	True	172281	173311	up	1	1	71
2	wzg	m	23	1	80	diamond	green	(724, 460)	high	dis	(565, 460)	N	same	vert	up	True	174414	175175	up	1	1	72
2	wzg	m	23	1	80	circle	red	(724, 460)	high	dis	(565, 460)	N	same	hori	left	True	176326	177150	left	1	1	73
2	wzg	m	23	1	80	circle	green	(645, 428)	low	dis	(724, 460)	Y	dif	vert	up	True	178263	179382	left	0	1	74
2	wzg	m	23	1	80	circle	red	(645, 428)	low	dis	(724, 460)	Y	same	vert	up	True	181983	183399	up	1	1	75
2	wzg	m	23	1	80	diamond	green	(724, 460)	high	dis	(565, 619)	N	same	vert	up	True	184443	186095	up	1	1	76
2	wzg	m	23	1	80	diamond	red	(724, 619)	low	dis	(565, 460)	N	dif	hori	left	True	187118	188094	left	1	1	77
2	wzg	m	23	1	80	circle	red	(724, 460)	high	dis	(757, 540)	N	same	hori	left	True	189207	190303	left	1	1	78
2	wzg	m	23	1	80	diamond	red	(724, 460)	high	dis	(645, 652)	N	same	vert	up	True	191412	192822	up	1	1	79
2	wzg	m	23	1	80	diamond	green	(724, 460)	high	no	no_dis	N	same	hori	left	True	193860	195478	left	1	1	80
2	wzg	m	23	1	80	diamond	green	(724, 460)	high	dis	(645, 652)	N	dif	hori	left	True	196583	197415	left	1	1	81
2	wzg	m	23	1	80	circle	green	(724, 460)	high	no	no_dis	N	same	vert	up	True	198486	199263	up	1	1	82
2	wzg	m	23	1	80	diamond	green	(645, 652)	low	no	no_dis	N	dif	hori	left	True	200265	201855	left	1	1	83
2	wzg	m	23	1	80	diamond	red	(724, 460)	high	dis	(757, 540)	N	same	vert	up	True	203101	204446	up	1	1	84
2	wzg	m	23	1	80	diamond	green	(724, 460)	high	no	no_dis	N	same	hori	left	True	205687	206438	left	1	1	85
2	wzg	m	23	1	80	diamond	green	(724, 460)	high	dis	(565, 619)	N	dif	hori	left	True	207600	208583	left	1	1	86
2	wzg	m	23	1	80	diamond	green	(724, 460)	high	dis	(565, 619)	N	same	vert	up	True	209632	210775	up	1	1	87
2	wzg	m	23	1	80	circle	green	(724, 460)	high	dis	(533, 540)	N	same	vert	up	True	212010	213214	up	1	1	88
2	wzg	m	23	1	80	diamond	green	(724, 460)	high	dis	(565, 619)	N	dif	vert	up	True	214228	216046	up	1	1	89
2	wzg	m	23	1	80	circle	red	(724, 460)	high	dis	(645, 428)	N	dif	vert	up	True	217099	218166	up	1	1	90
2	wzg	m	23	1	80	diamond	green	(724, 460)	high	dis	(645, 652)	N	same	vert	up	True	219214	220407	up	1	1	91
2	wzg	m	23	1	80	circle	green	(724, 460)	high	no	no_dis	N	same	vert	up	True	221621	222374	up	1	1	92
2	wzg	m	23	1	80	circle	red	(724, 460)	high	dis	(757, 540)	N	same	vert	up	True	223566	224190	up	1	1	93
2	wzg	m	23	1	80	circle	green	(724, 460)	high	dis	(533, 540)	N	same	hori	left	True	225235	225862	up	0	1	94
2	wzg	m	23	1	80	diamond	green	(724, 460)	high	dis	(645, 428)	N	dif	vert	up	True	228558	230166	up	1	1	95
2	wzg	m	23	1	80	diamond	green	(565, 619)	low	dis	(533, 540)	N	same	hori	left	True	231275	233006	left	1	1	96
2	wzg	m	23	1	80	diamond	red	(724, 460)	high	dis	(645, 428)	N	same	vert	up	True	234115	235655	up	1	1	97
2	wzg	m	23	1	80	diamond	red	(645, 652)	low	dis	(724, 460)	Y	dif	hori	left	True	236856	238223	left	1	1	98
2	wzg	m	23	1	80	diamond	red	(565, 619)	low	no	no_dis	N	same	hori	left	True	239447	240446	left	1	1	99
2	wzg	m	23	1	80	diamond	red	(724, 460)	high	no	no_dis	N	dif	hori	left	True	241695	242574	left	1	1	100
2	wzg	m	23	1	80	circle	green	(724, 460)	high	dis	(724, 619)	N	dif	vert	up	True	243579	245855	up	1	1	101
2	wzg	m	23	1	80	circle	red	(724, 460)	high	dis	(724, 619)	N	dif	hori	left	True	247007	247839	left	1	1	102
2	wzg	m	23	1	80	circle	red	(724, 460)	high	dis	(645, 652)	N	dif	vert	up	True	248989	251655	up	1	1	103
2	wzg	m	23	1	80	circle	red	(724, 460)	high	no	no_dis	N	dif	hori	left	True	252887	255023	left	1	1	104
2	wzg	m	23	1	80	diamond	green	(724, 460)	high	dis	(565, 460)	N	dif	hori	left	True	256252	258351	left	1	1	105
2	wzg	m	23	1	80	circle	red	(724, 460)	high	dis	(645, 652)	N	same	hori	left	True	259407	260806	left	1	1	106
2	wzg	m	23	1	80	diamond	red	(724, 460)	high	no	no_dis	N	same	hori	left	True	261981	262894	left	1	1	107
2	wzg	m	23	1	80	circle	red	(724, 460)	high	dis	(724, 619)	N	same	vert	up	True	264053	265566	up	1	1	108
2	wzg	m	23	1	80	diamond	green	(757, 540)	low	dis	(565, 619)	N	same	hori	left	True	266590	269398	left	1	1	109
2	wzg	m	23	1	80	circle	red	(724, 460)	high	dis	(565, 619)	N	dif	vert	up	True	270495	271774	up	1	1	110
2	wzg	m	23	1	80	circle	green	(565, 460)	low	dis	(724, 460)	Y	dif	vert	up	True	272894	274911	up	1	1	111
2	wzg	m	23	1	80	circle	green	(645, 652)	low	dis	(724, 460)	Y	same	vert	up	True	276060	277343	up	1	1	112
2	wzg	m	23	1	80	circle	green	(724, 460)	high	dis	(565, 619)	N	dif	vert	up	True	278580	279959	up	1	1	113
2	wzg	m	23	1	80	circle	red	(724, 460)	high	dis	(565, 460)	N	dif	hori	left	True	281210	282342	left	1	1	114
2	wzg	m	23	1	80	diamond	red	(724, 460)	high	no	no_dis	N	same	hori	left	True	283495	284359	left	1	1	115
2	wzg	m	23	1	80	diamond	red	(724, 460)	high	dis	(724, 619)	N	dif	vert	up	True	285424	287015	up	1	1	116
2	wzg	m	23	1	80	circle	green	(565, 460)	low	no	no_dis	N	same	vert	up	True	288259	289655	up	1	1	117
2	wzg	m	23	1	80	circle	red	(724, 460)	high	dis	(533, 540)	N	dif	vert	up	True	290898	291790	up	1	1	118
2	wzg	m	23	1	80	diamond	green	(724, 460)	high	dis	(565, 619)	N	same	hori	left	True	292990	294718	left	1	1	119
2	wzg	m	23	1	80	diamond	green	(724, 460)	high	dis	(565, 619)	N	same	hori	left	True	295788	297518	left	1	1	120
2	wzg	m	23	1	80	circle	green	(645, 428)	low	no	no_dis	N	dif	hori	left	True	331541	333471	left	1	2	1
2	wzg	m	23	1	80	circle	red	(724, 460)	high	no	no_dis	N	dif	vert	up	True	334674	336014	up	1	2	2
2	wzg	m	23	1	80	diamond	green	(724, 460)	high	dis	(757, 540)	N	dif	vert	up	True	337017	338870	up	1	2	3
2	wzg	m	23	1	80	circle	red	(724, 460)	high	no	no_dis	N	same	vert	up	True	340062	341007	up	1	2	4
2	wzg	m	23	1	80	circle	green	(724, 460)	high	no	no_dis	N	dif	hori	left	True	342169	343326	left	1	2	5
2	wzg	m	23	1	80	diamond	red	(724, 460)	high	no	no_dis	N	same	vert	up	True	344456	346110	up	1	2	6
2	wzg	m	23	1	80	circle	red	(724, 460)	high	no	no_dis	N	dif	hori	left	True	347162	348063	left	1	2	7
2	wzg	m	23	1	80	circle	green	(724, 460)	high	dis	(565, 619)	N	same	vert	up	True	349184	350095	up	1	2	8
2	wzg	m	23	1	80	diamond	green	(645, 652)	low	no	no_dis	N	same	hori	left	True	351161	352255	left	1	2	9
2	wzg	m	23	1	80	circle	red	(724, 460)	high	dis	(645, 652)	N	dif	hori	left	True	353379	354566	left	1	2	10
2	wzg	m	23	1	80	circle	green	(724, 460)	high	dis	(757, 540)	N	dif	vert	up	True	355604	357038	up	1	2	11
2	wzg	m	23	1	80	circle	green	(724, 460)	high	dis	(724, 619)	N	same	vert	up	True	358139	359006	up	1	2	12
2	wzg	m	23	1	80	circle	green	(724, 460)	high	dis	(565, 460)	N	dif	hori	left	True	360240	360870	left	1	2	13
2	wzg	m	23	1	80	diamond	red	(724, 460)	high	dis	(565, 460)	N	dif	vert	up	True	361889	362686	up	1	2	14
2	wzg	m	23	1	80	circle	green	(757, 540)	low	no	no_dis	N	dif	vert	up	True	363890	364926	up	1	2	15
2	wzg	m	23	1	80	circle	green	(724, 460)	high	dis	(645, 428)	N	same	hori	left	True	366171	367279	left	1	2	16
2	wzg	m	23	1	80	circle	green	(724, 460)	high	no	no_dis	N	same	hori	left	True	368351	368990	left	1	2	17
2	wzg	m	23	1	80	circle	green	(645, 652)	low	dis	(565, 460)	N	same	vert	up	True	370156	371287	up	1	2	18
2	wzg	m	23	1	80	diamond	green	(565, 619)	low	dis	(724, 460)	Y	dif	vert	up	True	372408	373694	up	1	2	19
2	wzg	m	23	1	80	circle	green	(724, 460)	high	dis	(645, 652)	N	dif	hori	left	True	374793	375727	left	1	2	20
2	wzg	m	23	1	80	circle	red	(724, 460)	high	dis	(757, 540)	N	same	vert	up	True	376970	377943	up	1	2	21
2	wzg	m	23	1	80	circle	red	(724, 460)	high	dis	(533, 540)	N	dif	vert	up	True	378995	379598	up	1	2	22
2	wzg	m	23	1	80	diamond	green	(724, 460)	high	dis	(724, 619)	N	same	hori	left	True	380670	382046	left	1	2	23
2	wzg	m	23	1	80	diamond	green	(724, 460)	high	no	no_dis	N	same	vert	up	True	383102	384263	up	1	2	24
2	wzg	m	23	1	80	circle	green	(724, 460)	high	dis	(645, 652)	N	dif	vert	up	True	385280	386302	up	1	2	25
2	wzg	m	23	1	80	circle	green	(645, 428)	low	dis	(645, 652)	N	dif	vert	up	True	387428	388343	up	1	2	26
2	wzg	m	23	1	80	diamond	green	(533, 540)	low	dis	(724, 460)	Y	dif	vert	up	True	389400	390838	up	1	2	27
2	wzg	m	23	1	80	diamond	green	(724, 460)	high	no	no_dis	N	dif	vert	up	True	392050	392894	up	1	2	28
2	wzg	m	23	1	80	diamond	red	(724, 460)	high	dis	(565, 619)	N	dif	hori	left	True	393926	394686	left	1	2	29
2	wzg	m	23	1	80	circle	red	(645, 652)	low	dis	(724, 460)	Y	same	hori	left	True	395792	396799	left	1	2	30
2	wzg	m	23	1	80	circle	red	(724, 460)	high	dis	(724, 619)	N	dif	vert	up	True	397852	398726	up	1	2	31
2	wzg	m	23	1	80	diamond	red	(724, 460)	high	dis	(757, 540)	N	dif	hori	left	True	399777	400671	left	1	2	32
2	wzg	m	23	1	80	diamond	green	(724, 460)	high	dis	(565, 619)	N	dif	hori	left	True	401695	402543	left	1	2	33
2	wzg	m	23	1	80	circle	green	(724, 460)	high	dis	(757, 540)	N	dif	hori	left	True	403665	404918	left	1	2	34
2	wzg	m	23	1	80	diamond	green	(724, 460)	high	dis	(645, 652)	N	same	vert	up	True	406105	407759	up	1	2	35
2	wzg	m	23	1	80	circle	green	(724, 460)	high	dis	(757, 540)	N	same	vert	up	True	408807	409886	up	1	2	36
2	wzg	m	23	1	80	diamond	green	(724, 460)	high	dis	(645, 652)	N	dif	vert	up	True	410973	412158	up	1	2	37
2	wzg	m	23	1	80	circle	green	(724, 460)	high	no	no_dis	N	dif	hori	left	True	413230	414095	left	1	2	38
2	wzg	m	23	1	80	circle	red	(724, 460)	high	dis	(565, 619)	N	same	vert	up	True	415165	416103	up	1	2	39
2	wzg	m	23	1	80	diamond	red	(724, 619)	low	dis	(533, 540)	N	same	hori	left	True	417276	418311	left	1	2	40
2	wzg	m	23	1	80	diamond	green	(724, 460)	high	dis	(757, 540)	N	same	hori	left	True	419524	420142	left	1	2	41
2	wzg	m	23	1	80	diamond	green	(757, 540)	low	dis	(724, 619)	N	same	vert	up	True	421298	422023	up	1	2	42
2	wzg	m	23	1	80	circle	green	(724, 460)	high	dis	(645, 652)	N	same	vert	up	True	423239	424263	up	1	2	43
2	wzg	m	23	1	80	diamond	red	(724, 460)	high	dis	(565, 460)	N	same	hori	left	True	425374	426198	left	1	2	44
2	wzg	m	23	1	80	diamond	red	(724, 460)	high	dis	(565, 619)	N	same	vert	up	True	427437	428287	up	1	2	45
2	wzg	m	23	1	80	diamond	red	(724, 460)	high	dis	(533, 540)	N	same	vert	up	False	429331	None	None	0	2	46
2	wzg	m	23	1	80	circle	red	(724, 460)	high	no	no_dis	N	same	vert	up	True	435048	436534	up	1	2	47
2	wzg	m	23	1	80	diamond	red	(533, 540)	low	dis	(645, 428)	N	same	hori	left	True	437552	438527	left	1	2	48
2	wzg	m	23	1	80	circle	red	(724, 460)	high	no	no_dis	N	same	vert	up	True	439551	440567	up	1	2	49
2	wzg	m	23	1	80	diamond	green	(724, 460)	high	no	no_dis	N	dif	hori	left	True	441664	442559	left	1	2	50
2	wzg	m	23	1	80	circle	red	(645, 428)	low	dis	(724, 460)	Y	dif	hori	left	True	443802	445903	left	1	2	51
2	wzg	m	23	1	80	diamond	red	(724, 460)	high	no	no_dis	N	dif	vert	up	True	447130	448118	up	1	2	52
2	wzg	m	23	1	80	diamond	red	(724, 460)	high	dis	(565, 619)	N	dif	hori	left	True	449242	449990	left	1	2	53
2	wzg	m	23	1	80	circle	red	(724, 460)	high	dis	(565, 619)	N	dif	vert	up	True	451028	452135	up	1	2	54
2	wzg	m	23	1	80	circle	green	(724, 460)	high	dis	(724, 619)	N	same	vert	up	True	453212	454070	up	1	2	55
2	wzg	m	23	1	80	diamond	red	(724, 619)	low	dis	(724, 460)	Y	dif	hori	left	True	455284	456774	left	1	2	56
2	wzg	m	23	1	80	circle	green	(724, 460)	high	dis	(565, 619)	N	same	hori	left	True	458011	459310	left	1	2	57
2	wzg	m	23	1	80	diamond	green	(724, 460)	high	dis	(645, 652)	N	dif	vert	up	True	460442	462302	up	1	2	58
2	wzg	m	23	1	80	diamond	red	(724, 460)	high	dis	(565, 619)	N	dif	hori	left	True	463332	464110	left	1	2	59
2	wzg	m	23	1	80	diamond	red	(724, 460)	high	no	no_dis	N	same	hori	left	True	465175	465935	left	1	2	60
2	wzg	m	23	1	80	diamond	red	(533, 540)	low	no	no_dis	N	same	vert	up	True	467007	468031	up	1	2	61
2	wzg	m	23	1	80	circle	green	(724, 460)	high	dis	(724, 619)	N	dif	hori	left	True	469193	470231	left	1	2	62
2	wzg	m	23	1	80	circle	green	(724, 460)	high	no	no_dis	N	dif	vert	up	True	471247	472607	up	1	2	63
2	wzg	m	23	1	80	circle	green	(724, 619)	low	dis	(724, 460)	Y	dif	hori	left	True	473743	474919	left	1	2	64
2	wzg	m	23	1	80	circle	red	(565, 619)	low	dis	(724, 460)	Y	dif	hori	left	True	476129	477711	left	1	2	65
2	wzg	m	23	1	80	diamond	green	(724, 460)	high	no	no_dis	N	same	hori	left	True	478736	479990	left	1	2	66
2	wzg	m	23	1	80	circle	green	(565, 460)	low	dis	(565, 619)	N	dif	vert	up	True	481154	482822	up	1	2	67
2	wzg	m	23	1	80	diamond	green	(724, 460)	high	dis	(533, 540)	N	dif	vert	up	True	483912	485023	up	1	2	68
2	wzg	m	23	1	80	circle	green	(724, 460)	high	no	no_dis	N	dif	vert	up	True	486095	486919	up	1	2	69
2	wzg	m	23	1	80	diamond	green	(724, 460)	high	no	no_dis	N	dif	vert	up	True	487963	489326	up	1	2	70
2	wzg	m	23	1	80	circle	red	(724, 460)	high	dis	(645, 428)	N	dif	hori	left	True	490474	491535	left	1	2	71
2	wzg	m	23	1	80	diamond	red	(724, 460)	high	dis	(533, 540)	N	same	hori	left	True	492542	493559	left	1	2	72
2	wzg	m	23	1	80	circle	red	(724, 619)	low	no	no_dis	N	same	hori	left	True	494677	496238	left	1	2	73
2	wzg	m	23	1	80	diamond	red	(724, 460)	high	dis	(645, 428)	N	dif	vert	up	True	497477	498734	up	1	2	74
2	wzg	m	23	1	80	circle	green	(724, 460)	high	dis	(724, 619)	N	dif	hori	left	True	499861	500686	left	1	2	75
2	wzg	m	23	1	80	diamond	red	(565, 460)	low	dis	(724, 460)	Y	same	vert	up	True	501714	503175	up	1	2	76
2	wzg	m	23	1	80	diamond	red	(724, 460)	high	dis	(645, 428)	N	dif	vert	up	True	504340	505335	up	1	2	77
2	wzg	m	23	1	80	diamond	red	(724, 460)	high	dis	(533, 540)	N	same	vert	up	True	506449	507278	up	1	2	78
2	wzg	m	23	1	80	diamond	red	(724, 460)	high	dis	(565, 460)	N	dif	vert	up	True	508282	508990	up	1	2	79
2	wzg	m	23	1	80	diamond	green	(724, 460)	high	dis	(533, 540)	N	same	vert	up	True	510196	510767	up	1	2	80
2	wzg	m	23	1	80	circle	green	(724, 460)	high	no	no_dis	N	same	hori	left	True	511809	512670	left	1	2	81
2	wzg	m	23	1	80	circle	red	(724, 460)	high	dis	(724, 619)	N	same	hori	left	True	513881	514846	left	1	2	82
2	wzg	m	23	1	80	circle	red	(565, 460)	low	no	no_dis	N	same	vert	up	True	515980	517598	up	1	2	83
2	wzg	m	23	1	80	circle	green	(724, 460)	high	no	no_dis	N	dif	hori	left	True	518789	519567	left	1	2	84
2	wzg	m	23	1	80	circle	red	(724, 460)	high	dis	(645, 652)	N	dif	vert	up	True	520644	521766	up	1	2	85
2	wzg	m	23	1	80	circle	green	(724, 460)	high	no	no_dis	N	same	hori	left	True	522797	524726	left	1	2	86
2	wzg	m	23	1	80	diamond	red	(724, 619)	low	no	no_dis	N	dif	hori	left	True	525962	527134	left	1	2	87
2	wzg	m	23	1	80	circle	red	(724, 460)	high	dis	(533, 540)	N	same	hori	left	True	528349	529278	left	1	2	88
2	wzg	m	23	1	80	diamond	green	(724, 460)	high	no	no_dis	N	dif	vert	up	True	530281	531046	up	1	2	89
2	wzg	m	23	1	80	diamond	red	(724, 460)	high	no	no_dis	N	dif	hori	left	True	532095	532695	left	1	2	90
2	wzg	m	23	1	80	circle	red	(757, 540)	low	dis	(724, 460)	Y	same	hori	left	True	533887	534839	left	1	2	91
2	wzg	m	23	1	80	circle	green	(724, 460)	high	dis	(757, 540)	N	dif	hori	left	True	535894	537086	left	1	2	92
2	wzg	m	23	1	80	diamond	green	(724, 460)	high	dis	(724, 619)	N	same	vert	up	True	538206	538974	up	1	2	93
2	wzg	m	23	1	80	circle	red	(724, 460)	high	dis	(645, 428)	N	same	hori	left	True	540142	540927	left	1	2	94
2	wzg	m	23	1	80	diamond	green	(724, 460)	high	dis	(533, 540)	N	dif	vert	up	True	542112	542678	up	1	2	95
2	wzg	m	23	1	80	diamond	green	(645, 652)	low	dis	(724, 460)	Y	same	vert	up	True	543855	544822	up	1	2	96
2	wzg	m	23	1	80	diamond	green	(724, 460)	high	no	no_dis	N	same	vert	up	True	545917	546807	up	1	2	97
2	wzg	m	23	1	80	diamond	green	(724, 460)	high	dis	(645, 428)	N	dif	vert	up	True	547987	549518	up	1	2	98
2	wzg	m	23	1	80	circle	red	(724, 460)	high	no	no_dis	N	dif	hori	left	True	550719	551470	left	1	2	99
2	wzg	m	23	1	80	diamond	red	(724, 460)	high	dis	(565, 460)	N	dif	hori	left	True	552635	553446	left	1	2	100
2	wzg	m	23	1	80	circle	red	(724, 460)	high	dis	(565, 460)	N	same	hori	left	True	554546	555407	left	1	2	101
2	wzg	m	23	1	80	circle	red	(724, 460)	high	dis	(565, 460)	N	same	vert	up	True	556555	557742	up	1	2	102
2	wzg	m	23	1	80	circle	red	(724, 460)	high	dis	(645, 428)	N	same	hori	left	True	558888	560118	left	1	2	103
2	wzg	m	23	1	80	diamond	red	(724, 460)	high	no	no_dis	N	same	hori	left	True	561339	562326	left	1	2	104
2	wzg	m	23	1	80	diamond	green	(724, 460)	high	dis	(565, 460)	N	same	vert	up	True	563387	564399	up	1	2	105
2	wzg	m	23	1	80	circle	red	(724, 460)	high	no	no_dis	N	dif	hori	left	True	565518	566518	left	1	2	106
2	wzg	m	23	1	80	diamond	red	(724, 460)	high	no	no_dis	N	same	hori	left	True	567543	568126	left	1	2	107
2	wzg	m	23	1	80	circle	red	(724, 460)	high	dis	(757, 540)	N	same	hori	left	True	569269	570206	left	1	2	108
2	wzg	m	23	1	80	diamond	green	(724, 460)	high	dis	(533, 540)	N	same	hori	left	True	571286	572367	left	1	2	109
2	wzg	m	23	1	80	diamond	red	(724, 460)	high	no	no_dis	N	same	hori	left	True	573434	574183	left	1	2	110
2	wzg	m	23	1	80	diamond	green	(565, 619)	low	no	no_dis	N	dif	vert	up	True	575406	576662	up	1	2	111
2	wzg	m	23	1	80	diamond	green	(724, 460)	high	dis	(724, 619)	N	same	hori	left	True	577686	578542	left	1	2	112
2	wzg	m	23	1	80	circle	red	(724, 460)	high	no	no_dis	N	same	vert	up	True	579641	580734	up	1	2	113
2	wzg	m	23	1	80	circle	green	(724, 460)	high	dis	(565, 460)	N	same	hori	left	True	581770	582615	left	1	2	114
2	wzg	m	23	1	80	diamond	red	(724, 460)	high	dis	(645, 428)	N	dif	hori	left	True	583708	584775	left	1	2	115
2	wzg	m	23	1	80	diamond	red	(724, 460)	high	dis	(645, 428)	N	same	vert	up	True	585968	586686	up	1	2	116
2	wzg	m	23	1	80	diamond	green	(724, 460)	high	dis	(757, 540)	N	same	hori	left	True	587721	588470	left	1	2	117
2	wzg	m	23	1	80	diamond	green	(724, 460)	high	no	no_dis	N	same	vert	up	True	589492	590063	up	1	2	118
2	wzg	m	23	1	80	diamond	red	(724, 460)	high	no	no_dis	N	dif	vert	up	True	591113	591926	up	1	2	119
2	wzg	m	23	1	80	circle	red	(724, 460)	high	dis	(645, 652)	N	dif	hori	left	True	593139	593990	left	1	2	120
2	wzg	m	23	1	80	circle	green	(724, 460)	high	dis	(565, 619)	N	dif	hori	left	True	630181	631630	left	1	3	1
2	wzg	m	23	1	80	circle	green	(724, 460)	high	no	no_dis	N	same	hori	left	True	632836	633423	left	1	3	2
2	wzg	m	23	1	80	circle	green	(724, 460)	high	dis	(533, 540)	N	same	hori	left	True	634615	635175	left	1	3	3
2	wzg	m	23	1	80	diamond	green	(724, 460)	high	dis	(645, 652)	N	same	vert	up	True	636183	637534	up	1	3	4
2	wzg	m	23	1	80	diamond	red	(724, 460)	high	no	no_dis	N	dif	hori	left	True	638632	639662	left	1	3	5
2	wzg	m	23	1	80	diamond	green	(724, 460)	high	dis	(645, 652)	N	dif	vert	up	True	640864	641526	up	1	3	6
2	wzg	m	23	1	80	circle	green	(724, 460)	high	dis	(565, 619)	N	dif	vert	up	True	642637	643478	up	1	3	7
2	wzg	m	23	1	80	circle	red	(724, 460)	high	no	no_dis	N	same	vert	up	True	644581	645159	up	1	3	8
2	wzg	m	23	1	80	diamond	green	(724, 460)	high	no	no_dis	N	same	hori	left	True	646233	646902	left	1	3	9
2	wzg	m	23	1	80	diamond	red	(724, 460)	high	dis	(757, 540)	N	same	hori	left	True	647990	648678	left	1	3	10
2	wzg	m	23	1	80	diamond	red	(724, 460)	high	dis	(645, 652)	N	dif	hori	left	True	649877	650446	left	1	3	11
2	wzg	m	23	1	80	diamond	red	(724, 460)	high	dis	(565, 619)	N	same	hori	left	True	651585	652159	left	1	3	12
2	wzg	m	23	1	80	circle	red	(724, 460)	high	dis	(565, 460)	N	dif	vert	up	True	653342	654110	up	1	3	13
2	wzg	m	23	1	80	diamond	red	(565, 460)	low	dis	(645, 652)	N	dif	vert	up	True	655171	656175	up	1	3	14
2	wzg	m	23	1	80	diamond	red	(724, 460)	high	dis	(645, 428)	N	dif	hori	left	True	657401	657990	left	1	3	15
2	wzg	m	23	1	80	circle	green	(565, 619)	low	no	no_dis	N	same	vert	up	True	659127	660150	up	1	3	16
2	wzg	m	23	1	80	circle	red	(533, 540)	low	no	no_dis	N	dif	vert	up	True	661200	662078	up	1	3	17
2	wzg	m	23	1	80	circle	red	(724, 460)	high	no	no_dis	N	dif	vert	up	True	663228	663934	up	1	3	18
2	wzg	m	23	1	80	diamond	green	(724, 460)	high	no	no_dis	N	dif	vert	up	True	665155	665774	up	1	3	19
2	wzg	m	23	1	80	circle	green	(724, 460)	high	no	no_dis	N	dif	hori	left	True	666881	667502	left	1	3	20
2	wzg	m	23	1	80	diamond	red	(724, 460)	high	no	no_dis	N	dif	vert	up	True	668705	669911	up	1	3	21
2	wzg	m	23	1	80	diamond	green	(724, 460)	high	dis	(645, 428)	N	dif	vert	up	True	671128	671782	up	1	3	22
2	wzg	m	23	1	80	circle	red	(724, 460)	high	dis	(565, 619)	N	same	vert	up	True	672984	673798	up	1	3	23
2	wzg	m	23	1	80	diamond	green	(724, 460)	high	dis	(565, 460)	N	dif	hori	left	True	674999	675590	left	1	3	24
2	wzg	m	23	1	80	diamond	red	(724, 460)	high	no	no_dis	N	same	vert	up	True	676824	677390	up	1	3	25
2	wzg	m	23	1	80	circle	green	(565, 460)	low	dis	(533, 540)	N	same	hori	left	True	678626	679798	left	1	3	26
2	wzg	m	23	1	80	circle	green	(724, 460)	high	no	no_dis	N	same	hori	left	True	680856	681558	left	1	3	27
2	wzg	m	23	1	80	diamond	green	(757, 540)	low	no	no_dis	N	dif	hori	left	True	682689	683727	left	1	3	28
2	wzg	m	23	1	80	circle	green	(724, 460)	high	dis	(757, 540)	N	same	vert	up	True	684782	686486	up	1	3	29
2	wzg	m	23	1	80	diamond	green	(724, 460)	high	dis	(757, 540)	N	dif	vert	up	True	687580	688494	up	1	3	30
2	wzg	m	23	1	80	circle	red	(724, 460)	high	no	no_dis	N	same	vert	up	True	689568	690470	up	1	3	31
2	wzg	m	23	1	80	diamond	red	(724, 460)	high	dis	(757, 540)	N	same	vert	up	True	691516	692911	up	1	3	32
2	wzg	m	23	1	80	circle	red	(724, 460)	high	no	no_dis	N	dif	hori	left	True	694048	694782	left	1	3	33
2	wzg	m	23	1	80	diamond	green	(724, 460)	high	dis	(724, 619)	N	dif	hori	left	True	695948	697398	left	1	3	34
2	wzg	m	23	1	80	diamond	red	(724, 619)	low	dis	(724, 460)	Y	dif	vert	up	True	698458	699695	up	1	3	35
2	wzg	m	23	1	80	circle	green	(724, 460)	high	dis	(645, 652)	N	same	hori	left	True	700817	701895	left	1	3	36
2	wzg	m	23	1	80	circle	red	(724, 460)	high	dis	(757, 540)	N	same	vert	up	True	702900	704230	up	1	3	37
2	wzg	m	23	1	80	circle	red	(724, 460)	high	no	no_dis	N	dif	vert	up	True	705357	706343	up	1	3	38
2	wzg	m	23	1	80	diamond	red	(724, 460)	high	dis	(565, 460)	N	dif	vert	up	True	707386	708142	up	1	3	39
2	wzg	m	23	1	80	diamond	red	(724, 619)	low	no	no_dis	N	same	vert	up	True	709386	710662	up	1	3	40
2	wzg	m	23	1	80	circle	green	(724, 460)	high	dis	(724, 619)	N	dif	hori	left	True	711681	712558	left	1	3	41
2	wzg	m	23	1	80	diamond	green	(565, 460)	low	dis	(724, 460)	Y	dif	vert	up	True	713772	714686	up	1	3	42
2	wzg	m	23	1	80	diamond	green	(757, 540)	low	dis	(724, 460)	Y	dif	vert	up	True	715709	716479	up	1	3	43
2	wzg	m	23	1	80	circle	green	(724, 460)	high	no	no_dis	N	same	hori	left	True	717484	718398	left	1	3	44
2	wzg	m	23	1	80	diamond	green	(724, 460)	high	dis	(645, 428)	N	dif	hori	left	True	719410	720438	left	1	3	45
2	wzg	m	23	1	80	circle	red	(645, 428)	low	dis	(757, 540)	N	same	vert	up	True	721569	722518	up	1	3	46
2	wzg	m	23	1	80	diamond	green	(724, 460)	high	no	no_dis	N	dif	hori	left	True	723640	724438	left	1	3	47
2	wzg	m	23	1	80	circle	green	(724, 460)	high	dis	(645, 428)	N	same	vert	up	True	725514	726574	up	1	3	48
2	wzg	m	23	1	80	circle	green	(724, 460)	high	no	no_dis	N	dif	hori	left	True	727759	728814	left	1	3	49
2	wzg	m	23	1	80	diamond	red	(724, 460)	high	dis	(724, 619)	N	same	vert	up	True	729866	730711	up	1	3	50
2	wzg	m	23	1	80	circle	red	(724, 460)	high	no	no_dis	N	dif	vert	up	True	731847	732679	up	1	3	51
2	wzg	m	23	1	80	circle	red	(724, 460)	high	dis	(565, 460)	N	dif	vert	up	True	733801	734374	up	1	3	52
2	wzg	m	23	1	80	circle	green	(724, 460)	high	dis	(565, 460)	N	same	hori	left	True	735414	736198	left	1	3	53
2	wzg	m	23	1	80	diamond	red	(724, 460)	high	no	no_dis	N	same	vert	up	True	737366	737974	up	1	3	54
2	wzg	m	23	1	80	diamond	red	(533, 540)	low	dis	(645, 428)	N	same	hori	left	True	739192	740190	left	1	3	55
2	wzg	m	23	1	80	diamond	green	(724, 460)	high	dis	(645, 652)	N	same	hori	left	True	741208	741782	left	1	3	56
2	wzg	m	23	1	80	diamond	green	(724, 460)	high	dis	(757, 540)	N	dif	vert	up	True	742959	743558	up	1	3	57
2	wzg	m	23	1	80	circle	red	(724, 460)	high	dis	(533, 540)	N	same	vert	up	True	744600	745830	up	1	3	58
2	wzg	m	23	1	80	diamond	red	(724, 460)	high	no	no_dis	N	dif	vert	up	True	747056	747670	left	0	3	59
2	wzg	m	23	1	80	diamond	green	(724, 460)	high	no	no_dis	N	dif	vert	up	True	750259	751286	up	1	3	60
2	wzg	m	23	1	80	circle	red	(724, 460)	high	dis	(565, 460)	N	same	hori	left	True	752289	753262	left	1	3	61
2	wzg	m	23	1	80	circle	red	(724, 460)	high	dis	(724, 619)	N	same	hori	left	True	754293	755118	left	1	3	62
2	wzg	m	23	1	80	circle	green	(724, 460)	high	dis	(533, 540)	N	same	vert	up	True	756284	756998	up	1	3	63
2	wzg	m	23	1	80	circle	red	(645, 428)	low	no	no_dis	N	dif	hori	left	True	758040	758759	left	1	3	64
2	wzg	m	23	1	80	circle	red	(757, 540)	low	dis	(724, 460)	Y	dif	hori	left	True	759801	760335	up	0	3	65
2	wzg	m	23	1	80	circle	red	(724, 460)	high	dis	(724, 619)	N	dif	hori	left	True	762989	764102	left	1	3	66
2	wzg	m	23	1	80	diamond	red	(724, 460)	high	no	no_dis	N	same	vert	up	True	765289	766078	up	1	3	67
2	wzg	m	23	1	80	circle	green	(645, 652)	low	dis	(724, 460)	Y	same	vert	up	True	767259	768606	up	1	3	68
2	wzg	m	23	1	80	circle	green	(645, 652)	low	no	no_dis	N	dif	vert	up	True	769768	770783	up	1	3	69
2	wzg	m	23	1	80	circle	red	(724, 460)	high	dis	(565, 460)	N	dif	vert	up	True	771812	772719	up	1	3	70
2	wzg	m	23	1	80	circle	green	(724, 460)	high	no	no_dis	N	same	hori	left	True	773788	774535	left	1	3	71
2	wzg	m	23	1	80	diamond	green	(565, 460)	low	no	no_dis	N	same	hori	left	True	775691	776766	left	1	3	72
2	wzg	m	23	1	80	diamond	red	(724, 460)	high	dis	(645, 428)	N	same	vert	up	True	777938	779054	up	1	3	73
2	wzg	m	23	1	80	circle	red	(645, 652)	low	dis	(724, 460)	Y	same	hori	left	True	780184	781198	left	1	3	74
2	wzg	m	23	1	80	circle	red	(724, 460)	high	dis	(757, 540)	N	dif	vert	up	True	782283	783142	up	1	3	75
2	wzg	m	23	1	80	diamond	green	(724, 460)	high	dis	(757, 540)	N	dif	hori	left	True	784362	785734	left	1	3	76
2	wzg	m	23	1	80	circle	red	(724, 460)	high	dis	(724, 619)	N	same	hori	left	True	786812	787926	left	1	3	77
2	wzg	m	23	1	80	circle	red	(724, 460)	high	no	no_dis	N	same	vert	up	True	788936	789982	up	1	3	78
2	wzg	m	23	1	80	diamond	red	(724, 460)	high	dis	(533, 540)	N	dif	hori	left	True	791171	792102	left	1	3	79
2	wzg	m	23	1	80	diamond	green	(724, 460)	high	no	no_dis	N	dif	vert	up	True	793333	794591	up	1	3	80
2	wzg	m	23	1	80	circle	green	(724, 460)	high	dis	(565, 619)	N	same	hori	left	True	795634	796647	left	1	3	81
2	wzg	m	23	1	80	diamond	red	(724, 460)	high	dis	(645, 428)	N	same	hori	left	True	797867	798582	left	1	3	82
2	wzg	m	23	1	80	diamond	red	(724, 460)	high	dis	(533, 540)	N	same	hori	left	True	799826	800407	left	1	3	83
2	wzg	m	23	1	80	circle	green	(724, 460)	high	no	no_dis	N	same	vert	up	True	801503	802407	up	1	3	84
2	wzg	m	23	1	80	circle	red	(724, 460)	high	dis	(724, 619)	N	same	vert	up	True	803482	804150	up	1	3	85
2	wzg	m	23	1	80	diamond	green	(724, 460)	high	dis	(565, 619)	N	dif	hori	left	True	805303	806031	left	1	3	86
2	wzg	m	23	1	80	diamond	green	(565, 619)	low	dis	(724, 460)	Y	dif	hori	left	True	807133	808294	left	1	3	87
2	wzg	m	23	1	80	diamond	red	(533, 540)	low	no	no_dis	N	same	hori	left	True	809397	810423	left	1	3	88
2	wzg	m	23	1	80	circle	green	(724, 460)	high	dis	(533, 540)	N	same	vert	up	True	811492	812646	up	1	3	89
2	wzg	m	23	1	80	diamond	red	(724, 460)	high	dis	(724, 619)	N	same	hori	left	True	813736	814430	left	1	3	90
2	wzg	m	23	1	80	diamond	green	(724, 460)	high	no	no_dis	N	dif	hori	left	True	815555	816206	left	1	3	91
2	wzg	m	23	1	80	circle	green	(724, 460)	high	dis	(645, 428)	N	dif	vert	up	True	817222	818238	up	1	3	92
2	wzg	m	23	1	80	diamond	green	(724, 460)	high	dis	(565, 619)	N	same	hori	left	True	819351	820038	left	1	3	93
2	wzg	m	23	1	80	circle	green	(724, 460)	high	dis	(533, 540)	N	dif	hori	left	True	821212	822031	left	1	3	94
2	wzg	m	23	1	80	diamond	red	(724, 460)	high	dis	(645, 652)	N	same	hori	left	True	823057	823766	left	1	3	95
2	wzg	m	23	1	80	diamond	red	(724, 460)	high	dis	(645, 652)	N	same	vert	up	True	824947	825974	up	1	3	96
2	wzg	m	23	1	80	diamond	green	(724, 460)	high	dis	(645, 428)	N	same	hori	left	True	827020	827950	left	1	3	97
2	wzg	m	23	1	80	circle	red	(724, 460)	high	dis	(645, 428)	N	same	vert	up	True	829067	829998	up	1	3	98
2	wzg	m	23	1	80	diamond	red	(645, 652)	low	dis	(724, 460)	Y	dif	hori	left	True	831210	832198	left	1	3	99
2	wzg	m	23	1	80	diamond	green	(724, 460)	high	no	no_dis	N	same	hori	left	True	833291	833966	left	1	3	100
2	wzg	m	23	1	80	circle	red	(724, 460)	high	dis	(565, 619)	N	dif	hori	left	True	835108	836046	left	1	3	101
2	wzg	m	23	1	80	diamond	green	(533, 540)	low	dis	(724, 460)	Y	same	hori	left	True	837163	838310	left	1	3	102
2	wzg	m	23	1	80	diamond	green	(724, 460)	high	dis	(724, 619)	N	dif	vert	up	True	839491	840222	up	1	3	103
2	wzg	m	23	1	80	diamond	red	(724, 460)	high	dis	(645, 652)	N	dif	vert	up	True	841273	842246	up	1	3	104
2	wzg	m	23	1	80	circle	green	(645, 428)	low	dis	(565, 460)	N	dif	hori	left	True	843418	844895	left	1	3	105
2	wzg	m	23	1	80	circle	green	(724, 460)	high	dis	(565, 460)	N	dif	vert	up	True	846088	846902	up	1	3	106
2	wzg	m	23	1	80	diamond	red	(724, 460)	high	no	no_dis	N	same	vert	up	True	847992	848775	up	1	3	107
2	wzg	m	23	1	80	diamond	green	(724, 460)	high	no	no_dis	N	dif	hori	left	True	849797	850398	left	1	3	108
2	wzg	m	23	1	80	circle	red	(724, 460)	high	dis	(565, 460)	N	same	vert	up	True	851400	852158	up	1	3	109
2	wzg	m	23	1	80	circle	green	(724, 619)	low	dis	(565, 619)	N	same	vert	up	True	853363	854134	up	1	3	110
2	wzg	m	23	1	80	diamond	red	(724, 460)	high	dis	(533, 540)	N	dif	hori	left	True	855351	856006	left	1	3	111
2	wzg	m	23	1	80	diamond	red	(724, 460)	high	no	no_dis	N	dif	hori	left	True	857179	858614	left	1	3	112
2	wzg	m	23	1	80	circle	green	(724, 460)	high	no	no_dis	N	same	hori	left	True	859710	860494	left	1	3	113
2	wzg	m	23	1	80	diamond	green	(724, 460)	high	dis	(724, 619)	N	same	vert	up	True	861496	862343	up	1	3	114
2	wzg	m	23	1	80	circle	red	(565, 619)	low	dis	(724, 460)	Y	same	vert	up	True	863390	864454	up	1	3	115
2	wzg	m	23	1	80	circle	red	(724, 460)	high	dis	(645, 652)	N	dif	vert	up	True	865491	866478	up	1	3	116
2	wzg	m	23	1	80	circle	green	(724, 460)	high	dis	(757, 540)	N	dif	hori	left	True	867584	868574	left	1	3	117
2	wzg	m	23	1	80	diamond	green	(724, 460)	high	dis	(533, 540)	N	dif	hori	left	True	869645	870990	left	1	3	118
2	wzg	m	23	1	80	circle	red	(724, 460)	high	no	no_dis	N	same	hori	left	True	872133	873262	left	1	3	119
2	wzg	m	23	1	80	circle	green	(724, 460)	high	dis	(565, 619)	N	dif	vert	up	True	874356	875614	up	1	3	120
2	wzg	m	23	1	80	circle	green	(565, 460)	low	dis	(724, 460)	Y	dif	vert	up	True	908580	910494	up	1	4	1
2	wzg	m	23	1	80	diamond	green	(724, 460)	high	dis	(724, 619)	N	dif	vert	up	True	911525	912566	up	1	4	2
2	wzg	m	23	1	80	circle	red	(724, 460)	high	dis	(565, 460)	N	same	vert	up	True	913630	914294	up	1	4	3
2	wzg	m	23	1	80	circle	green	(645, 428)	low	no	no_dis	N	dif	vert	up	True	915416	916311	up	1	4	4
2	wzg	m	23	1	80	diamond	green	(565, 619)	low	dis	(724, 460)	Y	dif	vert	up	True	917314	918222	up	1	4	5
2	wzg	m	23	1	80	diamond	green	(724, 460)	high	no	no_dis	N	same	hori	left	True	919271	919958	left	1	4	6
2	wzg	m	23	1	80	circle	red	(724, 460)	high	dis	(533, 540)	N	same	hori	left	True	921152	921710	left	1	4	7
2	wzg	m	23	1	80	circle	green	(724, 460)	high	dis	(724, 619)	N	same	vert	up	True	922762	923566	up	1	4	8
2	wzg	m	23	1	80	circle	green	(724, 460)	high	dis	(645, 428)	N	dif	hori	left	True	924603	925214	left	1	4	9
2	wzg	m	23	1	80	diamond	green	(724, 460)	high	dis	(645, 428)	N	dif	vert	up	True	926458	927174	up	1	4	10
2	wzg	m	23	1	80	diamond	red	(724, 460)	high	dis	(533, 540)	N	same	hori	left	True	928190	928758	left	1	4	11
2	wzg	m	23	1	80	circle	red	(724, 460)	high	dis	(565, 619)	N	dif	hori	left	True	929969	930638	left	1	4	12
2	wzg	m	23	1	80	diamond	red	(724, 460)	high	dis	(757, 540)	N	dif	hori	left	True	931718	932318	left	1	4	13
2	wzg	m	23	1	80	diamond	red	(724, 460)	high	no	no_dis	N	same	hori	left	True	933468	933919	left	1	4	14
2	wzg	m	23	1	80	diamond	green	(724, 460)	high	no	no_dis	N	same	hori	left	True	934960	935502	left	1	4	15
2	wzg	m	23	1	80	diamond	green	(724, 460)	high	no	no_dis	N	dif	vert	up	True	936650	937222	up	1	4	16
2	wzg	m	23	1	80	diamond	green	(533, 540)	low	dis	(724, 460)	Y	same	hori	left	True	938295	939351	left	1	4	17
2	wzg	m	23	1	80	circle	red	(757, 540)	low	dis	(724, 460)	Y	dif	hori	left	True	940511	941806	left	1	4	18
2	wzg	m	23	1	80	circle	green	(724, 460)	high	dis	(645, 652)	N	same	hori	left	True	942842	943558	left	1	4	19
2	wzg	m	23	1	80	diamond	green	(724, 460)	high	no	no_dis	N	same	vert	up	True	944703	945374	up	1	4	20
2	wzg	m	23	1	80	diamond	green	(724, 460)	high	dis	(645, 428)	N	same	hori	left	True	946446	947150	left	1	4	21
2	wzg	m	23	1	80	diamond	red	(645, 652)	low	dis	(724, 460)	Y	same	vert	up	True	948200	949214	up	1	4	22
2	wzg	m	23	1	80	circle	red	(724, 460)	high	dis	(565, 460)	N	dif	vert	up	True	950256	951214	up	1	4	23
2	wzg	m	23	1	80	circle	green	(645, 428)	low	dis	(533, 540)	N	dif	vert	up	True	952430	953558	up	1	4	24
2	wzg	m	23	1	80	diamond	red	(724, 460)	high	dis	(645, 428)	N	same	hori	left	True	954758	955550	left	1	4	25
2	wzg	m	23	1	80	diamond	green	(724, 460)	high	dis	(724, 619)	N	same	vert	up	True	956632	957414	up	1	4	26
2	wzg	m	23	1	80	diamond	green	(724, 460)	high	dis	(645, 652)	N	same	vert	up	True	958615	959374	up	1	4	27
2	wzg	m	23	1	80	circle	red	(724, 460)	high	dis	(533, 540)	N	same	hori	left	True	960444	961206	left	1	4	28
2	wzg	m	23	1	80	diamond	red	(724, 460)	high	dis	(724, 619)	N	same	hori	left	True	962284	963430	left	1	4	29
2	wzg	m	23	1	80	circle	red	(724, 460)	high	dis	(645, 652)	N	dif	vert	up	True	964596	965470	up	1	4	30
2	wzg	m	23	1	80	circle	red	(724, 460)	high	dis	(645, 428)	N	same	vert	up	True	966660	967462	up	1	4	31
2	wzg	m	23	1	80	circle	green	(724, 460)	high	dis	(533, 540)	N	dif	hori	left	True	968632	969462	left	1	4	32
2	wzg	m	23	1	80	diamond	green	(724, 460)	high	dis	(565, 460)	N	dif	vert	up	True	970644	971382	up	1	4	33
2	wzg	m	23	1	80	diamond	green	(565, 619)	low	no	no_dis	N	same	vert	up	True	972394	973822	up	1	4	34
2	wzg	m	23	1	80	diamond	red	(724, 460)	high	dis	(645, 652)	N	dif	vert	up	True	974872	975622	up	1	4	35
2	wzg	m	23	1	80	diamond	green	(757, 540)	low	dis	(565, 619)	N	same	hori	left	True	976802	977534	left	1	4	36
2	wzg	m	23	1	80	circle	green	(724, 460)	high	no	no_dis	N	dif	hori	left	True	978626	980166	left	1	4	37
2	wzg	m	23	1	80	diamond	red	(724, 460)	high	dis	(565, 460)	N	dif	vert	up	True	981212	981870	up	1	4	38
2	wzg	m	23	1	80	circle	red	(724, 460)	high	dis	(533, 540)	N	same	vert	up	True	982898	983670	up	1	4	39
2	wzg	m	23	1	80	circle	green	(724, 460)	high	dis	(565, 619)	N	dif	hori	left	True	984878	985638	left	1	4	40
2	wzg	m	23	1	80	circle	green	(724, 460)	high	no	no_dis	N	dif	hori	left	True	986742	987406	left	1	4	41
2	wzg	m	23	1	80	diamond	red	(565, 460)	low	no	no_dis	N	same	hori	left	True	988597	989838	left	1	4	42
2	wzg	m	23	1	80	circle	green	(724, 460)	high	dis	(565, 460)	N	dif	vert	up	True	990896	991670	up	1	4	43
2	wzg	m	23	1	80	circle	red	(724, 460)	high	dis	(645, 652)	N	dif	vert	up	True	992803	993534	up	1	4	44
2	wzg	m	23	1	80	circle	green	(724, 460)	high	no	no_dis	N	dif	hori	left	True	994658	995631	left	1	4	45
2	wzg	m	23	1	80	circle	red	(724, 460)	high	no	no_dis	N	dif	hori	left	True	996729	997342	left	1	4	46
2	wzg	m	23	1	80	diamond	red	(724, 619)	low	no	no_dis	N	same	vert	up	True	998367	999446	up	1	4	47
2	wzg	m	23	1	80	circle	green	(724, 460)	high	no	no_dis	N	dif	vert	up	True	1000533	1001390	up	1	4	48
2	wzg	m	23	1	80	diamond	red	(565, 460)	low	dis	(724, 619)	N	dif	hori	left	True	1002573	1003726	left	1	4	49
2	wzg	m	23	1	80	diamond	red	(724, 460)	high	no	no_dis	N	same	hori	left	True	1004845	1005511	left	1	4	50
2	wzg	m	23	1	80	diamond	green	(724, 460)	high	dis	(565, 619)	N	same	hori	left	True	1006542	1007182	left	1	4	51
2	wzg	m	23	1	80	diamond	red	(724, 460)	high	dis	(645, 428)	N	dif	hori	left	True	1008238	1009230	left	1	4	52
2	wzg	m	23	1	80	diamond	green	(724, 460)	high	dis	(724, 619)	N	dif	hori	left	True	1010313	1010918	left	1	4	53
2	wzg	m	23	1	80	diamond	red	(724, 460)	high	dis	(757, 540)	N	same	hori	left	True	1011974	1012470	left	1	4	54
2	wzg	m	23	1	80	circle	red	(565, 619)	low	no	no_dis	N	dif	hori	left	True	1013712	1015070	left	1	4	55
2	wzg	m	23	1	80	circle	green	(724, 460)	high	no	no_dis	N	dif	hori	left	True	1016285	1017014	left	1	4	56
2	wzg	m	23	1	80	diamond	green	(724, 460)	high	no	no_dis	N	dif	hori	left	True	1018147	1018974	left	1	4	57
2	wzg	m	23	1	80	diamond	green	(724, 460)	high	dis	(645, 652)	N	same	hori	left	True	1020072	1020726	left	1	4	58
2	wzg	m	23	1	80	circle	red	(724, 460)	high	dis	(565, 619)	N	same	vert	up	True	1021933	1022950	up	1	4	59
2	wzg	m	23	1	80	circle	red	(724, 460)	high	dis	(757, 540)	N	dif	hori	left	True	1023977	1024806	left	1	4	60
2	wzg	m	23	1	80	diamond	green	(724, 460)	high	dis	(645, 428)	N	dif	vert	up	True	1026033	1026734	up	1	4	61
2	wzg	m	23	1	80	diamond	green	(645, 428)	low	dis	(724, 460)	Y	dif	vert	up	True	1027934	1028830	left	0	4	62
2	wzg	m	23	1	80	circle	red	(724, 460)	high	no	no_dis	N	dif	vert	up	True	1031425	1032798	up	1	4	63
2	wzg	m	23	1	80	circle	green	(724, 460)	high	dis	(724, 619)	N	same	vert	up	True	1033805	1034710	up	1	4	64
2	wzg	m	23	1	80	circle	green	(724, 460)	high	no	no_dis	N	same	hori	left	True	1035745	1036486	left	1	4	65
2	wzg	m	23	1	80	circle	red	(724, 460)	high	dis	(565, 619)	N	dif	hori	left	True	1037671	1038894	left	1	4	66
2	wzg	m	23	1	80	diamond	green	(724, 460)	high	dis	(757, 540)	N	same	vert	up	True	1040079	1041598	up	1	4	67
2	wzg	m	23	1	80	diamond	red	(724, 460)	high	no	no_dis	N	dif	vert	up	True	1042752	1043374	up	1	4	68
2	wzg	m	23	1	80	circle	green	(724, 460)	high	no	no_dis	N	dif	vert	up	True	1044580	1045518	up	1	4	69
2	wzg	m	23	1	80	circle	red	(757, 540)	low	no	no_dis	N	dif	vert	up	True	1046644	1047582	up	1	4	70
2	wzg	m	23	1	80	circle	red	(724, 460)	high	no	no_dis	N	same	vert	up	True	1048609	1049470	up	1	4	71
2	wzg	m	23	1	80	diamond	red	(724, 460)	high	dis	(757, 540)	N	dif	vert	up	True	1050591	1051462	up	1	4	72
2	wzg	m	23	1	80	circle	red	(724, 460)	high	no	no_dis	N	dif	hori	left	True	1052589	1053318	left	1	4	73
2	wzg	m	23	1	80	circle	red	(724, 460)	high	dis	(533, 540)	N	dif	hori	left	True	1054339	1055206	left	1	4	74
2	wzg	m	23	1	80	circle	green	(724, 460)	high	dis	(724, 619)	N	same	vert	up	True	1056434	1057502	up	1	4	75
2	wzg	m	23	1	80	diamond	green	(724, 460)	high	no	no_dis	N	same	hori	left	True	1058526	1059350	left	1	4	76
2	wzg	m	23	1	80	circle	green	(724, 460)	high	dis	(565, 619)	N	dif	vert	up	True	1060562	1061278	up	1	4	77
2	wzg	m	23	1	80	diamond	red	(724, 460)	high	no	no_dis	N	dif	vert	up	True	1062319	1063094	up	1	4	78
2	wzg	m	23	1	80	diamond	red	(724, 460)	high	dis	(565, 619)	N	same	vert	up	True	1064129	1064854	up	1	4	79
2	wzg	m	23	1	80	circle	red	(565, 619)	low	dis	(724, 460)	Y	same	vert	up	True	1065988	1068078	up	1	4	80
2	wzg	m	23	1	80	circle	green	(724, 460)	high	dis	(565, 619)	N	dif	hori	left	True	1069328	1070470	left	1	4	81
2	wzg	m	23	1	80	diamond	red	(533, 540)	low	dis	(645, 652)	N	same	hori	left	True	1071710	1072718	left	1	4	82
2	wzg	m	23	1	80	circle	green	(724, 460)	high	dis	(533, 540)	N	dif	vert	up	True	1073871	1075094	up	1	4	83
2	wzg	m	23	1	80	circle	green	(724, 460)	high	dis	(645, 428)	N	same	hori	left	True	1076212	1076942	left	1	4	84
2	wzg	m	23	1	80	diamond	green	(724, 460)	high	dis	(565, 619)	N	same	hori	left	True	1078049	1078838	left	1	4	85
2	wzg	m	23	1	80	circle	red	(724, 460)	high	dis	(757, 540)	N	dif	hori	left	True	1079884	1080646	left	1	4	86
2	wzg	m	23	1	80	diamond	green	(724, 460)	high	dis	(533, 540)	N	dif	vert	up	True	1081732	1082574	up	1	4	87
2	wzg	m	23	1	80	circle	green	(724, 460)	high	dis	(645, 652)	N	same	vert	up	True	1083600	1084286	up	1	4	88
2	wzg	m	23	1	80	diamond	red	(724, 460)	high	dis	(724, 619)	N	same	hori	left	True	1085452	1086031	left	1	4	89
2	wzg	m	23	1	80	diamond	green	(724, 460)	high	dis	(645, 652)	N	same	hori	left	True	1087069	1087774	left	1	4	90
2	wzg	m	23	1	80	circle	green	(645, 652)	low	dis	(724, 460)	Y	same	vert	up	True	1088925	1089886	up	1	4	91
2	wzg	m	23	1	80	circle	red	(724, 460)	high	no	no_dis	N	same	vert	up	True	1090897	1091614	up	1	4	92
2	wzg	m	23	1	80	diamond	red	(724, 460)	high	no	no_dis	N	same	vert	up	True	1092775	1093406	up	1	4	93
2	wzg	m	23	1	80	circle	red	(645, 652)	low	dis	(645, 428)	N	same	vert	up	True	1094562	1095390	up	1	4	94
2	wzg	m	23	1	80	diamond	green	(724, 460)	high	no	no_dis	N	same	hori	left	True	1096508	1097086	left	1	4	95
2	wzg	m	23	1	80	diamond	red	(724, 619)	low	dis	(724, 460)	Y	dif	hori	left	True	1098287	1099126	left	1	4	96
2	wzg	m	23	1	80	circle	green	(724, 460)	high	no	no_dis	N	same	hori	left	True	1100135	1101022	left	1	4	97
2	wzg	m	23	1	80	circle	red	(724, 460)	high	dis	(565, 460)	N	dif	hori	left	True	1102028	1102654	left	1	4	98
2	wzg	m	23	1	80	circle	red	(724, 460)	high	dis	(565, 460)	N	same	vert	up	True	1103798	1104558	up	1	4	99
2	wzg	m	23	1	80	circle	green	(533, 540)	low	no	no_dis	N	dif	hori	left	True	1105647	1106734	left	1	4	100
2	wzg	m	23	1	80	circle	green	(724, 460)	high	dis	(724, 619)	N	dif	vert	up	True	1107946	1108790	up	1	4	101
2	wzg	m	23	1	80	diamond	red	(724, 460)	high	dis	(757, 540)	N	same	hori	left	True	1109804	1110622	left	1	4	102
2	wzg	m	23	1	80	diamond	red	(724, 460)	high	dis	(565, 460)	N	dif	hori	left	True	1111870	1112518	left	1	4	103
2	wzg	m	23	1	80	diamond	red	(724, 460)	high	dis	(565, 460)	N	dif	vert	up	True	1113707	1114350	up	1	4	104
2	wzg	m	23	1	80	diamond	red	(724, 460)	high	no	no_dis	N	dif	vert	up	True	1115505	1116158	up	1	4	105
2	wzg	m	23	1	80	circle	green	(724, 460)	high	dis	(757, 540)	N	same	vert	up	True	1117300	1118110	up	1	4	106
2	wzg	m	23	1	80	diamond	green	(724, 460)	high	dis	(645, 428)	N	dif	hori	left	True	1119355	1120070	left	1	4	107
2	wzg	m	23	1	80	circle	red	(724, 460)	high	no	no_dis	N	same	vert	up	True	1121106	1121862	up	1	4	108
2	wzg	m	23	1	80	circle	green	(724, 460)	high	dis	(757, 540)	N	dif	hori	left	True	1122993	1123598	left	1	4	109
2	wzg	m	23	1	80	diamond	green	(724, 460)	high	no	no_dis	N	same	vert	up	True	1124702	1125375	up	1	4	110
2	wzg	m	23	1	80	diamond	red	(724, 460)	high	no	no_dis	N	same	vert	up	True	1126440	1127022	up	1	4	111
2	wzg	m	23	1	80	diamond	red	(724, 460)	high	dis	(757, 540)	N	same	vert	up	True	1128128	1128726	up	1	4	112
2	wzg	m	23	1	80	diamond	green	(724, 460)	high	dis	(645, 652)	N	same	vert	up	True	1129952	1130582	up	1	4	113
2	wzg	m	23	1	80	diamond	red	(724, 460)	high	no	no_dis	N	dif	hori	left	True	1131638	1132230	left	1	4	114
2	wzg	m	23	1	80	circle	red	(724, 460)	high	no	no_dis	N	dif	vert	up	True	1133424	1134086	up	1	4	115
2	wzg	m	23	1	80	diamond	green	(645, 652)	low	no	no_dis	N	same	hori	left	True	1135168	1136286	left	1	4	116
2	wzg	m	23	1	80	circle	red	(645, 428)	low	dis	(565, 460)	N	dif	hori	left	True	1137312	1138510	left	1	4	117
2	wzg	m	23	1	80	circle	red	(724, 460)	high	no	no_dis	N	same	vert	up	True	1139547	1140454	up	1	4	118
2	wzg	m	23	1	80	diamond	red	(724, 460)	high	dis	(533, 540)	N	same	hori	left	True	1141518	1142142	left	1	4	119
2	wzg	m	23	1	80	circle	green	(724, 619)	low	dis	(724, 460)	Y	same	hori	left	True	1143255	1144598	left	1	4	120
2	wzg	m	23	1	80	circle	red	(645, 428)	low	dis	(724, 460)	Y	dif	vert	up	True	1182476	1183574	up	1	5	1
2	wzg	m	23	1	80	circle	green	(724, 460)	high	no	no_dis	N	dif	hori	left	True	1184727	1185366	left	1	5	2
2	wzg	m	23	1	80	circle	green	(724, 460)	high	dis	(565, 460)	N	dif	vert	up	True	1186388	1186886	up	1	5	3
2	wzg	m	23	1	80	diamond	red	(724, 460)	high	dis	(565, 460)	N	dif	hori	left	True	1187914	1188574	left	1	5	4
2	wzg	m	23	1	80	circle	red	(724, 460)	high	dis	(645, 652)	N	same	vert	up	True	1189583	1190102	up	1	5	5
2	wzg	m	23	1	80	circle	green	(724, 460)	high	no	no_dis	N	same	hori	left	True	1191266	1191750	left	1	5	6
2	wzg	m	23	1	80	diamond	red	(724, 619)	low	no	no_dis	N	dif	vert	up	True	1192822	1193798	up	1	5	7
2	wzg	m	23	1	80	circle	red	(645, 428)	low	no	no_dis	N	dif	hori	left	True	1194929	1195646	left	1	5	8
2	wzg	m	23	1	80	circle	red	(724, 460)	high	dis	(565, 619)	N	dif	hori	left	True	1196716	1197310	left	1	5	9
2	wzg	m	23	1	80	diamond	green	(724, 460)	high	no	no_dis	N	same	vert	up	True	1198512	1199102	up	1	5	10
2	wzg	m	23	1	80	diamond	green	(565, 619)	low	dis	(724, 460)	Y	dif	hori	left	True	1200287	1201150	left	1	5	11
2	wzg	m	23	1	80	circle	red	(724, 460)	high	no	no_dis	N	dif	vert	up	True	1202324	1203006	up	1	5	12
2	wzg	m	23	1	80	diamond	red	(724, 460)	high	dis	(757, 540)	N	same	hori	left	True	1204073	1204758	left	1	5	13
2	wzg	m	23	1	80	circle	green	(645, 652)	low	dis	(724, 460)	Y	dif	hori	left	True	1205948	1206966	left	1	5	14
2	wzg	m	23	1	80	diamond	green	(533, 540)	low	dis	(724, 460)	Y	dif	vert	up	True	1208196	1209350	up	1	5	15
2	wzg	m	23	1	80	diamond	red	(724, 460)	high	no	no_dis	N	same	hori	left	True	1210383	1210982	left	1	5	16
2	wzg	m	23	1	80	diamond	green	(724, 460)	high	dis	(565, 460)	N	same	vert	up	True	1212104	1212678	up	1	5	17
2	wzg	m	23	1	80	circle	green	(724, 619)	low	dis	(565, 460)	N	dif	hori	left	True	1213705	1215094	left	1	5	18
2	wzg	m	23	1	80	circle	red	(565, 619)	low	dis	(724, 460)	Y	dif	hori	left	True	1216312	1217230	left	1	5	19
2	wzg	m	23	1	80	circle	red	(724, 460)	high	dis	(645, 652)	N	dif	vert	up	True	1218399	1219166	up	1	5	20
2	wzg	m	23	1	80	circle	red	(724, 460)	high	no	no_dis	N	same	vert	up	True	1220326	1220926	up	1	5	21
2	wzg	m	23	1	80	circle	green	(724, 460)	high	dis	(645, 652)	N	dif	hori	left	True	1221984	1222790	left	1	5	22
2	wzg	m	23	1	80	circle	green	(724, 460)	high	dis	(565, 460)	N	same	vert	up	True	1223892	1225150	up	1	5	23
2	wzg	m	23	1	80	circle	red	(724, 460)	high	dis	(645, 428)	N	dif	vert	up	True	1226238	1226879	up	1	5	24
2	wzg	m	23	1	80	diamond	green	(724, 460)	high	dis	(757, 540)	N	same	vert	up	True	1228120	1228846	up	1	5	25
2	wzg	m	23	1	80	diamond	green	(724, 460)	high	dis	(645, 428)	N	dif	vert	up	True	1229872	1230486	up	1	5	26
2	wzg	m	23	1	80	diamond	green	(724, 460)	high	dis	(724, 619)	N	same	vert	up	True	1231638	1232343	up	1	5	27
2	wzg	m	23	1	80	diamond	green	(724, 460)	high	dis	(757, 540)	N	same	vert	up	True	1233395	1234030	up	1	5	28
2	wzg	m	23	1	80	diamond	green	(724, 460)	high	dis	(724, 619)	N	dif	vert	up	True	1235184	1235710	up	1	5	29
2	wzg	m	23	1	80	circle	red	(757, 540)	low	dis	(724, 619)	N	same	hori	left	True	1236886	1237758	left	1	5	30
2	wzg	m	23	1	80	circle	red	(724, 460)	high	dis	(565, 619)	N	same	vert	up	True	1238989	1239598	up	1	5	31
2	wzg	m	23	1	80	circle	red	(724, 460)	high	dis	(757, 540)	N	same	hori	left	True	1240606	1241414	left	1	5	32
2	wzg	m	23	1	80	circle	red	(724, 460)	high	no	no_dis	N	dif	hori	left	True	1242587	1243150	left	1	5	33
2	wzg	m	23	1	80	diamond	green	(724, 460)	high	no	no_dis	N	same	hori	left	True	1244352	1245150	left	1	5	34
2	wzg	m	23	1	80	circle	red	(724, 460)	high	dis	(533, 540)	N	dif	hori	left	True	1246267	1247022	left	1	5	35
2	wzg	m	23	1	80	diamond	red	(724, 460)	high	no	no_dis	N	same	hori	left	True	1248046	1248582	left	1	5	36
2	wzg	m	23	1	80	diamond	green	(724, 460)	high	dis	(565, 460)	N	same	hori	left	True	1249658	1250102	left	1	5	37
2	wzg	m	23	1	80	circle	red	(724, 460)	high	dis	(757, 540)	N	dif	hori	left	True	1251222	1251822	left	1	5	38
2	wzg	m	23	1	80	diamond	green	(724, 460)	high	no	no_dis	N	same	hori	left	True	1252839	1253350	left	1	5	39
2	wzg	m	23	1	80	circle	green	(533, 540)	low	no	no_dis	N	same	hori	left	True	1254368	1255343	left	1	5	40
2	wzg	m	23	1	80	circle	green	(724, 460)	high	no	no_dis	N	dif	hori	left	True	1256485	1257094	left	1	5	41
2	wzg	m	23	1	80	diamond	green	(724, 460)	high	dis	(757, 540)	N	dif	vert	up	True	1258160	1259069	up	1	5	42
2	wzg	m	23	1	80	diamond	red	(533, 540)	low	dis	(645, 652)	N	same	vert	up	True	1260223	1261166	up	1	5	43
2	wzg	m	23	1	80	circle	green	(645, 428)	low	dis	(724, 460)	Y	same	vert	up	True	1262384	1263598	up	1	5	44
2	wzg	m	23	1	80	diamond	green	(565, 460)	low	no	no_dis	N	dif	hori	left	True	1264616	1265326	left	1	5	45
2	wzg	m	23	1	80	circle	red	(724, 460)	high	dis	(533, 540)	N	dif	vert	up	True	1266338	1267277	up	1	5	46
2	wzg	m	23	1	80	diamond	green	(724, 460)	high	no	no_dis	N	same	vert	up	True	1268288	1269510	up	1	5	47
2	wzg	m	23	1	80	circle	green	(724, 460)	high	no	no_dis	N	same	hori	left	True	1270727	1271326	left	1	5	48
2	wzg	m	23	1	80	circle	green	(724, 460)	high	dis	(533, 540)	N	same	hori	left	True	1272574	1273262	left	1	5	49
2	wzg	m	23	1	80	circle	green	(724, 460)	high	dis	(533, 540)	N	same	vert	up	True	1274295	1275278	up	1	5	50
2	wzg	m	23	1	80	diamond	red	(724, 460)	high	no	no_dis	N	same	vert	up	True	1276495	1277742	up	1	5	51
2	wzg	m	23	1	80	circle	red	(724, 460)	high	no	no_dis	N	same	vert	up	True	1278744	1279678	up	1	5	52
2	wzg	m	23	1	80	circle	green	(724, 460)	high	no	no_dis	N	same	vert	up	True	1280702	1281414	up	1	5	53
2	wzg	m	23	1	80	diamond	green	(724, 460)	high	dis	(724, 619)	N	same	hori	left	True	1282660	1283470	left	1	5	54
2	wzg	m	23	1	80	circle	green	(724, 460)	high	dis	(724, 619)	N	same	vert	up	True	1284625	1285245	up	1	5	55
2	wzg	m	23	1	80	circle	red	(724, 460)	high	dis	(724, 619)	N	same	hori	left	True	1286496	1287094	left	1	5	56
2	wzg	m	23	1	80	diamond	red	(724, 460)	high	dis	(565, 460)	N	dif	hori	left	True	1288325	1288958	left	1	5	57
2	wzg	m	23	1	80	circle	red	(645, 652)	low	dis	(645, 428)	N	same	hori	left	True	1290195	1291310	left	1	5	58
2	wzg	m	23	1	80	diamond	red	(724, 460)	high	dis	(565, 619)	N	dif	vert	up	True	1292536	1293230	up	1	5	59
2	wzg	m	23	1	80	diamond	red	(565, 460)	low	dis	(533, 540)	N	dif	vert	up	True	1294436	1295478	up	1	5	60
2	wzg	m	23	1	80	circle	green	(724, 460)	high	dis	(565, 619)	N	same	vert	up	True	1296584	1297582	up	1	5	61
2	wzg	m	23	1	80	diamond	red	(724, 460)	high	dis	(565, 460)	N	dif	vert	up	True	1298629	1299294	up	1	5	62
2	wzg	m	23	1	80	circle	green	(724, 460)	high	dis	(533, 540)	N	same	vert	up	True	1300361	1300958	up	1	5	63
2	wzg	m	23	1	80	diamond	green	(724, 460)	high	no	no_dis	N	dif	hori	left	True	1302080	1302678	left	1	5	64
2	wzg	m	23	1	80	diamond	red	(724, 460)	high	no	no_dis	N	same	vert	up	True	1303861	1304750	up	1	5	65
2	wzg	m	23	1	80	circle	red	(724, 460)	high	dis	(565, 619)	N	dif	hori	left	True	1305999	1306678	left	1	5	66
2	wzg	m	23	1	80	circle	green	(724, 460)	high	dis	(645, 652)	N	same	vert	up	True	1307830	1308622	up	1	5	67
2	wzg	m	23	1	80	diamond	red	(724, 460)	high	dis	(645, 652)	N	same	hori	left	True	1309643	1310254	left	1	5	68
2	wzg	m	23	1	80	diamond	red	(724, 460)	high	no	no_dis	N	dif	vert	up	True	1311346	1311894	up	1	5	69
2	wzg	m	23	1	80	diamond	red	(724, 460)	high	dis	(724, 619)	N	dif	hori	left	True	1313006	1313550	left	1	5	70
2	wzg	m	23	1	80	diamond	red	(724, 460)	high	dis	(757, 540)	N	dif	vert	up	True	1314553	1315126	up	1	5	71
2	wzg	m	23	1	80	diamond	green	(724, 460)	high	no	no_dis	N	same	vert	up	True	1316329	1316926	up	1	5	72
2	wzg	m	23	1	80	circle	green	(724, 460)	high	no	no_dis	N	same	hori	left	True	1317935	1318558	left	1	5	73
2	wzg	m	23	1	80	circle	red	(724, 460)	high	dis	(645, 428)	N	dif	hori	left	True	1319564	1320270	left	1	5	74
2	wzg	m	23	1	80	circle	red	(724, 460)	high	no	no_dis	N	dif	vert	up	True	1321291	1321815	up	1	5	75
2	wzg	m	23	1	80	diamond	green	(565, 460)	low	no	no_dis	N	same	hori	left	True	1323002	1324166	left	1	5	76
2	wzg	m	23	1	80	circle	red	(724, 460)	high	dis	(724, 619)	N	dif	vert	up	True	1325205	1326151	up	1	5	77
2	wzg	m	23	1	80	diamond	red	(724, 460)	high	dis	(565, 619)	N	dif	vert	up	True	1327336	1328006	up	1	5	78
2	wzg	m	23	1	80	circle	red	(724, 460)	high	dis	(757, 540)	N	dif	hori	left	True	1329168	1329822	left	1	5	79
2	wzg	m	23	1	80	circle	red	(724, 460)	high	dis	(645, 428)	N	same	hori	left	True	1330899	1331726	left	1	5	80
2	wzg	m	23	1	80	circle	green	(757, 540)	low	no	no_dis	N	same	vert	up	True	1332807	1333494	up	1	5	81
2	wzg	m	23	1	80	diamond	green	(724, 460)	high	dis	(645, 652)	N	same	vert	up	True	1334535	1335630	up	1	5	82
2	wzg	m	23	1	80	circle	green	(724, 460)	high	no	no_dis	N	dif	hori	left	True	1336800	1337510	left	1	5	83
2	wzg	m	23	1	80	circle	green	(724, 460)	high	dis	(645, 428)	N	same	vert	up	True	1338710	1339495	up	1	5	84
2	wzg	m	23	1	80	circle	red	(724, 460)	high	no	no_dis	N	dif	vert	up	True	1340731	1341343	up	1	5	85
2	wzg	m	23	1	80	diamond	green	(724, 460)	high	dis	(645, 428)	N	dif	vert	up	True	1342575	1343294	up	1	5	86
2	wzg	m	23	1	80	diamond	green	(724, 460)	high	dis	(645, 652)	N	dif	vert	up	True	1344323	1345190	up	1	5	87
2	wzg	m	23	1	80	diamond	red	(645, 652)	low	no	no_dis	N	same	vert	up	True	1346251	1347214	up	1	5	88
2	wzg	m	23	1	80	diamond	green	(724, 460)	high	dis	(533, 540)	N	dif	hori	left	True	1348429	1348966	left	1	5	89
2	wzg	m	23	1	80	diamond	red	(724, 460)	high	dis	(565, 460)	N	dif	vert	up	True	1350149	1350749	up	1	5	90
2	wzg	m	23	1	80	circle	green	(724, 460)	high	dis	(645, 428)	N	same	hori	left	True	1351854	1352670	left	1	5	91
2	wzg	m	23	1	80	diamond	red	(724, 460)	high	no	no_dis	N	dif	vert	up	True	1353908	1354470	up	1	5	92
2	wzg	m	23	1	80	diamond	green	(724, 460)	high	no	no_dis	N	dif	vert	up	True	1355530	1356350	up	1	5	93
2	wzg	m	23	1	80	diamond	green	(724, 460)	high	dis	(645, 428)	N	same	hori	left	True	1357553	1358342	left	1	5	94
2	wzg	m	23	1	80	diamond	red	(645, 652)	low	dis	(724, 460)	Y	dif	vert	up	True	1359348	1360335	up	1	5	95
2	wzg	m	23	1	80	diamond	red	(724, 460)	high	dis	(645, 652)	N	dif	hori	left	True	1361513	1362303	left	1	5	96
2	wzg	m	23	1	80	diamond	red	(724, 460)	high	dis	(565, 619)	N	same	vert	up	True	1363317	1363869	up	1	5	97
2	wzg	m	23	1	80	circle	red	(724, 460)	high	no	no_dis	N	dif	vert	up	True	1364939	1365902	up	1	5	98
2	wzg	m	23	1	80	diamond	red	(724, 460)	high	no	no_dis	N	dif	hori	left	True	1367102	1367678	left	1	5	99
2	wzg	m	23	1	80	circle	green	(724, 460)	high	dis	(533, 540)	N	dif	vert	up	True	1368893	1369694	up	1	5	100
2	wzg	m	23	1	80	diamond	green	(724, 460)	high	dis	(565, 619)	N	same	hori	left	True	1370898	1371487	left	1	5	101
2	wzg	m	23	1	80	diamond	red	(724, 460)	high	dis	(757, 540)	N	same	hori	left	True	1372534	1374590	left	1	5	102
2	wzg	m	23	1	80	circle	red	(565, 619)	low	no	no_dis	N	dif	vert	up	True	1375687	1376654	up	1	5	103
2	wzg	m	23	1	80	circle	green	(565, 460)	low	dis	(724, 460)	Y	same	vert	up	True	1377790	1379126	up	1	5	104
2	wzg	m	23	1	80	diamond	green	(724, 460)	high	no	no_dis	N	dif	vert	up	True	1380155	1380918	up	1	5	105
2	wzg	m	23	1	80	circle	green	(724, 460)	high	dis	(533, 540)	N	same	hori	left	True	1382014	1382598	left	1	5	106
2	wzg	m	23	1	80	diamond	green	(724, 619)	low	dis	(724, 460)	Y	same	hori	left	True	1383817	1384694	left	1	5	107
2	wzg	m	23	1	80	diamond	green	(724, 460)	high	dis	(565, 619)	N	dif	hori	left	True	1385699	1386350	left	1	5	108
2	wzg	m	23	1	80	diamond	red	(724, 460)	high	no	no_dis	N	dif	hori	left	True	1387455	1388094	left	1	5	109
2	wzg	m	23	1	80	circle	green	(724, 460)	high	no	no_dis	N	same	hori	left	True	1389277	1390093	left	1	5	110
2	wzg	m	23	1	80	circle	green	(724, 460)	high	dis	(645, 428)	N	same	hori	left	True	1391220	1391750	left	1	5	111
2	wzg	m	23	1	80	diamond	red	(724, 460)	high	dis	(565, 460)	N	dif	hori	left	True	1392947	1393550	left	1	5	112
2	wzg	m	23	1	80	circle	red	(724, 460)	high	dis	(724, 619)	N	same	vert	up	True	1394714	1395486	up	1	5	113
2	wzg	m	23	1	80	circle	green	(724, 460)	high	dis	(757, 540)	N	dif	hori	left	True	1396624	1397350	left	1	5	114
2	wzg	m	23	1	80	diamond	green	(757, 540)	low	dis	(724, 460)	Y	same	hori	left	True	1398468	1399766	left	1	5	115
2	wzg	m	23	1	80	circle	green	(724, 460)	high	dis	(533, 540)	N	dif	hori	left	True	1400871	1401662	left	1	5	116
2	wzg	m	23	1	80	diamond	red	(724, 460)	high	dis	(645, 652)	N	same	hori	left	True	1402666	1403254	left	1	5	117
2	wzg	m	23	1	80	diamond	red	(724, 619)	low	dis	(565, 619)	N	same	vert	up	True	1404259	1405254	up	1	5	118
2	wzg	m	23	1	80	diamond	red	(724, 460)	high	dis	(724, 619)	N	same	hori	left	True	1406355	1407006	left	1	5	119
2	wzg	m	23	1	80	circle	red	(724, 460)	high	no	no_dis	N	dif	hori	left	True	1408086	1409102	left	1	5	120
2	wzg	m	23	1	80	circle	green	(645, 652)	low	dis	(724, 460)	Y	same	hori	left	True	1441572	1443918	left	1	6	1
2	wzg	m	23	1	80	diamond	red	(724, 460)	high	dis	(565, 619)	N	dif	hori	left	True	1445054	1446238	left	1	6	2
2	wzg	m	23	1	80	circle	red	(724, 460)	high	dis	(757, 540)	N	same	hori	left	True	1447487	1448342	left	1	6	3
2	wzg	m	23	1	80	diamond	red	(724, 460)	high	dis	(645, 652)	N	same	hori	left	True	1449549	1450198	left	1	6	4
2	wzg	m	23	1	80	circle	red	(645, 652)	low	dis	(724, 460)	Y	dif	hori	left	True	1451362	1453654	left	1	6	5
2	wzg	m	23	1	80	diamond	red	(724, 460)	high	no	no_dis	N	same	vert	up	True	1454698	1455765	up	1	6	6
2	wzg	m	23	1	80	circle	green	(724, 460)	high	dis	(757, 540)	N	dif	hori	left	True	1456876	1457694	left	1	6	7
2	wzg	m	23	1	80	circle	red	(724, 460)	high	dis	(645, 428)	N	same	vert	up	True	1458722	1459789	up	1	6	8
2	wzg	m	23	1	80	circle	red	(724, 460)	high	dis	(724, 619)	N	same	hori	left	True	1461041	1461830	left	1	6	9
2	wzg	m	23	1	80	circle	green	(724, 460)	high	no	no_dis	N	same	vert	up	True	1462954	1463550	up	1	6	10
2	wzg	m	23	1	80	diamond	green	(724, 460)	high	no	no_dis	N	dif	vert	up	True	1464700	1465301	up	1	6	11
2	wzg	m	23	1	80	diamond	green	(533, 540)	low	dis	(565, 460)	N	same	hori	left	True	1466326	1467454	left	1	6	12
2	wzg	m	23	1	80	diamond	green	(724, 460)	high	dis	(645, 652)	N	dif	hori	left	True	1468588	1469245	left	1	6	13
2	wzg	m	23	1	80	circle	red	(724, 460)	high	dis	(645, 428)	N	dif	vert	up	True	1470318	1471198	up	1	6	14
2	wzg	m	23	1	80	circle	green	(724, 460)	high	dis	(724, 619)	N	same	vert	up	True	1472259	1473006	up	1	6	15
2	wzg	m	23	1	80	diamond	red	(565, 460)	low	dis	(724, 460)	Y	same	vert	up	True	1474033	1475206	up	1	6	16
2	wzg	m	23	1	80	circle	red	(757, 540)	low	no	no_dis	N	same	vert	up	True	1476314	1477246	up	1	6	17
2	wzg	m	23	1	80	circle	green	(724, 460)	high	dis	(645, 652)	N	same	hori	left	True	1478365	1479062	left	1	6	18
2	wzg	m	23	1	80	diamond	green	(724, 460)	high	dis	(565, 619)	N	same	hori	left	True	1480196	1481125	left	1	6	19
2	wzg	m	23	1	80	diamond	red	(724, 460)	high	dis	(757, 540)	N	same	hori	left	True	1482348	1482942	left	1	6	20
2	wzg	m	23	1	80	diamond	red	(724, 460)	high	no	no_dis	N	same	hori	left	True	1484042	1485326	left	1	6	21
2	wzg	m	23	1	80	circle	green	(724, 460)	high	dis	(645, 428)	N	dif	hori	left	True	1486502	1487638	left	1	6	22
2	wzg	m	23	1	80	circle	red	(724, 460)	high	dis	(645, 428)	N	same	hori	left	True	1488770	1489398	left	1	6	23
2	wzg	m	23	1	80	circle	red	(724, 460)	high	dis	(724, 619)	N	dif	vert	up	True	1490520	1491302	up	1	6	24
2	wzg	m	23	1	80	diamond	green	(724, 460)	high	dis	(565, 619)	N	dif	vert	up	True	1492374	1493470	up	1	6	25
2	wzg	m	23	1	80	circle	green	(724, 460)	high	dis	(565, 460)	N	dif	hori	left	True	1494534	1495158	left	1	6	26
2	wzg	m	23	1	80	circle	red	(724, 460)	high	no	no_dis	N	dif	vert	up	True	1496184	1496734	up	1	6	27
2	wzg	m	23	1	80	diamond	red	(724, 460)	high	dis	(757, 540)	N	dif	hori	left	True	1497979	1498622	left	1	6	28
2	wzg	m	23	1	80	diamond	red	(724, 460)	high	no	no_dis	N	dif	vert	up	True	1499763	1500350	up	1	6	29
2	wzg	m	23	1	80	circle	green	(724, 460)	high	dis	(565, 619)	N	dif	hori	left	True	1501496	1502302	left	1	6	30
2	wzg	m	23	1	80	diamond	green	(565, 619)	low	dis	(724, 460)	Y	dif	vert	up	True	1503384	1504294	up	1	6	31
2	wzg	m	23	1	80	circle	red	(724, 460)	high	dis	(757, 540)	N	dif	vert	up	True	1505443	1506278	left	0	6	32
2	wzg	m	23	1	80	circle	green	(724, 460)	high	no	no_dis	N	same	vert	up	True	1509007	1510061	up	1	6	33
2	wzg	m	23	1	80	diamond	red	(565, 460)	low	dis	(724, 460)	Y	same	vert	up	True	1511219	1512677	up	1	6	34
2	wzg	m	23	1	80	diamond	green	(724, 460)	high	dis	(645, 428)	N	dif	vert	up	True	1513829	1514494	up	1	6	35
2	wzg	m	23	1	80	diamond	green	(724, 460)	high	no	no_dis	N	dif	hori	left	True	1515518	1516382	left	1	6	36
2	wzg	m	23	1	80	diamond	red	(724, 460)	high	dis	(724, 619)	N	same	vert	up	True	1517401	1518550	up	1	6	37
2	wzg	m	23	1	80	circle	red	(724, 460)	high	dis	(533, 540)	N	dif	vert	up	True	1519662	1520494	up	1	6	38
2	wzg	m	23	1	80	circle	green	(724, 460)	high	dis	(645, 652)	N	same	vert	up	True	1521741	1522518	up	1	6	39
2	wzg	m	23	1	80	diamond	green	(724, 460)	high	dis	(533, 540)	N	same	hori	left	True	1523592	1524605	left	1	6	40
2	wzg	m	23	1	80	diamond	red	(724, 460)	high	dis	(565, 460)	N	dif	vert	up	True	1525754	1526382	up	1	6	41
2	wzg	m	23	1	80	circle	red	(724, 460)	high	no	no_dis	N	same	hori	left	True	1527599	1528422	left	1	6	42
2	wzg	m	23	1	80	diamond	green	(724, 460)	high	dis	(724, 619)	N	dif	vert	up	True	1529449	1530118	up	1	6	43
2	wzg	m	23	1	80	circle	red	(724, 460)	high	no	no_dis	N	same	hori	left	True	1531327	1532046	left	1	6	44
2	wzg	m	23	1	80	diamond	red	(724, 460)	high	dis	(533, 540)	N	same	vert	up	True	1533235	1533830	up	1	6	45
2	wzg	m	23	1	80	diamond	green	(724, 460)	high	dis	(565, 460)	N	dif	vert	up	True	1534953	1535494	up	1	6	46
2	wzg	m	23	1	80	circle	red	(724, 460)	high	dis	(565, 619)	N	same	vert	up	True	1536556	1537390	up	1	6	47
2	wzg	m	23	1	80	diamond	green	(724, 460)	high	dis	(757, 540)	N	same	hori	left	True	1538536	1539086	left	1	6	48
2	wzg	m	23	1	80	diamond	green	(533, 540)	low	dis	(724, 460)	Y	same	vert	up	True	1540116	1541781	up	1	6	49
2	wzg	m	23	1	80	diamond	red	(645, 428)	low	no	no_dis	N	same	vert	up	True	1542916	1543941	up	1	6	50
2	wzg	m	23	1	80	circle	green	(645, 428)	low	dis	(724, 460)	Y	dif	hori	left	True	1545153	1546342	left	1	6	51
2	wzg	m	23	1	80	circle	green	(724, 460)	high	dis	(645, 652)	N	same	vert	up	True	1547500	1548279	up	1	6	52
2	wzg	m	23	1	80	circle	red	(724, 460)	high	dis	(565, 619)	N	same	hori	left	True	1549284	1549862	left	1	6	53
2	wzg	m	23	1	80	circle	red	(565, 460)	low	no	no_dis	N	same	hori	left	True	1551070	1552118	left	1	6	54
2	wzg	m	23	1	80	diamond	green	(724, 460)	high	dis	(565, 619)	N	same	hori	left	True	1553339	1554102	up	0	6	55
2	wzg	m	23	1	80	circle	green	(565, 460)	low	dis	(724, 460)	Y	dif	vert	up	True	1556646	1558670	up	1	6	56
2	wzg	m	23	1	80	diamond	red	(724, 460)	high	dis	(565, 460)	N	same	hori	left	True	1559772	1560445	left	1	6	57
2	wzg	m	23	1	80	diamond	green	(724, 460)	high	no	no_dis	N	dif	hori	left	True	1561475	1562109	left	1	6	58
2	wzg	m	23	1	80	diamond	red	(724, 460)	high	no	no_dis	N	dif	hori	left	True	1563278	1563982	left	1	6	59
2	wzg	m	23	1	80	circle	red	(724, 460)	high	dis	(645, 652)	N	same	vert	up	True	1565157	1566302	up	1	6	60
2	wzg	m	23	1	80	diamond	green	(724, 460)	high	no	no_dis	N	dif	hori	left	True	1567465	1568302	left	1	6	61
2	wzg	m	23	1	80	circle	red	(724, 460)	high	no	no_dis	N	same	hori	left	True	1569364	1570126	left	1	6	62
2	wzg	m	23	1	80	circle	green	(645, 652)	low	no	no_dis	N	dif	vert	up	True	1571205	1572462	up	1	6	63
2	wzg	m	23	1	80	diamond	red	(724, 460)	high	no	no_dis	N	same	hori	left	True	1573516	1574622	left	1	6	64
2	wzg	m	23	1	80	circle	green	(724, 460)	high	dis	(645, 652)	N	dif	hori	left	True	1575776	1576493	left	1	6	65
2	wzg	m	23	1	80	diamond	green	(724, 460)	high	no	no_dis	N	dif	hori	left	True	1577555	1578189	left	1	6	66
2	wzg	m	23	1	80	circle	green	(724, 460)	high	no	no_dis	N	same	vert	up	True	1579426	1580038	up	1	6	67
2	wzg	m	23	1	80	diamond	red	(724, 460)	high	dis	(645, 428)	N	dif	vert	up	True	1581249	1582006	up	1	6	68
2	wzg	m	23	1	80	diamond	red	(724, 460)	high	dis	(645, 652)	N	dif	vert	up	True	1583176	1584078	up	1	6	69
2	wzg	m	23	1	80	diamond	red	(724, 460)	high	dis	(757, 540)	N	same	vert	up	True	1585129	1585741	up	1	6	70
2	wzg	m	23	1	80	circle	green	(724, 460)	high	dis	(757, 540)	N	dif	hori	left	True	1586933	1587621	left	1	6	71
2	wzg	m	23	1	80	diamond	red	(724, 619)	low	dis	(645, 652)	N	same	vert	up	True	1588794	1590406	up	1	6	72
2	wzg	m	23	1	80	circle	green	(724, 619)	low	no	no_dis	N	dif	hori	left	True	1591507	1592645	left	1	6	73
2	wzg	m	23	1	80	diamond	red	(724, 460)	high	no	no_dis	N	dif	vert	up	True	1593687	1594870	up	1	6	74
2	wzg	m	23	1	80	circle	red	(645, 428)	low	dis	(724, 460)	Y	same	hori	left	True	1595895	1597358	left	1	6	75
2	wzg	m	23	1	80	diamond	green	(724, 460)	high	dis	(565, 460)	N	dif	hori	left	True	1598452	1599278	left	1	6	76
2	wzg	m	23	1	80	circle	green	(724, 460)	high	no	no_dis	N	dif	vert	up	True	1600413	1601230	up	1	6	77
2	wzg	m	23	1	80	circle	green	(724, 460)	high	no	no_dis	N	dif	hori	left	True	1602416	1603062	left	1	6	78
2	wzg	m	23	1	80	circle	red	(724, 460)	high	dis	(757, 540)	N	same	hori	left	True	1604250	1605126	left	1	6	79
2	wzg	m	23	1	80	diamond	green	(645, 652)	low	no	no_dis	N	same	hori	left	True	1606196	1607646	left	1	6	80
2	wzg	m	23	1	80	diamond	red	(724, 460)	high	no	no_dis	N	same	hori	left	True	1608733	1609278	left	1	6	81
2	wzg	m	23	1	80	diamond	green	(724, 460)	high	dis	(533, 540)	N	same	hori	left	True	1610494	1611030	left	1	6	82
2	wzg	m	23	1	80	circle	green	(724, 460)	high	dis	(645, 428)	N	same	vert	up	True	1612150	1613173	up	1	6	83
2	wzg	m	23	1	80	circle	green	(724, 460)	high	dis	(533, 540)	N	same	vert	up	True	1614292	1614870	up	1	6	84
2	wzg	m	23	1	80	diamond	red	(724, 460)	high	dis	(724, 619)	N	dif	vert	up	True	1616122	1616813	up	1	6	85
2	wzg	m	23	1	80	diamond	green	(724, 460)	high	no	no_dis	N	same	hori	left	True	1617955	1618494	left	1	6	86
2	wzg	m	23	1	80	circle	red	(724, 460)	high	dis	(533, 540)	N	dif	vert	up	True	1619515	1620174	up	1	6	87
2	wzg	m	23	1	80	diamond	green	(724, 460)	high	dis	(724, 619)	N	same	vert	up	True	1621240	1621950	up	1	6	88
2	wzg	m	23	1	80	circle	green	(724, 460)	high	dis	(724, 619)	N	dif	hori	left	True	1622967	1623830	left	1	6	89
2	wzg	m	23	1	80	diamond	green	(724, 460)	high	dis	(645, 428)	N	same	vert	up	True	1624932	1625669	up	1	6	90
2	wzg	m	23	1	80	circle	red	(724, 460)	high	dis	(645, 652)	N	same	hori	left	True	1626739	1627629	left	1	6	91
2	wzg	m	23	1	80	diamond	green	(724, 460)	high	no	no_dis	N	same	vert	up	True	1628694	1629389	up	1	6	92
2	wzg	m	23	1	80	circle	red	(724, 460)	high	no	no_dis	N	same	vert	up	True	1630576	1631309	up	1	6	93
2	wzg	m	23	1	80	circle	red	(565, 619)	low	dis	(724, 619)	N	dif	vert	up	True	1632393	1633757	up	1	6	94
2	wzg	m	23	1	80	diamond	red	(533, 540)	low	dis	(645, 428)	N	dif	hori	left	True	1634782	1635949	left	1	6	95
2	wzg	m	23	1	80	diamond	red	(724, 460)	high	dis	(565, 460)	N	same	vert	up	True	1637132	1637758	up	1	6	96
2	wzg	m	23	1	80	diamond	green	(757, 540)	low	dis	(724, 460)	Y	dif	hori	left	True	1638777	1640014	left	1	6	97
2	wzg	m	23	1	80	circle	red	(724, 460)	high	dis	(757, 540)	N	same	vert	up	True	1641113	1642118	up	1	6	98
2	wzg	m	23	1	80	circle	red	(724, 460)	high	no	no_dis	N	dif	hori	left	True	1643215	1643830	left	1	6	99
2	wzg	m	23	1	80	diamond	red	(565, 619)	low	no	no_dis	N	dif	hori	left	True	1644975	1646006	left	1	6	100
2	wzg	m	23	1	80	circle	green	(724, 460)	high	no	no_dis	N	same	vert	up	True	1647248	1648190	up	1	6	101
2	wzg	m	23	1	80	circle	green	(724, 460)	high	dis	(724, 619)	N	dif	vert	up	True	1649364	1650342	up	1	6	102
2	wzg	m	23	1	80	diamond	green	(724, 460)	high	no	no_dis	N	same	vert	up	True	1651539	1652157	up	1	6	103
2	wzg	m	23	1	80	diamond	green	(724, 460)	high	dis	(565, 460)	N	dif	vert	up	True	1653206	1653822	up	1	6	104
2	wzg	m	23	1	80	circle	green	(724, 460)	high	no	no_dis	N	dif	vert	up	True	1654842	1655494	up	1	6	105
2	wzg	m	23	1	80	diamond	red	(724, 460)	high	dis	(645, 428)	N	same	hori	left	True	1656716	1657389	left	1	6	106
2	wzg	m	23	1	80	diamond	red	(724, 460)	high	no	no_dis	N	same	hori	left	True	1658561	1659094	left	1	6	107
2	wzg	m	23	1	80	circle	green	(724, 460)	high	no	no_dis	N	dif	hori	left	True	1660185	1660974	left	1	6	108
2	wzg	m	23	1	80	diamond	green	(533, 540)	low	no	no_dis	N	dif	vert	up	True	1662200	1662934	left	0	6	109
2	wzg	m	23	1	80	circle	red	(724, 460)	high	no	no_dis	N	dif	vert	up	True	1665629	1666550	up	1	6	110
2	wzg	m	23	1	80	circle	red	(757, 540)	low	dis	(533, 540)	N	same	hori	left	True	1667670	1669246	left	1	6	111
2	wzg	m	23	1	80	circle	red	(724, 460)	high	dis	(533, 540)	N	dif	hori	left	True	1670454	1671253	left	1	6	112
2	wzg	m	23	1	80	circle	green	(724, 460)	high	dis	(565, 460)	N	dif	vert	up	True	1672470	1673646	up	1	6	113
2	wzg	m	23	1	80	diamond	red	(724, 460)	high	dis	(565, 460)	N	dif	hori	left	True	1674802	1675998	left	1	6	114
2	wzg	m	23	1	80	circle	green	(724, 460)	high	dis	(533, 540)	N	same	vert	up	True	1677188	1678110	up	1	6	115
2	wzg	m	23	1	80	circle	green	(724, 619)	low	dis	(565, 619)	N	dif	vert	up	True	1679343	1680502	up	1	6	116
2	wzg	m	23	1	80	diamond	green	(724, 460)	high	dis	(565, 619)	N	dif	hori	left	True	1681611	1682838	left	1	6	117
2	wzg	m	23	1	80	diamond	red	(724, 460)	high	dis	(565, 619)	N	dif	hori	left	True	1683867	1684565	left	1	6	118
2	wzg	m	23	1	80	circle	red	(724, 460)	high	no	no_dis	N	dif	vert	up	True	1685703	1686494	up	1	6	119
2	wzg	m	23	1	80	diamond	green	(724, 460)	high	dis	(533, 540)	N	dif	hori	left	True	1687642	1688630	left	1	6	120
conf	2	wzg	m	23	1	80	True	1799079	1807462	2	True	1807474	1811726	1
