subj	name	gender	age	prac	group	shape	color	tar_loc	popularity	dis_cond	dis_loc	dis_high	td_dif	line	respkey	gotkey	startTime	respTime	resp	correct	block	trialnum
4	ljx	f	19	1	80	circle	red	(565, 460)	high	dis	(757, 540)	N	dif	vert	up	True	15416	16874	up	1	1	1
4	ljx	f	19	1	80	diamond	green	(565, 460)	high	dis	(533, 540)	N	same	vert	up	True	18127	19257	up	1	1	2
4	ljx	f	19	1	80	circle	red	(565, 460)	high	dis	(724, 619)	N	same	vert	up	True	20346	22354	up	1	1	3
4	ljx	f	19	1	80	circle	red	(724, 460)	low	no	no_dis	N	same	vert	up	True	23475	25258	up	1	1	4
4	ljx	f	19	1	80	diamond	red	(565, 460)	high	dis	(724, 460)	N	dif	vert	up	True	26466	28506	up	1	1	5
4	ljx	f	19	1	80	diamond	red	(565, 460)	high	dis	(724, 619)	N	same	vert	up	True	29746	31002	up	1	1	6
4	ljx	f	19	1	80	circle	green	(565, 460)	high	dis	(565, 619)	N	dif	vert	up	True	32039	33658	up	1	1	7
4	ljx	f	19	1	80	diamond	red	(565, 460)	high	no	no_dis	N	same	hori	left	True	34741	36250	left	1	1	8
4	ljx	f	19	1	80	circle	green	(565, 460)	high	dis	(724, 619)	N	dif	hori	left	True	37442	39490	left	1	1	9
4	ljx	f	19	1	80	circle	red	(565, 460)	high	dis	(724, 619)	N	dif	vert	up	True	40502	42266	up	1	1	10
4	ljx	f	19	1	80	circle	green	(565, 460)	high	dis	(565, 619)	N	dif	vert	up	True	43502	45338	up	1	1	11
4	ljx	f	19	1	80	diamond	red	(565, 460)	high	dis	(533, 540)	N	dif	vert	up	True	46541	47706	up	1	1	12
4	ljx	f	19	1	80	diamond	red	(565, 460)	high	no	no_dis	N	same	vert	up	True	48836	50346	up	1	1	13
4	ljx	f	19	1	80	diamond	red	(565, 460)	high	dis	(757, 540)	N	same	hori	left	True	51500	52986	left	1	1	14
4	ljx	f	19	1	80	diamond	green	(565, 460)	high	dis	(724, 619)	N	same	hori	left	True	54030	55274	left	1	1	15
4	ljx	f	19	1	80	circle	red	(565, 460)	high	no	no_dis	N	dif	hori	left	True	56524	57658	left	1	1	16
4	ljx	f	19	1	80	diamond	green	(565, 460)	high	no	no_dis	N	dif	hori	left	True	58845	59786	left	1	1	17
4	ljx	f	19	1	80	circle	red	(757, 540)	low	dis	(565, 460)	Y	same	hori	left	True	60917	62266	left	1	1	18
4	ljx	f	19	1	80	circle	green	(565, 460)	high	no	no_dis	N	same	vert	up	True	63422	65650	up	1	1	19
4	ljx	f	19	1	80	diamond	green	(565, 460)	high	no	no_dis	N	dif	hori	left	True	66822	67650	left	1	1	20
4	ljx	f	19	1	80	diamond	green	(565, 460)	high	dis	(533, 540)	N	same	hori	left	True	68653	69571	left	1	1	21
4	ljx	f	19	1	80	circle	green	(565, 460)	high	no	no_dis	N	same	hori	left	True	70674	71778	left	1	1	22
4	ljx	f	19	1	80	diamond	red	(565, 460)	high	dis	(757, 540)	N	same	vert	up	True	72906	74898	left	0	1	23
4	ljx	f	19	1	80	circle	green	(565, 460)	high	dis	(645, 652)	N	same	hori	left	True	77487	79170	left	1	1	24
4	ljx	f	19	1	80	diamond	green	(565, 619)	low	dis	(565, 460)	Y	dif	hori	left	True	80270	82602	left	1	1	25
4	ljx	f	19	1	80	circle	green	(565, 460)	high	dis	(757, 540)	N	dif	vert	up	True	83649	85690	up	1	1	26
4	ljx	f	19	1	80	diamond	red	(533, 540)	low	dis	(724, 460)	N	dif	hori	left	True	86862	88642	left	1	1	27
4	ljx	f	19	1	80	circle	red	(565, 460)	high	dis	(565, 619)	N	same	hori	left	True	89867	91050	left	1	1	28
4	ljx	f	19	1	80	circle	green	(533, 540)	low	no	no_dis	N	dif	hori	left	True	92075	93210	left	1	1	29
4	ljx	f	19	1	80	diamond	red	(565, 460)	high	dis	(757, 540)	N	dif	vert	up	True	94426	96730	up	1	1	30
4	ljx	f	19	1	80	diamond	green	(565, 460)	high	dis	(645, 428)	N	dif	vert	up	True	97916	99578	up	1	1	31
4	ljx	f	19	1	80	circle	red	(565, 460)	high	dis	(645, 428)	N	dif	vert	up	True	100755	102770	left	0	1	32
4	ljx	f	19	1	80	diamond	green	(565, 460)	high	no	no_dis	N	same	hori	left	False	105411	None	None	0	1	33
4	ljx	f	19	1	80	circle	green	(565, 460)	high	no	no_dis	N	dif	hori	left	True	111018	111978	left	1	1	34
4	ljx	f	19	1	80	diamond	red	(565, 619)	low	no	no_dis	N	dif	hori	left	True	113105	114642	left	1	1	35
4	ljx	f	19	1	80	circle	red	(565, 460)	high	dis	(645, 652)	N	dif	vert	up	True	115792	117066	up	1	1	36
4	ljx	f	19	1	80	diamond	red	(565, 460)	high	dis	(645, 428)	N	dif	vert	up	True	118132	120514	left	0	1	37
4	ljx	f	19	1	80	diamond	red	(565, 460)	high	dis	(645, 428)	N	same	vert	up	True	123130	125914	left	0	1	38
4	ljx	f	19	1	80	diamond	red	(724, 619)	low	no	no_dis	N	same	vert	up	True	128572	130506	up	1	1	39
4	ljx	f	19	1	80	circle	green	(565, 460)	high	dis	(645, 428)	N	dif	hori	left	True	131699	133610	left	1	1	40
4	ljx	f	19	1	80	diamond	red	(565, 460)	high	dis	(645, 652)	N	same	hori	left	True	134786	136458	left	1	1	41
4	ljx	f	19	1	80	diamond	green	(565, 460)	high	no	no_dis	N	dif	vert	up	True	137693	139194	up	1	1	42
4	ljx	f	19	1	80	diamond	green	(645, 652)	low	no	no_dis	N	dif	vert	up	True	140305	142266	up	1	1	43
4	ljx	f	19	1	80	circle	red	(565, 460)	high	dis	(724, 460)	N	same	vert	up	True	143274	146169	up	1	1	44
4	ljx	f	19	1	80	circle	red	(565, 460)	high	dis	(724, 460)	N	same	hori	left	True	147203	149065	left	1	1	45
4	ljx	f	19	1	80	diamond	green	(565, 460)	high	no	no_dis	N	same	vert	up	True	150114	152602	up	1	1	46
4	ljx	f	19	1	80	circle	red	(565, 460)	high	dis	(757, 540)	N	same	hori	left	True	153653	155786	left	1	1	47
4	ljx	f	19	1	80	diamond	green	(565, 460)	high	dis	(645, 652)	N	same	vert	up	True	156919	158473	left	0	1	48
4	ljx	f	19	1	80	diamond	green	(565, 460)	high	no	no_dis	N	dif	vert	up	True	161002	163178	up	1	1	49
4	ljx	f	19	1	80	circle	red	(565, 460)	high	dis	(724, 460)	N	dif	hori	left	True	164269	166562	left	1	1	50
4	ljx	f	19	1	80	diamond	red	(757, 540)	low	dis	(645, 652)	N	dif	vert	up	True	167809	169274	up	1	1	51
4	ljx	f	19	1	80	circle	red	(565, 460)	high	dis	(565, 619)	N	same	vert	up	True	170344	172282	up	1	1	52
4	ljx	f	19	1	80	circle	red	(565, 460)	high	no	no_dis	N	same	vert	up	True	173380	174786	up	1	1	53
4	ljx	f	19	1	80	circle	green	(565, 460)	high	dis	(724, 460)	N	dif	vert	up	True	175961	177554	up	1	1	54
4	ljx	f	19	1	80	circle	green	(565, 460)	high	dis	(645, 652)	N	same	vert	up	True	178576	180410	up	1	1	55
4	ljx	f	19	1	80	diamond	green	(565, 460)	high	dis	(645, 652)	N	same	hori	left	True	181546	184362	left	1	1	56
4	ljx	f	19	1	80	diamond	green	(565, 460)	high	no	no_dis	N	dif	vert	up	True	185406	187258	up	1	1	57
4	ljx	f	19	1	80	circle	green	(565, 460)	high	dis	(724, 619)	N	dif	hori	left	True	188500	190530	left	1	1	58
4	ljx	f	19	1	80	circle	red	(565, 460)	high	no	no_dis	N	same	hori	left	True	191669	192761	left	1	1	59
4	ljx	f	19	1	80	diamond	red	(565, 460)	high	dis	(533, 540)	N	same	hori	left	True	193769	196146	left	1	1	60
4	ljx	f	19	1	80	diamond	green	(565, 460)	high	dis	(533, 540)	N	dif	hori	left	True	197220	199258	left	1	1	61
4	ljx	f	19	1	80	circle	red	(565, 460)	high	dis	(533, 540)	N	dif	hori	left	True	200370	202690	left	1	1	62
4	ljx	f	19	1	80	diamond	green	(565, 460)	high	dis	(724, 619)	N	dif	hori	left	True	203820	205073	left	1	1	63
4	ljx	f	19	1	80	circle	red	(565, 460)	high	no	no_dis	N	dif	vert	up	True	206216	207610	up	1	1	64
4	ljx	f	19	1	80	circle	green	(565, 460)	high	no	no_dis	N	dif	hori	left	True	208691	210969	left	1	1	65
4	ljx	f	19	1	80	circle	green	(565, 460)	high	dis	(565, 619)	N	dif	hori	left	True	211981	214282	left	1	1	66
4	ljx	f	19	1	80	circle	red	(565, 619)	low	dis	(565, 460)	Y	same	hori	left	True	215364	216665	left	1	1	67
4	ljx	f	19	1	80	circle	red	(565, 460)	high	dis	(724, 460)	N	dif	vert	up	True	217868	219514	up	1	1	68
4	ljx	f	19	1	80	diamond	green	(533, 540)	low	dis	(565, 619)	N	dif	vert	up	True	220701	223146	up	1	1	69
4	ljx	f	19	1	80	circle	green	(645, 652)	low	dis	(565, 460)	Y	same	vert	up	True	224289	225874	up	1	1	70
4	ljx	f	19	1	80	circle	green	(724, 460)	low	dis	(565, 460)	Y	dif	hori	left	True	227035	228698	left	1	1	71
4	ljx	f	19	1	80	circle	green	(565, 460)	high	dis	(724, 619)	N	same	vert	up	True	229804	232082	up	1	1	72
4	ljx	f	19	1	80	diamond	red	(565, 460)	high	dis	(645, 428)	N	dif	hori	left	True	233164	234570	left	1	1	73
4	ljx	f	19	1	80	circle	green	(565, 460)	high	dis	(533, 540)	N	same	hori	left	True	235644	238113	left	1	1	74
4	ljx	f	19	1	80	circle	red	(565, 460)	high	no	no_dis	N	same	hori	left	True	239154	240330	left	1	1	75
4	ljx	f	19	1	80	circle	red	(565, 460)	high	no	no_dis	N	dif	hori	left	True	241560	242409	left	1	1	76
4	ljx	f	19	1	80	circle	red	(565, 460)	high	dis	(645, 428)	N	dif	hori	left	True	243551	245417	left	1	1	77
4	ljx	f	19	1	80	diamond	green	(565, 460)	high	dis	(724, 619)	N	dif	vert	up	True	246442	248018	up	1	1	78
4	ljx	f	19	1	80	circle	green	(565, 460)	high	dis	(565, 619)	N	same	vert	up	True	249139	251370	up	1	1	79
4	ljx	f	19	1	80	circle	red	(645, 428)	low	no	no_dis	N	same	hori	left	True	252460	254146	left	1	1	80
4	ljx	f	19	1	80	diamond	red	(565, 460)	high	dis	(724, 460)	N	dif	hori	left	True	255385	257042	left	1	1	81
4	ljx	f	19	1	80	diamond	red	(565, 460)	high	no	no_dis	N	dif	vert	up	True	258089	260426	up	1	1	82
4	ljx	f	19	1	80	diamond	red	(565, 460)	high	dis	(533, 540)	N	same	vert	up	True	261437	263234	up	1	1	83
4	ljx	f	19	1	80	circle	green	(565, 460)	high	no	no_dis	N	dif	vert	up	True	264313	265681	up	1	1	84
4	ljx	f	19	1	80	circle	green	(645, 428)	low	dis	(757, 540)	N	same	vert	up	True	266824	268409	up	1	1	85
4	ljx	f	19	1	80	circle	red	(565, 460)	high	dis	(533, 540)	N	same	hori	left	True	269632	271545	left	1	1	86
4	ljx	f	19	1	80	diamond	red	(565, 460)	high	no	no_dis	N	dif	vert	up	True	272647	275145	up	1	1	87
4	ljx	f	19	1	80	circle	green	(565, 460)	high	no	no_dis	N	same	hori	left	True	276305	277506	left	1	1	88
4	ljx	f	19	1	80	circle	green	(724, 619)	low	dis	(645, 428)	N	dif	vert	up	True	278676	279905	up	1	1	89
4	ljx	f	19	1	80	circle	green	(565, 460)	high	dis	(645, 652)	N	same	hori	left	True	281031	283114	left	1	1	90
4	ljx	f	19	1	80	circle	red	(645, 652)	low	dis	(565, 460)	Y	same	vert	up	True	284334	285762	up	1	1	91
4	ljx	f	19	1	80	diamond	green	(565, 460)	high	dis	(757, 540)	N	same	vert	up	True	286780	288346	up	1	1	92
4	ljx	f	19	1	80	diamond	green	(565, 460)	high	no	no_dis	N	same	vert	up	True	289533	291241	up	1	1	93
4	ljx	f	19	1	80	diamond	red	(565, 460)	high	dis	(565, 619)	N	dif	hori	left	True	292436	294034	left	1	1	94
4	ljx	f	19	1	80	diamond	green	(724, 460)	low	dis	(724, 619)	N	same	vert	up	False	295100	None	None	0	1	95
4	ljx	f	19	1	80	circle	green	(565, 460)	high	no	no_dis	N	same	hori	left	True	300701	302809	left	1	1	96
4	ljx	f	19	1	80	diamond	green	(565, 460)	high	dis	(757, 540)	N	same	vert	up	True	304015	305089	up	1	1	97
4	ljx	f	19	1	80	circle	green	(757, 540)	low	no	no_dis	N	same	hori	left	True	306289	307457	left	1	1	98
4	ljx	f	19	1	80	diamond	red	(565, 460)	high	no	no_dis	N	same	vert	up	True	308545	310474	up	1	1	99
4	ljx	f	19	1	80	circle	red	(724, 460)	low	dis	(565, 460)	Y	same	hori	left	True	311552	313337	left	1	1	100
4	ljx	f	19	1	80	circle	green	(565, 460)	high	no	no_dis	N	same	vert	up	True	314548	316722	up	1	1	101
4	ljx	f	19	1	80	diamond	red	(565, 460)	high	no	no_dis	N	dif	vert	up	True	317796	319313	left	0	1	102
4	ljx	f	19	1	80	circle	red	(565, 460)	high	no	no_dis	N	same	vert	up	True	321847	323801	up	1	1	103
4	ljx	f	19	1	80	diamond	red	(565, 460)	high	dis	(724, 460)	N	dif	hori	left	True	324964	326570	left	1	1	104
4	ljx	f	19	1	80	diamond	green	(724, 619)	low	no	no_dis	N	dif	vert	up	True	327798	329193	up	1	1	105
4	ljx	f	19	1	80	circle	red	(565, 460)	high	no	no_dis	N	dif	hori	left	True	330312	331721	left	1	1	106
4	ljx	f	19	1	80	circle	green	(565, 460)	high	dis	(645, 428)	N	same	hori	left	True	332922	334945	left	1	1	107
4	ljx	f	19	1	80	diamond	green	(565, 460)	high	dis	(645, 428)	N	same	hori	left	True	335965	338257	left	1	1	108
4	ljx	f	19	1	80	circle	green	(565, 460)	high	dis	(757, 540)	N	dif	hori	left	True	339394	340985	left	1	1	109
4	ljx	f	19	1	80	diamond	green	(565, 460)	high	dis	(565, 619)	N	same	vert	up	True	342220	343561	up	1	1	110
4	ljx	f	19	1	80	diamond	red	(565, 460)	high	dis	(565, 619)	N	dif	vert	up	True	344748	347514	up	1	1	111
4	ljx	f	19	1	80	diamond	red	(565, 460)	high	no	no_dis	N	dif	hori	left	True	348600	350122	left	1	1	112
4	ljx	f	19	1	80	diamond	green	(565, 460)	high	dis	(645, 652)	N	same	hori	left	True	351159	352697	left	1	1	113
4	ljx	f	19	1	80	diamond	red	(645, 428)	low	dis	(565, 460)	Y	dif	hori	left	True	353942	355385	left	1	1	114
4	ljx	f	19	1	80	circle	red	(565, 460)	high	dis	(533, 540)	N	dif	hori	left	True	356402	358674	left	1	1	115
4	ljx	f	19	1	80	diamond	red	(565, 460)	high	no	no_dis	N	same	hori	left	True	359833	360913	left	1	1	116
4	ljx	f	19	1	80	diamond	green	(757, 540)	low	dis	(565, 460)	Y	same	hori	left	True	361930	364426	left	1	1	117
4	ljx	f	19	1	80	diamond	green	(565, 460)	high	dis	(724, 460)	N	dif	hori	left	True	365432	366794	left	1	1	118
4	ljx	f	19	1	80	diamond	green	(565, 460)	high	dis	(645, 652)	N	same	vert	up	True	368046	369178	up	1	1	119
4	ljx	f	19	1	80	diamond	red	(724, 619)	low	dis	(565, 460)	Y	dif	vert	up	True	370386	372498	up	1	1	120
4	ljx	f	19	1	80	diamond	red	(565, 460)	high	no	no_dis	N	same	hori	left	True	405536	407625	left	1	2	1
4	ljx	f	19	1	80	diamond	green	(757, 540)	low	dis	(565, 460)	Y	same	vert	up	True	408690	410418	up	1	2	2
4	ljx	f	19	1	80	diamond	green	(565, 460)	high	no	no_dis	N	same	vert	up	True	411588	412921	up	1	2	3
4	ljx	f	19	1	80	diamond	red	(565, 460)	high	no	no_dis	N	dif	vert	up	True	414094	416122	up	1	2	4
4	ljx	f	19	1	80	diamond	green	(565, 460)	high	dis	(533, 540)	N	same	hori	left	True	417129	419177	left	1	2	5
4	ljx	f	19	1	80	circle	green	(565, 460)	high	no	no_dis	N	dif	hori	left	True	420203	421577	left	1	2	6
4	ljx	f	19	1	80	diamond	red	(724, 619)	low	dis	(565, 460)	Y	dif	vert	up	True	422808	423833	up	1	2	7
4	ljx	f	19	1	80	circle	green	(645, 428)	low	dis	(724, 619)	N	same	vert	up	True	424848	427385	up	1	2	8
4	ljx	f	19	1	80	circle	green	(565, 460)	high	dis	(645, 428)	N	dif	vert	up	True	428528	429857	up	1	2	9
4	ljx	f	19	1	80	circle	green	(724, 460)	low	dis	(565, 460)	Y	same	vert	up	True	430958	432409	up	1	2	10
4	ljx	f	19	1	80	diamond	red	(565, 460)	high	dis	(757, 540)	N	dif	hori	left	True	433607	435114	left	1	2	11
4	ljx	f	19	1	80	diamond	red	(565, 460)	high	no	no_dis	N	same	hori	left	True	436183	438161	left	1	2	12
4	ljx	f	19	1	80	diamond	green	(565, 460)	high	dis	(757, 540)	N	same	hori	left	True	439327	441121	left	1	2	13
4	ljx	f	19	1	80	circle	red	(565, 460)	high	dis	(645, 428)	N	same	vert	up	True	442148	443273	up	1	2	14
4	ljx	f	19	1	80	circle	red	(565, 460)	high	no	no_dis	N	same	vert	up	True	444346	446153	up	1	2	15
4	ljx	f	19	1	80	circle	green	(724, 619)	low	dis	(565, 460)	Y	dif	hori	left	True	447238	448834	left	1	2	16
4	ljx	f	19	1	80	circle	green	(565, 460)	high	no	no_dis	N	dif	vert	up	True	450066	451201	up	1	2	17
4	ljx	f	19	1	80	circle	green	(565, 460)	high	no	no_dis	N	dif	hori	left	True	452210	453210	left	1	2	18
4	ljx	f	19	1	80	diamond	red	(565, 460)	high	dis	(565, 619)	N	dif	hori	left	True	454426	455577	left	1	2	19
4	ljx	f	19	1	80	circle	red	(565, 460)	high	dis	(645, 652)	N	same	hori	left	True	456613	458377	left	1	2	20
4	ljx	f	19	1	80	diamond	green	(565, 460)	high	no	no_dis	N	same	hori	left	True	459505	460609	left	1	2	21
4	ljx	f	19	1	80	circle	green	(565, 460)	high	dis	(724, 460)	N	dif	hori	left	True	461783	463473	left	1	2	22
4	ljx	f	19	1	80	diamond	red	(565, 460)	high	dis	(724, 460)	N	dif	hori	left	True	464499	466441	left	1	2	23
4	ljx	f	19	1	80	diamond	green	(533, 540)	low	dis	(565, 460)	Y	dif	vert	up	True	467453	468273	left	0	2	24
4	ljx	f	19	1	80	circle	red	(565, 460)	high	dis	(533, 540)	N	same	hori	left	True	471037	473297	left	1	2	25
4	ljx	f	19	1	80	circle	green	(565, 460)	high	dis	(645, 652)	N	dif	vert	up	True	474478	475874	up	1	2	26
4	ljx	f	19	1	80	diamond	green	(565, 460)	high	dis	(724, 460)	N	same	vert	up	True	476976	478249	up	1	2	27
4	ljx	f	19	1	80	circle	red	(565, 460)	high	no	no_dis	N	dif	vert	up	True	479292	481049	up	1	2	28
4	ljx	f	19	1	80	circle	green	(565, 460)	high	dis	(645, 652)	N	dif	hori	left	True	482200	483777	left	1	2	29
4	ljx	f	19	1	80	diamond	red	(565, 460)	high	dis	(724, 619)	N	same	hori	left	True	484978	486353	left	1	2	30
4	ljx	f	19	1	80	diamond	red	(565, 460)	high	dis	(724, 619)	N	dif	vert	up	True	487512	488593	up	1	2	31
4	ljx	f	19	1	80	diamond	green	(565, 460)	high	dis	(757, 540)	N	same	vert	up	True	489771	491049	up	1	2	32
4	ljx	f	19	1	80	circle	red	(565, 460)	high	dis	(645, 428)	N	same	vert	up	True	492101	493433	up	1	2	33
4	ljx	f	19	1	80	diamond	green	(565, 460)	high	no	no_dis	N	dif	hori	left	True	494485	495570	left	1	2	34
4	ljx	f	19	1	80	circle	green	(565, 460)	high	no	no_dis	N	dif	hori	left	True	496814	497937	left	1	2	35
4	ljx	f	19	1	80	diamond	green	(565, 460)	high	dis	(565, 619)	N	same	vert	up	True	498970	501305	up	1	2	36
4	ljx	f	19	1	80	diamond	green	(565, 460)	high	dis	(757, 540)	N	dif	vert	up	True	502445	503673	up	1	2	37
4	ljx	f	19	1	80	diamond	red	(565, 460)	high	no	no_dis	N	dif	vert	up	True	504832	505849	up	1	2	38
4	ljx	f	19	1	80	diamond	green	(565, 619)	low	dis	(565, 460)	Y	dif	hori	left	True	506984	508225	left	1	2	39
4	ljx	f	19	1	80	circle	red	(565, 460)	high	dis	(533, 540)	N	same	hori	left	True	509379	510305	left	1	2	40
4	ljx	f	19	1	80	diamond	green	(565, 460)	high	no	no_dis	N	dif	hori	left	True	511341	512433	left	1	2	41
4	ljx	f	19	1	80	circle	red	(565, 460)	high	dis	(645, 428)	N	same	vert	up	True	513489	514713	up	1	2	42
4	ljx	f	19	1	80	circle	green	(565, 460)	high	dis	(724, 619)	N	dif	hori	left	True	515945	516953	left	1	2	43
4	ljx	f	19	1	80	circle	red	(565, 460)	high	no	no_dis	N	same	hori	left	True	518090	518840	left	1	2	44
4	ljx	f	19	1	80	circle	red	(565, 460)	high	no	no_dis	N	same	hori	left	True	520071	521497	left	1	2	45
4	ljx	f	19	1	80	circle	red	(565, 460)	high	dis	(645, 428)	N	same	vert	up	True	522663	524264	up	1	2	46
4	ljx	f	19	1	80	diamond	green	(645, 652)	low	no	no_dis	N	dif	hori	left	True	525322	526657	left	1	2	47
4	ljx	f	19	1	80	circle	red	(565, 460)	high	dis	(724, 619)	N	dif	hori	left	True	527692	528865	left	1	2	48
4	ljx	f	19	1	80	circle	red	(565, 460)	high	dis	(565, 619)	N	dif	vert	up	True	530012	531010	up	1	2	49
4	ljx	f	19	1	80	diamond	red	(565, 460)	high	no	no_dis	N	same	hori	left	True	532124	533561	left	1	2	50
4	ljx	f	19	1	80	diamond	red	(533, 540)	low	dis	(565, 460)	Y	same	vert	up	True	534598	536401	up	1	2	51
4	ljx	f	19	1	80	diamond	red	(565, 460)	high	dis	(645, 652)	N	dif	hori	left	True	537502	538633	left	1	2	52
4	ljx	f	19	1	80	diamond	red	(565, 460)	high	no	no_dis	N	dif	vert	up	True	539793	540689	up	1	2	53
4	ljx	f	19	1	80	diamond	green	(565, 460)	high	dis	(565, 619)	N	same	vert	up	True	541783	542729	up	1	2	54
4	ljx	f	19	1	80	circle	green	(565, 460)	high	no	no_dis	N	same	vert	up	True	543904	545809	up	1	2	55
4	ljx	f	19	1	80	circle	green	(565, 460)	high	no	no_dis	N	dif	vert	up	True	546963	548025	up	1	2	56
4	ljx	f	19	1	80	circle	green	(565, 460)	high	dis	(757, 540)	N	same	hori	left	True	549164	550737	left	1	2	57
4	ljx	f	19	1	80	circle	red	(757, 540)	low	dis	(724, 460)	N	same	hori	left	True	551941	553041	left	1	2	58
4	ljx	f	19	1	80	diamond	green	(757, 540)	low	no	no_dis	N	dif	vert	up	True	554079	555145	left	0	2	59
4	ljx	f	19	1	80	circle	green	(565, 460)	high	dis	(724, 460)	N	dif	vert	up	True	557855	560233	up	1	2	60
4	ljx	f	19	1	80	circle	red	(565, 460)	high	no	no_dis	N	same	vert	up	True	561316	563081	up	1	2	61
4	ljx	f	19	1	80	diamond	green	(565, 460)	high	dis	(645, 428)	N	same	hori	left	True	564088	565320	left	1	2	62
4	ljx	f	19	1	80	diamond	red	(645, 428)	low	dis	(645, 652)	N	same	hori	left	True	566331	567576	left	1	2	63
4	ljx	f	19	1	80	circle	red	(565, 460)	high	dis	(645, 652)	N	dif	vert	up	True	568612	570329	up	1	2	64
4	ljx	f	19	1	80	circle	red	(565, 460)	high	dis	(724, 619)	N	same	hori	left	True	571370	572529	left	1	2	65
4	ljx	f	19	1	80	circle	green	(645, 652)	low	dis	(565, 460)	Y	dif	hori	left	True	573643	574546	left	1	2	66
4	ljx	f	19	1	80	diamond	green	(565, 460)	high	no	no_dis	N	same	vert	up	True	575791	577065	up	1	2	67
4	ljx	f	19	1	80	circle	red	(565, 460)	high	no	no_dis	N	same	vert	up	True	578278	579761	up	1	2	68
4	ljx	f	19	1	80	circle	green	(565, 619)	low	no	no_dis	N	same	hori	left	True	580911	581921	left	1	2	69
4	ljx	f	19	1	80	circle	red	(724, 460)	low	dis	(645, 428)	N	same	hori	left	True	582963	584329	left	1	2	70
4	ljx	f	19	1	80	circle	red	(565, 460)	high	dis	(757, 540)	N	dif	hori	left	True	585441	586593	left	1	2	71
4	ljx	f	19	1	80	circle	green	(565, 460)	high	no	no_dis	N	dif	hori	left	True	587800	588801	left	1	2	72
4	ljx	f	19	1	80	diamond	green	(565, 460)	high	no	no_dis	N	same	vert	up	True	589947	590977	up	1	2	73
4	ljx	f	19	1	80	diamond	red	(565, 460)	high	dis	(724, 460)	N	dif	vert	up	True	592152	593345	up	1	2	74
4	ljx	f	19	1	80	diamond	red	(565, 460)	high	dis	(724, 460)	N	dif	vert	up	True	594527	596809	up	1	2	75
4	ljx	f	19	1	80	circle	green	(565, 460)	high	dis	(645, 428)	N	same	hori	left	True	597962	599313	left	1	2	76
4	ljx	f	19	1	80	diamond	red	(565, 460)	high	no	no_dis	N	dif	hori	left	True	600386	601809	left	1	2	77
4	ljx	f	19	1	80	circle	red	(565, 460)	high	no	no_dis	N	dif	hori	left	False	602837	None	None	0	2	78
4	ljx	f	19	1	80	circle	green	(565, 460)	high	dis	(757, 540)	N	dif	hori	left	True	608540	611360	left	1	2	79
4	ljx	f	19	1	80	diamond	green	(565, 460)	high	no	no_dis	N	same	hori	left	True	612373	614081	left	1	2	80
4	ljx	f	19	1	80	diamond	red	(565, 460)	high	dis	(533, 540)	N	same	vert	up	True	615099	616384	up	1	2	81
4	ljx	f	19	1	80	circle	green	(565, 460)	high	dis	(724, 460)	N	dif	hori	left	True	617606	619273	left	1	2	82
4	ljx	f	19	1	80	diamond	green	(565, 460)	high	dis	(645, 428)	N	same	hori	left	True	620297	621585	left	1	2	83
4	ljx	f	19	1	80	circle	green	(565, 460)	high	dis	(645, 652)	N	dif	hori	left	True	622618	624065	left	1	2	84
4	ljx	f	19	1	80	circle	green	(565, 460)	high	dis	(533, 540)	N	dif	vert	up	True	625291	627489	up	1	2	85
4	ljx	f	19	1	80	diamond	red	(645, 652)	low	no	no_dis	N	dif	vert	up	True	628618	630777	left	0	2	86
4	ljx	f	19	1	80	circle	green	(565, 460)	high	dis	(533, 540)	N	same	vert	up	True	633323	634753	up	1	2	87
4	ljx	f	19	1	80	circle	red	(565, 619)	low	dis	(757, 540)	N	dif	vert	up	True	635915	637017	up	1	2	88
4	ljx	f	19	1	80	diamond	green	(565, 460)	high	no	no_dis	N	dif	vert	up	True	638187	639401	up	1	2	89
4	ljx	f	19	1	80	diamond	red	(565, 460)	high	dis	(724, 619)	N	dif	hori	left	True	640588	641705	left	1	2	90
4	ljx	f	19	1	80	diamond	red	(565, 460)	high	dis	(533, 540)	N	dif	hori	left	True	642737	643952	left	1	2	91
4	ljx	f	19	1	80	circle	red	(565, 460)	high	dis	(565, 619)	N	same	vert	up	True	645056	646657	up	1	2	92
4	ljx	f	19	1	80	circle	red	(533, 540)	low	no	no_dis	N	same	vert	up	True	647785	649721	up	1	2	93
4	ljx	f	19	1	80	circle	green	(565, 460)	high	dis	(565, 619)	N	same	hori	left	True	650844	651817	left	1	2	94
4	ljx	f	19	1	80	circle	green	(565, 460)	high	dis	(645, 652)	N	dif	vert	up	True	652913	655105	up	1	2	95
4	ljx	f	19	1	80	diamond	green	(565, 460)	high	dis	(757, 540)	N	same	hori	left	True	656236	657665	left	1	2	96
4	ljx	f	19	1	80	circle	red	(645, 652)	low	dis	(565, 460)	Y	same	hori	left	True	658676	660680	left	1	2	97
4	ljx	f	19	1	80	diamond	green	(724, 619)	low	dis	(565, 460)	Y	dif	hori	left	True	661777	662840	left	1	2	98
4	ljx	f	19	1	80	circle	red	(565, 460)	high	no	no_dis	N	same	vert	up	True	663977	665857	up	1	2	99
4	ljx	f	19	1	80	circle	red	(645, 428)	low	no	no_dis	N	dif	hori	left	True	666942	668872	left	1	2	100
4	ljx	f	19	1	80	diamond	red	(724, 460)	low	no	no_dis	N	same	hori	left	True	669962	671425	left	1	2	101
4	ljx	f	19	1	80	diamond	green	(565, 460)	high	dis	(757, 540)	N	dif	hori	left	True	672665	673824	left	1	2	102
4	ljx	f	19	1	80	diamond	green	(565, 460)	high	dis	(645, 652)	N	same	vert	up	True	675037	676296	up	1	2	103
4	ljx	f	19	1	80	circle	red	(565, 460)	high	dis	(724, 460)	N	dif	vert	up	True	677305	679009	up	1	2	104
4	ljx	f	19	1	80	diamond	red	(565, 460)	high	dis	(533, 540)	N	same	vert	up	True	680016	681824	up	1	2	105
4	ljx	f	19	1	80	circle	red	(565, 460)	high	dis	(724, 619)	N	dif	hori	left	True	682834	684089	left	1	2	106
4	ljx	f	19	1	80	diamond	red	(565, 460)	high	dis	(533, 540)	N	dif	vert	up	True	685137	686713	up	1	2	107
4	ljx	f	19	1	80	diamond	green	(565, 460)	high	dis	(645, 652)	N	same	hori	left	True	687772	688961	left	1	2	108
4	ljx	f	19	1	80	diamond	green	(565, 460)	high	dis	(724, 619)	N	dif	vert	up	True	690104	691753	up	1	2	109
4	ljx	f	19	1	80	diamond	red	(565, 460)	high	dis	(565, 619)	N	same	vert	up	True	692822	693936	up	1	2	110
4	ljx	f	19	1	80	circle	green	(565, 460)	high	no	no_dis	N	same	hori	left	True	695181	696049	left	1	2	111
4	ljx	f	19	1	80	circle	red	(565, 460)	high	dis	(724, 619)	N	dif	vert	up	True	697116	698432	up	1	2	112
4	ljx	f	19	1	80	diamond	red	(565, 460)	high	no	no_dis	N	dif	vert	up	True	699672	700665	up	1	2	113
4	ljx	f	19	1	80	diamond	red	(565, 460)	high	dis	(645, 428)	N	same	vert	up	True	701901	703105	up	1	2	114
4	ljx	f	19	1	80	diamond	green	(565, 460)	high	dis	(533, 540)	N	same	hori	left	True	704339	705857	left	1	2	115
4	ljx	f	19	1	80	circle	green	(565, 460)	high	dis	(565, 619)	N	same	hori	left	True	706877	708185	left	1	2	116
4	ljx	f	19	1	80	diamond	red	(533, 540)	low	dis	(565, 619)	N	dif	vert	up	True	709329	711025	up	1	2	117
4	ljx	f	19	1	80	diamond	red	(565, 460)	high	dis	(724, 460)	N	dif	vert	up	True	712226	713537	up	1	2	118
4	ljx	f	19	1	80	circle	green	(724, 619)	low	no	no_dis	N	same	vert	up	True	714622	715864	up	1	2	119
4	ljx	f	19	1	80	diamond	green	(565, 460)	high	dis	(565, 619)	N	same	vert	up	True	716872	717937	up	1	2	120
4	ljx	f	19	1	80	circle	green	(565, 460)	high	dis	(645, 652)	N	same	vert	up	True	757264	758785	up	1	3	1
4	ljx	f	19	1	80	circle	green	(565, 460)	high	dis	(724, 460)	N	dif	vert	up	True	759981	761752	up	1	3	2
4	ljx	f	19	1	80	diamond	red	(724, 619)	low	no	no_dis	N	dif	hori	left	True	762939	764136	left	1	3	3
4	ljx	f	19	1	80	diamond	green	(565, 460)	high	no	no_dis	N	dif	hori	left	True	765274	766240	left	1	3	4
4	ljx	f	19	1	80	diamond	red	(565, 460)	high	no	no_dis	N	same	vert	up	True	767264	768208	up	1	3	5
4	ljx	f	19	1	80	diamond	red	(645, 652)	low	no	no_dis	N	dif	vert	up	True	769307	770896	up	1	3	6
4	ljx	f	19	1	80	diamond	red	(565, 460)	high	dis	(565, 619)	N	dif	hori	left	True	772036	772872	left	1	3	7
4	ljx	f	19	1	80	diamond	green	(565, 460)	high	dis	(724, 460)	N	dif	vert	up	True	774059	775080	up	1	3	8
4	ljx	f	19	1	80	diamond	green	(565, 460)	high	dis	(565, 619)	N	dif	hori	left	True	776185	777433	left	1	3	9
4	ljx	f	19	1	80	circle	red	(565, 460)	high	dis	(565, 619)	N	same	vert	up	True	778452	780073	up	1	3	10
4	ljx	f	19	1	80	circle	green	(565, 460)	high	dis	(724, 619)	N	same	hori	left	True	781078	782504	left	1	3	11
4	ljx	f	19	1	80	diamond	green	(565, 460)	high	dis	(533, 540)	N	dif	vert	up	True	783592	784800	up	1	3	12
4	ljx	f	19	1	80	circle	red	(565, 460)	high	dis	(724, 619)	N	same	hori	left	True	785826	787289	left	1	3	13
4	ljx	f	19	1	80	circle	green	(565, 460)	high	no	no_dis	N	same	vert	up	True	788353	789545	up	1	3	14
4	ljx	f	19	1	80	diamond	red	(565, 460)	high	dis	(645, 428)	N	dif	vert	up	True	790758	791648	up	1	3	15
4	ljx	f	19	1	80	circle	green	(565, 460)	high	dis	(645, 652)	N	same	hori	left	True	792830	793977	left	1	3	16
4	ljx	f	19	1	80	diamond	green	(565, 460)	high	dis	(757, 540)	N	dif	vert	up	True	795178	796185	up	1	3	17
4	ljx	f	19	1	80	diamond	green	(565, 460)	high	no	no_dis	N	same	hori	left	True	797201	798624	left	1	3	18
4	ljx	f	19	1	80	circle	green	(724, 619)	low	dis	(565, 460)	Y	dif	hori	left	True	799627	800897	left	1	3	19
4	ljx	f	19	1	80	circle	red	(565, 460)	high	no	no_dis	N	same	vert	up	True	802084	803208	up	1	3	20
4	ljx	f	19	1	80	circle	red	(565, 460)	high	dis	(724, 619)	N	dif	vert	up	True	804253	805337	up	1	3	21
4	ljx	f	19	1	80	circle	red	(565, 460)	high	no	no_dis	N	same	hori	left	True	806580	807489	left	1	3	22
4	ljx	f	19	1	80	circle	red	(565, 460)	high	dis	(757, 540)	N	dif	vert	up	True	808570	809729	up	1	3	23
4	ljx	f	19	1	80	circle	green	(565, 460)	high	dis	(565, 619)	N	dif	hori	left	True	810750	811585	left	1	3	24
4	ljx	f	19	1	80	circle	red	(565, 460)	high	no	no_dis	N	dif	hori	left	True	812808	813601	left	1	3	25
4	ljx	f	19	1	80	diamond	green	(565, 460)	high	no	no_dis	N	dif	vert	up	True	814845	815720	up	1	3	26
4	ljx	f	19	1	80	diamond	green	(565, 460)	high	no	no_dis	N	dif	vert	up	True	816753	817936	up	1	3	27
4	ljx	f	19	1	80	diamond	green	(565, 460)	high	dis	(533, 540)	N	dif	hori	left	True	818993	819888	left	1	3	28
4	ljx	f	19	1	80	circle	red	(565, 460)	high	dis	(724, 460)	N	dif	hori	left	True	820992	822088	left	1	3	29
4	ljx	f	19	1	80	diamond	green	(565, 460)	high	dis	(724, 460)	N	dif	hori	left	True	823166	824897	left	1	3	30
4	ljx	f	19	1	80	diamond	green	(565, 460)	high	dis	(645, 652)	N	same	hori	left	True	826013	827296	left	1	3	31
4	ljx	f	19	1	80	circle	green	(565, 460)	high	no	no_dis	N	same	vert	up	True	828447	829584	up	1	3	32
4	ljx	f	19	1	80	circle	red	(565, 460)	high	no	no_dis	N	dif	vert	up	True	830773	832840	up	1	3	33
4	ljx	f	19	1	80	diamond	green	(565, 460)	high	dis	(565, 619)	N	dif	hori	left	True	834088	835416	left	1	3	34
4	ljx	f	19	1	80	diamond	green	(565, 460)	high	dis	(724, 619)	N	dif	vert	up	True	836569	837825	up	1	3	35
4	ljx	f	19	1	80	diamond	red	(565, 460)	high	no	no_dis	N	same	vert	up	True	838908	839857	up	1	3	36
4	ljx	f	19	1	80	circle	green	(565, 460)	high	dis	(724, 460)	N	same	vert	up	True	840928	842233	up	1	3	37
4	ljx	f	19	1	80	circle	red	(565, 460)	high	dis	(724, 460)	N	dif	vert	up	True	843304	845112	up	1	3	38
4	ljx	f	19	1	80	diamond	green	(533, 540)	low	dis	(724, 619)	N	dif	vert	up	True	846351	847680	up	1	3	39
4	ljx	f	19	1	80	diamond	red	(565, 460)	high	dis	(724, 619)	N	dif	vert	up	True	848709	849648	up	1	3	40
4	ljx	f	19	1	80	circle	red	(565, 460)	high	dis	(533, 540)	N	dif	vert	up	True	850774	852105	up	1	3	41
4	ljx	f	19	1	80	diamond	green	(565, 619)	low	dis	(565, 460)	Y	same	vert	up	True	853345	854737	up	1	3	42
4	ljx	f	19	1	80	circle	red	(533, 540)	low	no	no_dis	N	dif	hori	left	True	855857	857280	left	1	3	43
4	ljx	f	19	1	80	diamond	red	(565, 460)	high	no	no_dis	N	same	hori	left	True	858513	859832	left	1	3	44
4	ljx	f	19	1	80	circle	green	(565, 460)	high	dis	(757, 540)	N	dif	vert	up	True	861011	862240	up	1	3	45
4	ljx	f	19	1	80	diamond	red	(565, 460)	high	dis	(533, 540)	N	same	vert	up	True	863326	865032	up	1	3	46
4	ljx	f	19	1	80	circle	green	(565, 460)	high	dis	(724, 619)	N	dif	hori	left	True	866268	867528	left	1	3	47
4	ljx	f	19	1	80	diamond	green	(565, 460)	high	no	no_dis	N	dif	vert	up	True	868770	870369	left	0	3	48
4	ljx	f	19	1	80	diamond	red	(724, 619)	low	dis	(565, 460)	Y	dif	hori	left	True	873080	874432	left	1	3	49
4	ljx	f	19	1	80	circle	green	(724, 460)	low	dis	(565, 460)	Y	same	vert	up	True	875508	877529	up	1	3	50
4	ljx	f	19	1	80	circle	green	(645, 652)	low	dis	(533, 540)	N	dif	hori	left	True	878639	879944	left	1	3	51
4	ljx	f	19	1	80	diamond	green	(645, 652)	low	dis	(645, 428)	N	same	hori	left	True	881130	882848	left	1	3	52
4	ljx	f	19	1	80	diamond	green	(565, 460)	high	dis	(724, 619)	N	dif	vert	up	True	884052	885144	up	1	3	53
4	ljx	f	19	1	80	diamond	green	(565, 460)	high	dis	(565, 619)	N	same	vert	up	True	886247	887160	up	1	3	54
4	ljx	f	19	1	80	diamond	red	(565, 460)	high	no	no_dis	N	dif	vert	up	True	888271	889600	up	1	3	55
4	ljx	f	19	1	80	diamond	green	(565, 460)	high	dis	(645, 428)	N	dif	vert	up	True	890803	892184	up	1	3	56
4	ljx	f	19	1	80	diamond	red	(565, 460)	high	dis	(645, 428)	N	same	vert	up	True	893238	894777	up	1	3	57
4	ljx	f	19	1	80	diamond	red	(565, 460)	high	dis	(645, 652)	N	dif	hori	left	True	895966	897560	left	1	3	58
4	ljx	f	19	1	80	diamond	green	(565, 460)	high	dis	(533, 540)	N	same	hori	left	True	898586	899689	left	1	3	59
4	ljx	f	19	1	80	diamond	red	(565, 460)	high	dis	(645, 652)	N	same	vert	up	True	900812	901648	up	1	3	60
4	ljx	f	19	1	80	circle	red	(565, 460)	high	dis	(757, 540)	N	same	vert	up	True	902884	903737	up	1	3	61
4	ljx	f	19	1	80	circle	red	(565, 460)	high	no	no_dis	N	same	vert	up	True	904772	905680	up	1	3	62
4	ljx	f	19	1	80	circle	red	(565, 460)	high	dis	(565, 619)	N	same	hori	left	True	906688	908048	left	1	3	63
4	ljx	f	19	1	80	circle	red	(565, 460)	high	dis	(757, 540)	N	dif	hori	left	True	909083	909848	left	1	3	64
4	ljx	f	19	1	80	circle	green	(565, 460)	high	no	no_dis	N	same	hori	left	True	911032	912584	left	1	3	65
4	ljx	f	19	1	80	diamond	red	(565, 460)	high	no	no_dis	N	same	vert	up	True	913650	915656	up	1	3	66
4	ljx	f	19	1	80	circle	green	(565, 460)	high	dis	(724, 460)	N	same	vert	up	True	916716	917768	up	1	3	67
4	ljx	f	19	1	80	circle	green	(565, 460)	high	dis	(757, 540)	N	same	hori	left	True	919018	920128	left	1	3	68
4	ljx	f	19	1	80	circle	green	(565, 460)	high	dis	(757, 540)	N	dif	vert	up	True	921356	922448	up	1	3	69
4	ljx	f	19	1	80	diamond	red	(565, 460)	high	no	no_dis	N	dif	vert	up	True	923544	924392	up	1	3	70
4	ljx	f	19	1	80	diamond	red	(565, 460)	high	dis	(724, 460)	N	dif	hori	left	True	925419	926256	left	1	3	71
4	ljx	f	19	1	80	diamond	green	(565, 460)	high	no	no_dis	N	same	hori	left	True	927401	928944	left	1	3	72
4	ljx	f	19	1	80	circle	red	(645, 652)	low	dis	(565, 460)	Y	dif	hori	left	True	930071	931192	left	1	3	73
4	ljx	f	19	1	80	circle	green	(645, 428)	low	dis	(757, 540)	N	same	vert	up	True	932270	933969	up	1	3	74
4	ljx	f	19	1	80	circle	red	(565, 460)	high	dis	(645, 652)	N	same	hori	left	True	935099	936688	left	1	3	75
4	ljx	f	19	1	80	diamond	red	(565, 460)	high	dis	(645, 428)	N	same	hori	left	True	937803	939320	left	1	3	76
4	ljx	f	19	1	80	circle	red	(645, 428)	low	no	no_dis	N	same	vert	up	True	940546	941728	up	1	3	77
4	ljx	f	19	1	80	circle	red	(757, 540)	low	dis	(565, 460)	Y	same	hori	left	True	942874	943776	left	1	3	78
4	ljx	f	19	1	80	diamond	green	(565, 460)	high	dis	(565, 619)	N	same	hori	left	True	944925	946024	left	1	3	79
4	ljx	f	19	1	80	diamond	red	(565, 460)	high	dis	(724, 619)	N	same	hori	left	True	947206	948336	left	1	3	80
4	ljx	f	19	1	80	diamond	red	(645, 428)	low	dis	(565, 460)	Y	dif	vert	up	True	949390	951256	up	1	3	81
4	ljx	f	19	1	80	diamond	green	(565, 460)	high	dis	(757, 540)	N	same	hori	left	True	952371	953624	left	1	3	82
4	ljx	f	19	1	80	circle	red	(565, 460)	high	no	no_dis	N	dif	hori	left	True	954661	955960	left	1	3	83
4	ljx	f	19	1	80	diamond	red	(565, 460)	high	dis	(645, 428)	N	same	hori	left	True	957096	958488	left	1	3	84
4	ljx	f	19	1	80	diamond	green	(565, 460)	high	dis	(533, 540)	N	same	vert	up	True	959594	961144	up	1	3	85
4	ljx	f	19	1	80	circle	red	(565, 460)	high	dis	(645, 428)	N	same	vert	up	True	962261	963345	up	1	3	86
4	ljx	f	19	1	80	circle	red	(565, 460)	high	dis	(565, 619)	N	dif	hori	left	True	964511	965504	left	1	3	87
4	ljx	f	19	1	80	circle	green	(565, 460)	high	no	no_dis	N	same	vert	up	True	966617	967536	up	1	3	88
4	ljx	f	19	1	80	circle	green	(565, 460)	high	no	no_dis	N	dif	vert	up	True	968600	970648	up	1	3	89
4	ljx	f	19	1	80	circle	green	(565, 460)	high	no	no_dis	N	dif	hori	left	True	971699	973528	left	1	3	90
4	ljx	f	19	1	80	diamond	green	(565, 619)	low	no	no_dis	N	same	hori	left	True	974690	975705	left	1	3	91
4	ljx	f	19	1	80	diamond	green	(757, 540)	low	dis	(724, 460)	N	same	hori	left	True	976819	977800	left	1	3	92
4	ljx	f	19	1	80	diamond	red	(565, 460)	high	no	no_dis	N	dif	hori	left	True	979023	980120	left	1	3	93
4	ljx	f	19	1	80	circle	red	(565, 460)	high	no	no_dis	N	dif	hori	left	True	981135	982176	left	1	3	94
4	ljx	f	19	1	80	circle	green	(565, 460)	high	dis	(645, 652)	N	dif	vert	up	True	983424	984968	up	1	3	95
4	ljx	f	19	1	80	circle	red	(724, 460)	low	dis	(565, 460)	Y	same	vert	up	True	986045	987304	up	1	3	96
4	ljx	f	19	1	80	circle	green	(565, 460)	high	no	no_dis	N	dif	hori	left	True	988424	989552	left	1	3	97
4	ljx	f	19	1	80	circle	green	(565, 460)	high	no	no_dis	N	dif	vert	up	True	990770	992376	up	1	3	98
4	ljx	f	19	1	80	circle	green	(565, 460)	high	dis	(645, 652)	N	dif	hori	left	True	993624	994592	left	1	3	99
4	ljx	f	19	1	80	diamond	green	(645, 428)	low	no	no_dis	N	same	vert	up	True	995787	996648	up	1	3	100
4	ljx	f	19	1	80	circle	green	(724, 460)	low	no	no_dis	N	same	hori	left	True	997847	998880	left	1	3	101
4	ljx	f	19	1	80	diamond	red	(565, 460)	high	dis	(724, 619)	N	same	vert	up	True	1000134	1001424	up	1	3	102
4	ljx	f	19	1	80	diamond	green	(565, 460)	high	no	no_dis	N	dif	hori	left	True	1002566	1004000	left	1	3	103
4	ljx	f	19	1	80	circle	green	(565, 460)	high	dis	(533, 540)	N	same	vert	up	True	1005076	1006416	up	1	3	104
4	ljx	f	19	1	80	diamond	red	(757, 540)	low	dis	(565, 460)	Y	dif	vert	up	True	1007666	1009432	up	1	3	105
4	ljx	f	19	1	80	circle	red	(565, 460)	high	dis	(645, 652)	N	dif	hori	left	True	1010656	1011640	left	1	3	106
4	ljx	f	19	1	80	circle	red	(565, 460)	high	no	no_dis	N	same	hori	left	True	1012883	1013880	left	1	3	107
4	ljx	f	19	1	80	diamond	red	(565, 460)	high	dis	(645, 428)	N	same	hori	left	True	1014999	1016016	left	1	3	108
4	ljx	f	19	1	80	diamond	red	(565, 460)	high	dis	(724, 460)	N	same	hori	left	True	1017073	1017968	left	1	3	109
4	ljx	f	19	1	80	diamond	red	(565, 460)	high	dis	(645, 428)	N	same	vert	up	True	1019092	1020112	up	1	3	110
4	ljx	f	19	1	80	diamond	red	(565, 460)	high	dis	(533, 540)	N	dif	hori	left	True	1021354	1022984	left	1	3	111
4	ljx	f	19	1	80	circle	red	(565, 460)	high	dis	(533, 540)	N	same	vert	up	True	1024025	1025232	up	1	3	112
4	ljx	f	19	1	80	diamond	red	(533, 540)	low	dis	(565, 619)	N	same	hori	left	True	1026308	1028696	left	1	3	113
4	ljx	f	19	1	80	circle	red	(565, 460)	high	dis	(645, 428)	N	dif	hori	left	True	1029775	1031232	left	1	3	114
4	ljx	f	19	1	80	circle	red	(565, 619)	low	dis	(565, 460)	Y	dif	vert	up	True	1032279	1033496	up	1	3	115
4	ljx	f	19	1	80	circle	green	(757, 540)	low	no	no_dis	N	dif	vert	up	True	1034726	1035808	up	1	3	116
4	ljx	f	19	1	80	circle	green	(565, 460)	high	dis	(645, 652)	N	same	vert	up	True	1036993	1037881	up	1	3	117
4	ljx	f	19	1	80	circle	green	(565, 460)	high	dis	(757, 540)	N	same	hori	left	True	1039033	1040336	left	1	3	118
4	ljx	f	19	1	80	diamond	red	(565, 460)	high	no	no_dis	N	same	hori	left	True	1041494	1042952	left	1	3	119
4	ljx	f	19	1	80	diamond	green	(565, 460)	high	no	no_dis	N	same	hori	left	True	1044002	1045576	left	1	3	120
4	ljx	f	19	1	80	diamond	green	(645, 652)	low	dis	(565, 460)	Y	dif	hori	left	True	1078982	1080392	left	1	4	1
4	ljx	f	19	1	80	circle	green	(565, 460)	high	no	no_dis	N	same	vert	up	True	1081538	1082544	up	1	4	2
4	ljx	f	19	1	80	diamond	green	(565, 460)	high	dis	(645, 428)	N	same	vert	up	True	1083569	1084824	up	1	4	3
4	ljx	f	19	1	80	circle	green	(565, 460)	high	dis	(724, 619)	N	dif	hori	left	True	1085832	1086824	left	1	4	4
4	ljx	f	19	1	80	circle	green	(724, 460)	low	dis	(757, 540)	N	same	vert	up	True	1088061	1089160	up	1	4	5
4	ljx	f	19	1	80	circle	green	(565, 460)	high	no	no_dis	N	same	vert	up	True	1090335	1091856	up	1	4	6
4	ljx	f	19	1	80	diamond	red	(565, 460)	high	dis	(645, 652)	N	dif	vert	up	True	1092903	1094583	left	0	4	7
4	ljx	f	19	1	80	diamond	red	(565, 460)	high	no	no_dis	N	same	vert	up	True	1097161	1098048	up	1	4	8
4	ljx	f	19	1	80	circle	red	(565, 460)	high	dis	(724, 460)	N	dif	hori	left	True	1099239	1100471	left	1	4	9
4	ljx	f	19	1	80	diamond	red	(565, 460)	high	dis	(533, 540)	N	same	hori	left	True	1101497	1102520	left	1	4	10
4	ljx	f	19	1	80	diamond	red	(565, 460)	high	dis	(645, 652)	N	same	hori	left	True	1103572	1104456	left	1	4	11
4	ljx	f	19	1	80	circle	red	(724, 460)	low	dis	(565, 460)	Y	same	vert	up	True	1105544	1107080	up	1	4	12
4	ljx	f	19	1	80	diamond	red	(724, 619)	low	dis	(565, 619)	N	dif	vert	up	True	1108176	1109448	up	1	4	13
4	ljx	f	19	1	80	diamond	green	(757, 540)	low	dis	(645, 428)	N	same	hori	left	True	1110542	1112024	left	1	4	14
4	ljx	f	19	1	80	diamond	green	(565, 460)	high	dis	(645, 428)	N	same	vert	up	True	1113177	1114608	up	1	4	15
4	ljx	f	19	1	80	circle	red	(757, 540)	low	dis	(565, 460)	Y	same	hori	left	True	1115636	1116816	left	1	4	16
4	ljx	f	19	1	80	circle	green	(565, 619)	low	no	no_dis	N	same	vert	up	True	1118048	1119199	up	1	4	17
4	ljx	f	19	1	80	diamond	red	(565, 460)	high	no	no_dis	N	same	hori	left	True	1120216	1122216	left	1	4	18
4	ljx	f	19	1	80	diamond	green	(533, 540)	low	no	no_dis	N	dif	hori	left	True	1123243	1124392	left	1	4	19
4	ljx	f	19	1	80	diamond	red	(565, 460)	high	dis	(533, 540)	N	dif	vert	up	True	1125402	1126695	up	1	4	20
4	ljx	f	19	1	80	diamond	red	(565, 460)	high	no	no_dis	N	same	vert	up	True	1127940	1129696	up	1	4	21
4	ljx	f	19	1	80	circle	green	(724, 460)	low	no	no_dis	N	same	hori	left	True	1130699	1131856	left	1	4	22
4	ljx	f	19	1	80	circle	red	(565, 460)	high	dis	(757, 540)	N	dif	vert	up	True	1133016	1134144	up	1	4	23
4	ljx	f	19	1	80	diamond	red	(565, 460)	high	dis	(724, 619)	N	dif	vert	up	True	1135256	1136728	up	1	4	24
4	ljx	f	19	1	80	circle	red	(645, 652)	low	no	no_dis	N	same	hori	left	True	1137880	1139343	left	1	4	25
4	ljx	f	19	1	80	diamond	red	(565, 460)	high	dis	(645, 652)	N	dif	vert	up	True	1140523	1141912	up	1	4	26
4	ljx	f	19	1	80	circle	red	(565, 460)	high	dis	(724, 460)	N	dif	vert	up	True	1143116	1144615	up	1	4	27
4	ljx	f	19	1	80	circle	red	(565, 460)	high	dis	(565, 619)	N	same	hori	left	True	1145679	1146648	left	1	4	28
4	ljx	f	19	1	80	diamond	red	(565, 460)	high	dis	(565, 619)	N	same	vert	up	True	1147753	1149024	up	1	4	29
4	ljx	f	19	1	80	diamond	red	(565, 460)	high	dis	(645, 652)	N	dif	vert	up	True	1150170	1151104	up	1	4	30
4	ljx	f	19	1	80	circle	red	(565, 460)	high	dis	(757, 540)	N	dif	vert	up	True	1152260	1153368	up	1	4	31
4	ljx	f	19	1	80	diamond	green	(565, 460)	high	dis	(645, 428)	N	dif	vert	up	True	1154570	1155688	up	1	4	32
4	ljx	f	19	1	80	diamond	red	(757, 540)	low	dis	(565, 460)	Y	dif	vert	up	True	1156692	1158127	up	1	4	33
4	ljx	f	19	1	80	circle	green	(645, 428)	low	dis	(565, 460)	Y	same	hori	left	True	1159323	1161560	up	0	4	34
4	ljx	f	19	1	80	circle	green	(565, 460)	high	dis	(533, 540)	N	same	hori	left	True	1164230	1165840	left	1	4	35
4	ljx	f	19	1	80	circle	green	(565, 460)	high	no	no_dis	N	dif	vert	up	True	1167086	1168504	up	1	4	36
4	ljx	f	19	1	80	circle	green	(565, 460)	high	dis	(565, 619)	N	dif	hori	left	True	1169551	1170736	left	1	4	37
4	ljx	f	19	1	80	circle	red	(565, 460)	high	no	no_dis	N	dif	vert	up	True	1171818	1173592	up	1	4	38
4	ljx	f	19	1	80	circle	red	(565, 460)	high	dis	(724, 460)	N	same	vert	up	True	1174708	1176864	up	1	4	39
4	ljx	f	19	1	80	circle	red	(565, 460)	high	no	no_dis	N	dif	hori	left	True	1177905	1178991	left	1	4	40
4	ljx	f	19	1	80	circle	red	(565, 460)	high	no	no_dis	N	dif	hori	left	True	1180082	1181000	left	1	4	41
4	ljx	f	19	1	80	circle	red	(565, 460)	high	no	no_dis	N	same	hori	left	True	1182105	1183104	left	1	4	42
4	ljx	f	19	1	80	diamond	green	(565, 460)	high	dis	(757, 540)	N	same	hori	left	True	1184295	1185855	left	1	4	43
4	ljx	f	19	1	80	circle	green	(565, 460)	high	no	no_dis	N	dif	hori	left	True	1187077	1188127	left	1	4	44
4	ljx	f	19	1	80	diamond	green	(565, 460)	high	dis	(724, 460)	N	dif	hori	left	True	1189199	1191095	left	1	4	45
4	ljx	f	19	1	80	circle	red	(565, 460)	high	no	no_dis	N	dif	hori	left	True	1192231	1193104	left	1	4	46
4	ljx	f	19	1	80	diamond	red	(645, 428)	low	dis	(565, 460)	Y	dif	vert	up	True	1194330	1195808	up	1	4	47
4	ljx	f	19	1	80	circle	red	(645, 428)	low	no	no_dis	N	dif	vert	up	True	1196972	1198880	up	1	4	48
4	ljx	f	19	1	80	circle	green	(565, 460)	high	dis	(757, 540)	N	dif	vert	up	True	1200108	1201216	up	1	4	49
4	ljx	f	19	1	80	diamond	green	(565, 460)	high	no	no_dis	N	same	hori	left	True	1202226	1204231	left	1	4	50
4	ljx	f	19	1	80	circle	green	(565, 460)	high	dis	(533, 540)	N	same	hori	left	True	1205469	1206648	left	1	4	51
4	ljx	f	19	1	80	diamond	red	(565, 460)	high	no	no_dis	N	dif	hori	left	True	1207794	1208832	left	1	4	52
4	ljx	f	19	1	80	diamond	green	(565, 460)	high	dis	(724, 619)	N	dif	hori	left	True	1210080	1211128	left	1	4	53
4	ljx	f	19	1	80	circle	green	(565, 460)	high	no	no_dis	N	same	hori	left	True	1212142	1213039	left	1	4	54
4	ljx	f	19	1	80	circle	green	(724, 619)	low	dis	(645, 652)	N	same	vert	up	True	1214265	1215488	up	1	4	55
4	ljx	f	19	1	80	diamond	red	(565, 460)	high	no	no_dis	N	dif	hori	left	True	1216535	1217592	left	1	4	56
4	ljx	f	19	1	80	diamond	green	(565, 460)	high	no	no_dis	N	dif	vert	up	True	1218769	1220184	up	1	4	57
4	ljx	f	19	1	80	diamond	green	(565, 460)	high	no	no_dis	N	same	vert	up	True	1221315	1222255	up	1	4	58
4	ljx	f	19	1	80	circle	red	(565, 460)	high	dis	(645, 652)	N	dif	vert	up	True	1223406	1224688	up	1	4	59
4	ljx	f	19	1	80	circle	red	(565, 460)	high	no	no_dis	N	same	vert	up	True	1225858	1227023	up	1	4	60
4	ljx	f	19	1	80	diamond	red	(724, 619)	low	no	no_dis	N	same	vert	up	True	1228045	1230152	left	0	4	61
4	ljx	f	19	1	80	diamond	red	(565, 460)	high	dis	(724, 619)	N	same	hori	left	True	1232902	1234320	left	1	4	62
4	ljx	f	19	1	80	circle	red	(565, 460)	high	dis	(645, 428)	N	dif	hori	left	True	1235498	1236368	left	1	4	63
4	ljx	f	19	1	80	diamond	red	(565, 460)	high	dis	(565, 619)	N	same	hori	left	True	1237559	1239056	left	1	4	64
4	ljx	f	19	1	80	circle	red	(565, 460)	high	no	no_dis	N	same	vert	up	True	1240277	1241376	up	1	4	65
4	ljx	f	19	1	80	circle	red	(565, 460)	high	dis	(645, 428)	N	dif	vert	up	True	1242458	1243632	up	1	4	66
4	ljx	f	19	1	80	diamond	red	(533, 540)	low	dis	(565, 460)	Y	dif	hori	left	True	1244635	1246400	left	1	4	67
4	ljx	f	19	1	80	diamond	green	(565, 460)	high	dis	(533, 540)	N	same	hori	left	True	1247473	1250088	left	1	4	68
4	ljx	f	19	1	80	diamond	red	(565, 460)	high	dis	(533, 540)	N	dif	hori	left	True	1251195	1252319	left	1	4	69
4	ljx	f	19	1	80	diamond	green	(565, 460)	high	no	no_dis	N	same	hori	left	True	1253449	1254711	left	1	4	70
4	ljx	f	19	1	80	diamond	green	(565, 619)	low	dis	(533, 540)	N	dif	hori	left	True	1255771	1257080	left	1	4	71
4	ljx	f	19	1	80	circle	green	(565, 460)	high	dis	(724, 619)	N	same	hori	left	True	1258309	1259447	left	1	4	72
4	ljx	f	19	1	80	circle	green	(645, 652)	low	dis	(724, 460)	N	dif	hori	left	True	1260672	1261559	left	1	4	73
4	ljx	f	19	1	80	circle	red	(565, 460)	high	dis	(533, 540)	N	same	vert	up	True	1262743	1263855	up	1	4	74
4	ljx	f	19	1	80	diamond	red	(565, 460)	high	dis	(757, 540)	N	same	vert	up	True	1265037	1266808	up	1	4	75
4	ljx	f	19	1	80	diamond	green	(565, 460)	high	dis	(645, 428)	N	same	vert	up	True	1267830	1269536	left	0	4	76
4	ljx	f	19	1	80	circle	red	(565, 460)	high	dis	(724, 619)	N	same	vert	up	True	1272103	1273064	up	1	4	77
4	ljx	f	19	1	80	circle	green	(565, 460)	high	dis	(565, 619)	N	dif	hori	left	True	1274300	1276168	left	1	4	78
4	ljx	f	19	1	80	circle	green	(565, 460)	high	dis	(757, 540)	N	dif	hori	left	True	1277219	1278391	left	1	4	79
4	ljx	f	19	1	80	diamond	red	(565, 460)	high	no	no_dis	N	dif	hori	left	True	1279589	1281007	left	1	4	80
4	ljx	f	19	1	80	diamond	green	(565, 460)	high	no	no_dis	N	same	hori	left	True	1282247	1283703	left	1	4	81
4	ljx	f	19	1	80	circle	red	(565, 460)	high	dis	(565, 619)	N	same	vert	up	True	1284737	1285912	up	1	4	82
4	ljx	f	19	1	80	diamond	green	(565, 460)	high	dis	(565, 619)	N	same	hori	left	True	1287085	1287895	left	1	4	83
4	ljx	f	19	1	80	circle	red	(565, 619)	low	dis	(565, 460)	Y	same	vert	up	True	1289039	1291703	up	1	4	84
4	ljx	f	19	1	80	circle	green	(565, 460)	high	dis	(724, 460)	N	same	vert	up	True	1292877	1293935	up	1	4	85
4	ljx	f	19	1	80	diamond	red	(565, 460)	high	dis	(757, 540)	N	same	hori	left	True	1295108	1296559	left	1	4	86
4	ljx	f	19	1	80	diamond	green	(565, 460)	high	dis	(724, 460)	N	same	vert	up	True	1297575	1298415	up	1	4	87
4	ljx	f	19	1	80	circle	green	(565, 460)	high	no	no_dis	N	dif	vert	up	True	1299532	1300679	up	1	4	88
4	ljx	f	19	1	80	diamond	green	(565, 460)	high	dis	(724, 619)	N	same	vert	up	True	1301895	1302943	up	1	4	89
4	ljx	f	19	1	80	diamond	red	(565, 460)	high	dis	(645, 428)	N	dif	vert	up	True	1304071	1305320	up	1	4	90
4	ljx	f	19	1	80	diamond	green	(565, 460)	high	dis	(533, 540)	N	same	hori	left	True	1306437	1307431	left	1	4	91
4	ljx	f	19	1	80	diamond	red	(565, 460)	high	dis	(565, 619)	N	same	vert	up	True	1308682	1309911	up	1	4	92
4	ljx	f	19	1	80	circle	red	(565, 460)	high	dis	(757, 540)	N	same	hori	left	True	1311057	1312247	left	1	4	93
4	ljx	f	19	1	80	circle	red	(565, 460)	high	dis	(645, 428)	N	dif	vert	up	True	1313466	1314543	up	1	4	94
4	ljx	f	19	1	80	diamond	red	(565, 460)	high	dis	(724, 619)	N	dif	hori	left	True	1315738	1316608	left	1	4	95
4	ljx	f	19	1	80	circle	red	(565, 460)	high	dis	(724, 460)	N	dif	vert	up	True	1317670	1319328	up	1	4	96
4	ljx	f	19	1	80	circle	green	(565, 460)	high	dis	(645, 652)	N	dif	hori	left	True	1320421	1321728	left	1	4	97
4	ljx	f	19	1	80	circle	red	(565, 460)	high	no	no_dis	N	dif	hori	left	True	1322855	1324015	left	1	4	98
4	ljx	f	19	1	80	circle	red	(645, 652)	low	dis	(565, 460)	Y	same	hori	left	True	1325143	1326072	left	1	4	99
4	ljx	f	19	1	80	circle	green	(565, 460)	high	no	no_dis	N	dif	vert	up	True	1327253	1329304	up	1	4	100
4	ljx	f	19	1	80	diamond	green	(565, 460)	high	dis	(645, 652)	N	same	hori	left	True	1330372	1331671	left	1	4	101
4	ljx	f	19	1	80	circle	green	(565, 460)	high	dis	(724, 460)	N	dif	hori	left	True	1332816	1334088	left	1	4	102
4	ljx	f	19	1	80	diamond	green	(565, 460)	high	dis	(724, 460)	N	same	vert	up	True	1335127	1336015	left	0	4	103
4	ljx	f	19	1	80	circle	green	(565, 460)	high	dis	(724, 619)	N	same	vert	up	True	1338688	1339711	up	1	4	104
4	ljx	f	19	1	80	diamond	green	(565, 460)	high	dis	(724, 619)	N	same	hori	left	True	1340768	1341807	left	1	4	105
4	ljx	f	19	1	80	circle	red	(565, 460)	high	dis	(645, 428)	N	dif	hori	left	True	1342902	1344048	left	1	4	106
4	ljx	f	19	1	80	circle	green	(565, 460)	high	dis	(565, 619)	N	dif	hori	left	True	1345215	1346335	left	1	4	107
4	ljx	f	19	1	80	circle	green	(565, 460)	high	dis	(645, 652)	N	dif	vert	up	True	1347553	1348551	up	1	4	108
4	ljx	f	19	1	80	diamond	green	(533, 540)	low	dis	(565, 460)	Y	dif	vert	up	True	1349624	1351232	up	1	4	109
4	ljx	f	19	1	80	circle	green	(565, 460)	high	dis	(533, 540)	N	same	vert	up	True	1352339	1353608	up	1	4	110
4	ljx	f	19	1	80	diamond	green	(565, 460)	high	no	no_dis	N	same	vert	up	True	1354824	1355799	up	1	4	111
4	ljx	f	19	1	80	circle	green	(565, 460)	high	no	no_dis	N	same	hori	left	True	1356854	1358264	left	1	4	112
4	ljx	f	19	1	80	circle	green	(565, 460)	high	dis	(757, 540)	N	dif	hori	left	True	1359315	1360552	left	1	4	113
4	ljx	f	19	1	80	diamond	green	(565, 460)	high	no	no_dis	N	dif	vert	up	True	1361734	1362535	up	1	4	114
4	ljx	f	19	1	80	diamond	red	(565, 460)	high	no	no_dis	N	same	hori	left	True	1363723	1364815	left	1	4	115
4	ljx	f	19	1	80	diamond	green	(757, 540)	low	no	no_dis	N	dif	vert	up	True	1366019	1367064	up	1	4	116
4	ljx	f	19	1	80	diamond	red	(565, 460)	high	no	no_dis	N	dif	vert	up	True	1368149	1369015	up	1	4	117
4	ljx	f	19	1	80	diamond	green	(565, 460)	high	dis	(645, 652)	N	dif	hori	left	True	1370168	1371719	left	1	4	118
4	ljx	f	19	1	80	diamond	green	(565, 460)	high	no	no_dis	N	dif	vert	up	True	1372734	1374335	up	1	4	119
4	ljx	f	19	1	80	diamond	red	(565, 619)	low	no	no_dis	N	dif	hori	left	True	1375375	1377015	left	1	4	120
4	ljx	f	19	1	80	circle	green	(565, 460)	high	dis	(724, 460)	N	dif	hori	left	True	1410343	1411495	left	1	5	1
4	ljx	f	19	1	80	diamond	green	(565, 460)	high	dis	(565, 619)	N	dif	hori	left	True	1412584	1413855	left	1	5	2
4	ljx	f	19	1	80	diamond	green	(565, 619)	low	dis	(565, 460)	Y	same	hori	left	True	1415044	1416656	left	1	5	3
4	ljx	f	19	1	80	diamond	green	(565, 460)	high	dis	(645, 428)	N	dif	vert	up	True	1417875	1418711	up	1	5	4
4	ljx	f	19	1	80	circle	green	(565, 460)	high	no	no_dis	N	dif	vert	up	True	1419937	1421016	up	1	5	5
4	ljx	f	19	1	80	diamond	green	(565, 460)	high	dis	(724, 460)	N	dif	vert	up	True	1422124	1422959	up	1	5	6
4	ljx	f	19	1	80	circle	green	(565, 460)	high	dis	(533, 540)	N	same	hori	left	True	1424136	1425511	left	1	5	7
4	ljx	f	19	1	80	diamond	red	(565, 460)	high	dis	(724, 619)	N	dif	vert	up	True	1426725	1427639	up	1	5	8
4	ljx	f	19	1	80	circle	red	(724, 460)	low	dis	(565, 619)	N	same	hori	left	True	1428741	1430023	left	1	5	9
4	ljx	f	19	1	80	diamond	red	(565, 460)	high	no	no_dis	N	dif	hori	left	True	1431261	1432527	left	1	5	10
4	ljx	f	19	1	80	circle	red	(565, 460)	high	dis	(757, 540)	N	same	hori	left	True	1433633	1434535	left	1	5	11
4	ljx	f	19	1	80	circle	red	(565, 619)	low	dis	(645, 652)	N	same	hori	left	True	1435749	1436687	left	1	5	12
4	ljx	f	19	1	80	circle	red	(565, 460)	high	dis	(645, 428)	N	dif	vert	up	True	1437779	1439407	up	1	5	13
4	ljx	f	19	1	80	diamond	green	(565, 460)	high	dis	(724, 460)	N	same	hori	left	True	1440597	1441535	left	1	5	14
4	ljx	f	19	1	80	circle	red	(565, 460)	high	dis	(724, 619)	N	same	hori	left	True	1442784	1443847	left	1	5	15
4	ljx	f	19	1	80	circle	green	(565, 460)	high	dis	(533, 540)	N	dif	hori	left	True	1445022	1445952	left	1	5	16
4	ljx	f	19	1	80	diamond	red	(724, 460)	low	dis	(565, 460)	Y	same	vert	up	True	1447141	1448671	up	1	5	17
4	ljx	f	19	1	80	circle	green	(565, 460)	high	dis	(724, 619)	N	same	vert	up	True	1449700	1450959	up	1	5	18
4	ljx	f	19	1	80	circle	red	(757, 540)	low	no	no_dis	N	dif	vert	up	True	1452015	1453023	up	1	5	19
4	ljx	f	19	1	80	circle	red	(565, 460)	high	dis	(533, 540)	N	same	hori	left	True	1454229	1455831	left	1	5	20
4	ljx	f	19	1	80	circle	red	(565, 460)	high	no	no_dis	N	dif	hori	left	True	1456935	1458063	left	1	5	21
4	ljx	f	19	1	80	circle	green	(565, 460)	high	dis	(724, 460)	N	dif	vert	up	True	1459242	1461319	up	1	5	22
4	ljx	f	19	1	80	diamond	green	(565, 460)	high	dis	(645, 652)	N	same	hori	left	True	1462494	1463567	left	1	5	23
4	ljx	f	19	1	80	circle	green	(565, 460)	high	no	no_dis	N	same	vert	up	True	1464704	1465863	up	1	5	24
4	ljx	f	19	1	80	circle	red	(565, 460)	high	dis	(645, 652)	N	same	hori	left	True	1466872	1467767	left	1	5	25
4	ljx	f	19	1	80	diamond	green	(565, 460)	high	no	no_dis	N	same	hori	left	True	1468883	1469751	left	1	5	26
4	ljx	f	19	1	80	circle	green	(565, 460)	high	no	no_dis	N	dif	hori	left	True	1470836	1472071	left	1	5	27
4	ljx	f	19	1	80	diamond	red	(565, 460)	high	dis	(565, 619)	N	dif	hori	left	True	1473284	1474904	left	1	5	28
4	ljx	f	19	1	80	diamond	green	(724, 619)	low	no	no_dis	N	same	vert	up	True	1475925	1476935	up	1	5	29
4	ljx	f	19	1	80	circle	red	(565, 460)	high	dis	(757, 540)	N	same	hori	left	True	1477954	1478887	left	1	5	30
4	ljx	f	19	1	80	circle	green	(565, 460)	high	dis	(533, 540)	N	dif	hori	left	True	1480067	1481103	left	1	5	31
4	ljx	f	19	1	80	diamond	green	(565, 460)	high	dis	(645, 428)	N	same	hori	left	True	1482297	1483183	left	1	5	32
4	ljx	f	19	1	80	diamond	red	(645, 428)	low	dis	(565, 460)	Y	dif	hori	left	True	1484254	1485927	left	1	5	33
4	ljx	f	19	1	80	circle	green	(533, 540)	low	no	no_dis	N	same	vert	up	True	1487053	1488223	up	1	5	34
4	ljx	f	19	1	80	diamond	green	(565, 460)	high	dis	(757, 540)	N	dif	vert	up	True	1489288	1490431	up	1	5	35
4	ljx	f	19	1	80	circle	green	(565, 460)	high	dis	(757, 540)	N	dif	hori	left	True	1491673	1492559	left	1	5	36
4	ljx	f	19	1	80	circle	green	(645, 652)	low	dis	(565, 460)	Y	same	vert	up	True	1493634	1494887	up	1	5	37
4	ljx	f	19	1	80	diamond	red	(565, 460)	high	dis	(645, 428)	N	same	vert	up	True	1496086	1497207	up	1	5	38
4	ljx	f	19	1	80	circle	red	(757, 540)	low	dis	(724, 619)	N	same	vert	up	True	1498234	1499647	up	1	5	39
4	ljx	f	19	1	80	diamond	green	(565, 460)	high	dis	(724, 619)	N	dif	vert	up	True	1500692	1502479	up	1	5	40
4	ljx	f	19	1	80	diamond	red	(565, 460)	high	dis	(724, 460)	N	same	hori	left	True	1503638	1504463	left	1	5	41
4	ljx	f	19	1	80	circle	green	(565, 460)	high	dis	(724, 619)	N	dif	hori	left	True	1505702	1507055	left	1	5	42
4	ljx	f	19	1	80	diamond	green	(565, 460)	high	dis	(533, 540)	N	same	vert	up	True	1508152	1509175	up	1	5	43
4	ljx	f	19	1	80	circle	green	(645, 428)	low	dis	(565, 460)	Y	dif	vert	up	True	1510364	1512072	up	1	5	44
4	ljx	f	19	1	80	diamond	green	(565, 460)	high	no	no_dis	N	same	vert	up	True	1513116	1515047	up	1	5	45
4	ljx	f	19	1	80	diamond	green	(565, 460)	high	dis	(757, 540)	N	same	hori	left	True	1516217	1517239	left	1	5	46
4	ljx	f	19	1	80	circle	red	(565, 460)	high	dis	(757, 540)	N	same	vert	up	True	1518435	1519503	up	1	5	47
4	ljx	f	19	1	80	diamond	red	(565, 460)	high	dis	(645, 652)	N	same	vert	up	True	1520594	1521575	up	1	5	48
4	ljx	f	19	1	80	diamond	red	(565, 460)	high	no	no_dis	N	dif	vert	up	True	1522740	1523735	up	1	5	49
4	ljx	f	19	1	80	circle	green	(565, 460)	high	dis	(565, 619)	N	same	vert	up	True	1524835	1525847	up	1	5	50
4	ljx	f	19	1	80	diamond	red	(724, 619)	low	dis	(645, 428)	N	same	hori	left	True	1527056	1528024	left	1	5	51
4	ljx	f	19	1	80	circle	red	(565, 460)	high	dis	(645, 652)	N	dif	vert	up	True	1529092	1530143	up	1	5	52
4	ljx	f	19	1	80	circle	green	(565, 460)	high	no	no_dis	N	same	hori	left	True	1531180	1532223	left	1	5	53
4	ljx	f	19	1	80	circle	red	(565, 460)	high	dis	(645, 652)	N	dif	hori	left	True	1533343	1534863	left	1	5	54
4	ljx	f	19	1	80	diamond	green	(565, 460)	high	dis	(724, 619)	N	dif	hori	left	True	1535866	1536775	left	1	5	55
4	ljx	f	19	1	80	diamond	red	(565, 460)	high	no	no_dis	N	dif	hori	left	True	1538004	1538927	left	1	5	56
4	ljx	f	19	1	80	circle	green	(565, 460)	high	dis	(645, 428)	N	dif	hori	left	True	1540086	1540935	left	1	5	57
4	ljx	f	19	1	80	diamond	green	(645, 652)	low	dis	(565, 460)	Y	same	vert	up	True	1542064	1543687	up	1	5	58
4	ljx	f	19	1	80	circle	red	(565, 460)	high	no	no_dis	N	same	vert	up	True	1544746	1545807	up	1	5	59
4	ljx	f	19	1	80	circle	green	(565, 460)	high	dis	(645, 428)	N	same	hori	left	True	1547033	1548007	left	1	5	60
4	ljx	f	19	1	80	diamond	red	(565, 460)	high	dis	(724, 460)	N	same	hori	left	True	1549229	1550255	left	1	5	61
4	ljx	f	19	1	80	circle	red	(565, 460)	high	no	no_dis	N	dif	vert	up	True	1551452	1553063	up	1	5	62
4	ljx	f	19	1	80	circle	green	(565, 460)	high	dis	(757, 540)	N	same	vert	up	True	1554286	1555583	up	1	5	63
4	ljx	f	19	1	80	diamond	red	(565, 460)	high	dis	(565, 619)	N	same	vert	up	True	1556783	1557903	up	1	5	64
4	ljx	f	19	1	80	diamond	green	(565, 460)	high	dis	(533, 540)	N	dif	hori	left	True	1558988	1559927	left	1	5	65
4	ljx	f	19	1	80	circle	red	(565, 460)	high	dis	(724, 619)	N	dif	hori	left	True	1561021	1562519	left	1	5	66
4	ljx	f	19	1	80	diamond	red	(565, 460)	high	dis	(724, 460)	N	dif	vert	up	True	1563553	1564694	up	1	5	67
4	ljx	f	19	1	80	diamond	green	(565, 460)	high	no	no_dis	N	dif	vert	up	True	1565748	1566591	up	1	5	68
4	ljx	f	19	1	80	circle	red	(565, 460)	high	no	no_dis	N	same	vert	up	True	1567702	1568903	up	1	5	69
4	ljx	f	19	1	80	circle	green	(565, 460)	high	dis	(645, 652)	N	same	vert	up	True	1569920	1571871	up	1	5	70
4	ljx	f	19	1	80	circle	red	(565, 619)	low	no	no_dis	N	dif	hori	left	True	1572972	1573855	left	1	5	71
4	ljx	f	19	1	80	diamond	red	(565, 460)	high	no	no_dis	N	same	vert	up	True	1574968	1576159	up	1	5	72
4	ljx	f	19	1	80	circle	green	(565, 460)	high	no	no_dis	N	same	hori	left	True	1577333	1578543	left	1	5	73
4	ljx	f	19	1	80	diamond	red	(565, 460)	high	dis	(645, 428)	N	same	vert	up	True	1579639	1580871	up	1	5	74
4	ljx	f	19	1	80	circle	red	(565, 460)	high	no	no_dis	N	dif	vert	up	True	1581880	1583743	up	1	5	75
4	ljx	f	19	1	80	diamond	green	(565, 460)	high	no	no_dis	N	same	hori	left	True	1584914	1585822	left	1	5	76
4	ljx	f	19	1	80	diamond	green	(565, 460)	high	dis	(724, 460)	N	dif	vert	up	True	1587062	1587967	up	1	5	77
4	ljx	f	19	1	80	diamond	red	(565, 460)	high	no	no_dis	N	dif	vert	up	True	1588979	1590015	up	1	5	78
4	ljx	f	19	1	80	diamond	green	(565, 460)	high	no	no_dis	N	same	hori	left	True	1591121	1592151	left	1	5	79
4	ljx	f	19	1	80	diamond	red	(565, 460)	high	no	no_dis	N	same	hori	left	True	1593307	1594343	left	1	5	80
4	ljx	f	19	1	80	circle	green	(565, 460)	high	no	no_dis	N	same	vert	up	True	1595453	1596703	up	1	5	81
4	ljx	f	19	1	80	diamond	red	(565, 460)	high	dis	(645, 652)	N	dif	hori	left	True	1597772	1599447	left	1	5	82
4	ljx	f	19	1	80	circle	green	(724, 460)	low	no	no_dis	N	same	hori	left	True	1600553	1601686	left	1	5	83
4	ljx	f	19	1	80	circle	red	(565, 460)	high	dis	(645, 652)	N	same	vert	up	True	1602705	1603783	up	1	5	84
4	ljx	f	19	1	80	diamond	red	(645, 428)	low	no	no_dis	N	dif	vert	up	True	1604978	1606183	up	1	5	85
4	ljx	f	19	1	80	diamond	red	(565, 460)	high	dis	(645, 428)	N	same	vert	up	True	1607434	1608743	up	1	5	86
4	ljx	f	19	1	80	circle	green	(565, 460)	high	dis	(724, 619)	N	same	hori	left	True	1609842	1611039	left	1	5	87
4	ljx	f	19	1	80	diamond	red	(565, 460)	high	dis	(757, 540)	N	dif	vert	up	True	1612146	1613167	up	1	5	88
4	ljx	f	19	1	80	circle	red	(645, 652)	low	dis	(724, 460)	N	dif	hori	left	True	1614224	1615119	left	1	5	89
4	ljx	f	19	1	80	diamond	red	(565, 460)	high	dis	(645, 652)	N	dif	hori	left	True	1616193	1617535	left	1	5	90
4	ljx	f	19	1	80	diamond	red	(565, 460)	high	no	no_dis	N	same	hori	left	True	1618742	1619663	left	1	5	91
4	ljx	f	19	1	80	diamond	green	(565, 460)	high	no	no_dis	N	dif	vert	up	True	1620808	1621870	up	1	5	92
4	ljx	f	19	1	80	circle	red	(565, 460)	high	dis	(533, 540)	N	same	vert	up	True	1622937	1623918	up	1	5	93
4	ljx	f	19	1	80	diamond	green	(533, 540)	low	dis	(757, 540)	N	dif	vert	up	True	1624953	1626463	up	1	5	94
4	ljx	f	19	1	80	circle	green	(565, 460)	high	dis	(533, 540)	N	same	hori	left	True	1627624	1628750	left	1	5	95
4	ljx	f	19	1	80	circle	green	(565, 460)	high	no	no_dis	N	same	vert	up	True	1629910	1631279	up	1	5	96
4	ljx	f	19	1	80	diamond	red	(565, 460)	high	dis	(565, 619)	N	dif	hori	left	True	1632505	1633447	left	1	5	97
4	ljx	f	19	1	80	circle	red	(565, 460)	high	dis	(757, 540)	N	dif	hori	left	True	1634555	1635695	left	1	5	98
4	ljx	f	19	1	80	diamond	red	(565, 460)	high	dis	(565, 619)	N	same	hori	left	True	1636784	1637767	left	1	5	99
4	ljx	f	19	1	80	circle	red	(565, 460)	high	no	no_dis	N	dif	vert	up	True	1638948	1640255	up	1	5	100
4	ljx	f	19	1	80	diamond	green	(565, 460)	high	dis	(565, 619)	N	dif	vert	up	True	1641490	1642766	up	1	5	101
4	ljx	f	19	1	80	circle	red	(565, 460)	high	no	no_dis	N	dif	hori	left	True	1644005	1645591	left	1	5	102
4	ljx	f	19	1	80	circle	red	(565, 460)	high	dis	(645, 428)	N	dif	vert	up	True	1646727	1647670	up	1	5	103
4	ljx	f	19	1	80	diamond	red	(645, 652)	low	no	no_dis	N	same	hori	left	True	1648680	1650175	left	1	5	104
4	ljx	f	19	1	80	diamond	green	(565, 460)	high	dis	(724, 619)	N	dif	vert	up	True	1651282	1652399	up	1	5	105
4	ljx	f	19	1	80	circle	green	(724, 460)	low	dis	(565, 460)	Y	dif	vert	up	True	1653591	1654999	up	1	5	106
4	ljx	f	19	1	80	circle	green	(565, 460)	high	no	no_dis	N	dif	hori	left	True	1656080	1657159	left	1	5	107
4	ljx	f	19	1	80	circle	red	(565, 460)	high	dis	(533, 540)	N	same	vert	up	True	1658253	1659895	up	1	5	108
4	ljx	f	19	1	80	diamond	red	(565, 460)	high	no	no_dis	N	dif	hori	left	True	1661145	1662070	left	1	5	109
4	ljx	f	19	1	80	diamond	green	(757, 540)	low	no	no_dis	N	dif	hori	left	True	1663162	1664030	left	1	5	110
4	ljx	f	19	1	80	diamond	red	(565, 460)	high	dis	(565, 619)	N	dif	vert	up	True	1665254	1666294	up	1	5	111
4	ljx	f	19	1	80	circle	green	(565, 460)	high	dis	(565, 619)	N	dif	vert	up	True	1667297	1668607	up	1	5	112
4	ljx	f	19	1	80	circle	red	(565, 460)	high	no	no_dis	N	dif	hori	left	True	1669781	1670623	left	1	5	113
4	ljx	f	19	1	80	diamond	green	(757, 540)	low	dis	(565, 460)	Y	dif	hori	left	True	1671836	1672839	left	1	5	114
4	ljx	f	19	1	80	diamond	red	(533, 540)	low	dis	(565, 460)	Y	dif	vert	up	True	1674009	1675391	up	1	5	115
4	ljx	f	19	1	80	diamond	green	(565, 460)	high	no	no_dis	N	same	vert	up	True	1676518	1677766	up	1	5	116
4	ljx	f	19	1	80	diamond	green	(565, 460)	high	no	no_dis	N	same	hori	left	True	1678904	1679775	left	1	5	117
4	ljx	f	19	1	80	diamond	green	(565, 460)	high	dis	(724, 460)	N	same	vert	up	True	1680877	1681759	up	1	5	118
4	ljx	f	19	1	80	circle	red	(565, 460)	high	dis	(533, 540)	N	same	vert	up	True	1682770	1684311	up	1	5	119
4	ljx	f	19	1	80	circle	green	(724, 619)	low	dis	(565, 460)	Y	dif	hori	left	True	1685480	1686447	left	1	5	120
4	ljx	f	19	1	80	circle	red	(565, 460)	high	dis	(533, 540)	N	dif	hori	left	True	1719878	1720743	left	1	6	1
4	ljx	f	19	1	80	diamond	red	(565, 460)	high	dis	(724, 619)	N	same	vert	up	True	1721820	1722710	up	1	6	2
4	ljx	f	19	1	80	diamond	red	(565, 460)	high	no	no_dis	N	same	vert	up	True	1723876	1725007	up	1	6	3
4	ljx	f	19	1	80	circle	green	(565, 460)	high	no	no_dis	N	dif	hori	left	True	1726062	1726887	left	1	6	4
4	ljx	f	19	1	80	diamond	red	(565, 460)	high	no	no_dis	N	same	hori	left	True	1728091	1729039	left	1	6	5
4	ljx	f	19	1	80	diamond	red	(565, 460)	high	dis	(757, 540)	N	dif	hori	left	True	1730259	1731255	left	1	6	6
4	ljx	f	19	1	80	diamond	red	(565, 460)	high	dis	(757, 540)	N	dif	vert	up	True	1732475	1733310	up	1	6	7
4	ljx	f	19	1	80	diamond	green	(565, 460)	high	no	no_dis	N	dif	hori	left	True	1734516	1735342	left	1	6	8
4	ljx	f	19	1	80	diamond	green	(724, 460)	low	no	no_dis	N	dif	vert	up	True	1736398	1737399	up	1	6	9
4	ljx	f	19	1	80	diamond	green	(565, 460)	high	dis	(565, 619)	N	dif	vert	up	True	1738505	1740718	up	1	6	10
4	ljx	f	19	1	80	circle	green	(533, 540)	low	no	no_dis	N	same	hori	left	True	1741802	1742943	left	1	6	11
4	ljx	f	19	1	80	diamond	red	(565, 460)	high	no	no_dis	N	same	vert	up	True	1744099	1745183	up	1	6	12
4	ljx	f	19	1	80	diamond	green	(565, 460)	high	no	no_dis	N	same	hori	left	True	1746260	1747087	left	1	6	13
4	ljx	f	19	1	80	circle	green	(565, 460)	high	dis	(565, 619)	N	same	hori	left	True	1748307	1749366	left	1	6	14
4	ljx	f	19	1	80	diamond	green	(565, 460)	high	no	no_dis	N	same	vert	up	True	1750464	1751799	up	1	6	15
4	ljx	f	19	1	80	diamond	red	(565, 460)	high	no	no_dis	N	dif	hori	left	True	1752846	1754015	left	1	6	16
4	ljx	f	19	1	80	diamond	red	(565, 460)	high	dis	(645, 652)	N	same	hori	left	True	1755115	1756038	left	1	6	17
4	ljx	f	19	1	80	diamond	red	(565, 460)	high	dis	(757, 540)	N	dif	hori	left	True	1757188	1758022	left	1	6	18
4	ljx	f	19	1	80	circle	green	(645, 428)	low	dis	(565, 460)	Y	dif	vert	up	True	1759141	1761046	up	1	6	19
4	ljx	f	19	1	80	diamond	red	(565, 460)	high	dis	(724, 460)	N	same	vert	up	True	1762240	1763479	up	1	6	20
4	ljx	f	19	1	80	diamond	red	(565, 460)	high	dis	(757, 540)	N	dif	vert	up	True	1764609	1765999	up	1	6	21
4	ljx	f	19	1	80	circle	red	(565, 460)	high	no	no_dis	N	same	vert	up	True	1767224	1768750	up	1	6	22
4	ljx	f	19	1	80	circle	red	(565, 460)	high	no	no_dis	N	dif	hori	left	True	1769761	1770774	left	1	6	23
4	ljx	f	19	1	80	circle	green	(565, 460)	high	dis	(645, 652)	N	dif	hori	left	True	1771782	1772839	left	1	6	24
4	ljx	f	19	1	80	diamond	green	(533, 540)	low	dis	(645, 652)	N	dif	vert	up	True	1773876	1775695	up	1	6	25
4	ljx	f	19	1	80	circle	green	(565, 460)	high	dis	(724, 460)	N	dif	hori	left	True	1776899	1777878	left	1	6	26
4	ljx	f	19	1	80	diamond	green	(565, 460)	high	dis	(645, 428)	N	dif	vert	up	True	1778999	1780623	up	1	6	27
4	ljx	f	19	1	80	diamond	green	(565, 460)	high	no	no_dis	N	dif	vert	up	True	1781697	1782510	up	1	6	28
4	ljx	f	19	1	80	circle	red	(565, 460)	high	dis	(533, 540)	N	dif	vert	up	True	1783673	1784935	up	1	6	29
4	ljx	f	19	1	80	circle	green	(565, 460)	high	no	no_dis	N	same	hori	left	True	1786004	1786902	left	1	6	30
4	ljx	f	19	1	80	circle	red	(565, 460)	high	dis	(565, 619)	N	same	vert	up	True	1788009	1788918	up	1	6	31
4	ljx	f	19	1	80	circle	green	(724, 619)	low	dis	(565, 460)	Y	same	hori	left	True	1789954	1790950	left	1	6	32
4	ljx	f	19	1	80	circle	red	(565, 460)	high	dis	(757, 540)	N	dif	vert	up	True	1792155	1793214	up	1	6	33
4	ljx	f	19	1	80	circle	red	(565, 460)	high	dis	(533, 540)	N	dif	vert	up	True	1794300	1795230	up	1	6	34
4	ljx	f	19	1	80	diamond	red	(565, 619)	low	no	no_dis	N	dif	hori	left	True	1796434	1797511	left	1	6	35
4	ljx	f	19	1	80	circle	red	(565, 460)	high	no	no_dis	N	same	vert	up	True	1798659	1799774	up	1	6	36
4	ljx	f	19	1	80	diamond	red	(565, 460)	high	dis	(757, 540)	N	same	hori	left	True	1800901	1801950	left	1	6	37
4	ljx	f	19	1	80	diamond	red	(565, 460)	high	dis	(724, 619)	N	dif	hori	left	True	1803184	1804303	left	1	6	38
4	ljx	f	19	1	80	diamond	red	(565, 460)	high	dis	(533, 540)	N	same	vert	up	True	1805360	1806263	up	1	6	39
4	ljx	f	19	1	80	diamond	red	(565, 460)	high	no	no_dis	N	same	vert	up	True	1807458	1808887	up	1	6	40
4	ljx	f	19	1	80	diamond	red	(565, 460)	high	no	no_dis	N	dif	hori	left	True	1810068	1810934	left	1	6	41
4	ljx	f	19	1	80	diamond	green	(565, 460)	high	dis	(724, 619)	N	dif	hori	left	True	1812153	1813038	left	1	6	42
4	ljx	f	19	1	80	circle	green	(565, 460)	high	dis	(645, 652)	N	same	hori	left	True	1814267	1815623	left	1	6	43
4	ljx	f	19	1	80	circle	green	(565, 460)	high	no	no_dis	N	dif	vert	up	True	1816790	1817886	up	1	6	44
4	ljx	f	19	1	80	circle	red	(565, 460)	high	no	no_dis	N	dif	hori	left	True	1818942	1820558	left	1	6	45
4	ljx	f	19	1	80	circle	green	(565, 460)	high	dis	(645, 428)	N	dif	hori	left	True	1821590	1822454	left	1	6	46
4	ljx	f	19	1	80	diamond	green	(565, 460)	high	no	no_dis	N	same	vert	up	True	1823512	1824470	up	1	6	47
4	ljx	f	19	1	80	circle	red	(565, 460)	high	no	no_dis	N	same	vert	up	True	1825723	1827142	up	1	6	48
4	ljx	f	19	1	80	diamond	green	(757, 540)	low	dis	(565, 460)	Y	same	vert	up	True	1828363	1829310	up	1	6	49
4	ljx	f	19	1	80	circle	green	(565, 460)	high	dis	(533, 540)	N	same	vert	up	True	1830518	1831511	up	1	6	50
4	ljx	f	19	1	80	diamond	green	(565, 460)	high	no	no_dis	N	dif	hori	left	True	1832685	1833734	left	1	6	51
4	ljx	f	19	1	80	diamond	red	(565, 460)	high	no	no_dis	N	dif	vert	up	True	1834945	1835902	up	1	6	52
4	ljx	f	19	1	80	circle	red	(565, 460)	high	dis	(724, 460)	N	same	vert	up	True	1837047	1838398	up	1	6	53
4	ljx	f	19	1	80	diamond	red	(565, 460)	high	dis	(645, 652)	N	dif	hori	left	True	1839480	1840630	left	1	6	54
4	ljx	f	19	1	80	circle	red	(565, 460)	high	dis	(724, 619)	N	same	hori	left	True	1841825	1842935	left	1	6	55
4	ljx	f	19	1	80	diamond	green	(565, 460)	high	dis	(724, 619)	N	same	vert	up	True	1844097	1845158	up	1	6	56
4	ljx	f	19	1	80	diamond	green	(565, 460)	high	no	no_dis	N	dif	vert	up	True	1846217	1847294	up	1	6	57
4	ljx	f	19	1	80	diamond	green	(565, 460)	high	dis	(724, 619)	N	dif	hori	left	True	1848451	1849422	left	1	6	58
4	ljx	f	19	1	80	circle	red	(724, 619)	low	no	no_dis	N	same	hori	left	True	1850564	1851446	left	1	6	59
4	ljx	f	19	1	80	circle	green	(565, 460)	high	no	no_dis	N	dif	vert	up	True	1852664	1854103	up	1	6	60
4	ljx	f	19	1	80	circle	red	(565, 460)	high	no	no_dis	N	same	hori	left	True	1855183	1856238	left	1	6	61
4	ljx	f	19	1	80	circle	green	(565, 460)	high	dis	(757, 540)	N	dif	vert	up	True	1857320	1858430	up	1	6	62
4	ljx	f	19	1	80	circle	red	(757, 540)	low	dis	(565, 460)	Y	same	hori	left	True	1859678	1860407	left	1	6	63
4	ljx	f	19	1	80	circle	red	(565, 460)	high	dis	(645, 652)	N	same	vert	up	True	1861503	1863174	up	1	6	64
4	ljx	f	19	1	80	diamond	red	(533, 540)	low	dis	(565, 460)	Y	same	vert	up	True	1864370	1865662	up	1	6	65
4	ljx	f	19	1	80	circle	red	(565, 460)	high	dis	(724, 460)	N	same	vert	up	True	1866820	1867934	up	1	6	66
4	ljx	f	19	1	80	diamond	green	(565, 460)	high	dis	(724, 619)	N	dif	vert	up	True	1869157	1870566	up	1	6	67
4	ljx	f	19	1	80	circle	green	(565, 460)	high	no	no_dis	N	dif	vert	up	True	1871816	1873574	up	1	6	68
4	ljx	f	19	1	80	circle	green	(565, 460)	high	dis	(645, 652)	N	same	hori	left	True	1874636	1875486	left	1	6	69
4	ljx	f	19	1	80	diamond	green	(724, 619)	low	dis	(565, 460)	Y	dif	vert	up	True	1876525	1877678	up	1	6	70
4	ljx	f	19	1	80	circle	red	(565, 460)	high	dis	(565, 619)	N	same	vert	up	True	1878863	1879822	up	1	6	71
4	ljx	f	19	1	80	circle	green	(565, 460)	high	dis	(724, 619)	N	same	vert	up	True	1880954	1882158	up	1	6	72
4	ljx	f	19	1	80	circle	red	(565, 460)	high	dis	(565, 619)	N	dif	vert	up	True	1883342	1884430	up	1	6	73
4	ljx	f	19	1	80	circle	red	(565, 460)	high	dis	(565, 619)	N	dif	hori	left	True	1885669	1887495	left	1	6	74
4	ljx	f	19	1	80	diamond	red	(565, 460)	high	no	no_dis	N	dif	vert	up	True	1888632	1889606	up	1	6	75
4	ljx	f	19	1	80	diamond	red	(645, 428)	low	dis	(565, 460)	Y	same	vert	up	True	1890642	1892614	up	1	6	76
4	ljx	f	19	1	80	circle	green	(724, 460)	low	dis	(565, 619)	N	same	hori	left	True	1893803	1895846	left	1	6	77
4	ljx	f	19	1	80	circle	red	(565, 460)	high	no	no_dis	N	same	hori	left	True	1897058	1897911	left	1	6	78
4	ljx	f	19	1	80	circle	green	(565, 460)	high	dis	(724, 619)	N	dif	hori	left	True	1899056	1900215	left	1	6	79
4	ljx	f	19	1	80	circle	green	(565, 460)	high	dis	(533, 540)	N	dif	hori	left	True	1901256	1902062	left	1	6	80
4	ljx	f	19	1	80	circle	green	(565, 460)	high	no	no_dis	N	same	hori	left	True	1903297	1904327	left	1	6	81
4	ljx	f	19	1	80	circle	green	(565, 460)	high	dis	(757, 540)	N	dif	vert	up	True	1905418	1906966	up	1	6	82
4	ljx	f	19	1	80	circle	red	(645, 652)	low	dis	(565, 460)	Y	dif	hori	left	True	1908137	1909046	left	1	6	83
4	ljx	f	19	1	80	circle	red	(565, 619)	low	dis	(645, 428)	N	dif	hori	left	True	1910155	1911086	left	1	6	84
4	ljx	f	19	1	80	diamond	green	(565, 460)	high	dis	(645, 428)	N	same	hori	left	True	1912232	1913582	left	1	6	85
4	ljx	f	19	1	80	circle	red	(565, 460)	high	dis	(724, 460)	N	dif	vert	up	True	1914681	1915935	up	1	6	86
4	ljx	f	19	1	80	diamond	green	(565, 460)	high	dis	(645, 428)	N	same	hori	left	True	1917168	1918086	left	1	6	87
4	ljx	f	19	1	80	diamond	green	(565, 460)	high	dis	(724, 460)	N	dif	vert	up	True	1919283	1920358	up	1	6	88
4	ljx	f	19	1	80	diamond	green	(565, 460)	high	dis	(724, 460)	N	same	hori	left	True	1921461	1922510	left	1	6	89
4	ljx	f	19	1	80	diamond	red	(724, 619)	low	dis	(565, 460)	Y	dif	hori	left	True	1923629	1924630	left	1	6	90
4	ljx	f	19	1	80	diamond	red	(565, 460)	high	dis	(565, 619)	N	dif	hori	left	True	1925683	1927622	left	1	6	91
4	ljx	f	19	1	80	diamond	green	(565, 460)	high	dis	(645, 428)	N	same	vert	up	True	1928674	1929758	up	1	6	92
4	ljx	f	19	1	80	circle	green	(645, 428)	low	no	no_dis	N	dif	hori	left	True	1930896	1931806	left	1	6	93
4	ljx	f	19	1	80	circle	green	(565, 460)	high	dis	(757, 540)	N	dif	vert	up	True	1932896	1934654	up	1	6	94
4	ljx	f	19	1	80	circle	red	(724, 460)	low	dis	(724, 619)	N	same	vert	up	True	1935865	1937462	up	1	6	95
4	ljx	f	19	1	80	circle	green	(565, 460)	high	no	no_dis	N	same	hori	left	True	1938699	1939782	left	1	6	96
4	ljx	f	19	1	80	diamond	green	(565, 460)	high	no	no_dis	N	same	hori	left	True	1941021	1941958	left	1	6	97
4	ljx	f	19	1	80	diamond	red	(565, 460)	high	dis	(565, 619)	N	dif	hori	left	True	1943034	1944542	left	1	6	98
4	ljx	f	19	1	80	diamond	green	(565, 460)	high	dis	(724, 460)	N	same	vert	up	True	1945744	1947222	up	1	6	99
4	ljx	f	19	1	80	circle	green	(565, 460)	high	dis	(645, 652)	N	same	vert	up	True	1948326	1949566	up	1	6	100
4	ljx	f	19	1	80	circle	red	(565, 460)	high	dis	(645, 428)	N	same	hori	left	True	1950804	1952734	left	1	6	101
4	ljx	f	19	1	80	circle	green	(565, 460)	high	dis	(533, 540)	N	same	hori	left	True	1953874	1955790	left	1	6	102
4	ljx	f	19	1	80	diamond	green	(565, 460)	high	dis	(533, 540)	N	dif	vert	up	True	1956961	1958158	up	1	6	103
4	ljx	f	19	1	80	diamond	green	(565, 619)	low	dis	(533, 540)	N	same	hori	left	True	1959171	1960958	left	1	6	104
4	ljx	f	19	1	80	circle	green	(565, 460)	high	dis	(645, 428)	N	dif	vert	up	True	1962153	1963558	up	1	6	105
4	ljx	f	19	1	80	circle	red	(565, 460)	high	dis	(533, 540)	N	same	hori	left	True	1964653	1966118	left	1	6	106
4	ljx	f	19	1	80	diamond	green	(565, 460)	high	dis	(645, 428)	N	same	vert	up	True	1967272	1968966	up	1	6	107
4	ljx	f	19	1	80	circle	red	(565, 460)	high	dis	(645, 428)	N	dif	hori	left	True	1970074	1971503	left	1	6	108
4	ljx	f	19	1	80	diamond	red	(724, 460)	low	dis	(565, 460)	Y	dif	hori	left	True	1972718	1973694	left	1	6	109
4	ljx	f	19	1	80	diamond	green	(565, 460)	high	dis	(724, 460)	N	same	hori	left	True	1974816	1975822	left	1	6	110
4	ljx	f	19	1	80	circle	green	(565, 460)	high	no	no_dis	N	dif	hori	left	True	1976904	1977919	left	1	6	111
4	ljx	f	19	1	80	diamond	green	(757, 540)	low	no	no_dis	N	same	vert	up	True	1979069	1979966	up	1	6	112
4	ljx	f	19	1	80	diamond	green	(565, 460)	high	dis	(645, 652)	N	same	vert	up	True	1981011	1982174	up	1	6	113
4	ljx	f	19	1	80	circle	green	(645, 652)	low	dis	(724, 460)	N	dif	vert	up	True	1983260	1984582	up	1	6	114
4	ljx	f	19	1	80	circle	red	(724, 460)	low	no	no_dis	N	same	vert	up	True	1985617	1986710	up	1	6	115
4	ljx	f	19	1	80	diamond	red	(565, 460)	high	dis	(645, 652)	N	same	hori	left	True	1987853	1989158	left	1	6	116
4	ljx	f	19	1	80	diamond	red	(565, 460)	high	dis	(757, 540)	N	same	hori	left	True	1990227	1991422	left	1	6	117
4	ljx	f	19	1	80	circle	red	(565, 460)	high	no	no_dis	N	dif	vert	up	True	1992660	1994014	up	1	6	118
4	ljx	f	19	1	80	diamond	red	(565, 460)	high	dis	(565, 619)	N	same	hori	left	True	1995085	1996446	left	1	6	119
4	ljx	f	19	1	80	diamond	red	(645, 652)	low	no	no_dis	N	dif	vert	up	True	1997537	1998606	up	1	6	120
conf	4	ljx	f	19	1	80	True	2036378	2048358	4	True	2048382	2061478	1
