subj	name	gender	age	prac	group	shape	color	tar_loc	popularity	dis_cond	dis_loc	dis_high	td_dif	line	respkey	gotkey	startTime	respTime	resp	correct	block	trialnum
7	scy	f	19	1	80	circle	green	(645, 652)	high	dis	(645, 428)	N	dif	hori	left	True	17067	18477	left	1	1	1
7	scy	f	19	1	80	circle	green	(645, 652)	high	dis	(533, 540)	N	dif	hori	left	True	19514	20165	left	1	1	2
7	scy	f	19	1	80	diamond	green	(645, 652)	high	no	no_dis	N	dif	vert	up	True	21253	21973	up	1	1	3
7	scy	f	19	1	80	circle	green	(645, 652)	high	dis	(724, 619)	N	same	hori	left	True	23070	23765	left	1	1	4
7	scy	f	19	1	80	diamond	red	(645, 652)	high	dis	(724, 460)	N	dif	vert	up	True	24887	25645	up	1	1	5
7	scy	f	19	1	80	circle	red	(645, 652)	high	no	no_dis	N	dif	vert	up	True	26894	27405	left	0	1	6
7	scy	f	19	1	80	circle	red	(645, 652)	high	no	no_dis	N	dif	vert	up	True	30032	31486	up	1	1	7
7	scy	f	19	1	80	circle	red	(645, 652)	high	dis	(757, 540)	N	same	vert	up	True	32573	34076	up	1	1	8
7	scy	f	19	1	80	diamond	red	(645, 652)	high	no	no_dis	N	same	hori	left	True	35159	35973	left	1	1	9
7	scy	f	19	1	80	diamond	red	(724, 619)	low	dis	(757, 540)	N	dif	vert	up	True	37045	38197	up	1	1	10
7	scy	f	19	1	80	diamond	green	(645, 652)	high	dis	(533, 540)	N	dif	hori	left	True	39276	40349	left	1	1	11
7	scy	f	19	1	80	diamond	red	(645, 652)	high	dis	(645, 428)	N	dif	hori	left	True	41465	42141	left	1	1	12
7	scy	f	19	1	80	circle	green	(533, 540)	low	no	no_dis	N	dif	hori	left	True	43221	44341	left	1	1	13
7	scy	f	19	1	80	diamond	green	(645, 652)	high	dis	(565, 460)	N	dif	hori	left	True	45575	47245	left	1	1	14
7	scy	f	19	1	80	circle	green	(645, 652)	high	no	no_dis	N	dif	vert	up	True	48403	49437	up	1	1	15
7	scy	f	19	1	80	circle	red	(645, 652)	high	dis	(724, 460)	N	dif	vert	up	True	50508	51421	up	1	1	16
7	scy	f	19	1	80	circle	red	(645, 652)	high	dis	(565, 619)	N	same	vert	up	True	52653	53364	up	1	1	17
7	scy	f	19	1	80	diamond	red	(645, 652)	high	dis	(533, 540)	N	same	vert	up	True	54394	55349	up	1	1	18
7	scy	f	19	1	80	circle	green	(645, 652)	high	dis	(757, 540)	N	same	hori	left	True	56557	57397	left	1	1	19
7	scy	f	19	1	80	circle	red	(645, 652)	high	dis	(724, 460)	N	dif	vert	up	True	58647	59197	left	0	1	20
7	scy	f	19	1	80	diamond	red	(645, 652)	high	dis	(565, 619)	N	same	hori	left	True	61952	63829	left	1	1	21
7	scy	f	19	1	80	diamond	green	(645, 652)	high	dis	(565, 460)	N	same	vert	up	True	64980	65948	up	1	1	22
7	scy	f	19	1	80	circle	red	(645, 652)	high	dis	(645, 428)	N	same	hori	left	True	67064	67957	left	1	1	23
7	scy	f	19	1	80	circle	green	(645, 428)	low	dis	(724, 460)	N	same	hori	left	True	69074	70389	left	1	1	24
7	scy	f	19	1	80	diamond	green	(565, 460)	low	dis	(645, 652)	Y	dif	hori	left	True	71614	72901	left	1	1	25
7	scy	f	19	1	80	circle	red	(645, 652)	high	dis	(724, 460)	N	same	hori	left	True	73921	74813	left	1	1	26
7	scy	f	19	1	80	diamond	red	(645, 652)	high	no	no_dis	N	same	hori	left	True	75835	76469	left	1	1	27
7	scy	f	19	1	80	circle	green	(565, 619)	low	no	no_dis	N	dif	hori	left	True	77552	78452	left	1	1	28
7	scy	f	19	1	80	circle	red	(645, 652)	high	dis	(533, 540)	N	dif	hori	left	True	79527	80981	left	1	1	29
7	scy	f	19	1	80	circle	red	(645, 652)	high	dis	(757, 540)	N	same	hori	left	True	82049	82988	left	1	1	30
7	scy	f	19	1	80	circle	green	(565, 619)	low	dis	(645, 652)	Y	same	vert	up	True	84206	85333	up	1	1	31
7	scy	f	19	1	80	diamond	green	(645, 652)	high	dis	(724, 460)	N	same	vert	up	True	86555	88069	up	1	1	32
7	scy	f	19	1	80	circle	red	(645, 652)	high	dis	(565, 460)	N	same	hori	left	True	89234	90397	left	1	1	33
7	scy	f	19	1	80	diamond	red	(645, 652)	high	dis	(533, 540)	N	same	hori	left	True	91421	92477	left	1	1	34
7	scy	f	19	1	80	diamond	green	(645, 652)	high	dis	(565, 460)	N	dif	hori	left	True	93644	94493	left	1	1	35
7	scy	f	19	1	80	circle	green	(724, 460)	low	dis	(645, 652)	Y	dif	hori	left	True	95518	96653	left	1	1	36
7	scy	f	19	1	80	diamond	red	(645, 652)	high	no	no_dis	N	dif	hori	left	True	97687	98885	left	1	1	37
7	scy	f	19	1	80	diamond	red	(645, 652)	high	no	no_dis	N	same	vert	up	True	99897	101309	up	1	1	38
7	scy	f	19	1	80	circle	green	(645, 652)	high	dis	(724, 619)	N	same	vert	up	True	102549	104141	up	1	1	39
7	scy	f	19	1	80	circle	red	(724, 460)	low	dis	(645, 652)	Y	dif	vert	up	True	105240	106509	up	1	1	40
7	scy	f	19	1	80	diamond	red	(645, 652)	high	no	no_dis	N	dif	hori	left	True	107634	108549	left	1	1	41
7	scy	f	19	1	80	circle	red	(645, 652)	high	dis	(565, 619)	N	dif	vert	up	True	109693	111397	up	1	1	42
7	scy	f	19	1	80	circle	green	(645, 652)	high	dis	(565, 460)	N	same	hori	left	True	112402	113813	left	1	1	43
7	scy	f	19	1	80	circle	green	(645, 652)	high	dis	(533, 540)	N	dif	vert	up	True	114861	115773	up	1	1	44
7	scy	f	19	1	80	circle	green	(645, 652)	high	no	no_dis	N	dif	vert	up	True	116804	117669	up	1	1	45
7	scy	f	19	1	80	diamond	green	(645, 652)	high	no	no_dis	N	same	vert	up	True	118839	119876	up	1	1	46
7	scy	f	19	1	80	circle	red	(533, 540)	low	dis	(645, 652)	Y	same	vert	up	True	121076	122532	up	1	1	47
7	scy	f	19	1	80	diamond	green	(724, 460)	low	no	no_dis	N	same	hori	left	True	123741	124700	left	1	1	48
7	scy	f	19	1	80	diamond	green	(645, 652)	high	no	no_dis	N	same	hori	left	True	125739	127245	left	1	1	49
7	scy	f	19	1	80	diamond	green	(645, 652)	high	dis	(565, 460)	N	same	vert	up	True	128433	129541	up	1	1	50
7	scy	f	19	1	80	diamond	red	(645, 652)	high	no	no_dis	N	dif	hori	left	True	130710	131461	left	1	1	51
7	scy	f	19	1	80	diamond	green	(645, 652)	high	dis	(757, 540)	N	same	vert	up	True	132623	133437	up	1	1	52
7	scy	f	19	1	80	diamond	red	(533, 540)	low	no	no_dis	N	dif	vert	up	True	134532	135341	left	0	1	53
7	scy	f	19	1	80	diamond	red	(645, 652)	high	dis	(724, 619)	N	same	hori	left	True	137888	139685	left	1	1	54
7	scy	f	19	1	80	circle	green	(645, 652)	high	no	no_dis	N	dif	hori	left	True	140881	141653	left	1	1	55
7	scy	f	19	1	80	diamond	green	(645, 652)	high	no	no_dis	N	same	vert	up	True	142704	143524	up	1	1	56
7	scy	f	19	1	80	circle	red	(645, 652)	high	no	no_dis	N	dif	vert	up	True	144618	145629	up	1	1	57
7	scy	f	19	1	80	circle	red	(645, 652)	high	dis	(724, 619)	N	same	vert	up	True	146713	147629	up	1	1	58
7	scy	f	19	1	80	diamond	red	(645, 652)	high	dis	(565, 619)	N	same	hori	left	True	148850	150677	left	1	1	59
7	scy	f	19	1	80	diamond	green	(645, 652)	high	dis	(724, 619)	N	dif	vert	up	True	151754	153373	up	1	1	60
7	scy	f	19	1	80	diamond	red	(645, 652)	high	dis	(645, 428)	N	dif	hori	left	True	154447	155541	left	1	1	61
7	scy	f	19	1	80	diamond	green	(565, 460)	low	dis	(645, 652)	Y	dif	hori	left	True	156562	157773	left	1	1	62
7	scy	f	19	1	80	diamond	green	(645, 652)	high	dis	(724, 619)	N	same	hori	left	True	158878	160117	left	1	1	63
7	scy	f	19	1	80	circle	green	(645, 652)	high	no	no_dis	N	same	vert	up	True	161331	162812	up	1	1	64
7	scy	f	19	1	80	circle	green	(645, 652)	high	dis	(724, 460)	N	dif	vert	up	True	163835	164884	left	0	1	65
7	scy	f	19	1	80	diamond	green	(645, 652)	high	dis	(645, 428)	N	dif	hori	left	True	167622	168573	left	1	1	66
7	scy	f	19	1	80	circle	green	(645, 652)	high	no	no_dis	N	same	hori	left	True	169754	170845	left	1	1	67
7	scy	f	19	1	80	circle	green	(645, 652)	high	dis	(724, 619)	N	dif	vert	up	True	172039	172765	left	0	1	68
7	scy	f	19	1	80	diamond	red	(645, 652)	high	dis	(565, 460)	N	dif	hori	left	True	175298	176044	left	1	1	69
7	scy	f	19	1	80	circle	red	(645, 652)	high	dis	(645, 428)	N	dif	vert	up	True	177217	178444	up	1	1	70
7	scy	f	19	1	80	circle	red	(645, 652)	high	no	no_dis	N	dif	vert	up	True	179516	180341	up	1	1	71
7	scy	f	19	1	80	diamond	green	(645, 428)	low	no	no_dis	N	dif	vert	up	True	181411	182660	up	1	1	72
7	scy	f	19	1	80	diamond	red	(645, 652)	high	dis	(565, 460)	N	dif	vert	up	True	183877	184765	left	0	1	73
7	scy	f	19	1	80	circle	green	(645, 652)	high	dis	(533, 540)	N	same	vert	up	True	187520	188573	up	1	1	74
7	scy	f	19	1	80	diamond	green	(645, 652)	high	dis	(565, 619)	N	same	hori	left	True	189796	190869	left	1	1	75
7	scy	f	19	1	80	diamond	red	(565, 460)	low	dis	(724, 619)	N	same	vert	up	True	191954	192925	up	1	1	76
7	scy	f	19	1	80	diamond	red	(645, 652)	high	no	no_dis	N	same	vert	up	True	194119	194797	up	1	1	77
7	scy	f	19	1	80	circle	green	(645, 652)	high	dis	(565, 460)	N	same	hori	left	True	195810	198133	left	1	1	78
7	scy	f	19	1	80	diamond	green	(645, 652)	high	no	no_dis	N	dif	hori	left	True	199218	200221	left	1	1	79
7	scy	f	19	1	80	diamond	green	(645, 652)	high	no	no_dis	N	dif	hori	left	True	201234	202541	left	1	1	80
7	scy	f	19	1	80	circle	green	(645, 652)	high	no	no_dis	N	same	hori	left	True	203719	204805	left	1	1	81
7	scy	f	19	1	80	circle	green	(645, 652)	high	no	no_dis	N	same	hori	left	True	205934	206756	left	1	1	82
7	scy	f	19	1	80	diamond	red	(645, 652)	high	dis	(724, 619)	N	dif	hori	left	True	207784	208589	left	1	1	83
7	scy	f	19	1	80	circle	red	(645, 652)	high	dis	(645, 428)	N	dif	hori	left	True	209694	210909	left	1	1	84
7	scy	f	19	1	80	diamond	green	(645, 652)	high	no	no_dis	N	same	hori	left	True	212074	213013	left	1	1	85
7	scy	f	19	1	80	circle	red	(645, 652)	high	no	no_dis	N	dif	hori	left	True	214242	215013	left	1	1	86
7	scy	f	19	1	80	circle	green	(645, 652)	high	dis	(757, 540)	N	same	vert	up	True	216055	217364	up	1	1	87
7	scy	f	19	1	80	circle	green	(645, 652)	high	dis	(645, 428)	N	same	vert	up	True	218438	219101	up	1	1	88
7	scy	f	19	1	80	circle	green	(645, 652)	high	dis	(645, 428)	N	dif	vert	up	True	220119	220660	up	1	1	89
7	scy	f	19	1	80	diamond	red	(645, 652)	high	dis	(757, 540)	N	same	vert	up	True	221681	222805	up	1	1	90
7	scy	f	19	1	80	diamond	red	(724, 619)	low	no	no_dis	N	same	vert	up	True	223959	225477	up	1	1	91
7	scy	f	19	1	80	diamond	red	(645, 652)	high	dis	(757, 540)	N	dif	hori	left	True	226498	227677	left	1	1	92
7	scy	f	19	1	80	circle	red	(645, 652)	high	no	no_dis	N	same	hori	left	True	228790	229541	left	1	1	93
7	scy	f	19	1	80	circle	red	(645, 652)	high	dis	(757, 540)	N	dif	hori	left	True	230591	231269	left	1	1	94
7	scy	f	19	1	80	diamond	green	(645, 652)	high	dis	(533, 540)	N	dif	hori	left	True	232380	233036	left	1	1	95
7	scy	f	19	1	80	circle	red	(565, 619)	low	dis	(645, 652)	Y	same	hori	left	True	234116	234741	left	1	1	96
7	scy	f	19	1	80	circle	red	(757, 540)	low	no	no_dis	N	same	vert	up	True	235763	237028	up	1	1	97
7	scy	f	19	1	80	circle	red	(645, 652)	high	no	no_dis	N	same	vert	up	True	238101	238933	up	1	1	98
7	scy	f	19	1	80	diamond	green	(645, 652)	high	dis	(724, 460)	N	dif	vert	up	True	240180	241013	up	1	1	99
7	scy	f	19	1	80	diamond	green	(645, 652)	high	dis	(724, 460)	N	same	vert	up	True	242203	242708	up	1	1	100
7	scy	f	19	1	80	circle	green	(724, 619)	low	dis	(645, 652)	Y	dif	vert	up	True	243901	244781	up	1	1	101
7	scy	f	19	1	80	diamond	green	(533, 540)	low	dis	(565, 460)	N	same	hori	left	True	245889	247189	left	1	1	102
7	scy	f	19	1	80	diamond	red	(533, 540)	low	dis	(645, 428)	N	dif	vert	up	True	248399	249253	up	1	1	103
7	scy	f	19	1	80	diamond	red	(645, 652)	high	dis	(724, 460)	N	dif	vert	up	True	250306	251093	up	1	1	104
7	scy	f	19	1	80	diamond	red	(645, 652)	high	no	no_dis	N	dif	vert	up	True	252100	252709	up	1	1	105
7	scy	f	19	1	80	diamond	green	(645, 652)	high	dis	(757, 540)	N	same	hori	left	True	253950	254637	up	0	1	106
7	scy	f	19	1	80	circle	red	(565, 460)	low	no	no_dis	N	same	hori	left	True	257206	258493	left	1	1	107
7	scy	f	19	1	80	diamond	red	(645, 652)	high	dis	(533, 540)	N	dif	vert	up	True	259736	260725	up	1	1	108
7	scy	f	19	1	80	circle	red	(757, 540)	low	dis	(565, 619)	N	same	hori	left	True	261753	262925	left	1	1	109
7	scy	f	19	1	80	circle	red	(645, 652)	high	dis	(565, 619)	N	same	hori	left	True	264126	265013	left	1	1	110
7	scy	f	19	1	80	circle	green	(645, 652)	high	no	no_dis	N	dif	hori	left	True	266043	266989	left	1	1	111
7	scy	f	19	1	80	diamond	red	(645, 652)	high	dis	(565, 619)	N	dif	vert	up	True	268083	268837	up	1	1	112
7	scy	f	19	1	80	diamond	green	(757, 540)	low	dis	(645, 652)	Y	dif	hori	left	True	270042	271501	left	1	1	113
7	scy	f	19	1	80	diamond	green	(645, 652)	high	dis	(533, 540)	N	dif	vert	up	True	272584	273332	up	1	1	114
7	scy	f	19	1	80	circle	green	(645, 652)	high	dis	(565, 619)	N	same	vert	up	True	274349	275236	up	1	1	115
7	scy	f	19	1	80	circle	green	(645, 652)	high	dis	(565, 619)	N	same	vert	up	True	276417	277117	up	1	1	116
7	scy	f	19	1	80	diamond	red	(645, 428)	low	dis	(645, 652)	Y	same	vert	up	True	278310	279180	up	1	1	117
7	scy	f	19	1	80	diamond	green	(645, 652)	high	no	no_dis	N	same	vert	up	True	280414	281093	up	1	1	118
7	scy	f	19	1	80	circle	red	(645, 652)	high	dis	(724, 619)	N	dif	hori	left	True	282305	282948	up	0	1	119
7	scy	f	19	1	80	circle	red	(645, 652)	high	no	no_dis	N	same	vert	up	True	285623	286381	up	1	1	120
7	scy	f	19	1	80	diamond	green	(645, 652)	high	dis	(757, 540)	N	dif	vert	up	True	321723	322845	up	1	2	1
7	scy	f	19	1	80	diamond	green	(645, 652)	high	dis	(565, 619)	N	same	hori	left	True	324041	324780	left	1	2	2
7	scy	f	19	1	80	diamond	green	(757, 540)	low	no	no_dis	N	dif	vert	up	True	325821	326613	up	1	2	3
7	scy	f	19	1	80	circle	red	(645, 652)	high	dis	(565, 619)	N	dif	vert	up	True	327732	329029	up	1	2	4
7	scy	f	19	1	80	circle	red	(645, 652)	high	no	no_dis	N	dif	vert	up	True	330155	330925	up	1	2	5
7	scy	f	19	1	80	circle	green	(645, 652)	high	dis	(724, 460)	N	same	vert	up	True	332123	333109	up	1	2	6
7	scy	f	19	1	80	diamond	red	(645, 652)	high	dis	(757, 540)	N	same	hori	left	True	334152	335236	left	1	2	7
7	scy	f	19	1	80	diamond	green	(565, 460)	low	dis	(645, 652)	Y	same	vert	up	True	336480	337893	up	1	2	8
7	scy	f	19	1	80	diamond	green	(645, 652)	high	dis	(533, 540)	N	dif	vert	up	True	338909	339781	up	1	2	9
7	scy	f	19	1	80	diamond	red	(645, 652)	high	dis	(565, 619)	N	same	hori	left	True	340935	343077	left	1	2	10
7	scy	f	19	1	80	diamond	green	(645, 652)	high	dis	(724, 619)	N	same	hori	left	True	344327	345717	left	1	2	11
7	scy	f	19	1	80	diamond	red	(645, 652)	high	no	no_dis	N	same	vert	up	True	346862	347597	up	1	2	12
7	scy	f	19	1	80	diamond	red	(645, 652)	high	dis	(724, 619)	N	same	vert	up	True	348677	349373	up	1	2	13
7	scy	f	19	1	80	diamond	red	(645, 652)	high	no	no_dis	N	same	hori	left	True	350508	351324	left	1	2	14
7	scy	f	19	1	80	circle	green	(645, 652)	high	dis	(757, 540)	N	same	vert	up	True	352573	354253	up	1	2	15
7	scy	f	19	1	80	diamond	green	(645, 652)	high	no	no_dis	N	dif	hori	left	True	355410	356245	left	1	2	16
7	scy	f	19	1	80	circle	green	(645, 652)	high	no	no_dis	N	dif	vert	up	True	357248	358669	up	1	2	17
7	scy	f	19	1	80	diamond	red	(645, 652)	high	dis	(645, 428)	N	same	vert	up	True	359715	360373	up	1	2	18
7	scy	f	19	1	80	circle	red	(645, 652)	high	dis	(533, 540)	N	dif	vert	up	True	361415	361997	up	1	2	19
7	scy	f	19	1	80	circle	red	(645, 652)	high	dis	(645, 428)	N	dif	hori	left	True	363009	363589	left	1	2	20
7	scy	f	19	1	80	diamond	red	(565, 619)	low	no	no_dis	N	same	vert	up	True	364792	366124	up	1	2	21
7	scy	f	19	1	80	circle	green	(533, 540)	low	no	no_dis	N	same	vert	up	True	367268	368045	up	1	2	22
7	scy	f	19	1	80	circle	green	(645, 652)	high	no	no_dis	N	dif	hori	left	True	369069	369845	left	1	2	23
7	scy	f	19	1	80	diamond	red	(645, 652)	high	no	no_dis	N	dif	vert	up	True	370937	372412	up	1	2	24
7	scy	f	19	1	80	diamond	red	(724, 619)	low	dis	(645, 652)	Y	dif	hori	left	True	373650	374805	left	1	2	25
7	scy	f	19	1	80	diamond	red	(645, 652)	high	dis	(757, 540)	N	dif	hori	left	True	375862	376693	left	1	2	26
7	scy	f	19	1	80	circle	red	(645, 652)	high	dis	(565, 460)	N	dif	vert	up	True	377745	378573	up	1	2	27
7	scy	f	19	1	80	circle	red	(724, 460)	low	no	no_dis	N	dif	vert	up	True	379811	380741	left	0	2	28
7	scy	f	19	1	80	circle	green	(645, 652)	high	dis	(724, 460)	N	same	vert	up	True	383383	385108	up	1	2	29
7	scy	f	19	1	80	diamond	green	(645, 652)	high	no	no_dis	N	dif	hori	left	True	386267	387092	left	1	2	30
7	scy	f	19	1	80	circle	red	(645, 652)	high	dis	(757, 540)	N	dif	hori	left	True	388237	389837	left	1	2	31
7	scy	f	19	1	80	circle	red	(645, 652)	high	no	no_dis	N	same	vert	up	True	390886	391797	up	1	2	32
7	scy	f	19	1	80	circle	red	(645, 652)	high	dis	(724, 619)	N	same	hori	left	True	392838	393700	left	1	2	33
7	scy	f	19	1	80	diamond	red	(645, 652)	high	dis	(724, 619)	N	dif	vert	up	True	394766	396333	up	1	2	34
7	scy	f	19	1	80	circle	green	(724, 619)	low	dis	(645, 652)	Y	same	hori	left	True	397346	398917	left	1	2	35
7	scy	f	19	1	80	diamond	green	(645, 652)	high	dis	(565, 619)	N	dif	hori	left	True	400010	401548	left	1	2	36
7	scy	f	19	1	80	diamond	red	(645, 652)	high	dis	(645, 428)	N	same	hori	left	True	402714	404005	left	1	2	37
7	scy	f	19	1	80	diamond	green	(645, 652)	high	dis	(565, 460)	N	same	hori	left	True	405020	405837	left	1	2	38
7	scy	f	19	1	80	circle	red	(645, 652)	high	dis	(724, 460)	N	dif	hori	left	True	407029	407701	left	1	2	39
7	scy	f	19	1	80	diamond	red	(645, 652)	high	no	no_dis	N	same	hori	left	True	408876	409348	left	1	2	40
7	scy	f	19	1	80	circle	red	(645, 652)	high	no	no_dis	N	same	hori	left	True	410375	410916	left	1	2	41
7	scy	f	19	1	80	circle	green	(645, 652)	high	no	no_dis	N	same	vert	up	True	412107	412861	up	1	2	42
7	scy	f	19	1	80	diamond	green	(645, 652)	high	no	no_dis	N	same	vert	up	True	413885	415196	up	1	2	43
7	scy	f	19	1	80	circle	red	(645, 652)	high	dis	(724, 619)	N	dif	hori	left	True	416391	417149	left	1	2	44
7	scy	f	19	1	80	diamond	green	(724, 619)	low	dis	(645, 652)	Y	same	vert	up	True	418237	419685	up	1	2	45
7	scy	f	19	1	80	diamond	green	(533, 540)	low	dis	(565, 460)	N	dif	hori	left	True	420803	421924	left	1	2	46
7	scy	f	19	1	80	circle	red	(724, 460)	low	dis	(645, 652)	Y	dif	vert	up	True	423086	424525	up	1	2	47
7	scy	f	19	1	80	circle	red	(757, 540)	low	dis	(645, 652)	Y	same	hori	left	True	425560	427028	left	1	2	48
7	scy	f	19	1	80	circle	green	(645, 428)	low	no	no_dis	N	dif	hori	left	True	428253	429956	left	1	2	49
7	scy	f	19	1	80	diamond	red	(645, 652)	high	no	no_dis	N	same	hori	left	True	431080	431909	left	1	2	50
7	scy	f	19	1	80	circle	green	(645, 652)	high	no	no_dis	N	dif	vert	up	True	433068	433900	up	1	2	51
7	scy	f	19	1	80	circle	red	(645, 652)	high	dis	(533, 540)	N	dif	vert	up	True	434984	435869	up	1	2	52
7	scy	f	19	1	80	circle	red	(645, 652)	high	dis	(565, 460)	N	dif	hori	left	True	436961	437564	left	1	2	53
7	scy	f	19	1	80	diamond	red	(645, 652)	high	dis	(645, 428)	N	dif	vert	up	True	438635	439389	up	1	2	54
7	scy	f	19	1	80	diamond	green	(645, 652)	high	dis	(533, 540)	N	dif	hori	left	True	440490	441197	left	1	2	55
7	scy	f	19	1	80	diamond	green	(645, 652)	high	dis	(724, 619)	N	same	vert	up	True	442269	443580	up	1	2	56
7	scy	f	19	1	80	diamond	red	(645, 652)	high	dis	(757, 540)	N	dif	vert	up	True	444822	445556	up	1	2	57
7	scy	f	19	1	80	diamond	green	(645, 652)	high	dis	(724, 619)	N	same	hori	left	True	446695	447828	left	1	2	58
7	scy	f	19	1	80	diamond	green	(645, 652)	high	no	no_dis	N	dif	vert	up	True	448895	450037	up	1	2	59
7	scy	f	19	1	80	diamond	green	(645, 652)	high	dis	(757, 540)	N	same	hori	left	True	451245	452029	left	1	2	60
7	scy	f	19	1	80	diamond	red	(565, 460)	low	dis	(757, 540)	N	dif	hori	left	True	453225	454381	up	0	2	61
7	scy	f	19	1	80	circle	green	(645, 652)	high	dis	(565, 619)	N	same	vert	up	True	456943	457949	up	1	2	62
7	scy	f	19	1	80	diamond	green	(645, 652)	high	no	no_dis	N	same	hori	left	True	459052	459853	left	1	2	63
7	scy	f	19	1	80	circle	green	(645, 652)	high	no	no_dis	N	dif	vert	up	True	461057	461661	up	1	2	64
7	scy	f	19	1	80	circle	red	(645, 652)	high	no	no_dis	N	same	hori	left	True	462828	463429	left	1	2	65
7	scy	f	19	1	80	diamond	red	(645, 652)	high	no	no_dis	N	same	vert	up	True	464483	465068	up	1	2	66
7	scy	f	19	1	80	diamond	green	(645, 652)	high	dis	(724, 460)	N	same	vert	up	True	466237	466788	up	1	2	67
7	scy	f	19	1	80	circle	green	(565, 619)	low	dis	(533, 540)	N	dif	hori	left	True	468013	468524	up	0	2	68
7	scy	f	19	1	80	circle	green	(645, 652)	high	dis	(533, 540)	N	same	hori	left	True	471230	471789	left	1	2	69
7	scy	f	19	1	80	circle	red	(645, 652)	high	no	no_dis	N	dif	hori	left	True	473035	473669	left	1	2	70
7	scy	f	19	1	80	circle	green	(645, 652)	high	no	no_dis	N	same	vert	up	True	474846	475332	up	1	2	71
7	scy	f	19	1	80	circle	green	(645, 652)	high	dis	(533, 540)	N	dif	vert	up	True	476475	477181	up	1	2	72
7	scy	f	19	1	80	circle	red	(645, 652)	high	no	no_dis	N	dif	hori	left	True	478413	479061	left	1	2	73
7	scy	f	19	1	80	diamond	red	(645, 652)	high	dis	(645, 428)	N	same	vert	up	True	480157	481660	up	1	2	74
7	scy	f	19	1	80	circle	red	(565, 460)	low	no	no_dis	N	dif	hori	left	True	482746	484188	left	1	2	75
7	scy	f	19	1	80	diamond	green	(757, 540)	low	dis	(645, 652)	Y	dif	vert	up	True	485324	486469	up	1	2	76
7	scy	f	19	1	80	diamond	red	(645, 652)	high	dis	(565, 460)	N	same	vert	up	True	487638	488428	up	1	2	77
7	scy	f	19	1	80	diamond	red	(645, 652)	high	dis	(565, 460)	N	same	hori	left	True	489442	490276	left	1	2	78
7	scy	f	19	1	80	diamond	green	(645, 652)	high	dis	(724, 460)	N	same	vert	up	True	491372	492693	up	1	2	79
7	scy	f	19	1	80	circle	green	(645, 652)	high	dis	(645, 428)	N	same	hori	left	True	493738	494389	left	1	2	80
7	scy	f	19	1	80	diamond	green	(645, 652)	high	dis	(724, 460)	N	dif	hori	left	True	495584	496181	left	1	2	81
7	scy	f	19	1	80	circle	green	(645, 652)	high	dis	(724, 460)	N	same	hori	left	True	497386	497997	left	1	2	82
7	scy	f	19	1	80	circle	red	(645, 652)	high	no	no_dis	N	dif	vert	up	True	499052	500324	up	1	2	83
7	scy	f	19	1	80	circle	red	(645, 652)	high	dis	(724, 460)	N	dif	vert	up	True	501389	502412	up	1	2	84
7	scy	f	19	1	80	circle	green	(645, 652)	high	dis	(565, 460)	N	dif	hori	left	True	503471	503997	left	1	2	85
7	scy	f	19	1	80	diamond	red	(565, 460)	low	dis	(724, 460)	N	same	hori	left	True	505128	506645	left	1	2	86
7	scy	f	19	1	80	diamond	red	(724, 460)	low	no	no_dis	N	same	hori	left	True	507687	508613	left	1	2	87
7	scy	f	19	1	80	circle	red	(645, 652)	high	dis	(645, 428)	N	same	hori	left	True	509766	510389	left	1	2	88
7	scy	f	19	1	80	circle	red	(645, 652)	high	no	no_dis	N	same	vert	up	True	511544	512148	up	1	2	89
7	scy	f	19	1	80	diamond	red	(645, 652)	high	no	no_dis	N	same	hori	left	True	513388	513853	left	1	2	90
7	scy	f	19	1	80	diamond	green	(645, 652)	high	no	no_dis	N	same	hori	left	True	515093	515533	up	0	2	91
7	scy	f	19	1	80	diamond	green	(645, 652)	high	no	no_dis	N	dif	hori	left	True	518057	518516	left	1	2	92
7	scy	f	19	1	80	diamond	green	(645, 652)	high	dis	(565, 619)	N	dif	hori	left	True	519735	520556	left	1	2	93
7	scy	f	19	1	80	circle	green	(645, 652)	high	dis	(724, 619)	N	dif	hori	left	True	521714	522628	left	1	2	94
7	scy	f	19	1	80	diamond	red	(645, 652)	high	dis	(565, 619)	N	dif	vert	up	True	523704	524444	up	1	2	95
7	scy	f	19	1	80	diamond	green	(645, 652)	high	dis	(757, 540)	N	same	vert	up	True	525672	526492	up	1	2	96
7	scy	f	19	1	80	circle	red	(645, 652)	high	dis	(645, 428)	N	same	hori	left	True	527512	528164	left	1	2	97
7	scy	f	19	1	80	circle	red	(565, 619)	low	dis	(645, 652)	Y	same	vert	up	True	529301	530053	up	1	2	98
7	scy	f	19	1	80	circle	red	(645, 652)	high	dis	(645, 428)	N	same	vert	up	True	531171	531900	up	1	2	99
7	scy	f	19	1	80	diamond	red	(645, 428)	low	dis	(645, 652)	Y	dif	vert	up	True	532903	534108	up	1	2	100
7	scy	f	19	1	80	circle	red	(645, 652)	high	dis	(565, 619)	N	same	vert	up	True	535201	536020	up	1	2	101
7	scy	f	19	1	80	circle	green	(645, 652)	high	dis	(533, 540)	N	dif	vert	up	True	537116	537924	up	1	2	102
7	scy	f	19	1	80	circle	red	(533, 540)	low	dis	(645, 428)	N	same	vert	up	True	538994	540172	up	1	2	103
7	scy	f	19	1	80	circle	green	(645, 428)	low	dis	(645, 652)	Y	same	hori	left	True	541180	542420	left	1	2	104
7	scy	f	19	1	80	circle	green	(645, 652)	high	dis	(724, 460)	N	dif	vert	up	True	543476	544533	up	1	2	105
7	scy	f	19	1	80	circle	green	(645, 652)	high	no	no_dis	N	same	vert	up	True	545570	546229	up	1	2	106
7	scy	f	19	1	80	circle	green	(724, 460)	low	dis	(724, 619)	N	dif	vert	up	True	547314	548661	up	1	2	107
7	scy	f	19	1	80	circle	green	(645, 652)	high	dis	(565, 460)	N	same	vert	up	True	549745	550533	up	1	2	108
7	scy	f	19	1	80	diamond	red	(645, 652)	high	dis	(565, 619)	N	dif	hori	left	True	551599	552445	left	1	2	109
7	scy	f	19	1	80	circle	green	(645, 652)	high	dis	(533, 540)	N	same	hori	left	True	553645	554325	left	1	2	110
7	scy	f	19	1	80	diamond	red	(645, 652)	high	no	no_dis	N	dif	hori	left	True	555529	556101	left	1	2	111
7	scy	f	19	1	80	diamond	red	(645, 652)	high	dis	(757, 540)	N	dif	hori	left	True	557129	557789	left	1	2	112
7	scy	f	19	1	80	circle	green	(645, 652)	high	dis	(565, 619)	N	same	vert	up	True	558810	559589	up	1	2	113
7	scy	f	19	1	80	circle	green	(645, 652)	high	dis	(565, 460)	N	dif	vert	up	True	560632	561261	up	1	2	114
7	scy	f	19	1	80	diamond	green	(645, 652)	high	dis	(565, 460)	N	dif	hori	left	True	562296	563324	left	1	2	115
7	scy	f	19	1	80	circle	red	(645, 652)	high	dis	(533, 540)	N	dif	hori	left	True	564502	565076	left	1	2	116
7	scy	f	19	1	80	circle	green	(645, 652)	high	no	no_dis	N	dif	hori	left	True	566258	566837	left	1	2	117
7	scy	f	19	1	80	diamond	red	(645, 652)	high	dis	(724, 619)	N	dif	vert	up	True	568072	568733	up	1	2	118
7	scy	f	19	1	80	diamond	green	(645, 652)	high	no	no_dis	N	dif	vert	up	True	569957	570517	up	1	2	119
7	scy	f	19	1	80	diamond	green	(724, 619)	low	no	no_dis	N	same	hori	left	True	571520	572213	left	1	2	120
7	scy	f	19	1	80	circle	green	(645, 428)	low	dis	(757, 540)	N	same	vert	up	True	609147	610596	up	1	3	1
7	scy	f	19	1	80	circle	red	(645, 652)	high	no	no_dis	N	same	vert	up	True	611739	612532	up	1	3	2
7	scy	f	19	1	80	circle	green	(645, 652)	high	no	no_dis	N	dif	vert	up	True	613585	614445	up	1	3	3
7	scy	f	19	1	80	diamond	green	(645, 652)	high	no	no_dis	N	same	vert	up	True	615452	616732	up	1	3	4
7	scy	f	19	1	80	circle	green	(565, 460)	low	no	no_dis	N	same	vert	up	True	617853	618812	up	1	3	5
7	scy	f	19	1	80	diamond	green	(565, 619)	low	no	no_dis	N	same	hori	left	True	620010	620941	left	1	3	6
7	scy	f	19	1	80	diamond	red	(645, 652)	high	dis	(724, 619)	N	same	vert	up	True	622171	622861	up	1	3	7
7	scy	f	19	1	80	diamond	green	(645, 652)	high	dis	(533, 540)	N	dif	vert	up	True	623995	624764	up	1	3	8
7	scy	f	19	1	80	diamond	red	(645, 652)	high	no	no_dis	N	same	hori	left	True	625780	626653	left	1	3	9
7	scy	f	19	1	80	diamond	green	(645, 652)	high	dis	(645, 428)	N	same	hori	left	True	627779	628460	left	1	3	10
7	scy	f	19	1	80	circle	green	(645, 652)	high	no	no_dis	N	same	hori	left	True	629565	630156	left	1	3	11
7	scy	f	19	1	80	diamond	green	(645, 652)	high	no	no_dis	N	same	hori	left	True	631315	631812	left	1	3	12
7	scy	f	19	1	80	diamond	green	(645, 652)	high	dis	(645, 428)	N	dif	hori	left	True	632847	633780	left	1	3	13
7	scy	f	19	1	80	circle	red	(645, 652)	high	dis	(565, 460)	N	dif	vert	up	True	634968	635764	up	1	3	14
7	scy	f	19	1	80	circle	red	(724, 460)	low	dis	(645, 652)	Y	same	hori	left	True	636794	637901	left	1	3	15
7	scy	f	19	1	80	diamond	green	(645, 652)	high	dis	(565, 619)	N	same	vert	up	True	639032	640204	up	1	3	16
7	scy	f	19	1	80	diamond	green	(645, 652)	high	dis	(565, 619)	N	dif	vert	up	True	641429	642172	left	0	3	17
7	scy	f	19	1	80	diamond	red	(645, 652)	high	dis	(757, 540)	N	dif	vert	up	True	644831	645540	up	1	3	18
7	scy	f	19	1	80	circle	green	(645, 652)	high	dis	(533, 540)	N	same	hori	left	True	646565	647365	left	1	3	19
7	scy	f	19	1	80	diamond	green	(645, 652)	high	dis	(724, 460)	N	same	vert	up	True	648586	649421	up	1	3	20
7	scy	f	19	1	80	diamond	green	(645, 652)	high	dis	(757, 540)	N	dif	hori	left	True	650518	650988	left	1	3	21
7	scy	f	19	1	80	circle	green	(645, 652)	high	dis	(724, 460)	N	same	vert	up	True	652065	652749	up	1	3	22
7	scy	f	19	1	80	diamond	red	(645, 652)	high	no	no_dis	N	same	vert	up	True	653908	654869	up	1	3	23
7	scy	f	19	1	80	circle	green	(645, 652)	high	dis	(757, 540)	N	same	hori	left	True	655882	656565	left	1	3	24
7	scy	f	19	1	80	circle	red	(757, 540)	low	dis	(565, 619)	N	same	vert	up	True	657656	658644	up	1	3	25
7	scy	f	19	1	80	diamond	green	(645, 652)	high	no	no_dis	N	dif	hori	left	True	659725	660260	left	1	3	26
7	scy	f	19	1	80	diamond	red	(645, 652)	high	dis	(757, 540)	N	same	hori	left	True	661466	662844	left	1	3	27
7	scy	f	19	1	80	circle	red	(645, 652)	high	no	no_dis	N	same	vert	up	True	663974	664732	up	1	3	28
7	scy	f	19	1	80	circle	green	(645, 652)	high	dis	(757, 540)	N	dif	hori	left	True	665810	666372	left	1	3	29
7	scy	f	19	1	80	diamond	green	(645, 652)	high	dis	(724, 460)	N	dif	hori	left	True	667562	668141	up	0	3	30
7	scy	f	19	1	80	circle	red	(565, 619)	low	dis	(645, 428)	N	same	hori	left	True	670659	671332	left	1	3	31
7	scy	f	19	1	80	diamond	red	(724, 619)	low	no	no_dis	N	dif	hori	left	True	672403	673333	left	1	3	32
7	scy	f	19	1	80	circle	green	(645, 652)	high	dis	(565, 460)	N	dif	vert	up	True	674577	675989	up	1	3	33
7	scy	f	19	1	80	circle	green	(645, 652)	high	no	no_dis	N	same	hori	left	True	677119	677932	left	1	3	34
7	scy	f	19	1	80	diamond	green	(757, 540)	low	dis	(645, 652)	Y	dif	vert	up	True	678950	680205	up	1	3	35
7	scy	f	19	1	80	circle	green	(645, 652)	high	dis	(724, 460)	N	same	vert	up	True	681247	682340	up	1	3	36
7	scy	f	19	1	80	diamond	green	(645, 652)	high	no	no_dis	N	same	vert	up	True	683405	684445	up	1	3	37
7	scy	f	19	1	80	diamond	red	(645, 652)	high	no	no_dis	N	dif	vert	up	True	685628	687021	up	1	3	38
7	scy	f	19	1	80	circle	red	(645, 652)	high	no	no_dis	N	dif	vert	up	True	688039	689036	up	1	3	39
7	scy	f	19	1	80	diamond	red	(533, 540)	low	dis	(645, 652)	Y	same	vert	up	True	690126	691125	up	1	3	40
7	scy	f	19	1	80	circle	red	(645, 652)	high	dis	(533, 540)	N	dif	hori	left	True	692345	693085	left	1	3	41
7	scy	f	19	1	80	diamond	green	(645, 652)	high	dis	(565, 460)	N	same	vert	up	True	694164	695460	left	0	3	42
7	scy	f	19	1	80	circle	red	(645, 652)	high	no	no_dis	N	same	hori	left	True	698162	699077	left	1	3	43
7	scy	f	19	1	80	diamond	red	(645, 652)	high	dis	(533, 540)	N	same	hori	left	True	700214	701172	left	1	3	44
7	scy	f	19	1	80	diamond	green	(645, 652)	high	dis	(724, 619)	N	same	hori	left	True	702299	704317	left	1	3	45
7	scy	f	19	1	80	circle	green	(645, 652)	high	dis	(724, 619)	N	same	vert	up	True	705330	706693	up	1	3	46
7	scy	f	19	1	80	circle	green	(645, 652)	high	dis	(724, 460)	N	same	hori	left	True	707861	708789	left	1	3	47
7	scy	f	19	1	80	circle	green	(645, 652)	high	dis	(565, 619)	N	dif	vert	up	True	709848	711261	up	1	3	48
7	scy	f	19	1	80	circle	red	(645, 652)	high	no	no_dis	N	dif	hori	left	True	712504	713293	left	1	3	49
7	scy	f	19	1	80	diamond	green	(645, 652)	high	dis	(565, 460)	N	dif	hori	left	True	714374	715380	left	1	3	50
7	scy	f	19	1	80	circle	red	(645, 652)	high	dis	(645, 428)	N	dif	hori	left	True	716512	718076	left	1	3	51
7	scy	f	19	1	80	circle	green	(724, 619)	low	dis	(645, 652)	Y	dif	hori	left	True	719259	720525	left	1	3	52
7	scy	f	19	1	80	circle	green	(645, 652)	high	dis	(565, 460)	N	same	vert	up	True	721732	722645	up	1	3	53
7	scy	f	19	1	80	circle	red	(645, 652)	high	dis	(533, 540)	N	same	hori	left	True	723725	724309	left	1	3	54
7	scy	f	19	1	80	diamond	green	(533, 540)	low	no	no_dis	N	dif	vert	up	True	725368	726565	up	1	3	55
7	scy	f	19	1	80	diamond	green	(565, 460)	low	dis	(724, 619)	N	dif	hori	left	True	727777	728893	left	1	3	56
7	scy	f	19	1	80	circle	red	(645, 652)	high	dis	(565, 619)	N	same	hori	left	True	729908	731108	left	1	3	57
7	scy	f	19	1	80	diamond	green	(645, 652)	high	dis	(565, 619)	N	dif	hori	left	True	732201	732965	left	1	3	58
7	scy	f	19	1	80	circle	green	(645, 652)	high	no	no_dis	N	dif	hori	left	True	734035	734756	left	1	3	59
7	scy	f	19	1	80	circle	green	(645, 652)	high	dis	(724, 460)	N	dif	hori	left	True	735764	736333	left	1	3	60
7	scy	f	19	1	80	diamond	green	(645, 652)	high	no	no_dis	N	dif	hori	left	True	737498	738957	left	1	3	61
7	scy	f	19	1	80	circle	red	(645, 652)	high	no	no_dis	N	dif	vert	up	True	740088	741133	up	1	3	62
7	scy	f	19	1	80	circle	green	(645, 652)	high	dis	(724, 619)	N	dif	vert	up	True	742320	743749	up	1	3	63
7	scy	f	19	1	80	circle	green	(645, 652)	high	dis	(645, 428)	N	same	hori	left	True	744778	745596	left	1	3	64
7	scy	f	19	1	80	circle	green	(645, 652)	high	no	no_dis	N	dif	hori	left	True	746681	747260	left	1	3	65
7	scy	f	19	1	80	diamond	green	(645, 652)	high	dis	(645, 428)	N	same	vert	up	True	748501	749204	up	1	3	66
7	scy	f	19	1	80	circle	red	(645, 652)	high	dis	(645, 428)	N	dif	vert	up	True	750255	750972	up	1	3	67
7	scy	f	19	1	80	circle	green	(645, 652)	high	dis	(724, 619)	N	dif	vert	up	True	752153	753052	up	1	3	68
7	scy	f	19	1	80	circle	red	(645, 652)	high	no	no_dis	N	same	vert	up	True	754213	754845	up	1	3	69
7	scy	f	19	1	80	circle	red	(645, 652)	high	dis	(724, 619)	N	same	hori	left	True	755998	757301	left	1	3	70
7	scy	f	19	1	80	diamond	red	(565, 460)	low	dis	(645, 652)	Y	same	vert	up	True	758505	759596	up	1	3	71
7	scy	f	19	1	80	circle	green	(565, 619)	low	dis	(645, 652)	Y	dif	vert	up	True	760801	761380	left	0	3	72
7	scy	f	19	1	80	circle	red	(645, 652)	high	dis	(645, 428)	N	same	hori	left	True	763906	764733	left	1	3	73
7	scy	f	19	1	80	circle	red	(645, 652)	high	no	no_dis	N	dif	vert	up	True	765973	766660	up	1	3	74
7	scy	f	19	1	80	diamond	red	(645, 652)	high	no	no_dis	N	same	hori	left	True	767731	768197	left	1	3	75
7	scy	f	19	1	80	circle	green	(645, 652)	high	dis	(757, 540)	N	dif	hori	left	True	769270	769980	left	1	3	76
7	scy	f	19	1	80	circle	red	(645, 652)	high	dis	(533, 540)	N	dif	vert	up	True	771154	771724	up	1	3	77
7	scy	f	19	1	80	diamond	red	(645, 428)	low	dis	(645, 652)	Y	same	hori	left	True	772957	773365	left	1	3	78
7	scy	f	19	1	80	circle	green	(724, 460)	low	dis	(645, 652)	Y	dif	vert	up	True	774431	775092	left	0	3	79
7	scy	f	19	1	80	circle	red	(645, 652)	high	dis	(724, 619)	N	dif	vert	up	True	777632	779340	up	1	3	80
7	scy	f	19	1	80	circle	red	(533, 540)	low	dis	(724, 460)	N	dif	hori	left	True	780543	781540	left	1	3	81
7	scy	f	19	1	80	circle	green	(645, 652)	high	no	no_dis	N	dif	vert	up	True	782776	783589	up	1	3	82
7	scy	f	19	1	80	diamond	green	(645, 652)	high	dis	(565, 460)	N	dif	hori	left	True	784779	785949	left	1	3	83
7	scy	f	19	1	80	diamond	green	(565, 619)	low	dis	(533, 540)	N	same	hori	left	True	787001	788388	left	1	3	84
7	scy	f	19	1	80	diamond	red	(645, 652)	high	dis	(565, 460)	N	same	vert	up	True	789603	790380	up	1	3	85
7	scy	f	19	1	80	circle	red	(645, 652)	high	dis	(533, 540)	N	same	hori	left	True	791569	792164	left	1	3	86
7	scy	f	19	1	80	diamond	red	(724, 619)	low	dis	(645, 652)	Y	dif	hori	left	True	793409	794628	up	0	3	87
7	scy	f	19	1	80	diamond	green	(645, 652)	high	no	no_dis	N	same	hori	left	True	797249	797893	left	1	3	88
7	scy	f	19	1	80	diamond	green	(645, 652)	high	dis	(757, 540)	N	dif	hori	left	True	798935	799732	left	1	3	89
7	scy	f	19	1	80	circle	red	(757, 540)	low	no	no_dis	N	dif	vert	up	True	800930	801908	up	1	3	90
7	scy	f	19	1	80	diamond	red	(645, 652)	high	dis	(533, 540)	N	dif	vert	up	True	803126	803829	up	1	3	91
7	scy	f	19	1	80	diamond	red	(645, 652)	high	dis	(724, 460)	N	dif	hori	left	True	805016	805956	left	1	3	92
7	scy	f	19	1	80	circle	red	(645, 652)	high	dis	(565, 619)	N	same	vert	up	True	807004	808061	up	1	3	93
7	scy	f	19	1	80	diamond	green	(533, 540)	low	dis	(645, 652)	Y	dif	vert	up	True	809131	810156	up	1	3	94
7	scy	f	19	1	80	diamond	red	(645, 652)	high	dis	(565, 460)	N	dif	vert	up	True	811362	811941	up	1	3	95
7	scy	f	19	1	80	diamond	red	(724, 460)	low	no	no_dis	N	same	vert	up	True	812968	813996	up	1	3	96
7	scy	f	19	1	80	circle	green	(645, 652)	high	no	no_dis	N	dif	hori	left	True	815182	816260	left	1	3	97
7	scy	f	19	1	80	diamond	red	(645, 652)	high	dis	(724, 619)	N	dif	hori	left	True	817494	818156	left	1	3	98
7	scy	f	19	1	80	circle	green	(645, 652)	high	dis	(565, 460)	N	dif	vert	up	True	819330	820533	up	1	3	99
7	scy	f	19	1	80	diamond	red	(645, 652)	high	no	no_dis	N	dif	vert	up	True	821785	822764	up	1	3	100
7	scy	f	19	1	80	diamond	red	(645, 652)	high	dis	(757, 540)	N	same	vert	up	True	823790	825141	left	0	3	101
7	scy	f	19	1	80	diamond	green	(645, 652)	high	no	no_dis	N	dif	hori	left	True	827885	830796	up	0	3	102
7	scy	f	19	1	80	circle	red	(645, 652)	high	dis	(724, 460)	N	dif	vert	up	True	833359	834325	up	1	3	103
7	scy	f	19	1	80	diamond	red	(645, 652)	high	no	no_dis	N	same	vert	up	True	835370	836052	up	1	3	104
7	scy	f	19	1	80	circle	red	(645, 652)	high	dis	(565, 619)	N	dif	hori	left	True	837283	838148	left	1	3	105
7	scy	f	19	1	80	diamond	green	(645, 652)	high	no	no_dis	N	same	hori	left	True	839276	839997	left	1	3	106
7	scy	f	19	1	80	circle	green	(757, 540)	low	no	no_dis	N	dif	hori	left	True	841189	842276	left	1	3	107
7	scy	f	19	1	80	diamond	red	(645, 652)	high	dis	(724, 619)	N	same	hori	left	True	843298	843980	left	1	3	108
7	scy	f	19	1	80	diamond	red	(645, 652)	high	dis	(645, 428)	N	same	hori	left	True	845077	845684	left	1	3	109
7	scy	f	19	1	80	circle	red	(645, 652)	high	dis	(565, 460)	N	dif	vert	up	True	846700	847284	up	1	3	110
7	scy	f	19	1	80	diamond	red	(645, 652)	high	no	no_dis	N	same	vert	up	True	848300	849516	up	1	3	111
7	scy	f	19	1	80	diamond	red	(645, 652)	high	dis	(645, 428)	N	dif	hori	left	True	850625	851252	left	1	3	112
7	scy	f	19	1	80	diamond	red	(645, 652)	high	no	no_dis	N	dif	vert	up	True	852501	853948	up	1	3	113
7	scy	f	19	1	80	diamond	green	(645, 652)	high	dis	(757, 540)	N	same	vert	up	True	855130	855756	up	1	3	114
7	scy	f	19	1	80	diamond	red	(645, 652)	high	dis	(565, 619)	N	same	vert	up	True	857008	857996	up	1	3	115
7	scy	f	19	1	80	circle	red	(645, 652)	high	dis	(565, 619)	N	same	hori	left	True	859220	860205	left	1	3	116
7	scy	f	19	1	80	diamond	red	(645, 652)	high	dis	(724, 460)	N	same	vert	up	True	861340	861996	up	1	3	117
7	scy	f	19	1	80	diamond	red	(645, 652)	high	dis	(533, 540)	N	same	vert	up	True	863117	863940	up	1	3	118
7	scy	f	19	1	80	circle	green	(645, 652)	high	no	no_dis	N	dif	hori	left	True	865128	865924	left	1	3	119
7	scy	f	19	1	80	circle	red	(645, 428)	low	no	no_dis	N	same	hori	left	True	867101	868532	left	1	3	120
7	scy	f	19	1	80	diamond	red	(645, 428)	low	dis	(645, 652)	Y	dif	vert	up	True	902179	904092	up	1	4	1
7	scy	f	19	1	80	circle	red	(645, 652)	high	dis	(565, 619)	N	dif	vert	up	True	905095	905893	up	1	4	2
7	scy	f	19	1	80	circle	red	(645, 652)	high	dis	(724, 460)	N	same	hori	left	True	907021	907541	left	1	4	3
7	scy	f	19	1	80	circle	red	(645, 652)	high	no	no_dis	N	same	hori	left	True	908555	909028	left	1	4	4
7	scy	f	19	1	80	diamond	red	(645, 652)	high	dis	(757, 540)	N	same	vert	up	True	910047	910668	up	1	4	5
7	scy	f	19	1	80	diamond	green	(645, 652)	high	no	no_dis	N	same	hori	left	True	911845	912372	left	1	4	6
7	scy	f	19	1	80	diamond	green	(645, 652)	high	dis	(645, 428)	N	dif	hori	left	True	913557	914204	left	1	4	7
7	scy	f	19	1	80	diamond	red	(645, 428)	low	no	no_dis	N	dif	hori	left	True	915409	916604	left	1	4	8
7	scy	f	19	1	80	diamond	red	(645, 652)	high	dis	(757, 540)	N	dif	vert	up	True	917632	918516	up	1	4	9
7	scy	f	19	1	80	diamond	green	(533, 540)	low	dis	(645, 652)	Y	dif	hori	left	True	919535	920516	left	1	4	10
7	scy	f	19	1	80	circle	green	(645, 652)	high	no	no_dis	N	dif	hori	left	True	921704	922236	left	1	4	11
7	scy	f	19	1	80	circle	red	(565, 619)	low	dis	(724, 619)	N	same	hori	left	True	923394	924668	left	1	4	12
7	scy	f	19	1	80	diamond	green	(645, 652)	high	dis	(724, 460)	N	same	hori	left	True	925883	926908	left	1	4	13
7	scy	f	19	1	80	diamond	red	(645, 652)	high	dis	(645, 428)	N	same	vert	up	True	927997	928629	up	1	4	14
7	scy	f	19	1	80	circle	green	(565, 619)	low	dis	(645, 652)	Y	dif	hori	left	True	929800	930524	up	0	4	15
7	scy	f	19	1	80	diamond	red	(645, 652)	high	dis	(724, 619)	N	same	vert	up	True	933046	934988	up	1	4	16
7	scy	f	19	1	80	diamond	red	(565, 460)	low	dis	(645, 652)	Y	same	hori	left	True	936073	937229	left	1	4	17
7	scy	f	19	1	80	circle	red	(645, 652)	high	no	no_dis	N	dif	hori	left	True	938243	939084	left	1	4	18
7	scy	f	19	1	80	diamond	red	(645, 652)	high	dis	(565, 460)	N	dif	hori	left	True	940099	940772	left	1	4	19
7	scy	f	19	1	80	circle	green	(645, 652)	high	dis	(724, 460)	N	same	hori	left	True	941867	942748	left	1	4	20
7	scy	f	19	1	80	circle	red	(645, 652)	high	dis	(724, 460)	N	dif	vert	up	True	943824	944540	up	1	4	21
7	scy	f	19	1	80	diamond	green	(645, 652)	high	dis	(757, 540)	N	dif	vert	up	True	945780	946612	up	1	4	22
7	scy	f	19	1	80	diamond	green	(645, 652)	high	no	no_dis	N	same	hori	left	True	947703	948348	left	1	4	23
7	scy	f	19	1	80	diamond	green	(645, 652)	high	no	no_dis	N	same	vert	up	True	949576	950116	up	1	4	24
7	scy	f	19	1	80	diamond	green	(645, 652)	high	dis	(757, 540)	N	dif	hori	left	True	951292	952564	left	1	4	25
7	scy	f	19	1	80	diamond	red	(645, 652)	high	dis	(533, 540)	N	same	vert	up	True	953713	954757	up	1	4	26
7	scy	f	19	1	80	circle	red	(645, 652)	high	dis	(724, 460)	N	dif	vert	up	True	955818	956692	up	1	4	27
7	scy	f	19	1	80	diamond	red	(645, 652)	high	dis	(645, 428)	N	dif	hori	left	True	957889	958412	left	1	4	28
7	scy	f	19	1	80	circle	green	(645, 652)	high	dis	(724, 619)	N	same	vert	up	True	959512	960525	up	1	4	29
7	scy	f	19	1	80	diamond	red	(645, 652)	high	no	no_dis	N	dif	hori	left	True	961602	962236	left	1	4	30
7	scy	f	19	1	80	circle	red	(645, 652)	high	dis	(724, 619)	N	same	hori	left	True	963460	964596	left	1	4	31
7	scy	f	19	1	80	diamond	green	(645, 652)	high	dis	(565, 460)	N	same	vert	up	True	965829	966477	up	1	4	32
7	scy	f	19	1	80	diamond	red	(645, 652)	high	dis	(724, 460)	N	dif	hori	left	True	967635	968245	left	1	4	33
7	scy	f	19	1	80	circle	green	(645, 652)	high	no	no_dis	N	same	vert	up	True	969456	970053	up	1	4	34
7	scy	f	19	1	80	circle	green	(565, 460)	low	no	no_dis	N	dif	vert	up	True	971175	972284	up	1	4	35
7	scy	f	19	1	80	diamond	green	(645, 652)	high	no	no_dis	N	dif	vert	up	True	973520	974597	up	1	4	36
7	scy	f	19	1	80	diamond	red	(645, 652)	high	no	no_dis	N	dif	vert	up	True	975829	976572	up	1	4	37
7	scy	f	19	1	80	circle	green	(645, 652)	high	no	no_dis	N	dif	vert	up	True	977754	978500	up	1	4	38
7	scy	f	19	1	80	circle	red	(645, 652)	high	dis	(565, 619)	N	same	hori	left	True	979571	980525	left	1	4	39
7	scy	f	19	1	80	diamond	green	(645, 652)	high	dis	(724, 460)	N	dif	vert	up	True	981745	982652	up	1	4	40
7	scy	f	19	1	80	circle	red	(645, 652)	high	dis	(645, 428)	N	dif	hori	left	True	983666	984260	left	1	4	41
7	scy	f	19	1	80	diamond	red	(645, 652)	high	no	no_dis	N	dif	hori	left	True	985281	986596	left	1	4	42
7	scy	f	19	1	80	diamond	green	(645, 652)	high	no	no_dis	N	dif	vert	up	True	987673	988500	up	1	4	43
7	scy	f	19	1	80	diamond	red	(645, 652)	high	no	no_dis	N	dif	vert	up	True	989627	990916	up	1	4	44
7	scy	f	19	1	80	diamond	red	(565, 460)	low	dis	(645, 652)	Y	same	vert	up	True	992011	993100	up	1	4	45
7	scy	f	19	1	80	circle	red	(645, 652)	high	dis	(565, 619)	N	same	hori	left	True	994333	995533	left	1	4	46
7	scy	f	19	1	80	circle	red	(645, 652)	high	dis	(645, 428)	N	same	vert	up	True	996778	997477	up	1	4	47
7	scy	f	19	1	80	circle	red	(533, 540)	low	dis	(724, 460)	N	dif	vert	up	True	998709	999636	up	1	4	48
7	scy	f	19	1	80	circle	green	(645, 652)	high	dis	(724, 619)	N	same	vert	up	True	1000775	1001548	up	1	4	49
7	scy	f	19	1	80	diamond	green	(645, 652)	high	no	no_dis	N	same	vert	up	True	1002721	1003452	up	1	4	50
7	scy	f	19	1	80	diamond	green	(565, 460)	low	dis	(565, 619)	N	same	vert	up	True	1004494	1005460	up	1	4	51
7	scy	f	19	1	80	diamond	red	(645, 652)	high	no	no_dis	N	same	hori	left	True	1006578	1007581	left	1	4	52
7	scy	f	19	1	80	diamond	green	(645, 652)	high	dis	(645, 428)	N	same	hori	left	True	1008751	1009420	left	1	4	53
7	scy	f	19	1	80	circle	green	(645, 652)	high	dis	(565, 460)	N	dif	vert	up	True	1010570	1011356	up	1	4	54
7	scy	f	19	1	80	diamond	green	(757, 540)	low	dis	(645, 652)	Y	same	vert	up	True	1012360	1013469	up	1	4	55
7	scy	f	19	1	80	circle	red	(645, 652)	high	dis	(565, 460)	N	dif	vert	up	True	1014568	1015541	up	1	4	56
7	scy	f	19	1	80	circle	green	(645, 652)	high	no	no_dis	N	same	hori	left	True	1016641	1017500	left	1	4	57
7	scy	f	19	1	80	diamond	red	(645, 652)	high	dis	(724, 460)	N	same	vert	up	True	1018655	1019557	up	1	4	58
7	scy	f	19	1	80	circle	green	(645, 652)	high	dis	(724, 619)	N	dif	hori	left	True	1020730	1021301	left	1	4	59
7	scy	f	19	1	80	circle	green	(645, 652)	high	dis	(724, 619)	N	dif	vert	up	True	1022528	1023781	up	1	4	60
7	scy	f	19	1	80	circle	green	(645, 652)	high	no	no_dis	N	same	vert	up	True	1024828	1025605	up	1	4	61
7	scy	f	19	1	80	circle	green	(645, 652)	high	no	no_dis	N	same	hori	left	True	1026787	1027396	left	1	4	62
7	scy	f	19	1	80	circle	red	(645, 652)	high	no	no_dis	N	dif	hori	left	True	1028569	1029260	left	1	4	63
7	scy	f	19	1	80	circle	green	(645, 652)	high	dis	(757, 540)	N	same	vert	up	True	1030335	1030988	up	1	4	64
7	scy	f	19	1	80	circle	red	(724, 460)	low	dis	(565, 460)	N	dif	hori	left	True	1032023	1033708	left	1	4	65
7	scy	f	19	1	80	diamond	red	(645, 652)	high	dis	(565, 460)	N	same	vert	up	True	1034867	1036837	up	1	4	66
7	scy	f	19	1	80	circle	red	(645, 652)	high	no	no_dis	N	dif	vert	up	True	1037871	1038772	up	1	4	67
7	scy	f	19	1	80	diamond	red	(645, 652)	high	dis	(533, 540)	N	dif	hori	left	True	1039783	1040701	left	1	4	68
7	scy	f	19	1	80	diamond	green	(645, 652)	high	dis	(757, 540)	N	same	vert	up	True	1041776	1042829	up	1	4	69
7	scy	f	19	1	80	diamond	green	(533, 540)	low	no	no_dis	N	same	vert	up	True	1043850	1044908	up	1	4	70
7	scy	f	19	1	80	circle	green	(645, 652)	high	no	no_dis	N	same	hori	left	True	1046158	1046916	left	1	4	71
7	scy	f	19	1	80	circle	green	(645, 652)	high	dis	(565, 460)	N	dif	vert	up	True	1048124	1049165	up	1	4	72
7	scy	f	19	1	80	diamond	red	(645, 652)	high	dis	(724, 619)	N	dif	hori	left	True	1050354	1051069	left	1	4	73
7	scy	f	19	1	80	circle	red	(645, 652)	high	dis	(533, 540)	N	dif	vert	up	True	1052124	1052908	up	1	4	74
7	scy	f	19	1	80	diamond	red	(724, 619)	low	dis	(645, 652)	Y	dif	vert	up	True	1054096	1055220	up	1	4	75
7	scy	f	19	1	80	diamond	green	(645, 652)	high	no	no_dis	N	same	vert	up	True	1056334	1057036	up	1	4	76
7	scy	f	19	1	80	diamond	green	(645, 652)	high	dis	(645, 428)	N	same	hori	left	True	1058048	1058876	left	1	4	77
7	scy	f	19	1	80	diamond	green	(645, 652)	high	dis	(645, 428)	N	same	hori	left	True	1059940	1060461	left	1	4	78
7	scy	f	19	1	80	diamond	green	(645, 652)	high	dis	(645, 428)	N	dif	hori	left	True	1061687	1062205	left	1	4	79
7	scy	f	19	1	80	circle	red	(645, 652)	high	dis	(533, 540)	N	same	hori	left	True	1063237	1063980	left	1	4	80
7	scy	f	19	1	80	circle	red	(757, 540)	low	no	no_dis	N	same	hori	left	True	1065175	1066396	left	1	4	81
7	scy	f	19	1	80	circle	green	(645, 652)	high	dis	(565, 619)	N	same	hori	left	True	1067552	1069084	left	1	4	82
7	scy	f	19	1	80	circle	green	(645, 652)	high	dis	(565, 460)	N	same	hori	left	True	1070111	1070837	left	1	4	83
7	scy	f	19	1	80	diamond	green	(724, 619)	low	dis	(757, 540)	N	dif	hori	left	True	1071996	1074292	left	1	4	84
7	scy	f	19	1	80	diamond	green	(645, 652)	high	dis	(533, 540)	N	same	hori	left	True	1075372	1076477	left	1	4	85
7	scy	f	19	1	80	circle	red	(645, 652)	high	no	no_dis	N	dif	vert	up	True	1077639	1078308	up	1	4	86
7	scy	f	19	1	80	diamond	red	(645, 652)	high	dis	(757, 540)	N	same	vert	up	True	1079336	1080476	up	1	4	87
7	scy	f	19	1	80	circle	green	(645, 652)	high	no	no_dis	N	dif	hori	left	True	1081698	1082220	left	1	4	88
7	scy	f	19	1	80	circle	green	(645, 652)	high	dis	(565, 460)	N	dif	hori	left	True	1083274	1084204	left	1	4	89
7	scy	f	19	1	80	diamond	red	(645, 652)	high	dis	(724, 619)	N	dif	hori	left	True	1085347	1086236	left	1	4	90
7	scy	f	19	1	80	diamond	green	(645, 652)	high	dis	(757, 540)	N	dif	hori	left	True	1087398	1088205	left	1	4	91
7	scy	f	19	1	80	circle	green	(645, 428)	low	dis	(645, 652)	Y	same	hori	left	True	1089322	1090292	left	1	4	92
7	scy	f	19	1	80	circle	green	(724, 460)	low	dis	(645, 652)	Y	same	vert	up	True	1091344	1092884	left	0	4	93
7	scy	f	19	1	80	circle	red	(645, 652)	high	dis	(565, 619)	N	same	vert	up	True	1095481	1096413	up	1	4	94
7	scy	f	19	1	80	circle	red	(645, 652)	high	dis	(757, 540)	N	same	hori	left	True	1097544	1098253	left	1	4	95
7	scy	f	19	1	80	circle	green	(533, 540)	low	no	no_dis	N	same	vert	up	True	1099468	1100332	up	1	4	96
7	scy	f	19	1	80	circle	green	(724, 619)	low	dis	(533, 540)	N	dif	vert	up	True	1101540	1102629	up	1	4	97
7	scy	f	19	1	80	circle	green	(645, 652)	high	dis	(724, 460)	N	dif	vert	up	True	1103787	1104372	up	1	4	98
7	scy	f	19	1	80	diamond	red	(565, 619)	low	no	no_dis	N	dif	hori	left	True	1105462	1105972	left	1	4	99
7	scy	f	19	1	80	circle	red	(645, 652)	high	dis	(724, 619)	N	same	vert	up	True	1107007	1108156	up	1	4	100
7	scy	f	19	1	80	circle	green	(645, 652)	high	dis	(533, 540)	N	dif	vert	up	True	1109351	1110108	up	1	4	101
7	scy	f	19	1	80	diamond	green	(645, 652)	high	dis	(565, 619)	N	dif	hori	left	True	1111124	1112517	left	1	4	102
7	scy	f	19	1	80	diamond	red	(645, 652)	high	dis	(565, 460)	N	dif	vert	up	True	1113596	1114948	up	1	4	103
7	scy	f	19	1	80	diamond	red	(645, 652)	high	no	no_dis	N	same	vert	up	True	1116153	1117124	up	1	4	104
7	scy	f	19	1	80	circle	red	(645, 652)	high	no	no_dis	N	dif	hori	left	True	1118304	1119293	left	1	4	105
7	scy	f	19	1	80	circle	red	(724, 460)	low	no	no_dis	N	same	hori	left	True	1120334	1121460	left	1	4	106
7	scy	f	19	1	80	circle	green	(645, 652)	high	dis	(533, 540)	N	dif	vert	up	True	1122683	1123653	up	1	4	107
7	scy	f	19	1	80	circle	red	(645, 652)	high	dis	(565, 619)	N	same	hori	left	True	1124703	1125532	left	1	4	108
7	scy	f	19	1	80	circle	red	(645, 652)	high	no	no_dis	N	same	vert	up	True	1126725	1127612	up	1	4	109
7	scy	f	19	1	80	circle	green	(645, 652)	high	dis	(565, 619)	N	same	hori	left	True	1128762	1129541	left	1	4	110
7	scy	f	19	1	80	diamond	red	(645, 652)	high	no	no_dis	N	dif	vert	up	True	1130606	1131172	up	1	4	111
7	scy	f	19	1	80	diamond	green	(645, 652)	high	dis	(645, 428)	N	dif	vert	up	True	1132301	1133309	up	1	4	112
7	scy	f	19	1	80	diamond	green	(645, 652)	high	dis	(565, 619)	N	dif	hori	left	True	1134483	1135140	left	1	4	113
7	scy	f	19	1	80	diamond	red	(645, 652)	high	dis	(533, 540)	N	dif	hori	left	True	1136142	1136725	left	1	4	114
7	scy	f	19	1	80	circle	red	(645, 652)	high	no	no_dis	N	same	vert	up	True	1137954	1138540	up	1	4	115
7	scy	f	19	1	80	diamond	red	(645, 652)	high	no	no_dis	N	same	hori	left	True	1139720	1140324	left	1	4	116
7	scy	f	19	1	80	circle	green	(645, 652)	high	dis	(533, 540)	N	same	vert	up	True	1141503	1142149	up	1	4	117
7	scy	f	19	1	80	circle	red	(757, 540)	low	dis	(645, 652)	Y	same	hori	left	True	1143156	1143644	left	1	4	118
7	scy	f	19	1	80	diamond	green	(724, 619)	low	no	no_dis	N	dif	vert	up	True	1144846	1145548	up	1	4	119
7	scy	f	19	1	80	diamond	green	(645, 652)	high	no	no_dis	N	dif	hori	left	True	1146674	1147284	left	1	4	120
7	scy	f	19	1	80	circle	red	(645, 652)	high	no	no_dis	N	dif	hori	left	True	1180986	1181916	left	1	5	1
7	scy	f	19	1	80	circle	red	(645, 652)	high	dis	(724, 460)	N	same	vert	up	True	1183148	1183948	up	1	5	2
7	scy	f	19	1	80	circle	red	(645, 652)	high	dis	(724, 460)	N	same	vert	up	True	1185025	1185644	up	1	5	3
7	scy	f	19	1	80	circle	red	(645, 652)	high	dis	(565, 460)	N	dif	hori	left	True	1186770	1187340	left	1	5	4
7	scy	f	19	1	80	diamond	red	(645, 652)	high	dis	(533, 540)	N	dif	vert	up	True	1188460	1189012	up	1	5	5
7	scy	f	19	1	80	diamond	red	(645, 652)	high	no	no_dis	N	dif	vert	up	True	1190252	1190796	up	1	5	6
7	scy	f	19	1	80	circle	green	(724, 460)	low	dis	(645, 652)	Y	same	vert	up	True	1192042	1193268	up	1	5	7
7	scy	f	19	1	80	diamond	green	(645, 652)	high	no	no_dis	N	same	hori	left	True	1194449	1195188	left	1	5	8
7	scy	f	19	1	80	circle	green	(565, 619)	low	dis	(645, 652)	Y	dif	hori	left	True	1196367	1197492	left	1	5	9
7	scy	f	19	1	80	diamond	red	(645, 652)	high	no	no_dis	N	dif	vert	up	True	1198658	1199420	up	1	5	10
7	scy	f	19	1	80	circle	red	(645, 652)	high	dis	(724, 460)	N	dif	vert	up	True	1200580	1201316	up	1	5	11
7	scy	f	19	1	80	diamond	red	(565, 460)	low	dis	(724, 460)	N	same	vert	up	True	1202430	1203525	up	1	5	12
7	scy	f	19	1	80	circle	red	(645, 652)	high	dis	(645, 428)	N	same	hori	left	True	1204595	1205292	left	1	5	13
7	scy	f	19	1	80	circle	green	(645, 652)	high	no	no_dis	N	dif	hori	left	True	1206304	1206916	left	1	5	14
7	scy	f	19	1	80	diamond	green	(645, 652)	high	dis	(724, 619)	N	same	vert	up	True	1208147	1209060	up	1	5	15
7	scy	f	19	1	80	diamond	green	(645, 652)	high	no	no_dis	N	same	hori	left	True	1210278	1211004	left	1	5	16
7	scy	f	19	1	80	diamond	green	(645, 652)	high	no	no_dis	N	dif	hori	left	True	1212220	1212764	left	1	5	17
7	scy	f	19	1	80	circle	red	(645, 652)	high	no	no_dis	N	dif	vert	up	True	1213901	1214684	up	1	5	18
7	scy	f	19	1	80	circle	red	(724, 460)	low	no	no_dis	N	dif	hori	left	True	1215929	1216900	left	1	5	19
7	scy	f	19	1	80	circle	red	(645, 652)	high	no	no_dis	N	same	vert	up	True	1217957	1218588	up	1	5	20
7	scy	f	19	1	80	diamond	green	(645, 652)	high	no	no_dis	N	dif	hori	left	True	1219741	1220452	left	1	5	21
7	scy	f	19	1	80	diamond	green	(645, 652)	high	dis	(565, 460)	N	dif	hori	left	True	1221525	1222253	left	1	5	22
7	scy	f	19	1	80	diamond	red	(645, 428)	low	dis	(645, 652)	Y	dif	hori	left	True	1223320	1224556	left	1	5	23
7	scy	f	19	1	80	diamond	green	(645, 652)	high	dis	(724, 460)	N	dif	vert	up	True	1225655	1226364	up	1	5	24
7	scy	f	19	1	80	diamond	green	(533, 540)	low	dis	(645, 652)	Y	dif	vert	up	True	1227602	1228780	up	1	5	25
7	scy	f	19	1	80	diamond	green	(565, 460)	low	no	no_dis	N	same	vert	up	True	1229890	1230812	up	1	5	26
7	scy	f	19	1	80	diamond	red	(645, 652)	high	dis	(757, 540)	N	dif	vert	up	True	1232012	1232676	up	1	5	27
7	scy	f	19	1	80	diamond	green	(645, 652)	high	dis	(565, 619)	N	same	hori	left	True	1233857	1234564	left	1	5	28
7	scy	f	19	1	80	circle	green	(645, 652)	high	dis	(565, 460)	N	same	hori	left	True	1235667	1236548	left	1	5	29
7	scy	f	19	1	80	diamond	green	(757, 540)	low	no	no_dis	N	same	hori	left	True	1237557	1238484	left	1	5	30
7	scy	f	19	1	80	circle	red	(645, 652)	high	no	no_dis	N	dif	vert	up	True	1239496	1240372	up	1	5	31
7	scy	f	19	1	80	diamond	green	(645, 652)	high	dis	(565, 460)	N	dif	hori	left	True	1241487	1242077	left	1	5	32
7	scy	f	19	1	80	diamond	red	(645, 652)	high	dis	(645, 428)	N	same	hori	left	True	1243217	1244100	left	1	5	33
7	scy	f	19	1	80	circle	red	(757, 540)	low	dis	(565, 460)	N	dif	hori	left	True	1245248	1246133	left	1	5	34
7	scy	f	19	1	80	circle	green	(645, 652)	high	no	no_dis	N	same	vert	up	True	1247375	1247980	up	1	5	35
7	scy	f	19	1	80	diamond	red	(645, 652)	high	dis	(724, 619)	N	dif	hori	left	True	1249218	1249676	left	1	5	36
7	scy	f	19	1	80	circle	red	(645, 652)	high	dis	(565, 460)	N	same	hori	left	True	1250821	1251412	left	1	5	37
7	scy	f	19	1	80	circle	red	(533, 540)	low	dis	(645, 428)	N	dif	vert	up	True	1252521	1253716	up	1	5	38
7	scy	f	19	1	80	circle	green	(645, 652)	high	dis	(645, 428)	N	dif	vert	up	True	1254901	1255492	up	1	5	39
7	scy	f	19	1	80	diamond	green	(645, 652)	high	dis	(724, 460)	N	same	vert	up	True	1256672	1257412	up	1	5	40
7	scy	f	19	1	80	diamond	green	(645, 652)	high	dis	(645, 428)	N	dif	hori	left	True	1258551	1259092	left	1	5	41
7	scy	f	19	1	80	circle	green	(645, 652)	high	dis	(565, 619)	N	dif	vert	up	True	1260301	1261148	up	1	5	42
7	scy	f	19	1	80	diamond	green	(645, 652)	high	dis	(724, 619)	N	same	hori	left	True	1262181	1262940	left	1	5	43
7	scy	f	19	1	80	diamond	green	(645, 652)	high	dis	(724, 619)	N	dif	vert	up	True	1264133	1264780	up	1	5	44
7	scy	f	19	1	80	circle	green	(724, 619)	low	no	no_dis	N	dif	vert	up	True	1265974	1266996	up	1	5	45
7	scy	f	19	1	80	circle	red	(645, 652)	high	no	no_dis	N	same	hori	left	True	1268239	1268845	left	1	5	46
7	scy	f	19	1	80	diamond	red	(645, 652)	high	dis	(645, 428)	N	same	vert	up	True	1270045	1270660	up	1	5	47
7	scy	f	19	1	80	circle	red	(645, 652)	high	dis	(645, 428)	N	same	vert	up	True	1271785	1272372	up	1	5	48
7	scy	f	19	1	80	diamond	green	(645, 652)	high	dis	(645, 428)	N	dif	hori	left	True	1273427	1274012	left	1	5	49
7	scy	f	19	1	80	diamond	red	(645, 652)	high	dis	(724, 460)	N	dif	vert	up	True	1275130	1275677	up	1	5	50
7	scy	f	19	1	80	circle	red	(565, 619)	low	dis	(645, 652)	Y	same	vert	up	True	1276858	1277964	up	1	5	51
7	scy	f	19	1	80	diamond	red	(645, 652)	high	no	no_dis	N	same	hori	left	True	1279131	1279724	left	1	5	52
7	scy	f	19	1	80	circle	green	(645, 652)	high	dis	(533, 540)	N	dif	vert	up	True	1280763	1281548	up	1	5	53
7	scy	f	19	1	80	diamond	green	(645, 652)	high	no	no_dis	N	dif	hori	left	True	1282765	1283373	left	1	5	54
7	scy	f	19	1	80	circle	green	(645, 652)	high	dis	(724, 619)	N	dif	hori	left	True	1284382	1285956	left	1	5	55
7	scy	f	19	1	80	diamond	red	(645, 652)	high	dis	(757, 540)	N	dif	hori	left	True	1287094	1287933	left	1	5	56
7	scy	f	19	1	80	diamond	red	(645, 652)	high	no	no_dis	N	same	vert	up	True	1289169	1289996	up	1	5	57
7	scy	f	19	1	80	circle	red	(645, 652)	high	no	no_dis	N	dif	vert	up	True	1291248	1291901	up	1	5	58
7	scy	f	19	1	80	circle	red	(565, 619)	low	no	no_dis	N	same	hori	left	True	1293123	1294260	left	1	5	59
7	scy	f	19	1	80	diamond	green	(724, 460)	low	dis	(645, 652)	Y	dif	hori	left	True	1295387	1296812	left	1	5	60
7	scy	f	19	1	80	circle	green	(645, 652)	high	no	no_dis	N	dif	vert	up	True	1297859	1298708	up	1	5	61
7	scy	f	19	1	80	diamond	red	(645, 652)	high	no	no_dis	N	same	hori	left	True	1299757	1300412	left	1	5	62
7	scy	f	19	1	80	diamond	green	(645, 652)	high	no	no_dis	N	same	vert	up	True	1301475	1302356	up	1	5	63
7	scy	f	19	1	80	diamond	green	(645, 652)	high	no	no_dis	N	dif	vert	up	True	1303582	1304173	up	1	5	64
7	scy	f	19	1	80	diamond	green	(645, 652)	high	dis	(724, 619)	N	same	hori	left	True	1305420	1306052	left	1	5	65
7	scy	f	19	1	80	circle	green	(645, 652)	high	dis	(724, 619)	N	same	hori	left	True	1307199	1308348	left	1	5	66
7	scy	f	19	1	80	circle	red	(645, 652)	high	dis	(533, 540)	N	same	vert	up	True	1309596	1310540	up	1	5	67
7	scy	f	19	1	80	diamond	red	(645, 652)	high	dis	(757, 540)	N	dif	hori	left	True	1311767	1312308	left	1	5	68
7	scy	f	19	1	80	diamond	red	(645, 652)	high	no	no_dis	N	same	hori	left	True	1313508	1314396	left	1	5	69
7	scy	f	19	1	80	circle	green	(645, 652)	high	dis	(565, 460)	N	same	hori	left	True	1315596	1316260	left	1	5	70
7	scy	f	19	1	80	circle	green	(724, 619)	low	dis	(645, 652)	Y	dif	vert	up	True	1317315	1318549	up	1	5	71
7	scy	f	19	1	80	circle	red	(645, 652)	high	dis	(757, 540)	N	dif	vert	up	True	1319746	1320605	up	1	5	72
7	scy	f	19	1	80	diamond	green	(757, 540)	low	dis	(645, 652)	Y	same	hori	left	True	1321665	1322684	left	1	5	73
7	scy	f	19	1	80	circle	green	(645, 652)	high	dis	(565, 460)	N	same	hori	left	True	1323933	1324605	left	1	5	74
7	scy	f	19	1	80	circle	green	(645, 652)	high	dis	(565, 619)	N	same	vert	up	True	1325836	1326788	up	1	5	75
7	scy	f	19	1	80	diamond	green	(565, 460)	low	dis	(645, 652)	Y	same	hori	left	True	1328019	1329212	left	1	5	76
7	scy	f	19	1	80	circle	green	(645, 652)	high	dis	(724, 460)	N	same	vert	up	True	1330363	1331636	up	1	5	77
7	scy	f	19	1	80	diamond	red	(645, 652)	high	no	no_dis	N	dif	hori	left	True	1332820	1333732	left	1	5	78
7	scy	f	19	1	80	circle	green	(645, 652)	high	no	no_dis	N	same	hori	left	True	1334874	1335485	left	1	5	79
7	scy	f	19	1	80	circle	green	(645, 428)	low	dis	(645, 652)	Y	dif	vert	up	True	1336540	1338628	up	1	5	80
7	scy	f	19	1	80	circle	red	(645, 652)	high	no	no_dis	N	same	vert	up	True	1339705	1340868	up	1	5	81
7	scy	f	19	1	80	circle	red	(645, 652)	high	dis	(757, 540)	N	same	hori	left	True	1341970	1342693	left	1	5	82
7	scy	f	19	1	80	circle	green	(645, 652)	high	dis	(533, 540)	N	dif	hori	left	True	1343759	1344756	left	1	5	83
7	scy	f	19	1	80	diamond	red	(645, 652)	high	dis	(533, 540)	N	dif	vert	up	True	1345853	1346476	up	1	5	84
7	scy	f	19	1	80	circle	red	(645, 652)	high	dis	(645, 428)	N	same	hori	left	True	1347489	1348092	left	1	5	85
7	scy	f	19	1	80	circle	red	(645, 652)	high	dis	(724, 619)	N	dif	vert	up	True	1349293	1350060	up	1	5	86
7	scy	f	19	1	80	diamond	green	(645, 652)	high	dis	(565, 619)	N	same	vert	up	True	1351192	1352540	up	1	5	87
7	scy	f	19	1	80	circle	red	(645, 652)	high	dis	(724, 619)	N	same	vert	up	True	1353566	1354860	up	1	5	88
7	scy	f	19	1	80	diamond	red	(645, 652)	high	dis	(757, 540)	N	dif	hori	left	True	1356043	1356644	left	1	5	89
7	scy	f	19	1	80	diamond	red	(645, 652)	high	no	no_dis	N	same	vert	up	True	1357766	1358508	up	1	5	90
7	scy	f	19	1	80	diamond	red	(565, 460)	low	no	no_dis	N	dif	hori	left	True	1359665	1360716	left	1	5	91
7	scy	f	19	1	80	circle	red	(645, 652)	high	dis	(757, 540)	N	same	hori	left	True	1361770	1362956	left	1	5	92
7	scy	f	19	1	80	diamond	green	(645, 652)	high	dis	(724, 460)	N	dif	hori	left	True	1364108	1365029	left	1	5	93
7	scy	f	19	1	80	circle	green	(645, 652)	high	dis	(565, 619)	N	same	hori	left	True	1366063	1366900	left	1	5	94
7	scy	f	19	1	80	circle	red	(645, 652)	high	dis	(565, 619)	N	dif	hori	left	True	1368112	1368908	left	1	5	95
7	scy	f	19	1	80	circle	green	(645, 652)	high	no	no_dis	N	same	vert	up	True	1370088	1370797	up	1	5	96
7	scy	f	19	1	80	circle	red	(645, 652)	high	no	no_dis	N	same	vert	up	True	1371973	1372613	left	0	5	97
7	scy	f	19	1	80	circle	red	(724, 460)	low	dis	(565, 619)	N	same	vert	up	True	1375165	1376348	up	1	5	98
7	scy	f	19	1	80	diamond	red	(645, 652)	high	dis	(565, 619)	N	same	vert	up	True	1377452	1378284	up	1	5	99
7	scy	f	19	1	80	circle	green	(645, 652)	high	dis	(757, 540)	N	same	vert	up	True	1379486	1380484	up	1	5	100
7	scy	f	19	1	80	diamond	red	(645, 652)	high	dis	(565, 460)	N	dif	vert	up	True	1381515	1382165	up	1	5	101
7	scy	f	19	1	80	circle	green	(645, 652)	high	no	no_dis	N	dif	vert	up	True	1383167	1383804	up	1	5	102
7	scy	f	19	1	80	circle	green	(645, 652)	high	no	no_dis	N	dif	hori	left	True	1385040	1385748	left	1	5	103
7	scy	f	19	1	80	diamond	red	(645, 652)	high	dis	(645, 428)	N	dif	hori	left	True	1386878	1387452	left	1	5	104
7	scy	f	19	1	80	diamond	red	(757, 540)	low	dis	(533, 540)	N	same	hori	left	True	1388566	1389380	left	1	5	105
7	scy	f	19	1	80	diamond	green	(645, 652)	high	dis	(724, 619)	N	same	hori	left	True	1390574	1391372	left	1	5	106
7	scy	f	19	1	80	diamond	red	(724, 619)	low	dis	(757, 540)	N	same	hori	left	True	1392451	1393212	left	1	5	107
7	scy	f	19	1	80	circle	green	(645, 652)	high	dis	(757, 540)	N	dif	vert	up	True	1394337	1395124	up	1	5	108
7	scy	f	19	1	80	diamond	red	(645, 428)	low	no	no_dis	N	same	vert	up	True	1396353	1397356	up	1	5	109
7	scy	f	19	1	80	circle	green	(645, 652)	high	dis	(724, 460)	N	dif	vert	up	True	1398579	1399293	left	0	5	110
7	scy	f	19	1	80	diamond	green	(645, 652)	high	dis	(565, 460)	N	same	vert	up	True	1401915	1402477	up	1	5	111
7	scy	f	19	1	80	circle	green	(533, 540)	low	no	no_dis	N	dif	vert	up	True	1403516	1405036	left	0	5	112
7	scy	f	19	1	80	diamond	red	(645, 652)	high	dis	(533, 540)	N	dif	hori	left	True	1407653	1408277	left	1	5	113
7	scy	f	19	1	80	circle	green	(645, 652)	high	dis	(533, 540)	N	same	hori	left	True	1409519	1410925	left	1	5	114
7	scy	f	19	1	80	diamond	green	(645, 652)	high	no	no_dis	N	dif	hori	left	True	1412017	1412724	left	1	5	115
7	scy	f	19	1	80	circle	red	(645, 652)	high	dis	(533, 540)	N	same	vert	up	True	1413863	1414564	up	1	5	116
7	scy	f	19	1	80	diamond	green	(645, 652)	high	dis	(533, 540)	N	dif	hori	left	True	1415679	1416244	left	1	5	117
7	scy	f	19	1	80	diamond	red	(645, 652)	high	dis	(565, 619)	N	same	vert	up	True	1417384	1417965	up	1	5	118
7	scy	f	19	1	80	circle	green	(645, 652)	high	no	no_dis	N	same	hori	left	True	1419036	1419628	left	1	5	119
7	scy	f	19	1	80	diamond	red	(645, 652)	high	dis	(565, 619)	N	dif	vert	up	True	1420795	1421373	up	1	5	120
7	scy	f	19	1	80	diamond	red	(645, 652)	high	dis	(533, 540)	N	same	hori	left	True	1457290	1458076	left	1	6	1
7	scy	f	19	1	80	diamond	green	(645, 652)	high	dis	(724, 619)	N	dif	vert	up	True	1459203	1459828	up	1	6	2
7	scy	f	19	1	80	circle	red	(757, 540)	low	dis	(645, 652)	Y	dif	hori	left	True	1460899	1462140	left	1	6	3
7	scy	f	19	1	80	diamond	red	(645, 652)	high	no	no_dis	N	same	vert	up	True	1463294	1463948	up	1	6	4
7	scy	f	19	1	80	circle	red	(645, 652)	high	dis	(757, 540)	N	dif	hori	left	True	1465023	1465620	left	1	6	5
7	scy	f	19	1	80	diamond	green	(645, 652)	high	no	no_dis	N	dif	vert	up	True	1466648	1467540	up	1	6	6
7	scy	f	19	1	80	diamond	red	(645, 652)	high	dis	(565, 619)	N	same	hori	left	True	1468711	1469468	left	1	6	7
7	scy	f	19	1	80	diamond	red	(645, 652)	high	no	no_dis	N	same	vert	up	True	1470647	1471340	up	1	6	8
7	scy	f	19	1	80	circle	green	(645, 652)	high	dis	(565, 619)	N	dif	vert	up	True	1472392	1473260	up	1	6	9
7	scy	f	19	1	80	diamond	green	(645, 652)	high	no	no_dis	N	same	hori	left	True	1474492	1475196	left	1	6	10
7	scy	f	19	1	80	diamond	red	(645, 652)	high	dis	(565, 619)	N	same	vert	up	True	1476270	1477141	up	1	6	11
7	scy	f	19	1	80	circle	green	(645, 652)	high	dis	(645, 428)	N	dif	vert	up	True	1478178	1478988	up	1	6	12
7	scy	f	19	1	80	circle	red	(645, 652)	high	no	no_dis	N	same	vert	up	True	1480102	1480644	up	1	6	13
7	scy	f	19	1	80	diamond	green	(645, 652)	high	dis	(533, 540)	N	dif	vert	up	True	1481889	1482453	up	1	6	14
7	scy	f	19	1	80	diamond	green	(533, 540)	low	no	no_dis	N	same	hori	left	True	1483668	1484573	left	1	6	15
7	scy	f	19	1	80	circle	green	(645, 652)	high	dis	(645, 428)	N	dif	vert	up	True	1485574	1486204	up	1	6	16
7	scy	f	19	1	80	circle	green	(724, 619)	low	dis	(645, 652)	Y	same	vert	up	True	1487237	1488420	up	1	6	17
7	scy	f	19	1	80	circle	green	(645, 652)	high	no	no_dis	N	dif	hori	left	True	1489494	1489980	left	1	6	18
7	scy	f	19	1	80	circle	red	(645, 652)	high	dis	(565, 460)	N	dif	vert	up	True	1491197	1491772	up	1	6	19
7	scy	f	19	1	80	diamond	red	(645, 652)	high	no	no_dis	N	same	vert	up	True	1493024	1493644	up	1	6	20
7	scy	f	19	1	80	diamond	green	(645, 652)	high	dis	(565, 619)	N	dif	hori	left	True	1494740	1495572	left	1	6	21
7	scy	f	19	1	80	diamond	green	(645, 652)	high	dis	(724, 619)	N	same	hori	left	True	1496796	1497804	left	1	6	22
7	scy	f	19	1	80	diamond	red	(645, 652)	high	dis	(724, 460)	N	same	hori	left	True	1498874	1499508	left	1	6	23
7	scy	f	19	1	80	diamond	red	(645, 652)	high	dis	(565, 619)	N	same	vert	up	True	1500751	1502052	up	1	6	24
7	scy	f	19	1	80	circle	red	(645, 652)	high	no	no_dis	N	dif	hori	left	True	1503059	1503980	left	1	6	25
7	scy	f	19	1	80	diamond	green	(645, 652)	high	dis	(757, 540)	N	same	vert	up	True	1505190	1506028	up	1	6	26
7	scy	f	19	1	80	circle	green	(645, 652)	high	no	no_dis	N	same	vert	up	True	1507191	1507812	up	1	6	27
7	scy	f	19	1	80	diamond	green	(565, 460)	low	no	no_dis	N	same	vert	up	True	1509000	1509972	up	1	6	28
7	scy	f	19	1	80	circle	green	(645, 428)	low	no	no_dis	N	same	hori	left	True	1511090	1512252	left	1	6	29
7	scy	f	19	1	80	diamond	green	(645, 652)	high	no	no_dis	N	same	hori	left	True	1513440	1514740	left	1	6	30
7	scy	f	19	1	80	circle	green	(565, 619)	low	dis	(724, 460)	N	dif	hori	left	True	1515893	1516717	up	0	6	31
7	scy	f	19	1	80	diamond	green	(645, 652)	high	dis	(724, 460)	N	dif	vert	up	True	1519260	1520276	up	1	6	32
7	scy	f	19	1	80	circle	green	(645, 652)	high	dis	(645, 428)	N	dif	vert	up	True	1521321	1522316	up	1	6	33
7	scy	f	19	1	80	diamond	red	(724, 460)	low	no	no_dis	N	dif	vert	up	True	1523411	1524421	up	1	6	34
7	scy	f	19	1	80	diamond	red	(645, 652)	high	dis	(565, 619)	N	dif	vert	up	True	1525530	1526348	up	1	6	35
7	scy	f	19	1	80	diamond	red	(565, 460)	low	dis	(645, 428)	N	dif	vert	up	True	1527589	1528812	up	1	6	36
7	scy	f	19	1	80	circle	green	(645, 652)	high	dis	(533, 540)	N	same	vert	up	True	1529832	1531196	up	1	6	37
7	scy	f	19	1	80	circle	green	(645, 652)	high	dis	(757, 540)	N	dif	hori	left	True	1532281	1533741	left	1	6	38
7	scy	f	19	1	80	circle	green	(645, 652)	high	no	no_dis	N	dif	vert	up	True	1534912	1535668	up	1	6	39
7	scy	f	19	1	80	circle	red	(645, 652)	high	dis	(645, 428)	N	dif	vert	up	True	1536693	1537356	up	1	6	40
7	scy	f	19	1	80	circle	green	(645, 652)	high	no	no_dis	N	dif	vert	up	True	1538405	1538988	up	1	6	41
7	scy	f	19	1	80	circle	red	(645, 652)	high	no	no_dis	N	same	hori	left	True	1540044	1540684	left	1	6	42
7	scy	f	19	1	80	diamond	red	(645, 652)	high	dis	(565, 460)	N	same	hori	left	True	1541842	1542604	left	1	6	43
7	scy	f	19	1	80	circle	red	(645, 652)	high	dis	(565, 460)	N	same	vert	up	True	1543668	1544260	up	1	6	44
7	scy	f	19	1	80	circle	green	(645, 652)	high	dis	(757, 540)	N	dif	hori	left	True	1545425	1546260	left	1	6	45
7	scy	f	19	1	80	circle	red	(645, 652)	high	no	no_dis	N	same	hori	left	True	1547329	1547948	left	1	6	46
7	scy	f	19	1	80	diamond	green	(645, 652)	high	dis	(757, 540)	N	dif	vert	up	True	1549117	1550028	up	1	6	47
7	scy	f	19	1	80	diamond	red	(645, 652)	high	no	no_dis	N	dif	hori	left	True	1551258	1551764	left	1	6	48
7	scy	f	19	1	80	circle	red	(565, 619)	low	no	no_dis	N	dif	vert	up	True	1552901	1553420	left	0	6	49
7	scy	f	19	1	80	circle	red	(645, 652)	high	dis	(533, 540)	N	same	hori	left	True	1556013	1556724	left	1	6	50
7	scy	f	19	1	80	circle	green	(645, 428)	low	dis	(645, 652)	Y	same	vert	up	True	1557934	1559876	up	1	6	51
7	scy	f	19	1	80	circle	red	(645, 652)	high	dis	(757, 540)	N	dif	vert	up	True	1561076	1562100	up	1	6	52
7	scy	f	19	1	80	circle	red	(724, 460)	low	dis	(645, 652)	Y	dif	vert	up	True	1563163	1564196	up	1	6	53
7	scy	f	19	1	80	circle	green	(645, 652)	high	dis	(757, 540)	N	same	vert	up	True	1565340	1566061	up	1	6	54
7	scy	f	19	1	80	diamond	red	(645, 428)	low	dis	(645, 652)	Y	same	hori	left	True	1567098	1568181	left	1	6	55
7	scy	f	19	1	80	circle	green	(645, 652)	high	dis	(565, 619)	N	same	vert	up	True	1569223	1570012	up	1	6	56
7	scy	f	19	1	80	diamond	green	(645, 652)	high	dis	(533, 540)	N	same	vert	up	True	1571123	1571812	up	1	6	57
7	scy	f	19	1	80	circle	green	(724, 460)	low	no	no_dis	N	same	vert	up	True	1573011	1573908	up	1	6	58
7	scy	f	19	1	80	diamond	green	(645, 652)	high	dis	(565, 460)	N	same	hori	left	True	1575025	1575596	left	1	6	59
7	scy	f	19	1	80	circle	red	(645, 652)	high	dis	(724, 460)	N	same	hori	left	True	1576835	1577404	left	1	6	60
7	scy	f	19	1	80	diamond	green	(645, 652)	high	no	no_dis	N	dif	vert	up	True	1578463	1579092	up	1	6	61
7	scy	f	19	1	80	circle	red	(565, 619)	low	dis	(645, 652)	Y	same	vert	up	True	1580105	1581020	up	1	6	62
7	scy	f	19	1	80	diamond	green	(645, 652)	high	dis	(533, 540)	N	dif	hori	left	True	1582140	1582788	left	1	6	63
7	scy	f	19	1	80	circle	red	(645, 652)	high	dis	(724, 460)	N	dif	vert	up	True	1583959	1584572	up	1	6	64
7	scy	f	19	1	80	circle	red	(533, 540)	low	dis	(565, 619)	N	dif	vert	up	True	1585777	1586716	up	1	6	65
7	scy	f	19	1	80	circle	red	(645, 652)	high	no	no_dis	N	dif	vert	up	True	1587869	1588716	up	1	6	66
7	scy	f	19	1	80	circle	green	(645, 652)	high	dis	(724, 619)	N	same	hori	left	True	1589908	1590644	left	1	6	67
7	scy	f	19	1	80	circle	green	(645, 652)	high	dis	(724, 619)	N	same	hori	left	True	1591752	1592436	left	1	6	68
7	scy	f	19	1	80	circle	red	(645, 652)	high	no	no_dis	N	dif	vert	up	True	1593513	1594100	up	1	6	69
7	scy	f	19	1	80	diamond	red	(724, 619)	low	dis	(645, 652)	Y	dif	vert	up	True	1595148	1596452	up	1	6	70
7	scy	f	19	1	80	diamond	red	(645, 652)	high	dis	(565, 460)	N	same	vert	up	True	1597634	1598301	up	1	6	71
7	scy	f	19	1	80	circle	red	(645, 652)	high	dis	(565, 460)	N	dif	hori	left	True	1599504	1600100	left	1	6	72
7	scy	f	19	1	80	diamond	green	(757, 540)	low	dis	(645, 652)	Y	dif	hori	left	True	1601191	1602252	left	1	6	73
7	scy	f	19	1	80	diamond	red	(645, 652)	high	no	no_dis	N	dif	vert	up	True	1603416	1604052	up	1	6	74
7	scy	f	19	1	80	diamond	red	(645, 652)	high	dis	(533, 540)	N	dif	hori	left	True	1605239	1606172	left	1	6	75
7	scy	f	19	1	80	circle	red	(645, 652)	high	dis	(724, 460)	N	same	hori	left	True	1607359	1608036	left	1	6	76
7	scy	f	19	1	80	diamond	green	(565, 460)	low	dis	(724, 619)	N	dif	hori	left	True	1609220	1610236	left	1	6	77
7	scy	f	19	1	80	diamond	green	(645, 652)	high	dis	(724, 460)	N	same	vert	up	True	1611411	1612076	up	1	6	78
7	scy	f	19	1	80	diamond	red	(645, 652)	high	dis	(533, 540)	N	same	vert	up	True	1613304	1614004	up	1	6	79
7	scy	f	19	1	80	circle	green	(645, 652)	high	dis	(724, 460)	N	dif	hori	left	True	1615144	1616309	left	1	6	80
7	scy	f	19	1	80	diamond	green	(645, 652)	high	no	no_dis	N	same	hori	left	True	1617439	1618300	left	1	6	81
7	scy	f	19	1	80	circle	green	(645, 652)	high	dis	(645, 428)	N	dif	vert	up	True	1619479	1620636	up	1	6	82
7	scy	f	19	1	80	diamond	green	(645, 652)	high	no	no_dis	N	same	hori	left	True	1621717	1622428	left	1	6	83
7	scy	f	19	1	80	diamond	red	(645, 652)	high	dis	(645, 428)	N	dif	hori	left	True	1623494	1624205	left	1	6	84
7	scy	f	19	1	80	diamond	red	(645, 652)	high	dis	(724, 619)	N	same	vert	up	True	1625301	1626172	up	1	6	85
7	scy	f	19	1	80	circle	red	(645, 652)	high	no	no_dis	N	same	hori	left	True	1627423	1628356	left	1	6	86
7	scy	f	19	1	80	diamond	red	(645, 652)	high	no	no_dis	N	dif	hori	left	True	1629498	1630116	left	1	6	87
7	scy	f	19	1	80	diamond	green	(645, 652)	high	no	no_dis	N	same	vert	up	True	1631195	1632036	up	1	6	88
7	scy	f	19	1	80	diamond	red	(757, 540)	low	no	no_dis	N	dif	hori	left	True	1633217	1634036	left	1	6	89
7	scy	f	19	1	80	circle	red	(645, 652)	high	dis	(724, 619)	N	dif	hori	left	True	1635130	1636045	up	0	6	90
7	scy	f	19	1	80	diamond	red	(645, 428)	low	dis	(757, 540)	N	same	vert	up	True	1638709	1640772	up	1	6	91
7	scy	f	19	1	80	diamond	green	(645, 652)	high	dis	(724, 460)	N	dif	hori	left	True	1641801	1642460	left	1	6	92
7	scy	f	19	1	80	diamond	green	(645, 652)	high	dis	(645, 428)	N	same	hori	left	True	1643584	1644252	left	1	6	93
7	scy	f	19	1	80	circle	green	(645, 652)	high	no	no_dis	N	dif	hori	left	True	1645274	1646396	left	1	6	94
7	scy	f	19	1	80	diamond	green	(645, 652)	high	dis	(724, 619)	N	dif	vert	up	True	1647484	1648836	up	1	6	95
7	scy	f	19	1	80	diamond	red	(645, 652)	high	no	no_dis	N	dif	hori	left	True	1650056	1650692	left	1	6	96
7	scy	f	19	1	80	circle	green	(645, 652)	high	dis	(724, 619)	N	dif	hori	left	True	1651721	1653292	left	1	6	97
7	scy	f	19	1	80	diamond	red	(645, 652)	high	no	no_dis	N	same	vert	up	True	1654298	1655484	up	1	6	98
7	scy	f	19	1	80	circle	green	(724, 460)	low	dis	(565, 460)	N	same	hori	left	True	1656566	1657628	left	1	6	99
7	scy	f	19	1	80	diamond	red	(645, 652)	high	dis	(757, 540)	N	same	hori	left	True	1658667	1659684	left	1	6	100
7	scy	f	19	1	80	circle	red	(645, 652)	high	dis	(565, 460)	N	same	vert	up	True	1660706	1661476	up	1	6	101
7	scy	f	19	1	80	circle	red	(645, 652)	high	dis	(645, 428)	N	dif	hori	left	True	1662615	1663172	left	1	6	102
7	scy	f	19	1	80	circle	red	(645, 652)	high	dis	(533, 540)	N	same	hori	left	True	1664388	1665036	left	1	6	103
7	scy	f	19	1	80	circle	green	(645, 652)	high	dis	(565, 619)	N	same	vert	up	True	1666057	1666828	up	1	6	104
7	scy	f	19	1	80	circle	red	(724, 619)	low	no	no_dis	N	dif	hori	left	True	1667912	1668732	left	1	6	105
7	scy	f	19	1	80	circle	red	(645, 652)	high	dis	(565, 619)	N	same	vert	up	True	1669791	1670580	up	1	6	106
7	scy	f	19	1	80	diamond	green	(645, 652)	high	no	no_dis	N	dif	hori	left	True	1671781	1672332	left	1	6	107
7	scy	f	19	1	80	diamond	green	(645, 652)	high	dis	(724, 619)	N	dif	hori	left	True	1673575	1674100	left	1	6	108
7	scy	f	19	1	80	diamond	green	(565, 460)	low	dis	(645, 652)	Y	same	hori	left	True	1675186	1676060	left	1	6	109
7	scy	f	19	1	80	circle	green	(645, 652)	high	no	no_dis	N	dif	vert	up	True	1677107	1677788	up	1	6	110
7	scy	f	19	1	80	circle	green	(645, 652)	high	no	no_dis	N	dif	hori	left	True	1678850	1679452	left	1	6	111
7	scy	f	19	1	80	diamond	red	(645, 652)	high	dis	(757, 540)	N	same	hori	left	True	1680472	1682172	up	0	6	112
7	scy	f	19	1	80	diamond	red	(645, 652)	high	dis	(645, 428)	N	same	hori	left	True	1684900	1685484	left	1	6	113
7	scy	f	19	1	80	circle	green	(645, 652)	high	dis	(724, 460)	N	dif	hori	left	True	1686734	1687332	left	1	6	114
7	scy	f	19	1	80	circle	green	(645, 652)	high	no	no_dis	N	same	hori	left	True	1688458	1689157	left	1	6	115
7	scy	f	19	1	80	diamond	green	(533, 540)	low	dis	(645, 652)	Y	same	hori	left	True	1690294	1691620	left	1	6	116
7	scy	f	19	1	80	circle	red	(645, 652)	high	dis	(565, 460)	N	same	vert	up	True	1692811	1694076	up	1	6	117
7	scy	f	19	1	80	circle	red	(645, 652)	high	no	no_dis	N	same	vert	up	True	1695198	1696036	up	1	6	118
7	scy	f	19	1	80	diamond	green	(645, 652)	high	dis	(533, 540)	N	dif	vert	up	True	1697163	1698020	up	1	6	119
7	scy	f	19	1	80	diamond	red	(645, 652)	high	dis	(565, 460)	N	dif	hori	left	True	1699028	1699677	left	1	6	120
conf	7	scy	f	19	1	80	True	1736837	1752276	7	True	1752285	1759315	2
