subj	name	gender	age	prac	group	shape	color	tar_loc	popularity	dis_cond	dis_loc	dis_high	td_dif	line	respkey	gotkey	startTime	respTime	resp	correct	block	trialnum
10	zyt	f	22	1	70	circle	green	(565, 619)	low	no	no_dis	N	dif	hori	left	True	10506	11315	left	1	1	1
10	zyt	f	22	1	70	diamond	green	(724, 460)	high	dis	(724, 619)	N	same	vert	up	True	12441	13571	up	1	1	2
10	zyt	f	22	1	70	diamond	red	(757, 540)	low	dis	(724, 460)	Y	same	vert	up	True	14760	15747	up	1	1	3
10	zyt	f	22	1	70	diamond	red	(724, 460)	high	no	no_dis	N	dif	vert	up	True	16921	17819	up	1	1	4
10	zyt	f	22	1	70	diamond	green	(724, 460)	high	no	no_dis	N	same	vert	up	True	18822	19875	up	1	1	5
10	zyt	f	22	1	70	circle	red	(724, 460)	high	dis	(533, 540)	N	dif	hori	left	True	20989	21723	left	1	1	6
10	zyt	f	22	1	70	circle	red	(724, 460)	high	dis	(533, 540)	N	same	hori	left	True	22879	23523	left	1	1	7
10	zyt	f	22	1	70	diamond	red	(724, 460)	high	no	no_dis	N	same	hori	left	True	24754	25507	left	1	1	8
10	zyt	f	22	1	70	circle	green	(724, 619)	low	dis	(724, 460)	Y	same	hori	left	True	26630	27691	left	1	1	9
10	zyt	f	22	1	70	circle	green	(724, 460)	high	no	no_dis	N	dif	vert	up	True	28798	29355	up	1	1	10
10	zyt	f	22	1	70	diamond	green	(724, 460)	high	dis	(645, 428)	N	same	vert	up	True	30556	31339	up	1	1	11
10	zyt	f	22	1	70	diamond	green	(724, 460)	high	dis	(645, 652)	N	dif	hori	left	True	32499	33164	left	1	1	12
10	zyt	f	22	1	70	circle	red	(645, 428)	low	no	no_dis	N	dif	vert	up	True	34279	35083	up	1	1	13
10	zyt	f	22	1	70	diamond	red	(724, 460)	high	dis	(757, 540)	N	same	hori	left	True	36208	36883	left	1	1	14
10	zyt	f	22	1	70	circle	green	(724, 460)	high	dis	(565, 619)	N	same	vert	up	True	38006	38644	up	1	1	15
10	zyt	f	22	1	70	diamond	green	(724, 460)	high	dis	(645, 428)	N	same	vert	up	True	39795	40571	up	1	1	16
10	zyt	f	22	1	70	circle	green	(724, 460)	high	no	no_dis	N	dif	vert	up	True	41719	42595	up	1	1	17
10	zyt	f	22	1	70	circle	green	(724, 460)	high	dis	(645, 652)	N	dif	vert	up	True	43779	44507	up	1	1	18
10	zyt	f	22	1	70	diamond	red	(724, 460)	high	dis	(565, 619)	N	dif	vert	up	True	45735	46827	up	1	1	19
10	zyt	f	22	1	70	diamond	red	(565, 460)	low	dis	(724, 460)	Y	dif	hori	left	True	47906	48835	left	1	1	20
10	zyt	f	22	1	70	diamond	green	(724, 460)	high	no	no_dis	N	dif	hori	left	True	49846	50531	left	1	1	21
10	zyt	f	22	1	70	diamond	green	(565, 619)	low	dis	(724, 619)	N	dif	hori	left	True	51546	52355	left	1	1	22
10	zyt	f	22	1	70	circle	red	(757, 540)	low	no	no_dis	N	same	vert	up	True	53372	54251	up	1	1	23
10	zyt	f	22	1	70	circle	green	(724, 460)	high	dis	(565, 619)	N	same	vert	up	True	55371	56131	up	1	1	24
10	zyt	f	22	1	70	diamond	red	(724, 460)	high	dis	(565, 460)	N	dif	hori	left	True	57183	57755	left	1	1	25
10	zyt	f	22	1	70	diamond	green	(724, 619)	low	no	no_dis	N	same	hori	left	True	58831	59715	left	1	1	26
10	zyt	f	22	1	70	diamond	red	(724, 460)	high	dis	(645, 652)	N	dif	hori	left	True	60953	61451	left	1	1	27
10	zyt	f	22	1	70	diamond	green	(645, 652)	low	dis	(724, 460)	Y	same	vert	up	True	62645	63731	up	1	1	28
10	zyt	f	22	1	70	circle	red	(724, 460)	high	dis	(724, 619)	N	dif	hori	left	True	64939	65755	up	0	1	29
10	zyt	f	22	1	70	circle	red	(565, 619)	low	dis	(645, 652)	N	dif	vert	up	True	68473	69411	left	0	1	30
10	zyt	f	22	1	70	circle	green	(724, 460)	high	no	no_dis	N	same	vert	up	True	71949	72819	up	1	1	31
10	zyt	f	22	1	70	circle	green	(724, 460)	high	dis	(645, 652)	N	same	hori	left	True	73953	74499	left	1	1	32
10	zyt	f	22	1	70	diamond	green	(724, 460)	high	dis	(565, 619)	N	same	vert	up	True	75589	76595	up	1	1	33
10	zyt	f	22	1	70	circle	red	(724, 460)	high	dis	(724, 619)	N	dif	hori	left	True	77793	78419	left	1	1	34
10	zyt	f	22	1	70	circle	green	(724, 460)	high	no	no_dis	N	dif	hori	left	True	79539	80035	left	1	1	35
10	zyt	f	22	1	70	circle	red	(724, 460)	high	dis	(645, 652)	N	same	vert	up	True	81280	82019	up	1	1	36
10	zyt	f	22	1	70	diamond	red	(533, 540)	low	no	no_dis	N	same	hori	left	True	83187	84267	left	1	1	37
10	zyt	f	22	1	70	circle	red	(565, 460)	low	dis	(645, 428)	N	dif	hori	left	True	85393	86315	left	1	1	38
10	zyt	f	22	1	70	diamond	green	(724, 460)	high	no	no_dis	N	dif	hori	left	True	87389	88179	left	1	1	39
10	zyt	f	22	1	70	diamond	red	(565, 460)	low	no	no_dis	N	same	hori	left	True	89252	89979	up	0	1	40
10	zyt	f	22	1	70	diamond	green	(724, 460)	high	dis	(565, 619)	N	same	vert	up	True	92503	93067	up	1	1	41
10	zyt	f	22	1	70	diamond	red	(565, 619)	low	dis	(724, 460)	Y	same	hori	left	True	94206	95259	left	1	1	42
10	zyt	f	22	1	70	circle	red	(724, 619)	low	dis	(565, 619)	N	dif	hori	left	True	96314	97067	left	1	1	43
10	zyt	f	22	1	70	diamond	green	(724, 460)	high	no	no_dis	N	same	vert	up	True	98232	99091	up	1	1	44
10	zyt	f	22	1	70	circle	red	(724, 460)	high	dis	(724, 619)	N	dif	hori	left	True	100278	101259	left	1	1	45
10	zyt	f	22	1	70	circle	green	(724, 460)	high	dis	(645, 428)	N	same	vert	up	True	102398	103467	up	1	1	46
10	zyt	f	22	1	70	diamond	green	(757, 540)	low	dis	(724, 460)	Y	dif	hori	left	True	104663	105394	left	1	1	47
10	zyt	f	22	1	70	circle	red	(724, 460)	high	dis	(724, 619)	N	dif	vert	up	True	106518	107523	up	1	1	48
10	zyt	f	22	1	70	diamond	green	(724, 460)	high	no	no_dis	N	dif	hori	left	True	108539	109115	left	1	1	49
10	zyt	f	22	1	70	diamond	green	(645, 428)	low	no	no_dis	N	dif	hori	left	True	110121	110859	left	1	1	50
10	zyt	f	22	1	70	diamond	green	(724, 460)	high	no	no_dis	N	same	vert	up	True	112016	112827	up	1	1	51
10	zyt	f	22	1	70	diamond	red	(724, 460)	high	no	no_dis	N	same	vert	up	True	113837	114531	up	1	1	52
10	zyt	f	22	1	70	diamond	red	(724, 460)	high	dis	(724, 619)	N	dif	vert	up	True	115674	116747	up	1	1	53
10	zyt	f	22	1	70	diamond	green	(724, 460)	high	dis	(565, 460)	N	dif	vert	up	True	117827	118571	up	1	1	54
10	zyt	f	22	1	70	circle	red	(724, 460)	high	no	no_dis	N	same	vert	up	True	119583	120402	up	1	1	55
10	zyt	f	22	1	70	circle	red	(724, 460)	high	dis	(645, 428)	N	dif	vert	up	True	121528	122835	up	1	1	56
10	zyt	f	22	1	70	diamond	red	(724, 460)	high	dis	(757, 540)	N	dif	hori	left	True	123917	124643	left	1	1	57
10	zyt	f	22	1	70	diamond	red	(724, 460)	high	no	no_dis	N	same	hori	left	True	125844	126619	left	1	1	58
10	zyt	f	22	1	70	diamond	green	(724, 460)	high	dis	(645, 652)	N	same	hori	left	True	127742	128330	left	1	1	59
10	zyt	f	22	1	70	circle	green	(645, 652)	low	dis	(565, 460)	N	dif	vert	up	True	129456	130251	up	1	1	60
10	zyt	f	22	1	70	diamond	green	(565, 460)	low	dis	(533, 540)	N	same	vert	up	True	131412	132483	up	1	1	61
10	zyt	f	22	1	70	circle	green	(724, 460)	high	dis	(565, 460)	N	dif	vert	up	True	133536	134307	up	1	1	62
10	zyt	f	22	1	70	circle	green	(724, 460)	high	no	no_dis	N	dif	vert	up	True	135445	136019	up	1	1	63
10	zyt	f	22	1	70	circle	red	(757, 540)	low	dis	(565, 460)	N	same	hori	left	True	137114	137779	left	1	1	64
10	zyt	f	22	1	70	circle	green	(724, 460)	high	no	no_dis	N	dif	hori	left	True	138844	139435	left	1	1	65
10	zyt	f	22	1	70	diamond	red	(724, 460)	high	no	no_dis	N	dif	hori	left	True	140582	141923	left	1	1	66
10	zyt	f	22	1	70	circle	red	(724, 460)	high	dis	(533, 540)	N	same	hori	left	True	143091	143987	left	1	1	67
10	zyt	f	22	1	70	diamond	red	(724, 460)	high	dis	(565, 460)	N	dif	vert	up	True	145142	145995	up	1	1	68
10	zyt	f	22	1	70	circle	green	(724, 460)	high	dis	(565, 460)	N	same	hori	left	True	147108	147859	left	1	1	69
10	zyt	f	22	1	70	circle	green	(724, 460)	high	dis	(645, 652)	N	same	hori	left	True	149086	149722	left	1	1	70
10	zyt	f	22	1	70	circle	green	(724, 460)	high	dis	(757, 540)	N	dif	hori	left	True	150910	151722	up	0	1	71
10	zyt	f	22	1	70	circle	red	(645, 652)	low	dis	(645, 428)	N	same	vert	up	True	154252	155219	up	1	1	72
10	zyt	f	22	1	70	diamond	red	(724, 460)	high	dis	(565, 460)	N	dif	hori	left	True	156374	156971	left	1	1	73
10	zyt	f	22	1	70	circle	red	(645, 428)	low	dis	(724, 460)	Y	dif	vert	up	True	158211	159075	left	0	1	74
10	zyt	f	22	1	70	diamond	green	(724, 460)	high	dis	(724, 619)	N	same	hori	left	True	161674	162874	left	1	1	75
10	zyt	f	22	1	70	diamond	red	(724, 460)	high	dis	(645, 428)	N	same	hori	left	True	164106	164690	left	1	1	76
10	zyt	f	22	1	70	circle	green	(724, 619)	low	no	no_dis	N	same	vert	up	True	165941	166723	up	1	1	77
10	zyt	f	22	1	70	circle	red	(724, 460)	high	dis	(645, 428)	N	same	vert	up	True	167765	168411	up	1	1	78
10	zyt	f	22	1	70	circle	green	(724, 460)	high	dis	(757, 540)	N	same	hori	left	True	169585	170170	left	1	1	79
10	zyt	f	22	1	70	diamond	green	(724, 460)	high	dis	(645, 428)	N	dif	hori	left	True	171319	172003	up	0	1	80
10	zyt	f	22	1	70	diamond	green	(724, 460)	high	dis	(533, 540)	N	dif	hori	left	True	174721	175690	left	1	1	81
10	zyt	f	22	1	70	diamond	red	(533, 540)	low	dis	(565, 619)	N	same	vert	up	True	176869	177738	up	1	1	82
10	zyt	f	22	1	70	circle	red	(724, 460)	high	dis	(724, 619)	N	same	hori	left	True	178856	179811	left	1	1	83
10	zyt	f	22	1	70	diamond	red	(724, 460)	high	no	no_dis	N	dif	vert	up	True	180905	181491	up	1	1	84
10	zyt	f	22	1	70	circle	green	(645, 428)	low	dis	(724, 619)	N	same	hori	left	True	182693	183491	left	1	1	85
10	zyt	f	22	1	70	circle	red	(724, 460)	high	no	no_dis	N	same	hori	left	True	184512	185051	left	1	1	86
10	zyt	f	22	1	70	diamond	green	(565, 619)	low	no	no_dis	N	dif	hori	left	True	186138	187227	left	1	1	87
10	zyt	f	22	1	70	circle	red	(724, 460)	high	dis	(565, 619)	N	same	hori	left	True	188381	188964	left	1	1	88
10	zyt	f	22	1	70	diamond	red	(724, 460)	high	dis	(533, 540)	N	same	vert	up	True	190151	190659	up	1	1	89
10	zyt	f	22	1	70	circle	red	(724, 460)	high	dis	(565, 460)	N	same	vert	up	True	191821	192906	up	1	1	90
10	zyt	f	22	1	70	diamond	green	(724, 460)	high	dis	(533, 540)	N	dif	vert	up	True	194136	195619	up	1	1	91
10	zyt	f	22	1	70	diamond	red	(724, 460)	high	dis	(645, 652)	N	dif	vert	up	True	196671	197587	up	1	1	92
10	zyt	f	22	1	70	circle	red	(724, 460)	high	no	no_dis	N	same	hori	left	True	198595	199219	left	1	1	93
10	zyt	f	22	1	70	diamond	green	(533, 540)	low	dis	(757, 540)	N	same	hori	left	True	200296	201106	left	1	1	94
10	zyt	f	22	1	70	circle	green	(724, 460)	high	dis	(757, 540)	N	same	hori	left	True	202182	202810	left	1	1	95
10	zyt	f	22	1	70	diamond	red	(724, 460)	high	dis	(757, 540)	N	dif	vert	up	True	203969	205010	left	0	1	96
10	zyt	f	22	1	70	circle	red	(724, 460)	high	dis	(533, 540)	N	dif	hori	left	True	207725	208251	left	1	1	97
10	zyt	f	22	1	70	diamond	red	(724, 460)	high	no	no_dis	N	same	hori	left	True	209433	210730	left	1	1	98
10	zyt	f	22	1	70	diamond	green	(724, 460)	high	dis	(565, 619)	N	same	hori	left	True	211818	213051	left	1	1	99
10	zyt	f	22	1	70	diamond	red	(645, 428)	low	dis	(724, 460)	Y	dif	vert	up	True	214212	215291	up	1	1	100
10	zyt	f	22	1	70	circle	red	(724, 460)	high	no	no_dis	N	same	hori	left	True	216519	217130	left	1	1	101
10	zyt	f	22	1	70	diamond	green	(645, 428)	low	dis	(533, 540)	N	same	hori	left	True	218217	219155	left	1	1	102
10	zyt	f	22	1	70	diamond	red	(757, 540)	low	no	no_dis	N	dif	vert	up	True	220224	220906	up	1	1	103
10	zyt	f	22	1	70	circle	red	(724, 460)	high	no	no_dis	N	dif	vert	up	True	222077	223027	up	1	1	104
10	zyt	f	22	1	70	diamond	red	(724, 460)	high	dis	(757, 540)	N	dif	hori	left	True	224068	224683	left	1	1	105
10	zyt	f	22	1	70	circle	red	(724, 460)	high	no	no_dis	N	dif	vert	up	True	225725	226611	up	1	1	106
10	zyt	f	22	1	70	diamond	red	(724, 460)	high	dis	(565, 619)	N	dif	vert	up	True	227815	228578	up	1	1	107
10	zyt	f	22	1	70	circle	green	(757, 540)	low	dis	(645, 652)	N	same	vert	up	True	229830	230619	up	1	1	108
10	zyt	f	22	1	70	circle	red	(724, 460)	high	no	no_dis	N	same	vert	up	True	231656	232723	up	1	1	109
10	zyt	f	22	1	70	diamond	red	(724, 619)	low	dis	(724, 460)	Y	dif	hori	left	True	233815	235243	left	1	1	110
10	zyt	f	22	1	70	circle	green	(724, 460)	high	no	no_dis	N	dif	hori	left	True	236258	237475	left	1	1	111
10	zyt	f	22	1	70	circle	green	(533, 540)	low	dis	(724, 460)	Y	dif	vert	up	True	238681	239650	up	1	1	112
10	zyt	f	22	1	70	circle	green	(724, 460)	high	dis	(757, 540)	N	dif	vert	up	True	240805	241547	up	1	1	113
10	zyt	f	22	1	70	circle	green	(724, 460)	high	dis	(645, 428)	N	same	vert	up	True	242569	243291	up	1	1	114
10	zyt	f	22	1	70	diamond	green	(724, 460)	high	dis	(533, 540)	N	dif	vert	up	True	244294	245130	up	1	1	115
10	zyt	f	22	1	70	diamond	green	(724, 460)	high	no	no_dis	N	same	hori	left	True	246331	248043	left	1	1	116
10	zyt	f	22	1	70	circle	green	(724, 460)	high	dis	(565, 460)	N	same	vert	up	True	249278	250155	up	1	1	117
10	zyt	f	22	1	70	circle	green	(565, 460)	low	no	no_dis	N	same	vert	up	True	251377	252203	up	1	1	118
10	zyt	f	22	1	70	circle	green	(565, 460)	low	dis	(757, 540)	N	dif	vert	up	True	253329	255042	up	1	1	119
10	zyt	f	22	1	70	circle	red	(645, 652)	low	no	no_dis	N	dif	vert	up	True	256078	257107	up	1	1	120
10	zyt	f	22	1	70	diamond	red	(533, 540)	low	dis	(645, 428)	N	dif	hori	left	True	292331	293898	left	1	2	1
10	zyt	f	22	1	70	circle	red	(565, 619)	low	dis	(645, 652)	N	same	vert	up	True	295085	295899	up	1	2	2
10	zyt	f	22	1	70	circle	green	(724, 460)	high	no	no_dis	N	dif	vert	up	True	297049	297659	up	1	2	3
10	zyt	f	22	1	70	diamond	green	(724, 460)	high	no	no_dis	N	dif	hori	left	True	298815	299587	left	1	2	4
10	zyt	f	22	1	70	circle	green	(724, 460)	high	dis	(565, 460)	N	dif	vert	up	True	300781	301690	up	1	2	5
10	zyt	f	22	1	70	diamond	green	(724, 460)	high	no	no_dis	N	same	hori	left	True	302839	303602	left	1	2	6
10	zyt	f	22	1	70	circle	green	(533, 540)	low	no	no_dis	N	same	hori	left	True	304610	305251	left	1	2	7
10	zyt	f	22	1	70	diamond	green	(757, 540)	low	dis	(724, 460)	Y	same	hori	left	True	306429	307658	left	1	2	8
10	zyt	f	22	1	70	circle	red	(724, 460)	high	dis	(533, 540)	N	dif	hori	left	True	308686	309930	left	1	2	9
10	zyt	f	22	1	70	circle	red	(645, 428)	low	no	no_dis	N	dif	vert	up	True	311066	311779	up	1	2	10
10	zyt	f	22	1	70	diamond	red	(724, 460)	high	no	no_dis	N	same	hori	left	True	313017	313931	left	1	2	11
10	zyt	f	22	1	70	diamond	green	(533, 540)	low	dis	(724, 460)	Y	same	vert	up	True	315063	315730	up	1	2	12
10	zyt	f	22	1	70	circle	red	(724, 460)	high	dis	(565, 460)	N	same	vert	up	True	316864	317530	up	1	2	13
10	zyt	f	22	1	70	diamond	red	(724, 460)	high	dis	(645, 428)	N	dif	vert	up	True	318651	319450	up	1	2	14
10	zyt	f	22	1	70	diamond	red	(724, 460)	high	dis	(645, 428)	N	same	hori	left	True	320593	321170	left	1	2	15
10	zyt	f	22	1	70	diamond	green	(724, 460)	high	dis	(565, 619)	N	dif	hori	left	True	322390	323018	left	1	2	16
10	zyt	f	22	1	70	circle	green	(533, 540)	low	dis	(757, 540)	N	same	vert	up	True	324054	324675	up	1	2	17
10	zyt	f	22	1	70	circle	green	(724, 460)	high	dis	(533, 540)	N	same	vert	up	True	325702	326491	up	1	2	18
10	zyt	f	22	1	70	diamond	green	(565, 460)	low	no	no_dis	N	dif	hori	left	True	327543	328226	left	1	2	19
10	zyt	f	22	1	70	diamond	red	(724, 460)	high	no	no_dis	N	same	hori	left	True	329351	330171	left	1	2	20
10	zyt	f	22	1	70	circle	green	(724, 460)	high	dis	(645, 652)	N	same	vert	up	True	331292	332138	up	1	2	21
10	zyt	f	22	1	70	circle	red	(724, 460)	high	no	no_dis	N	dif	vert	up	True	333209	333770	up	1	2	22
10	zyt	f	22	1	70	diamond	green	(645, 652)	low	dis	(724, 460)	Y	dif	hori	left	True	334903	335834	left	1	2	23
10	zyt	f	22	1	70	diamond	green	(724, 460)	high	dis	(565, 619)	N	same	hori	left	True	336839	337378	left	1	2	24
10	zyt	f	22	1	70	diamond	green	(565, 460)	low	dis	(724, 619)	N	same	hori	left	True	338528	339635	left	1	2	25
10	zyt	f	22	1	70	diamond	red	(724, 619)	low	no	no_dis	N	same	vert	up	True	340854	341618	up	1	2	26
10	zyt	f	22	1	70	diamond	green	(724, 460)	high	no	no_dis	N	dif	hori	left	True	342850	343443	left	1	2	27
10	zyt	f	22	1	70	diamond	green	(645, 428)	low	dis	(565, 619)	N	dif	vert	up	True	344665	345338	up	1	2	28
10	zyt	f	22	1	70	circle	red	(724, 460)	high	dis	(645, 428)	N	dif	hori	left	True	346408	347050	left	1	2	29
10	zyt	f	22	1	70	circle	red	(757, 540)	low	dis	(724, 460)	Y	dif	vert	up	True	348151	348906	up	1	2	30
10	zyt	f	22	1	70	circle	green	(645, 652)	low	dis	(724, 619)	N	same	hori	left	True	350130	350770	left	1	2	31
10	zyt	f	22	1	70	diamond	green	(565, 619)	low	dis	(757, 540)	N	same	vert	up	True	351822	352954	up	1	2	32
10	zyt	f	22	1	70	diamond	green	(724, 460)	high	no	no_dis	N	dif	hori	left	True	354199	355138	left	1	2	33
10	zyt	f	22	1	70	diamond	red	(724, 460)	high	no	no_dis	N	dif	vert	up	False	356174	None	None	0	2	34
10	zyt	f	22	1	70	diamond	green	(645, 428)	low	no	no_dis	N	same	vert	up	True	361805	362451	up	1	2	35
10	zyt	f	22	1	70	circle	green	(724, 460)	high	no	no_dis	N	same	vert	up	True	363584	364314	left	0	2	36
10	zyt	f	22	1	70	diamond	red	(724, 460)	high	dis	(645, 652)	N	same	hori	left	True	367066	367746	left	1	2	37
10	zyt	f	22	1	70	diamond	green	(724, 460)	high	dis	(565, 460)	N	same	vert	up	True	368910	369498	up	1	2	38
10	zyt	f	22	1	70	diamond	red	(757, 540)	low	dis	(724, 460)	Y	dif	vert	up	True	370746	371771	up	1	2	39
10	zyt	f	22	1	70	circle	red	(724, 460)	high	dis	(565, 619)	N	same	vert	up	True	372846	373626	up	1	2	40
10	zyt	f	22	1	70	diamond	red	(724, 460)	high	dis	(724, 619)	N	same	hori	left	True	374717	375570	left	1	2	41
10	zyt	f	22	1	70	diamond	red	(565, 619)	low	dis	(645, 428)	N	dif	vert	up	True	376735	377522	up	1	2	42
10	zyt	f	22	1	70	diamond	red	(724, 460)	high	dis	(565, 460)	N	same	vert	up	True	378743	379595	up	1	2	43
10	zyt	f	22	1	70	circle	green	(565, 460)	low	dis	(565, 619)	N	same	hori	left	True	380704	381330	left	1	2	44
10	zyt	f	22	1	70	circle	red	(645, 652)	low	dis	(565, 460)	N	dif	hori	left	True	382446	383242	left	1	2	45
10	zyt	f	22	1	70	diamond	red	(724, 460)	high	no	no_dis	N	same	vert	up	True	384341	384930	up	1	2	46
10	zyt	f	22	1	70	diamond	red	(645, 428)	low	dis	(724, 460)	Y	same	vert	up	True	385996	386642	up	1	2	47
10	zyt	f	22	1	70	circle	red	(724, 460)	high	no	no_dis	N	dif	hori	left	True	387829	388330	left	1	2	48
10	zyt	f	22	1	70	circle	green	(724, 460)	high	no	no_dis	N	same	hori	left	True	389556	390178	left	1	2	49
10	zyt	f	22	1	70	diamond	red	(724, 460)	high	dis	(565, 619)	N	same	vert	up	True	391323	391890	up	1	2	50
10	zyt	f	22	1	70	diamond	green	(724, 460)	high	no	no_dis	N	dif	vert	up	True	393059	393626	up	1	2	51
10	zyt	f	22	1	70	diamond	green	(565, 460)	low	no	no_dis	N	dif	vert	up	True	394700	395587	up	1	2	52
10	zyt	f	22	1	70	diamond	red	(724, 460)	high	dis	(724, 619)	N	same	vert	up	True	396605	397507	up	1	2	53
10	zyt	f	22	1	70	circle	red	(645, 428)	low	dis	(724, 460)	Y	same	vert	up	True	398527	399274	up	1	2	54
10	zyt	f	22	1	70	diamond	red	(724, 460)	high	dis	(724, 619)	N	same	vert	up	True	400406	401154	up	1	2	55
10	zyt	f	22	1	70	circle	green	(724, 460)	high	dis	(724, 619)	N	same	vert	up	True	402182	403578	up	1	2	56
10	zyt	f	22	1	70	diamond	red	(724, 460)	high	dis	(724, 619)	N	dif	hori	left	True	404780	406099	up	0	2	57
10	zyt	f	22	1	70	circle	red	(724, 460)	high	dis	(724, 619)	N	dif	vert	up	True	408652	409235	up	1	2	58
10	zyt	f	22	1	70	circle	green	(724, 460)	high	dis	(645, 428)	N	dif	vert	up	True	410288	411266	up	1	2	59
10	zyt	f	22	1	70	diamond	green	(724, 460)	high	dis	(565, 619)	N	same	hori	left	True	412271	412954	left	1	2	60
10	zyt	f	22	1	70	circle	red	(724, 460)	high	no	no_dis	N	same	vert	up	True	414031	414787	up	1	2	61
10	zyt	f	22	1	70	circle	green	(724, 460)	high	no	no_dis	N	dif	vert	up	True	415917	416714	up	1	2	62
10	zyt	f	22	1	70	circle	red	(724, 460)	high	no	no_dis	N	dif	vert	up	True	417726	418418	up	1	2	63
10	zyt	f	22	1	70	diamond	red	(724, 460)	high	dis	(757, 540)	N	dif	hori	left	True	419603	420186	left	1	2	64
10	zyt	f	22	1	70	circle	red	(724, 460)	high	dis	(757, 540)	N	same	hori	left	True	421289	421914	left	1	2	65
10	zyt	f	22	1	70	diamond	green	(724, 460)	high	dis	(565, 619)	N	dif	hori	left	True	422979	423626	left	1	2	66
10	zyt	f	22	1	70	circle	red	(565, 460)	low	dis	(533, 540)	N	dif	vert	up	True	424862	425579	left	0	2	67
10	zyt	f	22	1	70	circle	green	(724, 460)	high	dis	(757, 540)	N	dif	vert	up	True	428113	428714	up	1	2	68
10	zyt	f	22	1	70	diamond	green	(724, 460)	high	no	no_dis	N	dif	hori	left	True	429849	430394	left	1	2	69
10	zyt	f	22	1	70	circle	green	(724, 460)	high	dis	(533, 540)	N	same	hori	left	True	431542	432091	left	1	2	70
10	zyt	f	22	1	70	circle	red	(724, 460)	high	dis	(533, 540)	N	dif	vert	up	True	433296	433746	left	0	2	71
10	zyt	f	22	1	70	diamond	red	(724, 460)	high	dis	(565, 619)	N	dif	hori	left	True	436315	436835	left	1	2	72
10	zyt	f	22	1	70	circle	red	(724, 460)	high	dis	(724, 619)	N	dif	hori	left	True	437961	438402	left	1	2	73
10	zyt	f	22	1	70	circle	green	(724, 460)	high	dis	(757, 540)	N	dif	vert	up	True	439591	440074	up	1	2	74
10	zyt	f	22	1	70	diamond	red	(724, 460)	high	no	no_dis	N	dif	vert	up	True	441177	441658	up	1	2	75
10	zyt	f	22	1	70	diamond	red	(565, 619)	low	no	no_dis	N	same	hori	left	True	442884	443898	left	1	2	76
10	zyt	f	22	1	70	circle	red	(724, 460)	high	dis	(645, 652)	N	dif	hori	left	True	444915	446019	left	1	2	77
10	zyt	f	22	1	70	circle	red	(724, 460)	high	dis	(565, 460)	N	same	vert	up	True	447259	447939	up	1	2	78
10	zyt	f	22	1	70	diamond	green	(724, 460)	high	dis	(533, 540)	N	dif	vert	up	True	449129	450130	up	1	2	79
10	zyt	f	22	1	70	diamond	green	(724, 460)	high	dis	(645, 428)	N	same	hori	left	True	451180	451915	left	1	2	80
10	zyt	f	22	1	70	diamond	red	(724, 460)	high	dis	(645, 652)	N	dif	hori	left	True	453088	453714	left	1	2	81
10	zyt	f	22	1	70	circle	green	(645, 428)	low	dis	(724, 460)	Y	dif	hori	left	True	454932	456114	left	1	2	82
10	zyt	f	22	1	70	circle	green	(724, 619)	low	no	no_dis	N	dif	hori	left	True	457309	458074	left	1	2	83
10	zyt	f	22	1	70	diamond	green	(724, 460)	high	dis	(565, 460)	N	same	hori	left	True	459192	460050	left	1	2	84
10	zyt	f	22	1	70	diamond	green	(724, 460)	high	dis	(565, 619)	N	dif	vert	up	True	461149	461770	up	1	2	85
10	zyt	f	22	1	70	diamond	green	(724, 460)	high	dis	(645, 652)	N	same	hori	left	True	462871	464266	left	1	2	86
10	zyt	f	22	1	70	circle	red	(724, 460)	high	no	no_dis	N	same	hori	left	True	465334	466010	left	1	2	87
10	zyt	f	22	1	70	diamond	red	(724, 460)	high	no	no_dis	N	same	hori	left	True	467173	467810	left	1	2	88
10	zyt	f	22	1	70	diamond	green	(724, 460)	high	dis	(757, 540)	N	same	vert	up	True	468872	469530	up	1	2	89
10	zyt	f	22	1	70	circle	green	(724, 460)	high	dis	(533, 540)	N	dif	vert	up	True	470755	471522	up	1	2	90
10	zyt	f	22	1	70	diamond	red	(724, 460)	high	dis	(645, 428)	N	dif	vert	up	True	472660	473707	up	1	2	91
10	zyt	f	22	1	70	diamond	red	(565, 619)	low	no	no_dis	N	same	hori	left	True	474802	475706	left	1	2	92
10	zyt	f	22	1	70	diamond	green	(724, 460)	high	dis	(565, 460)	N	dif	hori	left	True	476947	477898	left	1	2	93
10	zyt	f	22	1	70	diamond	red	(565, 460)	low	dis	(724, 460)	Y	dif	hori	left	True	478925	479578	up	0	2	94
10	zyt	f	22	1	70	circle	green	(724, 460)	high	dis	(533, 540)	N	dif	hori	left	True	482120	482634	left	1	2	95
10	zyt	f	22	1	70	circle	green	(724, 619)	low	dis	(533, 540)	N	dif	vert	up	True	483787	484219	up	1	2	96
10	zyt	f	22	1	70	circle	red	(757, 540)	low	no	no_dis	N	dif	hori	left	True	485441	485994	left	1	2	97
10	zyt	f	22	1	70	diamond	green	(724, 460)	high	no	no_dis	N	same	vert	up	True	487156	487882	up	1	2	98
10	zyt	f	22	1	70	circle	red	(724, 460)	high	dis	(645, 428)	N	dif	vert	up	True	489005	489827	left	0	2	99
10	zyt	f	22	1	70	circle	green	(724, 460)	high	dis	(757, 540)	N	same	hori	left	True	492505	493186	left	1	2	100
10	zyt	f	22	1	70	circle	green	(724, 460)	high	no	no_dis	N	same	vert	up	True	494403	495314	up	1	2	101
10	zyt	f	22	1	70	circle	green	(757, 540)	low	dis	(724, 460)	Y	same	hori	left	True	496383	497258	left	1	2	102
10	zyt	f	22	1	70	circle	red	(724, 460)	high	no	no_dis	N	same	vert	up	True	498394	499218	up	1	2	103
10	zyt	f	22	1	70	circle	green	(724, 460)	high	dis	(645, 652)	N	same	vert	up	True	500244	501083	up	1	2	104
10	zyt	f	22	1	70	circle	green	(724, 460)	high	dis	(565, 460)	N	dif	hori	left	True	502217	502938	left	1	2	105
10	zyt	f	22	1	70	diamond	green	(724, 460)	high	dis	(533, 540)	N	dif	hori	left	True	503958	505114	left	1	2	106
10	zyt	f	22	1	70	circle	green	(724, 460)	high	no	no_dis	N	dif	hori	left	True	506276	507018	left	1	2	107
10	zyt	f	22	1	70	diamond	red	(724, 460)	high	dis	(645, 428)	N	same	hori	left	True	508171	508987	left	1	2	108
10	zyt	f	22	1	70	circle	green	(724, 460)	high	dis	(757, 540)	N	dif	vert	up	True	510234	511290	up	1	2	109
10	zyt	f	22	1	70	circle	red	(724, 460)	high	dis	(645, 652)	N	same	hori	left	True	512440	512986	left	1	2	110
10	zyt	f	22	1	70	diamond	green	(724, 460)	high	dis	(645, 652)	N	same	hori	left	True	514112	514778	left	1	2	111
10	zyt	f	22	1	70	circle	red	(724, 619)	low	dis	(565, 460)	N	dif	hori	left	True	515977	516747	left	1	2	112
10	zyt	f	22	1	70	diamond	red	(724, 619)	low	dis	(645, 652)	N	same	hori	left	True	517967	518834	left	1	2	113
10	zyt	f	22	1	70	circle	red	(724, 460)	high	no	no_dis	N	dif	hori	left	True	519898	520586	left	1	2	114
10	zyt	f	22	1	70	circle	red	(724, 460)	high	dis	(724, 619)	N	dif	vert	up	True	521610	522451	up	1	2	115
10	zyt	f	22	1	70	circle	red	(724, 460)	high	dis	(757, 540)	N	same	vert	up	True	523545	524946	up	1	2	116
10	zyt	f	22	1	70	circle	green	(757, 540)	low	no	no_dis	N	same	vert	up	True	526191	527538	up	1	2	117
10	zyt	f	22	1	70	circle	red	(645, 652)	low	no	no_dis	N	dif	vert	up	True	528653	529418	up	1	2	118
10	zyt	f	22	1	70	diamond	red	(724, 460)	high	no	no_dis	N	same	vert	up	True	530552	531410	up	1	2	119
10	zyt	f	22	1	70	circle	green	(724, 460)	high	no	no_dis	N	same	hori	left	True	532425	533138	left	1	2	120
10	zyt	f	22	1	70	diamond	red	(724, 460)	high	dis	(645, 652)	N	same	vert	up	True	566875	567522	up	1	3	1
10	zyt	f	22	1	70	circle	green	(724, 460)	high	no	no_dis	N	dif	hori	left	True	568752	569218	left	1	3	2
10	zyt	f	22	1	70	diamond	green	(724, 619)	low	no	no_dis	N	same	vert	up	True	570302	571178	up	1	3	3
10	zyt	f	22	1	70	circle	green	(645, 652)	low	dis	(724, 619)	N	same	hori	left	True	572336	573482	left	1	3	4
10	zyt	f	22	1	70	circle	green	(724, 460)	high	dis	(533, 540)	N	dif	vert	up	True	574706	575202	up	1	3	5
10	zyt	f	22	1	70	diamond	red	(565, 460)	low	no	no_dis	N	dif	vert	up	True	576404	577394	up	1	3	6
10	zyt	f	22	1	70	diamond	green	(724, 460)	high	dis	(645, 428)	N	dif	vert	up	True	578637	579178	up	1	3	7
10	zyt	f	22	1	70	circle	green	(724, 460)	high	dis	(565, 619)	N	same	hori	left	True	580192	580754	left	1	3	8
10	zyt	f	22	1	70	diamond	red	(533, 540)	low	dis	(757, 540)	N	dif	hori	left	True	581887	582922	left	1	3	9
10	zyt	f	22	1	70	diamond	red	(724, 460)	high	no	no_dis	N	same	vert	up	True	584164	586186	up	1	3	10
10	zyt	f	22	1	70	circle	green	(565, 460)	low	dis	(724, 460)	Y	same	vert	up	True	587422	588426	left	0	3	11
10	zyt	f	22	1	70	diamond	green	(724, 460)	high	dis	(645, 428)	N	dif	hori	left	True	591148	592058	left	1	3	12
10	zyt	f	22	1	70	diamond	green	(724, 460)	high	dis	(565, 460)	N	dif	hori	left	True	593064	593882	left	1	3	13
10	zyt	f	22	1	70	circle	red	(724, 619)	low	dis	(724, 460)	Y	dif	hori	left	True	594906	595810	left	1	3	14
10	zyt	f	22	1	70	circle	red	(757, 540)	low	dis	(645, 652)	N	same	hori	left	True	596931	597562	left	1	3	15
10	zyt	f	22	1	70	diamond	red	(724, 460)	high	dis	(645, 652)	N	same	vert	up	True	598644	599442	up	1	3	16
10	zyt	f	22	1	70	diamond	green	(724, 460)	high	dis	(645, 428)	N	dif	vert	up	True	600636	601426	up	1	3	17
10	zyt	f	22	1	70	diamond	red	(724, 460)	high	dis	(645, 652)	N	same	hori	left	True	602614	603370	left	1	3	18
10	zyt	f	22	1	70	diamond	red	(724, 619)	low	dis	(757, 540)	N	same	hori	left	True	604517	605426	left	1	3	19
10	zyt	f	22	1	70	diamond	green	(724, 460)	high	dis	(757, 540)	N	dif	vert	up	True	606662	607178	up	1	3	20
10	zyt	f	22	1	70	diamond	green	(645, 428)	low	dis	(724, 460)	Y	dif	vert	up	True	608287	608914	up	1	3	21
10	zyt	f	22	1	70	circle	green	(724, 460)	high	dis	(565, 619)	N	dif	hori	left	True	610070	610674	left	1	3	22
10	zyt	f	22	1	70	circle	red	(724, 460)	high	no	no_dis	N	same	vert	up	True	611821	612698	up	1	3	23
10	zyt	f	22	1	70	diamond	green	(724, 460)	high	dis	(724, 619)	N	dif	vert	up	True	613874	615802	up	1	3	24
10	zyt	f	22	1	70	circle	red	(724, 460)	high	no	no_dis	N	dif	vert	up	True	616889	617674	up	1	3	25
10	zyt	f	22	1	70	circle	red	(645, 652)	low	dis	(533, 540)	N	same	vert	up	True	618871	619722	up	1	3	26
10	zyt	f	22	1	70	diamond	red	(724, 460)	high	dis	(565, 619)	N	dif	vert	up	True	620866	621434	up	1	3	27
10	zyt	f	22	1	70	diamond	red	(565, 460)	low	dis	(645, 428)	N	dif	vert	up	True	622456	623393	up	1	3	28
10	zyt	f	22	1	70	diamond	green	(724, 460)	high	no	no_dis	N	dif	vert	up	True	624626	625194	up	1	3	29
10	zyt	f	22	1	70	diamond	green	(565, 460)	low	dis	(724, 460)	Y	same	vert	up	True	626373	627122	up	1	3	30
10	zyt	f	22	1	70	diamond	red	(645, 652)	low	no	no_dis	N	dif	vert	up	True	628346	629634	up	1	3	31
10	zyt	f	22	1	70	circle	green	(724, 460)	high	dis	(565, 460)	N	same	vert	up	True	630815	632426	up	1	3	32
10	zyt	f	22	1	70	diamond	red	(724, 460)	high	dis	(645, 428)	N	dif	vert	up	True	633489	634282	up	1	3	33
10	zyt	f	22	1	70	diamond	red	(724, 460)	high	no	no_dis	N	same	vert	up	True	635334	636450	up	1	3	34
10	zyt	f	22	1	70	diamond	green	(757, 540)	low	no	no_dis	N	same	hori	left	True	637701	638553	left	1	3	35
10	zyt	f	22	1	70	circle	green	(724, 460)	high	no	no_dis	N	dif	vert	up	True	639653	640818	up	1	3	36
10	zyt	f	22	1	70	diamond	red	(724, 460)	high	dis	(645, 652)	N	same	vert	up	True	642021	643386	up	1	3	37
10	zyt	f	22	1	70	diamond	green	(724, 460)	high	dis	(757, 540)	N	same	vert	up	True	644469	645218	up	1	3	38
10	zyt	f	22	1	70	circle	green	(724, 460)	high	dis	(757, 540)	N	dif	vert	up	True	646419	647018	left	0	3	39
10	zyt	f	22	1	70	diamond	green	(565, 619)	low	dis	(724, 619)	N	dif	hori	left	True	649650	650506	left	1	3	40
10	zyt	f	22	1	70	diamond	green	(724, 460)	high	dis	(645, 652)	N	dif	vert	up	True	651685	652185	up	1	3	41
10	zyt	f	22	1	70	circle	green	(533, 540)	low	dis	(724, 460)	Y	dif	hori	left	True	653402	654122	left	1	3	42
10	zyt	f	22	1	70	circle	green	(724, 460)	high	dis	(724, 619)	N	same	vert	up	True	655257	655730	up	1	3	43
10	zyt	f	22	1	70	circle	red	(724, 460)	high	no	no_dis	N	same	vert	up	True	656977	657633	up	1	3	44
10	zyt	f	22	1	70	diamond	green	(724, 460)	high	no	no_dis	N	same	hori	left	True	658874	659450	left	1	3	45
10	zyt	f	22	1	70	diamond	red	(565, 619)	low	no	no_dis	N	same	vert	up	True	660644	661498	up	1	3	46
10	zyt	f	22	1	70	diamond	red	(724, 460)	high	dis	(565, 619)	N	same	vert	up	True	662527	663298	up	1	3	47
10	zyt	f	22	1	70	circle	green	(724, 460)	high	dis	(533, 540)	N	same	vert	up	True	664512	665322	up	1	3	48
10	zyt	f	22	1	70	diamond	green	(645, 652)	low	dis	(724, 460)	Y	dif	vert	up	True	666467	667314	up	1	3	49
10	zyt	f	22	1	70	circle	red	(645, 428)	low	no	no_dis	N	same	hori	left	True	668344	669170	up	0	3	50
10	zyt	f	22	1	70	circle	red	(724, 460)	high	dis	(724, 619)	N	same	hori	left	True	671922	672537	left	1	3	51
10	zyt	f	22	1	70	diamond	red	(565, 619)	low	dis	(724, 460)	Y	same	hori	left	True	673738	674722	left	1	3	52
10	zyt	f	22	1	70	circle	red	(724, 460)	high	dis	(533, 540)	N	same	vert	up	True	675764	676250	up	1	3	53
10	zyt	f	22	1	70	circle	green	(645, 428)	low	no	no_dis	N	dif	hori	left	True	677367	678417	left	1	3	54
10	zyt	f	22	1	70	diamond	green	(724, 460)	high	dis	(757, 540)	N	dif	vert	up	True	679556	680250	up	1	3	55
10	zyt	f	22	1	70	circle	red	(645, 428)	low	dis	(724, 460)	Y	dif	hori	left	True	681338	682098	left	1	3	56
10	zyt	f	22	1	70	circle	red	(565, 460)	low	no	no_dis	N	same	vert	up	True	683170	684418	left	0	3	57
10	zyt	f	22	1	70	diamond	green	(724, 460)	high	no	no_dis	N	dif	hori	left	True	687150	687738	left	1	3	58
10	zyt	f	22	1	70	diamond	red	(724, 460)	high	no	no_dis	N	same	vert	up	True	688800	689266	up	1	3	59
10	zyt	f	22	1	70	diamond	green	(724, 460)	high	no	no_dis	N	dif	vert	up	True	690421	691002	up	1	3	60
10	zyt	f	22	1	70	diamond	red	(724, 460)	high	dis	(757, 540)	N	same	hori	left	True	692244	692929	left	1	3	61
10	zyt	f	22	1	70	diamond	green	(724, 460)	high	no	no_dis	N	same	hori	left	True	694083	695042	left	1	3	62
10	zyt	f	22	1	70	diamond	red	(724, 460)	high	no	no_dis	N	dif	hori	left	True	696293	696970	left	1	3	63
10	zyt	f	22	1	70	diamond	green	(757, 540)	low	dis	(645, 428)	N	same	hori	left	True	698166	699018	left	1	3	64
10	zyt	f	22	1	70	circle	red	(724, 460)	high	no	no_dis	N	dif	hori	left	True	700067	701386	left	1	3	65
10	zyt	f	22	1	70	circle	red	(724, 460)	high	no	no_dis	N	same	hori	left	True	702403	702962	left	1	3	66
10	zyt	f	22	1	70	diamond	red	(724, 460)	high	dis	(645, 652)	N	dif	hori	left	True	704158	705081	left	1	3	67
10	zyt	f	22	1	70	circle	red	(724, 460)	high	no	no_dis	N	dif	hori	left	True	706177	707570	left	1	3	68
10	zyt	f	22	1	70	circle	red	(724, 460)	high	dis	(645, 428)	N	dif	hori	left	True	708698	709274	up	0	3	69
10	zyt	f	22	1	70	circle	green	(724, 460)	high	dis	(565, 460)	N	same	hori	left	True	711875	712506	left	1	3	70
10	zyt	f	22	1	70	circle	green	(724, 460)	high	dis	(565, 619)	N	dif	hori	left	True	713709	715426	left	1	3	71
10	zyt	f	22	1	70	diamond	green	(724, 460)	high	dis	(533, 540)	N	same	hori	left	True	716478	717570	left	1	3	72
10	zyt	f	22	1	70	circle	red	(724, 460)	high	dis	(757, 540)	N	same	vert	up	True	718753	719394	up	1	3	73
10	zyt	f	22	1	70	diamond	red	(724, 460)	high	dis	(565, 460)	N	same	vert	up	True	720608	721345	up	1	3	74
10	zyt	f	22	1	70	diamond	green	(757, 540)	low	no	no_dis	N	same	hori	left	True	722592	723426	left	1	3	75
10	zyt	f	22	1	70	diamond	green	(724, 460)	high	dis	(565, 619)	N	same	vert	up	True	724608	725506	up	1	3	76
10	zyt	f	22	1	70	diamond	red	(724, 460)	high	dis	(645, 428)	N	dif	vert	up	True	726546	727281	up	1	3	77
10	zyt	f	22	1	70	diamond	green	(724, 460)	high	dis	(645, 652)	N	dif	hori	left	True	728373	729042	left	1	3	78
10	zyt	f	22	1	70	circle	green	(724, 619)	low	dis	(565, 619)	N	same	vert	up	True	730248	731066	up	1	3	79
10	zyt	f	22	1	70	circle	green	(645, 428)	low	dis	(724, 460)	Y	same	vert	up	True	732099	733082	up	1	3	80
10	zyt	f	22	1	70	circle	green	(724, 460)	high	dis	(565, 619)	N	dif	vert	up	True	734263	734922	up	1	3	81
10	zyt	f	22	1	70	diamond	red	(757, 540)	low	dis	(565, 460)	N	dif	hori	left	True	736004	736706	left	1	3	82
10	zyt	f	22	1	70	circle	red	(565, 460)	low	dis	(565, 619)	N	dif	vert	up	True	737762	739225	up	1	3	83
10	zyt	f	22	1	70	diamond	red	(724, 460)	high	dis	(565, 460)	N	same	hori	left	True	740263	740865	left	1	3	84
10	zyt	f	22	1	70	circle	green	(724, 460)	high	no	no_dis	N	same	hori	left	True	741896	742481	left	1	3	85
10	zyt	f	22	1	70	diamond	red	(724, 460)	high	no	no_dis	N	same	hori	left	True	743507	744137	left	1	3	86
10	zyt	f	22	1	70	circle	green	(724, 460)	high	no	no_dis	N	same	hori	left	True	745161	745714	left	1	3	87
10	zyt	f	22	1	70	diamond	green	(724, 460)	high	no	no_dis	N	dif	vert	up	True	746933	747810	up	1	3	88
10	zyt	f	22	1	70	circle	red	(724, 460)	high	dis	(533, 540)	N	dif	hori	left	True	748974	749498	left	1	3	89
10	zyt	f	22	1	70	circle	red	(724, 460)	high	dis	(724, 619)	N	dif	hori	left	True	750533	751129	left	1	3	90
10	zyt	f	22	1	70	circle	green	(757, 540)	low	dis	(533, 540)	N	same	vert	up	True	752314	753137	up	1	3	91
10	zyt	f	22	1	70	diamond	red	(724, 460)	high	no	no_dis	N	same	vert	up	True	754171	754946	up	1	3	92
10	zyt	f	22	1	70	diamond	red	(724, 460)	high	no	no_dis	N	dif	vert	up	True	756157	756689	left	0	3	93
10	zyt	f	22	1	70	diamond	red	(645, 428)	low	dis	(645, 652)	N	same	hori	left	True	759385	760033	left	1	3	94
10	zyt	f	22	1	70	circle	red	(565, 619)	low	dis	(565, 460)	N	dif	vert	up	True	761277	762026	up	1	3	95
10	zyt	f	22	1	70	circle	green	(724, 460)	high	no	no_dis	N	same	hori	left	True	763048	763554	left	1	3	96
10	zyt	f	22	1	70	circle	red	(724, 460)	high	dis	(724, 619)	N	dif	hori	left	True	764696	765250	left	1	3	97
10	zyt	f	22	1	70	diamond	green	(724, 460)	high	dis	(565, 460)	N	same	hori	left	True	766342	766986	left	1	3	98
10	zyt	f	22	1	70	circle	red	(724, 460)	high	dis	(724, 619)	N	dif	vert	up	True	768223	768705	up	1	3	99
10	zyt	f	22	1	70	circle	green	(724, 460)	high	no	no_dis	N	same	vert	up	True	769768	770362	up	1	3	100
10	zyt	f	22	1	70	circle	red	(724, 460)	high	dis	(565, 460)	N	dif	hori	left	True	771395	771874	left	1	3	101
10	zyt	f	22	1	70	circle	green	(724, 460)	high	dis	(533, 540)	N	dif	hori	left	True	773101	773601	left	1	3	102
10	zyt	f	22	1	70	circle	red	(724, 460)	high	dis	(724, 619)	N	same	hori	left	True	774705	775201	left	1	3	103
10	zyt	f	22	1	70	circle	green	(724, 460)	high	dis	(533, 540)	N	same	vert	up	True	776215	776730	up	1	3	104
10	zyt	f	22	1	70	circle	green	(724, 460)	high	no	no_dis	N	dif	hori	left	True	777751	778362	left	1	3	105
10	zyt	f	22	1	70	circle	red	(724, 460)	high	dis	(645, 652)	N	dif	vert	up	True	779468	780025	up	1	3	106
10	zyt	f	22	1	70	diamond	red	(724, 460)	high	dis	(757, 540)	N	dif	hori	left	True	781206	781762	left	1	3	107
10	zyt	f	22	1	70	circle	green	(724, 460)	high	dis	(533, 540)	N	same	vert	up	True	782893	783834	up	1	3	108
10	zyt	f	22	1	70	diamond	red	(724, 460)	high	dis	(565, 619)	N	same	hori	left	True	784837	785409	left	1	3	109
10	zyt	f	22	1	70	circle	green	(645, 652)	low	no	no_dis	N	dif	hori	left	True	786525	787474	left	1	3	110
10	zyt	f	22	1	70	circle	red	(724, 460)	high	dis	(645, 428)	N	same	hori	left	True	788590	789105	left	1	3	111
10	zyt	f	22	1	70	diamond	green	(533, 540)	low	dis	(724, 460)	Y	dif	vert	up	True	790266	790697	left	0	3	112
10	zyt	f	22	1	70	diamond	green	(724, 460)	high	no	no_dis	N	dif	hori	left	True	793436	794137	left	1	3	113
10	zyt	f	22	1	70	circle	red	(533, 540)	low	no	no_dis	N	dif	vert	up	True	795373	796001	left	0	3	114
10	zyt	f	22	1	70	diamond	green	(724, 460)	high	dis	(565, 460)	N	same	hori	left	True	798583	799105	left	1	3	115
10	zyt	f	22	1	70	circle	red	(724, 460)	high	dis	(724, 619)	N	dif	hori	left	True	800264	800777	left	1	3	116
10	zyt	f	22	1	70	circle	green	(724, 619)	low	no	no_dis	N	dif	hori	left	True	801818	802570	left	1	3	117
10	zyt	f	22	1	70	circle	green	(724, 460)	high	dis	(645, 428)	N	same	hori	left	True	803649	804345	left	1	3	118
10	zyt	f	22	1	70	circle	red	(724, 460)	high	no	no_dis	N	dif	vert	up	True	805471	806073	up	1	3	119
10	zyt	f	22	1	70	circle	red	(724, 460)	high	dis	(757, 540)	N	same	hori	left	True	807212	807714	left	1	3	120
10	zyt	f	22	1	70	circle	red	(724, 460)	high	dis	(645, 652)	N	dif	hori	left	True	840905	841481	left	1	4	1
10	zyt	f	22	1	70	diamond	green	(724, 460)	high	no	no_dis	N	dif	hori	left	True	842585	843561	left	1	4	2
10	zyt	f	22	1	70	diamond	green	(724, 460)	high	dis	(533, 540)	N	same	hori	left	True	844743	845217	left	1	4	3
10	zyt	f	22	1	70	diamond	green	(724, 460)	high	no	no_dis	N	same	hori	left	True	846367	846785	left	1	4	4
10	zyt	f	22	1	70	circle	green	(724, 460)	high	dis	(565, 460)	N	dif	hori	left	True	847803	848546	left	1	4	5
10	zyt	f	22	1	70	diamond	green	(724, 460)	high	dis	(645, 428)	N	same	hori	left	True	849557	850049	left	1	4	6
10	zyt	f	22	1	70	diamond	green	(724, 619)	low	no	no_dis	N	dif	hori	left	True	851291	852081	left	1	4	7
10	zyt	f	22	1	70	circle	red	(724, 460)	high	dis	(533, 540)	N	dif	vert	up	True	853147	853689	up	1	4	8
10	zyt	f	22	1	70	diamond	green	(724, 460)	high	dis	(533, 540)	N	same	hori	left	True	854797	855339	left	1	4	9
10	zyt	f	22	1	70	circle	green	(724, 460)	high	dis	(645, 652)	N	dif	vert	up	True	856495	856985	up	1	4	10
10	zyt	f	22	1	70	circle	green	(724, 460)	high	dis	(565, 619)	N	same	hori	left	True	858171	858705	left	1	4	11
10	zyt	f	22	1	70	diamond	green	(565, 619)	low	dis	(724, 460)	Y	dif	hori	left	True	859870	860521	left	1	4	12
10	zyt	f	22	1	70	diamond	red	(645, 652)	low	no	no_dis	N	same	hori	left	True	861605	862321	left	1	4	13
10	zyt	f	22	1	70	diamond	green	(724, 460)	high	dis	(565, 460)	N	dif	vert	up	True	863333	864178	up	1	4	14
10	zyt	f	22	1	70	circle	green	(533, 540)	low	no	no_dis	N	dif	hori	left	True	865315	866106	left	1	4	15
10	zyt	f	22	1	70	circle	red	(757, 540)	low	dis	(724, 460)	Y	same	hori	left	True	867216	868017	left	1	4	16
10	zyt	f	22	1	70	diamond	red	(724, 460)	high	dis	(533, 540)	N	dif	hori	left	True	869265	870826	left	1	4	17
10	zyt	f	22	1	70	diamond	green	(724, 460)	high	no	no_dis	N	same	hori	left	True	872035	873330	left	1	4	18
10	zyt	f	22	1	70	diamond	red	(565, 619)	low	no	no_dis	N	same	vert	up	True	874547	875145	up	1	4	19
10	zyt	f	22	1	70	diamond	green	(724, 460)	high	dis	(757, 540)	N	dif	hori	left	True	876300	877009	up	0	4	20
10	zyt	f	22	1	70	diamond	red	(757, 540)	low	dis	(565, 460)	N	same	hori	left	True	879612	880154	left	1	4	21
10	zyt	f	22	1	70	diamond	red	(724, 460)	high	dis	(724, 619)	N	dif	hori	left	True	881248	881849	left	1	4	22
10	zyt	f	22	1	70	diamond	red	(724, 460)	high	no	no_dis	N	dif	vert	up	True	883015	883545	up	1	4	23
10	zyt	f	22	1	70	diamond	green	(724, 460)	high	no	no_dis	N	dif	vert	up	True	884748	885209	up	1	4	24
10	zyt	f	22	1	70	circle	red	(645, 428)	low	no	no_dis	N	dif	vert	up	True	886364	887153	up	1	4	25
10	zyt	f	22	1	70	circle	green	(724, 460)	high	no	no_dis	N	same	hori	left	True	888244	888705	left	1	4	26
10	zyt	f	22	1	70	circle	red	(724, 460)	high	dis	(565, 619)	N	dif	vert	up	True	889799	890537	up	1	4	27
10	zyt	f	22	1	70	circle	red	(645, 652)	low	dis	(724, 619)	N	same	vert	up	True	891678	892634	up	1	4	28
10	zyt	f	22	1	70	diamond	green	(533, 540)	low	dis	(565, 460)	N	dif	hori	left	True	893761	894442	up	0	4	29
10	zyt	f	22	1	70	circle	red	(724, 619)	low	no	no_dis	N	dif	hori	left	True	897125	897705	left	1	4	30
10	zyt	f	22	1	70	diamond	red	(533, 540)	low	dis	(724, 460)	Y	dif	vert	up	True	898950	900122	up	1	4	31
10	zyt	f	22	1	70	diamond	green	(724, 460)	high	dis	(724, 619)	N	same	hori	left	True	901291	903298	left	1	4	32
10	zyt	f	22	1	70	circle	green	(724, 460)	high	dis	(645, 428)	N	dif	vert	up	True	904533	905497	left	0	4	33
10	zyt	f	22	1	70	diamond	red	(724, 460)	high	dis	(565, 619)	N	same	vert	up	True	908211	908778	up	1	4	34
10	zyt	f	22	1	70	diamond	green	(724, 460)	high	dis	(565, 460)	N	dif	hori	left	True	909896	910386	left	1	4	35
10	zyt	f	22	1	70	diamond	red	(724, 460)	high	dis	(645, 652)	N	dif	vert	up	True	911392	911873	up	1	4	36
10	zyt	f	22	1	70	circle	green	(724, 460)	high	dis	(565, 619)	N	same	hori	left	True	912924	913410	left	1	4	37
10	zyt	f	22	1	70	diamond	red	(724, 460)	high	dis	(565, 460)	N	dif	hori	left	True	914620	915105	left	1	4	38
10	zyt	f	22	1	70	diamond	green	(724, 460)	high	dis	(565, 619)	N	same	vert	up	True	916154	916569	up	1	4	39
10	zyt	f	22	1	70	circle	red	(757, 540)	low	no	no_dis	N	same	vert	up	True	917743	918545	up	1	4	40
10	zyt	f	22	1	70	circle	red	(645, 428)	low	dis	(724, 460)	Y	same	vert	up	True	919704	920514	up	1	4	41
10	zyt	f	22	1	70	diamond	green	(724, 460)	high	dis	(645, 652)	N	dif	vert	up	True	921665	923441	up	1	4	42
10	zyt	f	22	1	70	circle	green	(724, 460)	high	dis	(757, 540)	N	dif	hori	left	True	924456	925386	left	1	4	43
10	zyt	f	22	1	70	circle	red	(565, 460)	low	dis	(645, 652)	N	same	hori	left	True	926629	927321	up	0	4	44
10	zyt	f	22	1	70	diamond	green	(645, 652)	low	dis	(724, 619)	N	dif	hori	left	True	930011	931154	left	1	4	45
10	zyt	f	22	1	70	circle	red	(724, 460)	high	no	no_dis	N	dif	hori	left	True	932274	932753	left	1	4	46
10	zyt	f	22	1	70	circle	red	(724, 619)	low	dis	(724, 460)	Y	dif	hori	left	True	933974	934577	up	0	4	47
10	zyt	f	22	1	70	circle	green	(724, 460)	high	dis	(533, 540)	N	dif	hori	left	True	937223	937730	left	1	4	48
10	zyt	f	22	1	70	circle	red	(724, 460)	high	dis	(757, 540)	N	dif	hori	left	True	938862	939649	left	1	4	49
10	zyt	f	22	1	70	diamond	red	(724, 460)	high	dis	(565, 619)	N	same	vert	up	True	940792	941273	up	1	4	50
10	zyt	f	22	1	70	diamond	green	(724, 460)	high	dis	(645, 428)	N	dif	vert	up	True	942466	944313	up	1	4	51
10	zyt	f	22	1	70	circle	green	(724, 460)	high	dis	(565, 460)	N	same	hori	left	True	945500	946721	left	1	4	52
10	zyt	f	22	1	70	diamond	green	(724, 460)	high	dis	(565, 460)	N	dif	hori	left	True	947866	948538	left	1	4	53
10	zyt	f	22	1	70	circle	red	(724, 460)	high	dis	(565, 619)	N	same	vert	up	True	949571	950209	up	1	4	54
10	zyt	f	22	1	70	diamond	red	(565, 619)	low	dis	(724, 460)	Y	dif	vert	up	True	951368	952121	up	1	4	55
10	zyt	f	22	1	70	circle	green	(724, 460)	high	no	no_dis	N	dif	hori	left	True	953261	953993	left	1	4	56
10	zyt	f	22	1	70	diamond	red	(724, 460)	high	dis	(724, 619)	N	same	vert	up	True	955086	956034	up	1	4	57
10	zyt	f	22	1	70	circle	red	(724, 460)	high	no	no_dis	N	dif	vert	up	True	957057	957634	left	0	4	58
10	zyt	f	22	1	70	diamond	green	(724, 460)	high	no	no_dis	N	same	vert	up	True	960153	960657	up	1	4	59
10	zyt	f	22	1	70	circle	red	(724, 460)	high	dis	(757, 540)	N	dif	vert	up	True	961660	962682	up	1	4	60
10	zyt	f	22	1	70	diamond	green	(724, 460)	high	dis	(757, 540)	N	same	vert	up	True	963880	964497	up	1	4	61
10	zyt	f	22	1	70	circle	green	(724, 460)	high	dis	(645, 652)	N	dif	hori	left	True	965712	966369	left	1	4	62
10	zyt	f	22	1	70	circle	green	(724, 460)	high	dis	(645, 428)	N	same	vert	up	True	967431	968026	up	1	4	63
10	zyt	f	22	1	70	circle	red	(724, 460)	high	no	no_dis	N	dif	hori	left	True	969234	970041	left	1	4	64
10	zyt	f	22	1	70	circle	green	(724, 460)	high	no	no_dis	N	same	hori	left	True	971187	971753	left	1	4	65
10	zyt	f	22	1	70	circle	green	(565, 460)	low	dis	(645, 652)	N	same	vert	up	True	972773	973553	up	1	4	66
10	zyt	f	22	1	70	diamond	red	(724, 460)	high	dis	(724, 619)	N	same	hori	left	True	974659	975249	left	1	4	67
10	zyt	f	22	1	70	diamond	red	(724, 460)	high	dis	(645, 428)	N	same	hori	left	True	976459	977065	left	1	4	68
10	zyt	f	22	1	70	circle	red	(724, 460)	high	dis	(724, 619)	N	same	vert	up	True	978193	978729	up	1	4	69
10	zyt	f	22	1	70	circle	green	(724, 460)	high	no	no_dis	N	dif	hori	left	True	979765	980306	left	1	4	70
10	zyt	f	22	1	70	diamond	red	(645, 428)	low	dis	(724, 460)	Y	same	vert	up	True	981363	982185	left	0	4	71
10	zyt	f	22	1	70	diamond	green	(724, 460)	high	dis	(565, 460)	N	same	vert	up	True	984737	985193	up	1	4	72
10	zyt	f	22	1	70	circle	green	(724, 619)	low	dis	(724, 460)	Y	dif	vert	up	True	986241	986753	left	0	4	73
10	zyt	f	22	1	70	circle	green	(645, 428)	low	dis	(724, 460)	Y	dif	hori	left	True	989431	989857	up	0	4	74
10	zyt	f	22	1	70	circle	red	(724, 460)	high	dis	(757, 540)	N	same	hori	left	True	992621	993257	left	1	4	75
10	zyt	f	22	1	70	diamond	red	(724, 460)	high	no	no_dis	N	same	hori	left	True	994403	995225	left	1	4	76
10	zyt	f	22	1	70	circle	red	(724, 460)	high	dis	(724, 619)	N	same	hori	left	True	996423	998817	left	1	4	77
10	zyt	f	22	1	70	diamond	red	(724, 460)	high	dis	(645, 652)	N	dif	vert	up	True	999912	1000610	up	1	4	78
10	zyt	f	22	1	70	circle	red	(724, 460)	high	dis	(645, 652)	N	same	vert	up	True	1001831	1002393	left	0	4	79
10	zyt	f	22	1	70	circle	red	(724, 460)	high	dis	(533, 540)	N	same	hori	left	True	1005031	1005529	left	1	4	80
10	zyt	f	22	1	70	circle	green	(724, 460)	high	dis	(533, 540)	N	same	vert	up	True	1006551	1007033	up	1	4	81
10	zyt	f	22	1	70	circle	red	(724, 460)	high	no	no_dis	N	dif	hori	left	True	1008066	1008578	left	1	4	82
10	zyt	f	22	1	70	circle	red	(724, 460)	high	no	no_dis	N	dif	vert	up	True	1009822	1010273	up	1	4	83
10	zyt	f	22	1	70	diamond	red	(724, 460)	high	no	no_dis	N	same	vert	up	True	1011299	1011841	up	1	4	84
10	zyt	f	22	1	70	diamond	red	(724, 460)	high	no	no_dis	N	same	vert	up	True	1012895	1013369	up	1	4	85
10	zyt	f	22	1	70	diamond	red	(724, 460)	high	dis	(645, 428)	N	same	hori	left	True	1014411	1015033	left	1	4	86
10	zyt	f	22	1	70	circle	red	(724, 460)	high	no	no_dis	N	same	vert	up	True	1016061	1016921	up	1	4	87
10	zyt	f	22	1	70	circle	red	(724, 460)	high	dis	(724, 619)	N	same	vert	up	True	1017936	1018745	up	1	4	88
10	zyt	f	22	1	70	diamond	red	(724, 460)	high	dis	(645, 428)	N	same	vert	up	True	1019941	1020537	up	1	4	89
10	zyt	f	22	1	70	circle	red	(724, 460)	high	no	no_dis	N	dif	hori	left	True	1021659	1022137	left	1	4	90
10	zyt	f	22	1	70	circle	red	(724, 460)	high	dis	(645, 428)	N	dif	vert	up	True	1023241	1023753	up	1	4	91
10	zyt	f	22	1	70	circle	green	(533, 540)	low	dis	(724, 460)	Y	dif	vert	up	True	1024822	1025681	up	1	4	92
10	zyt	f	22	1	70	diamond	red	(724, 460)	high	no	no_dis	N	dif	vert	up	True	1026843	1027641	up	1	4	93
10	zyt	f	22	1	70	circle	green	(724, 460)	high	no	no_dis	N	same	vert	up	True	1028761	1029297	up	1	4	94
10	zyt	f	22	1	70	diamond	red	(724, 619)	low	dis	(645, 428)	N	dif	vert	up	True	1030435	1031225	up	1	4	95
10	zyt	f	22	1	70	diamond	red	(724, 460)	high	no	no_dis	N	same	vert	up	True	1032457	1032945	up	1	4	96
10	zyt	f	22	1	70	diamond	green	(645, 428)	low	dis	(533, 540)	N	same	vert	up	True	1034090	1034745	up	1	4	97
10	zyt	f	22	1	70	circle	green	(645, 652)	low	dis	(565, 619)	N	same	hori	left	True	1035996	1037057	left	1	4	98
10	zyt	f	22	1	70	diamond	red	(724, 460)	high	dis	(565, 460)	N	dif	hori	left	True	1038179	1038761	left	1	4	99
10	zyt	f	22	1	70	diamond	green	(724, 460)	high	dis	(757, 540)	N	dif	vert	up	True	1039821	1041113	up	1	4	100
10	zyt	f	22	1	70	circle	green	(724, 460)	high	dis	(565, 619)	N	dif	vert	up	True	1042342	1043657	up	1	4	101
10	zyt	f	22	1	70	diamond	green	(565, 460)	low	dis	(757, 540)	N	dif	vert	up	True	1044909	1045529	up	1	4	102
10	zyt	f	22	1	70	diamond	red	(724, 460)	high	no	no_dis	N	dif	vert	up	True	1046725	1047329	up	1	4	103
10	zyt	f	22	1	70	diamond	green	(565, 460)	low	no	no_dis	N	dif	vert	up	True	1048415	1049201	up	1	4	104
10	zyt	f	22	1	70	diamond	green	(757, 540)	low	dis	(533, 540)	N	same	hori	left	True	1050267	1050953	up	0	4	105
10	zyt	f	22	1	70	circle	red	(565, 619)	low	dis	(645, 428)	N	same	vert	up	True	1053652	1054473	up	1	4	106
10	zyt	f	22	1	70	diamond	green	(724, 460)	high	no	no_dis	N	dif	vert	up	True	1055712	1056217	up	1	4	107
10	zyt	f	22	1	70	diamond	red	(533, 540)	low	no	no_dis	N	same	vert	up	True	1057449	1058057	up	1	4	108
10	zyt	f	22	1	70	circle	green	(757, 540)	low	dis	(565, 619)	N	same	hori	left	True	1059307	1060401	left	1	4	109
10	zyt	f	22	1	70	diamond	red	(724, 460)	high	dis	(645, 652)	N	dif	hori	left	True	1061645	1062328	left	1	4	110
10	zyt	f	22	1	70	circle	red	(724, 460)	high	dis	(533, 540)	N	same	vert	up	True	1063537	1064097	up	1	4	111
10	zyt	f	22	1	70	circle	green	(724, 460)	high	no	no_dis	N	same	hori	left	True	1065283	1065889	left	1	4	112
10	zyt	f	22	1	70	circle	green	(724, 460)	high	no	no_dis	N	same	vert	up	True	1067093	1068081	up	1	4	113
10	zyt	f	22	1	70	circle	green	(565, 619)	low	no	no_dis	N	same	hori	left	True	1069182	1070137	left	1	4	114
10	zyt	f	22	1	70	circle	green	(724, 460)	high	dis	(757, 540)	N	dif	vert	up	True	1071157	1071985	up	1	4	115
10	zyt	f	22	1	70	diamond	green	(645, 428)	low	no	no_dis	N	dif	vert	up	True	1073003	1073873	up	1	4	116
10	zyt	f	22	1	70	circle	green	(724, 460)	high	dis	(724, 619)	N	same	hori	left	True	1074962	1075529	left	1	4	117
10	zyt	f	22	1	70	circle	green	(757, 540)	low	no	no_dis	N	same	hori	left	True	1076737	1077817	left	1	4	118
10	zyt	f	22	1	70	diamond	red	(565, 460)	low	dis	(757, 540)	N	dif	hori	left	True	1078972	1079593	up	0	4	119
10	zyt	f	22	1	70	diamond	green	(724, 460)	high	no	no_dis	N	same	hori	left	True	1082172	1082729	left	1	4	120
10	zyt	f	22	1	70	diamond	green	(724, 460)	high	dis	(724, 619)	N	same	vert	up	True	1117632	1118265	up	1	5	1
10	zyt	f	22	1	70	circle	red	(565, 460)	low	no	no_dis	N	dif	vert	up	True	1119302	1120065	up	1	5	2
10	zyt	f	22	1	70	circle	red	(724, 460)	high	no	no_dis	N	same	hori	left	True	1121153	1121633	left	1	5	3
10	zyt	f	22	1	70	diamond	red	(757, 540)	low	dis	(533, 540)	N	dif	hori	left	True	1122709	1123377	left	1	5	4
10	zyt	f	22	1	70	circle	green	(724, 460)	high	no	no_dis	N	dif	vert	up	True	1124589	1125201	up	1	5	5
10	zyt	f	22	1	70	diamond	red	(565, 460)	low	dis	(757, 540)	N	same	hori	left	True	1126337	1127033	left	1	5	6
10	zyt	f	22	1	70	diamond	red	(724, 460)	high	dis	(533, 540)	N	dif	vert	up	True	1128153	1128648	up	1	5	7
10	zyt	f	22	1	70	diamond	red	(724, 460)	high	no	no_dis	N	dif	vert	up	True	1129860	1130769	up	1	5	8
10	zyt	f	22	1	70	diamond	green	(533, 540)	low	dis	(565, 460)	N	dif	hori	left	True	1131821	1132729	left	1	5	9
10	zyt	f	22	1	70	diamond	green	(724, 460)	high	dis	(533, 540)	N	same	hori	left	True	1133804	1134457	left	1	5	10
10	zyt	f	22	1	70	circle	green	(724, 460)	high	dis	(645, 428)	N	same	vert	up	True	1135487	1136385	up	1	5	11
10	zyt	f	22	1	70	circle	green	(565, 619)	low	no	no_dis	N	same	hori	left	True	1137537	1138337	left	1	5	12
10	zyt	f	22	1	70	diamond	green	(724, 460)	high	no	no_dis	N	same	hori	left	True	1139435	1140121	left	1	5	13
10	zyt	f	22	1	70	circle	red	(724, 460)	high	dis	(645, 652)	N	dif	vert	up	True	1141231	1142001	up	1	5	14
10	zyt	f	22	1	70	diamond	green	(645, 652)	low	dis	(724, 460)	Y	dif	vert	up	True	1143065	1144057	up	1	5	15
10	zyt	f	22	1	70	diamond	red	(724, 460)	high	dis	(724, 619)	N	same	hori	left	True	1145069	1145673	left	1	5	16
10	zyt	f	22	1	70	circle	green	(724, 460)	high	dis	(565, 460)	N	dif	hori	left	True	1146881	1147433	left	1	5	17
10	zyt	f	22	1	70	circle	red	(724, 460)	high	dis	(757, 540)	N	dif	vert	up	True	1148462	1149049	up	1	5	18
10	zyt	f	22	1	70	circle	red	(724, 460)	high	dis	(565, 619)	N	dif	hori	left	True	1150074	1150537	left	1	5	19
10	zyt	f	22	1	70	diamond	green	(724, 460)	high	dis	(724, 619)	N	dif	vert	up	True	1151710	1152161	up	1	5	20
10	zyt	f	22	1	70	diamond	green	(533, 540)	low	no	no_dis	N	dif	vert	up	True	1153398	1154201	up	1	5	21
10	zyt	f	22	1	70	diamond	green	(724, 460)	high	dis	(645, 428)	N	dif	vert	up	True	1155216	1155737	up	1	5	22
10	zyt	f	22	1	70	diamond	green	(724, 460)	high	no	no_dis	N	dif	vert	up	True	1156783	1157225	up	1	5	23
10	zyt	f	22	1	70	circle	red	(565, 619)	low	dis	(724, 460)	Y	same	hori	left	True	1158252	1158961	left	1	5	24
10	zyt	f	22	1	70	diamond	green	(724, 460)	high	dis	(645, 652)	N	dif	hori	left	True	1160134	1160649	left	1	5	25
10	zyt	f	22	1	70	circle	red	(724, 619)	low	dis	(724, 460)	Y	dif	hori	left	True	1161890	1163345	left	1	5	26
10	zyt	f	22	1	70	diamond	red	(724, 460)	high	no	no_dis	N	same	vert	up	True	1164424	1164961	up	1	5	27
10	zyt	f	22	1	70	circle	red	(565, 460)	low	dis	(724, 460)	Y	dif	vert	up	True	1166033	1166905	up	1	5	28
10	zyt	f	22	1	70	diamond	red	(724, 460)	high	no	no_dis	N	dif	hori	left	True	1167925	1168401	left	1	5	29
10	zyt	f	22	1	70	diamond	green	(724, 460)	high	dis	(645, 428)	N	same	vert	up	True	1169504	1170041	up	1	5	30
10	zyt	f	22	1	70	circle	green	(724, 460)	high	no	no_dis	N	same	vert	up	True	1171209	1171721	left	0	5	31
10	zyt	f	22	1	70	circle	green	(724, 619)	low	no	no_dis	N	same	hori	left	True	1174306	1175049	left	1	5	32
10	zyt	f	22	1	70	diamond	red	(533, 540)	low	dis	(757, 540)	N	same	vert	up	True	1176105	1177305	up	1	5	33
10	zyt	f	22	1	70	diamond	green	(724, 460)	high	dis	(565, 460)	N	same	vert	up	True	1178369	1179145	up	1	5	34
10	zyt	f	22	1	70	circle	red	(724, 619)	low	no	no_dis	N	dif	hori	left	True	1180147	1180977	left	1	5	35
10	zyt	f	22	1	70	circle	red	(724, 460)	high	dis	(565, 460)	N	dif	hori	left	True	1182094	1182673	left	1	5	36
10	zyt	f	22	1	70	circle	green	(724, 460)	high	no	no_dis	N	dif	hori	left	True	1183740	1184225	left	1	5	37
10	zyt	f	22	1	70	diamond	green	(724, 460)	high	no	no_dis	N	same	hori	left	True	1185266	1185928	up	0	5	38
10	zyt	f	22	1	70	circle	green	(565, 460)	low	no	no_dis	N	same	vert	up	True	1188510	1189321	up	1	5	39
10	zyt	f	22	1	70	diamond	green	(724, 460)	high	no	no_dis	N	dif	vert	up	True	1190358	1190937	up	1	5	40
10	zyt	f	22	1	70	circle	green	(724, 460)	high	dis	(533, 540)	N	dif	hori	left	True	1191968	1192432	left	1	5	41
10	zyt	f	22	1	70	circle	red	(724, 460)	high	dis	(565, 619)	N	same	vert	up	True	1193567	1193969	up	1	5	42
10	zyt	f	22	1	70	diamond	red	(724, 619)	low	dis	(724, 460)	Y	same	hori	left	True	1194972	1195849	left	1	5	43
10	zyt	f	22	1	70	circle	green	(645, 652)	low	dis	(565, 460)	N	same	vert	up	True	1196911	1197801	up	1	5	44
10	zyt	f	22	1	70	circle	red	(724, 460)	high	dis	(645, 652)	N	dif	hori	left	True	1199045	1199609	left	1	5	45
10	zyt	f	22	1	70	diamond	red	(724, 460)	high	dis	(565, 619)	N	same	hori	left	True	1200754	1201377	left	1	5	46
10	zyt	f	22	1	70	circle	green	(724, 460)	high	dis	(565, 460)	N	same	vert	up	True	1202496	1203201	up	1	5	47
10	zyt	f	22	1	70	circle	red	(724, 460)	high	dis	(757, 540)	N	same	hori	left	True	1204230	1204689	left	1	5	48
10	zyt	f	22	1	70	diamond	red	(645, 652)	low	no	no_dis	N	dif	hori	left	True	1205923	1207097	left	1	5	49
10	zyt	f	22	1	70	circle	red	(645, 652)	low	dis	(724, 619)	N	dif	hori	left	True	1208204	1208889	left	1	5	50
10	zyt	f	22	1	70	diamond	red	(757, 540)	low	no	no_dis	N	dif	vert	up	True	1210121	1211241	up	1	5	51
10	zyt	f	22	1	70	diamond	red	(724, 460)	high	dis	(565, 460)	N	same	hori	left	True	1212437	1213225	left	1	5	52
10	zyt	f	22	1	70	diamond	green	(724, 460)	high	dis	(565, 460)	N	same	hori	left	True	1214443	1214921	left	1	5	53
10	zyt	f	22	1	70	circle	red	(724, 460)	high	dis	(645, 652)	N	dif	vert	up	True	1216001	1216840	up	1	5	54
10	zyt	f	22	1	70	circle	green	(724, 460)	high	dis	(565, 619)	N	same	hori	left	True	1217944	1218440	left	1	5	55
10	zyt	f	22	1	70	diamond	red	(724, 460)	high	dis	(565, 460)	N	same	hori	left	True	1219533	1220073	left	1	5	56
10	zyt	f	22	1	70	diamond	green	(724, 460)	high	no	no_dis	N	dif	hori	left	True	1221293	1221889	left	1	5	57
10	zyt	f	22	1	70	diamond	red	(645, 428)	low	dis	(533, 540)	N	same	hori	left	True	1223003	1223841	left	1	5	58
10	zyt	f	22	1	70	diamond	red	(724, 460)	high	no	no_dis	N	dif	vert	up	True	1225027	1225521	up	1	5	59
10	zyt	f	22	1	70	diamond	red	(724, 460)	high	dis	(645, 652)	N	dif	vert	up	True	1226733	1227185	up	1	5	60
10	zyt	f	22	1	70	diamond	red	(724, 460)	high	dis	(757, 540)	N	dif	hori	left	True	1228307	1228849	left	1	5	61
10	zyt	f	22	1	70	diamond	red	(724, 460)	high	dis	(645, 428)	N	same	hori	left	True	1229959	1230385	left	1	5	62
10	zyt	f	22	1	70	circle	red	(724, 460)	high	dis	(565, 460)	N	dif	vert	up	True	1231589	1232017	up	1	5	63
10	zyt	f	22	1	70	circle	red	(724, 460)	high	no	no_dis	N	same	hori	left	True	1233156	1233552	left	1	5	64
10	zyt	f	22	1	70	circle	red	(724, 460)	high	dis	(757, 540)	N	dif	vert	up	True	1234575	1235017	up	1	5	65
10	zyt	f	22	1	70	circle	red	(724, 460)	high	dis	(757, 540)	N	dif	hori	left	True	1236081	1236505	left	1	5	66
10	zyt	f	22	1	70	diamond	red	(565, 619)	low	no	no_dis	N	same	vert	up	True	1237674	1238457	up	1	5	67
10	zyt	f	22	1	70	circle	green	(724, 460)	high	dis	(533, 540)	N	dif	vert	up	True	1239638	1240425	up	1	5	68
10	zyt	f	22	1	70	circle	red	(724, 460)	high	no	no_dis	N	same	hori	left	True	1241444	1242033	left	1	5	69
10	zyt	f	22	1	70	circle	green	(724, 460)	high	dis	(724, 619)	N	same	vert	up	True	1243098	1243529	up	1	5	70
10	zyt	f	22	1	70	circle	green	(724, 460)	high	dis	(724, 619)	N	same	hori	left	True	1244584	1245016	up	0	5	71
10	zyt	f	22	1	70	diamond	green	(724, 460)	high	dis	(533, 540)	N	same	vert	up	True	1247578	1248025	up	1	5	72
10	zyt	f	22	1	70	circle	green	(645, 428)	low	dis	(565, 619)	N	dif	vert	up	True	1249028	1249648	up	1	5	73
10	zyt	f	22	1	70	diamond	red	(724, 460)	high	no	no_dis	N	same	vert	up	True	1250793	1252041	up	1	5	74
10	zyt	f	22	1	70	diamond	green	(724, 460)	high	no	no_dis	N	dif	hori	left	True	1253228	1253809	left	1	5	75
10	zyt	f	22	1	70	circle	green	(724, 460)	high	no	no_dis	N	dif	hori	left	True	1254861	1255361	left	1	5	76
10	zyt	f	22	1	70	diamond	green	(724, 460)	high	no	no_dis	N	dif	vert	up	True	1256435	1257033	up	1	5	77
10	zyt	f	22	1	70	circle	green	(724, 460)	high	no	no_dis	N	same	hori	left	True	1258039	1258545	left	1	5	78
10	zyt	f	22	1	70	circle	red	(724, 460)	high	dis	(645, 652)	N	same	hori	left	True	1259621	1260665	left	1	5	79
10	zyt	f	22	1	70	circle	green	(724, 460)	high	dis	(645, 652)	N	same	vert	up	True	1261841	1262369	up	1	5	80
10	zyt	f	22	1	70	diamond	red	(724, 460)	high	no	no_dis	N	same	vert	up	True	1263592	1264089	up	1	5	81
10	zyt	f	22	1	70	diamond	green	(533, 540)	low	no	no_dis	N	dif	hori	left	True	1265255	1265857	left	1	5	82
10	zyt	f	22	1	70	circle	red	(724, 460)	high	no	no_dis	N	same	vert	up	True	1266891	1267376	up	1	5	83
10	zyt	f	22	1	70	circle	green	(724, 460)	high	dis	(724, 619)	N	dif	hori	left	True	1268630	1269304	left	1	5	84
10	zyt	f	22	1	70	circle	red	(724, 460)	high	dis	(565, 619)	N	dif	hori	left	True	1270494	1271104	left	1	5	85
10	zyt	f	22	1	70	circle	red	(645, 428)	low	dis	(565, 619)	N	dif	vert	up	True	1272200	1272664	up	1	5	86
10	zyt	f	22	1	70	circle	green	(724, 460)	high	dis	(645, 428)	N	same	vert	up	True	1273758	1274409	up	1	5	87
10	zyt	f	22	1	70	circle	green	(757, 540)	low	dis	(724, 619)	N	dif	vert	up	True	1275578	1276049	left	0	5	88
10	zyt	f	22	1	70	diamond	red	(724, 460)	high	dis	(757, 540)	N	same	vert	up	True	1278791	1279384	up	1	5	89
10	zyt	f	22	1	70	circle	green	(533, 540)	low	dis	(645, 428)	N	dif	hori	left	True	1280597	1281120	left	1	5	90
10	zyt	f	22	1	70	diamond	green	(757, 540)	low	no	no_dis	N	same	vert	up	True	1282228	1283008	up	1	5	91
10	zyt	f	22	1	70	circle	red	(724, 460)	high	no	no_dis	N	same	hori	left	True	1284146	1284721	left	1	5	92
10	zyt	f	22	1	70	circle	green	(724, 619)	low	dis	(645, 652)	N	dif	hori	left	True	1285810	1286512	left	1	5	93
10	zyt	f	22	1	70	circle	green	(724, 460)	high	no	no_dis	N	dif	hori	left	True	1287643	1288089	left	1	5	94
10	zyt	f	22	1	70	circle	red	(724, 460)	high	no	no_dis	N	same	vert	up	True	1289215	1289697	left	0	5	95
10	zyt	f	22	1	70	diamond	red	(724, 460)	high	dis	(533, 540)	N	dif	hori	left	True	1292364	1293465	left	1	5	96
10	zyt	f	22	1	70	circle	green	(724, 460)	high	no	no_dis	N	same	vert	up	True	1294505	1294904	up	1	5	97
10	zyt	f	22	1	70	circle	green	(724, 460)	high	dis	(533, 540)	N	same	vert	up	True	1295952	1296385	up	1	5	98
10	zyt	f	22	1	70	circle	green	(724, 460)	high	dis	(645, 652)	N	same	vert	up	True	1297531	1298497	up	1	5	99
10	zyt	f	22	1	70	diamond	red	(724, 460)	high	dis	(565, 619)	N	dif	hori	left	True	1299537	1300033	left	1	5	100
10	zyt	f	22	1	70	diamond	green	(757, 540)	low	dis	(724, 460)	Y	same	hori	left	True	1301135	1301913	left	1	5	101
10	zyt	f	22	1	70	circle	red	(724, 460)	high	dis	(565, 619)	N	same	vert	up	True	1303033	1303649	up	1	5	102
10	zyt	f	22	1	70	diamond	green	(565, 460)	low	dis	(724, 460)	Y	same	vert	up	True	1304820	1305576	up	1	5	103
10	zyt	f	22	1	70	diamond	red	(565, 619)	low	dis	(724, 460)	Y	same	hori	left	True	1306687	1307553	left	1	5	104
10	zyt	f	22	1	70	diamond	red	(724, 460)	high	dis	(757, 540)	N	dif	vert	up	True	1308576	1309040	up	1	5	105
10	zyt	f	22	1	70	diamond	red	(724, 460)	high	dis	(757, 540)	N	same	hori	left	True	1310149	1310704	left	1	5	106
10	zyt	f	22	1	70	diamond	green	(724, 460)	high	dis	(724, 619)	N	dif	hori	left	True	1311775	1312240	left	1	5	107
10	zyt	f	22	1	70	diamond	red	(724, 460)	high	dis	(533, 540)	N	dif	hori	left	True	1313326	1314472	left	1	5	108
10	zyt	f	22	1	70	circle	red	(724, 460)	high	no	no_dis	N	dif	hori	left	True	1315608	1316265	left	1	5	109
10	zyt	f	22	1	70	diamond	green	(724, 460)	high	dis	(565, 619)	N	dif	vert	up	True	1317322	1317873	up	1	5	110
10	zyt	f	22	1	70	diamond	green	(724, 460)	high	dis	(724, 619)	N	same	hori	left	True	1319085	1319945	left	1	5	111
10	zyt	f	22	1	70	circle	red	(757, 540)	low	dis	(724, 460)	Y	same	vert	up	True	1321147	1322161	up	1	5	112
10	zyt	f	22	1	70	diamond	green	(724, 460)	high	dis	(645, 428)	N	dif	vert	up	True	1323189	1324352	up	1	5	113
10	zyt	f	22	1	70	circle	green	(565, 460)	low	dis	(645, 428)	N	same	vert	up	True	1325455	1326608	up	1	5	114
10	zyt	f	22	1	70	diamond	green	(724, 460)	high	dis	(645, 428)	N	dif	vert	up	True	1327752	1328569	up	1	5	115
10	zyt	f	22	1	70	diamond	green	(645, 428)	low	dis	(724, 460)	Y	dif	vert	up	True	1329607	1330209	up	1	5	116
10	zyt	f	22	1	70	circle	red	(645, 428)	low	no	no_dis	N	same	hori	left	True	1331324	1331985	left	1	5	117
10	zyt	f	22	1	70	diamond	red	(724, 460)	high	no	no_dis	N	dif	vert	up	True	1333228	1334024	up	1	5	118
10	zyt	f	22	1	70	diamond	green	(565, 619)	low	dis	(645, 652)	N	same	vert	up	True	1335160	1335784	left	0	5	119
10	zyt	f	22	1	70	circle	green	(724, 460)	high	dis	(645, 428)	N	same	hori	left	True	1338515	1339097	left	1	5	120
10	zyt	f	22	1	70	diamond	red	(724, 460)	high	no	no_dis	N	same	hori	left	True	1375536	1376152	left	1	6	1
10	zyt	f	22	1	70	circle	green	(724, 460)	high	dis	(645, 652)	N	dif	hori	left	True	1377266	1377872	left	1	6	2
10	zyt	f	22	1	70	diamond	red	(533, 540)	low	no	no_dis	N	same	vert	up	True	1378986	1379513	left	0	6	3
10	zyt	f	22	1	70	circle	red	(724, 460)	high	dis	(645, 428)	N	dif	hori	left	True	1382230	1382888	left	1	6	4
10	zyt	f	22	1	70	diamond	green	(724, 460)	high	dis	(757, 540)	N	same	hori	left	True	1383988	1385080	left	1	6	5
10	zyt	f	22	1	70	diamond	green	(724, 460)	high	no	no_dis	N	same	vert	up	True	1386212	1386968	up	1	6	6
10	zyt	f	22	1	70	circle	green	(724, 460)	high	no	no_dis	N	dif	hori	left	True	1388017	1388793	left	1	6	7
10	zyt	f	22	1	70	diamond	red	(757, 540)	low	dis	(724, 460)	Y	dif	vert	up	True	1389919	1390720	up	1	6	8
10	zyt	f	22	1	70	diamond	green	(645, 652)	low	no	no_dis	N	same	hori	left	True	1391737	1392537	left	1	6	9
10	zyt	f	22	1	70	diamond	green	(724, 460)	high	dis	(565, 619)	N	same	vert	up	True	1393718	1394216	up	1	6	10
10	zyt	f	22	1	70	circle	red	(724, 460)	high	dis	(565, 460)	N	dif	hori	left	True	1395328	1395921	up	0	6	11
10	zyt	f	22	1	70	diamond	red	(724, 460)	high	dis	(645, 652)	N	same	hori	left	True	1398662	1399192	left	1	6	12
10	zyt	f	22	1	70	circle	green	(757, 540)	low	dis	(565, 460)	N	same	hori	left	True	1400336	1400944	left	1	6	13
10	zyt	f	22	1	70	diamond	red	(724, 460)	high	dis	(645, 428)	N	dif	hori	left	True	1402107	1402649	left	1	6	14
10	zyt	f	22	1	70	circle	red	(565, 619)	low	dis	(724, 460)	Y	dif	vert	up	True	1403723	1404336	up	1	6	15
10	zyt	f	22	1	70	circle	red	(724, 460)	high	dis	(724, 619)	N	same	vert	up	True	1405551	1406416	up	1	6	16
10	zyt	f	22	1	70	circle	red	(757, 540)	low	no	no_dis	N	dif	hori	left	True	1407656	1408216	left	1	6	17
10	zyt	f	22	1	70	circle	red	(724, 460)	high	dis	(757, 540)	N	same	vert	up	True	1409276	1409728	up	1	6	18
10	zyt	f	22	1	70	diamond	red	(724, 460)	high	no	no_dis	N	same	hori	left	True	1410774	1411344	left	1	6	19
10	zyt	f	22	1	70	circle	green	(724, 460)	high	dis	(645, 652)	N	same	hori	left	True	1412529	1413080	left	1	6	20
10	zyt	f	22	1	70	circle	green	(724, 460)	high	no	no_dis	N	dif	vert	up	True	1414319	1414776	up	1	6	21
10	zyt	f	22	1	70	diamond	green	(724, 460)	high	dis	(533, 540)	N	same	vert	up	True	1415818	1416313	up	1	6	22
10	zyt	f	22	1	70	circle	green	(533, 540)	low	dis	(645, 652)	N	same	hori	left	True	1417366	1418265	left	1	6	23
10	zyt	f	22	1	70	diamond	green	(757, 540)	low	no	no_dis	N	same	vert	up	True	1419336	1420024	up	1	6	24
10	zyt	f	22	1	70	diamond	green	(724, 460)	high	dis	(533, 540)	N	same	hori	left	True	1421238	1421737	left	1	6	25
10	zyt	f	22	1	70	circle	red	(565, 460)	low	no	no_dis	N	same	hori	left	True	1422878	1423752	left	1	6	26
10	zyt	f	22	1	70	diamond	green	(724, 460)	high	no	no_dis	N	same	vert	up	True	1424781	1425217	up	1	6	27
10	zyt	f	22	1	70	diamond	red	(724, 460)	high	dis	(533, 540)	N	same	vert	up	True	1426232	1426720	up	1	6	28
10	zyt	f	22	1	70	circle	red	(724, 460)	high	dis	(565, 460)	N	dif	vert	up	True	1427893	1428592	up	1	6	29
10	zyt	f	22	1	70	diamond	green	(724, 619)	low	no	no_dis	N	dif	vert	up	True	1429669	1430328	left	0	6	30
10	zyt	f	22	1	70	diamond	green	(724, 460)	high	dis	(724, 619)	N	same	vert	up	True	1433079	1434385	left	0	6	31
10	zyt	f	22	1	70	circle	red	(565, 460)	low	dis	(645, 428)	N	dif	hori	left	True	1436987	1438408	left	1	6	32
10	zyt	f	22	1	70	diamond	green	(724, 460)	high	no	no_dis	N	dif	hori	left	True	1439492	1440088	left	1	6	33
10	zyt	f	22	1	70	circle	red	(645, 428)	low	dis	(565, 619)	N	same	hori	left	True	1441236	1441952	left	1	6	34
10	zyt	f	22	1	70	circle	green	(724, 460)	high	dis	(565, 619)	N	same	vert	up	True	1443166	1443649	up	1	6	35
10	zyt	f	22	1	70	circle	green	(724, 460)	high	dis	(724, 619)	N	dif	vert	up	True	1444665	1445472	up	1	6	36
10	zyt	f	22	1	70	circle	red	(724, 460)	high	dis	(565, 460)	N	same	hori	left	True	1446635	1447176	left	1	6	37
10	zyt	f	22	1	70	circle	green	(724, 460)	high	no	no_dis	N	dif	vert	up	True	1448198	1448712	up	1	6	38
10	zyt	f	22	1	70	diamond	green	(645, 428)	low	dis	(724, 460)	Y	dif	hori	left	True	1449921	1451144	left	1	6	39
10	zyt	f	22	1	70	diamond	green	(645, 652)	low	dis	(724, 460)	Y	same	vert	up	True	1452382	1453192	up	1	6	40
10	zyt	f	22	1	70	circle	green	(724, 460)	high	dis	(757, 540)	N	dif	vert	up	True	1454369	1455336	up	1	6	41
10	zyt	f	22	1	70	diamond	green	(724, 460)	high	dis	(565, 460)	N	same	vert	up	True	1456583	1457272	up	1	6	42
10	zyt	f	22	1	70	diamond	red	(724, 460)	high	no	no_dis	N	same	hori	left	True	1458317	1459000	left	1	6	43
10	zyt	f	22	1	70	circle	red	(724, 460)	high	no	no_dis	N	same	hori	left	True	1460081	1460616	left	1	6	44
10	zyt	f	22	1	70	circle	red	(724, 460)	high	dis	(724, 619)	N	dif	hori	left	True	1461848	1462384	left	1	6	45
10	zyt	f	22	1	70	circle	red	(724, 460)	high	no	no_dis	N	same	vert	up	True	1463426	1464024	up	1	6	46
10	zyt	f	22	1	70	circle	red	(724, 460)	high	no	no_dis	N	dif	hori	left	True	1465158	1465864	up	0	6	47
10	zyt	f	22	1	70	diamond	green	(724, 460)	high	dis	(645, 652)	N	dif	hori	left	True	1468473	1469840	left	1	6	48
10	zyt	f	22	1	70	circle	red	(724, 460)	high	dis	(645, 652)	N	dif	vert	up	True	1471023	1472049	left	0	6	49
10	zyt	f	22	1	70	circle	red	(724, 460)	high	dis	(645, 652)	N	dif	vert	up	True	1474567	1475112	up	1	6	50
10	zyt	f	22	1	70	circle	green	(724, 619)	low	dis	(533, 540)	N	same	vert	up	True	1476269	1477024	up	1	6	51
10	zyt	f	22	1	70	diamond	red	(724, 460)	high	dis	(724, 619)	N	dif	vert	up	True	1478103	1478816	up	1	6	52
10	zyt	f	22	1	70	diamond	red	(724, 460)	high	dis	(565, 619)	N	same	hori	left	True	1480044	1480648	left	1	6	53
10	zyt	f	22	1	70	diamond	green	(533, 540)	low	dis	(645, 652)	N	dif	hori	left	True	1481857	1482489	left	1	6	54
10	zyt	f	22	1	70	circle	red	(724, 460)	high	no	no_dis	N	same	vert	up	True	1483714	1484232	up	1	6	55
10	zyt	f	22	1	70	circle	green	(724, 460)	high	dis	(565, 460)	N	dif	hori	left	True	1485259	1486064	left	1	6	56
10	zyt	f	22	1	70	diamond	red	(724, 460)	high	dis	(565, 460)	N	dif	hori	left	True	1487102	1487728	left	1	6	57
10	zyt	f	22	1	70	circle	red	(724, 460)	high	dis	(645, 428)	N	dif	hori	left	True	1488735	1489256	left	1	6	58
10	zyt	f	22	1	70	diamond	red	(724, 460)	high	dis	(645, 652)	N	dif	vert	up	True	1490509	1491056	up	1	6	59
10	zyt	f	22	1	70	circle	green	(724, 460)	high	dis	(757, 540)	N	dif	hori	left	True	1492227	1493152	left	1	6	60
10	zyt	f	22	1	70	circle	green	(724, 460)	high	dis	(757, 540)	N	dif	vert	up	True	1494321	1495384	up	1	6	61
10	zyt	f	22	1	70	diamond	red	(565, 619)	low	dis	(533, 540)	N	same	hori	left	True	1496512	1497488	left	1	6	62
10	zyt	f	22	1	70	circle	red	(724, 460)	high	dis	(757, 540)	N	dif	vert	up	True	1498665	1499384	up	1	6	63
10	zyt	f	22	1	70	diamond	green	(565, 619)	low	dis	(724, 460)	Y	dif	hori	left	True	1500451	1501152	left	1	6	64
10	zyt	f	22	1	70	circle	green	(645, 428)	low	dis	(724, 460)	Y	dif	vert	up	True	1502236	1503168	up	1	6	65
10	zyt	f	22	1	70	circle	red	(645, 652)	low	dis	(724, 460)	Y	dif	hori	left	True	1504390	1505208	left	1	6	66
10	zyt	f	22	1	70	circle	green	(565, 460)	low	dis	(757, 540)	N	dif	vert	up	True	1506441	1507673	up	1	6	67
10	zyt	f	22	1	70	diamond	red	(724, 460)	high	dis	(565, 619)	N	dif	vert	up	True	1508925	1509904	up	1	6	68
10	zyt	f	22	1	70	circle	green	(724, 460)	high	dis	(533, 540)	N	same	hori	left	True	1510943	1511584	left	1	6	69
10	zyt	f	22	1	70	diamond	red	(724, 460)	high	dis	(565, 619)	N	dif	hori	left	True	1512616	1513192	left	1	6	70
10	zyt	f	22	1	70	circle	green	(724, 460)	high	dis	(533, 540)	N	dif	vert	up	True	1514384	1515128	up	1	6	71
10	zyt	f	22	1	70	circle	green	(645, 652)	low	dis	(724, 619)	N	dif	hori	left	True	1516297	1517264	left	1	6	72
10	zyt	f	22	1	70	circle	green	(724, 460)	high	dis	(533, 540)	N	same	vert	up	True	1518400	1518920	up	1	6	73
10	zyt	f	22	1	70	circle	red	(724, 460)	high	no	no_dis	N	dif	hori	left	True	1520115	1520640	left	1	6	74
10	zyt	f	22	1	70	circle	green	(724, 460)	high	dis	(565, 619)	N	same	vert	up	True	1521780	1522256	up	1	6	75
10	zyt	f	22	1	70	diamond	green	(724, 460)	high	no	no_dis	N	dif	vert	up	True	1523491	1524144	up	1	6	76
10	zyt	f	22	1	70	circle	red	(724, 460)	high	no	no_dis	N	same	vert	up	True	1525303	1526008	left	0	6	77
10	zyt	f	22	1	70	circle	red	(724, 460)	high	dis	(724, 619)	N	dif	vert	up	True	1528605	1529080	up	1	6	78
10	zyt	f	22	1	70	circle	red	(724, 460)	high	dis	(645, 428)	N	same	vert	up	True	1530132	1530720	up	1	6	79
10	zyt	f	22	1	70	diamond	red	(565, 460)	low	dis	(724, 619)	N	same	hori	left	True	1531790	1532664	left	1	6	80
10	zyt	f	22	1	70	circle	green	(724, 460)	high	no	no_dis	N	same	vert	up	True	1533693	1534264	up	1	6	81
10	zyt	f	22	1	70	diamond	green	(724, 460)	high	dis	(565, 619)	N	same	hori	left	True	1535430	1536072	left	1	6	82
10	zyt	f	22	1	70	circle	green	(724, 460)	high	dis	(565, 460)	N	dif	hori	left	True	1537203	1537800	left	1	6	83
10	zyt	f	22	1	70	diamond	red	(724, 619)	low	dis	(724, 460)	Y	dif	vert	up	True	1538913	1540056	up	1	6	84
10	zyt	f	22	1	70	diamond	green	(757, 540)	low	dis	(565, 460)	N	same	vert	up	True	1541089	1542616	up	1	6	85
10	zyt	f	22	1	70	diamond	green	(724, 460)	high	no	no_dis	N	same	hori	left	True	1543789	1544712	left	1	6	86
10	zyt	f	22	1	70	circle	green	(565, 619)	low	no	no_dis	N	same	vert	up	True	1545867	1546760	up	1	6	87
10	zyt	f	22	1	70	diamond	red	(645, 652)	low	no	no_dis	N	dif	vert	up	True	1548005	1548736	left	0	6	88
10	zyt	f	22	1	70	diamond	red	(724, 460)	high	dis	(533, 540)	N	dif	hori	left	True	1551276	1551937	left	1	6	89
10	zyt	f	22	1	70	circle	red	(565, 619)	low	no	no_dis	N	dif	hori	left	True	1552978	1553904	left	1	6	90
10	zyt	f	22	1	70	diamond	red	(724, 460)	high	no	no_dis	N	same	hori	left	True	1555088	1555624	left	1	6	91
10	zyt	f	22	1	70	diamond	red	(724, 460)	high	no	no_dis	N	dif	vert	up	True	1556805	1557384	up	1	6	92
10	zyt	f	22	1	70	diamond	red	(533, 540)	low	dis	(757, 540)	N	dif	vert	up	True	1558450	1559232	up	1	6	93
10	zyt	f	22	1	70	circle	red	(757, 540)	low	dis	(565, 619)	N	same	vert	up	True	1560404	1561416	up	1	6	94
10	zyt	f	22	1	70	diamond	green	(724, 460)	high	dis	(565, 460)	N	same	hori	left	True	1562419	1562944	left	1	6	95
10	zyt	f	22	1	70	circle	green	(724, 460)	high	dis	(645, 652)	N	same	hori	left	True	1563970	1564912	left	1	6	96
10	zyt	f	22	1	70	diamond	green	(724, 460)	high	no	no_dis	N	dif	hori	left	True	1566144	1566624	left	1	6	97
10	zyt	f	22	1	70	diamond	red	(724, 460)	high	dis	(645, 428)	N	same	vert	up	True	1567687	1568224	up	1	6	98
10	zyt	f	22	1	70	diamond	red	(645, 428)	low	dis	(724, 460)	Y	same	hori	left	True	1569443	1570144	up	0	6	99
10	zyt	f	22	1	70	circle	green	(724, 460)	high	no	no_dis	N	dif	vert	up	True	1572815	1573744	up	1	6	100
10	zyt	f	22	1	70	diamond	red	(724, 460)	high	no	no_dis	N	same	hori	left	True	1574786	1575304	left	1	6	101
10	zyt	f	22	1	70	diamond	green	(724, 460)	high	dis	(645, 428)	N	dif	vert	up	True	1576358	1577264	up	1	6	102
10	zyt	f	22	1	70	diamond	green	(724, 460)	high	dis	(565, 619)	N	same	hori	left	True	1578368	1578800	left	1	6	103
10	zyt	f	22	1	70	diamond	red	(724, 460)	high	no	no_dis	N	same	vert	up	True	1579937	1580416	up	1	6	104
10	zyt	f	22	1	70	diamond	red	(724, 460)	high	dis	(757, 540)	N	same	vert	up	True	1581464	1582040	up	1	6	105
10	zyt	f	22	1	70	circle	red	(724, 619)	low	dis	(724, 460)	Y	same	vert	up	True	1583086	1583928	up	1	6	106
10	zyt	f	22	1	70	circle	red	(724, 460)	high	dis	(645, 428)	N	same	vert	up	True	1584944	1585536	up	1	6	107
10	zyt	f	22	1	70	circle	green	(724, 619)	low	no	no_dis	N	dif	vert	up	True	1586604	1587216	up	1	6	108
10	zyt	f	22	1	70	diamond	green	(724, 460)	high	no	no_dis	N	dif	vert	up	True	1588275	1588728	up	1	6	109
10	zyt	f	22	1	70	circle	red	(724, 460)	high	no	no_dis	N	dif	vert	up	True	1589836	1590352	up	1	6	110
10	zyt	f	22	1	70	diamond	green	(565, 460)	low	dis	(645, 428)	N	same	vert	up	True	1591550	1592296	up	1	6	111
10	zyt	f	22	1	70	circle	green	(724, 460)	high	no	no_dis	N	dif	hori	left	True	1593430	1594424	left	1	6	112
10	zyt	f	22	1	70	diamond	green	(724, 460)	high	dis	(724, 619)	N	dif	vert	up	True	1595511	1596248	up	1	6	113
10	zyt	f	22	1	70	diamond	green	(724, 460)	high	dis	(533, 540)	N	same	hori	left	True	1597314	1598000	left	1	6	114
10	zyt	f	22	1	70	diamond	green	(724, 460)	high	dis	(757, 540)	N	same	hori	left	True	1599009	1599616	left	1	6	115
10	zyt	f	22	1	70	diamond	red	(724, 460)	high	dis	(645, 428)	N	same	hori	left	True	1600861	1601376	left	1	6	116
10	zyt	f	22	1	70	diamond	red	(645, 428)	low	no	no_dis	N	same	hori	left	True	1602419	1603960	left	1	6	117
10	zyt	f	22	1	70	diamond	red	(724, 460)	high	dis	(724, 619)	N	dif	hori	left	True	1604980	1605559	left	1	6	118
10	zyt	f	22	1	70	circle	green	(724, 460)	high	no	no_dis	N	dif	hori	left	True	1606564	1607128	left	1	6	119
10	zyt	f	22	1	70	circle	green	(645, 428)	low	no	no_dis	N	dif	hori	left	True	1608242	1609545	left	1	6	120
conf	10	zyt	f	22	1	70	True	1645033	1660864	2	True	1660875	1669096	3
