subj	name	gender	age	prac	group	shape	color	tar_loc	popularity	dis_cond	dis_loc	dis_high	td_dif	line	respkey	gotkey	startTime	respTime	resp	correct	block	trialnum
12	ymy	f	22	1	70	diamond	red	(565, 460)	high	dis	(724, 460)	N	same	hori	left	True	7938	9850	left	1	1	1
12	ymy	f	22	1	70	diamond	red	(565, 460)	high	no	no_dis	N	dif	hori	left	True	10958	13018	left	1	1	2
12	ymy	f	22	1	70	diamond	red	(565, 460)	high	dis	(565, 619)	N	dif	vert	up	True	14058	16538	up	1	1	3
12	ymy	f	22	1	70	diamond	red	(565, 619)	low	dis	(565, 460)	Y	same	hori	left	True	17573	19978	left	1	1	4
12	ymy	f	22	1	70	circle	red	(565, 460)	high	dis	(533, 540)	N	same	vert	up	True	21195	23745	up	1	1	5
12	ymy	f	22	1	70	circle	green	(565, 460)	high	dis	(565, 619)	N	same	hori	left	True	25000	27898	up	0	1	6
12	ymy	f	22	1	70	circle	green	(565, 460)	high	dis	(724, 619)	N	same	vert	up	True	30501	32857	up	1	1	7
12	ymy	f	22	1	70	diamond	green	(645, 652)	low	no	no_dis	N	dif	vert	up	True	33882	36426	left	0	1	8
12	ymy	f	22	1	70	diamond	green	(757, 540)	low	no	no_dis	N	same	vert	up	True	38994	41561	up	1	1	9
12	ymy	f	22	1	70	circle	green	(565, 460)	high	dis	(645, 652)	N	same	hori	left	True	42785	44153	left	1	1	10
12	ymy	f	22	1	70	diamond	green	(565, 460)	high	no	no_dis	N	same	vert	up	True	45391	47578	up	1	1	11
12	ymy	f	22	1	70	diamond	red	(565, 460)	high	dis	(533, 540)	N	dif	hori	left	True	48665	50337	left	1	1	12
12	ymy	f	22	1	70	circle	green	(645, 428)	low	no	no_dis	N	same	vert	up	True	51452	53810	up	1	1	13
12	ymy	f	22	1	70	diamond	green	(565, 460)	high	dis	(645, 428)	N	same	vert	up	True	54939	57121	up	1	1	14
12	ymy	f	22	1	70	circle	red	(565, 460)	high	dis	(645, 428)	N	dif	hori	left	True	58316	60697	left	1	1	15
12	ymy	f	22	1	70	diamond	green	(565, 460)	high	dis	(724, 619)	N	dif	vert	up	True	61704	63602	left	0	1	16
12	ymy	f	22	1	70	diamond	green	(565, 460)	high	no	no_dis	N	same	vert	up	True	66269	68634	up	1	1	17
12	ymy	f	22	1	70	circle	red	(565, 460)	high	dis	(724, 460)	N	same	hori	left	True	69787	71577	left	1	1	18
12	ymy	f	22	1	70	diamond	green	(645, 428)	low	dis	(565, 460)	Y	dif	vert	up	True	72728	74970	up	1	1	19
12	ymy	f	22	1	70	circle	red	(645, 428)	low	dis	(724, 460)	N	dif	hori	left	True	76043	78474	left	1	1	20
12	ymy	f	22	1	70	circle	red	(565, 460)	high	dis	(565, 619)	N	same	hori	left	True	79681	81970	left	1	1	21
12	ymy	f	22	1	70	circle	green	(565, 460)	high	dis	(757, 540)	N	same	hori	left	True	83211	84354	left	1	1	22
12	ymy	f	22	1	70	circle	green	(645, 652)	low	dis	(565, 460)	Y	dif	hori	left	True	85591	87377	left	1	1	23
12	ymy	f	22	1	70	diamond	green	(724, 619)	low	no	no_dis	N	dif	hori	left	True	88552	90794	left	1	1	24
12	ymy	f	22	1	70	diamond	red	(757, 540)	low	dis	(533, 540)	N	same	vert	up	True	91982	93890	up	1	1	25
12	ymy	f	22	1	70	circle	red	(565, 460)	high	no	no_dis	N	same	hori	left	True	95063	97250	left	1	1	26
12	ymy	f	22	1	70	diamond	red	(565, 619)	low	no	no_dis	N	dif	hori	left	True	98334	100130	left	1	1	27
12	ymy	f	22	1	70	diamond	green	(565, 460)	high	no	no_dis	N	dif	hori	left	True	101239	103753	left	1	1	28
12	ymy	f	22	1	70	diamond	red	(565, 460)	high	no	no_dis	N	dif	hori	left	True	104958	106513	left	1	1	29
12	ymy	f	22	1	70	circle	red	(565, 460)	high	dis	(645, 652)	N	same	hori	left	True	107571	108930	left	1	1	30
12	ymy	f	22	1	70	circle	green	(565, 460)	high	no	no_dis	N	same	vert	up	True	110081	112345	up	1	1	31
12	ymy	f	22	1	70	diamond	red	(565, 460)	high	dis	(533, 540)	N	dif	hori	left	True	113560	115353	left	1	1	32
12	ymy	f	22	1	70	diamond	green	(565, 460)	high	dis	(645, 428)	N	dif	vert	up	True	116453	118457	up	1	1	33
12	ymy	f	22	1	70	diamond	red	(565, 460)	high	no	no_dis	N	dif	vert	up	True	119663	121193	up	1	1	34
12	ymy	f	22	1	70	circle	green	(565, 460)	high	dis	(724, 460)	N	same	hori	left	True	122216	124514	up	0	1	35
12	ymy	f	22	1	70	diamond	red	(565, 460)	high	no	no_dis	N	dif	vert	up	True	127153	128962	up	1	1	36
12	ymy	f	22	1	70	circle	red	(565, 460)	high	no	no_dis	N	same	hori	left	True	130108	131785	left	1	1	37
12	ymy	f	22	1	70	circle	red	(645, 652)	low	dis	(645, 428)	N	dif	vert	up	True	132803	135025	up	1	1	38
12	ymy	f	22	1	70	diamond	green	(533, 540)	low	dis	(757, 540)	N	same	vert	up	True	136115	138737	up	1	1	39
12	ymy	f	22	1	70	circle	green	(565, 460)	high	no	no_dis	N	same	hori	left	True	139864	141506	left	1	1	40
12	ymy	f	22	1	70	circle	red	(565, 460)	high	no	no_dis	N	dif	vert	up	True	142730	144409	up	1	1	41
12	ymy	f	22	1	70	circle	green	(565, 460)	high	no	no_dis	N	same	vert	up	True	145461	147393	up	1	1	42
12	ymy	f	22	1	70	circle	red	(565, 460)	high	dis	(724, 619)	N	dif	hori	left	True	148455	149922	left	1	1	43
12	ymy	f	22	1	70	diamond	red	(565, 460)	high	no	no_dis	N	same	vert	up	True	151168	153281	left	0	1	44
12	ymy	f	22	1	70	circle	red	(565, 619)	low	no	no_dis	N	same	hori	left	True	155888	157594	left	1	1	45
12	ymy	f	22	1	70	circle	green	(757, 540)	low	dis	(645, 652)	N	same	vert	up	True	158806	161105	up	1	1	46
12	ymy	f	22	1	70	circle	red	(533, 540)	low	no	no_dis	N	same	hori	left	True	162329	163514	left	1	1	47
12	ymy	f	22	1	70	circle	red	(565, 460)	high	no	no_dis	N	dif	vert	up	True	164661	166002	up	1	1	48
12	ymy	f	22	1	70	diamond	red	(533, 540)	low	dis	(724, 460)	N	same	vert	up	True	167111	168818	up	1	1	49
12	ymy	f	22	1	70	circle	green	(565, 460)	high	dis	(645, 428)	N	dif	hori	left	True	169896	172081	left	1	1	50
12	ymy	f	22	1	70	circle	green	(565, 460)	high	no	no_dis	N	dif	vert	up	True	173096	174505	up	1	1	51
12	ymy	f	22	1	70	circle	green	(565, 460)	high	dis	(645, 428)	N	same	hori	left	True	175633	176801	left	1	1	52
12	ymy	f	22	1	70	diamond	green	(565, 460)	high	dis	(645, 428)	N	same	vert	up	True	178020	179681	up	1	1	53
12	ymy	f	22	1	70	circle	green	(724, 460)	low	dis	(565, 460)	Y	dif	vert	up	True	180744	182801	up	1	1	54
12	ymy	f	22	1	70	circle	green	(565, 460)	high	no	no_dis	N	dif	hori	left	True	183986	185570	left	1	1	55
12	ymy	f	22	1	70	circle	green	(565, 460)	high	dis	(645, 652)	N	dif	hori	left	True	186712	188177	left	1	1	56
12	ymy	f	22	1	70	circle	red	(565, 460)	high	dis	(565, 619)	N	dif	hori	left	True	189322	190433	left	1	1	57
12	ymy	f	22	1	70	circle	red	(757, 540)	low	dis	(565, 619)	N	same	hori	left	True	191667	192705	left	1	1	58
12	ymy	f	22	1	70	diamond	red	(565, 460)	high	dis	(724, 460)	N	dif	vert	up	True	193774	195889	up	1	1	59
12	ymy	f	22	1	70	diamond	red	(565, 460)	high	dis	(757, 540)	N	dif	hori	left	True	196925	198906	left	1	1	60
12	ymy	f	22	1	70	diamond	green	(565, 460)	high	dis	(533, 540)	N	dif	hori	left	True	199964	201577	left	1	1	61
12	ymy	f	22	1	70	diamond	red	(724, 619)	low	dis	(565, 460)	Y	same	hori	left	True	202685	204602	left	1	1	62
12	ymy	f	22	1	70	circle	green	(724, 619)	low	no	no_dis	N	same	vert	up	True	205687	207354	up	1	1	63
12	ymy	f	22	1	70	circle	green	(645, 428)	low	no	no_dis	N	dif	hori	left	True	208439	210273	left	1	1	64
12	ymy	f	22	1	70	diamond	green	(565, 619)	low	dis	(565, 460)	Y	dif	hori	left	True	211500	213610	left	1	1	65
12	ymy	f	22	1	70	circle	green	(565, 460)	high	dis	(724, 460)	N	same	vert	up	True	214792	216545	up	1	1	66
12	ymy	f	22	1	70	diamond	green	(565, 460)	high	dis	(757, 540)	N	same	hori	left	True	217640	219938	left	1	1	67
12	ymy	f	22	1	70	circle	red	(757, 540)	low	no	no_dis	N	dif	vert	up	True	221168	223193	up	1	1	68
12	ymy	f	22	1	70	circle	green	(565, 460)	high	dis	(757, 540)	N	dif	hori	left	True	224235	226233	left	1	1	69
12	ymy	f	22	1	70	diamond	green	(757, 540)	low	dis	(645, 652)	N	dif	vert	up	True	227256	230042	up	1	1	70
12	ymy	f	22	1	70	diamond	red	(565, 460)	high	dis	(533, 540)	N	same	vert	up	True	231254	233026	up	1	1	71
12	ymy	f	22	1	70	diamond	green	(565, 460)	high	dis	(645, 652)	N	same	hori	left	True	234171	236057	left	1	1	72
12	ymy	f	22	1	70	circle	red	(565, 619)	low	dis	(565, 460)	Y	dif	vert	up	True	237244	239665	up	1	1	73
12	ymy	f	22	1	70	diamond	green	(565, 460)	high	dis	(565, 619)	N	dif	vert	up	True	240695	242673	up	1	1	74
12	ymy	f	22	1	70	circle	green	(565, 460)	high	dis	(565, 619)	N	same	vert	up	True	243868	245673	up	1	1	75
12	ymy	f	22	1	70	diamond	red	(565, 460)	high	no	no_dis	N	same	vert	up	True	246837	248425	up	1	1	76
12	ymy	f	22	1	70	circle	red	(565, 460)	high	dis	(565, 619)	N	dif	vert	up	True	249525	251353	up	1	1	77
12	ymy	f	22	1	70	diamond	green	(565, 460)	high	no	no_dis	N	dif	hori	left	True	252540	253849	up	0	1	78
12	ymy	f	22	1	70	circle	green	(565, 460)	high	no	no_dis	N	dif	hori	left	True	256571	258593	left	1	1	79
12	ymy	f	22	1	70	circle	green	(565, 460)	high	dis	(645, 428)	N	same	vert	up	True	259713	262257	up	1	1	80
12	ymy	f	22	1	70	circle	green	(645, 428)	low	dis	(565, 460)	Y	dif	hori	left	True	263319	266050	left	1	1	81
12	ymy	f	22	1	70	diamond	green	(565, 460)	high	dis	(757, 540)	N	dif	vert	up	True	267181	268481	up	1	1	82
12	ymy	f	22	1	70	circle	red	(565, 460)	high	dis	(533, 540)	N	dif	hori	left	True	269701	271266	left	1	1	83
12	ymy	f	22	1	70	diamond	red	(565, 460)	high	dis	(724, 619)	N	same	hori	left	True	272421	274081	left	1	1	84
12	ymy	f	22	1	70	diamond	red	(565, 460)	high	dis	(645, 428)	N	dif	hori	left	True	275118	277065	up	0	1	85
12	ymy	f	22	1	70	diamond	green	(565, 460)	high	dis	(757, 540)	N	dif	hori	left	False	279622	None	None	0	1	86
12	ymy	f	22	1	70	diamond	green	(565, 460)	high	dis	(565, 619)	N	same	vert	up	True	285181	286993	up	1	1	87
12	ymy	f	22	1	70	circle	green	(565, 460)	high	no	no_dis	N	same	hori	left	True	288199	289457	left	1	1	88
12	ymy	f	22	1	70	diamond	green	(565, 460)	high	dis	(757, 540)	N	same	vert	up	True	290549	292265	up	1	1	89
12	ymy	f	22	1	70	circle	red	(565, 460)	high	no	no_dis	N	dif	hori	left	True	293331	294586	left	1	1	90
12	ymy	f	22	1	70	diamond	green	(565, 460)	high	dis	(757, 540)	N	same	hori	left	True	295669	296857	left	1	1	91
12	ymy	f	22	1	70	circle	green	(533, 540)	low	dis	(757, 540)	N	same	vert	up	True	297890	299561	up	1	1	92
12	ymy	f	22	1	70	diamond	red	(645, 428)	low	dis	(565, 619)	N	same	hori	left	True	300742	302553	left	1	1	93
12	ymy	f	22	1	70	circle	red	(724, 460)	low	dis	(724, 619)	N	dif	vert	up	True	303591	305337	up	1	1	94
12	ymy	f	22	1	70	circle	red	(724, 619)	low	dis	(565, 460)	Y	same	hori	left	True	306437	308898	left	1	1	95
12	ymy	f	22	1	70	diamond	red	(565, 460)	high	dis	(645, 652)	N	dif	vert	up	True	309951	312049	up	1	1	96
12	ymy	f	22	1	70	circle	green	(565, 460)	high	dis	(724, 460)	N	dif	vert	up	True	313067	314729	up	1	1	97
12	ymy	f	22	1	70	diamond	red	(645, 652)	low	no	no_dis	N	dif	vert	up	True	315908	318601	up	1	1	98
12	ymy	f	22	1	70	circle	red	(565, 460)	high	dis	(645, 652)	N	same	vert	up	True	319732	321193	up	1	1	99
12	ymy	f	22	1	70	circle	green	(724, 619)	low	dis	(565, 460)	Y	same	vert	up	True	322404	324681	up	1	1	100
12	ymy	f	22	1	70	circle	red	(565, 460)	high	no	no_dis	N	dif	vert	up	True	325816	327418	up	1	1	101
12	ymy	f	22	1	70	circle	red	(565, 460)	high	dis	(724, 619)	N	same	vert	up	True	328663	330265	up	1	1	102
12	ymy	f	22	1	70	diamond	red	(565, 460)	high	dis	(533, 540)	N	dif	vert	up	True	331404	332825	left	0	1	103
12	ymy	f	22	1	70	circle	red	(565, 460)	high	dis	(533, 540)	N	same	vert	up	False	335381	None	None	0	1	104
12	ymy	f	22	1	70	circle	red	(565, 460)	high	no	no_dis	N	same	hori	left	True	340987	342409	left	1	1	105
12	ymy	f	22	1	70	diamond	green	(724, 460)	low	dis	(724, 619)	N	dif	hori	left	True	343595	345497	left	1	1	106
12	ymy	f	22	1	70	diamond	red	(724, 460)	low	dis	(645, 428)	N	same	hori	left	True	346737	349225	up	0	1	107
12	ymy	f	22	1	70	circle	green	(565, 460)	high	dis	(645, 652)	N	same	hori	left	True	351909	353281	left	1	1	108
12	ymy	f	22	1	70	diamond	red	(565, 460)	high	dis	(645, 652)	N	dif	hori	left	True	354321	356545	left	1	1	109
12	ymy	f	22	1	70	diamond	green	(565, 460)	high	no	no_dis	N	same	hori	left	True	357691	359065	left	1	1	110
12	ymy	f	22	1	70	diamond	red	(565, 460)	high	dis	(724, 619)	N	same	vert	up	True	360170	361889	left	0	1	111
12	ymy	f	22	1	70	diamond	green	(565, 460)	high	no	no_dis	N	same	hori	left	True	364512	366633	left	1	1	112
12	ymy	f	22	1	70	diamond	green	(565, 460)	high	dis	(724, 619)	N	dif	vert	up	True	367690	370177	up	1	1	113
12	ymy	f	22	1	70	circle	red	(565, 460)	high	dis	(724, 460)	N	dif	vert	up	True	371352	373905	up	1	1	114
12	ymy	f	22	1	70	circle	red	(565, 460)	high	dis	(724, 460)	N	dif	vert	up	True	375137	376449	up	1	1	115
12	ymy	f	22	1	70	diamond	red	(724, 460)	low	no	no_dis	N	same	hori	left	True	377561	379161	left	1	1	116
12	ymy	f	22	1	70	diamond	green	(565, 460)	high	no	no_dis	N	dif	vert	up	True	380360	382561	up	1	1	117
12	ymy	f	22	1	70	diamond	red	(565, 460)	high	dis	(724, 619)	N	dif	vert	up	True	383742	385073	up	1	1	118
12	ymy	f	22	1	70	diamond	red	(565, 460)	high	no	no_dis	N	same	vert	up	True	386194	388201	up	1	1	119
12	ymy	f	22	1	70	diamond	green	(645, 652)	low	dis	(533, 540)	N	dif	hori	left	True	389361	391721	left	1	1	120
12	ymy	f	22	1	70	diamond	red	(565, 460)	high	no	no_dis	N	same	hori	left	True	429344	430945	left	1	2	1
12	ymy	f	22	1	70	diamond	red	(565, 619)	low	no	no_dis	N	dif	vert	up	True	432035	434017	up	1	2	2
12	ymy	f	22	1	70	diamond	red	(565, 460)	high	dis	(757, 540)	N	dif	vert	up	True	435103	436473	up	1	2	3
12	ymy	f	22	1	70	circle	green	(565, 460)	high	dis	(645, 652)	N	dif	hori	left	True	437702	438849	left	1	2	4
12	ymy	f	22	1	70	circle	green	(565, 460)	high	dis	(645, 652)	N	dif	vert	up	True	439923	440985	up	1	2	5
12	ymy	f	22	1	70	circle	red	(565, 460)	high	no	no_dis	N	same	vert	up	True	442087	443441	up	1	2	6
12	ymy	f	22	1	70	diamond	green	(757, 540)	low	dis	(565, 460)	Y	same	vert	up	True	444475	445665	up	1	2	7
12	ymy	f	22	1	70	circle	green	(565, 460)	high	dis	(645, 428)	N	same	vert	up	True	446708	447920	up	1	2	8
12	ymy	f	22	1	70	circle	red	(565, 619)	low	no	no_dis	N	same	vert	up	True	449110	450608	up	1	2	9
12	ymy	f	22	1	70	diamond	green	(565, 460)	high	dis	(724, 619)	N	dif	hori	left	True	451729	454065	left	1	2	10
12	ymy	f	22	1	70	circle	green	(724, 619)	low	dis	(724, 460)	N	same	hori	left	True	455136	456721	left	1	2	11
12	ymy	f	22	1	70	diamond	green	(565, 460)	high	dis	(565, 619)	N	same	hori	left	True	457858	459377	left	1	2	12
12	ymy	f	22	1	70	circle	red	(565, 460)	high	dis	(645, 428)	N	same	vert	up	True	460473	462001	up	1	2	13
12	ymy	f	22	1	70	circle	red	(565, 460)	high	no	no_dis	N	dif	hori	left	True	463054	464241	left	1	2	14
12	ymy	f	22	1	70	circle	red	(565, 460)	high	dis	(645, 652)	N	same	vert	up	True	465340	466393	up	1	2	15
12	ymy	f	22	1	70	circle	red	(724, 619)	low	dis	(565, 619)	N	dif	hori	left	True	467517	469825	left	1	2	16
12	ymy	f	22	1	70	diamond	green	(565, 460)	high	no	no_dis	N	dif	hori	left	True	470974	472473	left	1	2	17
12	ymy	f	22	1	70	circle	green	(724, 460)	low	dis	(645, 652)	N	dif	hori	left	True	473697	475601	left	1	2	18
12	ymy	f	22	1	70	circle	green	(645, 652)	low	no	no_dis	N	same	hori	left	True	476772	478113	left	1	2	19
12	ymy	f	22	1	70	diamond	red	(565, 460)	high	dis	(757, 540)	N	dif	hori	left	True	479305	481633	left	1	2	20
12	ymy	f	22	1	70	diamond	red	(565, 460)	high	no	no_dis	N	same	hori	left	True	482754	484433	left	1	2	21
12	ymy	f	22	1	70	circle	red	(645, 428)	low	no	no_dis	N	dif	vert	up	True	485625	487457	up	1	2	22
12	ymy	f	22	1	70	diamond	red	(565, 460)	high	dis	(565, 619)	N	dif	hori	left	True	488570	490584	left	1	2	23
12	ymy	f	22	1	70	diamond	red	(565, 460)	high	no	no_dis	N	same	hori	left	True	491689	492697	left	1	2	24
12	ymy	f	22	1	70	circle	red	(565, 619)	low	dis	(757, 540)	N	dif	vert	up	True	493745	496401	up	1	2	25
12	ymy	f	22	1	70	circle	red	(645, 652)	low	dis	(645, 428)	N	same	hori	left	True	497444	498985	left	1	2	26
12	ymy	f	22	1	70	circle	green	(565, 460)	high	no	no_dis	N	dif	hori	left	True	500188	501897	left	1	2	27
12	ymy	f	22	1	70	circle	red	(565, 460)	high	dis	(724, 619)	N	dif	vert	up	True	502997	505321	up	1	2	28
12	ymy	f	22	1	70	diamond	green	(533, 540)	low	no	no_dis	N	same	vert	up	True	506422	508337	up	1	2	29
12	ymy	f	22	1	70	circle	red	(565, 460)	high	dis	(757, 540)	N	dif	vert	up	True	509489	511329	up	1	2	30
12	ymy	f	22	1	70	circle	green	(724, 460)	low	no	no_dis	N	same	vert	up	True	512497	513944	up	1	2	31
12	ymy	f	22	1	70	circle	red	(565, 460)	high	dis	(645, 428)	N	same	vert	up	True	515149	516153	up	1	2	32
12	ymy	f	22	1	70	diamond	red	(565, 460)	high	dis	(533, 540)	N	dif	vert	up	True	517285	519537	up	1	2	33
12	ymy	f	22	1	70	diamond	red	(533, 540)	low	dis	(565, 460)	Y	dif	vert	up	True	520619	522024	up	1	2	34
12	ymy	f	22	1	70	diamond	green	(565, 460)	high	dis	(565, 619)	N	same	vert	up	True	523187	524344	up	1	2	35
12	ymy	f	22	1	70	diamond	red	(565, 460)	high	dis	(533, 540)	N	dif	vert	up	True	525417	526945	up	1	2	36
12	ymy	f	22	1	70	diamond	green	(565, 460)	high	dis	(724, 460)	N	same	hori	left	True	528089	529337	left	1	2	37
12	ymy	f	22	1	70	diamond	red	(565, 460)	high	dis	(565, 619)	N	same	hori	left	True	530484	531737	left	1	2	38
12	ymy	f	22	1	70	circle	red	(565, 460)	high	no	no_dis	N	same	hori	left	True	532759	535137	left	1	2	39
12	ymy	f	22	1	70	circle	green	(565, 460)	high	dis	(645, 428)	N	same	hori	left	True	536215	537624	left	1	2	40
12	ymy	f	22	1	70	diamond	red	(565, 460)	high	dis	(565, 619)	N	same	vert	up	True	538698	540280	up	1	2	41
12	ymy	f	22	1	70	circle	green	(757, 540)	low	dis	(724, 619)	N	same	hori	left	True	541469	542928	left	1	2	42
12	ymy	f	22	1	70	diamond	green	(565, 460)	high	no	no_dis	N	same	vert	up	True	544166	545369	up	1	2	43
12	ymy	f	22	1	70	diamond	green	(565, 460)	high	dis	(724, 619)	N	dif	vert	up	True	546474	547688	up	1	2	44
12	ymy	f	22	1	70	circle	red	(724, 619)	low	no	no_dis	N	same	hori	left	True	548818	550017	left	1	2	45
12	ymy	f	22	1	70	circle	green	(565, 460)	high	dis	(533, 540)	N	same	vert	up	True	551089	553089	up	1	2	46
12	ymy	f	22	1	70	diamond	red	(565, 460)	high	dis	(645, 652)	N	dif	hori	left	True	554139	555552	left	1	2	47
12	ymy	f	22	1	70	circle	green	(565, 460)	high	no	no_dis	N	same	vert	up	True	556677	557841	up	1	2	48
12	ymy	f	22	1	70	circle	red	(565, 460)	high	dis	(645, 428)	N	same	hori	left	True	559077	560352	left	1	2	49
12	ymy	f	22	1	70	diamond	green	(645, 652)	low	dis	(757, 540)	N	same	vert	up	True	561390	563456	up	1	2	50
12	ymy	f	22	1	70	diamond	green	(565, 619)	low	dis	(533, 540)	N	dif	vert	up	True	564618	566633	up	1	2	51
12	ymy	f	22	1	70	diamond	red	(565, 460)	high	dis	(757, 540)	N	dif	vert	up	True	567804	569129	up	1	2	52
12	ymy	f	22	1	70	diamond	green	(565, 460)	high	dis	(645, 428)	N	dif	vert	up	True	570172	571425	up	1	2	53
12	ymy	f	22	1	70	circle	green	(565, 460)	high	dis	(645, 652)	N	dif	hori	left	True	572633	574880	left	1	2	54
12	ymy	f	22	1	70	diamond	red	(565, 460)	high	no	no_dis	N	dif	vert	up	True	575940	577656	up	1	2	55
12	ymy	f	22	1	70	diamond	red	(565, 460)	high	no	no_dis	N	same	vert	up	True	578816	580352	up	1	2	56
12	ymy	f	22	1	70	diamond	green	(565, 460)	high	dis	(645, 652)	N	same	vert	up	True	581415	582457	up	1	2	57
12	ymy	f	22	1	70	diamond	green	(565, 460)	high	dis	(724, 619)	N	same	hori	left	True	583493	585129	left	1	2	58
12	ymy	f	22	1	70	circle	red	(565, 460)	high	dis	(724, 460)	N	dif	hori	left	True	586258	587513	left	1	2	59
12	ymy	f	22	1	70	diamond	red	(724, 460)	low	dis	(645, 652)	N	same	vert	up	True	588646	589977	up	1	2	60
12	ymy	f	22	1	70	diamond	red	(565, 460)	high	dis	(533, 540)	N	dif	hori	left	True	591187	592464	left	1	2	61
12	ymy	f	22	1	70	circle	green	(565, 460)	high	dis	(533, 540)	N	dif	hori	left	True	593475	595185	left	1	2	62
12	ymy	f	22	1	70	diamond	red	(565, 460)	high	dis	(533, 540)	N	dif	vert	up	True	596214	597769	up	1	2	63
12	ymy	f	22	1	70	diamond	red	(645, 652)	low	no	no_dis	N	dif	hori	left	True	598899	601096	left	1	2	64
12	ymy	f	22	1	70	diamond	green	(645, 428)	low	dis	(533, 540)	N	same	hori	left	True	602283	603784	left	1	2	65
12	ymy	f	22	1	70	circle	green	(565, 460)	high	dis	(724, 460)	N	dif	hori	left	True	604945	607448	left	1	2	66
12	ymy	f	22	1	70	circle	red	(565, 460)	high	dis	(565, 619)	N	dif	hori	left	True	608701	609865	left	1	2	67
12	ymy	f	22	1	70	diamond	red	(565, 460)	high	dis	(724, 460)	N	same	hori	left	True	611027	612225	left	1	2	68
12	ymy	f	22	1	70	circle	red	(565, 460)	high	dis	(724, 619)	N	same	vert	up	True	613363	614736	up	1	2	69
12	ymy	f	22	1	70	circle	green	(565, 460)	high	dis	(645, 428)	N	same	hori	left	True	615950	617473	left	1	2	70
12	ymy	f	22	1	70	diamond	green	(565, 460)	high	no	no_dis	N	dif	vert	up	True	618482	620193	up	1	2	71
12	ymy	f	22	1	70	diamond	red	(565, 460)	high	no	no_dis	N	dif	hori	left	True	621402	622673	left	1	2	72
12	ymy	f	22	1	70	diamond	green	(565, 460)	high	no	no_dis	N	same	vert	up	True	623890	625049	up	1	2	73
12	ymy	f	22	1	70	circle	green	(645, 428)	low	no	no_dis	N	dif	hori	left	True	626225	627713	left	1	2	74
12	ymy	f	22	1	70	circle	green	(565, 460)	high	no	no_dis	N	dif	vert	up	True	628742	630112	up	1	2	75
12	ymy	f	22	1	70	circle	green	(645, 652)	low	dis	(565, 460)	Y	same	hori	left	True	631357	633048	left	1	2	76
12	ymy	f	22	1	70	circle	green	(565, 460)	high	dis	(724, 460)	N	dif	vert	up	True	634226	635417	up	1	2	77
12	ymy	f	22	1	70	circle	green	(565, 460)	high	no	no_dis	N	same	hori	left	True	636470	637672	left	1	2	78
12	ymy	f	22	1	70	circle	green	(565, 460)	high	dis	(724, 460)	N	dif	vert	up	True	638893	640121	up	1	2	79
12	ymy	f	22	1	70	circle	green	(645, 428)	low	dis	(565, 460)	Y	dif	vert	up	True	641137	643433	up	1	2	80
12	ymy	f	22	1	70	diamond	green	(565, 460)	high	dis	(757, 540)	N	same	hori	left	True	644619	646232	left	1	2	81
12	ymy	f	22	1	70	circle	red	(565, 460)	high	dis	(565, 619)	N	dif	hori	left	True	647389	648641	left	1	2	82
12	ymy	f	22	1	70	circle	red	(565, 460)	high	no	no_dis	N	dif	vert	up	True	649660	652009	left	0	2	83
12	ymy	f	22	1	70	circle	red	(565, 460)	high	no	no_dis	N	dif	vert	up	True	654717	656577	up	1	2	84
12	ymy	f	22	1	70	diamond	green	(565, 460)	high	no	no_dis	N	same	vert	up	True	657629	658769	up	1	2	85
12	ymy	f	22	1	70	circle	red	(645, 428)	low	dis	(565, 460)	Y	dif	vert	up	True	659888	661361	up	1	2	86
12	ymy	f	22	1	70	circle	red	(565, 460)	high	no	no_dis	N	dif	hori	left	True	662415	663736	left	1	2	87
12	ymy	f	22	1	70	diamond	red	(757, 540)	low	dis	(645, 428)	N	dif	hori	left	True	664943	666656	left	1	2	88
12	ymy	f	22	1	70	diamond	green	(565, 460)	high	dis	(724, 619)	N	same	hori	left	True	667883	668944	left	1	2	89
12	ymy	f	22	1	70	circle	green	(565, 460)	high	dis	(724, 460)	N	same	hori	left	True	670154	671177	left	1	2	90
12	ymy	f	22	1	70	diamond	red	(645, 428)	low	dis	(565, 460)	Y	same	vert	up	True	672407	673904	up	1	2	91
12	ymy	f	22	1	70	diamond	red	(565, 460)	high	no	no_dis	N	dif	vert	up	True	674942	676849	up	1	2	92
12	ymy	f	22	1	70	diamond	green	(565, 460)	high	dis	(533, 540)	N	same	vert	up	True	678101	679273	up	1	2	93
12	ymy	f	22	1	70	circle	green	(565, 460)	high	no	no_dis	N	dif	hori	left	True	680318	682425	left	1	2	94
12	ymy	f	22	1	70	circle	red	(565, 460)	high	dis	(724, 460)	N	same	vert	up	True	683621	684760	up	1	2	95
12	ymy	f	22	1	70	diamond	green	(565, 460)	high	no	no_dis	N	dif	hori	left	True	685886	687129	left	1	2	96
12	ymy	f	22	1	70	circle	red	(724, 460)	low	dis	(565, 619)	N	dif	hori	left	True	688152	689737	left	1	2	97
12	ymy	f	22	1	70	circle	green	(565, 460)	high	dis	(645, 652)	N	dif	vert	up	True	690967	692096	up	1	2	98
12	ymy	f	22	1	70	diamond	green	(565, 460)	high	no	no_dis	N	same	vert	up	True	693279	694472	up	1	2	99
12	ymy	f	22	1	70	circle	green	(565, 460)	high	dis	(724, 619)	N	same	vert	up	True	695542	696817	up	1	2	100
12	ymy	f	22	1	70	circle	green	(533, 540)	low	dis	(724, 460)	N	same	hori	left	True	697925	699376	left	1	2	101
12	ymy	f	22	1	70	diamond	green	(565, 460)	high	dis	(757, 540)	N	same	hori	left	True	700621	702681	left	1	2	102
12	ymy	f	22	1	70	diamond	green	(724, 460)	low	no	no_dis	N	dif	hori	left	True	703759	705065	left	1	2	103
12	ymy	f	22	1	70	diamond	red	(757, 540)	low	no	no_dis	N	same	hori	left	True	706275	707488	left	1	2	104
12	ymy	f	22	1	70	diamond	red	(565, 619)	low	dis	(565, 460)	Y	dif	vert	up	True	708521	710600	up	1	2	105
12	ymy	f	22	1	70	circle	green	(565, 460)	high	no	no_dis	N	same	hori	left	True	711624	713344	left	1	2	106
12	ymy	f	22	1	70	circle	red	(565, 460)	high	dis	(533, 540)	N	dif	hori	left	True	714559	715648	left	1	2	107
12	ymy	f	22	1	70	diamond	red	(565, 460)	high	dis	(757, 540)	N	dif	hori	left	True	716858	718240	left	1	2	108
12	ymy	f	22	1	70	circle	green	(565, 460)	high	no	no_dis	N	dif	vert	up	True	719363	720920	up	1	2	109
12	ymy	f	22	1	70	diamond	green	(724, 460)	low	dis	(565, 460)	Y	dif	hori	left	True	722089	723336	left	1	2	110
12	ymy	f	22	1	70	circle	red	(565, 460)	high	dis	(645, 428)	N	same	hori	left	True	724367	725968	left	1	2	111
12	ymy	f	22	1	70	circle	red	(565, 460)	high	dis	(724, 619)	N	same	vert	up	True	727055	729441	up	1	2	112
12	ymy	f	22	1	70	diamond	green	(565, 460)	high	dis	(757, 540)	N	dif	vert	up	True	730662	732657	up	1	2	113
12	ymy	f	22	1	70	diamond	green	(565, 460)	high	dis	(645, 652)	N	same	hori	left	True	733877	735048	left	1	2	114
12	ymy	f	22	1	70	circle	red	(757, 540)	low	dis	(724, 619)	N	dif	hori	left	True	736119	737656	left	1	2	115
12	ymy	f	22	1	70	diamond	red	(565, 460)	high	dis	(565, 619)	N	same	vert	up	True	738707	740113	up	1	2	116
12	ymy	f	22	1	70	diamond	green	(533, 540)	low	dis	(565, 460)	Y	same	vert	up	True	741331	742673	up	1	2	117
12	ymy	f	22	1	70	diamond	green	(757, 540)	low	no	no_dis	N	dif	vert	up	True	743893	745656	up	1	2	118
12	ymy	f	22	1	70	circle	red	(565, 460)	high	no	no_dis	N	same	hori	left	True	746783	748609	left	1	2	119
12	ymy	f	22	1	70	diamond	red	(724, 619)	low	dis	(565, 460)	Y	same	vert	up	True	749851	751713	up	1	2	120
12	ymy	f	22	1	70	circle	red	(565, 460)	high	no	no_dis	N	same	hori	left	True	793054	794561	left	1	3	1
12	ymy	f	22	1	70	diamond	red	(565, 460)	high	no	no_dis	N	dif	vert	up	True	795757	796960	up	1	3	2
12	ymy	f	22	1	70	diamond	green	(645, 428)	low	dis	(757, 540)	N	same	hori	left	True	798084	799648	left	1	3	3
12	ymy	f	22	1	70	diamond	green	(565, 460)	high	no	no_dis	N	dif	vert	up	True	800821	802072	up	1	3	4
12	ymy	f	22	1	70	circle	green	(645, 652)	low	dis	(565, 460)	Y	same	vert	up	True	803122	804904	up	1	3	5
12	ymy	f	22	1	70	circle	red	(757, 540)	low	dis	(565, 460)	Y	same	vert	up	True	806017	807584	up	1	3	6
12	ymy	f	22	1	70	circle	green	(565, 460)	high	dis	(645, 428)	N	dif	hori	left	True	808589	809856	left	1	3	7
12	ymy	f	22	1	70	diamond	red	(565, 460)	high	dis	(757, 540)	N	dif	hori	left	True	811090	812104	left	1	3	8
12	ymy	f	22	1	70	diamond	red	(565, 460)	high	no	no_dis	N	same	hori	left	True	813347	814568	left	1	3	9
12	ymy	f	22	1	70	circle	red	(565, 460)	high	dis	(757, 540)	N	dif	hori	left	True	815633	816832	left	1	3	10
12	ymy	f	22	1	70	diamond	green	(565, 460)	high	no	no_dis	N	dif	vert	up	True	818044	819392	up	1	3	11
12	ymy	f	22	1	70	diamond	green	(565, 460)	high	no	no_dis	N	dif	vert	up	True	820487	821649	up	1	3	12
12	ymy	f	22	1	70	circle	red	(565, 460)	high	dis	(724, 460)	N	same	vert	up	True	822760	824032	up	1	3	13
12	ymy	f	22	1	70	diamond	green	(565, 619)	low	dis	(533, 540)	N	dif	vert	up	True	825185	826464	up	1	3	14
12	ymy	f	22	1	70	circle	green	(565, 460)	high	dis	(724, 619)	N	same	vert	up	True	827556	828968	up	1	3	15
12	ymy	f	22	1	70	diamond	red	(565, 460)	high	dis	(645, 652)	N	same	hori	left	True	830175	831296	left	1	3	16
12	ymy	f	22	1	70	diamond	green	(565, 460)	high	dis	(565, 619)	N	same	vert	up	True	832504	833840	up	1	3	17
12	ymy	f	22	1	70	circle	red	(645, 652)	low	dis	(757, 540)	N	dif	hori	left	True	834862	836009	left	1	3	18
12	ymy	f	22	1	70	diamond	green	(757, 540)	low	dis	(645, 428)	N	same	vert	up	True	837143	838361	up	1	3	19
12	ymy	f	22	1	70	circle	red	(565, 460)	high	dis	(565, 619)	N	dif	vert	up	True	839586	841096	up	1	3	20
12	ymy	f	22	1	70	diamond	red	(565, 460)	high	dis	(724, 460)	N	dif	hori	left	True	842273	843504	left	1	3	21
12	ymy	f	22	1	70	diamond	green	(565, 460)	high	no	no_dis	N	same	vert	up	True	844530	846056	up	1	3	22
12	ymy	f	22	1	70	diamond	green	(565, 460)	high	dis	(533, 540)	N	same	hori	left	True	847170	848129	left	1	3	23
12	ymy	f	22	1	70	diamond	red	(565, 460)	high	dis	(724, 619)	N	dif	hori	left	True	849331	850440	left	1	3	24
12	ymy	f	22	1	70	diamond	green	(565, 460)	high	dis	(565, 619)	N	same	hori	left	True	851608	852576	left	1	3	25
12	ymy	f	22	1	70	diamond	green	(565, 460)	high	dis	(645, 652)	N	same	vert	up	True	853598	855384	up	1	3	26
12	ymy	f	22	1	70	diamond	red	(565, 460)	high	dis	(565, 619)	N	dif	vert	up	True	856620	858656	up	1	3	27
12	ymy	f	22	1	70	circle	green	(565, 460)	high	dis	(645, 652)	N	dif	hori	left	True	859765	860984	left	1	3	28
12	ymy	f	22	1	70	diamond	red	(565, 460)	high	no	no_dis	N	same	hori	left	True	862037	863064	left	1	3	29
12	ymy	f	22	1	70	circle	red	(724, 460)	low	dis	(724, 619)	N	dif	hori	left	True	864177	866008	left	1	3	30
12	ymy	f	22	1	70	diamond	green	(565, 460)	high	dis	(533, 540)	N	dif	hori	left	True	867236	868504	left	1	3	31
12	ymy	f	22	1	70	circle	red	(724, 619)	low	no	no_dis	N	dif	vert	up	True	869572	871520	up	1	3	32
12	ymy	f	22	1	70	diamond	green	(533, 540)	low	dis	(645, 652)	N	same	vert	up	True	872741	874336	up	1	3	33
12	ymy	f	22	1	70	diamond	green	(565, 460)	high	dis	(645, 652)	N	dif	vert	up	True	875509	876576	up	1	3	34
12	ymy	f	22	1	70	diamond	red	(533, 540)	low	dis	(724, 460)	N	same	hori	left	True	877613	879080	left	1	3	35
12	ymy	f	22	1	70	circle	green	(565, 460)	high	no	no_dis	N	dif	hori	left	True	880284	881592	left	1	3	36
12	ymy	f	22	1	70	circle	green	(565, 460)	high	dis	(724, 460)	N	same	hori	left	True	882729	883768	left	1	3	37
12	ymy	f	22	1	70	diamond	green	(645, 652)	low	no	no_dis	N	same	vert	up	True	884872	886280	up	1	3	38
12	ymy	f	22	1	70	diamond	green	(565, 460)	high	dis	(724, 460)	N	dif	vert	up	True	887512	888576	up	1	3	39
12	ymy	f	22	1	70	circle	green	(565, 460)	high	no	no_dis	N	same	vert	up	True	889667	890952	up	1	3	40
12	ymy	f	22	1	70	circle	red	(565, 619)	low	dis	(565, 460)	Y	same	vert	up	True	892159	893512	up	1	3	41
12	ymy	f	22	1	70	circle	green	(565, 460)	high	no	no_dis	N	same	vert	up	True	894704	895744	up	1	3	42
12	ymy	f	22	1	70	circle	red	(565, 460)	high	dis	(565, 619)	N	same	hori	left	True	896995	898048	left	1	3	43
12	ymy	f	22	1	70	circle	red	(565, 460)	high	dis	(724, 619)	N	same	vert	up	True	899141	900416	up	1	3	44
12	ymy	f	22	1	70	circle	red	(565, 619)	low	no	no_dis	N	dif	hori	left	True	901453	902968	left	1	3	45
12	ymy	f	22	1	70	circle	green	(565, 460)	high	dis	(724, 619)	N	dif	vert	up	True	904164	905184	up	1	3	46
12	ymy	f	22	1	70	diamond	green	(565, 460)	high	dis	(757, 540)	N	dif	hori	left	True	906367	908264	left	1	3	47
12	ymy	f	22	1	70	circle	red	(565, 460)	high	dis	(645, 428)	N	dif	vert	up	True	909395	910656	up	1	3	48
12	ymy	f	22	1	70	diamond	red	(565, 460)	high	dis	(724, 460)	N	same	hori	left	True	911757	912968	left	1	3	49
12	ymy	f	22	1	70	circle	green	(724, 460)	low	dis	(565, 460)	Y	same	hori	left	True	914114	915232	left	1	3	50
12	ymy	f	22	1	70	circle	red	(565, 460)	high	dis	(533, 540)	N	same	hori	left	True	916302	917080	left	1	3	51
12	ymy	f	22	1	70	circle	red	(724, 619)	low	dis	(645, 652)	N	dif	hori	left	True	918235	919320	left	1	3	52
12	ymy	f	22	1	70	diamond	red	(724, 460)	low	dis	(565, 460)	Y	same	hori	left	True	920398	921968	left	1	3	53
12	ymy	f	22	1	70	circle	green	(645, 428)	low	dis	(565, 460)	Y	dif	vert	up	True	923059	924792	up	1	3	54
12	ymy	f	22	1	70	diamond	red	(565, 460)	high	no	no_dis	N	dif	vert	up	True	925869	928216	up	1	3	55
12	ymy	f	22	1	70	circle	green	(565, 460)	high	dis	(645, 652)	N	same	vert	up	True	929249	930384	up	1	3	56
12	ymy	f	22	1	70	circle	green	(565, 460)	high	dis	(565, 619)	N	dif	vert	up	True	931606	932800	up	1	3	57
12	ymy	f	22	1	70	diamond	red	(565, 460)	high	dis	(724, 460)	N	same	hori	left	True	933819	935104	left	1	3	58
12	ymy	f	22	1	70	diamond	red	(565, 460)	high	dis	(724, 619)	N	dif	hori	left	True	936312	938448	left	1	3	59
12	ymy	f	22	1	70	circle	red	(565, 460)	high	no	no_dis	N	dif	hori	left	True	939545	940712	left	1	3	60
12	ymy	f	22	1	70	circle	green	(645, 428)	low	no	no_dis	N	dif	hori	left	True	941950	943240	left	1	3	61
12	ymy	f	22	1	70	circle	red	(565, 460)	high	dis	(645, 428)	N	same	vert	up	True	944489	945552	up	1	3	62
12	ymy	f	22	1	70	circle	green	(565, 460)	high	no	no_dis	N	same	hori	left	True	946755	948240	left	1	3	63
12	ymy	f	22	1	70	circle	red	(565, 460)	high	dis	(757, 540)	N	same	vert	up	True	949336	951008	up	1	3	64
12	ymy	f	22	1	70	diamond	red	(565, 460)	high	no	no_dis	N	dif	hori	left	True	952018	953256	left	1	3	65
12	ymy	f	22	1	70	circle	red	(565, 460)	high	dis	(645, 428)	N	same	vert	up	True	954456	955808	up	1	3	66
12	ymy	f	22	1	70	diamond	red	(565, 460)	high	dis	(533, 540)	N	dif	hori	left	True	956913	958679	left	1	3	67
12	ymy	f	22	1	70	diamond	green	(565, 460)	high	no	no_dis	N	dif	vert	up	True	959875	960912	up	1	3	68
12	ymy	f	22	1	70	circle	red	(565, 460)	high	dis	(645, 652)	N	same	vert	up	True	962063	963335	up	1	3	69
12	ymy	f	22	1	70	circle	green	(565, 460)	high	dis	(724, 460)	N	same	vert	up	True	964340	965752	up	1	3	70
12	ymy	f	22	1	70	diamond	red	(724, 619)	low	dis	(565, 460)	Y	dif	vert	up	True	966801	968720	up	1	3	71
12	ymy	f	22	1	70	circle	green	(724, 460)	low	no	no_dis	N	dif	hori	left	True	969962	971360	left	1	3	72
12	ymy	f	22	1	70	circle	red	(565, 460)	high	no	no_dis	N	same	hori	left	True	972466	973543	left	1	3	73
12	ymy	f	22	1	70	circle	green	(565, 460)	high	dis	(724, 619)	N	dif	vert	up	True	974619	975792	up	1	3	74
12	ymy	f	22	1	70	diamond	red	(565, 460)	high	dis	(724, 619)	N	dif	hori	left	True	976972	978272	left	1	3	75
12	ymy	f	22	1	70	diamond	red	(645, 428)	low	no	no_dis	N	same	hori	left	True	979512	981791	left	1	3	76
12	ymy	f	22	1	70	circle	green	(565, 460)	high	dis	(724, 460)	N	dif	vert	up	True	983043	985000	up	1	3	77
12	ymy	f	22	1	70	circle	red	(565, 460)	high	dis	(565, 619)	N	dif	vert	up	True	986170	988279	up	1	3	78
12	ymy	f	22	1	70	diamond	green	(565, 460)	high	no	no_dis	N	dif	hori	left	True	989447	990880	left	1	3	79
12	ymy	f	22	1	70	diamond	red	(757, 540)	low	dis	(724, 619)	N	dif	hori	left	True	991910	993448	left	1	3	80
12	ymy	f	22	1	70	circle	green	(565, 460)	high	no	no_dis	N	same	vert	up	True	994632	995696	up	1	3	81
12	ymy	f	22	1	70	circle	green	(565, 460)	high	no	no_dis	N	dif	vert	up	True	996706	998320	up	1	3	82
12	ymy	f	22	1	70	diamond	red	(565, 619)	low	dis	(565, 460)	Y	same	hori	left	True	999367	1000936	left	1	3	83
12	ymy	f	22	1	70	diamond	green	(724, 619)	low	no	no_dis	N	same	hori	left	True	1002071	1003464	left	1	3	84
12	ymy	f	22	1	70	diamond	green	(757, 540)	low	no	no_dis	N	same	vert	up	True	1004698	1005896	up	1	3	85
12	ymy	f	22	1	70	diamond	red	(645, 428)	low	dis	(565, 619)	N	dif	hori	left	True	1006982	1008448	left	1	3	86
12	ymy	f	22	1	70	circle	red	(645, 428)	low	dis	(565, 460)	Y	dif	vert	up	True	1009584	1010928	left	0	3	87
12	ymy	f	22	1	70	circle	green	(565, 460)	high	dis	(645, 428)	N	same	hori	left	True	1013554	1015296	left	1	3	88
12	ymy	f	22	1	70	circle	green	(724, 619)	low	dis	(645, 428)	N	dif	vert	up	True	1016315	1017511	up	1	3	89
12	ymy	f	22	1	70	circle	red	(565, 460)	high	no	no_dis	N	same	vert	up	True	1018560	1020288	up	1	3	90
12	ymy	f	22	1	70	circle	red	(565, 460)	high	no	no_dis	N	same	hori	left	True	1021458	1022408	left	1	3	91
12	ymy	f	22	1	70	diamond	green	(565, 460)	high	dis	(533, 540)	N	dif	hori	left	True	1023541	1025208	left	1	3	92
12	ymy	f	22	1	70	diamond	red	(533, 540)	low	no	no_dis	N	dif	vert	up	True	1026248	1027767	up	1	3	93
12	ymy	f	22	1	70	circle	green	(565, 460)	high	dis	(645, 652)	N	dif	hori	left	True	1028969	1030183	left	1	3	94
12	ymy	f	22	1	70	circle	red	(565, 460)	high	no	no_dis	N	same	vert	up	True	1031330	1032608	up	1	3	95
12	ymy	f	22	1	70	diamond	green	(565, 460)	high	dis	(533, 540)	N	same	hori	left	True	1033622	1035087	left	1	3	96
12	ymy	f	22	1	70	circle	red	(565, 460)	high	no	no_dis	N	same	vert	up	True	1036279	1037407	up	1	3	97
12	ymy	f	22	1	70	diamond	red	(757, 540)	low	no	no_dis	N	same	hori	left	True	1038496	1039512	left	1	3	98
12	ymy	f	22	1	70	diamond	green	(565, 460)	high	dis	(645, 428)	N	same	vert	up	True	1040705	1042160	up	1	3	99
12	ymy	f	22	1	70	diamond	red	(565, 460)	high	dis	(645, 428)	N	dif	vert	up	True	1043330	1044416	up	1	3	100
12	ymy	f	22	1	70	circle	green	(757, 540)	low	dis	(533, 540)	N	same	vert	up	True	1045558	1047448	up	1	3	101
12	ymy	f	22	1	70	circle	green	(565, 460)	high	dis	(757, 540)	N	same	vert	up	True	1048484	1049560	up	1	3	102
12	ymy	f	22	1	70	circle	green	(565, 460)	high	dis	(533, 540)	N	dif	vert	up	True	1050653	1051591	up	1	3	103
12	ymy	f	22	1	70	diamond	red	(565, 460)	high	dis	(724, 619)	N	same	hori	left	True	1052833	1053823	left	1	3	104
12	ymy	f	22	1	70	diamond	red	(565, 460)	high	dis	(757, 540)	N	dif	vert	up	True	1055058	1055984	up	1	3	105
12	ymy	f	22	1	70	diamond	green	(565, 460)	high	dis	(757, 540)	N	same	hori	left	True	1057072	1057872	left	1	3	106
12	ymy	f	22	1	70	diamond	green	(565, 460)	high	dis	(757, 540)	N	same	hori	left	True	1059055	1059968	left	1	3	107
12	ymy	f	22	1	70	circle	red	(565, 460)	high	dis	(533, 540)	N	same	hori	left	True	1061066	1062559	left	1	3	108
12	ymy	f	22	1	70	circle	green	(533, 540)	low	dis	(724, 460)	N	dif	vert	up	True	1063652	1064896	up	1	3	109
12	ymy	f	22	1	70	circle	green	(565, 460)	high	no	no_dis	N	dif	hori	left	True	1066086	1067232	left	1	3	110
12	ymy	f	22	1	70	circle	red	(724, 460)	low	no	no_dis	N	same	vert	up	True	1068245	1069560	up	1	3	111
12	ymy	f	22	1	70	diamond	red	(565, 460)	high	no	no_dis	N	same	hori	left	True	1070800	1072071	left	1	3	112
12	ymy	f	22	1	70	diamond	green	(565, 460)	high	dis	(565, 619)	N	same	vert	up	True	1073313	1074440	up	1	3	113
12	ymy	f	22	1	70	diamond	green	(645, 652)	low	dis	(565, 619)	N	dif	hori	left	True	1075510	1077096	left	1	3	114
12	ymy	f	22	1	70	diamond	red	(565, 460)	high	no	no_dis	N	dif	hori	left	True	1078240	1079208	left	1	3	115
12	ymy	f	22	1	70	circle	green	(645, 652)	low	no	no_dis	N	dif	vert	up	True	1080287	1082040	up	1	3	116
12	ymy	f	22	1	70	diamond	red	(565, 460)	high	dis	(645, 428)	N	dif	vert	up	True	1083182	1085016	left	0	3	117
12	ymy	f	22	1	70	diamond	green	(724, 460)	low	dis	(565, 460)	Y	same	hori	left	True	1087693	1089927	left	1	3	118
12	ymy	f	22	1	70	circle	red	(565, 460)	high	dis	(645, 652)	N	dif	hori	left	True	1091022	1092767	left	1	3	119
12	ymy	f	22	1	70	diamond	green	(565, 460)	high	no	no_dis	N	dif	hori	left	True	1093819	1095288	left	1	3	120
12	ymy	f	22	1	70	circle	red	(565, 460)	high	dis	(645, 428)	N	same	vert	up	True	1129406	1131064	up	1	4	1
12	ymy	f	22	1	70	diamond	red	(565, 460)	high	dis	(565, 619)	N	same	hori	left	True	1132274	1133719	left	1	4	2
12	ymy	f	22	1	70	diamond	red	(724, 619)	low	no	no_dis	N	same	hori	left	True	1134723	1136416	left	1	4	3
12	ymy	f	22	1	70	diamond	green	(565, 460)	high	dis	(757, 540)	N	same	vert	up	True	1137471	1138528	up	1	4	4
12	ymy	f	22	1	70	circle	red	(645, 428)	low	dis	(565, 460)	Y	same	vert	up	True	1139701	1141408	up	1	4	5
12	ymy	f	22	1	70	circle	green	(757, 540)	low	dis	(724, 460)	N	dif	vert	up	True	1142439	1143904	up	1	4	6
12	ymy	f	22	1	70	circle	green	(645, 652)	low	dis	(757, 540)	N	same	hori	left	True	1145080	1146655	left	1	4	7
12	ymy	f	22	1	70	diamond	red	(565, 460)	high	dis	(533, 540)	N	same	vert	up	True	1147680	1149367	up	1	4	8
12	ymy	f	22	1	70	diamond	green	(565, 460)	high	no	no_dis	N	dif	vert	up	True	1150417	1151432	up	1	4	9
12	ymy	f	22	1	70	diamond	green	(565, 460)	high	no	no_dis	N	dif	hori	left	True	1152552	1153551	left	1	4	10
12	ymy	f	22	1	70	circle	green	(757, 540)	low	no	no_dis	N	same	hori	left	True	1154590	1155671	left	1	4	11
12	ymy	f	22	1	70	circle	green	(724, 619)	low	no	no_dis	N	same	vert	up	True	1156890	1158000	up	1	4	12
12	ymy	f	22	1	70	circle	green	(565, 460)	high	dis	(533, 540)	N	dif	hori	left	True	1159045	1160151	left	1	4	13
12	ymy	f	22	1	70	circle	red	(565, 619)	low	dis	(757, 540)	N	dif	hori	left	True	1161376	1162751	left	1	4	14
12	ymy	f	22	1	70	circle	green	(565, 460)	high	no	no_dis	N	same	vert	up	True	1163891	1164903	up	1	4	15
12	ymy	f	22	1	70	circle	green	(565, 460)	high	no	no_dis	N	dif	hori	left	True	1165975	1166967	left	1	4	16
12	ymy	f	22	1	70	diamond	green	(645, 428)	low	dis	(565, 460)	Y	same	hori	left	True	1168095	1169711	left	1	4	17
12	ymy	f	22	1	70	diamond	red	(565, 460)	high	no	no_dis	N	dif	vert	up	True	1170890	1172032	up	1	4	18
12	ymy	f	22	1	70	diamond	green	(565, 460)	high	no	no_dis	N	dif	vert	up	True	1173178	1174096	up	1	4	19
12	ymy	f	22	1	70	circle	green	(533, 540)	low	no	no_dis	N	dif	vert	up	True	1175275	1176623	up	1	4	20
12	ymy	f	22	1	70	diamond	green	(533, 540)	low	dis	(565, 460)	Y	same	hori	left	True	1177678	1178752	left	1	4	21
12	ymy	f	22	1	70	diamond	red	(565, 460)	high	dis	(724, 619)	N	dif	vert	up	True	1179940	1181224	up	1	4	22
12	ymy	f	22	1	70	circle	green	(565, 460)	high	dis	(645, 428)	N	same	vert	up	True	1182431	1183855	up	1	4	23
12	ymy	f	22	1	70	diamond	red	(645, 428)	low	dis	(724, 460)	N	dif	vert	up	True	1185087	1186152	left	0	4	24
12	ymy	f	22	1	70	diamond	green	(565, 460)	high	dis	(757, 540)	N	same	vert	up	True	1188863	1190831	up	1	4	25
12	ymy	f	22	1	70	circle	red	(565, 460)	high	dis	(565, 619)	N	dif	vert	up	True	1192043	1193263	up	1	4	26
12	ymy	f	22	1	70	circle	green	(565, 460)	high	dis	(645, 652)	N	dif	hori	left	True	1194358	1195487	left	1	4	27
12	ymy	f	22	1	70	diamond	green	(565, 460)	high	dis	(645, 652)	N	dif	vert	up	True	1196588	1198007	left	0	4	28
12	ymy	f	22	1	70	circle	red	(565, 460)	high	no	no_dis	N	dif	hori	left	True	1200580	1201711	left	1	4	29
12	ymy	f	22	1	70	circle	green	(565, 460)	high	dis	(533, 540)	N	dif	vert	up	True	1202716	1203888	up	1	4	30
12	ymy	f	22	1	70	diamond	red	(533, 540)	low	dis	(565, 460)	Y	dif	hori	left	True	1205031	1206424	left	1	4	31
12	ymy	f	22	1	70	circle	red	(757, 540)	low	no	no_dis	N	same	vert	up	True	1207469	1209688	up	1	4	32
12	ymy	f	22	1	70	diamond	green	(565, 460)	high	dis	(724, 460)	N	same	vert	up	True	1210694	1211944	up	1	4	33
12	ymy	f	22	1	70	circle	red	(565, 460)	high	no	no_dis	N	dif	hori	left	True	1213040	1213999	left	1	4	34
12	ymy	f	22	1	70	diamond	green	(565, 460)	high	dis	(757, 540)	N	dif	hori	left	True	1215186	1216239	left	1	4	35
12	ymy	f	22	1	70	diamond	red	(565, 460)	high	no	no_dis	N	dif	vert	up	True	1217491	1218711	up	1	4	36
12	ymy	f	22	1	70	diamond	red	(565, 460)	high	dis	(757, 540)	N	same	hori	left	True	1219855	1220896	left	1	4	37
12	ymy	f	22	1	70	circle	red	(565, 460)	high	dis	(533, 540)	N	dif	vert	up	True	1221910	1222975	up	1	4	38
12	ymy	f	22	1	70	circle	green	(724, 619)	low	dis	(565, 619)	N	same	vert	up	True	1224153	1225431	up	1	4	39
12	ymy	f	22	1	70	diamond	green	(565, 460)	high	no	no_dis	N	same	hori	left	True	1226570	1228063	left	1	4	40
12	ymy	f	22	1	70	circle	green	(565, 460)	high	no	no_dis	N	same	vert	up	True	1229135	1230175	up	1	4	41
12	ymy	f	22	1	70	circle	red	(565, 460)	high	dis	(645, 652)	N	same	vert	up	True	1231423	1232455	up	1	4	42
12	ymy	f	22	1	70	circle	red	(565, 460)	high	dis	(645, 652)	N	same	vert	up	True	1233624	1235287	up	1	4	43
12	ymy	f	22	1	70	diamond	green	(757, 540)	low	dis	(565, 460)	Y	same	hori	left	True	1236527	1237976	left	1	4	44
12	ymy	f	22	1	70	circle	green	(533, 540)	low	dis	(724, 619)	N	dif	hori	left	True	1239224	1240599	left	1	4	45
12	ymy	f	22	1	70	diamond	red	(757, 540)	low	dis	(565, 460)	Y	dif	hori	left	True	1241847	1243159	left	1	4	46
12	ymy	f	22	1	70	diamond	green	(565, 460)	high	no	no_dis	N	same	hori	left	True	1244310	1245704	left	1	4	47
12	ymy	f	22	1	70	circle	green	(565, 460)	high	dis	(724, 619)	N	dif	hori	left	True	1246826	1248351	left	1	4	48
12	ymy	f	22	1	70	circle	red	(724, 460)	low	no	no_dis	N	dif	vert	up	True	1249378	1250775	up	1	4	49
12	ymy	f	22	1	70	diamond	red	(565, 460)	high	no	no_dis	N	dif	vert	up	True	1251894	1253207	up	1	4	50
12	ymy	f	22	1	70	diamond	green	(565, 619)	low	dis	(645, 428)	N	same	vert	up	True	1254274	1255551	up	1	4	51
12	ymy	f	22	1	70	circle	red	(565, 460)	high	dis	(645, 428)	N	same	hori	left	True	1256752	1258343	left	1	4	52
12	ymy	f	22	1	70	diamond	green	(565, 460)	high	dis	(724, 460)	N	dif	hori	left	True	1259400	1260663	left	1	4	53
12	ymy	f	22	1	70	diamond	red	(565, 460)	high	dis	(565, 619)	N	same	hori	left	True	1261672	1262927	left	1	4	54
12	ymy	f	22	1	70	diamond	green	(565, 460)	high	no	no_dis	N	dif	hori	left	True	1264133	1265103	left	1	4	55
12	ymy	f	22	1	70	diamond	red	(565, 460)	high	no	no_dis	N	dif	hori	left	True	1266193	1267263	left	1	4	56
12	ymy	f	22	1	70	diamond	green	(533, 540)	low	no	no_dis	N	dif	vert	up	True	1268356	1269512	up	1	4	57
12	ymy	f	22	1	70	circle	red	(565, 460)	high	dis	(645, 652)	N	same	vert	up	True	1270518	1272239	up	1	4	58
12	ymy	f	22	1	70	circle	red	(645, 652)	low	dis	(565, 619)	N	dif	hori	left	True	1273456	1274663	left	1	4	59
12	ymy	f	22	1	70	circle	green	(565, 460)	high	dis	(724, 619)	N	dif	hori	left	True	1275913	1277175	left	1	4	60
12	ymy	f	22	1	70	diamond	green	(565, 619)	low	no	no_dis	N	dif	hori	left	True	1278381	1280103	left	1	4	61
12	ymy	f	22	1	70	diamond	red	(565, 460)	high	dis	(724, 460)	N	dif	vert	up	True	1281134	1282679	up	1	4	62
12	ymy	f	22	1	70	circle	red	(565, 460)	high	dis	(724, 460)	N	dif	vert	up	True	1283831	1285119	up	1	4	63
12	ymy	f	22	1	70	circle	red	(565, 460)	high	no	no_dis	N	same	vert	up	True	1286342	1287575	up	1	4	64
12	ymy	f	22	1	70	circle	green	(565, 460)	high	no	no_dis	N	same	hori	left	True	1288754	1290560	left	1	4	65
12	ymy	f	22	1	70	diamond	red	(645, 652)	low	no	no_dis	N	dif	hori	left	True	1291807	1293439	left	1	4	66
12	ymy	f	22	1	70	circle	green	(565, 460)	high	dis	(645, 652)	N	dif	hori	left	True	1294596	1295703	left	1	4	67
12	ymy	f	22	1	70	diamond	red	(565, 460)	high	no	no_dis	N	same	hori	left	True	1296841	1298231	left	1	4	68
12	ymy	f	22	1	70	diamond	red	(565, 619)	low	dis	(533, 540)	N	dif	vert	up	True	1299307	1301111	up	1	4	69
12	ymy	f	22	1	70	diamond	green	(645, 652)	low	dis	(645, 428)	N	dif	vert	up	True	1302362	1304111	up	1	4	70
12	ymy	f	22	1	70	diamond	green	(565, 460)	high	dis	(724, 460)	N	same	hori	left	True	1305267	1306527	left	1	4	71
12	ymy	f	22	1	70	circle	green	(565, 460)	high	no	no_dis	N	same	vert	up	True	1307609	1308960	left	0	4	72
12	ymy	f	22	1	70	circle	red	(565, 460)	high	dis	(645, 428)	N	dif	vert	up	True	1311623	1313223	up	1	4	73
12	ymy	f	22	1	70	circle	red	(565, 460)	high	dis	(645, 428)	N	dif	vert	up	True	1314367	1316672	up	1	4	74
12	ymy	f	22	1	70	circle	red	(565, 460)	high	dis	(724, 460)	N	dif	hori	left	True	1317816	1318839	left	1	4	75
12	ymy	f	22	1	70	diamond	green	(565, 460)	high	dis	(724, 460)	N	same	vert	up	True	1319978	1321527	up	1	4	76
12	ymy	f	22	1	70	circle	green	(565, 460)	high	dis	(757, 540)	N	dif	hori	left	True	1322596	1323671	left	1	4	77
12	ymy	f	22	1	70	circle	red	(724, 460)	low	dis	(533, 540)	N	dif	vert	up	True	1324807	1326607	up	1	4	78
12	ymy	f	22	1	70	circle	red	(724, 619)	low	dis	(565, 460)	Y	same	vert	up	True	1327649	1329311	up	1	4	79
12	ymy	f	22	1	70	circle	red	(565, 460)	high	dis	(565, 619)	N	same	hori	left	True	1330407	1331487	left	1	4	80
12	ymy	f	22	1	70	diamond	red	(565, 460)	high	dis	(645, 428)	N	same	hori	left	True	1332619	1334359	left	1	4	81
12	ymy	f	22	1	70	circle	green	(565, 460)	high	dis	(533, 540)	N	dif	hori	left	True	1335573	1336711	left	1	4	82
12	ymy	f	22	1	70	diamond	red	(565, 460)	high	dis	(724, 619)	N	dif	hori	left	True	1337741	1339847	left	1	4	83
12	ymy	f	22	1	70	diamond	red	(565, 460)	high	dis	(645, 652)	N	dif	hori	left	True	1341088	1342112	left	1	4	84
12	ymy	f	22	1	70	circle	red	(565, 460)	high	no	no_dis	N	dif	vert	up	True	1343262	1344671	up	1	4	85
12	ymy	f	22	1	70	circle	green	(724, 460)	low	dis	(565, 460)	Y	dif	vert	up	True	1345767	1347439	up	1	4	86
12	ymy	f	22	1	70	circle	green	(565, 460)	high	no	no_dis	N	dif	hori	left	True	1348683	1349583	left	1	4	87
12	ymy	f	22	1	70	circle	red	(565, 460)	high	no	no_dis	N	same	vert	up	True	1350609	1351727	up	1	4	88
12	ymy	f	22	1	70	circle	green	(565, 460)	high	dis	(724, 619)	N	same	vert	up	True	1352850	1354759	up	1	4	89
12	ymy	f	22	1	70	diamond	red	(565, 460)	high	no	no_dis	N	dif	vert	up	True	1355966	1357799	up	1	4	90
12	ymy	f	22	1	70	diamond	red	(565, 460)	high	dis	(724, 619)	N	same	hori	left	True	1358839	1360327	left	1	4	91
12	ymy	f	22	1	70	diamond	green	(565, 460)	high	dis	(645, 428)	N	same	hori	left	True	1361562	1362503	left	1	4	92
12	ymy	f	22	1	70	diamond	green	(565, 460)	high	dis	(757, 540)	N	same	hori	left	True	1363610	1364543	left	1	4	93
12	ymy	f	22	1	70	circle	red	(565, 460)	high	dis	(724, 619)	N	same	hori	left	True	1365790	1367343	left	1	4	94
12	ymy	f	22	1	70	circle	green	(565, 460)	high	dis	(645, 428)	N	same	vert	up	True	1368480	1370007	up	1	4	95
12	ymy	f	22	1	70	diamond	green	(565, 460)	high	dis	(724, 619)	N	dif	vert	up	True	1371173	1372783	up	1	4	96
12	ymy	f	22	1	70	diamond	green	(645, 428)	low	no	no_dis	N	dif	hori	left	True	1373802	1375783	left	1	4	97
12	ymy	f	22	1	70	circle	red	(645, 428)	low	no	no_dis	N	same	hori	left	True	1376840	1378623	left	1	4	98
12	ymy	f	22	1	70	circle	green	(565, 460)	high	dis	(757, 540)	N	dif	vert	up	True	1379695	1381071	up	1	4	99
12	ymy	f	22	1	70	diamond	green	(565, 460)	high	no	no_dis	N	same	hori	left	True	1382278	1383407	left	1	4	100
12	ymy	f	22	1	70	diamond	red	(565, 460)	high	dis	(565, 619)	N	dif	vert	up	True	1384547	1385815	up	1	4	101
12	ymy	f	22	1	70	diamond	red	(724, 619)	low	dis	(645, 652)	N	dif	hori	left	True	1387053	1388871	left	1	4	102
12	ymy	f	22	1	70	diamond	green	(724, 460)	low	dis	(565, 460)	Y	same	hori	left	True	1389928	1391335	left	1	4	103
12	ymy	f	22	1	70	circle	green	(565, 460)	high	dis	(565, 619)	N	dif	hori	left	True	1392424	1393855	left	1	4	104
12	ymy	f	22	1	70	circle	red	(757, 540)	low	dis	(645, 652)	N	same	vert	up	True	1395075	1396399	up	1	4	105
12	ymy	f	22	1	70	diamond	red	(565, 460)	high	no	no_dis	N	same	hori	left	True	1397588	1398735	left	1	4	106
12	ymy	f	22	1	70	diamond	red	(565, 460)	high	dis	(724, 460)	N	dif	vert	up	True	1399957	1401199	up	1	4	107
12	ymy	f	22	1	70	diamond	red	(565, 460)	high	dis	(757, 540)	N	same	vert	up	True	1402437	1403768	up	1	4	108
12	ymy	f	22	1	70	circle	green	(565, 460)	high	no	no_dis	N	same	vert	up	True	1404904	1406359	up	1	4	109
12	ymy	f	22	1	70	diamond	red	(565, 619)	low	no	no_dis	N	same	vert	up	True	1407432	1408671	up	1	4	110
12	ymy	f	22	1	70	circle	green	(565, 460)	high	dis	(533, 540)	N	same	hori	left	True	1409844	1411631	left	1	4	111
12	ymy	f	22	1	70	circle	green	(645, 428)	low	dis	(565, 460)	Y	same	hori	left	True	1412836	1414631	left	1	4	112
12	ymy	f	22	1	70	circle	red	(565, 460)	high	no	no_dis	N	same	hori	left	True	1415872	1417095	left	1	4	113
12	ymy	f	22	1	70	diamond	green	(565, 460)	high	dis	(533, 540)	N	same	hori	left	True	1418244	1419503	left	1	4	114
12	ymy	f	22	1	70	diamond	green	(565, 460)	high	dis	(565, 619)	N	same	vert	up	True	1420514	1421567	up	1	4	115
12	ymy	f	22	1	70	diamond	green	(565, 460)	high	dis	(645, 652)	N	same	hori	left	True	1422731	1423695	left	1	4	116
12	ymy	f	22	1	70	diamond	red	(724, 460)	low	dis	(724, 619)	N	same	vert	up	True	1424814	1426142	up	1	4	117
12	ymy	f	22	1	70	circle	red	(565, 460)	high	no	no_dis	N	same	vert	up	True	1427166	1428295	up	1	4	118
12	ymy	f	22	1	70	circle	red	(565, 460)	high	dis	(565, 619)	N	dif	hori	left	True	1429504	1431063	left	1	4	119
12	ymy	f	22	1	70	diamond	red	(565, 460)	high	dis	(533, 540)	N	dif	vert	up	True	1432192	1433743	up	1	4	120
12	ymy	f	22	1	70	diamond	red	(724, 619)	low	dis	(565, 460)	Y	dif	hori	left	True	1467719	1469391	left	1	5	1
12	ymy	f	22	1	70	circle	red	(724, 460)	low	dis	(565, 619)	N	same	vert	up	True	1470610	1471975	up	1	5	2
12	ymy	f	22	1	70	diamond	red	(645, 428)	low	dis	(565, 460)	Y	dif	hori	left	True	1473046	1474167	left	1	5	3
12	ymy	f	22	1	70	circle	green	(645, 652)	low	dis	(565, 460)	Y	same	hori	left	True	1475317	1476687	left	1	5	4
12	ymy	f	22	1	70	diamond	red	(565, 460)	high	dis	(757, 540)	N	dif	vert	up	True	1477736	1478806	up	1	5	5
12	ymy	f	22	1	70	circle	green	(565, 460)	high	no	no_dis	N	same	hori	left	True	1479922	1480959	left	1	5	6
12	ymy	f	22	1	70	circle	green	(645, 428)	low	dis	(565, 460)	Y	same	vert	up	True	1482198	1483511	up	1	5	7
12	ymy	f	22	1	70	circle	green	(565, 460)	high	no	no_dis	N	dif	hori	left	True	1484617	1485527	left	1	5	8
12	ymy	f	22	1	70	diamond	green	(565, 460)	high	dis	(724, 460)	N	dif	vert	up	True	1486729	1487927	up	1	5	9
12	ymy	f	22	1	70	diamond	red	(565, 460)	high	dis	(565, 619)	N	dif	hori	left	True	1489177	1490151	left	1	5	10
12	ymy	f	22	1	70	diamond	red	(565, 619)	low	dis	(533, 540)	N	dif	hori	left	True	1491180	1492927	left	1	5	11
12	ymy	f	22	1	70	circle	green	(565, 460)	high	dis	(724, 619)	N	dif	hori	left	True	1493953	1495127	left	1	5	12
12	ymy	f	22	1	70	diamond	red	(565, 460)	high	dis	(645, 652)	N	dif	vert	up	True	1496314	1497311	up	1	5	13
12	ymy	f	22	1	70	diamond	red	(757, 540)	low	dis	(565, 460)	Y	dif	vert	up	True	1498433	1499479	up	1	5	14
12	ymy	f	22	1	70	diamond	green	(565, 460)	high	dis	(645, 652)	N	same	hori	left	True	1500558	1501791	left	1	5	15
12	ymy	f	22	1	70	diamond	green	(645, 428)	low	dis	(724, 460)	N	dif	vert	up	True	1503019	1504246	up	1	5	16
12	ymy	f	22	1	70	diamond	green	(565, 460)	high	dis	(645, 428)	N	dif	hori	left	True	1505362	1506447	left	1	5	17
12	ymy	f	22	1	70	circle	green	(565, 460)	high	dis	(533, 540)	N	dif	hori	left	True	1507687	1508783	left	1	5	18
12	ymy	f	22	1	70	diamond	red	(565, 460)	high	dis	(645, 652)	N	same	hori	left	True	1509965	1510902	left	1	5	19
12	ymy	f	22	1	70	circle	green	(757, 540)	low	no	no_dis	N	same	hori	left	True	1512088	1513023	left	1	5	20
12	ymy	f	22	1	70	diamond	green	(565, 460)	high	dis	(645, 652)	N	dif	vert	up	True	1514095	1515327	up	1	5	21
12	ymy	f	22	1	70	circle	green	(757, 540)	low	dis	(533, 540)	N	dif	hori	left	True	1516491	1517399	left	1	5	22
12	ymy	f	22	1	70	circle	green	(565, 460)	high	dis	(565, 619)	N	same	vert	up	True	1518595	1519543	up	1	5	23
12	ymy	f	22	1	70	diamond	green	(565, 460)	high	no	no_dis	N	dif	vert	up	True	1520574	1521982	up	1	5	24
12	ymy	f	22	1	70	diamond	green	(565, 619)	low	dis	(565, 460)	Y	dif	vert	up	True	1523201	1524775	up	1	5	25
12	ymy	f	22	1	70	circle	red	(565, 460)	high	dis	(724, 460)	N	dif	vert	up	True	1525870	1527895	up	1	5	26
12	ymy	f	22	1	70	diamond	red	(565, 460)	high	no	no_dis	N	same	hori	left	True	1529017	1530342	left	1	5	27
12	ymy	f	22	1	70	diamond	green	(565, 460)	high	dis	(645, 428)	N	dif	vert	up	True	1531496	1532487	up	1	5	28
12	ymy	f	22	1	70	diamond	red	(565, 460)	high	dis	(645, 652)	N	same	hori	left	True	1533641	1535303	left	1	5	29
12	ymy	f	22	1	70	diamond	green	(565, 619)	low	no	no_dis	N	same	vert	up	True	1536308	1538166	up	1	5	30
12	ymy	f	22	1	70	diamond	red	(565, 460)	high	no	no_dis	N	same	vert	up	True	1539357	1540199	up	1	5	31
12	ymy	f	22	1	70	circle	red	(565, 460)	high	dis	(724, 460)	N	same	vert	up	True	1541219	1542823	up	1	5	32
12	ymy	f	22	1	70	diamond	red	(724, 619)	low	no	no_dis	N	same	hori	left	True	1544051	1545415	left	1	5	33
12	ymy	f	22	1	70	circle	green	(565, 460)	high	no	no_dis	N	same	hori	left	True	1546468	1547743	left	1	5	34
12	ymy	f	22	1	70	circle	green	(565, 460)	high	dis	(724, 619)	N	same	vert	up	True	1548987	1550191	up	1	5	35
12	ymy	f	22	1	70	diamond	red	(565, 460)	high	no	no_dis	N	dif	hori	left	True	1551201	1552175	left	1	5	36
12	ymy	f	22	1	70	diamond	red	(565, 460)	high	no	no_dis	N	dif	vert	up	True	1553332	1555598	up	1	5	37
12	ymy	f	22	1	70	circle	red	(565, 460)	high	dis	(645, 428)	N	same	vert	up	True	1556777	1558334	up	1	5	38
12	ymy	f	22	1	70	diamond	green	(757, 540)	low	dis	(645, 652)	N	same	hori	left	True	1559423	1561119	left	1	5	39
12	ymy	f	22	1	70	circle	green	(565, 460)	high	no	no_dis	N	dif	vert	up	True	1562175	1563295	up	1	5	40
12	ymy	f	22	1	70	circle	red	(565, 460)	high	dis	(533, 540)	N	dif	vert	up	True	1564419	1565622	up	1	5	41
12	ymy	f	22	1	70	circle	red	(645, 652)	low	no	no_dis	N	same	hori	left	True	1566849	1567967	left	1	5	42
12	ymy	f	22	1	70	circle	red	(565, 460)	high	dis	(645, 652)	N	same	hori	left	True	1569125	1570006	left	1	5	43
12	ymy	f	22	1	70	diamond	green	(565, 460)	high	dis	(724, 619)	N	same	hori	left	True	1571039	1572678	left	1	5	44
12	ymy	f	22	1	70	circle	red	(565, 460)	high	dis	(724, 460)	N	same	hori	left	True	1573856	1575143	left	1	5	45
12	ymy	f	22	1	70	circle	red	(565, 460)	high	dis	(533, 540)	N	dif	hori	left	True	1576268	1577263	left	1	5	46
12	ymy	f	22	1	70	circle	green	(565, 460)	high	dis	(645, 428)	N	dif	vert	up	True	1578388	1580159	up	1	5	47
12	ymy	f	22	1	70	circle	red	(645, 428)	low	no	no_dis	N	same	vert	up	True	1581296	1582646	up	1	5	48
12	ymy	f	22	1	70	circle	green	(724, 619)	low	no	no_dis	N	dif	vert	up	True	1583752	1585038	up	1	5	49
12	ymy	f	22	1	70	circle	red	(565, 460)	high	no	no_dis	N	same	hori	left	True	1586058	1587366	left	1	5	50
12	ymy	f	22	1	70	diamond	red	(565, 460)	high	no	no_dis	N	same	vert	up	True	1588488	1590015	up	1	5	51
12	ymy	f	22	1	70	circle	red	(645, 428)	low	dis	(757, 540)	N	same	vert	up	True	1591184	1592542	up	1	5	52
12	ymy	f	22	1	70	diamond	green	(645, 652)	low	dis	(724, 460)	N	dif	vert	up	True	1593699	1595311	up	1	5	53
12	ymy	f	22	1	70	circle	red	(565, 460)	high	no	no_dis	N	dif	vert	up	True	1596493	1597711	up	1	5	54
12	ymy	f	22	1	70	circle	red	(645, 652)	low	dis	(565, 460)	Y	same	vert	up	True	1598832	1600079	up	1	5	55
12	ymy	f	22	1	70	diamond	green	(724, 460)	low	dis	(645, 652)	N	same	hori	left	True	1601095	1602374	left	1	5	56
12	ymy	f	22	1	70	diamond	red	(724, 460)	low	no	no_dis	N	same	vert	up	True	1603434	1605039	up	1	5	57
12	ymy	f	22	1	70	diamond	red	(565, 460)	high	dis	(724, 460)	N	dif	hori	left	True	1606128	1607551	left	1	5	58
12	ymy	f	22	1	70	diamond	red	(565, 460)	high	dis	(565, 619)	N	same	hori	left	True	1608713	1609694	left	1	5	59
12	ymy	f	22	1	70	circle	green	(565, 460)	high	dis	(757, 540)	N	dif	hori	left	True	1610706	1612071	left	1	5	60
12	ymy	f	22	1	70	diamond	green	(565, 460)	high	dis	(724, 619)	N	same	vert	up	True	1613143	1614839	up	1	5	61
12	ymy	f	22	1	70	diamond	red	(565, 460)	high	dis	(724, 619)	N	dif	vert	up	True	1615927	1616975	up	1	5	62
12	ymy	f	22	1	70	diamond	green	(565, 460)	high	no	no_dis	N	dif	vert	up	True	1618135	1619222	up	1	5	63
12	ymy	f	22	1	70	diamond	red	(724, 460)	low	dis	(724, 619)	N	same	hori	left	True	1620394	1621455	left	1	5	64
12	ymy	f	22	1	70	circle	red	(565, 460)	high	dis	(533, 540)	N	same	hori	left	True	1622695	1623839	left	1	5	65
12	ymy	f	22	1	70	diamond	red	(565, 460)	high	no	no_dis	N	dif	hori	left	True	1625067	1626135	left	1	5	66
12	ymy	f	22	1	70	circle	green	(724, 619)	low	dis	(565, 460)	Y	dif	vert	up	True	1627148	1628590	up	1	5	67
12	ymy	f	22	1	70	circle	red	(724, 619)	low	dis	(565, 619)	N	same	vert	up	True	1629766	1631270	up	1	5	68
12	ymy	f	22	1	70	diamond	red	(565, 460)	high	dis	(533, 540)	N	dif	hori	left	True	1632458	1633622	left	1	5	69
12	ymy	f	22	1	70	diamond	green	(565, 460)	high	dis	(565, 619)	N	dif	vert	up	True	1634689	1635734	up	1	5	70
12	ymy	f	22	1	70	circle	red	(565, 619)	low	dis	(565, 460)	Y	dif	vert	up	True	1636853	1638070	up	1	5	71
12	ymy	f	22	1	70	circle	red	(565, 460)	high	dis	(645, 428)	N	same	vert	up	True	1639185	1640255	up	1	5	72
12	ymy	f	22	1	70	circle	green	(565, 460)	high	dis	(533, 540)	N	dif	vert	up	True	1641358	1642686	up	1	5	73
12	ymy	f	22	1	70	circle	red	(565, 460)	high	no	no_dis	N	same	hori	left	True	1643783	1644910	left	1	5	74
12	ymy	f	22	1	70	circle	red	(565, 460)	high	no	no_dis	N	dif	hori	left	True	1646125	1647519	left	1	5	75
12	ymy	f	22	1	70	circle	green	(565, 460)	high	dis	(724, 460)	N	same	hori	left	True	1648713	1649830	left	1	5	76
12	ymy	f	22	1	70	diamond	green	(565, 460)	high	dis	(645, 428)	N	same	vert	up	True	1651038	1652414	up	1	5	77
12	ymy	f	22	1	70	circle	green	(565, 460)	high	no	no_dis	N	dif	hori	left	True	1653653	1654639	left	1	5	78
12	ymy	f	22	1	70	circle	red	(565, 460)	high	no	no_dis	N	dif	hori	left	True	1655864	1656702	left	1	5	79
12	ymy	f	22	1	70	diamond	red	(565, 460)	high	dis	(757, 540)	N	dif	hori	left	True	1657813	1659319	left	1	5	80
12	ymy	f	22	1	70	circle	green	(565, 619)	low	no	no_dis	N	dif	vert	up	True	1660432	1662303	up	1	5	81
12	ymy	f	22	1	70	circle	red	(565, 460)	high	dis	(724, 619)	N	same	vert	up	True	1663315	1664350	up	1	5	82
12	ymy	f	22	1	70	diamond	red	(565, 460)	high	dis	(757, 540)	N	same	vert	up	True	1665585	1667142	up	1	5	83
12	ymy	f	22	1	70	circle	red	(757, 540)	low	dis	(645, 428)	N	same	hori	left	True	1668259	1669871	left	1	5	84
12	ymy	f	22	1	70	circle	green	(533, 540)	low	dis	(757, 540)	N	same	vert	up	True	1671087	1672782	up	1	5	85
12	ymy	f	22	1	70	diamond	red	(533, 540)	low	no	no_dis	N	dif	hori	left	True	1673855	1675719	left	1	5	86
12	ymy	f	22	1	70	diamond	green	(565, 460)	high	dis	(565, 619)	N	dif	hori	left	True	1676734	1678030	left	1	5	87
12	ymy	f	22	1	70	circle	green	(565, 460)	high	dis	(533, 540)	N	dif	vert	up	True	1679145	1680479	up	1	5	88
12	ymy	f	22	1	70	diamond	red	(565, 460)	high	dis	(757, 540)	N	same	vert	up	True	1681588	1682918	up	1	5	89
12	ymy	f	22	1	70	diamond	green	(565, 460)	high	dis	(757, 540)	N	dif	hori	left	True	1684134	1685295	left	1	5	90
12	ymy	f	22	1	70	diamond	red	(565, 460)	high	dis	(724, 460)	N	same	vert	up	True	1686455	1687503	up	1	5	91
12	ymy	f	22	1	70	circle	green	(724, 460)	low	dis	(645, 428)	N	dif	hori	left	True	1688753	1690047	left	1	5	92
12	ymy	f	22	1	70	circle	green	(565, 460)	high	dis	(757, 540)	N	same	hori	left	True	1691212	1692727	left	1	5	93
12	ymy	f	22	1	70	diamond	green	(533, 540)	low	dis	(565, 460)	Y	same	hori	left	True	1693949	1695222	left	1	5	94
12	ymy	f	22	1	70	diamond	red	(533, 540)	low	dis	(724, 619)	N	dif	hori	left	True	1696286	1697558	left	1	5	95
12	ymy	f	22	1	70	diamond	green	(565, 460)	high	no	no_dis	N	same	vert	up	True	1698568	1699590	up	1	5	96
12	ymy	f	22	1	70	diamond	green	(565, 460)	high	no	no_dis	N	same	vert	up	True	1700672	1701863	up	1	5	97
12	ymy	f	22	1	70	diamond	green	(724, 460)	low	no	no_dis	N	dif	hori	left	True	1703059	1704158	left	1	5	98
12	ymy	f	22	1	70	diamond	green	(565, 460)	high	dis	(724, 619)	N	same	hori	left	True	1705363	1706558	left	1	5	99
12	ymy	f	22	1	70	circle	green	(565, 460)	high	dis	(645, 652)	N	same	hori	left	True	1707562	1708846	left	1	5	100
12	ymy	f	22	1	70	circle	green	(565, 460)	high	dis	(565, 619)	N	same	vert	up	True	1709949	1711302	up	1	5	101
12	ymy	f	22	1	70	diamond	green	(565, 460)	high	no	no_dis	N	same	hori	left	True	1712546	1713566	left	1	5	102
12	ymy	f	22	1	70	circle	green	(565, 460)	high	dis	(724, 460)	N	dif	hori	left	True	1714622	1715591	left	1	5	103
12	ymy	f	22	1	70	circle	green	(565, 460)	high	no	no_dis	N	same	vert	up	True	1716695	1717814	up	1	5	104
12	ymy	f	22	1	70	diamond	green	(565, 460)	high	dis	(757, 540)	N	dif	hori	left	True	1719006	1720103	left	1	5	105
12	ymy	f	22	1	70	circle	red	(565, 460)	high	dis	(645, 428)	N	same	vert	up	True	1721132	1722382	up	1	5	106
12	ymy	f	22	1	70	circle	red	(565, 460)	high	no	no_dis	N	same	vert	up	True	1723538	1724806	up	1	5	107
12	ymy	f	22	1	70	circle	red	(565, 460)	high	dis	(645, 428)	N	same	vert	up	True	1725974	1727375	up	1	5	108
12	ymy	f	22	1	70	diamond	red	(565, 460)	high	no	no_dis	N	same	hori	left	True	1728468	1729871	left	1	5	109
12	ymy	f	22	1	70	diamond	green	(565, 460)	high	dis	(565, 619)	N	dif	vert	up	True	1731026	1732150	up	1	5	110
12	ymy	f	22	1	70	circle	red	(565, 460)	high	dis	(533, 540)	N	dif	hori	left	True	1733154	1734246	left	1	5	111
12	ymy	f	22	1	70	diamond	green	(565, 460)	high	no	no_dis	N	dif	vert	up	True	1735403	1736438	up	1	5	112
12	ymy	f	22	1	70	diamond	red	(565, 460)	high	dis	(724, 619)	N	same	hori	left	True	1737589	1738582	left	1	5	113
12	ymy	f	22	1	70	diamond	green	(565, 460)	high	no	no_dis	N	dif	vert	up	True	1739689	1740710	up	1	5	114
12	ymy	f	22	1	70	circle	red	(565, 460)	high	dis	(565, 619)	N	dif	vert	up	True	1741883	1743134	up	1	5	115
12	ymy	f	22	1	70	diamond	green	(533, 540)	low	no	no_dis	N	dif	vert	up	True	1744166	1745478	up	1	5	116
12	ymy	f	22	1	70	circle	green	(565, 460)	high	no	no_dis	N	dif	hori	left	True	1746561	1747534	left	1	5	117
12	ymy	f	22	1	70	circle	red	(645, 428)	low	no	no_dis	N	dif	hori	left	True	1748615	1749743	left	1	5	118
12	ymy	f	22	1	70	circle	green	(565, 460)	high	dis	(645, 652)	N	same	hori	left	True	1750769	1751990	left	1	5	119
12	ymy	f	22	1	70	circle	red	(565, 460)	high	no	no_dis	N	same	vert	up	True	1753022	1754278	up	1	5	120
12	ymy	f	22	1	70	diamond	red	(724, 460)	low	dis	(565, 460)	Y	dif	vert	up	True	1788885	1791550	up	1	6	1
12	ymy	f	22	1	70	circle	red	(724, 460)	low	no	no_dis	N	same	vert	up	True	1792630	1794190	up	1	6	2
12	ymy	f	22	1	70	diamond	green	(565, 460)	high	no	no_dis	N	same	vert	up	True	1795200	1797054	up	1	6	3
12	ymy	f	22	1	70	diamond	red	(565, 460)	high	dis	(757, 540)	N	dif	hori	left	True	1798064	1799110	left	1	6	4
12	ymy	f	22	1	70	circle	red	(565, 460)	high	dis	(724, 460)	N	dif	vert	up	True	1800282	1801462	up	1	6	5
12	ymy	f	22	1	70	circle	green	(645, 428)	low	dis	(724, 460)	N	dif	hori	left	True	1802485	1803926	left	1	6	6
12	ymy	f	22	1	70	circle	red	(533, 540)	low	no	no_dis	N	same	hori	left	True	1804955	1805910	left	1	6	7
12	ymy	f	22	1	70	circle	red	(645, 652)	low	dis	(565, 619)	N	same	hori	left	True	1807152	1808278	left	1	6	8
12	ymy	f	22	1	70	diamond	red	(565, 460)	high	dis	(533, 540)	N	dif	hori	left	True	1809454	1811510	left	1	6	9
12	ymy	f	22	1	70	diamond	green	(724, 460)	low	dis	(533, 540)	N	dif	hori	left	True	1812743	1813878	left	1	6	10
12	ymy	f	22	1	70	circle	red	(565, 460)	high	dis	(533, 540)	N	same	hori	left	True	1815093	1815982	left	1	6	11
12	ymy	f	22	1	70	circle	red	(565, 460)	high	no	no_dis	N	same	vert	up	True	1817177	1818534	up	1	6	12
12	ymy	f	22	1	70	circle	green	(565, 460)	high	dis	(757, 540)	N	same	vert	up	True	1819600	1820630	up	1	6	13
12	ymy	f	22	1	70	diamond	red	(565, 460)	high	dis	(757, 540)	N	same	hori	left	True	1821867	1823046	left	1	6	14
12	ymy	f	22	1	70	diamond	green	(565, 460)	high	dis	(533, 540)	N	same	hori	left	True	1824183	1825782	left	1	6	15
12	ymy	f	22	1	70	diamond	red	(565, 460)	high	no	no_dis	N	same	hori	left	True	1826837	1827822	left	1	6	16
12	ymy	f	22	1	70	diamond	red	(565, 460)	high	dis	(565, 619)	N	dif	vert	up	True	1829043	1829958	up	1	6	17
12	ymy	f	22	1	70	diamond	green	(565, 460)	high	dis	(757, 540)	N	same	vert	up	True	1831144	1832310	up	1	6	18
12	ymy	f	22	1	70	circle	red	(565, 460)	high	dis	(757, 540)	N	same	vert	up	True	1833447	1834806	up	1	6	19
12	ymy	f	22	1	70	diamond	red	(645, 428)	low	no	no_dis	N	dif	hori	left	True	1835843	1837342	left	1	6	20
12	ymy	f	22	1	70	circle	green	(645, 652)	low	dis	(565, 619)	N	dif	vert	up	True	1838520	1840830	up	1	6	21
12	ymy	f	22	1	70	diamond	green	(565, 619)	low	dis	(757, 540)	N	same	vert	up	True	1842036	1843863	up	1	6	22
12	ymy	f	22	1	70	diamond	red	(565, 460)	high	dis	(565, 619)	N	same	hori	left	True	1844944	1846062	left	1	6	23
12	ymy	f	22	1	70	diamond	green	(565, 460)	high	dis	(645, 652)	N	same	vert	up	True	1847158	1848350	up	1	6	24
12	ymy	f	22	1	70	circle	green	(724, 619)	low	no	no_dis	N	same	hori	left	True	1849578	1850654	left	1	6	25
12	ymy	f	22	1	70	circle	green	(565, 460)	high	dis	(565, 619)	N	dif	hori	left	True	1851731	1852886	left	1	6	26
12	ymy	f	22	1	70	diamond	red	(565, 460)	high	no	no_dis	N	dif	hori	left	True	1854071	1855270	left	1	6	27
12	ymy	f	22	1	70	diamond	green	(565, 460)	high	dis	(645, 428)	N	dif	vert	up	True	1856277	1857318	up	1	6	28
12	ymy	f	22	1	70	circle	green	(757, 540)	low	dis	(533, 540)	N	same	hori	left	True	1858419	1859494	left	1	6	29
12	ymy	f	22	1	70	diamond	green	(565, 460)	high	dis	(645, 652)	N	same	hori	left	True	1860650	1861758	left	1	6	30
12	ymy	f	22	1	70	circle	red	(565, 460)	high	dis	(724, 460)	N	dif	vert	up	True	1862819	1864054	up	1	6	31
12	ymy	f	22	1	70	diamond	red	(724, 619)	low	no	no_dis	N	dif	hori	left	True	1865078	1866766	left	1	6	32
12	ymy	f	22	1	70	circle	red	(757, 540)	low	dis	(645, 652)	N	same	vert	up	True	1867823	1868822	up	1	6	33
12	ymy	f	22	1	70	diamond	red	(565, 460)	high	dis	(757, 540)	N	same	vert	up	True	1869833	1870998	up	1	6	34
12	ymy	f	22	1	70	diamond	green	(565, 460)	high	dis	(565, 619)	N	same	hori	left	True	1872155	1873142	left	1	6	35
12	ymy	f	22	1	70	diamond	green	(565, 460)	high	dis	(645, 652)	N	dif	vert	up	True	1874199	1875110	up	1	6	36
12	ymy	f	22	1	70	diamond	green	(757, 540)	low	dis	(565, 460)	Y	dif	vert	up	True	1876249	1877406	left	0	6	37
12	ymy	f	22	1	70	circle	green	(565, 460)	high	no	no_dis	N	same	vert	up	True	1880069	1882126	up	1	6	38
12	ymy	f	22	1	70	circle	red	(565, 460)	high	dis	(645, 652)	N	dif	hori	left	True	1883161	1884086	left	1	6	39
12	ymy	f	22	1	70	circle	green	(724, 460)	low	dis	(645, 428)	N	dif	vert	up	True	1885104	1886918	up	1	6	40
12	ymy	f	22	1	70	diamond	green	(533, 540)	low	no	no_dis	N	dif	vert	up	True	1888043	1889262	up	1	6	41
12	ymy	f	22	1	70	circle	red	(565, 460)	high	dis	(533, 540)	N	dif	hori	left	True	1890275	1891550	left	1	6	42
12	ymy	f	22	1	70	diamond	red	(565, 460)	high	dis	(565, 619)	N	same	vert	up	True	1892705	1893910	up	1	6	43
12	ymy	f	22	1	70	circle	green	(565, 460)	high	dis	(533, 540)	N	dif	hori	left	True	1895035	1896126	left	1	6	44
12	ymy	f	22	1	70	diamond	green	(724, 460)	low	no	no_dis	N	dif	hori	left	True	1897212	1898246	left	1	6	45
12	ymy	f	22	1	70	diamond	red	(565, 460)	high	dis	(724, 460)	N	dif	hori	left	True	1899455	1900318	left	1	6	46
12	ymy	f	22	1	70	diamond	red	(565, 460)	high	dis	(645, 428)	N	same	hori	left	True	1901471	1902942	left	1	6	47
12	ymy	f	22	1	70	circle	green	(565, 460)	high	no	no_dis	N	dif	vert	up	True	1904145	1905254	up	1	6	48
12	ymy	f	22	1	70	circle	green	(565, 460)	high	dis	(757, 540)	N	dif	hori	left	True	1906306	1907446	left	1	6	49
12	ymy	f	22	1	70	circle	red	(565, 619)	low	dis	(565, 460)	Y	same	vert	up	True	1908679	1909966	up	1	6	50
12	ymy	f	22	1	70	diamond	red	(565, 460)	high	dis	(724, 460)	N	dif	vert	up	True	1911052	1912014	up	1	6	51
12	ymy	f	22	1	70	diamond	red	(565, 460)	high	no	no_dis	N	dif	vert	up	True	1913079	1914118	up	1	6	52
12	ymy	f	22	1	70	diamond	green	(565, 460)	high	dis	(645, 428)	N	same	hori	left	True	1915321	1916166	left	1	6	53
12	ymy	f	22	1	70	diamond	green	(565, 460)	high	no	no_dis	N	dif	vert	up	True	1917348	1919022	up	1	6	54
12	ymy	f	22	1	70	diamond	green	(565, 460)	high	no	no_dis	N	dif	hori	left	True	1920187	1921270	left	1	6	55
12	ymy	f	22	1	70	diamond	red	(565, 460)	high	no	no_dis	N	same	vert	up	True	1922450	1923310	up	1	6	56
12	ymy	f	22	1	70	diamond	green	(565, 460)	high	dis	(724, 460)	N	dif	vert	up	True	1924345	1925718	up	1	6	57
12	ymy	f	22	1	70	circle	green	(565, 460)	high	no	no_dis	N	same	hori	left	True	1926757	1927862	left	1	6	58
12	ymy	f	22	1	70	diamond	green	(565, 460)	high	no	no_dis	N	dif	hori	left	True	1929000	1930142	left	1	6	59
12	ymy	f	22	1	70	circle	green	(565, 460)	high	dis	(645, 652)	N	dif	vert	up	True	1931373	1932597	up	1	6	60
12	ymy	f	22	1	70	diamond	green	(565, 460)	high	dis	(724, 619)	N	same	hori	left	True	1933793	1935301	left	1	6	61
12	ymy	f	22	1	70	circle	green	(565, 460)	high	dis	(724, 619)	N	dif	vert	up	True	1936410	1937662	up	1	6	62
12	ymy	f	22	1	70	circle	green	(565, 460)	high	dis	(645, 428)	N	same	hori	left	True	1938865	1940086	left	1	6	63
12	ymy	f	22	1	70	circle	red	(565, 460)	high	no	no_dis	N	dif	hori	left	True	1941271	1942262	left	1	6	64
12	ymy	f	22	1	70	circle	red	(565, 460)	high	no	no_dis	N	dif	vert	up	True	1943377	1944670	up	1	6	65
12	ymy	f	22	1	70	circle	red	(565, 460)	high	no	no_dis	N	same	vert	up	True	1945796	1947405	up	1	6	66
12	ymy	f	22	1	70	circle	green	(565, 460)	high	no	no_dis	N	same	hori	left	True	1948415	1949630	left	1	6	67
12	ymy	f	22	1	70	circle	red	(565, 460)	high	dis	(533, 540)	N	dif	vert	up	True	1950871	1952269	up	1	6	68
12	ymy	f	22	1	70	diamond	red	(565, 460)	high	dis	(645, 652)	N	same	vert	up	True	1953505	1954862	up	1	6	69
12	ymy	f	22	1	70	diamond	red	(645, 428)	low	dis	(724, 460)	N	same	hori	left	True	1955925	1958494	left	1	6	70
12	ymy	f	22	1	70	circle	red	(565, 619)	low	no	no_dis	N	dif	vert	up	True	1959601	1961661	up	1	6	71
12	ymy	f	22	1	70	diamond	red	(757, 540)	low	dis	(565, 460)	Y	same	hori	left	True	1962813	1964102	left	1	6	72
12	ymy	f	22	1	70	diamond	green	(645, 652)	low	dis	(645, 428)	N	same	vert	up	True	1965310	1966758	up	1	6	73
12	ymy	f	22	1	70	circle	red	(645, 428)	low	dis	(565, 460)	Y	dif	vert	up	True	1968009	1970550	up	1	6	74
12	ymy	f	22	1	70	diamond	red	(565, 460)	high	no	no_dis	N	dif	vert	up	True	1971788	1973046	up	1	6	75
12	ymy	f	22	1	70	circle	green	(565, 460)	high	dis	(724, 460)	N	dif	hori	left	True	1974107	1975094	left	1	6	76
12	ymy	f	22	1	70	circle	green	(757, 540)	low	no	no_dis	N	same	vert	up	True	1976128	1977358	up	1	6	77
12	ymy	f	22	1	70	circle	red	(565, 460)	high	dis	(724, 619)	N	same	vert	up	True	1978450	1981175	up	1	6	78
12	ymy	f	22	1	70	diamond	red	(565, 460)	high	no	no_dis	N	dif	hori	left	True	1982323	1983422	left	1	6	79
12	ymy	f	22	1	70	circle	red	(565, 460)	high	no	no_dis	N	dif	hori	left	True	1984619	1985678	left	1	6	80
12	ymy	f	22	1	70	circle	green	(565, 460)	high	dis	(724, 619)	N	dif	hori	left	True	1986905	1988062	left	1	6	81
12	ymy	f	22	1	70	diamond	red	(645, 652)	low	no	no_dis	N	dif	vert	up	True	1989137	1990381	up	1	6	82
12	ymy	f	22	1	70	circle	red	(565, 460)	high	no	no_dis	N	dif	hori	left	True	1991603	1992598	left	1	6	83
12	ymy	f	22	1	70	diamond	green	(565, 460)	high	dis	(724, 619)	N	dif	hori	left	True	1993622	1995126	left	1	6	84
12	ymy	f	22	1	70	circle	red	(724, 619)	low	dis	(565, 460)	Y	dif	hori	left	True	1996308	1997493	left	1	6	85
12	ymy	f	22	1	70	diamond	red	(565, 460)	high	dis	(724, 460)	N	same	vert	up	True	1998700	1999686	up	1	6	86
12	ymy	f	22	1	70	diamond	green	(757, 540)	low	no	no_dis	N	same	hori	left	True	2000841	2001934	left	1	6	87
12	ymy	f	22	1	70	circle	red	(565, 460)	high	dis	(565, 619)	N	same	vert	up	True	2002949	2004230	up	1	6	88
12	ymy	f	22	1	70	diamond	green	(565, 460)	high	no	no_dis	N	dif	vert	up	True	2005394	2006670	up	1	6	89
12	ymy	f	22	1	70	circle	red	(565, 460)	high	dis	(724, 619)	N	same	hori	left	True	2007792	2008845	left	1	6	90
12	ymy	f	22	1	70	circle	green	(565, 619)	low	no	no_dis	N	same	vert	up	True	2009854	2011238	up	1	6	91
12	ymy	f	22	1	70	diamond	red	(724, 619)	low	dis	(757, 540)	N	dif	vert	up	True	2012368	2013838	up	1	6	92
12	ymy	f	22	1	70	diamond	green	(533, 540)	low	dis	(724, 619)	N	same	hori	left	True	2014855	2016245	left	1	6	93
12	ymy	f	22	1	70	circle	green	(533, 540)	low	dis	(565, 460)	Y	same	vert	up	True	2017324	2018613	up	1	6	94
12	ymy	f	22	1	70	diamond	green	(565, 460)	high	no	no_dis	N	dif	vert	up	True	2019754	2021198	up	1	6	95
12	ymy	f	22	1	70	circle	green	(565, 460)	high	dis	(645, 428)	N	same	vert	up	True	2022439	2023838	up	1	6	96
12	ymy	f	22	1	70	diamond	green	(645, 428)	low	dis	(565, 460)	Y	same	hori	left	True	2024997	2026574	left	1	6	97
12	ymy	f	22	1	70	circle	green	(565, 460)	high	no	no_dis	N	same	hori	left	True	2027814	2028846	left	1	6	98
12	ymy	f	22	1	70	diamond	green	(565, 460)	high	no	no_dis	N	same	hori	left	True	2030001	2031525	left	1	6	99
12	ymy	f	22	1	70	diamond	red	(565, 460)	high	dis	(645, 652)	N	dif	vert	up	True	2032551	2034382	up	1	6	100
12	ymy	f	22	1	70	circle	green	(565, 460)	high	dis	(533, 540)	N	same	vert	up	True	2035577	2037197	up	1	6	101
12	ymy	f	22	1	70	circle	red	(565, 460)	high	dis	(724, 619)	N	dif	vert	up	True	2038213	2039358	up	1	6	102
12	ymy	f	22	1	70	circle	red	(565, 460)	high	dis	(645, 428)	N	same	hori	left	True	2040565	2041518	left	1	6	103
12	ymy	f	22	1	70	circle	green	(565, 460)	high	no	no_dis	N	same	hori	left	True	2042724	2043638	left	1	6	104
12	ymy	f	22	1	70	circle	green	(565, 460)	high	dis	(565, 619)	N	same	vert	up	True	2044846	2045789	up	1	6	105
12	ymy	f	22	1	70	diamond	red	(565, 460)	high	dis	(645, 428)	N	same	hori	left	True	2046827	2048070	left	1	6	106
12	ymy	f	22	1	70	diamond	red	(533, 540)	low	dis	(565, 460)	Y	dif	hori	left	True	2049260	2050469	left	1	6	107
12	ymy	f	22	1	70	circle	green	(724, 619)	low	dis	(645, 652)	N	dif	hori	left	True	2051611	2052598	left	1	6	108
12	ymy	f	22	1	70	circle	red	(565, 460)	high	no	no_dis	N	same	vert	up	True	2053774	2055949	left	0	6	109
12	ymy	f	22	1	70	diamond	red	(565, 619)	low	dis	(565, 460)	Y	dif	hori	left	True	2058658	2059829	left	1	6	110
12	ymy	f	22	1	70	diamond	green	(565, 460)	high	dis	(757, 540)	N	dif	hori	left	True	2060921	2062621	left	1	6	111
12	ymy	f	22	1	70	diamond	green	(565, 460)	high	dis	(645, 652)	N	dif	hori	left	True	2063655	2065117	left	1	6	112
12	ymy	f	22	1	70	circle	green	(565, 460)	high	no	no_dis	N	same	vert	up	True	2066199	2067638	up	1	6	113
12	ymy	f	22	1	70	circle	green	(565, 460)	high	dis	(724, 460)	N	dif	vert	up	True	2068693	2070014	up	1	6	114
12	ymy	f	22	1	70	circle	red	(724, 460)	low	dis	(724, 619)	N	same	vert	up	True	2071184	2072878	up	1	6	115
12	ymy	f	22	1	70	circle	red	(565, 460)	high	dis	(533, 540)	N	dif	vert	up	True	2074123	2075270	up	1	6	116
12	ymy	f	22	1	70	diamond	green	(565, 460)	high	dis	(565, 619)	N	same	hori	left	True	2076421	2078045	left	1	6	117
12	ymy	f	22	1	70	diamond	red	(565, 460)	high	no	no_dis	N	same	hori	left	True	2079264	2080397	left	1	6	118
12	ymy	f	22	1	70	circle	green	(565, 460)	high	dis	(645, 428)	N	dif	hori	left	True	2081552	2083509	left	1	6	119
12	ymy	f	22	1	70	circle	red	(565, 460)	high	dis	(724, 619)	N	same	vert	up	True	2084597	2085861	up	1	6	120
conf	12	ymy	f	22	1	70	True	2122890	2143238	4	True	2143253	2148278	2
