subj	name	gender	age	prac	group	shape	color	tar_loc	popularity	dis_cond	dis_loc	dis_high	td_dif	line	respkey	gotkey	startTime	respTime	resp	correct	block	trialnum
13	lxq	f	22	1	70	circle	green	(533, 540)	high	dis	(645, 652)	N	dif	hori	left	True	12042	13117	left	1	1	1
13	lxq	f	22	1	70	diamond	red	(533, 540)	high	dis	(565, 619)	N	dif	hori	left	True	14351	15412	up	0	1	2
13	lxq	f	22	1	70	diamond	red	(533, 540)	high	dis	(724, 619)	N	same	hori	left	True	17938	18972	left	1	1	3
13	lxq	f	22	1	70	diamond	green	(645, 652)	low	dis	(533, 540)	Y	dif	hori	left	True	20200	21700	left	1	1	4
13	lxq	f	22	1	70	diamond	red	(757, 540)	low	dis	(565, 460)	N	dif	vert	up	True	22791	23957	up	1	1	5
13	lxq	f	22	1	70	diamond	green	(533, 540)	high	dis	(757, 540)	N	same	hori	left	True	25208	26148	left	1	1	6
13	lxq	f	22	1	70	diamond	red	(533, 540)	high	dis	(645, 652)	N	dif	hori	left	True	27203	28012	left	1	1	7
13	lxq	f	22	1	70	circle	green	(533, 540)	high	dis	(757, 540)	N	same	hori	left	True	29230	30732	left	1	1	8
13	lxq	f	22	1	70	diamond	red	(645, 428)	low	dis	(724, 460)	N	dif	vert	up	True	31815	32757	up	1	1	9
13	lxq	f	22	1	70	circle	red	(645, 652)	low	dis	(757, 540)	N	dif	hori	left	True	33994	35716	left	1	1	10
13	lxq	f	22	1	70	diamond	green	(645, 428)	low	dis	(565, 460)	N	same	hori	left	True	36771	37932	left	1	1	11
13	lxq	f	22	1	70	diamond	red	(533, 540)	high	no	no_dis	N	same	hori	left	True	39164	40028	left	1	1	12
13	lxq	f	22	1	70	circle	red	(533, 540)	high	dis	(645, 428)	N	dif	vert	up	True	41122	42341	up	1	1	13
13	lxq	f	22	1	70	circle	red	(533, 540)	high	no	no_dis	N	same	hori	left	True	43533	44524	left	1	1	14
13	lxq	f	22	1	70	circle	green	(533, 540)	high	dis	(565, 619)	N	same	vert	up	True	45695	46908	up	1	1	15
13	lxq	f	22	1	70	diamond	red	(757, 540)	low	no	no_dis	N	dif	vert	up	True	48092	49252	up	1	1	16
13	lxq	f	22	1	70	diamond	green	(533, 540)	high	dis	(724, 619)	N	same	vert	up	True	50308	51924	up	1	1	17
13	lxq	f	22	1	70	circle	green	(757, 540)	low	dis	(533, 540)	Y	same	vert	up	True	53047	54124	up	1	1	18
13	lxq	f	22	1	70	circle	green	(533, 540)	high	dis	(565, 460)	N	same	hori	left	True	55334	56644	left	1	1	19
13	lxq	f	22	1	70	diamond	red	(533, 540)	high	dis	(645, 428)	N	dif	vert	up	True	57873	59148	up	1	1	20
13	lxq	f	22	1	70	diamond	red	(533, 540)	high	no	no_dis	N	same	vert	up	True	60246	61108	up	1	1	21
13	lxq	f	22	1	70	circle	green	(533, 540)	high	dis	(645, 652)	N	dif	vert	up	True	62262	63444	up	1	1	22
13	lxq	f	22	1	70	circle	green	(533, 540)	high	dis	(724, 460)	N	dif	hori	left	True	64468	65636	left	1	1	23
13	lxq	f	22	1	70	diamond	green	(533, 540)	high	dis	(724, 460)	N	same	hori	left	True	66842	68260	left	1	1	24
13	lxq	f	22	1	70	circle	red	(533, 540)	high	no	no_dis	N	dif	vert	up	True	69346	70244	up	1	1	25
13	lxq	f	22	1	70	circle	red	(533, 540)	high	dis	(645, 428)	N	dif	hori	left	True	71287	72324	left	1	1	26
13	lxq	f	22	1	70	diamond	green	(565, 619)	low	no	no_dis	N	same	hori	left	True	73347	74452	left	1	1	27
13	lxq	f	22	1	70	circle	red	(724, 619)	low	dis	(645, 652)	N	dif	hori	left	True	75664	76804	left	1	1	28
13	lxq	f	22	1	70	diamond	green	(533, 540)	high	dis	(565, 460)	N	dif	vert	up	True	78019	78972	up	1	1	29
13	lxq	f	22	1	70	diamond	red	(724, 460)	low	dis	(565, 619)	N	same	vert	up	True	80186	81348	left	0	1	30
13	lxq	f	22	1	70	circle	green	(645, 428)	low	dis	(724, 460)	N	same	vert	up	True	83941	85100	up	1	1	31
13	lxq	f	22	1	70	circle	red	(533, 540)	high	dis	(565, 619)	N	dif	hori	left	True	86185	87460	left	1	1	32
13	lxq	f	22	1	70	circle	green	(533, 540)	high	dis	(724, 619)	N	same	vert	up	True	88519	89836	up	1	1	33
13	lxq	f	22	1	70	circle	green	(533, 540)	high	no	no_dis	N	dif	vert	up	True	90952	91772	up	1	1	34
13	lxq	f	22	1	70	circle	red	(533, 540)	high	no	no_dis	N	dif	hori	left	True	92832	93772	up	0	1	35
13	lxq	f	22	1	70	diamond	green	(533, 540)	high	dis	(724, 460)	N	same	hori	left	True	96327	98076	left	1	1	36
13	lxq	f	22	1	70	diamond	green	(533, 540)	high	no	no_dis	N	dif	vert	up	True	99105	100196	up	1	1	37
13	lxq	f	22	1	70	diamond	red	(724, 619)	low	dis	(533, 540)	Y	same	vert	up	True	101324	103229	up	1	1	38
13	lxq	f	22	1	70	diamond	green	(533, 540)	high	dis	(645, 652)	N	same	hori	left	True	104255	105284	left	1	1	39
13	lxq	f	22	1	70	diamond	red	(565, 619)	low	dis	(645, 652)	N	dif	hori	left	True	106534	108900	left	1	1	40
13	lxq	f	22	1	70	circle	red	(533, 540)	high	dis	(565, 619)	N	same	vert	up	True	109975	111180	up	1	1	41
13	lxq	f	22	1	70	diamond	green	(533, 540)	high	no	no_dis	N	same	vert	up	True	112387	113196	up	1	1	42
13	lxq	f	22	1	70	circle	red	(724, 460)	low	no	no_dis	N	dif	hori	left	True	114313	115460	left	1	1	43
13	lxq	f	22	1	70	circle	red	(757, 540)	low	dis	(724, 619)	N	same	hori	left	True	116677	117932	left	1	1	44
13	lxq	f	22	1	70	circle	green	(533, 540)	high	dis	(645, 652)	N	same	vert	up	True	119079	120060	up	1	1	45
13	lxq	f	22	1	70	circle	green	(533, 540)	high	no	no_dis	N	dif	hori	left	True	121198	122140	left	1	1	46
13	lxq	f	22	1	70	diamond	green	(533, 540)	high	dis	(757, 540)	N	dif	hori	left	True	123169	124164	left	1	1	47
13	lxq	f	22	1	70	diamond	red	(533, 540)	high	dis	(724, 619)	N	same	hori	left	True	125215	126172	left	1	1	48
13	lxq	f	22	1	70	diamond	red	(533, 540)	high	no	no_dis	N	same	vert	up	True	127287	128108	up	1	1	49
13	lxq	f	22	1	70	diamond	red	(533, 540)	high	dis	(724, 619)	N	dif	hori	left	True	129247	130148	left	1	1	50
13	lxq	f	22	1	70	circle	red	(533, 540)	high	no	no_dis	N	same	vert	up	True	131214	132092	up	1	1	51
13	lxq	f	22	1	70	diamond	green	(533, 540)	high	dis	(724, 460)	N	same	vert	up	True	133243	134740	up	1	1	52
13	lxq	f	22	1	70	diamond	green	(757, 540)	low	dis	(533, 540)	Y	dif	vert	up	True	135922	136940	up	1	1	53
13	lxq	f	22	1	70	circle	red	(724, 619)	low	no	no_dis	N	dif	hori	left	True	138122	139316	left	1	1	54
13	lxq	f	22	1	70	diamond	green	(565, 460)	low	no	no_dis	N	same	vert	up	True	140390	142052	up	1	1	55
13	lxq	f	22	1	70	diamond	green	(533, 540)	high	no	no_dis	N	same	hori	left	True	143147	144060	left	1	1	56
13	lxq	f	22	1	70	diamond	red	(533, 540)	high	dis	(724, 460)	N	same	vert	up	True	145214	146508	left	0	1	57
13	lxq	f	22	1	70	diamond	green	(533, 540)	high	dis	(645, 428)	N	same	vert	up	True	149229	150516	up	1	1	58
13	lxq	f	22	1	70	circle	green	(724, 619)	low	no	no_dis	N	same	vert	up	True	151536	152700	up	1	1	59
13	lxq	f	22	1	70	diamond	red	(533, 540)	high	no	no_dis	N	dif	hori	left	True	153819	154621	left	1	1	60
13	lxq	f	22	1	70	diamond	green	(724, 460)	low	dis	(533, 540)	Y	same	hori	left	True	155711	156901	left	1	1	61
13	lxq	f	22	1	70	circle	green	(533, 540)	high	no	no_dis	N	same	vert	up	True	158136	159644	up	1	1	62
13	lxq	f	22	1	70	diamond	red	(533, 540)	high	dis	(645, 428)	N	dif	vert	up	True	160847	161860	up	1	1	63
13	lxq	f	22	1	70	circle	green	(533, 540)	high	dis	(565, 460)	N	same	vert	up	True	162907	163964	up	1	1	64
13	lxq	f	22	1	70	diamond	green	(565, 619)	low	dis	(533, 540)	Y	same	vert	up	True	165127	166740	up	1	1	65
13	lxq	f	22	1	70	circle	green	(533, 540)	high	dis	(757, 540)	N	dif	vert	up	True	167846	169436	up	1	1	66
13	lxq	f	22	1	70	circle	green	(724, 460)	low	dis	(565, 619)	N	same	hori	left	True	170653	171676	left	1	1	67
13	lxq	f	22	1	70	diamond	green	(533, 540)	high	dis	(565, 619)	N	same	hori	left	True	172683	174556	left	1	1	68
13	lxq	f	22	1	70	diamond	red	(533, 540)	high	no	no_dis	N	same	hori	left	True	175690	176732	left	1	1	69
13	lxq	f	22	1	70	circle	red	(533, 540)	high	dis	(645, 428)	N	dif	vert	up	True	177827	178860	up	1	1	70
13	lxq	f	22	1	70	diamond	green	(565, 460)	low	dis	(645, 428)	N	dif	vert	up	True	180080	181468	up	1	1	71
13	lxq	f	22	1	70	circle	red	(533, 540)	high	dis	(565, 619)	N	same	vert	up	True	182509	183660	up	1	1	72
13	lxq	f	22	1	70	diamond	green	(533, 540)	high	dis	(724, 619)	N	dif	vert	up	True	184851	185812	up	1	1	73
13	lxq	f	22	1	70	diamond	red	(533, 540)	high	dis	(565, 460)	N	same	hori	left	True	186927	187716	left	1	1	74
13	lxq	f	22	1	70	diamond	green	(533, 540)	high	dis	(645, 428)	N	dif	vert	up	True	188907	189780	up	1	1	75
13	lxq	f	22	1	70	circle	green	(533, 540)	high	no	no_dis	N	dif	vert	up	True	190910	191916	up	1	1	76
13	lxq	f	22	1	70	circle	green	(724, 460)	low	no	no_dis	N	same	vert	up	True	193136	194028	up	1	1	77
13	lxq	f	22	1	70	diamond	red	(533, 540)	high	dis	(757, 540)	N	dif	hori	left	True	195097	196324	left	1	1	78
13	lxq	f	22	1	70	diamond	red	(565, 460)	low	dis	(645, 428)	N	same	hori	left	True	197387	199100	left	1	1	79
13	lxq	f	22	1	70	circle	green	(533, 540)	high	dis	(565, 460)	N	same	vert	up	True	200317	201332	up	1	1	80
13	lxq	f	22	1	70	circle	green	(757, 540)	low	no	no_dis	N	dif	hori	left	True	202418	203340	left	1	1	81
13	lxq	f	22	1	70	circle	green	(645, 652)	low	dis	(533, 540)	Y	dif	hori	left	True	204522	205740	left	1	1	82
13	lxq	f	22	1	70	diamond	green	(533, 540)	high	no	no_dis	N	dif	vert	up	True	206959	207868	up	1	1	83
13	lxq	f	22	1	70	diamond	red	(533, 540)	high	dis	(724, 460)	N	same	hori	left	True	208934	209980	left	1	1	84
13	lxq	f	22	1	70	circle	red	(533, 540)	high	dis	(724, 619)	N	dif	vert	up	True	211192	212212	up	1	1	85
13	lxq	f	22	1	70	circle	green	(533, 540)	high	dis	(757, 540)	N	dif	hori	left	True	213398	214300	left	1	1	86
13	lxq	f	22	1	70	circle	red	(565, 619)	low	dis	(533, 540)	Y	dif	vert	up	True	215380	216596	up	1	1	87
13	lxq	f	22	1	70	diamond	red	(645, 652)	low	no	no_dis	N	dif	vert	up	True	217809	219996	up	1	1	88
13	lxq	f	22	1	70	circle	red	(565, 619)	low	no	no_dis	N	same	hori	left	True	221171	222532	left	1	1	89
13	lxq	f	22	1	70	diamond	green	(533, 540)	high	dis	(724, 619)	N	dif	hori	left	True	223626	224644	left	1	1	90
13	lxq	f	22	1	70	diamond	green	(533, 540)	high	no	no_dis	N	same	vert	up	True	225703	226476	up	1	1	91
13	lxq	f	22	1	70	circle	green	(724, 619)	low	dis	(757, 540)	N	same	vert	up	True	227567	229452	up	1	1	92
13	lxq	f	22	1	70	circle	green	(533, 540)	high	no	no_dis	N	dif	hori	left	True	230638	231628	left	1	1	93
13	lxq	f	22	1	70	circle	green	(533, 540)	high	dis	(565, 460)	N	dif	hori	left	True	232674	233612	left	1	1	94
13	lxq	f	22	1	70	circle	red	(533, 540)	high	dis	(645, 652)	N	same	hori	left	True	234742	235420	left	1	1	95
13	lxq	f	22	1	70	diamond	red	(533, 540)	high	dis	(645, 652)	N	dif	vert	up	True	236472	238140	up	1	1	96
13	lxq	f	22	1	70	diamond	green	(533, 540)	high	no	no_dis	N	same	vert	up	True	239370	240452	up	1	1	97
13	lxq	f	22	1	70	circle	red	(533, 540)	high	no	no_dis	N	dif	vert	up	True	241466	242317	up	1	1	98
13	lxq	f	22	1	70	circle	green	(565, 460)	low	dis	(533, 540)	Y	dif	vert	up	True	243466	244692	up	1	1	99
13	lxq	f	22	1	70	circle	red	(533, 540)	high	dis	(757, 540)	N	same	hori	left	True	245944	246749	left	1	1	100
13	lxq	f	22	1	70	diamond	red	(533, 540)	high	no	no_dis	N	dif	hori	left	True	247923	248620	left	1	1	101
13	lxq	f	22	1	70	circle	red	(533, 540)	high	no	no_dis	N	dif	hori	left	True	249831	250764	left	1	1	102
13	lxq	f	22	1	70	diamond	red	(533, 540)	high	no	no_dis	N	dif	vert	up	True	251971	253196	up	1	1	103
13	lxq	f	22	1	70	circle	red	(533, 540)	high	dis	(757, 540)	N	dif	hori	left	True	254400	255540	left	1	1	104
13	lxq	f	22	1	70	circle	red	(533, 540)	high	no	no_dis	N	dif	hori	left	True	256565	257484	left	1	1	105
13	lxq	f	22	1	70	circle	red	(533, 540)	high	dis	(724, 460)	N	dif	vert	up	True	258512	259604	up	1	1	106
13	lxq	f	22	1	70	diamond	red	(645, 428)	low	no	no_dis	N	same	hori	left	True	260845	261796	left	1	1	107
13	lxq	f	22	1	70	diamond	green	(533, 540)	high	no	no_dis	N	same	hori	left	True	262907	263691	left	1	1	108
13	lxq	f	22	1	70	circle	red	(533, 540)	high	dis	(724, 460)	N	same	vert	up	True	264818	265724	up	1	1	109
13	lxq	f	22	1	70	circle	red	(724, 460)	low	dis	(724, 619)	N	dif	hori	left	True	266748	267884	left	1	1	110
13	lxq	f	22	1	70	circle	green	(533, 540)	high	no	no_dis	N	same	hori	left	True	269070	269764	left	1	1	111
13	lxq	f	22	1	70	circle	red	(533, 540)	high	dis	(565, 460)	N	dif	vert	up	True	270891	271932	up	1	1	112
13	lxq	f	22	1	70	diamond	green	(645, 428)	low	no	no_dis	N	dif	vert	up	True	273113	274780	up	1	1	113
13	lxq	f	22	1	70	circle	red	(533, 540)	high	dis	(565, 619)	N	dif	hori	left	True	275932	277108	left	1	1	114
13	lxq	f	22	1	70	diamond	red	(533, 540)	high	dis	(565, 460)	N	same	vert	up	True	278160	279620	up	1	1	115
13	lxq	f	22	1	70	diamond	green	(533, 540)	high	dis	(645, 652)	N	dif	vert	up	True	280849	281860	up	1	1	116
13	lxq	f	22	1	70	circle	green	(533, 540)	high	dis	(565, 619)	N	same	hori	left	True	282974	284500	left	1	1	117
13	lxq	f	22	1	70	diamond	red	(533, 540)	high	dis	(645, 428)	N	same	vert	up	True	285549	286724	up	1	1	118
13	lxq	f	22	1	70	circle	red	(645, 428)	low	dis	(533, 540)	Y	same	hori	left	True	287933	289052	left	1	1	119
13	lxq	f	22	1	70	circle	green	(533, 540)	high	no	no_dis	N	same	hori	left	True	290058	291036	left	1	1	120
13	lxq	f	22	1	70	circle	green	(533, 540)	high	dis	(565, 460)	N	dif	hori	left	True	330787	331628	left	1	2	1
13	lxq	f	22	1	70	diamond	red	(724, 460)	low	dis	(533, 540)	Y	dif	vert	up	True	332730	333555	up	1	2	2
13	lxq	f	22	1	70	diamond	red	(565, 460)	low	dis	(533, 540)	Y	same	hori	left	True	334614	336852	left	1	2	3
13	lxq	f	22	1	70	diamond	green	(533, 540)	high	no	no_dis	N	dif	hori	left	True	337890	338748	left	1	2	4
13	lxq	f	22	1	70	circle	red	(533, 540)	high	dis	(645, 428)	N	same	hori	left	True	339927	340804	left	1	2	5
13	lxq	f	22	1	70	circle	green	(533, 540)	high	no	no_dis	N	dif	hori	left	True	341860	342652	left	1	2	6
13	lxq	f	22	1	70	circle	green	(533, 540)	high	no	no_dis	N	dif	vert	up	True	343727	344420	up	1	2	7
13	lxq	f	22	1	70	circle	green	(533, 540)	high	dis	(645, 428)	N	same	vert	up	True	345527	346812	up	1	2	8
13	lxq	f	22	1	70	circle	red	(533, 540)	high	dis	(645, 428)	N	same	hori	left	True	348010	349029	left	1	2	9
13	lxq	f	22	1	70	diamond	green	(533, 540)	high	no	no_dis	N	same	hori	left	True	350039	350924	left	1	2	10
13	lxq	f	22	1	70	circle	green	(533, 540)	high	dis	(565, 460)	N	dif	hori	left	True	352164	352972	left	1	2	11
13	lxq	f	22	1	70	diamond	green	(533, 540)	high	dis	(565, 460)	N	same	hori	left	True	354121	355101	left	1	2	12
13	lxq	f	22	1	70	circle	red	(645, 428)	low	no	no_dis	N	dif	vert	up	True	356119	356828	up	1	2	13
13	lxq	f	22	1	70	circle	red	(645, 428)	low	no	no_dis	N	same	vert	up	True	358044	358692	up	1	2	14
13	lxq	f	22	1	70	diamond	green	(533, 540)	high	no	no_dis	N	same	vert	up	True	359822	360844	left	0	2	15
13	lxq	f	22	1	70	diamond	red	(565, 619)	low	no	no_dis	N	dif	hori	left	True	363422	364764	left	1	2	16
13	lxq	f	22	1	70	circle	red	(533, 540)	high	no	no_dis	N	same	hori	left	True	365973	367228	left	1	2	17
13	lxq	f	22	1	70	circle	green	(757, 540)	low	dis	(565, 460)	N	dif	vert	up	True	368443	369212	up	1	2	18
13	lxq	f	22	1	70	diamond	red	(565, 460)	low	no	no_dis	N	dif	hori	left	True	370357	371804	left	1	2	19
13	lxq	f	22	1	70	diamond	red	(533, 540)	high	dis	(565, 619)	N	same	vert	up	True	372829	373900	up	1	2	20
13	lxq	f	22	1	70	diamond	red	(724, 619)	low	dis	(533, 540)	Y	dif	hori	left	True	375023	376179	left	1	2	21
13	lxq	f	22	1	70	diamond	green	(533, 540)	high	dis	(645, 652)	N	dif	vert	up	True	377250	378284	up	1	2	22
13	lxq	f	22	1	70	diamond	red	(533, 540)	high	dis	(565, 619)	N	dif	hori	left	True	379297	380300	left	1	2	23
13	lxq	f	22	1	70	diamond	green	(533, 540)	high	no	no_dis	N	same	hori	left	True	381309	382092	left	1	2	24
13	lxq	f	22	1	70	diamond	green	(724, 460)	low	no	no_dis	N	dif	vert	up	True	383165	383948	up	1	2	25
13	lxq	f	22	1	70	diamond	red	(533, 540)	high	dis	(565, 619)	N	same	vert	up	True	385080	385860	up	1	2	26
13	lxq	f	22	1	70	circle	red	(533, 540)	high	dis	(724, 619)	N	same	vert	up	True	386936	388420	up	1	2	27
13	lxq	f	22	1	70	diamond	green	(645, 652)	low	no	no_dis	N	same	vert	up	True	389510	390508	up	1	2	28
13	lxq	f	22	1	70	diamond	red	(533, 540)	high	dis	(724, 619)	N	same	hori	left	True	391603	392380	up	0	2	29
13	lxq	f	22	1	70	circle	red	(533, 540)	high	dis	(724, 460)	N	dif	vert	up	True	395140	396484	up	1	2	30
13	lxq	f	22	1	70	diamond	red	(533, 540)	high	dis	(565, 619)	N	dif	hori	left	True	397535	398540	left	1	2	31
13	lxq	f	22	1	70	circle	green	(757, 540)	low	no	no_dis	N	same	hori	left	True	399653	400540	left	1	2	32
13	lxq	f	22	1	70	circle	red	(757, 540)	low	no	no_dis	N	same	hori	left	True	401610	402796	left	1	2	33
13	lxq	f	22	1	70	diamond	green	(533, 540)	high	dis	(724, 619)	N	same	vert	up	True	403804	404700	up	1	2	34
13	lxq	f	22	1	70	circle	red	(533, 540)	high	dis	(724, 460)	N	same	hori	left	True	405753	406933	left	1	2	35
13	lxq	f	22	1	70	circle	red	(533, 540)	high	dis	(724, 460)	N	dif	vert	up	True	408035	408892	up	1	2	36
13	lxq	f	22	1	70	circle	red	(533, 540)	high	dis	(565, 619)	N	dif	hori	left	True	410099	410844	left	1	2	37
13	lxq	f	22	1	70	diamond	red	(533, 540)	high	dis	(645, 652)	N	dif	hori	left	True	411935	413012	left	1	2	38
13	lxq	f	22	1	70	circle	green	(533, 540)	high	no	no_dis	N	dif	hori	left	True	414101	415460	left	1	2	39
13	lxq	f	22	1	70	circle	green	(645, 428)	low	dis	(724, 619)	N	same	vert	up	True	416551	417292	up	1	2	40
13	lxq	f	22	1	70	diamond	green	(533, 540)	high	dis	(565, 619)	N	same	vert	up	True	418483	419852	up	1	2	41
13	lxq	f	22	1	70	diamond	green	(645, 652)	low	dis	(645, 428)	N	dif	hori	left	True	420972	421964	left	1	2	42
13	lxq	f	22	1	70	diamond	green	(533, 540)	high	dis	(565, 460)	N	same	hori	left	True	423140	424084	left	1	2	43
13	lxq	f	22	1	70	diamond	red	(533, 540)	high	no	no_dis	N	same	hori	left	True	425312	426036	left	1	2	44
13	lxq	f	22	1	70	diamond	green	(533, 540)	high	dis	(724, 460)	N	dif	vert	up	True	427279	428100	up	1	2	45
13	lxq	f	22	1	70	circle	green	(533, 540)	high	dis	(645, 652)	N	dif	hori	left	True	429113	430364	left	1	2	46
13	lxq	f	22	1	70	diamond	red	(533, 540)	high	no	no_dis	N	dif	vert	up	True	431462	432356	up	1	2	47
13	lxq	f	22	1	70	diamond	green	(533, 540)	high	no	no_dis	N	dif	hori	left	True	433478	434156	left	1	2	48
13	lxq	f	22	1	70	circle	green	(533, 540)	high	dis	(645, 428)	N	dif	hori	left	True	435299	436428	left	1	2	49
13	lxq	f	22	1	70	diamond	red	(533, 540)	high	dis	(645, 652)	N	dif	vert	up	True	437530	438508	up	1	2	50
13	lxq	f	22	1	70	diamond	red	(565, 619)	low	dis	(533, 540)	Y	dif	hori	left	True	439703	440804	left	1	2	51
13	lxq	f	22	1	70	circle	green	(533, 540)	high	dis	(724, 619)	N	same	hori	left	True	442017	443252	left	1	2	52
13	lxq	f	22	1	70	diamond	green	(533, 540)	high	dis	(724, 619)	N	same	hori	left	True	444392	445492	left	1	2	53
13	lxq	f	22	1	70	circle	red	(533, 540)	high	dis	(757, 540)	N	same	vert	up	True	446694	447836	up	1	2	54
13	lxq	f	22	1	70	circle	red	(533, 540)	high	no	no_dis	N	same	vert	up	True	448966	449796	up	1	2	55
13	lxq	f	22	1	70	diamond	red	(533, 540)	high	dis	(724, 619)	N	dif	vert	up	True	450819	451644	up	1	2	56
13	lxq	f	22	1	70	circle	green	(533, 540)	high	dis	(757, 540)	N	dif	vert	up	True	452703	453508	up	1	2	57
13	lxq	f	22	1	70	circle	green	(565, 460)	low	dis	(565, 619)	N	same	vert	up	True	454753	455756	up	1	2	58
13	lxq	f	22	1	70	diamond	green	(533, 540)	high	dis	(645, 428)	N	dif	hori	left	True	456919	457788	left	1	2	59
13	lxq	f	22	1	70	diamond	red	(533, 540)	high	no	no_dis	N	dif	vert	up	True	458803	460012	up	1	2	60
13	lxq	f	22	1	70	circle	green	(533, 540)	high	dis	(724, 460)	N	dif	hori	left	True	461231	462300	left	1	2	61
13	lxq	f	22	1	70	diamond	green	(565, 460)	low	no	no_dis	N	dif	vert	up	True	463498	464916	up	1	2	62
13	lxq	f	22	1	70	diamond	green	(645, 428)	low	dis	(757, 540)	N	same	hori	left	True	466069	467500	left	1	2	63
13	lxq	f	22	1	70	diamond	red	(533, 540)	high	dis	(724, 460)	N	dif	vert	up	True	468690	469579	up	1	2	64
13	lxq	f	22	1	70	circle	green	(533, 540)	high	no	no_dis	N	dif	vert	up	True	470715	471835	up	1	2	65
13	lxq	f	22	1	70	circle	red	(724, 619)	low	dis	(565, 460)	N	dif	hori	left	True	473024	474548	left	1	2	66
13	lxq	f	22	1	70	circle	red	(724, 460)	low	dis	(645, 652)	N	dif	vert	up	True	475573	477620	up	1	2	67
13	lxq	f	22	1	70	circle	red	(533, 540)	high	dis	(645, 652)	N	same	vert	up	True	478692	479676	up	1	2	68
13	lxq	f	22	1	70	diamond	green	(533, 540)	high	dis	(724, 619)	N	same	vert	up	True	480799	481956	up	1	2	69
13	lxq	f	22	1	70	circle	red	(645, 652)	low	dis	(533, 540)	Y	dif	vert	up	True	483086	484547	up	1	2	70
13	lxq	f	22	1	70	diamond	green	(565, 619)	low	dis	(533, 540)	Y	same	vert	up	True	485747	487468	up	1	2	71
13	lxq	f	22	1	70	diamond	green	(533, 540)	high	dis	(757, 540)	N	dif	vert	up	True	488546	490028	up	1	2	72
13	lxq	f	22	1	70	circle	red	(533, 540)	high	no	no_dis	N	dif	hori	left	True	491256	492428	left	1	2	73
13	lxq	f	22	1	70	diamond	red	(533, 540)	high	dis	(724, 619)	N	dif	vert	up	True	493538	494357	up	1	2	74
13	lxq	f	22	1	70	diamond	red	(533, 540)	high	no	no_dis	N	dif	vert	up	True	495603	496596	up	1	2	75
13	lxq	f	22	1	70	circle	red	(533, 540)	high	no	no_dis	N	same	vert	up	True	497604	498508	up	1	2	76
13	lxq	f	22	1	70	circle	green	(533, 540)	high	dis	(724, 460)	N	same	hori	left	True	499606	500716	left	1	2	77
13	lxq	f	22	1	70	diamond	green	(533, 540)	high	dis	(757, 540)	N	dif	hori	left	True	501856	503172	left	1	2	78
13	lxq	f	22	1	70	diamond	red	(645, 428)	low	dis	(533, 540)	Y	dif	hori	left	True	504238	505276	left	1	2	79
13	lxq	f	22	1	70	diamond	red	(533, 540)	high	dis	(757, 540)	N	dif	vert	up	True	506513	507660	up	1	2	80
13	lxq	f	22	1	70	circle	red	(645, 428)	low	dis	(724, 460)	N	same	hori	left	True	508780	510412	left	1	2	81
13	lxq	f	22	1	70	diamond	green	(757, 540)	low	dis	(533, 540)	Y	dif	hori	left	True	511439	512268	left	1	2	82
13	lxq	f	22	1	70	circle	green	(565, 619)	low	no	no_dis	N	same	hori	left	True	513466	514340	left	1	2	83
13	lxq	f	22	1	70	circle	green	(724, 619)	low	no	no_dis	N	dif	hori	left	True	515461	516180	left	1	2	84
13	lxq	f	22	1	70	circle	red	(533, 540)	high	dis	(565, 460)	N	same	hori	left	True	517305	518212	left	1	2	85
13	lxq	f	22	1	70	diamond	red	(533, 540)	high	no	no_dis	N	same	vert	up	True	519301	520332	up	1	2	86
13	lxq	f	22	1	70	circle	green	(724, 619)	low	dis	(645, 428)	N	dif	vert	up	True	521383	522188	up	1	2	87
13	lxq	f	22	1	70	circle	green	(533, 540)	high	no	no_dis	N	dif	vert	up	True	523284	524116	up	1	2	88
13	lxq	f	22	1	70	diamond	green	(533, 540)	high	dis	(565, 460)	N	dif	vert	up	True	525205	526300	up	1	2	89
13	lxq	f	22	1	70	diamond	red	(533, 540)	high	dis	(757, 540)	N	same	vert	up	True	527477	528180	up	1	2	90
13	lxq	f	22	1	70	circle	green	(533, 540)	high	dis	(565, 619)	N	same	hori	left	True	529288	530635	left	1	2	91
13	lxq	f	22	1	70	circle	green	(724, 460)	low	dis	(724, 619)	N	same	vert	up	True	531778	532796	up	1	2	92
13	lxq	f	22	1	70	circle	green	(533, 540)	high	dis	(565, 619)	N	dif	vert	up	True	533830	535868	up	1	2	93
13	lxq	f	22	1	70	diamond	green	(533, 540)	high	dis	(565, 460)	N	same	vert	up	True	537097	538684	up	1	2	94
13	lxq	f	22	1	70	diamond	red	(533, 540)	high	dis	(645, 652)	N	dif	vert	up	True	539912	540787	up	1	2	95
13	lxq	f	22	1	70	circle	green	(533, 540)	high	dis	(645, 428)	N	same	vert	up	True	541881	543140	up	1	2	96
13	lxq	f	22	1	70	circle	green	(533, 540)	high	no	no_dis	N	same	vert	up	True	544347	545139	up	1	2	97
13	lxq	f	22	1	70	diamond	green	(533, 540)	high	dis	(645, 652)	N	same	hori	left	True	546252	547204	left	1	2	98
13	lxq	f	22	1	70	circle	red	(565, 619)	low	dis	(533, 540)	Y	same	hori	left	True	548357	549372	left	1	2	99
13	lxq	f	22	1	70	circle	green	(533, 540)	high	dis	(645, 428)	N	dif	hori	left	True	550555	551588	left	1	2	100
13	lxq	f	22	1	70	diamond	red	(533, 540)	high	no	no_dis	N	dif	hori	left	True	552626	553572	left	1	2	101
13	lxq	f	22	1	70	diamond	red	(533, 540)	high	no	no_dis	N	dif	vert	up	True	554631	555644	up	1	2	102
13	lxq	f	22	1	70	diamond	green	(533, 540)	high	no	no_dis	N	same	vert	up	True	556721	557452	up	1	2	103
13	lxq	f	22	1	70	circle	red	(533, 540)	high	no	no_dis	N	same	hori	left	True	558647	559860	left	1	2	104
13	lxq	f	22	1	70	circle	green	(533, 540)	high	no	no_dis	N	same	hori	left	True	560970	561764	left	1	2	105
13	lxq	f	22	1	70	diamond	green	(565, 460)	low	dis	(724, 460)	N	dif	vert	up	True	563004	563932	up	1	2	106
13	lxq	f	22	1	70	circle	red	(533, 540)	high	dis	(757, 540)	N	dif	hori	left	True	565049	565924	left	1	2	107
13	lxq	f	22	1	70	circle	green	(645, 652)	low	dis	(757, 540)	N	same	vert	up	True	567017	568068	up	1	2	108
13	lxq	f	22	1	70	diamond	green	(533, 540)	high	no	no_dis	N	dif	hori	left	True	569263	569884	left	1	2	109
13	lxq	f	22	1	70	circle	green	(533, 540)	high	dis	(645, 652)	N	same	vert	up	True	570936	571892	up	1	2	110
13	lxq	f	22	1	70	circle	red	(533, 540)	high	dis	(724, 460)	N	same	hori	left	True	573102	574060	left	1	2	111
13	lxq	f	22	1	70	diamond	red	(724, 460)	low	no	no_dis	N	same	vert	up	True	575301	576340	up	1	2	112
13	lxq	f	22	1	70	circle	red	(533, 540)	high	dis	(565, 460)	N	dif	hori	left	True	577501	578523	left	1	2	113
13	lxq	f	22	1	70	circle	red	(757, 540)	low	dis	(565, 619)	N	same	hori	left	True	579577	580508	left	1	2	114
13	lxq	f	22	1	70	diamond	green	(724, 460)	low	dis	(533, 540)	Y	same	hori	left	True	581597	582772	left	1	2	115
13	lxq	f	22	1	70	circle	red	(533, 540)	high	dis	(645, 428)	N	same	hori	left	True	583872	585012	left	1	2	116
13	lxq	f	22	1	70	circle	red	(533, 540)	high	no	no_dis	N	same	hori	left	True	586052	586996	left	1	2	117
13	lxq	f	22	1	70	circle	red	(533, 540)	high	no	no_dis	N	same	vert	up	True	588070	589684	up	1	2	118
13	lxq	f	22	1	70	diamond	red	(533, 540)	high	dis	(757, 540)	N	same	vert	up	True	590755	591860	up	1	2	119
13	lxq	f	22	1	70	diamond	red	(757, 540)	low	dis	(645, 652)	N	same	vert	up	True	593015	594147	up	1	2	120
13	lxq	f	22	1	70	circle	red	(724, 619)	low	dis	(565, 619)	N	dif	vert	up	True	627906	629051	up	1	3	1
13	lxq	f	22	1	70	circle	green	(533, 540)	high	dis	(565, 619)	N	dif	hori	left	True	630190	631205	left	1	3	2
13	lxq	f	22	1	70	circle	red	(645, 428)	low	dis	(533, 540)	Y	dif	vert	up	True	632225	633005	up	1	3	3
13	lxq	f	22	1	70	circle	green	(533, 540)	high	dis	(724, 460)	N	dif	hori	left	True	634090	634996	left	1	3	4
13	lxq	f	22	1	70	circle	red	(533, 540)	high	dis	(757, 540)	N	dif	vert	up	True	636037	636884	up	1	3	5
13	lxq	f	22	1	70	circle	green	(724, 460)	low	dis	(533, 540)	Y	dif	vert	up	True	638019	638748	up	1	3	6
13	lxq	f	22	1	70	diamond	red	(533, 540)	high	dis	(645, 652)	N	same	vert	up	True	639956	640796	up	1	3	7
13	lxq	f	22	1	70	circle	green	(533, 540)	high	no	no_dis	N	same	hori	left	True	641801	642612	left	1	3	8
13	lxq	f	22	1	70	circle	red	(533, 540)	high	dis	(565, 460)	N	same	vert	up	True	643733	644524	up	1	3	9
13	lxq	f	22	1	70	circle	green	(533, 540)	high	no	no_dis	N	same	hori	left	True	645595	646276	left	1	3	10
13	lxq	f	22	1	70	diamond	red	(565, 619)	low	dis	(533, 540)	Y	dif	hori	left	True	647451	648692	left	1	3	11
13	lxq	f	22	1	70	diamond	red	(724, 619)	low	dis	(565, 619)	N	dif	vert	up	True	649940	650692	up	1	3	12
13	lxq	f	22	1	70	circle	green	(533, 540)	high	dis	(645, 428)	N	same	hori	left	True	651744	652644	left	1	3	13
13	lxq	f	22	1	70	diamond	red	(533, 540)	high	dis	(565, 460)	N	same	hori	left	True	653714	654612	left	1	3	14
13	lxq	f	22	1	70	circle	red	(533, 540)	high	dis	(724, 619)	N	dif	vert	up	True	655622	656556	up	1	3	15
13	lxq	f	22	1	70	diamond	green	(533, 540)	high	dis	(724, 619)	N	same	hori	left	True	657626	658236	left	1	3	16
13	lxq	f	22	1	70	circle	red	(645, 652)	low	dis	(724, 460)	N	same	hori	left	True	659339	660268	left	1	3	17
13	lxq	f	22	1	70	circle	red	(724, 460)	low	dis	(533, 540)	Y	dif	hori	left	True	661516	662307	left	1	3	18
13	lxq	f	22	1	70	diamond	red	(533, 540)	high	dis	(565, 460)	N	same	hori	left	True	663332	664156	left	1	3	19
13	lxq	f	22	1	70	circle	red	(533, 540)	high	dis	(724, 460)	N	same	vert	up	True	665248	666276	up	1	3	20
13	lxq	f	22	1	70	circle	red	(533, 540)	high	dis	(645, 428)	N	same	vert	up	True	667418	668388	up	1	3	21
13	lxq	f	22	1	70	diamond	red	(724, 619)	low	no	no_dis	N	dif	hori	left	True	669448	670364	left	1	3	22
13	lxq	f	22	1	70	diamond	green	(533, 540)	high	dis	(565, 619)	N	dif	hori	left	True	671455	672788	left	1	3	23
13	lxq	f	22	1	70	circle	green	(565, 460)	low	dis	(533, 540)	Y	same	vert	up	True	673791	674916	up	1	3	24
13	lxq	f	22	1	70	diamond	green	(533, 540)	high	dis	(565, 619)	N	same	hori	left	True	676128	676924	left	1	3	25
13	lxq	f	22	1	70	circle	green	(533, 540)	high	dis	(565, 460)	N	dif	hori	left	True	678080	678963	left	1	3	26
13	lxq	f	22	1	70	diamond	red	(757, 540)	low	dis	(533, 540)	Y	same	hori	left	True	680042	680763	left	1	3	27
13	lxq	f	22	1	70	circle	green	(565, 460)	low	no	no_dis	N	same	hori	left	True	681863	683316	left	1	3	28
13	lxq	f	22	1	70	diamond	red	(533, 540)	high	dis	(757, 540)	N	same	hori	left	True	684545	685412	left	1	3	29
13	lxq	f	22	1	70	diamond	green	(724, 460)	low	dis	(645, 652)	N	same	vert	up	True	686487	687420	up	1	3	30
13	lxq	f	22	1	70	diamond	green	(757, 540)	low	dis	(533, 540)	Y	same	hori	left	True	688436	689276	left	1	3	31
13	lxq	f	22	1	70	circle	green	(533, 540)	high	no	no_dis	N	same	vert	up	True	690386	691715	up	1	3	32
13	lxq	f	22	1	70	diamond	green	(533, 540)	high	dis	(645, 652)	N	same	hori	left	True	692966	693764	left	1	3	33
13	lxq	f	22	1	70	diamond	red	(533, 540)	high	dis	(645, 428)	N	dif	hori	left	True	694953	695723	left	1	3	34
13	lxq	f	22	1	70	diamond	green	(533, 540)	high	dis	(565, 619)	N	dif	vert	up	True	696848	697868	up	1	3	35
13	lxq	f	22	1	70	circle	red	(724, 460)	low	no	no_dis	N	dif	vert	up	True	698926	699684	up	1	3	36
13	lxq	f	22	1	70	diamond	red	(645, 428)	low	no	no_dis	N	dif	hori	left	True	700775	701395	left	1	3	37
13	lxq	f	22	1	70	circle	red	(533, 540)	high	no	no_dis	N	dif	hori	left	True	702474	703204	left	1	3	38
13	lxq	f	22	1	70	circle	green	(533, 540)	high	dis	(645, 428)	N	same	hori	left	True	704317	705299	left	1	3	39
13	lxq	f	22	1	70	diamond	green	(533, 540)	high	no	no_dis	N	dif	vert	up	True	706335	707179	up	1	3	40
13	lxq	f	22	1	70	circle	green	(533, 540)	high	dis	(724, 619)	N	dif	vert	up	True	708429	709100	up	1	3	41
13	lxq	f	22	1	70	diamond	green	(533, 540)	high	no	no_dis	N	same	vert	up	True	710224	710972	up	1	3	42
13	lxq	f	22	1	70	circle	red	(533, 540)	high	dis	(565, 460)	N	dif	vert	up	True	712165	713292	up	1	3	43
13	lxq	f	22	1	70	diamond	red	(533, 540)	high	dis	(724, 460)	N	dif	vert	up	True	714482	715404	up	1	3	44
13	lxq	f	22	1	70	diamond	green	(533, 540)	high	dis	(724, 619)	N	dif	vert	up	True	716426	717476	up	1	3	45
13	lxq	f	22	1	70	circle	red	(533, 540)	high	no	no_dis	N	same	hori	left	True	718706	719452	left	1	3	46
13	lxq	f	22	1	70	diamond	red	(533, 540)	high	no	no_dis	N	same	vert	up	True	720507	721836	up	1	3	47
13	lxq	f	22	1	70	circle	red	(533, 540)	high	no	no_dis	N	same	vert	up	True	722904	723995	up	1	3	48
13	lxq	f	22	1	70	diamond	green	(645, 652)	low	no	no_dis	N	same	hori	left	True	725188	726244	left	1	3	49
13	lxq	f	22	1	70	diamond	green	(533, 540)	high	dis	(565, 460)	N	dif	vert	up	True	727408	728083	up	1	3	50
13	lxq	f	22	1	70	diamond	green	(533, 540)	high	no	no_dis	N	same	vert	up	True	729175	729819	up	1	3	51
13	lxq	f	22	1	70	circle	green	(645, 428)	low	dis	(724, 460)	N	same	hori	left	True	730851	732172	left	1	3	52
13	lxq	f	22	1	70	circle	red	(724, 619)	low	no	no_dis	N	dif	vert	up	True	733270	734100	up	1	3	53
13	lxq	f	22	1	70	diamond	green	(533, 540)	high	dis	(757, 540)	N	dif	hori	left	True	735338	736188	left	1	3	54
13	lxq	f	22	1	70	circle	red	(533, 540)	high	dis	(724, 619)	N	same	vert	up	True	737276	737932	up	1	3	55
13	lxq	f	22	1	70	circle	green	(565, 619)	low	no	no_dis	N	same	hori	left	True	739018	739996	left	1	3	56
13	lxq	f	22	1	70	diamond	red	(533, 540)	high	dis	(565, 619)	N	dif	hori	left	True	741043	742172	left	1	3	57
13	lxq	f	22	1	70	circle	green	(533, 540)	high	no	no_dis	N	same	vert	up	True	743221	743956	up	1	3	58
13	lxq	f	22	1	70	diamond	red	(533, 540)	high	no	no_dis	N	dif	hori	left	True	745029	745828	left	1	3	59
13	lxq	f	22	1	70	diamond	green	(533, 540)	high	dis	(757, 540)	N	dif	vert	up	True	746885	747612	up	1	3	60
13	lxq	f	22	1	70	diamond	green	(533, 540)	high	dis	(724, 619)	N	dif	hori	left	True	748848	749580	left	1	3	61
13	lxq	f	22	1	70	diamond	red	(533, 540)	high	dis	(565, 619)	N	dif	hori	left	True	750602	751331	left	1	3	62
13	lxq	f	22	1	70	diamond	green	(533, 540)	high	dis	(645, 652)	N	same	vert	up	True	752460	753124	up	1	3	63
13	lxq	f	22	1	70	circle	green	(724, 619)	low	dis	(565, 460)	N	dif	hori	left	True	754252	756012	left	1	3	64
13	lxq	f	22	1	70	circle	red	(533, 540)	high	no	no_dis	N	dif	hori	left	True	757155	757899	left	1	3	65
13	lxq	f	22	1	70	diamond	red	(645, 428)	low	dis	(533, 540)	Y	same	vert	up	True	759013	760012	up	1	3	66
13	lxq	f	22	1	70	diamond	green	(533, 540)	high	no	no_dis	N	dif	vert	up	True	761140	762268	up	1	3	67
13	lxq	f	22	1	70	circle	red	(533, 540)	high	dis	(724, 460)	N	dif	hori	left	True	763400	764196	left	1	3	68
13	lxq	f	22	1	70	circle	red	(533, 540)	high	dis	(645, 652)	N	dif	vert	up	True	765305	766060	up	1	3	69
13	lxq	f	22	1	70	circle	green	(533, 540)	high	dis	(565, 619)	N	same	vert	up	True	767095	768740	up	1	3	70
13	lxq	f	22	1	70	circle	red	(757, 540)	low	dis	(533, 540)	Y	same	vert	up	True	769906	770971	up	1	3	71
13	lxq	f	22	1	70	circle	green	(533, 540)	high	no	no_dis	N	dif	hori	left	True	772118	772996	left	1	3	72
13	lxq	f	22	1	70	diamond	red	(533, 540)	high	dis	(724, 619)	N	same	vert	up	True	774144	775244	up	1	3	73
13	lxq	f	22	1	70	circle	red	(645, 652)	low	no	no_dis	N	dif	vert	up	True	776295	777396	up	1	3	74
13	lxq	f	22	1	70	circle	green	(757, 540)	low	dis	(724, 619)	N	same	hori	left	True	778572	779580	left	1	3	75
13	lxq	f	22	1	70	circle	green	(533, 540)	high	dis	(724, 460)	N	same	vert	up	True	780724	781492	up	1	3	76
13	lxq	f	22	1	70	circle	red	(533, 540)	high	dis	(565, 460)	N	same	hori	left	True	782653	783380	left	1	3	77
13	lxq	f	22	1	70	diamond	red	(533, 540)	high	dis	(645, 652)	N	same	hori	left	True	784589	785539	left	1	3	78
13	lxq	f	22	1	70	diamond	green	(565, 460)	low	dis	(724, 619)	N	same	vert	up	True	786668	787372	left	0	3	79
13	lxq	f	22	1	70	diamond	red	(533, 540)	high	no	no_dis	N	same	hori	left	True	790013	791204	left	1	3	80
13	lxq	f	22	1	70	diamond	green	(565, 619)	low	no	no_dis	N	dif	hori	left	True	792207	793604	left	1	3	81
13	lxq	f	22	1	70	diamond	green	(565, 619)	low	dis	(565, 460)	N	same	hori	left	True	794738	796572	left	1	3	82
13	lxq	f	22	1	70	diamond	green	(645, 428)	low	dis	(645, 652)	N	dif	hori	left	True	797624	798492	left	1	3	83
13	lxq	f	22	1	70	circle	green	(533, 540)	high	dis	(757, 540)	N	dif	hori	left	True	799714	800563	left	1	3	84
13	lxq	f	22	1	70	diamond	red	(724, 460)	low	dis	(645, 428)	N	dif	hori	left	True	801621	803188	left	1	3	85
13	lxq	f	22	1	70	diamond	green	(533, 540)	high	no	no_dis	N	dif	vert	up	True	804421	805284	up	1	3	86
13	lxq	f	22	1	70	diamond	red	(533, 540)	high	no	no_dis	N	same	vert	up	True	806496	807315	up	1	3	87
13	lxq	f	22	1	70	diamond	green	(645, 652)	low	dis	(757, 540)	N	dif	vert	up	True	808541	809508	up	1	3	88
13	lxq	f	22	1	70	diamond	red	(533, 540)	high	no	no_dis	N	same	hori	left	True	810632	811420	left	1	3	89
13	lxq	f	22	1	70	circle	green	(533, 540)	high	dis	(645, 652)	N	dif	vert	up	True	812511	813756	up	1	3	90
13	lxq	f	22	1	70	diamond	red	(533, 540)	high	dis	(645, 428)	N	dif	hori	left	True	814820	816019	left	1	3	91
13	lxq	f	22	1	70	circle	red	(533, 540)	high	dis	(724, 460)	N	same	vert	up	True	817171	818052	up	1	3	92
13	lxq	f	22	1	70	circle	green	(533, 540)	high	dis	(757, 540)	N	dif	vert	up	True	819105	820019	up	1	3	93
13	lxq	f	22	1	70	diamond	green	(533, 540)	high	dis	(565, 619)	N	same	vert	up	True	821211	822644	up	1	3	94
13	lxq	f	22	1	70	diamond	red	(533, 540)	high	no	no_dis	N	same	hori	left	True	823751	824732	left	1	3	95
13	lxq	f	22	1	70	diamond	red	(533, 540)	high	no	no_dis	N	dif	vert	up	True	825739	826652	up	1	3	96
13	lxq	f	22	1	70	diamond	green	(533, 540)	high	dis	(645, 652)	N	dif	hori	left	True	827719	828860	left	1	3	97
13	lxq	f	22	1	70	diamond	green	(533, 540)	high	dis	(645, 652)	N	dif	hori	left	True	829913	831011	left	1	3	98
13	lxq	f	22	1	70	circle	red	(533, 540)	high	no	no_dis	N	dif	hori	left	True	832084	833171	left	1	3	99
13	lxq	f	22	1	70	circle	red	(533, 540)	high	dis	(565, 460)	N	same	vert	up	True	834327	835588	up	1	3	100
13	lxq	f	22	1	70	circle	green	(533, 540)	high	dis	(645, 428)	N	dif	vert	up	True	836685	837636	up	1	3	101
13	lxq	f	22	1	70	diamond	red	(565, 460)	low	dis	(645, 428)	N	dif	hori	left	True	838850	840115	left	1	3	102
13	lxq	f	22	1	70	circle	red	(533, 540)	high	no	no_dis	N	dif	hori	left	True	841219	842092	left	1	3	103
13	lxq	f	22	1	70	diamond	green	(533, 540)	high	no	no_dis	N	same	hori	left	True	843134	844204	left	1	3	104
13	lxq	f	22	1	70	circle	green	(565, 460)	low	no	no_dis	N	same	vert	up	True	845228	846571	up	1	3	105
13	lxq	f	22	1	70	circle	green	(645, 652)	low	dis	(533, 540)	Y	dif	vert	up	True	847642	848915	up	1	3	106
13	lxq	f	22	1	70	diamond	green	(533, 540)	high	no	no_dis	N	dif	vert	up	True	850074	851036	up	1	3	107
13	lxq	f	22	1	70	diamond	green	(645, 428)	low	no	no_dis	N	same	vert	up	True	852160	853092	up	1	3	108
13	lxq	f	22	1	70	circle	green	(533, 540)	high	no	no_dis	N	dif	vert	up	True	854137	855115	up	1	3	109
13	lxq	f	22	1	70	circle	red	(533, 540)	high	dis	(724, 619)	N	same	hori	left	True	856287	857115	left	1	3	110
13	lxq	f	22	1	70	circle	red	(533, 540)	high	dis	(645, 428)	N	same	hori	left	True	858255	859236	left	1	3	111
13	lxq	f	22	1	70	diamond	red	(533, 540)	high	dis	(724, 460)	N	same	vert	up	True	860410	861524	up	1	3	112
13	lxq	f	22	1	70	circle	red	(565, 619)	low	dis	(757, 540)	N	same	vert	up	True	862611	863628	up	1	3	113
13	lxq	f	22	1	70	circle	red	(533, 540)	high	no	no_dis	N	dif	vert	up	True	864872	865619	up	1	3	114
13	lxq	f	22	1	70	diamond	red	(757, 540)	low	no	no_dis	N	same	vert	up	True	866644	867404	up	1	3	115
13	lxq	f	22	1	70	circle	green	(533, 540)	high	dis	(724, 460)	N	same	vert	up	True	868458	869499	up	1	3	116
13	lxq	f	22	1	70	circle	green	(533, 540)	high	dis	(757, 540)	N	same	hori	left	True	870735	871548	left	1	3	117
13	lxq	f	22	1	70	circle	green	(533, 540)	high	no	no_dis	N	dif	hori	left	True	872679	873300	left	1	3	118
13	lxq	f	22	1	70	diamond	red	(533, 540)	high	dis	(645, 428)	N	dif	vert	up	True	874457	875324	up	1	3	119
13	lxq	f	22	1	70	diamond	red	(533, 540)	high	dis	(757, 540)	N	same	hori	left	True	876334	877155	left	1	3	120
13	lxq	f	22	1	70	diamond	red	(565, 619)	low	no	no_dis	N	dif	hori	left	True	910538	911979	left	1	4	1
13	lxq	f	22	1	70	diamond	green	(533, 540)	high	dis	(645, 428)	N	dif	hori	left	True	913171	914164	left	1	4	2
13	lxq	f	22	1	70	diamond	red	(533, 540)	high	no	no_dis	N	dif	hori	left	True	915404	916228	left	1	4	3
13	lxq	f	22	1	70	diamond	green	(533, 540)	high	dis	(645, 428)	N	dif	vert	up	True	917473	918443	up	1	4	4
13	lxq	f	22	1	70	diamond	green	(565, 460)	low	no	no_dis	N	dif	vert	up	True	919506	920419	up	1	4	5
13	lxq	f	22	1	70	circle	red	(757, 540)	low	dis	(533, 540)	Y	same	vert	up	True	921662	922420	up	1	4	6
13	lxq	f	22	1	70	diamond	red	(645, 428)	low	no	no_dis	N	same	hori	left	True	923474	924179	left	1	4	7
13	lxq	f	22	1	70	diamond	red	(645, 428)	low	dis	(565, 619)	N	same	hori	left	True	925229	925940	left	1	4	8
13	lxq	f	22	1	70	circle	red	(533, 540)	high	dis	(645, 652)	N	dif	vert	up	True	927101	928084	up	1	4	9
13	lxq	f	22	1	70	circle	red	(533, 540)	high	dis	(724, 460)	N	dif	hori	left	True	929192	929948	left	1	4	10
13	lxq	f	22	1	70	diamond	green	(533, 540)	high	no	no_dis	N	same	vert	up	True	931030	931844	up	1	4	11
13	lxq	f	22	1	70	circle	green	(533, 540)	high	dis	(724, 619)	N	same	vert	up	True	932912	933836	up	1	4	12
13	lxq	f	22	1	70	circle	red	(533, 540)	high	dis	(724, 619)	N	dif	hori	left	True	934995	935636	left	1	4	13
13	lxq	f	22	1	70	diamond	green	(533, 540)	high	no	no_dis	N	same	hori	left	True	936810	937516	left	1	4	14
13	lxq	f	22	1	70	circle	green	(757, 540)	low	dis	(533, 540)	Y	same	hori	left	True	938556	939339	left	1	4	15
13	lxq	f	22	1	70	circle	red	(724, 619)	low	no	no_dis	N	same	hori	left	True	940520	941283	left	1	4	16
13	lxq	f	22	1	70	diamond	red	(533, 540)	high	dis	(724, 460)	N	same	hori	left	True	942401	943212	up	0	4	17
13	lxq	f	22	1	70	circle	red	(533, 540)	high	dis	(565, 619)	N	dif	vert	up	True	945950	946980	up	1	4	18
13	lxq	f	22	1	70	diamond	green	(757, 540)	low	dis	(565, 460)	N	same	hori	left	True	948139	948868	left	1	4	19
13	lxq	f	22	1	70	circle	red	(533, 540)	high	dis	(724, 619)	N	same	vert	up	True	950117	950899	up	1	4	20
13	lxq	f	22	1	70	circle	red	(533, 540)	high	no	no_dis	N	dif	hori	left	True	952052	952788	left	1	4	21
13	lxq	f	22	1	70	circle	red	(533, 540)	high	no	no_dis	N	dif	vert	up	True	953837	954692	up	1	4	22
13	lxq	f	22	1	70	circle	red	(645, 652)	low	dis	(533, 540)	Y	dif	hori	left	True	955841	956580	left	1	4	23
13	lxq	f	22	1	70	diamond	red	(533, 540)	high	no	no_dis	N	dif	vert	up	True	957682	958372	up	1	4	24
13	lxq	f	22	1	70	diamond	red	(724, 460)	low	dis	(645, 652)	N	dif	hori	left	True	959571	960356	left	1	4	25
13	lxq	f	22	1	70	circle	red	(533, 540)	high	dis	(724, 619)	N	dif	hori	left	True	961515	962164	left	1	4	26
13	lxq	f	22	1	70	diamond	red	(533, 540)	high	dis	(645, 428)	N	dif	vert	up	True	963179	963988	up	1	4	27
13	lxq	f	22	1	70	diamond	red	(565, 460)	low	dis	(645, 428)	N	dif	vert	up	True	965014	966115	up	1	4	28
13	lxq	f	22	1	70	circle	red	(724, 619)	low	dis	(533, 540)	Y	same	vert	up	True	967198	968028	up	1	4	29
13	lxq	f	22	1	70	diamond	red	(724, 619)	low	dis	(533, 540)	Y	dif	vert	up	True	969155	970083	up	1	4	30
13	lxq	f	22	1	70	circle	green	(533, 540)	high	dis	(724, 460)	N	dif	hori	left	True	971170	972027	left	1	4	31
13	lxq	f	22	1	70	circle	green	(533, 540)	high	dis	(724, 460)	N	same	vert	up	True	973095	973844	up	1	4	32
13	lxq	f	22	1	70	diamond	green	(565, 460)	low	dis	(645, 428)	N	same	hori	left	True	974889	975716	left	1	4	33
13	lxq	f	22	1	70	diamond	green	(533, 540)	high	dis	(724, 619)	N	dif	vert	up	True	976923	978332	up	1	4	34
13	lxq	f	22	1	70	diamond	red	(533, 540)	high	dis	(645, 428)	N	dif	vert	up	True	979394	980572	up	1	4	35
13	lxq	f	22	1	70	diamond	green	(533, 540)	high	dis	(645, 428)	N	same	vert	up	True	981775	982676	up	1	4	36
13	lxq	f	22	1	70	diamond	red	(533, 540)	high	no	no_dis	N	same	vert	up	True	983799	984507	up	1	4	37
13	lxq	f	22	1	70	circle	green	(533, 540)	high	no	no_dis	N	dif	vert	up	True	985563	986780	up	1	4	38
13	lxq	f	22	1	70	circle	red	(533, 540)	high	dis	(645, 428)	N	dif	hori	left	True	988015	989075	left	1	4	39
13	lxq	f	22	1	70	circle	green	(533, 540)	high	no	no_dis	N	dif	hori	left	True	990170	991187	left	1	4	40
13	lxq	f	22	1	70	diamond	green	(533, 540)	high	dis	(565, 619)	N	same	hori	left	True	992364	993635	left	1	4	41
13	lxq	f	22	1	70	diamond	red	(533, 540)	high	no	no_dis	N	dif	vert	up	True	994882	995596	up	1	4	42
13	lxq	f	22	1	70	diamond	green	(533, 540)	high	no	no_dis	N	dif	hori	left	True	996757	997412	left	1	4	43
13	lxq	f	22	1	70	circle	green	(724, 460)	low	no	no_dis	N	same	vert	up	True	998472	999659	up	1	4	44
13	lxq	f	22	1	70	circle	red	(645, 428)	low	no	no_dis	N	same	vert	up	True	1000810	1001684	up	1	4	45
13	lxq	f	22	1	70	diamond	green	(565, 619)	low	dis	(533, 540)	Y	same	vert	up	True	1002762	1004244	up	1	4	46
13	lxq	f	22	1	70	diamond	red	(533, 540)	high	no	no_dis	N	dif	hori	left	True	1005266	1006155	left	1	4	47
13	lxq	f	22	1	70	circle	green	(533, 540)	high	dis	(565, 619)	N	same	hori	left	True	1007316	1008276	left	1	4	48
13	lxq	f	22	1	70	diamond	green	(533, 540)	high	dis	(645, 428)	N	dif	hori	left	True	1009332	1010492	left	1	4	49
13	lxq	f	22	1	70	diamond	red	(533, 540)	high	no	no_dis	N	dif	vert	up	True	1011612	1012403	up	1	4	50
13	lxq	f	22	1	70	circle	green	(533, 540)	high	dis	(565, 460)	N	same	vert	up	True	1013624	1015436	up	1	4	51
13	lxq	f	22	1	70	diamond	red	(724, 460)	low	no	no_dis	N	same	hori	left	True	1016532	1017315	left	1	4	52
13	lxq	f	22	1	70	circle	red	(533, 540)	high	dis	(757, 540)	N	same	hori	left	True	1018382	1019612	left	1	4	53
13	lxq	f	22	1	70	circle	green	(533, 540)	high	dis	(724, 460)	N	same	hori	left	True	1020836	1021716	left	1	4	54
13	lxq	f	22	1	70	diamond	red	(533, 540)	high	dis	(565, 619)	N	same	vert	up	True	1022909	1024284	up	1	4	55
13	lxq	f	22	1	70	circle	green	(724, 619)	low	dis	(565, 460)	N	dif	hori	left	True	1025503	1026972	left	1	4	56
13	lxq	f	22	1	70	circle	green	(645, 652)	low	dis	(724, 460)	N	same	hori	left	True	1028158	1029107	left	1	4	57
13	lxq	f	22	1	70	circle	green	(533, 540)	high	dis	(565, 619)	N	dif	hori	left	True	1030136	1031179	left	1	4	58
13	lxq	f	22	1	70	circle	green	(533, 540)	high	no	no_dis	N	dif	vert	up	True	1032322	1033676	up	1	4	59
13	lxq	f	22	1	70	circle	red	(757, 540)	low	no	no_dis	N	dif	hori	left	True	1034776	1035459	left	1	4	60
13	lxq	f	22	1	70	diamond	green	(533, 540)	high	dis	(645, 428)	N	dif	vert	up	True	1036623	1037763	up	1	4	61
13	lxq	f	22	1	70	diamond	green	(533, 540)	high	no	no_dis	N	dif	hori	left	True	1038871	1039579	left	1	4	62
13	lxq	f	22	1	70	circle	red	(565, 619)	low	dis	(533, 540)	Y	same	vert	up	True	1040670	1041819	up	1	4	63
13	lxq	f	22	1	70	diamond	green	(533, 540)	high	dis	(645, 652)	N	same	hori	left	True	1042926	1043923	left	1	4	64
13	lxq	f	22	1	70	circle	red	(533, 540)	high	no	no_dis	N	same	vert	up	True	1044968	1045852	up	1	4	65
13	lxq	f	22	1	70	diamond	green	(533, 540)	high	no	no_dis	N	same	hori	left	True	1047002	1047851	left	1	4	66
13	lxq	f	22	1	70	diamond	green	(533, 540)	high	dis	(565, 619)	N	dif	vert	up	True	1049045	1049811	up	1	4	67
13	lxq	f	22	1	70	circle	green	(533, 540)	high	dis	(645, 652)	N	dif	hori	left	True	1050906	1051524	left	1	4	68
13	lxq	f	22	1	70	circle	red	(645, 428)	low	dis	(757, 540)	N	dif	vert	up	True	1052712	1053644	up	1	4	69
13	lxq	f	22	1	70	circle	green	(533, 540)	high	dis	(724, 619)	N	dif	hori	left	True	1054891	1055475	left	1	4	70
13	lxq	f	22	1	70	diamond	red	(533, 540)	high	dis	(565, 460)	N	same	vert	up	True	1056482	1057547	up	1	4	71
13	lxq	f	22	1	70	circle	red	(533, 540)	high	dis	(645, 652)	N	dif	hori	left	True	1058711	1059276	left	1	4	72
13	lxq	f	22	1	70	circle	red	(533, 540)	high	dis	(757, 540)	N	same	vert	up	True	1060390	1061116	up	1	4	73
13	lxq	f	22	1	70	diamond	green	(565, 460)	low	no	no_dis	N	dif	vert	up	True	1062359	1063339	up	1	4	74
13	lxq	f	22	1	70	circle	red	(533, 540)	high	no	no_dis	N	dif	hori	left	True	1064448	1065339	left	1	4	75
13	lxq	f	22	1	70	diamond	green	(533, 540)	high	no	no_dis	N	same	hori	left	True	1066417	1067259	left	1	4	76
13	lxq	f	22	1	70	diamond	red	(533, 540)	high	no	no_dis	N	same	vert	up	True	1068481	1069235	up	1	4	77
13	lxq	f	22	1	70	circle	red	(533, 540)	high	no	no_dis	N	dif	vert	up	True	1070384	1071107	up	1	4	78
13	lxq	f	22	1	70	diamond	red	(533, 540)	high	dis	(645, 652)	N	same	hori	left	True	1072276	1072980	left	1	4	79
13	lxq	f	22	1	70	diamond	green	(533, 540)	high	dis	(565, 460)	N	same	hori	left	True	1074138	1074820	left	1	4	80
13	lxq	f	22	1	70	circle	red	(533, 540)	high	dis	(645, 652)	N	same	vert	up	True	1075840	1076771	up	1	4	81
13	lxq	f	22	1	70	circle	green	(533, 540)	high	dis	(565, 460)	N	dif	hori	left	True	1077945	1078716	left	1	4	82
13	lxq	f	22	1	70	diamond	red	(533, 540)	high	dis	(645, 652)	N	dif	hori	left	True	1079868	1080492	left	1	4	83
13	lxq	f	22	1	70	diamond	red	(533, 540)	high	dis	(565, 460)	N	same	hori	left	True	1081543	1082116	left	1	4	84
13	lxq	f	22	1	70	diamond	red	(533, 540)	high	dis	(565, 619)	N	dif	vert	up	True	1083339	1084004	up	1	4	85
13	lxq	f	22	1	70	diamond	red	(533, 540)	high	dis	(565, 619)	N	dif	vert	up	True	1085184	1085764	up	1	4	86
13	lxq	f	22	1	70	circle	green	(533, 540)	high	no	no_dis	N	same	vert	up	True	1086874	1087644	up	1	4	87
13	lxq	f	22	1	70	diamond	green	(757, 540)	low	no	no_dis	N	dif	vert	up	True	1088701	1089660	up	1	4	88
13	lxq	f	22	1	70	diamond	green	(533, 540)	high	no	no_dis	N	same	hori	left	True	1090905	1091443	left	1	4	89
13	lxq	f	22	1	70	circle	red	(724, 460)	low	dis	(533, 540)	Y	dif	vert	up	True	1092538	1093531	up	1	4	90
13	lxq	f	22	1	70	circle	green	(533, 540)	high	no	no_dis	N	same	hori	left	True	1094772	1095356	left	1	4	91
13	lxq	f	22	1	70	circle	green	(565, 619)	low	no	no_dis	N	dif	hori	left	True	1096442	1097196	left	1	4	92
13	lxq	f	22	1	70	diamond	green	(645, 428)	low	dis	(533, 540)	Y	same	vert	up	True	1098414	1099323	up	1	4	93
13	lxq	f	22	1	70	diamond	red	(533, 540)	high	dis	(565, 460)	N	same	vert	up	True	1100364	1101619	up	1	4	94
13	lxq	f	22	1	70	circle	green	(724, 460)	low	dis	(724, 619)	N	dif	hori	left	True	1102755	1103460	left	1	4	95
13	lxq	f	22	1	70	circle	green	(533, 540)	high	dis	(724, 619)	N	dif	vert	up	True	1104600	1105219	up	1	4	96
13	lxq	f	22	1	70	circle	green	(565, 460)	low	dis	(565, 619)	N	same	hori	left	True	1106239	1107132	left	1	4	97
13	lxq	f	22	1	70	circle	red	(533, 540)	high	no	no_dis	N	same	vert	up	True	1108139	1108892	up	1	4	98
13	lxq	f	22	1	70	diamond	green	(533, 540)	high	dis	(757, 540)	N	dif	vert	up	True	1110029	1110820	up	1	4	99
13	lxq	f	22	1	70	diamond	red	(565, 619)	low	dis	(645, 652)	N	dif	vert	up	True	1112004	1112980	left	0	4	100
13	lxq	f	22	1	70	circle	red	(533, 540)	high	dis	(565, 460)	N	same	hori	left	True	1115707	1117156	left	1	4	101
13	lxq	f	22	1	70	circle	green	(645, 652)	low	no	no_dis	N	same	vert	up	True	1118216	1120531	up	1	4	102
13	lxq	f	22	1	70	diamond	red	(533, 540)	high	dis	(645, 652)	N	dif	hori	left	True	1121675	1122812	left	1	4	103
13	lxq	f	22	1	70	circle	red	(533, 540)	high	dis	(757, 540)	N	same	hori	left	True	1124045	1124812	left	1	4	104
13	lxq	f	22	1	70	circle	red	(533, 540)	high	no	no_dis	N	same	hori	left	True	1126040	1126739	left	1	4	105
13	lxq	f	22	1	70	circle	red	(533, 540)	high	dis	(757, 540)	N	same	vert	up	True	1127938	1128924	up	1	4	106
13	lxq	f	22	1	70	circle	green	(533, 540)	high	no	no_dis	N	same	hori	left	True	1129973	1130692	left	1	4	107
13	lxq	f	22	1	70	diamond	green	(533, 540)	high	dis	(757, 540)	N	dif	vert	up	True	1131914	1133179	up	1	4	108
13	lxq	f	22	1	70	diamond	green	(533, 540)	high	dis	(757, 540)	N	same	vert	up	True	1134288	1134891	up	1	4	109
13	lxq	f	22	1	70	diamond	red	(533, 540)	high	dis	(757, 540)	N	dif	vert	up	True	1136098	1136948	up	1	4	110
13	lxq	f	22	1	70	diamond	green	(533, 540)	high	dis	(724, 619)	N	same	hori	left	True	1138037	1138860	left	1	4	111
13	lxq	f	22	1	70	circle	green	(533, 540)	high	no	no_dis	N	same	vert	up	True	1140027	1140996	up	1	4	112
13	lxq	f	22	1	70	diamond	red	(533, 540)	high	dis	(724, 460)	N	same	vert	up	True	1142157	1143060	up	1	4	113
13	lxq	f	22	1	70	circle	green	(533, 540)	high	dis	(724, 460)	N	same	vert	up	True	1144126	1145500	up	1	4	114
13	lxq	f	22	1	70	circle	green	(533, 540)	high	dis	(565, 460)	N	same	hori	left	True	1146738	1147492	left	1	4	115
13	lxq	f	22	1	70	circle	green	(533, 540)	high	dis	(724, 460)	N	same	hori	left	True	1148653	1149243	left	1	4	116
13	lxq	f	22	1	70	diamond	red	(757, 540)	low	dis	(724, 460)	N	same	vert	up	True	1150431	1151924	up	1	4	117
13	lxq	f	22	1	70	circle	green	(645, 428)	low	dis	(757, 540)	N	dif	hori	left	True	1153097	1154211	left	1	4	118
13	lxq	f	22	1	70	diamond	green	(724, 460)	low	dis	(533, 540)	Y	dif	hori	left	True	1155234	1156612	left	1	4	119
13	lxq	f	22	1	70	diamond	green	(645, 652)	low	dis	(724, 619)	N	dif	vert	up	True	1157760	1159364	up	1	4	120
13	lxq	f	22	1	70	circle	red	(645, 652)	low	no	no_dis	N	same	vert	up	True	1191354	1192172	up	1	5	1
13	lxq	f	22	1	70	circle	green	(565, 460)	low	dis	(533, 540)	Y	same	hori	left	True	1193352	1194723	left	1	5	2
13	lxq	f	22	1	70	circle	red	(533, 540)	high	no	no_dis	N	dif	vert	up	True	1195889	1196668	up	1	5	3
13	lxq	f	22	1	70	diamond	green	(724, 619)	low	no	no_dis	N	same	vert	up	True	1197712	1198500	up	1	5	4
13	lxq	f	22	1	70	diamond	red	(533, 540)	high	dis	(565, 619)	N	dif	vert	up	True	1199680	1200524	up	1	5	5
13	lxq	f	22	1	70	diamond	red	(533, 540)	high	no	no_dis	N	same	hori	left	True	1201545	1202236	left	1	5	6
13	lxq	f	22	1	70	circle	red	(533, 540)	high	dis	(645, 652)	N	dif	vert	up	True	1203291	1204804	up	1	5	7
13	lxq	f	22	1	70	circle	red	(533, 540)	high	no	no_dis	N	dif	hori	left	True	1205962	1206587	left	1	5	8
13	lxq	f	22	1	70	diamond	green	(645, 428)	low	dis	(645, 652)	N	dif	vert	up	True	1207803	1208580	up	1	5	9
13	lxq	f	22	1	70	diamond	red	(533, 540)	high	no	no_dis	N	same	vert	up	True	1209780	1210483	left	0	5	10
13	lxq	f	22	1	70	circle	green	(533, 540)	high	dis	(757, 540)	N	same	vert	up	True	1213097	1214043	up	1	5	11
13	lxq	f	22	1	70	circle	green	(533, 540)	high	dis	(757, 540)	N	same	vert	up	True	1215105	1216020	up	1	5	12
13	lxq	f	22	1	70	circle	green	(565, 460)	low	no	no_dis	N	same	hori	left	True	1217027	1218060	left	1	5	13
13	lxq	f	22	1	70	circle	green	(645, 428)	low	dis	(724, 460)	N	same	vert	up	True	1219116	1219788	up	1	5	14
13	lxq	f	22	1	70	circle	green	(533, 540)	high	dis	(724, 619)	N	dif	vert	up	True	1220857	1221596	up	1	5	15
13	lxq	f	22	1	70	circle	green	(533, 540)	high	no	no_dis	N	same	vert	up	True	1222746	1223524	up	1	5	16
13	lxq	f	22	1	70	diamond	green	(533, 540)	high	dis	(565, 619)	N	same	hori	left	True	1224747	1225620	left	1	5	17
13	lxq	f	22	1	70	circle	red	(533, 540)	high	no	no_dis	N	same	hori	left	True	1226778	1227515	left	1	5	18
13	lxq	f	22	1	70	circle	green	(645, 652)	low	dis	(645, 428)	N	dif	vert	up	True	1228549	1229452	up	1	5	19
13	lxq	f	22	1	70	diamond	green	(533, 540)	high	dis	(645, 428)	N	same	vert	up	True	1230456	1232099	up	1	5	20
13	lxq	f	22	1	70	circle	green	(533, 540)	high	dis	(565, 619)	N	same	hori	left	True	1233133	1234108	left	1	5	21
13	lxq	f	22	1	70	diamond	green	(533, 540)	high	dis	(724, 460)	N	dif	hori	left	True	1235158	1236108	left	1	5	22
13	lxq	f	22	1	70	circle	red	(645, 652)	low	no	no_dis	N	same	hori	left	True	1237241	1237948	left	1	5	23
13	lxq	f	22	1	70	circle	green	(533, 540)	high	dis	(724, 619)	N	dif	vert	up	True	1238965	1240196	up	1	5	24
13	lxq	f	22	1	70	diamond	red	(533, 540)	high	no	no_dis	N	same	vert	up	True	1241309	1242155	up	1	5	25
13	lxq	f	22	1	70	diamond	green	(533, 540)	high	dis	(724, 619)	N	dif	hori	left	True	1243343	1244180	left	1	5	26
13	lxq	f	22	1	70	diamond	red	(565, 460)	low	dis	(645, 652)	N	same	vert	up	True	1245226	1246171	up	1	5	27
13	lxq	f	22	1	70	diamond	red	(533, 540)	high	no	no_dis	N	same	hori	left	True	1247194	1247964	left	1	5	28
13	lxq	f	22	1	70	diamond	green	(757, 540)	low	no	no_dis	N	dif	vert	up	True	1249079	1249747	up	1	5	29
13	lxq	f	22	1	70	circle	green	(533, 540)	high	dis	(565, 460)	N	same	vert	up	True	1250925	1251867	up	1	5	30
13	lxq	f	22	1	70	diamond	red	(533, 540)	high	dis	(724, 619)	N	dif	hori	left	True	1252949	1253667	left	1	5	31
13	lxq	f	22	1	70	circle	green	(533, 540)	high	dis	(565, 619)	N	same	hori	left	True	1254843	1255836	left	1	5	32
13	lxq	f	22	1	70	diamond	green	(533, 540)	high	dis	(757, 540)	N	dif	hori	left	True	1256948	1257811	left	1	5	33
13	lxq	f	22	1	70	circle	green	(533, 540)	high	no	no_dis	N	dif	hori	left	True	1258827	1259483	left	1	5	34
13	lxq	f	22	1	70	circle	red	(533, 540)	high	no	no_dis	N	dif	hori	left	True	1260620	1261251	left	1	5	35
13	lxq	f	22	1	70	diamond	red	(533, 540)	high	dis	(565, 619)	N	same	vert	up	True	1262303	1264348	up	1	5	36
13	lxq	f	22	1	70	diamond	red	(724, 460)	low	dis	(565, 460)	N	dif	vert	up	True	1265474	1266347	up	1	5	37
13	lxq	f	22	1	70	circle	red	(533, 540)	high	dis	(565, 619)	N	dif	hori	left	True	1267442	1268507	left	1	5	38
13	lxq	f	22	1	70	diamond	red	(533, 540)	high	no	no_dis	N	dif	hori	left	True	1269666	1270564	left	1	5	39
13	lxq	f	22	1	70	diamond	green	(533, 540)	high	no	no_dis	N	dif	vert	up	True	1271717	1272579	up	1	5	40
13	lxq	f	22	1	70	diamond	green	(533, 540)	high	dis	(724, 619)	N	dif	vert	up	True	1273651	1274571	up	1	5	41
13	lxq	f	22	1	70	circle	red	(724, 460)	low	dis	(565, 460)	N	same	vert	up	True	1275613	1276588	up	1	5	42
13	lxq	f	22	1	70	diamond	green	(533, 540)	high	no	no_dis	N	same	vert	up	True	1277715	1278603	up	1	5	43
13	lxq	f	22	1	70	diamond	red	(533, 540)	high	dis	(645, 652)	N	dif	hori	left	True	1279665	1280684	left	1	5	44
13	lxq	f	22	1	70	diamond	red	(533, 540)	high	dis	(645, 652)	N	dif	hori	left	True	1281926	1282892	left	1	5	45
13	lxq	f	22	1	70	diamond	green	(533, 540)	high	no	no_dis	N	same	vert	up	True	1283938	1285052	up	1	5	46
13	lxq	f	22	1	70	diamond	red	(645, 428)	low	dis	(533, 540)	Y	dif	hori	left	True	1286293	1287180	left	1	5	47
13	lxq	f	22	1	70	circle	red	(533, 540)	high	dis	(724, 460)	N	dif	vert	up	True	1288372	1289276	up	1	5	48
13	lxq	f	22	1	70	circle	green	(533, 540)	high	dis	(565, 460)	N	same	vert	up	True	1290301	1291099	up	1	5	49
13	lxq	f	22	1	70	circle	green	(724, 619)	low	dis	(565, 619)	N	same	vert	up	True	1292317	1293068	up	1	5	50
13	lxq	f	22	1	70	circle	red	(757, 540)	low	dis	(533, 540)	Y	same	vert	up	True	1294227	1295284	up	1	5	51
13	lxq	f	22	1	70	diamond	green	(533, 540)	high	dis	(565, 460)	N	same	vert	up	True	1296477	1297787	up	1	5	52
13	lxq	f	22	1	70	diamond	green	(533, 540)	high	dis	(645, 428)	N	same	hori	left	True	1298926	1299883	left	1	5	53
13	lxq	f	22	1	70	circle	red	(533, 540)	high	dis	(757, 540)	N	same	hori	left	True	1301113	1301932	left	1	5	54
13	lxq	f	22	1	70	diamond	red	(533, 540)	high	dis	(565, 460)	N	dif	vert	up	True	1302944	1303835	up	1	5	55
13	lxq	f	22	1	70	circle	green	(724, 460)	low	no	no_dis	N	dif	hori	left	True	1304982	1305691	left	1	5	56
13	lxq	f	22	1	70	diamond	green	(533, 540)	high	no	no_dis	N	dif	vert	up	True	1306871	1307588	up	1	5	57
13	lxq	f	22	1	70	diamond	green	(724, 619)	low	no	no_dis	N	dif	vert	up	True	1308603	1309788	up	1	5	58
13	lxq	f	22	1	70	circle	green	(533, 540)	high	dis	(645, 428)	N	same	vert	up	True	1310879	1311916	up	1	5	59
13	lxq	f	22	1	70	circle	red	(533, 540)	high	dis	(724, 460)	N	same	vert	up	True	1312923	1313868	up	1	5	60
13	lxq	f	22	1	70	diamond	green	(645, 652)	low	dis	(565, 619)	N	dif	hori	left	True	1315099	1316524	left	1	5	61
13	lxq	f	22	1	70	diamond	red	(565, 619)	low	no	no_dis	N	same	vert	up	True	1317620	1318667	up	1	5	62
13	lxq	f	22	1	70	circle	green	(724, 460)	low	no	no_dis	N	same	hori	left	True	1319793	1320779	left	1	5	63
13	lxq	f	22	1	70	diamond	green	(533, 540)	high	dis	(724, 460)	N	same	hori	left	True	1321811	1322995	left	1	5	64
13	lxq	f	22	1	70	circle	green	(757, 540)	low	dis	(533, 540)	Y	dif	hori	left	True	1324078	1325179	left	1	5	65
13	lxq	f	22	1	70	diamond	red	(533, 540)	high	dis	(645, 428)	N	dif	vert	up	True	1326297	1327348	up	1	5	66
13	lxq	f	22	1	70	diamond	red	(533, 540)	high	dis	(757, 540)	N	dif	vert	up	True	1328374	1329276	up	1	5	67
13	lxq	f	22	1	70	circle	green	(533, 540)	high	no	no_dis	N	dif	hori	left	True	1330499	1331387	left	1	5	68
13	lxq	f	22	1	70	circle	green	(533, 540)	high	no	no_dis	N	same	vert	up	True	1332494	1333316	up	1	5	69
13	lxq	f	22	1	70	circle	green	(533, 540)	high	no	no_dis	N	dif	vert	up	True	1334391	1335172	up	1	5	70
13	lxq	f	22	1	70	diamond	green	(533, 540)	high	dis	(565, 460)	N	dif	vert	up	True	1336213	1337236	up	1	5	71
13	lxq	f	22	1	70	diamond	red	(533, 540)	high	dis	(645, 428)	N	dif	hori	left	True	1338280	1339044	left	1	5	72
13	lxq	f	22	1	70	circle	red	(533, 540)	high	no	no_dis	N	dif	vert	up	True	1340161	1340964	up	1	5	73
13	lxq	f	22	1	70	circle	red	(645, 428)	low	no	no_dis	N	dif	vert	up	True	1342100	1342803	up	1	5	74
13	lxq	f	22	1	70	circle	green	(533, 540)	high	dis	(724, 460)	N	dif	vert	up	True	1343819	1344660	up	1	5	75
13	lxq	f	22	1	70	diamond	green	(533, 540)	high	dis	(645, 652)	N	same	vert	up	True	1345831	1346596	up	1	5	76
13	lxq	f	22	1	70	diamond	red	(565, 619)	low	no	no_dis	N	dif	hori	left	True	1347798	1348587	left	1	5	77
13	lxq	f	22	1	70	diamond	red	(533, 540)	high	dis	(724, 460)	N	dif	hori	left	True	1349716	1350451	left	1	5	78
13	lxq	f	22	1	70	diamond	green	(533, 540)	high	dis	(645, 652)	N	same	hori	left	True	1351508	1352259	left	1	5	79
13	lxq	f	22	1	70	diamond	red	(533, 540)	high	no	no_dis	N	dif	hori	left	True	1353315	1353956	left	1	5	80
13	lxq	f	22	1	70	circle	green	(533, 540)	high	dis	(724, 460)	N	dif	hori	left	True	1354967	1355756	left	1	5	81
13	lxq	f	22	1	70	diamond	green	(565, 460)	low	dis	(724, 619)	N	dif	vert	up	True	1356795	1358028	up	1	5	82
13	lxq	f	22	1	70	circle	green	(533, 540)	high	dis	(724, 619)	N	same	hori	left	True	1359171	1360012	left	1	5	83
13	lxq	f	22	1	70	circle	red	(645, 428)	low	dis	(533, 540)	Y	dif	hori	left	True	1361248	1362116	left	1	5	84
13	lxq	f	22	1	70	diamond	green	(565, 619)	low	dis	(533, 540)	Y	same	hori	left	True	1363280	1364611	left	1	5	85
13	lxq	f	22	1	70	circle	red	(724, 619)	low	dis	(757, 540)	N	same	hori	left	True	1365677	1366643	left	1	5	86
13	lxq	f	22	1	70	circle	red	(645, 652)	low	dis	(533, 540)	Y	dif	vert	up	True	1367819	1368635	up	1	5	87
13	lxq	f	22	1	70	circle	red	(533, 540)	high	dis	(724, 619)	N	dif	hori	left	True	1369788	1370628	left	1	5	88
13	lxq	f	22	1	70	diamond	red	(533, 540)	high	no	no_dis	N	same	vert	up	True	1371844	1372916	up	1	5	89
13	lxq	f	22	1	70	diamond	green	(533, 540)	high	no	no_dis	N	same	hori	left	True	1373970	1374563	left	1	5	90
13	lxq	f	22	1	70	diamond	green	(724, 460)	low	dis	(533, 540)	Y	dif	hori	left	True	1375641	1376691	left	1	5	91
13	lxq	f	22	1	70	diamond	green	(533, 540)	high	no	no_dis	N	same	hori	left	True	1377786	1378516	left	1	5	92
13	lxq	f	22	1	70	diamond	red	(565, 619)	low	dis	(757, 540)	N	same	hori	left	True	1379635	1381356	left	1	5	93
13	lxq	f	22	1	70	diamond	green	(757, 540)	low	dis	(724, 460)	N	dif	hori	left	True	1382566	1383380	left	1	5	94
13	lxq	f	22	1	70	circle	red	(533, 540)	high	dis	(565, 460)	N	same	hori	left	True	1384432	1385204	left	1	5	95
13	lxq	f	22	1	70	circle	red	(533, 540)	high	dis	(565, 460)	N	same	hori	left	True	1386274	1387107	left	1	5	96
13	lxq	f	22	1	70	circle	green	(533, 540)	high	dis	(757, 540)	N	dif	hori	left	True	1388115	1388963	left	1	5	97
13	lxq	f	22	1	70	diamond	red	(533, 540)	high	dis	(757, 540)	N	same	vert	up	True	1390069	1390860	up	1	5	98
13	lxq	f	22	1	70	circle	red	(533, 540)	high	dis	(565, 619)	N	same	hori	left	True	1392066	1392908	left	1	5	99
13	lxq	f	22	1	70	diamond	green	(533, 540)	high	no	no_dis	N	dif	vert	up	True	1394033	1394755	up	1	5	100
13	lxq	f	22	1	70	circle	green	(533, 540)	high	no	no_dis	N	dif	hori	left	True	1395930	1396563	left	1	5	101
13	lxq	f	22	1	70	diamond	red	(533, 540)	high	dis	(565, 460)	N	dif	hori	left	True	1397692	1398604	left	1	5	102
13	lxq	f	22	1	70	diamond	red	(645, 428)	low	no	no_dis	N	dif	hori	left	True	1399758	1400515	left	1	5	103
13	lxq	f	22	1	70	diamond	red	(757, 540)	low	dis	(724, 619)	N	same	hori	left	True	1401664	1402804	left	1	5	104
13	lxq	f	22	1	70	circle	green	(533, 540)	high	dis	(645, 428)	N	dif	vert	up	True	1403956	1404980	up	1	5	105
13	lxq	f	22	1	70	circle	green	(533, 540)	high	no	no_dis	N	same	hori	left	True	1406192	1406772	left	1	5	106
13	lxq	f	22	1	70	circle	red	(533, 540)	high	no	no_dis	N	dif	vert	up	True	1407900	1408643	up	1	5	107
13	lxq	f	22	1	70	circle	red	(533, 540)	high	dis	(645, 652)	N	same	hori	left	True	1409736	1410419	left	1	5	108
13	lxq	f	22	1	70	circle	red	(533, 540)	high	no	no_dis	N	same	hori	left	True	1411461	1412004	left	1	5	109
13	lxq	f	22	1	70	circle	red	(533, 540)	high	dis	(757, 540)	N	same	vert	up	True	1413132	1414028	up	1	5	110
13	lxq	f	22	1	70	diamond	red	(533, 540)	high	dis	(645, 428)	N	same	vert	up	True	1415151	1416211	up	1	5	111
13	lxq	f	22	1	70	diamond	green	(533, 540)	high	dis	(565, 619)	N	same	vert	up	True	1417321	1419275	up	1	5	112
13	lxq	f	22	1	70	diamond	red	(724, 619)	low	dis	(533, 540)	Y	same	hori	left	True	1420514	1421411	left	1	5	113
13	lxq	f	22	1	70	circle	red	(565, 619)	low	dis	(533, 540)	Y	same	vert	up	True	1422654	1423348	up	1	5	114
13	lxq	f	22	1	70	circle	red	(533, 540)	high	dis	(645, 428)	N	same	hori	left	True	1424473	1425475	left	1	5	115
13	lxq	f	22	1	70	circle	green	(724, 460)	low	dis	(645, 428)	N	dif	vert	up	True	1426500	1427771	up	1	5	116
13	lxq	f	22	1	70	diamond	green	(533, 540)	high	dis	(724, 460)	N	same	hori	left	True	1428987	1430107	left	1	5	117
13	lxq	f	22	1	70	circle	red	(533, 540)	high	dis	(724, 619)	N	dif	hori	left	True	1431246	1432283	left	1	5	118
13	lxq	f	22	1	70	diamond	red	(533, 540)	high	dis	(645, 652)	N	dif	vert	up	True	1433428	1434355	up	1	5	119
13	lxq	f	22	1	70	circle	red	(533, 540)	high	dis	(645, 652)	N	dif	vert	up	True	1435566	1436572	up	1	5	120
13	lxq	f	22	1	70	diamond	green	(533, 540)	high	dis	(757, 540)	N	dif	hori	left	True	1469179	1470140	left	1	6	1
13	lxq	f	22	1	70	diamond	red	(645, 428)	low	dis	(533, 540)	Y	dif	vert	up	True	1471217	1471971	up	1	6	2
13	lxq	f	22	1	70	circle	red	(533, 540)	high	no	no_dis	N	same	hori	left	True	1473148	1473851	left	1	6	3
13	lxq	f	22	1	70	circle	green	(533, 540)	high	dis	(645, 652)	N	same	vert	up	True	1474948	1476044	up	1	6	4
13	lxq	f	22	1	70	circle	red	(533, 540)	high	dis	(645, 428)	N	dif	vert	up	True	1477177	1477939	up	1	6	5
13	lxq	f	22	1	70	diamond	green	(565, 619)	low	dis	(533, 540)	Y	dif	hori	left	True	1479131	1480116	left	1	6	6
13	lxq	f	22	1	70	circle	red	(533, 540)	high	dis	(645, 652)	N	same	hori	left	True	1481225	1482107	left	1	6	7
13	lxq	f	22	1	70	circle	green	(533, 540)	high	no	no_dis	N	same	hori	left	True	1483227	1483892	left	1	6	8
13	lxq	f	22	1	70	diamond	green	(533, 540)	high	no	no_dis	N	dif	hori	left	True	1484972	1485707	left	1	6	9
13	lxq	f	22	1	70	circle	red	(565, 619)	low	dis	(757, 540)	N	dif	hori	left	True	1486783	1487660	left	1	6	10
13	lxq	f	22	1	70	circle	green	(533, 540)	high	dis	(645, 428)	N	dif	vert	up	True	1488911	1489667	up	1	6	11
13	lxq	f	22	1	70	diamond	green	(645, 652)	low	no	no_dis	N	dif	hori	left	True	1490803	1491556	left	1	6	12
13	lxq	f	22	1	70	diamond	red	(533, 540)	high	dis	(757, 540)	N	same	vert	up	True	1492611	1493347	up	1	6	13
13	lxq	f	22	1	70	diamond	red	(533, 540)	high	no	no_dis	N	dif	vert	up	True	1494395	1495436	left	0	6	14
13	lxq	f	22	1	70	circle	red	(533, 540)	high	no	no_dis	N	dif	vert	up	True	1498169	1499236	up	1	6	15
13	lxq	f	22	1	70	circle	red	(533, 540)	high	dis	(565, 619)	N	same	vert	up	True	1500363	1501315	up	1	6	16
13	lxq	f	22	1	70	diamond	red	(724, 619)	low	dis	(645, 428)	N	same	hori	left	True	1502487	1503739	left	1	6	17
13	lxq	f	22	1	70	diamond	green	(645, 428)	low	no	no_dis	N	same	vert	up	True	1504867	1505684	up	1	6	18
13	lxq	f	22	1	70	circle	red	(533, 540)	high	dis	(724, 619)	N	same	vert	up	True	1506903	1507716	up	1	6	19
13	lxq	f	22	1	70	diamond	red	(565, 460)	low	no	no_dis	N	same	vert	up	True	1508867	1510196	up	1	6	20
13	lxq	f	22	1	70	diamond	red	(533, 540)	high	no	no_dis	N	same	vert	up	True	1511439	1512243	up	1	6	21
13	lxq	f	22	1	70	diamond	green	(533, 540)	high	dis	(645, 428)	N	dif	hori	left	True	1513274	1514036	left	1	6	22
13	lxq	f	22	1	70	diamond	red	(533, 540)	high	dis	(645, 652)	N	same	hori	left	True	1515110	1515964	left	1	6	23
13	lxq	f	22	1	70	circle	red	(533, 540)	high	dis	(565, 460)	N	same	vert	up	True	1517018	1518715	up	1	6	24
13	lxq	f	22	1	70	circle	green	(533, 540)	high	dis	(565, 460)	N	same	vert	up	True	1519766	1521443	up	1	6	25
13	lxq	f	22	1	70	circle	green	(724, 460)	low	no	no_dis	N	same	hori	left	True	1522551	1523380	left	1	6	26
13	lxq	f	22	1	70	circle	red	(533, 540)	high	dis	(757, 540)	N	dif	hori	left	True	1524469	1525356	left	1	6	27
13	lxq	f	22	1	70	circle	red	(533, 540)	high	no	no_dis	N	dif	hori	left	True	1526531	1527211	left	1	6	28
13	lxq	f	22	1	70	circle	red	(533, 540)	high	no	no_dis	N	dif	vert	up	True	1528317	1529396	up	1	6	29
13	lxq	f	22	1	70	diamond	red	(565, 460)	low	dis	(533, 540)	Y	dif	hori	left	True	1530450	1531875	left	1	6	30
13	lxq	f	22	1	70	diamond	red	(533, 540)	high	dis	(645, 652)	N	dif	vert	up	True	1532956	1533963	up	1	6	31
13	lxq	f	22	1	70	circle	red	(533, 540)	high	dis	(645, 652)	N	same	vert	up	True	1535036	1536035	up	1	6	32
13	lxq	f	22	1	70	diamond	green	(757, 540)	low	dis	(565, 460)	N	same	hori	left	True	1537238	1538083	left	1	6	33
13	lxq	f	22	1	70	circle	green	(533, 540)	high	no	no_dis	N	same	hori	left	True	1539289	1540163	left	1	6	34
13	lxq	f	22	1	70	circle	red	(724, 460)	low	dis	(724, 619)	N	same	hori	left	True	1541228	1541923	left	1	6	35
13	lxq	f	22	1	70	circle	red	(724, 619)	low	dis	(645, 652)	N	dif	vert	up	True	1543108	1543756	up	1	6	36
13	lxq	f	22	1	70	diamond	red	(533, 540)	high	no	no_dis	N	dif	hori	left	True	1544985	1546012	left	1	6	37
13	lxq	f	22	1	70	diamond	green	(533, 540)	high	no	no_dis	N	dif	vert	up	True	1547178	1548203	up	1	6	38
13	lxq	f	22	1	70	circle	green	(533, 540)	high	dis	(724, 619)	N	dif	vert	up	True	1549386	1550171	up	1	6	39
13	lxq	f	22	1	70	diamond	green	(724, 460)	low	dis	(724, 619)	N	dif	hori	left	True	1551224	1552731	left	1	6	40
13	lxq	f	22	1	70	diamond	red	(533, 540)	high	dis	(565, 619)	N	dif	hori	left	True	1553944	1554923	left	1	6	41
13	lxq	f	22	1	70	circle	green	(724, 619)	low	dis	(533, 540)	Y	dif	vert	up	True	1556122	1556835	up	1	6	42
13	lxq	f	22	1	70	diamond	red	(645, 428)	low	no	no_dis	N	same	vert	up	True	1557863	1558539	up	1	6	43
13	lxq	f	22	1	70	diamond	green	(533, 540)	high	dis	(724, 460)	N	dif	vert	up	True	1559730	1560636	up	1	6	44
13	lxq	f	22	1	70	diamond	red	(533, 540)	high	no	no_dis	N	same	vert	up	True	1561678	1562276	up	1	6	45
13	lxq	f	22	1	70	diamond	red	(533, 540)	high	dis	(724, 619)	N	dif	hori	left	True	1563362	1564100	left	1	6	46
13	lxq	f	22	1	70	diamond	red	(533, 540)	high	no	no_dis	N	same	vert	up	True	1565200	1565771	up	1	6	47
13	lxq	f	22	1	70	circle	green	(533, 540)	high	dis	(645, 428)	N	same	hori	left	True	1566925	1568515	left	1	6	48
13	lxq	f	22	1	70	circle	green	(533, 540)	high	no	no_dis	N	dif	hori	left	True	1569618	1570299	left	1	6	49
13	lxq	f	22	1	70	circle	green	(724, 460)	low	dis	(565, 619)	N	same	vert	up	True	1571373	1572115	up	1	6	50
13	lxq	f	22	1	70	diamond	red	(533, 540)	high	dis	(645, 428)	N	same	hori	left	True	1573210	1574307	left	1	6	51
13	lxq	f	22	1	70	diamond	green	(533, 540)	high	dis	(724, 460)	N	dif	vert	up	True	1575335	1576300	up	1	6	52
13	lxq	f	22	1	70	circle	red	(757, 540)	low	no	no_dis	N	dif	hori	left	True	1577369	1579123	left	1	6	53
13	lxq	f	22	1	70	diamond	green	(533, 540)	high	dis	(565, 460)	N	same	hori	left	True	1580226	1581091	left	1	6	54
13	lxq	f	22	1	70	circle	red	(757, 540)	low	dis	(533, 540)	Y	dif	vert	up	True	1582282	1582987	up	1	6	55
13	lxq	f	22	1	70	diamond	green	(533, 540)	high	no	no_dis	N	same	hori	left	True	1584149	1584835	left	1	6	56
13	lxq	f	22	1	70	diamond	green	(533, 540)	high	dis	(757, 540)	N	same	vert	up	True	1585874	1586827	up	1	6	57
13	lxq	f	22	1	70	diamond	red	(533, 540)	high	dis	(757, 540)	N	same	vert	up	True	1587873	1588779	up	1	6	58
13	lxq	f	22	1	70	circle	green	(533, 540)	high	no	no_dis	N	same	hori	left	True	1589975	1591308	left	1	6	59
13	lxq	f	22	1	70	diamond	green	(645, 428)	low	dis	(724, 460)	N	same	vert	up	True	1592333	1593483	up	1	6	60
13	lxq	f	22	1	70	circle	red	(533, 540)	high	dis	(565, 460)	N	dif	vert	up	True	1594524	1595475	up	1	6	61
13	lxq	f	22	1	70	diamond	green	(645, 652)	low	dis	(645, 428)	N	same	hori	left	True	1596723	1597915	left	1	6	62
13	lxq	f	22	1	70	circle	red	(533, 540)	high	no	no_dis	N	dif	vert	up	True	1598942	1599827	up	1	6	63
13	lxq	f	22	1	70	circle	green	(645, 652)	low	dis	(565, 619)	N	dif	hori	left	True	1600871	1601707	left	1	6	64
13	lxq	f	22	1	70	circle	red	(645, 428)	low	dis	(757, 540)	N	same	vert	up	True	1602842	1603596	up	1	6	65
13	lxq	f	22	1	70	circle	red	(533, 540)	high	dis	(565, 460)	N	same	vert	up	True	1604689	1605555	up	1	6	66
13	lxq	f	22	1	70	circle	red	(565, 619)	low	no	no_dis	N	dif	vert	up	True	1606690	1607492	up	1	6	67
13	lxq	f	22	1	70	circle	green	(533, 540)	high	dis	(724, 619)	N	dif	vert	up	True	1608585	1609484	up	1	6	68
13	lxq	f	22	1	70	circle	red	(533, 540)	high	no	no_dis	N	dif	hori	left	True	1610733	1611572	left	1	6	69
13	lxq	f	22	1	70	diamond	red	(565, 619)	low	dis	(565, 460)	N	same	hori	left	True	1612598	1613659	left	1	6	70
13	lxq	f	22	1	70	circle	green	(533, 540)	high	dis	(757, 540)	N	same	hori	left	True	1614830	1615724	left	1	6	71
13	lxq	f	22	1	70	circle	green	(757, 540)	low	no	no_dis	N	same	hori	left	True	1616834	1617651	left	1	6	72
13	lxq	f	22	1	70	diamond	green	(533, 540)	high	dis	(724, 619)	N	dif	hori	left	True	1618771	1619900	left	1	6	73
13	lxq	f	22	1	70	diamond	green	(533, 540)	high	no	no_dis	N	same	vert	up	True	1620999	1621819	up	1	6	74
13	lxq	f	22	1	70	diamond	red	(533, 540)	high	no	no_dis	N	dif	vert	up	True	1622964	1623564	up	1	6	75
13	lxq	f	22	1	70	circle	red	(645, 652)	low	dis	(533, 540)	Y	same	vert	up	True	1624600	1625611	up	1	6	76
13	lxq	f	22	1	70	diamond	red	(533, 540)	high	no	no_dis	N	same	hori	left	True	1626614	1627403	left	1	6	77
13	lxq	f	22	1	70	circle	green	(533, 540)	high	no	no_dis	N	dif	hori	left	True	1628533	1629251	left	1	6	78
13	lxq	f	22	1	70	diamond	red	(533, 540)	high	dis	(724, 619)	N	same	vert	up	True	1630255	1630907	up	1	6	79
13	lxq	f	22	1	70	circle	red	(533, 540)	high	dis	(645, 652)	N	same	hori	left	True	1632141	1632788	left	1	6	80
13	lxq	f	22	1	70	diamond	red	(533, 540)	high	dis	(757, 540)	N	dif	vert	up	True	1633854	1634732	up	1	6	81
13	lxq	f	22	1	70	circle	green	(533, 540)	high	dis	(565, 619)	N	dif	hori	left	True	1635822	1636499	left	1	6	82
13	lxq	f	22	1	70	diamond	green	(533, 540)	high	no	no_dis	N	same	hori	left	True	1637526	1638139	left	1	6	83
13	lxq	f	22	1	70	circle	green	(757, 540)	low	dis	(724, 460)	N	same	vert	up	True	1639144	1639947	up	1	6	84
13	lxq	f	22	1	70	diamond	red	(565, 619)	low	no	no_dis	N	same	hori	left	True	1641176	1642867	left	1	6	85
13	lxq	f	22	1	70	circle	red	(533, 540)	high	dis	(724, 460)	N	same	hori	left	True	1643999	1644868	left	1	6	86
13	lxq	f	22	1	70	diamond	green	(533, 540)	high	dis	(724, 619)	N	same	hori	left	True	1645984	1646739	left	1	6	87
13	lxq	f	22	1	70	diamond	green	(533, 540)	high	dis	(724, 460)	N	dif	hori	left	True	1647922	1648579	left	1	6	88
13	lxq	f	22	1	70	diamond	red	(533, 540)	high	dis	(724, 460)	N	same	hori	left	True	1649820	1650643	left	1	6	89
13	lxq	f	22	1	70	diamond	red	(533, 540)	high	dis	(565, 619)	N	dif	hori	left	True	1651887	1653267	left	1	6	90
13	lxq	f	22	1	70	diamond	green	(533, 540)	high	dis	(565, 619)	N	dif	hori	left	True	1654334	1655028	left	1	6	91
13	lxq	f	22	1	70	diamond	green	(533, 540)	high	no	no_dis	N	same	vert	up	True	1656214	1657483	up	1	6	92
13	lxq	f	22	1	70	circle	green	(533, 540)	high	dis	(565, 619)	N	dif	hori	left	True	1658523	1659451	left	1	6	93
13	lxq	f	22	1	70	diamond	green	(533, 540)	high	no	no_dis	N	dif	vert	up	True	1660557	1661403	up	1	6	94
13	lxq	f	22	1	70	circle	green	(645, 428)	low	dis	(533, 540)	Y	same	vert	up	True	1662584	1663524	up	1	6	95
13	lxq	f	22	1	70	diamond	red	(724, 460)	low	dis	(533, 540)	Y	dif	vert	up	True	1664678	1665436	up	1	6	96
13	lxq	f	22	1	70	diamond	red	(533, 540)	high	dis	(565, 619)	N	same	hori	left	True	1666652	1667635	left	1	6	97
13	lxq	f	22	1	70	circle	red	(533, 540)	high	dis	(724, 619)	N	same	hori	left	True	1668671	1669604	left	1	6	98
13	lxq	f	22	1	70	circle	green	(565, 460)	low	dis	(533, 540)	Y	dif	hori	left	True	1670690	1672115	left	1	6	99
13	lxq	f	22	1	70	circle	red	(533, 540)	high	no	no_dis	N	dif	hori	left	True	1673191	1674011	left	1	6	100
13	lxq	f	22	1	70	circle	green	(533, 540)	high	dis	(724, 460)	N	same	hori	left	True	1675044	1675907	left	1	6	101
13	lxq	f	22	1	70	circle	red	(724, 460)	low	no	no_dis	N	dif	vert	up	True	1677153	1677835	up	1	6	102
13	lxq	f	22	1	70	circle	red	(533, 540)	high	dis	(724, 460)	N	same	vert	up	True	1679011	1679900	up	1	6	103
13	lxq	f	22	1	70	circle	green	(724, 619)	low	no	no_dis	N	dif	hori	left	True	1681036	1681731	left	1	6	104
13	lxq	f	22	1	70	diamond	green	(533, 540)	high	dis	(645, 428)	N	same	vert	up	True	1682962	1684155	up	1	6	105
13	lxq	f	22	1	70	circle	green	(533, 540)	high	dis	(724, 460)	N	dif	vert	up	True	1685300	1686187	up	1	6	106
13	lxq	f	22	1	70	circle	green	(533, 540)	high	no	no_dis	N	same	vert	up	True	1687202	1688299	up	1	6	107
13	lxq	f	22	1	70	diamond	red	(533, 540)	high	dis	(645, 652)	N	dif	vert	up	True	1689485	1690500	up	1	6	108
13	lxq	f	22	1	70	diamond	green	(565, 460)	low	no	no_dis	N	dif	vert	up	True	1691654	1692603	up	1	6	109
13	lxq	f	22	1	70	diamond	green	(533, 540)	high	dis	(645, 428)	N	dif	vert	up	True	1693718	1694507	up	1	6	110
13	lxq	f	22	1	70	circle	red	(533, 540)	high	dis	(565, 460)	N	same	vert	up	True	1695679	1696916	up	1	6	111
13	lxq	f	22	1	70	circle	green	(533, 540)	high	dis	(645, 428)	N	dif	vert	up	True	1698127	1698788	up	1	6	112
13	lxq	f	22	1	70	diamond	red	(533, 540)	high	dis	(565, 460)	N	dif	vert	up	True	1699882	1700827	up	1	6	113
13	lxq	f	22	1	70	diamond	green	(565, 460)	low	dis	(645, 652)	N	dif	vert	up	True	1702038	1703171	up	1	6	114
13	lxq	f	22	1	70	circle	green	(533, 540)	high	no	no_dis	N	same	vert	up	True	1704231	1705083	up	1	6	115
13	lxq	f	22	1	70	diamond	red	(757, 540)	low	dis	(533, 540)	Y	same	hori	left	True	1706123	1706996	left	1	6	116
13	lxq	f	22	1	70	circle	green	(533, 540)	high	dis	(565, 460)	N	dif	hori	left	True	1708082	1709131	left	1	6	117
13	lxq	f	22	1	70	diamond	green	(533, 540)	high	dis	(757, 540)	N	dif	hori	left	True	1710165	1711267	left	1	6	118
13	lxq	f	22	1	70	circle	green	(533, 540)	high	dis	(645, 652)	N	same	hori	left	True	1712432	1713539	left	1	6	119
13	lxq	f	22	1	70	diamond	green	(533, 540)	high	dis	(565, 619)	N	dif	hori	left	True	1714685	1715628	left	1	6	120
conf	13	lxq	f	22	1	70	True	1750270	1762580	5	True	1762592	1769683	2
