subj	name	gender	age	prac	group	shape	color	tar_loc	popularity	dis_cond	dis_loc	dis_high	td_dif	line	respkey	gotkey	startTime	respTime	resp	correct	block	trialnum
15	cjy	f	23	1	70	circle	green	(645, 652)	high	dis	(533, 540)	N	same	hori	left	True	5522	8075	left	1	1	1
15	cjy	f	23	1	70	circle	green	(645, 652)	high	dis	(565, 460)	N	dif	hori	left	True	9168	11331	left	1	1	2
15	cjy	f	23	1	70	diamond	red	(645, 652)	high	no	no_dis	N	dif	vert	up	True	12438	15291	up	1	1	3
15	cjy	f	23	1	70	diamond	red	(565, 460)	low	no	no_dis	N	dif	vert	up	False	16480	None	None	0	1	4
15	cjy	f	23	1	70	circle	red	(645, 652)	high	dis	(565, 619)	N	same	hori	left	True	22107	24427	left	1	1	5
15	cjy	f	23	1	70	circle	red	(645, 652)	high	dis	(757, 540)	N	dif	hori	left	True	25650	27187	left	1	1	6
15	cjy	f	23	1	70	circle	red	(645, 652)	high	dis	(533, 540)	N	same	hori	left	True	28435	29147	left	1	1	7
15	cjy	f	23	1	70	circle	red	(645, 652)	high	dis	(724, 460)	N	dif	hori	left	True	30219	31011	left	1	1	8
15	cjy	f	23	1	70	circle	green	(645, 652)	high	dis	(565, 460)	N	same	vert	up	True	32120	34035	left	0	1	9
15	cjy	f	23	1	70	diamond	red	(645, 652)	high	dis	(724, 460)	N	dif	vert	up	True	36590	38651	up	1	1	10
15	cjy	f	23	1	70	diamond	green	(645, 652)	high	dis	(533, 540)	N	same	hori	left	True	39711	41243	left	1	1	11
15	cjy	f	23	1	70	circle	green	(645, 652)	high	dis	(724, 619)	N	dif	hori	left	True	42345	44659	left	1	1	12
15	cjy	f	23	1	70	diamond	green	(645, 652)	high	dis	(565, 619)	N	same	vert	up	True	45713	47091	up	1	1	13
15	cjy	f	23	1	70	diamond	green	(645, 652)	high	dis	(565, 619)	N	same	hori	left	True	48307	49427	left	1	1	14
15	cjy	f	23	1	70	diamond	green	(645, 652)	high	dis	(724, 460)	N	same	vert	up	False	50638	None	None	0	1	15
15	cjy	f	23	1	70	diamond	green	(645, 652)	high	dis	(724, 619)	N	dif	vert	up	True	56313	58899	up	1	1	16
15	cjy	f	23	1	70	circle	red	(645, 652)	high	no	no_dis	N	dif	hori	left	True	60036	61595	left	1	1	17
15	cjy	f	23	1	70	diamond	red	(724, 619)	low	dis	(724, 460)	N	same	vert	up	False	62646	None	None	0	1	18
15	cjy	f	23	1	70	diamond	red	(533, 540)	low	dis	(565, 460)	N	same	hori	left	True	68316	71011	left	1	1	19
15	cjy	f	23	1	70	diamond	green	(645, 652)	high	dis	(565, 619)	N	same	hori	left	False	72185	None	None	0	1	20
15	cjy	f	23	1	70	circle	red	(645, 652)	high	dis	(533, 540)	N	same	hori	left	True	77773	79947	up	0	1	21
15	cjy	f	23	1	70	diamond	red	(757, 540)	low	dis	(565, 460)	N	same	vert	up	True	82488	84908	left	0	1	22
15	cjy	f	23	1	70	diamond	red	(645, 652)	high	dis	(565, 460)	N	same	vert	up	True	87559	88971	up	1	1	23
15	cjy	f	23	1	70	circle	red	(533, 540)	low	dis	(645, 652)	Y	dif	vert	up	True	90117	91739	left	0	1	24
15	cjy	f	23	1	70	diamond	red	(645, 652)	high	dis	(565, 460)	N	dif	vert	up	True	94331	95963	up	1	1	25
15	cjy	f	23	1	70	diamond	green	(645, 428)	low	no	no_dis	N	dif	hori	left	True	97097	98683	left	1	1	26
15	cjy	f	23	1	70	circle	green	(724, 619)	low	dis	(724, 460)	N	same	hori	left	True	99720	101619	left	1	1	27
15	cjy	f	23	1	70	circle	red	(724, 460)	low	dis	(533, 540)	N	same	hori	left	True	102728	104075	left	1	1	28
15	cjy	f	23	1	70	circle	green	(645, 652)	high	dis	(645, 428)	N	dif	vert	up	True	105223	107227	up	1	1	29
15	cjy	f	23	1	70	diamond	red	(645, 652)	high	no	no_dis	N	dif	hori	left	True	108450	110572	left	1	1	30
15	cjy	f	23	1	70	diamond	green	(645, 652)	high	no	no_dis	N	same	hori	left	True	111588	112867	left	1	1	31
15	cjy	f	23	1	70	circle	red	(565, 460)	low	no	no_dis	N	same	hori	left	True	113919	115419	left	1	1	32
15	cjy	f	23	1	70	circle	red	(645, 652)	high	dis	(757, 540)	N	dif	vert	up	True	116472	118019	up	1	1	33
15	cjy	f	23	1	70	circle	red	(645, 652)	high	dis	(645, 428)	N	dif	vert	up	True	119246	121051	up	1	1	34
15	cjy	f	23	1	70	diamond	green	(645, 652)	high	dis	(533, 540)	N	same	hori	left	True	122101	124723	left	1	1	35
15	cjy	f	23	1	70	circle	red	(724, 619)	low	no	no_dis	N	dif	hori	left	True	125734	127595	left	1	1	36
15	cjy	f	23	1	70	circle	red	(724, 619)	low	dis	(645, 652)	Y	dif	hori	left	True	128717	130587	left	1	1	37
15	cjy	f	23	1	70	diamond	red	(645, 652)	high	dis	(724, 460)	N	same	vert	up	True	131820	133828	up	1	1	38
15	cjy	f	23	1	70	circle	green	(645, 652)	high	dis	(645, 428)	N	dif	hori	left	True	134853	137443	left	1	1	39
15	cjy	f	23	1	70	diamond	red	(645, 652)	high	dis	(757, 540)	N	dif	hori	left	True	138531	140211	left	1	1	40
15	cjy	f	23	1	70	circle	green	(757, 540)	low	no	no_dis	N	same	vert	up	False	141215	None	None	0	1	41
15	cjy	f	23	1	70	diamond	red	(645, 652)	high	no	no_dis	N	dif	vert	up	True	146947	149867	up	1	1	42
15	cjy	f	23	1	70	diamond	red	(565, 460)	low	dis	(565, 619)	N	dif	vert	up	False	151100	None	None	0	1	43
15	cjy	f	23	1	70	circle	red	(645, 428)	low	dis	(757, 540)	N	dif	vert	up	True	156761	158891	left	0	1	44
15	cjy	f	23	1	70	diamond	red	(645, 652)	high	dis	(724, 619)	N	same	hori	left	True	161619	163443	left	1	1	45
15	cjy	f	23	1	70	diamond	green	(645, 652)	high	dis	(724, 460)	N	same	vert	up	True	164546	167299	up	1	1	46
15	cjy	f	23	1	70	diamond	green	(645, 428)	low	dis	(645, 652)	Y	dif	hori	left	True	168444	170788	left	1	1	47
15	cjy	f	23	1	70	diamond	green	(645, 652)	high	dis	(724, 619)	N	dif	vert	up	True	171833	173155	up	1	1	48
15	cjy	f	23	1	70	diamond	red	(645, 652)	high	no	no_dis	N	same	hori	left	False	174259	None	None	0	1	49
15	cjy	f	23	1	70	circle	red	(565, 619)	low	dis	(645, 652)	Y	same	hori	left	True	179933	181555	up	0	1	50
15	cjy	f	23	1	70	diamond	red	(645, 652)	high	dis	(757, 540)	N	dif	hori	left	True	184258	185555	left	1	1	51
15	cjy	f	23	1	70	diamond	green	(645, 652)	high	no	no_dis	N	dif	vert	up	False	186621	None	None	0	1	52
15	cjy	f	23	1	70	circle	red	(645, 652)	high	dis	(533, 540)	N	same	vert	up	True	192282	194395	left	0	1	53
15	cjy	f	23	1	70	diamond	green	(645, 652)	high	no	no_dis	N	dif	hori	left	False	196978	None	None	0	1	54
15	cjy	f	23	1	70	diamond	green	(724, 460)	low	dis	(757, 540)	N	dif	vert	up	True	202656	203811	left	0	1	55
15	cjy	f	23	1	70	diamond	green	(757, 540)	low	dis	(645, 652)	Y	dif	hori	left	True	206533	207467	up	0	1	56
15	cjy	f	23	1	70	diamond	green	(645, 652)	high	no	no_dis	N	dif	hori	left	True	210018	212859	left	1	1	57
15	cjy	f	23	1	70	diamond	red	(645, 652)	high	no	no_dis	N	dif	vert	up	False	214100	None	None	0	1	58
15	cjy	f	23	1	70	diamond	red	(645, 652)	high	dis	(757, 540)	N	same	hori	left	True	219715	221979	left	1	1	59
15	cjy	f	23	1	70	circle	red	(645, 652)	high	no	no_dis	N	dif	hori	left	True	223201	224675	left	1	1	60
15	cjy	f	23	1	70	diamond	red	(645, 652)	high	dis	(724, 619)	N	same	hori	left	True	225852	227459	left	1	1	61
15	cjy	f	23	1	70	circle	green	(645, 652)	high	no	no_dis	N	same	vert	up	True	228670	231619	up	1	1	62
15	cjy	f	23	1	70	diamond	green	(645, 652)	high	dis	(645, 428)	N	dif	hori	left	True	232650	235331	left	1	1	63
15	cjy	f	23	1	70	circle	green	(565, 619)	low	dis	(645, 652)	Y	dif	vert	up	True	236342	238195	up	1	1	64
15	cjy	f	23	1	70	circle	green	(645, 652)	high	no	no_dis	N	same	vert	up	False	239274	None	None	0	1	65
15	cjy	f	23	1	70	diamond	red	(533, 540)	low	no	no_dis	N	dif	vert	up	True	244921	247395	up	1	1	66
15	cjy	f	23	1	70	diamond	green	(645, 652)	high	dis	(645, 428)	N	dif	vert	up	True	248474	250532	up	1	1	67
15	cjy	f	23	1	70	diamond	red	(645, 652)	high	no	no_dis	N	dif	hori	left	True	251760	254219	left	1	1	68
15	cjy	f	23	1	70	circle	red	(757, 540)	low	dis	(645, 652)	Y	same	vert	up	True	255247	257787	up	1	1	69
15	cjy	f	23	1	70	diamond	red	(645, 652)	high	dis	(565, 619)	N	same	vert	up	True	258855	261507	up	1	1	70
15	cjy	f	23	1	70	diamond	red	(724, 460)	low	no	no_dis	N	same	hori	left	True	262513	264755	up	0	1	71
15	cjy	f	23	1	70	circle	red	(645, 652)	high	no	no_dis	N	same	vert	up	True	267451	269355	up	1	1	72
15	cjy	f	23	1	70	diamond	green	(724, 460)	low	no	no_dis	N	dif	hori	left	True	270408	272788	left	1	1	73
15	cjy	f	23	1	70	circle	green	(645, 652)	high	dis	(757, 540)	N	same	vert	up	True	274008	274963	up	1	1	74
15	cjy	f	23	1	70	circle	red	(645, 652)	high	dis	(533, 540)	N	dif	hori	left	True	276129	278819	up	0	1	75
15	cjy	f	23	1	70	circle	green	(645, 428)	low	dis	(533, 540)	N	same	hori	left	True	281487	283875	left	1	1	76
15	cjy	f	23	1	70	circle	red	(645, 652)	high	dis	(724, 619)	N	dif	vert	up	True	284972	287579	up	1	1	77
15	cjy	f	23	1	70	diamond	green	(645, 652)	high	no	no_dis	N	dif	vert	up	True	288666	290524	up	1	1	78
15	cjy	f	23	1	70	circle	green	(645, 652)	high	dis	(565, 619)	N	dif	hori	left	True	291667	293139	left	1	1	79
15	cjy	f	23	1	70	circle	green	(757, 540)	low	no	no_dis	N	same	vert	up	True	294256	295667	up	1	1	80
15	cjy	f	23	1	70	circle	green	(645, 652)	high	dis	(724, 460)	N	same	hori	left	True	296914	298483	left	1	1	81
15	cjy	f	23	1	70	diamond	green	(533, 540)	low	dis	(645, 428)	N	dif	hori	left	True	299591	300828	up	0	1	82
15	cjy	f	23	1	70	circle	green	(645, 652)	high	dis	(724, 460)	N	dif	hori	left	True	303444	304987	left	1	1	83
15	cjy	f	23	1	70	circle	red	(645, 652)	high	no	no_dis	N	same	hori	left	True	306030	306995	left	1	1	84
15	cjy	f	23	1	70	diamond	green	(645, 652)	high	dis	(565, 619)	N	same	hori	left	True	308203	310995	left	1	1	85
15	cjy	f	23	1	70	diamond	green	(565, 460)	low	dis	(565, 619)	N	dif	vert	up	True	312171	314267	up	1	1	86
15	cjy	f	23	1	70	diamond	green	(645, 652)	high	dis	(645, 428)	N	dif	vert	up	True	315353	317075	up	1	1	87
15	cjy	f	23	1	70	circle	green	(724, 460)	low	dis	(645, 428)	N	dif	hori	left	True	318112	319771	up	0	1	88
15	cjy	f	23	1	70	circle	red	(645, 652)	high	dis	(565, 619)	N	same	vert	up	True	322489	324987	up	1	1	89
15	cjy	f	23	1	70	circle	red	(645, 652)	high	dis	(565, 460)	N	dif	vert	up	True	326236	327259	up	1	1	90
15	cjy	f	23	1	70	circle	green	(645, 652)	high	dis	(757, 540)	N	dif	hori	left	True	328466	329323	left	1	1	91
15	cjy	f	23	1	70	diamond	green	(645, 652)	high	no	no_dis	N	dif	hori	left	True	330515	332275	left	1	1	92
15	cjy	f	23	1	70	diamond	red	(645, 652)	high	dis	(565, 460)	N	same	vert	up	True	333352	335619	up	1	1	93
15	cjy	f	23	1	70	diamond	red	(645, 652)	high	dis	(757, 540)	N	dif	hori	left	True	336670	339011	left	1	1	94
15	cjy	f	23	1	70	circle	red	(645, 652)	high	no	no_dis	N	same	hori	left	True	340118	341323	left	1	1	95
15	cjy	f	23	1	70	circle	red	(645, 652)	high	no	no_dis	N	dif	vert	up	True	342442	343955	up	1	1	96
15	cjy	f	23	1	70	diamond	red	(645, 652)	high	dis	(724, 460)	N	dif	vert	up	True	345207	346676	up	1	1	97
15	cjy	f	23	1	70	circle	green	(645, 652)	high	dis	(565, 460)	N	same	vert	up	True	347740	349267	up	1	1	98
15	cjy	f	23	1	70	diamond	green	(645, 652)	high	dis	(533, 540)	N	same	vert	up	True	350336	351491	up	1	1	99
15	cjy	f	23	1	70	circle	green	(645, 652)	high	no	no_dis	N	same	hori	left	True	352621	353723	left	1	1	100
15	cjy	f	23	1	70	circle	green	(757, 540)	low	dis	(724, 619)	N	same	vert	up	True	354922	356859	left	0	1	101
15	cjy	f	23	1	70	diamond	red	(645, 428)	low	dis	(645, 652)	Y	dif	hori	left	True	359487	360347	up	0	1	102
15	cjy	f	23	1	70	circle	red	(645, 652)	high	dis	(724, 619)	N	same	vert	up	True	362953	364171	up	1	1	103
15	cjy	f	23	1	70	diamond	green	(645, 652)	high	no	no_dis	N	same	vert	up	True	365294	366035	up	1	1	104
15	cjy	f	23	1	70	diamond	green	(565, 619)	low	dis	(724, 619)	N	same	vert	up	True	367151	369987	up	1	1	105
15	cjy	f	23	1	70	circle	green	(645, 652)	high	dis	(565, 460)	N	same	hori	left	True	371002	372203	up	0	1	106
15	cjy	f	23	1	70	circle	green	(565, 460)	low	dis	(645, 652)	Y	same	hori	left	True	374817	376587	left	1	1	107
15	cjy	f	23	1	70	circle	green	(645, 652)	high	dis	(645, 428)	N	dif	vert	up	True	377672	379195	up	1	1	108
15	cjy	f	23	1	70	circle	green	(645, 652)	high	no	no_dis	N	same	hori	left	True	380209	381629	left	1	1	109
15	cjy	f	23	1	70	circle	green	(645, 652)	high	no	no_dis	N	same	vert	up	True	382829	383572	left	0	1	110
15	cjy	f	23	1	70	diamond	red	(645, 652)	high	no	no_dis	N	dif	vert	up	True	386139	387003	up	1	1	111
15	cjy	f	23	1	70	circle	green	(645, 652)	high	no	no_dis	N	same	hori	left	True	388250	389283	left	1	1	112
15	cjy	f	23	1	70	diamond	green	(565, 619)	low	no	no_dis	N	same	vert	up	True	390345	392195	up	1	1	113
15	cjy	f	23	1	70	diamond	red	(724, 460)	low	dis	(645, 652)	Y	same	vert	up	True	393351	395179	up	1	1	114
15	cjy	f	23	1	70	circle	green	(533, 540)	low	no	no_dis	N	dif	vert	up	True	396245	397827	left	0	1	115
15	cjy	f	23	1	70	circle	red	(645, 652)	high	no	no_dis	N	same	vert	up	True	400399	401747	up	1	1	116
15	cjy	f	23	1	70	circle	green	(645, 652)	high	no	no_dis	N	same	vert	up	True	402985	404179	up	1	1	117
15	cjy	f	23	1	70	circle	red	(724, 619)	low	no	no_dis	N	same	hori	left	True	405279	406227	left	1	1	118
15	cjy	f	23	1	70	circle	red	(645, 652)	high	dis	(645, 428)	N	dif	hori	left	True	407316	409732	left	1	1	119
15	cjy	f	23	1	70	diamond	red	(645, 652)	high	dis	(724, 619)	N	dif	vert	up	True	410766	411811	left	0	1	120
15	cjy	f	23	1	70	diamond	green	(565, 619)	low	no	no_dis	N	dif	hori	left	False	447121	None	None	0	2	1
15	cjy	f	23	1	70	circle	red	(645, 652)	high	dis	(724, 460)	N	same	vert	up	True	452855	455227	up	1	2	2
15	cjy	f	23	1	70	circle	red	(645, 652)	high	no	no_dis	N	dif	vert	up	True	456467	457276	up	1	2	3
15	cjy	f	23	1	70	diamond	green	(645, 652)	high	dis	(724, 460)	N	same	vert	up	True	458495	459963	left	0	2	4
15	cjy	f	23	1	70	diamond	red	(645, 652)	high	no	no_dis	N	same	vert	up	True	462500	464067	up	1	2	5
15	cjy	f	23	1	70	diamond	red	(724, 460)	low	no	no_dis	N	dif	hori	left	True	465173	466755	left	1	2	6
15	cjy	f	23	1	70	diamond	red	(645, 428)	low	dis	(724, 460)	N	dif	vert	up	True	467953	469827	up	1	2	7
15	cjy	f	23	1	70	diamond	green	(645, 428)	low	dis	(645, 652)	Y	dif	hori	left	True	470840	472059	up	0	2	8
15	cjy	f	23	1	70	diamond	green	(645, 652)	high	no	no_dis	N	same	hori	left	True	474794	475843	left	1	2	9
15	cjy	f	23	1	70	diamond	green	(533, 540)	low	dis	(757, 540)	N	dif	hori	left	True	476959	478260	left	1	2	10
15	cjy	f	23	1	70	circle	red	(757, 540)	low	no	no_dis	N	dif	vert	up	True	479411	480684	up	1	2	11
15	cjy	f	23	1	70	circle	green	(565, 619)	low	dis	(645, 652)	Y	same	hori	left	True	481833	483843	left	1	2	12
15	cjy	f	23	1	70	circle	green	(645, 652)	high	dis	(757, 540)	N	same	hori	left	True	485022	486275	left	1	2	13
15	cjy	f	23	1	70	circle	green	(565, 460)	low	no	no_dis	N	same	hori	left	True	487311	488219	left	1	2	14
15	cjy	f	23	1	70	circle	red	(645, 428)	low	dis	(757, 540)	N	dif	vert	up	True	489454	490739	up	1	2	15
15	cjy	f	23	1	70	circle	red	(565, 619)	low	dis	(565, 460)	N	dif	hori	left	True	491989	493955	left	1	2	16
15	cjy	f	23	1	70	diamond	green	(645, 652)	high	no	no_dis	N	dif	hori	left	True	495109	496467	left	1	2	17
15	cjy	f	23	1	70	diamond	red	(645, 652)	high	dis	(565, 460)	N	dif	vert	up	True	497550	499164	left	0	2	18
15	cjy	f	23	1	70	diamond	green	(565, 460)	low	dis	(565, 619)	N	same	vert	up	True	501903	503995	up	1	2	19
15	cjy	f	23	1	70	diamond	red	(645, 652)	high	dis	(533, 540)	N	dif	vert	up	True	505175	506556	up	1	2	20
15	cjy	f	23	1	70	diamond	red	(645, 652)	high	no	no_dis	N	same	vert	up	True	507602	508603	up	1	2	21
15	cjy	f	23	1	70	diamond	green	(645, 652)	high	dis	(565, 619)	N	same	hori	left	True	509741	511859	left	1	2	22
15	cjy	f	23	1	70	diamond	red	(645, 652)	high	no	no_dis	N	same	vert	up	True	513068	515052	up	1	2	23
15	cjy	f	23	1	70	circle	green	(645, 652)	high	dis	(724, 619)	N	dif	hori	left	True	516126	518299	left	1	2	24
15	cjy	f	23	1	70	diamond	red	(645, 652)	high	no	no_dis	N	dif	vert	up	True	519389	521131	up	1	2	25
15	cjy	f	23	1	70	circle	green	(645, 652)	high	no	no_dis	N	dif	hori	left	True	522144	523411	left	1	2	26
15	cjy	f	23	1	70	circle	red	(645, 652)	high	dis	(645, 428)	N	dif	vert	up	True	524605	526603	left	0	2	27
15	cjy	f	23	1	70	diamond	green	(645, 652)	high	dis	(565, 460)	N	same	hori	left	True	529324	531171	up	0	2	28
15	cjy	f	23	1	70	diamond	green	(724, 460)	low	dis	(533, 540)	N	same	hori	left	True	533703	535828	left	1	2	29
15	cjy	f	23	1	70	circle	green	(645, 652)	high	dis	(533, 540)	N	same	vert	up	True	536897	539059	up	1	2	30
15	cjy	f	23	1	70	circle	green	(645, 652)	high	no	no_dis	N	same	hori	left	True	540235	541427	left	1	2	31
15	cjy	f	23	1	70	diamond	red	(533, 540)	low	dis	(565, 460)	N	dif	vert	up	True	542672	544539	up	1	2	32
15	cjy	f	23	1	70	diamond	red	(565, 460)	low	no	no_dis	N	same	vert	up	True	545762	546748	up	1	2	33
15	cjy	f	23	1	70	diamond	red	(645, 652)	high	dis	(724, 460)	N	same	hori	left	True	547887	549155	left	1	2	34
15	cjy	f	23	1	70	circle	red	(565, 619)	low	no	no_dis	N	same	vert	up	True	550199	552083	up	1	2	35
15	cjy	f	23	1	70	diamond	green	(645, 652)	high	no	no_dis	N	same	vert	up	True	553289	554331	up	1	2	36
15	cjy	f	23	1	70	diamond	green	(645, 652)	high	dis	(724, 619)	N	same	hori	left	True	555561	557915	left	1	2	37
15	cjy	f	23	1	70	circle	green	(724, 619)	low	no	no_dis	N	dif	hori	left	True	559049	560371	left	1	2	38
15	cjy	f	23	1	70	circle	green	(645, 652)	high	dis	(757, 540)	N	dif	vert	up	True	561490	563139	up	1	2	39
15	cjy	f	23	1	70	circle	red	(645, 652)	high	no	no_dis	N	dif	vert	up	True	564347	565796	up	1	2	40
15	cjy	f	23	1	70	circle	green	(645, 652)	high	dis	(645, 428)	N	dif	vert	up	True	566965	567907	up	1	2	41
15	cjy	f	23	1	70	circle	red	(645, 652)	high	no	no_dis	N	dif	hori	left	True	568973	570123	left	1	2	42
15	cjy	f	23	1	70	diamond	green	(645, 652)	high	dis	(645, 428)	N	dif	hori	left	True	571328	573380	left	1	2	43
15	cjy	f	23	1	70	circle	red	(645, 652)	high	dis	(533, 540)	N	dif	vert	up	True	574460	575900	up	1	2	44
15	cjy	f	23	1	70	circle	green	(645, 652)	high	dis	(565, 619)	N	same	vert	up	True	576907	577851	up	1	2	45
15	cjy	f	23	1	70	circle	red	(645, 652)	high	dis	(565, 460)	N	dif	vert	up	True	578974	579707	up	1	2	46
15	cjy	f	23	1	70	circle	red	(645, 652)	high	dis	(757, 540)	N	dif	hori	left	True	580831	581915	up	0	2	47
15	cjy	f	23	1	70	circle	green	(645, 652)	high	dis	(565, 619)	N	same	vert	up	True	584486	587043	up	1	2	48
15	cjy	f	23	1	70	circle	green	(645, 652)	high	dis	(645, 428)	N	dif	hori	left	True	588102	588987	left	1	2	49
15	cjy	f	23	1	70	diamond	red	(645, 652)	high	dis	(565, 460)	N	same	hori	left	True	590095	591891	left	1	2	50
15	cjy	f	23	1	70	diamond	green	(645, 652)	high	dis	(724, 619)	N	same	hori	left	True	592949	594315	up	0	2	51
15	cjy	f	23	1	70	circle	green	(645, 652)	high	no	no_dis	N	dif	hori	left	True	596969	598092	left	1	2	52
15	cjy	f	23	1	70	circle	red	(645, 652)	high	dis	(565, 619)	N	dif	hori	left	True	599248	599963	left	1	2	53
15	cjy	f	23	1	70	circle	red	(645, 652)	high	no	no_dis	N	dif	vert	up	True	600967	601507	left	0	2	54
15	cjy	f	23	1	70	diamond	red	(645, 652)	high	dis	(724, 619)	N	dif	hori	left	True	604150	605731	left	1	2	55
15	cjy	f	23	1	70	circle	red	(645, 652)	high	dis	(533, 540)	N	dif	vert	up	True	606774	608307	up	1	2	56
15	cjy	f	23	1	70	diamond	red	(645, 652)	high	dis	(757, 540)	N	same	vert	up	True	609554	611083	up	1	2	57
15	cjy	f	23	1	70	diamond	red	(645, 652)	high	dis	(565, 619)	N	dif	hori	left	True	612215	613115	left	1	2	58
15	cjy	f	23	1	70	circle	red	(724, 460)	low	dis	(645, 428)	N	same	vert	up	True	614137	615979	up	1	2	59
15	cjy	f	23	1	70	diamond	green	(645, 428)	low	no	no_dis	N	same	hori	left	True	617185	618395	left	1	2	60
15	cjy	f	23	1	70	diamond	red	(757, 540)	low	no	no_dis	N	dif	vert	up	True	619492	621003	up	1	2	61
15	cjy	f	23	1	70	diamond	red	(645, 652)	high	dis	(757, 540)	N	same	hori	left	True	622234	624251	left	1	2	62
15	cjy	f	23	1	70	diamond	red	(565, 460)	low	dis	(645, 652)	Y	same	hori	left	True	625390	627291	left	1	2	63
15	cjy	f	23	1	70	diamond	green	(645, 652)	high	dis	(533, 540)	N	dif	hori	left	True	628344	629411	left	1	2	64
15	cjy	f	23	1	70	diamond	green	(645, 652)	high	dis	(533, 540)	N	dif	vert	up	True	630506	631435	up	1	2	65
15	cjy	f	23	1	70	circle	red	(533, 540)	low	dis	(645, 652)	Y	same	hori	left	True	632581	633995	left	1	2	66
15	cjy	f	23	1	70	diamond	red	(645, 652)	high	dis	(565, 619)	N	same	vert	up	True	635138	636427	up	1	2	67
15	cjy	f	23	1	70	circle	green	(645, 428)	low	dis	(645, 652)	Y	dif	hori	left	True	637434	639363	left	1	2	68
15	cjy	f	23	1	70	circle	red	(645, 652)	high	no	no_dis	N	dif	hori	left	True	640410	641491	left	1	2	69
15	cjy	f	23	1	70	diamond	red	(645, 652)	high	no	no_dis	N	same	hori	left	True	642561	644267	left	1	2	70
15	cjy	f	23	1	70	circle	green	(645, 652)	high	dis	(724, 619)	N	dif	hori	left	True	645358	646883	left	1	2	71
15	cjy	f	23	1	70	diamond	green	(645, 652)	high	dis	(645, 428)	N	same	vert	up	True	648075	649571	up	1	2	72
15	cjy	f	23	1	70	circle	red	(724, 619)	low	dis	(645, 652)	Y	same	vert	up	True	650695	653403	left	0	2	73
15	cjy	f	23	1	70	diamond	green	(757, 540)	low	dis	(724, 619)	N	same	vert	up	True	655938	657620	up	1	2	74
15	cjy	f	23	1	70	diamond	red	(645, 652)	high	dis	(724, 460)	N	dif	hori	left	True	658739	660163	left	1	2	75
15	cjy	f	23	1	70	circle	green	(645, 652)	high	no	no_dis	N	dif	hori	left	True	661371	662603	left	1	2	76
15	cjy	f	23	1	70	circle	red	(757, 540)	low	dis	(645, 428)	N	dif	hori	left	True	663681	664931	left	1	2	77
15	cjy	f	23	1	70	diamond	green	(645, 652)	high	dis	(565, 619)	N	same	vert	up	True	665997	667540	up	1	2	78
15	cjy	f	23	1	70	circle	green	(645, 652)	high	dis	(757, 540)	N	dif	hori	left	True	668551	670027	left	1	2	79
15	cjy	f	23	1	70	circle	green	(565, 460)	low	dis	(645, 652)	Y	dif	vert	up	True	671032	672308	up	1	2	80
15	cjy	f	23	1	70	circle	red	(645, 652)	high	dis	(565, 460)	N	same	hori	left	True	673485	675171	left	1	2	81
15	cjy	f	23	1	70	diamond	red	(645, 652)	high	dis	(565, 619)	N	same	vert	up	True	676386	677804	up	1	2	82
15	cjy	f	23	1	70	diamond	green	(645, 652)	high	no	no_dis	N	dif	hori	left	True	678842	680604	left	1	2	83
15	cjy	f	23	1	70	diamond	red	(724, 460)	low	dis	(645, 652)	Y	same	vert	up	True	681708	683564	up	1	2	84
15	cjy	f	23	1	70	circle	red	(724, 460)	low	no	no_dis	N	same	vert	up	False	684678	None	None	0	2	85
15	cjy	f	23	1	70	diamond	green	(645, 652)	high	dis	(565, 460)	N	same	vert	up	True	690335	691843	up	1	2	86
15	cjy	f	23	1	70	circle	red	(645, 652)	high	dis	(724, 619)	N	dif	vert	up	True	693061	694475	up	1	2	87
15	cjy	f	23	1	70	circle	green	(645, 652)	high	no	no_dis	N	same	vert	up	True	695572	696900	up	1	2	88
15	cjy	f	23	1	70	circle	red	(645, 652)	high	dis	(724, 460)	N	same	hori	left	True	697955	699044	left	1	2	89
15	cjy	f	23	1	70	diamond	green	(645, 652)	high	no	no_dis	N	same	hori	left	True	700248	702291	left	1	2	90
15	cjy	f	23	1	70	circle	green	(724, 460)	low	dis	(724, 619)	N	same	hori	left	True	703466	704899	left	1	2	91
15	cjy	f	23	1	70	diamond	green	(645, 652)	high	dis	(645, 428)	N	same	hori	left	True	706010	708827	left	1	2	92
15	cjy	f	23	1	70	circle	green	(724, 619)	low	dis	(724, 460)	N	same	hori	left	True	709893	712099	left	1	2	93
15	cjy	f	23	1	70	circle	green	(533, 540)	low	no	no_dis	N	dif	vert	up	True	713230	714371	up	1	2	94
15	cjy	f	23	1	70	diamond	red	(645, 652)	high	dis	(724, 460)	N	dif	hori	left	True	715456	717219	up	0	2	95
15	cjy	f	23	1	70	diamond	red	(757, 540)	low	dis	(533, 540)	N	dif	vert	up	True	719854	721827	up	1	2	96
15	cjy	f	23	1	70	circle	green	(645, 652)	high	no	no_dis	N	dif	vert	up	True	723051	724707	up	1	2	97
15	cjy	f	23	1	70	diamond	red	(645, 652)	high	no	no_dis	N	same	hori	left	True	725795	726836	left	1	2	98
15	cjy	f	23	1	70	diamond	green	(565, 619)	low	dis	(645, 652)	Y	dif	vert	up	True	727839	729555	left	0	2	99
15	cjy	f	23	1	70	diamond	green	(645, 652)	high	no	no_dis	N	dif	vert	up	True	732275	733643	up	1	2	100
15	cjy	f	23	1	70	diamond	green	(645, 652)	high	no	no_dis	N	same	vert	up	True	734868	735955	up	1	2	101
15	cjy	f	23	1	70	diamond	green	(645, 652)	high	dis	(724, 460)	N	same	hori	left	True	737079	738956	left	1	2	102
15	cjy	f	23	1	70	diamond	green	(645, 652)	high	dis	(724, 460)	N	dif	hori	left	True	740207	741163	left	1	2	103
15	cjy	f	23	1	70	diamond	red	(724, 619)	low	dis	(565, 619)	N	dif	hori	left	True	742236	743419	left	1	2	104
15	cjy	f	23	1	70	diamond	red	(645, 652)	high	dis	(757, 540)	N	dif	vert	up	True	744562	745467	up	1	2	105
15	cjy	f	23	1	70	circle	green	(645, 652)	high	dis	(533, 540)	N	same	vert	up	True	746494	748531	up	1	2	106
15	cjy	f	23	1	70	circle	red	(645, 652)	high	dis	(533, 540)	N	dif	vert	up	True	749764	750635	up	1	2	107
15	cjy	f	23	1	70	circle	green	(645, 652)	high	dis	(565, 460)	N	dif	hori	left	True	751783	753011	left	1	2	108
15	cjy	f	23	1	70	circle	red	(645, 652)	high	no	no_dis	N	dif	vert	up	True	754185	755211	up	1	2	109
15	cjy	f	23	1	70	diamond	red	(645, 652)	high	dis	(757, 540)	N	same	hori	left	True	756232	757659	up	0	2	110
15	cjy	f	23	1	70	circle	red	(645, 652)	high	no	no_dis	N	same	hori	left	True	760236	761187	left	1	2	111
15	cjy	f	23	1	70	circle	red	(645, 652)	high	dis	(565, 460)	N	same	hori	left	True	762200	764539	left	1	2	112
15	cjy	f	23	1	70	circle	green	(645, 652)	high	dis	(724, 619)	N	dif	vert	up	True	765617	766964	up	1	2	113
15	cjy	f	23	1	70	circle	red	(645, 652)	high	dis	(645, 428)	N	same	vert	up	True	768190	769707	up	1	2	114
15	cjy	f	23	1	70	circle	green	(757, 540)	low	dis	(645, 652)	Y	same	vert	up	True	770735	772516	left	0	2	115
15	cjy	f	23	1	70	circle	red	(645, 652)	high	dis	(724, 619)	N	same	vert	up	True	775258	776483	up	1	2	116
15	cjy	f	23	1	70	diamond	red	(645, 652)	high	no	no_dis	N	same	vert	up	True	777673	779339	up	1	2	117
15	cjy	f	23	1	70	diamond	green	(724, 619)	low	no	no_dis	N	same	hori	left	True	780447	782668	left	1	2	118
15	cjy	f	23	1	70	circle	green	(645, 652)	high	dis	(645, 428)	N	dif	vert	up	True	783759	785012	up	1	2	119
15	cjy	f	23	1	70	circle	green	(645, 652)	high	no	no_dis	N	same	hori	left	True	786148	787212	left	1	2	120
15	cjy	f	23	1	70	circle	green	(645, 652)	high	dis	(724, 460)	N	dif	vert	up	True	820753	822259	up	1	3	1
15	cjy	f	23	1	70	diamond	green	(645, 652)	high	dis	(565, 460)	N	dif	vert	up	True	823457	824867	left	0	3	2
15	cjy	f	23	1	70	diamond	green	(645, 652)	high	no	no_dis	N	dif	vert	up	True	827410	828363	up	1	3	3
15	cjy	f	23	1	70	circle	red	(645, 652)	high	no	no_dis	N	dif	hori	left	True	829398	830931	left	1	3	4
15	cjy	f	23	1	70	diamond	red	(645, 652)	high	no	no_dis	N	same	hori	left	True	832133	833635	left	1	3	5
15	cjy	f	23	1	70	diamond	red	(533, 540)	low	dis	(565, 460)	N	same	hori	left	True	834812	836915	left	1	3	6
15	cjy	f	23	1	70	circle	red	(645, 652)	high	dis	(724, 619)	N	same	vert	up	True	838160	839579	up	1	3	7
15	cjy	f	23	1	70	circle	green	(645, 652)	high	no	no_dis	N	same	hori	left	True	840601	841476	left	1	3	8
15	cjy	f	23	1	70	diamond	green	(645, 652)	high	no	no_dis	N	same	vert	up	True	842622	843435	up	1	3	9
15	cjy	f	23	1	70	circle	red	(645, 652)	high	no	no_dis	N	dif	vert	up	True	844659	846212	up	1	3	10
15	cjy	f	23	1	70	circle	green	(645, 652)	high	dis	(757, 540)	N	same	hori	left	True	847317	848627	left	1	3	11
15	cjy	f	23	1	70	diamond	red	(645, 652)	high	no	no_dis	N	same	vert	up	True	849813	850867	up	1	3	12
15	cjy	f	23	1	70	diamond	green	(757, 540)	low	dis	(724, 460)	N	dif	vert	up	True	852075	854235	up	1	3	13
15	cjy	f	23	1	70	diamond	red	(757, 540)	low	dis	(645, 428)	N	dif	hori	left	True	855419	857011	left	1	3	14
15	cjy	f	23	1	70	circle	green	(645, 652)	high	no	no_dis	N	same	vert	up	True	858211	859291	left	0	3	15
15	cjy	f	23	1	70	circle	red	(645, 652)	high	dis	(724, 619)	N	dif	vert	up	True	862037	863731	up	1	3	16
15	cjy	f	23	1	70	circle	red	(645, 652)	high	dis	(565, 460)	N	dif	vert	up	True	864899	865707	up	1	3	17
15	cjy	f	23	1	70	diamond	red	(724, 619)	low	no	no_dis	N	dif	hori	left	True	866746	868147	left	1	3	18
15	cjy	f	23	1	70	diamond	green	(645, 652)	high	no	no_dis	N	same	vert	up	True	869381	870347	up	1	3	19
15	cjy	f	23	1	70	diamond	red	(645, 652)	high	dis	(533, 540)	N	dif	hori	left	True	871568	872771	left	1	3	20
15	cjy	f	23	1	70	diamond	green	(645, 652)	high	dis	(645, 428)	N	dif	vert	up	True	874018	874859	up	1	3	21
15	cjy	f	23	1	70	diamond	green	(533, 540)	low	dis	(724, 460)	N	dif	vert	up	True	875890	877427	up	1	3	22
15	cjy	f	23	1	70	circle	green	(565, 619)	low	dis	(533, 540)	N	dif	hori	left	True	878532	879979	left	1	3	23
15	cjy	f	23	1	70	diamond	green	(645, 652)	high	dis	(533, 540)	N	dif	hori	left	True	881195	882564	left	1	3	24
15	cjy	f	23	1	70	circle	green	(645, 428)	low	dis	(645, 652)	Y	same	vert	up	True	883645	884563	up	1	3	25
15	cjy	f	23	1	70	circle	red	(645, 652)	high	dis	(645, 428)	N	same	vert	up	False	885809	None	None	0	3	26
15	cjy	f	23	1	70	circle	green	(645, 652)	high	dis	(533, 540)	N	same	hori	left	True	891363	892707	left	1	3	27
15	cjy	f	23	1	70	circle	red	(645, 652)	high	dis	(645, 428)	N	same	hori	left	True	893719	894699	left	1	3	28
15	cjy	f	23	1	70	circle	red	(533, 540)	low	dis	(645, 428)	N	dif	hori	left	True	895725	897283	left	1	3	29
15	cjy	f	23	1	70	diamond	red	(724, 619)	low	dis	(565, 460)	N	same	hori	left	True	898361	900459	left	1	3	30
15	cjy	f	23	1	70	diamond	red	(645, 652)	high	no	no_dis	N	same	vert	up	True	901605	902683	up	1	3	31
15	cjy	f	23	1	70	circle	green	(565, 460)	low	dis	(645, 652)	Y	dif	hori	left	True	903888	904603	up	0	3	32
15	cjy	f	23	1	70	circle	red	(757, 540)	low	dis	(565, 619)	N	same	vert	up	True	907246	909355	up	1	3	33
15	cjy	f	23	1	70	diamond	green	(645, 652)	high	dis	(724, 460)	N	dif	vert	up	True	910431	911955	up	1	3	34
15	cjy	f	23	1	70	circle	green	(645, 652)	high	dis	(565, 460)	N	same	hori	left	True	913043	913931	left	1	3	35
15	cjy	f	23	1	70	diamond	green	(724, 460)	low	dis	(645, 652)	Y	dif	vert	up	True	915073	916515	up	1	3	36
15	cjy	f	23	1	70	diamond	red	(645, 652)	high	no	no_dis	N	same	hori	left	True	917695	919587	left	1	3	37
15	cjy	f	23	1	70	diamond	red	(645, 652)	high	no	no_dis	N	dif	hori	left	True	920737	921627	left	1	3	38
15	cjy	f	23	1	70	diamond	green	(645, 652)	high	dis	(724, 619)	N	same	vert	up	True	922789	924436	left	0	3	39
15	cjy	f	23	1	70	diamond	red	(565, 460)	low	dis	(724, 619)	N	same	hori	left	True	927121	928763	left	1	3	40
15	cjy	f	23	1	70	circle	red	(724, 460)	low	dis	(533, 540)	N	same	vert	up	True	929905	930811	up	1	3	41
15	cjy	f	23	1	70	diamond	green	(645, 652)	high	dis	(645, 428)	N	same	vert	up	True	931910	933875	up	1	3	42
15	cjy	f	23	1	70	circle	red	(565, 619)	low	dis	(645, 652)	Y	same	vert	up	True	934996	937883	up	1	3	43
15	cjy	f	23	1	70	diamond	red	(645, 428)	low	dis	(757, 540)	N	same	vert	up	True	939025	940284	up	1	3	44
15	cjy	f	23	1	70	circle	green	(645, 652)	high	no	no_dis	N	dif	vert	up	True	941303	942763	up	1	3	45
15	cjy	f	23	1	70	diamond	red	(724, 460)	low	dis	(757, 540)	N	same	hori	left	True	943948	945875	left	1	3	46
15	cjy	f	23	1	70	diamond	green	(645, 652)	high	dis	(757, 540)	N	dif	vert	up	True	946892	948379	up	1	3	47
15	cjy	f	23	1	70	circle	green	(645, 652)	high	dis	(533, 540)	N	dif	hori	left	True	949617	951251	left	1	3	48
15	cjy	f	23	1	70	diamond	red	(645, 652)	high	dis	(757, 540)	N	same	hori	left	True	952328	954963	left	1	3	49
15	cjy	f	23	1	70	diamond	red	(724, 460)	low	no	no_dis	N	same	hori	left	True	956171	957251	left	1	3	50
15	cjy	f	23	1	70	diamond	red	(645, 652)	high	dis	(533, 540)	N	dif	hori	left	True	958400	959283	left	1	3	51
15	cjy	f	23	1	70	circle	red	(645, 652)	high	dis	(724, 619)	N	dif	hori	left	True	960478	961699	left	1	3	52
15	cjy	f	23	1	70	circle	green	(645, 652)	high	no	no_dis	N	same	hori	left	True	962803	964123	left	1	3	53
15	cjy	f	23	1	70	circle	green	(565, 619)	low	no	no_dis	N	same	vert	up	True	965311	966659	up	1	3	54
15	cjy	f	23	1	70	circle	green	(645, 652)	high	dis	(533, 540)	N	same	hori	left	True	967726	968739	left	1	3	55
15	cjy	f	23	1	70	diamond	red	(565, 619)	low	no	no_dis	N	same	hori	left	True	969816	971835	left	1	3	56
15	cjy	f	23	1	70	circle	green	(645, 652)	high	dis	(565, 619)	N	dif	hori	left	True	972979	974699	left	1	3	57
15	cjy	f	23	1	70	circle	red	(645, 652)	high	no	no_dis	N	dif	hori	left	True	975816	976707	left	1	3	58
15	cjy	f	23	1	70	diamond	red	(645, 652)	high	dis	(724, 460)	N	same	vert	up	True	977814	980091	up	1	3	59
15	cjy	f	23	1	70	diamond	red	(645, 652)	high	dis	(565, 619)	N	dif	hori	left	True	981342	983051	left	1	3	60
15	cjy	f	23	1	70	circle	red	(645, 652)	high	no	no_dis	N	same	hori	left	True	984223	985091	left	1	3	61
15	cjy	f	23	1	70	diamond	red	(645, 652)	high	dis	(757, 540)	N	dif	vert	up	False	986204	None	None	0	3	62
15	cjy	f	23	1	70	diamond	green	(645, 652)	high	dis	(565, 619)	N	same	vert	up	True	991789	993019	up	1	3	63
15	cjy	f	23	1	70	circle	green	(724, 619)	low	no	no_dis	N	same	vert	up	True	994249	995595	left	0	3	64
15	cjy	f	23	1	70	diamond	red	(645, 652)	high	dis	(757, 540)	N	dif	hori	left	True	998325	999627	left	1	3	65
15	cjy	f	23	1	70	diamond	green	(645, 652)	high	no	no_dis	N	dif	hori	left	True	1000777	1002180	left	1	3	66
15	cjy	f	23	1	70	circle	green	(645, 652)	high	no	no_dis	N	dif	vert	up	True	1003231	1004235	up	1	3	67
15	cjy	f	23	1	70	circle	green	(645, 652)	high	dis	(724, 619)	N	same	vert	up	True	1005381	1006340	up	1	3	68
15	cjy	f	23	1	70	circle	red	(645, 428)	low	dis	(645, 652)	Y	dif	vert	up	True	1007453	1008635	up	1	3	69
15	cjy	f	23	1	70	diamond	green	(565, 460)	low	dis	(645, 652)	Y	dif	vert	up	True	1009869	1010987	left	0	3	70
15	cjy	f	23	1	70	circle	red	(645, 428)	low	no	no_dis	N	dif	vert	up	True	1013511	1014563	up	1	3	71
15	cjy	f	23	1	70	circle	green	(645, 652)	high	dis	(533, 540)	N	dif	vert	up	True	1015757	1017403	up	1	3	72
15	cjy	f	23	1	70	diamond	green	(757, 540)	low	no	no_dis	N	same	vert	up	True	1018505	1020252	up	1	3	73
15	cjy	f	23	1	70	diamond	red	(645, 652)	high	no	no_dis	N	same	hori	left	True	1021262	1022563	left	1	3	74
15	cjy	f	23	1	70	circle	red	(565, 460)	low	no	no_dis	N	dif	vert	up	True	1023805	1025451	up	1	3	75
15	cjy	f	23	1	70	circle	green	(645, 652)	high	dis	(645, 428)	N	same	vert	up	True	1026623	1028275	up	1	3	76
15	cjy	f	23	1	70	diamond	red	(645, 652)	high	dis	(565, 460)	N	same	hori	left	True	1029473	1030891	left	1	3	77
15	cjy	f	23	1	70	diamond	red	(645, 652)	high	dis	(533, 540)	N	dif	vert	up	True	1032099	1033595	up	1	3	78
15	cjy	f	23	1	70	diamond	red	(645, 652)	high	dis	(565, 460)	N	dif	vert	up	True	1034678	1035787	up	1	3	79
15	cjy	f	23	1	70	diamond	green	(645, 652)	high	no	no_dis	N	dif	hori	left	True	1036867	1037803	left	1	3	80
15	cjy	f	23	1	70	circle	red	(645, 652)	high	dis	(645, 428)	N	dif	hori	left	True	1038986	1040067	up	0	3	81
15	cjy	f	23	1	70	diamond	green	(565, 619)	low	dis	(645, 652)	Y	same	hori	left	True	1042737	1043779	left	1	3	82
15	cjy	f	23	1	70	diamond	green	(645, 652)	high	no	no_dis	N	dif	hori	left	True	1044892	1046027	left	1	3	83
15	cjy	f	23	1	70	diamond	red	(645, 652)	high	dis	(724, 460)	N	same	hori	left	True	1047279	1048163	left	1	3	84
15	cjy	f	23	1	70	circle	red	(645, 652)	high	dis	(724, 460)	N	dif	hori	left	True	1049323	1050396	left	1	3	85
15	cjy	f	23	1	70	circle	red	(645, 652)	high	no	no_dis	N	same	vert	up	True	1051501	1053036	up	1	3	86
15	cjy	f	23	1	70	diamond	green	(645, 652)	high	dis	(565, 619)	N	same	hori	left	True	1054167	1056083	up	0	3	87
15	cjy	f	23	1	70	circle	green	(645, 652)	high	no	no_dis	N	dif	hori	left	True	1058829	1059836	left	1	3	88
15	cjy	f	23	1	70	diamond	red	(645, 652)	high	no	no_dis	N	same	hori	left	True	1060840	1062315	left	1	3	89
15	cjy	f	23	1	70	diamond	green	(645, 652)	high	dis	(565, 460)	N	same	vert	up	True	1063342	1064755	up	1	3	90
15	cjy	f	23	1	70	circle	red	(724, 460)	low	no	no_dis	N	dif	vert	up	True	1065979	1067299	up	1	3	91
15	cjy	f	23	1	70	circle	green	(565, 460)	low	no	no_dis	N	same	hori	left	True	1068525	1069787	left	1	3	92
15	cjy	f	23	1	70	diamond	red	(645, 652)	high	dis	(757, 540)	N	same	vert	up	True	1070824	1072563	up	1	3	93
15	cjy	f	23	1	70	circle	green	(645, 652)	high	dis	(724, 460)	N	dif	vert	up	True	1073595	1075900	up	1	3	94
15	cjy	f	23	1	70	circle	red	(645, 652)	high	dis	(724, 619)	N	same	vert	up	True	1076995	1078467	up	1	3	95
15	cjy	f	23	1	70	circle	green	(645, 652)	high	dis	(724, 619)	N	dif	vert	up	True	1079625	1081075	up	1	3	96
15	cjy	f	23	1	70	diamond	red	(645, 652)	high	dis	(757, 540)	N	same	hori	left	True	1082080	1083323	left	1	3	97
15	cjy	f	23	1	70	diamond	green	(645, 652)	high	dis	(645, 428)	N	dif	hori	left	True	1084508	1085563	up	0	3	98
15	cjy	f	23	1	70	circle	red	(724, 619)	low	dis	(565, 619)	N	dif	hori	left	True	1088179	1090491	left	1	3	99
15	cjy	f	23	1	70	circle	green	(645, 652)	high	dis	(565, 619)	N	same	vert	up	True	1091503	1093659	up	1	3	100
15	cjy	f	23	1	70	diamond	green	(645, 652)	high	dis	(724, 460)	N	dif	vert	up	False	1094837	None	None	0	3	101
15	cjy	f	23	1	70	circle	green	(724, 460)	low	dis	(724, 619)	N	dif	vert	up	True	1100442	1102299	up	1	3	102
15	cjy	f	23	1	70	diamond	green	(533, 540)	low	no	no_dis	N	dif	hori	left	True	1103436	1106259	left	1	3	103
15	cjy	f	23	1	70	circle	green	(724, 619)	low	dis	(645, 652)	Y	same	hori	left	True	1107375	1109547	left	1	3	104
15	cjy	f	23	1	70	diamond	green	(645, 428)	low	no	no_dis	N	dif	hori	left	True	1110739	1111835	left	1	3	105
15	cjy	f	23	1	70	diamond	green	(645, 428)	low	dis	(645, 652)	Y	same	vert	up	True	1112875	1114763	up	1	3	106
15	cjy	f	23	1	70	diamond	green	(645, 652)	high	dis	(565, 619)	N	same	hori	left	True	1115954	1117939	left	1	3	107
15	cjy	f	23	1	70	diamond	green	(645, 652)	high	dis	(757, 540)	N	same	hori	left	True	1119158	1121412	left	1	3	108
15	cjy	f	23	1	70	diamond	red	(645, 652)	high	dis	(565, 619)	N	dif	hori	left	True	1122589	1123451	left	1	3	109
15	cjy	f	23	1	70	circle	red	(645, 652)	high	dis	(565, 460)	N	same	hori	left	True	1124686	1126379	left	1	3	110
15	cjy	f	23	1	70	circle	green	(757, 540)	low	dis	(645, 652)	Y	dif	hori	left	True	1127397	1129571	left	1	3	111
15	cjy	f	23	1	70	circle	red	(645, 652)	high	no	no_dis	N	dif	vert	up	True	1130616	1131772	up	1	3	112
15	cjy	f	23	1	70	circle	red	(645, 652)	high	no	no_dis	N	dif	vert	up	True	1133016	1134004	up	1	3	113
15	cjy	f	23	1	70	circle	green	(645, 652)	high	no	no_dis	N	same	vert	up	True	1135250	1137468	up	1	3	114
15	cjy	f	23	1	70	circle	red	(645, 652)	high	dis	(565, 460)	N	same	vert	up	True	1138475	1139595	up	1	3	115
15	cjy	f	23	1	70	circle	red	(645, 652)	high	dis	(565, 619)	N	dif	hori	left	True	1140710	1141603	left	1	3	116
15	cjy	f	23	1	70	diamond	green	(645, 652)	high	no	no_dis	N	dif	vert	up	True	1142823	1144188	up	1	3	117
15	cjy	f	23	1	70	circle	green	(645, 652)	high	dis	(724, 460)	N	same	hori	left	True	1145282	1146675	left	1	3	118
15	cjy	f	23	1	70	circle	red	(645, 652)	high	dis	(724, 619)	N	dif	hori	left	True	1147815	1148779	left	1	3	119
15	cjy	f	23	1	70	circle	red	(645, 652)	high	dis	(645, 428)	N	same	vert	up	True	1149959	1150979	up	1	3	120
15	cjy	f	23	1	70	diamond	green	(533, 540)	low	no	no_dis	N	dif	vert	up	True	1188082	1189971	up	1	4	1
15	cjy	f	23	1	70	circle	green	(645, 652)	high	dis	(565, 460)	N	dif	hori	left	True	1191202	1192171	left	1	4	2
15	cjy	f	23	1	70	circle	green	(757, 540)	low	dis	(645, 652)	Y	dif	vert	up	True	1193384	1194603	up	1	4	3
15	cjy	f	23	1	70	circle	green	(645, 652)	high	no	no_dis	N	dif	vert	up	True	1195695	1196556	up	1	4	4
15	cjy	f	23	1	70	circle	red	(645, 652)	high	dis	(565, 460)	N	same	vert	up	True	1197746	1198532	up	1	4	5
15	cjy	f	23	1	70	circle	red	(645, 652)	high	dis	(645, 428)	N	same	vert	up	True	1199688	1200412	up	1	4	6
15	cjy	f	23	1	70	diamond	red	(724, 619)	low	no	no_dis	N	dif	hori	left	True	1201613	1203059	left	1	4	7
15	cjy	f	23	1	70	circle	green	(645, 652)	high	dis	(724, 619)	N	dif	vert	up	True	1204183	1205292	left	0	4	8
15	cjy	f	23	1	70	diamond	green	(645, 428)	low	dis	(565, 460)	N	same	vert	up	True	1207969	1209427	up	1	4	9
15	cjy	f	23	1	70	circle	green	(645, 652)	high	dis	(533, 540)	N	dif	hori	left	True	1210576	1211747	left	1	4	10
15	cjy	f	23	1	70	diamond	green	(645, 652)	high	dis	(565, 460)	N	dif	hori	left	True	1212765	1214612	left	1	4	11
15	cjy	f	23	1	70	circle	green	(645, 652)	high	no	no_dis	N	dif	vert	up	True	1215629	1216931	up	1	4	12
15	cjy	f	23	1	70	circle	red	(724, 619)	low	dis	(645, 652)	Y	dif	vert	up	True	1218061	1219556	up	1	4	13
15	cjy	f	23	1	70	diamond	red	(645, 652)	high	dis	(645, 428)	N	same	vert	up	True	1220772	1222363	up	1	4	14
15	cjy	f	23	1	70	circle	red	(645, 652)	high	dis	(565, 460)	N	same	hori	left	True	1223456	1225099	left	1	4	15
15	cjy	f	23	1	70	diamond	red	(645, 652)	high	dis	(565, 619)	N	same	hori	left	True	1226230	1227731	left	1	4	16
15	cjy	f	23	1	70	diamond	red	(645, 652)	high	dis	(645, 428)	N	same	vert	up	True	1228983	1230195	up	1	4	17
15	cjy	f	23	1	70	circle	red	(645, 652)	high	no	no_dis	N	dif	hori	left	True	1231332	1232484	left	1	4	18
15	cjy	f	23	1	70	diamond	green	(565, 460)	low	dis	(645, 428)	N	same	vert	up	True	1233545	1236060	up	1	4	19
15	cjy	f	23	1	70	diamond	green	(645, 652)	high	no	no_dis	N	same	hori	left	True	1237181	1239027	left	1	4	20
15	cjy	f	23	1	70	circle	green	(645, 428)	low	dis	(724, 619)	N	dif	hori	left	True	1240177	1241875	left	1	4	21
15	cjy	f	23	1	70	circle	red	(645, 428)	low	dis	(724, 619)	N	same	hori	left	True	1242967	1244172	left	1	4	22
15	cjy	f	23	1	70	circle	red	(533, 540)	low	dis	(565, 460)	N	dif	vert	up	True	1245332	1246859	up	1	4	23
15	cjy	f	23	1	70	diamond	green	(645, 652)	high	dis	(757, 540)	N	dif	vert	up	True	1248072	1249804	up	1	4	24
15	cjy	f	23	1	70	diamond	green	(645, 652)	high	dis	(724, 460)	N	dif	hori	left	True	1250833	1252052	left	1	4	25
15	cjy	f	23	1	70	diamond	green	(724, 460)	low	dis	(533, 540)	N	same	vert	up	True	1253258	1254699	up	1	4	26
15	cjy	f	23	1	70	circle	green	(645, 652)	high	dis	(757, 540)	N	same	vert	up	True	1255720	1257339	up	1	4	27
15	cjy	f	23	1	70	diamond	red	(645, 652)	high	dis	(565, 460)	N	same	vert	up	True	1258419	1259819	up	1	4	28
15	cjy	f	23	1	70	circle	red	(645, 652)	high	no	no_dis	N	same	hori	left	True	1261008	1262492	left	1	4	29
15	cjy	f	23	1	70	circle	red	(645, 652)	high	dis	(565, 460)	N	same	vert	up	True	1263562	1264443	up	1	4	30
15	cjy	f	23	1	70	diamond	green	(757, 540)	low	dis	(645, 652)	Y	same	hori	left	True	1265529	1267324	left	1	4	31
15	cjy	f	23	1	70	diamond	green	(645, 652)	high	no	no_dis	N	same	hori	left	True	1268522	1269771	left	1	4	32
15	cjy	f	23	1	70	circle	red	(645, 652)	high	dis	(533, 540)	N	same	vert	up	True	1270810	1271971	up	1	4	33
15	cjy	f	23	1	70	diamond	red	(645, 652)	high	dis	(533, 540)	N	dif	hori	left	True	1273221	1274107	left	1	4	34
15	cjy	f	23	1	70	diamond	red	(565, 460)	low	dis	(757, 540)	N	same	hori	left	True	1275215	1276452	left	1	4	35
15	cjy	f	23	1	70	circle	red	(724, 460)	low	dis	(757, 540)	N	same	vert	up	True	1277680	1279043	up	1	4	36
15	cjy	f	23	1	70	circle	red	(565, 460)	low	no	no_dis	N	dif	vert	up	True	1280063	1280923	left	0	4	37
15	cjy	f	23	1	70	circle	green	(645, 652)	high	dis	(565, 619)	N	same	hori	left	True	1283638	1285028	left	1	4	38
15	cjy	f	23	1	70	diamond	red	(533, 540)	low	no	no_dis	N	same	vert	up	True	1286184	1287683	up	1	4	39
15	cjy	f	23	1	70	circle	green	(645, 652)	high	no	no_dis	N	same	vert	up	True	1288923	1290132	up	1	4	40
15	cjy	f	23	1	70	circle	green	(645, 652)	high	no	no_dis	N	dif	hori	left	True	1291322	1292179	left	1	4	41
15	cjy	f	23	1	70	diamond	red	(645, 652)	high	dis	(724, 619)	N	dif	hori	left	True	1293265	1294788	left	1	4	42
15	cjy	f	23	1	70	diamond	green	(724, 460)	low	no	no_dis	N	dif	vert	up	True	1295862	1297251	up	1	4	43
15	cjy	f	23	1	70	circle	red	(645, 652)	high	dis	(757, 540)	N	dif	vert	up	True	1298330	1299836	up	1	4	44
15	cjy	f	23	1	70	circle	green	(724, 619)	low	dis	(533, 540)	N	dif	vert	up	True	1300974	1302164	up	1	4	45
15	cjy	f	23	1	70	diamond	red	(645, 652)	high	dis	(724, 619)	N	same	hori	left	True	1303197	1304476	left	1	4	46
15	cjy	f	23	1	70	diamond	red	(645, 652)	high	dis	(724, 619)	N	dif	vert	up	True	1305613	1306843	up	1	4	47
15	cjy	f	23	1	70	diamond	green	(645, 652)	high	dis	(724, 619)	N	dif	hori	left	True	1307887	1308979	left	1	4	48
15	cjy	f	23	1	70	circle	green	(645, 428)	low	no	no_dis	N	dif	hori	left	True	1310144	1311243	left	1	4	49
15	cjy	f	23	1	70	circle	green	(645, 652)	high	dis	(533, 540)	N	dif	hori	left	True	1312284	1313339	left	1	4	50
15	cjy	f	23	1	70	circle	green	(645, 652)	high	dis	(565, 460)	N	same	vert	up	True	1314487	1315771	up	1	4	51
15	cjy	f	23	1	70	circle	red	(645, 652)	high	no	no_dis	N	dif	hori	left	True	1316929	1317779	left	1	4	52
15	cjy	f	23	1	70	diamond	red	(645, 652)	high	no	no_dis	N	dif	vert	up	True	1318834	1320163	left	0	4	53
15	cjy	f	23	1	70	circle	green	(645, 652)	high	dis	(724, 460)	N	dif	vert	up	True	1322873	1325060	up	1	4	54
15	cjy	f	23	1	70	diamond	green	(645, 652)	high	dis	(757, 540)	N	dif	vert	up	True	1326229	1327427	up	1	4	55
15	cjy	f	23	1	70	circle	red	(645, 652)	high	dis	(565, 619)	N	dif	vert	up	True	1328495	1329708	up	1	4	56
15	cjy	f	23	1	70	diamond	green	(533, 540)	low	dis	(724, 460)	N	same	hori	left	True	1330781	1332524	left	1	4	57
15	cjy	f	23	1	70	diamond	green	(645, 428)	low	no	no_dis	N	dif	hori	left	True	1333743	1335083	left	1	4	58
15	cjy	f	23	1	70	diamond	red	(645, 652)	high	dis	(645, 428)	N	same	hori	left	True	1336153	1337011	left	1	4	59
15	cjy	f	23	1	70	circle	green	(645, 652)	high	no	no_dis	N	dif	hori	left	True	1338168	1338980	left	1	4	60
15	cjy	f	23	1	70	circle	red	(724, 619)	low	no	no_dis	N	same	vert	up	True	1340071	1340875	left	0	4	61
15	cjy	f	23	1	70	circle	green	(565, 619)	low	dis	(645, 652)	Y	dif	hori	left	True	1343403	1344307	up	0	4	62
15	cjy	f	23	1	70	circle	green	(645, 652)	high	dis	(724, 460)	N	dif	vert	up	True	1346969	1348628	up	1	4	63
15	cjy	f	23	1	70	diamond	red	(645, 652)	high	dis	(565, 619)	N	dif	vert	up	True	1349645	1350572	up	1	4	64
15	cjy	f	23	1	70	diamond	red	(645, 652)	high	no	no_dis	N	same	hori	left	True	1351584	1352596	left	1	4	65
15	cjy	f	23	1	70	diamond	green	(645, 652)	high	dis	(724, 460)	N	dif	hori	left	True	1353704	1354524	left	1	4	66
15	cjy	f	23	1	70	circle	red	(645, 652)	high	no	no_dis	N	same	vert	up	True	1355566	1356475	up	1	4	67
15	cjy	f	23	1	70	diamond	red	(645, 652)	high	dis	(565, 619)	N	dif	vert	up	True	1357651	1358531	up	1	4	68
15	cjy	f	23	1	70	diamond	green	(645, 652)	high	dis	(645, 428)	N	dif	vert	up	True	1359687	1360691	up	1	4	69
15	cjy	f	23	1	70	circle	green	(757, 540)	low	no	no_dis	N	same	vert	up	True	1361809	1363460	left	0	4	70
15	cjy	f	23	1	70	circle	red	(565, 619)	low	dis	(645, 652)	Y	same	hori	left	True	1366160	1368227	left	1	4	71
15	cjy	f	23	1	70	diamond	red	(645, 652)	high	dis	(757, 540)	N	same	hori	left	True	1369425	1371291	left	1	4	72
15	cjy	f	23	1	70	diamond	red	(645, 652)	high	dis	(724, 460)	N	dif	vert	up	True	1372347	1373148	up	1	4	73
15	cjy	f	23	1	70	diamond	green	(645, 652)	high	no	no_dis	N	dif	vert	up	True	1374286	1375059	up	1	4	74
15	cjy	f	23	1	70	circle	red	(645, 652)	high	dis	(533, 540)	N	same	hori	left	True	1376106	1377124	left	1	4	75
15	cjy	f	23	1	70	circle	red	(645, 652)	high	dis	(533, 540)	N	same	vert	up	True	1378289	1379283	left	0	4	76
15	cjy	f	23	1	70	diamond	green	(645, 652)	high	dis	(533, 540)	N	dif	vert	up	True	1382048	1383452	up	1	4	77
15	cjy	f	23	1	70	diamond	red	(645, 652)	high	no	no_dis	N	same	hori	left	True	1384517	1385771	left	1	4	78
15	cjy	f	23	1	70	circle	red	(645, 652)	high	dis	(724, 460)	N	same	hori	left	True	1386987	1388044	left	1	4	79
15	cjy	f	23	1	70	circle	red	(757, 540)	low	dis	(645, 652)	Y	same	vert	up	True	1389156	1390468	up	1	4	80
15	cjy	f	23	1	70	circle	red	(645, 652)	high	dis	(645, 428)	N	same	hori	left	True	1391517	1392307	left	1	4	81
15	cjy	f	23	1	70	diamond	green	(645, 652)	high	no	no_dis	N	same	vert	up	True	1393411	1394571	up	1	4	82
15	cjy	f	23	1	70	circle	green	(724, 460)	low	no	no_dis	N	same	hori	left	True	1395794	1397027	left	1	4	83
15	cjy	f	23	1	70	circle	green	(645, 652)	high	dis	(724, 619)	N	dif	hori	left	True	1398277	1400155	left	1	4	84
15	cjy	f	23	1	70	diamond	red	(533, 540)	low	dis	(645, 428)	N	same	vert	up	True	1401297	1403052	up	1	4	85
15	cjy	f	23	1	70	diamond	green	(645, 652)	high	dis	(645, 428)	N	same	vert	up	True	1404257	1405812	up	1	4	86
15	cjy	f	23	1	70	diamond	green	(645, 652)	high	no	no_dis	N	dif	vert	up	True	1406963	1407748	up	1	4	87
15	cjy	f	23	1	70	diamond	red	(645, 652)	high	no	no_dis	N	dif	hori	left	True	1408826	1409676	left	1	4	88
15	cjy	f	23	1	70	diamond	green	(645, 652)	high	no	no_dis	N	same	vert	up	True	1410733	1412228	up	1	4	89
15	cjy	f	23	1	70	circle	red	(645, 652)	high	dis	(533, 540)	N	same	hori	left	True	1413304	1414276	left	1	4	90
15	cjy	f	23	1	70	diamond	green	(645, 652)	high	no	no_dis	N	dif	hori	left	True	1415301	1416939	left	1	4	91
15	cjy	f	23	1	70	diamond	red	(645, 652)	high	no	no_dis	N	dif	hori	left	True	1418102	1419180	left	1	4	92
15	cjy	f	23	1	70	circle	red	(645, 652)	high	no	no_dis	N	dif	vert	up	True	1420308	1421212	left	0	4	93
15	cjy	f	23	1	70	circle	red	(645, 652)	high	dis	(724, 460)	N	same	vert	up	True	1423896	1424924	up	1	4	94
15	cjy	f	23	1	70	diamond	green	(645, 652)	high	dis	(757, 540)	N	dif	hori	left	True	1426153	1428019	left	1	4	95
15	cjy	f	23	1	70	diamond	red	(724, 460)	low	dis	(645, 652)	Y	dif	hori	left	True	1429149	1430932	left	1	4	96
15	cjy	f	23	1	70	diamond	green	(565, 619)	low	dis	(645, 652)	Y	dif	hori	left	True	1431998	1433611	up	0	4	97
15	cjy	f	23	1	70	circle	green	(645, 652)	high	dis	(724, 619)	N	dif	hori	left	True	1436357	1437475	left	1	4	98
15	cjy	f	23	1	70	diamond	red	(757, 540)	low	dis	(645, 652)	Y	dif	hori	left	True	1438581	1440244	left	1	4	99
15	cjy	f	23	1	70	diamond	green	(645, 652)	high	dis	(724, 460)	N	dif	hori	left	True	1441276	1442819	left	1	4	100
15	cjy	f	23	1	70	circle	red	(645, 652)	high	dis	(565, 619)	N	same	hori	left	True	1443849	1445452	left	1	4	101
15	cjy	f	23	1	70	diamond	red	(645, 428)	low	dis	(724, 460)	N	dif	vert	up	True	1446640	1447867	up	1	4	102
15	cjy	f	23	1	70	diamond	red	(645, 652)	high	no	no_dis	N	same	vert	up	True	1449000	1450131	up	1	4	103
15	cjy	f	23	1	70	diamond	red	(724, 619)	low	dis	(565, 619)	N	same	hori	left	True	1451274	1452331	left	1	4	104
15	cjy	f	23	1	70	circle	green	(645, 652)	high	dis	(565, 619)	N	same	hori	left	True	1453361	1454395	left	1	4	105
15	cjy	f	23	1	70	circle	red	(645, 652)	high	no	no_dis	N	same	vert	up	True	1455555	1456699	left	0	4	106
15	cjy	f	23	1	70	diamond	green	(645, 652)	high	dis	(757, 540)	N	same	hori	left	True	1459253	1460107	left	1	4	107
15	cjy	f	23	1	70	diamond	red	(645, 652)	high	dis	(757, 540)	N	dif	hori	left	True	1461112	1461884	left	1	4	108
15	cjy	f	23	1	70	circle	green	(724, 460)	low	dis	(565, 619)	N	dif	hori	left	True	1463058	1464739	up	0	4	109
15	cjy	f	23	1	70	circle	red	(757, 540)	low	no	no_dis	N	same	hori	left	True	1467301	1468131	left	1	4	110
15	cjy	f	23	1	70	circle	green	(645, 652)	high	dis	(645, 428)	N	dif	vert	up	True	1469238	1470411	up	1	4	111
15	cjy	f	23	1	70	diamond	red	(645, 652)	high	no	no_dis	N	dif	vert	up	True	1471595	1472851	up	1	4	112
15	cjy	f	23	1	70	circle	green	(645, 652)	high	no	no_dis	N	same	hori	left	True	1474056	1474795	left	1	4	113
15	cjy	f	23	1	70	diamond	green	(645, 652)	high	dis	(565, 619)	N	same	vert	up	True	1476013	1478467	up	1	4	114
15	cjy	f	23	1	70	circle	green	(645, 652)	high	dis	(724, 619)	N	same	hori	left	True	1479521	1481700	left	1	4	115
15	cjy	f	23	1	70	circle	green	(645, 652)	high	no	no_dis	N	same	vert	up	True	1482708	1483564	up	1	4	116
15	cjy	f	23	1	70	diamond	green	(645, 652)	high	dis	(565, 460)	N	same	vert	up	True	1484663	1485731	up	1	4	117
15	cjy	f	23	1	70	circle	green	(565, 460)	low	dis	(645, 652)	Y	dif	vert	up	True	1486829	1488851	up	1	4	118
15	cjy	f	23	1	70	circle	red	(645, 652)	high	no	no_dis	N	same	hori	left	True	1489916	1490651	left	1	4	119
15	cjy	f	23	1	70	diamond	red	(565, 619)	low	no	no_dis	N	same	hori	left	True	1491777	1493339	left	1	4	120
15	cjy	f	23	1	70	circle	green	(645, 652)	high	no	no_dis	N	same	vert	up	True	1525585	1527043	up	1	5	1
15	cjy	f	23	1	70	diamond	green	(565, 460)	low	dis	(645, 652)	Y	dif	hori	left	True	1528285	1529612	left	1	5	2
15	cjy	f	23	1	70	circle	red	(645, 652)	high	dis	(724, 460)	N	same	hori	left	True	1530656	1531955	left	1	5	3
15	cjy	f	23	1	70	diamond	red	(757, 540)	low	dis	(645, 652)	Y	dif	vert	up	True	1533110	1534731	up	1	5	4
15	cjy	f	23	1	70	diamond	red	(645, 652)	high	dis	(565, 619)	N	same	hori	left	True	1535800	1538195	left	1	5	5
15	cjy	f	23	1	70	diamond	red	(645, 652)	high	no	no_dis	N	same	hori	left	True	1539308	1540259	left	1	5	6
15	cjy	f	23	1	70	circle	red	(645, 652)	high	dis	(757, 540)	N	same	vert	up	True	1541375	1542668	up	1	5	7
15	cjy	f	23	1	70	circle	red	(757, 540)	low	dis	(645, 652)	Y	same	hori	left	True	1543873	1544988	left	1	5	8
15	cjy	f	23	1	70	diamond	green	(645, 652)	high	dis	(565, 460)	N	dif	vert	up	True	1546164	1547548	up	1	5	9
15	cjy	f	23	1	70	diamond	green	(645, 652)	high	dis	(565, 619)	N	same	vert	up	True	1548657	1549684	up	1	5	10
15	cjy	f	23	1	70	diamond	red	(645, 652)	high	dis	(533, 540)	N	same	vert	up	True	1550699	1551707	up	1	5	11
15	cjy	f	23	1	70	circle	red	(645, 652)	high	no	no_dis	N	same	vert	up	True	1552740	1554148	up	1	5	12
15	cjy	f	23	1	70	circle	red	(645, 652)	high	dis	(565, 460)	N	dif	hori	left	True	1555207	1556099	left	1	5	13
15	cjy	f	23	1	70	diamond	green	(645, 652)	high	no	no_dis	N	dif	vert	up	True	1557287	1559124	up	1	5	14
15	cjy	f	23	1	70	diamond	red	(645, 652)	high	no	no_dis	N	same	hori	left	True	1560278	1561244	left	1	5	15
15	cjy	f	23	1	70	diamond	green	(724, 460)	low	dis	(645, 652)	Y	dif	vert	up	True	1562348	1563668	up	1	5	16
15	cjy	f	23	1	70	circle	red	(645, 652)	high	no	no_dis	N	dif	vert	up	True	1564914	1566435	up	1	5	17
15	cjy	f	23	1	70	circle	green	(645, 652)	high	no	no_dis	N	same	vert	up	True	1567614	1568428	up	1	5	18
15	cjy	f	23	1	70	circle	red	(533, 540)	low	dis	(757, 540)	N	same	vert	up	True	1569668	1571092	up	1	5	19
15	cjy	f	23	1	70	diamond	red	(645, 652)	high	dis	(533, 540)	N	same	vert	up	True	1572143	1573019	up	1	5	20
15	cjy	f	23	1	70	circle	green	(724, 460)	low	no	no_dis	N	dif	hori	left	True	1574138	1575324	left	1	5	21
15	cjy	f	23	1	70	diamond	red	(565, 460)	low	no	no_dis	N	same	hori	left	True	1576344	1577691	up	0	5	22
15	cjy	f	23	1	70	diamond	green	(645, 652)	high	dis	(565, 619)	N	same	vert	up	True	1580450	1581507	up	1	5	23
15	cjy	f	23	1	70	diamond	red	(645, 652)	high	no	no_dis	N	dif	vert	up	True	1582685	1583499	up	1	5	24
15	cjy	f	23	1	70	circle	red	(645, 652)	high	dis	(565, 460)	N	same	vert	up	True	1584612	1585740	up	1	5	25
15	cjy	f	23	1	70	diamond	green	(645, 652)	high	dis	(565, 619)	N	same	vert	up	True	1586776	1587627	up	1	5	26
15	cjy	f	23	1	70	diamond	red	(645, 652)	high	dis	(533, 540)	N	dif	vert	up	True	1588861	1589419	up	1	5	27
15	cjy	f	23	1	70	diamond	red	(645, 652)	high	dis	(533, 540)	N	same	hori	left	True	1590617	1591587	left	1	5	28
15	cjy	f	23	1	70	diamond	red	(645, 652)	high	dis	(645, 428)	N	same	hori	left	True	1592778	1593419	left	1	5	29
15	cjy	f	23	1	70	circle	green	(645, 652)	high	dis	(533, 540)	N	same	hori	left	True	1594477	1595395	left	1	5	30
15	cjy	f	23	1	70	diamond	red	(645, 652)	high	dis	(724, 460)	N	dif	hori	left	True	1596620	1597852	up	0	5	31
15	cjy	f	23	1	70	circle	red	(645, 652)	high	no	no_dis	N	same	hori	left	True	1600396	1601300	left	1	5	32
15	cjy	f	23	1	70	diamond	red	(565, 460)	low	no	no_dis	N	dif	vert	up	True	1602377	1603091	left	0	5	33
15	cjy	f	23	1	70	circle	green	(645, 652)	high	dis	(724, 619)	N	dif	hori	left	True	1605840	1606692	up	0	5	34
15	cjy	f	23	1	70	diamond	green	(645, 652)	high	no	no_dis	N	dif	hori	left	True	1609278	1610380	left	1	5	35
15	cjy	f	23	1	70	circle	red	(645, 428)	low	dis	(533, 540)	N	dif	vert	up	True	1611446	1613907	up	1	5	36
15	cjy	f	23	1	70	circle	red	(645, 652)	high	dis	(757, 540)	N	dif	hori	left	True	1614996	1616316	left	1	5	37
15	cjy	f	23	1	70	circle	red	(645, 652)	high	dis	(724, 619)	N	dif	hori	left	True	1617485	1618316	left	1	5	38
15	cjy	f	23	1	70	diamond	green	(533, 540)	low	dis	(565, 619)	N	same	vert	up	True	1619433	1620851	up	1	5	39
15	cjy	f	23	1	70	diamond	green	(645, 652)	high	dis	(724, 619)	N	dif	vert	up	True	1621889	1623283	up	1	5	40
15	cjy	f	23	1	70	diamond	green	(565, 619)	low	dis	(645, 428)	N	same	vert	up	True	1624329	1625499	up	1	5	41
15	cjy	f	23	1	70	circle	green	(645, 652)	high	dis	(645, 428)	N	dif	vert	up	True	1626556	1628100	up	1	5	42
15	cjy	f	23	1	70	circle	red	(645, 652)	high	no	no_dis	N	same	vert	up	True	1629201	1630004	up	1	5	43
15	cjy	f	23	1	70	diamond	green	(645, 428)	low	dis	(724, 619)	N	dif	vert	up	True	1631254	1632347	up	1	5	44
15	cjy	f	23	1	70	circle	red	(645, 652)	high	no	no_dis	N	dif	vert	up	True	1633520	1635163	up	1	5	45
15	cjy	f	23	1	70	diamond	green	(645, 428)	low	no	no_dis	N	same	hori	left	True	1636216	1637235	left	1	5	46
15	cjy	f	23	1	70	circle	green	(645, 652)	high	dis	(645, 428)	N	dif	vert	up	True	1638294	1639315	up	1	5	47
15	cjy	f	23	1	70	circle	red	(645, 652)	high	dis	(645, 428)	N	same	hori	left	True	1640522	1643060	left	1	5	48
15	cjy	f	23	1	70	diamond	red	(757, 540)	low	no	no_dis	N	dif	hori	left	True	1644222	1645756	left	1	5	49
15	cjy	f	23	1	70	diamond	red	(645, 652)	high	no	no_dis	N	dif	vert	up	True	1646788	1648003	up	1	5	50
15	cjy	f	23	1	70	diamond	green	(645, 652)	high	no	no_dis	N	same	vert	up	True	1649029	1649715	up	1	5	51
15	cjy	f	23	1	70	circle	red	(645, 652)	high	no	no_dis	N	same	hori	left	True	1650941	1651883	left	1	5	52
15	cjy	f	23	1	70	diamond	red	(645, 652)	high	no	no_dis	N	dif	vert	up	True	1653097	1654355	up	1	5	53
15	cjy	f	23	1	70	circle	green	(645, 652)	high	no	no_dis	N	same	vert	up	True	1655522	1656643	up	1	5	54
15	cjy	f	23	1	70	diamond	green	(645, 652)	high	no	no_dis	N	dif	hori	left	True	1657675	1658803	left	1	5	55
15	cjy	f	23	1	70	diamond	green	(645, 652)	high	dis	(645, 428)	N	dif	vert	up	True	1659867	1661211	up	1	5	56
15	cjy	f	23	1	70	circle	red	(565, 619)	low	dis	(724, 460)	N	dif	hori	left	True	1662312	1663059	up	0	5	57
15	cjy	f	23	1	70	diamond	red	(565, 460)	low	dis	(533, 540)	N	same	hori	left	True	1665711	1668220	left	1	5	58
15	cjy	f	23	1	70	circle	red	(645, 652)	high	dis	(724, 619)	N	same	vert	up	True	1669295	1671203	up	1	5	59
15	cjy	f	23	1	70	diamond	green	(645, 652)	high	dis	(724, 619)	N	same	hori	left	True	1672265	1673579	left	1	5	60
15	cjy	f	23	1	70	circle	green	(645, 652)	high	dis	(724, 460)	N	dif	vert	up	True	1674688	1675563	up	1	5	61
15	cjy	f	23	1	70	circle	red	(645, 652)	high	dis	(645, 428)	N	same	vert	up	True	1676611	1677467	up	1	5	62
15	cjy	f	23	1	70	circle	red	(724, 619)	low	dis	(645, 652)	Y	dif	hori	left	True	1678540	1679620	left	1	5	63
15	cjy	f	23	1	70	diamond	red	(645, 652)	high	dis	(757, 540)	N	dif	vert	up	True	1680668	1682683	up	1	5	64
15	cjy	f	23	1	70	diamond	green	(645, 652)	high	no	no_dis	N	same	vert	up	True	1683714	1684603	up	1	5	65
15	cjy	f	23	1	70	circle	red	(724, 460)	low	dis	(645, 652)	Y	same	hori	left	True	1685618	1686811	left	1	5	66
15	cjy	f	23	1	70	diamond	green	(645, 652)	high	dis	(724, 460)	N	dif	hori	left	True	1687860	1689060	left	1	5	67
15	cjy	f	23	1	70	diamond	green	(645, 652)	high	no	no_dis	N	dif	hori	left	True	1690127	1690851	left	1	5	68
15	cjy	f	23	1	70	diamond	green	(645, 652)	high	dis	(757, 540)	N	dif	hori	left	True	1691894	1692812	left	1	5	69
15	cjy	f	23	1	70	diamond	red	(645, 652)	high	dis	(533, 540)	N	dif	hori	left	True	1693843	1694428	left	1	5	70
15	cjy	f	23	1	70	circle	green	(645, 652)	high	no	no_dis	N	dif	hori	left	True	1695448	1696348	left	1	5	71
15	cjy	f	23	1	70	circle	green	(724, 619)	low	dis	(645, 652)	Y	dif	hori	left	True	1697412	1698499	left	1	5	72
15	cjy	f	23	1	70	circle	red	(645, 652)	high	dis	(565, 619)	N	same	vert	up	True	1699572	1700172	left	0	5	73
15	cjy	f	23	1	70	diamond	green	(757, 540)	low	dis	(565, 460)	N	same	hori	left	True	1702919	1703547	left	1	5	74
15	cjy	f	23	1	70	diamond	red	(724, 460)	low	dis	(645, 428)	N	same	vert	up	True	1704763	1705899	up	1	5	75
15	cjy	f	23	1	70	circle	green	(645, 652)	high	no	no_dis	N	dif	hori	left	True	1707056	1708163	left	1	5	76
15	cjy	f	23	1	70	diamond	green	(533, 540)	low	no	no_dis	N	dif	vert	up	True	1709355	1710787	up	1	5	77
15	cjy	f	23	1	70	circle	red	(645, 652)	high	dis	(724, 619)	N	dif	vert	up	True	1711958	1713300	up	1	5	78
15	cjy	f	23	1	70	circle	red	(645, 652)	high	dis	(565, 619)	N	dif	vert	up	True	1714546	1715531	left	0	5	79
15	cjy	f	23	1	70	diamond	red	(645, 652)	high	dis	(757, 540)	N	same	hori	left	True	1718165	1719804	left	1	5	80
15	cjy	f	23	1	70	circle	green	(645, 652)	high	dis	(565, 619)	N	same	hori	left	True	1720876	1722411	left	1	5	81
15	cjy	f	23	1	70	diamond	green	(645, 652)	high	dis	(565, 460)	N	dif	vert	up	True	1723649	1724731	up	1	5	82
15	cjy	f	23	1	70	diamond	red	(645, 652)	high	dis	(757, 540)	N	dif	hori	left	True	1725763	1726515	left	1	5	83
15	cjy	f	23	1	70	circle	green	(724, 619)	low	no	no_dis	N	same	vert	up	True	1727716	1728244	left	0	5	84
15	cjy	f	23	1	70	circle	green	(645, 652)	high	dis	(724, 460)	N	dif	hori	left	True	1730785	1731372	left	1	5	85
15	cjy	f	23	1	70	diamond	green	(645, 652)	high	dis	(645, 428)	N	same	vert	up	True	1732573	1733668	up	1	5	86
15	cjy	f	23	1	70	circle	green	(757, 540)	low	dis	(565, 619)	N	same	vert	up	True	1734686	1735812	up	1	5	87
15	cjy	f	23	1	70	diamond	red	(533, 540)	low	dis	(757, 540)	N	same	hori	left	True	1736890	1739115	left	1	5	88
15	cjy	f	23	1	70	circle	red	(724, 460)	low	no	no_dis	N	same	hori	left	True	1740345	1742131	left	1	5	89
15	cjy	f	23	1	70	diamond	green	(724, 619)	low	no	no_dis	N	same	vert	up	True	1743205	1744563	up	1	5	90
15	cjy	f	23	1	70	diamond	red	(645, 652)	high	dis	(724, 460)	N	dif	hori	left	True	1745638	1747347	left	1	5	91
15	cjy	f	23	1	70	circle	green	(645, 652)	high	no	no_dis	N	dif	hori	left	True	1748568	1749259	left	1	5	92
15	cjy	f	23	1	70	diamond	red	(645, 428)	low	dis	(645, 652)	Y	dif	vert	up	True	1750474	1751707	up	1	5	93
15	cjy	f	23	1	70	diamond	red	(724, 619)	low	dis	(565, 460)	N	same	hori	left	True	1752758	1754660	up	0	5	94
15	cjy	f	23	1	70	circle	green	(645, 652)	high	dis	(565, 460)	N	same	vert	up	True	1757201	1758163	up	1	5	95
15	cjy	f	23	1	70	circle	green	(645, 652)	high	no	no_dis	N	same	hori	left	True	1759202	1760236	left	1	5	96
15	cjy	f	23	1	70	circle	red	(645, 652)	high	dis	(724, 619)	N	dif	vert	up	True	1761280	1762788	up	1	5	97
15	cjy	f	23	1	70	circle	green	(645, 652)	high	dis	(565, 460)	N	same	hori	left	True	1763897	1764748	left	1	5	98
15	cjy	f	23	1	70	circle	red	(645, 652)	high	dis	(757, 540)	N	dif	vert	up	True	1765859	1766675	up	1	5	99
15	cjy	f	23	1	70	circle	green	(645, 652)	high	dis	(724, 460)	N	dif	vert	up	True	1767738	1768428	up	1	5	100
15	cjy	f	23	1	70	circle	green	(533, 540)	low	no	no_dis	N	dif	hori	left	True	1769665	1770652	left	1	5	101
15	cjy	f	23	1	70	circle	green	(645, 428)	low	dis	(645, 652)	Y	same	vert	up	True	1771733	1772836	up	1	5	102
15	cjy	f	23	1	70	diamond	green	(645, 652)	high	dis	(757, 540)	N	same	hori	left	True	1774053	1775971	left	1	5	103
15	cjy	f	23	1	70	circle	red	(645, 428)	low	no	no_dis	N	same	vert	up	True	1776983	1778091	up	1	5	104
15	cjy	f	23	1	70	diamond	red	(645, 652)	high	no	no_dis	N	same	hori	left	True	1779172	1780555	left	1	5	105
15	cjy	f	23	1	70	circle	green	(645, 652)	high	dis	(565, 619)	N	same	vert	up	True	1781658	1782996	up	1	5	106
15	cjy	f	23	1	70	diamond	green	(645, 652)	high	dis	(565, 460)	N	same	hori	left	True	1784068	1785291	left	1	5	107
15	cjy	f	23	1	70	diamond	green	(645, 652)	high	dis	(533, 540)	N	dif	hori	left	True	1786426	1788620	left	1	5	108
15	cjy	f	23	1	70	circle	red	(645, 652)	high	no	no_dis	N	dif	vert	up	True	1789628	1790907	up	1	5	109
15	cjy	f	23	1	70	circle	green	(645, 652)	high	dis	(724, 460)	N	same	vert	up	True	1791988	1793068	up	1	5	110
15	cjy	f	23	1	70	diamond	red	(645, 652)	high	dis	(724, 619)	N	dif	hori	left	True	1794094	1795547	left	1	5	111
15	cjy	f	23	1	70	diamond	red	(645, 652)	high	dis	(645, 428)	N	same	hori	left	True	1796702	1797540	left	1	5	112
15	cjy	f	23	1	70	diamond	green	(645, 652)	high	no	no_dis	N	dif	hori	left	True	1798751	1799451	left	1	5	113
15	cjy	f	23	1	70	circle	green	(565, 619)	low	dis	(645, 652)	Y	dif	hori	left	True	1800670	1801507	up	0	5	114
15	cjy	f	23	1	70	circle	green	(645, 652)	high	dis	(533, 540)	N	dif	hori	left	True	1804119	1804947	left	1	5	115
15	cjy	f	23	1	70	circle	green	(645, 652)	high	dis	(565, 460)	N	same	hori	left	True	1806153	1807284	left	1	5	116
15	cjy	f	23	1	70	circle	green	(565, 460)	low	dis	(724, 460)	N	dif	vert	up	True	1808317	1810291	up	1	5	117
15	cjy	f	23	1	70	diamond	red	(645, 652)	high	no	no_dis	N	same	hori	left	True	1811299	1812987	left	1	5	118
15	cjy	f	23	1	70	circle	green	(724, 460)	low	dis	(724, 619)	N	dif	hori	left	True	1814084	1815683	left	1	5	119
15	cjy	f	23	1	70	circle	red	(565, 619)	low	no	no_dis	N	dif	vert	up	True	1816924	1818379	up	1	5	120
15	cjy	f	23	1	70	circle	red	(645, 652)	high	dis	(724, 619)	N	same	vert	up	True	1850794	1853763	up	1	6	1
15	cjy	f	23	1	70	circle	red	(645, 652)	high	dis	(724, 619)	N	dif	vert	up	True	1854993	1856340	up	1	6	2
15	cjy	f	23	1	70	diamond	green	(645, 652)	high	dis	(533, 540)	N	dif	vert	up	True	1857468	1858492	left	0	6	3
15	cjy	f	23	1	70	diamond	green	(645, 652)	high	dis	(565, 460)	N	dif	hori	left	True	1861136	1862572	left	1	6	4
15	cjy	f	23	1	70	circle	green	(645, 652)	high	dis	(565, 619)	N	same	hori	left	True	1863688	1865748	left	1	6	5
15	cjy	f	23	1	70	circle	red	(565, 619)	low	dis	(724, 619)	N	dif	hori	left	True	1866781	1868019	left	1	6	6
15	cjy	f	23	1	70	diamond	red	(645, 652)	high	no	no_dis	N	same	vert	up	True	1869224	1870011	up	1	6	7
15	cjy	f	23	1	70	circle	green	(645, 652)	high	dis	(565, 460)	N	dif	vert	up	True	1871166	1872075	up	1	6	8
15	cjy	f	23	1	70	diamond	red	(645, 652)	high	dis	(724, 619)	N	dif	hori	left	True	1873313	1874132	left	1	6	9
15	cjy	f	23	1	70	diamond	green	(757, 540)	low	dis	(645, 652)	Y	same	hori	left	True	1875174	1876860	left	1	6	10
15	cjy	f	23	1	70	circle	red	(645, 652)	high	no	no_dis	N	dif	hori	left	True	1877889	1878931	left	1	6	11
15	cjy	f	23	1	70	diamond	green	(645, 652)	high	dis	(565, 460)	N	same	vert	up	True	1880056	1881156	up	1	6	12
15	cjy	f	23	1	70	circle	green	(724, 619)	low	dis	(645, 652)	Y	dif	hori	left	True	1882379	1883564	left	1	6	13
15	cjy	f	23	1	70	diamond	red	(645, 652)	high	no	no_dis	N	same	vert	up	True	1884678	1885515	up	1	6	14
15	cjy	f	23	1	70	diamond	green	(645, 652)	high	no	no_dis	N	dif	vert	up	True	1886565	1887307	up	1	6	15
15	cjy	f	23	1	70	diamond	red	(645, 652)	high	dis	(645, 428)	N	dif	hori	left	True	1888367	1889236	left	1	6	16
15	cjy	f	23	1	70	circle	green	(645, 652)	high	no	no_dis	N	same	hori	left	True	1890399	1891459	left	1	6	17
15	cjy	f	23	1	70	diamond	green	(645, 652)	high	no	no_dis	N	dif	vert	up	True	1892512	1893364	up	1	6	18
15	cjy	f	23	1	70	circle	red	(645, 652)	high	dis	(757, 540)	N	dif	vert	up	True	1894566	1895420	up	1	6	19
15	cjy	f	23	1	70	circle	green	(645, 428)	low	dis	(724, 619)	N	dif	vert	up	True	1896476	1897732	up	1	6	20
15	cjy	f	23	1	70	diamond	red	(645, 652)	high	no	no_dis	N	same	hori	left	True	1898882	1899884	left	1	6	21
15	cjy	f	23	1	70	circle	red	(724, 619)	low	dis	(645, 652)	Y	same	vert	up	True	1901053	1902483	up	1	6	22
15	cjy	f	23	1	70	diamond	green	(645, 652)	high	no	no_dis	N	dif	hori	left	True	1903587	1904531	left	1	6	23
15	cjy	f	23	1	70	diamond	green	(645, 652)	high	dis	(565, 460)	N	dif	hori	left	True	1905783	1907924	left	1	6	24
15	cjy	f	23	1	70	diamond	green	(565, 619)	low	dis	(724, 460)	N	dif	vert	up	True	1908936	1910507	up	1	6	25
15	cjy	f	23	1	70	diamond	red	(645, 652)	high	dis	(533, 540)	N	same	hori	left	True	1911578	1912651	left	1	6	26
15	cjy	f	23	1	70	circle	red	(645, 652)	high	dis	(757, 540)	N	dif	hori	left	True	1913695	1914907	left	1	6	27
15	cjy	f	23	1	70	diamond	green	(645, 652)	high	dis	(645, 428)	N	dif	vert	up	True	1916123	1917964	up	1	6	28
15	cjy	f	23	1	70	circle	green	(565, 619)	low	dis	(645, 652)	Y	same	vert	up	True	1919108	1919891	up	1	6	29
15	cjy	f	23	1	70	circle	green	(645, 652)	high	dis	(533, 540)	N	same	vert	up	True	1920956	1922116	up	1	6	30
15	cjy	f	23	1	70	diamond	red	(645, 652)	high	dis	(724, 619)	N	same	vert	up	True	1923160	1924467	up	1	6	31
15	cjy	f	23	1	70	circle	green	(565, 460)	low	no	no_dis	N	same	hori	left	True	1925666	1926772	left	1	6	32
15	cjy	f	23	1	70	circle	green	(645, 652)	high	no	no_dis	N	same	vert	up	True	1927779	1928604	up	1	6	33
15	cjy	f	23	1	70	circle	green	(645, 652)	high	dis	(565, 619)	N	same	vert	up	True	1929834	1930611	up	1	6	34
15	cjy	f	23	1	70	diamond	red	(645, 652)	high	dis	(533, 540)	N	same	hori	left	True	1931676	1932724	left	1	6	35
15	cjy	f	23	1	70	diamond	green	(645, 652)	high	no	no_dis	N	same	hori	left	True	1933869	1934843	left	1	6	36
15	cjy	f	23	1	70	diamond	red	(645, 652)	high	no	no_dis	N	dif	hori	left	True	1935992	1936948	left	1	6	37
15	cjy	f	23	1	70	circle	green	(565, 460)	low	no	no_dis	N	same	hori	left	True	1938077	1939660	left	1	6	38
15	cjy	f	23	1	70	circle	green	(645, 652)	high	dis	(757, 540)	N	dif	hori	left	True	1940672	1941547	left	1	6	39
15	cjy	f	23	1	70	diamond	green	(533, 540)	low	no	no_dis	N	same	vert	up	True	1942673	1943683	left	0	6	40
15	cjy	f	23	1	70	circle	green	(645, 652)	high	dis	(533, 540)	N	same	vert	up	True	1946276	1947507	up	1	6	41
15	cjy	f	23	1	70	circle	green	(645, 652)	high	dis	(724, 619)	N	same	vert	up	True	1948701	1949572	up	1	6	42
15	cjy	f	23	1	70	circle	green	(645, 652)	high	no	no_dis	N	dif	hori	left	True	1950769	1951475	left	1	6	43
15	cjy	f	23	1	70	circle	green	(645, 652)	high	dis	(724, 460)	N	same	hori	left	True	1952557	1953284	left	1	6	44
15	cjy	f	23	1	70	diamond	green	(645, 652)	high	dis	(724, 460)	N	dif	vert	up	True	1954437	1956107	up	1	6	45
15	cjy	f	23	1	70	circle	green	(757, 540)	low	dis	(565, 619)	N	same	vert	up	True	1957264	1958323	left	0	6	46
15	cjy	f	23	1	70	diamond	green	(645, 652)	high	no	no_dis	N	dif	hori	left	True	1961086	1962548	left	1	6	47
15	cjy	f	23	1	70	diamond	red	(645, 652)	high	no	no_dis	N	same	vert	up	True	1963780	1964651	up	1	6	48
15	cjy	f	23	1	70	circle	red	(645, 652)	high	dis	(724, 619)	N	same	vert	up	True	1965734	1966483	up	1	6	49
15	cjy	f	23	1	70	diamond	red	(757, 540)	low	dis	(724, 460)	N	same	hori	left	True	1967722	1970036	left	1	6	50
15	cjy	f	23	1	70	diamond	green	(565, 460)	low	dis	(757, 540)	N	dif	hori	left	True	1971166	1972308	left	1	6	51
15	cjy	f	23	1	70	diamond	red	(645, 652)	high	dis	(757, 540)	N	same	hori	left	True	1973491	1974476	left	1	6	52
15	cjy	f	23	1	70	diamond	red	(565, 460)	low	dis	(565, 619)	N	dif	vert	up	True	1975494	1976676	up	1	6	53
15	cjy	f	23	1	70	diamond	green	(565, 619)	low	no	no_dis	N	dif	hori	left	True	1977852	1978876	left	1	6	54
15	cjy	f	23	1	70	diamond	red	(533, 540)	low	dis	(645, 652)	Y	same	vert	up	True	1979915	1981684	left	0	6	55
15	cjy	f	23	1	70	diamond	green	(645, 652)	high	no	no_dis	N	same	vert	up	True	1984451	1985251	up	1	6	56
15	cjy	f	23	1	70	circle	green	(724, 460)	low	dis	(645, 652)	Y	same	vert	up	True	1986404	1988116	up	1	6	57
15	cjy	f	23	1	70	diamond	red	(645, 652)	high	dis	(724, 619)	N	dif	hori	left	True	1989238	1990571	left	1	6	58
15	cjy	f	23	1	70	diamond	red	(645, 652)	high	dis	(533, 540)	N	same	vert	up	True	1991816	1993035	up	1	6	59
15	cjy	f	23	1	70	circle	green	(645, 652)	high	no	no_dis	N	dif	vert	up	True	1994095	1995044	up	1	6	60
15	cjy	f	23	1	70	diamond	green	(645, 652)	high	dis	(565, 619)	N	dif	hori	left	True	1996099	1996948	left	1	6	61
15	cjy	f	23	1	70	circle	red	(645, 652)	high	dis	(724, 460)	N	dif	vert	up	True	1997975	1999148	up	1	6	62
15	cjy	f	23	1	70	circle	red	(645, 652)	high	dis	(533, 540)	N	dif	vert	up	True	2000400	2001251	up	1	6	63
15	cjy	f	23	1	70	circle	green	(645, 652)	high	dis	(757, 540)	N	same	vert	up	True	2002385	2003131	up	1	6	64
15	cjy	f	23	1	70	diamond	green	(533, 540)	low	dis	(645, 428)	N	dif	hori	left	True	2004214	2004875	up	0	6	65
15	cjy	f	23	1	70	diamond	red	(724, 460)	low	no	no_dis	N	same	hori	left	True	2007464	2008603	left	1	6	66
15	cjy	f	23	1	70	diamond	red	(645, 652)	high	dis	(645, 428)	N	same	vert	up	True	2009753	2010964	up	1	6	67
15	cjy	f	23	1	70	circle	red	(757, 540)	low	dis	(565, 460)	N	same	hori	left	True	2012109	2013100	left	1	6	68
15	cjy	f	23	1	70	circle	red	(645, 652)	high	dis	(724, 460)	N	dif	vert	up	True	2014321	2015299	up	1	6	69
15	cjy	f	23	1	70	circle	green	(645, 652)	high	dis	(645, 428)	N	dif	vert	up	True	2016341	2017220	up	1	6	70
15	cjy	f	23	1	70	diamond	green	(645, 652)	high	dis	(565, 619)	N	same	vert	up	True	2018427	2019564	up	1	6	71
15	cjy	f	23	1	70	diamond	green	(645, 652)	high	dis	(565, 460)	N	same	hori	left	True	2020637	2021803	left	1	6	72
15	cjy	f	23	1	70	diamond	green	(724, 460)	low	dis	(757, 540)	N	dif	hori	left	True	2022825	2024108	left	1	6	73
15	cjy	f	23	1	70	diamond	red	(724, 460)	low	dis	(645, 652)	Y	dif	vert	up	True	2025358	2026356	up	1	6	74
15	cjy	f	23	1	70	circle	red	(645, 428)	low	no	no_dis	N	dif	vert	up	True	2027362	2028964	up	1	6	75
15	cjy	f	23	1	70	diamond	red	(645, 652)	high	dis	(757, 540)	N	same	vert	up	True	2030206	2031267	up	1	6	76
15	cjy	f	23	1	70	circle	red	(645, 652)	high	no	no_dis	N	dif	vert	up	True	2032450	2033835	up	1	6	77
15	cjy	f	23	1	70	diamond	red	(645, 652)	high	dis	(533, 540)	N	same	hori	left	True	2035056	2036019	left	1	6	78
15	cjy	f	23	1	70	diamond	red	(645, 652)	high	dis	(565, 619)	N	dif	vert	up	True	2037107	2037900	up	1	6	79
15	cjy	f	23	1	70	diamond	red	(645, 652)	high	dis	(565, 619)	N	same	hori	left	True	2039006	2039755	left	1	6	80
15	cjy	f	23	1	70	circle	red	(645, 428)	low	no	no_dis	N	same	vert	up	True	2040890	2042028	up	1	6	81
15	cjy	f	23	1	70	diamond	green	(645, 652)	high	dis	(565, 619)	N	same	hori	left	True	2043085	2043931	left	1	6	82
15	cjy	f	23	1	70	diamond	red	(724, 619)	low	dis	(533, 540)	N	dif	hori	left	True	2044984	2046395	left	1	6	83
15	cjy	f	23	1	70	diamond	green	(645, 652)	high	dis	(724, 460)	N	dif	hori	left	True	2047626	2048548	left	1	6	84
15	cjy	f	23	1	70	circle	green	(645, 652)	high	dis	(757, 540)	N	dif	hori	left	True	2049623	2050715	left	1	6	85
15	cjy	f	23	1	70	circle	red	(565, 619)	low	no	no_dis	N	dif	hori	left	True	2051855	2052724	up	0	6	86
15	cjy	f	23	1	70	circle	green	(724, 619)	low	no	no_dis	N	same	vert	up	True	2055326	2056331	up	1	6	87
15	cjy	f	23	1	70	diamond	green	(645, 428)	low	dis	(565, 460)	N	same	hori	left	True	2057345	2058643	left	1	6	88
15	cjy	f	23	1	70	diamond	green	(645, 652)	high	no	no_dis	N	same	hori	left	True	2059737	2060675	left	1	6	89
15	cjy	f	23	1	70	circle	green	(645, 652)	high	dis	(645, 428)	N	same	hori	left	True	2061860	2062891	left	1	6	90
15	cjy	f	23	1	70	circle	red	(645, 652)	high	no	no_dis	N	same	vert	up	True	2063896	2064787	up	1	6	91
15	cjy	f	23	1	70	diamond	green	(645, 652)	high	dis	(645, 428)	N	dif	hori	left	True	2065935	2066812	left	1	6	92
15	cjy	f	23	1	70	diamond	red	(533, 540)	low	no	no_dis	N	dif	vert	up	True	2068031	2069484	up	1	6	93
15	cjy	f	23	1	70	circle	green	(645, 652)	high	dis	(645, 428)	N	dif	vert	up	True	2070635	2071732	up	1	6	94
15	cjy	f	23	1	70	circle	red	(645, 652)	high	no	no_dis	N	dif	hori	left	True	2072792	2073604	left	1	6	95
15	cjy	f	23	1	70	circle	green	(645, 652)	high	no	no_dis	N	same	hori	left	True	2074647	2075347	left	1	6	96
15	cjy	f	23	1	70	circle	red	(645, 652)	high	no	no_dis	N	dif	vert	up	True	2076497	2077292	left	0	6	97
15	cjy	f	23	1	70	diamond	red	(645, 652)	high	dis	(565, 460)	N	dif	hori	left	True	2080042	2080931	left	1	6	98
15	cjy	f	23	1	70	circle	red	(645, 652)	high	dis	(724, 619)	N	same	vert	up	True	2082119	2083284	up	1	6	99
15	cjy	f	23	1	70	circle	red	(645, 652)	high	no	no_dis	N	dif	hori	left	True	2084450	2085515	left	1	6	100
15	cjy	f	23	1	70	diamond	red	(645, 652)	high	no	no_dis	N	dif	vert	up	True	2086686	2087732	up	1	6	101
15	cjy	f	23	1	70	diamond	green	(645, 652)	high	dis	(645, 428)	N	same	hori	left	True	2088798	2090780	left	1	6	102
15	cjy	f	23	1	70	circle	red	(645, 652)	high	dis	(565, 619)	N	dif	hori	left	True	2091825	2092564	left	1	6	103
15	cjy	f	23	1	70	circle	green	(645, 652)	high	no	no_dis	N	same	vert	up	True	2093809	2094508	up	1	6	104
15	cjy	f	23	1	70	circle	green	(645, 652)	high	no	no_dis	N	same	hori	left	True	2095705	2096819	left	1	6	105
15	cjy	f	23	1	70	circle	green	(565, 460)	low	dis	(645, 428)	N	same	hori	left	True	2098003	2099412	left	1	6	106
15	cjy	f	23	1	70	circle	red	(645, 652)	high	dis	(565, 460)	N	same	hori	left	True	2100423	2101283	left	1	6	107
15	cjy	f	23	1	70	diamond	red	(645, 652)	high	no	no_dis	N	dif	vert	up	True	2102425	2103460	up	1	6	108
15	cjy	f	23	1	70	circle	red	(533, 540)	low	dis	(645, 652)	Y	same	vert	up	True	2104545	2105667	left	0	6	109
15	cjy	f	23	1	70	diamond	green	(645, 652)	high	dis	(565, 460)	N	dif	vert	up	True	2108403	2109507	up	1	6	110
15	cjy	f	23	1	70	circle	red	(645, 652)	high	dis	(724, 460)	N	same	hori	left	True	2110694	2111876	left	1	6	111
15	cjy	f	23	1	70	circle	red	(645, 652)	high	dis	(724, 460)	N	dif	hori	left	True	2112901	2113604	left	1	6	112
15	cjy	f	23	1	70	circle	green	(645, 652)	high	dis	(757, 540)	N	dif	vert	up	True	2114740	2115564	up	1	6	113
15	cjy	f	23	1	70	diamond	red	(757, 540)	low	no	no_dis	N	dif	hori	left	True	2116762	2118139	left	1	6	114
15	cjy	f	23	1	70	circle	red	(645, 652)	high	dis	(724, 460)	N	same	hori	left	True	2119214	2120324	left	1	6	115
15	cjy	f	23	1	70	circle	red	(724, 460)	low	dis	(533, 540)	N	dif	vert	up	True	2121348	2122491	up	1	6	116
15	cjy	f	23	1	70	circle	red	(645, 652)	high	no	no_dis	N	same	hori	left	True	2123560	2124339	left	1	6	117
15	cjy	f	23	1	70	diamond	red	(645, 428)	low	dis	(645, 652)	Y	same	hori	left	True	2125482	2126563	up	0	6	118
15	cjy	f	23	1	70	diamond	green	(724, 619)	low	no	no_dis	N	dif	vert	up	True	2129158	2130419	up	1	6	119
15	cjy	f	23	1	70	circle	red	(645, 428)	low	dis	(645, 652)	Y	dif	vert	up	True	2131669	2132795	up	1	6	120
conf	15	cjy	f	23	1	70	True	2169310	2176404	7	True	2176417	2182796	3
