subj	name	gender	age	prac	group	shape	color	tar_loc	popularity	dis_cond	dis_loc	dis_high	td_dif	line	respkey	gotkey	startTime	respTime	resp	correct	block	trialnum
2	zyd	f	18	1	70	circle	green	(724, 460)	high	dis	(645, 428)	N	dif	hori	left	True	11694	13711	left	1	1	1
2	zyd	f	18	1	70	circle	green	(724, 460)	high	dis	(565, 460)	N	same	vert	up	True	14933	16295	up	1	1	2
2	zyd	f	18	1	70	circle	red	(724, 460)	high	dis	(533, 540)	N	dif	hori	left	True	17423	18903	up	0	1	3
2	zyd	f	18	1	70	diamond	green	(724, 460)	high	dis	(533, 540)	N	same	hori	left	True	21604	23656	left	1	1	4
2	zyd	f	18	1	70	diamond	green	(724, 460)	high	dis	(724, 619)	N	same	vert	up	True	24772	27151	up	1	1	5
2	zyd	f	18	1	70	diamond	red	(724, 460)	high	dis	(724, 619)	N	same	vert	up	True	28250	29743	up	1	1	6
2	zyd	f	18	1	70	circle	red	(724, 460)	high	no	no_dis	N	same	vert	up	True	30995	33456	up	1	1	7
2	zyd	f	18	1	70	diamond	green	(565, 460)	low	dis	(724, 619)	N	dif	vert	up	True	34564	36832	up	1	1	8
2	zyd	f	18	1	70	circle	red	(724, 460)	high	dis	(533, 540)	N	same	hori	left	False	37947	None	None	0	1	9
2	zyd	f	18	1	70	diamond	green	(724, 460)	high	dis	(645, 428)	N	same	vert	up	True	43578	45231	left	0	1	10
2	zyd	f	18	1	70	diamond	green	(724, 460)	high	no	no_dis	N	same	hori	left	False	47921	None	None	0	1	11
2	zyd	f	18	1	70	circle	red	(724, 460)	high	no	no_dis	N	same	vert	up	True	53576	56495	up	1	1	12
2	zyd	f	18	1	70	diamond	green	(724, 460)	high	no	no_dis	N	same	hori	left	True	57604	58799	left	1	1	13
2	zyd	f	18	1	70	circle	red	(724, 460)	high	no	no_dis	N	same	vert	up	True	59927	61863	up	1	1	14
2	zyd	f	18	1	70	diamond	red	(724, 460)	high	dis	(565, 460)	N	same	vert	up	True	62936	65191	up	1	1	15
2	zyd	f	18	1	70	circle	green	(724, 460)	high	dis	(645, 428)	N	same	hori	left	True	66223	68567	left	1	1	16
2	zyd	f	18	1	70	circle	red	(724, 460)	high	dis	(565, 619)	N	same	hori	left	True	69811	72143	left	1	1	17
2	zyd	f	18	1	70	circle	green	(724, 460)	high	no	no_dis	N	dif	hori	left	True	73286	76239	left	1	1	18
2	zyd	f	18	1	70	diamond	green	(645, 428)	low	no	no_dis	N	dif	vert	up	True	77421	78887	up	1	1	19
2	zyd	f	18	1	70	circle	green	(533, 540)	low	no	no_dis	N	dif	vert	up	False	80051	None	None	0	1	20
2	zyd	f	18	1	70	diamond	green	(724, 619)	low	no	no_dis	N	same	vert	up	True	85785	87919	up	1	1	21
2	zyd	f	18	1	70	diamond	green	(724, 460)	high	dis	(645, 652)	N	dif	vert	up	False	88940	None	None	0	1	22
2	zyd	f	18	1	70	diamond	green	(565, 619)	low	dis	(645, 652)	N	dif	hori	left	True	94499	96935	up	0	1	23
2	zyd	f	18	1	70	diamond	red	(724, 460)	high	no	no_dis	N	same	hori	left	True	99522	101703	left	1	1	24
2	zyd	f	18	1	70	circle	green	(724, 619)	low	dis	(724, 460)	Y	dif	hori	left	True	102767	104015	left	1	1	25
2	zyd	f	18	1	70	circle	red	(724, 460)	high	dis	(565, 460)	N	same	vert	up	True	105134	107303	up	1	1	26
2	zyd	f	18	1	70	circle	green	(724, 460)	high	no	no_dis	N	dif	vert	up	True	108411	109527	up	1	1	27
2	zyd	f	18	1	70	circle	green	(724, 460)	high	no	no_dis	N	dif	vert	up	True	110682	112159	up	1	1	28
2	zyd	f	18	1	70	circle	green	(724, 460)	high	no	no_dis	N	dif	hori	left	True	113224	114231	left	1	1	29
2	zyd	f	18	1	70	circle	red	(724, 460)	high	dis	(565, 460)	N	same	hori	left	True	115271	117687	left	1	1	30
2	zyd	f	18	1	70	circle	green	(565, 460)	low	dis	(645, 428)	N	same	vert	up	True	118827	120239	up	1	1	31
2	zyd	f	18	1	70	diamond	green	(724, 460)	high	no	no_dis	N	dif	vert	up	True	121357	123423	up	1	1	32
2	zyd	f	18	1	70	diamond	red	(565, 619)	low	dis	(724, 460)	Y	same	hori	left	True	124601	126887	up	0	1	33
2	zyd	f	18	1	70	circle	red	(724, 460)	high	dis	(757, 540)	N	dif	vert	up	True	129614	132303	left	0	1	34
2	zyd	f	18	1	70	diamond	red	(565, 460)	low	dis	(565, 619)	N	dif	hori	left	True	134973	136030	up	0	1	35
2	zyd	f	18	1	70	circle	red	(724, 460)	high	dis	(645, 428)	N	same	hori	left	False	138738	None	None	0	1	36
2	zyd	f	18	1	70	diamond	red	(724, 460)	high	dis	(645, 652)	N	dif	hori	left	False	144336	None	None	0	1	37
2	zyd	f	18	1	70	circle	green	(724, 460)	high	no	no_dis	N	dif	vert	up	True	149899	151351	up	1	1	38
2	zyd	f	18	1	70	circle	red	(757, 540)	low	dis	(533, 540)	N	dif	vert	up	True	152527	153742	up	1	1	39
2	zyd	f	18	1	70	diamond	green	(724, 460)	high	no	no_dis	N	dif	vert	up	True	154822	156959	up	1	1	40
2	zyd	f	18	1	70	circle	red	(724, 460)	high	no	no_dis	N	dif	hori	left	True	158075	159414	left	1	1	41
2	zyd	f	18	1	70	diamond	red	(757, 540)	low	dis	(724, 460)	Y	dif	vert	up	True	160655	162623	up	1	1	42
2	zyd	f	18	1	70	diamond	red	(645, 428)	low	dis	(724, 460)	Y	dif	hori	left	True	163737	166174	left	1	1	43
2	zyd	f	18	1	70	diamond	green	(724, 460)	high	dis	(724, 619)	N	dif	hori	left	True	167324	169407	left	1	1	44
2	zyd	f	18	1	70	diamond	red	(533, 540)	low	no	no_dis	N	same	hori	left	True	170546	171950	left	1	1	45
2	zyd	f	18	1	70	circle	green	(724, 460)	high	dis	(565, 619)	N	same	hori	left	True	173051	174439	left	1	1	46
2	zyd	f	18	1	70	diamond	red	(724, 619)	low	dis	(724, 460)	Y	same	vert	up	True	175658	177319	up	1	1	47
2	zyd	f	18	1	70	circle	green	(724, 460)	high	dis	(724, 619)	N	dif	vert	up	True	178556	180103	up	1	1	48
2	zyd	f	18	1	70	circle	green	(565, 619)	low	no	no_dis	N	same	hori	left	True	181126	182503	left	1	1	49
2	zyd	f	18	1	70	circle	green	(724, 460)	high	dis	(565, 460)	N	same	vert	up	True	183615	185495	up	1	1	50
2	zyd	f	18	1	70	diamond	green	(724, 460)	high	no	no_dis	N	dif	hori	left	True	186556	187767	left	1	1	51
2	zyd	f	18	1	70	diamond	green	(724, 460)	high	dis	(533, 540)	N	dif	hori	left	True	188908	190662	left	1	1	52
2	zyd	f	18	1	70	circle	green	(757, 540)	low	dis	(533, 540)	N	same	vert	up	True	191703	192983	up	1	1	53
2	zyd	f	18	1	70	circle	red	(724, 460)	high	no	no_dis	N	same	vert	up	True	194051	195727	left	0	1	54
2	zyd	f	18	1	70	diamond	green	(724, 460)	high	no	no_dis	N	dif	hori	left	False	198434	None	None	0	1	55
2	zyd	f	18	1	70	diamond	green	(724, 460)	high	dis	(645, 652)	N	same	hori	left	True	204030	206039	left	1	1	56
2	zyd	f	18	1	70	circle	green	(724, 460)	high	dis	(565, 619)	N	dif	vert	up	False	207130	None	None	0	1	57
2	zyd	f	18	1	70	circle	green	(724, 460)	high	dis	(645, 428)	N	dif	hori	left	True	212790	214959	left	1	1	58
2	zyd	f	18	1	70	circle	green	(724, 460)	high	dis	(724, 619)	N	same	vert	up	True	216190	217686	up	1	1	59
2	zyd	f	18	1	70	diamond	red	(724, 460)	high	dis	(757, 540)	N	same	vert	up	True	218877	220103	up	1	1	60
2	zyd	f	18	1	70	circle	red	(724, 460)	high	dis	(533, 540)	N	same	hori	left	True	221190	222863	left	1	1	61
2	zyd	f	18	1	70	diamond	green	(645, 428)	low	dis	(724, 460)	Y	same	hori	left	True	223983	225343	left	1	1	62
2	zyd	f	18	1	70	diamond	red	(724, 460)	high	no	no_dis	N	same	vert	up	True	226539	227918	up	1	1	63
2	zyd	f	18	1	70	diamond	red	(565, 460)	low	no	no_dis	N	dif	hori	left	True	228999	230095	left	1	1	64
2	zyd	f	18	1	70	circle	green	(724, 460)	high	dis	(565, 619)	N	same	vert	up	True	231177	232559	up	1	1	65
2	zyd	f	18	1	70	diamond	green	(533, 540)	low	dis	(724, 460)	Y	dif	vert	up	True	233706	235398	up	1	1	66
2	zyd	f	18	1	70	diamond	green	(724, 460)	high	dis	(757, 540)	N	same	hori	left	True	236636	238190	left	1	1	67
2	zyd	f	18	1	70	diamond	red	(724, 460)	high	no	no_dis	N	dif	vert	up	True	239346	240727	up	1	1	68
2	zyd	f	18	1	70	circle	red	(645, 652)	low	no	no_dis	N	same	vert	up	True	241958	243703	left	0	1	69
2	zyd	f	18	1	70	circle	green	(724, 460)	high	no	no_dis	N	same	hori	left	True	246399	247870	left	1	1	70
2	zyd	f	18	1	70	diamond	red	(724, 460)	high	dis	(757, 540)	N	dif	vert	up	True	248942	251486	up	1	1	71
2	zyd	f	18	1	70	circle	red	(724, 460)	high	no	no_dis	N	same	hori	left	True	252535	254143	up	0	1	72
2	zyd	f	18	1	70	diamond	red	(724, 460)	high	no	no_dis	N	same	hori	left	True	256734	258654	left	1	1	73
2	zyd	f	18	1	70	diamond	red	(757, 540)	low	no	no_dis	N	same	vert	up	True	259759	261087	up	1	1	74
2	zyd	f	18	1	70	diamond	red	(724, 460)	high	dis	(565, 619)	N	dif	hori	left	True	262252	263543	left	1	1	75
2	zyd	f	18	1	70	diamond	green	(724, 460)	high	dis	(645, 428)	N	dif	vert	up	True	264558	267382	up	1	1	76
2	zyd	f	18	1	70	circle	red	(724, 460)	high	dis	(757, 540)	N	dif	hori	left	True	268570	270863	left	1	1	77
2	zyd	f	18	1	70	diamond	green	(724, 460)	high	dis	(757, 540)	N	dif	vert	up	True	271904	273582	up	1	1	78
2	zyd	f	18	1	70	diamond	green	(724, 460)	high	dis	(645, 652)	N	dif	hori	left	True	274678	277039	left	1	1	79
2	zyd	f	18	1	70	diamond	green	(645, 652)	low	dis	(757, 540)	N	same	vert	up	True	278268	279167	up	1	1	80
2	zyd	f	18	1	70	diamond	red	(724, 460)	high	dis	(565, 460)	N	dif	hori	left	True	280171	282263	left	1	1	81
2	zyd	f	18	1	70	diamond	red	(724, 460)	high	no	no_dis	N	dif	hori	left	False	283408	None	None	0	1	82
2	zyd	f	18	1	70	circle	red	(724, 460)	high	dis	(533, 540)	N	same	vert	up	True	289117	290687	up	1	1	83
2	zyd	f	18	1	70	circle	green	(724, 460)	high	dis	(533, 540)	N	dif	vert	up	True	291902	294126	left	0	1	84
2	zyd	f	18	1	70	diamond	green	(724, 460)	high	no	no_dis	N	same	hori	left	False	296678	None	None	0	1	85
2	zyd	f	18	1	70	circle	green	(645, 428)	low	dis	(724, 619)	N	same	vert	up	False	302357	None	None	0	1	86
2	zyd	f	18	1	70	diamond	red	(724, 460)	high	dis	(757, 540)	N	dif	vert	up	True	308002	309814	up	1	1	87
2	zyd	f	18	1	70	diamond	green	(757, 540)	low	dis	(565, 460)	N	same	hori	left	True	311009	312782	left	1	1	88
2	zyd	f	18	1	70	diamond	green	(645, 428)	low	no	no_dis	N	same	hori	left	True	313975	315031	left	1	1	89
2	zyd	f	18	1	70	diamond	red	(724, 460)	high	dis	(645, 652)	N	same	vert	up	True	316140	318278	up	1	1	90
2	zyd	f	18	1	70	diamond	red	(724, 460)	high	dis	(645, 428)	N	same	vert	up	True	319364	321663	up	1	1	91
2	zyd	f	18	1	70	circle	red	(724, 460)	high	dis	(645, 428)	N	dif	hori	left	True	322817	324750	left	1	1	92
2	zyd	f	18	1	70	diamond	green	(724, 460)	high	dis	(565, 460)	N	dif	hori	left	True	325804	327239	left	1	1	93
2	zyd	f	18	1	70	circle	red	(724, 619)	low	dis	(565, 460)	N	same	hori	left	True	328359	331135	up	0	1	94
2	zyd	f	18	1	70	circle	red	(724, 460)	high	dis	(757, 540)	N	same	hori	left	True	333721	336367	left	1	1	95
2	zyd	f	18	1	70	diamond	red	(724, 460)	high	dis	(724, 619)	N	dif	vert	up	True	337610	339919	up	1	1	96
2	zyd	f	18	1	70	diamond	red	(724, 460)	high	dis	(533, 540)	N	dif	hori	left	True	341114	342447	left	1	1	97
2	zyd	f	18	1	70	circle	green	(724, 460)	high	dis	(724, 619)	N	same	hori	left	True	343483	344735	left	1	1	98
2	zyd	f	18	1	70	circle	green	(645, 652)	low	dis	(565, 619)	N	same	hori	left	True	345951	347767	left	1	1	99
2	zyd	f	18	1	70	circle	green	(533, 540)	low	dis	(724, 460)	Y	same	hori	left	True	348967	349879	left	1	1	100
2	zyd	f	18	1	70	diamond	red	(724, 460)	high	dis	(565, 619)	N	same	vert	up	False	351092	None	None	0	1	101
2	zyd	f	18	1	70	circle	red	(565, 460)	low	dis	(724, 460)	Y	dif	vert	up	True	356711	358654	up	1	1	102
2	zyd	f	18	1	70	circle	red	(724, 460)	high	dis	(645, 652)	N	same	hori	left	True	359688	361030	left	1	1	103
2	zyd	f	18	1	70	circle	red	(645, 428)	low	dis	(724, 460)	Y	same	vert	up	True	362158	363695	up	1	1	104
2	zyd	f	18	1	70	diamond	red	(724, 460)	high	dis	(645, 652)	N	dif	vert	up	True	364878	367375	up	1	1	105
2	zyd	f	18	1	70	circle	red	(724, 619)	low	no	no_dis	N	dif	vert	up	True	368442	369487	up	1	1	106
2	zyd	f	18	1	70	diamond	red	(724, 460)	high	no	no_dis	N	dif	vert	up	True	370610	372454	up	1	1	107
2	zyd	f	18	1	70	diamond	red	(724, 460)	high	no	no_dis	N	same	vert	up	True	373509	375095	left	0	1	108
2	zyd	f	18	1	70	circle	red	(645, 652)	low	dis	(645, 428)	N	dif	hori	left	True	377849	379943	left	1	1	109
2	zyd	f	18	1	70	circle	red	(724, 460)	high	no	no_dis	N	dif	hori	left	True	381094	382342	left	1	1	110
2	zyd	f	18	1	70	circle	red	(724, 460)	high	dis	(724, 619)	N	dif	vert	up	True	383539	384414	up	1	1	111
2	zyd	f	18	1	70	circle	green	(724, 460)	high	dis	(565, 460)	N	dif	vert	up	True	385647	386878	up	1	1	112
2	zyd	f	18	1	70	diamond	green	(724, 460)	high	dis	(565, 619)	N	dif	hori	left	True	387915	389310	left	1	1	113
2	zyd	f	18	1	70	circle	green	(724, 460)	high	no	no_dis	N	same	vert	up	True	390404	391742	up	1	1	114
2	zyd	f	18	1	70	circle	green	(645, 652)	low	no	no_dis	N	dif	hori	left	True	392783	394534	left	1	1	115
2	zyd	f	18	1	70	circle	red	(565, 619)	low	dis	(645, 652)	N	dif	vert	up	True	395586	396510	up	1	1	116
2	zyd	f	18	1	70	circle	red	(757, 540)	low	no	no_dis	N	dif	hori	left	True	397517	398823	left	1	1	117
2	zyd	f	18	1	70	diamond	red	(533, 540)	low	dis	(757, 540)	N	dif	hori	left	True	399840	401542	up	0	1	118
2	zyd	f	18	1	70	diamond	green	(724, 460)	high	dis	(645, 652)	N	same	hori	left	False	404077	None	None	0	1	119
2	zyd	f	18	1	70	circle	green	(724, 460)	high	dis	(565, 619)	N	dif	vert	up	True	409793	411559	up	1	1	120
2	zyd	f	18	1	70	diamond	green	(724, 460)	high	dis	(757, 540)	N	same	vert	up	False	447646	None	None	0	2	1
2	zyd	f	18	1	70	circle	red	(565, 619)	low	dis	(645, 652)	N	dif	vert	up	True	453372	455406	left	0	2	2
2	zyd	f	18	1	70	diamond	red	(724, 460)	high	dis	(565, 619)	N	dif	hori	left	False	458168	None	None	0	2	3
2	zyd	f	18	1	70	circle	red	(724, 460)	high	dis	(565, 460)	N	same	vert	up	True	463808	465478	up	1	2	4
2	zyd	f	18	1	70	circle	green	(724, 460)	high	dis	(645, 652)	N	same	vert	up	True	466639	468599	left	0	2	5
2	zyd	f	18	1	70	diamond	red	(724, 460)	high	dis	(533, 540)	N	dif	vert	up	True	471253	472750	up	1	2	6
2	zyd	f	18	1	70	circle	green	(724, 460)	high	dis	(724, 619)	N	dif	vert	up	True	473902	474838	up	1	2	7
2	zyd	f	18	1	70	circle	green	(724, 619)	low	dis	(724, 460)	Y	dif	vert	up	True	475921	477006	up	1	2	8
2	zyd	f	18	1	70	diamond	green	(724, 460)	high	dis	(645, 428)	N	same	hori	left	True	478010	480439	left	1	2	9
2	zyd	f	18	1	70	circle	red	(724, 460)	high	no	no_dis	N	dif	hori	left	True	481551	483134	left	1	2	10
2	zyd	f	18	1	70	circle	red	(724, 460)	high	no	no_dis	N	dif	hori	left	True	484356	485182	left	1	2	11
2	zyd	f	18	1	70	diamond	red	(724, 460)	high	dis	(645, 428)	N	same	hori	left	True	486422	488590	left	1	2	12
2	zyd	f	18	1	70	diamond	red	(565, 460)	low	dis	(724, 460)	Y	dif	hori	left	True	489804	491310	left	1	2	13
2	zyd	f	18	1	70	diamond	green	(724, 460)	high	no	no_dis	N	dif	vert	up	True	492317	493342	up	1	2	14
2	zyd	f	18	1	70	diamond	green	(757, 540)	low	no	no_dis	N	same	vert	up	True	494560	495742	up	1	2	15
2	zyd	f	18	1	70	circle	red	(565, 619)	low	no	no_dis	N	dif	vert	up	True	496808	498654	left	0	2	16
2	zyd	f	18	1	70	diamond	green	(724, 460)	high	dis	(645, 428)	N	dif	vert	up	False	501321	None	None	0	2	17
2	zyd	f	18	1	70	diamond	red	(533, 540)	low	dis	(724, 460)	Y	dif	hori	left	True	507047	508078	left	1	2	18
2	zyd	f	18	1	70	circle	red	(724, 460)	high	dis	(533, 540)	N	same	hori	left	True	509102	510710	left	1	2	19
2	zyd	f	18	1	70	diamond	green	(724, 460)	high	dis	(757, 540)	N	same	vert	up	True	511888	513126	up	1	2	20
2	zyd	f	18	1	70	circle	green	(757, 540)	low	dis	(724, 460)	Y	dif	vert	up	True	514293	515558	up	1	2	21
2	zyd	f	18	1	70	circle	red	(565, 460)	low	no	no_dis	N	dif	vert	up	True	516635	518830	up	1	2	22
2	zyd	f	18	1	70	circle	red	(645, 652)	low	dis	(533, 540)	N	same	hori	left	True	519917	521222	left	1	2	23
2	zyd	f	18	1	70	circle	green	(724, 460)	high	dis	(724, 619)	N	same	hori	left	True	522324	524134	left	1	2	24
2	zyd	f	18	1	70	circle	green	(724, 460)	high	dis	(724, 619)	N	dif	hori	left	True	525327	526494	left	1	2	25
2	zyd	f	18	1	70	diamond	red	(724, 460)	high	dis	(533, 540)	N	dif	hori	left	True	527573	529334	up	0	2	26
2	zyd	f	18	1	70	circle	green	(645, 652)	low	no	no_dis	N	dif	hori	left	True	531928	532974	left	1	2	27
2	zyd	f	18	1	70	circle	green	(724, 460)	high	no	no_dis	N	dif	hori	left	True	534222	535014	left	1	2	28
2	zyd	f	18	1	70	diamond	red	(645, 428)	low	dis	(724, 460)	Y	same	hori	left	True	536026	537406	up	0	2	29
2	zyd	f	18	1	70	diamond	green	(533, 540)	low	dis	(565, 460)	N	dif	vert	up	True	540095	542278	left	0	2	30
2	zyd	f	18	1	70	diamond	red	(724, 460)	high	no	no_dis	N	same	hori	left	True	545029	547334	left	1	2	31
2	zyd	f	18	1	70	circle	red	(724, 460)	high	dis	(565, 619)	N	dif	vert	up	True	548486	550950	up	1	2	32
2	zyd	f	18	1	70	diamond	red	(724, 460)	high	no	no_dis	N	same	vert	up	True	552029	553446	up	1	2	33
2	zyd	f	18	1	70	diamond	green	(724, 619)	low	no	no_dis	N	dif	hori	left	True	554618	557222	left	1	2	34
2	zyd	f	18	1	70	circle	green	(724, 460)	high	no	no_dis	N	same	hori	left	True	558256	559790	left	1	2	35
2	zyd	f	18	1	70	circle	red	(724, 460)	high	dis	(645, 428)	N	dif	hori	left	True	561020	563166	left	1	2	36
2	zyd	f	18	1	70	circle	green	(724, 460)	high	dis	(757, 540)	N	same	hori	left	True	564331	565581	left	1	2	37
2	zyd	f	18	1	70	circle	red	(757, 540)	low	dis	(645, 652)	N	dif	hori	left	True	566806	568262	left	1	2	38
2	zyd	f	18	1	70	diamond	green	(724, 460)	high	dis	(645, 428)	N	same	hori	left	True	569303	571150	left	1	2	39
2	zyd	f	18	1	70	diamond	green	(724, 460)	high	no	no_dis	N	same	hori	left	True	572187	573718	left	1	2	40
2	zyd	f	18	1	70	circle	green	(724, 460)	high	no	no_dis	N	same	vert	up	True	574837	575814	up	1	2	41
2	zyd	f	18	1	70	circle	red	(724, 460)	high	dis	(565, 619)	N	same	hori	left	True	576974	578350	left	1	2	42
2	zyd	f	18	1	70	diamond	red	(724, 460)	high	dis	(645, 652)	N	dif	hori	left	True	579577	581406	left	1	2	43
2	zyd	f	18	1	70	circle	green	(645, 428)	low	dis	(724, 460)	Y	same	hori	left	True	582607	583774	left	1	2	44
2	zyd	f	18	1	70	diamond	green	(724, 460)	high	no	no_dis	N	same	vert	up	True	585021	586078	up	1	2	45
2	zyd	f	18	1	70	circle	green	(724, 460)	high	dis	(757, 540)	N	dif	vert	up	True	587110	589094	up	1	2	46
2	zyd	f	18	1	70	circle	green	(724, 460)	high	dis	(724, 619)	N	dif	vert	up	True	590339	591798	up	1	2	47
2	zyd	f	18	1	70	diamond	red	(724, 619)	low	dis	(565, 460)	N	same	vert	up	True	593000	594718	left	0	2	48
2	zyd	f	18	1	70	circle	green	(724, 460)	high	dis	(533, 540)	N	same	vert	up	True	597290	598606	up	1	2	49
2	zyd	f	18	1	70	diamond	red	(724, 460)	high	no	no_dis	N	dif	hori	left	True	599688	600494	left	1	2	50
2	zyd	f	18	1	70	circle	red	(724, 460)	high	no	no_dis	N	same	hori	left	True	601581	602422	left	1	2	51
2	zyd	f	18	1	70	circle	red	(724, 460)	high	dis	(565, 460)	N	same	vert	up	True	603482	604086	up	1	2	52
2	zyd	f	18	1	70	circle	red	(645, 428)	low	dis	(724, 460)	Y	same	vert	up	True	605169	605718	left	0	2	53
2	zyd	f	18	1	70	circle	green	(724, 460)	high	no	no_dis	N	dif	hori	left	True	608266	609221	left	1	2	54
2	zyd	f	18	1	70	diamond	green	(724, 460)	high	dis	(565, 619)	N	same	vert	up	True	610318	611678	left	0	2	55
2	zyd	f	18	1	70	circle	green	(645, 652)	low	dis	(565, 619)	N	dif	vert	up	True	614263	615455	up	1	2	56
2	zyd	f	18	1	70	diamond	red	(724, 460)	high	dis	(645, 652)	N	same	vert	up	True	616676	618310	up	1	2	57
2	zyd	f	18	1	70	diamond	green	(724, 460)	high	dis	(565, 619)	N	dif	hori	left	True	619556	620710	left	1	2	58
2	zyd	f	18	1	70	circle	red	(724, 460)	high	dis	(565, 619)	N	dif	vert	up	True	621886	623078	up	1	2	59
2	zyd	f	18	1	70	circle	red	(724, 460)	high	dis	(533, 540)	N	dif	hori	left	True	624262	626094	left	1	2	60
2	zyd	f	18	1	70	circle	green	(724, 460)	high	no	no_dis	N	same	hori	left	True	627101	628622	left	1	2	61
2	zyd	f	18	1	70	diamond	green	(724, 460)	high	dis	(565, 619)	N	dif	vert	up	True	629824	630582	up	1	2	62
2	zyd	f	18	1	70	circle	red	(565, 460)	low	dis	(724, 460)	Y	same	vert	up	True	631658	633014	up	1	2	63
2	zyd	f	18	1	70	circle	green	(724, 460)	high	no	no_dis	N	dif	vert	up	True	634128	635006	up	1	2	64
2	zyd	f	18	1	70	diamond	red	(565, 619)	low	no	no_dis	N	same	vert	up	True	636157	637302	up	1	2	65
2	zyd	f	18	1	70	diamond	green	(757, 540)	low	dis	(645, 428)	N	same	hori	left	True	638353	641078	left	1	2	66
2	zyd	f	18	1	70	diamond	green	(724, 460)	high	dis	(565, 460)	N	dif	hori	left	True	642296	643533	left	1	2	67
2	zyd	f	18	1	70	circle	green	(724, 460)	high	dis	(565, 619)	N	dif	hori	left	True	644733	645638	left	1	2	68
2	zyd	f	18	1	70	diamond	green	(645, 652)	low	dis	(724, 619)	N	dif	vert	up	True	646809	648109	up	1	2	69
2	zyd	f	18	1	70	diamond	red	(724, 460)	high	no	no_dis	N	dif	vert	up	True	649206	650358	left	0	2	70
2	zyd	f	18	1	70	circle	green	(565, 460)	low	dis	(757, 540)	N	dif	hori	left	True	652950	654478	left	1	2	71
2	zyd	f	18	1	70	diamond	red	(724, 460)	high	dis	(645, 652)	N	same	hori	left	True	655714	656918	left	1	2	72
2	zyd	f	18	1	70	diamond	red	(724, 460)	high	dis	(645, 652)	N	dif	vert	up	True	658059	659182	up	1	2	73
2	zyd	f	18	1	70	circle	red	(724, 460)	high	dis	(565, 460)	N	same	vert	up	True	660290	661438	up	1	2	74
2	zyd	f	18	1	70	diamond	red	(757, 540)	low	dis	(724, 460)	Y	same	vert	up	True	662591	663502	left	0	2	75
2	zyd	f	18	1	70	circle	red	(724, 460)	high	no	no_dis	N	dif	vert	up	True	666267	667366	up	1	2	76
2	zyd	f	18	1	70	diamond	red	(565, 619)	low	dis	(724, 619)	N	same	hori	left	True	668559	670182	left	1	2	77
2	zyd	f	18	1	70	circle	red	(724, 460)	high	no	no_dis	N	dif	vert	up	True	671227	672134	up	1	2	78
2	zyd	f	18	1	70	circle	red	(724, 460)	high	no	no_dis	N	same	vert	up	True	673167	673957	up	1	2	79
2	zyd	f	18	1	70	circle	red	(724, 619)	low	dis	(724, 460)	Y	same	vert	up	True	675038	676349	up	1	2	80
2	zyd	f	18	1	70	diamond	green	(724, 460)	high	dis	(565, 460)	N	same	vert	up	True	677511	678590	up	1	2	81
2	zyd	f	18	1	70	diamond	red	(724, 460)	high	dis	(724, 619)	N	dif	vert	up	True	679705	681542	up	1	2	82
2	zyd	f	18	1	70	diamond	red	(724, 460)	high	dis	(645, 428)	N	same	vert	up	True	682694	683693	left	0	2	83
2	zyd	f	18	1	70	diamond	red	(724, 460)	high	dis	(724, 619)	N	dif	hori	left	True	686258	687541	left	1	2	84
2	zyd	f	18	1	70	circle	green	(565, 460)	low	no	no_dis	N	same	vert	up	True	688579	689830	up	1	2	85
2	zyd	f	18	1	70	diamond	green	(645, 428)	low	no	no_dis	N	dif	vert	up	True	690928	691878	left	0	2	86
2	zyd	f	18	1	70	diamond	green	(724, 460)	high	no	no_dis	N	same	hori	left	True	694462	695310	left	1	2	87
2	zyd	f	18	1	70	diamond	green	(645, 428)	low	dis	(533, 540)	N	same	hori	left	True	696497	698469	left	1	2	88
2	zyd	f	18	1	70	diamond	green	(724, 460)	high	no	no_dis	N	same	vert	up	True	699569	700702	up	1	2	89
2	zyd	f	18	1	70	circle	red	(724, 460)	high	dis	(645, 428)	N	same	vert	up	True	701928	704110	up	1	2	90
2	zyd	f	18	1	70	diamond	green	(724, 460)	high	no	no_dis	N	dif	vert	up	True	705247	707037	up	1	2	91
2	zyd	f	18	1	70	diamond	green	(724, 460)	high	dis	(645, 652)	N	dif	hori	left	True	708215	709718	left	1	2	92
2	zyd	f	18	1	70	circle	green	(645, 652)	low	no	no_dis	N	same	hori	left	True	710778	711838	left	1	2	93
2	zyd	f	18	1	70	diamond	green	(565, 460)	low	dis	(565, 619)	N	dif	hori	left	True	712853	714693	left	1	2	94
2	zyd	f	18	1	70	circle	green	(724, 460)	high	dis	(645, 652)	N	same	hori	left	True	715717	716757	left	1	2	95
2	zyd	f	18	1	70	circle	red	(724, 460)	high	dis	(724, 619)	N	dif	vert	up	True	717874	718869	up	1	2	96
2	zyd	f	18	1	70	circle	green	(724, 460)	high	dis	(757, 540)	N	same	hori	left	True	720011	721854	left	1	2	97
2	zyd	f	18	1	70	circle	green	(533, 540)	low	dis	(645, 428)	N	same	vert	up	True	723103	724462	up	1	2	98
2	zyd	f	18	1	70	circle	green	(724, 460)	high	dis	(565, 460)	N	dif	hori	left	True	725654	726246	left	1	2	99
2	zyd	f	18	1	70	circle	red	(724, 460)	high	dis	(533, 540)	N	dif	hori	left	True	727451	728086	left	1	2	100
2	zyd	f	18	1	70	circle	red	(724, 460)	high	no	no_dis	N	same	hori	left	True	729320	730045	left	1	2	101
2	zyd	f	18	1	70	circle	red	(533, 540)	low	no	no_dis	N	same	hori	left	True	731226	732837	left	1	2	102
2	zyd	f	18	1	70	diamond	red	(724, 460)	high	dis	(757, 540)	N	same	hori	left	True	733876	735526	left	1	2	103
2	zyd	f	18	1	70	diamond	green	(724, 460)	high	dis	(533, 540)	N	dif	hori	left	True	736647	738606	left	1	2	104
2	zyd	f	18	1	70	diamond	green	(724, 460)	high	no	no_dis	N	dif	vert	up	True	739639	740558	up	1	2	105
2	zyd	f	18	1	70	diamond	red	(724, 460)	high	dis	(565, 460)	N	dif	vert	up	True	741668	743326	up	1	2	106
2	zyd	f	18	1	70	diamond	red	(724, 460)	high	no	no_dis	N	dif	hori	left	True	744349	745461	left	1	2	107
2	zyd	f	18	1	70	diamond	red	(724, 460)	high	dis	(645, 652)	N	same	hori	left	True	746506	748045	left	1	2	108
2	zyd	f	18	1	70	circle	green	(724, 460)	high	dis	(724, 619)	N	dif	vert	up	True	749163	751966	up	1	2	109
2	zyd	f	18	1	70	diamond	green	(565, 619)	low	dis	(757, 540)	N	dif	hori	left	True	752989	754173	left	1	2	110
2	zyd	f	18	1	70	diamond	red	(724, 460)	high	no	no_dis	N	same	vert	up	True	755397	756150	left	0	2	111
2	zyd	f	18	1	70	circle	red	(724, 460)	high	dis	(645, 428)	N	same	vert	up	True	758792	760029	up	1	2	112
2	zyd	f	18	1	70	diamond	green	(724, 460)	high	dis	(565, 460)	N	same	hori	left	True	761044	763670	left	1	2	113
2	zyd	f	18	1	70	diamond	red	(757, 540)	low	no	no_dis	N	same	hori	left	True	764762	766246	left	1	2	114
2	zyd	f	18	1	70	diamond	red	(724, 460)	high	no	no_dis	N	same	vert	up	True	767417	768726	up	1	2	115
2	zyd	f	18	1	70	circle	red	(724, 460)	high	dis	(757, 540)	N	same	vert	up	True	769896	772141	left	0	2	116
2	zyd	f	18	1	70	diamond	green	(724, 460)	high	dis	(757, 540)	N	same	hori	left	True	774906	777150	left	1	2	117
2	zyd	f	18	1	70	circle	green	(724, 460)	high	no	no_dis	N	dif	hori	left	True	778346	779197	left	1	2	118
2	zyd	f	18	1	70	circle	green	(724, 460)	high	dis	(533, 540)	N	dif	vert	up	True	780218	780958	up	1	2	119
2	zyd	f	18	1	70	diamond	red	(724, 619)	low	no	no_dis	N	dif	hori	left	True	781997	784038	left	1	2	120
2	zyd	f	18	1	70	diamond	green	(533, 540)	low	dis	(565, 619)	N	same	vert	up	True	843132	845509	up	1	3	1
2	zyd	f	18	1	70	circle	red	(724, 460)	high	dis	(533, 540)	N	same	hori	left	True	846513	847902	left	1	3	2
2	zyd	f	18	1	70	circle	green	(724, 460)	high	dis	(757, 540)	N	dif	vert	up	True	849061	850086	up	1	3	3
2	zyd	f	18	1	70	circle	green	(724, 460)	high	no	no_dis	N	same	vert	up	True	851099	851845	up	1	3	4
2	zyd	f	18	1	70	diamond	green	(565, 460)	low	no	no_dis	N	same	vert	up	True	853089	854773	up	1	3	5
2	zyd	f	18	1	70	diamond	green	(645, 652)	low	dis	(565, 619)	N	dif	hori	left	True	855810	857421	left	1	3	6
2	zyd	f	18	1	70	diamond	red	(724, 460)	high	no	no_dis	N	same	vert	up	True	858611	859861	up	1	3	7
2	zyd	f	18	1	70	circle	green	(724, 619)	low	dis	(565, 460)	N	same	vert	up	True	860992	862030	up	1	3	8
2	zyd	f	18	1	70	circle	red	(724, 460)	high	no	no_dis	N	dif	vert	up	True	863046	863798	up	1	3	9
2	zyd	f	18	1	70	diamond	red	(724, 460)	high	dis	(645, 428)	N	same	hori	left	True	864970	866205	left	1	3	10
2	zyd	f	18	1	70	circle	red	(565, 619)	low	no	no_dis	N	same	hori	left	True	867295	868565	left	1	3	11
2	zyd	f	18	1	70	circle	green	(724, 460)	high	no	no_dis	N	same	hori	left	True	869624	870397	left	1	3	12
2	zyd	f	18	1	70	circle	green	(724, 460)	high	no	no_dis	N	dif	vert	up	True	871483	872229	up	1	3	13
2	zyd	f	18	1	70	circle	red	(724, 460)	high	dis	(645, 428)	N	same	vert	up	True	873254	874286	up	1	3	14
2	zyd	f	18	1	70	diamond	green	(645, 428)	low	no	no_dis	N	dif	vert	up	True	875313	877277	up	1	3	15
2	zyd	f	18	1	70	circle	green	(724, 460)	high	no	no_dis	N	same	vert	up	True	878464	879910	up	1	3	16
2	zyd	f	18	1	70	diamond	red	(565, 619)	low	no	no_dis	N	same	hori	left	True	881004	882613	left	1	3	17
2	zyd	f	18	1	70	diamond	green	(645, 428)	low	no	no_dis	N	dif	vert	up	True	883617	885381	up	1	3	18
2	zyd	f	18	1	70	circle	green	(724, 460)	high	dis	(645, 652)	N	dif	hori	left	True	886519	888214	up	0	3	19
2	zyd	f	18	1	70	circle	red	(645, 428)	low	dis	(724, 619)	N	dif	hori	left	True	890886	892101	left	1	3	20
2	zyd	f	18	1	70	circle	red	(724, 460)	high	dis	(645, 652)	N	dif	vert	up	True	893180	894285	up	1	3	21
2	zyd	f	18	1	70	diamond	green	(724, 460)	high	dis	(724, 619)	N	dif	vert	up	True	895507	897158	up	1	3	22
2	zyd	f	18	1	70	circle	red	(724, 460)	high	dis	(645, 652)	N	dif	vert	up	True	898174	899893	up	1	3	23
2	zyd	f	18	1	70	circle	red	(757, 540)	low	no	no_dis	N	same	vert	up	True	901069	902853	up	1	3	24
2	zyd	f	18	1	70	circle	red	(724, 460)	high	no	no_dis	N	dif	hori	left	True	903873	904870	left	1	3	25
2	zyd	f	18	1	70	circle	green	(724, 460)	high	dis	(533, 540)	N	dif	hori	left	True	905960	907717	left	1	3	26
2	zyd	f	18	1	70	diamond	red	(724, 460)	high	dis	(757, 540)	N	same	hori	left	True	908883	910197	left	1	3	27
2	zyd	f	18	1	70	circle	green	(724, 460)	high	dis	(565, 619)	N	same	vert	up	True	911408	913245	up	1	3	28
2	zyd	f	18	1	70	diamond	red	(645, 428)	low	dis	(645, 652)	N	dif	vert	up	True	914495	917078	up	1	3	29
2	zyd	f	18	1	70	diamond	red	(724, 460)	high	no	no_dis	N	dif	hori	left	True	918330	919429	left	1	3	30
2	zyd	f	18	1	70	circle	red	(724, 460)	high	dis	(565, 460)	N	same	vert	up	True	920587	921701	up	1	3	31
2	zyd	f	18	1	70	diamond	red	(724, 460)	high	dis	(645, 428)	N	same	vert	up	True	922741	924477	up	1	3	32
2	zyd	f	18	1	70	diamond	green	(724, 460)	high	no	no_dis	N	dif	vert	up	True	925559	926422	up	1	3	33
2	zyd	f	18	1	70	circle	green	(724, 619)	low	no	no_dis	N	dif	hori	left	True	927646	929181	left	1	3	34
2	zyd	f	18	1	70	circle	green	(533, 540)	low	dis	(757, 540)	N	dif	vert	up	True	930396	931597	up	1	3	35
2	zyd	f	18	1	70	circle	green	(724, 460)	high	dis	(724, 619)	N	same	hori	left	True	932744	934078	left	1	3	36
2	zyd	f	18	1	70	diamond	green	(724, 460)	high	dis	(724, 619)	N	same	hori	left	True	935221	936957	up	0	3	37
2	zyd	f	18	1	70	diamond	red	(565, 460)	low	dis	(724, 460)	Y	same	hori	left	True	939562	940701	left	1	3	38
2	zyd	f	18	1	70	diamond	green	(724, 460)	high	dis	(645, 652)	N	same	vert	up	True	941816	943557	up	1	3	39
2	zyd	f	18	1	70	circle	green	(724, 460)	high	dis	(757, 540)	N	dif	vert	up	True	944786	946445	left	0	3	40
2	zyd	f	18	1	70	diamond	green	(724, 460)	high	dis	(757, 540)	N	dif	hori	left	True	949051	951190	left	1	3	41
2	zyd	f	18	1	70	diamond	green	(724, 460)	high	no	no_dis	N	same	hori	left	True	952203	953397	left	1	3	42
2	zyd	f	18	1	70	diamond	red	(565, 460)	low	no	no_dis	N	dif	hori	left	True	954521	955454	left	1	3	43
2	zyd	f	18	1	70	diamond	red	(724, 460)	high	dis	(533, 540)	N	dif	vert	up	True	956672	957389	left	0	3	44
2	zyd	f	18	1	70	diamond	red	(724, 460)	high	no	no_dis	N	same	hori	left	True	960101	961213	left	1	3	45
2	zyd	f	18	1	70	circle	green	(724, 460)	high	dis	(645, 652)	N	same	vert	up	True	962345	963525	left	0	3	46
2	zyd	f	18	1	70	diamond	green	(724, 460)	high	no	no_dis	N	same	vert	up	True	966183	967165	up	1	3	47
2	zyd	f	18	1	70	circle	red	(724, 460)	high	no	no_dis	N	same	hori	left	True	968347	969453	left	1	3	48
2	zyd	f	18	1	70	diamond	red	(724, 460)	high	dis	(645, 428)	N	same	vert	up	True	970611	973277	up	1	3	49
2	zyd	f	18	1	70	diamond	red	(724, 460)	high	no	no_dis	N	dif	hori	left	True	974330	975133	left	1	3	50
2	zyd	f	18	1	70	diamond	green	(757, 540)	low	dis	(645, 428)	N	dif	vert	up	True	976141	977269	up	1	3	51
2	zyd	f	18	1	70	circle	red	(724, 460)	high	dis	(565, 619)	N	dif	hori	left	True	978280	979221	left	1	3	52
2	zyd	f	18	1	70	diamond	red	(724, 460)	high	dis	(724, 619)	N	dif	hori	left	False	980397	None	None	0	3	53
2	zyd	f	18	1	70	circle	red	(724, 460)	high	dis	(565, 619)	N	dif	hori	left	True	986139	988437	left	1	3	54
2	zyd	f	18	1	70	diamond	red	(533, 540)	low	dis	(724, 460)	Y	same	hori	left	True	989558	990741	left	1	3	55
2	zyd	f	18	1	70	circle	green	(724, 460)	high	dis	(533, 540)	N	same	vert	up	False	991956	None	None	0	3	56
2	zyd	f	18	1	70	diamond	red	(724, 460)	high	dis	(757, 540)	N	dif	hori	left	True	997631	999813	left	1	3	57
2	zyd	f	18	1	70	diamond	green	(724, 460)	high	dis	(645, 428)	N	same	vert	up	True	1000856	1003253	up	1	3	58
2	zyd	f	18	1	70	circle	green	(724, 460)	high	dis	(533, 540)	N	same	hori	left	True	1004336	1006501	left	1	3	59
2	zyd	f	18	1	70	circle	green	(724, 460)	high	no	no_dis	N	same	hori	left	True	1007679	1008741	left	1	3	60
2	zyd	f	18	1	70	circle	green	(645, 652)	low	no	no_dis	N	dif	hori	left	True	1009980	1011029	left	1	3	61
2	zyd	f	18	1	70	circle	red	(724, 619)	low	dis	(645, 652)	N	dif	vert	up	True	1012037	1013613	up	1	3	62
2	zyd	f	18	1	70	diamond	green	(724, 460)	high	dis	(533, 540)	N	dif	vert	up	True	1014620	1015470	left	0	3	63
2	zyd	f	18	1	70	diamond	green	(724, 460)	high	dis	(757, 540)	N	same	hori	left	True	1017994	1019621	left	1	3	64
2	zyd	f	18	1	70	circle	red	(724, 460)	high	dis	(565, 460)	N	dif	hori	left	True	1020635	1021469	left	1	3	65
2	zyd	f	18	1	70	diamond	green	(724, 460)	high	dis	(724, 619)	N	same	hori	left	True	1022505	1024773	left	1	3	66
2	zyd	f	18	1	70	diamond	red	(724, 460)	high	dis	(565, 619)	N	dif	hori	left	True	1025896	1026861	left	1	3	67
2	zyd	f	18	1	70	diamond	green	(724, 460)	high	dis	(645, 652)	N	same	vert	up	True	1027882	1028797	up	1	3	68
2	zyd	f	18	1	70	diamond	red	(724, 460)	high	dis	(757, 540)	N	dif	vert	up	True	1029856	1031389	up	1	3	69
2	zyd	f	18	1	70	diamond	red	(757, 540)	low	dis	(724, 460)	Y	dif	hori	left	True	1032464	1033605	left	1	3	70
2	zyd	f	18	1	70	circle	red	(724, 460)	high	dis	(565, 460)	N	same	hori	left	True	1034638	1036509	left	1	3	71
2	zyd	f	18	1	70	circle	red	(724, 460)	high	dis	(565, 460)	N	same	vert	up	True	1037515	1039525	up	1	3	72
2	zyd	f	18	1	70	circle	red	(565, 619)	low	dis	(757, 540)	N	same	vert	up	True	1040679	1041693	up	1	3	73
2	zyd	f	18	1	70	diamond	red	(645, 652)	low	no	no_dis	N	same	hori	left	True	1042902	1044349	left	1	3	74
2	zyd	f	18	1	70	diamond	red	(724, 460)	high	dis	(724, 619)	N	dif	hori	left	True	1045459	1046558	left	1	3	75
2	zyd	f	18	1	70	circle	red	(645, 652)	low	dis	(724, 460)	Y	dif	hori	left	True	1047770	1049509	left	1	3	76
2	zyd	f	18	1	70	circle	red	(724, 460)	high	dis	(724, 619)	N	dif	vert	up	True	1050535	1052749	up	1	3	77
2	zyd	f	18	1	70	circle	red	(724, 460)	high	dis	(565, 460)	N	dif	vert	up	True	1053941	1055173	up	1	3	78
2	zyd	f	18	1	70	diamond	green	(724, 460)	high	dis	(565, 619)	N	same	hori	left	True	1056212	1058293	left	1	3	79
2	zyd	f	18	1	70	diamond	green	(724, 460)	high	no	no_dis	N	dif	vert	up	True	1059461	1060845	up	1	3	80
2	zyd	f	18	1	70	diamond	red	(724, 460)	high	no	no_dis	N	same	vert	up	True	1061912	1063125	up	1	3	81
2	zyd	f	18	1	70	circle	red	(533, 540)	low	no	no_dis	N	same	vert	up	True	1064322	1065677	up	1	3	82
2	zyd	f	18	1	70	diamond	red	(724, 460)	high	dis	(533, 540)	N	dif	hori	left	True	1066887	1068877	up	0	3	83
2	zyd	f	18	1	70	circle	green	(724, 460)	high	dis	(645, 428)	N	same	vert	up	True	1071521	1072717	up	1	3	84
2	zyd	f	18	1	70	diamond	red	(724, 460)	high	dis	(533, 540)	N	dif	hori	left	True	1073783	1075293	left	1	3	85
2	zyd	f	18	1	70	circle	green	(724, 460)	high	dis	(645, 652)	N	same	vert	up	True	1076302	1077277	up	1	3	86
2	zyd	f	18	1	70	circle	green	(645, 428)	low	dis	(724, 460)	Y	same	hori	left	True	1078333	1080469	left	1	3	87
2	zyd	f	18	1	70	circle	green	(565, 460)	low	dis	(724, 460)	Y	dif	hori	left	True	1081578	1083557	left	1	3	88
2	zyd	f	18	1	70	diamond	green	(724, 460)	high	dis	(645, 652)	N	dif	vert	up	True	1084679	1087357	up	1	3	89
2	zyd	f	18	1	70	diamond	green	(645, 428)	low	dis	(724, 619)	N	same	hori	left	True	1088386	1090244	left	1	3	90
2	zyd	f	18	1	70	circle	green	(724, 460)	high	no	no_dis	N	same	vert	up	True	1091494	1092709	up	1	3	91
2	zyd	f	18	1	70	diamond	red	(724, 460)	high	no	no_dis	N	same	vert	up	True	1093750	1095292	left	0	3	92
2	zyd	f	18	1	70	circle	green	(724, 460)	high	dis	(565, 460)	N	dif	vert	up	True	1098057	1099397	up	1	3	93
2	zyd	f	18	1	70	diamond	green	(724, 460)	high	no	no_dis	N	same	hori	left	True	1100435	1102485	left	1	3	94
2	zyd	f	18	1	70	circle	red	(724, 460)	high	no	no_dis	N	dif	hori	left	True	1103699	1105293	left	1	3	95
2	zyd	f	18	1	70	diamond	green	(565, 460)	low	dis	(724, 460)	Y	same	vert	up	True	1106452	1108205	up	1	3	96
2	zyd	f	18	1	70	circle	red	(724, 460)	high	no	no_dis	N	same	hori	left	True	1109378	1110501	left	1	3	97
2	zyd	f	18	1	70	circle	green	(724, 460)	high	no	no_dis	N	dif	hori	left	True	1111639	1112669	left	1	3	98
2	zyd	f	18	1	70	diamond	red	(724, 460)	high	dis	(565, 619)	N	dif	hori	left	True	1113740	1114837	left	1	3	99
2	zyd	f	18	1	70	circle	green	(724, 460)	high	dis	(565, 619)	N	same	hori	left	True	1115843	1116877	left	1	3	100
2	zyd	f	18	1	70	circle	red	(724, 460)	high	no	no_dis	N	dif	vert	up	True	1117918	1118549	up	1	3	101
2	zyd	f	18	1	70	circle	red	(724, 460)	high	dis	(565, 460)	N	dif	vert	up	True	1119751	1120421	up	1	3	102
2	zyd	f	18	1	70	circle	red	(724, 460)	high	dis	(565, 460)	N	dif	hori	left	True	1121433	1122101	left	1	3	103
2	zyd	f	18	1	70	circle	red	(724, 460)	high	no	no_dis	N	dif	hori	left	True	1123275	1124045	left	1	3	104
2	zyd	f	18	1	70	diamond	green	(724, 460)	high	dis	(645, 428)	N	same	hori	left	True	1125247	1126381	left	1	3	105
2	zyd	f	18	1	70	circle	red	(565, 460)	low	dis	(533, 540)	N	dif	vert	up	True	1127400	1128654	up	1	3	106
2	zyd	f	18	1	70	circle	green	(724, 619)	low	no	no_dis	N	dif	vert	up	True	1129731	1131117	up	1	3	107
2	zyd	f	18	1	70	circle	green	(645, 652)	low	dis	(724, 460)	Y	same	vert	up	True	1132172	1134645	up	1	3	108
2	zyd	f	18	1	70	diamond	green	(724, 460)	high	dis	(565, 619)	N	same	hori	left	True	1135727	1137509	up	0	3	109
2	zyd	f	18	1	70	diamond	red	(724, 460)	high	no	no_dis	N	dif	hori	left	True	1140249	1141389	left	1	3	110
2	zyd	f	18	1	70	circle	green	(757, 540)	low	dis	(533, 540)	N	same	vert	up	True	1142491	1144509	up	1	3	111
2	zyd	f	18	1	70	circle	green	(724, 460)	high	dis	(724, 619)	N	dif	vert	up	True	1145757	1146749	up	1	3	112
2	zyd	f	18	1	70	diamond	red	(565, 619)	low	dis	(565, 460)	N	same	hori	left	True	1147949	1149261	left	1	3	113
2	zyd	f	18	1	70	diamond	green	(724, 460)	high	no	no_dis	N	dif	vert	up	True	1150476	1151740	up	1	3	114
2	zyd	f	18	1	70	circle	red	(757, 540)	low	dis	(724, 460)	Y	same	hori	left	True	1152801	1154772	left	1	3	115
2	zyd	f	18	1	70	diamond	green	(724, 460)	high	no	no_dis	N	dif	vert	up	True	1155909	1157109	up	1	3	116
2	zyd	f	18	1	70	diamond	red	(724, 460)	high	dis	(645, 428)	N	same	vert	up	True	1158261	1159789	up	1	3	117
2	zyd	f	18	1	70	diamond	green	(565, 619)	low	dis	(724, 460)	Y	dif	vert	up	True	1160989	1162413	left	0	3	118
2	zyd	f	18	1	70	diamond	green	(724, 460)	high	dis	(757, 540)	N	same	hori	left	True	1165038	1166285	left	1	3	119
2	zyd	f	18	1	70	diamond	red	(724, 619)	low	dis	(645, 428)	N	dif	hori	left	True	1167361	1168965	left	1	3	120
2	zyd	f	18	1	70	circle	red	(724, 460)	high	dis	(533, 540)	N	dif	hori	left	True	1207893	1209197	left	1	4	1
2	zyd	f	18	1	70	circle	red	(724, 460)	high	dis	(565, 460)	N	dif	hori	left	True	1210412	1211668	left	1	4	2
2	zyd	f	18	1	70	diamond	green	(724, 460)	high	no	no_dis	N	same	hori	left	True	1212880	1214052	left	1	4	3
2	zyd	f	18	1	70	diamond	red	(724, 460)	high	dis	(757, 540)	N	same	vert	up	True	1215143	1216285	up	1	4	4
2	zyd	f	18	1	70	circle	red	(724, 460)	high	dis	(565, 460)	N	dif	vert	up	True	1217359	1218556	up	1	4	5
2	zyd	f	18	1	70	circle	green	(724, 460)	high	no	no_dis	N	dif	vert	up	True	1219691	1220620	up	1	4	6
2	zyd	f	18	1	70	diamond	green	(724, 460)	high	dis	(724, 619)	N	same	vert	up	True	1221741	1223109	up	1	4	7
2	zyd	f	18	1	70	circle	red	(645, 652)	low	dis	(724, 460)	Y	same	hori	left	True	1224237	1225565	left	1	4	8
2	zyd	f	18	1	70	circle	green	(724, 619)	low	dis	(565, 460)	N	same	hori	left	True	1226609	1227829	left	1	4	9
2	zyd	f	18	1	70	circle	red	(724, 619)	low	dis	(757, 540)	N	dif	vert	up	True	1228859	1229836	left	0	4	10
2	zyd	f	18	1	70	circle	green	(724, 460)	high	dis	(565, 460)	N	dif	hori	left	True	1232556	1233420	left	1	4	11
2	zyd	f	18	1	70	diamond	red	(724, 460)	high	dis	(645, 652)	N	same	hori	left	True	1234456	1235389	left	1	4	12
2	zyd	f	18	1	70	circle	red	(757, 540)	low	dis	(724, 460)	Y	same	hori	left	True	1236567	1237589	left	1	4	13
2	zyd	f	18	1	70	circle	green	(724, 460)	high	dis	(565, 619)	N	dif	vert	up	True	1238838	1239925	up	1	4	14
2	zyd	f	18	1	70	diamond	green	(724, 460)	high	dis	(757, 540)	N	dif	vert	up	True	1240930	1242245	up	1	4	15
2	zyd	f	18	1	70	circle	red	(724, 460)	high	no	no_dis	N	same	hori	left	True	1243378	1244412	left	1	4	16
2	zyd	f	18	1	70	circle	red	(724, 460)	high	dis	(645, 428)	N	same	vert	up	True	1245458	1246684	up	1	4	17
2	zyd	f	18	1	70	diamond	red	(724, 460)	high	dis	(757, 540)	N	same	vert	up	True	1247784	1249725	up	1	4	18
2	zyd	f	18	1	70	diamond	red	(645, 428)	low	dis	(724, 619)	N	dif	vert	up	True	1250745	1251964	up	1	4	19
2	zyd	f	18	1	70	circle	red	(645, 428)	low	dis	(645, 652)	N	dif	vert	up	True	1253137	1254341	left	0	4	20
2	zyd	f	18	1	70	diamond	red	(757, 540)	low	dis	(533, 540)	N	dif	hori	left	True	1257028	1258093	up	0	4	21
2	zyd	f	18	1	70	circle	green	(724, 460)	high	no	no_dis	N	same	vert	up	True	1260644	1262213	up	1	4	22
2	zyd	f	18	1	70	circle	green	(724, 460)	high	no	no_dis	N	dif	vert	up	True	1263423	1264452	up	1	4	23
2	zyd	f	18	1	70	diamond	green	(724, 619)	low	no	no_dis	N	dif	hori	left	True	1265487	1266733	left	1	4	24
2	zyd	f	18	1	70	diamond	red	(724, 619)	low	dis	(565, 619)	N	same	vert	up	True	1267824	1269100	up	1	4	25
2	zyd	f	18	1	70	diamond	green	(724, 460)	high	dis	(645, 428)	N	dif	vert	up	True	1270223	1271077	left	0	4	26
2	zyd	f	18	1	70	circle	red	(533, 540)	low	no	no_dis	N	same	hori	left	True	1273657	1275693	up	0	4	27
2	zyd	f	18	1	70	circle	red	(724, 460)	high	no	no_dis	N	same	vert	up	True	1278276	1279156	up	1	4	28
2	zyd	f	18	1	70	diamond	green	(645, 652)	low	dis	(724, 460)	Y	dif	vert	up	True	1280174	1280909	left	0	4	29
2	zyd	f	18	1	70	circle	red	(565, 460)	low	dis	(724, 460)	Y	dif	hori	left	True	1283616	1285012	left	1	4	30
2	zyd	f	18	1	70	diamond	green	(757, 540)	low	dis	(724, 460)	Y	same	vert	up	True	1286252	1287677	up	1	4	31
2	zyd	f	18	1	70	diamond	green	(724, 460)	high	no	no_dis	N	dif	vert	up	True	1288869	1289885	up	1	4	32
2	zyd	f	18	1	70	diamond	red	(724, 460)	high	no	no_dis	N	same	hori	left	True	1290969	1292388	left	1	4	33
2	zyd	f	18	1	70	circle	green	(724, 460)	high	no	no_dis	N	same	hori	left	True	1293471	1294964	left	1	4	34
2	zyd	f	18	1	70	diamond	red	(724, 460)	high	dis	(565, 619)	N	dif	vert	up	True	1296011	1297813	up	1	4	35
2	zyd	f	18	1	70	diamond	green	(724, 460)	high	no	no_dis	N	same	vert	up	True	1299035	1299869	up	1	4	36
2	zyd	f	18	1	70	circle	red	(724, 460)	high	dis	(565, 460)	N	same	vert	up	True	1301021	1301980	up	1	4	37
2	zyd	f	18	1	70	diamond	red	(724, 460)	high	dis	(724, 619)	N	same	hori	left	True	1303118	1304197	left	1	4	38
2	zyd	f	18	1	70	diamond	red	(565, 460)	low	dis	(724, 460)	Y	same	hori	left	True	1305385	1306893	left	1	4	39
2	zyd	f	18	1	70	circle	green	(757, 540)	low	dis	(565, 460)	N	same	hori	left	True	1308041	1309140	left	1	4	40
2	zyd	f	18	1	70	diamond	green	(724, 460)	high	dis	(724, 619)	N	dif	hori	left	True	1310270	1312252	up	0	4	41
2	zyd	f	18	1	70	diamond	green	(724, 460)	high	dis	(565, 619)	N	same	vert	up	True	1314965	1316476	up	1	4	42
2	zyd	f	18	1	70	diamond	red	(724, 619)	low	no	no_dis	N	same	vert	up	True	1317552	1318749	up	1	4	43
2	zyd	f	18	1	70	diamond	red	(565, 460)	low	no	no_dis	N	same	hori	left	True	1319859	1320949	left	1	4	44
2	zyd	f	18	1	70	diamond	red	(533, 540)	low	dis	(565, 619)	N	same	hori	left	True	1322022	1323253	up	0	4	45
2	zyd	f	18	1	70	circle	red	(724, 460)	high	no	no_dis	N	same	vert	up	True	1325810	1326964	left	0	4	46
2	zyd	f	18	1	70	circle	green	(724, 460)	high	dis	(533, 540)	N	same	vert	up	True	1329636	1330644	up	1	4	47
2	zyd	f	18	1	70	diamond	green	(645, 652)	low	no	no_dis	N	same	vert	up	True	1331677	1332764	up	1	4	48
2	zyd	f	18	1	70	diamond	red	(724, 460)	high	dis	(645, 428)	N	dif	vert	up	True	1333952	1335924	up	1	4	49
2	zyd	f	18	1	70	circle	green	(724, 460)	high	dis	(645, 652)	N	dif	vert	up	True	1337025	1338036	up	1	4	50
2	zyd	f	18	1	70	diamond	red	(724, 460)	high	dis	(645, 652)	N	same	hori	left	True	1339285	1340197	left	1	4	51
2	zyd	f	18	1	70	diamond	red	(724, 460)	high	dis	(645, 428)	N	same	hori	left	True	1341361	1342645	left	1	4	52
2	zyd	f	18	1	70	circle	red	(724, 460)	high	dis	(757, 540)	N	dif	hori	left	True	1343757	1345013	left	1	4	53
2	zyd	f	18	1	70	circle	green	(724, 460)	high	no	no_dis	N	dif	vert	up	True	1346189	1347469	up	1	4	54
2	zyd	f	18	1	70	diamond	green	(724, 460)	high	dis	(565, 460)	N	dif	hori	left	True	1348552	1350260	left	1	4	55
2	zyd	f	18	1	70	diamond	red	(533, 540)	low	no	no_dis	N	dif	hori	left	True	1351492	1353548	left	1	4	56
2	zyd	f	18	1	70	circle	green	(724, 460)	high	dis	(757, 540)	N	same	hori	left	True	1354586	1356412	left	1	4	57
2	zyd	f	18	1	70	circle	red	(565, 619)	low	no	no_dis	N	dif	vert	up	True	1357437	1359020	up	1	4	58
2	zyd	f	18	1	70	circle	green	(645, 428)	low	dis	(533, 540)	N	dif	hori	left	True	1360236	1362461	left	1	4	59
2	zyd	f	18	1	70	circle	green	(724, 460)	high	dis	(645, 652)	N	dif	vert	up	True	1363539	1366285	up	1	4	60
2	zyd	f	18	1	70	diamond	green	(724, 460)	high	no	no_dis	N	same	vert	up	True	1367533	1368732	up	1	4	61
2	zyd	f	18	1	70	circle	green	(724, 460)	high	dis	(645, 652)	N	dif	vert	up	True	1369871	1371181	up	1	4	62
2	zyd	f	18	1	70	diamond	red	(724, 460)	high	dis	(724, 619)	N	dif	hori	left	True	1372365	1373884	left	1	4	63
2	zyd	f	18	1	70	circle	green	(724, 460)	high	dis	(724, 619)	N	same	hori	left	True	1375009	1376676	left	1	4	64
2	zyd	f	18	1	70	diamond	red	(724, 460)	high	no	no_dis	N	dif	hori	left	True	1377859	1379508	left	1	4	65
2	zyd	f	18	1	70	diamond	red	(724, 460)	high	no	no_dis	N	same	hori	left	True	1380685	1382845	left	1	4	66
2	zyd	f	18	1	70	diamond	green	(724, 460)	high	dis	(533, 540)	N	dif	hori	left	True	1384045	1385397	left	1	4	67
2	zyd	f	18	1	70	diamond	red	(724, 460)	high	dis	(565, 460)	N	dif	vert	up	True	1386575	1388804	up	1	4	68
2	zyd	f	18	1	70	circle	red	(645, 428)	low	no	no_dis	N	dif	vert	up	True	1389916	1390932	up	1	4	69
2	zyd	f	18	1	70	circle	red	(724, 460)	high	no	no_dis	N	dif	hori	left	True	1391962	1393405	left	1	4	70
2	zyd	f	18	1	70	circle	red	(724, 460)	high	dis	(565, 619)	N	same	hori	left	True	1394489	1395292	left	1	4	71
2	zyd	f	18	1	70	diamond	red	(724, 460)	high	no	no_dis	N	same	hori	left	True	1396535	1398684	left	1	4	72
2	zyd	f	18	1	70	diamond	green	(724, 460)	high	no	no_dis	N	dif	vert	up	True	1399693	1401932	left	0	4	73
2	zyd	f	18	1	70	diamond	green	(645, 428)	low	dis	(724, 460)	Y	same	vert	up	True	1404454	1405588	up	1	4	74
2	zyd	f	18	1	70	circle	green	(724, 460)	high	dis	(533, 540)	N	dif	vert	up	True	1406752	1409036	up	1	4	75
2	zyd	f	18	1	70	circle	green	(757, 540)	low	no	no_dis	N	dif	hori	left	True	1410137	1411445	left	1	4	76
2	zyd	f	18	1	70	diamond	green	(724, 460)	high	dis	(533, 540)	N	same	hori	left	True	1412586	1414780	left	1	4	77
2	zyd	f	18	1	70	circle	green	(724, 460)	high	dis	(565, 460)	N	same	hori	left	True	1415783	1417716	left	1	4	78
2	zyd	f	18	1	70	circle	green	(724, 460)	high	no	no_dis	N	dif	vert	up	True	1418906	1419877	up	1	4	79
2	zyd	f	18	1	70	diamond	red	(724, 460)	high	no	no_dis	N	same	vert	up	True	1421076	1422380	up	1	4	80
2	zyd	f	18	1	70	diamond	green	(645, 652)	low	no	no_dis	N	same	vert	up	True	1423543	1424876	up	1	4	81
2	zyd	f	18	1	70	diamond	green	(724, 460)	high	dis	(645, 428)	N	dif	hori	left	True	1426015	1428541	left	1	4	82
2	zyd	f	18	1	70	circle	green	(724, 460)	high	no	no_dis	N	same	vert	up	True	1429557	1431172	up	1	4	83
2	zyd	f	18	1	70	diamond	green	(724, 460)	high	no	no_dis	N	same	hori	left	True	1432321	1433428	left	1	4	84
2	zyd	f	18	1	70	circle	red	(724, 460)	high	dis	(533, 540)	N	same	vert	up	True	1434504	1435501	up	1	4	85
2	zyd	f	18	1	70	circle	green	(724, 460)	high	dis	(645, 652)	N	same	hori	left	True	1436656	1437708	left	1	4	86
2	zyd	f	18	1	70	diamond	green	(565, 619)	low	dis	(757, 540)	N	dif	hori	left	True	1438731	1439901	left	1	4	87
2	zyd	f	18	1	70	circle	green	(724, 460)	high	dis	(645, 652)	N	dif	vert	up	True	1440919	1441996	up	1	4	88
2	zyd	f	18	1	70	diamond	red	(724, 460)	high	dis	(533, 540)	N	dif	hori	left	True	1443217	1444900	left	1	4	89
2	zyd	f	18	1	70	circle	green	(724, 460)	high	dis	(565, 619)	N	same	vert	up	True	1445965	1447644	left	0	4	90
2	zyd	f	18	1	70	circle	red	(724, 460)	high	dis	(565, 460)	N	same	hori	left	True	1450174	1451124	left	1	4	91
2	zyd	f	18	1	70	diamond	green	(724, 460)	high	no	no_dis	N	dif	hori	left	True	1452172	1453692	left	1	4	92
2	zyd	f	18	1	70	circle	red	(724, 460)	high	dis	(724, 619)	N	same	hori	left	True	1454924	1456244	left	1	4	93
2	zyd	f	18	1	70	diamond	green	(724, 460)	high	dis	(565, 619)	N	same	hori	left	True	1457260	1457909	left	1	4	94
2	zyd	f	18	1	70	diamond	green	(724, 460)	high	dis	(645, 428)	N	same	vert	up	True	1459001	1460308	up	1	4	95
2	zyd	f	18	1	70	diamond	red	(724, 460)	high	dis	(533, 540)	N	dif	vert	up	True	1461341	1462260	up	1	4	96
2	zyd	f	18	1	70	circle	red	(724, 460)	high	dis	(565, 619)	N	dif	vert	up	True	1463496	1464445	up	1	4	97
2	zyd	f	18	1	70	circle	green	(565, 460)	low	no	no_dis	N	dif	vert	up	True	1465542	1466653	up	1	4	98
2	zyd	f	18	1	70	diamond	red	(724, 460)	high	dis	(757, 540)	N	same	vert	up	True	1467776	1469548	up	1	4	99
2	zyd	f	18	1	70	circle	green	(533, 540)	low	dis	(645, 428)	N	dif	hori	left	True	1470767	1472236	left	1	4	100
2	zyd	f	18	1	70	circle	green	(565, 460)	low	dis	(724, 460)	Y	same	vert	up	True	1473325	1474612	up	1	4	101
2	zyd	f	18	1	70	circle	red	(724, 460)	high	dis	(645, 428)	N	same	vert	up	True	1475663	1476588	up	1	4	102
2	zyd	f	18	1	70	diamond	green	(724, 460)	high	dis	(724, 619)	N	dif	hori	left	True	1477759	1478908	left	1	4	103
2	zyd	f	18	1	70	diamond	red	(724, 460)	high	no	no_dis	N	dif	hori	left	True	1479973	1480852	left	1	4	104
2	zyd	f	18	1	70	diamond	red	(724, 460)	high	dis	(565, 619)	N	dif	hori	left	True	1481877	1483772	left	1	4	105
2	zyd	f	18	1	70	circle	red	(724, 460)	high	no	no_dis	N	dif	hori	left	True	1484837	1485524	left	1	4	106
2	zyd	f	18	1	70	circle	red	(565, 619)	low	dis	(645, 652)	N	same	vert	up	True	1486612	1487588	up	1	4	107
2	zyd	f	18	1	70	circle	red	(724, 460)	high	no	no_dis	N	dif	hori	left	True	1488611	1489508	left	1	4	108
2	zyd	f	18	1	70	circle	green	(724, 460)	high	dis	(757, 540)	N	same	vert	up	True	1490590	1491580	up	1	4	109
2	zyd	f	18	1	70	circle	red	(724, 460)	high	dis	(645, 652)	N	same	hori	left	True	1492710	1493901	left	1	4	110
2	zyd	f	18	1	70	circle	red	(724, 460)	high	dis	(724, 619)	N	same	vert	up	True	1494907	1495780	up	1	4	111
2	zyd	f	18	1	70	diamond	green	(565, 460)	low	dis	(724, 460)	Y	same	vert	up	True	1496804	1498205	up	1	4	112
2	zyd	f	18	1	70	circle	green	(565, 619)	low	no	no_dis	N	same	hori	left	True	1499424	1500516	up	0	4	113
2	zyd	f	18	1	70	diamond	red	(724, 460)	high	no	no_dis	N	dif	hori	left	True	1503030	1503796	left	1	4	114
2	zyd	f	18	1	70	circle	red	(724, 460)	high	no	no_dis	N	dif	vert	up	True	1504985	1505956	up	1	4	115
2	zyd	f	18	1	70	circle	green	(645, 652)	low	dis	(724, 619)	N	dif	vert	up	True	1507187	1509308	up	1	4	116
2	zyd	f	18	1	70	diamond	green	(533, 540)	low	dis	(724, 460)	Y	dif	vert	up	True	1510362	1511532	up	1	4	117
2	zyd	f	18	1	70	diamond	green	(724, 460)	high	dis	(757, 540)	N	dif	hori	left	True	1512635	1514020	left	1	4	118
2	zyd	f	18	1	70	diamond	green	(724, 460)	high	dis	(645, 428)	N	dif	hori	left	True	1515129	1516628	left	1	4	119
2	zyd	f	18	1	70	diamond	red	(565, 619)	low	dis	(645, 428)	N	dif	hori	left	True	1517801	1519708	left	1	4	120
2	zyd	f	18	1	70	circle	red	(724, 619)	low	dis	(645, 652)	N	same	hori	left	True	1564147	1565500	left	1	5	1
2	zyd	f	18	1	70	circle	green	(565, 460)	low	dis	(565, 619)	N	same	vert	up	True	1566620	1567540	up	1	5	2
2	zyd	f	18	1	70	diamond	green	(757, 540)	low	dis	(724, 460)	Y	same	vert	up	True	1568572	1569948	up	1	5	3
2	zyd	f	18	1	70	diamond	red	(757, 540)	low	dis	(724, 460)	Y	dif	hori	left	True	1571082	1571956	left	1	5	4
2	zyd	f	18	1	70	diamond	green	(724, 460)	high	no	no_dis	N	dif	hori	left	True	1573176	1574164	left	1	5	5
2	zyd	f	18	1	70	diamond	red	(724, 460)	high	dis	(645, 652)	N	dif	hori	left	True	1575171	1576148	left	1	5	6
2	zyd	f	18	1	70	circle	green	(645, 652)	low	no	no_dis	N	same	hori	left	True	1577228	1578276	left	1	5	7
2	zyd	f	18	1	70	circle	red	(724, 460)	high	dis	(565, 460)	N	same	hori	left	True	1579367	1580276	left	1	5	8
2	zyd	f	18	1	70	circle	red	(645, 652)	low	dis	(565, 460)	N	dif	hori	left	True	1581361	1582524	left	1	5	9
2	zyd	f	18	1	70	circle	green	(724, 460)	high	no	no_dis	N	dif	hori	left	True	1583703	1584316	left	1	5	10
2	zyd	f	18	1	70	diamond	red	(724, 619)	low	dis	(724, 460)	Y	dif	vert	up	True	1585391	1586892	up	1	5	11
2	zyd	f	18	1	70	diamond	red	(724, 460)	high	dis	(757, 540)	N	same	vert	up	True	1587934	1589380	up	1	5	12
2	zyd	f	18	1	70	circle	red	(724, 460)	high	dis	(645, 652)	N	dif	vert	up	True	1590591	1591292	up	1	5	13
2	zyd	f	18	1	70	circle	red	(757, 540)	low	dis	(533, 540)	N	dif	vert	up	True	1592430	1593636	up	1	5	14
2	zyd	f	18	1	70	circle	red	(724, 460)	high	no	no_dis	N	same	vert	up	True	1594705	1595460	up	1	5	15
2	zyd	f	18	1	70	circle	green	(645, 652)	low	dis	(724, 460)	Y	same	vert	up	True	1596493	1597292	up	1	5	16
2	zyd	f	18	1	70	circle	red	(724, 460)	high	dis	(533, 540)	N	dif	hori	left	True	1598396	1599556	left	1	5	17
2	zyd	f	18	1	70	circle	green	(724, 460)	high	dis	(565, 460)	N	dif	vert	up	True	1600598	1602180	up	1	5	18
2	zyd	f	18	1	70	diamond	red	(724, 460)	high	dis	(757, 540)	N	same	hori	left	True	1603239	1603980	left	1	5	19
2	zyd	f	18	1	70	diamond	red	(645, 428)	low	dis	(724, 619)	N	same	hori	left	True	1605093	1606164	left	1	5	20
2	zyd	f	18	1	70	circle	red	(724, 460)	high	dis	(724, 619)	N	same	hori	left	True	1607233	1608060	left	1	5	21
2	zyd	f	18	1	70	diamond	green	(724, 460)	high	no	no_dis	N	same	vert	up	True	1609137	1610300	up	1	5	22
2	zyd	f	18	1	70	circle	green	(724, 460)	high	dis	(724, 619)	N	dif	hori	left	True	1611404	1612380	left	1	5	23
2	zyd	f	18	1	70	diamond	green	(724, 460)	high	dis	(565, 619)	N	same	vert	up	True	1613404	1614348	up	1	5	24
2	zyd	f	18	1	70	diamond	red	(724, 460)	high	dis	(533, 540)	N	dif	vert	up	True	1615583	1616204	up	1	5	25
2	zyd	f	18	1	70	diamond	red	(565, 460)	low	no	no_dis	N	dif	hori	left	True	1617366	1618915	left	1	5	26
2	zyd	f	18	1	70	diamond	green	(565, 619)	low	dis	(645, 428)	N	dif	vert	up	True	1620075	1621252	up	1	5	27
2	zyd	f	18	1	70	circle	red	(724, 460)	high	dis	(533, 540)	N	same	hori	left	True	1622488	1624388	left	1	5	28
2	zyd	f	18	1	70	circle	green	(757, 540)	low	dis	(724, 619)	N	dif	hori	left	True	1625587	1626684	left	1	5	29
2	zyd	f	18	1	70	diamond	green	(724, 460)	high	dis	(565, 619)	N	dif	vert	up	True	1627702	1629252	up	1	5	30
2	zyd	f	18	1	70	diamond	red	(565, 460)	low	dis	(724, 460)	Y	dif	hori	left	True	1630469	1632548	left	1	5	31
2	zyd	f	18	1	70	circle	red	(724, 460)	high	no	no_dis	N	same	hori	left	True	1633719	1634827	left	1	5	32
2	zyd	f	18	1	70	circle	green	(724, 460)	high	dis	(645, 428)	N	same	vert	up	True	1635955	1637404	up	1	5	33
2	zyd	f	18	1	70	diamond	red	(724, 460)	high	dis	(533, 540)	N	same	hori	left	True	1638655	1639484	left	1	5	34
2	zyd	f	18	1	70	diamond	green	(724, 460)	high	dis	(757, 540)	N	dif	vert	up	True	1640624	1642660	up	1	5	35
2	zyd	f	18	1	70	diamond	red	(724, 460)	high	no	no_dis	N	same	vert	up	True	1643663	1644532	up	1	5	36
2	zyd	f	18	1	70	diamond	green	(724, 460)	high	no	no_dis	N	dif	hori	left	True	1645610	1647004	left	1	5	37
2	zyd	f	18	1	70	circle	red	(565, 619)	low	dis	(645, 652)	N	same	hori	left	True	1648199	1649364	left	1	5	38
2	zyd	f	18	1	70	circle	green	(533, 540)	low	no	no_dis	N	same	vert	up	True	1650608	1651595	up	1	5	39
2	zyd	f	18	1	70	diamond	green	(724, 460)	high	no	no_dis	N	same	vert	up	False	1652659	None	None	0	5	40
2	zyd	f	18	1	70	circle	red	(724, 619)	low	no	no_dis	N	dif	hori	left	True	1658269	1659212	left	1	5	41
2	zyd	f	18	1	70	circle	red	(645, 428)	low	dis	(724, 460)	Y	dif	hori	left	True	1660269	1661931	up	0	5	42
2	zyd	f	18	1	70	circle	red	(724, 460)	high	dis	(757, 540)	N	dif	hori	left	True	1664603	1667236	left	1	5	43
2	zyd	f	18	1	70	circle	green	(724, 460)	high	dis	(565, 460)	N	same	vert	up	True	1668430	1669627	up	1	5	44
2	zyd	f	18	1	70	diamond	red	(724, 460)	high	dis	(645, 652)	N	same	vert	up	True	1670754	1671964	up	1	5	45
2	zyd	f	18	1	70	diamond	red	(724, 460)	high	no	no_dis	N	same	hori	left	True	1673177	1675644	left	1	5	46
2	zyd	f	18	1	70	circle	green	(724, 460)	high	dis	(645, 652)	N	same	vert	up	True	1676722	1677595	up	1	5	47
2	zyd	f	18	1	70	circle	green	(724, 460)	high	dis	(565, 460)	N	dif	hori	left	True	1678739	1679812	left	1	5	48
2	zyd	f	18	1	70	circle	red	(724, 460)	high	dis	(565, 460)	N	dif	hori	left	True	1680980	1681700	left	1	5	49
2	zyd	f	18	1	70	diamond	green	(724, 460)	high	dis	(565, 619)	N	dif	hori	left	True	1682724	1683659	left	1	5	50
2	zyd	f	18	1	70	diamond	green	(565, 460)	low	dis	(724, 460)	Y	dif	vert	up	True	1684804	1687028	up	1	5	51
2	zyd	f	18	1	70	circle	green	(724, 460)	high	no	no_dis	N	same	vert	up	True	1688186	1689467	up	1	5	52
2	zyd	f	18	1	70	diamond	red	(533, 540)	low	dis	(645, 428)	N	same	hori	left	True	1690619	1692884	left	1	5	53
2	zyd	f	18	1	70	diamond	green	(645, 428)	low	dis	(565, 460)	N	same	hori	left	True	1694011	1695531	left	1	5	54
2	zyd	f	18	1	70	circle	red	(724, 460)	high	no	no_dis	N	dif	hori	left	True	1696574	1698380	up	0	5	55
2	zyd	f	18	1	70	circle	red	(724, 460)	high	no	no_dis	N	dif	vert	up	True	1701109	1703972	up	1	5	56
2	zyd	f	18	1	70	circle	green	(645, 428)	low	dis	(724, 460)	Y	dif	vert	up	True	1705188	1706668	up	1	5	57
2	zyd	f	18	1	70	circle	green	(724, 460)	high	dis	(724, 619)	N	dif	vert	up	True	1707861	1709212	up	1	5	58
2	zyd	f	18	1	70	circle	green	(724, 460)	high	dis	(565, 619)	N	same	hori	left	True	1710392	1711267	left	1	5	59
2	zyd	f	18	1	70	diamond	red	(724, 460)	high	dis	(757, 540)	N	same	vert	up	True	1712377	1714828	up	1	5	60
2	zyd	f	18	1	70	diamond	green	(757, 540)	low	no	no_dis	N	dif	hori	left	True	1716017	1716996	left	1	5	61
2	zyd	f	18	1	70	diamond	red	(724, 460)	high	dis	(565, 619)	N	dif	vert	up	True	1718058	1719188	up	1	5	62
2	zyd	f	18	1	70	diamond	green	(724, 460)	high	dis	(533, 540)	N	same	hori	left	True	1720242	1721195	left	1	5	63
2	zyd	f	18	1	70	diamond	green	(724, 460)	high	dis	(645, 652)	N	same	vert	up	True	1722283	1722980	up	1	5	64
2	zyd	f	18	1	70	diamond	green	(724, 460)	high	dis	(565, 460)	N	dif	vert	up	True	1724168	1725444	up	1	5	65
2	zyd	f	18	1	70	diamond	red	(724, 460)	high	dis	(724, 619)	N	same	vert	up	True	1726628	1727332	up	1	5	66
2	zyd	f	18	1	70	diamond	red	(724, 460)	high	no	no_dis	N	same	hori	left	True	1728507	1729900	left	1	5	67
2	zyd	f	18	1	70	circle	green	(724, 460)	high	no	no_dis	N	dif	vert	up	True	1730941	1732804	up	1	5	68
2	zyd	f	18	1	70	circle	green	(724, 460)	high	dis	(645, 428)	N	same	vert	up	True	1734044	1735563	up	1	5	69
2	zyd	f	18	1	70	circle	red	(565, 460)	low	no	no_dis	N	dif	vert	up	True	1736792	1737923	up	1	5	70
2	zyd	f	18	1	70	diamond	green	(724, 460)	high	dis	(533, 540)	N	dif	hori	left	True	1739088	1740267	left	1	5	71
2	zyd	f	18	1	70	circle	green	(724, 619)	low	dis	(724, 460)	Y	same	vert	up	True	1741466	1743003	up	1	5	72
2	zyd	f	18	1	70	diamond	red	(724, 460)	high	no	no_dis	N	dif	vert	up	True	1744058	1745795	up	1	5	73
2	zyd	f	18	1	70	diamond	green	(724, 460)	high	no	no_dis	N	same	hori	left	True	1746814	1748459	left	1	5	74
2	zyd	f	18	1	70	circle	green	(724, 460)	high	no	no_dis	N	dif	hori	left	True	1749635	1750523	left	1	5	75
2	zyd	f	18	1	70	diamond	red	(724, 460)	high	no	no_dis	N	dif	hori	left	True	1751547	1753643	left	1	5	76
2	zyd	f	18	1	70	circle	green	(724, 460)	high	dis	(724, 619)	N	dif	vert	up	True	1754727	1756260	up	1	5	77
2	zyd	f	18	1	70	diamond	green	(533, 540)	low	dis	(565, 619)	N	same	hori	left	True	1757329	1758492	left	1	5	78
2	zyd	f	18	1	70	circle	red	(724, 460)	high	dis	(533, 540)	N	dif	vert	up	True	1759695	1761124	up	1	5	79
2	zyd	f	18	1	70	diamond	red	(724, 460)	high	no	no_dis	N	same	hori	left	True	1762163	1762972	left	1	5	80
2	zyd	f	18	1	70	diamond	green	(724, 460)	high	dis	(724, 619)	N	same	vert	up	True	1764088	1764980	up	1	5	81
2	zyd	f	18	1	70	diamond	green	(724, 460)	high	no	no_dis	N	dif	hori	left	True	1766030	1766972	left	1	5	82
2	zyd	f	18	1	70	circle	green	(533, 540)	low	dis	(724, 460)	Y	same	vert	up	True	1768159	1769732	up	1	5	83
2	zyd	f	18	1	70	circle	red	(724, 460)	high	dis	(645, 428)	N	same	hori	left	True	1770740	1771916	left	1	5	84
2	zyd	f	18	1	70	diamond	green	(645, 428)	low	no	no_dis	N	same	hori	left	True	1773160	1774275	left	1	5	85
2	zyd	f	18	1	70	diamond	green	(724, 460)	high	dis	(565, 460)	N	dif	vert	up	True	1775427	1776212	up	1	5	86
2	zyd	f	18	1	70	circle	red	(565, 460)	low	dis	(757, 540)	N	dif	vert	up	True	1777447	1778995	up	1	5	87
2	zyd	f	18	1	70	diamond	red	(724, 619)	low	no	no_dis	N	same	hori	left	True	1780079	1782220	left	1	5	88
2	zyd	f	18	1	70	circle	red	(645, 428)	low	no	no_dis	N	same	vert	up	True	1783318	1784243	up	1	5	89
2	zyd	f	18	1	70	circle	red	(724, 460)	high	dis	(757, 540)	N	dif	hori	left	True	1785489	1786699	left	1	5	90
2	zyd	f	18	1	70	diamond	green	(724, 460)	high	dis	(565, 619)	N	dif	hori	left	True	1787847	1789347	left	1	5	91
2	zyd	f	18	1	70	circle	red	(724, 460)	high	dis	(565, 460)	N	same	hori	left	True	1790541	1791883	left	1	5	92
2	zyd	f	18	1	70	circle	green	(724, 460)	high	no	no_dis	N	dif	vert	up	True	1793071	1794100	up	1	5	93
2	zyd	f	18	1	70	diamond	green	(645, 652)	low	no	no_dis	N	dif	vert	up	True	1795113	1797139	up	1	5	94
2	zyd	f	18	1	70	diamond	red	(724, 460)	high	dis	(757, 540)	N	dif	vert	up	True	1798315	1800116	left	0	5	95
2	zyd	f	18	1	70	diamond	red	(724, 460)	high	dis	(724, 619)	N	dif	hori	left	True	1802706	1803755	left	1	5	96
2	zyd	f	18	1	70	circle	red	(724, 460)	high	no	no_dis	N	same	vert	up	True	1804861	1806428	up	1	5	97
2	zyd	f	18	1	70	circle	green	(724, 460)	high	no	no_dis	N	dif	vert	up	True	1807434	1808548	up	1	5	98
2	zyd	f	18	1	70	circle	red	(724, 460)	high	dis	(645, 428)	N	same	vert	up	True	1809727	1811612	up	1	5	99
2	zyd	f	18	1	70	circle	red	(724, 460)	high	no	no_dis	N	same	hori	left	True	1812661	1813635	left	1	5	100
2	zyd	f	18	1	70	diamond	red	(724, 460)	high	no	no_dis	N	dif	vert	up	True	1814682	1815891	up	1	5	101
2	zyd	f	18	1	70	diamond	green	(724, 460)	high	dis	(645, 428)	N	same	hori	left	True	1816904	1818115	left	1	5	102
2	zyd	f	18	1	70	diamond	green	(724, 460)	high	no	no_dis	N	same	hori	left	True	1819148	1821492	left	1	5	103
2	zyd	f	18	1	70	circle	green	(724, 460)	high	dis	(565, 619)	N	same	vert	up	True	1822696	1824748	up	1	5	104
2	zyd	f	18	1	70	diamond	red	(724, 460)	high	dis	(533, 540)	N	dif	hori	left	True	1825950	1828115	left	1	5	105
2	zyd	f	18	1	70	circle	green	(565, 619)	low	no	no_dis	N	dif	vert	up	True	1829248	1830156	up	1	5	106
2	zyd	f	18	1	70	diamond	red	(724, 460)	high	dis	(645, 652)	N	same	hori	left	True	1831246	1832196	left	1	5	107
2	zyd	f	18	1	70	circle	green	(724, 460)	high	no	no_dis	N	dif	vert	up	True	1833386	1834339	up	1	5	108
2	zyd	f	18	1	70	circle	green	(724, 460)	high	dis	(757, 540)	N	dif	vert	up	True	1835493	1836420	left	0	5	109
2	zyd	f	18	1	70	diamond	red	(533, 540)	low	no	no_dis	N	same	vert	up	True	1839116	1840179	up	1	5	110
2	zyd	f	18	1	70	diamond	red	(565, 619)	low	dis	(757, 540)	N	same	vert	up	True	1841419	1842884	up	1	5	111
2	zyd	f	18	1	70	diamond	green	(724, 460)	high	dis	(565, 619)	N	same	vert	up	True	1844010	1845164	up	1	5	112
2	zyd	f	18	1	70	diamond	green	(645, 652)	low	dis	(533, 540)	N	dif	hori	left	True	1846409	1848083	left	1	5	113
2	zyd	f	18	1	70	diamond	green	(724, 460)	high	dis	(645, 428)	N	dif	vert	up	True	1849269	1850819	up	1	5	114
2	zyd	f	18	1	70	diamond	red	(724, 460)	high	dis	(645, 428)	N	dif	hori	left	True	1851924	1853732	left	1	5	115
2	zyd	f	18	1	70	circle	red	(724, 460)	high	no	no_dis	N	same	vert	up	True	1854866	1856163	up	1	5	116
2	zyd	f	18	1	70	circle	red	(724, 460)	high	dis	(645, 428)	N	same	hori	left	True	1857281	1858572	left	1	5	117
2	zyd	f	18	1	70	circle	green	(724, 460)	high	dis	(724, 619)	N	dif	hori	left	True	1859823	1860956	up	0	5	118
2	zyd	f	18	1	70	circle	red	(724, 460)	high	dis	(645, 652)	N	same	hori	left	True	1863562	1864683	left	1	5	119
2	zyd	f	18	1	70	circle	green	(724, 460)	high	dis	(645, 652)	N	same	hori	left	True	1865930	1866499	left	1	5	120
2	zyd	f	18	1	70	circle	red	(645, 428)	low	dis	(724, 460)	Y	dif	hori	left	True	1936811	1938003	up	0	6	1
2	zyd	f	18	1	70	circle	red	(724, 460)	high	dis	(645, 428)	N	same	hori	left	True	1940605	1941787	left	1	6	2
2	zyd	f	18	1	70	circle	red	(724, 460)	high	no	no_dis	N	dif	hori	left	True	1942813	1943635	left	1	6	3
2	zyd	f	18	1	70	circle	red	(645, 652)	low	dis	(724, 619)	N	dif	hori	left	True	1944857	1945923	left	1	6	4
2	zyd	f	18	1	70	circle	red	(724, 460)	high	dis	(645, 428)	N	dif	vert	up	True	1947066	1948291	up	1	6	5
2	zyd	f	18	1	70	diamond	green	(724, 460)	high	no	no_dis	N	same	hori	left	True	1949368	1950131	left	1	6	6
2	zyd	f	18	1	70	circle	red	(565, 460)	low	dis	(565, 619)	N	same	hori	left	True	1951255	1952939	left	1	6	7
2	zyd	f	18	1	70	diamond	green	(724, 460)	high	no	no_dis	N	same	vert	up	True	1954146	1954907	up	1	6	8
2	zyd	f	18	1	70	circle	green	(565, 460)	low	dis	(724, 460)	Y	dif	hori	left	True	1956055	1957203	left	1	6	9
2	zyd	f	18	1	70	diamond	green	(724, 460)	high	dis	(724, 619)	N	dif	hori	left	True	1958408	1959659	left	1	6	10
2	zyd	f	18	1	70	diamond	green	(724, 460)	high	no	no_dis	N	same	vert	up	True	1960880	1961748	up	1	6	11
2	zyd	f	18	1	70	diamond	red	(724, 460)	high	no	no_dis	N	dif	vert	up	True	1962944	1963739	up	1	6	12
2	zyd	f	18	1	70	circle	red	(724, 460)	high	dis	(757, 540)	N	same	hori	left	True	1964890	1965971	left	1	6	13
2	zyd	f	18	1	70	circle	green	(724, 460)	high	dis	(565, 619)	N	dif	vert	up	True	1967123	1967787	up	1	6	14
2	zyd	f	18	1	70	circle	red	(724, 460)	high	dis	(645, 652)	N	same	hori	left	True	1968843	1969651	left	1	6	15
2	zyd	f	18	1	70	circle	red	(645, 652)	low	no	no_dis	N	dif	hori	left	True	1970698	1971883	left	1	6	16
2	zyd	f	18	1	70	diamond	green	(724, 460)	high	no	no_dis	N	same	vert	up	True	1972892	1974083	up	1	6	17
2	zyd	f	18	1	70	diamond	red	(533, 540)	low	no	no_dis	N	dif	vert	up	True	1975169	1976051	up	1	6	18
2	zyd	f	18	1	70	diamond	red	(565, 619)	low	dis	(757, 540)	N	dif	vert	up	True	1977087	1978851	up	1	6	19
2	zyd	f	18	1	70	circle	green	(724, 460)	high	no	no_dis	N	dif	hori	left	True	1980033	1980899	left	1	6	20
2	zyd	f	18	1	70	circle	green	(724, 460)	high	dis	(565, 460)	N	same	vert	up	True	1982034	1983019	up	1	6	21
2	zyd	f	18	1	70	diamond	green	(724, 460)	high	dis	(645, 428)	N	dif	vert	up	True	1984077	1985051	up	1	6	22
2	zyd	f	18	1	70	circle	red	(724, 460)	high	no	no_dis	N	dif	hori	left	True	1986094	1986763	left	1	6	23
2	zyd	f	18	1	70	circle	green	(724, 460)	high	dis	(724, 619)	N	dif	hori	left	True	1987800	1988531	left	1	6	24
2	zyd	f	18	1	70	diamond	green	(724, 460)	high	dis	(565, 460)	N	same	hori	left	True	1989639	1990651	left	1	6	25
2	zyd	f	18	1	70	diamond	red	(724, 460)	high	dis	(565, 619)	N	dif	hori	left	True	1991811	1992515	left	1	6	26
2	zyd	f	18	1	70	diamond	red	(645, 428)	low	dis	(724, 460)	Y	same	hori	left	True	1993722	1995811	left	1	6	27
2	zyd	f	18	1	70	circle	red	(724, 619)	low	dis	(757, 540)	N	dif	hori	left	True	1997029	1998179	left	1	6	28
2	zyd	f	18	1	70	diamond	green	(757, 540)	low	dis	(565, 460)	N	dif	vert	up	True	1999371	2000748	up	1	6	29
2	zyd	f	18	1	70	diamond	green	(724, 460)	high	dis	(645, 652)	N	dif	hori	left	True	2001850	2002899	left	1	6	30
2	zyd	f	18	1	70	circle	red	(724, 460)	high	no	no_dis	N	same	hori	left	True	2003979	2004755	left	1	6	31
2	zyd	f	18	1	70	circle	green	(724, 460)	high	dis	(645, 428)	N	dif	vert	up	True	2005985	2006875	up	1	6	32
2	zyd	f	18	1	70	diamond	green	(645, 428)	low	no	no_dis	N	same	hori	left	True	2008009	2008891	left	1	6	33
2	zyd	f	18	1	70	circle	red	(565, 619)	low	no	no_dis	N	dif	vert	up	True	2010037	2011203	up	1	6	34
2	zyd	f	18	1	70	circle	green	(724, 460)	high	no	no_dis	N	same	vert	up	True	2012235	2013147	up	1	6	35
2	zyd	f	18	1	70	diamond	green	(533, 540)	low	dis	(724, 460)	Y	same	vert	up	True	2014330	2015467	up	1	6	36
2	zyd	f	18	1	70	diamond	green	(724, 460)	high	no	no_dis	N	same	hori	left	True	2016571	2017468	left	1	6	37
2	zyd	f	18	1	70	diamond	red	(724, 460)	high	no	no_dis	N	dif	hori	left	True	2018591	2019395	left	1	6	38
2	zyd	f	18	1	70	diamond	red	(724, 460)	high	dis	(724, 619)	N	dif	vert	up	True	2020502	2021475	up	1	6	39
2	zyd	f	18	1	70	diamond	green	(724, 460)	high	no	no_dis	N	same	hori	left	True	2022518	2023427	left	1	6	40
2	zyd	f	18	1	70	diamond	green	(724, 460)	high	dis	(565, 619)	N	dif	hori	left	True	2024528	2025187	left	1	6	41
2	zyd	f	18	1	70	diamond	green	(724, 460)	high	dis	(565, 619)	N	same	hori	left	True	2026239	2026859	left	1	6	42
2	zyd	f	18	1	70	diamond	red	(724, 460)	high	no	no_dis	N	same	vert	up	True	2028066	2028995	up	1	6	43
2	zyd	f	18	1	70	diamond	red	(565, 460)	low	dis	(724, 460)	Y	same	vert	up	True	2030230	2031691	up	1	6	44
2	zyd	f	18	1	70	circle	red	(724, 460)	high	no	no_dis	N	dif	vert	up	True	2032899	2035027	up	1	6	45
2	zyd	f	18	1	70	diamond	red	(724, 460)	high	dis	(533, 540)	N	same	vert	up	True	2036089	2037419	up	1	6	46
2	zyd	f	18	1	70	diamond	red	(724, 460)	high	no	no_dis	N	dif	hori	left	True	2038519	2039235	left	1	6	47
2	zyd	f	18	1	70	circle	green	(724, 460)	high	no	no_dis	N	same	hori	left	True	2040265	2040995	left	1	6	48
2	zyd	f	18	1	70	diamond	red	(724, 460)	high	dis	(533, 540)	N	dif	hori	left	True	2042090	2042971	left	1	6	49
2	zyd	f	18	1	70	circle	red	(724, 460)	high	no	no_dis	N	same	hori	left	True	2043987	2045659	left	1	6	50
2	zyd	f	18	1	70	circle	green	(565, 619)	low	no	no_dis	N	same	vert	up	True	2046783	2047811	up	1	6	51
2	zyd	f	18	1	70	circle	green	(724, 460)	high	no	no_dis	N	same	vert	up	True	2048997	2049739	up	1	6	52
2	zyd	f	18	1	70	diamond	red	(724, 460)	high	dis	(533, 540)	N	same	hori	left	True	2050748	2051346	left	1	6	53
2	zyd	f	18	1	70	diamond	green	(724, 460)	high	dis	(565, 460)	N	same	vert	up	True	2052593	2054883	up	1	6	54
2	zyd	f	18	1	70	circle	red	(565, 619)	low	dis	(645, 652)	N	same	vert	up	True	2056091	2057411	up	1	6	55
2	zyd	f	18	1	70	diamond	green	(724, 460)	high	dis	(757, 540)	N	dif	vert	up	True	2058573	2059723	left	0	6	56
2	zyd	f	18	1	70	diamond	red	(533, 540)	low	dis	(724, 460)	Y	dif	vert	up	True	2062454	2063739	up	1	6	57
2	zyd	f	18	1	70	diamond	green	(724, 460)	high	dis	(565, 460)	N	same	hori	left	True	2064921	2065699	left	1	6	58
2	zyd	f	18	1	70	circle	green	(724, 460)	high	dis	(645, 428)	N	same	hori	left	True	2066704	2067467	left	1	6	59
2	zyd	f	18	1	70	circle	green	(724, 460)	high	dis	(533, 540)	N	same	hori	left	True	2068499	2069547	left	1	6	60
2	zyd	f	18	1	70	diamond	green	(724, 460)	high	dis	(533, 540)	N	same	vert	up	True	2070560	2072475	up	1	6	61
2	zyd	f	18	1	70	circle	green	(724, 460)	high	dis	(645, 652)	N	same	hori	left	True	2073649	2074404	left	1	6	62
2	zyd	f	18	1	70	diamond	red	(724, 460)	high	no	no_dis	N	dif	vert	up	True	2075557	2076563	up	1	6	63
2	zyd	f	18	1	70	circle	red	(724, 460)	high	dis	(645, 652)	N	same	vert	up	True	2077579	2078331	up	1	6	64
2	zyd	f	18	1	70	circle	red	(724, 460)	high	dis	(565, 460)	N	dif	hori	left	True	2079393	2080170	left	1	6	65
2	zyd	f	18	1	70	circle	red	(724, 460)	high	no	no_dis	N	same	vert	up	True	2081190	2081859	up	1	6	66
2	zyd	f	18	1	70	diamond	red	(724, 460)	high	dis	(645, 652)	N	dif	hori	left	True	2083018	2083827	left	1	6	67
2	zyd	f	18	1	70	circle	green	(724, 460)	high	dis	(533, 540)	N	same	vert	up	True	2085047	2085667	up	1	6	68
2	zyd	f	18	1	70	circle	green	(565, 460)	low	no	no_dis	N	dif	vert	up	True	2086720	2088627	up	1	6	69
2	zyd	f	18	1	70	circle	red	(724, 460)	high	dis	(757, 540)	N	dif	vert	up	True	2089684	2090827	up	1	6	70
2	zyd	f	18	1	70	circle	red	(724, 460)	high	dis	(757, 540)	N	same	vert	up	True	2091973	2092715	up	1	6	71
2	zyd	f	18	1	70	diamond	red	(724, 460)	high	dis	(645, 652)	N	same	vert	up	True	2093809	2094843	left	0	6	72
2	zyd	f	18	1	70	circle	green	(724, 619)	low	dis	(533, 540)	N	same	vert	up	True	2097555	2098643	up	1	6	73
2	zyd	f	18	1	70	circle	green	(724, 460)	high	no	no_dis	N	dif	hori	left	True	2099792	2100515	left	1	6	74
2	zyd	f	18	1	70	diamond	green	(645, 428)	low	dis	(565, 460)	N	same	hori	left	True	2101748	2103107	left	1	6	75
2	zyd	f	18	1	70	diamond	red	(724, 460)	high	dis	(565, 619)	N	dif	hori	left	True	2104347	2105099	left	1	6	76
2	zyd	f	18	1	70	diamond	red	(724, 460)	high	dis	(724, 619)	N	same	hori	left	True	2106334	2107939	left	1	6	77
2	zyd	f	18	1	70	circle	red	(724, 460)	high	dis	(645, 652)	N	same	vert	up	True	2108971	2109755	up	1	6	78
2	zyd	f	18	1	70	circle	green	(724, 460)	high	dis	(565, 619)	N	same	vert	up	True	2110945	2111795	up	1	6	79
2	zyd	f	18	1	70	diamond	red	(724, 460)	high	dis	(757, 540)	N	dif	hori	left	True	2112888	2114595	left	1	6	80
2	zyd	f	18	1	70	diamond	green	(724, 460)	high	no	no_dis	N	same	hori	left	True	2115678	2117755	left	1	6	81
2	zyd	f	18	1	70	diamond	red	(533, 540)	low	no	no_dis	N	same	hori	left	True	2118828	2119691	left	1	6	82
2	zyd	f	18	1	70	diamond	green	(724, 460)	high	dis	(645, 428)	N	same	vert	up	True	2120759	2122419	up	1	6	83
2	zyd	f	18	1	70	circle	green	(757, 540)	low	dis	(645, 428)	N	same	hori	left	True	2123640	2124875	left	1	6	84
2	zyd	f	18	1	70	diamond	red	(724, 460)	high	dis	(645, 428)	N	same	vert	up	True	2125884	2128283	up	1	6	85
2	zyd	f	18	1	70	diamond	red	(724, 460)	high	dis	(757, 540)	N	same	vert	up	True	2129382	2130443	up	1	6	86
2	zyd	f	18	1	70	diamond	red	(724, 460)	high	dis	(724, 619)	N	same	hori	left	True	2131586	2132259	left	1	6	87
2	zyd	f	18	1	70	circle	green	(724, 460)	high	dis	(645, 652)	N	dif	hori	left	True	2133475	2134835	up	0	6	88
2	zyd	f	18	1	70	circle	red	(724, 460)	high	dis	(645, 428)	N	dif	vert	up	True	2137518	2138563	up	1	6	89
2	zyd	f	18	1	70	diamond	green	(565, 460)	low	dis	(645, 428)	N	dif	vert	up	True	2139785	2141491	up	1	6	90
2	zyd	f	18	1	70	circle	red	(724, 460)	high	dis	(757, 540)	N	dif	vert	up	True	2142583	2144315	up	1	6	91
2	zyd	f	18	1	70	diamond	green	(724, 460)	high	dis	(565, 619)	N	same	hori	left	True	2145339	2146923	left	1	6	92
2	zyd	f	18	1	70	circle	green	(724, 460)	high	no	no_dis	N	dif	vert	up	True	2147996	2149186	up	1	6	93
2	zyd	f	18	1	70	circle	red	(757, 540)	low	no	no_dis	N	same	hori	left	True	2150241	2151099	left	1	6	94
2	zyd	f	18	1	70	diamond	red	(724, 619)	low	dis	(645, 652)	N	dif	vert	up	True	2152290	2153899	up	1	6	95
2	zyd	f	18	1	70	diamond	red	(724, 460)	high	no	no_dis	N	dif	vert	up	True	2154907	2155875	up	1	6	96
2	zyd	f	18	1	70	diamond	red	(565, 460)	low	no	no_dis	N	dif	hori	left	True	2156928	2158315	left	1	6	97
2	zyd	f	18	1	70	diamond	red	(724, 460)	high	no	no_dis	N	dif	vert	up	True	2159477	2160851	up	1	6	98
2	zyd	f	18	1	70	diamond	green	(645, 652)	low	dis	(724, 619)	N	dif	vert	up	True	2162018	2163411	up	1	6	99
2	zyd	f	18	1	70	diamond	red	(724, 460)	high	dis	(533, 540)	N	dif	hori	left	True	2164548	2165835	left	1	6	100
2	zyd	f	18	1	70	circle	green	(533, 540)	low	dis	(565, 619)	N	same	vert	up	True	2167009	2168227	up	1	6	101
2	zyd	f	18	1	70	diamond	green	(724, 619)	low	no	no_dis	N	same	vert	up	True	2169265	2170099	up	1	6	102
2	zyd	f	18	1	70	diamond	green	(565, 619)	low	dis	(724, 460)	Y	same	hori	left	True	2171319	2172810	left	1	6	103
2	zyd	f	18	1	70	circle	green	(757, 540)	low	no	no_dis	N	same	vert	up	True	2174022	2175083	up	1	6	104
2	zyd	f	18	1	70	circle	green	(724, 460)	high	dis	(724, 619)	N	same	hori	left	True	2176250	2177667	left	1	6	105
2	zyd	f	18	1	70	circle	green	(645, 652)	low	dis	(724, 460)	Y	dif	hori	left	True	2178681	2180082	left	1	6	106
2	zyd	f	18	1	70	circle	green	(645, 428)	low	dis	(724, 460)	Y	dif	hori	left	True	2181286	2182475	left	1	6	107
2	zyd	f	18	1	70	diamond	green	(724, 460)	high	dis	(757, 540)	N	dif	vert	up	True	2183497	2185251	up	1	6	108
2	zyd	f	18	1	70	circle	green	(724, 460)	high	dis	(565, 460)	N	same	vert	up	True	2186486	2187339	up	1	6	109
2	zyd	f	18	1	70	diamond	red	(757, 540)	low	dis	(724, 460)	Y	same	hori	left	True	2188478	2189836	left	1	6	110
2	zyd	f	18	1	70	diamond	green	(724, 460)	high	dis	(565, 460)	N	dif	vert	up	True	2190929	2192602	up	1	6	111
2	zyd	f	18	1	70	circle	red	(724, 460)	high	dis	(533, 540)	N	dif	hori	left	True	2193825	2194970	left	1	6	112
2	zyd	f	18	1	70	circle	red	(724, 460)	high	dis	(724, 619)	N	dif	vert	up	True	2196078	2197050	up	1	6	113
2	zyd	f	18	1	70	circle	red	(757, 540)	low	dis	(533, 540)	N	same	vert	up	True	2198259	2199218	up	1	6	114
2	zyd	f	18	1	70	diamond	green	(645, 652)	low	no	no_dis	N	dif	hori	left	True	2200434	2201355	left	1	6	115
2	zyd	f	18	1	70	circle	red	(724, 460)	high	no	no_dis	N	dif	vert	up	True	2202543	2203282	up	1	6	116
2	zyd	f	18	1	70	circle	green	(724, 460)	high	no	no_dis	N	dif	hori	left	True	2204298	2204938	left	1	6	117
2	zyd	f	18	1	70	circle	green	(724, 460)	high	dis	(565, 619)	N	dif	hori	left	True	2206059	2206779	left	1	6	118
2	zyd	f	18	1	70	circle	red	(724, 460)	high	dis	(565, 460)	N	dif	vert	up	True	2207823	2209179	up	1	6	119
2	zyd	f	18	1	70	circle	green	(724, 460)	high	dis	(724, 619)	N	dif	vert	up	True	2210288	2210971	up	1	6	120
conf	2	zyd	f	18	1	70	True	2249727	2333835	2	True	2333848	2353003	1
