subj	name	gender	age	prac	group	shape	color	tar_loc	popularity	dis_cond	dis_loc	dis_high	td_dif	line	respkey	gotkey	startTime	respTime	resp	correct	block	trialnum
4	ltx	f	22	1	70	diamond	green	(565, 460)	high	no	no_dis	N	dif	vert	up	True	10467	12395	up	1	1	1
4	ltx	f	22	1	70	diamond	green	(565, 460)	high	dis	(565, 619)	N	dif	hori	left	True	13590	15204	left	1	1	2
4	ltx	f	22	1	70	circle	red	(565, 460)	high	dis	(533, 540)	N	dif	vert	up	True	16441	17523	up	1	1	3
4	ltx	f	22	1	70	diamond	green	(565, 460)	high	no	no_dis	N	same	vert	up	True	18762	20148	up	1	1	4
4	ltx	f	22	1	70	circle	red	(565, 460)	high	dis	(645, 652)	N	dif	hori	left	True	21286	22595	left	1	1	5
4	ltx	f	22	1	70	diamond	red	(533, 540)	low	dis	(757, 540)	N	dif	vert	up	True	23686	25244	up	1	1	6
4	ltx	f	22	1	70	diamond	red	(565, 460)	high	no	no_dis	N	dif	vert	up	True	26343	27452	up	1	1	7
4	ltx	f	22	1	70	diamond	green	(565, 460)	high	dis	(565, 619)	N	same	vert	up	True	28683	30484	up	1	1	8
4	ltx	f	22	1	70	circle	red	(565, 460)	high	dis	(565, 619)	N	same	vert	up	True	31494	32940	up	1	1	9
4	ltx	f	22	1	70	circle	green	(565, 460)	high	dis	(533, 540)	N	same	vert	up	True	34136	35555	up	1	1	10
4	ltx	f	22	1	70	circle	red	(565, 460)	high	dis	(533, 540)	N	dif	vert	up	True	36684	37899	up	1	1	11
4	ltx	f	22	1	70	circle	red	(565, 460)	high	dis	(724, 460)	N	dif	hori	left	True	39154	40756	left	1	1	12
4	ltx	f	22	1	70	circle	red	(565, 619)	low	dis	(565, 460)	Y	same	hori	left	True	41789	43732	left	1	1	13
4	ltx	f	22	1	70	circle	red	(565, 460)	high	dis	(533, 540)	N	same	hori	left	True	44781	46164	left	1	1	14
4	ltx	f	22	1	70	diamond	red	(565, 460)	high	dis	(645, 428)	N	same	hori	left	True	47394	49411	left	1	1	15
4	ltx	f	22	1	70	circle	green	(565, 460)	high	no	no_dis	N	same	hori	left	True	50523	52468	left	1	1	16
4	ltx	f	22	1	70	diamond	green	(565, 460)	high	dis	(724, 460)	N	same	hori	left	True	53589	54732	left	1	1	17
4	ltx	f	22	1	70	diamond	red	(565, 460)	high	dis	(724, 619)	N	dif	hori	left	True	55936	58108	left	1	1	18
4	ltx	f	22	1	70	diamond	red	(565, 460)	high	dis	(645, 652)	N	dif	vert	up	True	59301	61059	up	1	1	19
4	ltx	f	22	1	70	circle	red	(565, 460)	high	dis	(757, 540)	N	same	vert	up	True	62099	64356	up	1	1	20
4	ltx	f	22	1	70	circle	green	(565, 460)	high	no	no_dis	N	dif	hori	left	True	65504	66563	left	1	1	21
4	ltx	f	22	1	70	circle	red	(565, 460)	high	no	no_dis	N	dif	hori	left	True	67661	69236	left	1	1	22
4	ltx	f	22	1	70	diamond	red	(565, 460)	high	dis	(645, 428)	N	dif	vert	up	True	70316	71524	up	1	1	23
4	ltx	f	22	1	70	diamond	red	(565, 460)	high	no	no_dis	N	same	vert	up	True	72750	74563	up	1	1	24
4	ltx	f	22	1	70	diamond	green	(565, 460)	high	dis	(565, 619)	N	same	hori	left	True	75680	76948	left	1	1	25
4	ltx	f	22	1	70	diamond	green	(565, 460)	high	no	no_dis	N	same	hori	left	True	77982	79420	left	1	1	26
4	ltx	f	22	1	70	circle	green	(565, 460)	high	dis	(724, 460)	N	dif	hori	left	True	80546	82027	left	1	1	27
4	ltx	f	22	1	70	diamond	green	(565, 460)	high	dis	(724, 619)	N	same	vert	up	True	83121	84547	up	1	1	28
4	ltx	f	22	1	70	circle	red	(565, 460)	high	dis	(757, 540)	N	dif	hori	left	True	85774	87091	left	1	1	29
4	ltx	f	22	1	70	diamond	green	(565, 460)	high	no	no_dis	N	dif	vert	up	True	88216	89507	up	1	1	30
4	ltx	f	22	1	70	diamond	green	(565, 460)	high	no	no_dis	N	dif	hori	left	True	90598	91780	left	1	1	31
4	ltx	f	22	1	70	diamond	red	(565, 460)	high	dis	(645, 428)	N	same	hori	left	True	92960	94628	left	1	1	32
4	ltx	f	22	1	70	diamond	green	(724, 460)	low	dis	(724, 619)	N	same	hori	left	True	95871	97580	left	1	1	33
4	ltx	f	22	1	70	diamond	green	(724, 460)	low	no	no_dis	N	dif	hori	left	True	98639	99779	left	1	1	34
4	ltx	f	22	1	70	circle	red	(724, 460)	low	dis	(565, 460)	Y	dif	hori	left	True	100904	102155	left	1	1	35
4	ltx	f	22	1	70	diamond	red	(565, 460)	high	no	no_dis	N	dif	hori	left	True	103168	104556	left	1	1	36
4	ltx	f	22	1	70	circle	red	(724, 460)	low	no	no_dis	N	dif	hori	left	True	105679	107379	left	1	1	37
4	ltx	f	22	1	70	circle	green	(565, 619)	low	no	no_dis	N	same	vert	up	True	108506	110116	up	1	1	38
4	ltx	f	22	1	70	circle	red	(565, 460)	high	no	no_dis	N	same	vert	up	True	111279	112547	up	1	1	39
4	ltx	f	22	1	70	circle	green	(757, 540)	low	no	no_dis	N	dif	vert	up	True	113607	115204	up	1	1	40
4	ltx	f	22	1	70	circle	green	(724, 619)	low	dis	(565, 460)	Y	dif	hori	left	True	116288	117812	left	1	1	41
4	ltx	f	22	1	70	diamond	green	(565, 460)	high	dis	(724, 460)	N	dif	vert	up	True	118877	120300	up	1	1	42
4	ltx	f	22	1	70	diamond	green	(645, 428)	low	dis	(565, 460)	Y	same	hori	left	True	121464	123564	left	1	1	43
4	ltx	f	22	1	70	circle	green	(565, 460)	high	dis	(645, 428)	N	same	hori	left	True	124599	126099	left	1	1	44
4	ltx	f	22	1	70	circle	red	(565, 460)	high	no	no_dis	N	dif	hori	left	True	127323	128715	left	1	1	45
4	ltx	f	22	1	70	circle	green	(565, 460)	high	no	no_dis	N	dif	hori	left	True	129900	131387	left	1	1	46
4	ltx	f	22	1	70	diamond	green	(645, 652)	low	dis	(533, 540)	N	same	hori	left	True	132571	133916	left	1	1	47
4	ltx	f	22	1	70	diamond	red	(565, 460)	high	no	no_dis	N	dif	hori	left	True	134975	137035	left	1	1	48
4	ltx	f	22	1	70	circle	red	(565, 460)	high	dis	(645, 652)	N	same	hori	left	True	138167	139492	left	1	1	49
4	ltx	f	22	1	70	circle	green	(565, 460)	high	dis	(565, 619)	N	same	vert	up	True	140597	142020	up	1	1	50
4	ltx	f	22	1	70	circle	green	(565, 460)	high	no	no_dis	N	dif	vert	up	True	143082	144595	up	1	1	51
4	ltx	f	22	1	70	diamond	green	(565, 460)	high	dis	(724, 619)	N	same	hori	left	True	145816	147571	left	1	1	52
4	ltx	f	22	1	70	circle	green	(565, 460)	high	dis	(724, 619)	N	dif	hori	left	True	148660	149812	left	1	1	53
4	ltx	f	22	1	70	diamond	green	(565, 460)	high	dis	(645, 428)	N	dif	vert	up	True	150890	152412	up	1	1	54
4	ltx	f	22	1	70	circle	red	(645, 428)	low	dis	(565, 619)	N	dif	vert	up	True	153645	155147	up	1	1	55
4	ltx	f	22	1	70	circle	red	(645, 428)	low	no	no_dis	N	dif	vert	up	True	156317	157764	up	1	1	56
4	ltx	f	22	1	70	diamond	green	(565, 460)	high	dis	(645, 652)	N	same	vert	up	True	158962	161436	up	1	1	57
4	ltx	f	22	1	70	diamond	green	(533, 540)	low	dis	(724, 619)	N	same	vert	up	True	162573	164371	up	1	1	58
4	ltx	f	22	1	70	diamond	red	(565, 460)	high	dis	(757, 540)	N	dif	vert	up	True	165532	167372	up	1	1	59
4	ltx	f	22	1	70	circle	green	(565, 460)	high	dis	(645, 428)	N	dif	vert	up	True	168422	169619	up	1	1	60
4	ltx	f	22	1	70	circle	green	(565, 460)	high	dis	(724, 460)	N	same	hori	left	True	170830	172243	left	1	1	61
4	ltx	f	22	1	70	circle	green	(565, 460)	high	dis	(533, 540)	N	dif	vert	up	True	173365	175691	up	1	1	62
4	ltx	f	22	1	70	diamond	red	(565, 460)	high	dis	(724, 619)	N	dif	hori	left	True	176861	178515	left	1	1	63
4	ltx	f	22	1	70	circle	green	(645, 428)	low	dis	(645, 652)	N	dif	hori	left	True	179535	181300	left	1	1	64
4	ltx	f	22	1	70	diamond	green	(565, 460)	high	dis	(724, 619)	N	same	vert	up	True	182516	184403	up	1	1	65
4	ltx	f	22	1	70	diamond	red	(724, 619)	low	dis	(724, 460)	N	same	vert	up	True	185466	187772	left	0	1	66
4	ltx	f	22	1	70	circle	green	(757, 540)	low	dis	(645, 428)	N	dif	hori	left	True	190459	192595	left	1	1	67
4	ltx	f	22	1	70	diamond	red	(565, 460)	high	no	no_dis	N	same	hori	left	False	193645	None	None	0	1	68
4	ltx	f	22	1	70	circle	green	(565, 460)	high	dis	(645, 652)	N	same	vert	up	True	199255	200684	up	1	1	69
4	ltx	f	22	1	70	diamond	green	(565, 460)	high	no	no_dis	N	same	vert	up	True	201854	203795	up	1	1	70
4	ltx	f	22	1	70	circle	red	(645, 652)	low	dis	(565, 460)	Y	same	hori	left	True	204935	206372	left	1	1	71
4	ltx	f	22	1	70	circle	green	(565, 460)	high	no	no_dis	N	same	hori	left	True	207471	208635	left	1	1	72
4	ltx	f	22	1	70	circle	red	(724, 619)	low	dis	(565, 460)	Y	same	vert	up	True	209686	211476	up	1	1	73
4	ltx	f	22	1	70	circle	red	(565, 460)	high	no	no_dis	N	same	vert	up	True	212655	214028	up	1	1	74
4	ltx	f	22	1	70	diamond	green	(565, 460)	high	dis	(645, 652)	N	dif	hori	left	True	215256	216339	left	1	1	75
4	ltx	f	22	1	70	diamond	green	(757, 540)	low	dis	(645, 428)	N	dif	vert	up	True	217542	218595	up	1	1	76
4	ltx	f	22	1	70	diamond	red	(565, 460)	high	dis	(645, 652)	N	dif	vert	up	True	219691	221604	up	1	1	77
4	ltx	f	22	1	70	diamond	red	(757, 540)	low	no	no_dis	N	same	vert	up	True	222656	224035	up	1	1	78
4	ltx	f	22	1	70	diamond	red	(565, 460)	high	dis	(645, 428)	N	dif	hori	left	True	225197	226252	left	1	1	79
4	ltx	f	22	1	70	circle	red	(565, 460)	high	no	no_dis	N	dif	vert	up	True	227392	228507	up	1	1	80
4	ltx	f	22	1	70	diamond	green	(565, 460)	high	dis	(757, 540)	N	same	hori	left	True	229536	231275	left	1	1	81
4	ltx	f	22	1	70	diamond	red	(757, 540)	low	dis	(565, 460)	Y	same	vert	up	True	232375	234251	up	1	1	82
4	ltx	f	22	1	70	diamond	green	(565, 460)	high	dis	(724, 460)	N	dif	vert	up	True	235466	236603	up	1	1	83
4	ltx	f	22	1	70	circle	red	(645, 428)	low	no	no_dis	N	same	hori	left	True	237814	238851	left	1	1	84
4	ltx	f	22	1	70	diamond	red	(565, 460)	high	dis	(533, 540)	N	same	hori	left	True	239865	241659	left	1	1	85
4	ltx	f	22	1	70	diamond	red	(565, 460)	high	dis	(724, 460)	N	dif	hori	left	True	242865	243779	left	1	1	86
4	ltx	f	22	1	70	diamond	red	(565, 460)	high	no	no_dis	N	dif	vert	up	True	244865	246196	up	1	1	87
4	ltx	f	22	1	70	circle	green	(565, 460)	high	dis	(757, 540)	N	same	hori	left	True	247211	248091	left	1	1	88
4	ltx	f	22	1	70	diamond	green	(565, 460)	high	dis	(645, 428)	N	same	vert	up	True	249300	250291	up	1	1	89
4	ltx	f	22	1	70	diamond	red	(645, 428)	low	dis	(565, 460)	Y	dif	vert	up	True	251545	253012	up	1	1	90
4	ltx	f	22	1	70	circle	green	(565, 460)	high	dis	(565, 619)	N	dif	hori	left	True	254026	255196	left	1	1	91
4	ltx	f	22	1	70	circle	red	(565, 460)	high	dis	(724, 619)	N	same	hori	left	True	256424	257315	left	1	1	92
4	ltx	f	22	1	70	diamond	red	(565, 619)	low	dis	(757, 540)	N	same	vert	up	True	258466	260219	up	1	1	93
4	ltx	f	22	1	70	diamond	green	(724, 619)	low	no	no_dis	N	dif	vert	up	True	261404	263340	up	1	1	94
4	ltx	f	22	1	70	diamond	red	(724, 619)	low	no	no_dis	N	same	hori	left	True	264365	265635	left	1	1	95
4	ltx	f	22	1	70	circle	red	(565, 460)	high	dis	(724, 619)	N	dif	vert	up	True	266840	267964	up	1	1	96
4	ltx	f	22	1	70	diamond	green	(533, 540)	low	no	no_dis	N	dif	hori	left	True	269146	270380	left	1	1	97
4	ltx	f	22	1	70	circle	green	(724, 460)	low	dis	(565, 460)	Y	dif	vert	up	True	271424	272659	up	1	1	98
4	ltx	f	22	1	70	circle	green	(565, 460)	high	dis	(757, 540)	N	same	vert	up	True	273779	274787	up	1	1	99
4	ltx	f	22	1	70	diamond	red	(645, 652)	low	no	no_dis	N	same	hori	left	True	275938	276979	left	1	1	100
4	ltx	f	22	1	70	diamond	red	(565, 460)	high	dis	(565, 619)	N	dif	hori	left	True	278005	278899	left	1	1	101
4	ltx	f	22	1	70	circle	green	(645, 652)	low	dis	(533, 540)	N	same	vert	up	True	280088	282427	up	1	1	102
4	ltx	f	22	1	70	diamond	red	(724, 460)	low	dis	(565, 460)	Y	same	hori	left	True	283596	284899	left	1	1	103
4	ltx	f	22	1	70	circle	green	(533, 540)	low	dis	(565, 619)	N	dif	hori	left	True	285979	287347	left	1	1	104
4	ltx	f	22	1	70	circle	green	(565, 460)	high	no	no_dis	N	same	hori	left	True	288479	290012	left	1	1	105
4	ltx	f	22	1	70	diamond	red	(565, 460)	high	dis	(724, 460)	N	same	vert	up	True	291090	292100	up	1	1	106
4	ltx	f	22	1	70	circle	green	(565, 460)	high	dis	(533, 540)	N	same	hori	left	True	293125	295179	left	1	1	107
4	ltx	f	22	1	70	circle	red	(565, 460)	high	no	no_dis	N	same	vert	up	True	296273	297235	up	1	1	108
4	ltx	f	22	1	70	diamond	green	(565, 460)	high	no	no_dis	N	same	hori	left	True	298327	299691	left	1	1	109
4	ltx	f	22	1	70	diamond	red	(565, 460)	high	no	no_dis	N	dif	vert	up	True	300696	301707	up	1	1	110
4	ltx	f	22	1	70	circle	green	(565, 460)	high	dis	(645, 652)	N	dif	hori	left	True	302900	303811	left	1	1	111
4	ltx	f	22	1	70	diamond	red	(565, 460)	high	dis	(533, 540)	N	dif	vert	up	True	304822	305804	up	1	1	112
4	ltx	f	22	1	70	diamond	green	(565, 619)	low	dis	(645, 652)	N	dif	hori	left	True	307043	308899	up	0	1	113
4	ltx	f	22	1	70	circle	green	(565, 460)	high	no	no_dis	N	same	vert	up	True	311552	312763	up	1	1	114
4	ltx	f	22	1	70	circle	red	(565, 460)	high	no	no_dis	N	same	hori	left	True	313981	315083	left	1	1	115
4	ltx	f	22	1	70	circle	red	(565, 460)	high	dis	(565, 619)	N	same	vert	up	True	316185	317507	up	1	1	116
4	ltx	f	22	1	70	circle	red	(757, 540)	low	dis	(724, 460)	N	dif	vert	up	True	318594	319667	up	1	1	117
4	ltx	f	22	1	70	circle	green	(565, 619)	low	no	no_dis	N	same	vert	up	True	320815	321651	up	1	1	118
4	ltx	f	22	1	70	circle	red	(565, 460)	high	dis	(757, 540)	N	same	vert	up	True	322806	324091	up	1	1	119
4	ltx	f	22	1	70	circle	red	(565, 460)	high	dis	(757, 540)	N	dif	vert	up	True	325223	326035	up	1	1	120
4	ltx	f	22	1	70	diamond	red	(565, 460)	high	dis	(533, 540)	N	dif	vert	up	True	364795	366803	up	1	2	1
4	ltx	f	22	1	70	circle	green	(757, 540)	low	dis	(565, 460)	Y	dif	vert	up	True	367843	369003	up	1	2	2
4	ltx	f	22	1	70	circle	green	(565, 460)	high	dis	(757, 540)	N	dif	hori	left	True	370072	371347	left	1	2	3
4	ltx	f	22	1	70	diamond	red	(565, 619)	low	dis	(565, 460)	Y	dif	vert	up	True	372471	374284	up	1	2	4
4	ltx	f	22	1	70	diamond	green	(565, 460)	high	dis	(645, 428)	N	same	vert	up	True	375329	376803	up	1	2	5
4	ltx	f	22	1	70	circle	green	(724, 619)	low	no	no_dis	N	dif	vert	up	True	378051	379571	up	1	2	6
4	ltx	f	22	1	70	diamond	red	(565, 460)	high	no	no_dis	N	same	vert	up	True	380818	382499	up	1	2	7
4	ltx	f	22	1	70	circle	green	(533, 540)	low	no	no_dis	N	dif	hori	left	True	383608	384923	left	1	2	8
4	ltx	f	22	1	70	circle	green	(565, 460)	high	no	no_dis	N	same	vert	up	True	385948	387403	up	1	2	9
4	ltx	f	22	1	70	diamond	red	(565, 460)	high	no	no_dis	N	dif	hori	left	True	388443	389643	left	1	2	10
4	ltx	f	22	1	70	circle	red	(565, 460)	high	dis	(645, 652)	N	dif	vert	up	True	390720	392243	up	1	2	11
4	ltx	f	22	1	70	circle	green	(565, 460)	high	dis	(757, 540)	N	dif	hori	left	True	393368	394795	left	1	2	12
4	ltx	f	22	1	70	diamond	green	(565, 460)	high	dis	(565, 619)	N	dif	hori	left	True	395994	397475	left	1	2	13
4	ltx	f	22	1	70	diamond	green	(565, 460)	high	dis	(724, 460)	N	same	hori	left	True	398515	399915	left	1	2	14
4	ltx	f	22	1	70	diamond	green	(565, 460)	high	dis	(724, 619)	N	dif	hori	left	True	400975	402107	left	1	2	15
4	ltx	f	22	1	70	diamond	red	(565, 460)	high	no	no_dis	N	dif	hori	left	True	403286	404627	left	1	2	16
4	ltx	f	22	1	70	diamond	green	(565, 460)	high	no	no_dis	N	dif	vert	up	True	405802	406618	up	1	2	17
4	ltx	f	22	1	70	circle	green	(565, 460)	high	dis	(724, 619)	N	same	hori	left	True	407842	408931	left	1	2	18
4	ltx	f	22	1	70	circle	green	(565, 460)	high	no	no_dis	N	dif	hori	left	True	410036	410875	left	1	2	19
4	ltx	f	22	1	70	diamond	green	(533, 540)	low	dis	(565, 460)	Y	same	vert	up	True	412057	413699	up	1	2	20
4	ltx	f	22	1	70	circle	green	(565, 460)	high	dis	(645, 428)	N	dif	vert	up	True	414924	416851	up	1	2	21
4	ltx	f	22	1	70	circle	green	(565, 460)	high	no	no_dis	N	dif	vert	up	True	418040	419395	up	1	2	22
4	ltx	f	22	1	70	circle	green	(565, 460)	high	dis	(645, 652)	N	same	hori	left	True	420638	421723	left	1	2	23
4	ltx	f	22	1	70	circle	red	(565, 460)	high	dis	(724, 460)	N	same	vert	up	True	422964	424091	up	1	2	24
4	ltx	f	22	1	70	diamond	green	(565, 460)	high	no	no_dis	N	dif	vert	up	True	425200	426939	up	1	2	25
4	ltx	f	22	1	70	circle	green	(565, 460)	high	dis	(645, 428)	N	dif	vert	up	True	428131	430363	up	1	2	26
4	ltx	f	22	1	70	circle	green	(565, 460)	high	dis	(565, 619)	N	dif	vert	up	True	431389	432883	up	1	2	27
4	ltx	f	22	1	70	circle	red	(565, 619)	low	no	no_dis	N	same	vert	up	True	433912	435339	up	1	2	28
4	ltx	f	22	1	70	diamond	red	(533, 540)	low	dis	(565, 460)	Y	same	vert	up	True	436531	437971	up	1	2	29
4	ltx	f	22	1	70	diamond	red	(565, 460)	high	dis	(533, 540)	N	same	hori	left	True	439118	440347	left	1	2	30
4	ltx	f	22	1	70	diamond	red	(757, 540)	low	dis	(645, 652)	N	same	vert	up	True	441511	442963	up	1	2	31
4	ltx	f	22	1	70	diamond	red	(565, 460)	high	dis	(757, 540)	N	same	vert	up	True	444175	445507	up	1	2	32
4	ltx	f	22	1	70	diamond	green	(565, 460)	high	dis	(565, 619)	N	same	vert	up	True	446634	448019	up	1	2	33
4	ltx	f	22	1	70	diamond	green	(565, 460)	high	dis	(645, 652)	N	dif	hori	left	True	449029	450227	left	1	2	34
4	ltx	f	22	1	70	circle	green	(565, 460)	high	dis	(533, 540)	N	dif	hori	left	True	451329	452755	left	1	2	35
4	ltx	f	22	1	70	circle	red	(565, 460)	high	dis	(533, 540)	N	dif	vert	up	True	453998	455083	up	1	2	36
4	ltx	f	22	1	70	circle	green	(724, 460)	low	dis	(757, 540)	N	same	hori	left	True	456197	457339	left	1	2	37
4	ltx	f	22	1	70	circle	red	(565, 460)	high	dis	(757, 540)	N	dif	vert	up	True	458465	459691	up	1	2	38
4	ltx	f	22	1	70	diamond	red	(565, 460)	high	dis	(533, 540)	N	same	vert	up	True	460812	461827	up	1	2	39
4	ltx	f	22	1	70	diamond	green	(565, 460)	high	no	no_dis	N	same	hori	left	True	463069	464291	left	1	2	40
4	ltx	f	22	1	70	circle	red	(565, 460)	high	no	no_dis	N	same	hori	left	True	465533	466411	left	1	2	41
4	ltx	f	22	1	70	circle	green	(565, 460)	high	dis	(724, 619)	N	same	hori	left	True	467483	468698	left	1	2	42
4	ltx	f	22	1	70	diamond	green	(565, 460)	high	dis	(757, 540)	N	same	vert	up	True	469924	471147	up	1	2	43
4	ltx	f	22	1	70	circle	red	(565, 619)	low	dis	(565, 460)	Y	dif	hori	left	True	472305	473730	left	1	2	44
4	ltx	f	22	1	70	diamond	red	(645, 652)	low	no	no_dis	N	same	hori	left	True	474859	476355	left	1	2	45
4	ltx	f	22	1	70	diamond	green	(565, 460)	high	dis	(724, 460)	N	same	vert	up	True	477361	478995	up	1	2	46
4	ltx	f	22	1	70	circle	red	(565, 460)	high	no	no_dis	N	same	vert	up	True	480150	481747	up	1	2	47
4	ltx	f	22	1	70	circle	green	(645, 428)	low	dis	(724, 460)	N	dif	vert	up	True	482971	484803	up	1	2	48
4	ltx	f	22	1	70	diamond	green	(565, 460)	high	dis	(724, 460)	N	dif	vert	up	True	486037	487571	up	1	2	49
4	ltx	f	22	1	70	circle	green	(565, 460)	high	dis	(724, 619)	N	same	vert	up	True	488624	489907	up	1	2	50
4	ltx	f	22	1	70	circle	red	(565, 460)	high	dis	(757, 540)	N	same	hori	left	True	490982	492634	left	1	2	51
4	ltx	f	22	1	70	diamond	red	(565, 460)	high	dis	(645, 428)	N	same	hori	left	True	493860	495619	left	1	2	52
4	ltx	f	22	1	70	circle	red	(645, 652)	low	no	no_dis	N	dif	hori	left	True	496719	497971	left	1	2	53
4	ltx	f	22	1	70	diamond	red	(565, 460)	high	dis	(565, 619)	N	dif	vert	up	True	499150	500235	up	1	2	54
4	ltx	f	22	1	70	diamond	green	(565, 460)	high	dis	(724, 619)	N	same	hori	left	True	501404	502939	left	1	2	55
4	ltx	f	22	1	70	diamond	green	(565, 460)	high	dis	(565, 619)	N	dif	hori	left	True	503949	505027	left	1	2	56
4	ltx	f	22	1	70	circle	red	(565, 460)	high	dis	(645, 428)	N	same	vert	up	True	506269	507426	up	1	2	57
4	ltx	f	22	1	70	diamond	red	(565, 460)	high	dis	(724, 619)	N	same	hori	left	True	508605	509907	left	1	2	58
4	ltx	f	22	1	70	circle	red	(565, 460)	high	no	no_dis	N	dif	hori	left	True	510946	512051	left	1	2	59
4	ltx	f	22	1	70	circle	red	(645, 652)	low	dis	(565, 460)	Y	dif	hori	left	True	513112	514290	left	1	2	60
4	ltx	f	22	1	70	circle	green	(565, 460)	high	dis	(645, 652)	N	dif	hori	left	True	515437	516499	left	1	2	61
4	ltx	f	22	1	70	diamond	green	(757, 540)	low	no	no_dis	N	same	vert	up	True	517713	519138	up	1	2	62
4	ltx	f	22	1	70	circle	green	(565, 460)	high	dis	(724, 619)	N	dif	vert	up	True	520359	521947	up	1	2	63
4	ltx	f	22	1	70	circle	red	(565, 460)	high	dis	(533, 540)	N	same	vert	up	True	523132	524579	up	1	2	64
4	ltx	f	22	1	70	circle	red	(757, 540)	low	dis	(724, 460)	N	same	hori	left	True	525734	526883	left	1	2	65
4	ltx	f	22	1	70	diamond	green	(565, 460)	high	dis	(724, 460)	N	dif	hori	left	True	528094	529163	left	1	2	66
4	ltx	f	22	1	70	diamond	green	(565, 460)	high	dis	(645, 428)	N	dif	hori	left	True	530224	531827	left	1	2	67
4	ltx	f	22	1	70	circle	green	(645, 652)	low	dis	(533, 540)	N	same	hori	left	True	532969	534115	left	1	2	68
4	ltx	f	22	1	70	diamond	green	(724, 619)	low	no	no_dis	N	dif	hori	left	True	535349	536891	left	1	2	69
4	ltx	f	22	1	70	diamond	red	(724, 460)	low	no	no_dis	N	dif	vert	up	True	537930	539443	up	1	2	70
4	ltx	f	22	1	70	diamond	green	(565, 460)	high	no	no_dis	N	same	hori	left	True	540618	541675	left	1	2	71
4	ltx	f	22	1	70	circle	green	(645, 428)	low	no	no_dis	N	same	vert	up	True	542805	544251	up	1	2	72
4	ltx	f	22	1	70	circle	green	(565, 460)	high	no	no_dis	N	dif	hori	left	True	545418	546579	left	1	2	73
4	ltx	f	22	1	70	diamond	green	(565, 460)	high	no	no_dis	N	same	vert	up	True	547685	549234	up	1	2	74
4	ltx	f	22	1	70	diamond	red	(565, 460)	high	dis	(565, 619)	N	same	vert	up	True	550410	551587	up	1	2	75
4	ltx	f	22	1	70	circle	red	(565, 460)	high	dis	(757, 540)	N	dif	vert	up	True	552600	553627	up	1	2	76
4	ltx	f	22	1	70	diamond	red	(565, 460)	high	dis	(533, 540)	N	dif	hori	left	True	554781	556050	left	1	2	77
4	ltx	f	22	1	70	circle	red	(724, 619)	low	dis	(645, 428)	N	dif	hori	left	True	557127	558131	left	1	2	78
4	ltx	f	22	1	70	diamond	red	(565, 460)	high	no	no_dis	N	same	vert	up	True	559260	560779	up	1	2	79
4	ltx	f	22	1	70	diamond	red	(565, 460)	high	dis	(724, 460)	N	dif	vert	up	True	561787	562875	up	1	2	80
4	ltx	f	22	1	70	diamond	green	(565, 619)	low	dis	(757, 540)	N	dif	hori	left	True	563909	566091	left	1	2	81
4	ltx	f	22	1	70	diamond	green	(565, 460)	high	no	no_dis	N	same	hori	left	True	567191	568514	left	1	2	82
4	ltx	f	22	1	70	diamond	red	(565, 460)	high	no	no_dis	N	dif	vert	up	True	569739	570715	up	1	2	83
4	ltx	f	22	1	70	circle	green	(533, 540)	low	dis	(645, 428)	N	dif	vert	up	True	571814	573267	up	1	2	84
4	ltx	f	22	1	70	diamond	red	(565, 460)	high	dis	(757, 540)	N	same	hori	left	True	574301	575403	left	1	2	85
4	ltx	f	22	1	70	circle	green	(565, 460)	high	dis	(565, 619)	N	dif	vert	up	True	576510	577515	up	1	2	86
4	ltx	f	22	1	70	diamond	red	(757, 540)	low	no	no_dis	N	dif	vert	up	True	578766	579803	up	1	2	87
4	ltx	f	22	1	70	diamond	red	(565, 460)	high	dis	(645, 652)	N	same	hori	left	True	580975	581907	left	1	2	88
4	ltx	f	22	1	70	diamond	green	(565, 460)	high	dis	(565, 619)	N	same	hori	left	True	583046	583947	left	1	2	89
4	ltx	f	22	1	70	diamond	red	(565, 460)	high	no	no_dis	N	same	hori	left	True	584967	585739	left	1	2	90
4	ltx	f	22	1	70	diamond	green	(645, 428)	low	dis	(724, 619)	N	same	vert	up	True	586765	588258	up	1	2	91
4	ltx	f	22	1	70	diamond	red	(565, 460)	high	dis	(533, 540)	N	same	hori	left	True	589407	590283	left	1	2	92
4	ltx	f	22	1	70	circle	red	(565, 460)	high	dis	(645, 428)	N	dif	hori	left	True	591409	592546	left	1	2	93
4	ltx	f	22	1	70	circle	red	(565, 460)	high	dis	(645, 652)	N	same	hori	left	True	593788	594491	left	1	2	94
4	ltx	f	22	1	70	circle	red	(565, 460)	high	dis	(645, 652)	N	same	vert	up	True	595577	596682	left	0	2	95
4	ltx	f	22	1	70	circle	red	(565, 460)	high	no	no_dis	N	dif	vert	up	True	599365	601074	up	1	2	96
4	ltx	f	22	1	70	diamond	green	(645, 652)	low	dis	(565, 619)	N	same	vert	up	True	602116	603907	up	1	2	97
4	ltx	f	22	1	70	circle	green	(565, 460)	high	no	no_dis	N	dif	hori	left	True	605153	606259	left	1	2	98
4	ltx	f	22	1	70	circle	green	(565, 460)	high	no	no_dis	N	same	vert	up	True	607268	608466	up	1	2	99
4	ltx	f	22	1	70	diamond	green	(565, 460)	high	no	no_dis	N	same	hori	left	True	609621	610859	left	1	2	100
4	ltx	f	22	1	70	diamond	red	(724, 460)	low	dis	(533, 540)	N	dif	hori	left	True	611975	613226	left	1	2	101
4	ltx	f	22	1	70	diamond	red	(565, 460)	high	dis	(724, 460)	N	dif	hori	left	True	614378	615674	left	1	2	102
4	ltx	f	22	1	70	diamond	green	(724, 460)	low	no	no_dis	N	same	hori	left	True	616705	617674	left	1	2	103
4	ltx	f	22	1	70	circle	green	(724, 619)	low	dis	(565, 460)	Y	same	hori	left	True	618692	620827	left	1	2	104
4	ltx	f	22	1	70	circle	red	(565, 460)	high	dis	(645, 428)	N	dif	hori	left	True	621865	623058	left	1	2	105
4	ltx	f	22	1	70	circle	red	(565, 460)	high	no	no_dis	N	dif	hori	left	True	624260	625691	left	1	2	106
4	ltx	f	22	1	70	diamond	green	(724, 460)	low	dis	(724, 619)	N	same	hori	left	True	626765	628298	left	1	2	107
4	ltx	f	22	1	70	diamond	red	(724, 619)	low	dis	(565, 460)	Y	dif	vert	up	True	629501	631683	up	1	2	108
4	ltx	f	22	1	70	circle	red	(565, 460)	high	dis	(645, 652)	N	same	vert	up	True	632852	634018	up	1	2	109
4	ltx	f	22	1	70	circle	red	(565, 460)	high	dis	(724, 460)	N	dif	vert	up	True	635052	636082	up	1	2	110
4	ltx	f	22	1	70	circle	red	(645, 428)	low	dis	(565, 460)	Y	dif	hori	left	True	637157	638547	left	1	2	111
4	ltx	f	22	1	70	circle	red	(533, 540)	low	no	no_dis	N	same	hori	left	True	639759	640995	left	1	2	112
4	ltx	f	22	1	70	diamond	green	(757, 540)	low	dis	(565, 619)	N	dif	vert	up	True	642200	643515	up	1	2	113
4	ltx	f	22	1	70	circle	red	(565, 460)	high	no	no_dis	N	dif	vert	up	True	644529	646394	up	1	2	114
4	ltx	f	22	1	70	circle	green	(565, 460)	high	dis	(724, 619)	N	same	vert	up	True	647486	648755	up	1	2	115
4	ltx	f	22	1	70	diamond	red	(645, 428)	low	dis	(565, 460)	Y	same	vert	up	True	649958	651306	up	1	2	116
4	ltx	f	22	1	70	circle	red	(724, 460)	low	dis	(645, 652)	N	same	hori	left	True	652483	653275	left	1	2	117
4	ltx	f	22	1	70	diamond	red	(565, 460)	high	no	no_dis	N	dif	vert	up	True	654487	655786	up	1	2	118
4	ltx	f	22	1	70	circle	red	(565, 460)	high	no	no_dis	N	same	vert	up	True	656973	658010	up	1	2	119
4	ltx	f	22	1	70	circle	green	(565, 460)	high	no	no_dis	N	same	hori	left	True	659035	660058	left	1	2	120
4	ltx	f	22	1	70	circle	green	(565, 460)	high	dis	(565, 619)	N	same	hori	left	True	695394	697354	left	1	3	1
4	ltx	f	22	1	70	diamond	red	(565, 460)	high	dis	(724, 619)	N	dif	hori	left	True	698399	699963	left	1	3	2
4	ltx	f	22	1	70	diamond	red	(565, 619)	low	no	no_dis	N	same	hori	left	True	701119	702603	left	1	3	3
4	ltx	f	22	1	70	diamond	green	(533, 540)	low	dis	(565, 460)	Y	dif	vert	up	True	703645	705011	up	1	3	4
4	ltx	f	22	1	70	diamond	red	(724, 460)	low	dis	(645, 428)	N	dif	vert	up	True	706128	707434	up	1	3	5
4	ltx	f	22	1	70	diamond	green	(565, 460)	high	dis	(533, 540)	N	same	hori	left	True	708629	710171	left	1	3	6
4	ltx	f	22	1	70	circle	green	(565, 460)	high	dis	(757, 540)	N	dif	vert	up	True	711252	712682	up	1	3	7
4	ltx	f	22	1	70	diamond	green	(565, 460)	high	no	no_dis	N	dif	hori	left	True	713877	714970	left	1	3	8
4	ltx	f	22	1	70	circle	red	(565, 460)	high	dis	(724, 619)	N	dif	vert	up	True	715989	717371	up	1	3	9
4	ltx	f	22	1	70	diamond	red	(645, 652)	low	no	no_dis	N	dif	hori	left	True	718388	719746	left	1	3	10
4	ltx	f	22	1	70	circle	green	(724, 619)	low	dis	(565, 460)	Y	same	vert	up	True	720812	722227	up	1	3	11
4	ltx	f	22	1	70	diamond	red	(565, 460)	high	dis	(565, 619)	N	same	hori	left	True	723372	724410	left	1	3	12
4	ltx	f	22	1	70	diamond	red	(565, 460)	high	dis	(565, 619)	N	dif	vert	up	True	725652	726594	up	1	3	13
4	ltx	f	22	1	70	circle	red	(565, 460)	high	dis	(645, 428)	N	same	vert	up	True	727650	728818	up	1	3	14
4	ltx	f	22	1	70	diamond	green	(565, 460)	high	no	no_dis	N	same	hori	left	True	729874	730954	left	1	3	15
4	ltx	f	22	1	70	circle	red	(724, 619)	low	dis	(565, 460)	Y	same	vert	up	True	731965	733354	up	1	3	16
4	ltx	f	22	1	70	diamond	green	(565, 460)	high	dis	(645, 652)	N	same	vert	up	True	734506	735658	up	1	3	17
4	ltx	f	22	1	70	circle	green	(565, 460)	high	dis	(757, 540)	N	same	hori	left	True	736841	737626	left	1	3	18
4	ltx	f	22	1	70	circle	green	(565, 460)	high	no	no_dis	N	dif	hori	left	True	738722	739586	left	1	3	19
4	ltx	f	22	1	70	diamond	green	(565, 460)	high	no	no_dis	N	same	vert	up	True	740672	741674	up	1	3	20
4	ltx	f	22	1	70	circle	green	(565, 460)	high	dis	(724, 619)	N	same	vert	up	True	742889	743906	up	1	3	21
4	ltx	f	22	1	70	diamond	green	(724, 460)	low	dis	(724, 619)	N	same	vert	up	True	745025	746419	up	1	3	22
4	ltx	f	22	1	70	circle	red	(645, 428)	low	dis	(724, 460)	N	dif	hori	left	True	747640	749002	left	1	3	23
4	ltx	f	22	1	70	diamond	red	(565, 460)	high	dis	(724, 460)	N	dif	vert	up	True	750084	751522	up	1	3	24
4	ltx	f	22	1	70	circle	red	(645, 652)	low	dis	(533, 540)	N	dif	hori	left	True	752772	754082	left	1	3	25
4	ltx	f	22	1	70	diamond	green	(565, 460)	high	dis	(724, 460)	N	dif	hori	left	True	755329	756466	left	1	3	26
4	ltx	f	22	1	70	diamond	green	(565, 460)	high	dis	(724, 460)	N	dif	hori	left	True	757593	758458	left	1	3	27
4	ltx	f	22	1	70	circle	red	(565, 460)	high	dis	(565, 619)	N	same	hori	left	True	759588	760442	left	1	3	28
4	ltx	f	22	1	70	circle	red	(724, 460)	low	dis	(565, 460)	Y	dif	vert	up	True	761567	762442	up	1	3	29
4	ltx	f	22	1	70	circle	green	(724, 460)	low	dis	(757, 540)	N	same	vert	up	True	763472	764403	up	1	3	30
4	ltx	f	22	1	70	diamond	red	(565, 460)	high	no	no_dis	N	dif	vert	up	True	765600	766586	up	1	3	31
4	ltx	f	22	1	70	diamond	red	(565, 460)	high	no	no_dis	N	same	vert	up	True	767656	769274	up	1	3	32
4	ltx	f	22	1	70	diamond	green	(757, 540)	low	dis	(565, 460)	Y	same	hori	left	True	770428	771947	left	1	3	33
4	ltx	f	22	1	70	circle	green	(533, 540)	low	dis	(565, 460)	Y	dif	vert	up	True	773191	774362	up	1	3	34
4	ltx	f	22	1	70	diamond	red	(645, 428)	low	dis	(645, 652)	N	dif	hori	left	True	775547	776634	left	1	3	35
4	ltx	f	22	1	70	diamond	green	(565, 460)	high	dis	(645, 652)	N	same	hori	left	True	777650	778963	left	1	3	36
4	ltx	f	22	1	70	circle	red	(565, 460)	high	dis	(645, 652)	N	dif	vert	up	True	780108	781331	up	1	3	37
4	ltx	f	22	1	70	diamond	green	(645, 652)	low	dis	(565, 619)	N	same	vert	up	True	782476	784298	up	1	3	38
4	ltx	f	22	1	70	circle	green	(724, 460)	low	no	no_dis	N	dif	vert	up	True	785390	786938	up	1	3	39
4	ltx	f	22	1	70	diamond	red	(565, 460)	high	no	no_dis	N	dif	hori	left	True	788037	789954	left	1	3	40
4	ltx	f	22	1	70	diamond	red	(565, 460)	high	dis	(645, 428)	N	dif	hori	left	True	791199	792491	left	1	3	41
4	ltx	f	22	1	70	circle	red	(565, 460)	high	no	no_dis	N	dif	vert	up	True	793612	794602	up	1	3	42
4	ltx	f	22	1	70	circle	green	(565, 460)	high	dis	(645, 652)	N	dif	hori	left	True	795663	796474	left	1	3	43
4	ltx	f	22	1	70	diamond	red	(565, 460)	high	dis	(645, 652)	N	same	vert	up	True	797728	798770	up	1	3	44
4	ltx	f	22	1	70	diamond	green	(565, 460)	high	dis	(645, 428)	N	dif	hori	left	True	799829	800794	left	1	3	45
4	ltx	f	22	1	70	circle	green	(565, 460)	high	dis	(533, 540)	N	same	hori	left	True	801976	802810	left	1	3	46
4	ltx	f	22	1	70	circle	green	(565, 460)	high	no	no_dis	N	dif	vert	up	True	804015	805002	up	1	3	47
4	ltx	f	22	1	70	diamond	red	(724, 619)	low	dis	(533, 540)	N	same	hori	left	True	806151	807755	left	1	3	48
4	ltx	f	22	1	70	circle	red	(565, 619)	low	dis	(724, 619)	N	same	hori	left	True	808825	810098	left	1	3	49
4	ltx	f	22	1	70	circle	red	(565, 460)	high	no	no_dis	N	same	vert	up	True	811220	812546	up	1	3	50
4	ltx	f	22	1	70	diamond	red	(565, 460)	high	no	no_dis	N	same	hori	left	True	813759	815106	left	1	3	51
4	ltx	f	22	1	70	circle	red	(565, 460)	high	dis	(724, 619)	N	dif	hori	left	True	816253	817130	left	1	3	52
4	ltx	f	22	1	70	diamond	green	(565, 460)	high	dis	(757, 540)	N	dif	vert	up	True	818233	819130	up	1	3	53
4	ltx	f	22	1	70	diamond	green	(565, 460)	high	dis	(724, 460)	N	same	hori	left	True	820191	821082	left	1	3	54
4	ltx	f	22	1	70	diamond	red	(565, 460)	high	no	no_dis	N	dif	vert	up	True	822194	823018	up	1	3	55
4	ltx	f	22	1	70	diamond	green	(565, 460)	high	dis	(565, 619)	N	dif	vert	up	True	824064	824962	up	1	3	56
4	ltx	f	22	1	70	diamond	red	(533, 540)	low	dis	(565, 460)	Y	dif	hori	left	True	826165	827418	left	1	3	57
4	ltx	f	22	1	70	circle	green	(565, 460)	high	dis	(724, 460)	N	same	vert	up	True	828498	829938	up	1	3	58
4	ltx	f	22	1	70	circle	red	(565, 460)	high	dis	(565, 619)	N	dif	vert	up	True	831100	832146	up	1	3	59
4	ltx	f	22	1	70	circle	red	(565, 460)	high	dis	(724, 619)	N	dif	hori	left	True	833373	834130	left	1	3	60
4	ltx	f	22	1	70	circle	red	(724, 460)	low	no	no_dis	N	same	vert	up	True	835360	836738	up	1	3	61
4	ltx	f	22	1	70	diamond	green	(565, 460)	high	no	no_dis	N	dif	vert	up	True	837958	838938	up	1	3	62
4	ltx	f	22	1	70	diamond	green	(565, 460)	high	dis	(533, 540)	N	same	hori	left	True	840153	841730	left	1	3	63
4	ltx	f	22	1	70	diamond	green	(565, 460)	high	dis	(533, 540)	N	same	vert	up	True	842762	843706	up	1	3	64
4	ltx	f	22	1	70	circle	red	(565, 460)	high	no	no_dis	N	dif	hori	left	True	844750	845978	left	1	3	65
4	ltx	f	22	1	70	diamond	red	(565, 460)	high	dis	(645, 652)	N	same	vert	up	True	847169	848090	up	1	3	66
4	ltx	f	22	1	70	diamond	green	(757, 540)	low	no	no_dis	N	same	vert	up	True	849195	850306	up	1	3	67
4	ltx	f	22	1	70	circle	red	(565, 460)	high	no	no_dis	N	same	vert	up	True	851540	852938	up	1	3	68
4	ltx	f	22	1	70	circle	red	(565, 460)	high	dis	(724, 460)	N	same	hori	left	True	854105	855514	left	1	3	69
4	ltx	f	22	1	70	diamond	red	(565, 460)	high	no	no_dis	N	same	hori	left	True	856741	857618	left	1	3	70
4	ltx	f	22	1	70	circle	red	(565, 460)	high	dis	(724, 460)	N	dif	hori	left	True	858824	859610	left	1	3	71
4	ltx	f	22	1	70	diamond	red	(757, 540)	low	dis	(645, 428)	N	dif	hori	left	True	860758	861642	left	1	3	72
4	ltx	f	22	1	70	circle	red	(565, 619)	low	no	no_dis	N	same	vert	up	True	862844	864098	up	1	3	73
4	ltx	f	22	1	70	circle	green	(645, 428)	low	no	no_dis	N	dif	hori	left	True	865239	866114	left	1	3	74
4	ltx	f	22	1	70	circle	red	(757, 540)	low	dis	(565, 619)	N	same	hori	left	True	867304	868202	left	1	3	75
4	ltx	f	22	1	70	circle	green	(565, 460)	high	dis	(724, 619)	N	same	vert	up	True	869401	870442	up	1	3	76
4	ltx	f	22	1	70	diamond	red	(565, 460)	high	dis	(757, 540)	N	same	hori	left	True	871491	872714	left	1	3	77
4	ltx	f	22	1	70	diamond	green	(533, 540)	low	no	no_dis	N	same	hori	left	True	873830	875154	left	1	3	78
4	ltx	f	22	1	70	diamond	green	(565, 460)	high	no	no_dis	N	same	vert	up	True	876174	877362	up	1	3	79
4	ltx	f	22	1	70	circle	red	(645, 652)	low	no	no_dis	N	same	hori	left	True	878534	879634	left	1	3	80
4	ltx	f	22	1	70	circle	green	(757, 540)	low	dis	(724, 460)	N	dif	vert	up	True	880705	881914	up	1	3	81
4	ltx	f	22	1	70	diamond	green	(565, 460)	high	dis	(724, 460)	N	same	vert	up	True	883030	884818	up	1	3	82
4	ltx	f	22	1	70	circle	green	(645, 428)	low	dis	(565, 460)	Y	dif	vert	up	True	885917	887498	up	1	3	83
4	ltx	f	22	1	70	circle	green	(565, 460)	high	no	no_dis	N	dif	vert	up	True	888611	889538	up	1	3	84
4	ltx	f	22	1	70	diamond	red	(565, 460)	high	dis	(724, 619)	N	same	vert	up	True	890661	891570	up	1	3	85
4	ltx	f	22	1	70	circle	red	(565, 460)	high	dis	(565, 619)	N	dif	vert	up	True	892651	893586	up	1	3	86
4	ltx	f	22	1	70	diamond	red	(565, 460)	high	dis	(533, 540)	N	dif	vert	up	True	894800	895754	up	1	3	87
4	ltx	f	22	1	70	circle	green	(565, 460)	high	dis	(533, 540)	N	same	vert	up	True	896820	897730	up	1	3	88
4	ltx	f	22	1	70	circle	red	(565, 460)	high	no	no_dis	N	same	hori	left	True	898754	899819	left	1	3	89
4	ltx	f	22	1	70	circle	green	(645, 652)	low	dis	(565, 460)	Y	same	vert	up	True	900912	902353	up	1	3	90
4	ltx	f	22	1	70	circle	red	(565, 460)	high	no	no_dis	N	dif	vert	up	True	903585	904818	up	1	3	91
4	ltx	f	22	1	70	circle	green	(565, 460)	high	no	no_dis	N	same	hori	left	True	905863	906771	left	1	3	92
4	ltx	f	22	1	70	diamond	red	(565, 460)	high	dis	(645, 428)	N	dif	vert	up	True	907837	908738	up	1	3	93
4	ltx	f	22	1	70	circle	red	(565, 460)	high	dis	(645, 652)	N	same	vert	up	True	909887	910802	up	1	3	94
4	ltx	f	22	1	70	diamond	red	(565, 619)	low	dis	(757, 540)	N	same	hori	left	True	911908	913618	left	1	3	95
4	ltx	f	22	1	70	diamond	red	(645, 428)	low	no	no_dis	N	dif	hori	left	True	914708	915826	left	1	3	96
4	ltx	f	22	1	70	circle	green	(724, 619)	low	no	no_dis	N	dif	vert	up	True	916988	918121	up	1	3	97
4	ltx	f	22	1	70	diamond	green	(724, 619)	low	no	no_dis	N	dif	vert	up	True	919275	920970	up	1	3	98
4	ltx	f	22	1	70	circle	green	(565, 460)	high	dis	(645, 428)	N	dif	vert	up	True	922064	923090	up	1	3	99
4	ltx	f	22	1	70	diamond	red	(565, 460)	high	no	no_dis	N	same	vert	up	True	924296	925387	up	1	3	100
4	ltx	f	22	1	70	circle	red	(565, 460)	high	dis	(565, 619)	N	same	vert	up	True	926541	927730	up	1	3	101
4	ltx	f	22	1	70	circle	green	(565, 460)	high	no	no_dis	N	same	vert	up	True	928929	930450	up	1	3	102
4	ltx	f	22	1	70	circle	green	(565, 460)	high	no	no_dis	N	same	hori	left	True	931699	932561	left	1	3	103
4	ltx	f	22	1	70	diamond	green	(565, 460)	high	no	no_dis	N	dif	hori	left	True	933621	935178	left	1	3	104
4	ltx	f	22	1	70	circle	green	(565, 460)	high	no	no_dis	N	same	hori	left	True	936332	937146	left	1	3	105
4	ltx	f	22	1	70	circle	red	(565, 460)	high	dis	(757, 540)	N	same	hori	left	True	938300	939074	left	1	3	106
4	ltx	f	22	1	70	diamond	green	(565, 619)	low	dis	(565, 460)	Y	same	hori	left	True	940148	941329	left	1	3	107
4	ltx	f	22	1	70	diamond	green	(565, 460)	high	no	no_dis	N	dif	hori	left	True	942424	943554	left	1	3	108
4	ltx	f	22	1	70	diamond	red	(565, 460)	high	dis	(645, 428)	N	same	hori	left	True	944756	945762	left	1	3	109
4	ltx	f	22	1	70	diamond	red	(565, 460)	high	dis	(757, 540)	N	dif	hori	left	True	946939	947778	left	1	3	110
4	ltx	f	22	1	70	diamond	green	(565, 460)	high	dis	(757, 540)	N	dif	hori	left	True	948890	950201	left	1	3	111
4	ltx	f	22	1	70	circle	red	(565, 460)	high	dis	(645, 428)	N	same	vert	up	True	951281	952154	up	1	3	112
4	ltx	f	22	1	70	diamond	red	(565, 460)	high	dis	(757, 540)	N	dif	vert	up	True	953378	954346	up	1	3	113
4	ltx	f	22	1	70	diamond	green	(645, 428)	low	dis	(645, 652)	N	dif	hori	left	True	955559	956922	left	1	3	114
4	ltx	f	22	1	70	circle	red	(565, 460)	high	no	no_dis	N	dif	hori	left	True	958062	959218	left	1	3	115
4	ltx	f	22	1	70	circle	green	(565, 460)	high	dis	(724, 619)	N	dif	hori	left	True	960405	961234	left	1	3	116
4	ltx	f	22	1	70	circle	green	(565, 460)	high	dis	(533, 540)	N	dif	hori	left	True	962382	963282	left	1	3	117
4	ltx	f	22	1	70	circle	green	(565, 460)	high	dis	(533, 540)	N	same	hori	left	True	964468	965162	left	1	3	118
4	ltx	f	22	1	70	diamond	green	(565, 460)	high	dis	(645, 428)	N	dif	vert	up	True	966359	967930	up	1	3	119
4	ltx	f	22	1	70	circle	green	(565, 460)	high	dis	(645, 652)	N	dif	hori	left	True	969095	969930	left	1	3	120
4	ltx	f	22	1	70	diamond	red	(645, 428)	low	dis	(724, 460)	N	dif	vert	up	True	1009242	1010609	up	1	4	1
4	ltx	f	22	1	70	circle	red	(565, 460)	high	dis	(724, 460)	N	same	hori	left	True	1011851	1012833	left	1	4	2
4	ltx	f	22	1	70	circle	green	(724, 460)	low	dis	(533, 540)	N	same	hori	left	True	1014087	1014930	left	1	4	3
4	ltx	f	22	1	70	circle	red	(565, 460)	high	dis	(565, 619)	N	same	hori	left	True	1016107	1017873	left	1	4	4
4	ltx	f	22	1	70	diamond	red	(565, 619)	low	dis	(565, 460)	Y	same	vert	up	True	1018990	1020298	up	1	4	5
4	ltx	f	22	1	70	diamond	green	(565, 460)	high	no	no_dis	N	dif	hori	left	True	1021392	1022994	left	1	4	6
4	ltx	f	22	1	70	circle	red	(724, 460)	low	no	no_dis	N	dif	vert	up	True	1024013	1025098	up	1	4	7
4	ltx	f	22	1	70	circle	green	(565, 460)	high	no	no_dis	N	dif	vert	up	True	1026243	1027330	up	1	4	8
4	ltx	f	22	1	70	diamond	green	(565, 460)	high	dis	(645, 428)	N	dif	vert	up	True	1028567	1029609	up	1	4	9
4	ltx	f	22	1	70	diamond	green	(565, 460)	high	dis	(533, 540)	N	dif	vert	up	True	1030774	1031730	up	1	4	10
4	ltx	f	22	1	70	diamond	red	(565, 460)	high	no	no_dis	N	same	vert	up	True	1032769	1034090	up	1	4	11
4	ltx	f	22	1	70	diamond	red	(565, 460)	high	dis	(533, 540)	N	dif	hori	left	True	1035288	1036386	left	1	4	12
4	ltx	f	22	1	70	circle	green	(724, 619)	low	dis	(565, 460)	Y	dif	hori	left	True	1037481	1038537	left	1	4	13
4	ltx	f	22	1	70	diamond	red	(565, 460)	high	dis	(645, 652)	N	same	vert	up	True	1039696	1040882	up	1	4	14
4	ltx	f	22	1	70	diamond	red	(565, 460)	high	dis	(757, 540)	N	same	vert	up	True	1041978	1043650	up	1	4	15
4	ltx	f	22	1	70	circle	green	(565, 460)	high	no	no_dis	N	dif	hori	left	True	1044687	1045762	left	1	4	16
4	ltx	f	22	1	70	circle	red	(565, 460)	high	dis	(724, 619)	N	dif	vert	up	True	1046830	1047962	up	1	4	17
4	ltx	f	22	1	70	diamond	green	(645, 652)	low	dis	(565, 460)	Y	dif	hori	left	True	1049023	1050506	left	1	4	18
4	ltx	f	22	1	70	circle	green	(565, 460)	high	dis	(757, 540)	N	same	hori	left	True	1051520	1052658	left	1	4	19
4	ltx	f	22	1	70	diamond	green	(565, 460)	high	dis	(565, 619)	N	same	hori	left	True	1053743	1054810	left	1	4	20
4	ltx	f	22	1	70	circle	red	(565, 460)	high	dis	(645, 652)	N	same	hori	left	True	1055909	1056801	left	1	4	21
4	ltx	f	22	1	70	circle	green	(565, 460)	high	no	no_dis	N	dif	hori	left	True	1057906	1058714	left	1	4	22
4	ltx	f	22	1	70	diamond	green	(724, 619)	low	no	no_dis	N	dif	hori	left	True	1059829	1061257	left	1	4	23
4	ltx	f	22	1	70	diamond	red	(565, 460)	high	dis	(565, 619)	N	same	vert	up	True	1062491	1063802	up	1	4	24
4	ltx	f	22	1	70	diamond	red	(565, 460)	high	no	no_dis	N	same	hori	left	True	1064875	1066114	left	1	4	25
4	ltx	f	22	1	70	circle	red	(757, 540)	low	dis	(645, 652)	N	dif	hori	left	True	1067252	1068130	left	1	4	26
4	ltx	f	22	1	70	diamond	red	(565, 460)	high	dis	(645, 428)	N	same	vert	up	True	1069207	1070098	up	1	4	27
4	ltx	f	22	1	70	diamond	green	(565, 460)	high	no	no_dis	N	same	vert	up	True	1071128	1072538	up	1	4	28
4	ltx	f	22	1	70	circle	green	(757, 540)	low	dis	(533, 540)	N	dif	hori	left	True	1073753	1074786	left	1	4	29
4	ltx	f	22	1	70	diamond	red	(565, 460)	high	no	no_dis	N	dif	vert	up	True	1075909	1077233	up	1	4	30
4	ltx	f	22	1	70	circle	green	(645, 652)	low	dis	(645, 428)	N	same	vert	up	True	1078358	1079474	up	1	4	31
4	ltx	f	22	1	70	circle	green	(565, 460)	high	no	no_dis	N	same	hori	left	True	1080519	1082066	left	1	4	32
4	ltx	f	22	1	70	diamond	red	(565, 460)	high	dis	(724, 460)	N	same	vert	up	True	1083111	1083962	up	1	4	33
4	ltx	f	22	1	70	diamond	green	(565, 619)	low	dis	(724, 619)	N	dif	vert	up	True	1085039	1086306	up	1	4	34
4	ltx	f	22	1	70	diamond	green	(565, 460)	high	dis	(645, 428)	N	dif	hori	left	True	1087335	1088162	left	1	4	35
4	ltx	f	22	1	70	diamond	green	(565, 460)	high	no	no_dis	N	same	hori	left	True	1089173	1090065	left	1	4	36
4	ltx	f	22	1	70	diamond	green	(565, 460)	high	dis	(565, 619)	N	same	hori	left	True	1091309	1092538	left	1	4	37
4	ltx	f	22	1	70	diamond	green	(565, 460)	high	no	no_dis	N	dif	hori	left	True	1093600	1094513	left	1	4	38
4	ltx	f	22	1	70	circle	red	(724, 460)	low	dis	(565, 460)	Y	same	hori	left	True	1095627	1096498	left	1	4	39
4	ltx	f	22	1	70	circle	green	(565, 460)	high	no	no_dis	N	same	vert	up	True	1097504	1098473	up	1	4	40
4	ltx	f	22	1	70	circle	red	(565, 460)	high	no	no_dis	N	same	vert	up	True	1099599	1100593	up	1	4	41
4	ltx	f	22	1	70	circle	green	(533, 540)	low	dis	(565, 619)	N	dif	hori	left	True	1101765	1102722	left	1	4	42
4	ltx	f	22	1	70	diamond	green	(565, 460)	high	dis	(724, 619)	N	same	hori	left	True	1103896	1104793	left	1	4	43
4	ltx	f	22	1	70	circle	green	(565, 460)	high	dis	(565, 619)	N	same	vert	up	True	1105977	1107114	up	1	4	44
4	ltx	f	22	1	70	diamond	green	(565, 460)	high	dis	(645, 428)	N	dif	vert	up	True	1108177	1109162	up	1	4	45
4	ltx	f	22	1	70	circle	green	(565, 460)	high	dis	(645, 652)	N	dif	vert	up	True	1110339	1111578	up	1	4	46
4	ltx	f	22	1	70	diamond	red	(565, 460)	high	dis	(724, 619)	N	same	vert	up	True	1112771	1113730	up	1	4	47
4	ltx	f	22	1	70	circle	green	(565, 460)	high	dis	(757, 540)	N	same	hori	left	True	1114943	1115778	left	1	4	48
4	ltx	f	22	1	70	circle	green	(565, 460)	high	dis	(645, 652)	N	same	hori	left	True	1116815	1117546	left	1	4	49
4	ltx	f	22	1	70	circle	red	(565, 460)	high	dis	(724, 460)	N	dif	hori	left	True	1118708	1119418	left	1	4	50
4	ltx	f	22	1	70	diamond	red	(565, 460)	high	no	no_dis	N	same	hori	left	True	1120658	1121673	left	1	4	51
4	ltx	f	22	1	70	diamond	red	(724, 460)	low	dis	(757, 540)	N	same	hori	left	True	1122725	1124274	left	1	4	52
4	ltx	f	22	1	70	diamond	red	(565, 460)	high	dis	(533, 540)	N	dif	vert	up	True	1125377	1126530	up	1	4	53
4	ltx	f	22	1	70	diamond	red	(565, 460)	high	dis	(757, 540)	N	same	vert	up	True	1127704	1129129	up	1	4	54
4	ltx	f	22	1	70	circle	green	(565, 460)	high	dis	(724, 460)	N	dif	hori	left	True	1130215	1131041	left	1	4	55
4	ltx	f	22	1	70	circle	green	(565, 460)	high	dis	(724, 619)	N	dif	hori	left	True	1132167	1132961	left	1	4	56
4	ltx	f	22	1	70	diamond	red	(565, 460)	high	dis	(645, 428)	N	dif	hori	left	True	1134010	1135105	left	1	4	57
4	ltx	f	22	1	70	diamond	red	(565, 460)	high	dis	(645, 652)	N	same	hori	left	True	1136244	1137353	left	1	4	58
4	ltx	f	22	1	70	circle	green	(645, 652)	low	no	no_dis	N	dif	hori	left	True	1138589	1140074	left	1	4	59
4	ltx	f	22	1	70	diamond	red	(565, 460)	high	no	no_dis	N	dif	hori	left	True	1141235	1142730	left	1	4	60
4	ltx	f	22	1	70	diamond	green	(724, 460)	low	dis	(565, 460)	Y	same	hori	left	True	1143901	1145225	left	1	4	61
4	ltx	f	22	1	70	diamond	green	(565, 460)	high	no	no_dis	N	same	vert	up	True	1146289	1147282	up	1	4	62
4	ltx	f	22	1	70	circle	red	(565, 460)	high	no	no_dis	N	dif	vert	up	True	1148525	1149850	up	1	4	63
4	ltx	f	22	1	70	circle	green	(565, 460)	high	dis	(533, 540)	N	same	hori	left	True	1150891	1151713	left	1	4	64
4	ltx	f	22	1	70	circle	red	(565, 460)	high	dis	(757, 540)	N	dif	hori	left	True	1152783	1153714	left	1	4	65
4	ltx	f	22	1	70	diamond	green	(565, 460)	high	dis	(645, 428)	N	dif	hori	left	True	1154854	1156146	left	1	4	66
4	ltx	f	22	1	70	diamond	green	(645, 428)	low	dis	(565, 460)	Y	same	vert	up	True	1157276	1158834	up	1	4	67
4	ltx	f	22	1	70	circle	green	(565, 460)	high	dis	(533, 540)	N	same	vert	up	True	1159892	1161554	up	1	4	68
4	ltx	f	22	1	70	diamond	red	(565, 460)	high	dis	(645, 428)	N	dif	vert	up	True	1162705	1164265	up	1	4	69
4	ltx	f	22	1	70	circle	green	(533, 540)	low	no	no_dis	N	same	hori	left	True	1165358	1166394	left	1	4	70
4	ltx	f	22	1	70	circle	red	(565, 460)	high	dis	(724, 619)	N	dif	hori	left	True	1167482	1168529	left	1	4	71
4	ltx	f	22	1	70	circle	green	(565, 460)	high	no	no_dis	N	dif	hori	left	True	1169592	1170642	left	1	4	72
4	ltx	f	22	1	70	diamond	red	(645, 428)	low	no	no_dis	N	same	hori	left	True	1171681	1172690	left	1	4	73
4	ltx	f	22	1	70	circle	red	(724, 460)	low	no	no_dis	N	same	vert	up	True	1173809	1174849	up	1	4	74
4	ltx	f	22	1	70	circle	red	(565, 460)	high	dis	(533, 540)	N	same	vert	up	True	1175985	1176945	up	1	4	75
4	ltx	f	22	1	70	circle	green	(565, 460)	high	dis	(533, 540)	N	dif	hori	left	True	1178141	1179297	left	1	4	76
4	ltx	f	22	1	70	diamond	green	(565, 460)	high	dis	(533, 540)	N	dif	vert	up	True	1180534	1181986	up	1	4	77
4	ltx	f	22	1	70	circle	green	(645, 428)	low	dis	(724, 460)	N	same	vert	up	True	1183136	1184993	up	1	4	78
4	ltx	f	22	1	70	circle	green	(565, 460)	high	dis	(645, 652)	N	same	vert	up	True	1186124	1187082	up	1	4	79
4	ltx	f	22	1	70	diamond	red	(757, 540)	low	dis	(724, 619)	N	dif	vert	up	True	1188126	1189841	up	1	4	80
4	ltx	f	22	1	70	circle	green	(565, 460)	high	dis	(645, 428)	N	same	hori	left	True	1190956	1191873	left	1	4	81
4	ltx	f	22	1	70	circle	red	(724, 619)	low	no	no_dis	N	same	hori	left	True	1192926	1193969	left	1	4	82
4	ltx	f	22	1	70	circle	red	(565, 460)	high	dis	(565, 619)	N	dif	vert	up	True	1195074	1195929	up	1	4	83
4	ltx	f	22	1	70	diamond	red	(565, 460)	high	dis	(724, 619)	N	same	vert	up	True	1197093	1198049	up	1	4	84
4	ltx	f	22	1	70	circle	red	(645, 652)	low	dis	(565, 619)	N	dif	hori	left	True	1199205	1200218	left	1	4	85
4	ltx	f	22	1	70	diamond	green	(565, 460)	high	dis	(757, 540)	N	same	vert	up	True	1201299	1202226	up	1	4	86
4	ltx	f	22	1	70	diamond	red	(565, 460)	high	no	no_dis	N	same	vert	up	True	1203452	1204617	up	1	4	87
4	ltx	f	22	1	70	diamond	green	(565, 460)	high	dis	(724, 460)	N	dif	vert	up	True	1205798	1207145	up	1	4	88
4	ltx	f	22	1	70	circle	red	(565, 460)	high	no	no_dis	N	dif	vert	up	True	1208204	1209121	up	1	4	89
4	ltx	f	22	1	70	circle	red	(565, 460)	high	no	no_dis	N	same	hori	left	True	1210159	1210914	left	1	4	90
4	ltx	f	22	1	70	diamond	green	(757, 540)	low	dis	(645, 428)	N	same	hori	left	True	1212062	1213722	left	1	4	91
4	ltx	f	22	1	70	diamond	green	(565, 460)	high	dis	(724, 619)	N	dif	vert	up	True	1214896	1216433	up	1	4	92
4	ltx	f	22	1	70	circle	green	(645, 652)	low	no	no_dis	N	dif	vert	up	True	1217682	1218841	up	1	4	93
4	ltx	f	22	1	70	diamond	green	(565, 460)	high	dis	(757, 540)	N	dif	hori	left	True	1219856	1221281	left	1	4	94
4	ltx	f	22	1	70	diamond	green	(565, 460)	high	no	no_dis	N	dif	vert	up	True	1222400	1223274	up	1	4	95
4	ltx	f	22	1	70	diamond	red	(565, 460)	high	dis	(757, 540)	N	dif	hori	left	True	1224393	1226073	left	1	4	96
4	ltx	f	22	1	70	diamond	green	(533, 540)	low	dis	(757, 540)	N	same	vert	up	True	1227158	1229034	up	1	4	97
4	ltx	f	22	1	70	diamond	red	(533, 540)	low	no	no_dis	N	dif	hori	left	True	1230151	1231306	left	1	4	98
4	ltx	f	22	1	70	circle	red	(565, 460)	high	no	no_dis	N	same	vert	up	True	1232312	1233889	up	1	4	99
4	ltx	f	22	1	70	diamond	green	(565, 460)	high	no	no_dis	N	dif	vert	up	True	1234950	1236553	up	1	4	100
4	ltx	f	22	1	70	diamond	red	(724, 619)	low	dis	(565, 460)	Y	dif	vert	up	True	1237614	1239041	up	1	4	101
4	ltx	f	22	1	70	circle	red	(645, 428)	low	dis	(645, 652)	N	dif	vert	up	True	1240260	1241625	up	1	4	102
4	ltx	f	22	1	70	diamond	green	(565, 460)	high	dis	(565, 619)	N	dif	hori	left	True	1242639	1244577	left	1	4	103
4	ltx	f	22	1	70	circle	green	(565, 460)	high	no	no_dis	N	same	hori	left	True	1245599	1246746	left	1	4	104
4	ltx	f	22	1	70	circle	green	(565, 460)	high	dis	(645, 652)	N	dif	vert	up	True	1247964	1249081	up	1	4	105
4	ltx	f	22	1	70	diamond	red	(565, 619)	low	no	no_dis	N	same	vert	up	True	1250311	1251697	up	1	4	106
4	ltx	f	22	1	70	circle	red	(565, 460)	high	dis	(645, 652)	N	dif	hori	left	True	1252825	1253962	left	1	4	107
4	ltx	f	22	1	70	diamond	green	(565, 619)	low	no	no_dis	N	dif	vert	up	True	1255169	1256497	up	1	4	108
4	ltx	f	22	1	70	diamond	green	(757, 540)	low	no	no_dis	N	same	vert	up	True	1257641	1258697	up	1	4	109
4	ltx	f	22	1	70	circle	green	(565, 460)	high	dis	(565, 619)	N	dif	vert	up	True	1259897	1261561	up	1	4	110
4	ltx	f	22	1	70	circle	red	(565, 460)	high	dis	(724, 460)	N	dif	vert	up	True	1262584	1263490	up	1	4	111
4	ltx	f	22	1	70	circle	red	(565, 619)	low	dis	(565, 460)	Y	same	hori	left	True	1264575	1265681	left	1	4	112
4	ltx	f	22	1	70	circle	red	(565, 460)	high	no	no_dis	N	same	hori	left	True	1266748	1267953	left	1	4	113
4	ltx	f	22	1	70	circle	red	(565, 460)	high	dis	(724, 460)	N	same	hori	left	True	1269078	1269937	left	1	4	114
4	ltx	f	22	1	70	circle	red	(565, 460)	high	no	no_dis	N	dif	hori	left	True	1270995	1272017	left	1	4	115
4	ltx	f	22	1	70	diamond	red	(533, 540)	low	dis	(565, 460)	Y	dif	vert	up	True	1273160	1274417	up	1	4	116
4	ltx	f	22	1	70	circle	red	(565, 460)	high	dis	(724, 619)	N	same	vert	up	True	1275662	1276978	up	1	4	117
4	ltx	f	22	1	70	diamond	red	(565, 460)	high	no	no_dis	N	dif	vert	up	True	1278120	1279313	up	1	4	118
4	ltx	f	22	1	70	circle	red	(724, 619)	low	dis	(565, 460)	Y	same	vert	up	True	1280441	1281665	up	1	4	119
4	ltx	f	22	1	70	circle	red	(565, 460)	high	dis	(724, 460)	N	same	hori	left	True	1282896	1283833	left	1	4	120
4	ltx	f	22	1	70	diamond	green	(565, 460)	high	dis	(565, 619)	N	same	hori	left	True	1319633	1321073	left	1	5	1
4	ltx	f	22	1	70	diamond	red	(565, 460)	high	dis	(645, 428)	N	same	hori	left	True	1322265	1323313	left	1	5	2
4	ltx	f	22	1	70	circle	red	(565, 619)	low	no	no_dis	N	same	vert	up	True	1324538	1325417	up	1	5	3
4	ltx	f	22	1	70	circle	green	(565, 460)	high	dis	(757, 540)	N	same	vert	up	True	1326561	1327753	up	1	5	4
4	ltx	f	22	1	70	diamond	red	(533, 540)	low	dis	(645, 428)	N	same	hori	left	True	1328782	1330249	left	1	5	5
4	ltx	f	22	1	70	circle	green	(565, 460)	high	no	no_dis	N	same	vert	up	True	1331490	1332705	up	1	5	6
4	ltx	f	22	1	70	diamond	green	(724, 460)	low	dis	(565, 460)	Y	dif	hori	left	True	1333793	1335434	left	1	5	7
4	ltx	f	22	1	70	diamond	red	(645, 428)	low	no	no_dis	N	dif	hori	left	True	1336636	1337721	left	1	5	8
4	ltx	f	22	1	70	circle	red	(565, 460)	high	dis	(645, 428)	N	dif	hori	left	True	1338909	1339729	left	1	5	9
4	ltx	f	22	1	70	diamond	green	(565, 619)	low	dis	(724, 460)	N	same	vert	up	True	1340931	1342329	up	1	5	10
4	ltx	f	22	1	70	circle	green	(565, 460)	high	no	no_dis	N	same	vert	up	True	1343541	1344873	up	1	5	11
4	ltx	f	22	1	70	circle	red	(565, 460)	high	no	no_dis	N	same	hori	left	True	1345919	1347201	left	1	5	12
4	ltx	f	22	1	70	diamond	green	(565, 460)	high	dis	(645, 652)	N	same	hori	left	True	1348363	1349305	left	1	5	13
4	ltx	f	22	1	70	circle	green	(565, 619)	low	no	no_dis	N	dif	vert	up	True	1350327	1351553	up	1	5	14
4	ltx	f	22	1	70	circle	red	(565, 460)	high	no	no_dis	N	same	hori	left	True	1352615	1353417	left	1	5	15
4	ltx	f	22	1	70	diamond	red	(724, 619)	low	dis	(645, 428)	N	dif	hori	left	True	1354494	1355625	left	1	5	16
4	ltx	f	22	1	70	circle	green	(757, 540)	low	dis	(565, 460)	Y	same	hori	left	True	1356686	1357569	left	1	5	17
4	ltx	f	22	1	70	circle	green	(724, 619)	low	dis	(565, 460)	Y	dif	hori	left	True	1358575	1359393	left	1	5	18
4	ltx	f	22	1	70	circle	green	(565, 460)	high	dis	(724, 619)	N	same	vert	up	True	1360583	1362169	up	1	5	19
4	ltx	f	22	1	70	diamond	red	(565, 460)	high	dis	(724, 619)	N	same	vert	up	True	1363173	1364625	up	1	5	20
4	ltx	f	22	1	70	circle	green	(565, 460)	high	no	no_dis	N	dif	vert	up	True	1365700	1367649	up	1	5	21
4	ltx	f	22	1	70	diamond	green	(565, 460)	high	dis	(645, 652)	N	dif	vert	up	True	1368802	1369897	up	1	5	22
4	ltx	f	22	1	70	circle	green	(565, 460)	high	no	no_dis	N	same	hori	left	True	1370992	1371841	left	1	5	23
4	ltx	f	22	1	70	circle	green	(565, 460)	high	dis	(565, 619)	N	same	hori	left	True	1372920	1374201	left	1	5	24
4	ltx	f	22	1	70	circle	green	(565, 460)	high	dis	(533, 540)	N	dif	vert	up	True	1375320	1376329	up	1	5	25
4	ltx	f	22	1	70	circle	green	(565, 460)	high	dis	(565, 619)	N	dif	hori	left	True	1377381	1378369	left	1	5	26
4	ltx	f	22	1	70	diamond	red	(565, 460)	high	no	no_dis	N	same	vert	up	True	1379487	1380265	up	1	5	27
4	ltx	f	22	1	70	diamond	red	(565, 619)	low	dis	(645, 652)	N	same	vert	up	True	1381422	1382473	up	1	5	28
4	ltx	f	22	1	70	diamond	green	(565, 460)	high	dis	(565, 619)	N	dif	vert	up	True	1383588	1385441	up	1	5	29
4	ltx	f	22	1	70	circle	red	(565, 460)	high	dis	(565, 619)	N	same	vert	up	True	1386516	1387593	up	1	5	30
4	ltx	f	22	1	70	circle	red	(757, 540)	low	no	no_dis	N	dif	vert	up	True	1388764	1389961	up	1	5	31
4	ltx	f	22	1	70	circle	red	(565, 460)	high	dis	(757, 540)	N	same	hori	left	True	1391195	1392089	left	1	5	32
4	ltx	f	22	1	70	diamond	green	(565, 460)	high	dis	(757, 540)	N	same	vert	up	True	1393288	1394361	up	1	5	33
4	ltx	f	22	1	70	circle	red	(565, 460)	high	no	no_dis	N	dif	hori	left	True	1395565	1396553	left	1	5	34
4	ltx	f	22	1	70	diamond	red	(724, 460)	low	dis	(565, 619)	N	dif	hori	left	True	1397804	1398577	left	1	5	35
4	ltx	f	22	1	70	circle	red	(565, 460)	high	dis	(757, 540)	N	same	vert	up	True	1399766	1400777	up	1	5	36
4	ltx	f	22	1	70	diamond	green	(565, 460)	high	dis	(724, 619)	N	same	hori	left	True	1402014	1402865	left	1	5	37
4	ltx	f	22	1	70	circle	green	(565, 460)	high	dis	(645, 652)	N	same	vert	up	True	1404014	1404921	up	1	5	38
4	ltx	f	22	1	70	circle	red	(565, 460)	high	dis	(724, 460)	N	same	vert	up	True	1406149	1407137	up	1	5	39
4	ltx	f	22	1	70	circle	green	(565, 460)	high	no	no_dis	N	dif	hori	left	True	1408211	1409177	left	1	5	40
4	ltx	f	22	1	70	diamond	red	(533, 540)	low	no	no_dis	N	same	hori	left	True	1410235	1411697	left	1	5	41
4	ltx	f	22	1	70	circle	red	(565, 460)	high	dis	(757, 540)	N	same	hori	left	True	1412756	1413913	left	1	5	42
4	ltx	f	22	1	70	circle	red	(565, 460)	high	no	no_dis	N	same	hori	left	True	1415133	1416049	left	1	5	43
4	ltx	f	22	1	70	diamond	green	(565, 460)	high	dis	(724, 619)	N	same	hori	left	True	1417163	1417985	left	1	5	44
4	ltx	f	22	1	70	circle	red	(565, 460)	high	dis	(724, 619)	N	dif	vert	up	True	1419107	1420265	up	1	5	45
4	ltx	f	22	1	70	circle	red	(533, 540)	low	no	no_dis	N	same	hori	left	True	1421512	1422721	left	1	5	46
4	ltx	f	22	1	70	circle	green	(565, 460)	high	dis	(645, 652)	N	dif	hori	left	True	1423940	1424713	left	1	5	47
4	ltx	f	22	1	70	circle	green	(724, 460)	low	no	no_dis	N	dif	hori	left	True	1425788	1426713	left	1	5	48
4	ltx	f	22	1	70	diamond	green	(565, 460)	high	dis	(724, 460)	N	dif	hori	left	True	1427896	1429177	left	1	5	49
4	ltx	f	22	1	70	diamond	green	(565, 460)	high	dis	(645, 652)	N	dif	vert	up	True	1430280	1431849	up	1	5	50
4	ltx	f	22	1	70	circle	green	(533, 540)	low	dis	(757, 540)	N	same	hori	left	True	1433009	1434105	left	1	5	51
4	ltx	f	22	1	70	diamond	red	(565, 460)	high	no	no_dis	N	same	vert	up	True	1435162	1436145	up	1	5	52
4	ltx	f	22	1	70	diamond	green	(565, 460)	high	dis	(533, 540)	N	same	vert	up	True	1437318	1438521	up	1	5	53
4	ltx	f	22	1	70	diamond	green	(565, 460)	high	dis	(645, 428)	N	same	vert	up	True	1439534	1440681	up	1	5	54
4	ltx	f	22	1	70	diamond	red	(565, 460)	high	dis	(757, 540)	N	same	hori	left	True	1441694	1442649	left	1	5	55
4	ltx	f	22	1	70	diamond	red	(565, 460)	high	dis	(724, 460)	N	same	vert	up	True	1443745	1444641	up	1	5	56
4	ltx	f	22	1	70	diamond	green	(724, 619)	low	no	no_dis	N	same	vert	up	True	1445781	1447169	up	1	5	57
4	ltx	f	22	1	70	circle	red	(565, 460)	high	dis	(565, 619)	N	dif	vert	up	True	1448370	1449705	up	1	5	58
4	ltx	f	22	1	70	circle	green	(565, 460)	high	dis	(724, 619)	N	dif	vert	up	True	1450893	1451785	up	1	5	59
4	ltx	f	22	1	70	circle	red	(757, 540)	low	dis	(565, 460)	Y	dif	vert	up	True	1452810	1454345	up	1	5	60
4	ltx	f	22	1	70	diamond	red	(565, 460)	high	no	no_dis	N	dif	vert	up	True	1455411	1456433	up	1	5	61
4	ltx	f	22	1	70	diamond	green	(533, 540)	low	dis	(724, 460)	N	dif	hori	left	True	1457575	1458800	left	1	5	62
4	ltx	f	22	1	70	circle	green	(565, 460)	high	dis	(533, 540)	N	same	vert	up	True	1459913	1461081	up	1	5	63
4	ltx	f	22	1	70	diamond	green	(565, 460)	high	no	no_dis	N	dif	vert	up	True	1462330	1463249	up	1	5	64
4	ltx	f	22	1	70	circle	red	(565, 619)	low	dis	(645, 652)	N	same	hori	left	True	1464377	1465849	left	1	5	65
4	ltx	f	22	1	70	circle	green	(645, 652)	low	dis	(533, 540)	N	same	hori	left	True	1467024	1468097	left	1	5	66
4	ltx	f	22	1	70	diamond	green	(757, 540)	low	dis	(724, 619)	N	dif	vert	up	True	1469143	1470473	up	1	5	67
4	ltx	f	22	1	70	diamond	red	(565, 460)	high	dis	(724, 619)	N	dif	vert	up	True	1471554	1472505	up	1	5	68
4	ltx	f	22	1	70	diamond	red	(565, 460)	high	dis	(533, 540)	N	same	hori	left	True	1473638	1474505	left	1	5	69
4	ltx	f	22	1	70	circle	green	(757, 540)	low	no	no_dis	N	same	vert	up	True	1475703	1476521	up	1	5	70
4	ltx	f	22	1	70	diamond	red	(565, 460)	high	dis	(533, 540)	N	same	vert	up	True	1477685	1478537	up	1	5	71
4	ltx	f	22	1	70	diamond	green	(645, 652)	low	dis	(565, 619)	N	same	vert	up	True	1479650	1480721	up	1	5	72
4	ltx	f	22	1	70	diamond	red	(565, 460)	high	no	no_dis	N	same	hori	left	True	1481957	1482809	left	1	5	73
4	ltx	f	22	1	70	circle	red	(565, 460)	high	dis	(645, 428)	N	dif	vert	up	True	1483993	1485009	left	0	5	74
4	ltx	f	22	1	70	diamond	red	(565, 460)	high	dis	(724, 460)	N	dif	vert	up	True	1487733	1488912	up	1	5	75
4	ltx	f	22	1	70	diamond	green	(565, 460)	high	dis	(645, 428)	N	dif	hori	left	True	1490154	1491088	left	1	5	76
4	ltx	f	22	1	70	diamond	red	(565, 460)	high	dis	(724, 460)	N	dif	hori	left	True	1492215	1493168	left	1	5	77
4	ltx	f	22	1	70	circle	green	(724, 460)	low	dis	(565, 460)	Y	same	vert	up	True	1494263	1495953	up	1	5	78
4	ltx	f	22	1	70	diamond	green	(565, 460)	high	no	no_dis	N	dif	vert	up	True	1497067	1497993	up	1	5	79
4	ltx	f	22	1	70	diamond	red	(645, 428)	low	dis	(565, 460)	Y	same	hori	left	True	1499067	1500473	left	1	5	80
4	ltx	f	22	1	70	diamond	green	(645, 652)	low	no	no_dis	N	dif	vert	up	True	1501725	1503273	left	0	5	81
4	ltx	f	22	1	70	diamond	red	(645, 652)	low	no	no_dis	N	dif	hori	left	True	1505813	1507162	up	0	5	82
4	ltx	f	22	1	70	circle	green	(565, 460)	high	dis	(533, 540)	N	dif	vert	up	True	1509807	1511448	up	1	5	83
4	ltx	f	22	1	70	diamond	red	(565, 460)	high	no	no_dis	N	dif	hori	left	True	1512614	1513712	left	1	5	84
4	ltx	f	22	1	70	circle	red	(645, 652)	low	dis	(565, 460)	Y	dif	hori	left	True	1514934	1516369	left	1	5	85
4	ltx	f	22	1	70	circle	green	(565, 460)	high	no	no_dis	N	dif	hori	left	True	1517522	1518657	left	1	5	86
4	ltx	f	22	1	70	circle	red	(565, 460)	high	no	no_dis	N	dif	vert	up	True	1519887	1521449	up	1	5	87
4	ltx	f	22	1	70	circle	red	(565, 460)	high	no	no_dis	N	dif	hori	left	True	1522508	1523369	left	1	5	88
4	ltx	f	22	1	70	circle	green	(565, 460)	high	dis	(645, 652)	N	dif	vert	up	True	1524411	1525528	up	1	5	89
4	ltx	f	22	1	70	circle	red	(645, 428)	low	dis	(533, 540)	N	dif	vert	up	True	1526553	1528472	up	1	5	90
4	ltx	f	22	1	70	diamond	green	(565, 460)	high	dis	(724, 460)	N	same	hori	left	True	1529710	1530777	left	1	5	91
4	ltx	f	22	1	70	diamond	red	(565, 460)	high	dis	(645, 428)	N	dif	hori	left	True	1531801	1532744	left	1	5	92
4	ltx	f	22	1	70	circle	red	(724, 619)	low	dis	(565, 460)	Y	dif	vert	up	True	1533938	1536289	up	1	5	93
4	ltx	f	22	1	70	diamond	red	(565, 460)	high	dis	(757, 540)	N	dif	vert	up	True	1537509	1538689	up	1	5	94
4	ltx	f	22	1	70	diamond	green	(565, 460)	high	no	no_dis	N	dif	vert	up	True	1539824	1541201	up	1	5	95
4	ltx	f	22	1	70	diamond	red	(565, 460)	high	dis	(645, 652)	N	dif	hori	left	True	1542410	1543905	left	1	5	96
4	ltx	f	22	1	70	circle	red	(565, 460)	high	dis	(565, 619)	N	dif	hori	left	True	1545140	1546232	left	1	5	97
4	ltx	f	22	1	70	diamond	red	(565, 460)	high	no	no_dis	N	same	vert	up	True	1547475	1548688	up	1	5	98
4	ltx	f	22	1	70	diamond	red	(757, 540)	low	dis	(724, 619)	N	same	vert	up	True	1549890	1551400	up	1	5	99
4	ltx	f	22	1	70	diamond	green	(724, 460)	low	no	no_dis	N	same	hori	left	True	1552539	1554000	left	1	5	100
4	ltx	f	22	1	70	diamond	red	(565, 460)	high	dis	(724, 460)	N	same	hori	left	True	1555041	1556177	left	1	5	101
4	ltx	f	22	1	70	circle	red	(565, 460)	high	dis	(757, 540)	N	dif	vert	up	True	1557276	1558193	up	1	5	102
4	ltx	f	22	1	70	diamond	green	(565, 460)	high	no	no_dis	N	same	vert	up	True	1559244	1560376	up	1	5	103
4	ltx	f	22	1	70	circle	red	(565, 460)	high	dis	(724, 460)	N	same	hori	left	True	1561411	1562225	left	1	5	104
4	ltx	f	22	1	70	circle	green	(565, 460)	high	no	no_dis	N	same	hori	left	True	1563280	1564089	left	1	5	105
4	ltx	f	22	1	70	diamond	green	(565, 460)	high	no	no_dis	N	dif	hori	left	True	1565098	1565993	left	1	5	106
4	ltx	f	22	1	70	diamond	red	(565, 460)	high	dis	(724, 619)	N	dif	hori	left	True	1567065	1568145	left	1	5	107
4	ltx	f	22	1	70	circle	green	(565, 460)	high	dis	(645, 428)	N	same	hori	left	True	1569224	1570569	left	1	5	108
4	ltx	f	22	1	70	circle	red	(565, 460)	high	dis	(645, 652)	N	dif	hori	left	True	1571745	1572489	left	1	5	109
4	ltx	f	22	1	70	circle	green	(645, 428)	low	dis	(565, 460)	Y	dif	vert	up	True	1573678	1574913	up	1	5	110
4	ltx	f	22	1	70	circle	red	(565, 460)	high	no	no_dis	N	dif	vert	up	True	1576011	1577616	up	1	5	111
4	ltx	f	22	1	70	circle	green	(565, 460)	high	dis	(645, 428)	N	dif	hori	left	True	1578654	1579473	left	1	5	112
4	ltx	f	22	1	70	circle	green	(565, 460)	high	dis	(565, 619)	N	same	vert	up	True	1580679	1581632	up	1	5	113
4	ltx	f	22	1	70	diamond	green	(645, 428)	low	dis	(757, 540)	N	dif	vert	up	True	1582849	1584241	up	1	5	114
4	ltx	f	22	1	70	diamond	green	(565, 460)	high	no	no_dis	N	same	hori	left	True	1585417	1586465	left	1	5	115
4	ltx	f	22	1	70	circle	red	(724, 460)	low	dis	(565, 460)	Y	same	vert	up	True	1587565	1588616	up	1	5	116
4	ltx	f	22	1	70	diamond	green	(565, 460)	high	no	no_dis	N	same	vert	up	True	1589635	1590592	up	1	5	117
4	ltx	f	22	1	70	circle	red	(565, 460)	high	dis	(533, 540)	N	dif	hori	left	True	1591715	1592760	left	1	5	118
4	ltx	f	22	1	70	diamond	green	(565, 460)	high	dis	(533, 540)	N	dif	hori	left	True	1593787	1594777	left	1	5	119
4	ltx	f	22	1	70	diamond	red	(565, 460)	high	no	no_dis	N	dif	hori	left	True	1595921	1597241	left	1	5	120
4	ltx	f	22	1	70	circle	red	(565, 460)	high	no	no_dis	N	same	vert	up	True	1638137	1639384	up	1	6	1
4	ltx	f	22	1	70	circle	red	(645, 428)	low	dis	(565, 619)	N	dif	vert	up	True	1640535	1642192	up	1	6	2
4	ltx	f	22	1	70	diamond	green	(645, 652)	low	dis	(565, 460)	Y	same	vert	up	True	1643307	1644816	up	1	6	3
4	ltx	f	22	1	70	diamond	red	(565, 460)	high	dis	(645, 652)	N	same	vert	up	True	1646010	1647008	up	1	6	4
4	ltx	f	22	1	70	circle	red	(565, 460)	high	no	no_dis	N	same	vert	up	True	1648050	1648944	up	1	6	5
4	ltx	f	22	1	70	diamond	green	(565, 460)	high	no	no_dis	N	same	hori	left	True	1649953	1651000	left	1	6	6
4	ltx	f	22	1	70	diamond	green	(565, 460)	high	dis	(645, 428)	N	same	hori	left	True	1652243	1653264	left	1	6	7
4	ltx	f	22	1	70	circle	red	(645, 652)	low	dis	(533, 540)	N	dif	hori	left	True	1654516	1655593	left	1	6	8
4	ltx	f	22	1	70	circle	green	(724, 619)	low	dis	(565, 460)	Y	same	vert	up	True	1656845	1657680	up	1	6	9
4	ltx	f	22	1	70	diamond	red	(565, 460)	high	dis	(565, 619)	N	same	vert	up	True	1658788	1659809	up	1	6	10
4	ltx	f	22	1	70	circle	green	(565, 460)	high	dis	(724, 619)	N	same	hori	left	True	1661061	1662080	left	1	6	11
4	ltx	f	22	1	70	circle	red	(724, 460)	low	dis	(565, 460)	Y	same	hori	left	True	1663131	1663968	left	1	6	12
4	ltx	f	22	1	70	diamond	green	(533, 540)	low	no	no_dis	N	dif	vert	up	True	1665179	1665977	left	0	6	13
4	ltx	f	22	1	70	circle	green	(724, 460)	low	dis	(757, 540)	N	same	vert	up	True	1668675	1669625	up	1	6	14
4	ltx	f	22	1	70	circle	green	(565, 460)	high	no	no_dis	N	same	hori	left	True	1670740	1671768	left	1	6	15
4	ltx	f	22	1	70	circle	red	(565, 460)	high	dis	(757, 540)	N	same	hori	left	True	1672885	1674329	left	1	6	16
4	ltx	f	22	1	70	diamond	green	(565, 460)	high	no	no_dis	N	dif	hori	left	True	1675361	1676264	left	1	6	17
4	ltx	f	22	1	70	diamond	red	(533, 540)	low	dis	(757, 540)	N	same	vert	up	True	1677373	1678432	up	1	6	18
4	ltx	f	22	1	70	diamond	red	(565, 619)	low	no	no_dis	N	dif	vert	up	True	1679628	1680800	up	1	6	19
4	ltx	f	22	1	70	circle	green	(565, 460)	high	dis	(757, 540)	N	same	hori	left	True	1681954	1682969	left	1	6	20
4	ltx	f	22	1	70	circle	red	(565, 460)	high	dis	(645, 428)	N	dif	hori	left	True	1684208	1685033	left	1	6	21
4	ltx	f	22	1	70	diamond	red	(565, 460)	high	no	no_dis	N	dif	vert	up	True	1686072	1687137	up	1	6	22
4	ltx	f	22	1	70	diamond	red	(565, 460)	high	no	no_dis	N	same	vert	up	True	1688359	1689288	up	1	6	23
4	ltx	f	22	1	70	circle	green	(757, 540)	low	dis	(565, 460)	Y	same	hori	left	True	1690498	1691721	left	1	6	24
4	ltx	f	22	1	70	diamond	red	(565, 460)	high	dis	(533, 540)	N	dif	vert	up	True	1692735	1693688	up	1	6	25
4	ltx	f	22	1	70	diamond	red	(565, 460)	high	no	no_dis	N	same	vert	up	True	1694719	1695977	up	1	6	26
4	ltx	f	22	1	70	diamond	red	(565, 460)	high	dis	(724, 460)	N	dif	hori	left	True	1697196	1698008	left	1	6	27
4	ltx	f	22	1	70	diamond	red	(565, 460)	high	dis	(645, 652)	N	dif	vert	up	True	1699119	1700136	up	1	6	28
4	ltx	f	22	1	70	diamond	green	(565, 460)	high	dis	(645, 428)	N	same	hori	left	True	1701349	1702376	left	1	6	29
4	ltx	f	22	1	70	circle	green	(645, 428)	low	dis	(533, 540)	N	dif	vert	up	True	1703380	1704752	up	1	6	30
4	ltx	f	22	1	70	diamond	green	(565, 460)	high	dis	(533, 540)	N	same	vert	up	True	1705839	1707048	up	1	6	31
4	ltx	f	22	1	70	diamond	green	(565, 460)	high	dis	(565, 619)	N	same	hori	left	True	1708106	1709384	left	1	6	32
4	ltx	f	22	1	70	diamond	red	(565, 460)	high	no	no_dis	N	same	hori	left	True	1710426	1711152	left	1	6	33
4	ltx	f	22	1	70	diamond	green	(757, 540)	low	no	no_dis	N	same	vert	up	True	1712283	1714305	up	1	6	34
4	ltx	f	22	1	70	diamond	green	(757, 540)	low	dis	(724, 460)	N	dif	vert	up	True	1715512	1716512	up	1	6	35
4	ltx	f	22	1	70	diamond	green	(724, 460)	low	dis	(565, 619)	N	same	hori	left	True	1717533	1718745	left	1	6	36
4	ltx	f	22	1	70	diamond	green	(565, 460)	high	dis	(724, 619)	N	dif	vert	up	True	1719886	1721224	up	1	6	37
4	ltx	f	22	1	70	diamond	green	(565, 460)	high	dis	(565, 619)	N	same	vert	up	True	1722382	1723465	up	1	6	38
4	ltx	f	22	1	70	circle	red	(565, 460)	high	no	no_dis	N	dif	hori	left	True	1724537	1725624	left	1	6	39
4	ltx	f	22	1	70	circle	green	(565, 460)	high	no	no_dis	N	dif	vert	up	True	1726825	1727984	up	1	6	40
4	ltx	f	22	1	70	diamond	green	(565, 460)	high	dis	(724, 619)	N	dif	hori	left	True	1729206	1730512	left	1	6	41
4	ltx	f	22	1	70	circle	red	(645, 428)	low	no	no_dis	N	dif	hori	left	True	1731580	1732625	left	1	6	42
4	ltx	f	22	1	70	circle	green	(565, 460)	high	dis	(724, 460)	N	dif	hori	left	True	1733739	1734720	left	1	6	43
4	ltx	f	22	1	70	diamond	red	(757, 540)	low	dis	(645, 428)	N	dif	hori	left	True	1735743	1736865	left	1	6	44
4	ltx	f	22	1	70	circle	green	(565, 460)	high	dis	(645, 428)	N	same	vert	up	True	1737871	1739472	up	1	6	45
4	ltx	f	22	1	70	circle	red	(565, 619)	low	dis	(565, 460)	Y	dif	vert	up	True	1740708	1742048	up	1	6	46
4	ltx	f	22	1	70	circle	red	(565, 460)	high	dis	(724, 460)	N	dif	hori	left	True	1743135	1743929	left	1	6	47
4	ltx	f	22	1	70	circle	red	(565, 460)	high	dis	(533, 540)	N	dif	hori	left	True	1745118	1745969	left	1	6	48
4	ltx	f	22	1	70	diamond	red	(565, 460)	high	dis	(724, 460)	N	same	vert	up	True	1747181	1748136	up	1	6	49
4	ltx	f	22	1	70	circle	green	(565, 460)	high	dis	(724, 619)	N	dif	vert	up	True	1749281	1750216	up	1	6	50
4	ltx	f	22	1	70	circle	red	(724, 619)	low	dis	(565, 460)	Y	same	hori	left	True	1751272	1752209	left	1	6	51
4	ltx	f	22	1	70	diamond	red	(645, 428)	low	dis	(724, 619)	N	same	vert	up	True	1753456	1754897	up	1	6	52
4	ltx	f	22	1	70	diamond	red	(565, 460)	high	dis	(757, 540)	N	same	vert	up	True	1755946	1757169	up	1	6	53
4	ltx	f	22	1	70	circle	red	(645, 428)	low	no	no_dis	N	same	hori	left	True	1758357	1759472	left	1	6	54
4	ltx	f	22	1	70	diamond	green	(757, 540)	low	no	no_dis	N	dif	vert	up	True	1760493	1761840	up	1	6	55
4	ltx	f	22	1	70	circle	red	(565, 460)	high	dis	(645, 652)	N	dif	vert	up	True	1762938	1764025	up	1	6	56
4	ltx	f	22	1	70	diamond	red	(565, 460)	high	dis	(645, 652)	N	dif	vert	up	True	1765214	1766281	up	1	6	57
4	ltx	f	22	1	70	circle	red	(565, 460)	high	dis	(533, 540)	N	dif	vert	up	True	1767519	1768624	up	1	6	58
4	ltx	f	22	1	70	diamond	green	(565, 460)	high	dis	(565, 619)	N	dif	vert	up	True	1769814	1771864	up	1	6	59
4	ltx	f	22	1	70	circle	green	(565, 460)	high	dis	(724, 460)	N	same	vert	up	True	1773042	1773968	up	1	6	60
4	ltx	f	22	1	70	circle	green	(565, 460)	high	no	no_dis	N	dif	hori	left	True	1775195	1776224	left	1	6	61
4	ltx	f	22	1	70	diamond	green	(565, 460)	high	no	no_dis	N	same	vert	up	True	1777321	1778576	up	1	6	62
4	ltx	f	22	1	70	diamond	green	(565, 460)	high	no	no_dis	N	dif	hori	left	True	1779630	1780713	left	1	6	63
4	ltx	f	22	1	70	diamond	red	(565, 460)	high	no	no_dis	N	dif	vert	up	True	1781920	1782776	up	1	6	64
4	ltx	f	22	1	70	diamond	green	(565, 460)	high	no	no_dis	N	dif	vert	up	True	1783976	1784880	up	1	6	65
4	ltx	f	22	1	70	diamond	red	(565, 460)	high	dis	(724, 460)	N	dif	vert	up	True	1786016	1787200	up	1	6	66
4	ltx	f	22	1	70	circle	red	(565, 460)	high	dis	(565, 619)	N	same	vert	up	True	1788216	1789616	up	1	6	67
4	ltx	f	22	1	70	circle	green	(565, 460)	high	dis	(724, 460)	N	dif	hori	left	True	1790861	1791800	left	1	6	68
4	ltx	f	22	1	70	circle	red	(565, 460)	high	no	no_dis	N	dif	vert	up	True	1792860	1794296	up	1	6	69
4	ltx	f	22	1	70	diamond	red	(565, 460)	high	dis	(757, 540)	N	dif	vert	up	True	1795476	1796600	up	1	6	70
4	ltx	f	22	1	70	circle	red	(757, 540)	low	dis	(724, 460)	N	same	hori	left	True	1797735	1798888	left	1	6	71
4	ltx	f	22	1	70	circle	green	(565, 460)	high	dis	(645, 652)	N	same	hori	left	True	1800017	1801257	left	1	6	72
4	ltx	f	22	1	70	circle	red	(565, 460)	high	no	no_dis	N	same	hori	left	True	1802409	1803241	left	1	6	73
4	ltx	f	22	1	70	circle	red	(565, 460)	high	dis	(533, 540)	N	same	hori	left	True	1804421	1805416	left	1	6	74
4	ltx	f	22	1	70	diamond	green	(645, 428)	low	dis	(565, 460)	Y	dif	hori	left	True	1806510	1807928	left	1	6	75
4	ltx	f	22	1	70	circle	green	(565, 460)	high	dis	(724, 619)	N	dif	hori	left	True	1809007	1810249	left	1	6	76
4	ltx	f	22	1	70	circle	red	(565, 460)	high	no	no_dis	N	dif	hori	left	True	1811305	1812160	left	1	6	77
4	ltx	f	22	1	70	circle	green	(724, 619)	low	no	no_dis	N	same	hori	left	True	1813264	1814352	left	1	6	78
4	ltx	f	22	1	70	circle	red	(565, 460)	high	no	no_dis	N	dif	vert	up	True	1815567	1816368	up	1	6	79
4	ltx	f	22	1	70	diamond	red	(565, 460)	high	dis	(757, 540)	N	dif	vert	up	True	1817561	1818431	up	1	6	80
4	ltx	f	22	1	70	diamond	green	(565, 460)	high	dis	(533, 540)	N	dif	hori	left	True	1819547	1821392	up	0	6	81
4	ltx	f	22	1	70	circle	red	(565, 460)	high	dis	(645, 652)	N	same	vert	up	True	1824026	1825552	up	1	6	82
4	ltx	f	22	1	70	circle	green	(645, 652)	low	no	no_dis	N	dif	hori	left	True	1826609	1827856	left	1	6	83
4	ltx	f	22	1	70	diamond	green	(565, 460)	high	dis	(645, 652)	N	dif	vert	up	True	1828877	1830216	up	1	6	84
4	ltx	f	22	1	70	circle	green	(533, 540)	low	dis	(565, 460)	Y	dif	hori	left	True	1831453	1832776	left	1	6	85
4	ltx	f	22	1	70	diamond	red	(724, 619)	low	dis	(645, 652)	N	same	vert	up	True	1833909	1835536	up	1	6	86
4	ltx	f	22	1	70	diamond	green	(565, 460)	high	dis	(533, 540)	N	same	vert	up	True	1836767	1838072	up	1	6	87
4	ltx	f	22	1	70	diamond	green	(565, 460)	high	no	no_dis	N	dif	hori	left	True	1839179	1840176	left	1	6	88
4	ltx	f	22	1	70	circle	green	(565, 460)	high	dis	(724, 619)	N	dif	vert	up	True	1841363	1842328	up	1	6	89
4	ltx	f	22	1	70	circle	green	(565, 460)	high	dis	(645, 428)	N	dif	vert	up	True	1843417	1844576	up	1	6	90
4	ltx	f	22	1	70	diamond	green	(565, 460)	high	no	no_dis	N	dif	vert	up	True	1845586	1847024	up	1	6	91
4	ltx	f	22	1	70	diamond	red	(724, 460)	low	dis	(645, 652)	N	dif	vert	up	True	1848160	1849504	up	1	6	92
4	ltx	f	22	1	70	diamond	green	(533, 540)	low	dis	(565, 460)	Y	dif	hori	left	True	1850645	1852632	left	1	6	93
4	ltx	f	22	1	70	circle	green	(565, 460)	high	dis	(533, 540)	N	dif	hori	left	True	1853809	1854808	left	1	6	94
4	ltx	f	22	1	70	diamond	green	(565, 460)	high	dis	(724, 619)	N	same	hori	left	True	1855961	1856808	left	1	6	95
4	ltx	f	22	1	70	circle	red	(565, 460)	high	dis	(757, 540)	N	same	hori	left	True	1857976	1858816	left	1	6	96
4	ltx	f	22	1	70	diamond	red	(724, 460)	low	no	no_dis	N	dif	hori	left	True	1859831	1861376	left	1	6	97
4	ltx	f	22	1	70	circle	green	(565, 460)	high	dis	(645, 428)	N	dif	hori	left	True	1862503	1863656	left	1	6	98
4	ltx	f	22	1	70	circle	red	(565, 460)	high	dis	(645, 652)	N	same	hori	left	True	1864888	1865912	left	1	6	99
4	ltx	f	22	1	70	diamond	red	(724, 619)	low	no	no_dis	N	same	vert	up	True	1867035	1868320	up	1	6	100
4	ltx	f	22	1	70	circle	green	(565, 460)	high	no	no_dis	N	same	hori	left	True	1869549	1870688	left	1	6	101
4	ltx	f	22	1	70	diamond	green	(565, 460)	high	dis	(565, 619)	N	dif	hori	left	True	1871740	1873680	left	1	6	102
4	ltx	f	22	1	70	circle	red	(565, 460)	high	dis	(565, 619)	N	dif	hori	left	True	1874731	1875704	left	1	6	103
4	ltx	f	22	1	70	circle	red	(645, 652)	low	no	no_dis	N	same	vert	up	True	1876718	1878336	up	1	6	104
4	ltx	f	22	1	70	circle	green	(724, 460)	low	no	no_dis	N	same	hori	left	True	1879372	1880392	left	1	6	105
4	ltx	f	22	1	70	circle	green	(565, 460)	high	no	no_dis	N	dif	hori	left	True	1881432	1882280	left	1	6	106
4	ltx	f	22	1	70	diamond	green	(565, 460)	high	dis	(645, 428)	N	same	vert	up	True	1883380	1884448	up	1	6	107
4	ltx	f	22	1	70	circle	green	(645, 652)	low	dis	(565, 460)	Y	same	hori	left	True	1885651	1886976	left	1	6	108
4	ltx	f	22	1	70	diamond	red	(565, 619)	low	dis	(724, 619)	N	dif	vert	up	True	1888090	1889368	up	1	6	109
4	ltx	f	22	1	70	diamond	red	(565, 460)	high	no	no_dis	N	same	vert	up	True	1890484	1891296	up	1	6	110
4	ltx	f	22	1	70	circle	red	(565, 460)	high	dis	(645, 428)	N	same	hori	left	True	1892491	1893720	left	1	6	111
4	ltx	f	22	1	70	diamond	red	(565, 460)	high	no	no_dis	N	same	hori	left	True	1894744	1895751	left	1	6	112
4	ltx	f	22	1	70	circle	green	(565, 460)	high	dis	(724, 460)	N	same	hori	left	True	1896981	1897872	left	1	6	113
4	ltx	f	22	1	70	circle	green	(565, 460)	high	no	no_dis	N	same	hori	left	True	1899033	1899849	left	1	6	114
4	ltx	f	22	1	70	circle	red	(565, 460)	high	dis	(724, 619)	N	same	vert	up	True	1900864	1901944	up	1	6	115
4	ltx	f	22	1	70	circle	green	(565, 460)	high	no	no_dis	N	same	vert	up	True	1902996	1904000	up	1	6	116
4	ltx	f	22	1	70	diamond	green	(565, 619)	low	dis	(645, 428)	N	dif	hori	left	True	1905129	1906592	left	1	6	117
4	ltx	f	22	1	70	diamond	red	(565, 460)	high	dis	(757, 540)	N	same	hori	left	True	1907599	1909160	left	1	6	118
4	ltx	f	22	1	70	diamond	red	(565, 460)	high	dis	(757, 540)	N	same	vert	up	True	1910277	1911696	up	1	6	119
4	ltx	f	22	1	70	diamond	red	(565, 460)	high	dis	(565, 619)	N	dif	hori	left	True	1912740	1913911	left	1	6	120
conf	4	ltx	f	22	1	70	True	1961997	1984424	4	True	1984439	2000816	2
