subj	name	gender	age	prac	group	shape	color	tar_loc	popularity	dis_cond	dis_loc	dis_high	td_dif	line	respkey	gotkey	startTime	respTime	resp	correct	block	trialnum
5	ljq	f	21	1	70	circle	red	(645, 428)	low	dis	(757, 540)	N	dif	vert	up	True	8416	9921	up	1	1	1
5	ljq	f	21	1	70	diamond	green	(533, 540)	high	dis	(565, 619)	N	dif	hori	left	True	10930	12273	left	1	1	2
5	ljq	f	21	1	70	circle	red	(724, 460)	low	no	no_dis	N	same	vert	up	True	13376	15402	left	0	1	3
5	ljq	f	21	1	70	diamond	red	(533, 540)	high	no	no_dis	N	same	hori	left	True	18060	20065	left	1	1	4
5	ljq	f	21	1	70	circle	green	(533, 540)	high	dis	(724, 619)	N	same	vert	up	True	21161	23338	left	0	1	5
5	ljq	f	21	1	70	diamond	green	(533, 540)	high	no	no_dis	N	same	hori	left	True	25900	27353	up	0	1	6
5	ljq	f	21	1	70	circle	red	(533, 540)	high	dis	(645, 428)	N	dif	hori	left	True	30012	32426	left	1	1	7
5	ljq	f	21	1	70	diamond	green	(533, 540)	high	dis	(645, 652)	N	same	vert	up	True	33554	35506	up	1	1	8
5	ljq	f	21	1	70	diamond	green	(533, 540)	high	dis	(645, 652)	N	dif	hori	left	True	36636	39049	left	1	1	9
5	ljq	f	21	1	70	circle	green	(533, 540)	high	dis	(724, 460)	N	same	hori	left	True	40277	42562	left	1	1	10
5	ljq	f	21	1	70	circle	red	(533, 540)	high	dis	(724, 460)	N	dif	vert	up	True	43608	44737	up	1	1	11
5	ljq	f	21	1	70	circle	red	(533, 540)	high	dis	(645, 428)	N	same	hori	left	True	45851	47977	left	1	1	12
5	ljq	f	21	1	70	circle	red	(533, 540)	high	dis	(645, 652)	N	same	vert	up	True	49125	50458	up	1	1	13
5	ljq	f	21	1	70	diamond	green	(757, 540)	low	no	no_dis	N	same	vert	up	False	51516	None	None	0	1	14
5	ljq	f	21	1	70	diamond	green	(533, 540)	high	dis	(645, 652)	N	same	hori	left	True	57071	59322	up	0	1	15
5	ljq	f	21	1	70	circle	green	(533, 540)	high	no	no_dis	N	same	vert	up	True	61929	63978	up	1	1	16
5	ljq	f	21	1	70	diamond	red	(533, 540)	high	dis	(645, 428)	N	same	hori	left	True	65064	66249	left	1	1	17
5	ljq	f	21	1	70	diamond	green	(724, 460)	low	dis	(533, 540)	Y	same	vert	up	True	67471	69866	up	1	1	18
5	ljq	f	21	1	70	circle	green	(533, 540)	high	no	no_dis	N	dif	hori	left	True	70938	73434	left	1	1	19
5	ljq	f	21	1	70	diamond	red	(533, 540)	high	dis	(645, 428)	N	dif	hori	left	True	74578	76329	up	0	1	20
5	ljq	f	21	1	70	circle	red	(645, 652)	low	no	no_dis	N	dif	vert	up	True	78967	81505	left	0	1	21
5	ljq	f	21	1	70	circle	red	(533, 540)	high	dis	(645, 428)	N	dif	hori	left	True	84121	85785	left	1	1	22
5	ljq	f	21	1	70	diamond	green	(757, 540)	low	dis	(533, 540)	Y	same	vert	up	True	86881	89154	up	1	1	23
5	ljq	f	21	1	70	circle	red	(757, 540)	low	dis	(533, 540)	Y	dif	vert	up	True	90365	93209	left	0	1	24
5	ljq	f	21	1	70	circle	red	(533, 540)	high	no	no_dis	N	dif	vert	up	True	95805	97233	up	1	1	25
5	ljq	f	21	1	70	diamond	green	(565, 619)	low	dis	(533, 540)	Y	dif	hori	left	True	98284	100498	left	1	1	26
5	ljq	f	21	1	70	circle	red	(533, 540)	high	no	no_dis	N	dif	hori	left	True	101637	104273	up	0	1	27
5	ljq	f	21	1	70	circle	red	(724, 619)	low	dis	(533, 540)	Y	same	vert	up	True	106846	108489	up	1	1	28
5	ljq	f	21	1	70	diamond	red	(645, 428)	low	dis	(724, 460)	N	dif	hori	left	True	109606	112314	left	1	1	29
5	ljq	f	21	1	70	diamond	red	(533, 540)	high	dis	(565, 460)	N	same	hori	left	False	113508	None	None	0	1	30
5	ljq	f	21	1	70	diamond	red	(533, 540)	high	no	no_dis	N	dif	hori	left	True	119191	120993	left	1	1	31
5	ljq	f	21	1	70	circle	green	(533, 540)	high	dis	(565, 619)	N	same	hori	left	True	122054	123946	left	1	1	32
5	ljq	f	21	1	70	circle	green	(565, 619)	low	no	no_dis	N	dif	hori	left	True	124995	126794	up	0	1	33
5	ljq	f	21	1	70	circle	green	(533, 540)	high	dis	(565, 619)	N	same	vert	up	True	129557	130705	up	1	1	34
5	ljq	f	21	1	70	circle	green	(645, 652)	low	dis	(565, 460)	N	same	hori	left	True	131779	134090	left	1	1	35
5	ljq	f	21	1	70	diamond	green	(533, 540)	high	dis	(565, 460)	N	same	vert	up	True	135278	137881	left	0	1	36
5	ljq	f	21	1	70	circle	red	(533, 540)	high	dis	(645, 652)	N	same	hori	left	True	140637	143226	left	1	1	37
5	ljq	f	21	1	70	circle	red	(533, 540)	high	dis	(724, 619)	N	dif	vert	up	False	144228	None	None	0	1	38
5	ljq	f	21	1	70	diamond	green	(533, 540)	high	no	no_dis	N	same	vert	up	True	149896	151369	up	1	1	39
5	ljq	f	21	1	70	diamond	red	(533, 540)	high	dis	(757, 540)	N	dif	hori	left	True	152610	154226	left	1	1	40
5	ljq	f	21	1	70	circle	red	(645, 652)	low	dis	(533, 540)	Y	dif	hori	left	True	155273	157385	left	1	1	41
5	ljq	f	21	1	70	diamond	red	(533, 540)	high	dis	(757, 540)	N	same	hori	left	True	158501	160569	up	0	1	42
5	ljq	f	21	1	70	diamond	green	(533, 540)	high	dis	(565, 619)	N	same	vert	up	True	163255	165745	up	1	1	43
5	ljq	f	21	1	70	diamond	green	(645, 428)	low	dis	(724, 460)	N	dif	hori	left	False	166943	None	None	0	1	44
5	ljq	f	21	1	70	diamond	red	(724, 460)	low	dis	(645, 428)	N	dif	hori	left	True	172503	173881	up	0	1	45
5	ljq	f	21	1	70	diamond	green	(757, 540)	low	no	no_dis	N	same	hori	left	True	176444	178274	left	1	1	46
5	ljq	f	21	1	70	diamond	green	(565, 460)	low	dis	(565, 619)	N	dif	vert	up	True	179442	181137	up	1	1	47
5	ljq	f	21	1	70	diamond	green	(533, 540)	high	no	no_dis	N	same	hori	left	True	182319	183810	left	1	1	48
5	ljq	f	21	1	70	circle	green	(533, 540)	high	dis	(757, 540)	N	same	vert	up	True	184970	186778	up	1	1	49
5	ljq	f	21	1	70	circle	green	(565, 460)	low	dis	(645, 428)	N	dif	hori	left	True	187977	189889	left	1	1	50
5	ljq	f	21	1	70	circle	green	(533, 540)	high	no	no_dis	N	same	hori	left	True	191089	193386	left	1	1	51
5	ljq	f	21	1	70	diamond	red	(533, 540)	high	no	no_dis	N	dif	vert	up	True	194460	196553	up	1	1	52
5	ljq	f	21	1	70	diamond	red	(724, 460)	low	no	no_dis	N	same	hori	left	False	197598	None	None	0	1	53
5	ljq	f	21	1	70	circle	red	(533, 540)	high	no	no_dis	N	dif	vert	up	True	203211	204170	left	0	1	54
5	ljq	f	21	1	70	diamond	green	(645, 652)	low	dis	(533, 540)	Y	same	hori	left	True	206803	208441	left	1	1	55
5	ljq	f	21	1	70	diamond	red	(565, 460)	low	no	no_dis	N	dif	hori	left	True	209689	210753	left	1	1	56
5	ljq	f	21	1	70	diamond	red	(533, 540)	high	dis	(757, 540)	N	dif	hori	left	True	211960	213273	left	1	1	57
5	ljq	f	21	1	70	circle	green	(757, 540)	low	dis	(565, 619)	N	same	hori	left	True	214331	216018	left	1	1	58
5	ljq	f	21	1	70	diamond	green	(533, 540)	high	no	no_dis	N	dif	hori	left	True	217202	218666	left	1	1	59
5	ljq	f	21	1	70	diamond	red	(533, 540)	high	dis	(757, 540)	N	dif	vert	up	True	219864	222010	up	1	1	60
5	ljq	f	21	1	70	circle	green	(533, 540)	high	dis	(757, 540)	N	dif	hori	left	True	223084	225978	left	1	1	61
5	ljq	f	21	1	70	circle	green	(645, 428)	low	no	no_dis	N	dif	hori	left	True	227202	229578	left	1	1	62
5	ljq	f	21	1	70	circle	red	(533, 540)	high	dis	(565, 460)	N	same	vert	up	True	230728	232825	up	1	1	63
5	ljq	f	21	1	70	diamond	red	(724, 619)	low	no	no_dis	N	same	vert	up	True	233885	235826	up	1	1	64
5	ljq	f	21	1	70	diamond	red	(533, 540)	high	dis	(565, 619)	N	same	vert	up	True	236931	239234	up	1	1	65
5	ljq	f	21	1	70	diamond	red	(533, 540)	high	no	no_dis	N	same	hori	left	True	240412	242474	left	1	1	66
5	ljq	f	21	1	70	circle	red	(533, 540)	high	dis	(565, 619)	N	same	hori	left	True	243606	246137	up	0	1	67
5	ljq	f	21	1	70	diamond	green	(533, 540)	high	dis	(565, 460)	N	same	hori	left	True	248716	250929	left	1	1	68
5	ljq	f	21	1	70	diamond	red	(533, 540)	high	no	no_dis	N	dif	hori	left	True	251992	253458	left	1	1	69
5	ljq	f	21	1	70	circle	green	(533, 540)	high	dis	(724, 460)	N	same	hori	left	True	254664	256489	up	0	1	70
5	ljq	f	21	1	70	circle	red	(533, 540)	high	dis	(724, 460)	N	same	hori	left	True	259241	261474	left	1	1	71
5	ljq	f	21	1	70	circle	green	(533, 540)	high	dis	(645, 652)	N	dif	vert	up	True	262570	263906	up	1	1	72
5	ljq	f	21	1	70	diamond	red	(533, 540)	high	dis	(724, 460)	N	same	vert	up	True	265137	267362	left	0	1	73
5	ljq	f	21	1	70	circle	red	(565, 460)	low	no	no_dis	N	same	hori	left	True	270127	272489	up	0	1	74
5	ljq	f	21	1	70	diamond	green	(533, 540)	high	dis	(724, 619)	N	dif	vert	up	True	275078	276937	left	0	1	75
5	ljq	f	21	1	70	circle	red	(533, 540)	high	no	no_dis	N	dif	vert	up	True	279691	282353	up	1	1	76
5	ljq	f	21	1	70	diamond	green	(533, 540)	high	no	no_dis	N	dif	vert	up	True	283474	285282	up	1	1	77
5	ljq	f	21	1	70	circle	red	(533, 540)	high	no	no_dis	N	same	vert	up	True	286462	289161	up	1	1	78
5	ljq	f	21	1	70	circle	green	(533, 540)	high	dis	(645, 428)	N	dif	vert	up	True	290352	292537	up	1	1	79
5	ljq	f	21	1	70	circle	green	(533, 540)	high	dis	(724, 619)	N	same	hori	left	True	293676	295217	left	1	1	80
5	ljq	f	21	1	70	diamond	red	(724, 619)	low	dis	(565, 460)	N	same	hori	left	True	296353	297842	left	1	1	81
5	ljq	f	21	1	70	diamond	green	(533, 540)	high	no	no_dis	N	dif	vert	up	True	299084	300914	up	1	1	82
5	ljq	f	21	1	70	diamond	red	(533, 540)	high	dis	(724, 619)	N	same	vert	up	True	301948	303754	up	1	1	83
5	ljq	f	21	1	70	diamond	green	(533, 540)	high	dis	(565, 460)	N	dif	vert	up	True	304854	306569	up	1	1	84
5	ljq	f	21	1	70	circle	green	(645, 428)	low	dis	(533, 540)	Y	dif	vert	up	True	307680	309650	left	0	1	85
5	ljq	f	21	1	70	circle	green	(533, 540)	high	no	no_dis	N	dif	hori	left	True	312163	313785	left	1	1	86
5	ljq	f	21	1	70	circle	red	(533, 540)	high	no	no_dis	N	same	vert	up	True	314978	316737	up	1	1	87
5	ljq	f	21	1	70	diamond	red	(565, 460)	low	dis	(645, 652)	N	same	vert	up	True	317757	319985	left	0	1	88
5	ljq	f	21	1	70	diamond	green	(533, 540)	high	dis	(724, 619)	N	dif	vert	up	True	322576	325065	up	1	1	89
5	ljq	f	21	1	70	circle	red	(533, 540)	high	no	no_dis	N	same	vert	up	True	326273	328922	left	0	1	90
5	ljq	f	21	1	70	diamond	red	(757, 540)	low	dis	(724, 619)	N	same	hori	left	True	331486	334186	up	0	1	91
5	ljq	f	21	1	70	diamond	red	(533, 540)	high	dis	(645, 428)	N	dif	hori	left	True	336819	338505	left	1	1	92
5	ljq	f	21	1	70	diamond	red	(533, 540)	high	no	no_dis	N	same	vert	up	True	339708	341937	up	1	1	93
5	ljq	f	21	1	70	diamond	green	(533, 540)	high	dis	(724, 619)	N	dif	vert	up	True	343122	344858	up	1	1	94
5	ljq	f	21	1	70	circle	green	(724, 619)	low	dis	(533, 540)	Y	same	hori	left	True	345986	348017	up	0	1	95
5	ljq	f	21	1	70	diamond	red	(533, 540)	high	dis	(565, 460)	N	dif	vert	up	True	350717	352730	up	1	1	96
5	ljq	f	21	1	70	diamond	red	(533, 540)	high	dis	(565, 619)	N	dif	hori	left	True	353879	356482	up	0	1	97
5	ljq	f	21	1	70	circle	green	(533, 540)	high	dis	(645, 652)	N	dif	hori	left	True	359167	361409	up	0	1	98
5	ljq	f	21	1	70	diamond	red	(533, 540)	high	dis	(757, 540)	N	same	hori	left	True	364034	365769	left	1	1	99
5	ljq	f	21	1	70	circle	green	(533, 540)	high	no	no_dis	N	dif	vert	up	True	366978	368457	up	1	1	100
5	ljq	f	21	1	70	diamond	green	(533, 540)	high	dis	(757, 540)	N	dif	hori	left	True	369668	371521	left	1	1	101
5	ljq	f	21	1	70	circle	green	(533, 540)	high	no	no_dis	N	same	vert	up	True	372694	374634	up	1	1	102
5	ljq	f	21	1	70	circle	green	(533, 540)	high	dis	(724, 619)	N	dif	hori	left	True	375878	377553	left	1	1	103
5	ljq	f	21	1	70	circle	green	(533, 540)	high	dis	(645, 428)	N	same	vert	up	True	378675	380146	up	1	1	104
5	ljq	f	21	1	70	circle	green	(724, 460)	low	dis	(757, 540)	N	dif	vert	up	True	381385	383033	up	1	1	105
5	ljq	f	21	1	70	circle	red	(533, 540)	high	dis	(724, 460)	N	dif	vert	up	True	384191	385273	up	1	1	106
5	ljq	f	21	1	70	circle	red	(533, 540)	high	dis	(645, 652)	N	same	vert	up	True	386412	387442	up	1	1	107
5	ljq	f	21	1	70	diamond	green	(533, 540)	high	dis	(565, 460)	N	dif	vert	up	True	388512	390081	up	1	1	108
5	ljq	f	21	1	70	diamond	red	(533, 540)	high	no	no_dis	N	same	hori	left	True	391245	392426	left	1	1	109
5	ljq	f	21	1	70	diamond	green	(533, 540)	high	no	no_dis	N	same	hori	left	True	393508	394689	left	1	1	110
5	ljq	f	21	1	70	diamond	green	(533, 540)	high	dis	(724, 460)	N	same	vert	up	True	395934	397321	up	1	1	111
5	ljq	f	21	1	70	circle	green	(533, 540)	high	dis	(724, 460)	N	dif	vert	up	True	398521	400450	left	0	1	112
5	ljq	f	21	1	70	diamond	green	(724, 619)	low	no	no_dis	N	dif	vert	up	True	403053	405282	up	1	1	113
5	ljq	f	21	1	70	diamond	red	(565, 619)	low	dis	(724, 619)	N	same	vert	up	True	406462	408770	up	1	1	114
5	ljq	f	21	1	70	circle	green	(533, 540)	high	no	no_dis	N	dif	hori	left	True	409850	411985	left	1	1	115
5	ljq	f	21	1	70	circle	green	(645, 652)	low	no	no_dis	N	dif	vert	up	True	413059	415081	left	0	1	116
5	ljq	f	21	1	70	circle	red	(533, 540)	high	dis	(565, 460)	N	dif	hori	left	True	417831	419881	left	1	1	117
5	ljq	f	21	1	70	circle	red	(724, 460)	low	dis	(533, 540)	Y	same	vert	up	True	420975	423121	up	1	1	118
5	ljq	f	21	1	70	circle	red	(565, 619)	low	dis	(645, 652)	N	dif	vert	up	True	424157	426961	left	0	1	119
5	ljq	f	21	1	70	circle	red	(533, 540)	high	dis	(565, 619)	N	dif	vert	up	True	429609	431537	up	1	1	120
5	ljq	f	21	1	70	diamond	red	(533, 540)	high	no	no_dis	N	same	hori	left	True	477303	479258	up	0	2	1
5	ljq	f	21	1	70	circle	green	(757, 540)	low	dis	(724, 460)	N	same	hori	left	True	481831	483985	up	0	2	2
5	ljq	f	21	1	70	diamond	green	(533, 540)	high	no	no_dis	N	same	vert	up	True	486625	488457	up	1	2	3
5	ljq	f	21	1	70	diamond	green	(533, 540)	high	no	no_dis	N	same	hori	left	True	489523	491041	left	1	2	4
5	ljq	f	21	1	70	circle	green	(533, 540)	high	no	no_dis	N	same	hori	left	True	492251	494041	left	1	2	5
5	ljq	f	21	1	70	diamond	red	(533, 540)	high	dis	(724, 619)	N	same	hori	left	True	495132	496514	left	1	2	6
5	ljq	f	21	1	70	circle	red	(533, 540)	high	dis	(565, 460)	N	dif	vert	up	True	497704	499193	up	1	2	7
5	ljq	f	21	1	70	diamond	red	(533, 540)	high	no	no_dis	N	same	vert	up	True	500201	502305	left	0	2	8
5	ljq	f	21	1	70	circle	red	(565, 619)	low	dis	(533, 540)	Y	dif	vert	up	True	504843	506921	up	1	2	9
5	ljq	f	21	1	70	diamond	green	(724, 619)	low	no	no_dis	N	same	hori	left	True	508102	510282	left	1	2	10
5	ljq	f	21	1	70	diamond	green	(645, 428)	low	dis	(533, 540)	Y	same	vert	up	True	511375	514090	up	1	2	11
5	ljq	f	21	1	70	diamond	green	(533, 540)	high	no	no_dis	N	dif	hori	left	True	515092	517153	left	1	2	12
5	ljq	f	21	1	70	circle	red	(724, 619)	low	no	no_dis	N	dif	vert	up	True	518156	520442	up	1	2	13
5	ljq	f	21	1	70	diamond	green	(533, 540)	high	dis	(645, 652)	N	same	hori	left	True	521558	523409	left	1	2	14
5	ljq	f	21	1	70	circle	green	(645, 428)	low	dis	(533, 540)	Y	dif	vert	up	True	524590	526649	up	1	2	15
5	ljq	f	21	1	70	diamond	red	(533, 540)	high	dis	(724, 619)	N	dif	vert	up	True	527740	529337	up	1	2	16
5	ljq	f	21	1	70	diamond	green	(533, 540)	high	dis	(645, 428)	N	same	vert	up	True	530518	532538	up	1	2	17
5	ljq	f	21	1	70	diamond	red	(565, 460)	low	dis	(757, 540)	N	dif	vert	up	True	533674	535178	up	1	2	18
5	ljq	f	21	1	70	diamond	red	(533, 540)	high	dis	(757, 540)	N	same	vert	up	True	536339	537818	up	1	2	19
5	ljq	f	21	1	70	diamond	green	(533, 540)	high	no	no_dis	N	same	vert	up	True	538836	539761	up	1	2	20
5	ljq	f	21	1	70	circle	green	(533, 540)	high	dis	(645, 428)	N	dif	vert	up	True	540993	543226	left	0	2	21
5	ljq	f	21	1	70	circle	red	(533, 540)	high	dis	(565, 460)	N	dif	hori	left	True	545808	548482	up	0	2	22
5	ljq	f	21	1	70	circle	green	(565, 460)	low	dis	(533, 540)	Y	dif	hori	left	True	551180	553433	left	1	2	23
5	ljq	f	21	1	70	diamond	green	(533, 540)	high	dis	(724, 619)	N	same	vert	up	True	554465	556306	up	1	2	24
5	ljq	f	21	1	70	circle	red	(533, 540)	high	dis	(645, 428)	N	same	hori	left	True	557555	559234	left	1	2	25
5	ljq	f	21	1	70	diamond	green	(724, 460)	low	dis	(645, 428)	N	dif	vert	up	True	560299	561737	up	1	2	26
5	ljq	f	21	1	70	diamond	red	(757, 540)	low	dis	(565, 460)	N	same	vert	up	True	562876	564817	up	1	2	27
5	ljq	f	21	1	70	circle	green	(533, 540)	high	dis	(724, 460)	N	same	vert	up	True	565875	568729	up	1	2	28
5	ljq	f	21	1	70	circle	red	(533, 540)	high	dis	(724, 619)	N	dif	vert	up	True	569841	572025	left	0	2	29
5	ljq	f	21	1	70	diamond	red	(533, 540)	high	dis	(724, 460)	N	same	vert	up	True	574570	576314	up	1	2	30
5	ljq	f	21	1	70	circle	red	(533, 540)	high	dis	(724, 619)	N	same	vert	up	True	577445	579201	up	1	2	31
5	ljq	f	21	1	70	circle	green	(533, 540)	high	dis	(565, 619)	N	dif	hori	left	True	580280	581689	left	1	2	32
5	ljq	f	21	1	70	diamond	green	(533, 540)	high	dis	(724, 619)	N	dif	hori	left	True	582698	584514	left	1	2	33
5	ljq	f	21	1	70	diamond	green	(724, 460)	low	no	no_dis	N	dif	vert	up	True	585620	587010	up	1	2	34
5	ljq	f	21	1	70	diamond	red	(533, 540)	high	dis	(724, 460)	N	same	vert	up	True	588025	589618	up	1	2	35
5	ljq	f	21	1	70	diamond	green	(533, 540)	high	no	no_dis	N	same	hori	left	True	590846	591969	left	1	2	36
5	ljq	f	21	1	70	diamond	red	(533, 540)	high	dis	(645, 428)	N	dif	hori	left	True	593055	594450	left	1	2	37
5	ljq	f	21	1	70	circle	green	(533, 540)	high	no	no_dis	N	dif	vert	up	True	595648	596953	up	1	2	38
5	ljq	f	21	1	70	circle	green	(724, 619)	low	dis	(645, 428)	N	same	vert	up	True	597989	600377	left	0	2	39
5	ljq	f	21	1	70	circle	red	(533, 540)	high	dis	(565, 460)	N	dif	hori	left	True	603062	605153	left	1	2	40
5	ljq	f	21	1	70	diamond	green	(533, 540)	high	dis	(724, 619)	N	dif	vert	up	True	606354	607809	up	1	2	41
5	ljq	f	21	1	70	circle	green	(533, 540)	high	dis	(757, 540)	N	dif	vert	up	True	608828	611393	up	1	2	42
5	ljq	f	21	1	70	diamond	green	(533, 540)	high	dis	(565, 460)	N	dif	vert	up	True	612487	613818	left	0	2	43
5	ljq	f	21	1	70	circle	red	(533, 540)	high	no	no_dis	N	same	hori	left	True	616365	618258	left	1	2	44
5	ljq	f	21	1	70	diamond	red	(533, 540)	high	dis	(757, 540)	N	same	hori	left	True	619492	621417	left	1	2	45
5	ljq	f	21	1	70	diamond	red	(645, 428)	low	no	no_dis	N	same	vert	up	True	622449	623745	up	1	2	46
5	ljq	f	21	1	70	diamond	green	(645, 652)	low	dis	(533, 540)	Y	same	hori	left	True	624864	626401	left	1	2	47
5	ljq	f	21	1	70	diamond	green	(533, 540)	high	no	no_dis	N	dif	vert	up	True	627443	628577	left	0	2	48
5	ljq	f	21	1	70	circle	green	(533, 540)	high	dis	(724, 619)	N	dif	hori	left	True	631192	632465	left	1	2	49
5	ljq	f	21	1	70	diamond	red	(533, 540)	high	dis	(724, 460)	N	same	vert	up	True	633539	635993	left	0	2	50
5	ljq	f	21	1	70	diamond	red	(533, 540)	high	no	no_dis	N	dif	hori	left	True	638605	641314	left	1	2	51
5	ljq	f	21	1	70	diamond	green	(533, 540)	high	dis	(645, 652)	N	same	vert	up	True	642535	643626	up	1	2	52
5	ljq	f	21	1	70	diamond	red	(565, 619)	low	no	no_dis	N	same	hori	left	True	644824	647377	left	1	2	53
5	ljq	f	21	1	70	circle	red	(533, 540)	high	dis	(645, 428)	N	same	vert	up	True	648396	649466	up	1	2	54
5	ljq	f	21	1	70	circle	green	(645, 652)	low	no	no_dis	N	dif	hori	left	True	650577	651465	left	1	2	55
5	ljq	f	21	1	70	diamond	red	(533, 540)	high	no	no_dis	N	dif	vert	up	True	652545	653497	up	1	2	56
5	ljq	f	21	1	70	circle	red	(724, 460)	low	dis	(565, 460)	N	same	vert	up	True	654596	656369	up	1	2	57
5	ljq	f	21	1	70	circle	green	(565, 460)	low	no	no_dis	N	same	hori	left	True	657568	658457	left	1	2	58
5	ljq	f	21	1	70	circle	green	(565, 619)	low	no	no_dis	N	same	vert	up	True	659587	661097	up	1	2	59
5	ljq	f	21	1	70	circle	red	(645, 652)	low	no	no_dis	N	same	vert	up	True	662247	664034	up	1	2	60
5	ljq	f	21	1	70	circle	red	(533, 540)	high	no	no_dis	N	dif	hori	left	True	665254	666233	left	1	2	61
5	ljq	f	21	1	70	diamond	red	(533, 540)	high	dis	(724, 460)	N	same	hori	left	True	667269	668706	left	1	2	62
5	ljq	f	21	1	70	diamond	red	(533, 540)	high	dis	(757, 540)	N	same	hori	left	True	669932	671690	left	1	2	63
5	ljq	f	21	1	70	circle	green	(533, 540)	high	dis	(757, 540)	N	dif	hori	left	True	672711	674385	up	0	2	64
5	ljq	f	21	1	70	circle	green	(533, 540)	high	no	no_dis	N	same	hori	left	True	676906	678154	left	1	2	65
5	ljq	f	21	1	70	diamond	red	(724, 460)	low	dis	(565, 619)	N	same	vert	up	True	679385	680969	up	1	2	66
5	ljq	f	21	1	70	circle	green	(533, 540)	high	dis	(724, 460)	N	same	vert	up	True	682051	683689	up	1	2	67
5	ljq	f	21	1	70	circle	red	(645, 652)	low	dis	(565, 619)	N	same	hori	left	True	684716	686825	left	1	2	68
5	ljq	f	21	1	70	circle	red	(533, 540)	high	no	no_dis	N	dif	vert	up	True	687867	688809	up	1	2	69
5	ljq	f	21	1	70	diamond	green	(533, 540)	high	dis	(645, 428)	N	dif	hori	left	True	689830	691530	left	1	2	70
5	ljq	f	21	1	70	diamond	red	(533, 540)	high	dis	(757, 540)	N	dif	vert	up	True	692737	694113	left	0	2	71
5	ljq	f	21	1	70	circle	green	(533, 540)	high	dis	(565, 619)	N	same	hori	left	True	696816	699169	left	1	2	72
5	ljq	f	21	1	70	circle	red	(533, 540)	high	dis	(724, 460)	N	dif	hori	left	True	700197	702066	left	1	2	73
5	ljq	f	21	1	70	diamond	green	(533, 540)	high	dis	(645, 652)	N	dif	hori	left	True	703228	704641	left	1	2	74
5	ljq	f	21	1	70	diamond	red	(533, 540)	high	no	no_dis	N	dif	vert	up	True	705885	707201	up	1	2	75
5	ljq	f	21	1	70	circle	red	(533, 540)	high	dis	(757, 540)	N	same	hori	left	True	708258	711257	left	1	2	76
5	ljq	f	21	1	70	circle	red	(533, 540)	high	no	no_dis	N	dif	vert	up	True	712330	714209	up	1	2	77
5	ljq	f	21	1	70	circle	green	(533, 540)	high	dis	(565, 460)	N	same	hori	left	True	715222	716529	left	1	2	78
5	ljq	f	21	1	70	diamond	green	(565, 460)	low	dis	(533, 540)	Y	dif	hori	left	True	717741	718897	up	0	2	79
5	ljq	f	21	1	70	diamond	green	(757, 540)	low	dis	(533, 540)	Y	dif	hori	left	True	721479	723193	left	1	2	80
5	ljq	f	21	1	70	diamond	red	(724, 619)	low	dis	(757, 540)	N	same	hori	left	True	724234	726505	up	0	2	81
5	ljq	f	21	1	70	diamond	red	(565, 619)	low	dis	(645, 652)	N	same	hori	left	True	729198	732113	left	1	2	82
5	ljq	f	21	1	70	circle	green	(724, 460)	low	dis	(533, 540)	Y	dif	hori	left	True	733138	735665	left	1	2	83
5	ljq	f	21	1	70	circle	red	(724, 619)	low	dis	(533, 540)	Y	dif	hori	left	True	736862	738265	left	1	2	84
5	ljq	f	21	1	70	circle	green	(533, 540)	high	dis	(645, 652)	N	same	hori	left	True	739473	742233	left	1	2	85
5	ljq	f	21	1	70	diamond	red	(533, 540)	high	no	no_dis	N	dif	hori	left	True	743275	745209	left	1	2	86
5	ljq	f	21	1	70	diamond	red	(533, 540)	high	dis	(565, 460)	N	dif	vert	up	True	746334	747841	up	1	2	87
5	ljq	f	21	1	70	diamond	red	(533, 540)	high	dis	(724, 460)	N	dif	hori	left	True	749073	750913	left	1	2	88
5	ljq	f	21	1	70	circle	red	(724, 460)	low	no	no_dis	N	dif	hori	left	True	751940	752825	left	1	2	89
5	ljq	f	21	1	70	circle	green	(533, 540)	high	no	no_dis	N	same	vert	up	True	754018	754977	up	1	2	90
5	ljq	f	21	1	70	circle	green	(533, 540)	high	dis	(565, 619)	N	same	vert	up	True	755993	757209	left	0	2	91
5	ljq	f	21	1	70	circle	red	(533, 540)	high	dis	(645, 428)	N	dif	vert	up	True	759862	762209	left	0	2	92
5	ljq	f	21	1	70	diamond	green	(533, 540)	high	dis	(565, 460)	N	dif	vert	up	True	764763	766361	up	1	2	93
5	ljq	f	21	1	70	diamond	green	(533, 540)	high	dis	(565, 619)	N	same	vert	up	True	767529	768969	up	1	2	94
5	ljq	f	21	1	70	diamond	red	(645, 428)	low	dis	(645, 652)	N	dif	vert	up	True	769975	771969	up	1	2	95
5	ljq	f	21	1	70	circle	green	(533, 540)	high	no	no_dis	N	same	vert	up	True	773007	774258	up	1	2	96
5	ljq	f	21	1	70	diamond	green	(533, 540)	high	dis	(565, 619)	N	same	hori	left	True	775365	776433	left	1	2	97
5	ljq	f	21	1	70	circle	green	(533, 540)	high	no	no_dis	N	dif	vert	up	True	777541	778481	up	1	2	98
5	ljq	f	21	1	70	circle	red	(533, 540)	high	dis	(565, 619)	N	dif	hori	left	True	779669	782089	left	1	2	99
5	ljq	f	21	1	70	circle	red	(533, 540)	high	no	no_dis	N	dif	hori	left	True	783152	784729	left	1	2	100
5	ljq	f	21	1	70	circle	green	(533, 540)	high	no	no_dis	N	same	vert	up	True	785834	788265	left	0	2	101
5	ljq	f	21	1	70	circle	red	(533, 540)	high	dis	(565, 619)	N	dif	vert	up	True	790859	793098	left	0	2	102
5	ljq	f	21	1	70	circle	green	(645, 652)	low	dis	(724, 619)	N	dif	hori	left	True	795622	797241	left	1	2	103
5	ljq	f	21	1	70	diamond	green	(565, 460)	low	no	no_dis	N	dif	hori	left	True	798373	800906	up	0	2	104
5	ljq	f	21	1	70	circle	green	(533, 540)	high	dis	(565, 619)	N	same	vert	up	True	803627	805721	up	1	2	105
5	ljq	f	21	1	70	circle	red	(533, 540)	high	dis	(645, 652)	N	same	hori	left	True	806826	807953	left	1	2	106
5	ljq	f	21	1	70	circle	green	(533, 540)	high	dis	(565, 460)	N	dif	vert	up	True	809012	810833	up	1	2	107
5	ljq	f	21	1	70	circle	green	(533, 540)	high	dis	(645, 428)	N	dif	vert	up	True	811877	813561	up	1	2	108
5	ljq	f	21	1	70	diamond	red	(757, 540)	low	no	no_dis	N	dif	vert	up	True	814711	816857	up	1	2	109
5	ljq	f	21	1	70	circle	red	(757, 540)	low	dis	(724, 619)	N	same	hori	left	True	817957	819913	left	1	2	110
5	ljq	f	21	1	70	circle	red	(533, 540)	high	no	no_dis	N	same	hori	left	True	821097	822289	left	1	2	111
5	ljq	f	21	1	70	diamond	green	(533, 540)	high	no	no_dis	N	dif	hori	left	True	823366	824562	left	1	2	112
5	ljq	f	21	1	70	diamond	green	(565, 619)	low	dis	(533, 540)	Y	same	vert	up	True	825599	826993	up	1	2	113
5	ljq	f	21	1	70	diamond	red	(533, 540)	high	dis	(645, 652)	N	same	hori	left	True	828197	830137	left	1	2	114
5	ljq	f	21	1	70	diamond	green	(533, 540)	high	dis	(757, 540)	N	dif	hori	left	True	831365	832473	left	1	2	115
5	ljq	f	21	1	70	circle	red	(645, 428)	low	dis	(724, 460)	N	dif	vert	up	True	833571	834898	left	0	2	116
5	ljq	f	21	1	70	circle	red	(533, 540)	high	dis	(645, 652)	N	same	hori	left	True	837518	839402	left	1	2	117
5	ljq	f	21	1	70	diamond	red	(533, 540)	high	no	no_dis	N	same	vert	up	True	840459	841737	up	1	2	118
5	ljq	f	21	1	70	circle	red	(533, 540)	high	no	no_dis	N	dif	hori	left	True	842914	845265	left	1	2	119
5	ljq	f	21	1	70	diamond	green	(533, 540)	high	dis	(645, 652)	N	dif	hori	left	True	846423	848145	left	1	2	120
5	ljq	f	21	1	70	diamond	red	(724, 460)	low	dis	(724, 619)	N	same	vert	up	True	881599	883425	up	1	3	1
5	ljq	f	21	1	70	diamond	red	(724, 460)	low	no	no_dis	N	same	vert	up	True	884630	885993	left	0	3	2
5	ljq	f	21	1	70	circle	red	(533, 540)	high	no	no_dis	N	same	vert	up	True	888675	890353	up	1	3	3
5	ljq	f	21	1	70	circle	red	(533, 540)	high	dis	(757, 540)	N	same	vert	up	True	891357	892705	up	1	3	4
5	ljq	f	21	1	70	circle	red	(533, 540)	high	no	no_dis	N	dif	hori	left	True	893786	894945	left	1	3	5
5	ljq	f	21	1	70	circle	green	(533, 540)	high	dis	(645, 652)	N	dif	vert	up	True	896137	897825	up	1	3	6
5	ljq	f	21	1	70	circle	red	(533, 540)	high	dis	(645, 652)	N	dif	vert	up	True	898854	900169	up	1	3	7
5	ljq	f	21	1	70	diamond	red	(565, 619)	low	dis	(724, 460)	N	same	vert	up	True	901354	903369	up	1	3	8
5	ljq	f	21	1	70	diamond	green	(724, 460)	low	no	no_dis	N	same	hori	left	True	904406	905313	left	1	3	9
5	ljq	f	21	1	70	diamond	red	(533, 540)	high	no	no_dis	N	dif	hori	left	True	906410	907561	left	1	3	10
5	ljq	f	21	1	70	circle	green	(533, 540)	high	dis	(724, 460)	N	dif	vert	up	True	908722	909641	left	0	3	11
5	ljq	f	21	1	70	diamond	red	(533, 540)	high	no	no_dis	N	same	hori	left	True	912255	913545	left	1	3	12
5	ljq	f	21	1	70	circle	green	(533, 540)	high	dis	(757, 540)	N	same	vert	up	True	914607	916081	up	1	3	13
5	ljq	f	21	1	70	circle	green	(533, 540)	high	no	no_dis	N	same	vert	up	True	917270	919065	up	1	3	14
5	ljq	f	21	1	70	circle	green	(565, 460)	low	dis	(533, 540)	Y	dif	hori	left	True	920257	922258	left	1	3	15
5	ljq	f	21	1	70	diamond	red	(533, 540)	high	dis	(565, 619)	N	same	hori	left	True	923334	924993	left	1	3	16
5	ljq	f	21	1	70	circle	red	(533, 540)	high	dis	(724, 460)	N	dif	hori	left	True	926180	927881	left	1	3	17
5	ljq	f	21	1	70	circle	red	(645, 652)	low	dis	(533, 540)	Y	same	vert	up	True	928926	930497	up	1	3	18
5	ljq	f	21	1	70	diamond	red	(533, 540)	high	dis	(757, 540)	N	dif	hori	left	True	931739	932921	left	1	3	19
5	ljq	f	21	1	70	diamond	green	(533, 540)	high	dis	(645, 652)	N	same	vert	up	True	933934	935489	up	1	3	20
5	ljq	f	21	1	70	circle	red	(533, 540)	high	no	no_dis	N	same	vert	up	True	936553	938049	up	1	3	21
5	ljq	f	21	1	70	circle	green	(533, 540)	high	dis	(565, 460)	N	dif	vert	up	True	939184	941425	up	1	3	22
5	ljq	f	21	1	70	diamond	green	(533, 540)	high	no	no_dis	N	dif	vert	up	True	942561	945425	up	1	3	23
5	ljq	f	21	1	70	circle	red	(565, 460)	low	no	no_dis	N	same	hori	left	True	946455	948313	left	1	3	24
5	ljq	f	21	1	70	diamond	red	(533, 540)	high	dis	(724, 619)	N	dif	hori	left	True	949320	951089	left	1	3	25
5	ljq	f	21	1	70	circle	green	(533, 540)	high	no	no_dis	N	same	hori	left	True	952306	953929	left	1	3	26
5	ljq	f	21	1	70	diamond	red	(533, 540)	high	no	no_dis	N	dif	vert	up	True	955178	956777	up	1	3	27
5	ljq	f	21	1	70	circle	green	(645, 428)	low	dis	(533, 540)	Y	dif	vert	up	True	957796	959729	up	1	3	28
5	ljq	f	21	1	70	circle	red	(533, 540)	high	dis	(724, 460)	N	same	hori	left	True	960930	962785	left	1	3	29
5	ljq	f	21	1	70	circle	red	(565, 619)	low	dis	(645, 652)	N	same	vert	up	True	963805	966145	up	1	3	30
5	ljq	f	21	1	70	diamond	red	(533, 540)	high	no	no_dis	N	same	hori	left	True	967159	968954	left	1	3	31
5	ljq	f	21	1	70	diamond	green	(757, 540)	low	dis	(565, 619)	N	same	hori	left	True	970075	971985	left	1	3	32
5	ljq	f	21	1	70	circle	red	(533, 540)	high	no	no_dis	N	dif	vert	up	True	973039	974265	up	1	3	33
5	ljq	f	21	1	70	circle	green	(645, 652)	low	no	no_dis	N	dif	vert	up	True	975361	976857	left	0	3	34
5	ljq	f	21	1	70	circle	red	(533, 540)	high	dis	(565, 460)	N	dif	hori	left	True	979621	981265	left	1	3	35
5	ljq	f	21	1	70	diamond	red	(645, 428)	low	dis	(533, 540)	Y	dif	hori	left	True	982410	984921	left	1	3	36
5	ljq	f	21	1	70	diamond	red	(533, 540)	high	dis	(565, 460)	N	same	hori	left	True	986163	988089	left	1	3	37
5	ljq	f	21	1	70	circle	red	(533, 540)	high	dis	(724, 460)	N	dif	vert	up	True	989318	990401	up	1	3	38
5	ljq	f	21	1	70	diamond	red	(533, 540)	high	no	no_dis	N	same	vert	up	True	991456	993033	up	1	3	39
5	ljq	f	21	1	70	circle	green	(533, 540)	high	dis	(565, 619)	N	dif	hori	left	True	994074	996001	left	1	3	40
5	ljq	f	21	1	70	circle	red	(533, 540)	high	dis	(645, 428)	N	same	vert	up	True	997073	998953	up	1	3	41
5	ljq	f	21	1	70	diamond	green	(565, 619)	low	dis	(757, 540)	N	dif	vert	up	True	1000045	1002897	up	1	3	42
5	ljq	f	21	1	70	diamond	green	(645, 652)	low	dis	(645, 428)	N	dif	vert	up	True	1003918	1005289	up	1	3	43
5	ljq	f	21	1	70	diamond	green	(533, 540)	high	dis	(565, 460)	N	dif	hori	left	True	1006476	1007905	left	1	3	44
5	ljq	f	21	1	70	circle	red	(757, 540)	low	no	no_dis	N	dif	vert	up	True	1008983	1011249	up	1	3	45
5	ljq	f	21	1	70	diamond	green	(533, 540)	high	dis	(565, 619)	N	dif	hori	left	True	1012307	1014161	left	1	3	46
5	ljq	f	21	1	70	diamond	green	(533, 540)	high	dis	(645, 428)	N	dif	hori	left	True	1015201	1017897	left	1	3	47
5	ljq	f	21	1	70	circle	red	(533, 540)	high	dis	(645, 652)	N	dif	vert	up	False	1019061	None	None	0	3	48
5	ljq	f	21	1	70	circle	green	(757, 540)	low	dis	(724, 460)	N	same	hori	left	True	1024783	1027201	left	1	3	49
5	ljq	f	21	1	70	circle	red	(533, 540)	high	dis	(565, 460)	N	dif	vert	up	True	1028336	1030057	up	1	3	50
5	ljq	f	21	1	70	diamond	red	(533, 540)	high	dis	(565, 460)	N	same	hori	left	True	1031244	1033258	left	1	3	51
5	ljq	f	21	1	70	circle	green	(533, 540)	high	dis	(645, 428)	N	same	vert	up	True	1034426	1036065	up	1	3	52
5	ljq	f	21	1	70	diamond	red	(533, 540)	high	dis	(645, 428)	N	dif	vert	up	True	1037161	1038657	up	1	3	53
5	ljq	f	21	1	70	diamond	red	(533, 540)	high	dis	(757, 540)	N	dif	vert	up	True	1039848	1041233	up	1	3	54
5	ljq	f	21	1	70	circle	red	(724, 460)	low	dis	(565, 619)	N	same	hori	left	True	1042394	1043498	left	1	3	55
5	ljq	f	21	1	70	diamond	red	(533, 540)	high	dis	(724, 619)	N	same	vert	up	True	1044654	1045585	up	1	3	56
5	ljq	f	21	1	70	diamond	red	(565, 460)	low	dis	(724, 619)	N	dif	hori	left	True	1046829	1048257	left	1	3	57
5	ljq	f	21	1	70	diamond	red	(533, 540)	high	no	no_dis	N	dif	vert	up	True	1049442	1050993	up	1	3	58
5	ljq	f	21	1	70	diamond	green	(533, 540)	high	no	no_dis	N	same	vert	up	True	1052216	1053329	up	1	3	59
5	ljq	f	21	1	70	diamond	green	(533, 540)	high	dis	(565, 619)	N	same	vert	up	True	1054387	1055569	up	1	3	60
5	ljq	f	21	1	70	diamond	green	(645, 428)	low	dis	(533, 540)	Y	dif	hori	left	True	1056797	1057778	left	1	3	61
5	ljq	f	21	1	70	diamond	green	(533, 540)	high	no	no_dis	N	dif	hori	left	True	1058990	1060369	left	1	3	62
5	ljq	f	21	1	70	circle	red	(533, 540)	high	no	no_dis	N	dif	vert	up	True	1061426	1062961	up	1	3	63
5	ljq	f	21	1	70	circle	red	(533, 540)	high	dis	(724, 619)	N	same	hori	left	True	1064166	1066473	up	0	3	64
5	ljq	f	21	1	70	circle	red	(757, 540)	low	dis	(533, 540)	Y	dif	vert	up	True	1069163	1071105	left	0	3	65
5	ljq	f	21	1	70	circle	green	(533, 540)	high	no	no_dis	N	dif	hori	left	True	1073785	1075913	left	1	3	66
5	ljq	f	21	1	70	diamond	green	(565, 460)	low	dis	(533, 540)	Y	same	vert	up	True	1077042	1078553	up	1	3	67
5	ljq	f	21	1	70	circle	red	(533, 540)	high	dis	(645, 652)	N	same	hori	left	True	1079623	1080801	left	1	3	68
5	ljq	f	21	1	70	diamond	green	(533, 540)	high	dis	(724, 619)	N	same	hori	left	True	1082051	1083889	left	1	3	69
5	ljq	f	21	1	70	diamond	red	(757, 540)	low	dis	(645, 652)	N	dif	hori	left	True	1085102	1087217	up	0	3	70
5	ljq	f	21	1	70	circle	green	(533, 540)	high	dis	(724, 460)	N	same	hori	left	True	1089920	1091585	left	1	3	71
5	ljq	f	21	1	70	diamond	green	(533, 540)	high	dis	(645, 652)	N	dif	hori	left	True	1092740	1094585	left	1	3	72
5	ljq	f	21	1	70	circle	red	(533, 540)	high	dis	(565, 619)	N	same	hori	left	True	1095834	1097873	left	1	3	73
5	ljq	f	21	1	70	diamond	green	(533, 540)	high	dis	(565, 460)	N	dif	vert	up	True	1099078	1100433	up	1	3	74
5	ljq	f	21	1	70	diamond	red	(533, 540)	high	dis	(757, 540)	N	same	vert	up	True	1101565	1102841	up	1	3	75
5	ljq	f	21	1	70	diamond	green	(533, 540)	high	no	no_dis	N	dif	vert	up	True	1104064	1104977	up	1	3	76
5	ljq	f	21	1	70	circle	red	(565, 619)	low	no	no_dis	N	dif	hori	left	True	1106128	1107241	left	1	3	77
5	ljq	f	21	1	70	circle	green	(533, 540)	high	no	no_dis	N	same	hori	left	True	1108480	1109297	left	1	3	78
5	ljq	f	21	1	70	diamond	green	(533, 540)	high	dis	(565, 460)	N	same	vert	up	True	1110430	1111433	up	1	3	79
5	ljq	f	21	1	70	circle	green	(533, 540)	high	dis	(645, 428)	N	dif	vert	up	True	1112595	1114009	left	0	3	80
5	ljq	f	21	1	70	diamond	green	(724, 619)	low	no	no_dis	N	same	vert	up	True	1116690	1118322	up	1	3	81
5	ljq	f	21	1	70	circle	green	(724, 460)	low	dis	(533, 540)	Y	same	vert	up	True	1119348	1121905	up	1	3	82
5	ljq	f	21	1	70	diamond	green	(724, 460)	low	dis	(533, 540)	Y	dif	vert	up	True	1123125	1125825	up	1	3	83
5	ljq	f	21	1	70	circle	red	(533, 540)	high	no	no_dis	N	dif	hori	left	True	1127054	1128417	left	1	3	84
5	ljq	f	21	1	70	circle	red	(533, 540)	high	no	no_dis	N	dif	hori	left	True	1129420	1130249	left	1	3	85
5	ljq	f	21	1	70	diamond	green	(533, 540)	high	no	no_dis	N	same	vert	up	True	1131414	1133249	up	1	3	86
5	ljq	f	21	1	70	circle	green	(645, 652)	low	no	no_dis	N	dif	hori	left	True	1134483	1135497	left	1	3	87
5	ljq	f	21	1	70	circle	red	(645, 428)	low	dis	(757, 540)	N	same	hori	left	True	1136611	1137673	up	0	3	88
5	ljq	f	21	1	70	diamond	red	(565, 619)	low	no	no_dis	N	same	vert	up	True	1140197	1141553	up	1	3	89
5	ljq	f	21	1	70	circle	red	(724, 619)	low	dis	(565, 460)	N	same	hori	left	True	1142803	1143857	left	1	3	90
5	ljq	f	21	1	70	diamond	green	(533, 540)	high	dis	(645, 428)	N	same	hori	left	True	1145028	1146920	left	1	3	91
5	ljq	f	21	1	70	diamond	red	(533, 540)	high	dis	(757, 540)	N	dif	hori	left	True	1147935	1149097	left	1	3	92
5	ljq	f	21	1	70	diamond	red	(724, 619)	low	dis	(533, 540)	Y	dif	hori	left	True	1150285	1152601	left	1	3	93
5	ljq	f	21	1	70	circle	green	(533, 540)	high	dis	(724, 619)	N	same	hori	left	True	1153716	1155649	left	1	3	94
5	ljq	f	21	1	70	diamond	red	(533, 540)	high	dis	(645, 428)	N	dif	hori	left	True	1156836	1159201	left	1	3	95
5	ljq	f	21	1	70	circle	green	(533, 540)	high	dis	(645, 428)	N	dif	vert	up	True	1160323	1162545	up	1	3	96
5	ljq	f	21	1	70	diamond	green	(533, 540)	high	no	no_dis	N	same	hori	left	True	1163635	1165057	left	1	3	97
5	ljq	f	21	1	70	circle	green	(533, 540)	high	no	no_dis	N	dif	hori	left	True	1166273	1167665	left	1	3	98
5	ljq	f	21	1	70	circle	green	(533, 540)	high	dis	(724, 460)	N	same	hori	left	True	1168880	1169793	left	1	3	99
5	ljq	f	21	1	70	diamond	red	(533, 540)	high	no	no_dis	N	same	vert	up	True	1170909	1172401	up	1	3	100
5	ljq	f	21	1	70	circle	green	(533, 540)	high	dis	(724, 619)	N	same	hori	left	True	1173445	1174313	left	1	3	101
5	ljq	f	21	1	70	diamond	green	(533, 540)	high	no	no_dis	N	dif	vert	up	True	1175494	1176809	up	1	3	102
5	ljq	f	21	1	70	circle	green	(645, 652)	low	dis	(645, 428)	N	same	hori	left	True	1177975	1180881	left	1	3	103
5	ljq	f	21	1	70	circle	green	(533, 540)	high	no	no_dis	N	same	hori	left	True	1181935	1183145	left	1	3	104
5	ljq	f	21	1	70	circle	green	(565, 460)	low	no	no_dis	N	dif	vert	up	True	1184151	1186441	up	1	3	105
5	ljq	f	21	1	70	circle	green	(533, 540)	high	no	no_dis	N	same	hori	left	True	1187529	1189410	left	1	3	106
5	ljq	f	21	1	70	diamond	green	(533, 540)	high	dis	(724, 460)	N	dif	hori	left	True	1190641	1192913	left	1	3	107
5	ljq	f	21	1	70	diamond	red	(533, 540)	high	dis	(724, 619)	N	same	vert	up	True	1193973	1195273	up	1	3	108
5	ljq	f	21	1	70	circle	green	(533, 540)	high	dis	(724, 460)	N	dif	vert	up	True	1196289	1197753	up	1	3	109
5	ljq	f	21	1	70	diamond	red	(757, 540)	low	no	no_dis	N	same	hori	left	True	1198970	1200521	left	1	3	110
5	ljq	f	21	1	70	diamond	green	(533, 540)	high	dis	(565, 619)	N	same	vert	up	True	1201553	1203280	up	1	3	111
5	ljq	f	21	1	70	circle	red	(533, 540)	high	dis	(645, 652)	N	same	hori	left	True	1204470	1205713	left	1	3	112
5	ljq	f	21	1	70	circle	green	(724, 619)	low	dis	(565, 460)	N	dif	vert	up	True	1206778	1208249	up	1	3	113
5	ljq	f	21	1	70	diamond	green	(533, 540)	high	dis	(724, 619)	N	dif	hori	left	True	1209431	1210585	left	1	3	114
5	ljq	f	21	1	70	diamond	red	(533, 540)	high	dis	(757, 540)	N	dif	hori	left	True	1211650	1213649	left	1	3	115
5	ljq	f	21	1	70	diamond	green	(533, 540)	high	dis	(565, 619)	N	same	vert	up	True	1214653	1216257	up	1	3	116
5	ljq	f	21	1	70	diamond	green	(645, 428)	low	no	no_dis	N	dif	hori	left	True	1217469	1218457	left	1	3	117
5	ljq	f	21	1	70	circle	green	(533, 540)	high	dis	(565, 619)	N	same	vert	up	True	1219667	1220906	up	1	3	118
5	ljq	f	21	1	70	circle	red	(533, 540)	high	dis	(757, 540)	N	dif	vert	up	True	1222039	1224001	up	1	3	119
5	ljq	f	21	1	70	diamond	red	(533, 540)	high	dis	(645, 652)	N	same	vert	up	True	1225165	1226673	up	1	3	120
5	ljq	f	21	1	70	diamond	red	(533, 540)	high	dis	(724, 619)	N	same	hori	left	True	1261888	1263801	left	1	4	1
5	ljq	f	21	1	70	diamond	red	(565, 460)	low	dis	(533, 540)	Y	same	vert	up	True	1265029	1266449	up	1	4	2
5	ljq	f	21	1	70	diamond	red	(533, 540)	high	dis	(565, 619)	N	dif	hori	left	True	1267580	1269185	left	1	4	3
5	ljq	f	21	1	70	diamond	green	(533, 540)	high	dis	(757, 540)	N	same	hori	left	True	1270242	1271169	left	1	4	4
5	ljq	f	21	1	70	circle	green	(533, 540)	high	dis	(724, 619)	N	same	vert	up	True	1272190	1273552	up	1	4	5
5	ljq	f	21	1	70	diamond	red	(533, 540)	high	no	no_dis	N	dif	vert	up	True	1274615	1276297	up	1	4	6
5	ljq	f	21	1	70	diamond	green	(533, 540)	high	dis	(645, 652)	N	same	vert	up	True	1277305	1279584	up	1	4	7
5	ljq	f	21	1	70	diamond	green	(533, 540)	high	no	no_dis	N	same	vert	up	True	1280650	1282345	up	1	4	8
5	ljq	f	21	1	70	circle	green	(645, 652)	low	no	no_dis	N	same	vert	up	True	1283542	1285705	up	1	4	9
5	ljq	f	21	1	70	circle	green	(724, 619)	low	dis	(533, 540)	Y	same	hori	left	True	1286844	1288177	left	1	4	10
5	ljq	f	21	1	70	diamond	green	(645, 652)	low	dis	(724, 619)	N	same	hori	left	True	1289269	1291953	left	1	4	11
5	ljq	f	21	1	70	diamond	red	(533, 540)	high	no	no_dis	N	same	hori	left	True	1293137	1294705	left	1	4	12
5	ljq	f	21	1	70	circle	red	(533, 540)	high	dis	(757, 540)	N	dif	vert	up	True	1295800	1297009	up	1	4	13
5	ljq	f	21	1	70	diamond	green	(533, 540)	high	no	no_dis	N	dif	vert	up	True	1298184	1299273	up	1	4	14
5	ljq	f	21	1	70	diamond	red	(533, 540)	high	dis	(565, 460)	N	same	vert	up	True	1300430	1302361	up	1	4	15
5	ljq	f	21	1	70	circle	red	(645, 428)	low	dis	(533, 540)	Y	dif	vert	up	True	1303451	1305137	up	1	4	16
5	ljq	f	21	1	70	circle	red	(533, 540)	high	dis	(565, 619)	N	same	hori	left	True	1306278	1307233	left	1	4	17
5	ljq	f	21	1	70	diamond	red	(533, 540)	high	dis	(724, 460)	N	dif	vert	up	True	1308348	1309865	up	1	4	18
5	ljq	f	21	1	70	diamond	red	(533, 540)	high	dis	(565, 619)	N	same	vert	up	True	1311029	1312665	up	1	4	19
5	ljq	f	21	1	70	circle	red	(533, 540)	high	no	no_dis	N	dif	hori	left	True	1313862	1315033	left	1	4	20
5	ljq	f	21	1	70	diamond	green	(565, 619)	low	dis	(533, 540)	Y	dif	vert	up	True	1316165	1317729	up	1	4	21
5	ljq	f	21	1	70	circle	red	(533, 540)	high	dis	(645, 428)	N	same	vert	up	True	1318841	1320769	up	1	4	22
5	ljq	f	21	1	70	diamond	green	(533, 540)	high	dis	(645, 428)	N	dif	vert	up	True	1322015	1323129	up	1	4	23
5	ljq	f	21	1	70	diamond	green	(533, 540)	high	no	no_dis	N	dif	vert	up	True	1324171	1325713	up	1	4	24
5	ljq	f	21	1	70	circle	red	(757, 540)	low	dis	(533, 540)	Y	same	vert	up	True	1326775	1328425	up	1	4	25
5	ljq	f	21	1	70	circle	green	(724, 460)	low	dis	(533, 540)	Y	same	hori	left	True	1329611	1330593	left	1	4	26
5	ljq	f	21	1	70	diamond	green	(533, 540)	high	dis	(645, 428)	N	same	vert	up	True	1331627	1333025	up	1	4	27
5	ljq	f	21	1	70	circle	red	(533, 540)	high	dis	(645, 428)	N	dif	hori	left	True	1334082	1335393	left	1	4	28
5	ljq	f	21	1	70	circle	green	(533, 540)	high	no	no_dis	N	dif	hori	left	True	1336547	1337649	left	1	4	29
5	ljq	f	21	1	70	circle	red	(533, 540)	high	no	no_dis	N	dif	vert	up	True	1338717	1340345	up	1	4	30
5	ljq	f	21	1	70	circle	green	(565, 460)	low	dis	(533, 540)	Y	dif	vert	up	True	1341475	1344081	up	1	4	31
5	ljq	f	21	1	70	diamond	green	(533, 540)	high	dis	(565, 460)	N	dif	hori	left	True	1345301	1347273	left	1	4	32
5	ljq	f	21	1	70	diamond	green	(533, 540)	high	dis	(565, 460)	N	dif	vert	up	True	1348322	1349697	up	1	4	33
5	ljq	f	21	1	70	diamond	green	(533, 540)	high	no	no_dis	N	dif	vert	up	True	1350811	1352409	up	1	4	34
5	ljq	f	21	1	70	diamond	red	(757, 540)	low	dis	(724, 460)	N	dif	hori	left	True	1353646	1354913	left	1	4	35
5	ljq	f	21	1	70	diamond	red	(645, 428)	low	no	no_dis	N	dif	hori	left	True	1356118	1357513	left	1	4	36
5	ljq	f	21	1	70	circle	green	(533, 540)	high	dis	(565, 619)	N	dif	vert	up	True	1358685	1360305	up	1	4	37
5	ljq	f	21	1	70	diamond	red	(533, 540)	high	no	no_dis	N	same	hori	left	True	1361548	1363625	left	1	4	38
5	ljq	f	21	1	70	circle	green	(533, 540)	high	dis	(724, 460)	N	dif	hori	left	True	1364820	1366825	left	1	4	39
5	ljq	f	21	1	70	circle	green	(533, 540)	high	no	no_dis	N	same	vert	up	True	1367924	1369305	up	1	4	40
5	ljq	f	21	1	70	circle	red	(533, 540)	high	dis	(565, 460)	N	same	hori	left	True	1370455	1371825	left	1	4	41
5	ljq	f	21	1	70	circle	green	(533, 540)	high	no	no_dis	N	dif	hori	left	True	1372994	1374409	left	1	4	42
5	ljq	f	21	1	70	circle	red	(533, 540)	high	no	no_dis	N	dif	hori	left	True	1375606	1376945	left	1	4	43
5	ljq	f	21	1	70	circle	red	(565, 619)	low	no	no_dis	N	dif	hori	left	True	1378155	1379513	left	1	4	44
5	ljq	f	21	1	70	circle	red	(724, 619)	low	dis	(757, 540)	N	same	hori	left	True	1380745	1382505	left	1	4	45
5	ljq	f	21	1	70	diamond	green	(533, 540)	high	dis	(645, 652)	N	dif	vert	up	True	1383676	1385361	up	1	4	46
5	ljq	f	21	1	70	circle	red	(724, 460)	low	no	no_dis	N	same	hori	left	True	1386571	1388080	left	1	4	47
5	ljq	f	21	1	70	circle	green	(533, 540)	high	no	no_dis	N	same	hori	left	True	1389278	1391184	left	1	4	48
5	ljq	f	21	1	70	circle	red	(533, 540)	high	dis	(757, 540)	N	dif	hori	left	True	1392280	1393513	left	1	4	49
5	ljq	f	21	1	70	diamond	red	(533, 540)	high	no	no_dis	N	same	hori	left	True	1394725	1396241	left	1	4	50
5	ljq	f	21	1	70	diamond	red	(533, 540)	high	no	no_dis	N	same	hori	left	True	1397444	1399377	left	1	4	51
5	ljq	f	21	1	70	circle	red	(533, 540)	high	dis	(645, 652)	N	same	hori	left	True	1400617	1401737	left	1	4	52
5	ljq	f	21	1	70	diamond	red	(533, 540)	high	dis	(724, 619)	N	dif	vert	up	True	1402798	1403745	up	1	4	53
5	ljq	f	21	1	70	diamond	green	(724, 619)	low	no	no_dis	N	same	vert	up	True	1404996	1406105	up	1	4	54
5	ljq	f	21	1	70	circle	red	(533, 540)	high	dis	(724, 460)	N	same	vert	up	True	1407192	1408569	up	1	4	55
5	ljq	f	21	1	70	circle	red	(533, 540)	high	dis	(757, 540)	N	dif	hori	left	True	1409804	1411129	left	1	4	56
5	ljq	f	21	1	70	diamond	red	(645, 428)	low	dis	(565, 619)	N	dif	hori	left	True	1412304	1414289	left	1	4	57
5	ljq	f	21	1	70	circle	green	(533, 540)	high	dis	(757, 540)	N	dif	vert	up	True	1415454	1417609	up	1	4	58
5	ljq	f	21	1	70	diamond	red	(533, 540)	high	dis	(724, 619)	N	dif	hori	left	True	1418770	1419913	left	1	4	59
5	ljq	f	21	1	70	circle	green	(645, 652)	low	dis	(645, 428)	N	dif	hori	left	True	1420982	1422385	left	1	4	60
5	ljq	f	21	1	70	circle	green	(533, 540)	high	dis	(724, 619)	N	same	hori	left	True	1423411	1424985	left	1	4	61
5	ljq	f	21	1	70	circle	green	(533, 540)	high	dis	(724, 460)	N	same	vert	up	True	1426208	1428577	up	1	4	62
5	ljq	f	21	1	70	diamond	red	(533, 540)	high	dis	(757, 540)	N	same	hori	left	True	1429653	1431113	left	1	4	63
5	ljq	f	21	1	70	circle	red	(533, 540)	high	dis	(724, 460)	N	dif	hori	left	True	1432168	1434097	up	0	4	64
5	ljq	f	21	1	70	circle	green	(533, 540)	high	dis	(724, 460)	N	dif	hori	left	True	1436676	1438145	left	1	4	65
5	ljq	f	21	1	70	diamond	red	(724, 460)	low	dis	(645, 652)	N	dif	vert	up	True	1439192	1440944	up	1	4	66
5	ljq	f	21	1	70	circle	green	(645, 428)	low	no	no_dis	N	dif	vert	up	True	1442122	1444145	up	1	4	67
5	ljq	f	21	1	70	circle	red	(533, 540)	high	no	no_dis	N	same	vert	up	True	1445208	1446856	up	1	4	68
5	ljq	f	21	1	70	circle	red	(645, 652)	low	dis	(533, 540)	Y	same	vert	up	True	1447981	1449249	up	1	4	69
5	ljq	f	21	1	70	circle	red	(533, 540)	high	no	no_dis	N	same	vert	up	True	1450487	1451449	up	1	4	70
5	ljq	f	21	1	70	diamond	green	(533, 540)	high	no	no_dis	N	same	hori	left	True	1452573	1453721	left	1	4	71
5	ljq	f	21	1	70	diamond	green	(533, 540)	high	dis	(565, 619)	N	same	hori	left	True	1454948	1456584	left	1	4	72
5	ljq	f	21	1	70	diamond	red	(565, 619)	low	dis	(565, 460)	N	same	vert	up	True	1457703	1459113	up	1	4	73
5	ljq	f	21	1	70	circle	green	(533, 540)	high	dis	(724, 619)	N	same	hori	left	True	1460355	1462505	left	1	4	74
5	ljq	f	21	1	70	circle	red	(533, 540)	high	no	no_dis	N	dif	vert	up	True	1463522	1465849	up	1	4	75
5	ljq	f	21	1	70	circle	green	(533, 540)	high	dis	(757, 540)	N	dif	hori	left	True	1467038	1468041	left	1	4	76
5	ljq	f	21	1	70	circle	green	(645, 652)	low	no	no_dis	N	same	hori	left	True	1469162	1470393	left	1	4	77
5	ljq	f	21	1	70	diamond	red	(724, 619)	low	no	no_dis	N	same	vert	up	True	1471485	1473049	up	1	4	78
5	ljq	f	21	1	70	circle	red	(565, 460)	low	no	no_dis	N	dif	vert	up	True	1474063	1476321	up	1	4	79
5	ljq	f	21	1	70	diamond	red	(533, 540)	high	dis	(565, 460)	N	same	hori	left	True	1477558	1479625	left	1	4	80
5	ljq	f	21	1	70	circle	green	(533, 540)	high	dis	(565, 619)	N	same	vert	up	True	1480683	1482505	up	1	4	81
5	ljq	f	21	1	70	diamond	red	(724, 619)	low	dis	(533, 540)	Y	dif	vert	up	True	1483608	1485425	up	1	4	82
5	ljq	f	21	1	70	diamond	red	(533, 540)	high	dis	(565, 460)	N	same	hori	left	True	1486606	1487785	left	1	4	83
5	ljq	f	21	1	70	diamond	red	(533, 540)	high	no	no_dis	N	dif	hori	left	True	1488929	1489944	left	1	4	84
5	ljq	f	21	1	70	circle	green	(533, 540)	high	dis	(757, 540)	N	dif	hori	left	True	1490985	1492353	left	1	4	85
5	ljq	f	21	1	70	diamond	green	(533, 540)	high	dis	(645, 652)	N	same	vert	up	True	1493374	1494961	up	1	4	86
5	ljq	f	21	1	70	diamond	green	(533, 540)	high	dis	(645, 652)	N	same	hori	left	True	1496158	1497201	left	1	4	87
5	ljq	f	21	1	70	diamond	green	(757, 540)	low	no	no_dis	N	dif	hori	left	True	1498298	1499449	left	1	4	88
5	ljq	f	21	1	70	diamond	green	(645, 428)	low	dis	(724, 619)	N	dif	vert	up	True	1500522	1501905	up	1	4	89
5	ljq	f	21	1	70	circle	green	(645, 428)	low	dis	(565, 619)	N	same	hori	left	True	1503108	1504928	left	1	4	90
5	ljq	f	21	1	70	circle	red	(565, 619)	low	dis	(565, 460)	N	same	vert	up	True	1506060	1507281	up	1	4	91
5	ljq	f	21	1	70	circle	red	(533, 540)	high	dis	(724, 619)	N	dif	hori	left	True	1508481	1510304	up	0	4	92
5	ljq	f	21	1	70	diamond	green	(757, 540)	low	dis	(645, 428)	N	dif	hori	left	True	1512928	1514225	left	1	4	93
5	ljq	f	21	1	70	circle	green	(533, 540)	high	dis	(565, 460)	N	same	hori	left	True	1515442	1517161	left	1	4	94
5	ljq	f	21	1	70	circle	red	(533, 540)	high	dis	(645, 652)	N	dif	vert	up	True	1518228	1519593	up	1	4	95
5	ljq	f	21	1	70	diamond	green	(724, 460)	low	dis	(757, 540)	N	dif	hori	left	True	1520815	1522433	left	1	4	96
5	ljq	f	21	1	70	diamond	green	(533, 540)	high	no	no_dis	N	same	vert	up	True	1523665	1524712	up	1	4	97
5	ljq	f	21	1	70	circle	green	(533, 540)	high	no	no_dis	N	dif	hori	left	True	1525837	1527481	left	1	4	98
5	ljq	f	21	1	70	circle	red	(724, 460)	low	dis	(533, 540)	Y	same	hori	left	True	1528484	1529569	left	1	4	99
5	ljq	f	21	1	70	diamond	green	(565, 619)	low	no	no_dis	N	same	hori	left	True	1530610	1532048	left	1	4	100
5	ljq	f	21	1	70	circle	green	(533, 540)	high	dis	(724, 460)	N	dif	vert	up	True	1533072	1534401	up	1	4	101
5	ljq	f	21	1	70	circle	green	(757, 540)	low	dis	(645, 652)	N	dif	hori	left	True	1535494	1536424	left	1	4	102
5	ljq	f	21	1	70	diamond	red	(533, 540)	high	dis	(645, 428)	N	dif	vert	up	True	1537492	1538464	up	1	4	103
5	ljq	f	21	1	70	circle	red	(533, 540)	high	dis	(645, 428)	N	same	vert	up	True	1539468	1540809	up	1	4	104
5	ljq	f	21	1	70	diamond	red	(533, 540)	high	dis	(565, 619)	N	same	vert	up	True	1542003	1542977	up	1	4	105
5	ljq	f	21	1	70	diamond	green	(533, 540)	high	dis	(645, 652)	N	dif	hori	left	True	1544115	1545024	left	1	4	106
5	ljq	f	21	1	70	diamond	green	(533, 540)	high	no	no_dis	N	same	vert	up	True	1546156	1547153	up	1	4	107
5	ljq	f	21	1	70	circle	green	(533, 540)	high	dis	(565, 619)	N	dif	hori	left	True	1548290	1549064	left	1	4	108
5	ljq	f	21	1	70	circle	red	(533, 540)	high	no	no_dis	N	dif	vert	up	True	1550129	1551200	up	1	4	109
5	ljq	f	21	1	70	diamond	green	(565, 460)	low	dis	(724, 460)	N	same	vert	up	True	1552276	1553905	left	0	4	110
5	ljq	f	21	1	70	diamond	red	(533, 540)	high	dis	(724, 619)	N	same	vert	up	True	1556553	1557840	up	1	4	111
5	ljq	f	21	1	70	diamond	red	(724, 460)	low	no	no_dis	N	dif	vert	up	True	1558950	1560648	up	1	4	112
5	ljq	f	21	1	70	circle	green	(533, 540)	high	no	no_dis	N	dif	hori	left	True	1561807	1563081	left	1	4	113
5	ljq	f	21	1	70	diamond	green	(533, 540)	high	dis	(724, 460)	N	dif	vert	up	True	1564242	1565617	up	1	4	114
5	ljq	f	21	1	70	circle	green	(533, 540)	high	no	no_dis	N	same	vert	up	True	1566824	1568320	left	0	4	115
5	ljq	f	21	1	70	circle	red	(533, 540)	high	dis	(645, 428)	N	same	hori	left	True	1570990	1572377	left	1	4	116
5	ljq	f	21	1	70	diamond	green	(533, 540)	high	dis	(645, 428)	N	dif	vert	up	True	1573475	1575912	up	1	4	117
5	ljq	f	21	1	70	diamond	green	(533, 540)	high	dis	(645, 652)	N	same	vert	up	True	1576971	1578432	up	1	4	118
5	ljq	f	21	1	70	diamond	red	(533, 540)	high	no	no_dis	N	same	hori	left	True	1579680	1580752	left	1	4	119
5	ljq	f	21	1	70	diamond	red	(533, 540)	high	dis	(565, 460)	N	dif	vert	up	True	1581995	1583344	up	1	4	120
5	ljq	f	21	1	70	diamond	green	(533, 540)	high	dis	(565, 619)	N	same	vert	up	True	1617206	1618952	up	1	5	1
5	ljq	f	21	1	70	circle	green	(533, 540)	high	no	no_dis	N	dif	vert	up	True	1619958	1621056	up	1	5	2
5	ljq	f	21	1	70	diamond	red	(533, 540)	high	dis	(645, 652)	N	same	hori	left	True	1622152	1623185	left	1	5	3
5	ljq	f	21	1	70	circle	red	(533, 540)	high	no	no_dis	N	dif	vert	up	True	1624419	1626384	up	1	5	4
5	ljq	f	21	1	70	circle	green	(533, 540)	high	dis	(757, 540)	N	same	vert	up	True	1627558	1628649	up	1	5	5
5	ljq	f	21	1	70	circle	green	(645, 652)	low	no	no_dis	N	same	vert	up	True	1629686	1630768	up	1	5	6
5	ljq	f	21	1	70	diamond	red	(533, 540)	high	dis	(565, 619)	N	dif	vert	up	True	1631821	1633312	up	1	5	7
5	ljq	f	21	1	70	circle	red	(724, 619)	low	dis	(533, 540)	Y	dif	hori	left	True	1634333	1635993	left	1	5	8
5	ljq	f	21	1	70	circle	green	(533, 540)	high	dis	(645, 428)	N	same	hori	left	True	1637115	1638033	left	1	5	9
5	ljq	f	21	1	70	circle	red	(533, 540)	high	dis	(757, 540)	N	same	vert	up	True	1639200	1640553	up	1	5	10
5	ljq	f	21	1	70	diamond	red	(757, 540)	low	no	no_dis	N	dif	hori	left	True	1641613	1644144	up	0	5	11
5	ljq	f	21	1	70	diamond	green	(533, 540)	high	dis	(645, 428)	N	same	vert	up	True	1646795	1648737	up	1	5	12
5	ljq	f	21	1	70	diamond	green	(533, 540)	high	dis	(724, 460)	N	dif	vert	up	True	1649940	1651176	up	1	5	13
5	ljq	f	21	1	70	circle	green	(533, 540)	high	dis	(565, 619)	N	same	hori	left	True	1652383	1653880	left	1	5	14
5	ljq	f	21	1	70	diamond	red	(724, 619)	low	no	no_dis	N	same	hori	left	True	1655014	1656256	left	1	5	15
5	ljq	f	21	1	70	circle	red	(724, 460)	low	dis	(565, 460)	N	dif	vert	up	True	1657370	1658505	up	1	5	16
5	ljq	f	21	1	70	circle	green	(533, 540)	high	dis	(645, 428)	N	same	hori	left	True	1659682	1661177	left	1	5	17
5	ljq	f	21	1	70	circle	red	(533, 540)	high	dis	(724, 460)	N	same	vert	up	True	1662200	1663481	up	1	5	18
5	ljq	f	21	1	70	diamond	red	(533, 540)	high	dis	(724, 619)	N	dif	vert	up	True	1664679	1666713	up	1	5	19
5	ljq	f	21	1	70	circle	green	(533, 540)	high	dis	(757, 540)	N	same	vert	up	True	1667784	1668753	up	1	5	20
5	ljq	f	21	1	70	diamond	green	(645, 428)	low	dis	(757, 540)	N	same	vert	up	True	1669856	1671144	up	1	5	21
5	ljq	f	21	1	70	circle	green	(533, 540)	high	dis	(565, 619)	N	dif	vert	up	True	1672241	1674433	left	0	5	22
5	ljq	f	21	1	70	circle	green	(533, 540)	high	dis	(645, 428)	N	dif	hori	left	True	1677192	1678697	left	1	5	23
5	ljq	f	21	1	70	circle	green	(533, 540)	high	dis	(724, 619)	N	dif	hori	left	True	1679898	1682121	left	1	5	24
5	ljq	f	21	1	70	diamond	green	(533, 540)	high	dis	(724, 619)	N	dif	vert	up	True	1683313	1684665	up	1	5	25
5	ljq	f	21	1	70	circle	red	(533, 540)	high	dis	(645, 652)	N	dif	hori	left	True	1685705	1687169	left	1	5	26
5	ljq	f	21	1	70	circle	red	(645, 428)	low	no	no_dis	N	same	vert	up	True	1688184	1690200	up	1	5	27
5	ljq	f	21	1	70	circle	green	(533, 540)	high	no	no_dis	N	dif	hori	left	True	1691362	1692985	left	1	5	28
5	ljq	f	21	1	70	circle	green	(533, 540)	high	dis	(645, 428)	N	same	hori	left	True	1694204	1696417	left	1	5	29
5	ljq	f	21	1	70	diamond	red	(533, 540)	high	dis	(565, 460)	N	same	vert	up	True	1697628	1699953	up	1	5	30
5	ljq	f	21	1	70	diamond	red	(724, 460)	low	dis	(724, 619)	N	dif	hori	left	False	1701133	None	None	0	5	31
5	ljq	f	21	1	70	circle	red	(645, 652)	low	dis	(565, 460)	N	dif	hori	left	True	1706812	1708089	left	1	5	32
5	ljq	f	21	1	70	diamond	red	(565, 460)	low	no	no_dis	N	same	vert	up	True	1709270	1711504	up	1	5	33
5	ljq	f	21	1	70	diamond	red	(565, 460)	low	dis	(724, 460)	N	dif	vert	up	True	1712708	1713865	up	1	5	34
5	ljq	f	21	1	70	circle	green	(757, 540)	low	dis	(724, 619)	N	dif	hori	left	True	1715076	1716009	left	1	5	35
5	ljq	f	21	1	70	diamond	green	(565, 619)	low	dis	(645, 652)	N	same	hori	left	True	1717087	1718769	left	1	5	36
5	ljq	f	21	1	70	diamond	red	(533, 540)	high	dis	(645, 652)	N	same	hori	left	True	1719957	1721080	left	1	5	37
5	ljq	f	21	1	70	circle	red	(533, 540)	high	dis	(645, 428)	N	same	hori	left	True	1722094	1723200	left	1	5	38
5	ljq	f	21	1	70	circle	red	(533, 540)	high	no	no_dis	N	dif	hori	left	True	1724304	1725513	left	1	5	39
5	ljq	f	21	1	70	circle	red	(533, 540)	high	dis	(565, 619)	N	same	hori	left	True	1726528	1727905	left	1	5	40
5	ljq	f	21	1	70	diamond	red	(565, 619)	low	dis	(757, 540)	N	same	hori	left	True	1728961	1730313	left	1	5	41
5	ljq	f	21	1	70	diamond	red	(533, 540)	high	dis	(565, 460)	N	dif	vert	up	True	1731410	1732281	up	1	5	42
5	ljq	f	21	1	70	circle	green	(565, 460)	low	dis	(533, 540)	Y	same	hori	left	True	1733336	1734593	left	1	5	43
5	ljq	f	21	1	70	circle	green	(533, 540)	high	dis	(724, 460)	N	dif	vert	up	True	1735722	1736640	up	1	5	44
5	ljq	f	21	1	70	circle	green	(533, 540)	high	dis	(645, 652)	N	same	vert	up	True	1737697	1738625	up	1	5	45
5	ljq	f	21	1	70	diamond	green	(565, 460)	low	no	no_dis	N	same	hori	left	True	1739828	1740745	left	1	5	46
5	ljq	f	21	1	70	circle	green	(533, 540)	high	no	no_dis	N	same	vert	up	True	1741920	1742929	up	1	5	47
5	ljq	f	21	1	70	circle	green	(724, 460)	low	no	no_dis	N	dif	hori	left	True	1743984	1744841	left	1	5	48
5	ljq	f	21	1	70	diamond	red	(533, 540)	high	dis	(757, 540)	N	dif	hori	left	True	1746080	1747864	left	1	5	49
5	ljq	f	21	1	70	circle	red	(533, 540)	high	dis	(724, 460)	N	same	vert	up	True	1748930	1750769	up	1	5	50
5	ljq	f	21	1	70	diamond	red	(533, 540)	high	no	no_dis	N	same	vert	up	True	1751794	1753049	up	1	5	51
5	ljq	f	21	1	70	diamond	green	(757, 540)	low	dis	(533, 540)	Y	same	vert	up	True	1754219	1756233	up	1	5	52
5	ljq	f	21	1	70	diamond	green	(533, 540)	high	dis	(565, 619)	N	same	hori	left	True	1757395	1758633	left	1	5	53
5	ljq	f	21	1	70	diamond	green	(645, 652)	low	dis	(724, 460)	N	dif	hori	left	True	1759760	1761097	left	1	5	54
5	ljq	f	21	1	70	circle	green	(533, 540)	high	dis	(565, 619)	N	dif	hori	left	True	1762105	1763600	up	0	5	55
5	ljq	f	21	1	70	diamond	red	(533, 540)	high	dis	(724, 460)	N	dif	vert	up	True	1766244	1767353	up	1	5	56
5	ljq	f	21	1	70	circle	red	(533, 540)	high	no	no_dis	N	dif	hori	left	True	1768491	1769649	left	1	5	57
5	ljq	f	21	1	70	diamond	green	(533, 540)	high	no	no_dis	N	same	hori	left	True	1770705	1772337	left	1	5	58
5	ljq	f	21	1	70	circle	red	(757, 540)	low	no	no_dis	N	dif	vert	up	True	1773372	1775144	up	1	5	59
5	ljq	f	21	1	70	diamond	green	(533, 540)	high	dis	(565, 619)	N	same	hori	left	True	1776373	1777576	left	1	5	60
5	ljq	f	21	1	70	circle	red	(533, 540)	high	dis	(724, 619)	N	dif	hori	left	True	1778623	1780617	left	1	5	61
5	ljq	f	21	1	70	diamond	green	(533, 540)	high	dis	(565, 460)	N	dif	hori	left	True	1781815	1783960	up	0	5	62
5	ljq	f	21	1	70	diamond	red	(724, 619)	low	dis	(533, 540)	Y	dif	vert	up	True	1786680	1787937	up	1	5	63
5	ljq	f	21	1	70	circle	green	(645, 652)	low	dis	(533, 540)	Y	same	hori	left	True	1788939	1790928	left	1	5	64
5	ljq	f	21	1	70	diamond	green	(533, 540)	high	dis	(757, 540)	N	same	vert	up	True	1792004	1792864	up	1	5	65
5	ljq	f	21	1	70	diamond	green	(533, 540)	high	dis	(724, 619)	N	dif	hori	left	True	1793905	1794969	left	1	5	66
5	ljq	f	21	1	70	diamond	red	(533, 540)	high	dis	(724, 460)	N	same	hori	left	True	1796117	1797209	left	1	5	67
5	ljq	f	21	1	70	diamond	green	(533, 540)	high	dis	(724, 460)	N	same	vert	up	True	1798342	1799417	up	1	5	68
5	ljq	f	21	1	70	circle	red	(533, 540)	high	dis	(724, 619)	N	same	hori	left	True	1800479	1802072	left	1	5	69
5	ljq	f	21	1	70	circle	green	(645, 428)	low	dis	(533, 540)	Y	same	hori	left	True	1803282	1804224	left	1	5	70
5	ljq	f	21	1	70	diamond	green	(533, 540)	high	no	no_dis	N	same	vert	up	True	1805311	1806817	up	1	5	71
5	ljq	f	21	1	70	diamond	green	(533, 540)	high	no	no_dis	N	same	hori	left	True	1807906	1808745	left	1	5	72
5	ljq	f	21	1	70	diamond	red	(533, 540)	high	no	no_dis	N	dif	hori	left	True	1809889	1811144	left	1	5	73
5	ljq	f	21	1	70	diamond	green	(533, 540)	high	no	no_dis	N	same	vert	up	True	1812182	1813161	up	1	5	74
5	ljq	f	21	1	70	circle	red	(533, 540)	high	no	no_dis	N	dif	vert	up	True	1814347	1816009	up	1	5	75
5	ljq	f	21	1	70	diamond	red	(757, 540)	low	dis	(645, 428)	N	same	vert	up	True	1817260	1819593	up	1	5	76
5	ljq	f	21	1	70	circle	green	(533, 540)	high	no	no_dis	N	dif	vert	up	True	1820660	1822849	up	1	5	77
5	ljq	f	21	1	70	diamond	green	(645, 652)	low	no	no_dis	N	dif	hori	left	True	1823919	1825065	left	1	5	78
5	ljq	f	21	1	70	diamond	green	(533, 540)	high	no	no_dis	N	dif	hori	left	True	1826267	1827800	left	1	5	79
5	ljq	f	21	1	70	circle	green	(533, 540)	high	dis	(724, 619)	N	same	vert	up	True	1828852	1829880	up	1	5	80
5	ljq	f	21	1	70	diamond	red	(533, 540)	high	dis	(724, 460)	N	dif	vert	up	True	1830981	1832248	up	1	5	81
5	ljq	f	21	1	70	circle	red	(533, 540)	high	no	no_dis	N	same	vert	up	True	1833323	1834409	up	1	5	82
5	ljq	f	21	1	70	diamond	red	(645, 428)	low	dis	(565, 619)	N	dif	hori	left	True	1835444	1836976	left	1	5	83
5	ljq	f	21	1	70	diamond	red	(533, 540)	high	dis	(565, 460)	N	same	hori	left	True	1838197	1839649	left	1	5	84
5	ljq	f	21	1	70	diamond	red	(533, 540)	high	dis	(645, 652)	N	dif	vert	up	True	1840886	1841736	up	1	5	85
5	ljq	f	21	1	70	circle	red	(533, 540)	high	dis	(724, 619)	N	dif	hori	left	True	1842739	1844281	left	1	5	86
5	ljq	f	21	1	70	circle	red	(533, 540)	high	dis	(645, 652)	N	dif	hori	left	True	1845464	1847177	left	1	5	87
5	ljq	f	21	1	70	diamond	green	(533, 540)	high	dis	(565, 460)	N	dif	hori	left	True	1848352	1849673	left	1	5	88
5	ljq	f	21	1	70	diamond	green	(533, 540)	high	dis	(565, 460)	N	same	vert	up	True	1850904	1852393	up	1	5	89
5	ljq	f	21	1	70	circle	green	(724, 619)	low	dis	(533, 540)	Y	dif	vert	up	True	1853482	1855857	up	1	5	90
5	ljq	f	21	1	70	diamond	red	(533, 540)	high	dis	(645, 428)	N	dif	hori	left	True	1856866	1858185	left	1	5	91
5	ljq	f	21	1	70	diamond	green	(724, 460)	low	no	no_dis	N	dif	vert	up	True	1859237	1860441	up	1	5	92
5	ljq	f	21	1	70	circle	red	(533, 540)	high	dis	(645, 652)	N	same	hori	left	True	1861500	1862977	left	1	5	93
5	ljq	f	21	1	70	circle	red	(533, 540)	high	dis	(645, 652)	N	dif	vert	up	True	1864211	1865569	up	1	5	94
5	ljq	f	21	1	70	circle	red	(533, 540)	high	no	no_dis	N	same	hori	left	True	1866621	1868368	left	1	5	95
5	ljq	f	21	1	70	circle	red	(533, 540)	high	no	no_dis	N	dif	hori	left	True	1869390	1870433	left	1	5	96
5	ljq	f	21	1	70	diamond	red	(533, 540)	high	dis	(757, 540)	N	same	vert	up	True	1871526	1872824	up	1	5	97
5	ljq	f	21	1	70	circle	green	(533, 540)	high	no	no_dis	N	same	hori	left	True	1873961	1875480	left	1	5	98
5	ljq	f	21	1	70	circle	red	(565, 619)	low	dis	(533, 540)	Y	same	vert	up	True	1876638	1879033	up	1	5	99
5	ljq	f	21	1	70	circle	green	(533, 540)	high	no	no_dis	N	dif	vert	up	True	1880245	1882152	up	1	5	100
5	ljq	f	21	1	70	diamond	green	(533, 540)	high	no	no_dis	N	same	hori	left	True	1883353	1885289	left	1	5	101
5	ljq	f	21	1	70	circle	green	(565, 619)	low	no	no_dis	N	dif	vert	up	True	1886412	1887656	up	1	5	102
5	ljq	f	21	1	70	diamond	green	(533, 540)	high	no	no_dis	N	dif	hori	left	True	1888726	1890352	left	1	5	103
5	ljq	f	21	1	70	circle	red	(533, 540)	high	dis	(565, 460)	N	dif	vert	up	True	1891444	1893273	up	1	5	104
5	ljq	f	21	1	70	diamond	green	(533, 540)	high	dis	(645, 428)	N	dif	hori	left	True	1894465	1896289	left	1	5	105
5	ljq	f	21	1	70	circle	green	(724, 460)	low	dis	(565, 619)	N	same	hori	left	True	1897424	1899785	left	1	5	106
5	ljq	f	21	1	70	circle	green	(533, 540)	high	no	no_dis	N	dif	vert	up	True	1900924	1902201	up	1	5	107
5	ljq	f	21	1	70	diamond	red	(533, 540)	high	no	no_dis	N	same	hori	left	True	1903238	1904680	left	1	5	108
5	ljq	f	21	1	70	diamond	green	(533, 540)	high	dis	(757, 540)	N	dif	vert	up	True	1905738	1907305	up	1	5	109
5	ljq	f	21	1	70	diamond	green	(565, 460)	low	dis	(533, 540)	Y	dif	vert	up	True	1908552	1909776	left	0	5	110
5	ljq	f	21	1	70	diamond	green	(724, 460)	low	dis	(533, 540)	Y	same	vert	up	True	1912513	1913552	up	1	5	111
5	ljq	f	21	1	70	circle	red	(724, 619)	low	no	no_dis	N	same	hori	left	True	1914767	1916600	left	1	5	112
5	ljq	f	21	1	70	circle	red	(533, 540)	high	dis	(565, 460)	N	dif	hori	left	True	1917657	1920041	left	1	5	113
5	ljq	f	21	1	70	circle	green	(533, 540)	high	dis	(757, 540)	N	dif	vert	up	True	1921251	1923177	left	0	5	114
5	ljq	f	21	1	70	diamond	red	(533, 540)	high	no	no_dis	N	same	vert	up	True	1925892	1928432	up	1	5	115
5	ljq	f	21	1	70	circle	red	(757, 540)	low	dis	(645, 428)	N	dif	vert	up	True	1929566	1931145	up	1	5	116
5	ljq	f	21	1	70	diamond	red	(533, 540)	high	no	no_dis	N	same	vert	up	True	1932179	1933857	up	1	5	117
5	ljq	f	21	1	70	diamond	red	(533, 540)	high	no	no_dis	N	same	hori	left	True	1934915	1936313	left	1	5	118
5	ljq	f	21	1	70	diamond	red	(533, 540)	high	no	no_dis	N	dif	vert	up	True	1937466	1938784	up	1	5	119
5	ljq	f	21	1	70	circle	red	(645, 428)	low	dis	(645, 652)	N	same	vert	up	True	1939960	1942089	up	1	5	120
5	ljq	f	21	1	70	circle	green	(724, 619)	low	no	no_dis	N	same	vert	up	True	1977558	1979208	up	1	6	1
5	ljq	f	21	1	70	circle	green	(533, 540)	high	dis	(724, 460)	N	same	hori	left	True	1980241	1981672	left	1	6	2
5	ljq	f	21	1	70	diamond	green	(533, 540)	high	dis	(645, 428)	N	dif	vert	up	True	1982815	1984160	up	1	6	3
5	ljq	f	21	1	70	diamond	green	(533, 540)	high	dis	(724, 460)	N	same	hori	left	True	1985190	1986344	left	1	6	4
5	ljq	f	21	1	70	circle	red	(533, 540)	high	dis	(724, 619)	N	same	vert	up	True	1987532	1988921	up	1	6	5
5	ljq	f	21	1	70	circle	green	(533, 540)	high	dis	(724, 619)	N	same	hori	left	True	1990170	1991129	left	1	6	6
5	ljq	f	21	1	70	diamond	green	(565, 460)	low	dis	(533, 540)	Y	same	vert	up	True	1992157	1993321	up	1	6	7
5	ljq	f	21	1	70	circle	green	(533, 540)	high	dis	(565, 619)	N	dif	vert	up	True	1994392	1996064	up	1	6	8
5	ljq	f	21	1	70	circle	red	(533, 540)	high	dis	(724, 460)	N	same	hori	left	True	1997313	1998336	left	1	6	9
5	ljq	f	21	1	70	circle	green	(533, 540)	high	dis	(757, 540)	N	dif	hori	left	True	1999473	2000320	left	1	6	10
5	ljq	f	21	1	70	diamond	green	(533, 540)	high	no	no_dis	N	dif	vert	up	True	2001524	2003248	up	1	6	11
5	ljq	f	21	1	70	circle	red	(533, 540)	high	dis	(724, 460)	N	same	vert	up	True	2004424	2005936	up	1	6	12
5	ljq	f	21	1	70	circle	red	(533, 540)	high	no	no_dis	N	dif	vert	up	True	2007075	2008064	up	1	6	13
5	ljq	f	21	1	70	circle	red	(533, 540)	high	dis	(757, 540)	N	dif	hori	left	True	2009228	2011888	left	1	6	14
5	ljq	f	21	1	70	diamond	red	(533, 540)	high	dis	(565, 460)	N	dif	vert	up	True	2012933	2015280	up	1	6	15
5	ljq	f	21	1	70	circle	red	(533, 540)	high	no	no_dis	N	same	hori	left	True	2016504	2018416	left	1	6	16
5	ljq	f	21	1	70	circle	green	(757, 540)	low	no	no_dis	N	dif	hori	left	True	2019612	2020985	left	1	6	17
5	ljq	f	21	1	70	diamond	red	(533, 540)	high	no	no_dis	N	dif	vert	up	True	2022064	2023112	up	1	6	18
5	ljq	f	21	1	70	diamond	green	(533, 540)	high	dis	(757, 540)	N	same	hori	left	True	2024181	2025153	left	1	6	19
5	ljq	f	21	1	70	circle	green	(533, 540)	high	no	no_dis	N	same	hori	left	True	2026184	2027024	left	1	6	20
5	ljq	f	21	1	70	diamond	green	(533, 540)	high	dis	(565, 619)	N	dif	vert	up	True	2028031	2029480	up	1	6	21
5	ljq	f	21	1	70	diamond	red	(724, 460)	low	dis	(533, 540)	Y	dif	vert	up	True	2030728	2032352	up	1	6	22
5	ljq	f	21	1	70	circle	green	(645, 428)	low	dis	(757, 540)	N	same	vert	up	True	2033460	2034617	up	1	6	23
5	ljq	f	21	1	70	diamond	red	(565, 619)	low	dis	(645, 652)	N	dif	vert	up	True	2035679	2037864	left	0	6	24
5	ljq	f	21	1	70	circle	red	(533, 540)	high	no	no_dis	N	dif	hori	left	True	2040554	2042416	up	0	6	25
5	ljq	f	21	1	70	circle	green	(533, 540)	high	no	no_dis	N	same	hori	left	True	2045015	2046593	left	1	6	26
5	ljq	f	21	1	70	circle	green	(533, 540)	high	dis	(724, 460)	N	dif	hori	left	True	2047696	2048512	left	1	6	27
5	ljq	f	21	1	70	circle	green	(533, 540)	high	dis	(565, 619)	N	dif	vert	up	True	2049676	2050569	up	1	6	28
5	ljq	f	21	1	70	circle	green	(533, 540)	high	no	no_dis	N	dif	hori	left	True	2051606	2052785	left	1	6	29
5	ljq	f	21	1	70	diamond	green	(533, 540)	high	dis	(724, 619)	N	same	vert	up	True	2053859	2054921	up	1	6	30
5	ljq	f	21	1	70	diamond	green	(533, 540)	high	dis	(565, 460)	N	dif	vert	up	True	2055928	2057688	up	1	6	31
5	ljq	f	21	1	70	circle	green	(757, 540)	low	dis	(533, 540)	Y	same	hori	left	True	2058692	2059624	left	1	6	32
5	ljq	f	21	1	70	diamond	green	(533, 540)	high	dis	(645, 428)	N	dif	hori	left	True	2060715	2062536	left	1	6	33
5	ljq	f	21	1	70	diamond	red	(533, 540)	high	dis	(645, 428)	N	same	vert	up	True	2063695	2064936	up	1	6	34
5	ljq	f	21	1	70	diamond	red	(645, 428)	low	dis	(533, 540)	Y	dif	hori	left	True	2066041	2067841	left	1	6	35
5	ljq	f	21	1	70	diamond	red	(533, 540)	high	dis	(565, 460)	N	dif	hori	left	True	2068999	2070361	left	1	6	36
5	ljq	f	21	1	70	diamond	red	(533, 540)	high	dis	(565, 619)	N	dif	vert	up	True	2071449	2072976	up	1	6	37
5	ljq	f	21	1	70	diamond	red	(533, 540)	high	dis	(565, 619)	N	dif	hori	left	True	2074219	2075464	left	1	6	38
5	ljq	f	21	1	70	circle	red	(645, 428)	low	dis	(533, 540)	Y	same	hori	left	True	2076694	2077992	up	0	6	39
5	ljq	f	21	1	70	diamond	red	(533, 540)	high	dis	(645, 428)	N	same	hori	left	True	2080617	2082232	left	1	6	40
5	ljq	f	21	1	70	circle	red	(533, 540)	high	dis	(645, 428)	N	same	vert	up	True	2083320	2085561	up	1	6	41
5	ljq	f	21	1	70	diamond	green	(533, 540)	high	no	no_dis	N	same	vert	up	True	2086611	2088064	up	1	6	42
5	ljq	f	21	1	70	circle	red	(533, 540)	high	no	no_dis	N	dif	vert	up	True	2089086	2090680	up	1	6	43
5	ljq	f	21	1	70	circle	green	(533, 540)	high	no	no_dis	N	same	hori	left	True	2091921	2092937	left	1	6	44
5	ljq	f	21	1	70	diamond	green	(645, 652)	low	no	no_dis	N	dif	vert	up	True	2094153	2095569	up	1	6	45
5	ljq	f	21	1	70	diamond	red	(724, 619)	low	dis	(724, 460)	N	dif	hori	left	True	2096790	2098537	left	1	6	46
5	ljq	f	21	1	70	diamond	red	(533, 540)	high	dis	(645, 652)	N	same	hori	left	True	2099678	2100625	left	1	6	47
5	ljq	f	21	1	70	circle	red	(533, 540)	high	dis	(757, 540)	N	same	vert	up	True	2101833	2104457	left	0	6	48
5	ljq	f	21	1	70	diamond	red	(533, 540)	high	no	no_dis	N	dif	hori	left	True	2107091	2109208	left	1	6	49
5	ljq	f	21	1	70	circle	red	(533, 540)	high	no	no_dis	N	dif	vert	up	True	2110286	2112584	up	1	6	50
5	ljq	f	21	1	70	diamond	red	(533, 540)	high	dis	(724, 619)	N	dif	hori	left	False	2113790	None	None	0	6	51
5	ljq	f	21	1	70	circle	green	(533, 540)	high	no	no_dis	N	dif	hori	left	True	2119478	2120929	left	1	6	52
5	ljq	f	21	1	70	diamond	green	(645, 652)	low	dis	(724, 619)	N	dif	vert	up	True	2122130	2123433	up	1	6	53
5	ljq	f	21	1	70	diamond	green	(533, 540)	high	no	no_dis	N	same	hori	left	True	2124500	2125625	left	1	6	54
5	ljq	f	21	1	70	diamond	red	(533, 540)	high	dis	(757, 540)	N	dif	vert	up	True	2126714	2127592	up	1	6	55
5	ljq	f	21	1	70	circle	red	(533, 540)	high	dis	(645, 652)	N	dif	hori	left	True	2128766	2129977	left	1	6	56
5	ljq	f	21	1	70	circle	green	(533, 540)	high	no	no_dis	N	same	vert	up	True	2131073	2132312	up	1	6	57
5	ljq	f	21	1	70	diamond	green	(533, 540)	high	dis	(565, 460)	N	same	hori	left	True	2133480	2134520	left	1	6	58
5	ljq	f	21	1	70	circle	red	(533, 540)	high	dis	(565, 619)	N	dif	hori	left	True	2135599	2137160	left	1	6	59
5	ljq	f	21	1	70	diamond	green	(724, 460)	low	dis	(645, 428)	N	dif	hori	left	False	2138275	None	None	0	6	60
5	ljq	f	21	1	70	diamond	red	(565, 619)	low	no	no_dis	N	dif	hori	left	True	2143997	2145720	left	1	6	61
5	ljq	f	21	1	70	diamond	green	(533, 540)	high	no	no_dis	N	same	vert	up	True	2146901	2148433	up	1	6	62
5	ljq	f	21	1	70	circle	green	(645, 652)	low	dis	(724, 460)	N	dif	hori	left	True	2149668	2151345	left	1	6	63
5	ljq	f	21	1	70	diamond	red	(757, 540)	low	dis	(533, 540)	Y	same	vert	up	True	2152519	2153833	up	1	6	64
5	ljq	f	21	1	70	diamond	green	(533, 540)	high	dis	(724, 460)	N	same	hori	left	True	2155055	2156225	left	1	6	65
5	ljq	f	21	1	70	circle	red	(757, 540)	low	dis	(565, 460)	N	same	hori	left	True	2157292	2158529	left	1	6	66
5	ljq	f	21	1	70	circle	red	(757, 540)	low	no	no_dis	N	dif	vert	up	True	2159721	2161824	up	1	6	67
5	ljq	f	21	1	70	circle	green	(724, 619)	low	dis	(533, 540)	Y	same	vert	up	True	2163056	2164192	up	1	6	68
5	ljq	f	21	1	70	circle	red	(724, 460)	low	dis	(565, 460)	N	same	hori	left	True	2165329	2166816	left	1	6	69
5	ljq	f	21	1	70	circle	green	(533, 540)	high	dis	(645, 652)	N	same	hori	left	True	2168007	2169152	left	1	6	70
5	ljq	f	21	1	70	circle	green	(533, 540)	high	dis	(645, 652)	N	same	vert	up	True	2170372	2172072	up	1	6	71
5	ljq	f	21	1	70	circle	green	(533, 540)	high	dis	(724, 619)	N	same	vert	up	True	2173272	2174328	up	1	6	72
5	ljq	f	21	1	70	diamond	green	(533, 540)	high	no	no_dis	N	same	vert	up	True	2175479	2177113	up	1	6	73
5	ljq	f	21	1	70	circle	green	(533, 540)	high	no	no_dis	N	same	vert	up	True	2178349	2179816	up	1	6	74
5	ljq	f	21	1	70	circle	red	(533, 540)	high	dis	(565, 619)	N	dif	hori	left	True	2180963	2181968	left	1	6	75
5	ljq	f	21	1	70	diamond	red	(533, 540)	high	no	no_dis	N	same	hori	left	True	2183011	2184120	left	1	6	76
5	ljq	f	21	1	70	diamond	red	(565, 460)	low	no	no_dis	N	same	hori	left	True	2185258	2187089	left	1	6	77
5	ljq	f	21	1	70	diamond	red	(533, 540)	high	dis	(565, 460)	N	dif	vert	up	True	2188295	2189345	up	1	6	78
5	ljq	f	21	1	70	diamond	red	(565, 460)	low	dis	(565, 619)	N	dif	hori	left	True	2190376	2192608	left	1	6	79
5	ljq	f	21	1	70	diamond	green	(533, 540)	high	no	no_dis	N	dif	vert	up	True	2193829	2194920	up	1	6	80
5	ljq	f	21	1	70	circle	red	(645, 652)	low	dis	(533, 540)	Y	same	vert	up	False	2195977	None	None	0	6	81
5	ljq	f	21	1	70	diamond	green	(645, 428)	low	dis	(724, 619)	N	same	hori	left	True	2201498	2202680	left	1	6	82
5	ljq	f	21	1	70	circle	red	(565, 619)	low	dis	(757, 540)	N	dif	hori	left	True	2203742	2206057	left	1	6	83
5	ljq	f	21	1	70	circle	green	(645, 428)	low	no	no_dis	N	same	hori	left	True	2207092	2208304	left	1	6	84
5	ljq	f	21	1	70	circle	red	(533, 540)	high	no	no_dis	N	dif	hori	left	True	2209475	2211400	up	0	6	85
5	ljq	f	21	1	70	circle	green	(565, 460)	low	dis	(565, 619)	N	same	vert	up	True	2214159	2215912	up	1	6	86
5	ljq	f	21	1	70	diamond	red	(533, 540)	high	no	no_dis	N	same	vert	up	True	2217124	2218376	up	1	6	87
5	ljq	f	21	1	70	circle	green	(533, 540)	high	dis	(645, 428)	N	same	vert	up	True	2219578	2221424	up	1	6	88
5	ljq	f	21	1	70	diamond	green	(645, 652)	low	no	no_dis	N	dif	vert	up	True	2222485	2224217	up	1	6	89
5	ljq	f	21	1	70	diamond	green	(757, 540)	low	dis	(645, 652)	N	dif	vert	up	True	2225439	2227184	up	1	6	90
5	ljq	f	21	1	70	circle	green	(533, 540)	high	dis	(645, 652)	N	same	hori	left	True	2228264	2229768	left	1	6	91
5	ljq	f	21	1	70	diamond	green	(533, 540)	high	dis	(565, 619)	N	dif	vert	up	True	2230867	2232160	up	1	6	92
5	ljq	f	21	1	70	circle	red	(533, 540)	high	dis	(724, 460)	N	same	hori	left	True	2233304	2234448	left	1	6	93
5	ljq	f	21	1	70	diamond	green	(533, 540)	high	dis	(565, 460)	N	same	vert	up	True	2235650	2237249	up	1	6	94
5	ljq	f	21	1	70	circle	green	(724, 460)	low	dis	(533, 540)	Y	dif	vert	up	True	2238310	2240544	up	1	6	95
5	ljq	f	21	1	70	circle	red	(533, 540)	high	no	no_dis	N	dif	hori	left	True	2241626	2242600	left	1	6	96
5	ljq	f	21	1	70	circle	green	(533, 540)	high	dis	(645, 652)	N	same	vert	up	True	2243849	2245048	up	1	6	97
5	ljq	f	21	1	70	diamond	red	(533, 540)	high	dis	(757, 540)	N	same	vert	up	True	2246144	2247361	up	1	6	98
5	ljq	f	21	1	70	diamond	green	(533, 540)	high	dis	(565, 460)	N	same	vert	up	True	2248551	2250104	up	1	6	99
5	ljq	f	21	1	70	diamond	red	(533, 540)	high	dis	(724, 460)	N	same	vert	up	True	2251282	2252345	up	1	6	100
5	ljq	f	21	1	70	diamond	green	(565, 619)	low	dis	(645, 428)	N	dif	vert	up	True	2253480	2255257	left	0	6	101
5	ljq	f	21	1	70	circle	red	(565, 460)	low	no	no_dis	N	same	hori	left	True	2257809	2260272	up	0	6	102
5	ljq	f	21	1	70	circle	red	(533, 540)	high	dis	(645, 652)	N	dif	vert	up	True	2262795	2263889	up	1	6	103
5	ljq	f	21	1	70	diamond	red	(533, 540)	high	dis	(645, 428)	N	same	hori	left	True	2264914	2265880	left	1	6	104
5	ljq	f	21	1	70	diamond	red	(533, 540)	high	dis	(724, 619)	N	dif	hori	left	True	2266910	2268057	left	1	6	105
5	ljq	f	21	1	70	diamond	red	(533, 540)	high	no	no_dis	N	dif	vert	up	True	2269074	2270128	up	1	6	106
5	ljq	f	21	1	70	circle	red	(724, 619)	low	dis	(533, 540)	Y	same	hori	left	True	2271223	2273512	left	1	6	107
5	ljq	f	21	1	70	circle	green	(533, 540)	high	dis	(565, 460)	N	dif	hori	left	True	2274722	2275888	left	1	6	108
5	ljq	f	21	1	70	circle	red	(533, 540)	high	dis	(645, 428)	N	dif	hori	left	True	2277070	2277977	left	1	6	109
5	ljq	f	21	1	70	diamond	green	(533, 540)	high	dis	(724, 619)	N	dif	vert	up	True	2279084	2279896	up	1	6	110
5	ljq	f	21	1	70	circle	green	(533, 540)	high	dis	(757, 540)	N	same	hori	left	True	2281124	2282520	left	1	6	111
5	ljq	f	21	1	70	circle	red	(724, 619)	low	no	no_dis	N	same	vert	up	True	2283628	2285377	up	1	6	112
5	ljq	f	21	1	70	diamond	red	(533, 540)	high	no	no_dis	N	same	hori	left	True	2286478	2287408	left	1	6	113
5	ljq	f	21	1	70	diamond	red	(724, 460)	low	no	no_dis	N	dif	hori	left	True	2288646	2290152	left	1	6	114
5	ljq	f	21	1	70	diamond	green	(565, 619)	low	no	no_dis	N	same	vert	up	True	2291396	2293121	up	1	6	115
5	ljq	f	21	1	70	diamond	green	(533, 540)	high	dis	(645, 652)	N	dif	vert	up	True	2294366	2295528	up	1	6	116
5	ljq	f	21	1	70	circle	red	(533, 540)	high	dis	(724, 619)	N	dif	vert	up	True	2296774	2298136	up	1	6	117
5	ljq	f	21	1	70	diamond	green	(533, 540)	high	no	no_dis	N	dif	hori	left	True	2299187	2300152	left	1	6	118
5	ljq	f	21	1	70	diamond	red	(533, 540)	high	no	no_dis	N	same	vert	up	True	2301296	2302168	up	1	6	119
5	ljq	f	21	1	70	circle	red	(533, 540)	high	dis	(757, 540)	N	dif	hori	left	True	2303262	2305072	left	1	6	120
conf	5	ljq	f	21	1	70	True	2338909	2343960	5	True	2343974	2347105	1
