subj	name	gender	age	prac	group	shape	color	tar_loc	popularity	dis_cond	dis_loc	dis_high	td_dif	line	respkey	gotkey	startTime	respTime	resp	correct	block	trialnum
6	hmn	f	19	1	70	circle	green	(565, 619)	high	no	no_dis	N	same	hori	left	True	24975	26400	left	1	1	1
6	hmn	f	19	1	70	circle	red	(565, 619)	high	dis	(724, 619)	N	same	vert	up	True	27503	28945	up	1	1	2
6	hmn	f	19	1	70	diamond	green	(565, 619)	high	dis	(724, 460)	N	dif	hori	left	True	30088	31641	left	1	1	3
6	hmn	f	19	1	70	diamond	green	(565, 619)	high	dis	(645, 428)	N	same	hori	left	True	32774	34313	left	1	1	4
6	hmn	f	19	1	70	diamond	red	(565, 619)	high	dis	(533, 540)	N	same	vert	up	True	35463	37241	up	1	1	5
6	hmn	f	19	1	70	circle	red	(565, 619)	high	no	no_dis	N	dif	vert	up	True	38464	39913	up	1	1	6
6	hmn	f	19	1	70	diamond	red	(565, 619)	high	dis	(533, 540)	N	same	hori	left	True	41105	42537	left	1	1	7
6	hmn	f	19	1	70	circle	green	(757, 540)	low	dis	(565, 619)	Y	same	hori	left	True	43709	45177	left	1	1	8
6	hmn	f	19	1	70	diamond	red	(565, 619)	high	dis	(724, 460)	N	dif	vert	up	True	46241	47513	up	1	1	9
6	hmn	f	19	1	70	diamond	green	(565, 619)	high	dis	(565, 460)	N	dif	hori	left	True	48635	50032	left	1	1	10
6	hmn	f	19	1	70	circle	green	(565, 619)	high	dis	(724, 460)	N	dif	vert	up	True	51239	52673	up	1	1	11
6	hmn	f	19	1	70	diamond	red	(565, 460)	low	dis	(565, 619)	Y	dif	vert	up	True	53787	55409	up	1	1	12
6	hmn	f	19	1	70	circle	green	(565, 619)	high	no	no_dis	N	same	hori	left	True	56499	57849	left	1	1	13
6	hmn	f	19	1	70	circle	green	(565, 619)	high	no	no_dis	N	same	vert	up	True	58865	60521	up	1	1	14
6	hmn	f	19	1	70	diamond	red	(724, 619)	low	dis	(533, 540)	N	dif	hori	left	True	61654	63649	left	1	1	15
6	hmn	f	19	1	70	circle	red	(565, 619)	high	dis	(565, 460)	N	same	hori	left	True	64751	66273	left	1	1	16
6	hmn	f	19	1	70	circle	red	(565, 619)	high	dis	(565, 460)	N	same	vert	up	True	67340	68769	up	1	1	17
6	hmn	f	19	1	70	diamond	green	(565, 619)	high	dis	(724, 619)	N	dif	hori	left	True	69937	71233	up	0	1	18
6	hmn	f	19	1	70	diamond	green	(757, 540)	low	dis	(533, 540)	N	dif	vert	up	True	73815	75417	up	1	1	19
6	hmn	f	19	1	70	circle	red	(645, 652)	low	no	no_dis	N	dif	hori	left	True	76540	77849	left	1	1	20
6	hmn	f	19	1	70	circle	green	(724, 460)	low	dis	(565, 619)	Y	same	vert	up	True	79053	80769	up	1	1	21
6	hmn	f	19	1	70	diamond	green	(565, 619)	high	no	no_dis	N	dif	hori	left	True	81890	83361	left	1	1	22
6	hmn	f	19	1	70	circle	red	(565, 619)	high	dis	(757, 540)	N	dif	hori	left	True	84579	86097	left	1	1	23
6	hmn	f	19	1	70	circle	green	(565, 619)	high	dis	(565, 460)	N	dif	vert	up	True	87195	88434	up	1	1	24
6	hmn	f	19	1	70	circle	green	(565, 460)	low	dis	(565, 619)	Y	dif	vert	up	True	89497	91448	up	1	1	25
6	hmn	f	19	1	70	circle	red	(757, 540)	low	no	no_dis	N	dif	vert	up	True	92537	93553	up	1	1	26
6	hmn	f	19	1	70	circle	green	(565, 460)	low	no	no_dis	N	same	vert	up	True	94609	95785	up	1	1	27
6	hmn	f	19	1	70	diamond	green	(565, 619)	high	no	no_dis	N	dif	vert	up	True	96884	98281	up	1	1	28
6	hmn	f	19	1	70	circle	red	(724, 460)	low	no	no_dis	N	same	vert	up	True	99317	101193	up	1	1	29
6	hmn	f	19	1	70	diamond	green	(565, 460)	low	dis	(565, 619)	Y	same	hori	left	True	102237	103809	left	1	1	30
6	hmn	f	19	1	70	circle	red	(565, 619)	high	no	no_dis	N	dif	hori	left	True	104978	106617	left	1	1	31
6	hmn	f	19	1	70	diamond	green	(724, 460)	low	dis	(645, 428)	N	dif	hori	left	True	107809	109873	left	1	1	32
6	hmn	f	19	1	70	circle	green	(565, 619)	high	dis	(533, 540)	N	same	hori	left	True	111000	112753	left	1	1	33
6	hmn	f	19	1	70	diamond	green	(565, 619)	high	no	no_dis	N	same	hori	left	True	113841	115682	left	1	1	34
6	hmn	f	19	1	70	diamond	red	(565, 619)	high	dis	(645, 652)	N	dif	vert	up	True	116738	118529	up	1	1	35
6	hmn	f	19	1	70	diamond	green	(645, 652)	low	dis	(724, 460)	N	same	vert	up	True	119759	121217	up	1	1	36
6	hmn	f	19	1	70	diamond	green	(565, 619)	high	no	no_dis	N	same	hori	left	True	122449	124433	left	1	1	37
6	hmn	f	19	1	70	circle	red	(565, 619)	high	no	no_dis	N	dif	hori	left	True	125455	126561	left	1	1	38
6	hmn	f	19	1	70	diamond	green	(565, 619)	high	dis	(533, 540)	N	same	vert	up	True	127797	129249	up	1	1	39
6	hmn	f	19	1	70	diamond	green	(565, 619)	high	dis	(565, 460)	N	same	hori	left	True	130287	132042	left	1	1	40
6	hmn	f	19	1	70	diamond	green	(565, 619)	high	dis	(645, 428)	N	same	hori	left	True	133112	134721	left	1	1	41
6	hmn	f	19	1	70	circle	red	(565, 619)	high	dis	(645, 652)	N	same	hori	left	True	135900	137969	left	1	1	42
6	hmn	f	19	1	70	diamond	red	(565, 619)	high	no	no_dis	N	same	vert	up	True	139070	140697	up	1	1	43
6	hmn	f	19	1	70	circle	red	(565, 619)	high	dis	(724, 619)	N	same	vert	up	True	141938	143401	up	1	1	44
6	hmn	f	19	1	70	circle	red	(565, 619)	high	no	no_dis	N	dif	vert	up	True	144635	146385	up	1	1	45
6	hmn	f	19	1	70	circle	red	(565, 619)	high	no	no_dis	N	dif	vert	up	True	147543	148897	up	1	1	46
6	hmn	f	19	1	70	circle	red	(645, 652)	low	dis	(757, 540)	N	dif	vert	up	True	149970	151529	up	1	1	47
6	hmn	f	19	1	70	diamond	green	(565, 619)	high	no	no_dis	N	same	vert	up	True	152718	154329	up	1	1	48
6	hmn	f	19	1	70	diamond	green	(645, 428)	low	dis	(645, 652)	N	dif	hori	left	True	155418	157281	left	1	1	49
6	hmn	f	19	1	70	diamond	red	(565, 619)	high	no	no_dis	N	dif	hori	left	True	158492	159720	left	1	1	50
6	hmn	f	19	1	70	circle	green	(565, 619)	high	dis	(645, 652)	N	dif	vert	up	True	160872	163097	up	1	1	51
6	hmn	f	19	1	70	diamond	red	(565, 619)	high	dis	(645, 652)	N	dif	vert	up	True	164135	165801	up	1	1	52
6	hmn	f	19	1	70	circle	green	(565, 619)	high	dis	(724, 460)	N	same	hori	left	True	166972	168113	left	1	1	53
6	hmn	f	19	1	70	diamond	red	(565, 619)	high	dis	(533, 540)	N	dif	hori	left	True	169338	170657	left	1	1	54
6	hmn	f	19	1	70	circle	red	(533, 540)	low	dis	(724, 619)	N	same	hori	left	True	171660	172968	left	1	1	55
6	hmn	f	19	1	70	diamond	red	(565, 619)	high	no	no_dis	N	same	vert	up	True	174109	175393	up	1	1	56
6	hmn	f	19	1	70	diamond	red	(533, 540)	low	dis	(565, 619)	Y	dif	vert	up	True	176595	178449	up	1	1	57
6	hmn	f	19	1	70	circle	green	(565, 619)	high	no	no_dis	N	dif	hori	left	True	179580	181593	left	1	1	58
6	hmn	f	19	1	70	diamond	green	(565, 619)	high	dis	(565, 460)	N	dif	vert	up	True	182720	184457	up	1	1	59
6	hmn	f	19	1	70	diamond	green	(565, 619)	high	dis	(724, 460)	N	same	hori	left	True	185567	187385	left	1	1	60
6	hmn	f	19	1	70	diamond	green	(565, 619)	high	no	no_dis	N	same	hori	left	True	188561	190137	left	1	1	61
6	hmn	f	19	1	70	circle	green	(565, 619)	high	dis	(645, 652)	N	same	vert	up	True	191297	193713	up	1	1	62
6	hmn	f	19	1	70	diamond	green	(533, 540)	low	dis	(757, 540)	N	dif	hori	left	True	194820	197105	left	1	1	63
6	hmn	f	19	1	70	diamond	green	(565, 619)	high	dis	(724, 619)	N	dif	vert	up	True	198183	200649	up	1	1	64
6	hmn	f	19	1	70	circle	green	(533, 540)	low	no	no_dis	N	dif	hori	left	True	201717	203626	left	1	1	65
6	hmn	f	19	1	70	diamond	red	(565, 619)	high	dis	(757, 540)	N	dif	vert	up	True	204847	207473	up	1	1	66
6	hmn	f	19	1	70	circle	red	(565, 619)	high	dis	(724, 619)	N	same	vert	up	True	208672	209937	up	1	1	67
6	hmn	f	19	1	70	circle	green	(565, 619)	high	dis	(724, 460)	N	same	vert	up	True	211155	212145	up	1	1	68
6	hmn	f	19	1	70	diamond	red	(565, 619)	high	dis	(757, 540)	N	dif	vert	up	True	213239	214569	up	1	1	69
6	hmn	f	19	1	70	diamond	red	(724, 460)	low	no	no_dis	N	dif	hori	left	True	215704	216993	left	1	1	70
6	hmn	f	19	1	70	diamond	green	(565, 619)	high	no	no_dis	N	same	vert	up	True	218216	219449	up	1	1	71
6	hmn	f	19	1	70	circle	green	(724, 619)	low	dis	(645, 652)	N	same	vert	up	True	220462	222193	up	1	1	72
6	hmn	f	19	1	70	circle	green	(724, 619)	low	no	no_dis	N	dif	vert	up	True	223268	224498	up	1	1	73
6	hmn	f	19	1	70	circle	green	(565, 619)	high	dis	(565, 460)	N	dif	hori	left	True	225632	227345	left	1	1	74
6	hmn	f	19	1	70	circle	red	(724, 619)	low	dis	(645, 428)	N	same	hori	left	True	228521	230009	left	1	1	75
6	hmn	f	19	1	70	circle	green	(565, 619)	high	dis	(645, 428)	N	dif	hori	left	True	231052	232369	left	1	1	76
6	hmn	f	19	1	70	circle	red	(757, 540)	low	dis	(565, 460)	N	same	vert	up	True	233378	234961	up	1	1	77
6	hmn	f	19	1	70	diamond	red	(565, 619)	high	dis	(645, 428)	N	same	hori	left	True	236078	237281	left	1	1	78
6	hmn	f	19	1	70	diamond	red	(565, 619)	high	dis	(645, 652)	N	dif	hori	left	True	238468	239449	left	1	1	79
6	hmn	f	19	1	70	diamond	red	(757, 540)	low	dis	(565, 619)	Y	same	hori	left	True	240578	241984	left	1	1	80
6	hmn	f	19	1	70	circle	red	(565, 619)	high	dis	(724, 619)	N	dif	hori	left	True	243055	244897	left	1	1	81
6	hmn	f	19	1	70	diamond	red	(645, 428)	low	dis	(565, 619)	Y	same	hori	left	True	245993	247569	left	1	1	82
6	hmn	f	19	1	70	diamond	green	(645, 652)	low	no	no_dis	N	same	hori	left	True	248674	250337	left	1	1	83
6	hmn	f	19	1	70	circle	red	(565, 619)	high	dis	(757, 540)	N	dif	vert	up	True	251428	253185	left	0	1	84
6	hmn	f	19	1	70	diamond	green	(565, 619)	high	dis	(757, 540)	N	same	vert	up	True	255819	257665	up	1	1	85
6	hmn	f	19	1	70	diamond	red	(757, 540)	low	no	no_dis	N	same	hori	left	True	258738	260649	left	1	1	86
6	hmn	f	19	1	70	circle	red	(724, 460)	low	dis	(724, 619)	N	same	vert	up	True	261887	263817	up	1	1	87
6	hmn	f	19	1	70	diamond	green	(565, 619)	high	dis	(724, 460)	N	dif	vert	up	True	264976	267225	up	1	1	88
6	hmn	f	19	1	70	diamond	red	(645, 428)	low	no	no_dis	N	same	hori	left	True	268322	270264	left	1	1	89
6	hmn	f	19	1	70	diamond	green	(533, 540)	low	no	no_dis	N	dif	vert	up	True	271279	273114	up	1	1	90
6	hmn	f	19	1	70	circle	red	(565, 619)	high	dis	(533, 540)	N	same	vert	up	True	274299	275769	up	1	1	91
6	hmn	f	19	1	70	circle	red	(565, 619)	high	dis	(757, 540)	N	dif	vert	up	True	276778	278209	up	1	1	92
6	hmn	f	19	1	70	circle	red	(565, 619)	high	no	no_dis	N	dif	vert	up	True	279303	280577	up	1	1	93
6	hmn	f	19	1	70	circle	green	(565, 619)	high	dis	(645, 428)	N	dif	vert	up	True	281702	282649	up	1	1	94
6	hmn	f	19	1	70	circle	green	(565, 619)	high	dis	(757, 540)	N	same	hori	left	True	283655	285017	left	1	1	95
6	hmn	f	19	1	70	diamond	red	(565, 619)	high	no	no_dis	N	same	hori	left	True	286088	287682	left	1	1	96
6	hmn	f	19	1	70	circle	red	(645, 428)	low	dis	(565, 619)	Y	dif	hori	left	True	288823	290465	left	1	1	97
6	hmn	f	19	1	70	circle	green	(565, 619)	high	dis	(533, 540)	N	same	hori	left	True	291631	292681	left	1	1	98
6	hmn	f	19	1	70	diamond	green	(565, 619)	high	dis	(533, 540)	N	dif	hori	left	True	293811	296073	left	1	1	99
6	hmn	f	19	1	70	diamond	red	(565, 619)	high	dis	(724, 460)	N	same	vert	up	True	297302	298761	up	1	1	100
6	hmn	f	19	1	70	diamond	red	(724, 460)	low	dis	(565, 619)	Y	dif	hori	left	True	299877	301641	left	1	1	101
6	hmn	f	19	1	70	circle	green	(565, 619)	high	dis	(645, 428)	N	same	vert	up	True	302770	303977	up	1	1	102
6	hmn	f	19	1	70	circle	green	(565, 619)	high	no	no_dis	N	dif	hori	left	True	305177	306730	left	1	1	103
6	hmn	f	19	1	70	circle	red	(565, 619)	high	dis	(565, 460)	N	dif	hori	left	True	307739	308697	left	1	1	104
6	hmn	f	19	1	70	diamond	green	(565, 619)	high	dis	(645, 652)	N	same	vert	up	True	309893	311762	left	0	1	105
6	hmn	f	19	1	70	diamond	red	(565, 619)	high	dis	(645, 428)	N	same	vert	up	True	314405	316385	up	1	1	106
6	hmn	f	19	1	70	circle	red	(565, 619)	high	dis	(724, 619)	N	dif	hori	left	True	317501	319097	left	1	1	107
6	hmn	f	19	1	70	circle	green	(565, 619)	high	dis	(645, 652)	N	dif	hori	left	True	320104	321897	left	1	1	108
6	hmn	f	19	1	70	diamond	red	(565, 619)	high	dis	(645, 428)	N	same	hori	left	True	323110	324257	left	1	1	109
6	hmn	f	19	1	70	circle	green	(565, 619)	high	no	no_dis	N	dif	vert	up	True	325452	326896	up	1	1	110
6	hmn	f	19	1	70	diamond	red	(565, 619)	high	no	no_dis	N	same	vert	up	True	328019	329800	up	1	1	111
6	hmn	f	19	1	70	diamond	green	(724, 619)	low	no	no_dis	N	same	vert	up	True	330986	332808	up	1	1	112
6	hmn	f	19	1	70	circle	red	(565, 619)	high	no	no_dis	N	dif	hori	left	True	333834	335362	left	1	1	113
6	hmn	f	19	1	70	diamond	red	(565, 619)	high	dis	(757, 540)	N	same	hori	left	True	336395	338946	left	1	1	114
6	hmn	f	19	1	70	diamond	red	(565, 619)	high	no	no_dis	N	same	hori	left	True	340151	341953	left	1	1	115
6	hmn	f	19	1	70	circle	green	(645, 428)	low	dis	(565, 460)	N	dif	vert	up	True	343102	344793	up	1	1	116
6	hmn	f	19	1	70	circle	green	(645, 652)	low	dis	(724, 460)	N	same	vert	up	True	345953	347025	up	1	1	117
6	hmn	f	19	1	70	diamond	red	(565, 619)	high	no	no_dis	N	same	vert	up	True	348149	349761	up	1	1	118
6	hmn	f	19	1	70	circle	red	(565, 619)	high	dis	(724, 619)	N	dif	hori	left	True	350781	351985	left	1	1	119
6	hmn	f	19	1	70	circle	green	(565, 619)	high	no	no_dis	N	dif	vert	up	True	353006	354169	up	1	1	120
6	hmn	f	19	1	70	diamond	green	(565, 619)	high	no	no_dis	N	dif	vert	up	True	385432	386705	up	1	2	1
6	hmn	f	19	1	70	diamond	red	(565, 619)	high	no	no_dis	N	same	hori	left	True	387948	389145	left	1	2	2
6	hmn	f	19	1	70	diamond	green	(565, 619)	high	no	no_dis	N	dif	vert	up	True	390271	391393	up	1	2	3
6	hmn	f	19	1	70	diamond	red	(565, 619)	high	no	no_dis	N	same	vert	up	True	392610	393681	up	1	2	4
6	hmn	f	19	1	70	diamond	green	(565, 619)	high	dis	(724, 619)	N	dif	hori	left	True	394834	395961	left	1	2	5
6	hmn	f	19	1	70	diamond	green	(724, 619)	low	no	no_dis	N	dif	hori	left	True	397061	398593	left	1	2	6
6	hmn	f	19	1	70	circle	green	(565, 619)	high	dis	(533, 540)	N	same	vert	up	True	399751	401073	up	1	2	7
6	hmn	f	19	1	70	circle	green	(565, 619)	high	dis	(724, 460)	N	dif	hori	left	True	402300	403481	left	1	2	8
6	hmn	f	19	1	70	diamond	green	(565, 460)	low	dis	(565, 619)	Y	dif	hori	left	True	404601	405897	left	1	2	9
6	hmn	f	19	1	70	diamond	green	(565, 619)	high	dis	(724, 619)	N	dif	vert	up	True	407125	409185	up	1	2	10
6	hmn	f	19	1	70	circle	red	(565, 619)	high	dis	(645, 428)	N	same	hori	left	True	410285	411922	left	1	2	11
6	hmn	f	19	1	70	circle	green	(565, 619)	high	dis	(533, 540)	N	same	vert	up	True	413111	415129	up	1	2	12
6	hmn	f	19	1	70	diamond	green	(565, 619)	high	dis	(645, 652)	N	same	vert	up	True	416253	418113	up	1	2	13
6	hmn	f	19	1	70	diamond	red	(565, 619)	high	no	no_dis	N	same	vert	up	True	419322	420537	up	1	2	14
6	hmn	f	19	1	70	diamond	green	(565, 619)	high	dis	(645, 428)	N	dif	vert	up	True	421681	423345	up	1	2	15
6	hmn	f	19	1	70	diamond	green	(565, 619)	high	dis	(645, 652)	N	same	vert	up	True	424364	425498	up	1	2	16
6	hmn	f	19	1	70	diamond	red	(565, 460)	low	dis	(533, 540)	N	same	hori	left	True	426638	428450	left	1	2	17
6	hmn	f	19	1	70	circle	green	(645, 428)	low	dis	(645, 652)	N	same	hori	left	True	429625	431201	left	1	2	18
6	hmn	f	19	1	70	diamond	green	(565, 619)	high	dis	(724, 619)	N	same	hori	left	True	432298	433617	left	1	2	19
6	hmn	f	19	1	70	diamond	red	(533, 540)	low	dis	(565, 619)	Y	dif	vert	up	True	434821	436089	up	1	2	20
6	hmn	f	19	1	70	circle	green	(565, 619)	high	no	no_dis	N	dif	hori	left	True	437206	438417	left	1	2	21
6	hmn	f	19	1	70	diamond	green	(645, 428)	low	no	no_dis	N	same	hori	left	True	439427	440705	left	1	2	22
6	hmn	f	19	1	70	circle	red	(565, 619)	high	dis	(757, 540)	N	same	hori	left	True	441718	443586	left	1	2	23
6	hmn	f	19	1	70	circle	green	(565, 619)	high	dis	(645, 428)	N	same	vert	up	True	444620	446001	up	1	2	24
6	hmn	f	19	1	70	circle	green	(565, 619)	high	dis	(645, 652)	N	same	vert	up	True	447115	448529	up	1	2	25
6	hmn	f	19	1	70	circle	green	(565, 619)	high	dis	(533, 540)	N	same	vert	up	True	449547	451233	up	1	2	26
6	hmn	f	19	1	70	circle	green	(724, 460)	low	no	no_dis	N	same	vert	up	True	452308	453481	up	1	2	27
6	hmn	f	19	1	70	circle	green	(565, 619)	high	no	no_dis	N	dif	hori	left	True	454601	455569	left	1	2	28
6	hmn	f	19	1	70	diamond	green	(645, 652)	low	dis	(645, 428)	N	same	hori	left	True	456764	458465	left	1	2	29
6	hmn	f	19	1	70	diamond	red	(565, 619)	high	dis	(724, 460)	N	dif	hori	left	True	459696	460929	left	1	2	30
6	hmn	f	19	1	70	circle	green	(565, 619)	high	no	no_dis	N	dif	hori	left	True	462064	463106	left	1	2	31
6	hmn	f	19	1	70	diamond	red	(565, 619)	high	no	no_dis	N	dif	hori	left	True	464232	465200	left	1	2	32
6	hmn	f	19	1	70	circle	green	(565, 619)	high	no	no_dis	N	same	hori	left	True	466341	467409	left	1	2	33
6	hmn	f	19	1	70	circle	red	(565, 619)	high	dis	(757, 540)	N	same	vert	up	True	468578	469793	up	1	2	34
6	hmn	f	19	1	70	circle	red	(565, 460)	low	no	no_dis	N	dif	vert	up	True	470815	472537	up	1	2	35
6	hmn	f	19	1	70	circle	red	(724, 460)	low	dis	(565, 619)	Y	dif	hori	left	True	473602	475441	left	1	2	36
6	hmn	f	19	1	70	circle	red	(645, 652)	low	dis	(757, 540)	N	same	vert	up	True	476676	477945	up	1	2	37
6	hmn	f	19	1	70	circle	red	(565, 619)	high	dis	(645, 652)	N	dif	hori	left	True	479136	480226	left	1	2	38
6	hmn	f	19	1	70	circle	red	(565, 619)	high	dis	(645, 428)	N	dif	vert	up	True	481232	482553	up	1	2	39
6	hmn	f	19	1	70	diamond	red	(565, 619)	high	dis	(724, 619)	N	dif	vert	up	True	483746	485337	up	1	2	40
6	hmn	f	19	1	70	diamond	red	(757, 540)	low	no	no_dis	N	same	hori	left	True	486493	488185	left	1	2	41
6	hmn	f	19	1	70	circle	red	(757, 540)	low	dis	(724, 460)	N	same	vert	up	True	489214	490689	up	1	2	42
6	hmn	f	19	1	70	diamond	green	(724, 619)	low	no	no_dis	N	same	hori	left	True	491809	493137	left	1	2	43
6	hmn	f	19	1	70	circle	red	(565, 619)	high	dis	(724, 460)	N	same	hori	left	True	494249	495378	left	1	2	44
6	hmn	f	19	1	70	diamond	red	(724, 460)	low	dis	(565, 619)	Y	dif	hori	left	True	496427	497706	up	0	2	45
6	hmn	f	19	1	70	diamond	red	(565, 619)	high	dis	(533, 540)	N	dif	hori	left	True	500312	501961	left	1	2	46
6	hmn	f	19	1	70	diamond	red	(565, 619)	high	dis	(565, 460)	N	same	hori	left	True	503002	504417	left	1	2	47
6	hmn	f	19	1	70	circle	green	(565, 619)	high	dis	(565, 460)	N	dif	vert	up	True	505459	506649	up	1	2	48
6	hmn	f	19	1	70	circle	red	(645, 652)	low	no	no_dis	N	dif	vert	up	True	507872	509113	up	1	2	49
6	hmn	f	19	1	70	circle	red	(565, 619)	high	dis	(645, 428)	N	dif	hori	left	True	510256	511313	left	1	2	50
6	hmn	f	19	1	70	circle	red	(533, 540)	low	dis	(724, 460)	N	dif	vert	up	True	512412	513353	up	1	2	51
6	hmn	f	19	1	70	diamond	red	(565, 619)	high	dis	(757, 540)	N	same	vert	up	True	514428	515602	up	1	2	52
6	hmn	f	19	1	70	circle	green	(565, 619)	high	dis	(565, 460)	N	dif	vert	up	True	516637	517809	up	1	2	53
6	hmn	f	19	1	70	circle	red	(565, 619)	high	no	no_dis	N	dif	hori	left	True	518843	519793	left	1	2	54
6	hmn	f	19	1	70	circle	red	(565, 619)	high	no	no_dis	N	same	hori	left	True	520867	521938	left	1	2	55
6	hmn	f	19	1	70	diamond	green	(724, 460)	low	dis	(565, 619)	Y	dif	hori	left	True	523163	524753	left	1	2	56
6	hmn	f	19	1	70	diamond	red	(565, 619)	high	dis	(533, 540)	N	dif	vert	up	True	525866	527441	up	1	2	57
6	hmn	f	19	1	70	circle	red	(565, 619)	high	no	no_dis	N	same	vert	up	True	528499	529641	up	1	2	58
6	hmn	f	19	1	70	circle	green	(565, 619)	high	dis	(565, 460)	N	dif	hori	left	True	530816	532081	left	1	2	59
6	hmn	f	19	1	70	circle	green	(565, 619)	high	dis	(724, 619)	N	dif	vert	up	True	533160	534649	up	1	2	60
6	hmn	f	19	1	70	diamond	green	(565, 619)	high	dis	(565, 460)	N	dif	vert	up	True	535821	537025	up	1	2	61
6	hmn	f	19	1	70	diamond	red	(565, 619)	high	dis	(645, 428)	N	same	hori	left	True	538195	539529	left	1	2	62
6	hmn	f	19	1	70	circle	green	(757, 540)	low	dis	(724, 619)	N	same	vert	up	True	540745	542609	up	1	2	63
6	hmn	f	19	1	70	diamond	green	(565, 619)	high	dis	(565, 460)	N	dif	vert	up	True	543685	545154	up	1	2	64
6	hmn	f	19	1	70	circle	green	(565, 460)	low	dis	(645, 652)	N	same	hori	left	True	546373	547785	left	1	2	65
6	hmn	f	19	1	70	circle	green	(724, 619)	low	dis	(565, 619)	Y	dif	vert	up	True	548967	550049	up	1	2	66
6	hmn	f	19	1	70	diamond	green	(565, 619)	high	no	no_dis	N	dif	vert	up	True	551100	552369	up	1	2	67
6	hmn	f	19	1	70	diamond	green	(565, 619)	high	dis	(533, 540)	N	dif	hori	left	True	553583	554913	left	1	2	68
6	hmn	f	19	1	70	circle	red	(565, 619)	high	dis	(533, 540)	N	same	vert	up	True	556036	557169	up	1	2	69
6	hmn	f	19	1	70	circle	green	(724, 460)	low	no	no_dis	N	same	vert	up	True	558224	559169	up	1	2	70
6	hmn	f	19	1	70	diamond	red	(565, 619)	high	dis	(645, 428)	N	dif	hori	left	True	560315	561409	left	1	2	71
6	hmn	f	19	1	70	circle	red	(565, 619)	high	no	no_dis	N	dif	hori	left	True	562611	563809	left	1	2	72
6	hmn	f	19	1	70	diamond	green	(565, 619)	high	dis	(645, 652)	N	dif	vert	up	True	565035	566472	up	1	2	73
6	hmn	f	19	1	70	circle	green	(565, 619)	high	dis	(724, 619)	N	same	vert	up	True	567553	568625	up	1	2	74
6	hmn	f	19	1	70	circle	green	(565, 619)	high	no	no_dis	N	same	vert	up	True	569760	570689	up	1	2	75
6	hmn	f	19	1	70	diamond	green	(565, 619)	high	dis	(645, 652)	N	same	vert	up	True	571759	573257	up	1	2	76
6	hmn	f	19	1	70	circle	red	(565, 619)	high	no	no_dis	N	same	vert	up	True	574437	575489	up	1	2	77
6	hmn	f	19	1	70	circle	red	(565, 619)	high	no	no_dis	N	same	hori	left	True	576629	578081	left	1	2	78
6	hmn	f	19	1	70	circle	red	(565, 619)	high	dis	(645, 652)	N	same	hori	left	True	579231	580274	left	1	2	79
6	hmn	f	19	1	70	diamond	red	(533, 540)	low	no	no_dis	N	same	vert	up	True	581458	582641	up	1	2	80
6	hmn	f	19	1	70	circle	red	(565, 619)	high	no	no_dis	N	same	hori	left	True	583713	584953	left	1	2	81
6	hmn	f	19	1	70	diamond	green	(565, 619)	high	no	no_dis	N	same	hori	left	True	586107	587521	left	1	2	82
6	hmn	f	19	1	70	diamond	red	(757, 540)	low	dis	(565, 619)	Y	same	vert	up	True	588750	590585	up	1	2	83
6	hmn	f	19	1	70	diamond	red	(565, 619)	high	dis	(757, 540)	N	same	hori	left	True	591819	593649	left	1	2	84
6	hmn	f	19	1	70	diamond	red	(565, 460)	low	no	no_dis	N	dif	hori	left	True	594800	596153	left	1	2	85
6	hmn	f	19	1	70	circle	green	(533, 540)	low	no	no_dis	N	dif	hori	left	True	597268	598442	left	1	2	86
6	hmn	f	19	1	70	diamond	green	(533, 540)	low	dis	(724, 619)	N	dif	hori	left	True	599560	600793	up	0	2	87
6	hmn	f	19	1	70	diamond	red	(565, 619)	high	dis	(724, 460)	N	dif	hori	left	True	603368	605121	left	1	2	88
6	hmn	f	19	1	70	circle	red	(724, 619)	low	dis	(565, 460)	N	dif	vert	up	True	606257	608361	up	1	2	89
6	hmn	f	19	1	70	diamond	green	(565, 619)	high	dis	(724, 460)	N	same	hori	left	True	609438	611081	left	1	2	90
6	hmn	f	19	1	70	circle	red	(757, 540)	low	no	no_dis	N	dif	vert	up	True	612215	613898	up	1	2	91
6	hmn	f	19	1	70	circle	green	(565, 619)	high	dis	(533, 540)	N	same	hori	left	True	615148	616346	left	1	2	92
6	hmn	f	19	1	70	diamond	green	(565, 619)	high	no	no_dis	N	same	vert	up	True	617475	619162	up	1	2	93
6	hmn	f	19	1	70	circle	green	(565, 619)	high	dis	(757, 540)	N	dif	vert	up	True	620318	621865	up	1	2	94
6	hmn	f	19	1	70	diamond	red	(565, 619)	high	dis	(724, 619)	N	dif	vert	up	True	622986	624385	up	1	2	95
6	hmn	f	19	1	70	diamond	red	(565, 619)	high	dis	(724, 460)	N	same	hori	left	True	625624	627209	left	1	2	96
6	hmn	f	19	1	70	circle	red	(565, 619)	high	dis	(757, 540)	N	same	vert	up	True	628211	630009	up	1	2	97
6	hmn	f	19	1	70	diamond	green	(565, 619)	high	no	no_dis	N	dif	vert	up	True	631065	632857	up	1	2	98
6	hmn	f	19	1	70	circle	red	(565, 619)	high	dis	(757, 540)	N	dif	hori	left	True	633959	635001	left	1	2	99
6	hmn	f	19	1	70	circle	green	(565, 619)	high	dis	(757, 540)	N	same	vert	up	True	636225	637562	up	1	2	100
6	hmn	f	19	1	70	circle	red	(565, 619)	high	dis	(565, 460)	N	same	hori	left	True	638809	639713	left	1	2	101
6	hmn	f	19	1	70	circle	red	(565, 619)	high	dis	(724, 460)	N	same	hori	left	True	640786	641833	left	1	2	102
6	hmn	f	19	1	70	diamond	red	(565, 619)	high	no	no_dis	N	dif	vert	up	True	642959	643994	up	1	2	103
6	hmn	f	19	1	70	diamond	red	(565, 619)	high	dis	(724, 460)	N	dif	hori	left	True	645197	646545	left	1	2	104
6	hmn	f	19	1	70	circle	green	(565, 619)	high	no	no_dis	N	dif	vert	up	True	647748	648881	up	1	2	105
6	hmn	f	19	1	70	diamond	red	(565, 619)	high	no	no_dis	N	dif	vert	up	True	650042	651482	up	1	2	106
6	hmn	f	19	1	70	diamond	red	(565, 619)	high	dis	(645, 652)	N	same	hori	left	True	652578	653777	left	1	2	107
6	hmn	f	19	1	70	diamond	green	(565, 619)	high	dis	(724, 619)	N	dif	hori	left	True	654989	656185	left	1	2	108
6	hmn	f	19	1	70	diamond	red	(565, 619)	high	no	no_dis	N	same	vert	up	True	657230	658681	up	1	2	109
6	hmn	f	19	1	70	diamond	green	(645, 428)	low	dis	(565, 619)	Y	same	hori	left	True	659792	661769	left	1	2	110
6	hmn	f	19	1	70	circle	red	(645, 428)	low	dis	(757, 540)	N	dif	vert	up	True	662920	664721	up	1	2	111
6	hmn	f	19	1	70	circle	green	(724, 460)	low	dis	(565, 619)	Y	same	hori	left	True	665727	667858	left	1	2	112
6	hmn	f	19	1	70	diamond	green	(565, 619)	high	no	no_dis	N	same	hori	left	True	668948	670249	left	1	2	113
6	hmn	f	19	1	70	diamond	red	(724, 619)	low	dis	(645, 428)	N	same	vert	up	True	671332	673770	up	1	2	114
6	hmn	f	19	1	70	circle	green	(565, 619)	high	no	no_dis	N	dif	hori	left	True	674818	676161	left	1	2	115
6	hmn	f	19	1	70	diamond	red	(645, 428)	low	dis	(565, 619)	Y	dif	vert	up	True	677181	678785	up	1	2	116
6	hmn	f	19	1	70	diamond	green	(565, 619)	high	dis	(565, 460)	N	dif	vert	up	True	679923	681313	up	1	2	117
6	hmn	f	19	1	70	circle	green	(645, 652)	low	dis	(565, 460)	N	dif	hori	left	True	682481	684458	left	1	2	118
6	hmn	f	19	1	70	circle	red	(565, 619)	high	dis	(645, 428)	N	dif	hori	left	True	685556	686617	left	1	2	119
6	hmn	f	19	1	70	diamond	green	(757, 540)	low	dis	(533, 540)	N	same	vert	up	True	687625	688961	up	1	2	120
6	hmn	f	19	1	70	circle	red	(757, 540)	low	no	no_dis	N	same	hori	left	True	724223	725504	left	1	3	1
6	hmn	f	19	1	70	circle	red	(757, 540)	low	no	no_dis	N	same	hori	left	True	726687	727610	left	1	3	2
6	hmn	f	19	1	70	diamond	red	(565, 619)	high	dis	(757, 540)	N	dif	hori	left	True	728769	730185	left	1	3	3
6	hmn	f	19	1	70	circle	red	(533, 540)	low	no	no_dis	N	same	hori	left	True	731430	732265	left	1	3	4
6	hmn	f	19	1	70	circle	green	(565, 619)	high	no	no_dis	N	same	hori	left	True	733367	734657	left	1	3	5
6	hmn	f	19	1	70	circle	green	(565, 460)	low	dis	(565, 619)	Y	dif	vert	up	True	735851	737250	up	1	3	6
6	hmn	f	19	1	70	diamond	red	(565, 619)	high	dis	(565, 460)	N	dif	vert	up	True	738406	739409	up	1	3	7
6	hmn	f	19	1	70	diamond	green	(565, 619)	high	no	no_dis	N	dif	hori	left	True	740447	741634	left	1	3	8
6	hmn	f	19	1	70	circle	green	(565, 619)	high	no	no_dis	N	same	hori	left	True	742805	744017	left	1	3	9
6	hmn	f	19	1	70	circle	red	(724, 460)	low	dis	(645, 428)	N	dif	hori	left	True	745039	746346	left	1	3	10
6	hmn	f	19	1	70	circle	red	(533, 540)	low	dis	(565, 619)	Y	same	hori	left	True	747518	748521	left	1	3	11
6	hmn	f	19	1	70	diamond	green	(565, 619)	high	dis	(565, 460)	N	dif	vert	up	True	749771	751441	up	1	3	12
6	hmn	f	19	1	70	circle	green	(565, 619)	high	dis	(724, 460)	N	dif	hori	left	True	752668	753697	left	1	3	13
6	hmn	f	19	1	70	circle	green	(645, 652)	low	dis	(724, 619)	N	same	hori	left	True	754923	756065	left	1	3	14
6	hmn	f	19	1	70	diamond	red	(565, 619)	high	dis	(645, 428)	N	same	vert	up	True	757228	758425	up	1	3	15
6	hmn	f	19	1	70	diamond	red	(565, 619)	high	dis	(724, 619)	N	dif	hori	left	True	759492	760809	left	1	3	16
6	hmn	f	19	1	70	circle	red	(645, 428)	low	dis	(533, 540)	N	same	vert	up	True	762013	763081	up	1	3	17
6	hmn	f	19	1	70	diamond	red	(565, 619)	high	dis	(645, 652)	N	dif	hori	left	True	764154	765353	left	1	3	18
6	hmn	f	19	1	70	circle	red	(565, 619)	high	no	no_dis	N	dif	hori	left	True	766600	767634	left	1	3	19
6	hmn	f	19	1	70	diamond	red	(565, 619)	high	dis	(724, 619)	N	same	vert	up	True	768864	770226	up	1	3	20
6	hmn	f	19	1	70	circle	red	(757, 540)	low	dis	(645, 652)	N	dif	vert	up	True	771283	772689	up	1	3	21
6	hmn	f	19	1	70	circle	red	(565, 619)	high	dis	(645, 652)	N	same	hori	left	True	773784	774625	left	1	3	22
6	hmn	f	19	1	70	circle	green	(565, 619)	high	dis	(724, 619)	N	same	vert	up	True	775737	776665	up	1	3	23
6	hmn	f	19	1	70	diamond	green	(565, 619)	high	dis	(724, 619)	N	dif	vert	up	True	777839	779793	up	1	3	24
6	hmn	f	19	1	70	diamond	red	(565, 619)	high	dis	(645, 428)	N	dif	vert	up	True	780927	782097	up	1	3	25
6	hmn	f	19	1	70	diamond	red	(724, 619)	low	dis	(757, 540)	N	dif	vert	up	True	783211	784489	up	1	3	26
6	hmn	f	19	1	70	circle	red	(565, 619)	high	no	no_dis	N	dif	hori	left	True	785730	786801	left	1	3	27
6	hmn	f	19	1	70	circle	green	(565, 619)	high	dis	(724, 460)	N	dif	hori	left	True	787816	788625	left	1	3	28
6	hmn	f	19	1	70	circle	green	(724, 460)	low	dis	(757, 540)	N	same	vert	up	True	789731	790785	up	1	3	29
6	hmn	f	19	1	70	diamond	red	(565, 619)	high	no	no_dis	N	same	vert	up	True	791882	793225	up	1	3	30
6	hmn	f	19	1	70	diamond	red	(565, 619)	high	dis	(645, 652)	N	same	hori	left	True	794317	796129	left	1	3	31
6	hmn	f	19	1	70	circle	green	(565, 619)	high	dis	(565, 460)	N	same	vert	up	True	797277	798658	up	1	3	32
6	hmn	f	19	1	70	circle	green	(565, 619)	high	dis	(757, 540)	N	same	hori	left	True	799677	801522	left	1	3	33
6	hmn	f	19	1	70	diamond	red	(565, 619)	high	no	no_dis	N	dif	hori	left	True	802524	803641	left	1	3	34
6	hmn	f	19	1	70	circle	red	(565, 619)	high	dis	(565, 460)	N	dif	hori	left	True	804732	806210	left	1	3	35
6	hmn	f	19	1	70	circle	red	(565, 619)	high	dis	(533, 540)	N	dif	vert	up	True	807358	808546	up	1	3	36
6	hmn	f	19	1	70	circle	red	(565, 619)	high	dis	(757, 540)	N	dif	vert	up	True	809738	810898	up	1	3	37
6	hmn	f	19	1	70	circle	green	(565, 619)	high	dis	(757, 540)	N	dif	hori	left	True	811920	812746	left	1	3	38
6	hmn	f	19	1	70	circle	red	(565, 619)	high	no	no_dis	N	dif	vert	up	True	813897	814825	up	1	3	39
6	hmn	f	19	1	70	diamond	green	(724, 460)	low	dis	(724, 619)	N	dif	hori	left	True	815903	816905	left	1	3	40
6	hmn	f	19	1	70	circle	green	(565, 619)	high	dis	(533, 540)	N	dif	vert	up	True	817974	818858	up	1	3	41
6	hmn	f	19	1	70	diamond	red	(565, 619)	high	dis	(533, 540)	N	dif	hori	left	True	820078	821169	left	1	3	42
6	hmn	f	19	1	70	circle	red	(565, 619)	high	no	no_dis	N	same	hori	left	True	822340	823417	left	1	3	43
6	hmn	f	19	1	70	circle	red	(565, 619)	high	dis	(565, 460)	N	same	vert	up	True	824608	825513	up	1	3	44
6	hmn	f	19	1	70	diamond	red	(645, 428)	low	dis	(565, 619)	Y	same	hori	left	True	826569	828418	left	1	3	45
6	hmn	f	19	1	70	diamond	green	(565, 619)	high	no	no_dis	N	same	vert	up	True	829646	830738	up	1	3	46
6	hmn	f	19	1	70	diamond	green	(645, 428)	low	dis	(565, 460)	N	dif	vert	up	True	831814	833001	up	1	3	47
6	hmn	f	19	1	70	diamond	green	(565, 619)	high	dis	(565, 460)	N	dif	hori	left	True	834200	835234	left	1	3	48
6	hmn	f	19	1	70	diamond	green	(565, 619)	high	dis	(724, 619)	N	dif	hori	left	True	836417	837801	left	1	3	49
6	hmn	f	19	1	70	circle	green	(645, 428)	low	dis	(565, 460)	N	dif	hori	left	True	838887	839921	up	0	3	50
6	hmn	f	19	1	70	diamond	green	(565, 619)	high	no	no_dis	N	same	vert	up	True	842617	844057	up	1	3	51
6	hmn	f	19	1	70	diamond	green	(565, 619)	high	dis	(757, 540)	N	dif	hori	left	True	845179	846633	left	1	3	52
6	hmn	f	19	1	70	diamond	green	(645, 652)	low	dis	(724, 460)	N	dif	vert	up	True	847850	849410	up	1	3	53
6	hmn	f	19	1	70	diamond	green	(565, 619)	high	no	no_dis	N	same	hori	left	True	850420	852025	left	1	3	54
6	hmn	f	19	1	70	circle	red	(565, 619)	high	dis	(724, 460)	N	same	hori	left	True	853174	854466	left	1	3	55
6	hmn	f	19	1	70	circle	green	(565, 619)	high	dis	(724, 460)	N	same	hori	left	True	855606	856641	left	1	3	56
6	hmn	f	19	1	70	circle	red	(565, 619)	high	dis	(724, 460)	N	same	hori	left	True	857800	858849	left	1	3	57
6	hmn	f	19	1	70	diamond	red	(757, 540)	low	dis	(565, 619)	Y	dif	hori	left	True	860066	861689	left	1	3	58
6	hmn	f	19	1	70	diamond	green	(565, 619)	high	no	no_dis	N	dif	vert	up	True	862791	864169	up	1	3	59
6	hmn	f	19	1	70	circle	red	(565, 619)	high	dis	(645, 652)	N	dif	vert	up	True	865204	866873	up	1	3	60
6	hmn	f	19	1	70	diamond	red	(565, 619)	high	dis	(757, 540)	N	same	hori	left	True	868065	869609	left	1	3	61
6	hmn	f	19	1	70	diamond	green	(565, 619)	high	no	no_dis	N	same	hori	left	True	870639	872329	left	1	3	62
6	hmn	f	19	1	70	circle	green	(645, 428)	low	no	no_dis	N	dif	vert	up	True	873455	874650	up	1	3	63
6	hmn	f	19	1	70	diamond	red	(533, 540)	low	dis	(565, 619)	Y	dif	hori	left	True	875663	877009	left	1	3	64
6	hmn	f	19	1	70	diamond	green	(565, 619)	high	dis	(533, 540)	N	dif	vert	up	True	878216	879993	up	1	3	65
6	hmn	f	19	1	70	diamond	red	(565, 619)	high	no	no_dis	N	dif	vert	up	True	881059	882681	up	1	3	66
6	hmn	f	19	1	70	circle	green	(565, 619)	high	dis	(645, 428)	N	same	hori	left	True	883692	885777	left	1	3	67
6	hmn	f	19	1	70	circle	green	(565, 619)	high	no	no_dis	N	dif	vert	up	True	886787	889089	up	1	3	68
6	hmn	f	19	1	70	circle	red	(645, 652)	low	dis	(724, 460)	N	same	vert	up	True	890263	891369	up	1	3	69
6	hmn	f	19	1	70	circle	green	(565, 619)	high	dis	(645, 428)	N	dif	hori	left	True	892473	893450	left	1	3	70
6	hmn	f	19	1	70	circle	green	(757, 540)	low	dis	(533, 540)	N	dif	hori	left	True	894594	895809	left	1	3	71
6	hmn	f	19	1	70	diamond	red	(565, 619)	high	dis	(645, 428)	N	same	vert	up	True	897006	898009	up	1	3	72
6	hmn	f	19	1	70	diamond	red	(724, 460)	low	no	no_dis	N	dif	vert	up	True	899164	901265	up	1	3	73
6	hmn	f	19	1	70	diamond	red	(724, 460)	low	no	no_dis	N	same	vert	up	True	902402	904041	up	1	3	74
6	hmn	f	19	1	70	circle	green	(565, 619)	high	dis	(533, 540)	N	same	vert	up	True	905068	906961	up	1	3	75
6	hmn	f	19	1	70	circle	red	(724, 619)	low	dis	(565, 619)	Y	same	hori	left	True	908062	909161	left	1	3	76
6	hmn	f	19	1	70	circle	green	(565, 619)	high	no	no_dis	N	dif	vert	up	True	910201	911409	up	1	3	77
6	hmn	f	19	1	70	diamond	green	(565, 619)	high	dis	(724, 460)	N	same	hori	left	True	912412	913890	left	1	3	78
6	hmn	f	19	1	70	circle	green	(565, 619)	high	no	no_dis	N	dif	hori	left	True	915025	916210	left	1	3	79
6	hmn	f	19	1	70	diamond	green	(565, 619)	high	no	no_dis	N	same	vert	up	True	917351	918809	up	1	3	80
6	hmn	f	19	1	70	diamond	green	(565, 619)	high	dis	(645, 428)	N	same	hori	left	True	919993	921346	left	1	3	81
6	hmn	f	19	1	70	circle	green	(645, 652)	low	no	no_dis	N	dif	hori	left	True	922519	923705	left	1	3	82
6	hmn	f	19	1	70	circle	red	(565, 619)	high	dis	(645, 652)	N	dif	vert	up	True	924731	925945	up	1	3	83
6	hmn	f	19	1	70	diamond	green	(565, 619)	high	dis	(724, 619)	N	same	vert	up	True	927186	929609	up	1	3	84
6	hmn	f	19	1	70	diamond	red	(645, 652)	low	no	no_dis	N	dif	vert	up	True	930616	931889	up	1	3	85
6	hmn	f	19	1	70	circle	red	(565, 619)	high	no	no_dis	N	same	vert	up	True	933010	934977	up	1	3	86
6	hmn	f	19	1	70	circle	red	(565, 619)	high	no	no_dis	N	same	vert	up	True	936092	937241	up	1	3	87
6	hmn	f	19	1	70	diamond	green	(565, 460)	low	no	no_dis	N	dif	hori	left	True	938490	939970	left	1	3	88
6	hmn	f	19	1	70	diamond	green	(565, 619)	high	dis	(724, 460)	N	same	vert	up	True	941177	942529	up	1	3	89
6	hmn	f	19	1	70	circle	green	(565, 619)	high	dis	(645, 652)	N	dif	hori	left	True	943739	944954	left	1	3	90
6	hmn	f	19	1	70	circle	green	(533, 540)	low	no	no_dis	N	dif	hori	left	True	946158	947378	left	1	3	91
6	hmn	f	19	1	70	diamond	green	(565, 619)	high	dis	(645, 652)	N	same	hori	left	True	948521	949961	left	1	3	92
6	hmn	f	19	1	70	diamond	red	(565, 619)	high	dis	(724, 619)	N	same	vert	up	True	951120	952705	up	1	3	93
6	hmn	f	19	1	70	circle	green	(724, 619)	low	dis	(565, 619)	Y	same	hori	left	True	953892	955297	left	1	3	94
6	hmn	f	19	1	70	diamond	red	(565, 619)	high	dis	(565, 460)	N	same	vert	up	True	956378	957682	up	1	3	95
6	hmn	f	19	1	70	circle	green	(565, 619)	high	no	no_dis	N	same	hori	left	True	958793	959913	left	1	3	96
6	hmn	f	19	1	70	circle	red	(565, 619)	high	dis	(757, 540)	N	same	hori	left	True	961151	962305	left	1	3	97
6	hmn	f	19	1	70	circle	red	(565, 619)	high	dis	(724, 460)	N	same	hori	left	True	963500	964985	left	1	3	98
6	hmn	f	19	1	70	diamond	green	(757, 540)	low	dis	(565, 619)	Y	same	hori	left	True	966162	967441	left	1	3	99
6	hmn	f	19	1	70	diamond	green	(565, 460)	low	dis	(565, 619)	Y	same	vert	up	True	968623	970722	up	1	3	100
6	hmn	f	19	1	70	circle	red	(565, 619)	high	dis	(645, 428)	N	dif	vert	up	True	971728	973017	up	1	3	101
6	hmn	f	19	1	70	diamond	red	(565, 619)	high	no	no_dis	N	dif	hori	left	True	974089	975385	left	1	3	102
6	hmn	f	19	1	70	diamond	green	(565, 619)	high	dis	(724, 619)	N	same	vert	up	True	976408	977657	up	1	3	103
6	hmn	f	19	1	70	diamond	red	(565, 619)	high	no	no_dis	N	dif	vert	up	True	978706	980017	up	1	3	104
6	hmn	f	19	1	70	circle	green	(565, 619)	high	dis	(757, 540)	N	same	hori	left	True	981055	982777	left	1	3	105
6	hmn	f	19	1	70	circle	green	(565, 619)	high	dis	(645, 428)	N	dif	vert	up	True	983861	984841	up	1	3	106
6	hmn	f	19	1	70	diamond	red	(724, 460)	low	dis	(645, 652)	N	same	vert	up	True	985869	987082	up	1	3	107
6	hmn	f	19	1	70	circle	red	(565, 619)	high	dis	(645, 652)	N	dif	vert	up	True	988234	989721	up	1	3	108
6	hmn	f	19	1	70	diamond	green	(724, 619)	low	no	no_dis	N	same	vert	up	True	990827	992673	up	1	3	109
6	hmn	f	19	1	70	diamond	red	(565, 619)	high	no	no_dis	N	same	hori	left	True	993872	995322	left	1	3	110
6	hmn	f	19	1	70	diamond	green	(565, 619)	high	dis	(533, 540)	N	dif	vert	up	True	996378	997313	up	1	3	111
6	hmn	f	19	1	70	diamond	red	(565, 619)	high	dis	(533, 540)	N	same	vert	up	True	998494	1000074	up	1	3	112
6	hmn	f	19	1	70	diamond	green	(724, 619)	low	no	no_dis	N	same	vert	up	True	1001141	1002257	up	1	3	113
6	hmn	f	19	1	70	circle	green	(565, 619)	high	no	no_dis	N	same	vert	up	True	1003315	1004361	up	1	3	114
6	hmn	f	19	1	70	circle	red	(565, 619)	high	dis	(533, 540)	N	same	vert	up	True	1005436	1006898	up	1	3	115
6	hmn	f	19	1	70	diamond	green	(565, 619)	high	dis	(565, 460)	N	dif	hori	left	True	1008129	1009514	left	1	3	116
6	hmn	f	19	1	70	diamond	red	(565, 619)	high	no	no_dis	N	dif	hori	left	True	1010553	1012593	left	1	3	117
6	hmn	f	19	1	70	diamond	green	(533, 540)	low	dis	(645, 428)	N	dif	vert	up	True	1013760	1015361	up	1	3	118
6	hmn	f	19	1	70	circle	red	(565, 619)	high	no	no_dis	N	dif	vert	up	True	1016441	1018122	left	0	3	119
6	hmn	f	19	1	70	diamond	red	(565, 460)	low	dis	(565, 619)	Y	same	vert	up	True	1020837	1022665	up	1	3	120
6	hmn	f	19	1	70	diamond	red	(565, 619)	high	dis	(565, 460)	N	dif	hori	left	True	1058752	1060129	left	1	4	1
6	hmn	f	19	1	70	circle	red	(757, 540)	low	no	no_dis	N	same	hori	left	True	1061174	1062521	left	1	4	2
6	hmn	f	19	1	70	diamond	red	(645, 428)	low	dis	(533, 540)	N	dif	hori	left	True	1063678	1065193	left	1	4	3
6	hmn	f	19	1	70	diamond	red	(565, 619)	high	no	no_dis	N	same	vert	up	True	1066255	1067585	up	1	4	4
6	hmn	f	19	1	70	diamond	green	(565, 619)	high	dis	(565, 460)	N	same	hori	left	True	1068745	1069794	left	1	4	5
6	hmn	f	19	1	70	diamond	green	(565, 619)	high	no	no_dis	N	dif	hori	left	True	1071028	1072049	left	1	4	6
6	hmn	f	19	1	70	circle	green	(565, 619)	high	dis	(724, 619)	N	dif	vert	up	True	1073183	1074185	up	1	4	7
6	hmn	f	19	1	70	diamond	red	(724, 460)	low	dis	(533, 540)	N	same	hori	left	True	1075204	1076809	left	1	4	8
6	hmn	f	19	1	70	circle	red	(645, 652)	low	dis	(565, 619)	Y	dif	hori	left	True	1078019	1079449	left	1	4	9
6	hmn	f	19	1	70	circle	green	(565, 619)	high	dis	(757, 540)	N	dif	vert	up	True	1080454	1081569	up	1	4	10
6	hmn	f	19	1	70	diamond	green	(565, 619)	high	no	no_dis	N	same	vert	up	True	1082788	1084585	up	1	4	11
6	hmn	f	19	1	70	circle	green	(565, 619)	high	dis	(645, 428)	N	same	hori	left	True	1085761	1086881	left	1	4	12
6	hmn	f	19	1	70	circle	red	(645, 428)	low	dis	(565, 619)	Y	dif	hori	left	True	1088013	1088825	left	1	4	13
6	hmn	f	19	1	70	circle	green	(565, 619)	high	dis	(757, 540)	N	dif	vert	up	True	1090025	1090897	up	1	4	14
6	hmn	f	19	1	70	circle	green	(724, 619)	low	dis	(565, 460)	N	same	vert	up	True	1091980	1092930	up	1	4	15
6	hmn	f	19	1	70	diamond	green	(565, 619)	high	dis	(645, 652)	N	same	vert	up	True	1094147	1096202	up	1	4	16
6	hmn	f	19	1	70	diamond	green	(565, 460)	low	dis	(724, 460)	N	same	vert	up	True	1097439	1098713	up	1	4	17
6	hmn	f	19	1	70	diamond	green	(724, 460)	low	dis	(645, 428)	N	same	vert	up	True	1099957	1101721	up	1	4	18
6	hmn	f	19	1	70	diamond	green	(565, 619)	high	no	no_dis	N	dif	hori	left	True	1102934	1104065	left	1	4	19
6	hmn	f	19	1	70	diamond	green	(757, 540)	low	dis	(565, 619)	Y	same	vert	up	True	1105282	1106426	up	1	4	20
6	hmn	f	19	1	70	diamond	red	(565, 619)	high	no	no_dis	N	same	vert	up	True	1107667	1108713	up	1	4	21
6	hmn	f	19	1	70	diamond	green	(565, 619)	high	dis	(645, 652)	N	same	vert	up	True	1109942	1110937	up	1	4	22
6	hmn	f	19	1	70	diamond	green	(645, 652)	low	dis	(565, 460)	N	dif	vert	up	True	1112066	1113401	up	1	4	23
6	hmn	f	19	1	70	circle	red	(724, 460)	low	no	no_dis	N	dif	vert	up	True	1114421	1115434	up	1	4	24
6	hmn	f	19	1	70	diamond	green	(565, 619)	high	no	no_dis	N	dif	hori	left	True	1116578	1117618	left	1	4	25
6	hmn	f	19	1	70	diamond	green	(565, 619)	high	no	no_dis	N	same	hori	left	True	1118623	1119898	left	1	4	26
6	hmn	f	19	1	70	circle	green	(565, 619)	high	dis	(645, 428)	N	same	vert	up	True	1121080	1121961	up	1	4	27
6	hmn	f	19	1	70	circle	green	(565, 619)	high	no	no_dis	N	dif	hori	left	True	1122980	1124089	left	1	4	28
6	hmn	f	19	1	70	diamond	red	(565, 619)	high	dis	(757, 540)	N	same	hori	left	True	1125334	1127106	left	1	4	29
6	hmn	f	19	1	70	circle	green	(565, 460)	low	dis	(565, 619)	Y	same	vert	up	True	1128339	1130185	up	1	4	30
6	hmn	f	19	1	70	circle	red	(565, 619)	high	dis	(533, 540)	N	dif	hori	left	True	1131204	1132105	left	1	4	31
6	hmn	f	19	1	70	diamond	red	(565, 460)	low	dis	(724, 619)	N	dif	vert	up	True	1133215	1134362	up	1	4	32
6	hmn	f	19	1	70	circle	green	(565, 619)	high	no	no_dis	N	same	vert	up	True	1135389	1136530	up	1	4	33
6	hmn	f	19	1	70	diamond	red	(565, 619)	high	dis	(533, 540)	N	same	hori	left	True	1137772	1140154	left	1	4	34
6	hmn	f	19	1	70	circle	green	(645, 428)	low	no	no_dis	N	same	hori	left	True	1141319	1142874	left	1	4	35
6	hmn	f	19	1	70	circle	red	(565, 619)	high	dis	(645, 428)	N	dif	hori	left	True	1143993	1145489	left	1	4	36
6	hmn	f	19	1	70	circle	green	(565, 619)	high	no	no_dis	N	same	hori	left	True	1146728	1147505	left	1	4	37
6	hmn	f	19	1	70	diamond	red	(565, 619)	high	dis	(533, 540)	N	dif	vert	up	True	1148732	1149825	up	1	4	38
6	hmn	f	19	1	70	diamond	red	(565, 619)	high	no	no_dis	N	dif	vert	up	True	1151073	1152185	up	1	4	39
6	hmn	f	19	1	70	circle	red	(565, 619)	high	no	no_dis	N	same	vert	up	True	1153327	1154530	up	1	4	40
6	hmn	f	19	1	70	diamond	green	(533, 540)	low	dis	(645, 652)	N	same	hori	left	True	1155679	1157145	left	1	4	41
6	hmn	f	19	1	70	circle	green	(565, 619)	high	no	no_dis	N	same	vert	up	True	1158302	1159433	up	1	4	42
6	hmn	f	19	1	70	diamond	green	(565, 619)	high	no	no_dis	N	same	hori	left	True	1160543	1161801	left	1	4	43
6	hmn	f	19	1	70	circle	red	(565, 619)	high	dis	(724, 619)	N	dif	vert	up	True	1162859	1163937	up	1	4	44
6	hmn	f	19	1	70	circle	red	(724, 460)	low	dis	(565, 619)	Y	dif	hori	left	True	1164960	1166001	left	1	4	45
6	hmn	f	19	1	70	diamond	green	(565, 619)	high	dis	(565, 460)	N	same	hori	left	True	1167126	1168826	left	1	4	46
6	hmn	f	19	1	70	diamond	red	(724, 460)	low	no	no_dis	N	dif	hori	left	True	1169974	1171265	left	1	4	47
6	hmn	f	19	1	70	diamond	red	(724, 619)	low	no	no_dis	N	dif	hori	left	True	1172289	1173569	left	1	4	48
6	hmn	f	19	1	70	diamond	green	(565, 619)	high	dis	(724, 460)	N	same	vert	up	True	1174638	1175898	up	1	4	49
6	hmn	f	19	1	70	diamond	green	(565, 619)	high	dis	(645, 428)	N	same	vert	up	True	1177063	1178665	up	1	4	50
6	hmn	f	19	1	70	diamond	green	(565, 619)	high	dis	(724, 619)	N	same	hori	left	True	1179685	1181386	left	1	4	51
6	hmn	f	19	1	70	diamond	red	(565, 619)	high	dis	(645, 652)	N	dif	hori	left	True	1182607	1183937	left	1	4	52
6	hmn	f	19	1	70	diamond	green	(565, 619)	high	dis	(724, 619)	N	dif	hori	left	True	1184982	1186945	left	1	4	53
6	hmn	f	19	1	70	diamond	green	(565, 619)	high	dis	(533, 540)	N	dif	vert	up	True	1188178	1190281	up	1	4	54
6	hmn	f	19	1	70	diamond	red	(565, 619)	high	dis	(533, 540)	N	dif	vert	up	True	1191389	1193146	up	1	4	55
6	hmn	f	19	1	70	circle	red	(565, 619)	high	dis	(724, 619)	N	same	vert	up	True	1194167	1195817	up	1	4	56
6	hmn	f	19	1	70	diamond	red	(565, 619)	high	no	no_dis	N	dif	vert	up	True	1196950	1198545	up	1	4	57
6	hmn	f	19	1	70	circle	green	(565, 619)	high	dis	(565, 460)	N	same	hori	left	True	1199699	1201841	left	1	4	58
6	hmn	f	19	1	70	circle	green	(645, 428)	low	dis	(724, 619)	N	dif	vert	up	True	1203051	1205353	up	1	4	59
6	hmn	f	19	1	70	diamond	red	(565, 619)	high	dis	(645, 428)	N	dif	hori	left	True	1206599	1207841	left	1	4	60
6	hmn	f	19	1	70	diamond	red	(724, 619)	low	dis	(565, 619)	Y	same	hori	left	True	1208958	1211473	left	1	4	61
6	hmn	f	19	1	70	diamond	green	(645, 428)	low	dis	(757, 540)	N	dif	vert	up	True	1212649	1214290	up	1	4	62
6	hmn	f	19	1	70	circle	green	(565, 619)	high	dis	(724, 460)	N	dif	hori	left	True	1215512	1216546	left	1	4	63
6	hmn	f	19	1	70	diamond	green	(645, 428)	low	no	no_dis	N	same	vert	up	True	1217688	1218905	up	1	4	64
6	hmn	f	19	1	70	diamond	green	(565, 619)	high	dis	(724, 460)	N	same	vert	up	True	1220124	1221857	up	1	4	65
6	hmn	f	19	1	70	diamond	green	(565, 619)	high	dis	(757, 540)	N	dif	vert	up	True	1222963	1224330	up	1	4	66
6	hmn	f	19	1	70	diamond	green	(565, 619)	high	dis	(645, 652)	N	same	vert	up	True	1225408	1227234	up	1	4	67
6	hmn	f	19	1	70	diamond	red	(565, 619)	high	dis	(565, 460)	N	dif	vert	up	True	1228441	1229649	up	1	4	68
6	hmn	f	19	1	70	circle	green	(724, 619)	low	no	no_dis	N	dif	vert	up	True	1230860	1232025	up	1	4	69
6	hmn	f	19	1	70	diamond	red	(565, 619)	high	no	no_dis	N	dif	hori	left	True	1233056	1234817	left	1	4	70
6	hmn	f	19	1	70	diamond	red	(533, 540)	low	dis	(565, 619)	Y	dif	hori	left	True	1236053	1237633	left	1	4	71
6	hmn	f	19	1	70	circle	red	(533, 540)	low	dis	(645, 428)	N	same	hori	left	True	1238803	1240738	left	1	4	72
6	hmn	f	19	1	70	circle	red	(565, 619)	high	no	no_dis	N	same	hori	left	True	1241846	1244257	left	1	4	73
6	hmn	f	19	1	70	circle	red	(565, 619)	high	dis	(645, 428)	N	dif	vert	up	True	1245375	1246849	up	1	4	74
6	hmn	f	19	1	70	circle	red	(565, 619)	high	dis	(645, 652)	N	dif	hori	left	True	1248019	1249121	left	1	4	75
6	hmn	f	19	1	70	circle	green	(565, 619)	high	no	no_dis	N	dif	vert	up	True	1250176	1251225	up	1	4	76
6	hmn	f	19	1	70	diamond	red	(565, 619)	high	dis	(724, 619)	N	same	vert	up	True	1252427	1254025	up	1	4	77
6	hmn	f	19	1	70	circle	green	(565, 619)	high	dis	(645, 428)	N	same	vert	up	True	1255206	1256161	up	1	4	78
6	hmn	f	19	1	70	diamond	green	(533, 540)	low	no	no_dis	N	dif	vert	up	True	1257394	1258433	up	1	4	79
6	hmn	f	19	1	70	circle	red	(565, 619)	high	no	no_dis	N	dif	hori	left	True	1259634	1260546	left	1	4	80
6	hmn	f	19	1	70	circle	red	(565, 619)	high	dis	(645, 652)	N	dif	vert	up	True	1261725	1263137	up	1	4	81
6	hmn	f	19	1	70	circle	red	(565, 619)	high	no	no_dis	N	dif	hori	left	True	1264178	1265114	left	1	4	82
6	hmn	f	19	1	70	circle	red	(565, 619)	high	no	no_dis	N	dif	vert	up	True	1266341	1267170	up	1	4	83
6	hmn	f	19	1	70	diamond	red	(565, 619)	high	dis	(757, 540)	N	same	hori	left	True	1268378	1269362	left	1	4	84
6	hmn	f	19	1	70	diamond	green	(565, 619)	high	no	no_dis	N	same	hori	left	True	1270518	1271481	left	1	4	85
6	hmn	f	19	1	70	diamond	green	(565, 619)	high	dis	(645, 428)	N	same	hori	left	False	1272699	None	None	0	4	86
6	hmn	f	19	1	70	circle	green	(565, 619)	high	dis	(645, 652)	N	same	hori	left	True	1278268	1280146	left	1	4	87
6	hmn	f	19	1	70	circle	red	(724, 619)	low	dis	(565, 619)	Y	same	vert	up	True	1281228	1282457	up	1	4	88
6	hmn	f	19	1	70	circle	green	(565, 619)	high	dis	(724, 460)	N	same	hori	left	True	1283549	1284978	left	1	4	89
6	hmn	f	19	1	70	circle	red	(565, 619)	high	dis	(565, 460)	N	same	hori	left	True	1286132	1287265	left	1	4	90
6	hmn	f	19	1	70	diamond	red	(565, 619)	high	no	no_dis	N	dif	vert	up	True	1288422	1290514	up	1	4	91
6	hmn	f	19	1	70	circle	red	(565, 619)	high	dis	(757, 540)	N	dif	vert	up	True	1291599	1292889	up	1	4	92
6	hmn	f	19	1	70	circle	green	(565, 619)	high	no	no_dis	N	dif	vert	up	True	1294049	1295242	up	1	4	93
6	hmn	f	19	1	70	circle	red	(565, 619)	high	dis	(565, 460)	N	dif	hori	left	True	1296368	1297169	left	1	4	94
6	hmn	f	19	1	70	circle	red	(757, 540)	low	dis	(724, 460)	N	dif	hori	left	True	1298358	1299537	left	1	4	95
6	hmn	f	19	1	70	diamond	red	(757, 540)	low	no	no_dis	N	same	vert	up	True	1300619	1302209	up	1	4	96
6	hmn	f	19	1	70	circle	green	(757, 540)	low	dis	(565, 619)	Y	same	hori	left	True	1303269	1304689	left	1	4	97
6	hmn	f	19	1	70	diamond	red	(565, 619)	high	dis	(757, 540)	N	dif	vert	up	True	1305707	1307249	left	0	4	98
6	hmn	f	19	1	70	diamond	red	(565, 619)	high	dis	(565, 460)	N	dif	hori	left	True	1309972	1311698	left	1	4	99
6	hmn	f	19	1	70	diamond	red	(757, 540)	low	dis	(565, 619)	Y	dif	vert	up	True	1312869	1314337	up	1	4	100
6	hmn	f	19	1	70	circle	green	(645, 652)	low	no	no_dis	N	same	vert	up	True	1315518	1316689	up	1	4	101
6	hmn	f	19	1	70	circle	green	(565, 619)	high	dis	(724, 460)	N	dif	hori	left	True	1317776	1319289	left	1	4	102
6	hmn	f	19	1	70	circle	red	(565, 619)	high	no	no_dis	N	same	hori	left	True	1320343	1321330	left	1	4	103
6	hmn	f	19	1	70	circle	red	(565, 619)	high	no	no_dis	N	same	hori	left	True	1322481	1323770	left	1	4	104
6	hmn	f	19	1	70	circle	red	(565, 619)	high	dis	(724, 619)	N	same	hori	left	True	1324822	1326305	left	1	4	105
6	hmn	f	19	1	70	circle	red	(533, 540)	low	no	no_dis	N	same	hori	left	True	1327430	1328770	left	1	4	106
6	hmn	f	19	1	70	circle	green	(565, 619)	high	dis	(757, 540)	N	same	vert	up	True	1329918	1331225	up	1	4	107
6	hmn	f	19	1	70	diamond	red	(565, 619)	high	dis	(724, 619)	N	dif	hori	left	True	1332251	1333745	left	1	4	108
6	hmn	f	19	1	70	circle	red	(565, 619)	high	dis	(533, 540)	N	same	vert	up	True	1334839	1336673	up	1	4	109
6	hmn	f	19	1	70	circle	green	(645, 652)	low	dis	(757, 540)	N	dif	vert	up	True	1337786	1339249	up	1	4	110
6	hmn	f	19	1	70	diamond	red	(565, 619)	high	dis	(724, 460)	N	same	vert	up	True	1340454	1341970	up	1	4	111
6	hmn	f	19	1	70	circle	green	(565, 619)	high	dis	(724, 460)	N	same	hori	left	True	1343209	1344849	left	1	4	112
6	hmn	f	19	1	70	diamond	green	(565, 460)	low	no	no_dis	N	dif	hori	left	True	1345885	1347857	up	0	4	113
6	hmn	f	19	1	70	diamond	red	(565, 619)	high	no	no_dis	N	same	vert	up	True	1350520	1352865	up	1	4	114
6	hmn	f	19	1	70	circle	green	(724, 460)	low	dis	(645, 652)	N	same	hori	left	True	1353994	1355234	left	1	4	115
6	hmn	f	19	1	70	circle	red	(565, 619)	high	dis	(724, 460)	N	dif	hori	left	True	1356362	1357601	left	1	4	116
6	hmn	f	19	1	70	diamond	green	(565, 619)	high	dis	(645, 652)	N	same	vert	up	True	1358808	1360074	up	1	4	117
6	hmn	f	19	1	70	circle	red	(565, 619)	high	dis	(533, 540)	N	dif	vert	up	True	1361210	1363218	up	1	4	118
6	hmn	f	19	1	70	circle	green	(565, 619)	high	no	no_dis	N	dif	vert	up	True	1364294	1365146	up	1	4	119
6	hmn	f	19	1	70	circle	green	(565, 619)	high	dis	(533, 540)	N	dif	hori	left	True	1366227	1367113	left	1	4	120
6	hmn	f	19	1	70	circle	red	(565, 619)	high	dis	(565, 460)	N	dif	vert	up	True	1407144	1407977	up	1	5	1
6	hmn	f	19	1	70	diamond	green	(645, 428)	low	dis	(724, 460)	N	dif	hori	left	True	1409135	1409938	up	0	5	2
6	hmn	f	19	1	70	diamond	green	(565, 619)	high	no	no_dis	N	same	vert	up	True	1412587	1413697	up	1	5	3
6	hmn	f	19	1	70	circle	red	(565, 619)	high	dis	(645, 428)	N	same	vert	up	True	1414928	1416089	up	1	5	4
6	hmn	f	19	1	70	circle	red	(565, 619)	high	no	no_dis	N	same	vert	up	True	1417166	1418137	up	1	5	5
6	hmn	f	19	1	70	circle	red	(645, 428)	low	no	no_dis	N	dif	vert	up	True	1419171	1420041	up	1	5	6
6	hmn	f	19	1	70	diamond	green	(757, 540)	low	dis	(645, 428)	N	same	hori	left	True	1421088	1422417	left	1	5	7
6	hmn	f	19	1	70	circle	red	(565, 619)	high	dis	(645, 652)	N	same	hori	left	True	1423465	1424826	left	1	5	8
6	hmn	f	19	1	70	diamond	green	(565, 619)	high	no	no_dis	N	dif	vert	up	True	1425995	1427690	up	1	5	9
6	hmn	f	19	1	70	circle	green	(565, 619)	high	no	no_dis	N	dif	hori	left	True	1428738	1429601	left	1	5	10
6	hmn	f	19	1	70	diamond	red	(565, 619)	high	dis	(565, 460)	N	same	hori	left	True	1430765	1431745	left	1	5	11
6	hmn	f	19	1	70	circle	green	(533, 540)	low	no	no_dis	N	same	hori	left	True	1432967	1434097	left	1	5	12
6	hmn	f	19	1	70	circle	green	(757, 540)	low	dis	(565, 619)	Y	same	vert	up	True	1435336	1437049	up	1	5	13
6	hmn	f	19	1	70	circle	red	(645, 428)	low	dis	(724, 619)	N	dif	hori	left	True	1438141	1439169	left	1	5	14
6	hmn	f	19	1	70	circle	green	(565, 619)	high	dis	(645, 652)	N	same	vert	up	True	1440290	1441297	up	1	5	15
6	hmn	f	19	1	70	circle	red	(724, 619)	low	no	no_dis	N	same	vert	up	True	1442484	1443273	up	1	5	16
6	hmn	f	19	1	70	circle	red	(565, 619)	high	dis	(645, 652)	N	dif	vert	up	True	1444384	1445473	up	1	5	17
6	hmn	f	19	1	70	diamond	red	(565, 619)	high	dis	(533, 540)	N	dif	hori	left	True	1446617	1447833	left	1	5	18
6	hmn	f	19	1	70	diamond	green	(565, 619)	high	no	no_dis	N	same	vert	up	True	1448973	1450033	up	1	5	19
6	hmn	f	19	1	70	circle	green	(645, 428)	low	dis	(565, 619)	Y	same	hori	left	True	1451138	1452353	left	1	5	20
6	hmn	f	19	1	70	circle	green	(565, 619)	high	dis	(533, 540)	N	dif	vert	up	True	1453601	1455729	left	0	5	21
6	hmn	f	19	1	70	diamond	red	(565, 619)	high	dis	(533, 540)	N	dif	vert	up	True	1458244	1459506	up	1	5	22
6	hmn	f	19	1	70	diamond	red	(565, 619)	high	no	no_dis	N	same	hori	left	True	1460633	1462505	left	1	5	23
6	hmn	f	19	1	70	circle	green	(724, 619)	low	dis	(645, 428)	N	same	hori	left	True	1463754	1464865	left	1	5	24
6	hmn	f	19	1	70	circle	green	(757, 540)	low	no	no_dis	N	same	vert	up	True	1466071	1467273	up	1	5	25
6	hmn	f	19	1	70	circle	green	(565, 619)	high	dis	(533, 540)	N	same	hori	left	True	1468496	1469570	left	1	5	26
6	hmn	f	19	1	70	circle	red	(565, 619)	high	dis	(724, 460)	N	same	hori	left	True	1470703	1471906	left	1	5	27
6	hmn	f	19	1	70	diamond	green	(565, 619)	high	no	no_dis	N	dif	hori	left	True	1473103	1474417	left	1	5	28
6	hmn	f	19	1	70	circle	green	(565, 619)	high	dis	(533, 540)	N	same	hori	left	True	1475555	1477746	left	1	5	29
6	hmn	f	19	1	70	diamond	red	(757, 540)	low	dis	(724, 619)	N	dif	vert	up	True	1478900	1479890	up	1	5	30
6	hmn	f	19	1	70	circle	green	(645, 652)	low	dis	(565, 619)	Y	same	hori	left	True	1481076	1482282	left	1	5	31
6	hmn	f	19	1	70	circle	green	(565, 619)	high	dis	(645, 652)	N	dif	vert	up	True	1483452	1484402	up	1	5	32
6	hmn	f	19	1	70	circle	green	(565, 460)	low	dis	(565, 619)	Y	dif	vert	up	True	1485571	1486954	up	1	5	33
6	hmn	f	19	1	70	diamond	red	(565, 619)	high	no	no_dis	N	dif	vert	up	True	1488165	1489242	up	1	5	34
6	hmn	f	19	1	70	circle	green	(565, 619)	high	no	no_dis	N	dif	vert	up	True	1490420	1491249	up	1	5	35
6	hmn	f	19	1	70	circle	red	(645, 428)	low	no	no_dis	N	dif	hori	left	True	1492290	1493273	left	1	5	36
6	hmn	f	19	1	70	diamond	green	(565, 619)	high	dis	(757, 540)	N	dif	hori	left	True	1494488	1496050	left	1	5	37
6	hmn	f	19	1	70	circle	green	(565, 619)	high	no	no_dis	N	same	vert	up	True	1497190	1498209	up	1	5	38
6	hmn	f	19	1	70	diamond	red	(533, 540)	low	dis	(565, 619)	Y	same	vert	up	True	1499404	1500666	up	1	5	39
6	hmn	f	19	1	70	diamond	red	(565, 619)	high	dis	(724, 619)	N	dif	hori	left	True	1501914	1503282	left	1	5	40
6	hmn	f	19	1	70	diamond	red	(565, 619)	high	dis	(724, 619)	N	same	vert	up	True	1504479	1506034	up	1	5	41
6	hmn	f	19	1	70	circle	green	(565, 619)	high	dis	(757, 540)	N	same	hori	left	True	1507213	1508273	left	1	5	42
6	hmn	f	19	1	70	circle	red	(565, 619)	high	dis	(645, 652)	N	same	hori	left	True	1509464	1510529	left	1	5	43
6	hmn	f	19	1	70	circle	red	(565, 619)	high	no	no_dis	N	same	hori	left	True	1511632	1512562	left	1	5	44
6	hmn	f	19	1	70	circle	green	(565, 619)	high	dis	(565, 460)	N	same	hori	left	True	1513601	1514409	left	1	5	45
6	hmn	f	19	1	70	diamond	green	(565, 619)	high	dis	(645, 428)	N	dif	vert	up	True	1515414	1516393	up	1	5	46
6	hmn	f	19	1	70	circle	red	(565, 619)	high	dis	(757, 540)	N	same	vert	up	True	1517542	1518482	up	1	5	47
6	hmn	f	19	1	70	circle	green	(565, 619)	high	dis	(757, 540)	N	same	vert	up	True	1519602	1520353	up	1	5	48
6	hmn	f	19	1	70	diamond	green	(565, 619)	high	dis	(645, 428)	N	dif	hori	left	True	1521481	1522714	left	1	5	49
6	hmn	f	19	1	70	circle	green	(565, 619)	high	dis	(645, 428)	N	dif	vert	up	True	1523725	1524722	up	1	5	50
6	hmn	f	19	1	70	diamond	green	(565, 619)	high	dis	(645, 652)	N	same	vert	up	True	1525741	1527297	up	1	5	51
6	hmn	f	19	1	70	circle	red	(757, 540)	low	dis	(565, 619)	Y	dif	hori	left	True	1528522	1529385	left	1	5	52
6	hmn	f	19	1	70	diamond	green	(565, 619)	high	dis	(645, 428)	N	dif	hori	left	True	1530623	1531762	left	1	5	53
6	hmn	f	19	1	70	diamond	red	(565, 619)	high	dis	(724, 460)	N	dif	vert	up	True	1532834	1534017	up	1	5	54
6	hmn	f	19	1	70	diamond	red	(724, 460)	low	no	no_dis	N	dif	vert	up	True	1535178	1536746	up	1	5	55
6	hmn	f	19	1	70	circle	red	(724, 460)	low	dis	(533, 540)	N	same	vert	up	True	1537803	1538874	up	1	5	56
6	hmn	f	19	1	70	diamond	green	(565, 619)	high	dis	(724, 619)	N	same	vert	up	True	1539951	1541689	up	1	5	57
6	hmn	f	19	1	70	circle	red	(565, 619)	high	dis	(757, 540)	N	dif	hori	left	True	1542774	1543753	left	1	5	58
6	hmn	f	19	1	70	diamond	green	(565, 619)	high	dis	(645, 652)	N	same	vert	up	True	1544826	1545801	up	1	5	59
6	hmn	f	19	1	70	circle	green	(565, 619)	high	dis	(565, 460)	N	same	vert	up	True	1546961	1548090	up	1	5	60
6	hmn	f	19	1	70	circle	green	(565, 619)	high	no	no_dis	N	same	vert	up	True	1549223	1550234	up	1	5	61
6	hmn	f	19	1	70	diamond	red	(565, 619)	high	dis	(724, 619)	N	dif	vert	up	True	1551367	1552601	up	1	5	62
6	hmn	f	19	1	70	diamond	red	(565, 619)	high	no	no_dis	N	dif	hori	left	True	1553769	1554809	left	1	5	63
6	hmn	f	19	1	70	circle	green	(565, 619)	high	dis	(724, 460)	N	same	vert	up	True	1555892	1556841	up	1	5	64
6	hmn	f	19	1	70	diamond	red	(565, 619)	high	dis	(645, 428)	N	same	vert	up	True	1557976	1558978	up	1	5	65
6	hmn	f	19	1	70	circle	red	(565, 619)	high	dis	(724, 619)	N	dif	hori	left	True	1560085	1561017	left	1	5	66
6	hmn	f	19	1	70	diamond	red	(724, 460)	low	dis	(565, 460)	N	same	hori	left	True	1562125	1563041	left	1	5	67
6	hmn	f	19	1	70	diamond	red	(565, 619)	high	dis	(757, 540)	N	dif	hori	left	True	1564123	1565154	left	1	5	68
6	hmn	f	19	1	70	diamond	green	(565, 460)	low	no	no_dis	N	same	hori	left	True	1566350	1567361	left	1	5	69
6	hmn	f	19	1	70	circle	red	(565, 619)	high	no	no_dis	N	same	hori	left	True	1568396	1569673	left	1	5	70
6	hmn	f	19	1	70	diamond	red	(724, 619)	low	dis	(565, 460)	N	dif	hori	left	True	1570759	1572986	left	1	5	71
6	hmn	f	19	1	70	diamond	green	(565, 619)	high	no	no_dis	N	dif	vert	up	True	1574149	1575266	up	1	5	72
6	hmn	f	19	1	70	circle	green	(724, 460)	low	dis	(565, 619)	Y	dif	hori	left	True	1576317	1577154	left	1	5	73
6	hmn	f	19	1	70	circle	green	(565, 619)	high	no	no_dis	N	same	hori	left	True	1578370	1579513	left	1	5	74
6	hmn	f	19	1	70	circle	red	(645, 652)	low	dis	(565, 619)	Y	same	hori	left	True	1580674	1582522	left	1	5	75
6	hmn	f	19	1	70	diamond	red	(757, 540)	low	no	no_dis	N	dif	vert	up	True	1583735	1584993	up	1	5	76
6	hmn	f	19	1	70	diamond	green	(565, 619)	high	dis	(724, 460)	N	same	hori	left	True	1586014	1587114	left	1	5	77
6	hmn	f	19	1	70	diamond	green	(565, 619)	high	dis	(724, 619)	N	dif	vert	up	True	1588139	1589217	left	0	5	78
6	hmn	f	19	1	70	circle	red	(533, 540)	low	dis	(757, 540)	N	dif	hori	left	True	1591842	1592962	left	1	5	79
6	hmn	f	19	1	70	diamond	green	(565, 619)	high	dis	(565, 460)	N	dif	vert	up	True	1593999	1595321	up	1	5	80
6	hmn	f	19	1	70	circle	red	(565, 619)	high	dis	(533, 540)	N	same	vert	up	True	1596454	1597465	up	1	5	81
6	hmn	f	19	1	70	diamond	green	(724, 460)	low	no	no_dis	N	same	hori	left	True	1598671	1599497	left	1	5	82
6	hmn	f	19	1	70	circle	red	(565, 619)	high	dis	(724, 619)	N	dif	vert	up	True	1600515	1601530	up	1	5	83
6	hmn	f	19	1	70	diamond	green	(533, 540)	low	dis	(724, 460)	N	dif	vert	up	True	1602590	1603617	up	1	5	84
6	hmn	f	19	1	70	diamond	green	(565, 460)	low	no	no_dis	N	dif	hori	left	True	1604848	1606401	left	1	5	85
6	hmn	f	19	1	70	diamond	green	(565, 619)	high	dis	(565, 460)	N	same	hori	left	True	1607429	1608490	left	1	5	86
6	hmn	f	19	1	70	circle	red	(565, 619)	high	dis	(757, 540)	N	same	hori	left	True	1609718	1610802	left	1	5	87
6	hmn	f	19	1	70	circle	red	(565, 619)	high	no	no_dis	N	same	vert	up	True	1611878	1612706	up	1	5	88
6	hmn	f	19	1	70	diamond	green	(565, 619)	high	dis	(757, 540)	N	dif	hori	left	True	1613820	1615609	left	1	5	89
6	hmn	f	19	1	70	diamond	green	(565, 619)	high	dis	(724, 460)	N	same	vert	up	True	1616659	1617617	up	1	5	90
6	hmn	f	19	1	70	diamond	red	(565, 619)	high	dis	(724, 460)	N	dif	hori	left	True	1618819	1619834	left	1	5	91
6	hmn	f	19	1	70	diamond	green	(645, 652)	low	dis	(757, 540)	N	dif	vert	up	True	1620929	1622153	up	1	5	92
6	hmn	f	19	1	70	diamond	green	(565, 619)	high	no	no_dis	N	dif	vert	up	True	1623374	1624401	up	1	5	93
6	hmn	f	19	1	70	circle	red	(565, 619)	high	dis	(724, 460)	N	same	vert	up	True	1625590	1627122	up	1	5	94
6	hmn	f	19	1	70	diamond	red	(565, 619)	high	dis	(645, 652)	N	same	hori	left	True	1628358	1630330	left	1	5	95
6	hmn	f	19	1	70	circle	red	(565, 619)	high	no	no_dis	N	dif	vert	up	True	1631537	1632546	up	1	5	96
6	hmn	f	19	1	70	diamond	red	(565, 619)	high	dis	(645, 428)	N	dif	hori	left	True	1633715	1634922	left	1	5	97
6	hmn	f	19	1	70	circle	red	(565, 619)	high	no	no_dis	N	dif	hori	left	True	1636039	1637418	left	1	5	98
6	hmn	f	19	1	70	diamond	green	(565, 619)	high	dis	(565, 460)	N	dif	vert	up	True	1638545	1640041	up	1	5	99
6	hmn	f	19	1	70	diamond	red	(565, 460)	low	dis	(645, 652)	N	same	vert	up	True	1641175	1642433	up	1	5	100
6	hmn	f	19	1	70	circle	green	(565, 619)	high	dis	(565, 460)	N	dif	vert	up	True	1643567	1644690	up	1	5	101
6	hmn	f	19	1	70	circle	green	(565, 619)	high	no	no_dis	N	same	hori	left	True	1645813	1646978	left	1	5	102
6	hmn	f	19	1	70	diamond	red	(565, 619)	high	no	no_dis	N	dif	hori	left	True	1648227	1649314	left	1	5	103
6	hmn	f	19	1	70	circle	red	(724, 619)	low	dis	(533, 540)	N	same	vert	up	True	1650359	1651345	up	1	5	104
6	hmn	f	19	1	70	diamond	red	(565, 619)	high	no	no_dis	N	dif	hori	left	True	1652592	1653665	left	1	5	105
6	hmn	f	19	1	70	diamond	red	(565, 619)	high	dis	(645, 428)	N	same	hori	left	True	1654896	1656082	left	1	5	106
6	hmn	f	19	1	70	diamond	red	(565, 619)	high	no	no_dis	N	same	hori	left	True	1657155	1658354	left	1	5	107
6	hmn	f	19	1	70	diamond	red	(565, 619)	high	no	no_dis	N	dif	hori	left	True	1659473	1660705	left	1	5	108
6	hmn	f	19	1	70	diamond	green	(565, 460)	low	dis	(565, 619)	Y	dif	vert	up	True	1661821	1663418	up	1	5	109
6	hmn	f	19	1	70	diamond	red	(645, 428)	low	dis	(645, 652)	N	same	vert	up	True	1664542	1665994	up	1	5	110
6	hmn	f	19	1	70	circle	green	(565, 619)	high	dis	(533, 540)	N	dif	hori	left	True	1667010	1669065	left	1	5	111
6	hmn	f	19	1	70	diamond	red	(533, 540)	low	no	no_dis	N	same	vert	up	True	1670312	1671538	up	1	5	112
6	hmn	f	19	1	70	circle	green	(565, 619)	high	dis	(533, 540)	N	dif	hori	left	True	1672702	1673882	left	1	5	113
6	hmn	f	19	1	70	diamond	green	(565, 619)	high	no	no_dis	N	same	vert	up	True	1674913	1676282	up	1	5	114
6	hmn	f	19	1	70	circle	green	(565, 619)	high	no	no_dis	N	same	hori	left	True	1677512	1678642	left	1	5	115
6	hmn	f	19	1	70	circle	red	(565, 619)	high	dis	(724, 460)	N	dif	hori	left	True	1679665	1680793	left	1	5	116
6	hmn	f	19	1	70	circle	green	(645, 652)	low	no	no_dis	N	dif	hori	left	True	1682026	1682977	left	1	5	117
6	hmn	f	19	1	70	diamond	green	(724, 460)	low	dis	(565, 619)	Y	dif	vert	up	True	1684024	1685714	up	1	5	118
6	hmn	f	19	1	70	diamond	red	(565, 619)	high	dis	(724, 619)	N	same	hori	left	True	1686936	1688425	left	1	5	119
6	hmn	f	19	1	70	circle	red	(565, 619)	high	no	no_dis	N	dif	vert	up	True	1689664	1690961	up	1	5	120
6	hmn	f	19	1	70	circle	green	(565, 619)	high	dis	(565, 460)	N	dif	vert	up	True	1729119	1730113	up	1	6	1
6	hmn	f	19	1	70	circle	red	(724, 619)	low	dis	(757, 540)	N	dif	hori	left	True	1731260	1732418	left	1	6	2
6	hmn	f	19	1	70	circle	red	(565, 619)	high	dis	(565, 460)	N	same	vert	up	True	1733547	1734394	up	1	6	3
6	hmn	f	19	1	70	circle	red	(757, 540)	low	no	no_dis	N	same	hori	left	True	1735445	1736426	up	0	6	4
6	hmn	f	19	1	70	diamond	red	(565, 619)	high	dis	(533, 540)	N	dif	vert	up	True	1739124	1740585	up	1	6	5
6	hmn	f	19	1	70	circle	red	(565, 619)	high	dis	(724, 460)	N	dif	vert	up	True	1741811	1743177	up	1	6	6
6	hmn	f	19	1	70	circle	green	(565, 619)	high	no	no_dis	N	dif	vert	up	True	1744427	1745241	up	1	6	7
6	hmn	f	19	1	70	diamond	green	(565, 619)	high	no	no_dis	N	same	vert	up	True	1746326	1747369	up	1	6	8
6	hmn	f	19	1	70	diamond	green	(565, 619)	high	dis	(565, 460)	N	dif	hori	left	True	1748373	1750138	left	1	6	9
6	hmn	f	19	1	70	diamond	red	(757, 540)	low	dis	(565, 619)	Y	dif	hori	left	True	1751332	1752434	left	1	6	10
6	hmn	f	19	1	70	diamond	green	(565, 619)	high	no	no_dis	N	dif	hori	left	True	1753441	1754722	left	1	6	11
6	hmn	f	19	1	70	circle	green	(533, 540)	low	no	no_dis	N	same	vert	up	True	1755865	1757330	up	1	6	12
6	hmn	f	19	1	70	circle	red	(565, 619)	high	no	no_dis	N	same	hori	left	True	1758339	1759929	left	1	6	13
6	hmn	f	19	1	70	circle	red	(565, 619)	high	dis	(724, 619)	N	same	hori	left	True	1761082	1762746	left	1	6	14
6	hmn	f	19	1	70	circle	red	(565, 619)	high	dis	(724, 619)	N	same	vert	up	True	1763883	1765194	up	1	6	15
6	hmn	f	19	1	70	circle	red	(565, 619)	high	dis	(724, 460)	N	same	hori	left	True	1766268	1767817	left	1	6	16
6	hmn	f	19	1	70	diamond	green	(724, 460)	low	dis	(757, 540)	N	dif	vert	up	True	1768969	1770633	up	1	6	17
6	hmn	f	19	1	70	circle	red	(565, 619)	high	dis	(724, 619)	N	same	hori	left	True	1771787	1772698	left	1	6	18
6	hmn	f	19	1	70	circle	red	(565, 619)	high	no	no_dis	N	dif	hori	left	True	1773891	1774945	left	1	6	19
6	hmn	f	19	1	70	circle	green	(565, 619)	high	no	no_dis	N	same	hori	left	True	1775998	1776842	left	1	6	20
6	hmn	f	19	1	70	diamond	red	(724, 619)	low	dis	(645, 428)	N	same	vert	up	True	1777855	1778890	up	1	6	21
6	hmn	f	19	1	70	diamond	red	(565, 619)	high	no	no_dis	N	dif	vert	up	True	1779997	1781098	up	1	6	22
6	hmn	f	19	1	70	diamond	red	(533, 540)	low	dis	(724, 460)	N	same	vert	up	True	1782126	1782962	up	1	6	23
6	hmn	f	19	1	70	diamond	red	(565, 619)	high	dis	(645, 428)	N	dif	vert	up	True	1784146	1785250	up	1	6	24
6	hmn	f	19	1	70	diamond	green	(565, 619)	high	dis	(565, 460)	N	same	vert	up	True	1786259	1787786	up	1	6	25
6	hmn	f	19	1	70	circle	green	(565, 619)	high	no	no_dis	N	dif	vert	up	True	1788838	1789849	up	1	6	26
6	hmn	f	19	1	70	circle	green	(724, 619)	low	no	no_dis	N	same	vert	up	True	1791026	1791826	up	1	6	27
6	hmn	f	19	1	70	diamond	green	(565, 619)	high	no	no_dis	N	dif	hori	left	True	1792869	1794370	left	1	6	28
6	hmn	f	19	1	70	diamond	red	(565, 619)	high	dis	(724, 460)	N	same	vert	up	True	1795526	1796761	up	1	6	29
6	hmn	f	19	1	70	circle	green	(645, 428)	low	no	no_dis	N	dif	vert	up	True	1797783	1799170	up	1	6	30
6	hmn	f	19	1	70	circle	green	(565, 619)	high	dis	(757, 540)	N	same	hori	left	True	1800330	1801593	left	1	6	31
6	hmn	f	19	1	70	circle	green	(565, 619)	high	dis	(724, 460)	N	same	vert	up	True	1802760	1803633	up	1	6	32
6	hmn	f	19	1	70	circle	red	(565, 619)	high	no	no_dis	N	dif	hori	left	True	1804644	1806250	left	1	6	33
6	hmn	f	19	1	70	circle	green	(565, 619)	high	no	no_dis	N	same	hori	left	True	1807473	1808809	left	1	6	34
6	hmn	f	19	1	70	diamond	green	(565, 619)	high	dis	(757, 540)	N	same	vert	up	True	1809922	1811330	up	1	6	35
6	hmn	f	19	1	70	circle	red	(565, 619)	high	dis	(724, 619)	N	same	hori	left	True	1812359	1813761	left	1	6	36
6	hmn	f	19	1	70	circle	red	(645, 428)	low	dis	(565, 619)	Y	same	hori	left	True	1814914	1816777	left	1	6	37
6	hmn	f	19	1	70	diamond	green	(565, 619)	high	dis	(645, 652)	N	dif	vert	up	True	1817843	1819194	up	1	6	38
6	hmn	f	19	1	70	circle	red	(565, 619)	high	dis	(645, 428)	N	dif	vert	up	True	1820311	1821706	up	1	6	39
6	hmn	f	19	1	70	circle	green	(565, 619)	high	dis	(757, 540)	N	same	vert	up	True	1822814	1824474	up	1	6	40
6	hmn	f	19	1	70	diamond	green	(565, 619)	high	dis	(645, 428)	N	same	vert	up	True	1825560	1826890	up	1	6	41
6	hmn	f	19	1	70	diamond	green	(565, 619)	high	dis	(565, 460)	N	dif	hori	left	True	1828047	1829322	left	1	6	42
6	hmn	f	19	1	70	circle	green	(565, 619)	high	dis	(533, 540)	N	dif	vert	up	True	1830411	1832145	up	1	6	43
6	hmn	f	19	1	70	circle	green	(724, 619)	low	dis	(565, 619)	Y	same	vert	up	True	1833244	1834770	up	1	6	44
6	hmn	f	19	1	70	circle	green	(724, 460)	low	dis	(724, 619)	N	same	hori	left	True	1835876	1837385	left	1	6	45
6	hmn	f	19	1	70	diamond	green	(565, 460)	low	dis	(565, 619)	Y	dif	hori	left	True	1838587	1840410	left	1	6	46
6	hmn	f	19	1	70	circle	red	(724, 460)	low	no	no_dis	N	same	hori	left	True	1841539	1842825	left	1	6	47
6	hmn	f	19	1	70	diamond	red	(565, 619)	high	no	no_dis	N	same	vert	up	True	1843909	1845090	up	1	6	48
6	hmn	f	19	1	70	circle	red	(565, 619)	high	no	no_dis	N	same	vert	up	True	1846176	1847346	up	1	6	49
6	hmn	f	19	1	70	diamond	red	(565, 619)	high	dis	(724, 619)	N	dif	vert	up	True	1848464	1850386	up	1	6	50
6	hmn	f	19	1	70	diamond	red	(565, 619)	high	no	no_dis	N	dif	hori	left	True	1851532	1852834	left	1	6	51
6	hmn	f	19	1	70	circle	green	(565, 619)	high	dis	(645, 652)	N	dif	hori	left	True	1854008	1855314	left	1	6	52
6	hmn	f	19	1	70	diamond	red	(565, 619)	high	dis	(757, 540)	N	dif	hori	left	True	1856556	1857985	left	1	6	53
6	hmn	f	19	1	70	circle	green	(565, 619)	high	no	no_dis	N	same	hori	left	True	1859016	1860033	left	1	6	54
6	hmn	f	19	1	70	diamond	green	(533, 540)	low	no	no_dis	N	same	vert	up	True	1861222	1862858	up	1	6	55
6	hmn	f	19	1	70	diamond	green	(757, 540)	low	dis	(645, 652)	N	dif	vert	up	True	1864085	1865490	up	1	6	56
6	hmn	f	19	1	70	diamond	green	(565, 619)	high	dis	(565, 460)	N	same	hori	left	True	1866708	1868066	left	1	6	57
6	hmn	f	19	1	70	diamond	green	(565, 619)	high	dis	(645, 652)	N	dif	hori	left	True	1869198	1870938	left	1	6	58
6	hmn	f	19	1	70	circle	green	(565, 619)	high	dis	(645, 428)	N	dif	hori	left	True	1871984	1873138	left	1	6	59
6	hmn	f	19	1	70	circle	green	(565, 619)	high	no	no_dis	N	dif	hori	left	True	1874277	1875985	left	1	6	60
6	hmn	f	19	1	70	diamond	red	(565, 619)	high	dis	(565, 460)	N	dif	vert	up	True	1877093	1878322	up	1	6	61
6	hmn	f	19	1	70	diamond	red	(565, 619)	high	dis	(533, 540)	N	same	vert	up	True	1879348	1880841	up	1	6	62
6	hmn	f	19	1	70	diamond	red	(565, 460)	low	dis	(533, 540)	N	same	hori	left	True	1882005	1884034	left	1	6	63
6	hmn	f	19	1	70	circle	green	(565, 619)	high	dis	(645, 652)	N	same	hori	left	True	1885181	1886817	left	1	6	64
6	hmn	f	19	1	70	diamond	red	(565, 619)	high	dis	(533, 540)	N	same	vert	up	True	1887923	1889257	up	1	6	65
6	hmn	f	19	1	70	circle	red	(724, 460)	low	no	no_dis	N	dif	hori	left	True	1890388	1891681	left	1	6	66
6	hmn	f	19	1	70	diamond	red	(645, 428)	low	dis	(565, 619)	Y	dif	vert	up	True	1892839	1894354	up	1	6	67
6	hmn	f	19	1	70	circle	green	(757, 540)	low	dis	(565, 619)	Y	dif	hori	left	True	1895363	1896569	left	1	6	68
6	hmn	f	19	1	70	diamond	green	(533, 540)	low	dis	(565, 460)	N	dif	hori	left	True	1897807	1899145	left	1	6	69
6	hmn	f	19	1	70	diamond	red	(757, 540)	low	no	no_dis	N	dif	vert	up	True	1900177	1901978	up	1	6	70
6	hmn	f	19	1	70	circle	red	(724, 460)	low	dis	(565, 460)	N	dif	vert	up	True	1903187	1904273	up	1	6	71
6	hmn	f	19	1	70	diamond	green	(565, 619)	high	dis	(757, 540)	N	same	vert	up	True	1905345	1907729	up	1	6	72
6	hmn	f	19	1	70	circle	red	(565, 619)	high	dis	(724, 619)	N	same	hori	left	True	1908923	1909882	left	1	6	73
6	hmn	f	19	1	70	diamond	red	(565, 619)	high	dis	(757, 540)	N	dif	hori	left	True	1911005	1911921	left	1	6	74
6	hmn	f	19	1	70	circle	green	(565, 619)	high	dis	(724, 619)	N	same	hori	left	True	1912939	1914009	left	1	6	75
6	hmn	f	19	1	70	circle	red	(565, 619)	high	dis	(757, 540)	N	dif	hori	left	True	1915145	1916226	left	1	6	76
6	hmn	f	19	1	70	circle	red	(565, 619)	high	no	no_dis	N	same	hori	left	True	1917290	1918562	left	1	6	77
6	hmn	f	19	1	70	diamond	red	(565, 619)	high	dis	(724, 460)	N	dif	hori	left	True	1919596	1920962	left	1	6	78
6	hmn	f	19	1	70	diamond	red	(724, 460)	low	dis	(565, 619)	Y	same	vert	up	True	1922214	1924161	up	1	6	79
6	hmn	f	19	1	70	diamond	green	(565, 619)	high	no	no_dis	N	dif	vert	up	True	1925301	1926417	up	1	6	80
6	hmn	f	19	1	70	diamond	red	(565, 460)	low	no	no_dis	N	dif	hori	left	True	1927515	1929322	left	1	6	81
6	hmn	f	19	1	70	diamond	red	(565, 619)	high	no	no_dis	N	dif	vert	up	True	1930452	1931666	up	1	6	82
6	hmn	f	19	1	70	diamond	green	(565, 619)	high	dis	(533, 540)	N	same	vert	up	True	1932716	1933818	up	1	6	83
6	hmn	f	19	1	70	circle	green	(565, 460)	low	dis	(565, 619)	Y	same	hori	left	True	1934941	1936849	left	1	6	84
6	hmn	f	19	1	70	circle	red	(565, 619)	high	no	no_dis	N	same	vert	up	True	1937941	1939233	up	1	6	85
6	hmn	f	19	1	70	circle	red	(565, 619)	high	dis	(645, 652)	N	dif	hori	left	True	1940412	1941953	left	1	6	86
6	hmn	f	19	1	70	circle	red	(533, 540)	low	dis	(645, 652)	N	dif	hori	left	True	1943137	1944425	left	1	6	87
6	hmn	f	19	1	70	circle	red	(565, 619)	high	no	no_dis	N	dif	hori	left	True	1945612	1947161	left	1	6	88
6	hmn	f	19	1	70	diamond	red	(565, 619)	high	dis	(645, 652)	N	same	hori	left	True	1948223	1949609	left	1	6	89
6	hmn	f	19	1	70	circle	red	(757, 540)	low	dis	(565, 619)	Y	same	vert	up	True	1950703	1952762	up	1	6	90
6	hmn	f	19	1	70	diamond	green	(565, 619)	high	no	no_dis	N	same	hori	left	True	1953800	1955185	left	1	6	91
6	hmn	f	19	1	70	diamond	green	(565, 460)	low	no	no_dis	N	dif	vert	up	True	1956215	1957674	up	1	6	92
6	hmn	f	19	1	70	circle	green	(565, 619)	high	dis	(565, 460)	N	dif	vert	up	True	1958718	1959954	up	1	6	93
6	hmn	f	19	1	70	circle	red	(645, 652)	low	dis	(645, 428)	N	same	hori	left	True	1961071	1962610	left	1	6	94
6	hmn	f	19	1	70	diamond	red	(565, 619)	high	dis	(533, 540)	N	dif	vert	up	True	1963744	1964850	up	1	6	95
6	hmn	f	19	1	70	circle	green	(565, 619)	high	dis	(645, 428)	N	same	hori	left	True	1966072	1966938	left	1	6	96
6	hmn	f	19	1	70	circle	green	(565, 619)	high	dis	(645, 428)	N	dif	vert	up	True	1968092	1968962	up	1	6	97
6	hmn	f	19	1	70	diamond	red	(565, 619)	high	no	no_dis	N	same	vert	up	True	1970161	1971306	up	1	6	98
6	hmn	f	19	1	70	diamond	red	(565, 619)	high	dis	(757, 540)	N	dif	hori	left	True	1972494	1973578	left	1	6	99
6	hmn	f	19	1	70	circle	green	(645, 428)	low	dis	(724, 619)	N	same	vert	up	True	1974829	1976353	up	1	6	100
6	hmn	f	19	1	70	diamond	green	(565, 619)	high	no	no_dis	N	dif	vert	up	True	1977355	1978682	up	1	6	101
6	hmn	f	19	1	70	diamond	red	(565, 619)	high	dis	(533, 540)	N	dif	vert	up	True	1979915	1981530	up	1	6	102
6	hmn	f	19	1	70	circle	green	(565, 619)	high	dis	(645, 428)	N	dif	hori	left	True	1982568	1983873	left	1	6	103
6	hmn	f	19	1	70	diamond	red	(565, 619)	high	no	no_dis	N	same	vert	up	True	1985041	1985985	up	1	6	104
6	hmn	f	19	1	70	diamond	green	(645, 652)	low	no	no_dis	N	same	hori	left	True	1987127	1988770	left	1	6	105
6	hmn	f	19	1	70	diamond	red	(565, 619)	high	no	no_dis	N	same	hori	left	True	1989998	1991305	left	1	6	106
6	hmn	f	19	1	70	circle	red	(565, 619)	high	dis	(645, 652)	N	same	vert	up	True	1992333	1993521	up	1	6	107
6	hmn	f	19	1	70	diamond	red	(645, 652)	low	no	no_dis	N	dif	hori	left	True	1994634	1995969	left	1	6	108
6	hmn	f	19	1	70	circle	red	(565, 619)	high	dis	(724, 460)	N	same	hori	left	True	1997039	1998073	left	1	6	109
6	hmn	f	19	1	70	diamond	green	(645, 652)	low	dis	(724, 460)	N	same	hori	left	True	1999279	2000345	left	1	6	110
6	hmn	f	19	1	70	diamond	green	(565, 619)	high	dis	(724, 460)	N	same	hori	left	True	2001547	2002530	left	1	6	111
6	hmn	f	19	1	70	diamond	green	(565, 619)	high	dis	(533, 540)	N	same	vert	up	True	2003657	2005009	up	1	6	112
6	hmn	f	19	1	70	diamond	green	(565, 619)	high	dis	(645, 428)	N	dif	hori	left	True	2006215	2007674	left	1	6	113
6	hmn	f	19	1	70	circle	red	(565, 619)	high	dis	(724, 619)	N	dif	hori	left	True	2008888	2010033	left	1	6	114
6	hmn	f	19	1	70	circle	green	(565, 619)	high	dis	(645, 652)	N	dif	vert	up	True	2011099	2012554	up	1	6	115
6	hmn	f	19	1	70	diamond	green	(565, 619)	high	no	no_dis	N	dif	vert	up	True	2013681	2014961	up	1	6	116
6	hmn	f	19	1	70	circle	green	(565, 619)	high	no	no_dis	N	same	vert	up	True	2016001	2017250	up	1	6	117
6	hmn	f	19	1	70	circle	green	(645, 652)	low	dis	(565, 619)	Y	dif	vert	up	True	2018260	2020041	up	1	6	118
6	hmn	f	19	1	70	diamond	green	(565, 619)	high	dis	(724, 460)	N	same	hori	left	True	2021242	2023042	left	1	6	119
6	hmn	f	19	1	70	diamond	green	(645, 428)	low	dis	(533, 540)	N	dif	vert	up	True	2024259	2025617	up	1	6	120
conf	6	hmn	f	19	1	70	True	2066026	2102073	6	True	2102083	2122266	1
