subj	name	gender	age	prac	group	shape	color	tar_loc	popularity	dis_cond	dis_loc	dis_high	td_dif	line	respkey	gotkey	startTime	respTime	resp	correct	block	trialnum
7	zmq	f	18	1	70	diamond	green	(645, 652)	high	dis	(565, 619)	N	same	vert	up	True	17829	19814	up	1	1	1
7	zmq	f	18	1	70	circle	green	(645, 652)	high	dis	(757, 540)	N	dif	hori	left	True	20912	22542	left	1	1	2
7	zmq	f	18	1	70	diamond	red	(645, 652)	high	dis	(565, 619)	N	same	hori	left	True	23698	25470	left	1	1	3
7	zmq	f	18	1	70	circle	red	(645, 652)	high	no	no_dis	N	dif	hori	left	True	26703	27774	left	1	1	4
7	zmq	f	18	1	70	circle	green	(645, 652)	high	no	no_dis	N	dif	hori	left	True	28804	30206	left	1	1	5
7	zmq	f	18	1	70	diamond	red	(645, 652)	high	dis	(565, 460)	N	same	vert	up	True	31398	33647	up	1	1	6
7	zmq	f	18	1	70	circle	green	(565, 460)	low	dis	(724, 619)	N	dif	hori	left	True	34746	37118	left	1	1	7
7	zmq	f	18	1	70	diamond	green	(645, 652)	high	dis	(565, 619)	N	same	hori	left	True	38210	40494	left	1	1	8
7	zmq	f	18	1	70	diamond	green	(645, 652)	high	no	no_dis	N	same	hori	left	True	41660	43454	left	1	1	9
7	zmq	f	18	1	70	diamond	red	(645, 652)	high	no	no_dis	N	same	vert	up	True	44467	45535	up	1	1	10
7	zmq	f	18	1	70	diamond	red	(645, 652)	high	dis	(565, 460)	N	same	hori	left	True	46744	48214	left	1	1	11
7	zmq	f	18	1	70	circle	red	(645, 652)	high	dis	(565, 619)	N	dif	vert	up	True	49294	50487	up	1	1	12
7	zmq	f	18	1	70	diamond	red	(645, 652)	high	no	no_dis	N	same	vert	up	True	51572	53214	up	1	1	13
7	zmq	f	18	1	70	diamond	green	(645, 652)	high	no	no_dis	N	dif	hori	left	True	54274	55782	left	1	1	14
7	zmq	f	18	1	70	diamond	green	(645, 652)	high	no	no_dis	N	dif	vert	up	True	56951	59111	up	1	1	15
7	zmq	f	18	1	70	diamond	red	(645, 652)	high	dis	(565, 619)	N	dif	vert	up	True	60217	62318	left	0	1	16
7	zmq	f	18	1	70	diamond	green	(645, 652)	high	no	no_dis	N	same	hori	left	True	64870	66246	left	1	1	17
7	zmq	f	18	1	70	diamond	red	(533, 540)	low	dis	(645, 652)	Y	same	vert	up	True	67379	68950	up	1	1	18
7	zmq	f	18	1	70	circle	red	(645, 652)	high	dis	(724, 460)	N	same	vert	up	True	70054	72214	up	1	1	19
7	zmq	f	18	1	70	diamond	red	(565, 460)	low	no	no_dis	N	dif	vert	up	True	73252	75254	up	1	1	20
7	zmq	f	18	1	70	circle	green	(757, 540)	low	dis	(724, 619)	N	dif	hori	left	True	76386	77790	left	1	1	21
7	zmq	f	18	1	70	diamond	red	(645, 652)	high	no	no_dis	N	dif	vert	up	True	78902	81655	up	1	1	22
7	zmq	f	18	1	70	diamond	green	(645, 652)	high	dis	(757, 540)	N	dif	vert	up	True	82765	84494	up	1	1	23
7	zmq	f	18	1	70	diamond	red	(645, 652)	high	dis	(533, 540)	N	dif	hori	left	True	85564	87118	left	1	1	24
7	zmq	f	18	1	70	circle	green	(645, 652)	high	dis	(533, 540)	N	dif	vert	up	True	88164	89590	up	1	1	25
7	zmq	f	18	1	70	circle	red	(645, 652)	high	no	no_dis	N	same	vert	up	True	90602	92166	up	1	1	26
7	zmq	f	18	1	70	diamond	red	(645, 652)	high	no	no_dis	N	dif	vert	up	True	93292	95206	up	1	1	27
7	zmq	f	18	1	70	diamond	red	(724, 460)	low	no	no_dis	N	same	hori	left	True	96364	97630	left	1	1	28
7	zmq	f	18	1	70	circle	green	(724, 619)	low	dis	(645, 652)	Y	dif	vert	up	True	98704	100054	up	1	1	29
7	zmq	f	18	1	70	circle	green	(645, 652)	high	dis	(724, 460)	N	same	vert	up	True	101207	103135	up	1	1	30
7	zmq	f	18	1	70	circle	red	(645, 652)	high	dis	(565, 460)	N	dif	hori	left	True	104239	106510	left	1	1	31
7	zmq	f	18	1	70	circle	red	(724, 619)	low	dis	(645, 652)	Y	dif	vert	up	True	107569	109366	up	1	1	32
7	zmq	f	18	1	70	diamond	red	(645, 652)	high	dis	(533, 540)	N	same	hori	left	True	110509	111686	left	1	1	33
7	zmq	f	18	1	70	diamond	red	(645, 652)	high	no	no_dis	N	dif	hori	left	True	112919	114486	left	1	1	34
7	zmq	f	18	1	70	circle	green	(645, 652)	high	dis	(724, 619)	N	dif	hori	left	True	115528	117126	up	0	1	35
7	zmq	f	18	1	70	diamond	green	(645, 652)	high	no	no_dis	N	same	hori	left	True	119664	121134	left	1	1	36
7	zmq	f	18	1	70	circle	red	(565, 619)	low	dis	(757, 540)	N	same	hori	left	True	122283	124782	left	1	1	37
7	zmq	f	18	1	70	diamond	green	(645, 652)	high	dis	(724, 460)	N	same	hori	left	True	125823	127182	left	1	1	38
7	zmq	f	18	1	70	diamond	red	(645, 652)	high	dis	(724, 619)	N	same	hori	left	True	128372	130046	left	1	1	39
7	zmq	f	18	1	70	diamond	red	(757, 540)	low	dis	(645, 652)	Y	dif	vert	up	True	131166	132350	up	1	1	40
7	zmq	f	18	1	70	circle	green	(645, 652)	high	dis	(533, 540)	N	dif	vert	up	True	133548	135934	up	1	1	41
7	zmq	f	18	1	70	circle	green	(645, 652)	high	no	no_dis	N	same	hori	left	True	137063	138119	left	1	1	42
7	zmq	f	18	1	70	diamond	green	(645, 428)	low	dis	(565, 460)	N	same	vert	up	True	139303	141646	up	1	1	43
7	zmq	f	18	1	70	diamond	red	(645, 652)	high	dis	(565, 460)	N	dif	hori	left	True	142790	143934	left	1	1	44
7	zmq	f	18	1	70	diamond	red	(645, 652)	high	no	no_dis	N	dif	hori	left	True	145068	146014	left	1	1	45
7	zmq	f	18	1	70	circle	green	(645, 652)	high	no	no_dis	N	same	vert	up	True	147243	148686	up	1	1	46
7	zmq	f	18	1	70	circle	red	(645, 652)	high	no	no_dis	N	dif	vert	up	True	149915	151454	up	1	1	47
7	zmq	f	18	1	70	diamond	green	(645, 652)	high	no	no_dis	N	same	vert	up	True	152553	154486	up	1	1	48
7	zmq	f	18	1	70	circle	red	(645, 652)	high	dis	(565, 619)	N	dif	hori	left	True	155595	157734	left	1	1	49
7	zmq	f	18	1	70	diamond	green	(724, 619)	low	no	no_dis	N	dif	vert	up	True	158884	160398	up	1	1	50
7	zmq	f	18	1	70	diamond	red	(645, 652)	high	dis	(757, 540)	N	dif	vert	up	True	161455	162630	up	1	1	51
7	zmq	f	18	1	70	diamond	green	(533, 540)	low	no	no_dis	N	dif	hori	left	True	163747	165470	left	1	1	52
7	zmq	f	18	1	70	diamond	red	(645, 428)	low	dis	(645, 652)	Y	same	hori	left	True	166625	168102	left	1	1	53
7	zmq	f	18	1	70	circle	green	(645, 652)	high	dis	(533, 540)	N	dif	vert	up	True	169347	170759	up	1	1	54
7	zmq	f	18	1	70	circle	green	(645, 652)	high	dis	(757, 540)	N	dif	vert	up	True	171917	173350	up	1	1	55
7	zmq	f	18	1	70	circle	red	(645, 652)	high	no	no_dis	N	same	vert	up	True	174536	175950	up	1	1	56
7	zmq	f	18	1	70	diamond	green	(565, 619)	low	dis	(645, 428)	N	dif	vert	up	True	177091	179206	up	1	1	57
7	zmq	f	18	1	70	circle	red	(645, 652)	high	dis	(724, 460)	N	same	vert	up	True	180284	182542	up	1	1	58
7	zmq	f	18	1	70	diamond	green	(757, 540)	low	no	no_dis	N	dif	hori	left	True	183573	184558	left	1	1	59
7	zmq	f	18	1	70	circle	green	(645, 652)	high	dis	(565, 460)	N	dif	hori	left	True	185700	187909	left	1	1	60
7	zmq	f	18	1	70	circle	green	(645, 652)	high	no	no_dis	N	dif	vert	up	True	189040	190998	up	1	1	61
7	zmq	f	18	1	70	circle	red	(645, 652)	high	dis	(565, 460)	N	same	vert	up	True	192091	193613	up	1	1	62
7	zmq	f	18	1	70	diamond	green	(645, 652)	high	dis	(645, 428)	N	same	hori	left	True	194722	196462	left	1	1	63
7	zmq	f	18	1	70	diamond	red	(645, 652)	high	dis	(724, 619)	N	dif	hori	left	True	197679	199150	left	1	1	64
7	zmq	f	18	1	70	circle	green	(645, 428)	low	dis	(645, 652)	Y	same	hori	left	True	200257	201966	left	1	1	65
7	zmq	f	18	1	70	circle	green	(645, 652)	high	dis	(757, 540)	N	dif	vert	up	True	203133	204534	up	1	1	66
7	zmq	f	18	1	70	diamond	red	(645, 652)	high	dis	(565, 460)	N	same	vert	up	True	205761	207326	up	1	1	67
7	zmq	f	18	1	70	diamond	red	(724, 460)	low	dis	(645, 652)	Y	dif	hori	left	True	208425	209894	left	1	1	68
7	zmq	f	18	1	70	circle	red	(645, 652)	high	dis	(645, 428)	N	same	vert	up	True	211125	212614	up	1	1	69
7	zmq	f	18	1	70	circle	green	(645, 652)	high	no	no_dis	N	dif	vert	up	True	213800	214822	up	1	1	70
7	zmq	f	18	1	70	circle	red	(645, 652)	high	dis	(565, 619)	N	same	vert	up	True	215848	217277	up	1	1	71
7	zmq	f	18	1	70	circle	green	(645, 652)	high	no	no_dis	N	dif	vert	up	True	218479	220670	up	1	1	72
7	zmq	f	18	1	70	diamond	green	(645, 652)	high	dis	(757, 540)	N	dif	hori	left	True	221749	224014	left	1	1	73
7	zmq	f	18	1	70	diamond	green	(565, 460)	low	dis	(724, 460)	N	same	vert	up	True	225239	227174	up	1	1	74
7	zmq	f	18	1	70	diamond	red	(565, 619)	low	no	no_dis	N	same	hori	left	True	228213	229774	left	1	1	75
7	zmq	f	18	1	70	circle	red	(533, 540)	low	dis	(565, 619)	N	dif	vert	up	True	230991	233373	left	0	1	76
7	zmq	f	18	1	70	diamond	green	(645, 652)	high	dis	(724, 619)	N	same	vert	up	False	235969	None	None	0	1	77
7	zmq	f	18	1	70	circle	green	(645, 652)	high	dis	(645, 428)	N	same	vert	up	True	241628	243278	up	1	1	78
7	zmq	f	18	1	70	circle	red	(645, 652)	high	dis	(757, 540)	N	dif	vert	up	True	244348	245605	up	1	1	79
7	zmq	f	18	1	70	diamond	green	(533, 540)	low	dis	(724, 460)	N	same	vert	up	True	246792	248526	up	1	1	80
7	zmq	f	18	1	70	diamond	green	(645, 652)	high	dis	(724, 619)	N	dif	hori	left	True	249690	251037	left	1	1	81
7	zmq	f	18	1	70	circle	red	(645, 428)	low	dis	(533, 540)	N	same	hori	left	True	252135	253790	left	1	1	82
7	zmq	f	18	1	70	diamond	green	(645, 652)	high	dis	(533, 540)	N	same	hori	left	True	254827	256101	left	1	1	83
7	zmq	f	18	1	70	diamond	red	(645, 652)	high	no	no_dis	N	same	hori	left	True	257330	258614	left	1	1	84
7	zmq	f	18	1	70	circle	green	(724, 460)	low	dis	(645, 652)	Y	same	hori	left	True	259656	262134	left	1	1	85
7	zmq	f	18	1	70	diamond	red	(645, 652)	high	dis	(645, 428)	N	same	vert	up	True	263224	265038	up	1	1	86
7	zmq	f	18	1	70	circle	green	(645, 652)	high	no	no_dis	N	same	vert	up	True	266175	268901	up	1	1	87
7	zmq	f	18	1	70	circle	red	(565, 460)	low	no	no_dis	N	same	hori	left	True	270042	271374	left	1	1	88
7	zmq	f	18	1	70	circle	green	(645, 652)	high	dis	(565, 619)	N	dif	hori	left	True	272405	273774	left	1	1	89
7	zmq	f	18	1	70	circle	red	(645, 652)	high	dis	(645, 428)	N	dif	vert	up	True	274943	276709	up	1	1	90
7	zmq	f	18	1	70	circle	green	(645, 652)	high	dis	(724, 619)	N	same	vert	up	True	277753	280262	up	1	1	91
7	zmq	f	18	1	70	diamond	green	(645, 652)	high	dis	(724, 460)	N	dif	vert	up	True	281450	282742	up	1	1	92
7	zmq	f	18	1	70	diamond	green	(645, 652)	high	dis	(645, 428)	N	dif	vert	up	True	283843	286006	up	1	1	93
7	zmq	f	18	1	70	circle	red	(645, 652)	high	dis	(724, 460)	N	same	hori	left	True	287153	288350	left	1	1	94
7	zmq	f	18	1	70	circle	green	(645, 652)	high	dis	(565, 460)	N	dif	hori	left	True	289455	291758	left	1	1	95
7	zmq	f	18	1	70	circle	red	(757, 540)	low	dis	(645, 652)	Y	same	vert	up	True	292965	294462	up	1	1	96
7	zmq	f	18	1	70	circle	red	(645, 652)	high	no	no_dis	N	same	hori	left	True	295570	296438	left	1	1	97
7	zmq	f	18	1	70	diamond	green	(757, 540)	low	dis	(565, 619)	N	dif	vert	up	True	297687	299381	up	1	1	98
7	zmq	f	18	1	70	diamond	green	(645, 652)	high	no	no_dis	N	dif	hori	left	True	300578	301494	left	1	1	99
7	zmq	f	18	1	70	circle	red	(724, 619)	low	no	no_dis	N	dif	hori	left	True	302632	303622	left	1	1	100
7	zmq	f	18	1	70	circle	red	(645, 652)	high	dis	(724, 460)	N	dif	hori	left	True	304833	305861	left	1	1	101
7	zmq	f	18	1	70	circle	green	(757, 540)	low	no	no_dis	N	dif	vert	up	True	307004	307934	up	1	1	102
7	zmq	f	18	1	70	diamond	red	(645, 652)	high	dis	(645, 428)	N	same	hori	left	True	308958	309885	left	1	1	103
7	zmq	f	18	1	70	circle	red	(645, 652)	high	no	no_dis	N	same	hori	left	True	310991	312654	left	1	1	104
7	zmq	f	18	1	70	diamond	red	(565, 460)	low	dis	(533, 540)	N	same	vert	up	True	313850	316022	up	1	1	105
7	zmq	f	18	1	70	circle	red	(533, 540)	low	no	no_dis	N	same	vert	up	True	317180	318230	up	1	1	106
7	zmq	f	18	1	70	circle	green	(565, 619)	low	dis	(565, 460)	N	dif	hori	left	True	319333	320422	left	1	1	107
7	zmq	f	18	1	70	circle	red	(645, 652)	high	dis	(533, 540)	N	same	vert	up	True	321617	322486	up	1	1	108
7	zmq	f	18	1	70	circle	red	(645, 652)	high	dis	(724, 619)	N	same	hori	left	True	323580	324725	left	1	1	109
7	zmq	f	18	1	70	diamond	green	(645, 652)	high	dis	(645, 428)	N	dif	vert	up	True	325806	327613	up	1	1	110
7	zmq	f	18	1	70	circle	green	(565, 619)	low	no	no_dis	N	same	vert	up	True	328767	329718	up	1	1	111
7	zmq	f	18	1	70	diamond	green	(645, 652)	high	dis	(757, 540)	N	dif	hori	left	True	330864	332270	left	1	1	112
7	zmq	f	18	1	70	circle	red	(724, 460)	low	dis	(757, 540)	N	same	hori	left	True	333518	336174	left	1	1	113
7	zmq	f	18	1	70	diamond	green	(645, 652)	high	dis	(724, 619)	N	same	hori	left	True	337385	338573	left	1	1	114
7	zmq	f	18	1	70	diamond	green	(724, 460)	low	dis	(645, 652)	Y	dif	hori	left	True	339696	340813	left	1	1	115
7	zmq	f	18	1	70	circle	green	(645, 652)	high	dis	(724, 460)	N	same	hori	left	True	341845	343950	left	1	1	116
7	zmq	f	18	1	70	circle	green	(645, 428)	low	no	no_dis	N	same	vert	up	True	345033	346438	up	1	1	117
7	zmq	f	18	1	70	circle	red	(645, 652)	high	no	no_dis	N	dif	hori	left	True	347624	348533	left	1	1	118
7	zmq	f	18	1	70	diamond	red	(724, 619)	low	dis	(645, 428)	N	dif	hori	left	True	349753	352213	left	1	1	119
7	zmq	f	18	1	70	diamond	red	(645, 652)	high	dis	(533, 540)	N	same	hori	left	True	353419	354342	left	1	1	120
7	zmq	f	18	1	70	circle	green	(645, 652)	high	dis	(533, 540)	N	dif	vert	up	True	391533	392942	up	1	2	1
7	zmq	f	18	1	70	diamond	green	(645, 652)	high	no	no_dis	N	dif	vert	up	True	394010	394894	up	1	2	2
7	zmq	f	18	1	70	circle	green	(645, 652)	high	no	no_dis	N	dif	hori	left	True	395954	396621	left	1	2	3
7	zmq	f	18	1	70	diamond	green	(645, 652)	high	no	no_dis	N	same	hori	left	True	397678	398533	left	1	2	4
7	zmq	f	18	1	70	diamond	green	(724, 619)	low	no	no_dis	N	same	hori	left	True	399586	400446	left	1	2	5
7	zmq	f	18	1	70	circle	red	(645, 652)	high	no	no_dis	N	dif	hori	left	True	401576	402990	left	1	2	6
7	zmq	f	18	1	70	diamond	red	(724, 460)	low	no	no_dis	N	same	vert	up	True	404219	405190	up	1	2	7
7	zmq	f	18	1	70	diamond	green	(565, 460)	low	dis	(645, 652)	Y	same	hori	left	True	406282	407037	left	1	2	8
7	zmq	f	18	1	70	circle	green	(565, 619)	low	no	no_dis	N	dif	hori	left	True	408187	409150	left	1	2	9
7	zmq	f	18	1	70	circle	green	(645, 652)	high	dis	(757, 540)	N	same	hori	left	True	410158	411629	left	1	2	10
7	zmq	f	18	1	70	diamond	red	(645, 652)	high	no	no_dis	N	dif	hori	left	True	412770	413550	left	1	2	11
7	zmq	f	18	1	70	diamond	red	(724, 619)	low	dis	(565, 460)	N	dif	vert	up	True	414781	415629	up	1	2	12
7	zmq	f	18	1	70	circle	green	(757, 540)	low	dis	(645, 652)	Y	dif	vert	up	True	416826	417877	up	1	2	13
7	zmq	f	18	1	70	diamond	red	(645, 428)	low	no	no_dis	N	dif	vert	up	True	419124	420165	up	1	2	14
7	zmq	f	18	1	70	circle	green	(533, 540)	low	no	no_dis	N	same	hori	left	True	421271	422046	left	1	2	15
7	zmq	f	18	1	70	diamond	red	(533, 540)	low	dis	(645, 652)	Y	same	vert	up	True	423297	424013	up	1	2	16
7	zmq	f	18	1	70	circle	green	(645, 652)	high	no	no_dis	N	same	hori	left	True	425204	426773	left	1	2	17
7	zmq	f	18	1	70	circle	red	(724, 619)	low	no	no_dis	N	same	hori	left	True	427907	428853	left	1	2	18
7	zmq	f	18	1	70	circle	green	(645, 652)	high	dis	(533, 540)	N	dif	hori	left	True	430061	431261	left	1	2	19
7	zmq	f	18	1	70	diamond	green	(757, 540)	low	dis	(724, 460)	N	dif	vert	up	True	432299	434398	up	1	2	20
7	zmq	f	18	1	70	diamond	green	(645, 652)	high	no	no_dis	N	dif	vert	up	True	435424	436957	up	1	2	21
7	zmq	f	18	1	70	circle	green	(645, 428)	low	dis	(724, 619)	N	same	vert	up	True	438180	439741	up	1	2	22
7	zmq	f	18	1	70	diamond	red	(645, 652)	high	dis	(565, 619)	N	same	vert	up	False	440931	None	None	0	2	23
7	zmq	f	18	1	70	circle	red	(645, 652)	high	no	no_dis	N	same	vert	up	True	446457	447766	up	1	2	24
7	zmq	f	18	1	70	diamond	green	(645, 652)	high	dis	(565, 460)	N	dif	hori	left	True	448866	449765	left	1	2	25
7	zmq	f	18	1	70	diamond	red	(645, 652)	high	dis	(724, 619)	N	dif	vert	up	True	450984	452437	up	1	2	26
7	zmq	f	18	1	70	diamond	red	(645, 652)	high	dis	(565, 460)	N	same	hori	left	True	453456	454733	left	1	2	27
7	zmq	f	18	1	70	circle	green	(724, 460)	low	dis	(645, 652)	Y	same	vert	up	True	455925	457453	up	1	2	28
7	zmq	f	18	1	70	diamond	red	(645, 652)	high	dis	(565, 619)	N	dif	vert	up	True	458611	459557	up	1	2	29
7	zmq	f	18	1	70	circle	red	(645, 652)	high	dis	(533, 540)	N	same	hori	left	True	460791	462646	left	1	2	30
7	zmq	f	18	1	70	circle	red	(645, 652)	high	no	no_dis	N	same	vert	up	True	463882	465142	up	1	2	31
7	zmq	f	18	1	70	circle	red	(724, 460)	low	dis	(645, 652)	Y	dif	hori	left	True	466260	467413	left	1	2	32
7	zmq	f	18	1	70	circle	red	(757, 540)	low	dis	(533, 540)	N	same	vert	up	True	468472	470526	up	1	2	33
7	zmq	f	18	1	70	diamond	green	(645, 652)	high	dis	(724, 460)	N	same	vert	up	True	471573	473021	up	1	2	34
7	zmq	f	18	1	70	diamond	red	(645, 652)	high	no	no_dis	N	dif	hori	left	True	474209	474950	left	1	2	35
7	zmq	f	18	1	70	circle	green	(645, 652)	high	no	no_dis	N	same	hori	left	True	476177	477149	left	1	2	36
7	zmq	f	18	1	70	diamond	green	(724, 460)	low	dis	(645, 652)	Y	dif	hori	left	True	478231	479645	left	1	2	37
7	zmq	f	18	1	70	diamond	red	(565, 460)	low	dis	(565, 619)	N	dif	hori	left	True	480832	482326	left	1	2	38
7	zmq	f	18	1	70	circle	green	(645, 652)	high	dis	(565, 460)	N	dif	vert	up	True	483424	485645	up	1	2	39
7	zmq	f	18	1	70	diamond	red	(645, 652)	high	dis	(645, 428)	N	same	vert	up	True	486868	487981	up	1	2	40
7	zmq	f	18	1	70	circle	green	(565, 619)	low	dis	(565, 460)	N	dif	vert	up	True	488986	490502	up	1	2	41
7	zmq	f	18	1	70	circle	red	(645, 652)	high	dis	(565, 619)	N	same	hori	left	True	491735	492710	left	1	2	42
7	zmq	f	18	1	70	circle	red	(645, 652)	high	dis	(757, 540)	N	dif	vert	up	True	493722	494742	up	1	2	43
7	zmq	f	18	1	70	circle	green	(645, 652)	high	dis	(724, 460)	N	dif	hori	left	True	495933	497821	left	1	2	44
7	zmq	f	18	1	70	circle	red	(533, 540)	low	dis	(645, 652)	Y	same	vert	up	True	499011	500485	up	1	2	45
7	zmq	f	18	1	70	circle	red	(565, 619)	low	dis	(724, 460)	N	same	hori	left	True	501608	502637	left	1	2	46
7	zmq	f	18	1	70	diamond	red	(645, 652)	high	dis	(724, 460)	N	same	vert	up	False	503676	None	None	0	2	47
7	zmq	f	18	1	70	circle	green	(645, 652)	high	dis	(565, 460)	N	dif	vert	up	True	509245	511125	up	1	2	48
7	zmq	f	18	1	70	diamond	green	(645, 652)	high	dis	(724, 619)	N	dif	hori	left	True	512207	513373	left	1	2	49
7	zmq	f	18	1	70	circle	green	(645, 652)	high	dis	(565, 619)	N	dif	hori	left	True	514469	515678	left	1	2	50
7	zmq	f	18	1	70	diamond	red	(757, 540)	low	dis	(645, 652)	Y	dif	hori	left	True	516705	517766	left	1	2	51
7	zmq	f	18	1	70	diamond	green	(645, 652)	high	dis	(757, 540)	N	dif	hori	left	True	518866	519621	left	1	2	52
7	zmq	f	18	1	70	circle	red	(645, 652)	high	no	no_dis	N	same	vert	up	True	520843	521605	up	1	2	53
7	zmq	f	18	1	70	circle	red	(757, 540)	low	no	no_dis	N	same	vert	up	True	522665	523597	up	1	2	54
7	zmq	f	18	1	70	diamond	green	(645, 652)	high	dis	(533, 540)	N	same	vert	up	True	524741	526165	up	1	2	55
7	zmq	f	18	1	70	circle	green	(565, 619)	low	no	no_dis	N	dif	hori	left	True	527403	528534	left	1	2	56
7	zmq	f	18	1	70	circle	red	(645, 652)	high	dis	(757, 540)	N	same	hori	left	True	529726	530837	left	1	2	57
7	zmq	f	18	1	70	diamond	red	(724, 460)	low	dis	(645, 428)	N	dif	hori	left	True	531931	533093	left	1	2	58
7	zmq	f	18	1	70	circle	green	(645, 652)	high	no	no_dis	N	dif	vert	up	True	534328	535541	up	1	2	59
7	zmq	f	18	1	70	circle	red	(645, 652)	high	dis	(565, 619)	N	dif	vert	up	True	536675	537853	up	1	2	60
7	zmq	f	18	1	70	diamond	green	(645, 652)	high	dis	(565, 619)	N	same	hori	left	True	539003	540126	left	1	2	61
7	zmq	f	18	1	70	diamond	red	(645, 428)	low	dis	(757, 540)	N	same	hori	left	True	541268	542542	left	1	2	62
7	zmq	f	18	1	70	circle	red	(724, 619)	low	dis	(645, 652)	Y	dif	vert	up	True	543656	544789	up	1	2	63
7	zmq	f	18	1	70	circle	red	(645, 652)	high	dis	(757, 540)	N	dif	vert	up	True	545827	546741	up	1	2	64
7	zmq	f	18	1	70	diamond	red	(645, 652)	high	dis	(724, 460)	N	same	hori	left	True	547822	548573	left	1	2	65
7	zmq	f	18	1	70	circle	red	(645, 652)	high	dis	(724, 619)	N	dif	vert	up	True	549640	550542	up	1	2	66
7	zmq	f	18	1	70	circle	red	(645, 652)	high	no	no_dis	N	dif	vert	up	True	551705	552397	up	1	2	67
7	zmq	f	18	1	70	diamond	green	(645, 652)	high	dis	(757, 540)	N	same	vert	up	True	553454	554173	up	1	2	68
7	zmq	f	18	1	70	diamond	red	(724, 460)	low	no	no_dis	N	dif	vert	up	True	555209	556078	up	1	2	69
7	zmq	f	18	1	70	diamond	green	(645, 428)	low	dis	(645, 652)	Y	dif	vert	up	True	557219	558477	up	1	2	70
7	zmq	f	18	1	70	diamond	red	(645, 652)	high	dis	(724, 460)	N	same	hori	left	True	559484	560221	left	1	2	71
7	zmq	f	18	1	70	circle	green	(645, 652)	high	no	no_dis	N	dif	vert	up	True	561420	564221	up	1	2	72
7	zmq	f	18	1	70	circle	green	(645, 652)	high	dis	(645, 428)	N	same	hori	left	True	565262	566453	left	1	2	73
7	zmq	f	18	1	70	diamond	green	(645, 652)	high	no	no_dis	N	dif	vert	up	True	567477	568581	up	1	2	74
7	zmq	f	18	1	70	circle	green	(565, 460)	low	dis	(533, 540)	N	same	hori	left	True	569594	571373	left	1	2	75
7	zmq	f	18	1	70	diamond	green	(565, 460)	low	no	no_dis	N	dif	hori	left	True	572432	573517	left	1	2	76
7	zmq	f	18	1	70	diamond	green	(645, 428)	low	no	no_dis	N	dif	vert	up	True	574750	576565	up	1	2	77
7	zmq	f	18	1	70	circle	red	(645, 652)	high	dis	(645, 428)	N	same	vert	up	True	577710	578741	up	1	2	78
7	zmq	f	18	1	70	circle	red	(645, 652)	high	dis	(724, 619)	N	same	vert	up	True	579877	580461	up	1	2	79
7	zmq	f	18	1	70	circle	green	(645, 652)	high	dis	(724, 460)	N	dif	hori	left	True	581569	582573	left	1	2	80
7	zmq	f	18	1	70	diamond	red	(645, 652)	high	no	no_dis	N	dif	hori	left	True	583777	585221	left	1	2	81
7	zmq	f	18	1	70	diamond	green	(645, 652)	high	dis	(565, 460)	N	same	hori	left	True	586350	587045	left	1	2	82
7	zmq	f	18	1	70	circle	red	(645, 652)	high	dis	(533, 540)	N	same	vert	up	True	588129	589477	left	0	2	83
7	zmq	f	18	1	70	circle	green	(645, 652)	high	dis	(645, 428)	N	same	vert	up	True	592213	593549	up	1	2	84
7	zmq	f	18	1	70	circle	red	(645, 652)	high	dis	(533, 540)	N	dif	hori	left	True	594770	595941	left	1	2	85
7	zmq	f	18	1	70	circle	red	(645, 652)	high	no	no_dis	N	same	vert	up	True	597161	598613	up	1	2	86
7	zmq	f	18	1	70	diamond	green	(645, 652)	high	dis	(533, 540)	N	same	vert	up	True	599754	600581	up	1	2	87
7	zmq	f	18	1	70	circle	green	(645, 652)	high	dis	(724, 619)	N	same	vert	up	True	601616	603485	up	1	2	88
7	zmq	f	18	1	70	diamond	green	(565, 619)	low	dis	(645, 428)	N	same	hori	left	True	604671	605941	left	1	2	89
7	zmq	f	18	1	70	circle	green	(645, 652)	high	dis	(645, 428)	N	same	hori	left	True	607068	608565	left	1	2	90
7	zmq	f	18	1	70	diamond	green	(645, 652)	high	no	no_dis	N	same	hori	left	True	609605	610749	left	1	2	91
7	zmq	f	18	1	70	circle	red	(645, 428)	low	dis	(565, 619)	N	dif	hori	left	True	611807	612997	left	1	2	92
7	zmq	f	18	1	70	circle	red	(533, 540)	low	no	no_dis	N	same	vert	up	True	614137	614997	up	1	2	93
7	zmq	f	18	1	70	diamond	red	(645, 652)	high	no	no_dis	N	dif	hori	left	True	616167	616973	left	1	2	94
7	zmq	f	18	1	70	diamond	red	(645, 652)	high	dis	(565, 619)	N	dif	hori	left	True	618004	618877	left	1	2	95
7	zmq	f	18	1	70	diamond	red	(645, 652)	high	dis	(757, 540)	N	dif	hori	left	True	620078	620766	left	1	2	96
7	zmq	f	18	1	70	diamond	green	(645, 652)	high	dis	(724, 460)	N	same	hori	left	True	621965	622605	left	1	2	97
7	zmq	f	18	1	70	diamond	red	(645, 652)	high	no	no_dis	N	same	vert	up	True	623784	624485	up	1	2	98
7	zmq	f	18	1	70	diamond	red	(645, 652)	high	no	no_dis	N	dif	vert	up	True	625608	626813	up	1	2	99
7	zmq	f	18	1	70	circle	green	(645, 652)	high	dis	(565, 619)	N	dif	hori	left	True	627871	629189	left	1	2	100
7	zmq	f	18	1	70	circle	green	(724, 619)	low	dis	(757, 540)	N	same	hori	left	True	630418	633117	left	1	2	101
7	zmq	f	18	1	70	diamond	green	(645, 652)	high	no	no_dis	N	same	hori	left	True	634153	635020	left	1	2	102
7	zmq	f	18	1	70	circle	green	(645, 652)	high	no	no_dis	N	same	vert	up	True	636182	638053	up	1	2	103
7	zmq	f	18	1	70	circle	green	(645, 652)	high	no	no_dis	N	dif	hori	left	True	639173	640069	left	1	2	104
7	zmq	f	18	1	70	diamond	red	(645, 652)	high	dis	(757, 540)	N	dif	hori	left	True	641124	642213	left	1	2	105
7	zmq	f	18	1	70	diamond	green	(645, 652)	high	dis	(565, 460)	N	dif	vert	up	True	643378	644765	up	1	2	106
7	zmq	f	18	1	70	diamond	green	(645, 652)	high	dis	(724, 619)	N	dif	hori	left	True	645879	647069	left	1	2	107
7	zmq	f	18	1	70	diamond	green	(645, 652)	high	no	no_dis	N	same	hori	left	True	648264	649429	left	1	2	108
7	zmq	f	18	1	70	diamond	green	(533, 540)	low	dis	(724, 619)	N	same	vert	up	True	650648	652149	up	1	2	109
7	zmq	f	18	1	70	circle	green	(645, 652)	high	dis	(724, 619)	N	dif	vert	up	True	653168	654525	left	0	2	110
7	zmq	f	18	1	70	diamond	red	(645, 652)	high	dis	(724, 460)	N	dif	hori	left	True	657132	658668	left	1	2	111
7	zmq	f	18	1	70	diamond	green	(645, 652)	high	dis	(645, 428)	N	dif	vert	up	True	659721	661213	up	1	2	112
7	zmq	f	18	1	70	circle	red	(645, 652)	high	dis	(724, 619)	N	dif	vert	up	True	662353	664309	up	1	2	113
7	zmq	f	18	1	70	diamond	red	(645, 652)	high	no	no_dis	N	same	vert	up	False	665499	None	None	0	2	114
7	zmq	f	18	1	70	diamond	red	(645, 652)	high	dis	(645, 428)	N	same	hori	left	True	671029	673253	left	1	2	115
7	zmq	f	18	1	70	circle	red	(645, 652)	high	dis	(645, 428)	N	same	vert	up	True	674470	675909	up	1	2	116
7	zmq	f	18	1	70	diamond	red	(645, 652)	high	dis	(533, 540)	N	same	hori	left	True	677139	679741	up	0	2	117
7	zmq	f	18	1	70	circle	red	(645, 652)	high	dis	(565, 460)	N	dif	vert	up	True	682281	685045	up	1	2	118
7	zmq	f	18	1	70	diamond	green	(645, 652)	high	dis	(565, 460)	N	same	vert	up	True	686252	688461	up	1	2	119
7	zmq	f	18	1	70	circle	red	(645, 652)	high	no	no_dis	N	same	hori	left	True	689644	691213	left	1	2	120
7	zmq	f	18	1	70	diamond	green	(645, 652)	high	dis	(757, 540)	N	dif	hori	left	True	726764	727917	left	1	3	1
7	zmq	f	18	1	70	diamond	red	(645, 652)	high	dis	(724, 460)	N	dif	vert	up	True	729009	729725	up	1	3	2
7	zmq	f	18	1	70	circle	red	(757, 540)	low	dis	(724, 460)	N	same	hori	left	True	730848	732013	left	1	3	3
7	zmq	f	18	1	70	circle	red	(645, 652)	high	dis	(565, 460)	N	dif	hori	left	True	733058	733789	left	1	3	4
7	zmq	f	18	1	70	circle	red	(645, 652)	high	no	no_dis	N	same	hori	left	True	735005	735941	left	1	3	5
7	zmq	f	18	1	70	diamond	red	(645, 652)	high	no	no_dis	N	dif	vert	up	True	736985	737661	up	1	3	6
7	zmq	f	18	1	70	circle	green	(645, 652)	high	dis	(757, 540)	N	same	hori	left	True	738749	739789	left	1	3	7
7	zmq	f	18	1	70	circle	red	(645, 652)	high	dis	(757, 540)	N	same	vert	up	True	740829	741613	up	1	3	8
7	zmq	f	18	1	70	diamond	red	(757, 540)	low	dis	(645, 428)	N	dif	vert	up	True	742776	743788	up	1	3	9
7	zmq	f	18	1	70	circle	green	(645, 652)	high	no	no_dis	N	dif	vert	up	True	744898	745765	up	1	3	10
7	zmq	f	18	1	70	circle	red	(645, 652)	high	dis	(565, 619)	N	dif	hori	left	True	746895	747604	left	1	3	11
7	zmq	f	18	1	70	diamond	green	(645, 652)	high	dis	(565, 619)	N	dif	vert	up	True	748678	749413	up	1	3	12
7	zmq	f	18	1	70	circle	red	(645, 652)	high	dis	(565, 460)	N	dif	vert	up	True	750615	751228	up	1	3	13
7	zmq	f	18	1	70	diamond	green	(645, 652)	high	no	no_dis	N	same	vert	up	True	752304	752892	up	1	3	14
7	zmq	f	18	1	70	circle	green	(645, 652)	high	dis	(724, 460)	N	dif	vert	up	True	754098	754892	up	1	3	15
7	zmq	f	18	1	70	diamond	green	(565, 460)	low	dis	(724, 619)	N	dif	hori	left	True	755929	757157	left	1	3	16
7	zmq	f	18	1	70	circle	red	(645, 652)	high	dis	(565, 619)	N	same	hori	left	True	758364	759156	left	1	3	17
7	zmq	f	18	1	70	circle	red	(645, 652)	high	no	no_dis	N	dif	hori	left	True	760171	761069	left	1	3	18
7	zmq	f	18	1	70	circle	green	(645, 428)	low	dis	(645, 652)	Y	same	vert	up	True	762216	763228	up	1	3	19
7	zmq	f	18	1	70	diamond	red	(645, 652)	high	no	no_dis	N	dif	vert	up	True	764453	765396	up	1	3	20
7	zmq	f	18	1	70	diamond	green	(645, 652)	high	dis	(645, 428)	N	same	vert	up	True	766419	767885	up	1	3	21
7	zmq	f	18	1	70	diamond	red	(724, 460)	low	dis	(565, 460)	N	same	vert	up	True	769058	770597	up	1	3	22
7	zmq	f	18	1	70	circle	red	(565, 619)	low	no	no_dis	N	dif	hori	left	True	771726	772613	left	1	3	23
7	zmq	f	18	1	70	diamond	green	(645, 652)	high	no	no_dis	N	dif	hori	left	True	773792	774541	left	1	3	24
7	zmq	f	18	1	70	diamond	red	(565, 460)	low	dis	(757, 540)	N	dif	hori	left	True	775794	777693	left	1	3	25
7	zmq	f	18	1	70	circle	red	(565, 619)	low	dis	(645, 652)	Y	dif	vert	up	True	778753	779901	up	1	3	26
7	zmq	f	18	1	70	diamond	red	(645, 428)	low	dis	(757, 540)	N	dif	vert	up	True	781058	782157	up	1	3	27
7	zmq	f	18	1	70	circle	green	(565, 460)	low	dis	(724, 460)	N	same	hori	left	True	783374	784301	left	1	3	28
7	zmq	f	18	1	70	diamond	green	(645, 652)	high	dis	(724, 619)	N	same	hori	left	True	785402	786292	left	1	3	29
7	zmq	f	18	1	70	circle	red	(645, 652)	high	dis	(565, 619)	N	dif	hori	left	True	787529	789188	left	1	3	30
7	zmq	f	18	1	70	circle	red	(645, 428)	low	dis	(645, 652)	Y	same	vert	up	True	790315	791261	up	1	3	31
7	zmq	f	18	1	70	diamond	red	(645, 652)	high	dis	(645, 428)	N	same	vert	up	True	792497	793804	up	1	3	32
7	zmq	f	18	1	70	diamond	green	(645, 652)	high	dis	(565, 619)	N	dif	hori	left	True	795014	796173	left	1	3	33
7	zmq	f	18	1	70	diamond	red	(645, 652)	high	dis	(565, 460)	N	same	vert	up	True	797212	798492	up	1	3	34
7	zmq	f	18	1	70	circle	red	(724, 460)	low	dis	(645, 652)	Y	same	hori	left	True	799659	801188	left	1	3	35
7	zmq	f	18	1	70	diamond	green	(757, 540)	low	dis	(645, 652)	Y	dif	vert	up	True	802378	803453	up	1	3	36
7	zmq	f	18	1	70	diamond	green	(645, 652)	high	no	no_dis	N	dif	vert	up	True	804636	805429	up	1	3	37
7	zmq	f	18	1	70	diamond	red	(645, 652)	high	dis	(724, 619)	N	dif	vert	up	True	806533	807341	up	1	3	38
7	zmq	f	18	1	70	diamond	green	(724, 460)	low	dis	(645, 428)	N	dif	vert	up	True	808367	809517	up	1	3	39
7	zmq	f	18	1	70	circle	green	(645, 652)	high	no	no_dis	N	dif	vert	up	True	810769	812420	up	1	3	40
7	zmq	f	18	1	70	diamond	green	(565, 460)	low	no	no_dis	N	dif	vert	up	True	813601	814709	up	1	3	41
7	zmq	f	18	1	70	circle	green	(645, 652)	high	no	no_dis	N	same	vert	up	True	815726	816772	up	1	3	42
7	zmq	f	18	1	70	diamond	green	(645, 652)	high	dis	(645, 428)	N	same	vert	up	True	817958	819477	up	1	3	43
7	zmq	f	18	1	70	diamond	green	(645, 652)	high	no	no_dis	N	same	hori	left	True	820682	822493	left	1	3	44
7	zmq	f	18	1	70	circle	red	(645, 652)	high	no	no_dis	N	same	vert	up	True	823653	825317	up	1	3	45
7	zmq	f	18	1	70	circle	red	(645, 652)	high	no	no_dis	N	same	vert	up	True	826363	827885	up	1	3	46
7	zmq	f	18	1	70	circle	red	(645, 428)	low	no	no_dis	N	same	vert	up	True	828954	829869	up	1	3	47
7	zmq	f	18	1	70	circle	red	(645, 652)	high	no	no_dis	N	same	hori	left	True	830916	832077	left	1	3	48
7	zmq	f	18	1	70	diamond	green	(645, 652)	high	dis	(565, 460)	N	same	vert	up	True	833137	833876	up	1	3	49
7	zmq	f	18	1	70	circle	green	(645, 652)	high	dis	(565, 619)	N	same	hori	left	True	834916	836044	left	1	3	50
7	zmq	f	18	1	70	diamond	green	(757, 540)	low	no	no_dis	N	same	hori	left	True	837205	838117	left	1	3	51
7	zmq	f	18	1	70	diamond	green	(645, 652)	high	dis	(757, 540)	N	same	vert	up	True	839336	840548	up	1	3	52
7	zmq	f	18	1	70	circle	red	(645, 652)	high	dis	(757, 540)	N	dif	vert	up	True	841767	843484	up	1	3	53
7	zmq	f	18	1	70	circle	green	(645, 428)	low	no	no_dis	N	dif	vert	up	True	844563	845340	up	1	3	54
7	zmq	f	18	1	70	circle	green	(724, 460)	low	dis	(645, 652)	Y	same	hori	left	True	846515	848781	left	1	3	55
7	zmq	f	18	1	70	diamond	red	(724, 619)	low	no	no_dis	N	dif	hori	left	True	849815	850876	left	1	3	56
7	zmq	f	18	1	70	diamond	green	(645, 652)	high	no	no_dis	N	dif	vert	up	True	851992	853117	up	1	3	57
7	zmq	f	18	1	70	diamond	red	(645, 652)	high	dis	(724, 619)	N	dif	vert	up	True	854150	855261	up	1	3	58
7	zmq	f	18	1	70	diamond	green	(645, 652)	high	no	no_dis	N	same	vert	up	True	856505	857308	up	1	3	59
7	zmq	f	18	1	70	circle	green	(645, 652)	high	dis	(724, 619)	N	dif	vert	up	True	858334	859501	up	1	3	60
7	zmq	f	18	1	70	circle	green	(645, 652)	high	dis	(565, 619)	N	same	hori	left	True	860517	862509	left	1	3	61
7	zmq	f	18	1	70	circle	green	(724, 619)	low	dis	(645, 652)	Y	same	hori	left	True	863580	865348	left	1	3	62
7	zmq	f	18	1	70	circle	green	(645, 652)	high	no	no_dis	N	dif	hori	left	True	866572	867869	left	1	3	63
7	zmq	f	18	1	70	circle	red	(724, 619)	low	dis	(645, 652)	Y	dif	hori	left	False	869068	None	None	0	3	64
7	zmq	f	18	1	70	diamond	green	(645, 652)	high	no	no_dis	N	same	hori	left	True	874762	876397	left	1	3	65
7	zmq	f	18	1	70	circle	red	(645, 652)	high	dis	(533, 540)	N	dif	vert	up	True	877613	878637	up	1	3	66
7	zmq	f	18	1	70	diamond	green	(533, 540)	low	dis	(645, 652)	Y	same	hori	left	True	879688	881117	left	1	3	67
7	zmq	f	18	1	70	diamond	red	(533, 540)	low	dis	(565, 619)	N	dif	hori	left	True	882225	884100	left	1	3	68
7	zmq	f	18	1	70	diamond	red	(645, 652)	high	dis	(724, 619)	N	same	vert	up	True	885189	886213	up	1	3	69
7	zmq	f	18	1	70	diamond	red	(645, 652)	high	dis	(724, 619)	N	same	hori	left	True	887255	888684	left	1	3	70
7	zmq	f	18	1	70	diamond	green	(645, 652)	high	dis	(533, 540)	N	same	vert	up	True	889931	890852	up	1	3	71
7	zmq	f	18	1	70	diamond	red	(645, 652)	high	dis	(533, 540)	N	same	vert	up	True	891920	892940	up	1	3	72
7	zmq	f	18	1	70	diamond	red	(645, 652)	high	dis	(533, 540)	N	same	hori	left	True	894090	894932	up	0	3	73
7	zmq	f	18	1	70	diamond	red	(645, 652)	high	dis	(533, 540)	N	same	vert	up	True	897477	898381	up	1	3	74
7	zmq	f	18	1	70	circle	green	(645, 652)	high	dis	(724, 460)	N	same	hori	left	True	899587	901132	left	1	3	75
7	zmq	f	18	1	70	diamond	red	(645, 652)	high	no	no_dis	N	same	hori	left	True	902246	902965	left	1	3	76
7	zmq	f	18	1	70	diamond	red	(645, 652)	high	dis	(565, 460)	N	dif	hori	left	True	904190	905084	left	1	3	77
7	zmq	f	18	1	70	circle	red	(645, 652)	high	dis	(565, 460)	N	dif	hori	left	True	906260	907508	left	1	3	78
7	zmq	f	18	1	70	circle	red	(533, 540)	low	dis	(565, 619)	N	same	vert	up	True	908623	910188	up	1	3	79
7	zmq	f	18	1	70	diamond	green	(645, 652)	high	dis	(565, 460)	N	same	hori	left	True	911417	912724	left	1	3	80
7	zmq	f	18	1	70	circle	green	(724, 460)	low	no	no_dis	N	dif	hori	left	True	913743	915636	left	1	3	81
7	zmq	f	18	1	70	circle	green	(645, 652)	high	dis	(724, 460)	N	same	hori	left	True	916768	918532	left	1	3	82
7	zmq	f	18	1	70	diamond	red	(724, 619)	low	dis	(565, 460)	N	same	vert	up	True	919633	921461	up	1	3	83
7	zmq	f	18	1	70	diamond	green	(645, 652)	high	dis	(757, 540)	N	dif	hori	left	True	922707	924292	left	1	3	84
7	zmq	f	18	1	70	diamond	red	(645, 652)	high	dis	(645, 428)	N	same	hori	left	True	925509	927548	left	1	3	85
7	zmq	f	18	1	70	circle	red	(645, 652)	high	dis	(724, 460)	N	same	vert	up	True	928629	930717	up	1	3	86
7	zmq	f	18	1	70	circle	green	(565, 619)	low	dis	(724, 619)	N	same	vert	up	True	931888	933965	up	1	3	87
7	zmq	f	18	1	70	circle	green	(645, 652)	high	no	no_dis	N	dif	hori	left	True	935098	936508	left	1	3	88
7	zmq	f	18	1	70	circle	red	(645, 652)	high	dis	(757, 540)	N	dif	vert	up	True	937628	939037	up	1	3	89
7	zmq	f	18	1	70	circle	green	(645, 652)	high	no	no_dis	N	dif	hori	left	True	940200	941260	left	1	3	90
7	zmq	f	18	1	70	diamond	green	(533, 540)	low	no	no_dis	N	same	hori	left	True	942281	943477	left	1	3	91
7	zmq	f	18	1	70	circle	red	(645, 652)	high	dis	(724, 460)	N	same	hori	left	True	944642	945629	left	1	3	92
7	zmq	f	18	1	70	circle	green	(757, 540)	low	dis	(533, 540)	N	dif	hori	left	True	946735	947740	left	1	3	93
7	zmq	f	18	1	70	diamond	red	(645, 652)	high	no	no_dis	N	same	hori	left	True	948898	949684	left	1	3	94
7	zmq	f	18	1	70	circle	green	(645, 652)	high	dis	(565, 460)	N	dif	hori	left	True	950915	951604	left	1	3	95
7	zmq	f	18	1	70	diamond	red	(645, 652)	high	no	no_dis	N	dif	hori	left	True	952665	953301	left	1	3	96
7	zmq	f	18	1	70	circle	red	(645, 652)	high	dis	(565, 619)	N	same	vert	up	True	954490	956396	up	1	3	97
7	zmq	f	18	1	70	diamond	red	(645, 652)	high	dis	(724, 619)	N	dif	hori	left	True	957525	958292	left	1	3	98
7	zmq	f	18	1	70	diamond	red	(565, 619)	low	no	no_dis	N	same	hori	left	True	959313	960844	left	1	3	99
7	zmq	f	18	1	70	circle	red	(645, 652)	high	no	no_dis	N	dif	hori	left	True	962085	962860	left	1	3	100
7	zmq	f	18	1	70	circle	red	(645, 652)	high	no	no_dis	N	same	vert	up	True	964045	965389	up	1	3	101
7	zmq	f	18	1	70	diamond	red	(645, 652)	high	no	no_dis	N	dif	vert	up	True	966590	967749	up	1	3	102
7	zmq	f	18	1	70	circle	green	(645, 652)	high	no	no_dis	N	same	vert	up	True	968953	970565	up	1	3	103
7	zmq	f	18	1	70	diamond	red	(645, 652)	high	no	no_dis	N	same	hori	left	True	971783	972780	left	1	3	104
7	zmq	f	18	1	70	circle	green	(645, 652)	high	dis	(645, 428)	N	dif	vert	up	True	973827	975701	up	1	3	105
7	zmq	f	18	1	70	circle	green	(645, 652)	high	dis	(645, 428)	N	dif	hori	left	True	976798	978372	up	0	3	106
7	zmq	f	18	1	70	circle	red	(645, 652)	high	dis	(533, 540)	N	dif	hori	left	True	980956	983012	left	1	3	107
7	zmq	f	18	1	70	diamond	green	(645, 428)	low	dis	(645, 652)	Y	dif	hori	left	True	984090	985836	left	1	3	108
7	zmq	f	18	1	70	diamond	red	(533, 540)	low	no	no_dis	N	dif	vert	up	True	987074	988117	up	1	3	109
7	zmq	f	18	1	70	circle	green	(645, 652)	high	dis	(724, 619)	N	same	hori	left	True	989133	991612	left	1	3	110
7	zmq	f	18	1	70	circle	green	(645, 652)	high	dis	(757, 540)	N	same	vert	up	True	992703	994332	up	1	3	111
7	zmq	f	18	1	70	diamond	green	(645, 652)	high	dis	(724, 460)	N	dif	hori	left	True	995580	996676	left	1	3	112
7	zmq	f	18	1	70	circle	red	(757, 540)	low	no	no_dis	N	same	vert	up	True	997858	999492	up	1	3	113
7	zmq	f	18	1	70	diamond	green	(565, 619)	low	dis	(533, 540)	N	dif	vert	up	True	1000572	1002068	left	0	3	114
7	zmq	f	18	1	70	diamond	red	(645, 652)	high	dis	(724, 460)	N	dif	hori	left	True	1004602	1005772	left	1	3	115
7	zmq	f	18	1	70	circle	green	(645, 652)	high	dis	(533, 540)	N	dif	vert	up	True	1006885	1008108	up	1	3	116
7	zmq	f	18	1	70	circle	green	(724, 619)	low	no	no_dis	N	same	vert	up	True	1009111	1010484	up	1	3	117
7	zmq	f	18	1	70	diamond	green	(645, 652)	high	dis	(533, 540)	N	same	hori	left	True	1011727	1012733	left	1	3	118
7	zmq	f	18	1	70	diamond	green	(645, 652)	high	dis	(645, 428)	N	dif	vert	up	True	1013829	1014757	up	1	3	119
7	zmq	f	18	1	70	circle	green	(645, 652)	high	dis	(645, 428)	N	dif	vert	up	True	1015889	1016732	up	1	3	120
7	zmq	f	18	1	70	circle	red	(645, 652)	high	no	no_dis	N	same	vert	up	True	1051780	1053500	up	1	4	1
7	zmq	f	18	1	70	diamond	green	(645, 652)	high	dis	(724, 460)	N	dif	hori	left	True	1054552	1055500	left	1	4	2
7	zmq	f	18	1	70	circle	green	(645, 652)	high	dis	(724, 460)	N	dif	vert	up	True	1056738	1057484	up	1	4	3
7	zmq	f	18	1	70	diamond	red	(645, 652)	high	no	no_dis	N	same	hori	left	True	1058613	1059348	left	1	4	4
7	zmq	f	18	1	70	diamond	green	(645, 652)	high	dis	(724, 619)	N	dif	hori	left	True	1060576	1061788	left	1	4	5
7	zmq	f	18	1	70	diamond	red	(645, 652)	high	no	no_dis	N	dif	hori	left	True	1062938	1063876	left	1	4	6
7	zmq	f	18	1	70	circle	green	(565, 460)	low	no	no_dis	N	dif	hori	left	True	1064905	1066196	left	1	4	7
7	zmq	f	18	1	70	circle	green	(645, 652)	high	dis	(565, 460)	N	dif	hori	left	True	1067361	1068740	left	1	4	8
7	zmq	f	18	1	70	circle	green	(645, 652)	high	dis	(724, 460)	N	same	hori	left	True	1069891	1070548	left	1	4	9
7	zmq	f	18	1	70	diamond	red	(645, 652)	high	no	no_dis	N	dif	hori	left	True	1071741	1073292	left	1	4	10
7	zmq	f	18	1	70	diamond	red	(645, 652)	high	dis	(757, 540)	N	dif	hori	left	True	1074315	1075020	left	1	4	11
7	zmq	f	18	1	70	circle	green	(645, 428)	low	dis	(565, 619)	N	dif	vert	up	True	1076037	1076980	up	1	4	12
7	zmq	f	18	1	70	diamond	red	(645, 428)	low	dis	(724, 619)	N	dif	hori	left	True	1078097	1079108	left	1	4	13
7	zmq	f	18	1	70	diamond	green	(645, 652)	high	no	no_dis	N	dif	vert	up	True	1080245	1081020	up	1	4	14
7	zmq	f	18	1	70	circle	red	(757, 540)	low	no	no_dis	N	same	hori	left	True	1082091	1082996	left	1	4	15
7	zmq	f	18	1	70	diamond	red	(645, 652)	high	no	no_dis	N	dif	vert	up	True	1084234	1085332	up	1	4	16
7	zmq	f	18	1	70	diamond	green	(724, 460)	low	dis	(565, 619)	N	dif	vert	up	True	1086445	1087276	up	1	4	17
7	zmq	f	18	1	70	circle	red	(645, 652)	high	no	no_dis	N	dif	vert	up	True	1088525	1089276	up	1	4	18
7	zmq	f	18	1	70	circle	green	(645, 652)	high	dis	(533, 540)	N	same	hori	left	True	1090301	1091420	left	1	4	19
7	zmq	f	18	1	70	circle	red	(645, 652)	high	no	no_dis	N	dif	hori	left	True	1092650	1093276	left	1	4	20
7	zmq	f	18	1	70	diamond	green	(645, 652)	high	dis	(565, 460)	N	same	vert	up	True	1094524	1095892	up	1	4	21
7	zmq	f	18	1	70	diamond	red	(724, 619)	low	dis	(645, 428)	N	dif	vert	up	True	1097103	1098093	up	1	4	22
7	zmq	f	18	1	70	diamond	red	(645, 652)	high	dis	(724, 619)	N	dif	vert	up	True	1099217	1099900	up	1	4	23
7	zmq	f	18	1	70	circle	green	(645, 652)	high	dis	(533, 540)	N	same	hori	left	True	1101048	1101812	up	0	4	24
7	zmq	f	18	1	70	diamond	green	(565, 619)	low	no	no_dis	N	dif	vert	up	True	1104449	1105340	up	1	4	25
7	zmq	f	18	1	70	circle	green	(645, 652)	high	dis	(724, 619)	N	dif	hori	left	True	1106567	1107644	left	1	4	26
7	zmq	f	18	1	70	circle	red	(645, 652)	high	dis	(757, 540)	N	same	vert	up	True	1108774	1110036	up	1	4	27
7	zmq	f	18	1	70	circle	red	(645, 428)	low	dis	(724, 619)	N	dif	vert	up	True	1111095	1112076	up	1	4	28
7	zmq	f	18	1	70	diamond	red	(645, 652)	high	dis	(565, 619)	N	same	hori	left	True	1113194	1114884	left	1	4	29
7	zmq	f	18	1	70	circle	red	(645, 652)	high	dis	(645, 428)	N	same	hori	left	True	1115975	1117972	left	1	4	30
7	zmq	f	18	1	70	circle	red	(645, 652)	high	dis	(533, 540)	N	dif	hori	left	True	1119124	1120156	left	1	4	31
7	zmq	f	18	1	70	circle	green	(645, 652)	high	dis	(565, 619)	N	dif	hori	left	True	1121394	1122291	left	1	4	32
7	zmq	f	18	1	70	diamond	green	(645, 652)	high	dis	(533, 540)	N	dif	vert	up	True	1123305	1124540	up	1	4	33
7	zmq	f	18	1	70	diamond	green	(757, 540)	low	dis	(645, 652)	Y	dif	hori	left	True	1125652	1127180	left	1	4	34
7	zmq	f	18	1	70	circle	red	(645, 652)	high	dis	(724, 619)	N	dif	vert	up	True	1128251	1129068	left	0	4	35
7	zmq	f	18	1	70	circle	green	(645, 652)	high	dis	(724, 460)	N	dif	hori	left	True	1131679	1134564	left	1	4	36
7	zmq	f	18	1	70	diamond	red	(645, 652)	high	no	no_dis	N	dif	vert	up	True	1135757	1136780	up	1	4	37
7	zmq	f	18	1	70	circle	green	(645, 652)	high	no	no_dis	N	same	vert	up	True	1137897	1139876	up	1	4	38
7	zmq	f	18	1	70	diamond	red	(565, 619)	low	no	no_dis	N	same	vert	up	True	1140903	1143124	up	1	4	39
7	zmq	f	18	1	70	circle	green	(645, 652)	high	dis	(757, 540)	N	same	vert	up	True	1144353	1145732	up	1	4	40
7	zmq	f	18	1	70	diamond	green	(645, 652)	high	dis	(565, 619)	N	same	hori	left	True	1146806	1148564	left	1	4	41
7	zmq	f	18	1	70	diamond	red	(645, 652)	high	dis	(724, 460)	N	same	vert	up	True	1149626	1151420	up	1	4	42
7	zmq	f	18	1	70	circle	red	(645, 652)	high	no	no_dis	N	same	hori	left	True	1152454	1154308	left	1	4	43
7	zmq	f	18	1	70	diamond	green	(645, 652)	high	dis	(565, 460)	N	same	hori	left	True	1155441	1156652	left	1	4	44
7	zmq	f	18	1	70	diamond	green	(565, 460)	low	dis	(724, 460)	N	same	hori	left	True	1157770	1159356	left	1	4	45
7	zmq	f	18	1	70	diamond	red	(645, 652)	high	no	no_dis	N	dif	vert	up	True	1160442	1162156	up	1	4	46
7	zmq	f	18	1	70	circle	red	(645, 652)	high	dis	(645, 428)	N	same	hori	left	True	1163299	1164196	left	1	4	47
7	zmq	f	18	1	70	diamond	green	(645, 652)	high	no	no_dis	N	dif	hori	left	True	1165202	1165989	left	1	4	48
7	zmq	f	18	1	70	diamond	green	(645, 652)	high	no	no_dis	N	dif	vert	up	True	1167217	1168716	up	1	4	49
7	zmq	f	18	1	70	circle	red	(645, 652)	high	dis	(533, 540)	N	dif	vert	up	False	1169875	None	None	0	4	50
7	zmq	f	18	1	70	circle	green	(645, 652)	high	dis	(533, 540)	N	same	vert	up	True	1175588	1176708	up	1	4	51
7	zmq	f	18	1	70	diamond	red	(645, 652)	high	dis	(724, 460)	N	dif	vert	up	True	1177743	1178899	up	1	4	52
7	zmq	f	18	1	70	circle	red	(645, 652)	high	dis	(565, 460)	N	same	hori	left	True	1180064	1181596	left	1	4	53
7	zmq	f	18	1	70	diamond	red	(645, 652)	high	dis	(724, 619)	N	dif	hori	left	True	1182693	1183595	left	1	4	54
7	zmq	f	18	1	70	diamond	red	(645, 652)	high	dis	(724, 619)	N	same	hori	left	True	1184757	1185236	left	1	4	55
7	zmq	f	18	1	70	circle	red	(757, 540)	low	no	no_dis	N	same	hori	left	True	1186452	1187916	left	1	4	56
7	zmq	f	18	1	70	diamond	green	(645, 428)	low	dis	(645, 652)	Y	same	hori	left	True	1189099	1189756	left	1	4	57
7	zmq	f	18	1	70	diamond	green	(645, 652)	high	dis	(565, 460)	N	same	vert	up	True	1191003	1192404	up	1	4	58
7	zmq	f	18	1	70	circle	green	(565, 619)	low	dis	(724, 460)	N	same	hori	left	True	1193635	1194860	left	1	4	59
7	zmq	f	18	1	70	circle	green	(645, 652)	high	no	no_dis	N	same	hori	left	True	1195934	1196532	left	1	4	60
7	zmq	f	18	1	70	circle	red	(645, 652)	high	dis	(565, 460)	N	dif	vert	up	True	1197698	1198500	up	1	4	61
7	zmq	f	18	1	70	diamond	green	(645, 652)	high	dis	(757, 540)	N	same	vert	up	True	1199557	1200371	up	1	4	62
7	zmq	f	18	1	70	circle	red	(724, 460)	low	no	no_dis	N	dif	hori	left	True	1201439	1202420	left	1	4	63
7	zmq	f	18	1	70	diamond	green	(565, 619)	low	dis	(533, 540)	N	same	vert	up	True	1203567	1204924	up	1	4	64
7	zmq	f	18	1	70	circle	green	(757, 540)	low	dis	(645, 428)	N	same	hori	left	True	1206114	1206916	left	1	4	65
7	zmq	f	18	1	70	circle	green	(645, 652)	high	no	no_dis	N	dif	hori	left	True	1207949	1209188	left	1	4	66
7	zmq	f	18	1	70	diamond	green	(645, 652)	high	no	no_dis	N	same	vert	up	True	1210322	1210979	up	1	4	67
7	zmq	f	18	1	70	circle	red	(724, 619)	low	dis	(645, 652)	Y	dif	hori	left	True	1212013	1213388	left	1	4	68
7	zmq	f	18	1	70	diamond	red	(533, 540)	low	dis	(645, 652)	Y	dif	vert	up	True	1214491	1215940	up	1	4	69
7	zmq	f	18	1	70	diamond	red	(645, 652)	high	dis	(533, 540)	N	same	hori	left	True	1217027	1218308	left	1	4	70
7	zmq	f	18	1	70	diamond	green	(645, 652)	high	dis	(645, 428)	N	same	vert	up	True	1219397	1220580	up	1	4	71
7	zmq	f	18	1	70	circle	red	(724, 460)	low	dis	(565, 460)	N	same	vert	up	True	1221667	1223035	up	1	4	72
7	zmq	f	18	1	70	circle	red	(645, 652)	high	dis	(565, 619)	N	same	vert	up	True	1224255	1225652	up	1	4	73
7	zmq	f	18	1	70	circle	green	(724, 619)	low	dis	(645, 652)	Y	same	hori	left	True	1226747	1228580	left	1	4	74
7	zmq	f	18	1	70	diamond	green	(645, 652)	high	dis	(565, 619)	N	dif	vert	up	True	1229588	1231332	up	1	4	75
7	zmq	f	18	1	70	diamond	green	(645, 652)	high	no	no_dis	N	dif	vert	up	True	1232365	1233195	up	1	4	76
7	zmq	f	18	1	70	circle	red	(645, 652)	high	dis	(645, 428)	N	same	hori	left	True	1234382	1235356	left	1	4	77
7	zmq	f	18	1	70	diamond	green	(724, 460)	low	no	no_dis	N	dif	vert	up	True	1236368	1237268	up	1	4	78
7	zmq	f	18	1	70	circle	red	(645, 652)	high	no	no_dis	N	same	vert	up	True	1238305	1239060	up	1	4	79
7	zmq	f	18	1	70	circle	red	(645, 652)	high	no	no_dis	N	dif	hori	left	True	1240076	1240827	left	1	4	80
7	zmq	f	18	1	70	diamond	red	(645, 652)	high	dis	(757, 540)	N	dif	hori	left	True	1241901	1242907	left	1	4	81
7	zmq	f	18	1	70	diamond	red	(645, 428)	low	no	no_dis	N	dif	hori	left	True	1244097	1244811	left	1	4	82
7	zmq	f	18	1	70	diamond	green	(645, 652)	high	no	no_dis	N	same	hori	left	True	1245936	1247083	left	1	4	83
7	zmq	f	18	1	70	circle	green	(645, 428)	low	no	no_dis	N	same	vert	up	True	1248214	1248980	up	1	4	84
7	zmq	f	18	1	70	circle	green	(645, 652)	high	dis	(757, 540)	N	dif	hori	left	True	1250229	1251083	left	1	4	85
7	zmq	f	18	1	70	circle	red	(645, 652)	high	dis	(757, 540)	N	dif	hori	left	True	1252110	1252868	left	1	4	86
7	zmq	f	18	1	70	circle	red	(645, 652)	high	no	no_dis	N	same	vert	up	True	1254081	1255053	up	1	4	87
7	zmq	f	18	1	70	circle	green	(645, 652)	high	no	no_dis	N	same	hori	left	True	1256081	1256852	left	1	4	88
7	zmq	f	18	1	70	diamond	green	(645, 652)	high	dis	(645, 428)	N	same	vert	up	True	1258097	1258916	up	1	4	89
7	zmq	f	18	1	70	circle	green	(645, 652)	high	dis	(724, 460)	N	same	hori	left	True	1260093	1260972	left	1	4	90
7	zmq	f	18	1	70	circle	red	(645, 652)	high	dis	(565, 460)	N	dif	vert	up	True	1262156	1263212	up	1	4	91
7	zmq	f	18	1	70	diamond	red	(645, 652)	high	dis	(724, 619)	N	same	vert	up	True	1264253	1265124	up	1	4	92
7	zmq	f	18	1	70	diamond	red	(645, 652)	high	dis	(565, 460)	N	dif	hori	left	True	1266372	1267076	left	1	4	93
7	zmq	f	18	1	70	diamond	red	(565, 460)	low	no	no_dis	N	same	vert	up	True	1268326	1269380	up	1	4	94
7	zmq	f	18	1	70	diamond	green	(533, 540)	low	dis	(645, 652)	Y	dif	vert	up	True	1270549	1271908	up	1	4	95
7	zmq	f	18	1	70	diamond	red	(645, 652)	high	dis	(645, 428)	N	dif	vert	up	True	1273051	1274132	up	1	4	96
7	zmq	f	18	1	70	diamond	red	(645, 652)	high	no	no_dis	N	dif	hori	left	True	1275144	1276108	left	1	4	97
7	zmq	f	18	1	70	circle	green	(645, 652)	high	no	no_dis	N	same	hori	left	True	1277202	1277971	left	1	4	98
7	zmq	f	18	1	70	diamond	green	(645, 652)	high	dis	(645, 428)	N	dif	vert	up	True	1278993	1280324	up	1	4	99
7	zmq	f	18	1	70	diamond	red	(565, 460)	low	dis	(757, 540)	N	same	hori	left	True	1281459	1282564	left	1	4	100
7	zmq	f	18	1	70	circle	red	(757, 540)	low	dis	(565, 460)	N	same	vert	up	True	1283770	1284667	up	1	4	101
7	zmq	f	18	1	70	circle	red	(533, 540)	low	dis	(757, 540)	N	dif	hori	left	True	1285811	1286764	left	1	4	102
7	zmq	f	18	1	70	circle	green	(645, 652)	high	no	no_dis	N	same	vert	up	True	1287928	1288603	up	1	4	103
7	zmq	f	18	1	70	circle	green	(645, 652)	high	dis	(645, 428)	N	dif	vert	up	True	1289623	1290644	up	1	4	104
7	zmq	f	18	1	70	circle	green	(533, 540)	low	no	no_dis	N	dif	vert	up	True	1291839	1292596	up	1	4	105
7	zmq	f	18	1	70	diamond	green	(724, 619)	low	no	no_dis	N	same	hori	left	True	1293737	1294539	left	1	4	106
7	zmq	f	18	1	70	circle	red	(645, 652)	high	dis	(757, 540)	N	dif	vert	up	True	1295555	1296292	up	1	4	107
7	zmq	f	18	1	70	circle	green	(565, 460)	low	dis	(645, 652)	Y	same	vert	up	True	1297528	1298828	up	1	4	108
7	zmq	f	18	1	70	diamond	green	(645, 652)	high	no	no_dis	N	same	vert	up	True	1299918	1300667	up	1	4	109
7	zmq	f	18	1	70	circle	red	(565, 619)	low	dis	(645, 652)	Y	same	vert	up	True	1301683	1302508	up	1	4	110
7	zmq	f	18	1	70	diamond	red	(757, 540)	low	dis	(533, 540)	N	dif	hori	left	True	1303592	1304419	left	1	4	111
7	zmq	f	18	1	70	diamond	green	(645, 652)	high	dis	(565, 619)	N	same	vert	up	True	1305469	1306996	up	1	4	112
7	zmq	f	18	1	70	diamond	red	(645, 652)	high	dis	(565, 619)	N	same	vert	up	True	1308086	1308939	up	1	4	113
7	zmq	f	18	1	70	diamond	red	(724, 460)	low	dis	(645, 652)	Y	same	vert	up	True	1310124	1310996	up	1	4	114
7	zmq	f	18	1	70	circle	green	(645, 652)	high	no	no_dis	N	same	hori	left	True	1312017	1312707	left	1	4	115
7	zmq	f	18	1	70	circle	green	(724, 460)	low	dis	(645, 652)	Y	dif	hori	left	True	1313921	1315628	left	1	4	116
7	zmq	f	18	1	70	circle	green	(645, 652)	high	dis	(724, 460)	N	dif	vert	up	True	1316800	1317675	up	1	4	117
7	zmq	f	18	1	70	diamond	red	(645, 652)	high	dis	(565, 619)	N	same	vert	up	True	1318901	1320932	up	1	4	118
7	zmq	f	18	1	70	diamond	green	(645, 652)	high	dis	(533, 540)	N	same	hori	left	True	1322180	1323348	up	0	4	119
7	zmq	f	18	1	70	circle	red	(645, 652)	high	dis	(724, 619)	N	dif	hori	left	True	1326093	1327236	left	1	4	120
7	zmq	f	18	1	70	diamond	green	(533, 540)	low	dis	(565, 619)	N	dif	hori	left	True	1363418	1364531	left	1	5	1
7	zmq	f	18	1	70	circle	green	(724, 460)	low	no	no_dis	N	dif	hori	left	True	1365784	1366587	left	1	5	2
7	zmq	f	18	1	70	circle	red	(645, 652)	high	no	no_dis	N	dif	hori	left	True	1367754	1368436	left	1	5	3
7	zmq	f	18	1	70	circle	red	(645, 652)	high	dis	(565, 460)	N	same	vert	up	True	1369629	1370556	up	1	5	4
7	zmq	f	18	1	70	circle	red	(645, 652)	high	dis	(724, 460)	N	dif	vert	up	True	1371730	1372307	up	1	5	5
7	zmq	f	18	1	70	diamond	red	(645, 652)	high	no	no_dis	N	dif	hori	left	True	1373501	1374491	left	1	5	6
7	zmq	f	18	1	70	diamond	green	(645, 652)	high	no	no_dis	N	same	hori	left	True	1375608	1376131	left	1	5	7
7	zmq	f	18	1	70	circle	red	(724, 619)	low	dis	(645, 652)	Y	dif	hori	left	True	1377384	1378723	left	1	5	8
7	zmq	f	18	1	70	diamond	green	(565, 619)	low	dis	(645, 652)	Y	dif	vert	up	True	1379818	1380867	up	1	5	9
7	zmq	f	18	1	70	circle	green	(645, 428)	low	dis	(645, 652)	Y	same	hori	left	True	1381913	1382940	left	1	5	10
7	zmq	f	18	1	70	diamond	green	(645, 652)	high	dis	(565, 460)	N	dif	hori	left	True	1384140	1385212	left	1	5	11
7	zmq	f	18	1	70	circle	green	(645, 652)	high	dis	(724, 619)	N	same	vert	up	True	1386424	1387371	left	0	5	12
7	zmq	f	18	1	70	circle	red	(645, 428)	low	no	no_dis	N	dif	hori	left	True	1389913	1391051	left	1	5	13
7	zmq	f	18	1	70	circle	green	(724, 460)	low	dis	(724, 619)	N	dif	vert	up	True	1392166	1393140	up	1	5	14
7	zmq	f	18	1	70	diamond	green	(645, 652)	high	dis	(757, 540)	N	same	vert	up	True	1394238	1395124	up	1	5	15
7	zmq	f	18	1	70	circle	green	(533, 540)	low	no	no_dis	N	same	vert	up	True	1396249	1397115	up	1	5	16
7	zmq	f	18	1	70	circle	red	(533, 540)	low	dis	(645, 652)	Y	same	vert	up	True	1398190	1399067	up	1	5	17
7	zmq	f	18	1	70	circle	red	(645, 652)	high	no	no_dis	N	dif	vert	up	True	1400148	1401012	up	1	5	18
7	zmq	f	18	1	70	circle	green	(645, 652)	high	dis	(645, 428)	N	same	hori	left	True	1402143	1402923	left	1	5	19
7	zmq	f	18	1	70	diamond	red	(724, 619)	low	no	no_dis	N	same	hori	left	True	1404155	1405123	left	1	5	20
7	zmq	f	18	1	70	diamond	green	(645, 652)	high	dis	(724, 460)	N	dif	vert	up	True	1406317	1407915	up	1	5	21
7	zmq	f	18	1	70	circle	red	(645, 652)	high	dis	(645, 428)	N	dif	hori	left	True	1409158	1410475	left	1	5	22
7	zmq	f	18	1	70	diamond	red	(533, 540)	low	dis	(724, 619)	N	dif	vert	up	True	1411531	1412684	up	1	5	23
7	zmq	f	18	1	70	circle	green	(757, 540)	low	no	no_dis	N	dif	hori	left	True	1413814	1414684	left	1	5	24
7	zmq	f	18	1	70	diamond	green	(645, 652)	high	no	no_dis	N	same	vert	up	True	1415759	1416891	up	1	5	25
7	zmq	f	18	1	70	circle	red	(645, 652)	high	dis	(565, 619)	N	dif	hori	left	True	1418136	1419108	up	0	5	26
7	zmq	f	18	1	70	diamond	green	(645, 652)	high	no	no_dis	N	dif	hori	left	True	1421803	1422540	left	1	5	27
7	zmq	f	18	1	70	diamond	green	(645, 652)	high	no	no_dis	N	same	vert	up	True	1423560	1425395	up	1	5	28
7	zmq	f	18	1	70	circle	green	(645, 652)	high	dis	(565, 619)	N	same	hori	left	True	1426634	1428931	left	1	5	29
7	zmq	f	18	1	70	diamond	green	(645, 652)	high	dis	(724, 619)	N	same	vert	up	True	1430079	1431268	up	1	5	30
7	zmq	f	18	1	70	diamond	red	(645, 652)	high	no	no_dis	N	dif	hori	left	True	1432456	1433188	left	1	5	31
7	zmq	f	18	1	70	diamond	red	(565, 460)	low	dis	(645, 652)	Y	same	vert	up	True	1434327	1435587	up	1	5	32
7	zmq	f	18	1	70	diamond	red	(645, 652)	high	dis	(724, 619)	N	same	hori	left	True	1436692	1437868	left	1	5	33
7	zmq	f	18	1	70	diamond	green	(645, 652)	high	dis	(724, 619)	N	dif	hori	left	True	1438871	1439756	left	1	5	34
7	zmq	f	18	1	70	diamond	red	(645, 652)	high	dis	(533, 540)	N	dif	vert	up	True	1440906	1442147	up	1	5	35
7	zmq	f	18	1	70	diamond	red	(645, 652)	high	dis	(757, 540)	N	dif	hori	left	True	1443185	1444275	left	1	5	36
7	zmq	f	18	1	70	diamond	green	(645, 428)	low	dis	(724, 460)	N	same	vert	up	True	1445510	1446547	up	1	5	37
7	zmq	f	18	1	70	circle	red	(645, 652)	high	dis	(645, 428)	N	same	hori	left	True	1447622	1449787	left	1	5	38
7	zmq	f	18	1	70	circle	red	(565, 460)	low	no	no_dis	N	same	vert	up	True	1450894	1452524	up	1	5	39
7	zmq	f	18	1	70	circle	green	(645, 652)	high	dis	(565, 460)	N	same	vert	up	True	1453591	1454923	up	1	5	40
7	zmq	f	18	1	70	circle	green	(757, 540)	low	dis	(565, 460)	N	dif	hori	left	True	1455991	1458083	left	1	5	41
7	zmq	f	18	1	70	diamond	red	(757, 540)	low	no	no_dis	N	dif	vert	up	True	1459095	1460731	up	1	5	42
7	zmq	f	18	1	70	circle	green	(645, 652)	high	no	no_dis	N	same	hori	left	True	1461828	1462636	left	1	5	43
7	zmq	f	18	1	70	circle	green	(645, 652)	high	no	no_dis	N	same	hori	left	True	1463761	1465276	left	1	5	44
7	zmq	f	18	1	70	circle	red	(645, 652)	high	dis	(565, 619)	N	dif	vert	up	True	1466381	1468283	up	1	5	45
7	zmq	f	18	1	70	circle	red	(645, 652)	high	dis	(757, 540)	N	same	hori	left	True	1469376	1471411	left	1	5	46
7	zmq	f	18	1	70	diamond	red	(645, 652)	high	no	no_dis	N	dif	hori	left	True	1472460	1473468	left	1	5	47
7	zmq	f	18	1	70	diamond	green	(757, 540)	low	dis	(533, 540)	N	dif	vert	up	True	1474656	1475444	up	1	5	48
7	zmq	f	18	1	70	circle	red	(645, 652)	high	dis	(724, 619)	N	same	hori	left	True	1476619	1478787	left	1	5	49
7	zmq	f	18	1	70	circle	red	(645, 652)	high	dis	(533, 540)	N	dif	hori	left	True	1479805	1481659	left	1	5	50
7	zmq	f	18	1	70	diamond	green	(645, 652)	high	dis	(757, 540)	N	same	hori	left	True	1482725	1483635	left	1	5	51
7	zmq	f	18	1	70	diamond	green	(645, 652)	high	dis	(565, 460)	N	same	hori	left	True	1484862	1486747	left	1	5	52
7	zmq	f	18	1	70	diamond	red	(645, 652)	high	dis	(724, 460)	N	dif	hori	left	True	1487962	1488731	left	1	5	53
7	zmq	f	18	1	70	diamond	green	(645, 652)	high	dis	(565, 619)	N	same	hori	left	True	1489772	1490923	left	1	5	54
7	zmq	f	18	1	70	diamond	red	(645, 652)	high	no	no_dis	N	same	vert	up	True	1492063	1493164	up	1	5	55
7	zmq	f	18	1	70	diamond	red	(645, 652)	high	dis	(565, 460)	N	same	vert	up	True	1494382	1495035	up	1	5	56
7	zmq	f	18	1	70	diamond	green	(645, 652)	high	dis	(565, 460)	N	dif	hori	left	True	1496126	1497043	left	1	5	57
7	zmq	f	18	1	70	diamond	red	(645, 652)	high	dis	(645, 428)	N	dif	vert	up	True	1498226	1499059	up	1	5	58
7	zmq	f	18	1	70	circle	green	(724, 619)	low	dis	(757, 540)	N	same	hori	left	True	1500296	1501107	left	1	5	59
7	zmq	f	18	1	70	circle	green	(565, 460)	low	dis	(645, 652)	Y	same	hori	left	True	1502301	1503243	left	1	5	60
7	zmq	f	18	1	70	circle	red	(757, 540)	low	dis	(645, 652)	Y	same	vert	up	True	1504426	1505451	up	1	5	61
7	zmq	f	18	1	70	diamond	green	(645, 652)	high	dis	(565, 619)	N	dif	vert	up	True	1506695	1508299	up	1	5	62
7	zmq	f	18	1	70	circle	green	(645, 652)	high	dis	(565, 460)	N	dif	vert	up	True	1509402	1510099	up	1	5	63
7	zmq	f	18	1	70	circle	green	(645, 652)	high	no	no_dis	N	dif	vert	up	True	1511199	1512075	up	1	5	64
7	zmq	f	18	1	70	circle	green	(645, 652)	high	dis	(565, 619)	N	dif	hori	left	True	1513199	1513948	left	1	5	65
7	zmq	f	18	1	70	circle	red	(645, 652)	high	dis	(533, 540)	N	same	vert	up	True	1514974	1515707	up	1	5	66
7	zmq	f	18	1	70	circle	green	(645, 652)	high	dis	(533, 540)	N	same	vert	up	True	1516774	1517963	up	1	5	67
7	zmq	f	18	1	70	diamond	green	(533, 540)	low	no	no_dis	N	same	vert	up	True	1518967	1520091	up	1	5	68
7	zmq	f	18	1	70	circle	red	(645, 652)	high	no	no_dis	N	dif	vert	up	True	1521246	1521980	up	1	5	69
7	zmq	f	18	1	70	diamond	red	(724, 619)	low	dis	(645, 652)	Y	same	hori	left	False	1522988	None	None	0	5	70
7	zmq	f	18	1	70	diamond	green	(645, 652)	high	no	no_dis	N	same	hori	left	True	1528504	1529339	left	1	5	71
7	zmq	f	18	1	70	circle	green	(645, 652)	high	no	no_dis	N	dif	vert	up	True	1530549	1531851	up	1	5	72
7	zmq	f	18	1	70	diamond	red	(645, 652)	high	no	no_dis	N	same	vert	up	True	1533033	1534404	up	1	5	73
7	zmq	f	18	1	70	circle	red	(645, 652)	high	no	no_dis	N	same	hori	left	True	1535587	1536571	left	1	5	74
7	zmq	f	18	1	70	circle	red	(645, 652)	high	dis	(724, 460)	N	dif	vert	up	True	1537590	1538684	up	1	5	75
7	zmq	f	18	1	70	circle	green	(645, 652)	high	no	no_dis	N	dif	hori	left	True	1539839	1541188	left	1	5	76
7	zmq	f	18	1	70	diamond	red	(645, 652)	high	dis	(645, 428)	N	dif	vert	up	True	1542251	1542987	up	1	5	77
7	zmq	f	18	1	70	circle	red	(724, 619)	low	no	no_dis	N	same	hori	left	True	1544059	1545435	left	1	5	78
7	zmq	f	18	1	70	diamond	red	(645, 428)	low	dis	(565, 619)	N	same	hori	left	True	1546595	1547843	left	1	5	79
7	zmq	f	18	1	70	diamond	green	(645, 652)	high	no	no_dis	N	same	vert	up	True	1548915	1549611	up	1	5	80
7	zmq	f	18	1	70	circle	green	(645, 652)	high	no	no_dis	N	same	hori	left	True	1550643	1551395	left	1	5	81
7	zmq	f	18	1	70	diamond	red	(565, 619)	low	no	no_dis	N	same	hori	left	True	1552438	1553699	left	1	5	82
7	zmq	f	18	1	70	circle	red	(724, 460)	low	dis	(533, 540)	N	dif	hori	left	True	1554708	1555515	left	1	5	83
7	zmq	f	18	1	70	circle	green	(645, 652)	high	no	no_dis	N	same	vert	up	True	1556522	1557347	up	1	5	84
7	zmq	f	18	1	70	circle	red	(645, 652)	high	dis	(724, 619)	N	dif	hori	left	True	1558555	1560228	left	1	5	85
7	zmq	f	18	1	70	circle	green	(645, 652)	high	dis	(724, 460)	N	dif	hori	left	True	1561456	1562348	left	1	5	86
7	zmq	f	18	1	70	diamond	green	(645, 652)	high	no	no_dis	N	same	hori	left	True	1563386	1564755	left	1	5	87
7	zmq	f	18	1	70	diamond	red	(645, 652)	high	dis	(565, 619)	N	same	vert	up	True	1565775	1567075	up	1	5	88
7	zmq	f	18	1	70	diamond	green	(645, 428)	low	no	no_dis	N	dif	vert	up	True	1568181	1569611	up	1	5	89
7	zmq	f	18	1	70	circle	green	(645, 652)	high	dis	(757, 540)	N	same	vert	up	True	1570665	1572139	up	1	5	90
7	zmq	f	18	1	70	circle	red	(645, 428)	low	dis	(645, 652)	Y	dif	vert	up	True	1573294	1574451	up	1	5	91
7	zmq	f	18	1	70	diamond	red	(645, 652)	high	no	no_dis	N	dif	vert	up	True	1575683	1576475	up	1	5	92
7	zmq	f	18	1	70	diamond	red	(645, 652)	high	dis	(533, 540)	N	dif	vert	up	True	1577539	1578347	up	1	5	93
7	zmq	f	18	1	70	diamond	red	(724, 460)	low	dis	(565, 460)	N	same	vert	up	True	1579477	1580251	up	1	5	94
7	zmq	f	18	1	70	diamond	red	(645, 652)	high	dis	(565, 460)	N	dif	vert	up	True	1581266	1581971	up	1	5	95
7	zmq	f	18	1	70	diamond	green	(645, 652)	high	dis	(724, 619)	N	dif	hori	left	True	1583116	1584363	left	1	5	96
7	zmq	f	18	1	70	diamond	green	(645, 652)	high	dis	(757, 540)	N	dif	hori	left	True	1585529	1586131	left	1	5	97
7	zmq	f	18	1	70	diamond	red	(757, 540)	low	dis	(645, 652)	Y	dif	hori	left	True	1587276	1588267	left	1	5	98
7	zmq	f	18	1	70	diamond	green	(724, 460)	low	no	no_dis	N	dif	vert	up	True	1589508	1590499	left	0	5	99
7	zmq	f	18	1	70	diamond	red	(645, 652)	high	dis	(565, 619)	N	same	vert	up	True	1593148	1594211	up	1	5	100
7	zmq	f	18	1	70	circle	red	(645, 652)	high	no	no_dis	N	dif	hori	left	True	1595449	1596619	left	1	5	101
7	zmq	f	18	1	70	circle	red	(645, 652)	high	dis	(533, 540)	N	dif	hori	left	True	1597868	1598587	left	1	5	102
7	zmq	f	18	1	70	diamond	red	(645, 652)	high	dis	(724, 460)	N	same	hori	left	True	1599671	1600443	left	1	5	103
7	zmq	f	18	1	70	diamond	green	(724, 460)	low	dis	(757, 540)	N	dif	vert	up	True	1601551	1602555	up	1	5	104
7	zmq	f	18	1	70	circle	green	(645, 652)	high	dis	(757, 540)	N	same	hori	left	True	1603698	1604851	left	1	5	105
7	zmq	f	18	1	70	circle	green	(645, 652)	high	dis	(645, 428)	N	dif	vert	up	True	1606011	1608331	up	1	5	106
7	zmq	f	18	1	70	diamond	red	(645, 652)	high	dis	(724, 460)	N	same	vert	up	True	1609565	1610843	up	1	5	107
7	zmq	f	18	1	70	diamond	green	(645, 652)	high	dis	(724, 619)	N	same	vert	up	True	1612030	1612755	up	1	5	108
7	zmq	f	18	1	70	circle	green	(645, 652)	high	dis	(645, 428)	N	same	hori	left	True	1613873	1615467	left	1	5	109
7	zmq	f	18	1	70	diamond	green	(645, 652)	high	dis	(724, 460)	N	same	hori	left	True	1616537	1617163	left	1	5	110
7	zmq	f	18	1	70	circle	red	(645, 652)	high	no	no_dis	N	dif	vert	up	True	1618294	1619547	up	1	5	111
7	zmq	f	18	1	70	circle	green	(565, 619)	low	dis	(645, 428)	N	same	hori	left	True	1620619	1622115	left	1	5	112
7	zmq	f	18	1	70	diamond	red	(645, 652)	high	dis	(533, 540)	N	dif	vert	up	True	1623264	1624067	up	1	5	113
7	zmq	f	18	1	70	circle	green	(645, 652)	high	dis	(533, 540)	N	dif	vert	up	True	1625188	1626091	up	1	5	114
7	zmq	f	18	1	70	diamond	red	(645, 652)	high	no	no_dis	N	same	vert	up	True	1627325	1628027	up	1	5	115
7	zmq	f	18	1	70	circle	red	(645, 652)	high	dis	(645, 428)	N	same	hori	left	True	1629241	1631251	left	1	5	116
7	zmq	f	18	1	70	circle	red	(645, 652)	high	no	no_dis	N	dif	vert	up	True	1632497	1633091	up	1	5	117
7	zmq	f	18	1	70	circle	green	(645, 652)	high	dis	(757, 540)	N	same	vert	up	True	1634236	1635107	up	1	5	118
7	zmq	f	18	1	70	diamond	green	(565, 460)	low	dis	(645, 428)	N	dif	hori	left	True	1636264	1637435	left	1	5	119
7	zmq	f	18	1	70	circle	red	(565, 619)	low	dis	(724, 460)	N	same	vert	up	True	1638452	1639331	up	1	5	120
7	zmq	f	18	1	70	circle	red	(565, 619)	low	dis	(645, 652)	Y	dif	hori	left	True	1675530	1677715	left	1	6	1
7	zmq	f	18	1	70	circle	red	(645, 652)	high	dis	(533, 540)	N	dif	hori	left	True	1678756	1679531	left	1	6	2
7	zmq	f	18	1	70	circle	green	(645, 652)	high	dis	(565, 619)	N	dif	vert	up	True	1680639	1682515	up	1	6	3
7	zmq	f	18	1	70	diamond	red	(645, 652)	high	no	no_dis	N	dif	vert	up	True	1683630	1685251	up	1	6	4
7	zmq	f	18	1	70	diamond	green	(645, 652)	high	dis	(565, 619)	N	dif	vert	up	True	1686402	1688307	up	1	6	5
7	zmq	f	18	1	70	circle	red	(645, 652)	high	no	no_dis	N	same	vert	up	True	1689525	1690267	up	1	6	6
7	zmq	f	18	1	70	circle	red	(724, 460)	low	dis	(645, 428)	N	same	hori	left	True	1691511	1692851	left	1	6	7
7	zmq	f	18	1	70	circle	red	(645, 652)	high	dis	(724, 460)	N	same	vert	up	True	1694002	1694683	up	1	6	8
7	zmq	f	18	1	70	diamond	green	(565, 460)	low	no	no_dis	N	dif	hori	left	True	1695932	1697906	left	1	6	9
7	zmq	f	18	1	70	circle	green	(724, 619)	low	dis	(645, 652)	Y	dif	vert	up	True	1699044	1700186	up	1	6	10
7	zmq	f	18	1	70	circle	red	(645, 652)	high	dis	(565, 619)	N	dif	hori	left	True	1701250	1702794	left	1	6	11
7	zmq	f	18	1	70	circle	green	(645, 652)	high	dis	(533, 540)	N	dif	vert	up	True	1704028	1705691	up	1	6	12
7	zmq	f	18	1	70	circle	red	(645, 652)	high	dis	(645, 428)	N	dif	hori	left	True	1706861	1707650	left	1	6	13
7	zmq	f	18	1	70	circle	red	(645, 652)	high	no	no_dis	N	same	hori	left	True	1708817	1709650	left	1	6	14
7	zmq	f	18	1	70	diamond	green	(565, 460)	low	dis	(565, 619)	N	dif	hori	left	True	1710865	1712083	left	1	6	15
7	zmq	f	18	1	70	diamond	green	(645, 652)	high	dis	(645, 428)	N	same	hori	left	True	1713118	1713923	left	1	6	16
7	zmq	f	18	1	70	circle	red	(645, 652)	high	no	no_dis	N	same	vert	up	True	1714928	1715859	up	1	6	17
7	zmq	f	18	1	70	circle	red	(645, 652)	high	dis	(645, 428)	N	dif	hori	left	True	1717005	1718323	left	1	6	18
7	zmq	f	18	1	70	circle	green	(565, 460)	low	dis	(757, 540)	N	dif	hori	left	True	1719486	1720867	left	1	6	19
7	zmq	f	18	1	70	diamond	red	(724, 619)	low	no	no_dis	N	same	hori	left	True	1722114	1722987	left	1	6	20
7	zmq	f	18	1	70	circle	green	(645, 652)	high	dis	(565, 619)	N	same	vert	up	True	1724227	1725842	up	1	6	21
7	zmq	f	18	1	70	diamond	red	(645, 652)	high	no	no_dis	N	dif	hori	left	True	1727096	1727947	left	1	6	22
7	zmq	f	18	1	70	diamond	red	(645, 428)	low	dis	(565, 460)	N	dif	vert	up	True	1729075	1730451	up	1	6	23
7	zmq	f	18	1	70	circle	red	(645, 652)	high	dis	(757, 540)	N	dif	vert	up	True	1731636	1732619	up	1	6	24
7	zmq	f	18	1	70	circle	red	(645, 652)	high	dis	(724, 460)	N	same	hori	left	True	1733806	1734699	left	1	6	25
7	zmq	f	18	1	70	diamond	green	(757, 540)	low	dis	(645, 652)	Y	same	hori	left	True	1735743	1736643	left	1	6	26
7	zmq	f	18	1	70	circle	green	(645, 652)	high	no	no_dis	N	dif	hori	left	True	1737691	1739258	left	1	6	27
7	zmq	f	18	1	70	diamond	red	(645, 652)	high	dis	(533, 540)	N	same	hori	left	True	1740392	1741131	left	1	6	28
7	zmq	f	18	1	70	circle	green	(645, 652)	high	dis	(757, 540)	N	same	vert	up	True	1742246	1743267	up	1	6	29
7	zmq	f	18	1	70	diamond	green	(645, 652)	high	no	no_dis	N	dif	vert	up	True	1744350	1745034	up	1	6	30
7	zmq	f	18	1	70	diamond	red	(645, 652)	high	dis	(757, 540)	N	dif	vert	up	True	1746188	1746787	up	1	6	31
7	zmq	f	18	1	70	circle	green	(645, 652)	high	no	no_dis	N	dif	vert	up	True	1748010	1748987	up	1	6	32
7	zmq	f	18	1	70	circle	red	(757, 540)	low	dis	(533, 540)	N	dif	vert	up	True	1750025	1751010	up	1	6	33
7	zmq	f	18	1	70	diamond	red	(533, 540)	low	dis	(757, 540)	N	same	hori	left	True	1752214	1753050	left	1	6	34
7	zmq	f	18	1	70	diamond	green	(645, 652)	high	dis	(565, 619)	N	dif	hori	left	True	1754122	1755099	left	1	6	35
7	zmq	f	18	1	70	circle	red	(645, 652)	high	dis	(533, 540)	N	dif	hori	left	True	1756266	1757099	left	1	6	36
7	zmq	f	18	1	70	diamond	green	(565, 619)	low	dis	(565, 460)	N	dif	vert	up	True	1758337	1759442	up	1	6	37
7	zmq	f	18	1	70	diamond	green	(645, 652)	high	no	no_dis	N	same	hori	left	True	1760675	1761323	left	1	6	38
7	zmq	f	18	1	70	diamond	green	(645, 652)	high	dis	(645, 428)	N	same	hori	left	True	1762441	1763050	left	1	6	39
7	zmq	f	18	1	70	diamond	red	(645, 652)	high	no	no_dis	N	same	hori	left	True	1764200	1764747	left	1	6	40
7	zmq	f	18	1	70	circle	green	(645, 652)	high	no	no_dis	N	same	hori	left	True	1765788	1767683	left	1	6	41
7	zmq	f	18	1	70	circle	red	(645, 652)	high	no	no_dis	N	same	vert	up	True	1768884	1769762	up	1	6	42
7	zmq	f	18	1	70	circle	green	(645, 652)	high	dis	(757, 540)	N	same	vert	up	True	1770832	1771691	up	1	6	43
7	zmq	f	18	1	70	diamond	green	(645, 652)	high	no	no_dis	N	dif	hori	left	True	1772807	1773611	left	1	6	44
7	zmq	f	18	1	70	circle	red	(645, 652)	high	dis	(533, 540)	N	dif	hori	left	True	1774690	1775618	left	1	6	45
7	zmq	f	18	1	70	circle	red	(724, 460)	low	no	no_dis	N	dif	vert	up	True	1776731	1777643	up	1	6	46
7	zmq	f	18	1	70	circle	red	(645, 652)	high	no	no_dis	N	same	hori	left	True	1778723	1779354	left	1	6	47
7	zmq	f	18	1	70	circle	red	(645, 652)	high	dis	(565, 460)	N	dif	vert	up	True	1780549	1781170	up	1	6	48
7	zmq	f	18	1	70	circle	red	(533, 540)	low	dis	(645, 652)	Y	same	vert	up	True	1782345	1783859	up	1	6	49
7	zmq	f	18	1	70	circle	green	(533, 540)	low	no	no_dis	N	dif	hori	left	True	1784919	1786915	left	1	6	50
7	zmq	f	18	1	70	circle	green	(645, 652)	high	dis	(724, 460)	N	dif	vert	up	True	1787942	1788667	up	1	6	51
7	zmq	f	18	1	70	diamond	green	(724, 460)	low	dis	(645, 652)	Y	dif	vert	up	True	1789676	1790659	up	1	6	52
7	zmq	f	18	1	70	diamond	green	(645, 428)	low	no	no_dis	N	same	hori	left	True	1791783	1792731	left	1	6	53
7	zmq	f	18	1	70	diamond	red	(645, 652)	high	dis	(757, 540)	N	dif	hori	left	True	1793777	1794387	left	1	6	54
7	zmq	f	18	1	70	diamond	red	(645, 652)	high	dis	(533, 540)	N	same	hori	left	True	1795495	1796115	left	1	6	55
7	zmq	f	18	1	70	diamond	green	(645, 652)	high	dis	(724, 619)	N	same	vert	up	True	1797163	1797883	up	1	6	56
7	zmq	f	18	1	70	diamond	red	(724, 619)	low	dis	(645, 652)	Y	same	hori	left	True	1799015	1800043	left	1	6	57
7	zmq	f	18	1	70	circle	green	(645, 652)	high	dis	(565, 619)	N	same	vert	up	True	1801099	1802563	up	1	6	58
7	zmq	f	18	1	70	circle	green	(645, 652)	high	dis	(724, 619)	N	same	vert	up	True	1803595	1806163	up	1	6	59
7	zmq	f	18	1	70	diamond	green	(645, 652)	high	dis	(565, 460)	N	dif	vert	up	True	1807334	1808090	up	1	6	60
7	zmq	f	18	1	70	diamond	green	(645, 652)	high	dis	(645, 428)	N	same	hori	left	True	1809205	1810075	left	1	6	61
7	zmq	f	18	1	70	circle	red	(645, 652)	high	dis	(565, 460)	N	dif	vert	up	True	1811325	1812042	up	1	6	62
7	zmq	f	18	1	70	circle	green	(565, 619)	low	no	no_dis	N	same	hori	left	True	1813204	1814059	left	1	6	63
7	zmq	f	18	1	70	circle	green	(645, 652)	high	no	no_dis	N	same	vert	up	True	1815259	1816914	up	1	6	64
7	zmq	f	18	1	70	circle	green	(645, 652)	high	dis	(565, 460)	N	dif	vert	up	True	1818098	1819082	up	1	6	65
7	zmq	f	18	1	70	circle	green	(565, 619)	low	dis	(724, 619)	N	same	vert	up	True	1820112	1821347	up	1	6	66
7	zmq	f	18	1	70	diamond	red	(724, 460)	low	dis	(724, 619)	N	dif	hori	left	True	1822383	1823683	left	1	6	67
7	zmq	f	18	1	70	diamond	red	(645, 652)	high	dis	(724, 619)	N	same	hori	left	True	1824716	1825522	left	1	6	68
7	zmq	f	18	1	70	circle	red	(645, 428)	low	no	no_dis	N	dif	vert	up	True	1826731	1827555	up	1	6	69
7	zmq	f	18	1	70	circle	green	(645, 652)	high	no	no_dis	N	dif	hori	left	True	1828743	1829507	left	1	6	70
7	zmq	f	18	1	70	diamond	red	(645, 652)	high	no	no_dis	N	dif	hori	left	True	1830721	1831410	left	1	6	71
7	zmq	f	18	1	70	diamond	red	(645, 652)	high	dis	(724, 619)	N	same	vert	up	True	1832455	1834723	up	1	6	72
7	zmq	f	18	1	70	circle	red	(645, 652)	high	no	no_dis	N	same	vert	up	True	1835907	1836587	up	1	6	73
7	zmq	f	18	1	70	diamond	red	(565, 460)	low	no	no_dis	N	same	vert	up	True	1837689	1839427	up	1	6	74
7	zmq	f	18	1	70	diamond	red	(565, 460)	low	dis	(645, 652)	Y	same	hori	left	True	1840662	1841482	left	1	6	75
7	zmq	f	18	1	70	circle	green	(645, 428)	low	dis	(724, 460)	N	same	hori	left	True	1842524	1844154	up	0	6	76
7	zmq	f	18	1	70	diamond	green	(645, 652)	high	dis	(724, 460)	N	same	hori	left	True	1846680	1848330	left	1	6	77
7	zmq	f	18	1	70	diamond	green	(724, 619)	low	no	no_dis	N	same	vert	up	True	1849424	1850451	up	1	6	78
7	zmq	f	18	1	70	diamond	red	(645, 652)	high	dis	(724, 619)	N	same	vert	up	True	1851526	1852491	up	1	6	79
7	zmq	f	18	1	70	circle	red	(724, 619)	low	dis	(645, 428)	N	dif	hori	left	True	1853605	1854707	left	1	6	80
7	zmq	f	18	1	70	diamond	green	(645, 652)	high	no	no_dis	N	same	vert	up	True	1855774	1856530	up	1	6	81
7	zmq	f	18	1	70	circle	red	(645, 652)	high	dis	(757, 540)	N	same	vert	up	True	1857685	1859338	up	1	6	82
7	zmq	f	18	1	70	diamond	red	(645, 652)	high	dis	(724, 460)	N	same	hori	left	True	1860442	1861283	left	1	6	83
7	zmq	f	18	1	70	diamond	green	(645, 652)	high	no	no_dis	N	dif	vert	up	True	1862485	1863187	up	1	6	84
7	zmq	f	18	1	70	diamond	red	(645, 652)	high	dis	(533, 540)	N	dif	vert	up	True	1864304	1865539	up	1	6	85
7	zmq	f	18	1	70	circle	red	(645, 428)	low	dis	(645, 652)	Y	same	vert	up	True	1866792	1867715	up	1	6	86
7	zmq	f	18	1	70	diamond	green	(645, 652)	high	dis	(565, 619)	N	same	vert	up	True	1868838	1869786	up	1	6	87
7	zmq	f	18	1	70	diamond	red	(757, 540)	low	dis	(565, 619)	N	same	vert	up	True	1870844	1871674	up	1	6	88
7	zmq	f	18	1	70	circle	red	(645, 652)	high	no	no_dis	N	dif	hori	left	True	1872816	1873450	left	1	6	89
7	zmq	f	18	1	70	diamond	red	(645, 652)	high	dis	(724, 619)	N	same	hori	left	True	1874566	1875491	left	1	6	90
7	zmq	f	18	1	70	diamond	green	(645, 652)	high	no	no_dis	N	same	vert	up	True	1876701	1877475	up	1	6	91
7	zmq	f	18	1	70	circle	green	(645, 652)	high	no	no_dis	N	dif	vert	up	True	1878676	1880442	up	1	6	92
7	zmq	f	18	1	70	diamond	red	(645, 652)	high	dis	(533, 540)	N	dif	vert	up	True	1881460	1882171	up	1	6	93
7	zmq	f	18	1	70	diamond	green	(645, 652)	high	dis	(757, 540)	N	same	vert	up	True	1883299	1883963	up	1	6	94
7	zmq	f	18	1	70	diamond	green	(645, 652)	high	dis	(757, 540)	N	same	hori	left	True	1885093	1886018	left	1	6	95
7	zmq	f	18	1	70	circle	green	(645, 652)	high	dis	(565, 460)	N	same	hori	left	True	1887070	1888163	left	1	6	96
7	zmq	f	18	1	70	diamond	green	(645, 652)	high	dis	(724, 619)	N	dif	hori	left	True	1889405	1889955	left	1	6	97
7	zmq	f	18	1	70	circle	red	(645, 652)	high	dis	(724, 460)	N	dif	hori	left	True	1891004	1891723	left	1	6	98
7	zmq	f	18	1	70	circle	green	(645, 652)	high	no	no_dis	N	same	hori	left	True	1892928	1893787	left	1	6	99
7	zmq	f	18	1	70	diamond	red	(757, 540)	low	no	no_dis	N	dif	vert	up	True	1894976	1895690	up	1	6	100
7	zmq	f	18	1	70	diamond	green	(645, 428)	low	dis	(645, 652)	Y	dif	vert	up	True	1896894	1897530	left	0	6	101
7	zmq	f	18	1	70	diamond	red	(645, 652)	high	dis	(724, 460)	N	dif	hori	left	True	1900199	1901034	left	1	6	102
7	zmq	f	18	1	70	diamond	red	(645, 652)	high	dis	(565, 460)	N	same	vert	up	True	1902256	1903594	up	1	6	103
7	zmq	f	18	1	70	diamond	green	(645, 652)	high	dis	(724, 619)	N	same	vert	up	True	1904774	1905707	up	1	6	104
7	zmq	f	18	1	70	diamond	red	(645, 652)	high	no	no_dis	N	dif	vert	up	True	1906903	1907531	up	1	6	105
7	zmq	f	18	1	70	diamond	red	(645, 652)	high	no	no_dis	N	dif	vert	up	True	1908628	1909227	up	1	6	106
7	zmq	f	18	1	70	diamond	green	(533, 540)	low	dis	(724, 460)	N	same	vert	up	True	1910437	1911570	up	1	6	107
7	zmq	f	18	1	70	circle	red	(645, 652)	high	dis	(645, 428)	N	dif	hori	left	True	1912665	1914019	left	1	6	108
7	zmq	f	18	1	70	circle	green	(724, 460)	low	dis	(645, 652)	Y	same	vert	up	True	1915245	1917499	up	1	6	109
7	zmq	f	18	1	70	diamond	red	(645, 652)	high	no	no_dis	N	dif	hori	left	True	1918524	1919795	left	1	6	110
7	zmq	f	18	1	70	circle	green	(645, 652)	high	dis	(645, 428)	N	dif	vert	up	True	1920935	1922203	up	1	6	111
7	zmq	f	18	1	70	circle	green	(757, 540)	low	no	no_dis	N	dif	hori	left	True	1923274	1924091	left	1	6	112
7	zmq	f	18	1	70	circle	green	(645, 652)	high	dis	(565, 460)	N	same	hori	left	True	1925160	1925818	left	1	6	113
7	zmq	f	18	1	70	circle	red	(533, 540)	low	no	no_dis	N	same	vert	up	True	1926857	1927650	up	1	6	114
7	zmq	f	18	1	70	diamond	green	(645, 652)	high	no	no_dis	N	same	hori	left	True	1928673	1929306	left	1	6	115
7	zmq	f	18	1	70	diamond	green	(645, 652)	high	dis	(565, 460)	N	dif	vert	up	True	1930449	1931475	up	1	6	116
7	zmq	f	18	1	70	diamond	red	(645, 652)	high	dis	(645, 428)	N	dif	hori	left	True	1932656	1933211	left	1	6	117
7	zmq	f	18	1	70	circle	green	(645, 652)	high	dis	(724, 460)	N	dif	hori	left	True	1934453	1935291	left	1	6	118
7	zmq	f	18	1	70	circle	green	(645, 652)	high	dis	(565, 619)	N	same	hori	left	True	1936518	1937971	left	1	6	119
7	zmq	f	18	1	70	circle	green	(757, 540)	low	dis	(533, 540)	N	dif	hori	left	True	1939127	1940707	left	1	6	120
conf	7	zmq	f	18	1	70	True	1995924	2008074	7	True	2008085	2018426	3
