subj	name	gender	age	prac	group	shape	color	tar_loc	popularity	dis_cond	dis_loc	dis_high	td_dif	line	respkey	gotkey	startTime	respTime	resp	correct	block	trialnum
9	yjq	f	22	1	70	circle	red	(757, 540)	high	dis	(724, 619)	N	dif	vert	up	True	10625	12635	up	1	1	1
9	yjq	f	22	1	70	circle	green	(724, 619)	low	no	no_dis	N	dif	hori	left	True	13840	16283	left	1	1	2
9	yjq	f	22	1	70	diamond	green	(724, 619)	low	no	no_dis	N	dif	vert	up	True	17476	19027	up	1	1	3
9	yjq	f	22	1	70	circle	red	(757, 540)	high	dis	(645, 428)	N	same	hori	left	True	20219	21891	left	1	1	4
9	yjq	f	22	1	70	diamond	red	(533, 540)	low	dis	(645, 428)	N	same	hori	left	True	22966	24626	left	1	1	5
9	yjq	f	22	1	70	circle	green	(757, 540)	high	dis	(565, 460)	N	same	hori	left	True	25643	27635	left	1	1	6
9	yjq	f	22	1	70	diamond	green	(757, 540)	high	dis	(645, 428)	N	same	hori	left	True	28639	29915	left	1	1	7
9	yjq	f	22	1	70	diamond	red	(757, 540)	high	dis	(645, 652)	N	same	hori	left	True	31134	32387	left	1	1	8
9	yjq	f	22	1	70	circle	green	(757, 540)	high	dis	(645, 428)	N	same	hori	left	True	33495	34931	left	1	1	9
9	yjq	f	22	1	70	diamond	red	(757, 540)	high	no	no_dis	N	dif	vert	up	True	35947	37603	up	1	1	10
9	yjq	f	22	1	70	diamond	green	(724, 460)	low	dis	(565, 460)	N	dif	hori	left	True	38643	40019	left	1	1	11
9	yjq	f	22	1	70	circle	red	(757, 540)	high	dis	(645, 652)	N	dif	hori	left	True	41078	42475	left	1	1	12
9	yjq	f	22	1	70	diamond	green	(757, 540)	high	dis	(724, 460)	N	dif	vert	up	True	43560	44739	up	1	1	13
9	yjq	f	22	1	70	circle	red	(533, 540)	low	no	no_dis	N	same	vert	up	True	45766	47467	up	1	1	14
9	yjq	f	22	1	70	circle	green	(757, 540)	high	dis	(533, 540)	N	dif	hori	left	True	48486	50483	left	1	1	15
9	yjq	f	22	1	70	diamond	green	(757, 540)	high	no	no_dis	N	same	vert	up	True	51527	52692	up	1	1	16
9	yjq	f	22	1	70	diamond	green	(757, 540)	high	no	no_dis	N	dif	vert	up	True	53849	55962	up	1	1	17
9	yjq	f	22	1	70	circle	green	(757, 540)	high	no	no_dis	N	same	vert	up	True	57173	58714	up	1	1	18
9	yjq	f	22	1	70	diamond	red	(757, 540)	high	dis	(645, 428)	N	same	hori	left	True	59905	61060	left	1	1	19
9	yjq	f	22	1	70	circle	green	(645, 428)	low	no	no_dis	N	same	hori	left	True	62191	63563	left	1	1	20
9	yjq	f	22	1	70	diamond	green	(757, 540)	high	no	no_dis	N	same	hori	left	True	64751	66252	left	1	1	21
9	yjq	f	22	1	70	diamond	red	(645, 652)	low	no	no_dis	N	same	vert	up	True	67282	68851	up	1	1	22
9	yjq	f	22	1	70	circle	green	(757, 540)	high	no	no_dis	N	dif	hori	left	True	69944	71499	left	1	1	23
9	yjq	f	22	1	70	diamond	green	(757, 540)	high	dis	(645, 652)	N	same	hori	left	True	72551	74187	left	1	1	24
9	yjq	f	22	1	70	diamond	green	(757, 540)	high	dis	(565, 619)	N	same	vert	up	True	75261	76571	up	1	1	25
9	yjq	f	22	1	70	circle	red	(757, 540)	high	dis	(565, 460)	N	dif	vert	up	True	77734	80259	up	1	1	26
9	yjq	f	22	1	70	circle	red	(757, 540)	high	no	no_dis	N	same	vert	up	True	81461	82891	up	1	1	27
9	yjq	f	22	1	70	diamond	green	(757, 540)	high	dis	(565, 460)	N	dif	vert	up	True	84052	85259	up	1	1	28
9	yjq	f	22	1	70	circle	red	(724, 460)	low	no	no_dis	N	same	hori	left	True	86442	87723	left	1	1	29
9	yjq	f	22	1	70	circle	green	(757, 540)	high	dis	(724, 619)	N	dif	vert	up	True	88867	90195	up	1	1	30
9	yjq	f	22	1	70	diamond	red	(565, 460)	low	dis	(757, 540)	Y	same	hori	left	True	91314	92803	left	1	1	31
9	yjq	f	22	1	70	diamond	red	(757, 540)	high	dis	(645, 652)	N	same	hori	left	True	94042	95571	left	1	1	32
9	yjq	f	22	1	70	diamond	red	(757, 540)	high	dis	(565, 460)	N	dif	hori	left	True	96817	98699	left	1	1	33
9	yjq	f	22	1	70	circle	green	(757, 540)	high	no	no_dis	N	dif	vert	up	True	99714	100915	up	1	1	34
9	yjq	f	22	1	70	circle	green	(757, 540)	high	dis	(533, 540)	N	dif	hori	left	True	101931	103491	left	1	1	35
9	yjq	f	22	1	70	circle	green	(757, 540)	high	dis	(533, 540)	N	same	vert	up	True	104543	106042	up	1	1	36
9	yjq	f	22	1	70	circle	green	(757, 540)	high	no	no_dis	N	same	vert	up	True	107230	108579	up	1	1	37
9	yjq	f	22	1	70	diamond	red	(757, 540)	high	dis	(645, 652)	N	dif	vert	up	True	109770	110963	up	1	1	38
9	yjq	f	22	1	70	circle	red	(757, 540)	high	no	no_dis	N	same	vert	up	True	112194	113499	up	1	1	39
9	yjq	f	22	1	70	diamond	red	(757, 540)	high	dis	(724, 460)	N	dif	vert	up	True	114516	116635	up	1	1	40
9	yjq	f	22	1	70	circle	red	(757, 540)	high	dis	(724, 460)	N	same	vert	up	True	117814	119659	up	1	1	41
9	yjq	f	22	1	70	diamond	green	(757, 540)	high	dis	(565, 619)	N	same	hori	left	True	120841	122291	left	1	1	42
9	yjq	f	22	1	70	diamond	red	(757, 540)	high	dis	(565, 619)	N	dif	vert	up	True	123323	124371	up	1	1	43
9	yjq	f	22	1	70	circle	red	(757, 540)	high	dis	(724, 460)	N	same	vert	up	True	125619	127523	up	1	1	44
9	yjq	f	22	1	70	circle	red	(645, 652)	low	dis	(645, 428)	N	same	vert	up	True	128749	131011	up	1	1	45
9	yjq	f	22	1	70	circle	red	(724, 460)	low	dis	(757, 540)	Y	dif	hori	left	True	132032	133524	left	1	1	46
9	yjq	f	22	1	70	diamond	green	(645, 652)	low	dis	(757, 540)	Y	same	hori	left	True	134554	136139	left	1	1	47
9	yjq	f	22	1	70	circle	green	(724, 460)	low	no	no_dis	N	dif	hori	left	True	137269	138531	left	1	1	48
9	yjq	f	22	1	70	circle	red	(645, 428)	low	dis	(757, 540)	Y	dif	vert	up	True	139540	141483	up	1	1	49
9	yjq	f	22	1	70	diamond	red	(724, 460)	low	dis	(533, 540)	N	same	vert	up	True	142668	144075	up	1	1	50
9	yjq	f	22	1	70	circle	red	(757, 540)	high	dis	(724, 619)	N	dif	vert	up	True	145095	146483	up	1	1	51
9	yjq	f	22	1	70	circle	green	(757, 540)	high	dis	(645, 652)	N	dif	hori	left	True	147524	148667	left	1	1	52
9	yjq	f	22	1	70	circle	red	(757, 540)	high	dis	(533, 540)	N	same	hori	left	True	149908	150867	left	1	1	53
9	yjq	f	22	1	70	circle	green	(757, 540)	high	dis	(724, 460)	N	same	hori	left	True	151869	152675	left	1	1	54
9	yjq	f	22	1	70	diamond	green	(757, 540)	high	dis	(724, 619)	N	dif	hori	left	True	153908	155178	left	1	1	55
9	yjq	f	22	1	70	circle	red	(757, 540)	high	dis	(565, 619)	N	dif	hori	left	True	156404	157419	left	1	1	56
9	yjq	f	22	1	70	circle	green	(645, 428)	low	dis	(533, 540)	N	dif	vert	up	True	158626	160323	up	1	1	57
9	yjq	f	22	1	70	circle	red	(757, 540)	high	dis	(565, 619)	N	dif	hori	left	True	161529	162715	left	1	1	58
9	yjq	f	22	1	70	circle	green	(757, 540)	high	no	no_dis	N	same	vert	up	True	163929	165267	up	1	1	59
9	yjq	f	22	1	70	diamond	green	(757, 540)	high	dis	(724, 460)	N	same	vert	up	True	166341	167652	up	1	1	60
9	yjq	f	22	1	70	diamond	green	(757, 540)	high	dis	(724, 619)	N	same	vert	up	True	168740	170931	up	1	1	61
9	yjq	f	22	1	70	diamond	red	(757, 540)	high	no	no_dis	N	same	vert	up	True	172160	173467	up	1	1	62
9	yjq	f	22	1	70	diamond	red	(757, 540)	high	no	no_dis	N	dif	hori	left	True	174611	176267	left	1	1	63
9	yjq	f	22	1	70	circle	red	(757, 540)	high	no	no_dis	N	same	hori	left	True	177465	179059	left	1	1	64
9	yjq	f	22	1	70	diamond	green	(757, 540)	high	no	no_dis	N	dif	hori	left	True	180111	181794	left	1	1	65
9	yjq	f	22	1	70	circle	red	(757, 540)	high	dis	(565, 619)	N	same	vert	up	False	182854	None	None	0	1	66
9	yjq	f	22	1	70	diamond	green	(565, 619)	low	no	no_dis	N	dif	hori	left	True	188509	190467	left	1	1	67
9	yjq	f	22	1	70	circle	green	(757, 540)	high	dis	(645, 428)	N	same	hori	left	False	191608	None	None	0	1	68
9	yjq	f	22	1	70	diamond	green	(645, 428)	low	dis	(645, 652)	N	dif	vert	up	True	197305	198707	up	1	1	69
9	yjq	f	22	1	70	diamond	green	(533, 540)	low	dis	(724, 460)	N	dif	vert	up	True	199877	201354	up	1	1	70
9	yjq	f	22	1	70	diamond	green	(757, 540)	high	dis	(724, 460)	N	same	vert	up	True	202388	204019	up	1	1	71
9	yjq	f	22	1	70	diamond	red	(757, 540)	high	no	no_dis	N	dif	hori	left	True	205230	206187	left	1	1	72
9	yjq	f	22	1	70	diamond	red	(533, 540)	low	no	no_dis	N	dif	vert	up	True	207341	208659	up	1	1	73
9	yjq	f	22	1	70	circle	green	(757, 540)	high	dis	(565, 619)	N	same	vert	up	True	209882	211803	up	1	1	74
9	yjq	f	22	1	70	diamond	red	(757, 540)	high	no	no_dis	N	same	hori	left	True	213049	214043	left	1	1	75
9	yjq	f	22	1	70	circle	green	(724, 619)	low	dis	(645, 652)	N	same	vert	up	True	215154	216643	up	1	1	76
9	yjq	f	22	1	70	circle	red	(757, 540)	high	no	no_dis	N	dif	hori	left	True	217861	219139	left	1	1	77
9	yjq	f	22	1	70	diamond	red	(757, 540)	high	dis	(645, 652)	N	same	hori	left	True	220270	221499	left	1	1	78
9	yjq	f	22	1	70	diamond	green	(565, 619)	low	dis	(757, 540)	Y	same	vert	up	True	222632	224203	up	1	1	79
9	yjq	f	22	1	70	diamond	green	(757, 540)	high	dis	(533, 540)	N	dif	hori	left	True	225224	226787	left	1	1	80
9	yjq	f	22	1	70	circle	red	(565, 460)	low	dis	(565, 619)	N	same	vert	up	True	227969	229355	up	1	1	81
9	yjq	f	22	1	70	circle	red	(757, 540)	high	no	no_dis	N	dif	hori	left	True	230467	231516	left	1	1	82
9	yjq	f	22	1	70	diamond	red	(757, 540)	high	no	no_dis	N	same	hori	left	True	232686	233899	left	1	1	83
9	yjq	f	22	1	70	diamond	red	(757, 540)	high	dis	(645, 428)	N	same	hori	left	True	234917	236651	left	1	1	84
9	yjq	f	22	1	70	diamond	green	(565, 619)	low	no	no_dis	N	dif	vert	up	True	237733	239003	up	1	1	85
9	yjq	f	22	1	70	circle	red	(565, 460)	low	no	no_dis	N	same	vert	up	True	240094	242396	up	1	1	86
9	yjq	f	22	1	70	diamond	green	(757, 540)	high	no	no_dis	N	dif	hori	left	True	243398	244748	left	1	1	87
9	yjq	f	22	1	70	diamond	green	(757, 540)	high	dis	(565, 460)	N	same	vert	up	True	245952	247219	up	1	1	88
9	yjq	f	22	1	70	circle	green	(757, 540)	high	dis	(565, 460)	N	dif	vert	up	True	248458	249755	up	1	1	89
9	yjq	f	22	1	70	diamond	red	(757, 540)	high	dis	(645, 428)	N	dif	hori	left	True	251006	252499	left	1	1	90
9	yjq	f	22	1	70	circle	red	(757, 540)	high	no	no_dis	N	dif	vert	up	True	253641	255026	up	1	1	91
9	yjq	f	22	1	70	diamond	green	(757, 540)	high	no	no_dis	N	dif	vert	up	True	256274	257539	up	1	1	92
9	yjq	f	22	1	70	circle	green	(757, 540)	high	no	no_dis	N	same	hori	left	True	258756	259955	left	1	1	93
9	yjq	f	22	1	70	circle	red	(757, 540)	high	dis	(724, 460)	N	same	vert	up	True	261169	262459	up	1	1	94
9	yjq	f	22	1	70	circle	green	(757, 540)	high	dis	(724, 619)	N	dif	hori	left	True	263601	264803	left	1	1	95
9	yjq	f	22	1	70	circle	green	(565, 460)	low	dis	(724, 460)	N	dif	hori	left	True	266032	267019	left	1	1	96
9	yjq	f	22	1	70	diamond	green	(757, 540)	high	no	no_dis	N	dif	vert	up	True	268050	269659	up	1	1	97
9	yjq	f	22	1	70	circle	green	(757, 540)	high	no	no_dis	N	same	hori	left	True	270672	271995	left	1	1	98
9	yjq	f	22	1	70	diamond	green	(757, 540)	high	dis	(565, 460)	N	dif	vert	up	True	273193	274443	up	1	1	99
9	yjq	f	22	1	70	circle	green	(724, 460)	low	dis	(757, 540)	Y	dif	hori	left	True	275558	277091	left	1	1	100
9	yjq	f	22	1	70	diamond	red	(645, 652)	low	no	no_dis	N	same	hori	left	True	278344	279755	left	1	1	101
9	yjq	f	22	1	70	diamond	red	(757, 540)	high	dis	(565, 619)	N	same	vert	up	True	280852	282171	up	1	1	102
9	yjq	f	22	1	70	circle	green	(645, 652)	low	dis	(724, 619)	N	same	vert	up	True	283173	284555	up	1	1	103
9	yjq	f	22	1	70	circle	red	(757, 540)	high	no	no_dis	N	same	hori	left	True	285671	286587	left	1	1	104
9	yjq	f	22	1	70	diamond	green	(757, 540)	high	dis	(533, 540)	N	dif	vert	up	True	287717	288787	up	1	1	105
9	yjq	f	22	1	70	diamond	red	(757, 540)	high	dis	(533, 540)	N	dif	vert	up	True	289890	290811	up	1	1	106
9	yjq	f	22	1	70	circle	green	(533, 540)	low	dis	(724, 619)	N	dif	hori	left	True	291925	293931	left	1	1	107
9	yjq	f	22	1	70	diamond	red	(565, 619)	low	dis	(757, 540)	Y	dif	hori	left	True	294959	296139	left	1	1	108
9	yjq	f	22	1	70	circle	red	(757, 540)	high	dis	(724, 619)	N	same	vert	up	True	297191	298188	up	1	1	109
9	yjq	f	22	1	70	circle	red	(757, 540)	high	dis	(565, 460)	N	dif	hori	left	True	299214	300828	left	1	1	110
9	yjq	f	22	1	70	diamond	red	(757, 540)	high	dis	(533, 540)	N	same	vert	up	True	301907	302891	up	1	1	111
9	yjq	f	22	1	70	diamond	red	(757, 540)	high	no	no_dis	N	dif	vert	up	True	304112	305315	up	1	1	112
9	yjq	f	22	1	70	diamond	red	(645, 428)	low	dis	(565, 619)	N	dif	vert	up	True	306466	307675	up	1	1	113
9	yjq	f	22	1	70	diamond	red	(724, 619)	low	dis	(757, 540)	Y	same	hori	left	True	308754	310427	left	1	1	114
9	yjq	f	22	1	70	circle	red	(565, 619)	low	dis	(757, 540)	Y	dif	vert	up	True	311592	313035	up	1	1	115
9	yjq	f	22	1	70	diamond	red	(757, 540)	high	dis	(645, 428)	N	dif	hori	left	True	314038	315084	left	1	1	116
9	yjq	f	22	1	70	diamond	green	(565, 460)	low	dis	(757, 540)	Y	same	hori	left	True	316194	317059	left	1	1	117
9	yjq	f	22	1	70	circle	green	(757, 540)	high	dis	(724, 619)	N	dif	vert	up	True	318306	319995	left	0	1	118
9	yjq	f	22	1	70	circle	green	(757, 540)	high	dis	(645, 652)	N	dif	hori	left	True	322714	324635	left	1	1	119
9	yjq	f	22	1	70	circle	red	(724, 619)	low	dis	(565, 460)	N	same	hori	left	True	325851	327251	left	1	1	120
9	yjq	f	22	1	70	diamond	red	(533, 540)	low	dis	(757, 540)	Y	dif	vert	up	True	360545	361948	up	1	2	1
9	yjq	f	22	1	70	diamond	red	(565, 460)	low	dis	(757, 540)	Y	dif	hori	left	True	363117	364419	left	1	2	2
9	yjq	f	22	1	70	circle	red	(645, 428)	low	dis	(645, 652)	N	dif	hori	left	True	365578	366915	left	1	2	3
9	yjq	f	22	1	70	circle	green	(757, 540)	high	no	no_dis	N	dif	hori	left	True	368142	369083	left	1	2	4
9	yjq	f	22	1	70	diamond	red	(757, 540)	high	dis	(565, 460)	N	same	vert	up	True	370253	371395	up	1	2	5
9	yjq	f	22	1	70	circle	red	(757, 540)	high	dis	(533, 540)	N	dif	vert	up	True	372413	373571	up	1	2	6
9	yjq	f	22	1	70	circle	green	(757, 540)	high	dis	(645, 652)	N	same	vert	up	True	374691	375955	up	1	2	7
9	yjq	f	22	1	70	circle	green	(757, 540)	high	no	no_dis	N	same	vert	up	True	377136	378179	up	1	2	8
9	yjq	f	22	1	70	diamond	red	(757, 540)	high	dis	(724, 619)	N	same	vert	up	True	379315	380459	up	1	2	9
9	yjq	f	22	1	70	diamond	green	(757, 540)	high	dis	(645, 652)	N	dif	vert	up	True	381683	382667	up	1	2	10
9	yjq	f	22	1	70	diamond	red	(757, 540)	high	no	no_dis	N	dif	vert	up	True	383753	384684	up	1	2	11
9	yjq	f	22	1	70	circle	green	(645, 652)	low	no	no_dis	N	dif	vert	up	True	385872	387051	up	1	2	12
9	yjq	f	22	1	70	diamond	red	(757, 540)	high	no	no_dis	N	same	vert	up	True	388256	389115	up	1	2	13
9	yjq	f	22	1	70	diamond	red	(757, 540)	high	dis	(645, 428)	N	same	hori	left	True	390228	391219	left	1	2	14
9	yjq	f	22	1	70	circle	red	(757, 540)	high	dis	(565, 619)	N	same	vert	up	True	392239	393483	up	1	2	15
9	yjq	f	22	1	70	circle	green	(645, 652)	low	dis	(533, 540)	N	dif	vert	up	True	394681	396139	up	1	2	16
9	yjq	f	22	1	70	diamond	red	(645, 428)	low	dis	(757, 540)	Y	same	vert	up	True	397155	398138	up	1	2	17
9	yjq	f	22	1	70	diamond	green	(757, 540)	high	dis	(565, 619)	N	dif	hori	left	True	399278	400403	left	1	2	18
9	yjq	f	22	1	70	diamond	red	(757, 540)	high	dis	(645, 428)	N	same	vert	up	True	401623	402323	up	1	2	19
9	yjq	f	22	1	70	circle	red	(757, 540)	high	dis	(565, 460)	N	same	vert	up	True	403488	404410	up	1	2	20
9	yjq	f	22	1	70	circle	red	(565, 460)	low	dis	(757, 540)	Y	same	vert	up	True	405477	406427	up	1	2	21
9	yjq	f	22	1	70	circle	red	(533, 540)	low	no	no_dis	N	dif	hori	left	True	407489	408826	left	1	2	22
9	yjq	f	22	1	70	circle	green	(757, 540)	high	dis	(565, 460)	N	dif	vert	up	True	409880	410851	up	1	2	23
9	yjq	f	22	1	70	diamond	green	(645, 652)	low	no	no_dis	N	dif	hori	left	True	411854	413003	up	0	2	24
9	yjq	f	22	1	70	diamond	red	(757, 540)	high	dis	(565, 619)	N	same	hori	left	True	415610	416579	left	1	2	25
9	yjq	f	22	1	70	circle	red	(757, 540)	high	no	no_dis	N	dif	hori	left	True	417773	419132	left	1	2	26
9	yjq	f	22	1	70	circle	green	(757, 540)	high	dis	(533, 540)	N	same	vert	up	True	420169	421196	up	1	2	27
9	yjq	f	22	1	70	circle	green	(724, 460)	low	no	no_dis	N	same	vert	up	True	422354	424523	up	1	2	28
9	yjq	f	22	1	70	diamond	red	(757, 540)	high	dis	(724, 460)	N	dif	vert	up	True	425744	427051	up	1	2	29
9	yjq	f	22	1	70	circle	green	(724, 619)	low	dis	(565, 619)	N	dif	hori	left	True	428151	429515	left	1	2	30
9	yjq	f	22	1	70	circle	green	(645, 428)	low	dis	(724, 619)	N	same	hori	left	True	430766	432211	left	1	2	31
9	yjq	f	22	1	70	diamond	green	(645, 652)	low	dis	(724, 460)	N	same	hori	left	True	433459	435531	left	1	2	32
9	yjq	f	22	1	70	circle	green	(757, 540)	high	dis	(645, 428)	N	same	vert	up	True	436548	437595	up	1	2	33
9	yjq	f	22	1	70	diamond	green	(645, 428)	low	dis	(757, 540)	Y	dif	vert	up	True	438716	439996	up	1	2	34
9	yjq	f	22	1	70	circle	red	(757, 540)	high	no	no_dis	N	same	hori	left	True	441225	442483	left	1	2	35
9	yjq	f	22	1	70	circle	green	(757, 540)	high	dis	(565, 460)	N	dif	hori	left	True	443634	444611	left	1	2	36
9	yjq	f	22	1	70	circle	green	(757, 540)	high	no	no_dis	N	same	vert	up	True	445674	447011	up	1	2	37
9	yjq	f	22	1	70	diamond	red	(645, 428)	low	no	no_dis	N	same	hori	left	True	448185	448962	left	1	2	38
9	yjq	f	22	1	70	circle	red	(645, 652)	low	dis	(724, 460)	N	dif	vert	up	True	450034	451227	up	1	2	39
9	yjq	f	22	1	70	diamond	red	(757, 540)	high	dis	(724, 619)	N	same	hori	left	True	452386	453828	left	1	2	40
9	yjq	f	22	1	70	diamond	green	(757, 540)	high	dis	(724, 619)	N	same	vert	up	True	455010	456348	left	0	2	41
9	yjq	f	22	1	70	circle	red	(757, 540)	high	no	no_dis	N	dif	vert	up	True	459005	460507	up	1	2	42
9	yjq	f	22	1	70	circle	green	(757, 540)	high	dis	(645, 428)	N	dif	hori	left	True	461574	462611	left	1	2	43
9	yjq	f	22	1	70	diamond	green	(757, 540)	high	dis	(724, 619)	N	same	hori	left	True	463660	465330	left	1	2	44
9	yjq	f	22	1	70	circle	red	(565, 460)	low	no	no_dis	N	dif	vert	up	True	466467	467203	up	1	2	45
9	yjq	f	22	1	70	diamond	red	(724, 619)	low	dis	(757, 540)	Y	dif	vert	up	True	468344	469667	up	1	2	46
9	yjq	f	22	1	70	diamond	green	(565, 619)	low	dis	(533, 540)	N	dif	hori	left	True	470886	472019	left	1	2	47
9	yjq	f	22	1	70	circle	red	(757, 540)	high	dis	(533, 540)	N	same	hori	left	True	473192	474403	left	1	2	48
9	yjq	f	22	1	70	circle	green	(757, 540)	high	dis	(533, 540)	N	same	hori	left	True	475465	476764	left	1	2	49
9	yjq	f	22	1	70	circle	red	(757, 540)	high	no	no_dis	N	dif	hori	left	True	477969	478699	left	1	2	50
9	yjq	f	22	1	70	diamond	green	(757, 540)	high	dis	(724, 619)	N	dif	vert	up	True	479816	481139	up	1	2	51
9	yjq	f	22	1	70	diamond	green	(565, 619)	low	no	no_dis	N	same	vert	up	True	482276	483323	up	1	2	52
9	yjq	f	22	1	70	diamond	green	(757, 540)	high	dis	(565, 460)	N	dif	hori	left	True	484401	485683	left	1	2	53
9	yjq	f	22	1	70	diamond	red	(757, 540)	high	dis	(645, 428)	N	dif	vert	up	True	486906	487860	up	1	2	54
9	yjq	f	22	1	70	circle	red	(565, 619)	low	dis	(757, 540)	Y	same	hori	left	True	488892	489995	left	1	2	55
9	yjq	f	22	1	70	diamond	green	(757, 540)	high	dis	(645, 428)	N	same	vert	up	True	491147	492331	up	1	2	56
9	yjq	f	22	1	70	diamond	red	(757, 540)	high	dis	(565, 619)	N	dif	hori	left	True	493580	494411	left	1	2	57
9	yjq	f	22	1	70	circle	red	(757, 540)	high	dis	(645, 652)	N	same	hori	left	True	495418	496443	left	1	2	58
9	yjq	f	22	1	70	circle	red	(757, 540)	high	dis	(565, 460)	N	dif	vert	up	True	497624	498596	up	1	2	59
9	yjq	f	22	1	70	circle	red	(757, 540)	high	dis	(645, 652)	N	dif	vert	up	True	499785	500883	up	1	2	60
9	yjq	f	22	1	70	circle	green	(757, 540)	high	dis	(724, 460)	N	same	hori	left	True	501897	503131	left	1	2	61
9	yjq	f	22	1	70	diamond	green	(757, 540)	high	dis	(724, 460)	N	dif	vert	up	True	504302	505148	up	1	2	62
9	yjq	f	22	1	70	circle	green	(757, 540)	high	dis	(565, 619)	N	same	vert	up	True	506184	507124	up	1	2	63
9	yjq	f	22	1	70	circle	green	(533, 540)	low	dis	(724, 619)	N	same	vert	up	True	508231	509843	up	1	2	64
9	yjq	f	22	1	70	diamond	green	(757, 540)	high	no	no_dis	N	same	hori	left	True	511033	512475	left	1	2	65
9	yjq	f	22	1	70	diamond	green	(757, 540)	high	dis	(645, 652)	N	dif	hori	left	True	513609	514427	left	1	2	66
9	yjq	f	22	1	70	circle	red	(757, 540)	high	no	no_dis	N	same	vert	up	True	515561	516444	up	1	2	67
9	yjq	f	22	1	70	diamond	red	(565, 460)	low	no	no_dis	N	same	hori	left	True	517661	519091	left	1	2	68
9	yjq	f	22	1	70	circle	green	(757, 540)	high	no	no_dis	N	same	vert	up	True	520325	521540	up	1	2	69
9	yjq	f	22	1	70	diamond	green	(757, 540)	high	dis	(645, 652)	N	same	hori	left	True	522594	523563	left	1	2	70
9	yjq	f	22	1	70	diamond	red	(757, 540)	high	no	no_dis	N	dif	hori	left	True	524618	525315	left	1	2	71
9	yjq	f	22	1	70	circle	red	(757, 540)	high	dis	(645, 428)	N	dif	hori	left	True	526352	527371	left	1	2	72
9	yjq	f	22	1	70	diamond	green	(757, 540)	high	no	no_dis	N	dif	vert	up	True	528460	529163	up	1	2	73
9	yjq	f	22	1	70	diamond	red	(757, 540)	high	dis	(533, 540)	N	same	hori	left	True	530241	530995	left	1	2	74
9	yjq	f	22	1	70	circle	red	(757, 540)	high	no	no_dis	N	dif	hori	left	True	532188	532827	left	1	2	75
9	yjq	f	22	1	70	circle	red	(757, 540)	high	no	no_dis	N	same	hori	left	True	534046	534971	left	1	2	76
9	yjq	f	22	1	70	diamond	red	(757, 540)	high	dis	(565, 460)	N	same	hori	left	True	536124	536979	left	1	2	77
9	yjq	f	22	1	70	diamond	red	(757, 540)	high	no	no_dis	N	dif	vert	up	True	538028	538715	up	1	2	78
9	yjq	f	22	1	70	circle	green	(757, 540)	high	dis	(565, 619)	N	dif	vert	up	True	539919	540571	up	1	2	79
9	yjq	f	22	1	70	circle	red	(757, 540)	high	dis	(645, 652)	N	dif	vert	up	True	541660	542587	up	1	2	80
9	yjq	f	22	1	70	diamond	green	(757, 540)	high	no	no_dis	N	dif	hori	left	True	543599	544235	left	1	2	81
9	yjq	f	22	1	70	diamond	red	(757, 540)	high	no	no_dis	N	same	vert	up	True	545415	546387	up	1	2	82
9	yjq	f	22	1	70	circle	red	(757, 540)	high	dis	(565, 619)	N	same	hori	left	True	547582	548243	left	1	2	83
9	yjq	f	22	1	70	diamond	red	(757, 540)	high	dis	(533, 540)	N	dif	hori	left	True	549483	550411	left	1	2	84
9	yjq	f	22	1	70	circle	green	(757, 540)	high	dis	(533, 540)	N	dif	hori	left	True	551443	552235	left	1	2	85
9	yjq	f	22	1	70	diamond	green	(757, 540)	high	dis	(724, 619)	N	same	vert	up	True	553435	554379	up	1	2	86
9	yjq	f	22	1	70	circle	green	(565, 460)	low	dis	(757, 540)	Y	same	hori	left	True	555381	556500	left	1	2	87
9	yjq	f	22	1	70	diamond	red	(565, 619)	low	dis	(645, 652)	N	same	vert	up	True	557728	558820	up	1	2	88
9	yjq	f	22	1	70	diamond	green	(757, 540)	high	no	no_dis	N	same	hori	left	True	560066	560844	left	1	2	89
9	yjq	f	22	1	70	diamond	green	(757, 540)	high	dis	(724, 460)	N	dif	hori	left	True	562004	562731	left	1	2	90
9	yjq	f	22	1	70	circle	red	(757, 540)	high	dis	(565, 460)	N	dif	vert	up	True	563751	564427	up	1	2	91
9	yjq	f	22	1	70	circle	green	(757, 540)	high	no	no_dis	N	same	hori	left	True	565495	566155	left	1	2	92
9	yjq	f	22	1	70	diamond	green	(757, 540)	high	no	no_dis	N	same	hori	left	True	567377	567963	left	1	2	93
9	yjq	f	22	1	70	diamond	red	(757, 540)	high	no	no_dis	N	same	vert	up	True	568974	569708	up	1	2	94
9	yjq	f	22	1	70	diamond	green	(757, 540)	high	no	no_dis	N	same	hori	left	True	570836	571459	left	1	2	95
9	yjq	f	22	1	70	diamond	red	(724, 460)	low	dis	(645, 428)	N	same	vert	up	True	572633	574107	up	1	2	96
9	yjq	f	22	1	70	circle	red	(757, 540)	high	dis	(724, 460)	N	dif	vert	up	True	575226	577572	up	1	2	97
9	yjq	f	22	1	70	circle	red	(757, 540)	high	dis	(724, 619)	N	dif	hori	left	True	578688	579699	left	1	2	98
9	yjq	f	22	1	70	circle	red	(724, 460)	low	dis	(565, 460)	N	same	hori	left	True	580817	581875	left	1	2	99
9	yjq	f	22	1	70	diamond	green	(533, 540)	low	dis	(565, 619)	N	dif	hori	left	True	583067	584195	left	1	2	100
9	yjq	f	22	1	70	circle	red	(724, 619)	low	no	no_dis	N	dif	hori	left	True	585414	586475	left	1	2	101
9	yjq	f	22	1	70	circle	green	(724, 460)	low	dis	(757, 540)	Y	same	hori	left	True	587692	588740	left	1	2	102
9	yjq	f	22	1	70	circle	green	(757, 540)	high	dis	(645, 652)	N	dif	hori	left	True	589831	590635	left	1	2	103
9	yjq	f	22	1	70	circle	red	(757, 540)	high	dis	(724, 460)	N	dif	hori	left	True	591766	592923	left	1	2	104
9	yjq	f	22	1	70	circle	green	(645, 428)	low	no	no_dis	N	dif	vert	up	True	594087	595268	up	1	2	105
9	yjq	f	22	1	70	diamond	green	(757, 540)	high	dis	(724, 460)	N	same	hori	left	True	596316	597428	left	1	2	106
9	yjq	f	22	1	70	diamond	green	(757, 540)	high	dis	(645, 428)	N	same	hori	left	True	598659	599708	left	1	2	107
9	yjq	f	22	1	70	diamond	green	(757, 540)	high	no	no_dis	N	dif	vert	up	True	600745	601764	up	1	2	108
9	yjq	f	22	1	70	diamond	red	(757, 540)	high	dis	(724, 460)	N	dif	vert	up	True	602816	603659	up	1	2	109
9	yjq	f	22	1	70	diamond	red	(565, 619)	low	no	no_dis	N	same	vert	up	True	604805	605643	left	0	2	110
9	yjq	f	22	1	70	circle	green	(757, 540)	high	dis	(724, 619)	N	same	vert	up	True	608382	609620	up	1	2	111
9	yjq	f	22	1	70	diamond	green	(724, 460)	low	dis	(565, 460)	N	same	vert	up	True	610842	611892	up	1	2	112
9	yjq	f	22	1	70	circle	green	(757, 540)	high	no	no_dis	N	dif	vert	up	True	613047	614691	up	1	2	113
9	yjq	f	22	1	70	diamond	red	(757, 540)	high	dis	(565, 619)	N	dif	hori	left	True	615902	616667	left	1	2	114
9	yjq	f	22	1	70	circle	red	(724, 619)	low	dis	(757, 540)	Y	dif	vert	up	True	617784	618875	up	1	2	115
9	yjq	f	22	1	70	diamond	green	(565, 460)	low	dis	(645, 428)	N	dif	hori	left	True	620009	621083	left	1	2	116
9	yjq	f	22	1	70	diamond	red	(757, 540)	high	no	no_dis	N	dif	hori	left	True	622184	623267	left	1	2	117
9	yjq	f	22	1	70	circle	green	(757, 540)	high	no	no_dis	N	dif	vert	up	True	624480	625523	up	1	2	118
9	yjq	f	22	1	70	diamond	green	(724, 619)	low	no	no_dis	N	same	hori	left	True	626736	627499	left	1	2	119
9	yjq	f	22	1	70	circle	green	(757, 540)	high	dis	(533, 540)	N	same	vert	up	True	628705	630235	up	1	2	120
9	yjq	f	22	1	70	circle	green	(757, 540)	high	no	no_dis	N	same	hori	left	True	667322	668075	left	1	3	1
9	yjq	f	22	1	70	diamond	green	(757, 540)	high	dis	(533, 540)	N	dif	vert	up	True	669260	670236	up	1	3	2
9	yjq	f	22	1	70	diamond	green	(565, 619)	low	dis	(645, 428)	N	same	vert	up	True	671309	672227	up	1	3	3
9	yjq	f	22	1	70	circle	green	(757, 540)	high	dis	(533, 540)	N	dif	vert	up	True	673391	674460	up	1	3	4
9	yjq	f	22	1	70	circle	green	(757, 540)	high	dis	(724, 619)	N	same	hori	left	True	675673	676443	left	1	3	5
9	yjq	f	22	1	70	diamond	red	(645, 428)	low	dis	(757, 540)	Y	dif	hori	left	True	677601	678532	left	1	3	6
9	yjq	f	22	1	70	diamond	green	(757, 540)	high	no	no_dis	N	same	hori	left	True	679769	680507	left	1	3	7
9	yjq	f	22	1	70	diamond	green	(724, 619)	low	no	no_dis	N	same	hori	left	True	681721	682627	left	1	3	8
9	yjq	f	22	1	70	circle	red	(757, 540)	high	dis	(724, 619)	N	dif	hori	left	True	683814	685227	left	1	3	9
9	yjq	f	22	1	70	diamond	red	(757, 540)	high	no	no_dis	N	same	hori	left	True	686454	687132	left	1	3	10
9	yjq	f	22	1	70	circle	red	(533, 540)	low	no	no_dis	N	same	vert	up	True	688284	689403	up	1	3	11
9	yjq	f	22	1	70	diamond	red	(533, 540)	low	dis	(757, 540)	Y	same	vert	up	True	690507	692363	up	1	3	12
9	yjq	f	22	1	70	diamond	green	(645, 428)	low	no	no_dis	N	same	vert	up	True	693537	694379	up	1	3	13
9	yjq	f	22	1	70	circle	red	(645, 652)	low	dis	(724, 460)	N	dif	vert	up	True	695578	696692	up	1	3	14
9	yjq	f	22	1	70	circle	red	(724, 619)	low	dis	(757, 540)	Y	dif	hori	left	True	697837	698828	left	1	3	15
9	yjq	f	22	1	70	diamond	red	(757, 540)	high	no	no_dis	N	dif	hori	left	True	700065	701244	left	1	3	16
9	yjq	f	22	1	70	diamond	red	(757, 540)	high	no	no_dis	N	dif	hori	left	True	702279	703548	left	1	3	17
9	yjq	f	22	1	70	circle	green	(757, 540)	high	dis	(565, 460)	N	same	vert	up	True	704604	705955	up	1	3	18
9	yjq	f	22	1	70	diamond	red	(724, 619)	low	dis	(565, 619)	N	same	hori	left	True	707142	708411	left	1	3	19
9	yjq	f	22	1	70	diamond	red	(565, 619)	low	dis	(533, 540)	N	dif	hori	left	True	709572	710779	left	1	3	20
9	yjq	f	22	1	70	circle	red	(645, 428)	low	dis	(724, 619)	N	dif	hori	left	True	711987	713643	left	1	3	21
9	yjq	f	22	1	70	diamond	green	(565, 460)	low	dis	(757, 540)	Y	dif	hori	left	True	714884	715803	left	1	3	22
9	yjq	f	22	1	70	diamond	red	(757, 540)	high	no	no_dis	N	dif	hori	left	True	716874	717715	left	1	3	23
9	yjq	f	22	1	70	circle	green	(724, 460)	low	dis	(757, 540)	Y	same	hori	left	True	718832	719619	up	0	3	24
9	yjq	f	22	1	70	circle	green	(757, 540)	high	dis	(565, 619)	N	same	vert	up	True	722247	723099	up	1	3	25
9	yjq	f	22	1	70	circle	red	(757, 540)	high	no	no_dis	N	dif	hori	left	True	724137	725147	left	1	3	26
9	yjq	f	22	1	70	circle	red	(724, 460)	low	dis	(565, 460)	N	dif	vert	up	True	726279	727412	up	1	3	27
9	yjq	f	22	1	70	diamond	green	(757, 540)	high	dis	(645, 652)	N	same	hori	left	True	728433	729931	left	1	3	28
9	yjq	f	22	1	70	diamond	red	(757, 540)	high	dis	(724, 460)	N	same	hori	left	True	731014	731891	left	1	3	29
9	yjq	f	22	1	70	diamond	red	(757, 540)	high	dis	(565, 460)	N	dif	vert	up	True	733094	733836	up	1	3	30
9	yjq	f	22	1	70	circle	red	(565, 619)	low	dis	(724, 619)	N	same	vert	up	True	734975	736339	up	1	3	31
9	yjq	f	22	1	70	circle	green	(757, 540)	high	no	no_dis	N	same	vert	up	True	737463	738867	up	1	3	32
9	yjq	f	22	1	70	circle	green	(565, 619)	low	no	no_dis	N	dif	hori	left	True	739930	740691	left	1	3	33
9	yjq	f	22	1	70	diamond	red	(757, 540)	high	dis	(533, 540)	N	same	vert	up	True	741871	742627	up	1	3	34
9	yjq	f	22	1	70	circle	green	(757, 540)	high	dis	(724, 619)	N	dif	hori	left	True	743645	745259	left	1	3	35
9	yjq	f	22	1	70	circle	red	(757, 540)	high	no	no_dis	N	dif	vert	up	True	746266	747451	up	1	3	36
9	yjq	f	22	1	70	diamond	red	(724, 460)	low	dis	(645, 652)	N	dif	vert	up	True	748608	749435	up	1	3	37
9	yjq	f	22	1	70	circle	green	(757, 540)	high	dis	(724, 619)	N	same	hori	left	True	750567	751371	left	1	3	38
9	yjq	f	22	1	70	diamond	green	(645, 652)	low	dis	(645, 428)	N	same	hori	left	True	752394	753396	left	1	3	39
9	yjq	f	22	1	70	diamond	red	(757, 540)	high	dis	(565, 460)	N	dif	hori	left	True	754399	755187	left	1	3	40
9	yjq	f	22	1	70	diamond	green	(757, 540)	high	dis	(565, 460)	N	dif	vert	up	True	756316	757012	up	1	3	41
9	yjq	f	22	1	70	diamond	green	(757, 540)	high	no	no_dis	N	same	hori	left	True	758158	758771	left	1	3	42
9	yjq	f	22	1	70	circle	red	(757, 540)	high	no	no_dis	N	dif	hori	left	True	759954	761731	left	1	3	43
9	yjq	f	22	1	70	diamond	green	(724, 460)	low	dis	(757, 540)	Y	same	vert	up	True	762909	764084	up	1	3	44
9	yjq	f	22	1	70	circle	green	(757, 540)	high	dis	(565, 619)	N	same	vert	up	True	765187	766179	up	1	3	45
9	yjq	f	22	1	70	diamond	green	(645, 428)	low	dis	(724, 460)	N	same	vert	up	True	767272	768331	up	1	3	46
9	yjq	f	22	1	70	diamond	red	(757, 540)	high	no	no_dis	N	same	vert	up	True	769515	770443	up	1	3	47
9	yjq	f	22	1	70	circle	green	(757, 540)	high	dis	(565, 619)	N	same	hori	left	True	771629	772771	left	1	3	48
9	yjq	f	22	1	70	circle	red	(757, 540)	high	dis	(565, 460)	N	same	hori	left	True	773865	776035	left	1	3	49
9	yjq	f	22	1	70	circle	green	(757, 540)	high	no	no_dis	N	dif	hori	left	True	777041	778339	left	1	3	50
9	yjq	f	22	1	70	circle	green	(757, 540)	high	no	no_dis	N	same	vert	up	True	779539	780323	up	1	3	51
9	yjq	f	22	1	70	diamond	red	(757, 540)	high	dis	(724, 460)	N	dif	vert	up	True	781505	782428	up	1	3	52
9	yjq	f	22	1	70	circle	red	(757, 540)	high	no	no_dis	N	dif	vert	up	True	783629	784571	up	1	3	53
9	yjq	f	22	1	70	diamond	green	(757, 540)	high	dis	(645, 428)	N	dif	hori	left	True	785735	786668	left	1	3	54
9	yjq	f	22	1	70	diamond	green	(757, 540)	high	no	no_dis	N	dif	vert	up	True	787879	788795	up	1	3	55
9	yjq	f	22	1	70	diamond	green	(757, 540)	high	dis	(565, 619)	N	dif	vert	up	True	789836	790539	up	1	3	56
9	yjq	f	22	1	70	diamond	red	(757, 540)	high	no	no_dis	N	same	vert	up	True	791706	792724	up	1	3	57
9	yjq	f	22	1	70	diamond	green	(757, 540)	high	no	no_dis	N	dif	vert	up	True	793953	794827	up	1	3	58
9	yjq	f	22	1	70	diamond	red	(757, 540)	high	dis	(645, 652)	N	same	vert	up	True	795915	796883	up	1	3	59
9	yjq	f	22	1	70	diamond	red	(757, 540)	high	dis	(645, 652)	N	dif	hori	left	True	797994	798939	left	1	3	60
9	yjq	f	22	1	70	circle	red	(757, 540)	high	no	no_dis	N	same	hori	left	True	800120	801395	left	1	3	61
9	yjq	f	22	1	70	circle	red	(757, 540)	high	dis	(724, 460)	N	dif	vert	up	True	802607	803740	up	1	3	62
9	yjq	f	22	1	70	diamond	green	(757, 540)	high	dis	(533, 540)	N	same	hori	left	True	804806	805635	left	1	3	63
9	yjq	f	22	1	70	diamond	green	(757, 540)	high	no	no_dis	N	same	vert	up	True	806758	807660	up	1	3	64
9	yjq	f	22	1	70	diamond	red	(757, 540)	high	no	no_dis	N	same	hori	left	True	808678	809339	left	1	3	65
9	yjq	f	22	1	70	circle	green	(645, 428)	low	dis	(533, 540)	N	same	vert	up	True	810487	811708	up	1	3	66
9	yjq	f	22	1	70	diamond	red	(645, 428)	low	no	no_dis	N	dif	vert	up	True	812799	813883	up	1	3	67
9	yjq	f	22	1	70	diamond	green	(757, 540)	high	dis	(645, 652)	N	same	vert	up	True	815084	816180	up	1	3	68
9	yjq	f	22	1	70	diamond	red	(724, 460)	low	no	no_dis	N	dif	vert	up	True	817314	818155	up	1	3	69
9	yjq	f	22	1	70	diamond	red	(757, 540)	high	dis	(533, 540)	N	same	vert	up	True	819172	819923	up	1	3	70
9	yjq	f	22	1	70	circle	red	(757, 540)	high	dis	(565, 619)	N	dif	hori	left	True	820936	821699	left	1	3	71
9	yjq	f	22	1	70	diamond	green	(757, 540)	high	dis	(565, 619)	N	same	vert	up	True	822829	823483	up	1	3	72
9	yjq	f	22	1	70	diamond	red	(757, 540)	high	dis	(565, 619)	N	dif	vert	up	True	824648	825267	up	1	3	73
9	yjq	f	22	1	70	diamond	green	(757, 540)	high	dis	(645, 428)	N	dif	vert	up	True	826328	827123	up	1	3	74
9	yjq	f	22	1	70	circle	green	(645, 652)	low	dis	(565, 460)	N	same	hori	left	True	828232	829396	left	1	3	75
9	yjq	f	22	1	70	circle	red	(757, 540)	high	dis	(645, 652)	N	same	vert	up	True	830484	831371	up	1	3	76
9	yjq	f	22	1	70	circle	green	(757, 540)	high	dis	(724, 460)	N	dif	hori	left	True	832603	833179	left	1	3	77
9	yjq	f	22	1	70	circle	red	(757, 540)	high	dis	(645, 652)	N	dif	hori	left	True	834188	835012	left	1	3	78
9	yjq	f	22	1	70	circle	red	(757, 540)	high	dis	(724, 460)	N	same	vert	up	True	836141	836788	up	1	3	79
9	yjq	f	22	1	70	diamond	red	(757, 540)	high	dis	(724, 619)	N	same	hori	left	True	837975	838563	left	1	3	80
9	yjq	f	22	1	70	diamond	green	(757, 540)	high	no	no_dis	N	same	vert	up	True	839736	840276	up	1	3	81
9	yjq	f	22	1	70	circle	red	(645, 652)	low	no	no_dis	N	same	hori	left	True	841466	842532	left	1	3	82
9	yjq	f	22	1	70	diamond	red	(757, 540)	high	dis	(565, 460)	N	same	hori	left	True	843704	844755	left	1	3	83
9	yjq	f	22	1	70	circle	green	(757, 540)	high	dis	(724, 460)	N	same	vert	up	True	845835	847107	up	1	3	84
9	yjq	f	22	1	70	circle	green	(565, 460)	low	dis	(757, 540)	Y	dif	hori	left	True	848336	849443	left	1	3	85
9	yjq	f	22	1	70	circle	red	(757, 540)	high	dis	(724, 460)	N	dif	hori	left	True	850569	851636	left	1	3	86
9	yjq	f	22	1	70	circle	red	(565, 460)	low	dis	(565, 619)	N	dif	vert	up	True	852649	853691	up	1	3	87
9	yjq	f	22	1	70	diamond	green	(757, 540)	high	no	no_dis	N	dif	hori	left	True	854847	856091	left	1	3	88
9	yjq	f	22	1	70	circle	green	(757, 540)	high	dis	(724, 460)	N	dif	hori	left	True	857115	858219	up	0	3	89
9	yjq	f	22	1	70	diamond	red	(757, 540)	high	dis	(724, 619)	N	same	hori	left	True	860972	862643	left	1	3	90
9	yjq	f	22	1	70	circle	green	(724, 619)	low	dis	(757, 540)	Y	dif	vert	up	True	863775	865043	up	1	3	91
9	yjq	f	22	1	70	circle	red	(757, 540)	high	dis	(645, 428)	N	dif	hori	left	True	866200	867547	left	1	3	92
9	yjq	f	22	1	70	diamond	green	(757, 540)	high	dis	(724, 619)	N	same	hori	left	True	868716	869436	left	1	3	93
9	yjq	f	22	1	70	circle	green	(757, 540)	high	dis	(645, 652)	N	same	vert	up	True	870521	871539	up	1	3	94
9	yjq	f	22	1	70	circle	green	(757, 540)	high	no	no_dis	N	dif	vert	up	True	872592	873499	up	1	3	95
9	yjq	f	22	1	70	circle	green	(757, 540)	high	no	no_dis	N	same	vert	up	True	874520	875100	up	1	3	96
9	yjq	f	22	1	70	diamond	green	(757, 540)	high	dis	(645, 652)	N	same	hori	left	True	876154	876748	left	1	3	97
9	yjq	f	22	1	70	circle	red	(757, 540)	high	dis	(645, 428)	N	same	vert	up	True	877801	878611	up	1	3	98
9	yjq	f	22	1	70	circle	red	(645, 652)	low	no	no_dis	N	same	hori	left	True	879763	880564	left	1	3	99
9	yjq	f	22	1	70	diamond	red	(757, 540)	high	dis	(565, 619)	N	dif	vert	up	True	881734	882339	up	1	3	100
9	yjq	f	22	1	70	diamond	green	(533, 540)	low	dis	(757, 540)	Y	dif	vert	up	True	883582	884955	up	1	3	101
9	yjq	f	22	1	70	circle	green	(533, 540)	low	dis	(757, 540)	Y	same	hori	left	True	885975	887603	left	1	3	102
9	yjq	f	22	1	70	diamond	green	(757, 540)	high	dis	(565, 460)	N	dif	hori	left	True	888652	890243	left	1	3	103
9	yjq	f	22	1	70	circle	red	(757, 540)	high	dis	(724, 619)	N	dif	hori	left	True	891291	892411	left	1	3	104
9	yjq	f	22	1	70	circle	green	(757, 540)	high	dis	(645, 428)	N	same	vert	up	True	893477	894755	up	1	3	105
9	yjq	f	22	1	70	circle	red	(757, 540)	high	no	no_dis	N	dif	vert	up	True	896006	896923	up	1	3	106
9	yjq	f	22	1	70	circle	red	(757, 540)	high	dis	(533, 540)	N	same	hori	left	True	898087	899531	left	1	3	107
9	yjq	f	22	1	70	diamond	green	(757, 540)	high	dis	(533, 540)	N	same	hori	left	True	900731	901699	left	1	3	108
9	yjq	f	22	1	70	circle	red	(757, 540)	high	no	no_dis	N	same	hori	left	True	902839	903771	left	1	3	109
9	yjq	f	22	1	70	diamond	green	(757, 540)	high	dis	(645, 428)	N	dif	vert	up	True	904840	905756	up	1	3	110
9	yjq	f	22	1	70	diamond	green	(565, 460)	low	no	no_dis	N	dif	vert	up	True	906898	907740	up	1	3	111
9	yjq	f	22	1	70	diamond	red	(757, 540)	high	dis	(645, 428)	N	dif	vert	up	True	908875	909883	up	1	3	112
9	yjq	f	22	1	70	circle	red	(757, 540)	high	dis	(565, 460)	N	dif	vert	up	True	911037	912787	up	1	3	113
9	yjq	f	22	1	70	circle	green	(724, 619)	low	no	no_dis	N	dif	hori	left	True	913886	914931	left	1	3	114
9	yjq	f	22	1	70	circle	green	(757, 540)	high	dis	(533, 540)	N	dif	vert	up	True	916048	917083	up	1	3	115
9	yjq	f	22	1	70	diamond	red	(565, 460)	low	dis	(645, 652)	N	same	hori	left	True	918110	919012	left	1	3	116
9	yjq	f	22	1	70	circle	green	(565, 619)	low	no	no_dis	N	same	vert	up	True	920140	921292	up	1	3	117
9	yjq	f	22	1	70	circle	red	(757, 540)	high	dis	(645, 428)	N	dif	hori	left	True	922340	923563	left	1	3	118
9	yjq	f	22	1	70	diamond	red	(724, 460)	low	no	no_dis	N	dif	hori	left	True	924615	925491	left	1	3	119
9	yjq	f	22	1	70	circle	green	(757, 540)	high	no	no_dis	N	dif	vert	up	True	926733	927548	up	1	3	120
9	yjq	f	22	1	70	circle	red	(757, 540)	high	dis	(533, 540)	N	same	hori	left	True	960650	961507	left	1	4	1
9	yjq	f	22	1	70	circle	green	(565, 619)	low	no	no_dis	N	dif	vert	up	True	962561	963380	up	1	4	2
9	yjq	f	22	1	70	circle	red	(565, 460)	low	dis	(724, 460)	N	dif	vert	up	True	964526	965307	up	1	4	3
9	yjq	f	22	1	70	diamond	red	(724, 460)	low	dis	(645, 428)	N	dif	vert	up	True	966534	967876	up	1	4	4
9	yjq	f	22	1	70	diamond	red	(757, 540)	high	no	no_dis	N	same	vert	up	True	968950	969716	up	1	4	5
9	yjq	f	22	1	70	circle	green	(533, 540)	low	dis	(757, 540)	Y	same	hori	left	True	970894	971691	left	1	4	6
9	yjq	f	22	1	70	diamond	green	(724, 460)	low	dis	(533, 540)	N	dif	vert	up	True	972728	973668	up	1	4	7
9	yjq	f	22	1	70	circle	red	(757, 540)	high	dis	(724, 460)	N	same	hori	left	True	974865	975763	left	1	4	8
9	yjq	f	22	1	70	diamond	green	(757, 540)	high	no	no_dis	N	dif	hori	left	True	976919	977595	left	1	4	9
9	yjq	f	22	1	70	circle	red	(757, 540)	high	no	no_dis	N	dif	vert	up	True	978819	979547	up	1	4	10
9	yjq	f	22	1	70	diamond	red	(724, 619)	low	dis	(645, 652)	N	dif	hori	left	True	980744	981875	left	1	4	11
9	yjq	f	22	1	70	circle	green	(645, 428)	low	dis	(565, 619)	N	same	vert	up	True	982985	984003	up	1	4	12
9	yjq	f	22	1	70	diamond	green	(757, 540)	high	no	no_dis	N	same	hori	left	True	985239	985979	left	1	4	13
9	yjq	f	22	1	70	circle	green	(757, 540)	high	dis	(724, 460)	N	same	hori	left	True	987056	988579	left	1	4	14
9	yjq	f	22	1	70	circle	red	(757, 540)	high	no	no_dis	N	same	hori	left	True	989710	990636	left	1	4	15
9	yjq	f	22	1	70	circle	green	(757, 540)	high	dis	(565, 619)	N	dif	hori	left	True	991880	992987	left	1	4	16
9	yjq	f	22	1	70	circle	red	(645, 428)	low	dis	(724, 619)	N	same	vert	up	True	994147	995027	up	1	4	17
9	yjq	f	22	1	70	circle	green	(757, 540)	high	no	no_dis	N	same	hori	left	True	996154	996811	left	1	4	18
9	yjq	f	22	1	70	diamond	green	(645, 428)	low	dis	(724, 460)	N	dif	hori	left	True	997874	998883	left	1	4	19
9	yjq	f	22	1	70	diamond	red	(757, 540)	high	dis	(565, 460)	N	same	vert	up	True	1000047	1000763	up	1	4	20
9	yjq	f	22	1	70	diamond	green	(533, 540)	low	dis	(565, 619)	N	same	vert	up	True	1001796	1002587	up	1	4	21
9	yjq	f	22	1	70	circle	red	(757, 540)	high	no	no_dis	N	dif	vert	up	True	1003721	1004811	up	1	4	22
9	yjq	f	22	1	70	diamond	green	(757, 540)	high	dis	(645, 428)	N	dif	vert	up	True	1006050	1006979	up	1	4	23
9	yjq	f	22	1	70	diamond	red	(757, 540)	high	dis	(533, 540)	N	same	hori	left	True	1007991	1008747	left	1	4	24
9	yjq	f	22	1	70	diamond	red	(533, 540)	low	dis	(645, 428)	N	same	hori	left	True	1009791	1010819	left	1	4	25
9	yjq	f	22	1	70	circle	green	(757, 540)	high	no	no_dis	N	same	hori	left	True	1011856	1012635	left	1	4	26
9	yjq	f	22	1	70	diamond	green	(757, 540)	high	no	no_dis	N	dif	hori	left	True	1013858	1014780	left	1	4	27
9	yjq	f	22	1	70	circle	green	(757, 540)	high	no	no_dis	N	same	vert	up	True	1015942	1016587	up	1	4	28
9	yjq	f	22	1	70	circle	green	(757, 540)	high	dis	(724, 619)	N	same	vert	up	True	1017802	1018883	up	1	4	29
9	yjq	f	22	1	70	diamond	red	(724, 619)	low	no	no_dis	N	same	vert	up	True	1019936	1021484	up	1	4	30
9	yjq	f	22	1	70	circle	green	(724, 619)	low	dis	(565, 460)	N	dif	vert	up	True	1022541	1023716	up	1	4	31
9	yjq	f	22	1	70	diamond	red	(533, 540)	low	no	no_dis	N	dif	vert	up	True	1024924	1025931	up	1	4	32
9	yjq	f	22	1	70	circle	red	(757, 540)	high	dis	(645, 428)	N	dif	vert	up	True	1026937	1027884	up	1	4	33
9	yjq	f	22	1	70	circle	red	(757, 540)	high	dis	(565, 619)	N	same	hori	left	True	1029064	1030012	left	1	4	34
9	yjq	f	22	1	70	circle	red	(757, 540)	high	dis	(724, 460)	N	dif	vert	up	True	1031170	1032123	up	1	4	35
9	yjq	f	22	1	70	circle	green	(757, 540)	high	dis	(724, 460)	N	same	vert	up	True	1033149	1034571	up	1	4	36
9	yjq	f	22	1	70	diamond	green	(757, 540)	high	no	no_dis	N	dif	vert	up	True	1035713	1036636	up	1	4	37
9	yjq	f	22	1	70	diamond	red	(757, 540)	high	dis	(565, 619)	N	same	hori	left	True	1037679	1038684	left	1	4	38
9	yjq	f	22	1	70	circle	red	(757, 540)	high	no	no_dis	N	same	hori	left	True	1039739	1040844	left	1	4	39
9	yjq	f	22	1	70	circle	red	(645, 652)	low	dis	(757, 540)	Y	same	hori	left	True	1042014	1043155	left	1	4	40
9	yjq	f	22	1	70	diamond	green	(757, 540)	high	dis	(724, 619)	N	dif	vert	up	True	1044228	1044939	up	1	4	41
9	yjq	f	22	1	70	diamond	red	(757, 540)	high	dis	(565, 460)	N	same	hori	left	True	1046164	1046827	left	1	4	42
9	yjq	f	22	1	70	circle	red	(757, 540)	high	no	no_dis	N	dif	hori	left	True	1047938	1049139	left	1	4	43
9	yjq	f	22	1	70	diamond	red	(757, 540)	high	dis	(533, 540)	N	same	hori	left	True	1050240	1051331	left	1	4	44
9	yjq	f	22	1	70	diamond	red	(757, 540)	high	no	no_dis	N	dif	vert	up	True	1052542	1053492	up	1	4	45
9	yjq	f	22	1	70	circle	green	(757, 540)	high	dis	(645, 652)	N	dif	vert	up	True	1054515	1056107	up	1	4	46
9	yjq	f	22	1	70	circle	green	(565, 460)	low	no	no_dis	N	same	vert	up	True	1057161	1057972	up	1	4	47
9	yjq	f	22	1	70	circle	red	(724, 619)	low	dis	(757, 540)	Y	dif	vert	up	True	1059031	1060187	up	1	4	48
9	yjq	f	22	1	70	circle	red	(757, 540)	high	dis	(724, 619)	N	dif	hori	left	True	1061244	1062092	left	1	4	49
9	yjq	f	22	1	70	diamond	red	(757, 540)	high	no	no_dis	N	same	hori	left	True	1063184	1064923	left	1	4	50
9	yjq	f	22	1	70	diamond	green	(757, 540)	high	dis	(724, 619)	N	same	vert	up	True	1065984	1066803	up	1	4	51
9	yjq	f	22	1	70	diamond	red	(757, 540)	high	no	no_dis	N	same	vert	up	True	1067926	1069107	up	1	4	52
9	yjq	f	22	1	70	diamond	green	(757, 540)	high	dis	(645, 428)	N	same	hori	left	True	1070142	1071827	left	1	4	53
9	yjq	f	22	1	70	circle	red	(757, 540)	high	dis	(565, 619)	N	dif	vert	up	True	1072972	1074475	up	1	4	54
9	yjq	f	22	1	70	circle	red	(757, 540)	high	dis	(645, 652)	N	dif	vert	up	True	1075598	1076947	up	1	4	55
9	yjq	f	22	1	70	diamond	green	(757, 540)	high	dis	(645, 652)	N	same	vert	up	True	1077984	1079084	up	1	4	56
9	yjq	f	22	1	70	diamond	red	(757, 540)	high	dis	(565, 460)	N	dif	vert	up	True	1080317	1081652	up	1	4	57
9	yjq	f	22	1	70	diamond	red	(757, 540)	high	dis	(724, 619)	N	same	vert	up	True	1082749	1083548	up	1	4	58
9	yjq	f	22	1	70	diamond	red	(757, 540)	high	no	no_dis	N	dif	hori	left	True	1084662	1085412	left	1	4	59
9	yjq	f	22	1	70	circle	red	(565, 619)	low	dis	(757, 540)	Y	same	vert	up	True	1086505	1087915	up	1	4	60
9	yjq	f	22	1	70	circle	red	(645, 652)	low	no	no_dis	N	same	hori	left	True	1089024	1089899	left	1	4	61
9	yjq	f	22	1	70	diamond	green	(757, 540)	high	dis	(645, 652)	N	same	hori	left	True	1091086	1092243	left	1	4	62
9	yjq	f	22	1	70	diamond	green	(565, 619)	low	dis	(757, 540)	Y	same	hori	left	True	1093296	1094307	left	1	4	63
9	yjq	f	22	1	70	circle	red	(757, 540)	high	dis	(533, 540)	N	dif	hori	left	True	1095534	1096339	left	1	4	64
9	yjq	f	22	1	70	diamond	green	(757, 540)	high	no	no_dis	N	dif	vert	up	True	1097446	1098379	up	1	4	65
9	yjq	f	22	1	70	diamond	green	(565, 460)	low	dis	(757, 540)	Y	same	vert	up	True	1099593	1100515	up	1	4	66
9	yjq	f	22	1	70	diamond	red	(565, 619)	low	dis	(724, 619)	N	dif	hori	left	True	1101668	1102643	left	1	4	67
9	yjq	f	22	1	70	diamond	red	(757, 540)	high	dis	(724, 460)	N	same	vert	up	True	1103762	1105084	up	1	4	68
9	yjq	f	22	1	70	circle	green	(757, 540)	high	no	no_dis	N	dif	hori	left	True	1106210	1107331	left	1	4	69
9	yjq	f	22	1	70	diamond	red	(757, 540)	high	dis	(565, 619)	N	dif	hori	left	True	1108495	1109500	left	1	4	70
9	yjq	f	22	1	70	circle	red	(757, 540)	high	dis	(724, 460)	N	dif	vert	up	True	1110717	1111371	left	0	4	71
9	yjq	f	22	1	70	diamond	green	(757, 540)	high	dis	(565, 460)	N	same	vert	up	True	1114132	1115003	up	1	4	72
9	yjq	f	22	1	70	diamond	red	(757, 540)	high	no	no_dis	N	same	vert	up	True	1116058	1116803	up	1	4	73
9	yjq	f	22	1	70	diamond	red	(565, 460)	low	dis	(645, 652)	N	same	hori	left	True	1118024	1118819	left	1	4	74
9	yjq	f	22	1	70	circle	green	(757, 540)	high	no	no_dis	N	dif	hori	left	True	1119887	1121276	left	1	4	75
9	yjq	f	22	1	70	diamond	red	(645, 428)	low	dis	(533, 540)	N	same	hori	left	True	1122326	1123395	left	1	4	76
9	yjq	f	22	1	70	diamond	red	(757, 540)	high	dis	(724, 460)	N	same	hori	left	True	1124499	1125275	left	1	4	77
9	yjq	f	22	1	70	circle	red	(724, 460)	low	no	no_dis	N	same	hori	left	True	1126497	1127555	left	1	4	78
9	yjq	f	22	1	70	circle	green	(757, 540)	high	dis	(645, 652)	N	dif	vert	up	True	1128597	1130204	left	0	4	79
9	yjq	f	22	1	70	circle	red	(757, 540)	high	dis	(565, 460)	N	dif	hori	left	True	1132807	1133931	left	1	4	80
9	yjq	f	22	1	70	circle	green	(757, 540)	high	dis	(645, 428)	N	dif	hori	left	True	1135100	1136411	left	1	4	81
9	yjq	f	22	1	70	circle	red	(757, 540)	high	no	no_dis	N	same	vert	up	True	1137420	1138348	up	1	4	82
9	yjq	f	22	1	70	circle	green	(757, 540)	high	dis	(645, 428)	N	dif	hori	left	True	1139476	1140476	left	1	4	83
9	yjq	f	22	1	70	diamond	green	(757, 540)	high	dis	(724, 619)	N	dif	vert	up	True	1141657	1142732	up	1	4	84
9	yjq	f	22	1	70	circle	green	(645, 652)	low	dis	(757, 540)	Y	dif	hori	left	True	1143825	1145092	left	1	4	85
9	yjq	f	22	1	70	diamond	green	(724, 460)	low	no	no_dis	N	same	hori	left	True	1146303	1147131	left	1	4	86
9	yjq	f	22	1	70	circle	green	(645, 652)	low	no	no_dis	N	dif	hori	left	True	1148301	1149235	up	0	4	87
9	yjq	f	22	1	70	circle	green	(757, 540)	high	dis	(565, 460)	N	same	vert	up	True	1151854	1154235	up	1	4	88
9	yjq	f	22	1	70	diamond	green	(645, 428)	low	no	no_dis	N	dif	hori	left	True	1155348	1156163	left	1	4	89
9	yjq	f	22	1	70	circle	red	(724, 460)	low	dis	(757, 540)	Y	dif	hori	left	True	1157293	1158411	left	1	4	90
9	yjq	f	22	1	70	circle	red	(724, 619)	low	no	no_dis	N	dif	vert	up	True	1159414	1160523	up	1	4	91
9	yjq	f	22	1	70	diamond	green	(757, 540)	high	dis	(565, 619)	N	same	hori	left	True	1161712	1162891	left	1	4	92
9	yjq	f	22	1	70	diamond	green	(645, 652)	low	dis	(565, 460)	N	dif	hori	left	True	1164110	1165115	left	1	4	93
9	yjq	f	22	1	70	diamond	green	(757, 540)	high	dis	(565, 619)	N	dif	vert	up	True	1166182	1167323	up	1	4	94
9	yjq	f	22	1	70	diamond	green	(533, 540)	low	no	no_dis	N	same	vert	up	True	1168377	1169251	up	1	4	95
9	yjq	f	22	1	70	circle	green	(757, 540)	high	no	no_dis	N	dif	vert	up	True	1170405	1171539	up	1	4	96
9	yjq	f	22	1	70	diamond	red	(757, 540)	high	dis	(724, 460)	N	same	vert	up	True	1172721	1173995	up	1	4	97
9	yjq	f	22	1	70	circle	green	(757, 540)	high	dis	(645, 652)	N	dif	hori	left	True	1175212	1176140	left	1	4	98
9	yjq	f	22	1	70	diamond	red	(757, 540)	high	dis	(724, 619)	N	dif	hori	left	True	1177193	1178140	left	1	4	99
9	yjq	f	22	1	70	circle	red	(757, 540)	high	dis	(645, 652)	N	dif	hori	left	True	1179271	1180227	left	1	4	100
9	yjq	f	22	1	70	diamond	green	(757, 540)	high	dis	(645, 652)	N	dif	hori	left	True	1181304	1183355	left	1	4	101
9	yjq	f	22	1	70	diamond	green	(757, 540)	high	no	no_dis	N	dif	vert	up	True	1184535	1185459	up	1	4	102
9	yjq	f	22	1	70	circle	red	(757, 540)	high	dis	(533, 540)	N	dif	hori	left	True	1186628	1187763	left	1	4	103
9	yjq	f	22	1	70	diamond	green	(757, 540)	high	no	no_dis	N	dif	hori	left	True	1188814	1189828	left	1	4	104
9	yjq	f	22	1	70	circle	green	(757, 540)	high	dis	(565, 460)	N	same	vert	up	True	1191075	1192443	up	1	4	105
9	yjq	f	22	1	70	diamond	red	(757, 540)	high	dis	(533, 540)	N	dif	vert	up	True	1193629	1194403	up	1	4	106
9	yjq	f	22	1	70	circle	red	(757, 540)	high	dis	(565, 460)	N	dif	hori	left	True	1195624	1196723	left	1	4	107
9	yjq	f	22	1	70	circle	green	(757, 540)	high	no	no_dis	N	same	vert	up	True	1197754	1198532	up	1	4	108
9	yjq	f	22	1	70	diamond	green	(757, 540)	high	dis	(724, 619)	N	same	vert	up	True	1199610	1200548	up	1	4	109
9	yjq	f	22	1	70	circle	green	(565, 460)	low	dis	(757, 540)	Y	dif	vert	up	True	1201566	1202972	up	1	4	110
9	yjq	f	22	1	70	circle	green	(724, 460)	low	dis	(757, 540)	Y	same	vert	up	True	1204028	1204867	up	1	4	111
9	yjq	f	22	1	70	diamond	green	(757, 540)	high	dis	(645, 428)	N	dif	hori	left	True	1205983	1207003	left	1	4	112
9	yjq	f	22	1	70	diamond	red	(645, 428)	low	no	no_dis	N	dif	hori	left	True	1208199	1208932	left	1	4	113
9	yjq	f	22	1	70	diamond	red	(757, 540)	high	no	no_dis	N	same	hori	left	True	1210175	1210875	left	1	4	114
9	yjq	f	22	1	70	circle	green	(757, 540)	high	dis	(645, 428)	N	same	hori	left	True	1212071	1213083	up	0	4	115
9	yjq	f	22	1	70	circle	green	(757, 540)	high	dis	(645, 428)	N	same	vert	up	True	1215618	1216811	up	1	4	116
9	yjq	f	22	1	70	circle	green	(757, 540)	high	dis	(533, 540)	N	same	vert	up	True	1217919	1218931	up	1	4	117
9	yjq	f	22	1	70	diamond	green	(757, 540)	high	dis	(533, 540)	N	dif	vert	up	True	1219948	1220899	up	1	4	118
9	yjq	f	22	1	70	diamond	red	(757, 540)	high	dis	(565, 619)	N	same	hori	left	True	1221968	1223043	left	1	4	119
9	yjq	f	22	1	70	circle	red	(757, 540)	high	no	no_dis	N	same	vert	up	True	1224161	1225084	up	1	4	120
9	yjq	f	22	1	70	circle	green	(757, 540)	high	dis	(565, 460)	N	dif	hori	left	True	1262818	1263755	left	1	5	1
9	yjq	f	22	1	70	circle	green	(757, 540)	high	dis	(724, 619)	N	same	vert	up	True	1264943	1266139	up	1	5	2
9	yjq	f	22	1	70	circle	green	(757, 540)	high	dis	(724, 460)	N	dif	vert	up	True	1267144	1268227	up	1	5	3
9	yjq	f	22	1	70	circle	red	(757, 540)	high	dis	(724, 460)	N	dif	hori	left	True	1269432	1270708	left	1	5	4
9	yjq	f	22	1	70	circle	green	(645, 428)	low	dis	(533, 540)	N	dif	vert	up	True	1271742	1272572	up	1	5	5
9	yjq	f	22	1	70	diamond	green	(757, 540)	high	no	no_dis	N	same	vert	up	True	1273819	1274819	up	1	5	6
9	yjq	f	22	1	70	circle	red	(757, 540)	high	no	no_dis	N	dif	vert	up	True	1275992	1277091	up	1	5	7
9	yjq	f	22	1	70	circle	green	(645, 652)	low	dis	(757, 540)	Y	same	vert	up	True	1278291	1279499	up	1	5	8
9	yjq	f	22	1	70	circle	green	(757, 540)	high	dis	(565, 619)	N	dif	vert	up	True	1280518	1281347	up	1	5	9
9	yjq	f	22	1	70	circle	red	(757, 540)	high	no	no_dis	N	same	hori	left	True	1282369	1283587	left	1	5	10
9	yjq	f	22	1	70	circle	red	(757, 540)	high	no	no_dis	N	same	vert	up	True	1284788	1285835	up	1	5	11
9	yjq	f	22	1	70	diamond	green	(757, 540)	high	dis	(645, 428)	N	dif	hori	left	True	1287038	1288028	left	1	5	12
9	yjq	f	22	1	70	circle	red	(757, 540)	high	dis	(645, 652)	N	dif	hori	left	True	1289214	1289964	left	1	5	13
9	yjq	f	22	1	70	circle	red	(565, 619)	low	dis	(565, 460)	N	dif	vert	up	True	1291136	1291955	up	1	5	14
9	yjq	f	22	1	70	diamond	red	(565, 460)	low	dis	(724, 619)	N	dif	vert	up	True	1292988	1293843	up	1	5	15
9	yjq	f	22	1	70	diamond	red	(757, 540)	high	dis	(645, 652)	N	same	hori	left	True	1295034	1295900	left	1	5	16
9	yjq	f	22	1	70	diamond	red	(757, 540)	high	dis	(565, 460)	N	dif	hori	left	True	1297144	1297972	left	1	5	17
9	yjq	f	22	1	70	circle	green	(533, 540)	low	dis	(724, 460)	N	dif	vert	up	True	1299196	1300324	up	1	5	18
9	yjq	f	22	1	70	circle	red	(757, 540)	high	no	no_dis	N	same	hori	left	True	1301496	1302387	left	1	5	19
9	yjq	f	22	1	70	diamond	green	(724, 460)	low	dis	(757, 540)	Y	same	vert	up	True	1303607	1304572	up	1	5	20
9	yjq	f	22	1	70	circle	green	(757, 540)	high	no	no_dis	N	same	vert	up	True	1305575	1306492	up	1	5	21
9	yjq	f	22	1	70	circle	green	(757, 540)	high	no	no_dis	N	same	hori	left	True	1307568	1308459	left	1	5	22
9	yjq	f	22	1	70	circle	red	(645, 428)	low	no	no_dis	N	same	hori	left	True	1309650	1310364	left	1	5	23
9	yjq	f	22	1	70	circle	red	(757, 540)	high	dis	(533, 540)	N	same	hori	left	True	1311553	1312523	left	1	5	24
9	yjq	f	22	1	70	circle	red	(757, 540)	high	dis	(724, 460)	N	dif	hori	left	True	1313717	1314548	left	1	5	25
9	yjq	f	22	1	70	circle	red	(645, 652)	low	dis	(645, 428)	N	same	vert	up	True	1315780	1316604	up	1	5	26
9	yjq	f	22	1	70	circle	green	(757, 540)	high	dis	(724, 619)	N	dif	vert	up	True	1317718	1318644	up	1	5	27
9	yjq	f	22	1	70	circle	green	(757, 540)	high	dis	(645, 652)	N	dif	vert	up	True	1319685	1320643	up	1	5	28
9	yjq	f	22	1	70	circle	red	(645, 428)	low	dis	(757, 540)	Y	same	hori	left	True	1321867	1322667	left	1	5	29
9	yjq	f	22	1	70	diamond	green	(757, 540)	high	dis	(645, 428)	N	dif	vert	up	True	1323874	1325051	up	1	5	30
9	yjq	f	22	1	70	circle	green	(757, 540)	high	no	no_dis	N	same	hori	left	True	1326076	1326851	left	1	5	31
9	yjq	f	22	1	70	circle	green	(757, 540)	high	no	no_dis	N	dif	hori	left	True	1327921	1328764	left	1	5	32
9	yjq	f	22	1	70	circle	green	(757, 540)	high	dis	(533, 540)	N	same	hori	left	True	1329859	1330524	left	1	5	33
9	yjq	f	22	1	70	circle	green	(565, 460)	low	dis	(724, 460)	N	same	vert	up	True	1331526	1332315	up	1	5	34
9	yjq	f	22	1	70	diamond	green	(757, 540)	high	dis	(645, 652)	N	same	vert	up	True	1333485	1334620	up	1	5	35
9	yjq	f	22	1	70	diamond	red	(757, 540)	high	no	no_dis	N	dif	hori	left	True	1335799	1336787	left	1	5	36
9	yjq	f	22	1	70	circle	green	(757, 540)	high	no	no_dis	N	same	hori	left	True	1338017	1339372	left	1	5	37
9	yjq	f	22	1	70	circle	red	(565, 460)	low	dis	(533, 540)	N	dif	hori	left	True	1340514	1341507	left	1	5	38
9	yjq	f	22	1	70	diamond	red	(724, 460)	low	no	no_dis	N	dif	hori	left	True	1342632	1343516	left	1	5	39
9	yjq	f	22	1	70	diamond	red	(757, 540)	high	dis	(724, 619)	N	dif	hori	left	True	1344654	1345612	left	1	5	40
9	yjq	f	22	1	70	diamond	red	(757, 540)	high	dis	(645, 652)	N	dif	hori	left	True	1346778	1347547	left	1	5	41
9	yjq	f	22	1	70	circle	green	(757, 540)	high	dis	(533, 540)	N	same	vert	up	True	1348739	1349828	up	1	5	42
9	yjq	f	22	1	70	diamond	green	(724, 460)	low	no	no_dis	N	dif	hori	left	True	1350830	1351643	left	1	5	43
9	yjq	f	22	1	70	circle	red	(724, 619)	low	dis	(757, 540)	Y	same	hori	left	True	1352773	1354116	left	1	5	44
9	yjq	f	22	1	70	diamond	red	(724, 619)	low	dis	(757, 540)	Y	dif	hori	left	True	1355173	1356195	left	1	5	45
9	yjq	f	22	1	70	diamond	red	(757, 540)	high	dis	(645, 428)	N	same	vert	up	True	1357238	1358068	up	1	5	46
9	yjq	f	22	1	70	diamond	green	(757, 540)	high	dis	(724, 460)	N	dif	vert	up	True	1359107	1359755	up	1	5	47
9	yjq	f	22	1	70	circle	red	(757, 540)	high	dis	(645, 428)	N	same	vert	up	True	1360892	1362019	up	1	5	48
9	yjq	f	22	1	70	diamond	red	(757, 540)	high	dis	(533, 540)	N	same	hori	left	True	1363228	1364052	left	1	5	49
9	yjq	f	22	1	70	circle	green	(757, 540)	high	dis	(724, 619)	N	dif	hori	left	True	1365285	1366540	left	1	5	50
9	yjq	f	22	1	70	diamond	red	(645, 652)	low	no	no_dis	N	dif	vert	up	True	1367665	1368548	up	1	5	51
9	yjq	f	22	1	70	diamond	green	(645, 428)	low	dis	(757, 540)	Y	same	vert	up	True	1369655	1370707	up	1	5	52
9	yjq	f	22	1	70	diamond	red	(757, 540)	high	dis	(724, 460)	N	same	hori	left	True	1371895	1372691	left	1	5	53
9	yjq	f	22	1	70	diamond	green	(757, 540)	high	dis	(645, 428)	N	dif	vert	up	True	1373811	1375123	up	1	5	54
9	yjq	f	22	1	70	diamond	green	(757, 540)	high	dis	(645, 428)	N	same	hori	left	True	1376354	1377123	left	1	5	55
9	yjq	f	22	1	70	diamond	green	(757, 540)	high	dis	(533, 540)	N	dif	hori	left	True	1378254	1379228	left	1	5	56
9	yjq	f	22	1	70	circle	red	(724, 619)	low	no	no_dis	N	same	vert	up	True	1380370	1382212	up	1	5	57
9	yjq	f	22	1	70	diamond	green	(757, 540)	high	no	no_dis	N	dif	vert	up	True	1383404	1384364	up	1	5	58
9	yjq	f	22	1	70	circle	green	(757, 540)	high	dis	(724, 619)	N	same	hori	left	True	1385478	1386980	left	1	5	59
9	yjq	f	22	1	70	circle	green	(757, 540)	high	dis	(565, 619)	N	same	vert	up	True	1388080	1388860	up	1	5	60
9	yjq	f	22	1	70	diamond	green	(757, 540)	high	no	no_dis	N	dif	vert	up	True	1390064	1390844	up	1	5	61
9	yjq	f	22	1	70	diamond	green	(757, 540)	high	no	no_dis	N	dif	vert	up	True	1391911	1392739	up	1	5	62
9	yjq	f	22	1	70	diamond	green	(757, 540)	high	dis	(533, 540)	N	same	vert	up	True	1393752	1394508	up	1	5	63
9	yjq	f	22	1	70	diamond	red	(757, 540)	high	no	no_dis	N	same	vert	up	True	1395698	1396379	up	1	5	64
9	yjq	f	22	1	70	diamond	red	(757, 540)	high	no	no_dis	N	dif	hori	left	True	1397485	1398291	left	1	5	65
9	yjq	f	22	1	70	circle	red	(757, 540)	high	dis	(565, 619)	N	dif	vert	up	True	1399533	1400228	up	1	5	66
9	yjq	f	22	1	70	circle	red	(757, 540)	high	dis	(645, 428)	N	dif	vert	up	True	1401374	1402427	up	1	5	67
9	yjq	f	22	1	70	circle	green	(724, 619)	low	dis	(565, 619)	N	same	vert	up	True	1403634	1404659	up	1	5	68
9	yjq	f	22	1	70	diamond	red	(757, 540)	high	no	no_dis	N	dif	vert	up	True	1405723	1406516	up	1	5	69
9	yjq	f	22	1	70	diamond	red	(757, 540)	high	dis	(565, 460)	N	same	vert	up	True	1407620	1408643	up	1	5	70
9	yjq	f	22	1	70	diamond	red	(757, 540)	high	dis	(565, 460)	N	dif	hori	left	True	1409876	1410500	left	1	5	71
9	yjq	f	22	1	70	circle	red	(757, 540)	high	dis	(565, 460)	N	same	hori	left	True	1411684	1413339	left	1	5	72
9	yjq	f	22	1	70	diamond	red	(757, 540)	high	no	no_dis	N	same	vert	up	True	1414387	1415092	up	1	5	73
9	yjq	f	22	1	70	diamond	red	(757, 540)	high	dis	(565, 619)	N	dif	hori	left	True	1416326	1417092	left	1	5	74
9	yjq	f	22	1	70	diamond	green	(533, 540)	low	dis	(565, 619)	N	same	hori	left	True	1418191	1419147	left	1	5	75
9	yjq	f	22	1	70	circle	green	(565, 619)	low	no	no_dis	N	dif	hori	left	True	1420152	1421580	left	1	5	76
9	yjq	f	22	1	70	diamond	green	(565, 460)	low	dis	(645, 652)	N	dif	vert	up	True	1422677	1423563	up	1	5	77
9	yjq	f	22	1	70	circle	green	(757, 540)	high	no	no_dis	N	dif	vert	up	True	1424814	1425492	up	1	5	78
9	yjq	f	22	1	70	circle	green	(757, 540)	high	dis	(724, 619)	N	dif	vert	up	True	1426726	1428315	up	1	5	79
9	yjq	f	22	1	70	diamond	red	(565, 619)	low	dis	(757, 540)	Y	dif	hori	left	True	1429366	1430316	left	1	5	80
9	yjq	f	22	1	70	circle	red	(757, 540)	high	dis	(724, 460)	N	same	vert	up	True	1431552	1432555	up	1	5	81
9	yjq	f	22	1	70	circle	green	(565, 460)	low	no	no_dis	N	same	vert	up	True	1433798	1434620	up	1	5	82
9	yjq	f	22	1	70	diamond	red	(757, 540)	high	dis	(565, 460)	N	same	vert	up	True	1435855	1436971	up	1	5	83
9	yjq	f	22	1	70	diamond	red	(645, 428)	low	dis	(757, 540)	Y	same	hori	left	True	1438014	1438987	left	1	5	84
9	yjq	f	22	1	70	diamond	green	(645, 652)	low	dis	(645, 428)	N	dif	hori	left	True	1440181	1441068	left	1	5	85
9	yjq	f	22	1	70	circle	red	(757, 540)	high	no	no_dis	N	same	hori	left	True	1442139	1443284	left	1	5	86
9	yjq	f	22	1	70	diamond	green	(757, 540)	high	no	no_dis	N	same	hori	left	True	1444504	1445356	left	1	5	87
9	yjq	f	22	1	70	diamond	green	(757, 540)	high	dis	(724, 460)	N	same	vert	up	True	1446577	1447452	up	1	5	88
9	yjq	f	22	1	70	diamond	red	(533, 540)	low	no	no_dis	N	same	vert	up	True	1448464	1449283	up	1	5	89
9	yjq	f	22	1	70	diamond	green	(645, 652)	low	no	no_dis	N	dif	vert	up	True	1450364	1451195	up	1	5	90
9	yjq	f	22	1	70	diamond	green	(757, 540)	high	dis	(724, 460)	N	same	vert	up	True	1452393	1453219	up	1	5	91
9	yjq	f	22	1	70	diamond	red	(757, 540)	high	dis	(565, 619)	N	same	hori	left	True	1454375	1455179	left	1	5	92
9	yjq	f	22	1	70	diamond	green	(757, 540)	high	no	no_dis	N	same	vert	up	True	1456285	1456972	up	1	5	93
9	yjq	f	22	1	70	circle	red	(757, 540)	high	dis	(645, 652)	N	same	hori	left	True	1458038	1459092	left	1	5	94
9	yjq	f	22	1	70	circle	red	(757, 540)	high	dis	(565, 619)	N	same	hori	left	True	1460228	1461021	left	1	5	95
9	yjq	f	22	1	70	diamond	red	(757, 540)	high	dis	(565, 460)	N	dif	vert	up	True	1462219	1463267	up	1	5	96
9	yjq	f	22	1	70	circle	red	(757, 540)	high	dis	(565, 460)	N	dif	vert	up	True	1464416	1465843	up	1	5	97
9	yjq	f	22	1	70	circle	red	(757, 540)	high	no	no_dis	N	dif	hori	left	True	1467082	1468204	left	1	5	98
9	yjq	f	22	1	70	circle	red	(757, 540)	high	dis	(645, 428)	N	same	hori	left	True	1469428	1470379	left	1	5	99
9	yjq	f	22	1	70	diamond	green	(757, 540)	high	dis	(533, 540)	N	same	hori	left	True	1471571	1472436	left	1	5	100
9	yjq	f	22	1	70	circle	green	(757, 540)	high	dis	(724, 619)	N	same	vert	up	True	1473515	1474204	up	1	5	101
9	yjq	f	22	1	70	diamond	red	(724, 460)	low	dis	(565, 460)	N	same	hori	left	True	1475244	1476380	left	1	5	102
9	yjq	f	22	1	70	circle	green	(757, 540)	high	no	no_dis	N	same	vert	up	True	1477565	1478547	up	1	5	103
9	yjq	f	22	1	70	diamond	green	(757, 540)	high	dis	(724, 619)	N	dif	hori	left	True	1479624	1480259	left	1	5	104
9	yjq	f	22	1	70	diamond	green	(757, 540)	high	no	no_dis	N	dif	hori	left	True	1481494	1482156	left	1	5	105
9	yjq	f	22	1	70	circle	red	(757, 540)	high	dis	(533, 540)	N	same	hori	left	True	1483339	1485220	left	1	5	106
9	yjq	f	22	1	70	circle	red	(533, 540)	low	no	no_dis	N	dif	vert	up	True	1486427	1487460	up	1	5	107
9	yjq	f	22	1	70	diamond	green	(757, 540)	high	dis	(565, 619)	N	same	vert	up	True	1488553	1489299	up	1	5	108
9	yjq	f	22	1	70	diamond	red	(757, 540)	high	dis	(645, 652)	N	dif	vert	up	True	1490531	1491195	up	1	5	109
9	yjq	f	22	1	70	circle	green	(757, 540)	high	dis	(565, 619)	N	dif	hori	left	True	1492407	1494124	left	1	5	110
9	yjq	f	22	1	70	diamond	green	(757, 540)	high	dis	(645, 652)	N	dif	vert	up	True	1495346	1496091	up	1	5	111
9	yjq	f	22	1	70	circle	green	(565, 460)	low	no	no_dis	N	same	hori	left	True	1497257	1498187	left	1	5	112
9	yjq	f	22	1	70	diamond	green	(565, 619)	low	dis	(757, 540)	Y	dif	hori	left	True	1499274	1500203	left	1	5	113
9	yjq	f	22	1	70	circle	red	(757, 540)	high	no	no_dis	N	dif	vert	up	True	1501312	1502340	up	1	5	114
9	yjq	f	22	1	70	diamond	red	(533, 540)	low	dis	(724, 619)	N	dif	hori	left	True	1503521	1504307	left	1	5	115
9	yjq	f	22	1	70	diamond	red	(757, 540)	high	no	no_dis	N	dif	hori	left	True	1505556	1506171	left	1	5	116
9	yjq	f	22	1	70	circle	green	(724, 460)	low	dis	(757, 540)	Y	dif	vert	up	True	1507383	1508707	left	0	5	117
9	yjq	f	22	1	70	diamond	green	(565, 619)	low	no	no_dis	N	same	hori	left	True	1511315	1512636	left	1	5	118
9	yjq	f	22	1	70	circle	red	(724, 460)	low	dis	(645, 652)	N	same	hori	left	True	1513776	1514972	left	1	5	119
9	yjq	f	22	1	70	diamond	red	(757, 540)	high	no	no_dis	N	dif	hori	left	True	1516172	1516899	left	1	5	120
9	yjq	f	22	1	70	diamond	green	(645, 652)	low	dis	(757, 540)	Y	dif	hori	left	True	1550578	1551436	left	1	6	1
9	yjq	f	22	1	70	circle	green	(724, 460)	low	dis	(757, 540)	Y	dif	vert	up	True	1552585	1553947	up	1	6	2
9	yjq	f	22	1	70	diamond	red	(645, 428)	low	dis	(565, 619)	N	same	vert	up	True	1554954	1556539	up	1	6	3
9	yjq	f	22	1	70	circle	red	(565, 460)	low	dis	(757, 540)	Y	same	hori	left	True	1557728	1558588	left	1	6	4
9	yjq	f	22	1	70	diamond	red	(757, 540)	high	dis	(645, 428)	N	same	hori	left	True	1559719	1560452	left	1	6	5
9	yjq	f	22	1	70	diamond	red	(757, 540)	high	dis	(724, 460)	N	same	hori	left	True	1561482	1562388	left	1	6	6
9	yjq	f	22	1	70	circle	red	(757, 540)	high	dis	(533, 540)	N	dif	hori	left	True	1563525	1564252	left	1	6	7
9	yjq	f	22	1	70	circle	red	(757, 540)	high	dis	(724, 619)	N	same	vert	up	True	1565330	1566435	up	1	6	8
9	yjq	f	22	1	70	diamond	red	(757, 540)	high	dis	(645, 428)	N	same	hori	left	True	1567522	1568308	left	1	6	9
9	yjq	f	22	1	70	circle	green	(757, 540)	high	no	no_dis	N	same	vert	up	True	1569515	1570316	up	1	6	10
9	yjq	f	22	1	70	circle	green	(757, 540)	high	dis	(533, 540)	N	same	vert	up	True	1571422	1572187	up	1	6	11
9	yjq	f	22	1	70	circle	red	(645, 428)	low	dis	(645, 652)	N	dif	hori	left	True	1573339	1574268	left	1	6	12
9	yjq	f	22	1	70	diamond	green	(533, 540)	low	dis	(724, 619)	N	dif	hori	left	True	1575466	1576187	left	1	6	13
9	yjq	f	22	1	70	diamond	red	(757, 540)	high	dis	(724, 460)	N	dif	hori	left	True	1577204	1578180	left	1	6	14
9	yjq	f	22	1	70	circle	red	(757, 540)	high	no	no_dis	N	dif	vert	up	True	1579229	1579956	up	1	6	15
9	yjq	f	22	1	70	circle	red	(757, 540)	high	dis	(565, 460)	N	same	vert	up	True	1581159	1581964	up	1	6	16
9	yjq	f	22	1	70	diamond	red	(757, 540)	high	dis	(565, 460)	N	dif	vert	up	True	1582987	1583611	up	1	6	17
9	yjq	f	22	1	70	diamond	green	(565, 460)	low	dis	(724, 460)	N	dif	vert	up	True	1584709	1586172	up	1	6	18
9	yjq	f	22	1	70	diamond	green	(757, 540)	high	no	no_dis	N	dif	hori	left	True	1587234	1587915	left	1	6	19
9	yjq	f	22	1	70	circle	red	(724, 619)	low	dis	(757, 540)	Y	dif	hori	left	True	1589141	1590292	left	1	6	20
9	yjq	f	22	1	70	diamond	red	(724, 460)	low	dis	(533, 540)	N	same	vert	up	True	1591540	1592619	up	1	6	21
9	yjq	f	22	1	70	circle	green	(757, 540)	high	dis	(565, 460)	N	dif	vert	up	True	1593690	1594708	up	1	6	22
9	yjq	f	22	1	70	diamond	red	(757, 540)	high	dis	(724, 619)	N	dif	vert	up	True	1595959	1597612	up	1	6	23
9	yjq	f	22	1	70	diamond	red	(757, 540)	high	no	no_dis	N	same	hori	left	True	1598660	1599827	left	1	6	24
9	yjq	f	22	1	70	diamond	red	(724, 619)	low	dis	(724, 460)	N	same	hori	left	True	1601001	1602020	left	1	6	25
9	yjq	f	22	1	70	circle	green	(757, 540)	high	dis	(533, 540)	N	same	vert	up	True	1603202	1603835	up	1	6	26
9	yjq	f	22	1	70	circle	green	(645, 428)	low	dis	(757, 540)	Y	dif	vert	up	True	1605014	1606516	up	1	6	27
9	yjq	f	22	1	70	diamond	green	(757, 540)	high	no	no_dis	N	same	vert	up	True	1607710	1608348	up	1	6	28
9	yjq	f	22	1	70	circle	green	(757, 540)	high	dis	(565, 619)	N	dif	hori	left	True	1609519	1610771	left	1	6	29
9	yjq	f	22	1	70	diamond	red	(757, 540)	high	no	no_dis	N	same	vert	up	True	1611820	1612499	up	1	6	30
9	yjq	f	22	1	70	diamond	red	(757, 540)	high	dis	(565, 460)	N	dif	hori	left	True	1613555	1614196	left	1	6	31
9	yjq	f	22	1	70	diamond	green	(757, 540)	high	dis	(645, 428)	N	dif	hori	left	True	1615203	1615891	left	1	6	32
9	yjq	f	22	1	70	diamond	green	(757, 540)	high	dis	(565, 619)	N	same	hori	left	True	1617078	1617780	left	1	6	33
9	yjq	f	22	1	70	circle	red	(757, 540)	high	no	no_dis	N	dif	hori	left	True	1618922	1619827	left	1	6	34
9	yjq	f	22	1	70	diamond	red	(757, 540)	high	dis	(645, 652)	N	dif	hori	left	True	1620880	1621523	left	1	6	35
9	yjq	f	22	1	70	diamond	red	(565, 619)	low	dis	(757, 540)	Y	dif	hori	left	True	1622602	1623531	left	1	6	36
9	yjq	f	22	1	70	circle	red	(757, 540)	high	no	no_dis	N	dif	hori	left	True	1624740	1625484	left	1	6	37
9	yjq	f	22	1	70	diamond	red	(757, 540)	high	dis	(645, 652)	N	dif	vert	up	True	1626577	1627139	up	1	6	38
9	yjq	f	22	1	70	circle	green	(724, 619)	low	dis	(533, 540)	N	same	vert	up	True	1628286	1629315	up	1	6	39
9	yjq	f	22	1	70	circle	green	(757, 540)	high	dis	(724, 619)	N	same	hori	left	True	1630360	1631084	left	1	6	40
9	yjq	f	22	1	70	diamond	green	(757, 540)	high	dis	(724, 619)	N	dif	vert	up	True	1632105	1632804	up	1	6	41
9	yjq	f	22	1	70	diamond	red	(757, 540)	high	no	no_dis	N	same	hori	left	True	1633997	1634524	left	1	6	42
9	yjq	f	22	1	70	diamond	red	(757, 540)	high	dis	(724, 460)	N	same	vert	up	True	1635552	1636195	up	1	6	43
9	yjq	f	22	1	70	circle	red	(757, 540)	high	no	no_dis	N	same	vert	up	True	1637290	1637867	up	1	6	44
9	yjq	f	22	1	70	circle	red	(533, 540)	low	no	no_dis	N	dif	hori	left	True	1639096	1639716	left	1	6	45
9	yjq	f	22	1	70	circle	red	(757, 540)	high	dis	(565, 460)	N	same	vert	up	True	1640844	1641475	up	1	6	46
9	yjq	f	22	1	70	circle	green	(757, 540)	high	dis	(724, 619)	N	same	hori	left	True	1642652	1643148	left	1	6	47
9	yjq	f	22	1	70	diamond	green	(757, 540)	high	dis	(724, 460)	N	same	hori	left	True	1644358	1645203	left	1	6	48
9	yjq	f	22	1	70	diamond	green	(757, 540)	high	dis	(565, 619)	N	same	hori	left	True	1646251	1647260	left	1	6	49
9	yjq	f	22	1	70	circle	red	(757, 540)	high	no	no_dis	N	same	vert	up	True	1648329	1648891	up	1	6	50
9	yjq	f	22	1	70	circle	green	(757, 540)	high	dis	(533, 540)	N	same	vert	up	True	1650048	1650555	up	1	6	51
9	yjq	f	22	1	70	diamond	red	(724, 460)	low	no	no_dis	N	dif	vert	up	True	1651771	1652603	up	1	6	52
9	yjq	f	22	1	70	diamond	green	(533, 540)	low	no	no_dis	N	dif	hori	left	True	1653757	1654428	left	1	6	53
9	yjq	f	22	1	70	diamond	green	(645, 652)	low	no	no_dis	N	same	vert	up	True	1655516	1656564	up	1	6	54
9	yjq	f	22	1	70	diamond	red	(533, 540)	low	dis	(565, 460)	N	dif	hori	left	True	1657760	1658739	left	1	6	55
9	yjq	f	22	1	70	circle	green	(757, 540)	high	no	no_dis	N	dif	hori	left	True	1659971	1660835	left	1	6	56
9	yjq	f	22	1	70	circle	green	(757, 540)	high	no	no_dis	N	dif	hori	left	True	1661849	1662692	left	1	6	57
9	yjq	f	22	1	70	diamond	green	(757, 540)	high	no	no_dis	N	same	vert	up	True	1663853	1664988	up	1	6	58
9	yjq	f	22	1	70	circle	red	(645, 652)	low	dis	(757, 540)	Y	same	vert	up	True	1666018	1667427	up	1	6	59
9	yjq	f	22	1	70	diamond	green	(757, 540)	high	dis	(645, 652)	N	same	hori	left	True	1668517	1669683	left	1	6	60
9	yjq	f	22	1	70	diamond	green	(757, 540)	high	dis	(645, 652)	N	same	vert	up	True	1670751	1671540	up	1	6	61
9	yjq	f	22	1	70	circle	green	(757, 540)	high	dis	(645, 428)	N	same	hori	left	True	1672596	1674196	left	1	6	62
9	yjq	f	22	1	70	circle	green	(565, 460)	low	dis	(565, 619)	N	dif	vert	up	True	1675246	1676300	up	1	6	63
9	yjq	f	22	1	70	diamond	red	(724, 619)	low	no	no_dis	N	dif	vert	up	True	1677405	1678523	up	1	6	64
9	yjq	f	22	1	70	diamond	green	(757, 540)	high	dis	(533, 540)	N	dif	hori	left	True	1679534	1680451	left	1	6	65
9	yjq	f	22	1	70	circle	green	(757, 540)	high	dis	(645, 428)	N	same	hori	left	True	1681608	1682555	left	1	6	66
9	yjq	f	22	1	70	diamond	green	(724, 460)	low	dis	(757, 540)	Y	same	hori	left	True	1683594	1684604	left	1	6	67
9	yjq	f	22	1	70	circle	red	(757, 540)	high	dis	(565, 619)	N	same	hori	left	True	1685811	1686940	left	1	6	68
9	yjq	f	22	1	70	diamond	red	(565, 460)	low	dis	(757, 540)	Y	same	vert	up	True	1688165	1689172	up	1	6	69
9	yjq	f	22	1	70	circle	red	(757, 540)	high	dis	(724, 619)	N	dif	hori	left	True	1690184	1691028	left	1	6	70
9	yjq	f	22	1	70	circle	red	(757, 540)	high	dis	(645, 428)	N	dif	vert	up	True	1692111	1693091	up	1	6	71
9	yjq	f	22	1	70	circle	red	(757, 540)	high	dis	(645, 652)	N	dif	vert	up	True	1694207	1695476	up	1	6	72
9	yjq	f	22	1	70	circle	green	(757, 540)	high	no	no_dis	N	dif	hori	left	True	1696568	1697555	left	1	6	73
9	yjq	f	22	1	70	diamond	green	(565, 619)	low	dis	(757, 540)	Y	dif	vert	up	True	1698558	1699444	up	1	6	74
9	yjq	f	22	1	70	circle	green	(645, 652)	low	no	no_dis	N	same	vert	up	True	1700678	1702043	up	1	6	75
9	yjq	f	22	1	70	diamond	green	(757, 540)	high	dis	(565, 460)	N	dif	vert	up	True	1703144	1704236	up	1	6	76
9	yjq	f	22	1	70	diamond	red	(757, 540)	high	dis	(533, 540)	N	dif	vert	up	True	1705458	1706316	up	1	6	77
9	yjq	f	22	1	70	circle	red	(757, 540)	high	dis	(724, 460)	N	dif	vert	up	True	1707442	1708243	left	0	6	78
9	yjq	f	22	1	70	circle	green	(757, 540)	high	dis	(645, 428)	N	dif	hori	left	True	1710816	1711899	left	1	6	79
9	yjq	f	22	1	70	diamond	green	(645, 428)	low	no	no_dis	N	dif	hori	left	True	1713077	1713876	left	1	6	80
9	yjq	f	22	1	70	diamond	red	(757, 540)	high	dis	(645, 652)	N	dif	hori	left	True	1714975	1715899	left	1	6	81
9	yjq	f	22	1	70	circle	red	(757, 540)	high	no	no_dis	N	dif	vert	up	True	1716982	1718131	up	1	6	82
9	yjq	f	22	1	70	circle	red	(565, 460)	low	no	no_dis	N	same	hori	left	True	1719146	1720052	left	1	6	83
9	yjq	f	22	1	70	diamond	green	(757, 540)	high	no	no_dis	N	dif	vert	up	True	1721086	1721779	up	1	6	84
9	yjq	f	22	1	70	diamond	green	(757, 540)	high	no	no_dis	N	dif	vert	up	True	1722923	1723723	up	1	6	85
9	yjq	f	22	1	70	circle	red	(724, 460)	low	dis	(645, 652)	N	same	hori	left	True	1724968	1726220	left	1	6	86
9	yjq	f	22	1	70	diamond	red	(757, 540)	high	no	no_dis	N	same	vert	up	True	1727321	1728243	up	1	6	87
9	yjq	f	22	1	70	circle	red	(565, 619)	low	dis	(645, 428)	N	same	vert	up	True	1729257	1730363	up	1	6	88
9	yjq	f	22	1	70	circle	red	(757, 540)	high	dis	(565, 619)	N	same	vert	up	True	1731533	1732875	up	1	6	89
9	yjq	f	22	1	70	circle	green	(757, 540)	high	dis	(565, 619)	N	dif	hori	left	True	1734045	1735179	left	1	6	90
9	yjq	f	22	1	70	circle	green	(757, 540)	high	no	no_dis	N	dif	vert	up	True	1736340	1737228	up	1	6	91
9	yjq	f	22	1	70	circle	green	(757, 540)	high	dis	(724, 460)	N	same	vert	up	True	1738456	1739235	up	1	6	92
9	yjq	f	22	1	70	circle	red	(757, 540)	high	dis	(645, 652)	N	dif	vert	up	True	1740355	1741148	up	1	6	93
9	yjq	f	22	1	70	circle	green	(757, 540)	high	dis	(533, 540)	N	same	vert	up	True	1742156	1743052	up	1	6	94
9	yjq	f	22	1	70	circle	green	(533, 540)	low	dis	(565, 460)	N	dif	vert	up	True	1744144	1745419	up	1	6	95
9	yjq	f	22	1	70	circle	green	(757, 540)	high	no	no_dis	N	dif	hori	left	True	1746564	1747476	left	1	6	96
9	yjq	f	22	1	70	diamond	green	(645, 428)	low	dis	(724, 619)	N	same	hori	left	True	1748586	1749627	left	1	6	97
9	yjq	f	22	1	70	circle	red	(757, 540)	high	dis	(565, 619)	N	same	hori	left	True	1750767	1751892	left	1	6	98
9	yjq	f	22	1	70	diamond	green	(757, 540)	high	dis	(645, 652)	N	dif	vert	up	True	1753054	1754332	up	1	6	99
9	yjq	f	22	1	70	diamond	green	(757, 540)	high	dis	(724, 619)	N	same	vert	up	True	1755436	1756596	up	1	6	100
9	yjq	f	22	1	70	circle	green	(645, 428)	low	no	no_dis	N	dif	vert	up	True	1757660	1758643	up	1	6	101
9	yjq	f	22	1	70	circle	green	(757, 540)	high	dis	(565, 460)	N	same	hori	left	True	1759838	1760644	left	1	6	102
9	yjq	f	22	1	70	circle	green	(565, 460)	low	no	no_dis	N	same	hori	left	True	1761844	1762964	left	1	6	103
9	yjq	f	22	1	70	diamond	green	(757, 540)	high	no	no_dis	N	dif	vert	up	True	1764135	1765011	up	1	6	104
9	yjq	f	22	1	70	diamond	green	(757, 540)	high	dis	(533, 540)	N	same	vert	up	True	1766106	1766820	up	1	6	105
9	yjq	f	22	1	70	circle	red	(757, 540)	high	no	no_dis	N	same	hori	left	True	1767996	1768579	left	1	6	106
9	yjq	f	22	1	70	diamond	red	(757, 540)	high	no	no_dis	N	same	hori	left	True	1769729	1770428	left	1	6	107
9	yjq	f	22	1	70	diamond	green	(757, 540)	high	dis	(645, 428)	N	dif	vert	up	True	1771678	1772548	up	1	6	108
9	yjq	f	22	1	70	diamond	red	(757, 540)	high	dis	(724, 460)	N	dif	vert	up	True	1773608	1774236	up	1	6	109
9	yjq	f	22	1	70	diamond	red	(757, 540)	high	dis	(724, 460)	N	same	vert	up	True	1775275	1775915	up	1	6	110
9	yjq	f	22	1	70	circle	red	(724, 460)	low	no	no_dis	N	same	hori	left	True	1776975	1777627	up	0	6	111
9	yjq	f	22	1	70	diamond	green	(757, 540)	high	no	no_dis	N	same	hori	left	True	1780291	1781059	left	1	6	112
9	yjq	f	22	1	70	circle	green	(645, 652)	low	dis	(645, 428)	N	same	hori	left	True	1782229	1783011	up	0	6	113
9	yjq	f	22	1	70	circle	red	(757, 540)	high	dis	(565, 460)	N	dif	hori	left	True	1785685	1786723	left	1	6	114
9	yjq	f	22	1	70	diamond	red	(565, 619)	low	no	no_dis	N	same	vert	up	True	1787761	1788675	up	1	6	115
9	yjq	f	22	1	70	diamond	red	(757, 540)	high	no	no_dis	N	same	hori	left	True	1789863	1790812	left	1	6	116
9	yjq	f	22	1	70	circle	red	(757, 540)	high	dis	(565, 619)	N	dif	hori	left	True	1792043	1793116	left	1	6	117
9	yjq	f	22	1	70	diamond	green	(757, 540)	high	dis	(724, 619)	N	dif	hori	left	True	1794188	1794803	left	1	6	118
9	yjq	f	22	1	70	circle	green	(757, 540)	high	no	no_dis	N	same	hori	left	True	1795885	1796708	left	1	6	119
9	yjq	f	22	1	70	diamond	red	(757, 540)	high	no	no_dis	N	dif	vert	up	True	1797837	1798516	up	1	6	120
conf	9	yjq	f	22	1	70	True	1834676	1840452	1	True	1840461	1845820	1
