subj	name	gender	age	prac	group	shape	color	tar_loc	popularity	dis_cond	dis_loc	dis_high	td_dif	line	respkey	gotkey	startTime	respTime	resp	correct	block	trialnum
10	wpr	f	20	1	40	circle	green	(565, 460)	low	dis	(645, 652)	N	same	vert	up	True	13067	14230	up	1	1	1
10	wpr	f	20	1	40	circle	green	(565, 619)	low	no	no_dis	N	same	vert	up	True	15255	16310	up	1	1	2
10	wpr	f	20	1	40	diamond	green	(724, 460)	high	no	no_dis	N	dif	hori	left	True	17385	18414	left	1	1	3
10	wpr	f	20	1	40	diamond	green	(724, 619)	low	dis	(645, 428)	N	dif	vert	up	True	19668	21150	up	1	1	4
10	wpr	f	20	1	40	diamond	green	(645, 428)	low	dis	(724, 619)	N	same	hori	left	True	22359	23278	left	1	1	5
10	wpr	f	20	1	40	circle	green	(724, 460)	high	dis	(533, 540)	N	dif	hori	left	True	24449	25454	left	1	1	6
10	wpr	f	20	1	40	diamond	green	(757, 540)	low	no	no_dis	N	same	vert	up	True	26591	27557	up	1	1	7
10	wpr	f	20	1	40	circle	green	(757, 540)	low	dis	(565, 619)	N	dif	hori	left	True	28676	29878	left	1	1	8
10	wpr	f	20	1	40	diamond	green	(724, 460)	high	dis	(533, 540)	N	dif	hori	left	True	30903	31894	left	1	1	9
10	wpr	f	20	1	40	circle	red	(533, 540)	low	no	no_dis	N	dif	hori	left	True	33014	34062	left	1	1	10
10	wpr	f	20	1	40	circle	green	(724, 619)	low	no	no_dis	N	dif	hori	left	True	35249	36078	left	1	1	11
10	wpr	f	20	1	40	circle	red	(565, 619)	low	dis	(757, 540)	N	same	hori	left	True	37163	38726	up	0	1	12
10	wpr	f	20	1	40	diamond	red	(724, 460)	high	dis	(645, 428)	N	same	hori	left	True	41297	43206	left	1	1	13
10	wpr	f	20	1	40	circle	red	(565, 619)	low	dis	(565, 460)	N	dif	vert	up	True	44298	45510	up	1	1	14
10	wpr	f	20	1	40	circle	green	(724, 460)	high	dis	(645, 428)	N	dif	hori	left	True	46674	47950	left	1	1	15
10	wpr	f	20	1	40	circle	green	(724, 460)	high	no	no_dis	N	same	hori	left	True	49055	49870	left	1	1	16
10	wpr	f	20	1	40	diamond	red	(724, 460)	high	dis	(724, 619)	N	same	vert	up	True	51024	52405	up	1	1	17
10	wpr	f	20	1	40	diamond	green	(724, 460)	high	no	no_dis	N	same	vert	up	True	53452	54734	up	1	1	18
10	wpr	f	20	1	40	circle	red	(645, 428)	low	dis	(533, 540)	N	dif	vert	up	True	55867	57357	up	1	1	19
10	wpr	f	20	1	40	diamond	green	(724, 460)	high	dis	(724, 619)	N	dif	vert	up	True	58460	59894	up	1	1	20
10	wpr	f	20	1	40	circle	red	(724, 460)	high	dis	(757, 540)	N	dif	vert	up	True	61148	62165	up	1	1	21
10	wpr	f	20	1	40	circle	red	(724, 460)	high	dis	(565, 619)	N	dif	hori	left	True	63389	64742	left	1	1	22
10	wpr	f	20	1	40	diamond	red	(724, 460)	high	no	no_dis	N	dif	vert	up	True	65921	66974	up	1	1	23
10	wpr	f	20	1	40	circle	green	(724, 460)	high	dis	(565, 460)	N	same	vert	up	True	68185	69294	up	1	1	24
10	wpr	f	20	1	40	diamond	red	(533, 540)	low	no	no_dis	N	dif	hori	left	True	70338	71453	left	1	1	25
10	wpr	f	20	1	40	circle	green	(724, 619)	low	dis	(757, 540)	N	same	vert	up	True	72504	74678	up	1	1	26
10	wpr	f	20	1	40	diamond	red	(724, 460)	high	dis	(645, 652)	N	dif	hori	left	True	75816	76789	left	1	1	27
10	wpr	f	20	1	40	circle	green	(645, 428)	low	no	no_dis	N	dif	vert	up	True	77890	79373	up	1	1	28
10	wpr	f	20	1	40	diamond	green	(724, 619)	low	no	no_dis	N	dif	vert	up	True	80575	81701	up	1	1	29
10	wpr	f	20	1	40	circle	red	(724, 460)	high	dis	(645, 652)	N	same	hori	left	True	82849	83893	left	1	1	30
10	wpr	f	20	1	40	circle	red	(565, 619)	low	dis	(533, 540)	N	same	vert	up	True	84950	86061	up	1	1	31
10	wpr	f	20	1	40	diamond	red	(565, 460)	low	dis	(565, 619)	N	dif	vert	up	True	87252	88822	up	1	1	32
10	wpr	f	20	1	40	diamond	red	(533, 540)	low	dis	(724, 460)	Y	same	hori	left	True	89925	91269	left	1	1	33
10	wpr	f	20	1	40	circle	red	(724, 619)	low	dis	(645, 652)	N	same	hori	left	True	92479	93965	left	1	1	34
10	wpr	f	20	1	40	diamond	red	(724, 460)	high	dis	(724, 619)	N	dif	vert	up	True	95109	96230	up	1	1	35
10	wpr	f	20	1	40	diamond	green	(565, 619)	low	dis	(724, 460)	Y	dif	hori	left	True	97291	98558	left	1	1	36
10	wpr	f	20	1	40	diamond	red	(724, 619)	low	dis	(565, 460)	N	dif	vert	up	True	99655	100870	up	1	1	37
10	wpr	f	20	1	40	circle	red	(724, 460)	high	no	no_dis	N	same	hori	left	True	101947	103102	left	1	1	38
10	wpr	f	20	1	40	diamond	green	(724, 460)	high	dis	(565, 619)	N	same	hori	left	True	104292	105742	left	1	1	39
10	wpr	f	20	1	40	circle	green	(645, 652)	low	dis	(724, 619)	N	dif	hori	left	True	106756	108349	left	1	1	40
10	wpr	f	20	1	40	circle	red	(645, 652)	low	no	no_dis	N	same	vert	up	True	109370	110806	up	1	1	41
10	wpr	f	20	1	40	circle	green	(724, 460)	high	dis	(565, 619)	N	same	vert	up	True	111897	113030	up	1	1	42
10	wpr	f	20	1	40	circle	green	(565, 460)	low	dis	(645, 652)	N	same	vert	up	True	114246	115622	up	1	1	43
10	wpr	f	20	1	40	circle	red	(645, 652)	low	dis	(724, 460)	Y	same	vert	up	True	116651	118054	up	1	1	44
10	wpr	f	20	1	40	circle	green	(645, 428)	low	dis	(565, 619)	N	dif	vert	up	True	119311	120317	up	1	1	45
10	wpr	f	20	1	40	diamond	red	(565, 460)	low	no	no_dis	N	dif	vert	up	True	121433	122613	up	1	1	46
10	wpr	f	20	1	40	diamond	green	(533, 540)	low	dis	(724, 619)	N	dif	vert	up	True	123867	124886	up	1	1	47
10	wpr	f	20	1	40	diamond	red	(724, 460)	high	no	no_dis	N	dif	vert	up	True	126002	127014	up	1	1	48
10	wpr	f	20	1	40	circle	green	(724, 460)	high	dis	(645, 428)	N	same	vert	up	True	128094	129694	left	0	1	49
10	wpr	f	20	1	40	circle	red	(724, 460)	high	dis	(757, 540)	N	dif	hori	left	True	132322	133182	left	1	1	50
10	wpr	f	20	1	40	circle	green	(565, 619)	low	dis	(757, 540)	N	dif	vert	up	True	134406	135510	up	1	1	51
10	wpr	f	20	1	40	circle	green	(645, 428)	low	dis	(724, 619)	N	same	vert	up	True	136677	137749	up	1	1	52
10	wpr	f	20	1	40	diamond	green	(757, 540)	low	dis	(645, 428)	N	dif	vert	up	True	138914	140814	up	1	1	53
10	wpr	f	20	1	40	diamond	red	(565, 619)	low	dis	(533, 540)	N	dif	vert	up	True	141928	143414	up	1	1	54
10	wpr	f	20	1	40	diamond	green	(724, 460)	high	dis	(724, 619)	N	dif	vert	up	True	144468	146014	up	1	1	55
10	wpr	f	20	1	40	circle	red	(565, 460)	low	dis	(757, 540)	N	same	vert	up	True	147185	148437	up	1	1	56
10	wpr	f	20	1	40	circle	green	(724, 460)	high	no	no_dis	N	dif	hori	left	True	149480	150454	left	1	1	57
10	wpr	f	20	1	40	diamond	green	(565, 619)	low	no	no_dis	N	same	vert	up	True	151696	152926	up	1	1	58
10	wpr	f	20	1	40	circle	red	(724, 460)	high	dis	(645, 652)	N	same	vert	up	True	154065	155678	up	1	1	59
10	wpr	f	20	1	40	diamond	green	(757, 540)	low	no	no_dis	N	same	hori	left	True	156789	157990	left	1	1	60
10	wpr	f	20	1	40	circle	green	(724, 460)	high	dis	(645, 652)	N	dif	hori	left	True	159220	160221	left	1	1	61
10	wpr	f	20	1	40	diamond	green	(724, 619)	low	dis	(724, 460)	Y	same	vert	up	True	161458	162637	up	1	1	62
10	wpr	f	20	1	40	circle	red	(724, 460)	high	no	no_dis	N	same	vert	up	True	163887	165093	up	1	1	63
10	wpr	f	20	1	40	circle	red	(724, 460)	high	dis	(565, 460)	N	same	hori	left	True	166260	167582	left	1	1	64
10	wpr	f	20	1	40	circle	red	(724, 460)	high	dis	(757, 540)	N	same	hori	left	True	168832	170230	left	1	1	65
10	wpr	f	20	1	40	diamond	red	(645, 652)	low	no	no_dis	N	same	hori	left	True	171446	173390	left	1	1	66
10	wpr	f	20	1	40	diamond	red	(724, 460)	high	no	no_dis	N	dif	vert	up	True	174430	175870	left	0	1	67
10	wpr	f	20	1	40	circle	green	(724, 460)	high	no	no_dis	N	dif	vert	up	True	178415	179374	up	1	1	68
10	wpr	f	20	1	40	diamond	red	(645, 428)	low	no	no_dis	N	dif	vert	up	True	180574	182046	up	1	1	69
10	wpr	f	20	1	40	circle	red	(645, 652)	low	dis	(724, 460)	Y	same	hori	left	True	183281	184757	left	1	1	70
10	wpr	f	20	1	40	diamond	green	(645, 652)	low	no	no_dis	N	dif	vert	up	True	185808	186893	up	1	1	71
10	wpr	f	20	1	40	diamond	red	(645, 428)	low	dis	(533, 540)	N	dif	hori	left	True	188079	189846	left	1	1	72
10	wpr	f	20	1	40	circle	green	(645, 652)	low	dis	(565, 460)	N	dif	hori	left	True	191007	192877	left	1	1	73
10	wpr	f	20	1	40	diamond	red	(645, 652)	low	dis	(724, 619)	N	dif	hori	left	True	194080	196542	left	1	1	74
10	wpr	f	20	1	40	circle	red	(565, 619)	low	no	no_dis	N	same	vert	up	True	197697	198870	up	1	1	75
10	wpr	f	20	1	40	circle	red	(645, 428)	low	dis	(757, 540)	N	same	vert	up	True	199910	201149	up	1	1	76
10	wpr	f	20	1	40	circle	red	(757, 540)	low	no	no_dis	N	dif	hori	left	True	202324	203806	left	1	1	77
10	wpr	f	20	1	40	circle	green	(724, 460)	high	no	no_dis	N	same	vert	up	True	204820	206061	up	1	1	78
10	wpr	f	20	1	40	diamond	green	(724, 460)	high	dis	(533, 540)	N	dif	vert	up	True	207249	208494	up	1	1	79
10	wpr	f	20	1	40	circle	red	(724, 460)	high	dis	(565, 460)	N	dif	vert	up	True	209685	211166	up	1	1	80
10	wpr	f	20	1	40	diamond	red	(724, 460)	high	dis	(565, 619)	N	dif	vert	up	True	212293	213589	up	1	1	81
10	wpr	f	20	1	40	circle	green	(724, 619)	low	dis	(565, 619)	N	dif	hori	left	True	214638	216182	left	1	1	82
10	wpr	f	20	1	40	diamond	red	(533, 540)	low	dis	(724, 460)	Y	same	hori	left	True	217322	219182	left	1	1	83
10	wpr	f	20	1	40	diamond	red	(565, 460)	low	dis	(645, 428)	N	dif	hori	left	True	220387	222462	left	1	1	84
10	wpr	f	20	1	40	circle	red	(724, 460)	high	no	no_dis	N	same	hori	left	True	223467	225869	left	1	1	85
10	wpr	f	20	1	40	diamond	red	(533, 540)	low	dis	(645, 652)	N	same	vert	up	True	226884	228350	up	1	1	86
10	wpr	f	20	1	40	circle	green	(645, 652)	low	dis	(565, 460)	N	dif	hori	left	True	229570	230645	left	1	1	87
10	wpr	f	20	1	40	circle	red	(757, 540)	low	dis	(533, 540)	N	same	hori	left	True	231730	233197	left	1	1	88
10	wpr	f	20	1	40	diamond	red	(724, 619)	low	no	no_dis	N	same	hori	left	True	234304	235622	left	1	1	89
10	wpr	f	20	1	40	diamond	green	(724, 460)	high	dis	(645, 652)	N	same	vert	up	True	236711	238110	up	1	1	90
10	wpr	f	20	1	40	diamond	green	(724, 460)	high	dis	(565, 619)	N	same	vert	up	True	239349	240678	up	1	1	91
10	wpr	f	20	1	40	diamond	red	(757, 540)	low	dis	(565, 619)	N	same	hori	left	True	241768	243229	left	1	1	92
10	wpr	f	20	1	40	diamond	red	(724, 460)	high	no	no_dis	N	same	hori	left	True	244467	245334	left	1	1	93
10	wpr	f	20	1	40	circle	green	(724, 460)	high	dis	(757, 540)	N	dif	vert	up	True	246384	248573	up	1	1	94
10	wpr	f	20	1	40	circle	green	(724, 460)	high	dis	(645, 428)	N	dif	hori	left	True	249745	251214	left	1	1	95
10	wpr	f	20	1	40	circle	green	(565, 460)	low	no	no_dis	N	same	vert	up	True	252334	254189	left	0	1	96
10	wpr	f	20	1	40	diamond	red	(724, 619)	low	dis	(724, 460)	Y	same	hori	left	True	256775	259502	up	0	1	97
10	wpr	f	20	1	40	circle	red	(533, 540)	low	no	no_dis	N	dif	hori	left	True	262259	263525	left	1	1	98
10	wpr	f	20	1	40	diamond	green	(757, 540)	low	dis	(724, 619)	N	same	vert	up	True	264543	266277	up	1	1	99
10	wpr	f	20	1	40	diamond	green	(724, 460)	high	no	no_dis	N	dif	hori	left	True	267413	268902	left	1	1	100
10	wpr	f	20	1	40	diamond	green	(645, 652)	low	dis	(724, 460)	Y	dif	hori	left	True	270086	271518	left	1	1	101
10	wpr	f	20	1	40	diamond	green	(645, 652)	low	no	no_dis	N	dif	vert	up	True	272625	273734	up	1	1	102
10	wpr	f	20	1	40	diamond	green	(565, 460)	low	dis	(645, 428)	N	dif	hori	left	True	274805	275886	left	1	1	103
10	wpr	f	20	1	40	circle	red	(565, 619)	low	no	no_dis	N	same	hori	left	True	276979	278382	left	1	1	104
10	wpr	f	20	1	40	circle	green	(533, 540)	low	dis	(565, 460)	N	dif	vert	up	True	279497	281166	up	1	1	105
10	wpr	f	20	1	40	diamond	red	(645, 428)	low	no	no_dis	N	same	hori	left	True	282363	283693	left	1	1	106
10	wpr	f	20	1	40	diamond	green	(565, 619)	low	dis	(533, 540)	N	same	hori	left	True	284835	286318	left	1	1	107
10	wpr	f	20	1	40	diamond	red	(724, 460)	high	dis	(565, 460)	N	same	hori	left	True	287555	288838	left	1	1	108
10	wpr	f	20	1	40	diamond	green	(724, 460)	high	no	no_dis	N	dif	hori	left	True	289908	291318	left	1	1	109
10	wpr	f	20	1	40	diamond	green	(724, 460)	high	dis	(533, 540)	N	same	hori	left	True	292511	293542	left	1	1	110
10	wpr	f	20	1	40	diamond	red	(724, 460)	high	dis	(565, 460)	N	same	vert	up	True	294651	296326	up	1	1	111
10	wpr	f	20	1	40	circle	red	(533, 540)	low	dis	(645, 652)	N	dif	hori	left	True	297463	299701	left	1	1	112
10	wpr	f	20	1	40	circle	green	(565, 460)	low	no	no_dis	N	same	hori	left	True	300946	302294	left	1	1	113
10	wpr	f	20	1	40	diamond	red	(724, 460)	high	dis	(645, 428)	N	same	hori	left	True	303462	305534	left	1	1	114
10	wpr	f	20	1	40	diamond	green	(533, 540)	low	dis	(757, 540)	N	same	hori	left	True	306586	308165	left	1	1	115
10	wpr	f	20	1	40	circle	red	(757, 540)	low	dis	(724, 460)	Y	same	hori	left	True	309359	311061	left	1	1	116
10	wpr	f	20	1	40	circle	green	(645, 428)	low	no	no_dis	N	dif	hori	left	True	312307	314053	left	1	1	117
10	wpr	f	20	1	40	circle	red	(724, 460)	high	no	no_dis	N	same	vert	up	True	315184	316734	up	1	1	118
10	wpr	f	20	1	40	diamond	green	(565, 460)	low	dis	(724, 460)	Y	same	vert	up	True	317914	319974	up	1	1	119
10	wpr	f	20	1	40	diamond	red	(757, 540)	low	dis	(645, 428)	N	dif	vert	up	True	321150	322541	up	1	1	120
10	wpr	f	20	1	40	diamond	green	(533, 540)	low	no	no_dis	N	dif	hori	left	True	353883	354990	left	1	2	1
10	wpr	f	20	1	40	diamond	red	(724, 619)	low	dis	(565, 619)	N	same	hori	left	True	356163	357382	left	1	2	2
10	wpr	f	20	1	40	circle	green	(724, 460)	high	dis	(565, 619)	N	same	vert	up	True	358535	360413	up	1	2	3
10	wpr	f	20	1	40	diamond	green	(533, 540)	low	dis	(757, 540)	N	same	vert	up	True	361624	362526	up	1	2	4
10	wpr	f	20	1	40	circle	red	(724, 460)	high	no	no_dis	N	dif	vert	up	True	363552	364598	up	1	2	5
10	wpr	f	20	1	40	circle	red	(565, 619)	low	dis	(645, 652)	N	same	hori	left	True	365643	367357	left	1	2	6
10	wpr	f	20	1	40	circle	green	(565, 460)	low	dis	(724, 460)	Y	dif	hori	left	True	368543	369653	left	1	2	7
10	wpr	f	20	1	40	diamond	red	(724, 460)	high	no	no_dis	N	same	vert	up	True	370862	371878	up	1	2	8
10	wpr	f	20	1	40	diamond	red	(724, 460)	high	dis	(724, 619)	N	dif	hori	left	True	373076	374261	left	1	2	9
10	wpr	f	20	1	40	circle	green	(645, 428)	low	dis	(645, 652)	N	same	vert	up	True	375425	376445	up	1	2	10
10	wpr	f	20	1	40	circle	red	(757, 540)	low	dis	(565, 619)	N	dif	vert	up	True	377493	378725	up	1	2	11
10	wpr	f	20	1	40	circle	red	(724, 619)	low	dis	(565, 460)	N	same	hori	left	True	379940	381166	left	1	2	12
10	wpr	f	20	1	40	diamond	green	(565, 619)	low	dis	(724, 460)	Y	dif	hori	left	True	382210	383582	left	1	2	13
10	wpr	f	20	1	40	circle	green	(724, 460)	high	no	no_dis	N	same	hori	left	True	384599	385870	left	1	2	14
10	wpr	f	20	1	40	circle	red	(565, 619)	low	dis	(724, 460)	Y	same	hori	left	True	386879	387998	left	1	2	15
10	wpr	f	20	1	40	circle	green	(565, 460)	low	dis	(565, 619)	N	same	hori	left	True	389238	390517	left	1	2	16
10	wpr	f	20	1	40	circle	green	(645, 428)	low	dis	(724, 460)	Y	same	vert	up	True	391698	393070	up	1	2	17
10	wpr	f	20	1	40	diamond	red	(724, 619)	low	dis	(645, 428)	N	same	vert	up	True	394253	395582	up	1	2	18
10	wpr	f	20	1	40	circle	red	(645, 428)	low	no	no_dis	N	dif	hori	left	True	396752	397765	left	1	2	19
10	wpr	f	20	1	40	diamond	red	(724, 460)	high	dis	(724, 619)	N	same	vert	up	True	398921	400574	up	1	2	20
10	wpr	f	20	1	40	circle	green	(645, 652)	low	dis	(533, 540)	N	same	hori	left	True	401731	403406	left	1	2	21
10	wpr	f	20	1	40	diamond	green	(565, 619)	low	no	no_dis	N	same	hori	left	True	404534	405694	left	1	2	22
10	wpr	f	20	1	40	diamond	red	(645, 428)	low	dis	(645, 652)	N	dif	hori	left	True	406748	408174	left	1	2	23
10	wpr	f	20	1	40	diamond	green	(724, 460)	high	no	no_dis	N	dif	vert	up	True	409369	410981	up	1	2	24
10	wpr	f	20	1	40	diamond	green	(565, 460)	low	dis	(645, 652)	N	dif	hori	left	True	412144	413542	left	1	2	25
10	wpr	f	20	1	40	diamond	red	(533, 540)	low	dis	(724, 619)	N	same	vert	up	True	414632	416198	up	1	2	26
10	wpr	f	20	1	40	diamond	green	(645, 428)	low	no	no_dis	N	same	hori	left	True	417206	418693	left	1	2	27
10	wpr	f	20	1	40	circle	green	(565, 619)	low	dis	(533, 540)	N	dif	hori	left	True	419872	421149	left	1	2	28
10	wpr	f	20	1	40	circle	red	(724, 460)	high	dis	(645, 652)	N	dif	hori	left	True	422318	423621	left	1	2	29
10	wpr	f	20	1	40	circle	green	(724, 460)	high	dis	(645, 652)	N	same	hori	left	True	424779	425726	left	1	2	30
10	wpr	f	20	1	40	circle	red	(724, 460)	high	dis	(645, 428)	N	same	hori	left	True	426814	428086	left	1	2	31
10	wpr	f	20	1	40	diamond	green	(724, 460)	high	dis	(565, 460)	N	same	vert	up	True	429220	430558	up	1	2	32
10	wpr	f	20	1	40	circle	green	(724, 619)	low	dis	(645, 652)	N	dif	vert	up	True	431766	433277	up	1	2	33
10	wpr	f	20	1	40	diamond	red	(757, 540)	low	no	no_dis	N	dif	vert	up	True	434428	435486	up	1	2	34
10	wpr	f	20	1	40	diamond	green	(724, 460)	high	dis	(565, 460)	N	dif	vert	up	True	436535	437549	up	1	2	35
10	wpr	f	20	1	40	diamond	green	(724, 460)	high	dis	(533, 540)	N	dif	vert	up	True	438720	439685	up	1	2	36
10	wpr	f	20	1	40	circle	red	(724, 619)	low	no	no_dis	N	same	hori	left	True	440791	441902	left	1	2	37
10	wpr	f	20	1	40	circle	green	(724, 619)	low	no	no_dis	N	same	hori	left	True	443108	444061	left	1	2	38
10	wpr	f	20	1	40	diamond	green	(533, 540)	low	no	no_dis	N	same	vert	up	True	445186	446333	up	1	2	39
10	wpr	f	20	1	40	circle	green	(645, 428)	low	no	no_dis	N	dif	vert	up	True	447364	448798	up	1	2	40
10	wpr	f	20	1	40	diamond	red	(724, 619)	low	dis	(565, 460)	N	same	hori	left	True	449869	451046	left	1	2	41
10	wpr	f	20	1	40	diamond	green	(533, 540)	low	dis	(645, 652)	N	dif	vert	up	True	452265	453309	up	1	2	42
10	wpr	f	20	1	40	diamond	red	(645, 652)	low	dis	(533, 540)	N	dif	hori	left	True	454475	455589	left	1	2	43
10	wpr	f	20	1	40	diamond	green	(645, 428)	low	dis	(565, 460)	N	same	hori	left	True	456655	457957	left	1	2	44
10	wpr	f	20	1	40	circle	red	(724, 460)	high	dis	(533, 540)	N	dif	hori	left	True	459060	460118	left	1	2	45
10	wpr	f	20	1	40	circle	green	(724, 460)	high	dis	(757, 540)	N	dif	vert	up	True	461273	462397	up	1	2	46
10	wpr	f	20	1	40	diamond	red	(533, 540)	low	dis	(565, 619)	N	same	vert	up	True	463587	464973	up	1	2	47
10	wpr	f	20	1	40	circle	red	(724, 460)	high	dis	(724, 619)	N	dif	hori	left	True	466076	468134	left	1	2	48
10	wpr	f	20	1	40	diamond	red	(565, 460)	low	dis	(645, 428)	N	dif	vert	up	True	469196	471309	up	1	2	49
10	wpr	f	20	1	40	circle	red	(724, 619)	low	no	no_dis	N	same	vert	up	True	472405	473541	up	1	2	50
10	wpr	f	20	1	40	circle	green	(724, 460)	high	dis	(533, 540)	N	same	hori	left	True	474703	475550	left	1	2	51
10	wpr	f	20	1	40	diamond	red	(724, 460)	high	no	no_dis	N	same	hori	left	True	476619	477557	left	1	2	52
10	wpr	f	20	1	40	circle	green	(645, 652)	low	dis	(724, 460)	Y	dif	hori	left	True	478749	479677	left	1	2	53
10	wpr	f	20	1	40	circle	red	(757, 540)	low	dis	(645, 428)	N	same	vert	up	True	480726	481910	up	1	2	54
10	wpr	f	20	1	40	diamond	red	(724, 460)	high	dis	(645, 428)	N	dif	vert	up	True	483051	484229	up	1	2	55
10	wpr	f	20	1	40	diamond	green	(724, 619)	low	dis	(757, 540)	N	same	vert	up	True	485486	486822	up	1	2	56
10	wpr	f	20	1	40	circle	red	(724, 460)	high	dis	(645, 428)	N	same	vert	up	True	488009	489846	up	1	2	57
10	wpr	f	20	1	40	diamond	red	(565, 619)	low	dis	(724, 619)	N	same	hori	left	True	491009	492709	left	1	2	58
10	wpr	f	20	1	40	circle	green	(565, 619)	low	no	no_dis	N	same	vert	up	True	493783	495013	left	0	2	59
10	wpr	f	20	1	40	circle	green	(724, 460)	high	dis	(757, 540)	N	dif	vert	up	True	497671	498894	up	1	2	60
10	wpr	f	20	1	40	circle	red	(565, 460)	low	no	no_dis	N	dif	hori	left	True	500107	501197	left	1	2	61
10	wpr	f	20	1	40	diamond	green	(645, 428)	low	no	no_dis	N	dif	vert	up	True	502326	503462	up	1	2	62
10	wpr	f	20	1	40	diamond	red	(757, 540)	low	dis	(565, 619)	N	dif	vert	up	True	504594	505486	up	1	2	63
10	wpr	f	20	1	40	circle	green	(533, 540)	low	dis	(724, 619)	N	dif	hori	left	True	506689	507806	left	1	2	64
10	wpr	f	20	1	40	diamond	green	(565, 460)	low	dis	(724, 460)	Y	dif	vert	up	True	508828	509717	up	1	2	65
10	wpr	f	20	1	40	diamond	red	(724, 619)	low	no	no_dis	N	dif	vert	up	True	510857	511966	up	1	2	66
10	wpr	f	20	1	40	circle	green	(757, 540)	low	dis	(533, 540)	N	same	vert	up	True	513018	514022	up	1	2	67
10	wpr	f	20	1	40	circle	green	(724, 460)	high	no	no_dis	N	same	vert	up	True	515086	516301	up	1	2	68
10	wpr	f	20	1	40	diamond	red	(565, 619)	low	no	no_dis	N	dif	hori	left	True	517375	518485	left	1	2	69
10	wpr	f	20	1	40	circle	red	(645, 652)	low	no	no_dis	N	same	vert	up	True	519640	521070	up	1	2	70
10	wpr	f	20	1	40	diamond	green	(724, 460)	high	dis	(565, 619)	N	same	vert	up	True	522179	523421	up	1	2	71
10	wpr	f	20	1	40	circle	green	(724, 460)	high	dis	(757, 540)	N	dif	hori	left	True	524623	525669	left	1	2	72
10	wpr	f	20	1	40	diamond	green	(724, 460)	high	no	no_dis	N	same	hori	left	True	526865	527702	left	1	2	73
10	wpr	f	20	1	40	diamond	red	(757, 540)	low	no	no_dis	N	dif	vert	up	True	528956	529813	up	1	2	74
10	wpr	f	20	1	40	diamond	red	(724, 460)	high	dis	(645, 652)	N	same	hori	left	True	530863	531630	left	1	2	75
10	wpr	f	20	1	40	diamond	green	(724, 460)	high	dis	(565, 619)	N	dif	hori	left	True	532738	533694	up	0	2	76
10	wpr	f	20	1	40	diamond	red	(724, 460)	high	dis	(645, 428)	N	dif	vert	up	True	536348	537293	up	1	2	77
10	wpr	f	20	1	40	diamond	red	(565, 460)	low	dis	(533, 540)	N	dif	vert	up	True	538386	539654	up	1	2	78
10	wpr	f	20	1	40	circle	green	(724, 460)	high	dis	(565, 619)	N	same	hori	left	True	540820	542173	left	1	2	79
10	wpr	f	20	1	40	circle	green	(724, 619)	low	dis	(724, 460)	Y	dif	vert	up	True	543263	544653	up	1	2	80
10	wpr	f	20	1	40	diamond	green	(565, 619)	low	dis	(533, 540)	N	dif	hori	left	True	545775	546869	left	1	2	81
10	wpr	f	20	1	40	circle	red	(724, 460)	high	no	no_dis	N	dif	hori	left	True	547980	549245	left	1	2	82
10	wpr	f	20	1	40	diamond	red	(565, 619)	low	no	no_dis	N	same	vert	up	True	550414	551198	up	1	2	83
10	wpr	f	20	1	40	diamond	red	(724, 460)	high	no	no_dis	N	dif	hori	left	True	552203	553669	left	1	2	84
10	wpr	f	20	1	40	diamond	green	(645, 652)	low	dis	(757, 540)	N	same	vert	up	True	554709	555862	up	1	2	85
10	wpr	f	20	1	40	circle	red	(533, 540)	low	dis	(645, 428)	N	dif	vert	up	True	557097	558573	up	1	2	86
10	wpr	f	20	1	40	diamond	red	(724, 460)	high	dis	(533, 540)	N	same	hori	left	True	559699	560814	left	1	2	87
10	wpr	f	20	1	40	diamond	green	(724, 460)	high	dis	(565, 460)	N	dif	hori	left	True	561974	563206	left	1	2	88
10	wpr	f	20	1	40	diamond	green	(565, 460)	low	no	no_dis	N	dif	hori	left	True	564336	566086	left	1	2	89
10	wpr	f	20	1	40	circle	red	(757, 540)	low	dis	(724, 619)	N	same	hori	left	True	567129	568414	left	1	2	90
10	wpr	f	20	1	40	diamond	red	(724, 460)	high	dis	(565, 460)	N	same	vert	up	True	569468	570237	up	1	2	91
10	wpr	f	20	1	40	circle	red	(645, 428)	low	dis	(724, 460)	Y	same	hori	left	True	571392	572742	left	1	2	92
10	wpr	f	20	1	40	diamond	red	(724, 460)	high	no	no_dis	N	dif	vert	up	True	573838	574725	up	1	2	93
10	wpr	f	20	1	40	diamond	green	(724, 460)	high	no	no_dis	N	dif	hori	left	True	575854	577046	left	1	2	94
10	wpr	f	20	1	40	diamond	green	(724, 460)	high	dis	(724, 619)	N	same	hori	left	True	578092	579669	left	1	2	95
10	wpr	f	20	1	40	circle	red	(724, 460)	high	dis	(757, 540)	N	same	hori	left	True	580839	582565	left	1	2	96
10	wpr	f	20	1	40	circle	red	(645, 428)	low	dis	(724, 460)	Y	dif	hori	left	True	583747	584765	up	0	2	97
10	wpr	f	20	1	40	diamond	green	(757, 540)	low	dis	(565, 460)	N	dif	vert	up	True	587506	588469	up	1	2	98
10	wpr	f	20	1	40	circle	red	(724, 460)	high	no	no_dis	N	same	vert	up	True	589587	590398	up	1	2	99
10	wpr	f	20	1	40	diamond	green	(724, 460)	high	no	no_dis	N	dif	vert	up	True	591535	592446	up	1	2	100
10	wpr	f	20	1	40	circle	red	(645, 652)	low	dis	(565, 460)	N	same	vert	up	True	593557	594574	up	1	2	101
10	wpr	f	20	1	40	diamond	red	(645, 428)	low	dis	(724, 619)	N	same	hori	left	True	595786	597414	left	1	2	102
10	wpr	f	20	1	40	diamond	red	(724, 460)	high	dis	(724, 619)	N	same	vert	up	True	598591	599909	up	1	2	103
10	wpr	f	20	1	40	circle	red	(645, 652)	low	dis	(724, 460)	Y	same	vert	up	True	600976	602301	up	1	2	104
10	wpr	f	20	1	40	circle	green	(533, 540)	low	no	no_dis	N	dif	vert	up	True	603531	604486	up	1	2	105
10	wpr	f	20	1	40	circle	red	(724, 460)	high	no	no_dis	N	same	vert	up	True	605532	606741	up	1	2	106
10	wpr	f	20	1	40	circle	green	(757, 540)	low	no	no_dis	N	same	hori	left	True	607772	608678	left	1	2	107
10	wpr	f	20	1	40	diamond	green	(757, 540)	low	dis	(645, 428)	N	dif	hori	left	True	609901	611094	left	1	2	108
10	wpr	f	20	1	40	circle	red	(645, 652)	low	no	no_dis	N	dif	hori	left	True	612146	613037	left	1	2	109
10	wpr	f	20	1	40	diamond	green	(645, 652)	low	dis	(757, 540)	N	dif	vert	up	True	614198	615349	up	1	2	110
10	wpr	f	20	1	40	circle	green	(724, 460)	high	no	no_dis	N	dif	hori	left	True	616549	617525	left	1	2	111
10	wpr	f	20	1	40	circle	green	(645, 652)	low	no	no_dis	N	same	hori	left	True	618560	619742	left	1	2	112
10	wpr	f	20	1	40	circle	red	(565, 460)	low	dis	(757, 540)	N	dif	hori	left	True	620966	622382	left	1	2	113
10	wpr	f	20	1	40	circle	green	(565, 619)	low	dis	(757, 540)	N	dif	vert	up	True	623442	624565	up	1	2	114
10	wpr	f	20	1	40	diamond	red	(565, 460)	low	no	no_dis	N	same	vert	up	True	625743	626878	up	1	2	115
10	wpr	f	20	1	40	circle	red	(724, 460)	high	dis	(565, 619)	N	dif	vert	up	True	627941	628998	left	0	2	116
10	wpr	f	20	1	40	circle	green	(724, 460)	high	no	no_dis	N	same	hori	left	True	631602	632373	left	1	2	117
10	wpr	f	20	1	40	diamond	green	(724, 460)	high	dis	(565, 460)	N	dif	vert	up	True	633536	635373	up	1	2	118
10	wpr	f	20	1	40	circle	red	(724, 460)	high	dis	(645, 428)	N	dif	hori	left	True	636482	637742	left	1	2	119
10	wpr	f	20	1	40	circle	green	(724, 460)	high	dis	(645, 652)	N	same	vert	up	True	638882	639997	up	1	2	120
10	wpr	f	20	1	40	circle	red	(533, 540)	low	no	no_dis	N	dif	hori	left	True	673141	674389	left	1	3	1
10	wpr	f	20	1	40	circle	red	(724, 460)	high	dis	(757, 540)	N	dif	vert	up	True	675540	677293	up	1	3	2
10	wpr	f	20	1	40	circle	green	(565, 460)	low	no	no_dis	N	same	hori	left	True	678390	679158	left	1	3	3
10	wpr	f	20	1	40	diamond	green	(724, 460)	high	no	no_dis	N	same	hori	left	True	680216	681502	left	1	3	4
10	wpr	f	20	1	40	diamond	red	(724, 460)	high	dis	(645, 428)	N	same	vert	up	True	682710	683525	up	1	3	5
10	wpr	f	20	1	40	circle	red	(645, 652)	low	no	no_dis	N	same	vert	up	True	684750	685573	up	1	3	6
10	wpr	f	20	1	40	circle	green	(565, 619)	low	dis	(724, 460)	Y	same	vert	up	True	686743	687837	up	1	3	7
10	wpr	f	20	1	40	diamond	green	(724, 460)	high	dis	(645, 652)	N	dif	hori	left	True	688889	689902	left	1	3	8
10	wpr	f	20	1	40	circle	red	(724, 460)	high	dis	(565, 460)	N	dif	hori	left	True	691121	692213	left	1	3	9
10	wpr	f	20	1	40	diamond	red	(533, 540)	low	dis	(645, 428)	N	same	vert	up	True	693240	694494	up	1	3	10
10	wpr	f	20	1	40	circle	green	(724, 460)	high	dis	(533, 540)	N	dif	hori	left	True	695578	696622	left	1	3	11
10	wpr	f	20	1	40	diamond	green	(724, 460)	high	dis	(724, 619)	N	same	vert	up	True	697800	698717	up	1	3	12
10	wpr	f	20	1	40	diamond	red	(533, 540)	low	dis	(724, 460)	Y	same	vert	up	True	699882	700782	up	1	3	13
10	wpr	f	20	1	40	circle	green	(724, 619)	low	dis	(645, 652)	N	dif	vert	up	True	701837	703301	up	1	3	14
10	wpr	f	20	1	40	circle	red	(645, 652)	low	dis	(565, 619)	N	dif	hori	left	True	704385	705630	left	1	3	15
10	wpr	f	20	1	40	circle	green	(757, 540)	low	no	no_dis	N	dif	vert	up	True	706886	707661	up	1	3	16
10	wpr	f	20	1	40	diamond	red	(724, 460)	high	dis	(645, 428)	N	dif	hori	left	True	708820	709661	left	1	3	17
10	wpr	f	20	1	40	diamond	green	(645, 652)	low	dis	(533, 540)	N	same	hori	left	True	710787	712069	left	1	3	18
10	wpr	f	20	1	40	circle	red	(724, 460)	high	no	no_dis	N	same	vert	up	True	713279	714430	up	1	3	19
10	wpr	f	20	1	40	circle	green	(645, 428)	low	dis	(724, 460)	Y	dif	vert	up	True	715549	717309	up	1	3	20
10	wpr	f	20	1	40	diamond	green	(724, 619)	low	dis	(533, 540)	N	same	vert	up	True	718560	719741	up	1	3	21
10	wpr	f	20	1	40	circle	green	(724, 460)	high	dis	(533, 540)	N	dif	vert	up	True	720962	722198	up	1	3	22
10	wpr	f	20	1	40	circle	green	(724, 619)	low	dis	(565, 619)	N	dif	vert	up	True	723435	724949	up	1	3	23
10	wpr	f	20	1	40	diamond	red	(565, 619)	low	no	no_dis	N	dif	hori	left	True	726112	727469	left	1	3	24
10	wpr	f	20	1	40	diamond	green	(533, 540)	low	dis	(724, 619)	N	dif	vert	up	True	728512	729398	up	1	3	25
10	wpr	f	20	1	40	circle	red	(724, 460)	high	no	no_dis	N	dif	hori	left	True	730626	731413	left	1	3	26
10	wpr	f	20	1	40	diamond	red	(533, 540)	low	no	no_dis	N	same	hori	left	True	732599	733997	left	1	3	27
10	wpr	f	20	1	40	diamond	red	(724, 460)	high	no	no_dis	N	same	hori	left	True	735085	737102	left	1	3	28
10	wpr	f	20	1	40	diamond	green	(565, 460)	low	dis	(724, 460)	Y	same	hori	left	True	738151	739318	left	1	3	29
10	wpr	f	20	1	40	circle	green	(533, 540)	low	dis	(724, 460)	Y	dif	vert	up	True	740454	742013	up	1	3	30
10	wpr	f	20	1	40	circle	red	(565, 619)	low	dis	(724, 619)	N	dif	vert	up	True	743037	744389	up	1	3	31
10	wpr	f	20	1	40	diamond	green	(724, 460)	high	dis	(645, 428)	N	same	vert	up	True	745491	746622	up	1	3	32
10	wpr	f	20	1	40	diamond	green	(724, 460)	high	dis	(565, 619)	N	dif	hori	left	True	747774	748741	left	1	3	33
10	wpr	f	20	1	40	diamond	green	(565, 619)	low	dis	(645, 652)	N	same	vert	up	True	749981	751229	up	1	3	34
10	wpr	f	20	1	40	circle	red	(724, 460)	high	dis	(724, 619)	N	dif	hori	left	True	752415	753854	left	1	3	35
10	wpr	f	20	1	40	circle	green	(757, 540)	low	no	no_dis	N	dif	hori	left	True	754862	756029	left	1	3	36
10	wpr	f	20	1	40	diamond	red	(565, 619)	low	no	no_dis	N	dif	hori	left	True	757095	757853	up	0	3	37
10	wpr	f	20	1	40	circle	green	(724, 460)	high	no	no_dis	N	dif	vert	up	True	760620	761590	up	1	3	38
10	wpr	f	20	1	40	diamond	green	(757, 540)	low	dis	(724, 619)	N	same	vert	up	True	762667	763861	up	1	3	39
10	wpr	f	20	1	40	circle	green	(645, 428)	low	dis	(565, 460)	N	dif	hori	left	True	764959	766213	left	1	3	40
10	wpr	f	20	1	40	diamond	red	(724, 460)	high	no	no_dis	N	same	vert	up	True	767216	768373	up	1	3	41
10	wpr	f	20	1	40	diamond	red	(565, 460)	low	no	no_dis	N	dif	hori	left	True	769411	770421	left	1	3	42
10	wpr	f	20	1	40	circle	green	(724, 460)	high	dis	(724, 619)	N	dif	hori	left	True	771602	772821	left	1	3	43
10	wpr	f	20	1	40	circle	green	(724, 460)	high	dis	(533, 540)	N	dif	vert	up	True	773943	775229	up	1	3	44
10	wpr	f	20	1	40	circle	red	(757, 540)	low	dis	(645, 652)	N	same	vert	up	True	776482	777461	up	1	3	45
10	wpr	f	20	1	40	diamond	green	(645, 428)	low	dis	(645, 652)	N	same	hori	left	True	778535	779485	left	1	3	46
10	wpr	f	20	1	40	diamond	red	(724, 619)	low	dis	(533, 540)	N	dif	hori	left	True	780738	781901	left	1	3	47
10	wpr	f	20	1	40	diamond	green	(757, 540)	low	dis	(565, 460)	N	dif	hori	left	True	783096	783973	left	1	3	48
10	wpr	f	20	1	40	diamond	red	(724, 460)	high	dis	(645, 428)	N	same	hori	left	True	785096	786118	left	1	3	49
10	wpr	f	20	1	40	diamond	red	(645, 652)	low	dis	(565, 460)	N	dif	hori	left	True	787209	788597	left	1	3	50
10	wpr	f	20	1	40	diamond	red	(645, 652)	low	dis	(565, 460)	N	dif	hori	left	True	789852	790869	left	1	3	51
10	wpr	f	20	1	40	circle	red	(724, 619)	low	no	no_dis	N	dif	vert	up	True	792012	793294	up	1	3	52
10	wpr	f	20	1	40	diamond	green	(724, 460)	high	dis	(757, 540)	N	same	hori	left	True	794395	795285	left	1	3	53
10	wpr	f	20	1	40	diamond	green	(724, 460)	high	no	no_dis	N	same	vert	up	True	796425	797925	up	1	3	54
10	wpr	f	20	1	40	circle	green	(724, 460)	high	dis	(645, 652)	N	same	hori	left	True	798962	800702	left	1	3	55
10	wpr	f	20	1	40	circle	red	(533, 540)	low	dis	(724, 619)	N	same	vert	up	True	801723	803013	up	1	3	56
10	wpr	f	20	1	40	circle	red	(565, 460)	low	dis	(645, 652)	N	same	hori	left	True	804191	805326	left	1	3	57
10	wpr	f	20	1	40	diamond	green	(533, 540)	low	no	no_dis	N	same	hori	left	True	806500	807789	left	1	3	58
10	wpr	f	20	1	40	diamond	red	(724, 460)	high	no	no_dis	N	dif	vert	up	True	808892	809949	up	1	3	59
10	wpr	f	20	1	40	circle	red	(645, 428)	low	dis	(724, 460)	Y	same	hori	left	True	811044	811965	left	1	3	60
10	wpr	f	20	1	40	diamond	green	(565, 619)	low	no	no_dis	N	same	hori	left	True	812999	813933	left	1	3	61
10	wpr	f	20	1	40	circle	green	(645, 652)	low	dis	(757, 540)	N	dif	vert	up	True	815129	816357	up	1	3	62
10	wpr	f	20	1	40	circle	red	(724, 460)	high	dis	(565, 460)	N	dif	vert	up	True	817573	819029	up	1	3	63
10	wpr	f	20	1	40	diamond	green	(724, 460)	high	dis	(565, 619)	N	dif	vert	up	True	820268	821101	up	1	3	64
10	wpr	f	20	1	40	diamond	green	(645, 428)	low	no	no_dis	N	same	vert	up	True	822337	823205	up	1	3	65
10	wpr	f	20	1	40	circle	green	(724, 460)	high	no	no_dis	N	dif	hori	left	True	824392	825742	left	1	3	66
10	wpr	f	20	1	40	diamond	green	(724, 460)	high	no	no_dis	N	same	hori	left	True	826758	828117	left	1	3	67
10	wpr	f	20	1	40	circle	red	(724, 460)	high	no	no_dis	N	dif	vert	up	True	829155	830213	up	1	3	68
10	wpr	f	20	1	40	circle	green	(724, 460)	high	dis	(724, 619)	N	dif	vert	up	True	831316	832677	up	1	3	69
10	wpr	f	20	1	40	diamond	red	(565, 619)	low	dis	(757, 540)	N	dif	hori	left	True	833823	834749	left	1	3	70
10	wpr	f	20	1	40	diamond	red	(565, 460)	low	dis	(645, 428)	N	dif	hori	left	True	835997	837085	left	1	3	71
10	wpr	f	20	1	40	diamond	red	(645, 428)	low	dis	(757, 540)	N	dif	hori	left	True	838331	839309	left	1	3	72
10	wpr	f	20	1	40	circle	red	(724, 460)	high	dis	(757, 540)	N	same	hori	left	True	840541	841869	left	1	3	73
10	wpr	f	20	1	40	diamond	red	(724, 619)	low	dis	(757, 540)	N	same	vert	up	True	842930	844205	up	1	3	74
10	wpr	f	20	1	40	circle	green	(645, 652)	low	no	no_dis	N	dif	vert	up	True	845358	846637	up	1	3	75
10	wpr	f	20	1	40	circle	red	(565, 619)	low	dis	(565, 460)	N	dif	hori	left	True	847697	849181	left	1	3	76
10	wpr	f	20	1	40	diamond	red	(724, 460)	high	dis	(533, 540)	N	same	vert	up	True	850341	851590	up	1	3	77
10	wpr	f	20	1	40	diamond	green	(724, 460)	high	dis	(533, 540)	N	dif	hori	left	True	852612	854485	left	1	3	78
10	wpr	f	20	1	40	circle	green	(757, 540)	low	dis	(724, 619)	N	same	vert	up	True	855522	856582	up	1	3	79
10	wpr	f	20	1	40	diamond	red	(724, 460)	high	no	no_dis	N	dif	hori	left	True	857670	858758	left	1	3	80
10	wpr	f	20	1	40	circle	green	(645, 652)	low	dis	(645, 428)	N	same	vert	up	True	859786	860725	up	1	3	81
10	wpr	f	20	1	40	diamond	green	(565, 619)	low	dis	(565, 460)	N	same	hori	left	True	861849	862893	left	1	3	82
10	wpr	f	20	1	40	circle	green	(757, 540)	low	no	no_dis	N	same	hori	left	True	864031	865525	left	1	3	83
10	wpr	f	20	1	40	diamond	green	(533, 540)	low	dis	(757, 540)	N	dif	vert	up	True	866662	867909	up	1	3	84
10	wpr	f	20	1	40	circle	green	(565, 460)	low	dis	(724, 460)	Y	dif	hori	left	True	869088	870357	left	1	3	85
10	wpr	f	20	1	40	circle	red	(724, 619)	low	no	no_dis	N	same	vert	up	True	871459	872622	up	1	3	86
10	wpr	f	20	1	40	circle	red	(724, 460)	high	dis	(565, 460)	N	dif	vert	up	True	873821	874925	up	1	3	87
10	wpr	f	20	1	40	circle	red	(724, 619)	low	no	no_dis	N	dif	vert	up	True	875965	877206	up	1	3	88
10	wpr	f	20	1	40	diamond	green	(533, 540)	low	dis	(757, 540)	N	same	hori	left	True	878247	879174	left	1	3	89
10	wpr	f	20	1	40	circle	red	(757, 540)	low	dis	(565, 619)	N	same	hori	left	True	880314	881653	left	1	3	90
10	wpr	f	20	1	40	circle	red	(724, 460)	high	dis	(645, 428)	N	same	hori	left	True	882739	884230	left	1	3	91
10	wpr	f	20	1	40	circle	red	(724, 460)	high	no	no_dis	N	dif	hori	left	True	885239	886054	left	1	3	92
10	wpr	f	20	1	40	diamond	red	(645, 652)	low	no	no_dis	N	same	hori	left	True	887082	888373	left	1	3	93
10	wpr	f	20	1	40	diamond	green	(645, 428)	low	no	no_dis	N	same	vert	up	True	889459	890446	up	1	3	94
10	wpr	f	20	1	40	diamond	red	(724, 460)	high	dis	(565, 619)	N	same	vert	up	True	891602	892669	up	1	3	95
10	wpr	f	20	1	40	diamond	green	(645, 428)	low	no	no_dis	N	dif	vert	up	True	893917	894685	up	1	3	96
10	wpr	f	20	1	40	circle	red	(724, 460)	high	dis	(565, 619)	N	same	vert	up	True	895835	897117	up	1	3	97
10	wpr	f	20	1	40	diamond	green	(724, 460)	high	no	no_dis	N	dif	vert	up	True	898251	899093	up	1	3	98
10	wpr	f	20	1	40	circle	green	(724, 460)	high	dis	(645, 652)	N	same	hori	left	True	900342	901181	left	1	3	99
10	wpr	f	20	1	40	circle	red	(645, 652)	low	dis	(645, 428)	N	dif	vert	up	True	902211	903309	up	1	3	100
10	wpr	f	20	1	40	circle	red	(757, 540)	low	dis	(645, 652)	N	dif	vert	up	True	904339	905613	up	1	3	101
10	wpr	f	20	1	40	diamond	red	(724, 460)	high	dis	(565, 619)	N	same	vert	up	True	906808	907765	up	1	3	102
10	wpr	f	20	1	40	circle	green	(724, 460)	high	dis	(724, 619)	N	same	hori	left	True	908877	910262	left	1	3	103
10	wpr	f	20	1	40	diamond	red	(724, 460)	high	dis	(645, 652)	N	same	hori	left	True	911384	912485	left	1	3	104
10	wpr	f	20	1	40	circle	green	(724, 460)	high	no	no_dis	N	same	hori	left	True	913545	914606	left	1	3	105
10	wpr	f	20	1	40	circle	red	(724, 619)	low	dis	(533, 540)	N	same	hori	left	True	915820	917173	left	1	3	106
10	wpr	f	20	1	40	circle	red	(724, 619)	low	no	no_dis	N	dif	hori	left	True	918290	919565	left	1	3	107
10	wpr	f	20	1	40	circle	green	(565, 619)	low	no	no_dis	N	dif	vert	up	True	920751	921781	up	1	3	108
10	wpr	f	20	1	40	diamond	red	(565, 460)	low	dis	(533, 540)	N	dif	vert	up	True	922957	924117	up	1	3	109
10	wpr	f	20	1	40	diamond	red	(757, 540)	low	dis	(645, 428)	N	same	vert	up	True	925188	926973	up	1	3	110
10	wpr	f	20	1	40	circle	green	(724, 619)	low	dis	(724, 460)	Y	dif	hori	left	True	928105	929109	left	1	3	111
10	wpr	f	20	1	40	diamond	red	(724, 460)	high	dis	(565, 460)	N	same	vert	up	True	930329	931213	up	1	3	112
10	wpr	f	20	1	40	circle	green	(565, 460)	low	dis	(724, 460)	Y	same	hori	left	True	932227	933685	left	1	3	113
10	wpr	f	20	1	40	diamond	green	(757, 540)	low	no	no_dis	N	same	vert	up	True	934825	935965	up	1	3	114
10	wpr	f	20	1	40	circle	green	(724, 460)	high	no	no_dis	N	same	vert	up	True	937176	938269	up	1	3	115
10	wpr	f	20	1	40	diamond	red	(645, 428)	low	dis	(565, 619)	N	dif	vert	up	True	939477	941381	up	1	3	116
10	wpr	f	20	1	40	diamond	green	(565, 460)	low	dis	(724, 460)	Y	same	hori	left	True	942532	943717	left	1	3	117
10	wpr	f	20	1	40	diamond	red	(565, 460)	low	no	no_dis	N	same	vert	up	True	944758	946189	up	1	3	118
10	wpr	f	20	1	40	circle	red	(645, 428)	low	dis	(565, 619)	N	same	hori	left	True	947220	948365	left	1	3	119
10	wpr	f	20	1	40	diamond	green	(724, 460)	high	dis	(757, 540)	N	dif	vert	up	True	949424	950437	up	1	3	120
10	wpr	f	20	1	40	circle	red	(724, 460)	high	no	no_dis	N	same	hori	left	True	983554	984646	left	1	4	1
10	wpr	f	20	1	40	circle	green	(645, 652)	low	no	no_dis	N	same	vert	up	True	985759	986989	up	1	4	2
10	wpr	f	20	1	40	circle	green	(565, 460)	low	dis	(645, 652)	N	same	hori	left	True	988177	988901	left	1	4	3
10	wpr	f	20	1	40	diamond	green	(565, 460)	low	dis	(533, 540)	N	dif	vert	up	True	989911	990757	up	1	4	4
10	wpr	f	20	1	40	diamond	green	(645, 428)	low	dis	(757, 540)	N	same	vert	up	True	991967	992933	up	1	4	5
10	wpr	f	20	1	40	diamond	red	(565, 460)	low	dis	(645, 428)	N	same	vert	up	True	994183	995149	up	1	4	6
10	wpr	f	20	1	40	circle	red	(724, 460)	high	no	no_dis	N	same	hori	left	True	996200	997021	left	1	4	7
10	wpr	f	20	1	40	circle	red	(645, 428)	low	dis	(565, 460)	N	dif	vert	up	True	998220	999317	up	1	4	8
10	wpr	f	20	1	40	diamond	green	(565, 460)	low	no	no_dis	N	dif	vert	up	True	1000385	1001357	up	1	4	9
10	wpr	f	20	1	40	diamond	green	(757, 540)	low	dis	(645, 428)	N	same	hori	left	True	1002387	1003230	left	1	4	10
10	wpr	f	20	1	40	diamond	green	(724, 460)	high	dis	(565, 619)	N	dif	vert	up	True	1004252	1005037	up	1	4	11
10	wpr	f	20	1	40	circle	red	(724, 460)	high	dis	(645, 652)	N	same	vert	up	True	1006049	1007398	up	1	4	12
10	wpr	f	20	1	40	circle	green	(724, 460)	high	dis	(645, 652)	N	same	hori	left	True	1008637	1009549	left	1	4	13
10	wpr	f	20	1	40	diamond	red	(724, 460)	high	no	no_dis	N	dif	vert	up	True	1010740	1011997	up	1	4	14
10	wpr	f	20	1	40	diamond	green	(565, 619)	low	no	no_dis	N	same	hori	left	True	1013056	1014069	left	1	4	15
10	wpr	f	20	1	40	diamond	red	(533, 540)	low	dis	(645, 428)	N	same	vert	up	True	1015219	1016309	up	1	4	16
10	wpr	f	20	1	40	circle	red	(645, 652)	low	no	no_dis	N	dif	hori	left	True	1017559	1018821	left	1	4	17
10	wpr	f	20	1	40	diamond	red	(724, 460)	high	no	no_dis	N	same	vert	up	True	1020020	1021165	up	1	4	18
10	wpr	f	20	1	40	diamond	green	(565, 460)	low	no	no_dis	N	same	hori	left	True	1022210	1023134	left	1	4	19
10	wpr	f	20	1	40	circle	green	(645, 428)	low	dis	(565, 460)	N	dif	hori	left	True	1024166	1025205	left	1	4	20
10	wpr	f	20	1	40	circle	red	(724, 460)	high	dis	(565, 619)	N	dif	hori	left	True	1026311	1027902	left	1	4	21
10	wpr	f	20	1	40	circle	green	(757, 540)	low	no	no_dis	N	dif	vert	up	True	1028947	1030229	up	1	4	22
10	wpr	f	20	1	40	circle	red	(645, 652)	low	dis	(533, 540)	N	same	hori	left	True	1031453	1032686	left	1	4	23
10	wpr	f	20	1	40	circle	red	(645, 428)	low	no	no_dis	N	same	vert	up	True	1033761	1034669	up	1	4	24
10	wpr	f	20	1	40	diamond	red	(645, 428)	low	dis	(565, 619)	N	dif	hori	left	True	1035789	1036821	left	1	4	25
10	wpr	f	20	1	40	circle	red	(724, 460)	high	dis	(724, 619)	N	dif	hori	left	True	1037830	1038925	left	1	4	26
10	wpr	f	20	1	40	circle	green	(645, 652)	low	dis	(724, 460)	Y	same	hori	left	True	1040116	1041485	left	1	4	27
10	wpr	f	20	1	40	circle	green	(724, 619)	low	dis	(724, 460)	Y	dif	hori	left	True	1042650	1043637	left	1	4	28
10	wpr	f	20	1	40	circle	red	(724, 460)	high	dis	(533, 540)	N	same	hori	left	True	1044726	1045750	left	1	4	29
10	wpr	f	20	1	40	circle	green	(724, 619)	low	dis	(645, 428)	N	same	vert	up	True	1046784	1048197	up	1	4	30
10	wpr	f	20	1	40	circle	red	(565, 460)	low	dis	(724, 619)	N	same	hori	left	True	1049273	1050093	left	1	4	31
10	wpr	f	20	1	40	diamond	red	(565, 619)	low	dis	(724, 460)	Y	dif	vert	up	True	1051202	1052197	up	1	4	32
10	wpr	f	20	1	40	circle	green	(724, 460)	high	dis	(533, 540)	N	same	vert	up	True	1053303	1054533	up	1	4	33
10	wpr	f	20	1	40	circle	green	(565, 460)	low	dis	(724, 460)	Y	dif	vert	up	True	1055789	1056917	up	1	4	34
10	wpr	f	20	1	40	diamond	red	(724, 460)	high	dis	(565, 460)	N	same	hori	left	True	1058049	1058909	left	1	4	35
10	wpr	f	20	1	40	diamond	green	(724, 460)	high	dis	(565, 619)	N	dif	vert	up	True	1060095	1061445	up	1	4	36
10	wpr	f	20	1	40	diamond	red	(724, 619)	low	no	no_dis	N	dif	vert	up	True	1062565	1063509	up	1	4	37
10	wpr	f	20	1	40	circle	green	(724, 460)	high	dis	(533, 540)	N	same	vert	up	True	1064544	1065205	up	1	4	38
10	wpr	f	20	1	40	diamond	red	(757, 540)	low	no	no_dis	N	dif	vert	up	True	1066452	1067557	up	1	4	39
10	wpr	f	20	1	40	diamond	green	(724, 460)	high	dis	(757, 540)	N	same	hori	left	True	1068669	1069853	left	1	4	40
10	wpr	f	20	1	40	circle	green	(645, 428)	low	dis	(533, 540)	N	dif	hori	left	True	1070927	1072173	left	1	4	41
10	wpr	f	20	1	40	circle	green	(724, 619)	low	no	no_dis	N	same	hori	left	True	1073355	1074598	left	1	4	42
10	wpr	f	20	1	40	diamond	green	(565, 619)	low	dis	(724, 619)	N	dif	vert	up	True	1075733	1076797	up	1	4	43
10	wpr	f	20	1	40	circle	red	(757, 540)	low	dis	(645, 652)	N	dif	hori	left	True	1077973	1079317	left	1	4	44
10	wpr	f	20	1	40	circle	green	(724, 460)	high	no	no_dis	N	dif	hori	left	True	1080469	1081278	left	1	4	45
10	wpr	f	20	1	40	diamond	green	(724, 460)	high	no	no_dis	N	dif	hori	left	True	1082397	1083733	left	1	4	46
10	wpr	f	20	1	40	circle	red	(757, 540)	low	no	no_dis	N	dif	hori	left	True	1084983	1086245	left	1	4	47
10	wpr	f	20	1	40	circle	red	(533, 540)	low	no	no_dis	N	same	vert	up	True	1087259	1088461	up	1	4	48
10	wpr	f	20	1	40	circle	red	(565, 619)	low	dis	(757, 540)	N	same	hori	left	True	1089516	1090813	left	1	4	49
10	wpr	f	20	1	40	circle	green	(533, 540)	low	no	no_dis	N	dif	hori	left	True	1091974	1092885	left	1	4	50
10	wpr	f	20	1	40	circle	red	(724, 619)	low	no	no_dis	N	dif	vert	up	True	1093930	1095325	up	1	4	51
10	wpr	f	20	1	40	diamond	red	(565, 460)	low	dis	(724, 619)	N	same	vert	up	True	1096381	1097325	up	1	4	52
10	wpr	f	20	1	40	diamond	red	(645, 652)	low	no	no_dis	N	same	hori	left	True	1098556	1100133	left	1	4	53
10	wpr	f	20	1	40	diamond	green	(533, 540)	low	dis	(757, 540)	N	dif	vert	up	True	1101261	1102189	up	1	4	54
10	wpr	f	20	1	40	diamond	green	(565, 460)	low	no	no_dis	N	same	hori	left	True	1103412	1104469	left	1	4	55
10	wpr	f	20	1	40	circle	green	(724, 460)	high	dis	(757, 540)	N	same	vert	up	True	1105493	1106685	up	1	4	56
10	wpr	f	20	1	40	diamond	green	(645, 652)	low	dis	(757, 540)	N	dif	vert	up	True	1107704	1109037	up	1	4	57
10	wpr	f	20	1	40	circle	red	(533, 540)	low	dis	(645, 428)	N	dif	hori	left	True	1110219	1111533	left	1	4	58
10	wpr	f	20	1	40	diamond	green	(724, 460)	high	no	no_dis	N	same	vert	up	True	1112540	1113877	up	1	4	59
10	wpr	f	20	1	40	circle	red	(724, 460)	high	dis	(565, 460)	N	dif	hori	left	True	1115080	1115982	left	1	4	60
10	wpr	f	20	1	40	circle	green	(533, 540)	low	dis	(724, 460)	Y	dif	hori	left	True	1117155	1118981	left	1	4	61
10	wpr	f	20	1	40	diamond	green	(724, 619)	low	dis	(757, 540)	N	same	vert	up	True	1120171	1121341	up	1	4	62
10	wpr	f	20	1	40	circle	red	(724, 619)	low	dis	(645, 652)	N	dif	vert	up	True	1122466	1124421	up	1	4	63
10	wpr	f	20	1	40	circle	green	(645, 428)	low	dis	(533, 540)	N	same	hori	left	True	1125426	1126813	left	1	4	64
10	wpr	f	20	1	40	diamond	red	(724, 619)	low	dis	(565, 460)	N	same	hori	left	True	1127874	1129205	left	1	4	65
10	wpr	f	20	1	40	circle	green	(724, 460)	high	no	no_dis	N	same	hori	left	True	1130382	1131550	left	1	4	66
10	wpr	f	20	1	40	diamond	green	(533, 540)	low	dis	(565, 619)	N	dif	vert	up	True	1132773	1133725	up	1	4	67
10	wpr	f	20	1	40	circle	green	(757, 540)	low	dis	(724, 619)	N	dif	vert	up	True	1134957	1136430	up	1	4	68
10	wpr	f	20	1	40	diamond	red	(724, 460)	high	dis	(565, 619)	N	dif	vert	up	True	1137676	1139077	up	1	4	69
10	wpr	f	20	1	40	circle	green	(724, 460)	high	dis	(757, 540)	N	dif	vert	up	True	1140131	1141157	up	1	4	70
10	wpr	f	20	1	40	circle	red	(565, 619)	low	dis	(724, 619)	N	dif	hori	left	True	1142343	1143701	left	1	4	71
10	wpr	f	20	1	40	circle	red	(724, 460)	high	no	no_dis	N	dif	hori	left	True	1144920	1146301	left	1	4	72
10	wpr	f	20	1	40	circle	green	(724, 460)	high	no	no_dis	N	dif	vert	up	True	1147334	1148797	up	1	4	73
10	wpr	f	20	1	40	diamond	red	(724, 460)	high	no	no_dis	N	dif	hori	left	True	1150005	1150941	left	1	4	74
10	wpr	f	20	1	40	diamond	green	(724, 460)	high	no	no_dis	N	dif	vert	up	True	1152149	1153445	up	1	4	75
10	wpr	f	20	1	40	diamond	green	(533, 540)	low	dis	(645, 652)	N	same	hori	left	True	1154680	1155718	left	1	4	76
10	wpr	f	20	1	40	diamond	red	(757, 540)	low	dis	(724, 460)	Y	same	hori	left	True	1156904	1157965	left	1	4	77
10	wpr	f	20	1	40	circle	green	(757, 540)	low	no	no_dis	N	dif	hori	left	True	1159070	1160461	left	1	4	78
10	wpr	f	20	1	40	diamond	red	(645, 428)	low	no	no_dis	N	dif	hori	left	True	1161568	1162541	left	1	4	79
10	wpr	f	20	1	40	diamond	green	(533, 540)	low	no	no_dis	N	same	vert	up	True	1163796	1164845	up	1	4	80
10	wpr	f	20	1	40	diamond	green	(724, 460)	high	dis	(757, 540)	N	dif	hori	left	True	1166098	1166949	left	1	4	81
10	wpr	f	20	1	40	circle	green	(565, 619)	low	dis	(724, 460)	Y	same	vert	up	True	1168074	1169477	up	1	4	82
10	wpr	f	20	1	40	diamond	red	(565, 619)	low	no	no_dis	N	same	hori	left	True	1170536	1171421	left	1	4	83
10	wpr	f	20	1	40	circle	green	(724, 460)	high	dis	(645, 428)	N	same	hori	left	True	1172582	1173942	left	1	4	84
10	wpr	f	20	1	40	circle	red	(724, 460)	high	dis	(645, 428)	N	same	vert	up	True	1175093	1177053	up	1	4	85
10	wpr	f	20	1	40	diamond	green	(724, 619)	low	dis	(565, 460)	N	dif	vert	up	True	1178226	1179189	up	1	4	86
10	wpr	f	20	1	40	circle	red	(724, 460)	high	no	no_dis	N	same	vert	up	True	1180278	1181397	up	1	4	87
10	wpr	f	20	1	40	diamond	green	(757, 540)	low	dis	(533, 540)	N	dif	hori	left	True	1182576	1184229	left	1	4	88
10	wpr	f	20	1	40	diamond	red	(724, 460)	high	dis	(724, 619)	N	dif	hori	left	True	1185317	1186373	left	1	4	89
10	wpr	f	20	1	40	diamond	red	(533, 540)	low	dis	(565, 619)	N	same	hori	left	True	1187431	1188565	left	1	4	90
10	wpr	f	20	1	40	diamond	red	(724, 460)	high	dis	(724, 619)	N	same	vert	up	True	1189732	1190629	up	1	4	91
10	wpr	f	20	1	40	diamond	red	(724, 460)	high	dis	(645, 652)	N	dif	vert	up	True	1191760	1192446	up	1	4	92
10	wpr	f	20	1	40	circle	green	(724, 460)	high	no	no_dis	N	same	hori	left	True	1193555	1194237	left	1	4	93
10	wpr	f	20	1	40	circle	red	(645, 652)	low	dis	(565, 619)	N	same	hori	left	True	1195279	1196669	left	1	4	94
10	wpr	f	20	1	40	circle	red	(645, 428)	low	dis	(533, 540)	N	same	vert	up	True	1197885	1198829	up	1	4	95
10	wpr	f	20	1	40	diamond	green	(724, 460)	high	dis	(565, 619)	N	same	hori	left	True	1199906	1200677	left	1	4	96
10	wpr	f	20	1	40	diamond	red	(724, 460)	high	dis	(724, 619)	N	same	hori	left	True	1201825	1202717	left	1	4	97
10	wpr	f	20	1	40	diamond	red	(565, 619)	low	no	no_dis	N	same	vert	up	True	1203956	1204717	up	1	4	98
10	wpr	f	20	1	40	circle	red	(724, 460)	high	dis	(565, 460)	N	dif	vert	up	True	1205751	1207277	up	1	4	99
10	wpr	f	20	1	40	diamond	green	(565, 619)	low	dis	(645, 652)	N	same	vert	up	True	1208501	1209373	up	1	4	100
10	wpr	f	20	1	40	circle	green	(645, 652)	low	dis	(645, 428)	N	dif	hori	left	True	1210519	1211373	left	1	4	101
10	wpr	f	20	1	40	diamond	green	(724, 460)	high	dis	(533, 540)	N	dif	vert	up	True	1212494	1213645	up	1	4	102
10	wpr	f	20	1	40	diamond	green	(533, 540)	low	no	no_dis	N	same	vert	up	True	1214677	1216165	up	1	4	103
10	wpr	f	20	1	40	diamond	red	(724, 460)	high	dis	(645, 652)	N	dif	hori	left	True	1217188	1218045	left	1	4	104
10	wpr	f	20	1	40	circle	red	(645, 652)	low	no	no_dis	N	dif	hori	left	True	1219291	1220797	left	1	4	105
10	wpr	f	20	1	40	circle	green	(645, 428)	low	no	no_dis	N	dif	vert	up	True	1221986	1222805	up	1	4	106
10	wpr	f	20	1	40	diamond	green	(724, 460)	high	no	no_dis	N	same	vert	up	True	1223899	1224661	up	1	4	107
10	wpr	f	20	1	40	circle	red	(724, 460)	high	dis	(565, 460)	N	dif	hori	left	True	1225686	1226318	left	1	4	108
10	wpr	f	20	1	40	diamond	red	(645, 652)	low	dis	(565, 619)	N	dif	vert	up	True	1227416	1228269	up	1	4	109
10	wpr	f	20	1	40	diamond	red	(565, 619)	low	dis	(724, 460)	Y	same	vert	up	True	1229271	1230278	up	1	4	110
10	wpr	f	20	1	40	diamond	red	(565, 460)	low	dis	(724, 619)	N	same	vert	up	True	1231364	1232125	up	1	4	111
10	wpr	f	20	1	40	diamond	green	(724, 460)	high	dis	(757, 540)	N	dif	hori	left	True	1233287	1234093	left	1	4	112
10	wpr	f	20	1	40	diamond	red	(724, 619)	low	dis	(565, 460)	N	dif	hori	left	True	1235299	1236157	left	1	4	113
10	wpr	f	20	1	40	diamond	red	(724, 460)	high	dis	(565, 460)	N	same	hori	left	True	1237314	1238013	left	1	4	114
10	wpr	f	20	1	40	circle	red	(757, 540)	low	dis	(724, 460)	Y	dif	hori	left	True	1239247	1240597	left	1	4	115
10	wpr	f	20	1	40	diamond	red	(724, 460)	high	no	no_dis	N	dif	vert	up	True	1241627	1242621	up	1	4	116
10	wpr	f	20	1	40	circle	green	(724, 460)	high	dis	(645, 428)	N	same	vert	up	True	1243742	1245629	up	1	4	117
10	wpr	f	20	1	40	diamond	green	(724, 460)	high	dis	(645, 652)	N	same	vert	up	True	1246725	1248261	up	1	4	118
10	wpr	f	20	1	40	circle	red	(645, 652)	low	dis	(724, 460)	Y	same	vert	up	True	1249437	1250645	up	1	4	119
10	wpr	f	20	1	40	circle	green	(724, 460)	high	dis	(645, 428)	N	dif	vert	up	True	1251850	1253037	up	1	4	120
10	wpr	f	20	1	40	diamond	green	(724, 460)	high	no	no_dis	N	dif	hori	left	True	1286407	1287389	left	1	5	1
10	wpr	f	20	1	40	circle	red	(724, 460)	high	no	no_dis	N	same	hori	left	True	1288616	1289781	left	1	5	2
10	wpr	f	20	1	40	diamond	green	(724, 460)	high	no	no_dis	N	same	vert	up	True	1291019	1291885	up	1	5	3
10	wpr	f	20	1	40	circle	green	(724, 460)	high	dis	(533, 540)	N	same	hori	left	True	1293118	1293813	left	1	5	4
10	wpr	f	20	1	40	diamond	red	(724, 460)	high	no	no_dis	N	same	hori	left	True	1294964	1295717	left	1	5	5
10	wpr	f	20	1	40	circle	green	(724, 460)	high	dis	(533, 540)	N	dif	vert	up	True	1296741	1297893	up	1	5	6
10	wpr	f	20	1	40	diamond	red	(645, 652)	low	dis	(565, 460)	N	dif	vert	up	True	1299016	1300037	up	1	5	7
10	wpr	f	20	1	40	diamond	red	(724, 460)	high	no	no_dis	N	dif	hori	left	True	1301048	1301741	left	1	5	8
10	wpr	f	20	1	40	diamond	red	(645, 652)	low	no	no_dis	N	dif	hori	left	True	1302878	1303797	left	1	5	9
10	wpr	f	20	1	40	diamond	green	(645, 652)	low	no	no_dis	N	same	hori	left	True	1305045	1305845	left	1	5	10
10	wpr	f	20	1	40	circle	red	(724, 619)	low	dis	(724, 460)	Y	same	vert	up	True	1306974	1308549	up	1	5	11
10	wpr	f	20	1	40	diamond	red	(724, 460)	high	dis	(565, 460)	N	same	hori	left	True	1309639	1310333	left	1	5	12
10	wpr	f	20	1	40	circle	green	(724, 460)	high	dis	(757, 540)	N	same	hori	left	True	1311549	1312805	left	1	5	13
10	wpr	f	20	1	40	circle	green	(645, 652)	low	dis	(565, 619)	N	dif	hori	left	True	1313878	1315277	left	1	5	14
10	wpr	f	20	1	40	circle	green	(645, 428)	low	dis	(645, 652)	N	same	hori	left	True	1316515	1317413	left	1	5	15
10	wpr	f	20	1	40	diamond	red	(645, 652)	low	dis	(724, 460)	Y	same	vert	up	True	1318462	1319501	up	1	5	16
10	wpr	f	20	1	40	circle	red	(757, 540)	low	no	no_dis	N	same	vert	up	True	1320737	1321597	up	1	5	17
10	wpr	f	20	1	40	diamond	green	(757, 540)	low	no	no_dis	N	dif	hori	left	True	1322765	1323949	left	1	5	18
10	wpr	f	20	1	40	diamond	green	(757, 540)	low	dis	(565, 460)	N	dif	vert	up	True	1325153	1326349	up	1	5	19
10	wpr	f	20	1	40	diamond	green	(724, 460)	high	dis	(757, 540)	N	same	vert	up	True	1327485	1329021	up	1	5	20
10	wpr	f	20	1	40	circle	red	(645, 428)	low	dis	(757, 540)	N	dif	vert	up	True	1330247	1331438	up	1	5	21
10	wpr	f	20	1	40	diamond	red	(757, 540)	low	no	no_dis	N	dif	vert	up	True	1332447	1333397	up	1	5	22
10	wpr	f	20	1	40	circle	green	(724, 460)	high	no	no_dis	N	same	hori	left	True	1334502	1335717	left	1	5	23
10	wpr	f	20	1	40	diamond	red	(724, 460)	high	no	no_dis	N	same	vert	up	True	1336947	1338022	up	1	5	24
10	wpr	f	20	1	40	diamond	red	(724, 619)	low	no	no_dis	N	same	hori	left	True	1339140	1340069	left	1	5	25
10	wpr	f	20	1	40	circle	green	(533, 540)	low	no	no_dis	N	same	hori	left	True	1341132	1341941	left	1	5	26
10	wpr	f	20	1	40	circle	green	(565, 619)	low	no	no_dis	N	dif	vert	up	True	1343186	1344117	up	1	5	27
10	wpr	f	20	1	40	circle	red	(645, 428)	low	dis	(724, 460)	Y	same	hori	left	True	1345213	1346733	left	1	5	28
10	wpr	f	20	1	40	circle	green	(565, 460)	low	no	no_dis	N	same	vert	up	True	1347751	1348829	up	1	5	29
10	wpr	f	20	1	40	circle	green	(533, 540)	low	no	no_dis	N	same	hori	left	True	1349836	1351269	left	1	5	30
10	wpr	f	20	1	40	circle	green	(724, 619)	low	no	no_dis	N	dif	vert	up	True	1352357	1353118	up	1	5	31
10	wpr	f	20	1	40	circle	green	(724, 460)	high	no	no_dis	N	same	vert	up	True	1354268	1355453	up	1	5	32
10	wpr	f	20	1	40	diamond	red	(757, 540)	low	dis	(565, 619)	N	same	hori	left	True	1356700	1357933	left	1	5	33
10	wpr	f	20	1	40	diamond	green	(757, 540)	low	dis	(533, 540)	N	same	hori	left	True	1359103	1360229	left	1	5	34
10	wpr	f	20	1	40	diamond	green	(724, 460)	high	dis	(565, 460)	N	same	hori	left	True	1361266	1362549	left	1	5	35
10	wpr	f	20	1	40	diamond	red	(724, 460)	high	dis	(533, 540)	N	dif	hori	left	True	1363748	1365013	left	1	5	36
10	wpr	f	20	1	40	circle	red	(724, 460)	high	dis	(645, 428)	N	dif	hori	left	True	1366258	1368109	left	1	5	37
10	wpr	f	20	1	40	diamond	green	(565, 619)	low	dis	(724, 460)	Y	same	vert	up	True	1369276	1370221	up	1	5	38
10	wpr	f	20	1	40	circle	green	(724, 460)	high	no	no_dis	N	dif	hori	left	True	1371453	1372045	left	1	5	39
10	wpr	f	20	1	40	circle	red	(565, 460)	low	no	no_dis	N	dif	hori	left	True	1373153	1373869	left	1	5	40
10	wpr	f	20	1	40	circle	red	(565, 619)	low	no	no_dis	N	same	vert	up	True	1374968	1375733	up	1	5	41
10	wpr	f	20	1	40	diamond	green	(645, 652)	low	dis	(565, 619)	N	same	vert	up	True	1376891	1377917	up	1	5	42
10	wpr	f	20	1	40	circle	red	(565, 460)	low	dis	(757, 540)	N	same	vert	up	True	1379080	1380021	up	1	5	43
10	wpr	f	20	1	40	circle	green	(724, 619)	low	dis	(724, 460)	Y	dif	hori	left	True	1381080	1382021	left	1	5	44
10	wpr	f	20	1	40	circle	green	(533, 540)	low	dis	(645, 428)	N	dif	hori	left	True	1383155	1384245	left	1	5	45
10	wpr	f	20	1	40	circle	red	(724, 460)	high	dis	(724, 619)	N	same	vert	up	True	1385437	1386437	up	1	5	46
10	wpr	f	20	1	40	diamond	green	(724, 460)	high	dis	(565, 619)	N	same	hori	left	True	1387542	1388469	left	1	5	47
10	wpr	f	20	1	40	diamond	green	(565, 619)	low	no	no_dis	N	dif	hori	left	True	1389530	1390885	left	1	5	48
10	wpr	f	20	1	40	circle	red	(533, 540)	low	no	no_dis	N	same	vert	up	True	1391990	1393013	up	1	5	49
10	wpr	f	20	1	40	circle	red	(565, 619)	low	dis	(724, 619)	N	dif	hori	left	True	1394167	1394981	left	1	5	50
10	wpr	f	20	1	40	circle	red	(724, 460)	high	no	no_dis	N	dif	hori	left	True	1396175	1397661	left	1	5	51
10	wpr	f	20	1	40	diamond	green	(724, 619)	low	no	no_dis	N	same	vert	up	True	1398763	1399485	up	1	5	52
10	wpr	f	20	1	40	circle	green	(724, 460)	high	dis	(565, 460)	N	same	hori	left	True	1400585	1401357	left	1	5	53
10	wpr	f	20	1	40	circle	red	(724, 460)	high	dis	(533, 540)	N	dif	hori	left	True	1402438	1403221	left	1	5	54
10	wpr	f	20	1	40	diamond	red	(533, 540)	low	dis	(645, 428)	N	same	vert	up	True	1404410	1405413	up	1	5	55
10	wpr	f	20	1	40	diamond	green	(565, 619)	low	dis	(565, 460)	N	dif	vert	up	True	1406463	1407389	up	1	5	56
10	wpr	f	20	1	40	diamond	green	(724, 460)	high	no	no_dis	N	dif	vert	up	True	1408607	1409413	up	1	5	57
10	wpr	f	20	1	40	circle	red	(645, 428)	low	no	no_dis	N	dif	hori	left	True	1410550	1411564	left	1	5	58
10	wpr	f	20	1	40	circle	green	(757, 540)	low	dis	(645, 652)	N	same	hori	left	True	1412640	1413589	left	1	5	59
10	wpr	f	20	1	40	circle	green	(757, 540)	low	no	no_dis	N	dif	vert	up	True	1414824	1415581	up	1	5	60
10	wpr	f	20	1	40	diamond	green	(724, 460)	high	dis	(645, 652)	N	same	vert	up	True	1416753	1417461	up	1	5	61
10	wpr	f	20	1	40	circle	red	(724, 460)	high	dis	(565, 460)	N	dif	vert	up	True	1418537	1419661	up	1	5	62
10	wpr	f	20	1	40	circle	green	(645, 428)	low	dis	(645, 652)	N	dif	vert	up	True	1420849	1421733	up	1	5	63
10	wpr	f	20	1	40	diamond	red	(565, 460)	low	dis	(757, 540)	N	same	vert	up	True	1422820	1423517	up	1	5	64
10	wpr	f	20	1	40	diamond	green	(724, 619)	low	dis	(645, 652)	N	same	vert	up	True	1424630	1425245	up	1	5	65
10	wpr	f	20	1	40	diamond	green	(724, 460)	high	dis	(645, 428)	N	dif	vert	up	True	1426400	1427213	up	1	5	66
10	wpr	f	20	1	40	diamond	red	(724, 460)	high	dis	(757, 540)	N	same	vert	up	True	1428383	1429117	up	1	5	67
10	wpr	f	20	1	40	circle	red	(757, 540)	low	dis	(565, 460)	N	dif	hori	left	True	1430315	1431093	left	1	5	68
10	wpr	f	20	1	40	diamond	green	(724, 460)	high	dis	(565, 619)	N	dif	hori	left	True	1432343	1433029	left	1	5	69
10	wpr	f	20	1	40	circle	green	(565, 460)	low	dis	(724, 619)	N	dif	vert	up	True	1434245	1435692	up	1	5	70
10	wpr	f	20	1	40	diamond	red	(565, 619)	low	dis	(645, 428)	N	dif	hori	left	True	1436731	1437877	left	1	5	71
10	wpr	f	20	1	40	diamond	red	(724, 619)	low	dis	(565, 619)	N	same	hori	left	True	1439095	1439853	left	1	5	72
10	wpr	f	20	1	40	circle	green	(724, 460)	high	dis	(645, 652)	N	dif	vert	up	True	1440891	1441773	up	1	5	73
10	wpr	f	20	1	40	diamond	red	(645, 652)	low	no	no_dis	N	same	hori	left	True	1442972	1443972	left	1	5	74
10	wpr	f	20	1	40	circle	green	(724, 460)	high	no	no_dis	N	dif	vert	up	True	1445064	1446213	up	1	5	75
10	wpr	f	20	1	40	diamond	red	(533, 540)	low	dis	(645, 428)	N	same	hori	left	True	1447266	1448157	left	1	5	76
10	wpr	f	20	1	40	circle	green	(724, 460)	high	dis	(645, 652)	N	dif	hori	left	True	1449265	1450309	left	1	5	77
10	wpr	f	20	1	40	circle	red	(645, 652)	low	dis	(724, 460)	Y	dif	hori	left	True	1451334	1452293	left	1	5	78
10	wpr	f	20	1	40	circle	red	(724, 460)	high	dis	(565, 619)	N	same	vert	up	True	1453352	1454413	up	1	5	79
10	wpr	f	20	1	40	diamond	green	(724, 460)	high	no	no_dis	N	same	hori	left	True	1455616	1456245	left	1	5	80
10	wpr	f	20	1	40	diamond	green	(724, 460)	high	dis	(645, 428)	N	same	vert	up	True	1457312	1458077	up	1	5	81
10	wpr	f	20	1	40	diamond	green	(533, 540)	low	dis	(645, 428)	N	same	vert	up	True	1459322	1460141	up	1	5	82
10	wpr	f	20	1	40	diamond	red	(724, 460)	high	dis	(645, 652)	N	same	hori	left	True	1461352	1461965	up	0	5	83
10	wpr	f	20	1	40	diamond	red	(724, 460)	high	dis	(757, 540)	N	same	vert	up	True	1464514	1465637	up	1	5	84
10	wpr	f	20	1	40	diamond	red	(645, 428)	low	no	no_dis	N	dif	vert	up	True	1466874	1467677	up	1	5	85
10	wpr	f	20	1	40	circle	red	(565, 619)	low	dis	(533, 540)	N	dif	vert	up	True	1468897	1469717	up	1	5	86
10	wpr	f	20	1	40	circle	red	(724, 460)	high	dis	(645, 428)	N	same	hori	left	True	1470923	1472068	left	1	5	87
10	wpr	f	20	1	40	diamond	red	(565, 460)	low	dis	(724, 460)	Y	dif	hori	left	True	1473249	1474253	left	1	5	88
10	wpr	f	20	1	40	diamond	red	(724, 460)	high	dis	(724, 619)	N	dif	hori	left	True	1475389	1476357	left	1	5	89
10	wpr	f	20	1	40	circle	red	(724, 460)	high	dis	(724, 619)	N	dif	hori	left	True	1477552	1478269	left	1	5	90
10	wpr	f	20	1	40	circle	red	(724, 460)	high	dis	(533, 540)	N	dif	hori	left	True	1479299	1479973	left	1	5	91
10	wpr	f	20	1	40	diamond	green	(757, 540)	low	dis	(724, 619)	N	same	vert	up	True	1480996	1481812	up	1	5	92
10	wpr	f	20	1	40	diamond	green	(565, 460)	low	no	no_dis	N	same	hori	left	True	1482913	1483916	left	1	5	93
10	wpr	f	20	1	40	circle	red	(533, 540)	low	dis	(645, 428)	N	dif	vert	up	True	1484945	1485829	up	1	5	94
10	wpr	f	20	1	40	circle	green	(645, 652)	low	dis	(724, 619)	N	dif	vert	up	True	1486921	1488021	left	0	5	95
10	wpr	f	20	1	40	circle	green	(724, 619)	low	dis	(757, 540)	N	dif	vert	up	True	1490581	1492133	up	1	5	96
10	wpr	f	20	1	40	diamond	green	(533, 540)	low	dis	(724, 460)	Y	dif	vert	up	True	1493204	1493974	up	1	5	97
10	wpr	f	20	1	40	circle	red	(724, 619)	low	no	no_dis	N	same	vert	up	True	1495208	1496221	up	1	5	98
10	wpr	f	20	1	40	diamond	red	(724, 619)	low	dis	(565, 619)	N	same	hori	left	True	1497428	1498596	left	1	5	99
10	wpr	f	20	1	40	circle	red	(724, 460)	high	no	no_dis	N	dif	vert	up	True	1499820	1501133	up	1	5	100
10	wpr	f	20	1	40	diamond	green	(724, 460)	high	dis	(724, 619)	N	dif	vert	up	True	1502184	1503309	up	1	5	101
10	wpr	f	20	1	40	circle	green	(565, 460)	low	dis	(757, 540)	N	dif	hori	left	True	1504367	1505461	left	1	5	102
10	wpr	f	20	1	40	diamond	green	(565, 619)	low	dis	(565, 460)	N	same	hori	left	True	1506506	1507980	left	1	5	103
10	wpr	f	20	1	40	circle	green	(565, 619)	low	dis	(724, 460)	Y	dif	hori	left	True	1509215	1510069	left	1	5	104
10	wpr	f	20	1	40	circle	red	(645, 652)	low	dis	(757, 540)	N	dif	hori	left	True	1511311	1512652	left	1	5	105
10	wpr	f	20	1	40	diamond	red	(565, 619)	low	no	no_dis	N	dif	hori	left	True	1513882	1514869	left	1	5	106
10	wpr	f	20	1	40	circle	red	(757, 540)	low	dis	(533, 540)	N	same	hori	left	True	1516114	1517013	left	1	5	107
10	wpr	f	20	1	40	circle	red	(724, 460)	high	no	no_dis	N	dif	vert	up	True	1518096	1519213	up	1	5	108
10	wpr	f	20	1	40	circle	red	(724, 619)	low	dis	(533, 540)	N	dif	vert	up	True	1520312	1521437	up	1	5	109
10	wpr	f	20	1	40	diamond	red	(645, 428)	low	dis	(565, 619)	N	same	hori	left	True	1522562	1523349	left	1	5	110
10	wpr	f	20	1	40	circle	green	(533, 540)	low	dis	(645, 652)	N	dif	hori	left	True	1524473	1525301	left	1	5	111
10	wpr	f	20	1	40	diamond	red	(565, 460)	low	dis	(724, 460)	Y	same	vert	up	True	1526372	1527869	up	1	5	112
10	wpr	f	20	1	40	diamond	green	(645, 428)	low	no	no_dis	N	dif	vert	up	True	1528900	1530022	up	1	5	113
10	wpr	f	20	1	40	circle	green	(724, 460)	high	dis	(645, 652)	N	dif	vert	up	True	1531227	1532901	up	1	5	114
10	wpr	f	20	1	40	circle	green	(724, 460)	high	dis	(565, 460)	N	dif	vert	up	True	1534135	1534989	up	1	5	115
10	wpr	f	20	1	40	diamond	red	(724, 460)	high	dis	(724, 619)	N	dif	vert	up	True	1536193	1536869	up	1	5	116
10	wpr	f	20	1	40	diamond	green	(645, 428)	low	dis	(724, 619)	N	same	vert	up	True	1537992	1539141	up	1	5	117
10	wpr	f	20	1	40	diamond	green	(565, 460)	low	dis	(533, 540)	N	same	hori	left	True	1540349	1541436	left	1	5	118
10	wpr	f	20	1	40	diamond	red	(724, 460)	high	dis	(565, 619)	N	same	vert	up	True	1542584	1543733	up	1	5	119
10	wpr	f	20	1	40	diamond	red	(724, 460)	high	no	no_dis	N	same	vert	up	True	1544856	1545741	up	1	5	120
10	wpr	f	20	1	40	circle	green	(645, 428)	low	dis	(533, 540)	N	same	hori	left	True	1590635	1591549	left	1	6	1
10	wpr	f	20	1	40	diamond	red	(645, 428)	low	dis	(645, 652)	N	same	vert	up	True	1592562	1593341	up	1	6	2
10	wpr	f	20	1	40	circle	red	(724, 460)	high	dis	(645, 652)	N	dif	hori	left	True	1594467	1595325	left	1	6	3
10	wpr	f	20	1	40	circle	green	(724, 460)	high	dis	(565, 460)	N	same	vert	up	True	1596564	1597373	up	1	6	4
10	wpr	f	20	1	40	diamond	green	(645, 428)	low	no	no_dis	N	dif	vert	up	True	1598596	1599340	up	1	6	5
10	wpr	f	20	1	40	diamond	green	(724, 460)	high	dis	(757, 540)	N	same	vert	up	True	1600514	1601501	up	1	6	6
10	wpr	f	20	1	40	diamond	red	(533, 540)	low	dis	(724, 619)	N	same	vert	up	True	1602561	1603693	up	1	6	7
10	wpr	f	20	1	40	diamond	red	(565, 460)	low	dis	(565, 619)	N	dif	hori	left	True	1604804	1605957	left	1	6	8
10	wpr	f	20	1	40	diamond	red	(565, 619)	low	dis	(724, 460)	Y	dif	vert	up	True	1607095	1607981	up	1	6	9
10	wpr	f	20	1	40	circle	red	(565, 460)	low	dis	(757, 540)	N	dif	hori	left	True	1609072	1609965	left	1	6	10
10	wpr	f	20	1	40	circle	green	(724, 619)	low	dis	(565, 619)	N	same	hori	left	True	1610994	1612157	left	1	6	11
10	wpr	f	20	1	40	diamond	green	(645, 652)	low	dis	(724, 460)	Y	dif	hori	left	True	1613251	1614229	left	1	6	12
10	wpr	f	20	1	40	circle	red	(757, 540)	low	dis	(565, 619)	N	dif	vert	up	True	1615451	1616309	up	1	6	13
10	wpr	f	20	1	40	diamond	red	(724, 460)	high	no	no_dis	N	same	vert	up	True	1617476	1618629	up	1	6	14
10	wpr	f	20	1	40	circle	green	(757, 540)	low	no	no_dis	N	dif	vert	up	True	1619866	1621116	up	1	6	15
10	wpr	f	20	1	40	circle	green	(645, 652)	low	dis	(724, 460)	Y	same	vert	up	True	1622236	1623365	up	1	6	16
10	wpr	f	20	1	40	circle	green	(724, 619)	low	dis	(565, 460)	N	dif	vert	up	True	1624524	1626164	up	1	6	17
10	wpr	f	20	1	40	diamond	green	(565, 619)	low	dis	(757, 540)	N	dif	vert	up	True	1627311	1628117	up	1	6	18
10	wpr	f	20	1	40	circle	green	(565, 460)	low	dis	(724, 619)	N	dif	vert	up	True	1629271	1630101	up	1	6	19
10	wpr	f	20	1	40	diamond	red	(724, 619)	low	no	no_dis	N	dif	hori	left	True	1631267	1632140	left	1	6	20
10	wpr	f	20	1	40	diamond	red	(724, 460)	high	dis	(645, 652)	N	same	vert	up	True	1633169	1634245	up	1	6	21
10	wpr	f	20	1	40	circle	green	(565, 619)	low	no	no_dis	N	same	vert	up	True	1635327	1636597	up	1	6	22
10	wpr	f	20	1	40	circle	red	(724, 619)	low	dis	(724, 460)	Y	same	vert	up	True	1637704	1639060	up	1	6	23
10	wpr	f	20	1	40	circle	red	(645, 652)	low	dis	(724, 619)	N	dif	vert	up	True	1640252	1641388	up	1	6	24
10	wpr	f	20	1	40	circle	green	(724, 460)	high	no	no_dis	N	dif	hori	left	True	1642575	1643501	left	1	6	25
10	wpr	f	20	1	40	circle	red	(724, 460)	high	no	no_dis	N	same	vert	up	True	1644604	1645341	up	1	6	26
10	wpr	f	20	1	40	diamond	red	(757, 540)	low	dis	(645, 428)	N	same	vert	up	True	1646530	1647525	up	1	6	27
10	wpr	f	20	1	40	circle	green	(645, 652)	low	dis	(533, 540)	N	same	vert	up	True	1648555	1649765	up	1	6	28
10	wpr	f	20	1	40	circle	red	(724, 460)	high	no	no_dis	N	same	hori	left	True	1651001	1652013	left	1	6	29
10	wpr	f	20	1	40	diamond	red	(724, 460)	high	dis	(645, 652)	N	dif	hori	left	True	1653266	1654589	left	1	6	30
10	wpr	f	20	1	40	diamond	red	(724, 619)	low	dis	(645, 652)	N	same	hori	left	True	1655620	1656773	left	1	6	31
10	wpr	f	20	1	40	circle	green	(565, 460)	low	no	no_dis	N	same	hori	left	True	1657816	1658925	left	1	6	32
10	wpr	f	20	1	40	diamond	red	(724, 460)	high	no	no_dis	N	dif	hori	left	True	1660162	1660917	left	1	6	33
10	wpr	f	20	1	40	circle	red	(724, 619)	low	no	no_dis	N	same	hori	left	True	1662014	1662821	left	1	6	34
10	wpr	f	20	1	40	diamond	red	(724, 460)	high	no	no_dis	N	dif	vert	up	True	1663916	1664781	up	1	6	35
10	wpr	f	20	1	40	circle	green	(565, 619)	low	no	no_dis	N	same	vert	up	True	1665991	1667148	up	1	6	36
10	wpr	f	20	1	40	diamond	green	(724, 460)	high	no	no_dis	N	dif	hori	left	True	1668163	1668884	left	1	6	37
10	wpr	f	20	1	40	diamond	green	(645, 652)	low	no	no_dis	N	dif	vert	up	True	1670110	1671061	up	1	6	38
10	wpr	f	20	1	40	diamond	green	(565, 460)	low	dis	(724, 460)	Y	dif	hori	left	True	1672179	1672901	left	1	6	39
10	wpr	f	20	1	40	circle	red	(533, 540)	low	dis	(565, 460)	N	dif	vert	up	True	1674091	1675141	up	1	6	40
10	wpr	f	20	1	40	diamond	green	(645, 652)	low	dis	(724, 619)	N	same	hori	left	True	1676155	1677141	left	1	6	41
10	wpr	f	20	1	40	circle	green	(565, 619)	low	dis	(645, 428)	N	same	vert	up	True	1678165	1679621	up	1	6	42
10	wpr	f	20	1	40	circle	green	(533, 540)	low	no	no_dis	N	dif	hori	left	True	1680677	1681789	left	1	6	43
10	wpr	f	20	1	40	diamond	red	(724, 460)	high	dis	(565, 460)	N	same	hori	left	True	1682930	1683916	left	1	6	44
10	wpr	f	20	1	40	circle	red	(645, 652)	low	no	no_dis	N	same	hori	left	True	1684985	1686357	left	1	6	45
10	wpr	f	20	1	40	diamond	green	(724, 460)	high	no	no_dis	N	dif	hori	left	True	1687375	1688284	left	1	6	46
10	wpr	f	20	1	40	diamond	red	(645, 428)	low	no	no_dis	N	same	hori	left	True	1689442	1690189	left	1	6	47
10	wpr	f	20	1	40	circle	green	(724, 619)	low	dis	(724, 460)	Y	dif	vert	up	True	1691331	1692261	up	1	6	48
10	wpr	f	20	1	40	circle	red	(757, 540)	low	dis	(533, 540)	N	dif	hori	left	True	1693385	1694141	left	1	6	49
10	wpr	f	20	1	40	diamond	green	(724, 460)	high	dis	(724, 619)	N	dif	vert	up	True	1695242	1696092	up	1	6	50
10	wpr	f	20	1	40	circle	red	(724, 460)	high	dis	(645, 428)	N	same	hori	left	True	1697347	1698237	left	1	6	51
10	wpr	f	20	1	40	circle	red	(565, 619)	low	dis	(724, 460)	Y	dif	hori	left	True	1699359	1700316	left	1	6	52
10	wpr	f	20	1	40	diamond	red	(724, 619)	low	no	no_dis	N	dif	hori	left	True	1701355	1702285	left	1	6	53
10	wpr	f	20	1	40	diamond	red	(724, 460)	high	dis	(565, 460)	N	dif	hori	left	True	1703506	1704165	left	1	6	54
10	wpr	f	20	1	40	circle	red	(533, 540)	low	no	no_dis	N	same	vert	up	True	1705286	1706061	up	1	6	55
10	wpr	f	20	1	40	diamond	red	(533, 540)	low	dis	(565, 460)	N	dif	hori	left	True	1707158	1707877	left	1	6	56
10	wpr	f	20	1	40	circle	red	(724, 460)	high	dis	(565, 619)	N	dif	hori	left	True	1709012	1709845	left	1	6	57
10	wpr	f	20	1	40	circle	green	(724, 460)	high	dis	(645, 652)	N	dif	hori	left	True	1710859	1711692	left	1	6	58
10	wpr	f	20	1	40	diamond	green	(724, 460)	high	dis	(757, 540)	N	dif	hori	left	True	1712864	1713653	left	1	6	59
10	wpr	f	20	1	40	diamond	red	(533, 540)	low	dis	(757, 540)	N	dif	hori	left	True	1714892	1716077	left	1	6	60
10	wpr	f	20	1	40	diamond	green	(645, 428)	low	dis	(533, 540)	N	same	hori	left	True	1717241	1718053	left	1	6	61
10	wpr	f	20	1	40	diamond	green	(724, 460)	high	dis	(533, 540)	N	same	vert	up	True	1719225	1720028	up	1	6	62
10	wpr	f	20	1	40	diamond	red	(565, 619)	low	no	no_dis	N	same	hori	left	True	1721154	1721901	left	1	6	63
10	wpr	f	20	1	40	circle	red	(565, 619)	low	dis	(533, 540)	N	dif	vert	up	True	1723099	1724461	up	1	6	64
10	wpr	f	20	1	40	circle	green	(724, 460)	high	dis	(565, 619)	N	dif	vert	up	True	1725480	1726357	up	1	6	65
10	wpr	f	20	1	40	diamond	green	(565, 460)	low	no	no_dis	N	same	hori	left	True	1727570	1728437	left	1	6	66
10	wpr	f	20	1	40	diamond	red	(724, 460)	high	no	no_dis	N	same	hori	left	True	1729692	1730532	left	1	6	67
10	wpr	f	20	1	40	diamond	red	(645, 428)	low	dis	(724, 460)	Y	same	vert	up	True	1731688	1732437	up	1	6	68
10	wpr	f	20	1	40	diamond	red	(645, 428)	low	no	no_dis	N	dif	hori	left	True	1733611	1734365	left	1	6	69
10	wpr	f	20	1	40	diamond	green	(757, 540)	low	dis	(724, 619)	N	same	vert	up	True	1735479	1736845	up	1	6	70
10	wpr	f	20	1	40	circle	green	(724, 619)	low	no	no_dis	N	dif	hori	left	True	1738005	1738773	left	1	6	71
10	wpr	f	20	1	40	circle	green	(724, 460)	high	no	no_dis	N	same	hori	left	True	1739804	1740965	left	1	6	72
10	wpr	f	20	1	40	diamond	red	(724, 460)	high	dis	(645, 428)	N	dif	hori	left	True	1742017	1742860	left	1	6	73
10	wpr	f	20	1	40	circle	red	(645, 652)	low	dis	(645, 428)	N	dif	hori	left	True	1743891	1745045	left	1	6	74
10	wpr	f	20	1	40	diamond	green	(724, 460)	high	dis	(533, 540)	N	same	vert	up	True	1746135	1746877	up	1	6	75
10	wpr	f	20	1	40	diamond	red	(724, 460)	high	dis	(757, 540)	N	same	hori	left	True	1747930	1748629	left	1	6	76
10	wpr	f	20	1	40	circle	red	(645, 652)	low	no	no_dis	N	dif	vert	up	True	1749846	1750916	up	1	6	77
10	wpr	f	20	1	40	diamond	green	(724, 460)	high	dis	(645, 428)	N	same	hori	left	True	1751980	1753149	left	1	6	78
10	wpr	f	20	1	40	circle	green	(533, 540)	low	dis	(757, 540)	N	same	hori	left	True	1754389	1755588	left	1	6	79
10	wpr	f	20	1	40	circle	green	(724, 460)	high	dis	(533, 540)	N	same	vert	up	True	1756752	1757412	up	1	6	80
10	wpr	f	20	1	40	circle	green	(724, 460)	high	no	no_dis	N	dif	vert	up	True	1758529	1759141	up	1	6	81
10	wpr	f	20	1	40	circle	red	(724, 460)	high	dis	(565, 619)	N	same	hori	left	True	1760234	1760932	left	1	6	82
10	wpr	f	20	1	40	circle	red	(533, 540)	low	no	no_dis	N	dif	hori	left	True	1762035	1762957	left	1	6	83
10	wpr	f	20	1	40	circle	green	(724, 460)	high	dis	(533, 540)	N	same	vert	up	True	1764173	1764829	up	1	6	84
10	wpr	f	20	1	40	circle	green	(565, 460)	low	dis	(645, 652)	N	same	hori	left	True	1765928	1766989	left	1	6	85
10	wpr	f	20	1	40	circle	green	(724, 460)	high	dis	(724, 619)	N	same	vert	up	True	1768030	1769013	up	1	6	86
10	wpr	f	20	1	40	diamond	red	(757, 540)	low	no	no_dis	N	dif	vert	up	True	1770029	1771125	up	1	6	87
10	wpr	f	20	1	40	diamond	red	(724, 460)	high	dis	(565, 460)	N	dif	vert	up	True	1772204	1772909	up	1	6	88
10	wpr	f	20	1	40	circle	red	(645, 428)	low	dis	(565, 460)	N	same	hori	left	True	1774118	1775645	left	1	6	89
10	wpr	f	20	1	40	circle	green	(724, 460)	high	dis	(565, 460)	N	dif	vert	up	True	1776842	1777653	up	1	6	90
10	wpr	f	20	1	40	circle	red	(724, 460)	high	dis	(724, 619)	N	dif	vert	up	True	1778831	1779845	up	1	6	91
10	wpr	f	20	1	40	circle	green	(724, 460)	high	no	no_dis	N	dif	vert	up	True	1780990	1781541	up	1	6	92
10	wpr	f	20	1	40	diamond	green	(533, 540)	low	dis	(757, 540)	N	dif	hori	left	True	1782559	1783861	left	1	6	93
10	wpr	f	20	1	40	diamond	green	(724, 460)	high	dis	(724, 619)	N	dif	vert	up	True	1785107	1786924	up	1	6	94
10	wpr	f	20	1	40	circle	red	(724, 460)	high	dis	(565, 619)	N	same	hori	left	True	1787976	1789028	left	1	6	95
10	wpr	f	20	1	40	circle	green	(645, 428)	low	dis	(757, 540)	N	same	hori	left	True	1790119	1790853	left	1	6	96
10	wpr	f	20	1	40	diamond	green	(724, 619)	low	dis	(645, 652)	N	same	hori	left	True	1791978	1793293	left	1	6	97
10	wpr	f	20	1	40	circle	red	(565, 460)	low	no	no_dis	N	same	vert	up	True	1794543	1795732	up	1	6	98
10	wpr	f	20	1	40	circle	green	(724, 460)	high	dis	(645, 428)	N	dif	hori	left	True	1796772	1798549	left	1	6	99
10	wpr	f	20	1	40	circle	red	(724, 460)	high	no	no_dis	N	same	hori	left	True	1799614	1801565	left	1	6	100
10	wpr	f	20	1	40	circle	red	(565, 460)	low	dis	(645, 428)	N	dif	hori	left	True	1802771	1803597	up	0	6	101
10	wpr	f	20	1	40	diamond	green	(724, 460)	high	dis	(645, 652)	N	same	hori	left	True	1806229	1807013	left	1	6	102
10	wpr	f	20	1	40	diamond	green	(757, 540)	low	dis	(645, 652)	N	dif	vert	up	True	1808072	1808893	up	1	6	103
10	wpr	f	20	1	40	diamond	green	(565, 619)	low	dis	(645, 428)	N	dif	vert	up	True	1809975	1811124	up	1	6	104
10	wpr	f	20	1	40	diamond	green	(533, 540)	low	dis	(724, 460)	Y	same	hori	left	True	1812347	1813389	left	1	6	105
10	wpr	f	20	1	40	circle	red	(645, 428)	low	dis	(565, 619)	N	dif	hori	left	True	1814488	1815637	left	1	6	106
10	wpr	f	20	1	40	diamond	red	(724, 619)	low	dis	(724, 460)	Y	same	vert	up	True	1816818	1817956	up	1	6	107
10	wpr	f	20	1	40	circle	red	(724, 460)	high	no	no_dis	N	same	vert	up	True	1819065	1820093	up	1	6	108
10	wpr	f	20	1	40	diamond	green	(724, 460)	high	no	no_dis	N	dif	vert	up	True	1821220	1822068	up	1	6	109
10	wpr	f	20	1	40	diamond	green	(757, 540)	low	no	no_dis	N	same	vert	up	True	1823193	1823957	up	1	6	110
10	wpr	f	20	1	40	diamond	green	(645, 428)	low	no	no_dis	N	dif	vert	up	True	1825108	1825893	up	1	6	111
10	wpr	f	20	1	40	circle	green	(757, 540)	low	dis	(565, 460)	N	dif	vert	up	True	1827035	1828261	up	1	6	112
10	wpr	f	20	1	40	diamond	red	(565, 460)	low	dis	(645, 428)	N	same	hori	left	True	1829392	1830725	left	1	6	113
10	wpr	f	20	1	40	diamond	green	(724, 460)	high	no	no_dis	N	same	vert	up	True	1831762	1832509	up	1	6	114
10	wpr	f	20	1	40	diamond	green	(757, 540)	low	dis	(565, 619)	N	same	vert	up	True	1833598	1835181	up	1	6	115
10	wpr	f	20	1	40	circle	red	(724, 460)	high	dis	(533, 540)	N	same	hori	left	True	1836329	1837773	left	1	6	116
10	wpr	f	20	1	40	circle	red	(724, 460)	high	dis	(757, 540)	N	dif	vert	up	True	1838916	1839869	up	1	6	117
10	wpr	f	20	1	40	diamond	red	(645, 652)	low	dis	(565, 619)	N	same	vert	up	True	1840968	1842013	up	1	6	118
10	wpr	f	20	1	40	diamond	green	(757, 540)	low	no	no_dis	N	same	vert	up	True	1843250	1843972	up	1	6	119
10	wpr	f	20	1	40	diamond	red	(724, 460)	high	dis	(724, 619)	N	dif	vert	up	True	1845002	1845613	up	1	6	120
conf	10	wpr	f	20	40	1	True	1880758	1901325	2	True	1901337	1907445	2								
