subj	name	gender	age	prac	group	shape	color	tar_loc	popularity	dis_cond	dis_loc	dis_high	td_dif	line	respkey	gotkey	startTime	respTime	resp	correct	block	trialnum
16	wsm	f	19	1	40	circle	red	(724, 619)	high	no	no_dis	N	same	hori	left	True	13486	15291	left	1	1	1
16	wsm	f	19	1	40	diamond	green	(724, 460)	low	no	no_dis	N	same	hori	left	True	16522	18267	left	1	1	2
16	wsm	f	19	1	40	circle	red	(724, 619)	high	dis	(757, 540)	N	same	hori	left	True	19412	21099	left	1	1	3
16	wsm	f	19	1	40	diamond	red	(645, 428)	low	no	no_dis	N	dif	hori	left	True	22216	24083	left	1	1	4
16	wsm	f	19	1	40	circle	green	(533, 540)	low	dis	(645, 428)	N	dif	hori	left	True	25202	26523	left	1	1	5
16	wsm	f	19	1	40	diamond	green	(645, 428)	low	dis	(724, 619)	Y	dif	vert	up	True	27721	29507	up	1	1	6
16	wsm	f	19	1	40	circle	red	(724, 619)	high	no	no_dis	N	same	vert	up	True	30614	32219	up	1	1	7
16	wsm	f	19	1	40	diamond	red	(724, 619)	high	no	no_dis	N	same	vert	up	True	33241	35139	up	1	1	8
16	wsm	f	19	1	40	circle	red	(724, 619)	high	no	no_dis	N	dif	hori	left	True	36362	37947	left	1	1	9
16	wsm	f	19	1	40	circle	red	(565, 619)	low	no	no_dis	N	dif	vert	up	True	38949	40523	up	1	1	10
16	wsm	f	19	1	40	diamond	red	(645, 652)	low	dis	(645, 428)	N	dif	vert	up	True	41647	44107	up	1	1	11
16	wsm	f	19	1	40	diamond	green	(724, 619)	high	dis	(533, 540)	N	dif	vert	up	True	45131	47683	up	1	1	12
16	wsm	f	19	1	40	circle	red	(724, 619)	high	dis	(645, 428)	N	dif	hori	left	True	48858	50675	left	1	1	13
16	wsm	f	19	1	40	diamond	red	(724, 619)	high	dis	(645, 652)	N	same	hori	left	True	51795	53515	left	1	1	14
16	wsm	f	19	1	40	diamond	red	(645, 652)	low	no	no_dis	N	same	vert	up	True	54621	56195	up	1	1	15
16	wsm	f	19	1	40	diamond	red	(565, 619)	low	dis	(645, 652)	N	dif	hori	left	True	57285	59019	left	1	1	16
16	wsm	f	19	1	40	diamond	red	(724, 619)	high	dis	(724, 460)	N	same	hori	left	True	60063	62131	left	1	1	17
16	wsm	f	19	1	40	circle	green	(724, 619)	high	no	no_dis	N	dif	hori	left	True	63299	65259	left	1	1	18
16	wsm	f	19	1	40	diamond	red	(724, 619)	high	dis	(533, 540)	N	same	vert	up	True	66305	68603	up	1	1	19
16	wsm	f	19	1	40	circle	green	(724, 460)	low	dis	(724, 619)	Y	same	hori	left	True	69728	72483	left	1	1	20
16	wsm	f	19	1	40	circle	green	(565, 460)	low	dis	(724, 619)	Y	dif	hori	left	True	73662	75627	left	1	1	21
16	wsm	f	19	1	40	diamond	red	(724, 619)	high	dis	(533, 540)	N	dif	vert	up	True	76849	79371	up	1	1	22
16	wsm	f	19	1	40	diamond	red	(757, 540)	low	no	no_dis	N	same	vert	up	True	80582	82347	up	1	1	23
16	wsm	f	19	1	40	diamond	green	(565, 460)	low	no	no_dis	N	same	hori	left	True	83590	85507	left	1	1	24
16	wsm	f	19	1	40	circle	green	(645, 652)	low	no	no_dis	N	same	vert	up	True	86563	88307	up	1	1	25
16	wsm	f	19	1	40	diamond	red	(724, 619)	high	dis	(565, 460)	N	dif	vert	up	True	89553	91131	up	1	1	26
16	wsm	f	19	1	40	circle	green	(645, 652)	low	dis	(645, 428)	N	same	hori	left	True	92364	93827	left	1	1	27
16	wsm	f	19	1	40	circle	red	(724, 619)	high	dis	(533, 540)	N	dif	hori	left	True	94913	96595	left	1	1	28
16	wsm	f	19	1	40	diamond	green	(565, 460)	low	dis	(757, 540)	N	same	vert	up	True	97845	100443	up	1	1	29
16	wsm	f	19	1	40	circle	red	(724, 460)	low	dis	(565, 460)	N	dif	hori	left	True	101612	103235	left	1	1	30
16	wsm	f	19	1	40	circle	red	(533, 540)	low	dis	(724, 619)	Y	dif	vert	up	True	104478	105899	up	1	1	31
16	wsm	f	19	1	40	circle	red	(757, 540)	low	dis	(565, 619)	N	same	vert	up	True	107047	108467	left	0	1	32
16	wsm	f	19	1	40	circle	red	(724, 460)	low	dis	(533, 540)	N	same	hori	left	True	111196	113171	left	1	1	33
16	wsm	f	19	1	40	diamond	green	(724, 460)	low	dis	(645, 652)	N	same	hori	left	True	114202	116115	left	1	1	34
16	wsm	f	19	1	40	diamond	red	(645, 652)	low	dis	(724, 619)	Y	dif	hori	left	True	117266	119163	left	1	1	35
16	wsm	f	19	1	40	circle	red	(724, 619)	high	dis	(645, 428)	N	same	vert	up	True	120225	122459	up	1	1	36
16	wsm	f	19	1	40	circle	red	(757, 540)	low	dis	(533, 540)	N	same	vert	up	True	123631	126163	up	1	1	37
16	wsm	f	19	1	40	circle	green	(645, 428)	low	dis	(724, 460)	N	same	vert	up	False	127312	None	None	0	1	38
16	wsm	f	19	1	40	diamond	green	(724, 619)	high	dis	(757, 540)	N	dif	hori	left	True	132841	134891	left	1	1	39
16	wsm	f	19	1	40	diamond	red	(724, 460)	low	dis	(645, 428)	N	dif	vert	up	True	135997	137795	up	1	1	40
16	wsm	f	19	1	40	diamond	green	(724, 619)	high	dis	(645, 652)	N	same	hori	left	True	138951	141123	left	1	1	41
16	wsm	f	19	1	40	circle	red	(645, 652)	low	dis	(724, 619)	Y	dif	hori	left	True	142359	144076	left	1	1	42
16	wsm	f	19	1	40	diamond	red	(757, 540)	low	no	no_dis	N	same	vert	up	True	145130	146987	up	1	1	43
16	wsm	f	19	1	40	diamond	red	(724, 619)	high	no	no_dis	N	dif	vert	up	True	148100	149835	up	1	1	44
16	wsm	f	19	1	40	diamond	green	(724, 460)	low	no	no_dis	N	dif	hori	left	True	150932	152619	left	1	1	45
16	wsm	f	19	1	40	circle	green	(645, 428)	low	dis	(724, 619)	Y	same	hori	left	False	153750	None	None	0	1	46
16	wsm	f	19	1	40	circle	green	(565, 460)	low	no	no_dis	N	dif	hori	left	True	159486	160579	left	1	1	47
16	wsm	f	19	1	40	diamond	green	(724, 619)	high	dis	(724, 460)	N	same	hori	left	True	161607	163307	left	1	1	48
16	wsm	f	19	1	40	circle	red	(724, 460)	low	no	no_dis	N	same	hori	left	True	164496	166331	left	1	1	49
16	wsm	f	19	1	40	circle	red	(645, 428)	low	no	no_dis	N	dif	hori	left	True	167470	169387	left	1	1	50
16	wsm	f	19	1	40	diamond	green	(565, 460)	low	dis	(724, 460)	N	same	vert	up	True	170639	172563	up	1	1	51
16	wsm	f	19	1	40	circle	green	(724, 619)	high	dis	(724, 460)	N	same	vert	up	True	173635	175780	up	1	1	52
16	wsm	f	19	1	40	diamond	green	(724, 619)	high	dis	(645, 652)	N	same	hori	left	True	176990	178907	left	1	1	53
16	wsm	f	19	1	40	diamond	red	(565, 460)	low	dis	(533, 540)	N	dif	vert	up	True	180150	182275	up	1	1	54
16	wsm	f	19	1	40	circle	green	(724, 619)	high	dis	(565, 619)	N	same	vert	up	True	183354	185827	left	0	1	55
16	wsm	f	19	1	40	diamond	red	(645, 428)	low	dis	(565, 460)	N	dif	vert	up	True	188456	190667	up	1	1	56
16	wsm	f	19	1	40	circle	green	(724, 619)	high	dis	(533, 540)	N	dif	vert	up	True	191811	193059	up	1	1	57
16	wsm	f	19	1	40	circle	green	(533, 540)	low	no	no_dis	N	dif	hori	left	True	194183	195267	left	1	1	58
16	wsm	f	19	1	40	circle	green	(565, 619)	low	dis	(645, 652)	N	dif	vert	up	True	196358	198571	up	1	1	59
16	wsm	f	19	1	40	circle	red	(724, 619)	high	dis	(645, 428)	N	same	vert	up	True	199689	201339	up	1	1	60
16	wsm	f	19	1	40	diamond	green	(565, 619)	low	dis	(645, 428)	N	dif	hori	left	True	202411	203731	left	1	1	61
16	wsm	f	19	1	40	circle	green	(724, 619)	high	no	no_dis	N	dif	hori	left	True	204816	206171	left	1	1	62
16	wsm	f	19	1	40	diamond	green	(757, 540)	low	dis	(533, 540)	N	dif	hori	left	True	207391	208723	left	1	1	63
16	wsm	f	19	1	40	circle	green	(724, 619)	high	dis	(645, 652)	N	dif	vert	up	True	209960	211443	up	1	1	64
16	wsm	f	19	1	40	circle	red	(565, 619)	low	dis	(645, 652)	N	dif	vert	up	True	212617	214547	up	1	1	65
16	wsm	f	19	1	40	circle	green	(565, 619)	low	dis	(724, 619)	Y	same	vert	up	True	215765	217859	up	1	1	66
16	wsm	f	19	1	40	circle	green	(724, 619)	high	dis	(724, 460)	N	dif	hori	left	True	218929	220483	left	1	1	67
16	wsm	f	19	1	40	circle	red	(724, 619)	high	no	no_dis	N	dif	hori	left	True	221504	222843	left	1	1	68
16	wsm	f	19	1	40	circle	red	(565, 619)	low	no	no_dis	N	dif	vert	up	True	224044	225763	up	1	1	69
16	wsm	f	19	1	40	circle	red	(757, 540)	low	no	no_dis	N	same	hori	left	True	226807	228107	left	1	1	70
16	wsm	f	19	1	40	diamond	red	(645, 652)	low	no	no_dis	N	same	hori	left	True	229244	230571	left	1	1	71
16	wsm	f	19	1	40	diamond	red	(565, 619)	low	no	no_dis	N	dif	vert	up	True	231634	232803	up	1	1	72
16	wsm	f	19	1	40	circle	green	(565, 619)	low	dis	(645, 652)	N	dif	hori	left	True	233919	236347	left	1	1	73
16	wsm	f	19	1	40	circle	green	(724, 619)	high	dis	(565, 619)	N	same	hori	left	True	237535	239787	left	1	1	74
16	wsm	f	19	1	40	diamond	green	(757, 540)	low	no	no_dis	N	same	hori	left	True	240869	242355	left	1	1	75
16	wsm	f	19	1	40	diamond	red	(645, 652)	low	dis	(724, 460)	N	dif	vert	up	True	243526	244891	up	1	1	76
16	wsm	f	19	1	40	diamond	red	(724, 619)	high	no	no_dis	N	dif	vert	up	True	245996	247827	up	1	1	77
16	wsm	f	19	1	40	diamond	red	(565, 460)	low	dis	(565, 619)	N	same	hori	left	True	248885	250507	left	1	1	78
16	wsm	f	19	1	40	circle	red	(533, 540)	low	dis	(565, 460)	N	same	vert	up	True	251582	252643	up	1	1	79
16	wsm	f	19	1	40	diamond	green	(724, 619)	high	no	no_dis	N	same	hori	left	True	253648	255299	left	1	1	80
16	wsm	f	19	1	40	circle	green	(724, 460)	low	dis	(757, 540)	N	same	vert	up	True	256516	257851	up	1	1	81
16	wsm	f	19	1	40	diamond	green	(645, 428)	low	no	no_dis	N	dif	vert	up	True	258884	260363	up	1	1	82
16	wsm	f	19	1	40	circle	green	(724, 619)	high	dis	(565, 460)	N	dif	vert	up	True	261452	263259	up	1	1	83
16	wsm	f	19	1	40	circle	red	(645, 428)	low	dis	(565, 619)	N	dif	vert	up	True	264261	266827	up	1	1	84
16	wsm	f	19	1	40	diamond	green	(724, 619)	high	no	no_dis	N	dif	vert	up	True	268024	269323	up	1	1	85
16	wsm	f	19	1	40	diamond	red	(724, 619)	high	dis	(565, 460)	N	same	vert	up	True	270336	272635	up	1	1	86
16	wsm	f	19	1	40	diamond	green	(724, 619)	high	dis	(724, 460)	N	dif	hori	left	True	273695	275180	left	1	1	87
16	wsm	f	19	1	40	circle	green	(757, 540)	low	dis	(724, 460)	N	same	vert	up	True	276395	277531	up	1	1	88
16	wsm	f	19	1	40	circle	red	(724, 619)	high	dis	(565, 619)	N	dif	hori	left	True	278774	280331	left	1	1	89
16	wsm	f	19	1	40	diamond	green	(645, 652)	low	dis	(565, 460)	N	dif	vert	up	True	281472	283003	up	1	1	90
16	wsm	f	19	1	40	diamond	red	(724, 460)	low	dis	(565, 460)	N	same	hori	left	True	284211	286107	left	1	1	91
16	wsm	f	19	1	40	diamond	green	(724, 619)	high	dis	(757, 540)	N	dif	hori	left	True	287195	289107	left	1	1	92
16	wsm	f	19	1	40	circle	green	(724, 619)	high	dis	(757, 540)	N	dif	hori	left	True	290158	291963	left	1	1	93
16	wsm	f	19	1	40	circle	green	(533, 540)	low	no	no_dis	N	same	vert	up	True	293169	294571	up	1	1	94
16	wsm	f	19	1	40	circle	red	(724, 619)	high	dis	(565, 619)	N	dif	vert	up	True	295810	297619	up	1	1	95
16	wsm	f	19	1	40	diamond	green	(757, 540)	low	dis	(565, 460)	N	dif	hori	left	True	298863	300931	left	1	1	96
16	wsm	f	19	1	40	circle	green	(724, 619)	high	no	no_dis	N	dif	vert	up	True	302113	304139	up	1	1	97
16	wsm	f	19	1	40	diamond	green	(533, 540)	low	dis	(645, 428)	N	dif	hori	left	True	305144	306939	left	1	1	98
16	wsm	f	19	1	40	diamond	red	(645, 428)	low	dis	(757, 540)	N	same	vert	up	True	308157	309396	up	1	1	99
16	wsm	f	19	1	40	circle	green	(724, 619)	high	no	no_dis	N	same	vert	up	True	310483	311515	left	0	1	100
16	wsm	f	19	1	40	circle	red	(565, 460)	low	dis	(565, 619)	N	same	hori	left	True	314051	316611	left	1	1	101
16	wsm	f	19	1	40	circle	green	(565, 460)	low	no	no_dis	N	same	vert	up	True	317788	318907	up	1	1	102
16	wsm	f	19	1	40	circle	red	(565, 619)	low	dis	(533, 540)	N	dif	hori	left	True	319988	322163	left	1	1	103
16	wsm	f	19	1	40	diamond	red	(724, 619)	high	dis	(645, 428)	N	dif	vert	up	True	323307	325787	up	1	1	104
16	wsm	f	19	1	40	diamond	green	(533, 540)	low	no	no_dis	N	dif	hori	left	True	326856	329011	left	1	1	105
16	wsm	f	19	1	40	diamond	red	(533, 540)	low	dis	(724, 619)	Y	same	vert	up	True	330180	331731	up	1	1	106
16	wsm	f	19	1	40	diamond	green	(724, 619)	high	dis	(565, 460)	N	same	hori	left	True	332911	334243	left	1	1	107
16	wsm	f	19	1	40	circle	green	(645, 652)	low	dis	(565, 619)	N	same	hori	left	True	335391	337091	left	1	1	108
16	wsm	f	19	1	40	diamond	green	(724, 619)	high	no	no_dis	N	same	hori	left	True	338142	340123	left	1	1	109
16	wsm	f	19	1	40	circle	red	(724, 619)	high	dis	(645, 652)	N	same	vert	up	True	341317	342827	up	1	1	110
16	wsm	f	19	1	40	circle	green	(533, 540)	low	no	no_dis	N	dif	vert	up	True	344069	345627	up	1	1	111
16	wsm	f	19	1	40	diamond	green	(565, 460)	low	dis	(757, 540)	N	same	hori	left	True	346827	349723	left	1	1	112
16	wsm	f	19	1	40	diamond	red	(724, 619)	high	no	no_dis	N	same	hori	left	True	350884	352755	left	1	1	113
16	wsm	f	19	1	40	circle	red	(645, 652)	low	no	no_dis	N	dif	vert	up	True	353992	356403	up	1	1	114
16	wsm	f	19	1	40	circle	red	(533, 540)	low	dis	(724, 460)	N	same	vert	up	True	357489	358923	up	1	1	115
16	wsm	f	19	1	40	diamond	green	(533, 540)	low	dis	(757, 540)	N	same	hori	left	True	360164	361507	left	1	1	116
16	wsm	f	19	1	40	diamond	green	(757, 540)	low	dis	(565, 619)	N	dif	vert	up	True	362739	364507	up	1	1	117
16	wsm	f	19	1	40	diamond	green	(724, 619)	high	no	no_dis	N	same	vert	up	True	365577	366635	up	1	1	118
16	wsm	f	19	1	40	diamond	red	(757, 540)	low	dis	(724, 619)	Y	same	hori	left	True	367878	370003	left	1	1	119
16	wsm	f	19	1	40	diamond	red	(724, 619)	high	dis	(757, 540)	N	same	vert	up	True	371194	373619	up	1	1	120
16	wsm	f	19	1	40	circle	green	(724, 619)	high	dis	(757, 540)	N	same	vert	up	True	411610	412819	up	1	2	1
16	wsm	f	19	1	40	diamond	green	(645, 652)	low	no	no_dis	N	dif	vert	up	True	413925	415700	up	1	2	2
16	wsm	f	19	1	40	circle	green	(724, 619)	high	dis	(757, 540)	N	dif	hori	left	True	416701	417899	left	1	2	3
16	wsm	f	19	1	40	circle	red	(724, 619)	high	dis	(565, 460)	N	same	vert	up	True	419043	420651	up	1	2	4
16	wsm	f	19	1	40	diamond	red	(724, 619)	high	dis	(645, 428)	N	same	vert	up	True	421749	423699	up	1	2	5
16	wsm	f	19	1	40	diamond	green	(533, 540)	low	dis	(645, 652)	N	dif	hori	left	True	424863	426403	left	1	2	6
16	wsm	f	19	1	40	circle	red	(724, 460)	low	dis	(645, 652)	N	dif	vert	up	True	427617	428883	up	1	2	7
16	wsm	f	19	1	40	diamond	red	(724, 619)	high	dis	(533, 540)	N	dif	vert	up	True	430012	431259	up	1	2	8
16	wsm	f	19	1	40	circle	red	(724, 619)	high	dis	(565, 619)	N	same	hori	left	True	432477	434115	left	1	2	9
16	wsm	f	19	1	40	circle	red	(533, 540)	low	dis	(724, 619)	Y	same	vert	up	True	435282	437012	up	1	2	10
16	wsm	f	19	1	40	circle	red	(724, 619)	high	no	no_dis	N	same	vert	up	True	438015	439195	up	1	2	11
16	wsm	f	19	1	40	circle	red	(645, 428)	low	dis	(724, 619)	Y	same	vert	up	True	440304	441707	up	1	2	12
16	wsm	f	19	1	40	diamond	green	(757, 540)	low	no	no_dis	N	same	vert	up	True	442775	444251	up	1	2	13
16	wsm	f	19	1	40	diamond	green	(724, 619)	high	no	no_dis	N	same	hori	left	True	445351	447083	left	1	2	14
16	wsm	f	19	1	40	diamond	red	(724, 619)	high	dis	(645, 428)	N	same	hori	left	True	448111	449963	left	1	2	15
16	wsm	f	19	1	40	diamond	red	(645, 652)	low	dis	(565, 619)	N	dif	vert	up	True	451109	452555	up	1	2	16
16	wsm	f	19	1	40	circle	red	(757, 540)	low	dis	(724, 460)	N	dif	hori	left	True	453622	455699	left	1	2	17
16	wsm	f	19	1	40	circle	green	(565, 619)	low	dis	(757, 540)	N	same	vert	up	True	456835	458643	up	1	2	18
16	wsm	f	19	1	40	circle	green	(724, 619)	high	no	no_dis	N	dif	vert	up	True	459702	461219	up	1	2	19
16	wsm	f	19	1	40	diamond	green	(724, 619)	high	dis	(724, 460)	N	dif	hori	left	True	462381	464571	left	1	2	20
16	wsm	f	19	1	40	circle	green	(565, 460)	low	dis	(565, 619)	N	dif	vert	up	True	465576	467051	up	1	2	21
16	wsm	f	19	1	40	circle	red	(533, 540)	low	no	no_dis	N	dif	hori	left	True	468072	469947	left	1	2	22
16	wsm	f	19	1	40	diamond	green	(645, 428)	low	dis	(724, 460)	N	dif	vert	up	True	470988	472155	up	1	2	23
16	wsm	f	19	1	40	circle	red	(565, 460)	low	dis	(724, 619)	Y	same	vert	up	True	473349	475387	up	1	2	24
16	wsm	f	19	1	40	diamond	red	(757, 540)	low	no	no_dis	N	dif	vert	up	True	476541	477996	up	1	2	25
16	wsm	f	19	1	40	diamond	green	(724, 619)	high	dis	(645, 652)	N	dif	hori	left	True	479002	481083	left	1	2	26
16	wsm	f	19	1	40	diamond	red	(724, 460)	low	no	no_dis	N	dif	hori	left	True	482296	484379	left	1	2	27
16	wsm	f	19	1	40	diamond	red	(724, 619)	high	no	no_dis	N	dif	vert	up	True	485505	486979	up	1	2	28
16	wsm	f	19	1	40	diamond	green	(565, 460)	low	dis	(533, 540)	N	same	hori	left	True	488102	489308	left	1	2	29
16	wsm	f	19	1	40	diamond	red	(645, 428)	low	dis	(565, 460)	N	dif	vert	up	True	490391	491563	up	1	2	30
16	wsm	f	19	1	40	diamond	red	(565, 619)	low	dis	(724, 619)	Y	same	hori	left	True	492660	493811	left	1	2	31
16	wsm	f	19	1	40	diamond	green	(724, 619)	high	dis	(565, 619)	N	same	hori	left	True	494990	496076	left	1	2	32
16	wsm	f	19	1	40	circle	green	(724, 619)	high	no	no_dis	N	dif	vert	up	True	497228	498259	up	1	2	33
16	wsm	f	19	1	40	diamond	red	(565, 460)	low	dis	(565, 619)	N	same	vert	up	True	499440	500459	up	1	2	34
16	wsm	f	19	1	40	circle	green	(724, 619)	high	no	no_dis	N	same	hori	left	True	501523	502595	left	1	2	35
16	wsm	f	19	1	40	circle	green	(724, 460)	low	dis	(565, 460)	N	dif	hori	left	True	503830	504859	up	0	2	36
16	wsm	f	19	1	40	diamond	red	(724, 460)	low	no	no_dis	N	dif	vert	up	True	507556	508915	up	1	2	37
16	wsm	f	19	1	40	diamond	red	(645, 652)	low	dis	(724, 619)	Y	dif	hori	left	True	510132	512163	left	1	2	38
16	wsm	f	19	1	40	circle	green	(724, 619)	high	dis	(565, 460)	N	same	vert	up	True	513187	514836	up	1	2	39
16	wsm	f	19	1	40	circle	green	(645, 428)	low	no	no_dis	N	same	vert	up	True	515903	518332	up	1	2	40
16	wsm	f	19	1	40	diamond	red	(565, 460)	low	dis	(724, 619)	Y	dif	hori	left	True	519459	520667	left	1	2	41
16	wsm	f	19	1	40	diamond	green	(565, 460)	low	no	no_dis	N	dif	vert	up	True	521856	523931	up	1	2	42
16	wsm	f	19	1	40	circle	green	(565, 619)	low	dis	(757, 540)	N	same	vert	up	True	525095	526787	up	1	2	43
16	wsm	f	19	1	40	circle	green	(645, 652)	low	dis	(533, 540)	N	same	hori	left	True	527885	529811	left	1	2	44
16	wsm	f	19	1	40	circle	green	(724, 460)	low	no	no_dis	N	dif	hori	left	True	531058	532235	left	1	2	45
16	wsm	f	19	1	40	diamond	red	(724, 619)	high	dis	(757, 540)	N	dif	vert	up	True	533367	535291	up	1	2	46
16	wsm	f	19	1	40	circle	red	(533, 540)	low	no	no_dis	N	same	vert	up	True	536487	537771	up	1	2	47
16	wsm	f	19	1	40	diamond	red	(533, 540)	low	dis	(645, 652)	N	same	hori	left	True	538933	540579	left	1	2	48
16	wsm	f	19	1	40	circle	red	(565, 619)	low	no	no_dis	N	dif	hori	left	True	541773	543011	left	1	2	49
16	wsm	f	19	1	40	diamond	green	(757, 540)	low	dis	(724, 619)	Y	same	hori	left	True	544014	545971	left	1	2	50
16	wsm	f	19	1	40	diamond	red	(533, 540)	low	no	no_dis	N	dif	vert	up	True	547017	548419	up	1	2	51
16	wsm	f	19	1	40	circle	red	(565, 619)	low	dis	(533, 540)	N	same	vert	up	True	549553	552227	up	1	2	52
16	wsm	f	19	1	40	circle	green	(724, 619)	high	dis	(645, 652)	N	dif	vert	up	True	553458	554899	up	1	2	53
16	wsm	f	19	1	40	circle	red	(724, 619)	high	dis	(724, 460)	N	dif	vert	up	True	556114	557891	up	1	2	54
16	wsm	f	19	1	40	diamond	green	(565, 460)	low	no	no_dis	N	same	vert	up	True	559124	561755	up	1	2	55
16	wsm	f	19	1	40	circle	green	(724, 619)	high	dis	(645, 428)	N	dif	vert	up	True	562781	564107	up	1	2	56
16	wsm	f	19	1	40	circle	red	(757, 540)	low	dis	(565, 460)	N	same	vert	up	True	565152	566363	up	1	2	57
16	wsm	f	19	1	40	diamond	green	(724, 619)	high	no	no_dis	N	same	hori	left	True	567582	568787	left	1	2	58
16	wsm	f	19	1	40	circle	red	(724, 619)	high	no	no_dis	N	same	vert	up	True	569894	571403	up	1	2	59
16	wsm	f	19	1	40	circle	red	(724, 619)	high	dis	(565, 619)	N	dif	hori	left	True	572418	573683	left	1	2	60
16	wsm	f	19	1	40	circle	red	(645, 652)	low	dis	(565, 619)	N	same	hori	left	True	574775	575659	up	0	2	61
16	wsm	f	19	1	40	circle	green	(645, 428)	low	no	no_dis	N	same	hori	left	True	578384	580011	left	1	2	62
16	wsm	f	19	1	40	circle	green	(565, 619)	low	no	no_dis	N	dif	vert	up	True	581090	582236	up	1	2	63
16	wsm	f	19	1	40	diamond	green	(724, 619)	high	no	no_dis	N	same	vert	up	True	583474	584891	up	1	2	64
16	wsm	f	19	1	40	diamond	green	(724, 619)	high	dis	(565, 619)	N	dif	hori	left	True	586056	587627	left	1	2	65
16	wsm	f	19	1	40	diamond	green	(757, 540)	low	dis	(565, 460)	N	dif	vert	up	True	588727	591283	up	1	2	66
16	wsm	f	19	1	40	circle	red	(724, 619)	high	dis	(724, 460)	N	same	hori	left	True	592440	594291	left	1	2	67
16	wsm	f	19	1	40	circle	red	(565, 619)	low	no	no_dis	N	same	hori	left	True	595333	596403	left	1	2	68
16	wsm	f	19	1	40	circle	green	(533, 540)	low	dis	(565, 460)	N	dif	hori	left	True	597536	598827	left	1	2	69
16	wsm	f	19	1	40	circle	green	(724, 460)	low	dis	(645, 428)	N	dif	vert	up	True	599846	601379	up	1	2	70
16	wsm	f	19	1	40	diamond	red	(645, 428)	low	dis	(724, 619)	Y	dif	vert	up	True	602393	604171	up	1	2	71
16	wsm	f	19	1	40	diamond	green	(724, 460)	low	dis	(645, 428)	N	dif	vert	up	True	605329	606523	up	1	2	72
16	wsm	f	19	1	40	diamond	red	(645, 428)	low	dis	(724, 460)	N	same	hori	left	True	607599	609339	left	1	2	73
16	wsm	f	19	1	40	circle	red	(724, 619)	high	dis	(757, 540)	N	same	vert	up	True	610528	612459	up	1	2	74
16	wsm	f	19	1	40	diamond	red	(565, 460)	low	dis	(645, 652)	N	dif	vert	up	True	613540	615571	up	1	2	75
16	wsm	f	19	1	40	diamond	red	(565, 619)	low	no	no_dis	N	same	hori	left	True	616573	618252	left	1	2	76
16	wsm	f	19	1	40	diamond	green	(565, 619)	low	dis	(757, 540)	N	same	vert	up	True	619502	622235	up	1	2	77
16	wsm	f	19	1	40	diamond	green	(533, 540)	low	dis	(645, 428)	N	dif	hori	left	True	623469	626411	left	1	2	78
16	wsm	f	19	1	40	circle	green	(757, 540)	low	dis	(645, 428)	N	same	vert	up	True	627599	629100	up	1	2	79
16	wsm	f	19	1	40	circle	red	(724, 619)	high	dis	(757, 540)	N	same	hori	left	True	630302	632019	left	1	2	80
16	wsm	f	19	1	40	diamond	red	(724, 619)	high	dis	(645, 428)	N	same	vert	up	True	633082	634803	up	1	2	81
16	wsm	f	19	1	40	diamond	red	(724, 619)	high	no	no_dis	N	dif	hori	left	True	635871	637411	left	1	2	82
16	wsm	f	19	1	40	diamond	green	(533, 540)	low	no	no_dis	N	same	hori	left	True	638642	639723	left	1	2	83
16	wsm	f	19	1	40	diamond	green	(724, 619)	high	dis	(565, 619)	N	dif	hori	left	True	640791	643595	left	1	2	84
16	wsm	f	19	1	40	diamond	red	(724, 619)	high	no	no_dis	N	dif	hori	left	True	644687	645699	left	1	2	85
16	wsm	f	19	1	40	diamond	green	(757, 540)	low	dis	(724, 460)	N	same	vert	up	True	646815	648211	up	1	2	86
16	wsm	f	19	1	40	diamond	red	(645, 652)	low	no	no_dis	N	same	vert	up	True	649355	650595	up	1	2	87
16	wsm	f	19	1	40	circle	red	(724, 619)	high	no	no_dis	N	same	vert	up	True	651658	652531	up	1	2	88
16	wsm	f	19	1	40	circle	green	(724, 619)	high	dis	(645, 652)	N	same	hori	left	True	653714	654651	left	1	2	89
16	wsm	f	19	1	40	diamond	red	(724, 619)	high	no	no_dis	N	same	hori	left	True	655743	657195	left	1	2	90
16	wsm	f	19	1	40	diamond	red	(724, 619)	high	dis	(645, 652)	N	dif	vert	up	True	658198	659523	up	1	2	91
16	wsm	f	19	1	40	circle	green	(757, 540)	low	no	no_dis	N	same	hori	left	True	660597	662315	left	1	2	92
16	wsm	f	19	1	40	circle	green	(724, 619)	high	no	no_dis	N	dif	hori	left	True	663437	664411	left	1	2	93
16	wsm	f	19	1	40	diamond	green	(565, 460)	low	dis	(757, 540)	N	same	hori	left	True	665531	667371	left	1	2	94
16	wsm	f	19	1	40	diamond	red	(757, 540)	low	dis	(533, 540)	N	dif	hori	left	True	668468	670796	left	1	2	95
16	wsm	f	19	1	40	circle	green	(645, 428)	low	dis	(565, 460)	N	dif	hori	left	False	671987	None	None	0	2	96
16	wsm	f	19	1	40	circle	green	(724, 619)	high	dis	(724, 460)	N	same	vert	up	True	677620	679147	up	1	2	97
16	wsm	f	19	1	40	diamond	red	(724, 619)	high	dis	(533, 540)	N	dif	vert	up	True	680316	681699	up	1	2	98
16	wsm	f	19	1	40	circle	red	(724, 619)	high	dis	(533, 540)	N	same	hori	left	True	682799	684027	up	0	2	99
16	wsm	f	19	1	40	diamond	green	(724, 619)	high	dis	(565, 460)	N	dif	vert	up	True	686617	688099	up	1	2	100
16	wsm	f	19	1	40	circle	red	(645, 652)	low	dis	(724, 619)	Y	same	hori	left	True	689263	691139	left	1	2	101
16	wsm	f	19	1	40	circle	red	(724, 619)	high	no	no_dis	N	dif	hori	left	True	692233	693779	left	1	2	102
16	wsm	f	19	1	40	circle	green	(645, 428)	low	dis	(724, 460)	N	dif	vert	up	True	694917	696443	up	1	2	103
16	wsm	f	19	1	40	diamond	green	(645, 652)	low	dis	(565, 619)	N	dif	vert	up	True	697494	699003	up	1	2	104
16	wsm	f	19	1	40	circle	red	(533, 540)	low	dis	(645, 652)	N	same	vert	up	True	700184	701467	up	1	2	105
16	wsm	f	19	1	40	diamond	green	(645, 428)	low	no	no_dis	N	dif	hori	left	True	702657	703915	left	1	2	106
16	wsm	f	19	1	40	circle	red	(565, 619)	low	dis	(533, 540)	N	dif	hori	left	True	705075	706611	left	1	2	107
16	wsm	f	19	1	40	circle	red	(645, 428)	low	no	no_dis	N	dif	hori	left	True	707827	709715	left	1	2	108
16	wsm	f	19	1	40	circle	green	(645, 652)	low	dis	(757, 540)	N	same	hori	left	True	710868	712515	left	1	2	109
16	wsm	f	19	1	40	diamond	green	(724, 619)	high	no	no_dis	N	dif	vert	up	True	713580	714683	up	1	2	110
16	wsm	f	19	1	40	diamond	red	(724, 460)	low	dis	(645, 428)	N	same	hori	left	True	715733	717083	left	1	2	111
16	wsm	f	19	1	40	diamond	red	(724, 619)	high	dis	(724, 460)	N	dif	hori	left	True	718320	719403	left	1	2	112
16	wsm	f	19	1	40	circle	green	(724, 619)	high	dis	(645, 428)	N	same	vert	up	True	720655	722275	up	1	2	113
16	wsm	f	19	1	40	diamond	green	(724, 619)	high	dis	(533, 540)	N	same	hori	left	True	723458	724387	left	1	2	114
16	wsm	f	19	1	40	circle	red	(724, 460)	low	dis	(533, 540)	N	dif	hori	left	True	725572	726947	left	1	2	115
16	wsm	f	19	1	40	diamond	green	(724, 619)	high	dis	(565, 460)	N	dif	hori	left	True	728185	729379	left	1	2	116
16	wsm	f	19	1	40	circle	green	(565, 619)	low	dis	(645, 652)	N	same	hori	left	True	730589	732027	left	1	2	117
16	wsm	f	19	1	40	circle	green	(565, 460)	low	no	no_dis	N	same	hori	left	True	733126	735515	left	1	2	118
16	wsm	f	19	1	40	diamond	green	(533, 540)	low	dis	(724, 619)	Y	dif	hori	left	True	736686	737659	left	1	2	119
16	wsm	f	19	1	40	circle	red	(645, 652)	low	no	no_dis	N	same	vert	up	True	738850	740043	up	1	2	120
16	wsm	f	19	1	40	diamond	green	(724, 619)	high	dis	(565, 619)	N	dif	hori	left	True	780296	781379	left	1	3	1
16	wsm	f	19	1	40	diamond	red	(533, 540)	low	no	no_dis	N	same	hori	left	True	782500	783499	left	1	3	2
16	wsm	f	19	1	40	diamond	red	(645, 652)	low	no	no_dis	N	same	hori	left	True	784606	785659	left	1	3	3
16	wsm	f	19	1	40	diamond	green	(533, 540)	low	dis	(724, 619)	Y	dif	vert	up	True	786887	788979	up	1	3	4
16	wsm	f	19	1	40	diamond	green	(724, 619)	high	dis	(533, 540)	N	same	vert	up	True	790191	792003	up	1	3	5
16	wsm	f	19	1	40	circle	red	(757, 540)	low	dis	(565, 619)	N	same	hori	left	True	793193	794507	left	1	3	6
16	wsm	f	19	1	40	diamond	green	(565, 460)	low	no	no_dis	N	same	vert	up	True	795658	796948	up	1	3	7
16	wsm	f	19	1	40	diamond	red	(565, 460)	low	dis	(757, 540)	N	dif	hori	left	True	798032	800043	left	1	3	8
16	wsm	f	19	1	40	circle	red	(724, 619)	high	no	no_dis	N	dif	vert	up	True	801174	802492	up	1	3	9
16	wsm	f	19	1	40	circle	red	(565, 619)	low	no	no_dis	N	same	hori	left	True	803684	805379	left	1	3	10
16	wsm	f	19	1	40	circle	green	(757, 540)	low	dis	(724, 619)	Y	same	vert	up	True	806624	808019	up	1	3	11
16	wsm	f	19	1	40	diamond	green	(724, 619)	high	dis	(724, 460)	N	same	vert	up	True	809040	810451	up	1	3	12
16	wsm	f	19	1	40	diamond	green	(724, 619)	high	dis	(565, 460)	N	dif	vert	up	True	811543	813619	up	1	3	13
16	wsm	f	19	1	40	diamond	red	(565, 619)	low	dis	(757, 540)	N	dif	vert	up	True	814755	816052	up	1	3	14
16	wsm	f	19	1	40	circle	red	(565, 619)	low	dis	(645, 652)	N	dif	hori	left	True	817074	818851	left	1	3	15
16	wsm	f	19	1	40	diamond	green	(645, 428)	low	dis	(724, 460)	N	dif	hori	left	True	820031	821731	left	1	3	16
16	wsm	f	19	1	40	circle	red	(724, 619)	high	dis	(757, 540)	N	same	hori	left	True	822910	825291	left	1	3	17
16	wsm	f	19	1	40	diamond	red	(724, 619)	high	dis	(645, 428)	N	same	hori	left	True	826531	828955	left	1	3	18
16	wsm	f	19	1	40	circle	red	(724, 460)	low	no	no_dis	N	same	hori	left	True	830183	831667	left	1	3	19
16	wsm	f	19	1	40	circle	red	(645, 428)	low	dis	(533, 540)	N	same	hori	left	True	832776	834411	left	1	3	20
16	wsm	f	19	1	40	circle	green	(565, 619)	low	no	no_dis	N	same	vert	up	True	835448	836948	up	1	3	21
16	wsm	f	19	1	40	diamond	red	(533, 540)	low	no	no_dis	N	dif	vert	up	True	838043	840412	up	1	3	22
16	wsm	f	19	1	40	diamond	red	(757, 540)	low	no	no_dis	N	dif	hori	left	True	841615	843387	left	1	3	23
16	wsm	f	19	1	40	diamond	red	(645, 428)	low	dis	(645, 652)	N	dif	vert	up	True	844434	845499	up	1	3	24
16	wsm	f	19	1	40	circle	green	(565, 619)	low	dis	(645, 428)	N	same	hori	left	True	846624	847780	left	1	3	25
16	wsm	f	19	1	40	circle	red	(565, 619)	low	dis	(565, 460)	N	dif	hori	left	True	848999	850651	left	1	3	26
16	wsm	f	19	1	40	diamond	red	(724, 619)	high	dis	(645, 652)	N	same	hori	left	True	851658	853179	left	1	3	27
16	wsm	f	19	1	40	diamond	green	(724, 460)	low	dis	(724, 619)	Y	dif	vert	up	True	854213	855555	up	1	3	28
16	wsm	f	19	1	40	circle	green	(724, 619)	high	no	no_dis	N	dif	hori	left	True	856606	857739	left	1	3	29
16	wsm	f	19	1	40	circle	green	(533, 540)	low	dis	(757, 540)	N	dif	vert	up	True	858784	860099	up	1	3	30
16	wsm	f	19	1	40	diamond	red	(724, 619)	high	no	no_dis	N	same	hori	left	True	861335	862787	left	1	3	31
16	wsm	f	19	1	40	circle	green	(724, 460)	low	dis	(645, 428)	N	same	vert	up	True	863988	865339	up	1	3	32
16	wsm	f	19	1	40	diamond	green	(724, 619)	high	dis	(565, 619)	N	dif	hori	left	True	866583	869483	left	1	3	33
16	wsm	f	19	1	40	circle	green	(533, 540)	low	no	no_dis	N	same	vert	up	True	870650	872099	up	1	3	34
16	wsm	f	19	1	40	circle	red	(565, 460)	low	dis	(533, 540)	N	same	vert	up	True	873288	874267	up	1	3	35
16	wsm	f	19	1	40	diamond	red	(645, 652)	low	dis	(533, 540)	N	same	vert	up	True	875340	876499	up	1	3	36
16	wsm	f	19	1	40	circle	green	(724, 619)	high	no	no_dis	N	same	vert	up	True	877694	878595	up	1	3	37
16	wsm	f	19	1	40	circle	green	(724, 460)	low	dis	(724, 619)	Y	same	hori	left	True	879837	882356	left	1	3	38
16	wsm	f	19	1	40	diamond	red	(724, 619)	high	dis	(645, 428)	N	same	vert	up	True	883583	884923	up	1	3	39
16	wsm	f	19	1	40	diamond	green	(724, 619)	high	no	no_dis	N	same	vert	up	True	886054	887003	up	1	3	40
16	wsm	f	19	1	40	diamond	green	(757, 540)	low	dis	(645, 428)	N	same	hori	left	True	888078	889355	left	1	3	41
16	wsm	f	19	1	40	diamond	red	(724, 619)	high	no	no_dis	N	same	hori	left	True	890601	891595	left	1	3	42
16	wsm	f	19	1	40	circle	red	(724, 619)	high	dis	(645, 428)	N	dif	hori	left	True	892764	894091	left	1	3	43
16	wsm	f	19	1	40	circle	red	(533, 540)	low	no	no_dis	N	same	vert	up	True	895297	896291	up	1	3	44
16	wsm	f	19	1	40	diamond	green	(565, 619)	low	dis	(724, 460)	N	same	hori	left	True	897335	899139	left	1	3	45
16	wsm	f	19	1	40	diamond	green	(757, 540)	low	dis	(645, 652)	N	same	vert	up	True	900201	901571	up	1	3	46
16	wsm	f	19	1	40	circle	green	(645, 652)	low	dis	(724, 619)	Y	same	hori	left	True	902755	904115	left	1	3	47
16	wsm	f	19	1	40	diamond	green	(724, 619)	high	dis	(565, 460)	N	same	hori	left	True	905326	907139	left	1	3	48
16	wsm	f	19	1	40	circle	green	(565, 619)	low	dis	(724, 619)	Y	same	hori	left	True	908177	909259	left	1	3	49
16	wsm	f	19	1	40	circle	green	(724, 619)	high	dis	(724, 460)	N	same	hori	left	True	910396	911483	left	1	3	50
16	wsm	f	19	1	40	diamond	green	(645, 428)	low	no	no_dis	N	dif	hori	left	True	912501	914100	left	1	3	51
16	wsm	f	19	1	40	circle	green	(724, 619)	high	dis	(565, 619)	N	same	hori	left	True	915308	916291	left	1	3	52
16	wsm	f	19	1	40	circle	red	(724, 619)	high	dis	(757, 540)	N	dif	vert	up	True	917542	918819	up	1	3	53
16	wsm	f	19	1	40	diamond	green	(565, 460)	low	dis	(724, 619)	Y	dif	vert	up	True	919890	921587	up	1	3	54
16	wsm	f	19	1	40	circle	green	(645, 428)	low	dis	(565, 619)	N	dif	hori	left	True	922803	924147	left	1	3	55
16	wsm	f	19	1	40	circle	red	(724, 460)	low	no	no_dis	N	same	vert	up	True	925312	926587	up	1	3	56
16	wsm	f	19	1	40	diamond	red	(724, 460)	low	dis	(565, 460)	N	dif	hori	left	True	927831	928931	left	1	3	57
16	wsm	f	19	1	40	circle	red	(533, 540)	low	dis	(724, 460)	N	dif	hori	left	True	930068	931748	left	1	3	58
16	wsm	f	19	1	40	diamond	green	(645, 652)	low	dis	(565, 619)	N	dif	hori	left	True	932845	933915	left	1	3	59
16	wsm	f	19	1	40	circle	green	(645, 652)	low	dis	(645, 428)	N	dif	vert	up	True	935019	936467	up	1	3	60
16	wsm	f	19	1	40	diamond	green	(565, 460)	low	no	no_dis	N	same	vert	up	True	937506	938643	up	1	3	61
16	wsm	f	19	1	40	circle	red	(724, 619)	high	dis	(565, 619)	N	same	vert	up	True	939698	940771	up	1	3	62
16	wsm	f	19	1	40	diamond	green	(565, 460)	low	no	no_dis	N	dif	hori	left	True	941885	942883	left	1	3	63
16	wsm	f	19	1	40	diamond	red	(565, 619)	low	no	no_dis	N	dif	vert	up	True	944038	946059	up	1	3	64
16	wsm	f	19	1	40	circle	red	(724, 619)	high	no	no_dis	N	dif	vert	up	True	947201	948699	up	1	3	65
16	wsm	f	19	1	40	diamond	red	(724, 619)	high	dis	(645, 652)	N	dif	hori	left	True	949704	951315	left	1	3	66
16	wsm	f	19	1	40	diamond	red	(645, 652)	low	dis	(757, 540)	N	same	vert	up	True	952562	954075	up	1	3	67
16	wsm	f	19	1	40	circle	green	(724, 619)	high	dis	(645, 652)	N	dif	hori	left	True	955116	956659	left	1	3	68
16	wsm	f	19	1	40	circle	red	(724, 460)	low	dis	(533, 540)	N	dif	hori	left	True	957796	958843	left	1	3	69
16	wsm	f	19	1	40	diamond	red	(533, 540)	low	dis	(645, 652)	N	dif	vert	up	True	960069	961451	up	1	3	70
16	wsm	f	19	1	40	circle	green	(645, 652)	low	dis	(645, 428)	N	dif	vert	up	True	962648	964075	up	1	3	71
16	wsm	f	19	1	40	diamond	green	(724, 460)	low	no	no_dis	N	dif	vert	up	True	965203	966475	up	1	3	72
16	wsm	f	19	1	40	circle	red	(724, 619)	high	no	no_dis	N	dif	hori	left	True	967655	969115	left	1	3	73
16	wsm	f	19	1	40	diamond	red	(645, 428)	low	dis	(565, 460)	N	same	hori	left	True	970300	971923	left	1	3	74
16	wsm	f	19	1	40	diamond	green	(724, 619)	high	dis	(724, 460)	N	dif	vert	up	True	972932	974435	up	1	3	75
16	wsm	f	19	1	40	diamond	red	(724, 619)	high	dis	(565, 619)	N	same	vert	up	True	975495	977011	up	1	3	76
16	wsm	f	19	1	40	circle	green	(724, 619)	high	dis	(565, 460)	N	dif	vert	up	True	978106	980419	up	1	3	77
16	wsm	f	19	1	40	circle	red	(533, 540)	low	dis	(565, 619)	N	dif	vert	up	True	981649	983715	up	1	3	78
16	wsm	f	19	1	40	circle	red	(757, 540)	low	no	no_dis	N	dif	hori	left	True	984910	986123	left	1	3	79
16	wsm	f	19	1	40	circle	red	(757, 540)	low	dis	(724, 460)	N	same	vert	up	True	987220	988972	up	1	3	80
16	wsm	f	19	1	40	circle	red	(724, 619)	high	dis	(533, 540)	N	same	vert	up	True	990215	992019	up	1	3	81
16	wsm	f	19	1	40	circle	red	(645, 652)	low	dis	(565, 619)	N	dif	hori	left	True	993139	994707	left	1	3	82
16	wsm	f	19	1	40	circle	green	(724, 619)	high	dis	(533, 540)	N	same	vert	up	True	995836	996836	up	1	3	83
16	wsm	f	19	1	40	diamond	green	(757, 540)	low	dis	(565, 460)	N	same	hori	left	True	997886	999339	left	1	3	84
16	wsm	f	19	1	40	circle	red	(724, 619)	high	dis	(645, 652)	N	dif	vert	up	True	1000405	1001956	up	1	3	85
16	wsm	f	19	1	40	circle	green	(645, 652)	low	no	no_dis	N	dif	hori	left	True	1003012	1004131	left	1	3	86
16	wsm	f	19	1	40	diamond	red	(757, 540)	low	dis	(724, 619)	Y	same	hori	left	True	1005317	1006843	left	1	3	87
16	wsm	f	19	1	40	diamond	green	(724, 619)	high	no	no_dis	N	same	vert	up	True	1007853	1009075	up	1	3	88
16	wsm	f	19	1	40	circle	green	(645, 428)	low	dis	(565, 460)	N	same	vert	up	True	1010105	1011787	up	1	3	89
16	wsm	f	19	1	40	diamond	green	(565, 460)	low	dis	(533, 540)	N	same	hori	left	True	1012987	1013995	left	1	3	90
16	wsm	f	19	1	40	diamond	green	(565, 619)	low	dis	(724, 619)	Y	same	vert	up	True	1015103	1016547	up	1	3	91
16	wsm	f	19	1	40	diamond	green	(645, 652)	low	no	no_dis	N	same	hori	left	True	1017703	1018811	left	1	3	92
16	wsm	f	19	1	40	diamond	green	(724, 619)	high	dis	(757, 540)	N	same	hori	left	True	1019815	1021883	left	1	3	93
16	wsm	f	19	1	40	diamond	red	(724, 619)	high	dis	(533, 540)	N	dif	hori	left	True	1022925	1024332	left	1	3	94
16	wsm	f	19	1	40	diamond	green	(724, 619)	high	no	no_dis	N	same	hori	left	True	1025566	1027124	left	1	3	95
16	wsm	f	19	1	40	diamond	red	(724, 619)	high	no	no_dis	N	dif	vert	up	True	1028365	1029396	up	1	3	96
16	wsm	f	19	1	40	circle	green	(724, 619)	high	dis	(724, 460)	N	dif	hori	left	True	1030563	1032147	left	1	3	97
16	wsm	f	19	1	40	circle	green	(724, 619)	high	no	no_dis	N	dif	vert	up	True	1033157	1035579	up	1	3	98
16	wsm	f	19	1	40	circle	green	(724, 619)	high	no	no_dis	N	dif	hori	left	True	1036616	1037691	left	1	3	99
16	wsm	f	19	1	40	circle	red	(533, 540)	low	dis	(757, 540)	N	dif	vert	up	True	1038784	1040779	up	1	3	100
16	wsm	f	19	1	40	diamond	red	(724, 619)	high	dis	(645, 428)	N	dif	vert	up	True	1041816	1042756	left	0	3	101
16	wsm	f	19	1	40	diamond	red	(724, 619)	high	dis	(565, 460)	N	same	hori	left	True	1045487	1047347	left	1	3	102
16	wsm	f	19	1	40	diamond	red	(645, 428)	low	no	no_dis	N	dif	hori	left	True	1048465	1049643	left	1	3	103
16	wsm	f	19	1	40	circle	red	(724, 619)	high	no	no_dis	N	dif	hori	left	True	1050756	1052051	left	1	3	104
16	wsm	f	19	1	40	circle	red	(724, 619)	high	dis	(757, 540)	N	same	vert	up	True	1053139	1054851	up	1	3	105
16	wsm	f	19	1	40	circle	red	(724, 619)	high	dis	(724, 460)	N	dif	vert	up	True	1055947	1057083	up	1	3	106
16	wsm	f	19	1	40	circle	green	(724, 460)	low	no	no_dis	N	dif	vert	up	True	1058094	1058923	up	1	3	107
16	wsm	f	19	1	40	circle	red	(757, 540)	low	no	no_dis	N	dif	vert	up	True	1060022	1061027	up	1	3	108
16	wsm	f	19	1	40	diamond	red	(724, 619)	high	no	no_dis	N	same	vert	up	True	1062191	1063971	up	1	3	109
16	wsm	f	19	1	40	diamond	red	(565, 460)	low	dis	(645, 652)	N	same	vert	up	True	1065033	1066555	up	1	3	110
16	wsm	f	19	1	40	diamond	red	(724, 460)	low	dis	(645, 652)	N	dif	hori	left	True	1067756	1069851	left	1	3	111
16	wsm	f	19	1	40	circle	green	(724, 619)	high	dis	(533, 540)	N	dif	hori	left	True	1070915	1072363	left	1	3	112
16	wsm	f	19	1	40	diamond	green	(533, 540)	low	dis	(724, 460)	N	same	vert	up	True	1073427	1074771	up	1	3	113
16	wsm	f	19	1	40	circle	green	(724, 619)	high	dis	(757, 540)	N	dif	vert	up	True	1075990	1077651	up	1	3	114
16	wsm	f	19	1	40	diamond	red	(645, 428)	low	dis	(565, 460)	N	dif	hori	left	True	1078807	1081772	left	1	3	115
16	wsm	f	19	1	40	circle	red	(724, 460)	low	dis	(645, 428)	N	same	vert	up	True	1082946	1084588	up	1	3	116
16	wsm	f	19	1	40	circle	green	(645, 652)	low	no	no_dis	N	same	hori	left	True	1085612	1087875	left	1	3	117
16	wsm	f	19	1	40	diamond	green	(724, 619)	high	no	no_dis	N	same	hori	left	True	1089108	1091219	left	1	3	118
16	wsm	f	19	1	40	circle	green	(565, 460)	low	dis	(724, 619)	Y	dif	vert	up	True	1092249	1094699	up	1	3	119
16	wsm	f	19	1	40	circle	green	(645, 428)	low	no	no_dis	N	dif	vert	up	True	1095834	1097827	up	1	3	120
16	wsm	f	19	1	40	circle	green	(724, 619)	high	dis	(533, 540)	N	same	vert	up	True	1141697	1142899	up	1	4	1
16	wsm	f	19	1	40	diamond	green	(724, 460)	low	dis	(724, 619)	Y	same	hori	left	True	1143912	1145460	left	1	4	2
16	wsm	f	19	1	40	diamond	green	(645, 652)	low	no	no_dis	N	dif	hori	left	True	1146602	1147635	left	1	4	3
16	wsm	f	19	1	40	circle	green	(533, 540)	low	no	no_dis	N	dif	hori	left	True	1148869	1150044	left	1	4	4
16	wsm	f	19	1	40	circle	red	(724, 619)	high	no	no_dis	N	same	vert	up	True	1151289	1152347	up	1	4	5
16	wsm	f	19	1	40	diamond	green	(645, 652)	low	dis	(724, 460)	N	dif	hori	left	True	1153394	1154780	left	1	4	6
16	wsm	f	19	1	40	diamond	red	(645, 428)	low	dis	(565, 619)	N	dif	vert	up	True	1155910	1158051	up	1	4	7
16	wsm	f	19	1	40	diamond	green	(565, 460)	low	dis	(645, 428)	N	dif	vert	up	True	1159137	1161347	up	1	4	8
16	wsm	f	19	1	40	diamond	red	(757, 540)	low	no	no_dis	N	dif	hori	left	True	1162424	1164291	left	1	4	9
16	wsm	f	19	1	40	circle	red	(645, 652)	low	no	no_dis	N	dif	vert	up	True	1165404	1166483	up	1	4	10
16	wsm	f	19	1	40	circle	green	(724, 619)	high	no	no_dis	N	dif	vert	up	True	1167692	1168964	up	1	4	11
16	wsm	f	19	1	40	diamond	green	(565, 460)	low	dis	(757, 540)	N	dif	hori	left	True	1170184	1171452	left	1	4	12
16	wsm	f	19	1	40	diamond	green	(724, 619)	high	dis	(645, 652)	N	same	vert	up	True	1172702	1173851	up	1	4	13
16	wsm	f	19	1	40	diamond	red	(533, 540)	low	dis	(565, 619)	N	dif	vert	up	True	1174880	1176420	up	1	4	14
16	wsm	f	19	1	40	circle	red	(757, 540)	low	no	no_dis	N	dif	vert	up	True	1177549	1179123	up	1	4	15
16	wsm	f	19	1	40	diamond	green	(757, 540)	low	dis	(533, 540)	N	dif	hori	left	True	1180306	1181603	left	1	4	16
16	wsm	f	19	1	40	circle	green	(724, 619)	high	dis	(724, 460)	N	dif	hori	left	True	1182677	1183835	left	1	4	17
16	wsm	f	19	1	40	diamond	red	(724, 619)	high	dis	(645, 428)	N	dif	hori	left	True	1184966	1185924	left	1	4	18
16	wsm	f	19	1	40	diamond	green	(757, 540)	low	dis	(724, 619)	Y	same	hori	left	True	1186971	1188915	left	1	4	19
16	wsm	f	19	1	40	circle	red	(757, 540)	low	no	no_dis	N	dif	vert	up	True	1190148	1191292	up	1	4	20
16	wsm	f	19	1	40	diamond	green	(724, 619)	high	dis	(565, 619)	N	dif	vert	up	True	1192465	1193380	up	1	4	21
16	wsm	f	19	1	40	circle	red	(724, 619)	high	dis	(645, 652)	N	same	hori	left	True	1194444	1195556	left	1	4	22
16	wsm	f	19	1	40	diamond	red	(724, 619)	high	dis	(565, 619)	N	dif	hori	left	True	1196657	1197524	left	1	4	23
16	wsm	f	19	1	40	circle	green	(645, 652)	low	dis	(724, 460)	N	dif	vert	up	True	1198559	1200092	up	1	4	24
16	wsm	f	19	1	40	diamond	green	(724, 460)	low	no	no_dis	N	same	hori	left	True	1201105	1202323	left	1	4	25
16	wsm	f	19	1	40	diamond	red	(565, 619)	low	dis	(533, 540)	N	same	vert	up	True	1203463	1205435	up	1	4	26
16	wsm	f	19	1	40	circle	red	(724, 619)	high	dis	(533, 540)	N	same	hori	left	True	1206570	1207667	left	1	4	27
16	wsm	f	19	1	40	diamond	green	(724, 619)	high	dis	(565, 460)	N	same	hori	left	True	1208738	1209603	left	1	4	28
16	wsm	f	19	1	40	diamond	green	(533, 540)	low	dis	(645, 652)	N	dif	hori	left	True	1210718	1211987	left	1	4	29
16	wsm	f	19	1	40	circle	red	(645, 428)	low	no	no_dis	N	dif	vert	up	True	1213235	1214147	up	1	4	30
16	wsm	f	19	1	40	circle	red	(724, 619)	high	dis	(565, 460)	N	same	hori	left	True	1215391	1216516	left	1	4	31
16	wsm	f	19	1	40	circle	green	(645, 652)	low	no	no_dis	N	same	hori	left	True	1217672	1218667	left	1	4	32
16	wsm	f	19	1	40	circle	red	(724, 619)	high	dis	(724, 460)	N	same	vert	up	True	1219704	1221011	up	1	4	33
16	wsm	f	19	1	40	circle	red	(724, 619)	high	no	no_dis	N	same	hori	left	True	1222103	1223636	left	1	4	34
16	wsm	f	19	1	40	circle	green	(724, 619)	high	no	no_dis	N	dif	hori	left	True	1224757	1226612	left	1	4	35
16	wsm	f	19	1	40	circle	green	(724, 460)	low	dis	(645, 652)	N	same	hori	left	True	1227697	1229619	left	1	4	36
16	wsm	f	19	1	40	circle	green	(645, 428)	low	dis	(565, 619)	N	dif	hori	left	True	1230812	1233035	left	1	4	37
16	wsm	f	19	1	40	diamond	red	(724, 619)	high	dis	(565, 619)	N	same	vert	up	True	1234114	1236195	up	1	4	38
16	wsm	f	19	1	40	diamond	red	(757, 540)	low	no	no_dis	N	same	vert	up	True	1237305	1238748	up	1	4	39
16	wsm	f	19	1	40	diamond	red	(724, 619)	high	no	no_dis	N	dif	vert	up	True	1239991	1241467	up	1	4	40
16	wsm	f	19	1	40	diamond	red	(565, 460)	low	no	no_dis	N	same	hori	left	True	1242588	1244139	left	1	4	41
16	wsm	f	19	1	40	diamond	green	(565, 619)	low	no	no_dis	N	same	vert	up	True	1245228	1246564	up	1	4	42
16	wsm	f	19	1	40	diamond	red	(645, 652)	low	dis	(724, 619)	Y	same	vert	up	True	1247736	1249131	up	1	4	43
16	wsm	f	19	1	40	diamond	red	(565, 460)	low	dis	(645, 428)	N	dif	hori	left	True	1250308	1251779	left	1	4	44
16	wsm	f	19	1	40	circle	green	(533, 540)	low	no	no_dis	N	dif	hori	left	True	1252890	1254259	left	1	4	45
16	wsm	f	19	1	40	diamond	green	(724, 619)	high	dis	(565, 619)	N	dif	vert	up	True	1255286	1256987	up	1	4	46
16	wsm	f	19	1	40	circle	green	(565, 619)	low	dis	(724, 619)	Y	same	hori	left	True	1258052	1260076	left	1	4	47
16	wsm	f	19	1	40	circle	red	(645, 428)	low	dis	(724, 460)	N	dif	vert	up	True	1261153	1263675	up	1	4	48
16	wsm	f	19	1	40	diamond	green	(724, 460)	low	no	no_dis	N	same	hori	left	True	1264823	1266588	left	1	4	49
16	wsm	f	19	1	40	diamond	red	(724, 619)	high	dis	(645, 428)	N	dif	vert	up	True	1267805	1269180	up	1	4	50
16	wsm	f	19	1	40	diamond	red	(724, 619)	high	dis	(724, 460)	N	dif	hori	left	True	1270420	1271651	left	1	4	51
16	wsm	f	19	1	40	circle	red	(565, 619)	low	dis	(645, 652)	N	same	vert	up	True	1272901	1274395	up	1	4	52
16	wsm	f	19	1	40	diamond	green	(724, 619)	high	dis	(645, 652)	N	dif	vert	up	True	1275524	1277099	up	1	4	53
16	wsm	f	19	1	40	diamond	red	(565, 619)	low	no	no_dis	N	dif	vert	up	True	1278153	1279484	up	1	4	54
16	wsm	f	19	1	40	diamond	green	(724, 619)	high	dis	(645, 428)	N	dif	hori	left	True	1280709	1282188	left	1	4	55
16	wsm	f	19	1	40	circle	red	(724, 619)	high	no	no_dis	N	dif	hori	left	True	1283229	1284811	left	1	4	56
16	wsm	f	19	1	40	diamond	red	(724, 619)	high	dis	(724, 460)	N	dif	hori	left	True	1285970	1287915	left	1	4	57
16	wsm	f	19	1	40	circle	green	(724, 619)	high	dis	(757, 540)	N	same	hori	left	True	1288936	1290267	left	1	4	58
16	wsm	f	19	1	40	diamond	green	(565, 460)	low	dis	(757, 540)	N	same	hori	left	True	1291309	1292475	left	1	4	59
16	wsm	f	19	1	40	diamond	red	(724, 619)	high	no	no_dis	N	same	hori	left	True	1293592	1294731	left	1	4	60
16	wsm	f	19	1	40	circle	red	(724, 460)	low	dis	(645, 652)	N	dif	vert	up	True	1295940	1297051	up	1	4	61
16	wsm	f	19	1	40	diamond	green	(724, 460)	low	dis	(533, 540)	N	same	hori	left	True	1298186	1299756	left	1	4	62
16	wsm	f	19	1	40	circle	red	(724, 460)	low	dis	(645, 428)	N	dif	hori	left	True	1300917	1302011	left	1	4	63
16	wsm	f	19	1	40	circle	red	(724, 619)	high	dis	(757, 540)	N	same	vert	up	True	1303140	1304267	up	1	4	64
16	wsm	f	19	1	40	circle	green	(724, 619)	high	dis	(757, 540)	N	same	hori	left	True	1305353	1306371	left	1	4	65
16	wsm	f	19	1	40	circle	red	(724, 619)	high	dis	(565, 460)	N	dif	hori	left	True	1307397	1308283	left	1	4	66
16	wsm	f	19	1	40	diamond	green	(724, 460)	low	no	no_dis	N	dif	hori	left	True	1309359	1310795	left	1	4	67
16	wsm	f	19	1	40	circle	green	(533, 540)	low	dis	(757, 540)	N	same	vert	up	True	1311891	1313091	up	1	4	68
16	wsm	f	19	1	40	circle	red	(757, 540)	low	dis	(565, 460)	N	same	vert	up	True	1314284	1315548	up	1	4	69
16	wsm	f	19	1	40	circle	red	(565, 460)	low	dis	(757, 540)	N	dif	vert	up	True	1316657	1317787	up	1	4	70
16	wsm	f	19	1	40	circle	green	(724, 619)	high	dis	(533, 540)	N	dif	vert	up	True	1318883	1320180	up	1	4	71
16	wsm	f	19	1	40	diamond	green	(565, 619)	low	dis	(645, 652)	N	same	hori	left	True	1321359	1322763	left	1	4	72
16	wsm	f	19	1	40	diamond	red	(724, 460)	low	dis	(565, 460)	N	same	hori	left	True	1323880	1326163	left	1	4	73
16	wsm	f	19	1	40	circle	green	(565, 460)	low	dis	(724, 619)	Y	same	vert	up	True	1327215	1328284	up	1	4	74
16	wsm	f	19	1	40	circle	red	(645, 428)	low	no	no_dis	N	dif	vert	up	True	1329359	1330795	up	1	4	75
16	wsm	f	19	1	40	diamond	green	(724, 619)	high	dis	(565, 619)	N	same	hori	left	True	1332008	1333172	left	1	4	76
16	wsm	f	19	1	40	circle	green	(724, 619)	high	dis	(645, 428)	N	dif	vert	up	True	1334329	1335492	up	1	4	77
16	wsm	f	19	1	40	diamond	red	(645, 428)	low	dis	(565, 460)	N	same	hori	left	True	1336676	1337891	left	1	4	78
16	wsm	f	19	1	40	circle	green	(724, 619)	high	dis	(645, 652)	N	dif	vert	up	True	1338968	1340179	up	1	4	79
16	wsm	f	19	1	40	circle	red	(724, 619)	high	dis	(757, 540)	N	dif	hori	left	True	1341289	1342460	left	1	4	80
16	wsm	f	19	1	40	circle	green	(565, 460)	low	no	no_dis	N	same	vert	up	True	1343492	1344356	up	1	4	81
16	wsm	f	19	1	40	diamond	red	(565, 460)	low	dis	(724, 619)	Y	same	vert	up	True	1345502	1346859	up	1	4	82
16	wsm	f	19	1	40	diamond	green	(724, 619)	high	no	no_dis	N	dif	hori	left	True	1347896	1348963	left	1	4	83
16	wsm	f	19	1	40	circle	red	(645, 652)	low	dis	(757, 540)	N	dif	hori	left	True	1350123	1351699	left	1	4	84
16	wsm	f	19	1	40	diamond	red	(645, 652)	low	no	no_dis	N	same	vert	up	True	1352854	1353971	up	1	4	85
16	wsm	f	19	1	40	circle	green	(565, 619)	low	no	no_dis	N	same	vert	up	True	1355002	1357075	up	1	4	86
16	wsm	f	19	1	40	circle	green	(565, 460)	low	no	no_dis	N	same	vert	up	True	1358120	1359132	up	1	4	87
16	wsm	f	19	1	40	diamond	red	(757, 540)	low	dis	(724, 619)	Y	same	vert	up	True	1360205	1362035	up	1	4	88
16	wsm	f	19	1	40	diamond	green	(533, 540)	low	dis	(645, 428)	N	dif	vert	up	True	1363196	1364755	up	1	4	89
16	wsm	f	19	1	40	circle	red	(724, 619)	high	dis	(645, 428)	N	same	vert	up	True	1365896	1367147	up	1	4	90
16	wsm	f	19	1	40	diamond	green	(645, 428)	low	dis	(565, 619)	N	same	vert	up	True	1368158	1369315	up	1	4	91
16	wsm	f	19	1	40	circle	red	(533, 540)	low	no	no_dis	N	same	hori	left	True	1370543	1371716	left	1	4	92
16	wsm	f	19	1	40	diamond	red	(645, 428)	low	no	no_dis	N	same	hori	left	True	1372805	1374396	left	1	4	93
16	wsm	f	19	1	40	diamond	green	(724, 619)	high	no	no_dis	N	dif	hori	left	True	1375587	1376811	left	1	4	94
16	wsm	f	19	1	40	circle	red	(757, 540)	low	dis	(533, 540)	N	same	hori	left	True	1377834	1379643	left	1	4	95
16	wsm	f	19	1	40	diamond	red	(724, 619)	high	dis	(533, 540)	N	same	vert	up	True	1380781	1382955	up	1	4	96
16	wsm	f	19	1	40	circle	red	(724, 619)	high	no	no_dis	N	same	hori	left	True	1384064	1385195	left	1	4	97
16	wsm	f	19	1	40	diamond	red	(724, 619)	high	no	no_dis	N	dif	vert	up	True	1386266	1387859	up	1	4	98
16	wsm	f	19	1	40	diamond	red	(724, 619)	high	dis	(565, 460)	N	dif	vert	up	True	1388951	1391067	up	1	4	99
16	wsm	f	19	1	40	diamond	green	(565, 619)	low	no	no_dis	N	dif	hori	left	True	1392267	1393452	left	1	4	100
16	wsm	f	19	1	40	circle	green	(645, 652)	low	dis	(645, 428)	N	dif	hori	left	True	1394541	1395787	left	1	4	101
16	wsm	f	19	1	40	circle	red	(565, 619)	low	dis	(724, 619)	Y	dif	vert	up	True	1396822	1398516	up	1	4	102
16	wsm	f	19	1	40	circle	green	(724, 619)	high	no	no_dis	N	same	hori	left	True	1399704	1401516	left	1	4	103
16	wsm	f	19	1	40	diamond	red	(645, 428)	low	dis	(533, 540)	N	dif	hori	left	True	1402627	1403772	left	1	4	104
16	wsm	f	19	1	40	circle	green	(645, 652)	low	dis	(565, 619)	N	same	vert	up	True	1404883	1406492	up	1	4	105
16	wsm	f	19	1	40	diamond	red	(645, 652)	low	dis	(724, 460)	N	dif	vert	up	True	1407723	1409827	up	1	4	106
16	wsm	f	19	1	40	diamond	green	(724, 619)	high	no	no_dis	N	same	vert	up	True	1411056	1412091	up	1	4	107
16	wsm	f	19	1	40	diamond	red	(565, 619)	low	dis	(565, 460)	N	same	vert	up	True	1413162	1414331	up	1	4	108
16	wsm	f	19	1	40	circle	green	(645, 428)	low	dis	(724, 619)	Y	dif	vert	up	True	1415353	1417147	up	1	4	109
16	wsm	f	19	1	40	diamond	red	(724, 619)	high	no	no_dis	N	same	vert	up	True	1418363	1419355	up	1	4	110
16	wsm	f	19	1	40	circle	red	(757, 540)	low	dis	(724, 619)	Y	dif	hori	left	True	1420436	1421427	left	1	4	111
16	wsm	f	19	1	40	circle	green	(724, 460)	low	dis	(533, 540)	N	same	vert	up	True	1422504	1424052	up	1	4	112
16	wsm	f	19	1	40	circle	green	(757, 540)	low	dis	(724, 460)	N	same	hori	left	True	1425160	1427100	left	1	4	113
16	wsm	f	19	1	40	circle	green	(724, 619)	high	no	no_dis	N	same	vert	up	True	1428199	1429091	up	1	4	114
16	wsm	f	19	1	40	circle	green	(724, 619)	high	dis	(757, 540)	N	same	hori	left	True	1430228	1431499	left	1	4	115
16	wsm	f	19	1	40	diamond	green	(724, 619)	high	no	no_dis	N	dif	vert	up	True	1432648	1434812	up	1	4	116
16	wsm	f	19	1	40	circle	green	(565, 619)	low	dis	(645, 652)	N	dif	vert	up	True	1436018	1437340	up	1	4	117
16	wsm	f	19	1	40	circle	red	(533, 540)	low	dis	(724, 460)	N	dif	hori	left	True	1438455	1440084	left	1	4	118
16	wsm	f	19	1	40	circle	red	(533, 540)	low	dis	(565, 460)	N	same	hori	left	True	1441129	1442660	left	1	4	119
16	wsm	f	19	1	40	diamond	green	(724, 619)	high	dis	(565, 460)	N	same	vert	up	True	1443725	1445067	up	1	4	120
16	wsm	f	19	1	40	circle	green	(645, 428)	low	dis	(533, 540)	N	dif	vert	up	True	1498682	1499627	up	1	5	1
16	wsm	f	19	1	40	circle	red	(724, 619)	high	dis	(565, 619)	N	dif	hori	left	True	1500652	1501683	left	1	5	2
16	wsm	f	19	1	40	circle	red	(645, 652)	low	no	no_dis	N	same	hori	left	True	1502710	1503667	left	1	5	3
16	wsm	f	19	1	40	circle	green	(724, 619)	high	no	no_dis	N	same	vert	up	True	1504900	1505867	up	1	5	4
16	wsm	f	19	1	40	diamond	green	(724, 619)	high	dis	(724, 460)	N	dif	vert	up	True	1506916	1508171	up	1	5	5
16	wsm	f	19	1	40	circle	red	(724, 460)	low	no	no_dis	N	dif	hori	left	True	1509419	1510427	left	1	5	6
16	wsm	f	19	1	40	circle	red	(645, 652)	low	dis	(645, 428)	N	same	vert	up	True	1511570	1512644	up	1	5	7
16	wsm	f	19	1	40	diamond	green	(565, 460)	low	dis	(533, 540)	N	same	vert	up	True	1513710	1514980	up	1	5	8
16	wsm	f	19	1	40	diamond	green	(645, 652)	low	dis	(645, 428)	N	same	vert	up	True	1516056	1517244	up	1	5	9
16	wsm	f	19	1	40	circle	green	(565, 619)	low	dis	(757, 540)	N	dif	hori	left	True	1518443	1519772	left	1	5	10
16	wsm	f	19	1	40	circle	green	(724, 619)	high	no	no_dis	N	dif	vert	up	True	1520929	1521860	up	1	5	11
16	wsm	f	19	1	40	diamond	red	(724, 619)	high	dis	(757, 540)	N	same	vert	up	True	1523002	1524116	up	1	5	12
16	wsm	f	19	1	40	circle	red	(565, 619)	low	dis	(645, 428)	N	same	hori	left	True	1525357	1526268	left	1	5	13
16	wsm	f	19	1	40	diamond	green	(565, 460)	low	dis	(724, 619)	Y	dif	hori	left	True	1527325	1528635	left	1	5	14
16	wsm	f	19	1	40	diamond	red	(724, 619)	high	no	no_dis	N	dif	vert	up	True	1529734	1531011	up	1	5	15
16	wsm	f	19	1	40	diamond	green	(533, 540)	low	dis	(645, 652)	N	dif	vert	up	True	1532036	1533428	up	1	5	16
16	wsm	f	19	1	40	circle	green	(757, 540)	low	dis	(565, 460)	N	same	hori	left	True	1534483	1536004	left	1	5	17
16	wsm	f	19	1	40	diamond	red	(533, 540)	low	dis	(565, 460)	N	same	hori	left	True	1537213	1538420	left	1	5	18
16	wsm	f	19	1	40	circle	green	(645, 428)	low	no	no_dis	N	same	hori	left	True	1539492	1540315	up	0	5	19
16	wsm	f	19	1	40	diamond	green	(757, 540)	low	dis	(724, 460)	N	same	hori	left	True	1543015	1544868	left	1	5	20
16	wsm	f	19	1	40	diamond	green	(724, 460)	low	dis	(565, 460)	N	dif	vert	up	True	1545943	1546860	up	1	5	21
16	wsm	f	19	1	40	diamond	red	(645, 652)	low	dis	(533, 540)	N	same	vert	up	True	1547936	1549156	up	1	5	22
16	wsm	f	19	1	40	diamond	red	(565, 460)	low	no	no_dis	N	same	vert	up	True	1550165	1551148	up	1	5	23
16	wsm	f	19	1	40	diamond	green	(724, 619)	high	dis	(757, 540)	N	dif	hori	left	True	1552361	1554244	left	1	5	24
16	wsm	f	19	1	40	circle	green	(724, 619)	high	dis	(645, 652)	N	same	hori	left	True	1555401	1556748	left	1	5	25
16	wsm	f	19	1	40	diamond	red	(565, 460)	low	dis	(645, 428)	N	dif	hori	left	True	1557824	1559619	left	1	5	26
16	wsm	f	19	1	40	circle	red	(724, 619)	high	no	no_dis	N	dif	hori	left	True	1560737	1561803	left	1	5	27
16	wsm	f	19	1	40	diamond	green	(724, 619)	high	no	no_dis	N	dif	hori	left	True	1562846	1564348	left	1	5	28
16	wsm	f	19	1	40	diamond	green	(565, 619)	low	dis	(724, 619)	Y	same	hori	left	True	1565446	1567596	left	1	5	29
16	wsm	f	19	1	40	circle	red	(724, 460)	low	no	no_dis	N	dif	hori	left	True	1568723	1570700	left	1	5	30
16	wsm	f	19	1	40	diamond	red	(724, 619)	high	dis	(757, 540)	N	same	vert	up	True	1571837	1573659	up	1	5	31
16	wsm	f	19	1	40	circle	green	(757, 540)	low	no	no_dis	N	same	hori	left	True	1574697	1577003	left	1	5	32
16	wsm	f	19	1	40	diamond	red	(724, 619)	high	dis	(565, 619)	N	dif	vert	up	True	1578249	1579171	up	1	5	33
16	wsm	f	19	1	40	circle	red	(724, 619)	high	dis	(565, 460)	N	dif	vert	up	True	1580289	1581195	up	1	5	34
16	wsm	f	19	1	40	circle	green	(645, 652)	low	dis	(565, 619)	N	dif	vert	up	True	1582216	1583139	up	1	5	35
16	wsm	f	19	1	40	circle	green	(724, 619)	high	no	no_dis	N	same	hori	left	True	1584294	1585067	left	1	5	36
16	wsm	f	19	1	40	circle	green	(645, 652)	low	dis	(565, 619)	N	dif	hori	left	True	1586215	1586971	left	1	5	37
16	wsm	f	19	1	40	circle	green	(724, 619)	high	dis	(533, 540)	N	dif	vert	up	True	1588137	1589243	up	1	5	38
16	wsm	f	19	1	40	circle	green	(724, 460)	low	dis	(757, 540)	N	dif	hori	left	True	1590480	1591547	left	1	5	39
16	wsm	f	19	1	40	circle	red	(645, 428)	low	dis	(724, 619)	Y	same	vert	up	True	1592594	1594379	up	1	5	40
16	wsm	f	19	1	40	diamond	green	(757, 540)	low	dis	(645, 652)	N	same	hori	left	True	1595518	1597004	left	1	5	41
16	wsm	f	19	1	40	circle	green	(724, 619)	high	dis	(757, 540)	N	same	hori	left	True	1598041	1599563	left	1	5	42
16	wsm	f	19	1	40	circle	red	(724, 619)	high	no	no_dis	N	same	hori	left	True	1600797	1601683	left	1	5	43
16	wsm	f	19	1	40	diamond	red	(645, 652)	low	dis	(565, 460)	N	dif	vert	up	True	1602711	1603867	up	1	5	44
16	wsm	f	19	1	40	circle	red	(724, 619)	high	dis	(645, 428)	N	same	hori	left	True	1604894	1606363	left	1	5	45
16	wsm	f	19	1	40	diamond	red	(565, 460)	low	dis	(533, 540)	N	dif	hori	left	True	1607370	1608396	left	1	5	46
16	wsm	f	19	1	40	diamond	red	(724, 619)	high	dis	(757, 540)	N	dif	hori	left	True	1609569	1610851	left	1	5	47
16	wsm	f	19	1	40	circle	green	(724, 619)	high	dis	(724, 460)	N	dif	hori	left	True	1612005	1613531	left	1	5	48
16	wsm	f	19	1	40	circle	green	(724, 460)	low	dis	(645, 652)	N	same	hori	left	True	1614548	1615651	left	1	5	49
16	wsm	f	19	1	40	circle	green	(724, 619)	high	dis	(565, 619)	N	dif	vert	up	True	1616687	1618155	up	1	5	50
16	wsm	f	19	1	40	diamond	green	(724, 460)	low	no	no_dis	N	dif	hori	left	True	1619273	1620659	left	1	5	51
16	wsm	f	19	1	40	diamond	green	(724, 619)	high	dis	(565, 460)	N	dif	hori	left	True	1621884	1623660	left	1	5	52
16	wsm	f	19	1	40	circle	red	(724, 619)	high	no	no_dis	N	same	vert	up	True	1624796	1626963	left	0	5	53
16	wsm	f	19	1	40	circle	red	(565, 460)	low	dis	(724, 460)	N	dif	hori	left	True	1629586	1631283	left	1	5	54
16	wsm	f	19	1	40	circle	red	(724, 460)	low	dis	(565, 460)	N	same	hori	left	True	1632361	1634276	left	1	5	55
16	wsm	f	19	1	40	circle	green	(724, 460)	low	dis	(757, 540)	N	same	hori	left	True	1635370	1637499	left	1	5	56
16	wsm	f	19	1	40	circle	red	(565, 619)	low	no	no_dis	N	same	vert	up	True	1638714	1639875	up	1	5	57
16	wsm	f	19	1	40	diamond	red	(724, 619)	high	dis	(645, 652)	N	same	vert	up	True	1641044	1642699	up	1	5	58
16	wsm	f	19	1	40	circle	red	(724, 619)	high	dis	(724, 460)	N	dif	hori	left	True	1643936	1645156	left	1	5	59
16	wsm	f	19	1	40	circle	green	(724, 619)	high	no	no_dis	N	dif	hori	left	True	1646286	1647475	left	1	5	60
16	wsm	f	19	1	40	diamond	red	(565, 619)	low	dis	(724, 460)	N	dif	hori	left	True	1648599	1649692	left	1	5	61
16	wsm	f	19	1	40	circle	red	(757, 540)	low	dis	(724, 619)	Y	dif	vert	up	True	1650883	1651971	up	1	5	62
16	wsm	f	19	1	40	diamond	red	(757, 540)	low	dis	(565, 619)	N	same	vert	up	True	1653155	1654195	up	1	5	63
16	wsm	f	19	1	40	circle	green	(724, 619)	high	dis	(645, 428)	N	same	hori	left	True	1655337	1656515	left	1	5	64
16	wsm	f	19	1	40	diamond	green	(724, 619)	high	dis	(565, 619)	N	same	hori	left	True	1657707	1658571	left	1	5	65
16	wsm	f	19	1	40	circle	green	(533, 540)	low	dis	(645, 428)	N	dif	vert	up	True	1659804	1660836	up	1	5	66
16	wsm	f	19	1	40	circle	red	(724, 619)	high	dis	(645, 652)	N	dif	vert	up	True	1661917	1662964	up	1	5	67
16	wsm	f	19	1	40	circle	red	(565, 619)	low	dis	(757, 540)	N	same	vert	up	True	1664016	1665227	up	1	5	68
16	wsm	f	19	1	40	circle	red	(645, 428)	low	no	no_dis	N	dif	vert	up	True	1666461	1667580	up	1	5	69
16	wsm	f	19	1	40	circle	red	(757, 540)	low	dis	(724, 619)	Y	dif	hori	left	True	1668634	1669795	left	1	5	70
16	wsm	f	19	1	40	circle	red	(533, 540)	low	dis	(565, 619)	N	dif	vert	up	True	1670949	1671883	up	1	5	71
16	wsm	f	19	1	40	diamond	green	(757, 540)	low	no	no_dis	N	dif	hori	left	True	1672894	1673859	left	1	5	72
16	wsm	f	19	1	40	diamond	red	(757, 540)	low	no	no_dis	N	same	hori	left	True	1675020	1676435	left	1	5	73
16	wsm	f	19	1	40	diamond	red	(645, 428)	low	dis	(533, 540)	N	same	hori	left	True	1677644	1679243	left	1	5	74
16	wsm	f	19	1	40	circle	red	(724, 619)	high	dis	(645, 428)	N	dif	vert	up	True	1680362	1681283	up	1	5	75
16	wsm	f	19	1	40	diamond	green	(724, 619)	high	no	no_dis	N	same	vert	up	True	1682467	1683643	up	1	5	76
16	wsm	f	19	1	40	diamond	green	(724, 619)	high	dis	(565, 460)	N	dif	hori	left	True	1684831	1685900	left	1	5	77
16	wsm	f	19	1	40	diamond	green	(533, 540)	low	no	no_dis	N	same	vert	up	True	1687146	1688059	up	1	5	78
16	wsm	f	19	1	40	diamond	red	(724, 619)	high	dis	(645, 652)	N	same	vert	up	True	1689155	1690099	up	1	5	79
16	wsm	f	19	1	40	circle	green	(645, 428)	low	no	no_dis	N	dif	hori	left	True	1691112	1692308	left	1	5	80
16	wsm	f	19	1	40	circle	green	(565, 619)	low	dis	(724, 619)	Y	dif	hori	left	True	1693368	1694803	left	1	5	81
16	wsm	f	19	1	40	diamond	green	(533, 540)	low	no	no_dis	N	same	hori	left	True	1695806	1697091	left	1	5	82
16	wsm	f	19	1	40	diamond	green	(724, 619)	high	dis	(533, 540)	N	dif	hori	left	True	1698262	1700212	left	1	5	83
16	wsm	f	19	1	40	diamond	red	(565, 619)	low	dis	(724, 619)	Y	same	vert	up	True	1701370	1703355	up	1	5	84
16	wsm	f	19	1	40	diamond	red	(565, 619)	low	no	no_dis	N	dif	vert	up	True	1704425	1705963	up	1	5	85
16	wsm	f	19	1	40	diamond	green	(565, 460)	low	no	no_dis	N	dif	vert	up	True	1706976	1708235	up	1	5	86
16	wsm	f	19	1	40	diamond	red	(645, 652)	low	no	no_dis	N	same	vert	up	True	1709477	1710740	up	1	5	87
16	wsm	f	19	1	40	diamond	red	(533, 540)	low	no	no_dis	N	same	hori	left	True	1711905	1713068	left	1	5	88
16	wsm	f	19	1	40	diamond	green	(724, 619)	high	dis	(533, 540)	N	same	vert	up	True	1714163	1715524	up	1	5	89
16	wsm	f	19	1	40	diamond	red	(565, 460)	low	no	no_dis	N	dif	vert	up	True	1716628	1718084	up	1	5	90
16	wsm	f	19	1	40	circle	green	(724, 619)	high	dis	(645, 652)	N	same	vert	up	True	1719262	1720628	up	1	5	91
16	wsm	f	19	1	40	diamond	red	(724, 460)	low	dis	(645, 428)	N	dif	vert	up	True	1721789	1723139	up	1	5	92
16	wsm	f	19	1	40	diamond	red	(724, 619)	high	no	no_dis	N	same	hori	left	True	1724355	1725788	left	1	5	93
16	wsm	f	19	1	40	diamond	red	(724, 619)	high	dis	(565, 460)	N	same	vert	up	True	1726812	1728075	up	1	5	94
16	wsm	f	19	1	40	diamond	green	(565, 460)	low	dis	(645, 652)	N	same	vert	up	True	1729257	1730595	up	1	5	95
16	wsm	f	19	1	40	diamond	green	(645, 428)	low	dis	(565, 619)	N	dif	vert	up	True	1731654	1732852	up	1	5	96
16	wsm	f	19	1	40	diamond	red	(724, 619)	high	no	no_dis	N	dif	hori	left	True	1734046	1735468	left	1	5	97
16	wsm	f	19	1	40	diamond	green	(724, 619)	high	dis	(724, 460)	N	same	hori	left	True	1736551	1737876	left	1	5	98
16	wsm	f	19	1	40	circle	red	(724, 460)	low	dis	(645, 652)	N	same	hori	left	True	1739112	1740915	left	1	5	99
16	wsm	f	19	1	40	circle	red	(645, 428)	low	dis	(757, 540)	N	same	vert	up	True	1742158	1743564	up	1	5	100
16	wsm	f	19	1	40	circle	green	(724, 460)	low	no	no_dis	N	dif	hori	left	True	1744805	1745939	left	1	5	101
16	wsm	f	19	1	40	circle	green	(645, 428)	low	dis	(565, 619)	N	dif	vert	up	True	1747117	1748436	up	1	5	102
16	wsm	f	19	1	40	diamond	green	(565, 460)	low	no	no_dis	N	dif	vert	up	True	1749633	1751484	up	1	5	103
16	wsm	f	19	1	40	diamond	green	(724, 619)	high	no	no_dis	N	same	hori	left	True	1752650	1754611	left	1	5	104
16	wsm	f	19	1	40	diamond	red	(724, 619)	high	dis	(645, 428)	N	same	hori	left	True	1755826	1757516	left	1	5	105
16	wsm	f	19	1	40	circle	green	(724, 619)	high	dis	(724, 460)	N	same	vert	up	True	1758593	1760060	up	1	5	106
16	wsm	f	19	1	40	diamond	green	(724, 619)	high	no	no_dis	N	same	vert	up	True	1761199	1762644	up	1	5	107
16	wsm	f	19	1	40	circle	green	(565, 460)	low	dis	(533, 540)	N	same	vert	up	True	1763708	1764995	up	1	5	108
16	wsm	f	19	1	40	diamond	red	(645, 428)	low	dis	(724, 619)	Y	same	hori	left	True	1766188	1767340	left	1	5	109
16	wsm	f	19	1	40	circle	red	(533, 540)	low	dis	(724, 460)	N	dif	hori	left	True	1768344	1769747	left	1	5	110
16	wsm	f	19	1	40	circle	red	(724, 619)	high	dis	(565, 460)	N	same	hori	left	True	1770790	1771747	left	1	5	111
16	wsm	f	19	1	40	diamond	green	(645, 652)	low	dis	(724, 460)	N	dif	hori	left	True	1772982	1774508	left	1	5	112
16	wsm	f	19	1	40	circle	red	(645, 652)	low	no	no_dis	N	dif	vert	up	True	1775699	1776731	up	1	5	113
16	wsm	f	19	1	40	circle	red	(724, 619)	high	no	no_dis	N	dif	vert	up	True	1777832	1778820	up	1	5	114
16	wsm	f	19	1	40	diamond	green	(533, 540)	low	dis	(724, 619)	Y	same	vert	up	True	1780052	1781331	up	1	5	115
16	wsm	f	19	1	40	circle	red	(724, 619)	high	dis	(533, 540)	N	dif	vert	up	True	1782471	1783780	up	1	5	116
16	wsm	f	19	1	40	diamond	red	(757, 540)	low	dis	(724, 619)	Y	dif	vert	up	True	1785006	1786324	up	1	5	117
16	wsm	f	19	1	40	circle	green	(565, 619)	low	no	no_dis	N	same	vert	up	True	1787486	1788947	up	1	5	118
16	wsm	f	19	1	40	diamond	red	(724, 619)	high	no	no_dis	N	dif	vert	up	True	1790026	1790956	up	1	5	119
16	wsm	f	19	1	40	circle	green	(757, 540)	low	no	no_dis	N	same	vert	up	True	1792160	1793235	up	1	5	120
16	wsm	f	19	1	40	diamond	green	(724, 619)	high	no	no_dis	N	dif	hori	left	True	1849357	1850459	left	1	6	1
16	wsm	f	19	1	40	circle	green	(724, 619)	high	dis	(565, 619)	N	dif	hori	left	True	1851593	1852652	left	1	6	2
16	wsm	f	19	1	40	diamond	red	(565, 460)	low	no	no_dis	N	same	vert	up	True	1853690	1855595	up	1	6	3
16	wsm	f	19	1	40	circle	green	(757, 540)	low	dis	(565, 460)	N	dif	vert	up	True	1856716	1857868	up	1	6	4
16	wsm	f	19	1	40	circle	red	(645, 652)	low	dis	(565, 619)	N	same	vert	up	True	1859095	1860763	up	1	6	5
16	wsm	f	19	1	40	circle	red	(565, 619)	low	no	no_dis	N	dif	vert	up	True	1861949	1863051	up	1	6	6
16	wsm	f	19	1	40	circle	red	(724, 460)	low	no	no_dis	N	same	hori	left	True	1864285	1865395	left	1	6	7
16	wsm	f	19	1	40	circle	red	(724, 619)	high	no	no_dis	N	dif	hori	left	True	1866492	1867595	left	1	6	8
16	wsm	f	19	1	40	diamond	green	(757, 540)	low	dis	(645, 428)	N	same	vert	up	True	1868739	1870315	up	1	6	9
16	wsm	f	19	1	40	diamond	red	(645, 652)	low	dis	(533, 540)	N	dif	hori	left	True	1871522	1873356	left	1	6	10
16	wsm	f	19	1	40	diamond	red	(565, 460)	low	no	no_dis	N	dif	vert	up	True	1874472	1875491	up	1	6	11
16	wsm	f	19	1	40	diamond	red	(724, 619)	high	no	no_dis	N	dif	vert	up	True	1876615	1877428	up	1	6	12
16	wsm	f	19	1	40	circle	red	(565, 460)	low	dis	(645, 428)	N	same	vert	up	True	1878481	1879587	up	1	6	13
16	wsm	f	19	1	40	diamond	red	(724, 619)	high	dis	(645, 428)	N	same	vert	up	True	1880652	1881619	up	1	6	14
16	wsm	f	19	1	40	circle	red	(645, 428)	low	dis	(565, 460)	N	same	hori	left	True	1882631	1884739	left	1	6	15
16	wsm	f	19	1	40	circle	green	(724, 619)	high	dis	(565, 619)	N	dif	hori	left	True	1885838	1886987	left	1	6	16
16	wsm	f	19	1	40	diamond	red	(565, 619)	low	no	no_dis	N	same	hori	left	True	1888030	1889195	left	1	6	17
16	wsm	f	19	1	40	diamond	green	(757, 540)	low	dis	(565, 619)	N	dif	vert	up	True	1890411	1891484	left	0	6	18
16	wsm	f	19	1	40	circle	green	(724, 619)	high	no	no_dis	N	same	vert	up	True	1894175	1895228	up	1	6	19
16	wsm	f	19	1	40	circle	red	(565, 460)	low	no	no_dis	N	dif	hori	left	True	1896334	1897323	left	1	6	20
16	wsm	f	19	1	40	diamond	red	(645, 652)	low	no	no_dis	N	same	vert	up	True	1898387	1899731	up	1	6	21
16	wsm	f	19	1	40	diamond	red	(724, 619)	high	no	no_dis	N	same	hori	left	True	1900928	1901868	left	1	6	22
16	wsm	f	19	1	40	diamond	green	(724, 619)	high	dis	(533, 540)	N	same	hori	left	True	1902912	1905284	left	1	6	23
16	wsm	f	19	1	40	circle	red	(533, 540)	low	dis	(565, 619)	N	same	hori	left	True	1906496	1908827	left	1	6	24
16	wsm	f	19	1	40	circle	green	(757, 540)	low	no	no_dis	N	same	hori	left	True	1909949	1911516	left	1	6	25
16	wsm	f	19	1	40	diamond	red	(724, 619)	high	dis	(533, 540)	N	dif	hori	left	True	1912686	1913716	left	1	6	26
16	wsm	f	19	1	40	diamond	red	(645, 652)	low	dis	(645, 428)	N	same	hori	left	True	1914897	1916611	left	1	6	27
16	wsm	f	19	1	40	diamond	green	(533, 540)	low	no	no_dis	N	same	hori	left	True	1917717	1918780	left	1	6	28
16	wsm	f	19	1	40	diamond	green	(724, 460)	low	no	no_dis	N	same	vert	up	True	1920003	1921228	up	1	6	29
16	wsm	f	19	1	40	diamond	green	(565, 460)	low	dis	(645, 428)	N	same	vert	up	True	1922254	1923308	up	1	6	30
16	wsm	f	19	1	40	diamond	red	(724, 460)	low	dis	(565, 460)	N	same	hori	left	True	1924536	1925451	left	1	6	31
16	wsm	f	19	1	40	diamond	red	(645, 652)	low	dis	(565, 460)	N	dif	vert	up	True	1926633	1927851	up	1	6	32
16	wsm	f	19	1	40	circle	green	(645, 652)	low	dis	(724, 619)	Y	same	hori	left	True	1928909	1930747	left	1	6	33
16	wsm	f	19	1	40	diamond	red	(645, 428)	low	no	no_dis	N	dif	hori	left	True	1931832	1933564	left	1	6	34
16	wsm	f	19	1	40	circle	green	(565, 619)	low	no	no_dis	N	dif	vert	up	True	1934775	1935900	up	1	6	35
16	wsm	f	19	1	40	circle	green	(724, 619)	high	no	no_dis	N	dif	hori	left	True	1936910	1938035	left	1	6	36
16	wsm	f	19	1	40	circle	red	(724, 619)	high	dis	(757, 540)	N	dif	vert	up	True	1939204	1940332	up	1	6	37
16	wsm	f	19	1	40	circle	green	(724, 619)	high	dis	(533, 540)	N	dif	vert	up	True	1941461	1942532	up	1	6	38
16	wsm	f	19	1	40	diamond	red	(724, 619)	high	no	no_dis	N	dif	hori	left	True	1943581	1944403	left	1	6	39
16	wsm	f	19	1	40	circle	green	(645, 428)	low	dis	(757, 540)	N	dif	vert	up	True	1945603	1946772	up	1	6	40
16	wsm	f	19	1	40	diamond	green	(724, 619)	high	dis	(645, 428)	N	same	vert	up	True	1947812	1949027	up	1	6	41
16	wsm	f	19	1	40	circle	green	(565, 619)	low	dis	(533, 540)	N	same	hori	left	True	1950093	1951539	left	1	6	42
16	wsm	f	19	1	40	circle	red	(533, 540)	low	dis	(724, 460)	N	dif	vert	up	True	1952768	1954052	up	1	6	43
16	wsm	f	19	1	40	circle	green	(724, 619)	high	no	no_dis	N	dif	vert	up	True	1955119	1957404	up	1	6	44
16	wsm	f	19	1	40	diamond	green	(533, 540)	low	no	no_dis	N	dif	vert	up	True	1958543	1959796	up	1	6	45
16	wsm	f	19	1	40	diamond	green	(724, 619)	high	dis	(565, 460)	N	same	hori	left	True	1960926	1961947	left	1	6	46
16	wsm	f	19	1	40	diamond	green	(724, 619)	high	dis	(757, 540)	N	dif	vert	up	True	1963162	1964323	up	1	6	47
16	wsm	f	19	1	40	diamond	green	(757, 540)	low	no	no_dis	N	dif	hori	left	True	1965394	1966420	left	1	6	48
16	wsm	f	19	1	40	diamond	green	(565, 619)	low	dis	(645, 652)	N	same	hori	left	True	1967665	1969203	left	1	6	49
16	wsm	f	19	1	40	diamond	green	(565, 619)	low	dis	(645, 652)	N	same	vert	up	True	1970405	1971988	up	1	6	50
16	wsm	f	19	1	40	circle	green	(724, 619)	high	dis	(645, 428)	N	dif	hori	left	True	1973146	1974915	left	1	6	51
16	wsm	f	19	1	40	diamond	red	(724, 619)	high	dis	(645, 652)	N	same	hori	left	True	1976122	1977595	left	1	6	52
16	wsm	f	19	1	40	circle	green	(724, 619)	high	dis	(724, 460)	N	same	hori	left	True	1978659	1980268	left	1	6	53
16	wsm	f	19	1	40	diamond	red	(757, 540)	low	dis	(724, 619)	Y	dif	vert	up	True	1981291	1982635	up	1	6	54
16	wsm	f	19	1	40	diamond	green	(724, 619)	high	dis	(645, 652)	N	same	hori	left	True	1983673	1985579	left	1	6	55
16	wsm	f	19	1	40	diamond	red	(724, 619)	high	dis	(757, 540)	N	dif	vert	up	True	1986674	1988340	up	1	6	56
16	wsm	f	19	1	40	circle	red	(565, 619)	low	dis	(724, 619)	Y	dif	hori	left	True	1989575	1991180	left	1	6	57
16	wsm	f	19	1	40	diamond	green	(724, 619)	high	no	no_dis	N	same	hori	left	True	1992250	1994099	left	1	6	58
16	wsm	f	19	1	40	diamond	green	(724, 619)	high	no	no_dis	N	same	hori	left	True	1995289	1996252	left	1	6	59
16	wsm	f	19	1	40	diamond	red	(645, 428)	low	dis	(645, 652)	N	same	hori	left	True	1997474	1998804	left	1	6	60
16	wsm	f	19	1	40	diamond	red	(533, 540)	low	dis	(724, 619)	Y	dif	hori	left	True	1999992	2001388	left	1	6	61
16	wsm	f	19	1	40	diamond	green	(645, 428)	low	dis	(724, 619)	Y	same	vert	up	True	2002579	2004571	up	1	6	62
16	wsm	f	19	1	40	circle	red	(724, 619)	high	dis	(724, 460)	N	dif	vert	up	True	2005774	2007715	up	1	6	63
16	wsm	f	19	1	40	diamond	green	(533, 540)	low	dis	(565, 460)	N	same	hori	left	True	2008810	2010507	up	0	6	64
16	wsm	f	19	1	40	circle	red	(724, 619)	high	no	no_dis	N	same	vert	up	True	2013216	2015052	up	1	6	65
16	wsm	f	19	1	40	circle	green	(565, 619)	low	dis	(724, 619)	Y	dif	hori	left	True	2016181	2018227	left	1	6	66
16	wsm	f	19	1	40	circle	green	(645, 652)	low	dis	(724, 460)	N	dif	hori	left	True	2019345	2020635	left	1	6	67
16	wsm	f	19	1	40	diamond	green	(565, 460)	low	dis	(533, 540)	N	dif	vert	up	True	2021734	2022948	up	1	6	68
16	wsm	f	19	1	40	circle	red	(724, 619)	high	dis	(565, 460)	N	same	hori	left	True	2024131	2025060	left	1	6	69
16	wsm	f	19	1	40	circle	red	(724, 619)	high	dis	(533, 540)	N	same	vert	up	True	2026291	2027451	up	1	6	70
16	wsm	f	19	1	40	diamond	red	(724, 619)	high	dis	(757, 540)	N	same	hori	left	True	2028485	2030067	left	1	6	71
16	wsm	f	19	1	40	circle	red	(724, 460)	low	dis	(565, 619)	N	dif	hori	left	True	2031288	2032372	left	1	6	72
16	wsm	f	19	1	40	diamond	green	(565, 619)	low	no	no_dis	N	same	vert	up	True	2033583	2035155	up	1	6	73
16	wsm	f	19	1	40	circle	red	(645, 652)	low	no	no_dis	N	dif	hori	left	True	2036312	2037732	left	1	6	74
16	wsm	f	19	1	40	diamond	red	(724, 619)	high	dis	(565, 619)	N	dif	hori	left	True	2038738	2040275	left	1	6	75
16	wsm	f	19	1	40	circle	green	(533, 540)	low	no	no_dis	N	dif	hori	left	True	2041390	2043004	left	1	6	76
16	wsm	f	19	1	40	circle	green	(724, 460)	low	dis	(565, 619)	N	dif	hori	left	True	2044189	2045523	left	1	6	77
16	wsm	f	19	1	40	diamond	red	(565, 460)	low	dis	(724, 460)	N	dif	hori	left	True	2046546	2048020	left	1	6	78
16	wsm	f	19	1	40	diamond	red	(724, 619)	high	no	no_dis	N	dif	vert	up	True	2049118	2051115	up	1	6	79
16	wsm	f	19	1	40	circle	red	(724, 619)	high	dis	(645, 652)	N	dif	hori	left	True	2052123	2053196	left	1	6	80
16	wsm	f	19	1	40	diamond	red	(645, 428)	low	no	no_dis	N	dif	hori	left	True	2054369	2055579	left	1	6	81
16	wsm	f	19	1	40	circle	red	(645, 428)	low	no	no_dis	N	dif	vert	up	True	2056719	2058035	up	1	6	82
16	wsm	f	19	1	40	circle	green	(724, 619)	high	no	no_dis	N	same	vert	up	True	2059239	2060579	up	1	6	83
16	wsm	f	19	1	40	diamond	green	(724, 619)	high	no	no_dis	N	dif	vert	up	True	2061765	2063251	up	1	6	84
16	wsm	f	19	1	40	circle	red	(757, 540)	low	dis	(724, 619)	Y	dif	vert	up	True	2064481	2065651	up	1	6	85
16	wsm	f	19	1	40	diamond	red	(565, 460)	low	dis	(724, 460)	N	dif	vert	up	True	2066830	2068604	up	1	6	86
16	wsm	f	19	1	40	circle	green	(565, 460)	low	dis	(724, 619)	Y	same	vert	up	True	2069849	2071380	up	1	6	87
16	wsm	f	19	1	40	circle	red	(645, 428)	low	dis	(645, 652)	N	same	vert	up	True	2072484	2074500	up	1	6	88
16	wsm	f	19	1	40	circle	red	(724, 460)	low	dis	(757, 540)	N	same	vert	up	True	2075578	2077867	up	1	6	89
16	wsm	f	19	1	40	circle	green	(533, 540)	low	dis	(757, 540)	N	dif	hori	left	True	2079057	2080371	left	1	6	90
16	wsm	f	19	1	40	diamond	red	(565, 619)	low	dis	(565, 460)	N	dif	hori	left	True	2081455	2082747	left	1	6	91
16	wsm	f	19	1	40	circle	green	(724, 619)	high	dis	(565, 460)	N	same	vert	up	True	2083962	2084971	up	1	6	92
16	wsm	f	19	1	40	circle	green	(724, 460)	low	dis	(724, 619)	Y	same	hori	left	True	2086103	2088060	left	1	6	93
16	wsm	f	19	1	40	diamond	red	(724, 619)	high	dis	(724, 460)	N	same	vert	up	True	2089266	2090499	up	1	6	94
16	wsm	f	19	1	40	diamond	green	(724, 619)	high	dis	(757, 540)	N	dif	vert	up	True	2091512	2092619	up	1	6	95
16	wsm	f	19	1	40	circle	green	(645, 652)	low	no	no_dis	N	same	hori	left	True	2093711	2094644	left	1	6	96
16	wsm	f	19	1	40	diamond	red	(645, 428)	low	dis	(757, 540)	N	same	vert	up	True	2095789	2097835	up	1	6	97
16	wsm	f	19	1	40	diamond	green	(533, 540)	low	dis	(724, 460)	N	same	hori	left	True	2099082	2101515	left	1	6	98
16	wsm	f	19	1	40	diamond	green	(724, 619)	high	dis	(533, 540)	N	same	vert	up	True	2102641	2104308	up	1	6	99
16	wsm	f	19	1	40	diamond	green	(724, 460)	low	dis	(645, 428)	N	dif	vert	up	True	2105393	2106868	up	1	6	100
16	wsm	f	19	1	40	circle	red	(724, 619)	high	dis	(724, 460)	N	dif	vert	up	True	2108040	2109443	up	1	6	101
16	wsm	f	19	1	40	circle	green	(724, 619)	high	dis	(645, 428)	N	dif	hori	left	True	2110554	2111563	left	1	6	102
16	wsm	f	19	1	40	circle	red	(724, 619)	high	no	no_dis	N	same	hori	left	True	2112747	2113675	left	1	6	103
16	wsm	f	19	1	40	circle	red	(724, 619)	high	dis	(565, 619)	N	dif	vert	up	True	2114862	2115940	up	1	6	104
16	wsm	f	19	1	40	diamond	green	(724, 619)	high	dis	(645, 652)	N	same	hori	left	True	2117077	2118035	left	1	6	105
16	wsm	f	19	1	40	circle	green	(645, 428)	low	dis	(724, 460)	N	dif	hori	left	True	2119096	2120924	left	1	6	106
16	wsm	f	19	1	40	circle	red	(757, 540)	low	dis	(645, 652)	N	dif	vert	up	True	2122057	2123795	up	1	6	107
16	wsm	f	19	1	40	diamond	green	(533, 540)	low	dis	(757, 540)	N	dif	vert	up	True	2124839	2126428	up	1	6	108
16	wsm	f	19	1	40	circle	red	(565, 619)	low	dis	(533, 540)	N	same	hori	left	True	2127486	2128435	left	1	6	109
16	wsm	f	19	1	40	circle	green	(757, 540)	low	no	no_dis	N	dif	vert	up	True	2129663	2131180	up	1	6	110
16	wsm	f	19	1	40	circle	green	(724, 460)	low	no	no_dis	N	same	vert	up	True	2132202	2133348	up	1	6	111
16	wsm	f	19	1	40	circle	red	(724, 619)	high	no	no_dis	N	same	vert	up	True	2134583	2135452	up	1	6	112
16	wsm	f	19	1	40	diamond	green	(645, 652)	low	dis	(645, 428)	N	same	vert	up	True	2136638	2137611	up	1	6	113
16	wsm	f	19	1	40	circle	red	(724, 619)	high	dis	(565, 619)	N	same	vert	up	True	2138792	2139908	up	1	6	114
16	wsm	f	19	1	40	circle	red	(565, 460)	low	no	no_dis	N	same	vert	up	True	2141079	2142444	up	1	6	115
16	wsm	f	19	1	40	circle	green	(724, 460)	low	dis	(724, 619)	Y	dif	hori	left	True	2143693	2145540	left	1	6	116
16	wsm	f	19	1	40	diamond	red	(724, 619)	high	dis	(645, 652)	N	same	vert	up	True	2146791	2148900	up	1	6	117
16	wsm	f	19	1	40	diamond	red	(757, 540)	low	dis	(533, 540)	N	same	vert	up	True	2150051	2151956	up	1	6	118
16	wsm	f	19	1	40	circle	green	(724, 619)	high	dis	(565, 460)	N	dif	hori	left	True	2153017	2154203	left	1	6	119
16	wsm	f	19	1	40	diamond	green	(645, 428)	low	no	no_dis	N	same	hori	left	True	2155332	2156828	left	1	6	120
conf	16	wsm	f	19	40	1	True	2218856	2229427	6	True	2229441	2235300	4								
