subj	name	gender	age	prac	group	shape	color	tar_loc	popularity	dis_cond	dis_loc	dis_high	td_dif	line	respkey	gotkey	startTime	respTime	resp	correct	block	trialnum
2	zy	f	19	1	40	circle	green	(645, 652)	low	dis	(645, 428)	N	same	hori	left	True	14690	16821	left	1	1	1
2	zy	f	19	1	40	diamond	red	(565, 619)	low	dis	(724, 460)	Y	same	vert	up	True	17987	19654	up	1	1	2
2	zy	f	19	1	40	diamond	green	(645, 428)	low	dis	(757, 540)	N	same	hori	left	True	20771	22534	left	1	1	3
2	zy	f	19	1	40	diamond	green	(565, 619)	low	dis	(533, 540)	N	dif	hori	left	True	23556	26230	left	1	1	4
2	zy	f	19	1	40	diamond	red	(724, 460)	high	dis	(565, 460)	N	same	vert	up	True	27261	28982	up	1	1	5
2	zy	f	19	1	40	circle	red	(645, 428)	low	dis	(757, 540)	N	same	hori	left	True	30231	31694	left	1	1	6
2	zy	f	19	1	40	circle	red	(724, 460)	high	no	no_dis	N	same	vert	up	True	32786	34278	up	1	1	7
2	zy	f	19	1	40	circle	green	(724, 460)	high	dis	(645, 652)	N	same	vert	up	True	35486	37102	up	1	1	8
2	zy	f	19	1	40	diamond	red	(724, 460)	high	no	no_dis	N	dif	vert	up	True	38245	40125	up	1	1	9
2	zy	f	19	1	40	circle	red	(565, 619)	low	dis	(724, 619)	N	dif	hori	left	True	41233	42494	left	1	1	10
2	zy	f	19	1	40	diamond	red	(533, 540)	low	dis	(645, 652)	N	same	hori	left	True	43581	44958	left	1	1	11
2	zy	f	19	1	40	circle	red	(724, 460)	high	no	no_dis	N	dif	hori	left	True	46157	47382	left	1	1	12
2	zy	f	19	1	40	circle	green	(533, 540)	low	dis	(645, 652)	N	dif	vert	up	True	48480	50430	up	1	1	13
2	zy	f	19	1	40	circle	green	(645, 428)	low	no	no_dis	N	dif	vert	up	True	51640	53702	up	1	1	14
2	zy	f	19	1	40	circle	green	(565, 460)	low	dis	(533, 540)	N	dif	vert	up	True	54880	57102	up	1	1	15
2	zy	f	19	1	40	diamond	red	(565, 460)	low	dis	(565, 619)	N	dif	hori	left	True	58340	60373	left	1	1	16
2	zy	f	19	1	40	circle	green	(565, 460)	low	dis	(724, 460)	Y	dif	vert	up	True	61395	63086	up	1	1	17
2	zy	f	19	1	40	diamond	green	(724, 460)	high	dis	(724, 619)	N	dif	vert	up	True	64160	65662	up	1	1	18
2	zy	f	19	1	40	circle	red	(757, 540)	low	dis	(724, 619)	N	same	vert	up	True	66701	68094	up	1	1	19
2	zy	f	19	1	40	diamond	red	(565, 460)	low	dis	(565, 619)	N	same	hori	left	True	69290	71181	left	1	1	20
2	zy	f	19	1	40	diamond	green	(724, 460)	high	dis	(724, 619)	N	dif	hori	left	True	72427	74918	left	1	1	21
2	zy	f	19	1	40	circle	green	(645, 652)	low	no	no_dis	N	dif	vert	up	True	75962	78550	up	1	1	22
2	zy	f	19	1	40	circle	green	(724, 619)	low	no	no_dis	N	same	hori	left	True	79608	80621	left	1	1	23
2	zy	f	19	1	40	diamond	green	(724, 619)	low	dis	(645, 428)	N	same	hori	left	True	81793	83438	left	1	1	24
2	zy	f	19	1	40	circle	green	(724, 460)	high	no	no_dis	N	same	hori	left	True	84621	86390	left	1	1	25
2	zy	f	19	1	40	circle	red	(724, 460)	high	dis	(645, 652)	N	dif	hori	left	True	87539	88790	left	1	1	26
2	zy	f	19	1	40	circle	red	(565, 460)	low	dis	(724, 460)	Y	dif	vert	up	True	89838	91293	up	1	1	27
2	zy	f	19	1	40	circle	red	(645, 652)	low	no	no_dis	N	same	hori	left	True	92522	94126	left	1	1	28
2	zy	f	19	1	40	diamond	red	(724, 619)	low	no	no_dis	N	same	vert	up	True	95214	97374	up	1	1	29
2	zy	f	19	1	40	circle	red	(757, 540)	low	dis	(645, 652)	N	dif	hori	left	True	98621	100566	left	1	1	30
2	zy	f	19	1	40	diamond	green	(757, 540)	low	dis	(533, 540)	N	same	vert	up	True	101811	103566	up	1	1	31
2	zy	f	19	1	40	diamond	green	(724, 460)	high	no	no_dis	N	same	hori	left	True	104658	105565	left	1	1	32
2	zy	f	19	1	40	circle	green	(645, 428)	low	dis	(565, 460)	N	dif	vert	up	True	106685	109142	up	1	1	33
2	zy	f	19	1	40	circle	green	(724, 460)	high	no	no_dis	N	dif	hori	left	True	110245	111398	left	1	1	34
2	zy	f	19	1	40	circle	green	(724, 460)	high	dis	(645, 428)	N	dif	vert	up	True	112563	114638	up	1	1	35
2	zy	f	19	1	40	circle	red	(533, 540)	low	dis	(757, 540)	N	dif	vert	up	True	115809	117061	up	1	1	36
2	zy	f	19	1	40	diamond	green	(724, 460)	high	dis	(757, 540)	N	same	hori	left	True	118258	119502	left	1	1	37
2	zy	f	19	1	40	diamond	green	(565, 619)	low	no	no_dis	N	same	vert	up	True	120541	122294	up	1	1	38
2	zy	f	19	1	40	circle	green	(645, 652)	low	no	no_dis	N	dif	vert	up	True	123336	124973	up	1	1	39
2	zy	f	19	1	40	circle	green	(565, 460)	low	no	no_dis	N	dif	vert	up	True	126146	128261	up	1	1	40
2	zy	f	19	1	40	diamond	red	(645, 428)	low	dis	(565, 460)	N	same	vert	up	True	129306	130509	up	1	1	41
2	zy	f	19	1	40	circle	red	(724, 460)	high	no	no_dis	N	same	vert	up	True	131559	133006	up	1	1	42
2	zy	f	19	1	40	circle	red	(724, 460)	high	dis	(645, 428)	N	same	hori	left	True	134109	135830	left	1	1	43
2	zy	f	19	1	40	circle	red	(645, 428)	low	dis	(724, 619)	N	dif	vert	up	True	136871	138390	up	1	1	44
2	zy	f	19	1	40	diamond	green	(724, 460)	high	dis	(645, 428)	N	dif	hori	left	True	139427	140710	left	1	1	45
2	zy	f	19	1	40	circle	green	(757, 540)	low	dis	(645, 428)	N	dif	hori	left	True	141884	143157	left	1	1	46
2	zy	f	19	1	40	diamond	green	(533, 540)	low	no	no_dis	N	dif	vert	up	True	144249	146094	up	1	1	47
2	zy	f	19	1	40	circle	green	(724, 460)	high	dis	(645, 428)	N	same	hori	left	True	147306	148998	left	1	1	48
2	zy	f	19	1	40	diamond	red	(757, 540)	low	no	no_dis	N	same	hori	left	True	150075	152190	left	1	1	49
2	zy	f	19	1	40	diamond	green	(724, 460)	high	no	no_dis	N	dif	vert	up	True	153443	155189	up	1	1	50
2	zy	f	19	1	40	diamond	green	(565, 619)	low	no	no_dis	N	dif	hori	left	True	156432	157949	left	1	1	51
2	zy	f	19	1	40	diamond	red	(533, 540)	low	dis	(645, 652)	N	same	vert	up	True	159044	160285	up	1	1	52
2	zy	f	19	1	40	circle	red	(757, 540)	low	dis	(645, 652)	N	same	hori	left	True	161504	163822	left	1	1	53
2	zy	f	19	1	40	diamond	red	(565, 619)	low	no	no_dis	N	dif	hori	left	True	164845	166142	left	1	1	54
2	zy	f	19	1	40	diamond	red	(724, 619)	low	dis	(533, 540)	N	same	hori	left	True	167342	168398	left	1	1	55
2	zy	f	19	1	40	diamond	red	(533, 540)	low	dis	(724, 460)	Y	same	vert	up	True	169428	170694	up	1	1	56
2	zy	f	19	1	40	circle	green	(724, 460)	high	dis	(565, 619)	N	same	hori	left	True	171875	172966	left	1	1	57
2	zy	f	19	1	40	circle	red	(645, 652)	low	dis	(724, 619)	N	dif	hori	left	True	174165	175317	left	1	1	58
2	zy	f	19	1	40	circle	green	(724, 619)	low	no	no_dis	N	same	vert	up	True	176491	177702	up	1	1	59
2	zy	f	19	1	40	circle	red	(724, 460)	high	dis	(645, 652)	N	dif	vert	up	True	178722	179678	up	1	1	60
2	zy	f	19	1	40	diamond	red	(724, 460)	high	no	no_dis	N	dif	hori	left	True	180785	182918	left	1	1	61
2	zy	f	19	1	40	circle	green	(724, 619)	low	dis	(757, 540)	N	dif	vert	up	True	184092	185053	up	1	1	62
2	zy	f	19	1	40	circle	red	(533, 540)	low	no	no_dis	N	same	vert	up	True	186294	188277	up	1	1	63
2	zy	f	19	1	40	diamond	green	(724, 460)	high	no	no_dis	N	dif	hori	left	True	189521	191326	left	1	1	64
2	zy	f	19	1	40	diamond	green	(645, 652)	low	dis	(645, 428)	N	dif	vert	up	True	192390	193773	up	1	1	65
2	zy	f	19	1	40	diamond	green	(565, 619)	low	dis	(724, 460)	Y	same	hori	left	True	195012	196429	left	1	1	66
2	zy	f	19	1	40	diamond	red	(724, 460)	high	no	no_dis	N	dif	vert	up	True	197634	199037	up	1	1	67
2	zy	f	19	1	40	diamond	red	(724, 460)	high	dis	(533, 540)	N	dif	hori	left	True	200136	201430	up	0	1	68
2	zy	f	19	1	40	circle	green	(724, 619)	low	dis	(724, 460)	Y	same	hori	left	True	204122	205685	left	1	1	69
2	zy	f	19	1	40	diamond	red	(724, 460)	high	dis	(565, 619)	N	same	vert	up	True	206776	209430	up	1	1	70
2	zy	f	19	1	40	diamond	red	(724, 460)	high	dis	(565, 460)	N	same	vert	up	True	210662	212470	up	1	1	71
2	zy	f	19	1	40	diamond	red	(645, 652)	low	no	no_dis	N	dif	hori	left	True	213710	215022	left	1	1	72
2	zy	f	19	1	40	diamond	red	(565, 460)	low	no	no_dis	N	same	vert	up	True	216123	217430	up	1	1	73
2	zy	f	19	1	40	diamond	red	(724, 460)	high	dis	(757, 540)	N	same	vert	up	True	218542	220197	up	1	1	74
2	zy	f	19	1	40	circle	red	(724, 460)	high	dis	(533, 540)	N	dif	vert	up	True	221281	223301	up	1	1	75
2	zy	f	19	1	40	diamond	green	(724, 460)	high	dis	(565, 619)	N	dif	hori	left	True	224462	225990	left	1	1	76
2	zy	f	19	1	40	diamond	red	(724, 460)	high	dis	(757, 540)	N	dif	vert	up	True	227146	229262	up	1	1	77
2	zy	f	19	1	40	diamond	green	(757, 540)	low	no	no_dis	N	same	hori	left	True	230284	231646	left	1	1	78
2	zy	f	19	1	40	diamond	red	(724, 619)	low	dis	(565, 619)	N	same	vert	up	True	232750	234558	up	1	1	79
2	zy	f	19	1	40	circle	green	(724, 460)	high	dis	(724, 619)	N	same	vert	up	True	235573	238109	up	1	1	80
2	zy	f	19	1	40	diamond	green	(565, 460)	low	dis	(533, 540)	N	same	vert	up	True	239317	241045	up	1	1	81
2	zy	f	19	1	40	circle	red	(724, 460)	high	dis	(565, 619)	N	same	vert	up	True	242227	244117	up	1	1	82
2	zy	f	19	1	40	diamond	green	(724, 460)	high	dis	(565, 460)	N	same	hori	left	True	245165	246893	left	1	1	83
2	zy	f	19	1	40	diamond	red	(757, 540)	low	dis	(724, 619)	N	dif	vert	up	True	247941	249470	up	1	1	84
2	zy	f	19	1	40	diamond	red	(724, 460)	high	dis	(645, 652)	N	dif	vert	up	True	250583	251670	up	1	1	85
2	zy	f	19	1	40	circle	red	(645, 652)	low	dis	(757, 540)	N	same	vert	up	True	252838	254285	up	1	1	86
2	zy	f	19	1	40	diamond	green	(565, 619)	low	dis	(565, 460)	N	dif	vert	up	True	255522	257294	up	1	1	87
2	zy	f	19	1	40	diamond	red	(645, 652)	low	dis	(565, 619)	N	dif	hori	left	True	258456	259694	left	1	1	88
2	zy	f	19	1	40	circle	red	(724, 460)	high	no	no_dis	N	same	vert	up	True	260782	263141	up	1	1	89
2	zy	f	19	1	40	circle	green	(565, 619)	low	dis	(645, 428)	N	dif	hori	left	True	264324	265549	left	1	1	90
2	zy	f	19	1	40	circle	red	(724, 619)	low	dis	(724, 460)	Y	dif	hori	left	True	266753	268957	left	1	1	91
2	zy	f	19	1	40	circle	green	(724, 460)	high	dis	(533, 540)	N	same	hori	left	True	269983	271310	left	1	1	92
2	zy	f	19	1	40	diamond	green	(533, 540)	low	dis	(724, 460)	Y	dif	hori	left	True	272504	274078	left	1	1	93
2	zy	f	19	1	40	circle	green	(724, 460)	high	dis	(724, 619)	N	dif	hori	left	True	275252	277229	left	1	1	94
2	zy	f	19	1	40	circle	red	(565, 619)	low	no	no_dis	N	same	hori	left	True	278465	279414	left	1	1	95
2	zy	f	19	1	40	circle	red	(565, 460)	low	no	no_dis	N	dif	vert	up	True	280433	281701	up	1	1	96
2	zy	f	19	1	40	diamond	green	(724, 460)	high	dis	(724, 619)	N	same	hori	left	True	282817	284854	left	1	1	97
2	zy	f	19	1	40	diamond	red	(724, 460)	high	no	no_dis	N	same	vert	up	True	285920	288406	up	1	1	98
2	zy	f	19	1	40	diamond	green	(757, 540)	low	dis	(565, 460)	N	same	hori	left	True	289599	291509	left	1	1	99
2	zy	f	19	1	40	circle	green	(645, 428)	low	dis	(533, 540)	N	dif	hori	left	True	292620	293814	left	1	1	100
2	zy	f	19	1	40	circle	red	(565, 619)	low	dis	(565, 460)	N	dif	hori	left	True	294990	296206	left	1	1	101
2	zy	f	19	1	40	circle	green	(724, 619)	low	dis	(724, 460)	Y	same	vert	up	True	297340	299030	up	1	1	102
2	zy	f	19	1	40	circle	green	(724, 460)	high	no	no_dis	N	dif	vert	up	True	300196	301989	up	1	1	103
2	zy	f	19	1	40	diamond	green	(724, 460)	high	no	no_dis	N	same	hori	left	True	303068	304102	left	1	1	104
2	zy	f	19	1	40	diamond	green	(645, 428)	low	no	no_dis	N	dif	hori	left	True	305159	306237	left	1	1	105
2	zy	f	19	1	40	diamond	red	(645, 428)	low	no	no_dis	N	same	hori	left	True	307291	308533	left	1	1	106
2	zy	f	19	1	40	circle	green	(645, 652)	low	dis	(645, 428)	N	same	hori	left	True	309698	311573	left	1	1	107
2	zy	f	19	1	40	diamond	red	(565, 460)	low	dis	(565, 619)	N	dif	vert	up	True	312812	314102	up	1	1	108
2	zy	f	19	1	40	diamond	green	(757, 540)	low	no	no_dis	N	dif	hori	left	True	315275	316174	left	1	1	109
2	zy	f	19	1	40	diamond	green	(724, 460)	high	dis	(565, 619)	N	dif	vert	up	True	317227	319198	up	1	1	110
2	zy	f	19	1	40	circle	green	(724, 460)	high	dis	(757, 540)	N	same	hori	left	True	320380	321517	left	1	1	111
2	zy	f	19	1	40	circle	red	(724, 460)	high	dis	(565, 460)	N	dif	hori	left	True	322662	323822	left	1	1	112
2	zy	f	19	1	40	circle	green	(724, 460)	high	no	no_dis	N	same	hori	left	True	324852	325854	left	1	1	113
2	zy	f	19	1	40	circle	red	(724, 460)	high	dis	(565, 460)	N	same	vert	up	True	327056	328197	up	1	1	114
2	zy	f	19	1	40	circle	red	(724, 460)	high	dis	(757, 540)	N	dif	hori	left	True	329254	330733	left	1	1	115
2	zy	f	19	1	40	diamond	red	(724, 460)	high	dis	(533, 540)	N	dif	vert	up	True	331783	332909	up	1	1	116
2	zy	f	19	1	40	circle	red	(533, 540)	low	no	no_dis	N	dif	hori	left	True	333976	335005	left	1	1	117
2	zy	f	19	1	40	diamond	green	(533, 540)	low	dis	(645, 652)	N	same	vert	up	True	336227	337382	up	1	1	118
2	zy	f	19	1	40	diamond	green	(645, 652)	low	dis	(724, 460)	Y	same	vert	up	True	338526	339926	up	1	1	119
2	zy	f	19	1	40	circle	red	(565, 460)	low	no	no_dis	N	same	vert	up	True	341108	342341	up	1	1	120
2	zy	f	19	1	40	circle	green	(724, 619)	low	dis	(757, 540)	N	dif	hori	left	True	376955	379061	left	1	2	1
2	zy	f	19	1	40	circle	red	(565, 619)	low	no	no_dis	N	dif	vert	up	True	380198	381110	up	1	2	2
2	zy	f	19	1	40	diamond	red	(565, 460)	low	no	no_dis	N	dif	vert	up	True	382248	383341	up	1	2	3
2	zy	f	19	1	40	diamond	red	(724, 460)	high	dis	(757, 540)	N	dif	hori	left	True	384465	385461	left	1	2	4
2	zy	f	19	1	40	diamond	green	(724, 460)	high	dis	(724, 619)	N	dif	vert	up	True	386475	387846	up	1	2	5
2	zy	f	19	1	40	circle	green	(724, 460)	high	dis	(645, 652)	N	same	vert	up	True	389038	390085	up	1	2	6
2	zy	f	19	1	40	circle	green	(757, 540)	low	no	no_dis	N	same	hori	left	True	391164	392709	left	1	2	7
2	zy	f	19	1	40	diamond	green	(757, 540)	low	no	no_dis	N	same	hori	left	True	393936	394749	left	1	2	8
2	zy	f	19	1	40	diamond	green	(757, 540)	low	no	no_dis	N	dif	hori	left	True	395861	396566	left	1	2	9
2	zy	f	19	1	40	diamond	green	(645, 652)	low	no	no_dis	N	dif	vert	up	True	397689	398749	up	1	2	10
2	zy	f	19	1	40	diamond	green	(645, 428)	low	no	no_dis	N	dif	vert	up	True	399928	401062	up	1	2	11
2	zy	f	19	1	40	circle	green	(724, 460)	high	dis	(533, 540)	N	dif	vert	up	True	402309	403534	up	1	2	12
2	zy	f	19	1	40	circle	red	(724, 460)	high	dis	(724, 619)	N	same	hori	left	True	404605	406197	left	1	2	13
2	zy	f	19	1	40	diamond	red	(533, 540)	low	no	no_dis	N	dif	hori	left	True	407449	409046	left	1	2	14
2	zy	f	19	1	40	circle	red	(724, 460)	high	dis	(533, 540)	N	dif	vert	up	True	410068	410957	up	1	2	15
2	zy	f	19	1	40	diamond	green	(565, 619)	low	dis	(645, 428)	N	same	hori	left	True	412089	413933	left	1	2	16
2	zy	f	19	1	40	diamond	green	(724, 619)	low	dis	(533, 540)	N	dif	hori	left	True	414951	415925	left	1	2	17
2	zy	f	19	1	40	diamond	red	(724, 619)	low	dis	(645, 428)	N	same	hori	left	True	417121	418029	left	1	2	18
2	zy	f	19	1	40	diamond	green	(565, 460)	low	no	no_dis	N	same	hori	left	True	419126	419966	left	1	2	19
2	zy	f	19	1	40	diamond	red	(724, 460)	high	no	no_dis	N	dif	hori	left	True	421101	421926	left	1	2	20
2	zy	f	19	1	40	diamond	red	(724, 460)	high	dis	(645, 652)	N	same	hori	left	True	423041	424078	left	1	2	21
2	zy	f	19	1	40	circle	red	(645, 428)	low	dis	(724, 460)	Y	dif	vert	up	True	425171	426254	up	1	2	22
2	zy	f	19	1	40	circle	green	(533, 540)	low	dis	(724, 619)	N	dif	vert	up	False	427440	None	None	0	2	23
2	zy	f	19	1	40	diamond	green	(645, 428)	low	dis	(565, 460)	N	same	hori	left	True	433127	433998	left	1	2	24
2	zy	f	19	1	40	circle	green	(724, 460)	high	no	no_dis	N	same	hori	left	True	435205	436590	left	1	2	25
2	zy	f	19	1	40	circle	green	(724, 460)	high	no	no_dis	N	same	hori	left	True	437768	438525	left	1	2	26
2	zy	f	19	1	40	circle	green	(533, 540)	low	no	no_dis	N	same	vert	up	True	439661	440589	left	0	2	27
2	zy	f	19	1	40	circle	red	(724, 460)	high	dis	(645, 428)	N	same	vert	up	True	443287	444686	up	1	2	28
2	zy	f	19	1	40	circle	green	(645, 428)	low	dis	(724, 460)	Y	same	hori	left	True	445917	447238	left	1	2	29
2	zy	f	19	1	40	diamond	red	(645, 652)	low	dis	(724, 619)	N	dif	vert	up	True	448426	449798	up	1	2	30
2	zy	f	19	1	40	circle	green	(757, 540)	low	dis	(565, 619)	N	dif	hori	left	True	451031	452038	left	1	2	31
2	zy	f	19	1	40	diamond	green	(724, 460)	high	dis	(757, 540)	N	same	hori	left	True	453180	454190	left	1	2	32
2	zy	f	19	1	40	diamond	green	(724, 460)	high	dis	(645, 652)	N	dif	hori	left	True	455380	457141	left	1	2	33
2	zy	f	19	1	40	diamond	red	(645, 428)	low	no	no_dis	N	dif	hori	left	True	458209	459181	left	1	2	34
2	zy	f	19	1	40	circle	red	(724, 619)	low	no	no_dis	N	dif	vert	up	True	460199	461197	up	1	2	35
2	zy	f	19	1	40	diamond	green	(533, 540)	low	dis	(645, 652)	N	dif	hori	left	True	462213	463197	left	1	2	36
2	zy	f	19	1	40	circle	red	(724, 460)	high	no	no_dis	N	same	vert	up	True	464230	465270	up	1	2	37
2	zy	f	19	1	40	diamond	green	(724, 460)	high	no	no_dis	N	dif	hori	left	True	466410	467357	left	1	2	38
2	zy	f	19	1	40	diamond	red	(724, 460)	high	no	no_dis	N	dif	hori	left	True	468373	469246	left	1	2	39
2	zy	f	19	1	40	diamond	green	(724, 460)	high	no	no_dis	N	same	hori	left	True	470457	471286	left	1	2	40
2	zy	f	19	1	40	diamond	red	(724, 460)	high	dis	(565, 460)	N	same	hori	left	True	472468	474093	left	1	2	41
2	zy	f	19	1	40	diamond	red	(757, 540)	low	dis	(533, 540)	N	same	hori	left	True	475114	476790	left	1	2	42
2	zy	f	19	1	40	diamond	red	(724, 460)	high	no	no_dis	N	same	vert	up	True	477873	479005	up	1	2	43
2	zy	f	19	1	40	diamond	green	(645, 652)	low	dis	(645, 428)	N	same	vert	up	True	480024	481981	up	1	2	44
2	zy	f	19	1	40	circle	green	(724, 460)	high	no	no_dis	N	same	hori	left	True	483237	484094	left	1	2	45
2	zy	f	19	1	40	circle	red	(724, 460)	high	dis	(724, 619)	N	dif	vert	up	True	485252	487245	up	1	2	46
2	zy	f	19	1	40	diamond	red	(724, 460)	high	dis	(533, 540)	N	dif	hori	left	True	488264	489141	left	1	2	47
2	zy	f	19	1	40	circle	red	(645, 652)	low	dis	(533, 540)	N	dif	vert	up	True	490262	491421	up	1	2	48
2	zy	f	19	1	40	circle	red	(724, 460)	high	dis	(757, 540)	N	same	vert	up	True	492665	493629	up	1	2	49
2	zy	f	19	1	40	circle	green	(533, 540)	low	no	no_dis	N	same	hori	left	True	494829	495934	left	1	2	50
2	zy	f	19	1	40	diamond	red	(565, 619)	low	no	no_dis	N	same	hori	left	True	497007	497998	left	1	2	51
2	zy	f	19	1	40	circle	green	(724, 460)	high	dis	(757, 540)	N	dif	hori	left	True	499112	500150	left	1	2	52
2	zy	f	19	1	40	circle	green	(565, 619)	low	no	no_dis	N	dif	hori	left	True	501230	502238	left	1	2	53
2	zy	f	19	1	40	circle	green	(565, 460)	low	dis	(565, 619)	N	dif	vert	up	True	503402	504941	up	1	2	54
2	zy	f	19	1	40	circle	green	(724, 460)	high	dis	(565, 619)	N	dif	hori	left	True	506149	506997	left	1	2	55
2	zy	f	19	1	40	circle	green	(565, 619)	low	dis	(645, 652)	N	same	vert	up	True	508122	509365	up	1	2	56
2	zy	f	19	1	40	diamond	green	(565, 619)	low	dis	(757, 540)	N	dif	hori	left	True	510515	511389	left	1	2	57
2	zy	f	19	1	40	diamond	green	(724, 460)	high	dis	(645, 428)	N	same	vert	up	True	512508	513509	up	1	2	58
2	zy	f	19	1	40	diamond	red	(645, 428)	low	no	no_dis	N	same	vert	up	True	514668	515661	up	1	2	59
2	zy	f	19	1	40	circle	green	(757, 540)	low	dis	(724, 460)	Y	dif	vert	up	True	516708	517805	up	1	2	60
2	zy	f	19	1	40	circle	red	(757, 540)	low	no	no_dis	N	same	vert	up	True	519018	519789	up	1	2	61
2	zy	f	19	1	40	diamond	red	(565, 619)	low	dis	(724, 460)	Y	same	vert	up	True	520891	521862	up	1	2	62
2	zy	f	19	1	40	diamond	red	(724, 460)	high	dis	(724, 619)	N	dif	hori	left	True	522897	525101	left	1	2	63
2	zy	f	19	1	40	circle	red	(757, 540)	low	dis	(645, 428)	N	dif	vert	up	True	526264	527957	up	1	2	64
2	zy	f	19	1	40	diamond	red	(533, 540)	low	dis	(565, 619)	N	dif	vert	up	True	529133	530101	up	1	2	65
2	zy	f	19	1	40	circle	red	(565, 619)	low	no	no_dis	N	dif	vert	up	True	531278	532309	up	1	2	66
2	zy	f	19	1	40	diamond	red	(565, 460)	low	dis	(533, 540)	N	dif	vert	up	True	533328	534342	up	1	2	67
2	zy	f	19	1	40	diamond	red	(724, 460)	high	dis	(565, 460)	N	same	hori	left	True	535357	536206	left	1	2	68
2	zy	f	19	1	40	diamond	red	(533, 540)	low	dis	(757, 540)	N	dif	hori	left	True	537235	538166	left	1	2	69
2	zy	f	19	1	40	circle	green	(724, 460)	high	dis	(565, 460)	N	dif	vert	up	True	539402	540821	up	1	2	70
2	zy	f	19	1	40	circle	red	(565, 619)	low	dis	(645, 652)	N	same	hori	left	True	542031	543221	left	1	2	71
2	zy	f	19	1	40	circle	red	(724, 619)	low	dis	(645, 428)	N	same	hori	left	True	544468	545598	left	1	2	72
2	zy	f	19	1	40	circle	green	(645, 428)	low	dis	(724, 460)	Y	same	vert	up	True	546841	548254	up	1	2	73
2	zy	f	19	1	40	circle	green	(724, 619)	low	dis	(565, 460)	N	same	vert	up	True	549338	550358	up	1	2	74
2	zy	f	19	1	40	circle	green	(645, 652)	low	dis	(757, 540)	N	dif	hori	left	True	551430	552989	left	1	2	75
2	zy	f	19	1	40	circle	red	(724, 619)	low	no	no_dis	N	dif	hori	left	True	554234	555549	left	1	2	76
2	zy	f	19	1	40	diamond	red	(724, 619)	low	dis	(565, 460)	N	same	vert	up	True	556767	557613	up	1	2	77
2	zy	f	19	1	40	circle	red	(724, 460)	high	dis	(533, 540)	N	dif	hori	left	True	558770	559566	left	1	2	78
2	zy	f	19	1	40	circle	red	(757, 540)	low	dis	(724, 619)	N	same	vert	up	True	560622	561902	up	1	2	79
2	zy	f	19	1	40	circle	red	(724, 460)	high	no	no_dis	N	same	vert	up	True	563021	563990	up	1	2	80
2	zy	f	19	1	40	diamond	green	(533, 540)	low	dis	(645, 652)	N	dif	vert	up	True	565125	565958	up	1	2	81
2	zy	f	19	1	40	circle	red	(645, 428)	low	dis	(565, 619)	N	same	vert	up	True	567101	568645	up	1	2	82
2	zy	f	19	1	40	diamond	green	(757, 540)	low	dis	(565, 619)	N	dif	hori	left	True	569686	570765	left	1	2	83
2	zy	f	19	1	40	diamond	green	(757, 540)	low	dis	(565, 460)	N	same	hori	left	True	571971	572877	left	1	2	84
2	zy	f	19	1	40	diamond	green	(645, 652)	low	no	no_dis	N	same	hori	left	True	573958	574917	left	1	2	85
2	zy	f	19	1	40	circle	green	(565, 460)	low	no	no_dis	N	dif	hori	left	True	576015	577341	left	1	2	86
2	zy	f	19	1	40	circle	green	(724, 460)	high	dis	(565, 619)	N	same	hori	left	True	578577	579694	left	1	2	87
2	zy	f	19	1	40	circle	red	(724, 460)	high	no	no_dis	N	dif	vert	up	True	580869	581701	up	1	2	88
2	zy	f	19	1	40	diamond	red	(724, 460)	high	dis	(724, 619)	N	same	hori	left	True	582919	584278	left	1	2	89
2	zy	f	19	1	40	diamond	green	(724, 460)	high	dis	(565, 460)	N	dif	hori	left	True	585505	586286	left	1	2	90
2	zy	f	19	1	40	diamond	red	(724, 619)	low	dis	(757, 540)	N	same	hori	left	True	587295	588229	left	1	2	91
2	zy	f	19	1	40	diamond	green	(724, 460)	high	dis	(565, 619)	N	same	vert	up	True	589479	590494	up	1	2	92
2	zy	f	19	1	40	diamond	green	(724, 460)	high	dis	(645, 428)	N	dif	vert	up	True	591666	592486	up	1	2	93
2	zy	f	19	1	40	diamond	red	(724, 460)	high	dis	(645, 428)	N	same	vert	up	True	593512	594358	up	1	2	94
2	zy	f	19	1	40	diamond	green	(724, 460)	high	no	no_dis	N	dif	hori	left	True	595595	596421	left	1	2	95
2	zy	f	19	1	40	circle	green	(533, 540)	low	no	no_dis	N	same	vert	up	True	597648	598453	up	1	2	96
2	zy	f	19	1	40	circle	green	(724, 460)	high	dis	(533, 540)	N	dif	vert	up	True	599590	600629	up	1	2	97
2	zy	f	19	1	40	diamond	green	(724, 460)	high	no	no_dis	N	dif	vert	up	True	601753	602830	up	1	2	98
2	zy	f	19	1	40	circle	green	(645, 652)	low	dis	(645, 428)	N	same	vert	up	True	603888	604925	up	1	2	99
2	zy	f	19	1	40	diamond	green	(533, 540)	low	dis	(724, 460)	Y	dif	hori	left	True	606173	607021	left	1	2	100
2	zy	f	19	1	40	circle	green	(565, 460)	low	dis	(645, 652)	N	same	vert	up	True	608170	609117	up	1	2	101
2	zy	f	19	1	40	diamond	green	(565, 460)	low	dis	(724, 460)	Y	dif	hori	left	True	610232	611701	left	1	2	102
2	zy	f	19	1	40	diamond	red	(565, 460)	low	dis	(724, 460)	Y	dif	vert	up	True	612874	613694	up	1	2	103
2	zy	f	19	1	40	circle	red	(724, 460)	high	no	no_dis	N	dif	vert	up	True	614712	615877	up	1	2	104
2	zy	f	19	1	40	circle	red	(724, 460)	high	dis	(645, 652)	N	dif	vert	up	True	616888	617718	up	1	2	105
2	zy	f	19	1	40	diamond	red	(645, 428)	low	dis	(533, 540)	N	same	hori	left	True	618812	619853	left	1	2	106
2	zy	f	19	1	40	circle	red	(724, 460)	high	dis	(757, 540)	N	same	vert	up	True	621050	622309	up	1	2	107
2	zy	f	19	1	40	circle	red	(533, 540)	low	dis	(565, 460)	N	dif	hori	left	True	623328	625094	left	1	2	108
2	zy	f	19	1	40	diamond	red	(724, 619)	low	no	no_dis	N	same	vert	up	True	626122	627261	up	1	2	109
2	zy	f	19	1	40	circle	red	(565, 619)	low	dis	(724, 460)	Y	same	vert	up	True	628483	629733	up	1	2	110
2	zy	f	19	1	40	diamond	green	(645, 652)	low	dis	(565, 619)	N	same	hori	left	True	630862	632062	left	1	2	111
2	zy	f	19	1	40	circle	green	(724, 460)	high	dis	(565, 619)	N	same	hori	left	True	633244	634102	left	1	2	112
2	zy	f	19	1	40	circle	green	(724, 460)	high	no	no_dis	N	dif	vert	up	True	635217	636213	up	1	2	113
2	zy	f	19	1	40	circle	red	(645, 652)	low	no	no_dis	N	same	vert	up	True	637236	638518	up	1	2	114
2	zy	f	19	1	40	diamond	red	(724, 460)	high	no	no_dis	N	same	vert	up	True	639668	640694	up	1	2	115
2	zy	f	19	1	40	circle	red	(565, 460)	low	dis	(724, 619)	N	dif	hori	left	True	641744	642629	left	1	2	116
2	zy	f	19	1	40	circle	red	(565, 619)	low	dis	(724, 619)	N	same	hori	left	True	643787	644757	left	1	2	117
2	zy	f	19	1	40	circle	red	(645, 652)	low	dis	(724, 460)	Y	dif	vert	up	True	645774	646725	up	1	2	118
2	zy	f	19	1	40	diamond	red	(645, 428)	low	dis	(565, 460)	N	same	vert	up	True	647766	648973	up	1	2	119
2	zy	f	19	1	40	diamond	green	(724, 460)	high	dis	(645, 652)	N	same	vert	up	True	650021	650925	up	1	2	120
2	zy	f	19	1	40	circle	green	(565, 460)	low	dis	(757, 540)	N	dif	vert	up	True	684652	685493	left	0	3	1
2	zy	f	19	1	40	circle	green	(757, 540)	low	dis	(724, 460)	Y	dif	vert	up	True	688216	689157	up	1	3	2
2	zy	f	19	1	40	circle	red	(565, 460)	low	no	no_dis	N	same	hori	left	True	690307	691597	left	1	3	3
2	zy	f	19	1	40	diamond	red	(724, 460)	high	no	no_dis	N	same	vert	up	True	692639	693989	up	1	3	4
2	zy	f	19	1	40	circle	red	(757, 540)	low	dis	(565, 460)	N	dif	vert	up	True	695166	696085	up	1	3	5
2	zy	f	19	1	40	circle	green	(724, 460)	high	no	no_dis	N	same	vert	up	True	697179	698013	up	1	3	6
2	zy	f	19	1	40	diamond	green	(724, 460)	high	no	no_dis	N	dif	hori	left	True	699046	699813	left	1	3	7
2	zy	f	19	1	40	circle	green	(724, 619)	low	dis	(724, 460)	Y	same	vert	up	True	700901	701781	up	1	3	8
2	zy	f	19	1	40	circle	green	(724, 460)	high	no	no_dis	N	same	hori	left	True	702900	703765	left	1	3	9
2	zy	f	19	1	40	circle	green	(724, 619)	low	dis	(565, 619)	N	dif	hori	left	True	704951	705861	left	1	3	10
2	zy	f	19	1	40	circle	red	(757, 540)	low	no	no_dis	N	dif	vert	up	True	707117	708101	up	1	3	11
2	zy	f	19	1	40	circle	green	(724, 460)	high	dis	(565, 460)	N	same	hori	left	True	709330	710317	left	1	3	12
2	zy	f	19	1	40	diamond	green	(724, 460)	high	dis	(757, 540)	N	same	vert	up	True	711380	712398	up	1	3	13
2	zy	f	19	1	40	diamond	red	(533, 540)	low	dis	(724, 619)	N	same	hori	left	True	713631	714422	left	1	3	14
2	zy	f	19	1	40	diamond	red	(533, 540)	low	no	no_dis	N	same	vert	up	True	715480	716573	up	1	3	15
2	zy	f	19	1	40	circle	red	(645, 652)	low	dis	(645, 428)	N	same	vert	up	True	717712	718797	up	1	3	16
2	zy	f	19	1	40	circle	red	(724, 460)	high	dis	(724, 619)	N	same	hori	left	True	719967	720806	left	1	3	17
2	zy	f	19	1	40	diamond	green	(645, 652)	low	no	no_dis	N	same	vert	up	True	722061	722973	up	1	3	18
2	zy	f	19	1	40	diamond	red	(724, 460)	high	dis	(565, 460)	N	dif	vert	up	True	724144	725061	up	1	3	19
2	zy	f	19	1	40	circle	red	(533, 540)	low	dis	(645, 652)	N	same	hori	left	True	726227	727077	left	1	3	20
2	zy	f	19	1	40	circle	green	(724, 460)	high	dis	(645, 428)	N	dif	hori	left	True	728209	729005	left	1	3	21
2	zy	f	19	1	40	diamond	green	(724, 460)	high	no	no_dis	N	dif	hori	left	True	730084	730846	left	1	3	22
2	zy	f	19	1	40	circle	green	(724, 460)	high	no	no_dis	N	same	hori	left	True	731991	732685	left	1	3	23
2	zy	f	19	1	40	circle	red	(724, 460)	high	no	no_dis	N	dif	hori	left	True	733816	734477	left	1	3	24
2	zy	f	19	1	40	circle	red	(724, 460)	high	no	no_dis	N	same	vert	up	True	735707	736350	up	1	3	25
2	zy	f	19	1	40	circle	green	(645, 652)	low	dis	(724, 460)	Y	same	vert	up	True	737479	738229	up	1	3	26
2	zy	f	19	1	40	diamond	green	(533, 540)	low	dis	(724, 619)	N	dif	hori	left	True	739275	740069	left	1	3	27
2	zy	f	19	1	40	diamond	green	(533, 540)	low	no	no_dis	N	dif	vert	up	True	741164	742206	up	1	3	28
2	zy	f	19	1	40	diamond	red	(565, 460)	low	dis	(533, 540)	N	dif	vert	up	True	743422	745326	up	1	3	29
2	zy	f	19	1	40	diamond	red	(724, 460)	high	dis	(645, 428)	N	same	vert	up	True	746432	747845	up	1	3	30
2	zy	f	19	1	40	circle	green	(645, 652)	low	no	no_dis	N	same	hori	left	True	748922	749789	left	1	3	31
2	zy	f	19	1	40	circle	red	(565, 619)	low	dis	(645, 428)	N	same	hori	left	True	750809	751629	left	1	3	32
2	zy	f	19	1	40	circle	green	(645, 428)	low	dis	(533, 540)	N	same	hori	left	True	752708	754390	left	1	3	33
2	zy	f	19	1	40	diamond	green	(533, 540)	low	dis	(757, 540)	N	same	vert	up	True	755408	757013	up	1	3	34
2	zy	f	19	1	40	diamond	green	(645, 428)	low	dis	(533, 540)	N	dif	vert	up	True	758131	759190	up	1	3	35
2	zy	f	19	1	40	diamond	red	(724, 460)	high	no	no_dis	N	dif	vert	up	True	760406	761238	up	1	3	36
2	zy	f	19	1	40	diamond	red	(724, 460)	high	dis	(645, 428)	N	same	hori	left	True	762480	763525	left	1	3	37
2	zy	f	19	1	40	circle	red	(724, 460)	high	no	no_dis	N	dif	vert	up	True	764694	765662	up	1	3	38
2	zy	f	19	1	40	circle	green	(645, 428)	low	no	no_dis	N	same	vert	up	True	766870	768149	up	1	3	39
2	zy	f	19	1	40	circle	red	(645, 428)	low	dis	(724, 460)	Y	dif	vert	up	True	769385	770510	up	1	3	40
2	zy	f	19	1	40	diamond	red	(533, 540)	low	dis	(565, 460)	N	same	hori	left	True	771729	773621	left	1	3	41
2	zy	f	19	1	40	diamond	green	(724, 619)	low	no	no_dis	N	dif	hori	left	True	774760	775606	left	1	3	42
2	zy	f	19	1	40	circle	red	(565, 619)	low	dis	(724, 460)	Y	dif	hori	left	True	776759	777789	left	1	3	43
2	zy	f	19	1	40	circle	red	(724, 619)	low	dis	(724, 460)	Y	dif	hori	left	True	778811	780134	left	1	3	44
2	zy	f	19	1	40	circle	red	(757, 540)	low	no	no_dis	N	dif	hori	left	True	781284	782165	left	1	3	45
2	zy	f	19	1	40	diamond	green	(645, 428)	low	no	no_dis	N	dif	vert	up	True	783311	784669	up	1	3	46
2	zy	f	19	1	40	circle	green	(724, 460)	high	dis	(645, 652)	N	same	hori	left	True	785807	787213	left	1	3	47
2	zy	f	19	1	40	diamond	green	(724, 460)	high	dis	(724, 619)	N	dif	hori	left	True	788248	789829	left	1	3	48
2	zy	f	19	1	40	diamond	green	(757, 540)	low	dis	(724, 619)	N	dif	hori	left	True	790843	792005	left	1	3	49
2	zy	f	19	1	40	diamond	red	(565, 619)	low	no	no_dis	N	dif	hori	left	True	793092	794077	left	1	3	50
2	zy	f	19	1	40	diamond	red	(724, 619)	low	dis	(645, 428)	N	dif	hori	left	True	795211	796765	left	1	3	51
2	zy	f	19	1	40	diamond	red	(645, 652)	low	no	no_dis	N	dif	vert	up	True	798012	799334	up	1	3	52
2	zy	f	19	1	40	diamond	green	(724, 460)	high	dis	(565, 460)	N	same	vert	up	True	800445	801501	up	1	3	53
2	zy	f	19	1	40	circle	red	(724, 460)	high	dis	(533, 540)	N	dif	hori	left	True	802685	803734	left	1	3	54
2	zy	f	19	1	40	circle	green	(724, 460)	high	dis	(565, 619)	N	dif	vert	up	True	804917	805965	up	1	3	55
2	zy	f	19	1	40	diamond	red	(533, 540)	low	dis	(565, 619)	N	dif	vert	up	True	807214	808413	up	1	3	56
2	zy	f	19	1	40	diamond	green	(724, 460)	high	no	no_dis	N	dif	vert	up	True	809455	810302	up	1	3	57
2	zy	f	19	1	40	diamond	green	(724, 460)	high	dis	(724, 619)	N	dif	hori	left	True	811411	812237	left	1	3	58
2	zy	f	19	1	40	diamond	red	(565, 619)	low	dis	(565, 460)	N	same	vert	up	True	813349	814365	up	1	3	59
2	zy	f	19	1	40	circle	green	(533, 540)	low	dis	(645, 652)	N	same	vert	up	True	815548	816461	up	1	3	60
2	zy	f	19	1	40	diamond	green	(565, 619)	low	dis	(645, 652)	N	dif	vert	up	True	817662	819477	up	1	3	61
2	zy	f	19	1	40	circle	red	(645, 652)	low	dis	(565, 619)	N	dif	vert	up	True	820647	821597	up	1	3	62
2	zy	f	19	1	40	diamond	red	(565, 619)	low	no	no_dis	N	same	vert	up	True	822662	823453	up	1	3	63
2	zy	f	19	1	40	diamond	red	(645, 428)	low	dis	(645, 652)	N	same	hori	left	True	824612	825654	left	1	3	64
2	zy	f	19	1	40	diamond	red	(724, 619)	low	dis	(757, 540)	N	same	vert	up	True	826662	827805	up	1	3	65
2	zy	f	19	1	40	circle	red	(724, 619)	low	no	no_dis	N	same	vert	up	True	828945	829870	up	1	3	66
2	zy	f	19	1	40	circle	green	(757, 540)	low	no	no_dis	N	same	hori	left	True	830925	831805	left	1	3	67
2	zy	f	19	1	40	circle	green	(724, 460)	high	dis	(757, 540)	N	dif	hori	left	True	832941	834437	left	1	3	68
2	zy	f	19	1	40	circle	green	(724, 460)	high	no	no_dis	N	dif	hori	left	True	835565	836333	left	1	3	69
2	zy	f	19	1	40	diamond	red	(724, 460)	high	dis	(565, 619)	N	same	vert	up	True	837362	838270	up	1	3	70
2	zy	f	19	1	40	diamond	red	(724, 460)	high	dis	(533, 540)	N	dif	vert	up	True	839299	840013	up	1	3	71
2	zy	f	19	1	40	circle	red	(724, 460)	high	dis	(645, 428)	N	same	hori	left	True	841102	842085	left	1	3	72
2	zy	f	19	1	40	diamond	green	(565, 619)	low	dis	(757, 540)	N	dif	vert	up	True	843143	844102	up	1	3	73
2	zy	f	19	1	40	diamond	red	(724, 460)	high	no	no_dis	N	same	hori	left	True	845164	846005	left	1	3	74
2	zy	f	19	1	40	circle	red	(724, 460)	high	dis	(565, 619)	N	same	vert	up	True	847105	847901	up	1	3	75
2	zy	f	19	1	40	diamond	red	(724, 460)	high	dis	(565, 619)	N	dif	vert	up	True	848969	849765	up	1	3	76
2	zy	f	19	1	40	diamond	green	(757, 540)	low	dis	(645, 652)	N	dif	vert	up	True	850816	852565	up	1	3	77
2	zy	f	19	1	40	diamond	green	(724, 460)	high	dis	(757, 540)	N	same	vert	up	True	853697	855885	up	1	3	78
2	zy	f	19	1	40	circle	red	(724, 460)	high	dis	(645, 652)	N	same	hori	left	True	856898	857917	left	1	3	79
2	zy	f	19	1	40	circle	green	(724, 460)	high	dis	(533, 540)	N	dif	vert	up	True	858929	860341	up	1	3	80
2	zy	f	19	1	40	diamond	red	(645, 652)	low	dis	(565, 460)	N	dif	hori	left	True	861365	862245	left	1	3	81
2	zy	f	19	1	40	diamond	red	(724, 619)	low	dis	(645, 428)	N	same	hori	left	True	863286	864437	left	1	3	82
2	zy	f	19	1	40	diamond	green	(724, 460)	high	dis	(565, 619)	N	dif	hori	left	True	865461	866605	left	1	3	83
2	zy	f	19	1	40	circle	red	(757, 540)	low	dis	(533, 540)	N	same	hori	left	True	867687	868485	left	1	3	84
2	zy	f	19	1	40	circle	red	(533, 540)	low	no	no_dis	N	same	hori	left	True	869581	870557	left	1	3	85
2	zy	f	19	1	40	circle	green	(724, 460)	high	dis	(565, 460)	N	dif	vert	up	True	871713	872677	up	1	3	86
2	zy	f	19	1	40	circle	green	(645, 428)	low	dis	(724, 619)	N	dif	hori	left	True	873913	875381	left	1	3	87
2	zy	f	19	1	40	diamond	red	(565, 460)	low	dis	(565, 619)	N	same	hori	left	True	876623	877493	left	1	3	88
2	zy	f	19	1	40	diamond	green	(724, 460)	high	dis	(533, 540)	N	same	vert	up	True	878613	880293	up	1	3	89
2	zy	f	19	1	40	circle	green	(565, 619)	low	no	no_dis	N	same	vert	up	True	881445	882262	up	1	3	90
2	zy	f	19	1	40	circle	red	(645, 428)	low	dis	(565, 619)	N	dif	hori	left	True	883303	884350	left	1	3	91
2	zy	f	19	1	40	diamond	green	(645, 652)	low	dis	(724, 460)	Y	same	hori	left	True	885592	886637	left	1	3	92
2	zy	f	19	1	40	circle	red	(724, 460)	high	dis	(645, 652)	N	same	hori	left	True	887874	889117	left	1	3	93
2	zy	f	19	1	40	circle	green	(645, 652)	low	dis	(724, 460)	Y	dif	hori	left	True	890344	891349	left	1	3	94
2	zy	f	19	1	40	circle	red	(565, 460)	low	dis	(533, 540)	N	same	vert	up	True	892572	893653	up	1	3	95
2	zy	f	19	1	40	circle	green	(724, 460)	high	dis	(757, 540)	N	dif	hori	left	True	894695	896605	left	1	3	96
2	zy	f	19	1	40	diamond	green	(724, 460)	high	no	no_dis	N	same	vert	up	True	897853	898781	up	1	3	97
2	zy	f	19	1	40	circle	red	(565, 460)	low	no	no_dis	N	dif	hori	left	True	899930	900749	left	1	3	98
2	zy	f	19	1	40	diamond	red	(645, 428)	low	no	no_dis	N	dif	vert	up	True	901923	903405	up	1	3	99
2	zy	f	19	1	40	diamond	red	(724, 460)	high	dis	(645, 428)	N	dif	vert	up	True	904582	905661	up	1	3	100
2	zy	f	19	1	40	diamond	green	(724, 619)	low	dis	(645, 652)	N	same	vert	up	True	906835	908117	up	1	3	101
2	zy	f	19	1	40	circle	red	(724, 460)	high	dis	(565, 460)	N	same	hori	left	True	909163	910717	left	1	3	102
2	zy	f	19	1	40	diamond	green	(565, 619)	low	no	no_dis	N	dif	hori	left	True	911824	913029	left	1	3	103
2	zy	f	19	1	40	circle	green	(565, 460)	low	no	no_dis	N	dif	hori	left	True	914202	915005	left	1	3	104
2	zy	f	19	1	40	circle	red	(724, 460)	high	dis	(724, 619)	N	dif	hori	left	True	916225	917053	left	1	3	105
2	zy	f	19	1	40	diamond	red	(724, 460)	high	no	no_dis	N	dif	vert	up	True	918125	919277	up	1	3	106
2	zy	f	19	1	40	diamond	red	(565, 460)	low	no	no_dis	N	dif	vert	up	True	920380	921885	up	1	3	107
2	zy	f	19	1	40	diamond	green	(645, 652)	low	no	no_dis	N	same	hori	left	True	922995	923965	left	1	3	108
2	zy	f	19	1	40	diamond	red	(724, 460)	high	dis	(757, 540)	N	same	vert	up	True	925038	926598	up	1	3	109
2	zy	f	19	1	40	circle	green	(565, 619)	low	dis	(724, 460)	Y	dif	hori	left	True	927750	929317	left	1	3	110
2	zy	f	19	1	40	circle	red	(565, 619)	low	dis	(724, 460)	Y	same	vert	up	True	930413	931814	up	1	3	111
2	zy	f	19	1	40	circle	red	(724, 460)	high	no	no_dis	N	same	hori	left	True	932930	933973	left	1	3	112
2	zy	f	19	1	40	circle	green	(724, 619)	low	no	no_dis	N	same	hori	left	True	935185	936085	left	1	3	113
2	zy	f	19	1	40	circle	green	(565, 460)	low	dis	(724, 619)	N	dif	vert	up	True	937300	938709	up	1	3	114
2	zy	f	19	1	40	diamond	green	(757, 540)	low	dis	(645, 428)	N	same	vert	up	True	939849	941789	up	1	3	115
2	zy	f	19	1	40	diamond	green	(565, 460)	low	dis	(757, 540)	N	same	hori	left	True	942925	943845	left	1	3	116
2	zy	f	19	1	40	diamond	red	(757, 540)	low	dis	(565, 460)	N	dif	hori	left	True	945019	945965	left	1	3	117
2	zy	f	19	1	40	diamond	green	(565, 460)	low	dis	(724, 619)	N	same	hori	left	True	947130	947973	left	1	3	118
2	zy	f	19	1	40	circle	green	(645, 428)	low	dis	(533, 540)	N	same	vert	up	True	949188	950677	up	1	3	119
2	zy	f	19	1	40	diamond	green	(724, 460)	high	dis	(645, 652)	N	dif	vert	up	True	951914	953093	up	1	3	120
2	zy	f	19	1	40	circle	red	(724, 460)	high	dis	(565, 460)	N	same	vert	up	True	986376	987765	up	1	4	1
2	zy	f	19	1	40	diamond	red	(565, 460)	low	dis	(724, 460)	Y	dif	vert	up	True	988849	989669	up	1	4	2
2	zy	f	19	1	40	diamond	red	(724, 460)	high	no	no_dis	N	dif	vert	up	True	990798	991565	up	1	4	3
2	zy	f	19	1	40	circle	green	(724, 619)	low	dis	(645, 652)	N	same	hori	left	True	992727	993581	left	1	4	4
2	zy	f	19	1	40	diamond	red	(724, 460)	high	dis	(565, 460)	N	same	hori	left	True	994677	995501	left	1	4	5
2	zy	f	19	1	40	circle	red	(645, 428)	low	dis	(757, 540)	N	dif	hori	left	True	996582	997541	left	1	4	6
2	zy	f	19	1	40	circle	red	(645, 652)	low	dis	(533, 540)	N	same	vert	up	True	998745	999613	up	1	4	7
2	zy	f	19	1	40	circle	red	(645, 652)	low	dis	(645, 428)	N	same	vert	up	True	1000760	1001645	up	1	4	8
2	zy	f	19	1	40	diamond	red	(533, 540)	low	no	no_dis	N	same	hori	left	True	1002762	1003813	left	1	4	9
2	zy	f	19	1	40	circle	red	(757, 540)	low	no	no_dis	N	dif	hori	left	True	1005008	1005861	left	1	4	10
2	zy	f	19	1	40	diamond	red	(565, 619)	low	dis	(724, 460)	Y	dif	hori	left	True	1006949	1008509	left	1	4	11
2	zy	f	19	1	40	circle	red	(757, 540)	low	no	no_dis	N	same	vert	up	True	1009713	1011037	up	1	4	12
2	zy	f	19	1	40	diamond	green	(724, 460)	high	dis	(533, 540)	N	dif	hori	left	True	1012156	1012933	left	1	4	13
2	zy	f	19	1	40	diamond	red	(724, 460)	high	dis	(565, 460)	N	dif	vert	up	True	1013944	1014934	up	1	4	14
2	zy	f	19	1	40	diamond	green	(724, 460)	high	dis	(645, 428)	N	dif	vert	up	True	1016124	1016934	left	0	4	15
2	zy	f	19	1	40	circle	green	(724, 460)	high	dis	(565, 619)	N	same	vert	up	True	1019585	1020701	up	1	4	16
2	zy	f	19	1	40	diamond	red	(724, 460)	high	no	no_dis	N	dif	vert	up	True	1021814	1022837	up	1	4	17
2	zy	f	19	1	40	diamond	red	(724, 460)	high	dis	(533, 540)	N	dif	vert	up	True	1024064	1025421	up	1	4	18
2	zy	f	19	1	40	circle	red	(757, 540)	low	dis	(724, 460)	Y	dif	hori	left	True	1026520	1027525	left	1	4	19
2	zy	f	19	1	40	circle	green	(724, 460)	high	dis	(533, 540)	N	same	vert	up	True	1028634	1029573	up	1	4	20
2	zy	f	19	1	40	diamond	red	(724, 460)	high	dis	(565, 619)	N	same	hori	left	True	1030718	1031765	left	1	4	21
2	zy	f	19	1	40	circle	green	(724, 460)	high	dis	(757, 540)	N	same	hori	left	True	1032987	1033933	left	1	4	22
2	zy	f	19	1	40	diamond	red	(645, 428)	low	no	no_dis	N	dif	hori	left	True	1035021	1036430	left	1	4	23
2	zy	f	19	1	40	circle	red	(724, 460)	high	dis	(757, 540)	N	same	hori	left	True	1037609	1038661	left	1	4	24
2	zy	f	19	1	40	circle	red	(565, 619)	low	no	no_dis	N	dif	hori	left	True	1039905	1040685	left	1	4	25
2	zy	f	19	1	40	diamond	red	(724, 619)	low	no	no_dis	N	same	hori	left	True	1041876	1042765	left	1	4	26
2	zy	f	19	1	40	diamond	red	(565, 460)	low	no	no_dis	N	dif	vert	up	True	1043898	1045149	up	1	4	27
2	zy	f	19	1	40	diamond	green	(757, 540)	low	no	no_dis	N	dif	hori	left	True	1046387	1047165	left	1	4	28
2	zy	f	19	1	40	diamond	green	(724, 460)	high	dis	(724, 619)	N	dif	hori	left	True	1048335	1049565	left	1	4	29
2	zy	f	19	1	40	diamond	green	(533, 540)	low	dis	(757, 540)	N	dif	vert	up	True	1050693	1052173	up	1	4	30
2	zy	f	19	1	40	circle	red	(724, 460)	high	dis	(645, 652)	N	same	vert	up	True	1053425	1054461	up	1	4	31
2	zy	f	19	1	40	diamond	green	(724, 460)	high	dis	(645, 652)	N	dif	hori	left	True	1055557	1056421	left	1	4	32
2	zy	f	19	1	40	circle	green	(757, 540)	low	dis	(565, 460)	N	dif	hori	left	True	1057483	1058485	left	1	4	33
2	zy	f	19	1	40	circle	green	(533, 540)	low	no	no_dis	N	same	vert	up	True	1059653	1060645	up	1	4	34
2	zy	f	19	1	40	circle	green	(645, 428)	low	dis	(565, 619)	N	same	hori	left	True	1061892	1062773	left	1	4	35
2	zy	f	19	1	40	circle	green	(565, 460)	low	no	no_dis	N	same	vert	up	True	1063917	1065325	up	1	4	36
2	zy	f	19	1	40	circle	red	(757, 540)	low	dis	(565, 619)	N	same	hori	left	True	1066551	1067453	left	1	4	37
2	zy	f	19	1	40	diamond	red	(645, 652)	low	no	no_dis	N	dif	vert	up	True	1068674	1069877	up	1	4	38
2	zy	f	19	1	40	circle	red	(565, 619)	low	dis	(757, 540)	N	same	vert	up	True	1071097	1072838	up	1	4	39
2	zy	f	19	1	40	circle	red	(565, 619)	low	dis	(645, 428)	N	dif	hori	left	True	1073906	1075205	left	1	4	40
2	zy	f	19	1	40	circle	green	(533, 540)	low	no	no_dis	N	same	vert	up	True	1076340	1077270	up	1	4	41
2	zy	f	19	1	40	diamond	green	(757, 540)	low	dis	(724, 619)	N	same	hori	left	True	1078397	1079453	left	1	4	42
2	zy	f	19	1	40	circle	red	(724, 460)	high	no	no_dis	N	dif	vert	up	True	1080473	1081637	up	1	4	43
2	zy	f	19	1	40	circle	red	(724, 460)	high	no	no_dis	N	same	vert	up	True	1082754	1084053	up	1	4	44
2	zy	f	19	1	40	circle	green	(724, 460)	high	dis	(565, 460)	N	dif	hori	left	True	1085065	1086117	left	1	4	45
2	zy	f	19	1	40	diamond	green	(645, 652)	low	dis	(565, 460)	N	dif	hori	left	True	1087345	1088325	left	1	4	46
2	zy	f	19	1	40	diamond	red	(645, 652)	low	no	no_dis	N	same	hori	left	True	1089355	1090053	left	1	4	47
2	zy	f	19	1	40	circle	green	(724, 460)	high	no	no_dis	N	dif	hori	left	True	1091131	1092013	left	1	4	48
2	zy	f	19	1	40	diamond	green	(533, 540)	low	dis	(724, 460)	Y	same	hori	left	True	1093167	1094397	left	1	4	49
2	zy	f	19	1	40	circle	green	(724, 460)	high	dis	(724, 619)	N	dif	hori	left	True	1095424	1096189	left	1	4	50
2	zy	f	19	1	40	circle	red	(724, 619)	low	dis	(565, 619)	N	same	vert	up	True	1097335	1098653	up	1	4	51
2	zy	f	19	1	40	circle	green	(645, 652)	low	dis	(757, 540)	N	same	vert	up	True	1099833	1100782	up	1	4	52
2	zy	f	19	1	40	circle	green	(565, 460)	low	dis	(724, 460)	Y	dif	hori	left	True	1102016	1102717	left	1	4	53
2	zy	f	19	1	40	diamond	red	(645, 652)	low	dis	(533, 540)	N	same	vert	up	True	1103819	1104869	up	1	4	54
2	zy	f	19	1	40	circle	green	(645, 652)	low	dis	(724, 619)	N	same	vert	up	True	1105973	1107110	up	1	4	55
2	zy	f	19	1	40	diamond	green	(724, 460)	high	no	no_dis	N	dif	vert	up	True	1108199	1109677	up	1	4	56
2	zy	f	19	1	40	circle	green	(724, 460)	high	no	no_dis	N	same	hori	left	True	1110716	1111533	left	1	4	57
2	zy	f	19	1	40	circle	green	(724, 460)	high	no	no_dis	N	dif	hori	left	True	1112690	1113349	left	1	4	58
2	zy	f	19	1	40	circle	green	(533, 540)	low	dis	(724, 619)	N	dif	vert	up	True	1114471	1115453	up	1	4	59
2	zy	f	19	1	40	diamond	red	(565, 460)	low	dis	(645, 428)	N	same	hori	left	True	1116660	1117942	left	1	4	60
2	zy	f	19	1	40	diamond	red	(757, 540)	low	dis	(724, 460)	Y	same	hori	left	True	1118985	1119669	left	1	4	61
2	zy	f	19	1	40	circle	green	(565, 460)	low	dis	(757, 540)	N	dif	vert	up	True	1120743	1121485	up	1	4	62
2	zy	f	19	1	40	circle	green	(565, 460)	low	dis	(645, 428)	N	dif	hori	left	True	1122737	1123749	left	1	4	63
2	zy	f	19	1	40	circle	red	(565, 619)	low	no	no_dis	N	dif	vert	up	True	1124867	1126165	up	1	4	64
2	zy	f	19	1	40	circle	green	(724, 619)	low	no	no_dis	N	same	vert	up	True	1127249	1128333	up	1	4	65
2	zy	f	19	1	40	circle	red	(724, 460)	high	dis	(724, 619)	N	dif	hori	left	True	1129413	1130237	left	1	4	66
2	zy	f	19	1	40	diamond	red	(724, 619)	low	dis	(645, 652)	N	dif	vert	up	True	1131366	1132373	up	1	4	67
2	zy	f	19	1	40	diamond	green	(724, 619)	low	dis	(645, 652)	N	same	hori	left	True	1133391	1134453	left	1	4	68
2	zy	f	19	1	40	diamond	green	(724, 460)	high	no	no_dis	N	same	hori	left	True	1135593	1136301	left	1	4	69
2	zy	f	19	1	40	diamond	red	(724, 460)	high	dis	(565, 619)	N	same	hori	left	True	1137535	1138277	left	1	4	70
2	zy	f	19	1	40	diamond	green	(565, 460)	low	no	no_dis	N	dif	hori	left	True	1139386	1140461	left	1	4	71
2	zy	f	19	1	40	circle	red	(724, 460)	high	no	no_dis	N	same	vert	up	True	1141484	1142381	up	1	4	72
2	zy	f	19	1	40	circle	green	(724, 460)	high	dis	(645, 652)	N	same	vert	up	True	1143602	1144293	up	1	4	73
2	zy	f	19	1	40	diamond	green	(724, 619)	low	dis	(565, 619)	N	same	vert	up	True	1145490	1146597	up	1	4	74
2	zy	f	19	1	40	diamond	red	(724, 619)	low	dis	(533, 540)	N	dif	hori	left	True	1147668	1148742	left	1	4	75
2	zy	f	19	1	40	diamond	green	(724, 460)	high	dis	(645, 428)	N	same	hori	left	True	1149940	1150781	left	1	4	76
2	zy	f	19	1	40	diamond	green	(645, 428)	low	dis	(724, 460)	Y	same	vert	up	True	1152023	1153781	up	1	4	77
2	zy	f	19	1	40	circle	red	(724, 460)	high	dis	(533, 540)	N	same	vert	up	True	1155002	1155829	up	1	4	78
2	zy	f	19	1	40	diamond	red	(724, 460)	high	no	no_dis	N	same	vert	up	True	1157071	1157965	up	1	4	79
2	zy	f	19	1	40	diamond	green	(724, 619)	low	no	no_dis	N	dif	vert	up	True	1159141	1159909	up	1	4	80
2	zy	f	19	1	40	diamond	red	(533, 540)	low	dis	(724, 619)	N	dif	vert	up	True	1161085	1161957	up	1	4	81
2	zy	f	19	1	40	diamond	green	(724, 460)	high	dis	(645, 652)	N	dif	hori	left	True	1162977	1163741	left	1	4	82
2	zy	f	19	1	40	diamond	green	(724, 460)	high	dis	(565, 619)	N	dif	hori	left	True	1164833	1165597	left	1	4	83
2	zy	f	19	1	40	diamond	red	(533, 540)	low	dis	(565, 460)	N	dif	vert	up	True	1166779	1167590	up	1	4	84
2	zy	f	19	1	40	circle	green	(645, 428)	low	dis	(533, 540)	N	same	hori	left	True	1168671	1169605	left	1	4	85
2	zy	f	19	1	40	diamond	red	(724, 460)	high	dis	(645, 428)	N	dif	vert	up	True	1170708	1171678	up	1	4	86
2	zy	f	19	1	40	diamond	green	(724, 460)	high	no	no_dis	N	same	hori	left	True	1172870	1173645	left	1	4	87
2	zy	f	19	1	40	circle	red	(724, 460)	high	no	no_dis	N	same	hori	left	True	1174889	1175829	left	1	4	88
2	zy	f	19	1	40	diamond	red	(645, 428)	low	dis	(565, 460)	N	dif	vert	up	True	1176885	1178285	left	0	4	89
2	zy	f	19	1	40	diamond	red	(724, 460)	high	no	no_dis	N	dif	hori	left	True	1180811	1181701	left	1	4	90
2	zy	f	19	1	40	diamond	green	(565, 460)	low	no	no_dis	N	dif	vert	up	True	1182907	1183653	left	0	4	91
2	zy	f	19	1	40	diamond	green	(565, 619)	low	dis	(533, 540)	N	dif	vert	up	True	1186326	1187501	up	1	4	92
2	zy	f	19	1	40	diamond	green	(565, 619)	low	dis	(724, 619)	N	same	hori	left	True	1188658	1190221	left	1	4	93
2	zy	f	19	1	40	circle	red	(724, 460)	high	dis	(757, 540)	N	dif	vert	up	True	1191443	1192549	up	1	4	94
2	zy	f	19	1	40	circle	red	(757, 540)	low	no	no_dis	N	same	hori	left	True	1193786	1194757	left	1	4	95
2	zy	f	19	1	40	circle	green	(724, 460)	high	dis	(645, 652)	N	dif	vert	up	True	1195958	1196845	up	1	4	96
2	zy	f	19	1	40	circle	green	(645, 428)	low	no	no_dis	N	same	hori	left	True	1197902	1198813	left	1	4	97
2	zy	f	19	1	40	circle	red	(645, 652)	low	no	no_dis	N	dif	hori	left	True	1200014	1200837	left	1	4	98
2	zy	f	19	1	40	circle	green	(724, 619)	low	dis	(645, 652)	N	same	vert	up	True	1202069	1203181	up	1	4	99
2	zy	f	19	1	40	diamond	red	(565, 619)	low	dis	(757, 540)	N	same	vert	up	True	1204229	1205678	up	1	4	100
2	zy	f	19	1	40	diamond	green	(565, 460)	low	dis	(724, 460)	Y	same	hori	left	True	1206879	1207821	left	1	4	101
2	zy	f	19	1	40	circle	green	(645, 428)	low	no	no_dis	N	same	hori	left	True	1208958	1209733	left	1	4	102
2	zy	f	19	1	40	circle	green	(565, 619)	low	dis	(724, 619)	N	dif	vert	up	True	1210806	1211773	up	1	4	103
2	zy	f	19	1	40	diamond	green	(565, 619)	low	no	no_dis	N	dif	vert	up	True	1212855	1214853	up	1	4	104
2	zy	f	19	1	40	circle	red	(724, 460)	high	dis	(645, 428)	N	same	vert	up	True	1216099	1217397	up	1	4	105
2	zy	f	19	1	40	diamond	red	(533, 540)	low	dis	(565, 460)	N	same	vert	up	True	1218547	1220373	up	1	4	106
2	zy	f	19	1	40	diamond	green	(533, 540)	low	no	no_dis	N	same	vert	up	True	1221557	1222509	up	1	4	107
2	zy	f	19	1	40	circle	green	(724, 460)	high	dis	(757, 540)	N	same	vert	up	True	1223753	1224614	up	1	4	108
2	zy	f	19	1	40	circle	red	(645, 428)	low	dis	(724, 460)	Y	dif	vert	up	True	1225694	1226533	up	1	4	109
2	zy	f	19	1	40	diamond	green	(724, 460)	high	no	no_dis	N	same	vert	up	True	1227558	1228805	up	1	4	110
2	zy	f	19	1	40	circle	green	(724, 460)	high	no	no_dis	N	dif	hori	left	True	1229852	1230621	left	1	4	111
2	zy	f	19	1	40	circle	red	(533, 540)	low	dis	(645, 428)	N	dif	hori	left	True	1231686	1232749	left	1	4	112
2	zy	f	19	1	40	diamond	red	(724, 460)	high	dis	(565, 460)	N	same	hori	left	True	1233805	1234964	left	1	4	113
2	zy	f	19	1	40	circle	red	(645, 428)	low	dis	(565, 619)	N	same	hori	left	True	1236110	1237917	left	1	4	114
2	zy	f	19	1	40	diamond	red	(724, 460)	high	dis	(533, 540)	N	dif	vert	up	True	1239056	1239885	up	1	4	115
2	zy	f	19	1	40	diamond	green	(757, 540)	low	dis	(645, 652)	N	dif	hori	left	True	1240896	1242021	left	1	4	116
2	zy	f	19	1	40	circle	red	(724, 460)	high	dis	(565, 619)	N	same	hori	left	True	1243070	1244005	left	1	4	117
2	zy	f	19	1	40	circle	red	(565, 460)	low	dis	(724, 460)	Y	dif	hori	left	True	1245220	1246045	left	1	4	118
2	zy	f	19	1	40	diamond	green	(645, 652)	low	dis	(645, 428)	N	dif	vert	up	True	1247136	1248077	up	1	4	119
2	zy	f	19	1	40	diamond	green	(724, 460)	high	dis	(724, 619)	N	dif	vert	up	True	1249251	1250340	up	1	4	120
2	zy	f	19	1	40	circle	red	(724, 460)	high	dis	(645, 428)	N	dif	hori	left	True	1287765	1288837	left	1	5	1
2	zy	f	19	1	40	circle	green	(645, 652)	low	dis	(565, 460)	N	dif	hori	left	True	1289945	1291045	left	1	5	2
2	zy	f	19	1	40	circle	green	(724, 460)	high	dis	(645, 428)	N	same	vert	up	True	1292059	1292973	up	1	5	3
2	zy	f	19	1	40	diamond	green	(757, 540)	low	dis	(565, 460)	N	dif	vert	up	True	1294052	1294997	up	1	5	4
2	zy	f	19	1	40	diamond	red	(757, 540)	low	dis	(645, 652)	N	same	hori	left	True	1296248	1297117	left	1	5	5
2	zy	f	19	1	40	circle	red	(724, 460)	high	dis	(757, 540)	N	same	hori	left	True	1298309	1299333	left	1	5	6
2	zy	f	19	1	40	diamond	green	(724, 460)	high	dis	(565, 460)	N	dif	hori	left	True	1300406	1301317	left	1	5	7
2	zy	f	19	1	40	circle	green	(645, 652)	low	dis	(565, 460)	N	dif	vert	up	True	1302567	1303589	up	1	5	8
2	zy	f	19	1	40	circle	green	(645, 428)	low	dis	(757, 540)	N	dif	vert	up	True	1304614	1305341	up	1	5	9
2	zy	f	19	1	40	circle	red	(565, 619)	low	dis	(724, 460)	Y	same	hori	left	True	1306510	1307260	left	1	5	10
2	zy	f	19	1	40	circle	green	(645, 428)	low	dis	(565, 460)	N	dif	vert	up	True	1308434	1309237	up	1	5	11
2	zy	f	19	1	40	diamond	red	(645, 428)	low	no	no_dis	N	same	vert	up	True	1310453	1311221	up	1	5	12
2	zy	f	19	1	40	circle	red	(757, 540)	low	dis	(645, 652)	N	dif	vert	up	True	1312444	1313565	up	1	5	13
2	zy	f	19	1	40	diamond	red	(724, 460)	high	dis	(757, 540)	N	dif	vert	up	True	1314693	1315669	up	1	5	14
2	zy	f	19	1	40	circle	red	(724, 619)	low	dis	(533, 540)	N	same	hori	left	True	1316797	1317517	left	1	5	15
2	zy	f	19	1	40	circle	red	(724, 460)	high	dis	(724, 619)	N	same	hori	left	True	1318636	1319741	left	1	5	16
2	zy	f	19	1	40	diamond	green	(757, 540)	low	no	no_dis	N	dif	hori	left	True	1320826	1322581	left	1	5	17
2	zy	f	19	1	40	circle	red	(724, 460)	high	dis	(645, 652)	N	dif	hori	left	True	1323760	1324629	left	1	5	18
2	zy	f	19	1	40	diamond	green	(724, 460)	high	no	no_dis	N	dif	vert	up	True	1325752	1326550	up	1	5	19
2	zy	f	19	1	40	circle	red	(645, 428)	low	no	no_dis	N	dif	hori	left	True	1327802	1328478	left	1	5	20
2	zy	f	19	1	40	circle	green	(724, 619)	low	no	no_dis	N	same	vert	up	True	1329686	1330669	up	1	5	21
2	zy	f	19	1	40	circle	green	(565, 460)	low	no	no_dis	N	same	vert	up	True	1331764	1332525	up	1	5	22
2	zy	f	19	1	40	circle	red	(724, 460)	high	dis	(565, 619)	N	dif	vert	up	True	1333692	1334389	up	1	5	23
2	zy	f	19	1	40	diamond	red	(645, 652)	low	no	no_dis	N	same	hori	left	True	1335400	1336644	left	1	5	24
2	zy	f	19	1	40	diamond	green	(757, 540)	low	dis	(565, 619)	N	same	hori	left	True	1337752	1339301	left	1	5	25
2	zy	f	19	1	40	circle	green	(724, 460)	high	dis	(565, 460)	N	same	vert	up	True	1340419	1341813	up	1	5	26
2	zy	f	19	1	40	diamond	green	(724, 619)	low	dis	(645, 428)	N	dif	hori	left	True	1343001	1343853	left	1	5	27
2	zy	f	19	1	40	diamond	red	(724, 619)	low	dis	(533, 540)	N	same	vert	up	True	1344881	1345733	up	1	5	28
2	zy	f	19	1	40	diamond	red	(724, 460)	high	dis	(565, 619)	N	same	hori	left	True	1346812	1348149	left	1	5	29
2	zy	f	19	1	40	circle	red	(724, 460)	high	no	no_dis	N	dif	hori	left	True	1349185	1349989	left	1	5	30
2	zy	f	19	1	40	circle	green	(565, 619)	low	dis	(565, 460)	N	same	vert	up	True	1351083	1351917	up	1	5	31
2	zy	f	19	1	40	diamond	red	(724, 619)	low	dis	(724, 460)	Y	dif	hori	left	True	1353103	1354093	left	1	5	32
2	zy	f	19	1	40	diamond	red	(533, 540)	low	dis	(645, 428)	N	same	vert	up	True	1355186	1356461	up	1	5	33
2	zy	f	19	1	40	diamond	green	(645, 652)	low	dis	(565, 619)	N	dif	hori	left	True	1357630	1358540	left	1	5	34
2	zy	f	19	1	40	diamond	green	(724, 460)	high	dis	(645, 428)	N	same	hori	left	True	1359780	1360460	left	1	5	35
2	zy	f	19	1	40	diamond	green	(757, 540)	low	dis	(645, 428)	N	same	vert	up	True	1361626	1362509	up	1	5	36
2	zy	f	19	1	40	circle	red	(724, 460)	high	dis	(565, 619)	N	dif	vert	up	True	1363685	1364660	up	1	5	37
2	zy	f	19	1	40	diamond	red	(724, 460)	high	no	no_dis	N	dif	vert	up	True	1365714	1366629	up	1	5	38
2	zy	f	19	1	40	diamond	red	(645, 652)	low	dis	(533, 540)	N	dif	vert	up	True	1367858	1368621	up	1	5	39
2	zy	f	19	1	40	circle	green	(533, 540)	low	dis	(724, 619)	N	dif	hori	left	True	1369682	1370396	left	1	5	40
2	zy	f	19	1	40	diamond	green	(724, 460)	high	dis	(533, 540)	N	dif	hori	left	True	1371450	1372237	left	1	5	41
2	zy	f	19	1	40	diamond	red	(565, 460)	low	dis	(724, 460)	Y	dif	vert	up	True	1373417	1374533	up	1	5	42
2	zy	f	19	1	40	diamond	red	(724, 460)	high	no	no_dis	N	same	hori	left	True	1375753	1376590	left	1	5	43
2	zy	f	19	1	40	diamond	green	(645, 428)	low	no	no_dis	N	dif	vert	up	True	1377797	1378661	up	1	5	44
2	zy	f	19	1	40	diamond	green	(533, 540)	low	dis	(565, 619)	N	same	vert	up	True	1379761	1381005	up	1	5	45
2	zy	f	19	1	40	circle	green	(565, 460)	low	dis	(724, 460)	Y	same	hori	left	True	1382088	1382989	left	1	5	46
2	zy	f	19	1	40	circle	green	(724, 619)	low	dis	(645, 428)	N	same	hori	left	True	1384125	1384861	left	1	5	47
2	zy	f	19	1	40	diamond	green	(724, 460)	high	no	no_dis	N	same	vert	up	True	1386102	1386836	up	1	5	48
2	zy	f	19	1	40	diamond	green	(533, 540)	low	no	no_dis	N	dif	vert	up	True	1387907	1389117	up	1	5	49
2	zy	f	19	1	40	circle	red	(565, 619)	low	no	no_dis	N	dif	vert	up	True	1390137	1391228	up	1	5	50
2	zy	f	19	1	40	circle	green	(724, 460)	high	dis	(724, 619)	N	dif	vert	up	True	1392426	1394317	up	1	5	51
2	zy	f	19	1	40	circle	red	(645, 428)	low	dis	(645, 652)	N	dif	vert	up	True	1395349	1396877	up	1	5	52
2	zy	f	19	1	40	diamond	red	(724, 619)	low	no	no_dis	N	dif	hori	left	True	1398127	1399013	left	1	5	53
2	zy	f	19	1	40	circle	green	(724, 460)	high	dis	(757, 540)	N	dif	hori	left	True	1400195	1400949	left	1	5	54
2	zy	f	19	1	40	circle	green	(533, 540)	low	no	no_dis	N	dif	hori	left	True	1402125	1403013	left	1	5	55
2	zy	f	19	1	40	diamond	green	(645, 428)	low	dis	(645, 652)	N	same	vert	up	True	1404128	1404925	up	1	5	56
2	zy	f	19	1	40	circle	red	(724, 460)	high	no	no_dis	N	dif	vert	up	True	1406092	1406876	up	1	5	57
2	zy	f	19	1	40	circle	red	(565, 460)	low	no	no_dis	N	same	hori	left	True	1408110	1409013	left	1	5	58
2	zy	f	19	1	40	circle	red	(724, 460)	high	no	no_dis	N	same	vert	up	True	1410169	1411181	up	1	5	59
2	zy	f	19	1	40	circle	green	(724, 460)	high	no	no_dis	N	dif	vert	up	True	1412335	1413365	up	1	5	60
2	zy	f	19	1	40	diamond	red	(724, 460)	high	dis	(645, 428)	N	same	hori	left	True	1414421	1415717	left	1	5	61
2	zy	f	19	1	40	circle	red	(724, 460)	high	dis	(533, 540)	N	dif	hori	left	True	1416879	1417629	left	1	5	62
2	zy	f	19	1	40	diamond	red	(533, 540)	low	no	no_dis	N	dif	vert	up	True	1418709	1419525	up	1	5	63
2	zy	f	19	1	40	circle	green	(724, 460)	high	no	no_dis	N	dif	hori	left	True	1420749	1421509	left	1	5	64
2	zy	f	19	1	40	circle	green	(724, 460)	high	no	no_dis	N	dif	hori	left	True	1422527	1423149	left	1	5	65
2	zy	f	19	1	40	diamond	red	(724, 460)	high	no	no_dis	N	same	vert	up	True	1424345	1425189	up	1	5	66
2	zy	f	19	1	40	circle	red	(645, 652)	low	dis	(724, 460)	Y	same	hori	left	True	1426308	1427533	left	1	5	67
2	zy	f	19	1	40	circle	green	(757, 540)	low	no	no_dis	N	dif	hori	left	True	1428684	1429389	left	1	5	68
2	zy	f	19	1	40	diamond	red	(565, 619)	low	dis	(724, 460)	Y	dif	hori	left	True	1430623	1431749	left	1	5	69
2	zy	f	19	1	40	diamond	red	(724, 460)	high	no	no_dis	N	same	vert	up	True	1432973	1433917	up	1	5	70
2	zy	f	19	1	40	circle	green	(757, 540)	low	no	no_dis	N	same	vert	up	True	1435060	1436125	up	1	5	71
2	zy	f	19	1	40	diamond	green	(724, 460)	high	no	no_dis	N	same	hori	left	True	1437251	1438172	left	1	5	72
2	zy	f	19	1	40	diamond	green	(533, 540)	low	dis	(724, 460)	Y	same	vert	up	True	1439410	1440869	up	1	5	73
2	zy	f	19	1	40	diamond	red	(533, 540)	low	dis	(757, 540)	N	same	vert	up	True	1441940	1443508	up	1	5	74
2	zy	f	19	1	40	circle	green	(724, 460)	high	dis	(645, 652)	N	dif	vert	up	True	1444727	1445853	up	1	5	75
2	zy	f	19	1	40	circle	green	(565, 460)	low	no	no_dis	N	same	vert	up	True	1446884	1448060	up	1	5	76
2	zy	f	19	1	40	diamond	green	(533, 540)	low	no	no_dis	N	dif	vert	up	True	1449201	1450317	up	1	5	77
2	zy	f	19	1	40	circle	green	(724, 460)	high	no	no_dis	N	same	hori	left	True	1451488	1452301	left	1	5	78
2	zy	f	19	1	40	circle	red	(724, 460)	high	no	no_dis	N	same	hori	left	True	1453401	1454117	left	1	5	79
2	zy	f	19	1	40	circle	red	(645, 428)	low	dis	(565, 460)	N	same	hori	left	True	1455300	1456196	left	1	5	80
2	zy	f	19	1	40	diamond	red	(724, 460)	high	dis	(724, 619)	N	dif	vert	up	True	1457425	1458989	up	1	5	81
2	zy	f	19	1	40	circle	red	(565, 619)	low	no	no_dis	N	same	hori	left	True	1460242	1461413	left	1	5	82
2	zy	f	19	1	40	circle	red	(724, 619)	low	dis	(533, 540)	N	dif	hori	left	True	1462453	1463237	left	1	5	83
2	zy	f	19	1	40	circle	green	(724, 619)	low	dis	(645, 652)	N	same	hori	left	True	1464265	1465445	left	1	5	84
2	zy	f	19	1	40	diamond	green	(724, 460)	high	dis	(533, 540)	N	same	hori	left	True	1466473	1467949	left	1	5	85
2	zy	f	19	1	40	diamond	green	(533, 540)	low	dis	(724, 460)	Y	same	hori	left	True	1469133	1469853	left	1	5	86
2	zy	f	19	1	40	circle	red	(565, 619)	low	dis	(757, 540)	N	dif	vert	up	True	1471030	1471949	up	1	5	87
2	zy	f	19	1	40	diamond	green	(724, 460)	high	dis	(565, 460)	N	dif	hori	left	True	1472958	1474117	left	1	5	88
2	zy	f	19	1	40	diamond	red	(724, 460)	high	dis	(645, 652)	N	same	vert	up	True	1475324	1476285	up	1	5	89
2	zy	f	19	1	40	diamond	red	(565, 619)	low	no	no_dis	N	same	hori	left	True	1477310	1478221	left	1	5	90
2	zy	f	19	1	40	circle	red	(645, 652)	low	dis	(565, 619)	N	same	hori	left	True	1479233	1480084	left	1	5	91
2	zy	f	19	1	40	circle	green	(565, 460)	low	dis	(757, 540)	N	same	vert	up	True	1481253	1482349	up	1	5	92
2	zy	f	19	1	40	diamond	green	(565, 619)	low	no	no_dis	N	dif	hori	left	True	1483580	1485285	left	1	5	93
2	zy	f	19	1	40	diamond	red	(565, 460)	low	dis	(724, 619)	N	dif	vert	up	True	1486293	1488252	up	1	5	94
2	zy	f	19	1	40	circle	red	(533, 540)	low	dis	(757, 540)	N	dif	hori	left	True	1489410	1490309	left	1	5	95
2	zy	f	19	1	40	circle	red	(757, 540)	low	dis	(533, 540)	N	same	vert	up	True	1491556	1492460	up	1	5	96
2	zy	f	19	1	40	diamond	red	(565, 460)	low	dis	(645, 652)	N	same	vert	up	True	1493703	1494893	up	1	5	97
2	zy	f	19	1	40	diamond	green	(645, 652)	low	no	no_dis	N	same	hori	left	True	1496063	1497197	left	1	5	98
2	zy	f	19	1	40	diamond	red	(724, 460)	high	dis	(565, 460)	N	dif	hori	left	True	1498385	1499205	left	1	5	99
2	zy	f	19	1	40	circle	red	(724, 619)	low	no	no_dis	N	same	vert	up	True	1500342	1501093	up	1	5	100
2	zy	f	19	1	40	diamond	green	(724, 460)	high	dis	(724, 619)	N	same	hori	left	True	1502228	1503108	left	1	5	101
2	zy	f	19	1	40	circle	red	(724, 460)	high	dis	(533, 540)	N	same	vert	up	True	1504350	1505165	up	1	5	102
2	zy	f	19	1	40	diamond	green	(565, 619)	low	dis	(724, 460)	Y	dif	vert	up	True	1506370	1507389	up	1	5	103
2	zy	f	19	1	40	circle	green	(757, 540)	low	dis	(565, 619)	N	same	vert	up	True	1508426	1509309	up	1	5	104
2	zy	f	19	1	40	diamond	green	(724, 460)	high	no	no_dis	N	dif	hori	left	True	1510457	1511245	left	1	5	105
2	zy	f	19	1	40	diamond	red	(645, 652)	low	no	no_dis	N	dif	vert	up	True	1512436	1513277	up	1	5	106
2	zy	f	19	1	40	diamond	green	(724, 460)	high	dis	(724, 619)	N	same	vert	up	True	1514444	1515340	up	1	5	107
2	zy	f	19	1	40	circle	green	(724, 460)	high	dis	(645, 652)	N	same	vert	up	True	1516523	1517941	up	1	5	108
2	zy	f	19	1	40	circle	red	(565, 460)	low	dis	(724, 460)	Y	dif	hori	left	True	1519146	1519901	left	1	5	109
2	zy	f	19	1	40	diamond	green	(565, 460)	low	dis	(724, 619)	N	dif	vert	up	True	1521013	1522125	up	1	5	110
2	zy	f	19	1	40	circle	red	(565, 460)	low	no	no_dis	N	same	hori	left	True	1523295	1524005	left	1	5	111
2	zy	f	19	1	40	diamond	red	(645, 652)	low	dis	(724, 619)	N	dif	hori	left	True	1525055	1525941	left	1	5	112
2	zy	f	19	1	40	circle	green	(724, 460)	high	dis	(757, 540)	N	dif	vert	up	True	1527180	1528140	up	1	5	113
2	zy	f	19	1	40	circle	green	(724, 460)	high	dis	(645, 428)	N	same	vert	up	True	1529287	1530028	up	1	5	114
2	zy	f	19	1	40	diamond	red	(724, 460)	high	dis	(565, 619)	N	dif	vert	up	True	1531157	1532133	up	1	5	115
2	zy	f	19	1	40	diamond	red	(645, 428)	low	dis	(724, 619)	N	same	hori	left	True	1533374	1534181	left	1	5	116
2	zy	f	19	1	40	diamond	green	(724, 460)	high	dis	(565, 619)	N	same	hori	left	True	1535230	1536053	left	1	5	117
2	zy	f	19	1	40	diamond	green	(565, 619)	low	dis	(645, 428)	N	dif	hori	left	True	1537224	1537925	left	1	5	118
2	zy	f	19	1	40	circle	green	(645, 428)	low	dis	(757, 540)	N	dif	hori	left	True	1538990	1539733	left	1	5	119
2	zy	f	19	1	40	diamond	red	(724, 460)	high	dis	(533, 540)	N	same	vert	up	True	1540944	1541837	up	1	5	120
2	zy	f	19	1	40	diamond	green	(724, 460)	high	dis	(645, 652)	N	same	vert	up	True	1574736	1575941	up	1	6	1
2	zy	f	19	1	40	diamond	green	(724, 460)	high	dis	(645, 428)	N	dif	hori	left	True	1577189	1578189	left	1	6	2
2	zy	f	19	1	40	diamond	green	(565, 460)	low	dis	(724, 619)	N	dif	hori	left	True	1579388	1580293	left	1	6	3
2	zy	f	19	1	40	circle	red	(724, 460)	high	dis	(645, 428)	N	same	hori	left	True	1581471	1582397	left	1	6	4
2	zy	f	19	1	40	circle	green	(645, 652)	low	dis	(565, 619)	N	dif	vert	up	True	1583583	1584356	up	1	6	5
2	zy	f	19	1	40	circle	red	(757, 540)	low	dis	(565, 460)	N	dif	vert	up	True	1585599	1586805	up	1	6	6
2	zy	f	19	1	40	circle	red	(533, 540)	low	no	no_dis	N	dif	vert	up	True	1587988	1588829	left	0	6	7
2	zy	f	19	1	40	diamond	red	(724, 460)	high	dis	(565, 460)	N	dif	vert	up	True	1591499	1592373	up	1	6	8
2	zy	f	19	1	40	circle	green	(724, 460)	high	no	no_dis	N	same	hori	left	True	1593447	1594108	left	1	6	9
2	zy	f	19	1	40	diamond	red	(724, 460)	high	no	no_dis	N	dif	hori	left	True	1595252	1596052	left	1	6	10
2	zy	f	19	1	40	diamond	red	(645, 652)	low	no	no_dis	N	dif	hori	left	True	1597116	1597853	left	1	6	11
2	zy	f	19	1	40	circle	red	(645, 428)	low	dis	(724, 460)	Y	same	vert	up	True	1598876	1599652	up	1	6	12
2	zy	f	19	1	40	circle	red	(724, 619)	low	no	no_dis	N	same	vert	up	True	1600728	1601429	up	1	6	13
2	zy	f	19	1	40	diamond	green	(645, 428)	low	dis	(565, 460)	N	dif	vert	up	True	1602436	1604525	up	1	6	14
2	zy	f	19	1	40	diamond	green	(565, 619)	low	no	no_dis	N	dif	vert	up	True	1605701	1606805	up	1	6	15
2	zy	f	19	1	40	diamond	red	(645, 652)	low	no	no_dis	N	dif	hori	left	True	1607831	1608908	left	1	6	16
2	zy	f	19	1	40	diamond	red	(724, 460)	high	no	no_dis	N	dif	vert	up	True	1610140	1610957	up	1	6	17
2	zy	f	19	1	40	circle	red	(724, 460)	high	no	no_dis	N	same	hori	left	True	1612019	1612780	left	1	6	18
2	zy	f	19	1	40	circle	green	(757, 540)	low	dis	(645, 652)	N	dif	vert	up	True	1614032	1614821	up	1	6	19
2	zy	f	19	1	40	diamond	red	(533, 540)	low	dis	(645, 428)	N	dif	hori	left	True	1615954	1617749	left	1	6	20
2	zy	f	19	1	40	diamond	green	(724, 460)	high	no	no_dis	N	same	vert	up	True	1618818	1619693	up	1	6	21
2	zy	f	19	1	40	circle	green	(724, 460)	high	dis	(645, 652)	N	dif	hori	left	True	1620718	1621564	left	1	6	22
2	zy	f	19	1	40	circle	red	(565, 619)	low	dis	(533, 540)	N	dif	vert	up	True	1622584	1623621	up	1	6	23
2	zy	f	19	1	40	diamond	red	(724, 460)	high	dis	(724, 619)	N	same	vert	up	True	1624676	1626141	up	1	6	24
2	zy	f	19	1	40	diamond	green	(724, 460)	high	dis	(533, 540)	N	dif	hori	left	True	1627347	1628269	left	1	6	25
2	zy	f	19	1	40	diamond	green	(565, 460)	low	no	no_dis	N	dif	vert	up	True	1629405	1630476	up	1	6	26
2	zy	f	19	1	40	diamond	green	(565, 619)	low	dis	(757, 540)	N	same	hori	left	True	1631728	1633773	left	1	6	27
2	zy	f	19	1	40	diamond	red	(724, 460)	high	dis	(724, 619)	N	same	vert	up	True	1634928	1635981	up	1	6	28
2	zy	f	19	1	40	circle	green	(724, 460)	high	dis	(724, 619)	N	dif	vert	up	True	1637021	1638220	up	1	6	29
2	zy	f	19	1	40	circle	green	(724, 460)	high	no	no_dis	N	dif	hori	left	True	1639450	1640285	left	1	6	30
2	zy	f	19	1	40	diamond	red	(724, 460)	high	dis	(757, 540)	N	same	hori	left	True	1641506	1643028	left	1	6	31
2	zy	f	19	1	40	circle	green	(565, 460)	low	dis	(565, 619)	N	dif	vert	up	True	1644258	1645317	up	1	6	32
2	zy	f	19	1	40	circle	green	(724, 619)	low	no	no_dis	N	same	hori	left	True	1646448	1647397	left	1	6	33
2	zy	f	19	1	40	circle	red	(724, 460)	high	no	no_dis	N	same	hori	left	True	1648401	1649133	left	1	6	34
2	zy	f	19	1	40	diamond	red	(724, 460)	high	dis	(757, 540)	N	dif	hori	left	True	1650366	1651292	left	1	6	35
2	zy	f	19	1	40	circle	red	(757, 540)	low	dis	(645, 428)	N	same	vert	up	True	1652325	1653365	up	1	6	36
2	zy	f	19	1	40	circle	green	(724, 460)	high	no	no_dis	N	dif	hori	left	True	1654604	1655373	left	1	6	37
2	zy	f	19	1	40	circle	green	(645, 428)	low	dis	(724, 619)	N	same	vert	up	True	1656397	1657373	up	1	6	38
2	zy	f	19	1	40	diamond	red	(645, 428)	low	no	no_dis	N	dif	hori	left	True	1658451	1659405	left	1	6	39
2	zy	f	19	1	40	circle	red	(724, 460)	high	dis	(724, 619)	N	same	hori	left	True	1660595	1661493	left	1	6	40
2	zy	f	19	1	40	circle	green	(724, 460)	high	dis	(565, 460)	N	dif	vert	up	True	1662601	1663437	left	0	6	41
2	zy	f	19	1	40	diamond	green	(533, 540)	low	dis	(724, 619)	N	dif	hori	left	True	1666054	1667773	left	1	6	42
2	zy	f	19	1	40	diamond	red	(724, 619)	low	dis	(645, 428)	N	same	hori	left	True	1668951	1670381	left	1	6	43
2	zy	f	19	1	40	circle	red	(724, 460)	high	dis	(533, 540)	N	same	hori	left	True	1671448	1672149	left	1	6	44
2	zy	f	19	1	40	circle	green	(565, 460)	low	dis	(757, 540)	N	dif	hori	left	True	1673382	1674428	left	1	6	45
2	zy	f	19	1	40	circle	red	(724, 619)	low	dis	(724, 460)	Y	same	vert	up	True	1675590	1676861	up	1	6	46
2	zy	f	19	1	40	diamond	red	(533, 540)	low	no	no_dis	N	same	vert	up	True	1678037	1679437	up	1	6	47
2	zy	f	19	1	40	circle	red	(724, 460)	high	dis	(724, 619)	N	dif	vert	up	True	1680527	1681468	up	1	6	48
2	zy	f	19	1	40	circle	green	(533, 540)	low	no	no_dis	N	same	hori	left	True	1682528	1683404	left	1	6	49
2	zy	f	19	1	40	circle	red	(565, 619)	low	dis	(645, 428)	N	same	vert	up	True	1684483	1685565	up	1	6	50
2	zy	f	19	1	40	diamond	green	(724, 460)	high	no	no_dis	N	dif	vert	up	True	1686577	1688021	up	1	6	51
2	zy	f	19	1	40	circle	green	(724, 460)	high	dis	(645, 652)	N	same	hori	left	True	1689214	1690893	left	1	6	52
2	zy	f	19	1	40	diamond	red	(645, 428)	low	dis	(757, 540)	N	dif	vert	up	True	1692112	1692989	up	1	6	53
2	zy	f	19	1	40	diamond	green	(724, 460)	high	no	no_dis	N	same	vert	up	True	1694084	1695300	up	1	6	54
2	zy	f	19	1	40	diamond	red	(724, 460)	high	dis	(757, 540)	N	same	vert	up	True	1696552	1697412	up	1	6	55
2	zy	f	19	1	40	diamond	green	(724, 460)	high	dis	(757, 540)	N	dif	hori	left	True	1698510	1699612	left	1	6	56
2	zy	f	19	1	40	circle	green	(724, 619)	low	dis	(565, 619)	N	same	hori	left	True	1700762	1701644	left	1	6	57
2	zy	f	19	1	40	circle	red	(645, 652)	low	dis	(724, 460)	Y	dif	hori	left	True	1702793	1703733	left	1	6	58
2	zy	f	19	1	40	circle	green	(645, 652)	low	no	no_dis	N	same	vert	up	True	1704912	1705780	up	1	6	59
2	zy	f	19	1	40	diamond	green	(645, 652)	low	dis	(533, 540)	N	same	vert	up	True	1706813	1707757	up	1	6	60
2	zy	f	19	1	40	diamond	green	(724, 460)	high	dis	(565, 460)	N	same	vert	up	True	1708891	1709869	up	1	6	61
2	zy	f	19	1	40	circle	green	(645, 652)	low	dis	(724, 619)	N	dif	vert	up	True	1711044	1712036	up	1	6	62
2	zy	f	19	1	40	diamond	green	(533, 540)	low	no	no_dis	N	same	vert	up	True	1713050	1714141	up	1	6	63
2	zy	f	19	1	40	diamond	red	(645, 652)	low	dis	(757, 540)	N	dif	hori	left	True	1715289	1716156	left	1	6	64
2	zy	f	19	1	40	circle	green	(724, 619)	low	dis	(724, 460)	Y	same	hori	left	True	1717370	1718205	left	1	6	65
2	zy	f	19	1	40	diamond	green	(757, 540)	low	no	no_dis	N	same	vert	up	True	1719305	1720165	up	1	6	66
2	zy	f	19	1	40	diamond	red	(565, 460)	low	dis	(757, 540)	N	same	vert	up	True	1721303	1722373	up	1	6	67
2	zy	f	19	1	40	diamond	red	(724, 460)	high	dis	(645, 428)	N	same	vert	up	True	1723588	1724877	up	1	6	68
2	zy	f	19	1	40	circle	green	(724, 460)	high	dis	(533, 540)	N	dif	vert	up	True	1726050	1726941	up	1	6	69
2	zy	f	19	1	40	diamond	green	(724, 460)	high	dis	(565, 619)	N	same	vert	up	True	1728183	1729292	up	1	6	70
2	zy	f	19	1	40	diamond	green	(565, 460)	low	no	no_dis	N	dif	vert	up	True	1730363	1731149	up	1	6	71
2	zy	f	19	1	40	diamond	green	(565, 619)	low	dis	(565, 460)	N	same	hori	left	True	1732321	1733196	left	1	6	72
2	zy	f	19	1	40	circle	green	(724, 619)	low	no	no_dis	N	same	hori	left	True	1734235	1735020	left	1	6	73
2	zy	f	19	1	40	circle	red	(724, 460)	high	dis	(645, 652)	N	dif	hori	left	True	1736055	1736836	left	1	6	74
2	zy	f	19	1	40	diamond	red	(565, 460)	low	no	no_dis	N	same	vert	up	True	1738086	1739100	up	1	6	75
2	zy	f	19	1	40	circle	red	(645, 428)	low	dis	(645, 652)	N	dif	hori	left	True	1740116	1740868	left	1	6	76
2	zy	f	19	1	40	circle	green	(645, 652)	low	dis	(645, 428)	N	dif	hori	left	True	1742097	1742885	up	0	6	77
2	zy	f	19	1	40	circle	green	(565, 619)	low	dis	(645, 428)	N	same	hori	left	True	1745469	1746357	left	1	6	78
2	zy	f	19	1	40	diamond	red	(757, 540)	low	dis	(533, 540)	N	same	vert	up	True	1747410	1748205	up	1	6	79
2	zy	f	19	1	40	circle	red	(757, 540)	low	dis	(724, 460)	Y	same	hori	left	True	1749282	1750341	left	1	6	80
2	zy	f	19	1	40	diamond	red	(565, 460)	low	dis	(724, 460)	Y	dif	vert	up	True	1751459	1752557	up	1	6	81
2	zy	f	19	1	40	diamond	green	(645, 428)	low	dis	(565, 619)	N	dif	hori	left	True	1753603	1754372	left	1	6	82
2	zy	f	19	1	40	circle	green	(724, 460)	high	dis	(565, 619)	N	dif	hori	left	True	1755600	1756404	left	1	6	83
2	zy	f	19	1	40	diamond	green	(724, 460)	high	no	no_dis	N	same	vert	up	True	1757495	1758300	up	1	6	84
2	zy	f	19	1	40	circle	red	(565, 619)	low	no	no_dis	N	dif	hori	left	True	1759416	1760149	left	1	6	85
2	zy	f	19	1	40	diamond	green	(757, 540)	low	no	no_dis	N	dif	hori	left	True	1761153	1761845	left	1	6	86
2	zy	f	19	1	40	circle	red	(645, 428)	low	no	no_dis	N	same	hori	left	True	1762852	1763629	left	1	6	87
2	zy	f	19	1	40	diamond	green	(533, 540)	low	dis	(724, 460)	Y	same	hori	left	True	1764795	1765860	left	1	6	88
2	zy	f	19	1	40	circle	red	(565, 619)	low	no	no_dis	N	dif	vert	up	True	1766977	1767900	up	1	6	89
2	zy	f	19	1	40	diamond	green	(757, 540)	low	dis	(533, 540)	N	same	vert	up	True	1768973	1770260	up	1	6	90
2	zy	f	19	1	40	diamond	red	(724, 460)	high	no	no_dis	N	dif	vert	up	True	1771401	1772157	up	1	6	91
2	zy	f	19	1	40	circle	green	(645, 428)	low	no	no_dis	N	same	hori	left	True	1773360	1774149	left	1	6	92
2	zy	f	19	1	40	diamond	green	(724, 460)	high	dis	(533, 540)	N	dif	vert	up	True	1775176	1776044	up	1	6	93
2	zy	f	19	1	40	diamond	red	(724, 619)	low	dis	(565, 460)	N	dif	vert	up	True	1777208	1778101	up	1	6	94
2	zy	f	19	1	40	diamond	red	(533, 540)	low	dis	(645, 652)	N	dif	hori	left	True	1779198	1779909	left	1	6	95
2	zy	f	19	1	40	diamond	red	(724, 619)	low	dis	(645, 652)	N	same	hori	left	True	1781011	1781812	left	1	6	96
2	zy	f	19	1	40	circle	green	(533, 540)	low	dis	(724, 460)	Y	same	hori	left	True	1782989	1783965	left	1	6	97
2	zy	f	19	1	40	circle	green	(565, 619)	low	no	no_dis	N	dif	vert	up	True	1785163	1786125	up	1	6	98
2	zy	f	19	1	40	circle	red	(757, 540)	low	no	no_dis	N	same	hori	left	True	1787265	1787949	left	1	6	99
2	zy	f	19	1	40	diamond	red	(565, 619)	low	dis	(724, 460)	Y	dif	hori	left	True	1789112	1790204	left	1	6	100
2	zy	f	19	1	40	diamond	red	(757, 540)	low	no	no_dis	N	dif	hori	left	True	1791393	1792085	left	1	6	101
2	zy	f	19	1	40	circle	red	(565, 460)	low	dis	(724, 619)	N	same	hori	left	True	1793247	1794244	left	1	6	102
2	zy	f	19	1	40	circle	red	(724, 460)	high	no	no_dis	N	dif	hori	left	True	1795383	1796341	left	1	6	103
2	zy	f	19	1	40	diamond	green	(724, 460)	high	dis	(565, 619)	N	same	hori	left	True	1797470	1798197	left	1	6	104
2	zy	f	19	1	40	diamond	red	(724, 460)	high	dis	(645, 652)	N	same	hori	left	True	1799398	1800181	left	1	6	105
2	zy	f	19	1	40	diamond	red	(724, 460)	high	no	no_dis	N	same	hori	left	True	1801293	1801852	left	1	6	106
2	zy	f	19	1	40	circle	red	(724, 460)	high	dis	(533, 540)	N	same	hori	left	True	1803087	1803869	left	1	6	107
2	zy	f	19	1	40	circle	red	(724, 460)	high	dis	(645, 428)	N	same	vert	up	True	1805071	1806109	up	1	6	108
2	zy	f	19	1	40	circle	green	(724, 460)	high	no	no_dis	N	dif	vert	up	True	1807137	1807797	up	1	6	109
2	zy	f	19	1	40	diamond	red	(533, 540)	low	dis	(565, 460)	N	same	vert	up	True	1808925	1810044	up	1	6	110
2	zy	f	19	1	40	circle	red	(645, 652)	low	dis	(565, 619)	N	dif	vert	up	True	1811109	1812589	up	1	6	111
2	zy	f	19	1	40	circle	green	(645, 428)	low	dis	(724, 460)	Y	dif	vert	up	True	1813625	1815149	up	1	6	112
2	zy	f	19	1	40	diamond	green	(757, 540)	low	dis	(533, 540)	N	same	vert	up	True	1816211	1817325	up	1	6	113
2	zy	f	19	1	40	circle	red	(724, 460)	high	dis	(565, 460)	N	dif	vert	up	True	1818560	1819869	up	1	6	114
2	zy	f	19	1	40	diamond	green	(724, 619)	low	dis	(645, 652)	N	dif	hori	left	True	1821096	1822133	left	1	6	115
2	zy	f	19	1	40	circle	red	(724, 460)	high	no	no_dis	N	same	vert	up	True	1823158	1824445	up	1	6	116
2	zy	f	19	1	40	circle	green	(724, 460)	high	dis	(757, 540)	N	dif	hori	left	True	1825653	1826445	left	1	6	117
2	zy	f	19	1	40	diamond	green	(565, 619)	low	dis	(565, 460)	N	same	hori	left	True	1827648	1828589	left	1	6	118
2	zy	f	19	1	40	circle	red	(533, 540)	low	dis	(565, 619)	N	same	vert	up	True	1829680	1830677	up	1	6	119
2	zy	f	19	1	40	circle	green	(724, 460)	high	dis	(565, 619)	N	dif	vert	up	True	1831750	1832709	up	1	6	120
conf	2	zy	f	19	40	1	True	1867997	1890764	2	True	1890780	1898644	5								
