subj	name	gender	age	prac	group	shape	color	tar_loc	popularity	dis_cond	dis_loc	dis_high	td_dif	line	respkey	gotkey	startTime	respTime	resp	correct	block	trialnum
3	zhx	f	21	1	40	circle	red	(645, 428)	high	dis	(757, 540)	N	same	hori	left	True	9658	11440	left	1	1	1
3	zhx	f	21	1	40	circle	red	(645, 428)	high	dis	(533, 540)	N	same	hori	left	True	12631	14305	left	1	1	2
3	zhx	f	21	1	40	circle	green	(565, 619)	low	dis	(757, 540)	N	same	vert	up	True	15407	16872	up	1	1	3
3	zhx	f	21	1	40	circle	red	(645, 428)	high	no	no_dis	N	same	hori	left	True	18073	19513	left	1	1	4
3	zhx	f	21	1	40	circle	red	(533, 540)	low	no	no_dis	N	dif	vert	up	True	20697	22440	up	1	1	5
3	zhx	f	21	1	40	diamond	red	(645, 428)	high	no	no_dis	N	same	vert	up	True	23569	25488	left	0	1	6
3	zhx	f	21	1	40	diamond	green	(565, 619)	low	dis	(645, 428)	Y	same	hori	left	True	28243	29825	up	0	1	7
3	zhx	f	21	1	40	diamond	green	(565, 460)	low	dis	(533, 540)	N	same	hori	left	True	32439	34449	left	1	1	8
3	zhx	f	21	1	40	circle	green	(724, 619)	low	dis	(565, 460)	N	same	vert	up	True	35496	36784	up	1	1	9
3	zhx	f	21	1	40	circle	red	(757, 540)	low	dis	(645, 652)	N	dif	hori	left	True	37791	39584	left	1	1	10
3	zhx	f	21	1	40	circle	red	(533, 540)	low	no	no_dis	N	dif	hori	left	True	40834	42569	left	1	1	11
3	zhx	f	21	1	40	diamond	green	(757, 540)	low	dis	(724, 460)	N	same	hori	left	True	43658	44809	left	1	1	12
3	zhx	f	21	1	40	circle	red	(724, 460)	low	no	no_dis	N	dif	hori	left	True	46001	47128	left	1	1	13
3	zhx	f	21	1	40	diamond	green	(533, 540)	low	no	no_dis	N	dif	vert	up	True	48150	49577	up	1	1	14
3	zhx	f	21	1	40	circle	red	(645, 428)	high	dis	(565, 619)	N	same	hori	left	True	50739	52497	left	1	1	15
3	zhx	f	21	1	40	diamond	green	(757, 540)	low	dis	(724, 619)	N	same	vert	up	False	53582	None	None	0	1	16
3	zhx	f	21	1	40	diamond	red	(724, 619)	low	dis	(645, 428)	Y	same	vert	up	True	59186	60953	left	0	1	17
3	zhx	f	21	1	40	diamond	green	(645, 428)	high	dis	(565, 619)	N	same	vert	up	True	63491	65641	left	0	1	18
3	zhx	f	21	1	40	circle	green	(565, 619)	low	no	no_dis	N	same	vert	up	True	68386	70241	up	1	1	19
3	zhx	f	21	1	40	diamond	red	(645, 428)	high	dis	(724, 619)	N	same	hori	left	True	71294	73481	up	0	1	20
3	zhx	f	21	1	40	circle	red	(724, 619)	low	dis	(565, 619)	N	dif	vert	up	True	76028	78217	up	1	1	21
3	zhx	f	21	1	40	diamond	green	(533, 540)	low	dis	(645, 428)	Y	dif	hori	left	True	79335	81377	left	1	1	22
3	zhx	f	21	1	40	circle	green	(645, 652)	low	dis	(565, 460)	N	same	vert	up	True	82559	83713	up	1	1	23
3	zhx	f	21	1	40	circle	red	(757, 540)	low	dis	(645, 428)	Y	same	hori	left	True	84894	86537	left	1	1	24
3	zhx	f	21	1	40	diamond	green	(645, 652)	low	no	no_dis	N	same	vert	up	True	87571	89521	up	1	1	25
3	zhx	f	21	1	40	circle	red	(645, 428)	high	dis	(565, 619)	N	dif	hori	left	True	90559	92384	left	1	1	26
3	zhx	f	21	1	40	diamond	green	(645, 428)	high	dis	(565, 460)	N	dif	vert	up	True	93405	95241	left	0	1	27
3	zhx	f	21	1	40	circle	red	(645, 652)	low	dis	(645, 428)	Y	same	hori	left	True	97893	99544	left	1	1	28
3	zhx	f	21	1	40	circle	green	(724, 460)	low	no	no_dis	N	dif	hori	left	True	100583	101857	left	1	1	29
3	zhx	f	21	1	40	diamond	green	(724, 619)	low	dis	(724, 460)	N	same	vert	up	True	102946	104273	up	1	1	30
3	zhx	f	21	1	40	diamond	green	(565, 460)	low	no	no_dis	N	same	vert	up	True	105406	107025	up	1	1	31
3	zhx	f	21	1	40	circle	green	(565, 619)	low	dis	(645, 428)	Y	same	hori	left	True	108045	109873	left	1	1	32
3	zhx	f	21	1	40	diamond	red	(533, 540)	low	dis	(565, 619)	N	same	vert	up	True	110988	112145	up	1	1	33
3	zhx	f	21	1	40	circle	green	(645, 428)	high	no	no_dis	N	same	hori	left	True	113192	114577	left	1	1	34
3	zhx	f	21	1	40	circle	green	(645, 428)	high	no	no_dis	N	dif	vert	up	True	115608	116689	up	1	1	35
3	zhx	f	21	1	40	diamond	red	(645, 428)	high	dis	(565, 619)	N	same	hori	left	True	117803	119649	left	1	1	36
3	zhx	f	21	1	40	circle	green	(724, 460)	low	dis	(565, 619)	N	dif	hori	left	True	120727	122265	left	1	1	37
3	zhx	f	21	1	40	diamond	red	(724, 460)	low	dis	(645, 428)	Y	dif	vert	up	True	123373	124809	left	0	1	38
3	zhx	f	21	1	40	circle	green	(565, 460)	low	dis	(724, 619)	N	dif	vert	up	True	127520	128873	up	1	1	39
3	zhx	f	21	1	40	diamond	green	(645, 428)	high	dis	(565, 460)	N	dif	vert	up	True	129945	132145	up	1	1	40
3	zhx	f	21	1	40	circle	green	(645, 428)	high	dis	(565, 460)	N	same	vert	up	True	133217	134873	up	1	1	41
3	zhx	f	21	1	40	diamond	green	(565, 619)	low	dis	(565, 460)	N	dif	hori	left	True	135896	137385	left	1	1	42
3	zhx	f	21	1	40	diamond	red	(645, 428)	high	no	no_dis	N	dif	hori	left	True	138423	140225	left	1	1	43
3	zhx	f	21	1	40	diamond	green	(533, 540)	low	dis	(757, 540)	N	dif	vert	up	True	141286	142617	up	1	1	44
3	zhx	f	21	1	40	circle	green	(645, 428)	high	dis	(565, 460)	N	same	hori	left	True	143859	145200	left	1	1	45
3	zhx	f	21	1	40	diamond	red	(565, 619)	low	dis	(724, 619)	N	dif	hori	left	True	146278	147488	up	0	1	46
3	zhx	f	21	1	40	diamond	green	(645, 428)	high	dis	(645, 652)	N	dif	hori	left	True	150097	151568	left	1	1	47
3	zhx	f	21	1	40	circle	red	(565, 619)	low	no	no_dis	N	same	vert	up	True	152581	154065	up	1	1	48
3	zhx	f	21	1	40	circle	green	(645, 428)	high	no	no_dis	N	same	vert	up	True	155207	156257	up	1	1	49
3	zhx	f	21	1	40	diamond	red	(724, 460)	low	no	no_dis	N	same	hori	left	True	157358	158473	left	1	1	50
3	zhx	f	21	1	40	diamond	red	(565, 460)	low	dis	(533, 540)	N	dif	hori	left	True	159639	162033	left	1	1	51
3	zhx	f	21	1	40	circle	red	(565, 619)	low	dis	(724, 619)	N	same	hori	left	True	163110	164777	up	0	1	52
3	zhx	f	21	1	40	circle	green	(757, 540)	low	no	no_dis	N	same	vert	up	True	167504	169225	up	1	1	53
3	zhx	f	21	1	40	circle	green	(565, 619)	low	no	no_dis	N	dif	hori	left	True	170229	171553	up	0	1	54
3	zhx	f	21	1	40	circle	red	(565, 619)	low	dis	(645, 428)	Y	same	hori	left	True	174300	175641	left	1	1	55
3	zhx	f	21	1	40	diamond	green	(645, 428)	high	dis	(565, 460)	N	same	vert	up	True	176774	179273	up	1	1	56
3	zhx	f	21	1	40	circle	green	(724, 619)	low	dis	(645, 428)	Y	dif	vert	up	True	180489	182097	up	1	1	57
3	zhx	f	21	1	40	diamond	green	(645, 428)	high	no	no_dis	N	dif	vert	up	True	183190	184561	up	1	1	58
3	zhx	f	21	1	40	circle	green	(645, 428)	high	dis	(645, 652)	N	same	vert	up	True	185725	187384	up	1	1	59
3	zhx	f	21	1	40	circle	red	(645, 428)	high	dis	(724, 460)	N	same	hori	left	True	188499	190777	left	1	1	60
3	zhx	f	21	1	40	diamond	green	(533, 540)	low	dis	(645, 652)	N	dif	hori	left	True	191928	194033	left	1	1	61
3	zhx	f	21	1	40	diamond	red	(645, 428)	high	dis	(533, 540)	N	dif	hori	left	True	195242	197184	left	1	1	62
3	zhx	f	21	1	40	diamond	green	(757, 540)	low	dis	(645, 652)	N	dif	hori	left	True	198433	199985	left	1	1	63
3	zhx	f	21	1	40	diamond	red	(724, 619)	low	no	no_dis	N	same	hori	left	True	201001	202329	left	1	1	64
3	zhx	f	21	1	40	diamond	red	(724, 619)	low	dis	(565, 619)	N	dif	vert	up	True	203357	205065	left	0	1	65
3	zhx	f	21	1	40	circle	red	(565, 460)	low	dis	(757, 540)	N	dif	vert	up	True	207605	209121	up	1	1	66
3	zhx	f	21	1	40	circle	green	(645, 428)	high	dis	(724, 460)	N	dif	vert	up	True	210228	211881	left	0	1	67
3	zhx	f	21	1	40	diamond	red	(533, 540)	low	dis	(724, 460)	N	dif	hori	left	True	214436	215865	left	1	1	68
3	zhx	f	21	1	40	circle	red	(757, 540)	low	no	no_dis	N	dif	hori	left	True	216962	218105	left	1	1	69
3	zhx	f	21	1	40	circle	green	(645, 428)	high	dis	(645, 652)	N	dif	hori	left	True	219201	220745	left	1	1	70
3	zhx	f	21	1	40	diamond	green	(645, 428)	high	dis	(757, 540)	N	dif	hori	left	True	221803	223457	up	0	1	71
3	zhx	f	21	1	40	diamond	red	(645, 428)	high	no	no_dis	N	same	hori	left	True	226160	227777	left	1	1	72
3	zhx	f	21	1	40	circle	green	(565, 460)	low	no	no_dis	N	same	hori	left	True	228950	231089	left	1	1	73
3	zhx	f	21	1	40	diamond	red	(565, 460)	low	dis	(757, 540)	N	same	hori	left	True	232300	233313	left	1	1	74
3	zhx	f	21	1	40	circle	red	(645, 428)	high	no	no_dis	N	same	vert	up	True	234341	235481	up	1	1	75
3	zhx	f	21	1	40	circle	red	(533, 540)	low	dis	(724, 460)	N	same	vert	up	True	236658	238073	up	1	1	76
3	zhx	f	21	1	40	diamond	red	(724, 460)	low	no	no_dis	N	dif	vert	up	True	239292	240393	up	1	1	77
3	zhx	f	21	1	40	diamond	red	(565, 460)	low	dis	(645, 428)	Y	same	vert	up	True	241442	243441	up	1	1	78
3	zhx	f	21	1	40	diamond	green	(724, 460)	low	dis	(645, 652)	N	dif	vert	up	True	244649	246081	up	1	1	79
3	zhx	f	21	1	40	diamond	green	(645, 428)	high	no	no_dis	N	same	hori	left	True	247104	248169	left	1	1	80
3	zhx	f	21	1	40	circle	red	(645, 652)	low	no	no_dis	N	dif	hori	left	True	249210	250465	left	1	1	81
3	zhx	f	21	1	40	circle	red	(645, 428)	high	dis	(757, 540)	N	dif	hori	left	True	251539	253257	left	1	1	82
3	zhx	f	21	1	40	diamond	red	(757, 540)	low	no	no_dis	N	same	hori	left	True	254275	255865	up	0	1	83
3	zhx	f	21	1	40	circle	red	(645, 428)	high	dis	(724, 460)	N	dif	hori	left	True	258576	260553	left	1	1	84
3	zhx	f	21	1	40	diamond	red	(645, 428)	high	dis	(724, 619)	N	dif	vert	up	True	261660	264137	up	1	1	85
3	zhx	f	21	1	40	circle	green	(724, 619)	low	no	no_dis	N	dif	vert	up	True	265293	267073	up	1	1	86
3	zhx	f	21	1	40	diamond	red	(645, 428)	high	dis	(724, 460)	N	same	vert	up	True	268175	269825	up	1	1	87
3	zhx	f	21	1	40	diamond	green	(645, 428)	high	no	no_dis	N	dif	vert	up	True	270845	272217	up	1	1	88
3	zhx	f	21	1	40	circle	green	(645, 428)	high	no	no_dis	N	same	vert	up	True	273431	274881	up	1	1	89
3	zhx	f	21	1	40	circle	red	(724, 460)	low	dis	(565, 619)	N	same	hori	left	True	275886	277297	left	1	1	90
3	zhx	f	21	1	40	circle	red	(645, 428)	high	dis	(757, 540)	N	same	vert	up	True	278364	280097	up	1	1	91
3	zhx	f	21	1	40	circle	green	(645, 428)	high	dis	(724, 619)	N	same	vert	up	True	281201	282961	up	1	1	92
3	zhx	f	21	1	40	diamond	red	(645, 428)	high	dis	(724, 619)	N	same	vert	up	True	284106	285409	up	1	1	93
3	zhx	f	21	1	40	circle	red	(645, 652)	low	dis	(724, 619)	N	same	vert	up	True	286626	288345	up	1	1	94
3	zhx	f	21	1	40	circle	green	(565, 460)	low	dis	(533, 540)	N	dif	hori	left	True	289509	290889	left	1	1	95
3	zhx	f	21	1	40	diamond	red	(645, 428)	high	dis	(533, 540)	N	dif	vert	up	True	292120	294121	up	1	1	96
3	zhx	f	21	1	40	circle	red	(724, 460)	low	dis	(533, 540)	N	dif	vert	up	True	295370	296641	up	1	1	97
3	zhx	f	21	1	40	circle	green	(645, 428)	high	dis	(724, 619)	N	dif	vert	up	True	297809	298777	up	1	1	98
3	zhx	f	21	1	40	diamond	red	(645, 428)	high	no	no_dis	N	dif	hori	left	True	299899	301345	left	1	1	99
3	zhx	f	21	1	40	diamond	green	(645, 652)	low	no	no_dis	N	same	hori	left	True	302418	303441	left	1	1	100
3	zhx	f	21	1	40	diamond	red	(757, 540)	low	dis	(645, 652)	N	dif	vert	up	True	304528	305801	up	1	1	101
3	zhx	f	21	1	40	diamond	green	(645, 652)	low	no	no_dis	N	same	hori	left	True	307031	308817	left	1	1	102
3	zhx	f	21	1	40	circle	green	(533, 540)	low	dis	(757, 540)	N	same	hori	left	True	309896	311137	left	1	1	103
3	zhx	f	21	1	40	diamond	red	(645, 652)	low	dis	(533, 540)	N	dif	vert	up	True	312326	313713	up	1	1	104
3	zhx	f	21	1	40	circle	green	(724, 460)	low	dis	(565, 460)	N	dif	hori	left	True	314753	316121	left	1	1	105
3	zhx	f	21	1	40	diamond	green	(533, 540)	low	no	no_dis	N	same	vert	up	True	317327	319049	up	1	1	106
3	zhx	f	21	1	40	diamond	red	(724, 619)	low	no	no_dis	N	dif	vert	up	True	320261	321721	up	1	1	107
3	zhx	f	21	1	40	circle	green	(757, 540)	low	dis	(533, 540)	N	dif	vert	up	True	322866	323873	up	1	1	108
3	zhx	f	21	1	40	diamond	green	(645, 428)	high	dis	(533, 540)	N	dif	hori	left	True	324895	325809	up	0	1	109
3	zhx	f	21	1	40	diamond	red	(724, 460)	low	dis	(757, 540)	N	same	vert	up	True	328400	329681	up	1	1	110
3	zhx	f	21	1	40	diamond	red	(645, 428)	high	dis	(724, 460)	N	dif	vert	up	True	330862	332434	up	1	1	111
3	zhx	f	21	1	40	circle	green	(645, 652)	low	dis	(565, 619)	N	dif	hori	left	True	333637	334849	up	0	1	112
3	zhx	f	21	1	40	diamond	red	(565, 460)	low	no	no_dis	N	dif	vert	up	True	337599	338857	up	1	1	113
3	zhx	f	21	1	40	circle	red	(645, 428)	high	no	no_dis	N	dif	vert	up	True	340037	341889	up	1	1	114
3	zhx	f	21	1	40	circle	green	(645, 428)	high	dis	(645, 652)	N	dif	vert	up	True	343074	344705	up	1	1	115
3	zhx	f	21	1	40	circle	red	(645, 428)	high	no	no_dis	N	dif	hori	left	True	345774	347913	left	1	1	116
3	zhx	f	21	1	40	circle	red	(645, 652)	low	dis	(565, 460)	N	same	hori	left	True	349007	350521	left	1	1	117
3	zhx	f	21	1	40	diamond	green	(645, 652)	low	dis	(724, 460)	N	same	vert	up	True	351639	352921	up	1	1	118
3	zhx	f	21	1	40	diamond	green	(645, 428)	high	dis	(645, 652)	N	same	hori	left	True	354111	356161	left	1	1	119
3	zhx	f	21	1	40	diamond	green	(645, 428)	high	no	no_dis	N	dif	hori	left	True	357307	358513	left	1	1	120
3	zhx	f	21	1	40	diamond	red	(645, 428)	high	no	no_dis	N	dif	vert	up	True	417439	418481	up	1	2	1
3	zhx	f	21	1	40	diamond	red	(533, 540)	low	dis	(757, 540)	N	dif	vert	up	True	419649	421241	up	1	2	2
3	zhx	f	21	1	40	diamond	green	(645, 428)	high	dis	(724, 619)	N	same	vert	up	True	422438	424130	up	1	2	3
3	zhx	f	21	1	40	diamond	red	(757, 540)	low	dis	(533, 540)	N	dif	hori	left	True	425215	426361	left	1	2	4
3	zhx	f	21	1	40	diamond	green	(565, 619)	low	no	no_dis	N	same	hori	left	True	427552	428769	left	1	2	5
3	zhx	f	21	1	40	diamond	red	(724, 460)	low	no	no_dis	N	dif	hori	left	True	429954	431393	left	1	2	6
3	zhx	f	21	1	40	circle	red	(645, 652)	low	dis	(565, 619)	N	same	vert	up	True	432573	433561	up	1	2	7
3	zhx	f	21	1	40	circle	green	(645, 428)	high	no	no_dis	N	dif	vert	up	True	434600	435761	up	1	2	8
3	zhx	f	21	1	40	circle	green	(724, 460)	low	dis	(645, 428)	Y	dif	hori	left	True	436957	438449	left	1	2	9
3	zhx	f	21	1	40	diamond	red	(724, 460)	low	dis	(724, 619)	N	same	hori	left	True	439611	441209	left	1	2	10
3	zhx	f	21	1	40	circle	green	(645, 428)	high	no	no_dis	N	same	hori	left	True	442253	443737	left	1	2	11
3	zhx	f	21	1	40	diamond	red	(724, 619)	low	dis	(533, 540)	N	same	vert	up	True	444986	445994	up	1	2	12
3	zhx	f	21	1	40	diamond	green	(645, 428)	high	dis	(757, 540)	N	same	hori	left	True	447029	448834	left	1	2	13
3	zhx	f	21	1	40	diamond	green	(724, 619)	low	dis	(757, 540)	N	dif	vert	up	True	449947	451065	up	1	2	14
3	zhx	f	21	1	40	diamond	red	(533, 540)	low	dis	(565, 619)	N	same	vert	up	True	452099	453361	up	1	2	15
3	zhx	f	21	1	40	diamond	red	(645, 428)	high	dis	(533, 540)	N	dif	hori	left	True	454412	455793	left	1	2	16
3	zhx	f	21	1	40	diamond	red	(645, 428)	high	dis	(565, 460)	N	dif	vert	up	True	456890	458225	up	1	2	17
3	zhx	f	21	1	40	diamond	green	(533, 540)	low	dis	(645, 652)	N	dif	hori	left	True	459299	461057	left	1	2	18
3	zhx	f	21	1	40	circle	green	(645, 652)	low	dis	(533, 540)	N	dif	hori	left	True	462165	463705	left	1	2	19
3	zhx	f	21	1	40	circle	red	(645, 428)	high	dis	(757, 540)	N	same	vert	up	True	464795	465857	up	1	2	20
3	zhx	f	21	1	40	circle	green	(645, 428)	high	dis	(724, 619)	N	dif	vert	up	True	466904	468417	up	1	2	21
3	zhx	f	21	1	40	diamond	red	(565, 460)	low	no	no_dis	N	same	vert	up	True	469559	470929	up	1	2	22
3	zhx	f	21	1	40	circle	red	(645, 652)	low	dis	(565, 460)	N	same	hori	left	True	471936	473281	left	1	2	23
3	zhx	f	21	1	40	circle	red	(645, 428)	high	dis	(757, 540)	N	dif	vert	up	True	474378	475953	up	1	2	24
3	zhx	f	21	1	40	diamond	green	(565, 619)	low	no	no_dis	N	same	vert	up	True	477083	478985	up	1	2	25
3	zhx	f	21	1	40	diamond	red	(757, 540)	low	no	no_dis	N	dif	vert	up	True	480159	481577	up	1	2	26
3	zhx	f	21	1	40	circle	red	(565, 460)	low	no	no_dis	N	dif	hori	left	True	482777	484042	left	1	2	27
3	zhx	f	21	1	40	diamond	red	(565, 460)	low	dis	(645, 428)	Y	same	vert	up	True	485254	486657	up	1	2	28
3	zhx	f	21	1	40	circle	red	(565, 619)	low	dis	(645, 428)	Y	dif	hori	left	True	487851	488850	left	1	2	29
3	zhx	f	21	1	40	diamond	red	(565, 619)	low	dis	(645, 428)	Y	dif	vert	up	True	489908	491273	up	1	2	30
3	zhx	f	21	1	40	diamond	red	(645, 428)	high	dis	(565, 460)	N	dif	hori	left	True	492342	493482	left	1	2	31
3	zhx	f	21	1	40	diamond	green	(757, 540)	low	dis	(533, 540)	N	same	hori	left	True	494667	496210	left	1	2	32
3	zhx	f	21	1	40	diamond	red	(724, 460)	low	dis	(645, 428)	Y	dif	vert	up	True	497457	500210	up	1	2	33
3	zhx	f	21	1	40	circle	red	(645, 428)	high	dis	(645, 652)	N	same	vert	up	True	501295	502842	up	1	2	34
3	zhx	f	21	1	40	circle	red	(645, 428)	high	dis	(565, 619)	N	same	vert	up	True	504002	505737	up	1	2	35
3	zhx	f	21	1	40	diamond	green	(757, 540)	low	dis	(724, 460)	N	same	vert	up	True	506740	507938	up	1	2	36
3	zhx	f	21	1	40	circle	green	(565, 619)	low	dis	(645, 652)	N	dif	hori	left	True	509019	510249	left	1	2	37
3	zhx	f	21	1	40	diamond	red	(645, 428)	high	dis	(724, 619)	N	dif	hori	left	True	511320	512985	left	1	2	38
3	zhx	f	21	1	40	circle	red	(565, 619)	low	no	no_dis	N	same	vert	up	True	514220	515969	up	1	2	39
3	zhx	f	21	1	40	diamond	green	(645, 428)	high	no	no_dis	N	same	vert	up	True	517156	518721	up	1	2	40
3	zhx	f	21	1	40	circle	red	(533, 540)	low	no	no_dis	N	dif	vert	up	True	519928	521345	up	1	2	41
3	zhx	f	21	1	40	circle	green	(645, 652)	low	dis	(724, 619)	N	dif	vert	up	True	522375	523802	up	1	2	42
3	zhx	f	21	1	40	circle	red	(645, 428)	high	dis	(533, 540)	N	dif	vert	up	True	524939	526810	left	0	2	43
3	zhx	f	21	1	40	circle	green	(645, 428)	high	dis	(645, 652)	N	same	vert	up	True	529502	530617	up	1	2	44
3	zhx	f	21	1	40	diamond	green	(565, 619)	low	dis	(757, 540)	N	same	hori	left	True	531863	533218	left	1	2	45
3	zhx	f	21	1	40	circle	green	(724, 460)	low	dis	(565, 619)	N	same	hori	left	True	534274	535705	left	1	2	46
3	zhx	f	21	1	40	diamond	red	(645, 428)	high	dis	(724, 619)	N	same	hori	left	True	536713	537801	left	1	2	47
3	zhx	f	21	1	40	diamond	red	(565, 460)	low	no	no_dis	N	same	vert	up	True	538933	540178	up	1	2	48
3	zhx	f	21	1	40	diamond	green	(565, 619)	low	dis	(645, 428)	Y	same	hori	left	True	541189	543410	up	0	2	49
3	zhx	f	21	1	40	circle	red	(565, 460)	low	dis	(645, 652)	N	same	vert	up	True	545975	547489	up	1	2	50
3	zhx	f	21	1	40	circle	green	(645, 428)	high	dis	(565, 619)	N	same	vert	up	True	548711	550522	up	1	2	51
3	zhx	f	21	1	40	diamond	red	(645, 428)	high	dis	(565, 460)	N	same	hori	left	True	551654	552874	left	1	2	52
3	zhx	f	21	1	40	circle	green	(724, 460)	low	no	no_dis	N	dif	vert	up	True	554063	555641	up	1	2	53
3	zhx	f	21	1	40	diamond	red	(645, 428)	high	no	no_dis	N	dif	hori	left	True	556686	558497	left	1	2	54
3	zhx	f	21	1	40	diamond	green	(533, 540)	low	dis	(565, 619)	N	same	vert	up	True	559591	561425	up	1	2	55
3	zhx	f	21	1	40	circle	red	(757, 540)	low	dis	(565, 619)	N	same	hori	left	True	562497	564265	left	1	2	56
3	zhx	f	21	1	40	circle	green	(645, 428)	high	no	no_dis	N	same	vert	up	True	565331	566441	up	1	2	57
3	zhx	f	21	1	40	diamond	green	(645, 428)	high	dis	(533, 540)	N	dif	hori	left	True	567658	568937	left	1	2	58
3	zhx	f	21	1	40	diamond	red	(645, 428)	high	dis	(565, 619)	N	same	vert	up	True	570164	571970	up	1	2	59
3	zhx	f	21	1	40	diamond	green	(645, 428)	high	dis	(533, 540)	N	dif	vert	up	True	573093	575322	up	1	2	60
3	zhx	f	21	1	40	circle	green	(724, 619)	low	dis	(565, 460)	N	same	hori	left	True	576512	577914	left	1	2	61
3	zhx	f	21	1	40	diamond	red	(724, 619)	low	dis	(645, 428)	Y	dif	hori	left	True	578930	581161	left	1	2	62
3	zhx	f	21	1	40	diamond	green	(645, 428)	high	no	no_dis	N	same	hori	left	True	582382	583441	left	1	2	63
3	zhx	f	21	1	40	circle	green	(533, 540)	low	dis	(645, 652)	N	same	vert	up	True	584505	586762	up	1	2	64
3	zhx	f	21	1	40	circle	red	(645, 652)	low	no	no_dis	N	same	hori	left	True	587781	589282	left	1	2	65
3	zhx	f	21	1	40	circle	red	(533, 540)	low	no	no_dis	N	same	hori	left	True	590424	591930	left	1	2	66
3	zhx	f	21	1	40	circle	green	(645, 428)	high	dis	(645, 652)	N	same	hori	left	True	592975	593930	left	1	2	67
3	zhx	f	21	1	40	circle	red	(645, 428)	high	no	no_dis	N	same	vert	up	True	594945	596201	up	1	2	68
3	zhx	f	21	1	40	diamond	green	(565, 460)	low	dis	(645, 428)	Y	same	vert	up	True	597294	599202	up	1	2	69
3	zhx	f	21	1	40	circle	green	(645, 428)	high	dis	(757, 540)	N	dif	hori	left	True	600282	601929	left	1	2	70
3	zhx	f	21	1	40	diamond	green	(724, 460)	low	dis	(724, 619)	N	same	vert	up	True	602977	605449	up	1	2	71
3	zhx	f	21	1	40	circle	green	(757, 540)	low	no	no_dis	N	dif	hori	left	True	606700	607697	left	1	2	72
3	zhx	f	21	1	40	circle	red	(724, 460)	low	dis	(533, 540)	N	dif	vert	up	True	608713	609826	up	1	2	73
3	zhx	f	21	1	40	diamond	red	(645, 428)	high	no	no_dis	N	same	hori	left	True	610833	612313	left	1	2	74
3	zhx	f	21	1	40	circle	red	(645, 428)	high	no	no_dis	N	dif	vert	up	True	613374	615066	up	1	2	75
3	zhx	f	21	1	40	circle	green	(645, 428)	high	no	no_dis	N	dif	hori	left	True	616161	617322	left	1	2	76
3	zhx	f	21	1	40	diamond	red	(645, 428)	high	no	no_dis	N	dif	hori	left	True	618326	620778	left	1	2	77
3	zhx	f	21	1	40	diamond	green	(757, 540)	low	dis	(565, 460)	N	dif	hori	left	True	621899	623505	left	1	2	78
3	zhx	f	21	1	40	diamond	red	(645, 428)	high	dis	(724, 460)	N	same	hori	left	True	624604	626226	left	1	2	79
3	zhx	f	21	1	40	diamond	green	(724, 619)	low	no	no_dis	N	dif	hori	left	True	627400	628370	left	1	2	80
3	zhx	f	21	1	40	circle	red	(724, 460)	low	dis	(724, 619)	N	dif	vert	up	True	629436	630825	up	1	2	81
3	zhx	f	21	1	40	diamond	green	(645, 652)	low	dis	(724, 619)	N	same	hori	left	True	631958	633674	up	0	2	82
3	zhx	f	21	1	40	circle	red	(645, 428)	high	dis	(565, 460)	N	dif	hori	left	True	636383	637522	left	1	2	83
3	zhx	f	21	1	40	diamond	green	(645, 652)	low	no	no_dis	N	dif	vert	up	True	638727	639689	up	1	2	84
3	zhx	f	21	1	40	circle	green	(645, 428)	high	dis	(565, 619)	N	dif	vert	up	True	640852	642226	up	1	2	85
3	zhx	f	21	1	40	circle	red	(645, 428)	high	dis	(724, 460)	N	same	hori	left	False	643400	None	None	0	2	86
3	zhx	f	21	1	40	circle	green	(565, 460)	low	dis	(645, 652)	N	same	hori	left	True	649005	650218	left	1	2	87
3	zhx	f	21	1	40	diamond	green	(645, 428)	high	dis	(724, 619)	N	dif	vert	up	True	651319	652801	up	1	2	88
3	zhx	f	21	1	40	diamond	green	(757, 540)	low	no	no_dis	N	dif	hori	left	True	653910	654922	left	1	2	89
3	zhx	f	21	1	40	diamond	green	(645, 428)	high	dis	(757, 540)	N	dif	hori	left	True	655996	657393	left	1	2	90
3	zhx	f	21	1	40	circle	red	(645, 428)	high	no	no_dis	N	dif	hori	left	True	658423	659482	left	1	2	91
3	zhx	f	21	1	40	circle	green	(565, 619)	low	no	no_dis	N	dif	vert	up	True	660519	661458	up	1	2	92
3	zhx	f	21	1	40	circle	green	(565, 460)	low	no	no_dis	N	same	hori	left	True	662641	663650	left	1	2	93
3	zhx	f	21	1	40	diamond	red	(724, 619)	low	no	no_dis	N	same	vert	up	True	664830	665721	up	1	2	94
3	zhx	f	21	1	40	diamond	red	(724, 619)	low	dis	(645, 428)	Y	dif	vert	up	True	666834	668201	up	1	2	95
3	zhx	f	21	1	40	circle	red	(645, 652)	low	dis	(757, 540)	N	same	hori	left	True	669208	670090	left	1	2	96
3	zhx	f	21	1	40	diamond	red	(645, 652)	low	dis	(724, 460)	N	dif	vert	up	True	671145	672057	up	1	2	97
3	zhx	f	21	1	40	circle	green	(645, 428)	high	dis	(565, 460)	N	same	vert	up	True	673077	675121	up	1	2	98
3	zhx	f	21	1	40	circle	red	(724, 619)	low	dis	(565, 460)	N	same	vert	up	True	676273	677394	up	1	2	99
3	zhx	f	21	1	40	diamond	red	(565, 460)	low	dis	(724, 460)	N	same	vert	up	True	678409	679618	up	1	2	100
3	zhx	f	21	1	40	circle	green	(565, 460)	low	dis	(645, 428)	Y	same	hori	left	True	680667	682233	left	1	2	101
3	zhx	f	21	1	40	circle	red	(645, 428)	high	no	no_dis	N	same	vert	up	True	683243	684458	up	1	2	102
3	zhx	f	21	1	40	circle	green	(757, 540)	low	dis	(565, 619)	N	dif	hori	left	True	685668	687057	left	1	2	103
3	zhx	f	21	1	40	diamond	green	(645, 428)	high	no	no_dis	N	same	hori	left	True	688193	689922	left	1	2	104
3	zhx	f	21	1	40	circle	red	(724, 619)	low	no	no_dis	N	dif	vert	up	True	691100	692177	up	1	2	105
3	zhx	f	21	1	40	diamond	green	(645, 428)	high	no	no_dis	N	dif	vert	up	True	693328	694881	up	1	2	106
3	zhx	f	21	1	40	circle	green	(645, 428)	high	dis	(724, 460)	N	dif	vert	up	True	695951	697657	up	1	2	107
3	zhx	f	21	1	40	circle	red	(757, 540)	low	dis	(724, 460)	N	dif	hori	left	True	698741	699913	left	1	2	108
3	zhx	f	21	1	40	circle	green	(724, 619)	low	dis	(724, 460)	N	dif	hori	left	True	701124	702754	left	1	2	109
3	zhx	f	21	1	40	diamond	green	(565, 619)	low	dis	(757, 540)	N	dif	vert	up	True	703842	704897	up	1	2	110
3	zhx	f	21	1	40	circle	red	(645, 428)	high	dis	(724, 460)	N	dif	hori	left	True	706112	708162	left	1	2	111
3	zhx	f	21	1	40	circle	red	(565, 619)	low	dis	(533, 540)	N	dif	hori	left	True	709404	711818	left	1	2	112
3	zhx	f	21	1	40	circle	green	(724, 460)	low	no	no_dis	N	dif	hori	left	True	712954	714345	left	1	2	113
3	zhx	f	21	1	40	diamond	green	(645, 428)	high	dis	(645, 652)	N	same	hori	left	True	715457	716762	left	1	2	114
3	zhx	f	21	1	40	circle	green	(533, 540)	low	dis	(724, 460)	N	dif	vert	up	True	717797	719650	up	1	2	115
3	zhx	f	21	1	40	diamond	red	(645, 652)	low	no	no_dis	N	same	vert	up	True	720836	721994	up	1	2	116
3	zhx	f	21	1	40	circle	red	(533, 540)	low	dis	(565, 460)	N	dif	vert	up	True	723011	724009	up	1	2	117
3	zhx	f	21	1	40	diamond	green	(645, 652)	low	no	no_dis	N	same	hori	left	True	725047	726137	left	1	2	118
3	zhx	f	21	1	40	circle	green	(533, 540)	low	no	no_dis	N	same	hori	left	True	727186	728186	left	1	2	119
3	zhx	f	21	1	40	diamond	green	(645, 428)	high	dis	(645, 652)	N	same	hori	left	True	729308	731354	left	1	2	120
3	zhx	f	21	1	40	circle	red	(565, 619)	low	dis	(724, 460)	N	dif	hori	left	True	764890	766130	left	1	3	1
3	zhx	f	21	1	40	circle	green	(724, 460)	low	dis	(724, 619)	N	dif	vert	up	True	767275	768162	up	1	3	2
3	zhx	f	21	1	40	circle	red	(724, 619)	low	no	no_dis	N	same	vert	up	True	769225	770441	up	1	3	3
3	zhx	f	21	1	40	diamond	red	(565, 460)	low	no	no_dis	N	same	vert	up	True	771465	773274	up	1	3	4
3	zhx	f	21	1	40	circle	green	(757, 540)	low	dis	(533, 540)	N	same	hori	left	True	774288	775338	left	1	3	5
3	zhx	f	21	1	40	circle	green	(645, 428)	high	no	no_dis	N	same	vert	up	True	776553	777386	up	1	3	6
3	zhx	f	21	1	40	diamond	green	(645, 428)	high	no	no_dis	N	same	hori	left	True	778511	780258	left	1	3	7
3	zhx	f	21	1	40	diamond	red	(645, 428)	high	no	no_dis	N	dif	vert	up	True	781466	782426	up	1	3	8
3	zhx	f	21	1	40	circle	red	(645, 428)	high	dis	(565, 460)	N	same	vert	up	True	783584	784777	up	1	3	9
3	zhx	f	21	1	40	circle	green	(645, 428)	high	dis	(565, 460)	N	dif	hori	left	True	785844	786913	left	1	3	10
3	zhx	f	21	1	40	diamond	red	(565, 460)	low	dis	(533, 540)	N	dif	vert	up	True	788161	789705	up	1	3	11
3	zhx	f	21	1	40	circle	green	(565, 619)	low	no	no_dis	N	dif	vert	up	True	790781	792034	up	1	3	12
3	zhx	f	21	1	40	circle	green	(565, 460)	low	dis	(645, 652)	N	same	vert	up	True	793241	794810	up	1	3	13
3	zhx	f	21	1	40	circle	green	(565, 460)	low	dis	(533, 540)	N	dif	hori	left	True	795866	797033	up	0	3	14
3	zhx	f	21	1	40	diamond	green	(724, 460)	low	no	no_dis	N	same	vert	up	True	799663	800681	up	1	3	15
3	zhx	f	21	1	40	circle	red	(645, 428)	high	dis	(724, 619)	N	same	vert	up	True	801902	803506	up	1	3	16
3	zhx	f	21	1	40	diamond	green	(565, 460)	low	no	no_dis	N	dif	vert	up	True	804719	806241	up	1	3	17
3	zhx	f	21	1	40	diamond	green	(757, 540)	low	no	no_dis	N	same	hori	left	True	807400	808633	left	1	3	18
3	zhx	f	21	1	40	diamond	green	(533, 540)	low	no	no_dis	N	dif	hori	left	True	809800	811010	left	1	3	19
3	zhx	f	21	1	40	diamond	red	(565, 619)	low	no	no_dis	N	same	hori	left	True	812085	813258	left	1	3	20
3	zhx	f	21	1	40	diamond	green	(645, 428)	high	no	no_dis	N	same	hori	left	True	814355	815361	left	1	3	21
3	zhx	f	21	1	40	circle	green	(724, 619)	low	dis	(565, 619)	N	same	hori	left	True	816419	817657	left	1	3	22
3	zhx	f	21	1	40	circle	red	(645, 428)	high	no	no_dis	N	same	vert	up	True	818747	819778	up	1	3	23
3	zhx	f	21	1	40	diamond	green	(533, 540)	low	dis	(724, 619)	N	dif	vert	up	True	821023	822234	up	1	3	24
3	zhx	f	21	1	40	diamond	green	(724, 460)	low	dis	(724, 619)	N	same	vert	up	True	823310	824761	up	1	3	25
3	zhx	f	21	1	40	circle	red	(645, 428)	high	no	no_dis	N	same	vert	up	True	825941	827794	up	1	3	26
3	zhx	f	21	1	40	diamond	green	(645, 428)	high	dis	(757, 540)	N	dif	vert	up	True	828814	830450	up	1	3	27
3	zhx	f	21	1	40	circle	green	(724, 619)	low	dis	(645, 652)	N	dif	vert	up	True	831666	834026	left	0	3	28
3	zhx	f	21	1	40	diamond	green	(757, 540)	low	no	no_dis	N	dif	hori	left	True	836597	838545	left	1	3	29
3	zhx	f	21	1	40	diamond	green	(645, 652)	low	dis	(757, 540)	N	dif	hori	left	True	839583	840938	left	1	3	30
3	zhx	f	21	1	40	circle	red	(645, 652)	low	dis	(724, 460)	N	dif	vert	up	True	841963	843361	up	1	3	31
3	zhx	f	21	1	40	circle	red	(724, 460)	low	dis	(565, 619)	N	dif	hori	left	True	844513	845353	left	1	3	32
3	zhx	f	21	1	40	circle	red	(724, 619)	low	no	no_dis	N	dif	vert	up	True	846588	847858	up	1	3	33
3	zhx	f	21	1	40	circle	green	(757, 540)	low	no	no_dis	N	dif	hori	left	True	849055	849810	left	1	3	34
3	zhx	f	21	1	40	circle	green	(645, 428)	high	no	no_dis	N	same	hori	left	True	850852	851601	left	1	3	35
3	zhx	f	21	1	40	circle	red	(645, 428)	high	dis	(565, 619)	N	dif	hori	left	True	852820	854226	left	1	3	36
3	zhx	f	21	1	40	diamond	red	(565, 460)	low	dis	(645, 428)	Y	same	vert	up	True	855447	856586	up	1	3	37
3	zhx	f	21	1	40	diamond	red	(645, 652)	low	no	no_dis	N	same	hori	left	True	857819	858674	left	1	3	38
3	zhx	f	21	1	40	diamond	red	(645, 652)	low	no	no_dis	N	same	hori	left	True	859892	861313	left	1	3	39
3	zhx	f	21	1	40	diamond	red	(645, 428)	high	no	no_dis	N	dif	vert	up	True	862500	863586	up	1	3	40
3	zhx	f	21	1	40	diamond	green	(757, 540)	low	dis	(724, 619)	N	dif	hori	left	True	864720	865810	left	1	3	41
3	zhx	f	21	1	40	diamond	green	(645, 428)	high	dis	(645, 652)	N	dif	hori	left	True	866909	867650	left	1	3	42
3	zhx	f	21	1	40	diamond	green	(645, 428)	high	dis	(645, 652)	N	dif	hori	left	True	868895	869714	left	1	3	43
3	zhx	f	21	1	40	circle	green	(645, 428)	high	dis	(533, 540)	N	dif	vert	up	True	870884	873058	up	1	3	44
3	zhx	f	21	1	40	diamond	green	(645, 428)	high	dis	(565, 619)	N	same	vert	up	True	874305	875562	up	1	3	45
3	zhx	f	21	1	40	circle	red	(565, 460)	low	dis	(645, 652)	N	dif	vert	up	True	876620	877874	up	1	3	46
3	zhx	f	21	1	40	diamond	green	(533, 540)	low	no	no_dis	N	same	vert	up	True	879009	879770	up	1	3	47
3	zhx	f	21	1	40	circle	red	(757, 540)	low	dis	(724, 460)	N	same	hori	left	True	880904	882778	left	1	3	48
3	zhx	f	21	1	40	diamond	green	(645, 428)	high	dis	(757, 540)	N	same	hori	left	True	883951	885594	left	1	3	49
3	zhx	f	21	1	40	circle	green	(645, 652)	low	no	no_dis	N	dif	hori	left	True	886697	888618	left	1	3	50
3	zhx	f	21	1	40	circle	green	(645, 428)	high	dis	(533, 540)	N	same	vert	up	True	889871	891114	up	1	3	51
3	zhx	f	21	1	40	diamond	red	(645, 428)	high	no	no_dis	N	dif	vert	up	False	892166	None	None	0	3	52
3	zhx	f	21	1	40	diamond	red	(565, 619)	low	dis	(757, 540)	N	dif	hori	left	True	897826	898930	left	1	3	53
3	zhx	f	21	1	40	circle	red	(724, 460)	low	no	no_dis	N	same	hori	left	True	900099	902266	left	1	3	54
3	zhx	f	21	1	40	circle	green	(565, 619)	low	no	no_dis	N	same	vert	up	True	903498	904969	up	1	3	55
3	zhx	f	21	1	40	circle	green	(645, 652)	low	dis	(757, 540)	N	same	hori	left	True	906215	907442	left	1	3	56
3	zhx	f	21	1	40	diamond	red	(724, 619)	low	dis	(724, 460)	N	same	hori	left	True	908592	910810	left	1	3	57
3	zhx	f	21	1	40	circle	red	(533, 540)	low	no	no_dis	N	dif	hori	left	True	911824	913034	left	1	3	58
3	zhx	f	21	1	40	circle	red	(645, 428)	high	dis	(724, 460)	N	dif	hori	left	True	914181	916154	left	1	3	59
3	zhx	f	21	1	40	diamond	red	(645, 428)	high	dis	(533, 540)	N	same	vert	up	True	917336	918721	up	1	3	60
3	zhx	f	21	1	40	circle	red	(757, 540)	low	dis	(724, 460)	N	dif	vert	up	True	919754	920970	up	1	3	61
3	zhx	f	21	1	40	circle	red	(724, 619)	low	no	no_dis	N	same	vert	up	True	922115	923170	up	1	3	62
3	zhx	f	21	1	40	diamond	red	(645, 652)	low	no	no_dis	N	dif	vert	up	True	924280	925570	up	1	3	63
3	zhx	f	21	1	40	diamond	red	(757, 540)	low	no	no_dis	N	dif	vert	up	True	926638	927786	up	1	3	64
3	zhx	f	21	1	40	diamond	green	(724, 460)	low	dis	(565, 460)	N	dif	hori	left	True	928917	930146	left	1	3	65
3	zhx	f	21	1	40	diamond	red	(645, 428)	high	dis	(724, 460)	N	dif	vert	up	True	931269	932497	up	1	3	66
3	zhx	f	21	1	40	diamond	red	(533, 540)	low	dis	(645, 428)	Y	same	vert	up	True	933667	934698	up	1	3	67
3	zhx	f	21	1	40	circle	red	(645, 428)	high	dis	(757, 540)	N	dif	vert	up	True	935799	936761	up	1	3	68
3	zhx	f	21	1	40	diamond	green	(565, 619)	low	dis	(565, 460)	N	dif	hori	left	True	937933	939154	left	1	3	69
3	zhx	f	21	1	40	circle	red	(533, 540)	low	dis	(645, 428)	Y	same	vert	up	True	940389	941753	up	1	3	70
3	zhx	f	21	1	40	diamond	green	(645, 428)	high	dis	(757, 540)	N	same	hori	left	True	942836	944090	left	1	3	71
3	zhx	f	21	1	40	diamond	red	(645, 428)	high	dis	(565, 460)	N	dif	vert	up	True	945225	946154	up	1	3	72
3	zhx	f	21	1	40	diamond	green	(757, 540)	low	dis	(645, 652)	N	dif	hori	left	True	947400	948562	left	1	3	73
3	zhx	f	21	1	40	diamond	red	(645, 428)	high	no	no_dis	N	dif	hori	left	True	949753	950794	left	1	3	74
3	zhx	f	21	1	40	diamond	green	(645, 428)	high	dis	(724, 460)	N	same	hori	left	True	951911	952554	left	1	3	75
3	zhx	f	21	1	40	diamond	red	(724, 460)	low	dis	(533, 540)	N	same	vert	up	True	953618	955425	up	1	3	76
3	zhx	f	21	1	40	circle	green	(645, 428)	high	dis	(724, 619)	N	dif	hori	left	True	956588	957370	left	1	3	77
3	zhx	f	21	1	40	circle	red	(645, 428)	high	dis	(565, 460)	N	same	hori	left	True	958466	959546	left	1	3	78
3	zhx	f	21	1	40	circle	green	(565, 619)	low	dis	(724, 619)	N	same	hori	left	True	960582	961346	left	1	3	79
3	zhx	f	21	1	40	diamond	green	(645, 428)	high	dis	(724, 619)	N	same	hori	left	True	962597	963490	left	1	3	80
3	zhx	f	21	1	40	circle	green	(533, 540)	low	no	no_dis	N	dif	vert	up	True	964645	965722	up	1	3	81
3	zhx	f	21	1	40	circle	green	(757, 540)	low	dis	(565, 619)	N	same	vert	up	True	966837	968346	up	1	3	82
3	zhx	f	21	1	40	circle	red	(645, 428)	high	dis	(533, 540)	N	dif	vert	up	True	969591	970722	up	1	3	83
3	zhx	f	21	1	40	diamond	green	(565, 619)	low	dis	(645, 428)	Y	dif	hori	left	True	971761	972922	left	1	3	84
3	zhx	f	21	1	40	diamond	green	(645, 428)	high	no	no_dis	N	same	hori	left	True	974047	976010	left	1	3	85
3	zhx	f	21	1	40	circle	green	(645, 428)	high	no	no_dis	N	dif	hori	left	True	977150	979298	left	1	3	86
3	zhx	f	21	1	40	circle	green	(645, 428)	high	dis	(724, 619)	N	same	hori	left	True	980364	981474	left	1	3	87
3	zhx	f	21	1	40	diamond	green	(533, 540)	low	dis	(645, 652)	N	same	hori	left	True	982711	983738	left	1	3	88
3	zhx	f	21	1	40	circle	red	(724, 460)	low	dis	(565, 619)	N	dif	vert	up	True	984809	985698	up	1	3	89
3	zhx	f	21	1	40	circle	green	(724, 460)	low	no	no_dis	N	same	hori	left	True	986904	987730	left	1	3	90
3	zhx	f	21	1	40	circle	red	(565, 460)	low	no	no_dis	N	dif	hori	left	True	988786	990034	left	1	3	91
3	zhx	f	21	1	40	diamond	red	(565, 619)	low	dis	(565, 460)	N	dif	hori	left	True	991115	992290	left	1	3	92
3	zhx	f	21	1	40	diamond	red	(645, 428)	high	dis	(565, 619)	N	same	vert	up	True	993415	994442	up	1	3	93
3	zhx	f	21	1	40	circle	green	(645, 652)	low	dis	(645, 428)	Y	same	hori	left	True	995647	996665	left	1	3	94
3	zhx	f	21	1	40	circle	green	(533, 540)	low	dis	(757, 540)	N	same	vert	up	True	997780	998562	up	1	3	95
3	zhx	f	21	1	40	diamond	green	(533, 540)	low	dis	(645, 428)	Y	same	hori	left	True	999617	1000514	left	1	3	96
3	zhx	f	21	1	40	diamond	green	(645, 428)	high	no	no_dis	N	dif	hori	left	True	1001655	1003082	left	1	3	97
3	zhx	f	21	1	40	circle	green	(645, 428)	high	dis	(645, 652)	N	dif	vert	up	True	1004270	1005298	up	1	3	98
3	zhx	f	21	1	40	circle	red	(565, 619)	low	dis	(757, 540)	N	dif	vert	up	True	1006404	1007394	up	1	3	99
3	zhx	f	21	1	40	circle	red	(645, 428)	high	no	no_dis	N	same	vert	up	True	1008473	1009362	up	1	3	100
3	zhx	f	21	1	40	circle	red	(724, 619)	low	dis	(565, 619)	N	same	hori	left	True	1010592	1011634	left	1	3	101
3	zhx	f	21	1	40	circle	red	(645, 652)	low	dis	(645, 428)	Y	same	vert	up	True	1012719	1013617	up	1	3	102
3	zhx	f	21	1	40	diamond	red	(645, 428)	high	dis	(645, 652)	N	same	hori	left	True	1014682	1015978	left	1	3	103
3	zhx	f	21	1	40	circle	red	(724, 619)	low	dis	(645, 428)	Y	dif	vert	up	True	1017179	1018146	up	1	3	104
3	zhx	f	21	1	40	circle	red	(645, 428)	high	no	no_dis	N	dif	vert	up	True	1019350	1020162	up	1	3	105
3	zhx	f	21	1	40	diamond	red	(724, 619)	low	dis	(565, 460)	N	dif	vert	up	True	1021230	1022170	up	1	3	106
3	zhx	f	21	1	40	diamond	red	(645, 428)	high	dis	(724, 619)	N	same	hori	left	True	1023355	1024194	left	1	3	107
3	zhx	f	21	1	40	diamond	red	(645, 428)	high	dis	(724, 460)	N	same	vert	up	True	1025333	1026634	up	1	3	108
3	zhx	f	21	1	40	circle	green	(645, 428)	high	no	no_dis	N	dif	hori	left	True	1027639	1028714	left	1	3	109
3	zhx	f	21	1	40	diamond	green	(724, 619)	low	dis	(533, 540)	N	same	hori	left	True	1029787	1031058	left	1	3	110
3	zhx	f	21	1	40	diamond	red	(533, 540)	low	dis	(645, 428)	Y	same	vert	up	True	1032182	1033450	up	1	3	111
3	zhx	f	21	1	40	diamond	red	(757, 540)	low	dis	(565, 460)	N	same	vert	up	True	1034642	1035954	up	1	3	112
3	zhx	f	21	1	40	circle	red	(645, 428)	high	dis	(757, 540)	N	same	vert	up	True	1037152	1038226	up	1	3	113
3	zhx	f	21	1	40	diamond	red	(645, 428)	high	dis	(645, 652)	N	dif	hori	left	True	1039248	1040274	left	1	3	114
3	zhx	f	21	1	40	circle	green	(645, 428)	high	dis	(565, 619)	N	dif	vert	up	True	1041341	1042290	up	1	3	115
3	zhx	f	21	1	40	diamond	red	(645, 652)	low	dis	(565, 460)	N	same	vert	up	True	1043473	1044610	up	1	3	116
3	zhx	f	21	1	40	circle	green	(645, 428)	high	dis	(533, 540)	N	dif	hori	left	True	1045746	1046618	left	1	3	117
3	zhx	f	21	1	40	diamond	red	(645, 652)	low	dis	(724, 460)	N	dif	hori	left	True	1047706	1048714	left	1	3	118
3	zhx	f	21	1	40	diamond	green	(565, 460)	low	dis	(565, 619)	N	same	hori	left	True	1049895	1051386	left	1	3	119
3	zhx	f	21	1	40	circle	green	(724, 460)	low	dis	(645, 428)	Y	dif	vert	up	True	1052489	1053610	up	1	3	120
3	zhx	f	21	1	40	diamond	green	(645, 428)	high	dis	(565, 619)	N	same	vert	up	True	1086835	1087906	up	1	4	1
3	zhx	f	21	1	40	circle	green	(645, 652)	low	no	no_dis	N	same	vert	up	True	1088975	1089746	up	1	4	2
3	zhx	f	21	1	40	diamond	green	(565, 619)	low	dis	(757, 540)	N	same	hori	left	True	1090872	1092138	left	1	4	3
3	zhx	f	21	1	40	circle	green	(565, 460)	low	dis	(724, 460)	N	dif	vert	up	True	1093230	1094250	up	1	4	4
3	zhx	f	21	1	40	circle	red	(533, 540)	low	dis	(565, 460)	N	dif	hori	left	True	1095292	1096138	left	1	4	5
3	zhx	f	21	1	40	diamond	red	(645, 428)	high	dis	(645, 652)	N	same	hori	left	True	1097145	1098098	up	0	4	6
3	zhx	f	21	1	40	circle	green	(645, 428)	high	no	no_dis	N	same	hori	left	True	1100691	1101338	left	1	4	7
3	zhx	f	21	1	40	circle	green	(645, 428)	high	no	no_dis	N	same	vert	up	True	1102350	1103458	up	1	4	8
3	zhx	f	21	1	40	circle	green	(757, 540)	low	dis	(645, 428)	Y	same	vert	up	True	1104694	1105962	up	1	4	9
3	zhx	f	21	1	40	diamond	green	(645, 428)	high	no	no_dis	N	same	hori	left	True	1107108	1107906	left	1	4	10
3	zhx	f	21	1	40	circle	red	(645, 428)	high	dis	(724, 460)	N	dif	hori	left	True	1108984	1109634	left	1	4	11
3	zhx	f	21	1	40	circle	green	(757, 540)	low	no	no_dis	N	same	hori	left	True	1110813	1111674	left	1	4	12
3	zhx	f	21	1	40	circle	green	(565, 619)	low	dis	(724, 460)	N	dif	vert	up	True	1112861	1113722	up	1	4	13
3	zhx	f	21	1	40	diamond	green	(757, 540)	low	dis	(645, 428)	Y	dif	vert	up	True	1114823	1116266	up	1	4	14
3	zhx	f	21	1	40	circle	green	(645, 428)	high	no	no_dis	N	dif	vert	up	True	1117327	1118114	up	1	4	15
3	zhx	f	21	1	40	circle	green	(645, 428)	high	dis	(757, 540)	N	dif	vert	up	True	1119174	1120538	up	1	4	16
3	zhx	f	21	1	40	diamond	green	(565, 619)	low	dis	(533, 540)	N	same	vert	up	True	1121676	1123010	up	1	4	17
3	zhx	f	21	1	40	circle	green	(724, 460)	low	dis	(724, 619)	N	dif	vert	up	True	1124254	1125290	up	1	4	18
3	zhx	f	21	1	40	circle	red	(724, 460)	low	dis	(533, 540)	N	same	hori	left	True	1126374	1127138	left	1	4	19
3	zhx	f	21	1	40	circle	green	(724, 619)	low	dis	(645, 428)	Y	same	hori	left	True	1128149	1129155	left	1	4	20
3	zhx	f	21	1	40	diamond	red	(645, 428)	high	no	no_dis	N	same	vert	up	True	1130349	1131586	up	1	4	21
3	zhx	f	21	1	40	circle	red	(645, 428)	high	dis	(724, 619)	N	dif	vert	up	True	1132618	1133658	up	1	4	22
3	zhx	f	21	1	40	diamond	green	(724, 619)	low	no	no_dis	N	same	vert	up	True	1134683	1135659	up	1	4	23
3	zhx	f	21	1	40	diamond	red	(565, 619)	low	no	no_dis	N	same	hori	left	True	1136714	1137554	left	1	4	24
3	zhx	f	21	1	40	diamond	green	(645, 428)	high	dis	(533, 540)	N	same	vert	up	True	1138693	1140010	up	1	4	25
3	zhx	f	21	1	40	circle	red	(724, 460)	low	no	no_dis	N	dif	hori	left	True	1141210	1142146	left	1	4	26
3	zhx	f	21	1	40	circle	red	(757, 540)	low	dis	(724, 460)	N	same	hori	left	True	1143231	1144194	left	1	4	27
3	zhx	f	21	1	40	diamond	red	(724, 460)	low	dis	(565, 619)	N	same	hori	left	True	1145223	1146306	left	1	4	28
3	zhx	f	21	1	40	diamond	green	(565, 460)	low	dis	(565, 619)	N	same	hori	left	True	1147421	1148858	left	1	4	29
3	zhx	f	21	1	40	diamond	green	(645, 428)	high	no	no_dis	N	same	vert	up	True	1149904	1150866	up	1	4	30
3	zhx	f	21	1	40	diamond	green	(533, 540)	low	dis	(724, 619)	N	dif	vert	up	True	1152113	1153874	up	1	4	31
3	zhx	f	21	1	40	diamond	red	(645, 428)	high	no	no_dis	N	dif	hori	left	True	1155082	1156298	left	1	4	32
3	zhx	f	21	1	40	circle	red	(645, 428)	high	dis	(757, 540)	N	same	hori	left	True	1157467	1158562	up	0	4	33
3	zhx	f	21	1	40	circle	red	(645, 428)	high	dis	(757, 540)	N	same	vert	up	True	1161142	1162626	up	1	4	34
3	zhx	f	21	1	40	circle	red	(533, 540)	low	no	no_dis	N	dif	hori	left	True	1163743	1164762	left	1	4	35
3	zhx	f	21	1	40	diamond	red	(565, 460)	low	no	no_dis	N	same	vert	up	True	1165856	1167242	up	1	4	36
3	zhx	f	21	1	40	circle	green	(565, 619)	low	no	no_dis	N	same	hori	left	True	1168311	1169266	left	1	4	37
3	zhx	f	21	1	40	circle	red	(645, 428)	high	no	no_dis	N	dif	vert	up	True	1170332	1171186	up	1	4	38
3	zhx	f	21	1	40	diamond	green	(724, 460)	low	no	no_dis	N	dif	vert	up	True	1172232	1173250	up	1	4	39
3	zhx	f	21	1	40	diamond	green	(724, 619)	low	dis	(645, 428)	Y	same	hori	left	True	1174312	1175498	left	1	4	40
3	zhx	f	21	1	40	circle	red	(645, 428)	high	dis	(724, 460)	N	dif	hori	left	True	1176730	1178538	left	1	4	41
3	zhx	f	21	1	40	diamond	green	(645, 428)	high	dis	(565, 619)	N	dif	hori	left	True	1179644	1181122	left	1	4	42
3	zhx	f	21	1	40	diamond	red	(724, 619)	low	dis	(533, 540)	N	same	hori	left	True	1182359	1183378	left	1	4	43
3	zhx	f	21	1	40	diamond	green	(645, 428)	high	dis	(645, 652)	N	same	vert	up	True	1184468	1185306	up	1	4	44
3	zhx	f	21	1	40	diamond	green	(565, 619)	low	no	no_dis	N	same	vert	up	True	1186377	1187730	up	1	4	45
3	zhx	f	21	1	40	circle	red	(645, 428)	high	no	no_dis	N	dif	hori	left	True	1188741	1189762	left	1	4	46
3	zhx	f	21	1	40	diamond	red	(724, 460)	low	no	no_dis	N	dif	vert	up	True	1190913	1191970	up	1	4	47
3	zhx	f	21	1	40	diamond	red	(724, 619)	low	no	no_dis	N	same	vert	up	True	1193034	1194418	up	1	4	48
3	zhx	f	21	1	40	diamond	green	(645, 428)	high	no	no_dis	N	dif	vert	up	True	1195659	1196274	up	1	4	49
3	zhx	f	21	1	40	circle	green	(565, 460)	low	dis	(724, 619)	N	dif	hori	left	True	1197517	1199306	left	1	4	50
3	zhx	f	21	1	40	circle	red	(565, 460)	low	no	no_dis	N	same	hori	left	True	1200412	1201346	left	1	4	51
3	zhx	f	21	1	40	circle	red	(757, 540)	low	no	no_dis	N	same	hori	left	True	1202396	1203130	left	1	4	52
3	zhx	f	21	1	40	diamond	red	(724, 619)	low	dis	(645, 428)	Y	dif	hori	left	True	1204360	1205362	left	1	4	53
3	zhx	f	21	1	40	diamond	red	(533, 540)	low	dis	(565, 619)	N	same	hori	left	True	1206462	1207490	left	1	4	54
3	zhx	f	21	1	40	diamond	red	(645, 652)	low	dis	(645, 428)	Y	same	hori	left	True	1208739	1209778	left	1	4	55
3	zhx	f	21	1	40	circle	red	(645, 652)	low	dis	(757, 540)	N	dif	hori	left	True	1211004	1212154	left	1	4	56
3	zhx	f	21	1	40	circle	red	(645, 428)	high	dis	(533, 540)	N	dif	vert	up	True	1213269	1215370	up	1	4	57
3	zhx	f	21	1	40	circle	green	(645, 428)	high	dis	(565, 619)	N	dif	hori	left	True	1216449	1217690	left	1	4	58
3	zhx	f	21	1	40	diamond	green	(645, 428)	high	dis	(565, 619)	N	same	hori	left	True	1218842	1219978	left	1	4	59
3	zhx	f	21	1	40	diamond	red	(645, 428)	high	dis	(565, 460)	N	same	hori	left	True	1220991	1222218	left	1	4	60
3	zhx	f	21	1	40	diamond	red	(757, 540)	low	dis	(724, 460)	N	same	hori	left	True	1223295	1224242	left	1	4	61
3	zhx	f	21	1	40	diamond	red	(645, 428)	high	dis	(565, 460)	N	same	hori	left	True	1225412	1226410	left	1	4	62
3	zhx	f	21	1	40	diamond	red	(645, 428)	high	no	no_dis	N	same	vert	up	True	1227533	1228642	up	1	4	63
3	zhx	f	21	1	40	diamond	green	(565, 460)	low	no	no_dis	N	dif	vert	up	True	1229847	1231658	up	1	4	64
3	zhx	f	21	1	40	circle	green	(645, 652)	low	dis	(565, 460)	N	same	vert	up	True	1232678	1233923	up	1	4	65
3	zhx	f	21	1	40	circle	red	(757, 540)	low	no	no_dis	N	same	hori	left	True	1235080	1236522	left	1	4	66
3	zhx	f	21	1	40	circle	red	(724, 460)	low	dis	(757, 540)	N	dif	vert	up	True	1237655	1239026	left	0	4	67
3	zhx	f	21	1	40	circle	red	(565, 619)	low	dis	(645, 428)	Y	dif	hori	left	True	1241749	1243346	left	1	4	68
3	zhx	f	21	1	40	diamond	green	(724, 460)	low	dis	(757, 540)	N	dif	hori	left	True	1244566	1246139	left	1	4	69
3	zhx	f	21	1	40	diamond	green	(724, 619)	low	dis	(645, 428)	Y	same	vert	up	True	1247350	1248538	up	1	4	70
3	zhx	f	21	1	40	diamond	green	(645, 428)	high	no	no_dis	N	same	hori	left	True	1249548	1251074	left	1	4	71
3	zhx	f	21	1	40	circle	red	(645, 428)	high	no	no_dis	N	dif	hori	left	True	1252302	1253042	left	1	4	72
3	zhx	f	21	1	40	circle	green	(724, 460)	low	dis	(565, 619)	N	same	vert	up	True	1254090	1254994	up	1	4	73
3	zhx	f	21	1	40	circle	green	(645, 428)	high	dis	(757, 540)	N	dif	hori	left	True	1256231	1257522	left	1	4	74
3	zhx	f	21	1	40	circle	red	(565, 619)	low	dis	(645, 652)	N	dif	vert	up	True	1258573	1259530	up	1	4	75
3	zhx	f	21	1	40	diamond	red	(645, 428)	high	no	no_dis	N	dif	vert	up	True	1260772	1262530	up	1	4	76
3	zhx	f	21	1	40	diamond	red	(645, 652)	low	no	no_dis	N	dif	hori	left	True	1263680	1264690	left	1	4	77
3	zhx	f	21	1	40	circle	green	(533, 540)	low	dis	(565, 460)	N	same	vert	up	True	1265908	1267338	up	1	4	78
3	zhx	f	21	1	40	circle	red	(645, 428)	high	dis	(565, 619)	N	same	hori	left	True	1268376	1269290	left	1	4	79
3	zhx	f	21	1	40	diamond	red	(565, 460)	low	dis	(757, 540)	N	dif	hori	left	True	1270297	1271594	left	1	4	80
3	zhx	f	21	1	40	diamond	green	(565, 619)	low	no	no_dis	N	dif	hori	left	True	1272653	1273602	left	1	4	81
3	zhx	f	21	1	40	circle	red	(757, 540)	low	dis	(565, 619)	N	dif	hori	left	True	1274669	1275778	left	1	4	82
3	zhx	f	21	1	40	diamond	green	(757, 540)	low	dis	(724, 619)	N	dif	vert	up	True	1276922	1278858	up	1	4	83
3	zhx	f	21	1	40	diamond	red	(565, 460)	low	dis	(645, 652)	N	dif	hori	left	True	1280079	1281418	left	1	4	84
3	zhx	f	21	1	40	circle	green	(645, 428)	high	no	no_dis	N	same	hori	left	True	1282470	1283266	left	1	4	85
3	zhx	f	21	1	40	diamond	green	(645, 428)	high	dis	(645, 652)	N	dif	vert	up	True	1284281	1285570	up	1	4	86
3	zhx	f	21	1	40	diamond	green	(533, 540)	low	no	no_dis	N	dif	hori	left	True	1286656	1287978	left	1	4	87
3	zhx	f	21	1	40	circle	green	(645, 428)	high	dis	(724, 619)	N	same	hori	left	True	1289209	1290090	left	1	4	88
3	zhx	f	21	1	40	circle	red	(645, 428)	high	dis	(565, 460)	N	dif	vert	up	True	1291312	1293226	up	1	4	89
3	zhx	f	21	1	40	circle	green	(724, 619)	low	dis	(565, 460)	N	same	vert	up	True	1294298	1295522	up	1	4	90
3	zhx	f	21	1	40	circle	red	(645, 652)	low	dis	(565, 460)	N	same	vert	up	True	1296613	1297602	up	1	4	91
3	zhx	f	21	1	40	diamond	red	(645, 428)	high	dis	(565, 460)	N	dif	vert	up	True	1298625	1300331	up	1	4	92
3	zhx	f	21	1	40	diamond	red	(565, 619)	low	dis	(533, 540)	N	dif	hori	left	True	1301519	1302786	up	0	4	93
3	zhx	f	21	1	40	diamond	red	(645, 428)	high	dis	(645, 652)	N	dif	hori	left	True	1305529	1306675	left	1	4	94
3	zhx	f	21	1	40	diamond	red	(645, 428)	high	dis	(645, 652)	N	same	vert	up	True	1307720	1308738	up	1	4	95
3	zhx	f	21	1	40	circle	green	(645, 428)	high	dis	(724, 460)	N	dif	vert	up	True	1309887	1310818	left	0	4	96
3	zhx	f	21	1	40	circle	red	(565, 460)	low	dis	(645, 428)	Y	same	vert	up	True	1313572	1316298	up	1	4	97
3	zhx	f	21	1	40	circle	green	(533, 540)	low	no	no_dis	N	dif	vert	up	True	1317317	1318642	up	1	4	98
3	zhx	f	21	1	40	circle	green	(645, 428)	high	dis	(533, 540)	N	same	vert	up	True	1319816	1321227	up	1	4	99
3	zhx	f	21	1	40	diamond	red	(645, 652)	low	dis	(724, 619)	N	dif	hori	left	True	1322315	1324298	left	1	4	100
3	zhx	f	21	1	40	diamond	red	(724, 619)	low	no	no_dis	N	dif	hori	left	True	1325533	1326498	left	1	4	101
3	zhx	f	21	1	40	circle	red	(724, 619)	low	dis	(645, 652)	N	same	vert	up	True	1327633	1329162	up	1	4	102
3	zhx	f	21	1	40	diamond	green	(533, 540)	low	dis	(757, 540)	N	dif	hori	left	True	1330311	1331458	left	1	4	103
3	zhx	f	21	1	40	diamond	green	(645, 428)	high	dis	(724, 619)	N	dif	vert	up	True	1332665	1334242	up	1	4	104
3	zhx	f	21	1	40	diamond	red	(533, 540)	low	dis	(724, 619)	N	dif	vert	up	True	1335392	1336819	up	1	4	105
3	zhx	f	21	1	40	circle	green	(645, 652)	low	dis	(724, 460)	N	dif	vert	up	True	1338070	1339803	up	1	4	106
3	zhx	f	21	1	40	circle	green	(565, 460)	low	no	no_dis	N	same	vert	up	True	1341037	1342083	up	1	4	107
3	zhx	f	21	1	40	circle	green	(645, 652)	low	no	no_dis	N	dif	vert	up	True	1343166	1344378	up	1	4	108
3	zhx	f	21	1	40	circle	red	(724, 460)	low	dis	(645, 652)	N	dif	vert	up	True	1345476	1346995	up	1	4	109
3	zhx	f	21	1	40	circle	red	(757, 540)	low	no	no_dis	N	dif	vert	up	True	1348155	1349707	up	1	4	110
3	zhx	f	21	1	40	circle	green	(645, 428)	high	dis	(565, 460)	N	same	vert	up	True	1350831	1352083	up	1	4	111
3	zhx	f	21	1	40	circle	green	(645, 428)	high	dis	(724, 460)	N	same	vert	up	True	1353164	1354754	up	1	4	112
3	zhx	f	21	1	40	diamond	green	(645, 652)	low	dis	(645, 428)	Y	same	vert	up	True	1355980	1358227	up	1	4	113
3	zhx	f	21	1	40	circle	green	(565, 460)	low	dis	(645, 652)	N	dif	vert	up	True	1359394	1360827	up	1	4	114
3	zhx	f	21	1	40	diamond	green	(645, 428)	high	dis	(533, 540)	N	same	hori	left	True	1361886	1363026	left	1	4	115
3	zhx	f	21	1	40	circle	red	(645, 428)	high	no	no_dis	N	dif	hori	left	True	1364218	1365451	left	1	4	116
3	zhx	f	21	1	40	diamond	red	(757, 540)	low	dis	(533, 540)	N	same	hori	left	True	1366611	1367971	left	1	4	117
3	zhx	f	21	1	40	diamond	red	(645, 428)	high	dis	(724, 619)	N	dif	hori	left	True	1369049	1369946	left	1	4	118
3	zhx	f	21	1	40	diamond	red	(645, 428)	high	dis	(724, 460)	N	dif	hori	left	True	1371143	1372227	left	1	4	119
3	zhx	f	21	1	40	diamond	green	(565, 619)	low	dis	(533, 540)	N	same	vert	up	True	1373332	1374978	up	1	4	120
3	zhx	f	21	1	40	diamond	red	(645, 428)	high	no	no_dis	N	dif	hori	left	True	1407535	1408842	left	1	5	1
3	zhx	f	21	1	40	diamond	green	(645, 652)	low	dis	(645, 428)	Y	same	hori	left	True	1409980	1411794	left	1	5	2
3	zhx	f	21	1	40	circle	red	(565, 619)	low	no	no_dis	N	same	hori	left	True	1413024	1414170	left	1	5	3
3	zhx	f	21	1	40	diamond	green	(533, 540)	low	no	no_dis	N	same	vert	up	True	1415370	1416274	up	1	5	4
3	zhx	f	21	1	40	diamond	green	(757, 540)	low	dis	(645, 428)	Y	dif	vert	up	True	1417352	1418939	up	1	5	5
3	zhx	f	21	1	40	diamond	red	(724, 619)	low	no	no_dis	N	same	hori	left	True	1420111	1421346	left	1	5	6
3	zhx	f	21	1	40	diamond	green	(645, 428)	high	dis	(645, 652)	N	dif	vert	up	True	1422451	1423531	up	1	5	7
3	zhx	f	21	1	40	circle	green	(724, 619)	low	dis	(565, 619)	N	same	vert	up	True	1424643	1425939	up	1	5	8
3	zhx	f	21	1	40	circle	green	(757, 540)	low	no	no_dis	N	dif	vert	up	True	1426994	1428546	up	1	5	9
3	zhx	f	21	1	40	circle	red	(757, 540)	low	dis	(565, 619)	N	same	hori	left	True	1429626	1430491	left	1	5	10
3	zhx	f	21	1	40	circle	red	(645, 428)	high	no	no_dis	N	dif	hori	left	True	1431585	1432507	left	1	5	11
3	zhx	f	21	1	40	diamond	green	(645, 428)	high	dis	(565, 460)	N	dif	hori	left	True	1433732	1434723	up	0	5	12
3	zhx	f	21	1	40	circle	red	(645, 428)	high	no	no_dis	N	same	vert	up	True	1437254	1438418	up	1	5	13
3	zhx	f	21	1	40	circle	red	(724, 619)	low	dis	(533, 540)	N	dif	hori	left	True	1439512	1440474	left	1	5	14
3	zhx	f	21	1	40	diamond	red	(724, 619)	low	dis	(533, 540)	N	same	hori	left	True	1441614	1442786	left	1	5	15
3	zhx	f	21	1	40	diamond	red	(724, 460)	low	dis	(757, 540)	N	same	vert	up	True	1443980	1446386	up	1	5	16
3	zhx	f	21	1	40	circle	red	(645, 428)	high	no	no_dis	N	same	hori	left	True	1447511	1448226	left	1	5	17
3	zhx	f	21	1	40	circle	red	(645, 428)	high	dis	(565, 619)	N	dif	vert	up	True	1449349	1451154	left	0	5	18
3	zhx	f	21	1	40	diamond	red	(565, 460)	low	dis	(724, 619)	N	same	hori	left	True	1453716	1455347	left	1	5	19
3	zhx	f	21	1	40	circle	green	(565, 619)	low	dis	(645, 428)	Y	dif	vert	up	True	1456428	1457346	up	1	5	20
3	zhx	f	21	1	40	circle	green	(645, 428)	high	dis	(565, 460)	N	same	hori	left	True	1458549	1459874	left	1	5	21
3	zhx	f	21	1	40	circle	green	(645, 428)	high	dis	(724, 619)	N	same	vert	up	True	1460974	1461843	up	1	5	22
3	zhx	f	21	1	40	diamond	red	(645, 428)	high	dis	(645, 652)	N	dif	vert	up	True	1462939	1464690	up	1	5	23
3	zhx	f	21	1	40	diamond	red	(724, 619)	low	dis	(645, 428)	Y	dif	vert	up	True	1465937	1467203	up	1	5	24
3	zhx	f	21	1	40	circle	red	(565, 460)	low	no	no_dis	N	same	vert	up	True	1468212	1469338	up	1	5	25
3	zhx	f	21	1	40	circle	green	(565, 460)	low	dis	(645, 428)	Y	dif	hori	left	True	1470498	1471442	left	1	5	26
3	zhx	f	21	1	40	circle	green	(645, 428)	high	no	no_dis	N	dif	vert	up	True	1472569	1473626	up	1	5	27
3	zhx	f	21	1	40	diamond	green	(565, 460)	low	dis	(645, 428)	Y	same	vert	up	True	1474675	1475763	up	1	5	28
3	zhx	f	21	1	40	diamond	red	(533, 540)	low	dis	(724, 619)	N	dif	hori	left	True	1476777	1478530	left	1	5	29
3	zhx	f	21	1	40	circle	red	(565, 460)	low	dis	(724, 460)	N	dif	vert	up	True	1479579	1481355	up	1	5	30
3	zhx	f	21	1	40	diamond	red	(645, 428)	high	no	no_dis	N	dif	hori	left	True	1482585	1483666	left	1	5	31
3	zhx	f	21	1	40	circle	red	(565, 619)	low	dis	(565, 460)	N	same	hori	left	True	1484914	1486018	up	0	5	32
3	zhx	f	21	1	40	circle	green	(724, 460)	low	dis	(724, 619)	N	dif	vert	up	True	1488717	1490130	up	1	5	33
3	zhx	f	21	1	40	circle	red	(565, 619)	low	dis	(757, 540)	N	dif	vert	up	True	1491224	1492330	up	1	5	34
3	zhx	f	21	1	40	diamond	red	(565, 619)	low	no	no_dis	N	dif	hori	left	True	1493556	1494610	left	1	5	35
3	zhx	f	21	1	40	circle	red	(724, 460)	low	dis	(533, 540)	N	same	vert	up	True	1495694	1496666	up	1	5	36
3	zhx	f	21	1	40	circle	green	(724, 460)	low	no	no_dis	N	dif	vert	up	True	1497858	1499098	up	1	5	37
3	zhx	f	21	1	40	diamond	green	(724, 460)	low	no	no_dis	N	same	vert	up	True	1500192	1501242	up	1	5	38
3	zhx	f	21	1	40	diamond	red	(645, 652)	low	dis	(565, 460)	N	same	vert	up	True	1502486	1503746	up	1	5	39
3	zhx	f	21	1	40	circle	green	(645, 428)	high	no	no_dis	N	dif	vert	up	True	1504790	1505699	up	1	5	40
3	zhx	f	21	1	40	diamond	red	(565, 460)	low	dis	(757, 540)	N	dif	hori	left	True	1506945	1508210	left	1	5	41
3	zhx	f	21	1	40	circle	green	(645, 428)	high	no	no_dis	N	same	vert	up	True	1509295	1510611	up	1	5	42
3	zhx	f	21	1	40	diamond	green	(565, 460)	low	dis	(565, 619)	N	dif	hori	left	True	1511845	1513411	left	1	5	43
3	zhx	f	21	1	40	circle	red	(533, 540)	low	no	no_dis	N	same	hori	left	True	1514613	1515506	left	1	5	44
3	zhx	f	21	1	40	circle	green	(645, 428)	high	dis	(565, 619)	N	dif	vert	up	True	1516728	1518299	up	1	5	45
3	zhx	f	21	1	40	diamond	green	(724, 619)	low	no	no_dis	N	dif	hori	left	True	1519541	1520322	left	1	5	46
3	zhx	f	21	1	40	diamond	red	(645, 428)	high	dis	(533, 540)	N	same	vert	up	True	1521347	1522514	left	0	5	47
3	zhx	f	21	1	40	diamond	red	(533, 540)	low	dis	(645, 652)	N	same	hori	left	True	1525120	1526251	left	1	5	48
3	zhx	f	21	1	40	diamond	green	(565, 619)	low	dis	(565, 460)	N	same	hori	left	True	1527463	1528531	left	1	5	49
3	zhx	f	21	1	40	diamond	green	(645, 428)	high	dis	(724, 619)	N	dif	vert	up	True	1529626	1530442	up	1	5	50
3	zhx	f	21	1	40	circle	green	(645, 652)	low	no	no_dis	N	dif	hori	left	True	1531528	1532394	left	1	5	51
3	zhx	f	21	1	40	diamond	red	(724, 460)	low	dis	(724, 619)	N	dif	vert	up	True	1533611	1535651	up	1	5	52
3	zhx	f	21	1	40	circle	green	(724, 460)	low	dis	(645, 652)	N	same	vert	up	True	1536725	1537843	up	1	5	53
3	zhx	f	21	1	40	circle	red	(533, 540)	low	dis	(724, 460)	N	same	vert	up	True	1539033	1540442	up	1	5	54
3	zhx	f	21	1	40	diamond	red	(645, 428)	high	dis	(565, 460)	N	dif	vert	up	True	1541686	1543578	up	1	5	55
3	zhx	f	21	1	40	circle	green	(645, 652)	low	dis	(724, 619)	N	dif	hori	left	True	1544708	1546090	left	1	5	56
3	zhx	f	21	1	40	diamond	green	(565, 460)	low	no	no_dis	N	dif	vert	up	True	1547150	1548090	up	1	5	57
3	zhx	f	21	1	40	diamond	green	(645, 428)	high	dis	(645, 652)	N	same	vert	up	True	1549248	1550891	up	1	5	58
3	zhx	f	21	1	40	circle	red	(645, 652)	low	no	no_dis	N	dif	vert	up	True	1551921	1553035	up	1	5	59
3	zhx	f	21	1	40	circle	red	(645, 428)	high	dis	(724, 460)	N	same	hori	left	True	1554161	1555187	left	1	5	60
3	zhx	f	21	1	40	diamond	green	(533, 540)	low	dis	(724, 460)	N	dif	vert	up	True	1556308	1557282	up	1	5	61
3	zhx	f	21	1	40	diamond	red	(645, 652)	low	no	no_dis	N	same	hori	left	True	1558482	1559378	left	1	5	62
3	zhx	f	21	1	40	diamond	red	(645, 428)	high	no	no_dis	N	dif	vert	up	True	1560497	1561211	up	1	5	63
3	zhx	f	21	1	40	diamond	red	(645, 428)	high	dis	(757, 540)	N	same	hori	left	True	1562222	1563627	left	1	5	64
3	zhx	f	21	1	40	circle	green	(645, 428)	high	no	no_dis	N	same	hori	left	True	1564778	1565970	up	0	5	65
3	zhx	f	21	1	40	diamond	red	(724, 460)	low	no	no_dis	N	same	vert	up	True	1568717	1569995	up	1	5	66
3	zhx	f	21	1	40	diamond	green	(645, 428)	high	dis	(757, 540)	N	dif	hori	left	True	1571016	1572211	left	1	5	67
3	zhx	f	21	1	40	diamond	green	(724, 460)	low	no	no_dis	N	dif	hori	left	True	1573271	1574147	left	1	5	68
3	zhx	f	21	1	40	diamond	red	(757, 540)	low	no	no_dis	N	dif	hori	left	True	1575215	1576314	left	1	5	69
3	zhx	f	21	1	40	circle	green	(565, 460)	low	no	no_dis	N	dif	vert	up	True	1577353	1578243	up	1	5	70
3	zhx	f	21	1	40	diamond	red	(645, 428)	high	dis	(565, 460)	N	dif	hori	left	True	1579329	1580482	left	1	5	71
3	zhx	f	21	1	40	circle	green	(645, 428)	high	dis	(565, 619)	N	same	vert	up	True	1581631	1583115	up	1	5	72
3	zhx	f	21	1	40	circle	red	(757, 540)	low	no	no_dis	N	same	vert	up	True	1584264	1585291	left	0	5	73
3	zhx	f	21	1	40	circle	green	(645, 652)	low	dis	(565, 460)	N	same	vert	up	True	1587823	1589243	up	1	5	74
3	zhx	f	21	1	40	circle	green	(533, 540)	low	no	no_dis	N	same	hori	left	True	1590278	1591171	left	1	5	75
3	zhx	f	21	1	40	diamond	green	(724, 460)	low	dis	(533, 540)	N	dif	vert	up	True	1592349	1593299	up	1	5	76
3	zhx	f	21	1	40	circle	green	(565, 460)	low	dis	(724, 460)	N	dif	vert	up	True	1594461	1596171	up	1	5	77
3	zhx	f	21	1	40	circle	red	(645, 652)	low	dis	(533, 540)	N	dif	vert	up	True	1597287	1598539	up	1	5	78
3	zhx	f	21	1	40	diamond	green	(645, 428)	high	dis	(724, 460)	N	dif	hori	left	True	1599636	1600882	left	1	5	79
3	zhx	f	21	1	40	circle	green	(645, 428)	high	dis	(724, 460)	N	same	vert	up	True	1602066	1603851	up	1	5	80
3	zhx	f	21	1	40	diamond	green	(533, 540)	low	dis	(645, 428)	Y	same	vert	up	True	1604975	1606123	up	1	5	81
3	zhx	f	21	1	40	diamond	red	(645, 652)	low	no	no_dis	N	dif	vert	up	True	1607180	1608290	up	1	5	82
3	zhx	f	21	1	40	circle	green	(724, 619)	low	no	no_dis	N	same	vert	up	True	1609504	1610707	up	1	5	83
3	zhx	f	21	1	40	circle	green	(645, 428)	high	dis	(645, 652)	N	dif	hori	left	True	1611782	1612755	left	1	5	84
3	zhx	f	21	1	40	circle	green	(533, 540)	low	dis	(724, 619)	N	same	hori	left	True	1613802	1614635	left	1	5	85
3	zhx	f	21	1	40	diamond	green	(645, 428)	high	no	no_dis	N	same	hori	left	True	1615759	1616706	left	1	5	86
3	zhx	f	21	1	40	diamond	green	(645, 428)	high	no	no_dis	N	same	vert	up	True	1617811	1618571	up	1	5	87
3	zhx	f	21	1	40	diamond	green	(645, 652)	low	dis	(757, 540)	N	same	hori	left	True	1619596	1621266	left	1	5	88
3	zhx	f	21	1	40	circle	red	(757, 540)	low	dis	(645, 428)	Y	dif	vert	up	True	1622492	1623659	up	1	5	89
3	zhx	f	21	1	40	diamond	red	(565, 619)	low	dis	(757, 540)	N	same	vert	up	True	1624824	1626083	up	1	5	90
3	zhx	f	21	1	40	diamond	green	(724, 619)	low	dis	(565, 619)	N	dif	hori	left	True	1627105	1628018	left	1	5	91
3	zhx	f	21	1	40	circle	red	(645, 428)	high	dis	(757, 540)	N	same	hori	left	True	1629200	1630347	left	1	5	92
3	zhx	f	21	1	40	diamond	red	(645, 428)	high	dis	(533, 540)	N	dif	hori	left	True	1631391	1632419	left	1	5	93
3	zhx	f	21	1	40	diamond	green	(757, 540)	low	dis	(645, 428)	Y	same	hori	left	True	1633615	1634595	left	1	5	94
3	zhx	f	21	1	40	circle	green	(757, 540)	low	dis	(533, 540)	N	dif	hori	left	True	1635744	1636794	left	1	5	95
3	zhx	f	21	1	40	diamond	green	(645, 428)	high	dis	(533, 540)	N	dif	hori	left	True	1637999	1639050	left	1	5	96
3	zhx	f	21	1	40	circle	red	(645, 428)	high	dis	(565, 619)	N	same	vert	up	True	1640241	1641819	up	1	5	97
3	zhx	f	21	1	40	circle	green	(645, 428)	high	dis	(724, 619)	N	same	hori	left	True	1642959	1643875	left	1	5	98
3	zhx	f	21	1	40	diamond	red	(757, 540)	low	dis	(565, 619)	N	same	hori	left	True	1645012	1646123	left	1	5	99
3	zhx	f	21	1	40	circle	red	(757, 540)	low	no	no_dis	N	same	hori	left	True	1647143	1648163	left	1	5	100
3	zhx	f	21	1	40	diamond	red	(645, 428)	high	no	no_dis	N	same	hori	left	True	1649383	1650147	left	1	5	101
3	zhx	f	21	1	40	diamond	green	(645, 428)	high	no	no_dis	N	dif	vert	up	True	1651334	1652147	up	1	5	102
3	zhx	f	21	1	40	diamond	green	(645, 428)	high	no	no_dis	N	dif	hori	left	True	1653168	1653962	left	1	5	103
3	zhx	f	21	1	40	circle	green	(645, 428)	high	dis	(757, 540)	N	same	hori	left	True	1655045	1656587	left	1	5	104
3	zhx	f	21	1	40	circle	red	(645, 652)	low	dis	(645, 428)	Y	same	vert	up	True	1657705	1658699	up	1	5	105
3	zhx	f	21	1	40	circle	red	(533, 540)	low	dis	(565, 460)	N	same	vert	up	True	1659840	1660763	left	0	5	106
3	zhx	f	21	1	40	diamond	red	(724, 619)	low	dis	(645, 652)	N	same	hori	left	True	1663424	1664987	left	1	5	107
3	zhx	f	21	1	40	circle	red	(645, 428)	high	dis	(724, 619)	N	same	hori	left	True	1666180	1666930	left	1	5	108
3	zhx	f	21	1	40	diamond	red	(645, 428)	high	dis	(724, 460)	N	dif	vert	up	True	1668182	1668923	up	1	5	109
3	zhx	f	21	1	40	circle	red	(645, 428)	high	no	no_dis	N	same	vert	up	True	1669980	1671235	up	1	5	110
3	zhx	f	21	1	40	circle	green	(565, 619)	low	dis	(724, 460)	N	dif	hori	left	True	1672330	1674067	left	1	5	111
3	zhx	f	21	1	40	circle	red	(645, 428)	high	dis	(533, 540)	N	same	hori	left	True	1675263	1676227	left	1	5	112
3	zhx	f	21	1	40	circle	green	(724, 619)	low	dis	(565, 460)	N	dif	hori	left	True	1677375	1678290	left	1	5	113
3	zhx	f	21	1	40	circle	red	(724, 460)	low	dis	(645, 652)	N	dif	hori	left	True	1679335	1680203	left	1	5	114
3	zhx	f	21	1	40	circle	red	(645, 428)	high	dis	(565, 619)	N	same	vert	up	True	1681206	1682379	up	1	5	115
3	zhx	f	21	1	40	diamond	green	(645, 428)	high	dis	(757, 540)	N	dif	hori	left	True	1683407	1684659	left	1	5	116
3	zhx	f	21	1	40	diamond	green	(565, 619)	low	dis	(645, 652)	N	dif	hori	left	True	1685774	1686715	left	1	5	117
3	zhx	f	21	1	40	diamond	green	(565, 619)	low	no	no_dis	N	dif	hori	left	True	1687936	1688667	left	1	5	118
3	zhx	f	21	1	40	diamond	red	(645, 428)	high	dis	(724, 460)	N	dif	vert	up	True	1689827	1690626	up	1	5	119
3	zhx	f	21	1	40	circle	red	(645, 428)	high	dis	(645, 652)	N	same	vert	up	True	1691717	1692771	up	1	5	120
3	zhx	f	21	1	40	circle	red	(724, 619)	low	dis	(757, 540)	N	dif	hori	left	True	1725630	1727099	left	1	6	1
3	zhx	f	21	1	40	circle	green	(565, 619)	low	dis	(565, 460)	N	dif	vert	up	True	1728216	1729363	up	1	6	2
3	zhx	f	21	1	40	diamond	red	(565, 460)	low	no	no_dis	N	dif	hori	left	True	1730556	1731547	left	1	6	3
3	zhx	f	21	1	40	circle	red	(757, 540)	low	dis	(645, 652)	N	same	hori	left	True	1732734	1733571	left	1	6	4
3	zhx	f	21	1	40	diamond	red	(645, 428)	high	no	no_dis	N	dif	hori	left	True	1734616	1735275	left	1	6	5
3	zhx	f	21	1	40	circle	red	(533, 540)	low	no	no_dis	N	dif	hori	left	True	1736355	1737043	left	1	6	6
3	zhx	f	21	1	40	diamond	red	(533, 540)	low	no	no_dis	N	dif	hori	left	True	1738241	1738915	left	1	6	7
3	zhx	f	21	1	40	circle	green	(724, 460)	low	dis	(645, 428)	Y	same	hori	left	True	1740146	1740891	left	1	6	8
3	zhx	f	21	1	40	diamond	green	(645, 652)	low	dis	(645, 428)	Y	dif	hori	left	True	1742011	1743035	left	1	6	9
3	zhx	f	21	1	40	diamond	green	(565, 619)	low	dis	(645, 428)	Y	dif	vert	up	True	1744157	1745362	up	1	6	10
3	zhx	f	21	1	40	circle	green	(565, 460)	low	dis	(645, 428)	Y	dif	hori	left	True	1746582	1747347	left	1	6	11
3	zhx	f	21	1	40	circle	red	(565, 619)	low	no	no_dis	N	same	vert	up	True	1748471	1749290	up	1	6	12
3	zhx	f	21	1	40	circle	green	(724, 460)	low	no	no_dis	N	same	vert	up	True	1750482	1751571	up	1	6	13
3	zhx	f	21	1	40	diamond	red	(645, 428)	high	dis	(724, 460)	N	dif	vert	up	True	1752771	1753875	up	1	6	14
3	zhx	f	21	1	40	circle	green	(724, 460)	low	dis	(565, 619)	N	dif	vert	up	True	1754961	1756675	up	1	6	15
3	zhx	f	21	1	40	circle	red	(724, 460)	low	dis	(565, 619)	N	same	vert	up	True	1757856	1759403	up	1	6	16
3	zhx	f	21	1	40	circle	red	(645, 652)	low	dis	(724, 460)	N	same	vert	up	True	1760584	1761427	up	1	6	17
3	zhx	f	21	1	40	diamond	red	(724, 619)	low	dis	(724, 460)	N	dif	hori	left	True	1762657	1763779	left	1	6	18
3	zhx	f	21	1	40	diamond	red	(645, 652)	low	dis	(757, 540)	N	same	hori	left	True	1764950	1766122	left	1	6	19
3	zhx	f	21	1	40	diamond	red	(724, 619)	low	dis	(757, 540)	N	same	hori	left	True	1767216	1768971	left	1	6	20
3	zhx	f	21	1	40	diamond	green	(565, 619)	low	dis	(565, 460)	N	same	vert	up	True	1770100	1771370	up	1	6	21
3	zhx	f	21	1	40	circle	green	(645, 428)	high	dis	(565, 619)	N	dif	vert	up	True	1772399	1773491	up	1	6	22
3	zhx	f	21	1	40	diamond	red	(565, 619)	low	dis	(724, 619)	N	same	vert	up	True	1774555	1775931	up	1	6	23
3	zhx	f	21	1	40	diamond	red	(565, 460)	low	dis	(724, 619)	N	dif	hori	left	True	1777173	1778083	left	1	6	24
3	zhx	f	21	1	40	diamond	green	(645, 428)	high	no	no_dis	N	dif	hori	left	True	1779150	1780018	left	1	6	25
3	zhx	f	21	1	40	circle	green	(645, 428)	high	no	no_dis	N	dif	vert	up	True	1781024	1782595	up	1	6	26
3	zhx	f	21	1	40	diamond	red	(645, 428)	high	dis	(533, 540)	N	same	vert	up	True	1783728	1785354	up	1	6	27
3	zhx	f	21	1	40	diamond	green	(565, 460)	low	dis	(724, 460)	N	same	vert	up	True	1786400	1788123	up	1	6	28
3	zhx	f	21	1	40	diamond	red	(645, 428)	high	no	no_dis	N	dif	vert	up	True	1789290	1790411	up	1	6	29
3	zhx	f	21	1	40	circle	red	(645, 428)	high	no	no_dis	N	dif	vert	up	True	1791636	1793010	up	1	6	30
3	zhx	f	21	1	40	diamond	green	(645, 428)	high	dis	(533, 540)	N	dif	hori	left	True	1794163	1795363	left	1	6	31
3	zhx	f	21	1	40	circle	green	(565, 460)	low	dis	(757, 540)	N	same	hori	left	True	1796603	1797523	up	0	6	32
3	zhx	f	21	1	40	diamond	green	(645, 428)	high	no	no_dis	N	same	vert	up	True	1800240	1801123	up	1	6	33
3	zhx	f	21	1	40	diamond	green	(533, 540)	low	dis	(645, 652)	N	same	hori	left	True	1802195	1803051	left	1	6	34
3	zhx	f	21	1	40	diamond	red	(724, 460)	low	dis	(724, 619)	N	same	vert	up	True	1804206	1806467	up	1	6	35
3	zhx	f	21	1	40	diamond	red	(565, 460)	low	no	no_dis	N	same	vert	up	True	1807544	1809395	up	1	6	36
3	zhx	f	21	1	40	diamond	red	(645, 428)	high	dis	(533, 540)	N	dif	hori	left	True	1810645	1811931	left	1	6	37
3	zhx	f	21	1	40	circle	red	(645, 428)	high	dis	(724, 460)	N	same	vert	up	True	1813023	1814371	up	1	6	38
3	zhx	f	21	1	40	diamond	red	(645, 428)	high	no	no_dis	N	dif	vert	up	True	1815410	1816595	up	1	6	39
3	zhx	f	21	1	40	diamond	green	(757, 540)	low	dis	(533, 540)	N	dif	vert	up	True	1817735	1818738	up	1	6	40
3	zhx	f	21	1	40	circle	red	(565, 460)	low	dis	(724, 619)	N	dif	vert	up	True	1819910	1821715	up	1	6	41
3	zhx	f	21	1	40	circle	red	(565, 619)	low	dis	(645, 428)	Y	dif	vert	up	True	1822818	1823867	up	1	6	42
3	zhx	f	21	1	40	diamond	red	(533, 540)	low	dis	(645, 428)	Y	same	vert	up	True	1825044	1825987	up	1	6	43
3	zhx	f	21	1	40	circle	green	(645, 428)	high	no	no_dis	N	same	vert	up	True	1827106	1828315	up	1	6	44
3	zhx	f	21	1	40	diamond	red	(565, 460)	low	dis	(645, 428)	Y	same	vert	up	True	1829382	1830243	up	1	6	45
3	zhx	f	21	1	40	circle	green	(645, 428)	high	no	no_dis	N	same	hori	left	True	1831479	1832171	left	1	6	46
3	zhx	f	21	1	40	diamond	red	(533, 540)	low	dis	(565, 460)	N	same	hori	left	True	1833356	1834442	left	1	6	47
3	zhx	f	21	1	40	diamond	green	(645, 428)	high	dis	(565, 619)	N	dif	hori	left	True	1835471	1836515	left	1	6	48
3	zhx	f	21	1	40	circle	green	(645, 428)	high	no	no_dis	N	dif	hori	left	True	1837726	1838755	left	1	6	49
3	zhx	f	21	1	40	diamond	green	(533, 540)	low	no	no_dis	N	dif	vert	up	True	1839966	1840963	up	1	6	50
3	zhx	f	21	1	40	circle	red	(724, 460)	low	dis	(645, 428)	Y	dif	hori	left	True	1842121	1843627	left	1	6	51
3	zhx	f	21	1	40	circle	green	(724, 460)	low	dis	(565, 619)	N	dif	hori	left	True	1844778	1845499	left	1	6	52
3	zhx	f	21	1	40	diamond	green	(645, 428)	high	dis	(565, 619)	N	same	vert	up	True	1846686	1847571	up	1	6	53
3	zhx	f	21	1	40	circle	green	(645, 652)	low	no	no_dis	N	same	hori	left	True	1848577	1849483	left	1	6	54
3	zhx	f	21	1	40	diamond	red	(645, 652)	low	no	no_dis	N	same	hori	left	True	1850686	1851483	left	1	6	55
3	zhx	f	21	1	40	diamond	green	(645, 428)	high	no	no_dis	N	same	hori	left	True	1852701	1853275	left	1	6	56
3	zhx	f	21	1	40	diamond	red	(645, 652)	low	no	no_dis	N	dif	vert	up	True	1854335	1855539	up	1	6	57
3	zhx	f	21	1	40	diamond	green	(565, 460)	low	no	no_dis	N	same	vert	up	True	1856629	1857587	up	1	6	58
3	zhx	f	21	1	40	circle	red	(645, 428)	high	dis	(533, 540)	N	same	hori	left	True	1858800	1859747	left	1	6	59
3	zhx	f	21	1	40	circle	green	(645, 428)	high	dis	(724, 619)	N	same	hori	left	True	1860992	1862283	left	1	6	60
3	zhx	f	21	1	40	circle	green	(645, 428)	high	dis	(757, 540)	N	same	vert	up	True	1863432	1864547	up	1	6	61
3	zhx	f	21	1	40	circle	green	(533, 540)	low	dis	(645, 652)	N	dif	hori	left	True	1865730	1866971	left	1	6	62
3	zhx	f	21	1	40	circle	green	(565, 619)	low	no	no_dis	N	same	vert	up	True	1867991	1869059	up	1	6	63
3	zhx	f	21	1	40	circle	red	(757, 540)	low	dis	(565, 619)	N	dif	hori	left	True	1870099	1870955	left	1	6	64
3	zhx	f	21	1	40	circle	green	(724, 460)	low	no	no_dis	N	same	hori	left	True	1872090	1872811	left	1	6	65
3	zhx	f	21	1	40	diamond	red	(645, 428)	high	dis	(724, 619)	N	same	vert	up	True	1873896	1875067	up	1	6	66
3	zhx	f	21	1	40	diamond	red	(645, 428)	high	dis	(757, 540)	N	same	hori	left	True	1876199	1877626	left	1	6	67
3	zhx	f	21	1	40	circle	green	(724, 460)	low	no	no_dis	N	dif	hori	left	True	1878696	1879483	left	1	6	68
3	zhx	f	21	1	40	circle	red	(645, 428)	high	no	no_dis	N	same	vert	up	True	1880681	1881379	up	1	6	69
3	zhx	f	21	1	40	circle	red	(645, 428)	high	dis	(724, 619)	N	same	vert	up	True	1882534	1883243	up	1	6	70
3	zhx	f	21	1	40	diamond	red	(757, 540)	low	dis	(533, 540)	N	same	hori	left	True	1884461	1885347	left	1	6	71
3	zhx	f	21	1	40	circle	red	(645, 428)	high	no	no_dis	N	dif	hori	left	True	1886573	1887203	left	1	6	72
3	zhx	f	21	1	40	circle	green	(645, 652)	low	dis	(645, 428)	Y	same	hori	left	True	1888443	1889451	left	1	6	73
3	zhx	f	21	1	40	diamond	green	(645, 428)	high	no	no_dis	N	same	hori	left	True	1890684	1892155	left	1	6	74
3	zhx	f	21	1	40	diamond	red	(645, 428)	high	no	no_dis	N	same	vert	up	True	1893274	1894475	up	1	6	75
3	zhx	f	21	1	40	circle	red	(533, 540)	low	dis	(724, 619)	N	dif	hori	left	True	1895679	1896611	left	1	6	76
3	zhx	f	21	1	40	diamond	red	(565, 460)	low	dis	(724, 619)	N	same	hori	left	True	1897840	1898707	left	1	6	77
3	zhx	f	21	1	40	diamond	green	(533, 540)	low	dis	(757, 540)	N	dif	vert	up	True	1899915	1901219	up	1	6	78
3	zhx	f	21	1	40	diamond	green	(645, 652)	low	dis	(565, 460)	N	same	vert	up	True	1902258	1903660	up	1	6	79
3	zhx	f	21	1	40	diamond	green	(645, 428)	high	dis	(565, 460)	N	dif	vert	up	True	1904676	1905875	up	1	6	80
3	zhx	f	21	1	40	diamond	green	(724, 619)	low	no	no_dis	N	same	hori	left	True	1907004	1908380	left	1	6	81
3	zhx	f	21	1	40	circle	red	(645, 428)	high	dis	(645, 652)	N	same	vert	up	True	1909466	1910307	up	1	6	82
3	zhx	f	21	1	40	diamond	green	(645, 428)	high	dis	(565, 460)	N	dif	vert	up	True	1911455	1912515	up	1	6	83
3	zhx	f	21	1	40	circle	red	(565, 619)	low	no	no_dis	N	dif	vert	up	True	1913735	1915771	up	1	6	84
3	zhx	f	21	1	40	circle	red	(645, 652)	low	dis	(533, 540)	N	dif	vert	up	True	1916946	1917851	up	1	6	85
3	zhx	f	21	1	40	circle	red	(645, 428)	high	dis	(645, 652)	N	same	hori	left	True	1919077	1919691	up	0	6	86
3	zhx	f	21	1	40	diamond	green	(645, 428)	high	dis	(724, 460)	N	same	hori	left	True	1922303	1923491	up	0	6	87
3	zhx	f	21	1	40	diamond	green	(724, 619)	low	no	no_dis	N	same	hori	left	True	1926221	1927387	left	1	6	88
3	zhx	f	21	1	40	diamond	red	(757, 540)	low	no	no_dis	N	dif	hori	left	True	1928536	1929779	left	1	6	89
3	zhx	f	21	1	40	circle	green	(645, 428)	high	dis	(645, 652)	N	same	vert	up	True	1930879	1931547	left	0	6	90
3	zhx	f	21	1	40	circle	green	(757, 540)	low	dis	(645, 652)	N	same	vert	up	True	1934253	1935459	up	1	6	91
3	zhx	f	21	1	40	diamond	red	(757, 540)	low	dis	(724, 460)	N	same	vert	up	True	1936625	1938763	up	1	6	92
3	zhx	f	21	1	40	circle	green	(724, 619)	low	dis	(645, 652)	N	dif	vert	up	True	1939840	1941995	up	1	6	93
3	zhx	f	21	1	40	circle	green	(724, 460)	low	no	no_dis	N	dif	hori	left	True	1943069	1943851	left	1	6	94
3	zhx	f	21	1	40	diamond	green	(724, 619)	low	no	no_dis	N	same	vert	up	True	1945037	1945859	up	1	6	95
3	zhx	f	21	1	40	circle	green	(645, 428)	high	dis	(724, 460)	N	dif	vert	up	True	1946991	1947939	up	1	6	96
3	zhx	f	21	1	40	circle	green	(645, 428)	high	dis	(757, 540)	N	dif	hori	left	True	1949098	1949875	left	1	6	97
3	zhx	f	21	1	40	circle	red	(645, 428)	high	dis	(724, 619)	N	same	hori	left	True	1950970	1951699	left	1	6	98
3	zhx	f	21	1	40	diamond	red	(645, 428)	high	dis	(533, 540)	N	dif	vert	up	True	1952920	1954275	up	1	6	99
3	zhx	f	21	1	40	diamond	red	(645, 428)	high	dis	(565, 460)	N	same	hori	left	True	1955388	1956403	left	1	6	100
3	zhx	f	21	1	40	diamond	green	(724, 460)	low	dis	(533, 540)	N	same	hori	left	True	1957530	1958579	left	1	6	101
3	zhx	f	21	1	40	diamond	red	(645, 428)	high	dis	(565, 619)	N	dif	vert	up	True	1959815	1960587	up	1	6	102
3	zhx	f	21	1	40	diamond	green	(724, 619)	low	dis	(565, 460)	N	dif	hori	left	True	1961752	1962531	left	1	6	103
3	zhx	f	21	1	40	diamond	green	(533, 540)	low	no	no_dis	N	dif	vert	up	True	1963776	1964843	up	1	6	104
3	zhx	f	21	1	40	circle	red	(565, 619)	low	dis	(724, 460)	N	same	vert	up	True	1965916	1967107	up	1	6	105
3	zhx	f	21	1	40	circle	red	(645, 428)	high	dis	(645, 652)	N	dif	vert	up	True	1968237	1969363	up	1	6	106
3	zhx	f	21	1	40	circle	red	(645, 428)	high	no	no_dis	N	same	hori	left	True	1970461	1971163	left	1	6	107
3	zhx	f	21	1	40	diamond	green	(645, 428)	high	dis	(565, 460)	N	dif	hori	left	True	1972406	1973499	left	1	6	108
3	zhx	f	21	1	40	circle	red	(757, 540)	low	no	no_dis	N	dif	vert	up	True	1974715	1975851	up	1	6	109
3	zhx	f	21	1	40	diamond	green	(757, 540)	low	dis	(565, 460)	N	dif	vert	up	True	1977008	1978059	up	1	6	110
3	zhx	f	21	1	40	circle	green	(724, 619)	low	dis	(533, 540)	N	dif	vert	up	True	1979232	1980675	up	1	6	111
3	zhx	f	21	1	40	circle	green	(645, 652)	low	dis	(565, 619)	N	dif	hori	left	True	1981777	1982731	left	1	6	112
3	zhx	f	21	1	40	circle	red	(645, 428)	high	dis	(757, 540)	N	dif	hori	left	True	1983933	1984651	left	1	6	113
3	zhx	f	21	1	40	diamond	green	(645, 428)	high	dis	(645, 652)	N	dif	hori	left	True	1985736	1987075	left	1	6	114
3	zhx	f	21	1	40	circle	red	(757, 540)	low	no	no_dis	N	dif	vert	up	True	1988271	1989139	up	1	6	115
3	zhx	f	21	1	40	circle	red	(565, 619)	low	dis	(645, 428)	Y	same	hori	left	True	1990147	1990979	left	1	6	116
3	zhx	f	21	1	40	circle	green	(645, 428)	high	dis	(724, 460)	N	dif	hori	left	True	1992044	1993731	left	1	6	117
3	zhx	f	21	1	40	diamond	green	(724, 619)	low	dis	(565, 619)	N	dif	vert	up	True	1994870	1995843	up	1	6	118
3	zhx	f	21	1	40	circle	green	(645, 428)	high	dis	(757, 540)	N	same	hori	left	True	1996972	1997619	left	1	6	119
3	zhx	f	21	1	40	circle	red	(645, 652)	low	no	no_dis	N	same	hori	left	True	1998646	1999387	left	1	6	120
conf	3	zhx	f	21	40	1	True	2038015	2056851	3	True	2056865	2072811	2								
