subj	name	gender	age	prac	group	shape	color	tar_loc	popularity	dis_cond	dis_loc	dis_high	td_dif	line	respkey	gotkey	startTime	respTime	resp	correct	block	trialnum
6	yhy	f	18	1	40	circle	green	(757, 540)	low	no	no_dis	N	same	hori	left	True	13012	14061	left	1	1	1
6	yhy	f	18	1	40	diamond	red	(645, 428)	low	no	no_dis	N	same	vert	up	True	15184	16686	up	1	1	2
6	yhy	f	18	1	40	diamond	green	(565, 460)	low	dis	(565, 619)	Y	same	vert	up	True	17725	19030	up	1	1	3
6	yhy	f	18	1	40	diamond	green	(724, 619)	low	dis	(565, 619)	Y	same	vert	up	True	20123	21278	up	1	1	4
6	yhy	f	18	1	40	circle	green	(757, 540)	low	dis	(533, 540)	N	dif	hori	left	True	22522	23414	left	1	1	5
6	yhy	f	18	1	40	circle	red	(565, 619)	high	no	no_dis	N	dif	vert	up	True	24577	26157	up	1	1	6
6	yhy	f	18	1	40	circle	green	(533, 540)	low	dis	(645, 428)	N	dif	hori	left	True	27293	28549	left	1	1	7
6	yhy	f	18	1	40	diamond	red	(565, 619)	high	no	no_dis	N	same	hori	left	True	29614	30806	left	1	1	8
6	yhy	f	18	1	40	diamond	red	(565, 619)	high	dis	(565, 460)	N	dif	vert	up	True	31928	32933	up	1	1	9
6	yhy	f	18	1	40	diamond	green	(757, 540)	low	dis	(565, 460)	N	same	vert	up	True	34047	34989	up	1	1	10
6	yhy	f	18	1	40	diamond	red	(565, 619)	high	dis	(724, 619)	N	dif	vert	up	True	36089	37389	up	1	1	11
6	yhy	f	18	1	40	circle	red	(565, 619)	high	dis	(645, 652)	N	dif	hori	left	True	38407	40117	left	1	1	12
6	yhy	f	18	1	40	circle	green	(724, 619)	low	no	no_dis	N	same	hori	left	True	41306	42310	left	1	1	13
6	yhy	f	18	1	40	diamond	green	(645, 428)	low	dis	(565, 619)	Y	same	hori	left	True	43389	45158	left	1	1	14
6	yhy	f	18	1	40	circle	green	(565, 619)	high	dis	(533, 540)	N	same	hori	left	True	46275	47285	left	1	1	15
6	yhy	f	18	1	40	circle	red	(565, 619)	high	no	no_dis	N	same	hori	left	True	48449	49262	left	1	1	16
6	yhy	f	18	1	40	circle	red	(724, 619)	low	dis	(565, 619)	Y	same	hori	left	True	50282	51990	left	1	1	17
6	yhy	f	18	1	40	diamond	red	(533, 540)	low	dis	(724, 460)	N	same	hori	left	True	53149	54278	left	1	1	18
6	yhy	f	18	1	40	circle	green	(645, 428)	low	no	no_dis	N	same	vert	up	True	55465	56437	up	1	1	19
6	yhy	f	18	1	40	circle	red	(645, 652)	low	dis	(533, 540)	N	same	vert	up	True	57684	58854	up	1	1	20
6	yhy	f	18	1	40	circle	green	(565, 619)	high	no	no_dis	N	dif	hori	left	True	60073	60774	left	1	1	21
6	yhy	f	18	1	40	diamond	red	(645, 428)	low	dis	(645, 652)	N	same	vert	up	True	62017	63061	up	1	1	22
6	yhy	f	18	1	40	diamond	green	(565, 460)	low	no	no_dis	N	dif	hori	left	True	64069	65941	left	1	1	23
6	yhy	f	18	1	40	diamond	green	(533, 540)	low	dis	(645, 652)	N	dif	vert	up	True	67165	68318	left	0	1	24
6	yhy	f	18	1	40	diamond	green	(565, 619)	high	no	no_dis	N	same	vert	up	True	70970	72462	up	1	1	25
6	yhy	f	18	1	40	diamond	red	(565, 619)	high	no	no_dis	N	same	hori	left	True	73532	75126	left	1	1	26
6	yhy	f	18	1	40	circle	red	(757, 540)	low	dis	(645, 428)	N	dif	hori	left	True	76129	77493	left	1	1	27
6	yhy	f	18	1	40	diamond	red	(565, 619)	high	dis	(645, 652)	N	same	hori	left	True	78688	79677	left	1	1	28
6	yhy	f	18	1	40	diamond	green	(565, 619)	high	dis	(645, 652)	N	dif	hori	left	True	80903	81782	left	1	1	29
6	yhy	f	18	1	40	diamond	red	(565, 619)	high	no	no_dis	N	same	vert	up	True	82899	83918	up	1	1	30
6	yhy	f	18	1	40	diamond	red	(757, 540)	low	dis	(533, 540)	N	same	vert	up	True	84994	86262	up	1	1	31
6	yhy	f	18	1	40	circle	green	(645, 428)	low	dis	(724, 460)	N	dif	hori	left	True	87282	88438	left	1	1	32
6	yhy	f	18	1	40	diamond	red	(724, 460)	low	dis	(757, 540)	N	same	hori	left	True	89474	90534	left	1	1	33
6	yhy	f	18	1	40	diamond	green	(565, 460)	low	dis	(645, 428)	N	dif	hori	left	True	91742	93646	left	1	1	34
6	yhy	f	18	1	40	diamond	red	(565, 460)	low	no	no_dis	N	dif	vert	up	True	94705	96022	up	1	1	35
6	yhy	f	18	1	40	circle	green	(724, 460)	low	no	no_dis	N	same	vert	up	True	97270	99070	up	1	1	36
6	yhy	f	18	1	40	diamond	red	(645, 428)	low	no	no_dis	N	dif	hori	left	True	100073	102134	left	1	1	37
6	yhy	f	18	1	40	circle	red	(645, 652)	low	no	no_dis	N	same	hori	left	True	103342	104606	left	1	1	38
6	yhy	f	18	1	40	diamond	green	(757, 540)	low	dis	(724, 619)	N	dif	vert	up	True	105852	106933	up	1	1	39
6	yhy	f	18	1	40	diamond	red	(724, 619)	low	dis	(533, 540)	N	same	hori	left	True	108100	109550	left	1	1	40
6	yhy	f	18	1	40	circle	green	(645, 428)	low	dis	(565, 460)	N	dif	vert	up	True	110705	111886	up	1	1	41
6	yhy	f	18	1	40	diamond	green	(533, 540)	low	dis	(565, 619)	Y	same	vert	up	True	113093	114397	up	1	1	42
6	yhy	f	18	1	40	circle	green	(724, 619)	low	dis	(565, 460)	N	dif	vert	up	True	115628	116845	up	1	1	43
6	yhy	f	18	1	40	circle	green	(565, 619)	high	no	no_dis	N	dif	vert	up	True	118022	119734	up	1	1	44
6	yhy	f	18	1	40	diamond	red	(565, 619)	high	dis	(724, 619)	N	same	vert	up	True	120871	122125	up	1	1	45
6	yhy	f	18	1	40	diamond	green	(565, 619)	high	dis	(757, 540)	N	dif	vert	up	True	123308	124286	up	1	1	46
6	yhy	f	18	1	40	circle	red	(565, 619)	high	no	no_dis	N	same	vert	up	True	125319	126558	left	0	1	47
6	yhy	f	18	1	40	diamond	red	(724, 619)	low	dis	(645, 428)	N	dif	hori	left	True	129284	130430	left	1	1	48
6	yhy	f	18	1	40	circle	green	(565, 619)	high	dis	(724, 619)	N	dif	hori	left	True	131608	133126	left	1	1	49
6	yhy	f	18	1	40	diamond	red	(533, 540)	low	dis	(724, 460)	N	dif	vert	up	True	134289	135414	up	1	1	50
6	yhy	f	18	1	40	diamond	red	(565, 619)	high	dis	(645, 652)	N	dif	vert	up	True	136660	137598	up	1	1	51
6	yhy	f	18	1	40	diamond	red	(565, 460)	low	dis	(645, 428)	N	dif	hori	left	True	138658	139997	left	1	1	52
6	yhy	f	18	1	40	circle	red	(724, 460)	low	dis	(645, 652)	N	dif	vert	up	True	141170	142189	up	1	1	53
6	yhy	f	18	1	40	diamond	green	(565, 460)	low	no	no_dis	N	same	vert	up	True	143197	145349	up	1	1	54
6	yhy	f	18	1	40	circle	red	(565, 619)	high	dis	(533, 540)	N	same	vert	up	True	146352	147829	up	1	1	55
6	yhy	f	18	1	40	diamond	green	(565, 619)	high	dis	(565, 460)	N	same	hori	left	True	149075	150246	left	1	1	56
6	yhy	f	18	1	40	circle	green	(565, 460)	low	dis	(724, 619)	N	dif	vert	up	True	151249	153550	up	1	1	57
6	yhy	f	18	1	40	diamond	green	(565, 619)	high	dis	(724, 460)	N	same	hori	left	True	154581	155638	left	1	1	58
6	yhy	f	18	1	40	diamond	green	(565, 619)	high	dis	(645, 428)	N	same	vert	up	True	156659	157965	up	1	1	59
6	yhy	f	18	1	40	circle	red	(565, 619)	high	dis	(724, 619)	N	dif	vert	up	True	159018	160670	up	1	1	60
6	yhy	f	18	1	40	circle	red	(645, 652)	low	no	no_dis	N	same	hori	left	True	161676	162702	left	1	1	61
6	yhy	f	18	1	40	circle	green	(565, 619)	high	dis	(533, 540)	N	same	vert	up	True	163797	164949	up	1	1	62
6	yhy	f	18	1	40	circle	green	(645, 652)	low	dis	(565, 460)	N	dif	vert	up	True	166008	167158	up	1	1	63
6	yhy	f	18	1	40	diamond	green	(645, 652)	low	dis	(533, 540)	N	same	vert	up	True	168264	169469	up	1	1	64
6	yhy	f	18	1	40	circle	green	(565, 619)	high	no	no_dis	N	dif	hori	left	True	170519	171926	left	1	1	65
6	yhy	f	18	1	40	diamond	red	(565, 619)	high	dis	(724, 460)	N	dif	hori	left	True	173050	173965	left	1	1	66
6	yhy	f	18	1	40	circle	red	(757, 540)	low	no	no_dis	N	dif	hori	left	True	175053	176342	left	1	1	67
6	yhy	f	18	1	40	circle	red	(645, 652)	low	no	no_dis	N	dif	vert	up	True	177540	178365	up	1	1	68
6	yhy	f	18	1	40	circle	red	(757, 540)	low	dis	(724, 619)	N	dif	hori	left	True	179479	180589	left	1	1	69
6	yhy	f	18	1	40	circle	green	(565, 619)	high	dis	(757, 540)	N	dif	hori	left	True	181668	182606	left	1	1	70
6	yhy	f	18	1	40	circle	red	(565, 460)	low	dis	(757, 540)	N	same	vert	up	True	183853	185966	up	1	1	71
6	yhy	f	18	1	40	circle	green	(565, 619)	high	dis	(645, 428)	N	same	vert	up	True	187173	188213	up	1	1	72
6	yhy	f	18	1	40	diamond	green	(724, 460)	low	dis	(565, 619)	Y	dif	vert	up	True	189365	190606	up	1	1	73
6	yhy	f	18	1	40	circle	red	(533, 540)	low	dis	(645, 428)	N	same	hori	left	True	191694	193125	left	1	1	74
6	yhy	f	18	1	40	diamond	red	(645, 428)	low	dis	(565, 619)	Y	same	hori	left	True	194181	195325	left	1	1	75
6	yhy	f	18	1	40	diamond	green	(533, 540)	low	no	no_dis	N	dif	vert	up	True	196503	197374	up	1	1	76
6	yhy	f	18	1	40	circle	red	(724, 460)	low	dis	(645, 652)	N	dif	vert	up	True	198486	199614	up	1	1	77
6	yhy	f	18	1	40	diamond	red	(565, 460)	low	dis	(565, 619)	Y	same	vert	up	True	200623	201549	up	1	1	78
6	yhy	f	18	1	40	diamond	green	(645, 652)	low	dis	(757, 540)	N	same	hori	left	True	202725	204022	left	1	1	79
6	yhy	f	18	1	40	diamond	green	(565, 619)	high	dis	(645, 428)	N	same	vert	up	True	205235	206422	up	1	1	80
6	yhy	f	18	1	40	diamond	red	(533, 540)	low	no	no_dis	N	same	hori	left	True	207444	208710	left	1	1	81
6	yhy	f	18	1	40	diamond	green	(565, 619)	high	no	no_dis	N	dif	vert	up	True	209812	211470	left	0	1	82
6	yhy	f	18	1	40	circle	green	(565, 619)	high	no	no_dis	N	dif	hori	left	True	214002	215021	left	1	1	83
6	yhy	f	18	1	40	diamond	green	(565, 619)	high	dis	(533, 540)	N	dif	hori	left	True	216200	217206	left	1	1	84
6	yhy	f	18	1	40	diamond	red	(565, 619)	high	no	no_dis	N	same	vert	up	True	218411	219830	up	1	1	85
6	yhy	f	18	1	40	circle	green	(565, 619)	high	dis	(565, 460)	N	same	hori	left	True	220849	222733	left	1	1	86
6	yhy	f	18	1	40	circle	green	(724, 460)	low	dis	(645, 652)	N	dif	vert	up	True	223986	225134	up	1	1	87
6	yhy	f	18	1	40	circle	red	(565, 619)	high	no	no_dis	N	dif	hori	left	True	226182	227238	left	1	1	88
6	yhy	f	18	1	40	circle	red	(533, 540)	low	dis	(724, 460)	N	dif	vert	up	True	228488	229485	up	1	1	89
6	yhy	f	18	1	40	diamond	red	(565, 460)	low	dis	(757, 540)	N	same	hori	left	True	230620	231782	left	1	1	90
6	yhy	f	18	1	40	circle	green	(565, 619)	high	dis	(724, 619)	N	dif	hori	left	True	232871	233821	left	1	1	91
6	yhy	f	18	1	40	diamond	green	(724, 460)	low	no	no_dis	N	dif	vert	up	True	234836	235909	up	1	1	92
6	yhy	f	18	1	40	diamond	red	(724, 619)	low	no	no_dis	N	dif	vert	up	True	236981	238342	up	1	1	93
6	yhy	f	18	1	40	diamond	green	(757, 540)	low	dis	(724, 460)	N	same	vert	up	True	239488	240534	up	1	1	94
6	yhy	f	18	1	40	diamond	green	(565, 619)	high	no	no_dis	N	same	hori	left	True	241752	242750	left	1	1	95
6	yhy	f	18	1	40	diamond	green	(565, 619)	high	dis	(724, 460)	N	dif	vert	up	True	243958	244845	up	1	1	96
6	yhy	f	18	1	40	diamond	green	(565, 619)	high	no	no_dis	N	dif	vert	up	True	245895	247421	up	1	1	97
6	yhy	f	18	1	40	diamond	red	(565, 619)	high	dis	(645, 652)	N	dif	hori	left	True	248502	249318	left	1	1	98
6	yhy	f	18	1	40	circle	red	(724, 460)	low	no	no_dis	N	same	vert	up	True	250495	251469	up	1	1	99
6	yhy	f	18	1	40	circle	green	(645, 652)	low	no	no_dis	N	dif	hori	left	True	252539	253501	left	1	1	100
6	yhy	f	18	1	40	circle	red	(565, 619)	high	dis	(645, 428)	N	dif	vert	up	True	254745	255669	up	1	1	101
6	yhy	f	18	1	40	circle	red	(565, 619)	high	dis	(757, 540)	N	same	vert	up	True	256781	257877	up	1	1	102
6	yhy	f	18	1	40	circle	green	(565, 619)	high	dis	(565, 460)	N	dif	vert	up	True	259058	260213	up	1	1	103
6	yhy	f	18	1	40	diamond	green	(533, 540)	low	no	no_dis	N	dif	hori	left	True	261264	262126	left	1	1	104
6	yhy	f	18	1	40	circle	red	(565, 619)	high	dis	(724, 460)	N	same	hori	left	True	263205	264101	left	1	1	105
6	yhy	f	18	1	40	circle	green	(724, 460)	low	dis	(565, 460)	N	same	hori	left	True	265312	266285	left	1	1	106
6	yhy	f	18	1	40	circle	red	(645, 652)	low	dis	(724, 619)	N	same	hori	left	True	267472	268670	left	1	1	107
6	yhy	f	18	1	40	circle	red	(533, 540)	low	no	no_dis	N	dif	vert	up	True	269783	270773	up	1	1	108
6	yhy	f	18	1	40	circle	red	(565, 619)	high	dis	(565, 460)	N	same	vert	up	True	271824	272733	up	1	1	109
6	yhy	f	18	1	40	circle	green	(757, 540)	low	no	no_dis	N	dif	hori	left	True	273789	274501	left	1	1	110
6	yhy	f	18	1	40	circle	green	(724, 619)	low	dis	(565, 619)	Y	dif	hori	left	True	275526	276445	left	1	1	111
6	yhy	f	18	1	40	diamond	green	(724, 619)	low	no	no_dis	N	same	vert	up	True	277640	278709	up	1	1	112
6	yhy	f	18	1	40	circle	red	(645, 428)	low	dis	(533, 540)	N	dif	hori	left	True	279952	280982	left	1	1	113
6	yhy	f	18	1	40	diamond	red	(724, 619)	low	no	no_dis	N	same	hori	left	True	282185	283261	left	1	1	114
6	yhy	f	18	1	40	diamond	red	(565, 619)	high	dis	(757, 540)	N	same	hori	left	True	284420	285310	left	1	1	115
6	yhy	f	18	1	40	circle	green	(724, 460)	low	dis	(565, 619)	Y	dif	hori	left	True	286390	287253	left	1	1	116
6	yhy	f	18	1	40	diamond	red	(645, 652)	low	dis	(724, 619)	N	same	hori	left	True	288430	289453	left	1	1	117
6	yhy	f	18	1	40	circle	red	(565, 619)	high	dis	(724, 460)	N	same	hori	left	True	290499	291733	left	1	1	118
6	yhy	f	18	1	40	circle	red	(724, 619)	low	dis	(757, 540)	N	dif	hori	left	True	292768	293525	left	1	1	119
6	yhy	f	18	1	40	circle	green	(645, 652)	low	dis	(757, 540)	N	same	vert	up	True	294694	295678	up	1	1	120
6	yhy	f	18	1	40	circle	red	(565, 619)	high	no	no_dis	N	same	hori	left	True	332522	333766	left	1	2	1
6	yhy	f	18	1	40	circle	green	(645, 428)	low	dis	(565, 619)	Y	same	vert	up	True	334905	335878	up	1	2	2
6	yhy	f	18	1	40	diamond	green	(757, 540)	low	no	no_dis	N	dif	vert	up	True	336930	337726	up	1	2	3
6	yhy	f	18	1	40	diamond	green	(565, 619)	high	dis	(757, 540)	N	same	hori	left	True	338776	339805	left	1	2	4
6	yhy	f	18	1	40	circle	red	(565, 619)	high	dis	(533, 540)	N	dif	hori	left	True	340880	341742	left	1	2	5
6	yhy	f	18	1	40	diamond	green	(645, 652)	low	dis	(533, 540)	N	same	hori	left	True	342922	344270	left	1	2	6
6	yhy	f	18	1	40	circle	green	(565, 460)	low	dis	(645, 428)	N	dif	vert	up	True	345431	346486	left	0	2	7
6	yhy	f	18	1	40	circle	red	(645, 428)	low	no	no_dis	N	dif	vert	up	True	349026	350006	up	1	2	8
6	yhy	f	18	1	40	diamond	green	(565, 619)	high	dis	(645, 428)	N	dif	hori	left	True	351107	351910	left	1	2	9
6	yhy	f	18	1	40	diamond	red	(724, 619)	low	dis	(645, 652)	N	same	vert	up	True	352921	353894	up	1	2	10
6	yhy	f	18	1	40	circle	red	(565, 619)	high	dis	(533, 540)	N	dif	hori	left	True	355126	355990	left	1	2	11
6	yhy	f	18	1	40	diamond	red	(724, 460)	low	no	no_dis	N	same	hori	left	True	357000	358029	left	1	2	12
6	yhy	f	18	1	40	circle	green	(565, 619)	high	no	no_dis	N	dif	hori	left	True	359255	360214	left	1	2	13
6	yhy	f	18	1	40	diamond	green	(565, 619)	high	dis	(724, 619)	N	dif	vert	up	True	361241	362413	up	1	2	14
6	yhy	f	18	1	40	circle	green	(645, 428)	low	dis	(533, 540)	N	dif	hori	left	True	363630	364494	left	1	2	15
6	yhy	f	18	1	40	circle	red	(757, 540)	low	dis	(645, 428)	N	same	vert	up	True	365609	366645	up	1	2	16
6	yhy	f	18	1	40	circle	green	(565, 619)	high	dis	(724, 619)	N	dif	vert	up	True	367731	368662	up	1	2	17
6	yhy	f	18	1	40	circle	green	(565, 619)	high	dis	(645, 428)	N	dif	vert	up	True	369830	370918	up	1	2	18
6	yhy	f	18	1	40	diamond	red	(533, 540)	low	no	no_dis	N	dif	hori	left	True	372168	373037	left	1	2	19
6	yhy	f	18	1	40	diamond	red	(565, 460)	low	no	no_dis	N	same	hori	left	True	374239	375014	left	1	2	20
6	yhy	f	18	1	40	diamond	red	(565, 619)	high	no	no_dis	N	same	vert	up	True	376211	377238	up	1	2	21
6	yhy	f	18	1	40	diamond	red	(565, 619)	high	dis	(724, 619)	N	same	vert	up	True	378330	379382	up	1	2	22
6	yhy	f	18	1	40	circle	green	(757, 540)	low	no	no_dis	N	dif	hori	left	True	380460	381437	left	1	2	23
6	yhy	f	18	1	40	circle	green	(565, 619)	high	dis	(645, 428)	N	dif	hori	left	True	382636	383710	left	1	2	24
6	yhy	f	18	1	40	diamond	green	(565, 460)	low	dis	(565, 619)	Y	same	hori	left	True	384956	386214	left	1	2	25
6	yhy	f	18	1	40	diamond	green	(565, 619)	high	no	no_dis	N	dif	hori	left	True	387317	388014	left	1	2	26
6	yhy	f	18	1	40	diamond	green	(645, 652)	low	dis	(565, 460)	N	dif	vert	up	True	389116	390758	up	1	2	27
6	yhy	f	18	1	40	diamond	green	(565, 460)	low	no	no_dis	N	same	vert	up	True	391846	392846	up	1	2	28
6	yhy	f	18	1	40	diamond	red	(645, 652)	low	dis	(565, 619)	Y	same	vert	up	True	394028	395005	up	1	2	29
6	yhy	f	18	1	40	diamond	green	(565, 619)	high	dis	(757, 540)	N	same	vert	up	True	396027	397086	up	1	2	30
6	yhy	f	18	1	40	circle	green	(565, 619)	high	dis	(724, 460)	N	same	hori	left	True	398282	399230	left	1	2	31
6	yhy	f	18	1	40	diamond	red	(565, 619)	high	dis	(645, 428)	N	same	vert	up	True	400438	401229	up	1	2	32
6	yhy	f	18	1	40	circle	red	(645, 428)	low	dis	(724, 619)	N	same	hori	left	True	402469	403366	left	1	2	33
6	yhy	f	18	1	40	diamond	green	(565, 460)	low	no	no_dis	N	dif	vert	up	True	404595	405598	up	1	2	34
6	yhy	f	18	1	40	circle	red	(565, 619)	high	dis	(724, 460)	N	dif	hori	left	True	406837	407654	left	1	2	35
6	yhy	f	18	1	40	circle	green	(757, 540)	low	dis	(565, 460)	N	same	vert	up	True	408904	409701	up	1	2	36
6	yhy	f	18	1	40	diamond	green	(724, 619)	low	dis	(645, 652)	N	dif	hori	left	True	410910	411957	left	1	2	37
6	yhy	f	18	1	40	circle	green	(645, 428)	low	dis	(645, 652)	N	dif	hori	left	True	413170	414302	left	1	2	38
6	yhy	f	18	1	40	diamond	green	(645, 428)	low	no	no_dis	N	same	hori	left	True	415390	416470	left	1	2	39
6	yhy	f	18	1	40	circle	green	(533, 540)	low	dis	(757, 540)	N	dif	vert	up	True	417634	418662	up	1	2	40
6	yhy	f	18	1	40	diamond	green	(565, 460)	low	dis	(724, 619)	N	same	vert	up	True	419809	421158	up	1	2	41
6	yhy	f	18	1	40	circle	red	(724, 460)	low	no	no_dis	N	same	hori	left	True	422229	423182	left	1	2	42
6	yhy	f	18	1	40	diamond	red	(645, 428)	low	dis	(724, 619)	N	dif	vert	up	True	424235	424998	up	1	2	43
6	yhy	f	18	1	40	diamond	green	(645, 428)	low	dis	(757, 540)	N	same	hori	left	True	426149	427486	left	1	2	44
6	yhy	f	18	1	40	circle	green	(724, 619)	low	no	no_dis	N	same	vert	up	True	428544	429517	up	1	2	45
6	yhy	f	18	1	40	diamond	red	(565, 460)	low	dis	(533, 540)	N	dif	hori	left	True	430538	431774	left	1	2	46
6	yhy	f	18	1	40	circle	red	(565, 460)	low	no	no_dis	N	dif	vert	up	True	432947	433894	up	1	2	47
6	yhy	f	18	1	40	circle	green	(724, 460)	low	dis	(533, 540)	N	dif	vert	up	True	435017	436046	up	1	2	48
6	yhy	f	18	1	40	diamond	green	(565, 619)	high	dis	(565, 460)	N	same	hori	left	True	437135	438198	left	1	2	49
6	yhy	f	18	1	40	diamond	green	(724, 460)	low	dis	(757, 540)	N	dif	hori	left	True	439208	440341	left	1	2	50
6	yhy	f	18	1	40	circle	green	(533, 540)	low	no	no_dis	N	dif	hori	left	True	441458	442326	left	1	2	51
6	yhy	f	18	1	40	circle	green	(565, 619)	high	dis	(565, 460)	N	same	hori	left	True	443352	444565	left	1	2	52
6	yhy	f	18	1	40	circle	green	(565, 619)	high	dis	(533, 540)	N	same	vert	up	True	445738	446502	up	1	2	53
6	yhy	f	18	1	40	circle	red	(757, 540)	low	no	no_dis	N	dif	hori	left	True	447525	448325	left	1	2	54
6	yhy	f	18	1	40	diamond	green	(533, 540)	low	dis	(724, 619)	N	same	hori	left	True	449392	450278	left	1	2	55
6	yhy	f	18	1	40	circle	green	(565, 619)	high	dis	(645, 652)	N	dif	vert	up	True	451372	452421	up	1	2	56
6	yhy	f	18	1	40	circle	red	(533, 540)	low	no	no_dis	N	dif	hori	left	True	453453	454317	left	1	2	57
6	yhy	f	18	1	40	diamond	red	(565, 460)	low	dis	(645, 428)	N	dif	vert	up	True	455321	456294	up	1	2	58
6	yhy	f	18	1	40	diamond	red	(565, 619)	high	no	no_dis	N	dif	hori	left	True	457315	458837	left	1	2	59
6	yhy	f	18	1	40	circle	red	(533, 540)	low	dis	(724, 460)	N	dif	vert	up	True	459939	460822	up	1	2	60
6	yhy	f	18	1	40	circle	green	(724, 619)	low	dis	(724, 460)	N	dif	hori	left	True	461990	463166	left	1	2	61
6	yhy	f	18	1	40	diamond	green	(565, 619)	high	no	no_dis	N	same	hori	left	True	464205	465013	left	1	2	62
6	yhy	f	18	1	40	circle	red	(645, 652)	low	no	no_dis	N	same	vert	up	True	466165	466878	up	1	2	63
6	yhy	f	18	1	40	circle	green	(645, 652)	low	no	no_dis	N	same	vert	up	True	467997	468750	up	1	2	64
6	yhy	f	18	1	40	diamond	red	(645, 428)	low	dis	(724, 460)	N	same	vert	up	True	469868	470622	up	1	2	65
6	yhy	f	18	1	40	circle	red	(565, 619)	high	no	no_dis	N	dif	vert	up	True	471643	472525	up	1	2	66
6	yhy	f	18	1	40	diamond	red	(724, 619)	low	dis	(565, 460)	N	same	vert	up	True	473574	474581	up	1	2	67
6	yhy	f	18	1	40	diamond	green	(533, 540)	low	dis	(565, 619)	Y	same	vert	up	True	475770	477709	up	1	2	68
6	yhy	f	18	1	40	diamond	red	(565, 619)	high	dis	(645, 652)	N	same	hori	left	True	478759	479789	left	1	2	69
6	yhy	f	18	1	40	circle	red	(565, 619)	high	dis	(724, 460)	N	dif	hori	left	True	480994	481829	left	1	2	70
6	yhy	f	18	1	40	circle	red	(757, 540)	low	dis	(724, 619)	N	dif	hori	left	True	482863	484030	left	1	2	71
6	yhy	f	18	1	40	diamond	red	(565, 619)	high	dis	(565, 460)	N	dif	vert	up	True	485232	486341	up	1	2	72
6	yhy	f	18	1	40	diamond	red	(724, 460)	low	no	no_dis	N	same	vert	up	True	487499	488926	up	1	2	73
6	yhy	f	18	1	40	circle	red	(565, 619)	high	no	no_dis	N	same	vert	up	True	490159	491101	up	1	2	74
6	yhy	f	18	1	40	circle	red	(533, 540)	low	dis	(565, 460)	N	dif	hori	left	True	492353	493237	left	1	2	75
6	yhy	f	18	1	40	circle	red	(565, 619)	high	dis	(533, 540)	N	dif	vert	up	True	494377	495237	left	0	2	76
6	yhy	f	18	1	40	circle	red	(724, 619)	low	dis	(645, 428)	N	same	hori	left	True	497970	498701	left	1	2	77
6	yhy	f	18	1	40	circle	red	(565, 619)	high	dis	(645, 652)	N	same	vert	up	True	499939	501013	up	1	2	78
6	yhy	f	18	1	40	diamond	red	(565, 619)	high	no	no_dis	N	same	vert	up	True	502237	504109	up	1	2	79
6	yhy	f	18	1	40	diamond	green	(757, 540)	low	dis	(565, 619)	Y	dif	hori	left	True	505315	506294	left	1	2	80
6	yhy	f	18	1	40	circle	red	(565, 619)	high	no	no_dis	N	dif	vert	up	True	507318	508126	up	1	2	81
6	yhy	f	18	1	40	circle	red	(645, 652)	low	dis	(724, 460)	N	dif	hori	left	True	509327	510646	left	1	2	82
6	yhy	f	18	1	40	circle	green	(645, 652)	low	dis	(565, 619)	Y	same	hori	left	True	511855	512838	left	1	2	83
6	yhy	f	18	1	40	circle	red	(565, 619)	high	dis	(565, 460)	N	dif	hori	left	True	513913	514749	left	1	2	84
6	yhy	f	18	1	40	circle	green	(724, 460)	low	dis	(565, 619)	Y	dif	vert	up	True	515911	516870	up	1	2	85
6	yhy	f	18	1	40	diamond	green	(757, 540)	low	dis	(565, 619)	Y	same	hori	left	True	518022	519182	left	1	2	86
6	yhy	f	18	1	40	circle	green	(724, 460)	low	no	no_dis	N	same	hori	left	True	520318	521181	left	1	2	87
6	yhy	f	18	1	40	diamond	red	(565, 460)	low	dis	(645, 428)	N	dif	hori	left	True	522311	523301	left	1	2	88
6	yhy	f	18	1	40	circle	green	(565, 619)	high	no	no_dis	N	same	vert	up	True	524418	525262	up	1	2	89
6	yhy	f	18	1	40	diamond	red	(645, 652)	low	no	no_dis	N	same	hori	left	True	526392	527294	left	1	2	90
6	yhy	f	18	1	40	diamond	green	(757, 540)	low	no	no_dis	N	dif	vert	up	True	528546	529398	up	1	2	91
6	yhy	f	18	1	40	circle	red	(565, 460)	low	dis	(757, 540)	N	same	vert	up	True	530408	531725	up	1	2	92
6	yhy	f	18	1	40	circle	red	(724, 460)	low	dis	(565, 619)	Y	dif	vert	up	True	532777	533702	up	1	2	93
6	yhy	f	18	1	40	diamond	red	(645, 428)	low	no	no_dis	N	dif	hori	left	True	534811	535949	left	1	2	94
6	yhy	f	18	1	40	diamond	red	(724, 460)	low	dis	(645, 652)	N	dif	vert	up	True	537015	537926	up	1	2	95
6	yhy	f	18	1	40	circle	red	(565, 619)	high	dis	(724, 619)	N	same	hori	left	True	539101	540158	left	1	2	96
6	yhy	f	18	1	40	diamond	red	(565, 619)	high	dis	(757, 540)	N	same	vert	up	True	541269	542702	up	1	2	97
6	yhy	f	18	1	40	diamond	red	(565, 619)	high	dis	(565, 460)	N	same	vert	up	True	543886	545525	up	1	2	98
6	yhy	f	18	1	40	diamond	red	(757, 540)	low	dis	(645, 652)	N	same	hori	left	True	546754	547566	left	1	2	99
6	yhy	f	18	1	40	diamond	green	(565, 619)	high	dis	(645, 652)	N	dif	vert	up	True	548654	550333	up	1	2	100
6	yhy	f	18	1	40	diamond	red	(565, 619)	high	no	no_dis	N	dif	vert	up	True	551556	552702	up	1	2	101
6	yhy	f	18	1	40	circle	green	(724, 619)	low	dis	(757, 540)	N	dif	hori	left	True	553831	554837	left	1	2	102
6	yhy	f	18	1	40	circle	green	(565, 619)	high	no	no_dis	N	dif	hori	left	True	555960	556806	left	1	2	103
6	yhy	f	18	1	40	diamond	green	(565, 619)	high	dis	(645, 428)	N	dif	hori	left	True	558008	558934	left	1	2	104
6	yhy	f	18	1	40	diamond	red	(565, 619)	high	dis	(724, 460)	N	same	vert	up	True	560129	561118	up	1	2	105
6	yhy	f	18	1	40	diamond	red	(565, 619)	high	dis	(757, 540)	N	same	hori	left	True	562369	563157	left	1	2	106
6	yhy	f	18	1	40	circle	green	(645, 652)	low	dis	(757, 540)	N	same	vert	up	True	564161	565085	up	1	2	107
6	yhy	f	18	1	40	circle	red	(533, 540)	low	dis	(724, 460)	N	same	hori	left	True	566294	567206	left	1	2	108
6	yhy	f	18	1	40	diamond	green	(724, 619)	low	no	no_dis	N	dif	vert	up	True	568250	569150	up	1	2	109
6	yhy	f	18	1	40	circle	green	(724, 619)	low	no	no_dis	N	same	vert	up	True	570267	571101	up	1	2	110
6	yhy	f	18	1	40	diamond	green	(565, 619)	high	dis	(645, 652)	N	same	hori	left	True	572308	574429	left	1	2	111
6	yhy	f	18	1	40	diamond	green	(565, 619)	high	no	no_dis	N	same	hori	left	True	575569	576526	left	1	2	112
6	yhy	f	18	1	40	diamond	red	(724, 460)	low	dis	(724, 619)	N	dif	vert	up	True	577677	578805	up	1	2	113
6	yhy	f	18	1	40	diamond	green	(724, 619)	low	dis	(724, 460)	N	dif	vert	up	True	579913	580958	up	1	2	114
6	yhy	f	18	1	40	circle	red	(645, 652)	low	dis	(565, 460)	N	same	hori	left	True	582208	583094	left	1	2	115
6	yhy	f	18	1	40	circle	green	(565, 619)	high	no	no_dis	N	same	hori	left	True	584230	585190	left	1	2	116
6	yhy	f	18	1	40	diamond	red	(533, 540)	low	dis	(565, 619)	Y	same	vert	up	True	586396	588061	up	1	2	117
6	yhy	f	18	1	40	diamond	green	(565, 619)	high	no	no_dis	N	dif	vert	up	True	589250	590374	up	1	2	118
6	yhy	f	18	1	40	circle	red	(724, 460)	low	dis	(533, 540)	N	same	hori	left	True	591430	592478	left	1	2	119
6	yhy	f	18	1	40	circle	green	(565, 619)	high	dis	(533, 540)	N	dif	vert	up	True	593644	594670	up	1	2	120
6	yhy	f	18	1	40	diamond	red	(565, 619)	high	dis	(645, 652)	N	dif	vert	up	True	629461	631222	up	1	3	1
6	yhy	f	18	1	40	circle	red	(565, 619)	high	dis	(724, 460)	N	dif	hori	left	True	632257	632990	left	1	3	2
6	yhy	f	18	1	40	diamond	green	(724, 619)	low	dis	(565, 619)	Y	same	hori	left	True	634109	635110	left	1	3	3
6	yhy	f	18	1	40	diamond	green	(565, 619)	high	no	no_dis	N	same	vert	up	True	636165	637494	up	1	3	4
6	yhy	f	18	1	40	diamond	green	(565, 619)	high	no	no_dis	N	same	vert	up	True	638651	639581	up	1	3	5
6	yhy	f	18	1	40	diamond	green	(645, 652)	low	dis	(565, 619)	Y	same	hori	left	True	640756	642118	left	1	3	6
6	yhy	f	18	1	40	circle	red	(565, 619)	high	no	no_dis	N	dif	hori	left	True	643332	644117	left	1	3	7
6	yhy	f	18	1	40	circle	red	(757, 540)	low	dis	(645, 652)	N	same	vert	up	True	645195	646094	up	1	3	8
6	yhy	f	18	1	40	circle	green	(757, 540)	low	dis	(565, 460)	N	same	vert	up	True	647127	647982	up	1	3	9
6	yhy	f	18	1	40	diamond	green	(565, 619)	high	dis	(645, 428)	N	same	vert	up	True	649185	650390	up	1	3	10
6	yhy	f	18	1	40	diamond	red	(724, 619)	low	no	no_dis	N	same	vert	up	True	651633	652661	up	1	3	11
6	yhy	f	18	1	40	circle	green	(724, 460)	low	dis	(533, 540)	N	dif	hori	left	True	653874	654853	left	1	3	12
6	yhy	f	18	1	40	diamond	green	(565, 619)	high	no	no_dis	N	dif	vert	up	True	656051	656813	up	1	3	13
6	yhy	f	18	1	40	circle	green	(724, 460)	low	dis	(565, 619)	Y	same	hori	left	True	657894	658934	left	1	3	14
6	yhy	f	18	1	40	circle	green	(565, 619)	high	dis	(757, 540)	N	dif	vert	up	True	660039	660877	up	1	3	15
6	yhy	f	18	1	40	circle	green	(645, 428)	low	no	no_dis	N	same	hori	left	True	662114	662830	left	1	3	16
6	yhy	f	18	1	40	circle	green	(565, 619)	high	dis	(533, 540)	N	dif	hori	left	True	664044	664894	left	1	3	17
6	yhy	f	18	1	40	circle	red	(565, 460)	low	dis	(757, 540)	N	same	vert	up	True	665977	666902	up	1	3	18
6	yhy	f	18	1	40	diamond	green	(724, 460)	low	no	no_dis	N	same	vert	up	True	668024	669326	up	1	3	19
6	yhy	f	18	1	40	circle	red	(565, 619)	high	dis	(645, 652)	N	same	vert	up	True	670406	671262	up	1	3	20
6	yhy	f	18	1	40	diamond	red	(645, 428)	low	dis	(565, 619)	Y	dif	vert	up	True	672403	673110	up	1	3	21
6	yhy	f	18	1	40	diamond	red	(645, 652)	low	dis	(533, 540)	N	dif	vert	up	True	674331	675710	up	1	3	22
6	yhy	f	18	1	40	diamond	red	(724, 460)	low	dis	(565, 460)	N	dif	hori	left	True	676874	677614	left	1	3	23
6	yhy	f	18	1	40	circle	green	(565, 619)	high	dis	(645, 652)	N	same	hori	left	True	678847	679886	left	1	3	24
6	yhy	f	18	1	40	diamond	red	(645, 652)	low	no	no_dis	N	dif	hori	left	True	681113	682501	left	1	3	25
6	yhy	f	18	1	40	diamond	red	(565, 619)	high	no	no_dis	N	dif	hori	left	True	683520	684470	left	1	3	26
6	yhy	f	18	1	40	diamond	red	(724, 460)	low	no	no_dis	N	same	hori	left	True	685590	686358	left	1	3	27
6	yhy	f	18	1	40	diamond	red	(565, 619)	high	dis	(533, 540)	N	same	hori	left	True	687467	688333	left	1	3	28
6	yhy	f	18	1	40	circle	green	(565, 619)	high	no	no_dis	N	dif	hori	left	True	689497	690557	left	1	3	29
6	yhy	f	18	1	40	circle	green	(645, 428)	low	dis	(565, 619)	Y	dif	hori	left	True	691602	692542	left	1	3	30
6	yhy	f	18	1	40	diamond	green	(565, 619)	high	dis	(565, 460)	N	same	vert	up	True	693545	695230	up	1	3	31
6	yhy	f	18	1	40	circle	red	(757, 540)	low	dis	(724, 619)	N	same	vert	up	True	696352	697309	up	1	3	32
6	yhy	f	18	1	40	circle	red	(565, 619)	high	dis	(565, 460)	N	same	hori	left	True	698343	699238	left	1	3	33
6	yhy	f	18	1	40	circle	green	(645, 428)	low	no	no_dis	N	same	hori	left	True	700261	701094	left	1	3	34
6	yhy	f	18	1	40	diamond	red	(565, 460)	low	dis	(724, 619)	N	dif	vert	up	True	702108	702902	up	1	3	35
6	yhy	f	18	1	40	circle	red	(724, 460)	low	dis	(565, 619)	Y	same	hori	left	True	703964	704685	left	1	3	36
6	yhy	f	18	1	40	diamond	green	(757, 540)	low	dis	(724, 619)	N	dif	hori	left	True	705816	707246	left	1	3	37
6	yhy	f	18	1	40	circle	red	(565, 619)	high	dis	(724, 619)	N	dif	vert	up	True	708297	709054	up	1	3	38
6	yhy	f	18	1	40	diamond	red	(565, 619)	high	dis	(533, 540)	N	dif	hori	left	True	710129	711414	left	1	3	39
6	yhy	f	18	1	40	circle	red	(724, 619)	low	dis	(645, 652)	N	same	hori	left	True	712656	713405	left	1	3	40
6	yhy	f	18	1	40	diamond	green	(757, 540)	low	no	no_dis	N	dif	hori	left	True	714549	715334	left	1	3	41
6	yhy	f	18	1	40	diamond	red	(533, 540)	low	dis	(645, 428)	N	same	vert	up	True	716488	717350	up	1	3	42
6	yhy	f	18	1	40	circle	red	(533, 540)	low	dis	(565, 619)	Y	dif	vert	up	True	718504	719398	up	1	3	43
6	yhy	f	18	1	40	diamond	red	(565, 619)	high	dis	(724, 619)	N	same	hori	left	True	720402	721638	left	1	3	44
6	yhy	f	18	1	40	circle	green	(565, 460)	low	no	no_dis	N	dif	vert	up	True	722783	723766	up	1	3	45
6	yhy	f	18	1	40	diamond	red	(645, 428)	low	dis	(757, 540)	N	same	hori	left	True	724872	725710	left	1	3	46
6	yhy	f	18	1	40	diamond	red	(565, 619)	high	dis	(724, 460)	N	same	vert	up	True	726924	727662	up	1	3	47
6	yhy	f	18	1	40	circle	green	(645, 652)	low	dis	(724, 460)	N	dif	hori	left	True	728676	729622	left	1	3	48
6	yhy	f	18	1	40	circle	green	(645, 652)	low	dis	(533, 540)	N	same	hori	left	True	730678	731438	left	1	3	49
6	yhy	f	18	1	40	diamond	red	(565, 619)	high	no	no_dis	N	same	hori	left	True	732518	733517	left	1	3	50
6	yhy	f	18	1	40	diamond	red	(645, 428)	low	dis	(724, 619)	N	dif	hori	left	True	734578	735438	left	1	3	51
6	yhy	f	18	1	40	circle	green	(565, 619)	high	no	no_dis	N	dif	vert	up	True	736542	737422	up	1	3	52
6	yhy	f	18	1	40	circle	red	(757, 540)	low	no	no_dis	N	dif	vert	up	True	738550	739349	up	1	3	53
6	yhy	f	18	1	40	circle	green	(645, 428)	low	dis	(533, 540)	N	dif	hori	left	True	740455	741518	left	1	3	54
6	yhy	f	18	1	40	circle	red	(533, 540)	low	dis	(757, 540)	N	same	vert	up	True	742604	743757	up	1	3	55
6	yhy	f	18	1	40	diamond	green	(565, 619)	high	dis	(565, 460)	N	same	hori	left	True	744872	745750	left	1	3	56
6	yhy	f	18	1	40	circle	green	(565, 619)	high	dis	(724, 460)	N	dif	hori	left	True	746997	747685	left	1	3	57
6	yhy	f	18	1	40	diamond	green	(565, 619)	high	dis	(724, 460)	N	dif	hori	left	True	748879	749606	left	1	3	58
6	yhy	f	18	1	40	diamond	red	(724, 619)	low	dis	(565, 460)	N	same	vert	up	True	750712	751590	up	1	3	59
6	yhy	f	18	1	40	circle	green	(565, 460)	low	dis	(645, 652)	N	same	hori	left	True	752649	753598	left	1	3	60
6	yhy	f	18	1	40	diamond	red	(565, 619)	high	no	no_dis	N	same	vert	up	True	754834	755678	up	1	3	61
6	yhy	f	18	1	40	circle	green	(533, 540)	low	no	no_dis	N	dif	hori	left	True	756876	757878	left	1	3	62
6	yhy	f	18	1	40	circle	green	(724, 619)	low	dis	(565, 460)	N	dif	hori	left	True	758947	759645	left	1	3	63
6	yhy	f	18	1	40	circle	red	(724, 460)	low	dis	(724, 619)	N	same	vert	up	True	760845	761710	up	1	3	64
6	yhy	f	18	1	40	diamond	green	(724, 619)	low	no	no_dis	N	dif	vert	up	True	762900	764118	up	1	3	65
6	yhy	f	18	1	40	diamond	red	(565, 619)	high	no	no_dis	N	dif	vert	up	True	765128	765862	up	1	3	66
6	yhy	f	18	1	40	circle	green	(565, 619)	high	dis	(757, 540)	N	same	hori	left	True	766942	767910	left	1	3	67
6	yhy	f	18	1	40	circle	red	(565, 619)	high	dis	(724, 619)	N	same	vert	up	True	769126	770174	up	1	3	68
6	yhy	f	18	1	40	diamond	green	(565, 460)	low	no	no_dis	N	same	vert	up	True	771379	772390	up	1	3	69
6	yhy	f	18	1	40	diamond	green	(565, 460)	low	dis	(645, 652)	N	same	vert	up	True	773426	774270	up	1	3	70
6	yhy	f	18	1	40	diamond	green	(533, 540)	low	dis	(724, 460)	N	dif	hori	left	True	775374	776166	left	1	3	71
6	yhy	f	18	1	40	diamond	green	(724, 460)	low	dis	(645, 428)	N	dif	vert	up	True	777373	778446	up	1	3	72
6	yhy	f	18	1	40	diamond	red	(724, 619)	low	no	no_dis	N	dif	hori	left	True	779638	780430	left	1	3	73
6	yhy	f	18	1	40	diamond	green	(645, 652)	low	no	no_dis	N	same	hori	left	True	781623	782270	left	1	3	74
6	yhy	f	18	1	40	diamond	red	(724, 619)	low	dis	(565, 619)	Y	dif	vert	up	True	783402	784166	up	1	3	75
6	yhy	f	18	1	40	circle	red	(565, 619)	high	dis	(724, 619)	N	same	vert	up	True	785186	786094	up	1	3	76
6	yhy	f	18	1	40	circle	green	(757, 540)	low	no	no_dis	N	dif	hori	left	True	787321	788078	left	1	3	77
6	yhy	f	18	1	40	circle	red	(645, 652)	low	dis	(724, 460)	N	dif	hori	left	True	789111	789877	left	1	3	78
6	yhy	f	18	1	40	diamond	red	(645, 428)	low	no	no_dis	N	dif	vert	up	True	791009	791886	up	1	3	79
6	yhy	f	18	1	40	circle	red	(645, 652)	low	no	no_dis	N	same	vert	up	True	793110	793837	up	1	3	80
6	yhy	f	18	1	40	circle	green	(565, 619)	high	no	no_dis	N	same	hori	left	True	795015	795766	left	1	3	81
6	yhy	f	18	1	40	circle	red	(724, 460)	low	no	no_dis	N	dif	vert	up	True	796861	797621	up	1	3	82
6	yhy	f	18	1	40	diamond	red	(565, 460)	low	dis	(757, 540)	N	same	vert	up	True	798798	799774	up	1	3	83
6	yhy	f	18	1	40	circle	green	(645, 652)	low	dis	(757, 540)	N	dif	vert	up	True	800904	801758	up	1	3	84
6	yhy	f	18	1	40	circle	green	(565, 619)	high	dis	(724, 460)	N	same	hori	left	True	802832	803638	left	1	3	85
6	yhy	f	18	1	40	diamond	red	(565, 619)	high	dis	(645, 428)	N	dif	vert	up	True	804656	805358	up	1	3	86
6	yhy	f	18	1	40	diamond	green	(724, 460)	low	dis	(565, 619)	Y	dif	vert	up	True	806385	807822	up	1	3	87
6	yhy	f	18	1	40	diamond	red	(565, 619)	high	dis	(645, 428)	N	dif	vert	up	True	808925	809814	up	1	3	88
6	yhy	f	18	1	40	circle	red	(565, 619)	high	no	no_dis	N	same	vert	up	True	810828	812101	up	1	3	89
6	yhy	f	18	1	40	diamond	green	(565, 460)	low	dis	(533, 540)	N	same	vert	up	True	813186	813974	up	1	3	90
6	yhy	f	18	1	40	diamond	green	(757, 540)	low	dis	(645, 652)	N	dif	vert	up	True	815019	816038	up	1	3	91
6	yhy	f	18	1	40	circle	red	(645, 652)	low	dis	(724, 619)	N	dif	vert	up	True	817073	818510	up	1	3	92
6	yhy	f	18	1	40	circle	red	(565, 619)	high	no	no_dis	N	same	hori	left	True	819658	820366	left	1	3	93
6	yhy	f	18	1	40	diamond	green	(565, 619)	high	dis	(533, 540)	N	dif	hori	left	True	821400	823006	left	1	3	94
6	yhy	f	18	1	40	diamond	red	(533, 540)	low	no	no_dis	N	same	vert	up	True	824067	825030	up	1	3	95
6	yhy	f	18	1	40	circle	green	(724, 619)	low	dis	(645, 428)	N	same	hori	left	True	826166	827126	left	1	3	96
6	yhy	f	18	1	40	circle	green	(565, 619)	high	no	no_dis	N	dif	vert	up	True	828161	829070	up	1	3	97
6	yhy	f	18	1	40	diamond	green	(533, 540)	low	dis	(645, 428)	N	same	hori	left	True	830220	832110	left	1	3	98
6	yhy	f	18	1	40	circle	red	(724, 619)	low	dis	(645, 428)	N	same	hori	left	True	833199	834277	left	1	3	99
6	yhy	f	18	1	40	circle	green	(533, 540)	low	dis	(565, 460)	N	dif	vert	up	True	835423	836501	up	1	3	100
6	yhy	f	18	1	40	diamond	green	(565, 619)	high	dis	(757, 540)	N	dif	hori	left	True	837571	838382	left	1	3	101
6	yhy	f	18	1	40	circle	red	(565, 619)	high	dis	(757, 540)	N	same	hori	left	True	839396	840493	left	1	3	102
6	yhy	f	18	1	40	circle	red	(645, 428)	low	dis	(565, 619)	Y	dif	hori	left	True	841501	842318	left	1	3	103
6	yhy	f	18	1	40	diamond	green	(565, 619)	high	dis	(757, 540)	N	dif	vert	up	True	843384	844278	up	1	3	104
6	yhy	f	18	1	40	diamond	red	(757, 540)	low	dis	(565, 460)	N	dif	hori	left	True	845358	846166	left	1	3	105
6	yhy	f	18	1	40	circle	green	(565, 619)	high	dis	(645, 652)	N	dif	hori	left	True	847290	848037	left	1	3	106
6	yhy	f	18	1	40	circle	red	(645, 652)	low	no	no_dis	N	dif	vert	up	True	849250	850078	up	1	3	107
6	yhy	f	18	1	40	diamond	green	(565, 619)	high	no	no_dis	N	dif	hori	left	True	851146	851958	left	1	3	108
6	yhy	f	18	1	40	diamond	red	(565, 619)	high	dis	(533, 540)	N	same	vert	up	True	853083	854022	up	1	3	109
6	yhy	f	18	1	40	circle	red	(565, 460)	low	no	no_dis	N	same	hori	left	True	855183	856046	left	1	3	110
6	yhy	f	18	1	40	circle	green	(533, 540)	low	no	no_dis	N	dif	hori	left	True	857144	858014	left	1	3	111
6	yhy	f	18	1	40	circle	green	(565, 619)	high	dis	(645, 428)	N	dif	vert	up	True	859191	860166	up	1	3	112
6	yhy	f	18	1	40	circle	red	(565, 619)	high	no	no_dis	N	same	hori	left	True	861410	862350	left	1	3	113
6	yhy	f	18	1	40	diamond	green	(757, 540)	low	dis	(724, 460)	N	dif	vert	up	True	863359	864221	up	1	3	114
6	yhy	f	18	1	40	circle	red	(757, 540)	low	no	no_dis	N	same	vert	up	True	865298	866166	up	1	3	115
6	yhy	f	18	1	40	circle	red	(565, 619)	high	dis	(565, 460)	N	dif	vert	up	True	867260	868086	up	1	3	116
6	yhy	f	18	1	40	diamond	green	(565, 619)	high	dis	(645, 428)	N	same	vert	up	True	869259	870518	up	1	3	117
6	yhy	f	18	1	40	diamond	green	(645, 428)	low	dis	(645, 652)	N	same	hori	left	True	871716	872446	left	1	3	118
6	yhy	f	18	1	40	diamond	green	(645, 428)	low	no	no_dis	N	same	hori	left	True	873677	874798	left	1	3	119
6	yhy	f	18	1	40	diamond	red	(565, 460)	low	dis	(724, 460)	N	same	vert	up	True	875975	876838	up	1	3	120
6	yhy	f	18	1	40	diamond	green	(565, 619)	high	dis	(645, 652)	N	same	hori	left	True	910990	911966	left	1	4	1
6	yhy	f	18	1	40	diamond	red	(565, 619)	high	dis	(724, 619)	N	dif	hori	left	True	913019	913806	left	1	4	2
6	yhy	f	18	1	40	diamond	red	(565, 619)	high	dis	(565, 460)	N	dif	hori	left	True	915031	916118	left	1	4	3
6	yhy	f	18	1	40	circle	red	(565, 460)	low	dis	(645, 428)	N	same	vert	up	True	917355	918429	up	1	4	4
6	yhy	f	18	1	40	diamond	green	(565, 460)	low	dis	(757, 540)	N	dif	vert	up	True	919475	920453	up	1	4	5
6	yhy	f	18	1	40	diamond	green	(565, 619)	high	dis	(724, 460)	N	dif	vert	up	True	921582	922758	up	1	4	6
6	yhy	f	18	1	40	diamond	green	(724, 460)	low	no	no_dis	N	dif	hori	left	True	923947	924630	left	1	4	7
6	yhy	f	18	1	40	diamond	red	(645, 428)	low	no	no_dis	N	dif	hori	left	True	925639	926565	left	1	4	8
6	yhy	f	18	1	40	circle	green	(533, 540)	low	dis	(724, 619)	N	same	vert	up	True	927787	928902	up	1	4	9
6	yhy	f	18	1	40	diamond	green	(565, 619)	high	dis	(724, 460)	N	same	vert	up	True	929946	930630	up	1	4	10
6	yhy	f	18	1	40	circle	red	(645, 428)	low	no	no_dis	N	dif	vert	up	True	931803	932558	up	1	4	11
6	yhy	f	18	1	40	circle	red	(565, 619)	high	dis	(533, 540)	N	same	hori	left	True	933781	934582	left	1	4	12
6	yhy	f	18	1	40	circle	red	(757, 540)	low	dis	(724, 460)	N	same	hori	left	True	935683	936302	left	1	4	13
6	yhy	f	18	1	40	diamond	red	(565, 619)	high	dis	(533, 540)	N	dif	vert	up	True	937470	938294	up	1	4	14
6	yhy	f	18	1	40	diamond	red	(565, 619)	high	dis	(724, 460)	N	dif	vert	up	True	939343	940038	up	1	4	15
6	yhy	f	18	1	40	circle	red	(565, 619)	high	dis	(724, 619)	N	dif	vert	up	True	941219	941990	up	1	4	16
6	yhy	f	18	1	40	diamond	red	(565, 619)	high	no	no_dis	N	dif	hori	left	True	943074	944422	left	1	4	17
6	yhy	f	18	1	40	diamond	green	(645, 652)	low	dis	(565, 460)	N	dif	vert	up	True	945594	946349	up	1	4	18
6	yhy	f	18	1	40	circle	red	(565, 619)	high	dis	(565, 460)	N	dif	vert	up	True	947365	948070	up	1	4	19
6	yhy	f	18	1	40	circle	green	(565, 460)	low	no	no_dis	N	same	vert	up	True	949090	949830	up	1	4	20
6	yhy	f	18	1	40	diamond	green	(533, 540)	low	dis	(724, 460)	N	same	vert	up	True	950940	951582	up	1	4	21
6	yhy	f	18	1	40	circle	green	(724, 460)	low	no	no_dis	N	same	vert	up	True	952819	953526	up	1	4	22
6	yhy	f	18	1	40	diamond	red	(724, 460)	low	dis	(565, 619)	Y	same	hori	left	True	954766	955997	left	1	4	23
6	yhy	f	18	1	40	diamond	green	(757, 540)	low	no	no_dis	N	dif	vert	up	True	957142	957910	up	1	4	24
6	yhy	f	18	1	40	circle	red	(757, 540)	low	no	no_dis	N	same	vert	up	True	959149	960069	up	1	4	25
6	yhy	f	18	1	40	circle	red	(724, 619)	low	no	no_dis	N	same	hori	left	True	961186	961950	left	1	4	26
6	yhy	f	18	1	40	circle	green	(724, 460)	low	dis	(533, 540)	N	dif	vert	up	True	963088	963934	up	1	4	27
6	yhy	f	18	1	40	diamond	red	(565, 619)	high	dis	(645, 652)	N	same	hori	left	True	965161	965854	left	1	4	28
6	yhy	f	18	1	40	circle	red	(724, 460)	low	dis	(757, 540)	N	dif	hori	left	True	966990	967894	left	1	4	29
6	yhy	f	18	1	40	circle	green	(565, 619)	high	no	no_dis	N	dif	hori	left	True	969107	969830	left	1	4	30
6	yhy	f	18	1	40	diamond	red	(724, 619)	low	dis	(645, 428)	N	dif	hori	left	True	970881	971973	left	1	4	31
6	yhy	f	18	1	40	diamond	red	(565, 619)	high	dis	(724, 460)	N	same	vert	up	True	972994	974046	up	1	4	32
6	yhy	f	18	1	40	circle	red	(565, 619)	high	dis	(645, 428)	N	same	vert	up	True	975070	975789	up	1	4	33
6	yhy	f	18	1	40	diamond	green	(724, 460)	low	dis	(565, 619)	Y	dif	hori	left	True	976801	977382	left	1	4	34
6	yhy	f	18	1	40	circle	green	(565, 619)	high	dis	(533, 540)	N	dif	hori	left	True	978550	979630	left	1	4	35
6	yhy	f	18	1	40	circle	red	(645, 652)	low	dis	(565, 619)	Y	dif	hori	left	True	980767	981414	left	1	4	36
6	yhy	f	18	1	40	diamond	red	(565, 460)	low	no	no_dis	N	dif	vert	up	True	982441	983230	up	1	4	37
6	yhy	f	18	1	40	diamond	green	(565, 619)	high	no	no_dis	N	same	hori	left	True	984314	985254	left	1	4	38
6	yhy	f	18	1	40	diamond	red	(645, 652)	low	no	no_dis	N	dif	vert	up	True	986269	986974	up	1	4	39
6	yhy	f	18	1	40	circle	green	(565, 619)	high	no	no_dis	N	same	hori	left	True	988116	988782	left	1	4	40
6	yhy	f	18	1	40	circle	green	(724, 460)	low	dis	(645, 652)	N	dif	hori	left	True	989815	990614	left	1	4	41
6	yhy	f	18	1	40	circle	green	(724, 619)	low	no	no_dis	N	dif	hori	left	True	991668	992294	left	1	4	42
6	yhy	f	18	1	40	diamond	red	(757, 540)	low	no	no_dis	N	dif	vert	up	True	993441	994382	up	1	4	43
6	yhy	f	18	1	40	circle	red	(565, 619)	high	dis	(565, 460)	N	dif	hori	left	True	995549	996494	left	1	4	44
6	yhy	f	18	1	40	diamond	red	(645, 428)	low	dis	(565, 460)	N	dif	vert	up	True	997696	998469	up	1	4	45
6	yhy	f	18	1	40	diamond	green	(565, 619)	high	dis	(724, 619)	N	dif	hori	left	True	999580	1000422	left	1	4	46
6	yhy	f	18	1	40	diamond	green	(565, 460)	low	dis	(533, 540)	N	dif	hori	left	True	1001495	1002445	left	1	4	47
6	yhy	f	18	1	40	circle	green	(565, 619)	high	dis	(645, 428)	N	same	hori	left	True	1003498	1004190	left	1	4	48
6	yhy	f	18	1	40	circle	green	(565, 619)	high	dis	(645, 428)	N	same	vert	up	True	1005389	1006158	up	1	4	49
6	yhy	f	18	1	40	diamond	green	(645, 428)	low	no	no_dis	N	same	vert	up	True	1007282	1008174	up	1	4	50
6	yhy	f	18	1	40	diamond	green	(565, 619)	high	no	no_dis	N	same	hori	left	True	1009218	1010262	left	1	4	51
6	yhy	f	18	1	40	diamond	red	(565, 619)	high	no	no_dis	N	same	vert	up	True	1011505	1012654	up	1	4	52
6	yhy	f	18	1	40	diamond	red	(645, 652)	low	dis	(645, 428)	N	dif	vert	up	True	1013761	1014534	up	1	4	53
6	yhy	f	18	1	40	diamond	green	(533, 540)	low	no	no_dis	N	dif	vert	up	True	1015657	1016254	up	1	4	54
6	yhy	f	18	1	40	diamond	red	(757, 540)	low	dis	(645, 428)	N	same	vert	up	True	1017486	1018198	left	0	4	55
6	yhy	f	18	1	40	circle	red	(565, 619)	high	dis	(645, 428)	N	same	vert	up	True	1020850	1021750	up	1	4	56
6	yhy	f	18	1	40	diamond	red	(724, 460)	low	no	no_dis	N	same	vert	up	True	1022940	1023581	up	1	4	57
6	yhy	f	18	1	40	circle	green	(645, 428)	low	dis	(724, 460)	N	same	hori	left	True	1024803	1025830	left	1	4	58
6	yhy	f	18	1	40	circle	red	(565, 619)	high	no	no_dis	N	dif	hori	left	True	1027038	1027782	left	1	4	59
6	yhy	f	18	1	40	circle	red	(565, 619)	high	dis	(645, 652)	N	same	hori	left	True	1028986	1029750	left	1	4	60
6	yhy	f	18	1	40	circle	red	(565, 619)	high	no	no_dis	N	same	vert	up	True	1030787	1031502	up	1	4	61
6	yhy	f	18	1	40	diamond	green	(533, 540)	low	dis	(645, 652)	N	same	hori	left	True	1032684	1034878	left	1	4	62
6	yhy	f	18	1	40	circle	green	(565, 619)	high	dis	(724, 619)	N	dif	hori	left	True	1036065	1036766	left	1	4	63
6	yhy	f	18	1	40	diamond	green	(565, 619)	high	dis	(757, 540)	N	same	hori	left	True	1037837	1038670	left	1	4	64
6	yhy	f	18	1	40	diamond	green	(565, 619)	high	no	no_dis	N	dif	vert	up	True	1039697	1040366	up	1	4	65
6	yhy	f	18	1	40	circle	red	(565, 619)	high	no	no_dis	N	dif	vert	up	True	1041529	1042822	up	1	4	66
6	yhy	f	18	1	40	diamond	red	(645, 428)	low	dis	(533, 540)	N	dif	hori	left	True	1043921	1044566	up	0	4	67
6	yhy	f	18	1	40	diamond	red	(757, 540)	low	dis	(565, 619)	Y	same	hori	left	True	1047272	1048486	left	1	4	68
6	yhy	f	18	1	40	diamond	green	(645, 428)	low	dis	(724, 619)	N	same	vert	up	True	1049624	1050574	up	1	4	69
6	yhy	f	18	1	40	diamond	green	(565, 460)	low	dis	(724, 460)	N	dif	hori	left	True	1051657	1052445	left	1	4	70
6	yhy	f	18	1	40	circle	red	(645, 652)	low	dis	(724, 619)	N	same	vert	up	True	1053663	1055022	up	1	4	71
6	yhy	f	18	1	40	circle	red	(757, 540)	low	dis	(565, 460)	N	dif	hori	left	True	1056076	1056774	left	1	4	72
6	yhy	f	18	1	40	circle	green	(724, 460)	low	dis	(757, 540)	N	same	vert	up	True	1057845	1058854	up	1	4	73
6	yhy	f	18	1	40	diamond	red	(565, 619)	high	dis	(645, 652)	N	same	hori	left	True	1060049	1061806	left	1	4	74
6	yhy	f	18	1	40	diamond	green	(565, 619)	high	dis	(645, 428)	N	dif	vert	up	True	1062942	1063862	up	1	4	75
6	yhy	f	18	1	40	diamond	red	(724, 619)	low	no	no_dis	N	dif	hori	left	True	1064968	1065637	left	1	4	76
6	yhy	f	18	1	40	diamond	red	(565, 460)	low	dis	(724, 619)	N	dif	hori	left	True	1066782	1067734	left	1	4	77
6	yhy	f	18	1	40	circle	green	(533, 540)	low	no	no_dis	N	same	hori	left	True	1068869	1070006	left	1	4	78
6	yhy	f	18	1	40	circle	green	(565, 619)	high	dis	(757, 540)	N	dif	vert	up	True	1071079	1072022	up	1	4	79
6	yhy	f	18	1	40	circle	red	(565, 460)	low	no	no_dis	N	dif	hori	left	True	1073076	1074158	left	1	4	80
6	yhy	f	18	1	40	diamond	green	(757, 540)	low	no	no_dis	N	same	hori	left	True	1075193	1075885	left	1	4	81
6	yhy	f	18	1	40	circle	red	(724, 619)	low	dis	(724, 460)	N	same	hori	left	True	1077024	1077982	left	1	4	82
6	yhy	f	18	1	40	diamond	green	(533, 540)	low	dis	(724, 460)	N	same	hori	left	True	1079183	1080094	left	1	4	83
6	yhy	f	18	1	40	circle	red	(645, 652)	low	dis	(533, 540)	N	same	vert	up	True	1081258	1082222	up	1	4	84
6	yhy	f	18	1	40	circle	green	(645, 428)	low	dis	(565, 460)	N	dif	vert	up	True	1083435	1084734	up	1	4	85
6	yhy	f	18	1	40	diamond	red	(724, 619)	low	dis	(565, 619)	Y	dif	vert	up	True	1085830	1087014	up	1	4	86
6	yhy	f	18	1	40	circle	red	(533, 540)	low	dis	(645, 652)	N	same	vert	up	True	1088023	1089038	up	1	4	87
6	yhy	f	18	1	40	circle	green	(645, 652)	low	no	no_dis	N	dif	hori	left	True	1090045	1090830	left	1	4	88
6	yhy	f	18	1	40	circle	green	(565, 619)	high	no	no_dis	N	same	hori	left	True	1092053	1092742	left	1	4	89
6	yhy	f	18	1	40	circle	red	(645, 652)	low	no	no_dis	N	same	hori	left	True	1093950	1094758	left	1	4	90
6	yhy	f	18	1	40	circle	green	(565, 619)	high	dis	(533, 540)	N	dif	hori	left	True	1095869	1096662	left	1	4	91
6	yhy	f	18	1	40	circle	red	(565, 619)	high	dis	(565, 460)	N	dif	hori	left	True	1097913	1098725	left	1	4	92
6	yhy	f	18	1	40	diamond	green	(533, 540)	low	no	no_dis	N	same	vert	up	True	1099893	1101750	up	1	4	93
6	yhy	f	18	1	40	diamond	green	(757, 540)	low	dis	(565, 619)	Y	same	hori	left	True	1102762	1103542	left	1	4	94
6	yhy	f	18	1	40	circle	green	(565, 619)	high	dis	(724, 619)	N	same	vert	up	True	1104605	1105310	left	0	4	95
6	yhy	f	18	1	40	circle	green	(565, 619)	high	no	no_dis	N	dif	vert	up	True	1108044	1109190	up	1	4	96
6	yhy	f	18	1	40	diamond	green	(757, 540)	low	dis	(565, 619)	Y	dif	vert	up	True	1110216	1111182	up	1	4	97
6	yhy	f	18	1	40	diamond	green	(724, 619)	low	dis	(533, 540)	N	same	hori	left	True	1112361	1113206	left	1	4	98
6	yhy	f	18	1	40	circle	green	(533, 540)	low	no	no_dis	N	same	hori	left	True	1114322	1115198	left	1	4	99
6	yhy	f	18	1	40	diamond	red	(533, 540)	low	dis	(565, 460)	N	dif	vert	up	True	1116447	1117502	up	1	4	100
6	yhy	f	18	1	40	circle	green	(565, 460)	low	dis	(645, 652)	N	same	hori	left	True	1118639	1119926	left	1	4	101
6	yhy	f	18	1	40	circle	green	(757, 540)	low	dis	(645, 652)	N	dif	vert	up	True	1120961	1121734	up	1	4	102
6	yhy	f	18	1	40	circle	red	(565, 619)	high	no	no_dis	N	same	vert	up	True	1122742	1123462	up	1	4	103
6	yhy	f	18	1	40	circle	green	(724, 619)	low	dis	(757, 540)	N	same	vert	up	True	1124602	1125686	up	1	4	104
6	yhy	f	18	1	40	circle	red	(533, 540)	low	dis	(565, 460)	N	same	vert	up	True	1126692	1127926	up	1	4	105
6	yhy	f	18	1	40	circle	green	(724, 619)	low	dis	(645, 652)	N	same	hori	left	True	1129025	1129878	left	1	4	106
6	yhy	f	18	1	40	diamond	red	(565, 619)	high	no	no_dis	N	same	vert	up	True	1130952	1131854	up	1	4	107
6	yhy	f	18	1	40	diamond	green	(565, 619)	high	dis	(533, 540)	N	same	hori	left	True	1133063	1134054	left	1	4	108
6	yhy	f	18	1	40	diamond	red	(724, 619)	low	dis	(565, 619)	Y	dif	vert	up	True	1135269	1136109	up	1	4	109
6	yhy	f	18	1	40	diamond	red	(565, 460)	low	dis	(724, 619)	N	same	vert	up	True	1137329	1138510	up	1	4	110
6	yhy	f	18	1	40	circle	green	(645, 652)	low	dis	(565, 619)	Y	same	hori	left	True	1139665	1140486	left	1	4	111
6	yhy	f	18	1	40	circle	green	(565, 619)	high	dis	(757, 540)	N	same	vert	up	True	1141630	1142846	up	1	4	112
6	yhy	f	18	1	40	diamond	red	(565, 619)	high	no	no_dis	N	dif	hori	left	True	1143860	1145734	left	1	4	113
6	yhy	f	18	1	40	circle	green	(645, 652)	low	dis	(645, 428)	N	dif	hori	left	True	1146872	1147862	left	1	4	114
6	yhy	f	18	1	40	circle	red	(645, 428)	low	dis	(757, 540)	N	dif	vert	up	True	1148950	1149742	up	1	4	115
6	yhy	f	18	1	40	diamond	red	(565, 619)	high	dis	(757, 540)	N	same	vert	up	True	1150973	1151734	up	1	4	116
6	yhy	f	18	1	40	diamond	green	(565, 619)	high	no	no_dis	N	dif	vert	up	True	1152939	1154038	up	1	4	117
6	yhy	f	18	1	40	circle	red	(724, 619)	low	no	no_dis	N	same	hori	left	True	1155246	1156110	left	1	4	118
6	yhy	f	18	1	40	diamond	green	(565, 619)	high	dis	(757, 540)	N	dif	vert	up	True	1157115	1157926	up	1	4	119
6	yhy	f	18	1	40	circle	red	(724, 460)	low	dis	(565, 619)	Y	dif	hori	left	True	1159034	1159797	left	1	4	120
6	yhy	f	18	1	40	diamond	green	(565, 619)	high	no	no_dis	N	dif	hori	left	True	1196589	1197798	left	1	5	1
6	yhy	f	18	1	40	circle	red	(565, 619)	high	no	no_dis	N	dif	vert	up	True	1198975	1199838	up	1	5	2
6	yhy	f	18	1	40	circle	green	(724, 460)	low	no	no_dis	N	same	hori	left	True	1200847	1201558	left	1	5	3
6	yhy	f	18	1	40	diamond	red	(565, 619)	high	no	no_dis	N	same	vert	up	True	1202637	1203398	up	1	5	4
6	yhy	f	18	1	40	diamond	green	(645, 428)	low	no	no_dis	N	same	hori	left	True	1204629	1205470	left	1	5	5
6	yhy	f	18	1	40	circle	red	(645, 652)	low	dis	(565, 460)	N	same	hori	left	True	1206658	1207398	left	1	5	6
6	yhy	f	18	1	40	diamond	red	(645, 428)	low	dis	(565, 619)	Y	same	hori	left	True	1208574	1209366	left	1	5	7
6	yhy	f	18	1	40	circle	green	(565, 619)	high	dis	(645, 428)	N	same	vert	up	True	1210587	1211454	up	1	5	8
6	yhy	f	18	1	40	diamond	green	(533, 540)	low	no	no_dis	N	same	hori	left	True	1212483	1213638	left	1	5	9
6	yhy	f	18	1	40	diamond	green	(757, 540)	low	dis	(645, 428)	N	dif	vert	up	True	1214675	1215693	up	1	5	10
6	yhy	f	18	1	40	diamond	green	(724, 460)	low	dis	(533, 540)	N	same	vert	up	True	1216751	1217518	up	1	5	11
6	yhy	f	18	1	40	diamond	red	(533, 540)	low	no	no_dis	N	same	vert	up	True	1218756	1219486	up	1	5	12
6	yhy	f	18	1	40	diamond	green	(565, 619)	high	dis	(645, 652)	N	dif	vert	up	True	1220699	1221558	up	1	5	13
6	yhy	f	18	1	40	diamond	red	(724, 619)	low	no	no_dis	N	same	hori	left	True	1222605	1223446	left	1	5	14
6	yhy	f	18	1	40	diamond	green	(724, 619)	low	no	no_dis	N	same	vert	up	True	1224633	1225302	up	1	5	15
6	yhy	f	18	1	40	circle	green	(565, 619)	high	dis	(724, 619)	N	same	vert	up	True	1226372	1226966	up	1	5	16
6	yhy	f	18	1	40	diamond	red	(724, 619)	low	dis	(757, 540)	N	same	vert	up	True	1228074	1229870	up	1	5	17
6	yhy	f	18	1	40	diamond	red	(645, 428)	low	dis	(724, 460)	N	dif	hori	left	True	1230941	1231862	left	1	5	18
6	yhy	f	18	1	40	circle	red	(565, 619)	high	no	no_dis	N	dif	hori	left	True	1232964	1233694	left	1	5	19
6	yhy	f	18	1	40	circle	green	(565, 619)	high	no	no_dis	N	dif	hori	left	True	1234880	1235590	left	1	5	20
6	yhy	f	18	1	40	circle	red	(724, 460)	low	dis	(565, 460)	N	dif	hori	left	True	1236794	1237542	left	1	5	21
6	yhy	f	18	1	40	circle	green	(645, 652)	low	dis	(565, 619)	Y	same	hori	left	True	1238608	1239286	left	1	5	22
6	yhy	f	18	1	40	diamond	green	(565, 619)	high	dis	(645, 652)	N	dif	vert	up	True	1240462	1241318	up	1	5	23
6	yhy	f	18	1	40	diamond	red	(645, 652)	low	no	no_dis	N	dif	vert	up	True	1242509	1243158	up	1	5	24
6	yhy	f	18	1	40	diamond	green	(757, 540)	low	no	no_dis	N	dif	hori	left	True	1244180	1245126	left	1	5	25
6	yhy	f	18	1	40	diamond	green	(565, 619)	high	no	no_dis	N	dif	vert	up	True	1246176	1246878	up	1	5	26
6	yhy	f	18	1	40	diamond	red	(565, 619)	high	dis	(757, 540)	N	dif	hori	left	True	1247982	1248678	left	1	5	27
6	yhy	f	18	1	40	diamond	red	(565, 460)	low	dis	(757, 540)	N	same	hori	left	True	1249713	1250510	left	1	5	28
6	yhy	f	18	1	40	diamond	red	(565, 460)	low	no	no_dis	N	dif	vert	up	True	1251655	1252334	up	1	5	29
6	yhy	f	18	1	40	diamond	red	(565, 619)	high	no	no_dis	N	same	hori	left	True	1253566	1254238	left	1	5	30
6	yhy	f	18	1	40	circle	red	(565, 619)	high	no	no_dis	N	dif	hori	left	True	1255381	1256838	left	1	5	31
6	yhy	f	18	1	40	circle	red	(724, 460)	low	dis	(533, 540)	N	same	hori	left	True	1257958	1258862	left	1	5	32
6	yhy	f	18	1	40	diamond	red	(565, 460)	low	no	no_dis	N	same	vert	up	True	1260030	1260878	up	1	5	33
6	yhy	f	18	1	40	circle	green	(724, 460)	low	dis	(757, 540)	N	dif	hori	left	True	1261970	1262902	left	1	5	34
6	yhy	f	18	1	40	circle	red	(565, 619)	high	dis	(757, 540)	N	same	hori	left	True	1263968	1265086	left	1	5	35
6	yhy	f	18	1	40	diamond	green	(565, 619)	high	dis	(645, 652)	N	dif	hori	left	True	1266206	1268102	left	1	5	36
6	yhy	f	18	1	40	diamond	red	(757, 540)	low	dis	(724, 619)	N	same	hori	left	True	1269172	1270254	left	1	5	37
6	yhy	f	18	1	40	diamond	green	(565, 619)	high	dis	(533, 540)	N	dif	vert	up	True	1271332	1272302	up	1	5	38
6	yhy	f	18	1	40	circle	red	(565, 619)	high	dis	(533, 540)	N	dif	hori	left	True	1273349	1274414	left	1	5	39
6	yhy	f	18	1	40	diamond	red	(533, 540)	low	dis	(645, 652)	N	dif	vert	up	True	1275566	1276462	up	1	5	40
6	yhy	f	18	1	40	diamond	green	(565, 619)	high	dis	(724, 460)	N	same	hori	left	True	1277641	1278462	left	1	5	41
6	yhy	f	18	1	40	diamond	green	(565, 619)	high	no	no_dis	N	same	hori	left	True	1279695	1280462	left	1	5	42
6	yhy	f	18	1	40	diamond	red	(565, 619)	high	no	no_dis	N	same	vert	up	True	1281659	1282558	up	1	5	43
6	yhy	f	18	1	40	circle	red	(724, 619)	low	no	no_dis	N	dif	vert	up	True	1283695	1284486	up	1	5	44
6	yhy	f	18	1	40	diamond	green	(565, 619)	high	dis	(724, 460)	N	dif	hori	left	True	1285546	1286302	left	1	5	45
6	yhy	f	18	1	40	circle	green	(565, 619)	high	dis	(565, 460)	N	dif	vert	up	True	1287358	1288310	up	1	5	46
6	yhy	f	18	1	40	circle	green	(565, 460)	low	dis	(645, 652)	N	dif	vert	up	True	1289483	1290606	up	1	5	47
6	yhy	f	18	1	40	diamond	green	(724, 619)	low	dis	(645, 652)	N	same	hori	left	True	1291620	1292798	left	1	5	48
6	yhy	f	18	1	40	circle	red	(533, 540)	low	no	no_dis	N	same	hori	left	True	1293921	1294638	left	1	5	49
6	yhy	f	18	1	40	circle	red	(724, 619)	low	dis	(757, 540)	N	dif	hori	left	True	1295833	1296574	left	1	5	50
6	yhy	f	18	1	40	diamond	red	(565, 619)	high	dis	(724, 619)	N	dif	hori	left	True	1297670	1299430	left	1	5	51
6	yhy	f	18	1	40	circle	red	(645, 652)	low	no	no_dis	N	dif	hori	left	True	1300673	1301326	left	1	5	52
6	yhy	f	18	1	40	circle	red	(565, 619)	high	dis	(565, 460)	N	dif	vert	up	True	1302555	1303398	up	1	5	53
6	yhy	f	18	1	40	diamond	green	(533, 540)	low	dis	(565, 619)	Y	dif	vert	up	True	1304632	1305734	up	1	5	54
6	yhy	f	18	1	40	circle	green	(565, 619)	high	dis	(645, 428)	N	same	vert	up	True	1306898	1307750	up	1	5	55
6	yhy	f	18	1	40	circle	red	(565, 619)	high	dis	(757, 540)	N	same	vert	up	True	1308991	1309814	up	1	5	56
6	yhy	f	18	1	40	diamond	red	(645, 428)	low	no	no_dis	N	same	vert	up	True	1311022	1311846	up	1	5	57
6	yhy	f	18	1	40	circle	red	(565, 460)	low	dis	(645, 428)	N	dif	vert	up	True	1313084	1314534	up	1	5	58
6	yhy	f	18	1	40	diamond	green	(565, 619)	high	dis	(724, 460)	N	dif	hori	left	True	1315696	1316574	left	1	5	59
6	yhy	f	18	1	40	diamond	red	(645, 428)	low	dis	(533, 540)	N	same	vert	up	True	1317669	1318390	up	1	5	60
6	yhy	f	18	1	40	circle	green	(565, 619)	high	no	no_dis	N	same	hori	left	True	1319618	1321430	left	1	5	61
6	yhy	f	18	1	40	circle	red	(533, 540)	low	dis	(724, 460)	N	dif	vert	up	True	1322543	1323702	up	1	5	62
6	yhy	f	18	1	40	circle	green	(757, 540)	low	dis	(724, 619)	N	same	vert	up	True	1324874	1325694	up	1	5	63
6	yhy	f	18	1	40	circle	green	(724, 619)	low	dis	(645, 428)	N	same	hori	left	True	1326876	1327622	left	1	5	64
6	yhy	f	18	1	40	diamond	red	(645, 652)	low	dis	(565, 619)	Y	same	vert	up	True	1328735	1329646	up	1	5	65
6	yhy	f	18	1	40	circle	green	(757, 540)	low	no	no_dis	N	dif	hori	left	True	1330881	1331582	left	1	5	66
6	yhy	f	18	1	40	circle	red	(533, 540)	low	dis	(645, 652)	N	same	hori	left	True	1332815	1333806	left	1	5	67
6	yhy	f	18	1	40	diamond	red	(565, 619)	high	dis	(533, 540)	N	same	hori	left	True	1335039	1336006	left	1	5	68
6	yhy	f	18	1	40	diamond	red	(565, 619)	high	dis	(724, 460)	N	dif	vert	up	True	1337036	1337775	up	1	5	69
6	yhy	f	18	1	40	diamond	red	(565, 619)	high	no	no_dis	N	same	vert	up	True	1338908	1339590	up	1	5	70
6	yhy	f	18	1	40	diamond	red	(565, 619)	high	dis	(565, 460)	N	same	hori	left	True	1340635	1341366	left	1	5	71
6	yhy	f	18	1	40	diamond	red	(565, 619)	high	dis	(565, 460)	N	dif	vert	up	True	1342515	1343110	up	1	5	72
6	yhy	f	18	1	40	circle	green	(645, 428)	low	dis	(565, 619)	Y	same	vert	up	True	1344359	1345318	up	1	5	73
6	yhy	f	18	1	40	circle	red	(757, 540)	low	dis	(724, 460)	N	dif	vert	up	True	1346456	1347206	up	1	5	74
6	yhy	f	18	1	40	circle	green	(533, 540)	low	dis	(565, 619)	Y	dif	hori	left	True	1348300	1349766	left	1	5	75
6	yhy	f	18	1	40	circle	red	(724, 619)	low	no	no_dis	N	dif	vert	up	True	1351003	1351646	up	1	5	76
6	yhy	f	18	1	40	circle	green	(533, 540)	low	no	no_dis	N	same	vert	up	True	1352848	1353870	up	1	5	77
6	yhy	f	18	1	40	circle	red	(645, 652)	low	dis	(565, 460)	N	dif	hori	left	True	1355086	1355910	left	1	5	78
6	yhy	f	18	1	40	diamond	green	(565, 619)	high	no	no_dis	N	same	hori	left	True	1356915	1358310	left	1	5	79
6	yhy	f	18	1	40	circle	red	(645, 428)	low	dis	(724, 619)	N	dif	hori	left	True	1359544	1360446	left	1	5	80
6	yhy	f	18	1	40	diamond	green	(565, 460)	low	dis	(645, 652)	N	dif	hori	left	True	1361520	1362382	left	1	5	81
6	yhy	f	18	1	40	circle	red	(565, 619)	high	no	no_dis	N	dif	vert	up	True	1363492	1364254	up	1	5	82
6	yhy	f	18	1	40	diamond	green	(645, 428)	low	dis	(533, 540)	N	same	vert	up	True	1365371	1366302	up	1	5	83
6	yhy	f	18	1	40	diamond	red	(724, 619)	low	dis	(645, 428)	N	same	vert	up	True	1367454	1368158	up	1	5	84
6	yhy	f	18	1	40	diamond	green	(645, 652)	low	no	no_dis	N	same	vert	up	True	1369182	1369798	up	1	5	85
6	yhy	f	18	1	40	circle	red	(565, 619)	high	dis	(645, 428)	N	same	vert	up	True	1371029	1371877	up	1	5	86
6	yhy	f	18	1	40	circle	red	(565, 619)	high	dis	(757, 540)	N	same	hori	left	True	1372910	1373646	left	1	5	87
6	yhy	f	18	1	40	diamond	green	(724, 619)	low	dis	(533, 540)	N	dif	hori	left	True	1374706	1375342	left	1	5	88
6	yhy	f	18	1	40	diamond	red	(724, 460)	low	dis	(565, 619)	Y	dif	vert	up	True	1376554	1378310	up	1	5	89
6	yhy	f	18	1	40	diamond	green	(757, 540)	low	dis	(533, 540)	N	same	vert	up	True	1379549	1380174	up	1	5	90
6	yhy	f	18	1	40	diamond	green	(565, 619)	high	dis	(724, 619)	N	same	hori	left	True	1381325	1382942	left	1	5	91
6	yhy	f	18	1	40	circle	red	(757, 540)	low	dis	(565, 619)	Y	same	hori	left	True	1383945	1384726	left	1	5	92
6	yhy	f	18	1	40	diamond	green	(645, 428)	low	no	no_dis	N	dif	hori	left	True	1385767	1386550	left	1	5	93
6	yhy	f	18	1	40	circle	red	(565, 619)	high	dis	(645, 652)	N	same	vert	up	True	1387592	1388358	up	1	5	94
6	yhy	f	18	1	40	circle	green	(565, 619)	high	dis	(724, 619)	N	same	vert	up	True	1389527	1390614	up	1	5	95
6	yhy	f	18	1	40	diamond	green	(645, 652)	low	dis	(724, 460)	N	dif	hori	left	True	1391827	1392918	left	1	5	96
6	yhy	f	18	1	40	circle	red	(757, 540)	low	no	no_dis	N	dif	hori	left	True	1394126	1394918	left	1	5	97
6	yhy	f	18	1	40	circle	green	(724, 460)	low	no	no_dis	N	dif	vert	up	True	1396070	1397014	up	1	5	98
6	yhy	f	18	1	40	diamond	red	(565, 460)	low	dis	(645, 428)	N	same	vert	up	True	1398042	1399862	up	1	5	99
6	yhy	f	18	1	40	diamond	red	(645, 652)	low	dis	(724, 619)	N	same	vert	up	True	1400947	1401806	up	1	5	100
6	yhy	f	18	1	40	diamond	red	(565, 619)	high	dis	(757, 540)	N	same	hori	left	True	1402859	1403918	left	1	5	101
6	yhy	f	18	1	40	circle	green	(565, 619)	high	dis	(724, 460)	N	same	hori	left	True	1404982	1406086	left	1	5	102
6	yhy	f	18	1	40	circle	green	(565, 619)	high	dis	(645, 428)	N	dif	hori	left	True	1407188	1407878	left	1	5	103
6	yhy	f	18	1	40	circle	green	(645, 428)	low	dis	(757, 540)	N	same	vert	up	True	1409113	1409838	up	1	5	104
6	yhy	f	18	1	40	diamond	green	(565, 460)	low	dis	(724, 460)	N	same	hori	left	True	1410989	1412598	left	1	5	105
6	yhy	f	18	1	40	circle	green	(724, 460)	low	dis	(724, 619)	N	dif	vert	up	True	1413697	1415110	up	1	5	106
6	yhy	f	18	1	40	diamond	green	(757, 540)	low	dis	(565, 460)	N	dif	hori	left	True	1416268	1417150	left	1	5	107
6	yhy	f	18	1	40	circle	green	(565, 619)	high	dis	(533, 540)	N	dif	vert	up	True	1418164	1419110	up	1	5	108
6	yhy	f	18	1	40	circle	green	(565, 460)	low	dis	(565, 619)	Y	dif	vert	up	True	1420126	1421326	up	1	5	109
6	yhy	f	18	1	40	circle	red	(645, 428)	low	no	no_dis	N	dif	vert	up	True	1422483	1423230	up	1	5	110
6	yhy	f	18	1	40	circle	green	(565, 460)	low	no	no_dis	N	same	hori	left	True	1424384	1425310	left	1	5	111
6	yhy	f	18	1	40	diamond	green	(533, 540)	low	dis	(565, 460)	N	same	hori	left	True	1426496	1427494	up	0	5	112
6	yhy	f	18	1	40	circle	green	(565, 619)	high	no	no_dis	N	same	vert	up	True	1430240	1431118	up	1	5	113
6	yhy	f	18	1	40	diamond	red	(565, 619)	high	dis	(645, 428)	N	dif	hori	left	True	1432187	1432990	left	1	5	114
6	yhy	f	18	1	40	circle	green	(565, 619)	high	no	no_dis	N	dif	vert	up	True	1434167	1434942	up	1	5	115
6	yhy	f	18	1	40	circle	green	(724, 460)	low	no	no_dis	N	dif	hori	left	True	1435949	1436710	left	1	5	116
6	yhy	f	18	1	40	circle	green	(645, 652)	low	dis	(724, 619)	N	dif	vert	up	True	1437926	1438654	up	1	5	117
6	yhy	f	18	1	40	circle	red	(533, 540)	low	dis	(565, 460)	N	dif	hori	left	True	1439778	1440686	left	1	5	118
6	yhy	f	18	1	40	circle	red	(565, 619)	high	dis	(645, 652)	N	same	vert	up	True	1441726	1442694	up	1	5	119
6	yhy	f	18	1	40	circle	green	(724, 619)	low	dis	(565, 619)	Y	dif	vert	up	True	1443725	1444630	up	1	5	120
6	yhy	f	18	1	40	diamond	green	(565, 619)	high	dis	(757, 540)	N	dif	hori	left	True	1483502	1484278	left	1	6	1
6	yhy	f	18	1	40	circle	red	(565, 460)	low	no	no_dis	N	dif	hori	left	True	1485296	1486294	left	1	6	2
6	yhy	f	18	1	40	circle	green	(724, 619)	low	dis	(533, 540)	N	same	vert	up	True	1487320	1487998	up	1	6	3
6	yhy	f	18	1	40	circle	green	(565, 619)	high	dis	(645, 652)	N	dif	vert	up	True	1489103	1489814	up	1	6	4
6	yhy	f	18	1	40	circle	green	(565, 619)	high	dis	(645, 428)	N	same	hori	left	True	1491020	1491782	left	1	6	5
6	yhy	f	18	1	40	circle	red	(645, 428)	low	dis	(724, 619)	N	dif	hori	left	True	1492838	1493558	left	1	6	6
6	yhy	f	18	1	40	diamond	red	(565, 619)	high	dis	(757, 540)	N	same	vert	up	True	1494733	1495438	up	1	6	7
6	yhy	f	18	1	40	circle	green	(645, 652)	low	dis	(565, 619)	Y	dif	vert	up	True	1496639	1497470	up	1	6	8
6	yhy	f	18	1	40	diamond	green	(565, 460)	low	dis	(565, 619)	Y	same	vert	up	True	1498491	1499238	up	1	6	9
6	yhy	f	18	1	40	circle	green	(724, 619)	low	dis	(645, 652)	N	same	hori	left	True	1500403	1501014	left	1	6	10
6	yhy	f	18	1	40	circle	red	(645, 428)	low	dis	(757, 540)	N	same	vert	up	True	1502185	1502862	up	1	6	11
6	yhy	f	18	1	40	diamond	red	(565, 619)	high	dis	(533, 540)	N	dif	vert	up	True	1504006	1504798	up	1	6	12
6	yhy	f	18	1	40	diamond	red	(565, 619)	high	dis	(757, 540)	N	same	hori	left	True	1506017	1506598	left	1	6	13
6	yhy	f	18	1	40	circle	green	(565, 619)	high	dis	(724, 460)	N	same	hori	left	True	1507669	1508438	left	1	6	14
6	yhy	f	18	1	40	diamond	red	(645, 428)	low	dis	(724, 619)	N	same	hori	left	True	1509459	1510430	left	1	6	15
6	yhy	f	18	1	40	diamond	red	(533, 540)	low	dis	(565, 619)	Y	dif	vert	up	True	1511436	1512718	up	1	6	16
6	yhy	f	18	1	40	circle	red	(565, 619)	high	dis	(645, 428)	N	same	hori	left	True	1513738	1515094	left	1	6	17
6	yhy	f	18	1	40	circle	red	(565, 619)	high	dis	(757, 540)	N	dif	hori	left	True	1516107	1517134	left	1	6	18
6	yhy	f	18	1	40	circle	green	(533, 540)	low	dis	(645, 428)	N	same	vert	up	True	1518168	1519190	up	1	6	19
6	yhy	f	18	1	40	diamond	green	(565, 619)	high	no	no_dis	N	same	vert	up	True	1520279	1521102	up	1	6	20
6	yhy	f	18	1	40	diamond	green	(645, 652)	low	no	no_dis	N	same	vert	up	True	1522335	1523070	up	1	6	21
6	yhy	f	18	1	40	diamond	red	(565, 460)	low	dis	(533, 540)	N	dif	hori	left	True	1524082	1524950	left	1	6	22
6	yhy	f	18	1	40	diamond	red	(645, 652)	low	no	no_dis	N	same	vert	up	True	1526119	1526726	up	1	6	23
6	yhy	f	18	1	40	circle	red	(724, 460)	low	dis	(565, 619)	Y	dif	vert	up	True	1527959	1528782	up	1	6	24
6	yhy	f	18	1	40	diamond	red	(724, 619)	low	no	no_dis	N	same	vert	up	True	1530019	1531102	up	1	6	25
6	yhy	f	18	1	40	diamond	red	(565, 619)	high	no	no_dis	N	dif	hori	left	True	1532160	1532718	left	1	6	26
6	yhy	f	18	1	40	circle	green	(645, 652)	low	dis	(724, 619)	N	dif	hori	left	True	1533760	1534958	left	1	6	27
6	yhy	f	18	1	40	circle	green	(565, 619)	high	dis	(533, 540)	N	dif	hori	left	True	1536030	1537366	left	1	6	28
6	yhy	f	18	1	40	diamond	red	(724, 460)	low	dis	(565, 619)	Y	dif	hori	left	True	1538412	1539078	left	1	6	29
6	yhy	f	18	1	40	diamond	green	(565, 619)	high	dis	(645, 428)	N	dif	vert	up	True	1540150	1541270	up	1	6	30
6	yhy	f	18	1	40	circle	red	(533, 540)	low	dis	(724, 460)	N	dif	vert	up	True	1542506	1543694	up	1	6	31
6	yhy	f	18	1	40	diamond	green	(565, 619)	high	dis	(565, 460)	N	dif	vert	up	True	1544796	1546222	up	1	6	32
6	yhy	f	18	1	40	diamond	red	(565, 619)	high	dis	(724, 460)	N	dif	hori	left	True	1547281	1548006	left	1	6	33
6	yhy	f	18	1	40	diamond	green	(565, 460)	low	dis	(645, 652)	N	same	vert	up	True	1549103	1549694	up	1	6	34
6	yhy	f	18	1	40	circle	green	(565, 460)	low	dis	(757, 540)	N	dif	hori	left	True	1550843	1552262	left	1	6	35
6	yhy	f	18	1	40	circle	red	(565, 619)	high	no	no_dis	N	dif	vert	up	True	1553288	1554086	up	1	6	36
6	yhy	f	18	1	40	diamond	red	(565, 619)	high	no	no_dis	N	dif	hori	left	True	1555151	1556094	left	1	6	37
6	yhy	f	18	1	40	circle	red	(533, 540)	low	dis	(724, 619)	N	same	vert	up	True	1557168	1558015	up	1	6	38
6	yhy	f	18	1	40	diamond	green	(565, 619)	high	dis	(645, 428)	N	dif	vert	up	True	1559032	1559702	up	1	6	39
6	yhy	f	18	1	40	diamond	red	(757, 540)	low	dis	(533, 540)	N	dif	vert	up	True	1560757	1561526	up	1	6	40
6	yhy	f	18	1	40	diamond	green	(757, 540)	low	dis	(565, 460)	N	dif	vert	up	True	1562664	1563406	up	1	6	41
6	yhy	f	18	1	40	circle	red	(565, 619)	high	no	no_dis	N	dif	hori	left	True	1564469	1565262	left	1	6	42
6	yhy	f	18	1	40	circle	red	(565, 619)	high	no	no_dis	N	same	hori	left	True	1566469	1567110	left	1	6	43
6	yhy	f	18	1	40	diamond	red	(533, 540)	low	no	no_dis	N	dif	hori	left	True	1568179	1569054	left	1	6	44
6	yhy	f	18	1	40	diamond	red	(724, 619)	low	dis	(565, 460)	N	dif	hori	left	True	1570247	1571094	left	1	6	45
6	yhy	f	18	1	40	circle	red	(565, 460)	low	dis	(645, 652)	N	same	hori	left	True	1572173	1573006	left	1	6	46
6	yhy	f	18	1	40	diamond	red	(645, 652)	low	dis	(565, 460)	N	dif	vert	up	True	1574218	1574846	up	1	6	47
6	yhy	f	18	1	40	diamond	green	(565, 619)	high	no	no_dis	N	same	hori	left	True	1575937	1576766	left	1	6	48
6	yhy	f	18	1	40	diamond	green	(724, 460)	low	no	no_dis	N	same	vert	up	True	1577819	1578710	up	1	6	49
6	yhy	f	18	1	40	circle	red	(724, 460)	low	dis	(565, 619)	Y	same	vert	up	True	1579732	1580694	up	1	6	50
6	yhy	f	18	1	40	diamond	red	(724, 619)	low	dis	(724, 460)	N	same	vert	up	True	1581877	1582670	up	1	6	51
6	yhy	f	18	1	40	diamond	green	(645, 652)	low	no	no_dis	N	same	hori	left	True	1583718	1584574	left	1	6	52
6	yhy	f	18	1	40	diamond	green	(724, 619)	low	dis	(565, 619)	Y	dif	vert	up	True	1585695	1587542	up	1	6	53
6	yhy	f	18	1	40	diamond	green	(565, 619)	high	no	no_dis	N	dif	vert	up	True	1588703	1589678	up	1	6	54
6	yhy	f	18	1	40	circle	red	(565, 619)	high	dis	(724, 619)	N	dif	hori	left	True	1590734	1591782	left	1	6	55
6	yhy	f	18	1	40	diamond	green	(645, 652)	low	no	no_dis	N	same	hori	left	True	1592918	1593566	left	1	6	56
6	yhy	f	18	1	40	circle	green	(724, 460)	low	dis	(645, 428)	N	same	vert	up	True	1594808	1595990	up	1	6	57
6	yhy	f	18	1	40	circle	red	(724, 619)	low	dis	(565, 619)	Y	same	hori	left	True	1597087	1597798	left	1	6	58
6	yhy	f	18	1	40	circle	red	(757, 540)	low	dis	(565, 460)	N	same	hori	left	True	1599001	1599582	left	1	6	59
6	yhy	f	18	1	40	diamond	red	(645, 428)	low	no	no_dis	N	dif	vert	up	True	1600704	1601534	up	1	6	60
6	yhy	f	18	1	40	circle	red	(724, 460)	low	no	no_dis	N	dif	vert	up	True	1602537	1603294	up	1	6	61
6	yhy	f	18	1	40	circle	red	(565, 619)	high	dis	(724, 460)	N	same	vert	up	True	1604510	1605254	up	1	6	62
6	yhy	f	18	1	40	circle	red	(757, 540)	low	no	no_dis	N	dif	vert	up	True	1606340	1607142	up	1	6	63
6	yhy	f	18	1	40	diamond	green	(565, 619)	high	dis	(645, 652)	N	same	vert	up	True	1608281	1609278	up	1	6	64
6	yhy	f	18	1	40	circle	green	(565, 619)	high	no	no_dis	N	same	hori	left	True	1610380	1612150	left	1	6	65
6	yhy	f	18	1	40	circle	red	(757, 540)	low	no	no_dis	N	same	hori	left	True	1613203	1614086	left	1	6	66
6	yhy	f	18	1	40	circle	red	(565, 619)	high	dis	(724, 460)	N	dif	hori	left	True	1615322	1615998	left	1	6	67
6	yhy	f	18	1	40	diamond	red	(565, 619)	high	no	no_dis	N	same	vert	up	True	1617099	1617726	up	1	6	68
6	yhy	f	18	1	40	circle	green	(645, 428)	low	dis	(724, 460)	N	same	vert	up	True	1618908	1620182	up	1	6	69
6	yhy	f	18	1	40	circle	green	(757, 540)	low	dis	(724, 460)	N	same	vert	up	True	1621258	1621982	up	1	6	70
6	yhy	f	18	1	40	diamond	green	(645, 652)	low	dis	(565, 460)	N	same	hori	left	True	1623121	1624054	left	1	6	71
6	yhy	f	18	1	40	circle	red	(565, 619)	high	dis	(724, 460)	N	same	hori	left	True	1625066	1626214	left	1	6	72
6	yhy	f	18	1	40	diamond	red	(645, 428)	low	dis	(757, 540)	N	dif	vert	up	True	1627366	1628126	up	1	6	73
6	yhy	f	18	1	40	circle	green	(645, 428)	low	no	no_dis	N	same	vert	up	True	1629262	1629950	up	1	6	74
6	yhy	f	18	1	40	diamond	green	(533, 540)	low	dis	(645, 428)	N	same	hori	left	True	1631006	1632022	left	1	6	75
6	yhy	f	18	1	40	circle	green	(565, 619)	high	no	no_dis	N	same	hori	left	True	1633151	1634310	left	1	6	76
6	yhy	f	18	1	40	circle	green	(724, 619)	low	no	no_dis	N	same	hori	left	True	1635436	1636726	left	1	6	77
6	yhy	f	18	1	40	diamond	green	(533, 540)	low	dis	(645, 428)	N	dif	vert	up	True	1637769	1639014	up	1	6	78
6	yhy	f	18	1	40	circle	green	(565, 619)	high	dis	(724, 619)	N	same	vert	up	True	1640138	1640958	up	1	6	79
6	yhy	f	18	1	40	diamond	red	(565, 619)	high	no	no_dis	N	same	vert	up	True	1642193	1643470	up	1	6	80
6	yhy	f	18	1	40	circle	green	(565, 619)	high	dis	(645, 652)	N	dif	vert	up	True	1644616	1645542	up	1	6	81
6	yhy	f	18	1	40	circle	green	(724, 460)	low	dis	(645, 428)	N	dif	vert	up	True	1646760	1647774	up	1	6	82
6	yhy	f	18	1	40	diamond	green	(565, 619)	high	dis	(533, 540)	N	same	vert	up	True	1648922	1649966	up	1	6	83
6	yhy	f	18	1	40	diamond	red	(565, 619)	high	dis	(565, 460)	N	same	hori	left	True	1651143	1652006	left	1	6	84
6	yhy	f	18	1	40	circle	red	(645, 652)	low	dis	(533, 540)	N	same	hori	left	True	1653143	1654030	left	1	6	85
6	yhy	f	18	1	40	circle	green	(565, 619)	high	dis	(533, 540)	N	dif	hori	left	True	1655079	1655838	left	1	6	86
6	yhy	f	18	1	40	circle	green	(645, 428)	low	no	no_dis	N	dif	vert	up	True	1657022	1657638	up	1	6	87
6	yhy	f	18	1	40	diamond	green	(565, 619)	high	dis	(533, 540)	N	same	hori	left	True	1658664	1659358	left	1	6	88
6	yhy	f	18	1	40	circle	green	(724, 619)	low	no	no_dis	N	dif	hori	left	True	1660537	1661142	left	1	6	89
6	yhy	f	18	1	40	circle	red	(565, 619)	high	no	no_dis	N	same	vert	up	True	1662249	1663006	up	1	6	90
6	yhy	f	18	1	40	circle	green	(724, 460)	low	dis	(724, 619)	N	dif	vert	up	True	1664189	1664998	up	1	6	91
6	yhy	f	18	1	40	diamond	red	(565, 619)	high	dis	(724, 619)	N	dif	vert	up	True	1666165	1666894	up	1	6	92
6	yhy	f	18	1	40	diamond	red	(565, 619)	high	dis	(645, 652)	N	same	vert	up	True	1668007	1668590	up	1	6	93
6	yhy	f	18	1	40	circle	green	(565, 619)	high	no	no_dis	N	dif	vert	up	True	1669723	1670446	up	1	6	94
6	yhy	f	18	1	40	diamond	red	(645, 652)	low	dis	(757, 540)	N	dif	hori	left	True	1671490	1672518	left	1	6	95
6	yhy	f	18	1	40	circle	green	(565, 460)	low	no	no_dis	N	dif	hori	left	True	1673677	1674574	left	1	6	96
6	yhy	f	18	1	40	diamond	red	(757, 540)	low	no	no_dis	N	same	vert	up	True	1675656	1676503	up	1	6	97
6	yhy	f	18	1	40	diamond	green	(724, 619)	low	no	no_dis	N	dif	vert	up	True	1677625	1678326	up	1	6	98
6	yhy	f	18	1	40	diamond	red	(565, 619)	high	dis	(565, 460)	N	same	vert	up	True	1679428	1680438	up	1	6	99
6	yhy	f	18	1	40	circle	red	(565, 619)	high	dis	(757, 540)	N	dif	vert	up	True	1681618	1682734	up	1	6	100
6	yhy	f	18	1	40	diamond	green	(565, 619)	high	dis	(565, 460)	N	dif	hori	left	True	1683882	1684838	left	1	6	101
6	yhy	f	18	1	40	diamond	green	(533, 540)	low	no	no_dis	N	dif	hori	left	True	1685856	1686574	left	1	6	102
6	yhy	f	18	1	40	diamond	green	(757, 540)	low	dis	(645, 428)	N	same	hori	left	True	1687753	1688494	left	1	6	103
6	yhy	f	18	1	40	diamond	green	(565, 619)	high	no	no_dis	N	dif	vert	up	True	1689743	1690366	up	1	6	104
6	yhy	f	18	1	40	diamond	green	(724, 460)	low	dis	(724, 619)	N	same	hori	left	True	1691484	1693022	left	1	6	105
6	yhy	f	18	1	40	diamond	red	(724, 619)	low	dis	(565, 460)	N	same	hori	left	True	1694245	1694871	up	0	6	106
6	yhy	f	18	1	40	diamond	green	(757, 540)	low	dis	(645, 652)	N	same	vert	up	True	1697459	1698598	up	1	6	107
6	yhy	f	18	1	40	diamond	red	(724, 460)	low	no	no_dis	N	same	hori	left	True	1699704	1700590	left	1	6	108
6	yhy	f	18	1	40	diamond	green	(533, 540)	low	dis	(565, 619)	Y	dif	hori	left	True	1701761	1702438	left	1	6	109
6	yhy	f	18	1	40	circle	red	(645, 652)	low	dis	(533, 540)	N	dif	hori	left	True	1703651	1704750	left	1	6	110
6	yhy	f	18	1	40	circle	red	(565, 460)	low	no	no_dis	N	same	hori	left	True	1705969	1706662	left	1	6	111
6	yhy	f	18	1	40	circle	green	(565, 619)	high	no	no_dis	N	dif	hori	left	True	1707849	1708566	up	0	6	112
6	yhy	f	18	1	40	circle	green	(565, 619)	high	dis	(645, 652)	N	same	vert	up	True	1711139	1712086	up	1	6	113
6	yhy	f	18	1	40	circle	red	(533, 540)	low	no	no_dis	N	dif	vert	up	True	1713126	1713990	up	1	6	114
6	yhy	f	18	1	40	diamond	green	(645, 428)	low	dis	(565, 619)	Y	dif	hori	left	True	1715201	1716454	left	1	6	115
6	yhy	f	18	1	40	circle	green	(724, 460)	low	no	no_dis	N	dif	hori	left	True	1717492	1718366	left	1	6	116
6	yhy	f	18	1	40	diamond	red	(565, 460)	low	dis	(757, 540)	N	same	hori	left	True	1719375	1720590	left	1	6	117
6	yhy	f	18	1	40	circle	green	(645, 428)	low	dis	(724, 460)	N	dif	hori	left	True	1721765	1722630	left	1	6	118
6	yhy	f	18	1	40	circle	red	(757, 540)	low	dis	(645, 652)	N	dif	hori	left	True	1723801	1724414	left	1	6	119
6	yhy	f	18	1	40	circle	red	(565, 619)	high	dis	(724, 619)	N	same	hori	left	True	1725460	1726118	left	1	6	120
conf	6	yhy	f	18	40	1	True	1761722	1774902	1	True	1774915	1779726	5								
