subj	name	gender	age	prac	group	shape	color	tar_loc	popularity	dis_cond	dis_loc	dis_high	td_dif	line	respkey	gotkey	startTime	respTime	resp	correct	block	trialnum
9	lyw	f	20	1	40	circle	green	(645, 652)	low	dis	(724, 619)	N	same	vert	up	True	12880	14878	up	1	1	1
9	lyw	f	20	1	40	circle	green	(533, 540)	low	no	no_dis	N	same	vert	up	True	15891	17621	up	1	1	2
9	lyw	f	20	1	40	diamond	green	(533, 540)	low	dis	(565, 619)	N	dif	vert	up	True	18777	21382	up	1	1	3
9	lyw	f	20	1	40	circle	green	(757, 540)	high	no	no_dis	N	same	vert	up	True	22448	24374	up	1	1	4
9	lyw	f	20	1	40	diamond	green	(757, 540)	high	no	no_dis	N	same	hori	left	True	25593	27278	left	1	1	5
9	lyw	f	20	1	40	diamond	red	(565, 619)	low	dis	(565, 460)	N	dif	vert	up	True	28393	30469	up	1	1	6
9	lyw	f	20	1	40	diamond	green	(757, 540)	high	dis	(533, 540)	N	dif	hori	left	True	31475	32838	left	1	1	7
9	lyw	f	20	1	40	circle	green	(645, 428)	low	dis	(645, 652)	N	same	vert	up	True	33985	35942	up	1	1	8
9	lyw	f	20	1	40	diamond	red	(757, 540)	high	dis	(533, 540)	N	same	vert	up	False	37128	None	None	0	1	9
9	lyw	f	20	1	40	diamond	red	(645, 652)	low	no	no_dis	N	dif	vert	up	True	42656	44030	up	1	1	10
9	lyw	f	20	1	40	circle	red	(757, 540)	high	dis	(645, 428)	N	dif	hori	left	True	45197	46518	left	1	1	11
9	lyw	f	20	1	40	diamond	red	(757, 540)	high	dis	(565, 460)	N	dif	vert	up	True	47717	49085	up	1	1	12
9	lyw	f	20	1	40	circle	red	(565, 619)	low	no	no_dis	N	same	vert	up	True	50090	51430	up	1	1	13
9	lyw	f	20	1	40	diamond	green	(645, 652)	low	dis	(533, 540)	N	dif	hori	left	True	52606	54014	left	1	1	14
9	lyw	f	20	1	40	diamond	green	(724, 460)	low	dis	(533, 540)	N	dif	vert	up	True	55200	56645	up	1	1	15
9	lyw	f	20	1	40	circle	red	(757, 540)	high	no	no_dis	N	same	hori	left	True	57740	58982	left	1	1	16
9	lyw	f	20	1	40	circle	green	(757, 540)	high	dis	(724, 619)	N	same	vert	up	True	60032	61862	up	1	1	17
9	lyw	f	20	1	40	diamond	green	(757, 540)	high	dis	(533, 540)	N	same	vert	up	True	62967	64245	up	1	1	18
9	lyw	f	20	1	40	circle	green	(757, 540)	high	no	no_dis	N	dif	hori	left	True	65347	66478	left	1	1	19
9	lyw	f	20	1	40	diamond	red	(533, 540)	low	dis	(565, 619)	N	dif	vert	up	True	67638	70054	up	1	1	20
9	lyw	f	20	1	40	diamond	green	(565, 619)	low	dis	(533, 540)	N	same	hori	left	True	71269	72990	left	1	1	21
9	lyw	f	20	1	40	diamond	green	(757, 540)	high	dis	(645, 428)	N	same	hori	left	True	73995	75341	left	1	1	22
9	lyw	f	20	1	40	circle	green	(565, 460)	low	dis	(565, 619)	N	same	hori	left	True	76392	77886	left	1	1	23
9	lyw	f	20	1	40	diamond	red	(645, 652)	low	dis	(724, 460)	N	same	hori	left	True	78942	80198	left	1	1	24
9	lyw	f	20	1	40	diamond	red	(757, 540)	high	dis	(565, 460)	N	same	hori	left	True	81349	82558	left	1	1	25
9	lyw	f	20	1	40	circle	red	(645, 652)	low	dis	(757, 540)	Y	dif	hori	left	True	83658	84894	left	1	1	26
9	lyw	f	20	1	40	diamond	red	(757, 540)	high	no	no_dis	N	same	vert	up	True	86035	87453	up	1	1	27
9	lyw	f	20	1	40	circle	green	(757, 540)	high	no	no_dis	N	same	hori	left	True	88532	89814	left	1	1	28
9	lyw	f	20	1	40	diamond	green	(724, 619)	low	no	no_dis	N	same	hori	left	True	90884	92542	left	1	1	29
9	lyw	f	20	1	40	diamond	green	(533, 540)	low	no	no_dis	N	dif	vert	up	True	93759	94982	up	1	1	30
9	lyw	f	20	1	40	diamond	red	(757, 540)	high	dis	(565, 460)	N	dif	hori	left	True	96139	97238	left	1	1	31
9	lyw	f	20	1	40	circle	red	(645, 652)	low	dis	(533, 540)	N	dif	hori	left	True	98356	101046	left	1	1	32
9	lyw	f	20	1	40	diamond	green	(757, 540)	high	dis	(645, 652)	N	same	vert	up	True	102062	103134	up	1	1	33
9	lyw	f	20	1	40	diamond	green	(565, 619)	low	dis	(724, 619)	N	same	hori	left	True	104155	105557	left	1	1	34
9	lyw	f	20	1	40	diamond	red	(645, 428)	low	dis	(565, 460)	N	dif	hori	left	True	106688	108309	left	1	1	35
9	lyw	f	20	1	40	circle	green	(757, 540)	high	no	no_dis	N	dif	hori	left	True	109365	110550	left	1	1	36
9	lyw	f	20	1	40	circle	green	(724, 619)	low	dis	(757, 540)	Y	same	vert	up	True	111668	113246	up	1	1	37
9	lyw	f	20	1	40	circle	red	(757, 540)	high	no	no_dis	N	same	vert	up	True	114435	116141	up	1	1	38
9	lyw	f	20	1	40	circle	red	(565, 619)	low	no	no_dis	N	dif	hori	left	True	117324	118573	left	1	1	39
9	lyw	f	20	1	40	circle	red	(533, 540)	low	dis	(757, 540)	Y	dif	hori	left	True	119719	121029	left	1	1	40
9	lyw	f	20	1	40	diamond	green	(757, 540)	high	dis	(645, 652)	N	dif	vert	up	True	122267	123758	up	1	1	41
9	lyw	f	20	1	40	circle	green	(565, 619)	low	dis	(645, 428)	N	dif	hori	left	True	124989	126830	left	1	1	42
9	lyw	f	20	1	40	circle	green	(565, 460)	low	no	no_dis	N	dif	hori	left	True	127980	129021	left	1	1	43
9	lyw	f	20	1	40	circle	green	(645, 652)	low	no	no_dis	N	same	hori	left	True	130046	131582	left	1	1	44
9	lyw	f	20	1	40	diamond	green	(757, 540)	high	no	no_dis	N	same	hori	left	True	132620	133894	left	1	1	45
9	lyw	f	20	1	40	diamond	green	(757, 540)	high	no	no_dis	N	dif	vert	up	True	135092	136486	up	1	1	46
9	lyw	f	20	1	40	circle	green	(724, 460)	low	dis	(757, 540)	Y	same	vert	up	True	137708	138598	up	1	1	47
9	lyw	f	20	1	40	diamond	red	(757, 540)	high	dis	(724, 619)	N	same	hori	left	True	139621	141270	left	1	1	48
9	lyw	f	20	1	40	diamond	red	(724, 619)	low	dis	(533, 540)	N	dif	vert	up	True	142385	143885	left	0	1	49
9	lyw	f	20	1	40	diamond	green	(565, 619)	low	dis	(757, 540)	Y	same	vert	up	True	146625	148286	up	1	1	50
9	lyw	f	20	1	40	diamond	green	(724, 619)	low	no	no_dis	N	dif	vert	up	True	149470	150885	up	1	1	51
9	lyw	f	20	1	40	diamond	red	(724, 460)	low	dis	(533, 540)	N	same	hori	left	True	151968	154038	left	1	1	52
9	lyw	f	20	1	40	circle	red	(757, 540)	high	dis	(565, 619)	N	dif	hori	left	True	155155	157662	left	1	1	53
9	lyw	f	20	1	40	diamond	green	(645, 652)	low	dis	(645, 428)	N	same	hori	left	True	158773	160397	left	1	1	54
9	lyw	f	20	1	40	diamond	green	(565, 460)	low	dis	(757, 540)	Y	same	vert	up	True	161585	162934	up	1	1	55
9	lyw	f	20	1	40	circle	green	(757, 540)	high	dis	(724, 619)	N	same	vert	up	True	164116	166438	up	1	1	56
9	lyw	f	20	1	40	circle	green	(645, 652)	low	no	no_dis	N	dif	vert	up	True	167501	168461	up	1	1	57
9	lyw	f	20	1	40	diamond	red	(724, 619)	low	no	no_dis	N	same	hori	left	True	169687	172542	left	1	1	58
9	lyw	f	20	1	40	diamond	red	(757, 540)	high	dis	(724, 460)	N	same	hori	left	True	173593	175102	left	1	1	59
9	lyw	f	20	1	40	diamond	red	(645, 428)	low	no	no_dis	N	same	vert	up	True	176306	177422	up	1	1	60
9	lyw	f	20	1	40	diamond	green	(724, 619)	low	dis	(645, 428)	N	dif	vert	up	True	178502	179926	up	1	1	61
9	lyw	f	20	1	40	circle	red	(565, 619)	low	dis	(565, 460)	N	same	hori	left	True	180948	182294	up	0	1	62
9	lyw	f	20	1	40	circle	green	(645, 428)	low	dis	(757, 540)	Y	dif	vert	up	True	184879	187566	up	1	1	63
9	lyw	f	20	1	40	circle	red	(757, 540)	high	dis	(724, 619)	N	dif	vert	up	True	188666	190469	up	1	1	64
9	lyw	f	20	1	40	diamond	green	(724, 460)	low	dis	(757, 540)	Y	same	hori	left	True	191680	193150	left	1	1	65
9	lyw	f	20	1	40	diamond	green	(757, 540)	high	no	no_dis	N	dif	vert	up	True	194231	195509	up	1	1	66
9	lyw	f	20	1	40	circle	red	(724, 460)	low	dis	(645, 428)	N	dif	vert	up	True	196746	198814	up	1	1	67
9	lyw	f	20	1	40	diamond	red	(757, 540)	high	no	no_dis	N	same	vert	up	True	199844	201638	up	1	1	68
9	lyw	f	20	1	40	circle	red	(533, 540)	low	dis	(565, 460)	N	same	vert	up	True	202800	204110	up	1	1	69
9	lyw	f	20	1	40	diamond	red	(724, 460)	low	dis	(565, 619)	N	dif	hori	left	True	205215	206606	left	1	1	70
9	lyw	f	20	1	40	diamond	red	(565, 460)	low	no	no_dis	N	dif	hori	left	True	207777	208990	left	1	1	71
9	lyw	f	20	1	40	circle	green	(565, 460)	low	no	no_dis	N	dif	vert	up	True	210163	212477	up	1	1	72
9	lyw	f	20	1	40	diamond	red	(757, 540)	high	no	no_dis	N	dif	vert	up	True	213532	215245	up	1	1	73
9	lyw	f	20	1	40	diamond	green	(757, 540)	high	dis	(724, 460)	N	dif	vert	up	True	216325	217805	up	1	1	74
9	lyw	f	20	1	40	circle	red	(645, 428)	low	dis	(565, 619)	N	dif	vert	up	True	218939	221061	up	1	1	75
9	lyw	f	20	1	40	circle	green	(533, 540)	low	dis	(565, 619)	N	same	hori	left	True	222263	223989	left	1	1	76
9	lyw	f	20	1	40	circle	red	(565, 460)	low	no	no_dis	N	dif	hori	left	True	225000	226709	left	1	1	77
9	lyw	f	20	1	40	circle	green	(757, 540)	high	dis	(645, 428)	N	same	hori	left	True	227907	229277	left	1	1	78
9	lyw	f	20	1	40	diamond	green	(533, 540)	low	dis	(645, 652)	N	same	hori	left	True	230346	231998	left	1	1	79
9	lyw	f	20	1	40	circle	green	(645, 428)	low	no	no_dis	N	same	hori	left	True	233126	234405	left	1	1	80
9	lyw	f	20	1	40	circle	green	(645, 428)	low	dis	(724, 619)	N	dif	hori	left	True	235645	236942	left	1	1	81
9	lyw	f	20	1	40	circle	red	(565, 619)	low	no	no_dis	N	dif	vert	up	True	237982	239133	up	1	1	82
9	lyw	f	20	1	40	diamond	green	(757, 540)	high	dis	(645, 428)	N	dif	vert	up	True	240198	241574	up	1	1	83
9	lyw	f	20	1	40	diamond	red	(533, 540)	low	no	no_dis	N	same	vert	up	True	242681	244709	up	1	1	84
9	lyw	f	20	1	40	circle	red	(757, 540)	high	dis	(645, 652)	N	dif	hori	left	True	245890	247149	left	1	1	85
9	lyw	f	20	1	40	circle	red	(757, 540)	high	no	no_dis	N	dif	vert	up	True	248394	250181	up	1	1	86
9	lyw	f	20	1	40	circle	red	(565, 619)	low	dis	(724, 619)	N	same	vert	up	True	251392	253206	up	1	1	87
9	lyw	f	20	1	40	diamond	green	(724, 619)	low	no	no_dis	N	same	hori	left	True	254308	256198	left	1	1	88
9	lyw	f	20	1	40	diamond	green	(724, 460)	low	no	no_dis	N	same	vert	up	True	257397	259605	up	1	1	89
9	lyw	f	20	1	40	diamond	red	(724, 460)	low	no	no_dis	N	dif	hori	left	True	260772	262645	left	1	1	90
9	lyw	f	20	1	40	diamond	red	(565, 460)	low	dis	(645, 428)	N	dif	hori	left	True	263892	265437	left	1	1	91
9	lyw	f	20	1	40	circle	red	(757, 540)	high	dis	(565, 460)	N	dif	vert	up	True	266662	268837	left	0	1	92
9	lyw	f	20	1	40	circle	green	(757, 540)	high	dis	(645, 652)	N	dif	hori	left	True	271488	272782	left	1	1	93
9	lyw	f	20	1	40	circle	green	(757, 540)	high	dis	(533, 540)	N	same	hori	left	True	273913	275717	left	1	1	94
9	lyw	f	20	1	40	circle	red	(757, 540)	high	dis	(565, 619)	N	dif	vert	up	True	276859	279053	up	1	1	95
9	lyw	f	20	1	40	diamond	green	(645, 428)	low	no	no_dis	N	dif	hori	left	True	280063	281229	left	1	1	96
9	lyw	f	20	1	40	circle	red	(724, 460)	low	no	no_dis	N	same	hori	left	True	282448	283765	left	1	1	97
9	lyw	f	20	1	40	circle	green	(645, 652)	low	dis	(724, 619)	N	dif	hori	left	False	285011	None	None	0	1	98
9	lyw	f	20	1	40	diamond	red	(724, 619)	low	dis	(724, 460)	N	dif	vert	up	True	290768	292229	up	1	1	99
9	lyw	f	20	1	40	circle	red	(757, 540)	high	dis	(645, 652)	N	dif	vert	up	True	293482	294797	up	1	1	100
9	lyw	f	20	1	40	circle	green	(724, 619)	low	dis	(565, 460)	N	dif	vert	up	True	296035	297990	up	1	1	101
9	lyw	f	20	1	40	circle	green	(565, 460)	low	dis	(724, 460)	N	same	hori	left	True	299001	300189	left	1	1	102
9	lyw	f	20	1	40	diamond	red	(724, 619)	low	dis	(724, 460)	N	same	vert	up	True	301323	302830	up	1	1	103
9	lyw	f	20	1	40	diamond	green	(645, 428)	low	dis	(757, 540)	Y	same	vert	up	True	304000	305453	up	1	1	104
9	lyw	f	20	1	40	circle	red	(757, 540)	high	no	no_dis	N	dif	hori	left	True	306696	307557	left	1	1	105
9	lyw	f	20	1	40	circle	red	(724, 619)	low	dis	(645, 652)	N	same	vert	up	True	308613	309894	up	1	1	106
9	lyw	f	20	1	40	diamond	red	(565, 460)	low	dis	(645, 652)	N	dif	hori	left	True	310928	311997	left	1	1	107
9	lyw	f	20	1	40	circle	red	(724, 460)	low	dis	(724, 619)	N	same	hori	left	True	313071	314350	left	1	1	108
9	lyw	f	20	1	40	circle	red	(757, 540)	high	dis	(724, 460)	N	same	hori	left	True	315478	316829	left	1	1	109
9	lyw	f	20	1	40	diamond	red	(757, 540)	high	dis	(724, 460)	N	dif	hori	left	True	317985	318981	left	1	1	110
9	lyw	f	20	1	40	diamond	red	(757, 540)	high	dis	(565, 460)	N	dif	hori	left	True	320099	321486	left	1	1	111
9	lyw	f	20	1	40	circle	green	(757, 540)	high	dis	(645, 428)	N	same	vert	up	True	322671	323789	up	1	1	112
9	lyw	f	20	1	40	circle	red	(533, 540)	low	no	no_dis	N	same	vert	up	True	324842	327285	up	1	1	113
9	lyw	f	20	1	40	diamond	green	(757, 540)	high	dis	(724, 460)	N	same	hori	left	True	328427	329750	left	1	1	114
9	lyw	f	20	1	40	circle	red	(565, 460)	low	dis	(724, 460)	N	same	vert	up	True	330782	332453	up	1	1	115
9	lyw	f	20	1	40	circle	red	(645, 428)	low	dis	(645, 652)	N	dif	vert	up	True	333471	334493	up	1	1	116
9	lyw	f	20	1	40	diamond	red	(757, 540)	high	no	no_dis	N	dif	hori	left	True	335596	336678	left	1	1	117
9	lyw	f	20	1	40	circle	green	(757, 540)	high	dis	(565, 619)	N	same	vert	up	True	337771	338670	left	0	1	118
9	lyw	f	20	1	40	diamond	red	(533, 540)	low	dis	(757, 540)	Y	dif	hori	left	True	341318	343238	left	1	1	119
9	lyw	f	20	1	40	circle	green	(757, 540)	high	dis	(565, 619)	N	same	vert	up	True	344300	346125	up	1	1	120
9	lyw	f	20	1	40	diamond	red	(533, 540)	low	dis	(724, 460)	N	dif	vert	up	True	384291	385741	up	1	2	1
9	lyw	f	20	1	40	circle	red	(724, 460)	low	no	no_dis	N	same	vert	up	True	386824	387749	up	1	2	2
9	lyw	f	20	1	40	circle	red	(645, 428)	low	dis	(565, 460)	N	same	hori	left	True	388993	390421	left	1	2	3
9	lyw	f	20	1	40	diamond	green	(757, 540)	high	dis	(565, 460)	N	dif	vert	up	True	391531	392741	up	1	2	4
9	lyw	f	20	1	40	diamond	green	(645, 652)	low	no	no_dis	N	same	vert	up	True	393831	394765	up	1	2	5
9	lyw	f	20	1	40	circle	red	(757, 540)	high	dis	(565, 619)	N	dif	hori	left	True	395793	396893	left	1	2	6
9	lyw	f	20	1	40	diamond	red	(645, 652)	low	dis	(724, 619)	N	same	vert	up	True	398095	399805	up	1	2	7
9	lyw	f	20	1	40	circle	green	(724, 619)	low	no	no_dis	N	same	hori	left	True	400919	402653	left	1	2	8
9	lyw	f	20	1	40	circle	green	(565, 619)	low	no	no_dis	N	same	hori	left	True	403862	405461	left	1	2	9
9	lyw	f	20	1	40	circle	red	(565, 460)	low	dis	(757, 540)	Y	dif	hori	left	True	406562	407597	left	1	2	10
9	lyw	f	20	1	40	diamond	green	(757, 540)	high	dis	(724, 619)	N	same	vert	up	True	408652	410733	up	1	2	11
9	lyw	f	20	1	40	circle	green	(565, 460)	low	dis	(645, 428)	N	same	vert	up	True	411805	412989	up	1	2	12
9	lyw	f	20	1	40	diamond	red	(724, 619)	low	no	no_dis	N	same	vert	up	True	414142	415454	up	1	2	13
9	lyw	f	20	1	40	circle	red	(645, 652)	low	dis	(757, 540)	Y	same	vert	up	True	416525	417941	up	1	2	14
9	lyw	f	20	1	40	circle	red	(533, 540)	low	no	no_dis	N	dif	vert	up	True	419042	420285	up	1	2	15
9	lyw	f	20	1	40	circle	green	(565, 460)	low	dis	(645, 652)	N	dif	vert	up	True	421518	422765	up	1	2	16
9	lyw	f	20	1	40	circle	green	(645, 428)	low	dis	(757, 540)	Y	same	vert	up	True	423890	425789	up	1	2	17
9	lyw	f	20	1	40	diamond	green	(757, 540)	high	no	no_dis	N	dif	hori	left	True	426837	428797	left	1	2	18
9	lyw	f	20	1	40	diamond	green	(757, 540)	high	dis	(645, 428)	N	dif	vert	up	True	429856	431205	up	1	2	19
9	lyw	f	20	1	40	diamond	red	(724, 460)	low	dis	(724, 619)	N	same	vert	up	True	432258	433429	up	1	2	20
9	lyw	f	20	1	40	diamond	red	(757, 540)	high	dis	(724, 619)	N	dif	hori	left	True	434496	435733	left	1	2	21
9	lyw	f	20	1	40	diamond	red	(757, 540)	high	no	no_dis	N	dif	hori	left	True	436856	439181	left	1	2	22
9	lyw	f	20	1	40	circle	green	(757, 540)	high	no	no_dis	N	dif	vert	up	True	440250	441741	up	1	2	23
9	lyw	f	20	1	40	circle	red	(757, 540)	high	dis	(533, 540)	N	dif	vert	up	True	442858	444325	up	1	2	24
9	lyw	f	20	1	40	diamond	red	(757, 540)	high	dis	(565, 619)	N	same	vert	up	True	445566	446709	up	1	2	25
9	lyw	f	20	1	40	diamond	red	(645, 652)	low	dis	(565, 460)	N	same	vert	up	True	447890	449085	up	1	2	26
9	lyw	f	20	1	40	circle	red	(645, 428)	low	dis	(724, 460)	N	dif	vert	up	True	450272	452037	up	1	2	27
9	lyw	f	20	1	40	circle	red	(757, 540)	high	dis	(645, 428)	N	same	hori	left	True	453083	454397	left	1	2	28
9	lyw	f	20	1	40	diamond	red	(757, 540)	high	dis	(645, 652)	N	dif	vert	up	True	455467	456884	up	1	2	29
9	lyw	f	20	1	40	circle	red	(565, 619)	low	dis	(724, 619)	N	same	vert	up	True	457953	459357	up	1	2	30
9	lyw	f	20	1	40	diamond	red	(565, 460)	low	dis	(565, 619)	N	dif	hori	left	True	460552	462133	left	1	2	31
9	lyw	f	20	1	40	circle	green	(565, 460)	low	no	no_dis	N	dif	hori	left	True	463372	464917	left	1	2	32
9	lyw	f	20	1	40	diamond	red	(757, 540)	high	no	no_dis	N	same	hori	left	True	466080	467124	left	1	2	33
9	lyw	f	20	1	40	diamond	red	(757, 540)	high	no	no_dis	N	dif	vert	up	True	468375	469485	up	1	2	34
9	lyw	f	20	1	40	diamond	green	(757, 540)	high	no	no_dis	N	dif	vert	up	True	470735	471509	up	1	2	35
9	lyw	f	20	1	40	circle	green	(757, 540)	high	dis	(645, 428)	N	dif	hori	left	True	472686	474125	left	1	2	36
9	lyw	f	20	1	40	diamond	green	(565, 619)	low	dis	(565, 460)	N	dif	hori	left	True	475340	476917	left	1	2	37
9	lyw	f	20	1	40	circle	red	(724, 460)	low	dis	(533, 540)	N	same	hori	left	True	478160	479669	left	1	2	38
9	lyw	f	20	1	40	diamond	red	(757, 540)	high	dis	(645, 652)	N	dif	vert	up	False	480770	None	None	0	2	39
9	lyw	f	20	1	40	diamond	green	(645, 652)	low	no	no_dis	N	same	vert	up	True	486391	488084	up	1	2	40
9	lyw	f	20	1	40	diamond	green	(533, 540)	low	dis	(724, 619)	N	dif	vert	up	True	489237	490989	up	1	2	41
9	lyw	f	20	1	40	diamond	red	(757, 540)	high	dis	(565, 460)	N	dif	hori	left	True	492021	493269	left	1	2	42
9	lyw	f	20	1	40	circle	green	(757, 540)	high	dis	(645, 652)	N	same	vert	up	True	494294	495549	up	1	2	43
9	lyw	f	20	1	40	circle	red	(757, 540)	high	no	no_dis	N	same	vert	up	True	496627	497941	up	1	2	44
9	lyw	f	20	1	40	circle	green	(645, 428)	low	no	no_dis	N	dif	vert	up	True	498948	500141	up	1	2	45
9	lyw	f	20	1	40	circle	red	(724, 619)	low	no	no_dis	N	same	hori	left	True	501275	502429	left	1	2	46
9	lyw	f	20	1	40	diamond	red	(757, 540)	high	dis	(724, 619)	N	dif	vert	up	True	503455	504596	up	1	2	47
9	lyw	f	20	1	40	diamond	green	(757, 540)	high	dis	(645, 428)	N	same	hori	left	True	505727	506637	left	1	2	48
9	lyw	f	20	1	40	circle	green	(533, 540)	low	no	no_dis	N	same	hori	left	True	507676	509405	left	1	2	49
9	lyw	f	20	1	40	diamond	green	(724, 619)	low	dis	(724, 460)	N	dif	vert	up	True	510535	512116	up	1	2	50
9	lyw	f	20	1	40	diamond	green	(565, 460)	low	dis	(757, 540)	Y	same	vert	up	True	513221	514829	up	1	2	51
9	lyw	f	20	1	40	circle	red	(757, 540)	high	no	no_dis	N	dif	vert	up	True	515953	517269	up	1	2	52
9	lyw	f	20	1	40	circle	green	(533, 540)	low	dis	(645, 428)	N	dif	vert	up	True	518297	519549	up	1	2	53
9	lyw	f	20	1	40	circle	green	(757, 540)	high	dis	(724, 460)	N	dif	vert	up	True	520596	521957	up	1	2	54
9	lyw	f	20	1	40	diamond	red	(645, 428)	low	no	no_dis	N	dif	hori	left	True	522970	524317	left	1	2	55
9	lyw	f	20	1	40	diamond	green	(565, 460)	low	no	no_dis	N	dif	vert	up	True	525517	527341	up	1	2	56
9	lyw	f	20	1	40	circle	red	(724, 619)	low	dis	(565, 619)	N	dif	vert	up	True	528417	529573	up	1	2	57
9	lyw	f	20	1	40	circle	red	(757, 540)	high	dis	(724, 460)	N	same	hori	left	True	530735	531797	left	1	2	58
9	lyw	f	20	1	40	circle	green	(645, 652)	low	dis	(757, 540)	Y	dif	vert	up	True	532827	534413	up	1	2	59
9	lyw	f	20	1	40	circle	green	(724, 619)	low	dis	(724, 460)	N	same	hori	left	True	535492	536661	left	1	2	60
9	lyw	f	20	1	40	circle	green	(757, 540)	high	dis	(645, 652)	N	dif	hori	left	True	537788	539956	left	1	2	61
9	lyw	f	20	1	40	diamond	red	(724, 619)	low	no	no_dis	N	same	hori	left	True	541060	541932	left	1	2	62
9	lyw	f	20	1	40	diamond	red	(565, 619)	low	dis	(645, 428)	N	dif	hori	left	True	542986	544317	left	1	2	63
9	lyw	f	20	1	40	diamond	green	(757, 540)	high	no	no_dis	N	same	hori	left	True	545349	546653	left	1	2	64
9	lyw	f	20	1	40	diamond	green	(724, 460)	low	dis	(645, 652)	N	dif	hori	left	True	547738	548765	left	1	2	65
9	lyw	f	20	1	40	diamond	green	(645, 428)	low	no	no_dis	N	same	vert	up	True	549959	551557	up	1	2	66
9	lyw	f	20	1	40	circle	red	(645, 652)	low	dis	(757, 540)	Y	dif	vert	up	True	552647	553501	left	0	2	67
9	lyw	f	20	1	40	diamond	green	(724, 460)	low	dis	(565, 460)	N	same	vert	up	True	556158	558989	up	1	2	68
9	lyw	f	20	1	40	circle	green	(757, 540)	high	no	no_dis	N	same	vert	up	True	560002	562581	up	1	2	69
9	lyw	f	20	1	40	circle	red	(757, 540)	high	dis	(565, 619)	N	same	hori	left	True	563719	564781	left	1	2	70
9	lyw	f	20	1	40	diamond	red	(565, 619)	low	no	no_dis	N	same	hori	left	True	565862	566909	left	1	2	71
9	lyw	f	20	1	40	circle	red	(757, 540)	high	dis	(565, 619)	N	dif	hori	left	True	568140	569149	left	1	2	72
9	lyw	f	20	1	40	diamond	red	(724, 460)	low	no	no_dis	N	dif	vert	up	True	570360	571533	up	1	2	73
9	lyw	f	20	1	40	diamond	red	(757, 540)	high	dis	(565, 460)	N	dif	hori	left	True	572635	573445	left	1	2	74
9	lyw	f	20	1	40	diamond	green	(565, 619)	low	dis	(757, 540)	Y	same	hori	left	True	574488	575973	left	1	2	75
9	lyw	f	20	1	40	circle	red	(565, 460)	low	no	no_dis	N	dif	hori	left	True	577012	578317	left	1	2	76
9	lyw	f	20	1	40	diamond	green	(757, 540)	high	dis	(565, 460)	N	dif	vert	up	True	579442	580725	up	1	2	77
9	lyw	f	20	1	40	diamond	red	(724, 619)	low	dis	(565, 619)	N	dif	hori	left	True	581974	583372	left	1	2	78
9	lyw	f	20	1	40	circle	red	(724, 619)	low	dis	(533, 540)	N	dif	hori	left	True	584597	586029	left	1	2	79
9	lyw	f	20	1	40	circle	green	(724, 619)	low	dis	(757, 540)	Y	same	hori	left	True	587091	588525	left	1	2	80
9	lyw	f	20	1	40	circle	red	(533, 540)	low	dis	(645, 652)	N	same	hori	left	True	589765	591548	left	1	2	81
9	lyw	f	20	1	40	diamond	green	(757, 540)	high	no	no_dis	N	same	vert	up	True	592581	594116	up	1	2	82
9	lyw	f	20	1	40	diamond	green	(724, 460)	low	dis	(565, 619)	N	dif	vert	up	True	595159	596749	up	1	2	83
9	lyw	f	20	1	40	diamond	red	(565, 619)	low	no	no_dis	N	dif	hori	left	True	597964	599837	left	1	2	84
9	lyw	f	20	1	40	circle	red	(724, 460)	low	dis	(533, 540)	N	dif	vert	up	True	601050	602413	up	1	2	85
9	lyw	f	20	1	40	circle	green	(757, 540)	high	no	no_dis	N	same	hori	left	True	603642	604709	left	1	2	86
9	lyw	f	20	1	40	diamond	green	(645, 428)	low	dis	(533, 540)	N	same	hori	left	True	605746	607061	left	1	2	87
9	lyw	f	20	1	40	diamond	red	(565, 460)	low	dis	(565, 619)	N	dif	hori	left	True	608222	609949	left	1	2	88
9	lyw	f	20	1	40	circle	green	(565, 619)	low	dis	(533, 540)	N	same	hori	left	True	611173	613277	up	0	2	89
9	lyw	f	20	1	40	diamond	red	(724, 619)	low	dis	(724, 460)	N	same	vert	up	False	615855	None	None	0	2	90
9	lyw	f	20	1	40	circle	red	(645, 652)	low	no	no_dis	N	dif	vert	up	True	621386	622901	up	1	2	91
9	lyw	f	20	1	40	circle	red	(757, 540)	high	no	no_dis	N	dif	hori	left	True	624026	624997	left	1	2	92
9	lyw	f	20	1	40	circle	green	(757, 540)	high	dis	(724, 460)	N	same	hori	left	True	626100	627500	left	1	2	93
9	lyw	f	20	1	40	diamond	green	(533, 540)	low	dis	(757, 540)	Y	dif	hori	left	True	628580	630148	left	1	2	94
9	lyw	f	20	1	40	diamond	green	(757, 540)	high	dis	(724, 619)	N	dif	hori	left	True	631159	632101	left	1	2	95
9	lyw	f	20	1	40	circle	green	(645, 652)	low	dis	(645, 428)	N	same	hori	left	True	633346	634500	left	1	2	96
9	lyw	f	20	1	40	diamond	red	(645, 428)	low	dis	(724, 619)	N	dif	hori	left	True	635582	636965	left	1	2	97
9	lyw	f	20	1	40	circle	red	(757, 540)	high	no	no_dis	N	dif	hori	left	True	638081	639340	left	1	2	98
9	lyw	f	20	1	40	circle	green	(645, 428)	low	dis	(757, 540)	Y	dif	hori	left	True	640504	642109	left	1	2	99
9	lyw	f	20	1	40	diamond	green	(533, 540)	low	no	no_dis	N	dif	hori	left	True	643124	644684	left	1	2	100
9	lyw	f	20	1	40	circle	red	(757, 540)	high	dis	(724, 619)	N	same	vert	up	True	645938	647436	left	0	2	101
9	lyw	f	20	1	40	diamond	green	(645, 652)	low	dis	(645, 428)	N	same	hori	left	True	649973	651293	left	1	2	102
9	lyw	f	20	1	40	diamond	red	(645, 428)	low	dis	(645, 652)	N	same	vert	up	True	652377	654397	up	1	2	103
9	lyw	f	20	1	40	circle	green	(757, 540)	high	no	no_dis	N	same	vert	up	True	655439	656540	up	1	2	104
9	lyw	f	20	1	40	diamond	green	(533, 540)	low	dis	(645, 652)	N	same	vert	up	True	657584	658916	up	1	2	105
9	lyw	f	20	1	40	circle	green	(645, 428)	low	no	no_dis	N	dif	vert	up	True	660148	662741	up	1	2	106
9	lyw	f	20	1	40	diamond	red	(757, 540)	high	no	no_dis	N	same	hori	left	True	663902	665221	left	1	2	107
9	lyw	f	20	1	40	diamond	green	(757, 540)	high	dis	(724, 460)	N	same	vert	up	True	666454	667756	up	1	2	108
9	lyw	f	20	1	40	circle	red	(757, 540)	high	dis	(565, 460)	N	same	hori	left	True	668838	670620	left	1	2	109
9	lyw	f	20	1	40	circle	green	(757, 540)	high	dis	(533, 540)	N	same	vert	up	True	671658	672813	up	1	2	110
9	lyw	f	20	1	40	diamond	green	(757, 540)	high	dis	(565, 619)	N	same	hori	left	True	674018	675220	left	1	2	111
9	lyw	f	20	1	40	circle	green	(757, 540)	high	dis	(533, 540)	N	same	vert	up	True	676225	677533	up	1	2	112
9	lyw	f	20	1	40	diamond	red	(757, 540)	high	dis	(645, 428)	N	same	vert	up	True	678771	679869	up	1	2	113
9	lyw	f	20	1	40	circle	green	(757, 540)	high	dis	(533, 540)	N	same	hori	left	True	680894	682324	left	1	2	114
9	lyw	f	20	1	40	circle	green	(724, 460)	low	dis	(533, 540)	N	same	hori	left	True	683525	685365	left	1	2	115
9	lyw	f	20	1	40	circle	red	(724, 460)	low	no	no_dis	N	dif	hori	left	True	686562	687733	left	1	2	116
9	lyw	f	20	1	40	circle	green	(565, 460)	low	dis	(724, 460)	N	dif	hori	left	True	688964	690901	left	1	2	117
9	lyw	f	20	1	40	diamond	green	(724, 460)	low	no	no_dis	N	same	vert	up	True	692124	694196	up	1	2	118
9	lyw	f	20	1	40	diamond	red	(533, 540)	low	dis	(645, 652)	N	dif	vert	up	True	695259	696765	up	1	2	119
9	lyw	f	20	1	40	circle	red	(565, 619)	low	dis	(565, 460)	N	same	hori	left	True	697867	699461	left	1	2	120
9	lyw	f	20	1	40	circle	green	(757, 540)	high	dis	(724, 460)	N	same	hori	left	True	732693	733653	left	1	3	1
9	lyw	f	20	1	40	circle	red	(757, 540)	high	dis	(533, 540)	N	same	vert	up	True	734767	735596	up	1	3	2
9	lyw	f	20	1	40	diamond	green	(757, 540)	high	dis	(724, 619)	N	same	vert	up	True	736663	738236	up	1	3	3
9	lyw	f	20	1	40	circle	green	(533, 540)	low	dis	(724, 619)	N	dif	vert	up	True	739444	741020	up	1	3	4
9	lyw	f	20	1	40	circle	red	(724, 460)	low	dis	(565, 619)	N	same	hori	left	True	742136	743124	left	1	3	5
9	lyw	f	20	1	40	diamond	green	(757, 540)	high	no	no_dis	N	same	hori	left	True	744362	745196	left	1	3	6
9	lyw	f	20	1	40	diamond	green	(565, 619)	low	dis	(724, 460)	N	same	vert	up	True	746406	747205	up	1	3	7
9	lyw	f	20	1	40	diamond	green	(533, 540)	low	dis	(757, 540)	Y	same	vert	up	True	748244	749836	up	1	3	8
9	lyw	f	20	1	40	circle	red	(645, 428)	low	no	no_dis	N	dif	vert	up	True	751016	752317	up	1	3	9
9	lyw	f	20	1	40	diamond	red	(533, 540)	low	dis	(757, 540)	Y	same	hori	left	True	753339	754412	left	1	3	10
9	lyw	f	20	1	40	diamond	red	(724, 619)	low	dis	(565, 619)	N	dif	vert	up	True	755541	756397	up	1	3	11
9	lyw	f	20	1	40	diamond	green	(645, 652)	low	dis	(757, 540)	Y	same	vert	up	True	757597	758957	up	1	3	12
9	lyw	f	20	1	40	circle	red	(645, 652)	low	dis	(724, 619)	N	dif	vert	up	True	760165	761252	up	1	3	13
9	lyw	f	20	1	40	diamond	red	(757, 540)	high	dis	(533, 540)	N	same	vert	up	True	762266	763172	up	1	3	14
9	lyw	f	20	1	40	diamond	green	(565, 619)	low	no	no_dis	N	dif	vert	up	True	764179	765260	up	1	3	15
9	lyw	f	20	1	40	diamond	red	(565, 619)	low	dis	(724, 619)	N	same	hori	left	True	766457	767581	left	1	3	16
9	lyw	f	20	1	40	diamond	red	(757, 540)	high	dis	(645, 652)	N	dif	vert	up	True	768804	769572	up	1	3	17
9	lyw	f	20	1	40	diamond	red	(724, 619)	low	dis	(645, 428)	N	dif	hori	left	True	770620	771844	left	1	3	18
9	lyw	f	20	1	40	circle	red	(565, 460)	low	dis	(757, 540)	Y	dif	vert	up	True	773091	774204	up	1	3	19
9	lyw	f	20	1	40	diamond	green	(565, 619)	low	no	no_dis	N	same	vert	up	True	775419	776828	up	1	3	20
9	lyw	f	20	1	40	circle	green	(757, 540)	high	no	no_dis	N	same	vert	up	True	777893	778996	up	1	3	21
9	lyw	f	20	1	40	circle	green	(757, 540)	high	no	no_dis	N	same	hori	left	True	780093	781036	left	1	3	22
9	lyw	f	20	1	40	diamond	green	(757, 540)	high	dis	(724, 619)	N	dif	vert	up	True	782199	783781	up	1	3	23
9	lyw	f	20	1	40	circle	green	(645, 652)	low	dis	(645, 428)	N	dif	hori	left	True	784865	786389	left	1	3	24
9	lyw	f	20	1	40	diamond	red	(645, 652)	low	no	no_dis	N	same	vert	up	True	787621	789220	up	1	3	25
9	lyw	f	20	1	40	circle	green	(757, 540)	high	no	no_dis	N	dif	hori	left	True	790433	791268	left	1	3	26
9	lyw	f	20	1	40	diamond	red	(757, 540)	high	dis	(645, 428)	N	dif	hori	left	True	792468	793284	left	1	3	27
9	lyw	f	20	1	40	diamond	red	(645, 428)	low	dis	(724, 619)	N	dif	hori	left	True	794318	796140	left	1	3	28
9	lyw	f	20	1	40	diamond	green	(757, 540)	high	dis	(533, 540)	N	dif	hori	left	True	797165	797940	left	1	3	29
9	lyw	f	20	1	40	circle	red	(757, 540)	high	dis	(724, 619)	N	dif	hori	left	True	798960	799940	left	1	3	30
9	lyw	f	20	1	40	diamond	green	(757, 540)	high	no	no_dis	N	same	vert	up	True	801174	802244	up	1	3	31
9	lyw	f	20	1	40	diamond	green	(533, 540)	low	no	no_dis	N	dif	hori	left	True	803334	804476	left	1	3	32
9	lyw	f	20	1	40	circle	red	(645, 428)	low	no	no_dis	N	same	vert	up	True	805507	806788	up	1	3	33
9	lyw	f	20	1	40	circle	red	(757, 540)	high	dis	(565, 460)	N	dif	hori	left	True	807974	809172	left	1	3	34
9	lyw	f	20	1	40	circle	red	(757, 540)	high	dis	(724, 619)	N	same	hori	left	True	810378	811148	left	1	3	35
9	lyw	f	20	1	40	diamond	green	(724, 619)	low	no	no_dis	N	dif	hori	left	True	812203	813492	left	1	3	36
9	lyw	f	20	1	40	diamond	red	(757, 540)	high	dis	(645, 652)	N	same	vert	up	True	814577	815756	up	1	3	37
9	lyw	f	20	1	40	diamond	red	(533, 540)	low	dis	(724, 460)	N	same	hori	left	True	816838	817916	left	1	3	38
9	lyw	f	20	1	40	diamond	red	(724, 460)	low	dis	(645, 652)	N	dif	vert	up	True	818972	819773	up	1	3	39
9	lyw	f	20	1	40	circle	red	(757, 540)	high	dis	(565, 460)	N	dif	vert	up	True	820796	821868	up	1	3	40
9	lyw	f	20	1	40	diamond	red	(757, 540)	high	no	no_dis	N	dif	vert	up	True	823106	824156	up	1	3	41
9	lyw	f	20	1	40	circle	green	(533, 540)	low	no	no_dis	N	same	vert	up	True	825236	826516	up	1	3	42
9	lyw	f	20	1	40	diamond	red	(757, 540)	high	dis	(645, 428)	N	dif	hori	left	True	827542	828348	left	1	3	43
9	lyw	f	20	1	40	diamond	green	(645, 652)	low	no	no_dis	N	dif	vert	up	True	829556	831101	up	1	3	44
9	lyw	f	20	1	40	diamond	red	(757, 540)	high	dis	(645, 428)	N	dif	vert	up	True	832328	833445	up	1	3	45
9	lyw	f	20	1	40	circle	red	(757, 540)	high	no	no_dis	N	dif	vert	up	True	834617	835412	up	1	3	46
9	lyw	f	20	1	40	diamond	red	(757, 540)	high	no	no_dis	N	same	hori	left	True	836433	837260	left	1	3	47
9	lyw	f	20	1	40	circle	green	(757, 540)	high	dis	(565, 619)	N	dif	hori	left	True	838475	839756	left	1	3	48
9	lyw	f	20	1	40	diamond	green	(757, 540)	high	no	no_dis	N	same	vert	up	True	840883	841509	up	1	3	49
9	lyw	f	20	1	40	diamond	red	(757, 540)	high	dis	(724, 460)	N	dif	vert	up	True	842517	843261	up	1	3	50
9	lyw	f	20	1	40	diamond	green	(757, 540)	high	dis	(533, 540)	N	same	vert	up	True	844357	845316	up	1	3	51
9	lyw	f	20	1	40	circle	red	(645, 428)	low	dis	(533, 540)	N	same	vert	up	True	846408	847556	up	1	3	52
9	lyw	f	20	1	40	diamond	red	(565, 460)	low	dis	(645, 652)	N	dif	vert	up	True	848801	849948	up	1	3	53
9	lyw	f	20	1	40	circle	green	(565, 460)	low	dis	(724, 619)	N	same	vert	up	True	851036	852228	up	1	3	54
9	lyw	f	20	1	40	circle	green	(757, 540)	high	dis	(565, 619)	N	same	hori	left	True	853461	854276	left	1	3	55
9	lyw	f	20	1	40	circle	green	(724, 619)	low	dis	(724, 460)	N	same	hori	left	True	855405	856556	left	1	3	56
9	lyw	f	20	1	40	circle	green	(757, 540)	high	dis	(645, 652)	N	dif	vert	up	True	857793	858733	up	1	3	57
9	lyw	f	20	1	40	diamond	green	(565, 619)	low	dis	(565, 460)	N	dif	hori	left	True	859821	860996	left	1	3	58
9	lyw	f	20	1	40	circle	red	(757, 540)	high	dis	(724, 619)	N	dif	vert	up	True	862219	863548	up	1	3	59
9	lyw	f	20	1	40	diamond	green	(565, 460)	low	no	no_dis	N	same	hori	left	True	864552	865508	left	1	3	60
9	lyw	f	20	1	40	diamond	red	(757, 540)	high	dis	(645, 652)	N	dif	hori	left	True	866569	867580	left	1	3	61
9	lyw	f	20	1	40	circle	green	(724, 460)	low	dis	(757, 540)	Y	same	hori	left	True	868724	871572	left	1	3	62
9	lyw	f	20	1	40	circle	green	(757, 540)	high	dis	(565, 619)	N	dif	vert	up	True	872598	873428	up	1	3	63
9	lyw	f	20	1	40	diamond	red	(565, 460)	low	no	no_dis	N	dif	hori	left	True	874575	875436	left	1	3	64
9	lyw	f	20	1	40	diamond	green	(757, 540)	high	no	no_dis	N	dif	hori	left	True	876643	877388	left	1	3	65
9	lyw	f	20	1	40	circle	red	(645, 428)	low	dis	(645, 652)	N	dif	hori	left	True	878532	880172	left	1	3	66
9	lyw	f	20	1	40	diamond	red	(645, 652)	low	dis	(645, 428)	N	dif	vert	up	True	881339	883092	up	1	3	67
9	lyw	f	20	1	40	circle	green	(645, 428)	low	dis	(724, 460)	N	dif	vert	up	True	884270	885548	up	1	3	68
9	lyw	f	20	1	40	diamond	green	(645, 428)	low	dis	(533, 540)	N	dif	hori	left	True	886661	888108	left	1	3	69
9	lyw	f	20	1	40	circle	red	(645, 428)	low	no	no_dis	N	same	hori	left	True	889180	890428	left	1	3	70
9	lyw	f	20	1	40	circle	green	(757, 540)	high	dis	(724, 460)	N	same	hori	left	True	891607	892708	left	1	3	71
9	lyw	f	20	1	40	circle	red	(724, 460)	low	no	no_dis	N	dif	vert	up	True	893942	895044	up	1	3	72
9	lyw	f	20	1	40	circle	red	(565, 619)	low	dis	(565, 460)	N	same	hori	left	True	896150	897900	left	1	3	73
9	lyw	f	20	1	40	circle	green	(645, 428)	low	dis	(565, 619)	N	dif	vert	up	True	898912	899940	up	1	3	74
9	lyw	f	20	1	40	diamond	red	(724, 619)	low	no	no_dis	N	same	vert	up	True	901067	901908	left	0	3	75
9	lyw	f	20	1	40	diamond	red	(757, 540)	high	no	no_dis	N	same	vert	up	True	904547	905620	up	1	3	76
9	lyw	f	20	1	40	diamond	green	(757, 540)	high	dis	(565, 460)	N	same	hori	left	True	906810	907884	left	1	3	77
9	lyw	f	20	1	40	diamond	red	(757, 540)	high	no	no_dis	N	dif	hori	left	True	909038	910292	left	1	3	78
9	lyw	f	20	1	40	circle	green	(757, 540)	high	dis	(565, 619)	N	same	vert	up	True	911294	912364	up	1	3	79
9	lyw	f	20	1	40	diamond	green	(645, 652)	low	dis	(565, 460)	N	same	vert	up	True	913443	914635	left	0	3	80
9	lyw	f	20	1	40	diamond	green	(533, 540)	low	dis	(565, 619)	N	dif	hori	left	True	917184	919012	left	1	3	81
9	lyw	f	20	1	40	circle	red	(757, 540)	high	no	no_dis	N	dif	hori	left	True	920124	921396	left	1	3	82
9	lyw	f	20	1	40	circle	green	(645, 652)	low	no	no_dis	N	dif	hori	left	True	922592	924116	left	1	3	83
9	lyw	f	20	1	40	circle	green	(757, 540)	high	no	no_dis	N	dif	vert	up	True	925336	926540	up	1	3	84
9	lyw	f	20	1	40	diamond	red	(565, 460)	low	dis	(645, 428)	N	same	vert	up	True	927601	928980	up	1	3	85
9	lyw	f	20	1	40	diamond	green	(757, 540)	high	dis	(565, 619)	N	same	hori	left	True	930074	930892	left	1	3	86
9	lyw	f	20	1	40	circle	red	(757, 540)	high	dis	(724, 460)	N	same	vert	up	True	932007	933076	up	1	3	87
9	lyw	f	20	1	40	circle	green	(757, 540)	high	dis	(645, 428)	N	same	hori	left	True	934106	935036	left	1	3	88
9	lyw	f	20	1	40	diamond	red	(724, 619)	low	no	no_dis	N	dif	vert	up	True	936126	937284	up	1	3	89
9	lyw	f	20	1	40	circle	red	(757, 540)	high	no	no_dis	N	dif	vert	up	True	938310	939372	up	1	3	90
9	lyw	f	20	1	40	circle	green	(565, 460)	low	dis	(645, 428)	N	dif	vert	up	True	940613	941628	up	1	3	91
9	lyw	f	20	1	40	circle	green	(724, 619)	low	dis	(757, 540)	Y	dif	vert	up	True	942737	944132	up	1	3	92
9	lyw	f	20	1	40	circle	green	(645, 428)	low	no	no_dis	N	same	hori	left	True	945337	946412	left	1	3	93
9	lyw	f	20	1	40	diamond	green	(565, 460)	low	dis	(757, 540)	Y	same	vert	up	True	947665	949460	up	1	3	94
9	lyw	f	20	1	40	circle	green	(565, 619)	low	dis	(724, 460)	N	same	vert	up	True	950466	951740	up	1	3	95
9	lyw	f	20	1	40	circle	red	(533, 540)	low	dis	(645, 652)	N	dif	hori	left	True	952772	954404	left	1	3	96
9	lyw	f	20	1	40	diamond	green	(565, 619)	low	dis	(645, 428)	N	dif	hori	left	True	955487	956739	left	1	3	97
9	lyw	f	20	1	40	diamond	red	(724, 619)	low	dis	(645, 652)	N	same	hori	left	True	957762	959116	left	1	3	98
9	lyw	f	20	1	40	circle	green	(724, 460)	low	no	no_dis	N	same	hori	left	True	960202	961076	left	1	3	99
9	lyw	f	20	1	40	diamond	green	(757, 540)	high	dis	(565, 460)	N	same	hori	left	True	962141	963700	left	1	3	100
9	lyw	f	20	1	40	diamond	green	(724, 619)	low	dis	(533, 540)	N	same	hori	left	True	964813	965851	left	1	3	101
9	lyw	f	20	1	40	circle	red	(645, 652)	low	dis	(533, 540)	N	same	hori	left	True	966984	968260	left	1	3	102
9	lyw	f	20	1	40	circle	green	(565, 460)	low	dis	(724, 460)	N	same	vert	up	True	969396	972381	up	1	3	103
9	lyw	f	20	1	40	diamond	green	(724, 460)	low	dis	(757, 540)	Y	dif	hori	left	True	973481	974652	left	1	3	104
9	lyw	f	20	1	40	diamond	red	(645, 428)	low	dis	(565, 460)	N	same	vert	up	True	975891	977188	up	1	3	105
9	lyw	f	20	1	40	circle	red	(645, 652)	low	no	no_dis	N	same	hori	left	True	978329	979828	left	1	3	106
9	lyw	f	20	1	40	diamond	green	(724, 460)	low	dis	(565, 460)	N	dif	vert	up	True	980934	982179	up	1	3	107
9	lyw	f	20	1	40	circle	green	(724, 460)	low	no	no_dis	N	dif	hori	left	True	983429	984284	left	1	3	108
9	lyw	f	20	1	40	circle	green	(645, 652)	low	dis	(533, 540)	N	same	hori	left	True	985291	986467	left	1	3	109
9	lyw	f	20	1	40	circle	green	(533, 540)	low	no	no_dis	N	same	vert	up	True	987694	989916	up	1	3	110
9	lyw	f	20	1	40	circle	red	(565, 619)	low	dis	(757, 540)	Y	same	hori	left	True	990962	992292	left	1	3	111
9	lyw	f	20	1	40	circle	red	(724, 619)	low	dis	(565, 619)	N	dif	hori	left	True	993470	994260	left	1	3	112
9	lyw	f	20	1	40	circle	red	(724, 460)	low	dis	(533, 540)	N	dif	hori	left	True	995309	996531	left	1	3	113
9	lyw	f	20	1	40	diamond	red	(565, 460)	low	no	no_dis	N	dif	vert	up	True	997578	999412	up	1	3	114
9	lyw	f	20	1	40	circle	red	(757, 540)	high	dis	(645, 652)	N	same	vert	up	True	1000550	1001468	up	1	3	115
9	lyw	f	20	1	40	diamond	green	(757, 540)	high	dis	(565, 460)	N	dif	hori	left	True	1002588	1004692	left	1	3	116
9	lyw	f	20	1	40	diamond	red	(565, 619)	low	no	no_dis	N	dif	hori	left	True	1005857	1007051	left	1	3	117
9	lyw	f	20	1	40	circle	red	(724, 619)	low	no	no_dis	N	same	hori	left	True	1008278	1009292	left	1	3	118
9	lyw	f	20	1	40	circle	red	(724, 460)	low	dis	(757, 540)	Y	same	vert	up	True	1010354	1012627	up	1	3	119
9	lyw	f	20	1	40	circle	red	(757, 540)	high	no	no_dis	N	same	hori	left	True	1013669	1014572	left	1	3	120
9	lyw	f	20	1	40	circle	red	(757, 540)	high	dis	(724, 619)	N	dif	vert	up	True	1056534	1058748	up	1	4	1
9	lyw	f	20	1	40	diamond	green	(757, 540)	high	no	no_dis	N	dif	hori	left	True	1059932	1062275	left	1	4	2
9	lyw	f	20	1	40	diamond	green	(533, 540)	low	dis	(724, 460)	N	dif	hori	left	True	1063292	1064756	left	1	4	3
9	lyw	f	20	1	40	diamond	green	(565, 460)	low	no	no_dis	N	dif	hori	left	True	1065961	1067475	left	1	4	4
9	lyw	f	20	1	40	circle	red	(565, 619)	low	dis	(724, 460)	N	same	hori	left	True	1068658	1069691	left	1	4	5
9	lyw	f	20	1	40	diamond	green	(757, 540)	high	dis	(724, 619)	N	same	hori	left	True	1070900	1071747	left	1	4	6
9	lyw	f	20	1	40	diamond	green	(757, 540)	high	dis	(533, 540)	N	dif	vert	up	True	1072950	1073995	up	1	4	7
9	lyw	f	20	1	40	circle	green	(565, 460)	low	dis	(757, 540)	Y	dif	hori	left	True	1075100	1076468	left	1	4	8
9	lyw	f	20	1	40	circle	red	(757, 540)	high	dis	(645, 428)	N	same	vert	up	True	1077513	1079195	up	1	4	9
9	lyw	f	20	1	40	circle	red	(724, 619)	low	no	no_dis	N	same	vert	up	True	1080292	1082516	up	1	4	10
9	lyw	f	20	1	40	circle	red	(757, 540)	high	no	no_dis	N	same	hori	left	True	1083596	1084428	left	1	4	11
9	lyw	f	20	1	40	diamond	green	(645, 652)	low	dis	(757, 540)	Y	dif	vert	up	True	1085595	1086524	up	1	4	12
9	lyw	f	20	1	40	circle	green	(645, 652)	low	dis	(533, 540)	N	same	hori	left	True	1087551	1089307	left	1	4	13
9	lyw	f	20	1	40	diamond	red	(757, 540)	high	dis	(565, 460)	N	same	hori	left	True	1090400	1091451	left	1	4	14
9	lyw	f	20	1	40	diamond	red	(757, 540)	high	dis	(565, 619)	N	dif	hori	left	True	1092494	1093195	left	1	4	15
9	lyw	f	20	1	40	circle	red	(757, 540)	high	dis	(724, 460)	N	same	hori	left	True	1094218	1095148	left	1	4	16
9	lyw	f	20	1	40	circle	red	(757, 540)	high	dis	(645, 428)	N	dif	vert	up	True	1096263	1097484	up	1	4	17
9	lyw	f	20	1	40	diamond	green	(533, 540)	low	no	no_dis	N	same	vert	up	True	1098587	1100435	up	1	4	18
9	lyw	f	20	1	40	diamond	red	(724, 619)	low	dis	(645, 652)	N	dif	hori	left	True	1101477	1104036	left	1	4	19
9	lyw	f	20	1	40	diamond	red	(757, 540)	high	dis	(533, 540)	N	same	vert	up	True	1105055	1105899	up	1	4	20
9	lyw	f	20	1	40	circle	green	(757, 540)	high	dis	(724, 460)	N	dif	vert	up	True	1107001	1108452	up	1	4	21
9	lyw	f	20	1	40	diamond	red	(757, 540)	high	no	no_dis	N	same	hori	left	True	1109510	1110660	left	1	4	22
9	lyw	f	20	1	40	diamond	green	(565, 619)	low	dis	(645, 428)	N	dif	vert	up	True	1111779	1113052	up	1	4	23
9	lyw	f	20	1	40	circle	green	(724, 460)	low	dis	(757, 540)	Y	same	vert	up	True	1114216	1115339	up	1	4	24
9	lyw	f	20	1	40	circle	red	(724, 619)	low	no	no_dis	N	same	vert	up	True	1116548	1117444	up	1	4	25
9	lyw	f	20	1	40	diamond	green	(645, 652)	low	dis	(565, 460)	N	same	vert	up	True	1118563	1119572	up	1	4	26
9	lyw	f	20	1	40	circle	red	(757, 540)	high	dis	(565, 619)	N	same	hori	left	True	1120579	1121435	left	1	4	27
9	lyw	f	20	1	40	circle	red	(565, 619)	low	no	no_dis	N	dif	hori	left	True	1122601	1123867	left	1	4	28
9	lyw	f	20	1	40	diamond	red	(533, 540)	low	dis	(724, 460)	N	same	hori	left	True	1125015	1126396	left	1	4	29
9	lyw	f	20	1	40	circle	green	(724, 619)	low	no	no_dis	N	same	hori	left	True	1127404	1128459	left	1	4	30
9	lyw	f	20	1	40	circle	green	(757, 540)	high	no	no_dis	N	dif	vert	up	True	1129643	1130684	up	1	4	31
9	lyw	f	20	1	40	diamond	red	(757, 540)	high	no	no_dis	N	dif	hori	left	True	1131916	1132644	left	1	4	32
9	lyw	f	20	1	40	circle	red	(645, 428)	low	dis	(724, 619)	N	same	hori	left	True	1133822	1134796	left	1	4	33
9	lyw	f	20	1	40	diamond	green	(533, 540)	low	dis	(565, 460)	N	dif	vert	up	True	1135852	1137476	up	1	4	34
9	lyw	f	20	1	40	circle	green	(565, 460)	low	no	no_dis	N	same	vert	up	True	1138527	1139851	up	1	4	35
9	lyw	f	20	1	40	circle	green	(565, 460)	low	no	no_dis	N	dif	hori	left	True	1140891	1142091	left	1	4	36
9	lyw	f	20	1	40	diamond	green	(757, 540)	high	dis	(565, 619)	N	same	hori	left	True	1143266	1144051	left	1	4	37
9	lyw	f	20	1	40	diamond	red	(724, 619)	low	dis	(565, 619)	N	dif	vert	up	True	1145073	1145940	up	1	4	38
9	lyw	f	20	1	40	circle	green	(757, 540)	high	no	no_dis	N	dif	vert	up	True	1146948	1147963	up	1	4	39
9	lyw	f	20	1	40	diamond	red	(565, 619)	low	no	no_dis	N	dif	vert	up	True	1149109	1149891	up	1	4	40
9	lyw	f	20	1	40	circle	green	(724, 619)	low	dis	(645, 428)	N	dif	vert	up	True	1150989	1151972	up	1	4	41
9	lyw	f	20	1	40	circle	green	(757, 540)	high	dis	(565, 460)	N	same	vert	up	True	1153137	1154052	up	1	4	42
9	lyw	f	20	1	40	circle	green	(724, 619)	low	dis	(757, 540)	Y	dif	hori	left	True	1155236	1156220	up	0	4	43
9	lyw	f	20	1	40	diamond	green	(757, 540)	high	dis	(533, 540)	N	dif	vert	up	True	1158941	1160059	up	1	4	44
9	lyw	f	20	1	40	diamond	red	(757, 540)	high	dis	(645, 652)	N	same	vert	up	True	1161078	1161940	up	1	4	45
9	lyw	f	20	1	40	circle	green	(533, 540)	low	dis	(757, 540)	Y	dif	hori	left	True	1163030	1164404	left	1	4	46
9	lyw	f	20	1	40	circle	green	(645, 652)	low	no	no_dis	N	dif	vert	up	True	1165611	1166979	up	1	4	47
9	lyw	f	20	1	40	diamond	red	(757, 540)	high	no	no_dis	N	same	vert	up	True	1168019	1168835	up	1	4	48
9	lyw	f	20	1	40	circle	green	(645, 652)	low	dis	(533, 540)	N	same	vert	up	True	1169893	1171068	up	1	4	49
9	lyw	f	20	1	40	circle	red	(565, 460)	low	dis	(757, 540)	Y	same	vert	up	True	1172169	1174292	up	1	4	50
9	lyw	f	20	1	40	diamond	green	(757, 540)	high	dis	(645, 652)	N	same	vert	up	True	1175303	1176187	up	1	4	51
9	lyw	f	20	1	40	diamond	green	(533, 540)	low	no	no_dis	N	dif	vert	up	True	1177420	1178772	up	1	4	52
9	lyw	f	20	1	40	diamond	red	(724, 619)	low	no	no_dis	N	same	hori	left	True	1179999	1181260	left	1	4	53
9	lyw	f	20	1	40	circle	red	(645, 652)	low	no	no_dis	N	same	hori	left	True	1182347	1183372	left	1	4	54
9	lyw	f	20	1	40	circle	red	(565, 460)	low	dis	(724, 619)	N	dif	vert	up	True	1184613	1185532	up	1	4	55
9	lyw	f	20	1	40	circle	red	(724, 619)	low	dis	(565, 460)	N	dif	hori	left	True	1186752	1187604	left	1	4	56
9	lyw	f	20	1	40	circle	red	(645, 652)	low	dis	(565, 619)	N	same	vert	up	True	1188808	1190203	up	1	4	57
9	lyw	f	20	1	40	diamond	red	(757, 540)	high	dis	(533, 540)	N	same	hori	left	True	1191417	1193236	left	1	4	58
9	lyw	f	20	1	40	circle	red	(757, 540)	high	dis	(645, 428)	N	dif	hori	left	True	1194340	1195140	left	1	4	59
9	lyw	f	20	1	40	diamond	green	(645, 428)	low	no	no_dis	N	same	hori	left	True	1196156	1197627	left	1	4	60
9	lyw	f	20	1	40	circle	green	(565, 619)	low	dis	(645, 652)	N	dif	hori	left	True	1198649	1200396	left	1	4	61
9	lyw	f	20	1	40	circle	green	(757, 540)	high	dis	(724, 460)	N	dif	hori	left	True	1201406	1202299	left	1	4	62
9	lyw	f	20	1	40	circle	red	(757, 540)	high	no	no_dis	N	dif	vert	up	True	1203515	1205003	up	1	4	63
9	lyw	f	20	1	40	circle	red	(645, 428)	low	dis	(565, 619)	N	same	hori	left	True	1206141	1207404	left	1	4	64
9	lyw	f	20	1	40	circle	red	(533, 540)	low	dis	(724, 460)	N	same	vert	up	True	1208623	1209811	up	1	4	65
9	lyw	f	20	1	40	circle	red	(757, 540)	high	dis	(724, 619)	N	same	hori	left	True	1210999	1211875	left	1	4	66
9	lyw	f	20	1	40	diamond	red	(533, 540)	low	dis	(565, 619)	N	dif	vert	up	True	1213125	1214451	up	1	4	67
9	lyw	f	20	1	40	diamond	red	(533, 540)	low	dis	(645, 652)	N	same	vert	up	True	1215587	1216539	up	1	4	68
9	lyw	f	20	1	40	diamond	green	(757, 540)	high	no	no_dis	N	same	vert	up	True	1217610	1218307	up	1	4	69
9	lyw	f	20	1	40	circle	red	(757, 540)	high	dis	(645, 652)	N	same	hori	left	True	1219549	1220851	left	1	4	70
9	lyw	f	20	1	40	diamond	red	(757, 540)	high	dis	(724, 460)	N	same	vert	up	True	1221900	1223307	up	1	4	71
9	lyw	f	20	1	40	diamond	red	(565, 619)	low	dis	(533, 540)	N	same	hori	left	True	1224474	1225740	left	1	4	72
9	lyw	f	20	1	40	circle	red	(645, 652)	low	dis	(565, 460)	N	dif	vert	up	True	1226754	1229139	up	1	4	73
9	lyw	f	20	1	40	circle	red	(724, 460)	low	dis	(565, 460)	N	same	hori	left	True	1230212	1231156	left	1	4	74
9	lyw	f	20	1	40	circle	green	(645, 428)	low	dis	(724, 460)	N	same	vert	up	True	1232349	1233683	up	1	4	75
9	lyw	f	20	1	40	diamond	red	(645, 652)	low	dis	(724, 619)	N	same	hori	left	True	1234883	1236779	left	1	4	76
9	lyw	f	20	1	40	circle	green	(757, 540)	high	no	no_dis	N	dif	hori	left	True	1237836	1238900	left	1	4	77
9	lyw	f	20	1	40	diamond	red	(565, 460)	low	dis	(645, 428)	N	dif	hori	left	True	1240118	1243107	left	1	4	78
9	lyw	f	20	1	40	circle	red	(565, 619)	low	no	no_dis	N	same	vert	up	True	1244247	1245443	up	1	4	79
9	lyw	f	20	1	40	circle	green	(645, 428)	low	no	no_dis	N	dif	vert	up	True	1246685	1247763	up	1	4	80
9	lyw	f	20	1	40	circle	green	(565, 460)	low	dis	(757, 540)	Y	dif	hori	left	True	1248907	1250475	left	1	4	81
9	lyw	f	20	1	40	diamond	green	(724, 460)	low	dis	(533, 540)	N	same	hori	left	True	1251604	1252803	left	1	4	82
9	lyw	f	20	1	40	circle	green	(724, 460)	low	dis	(645, 428)	N	dif	vert	up	True	1253838	1254923	up	1	4	83
9	lyw	f	20	1	40	diamond	red	(645, 428)	low	no	no_dis	N	dif	vert	up	True	1255990	1257643	up	1	4	84
9	lyw	f	20	1	40	diamond	green	(757, 540)	high	no	no_dis	N	same	hori	left	True	1258826	1259939	left	1	4	85
9	lyw	f	20	1	40	diamond	red	(757, 540)	high	no	no_dis	N	dif	hori	left	True	1261015	1261795	left	1	4	86
9	lyw	f	20	1	40	diamond	red	(757, 540)	high	dis	(565, 619)	N	dif	vert	up	True	1263008	1264027	up	1	4	87
9	lyw	f	20	1	40	circle	green	(724, 460)	low	no	no_dis	N	dif	hori	left	True	1265142	1266195	left	1	4	88
9	lyw	f	20	1	40	diamond	green	(724, 460)	low	no	no_dis	N	same	hori	left	True	1267253	1268779	left	1	4	89
9	lyw	f	20	1	40	diamond	red	(724, 619)	low	dis	(565, 619)	N	dif	vert	up	True	1269913	1270779	up	1	4	90
9	lyw	f	20	1	40	circle	green	(645, 428)	low	dis	(645, 652)	N	same	hori	left	True	1271998	1273827	left	1	4	91
9	lyw	f	20	1	40	circle	red	(533, 540)	low	no	no_dis	N	same	vert	up	True	1274832	1276195	up	1	4	92
9	lyw	f	20	1	40	diamond	green	(565, 460)	low	dis	(645, 652)	N	dif	vert	up	True	1277375	1278483	up	1	4	93
9	lyw	f	20	1	40	circle	green	(757, 540)	high	dis	(724, 460)	N	dif	hori	left	True	1279559	1281164	left	1	4	94
9	lyw	f	20	1	40	diamond	green	(757, 540)	high	dis	(645, 428)	N	same	vert	up	True	1282366	1283380	up	1	4	95
9	lyw	f	20	1	40	diamond	red	(645, 428)	low	dis	(757, 540)	Y	same	hori	left	True	1284493	1285859	left	1	4	96
9	lyw	f	20	1	40	diamond	green	(757, 540)	high	dis	(533, 540)	N	dif	hori	left	True	1286877	1287715	left	1	4	97
9	lyw	f	20	1	40	diamond	green	(724, 619)	low	dis	(757, 540)	Y	dif	vert	up	True	1288864	1290203	up	1	4	98
9	lyw	f	20	1	40	diamond	green	(565, 619)	low	dis	(645, 428)	N	same	vert	up	True	1291378	1293083	up	1	4	99
9	lyw	f	20	1	40	circle	red	(565, 619)	low	dis	(645, 428)	N	same	vert	up	True	1294250	1295315	up	1	4	100
9	lyw	f	20	1	40	circle	green	(757, 540)	high	dis	(724, 619)	N	dif	vert	up	True	1296504	1297587	up	1	4	101
9	lyw	f	20	1	40	diamond	red	(645, 652)	low	no	no_dis	N	dif	hori	left	True	1298682	1299643	left	1	4	102
9	lyw	f	20	1	40	diamond	green	(724, 460)	low	dis	(533, 540)	N	dif	hori	left	True	1300651	1301627	left	1	4	103
9	lyw	f	20	1	40	circle	green	(757, 540)	high	dis	(565, 619)	N	dif	hori	left	True	1302789	1304619	left	1	4	104
9	lyw	f	20	1	40	diamond	green	(757, 540)	high	no	no_dis	N	same	vert	up	True	1305697	1306627	up	1	4	105
9	lyw	f	20	1	40	diamond	green	(565, 619)	low	dis	(724, 619)	N	same	vert	up	True	1307782	1308835	up	1	4	106
9	lyw	f	20	1	40	circle	red	(757, 540)	high	no	no_dis	N	same	hori	left	True	1309930	1310979	left	1	4	107
9	lyw	f	20	1	40	circle	red	(724, 460)	low	dis	(724, 619)	N	same	vert	up	True	1312061	1313051	up	1	4	108
9	lyw	f	20	1	40	diamond	red	(565, 460)	low	dis	(757, 540)	Y	same	hori	left	True	1314113	1315771	left	1	4	109
9	lyw	f	20	1	40	diamond	green	(565, 619)	low	no	no_dis	N	dif	vert	up	True	1316831	1317763	up	1	4	110
9	lyw	f	20	1	40	diamond	green	(645, 428)	low	dis	(724, 619)	N	dif	hori	left	True	1318964	1321004	left	1	4	111
9	lyw	f	20	1	40	diamond	red	(724, 460)	low	dis	(565, 460)	N	dif	hori	left	True	1322055	1323707	left	1	4	112
9	lyw	f	20	1	40	circle	green	(757, 540)	high	dis	(565, 460)	N	dif	hori	left	True	1324856	1325819	left	1	4	113
9	lyw	f	20	1	40	circle	green	(757, 540)	high	dis	(645, 652)	N	dif	hori	left	True	1327005	1328091	left	1	4	114
9	lyw	f	20	1	40	diamond	red	(724, 460)	low	no	no_dis	N	dif	hori	left	True	1329153	1330395	left	1	4	115
9	lyw	f	20	1	40	diamond	green	(757, 540)	high	dis	(645, 652)	N	same	vert	up	True	1331646	1332947	up	1	4	116
9	lyw	f	20	1	40	diamond	red	(533, 540)	low	no	no_dis	N	same	hori	left	True	1333962	1334851	left	1	4	117
9	lyw	f	20	1	40	circle	red	(757, 540)	high	no	no_dis	N	same	vert	up	True	1335999	1337267	up	1	4	118
9	lyw	f	20	1	40	diamond	red	(757, 540)	high	dis	(565, 460)	N	dif	vert	up	True	1338288	1339379	up	1	4	119
9	lyw	f	20	1	40	circle	green	(757, 540)	high	no	no_dis	N	dif	vert	up	True	1340428	1341667	up	1	4	120
9	lyw	f	20	1	40	diamond	red	(757, 540)	high	dis	(533, 540)	N	dif	vert	up	True	1381324	1382195	up	1	5	1
9	lyw	f	20	1	40	diamond	green	(757, 540)	high	dis	(724, 460)	N	dif	vert	up	True	1383303	1384427	up	1	5	2
9	lyw	f	20	1	40	diamond	red	(757, 540)	high	dis	(645, 428)	N	same	hori	left	True	1385662	1386674	left	1	5	3
9	lyw	f	20	1	40	diamond	red	(533, 540)	low	dis	(645, 652)	N	same	vert	up	True	1387684	1388939	up	1	5	4
9	lyw	f	20	1	40	circle	green	(565, 619)	low	no	no_dis	N	dif	vert	up	True	1389978	1391299	up	1	5	5
9	lyw	f	20	1	40	diamond	green	(645, 652)	low	dis	(757, 540)	Y	dif	hori	left	True	1392446	1393979	left	1	5	6
9	lyw	f	20	1	40	diamond	green	(565, 619)	low	dis	(645, 428)	N	same	vert	up	True	1395143	1396443	up	1	5	7
9	lyw	f	20	1	40	diamond	green	(645, 652)	low	no	no_dis	N	same	vert	up	True	1397449	1398427	up	1	5	8
9	lyw	f	20	1	40	diamond	green	(565, 460)	low	dis	(533, 540)	N	dif	vert	up	True	1399635	1400995	up	1	5	9
9	lyw	f	20	1	40	diamond	red	(565, 460)	low	no	no_dis	N	dif	vert	up	True	1402004	1402955	up	1	5	10
9	lyw	f	20	1	40	circle	red	(565, 619)	low	dis	(724, 460)	N	same	vert	up	True	1403965	1405259	up	1	5	11
9	lyw	f	20	1	40	circle	red	(724, 460)	low	dis	(565, 619)	N	same	vert	up	True	1406271	1407275	up	1	5	12
9	lyw	f	20	1	40	diamond	red	(645, 428)	low	no	no_dis	N	dif	hori	left	True	1408470	1409475	left	1	5	13
9	lyw	f	20	1	40	circle	red	(757, 540)	high	dis	(565, 619)	N	dif	vert	up	True	1410620	1411618	up	1	5	14
9	lyw	f	20	1	40	diamond	green	(757, 540)	high	no	no_dis	N	same	vert	up	True	1412630	1413331	up	1	5	15
9	lyw	f	20	1	40	diamond	red	(757, 540)	high	dis	(533, 540)	N	same	vert	up	True	1414523	1415259	up	1	5	16
9	lyw	f	20	1	40	diamond	red	(645, 428)	low	dis	(565, 460)	N	dif	hori	left	True	1416313	1418091	left	1	5	17
9	lyw	f	20	1	40	diamond	red	(757, 540)	high	no	no_dis	N	dif	vert	up	True	1419179	1420011	up	1	5	18
9	lyw	f	20	1	40	diamond	green	(533, 540)	low	no	no_dis	N	dif	vert	up	True	1421035	1422043	up	1	5	19
9	lyw	f	20	1	40	circle	green	(645, 428)	low	dis	(565, 619)	N	dif	hori	left	True	1423219	1424251	left	1	5	20
9	lyw	f	20	1	40	circle	red	(724, 619)	low	no	no_dis	N	dif	hori	left	True	1425404	1426363	left	1	5	21
9	lyw	f	20	1	40	diamond	green	(757, 540)	high	dis	(533, 540)	N	dif	vert	up	True	1427469	1428339	up	1	5	22
9	lyw	f	20	1	40	circle	red	(757, 540)	high	no	no_dis	N	dif	vert	up	True	1429440	1430171	up	1	5	23
9	lyw	f	20	1	40	circle	red	(757, 540)	high	dis	(565, 619)	N	same	hori	left	True	1431419	1432170	left	1	5	24
9	lyw	f	20	1	40	circle	green	(757, 540)	high	dis	(645, 428)	N	dif	hori	left	True	1433191	1434154	left	1	5	25
9	lyw	f	20	1	40	diamond	green	(645, 428)	low	dis	(757, 540)	Y	same	hori	left	True	1435177	1436515	left	1	5	26
9	lyw	f	20	1	40	circle	green	(757, 540)	high	dis	(565, 619)	N	same	vert	up	True	1437715	1439051	up	1	5	27
9	lyw	f	20	1	40	diamond	green	(757, 540)	high	dis	(645, 652)	N	same	vert	up	True	1440095	1441379	up	1	5	28
9	lyw	f	20	1	40	circle	green	(757, 540)	high	no	no_dis	N	dif	vert	up	True	1442557	1443203	up	1	5	29
9	lyw	f	20	1	40	diamond	red	(724, 619)	low	no	no_dis	N	same	hori	left	True	1444250	1446203	left	1	5	30
9	lyw	f	20	1	40	diamond	green	(757, 540)	high	dis	(565, 460)	N	dif	vert	up	True	1447413	1448275	up	1	5	31
9	lyw	f	20	1	40	diamond	red	(757, 540)	high	no	no_dis	N	same	hori	left	True	1449393	1450171	left	1	5	32
9	lyw	f	20	1	40	circle	green	(645, 428)	low	no	no_dis	N	dif	hori	left	True	1451306	1452315	left	1	5	33
9	lyw	f	20	1	40	diamond	red	(565, 619)	low	dis	(724, 460)	N	dif	vert	up	False	1453533	None	None	0	5	34
9	lyw	f	20	1	40	circle	green	(724, 460)	low	no	no_dis	N	same	vert	up	True	1459188	1460035	left	0	5	35
9	lyw	f	20	1	40	diamond	red	(565, 460)	low	dis	(533, 540)	N	dif	hori	left	True	1462625	1464498	left	1	5	36
9	lyw	f	20	1	40	circle	red	(757, 540)	high	no	no_dis	N	dif	hori	left	True	1465671	1466842	left	1	5	37
9	lyw	f	20	1	40	diamond	green	(724, 619)	low	dis	(565, 460)	N	dif	hori	left	True	1468035	1469179	left	1	5	38
9	lyw	f	20	1	40	circle	green	(757, 540)	high	dis	(645, 652)	N	dif	hori	left	True	1470296	1471243	left	1	5	39
9	lyw	f	20	1	40	circle	red	(565, 460)	low	dis	(645, 428)	N	dif	vert	up	True	1472371	1473931	up	1	5	40
9	lyw	f	20	1	40	circle	red	(757, 540)	high	dis	(645, 652)	N	same	hori	left	True	1475171	1475899	left	1	5	41
9	lyw	f	20	1	40	diamond	green	(533, 540)	low	dis	(724, 619)	N	same	vert	up	True	1477089	1478171	up	1	5	42
9	lyw	f	20	1	40	diamond	green	(757, 540)	high	dis	(645, 428)	N	same	vert	up	True	1479355	1480138	up	1	5	43
9	lyw	f	20	1	40	diamond	green	(533, 540)	low	dis	(757, 540)	Y	same	vert	up	True	1481218	1482155	up	1	5	44
9	lyw	f	20	1	40	circle	red	(645, 652)	low	dis	(757, 540)	Y	dif	vert	up	True	1483281	1484635	up	1	5	45
9	lyw	f	20	1	40	circle	red	(645, 652)	low	dis	(645, 428)	N	same	vert	up	True	1485730	1486819	up	1	5	46
9	lyw	f	20	1	40	circle	red	(645, 428)	low	dis	(757, 540)	Y	dif	vert	up	True	1488035	1489451	up	1	5	47
9	lyw	f	20	1	40	diamond	green	(565, 619)	low	dis	(645, 652)	N	same	vert	up	True	1490703	1491971	up	1	5	48
9	lyw	f	20	1	40	diamond	green	(724, 619)	low	dis	(724, 460)	N	same	hori	left	True	1493181	1494507	left	1	5	49
9	lyw	f	20	1	40	diamond	red	(757, 540)	high	no	no_dis	N	same	vert	up	True	1495672	1496491	up	1	5	50
9	lyw	f	20	1	40	diamond	green	(757, 540)	high	no	no_dis	N	same	vert	up	True	1497620	1498306	up	1	5	51
9	lyw	f	20	1	40	circle	green	(757, 540)	high	dis	(533, 540)	N	dif	vert	up	True	1499335	1501322	up	1	5	52
9	lyw	f	20	1	40	diamond	green	(757, 540)	high	dis	(565, 460)	N	dif	hori	left	True	1502521	1503507	left	1	5	53
9	lyw	f	20	1	40	diamond	red	(565, 460)	low	no	no_dis	N	same	vert	up	True	1504543	1505571	up	1	5	54
9	lyw	f	20	1	40	circle	red	(757, 540)	high	no	no_dis	N	same	hori	left	True	1506824	1507611	left	1	5	55
9	lyw	f	20	1	40	circle	green	(757, 540)	high	dis	(645, 428)	N	dif	vert	up	True	1508709	1509451	up	1	5	56
9	lyw	f	20	1	40	circle	red	(565, 619)	low	dis	(724, 619)	N	dif	hori	left	True	1510562	1511730	left	1	5	57
9	lyw	f	20	1	40	diamond	red	(645, 652)	low	dis	(533, 540)	N	same	vert	up	True	1512822	1513866	up	1	5	58
9	lyw	f	20	1	40	diamond	red	(724, 619)	low	dis	(645, 652)	N	dif	hori	left	True	1514997	1515963	left	1	5	59
9	lyw	f	20	1	40	diamond	red	(724, 460)	low	no	no_dis	N	same	hori	left	True	1517062	1518275	left	1	5	60
9	lyw	f	20	1	40	diamond	red	(724, 460)	low	dis	(757, 540)	Y	dif	vert	up	True	1519410	1520651	up	1	5	61
9	lyw	f	20	1	40	diamond	red	(757, 540)	high	dis	(724, 619)	N	dif	hori	left	True	1521770	1523163	left	1	5	62
9	lyw	f	20	1	40	diamond	green	(645, 652)	low	no	no_dis	N	dif	vert	up	True	1524195	1525243	up	1	5	63
9	lyw	f	20	1	40	circle	red	(533, 540)	low	dis	(724, 460)	N	same	hori	left	True	1526422	1528131	left	1	5	64
9	lyw	f	20	1	40	circle	green	(724, 460)	low	no	no_dis	N	same	hori	left	True	1529355	1530043	left	1	5	65
9	lyw	f	20	1	40	circle	green	(533, 540)	low	dis	(724, 460)	N	same	vert	up	True	1531235	1532179	up	1	5	66
9	lyw	f	20	1	40	circle	red	(757, 540)	high	dis	(645, 652)	N	dif	hori	left	True	1533377	1534346	left	1	5	67
9	lyw	f	20	1	40	circle	green	(565, 460)	low	no	no_dis	N	dif	hori	left	True	1535364	1536475	left	1	5	68
9	lyw	f	20	1	40	diamond	green	(757, 540)	high	dis	(565, 460)	N	same	hori	left	True	1537695	1538835	left	1	5	69
9	lyw	f	20	1	40	circle	green	(757, 540)	high	dis	(645, 428)	N	same	hori	left	True	1539951	1540722	left	1	5	70
9	lyw	f	20	1	40	circle	red	(565, 460)	low	no	no_dis	N	dif	vert	up	True	1541809	1543370	up	1	5	71
9	lyw	f	20	1	40	diamond	green	(724, 460)	low	dis	(533, 540)	N	same	hori	left	True	1544600	1545602	left	1	5	72
9	lyw	f	20	1	40	circle	green	(565, 619)	low	dis	(724, 619)	N	dif	vert	up	True	1546755	1547971	up	1	5	73
9	lyw	f	20	1	40	circle	green	(645, 652)	low	dis	(645, 428)	N	dif	hori	left	True	1549140	1550603	left	1	5	74
9	lyw	f	20	1	40	diamond	green	(565, 460)	low	dis	(757, 540)	Y	dif	hori	left	True	1551737	1552907	left	1	5	75
9	lyw	f	20	1	40	diamond	red	(645, 652)	low	dis	(757, 540)	Y	same	vert	up	True	1553999	1555115	up	1	5	76
9	lyw	f	20	1	40	circle	green	(565, 460)	low	dis	(757, 540)	Y	same	hori	left	True	1556154	1557579	left	1	5	77
9	lyw	f	20	1	40	circle	red	(645, 428)	low	dis	(565, 460)	N	same	hori	left	True	1558821	1559850	left	1	5	78
9	lyw	f	20	1	40	circle	green	(757, 540)	high	no	no_dis	N	same	vert	up	True	1560909	1561859	up	1	5	79
9	lyw	f	20	1	40	circle	red	(724, 460)	low	dis	(724, 619)	N	dif	hori	left	True	1562982	1564250	left	1	5	80
9	lyw	f	20	1	40	circle	red	(757, 540)	high	no	no_dis	N	dif	hori	left	True	1565366	1566234	left	1	5	81
9	lyw	f	20	1	40	diamond	green	(724, 460)	low	dis	(724, 619)	N	same	hori	left	True	1567319	1568162	left	1	5	82
9	lyw	f	20	1	40	circle	red	(565, 619)	low	no	no_dis	N	same	hori	left	True	1569288	1570194	left	1	5	83
9	lyw	f	20	1	40	diamond	red	(533, 540)	low	dis	(757, 540)	Y	same	hori	left	True	1571238	1573066	left	1	5	84
9	lyw	f	20	1	40	circle	green	(533, 540)	low	dis	(645, 652)	N	dif	vert	up	True	1574169	1575554	left	0	5	85
9	lyw	f	20	1	40	diamond	red	(757, 540)	high	dis	(565, 460)	N	same	vert	up	True	1578230	1579754	up	1	5	86
9	lyw	f	20	1	40	circle	red	(724, 619)	low	no	no_dis	N	same	vert	up	True	1580792	1582010	up	1	5	87
9	lyw	f	20	1	40	diamond	red	(757, 540)	high	dis	(724, 619)	N	dif	hori	left	True	1583027	1584482	left	1	5	88
9	lyw	f	20	1	40	diamond	red	(757, 540)	high	no	no_dis	N	same	hori	left	True	1585587	1586378	left	1	5	89
9	lyw	f	20	1	40	diamond	green	(757, 540)	high	dis	(724, 460)	N	same	hori	left	True	1587478	1588443	left	1	5	90
9	lyw	f	20	1	40	diamond	red	(757, 540)	high	dis	(533, 540)	N	same	hori	left	True	1589668	1590570	left	1	5	91
9	lyw	f	20	1	40	diamond	red	(645, 428)	low	dis	(645, 652)	N	same	hori	left	True	1591722	1592746	left	1	5	92
9	lyw	f	20	1	40	circle	green	(645, 428)	low	dis	(533, 540)	N	dif	vert	up	True	1593771	1595178	left	0	5	93
9	lyw	f	20	1	40	circle	green	(757, 540)	high	no	no_dis	N	dif	hori	left	True	1597811	1599035	left	1	5	94
9	lyw	f	20	1	40	circle	red	(757, 540)	high	dis	(724, 460)	N	same	hori	left	True	1600108	1601083	left	1	5	95
9	lyw	f	20	1	40	circle	red	(757, 540)	high	dis	(724, 460)	N	dif	hori	left	True	1602234	1604058	left	1	5	96
9	lyw	f	20	1	40	circle	green	(724, 619)	low	dis	(565, 460)	N	dif	vert	up	True	1605226	1606186	up	1	5	97
9	lyw	f	20	1	40	diamond	green	(724, 460)	low	no	no_dis	N	dif	vert	up	True	1607435	1608890	up	1	5	98
9	lyw	f	20	1	40	diamond	red	(724, 619)	low	dis	(565, 460)	N	same	vert	up	True	1610007	1611522	up	1	5	99
9	lyw	f	20	1	40	circle	green	(565, 460)	low	dis	(724, 460)	N	dif	hori	left	True	1612537	1613739	left	1	5	100
9	lyw	f	20	1	40	diamond	green	(757, 540)	high	no	no_dis	N	dif	vert	up	True	1614746	1615722	up	1	5	101
9	lyw	f	20	1	40	circle	green	(724, 619)	low	dis	(565, 619)	N	same	hori	left	True	1616957	1617963	left	1	5	102
9	lyw	f	20	1	40	circle	red	(757, 540)	high	dis	(724, 619)	N	same	vert	up	True	1619088	1620522	up	1	5	103
9	lyw	f	20	1	40	circle	green	(757, 540)	high	dis	(565, 619)	N	dif	vert	up	True	1621601	1622419	up	1	5	104
9	lyw	f	20	1	40	circle	green	(757, 540)	high	no	no_dis	N	dif	hori	left	True	1623531	1624618	left	1	5	105
9	lyw	f	20	1	40	circle	green	(757, 540)	high	dis	(724, 619)	N	dif	hori	left	True	1625684	1627338	left	1	5	106
9	lyw	f	20	1	40	circle	red	(533, 540)	low	no	no_dis	N	same	vert	up	True	1628411	1629682	up	1	5	107
9	lyw	f	20	1	40	circle	red	(724, 619)	low	dis	(565, 619)	N	same	hori	left	True	1630759	1632307	left	1	5	108
9	lyw	f	20	1	40	circle	green	(724, 460)	low	dis	(565, 460)	N	dif	vert	up	True	1633427	1634579	up	1	5	109
9	lyw	f	20	1	40	circle	red	(757, 540)	high	dis	(565, 619)	N	same	vert	up	True	1635585	1636610	up	1	5	110
9	lyw	f	20	1	40	circle	red	(724, 460)	low	dis	(645, 652)	N	same	hori	left	True	1637674	1638858	left	1	5	111
9	lyw	f	20	1	40	diamond	green	(757, 540)	high	no	no_dis	N	same	hori	left	True	1639989	1641843	left	1	5	112
9	lyw	f	20	1	40	diamond	red	(565, 460)	low	dis	(565, 619)	N	dif	hori	left	True	1643046	1644450	left	1	5	113
9	lyw	f	20	1	40	diamond	red	(757, 540)	high	dis	(724, 619)	N	same	vert	up	True	1645662	1646874	up	1	5	114
9	lyw	f	20	1	40	circle	red	(645, 428)	low	no	no_dis	N	same	hori	left	True	1647936	1649082	left	1	5	115
9	lyw	f	20	1	40	diamond	green	(533, 540)	low	no	no_dis	N	dif	hori	left	True	1650277	1651355	left	1	5	116
9	lyw	f	20	1	40	circle	green	(645, 652)	low	dis	(645, 428)	N	dif	vert	up	True	1652527	1653643	up	1	5	117
9	lyw	f	20	1	40	diamond	red	(565, 619)	low	no	no_dis	N	same	hori	left	True	1654805	1656091	left	1	5	118
9	lyw	f	20	1	40	diamond	green	(645, 652)	low	no	no_dis	N	dif	hori	left	True	1657317	1658354	left	1	5	119
9	lyw	f	20	1	40	circle	green	(533, 540)	low	no	no_dis	N	same	vert	up	True	1659514	1661058	up	1	5	120
9	lyw	f	20	1	40	diamond	green	(645, 428)	low	no	no_dis	N	dif	hori	left	True	1696728	1697922	left	1	6	1
9	lyw	f	20	1	40	diamond	green	(757, 540)	high	dis	(724, 460)	N	dif	hori	left	True	1699094	1700578	left	1	6	2
9	lyw	f	20	1	40	diamond	green	(757, 540)	high	no	no_dis	N	same	vert	up	True	1701799	1702538	up	1	6	3
9	lyw	f	20	1	40	circle	green	(757, 540)	high	no	no_dis	N	same	vert	up	True	1703625	1704498	up	1	6	4
9	lyw	f	20	1	40	circle	green	(724, 460)	low	dis	(645, 428)	N	dif	vert	up	True	1705570	1706258	up	1	6	5
9	lyw	f	20	1	40	diamond	red	(757, 540)	high	dis	(533, 540)	N	same	vert	up	True	1707328	1708026	up	1	6	6
9	lyw	f	20	1	40	circle	green	(757, 540)	high	dis	(565, 619)	N	dif	hori	left	True	1709134	1709714	left	1	6	7
9	lyw	f	20	1	40	diamond	green	(757, 540)	high	dis	(565, 619)	N	dif	hori	left	True	1710946	1711963	left	1	6	8
9	lyw	f	20	1	40	circle	red	(724, 619)	low	dis	(565, 460)	N	same	hori	left	True	1713137	1714099	left	1	6	9
9	lyw	f	20	1	40	circle	red	(757, 540)	high	dis	(645, 652)	N	dif	vert	up	True	1715327	1716322	up	1	6	10
9	lyw	f	20	1	40	circle	red	(757, 540)	high	dis	(645, 428)	N	dif	vert	up	True	1717523	1718378	up	1	6	11
9	lyw	f	20	1	40	diamond	red	(757, 540)	high	dis	(565, 460)	N	same	hori	left	True	1719422	1720170	left	1	6	12
9	lyw	f	20	1	40	diamond	red	(724, 619)	low	dis	(565, 460)	N	same	hori	left	True	1721296	1722290	left	1	6	13
9	lyw	f	20	1	40	diamond	green	(565, 619)	low	dis	(645, 652)	N	dif	vert	up	True	1723470	1724883	up	1	6	14
9	lyw	f	20	1	40	circle	red	(645, 652)	low	no	no_dis	N	dif	vert	up	True	1725907	1727522	left	0	6	15
9	lyw	f	20	1	40	diamond	green	(757, 540)	high	dis	(724, 619)	N	same	vert	up	True	1730096	1731898	up	1	6	16
9	lyw	f	20	1	40	diamond	red	(757, 540)	high	dis	(724, 619)	N	dif	hori	left	True	1733041	1733986	left	1	6	17
9	lyw	f	20	1	40	diamond	red	(645, 428)	low	dis	(757, 540)	Y	same	vert	up	True	1735101	1736074	up	1	6	18
9	lyw	f	20	1	40	circle	red	(533, 540)	low	dis	(645, 428)	N	same	vert	up	True	1737156	1738426	up	1	6	19
9	lyw	f	20	1	40	circle	green	(757, 540)	high	dis	(565, 619)	N	dif	hori	left	True	1739596	1740522	left	1	6	20
9	lyw	f	20	1	40	diamond	green	(757, 540)	high	no	no_dis	N	dif	vert	up	True	1741552	1742914	up	1	6	21
9	lyw	f	20	1	40	diamond	red	(757, 540)	high	no	no_dis	N	dif	hori	left	True	1744055	1745770	left	1	6	22
9	lyw	f	20	1	40	diamond	red	(724, 619)	low	no	no_dis	N	dif	hori	left	True	1746973	1747754	left	1	6	23
9	lyw	f	20	1	40	diamond	green	(533, 540)	low	dis	(757, 540)	Y	dif	vert	up	True	1748913	1749786	up	1	6	24
9	lyw	f	20	1	40	diamond	red	(757, 540)	high	dis	(724, 460)	N	same	vert	up	True	1750927	1752322	up	1	6	25
9	lyw	f	20	1	40	diamond	green	(645, 428)	low	dis	(533, 540)	N	same	vert	up	True	1753554	1754778	up	1	6	26
9	lyw	f	20	1	40	diamond	red	(724, 460)	low	no	no_dis	N	same	vert	up	True	1755869	1757058	up	1	6	27
9	lyw	f	20	1	40	diamond	green	(757, 540)	high	dis	(565, 460)	N	same	vert	up	True	1758125	1758746	up	1	6	28
9	lyw	f	20	1	40	circle	green	(757, 540)	high	no	no_dis	N	same	vert	up	True	1759912	1760826	up	1	6	29
9	lyw	f	20	1	40	circle	red	(533, 540)	low	no	no_dis	N	same	hori	left	True	1761951	1763042	left	1	6	30
9	lyw	f	20	1	40	circle	red	(565, 619)	low	dis	(565, 460)	N	same	hori	left	True	1764127	1764898	left	1	6	31
9	lyw	f	20	1	40	diamond	green	(565, 619)	low	no	no_dis	N	dif	vert	up	True	1766112	1767147	up	1	6	32
9	lyw	f	20	1	40	diamond	red	(757, 540)	high	dis	(565, 460)	N	dif	vert	up	True	1768172	1768850	up	1	6	33
9	lyw	f	20	1	40	diamond	red	(565, 460)	low	dis	(757, 540)	Y	same	hori	left	True	1769853	1771330	left	1	6	34
9	lyw	f	20	1	40	circle	red	(724, 460)	low	dis	(645, 652)	N	same	hori	left	True	1772483	1773810	left	1	6	35
9	lyw	f	20	1	40	diamond	red	(533, 540)	low	dis	(645, 652)	N	dif	hori	left	True	1774950	1775914	left	1	6	36
9	lyw	f	20	1	40	circle	red	(757, 540)	high	no	no_dis	N	dif	vert	up	True	1777120	1778386	up	1	6	37
9	lyw	f	20	1	40	circle	red	(757, 540)	high	dis	(565, 460)	N	same	vert	up	True	1779508	1780410	up	1	6	38
9	lyw	f	20	1	40	diamond	green	(533, 540)	low	dis	(565, 460)	N	dif	vert	up	True	1781596	1783018	up	1	6	39
9	lyw	f	20	1	40	circle	green	(757, 540)	high	dis	(645, 428)	N	same	hori	left	True	1784116	1785074	left	1	6	40
9	lyw	f	20	1	40	circle	red	(724, 460)	low	dis	(757, 540)	Y	dif	vert	up	True	1786090	1787074	left	0	6	41
9	lyw	f	20	1	40	diamond	green	(757, 540)	high	dis	(645, 428)	N	same	hori	left	True	1789669	1790482	left	1	6	42
9	lyw	f	20	1	40	diamond	red	(565, 460)	low	no	no_dis	N	dif	vert	up	True	1791703	1792594	up	1	6	43
9	lyw	f	20	1	40	diamond	red	(757, 540)	high	dis	(645, 652)	N	dif	vert	up	True	1793635	1794618	up	1	6	44
9	lyw	f	20	1	40	diamond	green	(565, 619)	low	no	no_dis	N	dif	vert	up	True	1795734	1796970	up	1	6	45
9	lyw	f	20	1	40	diamond	red	(645, 652)	low	dis	(645, 428)	N	same	hori	left	True	1798009	1799322	left	1	6	46
9	lyw	f	20	1	40	diamond	green	(757, 540)	high	dis	(724, 619)	N	same	hori	left	True	1800492	1801178	left	1	6	47
9	lyw	f	20	1	40	circle	red	(724, 619)	low	dis	(565, 619)	N	same	hori	left	True	1802414	1803250	left	1	6	48
9	lyw	f	20	1	40	circle	green	(724, 619)	low	no	no_dis	N	same	vert	up	True	1804380	1805194	up	1	6	49
9	lyw	f	20	1	40	diamond	red	(645, 428)	low	no	no_dis	N	same	hori	left	True	1806304	1807218	up	0	6	50
9	lyw	f	20	1	40	circle	red	(533, 540)	low	no	no_dis	N	same	vert	up	True	1809780	1811066	up	1	6	51
9	lyw	f	20	1	40	circle	red	(757, 540)	high	dis	(533, 540)	N	dif	vert	up	True	1812261	1813339	up	1	6	52
9	lyw	f	20	1	40	diamond	green	(565, 460)	low	dis	(724, 619)	N	same	vert	up	True	1814556	1815514	up	1	6	53
9	lyw	f	20	1	40	circle	green	(565, 460)	low	dis	(724, 460)	N	same	vert	up	True	1816766	1817898	up	1	6	54
9	lyw	f	20	1	40	diamond	red	(645, 652)	low	dis	(724, 619)	N	same	hori	left	True	1818996	1820034	left	1	6	55
9	lyw	f	20	1	40	diamond	red	(724, 460)	low	dis	(533, 540)	N	dif	vert	up	True	1821181	1822018	up	1	6	56
9	lyw	f	20	1	40	diamond	red	(724, 460)	low	dis	(565, 619)	N	dif	vert	up	True	1823194	1824098	up	1	6	57
9	lyw	f	20	1	40	diamond	green	(757, 540)	high	no	no_dis	N	same	vert	up	True	1825217	1825994	up	1	6	58
9	lyw	f	20	1	40	circle	green	(565, 460)	low	dis	(724, 619)	N	dif	hori	left	True	1827138	1828162	left	1	6	59
9	lyw	f	20	1	40	circle	green	(757, 540)	high	dis	(533, 540)	N	dif	hori	left	True	1829199	1830338	left	1	6	60
9	lyw	f	20	1	40	diamond	green	(565, 460)	low	no	no_dis	N	same	hori	left	True	1831572	1832874	left	1	6	61
9	lyw	f	20	1	40	circle	green	(645, 652)	low	no	no_dis	N	same	vert	up	True	1833981	1835538	up	1	6	62
9	lyw	f	20	1	40	diamond	green	(645, 652)	low	dis	(565, 619)	N	dif	hori	left	True	1836678	1837986	left	1	6	63
9	lyw	f	20	1	40	circle	red	(645, 652)	low	dis	(724, 460)	N	same	vert	up	True	1839184	1840346	up	1	6	64
9	lyw	f	20	1	40	circle	red	(645, 428)	low	no	no_dis	N	dif	vert	up	True	1841579	1842610	up	1	6	65
9	lyw	f	20	1	40	circle	red	(565, 619)	low	dis	(724, 460)	N	dif	hori	left	True	1843627	1844369	left	1	6	66
9	lyw	f	20	1	40	circle	green	(757, 540)	high	dis	(565, 619)	N	dif	vert	up	True	1845600	1846418	up	1	6	67
9	lyw	f	20	1	40	diamond	green	(565, 619)	low	dis	(645, 652)	N	dif	vert	up	True	1847427	1848410	left	0	6	68
9	lyw	f	20	1	40	circle	red	(757, 540)	high	dis	(645, 652)	N	dif	hori	left	True	1851080	1851898	left	1	6	69
9	lyw	f	20	1	40	circle	green	(757, 540)	high	dis	(724, 619)	N	same	vert	up	True	1852947	1854370	up	1	6	70
9	lyw	f	20	1	40	circle	green	(724, 619)	low	dis	(565, 460)	N	dif	vert	up	True	1855605	1857002	up	1	6	71
9	lyw	f	20	1	40	diamond	green	(724, 460)	low	dis	(645, 428)	N	dif	hori	left	True	1858009	1859642	left	1	6	72
9	lyw	f	20	1	40	circle	red	(565, 460)	low	dis	(724, 619)	N	same	vert	up	True	1860821	1861930	up	1	6	73
9	lyw	f	20	1	40	diamond	green	(565, 619)	low	no	no_dis	N	same	hori	left	True	1863068	1864066	left	1	6	74
9	lyw	f	20	1	40	circle	green	(757, 540)	high	no	no_dis	N	dif	hori	left	True	1865095	1866234	left	1	6	75
9	lyw	f	20	1	40	diamond	red	(757, 540)	high	no	no_dis	N	dif	hori	left	True	1867466	1868890	left	1	6	76
9	lyw	f	20	1	40	circle	green	(533, 540)	low	dis	(757, 540)	Y	same	vert	up	True	1870142	1871538	up	1	6	77
9	lyw	f	20	1	40	circle	red	(757, 540)	high	no	no_dis	N	same	hori	left	True	1872690	1873658	left	1	6	78
9	lyw	f	20	1	40	circle	green	(645, 652)	low	dis	(757, 540)	Y	dif	hori	left	True	1874779	1876089	left	1	6	79
9	lyw	f	20	1	40	diamond	green	(724, 619)	low	dis	(757, 540)	Y	dif	hori	left	True	1877101	1878099	left	1	6	80
9	lyw	f	20	1	40	circle	green	(565, 460)	low	dis	(724, 460)	N	same	hori	left	True	1879329	1880425	left	1	6	81
9	lyw	f	20	1	40	circle	green	(757, 540)	high	dis	(533, 540)	N	same	vert	up	True	1881480	1882322	up	1	6	82
9	lyw	f	20	1	40	diamond	green	(645, 428)	low	dis	(757, 540)	Y	dif	vert	up	True	1883538	1884754	up	1	6	83
9	lyw	f	20	1	40	diamond	red	(565, 619)	low	dis	(533, 540)	N	dif	vert	up	True	1885961	1887273	up	1	6	84
9	lyw	f	20	1	40	diamond	green	(757, 540)	high	no	no_dis	N	same	hori	left	True	1888338	1889570	left	1	6	85
9	lyw	f	20	1	40	diamond	green	(533, 540)	low	dis	(757, 540)	Y	same	vert	up	True	1890726	1892034	up	1	6	86
9	lyw	f	20	1	40	diamond	red	(757, 540)	high	no	no_dis	N	same	hori	left	True	1893056	1894354	left	1	6	87
9	lyw	f	20	1	40	circle	green	(645, 428)	low	dis	(724, 460)	N	same	vert	up	True	1895502	1896371	up	1	6	88
9	lyw	f	20	1	40	circle	red	(645, 428)	low	dis	(533, 540)	N	dif	hori	left	True	1897565	1898554	left	1	6	89
9	lyw	f	20	1	40	diamond	green	(757, 540)	high	dis	(724, 619)	N	dif	hori	left	True	1899579	1900602	left	1	6	90
9	lyw	f	20	1	40	circle	green	(757, 540)	high	dis	(645, 652)	N	dif	vert	up	True	1901694	1903009	up	1	6	91
9	lyw	f	20	1	40	circle	red	(757, 540)	high	no	no_dis	N	same	hori	left	True	1904209	1904850	left	1	6	92
9	lyw	f	20	1	40	diamond	red	(533, 540)	low	dis	(645, 428)	N	dif	hori	left	True	1906081	1906922	left	1	6	93
9	lyw	f	20	1	40	diamond	red	(757, 540)	high	dis	(565, 619)	N	same	hori	left	True	1908043	1908753	left	1	6	94
9	lyw	f	20	1	40	circle	red	(757, 540)	high	dis	(645, 428)	N	same	hori	left	True	1909936	1910697	left	1	6	95
9	lyw	f	20	1	40	circle	green	(645, 652)	low	dis	(565, 619)	N	dif	hori	left	True	1911939	1913026	left	1	6	96
9	lyw	f	20	1	40	circle	red	(757, 540)	high	no	no_dis	N	dif	vert	up	True	1914239	1915322	up	1	6	97
9	lyw	f	20	1	40	diamond	green	(724, 460)	low	dis	(565, 619)	N	dif	hori	left	True	1916454	1917313	left	1	6	98
9	lyw	f	20	1	40	diamond	red	(645, 428)	low	no	no_dis	N	dif	hori	left	True	1918338	1919114	left	1	6	99
9	lyw	f	20	1	40	circle	red	(645, 428)	low	dis	(533, 540)	N	dif	hori	left	True	1920239	1921625	up	0	6	100
9	lyw	f	20	1	40	diamond	green	(757, 540)	high	dis	(724, 460)	N	same	hori	left	True	1924147	1925242	left	1	6	101
9	lyw	f	20	1	40	circle	green	(565, 619)	low	dis	(757, 540)	Y	same	hori	left	True	1926413	1927889	left	1	6	102
9	lyw	f	20	1	40	circle	red	(565, 460)	low	no	no_dis	N	dif	hori	left	True	1928931	1929674	left	1	6	103
9	lyw	f	20	1	40	circle	green	(724, 619)	low	dis	(645, 652)	N	same	hori	left	True	1930715	1931369	left	1	6	104
9	lyw	f	20	1	40	circle	green	(533, 540)	low	no	no_dis	N	same	hori	left	True	1932443	1933321	left	1	6	105
9	lyw	f	20	1	40	circle	green	(645, 428)	low	dis	(565, 460)	N	dif	vert	up	True	1934492	1935850	up	1	6	106
9	lyw	f	20	1	40	diamond	red	(724, 460)	low	no	no_dis	N	dif	vert	up	True	1936914	1937986	up	1	6	107
9	lyw	f	20	1	40	circle	red	(757, 540)	high	dis	(724, 460)	N	same	vert	up	True	1939082	1940810	up	1	6	108
9	lyw	f	20	1	40	diamond	red	(565, 460)	low	dis	(724, 619)	N	same	vert	up	True	1941849	1943010	up	1	6	109
9	lyw	f	20	1	40	diamond	red	(757, 540)	high	no	no_dis	N	dif	hori	left	True	1944214	1945026	left	1	6	110
9	lyw	f	20	1	40	circle	green	(757, 540)	high	no	no_dis	N	dif	vert	up	True	1946071	1947498	up	1	6	111
9	lyw	f	20	1	40	diamond	green	(645, 652)	low	no	no_dis	N	same	hori	left	True	1948617	1949657	left	1	6	112
9	lyw	f	20	1	40	circle	red	(757, 540)	high	dis	(645, 652)	N	same	hori	left	True	1950708	1951978	left	1	6	113
9	lyw	f	20	1	40	circle	green	(565, 460)	low	no	no_dis	N	dif	hori	left	True	1953120	1955354	left	1	6	114
9	lyw	f	20	1	40	circle	red	(645, 652)	low	dis	(724, 460)	N	same	hori	left	True	1956475	1957833	left	1	6	115
9	lyw	f	20	1	40	circle	green	(533, 540)	low	no	no_dis	N	same	vert	up	True	1959028	1960066	up	1	6	116
9	lyw	f	20	1	40	diamond	red	(757, 540)	high	dis	(533, 540)	N	dif	vert	up	True	1961142	1962322	up	1	6	117
9	lyw	f	20	1	40	circle	green	(724, 619)	low	no	no_dis	N	same	vert	up	True	1963348	1964538	up	1	6	118
9	lyw	f	20	1	40	diamond	red	(724, 619)	low	dis	(645, 428)	N	same	vert	up	True	1965645	1966706	up	1	6	119
9	lyw	f	20	1	40	circle	red	(724, 460)	low	no	no_dis	N	dif	hori	left	True	1967945	1969130	left	1	6	120
conf	9	lyw	f	20	40	1	True	2006392	2018754	2	True	2018767	2027874	2								
