subj	name	gender	age	prac	shape	color	tar_loc	popularity	dis_cond	dis_loc	dis_high	td_dif	line	respkey	gotkey	startTime	respTime	resp	correct	block	trialnum
10	lsq	f	19	1	diamond	green	(724, 460)	high	dis	(757, 540)	N	same	hori	left	True	15123	17683	left	1	1	1
10	lsq	f	19	1	diamond	green	(724, 460)	high	no	no_dis	N	same	hori	left	True	18741	20810	left	1	1	2
10	lsq	f	19	1	circle	red	(724, 460)	high	dis	(565, 460)	N	dif	hori	left	True	21946	23427	left	1	1	3
10	lsq	f	19	1	diamond	green	(533, 540)	low	no	no_dis	N	dif	vert	up	True	24587	25722	up	1	1	4
10	lsq	f	19	1	diamond	green	(724, 460)	high	dis	(645, 428)	N	same	vert	up	True	26973	28395	up	1	1	5
10	lsq	f	19	1	diamond	red	(757, 540)	low	dis	(565, 619)	N	dif	vert	up	True	29587	30851	up	1	1	6
10	lsq	f	19	1	diamond	red	(533, 540)	low	dis	(565, 619)	N	dif	vert	up	True	31937	33187	up	1	1	7
10	lsq	f	19	1	circle	red	(724, 619)	low	dis	(565, 460)	N	dif	vert	up	True	34259	35907	up	1	1	8
10	lsq	f	19	1	circle	green	(724, 619)	low	dis	(645, 652)	N	dif	hori	left	True	36989	39187	left	1	1	9
10	lsq	f	19	1	diamond	green	(565, 619)	low	dis	(533, 540)	N	same	hori	left	False	40376	None	None	0	1	10
10	lsq	f	19	1	diamond	green	(645, 652)	low	dis	(757, 540)	N	same	vert	up	True	45971	48282	left	0	1	11
10	lsq	f	19	1	diamond	green	(724, 460)	high	dis	(533, 540)	N	dif	vert	up	True	50867	53763	up	1	1	12
10	lsq	f	19	1	diamond	red	(645, 428)	low	dis	(724, 460)	Y	same	hori	left	False	54772	None	None	0	1	13
10	lsq	f	19	1	circle	green	(645, 652)	low	dis	(757, 540)	N	dif	hori	left	True	60500	63354	left	1	1	14
10	lsq	f	19	1	diamond	green	(565, 460)	low	dis	(724, 460)	Y	dif	vert	up	True	64486	66451	up	1	1	15
10	lsq	f	19	1	circle	red	(645, 428)	low	no	no_dis	N	same	hori	left	True	67545	69867	left	1	1	16
10	lsq	f	19	1	diamond	green	(724, 619)	low	dis	(645, 428)	N	same	vert	up	True	70992	72770	up	1	1	17
10	lsq	f	19	1	circle	green	(724, 619)	low	no	no_dis	N	dif	vert	up	False	73809	None	None	0	1	18
10	lsq	f	19	1	diamond	green	(533, 540)	low	dis	(565, 460)	N	same	hori	left	True	79338	81651	left	1	1	19
10	lsq	f	19	1	diamond	red	(645, 652)	low	no	no_dis	N	same	vert	up	True	82881	85434	up	1	1	20
10	lsq	f	19	1	circle	red	(565, 460)	low	dis	(645, 652)	N	same	vert	up	True	86447	88507	up	1	1	21
10	lsq	f	19	1	circle	green	(724, 619)	low	dis	(533, 540)	N	same	hori	left	True	89564	91538	left	1	1	22
10	lsq	f	19	1	circle	green	(724, 460)	high	dis	(757, 540)	N	dif	hori	left	True	92731	94179	left	1	1	23
10	lsq	f	19	1	circle	green	(645, 428)	low	dis	(757, 540)	N	same	hori	left	True	95424	97211	left	1	1	24
10	lsq	f	19	1	diamond	green	(724, 460)	high	dis	(533, 540)	N	same	hori	left	True	98351	100811	left	1	1	25
10	lsq	f	19	1	circle	red	(724, 619)	low	dis	(645, 428)	N	same	vert	up	True	101969	103338	up	1	1	26
10	lsq	f	19	1	circle	green	(565, 619)	low	no	no_dis	N	same	vert	up	True	104495	105507	up	1	1	27
10	lsq	f	19	1	diamond	green	(724, 460)	high	dis	(645, 652)	N	dif	hori	left	True	106597	107907	left	1	1	28
10	lsq	f	19	1	diamond	red	(724, 460)	high	no	no_dis	N	dif	hori	left	True	109048	110475	left	1	1	29
10	lsq	f	19	1	diamond	red	(724, 460)	high	dis	(645, 652)	N	dif	vert	up	True	111675	112971	left	0	1	30
10	lsq	f	19	1	circle	red	(757, 540)	low	no	no_dis	N	same	vert	up	True	115606	117547	up	1	1	31
10	lsq	f	19	1	circle	red	(724, 460)	high	no	no_dis	N	dif	hori	left	True	118601	120866	left	1	1	32
10	lsq	f	19	1	circle	red	(645, 652)	low	no	no_dis	N	same	vert	up	True	122089	124026	up	1	1	33
10	lsq	f	19	1	circle	green	(757, 540)	low	dis	(533, 540)	N	same	vert	up	True	125048	127076	up	1	1	34
10	lsq	f	19	1	circle	red	(565, 460)	low	dis	(645, 428)	N	dif	hori	left	True	128232	130026	left	1	1	35
10	lsq	f	19	1	diamond	red	(724, 460)	high	dis	(645, 428)	N	same	hori	left	False	131185	None	None	0	1	36
10	lsq	f	19	1	circle	green	(724, 460)	high	dis	(565, 460)	N	same	vert	up	True	136933	139331	up	1	1	37
10	lsq	f	19	1	diamond	red	(645, 652)	low	dis	(724, 460)	Y	dif	hori	left	True	140419	143291	left	1	1	38
10	lsq	f	19	1	circle	red	(724, 460)	high	dis	(533, 540)	N	dif	hori	left	True	144476	147067	up	0	1	39
10	lsq	f	19	1	circle	green	(645, 652)	low	dis	(645, 428)	N	same	hori	left	True	149591	151242	left	1	1	40
10	lsq	f	19	1	diamond	red	(724, 460)	high	no	no_dis	N	same	hori	left	True	152384	154482	left	1	1	41
10	lsq	f	19	1	circle	red	(757, 540)	low	no	no_dis	N	dif	vert	up	True	155690	157738	up	1	1	42
10	lsq	f	19	1	circle	red	(757, 540)	low	no	no_dis	N	dif	hori	left	True	158959	161507	left	1	1	43
10	lsq	f	19	1	circle	red	(533, 540)	low	dis	(724, 460)	Y	same	vert	up	True	162510	165011	up	1	1	44
10	lsq	f	19	1	diamond	red	(757, 540)	low	dis	(724, 619)	N	same	hori	left	False	166216	None	None	0	1	45
10	lsq	f	19	1	circle	red	(565, 619)	low	dis	(724, 619)	N	same	hori	left	True	171950	174123	left	1	1	46
10	lsq	f	19	1	diamond	red	(724, 460)	high	dis	(724, 619)	N	dif	vert	up	True	175341	177451	up	1	1	47
10	lsq	f	19	1	diamond	red	(565, 619)	low	no	no_dis	N	dif	vert	up	True	178528	179778	up	1	1	48
10	lsq	f	19	1	diamond	red	(724, 619)	low	no	no_dis	N	dif	hori	left	True	180871	181946	left	1	1	49
10	lsq	f	19	1	circle	green	(724, 460)	high	dis	(757, 540)	N	same	vert	up	True	183119	185091	up	1	1	50
10	lsq	f	19	1	circle	red	(645, 428)	low	no	no_dis	N	dif	vert	up	True	186136	189059	up	1	1	51
10	lsq	f	19	1	circle	green	(724, 460)	high	dis	(724, 619)	N	dif	hori	left	True	190090	192003	left	1	1	52
10	lsq	f	19	1	circle	red	(724, 460)	high	dis	(645, 652)	N	same	hori	left	True	193097	196075	up	0	1	53
10	lsq	f	19	1	diamond	green	(645, 428)	low	no	no_dis	N	same	hori	left	True	198795	200603	left	1	1	54
10	lsq	f	19	1	diamond	red	(565, 619)	low	dis	(565, 460)	N	same	vert	up	True	201813	203386	up	1	1	55
10	lsq	f	19	1	diamond	red	(724, 619)	low	dis	(645, 652)	N	dif	hori	left	True	204441	206954	left	1	1	56
10	lsq	f	19	1	diamond	green	(757, 540)	low	no	no_dis	N	dif	hori	left	True	208169	209379	left	1	1	57
10	lsq	f	19	1	diamond	green	(724, 460)	high	no	no_dis	N	same	vert	up	True	210586	211827	up	1	1	58
10	lsq	f	19	1	diamond	green	(565, 460)	low	no	no_dis	N	dif	hori	left	True	212898	214490	left	1	1	59
10	lsq	f	19	1	circle	red	(565, 619)	low	dis	(565, 460)	N	dif	hori	left	True	215667	218011	left	1	1	60
10	lsq	f	19	1	diamond	red	(724, 460)	high	no	no_dis	N	dif	vert	up	True	219226	220354	up	1	1	61
10	lsq	f	19	1	circle	red	(724, 460)	high	dis	(724, 619)	N	dif	vert	up	True	221374	223771	up	1	1	62
10	lsq	f	19	1	circle	green	(645, 428)	low	no	no_dis	N	dif	hori	left	True	224774	225787	left	1	1	63
10	lsq	f	19	1	circle	green	(724, 619)	low	no	no_dis	N	same	hori	left	True	227014	228443	left	1	1	64
10	lsq	f	19	1	circle	green	(724, 460)	high	no	no_dis	N	dif	vert	up	True	229621	230850	up	1	1	65
10	lsq	f	19	1	circle	green	(645, 428)	low	dis	(565, 460)	N	same	hori	left	True	232057	234811	left	1	1	66
10	lsq	f	19	1	diamond	green	(645, 652)	low	dis	(565, 460)	N	dif	hori	left	True	235848	238307	left	1	1	67
10	lsq	f	19	1	diamond	green	(533, 540)	low	no	no_dis	N	dif	hori	left	True	239529	240426	left	1	1	68
10	lsq	f	19	1	diamond	red	(533, 540)	low	dis	(757, 540)	N	same	vert	up	True	241486	242866	up	1	1	69
10	lsq	f	19	1	diamond	green	(565, 619)	low	no	no_dis	N	same	hori	left	True	243986	245155	left	1	1	70
10	lsq	f	19	1	circle	green	(533, 540)	low	dis	(565, 460)	N	same	hori	left	True	246295	248394	left	1	1	71
10	lsq	f	19	1	circle	green	(565, 619)	low	no	no_dis	N	same	vert	up	True	249624	251394	up	1	1	72
10	lsq	f	19	1	circle	green	(724, 460)	high	dis	(724, 619)	N	same	vert	up	True	252419	254443	up	1	1	73
10	lsq	f	19	1	diamond	red	(724, 460)	high	dis	(565, 619)	N	same	hori	left	False	255635	None	None	0	1	74
10	lsq	f	19	1	diamond	green	(565, 460)	low	dis	(645, 428)	N	dif	hori	left	True	261186	263915	left	1	1	75
10	lsq	f	19	1	circle	red	(757, 540)	low	dis	(724, 460)	Y	dif	hori	left	True	265120	266922	left	1	1	76
10	lsq	f	19	1	diamond	red	(565, 619)	low	dis	(724, 619)	N	dif	vert	up	False	268122	None	None	0	1	77
10	lsq	f	19	1	circle	green	(565, 460)	low	dis	(565, 619)	N	dif	vert	up	True	273843	275698	up	1	1	78
10	lsq	f	19	1	circle	red	(724, 460)	high	dis	(565, 619)	N	dif	vert	up	True	276854	278890	up	1	1	79
10	lsq	f	19	1	circle	red	(724, 460)	high	no	no_dis	N	same	vert	up	True	279905	280987	up	1	1	80
10	lsq	f	19	1	circle	green	(565, 619)	low	dis	(757, 540)	N	same	vert	up	True	282140	283595	up	1	1	81
10	lsq	f	19	1	circle	red	(565, 460)	low	no	no_dis	N	same	vert	up	True	284820	286602	up	1	1	82
10	lsq	f	19	1	diamond	red	(565, 460)	low	dis	(645, 428)	N	same	hori	left	True	287832	289091	left	1	1	83
10	lsq	f	19	1	circle	green	(565, 460)	low	dis	(724, 460)	Y	same	hori	left	True	290290	291842	left	1	1	84
10	lsq	f	19	1	circle	green	(724, 460)	high	no	no_dis	N	same	vert	up	True	293094	295042	up	1	1	85
10	lsq	f	19	1	diamond	red	(645, 652)	low	dis	(533, 540)	N	same	vert	up	True	296278	299139	left	0	1	86
10	lsq	f	19	1	circle	red	(724, 460)	high	no	no_dis	N	dif	hori	left	True	301857	303866	left	1	1	87
10	lsq	f	19	1	diamond	green	(645, 652)	low	no	no_dis	N	same	vert	up	True	305045	307114	up	1	1	88
10	lsq	f	19	1	diamond	red	(565, 460)	low	no	no_dis	N	dif	vert	up	True	308294	310139	up	1	1	89
10	lsq	f	19	1	diamond	green	(645, 428)	low	dis	(724, 460)	Y	dif	hori	left	True	311170	312138	up	0	1	90
10	lsq	f	19	1	diamond	green	(757, 540)	low	dis	(533, 540)	N	dif	vert	up	True	314811	316723	left	0	1	91
10	lsq	f	19	1	diamond	green	(724, 619)	low	dis	(533, 540)	N	dif	hori	left	True	319440	321354	left	1	1	92
10	lsq	f	19	1	diamond	green	(757, 540)	low	dis	(565, 619)	N	dif	vert	up	False	322440	None	None	0	1	93
10	lsq	f	19	1	diamond	red	(724, 619)	low	no	no_dis	N	same	hori	left	True	328031	329778	left	1	1	94
10	lsq	f	19	1	diamond	green	(645, 428)	low	dis	(645, 652)	N	same	vert	up	True	330788	332307	up	1	1	95
10	lsq	f	19	1	diamond	green	(565, 619)	low	dis	(757, 540)	N	dif	vert	up	True	333363	335634	up	1	1	96
10	lsq	f	19	1	diamond	green	(724, 460)	high	no	no_dis	N	same	hori	left	True	336837	338482	left	1	1	97
10	lsq	f	19	1	diamond	green	(533, 540)	low	dis	(565, 619)	N	same	vert	up	True	339564	342114	left	0	1	98
10	lsq	f	19	1	diamond	red	(565, 460)	low	dis	(724, 619)	N	same	vert	up	True	344849	346930	up	1	1	99
10	lsq	f	19	1	circle	red	(645, 652)	low	dis	(645, 428)	N	dif	vert	up	True	348156	350146	up	1	1	100
10	lsq	f	19	1	circle	red	(645, 428)	low	dis	(724, 619)	N	dif	hori	left	True	351185	353394	left	1	1	101
10	lsq	f	19	1	diamond	red	(724, 460)	high	dis	(645, 428)	N	dif	vert	up	True	354519	356619	up	1	1	102
10	lsq	f	19	1	circle	green	(565, 460)	low	no	no_dis	N	same	hori	left	True	357626	358914	left	1	1	103
10	lsq	f	19	1	diamond	red	(533, 540)	low	no	no_dis	N	same	hori	left	True	360126	360994	up	0	1	104
10	lsq	f	19	1	circle	green	(724, 460)	high	no	no_dis	N	dif	vert	up	True	363687	364418	left	0	1	105
10	lsq	f	19	1	circle	green	(645, 652)	low	no	no_dis	N	dif	vert	up	True	366982	368842	up	1	1	106
10	lsq	f	19	1	diamond	red	(724, 460)	high	dis	(565, 460)	N	same	vert	up	True	370058	371538	up	1	1	107
10	lsq	f	19	1	circle	green	(757, 540)	low	dis	(565, 619)	N	dif	vert	up	True	372613	374674	up	1	1	108
10	lsq	f	19	1	circle	red	(757, 540)	low	dis	(724, 460)	Y	dif	vert	up	True	375851	377194	left	0	1	109
10	lsq	f	19	1	circle	green	(565, 619)	low	dis	(645, 652)	N	dif	vert	up	True	379946	382130	up	1	1	110
10	lsq	f	19	1	diamond	green	(724, 460)	high	dis	(757, 540)	N	dif	hori	left	True	383275	385610	left	1	1	111
10	lsq	f	19	1	diamond	red	(533, 540)	low	no	no_dis	N	dif	hori	left	True	386782	388586	left	1	1	112
10	lsq	f	19	1	circle	green	(724, 460)	high	dis	(645, 652)	N	same	vert	up	True	389650	391426	up	1	1	113
10	lsq	f	19	1	diamond	red	(645, 428)	low	dis	(645, 652)	N	dif	hori	left	False	392500	None	None	0	1	114
10	lsq	f	19	1	diamond	red	(724, 619)	low	dis	(724, 460)	Y	same	hori	left	False	398057	None	None	0	1	115
10	lsq	f	19	1	circle	red	(645, 652)	low	dis	(565, 619)	N	same	vert	up	True	403598	405210	up	1	1	116
10	lsq	f	19	1	circle	green	(533, 540)	low	dis	(724, 460)	Y	dif	hori	left	True	406331	408162	left	1	1	117
10	lsq	f	19	1	circle	red	(645, 428)	low	dis	(533, 540)	N	dif	vert	up	True	409291	410370	up	1	1	118
10	lsq	f	19	1	circle	red	(724, 460)	high	dis	(565, 619)	N	same	hori	left	True	411450	412242	left	1	1	119
10	lsq	f	19	1	circle	red	(533, 540)	low	dis	(724, 619)	N	same	hori	left	True	413333	414522	left	1	1	120
10	lsq	f	19	1	diamond	red	(565, 460)	low	dis	(724, 619)	N	same	vert	up	True	448931	450978	up	1	2	1
10	lsq	f	19	1	diamond	green	(565, 619)	low	no	no_dis	N	dif	hori	left	True	452074	453306	left	1	2	2
10	lsq	f	19	1	circle	red	(645, 428)	low	no	no_dis	N	same	vert	up	True	454343	455890	up	1	2	3
10	lsq	f	19	1	diamond	green	(565, 619)	low	dis	(533, 540)	N	same	vert	up	True	457087	458506	up	1	2	4
10	lsq	f	19	1	diamond	red	(724, 460)	high	no	no_dis	N	dif	hori	left	True	459607	461026	left	1	2	5
10	lsq	f	19	1	diamond	green	(724, 460)	high	no	no_dis	N	dif	vert	up	True	462034	464002	up	1	2	6
10	lsq	f	19	1	circle	green	(724, 460)	high	dis	(757, 540)	N	same	vert	up	True	465049	466642	up	1	2	7
10	lsq	f	19	1	diamond	red	(724, 460)	high	no	no_dis	N	same	hori	left	True	467703	469634	left	1	2	8
10	lsq	f	19	1	diamond	red	(724, 460)	high	no	no_dis	N	dif	vert	up	True	470746	471986	up	1	2	9
10	lsq	f	19	1	diamond	green	(645, 652)	low	dis	(565, 460)	N	dif	hori	left	True	473224	475610	left	1	2	10
10	lsq	f	19	1	diamond	green	(724, 460)	high	dis	(565, 619)	N	same	hori	left	True	476663	479298	left	1	2	11
10	lsq	f	19	1	circle	red	(565, 460)	low	no	no_dis	N	same	hori	left	True	480323	481906	left	1	2	12
10	lsq	f	19	1	circle	red	(565, 460)	low	dis	(724, 460)	Y	dif	vert	up	True	483001	485283	up	1	2	13
10	lsq	f	19	1	diamond	red	(724, 460)	high	dis	(645, 428)	N	dif	vert	up	True	486350	488186	up	1	2	14
10	lsq	f	19	1	diamond	red	(645, 652)	low	dis	(724, 460)	Y	dif	hori	left	True	489264	490499	left	1	2	15
10	lsq	f	19	1	circle	red	(724, 460)	high	dis	(645, 428)	N	dif	hori	left	True	491664	493385	left	1	2	16
10	lsq	f	19	1	diamond	green	(724, 460)	high	dis	(565, 619)	N	dif	hori	left	True	494560	496098	left	1	2	17
10	lsq	f	19	1	diamond	green	(645, 652)	low	no	no_dis	N	same	hori	left	True	497151	498610	left	1	2	18
10	lsq	f	19	1	circle	red	(724, 460)	high	dis	(533, 540)	N	dif	hori	left	True	499690	501314	left	1	2	19
10	lsq	f	19	1	diamond	red	(533, 540)	low	no	no_dis	N	same	hori	left	True	502414	503803	left	1	2	20
10	lsq	f	19	1	diamond	red	(724, 619)	low	no	no_dis	N	dif	vert	up	True	504807	506699	up	1	2	21
10	lsq	f	19	1	circle	red	(645, 652)	low	dis	(724, 460)	Y	same	hori	left	True	507905	509378	up	0	2	22
10	lsq	f	19	1	circle	red	(724, 460)	high	dis	(645, 428)	N	same	vert	up	False	511975	None	None	0	2	23
10	lsq	f	19	1	circle	red	(533, 540)	low	dis	(565, 619)	N	same	vert	up	True	517709	519010	up	1	2	24
10	lsq	f	19	1	circle	red	(757, 540)	low	dis	(645, 428)	N	same	vert	up	True	520145	521298	up	1	2	25
10	lsq	f	19	1	circle	green	(533, 540)	low	dis	(645, 652)	N	dif	vert	up	True	522506	523826	up	1	2	26
10	lsq	f	19	1	circle	green	(724, 619)	low	dis	(645, 428)	N	same	hori	left	True	524898	526282	left	1	2	27
10	lsq	f	19	1	diamond	red	(724, 460)	high	dis	(645, 652)	N	same	vert	up	True	527380	529482	left	0	2	28
10	lsq	f	19	1	circle	red	(724, 460)	high	no	no_dis	N	same	hori	left	True	532003	534474	left	1	2	29
10	lsq	f	19	1	circle	green	(533, 540)	low	dis	(565, 460)	N	dif	hori	left	True	535706	537098	left	1	2	30
10	lsq	f	19	1	circle	green	(565, 460)	low	no	no_dis	N	dif	vert	up	True	538124	539330	up	1	2	31
10	lsq	f	19	1	diamond	red	(645, 428)	low	dis	(724, 619)	N	same	hori	left	True	540463	542666	left	1	2	32
10	lsq	f	19	1	diamond	red	(724, 619)	low	no	no_dis	N	dif	hori	left	True	543722	545530	left	1	2	33
10	lsq	f	19	1	diamond	green	(645, 428)	low	dis	(533, 540)	N	same	vert	up	False	546735	None	None	0	2	34
10	lsq	f	19	1	circle	green	(757, 540)	low	no	no_dis	N	dif	vert	up	True	552394	554827	up	1	2	35
10	lsq	f	19	1	diamond	green	(724, 460)	high	dis	(533, 540)	N	same	vert	up	True	555983	558274	up	1	2	36
10	lsq	f	19	1	diamond	red	(724, 460)	high	dis	(565, 619)	N	same	hori	left	True	559297	560762	left	1	2	37
10	lsq	f	19	1	diamond	green	(724, 619)	low	no	no_dis	N	same	hori	left	True	561976	562786	left	1	2	38
10	lsq	f	19	1	diamond	red	(645, 428)	low	dis	(757, 540)	N	same	vert	up	True	563876	565370	up	1	2	39
10	lsq	f	19	1	circle	red	(724, 460)	high	no	no_dis	N	same	hori	left	True	566519	567866	left	1	2	40
10	lsq	f	19	1	circle	green	(565, 619)	low	dis	(724, 460)	Y	dif	hori	left	True	568971	571010	left	1	2	41
10	lsq	f	19	1	circle	green	(724, 619)	low	dis	(757, 540)	N	same	vert	up	True	572183	574530	up	1	2	42
10	lsq	f	19	1	diamond	red	(724, 619)	low	no	no_dis	N	dif	hori	left	True	575767	577362	left	1	2	43
10	lsq	f	19	1	diamond	green	(565, 619)	low	dis	(645, 428)	N	dif	hori	left	True	578389	579874	left	1	2	44
10	lsq	f	19	1	diamond	red	(565, 619)	low	dis	(757, 540)	N	same	vert	up	True	581124	583010	up	1	2	45
10	lsq	f	19	1	circle	red	(724, 460)	high	dis	(757, 540)	N	dif	vert	up	True	584043	586650	up	1	2	46
10	lsq	f	19	1	diamond	green	(533, 540)	low	dis	(724, 460)	Y	same	hori	left	True	587790	589842	left	1	2	47
10	lsq	f	19	1	circle	green	(724, 460)	high	dis	(724, 619)	N	same	hori	left	True	590907	592283	left	1	2	48
10	lsq	f	19	1	circle	green	(724, 460)	high	dis	(645, 652)	N	same	hori	left	True	593438	596001	left	1	2	49
10	lsq	f	19	1	diamond	red	(533, 540)	low	dis	(645, 652)	N	dif	vert	up	True	597184	599570	up	1	2	50
10	lsq	f	19	1	diamond	green	(565, 460)	low	dis	(565, 619)	N	dif	vert	up	True	600665	602866	up	1	2	51
10	lsq	f	19	1	circle	green	(645, 428)	low	dis	(724, 460)	Y	same	hori	left	True	603994	605370	left	1	2	52
10	lsq	f	19	1	diamond	green	(724, 460)	high	no	no_dis	N	same	vert	up	True	606449	608217	up	1	2	53
10	lsq	f	19	1	diamond	green	(757, 540)	low	dis	(645, 652)	N	dif	vert	up	True	609377	610602	up	1	2	54
10	lsq	f	19	1	circle	green	(645, 652)	low	dis	(533, 540)	N	dif	vert	up	True	611692	613442	up	1	2	55
10	lsq	f	19	1	circle	green	(757, 540)	low	dis	(565, 460)	N	dif	hori	left	True	614548	616169	left	1	2	56
10	lsq	f	19	1	diamond	red	(533, 540)	low	no	no_dis	N	same	hori	left	True	617235	619138	left	1	2	57
10	lsq	f	19	1	diamond	green	(724, 460)	high	dis	(565, 460)	N	dif	hori	left	True	620242	621786	left	1	2	58
10	lsq	f	19	1	diamond	green	(757, 540)	low	no	no_dis	N	same	vert	up	True	622977	624002	up	1	2	59
10	lsq	f	19	1	diamond	red	(645, 652)	low	no	no_dis	N	dif	hori	left	True	625109	626378	left	1	2	60
10	lsq	f	19	1	circle	red	(533, 540)	low	no	no_dis	N	same	vert	up	True	627620	629881	up	1	2	61
10	lsq	f	19	1	circle	red	(724, 619)	low	dis	(533, 540)	N	dif	hori	left	True	631062	633362	up	0	2	62
10	lsq	f	19	1	diamond	green	(724, 460)	high	no	no_dis	N	dif	hori	left	True	636091	638298	left	1	2	63
10	lsq	f	19	1	circle	red	(565, 619)	low	dis	(645, 428)	N	same	vert	up	True	639377	641650	up	1	2	64
10	lsq	f	19	1	circle	red	(565, 619)	low	no	no_dis	N	dif	vert	up	True	642737	643921	up	1	2	65
10	lsq	f	19	1	diamond	green	(724, 460)	high	dis	(724, 619)	N	dif	vert	up	True	644970	645937	up	1	2	66
10	lsq	f	19	1	diamond	green	(724, 619)	low	dis	(533, 540)	N	dif	vert	up	True	647121	648521	up	1	2	67
10	lsq	f	19	1	diamond	green	(645, 652)	low	dis	(724, 619)	N	same	hori	left	True	649674	650802	left	1	2	68
10	lsq	f	19	1	circle	red	(724, 460)	high	dis	(565, 460)	N	dif	vert	up	True	651913	653650	up	1	2	69
10	lsq	f	19	1	diamond	red	(757, 540)	low	dis	(645, 428)	N	dif	hori	left	True	654686	656058	left	1	2	70
10	lsq	f	19	1	circle	green	(724, 460)	high	no	no_dis	N	dif	vert	up	True	657061	658498	up	1	2	71
10	lsq	f	19	1	circle	red	(645, 652)	low	no	no_dis	N	dif	hori	left	True	659668	661106	left	1	2	72
10	lsq	f	19	1	circle	red	(724, 460)	high	dis	(724, 619)	N	same	vert	up	True	662115	664282	up	1	2	73
10	lsq	f	19	1	circle	green	(565, 619)	low	dis	(645, 652)	N	dif	hori	left	True	665501	667265	left	1	2	74
10	lsq	f	19	1	circle	green	(724, 460)	high	no	no_dis	N	same	vert	up	True	668339	669346	up	1	2	75
10	lsq	f	19	1	circle	red	(645, 428)	low	dis	(533, 540)	N	same	vert	up	True	670391	671265	up	1	2	76
10	lsq	f	19	1	circle	green	(757, 540)	low	no	no_dis	N	same	hori	left	True	672433	673273	left	1	2	77
10	lsq	f	19	1	diamond	red	(645, 652)	low	dis	(565, 460)	N	dif	vert	up	True	674510	676026	up	1	2	78
10	lsq	f	19	1	circle	red	(724, 619)	low	dis	(757, 540)	N	same	hori	left	True	677225	679218	left	1	2	79
10	lsq	f	19	1	diamond	red	(757, 540)	low	dis	(565, 460)	N	dif	vert	up	True	680411	681434	up	1	2	80
10	lsq	f	19	1	diamond	green	(565, 460)	low	dis	(565, 619)	N	same	hori	left	True	682519	683994	left	1	2	81
10	lsq	f	19	1	diamond	red	(724, 460)	high	dis	(645, 652)	N	dif	hori	left	True	685060	686034	left	1	2	82
10	lsq	f	19	1	diamond	red	(533, 540)	low	dis	(724, 619)	N	dif	hori	left	True	687212	688962	left	1	2	83
10	lsq	f	19	1	diamond	green	(645, 428)	low	dis	(757, 540)	N	same	hori	left	True	690011	691417	left	1	2	84
10	lsq	f	19	1	circle	green	(645, 652)	low	dis	(757, 540)	N	dif	vert	up	True	692643	693858	up	1	2	85
10	lsq	f	19	1	diamond	green	(533, 540)	low	no	no_dis	N	same	hori	left	True	694923	695753	left	1	2	86
10	lsq	f	19	1	circle	green	(724, 460)	high	dis	(724, 619)	N	dif	vert	up	True	696795	698082	left	0	2	87
10	lsq	f	19	1	circle	red	(645, 428)	low	dis	(565, 460)	N	same	vert	up	True	700808	702401	up	1	2	88
10	lsq	f	19	1	circle	green	(724, 460)	high	dis	(645, 652)	N	same	vert	up	True	703427	704642	up	1	2	89
10	lsq	f	19	1	diamond	red	(645, 428)	low	no	no_dis	N	same	vert	up	True	705720	706410	up	1	2	90
10	lsq	f	19	1	diamond	red	(724, 619)	low	dis	(533, 540)	N	same	hori	left	True	707537	709314	left	1	2	91
10	lsq	f	19	1	diamond	red	(724, 460)	high	dis	(565, 460)	N	dif	hori	left	True	710520	711850	left	1	2	92
10	lsq	f	19	1	circle	red	(565, 460)	low	dis	(565, 619)	N	same	hori	left	True	713017	714081	left	1	2	93
10	lsq	f	19	1	circle	red	(724, 460)	high	no	no_dis	N	dif	hori	left	True	715172	716249	left	1	2	94
10	lsq	f	19	1	diamond	green	(724, 619)	low	dis	(724, 460)	Y	same	vert	up	True	717467	718986	up	1	2	95
10	lsq	f	19	1	circle	green	(724, 460)	high	dis	(757, 540)	N	same	hori	left	True	720037	720786	left	1	2	96
10	lsq	f	19	1	circle	green	(565, 460)	low	dis	(565, 619)	N	same	vert	up	True	721963	723929	up	1	2	97
10	lsq	f	19	1	diamond	green	(724, 460)	high	dis	(645, 428)	N	same	hori	left	True	724996	726490	left	1	2	98
10	lsq	f	19	1	circle	green	(565, 460)	low	dis	(757, 540)	N	same	hori	left	True	727730	728785	left	1	2	99
10	lsq	f	19	1	circle	red	(565, 619)	low	dis	(724, 619)	N	dif	hori	left	True	729787	730730	left	1	2	100
10	lsq	f	19	1	diamond	green	(757, 540)	low	no	no_dis	N	same	vert	up	True	731877	733226	up	1	2	101
10	lsq	f	19	1	circle	green	(565, 619)	low	no	no_dis	N	dif	hori	left	True	734301	735546	left	1	2	102
10	lsq	f	19	1	circle	green	(645, 428)	low	no	no_dis	N	same	vert	up	True	736614	737497	up	1	2	103
10	lsq	f	19	1	circle	red	(645, 652)	low	no	no_dis	N	dif	hori	left	True	738657	739770	left	1	2	104
10	lsq	f	19	1	diamond	red	(724, 460)	high	dis	(533, 540)	N	dif	vert	up	True	740977	743034	up	1	2	105
10	lsq	f	19	1	circle	green	(565, 460)	low	no	no_dis	N	dif	vert	up	True	744251	746250	left	0	2	106
10	lsq	f	19	1	circle	red	(645, 652)	low	dis	(645, 428)	N	same	vert	up	True	748861	750889	up	1	2	107
10	lsq	f	19	1	diamond	green	(533, 540)	low	dis	(724, 460)	Y	same	hori	left	True	752014	753769	left	1	2	108
10	lsq	f	19	1	circle	green	(565, 460)	low	no	no_dis	N	dif	vert	up	True	754987	756033	up	1	2	109
10	lsq	f	19	1	circle	red	(533, 540)	low	dis	(565, 619)	N	dif	vert	up	True	757234	759258	up	1	2	110
10	lsq	f	19	1	circle	red	(645, 428)	low	no	no_dis	N	same	vert	up	True	760462	762066	up	1	2	111
10	lsq	f	19	1	circle	green	(724, 460)	high	no	no_dis	N	same	vert	up	True	763194	765234	up	1	2	112
10	lsq	f	19	1	diamond	green	(565, 619)	low	no	no_dis	N	dif	vert	up	True	766280	767585	up	1	2	113
10	lsq	f	19	1	diamond	red	(724, 619)	low	dis	(565, 619)	N	dif	vert	up	True	768705	769994	left	0	2	114
10	lsq	f	19	1	circle	red	(757, 540)	low	dis	(724, 619)	N	dif	vert	up	True	772719	775697	up	1	2	115
10	lsq	f	19	1	circle	green	(645, 428)	low	dis	(565, 460)	N	dif	hori	left	True	776844	778938	left	1	2	116
10	lsq	f	19	1	circle	green	(757, 540)	low	dis	(724, 460)	Y	dif	hori	left	True	780124	782585	left	1	2	117
10	lsq	f	19	1	diamond	red	(565, 619)	low	dis	(645, 652)	N	dif	vert	up	True	783654	784610	up	1	2	118
10	lsq	f	19	1	diamond	red	(565, 460)	low	dis	(645, 652)	N	same	hori	left	True	785632	786833	left	1	2	119
10	lsq	f	19	1	diamond	green	(757, 540)	low	dis	(724, 460)	Y	dif	hori	left	True	787981	789377	left	1	2	120
10	lsq	f	19	1	diamond	green	(757, 540)	low	dis	(724, 460)	Y	dif	vert	up	True	834677	837001	up	1	3	1
10	lsq	f	19	1	circle	green	(565, 619)	low	dis	(757, 540)	N	dif	vert	up	True	838168	839457	up	1	3	2
10	lsq	f	19	1	diamond	red	(533, 540)	low	no	no_dis	N	same	hori	left	True	840519	841569	left	1	3	3
10	lsq	f	19	1	diamond	green	(645, 652)	low	dis	(724, 460)	Y	dif	vert	up	True	842593	843801	up	1	3	4
10	lsq	f	19	1	diamond	red	(533, 540)	low	dis	(565, 619)	N	dif	vert	up	True	844994	845954	up	1	3	5
10	lsq	f	19	1	circle	green	(724, 619)	low	no	no_dis	N	dif	vert	up	True	847203	848137	up	1	3	6
10	lsq	f	19	1	circle	red	(645, 652)	low	dis	(724, 619)	N	dif	hori	left	True	849325	850530	left	1	3	7
10	lsq	f	19	1	circle	red	(724, 460)	high	dis	(533, 540)	N	same	hori	left	True	851638	852801	left	1	3	8
10	lsq	f	19	1	circle	green	(565, 460)	low	dis	(565, 619)	N	same	hori	left	True	853821	856482	left	1	3	9
10	lsq	f	19	1	diamond	red	(757, 540)	low	dis	(565, 460)	N	dif	vert	up	True	857641	858818	up	1	3	10
10	lsq	f	19	1	diamond	red	(565, 619)	low	no	no_dis	N	same	vert	up	True	859992	861737	up	1	3	11
10	lsq	f	19	1	circle	red	(724, 460)	high	dis	(565, 460)	N	dif	vert	up	True	862740	865145	up	1	3	12
10	lsq	f	19	1	circle	green	(645, 652)	low	no	no_dis	N	same	hori	left	True	866147	867513	left	1	3	13
10	lsq	f	19	1	diamond	green	(533, 540)	low	dis	(565, 460)	N	dif	hori	left	True	868642	871009	up	0	3	14
10	lsq	f	19	1	diamond	green	(645, 428)	low	no	no_dis	N	same	vert	up	True	873548	876513	up	1	3	15
10	lsq	f	19	1	circle	green	(724, 619)	low	no	no_dis	N	same	vert	up	True	877662	879354	up	1	3	16
10	lsq	f	19	1	circle	red	(645, 428)	low	no	no_dis	N	dif	hori	left	False	880569	None	None	0	3	17
10	lsq	f	19	1	circle	green	(724, 460)	high	no	no_dis	N	same	hori	left	True	886307	887145	left	1	3	18
10	lsq	f	19	1	diamond	red	(645, 428)	low	dis	(645, 652)	N	dif	hori	left	True	888256	889249	left	1	3	19
10	lsq	f	19	1	circle	red	(724, 460)	high	dis	(645, 428)	N	dif	hori	left	True	890435	891745	up	0	3	20
10	lsq	f	19	1	diamond	red	(724, 619)	low	dis	(533, 540)	N	dif	hori	left	True	894478	895834	left	1	3	21
10	lsq	f	19	1	diamond	red	(724, 460)	high	no	no_dis	N	dif	vert	up	True	896957	898857	up	1	3	22
10	lsq	f	19	1	diamond	red	(565, 460)	low	dis	(724, 460)	Y	same	vert	up	True	900026	902202	up	1	3	23
10	lsq	f	19	1	diamond	green	(757, 540)	low	no	no_dis	N	dif	hori	left	True	903218	904313	left	1	3	24
10	lsq	f	19	1	circle	green	(645, 428)	low	dis	(565, 619)	N	same	vert	up	True	905562	907530	left	0	3	25
10	lsq	f	19	1	diamond	green	(724, 460)	high	no	no_dis	N	same	hori	left	True	910234	911833	left	1	3	26
10	lsq	f	19	1	diamond	red	(645, 428)	low	dis	(565, 619)	N	same	vert	up	True	912857	914722	up	1	3	27
10	lsq	f	19	1	circle	red	(645, 652)	low	dis	(724, 619)	N	same	vert	up	True	915735	917610	up	1	3	28
10	lsq	f	19	1	diamond	red	(724, 460)	high	dis	(565, 619)	N	same	vert	up	True	918672	919577	up	1	3	29
10	lsq	f	19	1	diamond	green	(565, 619)	low	dis	(533, 540)	N	dif	hori	left	True	920746	921610	left	1	3	30
10	lsq	f	19	1	diamond	red	(565, 619)	low	dis	(724, 619)	N	dif	vert	up	True	922790	923585	up	1	3	31
10	lsq	f	19	1	diamond	red	(724, 619)	low	dis	(645, 428)	N	dif	vert	up	True	924805	926794	up	1	3	32
10	lsq	f	19	1	circle	red	(724, 619)	low	dis	(565, 619)	N	dif	hori	left	True	927982	929025	left	1	3	33
10	lsq	f	19	1	circle	green	(724, 460)	high	dis	(565, 619)	N	same	hori	left	True	930107	930961	left	1	3	34
10	lsq	f	19	1	diamond	red	(724, 460)	high	dis	(533, 540)	N	dif	hori	left	True	932049	933394	left	1	3	35
10	lsq	f	19	1	diamond	red	(565, 619)	low	dis	(724, 460)	Y	dif	hori	left	True	934582	935369	left	1	3	36
10	lsq	f	19	1	diamond	green	(533, 540)	low	no	no_dis	N	same	vert	up	True	936460	937361	up	1	3	37
10	lsq	f	19	1	diamond	green	(724, 460)	high	no	no_dis	N	dif	vert	up	True	938428	939442	up	1	3	38
10	lsq	f	19	1	circle	red	(645, 652)	low	no	no_dis	N	same	vert	up	True	940475	942337	up	1	3	39
10	lsq	f	19	1	circle	red	(565, 460)	low	dis	(645, 428)	N	same	vert	up	True	943568	945226	up	1	3	40
10	lsq	f	19	1	circle	red	(645, 428)	low	dis	(724, 460)	Y	same	hori	left	True	946478	948321	left	1	3	41
10	lsq	f	19	1	diamond	green	(645, 652)	low	dis	(645, 428)	N	dif	vert	up	True	949413	950825	up	1	3	42
10	lsq	f	19	1	diamond	red	(565, 460)	low	dis	(724, 460)	Y	same	vert	up	True	951935	953353	up	1	3	43
10	lsq	f	19	1	diamond	green	(565, 619)	low	no	no_dis	N	same	hori	left	True	954454	956065	left	1	3	44
10	lsq	f	19	1	circle	green	(533, 540)	low	no	no_dis	N	dif	vert	up	True	957160	958529	up	1	3	45
10	lsq	f	19	1	circle	green	(724, 460)	high	dis	(565, 619)	N	dif	vert	up	True	959577	960625	up	1	3	46
10	lsq	f	19	1	circle	red	(724, 460)	high	dis	(565, 460)	N	same	hori	left	True	961724	963105	left	1	3	47
10	lsq	f	19	1	circle	green	(757, 540)	low	dis	(645, 652)	N	dif	hori	left	True	964227	965681	left	1	3	48
10	lsq	f	19	1	circle	red	(645, 428)	low	no	no_dis	N	dif	hori	left	True	966810	968129	left	1	3	49
10	lsq	f	19	1	diamond	green	(724, 619)	low	no	no_dis	N	dif	vert	up	True	969306	970520	up	1	3	50
10	lsq	f	19	1	diamond	green	(724, 460)	high	dis	(645, 428)	N	same	hori	left	True	971690	972769	left	1	3	51
10	lsq	f	19	1	diamond	red	(757, 540)	low	dis	(645, 652)	N	same	vert	up	True	973932	975553	up	1	3	52
10	lsq	f	19	1	circle	red	(757, 540)	low	dis	(724, 460)	Y	dif	vert	up	True	976729	977801	up	1	3	53
10	lsq	f	19	1	circle	red	(724, 619)	low	dis	(757, 540)	N	dif	hori	left	True	979005	980018	left	1	3	54
10	lsq	f	19	1	circle	red	(533, 540)	low	dis	(724, 619)	N	same	hori	left	True	981195	982386	up	0	3	55
10	lsq	f	19	1	circle	red	(565, 619)	low	dis	(757, 540)	N	dif	vert	up	True	985110	986761	up	1	3	56
10	lsq	f	19	1	diamond	green	(757, 540)	low	dis	(565, 460)	N	same	hori	left	True	987822	989913	left	1	3	57
10	lsq	f	19	1	circle	red	(724, 460)	high	dis	(533, 540)	N	dif	vert	up	True	990998	992769	up	1	3	58
10	lsq	f	19	1	circle	red	(565, 619)	low	dis	(533, 540)	N	same	vert	up	True	993920	995001	up	1	3	59
10	lsq	f	19	1	circle	green	(724, 619)	low	dis	(645, 652)	N	same	hori	left	True	996034	997352	up	0	3	60
10	lsq	f	19	1	diamond	green	(724, 460)	high	dis	(645, 652)	N	dif	hori	left	True	999875	1001161	left	1	3	61
10	lsq	f	19	1	diamond	green	(645, 428)	low	dis	(533, 540)	N	same	hori	left	True	1002252	1004265	up	0	3	62
10	lsq	f	19	1	diamond	green	(724, 460)	high	dis	(724, 619)	N	dif	vert	up	True	1006844	1009449	up	1	3	63
10	lsq	f	19	1	circle	red	(724, 460)	high	no	no_dis	N	dif	vert	up	True	1010637	1012521	up	1	3	64
10	lsq	f	19	1	circle	red	(565, 619)	low	no	no_dis	N	same	hori	left	True	1013525	1015593	left	1	3	65
10	lsq	f	19	1	diamond	red	(724, 460)	high	dis	(645, 652)	N	dif	hori	left	True	1016840	1019225	left	1	3	66
10	lsq	f	19	1	circle	red	(565, 460)	low	dis	(645, 652)	N	dif	vert	up	True	1020342	1021362	up	1	3	67
10	lsq	f	19	1	circle	green	(533, 540)	low	no	no_dis	N	dif	vert	up	True	1022464	1023433	up	1	3	68
10	lsq	f	19	1	circle	green	(724, 460)	high	no	no_dis	N	dif	hori	left	True	1024515	1026089	left	1	3	69
10	lsq	f	19	1	circle	green	(724, 460)	high	dis	(645, 428)	N	dif	hori	left	True	1027328	1029217	left	1	3	70
10	lsq	f	19	1	diamond	red	(645, 652)	low	no	no_dis	N	same	hori	left	True	1030387	1031848	left	1	3	71
10	lsq	f	19	1	circle	red	(645, 428)	low	dis	(757, 540)	N	same	hori	left	True	1032924	1035073	left	1	3	72
10	lsq	f	19	1	diamond	red	(645, 428)	low	no	no_dis	N	same	hori	left	True	1036223	1037441	left	1	3	73
10	lsq	f	19	1	diamond	red	(724, 460)	high	dis	(757, 540)	N	dif	vert	up	True	1038572	1040665	up	1	3	74
10	lsq	f	19	1	circle	green	(565, 619)	low	dis	(724, 460)	Y	same	hori	left	True	1041849	1043282	left	1	3	75
10	lsq	f	19	1	circle	green	(724, 460)	high	no	no_dis	N	same	vert	up	True	1044363	1045993	up	1	3	76
10	lsq	f	19	1	circle	green	(757, 540)	low	dis	(533, 540)	N	same	hori	left	True	1047026	1048721	left	1	3	77
10	lsq	f	19	1	circle	green	(724, 460)	high	dis	(724, 619)	N	same	vert	up	True	1049820	1050857	up	1	3	78
10	lsq	f	19	1	diamond	green	(565, 460)	low	dis	(533, 540)	N	same	hori	left	True	1052034	1053768	left	1	3	79
10	lsq	f	19	1	diamond	green	(565, 619)	low	dis	(533, 540)	N	same	hori	left	True	1054903	1056401	left	1	3	80
10	lsq	f	19	1	diamond	red	(565, 460)	low	no	no_dis	N	dif	hori	left	True	1057448	1058594	left	1	3	81
10	lsq	f	19	1	circle	red	(565, 460)	low	no	no_dis	N	dif	hori	left	True	1059771	1061402	left	1	3	82
10	lsq	f	19	1	circle	green	(724, 460)	high	dis	(565, 460)	N	same	vert	up	True	1062432	1064592	up	1	3	83
10	lsq	f	19	1	circle	red	(724, 460)	high	no	no_dis	N	dif	hori	left	True	1065805	1067152	left	1	3	84
10	lsq	f	19	1	diamond	green	(724, 460)	high	no	no_dis	N	same	hori	left	True	1068207	1069497	left	1	3	85
10	lsq	f	19	1	diamond	green	(533, 540)	low	dis	(645, 428)	N	same	vert	up	True	1070661	1071897	up	1	3	86
10	lsq	f	19	1	diamond	green	(645, 428)	low	dis	(724, 460)	Y	dif	hori	left	True	1072983	1074185	left	1	3	87
10	lsq	f	19	1	diamond	red	(533, 540)	low	dis	(565, 460)	N	same	hori	left	True	1075372	1076425	left	1	3	88
10	lsq	f	19	1	diamond	red	(724, 460)	high	dis	(724, 619)	N	same	vert	up	True	1077561	1079193	up	1	3	89
10	lsq	f	19	1	diamond	red	(645, 652)	low	dis	(757, 540)	N	dif	hori	left	True	1080349	1081297	left	1	3	90
10	lsq	f	19	1	circle	green	(533, 540)	low	dis	(565, 460)	N	dif	vert	up	True	1082337	1083681	up	1	3	91
10	lsq	f	19	1	diamond	red	(645, 652)	low	dis	(565, 460)	N	dif	vert	up	True	1084868	1086489	up	1	3	92
10	lsq	f	19	1	circle	red	(565, 460)	low	no	no_dis	N	dif	hori	left	True	1087492	1088937	left	1	3	93
10	lsq	f	19	1	circle	green	(757, 540)	low	no	no_dis	N	same	vert	up	True	1090061	1091328	left	0	3	94
10	lsq	f	19	1	circle	red	(757, 540)	low	no	no_dis	N	dif	vert	up	True	1093949	1095921	up	1	3	95
10	lsq	f	19	1	diamond	green	(724, 460)	high	dis	(757, 540)	N	same	hori	left	False	1097033	None	None	0	3	96
10	lsq	f	19	1	diamond	green	(724, 460)	high	dis	(645, 428)	N	same	hori	left	True	1102715	1104776	left	1	3	97
10	lsq	f	19	1	diamond	green	(645, 652)	low	no	no_dis	N	dif	hori	left	True	1105880	1108401	left	1	3	98
10	lsq	f	19	1	circle	red	(757, 540)	low	dis	(724, 619)	N	dif	hori	left	False	1109444	None	None	0	3	99
10	lsq	f	19	1	circle	green	(645, 652)	low	dis	(724, 619)	N	same	vert	up	True	1115081	1116896	left	0	3	100
10	lsq	f	19	1	diamond	green	(724, 619)	low	dis	(645, 652)	N	dif	vert	up	True	1119506	1120889	up	1	3	101
10	lsq	f	19	1	diamond	red	(724, 460)	high	dis	(565, 619)	N	dif	hori	left	True	1121984	1123177	left	1	3	102
10	lsq	f	19	1	diamond	green	(724, 619)	low	dis	(645, 428)	N	dif	hori	left	True	1124280	1126064	left	1	3	103
10	lsq	f	19	1	circle	green	(645, 652)	low	dis	(565, 460)	N	same	vert	up	True	1127247	1129417	up	1	3	104
10	lsq	f	19	1	diamond	red	(565, 619)	low	no	no_dis	N	same	vert	up	True	1130535	1132249	up	1	3	105
10	lsq	f	19	1	circle	green	(724, 619)	low	dis	(724, 460)	Y	same	hori	left	True	1133288	1135490	left	1	3	106
10	lsq	f	19	1	circle	red	(533, 540)	low	dis	(645, 428)	N	same	vert	up	True	1136508	1137713	up	1	3	107
10	lsq	f	19	1	diamond	green	(724, 460)	high	dis	(757, 540)	N	same	vert	up	True	1138928	1140297	up	1	3	108
10	lsq	f	19	1	diamond	red	(724, 460)	high	no	no_dis	N	dif	hori	left	True	1141382	1143153	left	1	3	109
10	lsq	f	19	1	circle	red	(724, 460)	high	dis	(645, 652)	N	dif	vert	up	True	1144312	1146025	up	1	3	110
10	lsq	f	19	1	diamond	red	(724, 460)	high	no	no_dis	N	same	vert	up	True	1147179	1148953	up	1	3	111
10	lsq	f	19	1	diamond	green	(565, 460)	low	dis	(565, 619)	N	same	hori	left	True	1150017	1152881	left	1	3	112
10	lsq	f	19	1	circle	green	(645, 428)	low	dis	(645, 652)	N	same	vert	up	True	1153975	1155657	up	1	3	113
10	lsq	f	19	1	diamond	red	(565, 460)	low	no	no_dis	N	dif	vert	up	True	1156827	1158825	up	1	3	114
10	lsq	f	19	1	diamond	green	(724, 619)	low	no	no_dis	N	same	hori	left	True	1160068	1161753	left	1	3	115
10	lsq	f	19	1	circle	green	(724, 460)	high	dis	(724, 619)	N	same	vert	up	True	1162943	1164849	up	1	3	116
10	lsq	f	19	1	circle	red	(724, 460)	high	no	no_dis	N	same	vert	up	True	1165985	1167608	left	0	3	117
10	lsq	f	19	1	circle	green	(757, 540)	low	no	no_dis	N	dif	vert	up	True	1170151	1172000	left	0	3	118
10	lsq	f	19	1	circle	green	(565, 460)	low	dis	(757, 540)	N	dif	hori	left	True	1174585	1176057	left	1	3	119
10	lsq	f	19	1	circle	green	(533, 540)	low	dis	(757, 540)	N	same	vert	up	True	1177199	1178361	up	1	3	120
10	lsq	f	19	1	diamond	red	(565, 619)	low	no	no_dis	N	dif	hori	left	True	1214082	1215561	left	1	4	1
10	lsq	f	19	1	circle	green	(565, 619)	low	dis	(724, 460)	Y	same	hori	left	True	1216656	1218401	left	1	4	2
10	lsq	f	19	1	circle	green	(565, 460)	low	dis	(565, 619)	N	dif	hori	left	True	1219415	1220105	left	1	4	3
10	lsq	f	19	1	diamond	red	(724, 460)	high	dis	(565, 619)	N	dif	hori	left	True	1221192	1222089	left	1	4	4
10	lsq	f	19	1	circle	red	(645, 652)	low	no	no_dis	N	dif	hori	left	True	1223162	1224305	left	1	4	5
10	lsq	f	19	1	circle	green	(724, 619)	low	no	no_dis	N	same	vert	up	True	1225544	1226248	up	1	4	6
10	lsq	f	19	1	diamond	green	(565, 460)	low	no	no_dis	N	dif	vert	up	True	1227313	1228080	up	1	4	7
10	lsq	f	19	1	diamond	red	(724, 460)	high	no	no_dis	N	dif	vert	up	True	1229227	1230025	up	1	4	8
10	lsq	f	19	1	circle	red	(724, 460)	high	dis	(724, 619)	N	dif	vert	up	True	1231128	1232865	up	1	4	9
10	lsq	f	19	1	diamond	red	(724, 460)	high	dis	(724, 619)	N	same	vert	up	True	1233974	1235081	up	1	4	10
10	lsq	f	19	1	circle	green	(533, 540)	low	dis	(757, 540)	N	dif	hori	left	True	1236118	1237089	left	1	4	11
10	lsq	f	19	1	circle	red	(565, 460)	low	no	no_dis	N	same	vert	up	True	1238103	1239112	up	1	4	12
10	lsq	f	19	1	diamond	green	(724, 619)	low	dis	(645, 428)	N	dif	hori	left	True	1240233	1241193	left	1	4	13
10	lsq	f	19	1	diamond	green	(724, 460)	high	dis	(565, 460)	N	dif	vert	up	True	1242384	1243968	up	1	4	14
10	lsq	f	19	1	diamond	green	(724, 619)	low	no	no_dis	N	dif	vert	up	True	1245198	1246009	up	1	4	15
10	lsq	f	19	1	circle	red	(724, 460)	high	dis	(565, 460)	N	same	hori	left	True	1247217	1248480	left	1	4	16
10	lsq	f	19	1	diamond	red	(533, 540)	low	dis	(645, 652)	N	dif	vert	up	True	1249656	1251225	up	1	4	17
10	lsq	f	19	1	circle	green	(565, 619)	low	dis	(533, 540)	N	dif	hori	left	True	1252458	1253609	left	1	4	18
10	lsq	f	19	1	diamond	red	(724, 619)	low	dis	(724, 460)	Y	dif	vert	up	True	1254774	1256025	up	1	4	19
10	lsq	f	19	1	diamond	red	(565, 619)	low	dis	(565, 460)	N	dif	vert	up	True	1257144	1258313	up	1	4	20
10	lsq	f	19	1	diamond	green	(724, 460)	high	no	no_dis	N	dif	hori	left	True	1259539	1260473	left	1	4	21
10	lsq	f	19	1	circle	red	(757, 540)	low	dis	(533, 540)	N	same	vert	up	True	1261673	1263584	left	0	4	22
10	lsq	f	19	1	circle	green	(724, 460)	high	no	no_dis	N	dif	vert	up	True	1266251	1267521	left	0	4	23
10	lsq	f	19	1	diamond	green	(757, 540)	low	dis	(724, 460)	Y	same	hori	left	True	1270156	1272448	left	1	4	24
10	lsq	f	19	1	circle	red	(533, 540)	low	dis	(724, 619)	N	same	hori	left	True	1273587	1274512	left	1	4	25
10	lsq	f	19	1	circle	red	(645, 428)	low	dis	(724, 619)	N	dif	hori	left	True	1275570	1276593	left	1	4	26
10	lsq	f	19	1	circle	green	(645, 652)	low	dis	(757, 540)	N	same	vert	up	True	1277691	1279512	up	1	4	27
10	lsq	f	19	1	circle	red	(757, 540)	low	no	no_dis	N	dif	hori	left	True	1280579	1281657	left	1	4	28
10	lsq	f	19	1	diamond	red	(645, 428)	low	no	no_dis	N	dif	hori	left	True	1282902	1285088	up	0	4	29
10	lsq	f	19	1	diamond	red	(724, 460)	high	no	no_dis	N	same	hori	left	True	1287780	1288848	left	1	4	30
10	lsq	f	19	1	diamond	green	(533, 540)	low	dis	(724, 460)	Y	dif	vert	up	True	1290093	1290912	up	1	4	31
10	lsq	f	19	1	diamond	red	(645, 652)	low	dis	(724, 619)	N	same	hori	left	True	1292113	1293480	left	1	4	32
10	lsq	f	19	1	diamond	red	(724, 460)	high	dis	(757, 540)	N	same	hori	left	True	1294557	1295553	left	1	4	33
10	lsq	f	19	1	circle	red	(724, 460)	high	dis	(645, 652)	N	dif	hori	left	True	1296589	1298304	left	1	4	34
10	lsq	f	19	1	diamond	green	(645, 428)	low	dis	(724, 460)	Y	same	hori	left	True	1299321	1300128	left	1	4	35
10	lsq	f	19	1	circle	red	(645, 652)	low	dis	(565, 460)	N	dif	hori	left	True	1301331	1303961	left	1	4	36
10	lsq	f	19	1	diamond	red	(565, 619)	low	dis	(565, 460)	N	same	hori	left	True	1305121	1307209	left	1	4	37
10	lsq	f	19	1	circle	green	(757, 540)	low	dis	(645, 428)	N	same	vert	up	True	1308315	1309760	up	1	4	38
10	lsq	f	19	1	circle	green	(565, 619)	low	no	no_dis	N	dif	vert	up	True	1310959	1312041	up	1	4	39
10	lsq	f	19	1	circle	green	(565, 619)	low	no	no_dis	N	same	vert	up	True	1313104	1314056	up	1	4	40
10	lsq	f	19	1	diamond	green	(724, 460)	high	dis	(533, 540)	N	dif	hori	left	True	1315247	1316960	left	1	4	41
10	lsq	f	19	1	diamond	green	(724, 460)	high	dis	(565, 460)	N	same	vert	up	True	1318091	1319745	up	1	4	42
10	lsq	f	19	1	circle	red	(757, 540)	low	no	no_dis	N	same	vert	up	True	1320965	1322816	left	0	4	43
10	lsq	f	19	1	circle	red	(724, 619)	low	dis	(565, 619)	N	dif	hori	left	True	1325419	1326688	left	1	4	44
10	lsq	f	19	1	diamond	green	(757, 540)	low	dis	(724, 460)	Y	same	hori	left	True	1327758	1329456	left	1	4	45
10	lsq	f	19	1	circle	red	(757, 540)	low	dis	(645, 652)	N	dif	vert	up	True	1330579	1333312	up	1	4	46
10	lsq	f	19	1	circle	red	(724, 460)	high	dis	(645, 428)	N	same	vert	up	True	1334382	1336648	up	1	4	47
10	lsq	f	19	1	circle	green	(724, 460)	high	dis	(533, 540)	N	dif	vert	up	True	1337689	1338432	up	1	4	48
10	lsq	f	19	1	diamond	red	(757, 540)	low	dis	(645, 428)	N	same	hori	left	True	1339600	1340912	left	1	4	49
10	lsq	f	19	1	circle	red	(565, 619)	low	dis	(645, 652)	N	same	hori	left	True	1342094	1343112	left	1	4	50
10	lsq	f	19	1	diamond	green	(724, 619)	low	dis	(645, 428)	N	dif	vert	up	True	1344282	1345448	up	1	4	51
10	lsq	f	19	1	circle	red	(724, 619)	low	dis	(724, 460)	Y	dif	vert	up	True	1346633	1347728	up	1	4	52
10	lsq	f	19	1	circle	green	(645, 428)	low	dis	(724, 619)	N	dif	hori	left	True	1348805	1350512	left	1	4	53
10	lsq	f	19	1	diamond	green	(645, 652)	low	dis	(533, 540)	N	dif	hori	left	True	1351580	1353304	left	1	4	54
10	lsq	f	19	1	diamond	green	(565, 619)	low	no	no_dis	N	dif	vert	up	True	1354370	1355272	up	1	4	55
10	lsq	f	19	1	diamond	red	(724, 460)	high	dis	(645, 428)	N	dif	hori	left	True	1356278	1357096	left	1	4	56
10	lsq	f	19	1	diamond	red	(645, 652)	low	no	no_dis	N	same	hori	left	True	1358221	1359456	left	1	4	57
10	lsq	f	19	1	circle	green	(724, 460)	high	dis	(533, 540)	N	dif	hori	left	True	1360601	1361704	left	1	4	58
10	lsq	f	19	1	diamond	red	(724, 460)	high	dis	(724, 619)	N	same	vert	up	True	1362911	1363881	up	1	4	59
10	lsq	f	19	1	circle	red	(565, 619)	low	dis	(645, 652)	N	same	hori	left	True	1365117	1366217	left	1	4	60
10	lsq	f	19	1	circle	red	(757, 540)	low	no	no_dis	N	dif	vert	up	True	1367376	1368080	up	1	4	61
10	lsq	f	19	1	diamond	green	(724, 619)	low	no	no_dis	N	dif	vert	up	True	1369158	1370401	up	1	4	62
10	lsq	f	19	1	diamond	green	(645, 428)	low	no	no_dis	N	same	hori	left	True	1371623	1372336	left	1	4	63
10	lsq	f	19	1	diamond	red	(533, 540)	low	dis	(565, 619)	N	dif	vert	up	True	1373424	1374288	up	1	4	64
10	lsq	f	19	1	circle	red	(724, 460)	high	no	no_dis	N	same	hori	left	True	1375540	1376280	left	1	4	65
10	lsq	f	19	1	circle	red	(565, 460)	low	dis	(645, 428)	N	dif	vert	up	True	1377315	1379161	up	1	4	66
10	lsq	f	19	1	diamond	red	(724, 619)	low	dis	(724, 460)	Y	same	hori	left	True	1380351	1382048	left	1	4	67
10	lsq	f	19	1	diamond	green	(724, 460)	high	no	no_dis	N	dif	vert	up	True	1383301	1385048	up	1	4	68
10	lsq	f	19	1	circle	green	(724, 460)	high	dis	(724, 619)	N	dif	hori	left	True	1386110	1387248	left	1	4	69
10	lsq	f	19	1	diamond	red	(724, 619)	low	no	no_dis	N	same	hori	left	True	1388294	1389376	left	1	4	70
10	lsq	f	19	1	diamond	red	(533, 540)	low	no	no_dis	N	same	hori	left	True	1390615	1391264	left	1	4	71
10	lsq	f	19	1	diamond	green	(724, 460)	high	dis	(645, 652)	N	dif	vert	up	True	1392365	1393240	up	1	4	72
10	lsq	f	19	1	diamond	green	(565, 619)	low	dis	(757, 540)	N	same	vert	up	True	1394407	1395793	up	1	4	73
10	lsq	f	19	1	circle	red	(533, 540)	low	dis	(757, 540)	N	same	vert	up	True	1396837	1398776	up	1	4	74
10	lsq	f	19	1	circle	green	(645, 428)	low	no	no_dis	N	same	vert	up	True	1399948	1401920	up	1	4	75
10	lsq	f	19	1	circle	green	(724, 460)	high	no	no_dis	N	same	hori	left	True	1403154	1404536	left	1	4	76
10	lsq	f	19	1	circle	green	(565, 460)	low	no	no_dis	N	same	hori	left	True	1405722	1406504	left	1	4	77
10	lsq	f	19	1	diamond	red	(757, 540)	low	dis	(565, 460)	N	dif	vert	up	True	1407670	1408665	up	1	4	78
10	lsq	f	19	1	circle	red	(565, 460)	low	dis	(645, 428)	N	same	vert	up	True	1409814	1411569	left	0	4	79
10	lsq	f	19	1	circle	green	(757, 540)	low	dis	(645, 428)	N	same	vert	up	True	1414118	1416880	up	1	4	80
10	lsq	f	19	1	diamond	red	(533, 540)	low	no	no_dis	N	same	hori	left	True	1417995	1419744	left	1	4	81
10	lsq	f	19	1	diamond	red	(645, 428)	low	dis	(645, 652)	N	dif	hori	left	True	1420889	1422896	left	1	4	82
10	lsq	f	19	1	circle	green	(645, 652)	low	dis	(565, 460)	N	dif	vert	up	True	1424125	1425744	up	1	4	83
10	lsq	f	19	1	circle	red	(565, 460)	low	no	no_dis	N	dif	vert	up	True	1426756	1428848	left	0	4	84
10	lsq	f	19	1	diamond	red	(565, 460)	low	dis	(533, 540)	N	dif	vert	up	True	1431570	1434136	up	1	4	85
10	lsq	f	19	1	diamond	red	(645, 428)	low	dis	(565, 619)	N	dif	vert	up	True	1435354	1437392	up	1	4	86
10	lsq	f	19	1	circle	red	(724, 460)	high	dis	(645, 652)	N	dif	vert	up	True	1438516	1441192	up	1	4	87
10	lsq	f	19	1	circle	red	(645, 428)	low	no	no_dis	N	same	hori	left	True	1442267	1443952	left	1	4	88
10	lsq	f	19	1	circle	green	(724, 460)	high	dis	(757, 540)	N	same	hori	left	True	1445075	1446528	left	1	4	89
10	lsq	f	19	1	diamond	green	(645, 652)	low	dis	(565, 619)	N	same	vert	up	True	1447581	1449384	up	1	4	90
10	lsq	f	19	1	diamond	green	(724, 460)	high	dis	(757, 540)	N	same	hori	left	True	1450592	1452248	left	1	4	91
10	lsq	f	19	1	diamond	green	(533, 540)	low	dis	(645, 652)	N	dif	hori	left	True	1453405	1454777	left	1	4	92
10	lsq	f	19	1	circle	green	(724, 460)	high	dis	(565, 619)	N	same	hori	left	True	1456023	1458056	left	1	4	93
10	lsq	f	19	1	circle	red	(724, 460)	high	no	no_dis	N	dif	hori	left	True	1459156	1460000	left	1	4	94
10	lsq	f	19	1	diamond	green	(645, 428)	low	dis	(757, 540)	N	dif	hori	left	True	1461243	1462328	up	0	4	95
10	lsq	f	19	1	circle	red	(645, 652)	low	dis	(533, 540)	N	same	vert	up	True	1464874	1467184	up	1	4	96
10	lsq	f	19	1	diamond	red	(565, 460)	low	dis	(724, 619)	N	same	hori	left	True	1468377	1469528	left	1	4	97
10	lsq	f	19	1	diamond	red	(724, 460)	high	dis	(645, 428)	N	same	hori	left	True	1470736	1473569	left	1	4	98
10	lsq	f	19	1	circle	green	(724, 619)	low	dis	(533, 540)	N	dif	hori	left	True	1474750	1475736	left	1	4	99
10	lsq	f	19	1	circle	green	(645, 652)	low	no	no_dis	N	same	vert	up	True	1476862	1478224	up	1	4	100
10	lsq	f	19	1	diamond	green	(533, 540)	low	no	no_dis	N	dif	hori	left	True	1479347	1480312	left	1	4	101
10	lsq	f	19	1	circle	green	(645, 428)	low	dis	(565, 619)	N	same	vert	up	True	1481474	1484320	up	1	4	102
10	lsq	f	19	1	diamond	green	(645, 652)	low	no	no_dis	N	same	vert	up	True	1485418	1487337	up	1	4	103
10	lsq	f	19	1	circle	green	(565, 460)	low	dis	(724, 460)	Y	same	vert	up	True	1488448	1489536	up	1	4	104
10	lsq	f	19	1	circle	green	(533, 540)	low	dis	(565, 460)	N	dif	hori	left	True	1490770	1492120	left	1	4	105
10	lsq	f	19	1	circle	green	(724, 460)	high	no	no_dis	N	same	vert	up	True	1493223	1495104	up	1	4	106
10	lsq	f	19	1	circle	red	(724, 460)	high	no	no_dis	N	same	vert	up	True	1496321	1497320	up	1	4	107
10	lsq	f	19	1	diamond	green	(565, 619)	low	dis	(533, 540)	N	same	vert	up	True	1498568	1499800	up	1	4	108
10	lsq	f	19	1	diamond	red	(533, 540)	low	no	no_dis	N	dif	hori	left	True	1500862	1501568	left	1	4	109
10	lsq	f	19	1	circle	green	(724, 460)	high	dis	(757, 540)	N	same	vert	up	True	1502706	1504440	up	1	4	110
10	lsq	f	19	1	diamond	green	(724, 460)	high	dis	(565, 619)	N	same	vert	up	True	1505503	1506855	up	1	4	111
10	lsq	f	19	1	circle	green	(757, 540)	low	no	no_dis	N	dif	hori	left	True	1507972	1509216	left	1	4	112
10	lsq	f	19	1	circle	red	(724, 460)	high	dis	(565, 619)	N	dif	vert	up	True	1510333	1511472	up	1	4	113
10	lsq	f	19	1	circle	green	(724, 619)	low	dis	(724, 460)	Y	same	hori	left	True	1512621	1513856	left	1	4	114
10	lsq	f	19	1	diamond	green	(565, 460)	low	dis	(757, 540)	N	dif	vert	up	True	1515036	1516088	up	1	4	115
10	lsq	f	19	1	diamond	green	(565, 460)	low	dis	(645, 652)	N	same	hori	left	True	1517185	1518424	left	1	4	116
10	lsq	f	19	1	diamond	green	(724, 460)	high	no	no_dis	N	same	vert	up	True	1519626	1522552	up	1	4	117
10	lsq	f	19	1	diamond	red	(724, 460)	high	no	no_dis	N	dif	hori	left	True	1523583	1525168	left	1	4	118
10	lsq	f	19	1	circle	red	(645, 428)	low	dis	(565, 460)	N	same	vert	up	True	1526196	1527840	up	1	4	119
10	lsq	f	19	1	diamond	red	(645, 652)	low	dis	(724, 619)	N	same	vert	up	True	1528868	1530048	up	1	4	120
10	lsq	f	19	1	circle	green	(724, 460)	high	no	no_dis	N	dif	vert	up	True	1569942	1571768	up	1	5	1
10	lsq	f	19	1	circle	red	(645, 652)	low	no	no_dis	N	same	vert	up	True	1572845	1573784	up	1	5	2
10	lsq	f	19	1	circle	red	(724, 619)	low	no	no_dis	N	same	vert	up	True	1575035	1575768	up	1	5	3
10	lsq	f	19	1	diamond	red	(565, 619)	low	dis	(645, 652)	N	dif	vert	up	True	1576861	1578600	left	0	5	4
10	lsq	f	19	1	diamond	green	(757, 540)	low	no	no_dis	N	same	hori	left	True	1581316	1582392	left	1	5	5
10	lsq	f	19	1	diamond	red	(533, 540)	low	dis	(645, 428)	N	same	hori	left	True	1583618	1584631	left	1	5	6
10	lsq	f	19	1	circle	green	(724, 460)	high	dis	(565, 460)	N	dif	vert	up	True	1585781	1587688	up	1	5	7
10	lsq	f	19	1	circle	red	(757, 540)	low	dis	(565, 619)	N	dif	hori	left	True	1588839	1589632	left	1	5	8
10	lsq	f	19	1	diamond	red	(724, 460)	high	dis	(645, 652)	N	dif	vert	up	True	1590883	1591616	up	1	5	9
10	lsq	f	19	1	diamond	red	(565, 619)	low	no	no_dis	N	same	hori	left	True	1592859	1593592	left	1	5	10
10	lsq	f	19	1	circle	green	(645, 652)	low	dis	(757, 540)	N	same	hori	left	True	1594810	1596392	left	1	5	11
10	lsq	f	19	1	diamond	red	(724, 460)	high	dis	(533, 540)	N	dif	hori	left	True	1597516	1598264	up	0	5	12
10	lsq	f	19	1	circle	green	(724, 460)	high	dis	(565, 619)	N	dif	vert	up	True	1600822	1602063	up	1	5	13
10	lsq	f	19	1	diamond	red	(533, 540)	low	dis	(645, 428)	N	same	vert	up	True	1603287	1604784	up	1	5	14
10	lsq	f	19	1	circle	green	(565, 460)	low	dis	(645, 428)	N	dif	vert	up	True	1605828	1607032	left	0	5	15
10	lsq	f	19	1	circle	red	(533, 540)	low	dis	(565, 460)	N	dif	vert	up	True	1609770	1612368	up	1	5	16
10	lsq	f	19	1	diamond	green	(724, 460)	high	no	no_dis	N	dif	hori	left	True	1613537	1614487	left	1	5	17
10	lsq	f	19	1	circle	green	(565, 619)	low	dis	(533, 540)	N	dif	vert	up	True	1615661	1616753	up	1	5	18
10	lsq	f	19	1	diamond	red	(724, 460)	high	no	no_dis	N	same	vert	up	True	1617911	1619048	up	1	5	19
10	lsq	f	19	1	circle	red	(724, 460)	high	dis	(565, 460)	N	dif	hori	left	True	1620258	1621216	left	1	5	20
10	lsq	f	19	1	diamond	green	(724, 460)	high	dis	(645, 428)	N	dif	vert	up	True	1622457	1623791	up	1	5	21
10	lsq	f	19	1	diamond	red	(645, 428)	low	dis	(645, 652)	N	same	vert	up	True	1624902	1625880	up	1	5	22
10	lsq	f	19	1	circle	green	(724, 619)	low	dis	(724, 460)	Y	same	hori	left	True	1627061	1628368	left	1	5	23
10	lsq	f	19	1	circle	red	(724, 619)	low	dis	(645, 652)	N	dif	vert	up	True	1629402	1631016	up	1	5	24
10	lsq	f	19	1	diamond	green	(757, 540)	low	dis	(724, 460)	Y	same	hori	left	True	1632091	1633448	left	1	5	25
10	lsq	f	19	1	diamond	red	(565, 619)	low	dis	(724, 619)	N	same	hori	left	True	1634570	1635488	left	1	5	26
10	lsq	f	19	1	diamond	green	(645, 428)	low	dis	(533, 540)	N	dif	vert	up	True	1636642	1637448	up	1	5	27
10	lsq	f	19	1	circle	red	(565, 619)	low	dis	(757, 540)	N	dif	vert	up	True	1638694	1640192	up	1	5	28
10	lsq	f	19	1	circle	red	(724, 460)	high	dis	(565, 619)	N	same	hori	left	True	1641229	1642368	left	1	5	29
10	lsq	f	19	1	circle	red	(533, 540)	low	no	no_dis	N	dif	hori	left	True	1643546	1644224	left	1	5	30
10	lsq	f	19	1	circle	green	(533, 540)	low	dis	(724, 460)	Y	same	hori	left	True	1645348	1646695	left	1	5	31
10	lsq	f	19	1	diamond	red	(645, 428)	low	no	no_dis	N	dif	vert	up	True	1647947	1648800	up	1	5	32
10	lsq	f	19	1	diamond	red	(724, 619)	low	no	no_dis	N	dif	vert	up	True	1649991	1650736	up	1	5	33
10	lsq	f	19	1	diamond	green	(724, 619)	low	dis	(533, 540)	N	same	vert	up	True	1651946	1652583	up	1	5	34
10	lsq	f	19	1	diamond	green	(645, 428)	low	no	no_dis	N	same	hori	left	True	1653612	1654399	left	1	5	35
10	lsq	f	19	1	diamond	red	(565, 460)	low	dis	(565, 619)	N	same	hori	left	True	1655413	1656680	left	1	5	36
10	lsq	f	19	1	diamond	red	(645, 652)	low	dis	(565, 619)	N	same	hori	left	True	1657781	1658775	left	1	5	37
10	lsq	f	19	1	diamond	green	(645, 428)	low	dis	(724, 460)	Y	dif	hori	left	True	1659803	1660488	left	1	5	38
10	lsq	f	19	1	diamond	red	(724, 460)	high	no	no_dis	N	dif	hori	left	True	1661645	1662384	left	1	5	39
10	lsq	f	19	1	circle	green	(565, 460)	low	no	no_dis	N	dif	vert	up	True	1663462	1664184	up	1	5	40
10	lsq	f	19	1	circle	green	(533, 540)	low	no	no_dis	N	dif	hori	left	True	1665387	1667239	left	1	5	41
10	lsq	f	19	1	circle	red	(645, 652)	low	dis	(724, 619)	N	same	vert	up	True	1668312	1669087	up	1	5	42
10	lsq	f	19	1	circle	red	(724, 460)	high	dis	(565, 460)	N	dif	hori	left	True	1670315	1672712	left	1	5	43
10	lsq	f	19	1	diamond	green	(533, 540)	low	dis	(724, 619)	N	same	vert	up	True	1673954	1674776	up	1	5	44
10	lsq	f	19	1	circle	green	(645, 428)	low	dis	(645, 652)	N	dif	hori	left	True	1675792	1676696	left	1	5	45
10	lsq	f	19	1	circle	red	(724, 460)	high	dis	(645, 652)	N	same	vert	up	True	1677808	1679312	up	1	5	46
10	lsq	f	19	1	circle	green	(757, 540)	low	dis	(724, 460)	Y	dif	vert	up	True	1680356	1681391	up	1	5	47
10	lsq	f	19	1	diamond	red	(757, 540)	low	no	no_dis	N	same	hori	left	True	1682565	1683400	left	1	5	48
10	lsq	f	19	1	diamond	red	(724, 460)	high	dis	(724, 619)	N	same	vert	up	True	1684542	1685960	up	1	5	49
10	lsq	f	19	1	circle	red	(757, 540)	low	dis	(565, 460)	N	same	vert	up	True	1686969	1688176	up	1	5	50
10	lsq	f	19	1	circle	red	(565, 460)	low	dis	(757, 540)	N	same	hori	left	True	1689319	1690855	left	1	5	51
10	lsq	f	19	1	circle	green	(645, 652)	low	no	no_dis	N	dif	vert	up	True	1691887	1692960	up	1	5	52
10	lsq	f	19	1	diamond	red	(724, 619)	low	dis	(565, 460)	N	dif	vert	up	True	1694199	1695200	up	1	5	53
10	lsq	f	19	1	diamond	green	(565, 460)	low	dis	(565, 619)	N	same	vert	up	True	1696343	1697456	up	1	5	54
10	lsq	f	19	1	circle	green	(757, 540)	low	dis	(533, 540)	N	same	hori	left	True	1698689	1699401	left	1	5	55
10	lsq	f	19	1	diamond	green	(724, 619)	low	dis	(724, 460)	Y	same	vert	up	True	1700506	1701352	up	1	5	56
10	lsq	f	19	1	circle	red	(724, 460)	high	dis	(565, 619)	N	same	vert	up	True	1702382	1703104	up	1	5	57
10	lsq	f	19	1	diamond	red	(724, 460)	high	dis	(645, 428)	N	dif	hori	left	True	1704302	1705704	left	1	5	58
10	lsq	f	19	1	circle	red	(645, 428)	low	dis	(533, 540)	N	dif	hori	left	True	1706823	1708608	left	1	5	59
10	lsq	f	19	1	diamond	red	(565, 460)	low	no	no_dis	N	same	vert	up	True	1709795	1710871	up	1	5	60
10	lsq	f	19	1	circle	green	(533, 540)	low	dis	(565, 619)	N	dif	hori	left	True	1712077	1712936	left	1	5	61
10	lsq	f	19	1	circle	green	(645, 652)	low	dis	(565, 619)	N	dif	hori	left	True	1713963	1715183	left	1	5	62
10	lsq	f	19	1	diamond	red	(565, 460)	low	dis	(645, 652)	N	dif	hori	left	True	1716207	1717128	up	0	5	63
10	lsq	f	19	1	diamond	green	(724, 460)	high	no	no_dis	N	same	hori	left	True	1719849	1720808	left	1	5	64
10	lsq	f	19	1	diamond	red	(565, 619)	low	no	no_dis	N	same	hori	left	True	1721902	1722608	left	1	5	65
10	lsq	f	19	1	circle	red	(565, 619)	low	dis	(565, 460)	N	dif	hori	left	True	1723813	1724680	up	0	5	66
10	lsq	f	19	1	circle	red	(724, 460)	high	no	no_dis	N	same	vert	up	True	1727289	1728295	up	1	5	67
10	lsq	f	19	1	circle	red	(565, 460)	low	no	no_dis	N	dif	hori	left	True	1729452	1730359	left	1	5	68
10	lsq	f	19	1	diamond	green	(724, 460)	high	dis	(645, 428)	N	same	hori	left	True	1731580	1733056	up	0	5	69
10	lsq	f	19	1	diamond	red	(724, 460)	high	no	no_dis	N	dif	vert	up	True	1735699	1737151	left	0	5	70
10	lsq	f	19	1	diamond	green	(645, 652)	low	dis	(565, 460)	N	dif	hori	left	True	1739781	1740800	left	1	5	71
10	lsq	f	19	1	diamond	green	(724, 460)	high	dis	(533, 540)	N	same	hori	left	True	1742041	1742856	left	1	5	72
10	lsq	f	19	1	diamond	green	(757, 540)	low	dis	(645, 652)	N	same	hori	left	True	1743914	1744616	left	1	5	73
10	lsq	f	19	1	circle	red	(724, 619)	low	dis	(645, 428)	N	same	hori	left	True	1745859	1747088	left	1	5	74
10	lsq	f	19	1	circle	green	(565, 460)	low	dis	(757, 540)	N	same	vert	up	True	1748149	1749264	up	1	5	75
10	lsq	f	19	1	circle	green	(724, 460)	high	no	no_dis	N	dif	vert	up	True	1750435	1751560	up	1	5	76
10	lsq	f	19	1	diamond	green	(724, 460)	high	dis	(757, 540)	N	same	hori	left	True	1752772	1753912	left	1	5	77
10	lsq	f	19	1	circle	red	(724, 460)	high	dis	(645, 652)	N	same	vert	up	True	1755132	1756303	up	1	5	78
10	lsq	f	19	1	circle	green	(645, 652)	low	no	no_dis	N	same	vert	up	True	1757524	1758568	up	1	5	79
10	lsq	f	19	1	diamond	green	(645, 652)	low	no	no_dis	N	same	hori	left	True	1759771	1760615	left	1	5	80
10	lsq	f	19	1	circle	red	(645, 428)	low	dis	(533, 540)	N	dif	hori	left	True	1761656	1763248	up	0	5	81
10	lsq	f	19	1	diamond	red	(757, 540)	low	dis	(533, 540)	N	dif	vert	up	True	1765873	1767120	up	1	5	82
10	lsq	f	19	1	diamond	red	(645, 428)	low	dis	(757, 540)	N	same	vert	up	True	1768209	1769311	up	1	5	83
10	lsq	f	19	1	circle	red	(565, 619)	low	no	no_dis	N	dif	vert	up	True	1770413	1771303	up	1	5	84
10	lsq	f	19	1	circle	red	(724, 619)	low	no	no_dis	N	dif	vert	up	True	1772420	1773248	up	1	5	85
10	lsq	f	19	1	diamond	red	(724, 460)	high	dis	(565, 460)	N	dif	hori	left	True	1774439	1775992	left	1	5	86
10	lsq	f	19	1	circle	red	(645, 652)	low	dis	(565, 460)	N	dif	hori	left	True	1777196	1778296	left	1	5	87
10	lsq	f	19	1	diamond	green	(645, 428)	low	no	no_dis	N	dif	hori	left	True	1779530	1780448	left	1	5	88
10	lsq	f	19	1	circle	green	(724, 460)	high	dis	(724, 619)	N	same	hori	left	True	1781621	1782952	left	1	5	89
10	lsq	f	19	1	diamond	red	(645, 652)	low	dis	(645, 428)	N	same	hori	left	True	1783967	1785352	left	1	5	90
10	lsq	f	19	1	diamond	red	(533, 540)	low	no	no_dis	N	same	hori	left	True	1786484	1787232	left	1	5	91
10	lsq	f	19	1	diamond	green	(565, 460)	low	dis	(724, 619)	N	dif	vert	up	True	1788367	1789232	up	1	5	92
10	lsq	f	19	1	diamond	green	(645, 652)	low	dis	(724, 460)	Y	dif	vert	up	True	1790418	1792160	up	1	5	93
10	lsq	f	19	1	circle	green	(565, 619)	low	dis	(724, 619)	N	dif	vert	up	True	1793266	1794960	left	0	5	94
10	lsq	f	19	1	circle	green	(757, 540)	low	no	no_dis	N	dif	vert	up	True	1797704	1798479	up	1	5	95
10	lsq	f	19	1	diamond	green	(565, 619)	low	dis	(724, 460)	Y	same	vert	up	True	1799489	1801159	up	1	5	96
10	lsq	f	19	1	diamond	green	(533, 540)	low	dis	(724, 619)	N	same	vert	up	True	1802200	1803160	up	1	5	97
10	lsq	f	19	1	circle	green	(645, 428)	low	dis	(757, 540)	N	dif	hori	left	True	1804182	1805072	left	1	5	98
10	lsq	f	19	1	circle	green	(724, 460)	high	dis	(724, 619)	N	same	vert	up	True	1806146	1807767	up	1	5	99
10	lsq	f	19	1	circle	red	(565, 460)	low	dis	(645, 428)	N	dif	hori	left	True	1808940	1810808	left	1	5	100
10	lsq	f	19	1	circle	green	(565, 619)	low	no	no_dis	N	dif	hori	left	True	1812004	1812911	left	1	5	101
10	lsq	f	19	1	diamond	green	(757, 540)	low	no	no_dis	N	dif	hori	left	True	1814039	1815296	left	1	5	102
10	lsq	f	19	1	diamond	green	(724, 460)	high	dis	(533, 540)	N	dif	hori	left	True	1816427	1817911	left	1	5	103
10	lsq	f	19	1	circle	red	(724, 460)	high	no	no_dis	N	same	hori	left	True	1819122	1819888	left	1	5	104
10	lsq	f	19	1	diamond	green	(724, 619)	low	no	no_dis	N	same	vert	up	True	1820967	1821983	up	1	5	105
10	lsq	f	19	1	diamond	green	(724, 460)	high	no	no_dis	N	dif	hori	left	True	1823119	1824072	left	1	5	106
10	lsq	f	19	1	diamond	red	(724, 619)	low	dis	(757, 540)	N	dif	vert	up	True	1825096	1826367	up	1	5	107
10	lsq	f	19	1	circle	red	(533, 540)	low	dis	(565, 619)	N	dif	hori	left	True	1827599	1829456	left	1	5	108
10	lsq	f	19	1	circle	red	(724, 460)	high	no	no_dis	N	same	vert	up	True	1830610	1831736	up	1	5	109
10	lsq	f	19	1	diamond	red	(724, 460)	high	dis	(724, 619)	N	same	hori	left	True	1832878	1833695	left	1	5	110
10	lsq	f	19	1	circle	green	(724, 460)	high	dis	(645, 428)	N	dif	vert	up	True	1834767	1835951	up	1	5	111
10	lsq	f	19	1	circle	green	(724, 619)	low	dis	(645, 652)	N	same	hori	left	True	1837097	1838071	left	1	5	112
10	lsq	f	19	1	diamond	green	(724, 460)	high	dis	(757, 540)	N	dif	vert	up	True	1839180	1841223	up	1	5	113
10	lsq	f	19	1	circle	red	(645, 428)	low	no	no_dis	N	dif	hori	left	True	1842368	1843111	left	1	5	114
10	lsq	f	19	1	circle	green	(724, 460)	high	no	no_dis	N	same	hori	left	True	1844344	1845288	left	1	5	115
10	lsq	f	19	1	diamond	green	(533, 540)	low	no	no_dis	N	same	vert	up	True	1846364	1847192	up	1	5	116
10	lsq	f	19	1	circle	green	(565, 460)	low	no	no_dis	N	same	vert	up	True	1848394	1849176	up	1	5	117
10	lsq	f	19	1	diamond	red	(757, 540)	low	dis	(724, 460)	Y	same	vert	up	True	1850421	1852688	left	0	5	118
10	lsq	f	19	1	circle	green	(724, 460)	high	dis	(757, 540)	N	same	vert	up	True	1855395	1856879	up	1	5	119
10	lsq	f	19	1	diamond	green	(565, 619)	low	dis	(724, 460)	Y	same	vert	up	True	1857961	1858783	up	1	5	120
10	lsq	f	19	1	circle	red	(565, 619)	low	dis	(645, 652)	N	dif	vert	up	True	1894900	1896063	left	0	6	1
10	lsq	f	19	1	circle	green	(724, 460)	high	dis	(565, 619)	N	same	vert	up	True	1898652	1899552	up	1	6	2
10	lsq	f	19	1	diamond	green	(724, 460)	high	dis	(724, 619)	N	dif	hori	left	True	1900585	1901543	left	1	6	3
10	lsq	f	19	1	diamond	red	(724, 460)	high	dis	(724, 619)	N	dif	vert	up	True	1902782	1904192	up	1	6	4
10	lsq	f	19	1	diamond	green	(533, 540)	low	dis	(565, 619)	N	same	hori	left	True	1905388	1906944	left	1	6	5
10	lsq	f	19	1	circle	red	(757, 540)	low	dis	(724, 460)	Y	same	hori	left	True	1908081	1909288	left	1	6	6
10	lsq	f	19	1	diamond	green	(724, 460)	high	dis	(565, 619)	N	same	hori	left	True	1910507	1911583	left	1	6	7
10	lsq	f	19	1	circle	green	(533, 540)	low	dis	(565, 460)	N	same	hori	left	True	1912686	1913992	left	1	6	8
10	lsq	f	19	1	circle	red	(645, 428)	low	no	no_dis	N	dif	vert	up	True	1915219	1916375	up	1	6	9
10	lsq	f	19	1	diamond	green	(645, 428)	low	dis	(645, 652)	N	same	hori	left	True	1917567	1918784	left	1	6	10
10	lsq	f	19	1	circle	green	(645, 428)	low	dis	(724, 619)	N	same	vert	up	True	1920008	1921055	up	1	6	11
10	lsq	f	19	1	diamond	red	(565, 460)	low	dis	(724, 619)	N	dif	hori	left	True	1922307	1923423	left	1	6	12
10	lsq	f	19	1	circle	red	(645, 428)	low	no	no_dis	N	dif	hori	left	True	1924609	1925623	left	1	6	13
10	lsq	f	19	1	diamond	red	(565, 460)	low	no	no_dis	N	same	hori	left	True	1926789	1927879	left	1	6	14
10	lsq	f	19	1	diamond	green	(724, 460)	high	dis	(565, 460)	N	same	vert	up	True	1928882	1930487	up	1	6	15
10	lsq	f	19	1	circle	red	(645, 428)	low	dis	(724, 460)	Y	same	vert	up	True	1931658	1933047	up	1	6	16
10	lsq	f	19	1	diamond	red	(533, 540)	low	dis	(724, 460)	Y	dif	vert	up	True	1934206	1935352	up	1	6	17
10	lsq	f	19	1	diamond	green	(565, 460)	low	no	no_dis	N	dif	hori	left	True	1936416	1937335	left	1	6	18
10	lsq	f	19	1	circle	green	(533, 540)	low	no	no_dis	N	dif	hori	left	True	1938502	1939487	left	1	6	19
10	lsq	f	19	1	diamond	red	(724, 460)	high	no	no_dis	N	dif	hori	left	True	1940650	1941855	left	1	6	20
10	lsq	f	19	1	diamond	red	(724, 460)	high	dis	(645, 652)	N	dif	vert	up	True	1942939	1944327	up	1	6	21
10	lsq	f	19	1	diamond	red	(724, 460)	high	dis	(724, 619)	N	same	hori	left	True	1945398	1946799	left	1	6	22
10	lsq	f	19	1	circle	green	(645, 652)	low	dis	(645, 428)	N	same	vert	up	True	1947808	1949336	up	1	6	23
10	lsq	f	19	1	diamond	red	(565, 619)	low	dis	(533, 540)	N	dif	vert	up	True	1950352	1951735	up	1	6	24
10	lsq	f	19	1	circle	red	(757, 540)	low	no	no_dis	N	same	hori	left	True	1952905	1954095	left	1	6	25
10	lsq	f	19	1	diamond	red	(645, 652)	low	dis	(757, 540)	N	dif	vert	up	True	1955308	1956511	up	1	6	26
10	lsq	f	19	1	circle	green	(724, 460)	high	dis	(645, 428)	N	dif	vert	up	True	1957719	1959223	up	1	6	27
10	lsq	f	19	1	diamond	green	(724, 460)	high	no	no_dis	N	dif	vert	up	True	1960316	1961544	up	1	6	28
10	lsq	f	19	1	circle	red	(645, 652)	low	dis	(645, 428)	N	same	vert	up	True	1962705	1964199	up	1	6	29
10	lsq	f	19	1	circle	red	(565, 619)	low	dis	(645, 428)	N	dif	vert	up	True	1965354	1967303	up	1	6	30
10	lsq	f	19	1	diamond	red	(645, 652)	low	no	no_dis	N	dif	hori	left	True	1968362	1969335	left	1	6	31
10	lsq	f	19	1	diamond	green	(724, 460)	high	dis	(645, 652)	N	same	hori	left	True	1970533	1971863	left	1	6	32
10	lsq	f	19	1	diamond	red	(724, 460)	high	dis	(533, 540)	N	same	vert	up	True	1973108	1974376	up	1	6	33
10	lsq	f	19	1	diamond	green	(724, 460)	high	dis	(565, 619)	N	dif	hori	left	True	1975495	1976399	left	1	6	34
10	lsq	f	19	1	circle	green	(724, 460)	high	no	no_dis	N	same	hori	left	True	1977496	1978551	left	1	6	35
10	lsq	f	19	1	circle	green	(724, 619)	low	dis	(724, 460)	Y	dif	hori	left	True	1979696	1980743	left	1	6	36
10	lsq	f	19	1	diamond	green	(565, 619)	low	dis	(565, 460)	N	dif	vert	up	True	1981953	1982887	up	1	6	37
10	lsq	f	19	1	circle	green	(645, 652)	low	no	no_dis	N	same	vert	up	True	1983964	1984887	up	1	6	38
10	lsq	f	19	1	diamond	green	(757, 540)	low	dis	(565, 619)	N	same	vert	up	True	1986049	1987191	up	1	6	39
10	lsq	f	19	1	circle	red	(565, 460)	low	dis	(724, 460)	Y	dif	hori	left	True	1988242	1989503	left	1	6	40
10	lsq	f	19	1	circle	green	(533, 540)	low	dis	(724, 619)	N	same	vert	up	True	1990571	1991711	up	1	6	41
10	lsq	f	19	1	diamond	green	(724, 619)	low	dis	(565, 460)	N	same	vert	up	True	1992914	1994047	up	1	6	42
10	lsq	f	19	1	diamond	green	(645, 428)	low	dis	(533, 540)	N	same	hori	left	True	1995198	1996231	left	1	6	43
10	lsq	f	19	1	circle	red	(565, 460)	low	dis	(645, 428)	N	dif	hori	left	True	1997297	1998920	left	1	6	44
10	lsq	f	19	1	diamond	red	(724, 619)	low	no	no_dis	N	dif	vert	up	True	2000087	2001344	up	1	6	45
10	lsq	f	19	1	circle	red	(724, 460)	high	dis	(757, 540)	N	same	hori	left	True	2002576	2003823	left	1	6	46
10	lsq	f	19	1	diamond	red	(724, 619)	low	dis	(757, 540)	N	same	hori	left	True	2004836	2006295	up	0	6	47
10	lsq	f	19	1	circle	green	(724, 619)	low	no	no_dis	N	same	vert	up	True	2008914	2010192	up	1	6	48
10	lsq	f	19	1	circle	green	(757, 540)	low	no	no_dis	N	dif	vert	up	True	2011264	2012575	up	1	6	49
10	lsq	f	19	1	circle	red	(533, 540)	low	dis	(724, 460)	Y	same	vert	up	True	2013680	2015304	up	1	6	50
10	lsq	f	19	1	diamond	green	(565, 619)	low	no	no_dis	N	dif	vert	up	True	2016362	2017544	up	1	6	51
10	lsq	f	19	1	diamond	red	(565, 619)	low	dis	(533, 540)	N	same	vert	up	True	2018756	2020023	up	1	6	52
10	lsq	f	19	1	diamond	green	(724, 460)	high	no	no_dis	N	dif	hori	left	True	2021117	2023294	left	1	6	53
10	lsq	f	19	1	diamond	red	(724, 460)	high	dis	(645, 428)	N	dif	vert	up	True	2024375	2026296	up	1	6	54
10	lsq	f	19	1	diamond	green	(645, 428)	low	no	no_dis	N	dif	vert	up	True	2027389	2028176	up	1	6	55
10	lsq	f	19	1	circle	green	(724, 460)	high	no	no_dis	N	dif	vert	up	True	2029340	2030439	up	1	6	56
10	lsq	f	19	1	diamond	green	(757, 540)	low	no	no_dis	N	same	hori	left	True	2031517	2032592	left	1	6	57
10	lsq	f	19	1	circle	green	(565, 619)	low	no	no_dis	N	dif	hori	left	True	2033633	2034823	left	1	6	58
10	lsq	f	19	1	circle	red	(645, 652)	low	dis	(565, 460)	N	same	hori	left	True	2035983	2037415	left	1	6	59
10	lsq	f	19	1	diamond	red	(645, 652)	low	dis	(533, 540)	N	dif	hori	left	True	2038456	2039831	left	1	6	60
10	lsq	f	19	1	circle	red	(724, 460)	high	dis	(533, 540)	N	dif	hori	left	True	2040945	2042807	left	1	6	61
10	lsq	f	19	1	circle	green	(757, 540)	low	dis	(565, 460)	N	dif	hori	left	True	2043925	2045078	left	1	6	62
10	lsq	f	19	1	circle	red	(724, 619)	low	dis	(757, 540)	N	dif	vert	up	True	2046166	2047560	up	1	6	63
10	lsq	f	19	1	diamond	red	(724, 460)	high	no	no_dis	N	dif	vert	up	True	2048605	2049895	up	1	6	64
10	lsq	f	19	1	diamond	red	(757, 540)	low	dis	(724, 619)	N	dif	vert	up	True	2050906	2051663	up	1	6	65
10	lsq	f	19	1	circle	red	(533, 540)	low	dis	(565, 619)	N	dif	hori	left	True	2052865	2054006	left	1	6	66
10	lsq	f	19	1	circle	green	(724, 460)	high	dis	(757, 540)	N	dif	vert	up	True	2055078	2057351	up	1	6	67
10	lsq	f	19	1	diamond	red	(565, 460)	low	dis	(724, 460)	Y	same	hori	left	True	2058586	2060591	left	1	6	68
10	lsq	f	19	1	circle	green	(645, 652)	low	dis	(724, 619)	N	same	hori	left	True	2061596	2062966	left	1	6	69
10	lsq	f	19	1	circle	red	(757, 540)	low	no	no_dis	N	dif	hori	left	True	2063986	2064831	left	1	6	70
10	lsq	f	19	1	diamond	red	(533, 540)	low	no	no_dis	N	same	vert	up	True	2065897	2066744	up	1	6	71
10	lsq	f	19	1	circle	red	(724, 460)	high	no	no_dis	N	same	hori	left	True	2067980	2069007	left	1	6	72
10	lsq	f	19	1	circle	red	(645, 652)	low	no	no_dis	N	dif	hori	left	True	2070180	2070911	left	1	6	73
10	lsq	f	19	1	diamond	red	(724, 460)	high	dis	(757, 540)	N	dif	hori	left	True	2071967	2073247	left	1	6	74
10	lsq	f	19	1	diamond	red	(724, 460)	high	no	no_dis	N	same	vert	up	True	2074343	2075303	up	1	6	75
10	lsq	f	19	1	diamond	red	(757, 540)	low	dis	(565, 460)	N	same	vert	up	True	2076320	2077527	up	1	6	76
10	lsq	f	19	1	circle	red	(724, 619)	low	dis	(645, 652)	N	same	hori	left	True	2078684	2080095	left	1	6	77
10	lsq	f	19	1	circle	red	(724, 460)	high	dis	(645, 652)	N	dif	hori	left	True	2081124	2082200	left	1	6	78
10	lsq	f	19	1	circle	green	(645, 428)	low	no	no_dis	N	same	hori	left	True	2083272	2084247	left	1	6	79
10	lsq	f	19	1	diamond	green	(533, 540)	low	no	no_dis	N	dif	vert	up	True	2085435	2086527	up	1	6	80
10	lsq	f	19	1	diamond	green	(645, 652)	low	dis	(533, 540)	N	dif	vert	up	True	2087746	2088927	up	1	6	81
10	lsq	f	19	1	diamond	red	(724, 619)	low	no	no_dis	N	same	vert	up	True	2090077	2091511	up	1	6	82
10	lsq	f	19	1	diamond	green	(565, 619)	low	no	no_dis	N	same	vert	up	True	2092580	2093823	up	1	6	83
10	lsq	f	19	1	circle	green	(565, 460)	low	dis	(757, 540)	N	dif	hori	left	True	2094861	2095767	left	1	6	84
10	lsq	f	19	1	circle	green	(724, 460)	high	no	no_dis	N	same	hori	left	True	2096853	2098112	left	1	6	85
10	lsq	f	19	1	diamond	red	(533, 540)	low	no	no_dis	N	same	hori	left	True	2099354	2100615	left	1	6	86
10	lsq	f	19	1	diamond	green	(724, 619)	low	dis	(533, 540)	N	dif	hori	left	True	2101843	2102800	left	1	6	87
10	lsq	f	19	1	circle	red	(724, 460)	high	no	no_dis	N	same	vert	up	True	2103990	2104936	up	1	6	88
10	lsq	f	19	1	circle	green	(565, 619)	low	dis	(757, 540)	N	same	hori	left	True	2106127	2106992	left	1	6	89
10	lsq	f	19	1	diamond	green	(565, 460)	low	dis	(565, 619)	N	dif	vert	up	True	2108123	2109271	up	1	6	90
10	lsq	f	19	1	diamond	green	(533, 540)	low	dis	(645, 652)	N	dif	hori	left	True	2110316	2111455	left	1	6	91
10	lsq	f	19	1	diamond	red	(645, 428)	low	dis	(724, 619)	N	same	vert	up	True	2112638	2113391	up	1	6	92
10	lsq	f	19	1	circle	green	(645, 428)	low	dis	(645, 652)	N	dif	hori	left	True	2114499	2115367	left	1	6	93
10	lsq	f	19	1	circle	red	(565, 460)	low	no	no_dis	N	dif	vert	up	True	2116565	2117375	up	1	6	94
10	lsq	f	19	1	circle	red	(724, 460)	high	dis	(533, 540)	N	same	hori	left	True	2118608	2119735	left	1	6	95
10	lsq	f	19	1	diamond	green	(645, 652)	low	dis	(565, 460)	N	dif	hori	left	True	2120875	2122383	left	1	6	96
10	lsq	f	19	1	circle	green	(724, 460)	high	dis	(757, 540)	N	dif	vert	up	True	2123506	2124839	up	1	6	97
10	lsq	f	19	1	circle	red	(565, 460)	low	no	no_dis	N	same	vert	up	True	2125985	2126887	up	1	6	98
10	lsq	f	19	1	diamond	green	(565, 619)	low	dis	(757, 540)	N	same	vert	up	True	2127951	2129007	up	1	6	99
10	lsq	f	19	1	circle	red	(724, 460)	high	dis	(645, 428)	N	same	vert	up	True	2130152	2131559	up	1	6	100
10	lsq	f	19	1	diamond	red	(645, 428)	low	dis	(724, 460)	Y	same	hori	left	True	2132717	2135127	left	1	6	101
10	lsq	f	19	1	diamond	green	(565, 460)	low	dis	(645, 428)	N	same	vert	up	True	2136330	2137590	up	1	6	102
10	lsq	f	19	1	circle	green	(565, 619)	low	dis	(645, 652)	N	dif	hori	left	True	2138724	2141239	left	1	6	103
10	lsq	f	19	1	diamond	green	(724, 460)	high	no	no_dis	N	same	vert	up	True	2142400	2143391	up	1	6	104
10	lsq	f	19	1	circle	green	(724, 619)	low	dis	(724, 460)	Y	dif	hori	left	True	2144465	2145591	left	1	6	105
10	lsq	f	19	1	circle	green	(724, 460)	high	dis	(645, 652)	N	same	vert	up	True	2146725	2147575	up	1	6	106
10	lsq	f	19	1	circle	red	(724, 460)	high	dis	(565, 619)	N	same	hori	left	True	2148810	2149766	left	1	6	107
10	lsq	f	19	1	diamond	green	(757, 540)	low	dis	(724, 460)	Y	dif	vert	up	True	2150985	2151591	left	0	6	108
10	lsq	f	19	1	circle	red	(724, 460)	high	no	no_dis	N	dif	hori	left	True	2154315	2155039	left	1	6	109
10	lsq	f	19	1	circle	red	(757, 540)	low	dis	(565, 619)	N	same	vert	up	True	2156283	2157335	up	1	6	110
10	lsq	f	19	1	circle	red	(645, 428)	low	dis	(724, 619)	N	same	hori	left	True	2158386	2159111	left	1	6	111
10	lsq	f	19	1	diamond	green	(724, 619)	low	no	no_dis	N	same	vert	up	True	2160280	2161783	up	1	6	112
10	lsq	f	19	1	diamond	red	(645, 652)	low	no	no_dis	N	same	hori	left	True	2162864	2163887	left	1	6	113
10	lsq	f	19	1	circle	green	(565, 619)	low	no	no_dis	N	same	hori	left	True	2165043	2165751	left	1	6	114
10	lsq	f	19	1	diamond	green	(724, 460)	high	dis	(565, 460)	N	dif	hori	left	True	2166786	2168135	left	1	6	115
10	lsq	f	19	1	circle	green	(724, 460)	high	dis	(565, 460)	N	same	vert	up	True	2169224	2171215	up	1	6	116
10	lsq	f	19	1	diamond	red	(533, 540)	low	dis	(565, 619)	N	dif	vert	up	True	2172465	2173575	up	1	6	117
10	lsq	f	19	1	diamond	red	(724, 619)	low	dis	(645, 428)	N	dif	vert	up	True	2174749	2175823	up	1	6	118
10	lsq	f	19	1	circle	green	(565, 460)	low	dis	(645, 428)	N	same	hori	left	True	2176864	2177895	left	1	6	119
10	lsq	f	19	1	circle	green	(757, 540)	low	dis	(533, 540)	N	dif	vert	up	True	2179070	2180367	up	1	6	120
conf	10	lsq	f	19	1	True	2215343	2232863	4	True	2232877	2239223	4
