subj	name	gender	age	prac	shape	color	tar_loc	popularity	dis_cond	dis_loc	dis_high	td_dif	line	respkey	gotkey	startTime	respTime	resp	correct	block	trialnum
12	zzy	f	18	1	circle	red	(565, 460)	high	dis	(724, 460)	N	same	hori	left	True	17981	19689	left	1	1	1
12	zzy	f	18	1	diamond	green	(565, 460)	high	dis	(757, 540)	N	dif	hori	left	True	20734	22257	left	1	1	2
12	zzy	f	18	1	circle	green	(565, 460)	high	dis	(533, 540)	N	same	hori	left	True	23458	25361	left	1	1	3
12	zzy	f	18	1	circle	green	(645, 652)	low	no	no_dis	N	same	hori	left	True	26379	27793	left	1	1	4
12	zzy	f	18	1	diamond	red	(724, 460)	low	dis	(645, 652)	N	same	hori	left	True	28909	30224	left	1	1	5
12	zzy	f	18	1	circle	red	(645, 652)	low	dis	(757, 540)	N	same	vert	up	True	31462	33344	up	1	1	6
12	zzy	f	18	1	circle	red	(724, 619)	low	no	no_dis	N	same	vert	up	True	34385	36329	up	1	1	7
12	zzy	f	18	1	circle	red	(565, 619)	low	dis	(645, 652)	N	same	hori	left	True	37346	38617	left	1	1	8
12	zzy	f	18	1	circle	green	(533, 540)	low	dis	(724, 460)	N	dif	hori	left	True	39845	42624	left	1	1	9
12	zzy	f	18	1	circle	red	(565, 460)	high	dis	(724, 619)	N	dif	hori	left	True	43871	46169	left	1	1	10
12	zzy	f	18	1	circle	green	(565, 460)	high	dis	(645, 652)	N	dif	vert	up	True	47256	49296	up	1	1	11
12	zzy	f	18	1	circle	red	(645, 652)	low	dis	(565, 460)	Y	same	hori	left	True	50302	52513	left	1	1	12
12	zzy	f	18	1	diamond	red	(565, 460)	high	dis	(565, 619)	N	same	vert	up	True	53560	56033	up	1	1	13
12	zzy	f	18	1	diamond	green	(565, 460)	high	no	no_dis	N	dif	vert	up	True	57271	59665	left	0	1	14
12	zzy	f	18	1	circle	green	(645, 652)	low	no	no_dis	N	same	vert	up	True	62220	64432	up	1	1	15
12	zzy	f	18	1	circle	green	(645, 652)	low	no	no_dis	N	dif	vert	up	False	65633	None	None	0	1	16
12	zzy	f	18	1	diamond	red	(533, 540)	low	dis	(565, 619)	N	dif	hori	left	False	71290	None	None	0	1	17
12	zzy	f	18	1	circle	green	(565, 460)	high	dis	(757, 540)	N	same	vert	up	True	76958	79585	up	1	1	18
12	zzy	f	18	1	diamond	green	(565, 460)	high	dis	(724, 460)	N	same	vert	up	True	80712	82976	up	1	1	19
12	zzy	f	18	1	diamond	red	(645, 428)	low	dis	(724, 619)	N	same	vert	up	True	84132	85929	up	1	1	20
12	zzy	f	18	1	diamond	red	(565, 460)	high	dis	(645, 428)	N	same	hori	left	True	87079	88913	left	1	1	21
12	zzy	f	18	1	diamond	green	(757, 540)	low	dis	(724, 619)	N	same	vert	up	True	89986	92649	up	1	1	22
12	zzy	f	18	1	circle	red	(645, 428)	low	no	no_dis	N	dif	hori	left	True	93876	95056	left	1	1	23
12	zzy	f	18	1	circle	green	(565, 460)	high	no	no_dis	N	same	vert	up	True	96298	97793	up	1	1	24
12	zzy	f	18	1	circle	red	(565, 460)	high	dis	(533, 540)	N	dif	vert	up	True	98871	101513	up	1	1	25
12	zzy	f	18	1	diamond	red	(724, 460)	low	dis	(645, 652)	N	dif	hori	left	True	102658	105152	left	1	1	26
12	zzy	f	18	1	circle	green	(724, 619)	low	dis	(565, 619)	N	same	hori	left	False	106260	None	None	0	1	27
12	zzy	f	18	1	circle	green	(757, 540)	low	no	no_dis	N	same	vert	up	True	111953	113481	up	1	1	28
12	zzy	f	18	1	diamond	red	(757, 540)	low	dis	(533, 540)	N	same	vert	up	True	114576	116440	left	0	1	29
12	zzy	f	18	1	circle	green	(565, 619)	low	dis	(533, 540)	N	dif	hori	left	True	119102	121632	left	1	1	30
12	zzy	f	18	1	circle	green	(565, 460)	high	no	no_dis	N	dif	vert	up	True	122795	124041	up	1	1	31
12	zzy	f	18	1	diamond	red	(565, 460)	high	no	no_dis	N	dif	hori	left	True	125255	127225	left	1	1	32
12	zzy	f	18	1	diamond	red	(565, 619)	low	no	no_dis	N	dif	hori	left	True	128234	129577	left	1	1	33
12	zzy	f	18	1	diamond	red	(565, 460)	high	dis	(724, 619)	N	same	hori	left	True	130780	132768	left	1	1	34
12	zzy	f	18	1	diamond	green	(757, 540)	low	dis	(565, 619)	N	same	hori	left	True	133851	136625	left	1	1	35
12	zzy	f	18	1	diamond	green	(645, 428)	low	dis	(724, 619)	N	dif	hori	left	True	137818	139041	left	1	1	36
12	zzy	f	18	1	diamond	green	(565, 460)	high	dis	(533, 540)	N	dif	hori	left	True	140265	143209	left	1	1	37
12	zzy	f	18	1	diamond	green	(724, 460)	low	dis	(645, 428)	N	dif	hori	left	True	144413	146592	left	1	1	38
12	zzy	f	18	1	circle	green	(645, 428)	low	dis	(724, 460)	N	dif	hori	left	True	147740	149649	left	1	1	39
12	zzy	f	18	1	diamond	green	(533, 540)	low	no	no_dis	N	same	vert	up	True	150738	152081	up	1	1	40
12	zzy	f	18	1	diamond	red	(724, 619)	low	no	no_dis	N	dif	hori	left	True	153281	155008	left	1	1	41
12	zzy	f	18	1	diamond	green	(565, 460)	high	dis	(645, 428)	N	same	hori	left	True	156240	158585	left	1	1	42
12	zzy	f	18	1	circle	red	(533, 540)	low	dis	(724, 619)	N	same	vert	up	True	159705	161216	up	1	1	43
12	zzy	f	18	1	diamond	green	(565, 619)	low	no	no_dis	N	dif	hori	left	True	162456	163808	left	1	1	44
12	zzy	f	18	1	diamond	green	(565, 460)	high	no	no_dis	N	same	hori	left	True	164822	166912	left	1	1	45
12	zzy	f	18	1	circle	green	(645, 652)	low	dis	(565, 460)	Y	dif	hori	left	True	167962	169857	left	1	1	46
12	zzy	f	18	1	circle	green	(533, 540)	low	no	no_dis	N	same	vert	up	False	170887	None	None	0	1	47
12	zzy	f	18	1	diamond	green	(724, 619)	low	dis	(645, 652)	N	dif	vert	up	True	176554	178841	up	1	1	48
12	zzy	f	18	1	diamond	red	(645, 652)	low	dis	(757, 540)	N	same	vert	up	True	179937	181345	up	1	1	49
12	zzy	f	18	1	circle	red	(645, 428)	low	dis	(724, 460)	N	dif	vert	up	True	182557	183960	up	1	1	50
12	zzy	f	18	1	diamond	red	(565, 460)	high	dis	(645, 428)	N	dif	vert	up	True	184989	187249	up	1	1	51
12	zzy	f	18	1	circle	green	(757, 540)	low	dis	(533, 540)	N	dif	vert	up	True	188488	190169	up	1	1	52
12	zzy	f	18	1	diamond	red	(645, 428)	low	dis	(724, 460)	N	same	hori	left	True	191341	193264	left	1	1	53
12	zzy	f	18	1	diamond	green	(724, 619)	low	no	no_dis	N	dif	hori	left	True	194483	197329	left	1	1	54
12	zzy	f	18	1	circle	green	(645, 428)	low	dis	(565, 460)	Y	same	vert	up	True	198514	200329	up	1	1	55
12	zzy	f	18	1	diamond	red	(533, 540)	low	dis	(757, 540)	N	same	hori	left	True	201528	203048	left	1	1	56
12	zzy	f	18	1	circle	red	(724, 460)	low	no	no_dis	N	same	hori	left	True	204117	206760	left	1	1	57
12	zzy	f	18	1	diamond	green	(565, 460)	high	no	no_dis	N	same	vert	up	True	207974	210552	up	1	1	58
12	zzy	f	18	1	diamond	red	(724, 460)	low	no	no_dis	N	dif	hori	left	True	211664	214153	left	1	1	59
12	zzy	f	18	1	circle	green	(565, 460)	high	dis	(645, 652)	N	same	hori	left	True	215203	216369	left	1	1	60
12	zzy	f	18	1	diamond	green	(645, 652)	low	dis	(757, 540)	N	dif	hori	left	True	217378	218961	left	1	1	61
12	zzy	f	18	1	circle	red	(565, 460)	high	no	no_dis	N	dif	hori	left	True	220107	222384	left	1	1	62
12	zzy	f	18	1	circle	red	(645, 428)	low	dis	(757, 540)	N	dif	hori	left	True	223467	224937	left	1	1	63
12	zzy	f	18	1	circle	red	(724, 619)	low	dis	(533, 540)	N	same	vert	up	True	226180	228256	up	1	1	64
12	zzy	f	18	1	diamond	red	(724, 619)	low	dis	(724, 460)	N	dif	vert	up	True	229326	231425	left	0	1	65
12	zzy	f	18	1	circle	green	(645, 652)	low	no	no_dis	N	dif	vert	up	True	234062	236777	up	1	1	66
12	zzy	f	18	1	diamond	red	(724, 619)	low	dis	(565, 460)	Y	dif	hori	left	True	237942	239545	left	1	1	67
12	zzy	f	18	1	circle	red	(565, 619)	low	dis	(645, 428)	N	dif	vert	up	True	240615	242025	up	1	1	68
12	zzy	f	18	1	circle	green	(645, 652)	low	dis	(645, 428)	N	dif	vert	up	True	243226	245376	left	0	1	69
12	zzy	f	18	1	diamond	green	(533, 540)	low	no	no_dis	N	dif	vert	up	True	248121	250736	up	1	1	70
12	zzy	f	18	1	diamond	red	(565, 460)	high	no	no_dis	N	same	vert	up	True	251962	254664	left	0	1	71
12	zzy	f	18	1	circle	red	(724, 619)	low	no	no_dis	N	dif	vert	up	True	257233	259104	up	1	1	72
12	zzy	f	18	1	circle	red	(565, 460)	high	dis	(724, 460)	N	dif	hori	left	True	260209	261657	left	1	1	73
12	zzy	f	18	1	diamond	red	(757, 540)	low	no	no_dis	N	dif	vert	up	True	262841	265553	up	1	1	74
12	zzy	f	18	1	diamond	green	(565, 619)	low	no	no_dis	N	same	hori	left	True	266660	268400	left	1	1	75
12	zzy	f	18	1	circle	red	(724, 460)	low	dis	(533, 540)	N	same	vert	up	True	269423	272376	up	1	1	76
12	zzy	f	18	1	circle	green	(724, 460)	low	dis	(565, 619)	N	dif	hori	left	True	273559	275632	left	1	1	77
12	zzy	f	18	1	diamond	green	(724, 460)	low	dis	(565, 460)	Y	dif	vert	up	True	276864	279321	up	1	1	78
12	zzy	f	18	1	circle	green	(565, 460)	high	dis	(645, 652)	N	same	vert	up	True	280342	282209	up	1	1	79
12	zzy	f	18	1	circle	green	(565, 460)	high	dis	(645, 652)	N	same	vert	up	True	283407	285153	up	1	1	80
12	zzy	f	18	1	circle	green	(724, 619)	low	dis	(565, 619)	N	dif	hori	left	True	286221	287513	left	1	1	81
12	zzy	f	18	1	circle	red	(757, 540)	low	no	no_dis	N	dif	hori	left	True	288547	290240	left	1	1	82
12	zzy	f	18	1	circle	red	(565, 460)	high	dis	(724, 460)	N	same	vert	up	True	291408	293329	up	1	1	83
12	zzy	f	18	1	diamond	red	(645, 652)	low	dis	(565, 619)	N	same	hori	left	True	294466	296392	left	1	1	84
12	zzy	f	18	1	circle	red	(724, 460)	low	dis	(645, 428)	N	same	hori	left	True	297632	299017	left	1	1	85
12	zzy	f	18	1	diamond	red	(645, 428)	low	no	no_dis	N	same	hori	left	True	300168	301600	left	1	1	86
12	zzy	f	18	1	circle	red	(565, 460)	high	dis	(565, 619)	N	dif	vert	up	True	302747	304896	up	1	1	87
12	zzy	f	18	1	circle	green	(724, 460)	low	dis	(757, 540)	N	dif	vert	up	True	305949	308185	up	1	1	88
12	zzy	f	18	1	diamond	green	(565, 619)	low	dis	(645, 652)	N	same	hori	left	True	309420	311249	left	1	1	89
12	zzy	f	18	1	circle	red	(533, 540)	low	dis	(565, 460)	Y	same	hori	left	True	312437	314945	left	1	1	90
12	zzy	f	18	1	diamond	red	(757, 540)	low	dis	(533, 540)	N	dif	vert	up	True	315956	317873	up	1	1	91
12	zzy	f	18	1	diamond	green	(724, 619)	low	dis	(565, 460)	Y	same	hori	left	True	319095	321088	left	1	1	92
12	zzy	f	18	1	diamond	green	(533, 540)	low	dis	(565, 460)	Y	same	vert	up	True	322176	324080	up	1	1	93
12	zzy	f	18	1	diamond	red	(565, 460)	high	dis	(565, 619)	N	dif	hori	left	True	325271	327425	left	1	1	94
12	zzy	f	18	1	diamond	red	(565, 460)	high	dis	(724, 619)	N	dif	vert	up	True	328644	330225	up	1	1	95
12	zzy	f	18	1	circle	green	(757, 540)	low	dis	(565, 619)	N	dif	vert	up	True	331281	332961	up	1	1	96
12	zzy	f	18	1	circle	red	(565, 460)	high	no	no_dis	N	same	hori	left	True	334049	336329	left	1	1	97
12	zzy	f	18	1	diamond	red	(565, 460)	high	no	no_dis	N	dif	vert	up	True	337410	339041	up	1	1	98
12	zzy	f	18	1	circle	red	(757, 540)	low	dis	(645, 652)	N	same	vert	up	True	340290	342896	up	1	1	99
12	zzy	f	18	1	diamond	red	(645, 428)	low	no	no_dis	N	same	vert	up	True	343934	345736	up	1	1	100
12	zzy	f	18	1	circle	red	(724, 619)	low	dis	(533, 540)	N	same	vert	up	True	346933	348193	up	1	1	101
12	zzy	f	18	1	circle	green	(724, 460)	low	no	no_dis	N	dif	vert	up	True	349219	350929	up	1	1	102
12	zzy	f	18	1	diamond	red	(645, 428)	low	no	no_dis	N	same	hori	left	True	352127	353817	up	0	1	103
12	zzy	f	18	1	circle	green	(533, 540)	low	dis	(645, 428)	N	same	vert	up	True	356503	358969	up	1	1	104
12	zzy	f	18	1	diamond	green	(645, 652)	low	dis	(724, 460)	N	dif	vert	up	True	360097	362112	up	1	1	105
12	zzy	f	18	1	diamond	green	(757, 540)	low	no	no_dis	N	dif	vert	up	True	363173	365433	up	1	1	106
12	zzy	f	18	1	diamond	green	(565, 460)	high	dis	(757, 540)	N	dif	vert	up	True	366684	369577	up	1	1	107
12	zzy	f	18	1	diamond	red	(565, 619)	low	dis	(724, 619)	N	dif	hori	left	True	370643	372089	left	1	1	108
12	zzy	f	18	1	diamond	green	(565, 619)	low	dis	(724, 619)	N	same	hori	left	True	373103	374625	left	1	1	109
12	zzy	f	18	1	circle	green	(565, 619)	low	dis	(724, 619)	N	dif	vert	up	True	375729	378505	up	1	1	110
12	zzy	f	18	1	diamond	green	(565, 460)	high	dis	(645, 428)	N	dif	hori	left	True	379565	382265	left	1	1	111
12	zzy	f	18	1	circle	red	(533, 540)	low	no	no_dis	N	same	hori	left	True	383504	384993	left	1	1	112
12	zzy	f	18	1	diamond	green	(724, 460)	low	no	no_dis	N	same	vert	up	True	386007	388761	up	1	1	113
12	zzy	f	18	1	circle	red	(565, 619)	low	no	no_dis	N	same	hori	left	True	389825	391400	left	1	1	114
12	zzy	f	18	1	diamond	red	(565, 619)	low	dis	(757, 540)	N	same	hori	left	True	392480	394881	left	1	1	115
12	zzy	f	18	1	circle	red	(757, 540)	low	dis	(565, 460)	Y	dif	vert	up	True	395932	397609	up	1	1	116
12	zzy	f	18	1	diamond	green	(533, 540)	low	dis	(645, 428)	N	same	vert	up	True	398816	400433	up	1	1	117
12	zzy	f	18	1	circle	red	(565, 460)	high	no	no_dis	N	dif	hori	left	True	401668	403960	left	1	1	118
12	zzy	f	18	1	circle	green	(565, 460)	high	no	no_dis	N	same	hori	left	True	405179	406761	left	1	1	119
12	zzy	f	18	1	diamond	green	(645, 428)	low	dis	(565, 460)	Y	dif	vert	up	True	407784	409553	up	1	1	120
12	zzy	f	18	1	circle	green	(645, 428)	low	no	no_dis	N	dif	vert	up	True	453895	456169	up	1	2	1
12	zzy	f	18	1	diamond	green	(565, 460)	high	dis	(565, 619)	N	same	hori	left	True	457193	459032	left	1	2	2
12	zzy	f	18	1	circle	red	(565, 460)	high	dis	(757, 540)	N	dif	vert	up	True	460160	462057	up	1	2	3
12	zzy	f	18	1	diamond	red	(565, 460)	high	dis	(645, 428)	N	same	hori	left	True	463196	465169	left	1	2	4
12	zzy	f	18	1	circle	green	(533, 540)	low	dis	(724, 619)	N	same	vert	up	True	466207	468425	up	1	2	5
12	zzy	f	18	1	circle	red	(565, 619)	low	dis	(565, 460)	Y	dif	vert	up	True	469506	472153	up	1	2	6
12	zzy	f	18	1	diamond	green	(645, 428)	low	dis	(724, 619)	N	same	vert	up	True	473270	474848	up	1	2	7
12	zzy	f	18	1	diamond	green	(724, 460)	low	dis	(645, 652)	N	same	vert	up	True	475888	477521	up	1	2	8
12	zzy	f	18	1	circle	green	(565, 460)	high	dis	(645, 652)	N	same	vert	up	True	478705	480577	up	1	2	9
12	zzy	f	18	1	circle	green	(757, 540)	low	no	no_dis	N	same	hori	left	True	481820	482969	left	1	2	10
12	zzy	f	18	1	circle	green	(757, 540)	low	no	no_dis	N	same	vert	up	True	484188	485617	up	1	2	11
12	zzy	f	18	1	diamond	red	(645, 652)	low	dis	(724, 460)	N	dif	hori	left	True	486667	488433	left	1	2	12
12	zzy	f	18	1	diamond	green	(645, 428)	low	dis	(565, 619)	N	dif	hori	left	True	489495	491224	left	1	2	13
12	zzy	f	18	1	diamond	green	(724, 460)	low	dis	(645, 428)	N	same	hori	left	True	492446	493992	left	1	2	14
12	zzy	f	18	1	diamond	red	(645, 428)	low	no	no_dis	N	dif	hori	left	True	495079	496752	left	1	2	15
12	zzy	f	18	1	circle	green	(724, 460)	low	no	no_dis	N	dif	hori	left	True	497847	499729	left	1	2	16
12	zzy	f	18	1	circle	green	(565, 619)	low	dis	(645, 652)	N	same	hori	left	False	500878	None	None	0	2	17
12	zzy	f	18	1	diamond	green	(645, 652)	low	dis	(565, 619)	N	dif	hori	left	True	506494	508361	left	1	2	18
12	zzy	f	18	1	circle	green	(757, 540)	low	no	no_dis	N	same	hori	left	True	509375	510865	left	1	2	19
12	zzy	f	18	1	circle	red	(724, 460)	low	dis	(645, 428)	N	dif	vert	up	True	511902	513593	up	1	2	20
12	zzy	f	18	1	circle	red	(533, 540)	low	no	no_dis	N	same	hori	left	True	514624	516233	left	1	2	21
12	zzy	f	18	1	circle	green	(565, 460)	high	dis	(757, 540)	N	same	vert	up	True	517459	519137	up	1	2	22
12	zzy	f	18	1	circle	red	(533, 540)	low	dis	(757, 540)	N	same	hori	left	True	520160	521713	left	1	2	23
12	zzy	f	18	1	circle	red	(565, 619)	low	dis	(724, 460)	N	dif	vert	up	True	522803	524425	up	1	2	24
12	zzy	f	18	1	circle	green	(724, 619)	low	dis	(565, 460)	Y	same	vert	up	True	525523	527049	up	1	2	25
12	zzy	f	18	1	diamond	green	(565, 460)	high	dis	(565, 619)	N	dif	hori	left	True	528295	529993	left	1	2	26
12	zzy	f	18	1	circle	green	(757, 540)	low	dis	(533, 540)	N	same	hori	left	True	531094	533121	left	1	2	27
12	zzy	f	18	1	circle	red	(565, 460)	high	dis	(724, 619)	N	dif	hori	left	True	534324	536321	left	1	2	28
12	zzy	f	18	1	diamond	green	(533, 540)	low	no	no_dis	N	same	vert	up	True	537398	539088	up	1	2	29
12	zzy	f	18	1	diamond	green	(565, 460)	high	no	no_dis	N	same	hori	left	True	540274	542584	left	1	2	30
12	zzy	f	18	1	circle	green	(565, 460)	high	dis	(533, 540)	N	dif	hori	left	True	543823	546457	left	1	2	31
12	zzy	f	18	1	circle	green	(645, 652)	low	no	no_dis	N	same	vert	up	True	547500	549745	up	1	2	32
12	zzy	f	18	1	diamond	red	(533, 540)	low	no	no_dis	N	dif	vert	up	True	550886	552721	up	1	2	33
12	zzy	f	18	1	circle	red	(565, 460)	high	dis	(645, 428)	N	dif	hori	left	True	553965	556073	left	1	2	34
12	zzy	f	18	1	circle	green	(645, 428)	low	dis	(533, 540)	N	dif	hori	left	True	557100	558849	left	1	2	35
12	zzy	f	18	1	circle	green	(565, 460)	high	no	no_dis	N	dif	vert	up	True	559972	561433	left	0	2	36
12	zzy	f	18	1	circle	red	(724, 619)	low	no	no_dis	N	same	hori	left	True	564128	565385	left	1	2	37
12	zzy	f	18	1	diamond	green	(533, 540)	low	no	no_dis	N	dif	hori	left	True	566514	567896	up	0	2	38
12	zzy	f	18	1	circle	red	(645, 652)	low	dis	(724, 460)	N	dif	vert	up	True	570611	572217	up	1	2	39
12	zzy	f	18	1	diamond	red	(533, 540)	low	dis	(565, 460)	Y	same	hori	left	True	573390	575089	left	1	2	40
12	zzy	f	18	1	circle	green	(724, 619)	low	dis	(757, 540)	N	dif	hori	left	True	576219	577721	left	1	2	41
12	zzy	f	18	1	diamond	green	(724, 619)	low	dis	(645, 652)	N	dif	vert	up	True	578911	581096	up	1	2	42
12	zzy	f	18	1	diamond	red	(645, 428)	low	no	no_dis	N	dif	vert	up	True	582218	583345	up	1	2	43
12	zzy	f	18	1	circle	red	(565, 460)	high	no	no_dis	N	same	hori	left	True	584553	586497	left	1	2	44
12	zzy	f	18	1	circle	red	(533, 540)	low	dis	(757, 540)	N	dif	hori	left	True	587671	589401	left	1	2	45
12	zzy	f	18	1	circle	green	(565, 460)	high	dis	(724, 619)	N	same	hori	left	True	590448	592017	left	1	2	46
12	zzy	f	18	1	diamond	green	(565, 460)	high	dis	(533, 540)	N	dif	hori	left	True	593186	595249	left	1	2	47
12	zzy	f	18	1	circle	red	(565, 460)	high	dis	(724, 619)	N	same	vert	up	True	596457	598592	up	1	2	48
12	zzy	f	18	1	circle	red	(724, 619)	low	dis	(757, 540)	N	same	hori	left	True	599778	600921	left	1	2	49
12	zzy	f	18	1	diamond	red	(724, 460)	low	dis	(645, 428)	N	dif	hori	left	True	601979	603577	left	1	2	50
12	zzy	f	18	1	circle	red	(757, 540)	low	dis	(645, 652)	N	dif	vert	up	True	604633	606281	up	1	2	51
12	zzy	f	18	1	circle	green	(724, 460)	low	dis	(645, 652)	N	dif	vert	up	True	607474	608761	up	1	2	52
12	zzy	f	18	1	diamond	red	(565, 619)	low	dis	(533, 540)	N	dif	vert	up	True	609899	612689	up	1	2	53
12	zzy	f	18	1	diamond	green	(724, 619)	low	no	no_dis	N	same	hori	left	True	613849	615104	left	1	2	54
12	zzy	f	18	1	circle	red	(565, 460)	high	no	no_dis	N	same	vert	up	True	616274	617833	up	1	2	55
12	zzy	f	18	1	diamond	green	(724, 619)	low	no	no_dis	N	dif	hori	left	True	618957	620833	left	1	2	56
12	zzy	f	18	1	diamond	red	(533, 540)	low	dis	(645, 428)	N	dif	hori	left	True	621844	623321	left	1	2	57
12	zzy	f	18	1	circle	green	(565, 619)	low	dis	(724, 460)	N	dif	hori	left	True	624556	625985	up	0	2	58
12	zzy	f	18	1	circle	red	(565, 460)	high	dis	(724, 619)	N	dif	vert	up	True	628650	630705	up	1	2	59
12	zzy	f	18	1	circle	red	(645, 428)	low	dis	(533, 540)	N	dif	hori	left	True	631896	632880	left	1	2	60
12	zzy	f	18	1	circle	red	(757, 540)	low	dis	(533, 540)	N	same	vert	up	True	634093	635809	up	1	2	61
12	zzy	f	18	1	circle	green	(645, 652)	low	dis	(645, 428)	N	same	vert	up	True	636957	638353	up	1	2	62
12	zzy	f	18	1	diamond	green	(757, 540)	low	dis	(724, 460)	N	dif	hori	left	True	639525	641208	left	1	2	63
12	zzy	f	18	1	diamond	green	(565, 619)	low	dis	(724, 619)	N	same	hori	left	True	642447	643497	left	1	2	64
12	zzy	f	18	1	circle	green	(645, 652)	low	dis	(565, 619)	N	dif	hori	left	True	644646	646240	left	1	2	65
12	zzy	f	18	1	circle	green	(724, 460)	low	dis	(565, 460)	Y	same	vert	up	True	647259	648440	up	1	2	66
12	zzy	f	18	1	diamond	green	(757, 540)	low	no	no_dis	N	same	hori	left	True	649655	651033	left	1	2	67
12	zzy	f	18	1	diamond	red	(645, 652)	low	dis	(724, 460)	N	dif	vert	up	True	652250	653457	up	1	2	68
12	zzy	f	18	1	diamond	green	(533, 540)	low	dis	(645, 652)	N	same	hori	left	True	654624	655977	left	1	2	69
12	zzy	f	18	1	circle	green	(565, 460)	high	dis	(724, 460)	N	dif	hori	left	True	656990	658313	left	1	2	70
12	zzy	f	18	1	diamond	green	(565, 460)	high	no	no_dis	N	same	hori	left	True	659499	660801	left	1	2	71
12	zzy	f	18	1	diamond	red	(565, 619)	low	no	no_dis	N	dif	hori	left	True	662032	663312	left	1	2	72
12	zzy	f	18	1	circle	red	(565, 460)	high	no	no_dis	N	same	vert	up	True	664467	665936	left	0	2	73
12	zzy	f	18	1	diamond	red	(565, 460)	high	dis	(645, 652)	N	same	hori	left	True	668496	670193	left	1	2	74
12	zzy	f	18	1	diamond	red	(757, 540)	low	dis	(565, 460)	Y	dif	vert	up	True	671270	673361	up	1	2	75
12	zzy	f	18	1	diamond	red	(565, 460)	high	no	no_dis	N	dif	vert	up	True	674522	676841	up	1	2	76
12	zzy	f	18	1	circle	red	(645, 652)	low	no	no_dis	N	dif	vert	up	True	677970	679425	up	1	2	77
12	zzy	f	18	1	circle	green	(645, 428)	low	dis	(565, 460)	Y	dif	vert	up	True	680440	681977	up	1	2	78
12	zzy	f	18	1	diamond	green	(565, 460)	high	dis	(645, 428)	N	dif	vert	up	True	682996	685689	up	1	2	79
12	zzy	f	18	1	circle	red	(565, 460)	high	dis	(645, 652)	N	same	vert	up	True	686875	688960	up	1	2	80
12	zzy	f	18	1	circle	red	(724, 460)	low	no	no_dis	N	same	vert	up	True	689985	691553	up	1	2	81
12	zzy	f	18	1	diamond	green	(565, 460)	high	dis	(724, 460)	N	same	hori	left	True	692672	694680	left	1	2	82
12	zzy	f	18	1	diamond	green	(724, 619)	low	dis	(565, 460)	Y	same	vert	up	True	695758	697673	up	1	2	83
12	zzy	f	18	1	circle	red	(645, 428)	low	dis	(565, 619)	N	same	vert	up	True	698886	700593	up	1	2	84
12	zzy	f	18	1	circle	green	(565, 619)	low	no	no_dis	N	dif	vert	up	True	701748	703561	up	1	2	85
12	zzy	f	18	1	diamond	red	(565, 460)	high	dis	(565, 619)	N	dif	vert	up	True	704657	706752	up	1	2	86
12	zzy	f	18	1	circle	green	(757, 540)	low	dis	(724, 619)	N	same	vert	up	True	707918	710625	up	1	2	87
12	zzy	f	18	1	diamond	red	(565, 460)	high	no	no_dis	N	dif	vert	up	True	711705	714577	up	1	2	88
12	zzy	f	18	1	diamond	red	(565, 460)	high	dis	(645, 652)	N	same	hori	left	True	715793	717800	left	1	2	89
12	zzy	f	18	1	diamond	red	(645, 428)	low	dis	(565, 619)	N	dif	hori	left	True	718835	720737	left	1	2	90
12	zzy	f	18	1	diamond	red	(724, 619)	low	dis	(533, 540)	N	same	hori	left	True	721739	723345	left	1	2	91
12	zzy	f	18	1	diamond	red	(565, 619)	low	dis	(724, 619)	N	same	vert	up	True	724581	725785	up	1	2	92
12	zzy	f	18	1	diamond	red	(645, 652)	low	no	no_dis	N	dif	hori	left	True	726804	728121	left	1	2	93
12	zzy	f	18	1	circle	red	(724, 460)	low	no	no_dis	N	same	hori	left	True	729373	730849	left	1	2	94
12	zzy	f	18	1	diamond	red	(724, 460)	low	no	no_dis	N	same	vert	up	True	732097	733609	up	1	2	95
12	zzy	f	18	1	diamond	green	(645, 652)	low	no	no_dis	N	dif	vert	up	True	734802	736441	up	1	2	96
12	zzy	f	18	1	diamond	green	(645, 652)	low	dis	(565, 619)	N	same	hori	left	True	737655	739921	left	1	2	97
12	zzy	f	18	1	circle	green	(565, 460)	high	dis	(757, 540)	N	same	vert	up	True	740951	743392	up	1	2	98
12	zzy	f	18	1	diamond	green	(724, 619)	low	no	no_dis	N	dif	hori	left	True	744487	745921	left	1	2	99
12	zzy	f	18	1	diamond	red	(757, 540)	low	dis	(533, 540)	N	dif	vert	up	True	747128	748289	up	1	2	100
12	zzy	f	18	1	diamond	green	(533, 540)	low	dis	(645, 428)	N	dif	vert	up	True	749430	750553	up	1	2	101
12	zzy	f	18	1	diamond	red	(724, 619)	low	dis	(645, 428)	N	same	hori	left	True	751755	753465	left	1	2	102
12	zzy	f	18	1	circle	red	(724, 619)	low	dis	(565, 460)	Y	same	vert	up	True	754590	756881	up	1	2	103
12	zzy	f	18	1	circle	red	(724, 460)	low	dis	(757, 540)	N	dif	hori	left	True	758045	759432	left	1	2	104
12	zzy	f	18	1	circle	red	(645, 428)	low	no	no_dis	N	dif	vert	up	True	760520	761713	up	1	2	105
12	zzy	f	18	1	diamond	red	(565, 619)	low	no	no_dis	N	same	vert	up	True	762749	764240	up	1	2	106
12	zzy	f	18	1	diamond	green	(565, 619)	low	dis	(757, 540)	N	same	hori	left	True	765267	767209	left	1	2	107
12	zzy	f	18	1	diamond	red	(724, 460)	low	dis	(565, 460)	Y	same	hori	left	True	768415	771040	left	1	2	108
12	zzy	f	18	1	circle	green	(565, 460)	high	no	no_dis	N	dif	hori	left	True	772238	774801	left	1	2	109
12	zzy	f	18	1	circle	green	(565, 460)	high	no	no_dis	N	dif	hori	left	True	776049	778168	left	1	2	110
12	zzy	f	18	1	circle	green	(533, 540)	low	dis	(724, 460)	N	dif	vert	up	True	779321	781001	up	1	2	111
12	zzy	f	18	1	diamond	red	(565, 460)	high	no	no_dis	N	same	vert	up	True	782037	784553	up	1	2	112
12	zzy	f	18	1	circle	red	(565, 619)	low	no	no_dis	N	same	vert	up	True	785642	787697	up	1	2	113
12	zzy	f	18	1	diamond	red	(565, 460)	high	dis	(533, 540)	N	same	vert	up	True	788876	791129	up	1	2	114
12	zzy	f	18	1	diamond	red	(565, 460)	high	dis	(565, 619)	N	dif	vert	up	True	792296	794097	up	1	2	115
12	zzy	f	18	1	diamond	green	(757, 540)	low	dis	(565, 460)	Y	same	vert	up	True	795150	796745	up	1	2	116
12	zzy	f	18	1	circle	red	(645, 652)	low	dis	(724, 619)	N	same	vert	up	True	797781	799137	up	1	2	117
12	zzy	f	18	1	diamond	red	(645, 428)	low	dis	(757, 540)	N	same	hori	left	True	800389	802329	left	1	2	118
12	zzy	f	18	1	diamond	green	(565, 460)	high	no	no_dis	N	dif	hori	left	True	803352	805521	left	1	2	119
12	zzy	f	18	1	diamond	green	(565, 460)	high	dis	(724, 460)	N	dif	vert	up	True	806687	808705	up	1	2	120
12	zzy	f	18	1	circle	red	(565, 460)	high	dis	(533, 540)	N	dif	hori	left	True	861099	863129	left	1	3	1
12	zzy	f	18	1	circle	red	(757, 540)	low	dis	(565, 619)	N	dif	vert	up	True	864188	865449	up	1	3	2
12	zzy	f	18	1	circle	green	(757, 540)	low	dis	(533, 540)	N	dif	vert	up	True	866618	867785	up	1	3	3
12	zzy	f	18	1	circle	green	(724, 460)	low	dis	(565, 619)	N	same	vert	up	True	868884	870273	up	1	3	4
12	zzy	f	18	1	circle	green	(724, 460)	low	no	no_dis	N	dif	hori	left	True	871321	872553	left	1	3	5
12	zzy	f	18	1	circle	red	(565, 460)	high	dis	(565, 619)	N	dif	hori	left	True	873685	875048	left	1	3	6
12	zzy	f	18	1	circle	red	(533, 540)	low	dis	(724, 460)	N	dif	vert	up	True	876084	877321	up	1	3	7
12	zzy	f	18	1	diamond	green	(565, 460)	high	dis	(645, 428)	N	dif	vert	up	True	878372	879657	up	1	3	8
12	zzy	f	18	1	diamond	red	(565, 460)	high	dis	(724, 619)	N	dif	vert	up	True	880832	882785	up	1	3	9
12	zzy	f	18	1	circle	green	(565, 619)	low	dis	(645, 428)	N	dif	hori	left	True	883828	885377	left	1	3	10
12	zzy	f	18	1	circle	red	(645, 428)	low	dis	(757, 540)	N	same	vert	up	True	886621	888585	up	1	3	11
12	zzy	f	18	1	diamond	green	(645, 428)	low	dis	(565, 619)	N	dif	vert	up	True	889731	891601	up	1	3	12
12	zzy	f	18	1	circle	red	(565, 460)	high	dis	(724, 619)	N	same	hori	left	True	892625	894144	left	1	3	13
12	zzy	f	18	1	diamond	red	(645, 652)	low	no	no_dis	N	dif	hori	left	True	895341	897049	left	1	3	14
12	zzy	f	18	1	diamond	red	(565, 460)	high	dis	(533, 540)	N	dif	vert	up	True	898197	900105	up	1	3	15
12	zzy	f	18	1	diamond	green	(724, 460)	low	no	no_dis	N	same	hori	left	True	901110	902985	left	1	3	16
12	zzy	f	18	1	diamond	red	(645, 428)	low	dis	(565, 460)	Y	same	vert	up	True	904148	905857	up	1	3	17
12	zzy	f	18	1	circle	green	(645, 428)	low	dis	(724, 460)	N	dif	vert	up	True	906928	909553	up	1	3	18
12	zzy	f	18	1	circle	red	(565, 619)	low	dis	(565, 460)	Y	dif	hori	left	True	910617	911953	left	1	3	19
12	zzy	f	18	1	circle	green	(565, 619)	low	no	no_dis	N	dif	hori	left	True	913202	914232	left	1	3	20
12	zzy	f	18	1	circle	green	(565, 460)	high	dis	(645, 652)	N	same	hori	left	True	915236	916857	left	1	3	21
12	zzy	f	18	1	circle	red	(757, 540)	low	no	no_dis	N	same	hori	left	True	917978	919313	left	1	3	22
12	zzy	f	18	1	circle	red	(757, 540)	low	dis	(565, 460)	Y	same	hori	left	True	920519	922688	left	1	3	23
12	zzy	f	18	1	diamond	green	(724, 619)	low	dis	(565, 460)	Y	dif	hori	left	True	923702	925489	left	1	3	24
12	zzy	f	18	1	diamond	red	(724, 619)	low	dis	(565, 619)	N	same	vert	up	True	926633	928056	up	1	3	25
12	zzy	f	18	1	diamond	red	(645, 652)	low	dis	(533, 540)	N	dif	vert	up	True	929072	930225	up	1	3	26
12	zzy	f	18	1	circle	red	(565, 460)	high	no	no_dis	N	same	hori	left	True	931259	932809	left	1	3	27
12	zzy	f	18	1	diamond	red	(757, 540)	low	dis	(645, 428)	N	same	vert	up	True	933914	935441	up	1	3	28
12	zzy	f	18	1	circle	red	(533, 540)	low	dis	(565, 619)	N	dif	hori	left	True	936594	938153	left	1	3	29
12	zzy	f	18	1	diamond	red	(533, 540)	low	no	no_dis	N	dif	vert	up	True	939220	940633	up	1	3	30
12	zzy	f	18	1	diamond	green	(645, 652)	low	dis	(724, 619)	N	dif	hori	left	True	941691	943009	left	1	3	31
12	zzy	f	18	1	circle	green	(724, 460)	low	no	no_dis	N	dif	hori	left	True	944054	945625	left	1	3	32
12	zzy	f	18	1	diamond	red	(533, 540)	low	no	no_dis	N	dif	hori	left	True	946753	948729	left	1	3	33
12	zzy	f	18	1	diamond	green	(724, 619)	low	no	no_dis	N	same	hori	left	True	949842	951488	left	1	3	34
12	zzy	f	18	1	circle	red	(724, 460)	low	dis	(645, 652)	N	same	vert	up	True	952733	953793	up	1	3	35
12	zzy	f	18	1	diamond	green	(565, 460)	high	dis	(757, 540)	N	same	hori	left	True	954876	956984	left	1	3	36
12	zzy	f	18	1	circle	red	(724, 460)	low	dis	(757, 540)	N	dif	hori	left	True	958053	959448	left	1	3	37
12	zzy	f	18	1	circle	green	(565, 619)	low	no	no_dis	N	dif	vert	up	True	960641	962249	up	1	3	38
12	zzy	f	18	1	circle	green	(533, 540)	low	dis	(645, 652)	N	dif	vert	up	True	963386	965089	left	0	3	39
12	zzy	f	18	1	diamond	red	(565, 460)	high	dis	(565, 619)	N	dif	hori	left	True	967636	969880	left	1	3	40
12	zzy	f	18	1	circle	green	(533, 540)	low	no	no_dis	N	dif	vert	up	True	970941	972569	up	1	3	41
12	zzy	f	18	1	diamond	red	(724, 619)	low	dis	(757, 540)	N	dif	vert	up	True	973604	975705	up	1	3	42
12	zzy	f	18	1	diamond	red	(565, 619)	low	dis	(533, 540)	N	same	hori	left	True	976755	978633	left	1	3	43
12	zzy	f	18	1	diamond	green	(565, 460)	high	dis	(645, 652)	N	dif	vert	up	True	979690	981305	up	1	3	44
12	zzy	f	18	1	diamond	green	(724, 619)	low	dis	(565, 460)	Y	same	vert	up	True	982341	983672	up	1	3	45
12	zzy	f	18	1	circle	red	(645, 428)	low	no	no_dis	N	same	vert	up	True	984799	986225	up	1	3	46
12	zzy	f	18	1	circle	red	(565, 460)	high	dis	(724, 460)	N	same	vert	up	True	987250	989697	up	1	3	47
12	zzy	f	18	1	diamond	red	(645, 652)	low	dis	(565, 460)	Y	dif	vert	up	True	990721	992449	up	1	3	48
12	zzy	f	18	1	circle	red	(645, 652)	low	dis	(724, 460)	N	same	hori	left	True	993700	994888	left	1	3	49
12	zzy	f	18	1	diamond	green	(533, 540)	low	dis	(565, 619)	N	same	hori	left	True	995968	998289	left	1	3	50
12	zzy	f	18	1	diamond	red	(565, 460)	high	no	no_dis	N	dif	vert	up	True	999485	1001072	up	1	3	51
12	zzy	f	18	1	circle	green	(565, 460)	high	dis	(533, 540)	N	same	vert	up	True	1002306	1004296	left	0	3	52
12	zzy	f	18	1	circle	green	(565, 460)	high	dis	(757, 540)	N	same	vert	up	True	1007003	1009000	up	1	3	53
12	zzy	f	18	1	diamond	green	(533, 540)	low	dis	(565, 460)	Y	same	hori	left	True	1010075	1011416	left	1	3	54
12	zzy	f	18	1	diamond	green	(757, 540)	low	dis	(724, 619)	N	same	hori	left	True	1012524	1014233	left	1	3	55
12	zzy	f	18	1	diamond	red	(724, 460)	low	dis	(533, 540)	N	same	hori	left	True	1015435	1017440	left	1	3	56
12	zzy	f	18	1	circle	red	(565, 619)	low	no	no_dis	N	dif	hori	left	True	1018628	1020297	left	1	3	57
12	zzy	f	18	1	circle	red	(645, 652)	low	dis	(645, 428)	N	same	hori	left	True	1021423	1022489	left	1	3	58
12	zzy	f	18	1	diamond	green	(645, 652)	low	dis	(565, 619)	N	same	vert	up	True	1023526	1025345	up	1	3	59
12	zzy	f	18	1	diamond	green	(565, 460)	high	no	no_dis	N	same	vert	up	True	1026394	1027985	up	1	3	60
12	zzy	f	18	1	circle	green	(645, 652)	low	dis	(565, 460)	Y	dif	hori	left	True	1029082	1030577	left	1	3	61
12	zzy	f	18	1	diamond	red	(645, 652)	low	no	no_dis	N	same	hori	left	True	1031618	1033241	left	1	3	62
12	zzy	f	18	1	diamond	green	(533, 540)	low	no	no_dis	N	dif	hori	left	True	1034366	1036313	left	1	3	63
12	zzy	f	18	1	circle	red	(565, 460)	high	no	no_dis	N	dif	hori	left	True	1037381	1039089	left	1	3	64
12	zzy	f	18	1	circle	red	(724, 619)	low	dis	(757, 540)	N	dif	hori	left	True	1040177	1041897	left	1	3	65
12	zzy	f	18	1	circle	red	(565, 460)	high	no	no_dis	N	same	hori	left	True	1043080	1045728	left	1	3	66
12	zzy	f	18	1	diamond	green	(565, 460)	high	dis	(724, 619)	N	dif	vert	up	True	1046868	1048593	up	1	3	67
12	zzy	f	18	1	circle	green	(757, 540)	low	dis	(533, 540)	N	same	vert	up	True	1049640	1051089	up	1	3	68
12	zzy	f	18	1	diamond	red	(565, 619)	low	no	no_dis	N	same	vert	up	True	1052194	1053912	up	1	3	69
12	zzy	f	18	1	circle	green	(645, 428)	low	dis	(645, 652)	N	same	vert	up	True	1054934	1056377	up	1	3	70
12	zzy	f	18	1	circle	red	(645, 652)	low	no	no_dis	N	dif	vert	up	True	1057406	1058681	up	1	3	71
12	zzy	f	18	1	diamond	red	(724, 460)	low	dis	(565, 460)	Y	dif	vert	up	True	1059699	1061161	up	1	3	72
12	zzy	f	18	1	diamond	green	(724, 460)	low	dis	(645, 652)	N	dif	hori	left	True	1062350	1063857	left	1	3	73
12	zzy	f	18	1	diamond	green	(724, 460)	low	dis	(724, 619)	N	same	hori	left	True	1065086	1066457	left	1	3	74
12	zzy	f	18	1	diamond	green	(565, 460)	high	no	no_dis	N	same	vert	up	True	1067708	1070025	up	1	3	75
12	zzy	f	18	1	diamond	red	(757, 540)	low	no	no_dis	N	same	vert	up	True	1071069	1072569	up	1	3	76
12	zzy	f	18	1	diamond	red	(757, 540)	low	no	no_dis	N	same	hori	left	True	1073688	1075185	left	1	3	77
12	zzy	f	18	1	circle	green	(724, 619)	low	dis	(724, 460)	N	same	hori	left	True	1076295	1077913	left	1	3	78
12	zzy	f	18	1	diamond	green	(645, 428)	low	dis	(724, 619)	N	dif	vert	up	True	1078958	1080216	up	1	3	79
12	zzy	f	18	1	circle	green	(565, 460)	high	dis	(645, 428)	N	dif	hori	left	True	1081370	1083520	left	1	3	80
12	zzy	f	18	1	circle	red	(565, 460)	high	dis	(757, 540)	N	dif	vert	up	True	1084633	1085857	up	1	3	81
12	zzy	f	18	1	circle	red	(645, 652)	low	no	no_dis	N	same	vert	up	True	1087023	1088273	up	1	3	82
12	zzy	f	18	1	diamond	red	(533, 540)	low	dis	(645, 652)	N	dif	vert	up	True	1089517	1091313	up	1	3	83
12	zzy	f	18	1	circle	green	(724, 460)	low	dis	(757, 540)	N	same	vert	up	True	1092469	1094585	up	1	3	84
12	zzy	f	18	1	diamond	green	(724, 619)	low	no	no_dis	N	same	vert	up	True	1095699	1097009	up	1	3	85
12	zzy	f	18	1	diamond	green	(565, 619)	low	dis	(757, 540)	N	same	hori	left	True	1098075	1099577	left	1	3	86
12	zzy	f	18	1	circle	green	(533, 540)	low	dis	(565, 460)	Y	dif	hori	left	True	1100800	1102569	left	1	3	87
12	zzy	f	18	1	diamond	green	(724, 460)	low	no	no_dis	N	dif	vert	up	True	1103761	1105585	up	1	3	88
12	zzy	f	18	1	circle	green	(565, 460)	high	no	no_dis	N	dif	hori	left	True	1106729	1108193	left	1	3	89
12	zzy	f	18	1	circle	red	(724, 619)	low	dis	(645, 428)	N	same	hori	left	True	1109276	1111048	left	1	3	90
12	zzy	f	18	1	diamond	green	(645, 428)	low	no	no_dis	N	same	hori	left	True	1112129	1114169	left	1	3	91
12	zzy	f	18	1	circle	green	(565, 619)	low	dis	(533, 540)	N	same	vert	up	True	1115319	1117633	up	1	3	92
12	zzy	f	18	1	diamond	red	(565, 460)	high	dis	(645, 652)	N	dif	hori	left	True	1118724	1119993	left	1	3	93
12	zzy	f	18	1	circle	red	(757, 540)	low	no	no_dis	N	same	hori	left	True	1121084	1122200	left	1	3	94
12	zzy	f	18	1	circle	green	(565, 460)	high	dis	(724, 460)	N	same	vert	up	True	1123344	1124665	up	1	3	95
12	zzy	f	18	1	circle	green	(565, 460)	high	dis	(645, 428)	N	same	vert	up	True	1125835	1127721	up	1	3	96
12	zzy	f	18	1	diamond	red	(565, 619)	low	dis	(645, 428)	N	same	vert	up	True	1128771	1131009	up	1	3	97
12	zzy	f	18	1	circle	green	(724, 619)	low	no	no_dis	N	dif	vert	up	True	1132174	1134265	up	1	3	98
12	zzy	f	18	1	diamond	green	(565, 460)	high	dis	(724, 460)	N	same	hori	left	True	1135321	1136889	left	1	3	99
12	zzy	f	18	1	diamond	green	(565, 619)	low	dis	(757, 540)	N	dif	hori	left	True	1137919	1139161	left	1	3	100
12	zzy	f	18	1	circle	red	(645, 428)	low	no	no_dis	N	dif	vert	up	True	1140256	1141649	up	1	3	101
12	zzy	f	18	1	diamond	red	(565, 460)	high	dis	(565, 619)	N	same	hori	left	True	1142845	1144665	left	1	3	102
12	zzy	f	18	1	circle	green	(565, 460)	high	no	no_dis	N	same	vert	up	True	1145689	1147193	up	1	3	103
12	zzy	f	18	1	diamond	red	(757, 540)	low	dis	(645, 428)	N	same	vert	up	True	1148246	1150041	up	1	3	104
12	zzy	f	18	1	diamond	green	(645, 428)	low	no	no_dis	N	same	vert	up	True	1151158	1153289	up	1	3	105
12	zzy	f	18	1	diamond	red	(565, 460)	high	no	no_dis	N	dif	vert	up	True	1154400	1155865	up	1	3	106
12	zzy	f	18	1	circle	red	(565, 460)	high	dis	(645, 652)	N	same	hori	left	True	1157073	1159176	left	1	3	107
12	zzy	f	18	1	diamond	green	(565, 460)	high	dis	(645, 428)	N	same	vert	up	True	1160180	1162737	up	1	3	108
12	zzy	f	18	1	diamond	red	(565, 460)	high	no	no_dis	N	dif	hori	left	True	1163823	1165297	left	1	3	109
12	zzy	f	18	1	diamond	red	(645, 428)	low	dis	(533, 540)	N	dif	vert	up	True	1166412	1167448	up	1	3	110
12	zzy	f	18	1	diamond	green	(757, 540)	low	dis	(724, 619)	N	same	hori	left	True	1168627	1170881	left	1	3	111
12	zzy	f	18	1	diamond	red	(565, 460)	high	dis	(724, 460)	N	dif	hori	left	True	1172015	1173569	left	1	3	112
12	zzy	f	18	1	circle	green	(645, 652)	low	dis	(724, 460)	N	dif	hori	left	True	1174596	1176641	left	1	3	113
12	zzy	f	18	1	circle	green	(565, 460)	high	no	no_dis	N	same	hori	left	True	1177866	1179137	left	1	3	114
12	zzy	f	18	1	circle	green	(724, 619)	low	dis	(645, 652)	N	dif	hori	left	True	1180303	1181729	left	1	3	115
12	zzy	f	18	1	circle	red	(645, 428)	low	dis	(724, 460)	N	dif	vert	up	True	1182978	1184121	up	1	3	116
12	zzy	f	18	1	diamond	red	(533, 540)	low	dis	(724, 619)	N	dif	hori	left	True	1185351	1186553	left	1	3	117
12	zzy	f	18	1	diamond	green	(565, 460)	high	no	no_dis	N	dif	vert	up	True	1187602	1188793	up	1	3	118
12	zzy	f	18	1	circle	red	(565, 619)	low	dis	(724, 619)	N	same	hori	left	True	1189874	1190969	left	1	3	119
12	zzy	f	18	1	circle	green	(724, 619)	low	no	no_dis	N	same	vert	up	True	1192126	1193297	up	1	3	120
12	zzy	f	18	1	circle	red	(565, 460)	high	dis	(533, 540)	N	dif	hori	left	True	1238835	1239665	left	1	4	1
12	zzy	f	18	1	diamond	red	(724, 460)	low	dis	(645, 652)	N	same	hori	left	True	1240710	1242089	left	1	4	2
12	zzy	f	18	1	diamond	red	(565, 460)	high	no	no_dis	N	same	vert	up	True	1243327	1244353	up	1	4	3
12	zzy	f	18	1	diamond	green	(565, 460)	high	dis	(724, 619)	N	dif	hori	left	True	1245384	1246369	left	1	4	4
12	zzy	f	18	1	diamond	red	(645, 428)	low	no	no_dis	N	same	hori	left	True	1247400	1248793	left	1	4	5
12	zzy	f	18	1	circle	green	(565, 460)	high	dis	(533, 540)	N	dif	vert	up	True	1249817	1251176	left	0	4	6
12	zzy	f	18	1	diamond	red	(724, 460)	low	dis	(565, 460)	Y	dif	vert	up	True	1253856	1255425	up	1	4	7
12	zzy	f	18	1	diamond	green	(565, 460)	high	dis	(724, 619)	N	dif	hori	left	True	1256488	1257401	left	1	4	8
12	zzy	f	18	1	circle	green	(645, 428)	low	dis	(565, 619)	N	same	hori	left	True	1258502	1259657	left	1	4	9
12	zzy	f	18	1	circle	red	(724, 619)	low	dis	(533, 540)	N	dif	vert	up	True	1260746	1261897	up	1	4	10
12	zzy	f	18	1	diamond	red	(645, 428)	low	dis	(565, 460)	Y	same	vert	up	True	1263102	1265009	up	1	4	11
12	zzy	f	18	1	diamond	red	(757, 540)	low	dis	(724, 460)	N	dif	vert	up	True	1266235	1268305	up	1	4	12
12	zzy	f	18	1	circle	green	(757, 540)	low	dis	(645, 652)	N	dif	hori	left	True	1269408	1271129	left	1	4	13
12	zzy	f	18	1	diamond	red	(565, 460)	high	dis	(724, 460)	N	dif	vert	up	True	1272258	1274025	up	1	4	14
12	zzy	f	18	1	diamond	green	(724, 619)	low	dis	(757, 540)	N	dif	vert	up	True	1275270	1278025	up	1	4	15
12	zzy	f	18	1	diamond	red	(565, 619)	low	dis	(724, 460)	N	dif	vert	up	True	1279059	1280345	up	1	4	16
12	zzy	f	18	1	circle	green	(757, 540)	low	no	no_dis	N	dif	hori	left	True	1281586	1282457	left	1	4	17
12	zzy	f	18	1	circle	red	(724, 619)	low	dis	(724, 460)	N	dif	vert	up	True	1283497	1284673	up	1	4	18
12	zzy	f	18	1	diamond	green	(724, 619)	low	dis	(565, 619)	N	dif	hori	left	True	1285788	1286865	left	1	4	19
12	zzy	f	18	1	circle	green	(565, 619)	low	dis	(645, 652)	N	same	hori	left	True	1287952	1289689	left	1	4	20
12	zzy	f	18	1	circle	green	(533, 540)	low	dis	(757, 540)	N	same	vert	up	True	1290911	1292585	up	1	4	21
12	zzy	f	18	1	circle	green	(724, 619)	low	dis	(565, 460)	Y	same	vert	up	True	1293706	1295537	up	1	4	22
12	zzy	f	18	1	circle	red	(565, 460)	high	dis	(645, 428)	N	same	vert	up	True	1296577	1298457	up	1	4	23
12	zzy	f	18	1	circle	red	(565, 460)	high	dis	(533, 540)	N	same	hori	left	True	1299698	1301705	left	1	4	24
12	zzy	f	18	1	circle	red	(565, 460)	high	dis	(757, 540)	N	same	vert	up	True	1302715	1304265	up	1	4	25
12	zzy	f	18	1	circle	green	(565, 460)	high	no	no_dis	N	dif	hori	left	True	1305283	1306576	left	1	4	26
12	zzy	f	18	1	circle	green	(724, 460)	low	dis	(757, 540)	N	same	hori	left	True	1307646	1309673	left	1	4	27
12	zzy	f	18	1	diamond	green	(565, 619)	low	dis	(645, 428)	N	same	vert	up	True	1310794	1311993	up	1	4	28
12	zzy	f	18	1	circle	green	(565, 460)	high	dis	(533, 540)	N	dif	hori	left	True	1313200	1314945	left	1	4	29
12	zzy	f	18	1	circle	green	(565, 460)	high	dis	(645, 428)	N	same	hori	left	True	1315966	1317577	left	1	4	30
12	zzy	f	18	1	diamond	red	(645, 428)	low	no	no_dis	N	same	hori	left	True	1318784	1320737	left	1	4	31
12	zzy	f	18	1	circle	red	(757, 540)	low	dis	(645, 428)	N	dif	vert	up	True	1321976	1323529	up	1	4	32
12	zzy	f	18	1	circle	red	(724, 460)	low	no	no_dis	N	same	hori	left	True	1324782	1326825	left	1	4	33
12	zzy	f	18	1	diamond	red	(565, 460)	high	dis	(757, 540)	N	dif	vert	up	True	1327933	1329705	up	1	4	34
12	zzy	f	18	1	diamond	green	(645, 652)	low	dis	(724, 619)	N	dif	hori	left	True	1330931	1332137	left	1	4	35
12	zzy	f	18	1	circle	red	(565, 619)	low	dis	(533, 540)	N	dif	vert	up	True	1333212	1335017	left	0	4	36
12	zzy	f	18	1	circle	red	(645, 652)	low	no	no_dis	N	dif	hori	left	True	1337700	1339841	left	1	4	37
12	zzy	f	18	1	diamond	green	(565, 460)	high	dis	(724, 460)	N	same	hori	left	True	1341004	1342601	left	1	4	38
12	zzy	f	18	1	diamond	red	(565, 460)	high	dis	(565, 619)	N	same	vert	up	True	1343818	1345601	up	1	4	39
12	zzy	f	18	1	diamond	green	(565, 460)	high	dis	(565, 619)	N	same	hori	left	True	1346835	1348241	left	1	4	40
12	zzy	f	18	1	diamond	green	(565, 619)	low	dis	(645, 652)	N	dif	hori	left	True	1349358	1350393	left	1	4	41
12	zzy	f	18	1	circle	red	(645, 652)	low	no	no_dis	N	same	vert	up	True	1351606	1352913	up	1	4	42
12	zzy	f	18	1	diamond	green	(645, 652)	low	no	no_dis	N	same	hori	left	True	1354111	1355905	left	1	4	43
12	zzy	f	18	1	circle	green	(565, 460)	high	dis	(645, 652)	N	same	vert	up	True	1356993	1358584	up	1	4	44
12	zzy	f	18	1	circle	red	(565, 460)	high	no	no_dis	N	same	vert	up	True	1359599	1361249	up	1	4	45
12	zzy	f	18	1	circle	red	(645, 428)	low	dis	(724, 619)	N	same	hori	left	True	1362403	1364817	left	1	4	46
12	zzy	f	18	1	diamond	green	(533, 540)	low	no	no_dis	N	same	vert	up	True	1365923	1367544	up	1	4	47
12	zzy	f	18	1	circle	green	(565, 460)	high	dis	(724, 460)	N	dif	hori	left	True	1368699	1370249	left	1	4	48
12	zzy	f	18	1	diamond	red	(565, 619)	low	no	no_dis	N	dif	hori	left	True	1371295	1373601	left	1	4	49
12	zzy	f	18	1	circle	green	(565, 460)	high	dis	(757, 540)	N	same	vert	up	True	1374705	1377201	up	1	4	50
12	zzy	f	18	1	circle	red	(645, 428)	low	dis	(757, 540)	N	dif	hori	left	False	1378372	None	None	0	4	51
12	zzy	f	18	1	circle	green	(645, 652)	low	dis	(757, 540)	N	dif	hori	left	True	1384063	1385449	left	1	4	52
12	zzy	f	18	1	diamond	red	(565, 460)	high	no	no_dis	N	dif	vert	up	True	1386592	1388585	up	1	4	53
12	zzy	f	18	1	diamond	red	(645, 652)	low	dis	(645, 428)	N	dif	vert	up	True	1389752	1391417	up	1	4	54
12	zzy	f	18	1	circle	red	(724, 460)	low	no	no_dis	N	dif	vert	up	True	1392570	1394233	up	1	4	55
12	zzy	f	18	1	circle	green	(645, 652)	low	dis	(645, 428)	N	same	hori	left	True	1395483	1396481	left	1	4	56
12	zzy	f	18	1	diamond	green	(645, 428)	low	dis	(533, 540)	N	dif	vert	up	True	1397563	1399296	up	1	4	57
12	zzy	f	18	1	circle	red	(645, 652)	low	dis	(724, 619)	N	same	vert	up	True	1400527	1402401	up	1	4	58
12	zzy	f	18	1	diamond	green	(724, 460)	low	dis	(565, 619)	N	same	vert	up	True	1403536	1405184	up	1	4	59
12	zzy	f	18	1	circle	red	(533, 540)	low	dis	(645, 428)	N	dif	hori	left	True	1406209	1407825	left	1	4	60
12	zzy	f	18	1	circle	red	(565, 619)	low	dis	(533, 540)	N	dif	vert	up	True	1408970	1410561	up	1	4	61
12	zzy	f	18	1	circle	green	(757, 540)	low	dis	(724, 619)	N	same	hori	left	True	1411683	1412793	left	1	4	62
12	zzy	f	18	1	circle	red	(724, 460)	low	no	no_dis	N	dif	vert	up	True	1413977	1414889	up	1	4	63
12	zzy	f	18	1	circle	green	(757, 540)	low	no	no_dis	N	same	hori	left	True	1416085	1417056	left	1	4	64
12	zzy	f	18	1	diamond	red	(565, 460)	high	dis	(724, 619)	N	dif	vert	up	True	1418125	1420313	up	1	4	65
12	zzy	f	18	1	diamond	red	(645, 652)	low	no	no_dis	N	same	hori	left	True	1421545	1423057	left	1	4	66
12	zzy	f	18	1	diamond	green	(565, 619)	low	no	no_dis	N	same	vert	up	True	1424243	1425881	up	1	4	67
12	zzy	f	18	1	diamond	red	(533, 540)	low	dis	(724, 619)	N	dif	hori	left	True	1427011	1428265	left	1	4	68
12	zzy	f	18	1	diamond	red	(724, 619)	low	no	no_dis	N	dif	hori	left	True	1429397	1430305	left	1	4	69
12	zzy	f	18	1	circle	green	(724, 619)	low	dis	(533, 540)	N	same	vert	up	True	1431325	1432984	up	1	4	70
12	zzy	f	18	1	diamond	red	(645, 428)	low	no	no_dis	N	same	vert	up	True	1434031	1435265	up	1	4	71
12	zzy	f	18	1	circle	green	(724, 460)	low	dis	(533, 540)	N	same	hori	left	True	1436505	1437633	left	1	4	72
12	zzy	f	18	1	circle	green	(533, 540)	low	dis	(645, 652)	N	dif	hori	left	True	1438884	1440169	left	1	4	73
12	zzy	f	18	1	circle	red	(645, 652)	low	dis	(565, 460)	Y	dif	vert	up	True	1441366	1442473	up	1	4	74
12	zzy	f	18	1	diamond	green	(757, 540)	low	dis	(565, 619)	N	same	hori	left	True	1443666	1445017	left	1	4	75
12	zzy	f	18	1	diamond	green	(645, 428)	low	no	no_dis	N	same	vert	up	True	1446162	1447281	up	1	4	76
12	zzy	f	18	1	diamond	green	(533, 540)	low	dis	(565, 619)	N	same	vert	up	True	1448532	1449961	up	1	4	77
12	zzy	f	18	1	circle	green	(757, 540)	low	no	no_dis	N	same	vert	up	True	1451157	1452409	up	1	4	78
12	zzy	f	18	1	diamond	green	(533, 540)	low	no	no_dis	N	same	hori	left	True	1453484	1454649	left	1	4	79
12	zzy	f	18	1	diamond	red	(565, 460)	high	dis	(645, 428)	N	same	hori	left	True	1455752	1457177	left	1	4	80
12	zzy	f	18	1	diamond	red	(757, 540)	low	dis	(565, 460)	Y	dif	hori	left	True	1458386	1460001	left	1	4	81
12	zzy	f	18	1	diamond	red	(533, 540)	low	dis	(565, 619)	N	same	hori	left	True	1461141	1462985	left	1	4	82
12	zzy	f	18	1	diamond	green	(757, 540)	low	no	no_dis	N	dif	vert	up	True	1464132	1465113	up	1	4	83
12	zzy	f	18	1	circle	green	(533, 540)	low	no	no_dis	N	dif	vert	up	True	1466191	1467433	up	1	4	84
12	zzy	f	18	1	diamond	red	(724, 619)	low	dis	(757, 540)	N	dif	hori	left	True	1468594	1470272	left	1	4	85
12	zzy	f	18	1	circle	green	(724, 619)	low	no	no_dis	N	dif	vert	up	True	1471486	1472729	up	1	4	86
12	zzy	f	18	1	diamond	green	(565, 460)	high	dis	(645, 652)	N	dif	vert	up	True	1473792	1475313	up	1	4	87
12	zzy	f	18	1	circle	green	(565, 619)	low	no	no_dis	N	dif	vert	up	True	1476529	1478001	up	1	4	88
12	zzy	f	18	1	circle	red	(533, 540)	low	no	no_dis	N	dif	hori	left	True	1479077	1481024	left	1	4	89
12	zzy	f	18	1	diamond	red	(565, 619)	low	dis	(645, 428)	N	same	vert	up	True	1482061	1483568	up	1	4	90
12	zzy	f	18	1	circle	green	(565, 460)	high	no	no_dis	N	same	hori	left	True	1484786	1486177	left	1	4	91
12	zzy	f	18	1	diamond	red	(645, 428)	low	dis	(645, 652)	N	dif	vert	up	True	1487357	1488249	up	1	4	92
12	zzy	f	18	1	circle	red	(565, 460)	high	dis	(724, 460)	N	dif	vert	up	True	1489397	1491009	up	1	4	93
12	zzy	f	18	1	diamond	green	(645, 652)	low	dis	(757, 540)	N	same	hori	left	True	1492196	1493361	left	1	4	94
12	zzy	f	18	1	diamond	green	(565, 460)	high	no	no_dis	N	same	hori	left	True	1494553	1495929	left	1	4	95
12	zzy	f	18	1	diamond	red	(645, 652)	low	dis	(724, 460)	N	same	vert	up	True	1496996	1498001	up	1	4	96
12	zzy	f	18	1	diamond	green	(533, 540)	low	dis	(565, 460)	Y	same	hori	left	True	1499036	1501073	left	1	4	97
12	zzy	f	18	1	circle	green	(565, 619)	low	dis	(724, 460)	N	dif	hori	left	True	1502301	1504080	left	1	4	98
12	zzy	f	18	1	diamond	red	(724, 619)	low	no	no_dis	N	same	vert	up	True	1505133	1506185	up	1	4	99
12	zzy	f	18	1	diamond	green	(565, 619)	low	no	no_dis	N	dif	hori	left	True	1507352	1508505	left	1	4	100
12	zzy	f	18	1	diamond	red	(724, 619)	low	dis	(645, 652)	N	same	vert	up	True	1509554	1510857	up	1	4	101
12	zzy	f	18	1	diamond	green	(757, 540)	low	dis	(724, 619)	N	dif	vert	up	True	1511908	1512961	up	1	4	102
12	zzy	f	18	1	circle	green	(724, 619)	low	no	no_dis	N	dif	vert	up	True	1514060	1515505	up	1	4	103
12	zzy	f	18	1	circle	green	(645, 428)	low	dis	(565, 460)	Y	same	vert	up	True	1516604	1517657	up	1	4	104
12	zzy	f	18	1	diamond	green	(565, 460)	high	no	no_dis	N	same	hori	left	True	1518815	1520609	left	1	4	105
12	zzy	f	18	1	circle	green	(565, 460)	high	no	no_dis	N	same	vert	up	True	1521787	1523705	up	1	4	106
12	zzy	f	18	1	circle	red	(724, 460)	low	no	no_dis	N	dif	hori	left	True	1524827	1526201	left	1	4	107
12	zzy	f	18	1	diamond	green	(724, 460)	low	dis	(565, 619)	N	same	vert	up	True	1527338	1528201	up	1	4	108
12	zzy	f	18	1	diamond	green	(565, 460)	high	dis	(645, 428)	N	same	vert	up	True	1529447	1530776	up	1	4	109
12	zzy	f	18	1	circle	red	(724, 460)	low	dis	(565, 460)	Y	same	vert	up	True	1531941	1533537	up	1	4	110
12	zzy	f	18	1	diamond	red	(565, 460)	high	dis	(645, 652)	N	dif	hori	left	True	1534698	1536441	left	1	4	111
12	zzy	f	18	1	circle	red	(565, 460)	high	no	no_dis	N	dif	vert	up	True	1537638	1539425	up	1	4	112
12	zzy	f	18	1	circle	red	(533, 540)	low	dis	(565, 460)	Y	dif	hori	left	True	1540668	1541801	left	1	4	113
12	zzy	f	18	1	circle	red	(724, 460)	low	dis	(724, 619)	N	same	hori	left	True	1542845	1543841	left	1	4	114
12	zzy	f	18	1	circle	red	(565, 460)	high	dis	(565, 619)	N	same	hori	left	True	1545031	1546289	left	1	4	115
12	zzy	f	18	1	diamond	red	(565, 460)	high	no	no_dis	N	dif	vert	up	True	1547443	1549601	up	1	4	116
12	zzy	f	18	1	circle	red	(565, 460)	high	no	no_dis	N	dif	hori	left	True	1550686	1551969	left	1	4	117
12	zzy	f	18	1	diamond	green	(565, 460)	high	no	no_dis	N	dif	hori	left	True	1553106	1554929	left	1	4	118
12	zzy	f	18	1	diamond	green	(645, 428)	low	dis	(724, 460)	N	dif	hori	left	True	1556058	1557369	left	1	4	119
12	zzy	f	18	1	circle	red	(757, 540)	low	dis	(565, 460)	Y	same	hori	left	True	1558465	1560569	left	1	4	120
12	zzy	f	18	1	circle	green	(565, 460)	high	dis	(757, 540)	N	dif	hori	left	True	1604374	1605497	left	1	5	1
12	zzy	f	18	1	circle	green	(645, 428)	low	dis	(724, 460)	N	same	hori	left	True	1606547	1608496	left	1	5	2
12	zzy	f	18	1	circle	green	(724, 460)	low	no	no_dis	N	same	hori	left	True	1609606	1610585	left	1	5	3
12	zzy	f	18	1	diamond	red	(645, 652)	low	dis	(724, 460)	N	dif	vert	up	True	1611837	1612729	up	1	5	4
12	zzy	f	18	1	circle	red	(724, 460)	low	dis	(565, 619)	N	same	vert	up	True	1613977	1615641	up	1	5	5
12	zzy	f	18	1	circle	green	(533, 540)	low	dis	(724, 619)	N	dif	hori	left	True	1616867	1617921	left	1	5	6
12	zzy	f	18	1	circle	red	(565, 460)	high	dis	(645, 652)	N	same	vert	up	True	1618932	1620289	up	1	5	7
12	zzy	f	18	1	circle	green	(724, 619)	low	dis	(565, 619)	N	dif	vert	up	True	1621388	1622473	up	1	5	8
12	zzy	f	18	1	diamond	red	(645, 652)	low	no	no_dis	N	dif	vert	up	True	1623542	1624449	up	1	5	9
12	zzy	f	18	1	diamond	green	(645, 428)	low	no	no_dis	N	dif	vert	up	True	1625669	1627816	up	1	5	10
12	zzy	f	18	1	circle	red	(565, 619)	low	dis	(565, 460)	Y	dif	vert	up	True	1628924	1630129	up	1	5	11
12	zzy	f	18	1	circle	red	(565, 460)	high	no	no_dis	N	same	vert	up	True	1631290	1632865	up	1	5	12
12	zzy	f	18	1	circle	red	(645, 652)	low	no	no_dis	N	dif	hori	left	True	1633877	1634889	left	1	5	13
12	zzy	f	18	1	circle	red	(645, 428)	low	no	no_dis	N	dif	vert	up	True	1635910	1637017	up	1	5	14
12	zzy	f	18	1	circle	red	(565, 460)	high	dis	(565, 619)	N	same	hori	left	True	1638250	1639425	left	1	5	15
12	zzy	f	18	1	circle	green	(565, 460)	high	no	no_dis	N	same	hori	left	True	1640436	1641633	left	1	5	16
12	zzy	f	18	1	circle	red	(565, 460)	high	dis	(645, 428)	N	dif	vert	up	True	1642741	1644089	left	0	5	17
12	zzy	f	18	1	circle	green	(565, 619)	low	no	no_dis	N	dif	hori	left	True	1646668	1647673	left	1	5	18
12	zzy	f	18	1	circle	green	(565, 460)	high	dis	(533, 540)	N	same	vert	up	True	1648901	1650329	up	1	5	19
12	zzy	f	18	1	diamond	green	(724, 619)	low	dis	(533, 540)	N	dif	hori	left	True	1651495	1652793	left	1	5	20
12	zzy	f	18	1	diamond	red	(565, 460)	high	dis	(533, 540)	N	same	hori	left	True	1653844	1655209	left	1	5	21
12	zzy	f	18	1	circle	red	(533, 540)	low	dis	(645, 428)	N	dif	hori	left	True	1656428	1658008	left	1	5	22
12	zzy	f	18	1	diamond	red	(565, 460)	high	dis	(724, 460)	N	dif	hori	left	True	1659095	1660953	left	1	5	23
12	zzy	f	18	1	circle	red	(565, 460)	high	no	no_dis	N	same	hori	left	True	1662156	1663601	left	1	5	24
12	zzy	f	18	1	diamond	green	(565, 460)	high	no	no_dis	N	dif	vert	up	True	1664675	1666129	up	1	5	25
12	zzy	f	18	1	circle	red	(757, 540)	low	dis	(724, 619)	N	same	vert	up	True	1667236	1668721	up	1	5	26
12	zzy	f	18	1	diamond	green	(724, 619)	low	dis	(645, 652)	N	dif	hori	left	True	1669860	1671153	left	1	5	27
12	zzy	f	18	1	circle	green	(724, 619)	low	no	no_dis	N	same	hori	left	True	1672305	1673409	left	1	5	28
12	zzy	f	18	1	circle	red	(533, 540)	low	no	no_dis	N	dif	hori	left	True	1674446	1675593	left	1	5	29
12	zzy	f	18	1	diamond	green	(565, 460)	high	dis	(757, 540)	N	dif	hori	left	True	1676784	1678329	left	1	5	30
12	zzy	f	18	1	diamond	red	(724, 460)	low	dis	(645, 428)	N	dif	hori	left	True	1679434	1680841	left	1	5	31
12	zzy	f	18	1	diamond	red	(565, 619)	low	dis	(757, 540)	N	dif	vert	up	True	1682068	1683129	up	1	5	32
12	zzy	f	18	1	circle	green	(757, 540)	low	dis	(565, 460)	Y	same	hori	left	True	1684173	1685265	left	1	5	33
12	zzy	f	18	1	diamond	green	(724, 460)	low	no	no_dis	N	same	hori	left	True	1686349	1687633	left	1	5	34
12	zzy	f	18	1	diamond	red	(565, 460)	high	dis	(757, 540)	N	dif	hori	left	True	1688764	1690217	left	1	5	35
12	zzy	f	18	1	diamond	green	(565, 460)	high	dis	(565, 619)	N	same	hori	left	True	1691449	1693145	left	1	5	36
12	zzy	f	18	1	circle	red	(724, 619)	low	dis	(565, 460)	Y	dif	vert	up	True	1694219	1696217	up	1	5	37
12	zzy	f	18	1	circle	green	(565, 460)	high	no	no_dis	N	same	hori	left	True	1697420	1698745	left	1	5	38
12	zzy	f	18	1	diamond	red	(645, 428)	low	no	no_dis	N	same	vert	up	True	1699827	1700953	up	1	5	39
12	zzy	f	18	1	circle	red	(645, 652)	low	dis	(645, 428)	N	same	hori	left	True	1702050	1703177	left	1	5	40
12	zzy	f	18	1	diamond	red	(533, 540)	low	dis	(565, 460)	Y	same	hori	left	True	1704237	1705825	left	1	5	41
12	zzy	f	18	1	circle	green	(565, 460)	high	dis	(645, 652)	N	same	vert	up	True	1707033	1708537	up	1	5	42
12	zzy	f	18	1	diamond	green	(565, 460)	high	dis	(533, 540)	N	dif	vert	up	True	1709696	1711681	up	1	5	43
12	zzy	f	18	1	diamond	red	(533, 540)	low	dis	(565, 460)	Y	same	hori	left	True	1712921	1714329	left	1	5	44
12	zzy	f	18	1	diamond	red	(645, 428)	low	no	no_dis	N	same	hori	left	True	1715530	1716753	left	1	5	45
12	zzy	f	18	1	circle	red	(724, 619)	low	no	no_dis	N	dif	hori	left	True	1717812	1719513	left	1	5	46
12	zzy	f	18	1	diamond	green	(565, 619)	low	dis	(757, 540)	N	same	hori	left	True	1720634	1722201	left	1	5	47
12	zzy	f	18	1	diamond	green	(645, 652)	low	dis	(565, 619)	N	same	vert	up	True	1723257	1724825	up	1	5	48
12	zzy	f	18	1	circle	green	(533, 540)	low	dis	(645, 652)	N	same	hori	left	True	1725995	1727881	left	1	5	49
12	zzy	f	18	1	circle	green	(645, 428)	low	dis	(724, 619)	N	dif	hori	left	True	1728921	1730705	left	1	5	50
12	zzy	f	18	1	circle	red	(724, 619)	low	no	no_dis	N	dif	hori	left	True	1731762	1732833	left	1	5	51
12	zzy	f	18	1	circle	red	(757, 540)	low	dis	(724, 619)	N	dif	hori	left	True	1733986	1735241	left	1	5	52
12	zzy	f	18	1	circle	red	(757, 540)	low	no	no_dis	N	same	hori	left	True	1736413	1738136	left	1	5	53
12	zzy	f	18	1	diamond	green	(724, 460)	low	no	no_dis	N	same	vert	up	True	1739213	1741032	up	1	5	54
12	zzy	f	18	1	diamond	green	(565, 619)	low	dis	(533, 540)	N	dif	hori	left	True	1742209	1743585	left	1	5	55
12	zzy	f	18	1	diamond	green	(565, 619)	low	no	no_dis	N	same	hori	left	True	1744658	1745817	left	1	5	56
12	zzy	f	18	1	circle	green	(565, 619)	low	dis	(645, 652)	N	same	hori	left	True	1747016	1748521	left	1	5	57
12	zzy	f	18	1	circle	green	(757, 540)	low	dis	(724, 460)	N	dif	hori	left	True	1749766	1750896	left	1	5	58
12	zzy	f	18	1	diamond	green	(565, 460)	high	no	no_dis	N	dif	hori	left	True	1751961	1753097	left	1	5	59
12	zzy	f	18	1	diamond	green	(757, 540)	low	dis	(565, 460)	Y	dif	vert	up	True	1754152	1755329	up	1	5	60
12	zzy	f	18	1	diamond	green	(724, 460)	low	dis	(565, 619)	N	dif	hori	left	True	1756507	1757545	left	1	5	61
12	zzy	f	18	1	circle	green	(565, 619)	low	no	no_dis	N	same	vert	up	True	1758575	1759689	up	1	5	62
12	zzy	f	18	1	diamond	red	(645, 652)	low	dis	(724, 460)	N	dif	vert	up	True	1760815	1762785	up	1	5	63
12	zzy	f	18	1	circle	red	(645, 428)	low	dis	(565, 460)	Y	dif	vert	up	True	1763790	1765657	up	1	5	64
12	zzy	f	18	1	circle	green	(565, 460)	high	dis	(645, 428)	N	same	hori	left	True	1766754	1768937	left	1	5	65
12	zzy	f	18	1	diamond	red	(724, 619)	low	dis	(645, 652)	N	same	hori	left	True	1770131	1772129	left	1	5	66
12	zzy	f	18	1	diamond	green	(645, 652)	low	dis	(724, 619)	N	dif	vert	up	True	1773142	1774369	up	1	5	67
12	zzy	f	18	1	diamond	red	(724, 619)	low	dis	(533, 540)	N	dif	hori	left	True	1775410	1776689	left	1	5	68
12	zzy	f	18	1	diamond	green	(724, 460)	low	dis	(565, 460)	Y	same	vert	up	True	1777722	1779449	up	1	5	69
12	zzy	f	18	1	diamond	red	(565, 460)	high	no	no_dis	N	dif	hori	left	True	1780533	1782041	left	1	5	70
12	zzy	f	18	1	circle	red	(645, 428)	low	dis	(645, 652)	N	same	vert	up	True	1783065	1784224	up	1	5	71
12	zzy	f	18	1	diamond	red	(724, 460)	low	dis	(757, 540)	N	same	hori	left	True	1785398	1787225	left	1	5	72
12	zzy	f	18	1	diamond	red	(757, 540)	low	dis	(565, 460)	Y	dif	vert	up	True	1788284	1789585	up	1	5	73
12	zzy	f	18	1	diamond	red	(565, 460)	high	no	no_dis	N	dif	vert	up	True	1790714	1791881	up	1	5	74
12	zzy	f	18	1	circle	green	(645, 652)	low	no	no_dis	N	dif	vert	up	True	1793043	1794057	up	1	5	75
12	zzy	f	18	1	circle	green	(565, 460)	high	no	no_dis	N	same	vert	up	True	1795098	1796545	up	1	5	76
12	zzy	f	18	1	diamond	green	(565, 460)	high	dis	(724, 619)	N	same	hori	left	True	1797706	1799385	left	1	5	77
12	zzy	f	18	1	circle	red	(724, 619)	low	dis	(565, 619)	N	same	vert	up	True	1800623	1802001	up	1	5	78
12	zzy	f	18	1	circle	green	(724, 460)	low	dis	(645, 428)	N	same	vert	up	True	1803106	1804521	up	1	5	79
12	zzy	f	18	1	diamond	red	(565, 619)	low	dis	(533, 540)	N	dif	vert	up	True	1805605	1807233	up	1	5	80
12	zzy	f	18	1	diamond	green	(757, 540)	low	dis	(645, 652)	N	dif	vert	up	True	1808280	1810153	up	1	5	81
12	zzy	f	18	1	diamond	green	(645, 428)	low	dis	(533, 540)	N	same	vert	up	True	1811322	1812521	up	1	5	82
12	zzy	f	18	1	diamond	red	(565, 460)	high	no	no_dis	N	dif	vert	up	True	1813638	1815105	up	1	5	83
12	zzy	f	18	1	circle	green	(565, 460)	high	dis	(724, 460)	N	dif	vert	up	True	1816169	1818161	up	1	5	84
12	zzy	f	18	1	diamond	green	(724, 619)	low	no	no_dis	N	same	vert	up	True	1819410	1820409	up	1	5	85
12	zzy	f	18	1	diamond	green	(533, 540)	low	dis	(757, 540)	N	same	vert	up	True	1821604	1822897	up	1	5	86
12	zzy	f	18	1	circle	red	(565, 619)	low	no	no_dis	N	same	vert	up	True	1823909	1825985	up	1	5	87
12	zzy	f	18	1	circle	red	(645, 652)	low	dis	(757, 540)	N	dif	hori	left	True	1826993	1828201	left	1	5	88
12	zzy	f	18	1	circle	red	(565, 460)	high	dis	(565, 619)	N	dif	vert	up	True	1829232	1830393	up	1	5	89
12	zzy	f	18	1	diamond	red	(757, 540)	low	no	no_dis	N	dif	hori	left	True	1831534	1832649	left	1	5	90
12	zzy	f	18	1	circle	green	(645, 652)	low	dis	(724, 460)	N	dif	vert	up	True	1833664	1834737	up	1	5	91
12	zzy	f	18	1	diamond	red	(565, 460)	high	dis	(645, 428)	N	same	hori	left	True	1835858	1837505	left	1	5	92
12	zzy	f	18	1	circle	red	(724, 460)	low	dis	(645, 428)	N	dif	vert	up	True	1838673	1840553	up	1	5	93
12	zzy	f	18	1	diamond	green	(757, 540)	low	no	no_dis	N	dif	hori	left	True	1841606	1842864	left	1	5	94
12	zzy	f	18	1	diamond	red	(533, 540)	low	no	no_dis	N	dif	vert	up	True	1844055	1845393	up	1	5	95
12	zzy	f	18	1	circle	green	(645, 652)	low	no	no_dis	N	dif	vert	up	True	1846585	1847640	up	1	5	96
12	zzy	f	18	1	diamond	red	(645, 428)	low	dis	(533, 540)	N	same	hori	left	True	1848735	1849833	left	1	5	97
12	zzy	f	18	1	diamond	red	(533, 540)	low	no	no_dis	N	dif	vert	up	True	1850926	1851929	up	1	5	98
12	zzy	f	18	1	circle	green	(645, 652)	low	dis	(757, 540)	N	same	vert	up	True	1853001	1854121	up	1	5	99
12	zzy	f	18	1	diamond	red	(757, 540)	low	no	no_dis	N	same	hori	left	True	1855127	1856113	left	1	5	100
12	zzy	f	18	1	diamond	green	(565, 460)	high	dis	(565, 619)	N	same	vert	up	True	1857300	1858881	up	1	5	101
12	zzy	f	18	1	circle	green	(565, 619)	low	dis	(724, 460)	N	dif	hori	left	True	1859991	1860929	left	1	5	102
12	zzy	f	18	1	diamond	red	(645, 428)	low	dis	(565, 619)	N	same	vert	up	True	1862001	1862889	up	1	5	103
12	zzy	f	18	1	circle	red	(565, 460)	high	dis	(724, 619)	N	dif	hori	left	True	1864026	1865305	left	1	5	104
12	zzy	f	18	1	diamond	green	(565, 460)	high	dis	(724, 460)	N	same	vert	up	True	1866399	1868193	up	1	5	105
12	zzy	f	18	1	circle	green	(565, 460)	high	dis	(645, 428)	N	dif	vert	up	True	1869430	1870529	left	0	5	106
12	zzy	f	18	1	diamond	green	(645, 428)	low	dis	(757, 540)	N	dif	hori	left	True	1873259	1874673	left	1	5	107
12	zzy	f	18	1	diamond	green	(565, 460)	high	no	no_dis	N	dif	hori	left	True	1875690	1876641	left	1	5	108
12	zzy	f	18	1	circle	red	(565, 619)	low	dis	(724, 619)	N	same	hori	left	True	1877863	1878825	left	1	5	109
12	zzy	f	18	1	diamond	red	(757, 540)	low	dis	(645, 428)	N	same	hori	left	True	1880013	1881497	left	1	5	110
12	zzy	f	18	1	diamond	red	(565, 460)	high	dis	(724, 619)	N	same	vert	up	True	1882727	1883993	up	1	5	111
12	zzy	f	18	1	circle	green	(724, 460)	low	no	no_dis	N	same	vert	up	True	1885199	1886953	up	1	5	112
12	zzy	f	18	1	circle	red	(565, 460)	high	no	no_dis	N	same	vert	up	True	1888038	1889521	up	1	5	113
12	zzy	f	18	1	circle	red	(533, 540)	low	dis	(724, 619)	N	same	hori	left	True	1890738	1891657	left	1	5	114
12	zzy	f	18	1	circle	green	(724, 460)	low	dis	(565, 460)	Y	same	vert	up	True	1892712	1893649	up	1	5	115
12	zzy	f	18	1	diamond	green	(533, 540)	low	dis	(645, 652)	N	same	vert	up	True	1894861	1896113	up	1	5	116
12	zzy	f	18	1	diamond	green	(533, 540)	low	no	no_dis	N	same	vert	up	True	1897180	1898505	up	1	5	117
12	zzy	f	18	1	diamond	red	(565, 460)	high	dis	(533, 540)	N	dif	vert	up	True	1899513	1901001	up	1	5	118
12	zzy	f	18	1	circle	red	(565, 460)	high	dis	(645, 652)	N	dif	hori	left	True	1902083	1903161	left	1	5	119
12	zzy	f	18	1	circle	green	(724, 619)	low	dis	(724, 460)	N	same	vert	up	True	1904176	1905145	up	1	5	120
12	zzy	f	18	1	circle	red	(565, 460)	high	dis	(724, 460)	N	same	vert	up	True	1956612	1957697	up	1	6	1
12	zzy	f	18	1	diamond	red	(724, 619)	low	dis	(757, 540)	N	dif	hori	left	True	1958807	1960209	left	1	6	2
12	zzy	f	18	1	circle	red	(565, 619)	low	dis	(645, 428)	N	same	vert	up	True	1961398	1962465	up	1	6	3
12	zzy	f	18	1	diamond	red	(645, 428)	low	dis	(645, 652)	N	same	vert	up	True	1963704	1964761	up	1	6	4
12	zzy	f	18	1	diamond	red	(565, 460)	high	dis	(565, 619)	N	dif	vert	up	True	1965917	1967129	up	1	6	5
12	zzy	f	18	1	diamond	red	(565, 460)	high	no	no_dis	N	dif	hori	left	True	1968179	1969945	left	1	6	6
12	zzy	f	18	1	diamond	green	(565, 460)	high	dis	(645, 652)	N	dif	hori	left	True	1971103	1972697	left	1	6	7
12	zzy	f	18	1	diamond	red	(724, 460)	low	dis	(645, 428)	N	dif	hori	left	True	1973715	1974625	left	1	6	8
12	zzy	f	18	1	diamond	red	(565, 460)	high	dis	(757, 540)	N	dif	vert	up	True	1975742	1976969	up	1	6	9
12	zzy	f	18	1	diamond	red	(565, 619)	low	dis	(533, 540)	N	same	hori	left	True	1978059	1979080	left	1	6	10
12	zzy	f	18	1	circle	red	(645, 428)	low	no	no_dis	N	same	vert	up	True	1980166	1981097	up	1	6	11
12	zzy	f	18	1	circle	red	(565, 619)	low	dis	(724, 619)	N	dif	hori	left	True	1982267	1983481	left	1	6	12
12	zzy	f	18	1	circle	green	(757, 540)	low	dis	(533, 540)	N	same	vert	up	True	1984493	1985873	up	1	6	13
12	zzy	f	18	1	diamond	red	(724, 619)	low	no	no_dis	N	same	vert	up	True	1987047	1988817	up	1	6	14
12	zzy	f	18	1	circle	red	(565, 460)	high	dis	(533, 540)	N	dif	hori	left	True	1990044	1991281	left	1	6	15
12	zzy	f	18	1	circle	green	(565, 619)	low	dis	(724, 460)	N	same	hori	left	True	1992359	1993449	left	1	6	16
12	zzy	f	18	1	circle	green	(724, 619)	low	no	no_dis	N	same	hori	left	True	1994496	1995497	left	1	6	17
12	zzy	f	18	1	diamond	green	(757, 540)	low	no	no_dis	N	same	hori	left	True	1996550	1997809	left	1	6	18
12	zzy	f	18	1	diamond	green	(533, 540)	low	no	no_dis	N	same	hori	left	True	1998874	2000153	left	1	6	19
12	zzy	f	18	1	circle	red	(645, 428)	low	dis	(565, 460)	Y	dif	vert	up	True	2001350	2002977	up	1	6	20
12	zzy	f	18	1	circle	red	(645, 428)	low	dis	(533, 540)	N	same	hori	left	True	2004043	2005225	left	1	6	21
12	zzy	f	18	1	circle	red	(724, 460)	low	no	no_dis	N	same	vert	up	True	2006422	2007905	up	1	6	22
12	zzy	f	18	1	circle	green	(757, 540)	low	no	no_dis	N	dif	hori	left	True	2009062	2009969	left	1	6	23
12	zzy	f	18	1	circle	red	(565, 460)	high	no	no_dis	N	same	hori	left	True	2011197	2012433	left	1	6	24
12	zzy	f	18	1	circle	red	(565, 460)	high	no	no_dis	N	dif	vert	up	True	2013591	2015161	up	1	6	25
12	zzy	f	18	1	diamond	green	(565, 460)	high	dis	(724, 619)	N	same	hori	left	True	2016371	2017905	left	1	6	26
12	zzy	f	18	1	diamond	green	(757, 540)	low	dis	(645, 652)	N	same	hori	left	True	2018952	2020065	left	1	6	27
12	zzy	f	18	1	diamond	red	(645, 652)	low	no	no_dis	N	same	hori	left	True	2021142	2022281	left	1	6	28
12	zzy	f	18	1	diamond	red	(645, 428)	low	no	no_dis	N	dif	vert	up	True	2023420	2024545	up	1	6	29
12	zzy	f	18	1	diamond	red	(565, 619)	low	no	no_dis	N	dif	vert	up	True	2025655	2026737	up	1	6	30
12	zzy	f	18	1	circle	red	(533, 540)	low	dis	(565, 460)	Y	same	hori	left	True	2027973	2029105	left	1	6	31
12	zzy	f	18	1	diamond	red	(565, 619)	low	dis	(645, 428)	N	dif	vert	up	True	2030214	2031281	up	1	6	32
12	zzy	f	18	1	diamond	green	(565, 619)	low	dis	(757, 540)	N	same	hori	left	True	2032510	2033617	left	1	6	33
12	zzy	f	18	1	diamond	red	(565, 460)	high	no	no_dis	N	dif	vert	up	True	2034771	2035777	up	1	6	34
12	zzy	f	18	1	diamond	red	(565, 460)	high	dis	(724, 619)	N	dif	hori	left	True	2036999	2038089	left	1	6	35
12	zzy	f	18	1	circle	red	(724, 460)	low	dis	(724, 619)	N	dif	vert	up	True	2039313	2040769	up	1	6	36
12	zzy	f	18	1	circle	green	(724, 619)	low	no	no_dis	N	dif	vert	up	True	2041862	2042968	up	1	6	37
12	zzy	f	18	1	circle	red	(533, 540)	low	no	no_dis	N	same	hori	left	True	2044048	2044953	left	1	6	38
12	zzy	f	18	1	circle	red	(533, 540)	low	dis	(565, 460)	Y	dif	vert	up	True	2046111	2047233	up	1	6	39
12	zzy	f	18	1	circle	red	(757, 540)	low	dis	(565, 619)	N	same	vert	up	True	2048451	2049689	up	1	6	40
12	zzy	f	18	1	diamond	green	(645, 652)	low	dis	(757, 540)	N	same	hori	left	True	2050764	2052073	left	1	6	41
12	zzy	f	18	1	circle	green	(565, 460)	high	dis	(533, 540)	N	dif	vert	up	True	2053267	2055345	up	1	6	42
12	zzy	f	18	1	diamond	green	(565, 619)	low	dis	(565, 460)	Y	same	hori	left	True	2056422	2057569	left	1	6	43
12	zzy	f	18	1	circle	red	(565, 460)	high	dis	(724, 460)	N	dif	vert	up	True	2058646	2059609	up	1	6	44
12	zzy	f	18	1	circle	green	(533, 540)	low	dis	(724, 460)	N	dif	hori	left	True	2060851	2062081	left	1	6	45
12	zzy	f	18	1	circle	green	(645, 428)	low	dis	(724, 619)	N	dif	vert	up	True	2063168	2064433	up	1	6	46
12	zzy	f	18	1	circle	green	(645, 652)	low	dis	(724, 460)	N	dif	vert	up	True	2065579	2066529	up	1	6	47
12	zzy	f	18	1	circle	green	(645, 428)	low	no	no_dis	N	dif	vert	up	True	2067618	2068929	up	1	6	48
12	zzy	f	18	1	circle	green	(724, 619)	low	dis	(533, 540)	N	dif	hori	left	True	2070079	2070993	left	1	6	49
12	zzy	f	18	1	diamond	red	(645, 652)	low	no	no_dis	N	dif	hori	left	True	2072036	2073265	left	1	6	50
12	zzy	f	18	1	diamond	red	(757, 540)	low	dis	(645, 428)	N	same	vert	up	True	2074446	2075777	up	1	6	51
12	zzy	f	18	1	circle	green	(565, 619)	low	no	no_dis	N	same	hori	left	True	2076871	2078129	left	1	6	52
12	zzy	f	18	1	diamond	green	(565, 460)	high	dis	(757, 540)	N	same	vert	up	True	2079222	2080361	up	1	6	53
12	zzy	f	18	1	circle	green	(565, 460)	high	no	no_dis	N	dif	hori	left	True	2081614	2082777	left	1	6	54
12	zzy	f	18	1	diamond	green	(724, 460)	low	dis	(645, 652)	N	dif	hori	left	True	2083972	2085305	left	1	6	55
12	zzy	f	18	1	circle	red	(724, 460)	low	dis	(565, 460)	Y	same	vert	up	True	2086540	2087617	up	1	6	56
12	zzy	f	18	1	diamond	red	(724, 460)	low	no	no_dis	N	same	vert	up	True	2088738	2090033	up	1	6	57
12	zzy	f	18	1	diamond	red	(565, 460)	high	dis	(757, 540)	N	dif	hori	left	True	2091205	2092225	left	1	6	58
12	zzy	f	18	1	circle	red	(724, 619)	low	dis	(565, 460)	Y	dif	hori	left	True	2093276	2094273	left	1	6	59
12	zzy	f	18	1	circle	green	(565, 460)	high	dis	(565, 619)	N	dif	hori	left	True	2095316	2096825	left	1	6	60
12	zzy	f	18	1	circle	red	(645, 652)	low	dis	(565, 460)	Y	same	hori	left	True	2097984	2099121	left	1	6	61
12	zzy	f	18	1	circle	red	(533, 540)	low	no	no_dis	N	same	vert	up	True	2100322	2101193	up	1	6	62
12	zzy	f	18	1	circle	green	(645, 428)	low	dis	(565, 619)	N	same	hori	left	True	2102196	2103177	left	1	6	63
12	zzy	f	18	1	diamond	green	(565, 460)	high	dis	(645, 652)	N	same	vert	up	True	2104391	2105377	up	1	6	64
12	zzy	f	18	1	diamond	green	(724, 619)	low	dis	(645, 428)	N	same	vert	up	True	2106607	2108168	up	1	6	65
12	zzy	f	18	1	diamond	green	(533, 540)	low	dis	(645, 652)	N	dif	vert	up	True	2109337	2110697	up	1	6	66
12	zzy	f	18	1	diamond	red	(724, 619)	low	dis	(724, 460)	N	dif	hori	left	True	2111836	2112985	left	1	6	67
12	zzy	f	18	1	circle	green	(565, 619)	low	dis	(645, 428)	N	dif	hori	left	True	2114024	2115185	left	1	6	68
12	zzy	f	18	1	circle	red	(533, 540)	low	no	no_dis	N	dif	hori	left	True	2116419	2117377	left	1	6	69
12	zzy	f	18	1	diamond	red	(565, 460)	high	dis	(645, 652)	N	dif	vert	up	True	2118556	2119521	up	1	6	70
12	zzy	f	18	1	diamond	green	(565, 460)	high	dis	(565, 619)	N	same	vert	up	True	2120525	2121921	up	1	6	71
12	zzy	f	18	1	circle	green	(533, 540)	low	dis	(724, 460)	N	same	vert	up	True	2123126	2124416	up	1	6	72
12	zzy	f	18	1	diamond	green	(565, 619)	low	no	no_dis	N	dif	vert	up	True	2125620	2126705	up	1	6	73
12	zzy	f	18	1	circle	red	(565, 460)	high	dis	(724, 460)	N	same	hori	left	True	2127768	2128865	left	1	6	74
12	zzy	f	18	1	diamond	green	(645, 428)	low	dis	(757, 540)	N	dif	vert	up	True	2129973	2131201	up	1	6	75
12	zzy	f	18	1	diamond	red	(724, 460)	low	dis	(724, 619)	N	dif	hori	left	True	2132285	2133513	left	1	6	76
12	zzy	f	18	1	diamond	red	(757, 540)	low	dis	(565, 460)	Y	dif	vert	up	True	2134598	2136337	up	1	6	77
12	zzy	f	18	1	circle	red	(757, 540)	low	dis	(724, 619)	N	same	hori	left	True	2137475	2138753	left	1	6	78
12	zzy	f	18	1	diamond	red	(645, 428)	low	dis	(757, 540)	N	dif	vert	up	True	2139883	2141265	up	1	6	79
12	zzy	f	18	1	circle	red	(645, 652)	low	dis	(565, 619)	N	same	hori	left	True	2142439	2144185	left	1	6	80
12	zzy	f	18	1	diamond	red	(645, 652)	low	dis	(565, 460)	Y	dif	vert	up	True	2145281	2146257	up	1	6	81
12	zzy	f	18	1	circle	green	(724, 460)	low	dis	(565, 619)	N	dif	vert	up	True	2147329	2148721	up	1	6	82
12	zzy	f	18	1	diamond	green	(565, 460)	high	no	no_dis	N	dif	vert	up	True	2149954	2150993	up	1	6	83
12	zzy	f	18	1	circle	green	(645, 428)	low	no	no_dis	N	dif	hori	left	True	2152043	2153313	left	1	6	84
12	zzy	f	18	1	circle	green	(565, 460)	high	dis	(645, 428)	N	same	vert	up	True	2154475	2155777	up	1	6	85
12	zzy	f	18	1	diamond	green	(724, 460)	low	dis	(565, 619)	N	dif	hori	left	True	2156814	2157897	left	1	6	86
12	zzy	f	18	1	diamond	green	(645, 428)	low	dis	(724, 460)	N	dif	hori	left	True	2158937	2160537	left	1	6	87
12	zzy	f	18	1	circle	red	(565, 460)	high	dis	(724, 619)	N	dif	hori	left	True	2161638	2163449	left	1	6	88
12	zzy	f	18	1	diamond	green	(757, 540)	low	dis	(533, 540)	N	dif	hori	left	True	2164514	2165985	left	1	6	89
12	zzy	f	18	1	diamond	green	(724, 460)	low	no	no_dis	N	dif	hori	left	True	2167136	2168217	left	1	6	90
12	zzy	f	18	1	circle	red	(724, 619)	low	dis	(645, 652)	N	same	vert	up	True	2169371	2170609	up	1	6	91
12	zzy	f	18	1	diamond	green	(565, 460)	high	no	no_dis	N	same	vert	up	True	2171862	2173825	up	1	6	92
12	zzy	f	18	1	diamond	green	(565, 460)	high	no	no_dis	N	dif	hori	left	True	2174851	2177137	left	1	6	93
12	zzy	f	18	1	diamond	green	(724, 619)	low	dis	(533, 540)	N	same	hori	left	True	2178162	2179369	left	1	6	94
12	zzy	f	18	1	diamond	red	(645, 652)	low	dis	(565, 619)	N	dif	vert	up	True	2180508	2181985	up	1	6	95
12	zzy	f	18	1	circle	green	(565, 460)	high	dis	(645, 428)	N	dif	vert	up	True	2183010	2184529	up	1	6	96
12	zzy	f	18	1	circle	green	(724, 460)	low	dis	(757, 540)	N	dif	hori	left	True	2185747	2186977	left	1	6	97
12	zzy	f	18	1	diamond	red	(533, 540)	low	dis	(724, 619)	N	same	vert	up	True	2188192	2190281	up	1	6	98
12	zzy	f	18	1	circle	green	(757, 540)	low	no	no_dis	N	dif	hori	left	True	2191413	2192833	left	1	6	99
12	zzy	f	18	1	diamond	green	(533, 540)	low	dis	(645, 428)	N	same	vert	up	True	2194077	2195353	up	1	6	100
12	zzy	f	18	1	circle	green	(757, 540)	low	dis	(645, 652)	N	dif	vert	up	True	2196584	2197833	up	1	6	101
12	zzy	f	18	1	circle	red	(724, 619)	low	no	no_dis	N	same	vert	up	True	2198986	2200001	up	1	6	102
12	zzy	f	18	1	circle	green	(645, 652)	low	dis	(565, 460)	Y	same	hori	left	True	2201144	2202449	left	1	6	103
12	zzy	f	18	1	diamond	red	(533, 540)	low	dis	(724, 460)	N	same	vert	up	True	2203681	2205337	up	1	6	104
12	zzy	f	18	1	diamond	green	(645, 652)	low	dis	(533, 540)	N	same	vert	up	True	2206451	2207521	up	1	6	105
12	zzy	f	18	1	diamond	red	(565, 460)	high	dis	(565, 619)	N	same	hori	left	True	2208582	2210633	left	1	6	106
12	zzy	f	18	1	circle	red	(724, 460)	low	no	no_dis	N	dif	vert	up	True	2211677	2213217	up	1	6	107
12	zzy	f	18	1	circle	red	(565, 460)	high	no	no_dis	N	same	vert	up	True	2214328	2215793	up	1	6	108
12	zzy	f	18	1	circle	red	(565, 460)	high	dis	(724, 619)	N	same	hori	left	True	2216925	2217913	left	1	6	109
12	zzy	f	18	1	diamond	green	(757, 540)	low	no	no_dis	N	dif	hori	left	True	2219056	2220537	left	1	6	110
12	zzy	f	18	1	diamond	red	(565, 619)	low	no	no_dis	N	same	hori	left	True	2221752	2222913	left	1	6	111
12	zzy	f	18	1	diamond	green	(645, 652)	low	no	no_dis	N	same	vert	up	True	2224027	2225249	up	1	6	112
12	zzy	f	18	1	circle	green	(724, 619)	low	dis	(757, 540)	N	same	vert	up	True	2226332	2227593	up	1	6	113
12	zzy	f	18	1	circle	green	(565, 460)	high	no	no_dis	N	same	vert	up	True	2228678	2230305	up	1	6	114
12	zzy	f	18	1	circle	green	(565, 460)	high	no	no_dis	N	same	hori	left	True	2231360	2232665	left	1	6	115
12	zzy	f	18	1	circle	green	(565, 460)	high	dis	(645, 428)	N	same	vert	up	True	2233903	2235185	up	1	6	116
12	zzy	f	18	1	diamond	red	(565, 460)	high	no	no_dis	N	same	hori	left	True	2236348	2237937	left	1	6	117
12	zzy	f	18	1	diamond	green	(645, 652)	low	no	no_dis	N	dif	vert	up	True	2239081	2240305	up	1	6	118
12	zzy	f	18	1	diamond	green	(565, 460)	high	dis	(533, 540)	N	same	hori	left	True	2241328	2242969	left	1	6	119
12	zzy	f	18	1	circle	green	(565, 460)	high	dis	(645, 652)	N	same	hori	left	True	2244083	2245105	left	1	6	120
conf	12	zzy	f	18	1	True	2293613	2305713	4	True	2305726	2310137	3
