subj	name	gender	age	prac	shape	color	tar_loc	popularity	dis_cond	dis_loc	dis_high	td_dif	line	respkey	gotkey	startTime	respTime	resp	correct	block	trialnum
13	lzy	f	19	1	diamond	green	(757, 540)	low	dis	(533, 540)	Y	dif	hori	left	True	21481	22590	up	0	1	1
13	lzy	f	19	1	circle	red	(565, 460)	low	dis	(724, 460)	N	dif	vert	up	True	25220	26863	left	0	1	2
13	lzy	f	19	1	circle	red	(533, 540)	high	dis	(645, 428)	N	dif	vert	up	True	29485	31431	up	1	1	3
13	lzy	f	19	1	circle	red	(533, 540)	high	no	no_dis	N	dif	hori	left	True	32623	34047	left	1	1	4
13	lzy	f	19	1	circle	red	(533, 540)	high	dis	(645, 428)	N	same	vert	up	True	35180	36903	up	1	1	5
13	lzy	f	19	1	diamond	red	(645, 652)	low	dis	(565, 460)	N	same	hori	left	True	38067	39542	left	1	1	6
13	lzy	f	19	1	diamond	red	(645, 652)	low	no	no_dis	N	dif	hori	left	True	40609	41894	left	1	1	7
13	lzy	f	19	1	diamond	red	(724, 619)	low	dis	(533, 540)	Y	same	hori	left	True	43134	44190	left	1	1	8
13	lzy	f	19	1	diamond	green	(565, 619)	low	no	no_dis	N	same	vert	up	True	45318	46086	up	1	1	9
13	lzy	f	19	1	circle	red	(533, 540)	high	dis	(757, 540)	N	dif	hori	left	True	47114	48823	left	1	1	10
13	lzy	f	19	1	circle	red	(533, 540)	high	no	no_dis	N	same	hori	left	True	50043	51071	left	1	1	11
13	lzy	f	19	1	circle	green	(533, 540)	high	no	no_dis	N	same	vert	up	True	52264	53951	up	1	1	12
13	lzy	f	19	1	diamond	red	(533, 540)	high	no	no_dis	N	same	vert	up	True	54999	56446	up	1	1	13
13	lzy	f	19	1	diamond	green	(533, 540)	high	dis	(565, 619)	N	dif	vert	up	True	57489	58670	left	0	1	14
13	lzy	f	19	1	diamond	red	(757, 540)	low	dis	(565, 619)	N	dif	hori	left	True	61359	62671	left	1	1	15
13	lzy	f	19	1	circle	green	(565, 619)	low	dis	(533, 540)	Y	same	vert	up	True	63763	65302	up	1	1	16
13	lzy	f	19	1	circle	red	(724, 619)	low	no	no_dis	N	same	vert	up	True	66553	67623	up	1	1	17
13	lzy	f	19	1	circle	green	(724, 460)	low	dis	(565, 460)	N	same	hori	left	True	68736	69839	left	1	1	18
13	lzy	f	19	1	circle	green	(724, 619)	low	dis	(724, 460)	N	same	vert	up	True	71020	71895	left	0	1	19
13	lzy	f	19	1	circle	red	(724, 460)	low	dis	(565, 460)	N	same	vert	up	True	74660	75935	up	1	1	20
13	lzy	f	19	1	circle	green	(565, 460)	low	dis	(645, 652)	N	dif	vert	up	True	77154	78534	up	1	1	21
13	lzy	f	19	1	circle	green	(645, 652)	low	dis	(645, 428)	N	dif	vert	up	True	79736	80743	up	1	1	22
13	lzy	f	19	1	circle	green	(645, 652)	low	dis	(724, 460)	N	dif	vert	up	True	81844	82902	up	1	1	23
13	lzy	f	19	1	diamond	green	(533, 540)	high	dis	(757, 540)	N	same	vert	up	True	84010	85942	up	1	1	24
13	lzy	f	19	1	diamond	green	(724, 460)	low	dis	(565, 619)	N	same	hori	left	False	87123	None	None	0	1	25
13	lzy	f	19	1	circle	green	(724, 619)	low	no	no_dis	N	same	hori	left	True	92677	93967	left	1	1	26
13	lzy	f	19	1	circle	green	(533, 540)	high	dis	(565, 460)	N	same	vert	up	True	95016	96198	up	1	1	27
13	lzy	f	19	1	diamond	red	(533, 540)	high	dis	(645, 652)	N	same	hori	left	True	97351	98518	left	1	1	28
13	lzy	f	19	1	diamond	green	(533, 540)	high	no	no_dis	N	dif	vert	up	True	99747	100854	up	1	1	29
13	lzy	f	19	1	circle	green	(724, 460)	low	no	no_dis	N	dif	hori	left	True	102048	103542	left	1	1	30
13	lzy	f	19	1	diamond	red	(724, 460)	low	no	no_dis	N	dif	vert	up	True	104679	106055	up	1	1	31
13	lzy	f	19	1	diamond	red	(565, 460)	low	dis	(645, 428)	N	dif	hori	left	True	107144	108366	left	1	1	32
13	lzy	f	19	1	circle	green	(645, 428)	low	no	no_dis	N	dif	hori	left	True	109428	110230	up	0	1	33
13	lzy	f	19	1	diamond	red	(724, 460)	low	dis	(645, 652)	N	same	vert	up	True	112781	114463	up	1	1	34
13	lzy	f	19	1	circle	red	(645, 428)	low	dis	(724, 619)	N	same	hori	left	True	115699	117126	left	1	1	35
13	lzy	f	19	1	diamond	red	(565, 619)	low	no	no_dis	N	same	hori	left	True	118311	119999	left	1	1	36
13	lzy	f	19	1	circle	green	(533, 540)	high	dis	(724, 619)	N	same	vert	up	True	121109	123727	up	1	1	37
13	lzy	f	19	1	diamond	green	(533, 540)	high	no	no_dis	N	same	hori	left	True	124953	126166	left	1	1	38
13	lzy	f	19	1	diamond	red	(533, 540)	high	dis	(645, 652)	N	dif	hori	left	True	127311	128847	up	0	1	39
13	lzy	f	19	1	circle	green	(533, 540)	high	no	no_dis	N	dif	hori	left	True	131608	132790	left	1	1	40
13	lzy	f	19	1	circle	red	(565, 460)	low	dis	(757, 540)	N	same	hori	left	True	133913	136007	left	1	1	41
13	lzy	f	19	1	diamond	red	(565, 619)	low	no	no_dis	N	same	hori	left	True	137166	138887	up	0	1	42
13	lzy	f	19	1	diamond	red	(533, 540)	high	no	no_dis	N	same	vert	up	True	141513	143174	up	1	1	43
13	lzy	f	19	1	diamond	red	(645, 652)	low	dis	(724, 460)	N	same	hori	left	True	144303	145526	left	1	1	44
13	lzy	f	19	1	diamond	red	(533, 540)	high	dis	(645, 428)	N	same	hori	left	True	146684	147886	left	1	1	45
13	lzy	f	19	1	circle	green	(757, 540)	low	dis	(645, 652)	N	dif	vert	up	True	149115	150606	up	1	1	46
13	lzy	f	19	1	circle	red	(565, 619)	low	dis	(757, 540)	N	same	vert	up	True	151715	152927	up	1	1	47
13	lzy	f	19	1	circle	green	(724, 460)	low	no	no_dis	N	same	vert	up	True	153947	154758	up	1	1	48
13	lzy	f	19	1	circle	red	(645, 428)	low	no	no_dis	N	same	vert	up	True	155793	157134	up	1	1	49
13	lzy	f	19	1	circle	green	(724, 619)	low	dis	(645, 652)	N	dif	hori	left	True	158300	159782	up	0	1	50
13	lzy	f	19	1	diamond	red	(565, 619)	low	dis	(724, 619)	N	same	hori	left	True	162461	164543	left	1	1	51
13	lzy	f	19	1	circle	red	(645, 652)	low	no	no_dis	N	dif	vert	up	True	165648	167214	up	1	1	52
13	lzy	f	19	1	circle	green	(533, 540)	high	dis	(724, 460)	N	dif	hori	left	True	168435	169902	up	0	1	53
13	lzy	f	19	1	diamond	green	(757, 540)	low	no	no_dis	N	dif	hori	left	True	172626	174766	left	1	1	54
13	lzy	f	19	1	diamond	red	(645, 428)	low	dis	(645, 652)	N	same	hori	left	True	175876	177710	up	0	1	55
13	lzy	f	19	1	diamond	green	(533, 540)	high	dis	(645, 652)	N	same	hori	left	True	180333	182430	left	1	1	56
13	lzy	f	19	1	diamond	green	(533, 540)	high	no	no_dis	N	dif	hori	left	True	183541	185446	left	1	1	57
13	lzy	f	19	1	circle	green	(645, 428)	low	dis	(565, 619)	N	same	vert	up	True	186610	187910	up	1	1	58
13	lzy	f	19	1	circle	red	(645, 652)	low	no	no_dis	N	dif	vert	up	True	189054	190359	up	1	1	59
13	lzy	f	19	1	diamond	red	(565, 460)	low	no	no_dis	N	same	hori	left	True	191538	193262	left	1	1	60
13	lzy	f	19	1	circle	red	(533, 540)	high	dis	(724, 460)	N	same	hori	left	True	194371	196006	left	1	1	61
13	lzy	f	19	1	diamond	green	(724, 619)	low	dis	(533, 540)	Y	dif	hori	left	True	197246	199318	left	1	1	62
13	lzy	f	19	1	diamond	green	(645, 428)	low	dis	(757, 540)	N	same	vert	up	True	200491	202790	up	1	1	63
13	lzy	f	19	1	circle	red	(565, 460)	low	no	no_dis	N	same	hori	left	True	203884	204966	left	1	1	64
13	lzy	f	19	1	circle	green	(724, 460)	low	dis	(645, 428)	N	dif	hori	left	True	206190	207654	left	1	1	65
13	lzy	f	19	1	diamond	green	(533, 540)	high	dis	(757, 540)	N	same	vert	up	True	208704	210406	up	1	1	66
13	lzy	f	19	1	diamond	green	(533, 540)	high	dis	(565, 619)	N	dif	vert	up	True	211613	213134	up	1	1	67
13	lzy	f	19	1	circle	red	(724, 619)	low	dis	(645, 652)	N	dif	hori	left	True	214385	216111	up	0	1	68
13	lzy	f	19	1	circle	red	(757, 540)	low	dis	(724, 619)	N	dif	hori	left	True	218852	221087	left	1	1	69
13	lzy	f	19	1	diamond	green	(645, 652)	low	dis	(724, 460)	N	dif	vert	up	True	222097	223574	up	1	1	70
13	lzy	f	19	1	circle	green	(757, 540)	low	dis	(645, 428)	N	dif	vert	up	True	224771	225943	up	1	1	71
13	lzy	f	19	1	circle	red	(724, 619)	low	no	no_dis	N	dif	vert	up	True	226966	228079	up	1	1	72
13	lzy	f	19	1	circle	green	(565, 619)	low	dis	(565, 460)	N	same	vert	up	True	229192	231486	up	1	1	73
13	lzy	f	19	1	diamond	green	(565, 460)	low	dis	(724, 619)	N	same	hori	left	True	232498	234695	left	1	1	74
13	lzy	f	19	1	diamond	green	(724, 460)	low	dis	(533, 540)	Y	dif	vert	up	True	235764	237303	up	1	1	75
13	lzy	f	19	1	diamond	green	(565, 619)	low	dis	(724, 619)	N	dif	hori	left	True	238357	239630	left	1	1	76
13	lzy	f	19	1	circle	green	(645, 428)	low	dis	(533, 540)	Y	dif	hori	left	True	240867	242214	up	0	1	77
13	lzy	f	19	1	diamond	red	(757, 540)	low	dis	(565, 460)	N	same	vert	up	True	244956	247438	up	1	1	78
13	lzy	f	19	1	circle	red	(645, 652)	low	dis	(724, 619)	N	same	vert	up	True	248493	250694	up	1	1	79
13	lzy	f	19	1	diamond	green	(645, 652)	low	dis	(645, 428)	N	dif	vert	up	True	251915	253254	up	1	1	80
13	lzy	f	19	1	diamond	green	(565, 460)	low	dis	(565, 619)	N	same	hori	left	True	254305	256358	left	1	1	81
13	lzy	f	19	1	circle	red	(645, 652)	low	no	no_dis	N	same	vert	up	True	257498	259782	up	1	1	82
13	lzy	f	19	1	diamond	green	(565, 460)	low	no	no_dis	N	dif	hori	left	True	260801	263335	left	1	1	83
13	lzy	f	19	1	circle	green	(533, 540)	high	dis	(565, 619)	N	same	hori	left	True	264466	266078	left	1	1	84
13	lzy	f	19	1	diamond	red	(724, 619)	low	dis	(533, 540)	Y	same	hori	left	False	267082	None	None	0	1	85
13	lzy	f	19	1	diamond	red	(565, 460)	low	dis	(724, 619)	N	dif	vert	up	True	272827	273766	up	1	1	86
13	lzy	f	19	1	diamond	green	(533, 540)	high	dis	(724, 460)	N	dif	vert	up	True	274942	277550	up	1	1	87
13	lzy	f	19	1	diamond	green	(757, 540)	low	no	no_dis	N	same	vert	up	True	278655	279694	up	1	1	88
13	lzy	f	19	1	circle	red	(645, 652)	low	dis	(565, 619)	N	same	hori	left	True	280803	282198	left	1	1	89
13	lzy	f	19	1	circle	green	(533, 540)	high	dis	(565, 460)	N	dif	hori	left	True	283245	284662	left	1	1	90
13	lzy	f	19	1	diamond	red	(565, 619)	low	dis	(724, 460)	N	same	hori	left	True	285829	287286	left	1	1	91
13	lzy	f	19	1	diamond	red	(645, 428)	low	dis	(757, 540)	N	dif	vert	up	True	288313	289959	up	1	1	92
13	lzy	f	19	1	diamond	red	(533, 540)	high	dis	(565, 619)	N	dif	hori	left	True	290979	292070	left	1	1	93
13	lzy	f	19	1	circle	red	(565, 619)	low	dis	(645, 428)	N	dif	hori	left	True	293146	294374	left	1	1	94
13	lzy	f	19	1	diamond	green	(724, 460)	low	no	no_dis	N	dif	vert	up	True	295448	296814	up	1	1	95
13	lzy	f	19	1	circle	green	(565, 460)	low	no	no_dis	N	same	hori	left	True	298054	299982	left	1	1	96
13	lzy	f	19	1	circle	green	(724, 619)	low	no	no_dis	N	same	hori	left	True	301130	302518	up	0	1	97
13	lzy	f	19	1	diamond	red	(533, 540)	high	no	no_dis	N	dif	vert	up	True	305157	306766	up	1	1	98
13	lzy	f	19	1	circle	green	(565, 460)	low	dis	(724, 460)	N	dif	hori	left	True	307846	310374	left	1	1	99
13	lzy	f	19	1	diamond	green	(724, 619)	low	dis	(645, 652)	N	same	vert	up	True	311416	313102	up	1	1	100
13	lzy	f	19	1	circle	red	(757, 540)	low	dis	(565, 460)	N	dif	hori	left	True	314168	315718	left	1	1	101
13	lzy	f	19	1	diamond	green	(565, 619)	low	dis	(533, 540)	Y	dif	vert	up	True	316897	318766	left	0	1	102
13	lzy	f	19	1	diamond	red	(565, 619)	low	no	no_dis	N	dif	vert	up	True	321353	322566	up	1	1	103
13	lzy	f	19	1	circle	red	(724, 460)	low	dis	(565, 460)	N	same	vert	up	True	323658	325086	up	1	1	104
13	lzy	f	19	1	circle	red	(724, 619)	low	dis	(533, 540)	Y	dif	hori	left	True	326088	327446	left	1	1	105
13	lzy	f	19	1	diamond	red	(533, 540)	high	dis	(645, 428)	N	dif	hori	left	True	328451	330006	left	1	1	106
13	lzy	f	19	1	diamond	green	(645, 428)	low	no	no_dis	N	same	vert	up	True	331181	332086	up	1	1	107
13	lzy	f	19	1	diamond	red	(724, 460)	low	dis	(757, 540)	N	dif	vert	up	True	333172	335438	up	1	1	108
13	lzy	f	19	1	circle	green	(533, 540)	high	dis	(757, 540)	N	dif	vert	up	True	336601	338438	left	0	1	109
13	lzy	f	19	1	circle	red	(533, 540)	high	no	no_dis	N	same	hori	left	True	341045	342127	left	1	1	110
13	lzy	f	19	1	circle	red	(645, 428)	low	dis	(757, 540)	N	same	vert	up	True	343304	344710	up	1	1	111
13	lzy	f	19	1	circle	green	(757, 540)	low	no	no_dis	N	dif	hori	left	True	345735	346902	left	1	1	112
13	lzy	f	19	1	diamond	green	(645, 428)	low	dis	(533, 540)	Y	same	vert	up	True	348147	349694	up	1	1	113
13	lzy	f	19	1	circle	red	(533, 540)	high	dis	(565, 460)	N	dif	vert	up	True	350729	351702	left	0	1	114
13	lzy	f	19	1	diamond	red	(533, 540)	high	dis	(724, 619)	N	same	vert	up	True	354301	356487	up	1	1	115
13	lzy	f	19	1	diamond	red	(645, 428)	low	no	no_dis	N	dif	hori	left	True	357653	359254	left	1	1	116
13	lzy	f	19	1	diamond	green	(757, 540)	low	no	no_dis	N	dif	vert	up	True	360360	361182	up	1	1	117
13	lzy	f	19	1	circle	green	(533, 540)	high	no	no_dis	N	dif	vert	up	True	362434	364935	up	1	1	118
13	lzy	f	19	1	circle	red	(533, 540)	high	dis	(724, 619)	N	same	hori	left	True	366073	367318	left	1	1	119
13	lzy	f	19	1	diamond	green	(757, 540)	low	dis	(565, 619)	N	dif	vert	up	True	368500	370510	up	1	1	120
13	lzy	f	19	1	diamond	red	(533, 540)	high	no	no_dis	N	same	hori	left	True	408454	410022	left	1	2	1
13	lzy	f	19	1	diamond	red	(533, 540)	high	no	no_dis	N	dif	hori	left	True	411207	412302	left	1	2	2
13	lzy	f	19	1	circle	red	(724, 619)	low	no	no_dis	N	dif	hori	left	True	413328	414942	up	0	2	3
13	lzy	f	19	1	circle	red	(533, 540)	high	no	no_dis	N	dif	vert	up	True	417532	419071	left	0	2	4
13	lzy	f	19	1	circle	green	(533, 540)	high	dis	(565, 460)	N	same	hori	left	True	421689	423559	left	1	2	5
13	lzy	f	19	1	circle	red	(724, 460)	low	dis	(757, 540)	N	same	vert	up	True	424562	425686	up	1	2	6
13	lzy	f	19	1	diamond	red	(565, 619)	low	no	no_dis	N	dif	hori	left	True	426804	427975	left	1	2	7
13	lzy	f	19	1	circle	red	(645, 652)	low	dis	(724, 460)	N	same	hori	left	True	429016	430398	left	1	2	8
13	lzy	f	19	1	diamond	green	(757, 540)	low	no	no_dis	N	same	vert	up	True	431410	433558	up	1	2	9
13	lzy	f	19	1	diamond	red	(565, 460)	low	dis	(645, 652)	N	same	hori	left	True	434764	435726	left	1	2	10
13	lzy	f	19	1	circle	green	(757, 540)	low	dis	(724, 619)	N	same	hori	left	True	436944	438078	left	1	2	11
13	lzy	f	19	1	diamond	green	(645, 652)	low	dis	(645, 428)	N	dif	vert	up	True	439272	440726	up	1	2	12
13	lzy	f	19	1	diamond	red	(757, 540)	low	no	no_dis	N	same	hori	left	True	441878	443190	left	1	2	13
13	lzy	f	19	1	diamond	green	(565, 460)	low	no	no_dis	N	same	hori	left	True	444403	445702	left	1	2	14
13	lzy	f	19	1	diamond	green	(533, 540)	high	dis	(724, 460)	N	dif	hori	left	True	446848	447878	left	1	2	15
13	lzy	f	19	1	diamond	green	(724, 460)	low	no	no_dis	N	dif	hori	left	True	449030	450038	left	1	2	16
13	lzy	f	19	1	diamond	red	(757, 540)	low	no	no_dis	N	same	hori	left	True	451078	452207	left	1	2	17
13	lzy	f	19	1	diamond	red	(724, 460)	low	dis	(757, 540)	N	same	hori	left	True	453384	454918	left	1	2	18
13	lzy	f	19	1	circle	green	(533, 540)	high	no	no_dis	N	same	vert	up	True	455947	457118	up	1	2	19
13	lzy	f	19	1	diamond	green	(533, 540)	high	dis	(565, 619)	N	dif	vert	up	True	458289	459838	up	1	2	20
13	lzy	f	19	1	circle	green	(565, 460)	low	dis	(724, 460)	N	same	vert	up	True	460938	463182	left	0	2	21
13	lzy	f	19	1	diamond	red	(757, 540)	low	dis	(645, 652)	N	same	hori	left	True	465829	467558	left	1	2	22
13	lzy	f	19	1	diamond	green	(565, 619)	low	dis	(724, 460)	N	same	vert	up	True	468790	470847	up	1	2	23
13	lzy	f	19	1	circle	green	(645, 652)	low	no	no_dis	N	same	vert	up	True	472012	473494	up	1	2	24
13	lzy	f	19	1	circle	red	(533, 540)	high	dis	(757, 540)	N	dif	vert	up	True	474611	476078	left	0	2	25
13	lzy	f	19	1	circle	red	(645, 652)	low	dis	(533, 540)	Y	dif	hori	left	True	478772	480278	left	1	2	26
13	lzy	f	19	1	diamond	green	(645, 428)	low	no	no_dis	N	dif	hori	left	True	481453	482719	left	1	2	27
13	lzy	f	19	1	diamond	red	(533, 540)	high	dis	(724, 619)	N	same	hori	left	True	483723	485646	up	0	2	28
13	lzy	f	19	1	circle	red	(565, 460)	low	no	no_dis	N	dif	vert	up	True	488270	490207	up	1	2	29
13	lzy	f	19	1	circle	red	(724, 460)	low	no	no_dis	N	dif	vert	up	True	491412	492782	up	1	2	30
13	lzy	f	19	1	diamond	green	(565, 460)	low	dis	(724, 460)	N	same	vert	up	True	493829	496118	up	1	2	31
13	lzy	f	19	1	diamond	green	(757, 540)	low	dis	(533, 540)	Y	dif	vert	up	True	497364	499086	up	1	2	32
13	lzy	f	19	1	diamond	red	(724, 619)	low	dis	(645, 652)	N	dif	hori	left	True	500276	501574	left	1	2	33
13	lzy	f	19	1	diamond	green	(565, 619)	low	dis	(533, 540)	Y	dif	vert	up	True	502587	504055	up	1	2	34
13	lzy	f	19	1	circle	red	(724, 619)	low	no	no_dis	N	same	vert	up	True	505252	506494	up	1	2	35
13	lzy	f	19	1	diamond	green	(724, 460)	low	dis	(724, 619)	N	same	hori	left	True	507698	508758	left	1	2	36
13	lzy	f	19	1	circle	red	(724, 460)	low	dis	(724, 619)	N	same	hori	left	True	509764	511174	left	1	2	37
13	lzy	f	19	1	circle	green	(533, 540)	high	dis	(724, 460)	N	dif	hori	left	True	512402	513414	left	1	2	38
13	lzy	f	19	1	diamond	red	(533, 540)	high	no	no_dis	N	same	vert	up	True	514598	515855	up	1	2	39
13	lzy	f	19	1	diamond	green	(533, 540)	high	no	no_dis	N	dif	hori	left	True	517083	518102	left	1	2	40
13	lzy	f	19	1	diamond	green	(533, 540)	high	dis	(724, 460)	N	same	vert	up	True	519127	520526	up	1	2	41
13	lzy	f	19	1	diamond	red	(645, 652)	low	dis	(565, 619)	N	dif	hori	left	True	521683	523223	left	1	2	42
13	lzy	f	19	1	circle	green	(565, 460)	low	no	no_dis	N	dif	vert	up	True	524271	526006	up	1	2	43
13	lzy	f	19	1	circle	red	(533, 540)	high	dis	(757, 540)	N	same	vert	up	True	527238	528478	up	1	2	44
13	lzy	f	19	1	circle	red	(757, 540)	low	dis	(565, 619)	N	dif	vert	up	True	529513	531046	up	1	2	45
13	lzy	f	19	1	diamond	green	(724, 619)	low	no	no_dis	N	dif	hori	left	True	532293	533422	left	1	2	46
13	lzy	f	19	1	circle	green	(533, 540)	high	dis	(757, 540)	N	dif	hori	left	True	534452	535926	left	1	2	47
13	lzy	f	19	1	circle	red	(757, 540)	low	no	no_dis	N	same	vert	up	True	537159	538750	up	1	2	48
13	lzy	f	19	1	circle	red	(533, 540)	high	dis	(565, 619)	N	dif	vert	up	True	539853	541246	up	1	2	49
13	lzy	f	19	1	circle	red	(565, 619)	low	dis	(724, 619)	N	same	hori	left	True	542341	543350	left	1	2	50
13	lzy	f	19	1	diamond	green	(533, 540)	high	no	no_dis	N	dif	vert	up	True	544372	546294	up	1	2	51
13	lzy	f	19	1	circle	red	(533, 540)	high	dis	(645, 428)	N	dif	hori	left	True	547461	548846	left	1	2	52
13	lzy	f	19	1	circle	green	(533, 540)	high	dis	(645, 652)	N	same	hori	left	True	549859	550814	left	1	2	53
13	lzy	f	19	1	diamond	red	(533, 540)	high	dis	(724, 460)	N	same	vert	up	True	551934	553151	up	1	2	54
13	lzy	f	19	1	circle	green	(724, 619)	low	dis	(565, 460)	N	dif	hori	left	True	554159	555510	left	1	2	55
13	lzy	f	19	1	diamond	green	(645, 652)	low	no	no_dis	N	dif	vert	up	True	556591	557670	up	1	2	56
13	lzy	f	19	1	circle	red	(645, 428)	low	dis	(533, 540)	Y	same	hori	left	True	558727	560094	left	1	2	57
13	lzy	f	19	1	circle	green	(533, 540)	high	dis	(565, 460)	N	same	hori	left	True	561119	562182	left	1	2	58
13	lzy	f	19	1	circle	green	(565, 619)	low	dis	(565, 460)	N	same	hori	left	True	563223	564486	left	1	2	59
13	lzy	f	19	1	circle	red	(724, 619)	low	dis	(533, 540)	Y	dif	hori	left	True	565491	566526	left	1	2	60
13	lzy	f	19	1	circle	green	(565, 619)	low	dis	(645, 428)	N	dif	hori	left	True	567615	568470	left	1	2	61
13	lzy	f	19	1	diamond	red	(533, 540)	high	dis	(565, 460)	N	dif	hori	left	True	569567	571062	left	1	2	62
13	lzy	f	19	1	diamond	red	(724, 460)	low	dis	(565, 460)	N	dif	hori	left	True	572092	573190	left	1	2	63
13	lzy	f	19	1	diamond	green	(724, 619)	low	dis	(724, 460)	N	same	vert	up	True	574438	576870	up	1	2	64
13	lzy	f	19	1	circle	green	(645, 428)	low	no	no_dis	N	same	vert	up	True	577966	579782	up	1	2	65
13	lzy	f	19	1	circle	green	(724, 460)	low	dis	(565, 460)	N	dif	hori	left	True	580955	582110	left	1	2	66
13	lzy	f	19	1	diamond	red	(645, 652)	low	dis	(757, 540)	N	same	vert	up	True	583121	584502	up	1	2	67
13	lzy	f	19	1	diamond	green	(533, 540)	high	dis	(645, 652)	N	dif	vert	up	True	585657	587286	up	1	2	68
13	lzy	f	19	1	circle	green	(645, 652)	low	no	no_dis	N	dif	hori	left	True	588416	590390	left	1	2	69
13	lzy	f	19	1	circle	red	(645, 428)	low	dis	(565, 460)	N	same	vert	up	True	591632	593190	up	1	2	70
13	lzy	f	19	1	diamond	green	(645, 428)	low	dis	(565, 619)	N	dif	vert	up	True	594437	595886	up	1	2	71
13	lzy	f	19	1	circle	red	(645, 428)	low	no	no_dis	N	same	vert	up	True	596911	598398	up	1	2	72
13	lzy	f	19	1	diamond	red	(724, 460)	low	no	no_dis	N	same	hori	left	True	599472	600590	left	1	2	73
13	lzy	f	19	1	circle	red	(565, 460)	low	dis	(724, 619)	N	same	vert	up	True	601760	603830	up	1	2	74
13	lzy	f	19	1	circle	red	(533, 540)	high	dis	(645, 652)	N	dif	vert	up	True	605065	606846	left	0	2	75
13	lzy	f	19	1	circle	green	(724, 460)	low	dis	(645, 428)	N	dif	hori	left	True	609463	611518	left	1	2	76
13	lzy	f	19	1	diamond	red	(645, 428)	low	dis	(645, 652)	N	same	vert	up	True	612768	614022	up	1	2	77
13	lzy	f	19	1	circle	red	(565, 460)	low	dis	(645, 652)	N	same	vert	up	True	615185	616414	up	1	2	78
13	lzy	f	19	1	circle	red	(533, 540)	high	dis	(724, 619)	N	same	vert	up	True	617578	618678	up	1	2	79
13	lzy	f	19	1	diamond	green	(724, 460)	low	dis	(565, 619)	N	dif	hori	left	True	619734	622174	left	1	2	80
13	lzy	f	19	1	circle	green	(645, 428)	low	dis	(565, 619)	N	dif	hori	left	True	623345	625502	left	1	2	81
13	lzy	f	19	1	circle	red	(533, 540)	high	no	no_dis	N	same	hori	left	True	626603	627678	left	1	2	82
13	lzy	f	19	1	circle	green	(645, 652)	low	no	no_dis	N	same	hori	left	True	628824	629918	left	1	2	83
13	lzy	f	19	1	diamond	red	(757, 540)	low	dis	(645, 428)	N	same	vert	up	True	631046	633678	up	1	2	84
13	lzy	f	19	1	diamond	green	(565, 460)	low	dis	(645, 428)	N	same	vert	up	True	634785	636518	left	0	2	85
13	lzy	f	19	1	diamond	red	(565, 460)	low	no	no_dis	N	same	hori	left	True	639269	640878	left	1	2	86
13	lzy	f	19	1	circle	green	(645, 428)	low	dis	(645, 652)	N	dif	hori	left	True	641990	643454	up	0	2	87
13	lzy	f	19	1	circle	green	(724, 619)	low	dis	(757, 540)	N	dif	vert	up	True	646185	648054	up	1	2	88
13	lzy	f	19	1	diamond	green	(645, 652)	low	dis	(724, 619)	N	same	hori	left	True	649128	650942	left	1	2	89
13	lzy	f	19	1	circle	green	(565, 619)	low	no	no_dis	N	dif	vert	up	True	652022	654622	up	1	2	90
13	lzy	f	19	1	circle	green	(645, 652)	low	dis	(565, 460)	N	dif	vert	up	True	655843	657527	up	1	2	91
13	lzy	f	19	1	circle	green	(533, 540)	high	dis	(645, 428)	N	dif	hori	left	True	658588	659494	left	1	2	92
13	lzy	f	19	1	diamond	red	(724, 619)	low	dis	(565, 619)	N	same	vert	up	True	660669	662534	up	1	2	93
13	lzy	f	19	1	diamond	red	(565, 619)	low	dis	(724, 619)	N	dif	hori	left	True	663567	665262	left	1	2	94
13	lzy	f	19	1	circle	red	(533, 540)	high	no	no_dis	N	dif	vert	up	True	666478	668334	up	1	2	95
13	lzy	f	19	1	circle	red	(565, 619)	low	no	no_dis	N	same	hori	left	True	669481	670526	left	1	2	96
13	lzy	f	19	1	diamond	green	(724, 619)	low	dis	(533, 540)	Y	dif	vert	up	True	671583	673102	up	1	2	97
13	lzy	f	19	1	circle	green	(565, 460)	low	dis	(533, 540)	Y	dif	hori	left	True	674208	676199	left	1	2	98
13	lzy	f	19	1	diamond	red	(724, 460)	low	no	no_dis	N	dif	vert	up	True	677432	679150	up	1	2	99
13	lzy	f	19	1	diamond	green	(645, 428)	low	dis	(757, 540)	N	same	vert	up	True	680379	683150	left	0	2	100
13	lzy	f	19	1	diamond	green	(533, 540)	high	no	no_dis	N	dif	hori	left	True	685873	687646	left	1	2	101
13	lzy	f	19	1	diamond	red	(533, 540)	high	dis	(724, 619)	N	same	vert	up	True	688651	690262	up	1	2	102
13	lzy	f	19	1	diamond	red	(565, 460)	low	dis	(757, 540)	N	dif	vert	up	True	691367	692182	up	1	2	103
13	lzy	f	19	1	diamond	red	(533, 540)	high	dis	(645, 652)	N	same	hori	left	True	693195	695870	left	1	2	104
13	lzy	f	19	1	diamond	red	(533, 540)	high	dis	(565, 460)	N	dif	vert	up	True	696897	697790	up	1	2	105
13	lzy	f	19	1	circle	green	(645, 652)	low	dis	(533, 540)	Y	dif	vert	up	True	698887	700542	up	1	2	106
13	lzy	f	19	1	circle	red	(565, 619)	low	dis	(645, 428)	N	dif	vert	up	True	701723	703646	up	1	2	107
13	lzy	f	19	1	diamond	green	(724, 619)	low	no	no_dis	N	dif	vert	up	True	704686	706774	up	1	2	108
13	lzy	f	19	1	circle	red	(757, 540)	low	dis	(565, 619)	N	same	hori	left	True	707837	709454	left	1	2	109
13	lzy	f	19	1	circle	green	(565, 619)	low	no	no_dis	N	same	vert	up	True	710517	711670	up	1	2	110
13	lzy	f	19	1	circle	red	(724, 619)	low	dis	(533, 540)	Y	same	hori	left	True	712845	714878	left	1	2	111
13	lzy	f	19	1	diamond	red	(645, 428)	low	no	no_dis	N	dif	hori	left	True	715916	717742	left	1	2	112
13	lzy	f	19	1	diamond	red	(645, 428)	low	dis	(757, 540)	N	dif	vert	up	True	718881	720151	up	1	2	113
13	lzy	f	19	1	circle	green	(533, 540)	high	no	no_dis	N	same	hori	left	True	721316	722399	left	1	2	114
13	lzy	f	19	1	diamond	red	(565, 619)	low	dis	(724, 460)	N	dif	vert	up	True	723445	724662	up	1	2	115
13	lzy	f	19	1	diamond	green	(533, 540)	high	dis	(645, 428)	N	same	hori	left	True	725817	726670	left	1	2	116
13	lzy	f	19	1	circle	green	(757, 540)	low	dis	(533, 540)	Y	same	hori	left	True	727712	729086	left	1	2	117
13	lzy	f	19	1	diamond	green	(757, 540)	low	dis	(645, 428)	N	dif	vert	up	True	730142	732430	up	1	2	118
13	lzy	f	19	1	diamond	green	(533, 540)	high	dis	(565, 619)	N	same	vert	up	True	733520	735054	up	1	2	119
13	lzy	f	19	1	circle	green	(533, 540)	high	no	no_dis	N	same	vert	up	True	736271	737583	up	1	2	120
13	lzy	f	19	1	diamond	green	(533, 540)	high	dis	(645, 428)	N	dif	hori	left	True	787670	789030	left	1	3	1
13	lzy	f	19	1	diamond	red	(645, 428)	low	no	no_dis	N	same	vert	up	True	790096	790958	up	1	3	2
13	lzy	f	19	1	diamond	red	(724, 619)	low	no	no_dis	N	same	hori	left	True	792016	792966	left	1	3	3
13	lzy	f	19	1	circle	red	(533, 540)	high	dis	(565, 460)	N	dif	hori	left	True	794132	795014	up	0	3	4
13	lzy	f	19	1	circle	green	(724, 619)	low	dis	(533, 540)	Y	same	hori	left	True	797764	798838	left	1	3	5
13	lzy	f	19	1	diamond	red	(565, 460)	low	no	no_dis	N	same	hori	left	True	799973	801182	left	1	3	6
13	lzy	f	19	1	circle	green	(533, 540)	high	no	no_dis	N	same	hori	left	True	802227	803462	left	1	3	7
13	lzy	f	19	1	diamond	green	(724, 460)	low	dis	(645, 428)	N	dif	vert	up	True	804682	806038	up	1	3	8
13	lzy	f	19	1	diamond	green	(645, 652)	low	no	no_dis	N	dif	hori	left	True	807175	808558	left	1	3	9
13	lzy	f	19	1	diamond	green	(533, 540)	high	no	no_dis	N	dif	vert	up	True	809632	810686	up	1	3	10
13	lzy	f	19	1	diamond	green	(645, 428)	low	dis	(565, 619)	N	same	hori	left	True	811888	812958	left	1	3	11
13	lzy	f	19	1	diamond	red	(724, 460)	low	dis	(533, 540)	Y	dif	hori	left	True	814193	814943	up	0	3	12
13	lzy	f	19	1	diamond	green	(724, 460)	low	dis	(724, 619)	N	same	vert	up	True	817574	818982	up	1	3	13
13	lzy	f	19	1	diamond	green	(645, 652)	low	dis	(757, 540)	N	dif	hori	left	True	820025	821238	left	1	3	14
13	lzy	f	19	1	circle	green	(533, 540)	high	dis	(565, 619)	N	dif	hori	left	True	822369	823590	left	1	3	15
13	lzy	f	19	1	circle	green	(533, 540)	high	dis	(645, 428)	N	dif	vert	up	True	824627	826742	left	0	3	16
13	lzy	f	19	1	circle	green	(533, 540)	high	no	no_dis	N	dif	hori	left	True	829292	830366	left	1	3	17
13	lzy	f	19	1	diamond	red	(565, 619)	low	dis	(724, 460)	N	dif	vert	up	True	831564	832838	up	1	3	18
13	lzy	f	19	1	circle	green	(724, 460)	low	dis	(724, 619)	N	dif	vert	up	True	834037	835358	left	0	3	19
13	lzy	f	19	1	diamond	green	(724, 460)	low	no	no_dis	N	dif	vert	up	True	838069	839918	up	1	3	20
13	lzy	f	19	1	diamond	green	(565, 619)	low	dis	(645, 652)	N	dif	hori	left	True	841072	842430	left	1	3	21
13	lzy	f	19	1	circle	red	(533, 540)	high	no	no_dis	N	same	hori	left	True	843496	844870	left	1	3	22
13	lzy	f	19	1	circle	red	(757, 540)	low	dis	(565, 619)	N	same	hori	left	True	846009	847839	left	1	3	23
13	lzy	f	19	1	diamond	red	(565, 460)	low	dis	(757, 540)	N	same	hori	left	True	848925	850022	left	1	3	24
13	lzy	f	19	1	circle	red	(645, 428)	low	no	no_dis	N	dif	hori	left	True	851196	852198	left	1	3	25
13	lzy	f	19	1	diamond	red	(645, 652)	low	dis	(724, 619)	N	dif	hori	left	True	853439	854398	left	1	3	26
13	lzy	f	19	1	diamond	red	(533, 540)	high	dis	(724, 460)	N	same	hori	left	True	855516	856462	left	1	3	27
13	lzy	f	19	1	circle	red	(757, 540)	low	no	no_dis	N	same	vert	up	True	857575	858406	up	1	3	28
13	lzy	f	19	1	diamond	red	(645, 428)	low	no	no_dis	N	dif	hori	left	True	859524	860990	left	1	3	29
13	lzy	f	19	1	diamond	red	(724, 619)	low	dis	(757, 540)	N	dif	vert	up	True	862241	864318	up	1	3	30
13	lzy	f	19	1	circle	red	(724, 619)	low	dis	(533, 540)	Y	dif	vert	up	True	865497	866958	up	1	3	31
13	lzy	f	19	1	diamond	green	(724, 619)	low	no	no_dis	N	same	hori	left	True	867974	869319	left	1	3	32
13	lzy	f	19	1	circle	green	(757, 540)	low	dis	(724, 460)	N	dif	hori	left	True	870488	871838	left	1	3	33
13	lzy	f	19	1	diamond	green	(533, 540)	high	no	no_dis	N	same	vert	up	True	872878	874694	up	1	3	34
13	lzy	f	19	1	diamond	green	(757, 540)	low	no	no_dis	N	dif	vert	up	True	875702	876670	up	1	3	35
13	lzy	f	19	1	circle	red	(757, 540)	low	dis	(645, 652)	N	same	vert	up	True	877676	879038	up	1	3	36
13	lzy	f	19	1	circle	red	(533, 540)	high	no	no_dis	N	dif	vert	up	True	880113	881270	left	0	3	37
13	lzy	f	19	1	circle	red	(645, 652)	low	dis	(645, 428)	N	dif	vert	up	True	884026	885710	up	1	3	38
13	lzy	f	19	1	circle	green	(757, 540)	low	dis	(724, 619)	N	same	vert	up	True	886885	887902	up	1	3	39
13	lzy	f	19	1	diamond	green	(533, 540)	high	no	no_dis	N	dif	hori	left	True	888975	890470	left	1	3	40
13	lzy	f	19	1	diamond	green	(645, 428)	low	dis	(533, 540)	Y	same	hori	left	True	891586	893278	up	0	3	41
13	lzy	f	19	1	circle	green	(645, 652)	low	dis	(645, 428)	N	same	hori	left	False	895961	None	None	0	3	42
13	lzy	f	19	1	diamond	red	(645, 428)	low	dis	(645, 652)	N	same	hori	left	True	901491	902726	left	1	3	43
13	lzy	f	19	1	diamond	red	(724, 460)	low	dis	(533, 540)	Y	dif	hori	left	True	903813	904791	up	0	3	44
13	lzy	f	19	1	diamond	green	(533, 540)	high	dis	(724, 460)	N	dif	hori	left	True	907447	908654	left	1	3	45
13	lzy	f	19	1	circle	green	(533, 540)	high	dis	(757, 540)	N	same	hori	left	True	909806	911111	left	1	3	46
13	lzy	f	19	1	diamond	red	(724, 460)	low	no	no_dis	N	same	hori	left	True	912341	913510	left	1	3	47
13	lzy	f	19	1	circle	red	(724, 619)	low	no	no_dis	N	dif	hori	left	True	914719	916302	left	1	3	48
13	lzy	f	19	1	diamond	green	(757, 540)	low	no	no_dis	N	dif	vert	up	True	917431	918423	up	1	3	49
13	lzy	f	19	1	circle	green	(565, 619)	low	dis	(645, 428)	N	dif	hori	left	True	919568	920974	left	1	3	50
13	lzy	f	19	1	diamond	red	(533, 540)	high	dis	(645, 652)	N	dif	vert	up	True	922133	923222	up	1	3	51
13	lzy	f	19	1	circle	red	(645, 652)	low	dis	(757, 540)	N	same	hori	left	True	924244	925358	left	1	3	52
13	lzy	f	19	1	diamond	red	(533, 540)	high	dis	(724, 619)	N	same	vert	up	True	926424	928446	up	1	3	53
13	lzy	f	19	1	diamond	green	(724, 619)	low	dis	(565, 619)	N	dif	vert	up	True	929602	930518	up	1	3	54
13	lzy	f	19	1	diamond	green	(757, 540)	low	dis	(533, 540)	Y	dif	hori	left	True	931688	932822	up	0	3	55
13	lzy	f	19	1	diamond	green	(724, 619)	low	dis	(565, 460)	N	dif	hori	left	True	935495	937070	left	1	3	56
13	lzy	f	19	1	circle	green	(724, 619)	low	dis	(565, 460)	N	dif	hori	left	True	938163	939790	left	1	3	57
13	lzy	f	19	1	diamond	green	(533, 540)	high	dis	(645, 652)	N	same	vert	up	True	941040	942470	up	1	3	58
13	lzy	f	19	1	circle	green	(724, 619)	low	no	no_dis	N	same	hori	left	True	943640	944558	left	1	3	59
13	lzy	f	19	1	diamond	green	(757, 540)	low	dis	(565, 460)	N	same	vert	up	True	945684	947150	up	1	3	60
13	lzy	f	19	1	circle	red	(533, 540)	high	no	no_dis	N	dif	hori	left	True	948289	948958	left	1	3	61
13	lzy	f	19	1	diamond	red	(645, 428)	low	dis	(757, 540)	N	dif	hori	left	True	950135	951230	left	1	3	62
13	lzy	f	19	1	circle	red	(645, 652)	low	no	no_dis	N	dif	hori	left	True	952404	953534	left	1	3	63
13	lzy	f	19	1	circle	red	(565, 460)	low	dis	(565, 619)	N	same	hori	left	True	954752	955486	up	0	3	64
13	lzy	f	19	1	circle	green	(533, 540)	high	dis	(565, 619)	N	same	hori	left	True	958186	959550	left	1	3	65
13	lzy	f	19	1	circle	red	(565, 619)	low	no	no_dis	N	same	vert	up	True	960558	962086	up	1	3	66
13	lzy	f	19	1	circle	green	(757, 540)	low	no	no_dis	N	dif	hori	left	True	963088	964174	left	1	3	67
13	lzy	f	19	1	circle	green	(724, 460)	low	dis	(645, 428)	N	dif	vert	up	True	965373	966766	up	1	3	68
13	lzy	f	19	1	diamond	red	(533, 540)	high	dis	(757, 540)	N	same	vert	up	True	967973	970790	up	1	3	69
13	lzy	f	19	1	circle	green	(565, 460)	low	dis	(724, 460)	N	same	vert	up	True	972039	973270	up	1	3	70
13	lzy	f	19	1	diamond	red	(757, 540)	low	dis	(645, 652)	N	same	vert	up	True	974467	975974	up	1	3	71
13	lzy	f	19	1	diamond	green	(533, 540)	high	dis	(645, 652)	N	dif	vert	up	True	977089	979926	up	1	3	72
13	lzy	f	19	1	diamond	green	(565, 619)	low	dis	(645, 652)	N	dif	hori	left	True	981155	982686	left	1	3	73
13	lzy	f	19	1	diamond	green	(645, 652)	low	no	no_dis	N	dif	vert	up	True	983875	984726	up	1	3	74
13	lzy	f	19	1	diamond	red	(565, 460)	low	no	no_dis	N	same	vert	up	True	985918	987054	up	1	3	75
13	lzy	f	19	1	circle	green	(565, 619)	low	no	no_dis	N	same	vert	up	True	988093	989230	left	0	3	76
13	lzy	f	19	1	diamond	red	(533, 540)	high	no	no_dis	N	same	vert	up	True	991948	993958	up	1	3	77
13	lzy	f	19	1	circle	red	(724, 460)	low	dis	(565, 460)	N	same	vert	up	True	995012	996622	up	1	3	78
13	lzy	f	19	1	diamond	red	(533, 540)	high	dis	(645, 428)	N	same	vert	up	False	997777	None	None	0	3	79
13	lzy	f	19	1	diamond	red	(565, 460)	low	dis	(533, 540)	Y	same	hori	left	True	1003305	1004758	left	1	3	80
13	lzy	f	19	1	circle	red	(565, 460)	low	dis	(533, 540)	Y	dif	vert	up	True	1005943	1007294	up	1	3	81
13	lzy	f	19	1	circle	green	(724, 460)	low	no	no_dis	N	dif	vert	up	True	1008510	1009942	up	1	3	82
13	lzy	f	19	1	circle	green	(645, 428)	low	dis	(645, 652)	N	dif	vert	up	True	1011179	1012502	up	1	3	83
13	lzy	f	19	1	circle	red	(645, 428)	low	dis	(724, 619)	N	dif	hori	left	True	1013650	1015782	left	1	3	84
13	lzy	f	19	1	circle	green	(565, 619)	low	no	no_dis	N	dif	vert	up	True	1016976	1017886	up	1	3	85
13	lzy	f	19	1	circle	red	(645, 428)	low	dis	(645, 652)	N	same	vert	up	True	1018913	1020150	up	1	3	86
13	lzy	f	19	1	diamond	green	(645, 652)	low	dis	(724, 460)	N	dif	vert	up	True	1021337	1022886	up	1	3	87
13	lzy	f	19	1	circle	red	(533, 540)	high	dis	(724, 460)	N	same	hori	left	True	1024035	1025054	left	1	3	88
13	lzy	f	19	1	circle	green	(565, 619)	low	no	no_dis	N	same	hori	left	True	1026166	1027070	left	1	3	89
13	lzy	f	19	1	circle	red	(533, 540)	high	dis	(724, 619)	N	dif	vert	up	True	1028273	1029622	up	1	3	90
13	lzy	f	19	1	circle	red	(565, 619)	low	dis	(724, 619)	N	dif	hori	left	True	1030649	1031686	left	1	3	91
13	lzy	f	19	1	circle	green	(565, 460)	low	dis	(724, 460)	N	same	hori	left	True	1032892	1033702	left	1	3	92
13	lzy	f	19	1	circle	red	(533, 540)	high	dis	(565, 460)	N	same	vert	up	True	1034822	1035790	up	1	3	93
13	lzy	f	19	1	circle	red	(565, 460)	low	no	no_dis	N	dif	hori	left	True	1036908	1038478	left	1	3	94
13	lzy	f	19	1	diamond	red	(533, 540)	high	no	no_dis	N	same	hori	left	True	1039595	1041158	left	1	3	95
13	lzy	f	19	1	circle	green	(565, 619)	low	dis	(533, 540)	Y	same	vert	up	True	1042400	1044222	up	1	3	96
13	lzy	f	19	1	circle	red	(533, 540)	high	dis	(757, 540)	N	dif	vert	up	True	1045393	1047278	left	0	3	97
13	lzy	f	19	1	circle	red	(724, 460)	low	dis	(565, 460)	N	same	hori	left	True	1049897	1051998	left	1	3	98
13	lzy	f	19	1	circle	green	(533, 540)	high	no	no_dis	N	dif	vert	up	True	1053185	1053974	up	1	3	99
13	lzy	f	19	1	diamond	red	(645, 652)	low	dis	(565, 619)	N	same	vert	up	True	1055063	1056302	up	1	3	100
13	lzy	f	19	1	circle	red	(645, 428)	low	no	no_dis	N	same	vert	up	True	1057387	1058294	up	1	3	101
13	lzy	f	19	1	diamond	red	(645, 652)	low	no	no_dis	N	same	vert	up	True	1059491	1060478	up	1	3	102
13	lzy	f	19	1	diamond	green	(533, 540)	high	dis	(724, 619)	N	dif	hori	left	True	1061490	1062702	left	1	3	103
13	lzy	f	19	1	diamond	red	(565, 619)	low	dis	(724, 619)	N	dif	vert	up	True	1063860	1065182	left	0	3	104
13	lzy	f	19	1	circle	green	(533, 540)	high	dis	(645, 428)	N	same	vert	up	True	1067916	1069646	up	1	3	105
13	lzy	f	19	1	circle	red	(533, 540)	high	dis	(757, 540)	N	same	hori	left	True	1070895	1072950	left	1	3	106
13	lzy	f	19	1	diamond	red	(757, 540)	low	dis	(565, 460)	N	same	vert	up	True	1074034	1075205	up	1	3	107
13	lzy	f	19	1	circle	green	(645, 652)	low	dis	(645, 428)	N	same	hori	left	True	1076302	1077462	left	1	3	108
13	lzy	f	19	1	circle	green	(645, 428)	low	dis	(565, 619)	N	dif	vert	up	True	1078638	1079590	up	1	3	109
13	lzy	f	19	1	diamond	green	(565, 460)	low	no	no_dis	N	dif	vert	up	True	1080805	1081718	up	1	3	110
13	lzy	f	19	1	circle	red	(565, 619)	low	dis	(724, 460)	N	same	vert	up	True	1082880	1084294	up	1	3	111
13	lzy	f	19	1	diamond	red	(533, 540)	high	no	no_dis	N	same	vert	up	True	1085359	1086678	up	1	3	112
13	lzy	f	19	1	circle	red	(724, 619)	low	dis	(565, 619)	N	same	vert	up	True	1087926	1089094	up	1	3	113
13	lzy	f	19	1	diamond	red	(724, 619)	low	dis	(533, 540)	Y	same	vert	up	True	1090224	1091110	up	1	3	114
13	lzy	f	19	1	circle	green	(724, 460)	low	no	no_dis	N	same	hori	left	True	1092311	1093366	left	1	3	115
13	lzy	f	19	1	diamond	green	(533, 540)	high	dis	(565, 460)	N	same	hori	left	True	1094440	1096990	left	1	3	116
13	lzy	f	19	1	diamond	red	(533, 540)	high	dis	(565, 460)	N	dif	vert	up	True	1098106	1099150	up	1	3	117
13	lzy	f	19	1	circle	green	(533, 540)	high	dis	(565, 619)	N	dif	hori	left	True	1100308	1102502	left	1	3	118
13	lzy	f	19	1	diamond	green	(565, 460)	low	dis	(757, 540)	N	dif	vert	up	True	1103529	1105102	up	1	3	119
13	lzy	f	19	1	diamond	green	(565, 460)	low	dis	(724, 460)	N	same	hori	left	True	1106176	1108326	left	1	3	120
13	lzy	f	19	1	circle	green	(533, 540)	high	dis	(757, 540)	N	same	vert	up	True	1330893	1333038	up	1	4	1
13	lzy	f	19	1	diamond	green	(533, 540)	high	dis	(565, 619)	N	same	vert	up	True	1334189	1335294	up	1	4	2
13	lzy	f	19	1	diamond	red	(724, 460)	low	no	no_dis	N	same	hori	left	True	1336426	1337582	left	1	4	3
13	lzy	f	19	1	circle	green	(565, 619)	low	dis	(645, 652)	N	dif	hori	left	True	1338613	1340150	left	1	4	4
13	lzy	f	19	1	circle	green	(724, 460)	low	dis	(724, 619)	N	dif	vert	up	True	1341291	1342302	up	1	4	5
13	lzy	f	19	1	diamond	green	(533, 540)	high	dis	(645, 428)	N	dif	vert	up	True	1343343	1344558	up	1	4	6
13	lzy	f	19	1	circle	green	(645, 652)	low	dis	(724, 460)	N	dif	hori	left	True	1345689	1346574	left	1	4	7
13	lzy	f	19	1	diamond	red	(565, 460)	low	dis	(565, 619)	N	dif	vert	up	True	1347602	1349374	left	0	4	8
13	lzy	f	19	1	circle	green	(565, 460)	low	dis	(645, 652)	N	same	hori	left	True	1351901	1354038	left	1	4	9
13	lzy	f	19	1	circle	green	(533, 540)	high	dis	(724, 619)	N	same	hori	left	True	1355063	1356814	left	1	4	10
13	lzy	f	19	1	diamond	green	(645, 652)	low	dis	(533, 540)	Y	dif	vert	up	True	1358047	1359006	up	1	4	11
13	lzy	f	19	1	circle	red	(565, 460)	low	no	no_dis	N	same	hori	left	True	1360086	1361342	left	1	4	12
13	lzy	f	19	1	diamond	red	(645, 652)	low	dis	(565, 619)	N	dif	hori	left	True	1362484	1363710	left	1	4	13
13	lzy	f	19	1	circle	red	(533, 540)	high	dis	(645, 652)	N	dif	hori	left	True	1364751	1366302	left	1	4	14
13	lzy	f	19	1	diamond	red	(533, 540)	high	no	no_dis	N	same	hori	left	True	1367487	1368830	left	1	4	15
13	lzy	f	19	1	diamond	green	(565, 619)	low	no	no_dis	N	dif	hori	left	True	1369905	1370853	left	1	4	16
13	lzy	f	19	1	circle	green	(533, 540)	high	dis	(565, 619)	N	same	hori	left	True	1372079	1373214	left	1	4	17
13	lzy	f	19	1	diamond	red	(565, 619)	low	dis	(724, 460)	N	dif	vert	up	True	1374405	1375678	up	1	4	18
13	lzy	f	19	1	diamond	green	(533, 540)	high	dis	(565, 460)	N	dif	hori	left	True	1376894	1377806	left	1	4	19
13	lzy	f	19	1	circle	green	(724, 460)	low	no	no_dis	N	dif	vert	up	True	1378835	1380382	up	1	4	20
13	lzy	f	19	1	diamond	green	(757, 540)	low	dis	(565, 619)	N	same	vert	up	True	1381553	1383470	up	1	4	21
13	lzy	f	19	1	circle	green	(645, 428)	low	dis	(724, 460)	N	dif	hori	left	True	1384512	1386686	left	1	4	22
13	lzy	f	19	1	circle	red	(645, 652)	low	dis	(724, 619)	N	dif	vert	up	True	1387882	1389262	up	1	4	23
13	lzy	f	19	1	circle	green	(724, 460)	low	dis	(533, 540)	Y	dif	hori	left	True	1390454	1391382	left	1	4	24
13	lzy	f	19	1	circle	red	(645, 428)	low	no	no_dis	N	same	vert	up	True	1392472	1393590	up	1	4	25
13	lzy	f	19	1	diamond	red	(724, 460)	low	dis	(757, 540)	N	same	vert	up	True	1394658	1397334	up	1	4	26
13	lzy	f	19	1	diamond	red	(724, 619)	low	dis	(533, 540)	Y	dif	vert	up	True	1398583	1400014	up	1	4	27
13	lzy	f	19	1	diamond	red	(757, 540)	low	dis	(645, 428)	N	same	hori	left	True	1401145	1402414	left	1	4	28
13	lzy	f	19	1	diamond	green	(724, 619)	low	dis	(645, 428)	N	same	hori	left	True	1403545	1404430	left	1	4	29
13	lzy	f	19	1	circle	red	(565, 460)	low	dis	(724, 460)	N	same	hori	left	True	1405627	1407006	left	1	4	30
13	lzy	f	19	1	circle	green	(757, 540)	low	no	no_dis	N	same	vert	up	True	1408060	1409174	up	1	4	31
13	lzy	f	19	1	diamond	red	(533, 540)	high	dis	(645, 652)	N	dif	vert	up	True	1410337	1412134	up	1	4	32
13	lzy	f	19	1	diamond	green	(645, 428)	low	no	no_dis	N	dif	vert	up	True	1413254	1414806	up	1	4	33
13	lzy	f	19	1	diamond	green	(565, 460)	low	dis	(645, 652)	N	same	vert	up	True	1415993	1416982	up	1	4	34
13	lzy	f	19	1	diamond	green	(533, 540)	high	no	no_dis	N	same	hori	left	True	1418081	1418862	left	1	4	35
13	lzy	f	19	1	diamond	red	(757, 540)	low	dis	(645, 428)	N	dif	hori	left	True	1419924	1421309	left	1	4	36
13	lzy	f	19	1	circle	green	(533, 540)	high	dis	(724, 460)	N	dif	vert	up	True	1422351	1423446	up	1	4	37
13	lzy	f	19	1	circle	red	(533, 540)	high	no	no_dis	N	dif	hori	left	True	1424612	1425582	left	1	4	38
13	lzy	f	19	1	diamond	red	(565, 619)	low	dis	(645, 428)	N	same	hori	left	True	1426688	1427910	left	1	4	39
13	lzy	f	19	1	circle	green	(645, 652)	low	dis	(724, 460)	N	same	vert	up	True	1428918	1430678	up	1	4	40
13	lzy	f	19	1	diamond	green	(533, 540)	high	dis	(757, 540)	N	dif	hori	left	True	1431842	1432966	left	1	4	41
13	lzy	f	19	1	diamond	red	(565, 460)	low	no	no_dis	N	same	vert	up	True	1434209	1435974	left	0	4	42
13	lzy	f	19	1	diamond	green	(565, 460)	low	dis	(757, 540)	N	dif	hori	left	True	1438592	1440254	left	1	4	43
13	lzy	f	19	1	circle	red	(533, 540)	high	dis	(645, 428)	N	same	hori	left	True	1441481	1442918	left	1	4	44
13	lzy	f	19	1	circle	green	(645, 428)	low	dis	(565, 460)	N	same	vert	up	True	1444038	1445542	up	1	4	45
13	lzy	f	19	1	circle	green	(724, 619)	low	dis	(565, 619)	N	same	hori	left	True	1446544	1447566	left	1	4	46
13	lzy	f	19	1	circle	red	(645, 428)	low	dis	(533, 540)	Y	same	hori	left	True	1448745	1449854	left	1	4	47
13	lzy	f	19	1	circle	red	(565, 619)	low	no	no_dis	N	same	hori	left	True	1450993	1451773	left	1	4	48
13	lzy	f	19	1	diamond	red	(724, 619)	low	dis	(565, 460)	N	same	vert	up	True	1452925	1454358	up	1	4	49
13	lzy	f	19	1	diamond	green	(645, 652)	low	dis	(724, 619)	N	same	vert	up	True	1455432	1457526	up	1	4	50
13	lzy	f	19	1	diamond	red	(533, 540)	high	dis	(724, 460)	N	same	hori	left	True	1458575	1459550	left	1	4	51
13	lzy	f	19	1	diamond	green	(757, 540)	low	dis	(565, 460)	N	dif	vert	up	True	1460680	1462118	up	1	4	52
13	lzy	f	19	1	diamond	green	(565, 619)	low	no	no_dis	N	dif	hori	left	True	1463147	1464334	left	1	4	53
13	lzy	f	19	1	circle	red	(724, 619)	low	dis	(533, 540)	Y	same	hori	left	True	1465572	1467270	left	1	4	54
13	lzy	f	19	1	circle	red	(757, 540)	low	dis	(724, 619)	N	same	vert	up	True	1468356	1469446	up	1	4	55
13	lzy	f	19	1	diamond	green	(565, 619)	low	dis	(724, 619)	N	same	hori	left	True	1470517	1471734	left	1	4	56
13	lzy	f	19	1	circle	red	(645, 428)	low	dis	(724, 460)	N	dif	hori	left	True	1472891	1474158	left	1	4	57
13	lzy	f	19	1	circle	red	(533, 540)	high	no	no_dis	N	dif	hori	left	True	1475394	1476366	left	1	4	58
13	lzy	f	19	1	circle	green	(645, 652)	low	no	no_dis	N	same	hori	left	True	1477490	1478694	left	1	4	59
13	lzy	f	19	1	diamond	red	(645, 428)	low	no	no_dis	N	dif	vert	up	True	1479722	1481230	up	1	4	60
13	lzy	f	19	1	diamond	green	(724, 619)	low	dis	(533, 540)	Y	same	hori	left	True	1482466	1483790	left	1	4	61
13	lzy	f	19	1	circle	red	(757, 540)	low	no	no_dis	N	dif	hori	left	True	1485005	1486846	left	1	4	62
13	lzy	f	19	1	diamond	red	(645, 428)	low	dis	(757, 540)	N	dif	vert	up	True	1487957	1489214	up	1	4	63
13	lzy	f	19	1	diamond	green	(724, 460)	low	dis	(757, 540)	N	same	hori	left	True	1490221	1491878	left	1	4	64
13	lzy	f	19	1	circle	green	(533, 540)	high	no	no_dis	N	same	vert	up	True	1493073	1493910	up	1	4	65
13	lzy	f	19	1	diamond	red	(533, 540)	high	dis	(724, 619)	N	same	vert	up	True	1494983	1496870	up	1	4	66
13	lzy	f	19	1	diamond	red	(533, 540)	high	dis	(645, 428)	N	same	vert	up	True	1497940	1499438	up	1	4	67
13	lzy	f	19	1	diamond	green	(565, 460)	low	no	no_dis	N	same	hori	left	True	1500602	1501686	left	1	4	68
13	lzy	f	19	1	diamond	red	(645, 652)	low	dis	(565, 460)	N	same	hori	left	True	1502819	1503982	left	1	4	69
13	lzy	f	19	1	diamond	red	(533, 540)	high	dis	(724, 460)	N	dif	hori	left	True	1505019	1505790	left	1	4	70
13	lzy	f	19	1	circle	red	(533, 540)	high	dis	(645, 652)	N	dif	vert	up	True	1506873	1507822	up	1	4	71
13	lzy	f	19	1	circle	green	(565, 619)	low	no	no_dis	N	same	vert	up	True	1508987	1510030	up	1	4	72
13	lzy	f	19	1	diamond	red	(724, 619)	low	no	no_dis	N	same	hori	left	True	1511133	1512798	left	1	4	73
13	lzy	f	19	1	circle	red	(724, 460)	low	dis	(645, 428)	N	dif	hori	left	True	1514002	1515894	left	1	4	74
13	lzy	f	19	1	diamond	red	(565, 460)	low	no	no_dis	N	dif	hori	left	True	1516969	1518294	left	1	4	75
13	lzy	f	19	1	diamond	green	(533, 540)	high	dis	(645, 428)	N	same	hori	left	True	1519378	1520582	left	1	4	76
13	lzy	f	19	1	circle	green	(533, 540)	high	dis	(565, 460)	N	same	vert	up	True	1521762	1524142	up	1	4	77
13	lzy	f	19	1	diamond	red	(724, 460)	low	no	no_dis	N	same	vert	up	True	1525328	1526366	up	1	4	78
13	lzy	f	19	1	diamond	green	(724, 619)	low	no	no_dis	N	dif	vert	up	True	1527501	1528293	up	1	4	79
13	lzy	f	19	1	diamond	red	(724, 460)	low	dis	(645, 428)	N	same	vert	up	True	1529407	1531310	up	1	4	80
13	lzy	f	19	1	circle	green	(724, 619)	low	no	no_dis	N	dif	hori	left	True	1532401	1533222	left	1	4	81
13	lzy	f	19	1	circle	red	(565, 460)	low	dis	(533, 540)	Y	same	vert	up	True	1534277	1535686	up	1	4	82
13	lzy	f	19	1	diamond	green	(533, 540)	high	no	no_dis	N	same	hori	left	True	1536868	1538198	left	1	4	83
13	lzy	f	19	1	diamond	red	(533, 540)	high	no	no_dis	N	dif	vert	up	True	1539232	1540246	up	1	4	84
13	lzy	f	19	1	circle	green	(757, 540)	low	no	no_dis	N	dif	vert	up	True	1541496	1542326	up	1	4	85
13	lzy	f	19	1	diamond	red	(645, 428)	low	dis	(533, 540)	Y	dif	hori	left	True	1543490	1545086	left	1	4	86
13	lzy	f	19	1	circle	red	(645, 652)	low	no	no_dis	N	same	vert	up	True	1546199	1547486	up	1	4	87
13	lzy	f	19	1	circle	green	(757, 540)	low	dis	(565, 460)	N	dif	vert	up	True	1548602	1549526	up	1	4	88
13	lzy	f	19	1	circle	green	(565, 460)	low	dis	(565, 619)	N	dif	vert	up	True	1550538	1551798	up	1	4	89
13	lzy	f	19	1	circle	green	(533, 540)	high	no	no_dis	N	dif	hori	left	True	1552864	1554262	left	1	4	90
13	lzy	f	19	1	circle	red	(757, 540)	low	dis	(565, 619)	N	same	vert	up	True	1555372	1556318	up	1	4	91
13	lzy	f	19	1	diamond	green	(533, 540)	high	no	no_dis	N	same	vert	up	True	1557348	1559134	up	1	4	92
13	lzy	f	19	1	circle	red	(645, 652)	low	dis	(757, 540)	N	dif	hori	left	True	1560217	1561198	left	1	4	93
13	lzy	f	19	1	diamond	green	(645, 428)	low	no	no_dis	N	same	hori	left	True	1562303	1563429	left	1	4	94
13	lzy	f	19	1	diamond	green	(533, 540)	high	dis	(757, 540)	N	dif	vert	up	True	1564549	1565822	up	1	4	95
13	lzy	f	19	1	diamond	red	(565, 460)	low	dis	(724, 460)	N	dif	vert	up	True	1567024	1567950	up	1	4	96
13	lzy	f	19	1	diamond	green	(645, 652)	low	no	no_dis	N	dif	vert	up	True	1569189	1570598	up	1	4	97
13	lzy	f	19	1	circle	red	(565, 619)	low	dis	(724, 619)	N	dif	hori	left	True	1571688	1572470	left	1	4	98
13	lzy	f	19	1	circle	green	(565, 619)	low	dis	(565, 460)	N	same	hori	left	True	1573704	1574590	left	1	4	99
13	lzy	f	19	1	diamond	red	(533, 540)	high	no	no_dis	N	dif	vert	up	True	1575841	1576878	up	1	4	100
13	lzy	f	19	1	circle	red	(533, 540)	high	dis	(565, 619)	N	dif	vert	up	True	1578129	1580702	up	1	4	101
13	lzy	f	19	1	circle	green	(645, 652)	low	no	no_dis	N	same	vert	up	True	1581704	1582918	up	1	4	102
13	lzy	f	19	1	circle	red	(724, 619)	low	dis	(533, 540)	Y	same	vert	up	True	1583993	1585006	up	1	4	103
13	lzy	f	19	1	circle	red	(724, 460)	low	no	no_dis	N	dif	hori	left	True	1586255	1587086	left	1	4	104
13	lzy	f	19	1	diamond	red	(533, 540)	high	dis	(645, 652)	N	dif	hori	left	True	1588136	1589093	left	1	4	105
13	lzy	f	19	1	diamond	green	(724, 460)	low	dis	(533, 540)	Y	dif	hori	left	True	1590194	1591261	left	1	4	106
13	lzy	f	19	1	circle	green	(724, 619)	low	dis	(565, 460)	N	same	vert	up	True	1592400	1593510	up	1	4	107
13	lzy	f	19	1	circle	red	(533, 540)	high	dis	(724, 619)	N	dif	hori	left	True	1594565	1595293	left	1	4	108
13	lzy	f	19	1	circle	green	(757, 540)	low	dis	(645, 652)	N	dif	vert	up	True	1596488	1597805	up	1	4	109
13	lzy	f	19	1	diamond	green	(645, 428)	low	dis	(757, 540)	N	dif	vert	up	True	1598898	1600190	up	1	4	110
13	lzy	f	19	1	diamond	green	(565, 619)	low	dis	(645, 652)	N	same	vert	up	True	1601335	1603278	up	1	4	111
13	lzy	f	19	1	circle	green	(533, 540)	high	dis	(565, 460)	N	same	vert	up	True	1604356	1605389	up	1	4	112
13	lzy	f	19	1	circle	green	(533, 540)	high	no	no_dis	N	same	vert	up	True	1606449	1608805	up	1	4	113
13	lzy	f	19	1	diamond	red	(724, 619)	low	no	no_dis	N	dif	vert	up	True	1609940	1610822	up	1	4	114
13	lzy	f	19	1	circle	red	(533, 540)	high	no	no_dis	N	dif	vert	up	True	1611874	1612654	up	1	4	115
13	lzy	f	19	1	circle	red	(757, 540)	low	no	no_dis	N	dif	hori	left	True	1613796	1614662	left	1	4	116
13	lzy	f	19	1	diamond	green	(645, 428)	low	dis	(565, 619)	N	dif	hori	left	True	1615727	1617046	left	1	4	117
13	lzy	f	19	1	circle	red	(533, 540)	high	dis	(724, 619)	N	same	hori	left	True	1618152	1619382	left	1	4	118
13	lzy	f	19	1	circle	red	(565, 619)	low	dis	(645, 652)	N	same	hori	left	True	1620577	1622990	left	1	4	119
13	lzy	f	19	1	circle	red	(724, 460)	low	dis	(757, 540)	N	dif	vert	up	True	1624159	1625542	up	1	4	120
13	lzy	f	19	1	diamond	red	(565, 619)	low	dis	(645, 428)	N	same	vert	up	True	1668109	1670382	up	1	5	1
13	lzy	f	19	1	circle	red	(724, 460)	low	no	no_dis	N	same	vert	up	True	1671501	1672318	up	1	5	2
13	lzy	f	19	1	circle	green	(533, 540)	high	dis	(645, 652)	N	same	hori	left	True	1673476	1674574	left	1	5	3
13	lzy	f	19	1	diamond	green	(565, 619)	low	dis	(645, 652)	N	dif	vert	up	True	1675584	1676854	up	1	5	4
13	lzy	f	19	1	circle	green	(533, 540)	high	dis	(645, 652)	N	dif	hori	left	True	1678063	1678822	left	1	5	5
13	lzy	f	19	1	diamond	red	(533, 540)	high	dis	(645, 652)	N	dif	vert	up	True	1679972	1680726	up	1	5	6
13	lzy	f	19	1	circle	red	(645, 428)	low	dis	(757, 540)	N	same	vert	up	True	1681901	1682734	up	1	5	7
13	lzy	f	19	1	circle	red	(757, 540)	low	dis	(533, 540)	Y	dif	vert	up	True	1683973	1684781	up	1	5	8
13	lzy	f	19	1	circle	red	(533, 540)	high	dis	(757, 540)	N	same	hori	left	True	1686022	1686661	left	1	5	9
13	lzy	f	19	1	diamond	red	(645, 428)	low	no	no_dis	N	dif	hori	left	True	1687792	1688942	left	1	5	10
13	lzy	f	19	1	circle	red	(724, 460)	low	dis	(757, 540)	N	same	hori	left	True	1690137	1691030	left	1	5	11
13	lzy	f	19	1	circle	red	(533, 540)	high	no	no_dis	N	dif	vert	up	True	1692141	1692934	up	1	5	12
13	lzy	f	19	1	diamond	red	(645, 652)	low	dis	(565, 619)	N	dif	vert	up	True	1694051	1695654	up	1	5	13
13	lzy	f	19	1	circle	red	(533, 540)	high	dis	(757, 540)	N	dif	hori	left	True	1696790	1697998	left	1	5	14
13	lzy	f	19	1	diamond	red	(533, 540)	high	dis	(565, 460)	N	dif	vert	up	True	1699064	1700782	up	1	5	15
13	lzy	f	19	1	diamond	red	(724, 460)	low	dis	(533, 540)	Y	same	vert	up	True	1701883	1702774	up	1	5	16
13	lzy	f	19	1	diamond	green	(533, 540)	high	dis	(565, 460)	N	dif	hori	left	True	1703851	1704910	left	1	5	17
13	lzy	f	19	1	diamond	red	(565, 460)	low	dis	(565, 619)	N	same	hori	left	True	1706110	1707182	left	1	5	18
13	lzy	f	19	1	diamond	red	(565, 460)	low	dis	(757, 540)	N	dif	hori	left	True	1708244	1709285	left	1	5	19
13	lzy	f	19	1	circle	red	(565, 619)	low	dis	(645, 652)	N	dif	hori	left	True	1710419	1712069	left	1	5	20
13	lzy	f	19	1	circle	red	(533, 540)	high	no	no_dis	N	same	hori	left	True	1713295	1714358	left	1	5	21
13	lzy	f	19	1	diamond	red	(645, 428)	low	no	no_dis	N	same	hori	left	True	1715495	1717222	left	1	5	22
13	lzy	f	19	1	diamond	green	(533, 540)	high	no	no_dis	N	dif	vert	up	True	1718336	1719150	up	1	5	23
13	lzy	f	19	1	diamond	green	(645, 652)	low	no	no_dis	N	same	vert	up	True	1720277	1721189	up	1	5	24
13	lzy	f	19	1	circle	red	(724, 460)	low	no	no_dis	N	dif	hori	left	True	1722325	1723366	left	1	5	25
13	lzy	f	19	1	circle	green	(724, 619)	low	dis	(757, 540)	N	dif	hori	left	True	1724494	1725318	up	0	5	26
13	lzy	f	19	1	circle	red	(724, 460)	low	dis	(645, 428)	N	same	vert	up	True	1727839	1729278	up	1	5	27
13	lzy	f	19	1	circle	red	(724, 619)	low	dis	(645, 652)	N	dif	vert	up	True	1730399	1731237	up	1	5	28
13	lzy	f	19	1	circle	red	(565, 460)	low	no	no_dis	N	dif	vert	up	True	1732274	1733046	up	1	5	29
13	lzy	f	19	1	diamond	green	(645, 428)	low	dis	(565, 460)	N	dif	vert	up	True	1734225	1735766	up	1	5	30
13	lzy	f	19	1	diamond	red	(645, 652)	low	no	no_dis	N	dif	hori	left	True	1736922	1737966	left	1	5	31
13	lzy	f	19	1	diamond	green	(533, 540)	high	no	no_dis	N	same	vert	up	True	1738981	1739798	up	1	5	32
13	lzy	f	19	1	circle	red	(757, 540)	low	dis	(645, 428)	N	same	vert	up	True	1740838	1742765	up	1	5	33
13	lzy	f	19	1	circle	green	(565, 619)	low	dis	(565, 460)	N	dif	vert	up	True	1743854	1744710	up	1	5	34
13	lzy	f	19	1	circle	red	(565, 460)	low	dis	(724, 619)	N	dif	hori	left	True	1745916	1747158	left	1	5	35
13	lzy	f	19	1	circle	red	(565, 460)	low	dis	(724, 619)	N	same	hori	left	True	1748231	1748870	left	1	5	36
13	lzy	f	19	1	diamond	green	(757, 540)	low	no	no_dis	N	dif	vert	up	True	1750121	1751718	up	1	5	37
13	lzy	f	19	1	diamond	red	(645, 428)	low	dis	(533, 540)	Y	same	vert	up	True	1752751	1753630	up	1	5	38
13	lzy	f	19	1	circle	green	(724, 460)	low	dis	(533, 540)	Y	same	hori	left	True	1754648	1756341	left	1	5	39
13	lzy	f	19	1	circle	green	(565, 460)	low	no	no_dis	N	dif	vert	up	True	1757483	1758310	up	1	5	40
13	lzy	f	19	1	circle	green	(724, 460)	low	no	no_dis	N	same	vert	up	True	1759371	1760237	up	1	5	41
13	lzy	f	19	1	circle	red	(645, 428)	low	dis	(724, 460)	N	same	hori	left	True	1761275	1762445	left	1	5	42
13	lzy	f	19	1	circle	red	(533, 540)	high	no	no_dis	N	same	vert	up	True	1763558	1764342	up	1	5	43
13	lzy	f	19	1	circle	green	(533, 540)	high	no	no_dis	N	dif	hori	left	True	1765497	1766438	left	1	5	44
13	lzy	f	19	1	circle	green	(757, 540)	low	dis	(645, 652)	N	dif	hori	left	True	1767546	1769246	left	1	5	45
13	lzy	f	19	1	diamond	green	(724, 460)	low	dis	(533, 540)	Y	same	vert	up	True	1770423	1771342	up	1	5	46
13	lzy	f	19	1	circle	green	(645, 652)	low	no	no_dis	N	same	vert	up	True	1772541	1773422	up	1	5	47
13	lzy	f	19	1	diamond	green	(533, 540)	high	dis	(724, 619)	N	same	vert	up	True	1774486	1775423	up	1	5	48
13	lzy	f	19	1	diamond	green	(533, 540)	high	no	no_dis	N	same	hori	left	True	1776670	1777421	left	1	5	49
13	lzy	f	19	1	circle	red	(565, 619)	low	dis	(724, 460)	N	dif	hori	left	True	1778464	1779526	left	1	5	50
13	lzy	f	19	1	circle	red	(565, 460)	low	no	no_dis	N	same	hori	left	True	1780540	1781341	left	1	5	51
13	lzy	f	19	1	diamond	red	(565, 619)	low	dis	(645, 652)	N	same	vert	up	True	1782392	1783493	up	1	5	52
13	lzy	f	19	1	diamond	red	(533, 540)	high	dis	(724, 619)	N	same	vert	up	True	1784561	1785582	up	1	5	53
13	lzy	f	19	1	diamond	red	(533, 540)	high	dis	(645, 428)	N	dif	vert	up	True	1786797	1787357	up	1	5	54
13	lzy	f	19	1	circle	green	(645, 652)	low	dis	(724, 619)	N	same	hori	left	True	1788381	1789486	left	1	5	55
13	lzy	f	19	1	diamond	red	(757, 540)	low	dis	(565, 619)	N	dif	hori	left	True	1790575	1791446	left	1	5	56
13	lzy	f	19	1	circle	green	(533, 540)	high	dis	(565, 619)	N	dif	vert	up	True	1792615	1793462	left	0	5	57
13	lzy	f	19	1	circle	red	(533, 540)	high	dis	(645, 428)	N	dif	vert	up	True	1796027	1797709	up	1	5	58
13	lzy	f	19	1	diamond	green	(724, 619)	low	dis	(645, 652)	N	same	vert	up	True	1798721	1800894	up	1	5	59
13	lzy	f	19	1	diamond	green	(565, 619)	low	no	no_dis	N	dif	hori	left	True	1802034	1802934	left	1	5	60
13	lzy	f	19	1	diamond	red	(724, 460)	low	dis	(645, 428)	N	dif	hori	left	True	1803980	1804942	left	1	5	61
13	lzy	f	19	1	diamond	green	(645, 652)	low	dis	(724, 460)	N	same	hori	left	True	1806173	1807246	left	1	5	62
13	lzy	f	19	1	circle	red	(533, 540)	high	dis	(724, 460)	N	dif	hori	left	True	1808308	1809141	left	1	5	63
13	lzy	f	19	1	circle	green	(757, 540)	low	no	no_dis	N	same	hori	left	True	1810242	1811445	up	0	5	64
13	lzy	f	19	1	circle	green	(533, 540)	high	dis	(757, 540)	N	same	vert	up	True	1813973	1815246	left	0	5	65
13	lzy	f	19	1	diamond	red	(565, 619)	low	no	no_dis	N	dif	hori	left	True	1817940	1819054	left	1	5	66
13	lzy	f	19	1	diamond	red	(533, 540)	high	dis	(724, 619)	N	same	hori	left	True	1820136	1820949	left	1	5	67
13	lzy	f	19	1	circle	red	(533, 540)	high	dis	(724, 460)	N	same	hori	left	True	1822107	1822830	left	1	5	68
13	lzy	f	19	1	diamond	red	(645, 652)	low	dis	(533, 540)	Y	same	hori	left	True	1823923	1824878	left	1	5	69
13	lzy	f	19	1	circle	red	(565, 619)	low	no	no_dis	N	same	vert	up	True	1826089	1828078	up	1	5	70
13	lzy	f	19	1	diamond	green	(757, 540)	low	dis	(724, 460)	N	dif	vert	up	True	1829201	1829966	left	0	5	71
13	lzy	f	19	1	circle	green	(565, 460)	low	dis	(724, 460)	N	same	vert	up	True	1832633	1835101	left	0	5	72
13	lzy	f	19	1	circle	green	(565, 460)	low	dis	(645, 428)	N	dif	hori	left	True	1837641	1839206	left	1	5	73
13	lzy	f	19	1	diamond	green	(565, 460)	low	dis	(757, 540)	N	dif	hori	left	True	1840357	1842117	left	1	5	74
13	lzy	f	19	1	circle	green	(724, 460)	low	dis	(645, 428)	N	dif	vert	up	True	1843366	1845006	up	1	5	75
13	lzy	f	19	1	diamond	green	(724, 460)	low	dis	(724, 619)	N	dif	hori	left	True	1846197	1848078	left	1	5	76
13	lzy	f	19	1	circle	green	(645, 428)	low	dis	(724, 619)	N	same	hori	left	True	1849124	1850438	left	1	5	77
13	lzy	f	19	1	circle	red	(533, 540)	high	dis	(724, 460)	N	same	vert	up	True	1851641	1852422	up	1	5	78
13	lzy	f	19	1	diamond	red	(565, 619)	low	no	no_dis	N	same	vert	up	True	1853440	1855486	up	1	5	79
13	lzy	f	19	1	diamond	red	(533, 540)	high	no	no_dis	N	dif	hori	left	True	1856533	1857326	left	1	5	80
13	lzy	f	19	1	circle	green	(724, 619)	low	no	no_dis	N	dif	vert	up	True	1858366	1859461	up	1	5	81
13	lzy	f	19	1	diamond	red	(724, 619)	low	dis	(565, 619)	N	same	vert	up	True	1860569	1862342	up	1	5	82
13	lzy	f	19	1	circle	green	(565, 460)	low	no	no_dis	N	dif	vert	up	True	1863478	1864669	up	1	5	83
13	lzy	f	19	1	circle	green	(724, 619)	low	dis	(757, 540)	N	same	vert	up	True	1865701	1866614	up	1	5	84
13	lzy	f	19	1	diamond	red	(645, 428)	low	no	no_dis	N	same	hori	left	True	1867735	1870302	left	1	5	85
13	lzy	f	19	1	circle	green	(565, 619)	low	dis	(645, 652)	N	same	hori	left	True	1871470	1872966	left	1	5	86
13	lzy	f	19	1	circle	green	(533, 540)	high	dis	(757, 540)	N	dif	hori	left	True	1874048	1874998	left	1	5	87
13	lzy	f	19	1	circle	red	(724, 619)	low	no	no_dis	N	same	hori	left	True	1876197	1877014	left	1	5	88
13	lzy	f	19	1	diamond	red	(533, 540)	high	dis	(565, 460)	N	same	hori	left	True	1878151	1879589	left	1	5	89
13	lzy	f	19	1	diamond	green	(757, 540)	low	dis	(565, 619)	N	dif	vert	up	True	1880783	1881965	up	1	5	90
13	lzy	f	19	1	diamond	green	(533, 540)	high	dis	(565, 619)	N	same	hori	left	True	1883048	1884165	left	1	5	91
13	lzy	f	19	1	circle	green	(533, 540)	high	dis	(565, 619)	N	dif	vert	up	True	1885167	1886918	up	1	5	92
13	lzy	f	19	1	circle	green	(533, 540)	high	no	no_dis	N	dif	vert	up	True	1888112	1888926	up	1	5	93
13	lzy	f	19	1	diamond	green	(533, 540)	high	dis	(645, 428)	N	same	vert	up	True	1889967	1891222	up	1	5	94
13	lzy	f	19	1	diamond	green	(645, 428)	low	dis	(565, 460)	N	dif	vert	up	True	1892367	1893782	up	1	5	95
13	lzy	f	19	1	diamond	red	(533, 540)	high	no	no_dis	N	same	hori	left	True	1894952	1895845	left	1	5	96
13	lzy	f	19	1	circle	green	(645, 652)	low	dis	(533, 540)	Y	same	vert	up	True	1896988	1898478	up	1	5	97
13	lzy	f	19	1	circle	green	(533, 540)	high	no	no_dis	N	same	vert	up	True	1899516	1900230	up	1	5	98
13	lzy	f	19	1	diamond	green	(724, 619)	low	dis	(565, 619)	N	same	hori	left	True	1901275	1903357	left	1	5	99
13	lzy	f	19	1	diamond	red	(645, 428)	low	dis	(724, 460)	N	dif	hori	left	True	1904475	1905726	up	0	5	100
13	lzy	f	19	1	diamond	green	(533, 540)	high	dis	(565, 460)	N	dif	hori	left	True	1908313	1909301	left	1	5	101
13	lzy	f	19	1	diamond	red	(724, 619)	low	dis	(565, 619)	N	dif	hori	left	True	1910461	1911742	left	1	5	102
13	lzy	f	19	1	diamond	red	(645, 652)	low	no	no_dis	N	dif	vert	up	True	1912889	1915246	up	1	5	103
13	lzy	f	19	1	diamond	green	(645, 652)	low	dis	(533, 540)	Y	dif	hori	left	True	1916466	1917294	left	1	5	104
13	lzy	f	19	1	circle	green	(757, 540)	low	dis	(533, 540)	Y	same	hori	left	True	1918457	1919870	left	1	5	105
13	lzy	f	19	1	diamond	green	(533, 540)	high	dis	(724, 460)	N	same	vert	up	True	1921028	1921902	up	1	5	106
13	lzy	f	19	1	diamond	green	(757, 540)	low	no	no_dis	N	same	hori	left	True	1923032	1924174	left	1	5	107
13	lzy	f	19	1	circle	red	(645, 652)	low	dis	(645, 428)	N	dif	vert	up	True	1925201	1926918	up	1	5	108
13	lzy	f	19	1	diamond	green	(724, 619)	low	no	no_dis	N	dif	hori	left	True	1927925	1928846	left	1	5	109
13	lzy	f	19	1	circle	green	(645, 428)	low	dis	(565, 460)	N	dif	vert	up	True	1929902	1931846	up	1	5	110
13	lzy	f	19	1	diamond	green	(724, 619)	low	no	no_dis	N	dif	vert	up	True	1932893	1935317	up	1	5	111
13	lzy	f	19	1	circle	red	(724, 460)	low	no	no_dis	N	dif	hori	left	True	1936412	1937373	left	1	5	112
13	lzy	f	19	1	circle	red	(645, 652)	low	dis	(724, 619)	N	same	hori	left	True	1938577	1939949	left	1	5	113
13	lzy	f	19	1	diamond	red	(533, 540)	high	no	no_dis	N	dif	hori	left	True	1941147	1942278	left	1	5	114
13	lzy	f	19	1	diamond	green	(565, 619)	low	dis	(565, 460)	N	same	hori	left	True	1943473	1944630	left	1	5	115
13	lzy	f	19	1	circle	red	(724, 619)	low	dis	(565, 460)	N	dif	vert	up	True	1945709	1946582	up	1	5	116
13	lzy	f	19	1	diamond	red	(757, 540)	low	dis	(533, 540)	Y	same	vert	up	False	1947672	None	None	0	5	117
13	lzy	f	19	1	diamond	green	(565, 460)	low	dis	(724, 619)	N	dif	vert	up	True	1953351	1954158	up	1	5	118
13	lzy	f	19	1	diamond	green	(645, 428)	low	no	no_dis	N	same	hori	left	True	1955325	1956725	left	1	5	119
13	lzy	f	19	1	circle	green	(757, 540)	low	no	no_dis	N	same	vert	up	True	1957897	1959278	up	1	5	120
13	lzy	f	19	1	diamond	green	(533, 540)	high	dis	(645, 428)	N	same	vert	up	True	2004613	2005734	up	1	6	1
13	lzy	f	19	1	circle	green	(533, 540)	high	dis	(565, 460)	N	same	hori	left	True	2006784	2007750	left	1	6	2
13	lzy	f	19	1	diamond	green	(565, 619)	low	dis	(533, 540)	Y	dif	vert	up	True	2008839	2010133	up	1	6	3
13	lzy	f	19	1	diamond	red	(565, 619)	low	dis	(757, 540)	N	dif	hori	left	True	2011321	2012318	left	1	6	4
13	lzy	f	19	1	diamond	green	(565, 460)	low	dis	(565, 619)	N	same	hori	left	True	2013502	2014918	left	1	6	5
13	lzy	f	19	1	circle	red	(645, 428)	low	dis	(724, 460)	N	same	vert	up	True	2016104	2017421	up	1	6	6
13	lzy	f	19	1	diamond	red	(645, 652)	low	dis	(724, 460)	N	same	vert	up	True	2018500	2020158	up	1	6	7
13	lzy	f	19	1	circle	red	(645, 652)	low	dis	(565, 619)	N	same	vert	up	True	2021402	2022694	up	1	6	8
13	lzy	f	19	1	circle	red	(565, 460)	low	dis	(533, 540)	Y	dif	vert	up	True	2023747	2024686	up	1	6	9
13	lzy	f	19	1	diamond	red	(757, 540)	low	dis	(724, 460)	N	dif	hori	left	True	2025854	2026821	left	1	6	10
13	lzy	f	19	1	diamond	green	(533, 540)	high	dis	(645, 428)	N	same	vert	up	True	2028006	2029182	up	1	6	11
13	lzy	f	19	1	circle	green	(533, 540)	high	dis	(724, 460)	N	same	vert	up	True	2030389	2031678	up	1	6	12
13	lzy	f	19	1	diamond	green	(724, 460)	low	no	no_dis	N	dif	vert	up	True	2032825	2034550	up	1	6	13
13	lzy	f	19	1	circle	red	(757, 540)	low	dis	(724, 619)	N	dif	hori	left	True	2035652	2036774	left	1	6	14
13	lzy	f	19	1	circle	red	(565, 619)	low	no	no_dis	N	dif	hori	left	True	2037795	2038557	left	1	6	15
13	lzy	f	19	1	diamond	green	(757, 540)	low	dis	(533, 540)	Y	dif	hori	left	True	2039711	2040677	left	1	6	16
13	lzy	f	19	1	circle	red	(724, 619)	low	no	no_dis	N	same	hori	left	True	2041849	2042854	left	1	6	17
13	lzy	f	19	1	diamond	red	(645, 428)	low	dis	(565, 619)	N	same	hori	left	True	2043908	2045646	left	1	6	18
13	lzy	f	19	1	circle	green	(565, 460)	low	dis	(533, 540)	Y	same	vert	up	True	2046888	2047750	up	1	6	19
13	lzy	f	19	1	diamond	red	(533, 540)	high	dis	(565, 460)	N	same	hori	left	True	2048913	2050054	left	1	6	20
13	lzy	f	19	1	circle	green	(533, 540)	high	no	no_dis	N	dif	vert	up	True	2051290	2052046	up	1	6	21
13	lzy	f	19	1	diamond	green	(724, 619)	low	dis	(565, 460)	N	same	vert	up	True	2053092	2054214	up	1	6	22
13	lzy	f	19	1	diamond	green	(645, 428)	low	dis	(724, 619)	N	same	hori	left	True	2055335	2056221	left	1	6	23
13	lzy	f	19	1	diamond	red	(533, 540)	high	dis	(565, 460)	N	dif	vert	up	True	2057404	2058518	up	1	6	24
13	lzy	f	19	1	circle	red	(533, 540)	high	no	no_dis	N	dif	vert	up	True	2059575	2060614	up	1	6	25
13	lzy	f	19	1	circle	red	(724, 619)	low	dis	(645, 652)	N	dif	vert	up	True	2061635	2062365	up	1	6	26
13	lzy	f	19	1	diamond	green	(757, 540)	low	no	no_dis	N	dif	hori	left	True	2063397	2064661	left	1	6	27
13	lzy	f	19	1	diamond	red	(724, 460)	low	no	no_dis	N	dif	vert	up	True	2065864	2066758	up	1	6	28
13	lzy	f	19	1	diamond	red	(565, 619)	low	dis	(645, 428)	N	same	vert	up	True	2067902	2068829	up	1	6	29
13	lzy	f	19	1	circle	green	(533, 540)	high	dis	(645, 652)	N	dif	hori	left	True	2070007	2071245	left	1	6	30
13	lzy	f	19	1	circle	red	(565, 619)	low	dis	(724, 619)	N	same	hori	left	True	2072296	2073054	left	1	6	31
13	lzy	f	19	1	circle	red	(724, 460)	low	dis	(645, 428)	N	same	hori	left	True	2074105	2074885	left	1	6	32
13	lzy	f	19	1	circle	red	(533, 540)	high	dis	(724, 460)	N	same	hori	left	True	2075988	2076750	left	1	6	33
13	lzy	f	19	1	diamond	green	(533, 540)	high	no	no_dis	N	same	hori	left	True	2077910	2078966	left	1	6	34
13	lzy	f	19	1	circle	red	(757, 540)	low	dis	(724, 619)	N	same	hori	left	True	2079987	2080742	left	1	6	35
13	lzy	f	19	1	diamond	green	(533, 540)	high	dis	(565, 619)	N	same	hori	left	True	2081772	2084046	left	1	6	36
13	lzy	f	19	1	diamond	green	(724, 619)	low	no	no_dis	N	dif	hori	left	True	2085269	2086078	left	1	6	37
13	lzy	f	19	1	circle	green	(565, 619)	low	dis	(757, 540)	N	dif	hori	left	True	2087275	2088094	left	1	6	38
13	lzy	f	19	1	diamond	green	(565, 460)	low	dis	(533, 540)	Y	same	vert	up	True	2089306	2090878	left	0	6	39
13	lzy	f	19	1	diamond	green	(724, 619)	low	no	no_dis	N	dif	vert	up	True	2093475	2094221	up	1	6	40
13	lzy	f	19	1	diamond	red	(724, 460)	low	dis	(645, 652)	N	same	hori	left	True	2095299	2096574	left	1	6	41
13	lzy	f	19	1	diamond	red	(645, 652)	low	no	no_dis	N	same	vert	up	True	2097784	2098901	up	1	6	42
13	lzy	f	19	1	diamond	red	(645, 428)	low	no	no_dis	N	dif	hori	left	True	2099974	2100662	left	1	6	43
13	lzy	f	19	1	diamond	red	(533, 540)	high	no	no_dis	N	dif	hori	left	True	2101892	2102581	left	1	6	44
13	lzy	f	19	1	circle	green	(724, 460)	low	dis	(565, 619)	N	same	hori	left	True	2103639	2104518	left	1	6	45
13	lzy	f	19	1	circle	red	(645, 652)	low	no	no_dis	N	same	vert	up	True	2105620	2106470	up	1	6	46
13	lzy	f	19	1	diamond	green	(533, 540)	high	no	no_dis	N	same	vert	up	True	2107593	2109206	up	1	6	47
13	lzy	f	19	1	circle	green	(757, 540)	low	no	no_dis	N	same	vert	up	True	2110322	2111229	left	0	6	48
13	lzy	f	19	1	diamond	red	(533, 540)	high	dis	(724, 619)	N	same	vert	up	True	2113879	2115150	up	1	6	49
13	lzy	f	19	1	circle	green	(645, 428)	low	dis	(565, 460)	N	same	hori	left	True	2116401	2117653	left	1	6	50
13	lzy	f	19	1	circle	green	(645, 428)	low	dis	(565, 460)	N	dif	vert	up	True	2118855	2120086	up	1	6	51
13	lzy	f	19	1	circle	green	(724, 460)	low	dis	(645, 652)	N	same	vert	up	True	2121154	2123253	left	0	6	52
13	lzy	f	19	1	diamond	red	(533, 540)	high	no	no_dis	N	same	vert	up	True	2125948	2127270	up	1	6	53
13	lzy	f	19	1	circle	green	(533, 540)	high	dis	(645, 652)	N	dif	hori	left	True	2128325	2129037	left	1	6	54
13	lzy	f	19	1	circle	red	(533, 540)	high	no	no_dis	N	dif	hori	left	True	2130048	2130821	left	1	6	55
13	lzy	f	19	1	diamond	green	(724, 460)	low	dis	(757, 540)	N	same	vert	up	True	2131945	2134069	up	1	6	56
13	lzy	f	19	1	circle	green	(724, 619)	low	dis	(645, 428)	N	dif	hori	left	True	2135250	2136645	left	1	6	57
13	lzy	f	19	1	circle	red	(724, 619)	low	dis	(565, 460)	N	dif	vert	up	True	2137705	2138526	up	1	6	58
13	lzy	f	19	1	circle	green	(757, 540)	low	dis	(533, 540)	Y	dif	vert	up	True	2139662	2140494	up	1	6	59
13	lzy	f	19	1	circle	green	(565, 619)	low	no	no_dis	N	dif	hori	left	True	2141567	2142397	left	1	6	60
13	lzy	f	19	1	circle	green	(645, 652)	low	dis	(757, 540)	N	dif	hori	left	True	2143485	2144302	left	1	6	61
13	lzy	f	19	1	diamond	red	(565, 460)	low	dis	(724, 460)	N	same	vert	up	True	2145364	2146509	up	1	6	62
13	lzy	f	19	1	circle	green	(565, 460)	low	dis	(645, 428)	N	same	vert	up	True	2147699	2148597	up	1	6	63
13	lzy	f	19	1	circle	green	(645, 652)	low	dis	(724, 460)	N	dif	hori	left	True	2149661	2151022	up	0	6	64
13	lzy	f	19	1	diamond	green	(757, 540)	low	dis	(565, 460)	N	dif	hori	left	True	2153659	2155622	left	1	6	65
13	lzy	f	19	1	circle	green	(757, 540)	low	dis	(533, 540)	Y	same	vert	up	True	2156700	2158925	up	1	6	66
13	lzy	f	19	1	circle	red	(533, 540)	high	dis	(757, 540)	N	dif	hori	left	True	2160161	2160805	left	1	6	67
13	lzy	f	19	1	diamond	red	(533, 540)	high	dis	(724, 460)	N	dif	vert	up	True	2161964	2162525	left	0	6	68
13	lzy	f	19	1	circle	red	(565, 460)	low	no	no_dis	N	same	hori	left	True	2165083	2165894	up	0	6	69
13	lzy	f	19	1	diamond	green	(645, 652)	low	dis	(757, 540)	N	dif	hori	left	True	2168538	2169622	left	1	6	70
13	lzy	f	19	1	diamond	red	(724, 460)	low	no	no_dis	N	same	hori	left	True	2170711	2171509	left	1	6	71
13	lzy	f	19	1	diamond	green	(724, 460)	low	no	no_dis	N	dif	vert	up	True	2172614	2173861	up	1	6	72
13	lzy	f	19	1	diamond	red	(565, 619)	low	no	no_dis	N	same	hori	left	True	2174906	2175773	left	1	6	73
13	lzy	f	19	1	diamond	red	(533, 540)	high	no	no_dis	N	same	hori	left	True	2176947	2177725	left	1	6	74
13	lzy	f	19	1	diamond	red	(645, 652)	low	dis	(645, 428)	N	dif	hori	left	True	2178776	2179597	left	1	6	75
13	lzy	f	19	1	circle	green	(565, 460)	low	no	no_dis	N	same	vert	up	True	2180622	2181726	up	1	6	76
13	lzy	f	19	1	circle	red	(645, 652)	low	no	no_dis	N	dif	vert	up	True	2182779	2184789	up	1	6	77
13	lzy	f	19	1	diamond	red	(757, 540)	low	dis	(724, 460)	N	same	hori	left	True	2185897	2186661	left	1	6	78
13	lzy	f	19	1	diamond	green	(533, 540)	high	no	no_dis	N	dif	hori	left	True	2187774	2188989	left	1	6	79
13	lzy	f	19	1	circle	red	(645, 428)	low	dis	(565, 619)	N	same	hori	left	True	2190109	2191374	left	1	6	80
13	lzy	f	19	1	diamond	green	(533, 540)	high	dis	(645, 428)	N	dif	vert	up	True	2192608	2193998	up	1	6	81
13	lzy	f	19	1	diamond	green	(757, 540)	low	no	no_dis	N	dif	hori	left	True	2195016	2195957	left	1	6	82
13	lzy	f	19	1	diamond	red	(533, 540)	high	dis	(724, 460)	N	same	vert	up	True	2197141	2197901	up	1	6	83
13	lzy	f	19	1	diamond	red	(645, 428)	low	dis	(645, 652)	N	same	hori	left	True	2199030	2199869	left	1	6	84
13	lzy	f	19	1	circle	green	(565, 460)	low	no	no_dis	N	same	vert	up	True	2201094	2202102	up	1	6	85
13	lzy	f	19	1	circle	red	(645, 652)	low	dis	(724, 619)	N	dif	vert	up	True	2203268	2204365	left	0	6	86
13	lzy	f	19	1	circle	green	(565, 619)	low	dis	(724, 619)	N	same	hori	left	True	2207047	2207838	left	1	6	87
13	lzy	f	19	1	circle	green	(533, 540)	high	no	no_dis	N	dif	vert	up	True	2209021	2209829	up	1	6	88
13	lzy	f	19	1	diamond	green	(533, 540)	high	dis	(645, 652)	N	dif	vert	up	True	2210874	2212133	up	1	6	89
13	lzy	f	19	1	circle	red	(645, 428)	low	no	no_dis	N	dif	vert	up	True	2213346	2214021	up	1	6	90
13	lzy	f	19	1	diamond	green	(724, 460)	low	dis	(565, 619)	N	dif	hori	left	True	2215093	2216389	left	1	6	91
13	lzy	f	19	1	circle	red	(533, 540)	high	no	no_dis	N	same	vert	up	True	2217638	2218205	up	1	6	92
13	lzy	f	19	1	circle	red	(565, 619)	low	dis	(645, 652)	N	dif	vert	up	True	2219232	2220086	up	1	6	93
13	lzy	f	19	1	circle	red	(533, 540)	high	dis	(757, 540)	N	dif	hori	left	True	2221285	2221973	left	1	6	94
13	lzy	f	19	1	circle	green	(533, 540)	high	dis	(724, 619)	N	dif	vert	up	True	2223010	2223718	up	1	6	95
13	lzy	f	19	1	diamond	green	(645, 652)	low	dis	(565, 619)	N	dif	vert	up	True	2224777	2225950	up	1	6	96
13	lzy	f	19	1	diamond	red	(565, 460)	low	dis	(757, 540)	N	dif	vert	up	True	2227105	2228437	left	0	6	97
13	lzy	f	19	1	circle	green	(533, 540)	high	dis	(565, 619)	N	dif	hori	left	True	2230980	2231629	left	1	6	98
13	lzy	f	19	1	circle	red	(533, 540)	high	dis	(724, 619)	N	same	hori	left	True	2232853	2233525	left	1	6	99
13	lzy	f	19	1	circle	red	(533, 540)	high	dis	(565, 460)	N	dif	hori	left	True	2234639	2235773	left	1	6	100
13	lzy	f	19	1	diamond	green	(565, 619)	low	no	no_dis	N	dif	hori	left	True	2236987	2237790	left	1	6	101
13	lzy	f	19	1	diamond	red	(724, 460)	low	dis	(645, 652)	N	dif	vert	up	True	2239012	2239990	up	1	6	102
13	lzy	f	19	1	circle	green	(645, 428)	low	no	no_dis	N	same	hori	left	True	2241161	2242094	left	1	6	103
13	lzy	f	19	1	circle	red	(724, 460)	low	dis	(533, 540)	Y	dif	vert	up	True	2243105	2244077	up	1	6	104
13	lzy	f	19	1	diamond	green	(645, 428)	low	dis	(757, 540)	N	dif	vert	up	True	2245320	2246870	up	1	6	105
13	lzy	f	19	1	diamond	red	(565, 460)	low	no	no_dis	N	dif	vert	up	True	2248056	2248950	up	1	6	106
13	lzy	f	19	1	diamond	green	(533, 540)	high	dis	(757, 540)	N	same	vert	up	True	2250033	2250830	up	1	6	107
13	lzy	f	19	1	diamond	red	(724, 619)	low	dis	(533, 540)	Y	dif	hori	left	True	2252046	2254077	left	1	6	108
13	lzy	f	19	1	circle	red	(757, 540)	low	no	no_dis	N	same	hori	left	True	2255245	2256901	left	1	6	109
13	lzy	f	19	1	circle	green	(724, 619)	low	no	no_dis	N	same	vert	up	True	2258073	2259037	up	1	6	110
13	lzy	f	19	1	diamond	red	(724, 619)	low	dis	(565, 460)	N	same	vert	up	True	2260193	2261405	up	1	6	111
13	lzy	f	19	1	circle	green	(724, 619)	low	dis	(645, 428)	N	same	vert	up	True	2262439	2264117	up	1	6	112
13	lzy	f	19	1	diamond	green	(565, 619)	low	dis	(533, 540)	Y	dif	vert	up	True	2265279	2266390	left	0	6	113
13	lzy	f	19	1	circle	red	(533, 540)	high	dis	(645, 652)	N	same	hori	left	True	2268967	2270885	left	1	6	114
13	lzy	f	19	1	circle	green	(645, 652)	low	no	no_dis	N	same	vert	up	True	2272090	2273054	up	1	6	115
13	lzy	f	19	1	circle	green	(533, 540)	high	no	no_dis	N	same	hori	left	True	2274160	2274821	left	1	6	116
13	lzy	f	19	1	circle	red	(565, 460)	low	dis	(724, 619)	N	same	hori	left	True	2276066	2276814	left	1	6	117
13	lzy	f	19	1	diamond	red	(533, 540)	high	dis	(565, 619)	N	dif	vert	up	True	2277885	2279422	up	1	6	118
13	lzy	f	19	1	diamond	red	(645, 428)	low	no	no_dis	N	same	hori	left	True	2280597	2282774	left	1	6	119
13	lzy	f	19	1	diamond	green	(724, 619)	low	dis	(645, 428)	N	dif	hori	left	True	2283836	2285301	left	1	6	120
conf	13	lzy	f	19	1	True	2336653	2344069	6	True	2344079	2349893	3
