subj	name	gender	age	prac	shape	color	tar_loc	popularity	dis_cond	dis_loc	dis_high	td_dif	line	respkey	gotkey	startTime	respTime	resp	correct	block	trialnum
14	ljq	f	20	1	circle	green	(724, 460)	low	dis	(757, 540)	N	dif	hori	left	True	15308	16646	left	1	1	1
14	ljq	f	20	1	diamond	red	(645, 652)	low	dis	(645, 428)	N	same	vert	up	True	17783	19086	up	1	1	2
14	ljq	f	20	1	circle	red	(565, 619)	high	dis	(565, 460)	N	same	vert	up	True	20334	21534	up	1	1	3
14	ljq	f	20	1	circle	green	(565, 619)	high	dis	(724, 619)	N	dif	hori	left	True	22573	23438	left	1	1	4
14	ljq	f	20	1	diamond	green	(565, 460)	low	no	no_dis	N	same	hori	left	True	24483	25430	left	1	1	5
14	ljq	f	20	1	diamond	red	(565, 619)	high	dis	(724, 460)	N	same	vert	up	True	26612	28406	up	1	1	6
14	ljq	f	20	1	diamond	green	(565, 619)	high	dis	(533, 540)	N	dif	vert	up	True	29538	30798	left	0	1	7
14	ljq	f	20	1	circle	red	(533, 540)	low	dis	(724, 619)	N	same	vert	up	True	33492	34998	up	1	1	8
14	ljq	f	20	1	circle	red	(565, 619)	high	dis	(645, 428)	N	dif	vert	up	True	36153	37837	up	1	1	9
14	ljq	f	20	1	circle	green	(757, 540)	low	dis	(533, 540)	N	dif	vert	up	True	38863	40165	up	1	1	10
14	ljq	f	20	1	circle	red	(645, 652)	low	no	no_dis	N	same	hori	left	True	41345	42262	left	1	1	11
14	ljq	f	20	1	diamond	green	(645, 428)	low	dis	(565, 619)	Y	same	vert	up	True	43300	44733	up	1	1	12
14	ljq	f	20	1	diamond	green	(645, 652)	low	dis	(757, 540)	N	same	vert	up	True	45818	47470	up	1	1	13
14	ljq	f	20	1	circle	green	(724, 460)	low	dis	(757, 540)	N	same	hori	left	True	48630	50693	left	1	1	14
14	ljq	f	20	1	circle	green	(724, 619)	low	dis	(757, 540)	N	dif	hori	left	True	51858	53789	left	1	1	15
14	ljq	f	20	1	circle	green	(565, 619)	high	dis	(533, 540)	N	dif	vert	up	True	54888	56646	up	1	1	16
14	ljq	f	20	1	diamond	green	(757, 540)	low	dis	(645, 652)	N	dif	hori	left	True	57687	58966	left	1	1	17
14	ljq	f	20	1	circle	green	(565, 619)	high	no	no_dis	N	same	hori	left	True	60013	61325	left	1	1	18
14	ljq	f	20	1	diamond	green	(565, 619)	high	dis	(645, 428)	N	dif	hori	left	True	62571	64302	left	1	1	19
14	ljq	f	20	1	diamond	green	(565, 460)	low	dis	(565, 619)	Y	same	hori	left	True	65475	67286	up	0	1	20
14	ljq	f	20	1	diamond	green	(565, 460)	low	no	no_dis	N	same	hori	left	True	69833	71870	left	1	1	21
14	ljq	f	20	1	diamond	red	(724, 460)	low	dis	(724, 619)	N	dif	hori	left	True	72995	74797	left	1	1	22
14	ljq	f	20	1	diamond	red	(565, 619)	high	no	no_dis	N	dif	hori	left	True	75817	77781	left	1	1	23
14	ljq	f	20	1	circle	green	(533, 540)	low	dis	(724, 460)	N	same	vert	up	True	79022	80974	up	1	1	24
14	ljq	f	20	1	diamond	green	(645, 428)	low	no	no_dis	N	dif	vert	up	True	82031	83517	up	1	1	25
14	ljq	f	20	1	circle	red	(565, 460)	low	dis	(645, 652)	N	dif	hori	left	True	84673	85821	left	1	1	26
14	ljq	f	20	1	circle	red	(565, 619)	high	no	no_dis	N	dif	hori	left	True	86959	87910	left	1	1	27
14	ljq	f	20	1	diamond	red	(645, 428)	low	dis	(565, 619)	Y	dif	hori	left	True	89057	91213	left	1	1	28
14	ljq	f	20	1	circle	red	(565, 619)	high	no	no_dis	N	dif	hori	left	True	92400	93645	left	1	1	29
14	ljq	f	20	1	diamond	red	(565, 460)	low	dis	(645, 652)	N	same	hori	left	True	94816	96318	left	1	1	30
14	ljq	f	20	1	circle	green	(645, 652)	low	dis	(724, 460)	N	dif	vert	up	True	97532	99310	up	1	1	31
14	ljq	f	20	1	diamond	green	(724, 619)	low	dis	(645, 652)	N	dif	hori	left	True	100471	102213	left	1	1	32
14	ljq	f	20	1	diamond	green	(757, 540)	low	dis	(565, 619)	Y	same	hori	left	True	103273	104550	left	1	1	33
14	ljq	f	20	1	diamond	red	(565, 460)	low	dis	(724, 619)	N	dif	vert	up	True	105557	107006	up	1	1	34
14	ljq	f	20	1	circle	green	(533, 540)	low	no	no_dis	N	dif	hori	left	True	108234	109493	left	1	1	35
14	ljq	f	20	1	diamond	green	(724, 460)	low	dis	(724, 619)	N	same	vert	up	True	110651	112197	up	1	1	36
14	ljq	f	20	1	circle	red	(565, 619)	high	dis	(724, 460)	N	same	hori	left	True	113368	114374	left	1	1	37
14	ljq	f	20	1	diamond	green	(724, 460)	low	dis	(757, 540)	N	same	vert	up	True	115415	118030	up	1	1	38
14	ljq	f	20	1	circle	green	(757, 540)	low	no	no_dis	N	same	hori	left	True	119266	120917	left	1	1	39
14	ljq	f	20	1	diamond	green	(565, 619)	high	no	no_dis	N	same	hori	left	True	121992	123397	left	1	1	40
14	ljq	f	20	1	diamond	green	(565, 619)	high	no	no_dis	N	same	vert	up	True	124636	125869	up	1	1	41
14	ljq	f	20	1	circle	red	(724, 619)	low	no	no_dis	N	dif	hori	left	True	127027	128125	left	1	1	42
14	ljq	f	20	1	circle	green	(724, 619)	low	no	no_dis	N	dif	hori	left	True	129252	130621	left	1	1	43
14	ljq	f	20	1	diamond	red	(724, 460)	low	dis	(565, 619)	Y	same	vert	up	True	131731	132997	up	1	1	44
14	ljq	f	20	1	circle	red	(565, 619)	high	dis	(645, 652)	N	dif	hori	left	True	134011	135477	left	1	1	45
14	ljq	f	20	1	diamond	green	(533, 540)	low	dis	(565, 619)	Y	same	vert	up	True	136549	139014	up	1	1	46
14	ljq	f	20	1	diamond	green	(757, 540)	low	no	no_dis	N	same	hori	left	True	140221	141677	left	1	1	47
14	ljq	f	20	1	diamond	red	(565, 619)	high	no	no_dis	N	dif	vert	up	True	142738	144829	up	1	1	48
14	ljq	f	20	1	circle	red	(724, 619)	low	dis	(645, 428)	N	dif	vert	up	True	145954	147598	up	1	1	49
14	ljq	f	20	1	diamond	red	(533, 540)	low	dis	(645, 428)	N	same	hori	left	True	148772	149909	left	1	1	50
14	ljq	f	20	1	diamond	red	(645, 428)	low	dis	(533, 540)	N	same	hori	left	True	151161	152629	left	1	1	51
14	ljq	f	20	1	diamond	green	(565, 619)	high	dis	(757, 540)	N	dif	vert	up	True	153811	155325	up	1	1	52
14	ljq	f	20	1	circle	red	(565, 460)	low	no	no_dis	N	same	hori	left	True	156513	157565	left	1	1	53
14	ljq	f	20	1	diamond	red	(533, 540)	low	dis	(645, 428)	N	same	vert	up	True	158602	159861	up	1	1	54
14	ljq	f	20	1	diamond	red	(645, 428)	low	no	no_dis	N	dif	hori	left	True	161099	162701	left	1	1	55
14	ljq	f	20	1	diamond	green	(724, 460)	low	no	no_dis	N	same	vert	up	True	163815	165557	up	1	1	56
14	ljq	f	20	1	circle	green	(724, 619)	low	no	no_dis	N	same	vert	up	True	166709	168213	up	1	1	57
14	ljq	f	20	1	diamond	red	(724, 619)	low	no	no_dis	N	same	vert	up	True	169357	170718	up	1	1	58
14	ljq	f	20	1	diamond	red	(724, 619)	low	dis	(533, 540)	N	same	hori	left	True	171944	173526	left	1	1	59
14	ljq	f	20	1	circle	green	(565, 619)	high	dis	(757, 540)	N	same	vert	up	True	174618	175989	up	1	1	60
14	ljq	f	20	1	circle	green	(533, 540)	low	dis	(565, 460)	N	same	vert	up	True	177012	179741	up	1	1	61
14	ljq	f	20	1	circle	green	(645, 428)	low	dis	(565, 460)	N	same	vert	up	True	180959	183029	up	1	1	62
14	ljq	f	20	1	diamond	green	(565, 619)	high	dis	(757, 540)	N	same	hori	left	False	184251	None	None	0	1	63
14	ljq	f	20	1	diamond	red	(724, 460)	low	no	no_dis	N	dif	vert	up	True	189853	191941	up	1	1	64
14	ljq	f	20	1	circle	green	(565, 460)	low	dis	(533, 540)	N	dif	vert	up	True	193061	194990	up	1	1	65
14	ljq	f	20	1	circle	red	(565, 460)	low	dis	(724, 460)	N	dif	hori	left	True	195997	197222	left	1	1	66
14	ljq	f	20	1	diamond	red	(757, 540)	low	dis	(533, 540)	N	same	hori	left	True	198314	200294	left	1	1	67
14	ljq	f	20	1	diamond	green	(565, 460)	low	dis	(645, 652)	N	dif	vert	up	True	201484	202669	up	1	1	68
14	ljq	f	20	1	circle	red	(724, 460)	low	dis	(757, 540)	N	dif	hori	left	True	203777	205357	up	0	1	69
14	ljq	f	20	1	circle	red	(645, 428)	low	dis	(565, 460)	N	dif	vert	up	True	207986	209774	up	1	1	70
14	ljq	f	20	1	circle	red	(724, 460)	low	dis	(533, 540)	N	dif	hori	left	True	210944	212910	left	1	1	71
14	ljq	f	20	1	circle	green	(533, 540)	low	no	no_dis	N	same	vert	up	True	213974	215717	up	1	1	72
14	ljq	f	20	1	circle	green	(645, 652)	low	dis	(565, 619)	Y	dif	vert	up	True	216776	218285	up	1	1	73
14	ljq	f	20	1	diamond	red	(565, 619)	high	dis	(533, 540)	N	same	vert	up	True	219494	221421	up	1	1	74
14	ljq	f	20	1	circle	green	(645, 428)	low	dis	(565, 619)	Y	same	hori	left	True	222510	223909	left	1	1	75
14	ljq	f	20	1	circle	green	(565, 619)	high	dis	(724, 619)	N	same	hori	left	True	225029	226429	left	1	1	76
14	ljq	f	20	1	diamond	red	(565, 460)	low	no	no_dis	N	same	hori	left	True	227461	228742	left	1	1	77
14	ljq	f	20	1	circle	red	(645, 428)	low	dis	(724, 619)	N	dif	vert	up	True	229968	231933	up	1	1	78
14	ljq	f	20	1	diamond	red	(565, 619)	high	dis	(645, 652)	N	dif	vert	up	True	233057	234661	left	0	1	79
14	ljq	f	20	1	diamond	red	(565, 619)	high	no	no_dis	N	dif	vert	up	True	237383	240149	up	1	1	80
14	ljq	f	20	1	circle	green	(565, 619)	high	no	no_dis	N	same	vert	up	True	241281	243133	up	1	1	81
14	ljq	f	20	1	diamond	green	(533, 540)	low	no	no_dis	N	dif	vert	up	True	244206	245725	up	1	1	82
14	ljq	f	20	1	diamond	red	(565, 619)	high	dis	(724, 460)	N	same	hori	left	True	246804	248245	left	1	1	83
14	ljq	f	20	1	circle	red	(645, 652)	low	dis	(565, 460)	N	dif	hori	left	True	249494	251181	left	1	1	84
14	ljq	f	20	1	circle	red	(645, 652)	low	no	no_dis	N	dif	vert	up	True	252240	253389	up	1	1	85
14	ljq	f	20	1	diamond	green	(565, 619)	high	dis	(565, 460)	N	same	vert	up	True	254566	256357	left	0	1	86
14	ljq	f	20	1	circle	green	(565, 460)	low	dis	(724, 460)	N	same	vert	up	True	259091	260677	up	1	1	87
14	ljq	f	20	1	diamond	red	(645, 428)	low	no	no_dis	N	dif	vert	up	True	261721	262837	up	1	1	88
14	ljq	f	20	1	diamond	red	(645, 652)	low	dis	(645, 428)	N	dif	vert	up	True	263967	266245	left	0	1	89
14	ljq	f	20	1	circle	red	(645, 652)	low	dis	(565, 460)	N	same	hori	left	True	268816	270573	left	1	1	90
14	ljq	f	20	1	circle	red	(757, 540)	low	dis	(645, 652)	N	dif	vert	up	True	271695	273149	up	1	1	91
14	ljq	f	20	1	circle	green	(757, 540)	low	no	no_dis	N	same	vert	up	True	274171	275357	up	1	1	92
14	ljq	f	20	1	circle	red	(757, 540)	low	dis	(565, 619)	Y	dif	hori	left	True	276531	277829	left	1	1	93
14	ljq	f	20	1	circle	red	(565, 619)	high	dis	(645, 652)	N	dif	hori	left	True	278876	280093	left	1	1	94
14	ljq	f	20	1	diamond	red	(724, 460)	low	no	no_dis	N	dif	hori	left	True	281281	283541	left	1	1	95
14	ljq	f	20	1	diamond	red	(645, 652)	low	no	no_dis	N	same	vert	up	True	284793	286229	up	1	1	96
14	ljq	f	20	1	circle	red	(565, 619)	high	dis	(757, 540)	N	same	vert	up	True	287333	290021	up	1	1	97
14	ljq	f	20	1	diamond	green	(533, 540)	low	dis	(565, 460)	N	dif	hori	left	True	291178	292949	left	1	1	98
14	ljq	f	20	1	diamond	red	(565, 619)	high	dis	(724, 619)	N	dif	hori	left	True	293977	295726	left	1	1	99
14	ljq	f	20	1	diamond	green	(724, 619)	low	dis	(645, 652)	N	dif	vert	up	True	296909	298893	up	1	1	100
14	ljq	f	20	1	diamond	red	(757, 540)	low	dis	(724, 460)	N	same	hori	left	True	300076	301510	left	1	1	101
14	ljq	f	20	1	circle	green	(757, 540)	low	dis	(724, 619)	N	dif	vert	up	True	302533	303829	left	0	1	102
14	ljq	f	20	1	circle	green	(645, 652)	low	no	no_dis	N	dif	hori	left	True	306558	308085	left	1	1	103
14	ljq	f	20	1	circle	green	(565, 619)	high	no	no_dis	N	same	vert	up	True	309115	310933	up	1	1	104
14	ljq	f	20	1	diamond	green	(724, 460)	low	no	no_dis	N	dif	vert	up	True	312184	313277	up	1	1	105
14	ljq	f	20	1	circle	red	(565, 619)	high	no	no_dis	N	dif	vert	up	True	314346	316365	up	1	1	106
14	ljq	f	20	1	circle	red	(533, 540)	low	no	no_dis	N	same	vert	up	True	317514	318589	up	1	1	107
14	ljq	f	20	1	diamond	green	(565, 619)	high	no	no_dis	N	same	hori	left	True	319728	321901	left	1	1	108
14	ljq	f	20	1	circle	red	(533, 540)	low	dis	(645, 428)	N	dif	hori	left	True	322941	324237	left	1	1	109
14	ljq	f	20	1	circle	red	(757, 540)	low	no	no_dis	N	dif	vert	up	True	325272	326269	up	1	1	110
14	ljq	f	20	1	diamond	green	(645, 428)	low	dis	(724, 619)	N	same	vert	up	True	327292	328573	up	1	1	111
14	ljq	f	20	1	diamond	red	(565, 619)	high	dis	(533, 540)	N	dif	hori	left	True	329790	331381	left	1	1	112
14	ljq	f	20	1	circle	green	(565, 619)	high	dis	(724, 460)	N	same	hori	left	True	332398	333494	left	1	1	113
14	ljq	f	20	1	diamond	green	(645, 652)	low	dis	(724, 460)	N	same	hori	left	True	334684	335869	left	1	1	114
14	ljq	f	20	1	circle	red	(645, 428)	low	no	no_dis	N	dif	hori	left	True	336916	338901	left	1	1	115
14	ljq	f	20	1	circle	red	(724, 619)	low	dis	(645, 428)	N	same	hori	left	True	340001	341052	left	1	1	116
14	ljq	f	20	1	circle	green	(724, 619)	low	dis	(565, 619)	Y	dif	vert	up	True	342302	343749	up	1	1	117
14	ljq	f	20	1	diamond	green	(565, 619)	high	dis	(565, 460)	N	same	hori	left	True	344893	346237	left	1	1	118
14	ljq	f	20	1	diamond	red	(724, 619)	low	dis	(565, 460)	N	same	hori	left	True	347330	349373	left	1	1	119
14	ljq	f	20	1	circle	green	(565, 619)	high	dis	(645, 428)	N	dif	vert	up	True	350388	352437	left	0	1	120
14	ljq	f	20	1	circle	red	(645, 652)	low	dis	(533, 540)	N	dif	vert	up	True	402979	404581	up	1	2	1
14	ljq	f	20	1	circle	green	(565, 619)	high	no	no_dis	N	dif	vert	up	True	405688	406845	up	1	2	2
14	ljq	f	20	1	circle	red	(645, 652)	low	no	no_dis	N	same	vert	up	True	407909	409013	up	1	2	3
14	ljq	f	20	1	circle	green	(533, 540)	low	dis	(565, 619)	Y	dif	vert	up	True	410183	411501	up	1	2	4
14	ljq	f	20	1	diamond	green	(533, 540)	low	dis	(565, 619)	Y	dif	vert	up	True	412535	413485	left	0	2	5
14	ljq	f	20	1	diamond	red	(565, 619)	high	no	no_dis	N	dif	hori	left	True	416167	417532	left	1	2	6
14	ljq	f	20	1	circle	red	(724, 619)	low	dis	(645, 428)	N	same	hori	left	True	418698	420148	left	1	2	7
14	ljq	f	20	1	circle	green	(724, 619)	low	dis	(724, 460)	N	same	vert	up	True	421252	423204	up	1	2	8
14	ljq	f	20	1	diamond	green	(533, 540)	low	no	no_dis	N	dif	hori	left	True	424269	426062	left	1	2	9
14	ljq	f	20	1	circle	red	(565, 619)	high	no	no_dis	N	same	hori	left	True	427132	428317	left	1	2	10
14	ljq	f	20	1	diamond	red	(645, 428)	low	dis	(724, 619)	N	same	hori	left	True	429501	431398	left	1	2	11
14	ljq	f	20	1	circle	green	(645, 428)	low	no	no_dis	N	dif	vert	up	True	432587	434148	up	1	2	12
14	ljq	f	20	1	circle	red	(533, 540)	low	dis	(757, 540)	N	same	hori	left	True	435222	437237	left	1	2	13
14	ljq	f	20	1	circle	green	(565, 619)	high	dis	(645, 428)	N	same	hori	left	True	438338	439797	left	1	2	14
14	ljq	f	20	1	diamond	red	(565, 619)	high	dis	(724, 619)	N	dif	vert	up	True	441001	442469	up	1	2	15
14	ljq	f	20	1	circle	red	(724, 460)	low	no	no_dis	N	same	hori	left	True	443498	444589	left	1	2	16
14	ljq	f	20	1	diamond	green	(565, 619)	high	no	no_dis	N	dif	hori	left	True	445824	447437	left	1	2	17
14	ljq	f	20	1	diamond	red	(565, 619)	high	dis	(757, 540)	N	same	hori	left	True	448514	449597	left	1	2	18
14	ljq	f	20	1	diamond	red	(565, 460)	low	no	no_dis	N	same	hori	left	True	450820	452061	left	1	2	19
14	ljq	f	20	1	diamond	green	(565, 619)	high	dis	(724, 460)	N	dif	hori	left	True	453251	455669	left	1	2	20
14	ljq	f	20	1	diamond	red	(724, 619)	low	no	no_dis	N	dif	vert	up	True	456763	458132	up	1	2	21
14	ljq	f	20	1	diamond	green	(724, 619)	low	dis	(565, 619)	Y	same	hori	left	True	459381	461820	left	1	2	22
14	ljq	f	20	1	diamond	red	(565, 619)	high	dis	(645, 652)	N	dif	hori	left	True	462884	464869	left	1	2	23
14	ljq	f	20	1	diamond	red	(565, 619)	high	no	no_dis	N	same	vert	up	True	465958	467717	up	1	2	24
14	ljq	f	20	1	circle	green	(565, 619)	high	dis	(757, 540)	N	same	vert	up	True	468875	470677	up	1	2	25
14	ljq	f	20	1	diamond	red	(565, 619)	high	dis	(533, 540)	N	same	hori	left	True	471704	474549	left	1	2	26
14	ljq	f	20	1	diamond	green	(724, 460)	low	dis	(533, 540)	N	same	vert	up	True	475648	477485	up	1	2	27
14	ljq	f	20	1	diamond	green	(757, 540)	low	no	no_dis	N	dif	vert	up	True	478575	480629	up	1	2	28
14	ljq	f	20	1	diamond	red	(533, 540)	low	no	no_dis	N	dif	hori	left	True	481734	483285	left	1	2	29
14	ljq	f	20	1	circle	green	(565, 619)	high	dis	(565, 460)	N	dif	vert	up	True	484353	486893	up	1	2	30
14	ljq	f	20	1	diamond	green	(565, 460)	low	no	no_dis	N	dif	hori	left	True	487959	489389	left	1	2	31
14	ljq	f	20	1	diamond	red	(645, 652)	low	dis	(645, 428)	N	same	vert	up	True	490578	491957	up	1	2	32
14	ljq	f	20	1	diamond	green	(757, 540)	low	no	no_dis	N	dif	hori	left	True	493056	494437	left	1	2	33
14	ljq	f	20	1	circle	red	(565, 460)	low	dis	(565, 619)	Y	dif	hori	left	True	495511	496877	left	1	2	34
14	ljq	f	20	1	diamond	red	(757, 540)	low	dis	(724, 460)	N	dif	hori	left	True	498020	499973	left	1	2	35
14	ljq	f	20	1	diamond	red	(645, 652)	low	no	no_dis	N	same	hori	left	True	501056	502244	left	1	2	36
14	ljq	f	20	1	circle	green	(565, 460)	low	dis	(724, 619)	N	same	vert	up	True	503476	504805	up	1	2	37
14	ljq	f	20	1	circle	red	(565, 619)	high	no	no_dis	N	same	vert	up	True	505871	507333	up	1	2	38
14	ljq	f	20	1	circle	green	(565, 619)	high	no	no_dis	N	same	hori	left	True	508535	510213	left	1	2	39
14	ljq	f	20	1	diamond	red	(724, 619)	low	no	no_dis	N	dif	vert	up	True	511430	513053	up	1	2	40
14	ljq	f	20	1	circle	red	(565, 619)	high	dis	(757, 540)	N	dif	vert	up	True	514249	515532	left	0	2	41
14	ljq	f	20	1	circle	red	(724, 460)	low	no	no_dis	N	dif	hori	left	True	518226	519453	left	1	2	42
14	ljq	f	20	1	diamond	green	(533, 540)	low	dis	(645, 652)	N	dif	vert	up	True	520617	522244	up	1	2	43
14	ljq	f	20	1	diamond	green	(724, 619)	low	no	no_dis	N	dif	vert	up	True	523335	524716	up	1	2	44
14	ljq	f	20	1	diamond	red	(645, 428)	low	dis	(724, 460)	N	same	vert	up	True	525738	527036	up	1	2	45
14	ljq	f	20	1	circle	green	(724, 460)	low	dis	(645, 428)	N	same	hori	left	True	528194	529421	left	1	2	46
14	ljq	f	20	1	diamond	green	(757, 540)	low	dis	(565, 460)	N	dif	vert	up	True	530607	532061	up	1	2	47
14	ljq	f	20	1	circle	red	(724, 460)	low	dis	(645, 428)	N	dif	vert	up	True	533298	534813	up	1	2	48
14	ljq	f	20	1	circle	red	(565, 460)	low	dis	(757, 540)	N	same	vert	up	True	535855	537204	up	1	2	49
14	ljq	f	20	1	diamond	green	(565, 619)	high	no	no_dis	N	dif	vert	up	True	538215	539389	up	1	2	50
14	ljq	f	20	1	circle	green	(645, 652)	low	dis	(565, 460)	N	dif	hori	left	True	540484	541612	left	1	2	51
14	ljq	f	20	1	diamond	red	(565, 619)	high	dis	(645, 428)	N	dif	vert	up	True	542628	544140	up	1	2	52
14	ljq	f	20	1	diamond	green	(565, 460)	low	no	no_dis	N	same	hori	left	True	545146	546260	left	1	2	53
14	ljq	f	20	1	circle	red	(724, 460)	low	dis	(724, 619)	N	dif	hori	left	True	547424	548701	left	1	2	54
14	ljq	f	20	1	circle	red	(757, 540)	low	dis	(724, 460)	N	same	hori	left	True	549720	550868	left	1	2	55
14	ljq	f	20	1	diamond	green	(645, 428)	low	no	no_dis	N	same	vert	up	True	551965	552908	up	1	2	56
14	ljq	f	20	1	diamond	red	(724, 460)	low	dis	(645, 428)	N	same	hori	left	True	554107	555333	left	1	2	57
14	ljq	f	20	1	circle	red	(645, 652)	low	dis	(757, 540)	N	dif	hori	left	True	556446	557581	left	1	2	58
14	ljq	f	20	1	circle	green	(565, 619)	high	no	no_dis	N	dif	vert	up	True	558737	559861	up	1	2	59
14	ljq	f	20	1	circle	green	(724, 460)	low	no	no_dis	N	same	hori	left	True	560993	561892	left	1	2	60
14	ljq	f	20	1	circle	red	(565, 619)	high	no	no_dis	N	same	hori	left	True	563035	564068	left	1	2	61
14	ljq	f	20	1	circle	red	(645, 428)	low	dis	(724, 619)	N	dif	vert	up	True	565233	566652	up	1	2	62
14	ljq	f	20	1	circle	green	(757, 540)	low	no	no_dis	N	dif	hori	left	True	567871	568877	left	1	2	63
14	ljq	f	20	1	diamond	green	(565, 619)	high	no	no_dis	N	dif	hori	left	True	569953	572461	left	1	2	64
14	ljq	f	20	1	circle	green	(757, 540)	low	dis	(645, 652)	N	same	hori	left	True	573662	575068	left	1	2	65
14	ljq	f	20	1	diamond	green	(565, 619)	high	dis	(645, 428)	N	same	vert	up	True	576114	578220	up	1	2	66
14	ljq	f	20	1	diamond	red	(724, 619)	low	dis	(565, 619)	Y	dif	vert	up	True	579248	581061	up	1	2	67
14	ljq	f	20	1	circle	green	(724, 619)	low	no	no_dis	N	same	vert	up	True	582159	583748	up	1	2	68
14	ljq	f	20	1	diamond	green	(565, 619)	high	dis	(724, 619)	N	same	vert	up	True	584889	586541	up	1	2	69
14	ljq	f	20	1	diamond	red	(645, 652)	low	dis	(533, 540)	N	same	hori	left	True	587758	589052	left	1	2	70
14	ljq	f	20	1	circle	green	(533, 540)	low	dis	(565, 460)	N	dif	hori	left	True	590058	591301	left	1	2	71
14	ljq	f	20	1	circle	red	(565, 619)	high	dis	(724, 460)	N	dif	hori	left	True	592411	593684	left	1	2	72
14	ljq	f	20	1	diamond	red	(533, 540)	low	dis	(645, 428)	N	same	hori	left	True	594808	596181	left	1	2	73
14	ljq	f	20	1	diamond	red	(565, 460)	low	dis	(533, 540)	N	dif	hori	left	True	597283	598485	left	1	2	74
14	ljq	f	20	1	diamond	red	(757, 540)	low	dis	(565, 619)	Y	same	vert	up	True	599678	601044	up	1	2	75
14	ljq	f	20	1	circle	green	(724, 619)	low	dis	(565, 460)	N	same	vert	up	True	602075	603149	up	1	2	76
14	ljq	f	20	1	circle	green	(533, 540)	low	no	no_dis	N	same	vert	up	True	604283	605212	up	1	2	77
14	ljq	f	20	1	circle	green	(724, 460)	low	dis	(533, 540)	N	same	vert	up	True	606412	608396	up	1	2	78
14	ljq	f	20	1	diamond	red	(533, 540)	low	no	no_dis	N	same	hori	left	True	609456	611269	left	1	2	79
14	ljq	f	20	1	circle	red	(645, 428)	low	no	no_dis	N	same	vert	up	True	612433	614140	up	1	2	80
14	ljq	f	20	1	diamond	red	(533, 540)	low	dis	(565, 619)	Y	same	vert	up	True	615290	617213	up	1	2	81
14	ljq	f	20	1	diamond	green	(645, 652)	low	dis	(565, 460)	N	dif	vert	up	True	618295	619892	up	1	2	82
14	ljq	f	20	1	diamond	red	(565, 460)	low	dis	(724, 460)	N	dif	vert	up	True	621023	622220	up	1	2	83
14	ljq	f	20	1	diamond	green	(565, 619)	high	dis	(645, 652)	N	same	vert	up	True	623305	625461	up	1	2	84
14	ljq	f	20	1	circle	red	(565, 619)	high	dis	(724, 619)	N	dif	vert	up	True	626681	628173	up	1	2	85
14	ljq	f	20	1	diamond	green	(724, 619)	low	dis	(565, 619)	Y	same	vert	up	True	629326	631524	up	1	2	86
14	ljq	f	20	1	diamond	green	(757, 540)	low	dis	(724, 460)	N	dif	hori	left	True	632544	634284	left	1	2	87
14	ljq	f	20	1	circle	red	(565, 460)	low	no	no_dis	N	same	hori	left	True	635525	636268	left	1	2	88
14	ljq	f	20	1	circle	red	(757, 540)	low	dis	(724, 619)	N	same	vert	up	True	637304	638284	up	1	2	89
14	ljq	f	20	1	circle	red	(724, 619)	low	dis	(645, 652)	N	same	hori	left	True	639314	640980	left	1	2	90
14	ljq	f	20	1	diamond	green	(565, 460)	low	dis	(533, 540)	N	dif	hori	left	True	642081	644565	left	1	2	91
14	ljq	f	20	1	circle	green	(645, 652)	low	no	no_dis	N	dif	vert	up	True	645615	646804	up	1	2	92
14	ljq	f	20	1	circle	green	(565, 619)	high	dis	(645, 428)	N	same	vert	up	True	647914	649940	up	1	2	93
14	ljq	f	20	1	circle	green	(645, 428)	low	dis	(757, 540)	N	dif	vert	up	True	651042	652429	up	1	2	94
14	ljq	f	20	1	diamond	green	(565, 619)	high	dis	(645, 652)	N	same	hori	left	True	653625	655157	left	1	2	95
14	ljq	f	20	1	diamond	red	(724, 619)	low	dis	(757, 540)	N	dif	hori	left	True	656274	657485	left	1	2	96
14	ljq	f	20	1	circle	green	(645, 652)	low	dis	(533, 540)	N	same	vert	up	True	658684	659748	up	1	2	97
14	ljq	f	20	1	circle	red	(645, 428)	low	dis	(565, 460)	N	dif	vert	up	True	660830	662637	up	1	2	98
14	ljq	f	20	1	diamond	green	(724, 460)	low	dis	(565, 460)	N	dif	vert	up	True	663824	665476	up	1	2	99
14	ljq	f	20	1	circle	red	(565, 619)	high	dis	(724, 619)	N	same	vert	up	True	666702	668012	up	1	2	100
14	ljq	f	20	1	diamond	red	(724, 460)	low	no	no_dis	N	same	vert	up	True	669032	670756	up	1	2	101
14	ljq	f	20	1	diamond	green	(645, 652)	low	dis	(565, 619)	Y	same	hori	left	True	671972	673669	left	1	2	102
14	ljq	f	20	1	diamond	red	(724, 460)	low	dis	(645, 652)	N	same	hori	left	True	674851	676060	left	1	2	103
14	ljq	f	20	1	circle	green	(565, 619)	high	dis	(724, 460)	N	dif	hori	left	True	677156	678549	left	1	2	104
14	ljq	f	20	1	circle	red	(565, 619)	high	dis	(565, 460)	N	dif	hori	left	True	679564	680748	left	1	2	105
14	ljq	f	20	1	circle	red	(645, 652)	low	no	no_dis	N	dif	vert	up	True	681996	683284	up	1	2	106
14	ljq	f	20	1	circle	green	(645, 428)	low	dis	(757, 540)	N	dif	hori	left	True	684398	685540	left	1	2	107
14	ljq	f	20	1	circle	red	(565, 619)	high	dis	(645, 652)	N	dif	hori	left	True	686636	687740	left	1	2	108
14	ljq	f	20	1	diamond	green	(565, 460)	low	dis	(757, 540)	N	same	vert	up	True	688814	690228	up	1	2	109
14	ljq	f	20	1	circle	green	(645, 428)	low	no	no_dis	N	same	vert	up	True	691281	692324	up	1	2	110
14	ljq	f	20	1	diamond	green	(565, 619)	high	dis	(565, 460)	N	dif	vert	up	True	693568	695949	up	1	2	111
14	ljq	f	20	1	diamond	green	(645, 428)	low	dis	(724, 460)	N	dif	hori	left	True	696978	698284	left	1	2	112
14	ljq	f	20	1	circle	red	(757, 540)	low	no	no_dis	N	dif	hori	left	True	699473	700317	left	1	2	113
14	ljq	f	20	1	circle	red	(533, 540)	low	dis	(645, 652)	N	same	hori	left	True	701372	702485	left	1	2	114
14	ljq	f	20	1	diamond	green	(645, 428)	low	dis	(565, 619)	Y	dif	hori	left	True	703538	704756	left	1	2	115
14	ljq	f	20	1	circle	green	(757, 540)	low	dis	(724, 619)	N	dif	hori	left	True	705822	707292	left	1	2	116
14	ljq	f	20	1	diamond	red	(565, 619)	high	no	no_dis	N	same	vert	up	True	708388	709453	up	1	2	117
14	ljq	f	20	1	circle	green	(565, 619)	high	dis	(533, 540)	N	same	hori	left	True	710676	713364	left	1	2	118
14	ljq	f	20	1	circle	green	(565, 460)	low	dis	(645, 652)	N	dif	vert	up	True	714560	716276	up	1	2	119
14	ljq	f	20	1	diamond	red	(565, 619)	high	dis	(533, 540)	N	same	hori	left	True	717367	719132	left	1	2	120
14	ljq	f	20	1	circle	green	(565, 619)	high	dis	(724, 460)	N	same	hori	left	True	781875	783060	left	1	3	1
14	ljq	f	20	1	diamond	red	(565, 619)	high	dis	(724, 460)	N	same	hori	left	True	784155	785717	left	1	3	2
14	ljq	f	20	1	diamond	red	(565, 619)	high	no	no_dis	N	same	hori	left	True	786955	788109	left	1	3	3
14	ljq	f	20	1	diamond	red	(565, 460)	low	dis	(645, 428)	N	same	hori	left	True	789298	790500	left	1	3	4
14	ljq	f	20	1	circle	green	(724, 619)	low	dis	(645, 652)	N	same	vert	up	True	791508	793083	up	1	3	5
14	ljq	f	20	1	circle	green	(565, 619)	high	no	no_dis	N	same	hori	left	True	794241	794876	left	1	3	6
14	ljq	f	20	1	circle	red	(533, 540)	low	dis	(724, 619)	N	dif	vert	up	True	795936	796908	up	1	3	7
14	ljq	f	20	1	diamond	green	(724, 619)	low	no	no_dis	N	same	vert	up	True	798032	799180	up	1	3	8
14	ljq	f	20	1	diamond	green	(645, 652)	low	no	no_dis	N	dif	vert	up	True	800306	801341	up	1	3	9
14	ljq	f	20	1	diamond	green	(565, 619)	high	no	no_dis	N	dif	vert	up	True	802465	803395	up	1	3	10
14	ljq	f	20	1	diamond	red	(645, 652)	low	dis	(724, 619)	N	dif	vert	up	True	804432	806052	up	1	3	11
14	ljq	f	20	1	circle	red	(645, 652)	low	dis	(565, 460)	N	same	vert	up	True	807236	808396	up	1	3	12
14	ljq	f	20	1	diamond	red	(724, 619)	low	dis	(645, 652)	N	dif	vert	up	True	809492	811068	up	1	3	13
14	ljq	f	20	1	diamond	green	(724, 619)	low	no	no_dis	N	same	hori	left	True	812193	813372	left	1	3	14
14	ljq	f	20	1	diamond	green	(645, 428)	low	dis	(533, 540)	N	same	vert	up	True	814606	817188	up	1	3	15
14	ljq	f	20	1	circle	green	(565, 619)	high	dis	(533, 540)	N	dif	hori	left	True	818365	820133	left	1	3	16
14	ljq	f	20	1	circle	red	(645, 428)	low	dis	(565, 619)	Y	dif	hori	left	True	821336	822821	left	1	3	17
14	ljq	f	20	1	circle	green	(757, 540)	low	dis	(565, 619)	Y	dif	vert	up	True	823985	825795	up	1	3	18
14	ljq	f	20	1	circle	red	(645, 428)	low	no	no_dis	N	same	vert	up	True	826944	828268	up	1	3	19
14	ljq	f	20	1	circle	red	(645, 652)	low	dis	(565, 460)	N	same	vert	up	True	829380	831469	up	1	3	20
14	ljq	f	20	1	circle	red	(757, 540)	low	dis	(724, 460)	N	dif	hori	left	True	832656	834452	left	1	3	21
14	ljq	f	20	1	circle	red	(565, 619)	high	dis	(757, 540)	N	dif	hori	left	True	835692	837125	left	1	3	22
14	ljq	f	20	1	diamond	red	(724, 460)	low	no	no_dis	N	dif	vert	up	True	838371	840188	up	1	3	23
14	ljq	f	20	1	circle	red	(565, 619)	high	no	no_dis	N	dif	hori	left	True	841216	842620	left	1	3	24
14	ljq	f	20	1	circle	red	(757, 540)	low	dis	(533, 540)	N	dif	hori	left	True	843730	844852	left	1	3	25
14	ljq	f	20	1	diamond	green	(724, 619)	low	dis	(724, 460)	N	same	vert	up	True	846017	847436	up	1	3	26
14	ljq	f	20	1	diamond	red	(565, 460)	low	dis	(645, 428)	N	same	vert	up	True	848595	850404	up	1	3	27
14	ljq	f	20	1	circle	green	(565, 460)	low	dis	(724, 460)	N	same	vert	up	True	851630	852916	up	1	3	28
14	ljq	f	20	1	diamond	red	(565, 460)	low	no	no_dis	N	same	vert	up	True	853942	855044	up	1	3	29
14	ljq	f	20	1	circle	green	(565, 619)	high	dis	(645, 652)	N	same	vert	up	True	856154	857188	up	1	3	30
14	ljq	f	20	1	diamond	red	(724, 619)	low	no	no_dis	N	same	hori	left	True	858250	859245	left	1	3	31
14	ljq	f	20	1	diamond	green	(565, 460)	low	dis	(645, 652)	N	same	hori	left	True	860304	861572	left	1	3	32
14	ljq	f	20	1	diamond	red	(724, 619)	low	no	no_dis	N	dif	hori	left	True	862819	864315	left	1	3	33
14	ljq	f	20	1	circle	red	(565, 619)	high	dis	(724, 619)	N	dif	vert	up	True	865324	866732	up	1	3	34
14	ljq	f	20	1	diamond	green	(565, 460)	low	no	no_dis	N	same	hori	left	True	867948	869084	left	1	3	35
14	ljq	f	20	1	circle	green	(565, 619)	high	no	no_dis	N	same	vert	up	True	870187	871132	up	1	3	36
14	ljq	f	20	1	circle	green	(645, 652)	low	dis	(565, 619)	Y	dif	vert	up	True	872200	873699	up	1	3	37
14	ljq	f	20	1	circle	green	(757, 540)	low	no	no_dis	N	same	hori	left	True	874729	875508	left	1	3	38
14	ljq	f	20	1	diamond	red	(645, 652)	low	no	no_dis	N	dif	vert	up	True	876663	877667	up	1	3	39
14	ljq	f	20	1	circle	green	(565, 619)	high	dis	(724, 460)	N	same	vert	up	True	878836	879996	up	1	3	40
14	ljq	f	20	1	circle	green	(645, 428)	low	dis	(533, 540)	N	dif	hori	left	True	881015	881932	left	1	3	41
14	ljq	f	20	1	diamond	red	(724, 619)	low	dis	(533, 540)	N	dif	vert	up	True	883048	884268	up	1	3	42
14	ljq	f	20	1	circle	green	(724, 460)	low	dis	(565, 619)	Y	dif	hori	left	True	885402	886236	left	1	3	43
14	ljq	f	20	1	diamond	green	(645, 428)	low	dis	(724, 460)	N	same	hori	left	True	887405	888541	left	1	3	44
14	ljq	f	20	1	circle	red	(565, 619)	high	dis	(645, 428)	N	same	hori	left	True	889732	890796	left	1	3	45
14	ljq	f	20	1	circle	green	(565, 619)	high	dis	(565, 460)	N	dif	hori	left	True	891953	892924	left	1	3	46
14	ljq	f	20	1	diamond	red	(565, 619)	high	dis	(757, 540)	N	dif	vert	up	True	893940	895220	up	1	3	47
14	ljq	f	20	1	circle	green	(757, 540)	low	no	no_dis	N	dif	hori	left	True	896372	897164	left	1	3	48
14	ljq	f	20	1	circle	green	(565, 460)	low	no	no_dis	N	same	hori	left	True	898404	899339	left	1	3	49
14	ljq	f	20	1	circle	green	(565, 619)	high	no	no_dis	N	dif	hori	left	True	900366	901324	left	1	3	50
14	ljq	f	20	1	circle	red	(724, 619)	low	dis	(565, 619)	Y	same	vert	up	True	902432	903540	up	1	3	51
14	ljq	f	20	1	circle	red	(724, 460)	low	dis	(565, 619)	Y	same	hori	left	True	904754	905564	left	1	3	52
14	ljq	f	20	1	diamond	green	(533, 540)	low	dis	(724, 619)	N	dif	hori	left	True	906759	908012	left	1	3	53
14	ljq	f	20	1	circle	red	(724, 460)	low	no	no_dis	N	same	vert	up	True	909132	910572	up	1	3	54
14	ljq	f	20	1	circle	green	(565, 460)	low	dis	(645, 652)	N	same	vert	up	True	911821	913156	up	1	3	55
14	ljq	f	20	1	diamond	red	(724, 460)	low	dis	(645, 652)	N	dif	vert	up	True	914325	915580	up	1	3	56
14	ljq	f	20	1	circle	green	(533, 540)	low	no	no_dis	N	same	hori	left	True	916648	917548	left	1	3	57
14	ljq	f	20	1	diamond	green	(645, 652)	low	no	no_dis	N	dif	hori	left	True	918794	920508	left	1	3	58
14	ljq	f	20	1	circle	green	(757, 540)	low	dis	(533, 540)	N	dif	hori	left	True	921624	922868	left	1	3	59
14	ljq	f	20	1	diamond	red	(724, 460)	low	dis	(565, 460)	N	same	hori	left	True	924114	925884	left	1	3	60
14	ljq	f	20	1	circle	red	(565, 619)	high	dis	(533, 540)	N	dif	hori	left	True	927064	928100	left	1	3	61
14	ljq	f	20	1	circle	green	(565, 619)	high	dis	(724, 619)	N	dif	hori	left	True	929257	930172	left	1	3	62
14	ljq	f	20	1	circle	green	(724, 619)	low	dis	(645, 652)	N	same	hori	left	True	931316	932507	left	1	3	63
14	ljq	f	20	1	diamond	green	(565, 619)	high	no	no_dis	N	dif	hori	left	True	933624	935020	left	1	3	64
14	ljq	f	20	1	diamond	red	(565, 619)	high	dis	(645, 652)	N	same	vert	up	True	936063	937148	up	1	3	65
14	ljq	f	20	1	diamond	green	(645, 652)	low	dis	(565, 619)	Y	dif	vert	up	True	938247	939492	up	1	3	66
14	ljq	f	20	1	circle	red	(565, 619)	high	no	no_dis	N	dif	vert	up	True	940633	942980	up	1	3	67
14	ljq	f	20	1	circle	green	(533, 540)	low	no	no_dis	N	same	vert	up	True	944152	945531	up	1	3	68
14	ljq	f	20	1	diamond	red	(565, 619)	high	no	no_dis	N	same	vert	up	True	946561	947884	up	1	3	69
14	ljq	f	20	1	diamond	red	(645, 428)	low	dis	(757, 540)	N	dif	vert	up	True	949050	950884	up	1	3	70
14	ljq	f	20	1	diamond	green	(565, 619)	high	dis	(724, 619)	N	same	hori	left	True	951911	953236	left	1	3	71
14	ljq	f	20	1	diamond	red	(757, 540)	low	dis	(565, 460)	N	dif	hori	left	True	954426	955380	left	1	3	72
14	ljq	f	20	1	circle	red	(565, 619)	high	no	no_dis	N	same	vert	up	True	956436	958012	up	1	3	73
14	ljq	f	20	1	circle	green	(533, 540)	low	no	no_dis	N	dif	hori	left	True	959211	959972	left	1	3	74
14	ljq	f	20	1	circle	green	(645, 652)	low	dis	(565, 460)	N	same	vert	up	True	961093	962396	up	1	3	75
14	ljq	f	20	1	diamond	red	(565, 619)	high	dis	(533, 540)	N	dif	vert	up	True	963472	965588	up	1	3	76
14	ljq	f	20	1	diamond	red	(533, 540)	low	dis	(757, 540)	N	dif	hori	left	True	966637	967572	left	1	3	77
14	ljq	f	20	1	circle	green	(533, 540)	low	dis	(645, 428)	N	dif	vert	up	True	968690	971075	up	1	3	78
14	ljq	f	20	1	diamond	red	(724, 460)	low	no	no_dis	N	same	hori	left	True	972095	973276	left	1	3	79
14	ljq	f	20	1	circle	red	(757, 540)	low	no	no_dis	N	same	vert	up	True	974403	975524	up	1	3	80
14	ljq	f	20	1	circle	red	(565, 460)	low	dis	(645, 428)	N	dif	hori	left	True	976724	978331	left	1	3	81
14	ljq	f	20	1	circle	red	(724, 619)	low	dis	(645, 652)	N	dif	vert	up	True	979530	981187	up	1	3	82
14	ljq	f	20	1	diamond	green	(565, 619)	high	dis	(645, 428)	N	same	vert	up	True	982332	983492	up	1	3	83
14	ljq	f	20	1	diamond	red	(645, 428)	low	dis	(724, 619)	N	same	hori	left	True	984692	985676	left	1	3	84
14	ljq	f	20	1	circle	green	(724, 460)	low	dis	(757, 540)	N	dif	vert	up	True	986859	988067	up	1	3	85
14	ljq	f	20	1	diamond	green	(724, 460)	low	dis	(757, 540)	N	same	vert	up	True	989269	990260	up	1	3	86
14	ljq	f	20	1	diamond	green	(645, 652)	low	dis	(565, 619)	Y	same	vert	up	True	991279	992691	up	1	3	87
14	ljq	f	20	1	circle	red	(565, 460)	low	dis	(724, 619)	N	same	hori	left	True	993942	994699	left	1	3	88
14	ljq	f	20	1	diamond	green	(724, 460)	low	no	no_dis	N	dif	hori	left	True	995847	996916	left	1	3	89
14	ljq	f	20	1	circle	red	(533, 540)	low	dis	(724, 619)	N	dif	hori	left	True	997929	998916	left	1	3	90
14	ljq	f	20	1	diamond	green	(724, 619)	low	dis	(757, 540)	N	same	hori	left	True	1000060	1001331	left	1	3	91
14	ljq	f	20	1	circle	green	(533, 540)	low	dis	(565, 460)	N	same	vert	up	True	1002353	1003275	up	1	3	92
14	ljq	f	20	1	diamond	green	(565, 460)	low	dis	(724, 460)	N	dif	hori	left	True	1004474	1006235	left	1	3	93
14	ljq	f	20	1	circle	green	(645, 428)	low	dis	(724, 460)	N	dif	hori	left	True	1007290	1009148	left	1	3	94
14	ljq	f	20	1	diamond	red	(565, 619)	high	dis	(645, 428)	N	same	vert	up	True	1010396	1011516	up	1	3	95
14	ljq	f	20	1	diamond	green	(533, 540)	low	dis	(645, 428)	N	same	hori	left	True	1012626	1013548	left	1	3	96
14	ljq	f	20	1	diamond	green	(565, 619)	high	no	no_dis	N	dif	vert	up	True	1014792	1016892	up	1	3	97
14	ljq	f	20	1	circle	red	(645, 428)	low	no	no_dis	N	dif	vert	up	True	1018098	1019259	up	1	3	98
14	ljq	f	20	1	diamond	red	(757, 540)	low	dis	(645, 428)	N	dif	hori	left	True	1020331	1021467	left	1	3	99
14	ljq	f	20	1	circle	red	(565, 619)	high	dis	(565, 460)	N	dif	vert	up	True	1022609	1023780	up	1	3	100
14	ljq	f	20	1	circle	red	(645, 428)	low	no	no_dis	N	dif	vert	up	True	1025011	1026804	up	1	3	101
14	ljq	f	20	1	diamond	red	(645, 652)	low	dis	(645, 428)	N	same	hori	left	True	1027812	1028652	left	1	3	102
14	ljq	f	20	1	circle	red	(645, 428)	low	no	no_dis	N	dif	vert	up	True	1029819	1030683	up	1	3	103
14	ljq	f	20	1	diamond	red	(565, 619)	high	dis	(645, 652)	N	dif	vert	up	True	1031842	1032812	left	0	3	104
14	ljq	f	20	1	diamond	green	(565, 619)	high	dis	(757, 540)	N	same	hori	left	True	1035420	1036884	left	1	3	105
14	ljq	f	20	1	circle	red	(645, 428)	low	dis	(565, 619)	Y	dif	vert	up	True	1038122	1039900	up	1	3	106
14	ljq	f	20	1	diamond	green	(533, 540)	low	no	no_dis	N	dif	hori	left	True	1041060	1042692	left	1	3	107
14	ljq	f	20	1	circle	red	(565, 460)	low	no	no_dis	N	dif	vert	up	True	1043941	1045619	up	1	3	108
14	ljq	f	20	1	diamond	green	(757, 540)	low	dis	(533, 540)	N	same	hori	left	True	1046836	1047924	left	1	3	109
14	ljq	f	20	1	diamond	green	(757, 540)	low	dis	(533, 540)	N	same	vert	up	True	1049016	1050324	up	1	3	110
14	ljq	f	20	1	diamond	green	(565, 619)	high	dis	(724, 619)	N	dif	vert	up	True	1051364	1052628	up	1	3	111
14	ljq	f	20	1	diamond	red	(757, 540)	low	no	no_dis	N	same	vert	up	True	1053849	1054868	up	1	3	112
14	ljq	f	20	1	circle	red	(565, 619)	high	dis	(757, 540)	N	same	hori	left	True	1056031	1057931	left	1	3	113
14	ljq	f	20	1	diamond	green	(565, 619)	high	dis	(724, 460)	N	dif	hori	left	True	1059022	1060507	left	1	3	114
14	ljq	f	20	1	circle	red	(724, 460)	low	dis	(565, 619)	Y	same	hori	left	True	1061623	1063515	left	1	3	115
14	ljq	f	20	1	diamond	red	(565, 619)	high	no	no_dis	N	same	hori	left	True	1064719	1066155	left	1	3	116
14	ljq	f	20	1	diamond	green	(724, 460)	low	dis	(565, 460)	N	dif	vert	up	True	1067374	1068531	up	1	3	117
14	ljq	f	20	1	diamond	green	(565, 619)	high	dis	(565, 460)	N	same	vert	up	True	1069729	1071132	up	1	3	118
14	ljq	f	20	1	diamond	red	(533, 540)	low	dis	(757, 540)	N	same	hori	left	True	1072247	1073108	left	1	3	119
14	ljq	f	20	1	circle	green	(645, 652)	low	no	no_dis	N	dif	hori	left	True	1074320	1075611	left	1	3	120
14	ljq	f	20	1	circle	green	(565, 619)	high	dis	(724, 619)	N	same	vert	up	True	1143677	1145508	up	1	4	1
14	ljq	f	20	1	diamond	green	(645, 428)	low	dis	(645, 652)	N	dif	vert	up	True	1146661	1148052	up	1	4	2
14	ljq	f	20	1	circle	red	(645, 428)	low	dis	(533, 540)	N	dif	vert	up	True	1149252	1150372	up	1	4	3
14	ljq	f	20	1	diamond	red	(565, 619)	high	no	no_dis	N	dif	hori	left	True	1151400	1152852	left	1	4	4
14	ljq	f	20	1	diamond	green	(565, 619)	high	no	no_dis	N	same	hori	left	True	1153961	1154988	left	1	4	5
14	ljq	f	20	1	circle	red	(565, 460)	low	dis	(533, 540)	N	dif	hori	left	True	1156205	1157332	left	1	4	6
14	ljq	f	20	1	circle	red	(724, 460)	low	dis	(724, 619)	N	dif	hori	left	True	1158471	1159603	left	1	4	7
14	ljq	f	20	1	circle	green	(565, 619)	high	dis	(757, 540)	N	same	hori	left	True	1160853	1161899	left	1	4	8
14	ljq	f	20	1	circle	red	(533, 540)	low	no	no_dis	N	dif	vert	up	True	1163059	1164139	up	1	4	9
14	ljq	f	20	1	circle	green	(645, 428)	low	dis	(724, 460)	N	dif	vert	up	True	1165388	1166699	up	1	4	10
14	ljq	f	20	1	circle	green	(645, 652)	low	dis	(565, 460)	N	dif	vert	up	True	1167949	1168947	up	1	4	11
14	ljq	f	20	1	diamond	red	(533, 540)	low	dis	(645, 428)	N	dif	hori	left	True	1170001	1170972	left	1	4	12
14	ljq	f	20	1	diamond	green	(565, 619)	high	dis	(645, 652)	N	same	vert	up	True	1172145	1173532	up	1	4	13
14	ljq	f	20	1	circle	green	(533, 540)	low	dis	(645, 428)	N	same	vert	up	True	1174729	1176028	up	1	4	14
14	ljq	f	20	1	circle	red	(565, 619)	high	dis	(724, 619)	N	dif	hori	left	True	1177093	1178075	left	1	4	15
14	ljq	f	20	1	circle	green	(565, 619)	high	dis	(533, 540)	N	same	vert	up	True	1179225	1180540	up	1	4	16
14	ljq	f	20	1	diamond	red	(724, 619)	low	dis	(565, 619)	Y	dif	vert	up	True	1181709	1183019	up	1	4	17
14	ljq	f	20	1	circle	red	(645, 652)	low	dis	(565, 460)	N	dif	hori	left	True	1184042	1185115	left	1	4	18
14	ljq	f	20	1	diamond	green	(533, 540)	low	no	no_dis	N	dif	vert	up	True	1186163	1187403	up	1	4	19
14	ljq	f	20	1	circle	red	(565, 619)	high	dis	(645, 428)	N	same	hori	left	True	1188648	1189667	left	1	4	20
14	ljq	f	20	1	circle	red	(724, 619)	low	dis	(645, 428)	N	dif	vert	up	True	1190822	1192075	up	1	4	21
14	ljq	f	20	1	diamond	red	(645, 428)	low	no	no_dis	N	dif	hori	left	True	1193133	1194043	left	1	4	22
14	ljq	f	20	1	circle	green	(757, 540)	low	no	no_dis	N	dif	hori	left	True	1195067	1196236	left	1	4	23
14	ljq	f	20	1	diamond	green	(565, 619)	high	dis	(724, 460)	N	dif	hori	left	True	1197281	1198404	left	1	4	24
14	ljq	f	20	1	diamond	green	(645, 652)	low	dis	(724, 619)	N	dif	vert	up	True	1199552	1201211	up	1	4	25
14	ljq	f	20	1	diamond	red	(565, 619)	high	dis	(724, 460)	N	dif	vert	up	True	1202284	1204891	up	1	4	26
14	ljq	f	20	1	diamond	green	(533, 540)	low	dis	(724, 460)	N	same	hori	left	True	1206075	1207995	left	1	4	27
14	ljq	f	20	1	circle	green	(757, 540)	low	dis	(724, 460)	N	dif	vert	up	True	1209110	1211043	up	1	4	28
14	ljq	f	20	1	diamond	green	(724, 619)	low	dis	(645, 428)	N	dif	vert	up	True	1212110	1213395	up	1	4	29
14	ljq	f	20	1	circle	green	(645, 652)	low	no	no_dis	N	same	hori	left	True	1214556	1216155	left	1	4	30
14	ljq	f	20	1	diamond	green	(724, 460)	low	dis	(565, 619)	Y	same	vert	up	True	1217370	1218859	up	1	4	31
14	ljq	f	20	1	diamond	red	(565, 619)	high	dis	(757, 540)	N	same	vert	up	True	1219961	1221836	up	1	4	32
14	ljq	f	20	1	circle	red	(724, 460)	low	dis	(645, 652)	N	dif	vert	up	True	1222946	1224428	up	1	4	33
14	ljq	f	20	1	diamond	red	(724, 460)	low	dis	(757, 540)	N	dif	hori	left	True	1225597	1227379	left	1	4	34
14	ljq	f	20	1	circle	red	(565, 619)	high	no	no_dis	N	same	hori	left	True	1228520	1229771	left	1	4	35
14	ljq	f	20	1	circle	green	(724, 619)	low	no	no_dis	N	same	vert	up	True	1230920	1232020	up	1	4	36
14	ljq	f	20	1	diamond	green	(533, 540)	low	dis	(724, 619)	N	same	hori	left	True	1233183	1234363	left	1	4	37
14	ljq	f	20	1	circle	green	(565, 619)	high	no	no_dis	N	dif	vert	up	True	1235538	1236659	up	1	4	38
14	ljq	f	20	1	circle	green	(533, 540)	low	no	no_dis	N	same	hori	left	True	1237839	1238795	left	1	4	39
14	ljq	f	20	1	circle	green	(565, 460)	low	dis	(724, 619)	N	same	hori	left	True	1239927	1241315	left	1	4	40
14	ljq	f	20	1	circle	red	(565, 619)	high	dis	(645, 652)	N	dif	hori	left	True	1242432	1243571	left	1	4	41
14	ljq	f	20	1	circle	red	(724, 619)	low	dis	(645, 652)	N	same	hori	left	True	1244617	1245844	left	1	4	42
14	ljq	f	20	1	circle	red	(724, 460)	low	no	no_dis	N	same	vert	up	True	1246874	1247820	up	1	4	43
14	ljq	f	20	1	diamond	red	(565, 460)	low	dis	(565, 619)	Y	same	vert	up	True	1248916	1250123	up	1	4	44
14	ljq	f	20	1	diamond	red	(565, 619)	high	no	no_dis	N	dif	vert	up	True	1251331	1253708	up	1	4	45
14	ljq	f	20	1	diamond	green	(565, 460)	low	no	no_dis	N	same	vert	up	True	1254744	1255851	up	1	4	46
14	ljq	f	20	1	circle	green	(565, 619)	high	no	no_dis	N	same	vert	up	True	1256970	1258147	up	1	4	47
14	ljq	f	20	1	diamond	red	(565, 619)	high	dis	(565, 460)	N	dif	vert	up	True	1259327	1261171	up	1	4	48
14	ljq	f	20	1	diamond	green	(565, 460)	low	dis	(533, 540)	N	same	hori	left	True	1262258	1263523	left	1	4	49
14	ljq	f	20	1	diamond	green	(645, 652)	low	no	no_dis	N	dif	vert	up	True	1264617	1265859	up	1	4	50
14	ljq	f	20	1	diamond	green	(565, 619)	high	dis	(565, 460)	N	same	vert	up	True	1267110	1268235	up	1	4	51
14	ljq	f	20	1	diamond	green	(645, 428)	low	dis	(645, 652)	N	dif	hori	left	True	1269442	1271291	left	1	4	52
14	ljq	f	20	1	diamond	red	(645, 428)	low	no	no_dis	N	same	hori	left	True	1272390	1273899	left	1	4	53
14	ljq	f	20	1	diamond	green	(724, 460)	low	no	no_dis	N	same	vert	up	True	1274989	1276403	up	1	4	54
14	ljq	f	20	1	circle	green	(724, 619)	low	dis	(757, 540)	N	same	vert	up	True	1277440	1279123	up	1	4	55
14	ljq	f	20	1	circle	red	(645, 428)	low	no	no_dis	N	dif	vert	up	True	1280230	1281682	up	1	4	56
14	ljq	f	20	1	circle	red	(533, 540)	low	dis	(565, 619)	Y	same	vert	up	True	1282917	1284707	up	1	4	57
14	ljq	f	20	1	diamond	red	(757, 540)	low	dis	(565, 460)	N	same	vert	up	True	1285758	1286851	up	1	4	58
14	ljq	f	20	1	circle	green	(565, 619)	high	no	no_dis	N	dif	vert	up	True	1288003	1289163	up	1	4	59
14	ljq	f	20	1	diamond	green	(565, 619)	high	dis	(724, 460)	N	dif	vert	up	True	1290202	1291867	up	1	4	60
14	ljq	f	20	1	diamond	red	(645, 652)	low	dis	(724, 619)	N	same	hori	left	True	1293036	1294420	left	1	4	61
14	ljq	f	20	1	circle	red	(724, 619)	low	no	no_dis	N	same	hori	left	True	1295624	1296531	left	1	4	62
14	ljq	f	20	1	diamond	red	(565, 619)	high	dis	(757, 540)	N	same	hori	left	True	1297586	1299067	left	1	4	63
14	ljq	f	20	1	circle	red	(565, 619)	high	dis	(533, 540)	N	dif	vert	up	True	1300134	1301563	up	1	4	64
14	ljq	f	20	1	circle	red	(565, 460)	low	dis	(724, 460)	N	dif	hori	left	True	1302779	1303747	left	1	4	65
14	ljq	f	20	1	circle	red	(533, 540)	low	dis	(645, 428)	N	dif	vert	up	True	1304819	1305891	up	1	4	66
14	ljq	f	20	1	circle	green	(565, 460)	low	dis	(565, 619)	Y	dif	hori	left	True	1306951	1308091	left	1	4	67
14	ljq	f	20	1	circle	red	(724, 619)	low	no	no_dis	N	same	vert	up	True	1309175	1310612	up	1	4	68
14	ljq	f	20	1	circle	red	(565, 619)	high	dis	(565, 460)	N	same	hori	left	True	1311772	1313027	left	1	4	69
14	ljq	f	20	1	circle	red	(645, 652)	low	dis	(565, 460)	N	dif	vert	up	True	1314211	1315531	up	1	4	70
14	ljq	f	20	1	diamond	green	(533, 540)	low	no	no_dis	N	same	hori	left	True	1316776	1318196	left	1	4	71
14	ljq	f	20	1	diamond	green	(757, 540)	low	dis	(645, 652)	N	dif	hori	left	True	1319446	1320755	left	1	4	72
14	ljq	f	20	1	circle	green	(724, 619)	low	dis	(533, 540)	N	same	vert	up	True	1321838	1322843	up	1	4	73
14	ljq	f	20	1	circle	green	(565, 460)	low	no	no_dis	N	dif	vert	up	True	1323964	1324691	up	1	4	74
14	ljq	f	20	1	diamond	green	(724, 460)	low	dis	(757, 540)	N	dif	vert	up	True	1325896	1327460	up	1	4	75
14	ljq	f	20	1	diamond	green	(724, 619)	low	dis	(533, 540)	N	same	hori	left	True	1328639	1329755	left	1	4	76
14	ljq	f	20	1	diamond	green	(645, 652)	low	dis	(757, 540)	N	same	vert	up	True	1330785	1332115	up	1	4	77
14	ljq	f	20	1	diamond	red	(645, 428)	low	dis	(565, 460)	N	same	vert	up	True	1333215	1334155	up	1	4	78
14	ljq	f	20	1	circle	red	(565, 619)	high	no	no_dis	N	dif	hori	left	True	1335326	1336499	left	1	4	79
14	ljq	f	20	1	diamond	red	(565, 619)	high	no	no_dis	N	same	vert	up	True	1337541	1339315	up	1	4	80
14	ljq	f	20	1	circle	green	(533, 540)	low	dis	(645, 652)	N	dif	hori	left	True	1340539	1342179	left	1	4	81
14	ljq	f	20	1	circle	green	(724, 460)	low	dis	(757, 540)	N	same	hori	left	True	1343328	1344963	left	1	4	82
14	ljq	f	20	1	diamond	red	(565, 619)	high	dis	(565, 460)	N	dif	hori	left	True	1346122	1348259	left	1	4	83
14	ljq	f	20	1	circle	red	(565, 619)	high	dis	(533, 540)	N	dif	vert	up	True	1349400	1350772	up	1	4	84
14	ljq	f	20	1	circle	green	(724, 460)	low	dis	(533, 540)	N	same	vert	up	True	1351874	1352811	up	1	4	85
14	ljq	f	20	1	diamond	green	(565, 619)	high	dis	(724, 619)	N	same	hori	left	True	1353953	1355843	left	1	4	86
14	ljq	f	20	1	diamond	red	(645, 652)	low	no	no_dis	N	dif	vert	up	True	1356975	1358131	up	1	4	87
14	ljq	f	20	1	diamond	green	(565, 619)	high	no	no_dis	N	same	hori	left	True	1359345	1360955	left	1	4	88
14	ljq	f	20	1	circle	green	(757, 540)	low	no	no_dis	N	dif	hori	left	True	1361960	1362979	left	1	4	89
14	ljq	f	20	1	circle	green	(565, 619)	high	dis	(645, 652)	N	same	vert	up	True	1364129	1365859	up	1	4	90
14	ljq	f	20	1	diamond	green	(565, 619)	high	dis	(645, 428)	N	same	hori	left	True	1366924	1368147	left	1	4	91
14	ljq	f	20	1	circle	red	(757, 540)	low	dis	(565, 619)	Y	dif	hori	left	True	1369348	1370595	left	1	4	92
14	ljq	f	20	1	diamond	red	(757, 540)	low	dis	(645, 652)	N	same	hori	left	True	1371702	1373211	left	1	4	93
14	ljq	f	20	1	diamond	red	(724, 619)	low	dis	(724, 460)	N	dif	vert	up	True	1374401	1376387	up	1	4	94
14	ljq	f	20	1	diamond	green	(757, 540)	low	dis	(565, 619)	Y	dif	hori	left	True	1377561	1378692	left	1	4	95
14	ljq	f	20	1	diamond	green	(565, 460)	low	dis	(533, 540)	N	same	vert	up	True	1379941	1381363	up	1	4	96
14	ljq	f	20	1	circle	green	(645, 652)	low	dis	(724, 460)	N	same	vert	up	True	1382379	1383618	up	1	4	97
14	ljq	f	20	1	diamond	red	(565, 460)	low	no	no_dis	N	dif	vert	up	True	1384781	1386659	up	1	4	98
14	ljq	f	20	1	diamond	green	(565, 619)	high	no	no_dis	N	dif	hori	left	True	1387819	1390011	left	1	4	99
14	ljq	f	20	1	diamond	red	(645, 652)	low	no	no_dis	N	same	vert	up	True	1391242	1392067	up	1	4	100
14	ljq	f	20	1	circle	green	(565, 619)	high	dis	(645, 428)	N	dif	hori	left	True	1393131	1394546	left	1	4	101
14	ljq	f	20	1	diamond	red	(724, 460)	low	no	no_dis	N	same	hori	left	True	1395795	1397307	left	1	4	102
14	ljq	f	20	1	circle	green	(565, 619)	high	dis	(645, 428)	N	dif	hori	left	True	1398559	1400627	left	1	4	103
14	ljq	f	20	1	diamond	red	(724, 460)	low	dis	(645, 428)	N	same	hori	left	True	1401719	1403242	left	1	4	104
14	ljq	f	20	1	diamond	red	(645, 428)	low	dis	(565, 619)	Y	same	hori	left	True	1404278	1406019	left	1	4	105
14	ljq	f	20	1	diamond	red	(533, 540)	low	dis	(757, 540)	N	dif	hori	left	True	1407123	1408587	left	1	4	106
14	ljq	f	20	1	diamond	red	(645, 652)	low	dis	(724, 619)	N	same	vert	up	True	1409782	1411403	up	1	4	107
14	ljq	f	20	1	diamond	red	(565, 619)	high	dis	(757, 540)	N	dif	vert	up	True	1412502	1413747	up	1	4	108
14	ljq	f	20	1	circle	red	(757, 540)	low	no	no_dis	N	same	vert	up	True	1414871	1415794	up	1	4	109
14	ljq	f	20	1	diamond	green	(645, 428)	low	no	no_dis	N	dif	hori	left	True	1416857	1417851	left	1	4	110
14	ljq	f	20	1	diamond	red	(565, 460)	low	dis	(724, 460)	N	same	vert	up	True	1418867	1419979	up	1	4	111
14	ljq	f	20	1	diamond	red	(565, 460)	low	no	no_dis	N	same	hori	left	True	1421202	1421978	left	1	4	112
14	ljq	f	20	1	circle	red	(565, 619)	high	no	no_dis	N	same	vert	up	True	1423000	1424363	up	1	4	113
14	ljq	f	20	1	circle	red	(757, 540)	low	dis	(565, 619)	Y	same	hori	left	True	1425547	1426755	left	1	4	114
14	ljq	f	20	1	circle	green	(724, 460)	low	no	no_dis	N	dif	hori	left	True	1427802	1428659	left	1	4	115
14	ljq	f	20	1	circle	green	(757, 540)	low	dis	(565, 460)	N	same	hori	left	True	1429897	1431331	left	1	4	116
14	ljq	f	20	1	diamond	green	(757, 540)	low	no	no_dis	N	dif	hori	left	True	1432491	1434146	left	1	4	117
14	ljq	f	20	1	circle	red	(645, 428)	low	dis	(565, 619)	Y	dif	hori	left	True	1435153	1436451	left	1	4	118
14	ljq	f	20	1	circle	green	(645, 428)	low	dis	(724, 619)	N	same	hori	left	True	1437482	1439139	left	1	4	119
14	ljq	f	20	1	circle	red	(724, 619)	low	no	no_dis	N	dif	hori	left	True	1440159	1441027	left	1	4	120
14	ljq	f	20	1	diamond	red	(724, 619)	low	no	no_dis	N	same	vert	up	True	1487614	1489691	up	1	5	1
14	ljq	f	20	1	diamond	red	(645, 428)	low	no	no_dis	N	same	hori	left	True	1490788	1491611	left	1	5	2
14	ljq	f	20	1	diamond	red	(565, 460)	low	no	no_dis	N	dif	vert	up	True	1492862	1493731	up	1	5	3
14	ljq	f	20	1	circle	green	(533, 540)	low	dis	(645, 428)	N	dif	vert	up	True	1494754	1495771	up	1	5	4
14	ljq	f	20	1	diamond	red	(645, 428)	low	dis	(724, 619)	N	same	vert	up	True	1496963	1498059	up	1	5	5
14	ljq	f	20	1	diamond	green	(565, 460)	low	dis	(645, 428)	N	dif	vert	up	True	1499091	1500531	up	1	5	6
14	ljq	f	20	1	diamond	red	(565, 619)	high	no	no_dis	N	same	vert	up	True	1501718	1502699	up	1	5	7
14	ljq	f	20	1	diamond	green	(565, 619)	high	no	no_dis	N	dif	vert	up	True	1503857	1504634	up	1	5	8
14	ljq	f	20	1	diamond	green	(565, 619)	high	no	no_dis	N	dif	hori	left	True	1505870	1506987	left	1	5	9
14	ljq	f	20	1	diamond	green	(565, 460)	low	no	no_dis	N	dif	vert	up	True	1508135	1508819	up	1	5	10
14	ljq	f	20	1	circle	red	(565, 619)	high	dis	(724, 460)	N	dif	vert	up	True	1509867	1511043	left	0	5	11
14	ljq	f	20	1	circle	red	(565, 619)	high	no	no_dis	N	same	hori	left	True	1513687	1514427	left	1	5	12
14	ljq	f	20	1	circle	green	(645, 652)	low	no	no_dis	N	dif	vert	up	True	1515531	1516403	up	1	5	13
14	ljq	f	20	1	diamond	red	(645, 428)	low	no	no_dis	N	dif	vert	up	True	1517602	1518875	up	1	5	14
14	ljq	f	20	1	circle	green	(645, 428)	low	dis	(724, 619)	N	dif	hori	left	True	1520102	1521211	left	1	5	15
14	ljq	f	20	1	circle	green	(565, 619)	high	dis	(565, 460)	N	dif	vert	up	True	1522347	1523323	up	1	5	16
14	ljq	f	20	1	circle	red	(645, 428)	low	dis	(533, 540)	N	dif	vert	up	True	1524544	1525570	up	1	5	17
14	ljq	f	20	1	circle	green	(565, 619)	high	dis	(645, 652)	N	same	hori	left	True	1526787	1527827	left	1	5	18
14	ljq	f	20	1	diamond	red	(565, 460)	low	no	no_dis	N	dif	hori	left	True	1528889	1530019	left	1	5	19
14	ljq	f	20	1	diamond	red	(645, 428)	low	dis	(724, 619)	N	dif	hori	left	True	1531216	1532411	left	1	5	20
14	ljq	f	20	1	diamond	green	(565, 619)	high	dis	(533, 540)	N	dif	vert	up	True	1533463	1535235	up	1	5	21
14	ljq	f	20	1	circle	green	(565, 619)	high	dis	(645, 428)	N	dif	vert	up	True	1536277	1537643	up	1	5	22
14	ljq	f	20	1	diamond	green	(757, 540)	low	dis	(565, 460)	N	same	hori	left	True	1538685	1539971	left	1	5	23
14	ljq	f	20	1	diamond	red	(533, 540)	low	dis	(724, 460)	N	same	hori	left	True	1540973	1542003	left	1	5	24
14	ljq	f	20	1	circle	red	(565, 619)	high	dis	(757, 540)	N	same	hori	left	True	1543217	1544323	left	1	5	25
14	ljq	f	20	1	diamond	red	(724, 619)	low	no	no_dis	N	dif	hori	left	True	1545423	1546619	left	1	5	26
14	ljq	f	20	1	circle	red	(724, 619)	low	dis	(565, 460)	N	dif	hori	left	True	1547847	1548683	left	1	5	27
14	ljq	f	20	1	circle	red	(565, 619)	high	no	no_dis	N	dif	vert	up	True	1549712	1550539	up	1	5	28
14	ljq	f	20	1	circle	green	(645, 428)	low	dis	(645, 652)	N	dif	vert	up	True	1551758	1552795	up	1	5	29
14	ljq	f	20	1	circle	red	(533, 540)	low	dis	(565, 619)	Y	same	vert	up	True	1553974	1555050	up	1	5	30
14	ljq	f	20	1	circle	green	(565, 619)	high	dis	(533, 540)	N	same	vert	up	True	1556300	1557306	up	1	5	31
14	ljq	f	20	1	circle	red	(645, 428)	low	dis	(565, 460)	N	same	hori	left	True	1558384	1559243	left	1	5	32
14	ljq	f	20	1	circle	red	(724, 619)	low	dis	(533, 540)	N	same	vert	up	True	1560398	1561387	up	1	5	33
14	ljq	f	20	1	diamond	green	(724, 460)	low	dis	(645, 652)	N	dif	hori	left	True	1562553	1564010	left	1	5	34
14	ljq	f	20	1	circle	red	(565, 619)	high	dis	(645, 428)	N	same	vert	up	True	1565192	1566139	up	1	5	35
14	ljq	f	20	1	diamond	red	(645, 652)	low	dis	(757, 540)	N	dif	hori	left	True	1567283	1568891	left	1	5	36
14	ljq	f	20	1	circle	green	(533, 540)	low	dis	(565, 619)	Y	same	vert	up	True	1570050	1571203	up	1	5	37
14	ljq	f	20	1	diamond	green	(565, 460)	low	dis	(724, 619)	N	dif	hori	left	True	1572434	1574227	left	1	5	38
14	ljq	f	20	1	circle	green	(645, 652)	low	dis	(565, 619)	Y	same	vert	up	True	1575359	1576179	up	1	5	39
14	ljq	f	20	1	circle	red	(645, 652)	low	dis	(565, 619)	Y	dif	vert	up	True	1577237	1578987	up	1	5	40
14	ljq	f	20	1	circle	red	(565, 460)	low	dis	(645, 428)	N	dif	vert	up	True	1580080	1581491	up	1	5	41
14	ljq	f	20	1	circle	green	(724, 460)	low	dis	(757, 540)	N	dif	vert	up	True	1582618	1583858	up	1	5	42
14	ljq	f	20	1	circle	red	(565, 619)	high	no	no_dis	N	same	hori	left	True	1585058	1586403	left	1	5	43
14	ljq	f	20	1	diamond	red	(565, 619)	high	dis	(533, 540)	N	same	hori	left	True	1587521	1589235	left	1	5	44
14	ljq	f	20	1	circle	red	(533, 540)	low	no	no_dis	N	same	hori	left	True	1590378	1591579	left	1	5	45
14	ljq	f	20	1	diamond	red	(565, 619)	high	dis	(724, 460)	N	same	vert	up	True	1592758	1594003	up	1	5	46
14	ljq	f	20	1	circle	green	(565, 619)	high	no	no_dis	N	same	vert	up	True	1595135	1596506	up	1	5	47
14	ljq	f	20	1	diamond	red	(724, 619)	low	dis	(757, 540)	N	dif	vert	up	True	1597634	1598738	up	1	5	48
14	ljq	f	20	1	diamond	green	(645, 428)	low	dis	(645, 652)	N	dif	hori	left	True	1599937	1600995	left	1	5	49
14	ljq	f	20	1	circle	red	(565, 619)	high	dis	(533, 540)	N	same	vert	up	True	1602110	1603146	up	1	5	50
14	ljq	f	20	1	circle	red	(724, 619)	low	no	no_dis	N	dif	vert	up	True	1604329	1605218	up	1	5	51
14	ljq	f	20	1	diamond	green	(757, 540)	low	no	no_dis	N	same	hori	left	True	1606433	1607723	left	1	5	52
14	ljq	f	20	1	circle	red	(533, 540)	low	no	no_dis	N	same	hori	left	True	1608870	1609891	left	1	5	53
14	ljq	f	20	1	diamond	red	(565, 460)	low	dis	(724, 619)	N	same	vert	up	True	1611133	1612314	up	1	5	54
14	ljq	f	20	1	circle	green	(565, 460)	low	dis	(724, 460)	N	same	vert	up	True	1613383	1615107	up	1	5	55
14	ljq	f	20	1	diamond	green	(757, 540)	low	dis	(645, 652)	N	dif	hori	left	True	1616113	1617250	left	1	5	56
14	ljq	f	20	1	diamond	red	(724, 619)	low	dis	(645, 652)	N	dif	hori	left	True	1618437	1619667	left	1	5	57
14	ljq	f	20	1	diamond	red	(565, 619)	high	no	no_dis	N	dif	hori	left	True	1620890	1621834	left	1	5	58
14	ljq	f	20	1	circle	green	(645, 428)	low	no	no_dis	N	dif	hori	left	True	1622913	1623827	left	1	5	59
14	ljq	f	20	1	diamond	green	(565, 619)	high	dis	(565, 460)	N	dif	hori	left	True	1624852	1625915	left	1	5	60
14	ljq	f	20	1	circle	green	(533, 540)	low	no	no_dis	N	dif	vert	up	True	1626990	1627850	up	1	5	61
14	ljq	f	20	1	circle	green	(565, 460)	low	dis	(724, 619)	N	dif	vert	up	True	1628878	1630051	up	1	5	62
14	ljq	f	20	1	diamond	green	(724, 460)	low	dis	(645, 428)	N	same	vert	up	True	1631103	1632282	up	1	5	63
14	ljq	f	20	1	circle	red	(724, 460)	low	no	no_dis	N	dif	vert	up	True	1633473	1634362	up	1	5	64
14	ljq	f	20	1	circle	green	(724, 619)	low	dis	(533, 540)	N	same	vert	up	True	1635488	1636538	up	1	5	65
14	ljq	f	20	1	diamond	green	(645, 652)	low	dis	(757, 540)	N	dif	hori	left	True	1637789	1638947	left	1	5	66
14	ljq	f	20	1	diamond	red	(565, 619)	high	dis	(645, 652)	N	same	vert	up	True	1639981	1641115	up	1	5	67
14	ljq	f	20	1	diamond	green	(565, 619)	high	dis	(724, 460)	N	same	vert	up	True	1642292	1644747	up	1	5	68
14	ljq	f	20	1	circle	green	(724, 619)	low	dis	(565, 460)	N	dif	hori	left	True	1645934	1646763	left	1	5	69
14	ljq	f	20	1	circle	green	(645, 652)	low	no	no_dis	N	same	hori	left	True	1647823	1649738	left	1	5	70
14	ljq	f	20	1	diamond	red	(565, 619)	high	dis	(565, 460)	N	dif	hori	left	True	1650778	1651826	left	1	5	71
14	ljq	f	20	1	circle	red	(645, 652)	low	dis	(533, 540)	N	same	hori	left	True	1652867	1653802	left	1	5	72
14	ljq	f	20	1	diamond	green	(565, 619)	high	dis	(645, 652)	N	dif	hori	left	True	1654993	1656258	left	1	5	73
14	ljq	f	20	1	circle	red	(757, 540)	low	dis	(724, 460)	N	dif	hori	left	True	1657320	1658938	left	1	5	74
14	ljq	f	20	1	circle	red	(724, 619)	low	no	no_dis	N	same	vert	up	True	1660084	1661683	up	1	5	75
14	ljq	f	20	1	circle	green	(565, 619)	high	dis	(757, 540)	N	dif	vert	up	True	1662834	1664123	up	1	5	76
14	ljq	f	20	1	diamond	red	(533, 540)	low	dis	(724, 460)	N	dif	vert	up	True	1665363	1666547	up	1	5	77
14	ljq	f	20	1	circle	red	(645, 428)	low	no	no_dis	N	dif	hori	left	True	1667583	1668562	left	1	5	78
14	ljq	f	20	1	circle	red	(724, 460)	low	dis	(565, 619)	Y	same	hori	left	True	1669591	1670434	left	1	5	79
14	ljq	f	20	1	diamond	green	(565, 619)	high	no	no_dis	N	same	hori	left	True	1671536	1672730	left	1	5	80
14	ljq	f	20	1	diamond	green	(724, 619)	low	dis	(757, 540)	N	dif	vert	up	True	1673777	1675618	up	1	5	81
14	ljq	f	20	1	circle	green	(565, 619)	high	dis	(757, 540)	N	same	hori	left	True	1676696	1677706	left	1	5	82
14	ljq	f	20	1	circle	green	(533, 540)	low	no	no_dis	N	same	vert	up	True	1678799	1680634	up	1	5	83
14	ljq	f	20	1	diamond	green	(645, 428)	low	dis	(565, 460)	N	same	hori	left	True	1681662	1683314	left	1	5	84
14	ljq	f	20	1	circle	green	(645, 652)	low	no	no_dis	N	same	vert	up	True	1684555	1685890	up	1	5	85
14	ljq	f	20	1	diamond	green	(645, 652)	low	dis	(565, 619)	Y	same	vert	up	True	1686915	1688411	up	1	5	86
14	ljq	f	20	1	circle	red	(724, 460)	low	dis	(565, 619)	Y	dif	vert	up	True	1689604	1691034	up	1	5	87
14	ljq	f	20	1	diamond	red	(757, 540)	low	dis	(645, 428)	N	same	hori	left	True	1692053	1693179	left	1	5	88
14	ljq	f	20	1	circle	red	(565, 619)	high	dis	(724, 619)	N	dif	hori	left	True	1694409	1695170	left	1	5	89
14	ljq	f	20	1	circle	red	(533, 540)	low	dis	(724, 460)	N	same	hori	left	True	1696210	1697306	left	1	5	90
14	ljq	f	20	1	diamond	red	(565, 619)	high	dis	(757, 540)	N	dif	hori	left	True	1698395	1700378	left	1	5	91
14	ljq	f	20	1	circle	red	(757, 540)	low	dis	(533, 540)	N	same	vert	up	True	1701395	1702435	up	1	5	92
14	ljq	f	20	1	diamond	red	(757, 540)	low	dis	(724, 460)	N	same	vert	up	True	1703572	1704690	up	1	5	93
14	ljq	f	20	1	diamond	green	(724, 460)	low	no	no_dis	N	same	hori	left	True	1705719	1707115	left	1	5	94
14	ljq	f	20	1	circle	green	(565, 619)	high	no	no_dis	N	dif	hori	left	True	1708214	1709834	left	1	5	95
14	ljq	f	20	1	circle	green	(757, 540)	low	dis	(724, 619)	N	same	hori	left	True	1710920	1712803	left	1	5	96
14	ljq	f	20	1	circle	red	(757, 540)	low	no	no_dis	N	same	vert	up	True	1714053	1715394	up	1	5	97
14	ljq	f	20	1	diamond	green	(533, 540)	low	dis	(565, 460)	N	dif	hori	left	True	1716575	1718050	left	1	5	98
14	ljq	f	20	1	diamond	red	(645, 652)	low	dis	(724, 460)	N	same	vert	up	True	1719194	1720219	up	1	5	99
14	ljq	f	20	1	diamond	green	(645, 652)	low	no	no_dis	N	same	vert	up	True	1721259	1722043	up	1	5	100
14	ljq	f	20	1	diamond	green	(533, 540)	low	dis	(645, 652)	N	same	hori	left	True	1723109	1725394	left	1	5	101
14	ljq	f	20	1	diamond	red	(565, 619)	high	no	no_dis	N	dif	vert	up	True	1726427	1727786	up	1	5	102
14	ljq	f	20	1	circle	green	(724, 460)	low	dis	(757, 540)	N	same	hori	left	True	1728909	1730938	left	1	5	103
14	ljq	f	20	1	diamond	red	(724, 460)	low	no	no_dis	N	dif	hori	left	True	1731998	1733266	left	1	5	104
14	ljq	f	20	1	diamond	green	(565, 619)	high	dis	(724, 619)	N	dif	vert	up	True	1734313	1735291	up	1	5	105
14	ljq	f	20	1	diamond	red	(565, 460)	low	dis	(645, 428)	N	same	hori	left	True	1736323	1738634	left	1	5	106
14	ljq	f	20	1	diamond	red	(724, 460)	low	dis	(565, 619)	Y	dif	vert	up	True	1739807	1740914	up	1	5	107
14	ljq	f	20	1	diamond	red	(565, 619)	high	dis	(724, 619)	N	dif	hori	left	True	1742140	1743266	left	1	5	108
14	ljq	f	20	1	diamond	green	(757, 540)	low	no	no_dis	N	same	vert	up	True	1744448	1745610	up	1	5	109
14	ljq	f	20	1	diamond	green	(565, 619)	high	dis	(645, 428)	N	same	hori	left	True	1746746	1748010	left	1	5	110
14	ljq	f	20	1	circle	red	(565, 619)	high	dis	(565, 460)	N	same	hori	left	True	1749223	1750194	left	1	5	111
14	ljq	f	20	1	diamond	green	(724, 619)	low	dis	(565, 619)	Y	same	hori	left	True	1751257	1752594	left	1	5	112
14	ljq	f	20	1	diamond	green	(757, 540)	low	no	no_dis	N	same	hori	left	True	1753730	1754546	left	1	5	113
14	ljq	f	20	1	circle	red	(565, 460)	low	dis	(533, 540)	N	dif	hori	left	True	1755717	1757179	left	1	5	114
14	ljq	f	20	1	diamond	red	(724, 460)	low	dis	(565, 619)	Y	same	hori	left	True	1758283	1759379	left	1	5	115
14	ljq	f	20	1	diamond	green	(724, 460)	low	no	no_dis	N	dif	hori	left	True	1760390	1761435	left	1	5	116
14	ljq	f	20	1	circle	green	(565, 460)	low	no	no_dis	N	dif	hori	left	True	1762580	1763770	left	1	5	117
14	ljq	f	20	1	circle	green	(565, 619)	high	no	no_dis	N	same	vert	up	True	1764777	1765763	up	1	5	118
14	ljq	f	20	1	circle	green	(757, 540)	low	dis	(645, 652)	N	dif	vert	up	True	1766868	1767738	up	1	5	119
14	ljq	f	20	1	circle	green	(645, 652)	low	dis	(645, 428)	N	same	vert	up	True	1768905	1769835	up	1	5	120
14	ljq	f	20	1	circle	red	(645, 652)	low	dis	(724, 460)	N	dif	vert	up	True	1810253	1811490	up	1	6	1
14	ljq	f	20	1	circle	red	(645, 652)	low	dis	(757, 540)	N	dif	hori	left	True	1812671	1813642	left	1	6	2
14	ljq	f	20	1	circle	red	(565, 619)	high	no	no_dis	N	same	vert	up	True	1814679	1815594	up	1	6	3
14	ljq	f	20	1	circle	green	(565, 619)	high	dis	(757, 540)	N	dif	vert	up	True	1816597	1817505	up	1	6	4
14	ljq	f	20	1	circle	red	(645, 428)	low	no	no_dis	N	dif	hori	left	True	1818580	1819298	left	1	6	5
14	ljq	f	20	1	circle	red	(565, 619)	high	dis	(645, 428)	N	same	vert	up	True	1820377	1821418	up	1	6	6
14	ljq	f	20	1	circle	green	(565, 619)	high	no	no_dis	N	same	hori	left	True	1822460	1823274	left	1	6	7
14	ljq	f	20	1	circle	green	(724, 619)	low	no	no_dis	N	same	hori	left	True	1824402	1825153	left	1	6	8
14	ljq	f	20	1	diamond	red	(565, 619)	high	no	no_dis	N	dif	hori	left	True	1826169	1827178	left	1	6	9
14	ljq	f	20	1	circle	green	(533, 540)	low	no	no_dis	N	same	vert	up	True	1828297	1829163	up	1	6	10
14	ljq	f	20	1	circle	green	(533, 540)	low	dis	(645, 652)	N	same	vert	up	True	1830345	1831378	up	1	6	11
14	ljq	f	20	1	circle	red	(757, 540)	low	no	no_dis	N	dif	vert	up	True	1832399	1833306	up	1	6	12
14	ljq	f	20	1	diamond	red	(645, 652)	low	dis	(533, 540)	N	same	hori	left	True	1834547	1836058	left	1	6	13
14	ljq	f	20	1	circle	red	(565, 460)	low	dis	(645, 652)	N	dif	hori	left	True	1837283	1838058	left	1	6	14
14	ljq	f	20	1	circle	green	(724, 619)	low	dis	(565, 619)	Y	dif	hori	left	True	1839219	1839962	left	1	6	15
14	ljq	f	20	1	diamond	red	(645, 428)	low	no	no_dis	N	dif	hori	left	True	1841178	1842338	left	1	6	16
14	ljq	f	20	1	diamond	red	(565, 619)	high	dis	(724, 460)	N	dif	vert	up	True	1843567	1844715	up	1	6	17
14	ljq	f	20	1	diamond	red	(724, 619)	low	no	no_dis	N	same	hori	left	True	1845938	1846898	left	1	6	18
14	ljq	f	20	1	circle	red	(724, 619)	low	no	no_dis	N	same	hori	left	True	1847989	1849394	left	1	6	19
14	ljq	f	20	1	circle	green	(565, 619)	high	dis	(533, 540)	N	same	vert	up	True	1850492	1851842	up	1	6	20
14	ljq	f	20	1	diamond	red	(724, 460)	low	no	no_dis	N	same	vert	up	True	1853085	1854434	up	1	6	21
14	ljq	f	20	1	diamond	red	(565, 460)	low	dis	(645, 428)	N	same	hori	left	True	1855672	1856971	left	1	6	22
14	ljq	f	20	1	diamond	green	(565, 619)	high	no	no_dis	N	same	vert	up	True	1858072	1859986	up	1	6	23
14	ljq	f	20	1	diamond	red	(565, 460)	low	no	no_dis	N	same	vert	up	True	1861108	1861978	up	1	6	24
14	ljq	f	20	1	diamond	red	(533, 540)	low	dis	(757, 540)	N	same	vert	up	True	1863149	1864466	up	1	6	25
14	ljq	f	20	1	diamond	red	(533, 540)	low	dis	(565, 619)	Y	same	hori	left	True	1865504	1866593	left	1	6	26
14	ljq	f	20	1	diamond	green	(565, 619)	high	dis	(724, 460)	N	same	vert	up	True	1867634	1868882	up	1	6	27
14	ljq	f	20	1	diamond	red	(565, 619)	high	dis	(533, 540)	N	dif	vert	up	True	1870057	1871050	up	1	6	28
14	ljq	f	20	1	circle	red	(757, 540)	low	dis	(724, 460)	N	same	hori	left	True	1872122	1874250	left	1	6	29
14	ljq	f	20	1	diamond	green	(533, 540)	low	dis	(645, 428)	N	same	hori	left	True	1875450	1876763	left	1	6	30
14	ljq	f	20	1	circle	green	(565, 460)	low	dis	(645, 428)	N	dif	vert	up	True	1877838	1879171	left	0	6	31
14	ljq	f	20	1	diamond	red	(645, 428)	low	dis	(645, 652)	N	dif	vert	up	True	1881725	1883410	up	1	6	32
14	ljq	f	20	1	diamond	green	(645, 652)	low	no	no_dis	N	dif	hori	left	True	1884620	1886410	left	1	6	33
14	ljq	f	20	1	diamond	red	(724, 619)	low	dis	(645, 652)	N	dif	vert	up	True	1887568	1889130	up	1	6	34
14	ljq	f	20	1	diamond	green	(645, 428)	low	no	no_dis	N	same	vert	up	True	1890278	1891226	up	1	6	35
14	ljq	f	20	1	diamond	green	(565, 460)	low	dis	(565, 619)	Y	same	hori	left	True	1892445	1893666	left	1	6	36
14	ljq	f	20	1	diamond	green	(533, 540)	low	dis	(757, 540)	N	dif	hori	left	True	1894751	1896018	left	1	6	37
14	ljq	f	20	1	circle	green	(645, 428)	low	dis	(565, 460)	N	same	vert	up	True	1897148	1898354	up	1	6	38
14	ljq	f	20	1	circle	red	(565, 619)	high	no	no_dis	N	dif	hori	left	True	1899365	1900689	left	1	6	39
14	ljq	f	20	1	diamond	green	(645, 428)	low	dis	(724, 460)	N	same	vert	up	True	1901814	1903490	up	1	6	40
14	ljq	f	20	1	diamond	green	(565, 619)	high	dis	(645, 652)	N	dif	vert	up	True	1904705	1906554	up	1	6	41
14	ljq	f	20	1	diamond	red	(724, 460)	low	dis	(565, 619)	Y	same	vert	up	True	1907599	1908794	up	1	6	42
14	ljq	f	20	1	diamond	red	(565, 619)	high	dis	(533, 540)	N	same	hori	left	True	1909933	1911722	left	1	6	43
14	ljq	f	20	1	diamond	green	(533, 540)	low	no	no_dis	N	same	hori	left	True	1912724	1913961	left	1	6	44
14	ljq	f	20	1	circle	green	(724, 460)	low	no	no_dis	N	same	vert	up	True	1915056	1916338	up	1	6	45
14	ljq	f	20	1	diamond	green	(565, 619)	high	dis	(724, 619)	N	same	vert	up	True	1917396	1919498	up	1	6	46
14	ljq	f	20	1	circle	red	(565, 460)	low	dis	(724, 460)	N	same	hori	left	True	1920586	1921643	left	1	6	47
14	ljq	f	20	1	circle	green	(645, 652)	low	dis	(724, 460)	N	dif	vert	up	True	1922822	1924402	up	1	6	48
14	ljq	f	20	1	diamond	green	(724, 460)	low	no	no_dis	N	same	hori	left	True	1925550	1927706	left	1	6	49
14	ljq	f	20	1	circle	red	(645, 652)	low	no	no_dis	N	same	vert	up	True	1928936	1929818	up	1	6	50
14	ljq	f	20	1	diamond	red	(757, 540)	low	no	no_dis	N	dif	vert	up	True	1930937	1931889	up	1	6	51
14	ljq	f	20	1	diamond	green	(565, 619)	high	dis	(645, 428)	N	dif	hori	left	True	1933113	1934178	left	1	6	52
14	ljq	f	20	1	diamond	green	(757, 540)	low	dis	(533, 540)	N	dif	hori	left	True	1935297	1936290	left	1	6	53
14	ljq	f	20	1	circle	red	(565, 619)	high	dis	(565, 460)	N	same	hori	left	True	1937465	1938426	left	1	6	54
14	ljq	f	20	1	circle	green	(565, 619)	high	dis	(724, 460)	N	same	vert	up	True	1939616	1941610	up	1	6	55
14	ljq	f	20	1	diamond	green	(645, 652)	low	dis	(645, 428)	N	dif	hori	left	True	1942662	1944083	left	1	6	56
14	ljq	f	20	1	circle	red	(565, 619)	high	dis	(565, 460)	N	dif	hori	left	True	1945255	1946282	left	1	6	57
14	ljq	f	20	1	circle	green	(757, 540)	low	no	no_dis	N	same	hori	left	True	1947404	1948154	left	1	6	58
14	ljq	f	20	1	circle	green	(724, 460)	low	dis	(565, 460)	N	same	vert	up	True	1949266	1950426	up	1	6	59
14	ljq	f	20	1	circle	green	(565, 619)	high	no	no_dis	N	dif	vert	up	True	1951607	1952483	up	1	6	60
14	ljq	f	20	1	diamond	green	(757, 540)	low	no	no_dis	N	dif	vert	up	True	1953715	1954625	up	1	6	61
14	ljq	f	20	1	circle	green	(565, 619)	high	dis	(565, 460)	N	same	hori	left	True	1955646	1956483	left	1	6	62
14	ljq	f	20	1	circle	green	(724, 460)	low	dis	(565, 619)	Y	dif	vert	up	True	1957673	1958730	up	1	6	63
14	ljq	f	20	1	diamond	green	(565, 460)	low	dis	(757, 540)	N	dif	vert	up	True	1959798	1961714	up	1	6	64
14	ljq	f	20	1	circle	red	(724, 619)	low	dis	(645, 428)	N	same	vert	up	True	1962938	1963882	up	1	6	65
14	ljq	f	20	1	diamond	green	(565, 619)	high	dis	(645, 428)	N	dif	hori	left	True	1965097	1966170	left	1	6	66
14	ljq	f	20	1	circle	green	(757, 540)	low	dis	(724, 619)	N	dif	hori	left	True	1967203	1968426	left	1	6	67
14	ljq	f	20	1	diamond	green	(565, 619)	high	no	no_dis	N	dif	vert	up	True	1969563	1970274	up	1	6	68
14	ljq	f	20	1	diamond	red	(757, 540)	low	dis	(724, 619)	N	same	vert	up	True	1971512	1972441	up	1	6	69
14	ljq	f	20	1	diamond	green	(645, 428)	low	dis	(565, 460)	N	dif	vert	up	True	1973558	1974442	up	1	6	70
14	ljq	f	20	1	circle	green	(565, 619)	high	dis	(645, 652)	N	dif	vert	up	True	1975640	1976906	up	1	6	71
14	ljq	f	20	1	circle	red	(565, 460)	low	no	no_dis	N	dif	vert	up	True	1977908	1978802	up	1	6	72
14	ljq	f	20	1	diamond	red	(565, 460)	low	no	no_dis	N	dif	vert	up	True	1980044	1981082	up	1	6	73
14	ljq	f	20	1	diamond	red	(565, 619)	high	dis	(724, 619)	N	same	hori	left	True	1982295	1983705	left	1	6	74
14	ljq	f	20	1	circle	red	(724, 460)	low	dis	(645, 428)	N	same	hori	left	True	1984849	1985914	left	1	6	75
14	ljq	f	20	1	circle	red	(533, 540)	low	dis	(724, 619)	N	same	hori	left	True	1987060	1987745	left	1	6	76
14	ljq	f	20	1	circle	green	(645, 428)	low	dis	(724, 619)	N	same	hori	left	True	1988931	1989801	left	1	6	77
14	ljq	f	20	1	diamond	green	(645, 652)	low	dis	(724, 619)	N	dif	hori	left	True	1990907	1992434	left	1	6	78
14	ljq	f	20	1	circle	red	(645, 428)	low	dis	(724, 460)	N	same	hori	left	True	1993565	1994402	left	1	6	79
14	ljq	f	20	1	circle	green	(724, 619)	low	no	no_dis	N	dif	hori	left	True	1995523	1996298	left	1	6	80
14	ljq	f	20	1	circle	green	(565, 619)	high	dis	(645, 428)	N	same	hori	left	True	1997474	1998985	left	1	6	81
14	ljq	f	20	1	diamond	green	(757, 540)	low	dis	(565, 460)	N	dif	vert	up	True	2000138	2001138	up	1	6	82
14	ljq	f	20	1	diamond	green	(724, 619)	low	dis	(645, 652)	N	dif	vert	up	True	2002305	2003082	up	1	6	83
14	ljq	f	20	1	diamond	red	(565, 460)	low	dis	(757, 540)	N	same	vert	up	True	2004283	2005234	up	1	6	84
14	ljq	f	20	1	circle	red	(533, 540)	low	dis	(724, 619)	N	dif	hori	left	True	2006255	2007122	left	1	6	85
14	ljq	f	20	1	diamond	green	(565, 619)	high	no	no_dis	N	same	hori	left	True	2008338	2009858	left	1	6	86
14	ljq	f	20	1	circle	red	(645, 428)	low	dis	(724, 619)	N	dif	hori	left	True	2011066	2011698	left	1	6	87
14	ljq	f	20	1	diamond	green	(724, 460)	low	dis	(533, 540)	N	dif	vert	up	True	2012821	2013842	up	1	6	88
14	ljq	f	20	1	circle	green	(645, 652)	low	dis	(565, 619)	Y	same	hori	left	True	2015087	2016178	left	1	6	89
14	ljq	f	20	1	diamond	red	(757, 540)	low	dis	(533, 540)	N	same	vert	up	True	2017430	2018473	up	1	6	90
14	ljq	f	20	1	circle	green	(565, 619)	high	no	no_dis	N	same	vert	up	True	2019561	2021057	up	1	6	91
14	ljq	f	20	1	circle	green	(565, 460)	low	no	no_dis	N	dif	hori	left	True	2022279	2023250	left	1	6	92
14	ljq	f	20	1	diamond	red	(724, 460)	low	no	no_dis	N	dif	vert	up	True	2024335	2025210	up	1	6	93
14	ljq	f	20	1	diamond	green	(645, 652)	low	no	no_dis	N	dif	hori	left	True	2026326	2027226	left	1	6	94
14	ljq	f	20	1	diamond	red	(565, 619)	high	dis	(565, 460)	N	dif	hori	left	True	2028433	2029378	left	1	6	95
14	ljq	f	20	1	diamond	green	(533, 540)	low	no	no_dis	N	dif	vert	up	True	2030496	2031417	up	1	6	96
14	ljq	f	20	1	circle	red	(724, 460)	low	dis	(757, 540)	N	same	vert	up	True	2032538	2034130	up	1	6	97
14	ljq	f	20	1	diamond	green	(565, 619)	high	dis	(724, 619)	N	dif	vert	up	True	2035156	2036562	up	1	6	98
14	ljq	f	20	1	circle	red	(565, 619)	high	dis	(757, 540)	N	dif	hori	left	True	2037759	2038833	left	1	6	99
14	ljq	f	20	1	circle	green	(533, 540)	low	dis	(565, 619)	Y	dif	hori	left	True	2039967	2040946	left	1	6	100
14	ljq	f	20	1	diamond	red	(565, 619)	high	dis	(724, 460)	N	same	vert	up	True	2041989	2043769	up	1	6	101
14	ljq	f	20	1	diamond	red	(645, 652)	low	dis	(533, 540)	N	dif	vert	up	True	2044969	2046601	up	1	6	102
14	ljq	f	20	1	circle	red	(565, 619)	high	dis	(757, 540)	N	dif	hori	left	True	2047700	2049546	left	1	6	103
14	ljq	f	20	1	diamond	green	(724, 460)	low	dis	(565, 460)	N	same	hori	left	True	2050712	2052554	left	1	6	104
14	ljq	f	20	1	circle	red	(533, 540)	low	no	no_dis	N	dif	hori	left	True	2053692	2054858	left	1	6	105
14	ljq	f	20	1	circle	green	(757, 540)	low	dis	(533, 540)	N	dif	vert	up	True	2055962	2057050	up	1	6	106
14	ljq	f	20	1	diamond	red	(724, 460)	low	dis	(565, 619)	Y	dif	hori	left	True	2058179	2059106	left	1	6	107
14	ljq	f	20	1	circle	green	(724, 619)	low	dis	(533, 540)	N	dif	hori	left	True	2060262	2061225	left	1	6	108
14	ljq	f	20	1	circle	red	(565, 619)	high	no	no_dis	N	dif	vert	up	True	2062358	2063753	up	1	6	109
14	ljq	f	20	1	diamond	red	(645, 428)	low	dis	(757, 540)	N	same	vert	up	True	2064962	2066825	up	1	6	110
14	ljq	f	20	1	circle	green	(645, 428)	low	no	no_dis	N	same	vert	up	True	2067964	2069122	up	1	6	111
14	ljq	f	20	1	circle	red	(565, 619)	high	dis	(645, 652)	N	same	hori	left	True	2070304	2071786	left	1	6	112
14	ljq	f	20	1	diamond	red	(724, 619)	low	dis	(645, 652)	N	same	hori	left	True	2072900	2074226	left	1	6	113
14	ljq	f	20	1	circle	red	(757, 540)	low	dis	(645, 652)	N	dif	hori	left	True	2075417	2076874	left	1	6	114
14	ljq	f	20	1	circle	red	(724, 619)	low	dis	(565, 460)	N	same	vert	up	True	2078060	2079098	up	1	6	115
14	ljq	f	20	1	diamond	green	(724, 619)	low	dis	(565, 619)	Y	same	vert	up	True	2080131	2081946	up	1	6	116
14	ljq	f	20	1	circle	red	(645, 652)	low	no	no_dis	N	same	hori	left	True	2082980	2083953	left	1	6	117
14	ljq	f	20	1	diamond	red	(565, 619)	high	no	no_dis	N	same	hori	left	True	2085145	2086170	left	1	6	118
14	ljq	f	20	1	circle	green	(565, 460)	low	dis	(565, 619)	Y	dif	vert	up	True	2087367	2088330	left	0	6	119
14	ljq	f	20	1	diamond	red	(565, 619)	high	no	no_dis	N	dif	hori	left	True	2091056	2091994	left	1	6	120
conf	14	ljq	f	20	1	True	2128530	2149649	3	True	2149659	2162354	4
