subj	name	gender	age	prac	shape	color	tar_loc	popularity	dis_cond	dis_loc	dis_high	td_dif	line	respkey	gotkey	startTime	respTime	resp	correct	block	trialnum
1	gmy	f	21	1	circle	green	(757, 540)	high	no	no_dis	N	dif	vert	up	True	20151	21533	up	1	1	1
1	gmy	f	21	1	circle	green	(565, 460)	low	no	no_dis	N	dif	hori	left	True	22767	24092	left	1	1	2
1	gmy	f	21	1	diamond	green	(565, 460)	low	dis	(757, 540)	Y	dif	hori	left	True	25223	27188	left	1	1	3
1	gmy	f	21	1	circle	red	(757, 540)	high	no	no_dis	N	same	hori	left	True	28286	29484	left	1	1	4
1	gmy	f	21	1	diamond	red	(533, 540)	low	dis	(724, 619)	N	dif	vert	up	True	30531	31892	up	1	1	5
1	gmy	f	21	1	diamond	green	(757, 540)	high	dis	(645, 428)	N	same	vert	up	True	32923	35533	up	1	1	6
1	gmy	f	21	1	circle	green	(757, 540)	high	dis	(533, 540)	N	same	hori	left	True	36609	38757	left	1	1	7
1	gmy	f	21	1	circle	red	(565, 619)	low	no	no_dis	N	dif	vert	up	True	39981	42588	up	1	1	8
1	gmy	f	21	1	diamond	red	(757, 540)	high	dis	(565, 460)	N	dif	hori	left	True	43775	45524	left	1	1	9
1	gmy	f	21	1	diamond	green	(645, 652)	low	dis	(645, 428)	N	dif	vert	up	True	46644	48749	up	1	1	10
1	gmy	f	21	1	diamond	green	(724, 619)	low	dis	(645, 652)	N	dif	hori	left	True	49949	51708	left	1	1	11
1	gmy	f	21	1	diamond	red	(645, 428)	low	dis	(645, 652)	N	dif	vert	up	True	52879	54652	up	1	1	12
1	gmy	f	21	1	diamond	red	(757, 540)	high	dis	(645, 652)	N	dif	hori	left	True	55739	57676	left	1	1	13
1	gmy	f	21	1	diamond	red	(565, 619)	low	dis	(724, 460)	N	dif	hori	left	True	58725	60236	left	1	1	14
1	gmy	f	21	1	diamond	green	(757, 540)	high	dis	(565, 460)	N	dif	hori	left	True	61293	62724	left	1	1	15
1	gmy	f	21	1	circle	green	(533, 540)	low	no	no_dis	N	same	vert	up	True	63797	65508	up	1	1	16
1	gmy	f	21	1	diamond	red	(724, 619)	low	no	no_dis	N	dif	hori	left	True	66740	68125	left	1	1	17
1	gmy	f	21	1	diamond	green	(645, 428)	low	no	no_dis	N	dif	vert	up	True	69348	70789	up	1	1	18
1	gmy	f	21	1	diamond	green	(565, 460)	low	no	no_dis	N	same	hori	left	True	71923	74237	left	1	1	19
1	gmy	f	21	1	circle	green	(533, 540)	low	no	no_dis	N	dif	vert	up	False	75406	None	None	0	1	20
1	gmy	f	21	1	circle	red	(645, 652)	low	dis	(645, 428)	N	dif	vert	up	True	81117	82748	up	1	1	21
1	gmy	f	21	1	diamond	green	(724, 460)	low	no	no_dis	N	dif	hori	left	True	83826	84700	left	1	1	22
1	gmy	f	21	1	circle	green	(724, 619)	low	no	no_dis	N	dif	hori	left	True	85758	87036	up	0	1	23
1	gmy	f	21	1	circle	red	(565, 460)	low	dis	(645, 652)	N	same	vert	up	True	89678	91197	up	1	1	24
1	gmy	f	21	1	circle	red	(724, 460)	low	dis	(565, 460)	N	dif	hori	left	True	92203	93204	left	1	1	25
1	gmy	f	21	1	circle	green	(757, 540)	high	dis	(565, 619)	N	dif	vert	up	True	94434	95773	up	1	1	26
1	gmy	f	21	1	diamond	red	(757, 540)	high	dis	(565, 619)	N	same	vert	up	True	96789	98109	up	1	1	27
1	gmy	f	21	1	diamond	green	(757, 540)	high	no	no_dis	N	dif	vert	up	True	99290	100197	up	1	1	28
1	gmy	f	21	1	circle	red	(724, 619)	low	dis	(533, 540)	N	dif	hori	left	True	101333	102741	left	1	1	29
1	gmy	f	21	1	diamond	red	(757, 540)	high	dis	(645, 652)	N	same	hori	left	True	103861	104964	left	1	1	30
1	gmy	f	21	1	circle	red	(565, 619)	low	no	no_dis	N	dif	hori	left	True	106198	107932	left	1	1	31
1	gmy	f	21	1	circle	red	(533, 540)	low	dis	(724, 619)	N	same	hori	left	True	109029	110428	left	1	1	32
1	gmy	f	21	1	diamond	green	(565, 460)	low	dis	(724, 460)	N	same	hori	left	True	111511	114133	left	1	1	33
1	gmy	f	21	1	circle	green	(724, 460)	low	no	no_dis	N	same	vert	up	True	115196	116596	up	1	1	34
1	gmy	f	21	1	diamond	green	(565, 619)	low	dis	(565, 460)	N	dif	vert	up	True	117698	119972	left	0	1	35
1	gmy	f	21	1	diamond	red	(533, 540)	low	dis	(565, 460)	N	same	vert	up	True	122709	124316	up	1	1	36
1	gmy	f	21	1	circle	green	(565, 619)	low	dis	(757, 540)	Y	same	vert	up	True	125419	127277	up	1	1	37
1	gmy	f	21	1	diamond	green	(533, 540)	low	no	no_dis	N	dif	hori	left	True	128430	129997	left	1	1	38
1	gmy	f	21	1	circle	red	(757, 540)	high	no	no_dis	N	dif	vert	up	True	131165	133005	up	1	1	39
1	gmy	f	21	1	diamond	red	(757, 540)	high	no	no_dis	N	same	vert	up	True	134040	135516	up	1	1	40
1	gmy	f	21	1	diamond	green	(757, 540)	high	dis	(533, 540)	N	same	vert	up	True	136710	137772	up	1	1	41
1	gmy	f	21	1	diamond	green	(533, 540)	low	dis	(724, 619)	N	dif	hori	left	True	138778	139709	left	1	1	42
1	gmy	f	21	1	circle	red	(645, 428)	low	no	no_dis	N	same	vert	up	True	140799	142653	up	1	1	43
1	gmy	f	21	1	diamond	red	(724, 619)	low	no	no_dis	N	dif	vert	up	True	143849	145532	up	1	1	44
1	gmy	f	21	1	diamond	red	(724, 619)	low	dis	(645, 428)	N	same	vert	up	True	146707	147748	up	1	1	45
1	gmy	f	21	1	circle	red	(724, 460)	low	dis	(757, 540)	Y	same	vert	up	True	148953	150237	up	1	1	46
1	gmy	f	21	1	diamond	green	(724, 460)	low	dis	(757, 540)	Y	dif	vert	up	True	151420	153268	up	1	1	47
1	gmy	f	21	1	circle	red	(565, 619)	low	dis	(724, 460)	N	same	hori	left	True	154486	157460	left	1	1	48
1	gmy	f	21	1	diamond	green	(645, 428)	low	no	no_dis	N	same	hori	left	True	158554	160237	left	1	1	49
1	gmy	f	21	1	diamond	green	(533, 540)	low	dis	(565, 460)	N	dif	hori	left	True	161305	162924	left	1	1	50
1	gmy	f	21	1	circle	green	(565, 460)	low	dis	(645, 652)	N	same	vert	up	True	164110	165972	up	1	1	51
1	gmy	f	21	1	circle	red	(757, 540)	high	no	no_dis	N	same	vert	up	True	166978	168092	up	1	1	52
1	gmy	f	21	1	circle	red	(757, 540)	high	dis	(724, 460)	N	dif	hori	left	True	169326	170981	left	1	1	53
1	gmy	f	21	1	diamond	green	(757, 540)	high	dis	(645, 652)	N	same	vert	up	True	172190	173868	up	1	1	54
1	gmy	f	21	1	circle	red	(757, 540)	high	dis	(645, 652)	N	same	hori	left	True	175085	177389	left	1	1	55
1	gmy	f	21	1	circle	green	(757, 540)	high	no	no_dis	N	same	vert	up	True	178462	180540	up	1	1	56
1	gmy	f	21	1	diamond	red	(645, 428)	low	dis	(565, 619)	N	dif	vert	up	True	181702	183460	up	1	1	57
1	gmy	f	21	1	circle	green	(533, 540)	low	dis	(565, 619)	N	dif	vert	up	True	184707	186292	up	1	1	58
1	gmy	f	21	1	diamond	red	(645, 652)	low	dis	(724, 460)	N	dif	vert	up	True	187363	188948	up	1	1	59
1	gmy	f	21	1	circle	red	(565, 460)	low	dis	(533, 540)	N	dif	hori	left	True	190104	191780	left	1	1	60
1	gmy	f	21	1	circle	red	(757, 540)	high	dis	(724, 460)	N	dif	vert	up	True	192988	194076	up	1	1	61
1	gmy	f	21	1	diamond	red	(645, 652)	low	dis	(757, 540)	Y	same	hori	left	True	195241	196357	left	1	1	62
1	gmy	f	21	1	diamond	green	(757, 540)	high	dis	(565, 619)	N	same	hori	left	True	197438	198556	left	1	1	63
1	gmy	f	21	1	circle	green	(724, 460)	low	dis	(645, 428)	N	same	hori	left	True	199632	201181	left	1	1	64
1	gmy	f	21	1	circle	green	(724, 460)	low	no	no_dis	N	same	hori	left	True	202235	203420	left	1	1	65
1	gmy	f	21	1	circle	red	(757, 540)	high	dis	(645, 428)	N	dif	vert	up	True	204666	205940	up	1	1	66
1	gmy	f	21	1	diamond	green	(724, 460)	low	no	no_dis	N	same	hori	left	True	207162	208396	left	1	1	67
1	gmy	f	21	1	circle	green	(645, 652)	low	no	no_dis	N	same	vert	up	True	209545	211324	left	0	1	68
1	gmy	f	21	1	circle	red	(757, 540)	high	dis	(533, 540)	N	dif	hori	left	True	213866	215172	left	1	1	69
1	gmy	f	21	1	diamond	red	(565, 619)	low	dis	(724, 619)	N	same	hori	left	True	216216	217765	left	1	1	70
1	gmy	f	21	1	circle	green	(645, 428)	low	dis	(724, 460)	N	same	vert	up	True	219014	221620	up	1	1	71
1	gmy	f	21	1	diamond	green	(565, 619)	low	dis	(724, 619)	N	dif	hori	left	True	222817	224349	left	1	1	72
1	gmy	f	21	1	diamond	red	(757, 540)	high	no	no_dis	N	dif	hori	left	True	225351	226268	left	1	1	73
1	gmy	f	21	1	circle	green	(757, 540)	high	dis	(645, 428)	N	same	vert	up	True	227480	229197	up	1	1	74
1	gmy	f	21	1	circle	green	(645, 652)	low	dis	(757, 540)	Y	same	vert	up	True	230257	231556	up	1	1	75
1	gmy	f	21	1	diamond	red	(645, 652)	low	no	no_dis	N	same	hori	left	True	232732	234164	left	1	1	76
1	gmy	f	21	1	diamond	red	(757, 540)	high	dis	(565, 460)	N	same	hori	left	True	235224	236428	left	1	1	77
1	gmy	f	21	1	circle	red	(533, 540)	low	dis	(724, 460)	N	dif	vert	up	True	237461	239364	up	1	1	78
1	gmy	f	21	1	circle	red	(645, 428)	low	no	no_dis	N	dif	vert	up	True	240479	242460	up	1	1	79
1	gmy	f	21	1	diamond	green	(757, 540)	high	dis	(724, 460)	N	dif	hori	left	True	243701	244677	left	1	1	80
1	gmy	f	21	1	circle	red	(724, 619)	low	dis	(645, 428)	N	same	hori	left	True	245752	247685	left	1	1	81
1	gmy	f	21	1	circle	red	(645, 428)	low	dis	(757, 540)	Y	dif	vert	up	True	248861	250300	up	1	1	82
1	gmy	f	21	1	circle	red	(757, 540)	high	dis	(724, 619)	N	same	vert	up	True	251315	252453	left	0	1	83
1	gmy	f	21	1	circle	green	(757, 540)	high	dis	(565, 460)	N	dif	vert	up	True	255019	256548	up	1	1	84
1	gmy	f	21	1	diamond	red	(565, 460)	low	no	no_dis	N	same	vert	up	True	257691	259620	up	1	1	85
1	gmy	f	21	1	diamond	red	(565, 619)	low	no	no_dis	N	dif	vert	up	True	260795	262661	up	1	1	86
1	gmy	f	21	1	diamond	green	(645, 428)	low	dis	(757, 540)	Y	dif	hori	left	True	263745	264733	left	1	1	87
1	gmy	f	21	1	circle	green	(724, 460)	low	dis	(645, 428)	N	same	hori	left	True	265834	267652	left	1	1	88
1	gmy	f	21	1	circle	red	(533, 540)	low	no	no_dis	N	same	hori	left	True	268675	270173	left	1	1	89
1	gmy	f	21	1	circle	green	(724, 619)	low	dis	(565, 619)	N	same	hori	left	True	271362	272525	left	1	1	90
1	gmy	f	21	1	circle	green	(757, 540)	high	dis	(533, 540)	N	same	hori	left	True	273761	275157	left	1	1	91
1	gmy	f	21	1	circle	green	(724, 619)	low	dis	(757, 540)	Y	same	hori	left	True	276409	278541	left	1	1	92
1	gmy	f	21	1	diamond	red	(757, 540)	high	dis	(724, 619)	N	dif	vert	up	True	279632	280973	up	1	1	93
1	gmy	f	21	1	diamond	green	(757, 540)	high	no	no_dis	N	dif	hori	left	True	282192	283389	left	1	1	94
1	gmy	f	21	1	circle	red	(645, 652)	low	no	no_dis	N	same	hori	left	True	284484	286717	left	1	1	95
1	gmy	f	21	1	circle	green	(645, 652)	low	dis	(565, 619)	N	same	hori	left	True	287964	290701	left	1	1	96
1	gmy	f	21	1	circle	green	(757, 540)	high	no	no_dis	N	same	hori	left	True	291729	293276	left	1	1	97
1	gmy	f	21	1	diamond	red	(757, 540)	high	no	no_dis	N	dif	hori	left	True	294398	296285	left	1	1	98
1	gmy	f	21	1	diamond	red	(724, 460)	low	dis	(645, 652)	N	same	vert	up	True	297538	299244	up	1	1	99
1	gmy	f	21	1	diamond	red	(724, 619)	low	dis	(757, 540)	Y	same	vert	up	True	300428	301780	up	1	1	100
1	gmy	f	21	1	circle	green	(565, 619)	low	dis	(645, 428)	N	same	vert	up	True	302798	304165	up	1	1	101
1	gmy	f	21	1	circle	green	(565, 460)	low	dis	(724, 460)	N	same	hori	left	True	305381	307124	left	1	1	102
1	gmy	f	21	1	diamond	green	(645, 428)	low	dis	(565, 460)	N	same	vert	up	True	308165	309348	up	1	1	103
1	gmy	f	21	1	diamond	green	(724, 619)	low	dis	(533, 540)	N	same	vert	up	True	310357	311460	up	1	1	104
1	gmy	f	21	1	circle	red	(645, 428)	low	dis	(645, 652)	N	dif	hori	left	True	312512	313796	left	1	1	105
1	gmy	f	21	1	diamond	green	(724, 460)	low	dis	(533, 540)	N	dif	hori	left	True	314897	316636	left	1	1	106
1	gmy	f	21	1	circle	red	(565, 460)	low	no	no_dis	N	dif	vert	up	True	317699	319133	up	1	1	107
1	gmy	f	21	1	diamond	red	(724, 619)	low	no	no_dis	N	dif	hori	left	True	320250	321436	left	1	1	108
1	gmy	f	21	1	diamond	red	(724, 460)	low	dis	(565, 460)	N	dif	hori	left	True	322589	323652	left	1	1	109
1	gmy	f	21	1	diamond	green	(645, 652)	low	no	no_dis	N	same	vert	up	True	324777	325916	up	1	1	110
1	gmy	f	21	1	circle	green	(533, 540)	low	dis	(724, 619)	N	dif	vert	up	True	327115	328644	up	1	1	111
1	gmy	f	21	1	circle	green	(757, 540)	high	dis	(724, 619)	N	dif	vert	up	True	329713	331117	up	1	1	112
1	gmy	f	21	1	diamond	green	(645, 652)	low	dis	(565, 619)	N	same	vert	up	True	332180	333253	up	1	1	113
1	gmy	f	21	1	diamond	red	(565, 460)	low	dis	(533, 540)	N	same	hori	left	True	334310	336676	left	1	1	114
1	gmy	f	21	1	circle	red	(645, 652)	low	dis	(565, 619)	N	dif	vert	up	True	337757	339309	left	0	1	115
1	gmy	f	21	1	diamond	red	(565, 460)	low	dis	(565, 619)	N	same	hori	left	True	341899	344653	left	1	1	116
1	gmy	f	21	1	circle	red	(565, 619)	low	dis	(533, 540)	N	dif	hori	left	True	345659	346877	left	1	1	117
1	gmy	f	21	1	diamond	green	(757, 540)	high	no	no_dis	N	same	hori	left	True	348056	349420	left	1	1	118
1	gmy	f	21	1	diamond	red	(565, 619)	low	no	no_dis	N	same	vert	up	True	350642	352917	up	1	1	119
1	gmy	f	21	1	circle	green	(645, 428)	low	dis	(724, 619)	N	dif	vert	up	True	353933	355724	up	1	1	120
1	gmy	f	21	1	circle	green	(757, 540)	high	dis	(533, 540)	N	dif	vert	up	True	394936	396860	up	1	2	1
1	gmy	f	21	1	diamond	red	(533, 540)	low	dis	(645, 652)	N	dif	hori	left	True	397908	399501	left	1	2	2
1	gmy	f	21	1	circle	red	(724, 460)	low	dis	(565, 619)	N	same	vert	up	True	400553	402221	up	1	2	3
1	gmy	f	21	1	circle	green	(757, 540)	high	dis	(533, 540)	N	dif	hori	left	True	403432	405301	left	1	2	4
1	gmy	f	21	1	diamond	red	(645, 652)	low	dis	(565, 460)	N	dif	hori	left	True	406510	407837	left	1	2	5
1	gmy	f	21	1	circle	red	(533, 540)	low	no	no_dis	N	same	vert	up	True	408854	409789	up	1	2	6
1	gmy	f	21	1	diamond	red	(645, 428)	low	dis	(724, 460)	N	dif	hori	left	True	410929	412389	left	1	2	7
1	gmy	f	21	1	circle	red	(724, 619)	low	dis	(724, 460)	N	same	hori	left	True	413554	414900	left	1	2	8
1	gmy	f	21	1	circle	red	(533, 540)	low	dis	(565, 460)	N	dif	hori	left	True	415914	416756	left	1	2	9
1	gmy	f	21	1	circle	red	(757, 540)	high	dis	(565, 460)	N	same	hori	left	True	417780	418477	left	1	2	10
1	gmy	f	21	1	circle	green	(565, 460)	low	dis	(724, 619)	N	same	hori	left	True	419606	420660	left	1	2	11
1	gmy	f	21	1	diamond	green	(724, 460)	low	dis	(724, 619)	N	dif	hori	left	True	421843	423060	left	1	2	12
1	gmy	f	21	1	circle	red	(757, 540)	high	no	no_dis	N	dif	vert	up	True	424174	425156	up	1	2	13
1	gmy	f	21	1	diamond	green	(533, 540)	low	dis	(645, 652)	N	dif	vert	up	True	426351	427676	up	1	2	14
1	gmy	f	21	1	circle	red	(724, 619)	low	dis	(757, 540)	Y	dif	vert	up	True	428805	429844	up	1	2	15
1	gmy	f	21	1	diamond	red	(533, 540)	low	no	no_dis	N	dif	vert	up	True	430985	431917	up	1	2	16
1	gmy	f	21	1	circle	green	(757, 540)	high	dis	(724, 619)	N	same	vert	up	True	433092	434477	up	1	2	17
1	gmy	f	21	1	circle	green	(757, 540)	high	no	no_dis	N	dif	hori	left	True	435670	436604	left	1	2	18
1	gmy	f	21	1	diamond	green	(724, 619)	low	dis	(565, 460)	N	same	hori	left	True	437845	439316	left	1	2	19
1	gmy	f	21	1	circle	green	(724, 460)	low	dis	(533, 540)	N	same	hori	left	True	440474	442652	left	1	2	20
1	gmy	f	21	1	diamond	green	(757, 540)	high	dis	(533, 540)	N	same	vert	up	True	443796	445332	up	1	2	21
1	gmy	f	21	1	circle	red	(565, 460)	low	dis	(757, 540)	Y	same	vert	up	True	446521	449060	up	1	2	22
1	gmy	f	21	1	diamond	green	(565, 460)	low	dis	(645, 428)	N	same	hori	left	True	450262	452741	left	1	2	23
1	gmy	f	21	1	diamond	green	(533, 540)	low	dis	(724, 619)	N	same	vert	up	True	453797	456085	up	1	2	24
1	gmy	f	21	1	diamond	green	(724, 460)	low	no	no_dis	N	dif	vert	up	False	457111	None	None	0	2	25
1	gmy	f	21	1	circle	green	(724, 460)	low	dis	(645, 652)	N	dif	vert	up	True	462765	465525	up	1	2	26
1	gmy	f	21	1	diamond	red	(757, 540)	high	dis	(565, 619)	N	same	vert	up	True	466746	468932	up	1	2	27
1	gmy	f	21	1	diamond	green	(757, 540)	high	dis	(724, 619)	N	same	vert	up	True	470116	471949	up	1	2	28
1	gmy	f	21	1	circle	red	(757, 540)	high	dis	(645, 652)	N	dif	hori	left	True	472990	474748	left	1	2	29
1	gmy	f	21	1	diamond	red	(757, 540)	high	no	no_dis	N	same	vert	up	True	475994	477669	up	1	2	30
1	gmy	f	21	1	circle	green	(724, 619)	low	dis	(645, 428)	N	same	hori	left	True	478810	480332	left	1	2	31
1	gmy	f	21	1	circle	green	(533, 540)	low	dis	(565, 619)	N	dif	vert	up	True	481375	482516	up	1	2	32
1	gmy	f	21	1	diamond	red	(757, 540)	high	dis	(645, 428)	N	dif	vert	up	True	483701	484725	up	1	2	33
1	gmy	f	21	1	diamond	red	(565, 619)	low	no	no_dis	N	same	hori	left	True	485819	487333	left	1	2	34
1	gmy	f	21	1	circle	red	(757, 540)	high	dis	(565, 460)	N	same	hori	left	True	488348	489588	left	1	2	35
1	gmy	f	21	1	circle	green	(757, 540)	high	no	no_dis	N	same	hori	left	True	490684	491724	left	1	2	36
1	gmy	f	21	1	diamond	green	(724, 619)	low	no	no_dis	N	same	vert	up	True	492735	493653	up	1	2	37
1	gmy	f	21	1	diamond	green	(645, 428)	low	dis	(565, 619)	N	same	vert	up	True	494821	495748	up	1	2	38
1	gmy	f	21	1	diamond	red	(757, 540)	high	no	no_dis	N	dif	vert	up	True	496834	497532	up	1	2	39
1	gmy	f	21	1	diamond	green	(757, 540)	high	no	no_dis	N	same	hori	left	True	498688	499756	up	0	2	40
1	gmy	f	21	1	circle	green	(645, 652)	low	dis	(724, 619)	N	dif	hori	left	True	502453	504524	left	1	2	41
1	gmy	f	21	1	diamond	green	(724, 460)	low	dis	(645, 652)	N	same	hori	left	True	505557	506485	left	1	2	42
1	gmy	f	21	1	circle	red	(645, 428)	low	no	no_dis	N	same	vert	up	True	507611	509549	up	1	2	43
1	gmy	f	21	1	diamond	red	(645, 652)	low	dis	(645, 428)	N	same	vert	up	True	510786	511941	up	1	2	44
1	gmy	f	21	1	diamond	green	(724, 619)	low	no	no_dis	N	same	hori	left	True	513065	514453	left	1	2	45
1	gmy	f	21	1	diamond	green	(724, 619)	low	dis	(645, 652)	N	dif	hori	left	True	515629	516884	left	1	2	46
1	gmy	f	21	1	diamond	red	(645, 428)	low	dis	(565, 460)	N	same	vert	up	True	518117	519629	up	1	2	47
1	gmy	f	21	1	diamond	green	(757, 540)	high	no	no_dis	N	dif	hori	left	True	520705	521532	left	1	2	48
1	gmy	f	21	1	diamond	red	(724, 619)	low	dis	(565, 460)	N	dif	hori	left	True	522596	523380	left	1	2	49
1	gmy	f	21	1	circle	green	(645, 428)	low	no	no_dis	N	same	vert	up	True	524434	525341	left	0	2	50
1	gmy	f	21	1	diamond	red	(757, 540)	high	dis	(724, 460)	N	same	vert	up	True	528092	529109	up	1	2	51
1	gmy	f	21	1	circle	red	(565, 460)	low	dis	(533, 540)	N	dif	hori	left	True	530322	531837	left	1	2	52
1	gmy	f	21	1	diamond	red	(645, 652)	low	no	no_dis	N	dif	hori	left	True	532857	533948	up	0	2	53
1	gmy	f	21	1	circle	green	(565, 619)	low	dis	(533, 540)	N	dif	hori	left	True	536529	537965	left	1	2	54
1	gmy	f	21	1	circle	green	(757, 540)	high	dis	(724, 460)	N	dif	vert	up	True	539024	540396	up	1	2	55
1	gmy	f	21	1	diamond	green	(645, 428)	low	dis	(724, 460)	N	dif	vert	up	True	541470	542525	up	1	2	56
1	gmy	f	21	1	circle	green	(645, 428)	low	dis	(724, 460)	N	same	vert	up	True	543714	544893	up	1	2	57
1	gmy	f	21	1	diamond	green	(645, 652)	low	no	no_dis	N	dif	vert	up	True	546027	547661	up	1	2	58
1	gmy	f	21	1	diamond	red	(724, 460)	low	dis	(757, 540)	Y	same	hori	left	True	548714	549565	left	1	2	59
1	gmy	f	21	1	diamond	red	(565, 460)	low	dis	(645, 428)	N	dif	vert	up	True	550592	551780	up	1	2	60
1	gmy	f	21	1	circle	red	(757, 540)	high	dis	(724, 460)	N	dif	vert	up	True	552818	554356	up	1	2	61
1	gmy	f	21	1	diamond	red	(565, 460)	low	dis	(757, 540)	Y	same	hori	left	True	555368	556876	left	1	2	62
1	gmy	f	21	1	diamond	red	(757, 540)	high	dis	(645, 652)	N	dif	vert	up	True	558084	559012	up	1	2	63
1	gmy	f	21	1	circle	red	(645, 428)	low	dis	(724, 460)	N	dif	vert	up	True	560126	561884	up	1	2	64
1	gmy	f	21	1	circle	red	(757, 540)	high	no	no_dis	N	dif	vert	up	True	563120	564213	up	1	2	65
1	gmy	f	21	1	diamond	red	(533, 540)	low	dis	(565, 619)	N	same	vert	up	True	565334	567404	up	1	2	66
1	gmy	f	21	1	diamond	green	(757, 540)	high	dis	(645, 428)	N	dif	hori	left	True	568503	570012	left	1	2	67
1	gmy	f	21	1	circle	green	(565, 460)	low	no	no_dis	N	same	hori	left	True	571245	572605	left	1	2	68
1	gmy	f	21	1	diamond	green	(565, 460)	low	dis	(645, 428)	N	same	vert	up	True	573632	575052	up	1	2	69
1	gmy	f	21	1	diamond	red	(645, 652)	low	no	no_dis	N	dif	vert	up	True	576300	577277	up	1	2	70
1	gmy	f	21	1	diamond	green	(757, 540)	high	dis	(724, 619)	N	dif	hori	left	True	578483	579885	left	1	2	71
1	gmy	f	21	1	circle	red	(645, 428)	low	no	no_dis	N	same	hori	left	True	580998	582484	left	1	2	72
1	gmy	f	21	1	circle	red	(565, 619)	low	dis	(757, 540)	Y	dif	hori	left	True	583522	584956	left	1	2	73
1	gmy	f	21	1	circle	green	(565, 619)	low	dis	(724, 460)	N	dif	vert	up	True	586030	587261	up	1	2	74
1	gmy	f	21	1	diamond	red	(757, 540)	high	no	no_dis	N	same	vert	up	True	588400	590036	up	1	2	75
1	gmy	f	21	1	diamond	green	(565, 619)	low	no	no_dis	N	dif	hori	left	True	591194	592820	left	1	2	76
1	gmy	f	21	1	diamond	red	(565, 619)	low	dis	(757, 540)	Y	same	vert	up	True	594062	595421	up	1	2	77
1	gmy	f	21	1	circle	green	(757, 540)	high	no	no_dis	N	same	vert	up	True	596511	597901	left	0	2	78
1	gmy	f	21	1	circle	green	(645, 652)	low	no	no_dis	N	same	hori	left	True	600606	602492	left	1	2	79
1	gmy	f	21	1	circle	green	(565, 460)	low	no	no_dis	N	dif	hori	left	True	603738	604932	left	1	2	80
1	gmy	f	21	1	diamond	red	(757, 540)	high	dis	(565, 619)	N	same	hori	left	True	606168	607117	left	1	2	81
1	gmy	f	21	1	circle	red	(645, 428)	low	dis	(533, 540)	N	same	hori	left	True	608336	610269	left	1	2	82
1	gmy	f	21	1	diamond	green	(565, 619)	low	dis	(724, 619)	N	dif	vert	up	True	611310	613229	up	1	2	83
1	gmy	f	21	1	diamond	red	(757, 540)	high	dis	(645, 652)	N	dif	hori	left	True	614479	615372	left	1	2	84
1	gmy	f	21	1	diamond	green	(645, 652)	low	dis	(533, 540)	N	dif	vert	up	True	616431	617389	up	1	2	85
1	gmy	f	21	1	circle	red	(533, 540)	low	dis	(645, 652)	N	same	vert	up	True	618539	619853	up	1	2	86
1	gmy	f	21	1	circle	red	(533, 540)	low	no	no_dis	N	same	vert	up	True	621097	621949	up	1	2	87
1	gmy	f	21	1	diamond	red	(565, 619)	low	no	no_dis	N	same	hori	left	True	623196	624060	left	1	2	88
1	gmy	f	21	1	circle	red	(645, 652)	low	dis	(533, 540)	N	dif	hori	left	True	625234	626357	left	1	2	89
1	gmy	f	21	1	diamond	green	(724, 619)	low	no	no_dis	N	dif	vert	up	True	627396	628596	up	1	2	90
1	gmy	f	21	1	circle	red	(645, 428)	low	no	no_dis	N	same	vert	up	True	629790	630988	up	1	2	91
1	gmy	f	21	1	circle	green	(645, 428)	low	dis	(724, 619)	N	same	hori	left	True	632041	634212	left	1	2	92
1	gmy	f	21	1	circle	green	(533, 540)	low	dis	(757, 540)	Y	dif	vert	up	True	635381	637740	left	0	2	93
1	gmy	f	21	1	circle	green	(724, 619)	low	dis	(645, 428)	N	dif	vert	up	True	640317	641476	up	1	2	94
1	gmy	f	21	1	circle	green	(645, 652)	low	dis	(565, 460)	N	dif	hori	left	True	642565	643540	left	1	2	95
1	gmy	f	21	1	diamond	red	(724, 460)	low	no	no_dis	N	dif	vert	up	True	644563	645685	up	1	2	96
1	gmy	f	21	1	diamond	green	(757, 540)	high	dis	(565, 460)	N	same	vert	up	True	646818	647836	up	1	2	97
1	gmy	f	21	1	diamond	green	(757, 540)	high	dis	(565, 619)	N	same	hori	left	True	649002	650309	left	1	2	98
1	gmy	f	21	1	circle	red	(645, 652)	low	dis	(645, 428)	N	same	vert	up	True	651503	652541	up	1	2	99
1	gmy	f	21	1	circle	red	(533, 540)	low	no	no_dis	N	dif	hori	left	True	653579	654412	up	0	2	100
1	gmy	f	21	1	diamond	green	(724, 619)	low	no	no_dis	N	dif	hori	left	True	657084	659485	left	1	2	101
1	gmy	f	21	1	circle	green	(757, 540)	high	dis	(724, 460)	N	same	hori	left	True	660487	661660	left	1	2	102
1	gmy	f	21	1	diamond	green	(645, 652)	low	dis	(565, 460)	N	same	hori	left	True	662845	663940	left	1	2	103
1	gmy	f	21	1	circle	red	(724, 460)	low	dis	(565, 619)	N	dif	hori	left	True	664951	666173	left	1	2	104
1	gmy	f	21	1	circle	green	(757, 540)	high	dis	(565, 619)	N	dif	vert	up	True	667385	668236	up	1	2	105
1	gmy	f	21	1	circle	red	(565, 619)	low	dis	(724, 619)	N	same	hori	left	True	669324	670628	left	1	2	106
1	gmy	f	21	1	circle	red	(757, 540)	high	no	no_dis	N	dif	hori	left	True	671877	672589	left	1	2	107
1	gmy	f	21	1	circle	red	(757, 540)	high	dis	(645, 428)	N	dif	hori	left	True	673734	674732	left	1	2	108
1	gmy	f	21	1	circle	red	(757, 540)	high	dis	(645, 652)	N	same	hori	left	True	675914	676772	left	1	2	109
1	gmy	f	21	1	circle	green	(565, 619)	low	no	no_dis	N	dif	hori	left	True	677817	678964	left	1	2	110
1	gmy	f	21	1	diamond	red	(724, 619)	low	dis	(565, 619)	N	dif	vert	up	True	680087	681349	up	1	2	111
1	gmy	f	21	1	circle	green	(565, 460)	low	dis	(757, 540)	Y	dif	vert	up	True	682594	684164	up	1	2	112
1	gmy	f	21	1	diamond	red	(724, 460)	low	dis	(533, 540)	N	same	vert	up	True	685259	686541	up	1	2	113
1	gmy	f	21	1	circle	red	(565, 460)	low	no	no_dis	N	same	vert	up	True	687631	688677	up	1	2	114
1	gmy	f	21	1	diamond	red	(565, 619)	low	dis	(757, 540)	Y	same	vert	up	True	689763	690861	up	1	2	115
1	gmy	f	21	1	diamond	green	(565, 619)	low	dis	(757, 540)	Y	same	hori	left	True	692053	693612	left	1	2	116
1	gmy	f	21	1	circle	green	(565, 460)	low	no	no_dis	N	same	hori	left	True	694758	695836	left	1	2	117
1	gmy	f	21	1	circle	green	(724, 460)	low	no	no_dis	N	dif	vert	up	True	696951	698156	up	1	2	118
1	gmy	f	21	1	diamond	green	(757, 540)	high	no	no_dis	N	same	hori	left	True	699205	700580	left	1	2	119
1	gmy	f	21	1	diamond	red	(724, 460)	low	no	no_dis	N	dif	hori	left	True	701707	702820	left	1	2	120
1	gmy	f	21	1	circle	green	(757, 540)	high	no	no_dis	N	same	vert	up	True	774463	775277	up	1	3	1
1	gmy	f	21	1	circle	green	(757, 540)	high	dis	(645, 652)	N	dif	hori	left	True	776410	778092	left	1	3	2
1	gmy	f	21	1	diamond	red	(757, 540)	high	dis	(645, 652)	N	dif	hori	left	True	779229	780500	left	1	3	3
1	gmy	f	21	1	circle	green	(757, 540)	high	dis	(724, 460)	N	same	vert	up	True	781523	782957	up	1	3	4
1	gmy	f	21	1	circle	red	(565, 619)	low	dis	(533, 540)	N	same	hori	left	True	784022	785500	left	1	3	5
1	gmy	f	21	1	circle	green	(757, 540)	high	dis	(724, 460)	N	same	hori	left	True	786516	787332	left	1	3	6
1	gmy	f	21	1	diamond	red	(533, 540)	low	no	no_dis	N	dif	vert	up	True	788580	789629	up	1	3	7
1	gmy	f	21	1	diamond	red	(757, 540)	high	dis	(724, 619)	N	same	hori	left	True	790810	791685	left	1	3	8
1	gmy	f	21	1	circle	red	(565, 460)	low	dis	(757, 540)	Y	dif	vert	up	True	792742	793861	up	1	3	9
1	gmy	f	21	1	circle	green	(565, 460)	low	no	no_dis	N	dif	hori	left	True	794955	795892	left	1	3	10
1	gmy	f	21	1	diamond	red	(724, 460)	low	no	no_dis	N	same	vert	up	True	796989	797893	up	1	3	11
1	gmy	f	21	1	circle	green	(645, 652)	low	dis	(533, 540)	N	dif	vert	up	True	798901	800005	up	1	3	12
1	gmy	f	21	1	diamond	green	(565, 619)	low	dis	(724, 619)	N	dif	hori	left	True	801222	802477	left	1	3	13
1	gmy	f	21	1	diamond	green	(757, 540)	high	no	no_dis	N	same	vert	up	True	803601	804508	up	1	3	14
1	gmy	f	21	1	diamond	green	(645, 428)	low	dis	(645, 652)	N	dif	hori	left	True	805602	806892	left	1	3	15
1	gmy	f	21	1	circle	green	(565, 619)	low	no	no_dis	N	dif	vert	up	True	808125	809212	up	1	3	16
1	gmy	f	21	1	diamond	red	(645, 652)	low	no	no_dis	N	dif	hori	left	True	810256	811501	left	1	3	17
1	gmy	f	21	1	circle	green	(645, 652)	low	dis	(645, 428)	N	dif	vert	up	True	812543	813669	up	1	3	18
1	gmy	f	21	1	circle	red	(724, 460)	low	dis	(565, 460)	N	same	hori	left	True	814707	815380	left	1	3	19
1	gmy	f	21	1	diamond	green	(533, 540)	low	no	no_dis	N	same	hori	left	True	816510	817452	left	1	3	20
1	gmy	f	21	1	circle	red	(645, 428)	low	no	no_dis	N	dif	hori	left	True	818705	819925	left	1	3	21
1	gmy	f	21	1	circle	green	(565, 460)	low	no	no_dis	N	same	vert	up	True	821006	823044	up	1	3	22
1	gmy	f	21	1	diamond	red	(724, 460)	low	dis	(724, 619)	N	dif	hori	left	True	824209	825020	left	1	3	23
1	gmy	f	21	1	circle	red	(565, 460)	low	dis	(533, 540)	N	same	vert	up	True	826255	827292	up	1	3	24
1	gmy	f	21	1	diamond	red	(565, 460)	low	dis	(645, 428)	N	same	vert	up	True	828468	830957	up	1	3	25
1	gmy	f	21	1	diamond	green	(757, 540)	high	no	no_dis	N	same	hori	left	True	831995	832957	left	1	3	26
1	gmy	f	21	1	diamond	red	(757, 540)	high	dis	(645, 428)	N	dif	vert	up	True	834005	834989	up	1	3	27
1	gmy	f	21	1	circle	red	(724, 619)	low	no	no_dis	N	dif	vert	up	True	836061	837420	up	1	3	28
1	gmy	f	21	1	circle	red	(565, 460)	low	no	no_dis	N	dif	vert	up	True	838479	839365	up	1	3	29
1	gmy	f	21	1	diamond	green	(565, 619)	low	dis	(565, 460)	N	same	hori	left	True	840492	841757	left	1	3	30
1	gmy	f	21	1	diamond	red	(645, 428)	low	no	no_dis	N	same	vert	up	True	842936	843644	up	1	3	31
1	gmy	f	21	1	circle	green	(724, 460)	low	dis	(757, 540)	Y	same	vert	up	True	844725	847317	up	1	3	32
1	gmy	f	21	1	circle	green	(724, 460)	low	no	no_dis	N	same	hori	left	True	848356	849244	left	1	3	33
1	gmy	f	21	1	circle	red	(724, 460)	low	dis	(724, 619)	N	dif	vert	up	True	850481	851244	up	1	3	34
1	gmy	f	21	1	diamond	green	(757, 540)	high	dis	(645, 652)	N	dif	hori	left	True	852280	853213	left	1	3	35
1	gmy	f	21	1	diamond	green	(645, 652)	low	dis	(757, 540)	Y	same	hori	left	True	854389	855740	left	1	3	36
1	gmy	f	21	1	circle	green	(757, 540)	high	dis	(533, 540)	N	dif	hori	left	True	856904	858349	left	1	3	37
1	gmy	f	21	1	diamond	red	(724, 619)	low	dis	(565, 619)	N	same	vert	up	True	859354	860468	up	1	3	38
1	gmy	f	21	1	circle	red	(533, 540)	low	no	no_dis	N	dif	vert	up	True	861556	862517	up	1	3	39
1	gmy	f	21	1	diamond	red	(757, 540)	high	dis	(724, 460)	N	dif	vert	up	True	863571	864484	up	1	3	40
1	gmy	f	21	1	circle	red	(757, 540)	high	dis	(565, 619)	N	same	vert	up	True	865684	866517	up	1	3	41
1	gmy	f	21	1	circle	green	(565, 619)	low	dis	(724, 460)	N	same	vert	up	True	867698	868876	up	1	3	42
1	gmy	f	21	1	circle	red	(645, 428)	low	dis	(757, 540)	Y	dif	vert	up	True	869971	871589	up	1	3	43
1	gmy	f	21	1	circle	red	(724, 619)	low	no	no_dis	N	dif	hori	left	True	872656	874517	left	1	3	44
1	gmy	f	21	1	circle	green	(565, 460)	low	dis	(757, 540)	Y	dif	vert	up	True	875644	876564	up	1	3	45
1	gmy	f	21	1	diamond	red	(565, 619)	low	no	no_dis	N	same	vert	up	True	877687	878740	left	0	3	46
1	gmy	f	21	1	circle	red	(645, 652)	low	dis	(724, 460)	N	dif	vert	up	True	881420	882844	up	1	3	47
1	gmy	f	21	1	circle	green	(565, 619)	low	dis	(645, 652)	N	same	hori	left	True	884055	885173	left	1	3	48
1	gmy	f	21	1	diamond	red	(565, 619)	low	no	no_dis	N	dif	vert	up	True	886227	887141	up	1	3	49
1	gmy	f	21	1	diamond	red	(645, 652)	low	dis	(565, 460)	N	same	vert	up	True	888255	889468	up	1	3	50
1	gmy	f	21	1	diamond	red	(645, 428)	low	dis	(757, 540)	Y	dif	vert	up	True	890480	891164	up	1	3	51
1	gmy	f	21	1	circle	red	(757, 540)	high	no	no_dis	N	dif	vert	up	True	892318	894309	up	1	3	52
1	gmy	f	21	1	diamond	red	(757, 540)	high	no	no_dis	N	same	vert	up	True	895502	896797	up	1	3	53
1	gmy	f	21	1	circle	red	(757, 540)	high	dis	(724, 619)	N	same	hori	left	True	897886	899373	left	1	3	54
1	gmy	f	21	1	diamond	green	(565, 460)	low	dis	(757, 540)	Y	dif	vert	up	True	900377	901524	up	1	3	55
1	gmy	f	21	1	circle	red	(724, 619)	low	dis	(565, 460)	N	dif	vert	up	True	902741	904037	up	1	3	56
1	gmy	f	21	1	circle	green	(533, 540)	low	dis	(565, 619)	N	dif	hori	left	True	905053	906148	up	0	3	57
1	gmy	f	21	1	circle	green	(757, 540)	high	dis	(565, 619)	N	dif	hori	left	True	908886	909821	left	1	3	58
1	gmy	f	21	1	circle	green	(533, 540)	low	dis	(645, 652)	N	dif	hori	left	True	911003	911933	left	1	3	59
1	gmy	f	21	1	diamond	red	(645, 652)	low	no	no_dis	N	same	hori	left	True	913043	914316	left	1	3	60
1	gmy	f	21	1	diamond	red	(757, 540)	high	no	no_dis	N	dif	vert	up	True	915338	916228	up	1	3	61
1	gmy	f	21	1	circle	green	(724, 460)	low	dis	(757, 540)	Y	same	vert	up	True	917288	920021	up	1	3	62
1	gmy	f	21	1	circle	red	(645, 652)	low	dis	(724, 460)	N	dif	hori	left	True	921125	922132	left	1	3	63
1	gmy	f	21	1	diamond	green	(645, 428)	low	dis	(645, 652)	N	same	hori	left	True	923267	925164	left	1	3	64
1	gmy	f	21	1	circle	green	(565, 619)	low	no	no_dis	N	dif	hori	left	True	926333	927485	left	1	3	65
1	gmy	f	21	1	diamond	green	(724, 619)	low	dis	(565, 460)	N	same	hori	left	True	928694	929669	left	1	3	66
1	gmy	f	21	1	circle	red	(645, 428)	low	no	no_dis	N	same	vert	up	True	930901	932564	up	1	3	67
1	gmy	f	21	1	diamond	green	(757, 540)	high	dis	(565, 460)	N	dif	vert	up	True	933744	934581	left	0	3	68
1	gmy	f	21	1	diamond	red	(645, 428)	low	dis	(757, 540)	Y	dif	vert	up	True	937185	938197	up	1	3	69
1	gmy	f	21	1	circle	red	(757, 540)	high	dis	(533, 540)	N	same	vert	up	True	939367	940644	up	1	3	70
1	gmy	f	21	1	circle	red	(757, 540)	high	dis	(565, 460)	N	dif	vert	up	True	941697	942756	up	1	3	71
1	gmy	f	21	1	circle	red	(533, 540)	low	dis	(565, 619)	N	same	vert	up	True	943840	945148	up	1	3	72
1	gmy	f	21	1	circle	red	(645, 428)	low	dis	(565, 460)	N	dif	hori	left	True	946306	947165	left	1	3	73
1	gmy	f	21	1	diamond	green	(724, 619)	low	dis	(724, 460)	N	dif	vert	up	True	948292	949500	up	1	3	74
1	gmy	f	21	1	circle	green	(645, 428)	low	dis	(533, 540)	N	same	vert	up	True	950672	951580	up	1	3	75
1	gmy	f	21	1	diamond	green	(533, 540)	low	dis	(645, 428)	N	same	hori	left	True	952702	954189	left	1	3	76
1	gmy	f	21	1	diamond	green	(724, 460)	low	no	no_dis	N	same	hori	left	True	955429	956333	left	1	3	77
1	gmy	f	21	1	diamond	red	(724, 460)	low	dis	(533, 540)	N	dif	hori	left	True	957432	959109	left	1	3	78
1	gmy	f	21	1	circle	green	(724, 619)	low	dis	(757, 540)	Y	same	hori	left	True	960350	961373	left	1	3	79
1	gmy	f	21	1	diamond	green	(724, 460)	low	dis	(565, 619)	N	same	hori	left	True	962574	963533	left	1	3	80
1	gmy	f	21	1	circle	red	(533, 540)	low	dis	(645, 428)	N	same	hori	left	True	964589	965612	left	1	3	81
1	gmy	f	21	1	circle	green	(565, 460)	low	dis	(565, 619)	N	same	vert	up	True	966707	967733	up	1	3	82
1	gmy	f	21	1	circle	green	(757, 540)	high	dis	(724, 460)	N	dif	vert	up	True	968905	969685	up	1	3	83
1	gmy	f	21	1	circle	red	(565, 619)	low	dis	(533, 540)	N	same	vert	up	True	970786	972228	up	1	3	84
1	gmy	f	21	1	diamond	red	(565, 619)	low	dis	(645, 428)	N	same	vert	up	True	973326	974212	up	1	3	85
1	gmy	f	21	1	diamond	red	(533, 540)	low	dis	(565, 460)	N	dif	vert	up	True	975444	976621	up	1	3	86
1	gmy	f	21	1	diamond	green	(645, 428)	low	no	no_dis	N	same	vert	up	True	977793	978684	up	1	3	87
1	gmy	f	21	1	circle	red	(757, 540)	high	dis	(565, 460)	N	dif	hori	left	True	979818	980893	left	1	3	88
1	gmy	f	21	1	diamond	green	(724, 460)	low	dis	(724, 619)	N	dif	hori	left	True	981974	983804	left	1	3	89
1	gmy	f	21	1	diamond	red	(724, 619)	low	dis	(565, 619)	N	same	hori	left	True	984884	985989	left	1	3	90
1	gmy	f	21	1	circle	green	(757, 540)	high	no	no_dis	N	same	hori	left	True	987076	988221	left	1	3	91
1	gmy	f	21	1	circle	green	(724, 619)	low	no	no_dis	N	same	hori	left	True	989283	990196	left	1	3	92
1	gmy	f	21	1	diamond	green	(533, 540)	low	dis	(645, 652)	N	dif	hori	left	True	991209	992860	left	1	3	93
1	gmy	f	21	1	diamond	red	(757, 540)	high	no	no_dis	N	dif	vert	up	True	994075	995285	up	1	3	94
1	gmy	f	21	1	circle	red	(757, 540)	high	dis	(724, 619)	N	same	vert	up	True	996337	997885	up	1	3	95
1	gmy	f	21	1	diamond	green	(757, 540)	high	dis	(645, 428)	N	same	vert	up	True	999050	999876	up	1	3	96
1	gmy	f	21	1	circle	red	(533, 540)	low	no	no_dis	N	dif	hori	left	True	1001043	1002909	left	1	3	97
1	gmy	f	21	1	diamond	red	(565, 460)	low	dis	(724, 619)	N	dif	hori	left	True	1004072	1005820	left	1	3	98
1	gmy	f	21	1	diamond	green	(757, 540)	high	dis	(645, 652)	N	same	hori	left	True	1006838	1007612	left	1	3	99
1	gmy	f	21	1	diamond	green	(724, 619)	low	no	no_dis	N	same	hori	left	True	1008769	1009548	left	1	3	100
1	gmy	f	21	1	diamond	green	(724, 460)	low	no	no_dis	N	dif	vert	up	True	1010760	1011548	up	1	3	101
1	gmy	f	21	1	circle	red	(757, 540)	high	no	no_dis	N	dif	hori	left	True	1012801	1014252	left	1	3	102
1	gmy	f	21	1	diamond	green	(757, 540)	high	dis	(565, 619)	N	same	hori	left	True	1015485	1016165	left	1	3	103
1	gmy	f	21	1	diamond	red	(757, 540)	high	dis	(645, 428)	N	same	vert	up	True	1017335	1018108	up	1	3	104
1	gmy	f	21	1	diamond	red	(645, 652)	low	dis	(724, 619)	N	same	hori	left	True	1019198	1020069	up	0	3	105
1	gmy	f	21	1	diamond	green	(645, 652)	low	no	no_dis	N	same	vert	up	True	1022597	1023460	up	1	3	106
1	gmy	f	21	1	diamond	red	(757, 540)	high	dis	(533, 540)	N	dif	vert	up	True	1024616	1025564	up	1	3	107
1	gmy	f	21	1	diamond	green	(757, 540)	high	no	no_dis	N	same	hori	left	True	1026702	1027685	left	1	3	108
1	gmy	f	21	1	circle	green	(724, 619)	low	dis	(645, 428)	N	same	vert	up	True	1028879	1030229	up	1	3	109
1	gmy	f	21	1	circle	green	(645, 428)	low	dis	(724, 460)	N	same	hori	left	True	1031472	1033436	left	1	3	110
1	gmy	f	21	1	circle	red	(757, 540)	high	no	no_dis	N	dif	hori	left	True	1034677	1036604	left	1	3	111
1	gmy	f	21	1	diamond	red	(565, 619)	low	dis	(645, 652)	N	same	vert	up	True	1037649	1039957	up	1	3	112
1	gmy	f	21	1	diamond	green	(565, 460)	low	dis	(724, 619)	N	dif	vert	up	True	1041210	1042548	up	1	3	113
1	gmy	f	21	1	diamond	green	(757, 540)	high	dis	(645, 428)	N	same	hori	left	True	1043594	1045053	left	1	3	114
1	gmy	f	21	1	circle	red	(724, 619)	low	dis	(533, 540)	N	dif	hori	left	True	1046183	1047365	left	1	3	115
1	gmy	f	21	1	diamond	green	(645, 652)	low	no	no_dis	N	same	hori	left	True	1048597	1049973	left	1	3	116
1	gmy	f	21	1	diamond	red	(533, 540)	low	dis	(724, 460)	N	dif	hori	left	True	1051182	1052037	left	1	3	117
1	gmy	f	21	1	circle	green	(565, 460)	low	no	no_dis	N	dif	hori	left	True	1053079	1053877	left	1	3	118
1	gmy	f	21	1	circle	green	(757, 540)	high	no	no_dis	N	dif	hori	left	True	1054911	1055532	left	1	3	119
1	gmy	f	21	1	diamond	green	(645, 652)	low	dis	(565, 619)	N	dif	hori	left	True	1056682	1057701	left	1	3	120
1	gmy	f	21	1	circle	green	(724, 619)	low	no	no_dis	N	same	hori	left	True	1129573	1130725	left	1	4	1
1	gmy	f	21	1	circle	red	(724, 460)	low	dis	(645, 652)	N	dif	hori	left	True	1131781	1132468	left	1	4	2
1	gmy	f	21	1	circle	red	(645, 428)	low	dis	(724, 460)	N	same	vert	up	True	1133667	1134348	up	1	4	3
1	gmy	f	21	1	circle	red	(757, 540)	high	no	no_dis	N	dif	hori	left	True	1135474	1136092	left	1	4	4
1	gmy	f	21	1	diamond	green	(724, 460)	low	dis	(533, 540)	N	dif	hori	left	True	1137231	1138117	left	1	4	5
1	gmy	f	21	1	circle	red	(533, 540)	low	dis	(724, 460)	N	same	vert	up	True	1139173	1140109	left	0	4	6
1	gmy	f	21	1	circle	red	(724, 619)	low	dis	(533, 540)	N	same	hori	left	True	1142840	1143588	left	1	4	7
1	gmy	f	21	1	diamond	red	(565, 460)	low	dis	(757, 540)	Y	same	hori	left	True	1144644	1145708	left	1	4	8
1	gmy	f	21	1	diamond	red	(645, 652)	low	dis	(565, 460)	N	dif	hori	left	True	1146949	1147948	left	1	4	9
1	gmy	f	21	1	diamond	green	(565, 619)	low	dis	(724, 619)	N	dif	hori	left	True	1149140	1150397	left	1	4	10
1	gmy	f	21	1	diamond	green	(565, 460)	low	no	no_dis	N	dif	vert	up	True	1151430	1152741	up	1	4	11
1	gmy	f	21	1	circle	green	(533, 540)	low	no	no_dis	N	dif	hori	left	True	1153929	1154997	left	1	4	12
1	gmy	f	21	1	diamond	red	(757, 540)	high	dis	(565, 460)	N	dif	vert	up	True	1156140	1157076	up	1	4	13
1	gmy	f	21	1	circle	red	(565, 460)	low	no	no_dis	N	same	hori	left	True	1158225	1159245	left	1	4	14
1	gmy	f	21	1	diamond	green	(645, 652)	low	dis	(533, 540)	N	dif	vert	up	True	1160322	1161437	up	1	4	15
1	gmy	f	21	1	circle	green	(757, 540)	high	dis	(565, 460)	N	dif	hori	left	True	1162596	1163852	left	1	4	16
1	gmy	f	21	1	circle	green	(757, 540)	high	dis	(565, 619)	N	dif	vert	up	True	1164982	1165892	up	1	4	17
1	gmy	f	21	1	diamond	red	(757, 540)	high	no	no_dis	N	dif	vert	up	True	1167048	1167996	left	0	4	18
1	gmy	f	21	1	circle	red	(533, 540)	low	dis	(645, 428)	N	same	hori	left	True	1170517	1171676	left	1	4	19
1	gmy	f	21	1	diamond	red	(724, 460)	low	dis	(565, 619)	N	dif	vert	up	True	1172888	1173733	up	1	4	20
1	gmy	f	21	1	circle	red	(645, 652)	low	dis	(565, 619)	N	same	vert	up	True	1174846	1175900	up	1	4	21
1	gmy	f	21	1	diamond	green	(757, 540)	high	dis	(565, 619)	N	same	hori	left	True	1177007	1177693	left	1	4	22
1	gmy	f	21	1	circle	green	(757, 540)	high	dis	(645, 428)	N	same	hori	left	True	1178864	1180509	up	0	4	23
1	gmy	f	21	1	circle	green	(533, 540)	low	dis	(724, 619)	N	same	vert	up	True	1183119	1184053	up	1	4	24
1	gmy	f	21	1	diamond	green	(757, 540)	high	no	no_dis	N	dif	hori	left	True	1185300	1186309	left	1	4	25
1	gmy	f	21	1	diamond	green	(565, 619)	low	no	no_dis	N	same	hori	left	True	1187422	1188996	left	1	4	26
1	gmy	f	21	1	diamond	green	(533, 540)	low	dis	(565, 460)	N	same	hori	left	True	1190166	1191141	left	1	4	27
1	gmy	f	21	1	circle	green	(645, 428)	low	no	no_dis	N	same	vert	up	True	1192311	1193948	up	1	4	28
1	gmy	f	21	1	circle	green	(757, 540)	high	dis	(724, 619)	N	same	vert	up	True	1195049	1195916	up	1	4	29
1	gmy	f	21	1	diamond	red	(724, 460)	low	dis	(533, 540)	N	same	vert	up	True	1197092	1197988	up	1	4	30
1	gmy	f	21	1	diamond	green	(645, 652)	low	dis	(724, 460)	N	same	vert	up	True	1199044	1200205	up	1	4	31
1	gmy	f	21	1	circle	green	(645, 428)	low	dis	(533, 540)	N	dif	hori	left	True	1201294	1202476	left	1	4	32
1	gmy	f	21	1	circle	green	(565, 460)	low	no	no_dis	N	dif	hori	left	True	1203598	1205085	left	1	4	33
1	gmy	f	21	1	diamond	red	(533, 540)	low	dis	(757, 540)	Y	same	hori	left	True	1206198	1207492	left	1	4	34
1	gmy	f	21	1	diamond	red	(645, 652)	low	no	no_dis	N	same	hori	left	True	1208664	1209869	left	1	4	35
1	gmy	f	21	1	circle	green	(645, 428)	low	dis	(724, 619)	N	dif	vert	up	True	1211028	1213197	up	1	4	36
1	gmy	f	21	1	circle	red	(645, 428)	low	dis	(565, 619)	N	same	hori	left	True	1214260	1215820	left	1	4	37
1	gmy	f	21	1	circle	red	(645, 652)	low	dis	(724, 619)	N	dif	hori	left	True	1216884	1218836	left	1	4	38
1	gmy	f	21	1	circle	red	(757, 540)	high	dis	(645, 428)	N	same	hori	left	True	1220080	1221324	left	1	4	39
1	gmy	f	21	1	diamond	green	(533, 540)	low	dis	(645, 652)	N	dif	hori	left	True	1222444	1224125	left	1	4	40
1	gmy	f	21	1	circle	red	(724, 619)	low	no	no_dis	N	dif	vert	up	True	1225263	1226429	up	1	4	41
1	gmy	f	21	1	diamond	green	(565, 619)	low	dis	(645, 652)	N	dif	vert	up	True	1227481	1229068	up	1	4	42
1	gmy	f	21	1	diamond	red	(757, 540)	high	dis	(533, 540)	N	same	vert	up	True	1230098	1230781	up	1	4	43
1	gmy	f	21	1	circle	red	(724, 460)	low	no	no_dis	N	same	hori	left	True	1231972	1233676	left	1	4	44
1	gmy	f	21	1	circle	red	(565, 619)	low	no	no_dis	N	dif	hori	left	True	1234883	1236612	left	1	4	45
1	gmy	f	21	1	diamond	green	(645, 652)	low	no	no_dis	N	same	vert	up	True	1237622	1238677	up	1	4	46
1	gmy	f	21	1	diamond	green	(645, 428)	low	dis	(533, 540)	N	same	hori	left	True	1239856	1241085	left	1	4	47
1	gmy	f	21	1	diamond	red	(757, 540)	high	dis	(533, 540)	N	dif	hori	left	True	1242151	1242909	left	1	4	48
1	gmy	f	21	1	circle	red	(565, 619)	low	dis	(565, 460)	N	same	hori	left	True	1244065	1245292	left	1	4	49
1	gmy	f	21	1	diamond	green	(724, 460)	low	dis	(645, 652)	N	dif	hori	left	True	1246505	1247660	left	1	4	50
1	gmy	f	21	1	diamond	green	(757, 540)	high	no	no_dis	N	same	hori	left	True	1248848	1249884	left	1	4	51
1	gmy	f	21	1	diamond	green	(645, 428)	low	no	no_dis	N	same	vert	up	True	1251034	1252077	up	1	4	52
1	gmy	f	21	1	diamond	red	(645, 428)	low	no	no_dis	N	dif	hori	left	True	1253162	1254421	left	1	4	53
1	gmy	f	21	1	circle	red	(645, 652)	low	no	no_dis	N	dif	vert	up	True	1255536	1257077	up	1	4	54
1	gmy	f	21	1	circle	green	(757, 540)	high	no	no_dis	N	same	vert	up	True	1258240	1259453	up	1	4	55
1	gmy	f	21	1	circle	green	(645, 428)	low	no	no_dis	N	dif	vert	up	True	1260475	1261629	up	1	4	56
1	gmy	f	21	1	diamond	red	(645, 652)	low	no	no_dis	N	dif	hori	left	True	1262769	1263748	left	1	4	57
1	gmy	f	21	1	circle	green	(757, 540)	high	no	no_dis	N	same	hori	left	True	1264938	1265644	left	1	4	58
1	gmy	f	21	1	circle	green	(645, 652)	low	dis	(724, 460)	N	dif	vert	up	True	1266802	1267693	up	1	4	59
1	gmy	f	21	1	circle	red	(565, 460)	low	dis	(724, 619)	N	dif	hori	left	True	1268776	1270060	up	0	4	60
1	gmy	f	21	1	circle	green	(724, 619)	low	dis	(565, 460)	N	same	hori	left	True	1272577	1273789	left	1	4	61
1	gmy	f	21	1	diamond	green	(565, 460)	low	dis	(724, 460)	N	dif	vert	up	True	1274841	1276461	up	1	4	62
1	gmy	f	21	1	circle	green	(757, 540)	high	dis	(565, 460)	N	dif	hori	left	True	1277631	1278484	left	1	4	63
1	gmy	f	21	1	diamond	green	(757, 540)	high	dis	(645, 652)	N	dif	vert	up	True	1279708	1280661	up	1	4	64
1	gmy	f	21	1	circle	red	(724, 619)	low	dis	(645, 428)	N	same	vert	up	True	1281823	1283333	up	1	4	65
1	gmy	f	21	1	circle	green	(724, 619)	low	no	no_dis	N	same	vert	up	True	1284363	1285245	up	1	4	66
1	gmy	f	21	1	circle	green	(757, 540)	high	dis	(645, 652)	N	same	vert	up	True	1286426	1287620	up	1	4	67
1	gmy	f	21	1	circle	green	(757, 540)	high	no	no_dis	N	dif	vert	up	True	1288733	1289421	up	1	4	68
1	gmy	f	21	1	circle	red	(757, 540)	high	dis	(645, 652)	N	same	hori	left	True	1290521	1291372	left	1	4	69
1	gmy	f	21	1	circle	green	(565, 460)	low	dis	(724, 619)	N	same	vert	up	True	1292410	1294324	up	1	4	70
1	gmy	f	21	1	circle	red	(724, 460)	low	dis	(757, 540)	Y	dif	hori	left	True	1295419	1296276	left	1	4	71
1	gmy	f	21	1	diamond	green	(757, 540)	high	dis	(533, 540)	N	same	vert	up	True	1297526	1298645	up	1	4	72
1	gmy	f	21	1	circle	red	(757, 540)	high	no	no_dis	N	same	vert	up	True	1299698	1300581	up	1	4	73
1	gmy	f	21	1	diamond	red	(724, 619)	low	dis	(757, 540)	Y	same	vert	up	True	1301720	1302892	up	1	4	74
1	gmy	f	21	1	circle	green	(645, 652)	low	dis	(565, 460)	N	same	hori	left	True	1304111	1305205	left	1	4	75
1	gmy	f	21	1	circle	green	(565, 619)	low	no	no_dis	N	same	vert	up	True	1306322	1308228	up	1	4	76
1	gmy	f	21	1	diamond	red	(645, 428)	low	dis	(757, 540)	Y	same	hori	left	True	1309243	1310837	left	1	4	77
1	gmy	f	21	1	diamond	red	(757, 540)	high	dis	(565, 619)	N	dif	vert	up	True	1312088	1312973	up	1	4	78
1	gmy	f	21	1	circle	green	(724, 460)	low	dis	(757, 540)	Y	dif	vert	up	True	1313976	1315460	up	1	4	79
1	gmy	f	21	1	diamond	green	(533, 540)	low	no	no_dis	N	dif	hori	left	True	1316563	1317997	left	1	4	80
1	gmy	f	21	1	diamond	green	(533, 540)	low	no	no_dis	N	dif	hori	left	True	1319091	1320445	left	1	4	81
1	gmy	f	21	1	diamond	red	(645, 652)	low	dis	(645, 428)	N	same	hori	left	True	1321631	1322629	left	1	4	82
1	gmy	f	21	1	diamond	red	(565, 619)	low	dis	(757, 540)	Y	dif	hori	left	True	1323867	1325004	left	1	4	83
1	gmy	f	21	1	diamond	red	(533, 540)	low	dis	(645, 428)	N	same	hori	left	True	1326025	1326805	left	1	4	84
1	gmy	f	21	1	diamond	green	(724, 619)	low	dis	(565, 619)	N	dif	hori	left	True	1327957	1328933	left	1	4	85
1	gmy	f	21	1	diamond	red	(757, 540)	high	dis	(724, 460)	N	same	hori	left	True	1330156	1330892	left	1	4	86
1	gmy	f	21	1	diamond	green	(645, 428)	low	dis	(757, 540)	Y	dif	vert	up	True	1332132	1333005	up	1	4	87
1	gmy	f	21	1	diamond	red	(565, 619)	low	dis	(645, 428)	N	dif	vert	up	True	1334104	1335269	up	1	4	88
1	gmy	f	21	1	circle	green	(724, 619)	low	dis	(645, 652)	N	same	vert	up	True	1336310	1337965	up	1	4	89
1	gmy	f	21	1	diamond	red	(757, 540)	high	no	no_dis	N	same	vert	up	True	1338998	1339917	up	1	4	90
1	gmy	f	21	1	circle	red	(724, 460)	low	no	no_dis	N	same	hori	left	True	1341136	1342068	left	1	4	91
1	gmy	f	21	1	diamond	red	(757, 540)	high	dis	(724, 619)	N	dif	hori	left	True	1343148	1344500	left	1	4	92
1	gmy	f	21	1	diamond	green	(757, 540)	high	dis	(645, 428)	N	dif	hori	left	True	1345661	1346685	left	1	4	93
1	gmy	f	21	1	circle	red	(724, 619)	low	no	no_dis	N	dif	vert	up	True	1347769	1348725	up	1	4	94
1	gmy	f	21	1	diamond	green	(565, 460)	low	dis	(645, 652)	N	dif	hori	left	True	1349846	1351509	left	1	4	95
1	gmy	f	21	1	diamond	green	(757, 540)	high	no	no_dis	N	dif	hori	left	True	1352631	1353372	left	1	4	96
1	gmy	f	21	1	circle	green	(724, 460)	low	dis	(757, 540)	Y	same	vert	up	True	1354521	1355821	up	1	4	97
1	gmy	f	21	1	circle	red	(757, 540)	high	dis	(724, 460)	N	dif	hori	left	True	1356867	1357541	up	0	4	98
1	gmy	f	21	1	circle	green	(565, 619)	low	dis	(533, 540)	N	dif	vert	up	True	1360268	1361397	up	1	4	99
1	gmy	f	21	1	diamond	red	(757, 540)	high	no	no_dis	N	same	hori	left	True	1362449	1363525	left	1	4	100
1	gmy	f	21	1	diamond	green	(724, 619)	low	dis	(565, 619)	N	dif	vert	up	True	1364553	1366221	up	1	4	101
1	gmy	f	21	1	diamond	green	(565, 619)	low	no	no_dis	N	dif	vert	up	True	1367465	1368220	up	1	4	102
1	gmy	f	21	1	diamond	red	(724, 460)	low	no	no_dis	N	same	vert	up	True	1369284	1370348	up	1	4	103
1	gmy	f	21	1	diamond	red	(565, 460)	low	no	no_dis	N	same	vert	up	True	1371446	1372916	up	1	4	104
1	gmy	f	21	1	circle	red	(565, 619)	low	dis	(645, 652)	N	same	vert	up	True	1374105	1375117	up	1	4	105
1	gmy	f	21	1	circle	red	(757, 540)	high	dis	(565, 619)	N	dif	vert	up	True	1376191	1376805	up	1	4	106
1	gmy	f	21	1	diamond	red	(724, 460)	low	no	no_dis	N	dif	vert	up	True	1377921	1378956	up	1	4	107
1	gmy	f	21	1	circle	green	(565, 460)	low	dis	(565, 619)	N	dif	vert	up	True	1380153	1381332	up	1	4	108
1	gmy	f	21	1	circle	green	(565, 619)	low	dis	(565, 460)	N	same	hori	left	True	1382551	1383852	left	1	4	109
1	gmy	f	21	1	circle	red	(757, 540)	high	dis	(724, 460)	N	same	hori	left	True	1384856	1387052	left	1	4	110
1	gmy	f	21	1	circle	red	(565, 460)	low	dis	(724, 460)	N	dif	vert	up	True	1388255	1389189	up	1	4	111
1	gmy	f	21	1	diamond	red	(565, 460)	low	dis	(645, 428)	N	dif	hori	left	True	1390309	1391701	left	1	4	112
1	gmy	f	21	1	circle	red	(757, 540)	high	no	no_dis	N	dif	vert	up	True	1392893	1394477	up	1	4	113
1	gmy	f	21	1	diamond	red	(645, 428)	low	dis	(757, 540)	Y	same	vert	up	True	1395580	1396804	up	1	4	114
1	gmy	f	21	1	diamond	green	(757, 540)	high	dis	(724, 619)	N	dif	vert	up	True	1397949	1399701	up	1	4	115
1	gmy	f	21	1	diamond	green	(757, 540)	high	dis	(565, 460)	N	same	vert	up	True	1400931	1402261	up	1	4	116
1	gmy	f	21	1	diamond	red	(724, 619)	low	dis	(724, 460)	N	dif	vert	up	True	1403405	1405852	up	1	4	117
1	gmy	f	21	1	circle	green	(533, 540)	low	dis	(724, 619)	N	same	vert	up	True	1406975	1408181	up	1	4	118
1	gmy	f	21	1	diamond	red	(533, 540)	low	no	no_dis	N	same	hori	left	True	1409200	1411757	up	0	4	119
1	gmy	f	21	1	circle	red	(757, 540)	high	dis	(645, 428)	N	same	vert	up	True	1414403	1415397	up	1	4	120
1	gmy	f	21	1	circle	green	(724, 619)	low	dis	(645, 428)	N	dif	vert	up	True	1456353	1457924	up	1	5	1
1	gmy	f	21	1	circle	red	(757, 540)	high	no	no_dis	N	dif	hori	left	True	1459118	1460188	left	1	5	2
1	gmy	f	21	1	circle	green	(724, 460)	low	dis	(565, 460)	N	dif	hori	left	True	1461226	1462500	left	1	5	3
1	gmy	f	21	1	circle	green	(757, 540)	high	no	no_dis	N	dif	vert	up	True	1463706	1465045	up	1	5	4
1	gmy	f	21	1	circle	green	(724, 460)	low	dis	(645, 428)	N	same	vert	up	True	1466058	1467365	up	1	5	5
1	gmy	f	21	1	circle	red	(565, 460)	low	dis	(565, 619)	N	dif	hori	left	True	1468451	1469485	left	1	5	6
1	gmy	f	21	1	circle	green	(645, 428)	low	dis	(533, 540)	N	same	hori	left	True	1470599	1471420	left	1	5	7
1	gmy	f	21	1	diamond	red	(533, 540)	low	dis	(645, 652)	N	dif	vert	up	True	1472641	1473900	up	1	5	8
1	gmy	f	21	1	circle	red	(724, 460)	low	dis	(565, 460)	N	same	hori	left	True	1475099	1475836	left	1	5	9
1	gmy	f	21	1	circle	red	(645, 652)	low	no	no_dis	N	same	vert	up	True	1476856	1478205	up	1	5	10
1	gmy	f	21	1	diamond	green	(757, 540)	high	no	no_dis	N	same	vert	up	True	1479343	1480268	up	1	5	11
1	gmy	f	21	1	diamond	green	(533, 540)	low	no	no_dis	N	same	vert	up	True	1481475	1483100	up	1	5	12
1	gmy	f	21	1	circle	red	(645, 428)	low	dis	(757, 540)	Y	same	vert	up	True	1484212	1485477	up	1	5	13
1	gmy	f	21	1	circle	green	(565, 619)	low	dis	(565, 460)	N	dif	vert	up	True	1486560	1487476	up	1	5	14
1	gmy	f	21	1	diamond	red	(533, 540)	low	dis	(565, 460)	N	dif	hori	left	True	1488490	1489557	left	1	5	15
1	gmy	f	21	1	circle	red	(645, 652)	low	dis	(757, 540)	Y	dif	hori	left	True	1490637	1491533	left	1	5	16
1	gmy	f	21	1	diamond	green	(757, 540)	high	dis	(645, 428)	N	dif	hori	left	True	1492662	1493412	left	1	5	17
1	gmy	f	21	1	diamond	green	(757, 540)	high	no	no_dis	N	dif	vert	up	True	1494615	1495349	up	1	5	18
1	gmy	f	21	1	circle	red	(724, 619)	low	dis	(724, 460)	N	dif	vert	up	True	1496383	1497069	up	1	5	19
1	gmy	f	21	1	diamond	green	(533, 540)	low	no	no_dis	N	same	vert	up	True	1498236	1499180	up	1	5	20
1	gmy	f	21	1	circle	green	(565, 460)	low	dis	(645, 428)	N	same	hori	left	True	1500322	1502053	left	1	5	21
1	gmy	f	21	1	circle	green	(565, 460)	low	no	no_dis	N	dif	hori	left	True	1503070	1504277	left	1	5	22
1	gmy	f	21	1	circle	red	(533, 540)	low	dis	(757, 540)	Y	dif	hori	left	True	1505280	1506365	left	1	5	23
1	gmy	f	21	1	circle	green	(757, 540)	high	dis	(565, 460)	N	same	hori	left	True	1507537	1508228	left	1	5	24
1	gmy	f	21	1	diamond	green	(724, 460)	low	no	no_dis	N	same	vert	up	True	1509321	1510733	up	1	5	25
1	gmy	f	21	1	diamond	red	(565, 460)	low	dis	(565, 619)	N	same	hori	left	True	1511840	1514149	left	1	5	26
1	gmy	f	21	1	diamond	red	(757, 540)	high	dis	(565, 619)	N	dif	vert	up	True	1515372	1516357	up	1	5	27
1	gmy	f	21	1	diamond	green	(565, 460)	low	dis	(724, 460)	N	dif	vert	up	True	1517447	1518460	up	1	5	28
1	gmy	f	21	1	diamond	green	(565, 619)	low	dis	(724, 460)	N	same	vert	up	True	1519694	1520517	up	1	5	29
1	gmy	f	21	1	circle	green	(757, 540)	high	dis	(645, 428)	N	dif	hori	left	True	1521531	1522765	left	1	5	30
1	gmy	f	21	1	diamond	red	(724, 619)	low	dis	(565, 460)	N	same	vert	up	True	1523999	1524805	up	1	5	31
1	gmy	f	21	1	circle	red	(757, 540)	high	dis	(645, 652)	N	same	vert	up	True	1525968	1527428	up	1	5	32
1	gmy	f	21	1	diamond	red	(724, 460)	low	dis	(533, 540)	N	same	vert	up	True	1528608	1529429	up	1	5	33
1	gmy	f	21	1	circle	green	(757, 540)	high	dis	(533, 540)	N	same	vert	up	True	1530643	1531452	up	1	5	34
1	gmy	f	21	1	circle	red	(565, 619)	low	dis	(645, 652)	N	same	hori	left	True	1532529	1533388	left	1	5	35
1	gmy	f	21	1	diamond	red	(645, 652)	low	dis	(757, 540)	Y	same	vert	up	True	1534419	1535692	up	1	5	36
1	gmy	f	21	1	circle	red	(565, 460)	low	dis	(724, 619)	N	dif	vert	up	True	1536868	1538932	up	1	5	37
1	gmy	f	21	1	diamond	green	(757, 540)	high	dis	(565, 460)	N	same	hori	left	True	1540148	1541029	left	1	5	38
1	gmy	f	21	1	diamond	green	(757, 540)	high	dis	(724, 460)	N	dif	hori	left	True	1542274	1543229	left	1	5	39
1	gmy	f	21	1	diamond	red	(757, 540)	high	dis	(533, 540)	N	same	vert	up	True	1544430	1545116	up	1	5	40
1	gmy	f	21	1	circle	green	(645, 652)	low	dis	(533, 540)	N	same	vert	up	True	1546131	1547405	up	1	5	41
1	gmy	f	21	1	circle	red	(565, 619)	low	dis	(645, 428)	N	same	vert	up	True	1548573	1549884	up	1	5	42
1	gmy	f	21	1	diamond	green	(724, 619)	low	no	no_dis	N	dif	hori	left	True	1550990	1551852	left	1	5	43
1	gmy	f	21	1	circle	red	(724, 460)	low	dis	(645, 652)	N	dif	vert	up	True	1552992	1554005	up	1	5	44
1	gmy	f	21	1	diamond	red	(565, 619)	low	dis	(757, 540)	Y	same	vert	up	True	1555015	1556212	up	1	5	45
1	gmy	f	21	1	diamond	red	(645, 428)	low	dis	(565, 619)	N	dif	hori	left	True	1557341	1558212	left	1	5	46
1	gmy	f	21	1	circle	green	(565, 460)	low	no	no_dis	N	same	hori	left	True	1559375	1560549	left	1	5	47
1	gmy	f	21	1	diamond	green	(724, 460)	low	dis	(645, 428)	N	same	hori	left	True	1561760	1562900	left	1	5	48
1	gmy	f	21	1	diamond	red	(565, 460)	low	dis	(724, 460)	N	same	hori	left	True	1563993	1565197	left	1	5	49
1	gmy	f	21	1	circle	green	(645, 428)	low	dis	(645, 652)	N	dif	vert	up	True	1566369	1567581	up	1	5	50
1	gmy	f	21	1	diamond	green	(645, 428)	low	dis	(724, 460)	N	same	hori	left	True	1568754	1570189	left	1	5	51
1	gmy	f	21	1	diamond	red	(757, 540)	high	no	no_dis	N	dif	vert	up	True	1571294	1572284	up	1	5	52
1	gmy	f	21	1	diamond	red	(565, 460)	low	no	no_dis	N	dif	hori	left	True	1573492	1574845	left	1	5	53
1	gmy	f	21	1	circle	red	(757, 540)	high	dis	(724, 460)	N	dif	vert	up	True	1576079	1576820	up	1	5	54
1	gmy	f	21	1	diamond	red	(724, 619)	low	no	no_dis	N	dif	vert	up	True	1577835	1578596	up	1	5	55
1	gmy	f	21	1	circle	red	(757, 540)	high	dis	(724, 619)	N	same	hori	left	True	1579799	1580901	left	1	5	56
1	gmy	f	21	1	diamond	green	(645, 652)	low	dis	(533, 540)	N	same	hori	left	True	1582062	1582965	left	1	5	57
1	gmy	f	21	1	diamond	green	(533, 540)	low	dis	(724, 619)	N	same	vert	up	True	1584135	1585332	up	1	5	58
1	gmy	f	21	1	diamond	green	(645, 428)	low	dis	(724, 619)	N	dif	hori	left	True	1586485	1587645	left	1	5	59
1	gmy	f	21	1	circle	green	(724, 619)	low	no	no_dis	N	same	hori	left	True	1588884	1590285	left	1	5	60
1	gmy	f	21	1	circle	red	(757, 540)	high	dis	(724, 619)	N	same	vert	up	True	1591406	1592357	up	1	5	61
1	gmy	f	21	1	circle	red	(724, 460)	low	no	no_dis	N	same	vert	up	True	1593537	1595276	up	1	5	62
1	gmy	f	21	1	circle	red	(533, 540)	low	no	no_dis	N	dif	vert	up	True	1596339	1597836	up	1	5	63
1	gmy	f	21	1	diamond	green	(724, 619)	low	dis	(533, 540)	N	dif	vert	up	True	1598928	1600245	up	1	5	64
1	gmy	f	21	1	circle	green	(757, 540)	high	dis	(645, 428)	N	same	hori	left	False	1601343	None	None	0	5	65
1	gmy	f	21	1	diamond	red	(645, 428)	low	dis	(724, 619)	N	same	hori	left	True	1606875	1607892	left	1	5	66
1	gmy	f	21	1	diamond	red	(757, 540)	high	dis	(645, 652)	N	dif	vert	up	True	1608983	1609725	up	1	5	67
1	gmy	f	21	1	circle	red	(757, 540)	high	dis	(645, 652)	N	dif	vert	up	True	1610896	1611749	up	1	5	68
1	gmy	f	21	1	circle	green	(724, 619)	low	dis	(757, 540)	Y	dif	hori	left	True	1612935	1613916	up	0	5	69
1	gmy	f	21	1	circle	green	(645, 428)	low	no	no_dis	N	dif	hori	left	True	1616514	1617276	left	1	5	70
1	gmy	f	21	1	circle	green	(757, 540)	high	no	no_dis	N	same	vert	up	True	1618402	1619108	up	1	5	71
1	gmy	f	21	1	diamond	red	(757, 540)	high	no	no_dis	N	same	hori	left	True	1620158	1621053	left	1	5	72
1	gmy	f	21	1	circle	red	(757, 540)	high	no	no_dis	N	same	hori	left	True	1622219	1622860	left	1	5	73
1	gmy	f	21	1	circle	green	(533, 540)	low	dis	(645, 428)	N	same	vert	up	True	1623989	1624757	up	1	5	74
1	gmy	f	21	1	diamond	red	(645, 652)	low	dis	(757, 540)	Y	dif	vert	up	True	1625809	1626885	up	1	5	75
1	gmy	f	21	1	diamond	green	(565, 460)	low	dis	(565, 619)	N	dif	hori	left	True	1627964	1629053	left	1	5	76
1	gmy	f	21	1	diamond	red	(533, 540)	low	no	no_dis	N	dif	vert	up	True	1630272	1631292	up	1	5	77
1	gmy	f	21	1	diamond	green	(565, 619)	low	dis	(724, 619)	N	same	hori	left	True	1632372	1633445	left	1	5	78
1	gmy	f	21	1	circle	red	(724, 619)	low	dis	(565, 460)	N	dif	vert	up	True	1634495	1635509	up	1	5	79
1	gmy	f	21	1	diamond	green	(757, 540)	high	dis	(724, 460)	N	dif	vert	up	True	1636574	1637988	up	1	5	80
1	gmy	f	21	1	diamond	green	(645, 428)	low	no	no_dis	N	dif	vert	up	True	1639085	1640221	up	1	5	81
1	gmy	f	21	1	circle	red	(757, 540)	high	dis	(565, 460)	N	dif	hori	left	True	1641334	1642068	left	1	5	82
1	gmy	f	21	1	circle	red	(724, 619)	low	no	no_dis	N	same	hori	left	True	1643100	1644132	left	1	5	83
1	gmy	f	21	1	circle	green	(565, 619)	low	dis	(757, 540)	Y	same	hori	left	True	1645136	1646156	left	1	5	84
1	gmy	f	21	1	diamond	green	(724, 460)	low	dis	(565, 619)	N	same	vert	up	True	1647222	1648061	up	1	5	85
1	gmy	f	21	1	diamond	red	(757, 540)	high	no	no_dis	N	dif	hori	left	True	1649086	1649781	left	1	5	86
1	gmy	f	21	1	circle	green	(645, 652)	low	dis	(565, 619)	N	dif	hori	left	True	1650985	1652197	left	1	5	87
1	gmy	f	21	1	diamond	red	(565, 460)	low	no	no_dis	N	dif	hori	left	True	1653441	1654356	left	1	5	88
1	gmy	f	21	1	diamond	red	(724, 619)	low	dis	(645, 652)	N	same	hori	left	True	1655584	1656637	left	1	5	89
1	gmy	f	21	1	diamond	green	(757, 540)	high	dis	(645, 652)	N	same	vert	up	True	1657883	1659029	up	1	5	90
1	gmy	f	21	1	diamond	green	(724, 619)	low	dis	(533, 540)	N	dif	hori	left	True	1660166	1661277	left	1	5	91
1	gmy	f	21	1	diamond	green	(645, 652)	low	dis	(757, 540)	Y	dif	hori	left	True	1662449	1663829	left	1	5	92
1	gmy	f	21	1	circle	red	(724, 460)	low	no	no_dis	N	same	vert	up	True	1664853	1666213	up	1	5	93
1	gmy	f	21	1	diamond	green	(565, 619)	low	no	no_dis	N	same	hori	left	True	1667242	1668045	left	1	5	94
1	gmy	f	21	1	diamond	red	(645, 428)	low	no	no_dis	N	dif	vert	up	True	1669092	1670252	up	1	5	95
1	gmy	f	21	1	diamond	green	(533, 540)	low	dis	(757, 540)	Y	dif	vert	up	True	1671422	1672404	up	1	5	96
1	gmy	f	21	1	diamond	red	(757, 540)	high	dis	(533, 540)	N	dif	vert	up	True	1673440	1674148	up	1	5	97
1	gmy	f	21	1	circle	green	(645, 652)	low	no	no_dis	N	dif	hori	left	True	1675295	1676117	left	1	5	98
1	gmy	f	21	1	circle	green	(645, 652)	low	no	no_dis	N	same	hori	left	True	1677302	1677900	left	1	5	99
1	gmy	f	21	1	diamond	red	(645, 428)	low	no	no_dis	N	dif	hori	left	True	1679013	1679788	up	0	5	100
1	gmy	f	21	1	circle	red	(645, 652)	low	no	no_dis	N	same	vert	up	True	1682471	1683525	up	1	5	101
1	gmy	f	21	1	circle	green	(757, 540)	high	dis	(565, 619)	N	same	hori	left	True	1684747	1685572	left	1	5	102
1	gmy	f	21	1	diamond	red	(757, 540)	high	dis	(724, 619)	N	dif	hori	left	True	1686750	1687413	left	1	5	103
1	gmy	f	21	1	circle	red	(757, 540)	high	no	no_dis	N	dif	hori	left	True	1688469	1689037	left	1	5	104
1	gmy	f	21	1	circle	green	(565, 460)	low	dis	(724, 460)	N	dif	vert	up	True	1690074	1691212	up	1	5	105
1	gmy	f	21	1	diamond	green	(757, 540)	high	no	no_dis	N	same	vert	up	True	1692399	1693364	up	1	5	106
1	gmy	f	21	1	circle	red	(533, 540)	low	dis	(724, 619)	N	same	hori	left	True	1694599	1695532	left	1	5	107
1	gmy	f	21	1	circle	red	(645, 652)	low	dis	(724, 619)	N	dif	hori	left	True	1696662	1697445	left	1	5	108
1	gmy	f	21	1	circle	red	(645, 428)	low	dis	(533, 540)	N	dif	vert	up	True	1698633	1699397	up	1	5	109
1	gmy	f	21	1	circle	green	(757, 540)	high	dis	(565, 619)	N	same	hori	left	True	1700424	1701325	left	1	5	110
1	gmy	f	21	1	circle	green	(565, 619)	low	no	no_dis	N	same	hori	left	True	1702440	1703381	left	1	5	111
1	gmy	f	21	1	diamond	red	(724, 460)	low	dis	(565, 619)	N	dif	hori	left	True	1704465	1705445	left	1	5	112
1	gmy	f	21	1	diamond	green	(565, 619)	low	no	no_dis	N	dif	vert	up	True	1706462	1707517	up	1	5	113
1	gmy	f	21	1	circle	green	(533, 540)	low	dis	(645, 652)	N	same	vert	up	True	1708543	1709693	up	1	5	114
1	gmy	f	21	1	circle	red	(565, 619)	low	no	no_dis	N	dif	vert	up	True	1710898	1711525	up	1	5	115
1	gmy	f	21	1	diamond	red	(724, 460)	low	no	no_dis	N	same	hori	left	True	1712728	1713692	left	1	5	116
1	gmy	f	21	1	diamond	green	(757, 540)	high	dis	(724, 460)	N	same	vert	up	True	1714827	1715813	up	1	5	117
1	gmy	f	21	1	diamond	red	(757, 540)	high	dis	(645, 428)	N	dif	hori	left	True	1717011	1718029	left	1	5	118
1	gmy	f	21	1	circle	green	(757, 540)	high	no	no_dis	N	same	hori	left	True	1719189	1720036	up	0	5	119
1	gmy	f	21	1	diamond	red	(565, 619)	low	dis	(565, 460)	N	same	vert	up	True	1722560	1723685	up	1	5	120
1	gmy	f	21	1	diamond	red	(757, 540)	high	no	no_dis	N	dif	hori	left	True	1758874	1759940	left	1	6	1
1	gmy	f	21	1	circle	green	(533, 540)	low	no	no_dis	N	dif	hori	left	True	1761110	1762629	left	1	6	2
1	gmy	f	21	1	diamond	red	(533, 540)	low	dis	(724, 460)	N	dif	hori	left	True	1763856	1764924	left	1	6	3
1	gmy	f	21	1	circle	green	(757, 540)	high	no	no_dis	N	same	vert	up	True	1766101	1767036	up	1	6	4
1	gmy	f	21	1	circle	green	(565, 460)	low	dis	(724, 460)	N	same	hori	left	True	1768125	1769845	left	1	6	5
1	gmy	f	21	1	circle	red	(565, 460)	low	no	no_dis	N	same	hori	left	True	1770912	1771940	left	1	6	6
1	gmy	f	21	1	diamond	red	(565, 460)	low	dis	(724, 619)	N	dif	vert	up	True	1773127	1773932	up	1	6	7
1	gmy	f	21	1	circle	green	(565, 460)	low	dis	(757, 540)	Y	dif	hori	left	True	1774979	1776244	left	1	6	8
1	gmy	f	21	1	diamond	red	(757, 540)	high	dis	(724, 619)	N	same	vert	up	True	1777283	1778109	up	1	6	9
1	gmy	f	21	1	circle	red	(724, 619)	low	no	no_dis	N	same	vert	up	True	1779121	1780149	up	1	6	10
1	gmy	f	21	1	diamond	green	(533, 540)	low	dis	(565, 619)	N	same	vert	up	True	1781162	1782172	up	1	6	11
1	gmy	f	21	1	diamond	red	(724, 619)	low	dis	(565, 619)	N	dif	vert	up	True	1783407	1784764	up	1	6	12
1	gmy	f	21	1	circle	red	(565, 460)	low	dis	(757, 540)	Y	same	hori	left	True	1785920	1786740	left	1	6	13
1	gmy	f	21	1	diamond	red	(565, 460)	low	dis	(757, 540)	Y	same	vert	up	True	1787992	1788773	up	1	6	14
1	gmy	f	21	1	diamond	red	(533, 540)	low	dis	(724, 460)	N	dif	hori	left	True	1789923	1790908	left	1	6	15
1	gmy	f	21	1	circle	green	(757, 540)	high	dis	(565, 619)	N	same	vert	up	True	1792087	1793612	up	1	6	16
1	gmy	f	21	1	circle	green	(533, 540)	low	dis	(724, 619)	N	same	hori	left	True	1794788	1795636	left	1	6	17
1	gmy	f	21	1	diamond	red	(533, 540)	low	no	no_dis	N	same	hori	left	True	1796815	1797661	left	1	6	18
1	gmy	f	21	1	circle	green	(757, 540)	high	no	no_dis	N	dif	hori	left	True	1798849	1799901	left	1	6	19
1	gmy	f	21	1	circle	red	(565, 619)	low	no	no_dis	N	dif	vert	up	True	1801073	1801829	up	1	6	20
1	gmy	f	21	1	circle	red	(724, 460)	low	dis	(645, 428)	N	same	vert	up	True	1803066	1803989	up	1	6	21
1	gmy	f	21	1	circle	red	(565, 460)	low	dis	(533, 540)	N	dif	vert	up	True	1805071	1805956	up	1	6	22
1	gmy	f	21	1	diamond	green	(757, 540)	high	no	no_dis	N	same	hori	left	True	1807108	1807788	left	1	6	23
1	gmy	f	21	1	diamond	red	(645, 428)	low	dis	(757, 540)	Y	same	vert	up	True	1808944	1810189	up	1	6	24
1	gmy	f	21	1	diamond	red	(565, 619)	low	dis	(757, 540)	Y	dif	vert	up	True	1811402	1812269	up	1	6	25
1	gmy	f	21	1	diamond	red	(757, 540)	high	no	no_dis	N	same	vert	up	True	1813354	1814037	up	1	6	26
1	gmy	f	21	1	diamond	green	(565, 460)	low	dis	(757, 540)	Y	dif	vert	up	True	1815135	1815860	up	1	6	27
1	gmy	f	21	1	circle	red	(565, 619)	low	dis	(724, 619)	N	same	vert	up	True	1816870	1818364	up	1	6	28
1	gmy	f	21	1	circle	green	(757, 540)	high	dis	(565, 619)	N	same	vert	up	True	1819599	1820277	up	1	6	29
1	gmy	f	21	1	circle	green	(565, 619)	low	dis	(724, 460)	N	dif	vert	up	True	1821306	1822045	up	1	6	30
1	gmy	f	21	1	circle	red	(724, 619)	low	no	no_dis	N	same	vert	up	True	1823102	1823773	up	1	6	31
1	gmy	f	21	1	circle	red	(757, 540)	high	dis	(724, 460)	N	dif	vert	up	True	1824863	1825444	up	1	6	32
1	gmy	f	21	1	circle	red	(757, 540)	high	no	no_dis	N	same	hori	left	True	1826605	1827389	left	1	6	33
1	gmy	f	21	1	diamond	green	(645, 652)	low	dis	(533, 540)	N	dif	hori	left	True	1828583	1829644	left	1	6	34
1	gmy	f	21	1	diamond	red	(757, 540)	high	dis	(533, 540)	N	dif	hori	left	True	1830786	1831460	left	1	6	35
1	gmy	f	21	1	circle	red	(645, 428)	low	dis	(565, 460)	N	same	hori	left	True	1832680	1833389	left	1	6	36
1	gmy	f	21	1	diamond	green	(533, 540)	low	no	no_dis	N	same	hori	left	True	1834507	1835181	left	1	6	37
1	gmy	f	21	1	circle	red	(724, 460)	low	no	no_dis	N	dif	vert	up	True	1836406	1837132	up	1	6	38
1	gmy	f	21	1	circle	red	(645, 652)	low	no	no_dis	N	dif	hori	left	True	1838300	1839093	left	1	6	39
1	gmy	f	21	1	diamond	red	(565, 619)	low	dis	(533, 540)	N	same	hori	left	True	1840322	1841956	left	1	6	40
1	gmy	f	21	1	circle	green	(565, 619)	low	no	no_dis	N	same	vert	up	True	1842983	1844180	left	0	6	41
1	gmy	f	21	1	circle	red	(645, 652)	low	dis	(645, 428)	N	same	hori	left	True	1846886	1848236	left	1	6	42
1	gmy	f	21	1	diamond	red	(645, 428)	low	no	no_dis	N	same	vert	up	True	1849307	1850388	up	1	6	43
1	gmy	f	21	1	diamond	green	(724, 460)	low	no	no_dis	N	dif	vert	up	True	1851471	1852380	up	1	6	44
1	gmy	f	21	1	circle	red	(645, 652)	low	dis	(645, 428)	N	dif	hori	left	True	1853629	1854861	left	1	6	45
1	gmy	f	21	1	circle	red	(724, 460)	low	dis	(724, 619)	N	dif	hori	left	True	1856045	1857004	left	1	6	46
1	gmy	f	21	1	diamond	green	(533, 540)	low	no	no_dis	N	dif	hori	left	True	1858034	1859988	left	1	6	47
1	gmy	f	21	1	diamond	red	(757, 540)	high	no	no_dis	N	dif	vert	up	True	1861171	1862013	up	1	6	48
1	gmy	f	21	1	diamond	green	(757, 540)	high	dis	(724, 619)	N	same	hori	left	True	1863230	1864388	left	1	6	49
1	gmy	f	21	1	circle	green	(645, 652)	low	dis	(533, 540)	N	same	hori	left	True	1865507	1866501	left	1	6	50
1	gmy	f	21	1	circle	green	(757, 540)	high	dis	(724, 460)	N	same	vert	up	True	1867716	1869037	up	1	6	51
1	gmy	f	21	1	circle	red	(757, 540)	high	no	no_dis	N	dif	vert	up	True	1870107	1870733	up	1	6	52
1	gmy	f	21	1	diamond	red	(757, 540)	high	dis	(645, 428)	N	same	hori	left	True	1871744	1872389	left	1	6	53
1	gmy	f	21	1	diamond	green	(645, 428)	low	dis	(645, 652)	N	dif	vert	up	True	1873500	1874476	up	1	6	54
1	gmy	f	21	1	diamond	red	(645, 652)	low	no	no_dis	N	dif	vert	up	True	1875683	1876445	up	1	6	55
1	gmy	f	21	1	circle	green	(757, 540)	high	dis	(645, 652)	N	dif	hori	left	True	1877664	1878692	left	1	6	56
1	gmy	f	21	1	diamond	red	(757, 540)	high	dis	(533, 540)	N	dif	hori	left	True	1879866	1880645	left	1	6	57
1	gmy	f	21	1	circle	green	(724, 619)	low	dis	(724, 460)	N	same	vert	up	True	1881706	1882893	up	1	6	58
1	gmy	f	21	1	circle	green	(757, 540)	high	dis	(645, 652)	N	dif	hori	left	True	1884072	1884837	left	1	6	59
1	gmy	f	21	1	circle	red	(757, 540)	high	dis	(565, 619)	N	same	vert	up	True	1885983	1886684	up	1	6	60
1	gmy	f	21	1	circle	red	(757, 540)	high	dis	(533, 540)	N	dif	vert	up	True	1887937	1888557	up	1	6	61
1	gmy	f	21	1	diamond	green	(565, 619)	low	no	no_dis	N	same	hori	left	True	1889677	1890445	left	1	6	62
1	gmy	f	21	1	circle	green	(724, 460)	low	no	no_dis	N	dif	vert	up	True	1891526	1892668	up	1	6	63
1	gmy	f	21	1	circle	green	(565, 619)	low	dis	(533, 540)	N	dif	hori	left	True	1893691	1894844	left	1	6	64
1	gmy	f	21	1	circle	red	(724, 619)	low	dis	(565, 460)	N	dif	hori	left	True	1896052	1896820	left	1	6	65
1	gmy	f	21	1	diamond	green	(565, 619)	low	dis	(757, 540)	Y	dif	hori	left	True	1898055	1899829	left	1	6	66
1	gmy	f	21	1	circle	red	(757, 540)	high	dis	(724, 460)	N	same	vert	up	True	1900893	1902037	up	1	6	67
1	gmy	f	21	1	diamond	green	(565, 619)	low	dis	(565, 460)	N	dif	vert	up	True	1903110	1904237	up	1	6	68
1	gmy	f	21	1	circle	green	(565, 460)	low	no	no_dis	N	same	vert	up	True	1905307	1906125	left	0	6	69
1	gmy	f	21	1	circle	red	(565, 619)	low	dis	(645, 428)	N	dif	vert	up	True	1908669	1909605	up	1	6	70
1	gmy	f	21	1	diamond	green	(757, 540)	high	dis	(645, 652)	N	same	hori	left	True	1910792	1911957	left	1	6	71
1	gmy	f	21	1	circle	red	(757, 540)	high	no	no_dis	N	dif	hori	left	True	1913191	1913908	left	1	6	72
1	gmy	f	21	1	diamond	green	(724, 619)	low	dis	(645, 652)	N	dif	hori	left	True	1914923	1915845	left	1	6	73
1	gmy	f	21	1	circle	green	(724, 460)	low	dis	(565, 619)	N	same	hori	left	True	1917063	1918229	up	0	6	74
1	gmy	f	21	1	diamond	green	(757, 540)	high	dis	(565, 460)	N	dif	vert	up	True	1920878	1921677	up	1	6	75
1	gmy	f	21	1	diamond	green	(757, 540)	high	no	no_dis	N	dif	vert	up	True	1922686	1923413	up	1	6	76
1	gmy	f	21	1	diamond	red	(565, 460)	low	no	no_dis	N	dif	hori	left	True	1924605	1925469	left	1	6	77
1	gmy	f	21	1	diamond	green	(757, 540)	high	no	no_dis	N	same	hori	left	True	1926595	1927261	left	1	6	78
1	gmy	f	21	1	circle	green	(724, 619)	low	no	no_dis	N	same	vert	up	True	1928495	1929189	up	1	6	79
1	gmy	f	21	1	diamond	green	(645, 428)	low	no	no_dis	N	dif	hori	left	True	1930364	1931180	left	1	6	80
1	gmy	f	21	1	circle	red	(724, 619)	low	dis	(565, 619)	N	dif	hori	left	True	1932203	1933100	left	1	6	81
1	gmy	f	21	1	circle	red	(533, 540)	low	dis	(565, 460)	N	dif	vert	up	True	1934244	1935157	up	1	6	82
1	gmy	f	21	1	diamond	green	(724, 460)	low	dis	(645, 652)	N	same	vert	up	True	1936216	1938196	up	1	6	83
1	gmy	f	21	1	diamond	red	(724, 460)	low	no	no_dis	N	same	hori	left	True	1939330	1940261	left	1	6	84
1	gmy	f	21	1	diamond	green	(724, 619)	low	dis	(645, 428)	N	same	hori	left	True	1941415	1942413	left	1	6	85
1	gmy	f	21	1	diamond	green	(724, 460)	low	dis	(724, 619)	N	same	vert	up	True	1943474	1945389	up	1	6	86
1	gmy	f	21	1	diamond	green	(645, 428)	low	no	no_dis	N	same	vert	up	True	1946476	1947133	up	1	6	87
1	gmy	f	21	1	circle	green	(645, 428)	low	dis	(724, 619)	N	dif	hori	left	True	1948303	1949589	left	1	6	88
1	gmy	f	21	1	diamond	red	(645, 428)	low	dis	(645, 652)	N	same	vert	up	True	1950732	1952421	up	1	6	89
1	gmy	f	21	1	circle	green	(757, 540)	high	dis	(565, 460)	N	same	hori	left	True	1953472	1954517	left	1	6	90
1	gmy	f	21	1	circle	green	(724, 460)	low	dis	(724, 619)	N	same	hori	left	True	1955553	1957349	left	1	6	91
1	gmy	f	21	1	circle	red	(757, 540)	high	dis	(645, 428)	N	dif	vert	up	True	1958429	1959196	up	1	6	92
1	gmy	f	21	1	diamond	green	(645, 428)	low	dis	(645, 652)	N	same	hori	left	True	1960385	1961852	left	1	6	93
1	gmy	f	21	1	diamond	green	(645, 652)	low	no	no_dis	N	same	hori	left	True	1962876	1963973	left	1	6	94
1	gmy	f	21	1	diamond	green	(757, 540)	high	dis	(724, 619)	N	same	hori	left	True	1965085	1965837	left	1	6	95
1	gmy	f	21	1	circle	green	(724, 619)	low	dis	(565, 460)	N	dif	vert	up	True	1966900	1967860	up	1	6	96
1	gmy	f	21	1	diamond	green	(645, 652)	low	dis	(533, 540)	N	same	vert	up	True	1968962	1971156	up	1	6	97
1	gmy	f	21	1	circle	green	(757, 540)	high	no	no_dis	N	same	vert	up	True	1972327	1973533	up	1	6	98
1	gmy	f	21	1	circle	green	(645, 652)	low	dis	(565, 619)	N	same	vert	up	True	1974569	1975349	up	1	6	99
1	gmy	f	21	1	diamond	red	(757, 540)	high	dis	(724, 460)	N	dif	vert	up	True	1976559	1977764	up	1	6	100
1	gmy	f	21	1	diamond	red	(645, 652)	low	no	no_dis	N	dif	hori	left	True	1978807	1979933	left	1	6	101
1	gmy	f	21	1	diamond	red	(645, 652)	low	dis	(645, 428)	N	same	hori	left	True	1980946	1981716	left	1	6	102
1	gmy	f	21	1	circle	green	(533, 540)	low	dis	(757, 540)	Y	dif	vert	up	True	1982748	1984301	up	1	6	103
1	gmy	f	21	1	diamond	green	(757, 540)	high	dis	(565, 460)	N	dif	hori	left	True	1985454	1986141	left	1	6	104
1	gmy	f	21	1	diamond	red	(724, 619)	low	dis	(724, 460)	N	same	vert	up	True	1987192	1988092	up	1	6	105
1	gmy	f	21	1	circle	red	(757, 540)	high	dis	(645, 428)	N	dif	hori	left	True	1989322	1990301	left	1	6	106
1	gmy	f	21	1	circle	green	(645, 428)	low	dis	(565, 460)	N	dif	vert	up	True	1991369	1992429	up	1	6	107
1	gmy	f	21	1	diamond	red	(565, 619)	low	no	no_dis	N	dif	vert	up	True	1993511	1994245	up	1	6	108
1	gmy	f	21	1	circle	red	(565, 460)	low	no	no_dis	N	dif	hori	left	True	1995447	1996932	left	1	6	109
1	gmy	f	21	1	diamond	red	(724, 460)	low	dis	(533, 540)	N	same	hori	left	True	1998164	1999661	left	1	6	110
1	gmy	f	21	1	circle	red	(533, 540)	low	dis	(645, 428)	N	dif	vert	up	True	2000891	2002148	up	1	6	111
1	gmy	f	21	1	diamond	red	(724, 460)	low	dis	(757, 540)	Y	same	hori	left	True	2003243	2005037	left	1	6	112
1	gmy	f	21	1	diamond	green	(533, 540)	low	dis	(645, 652)	N	dif	hori	left	True	2006079	2007076	left	1	6	113
1	gmy	f	21	1	diamond	green	(565, 460)	low	dis	(757, 540)	Y	dif	hori	left	True	2008158	2009460	left	1	6	114
1	gmy	f	21	1	diamond	red	(757, 540)	high	dis	(645, 652)	N	dif	vert	up	True	2010707	2011389	up	1	6	115
1	gmy	f	21	1	circle	green	(645, 428)	low	no	no_dis	N	same	hori	left	True	2012408	2013188	left	1	6	116
1	gmy	f	21	1	circle	green	(724, 619)	low	no	no_dis	N	dif	vert	up	True	2014343	2015084	up	1	6	117
1	gmy	f	21	1	diamond	red	(645, 652)	low	dis	(565, 619)	N	same	vert	up	True	2016195	2017124	up	1	6	118
1	gmy	f	21	1	diamond	green	(757, 540)	high	dis	(565, 460)	N	same	hori	left	True	2018290	2019069	left	1	6	119
1	gmy	f	21	1	circle	red	(645, 428)	low	dis	(565, 619)	N	same	vert	up	True	2020140	2022133	up	1	6	120
conf	1	gmy	f	21	1	True	2056965	2074588	1	True	2074599	2081780	5
