subj	name	gender	age	prac	shape	color	tar_loc	popularity	dis_cond	dis_loc	dis_high	td_dif	line	respkey	gotkey	startTime	respTime	resp	correct	block	trialnum
2	psh	f	22	1	diamond	red	(724, 619)	low	dis	(724, 460)	Y	dif	vert	up	True	17911	20437	up	1	1	1
2	psh	f	22	1	diamond	red	(645, 652)	low	dis	(533, 540)	N	dif	vert	up	True	21565	23477	up	1	1	2
2	psh	f	22	1	circle	red	(565, 619)	low	dis	(724, 619)	N	dif	hori	left	True	24509	25742	up	0	1	3
2	psh	f	22	1	diamond	green	(724, 460)	high	dis	(565, 460)	N	dif	hori	left	True	28488	30445	left	1	1	4
2	psh	f	22	1	diamond	green	(533, 540)	low	no	no_dis	N	dif	vert	up	True	31633	32821	up	1	1	5
2	psh	f	22	1	diamond	green	(757, 540)	low	dis	(645, 652)	N	same	vert	up	True	34048	35733	left	0	1	6
2	psh	f	22	1	diamond	green	(645, 428)	low	no	no_dis	N	same	hori	left	True	38363	39926	left	1	1	7
2	psh	f	22	1	diamond	green	(645, 428)	low	no	no_dis	N	same	vert	up	True	41065	42342	up	1	1	8
2	psh	f	22	1	diamond	red	(724, 619)	low	dis	(533, 540)	N	dif	hori	left	True	43438	45109	left	1	1	9
2	psh	f	22	1	diamond	green	(645, 428)	low	dis	(565, 460)	N	dif	vert	up	True	46320	47550	up	1	1	10
2	psh	f	22	1	diamond	red	(565, 460)	low	dis	(645, 428)	N	same	hori	left	True	48614	50797	left	1	1	11
2	psh	f	22	1	diamond	red	(757, 540)	low	dis	(565, 619)	N	dif	hori	left	True	51846	53470	left	1	1	12
2	psh	f	22	1	circle	green	(757, 540)	low	dis	(565, 619)	N	same	vert	up	False	54489	None	None	0	1	13
2	psh	f	22	1	circle	green	(724, 460)	high	dis	(645, 652)	N	dif	hori	left	True	60172	61926	left	1	1	14
2	psh	f	22	1	diamond	red	(565, 460)	low	dis	(645, 652)	N	dif	vert	up	True	63061	65062	up	1	1	15
2	psh	f	22	1	circle	green	(724, 460)	high	no	no_dis	N	same	hori	left	True	66172	68726	left	1	1	16
2	psh	f	22	1	circle	green	(724, 460)	high	no	no_dis	N	same	vert	up	True	69847	71733	up	1	1	17
2	psh	f	22	1	diamond	red	(724, 460)	high	dis	(757, 540)	N	dif	vert	up	True	72794	75301	up	1	1	18
2	psh	f	22	1	circle	red	(757, 540)	low	dis	(645, 428)	N	same	vert	up	True	76310	79038	up	1	1	19
2	psh	f	22	1	circle	red	(565, 460)	low	no	no_dis	N	same	vert	up	True	80253	82245	left	0	1	20
2	psh	f	22	1	circle	red	(724, 619)	low	no	no_dis	N	same	hori	left	True	84892	86261	left	1	1	21
2	psh	f	22	1	circle	red	(724, 619)	low	no	no_dis	N	dif	hori	left	True	87328	88510	left	1	1	22
2	psh	f	22	1	diamond	green	(724, 460)	high	dis	(645, 428)	N	dif	hori	left	True	89656	91181	left	1	1	23
2	psh	f	22	1	circle	green	(645, 428)	low	dis	(565, 619)	N	same	hori	left	True	92408	93597	left	1	1	24
2	psh	f	22	1	circle	red	(533, 540)	low	dis	(724, 619)	N	dif	hori	left	True	94755	96429	left	1	1	25
2	psh	f	22	1	circle	red	(645, 428)	low	dis	(565, 460)	N	dif	hori	left	True	97443	98942	up	0	1	26
2	psh	f	22	1	circle	green	(645, 652)	low	no	no_dis	N	same	hori	left	True	101488	102701	left	1	1	27
2	psh	f	22	1	circle	green	(724, 460)	high	dis	(565, 619)	N	same	hori	left	True	103813	105973	left	1	1	28
2	psh	f	22	1	diamond	green	(645, 652)	low	dis	(645, 428)	N	dif	vert	up	True	107222	109125	up	1	1	29
2	psh	f	22	1	diamond	green	(724, 619)	low	dis	(724, 460)	Y	same	hori	left	True	110179	111957	left	1	1	30
2	psh	f	22	1	circle	red	(724, 460)	high	dis	(645, 428)	N	same	hori	left	True	113022	114589	left	1	1	31
2	psh	f	22	1	circle	red	(724, 460)	high	dis	(645, 428)	N	dif	vert	up	True	115763	116909	up	1	1	32
2	psh	f	22	1	circle	red	(757, 540)	low	dis	(724, 460)	Y	same	vert	up	True	118074	120901	up	1	1	33
2	psh	f	22	1	diamond	red	(724, 460)	high	no	no_dis	N	same	vert	up	True	121961	123285	up	1	1	34
2	psh	f	22	1	diamond	green	(724, 460)	high	dis	(533, 540)	N	same	vert	up	True	124299	126445	up	1	1	35
2	psh	f	22	1	diamond	red	(724, 460)	high	no	no_dis	N	dif	hori	left	True	127520	128917	left	1	1	36
2	psh	f	22	1	circle	green	(565, 619)	low	no	no_dis	N	dif	hori	left	True	130058	131549	left	1	1	37
2	psh	f	22	1	circle	green	(645, 428)	low	dis	(757, 540)	N	dif	vert	up	True	132779	134654	up	1	1	38
2	psh	f	22	1	circle	green	(565, 460)	low	dis	(724, 460)	Y	same	vert	up	True	135878	138646	up	1	1	39
2	psh	f	22	1	circle	green	(565, 460)	low	no	no_dis	N	same	hori	left	True	139735	141685	left	1	1	40
2	psh	f	22	1	diamond	green	(724, 460)	high	dis	(757, 540)	N	same	vert	up	True	142746	144381	up	1	1	41
2	psh	f	22	1	diamond	green	(724, 460)	high	dis	(565, 460)	N	dif	vert	up	True	145417	148141	up	1	1	42
2	psh	f	22	1	diamond	green	(724, 619)	low	dis	(757, 540)	N	dif	hori	left	True	149316	150758	left	1	1	43
2	psh	f	22	1	diamond	red	(757, 540)	low	dis	(645, 652)	N	same	hori	left	True	151763	153469	left	1	1	44
2	psh	f	22	1	circle	red	(724, 460)	high	dis	(645, 652)	N	same	vert	up	True	154583	156669	up	1	1	45
2	psh	f	22	1	circle	red	(645, 652)	low	dis	(565, 460)	N	same	vert	up	True	157922	160365	up	1	1	46
2	psh	f	22	1	circle	green	(757, 540)	low	no	no_dis	N	same	vert	up	True	161487	163205	up	1	1	47
2	psh	f	22	1	diamond	red	(533, 540)	low	dis	(724, 619)	N	dif	hori	left	True	164334	166485	left	1	1	48
2	psh	f	22	1	circle	red	(724, 460)	high	no	no_dis	N	same	hori	left	True	167526	169661	left	1	1	49
2	psh	f	22	1	diamond	red	(724, 460)	high	no	no_dis	N	same	vert	up	True	170752	173350	up	1	1	50
2	psh	f	22	1	circle	green	(645, 652)	low	dis	(724, 619)	N	dif	hori	left	True	174543	176286	left	1	1	51
2	psh	f	22	1	circle	red	(565, 460)	low	dis	(565, 619)	N	same	vert	up	True	177379	179173	up	1	1	52
2	psh	f	22	1	diamond	green	(565, 460)	low	dis	(533, 540)	N	same	hori	left	True	180414	182045	left	1	1	53
2	psh	f	22	1	diamond	red	(533, 540)	low	dis	(724, 619)	N	dif	hori	left	True	183256	184917	left	1	1	54
2	psh	f	22	1	diamond	green	(533, 540)	low	dis	(724, 460)	Y	dif	vert	up	True	185944	187589	up	1	1	55
2	psh	f	22	1	circle	red	(724, 460)	high	no	no_dis	N	dif	vert	up	True	188700	190294	left	0	1	56
2	psh	f	22	1	circle	red	(565, 619)	low	dis	(757, 540)	N	dif	vert	up	True	192866	195445	up	1	1	57
2	psh	f	22	1	diamond	green	(645, 652)	low	no	no_dis	N	dif	vert	up	True	196464	198469	up	1	1	58
2	psh	f	22	1	diamond	red	(645, 428)	low	dis	(724, 460)	Y	dif	hori	left	True	199697	201181	left	1	1	59
2	psh	f	22	1	diamond	green	(724, 460)	high	dis	(724, 619)	N	dif	vert	up	True	202289	203774	up	1	1	60
2	psh	f	22	1	diamond	green	(724, 619)	low	no	no_dis	N	same	vert	up	True	205011	206429	up	1	1	61
2	psh	f	22	1	diamond	green	(757, 540)	low	dis	(645, 428)	N	same	vert	up	True	207530	209077	up	1	1	62
2	psh	f	22	1	diamond	red	(645, 652)	low	no	no_dis	N	same	vert	up	True	210256	212749	up	1	1	63
2	psh	f	22	1	diamond	red	(724, 460)	high	dis	(533, 540)	N	same	hori	left	True	213817	215301	left	1	1	64
2	psh	f	22	1	diamond	red	(565, 619)	low	no	no_dis	N	same	vert	up	True	216342	217429	up	1	1	65
2	psh	f	22	1	diamond	red	(645, 652)	low	no	no_dis	N	dif	hori	left	True	218617	219582	left	1	1	66
2	psh	f	22	1	circle	green	(724, 460)	high	no	no_dis	N	dif	hori	left	True	220596	222053	left	1	1	67
2	psh	f	22	1	circle	red	(645, 428)	low	dis	(724, 460)	Y	same	vert	up	True	223170	224957	up	1	1	68
2	psh	f	22	1	circle	green	(724, 460)	high	dis	(724, 619)	N	same	hori	left	True	226067	227253	left	1	1	69
2	psh	f	22	1	circle	green	(724, 619)	low	dis	(533, 540)	N	same	hori	left	True	228300	229477	left	1	1	70
2	psh	f	22	1	diamond	green	(565, 619)	low	dis	(533, 540)	N	dif	vert	up	True	230543	232269	up	1	1	71
2	psh	f	22	1	circle	green	(724, 460)	high	dis	(724, 619)	N	same	vert	up	True	233280	235045	up	1	1	72
2	psh	f	22	1	diamond	red	(645, 428)	low	dis	(565, 460)	N	dif	vert	up	True	236160	238101	up	1	1	73
2	psh	f	22	1	diamond	red	(724, 460)	high	dis	(565, 619)	N	same	hori	left	True	239112	240749	left	1	1	74
2	psh	f	22	1	circle	red	(724, 619)	low	dis	(565, 619)	N	same	vert	up	True	241970	244293	up	1	1	75
2	psh	f	22	1	diamond	green	(645, 652)	low	dis	(724, 619)	N	same	hori	left	True	245532	247813	left	1	1	76
2	psh	f	22	1	circle	green	(565, 619)	low	dis	(724, 460)	Y	same	vert	up	True	248871	250605	up	1	1	77
2	psh	f	22	1	diamond	red	(565, 619)	low	dis	(645, 652)	N	dif	hori	left	True	251816	253829	left	1	1	78
2	psh	f	22	1	diamond	red	(724, 460)	high	dis	(565, 460)	N	same	vert	up	True	254967	257461	up	1	1	79
2	psh	f	22	1	circle	green	(645, 652)	low	dis	(533, 540)	N	same	hori	left	True	258484	259789	left	1	1	80
2	psh	f	22	1	circle	red	(565, 460)	low	dis	(724, 460)	Y	dif	vert	up	True	260826	263453	up	1	1	81
2	psh	f	22	1	circle	green	(533, 540)	low	no	no_dis	N	same	hori	left	True	264555	265749	left	1	1	82
2	psh	f	22	1	diamond	red	(645, 428)	low	no	no_dis	N	dif	hori	left	True	266975	268285	left	1	1	83
2	psh	f	22	1	circle	red	(757, 540)	low	no	no_dis	N	dif	vert	up	True	269329	270757	up	1	1	84
2	psh	f	22	1	circle	red	(724, 460)	high	dis	(565, 619)	N	dif	hori	left	True	271984	273293	left	1	1	85
2	psh	f	22	1	circle	red	(533, 540)	low	no	no_dis	N	same	hori	left	True	274505	275933	left	1	1	86
2	psh	f	22	1	diamond	green	(533, 540)	low	dis	(645, 652)	N	dif	vert	up	True	277017	278213	up	1	1	87
2	psh	f	22	1	diamond	red	(533, 540)	low	no	no_dis	N	same	vert	up	True	279317	280772	up	1	1	88
2	psh	f	22	1	diamond	red	(724, 460)	high	dis	(757, 540)	N	dif	hori	left	True	281837	283301	left	1	1	89
2	psh	f	22	1	diamond	green	(757, 540)	low	no	no_dis	N	dif	hori	left	True	284539	285517	left	1	1	90
2	psh	f	22	1	circle	green	(724, 619)	low	dis	(565, 619)	N	same	hori	left	True	286595	288429	left	1	1	91
2	psh	f	22	1	circle	green	(565, 460)	low	dis	(565, 619)	N	same	vert	up	True	289633	290901	up	1	1	92
2	psh	f	22	1	diamond	red	(645, 652)	low	dis	(645, 428)	N	same	hori	left	True	292142	293789	left	1	1	93
2	psh	f	22	1	diamond	green	(724, 460)	high	no	no_dis	N	dif	vert	up	True	295009	296788	up	1	1	94
2	psh	f	22	1	circle	green	(533, 540)	low	dis	(724, 619)	N	same	vert	up	True	297999	299613	up	1	1	95
2	psh	f	22	1	diamond	green	(565, 460)	low	dis	(645, 428)	N	same	hori	left	True	300662	302237	left	1	1	96
2	psh	f	22	1	circle	green	(724, 460)	high	dis	(757, 540)	N	dif	hori	left	True	303350	304973	left	1	1	97
2	psh	f	22	1	diamond	green	(724, 460)	high	no	no_dis	N	dif	hori	left	True	305988	308045	left	1	1	98
2	psh	f	22	1	circle	green	(533, 540)	low	dis	(645, 652)	N	dif	vert	up	True	309179	311141	up	1	1	99
2	psh	f	22	1	diamond	green	(724, 460)	high	no	no_dis	N	same	hori	left	True	312257	313724	left	1	1	100
2	psh	f	22	1	circle	red	(757, 540)	low	no	no_dis	N	same	hori	left	True	314864	316117	left	1	1	101
2	psh	f	22	1	diamond	red	(565, 619)	low	no	no_dis	N	dif	hori	left	True	317249	319108	left	1	1	102
2	psh	f	22	1	diamond	red	(724, 460)	high	dis	(565, 460)	N	dif	vert	up	True	320154	321741	up	1	1	103
2	psh	f	22	1	diamond	green	(565, 619)	low	dis	(757, 540)	N	same	hori	left	True	322846	324692	left	1	1	104
2	psh	f	22	1	diamond	green	(565, 460)	low	no	no_dis	N	dif	vert	up	True	325760	327381	up	1	1	105
2	psh	f	22	1	diamond	red	(565, 619)	low	dis	(645, 652)	N	same	hori	left	True	328626	330780	left	1	1	106
2	psh	f	22	1	circle	red	(724, 460)	high	no	no_dis	N	dif	vert	up	True	331898	334564	up	1	1	107
2	psh	f	22	1	diamond	red	(565, 619)	low	no	no_dis	N	dif	vert	up	True	335619	337300	up	1	1	108
2	psh	f	22	1	diamond	green	(645, 428)	low	dis	(565, 460)	N	same	hori	left	True	338397	339708	left	1	1	109
2	psh	f	22	1	circle	green	(724, 460)	high	dis	(645, 652)	N	dif	vert	up	True	340747	342309	up	1	1	110
2	psh	f	22	1	circle	red	(724, 460)	high	dis	(533, 540)	N	same	vert	up	True	343384	345500	up	1	1	111
2	psh	f	22	1	circle	red	(533, 540)	low	dis	(757, 540)	N	dif	hori	left	True	346711	347900	left	1	1	112
2	psh	f	22	1	circle	green	(565, 460)	low	no	no_dis	N	dif	vert	up	True	349039	350797	up	1	1	113
2	psh	f	22	1	circle	red	(645, 652)	low	dis	(565, 460)	N	dif	hori	left	True	351974	353685	left	1	1	114
2	psh	f	22	1	circle	green	(645, 428)	low	no	no_dis	N	dif	vert	up	True	354906	356044	up	1	1	115
2	psh	f	22	1	circle	red	(724, 619)	low	no	no_dis	N	dif	hori	left	True	357074	358180	left	1	1	116
2	psh	f	22	1	circle	green	(757, 540)	low	dis	(724, 460)	Y	dif	hori	left	True	359274	361069	left	1	1	117
2	psh	f	22	1	circle	green	(565, 619)	low	dis	(757, 540)	N	same	vert	up	True	362083	363837	up	1	1	118
2	psh	f	22	1	circle	red	(724, 619)	low	dis	(533, 540)	N	dif	vert	up	True	364928	367037	up	1	1	119
2	psh	f	22	1	circle	red	(724, 460)	high	dis	(645, 428)	N	same	hori	left	True	368185	369741	left	1	1	120
2	psh	f	22	1	diamond	red	(645, 428)	low	dis	(757, 540)	N	dif	vert	up	True	407743	409893	up	1	2	1
2	psh	f	22	1	circle	green	(565, 619)	low	dis	(757, 540)	N	same	vert	up	True	411128	412460	up	1	2	2
2	psh	f	22	1	circle	red	(757, 540)	low	dis	(533, 540)	N	same	vert	up	True	413649	415365	up	1	2	3
2	psh	f	22	1	circle	red	(533, 540)	low	dis	(724, 460)	Y	same	hori	left	True	416407	417612	left	1	2	4
2	psh	f	22	1	circle	red	(724, 460)	high	no	no_dis	N	same	vert	up	True	418825	419917	up	1	2	5
2	psh	f	22	1	circle	green	(565, 460)	low	dis	(533, 540)	N	same	vert	up	True	420959	423037	up	1	2	6
2	psh	f	22	1	diamond	green	(724, 460)	high	dis	(565, 619)	N	dif	vert	up	True	424098	425781	up	1	2	7
2	psh	f	22	1	diamond	green	(724, 460)	high	dis	(565, 460)	N	same	hori	left	True	426886	427997	left	1	2	8
2	psh	f	22	1	diamond	red	(724, 619)	low	no	no_dis	N	same	hori	left	True	429158	430549	left	1	2	9
2	psh	f	22	1	diamond	red	(724, 460)	high	dis	(645, 652)	N	dif	hori	left	True	431573	432677	left	1	2	10
2	psh	f	22	1	circle	green	(724, 619)	low	dis	(757, 540)	N	same	hori	left	True	433820	436053	left	1	2	11
2	psh	f	22	1	circle	green	(565, 460)	low	no	no_dis	N	dif	hori	left	True	437200	438508	left	1	2	12
2	psh	f	22	1	circle	red	(724, 460)	high	dis	(645, 428)	N	same	hori	left	True	439632	441645	left	1	2	13
2	psh	f	22	1	diamond	red	(724, 460)	high	no	no_dis	N	same	vert	up	True	442894	444093	up	1	2	14
2	psh	f	22	1	diamond	red	(565, 460)	low	dis	(757, 540)	N	dif	hori	left	True	445340	446773	left	1	2	15
2	psh	f	22	1	diamond	green	(645, 652)	low	dis	(565, 460)	N	same	hori	left	True	447859	449509	left	1	2	16
2	psh	f	22	1	circle	green	(565, 619)	low	dis	(645, 652)	N	dif	hori	left	True	450591	452804	left	1	2	17
2	psh	f	22	1	circle	green	(724, 460)	high	dis	(645, 428)	N	same	vert	up	True	453819	455909	up	1	2	18
2	psh	f	22	1	diamond	green	(724, 619)	low	dis	(645, 428)	N	dif	hori	left	True	456989	458389	left	1	2	19
2	psh	f	22	1	diamond	red	(565, 619)	low	no	no_dis	N	same	hori	left	True	459440	461037	left	1	2	20
2	psh	f	22	1	diamond	red	(724, 460)	high	dis	(533, 540)	N	dif	vert	up	True	462075	463732	up	1	2	21
2	psh	f	22	1	circle	green	(724, 460)	high	no	no_dis	N	dif	vert	up	True	464919	467589	up	1	2	22
2	psh	f	22	1	circle	red	(645, 652)	low	dis	(724, 619)	N	dif	vert	up	True	468672	470980	up	1	2	23
2	psh	f	22	1	circle	green	(645, 428)	low	no	no_dis	N	same	vert	up	True	472166	474292	up	1	2	24
2	psh	f	22	1	circle	red	(724, 460)	high	dis	(645, 428)	N	dif	vert	up	True	475433	477300	up	1	2	25
2	psh	f	22	1	diamond	red	(724, 460)	high	dis	(645, 652)	N	same	hori	left	True	478360	480084	left	1	2	26
2	psh	f	22	1	diamond	red	(724, 460)	high	dis	(565, 460)	N	dif	hori	left	True	481135	482500	left	1	2	27
2	psh	f	22	1	circle	green	(645, 428)	low	dis	(645, 652)	N	same	vert	up	True	483650	485581	up	1	2	28
2	psh	f	22	1	diamond	red	(645, 652)	low	dis	(724, 619)	N	same	hori	left	True	486753	488053	left	1	2	29
2	psh	f	22	1	diamond	green	(645, 652)	low	dis	(565, 619)	N	dif	hori	left	True	489219	490740	left	1	2	30
2	psh	f	22	1	circle	green	(645, 652)	low	no	no_dis	N	dif	hori	left	True	491948	493596	left	1	2	31
2	psh	f	22	1	diamond	green	(533, 540)	low	dis	(724, 460)	Y	dif	vert	up	True	494642	496316	up	1	2	32
2	psh	f	22	1	diamond	green	(645, 652)	low	no	no_dis	N	dif	vert	up	True	497446	498652	up	1	2	33
2	psh	f	22	1	circle	red	(533, 540)	low	dis	(565, 460)	N	dif	vert	up	True	499720	501605	up	1	2	34
2	psh	f	22	1	circle	red	(724, 460)	high	dis	(533, 540)	N	same	vert	up	True	502848	504397	up	1	2	35
2	psh	f	22	1	circle	red	(645, 428)	low	dis	(565, 619)	N	dif	vert	up	True	505503	506813	up	1	2	36
2	psh	f	22	1	diamond	green	(724, 460)	high	dis	(565, 460)	N	same	vert	up	True	508059	510477	up	1	2	37
2	psh	f	22	1	circle	red	(724, 460)	high	no	no_dis	N	dif	hori	left	True	511624	513277	left	1	2	38
2	psh	f	22	1	diamond	green	(533, 540)	low	no	no_dis	N	same	vert	up	True	514426	515956	up	1	2	39
2	psh	f	22	1	diamond	green	(724, 460)	high	no	no_dis	N	dif	hori	left	True	517054	518292	left	1	2	40
2	psh	f	22	1	circle	red	(645, 652)	low	no	no_dis	N	dif	hori	left	True	519377	520820	left	1	2	41
2	psh	f	22	1	diamond	red	(757, 540)	low	dis	(645, 652)	N	dif	vert	up	True	521848	523388	up	1	2	42
2	psh	f	22	1	diamond	green	(724, 619)	low	dis	(724, 460)	Y	dif	vert	up	True	524430	526773	up	1	2	43
2	psh	f	22	1	circle	green	(645, 652)	low	dis	(724, 619)	N	same	hori	left	True	528001	530388	left	1	2	44
2	psh	f	22	1	circle	red	(565, 619)	low	no	no_dis	N	same	vert	up	True	531558	532972	up	1	2	45
2	psh	f	22	1	diamond	green	(757, 540)	low	dis	(533, 540)	N	dif	hori	left	True	534037	535365	left	1	2	46
2	psh	f	22	1	diamond	red	(724, 460)	high	no	no_dis	N	same	hori	left	True	536405	537693	left	1	2	47
2	psh	f	22	1	circle	red	(724, 619)	low	no	no_dis	N	same	hori	left	True	538824	540268	left	1	2	48
2	psh	f	22	1	diamond	green	(565, 619)	low	dis	(645, 652)	N	same	hori	left	True	541352	542716	left	1	2	49
2	psh	f	22	1	diamond	red	(565, 619)	low	no	no_dis	N	dif	vert	up	True	543939	545116	up	1	2	50
2	psh	f	22	1	circle	green	(724, 460)	high	dis	(565, 619)	N	dif	hori	left	True	546352	548436	left	1	2	51
2	psh	f	22	1	circle	green	(724, 460)	high	dis	(757, 540)	N	dif	hori	left	True	549506	551660	left	1	2	52
2	psh	f	22	1	diamond	red	(724, 460)	high	no	no_dis	N	dif	vert	up	True	552891	554620	up	1	2	53
2	psh	f	22	1	circle	green	(565, 619)	low	no	no_dis	N	dif	hori	left	True	555779	557524	left	1	2	54
2	psh	f	22	1	circle	red	(724, 619)	low	dis	(565, 619)	N	dif	hori	left	True	558573	559916	left	1	2	55
2	psh	f	22	1	diamond	red	(645, 428)	low	dis	(565, 460)	N	dif	hori	left	True	561004	562316	left	1	2	56
2	psh	f	22	1	circle	green	(724, 460)	high	no	no_dis	N	same	vert	up	True	563456	565460	up	1	2	57
2	psh	f	22	1	diamond	green	(724, 460)	high	no	no_dis	N	dif	vert	up	True	566572	568133	up	1	2	58
2	psh	f	22	1	circle	red	(724, 460)	high	dis	(757, 540)	N	same	hori	left	True	569311	570724	left	1	2	59
2	psh	f	22	1	diamond	green	(645, 428)	low	dis	(757, 540)	N	same	hori	left	True	571742	574132	left	1	2	60
2	psh	f	22	1	circle	red	(757, 540)	low	no	no_dis	N	same	hori	left	True	575233	576740	left	1	2	61
2	psh	f	22	1	diamond	green	(724, 460)	high	dis	(565, 619)	N	dif	hori	left	True	577862	579677	left	1	2	62
2	psh	f	22	1	circle	green	(645, 652)	low	dis	(724, 619)	N	dif	hori	left	True	580793	582436	left	1	2	63
2	psh	f	22	1	diamond	red	(757, 540)	low	dis	(724, 619)	N	same	hori	left	True	583540	584812	left	1	2	64
2	psh	f	22	1	circle	green	(724, 619)	low	dis	(565, 619)	N	dif	vert	up	True	585943	588044	up	1	2	65
2	psh	f	22	1	diamond	red	(533, 540)	low	dis	(645, 652)	N	dif	hori	left	True	589106	590708	left	1	2	66
2	psh	f	22	1	diamond	red	(645, 652)	low	no	no_dis	N	dif	vert	up	True	591798	592860	up	1	2	67
2	psh	f	22	1	circle	red	(565, 460)	low	dis	(645, 428)	N	same	hori	left	True	594076	596484	left	1	2	68
2	psh	f	22	1	circle	red	(724, 460)	high	dis	(645, 428)	N	dif	vert	up	True	597592	599140	up	1	2	69
2	psh	f	22	1	diamond	green	(724, 460)	high	dis	(724, 619)	N	dif	hori	left	True	600321	601772	left	1	2	70
2	psh	f	22	1	circle	red	(724, 460)	high	no	no_dis	N	same	hori	left	True	602937	604236	left	1	2	71
2	psh	f	22	1	circle	red	(565, 460)	low	no	no_dis	N	dif	hori	left	True	605330	606452	left	1	2	72
2	psh	f	22	1	circle	green	(757, 540)	low	dis	(645, 428)	N	same	hori	left	True	607495	609004	left	1	2	73
2	psh	f	22	1	diamond	green	(645, 428)	low	dis	(724, 460)	Y	dif	hori	left	True	610008	612164	left	1	2	74
2	psh	f	22	1	diamond	red	(645, 652)	low	dis	(724, 460)	Y	dif	hori	left	True	613183	614732	left	1	2	75
2	psh	f	22	1	diamond	green	(724, 460)	high	dis	(645, 652)	N	dif	vert	up	True	615933	617204	up	1	2	76
2	psh	f	22	1	circle	red	(757, 540)	low	dis	(645, 428)	N	same	hori	left	True	618387	619556	left	1	2	77
2	psh	f	22	1	circle	green	(533, 540)	low	dis	(724, 460)	Y	same	vert	up	True	620747	622364	up	1	2	78
2	psh	f	22	1	diamond	red	(565, 619)	low	dis	(533, 540)	N	same	vert	up	True	623458	625268	up	1	2	79
2	psh	f	22	1	diamond	green	(724, 460)	high	no	no_dis	N	same	hori	left	True	626431	627732	left	1	2	80
2	psh	f	22	1	circle	red	(565, 619)	low	dis	(645, 652)	N	dif	vert	up	True	628857	631212	up	1	2	81
2	psh	f	22	1	circle	green	(645, 428)	low	dis	(724, 619)	N	same	vert	up	True	632255	633724	up	1	2	82
2	psh	f	22	1	diamond	green	(757, 540)	low	no	no_dis	N	same	vert	up	True	634952	636580	up	1	2	83
2	psh	f	22	1	diamond	red	(533, 540)	low	no	no_dis	N	same	vert	up	True	637612	638940	up	1	2	84
2	psh	f	22	1	diamond	green	(757, 540)	low	dis	(565, 619)	N	dif	hori	left	True	640156	641620	left	1	2	85
2	psh	f	22	1	circle	green	(533, 540)	low	no	no_dis	N	dif	vert	up	True	642664	644364	up	1	2	86
2	psh	f	22	1	diamond	green	(565, 460)	low	dis	(724, 460)	Y	dif	vert	up	True	645538	647708	up	1	2	87
2	psh	f	22	1	diamond	green	(757, 540)	low	no	no_dis	N	same	hori	left	True	648747	650060	left	1	2	88
2	psh	f	22	1	diamond	green	(645, 428)	low	no	no_dis	N	same	vert	up	True	651075	652884	up	1	2	89
2	psh	f	22	1	circle	red	(724, 619)	low	no	no_dis	N	dif	vert	up	True	654062	656172	up	1	2	90
2	psh	f	22	1	diamond	red	(565, 460)	low	dis	(645, 652)	N	dif	hori	left	True	657266	659708	left	1	2	91
2	psh	f	22	1	diamond	red	(533, 540)	low	dis	(757, 540)	N	dif	vert	up	True	660755	662436	up	1	2	92
2	psh	f	22	1	circle	green	(724, 460)	high	dis	(724, 619)	N	same	hori	left	True	663638	665364	left	1	2	93
2	psh	f	22	1	circle	red	(565, 460)	low	dis	(724, 460)	Y	same	vert	up	True	666545	668260	up	1	2	94
2	psh	f	22	1	circle	red	(757, 540)	low	no	no_dis	N	dif	vert	up	True	669508	671588	up	1	2	95
2	psh	f	22	1	diamond	red	(724, 460)	high	dis	(724, 619)	N	same	vert	up	True	672755	674532	up	1	2	96
2	psh	f	22	1	circle	red	(565, 619)	low	dis	(724, 619)	N	same	hori	left	True	675645	677636	left	1	2	97
2	psh	f	22	1	circle	red	(645, 428)	low	dis	(565, 460)	N	dif	vert	up	True	678686	680308	up	1	2	98
2	psh	f	22	1	diamond	red	(645, 428)	low	no	no_dis	N	same	hori	left	True	681499	683132	left	1	2	99
2	psh	f	22	1	diamond	red	(724, 460)	high	dis	(533, 540)	N	dif	vert	up	True	684137	685309	up	1	2	100
2	psh	f	22	1	circle	green	(533, 540)	low	dis	(565, 619)	N	dif	vert	up	True	686454	687660	left	0	2	101
2	psh	f	22	1	diamond	green	(533, 540)	low	dis	(565, 460)	N	same	vert	up	True	690264	692756	up	1	2	102
2	psh	f	22	1	diamond	green	(724, 619)	low	no	no_dis	N	dif	hori	left	True	693886	695492	left	1	2	103
2	psh	f	22	1	circle	green	(724, 460)	high	no	no_dis	N	dif	hori	left	True	696684	698676	left	1	2	104
2	psh	f	22	1	circle	green	(757, 540)	low	dis	(533, 540)	N	same	vert	up	True	699883	702060	up	1	2	105
2	psh	f	22	1	diamond	red	(533, 540)	low	no	no_dis	N	same	vert	up	True	703087	704660	up	1	2	106
2	psh	f	22	1	circle	red	(645, 652)	low	dis	(565, 619)	N	same	vert	up	True	705801	707229	up	1	2	107
2	psh	f	22	1	diamond	green	(645, 428)	low	no	no_dis	N	same	hori	left	True	708361	709580	left	1	2	108
2	psh	f	22	1	circle	green	(724, 460)	high	dis	(533, 540)	N	same	vert	up	True	710673	712940	up	1	2	109
2	psh	f	22	1	circle	green	(724, 460)	high	dis	(565, 460)	N	same	hori	left	True	714167	715540	left	1	2	110
2	psh	f	22	1	circle	red	(724, 460)	high	dis	(757, 540)	N	same	vert	up	True	716741	718012	up	1	2	111
2	psh	f	22	1	circle	green	(565, 460)	low	dis	(533, 540)	N	same	vert	up	True	719220	721028	up	1	2	112
2	psh	f	22	1	circle	green	(565, 460)	low	no	no_dis	N	dif	hori	left	True	722279	723636	left	1	2	113
2	psh	f	22	1	diamond	green	(565, 460)	low	dis	(724, 460)	Y	same	hori	left	True	724708	726516	left	1	2	114
2	psh	f	22	1	diamond	red	(724, 619)	low	dis	(645, 428)	N	dif	hori	left	True	727641	729659	left	1	2	115
2	psh	f	22	1	diamond	red	(724, 619)	low	dis	(724, 460)	Y	same	hori	left	True	730706	732044	left	1	2	116
2	psh	f	22	1	diamond	red	(565, 619)	low	dis	(565, 460)	N	dif	vert	up	True	733155	734404	up	1	2	117
2	psh	f	22	1	diamond	green	(565, 619)	low	dis	(645, 428)	N	same	vert	up	True	735569	736740	up	1	2	118
2	psh	f	22	1	circle	green	(565, 460)	low	no	no_dis	N	dif	vert	up	True	737855	739340	up	1	2	119
2	psh	f	22	1	circle	red	(724, 619)	low	dis	(757, 540)	N	same	vert	up	True	740476	742636	up	1	2	120
2	psh	f	22	1	circle	green	(565, 460)	low	no	no_dis	N	same	hori	left	True	777721	779492	left	1	3	1
2	psh	f	22	1	diamond	green	(645, 428)	low	no	no_dis	N	dif	hori	left	True	780737	781876	left	1	3	2
2	psh	f	22	1	circle	red	(724, 460)	high	no	no_dis	N	same	hori	left	True	783117	784548	left	1	3	3
2	psh	f	22	1	diamond	red	(565, 619)	low	dis	(724, 460)	Y	dif	hori	left	True	785772	786868	left	1	3	4
2	psh	f	22	1	diamond	red	(565, 619)	low	no	no_dis	N	dif	hori	left	True	788036	788820	left	1	3	5
2	psh	f	22	1	diamond	green	(565, 619)	low	no	no_dis	N	dif	vert	up	True	789842	790875	up	1	3	6
2	psh	f	22	1	circle	green	(533, 540)	low	no	no_dis	N	dif	hori	left	True	791941	793220	left	1	3	7
2	psh	f	22	1	circle	green	(565, 460)	low	dis	(645, 652)	N	dif	vert	up	True	794381	795548	up	1	3	8
2	psh	f	22	1	circle	red	(565, 619)	low	dis	(565, 460)	N	same	vert	up	True	796586	797956	up	1	3	9
2	psh	f	22	1	circle	green	(724, 460)	high	dis	(565, 619)	N	dif	vert	up	True	799068	800772	up	1	3	10
2	psh	f	22	1	diamond	red	(724, 460)	high	no	no_dis	N	dif	hori	left	True	801970	802924	left	1	3	11
2	psh	f	22	1	circle	green	(724, 619)	low	dis	(533, 540)	N	same	hori	left	True	804008	805004	left	1	3	12
2	psh	f	22	1	circle	red	(757, 540)	low	dis	(645, 652)	N	same	hori	left	True	806008	807276	left	1	3	13
2	psh	f	22	1	circle	green	(533, 540)	low	dis	(757, 540)	N	same	hori	left	True	808496	810148	left	1	3	14
2	psh	f	22	1	diamond	green	(533, 540)	low	dis	(565, 619)	N	dif	vert	up	True	811386	812828	up	1	3	15
2	psh	f	22	1	circle	green	(645, 428)	low	dis	(645, 652)	N	dif	vert	up	True	813969	816076	up	1	3	16
2	psh	f	22	1	diamond	red	(645, 652)	low	dis	(757, 540)	N	dif	hori	left	True	817153	818395	left	1	3	17
2	psh	f	22	1	diamond	red	(533, 540)	low	dis	(565, 619)	N	dif	hori	left	True	819484	821292	left	1	3	18
2	psh	f	22	1	diamond	red	(533, 540)	low	dis	(757, 540)	N	dif	hori	left	True	822546	823588	left	1	3	19
2	psh	f	22	1	circle	red	(724, 460)	high	no	no_dis	N	dif	vert	up	True	824696	825939	up	1	3	20
2	psh	f	22	1	circle	green	(645, 652)	low	no	no_dis	N	same	vert	up	True	827098	828291	up	1	3	21
2	psh	f	22	1	circle	green	(724, 460)	high	no	no_dis	N	same	vert	up	True	829396	830779	up	1	3	22
2	psh	f	22	1	diamond	green	(724, 619)	low	dis	(533, 540)	N	dif	hori	left	True	831795	833380	left	1	3	23
2	psh	f	22	1	circle	red	(724, 460)	high	dis	(645, 652)	N	same	hori	left	True	834550	835924	left	1	3	24
2	psh	f	22	1	circle	red	(565, 460)	low	dis	(757, 540)	N	dif	hori	left	True	837019	838403	left	1	3	25
2	psh	f	22	1	circle	green	(724, 460)	high	dis	(724, 619)	N	same	hori	left	True	839551	840963	left	1	3	26
2	psh	f	22	1	circle	red	(645, 428)	low	no	no_dis	N	dif	vert	up	True	842105	843404	up	1	3	27
2	psh	f	22	1	diamond	green	(565, 619)	low	no	no_dis	N	same	vert	up	True	844650	845859	up	1	3	28
2	psh	f	22	1	circle	red	(533, 540)	low	dis	(645, 428)	N	same	vert	up	True	847059	848780	up	1	3	29
2	psh	f	22	1	diamond	green	(645, 652)	low	dis	(724, 619)	N	same	hori	left	True	849813	851156	left	1	3	30
2	psh	f	22	1	diamond	green	(757, 540)	low	no	no_dis	N	same	vert	up	True	852185	853700	up	1	3	31
2	psh	f	22	1	circle	green	(565, 619)	low	dis	(724, 460)	Y	dif	vert	up	True	854753	857548	up	1	3	32
2	psh	f	22	1	diamond	green	(645, 652)	low	dis	(565, 619)	N	dif	hori	left	True	858733	860212	left	1	3	33
2	psh	f	22	1	diamond	green	(757, 540)	low	dis	(724, 460)	Y	dif	hori	left	True	861299	863108	left	1	3	34
2	psh	f	22	1	diamond	red	(757, 540)	low	no	no_dis	N	same	hori	left	True	864348	865444	left	1	3	35
2	psh	f	22	1	circle	green	(533, 540)	low	dis	(645, 652)	N	dif	hori	left	True	866600	868244	left	1	3	36
2	psh	f	22	1	circle	green	(565, 460)	low	dis	(645, 652)	N	same	vert	up	True	869271	870492	up	1	3	37
2	psh	f	22	1	diamond	green	(724, 460)	high	dis	(757, 540)	N	dif	vert	up	True	871666	873044	up	1	3	38
2	psh	f	22	1	circle	green	(724, 619)	low	dis	(724, 460)	Y	same	vert	up	True	874114	876027	up	1	3	39
2	psh	f	22	1	diamond	green	(724, 460)	high	dis	(645, 652)	N	same	vert	up	True	877087	878563	up	1	3	40
2	psh	f	22	1	diamond	red	(724, 460)	high	dis	(565, 619)	N	dif	hori	left	True	879586	880707	left	1	3	41
2	psh	f	22	1	diamond	green	(724, 460)	high	dis	(533, 540)	N	same	hori	left	True	881892	884132	left	1	3	42
2	psh	f	22	1	diamond	red	(565, 460)	low	dis	(724, 619)	N	same	hori	left	True	885229	886572	left	1	3	43
2	psh	f	22	1	diamond	green	(645, 428)	low	dis	(724, 460)	Y	same	vert	up	True	887625	889156	up	1	3	44
2	psh	f	22	1	diamond	green	(645, 428)	low	no	no_dis	N	dif	hori	left	True	890249	891475	left	1	3	45
2	psh	f	22	1	circle	red	(724, 619)	low	no	no_dis	N	same	vert	up	True	892621	894387	up	1	3	46
2	psh	f	22	1	circle	green	(645, 428)	low	dis	(724, 460)	Y	same	hori	left	True	895469	896771	left	1	3	47
2	psh	f	22	1	circle	green	(533, 540)	low	no	no_dis	N	dif	hori	left	True	897871	899403	left	1	3	48
2	psh	f	22	1	circle	red	(724, 460)	high	dis	(724, 619)	N	same	vert	up	True	900537	902283	up	1	3	49
2	psh	f	22	1	circle	green	(645, 652)	low	dis	(565, 460)	N	same	vert	up	True	903519	904948	up	1	3	50
2	psh	f	22	1	diamond	red	(724, 460)	high	dis	(724, 619)	N	dif	vert	up	True	906101	907676	up	1	3	51
2	psh	f	22	1	diamond	red	(645, 652)	low	no	no_dis	N	dif	vert	up	True	908760	910299	up	1	3	52
2	psh	f	22	1	diamond	red	(724, 460)	high	no	no_dis	N	dif	vert	up	True	911429	913100	up	1	3	53
2	psh	f	22	1	diamond	red	(645, 428)	low	no	no_dis	N	same	hori	left	True	914122	915275	left	1	3	54
2	psh	f	22	1	diamond	green	(565, 460)	low	dis	(565, 619)	N	dif	hori	left	True	916398	917764	up	0	3	55
2	psh	f	22	1	circle	green	(757, 540)	low	dis	(645, 428)	N	same	hori	left	True	920458	922659	left	1	3	56
2	psh	f	22	1	circle	red	(724, 460)	high	no	no_dis	N	same	hori	left	True	923816	925340	left	1	3	57
2	psh	f	22	1	diamond	red	(645, 428)	low	dis	(565, 460)	N	same	hori	left	True	926499	928420	left	1	3	58
2	psh	f	22	1	circle	red	(645, 428)	low	dis	(724, 619)	N	same	vert	up	True	929425	931348	up	1	3	59
2	psh	f	22	1	diamond	green	(724, 460)	high	no	no_dis	N	dif	hori	left	True	932593	934195	left	1	3	60
2	psh	f	22	1	circle	red	(724, 460)	high	dis	(724, 619)	N	same	vert	up	True	935347	936851	up	1	3	61
2	psh	f	22	1	diamond	red	(757, 540)	low	dis	(645, 428)	N	same	vert	up	True	938026	939371	up	1	3	62
2	psh	f	22	1	diamond	red	(565, 460)	low	dis	(724, 460)	Y	same	vert	up	True	940610	941923	up	1	3	63
2	psh	f	22	1	diamond	green	(565, 460)	low	dis	(724, 619)	N	dif	hori	left	True	943073	944979	left	1	3	64
2	psh	f	22	1	circle	red	(757, 540)	low	dis	(724, 619)	N	same	hori	left	True	946225	947603	left	1	3	65
2	psh	f	22	1	diamond	green	(724, 619)	low	no	no_dis	N	same	vert	up	True	948658	949843	up	1	3	66
2	psh	f	22	1	circle	red	(724, 619)	low	dis	(565, 619)	N	same	vert	up	True	950919	952219	up	1	3	67
2	psh	f	22	1	diamond	green	(724, 460)	high	dis	(565, 619)	N	same	vert	up	True	953374	954860	up	1	3	68
2	psh	f	22	1	circle	red	(724, 619)	low	dis	(724, 460)	Y	dif	vert	up	True	955931	957516	up	1	3	69
2	psh	f	22	1	circle	green	(724, 460)	high	no	no_dis	N	same	vert	up	True	958682	960275	up	1	3	70
2	psh	f	22	1	diamond	red	(724, 460)	high	no	no_dis	N	same	vert	up	True	961336	963067	up	1	3	71
2	psh	f	22	1	diamond	green	(565, 619)	low	dis	(645, 652)	N	same	hori	left	True	964138	965611	left	1	3	72
2	psh	f	22	1	diamond	green	(724, 460)	high	no	no_dis	N	same	hori	left	True	966851	968003	left	1	3	73
2	psh	f	22	1	circle	red	(645, 428)	low	dis	(757, 540)	N	same	vert	up	True	969063	970548	up	1	3	74
2	psh	f	22	1	diamond	red	(724, 619)	low	dis	(724, 460)	Y	dif	hori	left	True	971651	972884	left	1	3	75
2	psh	f	22	1	circle	red	(565, 460)	low	no	no_dis	N	same	vert	up	True	974114	975204	up	1	3	76
2	psh	f	22	1	circle	red	(645, 652)	low	dis	(757, 540)	N	same	hori	left	True	976388	977651	left	1	3	77
2	psh	f	22	1	diamond	red	(645, 652)	low	dis	(757, 540)	N	same	vert	up	True	978878	980100	up	1	3	78
2	psh	f	22	1	diamond	green	(724, 460)	high	dis	(645, 652)	N	dif	hori	left	True	981160	982355	left	1	3	79
2	psh	f	22	1	circle	green	(724, 460)	high	dis	(757, 540)	N	same	hori	left	True	983594	985379	left	1	3	80
2	psh	f	22	1	diamond	red	(645, 428)	low	dis	(533, 540)	N	same	vert	up	True	986395	987835	up	1	3	81
2	psh	f	22	1	circle	red	(645, 652)	low	dis	(565, 619)	N	dif	vert	up	True	988965	990796	up	1	3	82
2	psh	f	22	1	diamond	red	(565, 460)	low	no	no_dis	N	dif	hori	left	True	992037	993236	left	1	3	83
2	psh	f	22	1	diamond	green	(565, 619)	low	dis	(565, 460)	N	dif	vert	up	True	994387	995732	up	1	3	84
2	psh	f	22	1	circle	red	(645, 652)	low	no	no_dis	N	dif	vert	up	True	996807	998308	up	1	3	85
2	psh	f	22	1	diamond	red	(724, 460)	high	dis	(645, 428)	N	dif	vert	up	True	999380	1000715	up	1	3	86
2	psh	f	22	1	diamond	red	(724, 460)	high	dis	(565, 460)	N	dif	hori	left	True	1001783	1002795	left	1	3	87
2	psh	f	22	1	diamond	green	(724, 619)	low	dis	(533, 540)	N	same	hori	left	True	1004023	1005819	up	0	3	88
2	psh	f	22	1	circle	red	(565, 460)	low	dis	(645, 428)	N	dif	vert	up	True	1008370	1010691	up	1	3	89
2	psh	f	22	1	diamond	red	(565, 460)	low	no	no_dis	N	same	hori	left	True	1011876	1013747	left	1	3	90
2	psh	f	22	1	circle	red	(724, 460)	high	dis	(565, 460)	N	dif	hori	left	True	1014975	1016515	left	1	3	91
2	psh	f	22	1	diamond	green	(645, 428)	low	dis	(565, 619)	N	same	hori	left	True	1017526	1019451	left	1	3	92
2	psh	f	22	1	circle	green	(565, 619)	low	no	no_dis	N	same	hori	left	True	1020668	1022435	left	1	3	93
2	psh	f	22	1	circle	red	(533, 540)	low	no	no_dis	N	dif	vert	up	True	1023497	1025180	up	1	3	94
2	psh	f	22	1	circle	red	(757, 540)	low	no	no_dis	N	dif	vert	up	True	1026326	1027931	up	1	3	95
2	psh	f	22	1	diamond	red	(565, 619)	low	dis	(565, 460)	N	dif	hori	left	True	1029101	1030483	left	1	3	96
2	psh	f	22	1	circle	red	(533, 540)	low	dis	(724, 619)	N	dif	vert	up	True	1031657	1033012	up	1	3	97
2	psh	f	22	1	diamond	green	(724, 460)	high	dis	(565, 460)	N	dif	vert	up	True	1034184	1035475	up	1	3	98
2	psh	f	22	1	circle	red	(565, 619)	low	dis	(533, 540)	N	dif	vert	up	True	1036545	1037947	up	1	3	99
2	psh	f	22	1	diamond	red	(724, 460)	high	dis	(533, 540)	N	same	vert	up	True	1039199	1040484	up	1	3	100
2	psh	f	22	1	diamond	red	(724, 619)	low	dis	(533, 540)	N	dif	vert	up	True	1041647	1043259	up	1	3	101
2	psh	f	22	1	diamond	red	(724, 460)	high	dis	(645, 428)	N	dif	hori	left	True	1044319	1045444	left	1	3	102
2	psh	f	22	1	circle	red	(724, 460)	high	dis	(645, 428)	N	dif	hori	left	True	1046607	1048475	left	1	3	103
2	psh	f	22	1	circle	green	(724, 460)	high	no	no_dis	N	dif	vert	up	True	1049642	1051219	up	1	3	104
2	psh	f	22	1	circle	green	(757, 540)	low	no	no_dis	N	same	hori	left	True	1052411	1053379	left	1	3	105
2	psh	f	22	1	diamond	red	(724, 619)	low	no	no_dis	N	same	hori	left	True	1054394	1055507	left	1	3	106
2	psh	f	22	1	circle	green	(645, 652)	low	dis	(645, 428)	N	same	hori	left	True	1056746	1058571	left	1	3	107
2	psh	f	22	1	diamond	green	(533, 540)	low	dis	(645, 428)	N	dif	vert	up	True	1059621	1061084	up	1	3	108
2	psh	f	22	1	circle	green	(757, 540)	low	dis	(645, 428)	N	dif	vert	up	True	1062220	1063635	up	1	3	109
2	psh	f	22	1	diamond	green	(757, 540)	low	dis	(724, 460)	Y	dif	vert	up	True	1064813	1066188	up	1	3	110
2	psh	f	22	1	circle	green	(565, 619)	low	dis	(565, 460)	N	same	vert	up	True	1067280	1069163	up	1	3	111
2	psh	f	22	1	circle	green	(724, 460)	high	dis	(757, 540)	N	dif	vert	up	True	1070351	1071972	up	1	3	112
2	psh	f	22	1	circle	red	(724, 460)	high	dis	(565, 460)	N	same	vert	up	True	1073121	1074219	up	1	3	113
2	psh	f	22	1	circle	green	(724, 460)	high	dis	(533, 540)	N	same	hori	left	True	1075255	1076579	left	1	3	114
2	psh	f	22	1	diamond	green	(645, 652)	low	no	no_dis	N	dif	hori	left	True	1077630	1079051	left	1	3	115
2	psh	f	22	1	circle	green	(724, 460)	high	dis	(533, 540)	N	same	hori	left	True	1080272	1081939	left	1	3	116
2	psh	f	22	1	circle	green	(724, 619)	low	no	no_dis	N	dif	vert	up	True	1082953	1084075	up	1	3	117
2	psh	f	22	1	diamond	red	(757, 540)	low	dis	(645, 652)	N	dif	hori	left	True	1085171	1086443	left	1	3	118
2	psh	f	22	1	diamond	green	(724, 460)	high	no	no_dis	N	dif	hori	left	True	1087495	1088587	left	1	3	119
2	psh	f	22	1	circle	red	(533, 540)	low	no	no_dis	N	same	vert	up	True	1089834	1091331	up	1	3	120
2	psh	f	22	1	diamond	red	(724, 460)	high	no	no_dis	N	same	vert	up	True	1135566	1137459	up	1	4	1
2	psh	f	22	1	circle	green	(565, 619)	low	dis	(533, 540)	N	same	vert	up	True	1138639	1140363	up	1	4	2
2	psh	f	22	1	circle	green	(645, 652)	low	no	no_dis	N	same	hori	left	True	1141511	1142635	left	1	4	3
2	psh	f	22	1	diamond	red	(645, 428)	low	no	no_dis	N	same	vert	up	True	1143802	1145147	up	1	4	4
2	psh	f	22	1	circle	red	(724, 460)	high	dis	(533, 540)	N	dif	vert	up	True	1146160	1147483	up	1	4	5
2	psh	f	22	1	diamond	red	(724, 460)	high	no	no_dis	N	dif	vert	up	True	1148646	1149699	up	1	4	6
2	psh	f	22	1	circle	red	(757, 540)	low	dis	(565, 460)	N	dif	hori	left	True	1150928	1151963	left	1	4	7
2	psh	f	22	1	diamond	red	(724, 460)	high	dis	(533, 540)	N	same	hori	left	True	1153066	1154155	left	1	4	8
2	psh	f	22	1	diamond	green	(724, 460)	high	dis	(645, 428)	N	dif	hori	left	True	1155168	1156090	left	1	4	9
2	psh	f	22	1	diamond	green	(533, 540)	low	dis	(757, 540)	N	same	hori	left	True	1157110	1158355	left	1	4	10
2	psh	f	22	1	diamond	red	(724, 460)	high	dis	(565, 619)	N	dif	hori	left	True	1159489	1160659	left	1	4	11
2	psh	f	22	1	diamond	green	(724, 460)	high	dis	(645, 652)	N	same	hori	left	True	1161687	1163019	left	1	4	12
2	psh	f	22	1	diamond	red	(645, 652)	low	dis	(565, 460)	N	dif	vert	up	True	1164129	1165651	up	1	4	13
2	psh	f	22	1	circle	red	(724, 460)	high	no	no_dis	N	dif	hori	left	True	1166894	1168323	left	1	4	14
2	psh	f	22	1	circle	green	(724, 460)	high	no	no_dis	N	dif	hori	left	True	1169507	1171115	left	1	4	15
2	psh	f	22	1	diamond	green	(565, 460)	low	dis	(724, 460)	Y	dif	hori	left	True	1172285	1173619	left	1	4	16
2	psh	f	22	1	circle	red	(757, 540)	low	dis	(724, 460)	Y	dif	vert	up	True	1174650	1176251	up	1	4	17
2	psh	f	22	1	diamond	green	(645, 428)	low	dis	(565, 619)	N	same	hori	left	True	1177482	1178683	left	1	4	18
2	psh	f	22	1	circle	green	(724, 619)	low	dis	(565, 619)	N	dif	vert	up	True	1179698	1180915	up	1	4	19
2	psh	f	22	1	diamond	green	(724, 460)	high	dis	(757, 540)	N	same	vert	up	True	1182035	1183490	up	1	4	20
2	psh	f	22	1	diamond	green	(757, 540)	low	dis	(645, 652)	N	same	hori	left	True	1184512	1185619	left	1	4	21
2	psh	f	22	1	circle	red	(645, 652)	low	dis	(757, 540)	N	same	hori	left	True	1186639	1188331	left	1	4	22
2	psh	f	22	1	diamond	red	(565, 619)	low	no	no_dis	N	dif	hori	left	True	1189490	1190819	left	1	4	23
2	psh	f	22	1	diamond	red	(724, 619)	low	dis	(724, 460)	Y	same	vert	up	True	1191901	1193395	up	1	4	24
2	psh	f	22	1	circle	red	(724, 460)	high	no	no_dis	N	same	vert	up	True	1194485	1196227	up	1	4	25
2	psh	f	22	1	diamond	red	(565, 619)	low	dis	(533, 540)	N	same	hori	left	True	1197290	1198891	left	1	4	26
2	psh	f	22	1	circle	red	(565, 619)	low	dis	(565, 460)	N	same	hori	left	True	1199896	1201611	left	1	4	27
2	psh	f	22	1	circle	green	(533, 540)	low	no	no_dis	N	same	vert	up	True	1202710	1204827	left	0	4	28
2	psh	f	22	1	diamond	green	(724, 460)	high	no	no_dis	N	dif	vert	up	True	1207591	1209371	up	1	4	29
2	psh	f	22	1	diamond	green	(565, 619)	low	no	no_dis	N	dif	hori	left	True	1210512	1211779	left	1	4	30
2	psh	f	22	1	diamond	green	(565, 619)	low	dis	(724, 460)	Y	same	vert	up	True	1212844	1214443	up	1	4	31
2	psh	f	22	1	diamond	green	(724, 460)	high	dis	(645, 428)	N	same	vert	up	True	1215555	1217003	up	1	4	32
2	psh	f	22	1	diamond	red	(645, 428)	low	dis	(724, 460)	Y	dif	vert	up	True	1218188	1219787	up	1	4	33
2	psh	f	22	1	diamond	green	(757, 540)	low	no	no_dis	N	same	hori	left	True	1220990	1222027	left	1	4	34
2	psh	f	22	1	diamond	red	(645, 652)	low	dis	(645, 428)	N	dif	hori	left	True	1223148	1224411	left	1	4	35
2	psh	f	22	1	circle	red	(724, 619)	low	no	no_dis	N	same	hori	left	True	1225623	1227643	left	1	4	36
2	psh	f	22	1	circle	green	(645, 428)	low	dis	(724, 460)	Y	dif	vert	up	True	1228885	1230146	up	1	4	37
2	psh	f	22	1	circle	green	(645, 652)	low	dis	(757, 540)	N	dif	vert	up	True	1231196	1233219	up	1	4	38
2	psh	f	22	1	circle	red	(645, 428)	low	dis	(757, 540)	N	same	vert	up	True	1234341	1235891	up	1	4	39
2	psh	f	22	1	diamond	red	(533, 540)	low	no	no_dis	N	same	vert	up	True	1237129	1238667	up	1	4	40
2	psh	f	22	1	diamond	green	(645, 652)	low	no	no_dis	N	dif	vert	up	True	1239692	1241171	up	1	4	41
2	psh	f	22	1	circle	red	(724, 460)	high	no	no_dis	N	dif	hori	left	True	1242347	1243531	left	1	4	42
2	psh	f	22	1	circle	green	(757, 540)	low	no	no_dis	N	dif	vert	up	True	1244629	1245891	up	1	4	43
2	psh	f	22	1	diamond	red	(757, 540)	low	dis	(645, 428)	N	dif	hori	left	True	1247134	1248515	left	1	4	44
2	psh	f	22	1	circle	green	(724, 460)	high	dis	(645, 652)	N	same	hori	left	True	1249633	1250850	left	1	4	45
2	psh	f	22	1	circle	red	(645, 428)	low	no	no_dis	N	same	hori	left	True	1251960	1253483	left	1	4	46
2	psh	f	22	1	circle	green	(565, 619)	low	no	no_dis	N	dif	vert	up	True	1254559	1255883	up	1	4	47
2	psh	f	22	1	diamond	green	(724, 619)	low	dis	(724, 460)	Y	same	hori	left	True	1256952	1258243	left	1	4	48
2	psh	f	22	1	diamond	green	(724, 460)	high	no	no_dis	N	same	hori	left	True	1259384	1260619	left	1	4	49
2	psh	f	22	1	diamond	red	(724, 460)	high	dis	(565, 619)	N	same	vert	up	True	1261622	1262826	up	1	4	50
2	psh	f	22	1	circle	green	(533, 540)	low	dis	(565, 619)	N	dif	hori	left	True	1263972	1265394	left	1	4	51
2	psh	f	22	1	circle	red	(645, 428)	low	dis	(757, 540)	N	dif	vert	up	True	1266464	1267675	up	1	4	52
2	psh	f	22	1	diamond	green	(645, 428)	low	dis	(724, 460)	Y	same	vert	up	True	1268768	1270899	up	1	4	53
2	psh	f	22	1	diamond	red	(645, 428)	low	dis	(724, 619)	N	same	vert	up	True	1271938	1273147	up	1	4	54
2	psh	f	22	1	diamond	red	(565, 460)	low	no	no_dis	N	same	vert	up	True	1274230	1275339	up	1	4	55
2	psh	f	22	1	circle	green	(565, 460)	low	dis	(724, 619)	N	dif	hori	left	True	1276425	1277554	left	1	4	56
2	psh	f	22	1	circle	green	(565, 619)	low	dis	(645, 428)	N	same	hori	left	True	1278762	1280075	left	1	4	57
2	psh	f	22	1	circle	red	(565, 460)	low	no	no_dis	N	dif	hori	left	True	1281171	1282674	left	1	4	58
2	psh	f	22	1	circle	green	(724, 619)	low	no	no_dis	N	dif	vert	up	True	1283815	1285115	up	1	4	59
2	psh	f	22	1	diamond	green	(757, 540)	low	dis	(565, 460)	N	dif	hori	left	True	1286141	1287610	left	1	4	60
2	psh	f	22	1	diamond	red	(645, 652)	low	no	no_dis	N	dif	hori	left	True	1288741	1290034	left	1	4	61
2	psh	f	22	1	diamond	green	(565, 460)	low	dis	(645, 428)	N	same	vert	up	True	1291212	1292498	up	1	4	62
2	psh	f	22	1	diamond	green	(724, 619)	low	dis	(757, 540)	N	dif	vert	up	True	1293728	1295467	up	1	4	63
2	psh	f	22	1	diamond	green	(645, 652)	low	no	no_dis	N	dif	hori	left	True	1296696	1297907	left	1	4	64
2	psh	f	22	1	diamond	red	(565, 460)	low	dis	(645, 652)	N	same	hori	left	True	1298939	1300107	left	1	4	65
2	psh	f	22	1	circle	green	(724, 460)	high	dis	(533, 540)	N	dif	hori	left	True	1301346	1302539	up	0	4	66
2	psh	f	22	1	circle	green	(724, 460)	high	no	no_dis	N	same	vert	up	False	1305120	None	None	0	4	67
2	psh	f	22	1	diamond	red	(724, 460)	high	dis	(645, 652)	N	dif	hori	left	True	1310849	1311891	left	1	4	68
2	psh	f	22	1	circle	green	(565, 460)	low	no	no_dis	N	dif	vert	up	True	1313086	1314314	up	1	4	69
2	psh	f	22	1	diamond	red	(724, 460)	high	dis	(724, 619)	N	same	hori	left	True	1315401	1316419	left	1	4	70
2	psh	f	22	1	circle	green	(645, 428)	low	dis	(724, 619)	N	dif	hori	left	True	1317597	1319043	left	1	4	71
2	psh	f	22	1	circle	green	(724, 460)	high	dis	(724, 619)	N	same	vert	up	True	1320168	1321227	up	1	4	72
2	psh	f	22	1	diamond	green	(565, 460)	low	no	no_dis	N	dif	vert	up	True	1322261	1323563	up	1	4	73
2	psh	f	22	1	diamond	red	(724, 619)	low	dis	(565, 460)	N	dif	hori	left	True	1324640	1325506	left	1	4	74
2	psh	f	22	1	circle	red	(724, 460)	high	dis	(645, 652)	N	dif	vert	up	True	1326652	1327779	up	1	4	75
2	psh	f	22	1	diamond	green	(724, 460)	high	dis	(565, 460)	N	same	hori	left	True	1328921	1330331	left	1	4	76
2	psh	f	22	1	circle	green	(533, 540)	low	dis	(645, 652)	N	dif	vert	up	True	1331365	1332411	up	1	4	77
2	psh	f	22	1	circle	green	(757, 540)	low	dis	(645, 652)	N	dif	vert	up	True	1333507	1335363	up	1	4	78
2	psh	f	22	1	circle	red	(724, 460)	high	dis	(724, 619)	N	dif	vert	up	True	1336484	1337683	up	1	4	79
2	psh	f	22	1	circle	red	(645, 652)	low	dis	(533, 540)	N	same	vert	up	True	1338747	1340011	up	1	4	80
2	psh	f	22	1	circle	red	(724, 460)	high	dis	(565, 619)	N	same	hori	left	True	1341017	1342075	left	1	4	81
2	psh	f	22	1	circle	red	(533, 540)	low	no	no_dis	N	same	hori	left	True	1343317	1344523	left	1	4	82
2	psh	f	22	1	circle	red	(724, 460)	high	dis	(565, 460)	N	same	vert	up	True	1345553	1346619	up	1	4	83
2	psh	f	22	1	circle	red	(724, 619)	low	dis	(724, 460)	Y	dif	hori	left	True	1347630	1348899	left	1	4	84
2	psh	f	22	1	diamond	red	(757, 540)	low	dis	(645, 652)	N	dif	hori	left	True	1349926	1351275	left	1	4	85
2	psh	f	22	1	diamond	red	(724, 619)	low	no	no_dis	N	dif	hori	left	True	1352450	1353362	left	1	4	86
2	psh	f	22	1	circle	green	(757, 540)	low	dis	(724, 460)	Y	dif	vert	up	True	1354528	1355818	up	1	4	87
2	psh	f	22	1	circle	red	(565, 460)	low	dis	(533, 540)	N	dif	hori	left	True	1356870	1358746	left	1	4	88
2	psh	f	22	1	circle	green	(724, 460)	high	no	no_dis	N	same	hori	left	True	1359770	1360810	left	1	4	89
2	psh	f	22	1	circle	green	(724, 619)	low	dis	(533, 540)	N	same	hori	left	True	1361905	1363219	left	1	4	90
2	psh	f	22	1	diamond	green	(724, 460)	high	no	no_dis	N	same	hori	left	True	1364431	1365643	left	1	4	91
2	psh	f	22	1	circle	red	(565, 460)	low	dis	(533, 540)	N	same	hori	left	True	1366656	1368523	left	1	4	92
2	psh	f	22	1	diamond	red	(724, 460)	high	no	no_dis	N	dif	vert	up	True	1369674	1370906	up	1	4	93
2	psh	f	22	1	diamond	red	(565, 619)	low	dis	(645, 652)	N	same	hori	left	True	1371960	1373290	left	1	4	94
2	psh	f	22	1	circle	green	(724, 460)	high	dis	(565, 460)	N	dif	hori	left	True	1374437	1375826	left	1	4	95
2	psh	f	22	1	diamond	green	(645, 428)	low	no	no_dis	N	dif	hori	left	True	1376881	1378723	left	1	4	96
2	psh	f	22	1	circle	red	(565, 619)	low	dis	(724, 619)	N	same	vert	up	True	1379947	1381619	up	1	4	97
2	psh	f	22	1	circle	green	(757, 540)	low	no	no_dis	N	same	vert	up	True	1382742	1384138	up	1	4	98
2	psh	f	22	1	diamond	green	(533, 540)	low	dis	(724, 619)	N	dif	vert	up	True	1385344	1386698	up	1	4	99
2	psh	f	22	1	diamond	red	(533, 540)	low	dis	(565, 619)	N	dif	hori	left	True	1387818	1389251	left	1	4	100
2	psh	f	22	1	circle	green	(565, 460)	low	dis	(645, 428)	N	same	vert	up	True	1390285	1391578	up	1	4	101
2	psh	f	22	1	circle	red	(533, 540)	low	dis	(565, 619)	N	dif	vert	up	True	1392745	1393882	up	1	4	102
2	psh	f	22	1	diamond	red	(724, 460)	high	dis	(757, 540)	N	dif	vert	up	True	1395086	1396323	up	1	4	103
2	psh	f	22	1	diamond	green	(724, 619)	low	no	no_dis	N	dif	vert	up	True	1397423	1398971	up	1	4	104
2	psh	f	22	1	circle	green	(724, 460)	high	dis	(757, 540)	N	dif	vert	up	True	1400029	1401563	up	1	4	105
2	psh	f	22	1	circle	red	(533, 540)	low	dis	(757, 540)	N	same	hori	left	True	1402684	1404026	left	1	4	106
2	psh	f	22	1	diamond	red	(533, 540)	low	dis	(724, 619)	N	same	vert	up	True	1405078	1406202	up	1	4	107
2	psh	f	22	1	circle	red	(724, 619)	low	dis	(565, 619)	N	dif	vert	up	True	1407428	1408963	up	1	4	108
2	psh	f	22	1	circle	green	(645, 652)	low	dis	(645, 428)	N	same	hori	left	True	1410009	1411131	left	1	4	109
2	psh	f	22	1	diamond	red	(565, 460)	low	dis	(565, 619)	N	same	vert	up	True	1412375	1413634	up	1	4	110
2	psh	f	22	1	circle	red	(565, 619)	low	no	no_dis	N	same	vert	up	True	1414660	1417106	up	1	4	111
2	psh	f	22	1	circle	red	(757, 540)	low	no	no_dis	N	same	hori	left	True	1418287	1419274	left	1	4	112
2	psh	f	22	1	circle	red	(645, 428)	low	no	no_dis	N	same	hori	left	True	1420486	1421579	left	1	4	113
2	psh	f	22	1	diamond	green	(565, 619)	low	dis	(565, 460)	N	dif	hori	left	True	1422786	1424346	left	1	4	114
2	psh	f	22	1	diamond	green	(645, 652)	low	dis	(724, 619)	N	same	vert	up	True	1425511	1426626	up	1	4	115
2	psh	f	22	1	circle	green	(724, 460)	high	dis	(645, 428)	N	same	vert	up	True	1427708	1429435	up	1	4	116
2	psh	f	22	1	circle	red	(724, 460)	high	dis	(645, 428)	N	dif	hori	left	True	1430684	1431698	left	1	4	117
2	psh	f	22	1	diamond	red	(533, 540)	low	no	no_dis	N	same	vert	up	True	1432875	1433986	up	1	4	118
2	psh	f	22	1	diamond	green	(724, 460)	high	dis	(533, 540)	N	dif	vert	up	True	1435180	1436594	up	1	4	119
2	psh	f	22	1	diamond	green	(645, 652)	low	dis	(565, 460)	N	same	vert	up	True	1437703	1438938	up	1	4	120
2	psh	f	22	1	diamond	red	(724, 619)	low	dis	(757, 540)	N	dif	vert	up	True	1473433	1475275	up	1	5	1
2	psh	f	22	1	circle	green	(724, 619)	low	dis	(757, 540)	N	same	hori	left	True	1476442	1477603	left	1	5	2
2	psh	f	22	1	circle	red	(724, 460)	high	dis	(757, 540)	N	same	vert	up	True	1478673	1479954	up	1	5	3
2	psh	f	22	1	circle	red	(757, 540)	low	dis	(724, 460)	Y	same	hori	left	True	1481204	1482346	left	1	5	4
2	psh	f	22	1	circle	red	(724, 460)	high	no	no_dis	N	same	vert	up	True	1483355	1484394	up	1	5	5
2	psh	f	22	1	diamond	green	(533, 540)	low	dis	(724, 619)	N	dif	vert	up	True	1485644	1487298	up	1	5	6
2	psh	f	22	1	diamond	green	(757, 540)	low	dis	(724, 460)	Y	same	vert	up	True	1488489	1489723	up	1	5	7
2	psh	f	22	1	circle	green	(645, 428)	low	no	no_dis	N	dif	vert	up	True	1490788	1492474	up	1	5	8
2	psh	f	22	1	diamond	green	(565, 460)	low	dis	(533, 540)	N	same	vert	up	True	1493603	1495067	up	1	5	9
2	psh	f	22	1	circle	red	(724, 460)	high	no	no_dis	N	dif	hori	left	True	1496205	1497530	left	1	5	10
2	psh	f	22	1	circle	green	(645, 428)	low	no	no_dis	N	dif	vert	up	True	1498779	1500339	up	1	5	11
2	psh	f	22	1	circle	red	(565, 619)	low	no	no_dis	N	same	hori	left	True	1501412	1502762	left	1	5	12
2	psh	f	22	1	diamond	red	(724, 460)	high	dis	(565, 460)	N	same	hori	left	True	1503911	1505186	left	1	5	13
2	psh	f	22	1	circle	red	(565, 460)	low	dis	(724, 619)	N	same	vert	up	True	1506212	1507378	up	1	5	14
2	psh	f	22	1	diamond	red	(724, 460)	high	dis	(645, 428)	N	dif	hori	left	True	1508517	1509538	left	1	5	15
2	psh	f	22	1	circle	green	(724, 619)	low	dis	(724, 460)	Y	same	hori	left	True	1510584	1511874	left	1	5	16
2	psh	f	22	1	diamond	green	(645, 652)	low	no	no_dis	N	dif	hori	left	True	1513030	1514266	left	1	5	17
2	psh	f	22	1	diamond	red	(645, 652)	low	dis	(565, 619)	N	dif	hori	left	True	1515292	1516802	left	1	5	18
2	psh	f	22	1	circle	red	(724, 460)	high	dis	(533, 540)	N	dif	vert	up	True	1518016	1519306	up	1	5	19
2	psh	f	22	1	circle	red	(645, 652)	low	dis	(724, 460)	Y	dif	vert	up	True	1520430	1521674	up	1	5	20
2	psh	f	22	1	diamond	red	(565, 619)	low	no	no_dis	N	dif	hori	left	True	1522927	1524179	left	1	5	21
2	psh	f	22	1	diamond	green	(533, 540)	low	dis	(724, 460)	Y	dif	hori	left	True	1525323	1527187	left	1	5	22
2	psh	f	22	1	circle	red	(645, 652)	low	no	no_dis	N	same	vert	up	True	1528435	1529754	up	1	5	23
2	psh	f	22	1	diamond	red	(724, 460)	high	dis	(565, 619)	N	same	vert	up	True	1530935	1532594	up	1	5	24
2	psh	f	22	1	diamond	green	(724, 460)	high	dis	(724, 619)	N	dif	hori	left	True	1533598	1535042	left	1	5	25
2	psh	f	22	1	diamond	green	(724, 460)	high	dis	(565, 619)	N	dif	vert	up	True	1536205	1537362	up	1	5	26
2	psh	f	22	1	diamond	green	(757, 540)	low	no	no_dis	N	dif	vert	up	True	1538422	1539795	up	1	5	27
2	psh	f	22	1	diamond	green	(645, 428)	low	no	no_dis	N	same	vert	up	True	1540943	1541978	up	1	5	28
2	psh	f	22	1	diamond	red	(724, 619)	low	no	no_dis	N	same	hori	left	True	1543222	1544338	left	1	5	29
2	psh	f	22	1	circle	green	(724, 460)	high	dis	(565, 460)	N	dif	vert	up	True	1545485	1547370	up	1	5	30
2	psh	f	22	1	diamond	red	(565, 460)	low	no	no_dis	N	dif	hori	left	True	1548579	1549818	left	1	5	31
2	psh	f	22	1	diamond	red	(724, 619)	low	dis	(645, 428)	N	dif	vert	up	True	1551004	1551986	up	1	5	32
2	psh	f	22	1	diamond	green	(565, 619)	low	no	no_dis	N	same	vert	up	True	1553129	1554554	up	1	5	33
2	psh	f	22	1	circle	red	(533, 540)	low	dis	(724, 619)	N	same	vert	up	True	1555577	1557026	up	1	5	34
2	psh	f	22	1	circle	green	(757, 540)	low	no	no_dis	N	same	vert	up	True	1558235	1559370	up	1	5	35
2	psh	f	22	1	circle	green	(533, 540)	low	dis	(645, 652)	N	dif	hori	left	True	1560554	1561546	left	1	5	36
2	psh	f	22	1	diamond	green	(724, 619)	low	no	no_dis	N	same	hori	left	True	1562705	1563706	left	1	5	37
2	psh	f	22	1	diamond	red	(757, 540)	low	dis	(724, 460)	Y	same	vert	up	True	1564886	1566282	up	1	5	38
2	psh	f	22	1	circle	red	(645, 428)	low	dis	(565, 619)	N	dif	vert	up	True	1567357	1568882	up	1	5	39
2	psh	f	22	1	circle	red	(724, 460)	high	dis	(533, 540)	N	same	vert	up	True	1570052	1571130	up	1	5	40
2	psh	f	22	1	circle	red	(533, 540)	low	no	no_dis	N	same	hori	left	True	1572252	1573474	left	1	5	41
2	psh	f	22	1	diamond	red	(724, 460)	high	no	no_dis	N	dif	hori	left	True	1574515	1575603	left	1	5	42
2	psh	f	22	1	circle	green	(724, 460)	high	dis	(645, 652)	N	dif	hori	left	True	1576705	1577787	up	0	5	43
2	psh	f	22	1	diamond	green	(757, 540)	low	dis	(565, 619)	N	same	vert	up	True	1580423	1581954	up	1	5	44
2	psh	f	22	1	circle	green	(645, 428)	low	dis	(757, 540)	N	dif	hori	left	True	1583039	1584642	left	1	5	45
2	psh	f	22	1	circle	red	(565, 619)	low	dis	(724, 460)	Y	dif	vert	up	True	1585847	1587074	up	1	5	46
2	psh	f	22	1	diamond	green	(645, 428)	low	dis	(533, 540)	N	dif	hori	left	True	1588115	1589282	left	1	5	47
2	psh	f	22	1	diamond	green	(724, 460)	high	dis	(645, 428)	N	same	vert	up	True	1590461	1591562	up	1	5	48
2	psh	f	22	1	circle	red	(645, 428)	low	dis	(645, 652)	N	dif	vert	up	True	1592594	1594554	up	1	5	49
2	psh	f	22	1	circle	red	(645, 652)	low	no	no_dis	N	dif	hori	left	True	1595753	1596706	left	1	5	50
2	psh	f	22	1	circle	red	(645, 652)	low	dis	(724, 619)	N	dif	vert	up	True	1597750	1598978	up	1	5	51
2	psh	f	22	1	diamond	green	(565, 619)	low	dis	(645, 652)	N	dif	hori	left	True	1600141	1601579	left	1	5	52
2	psh	f	22	1	circle	green	(533, 540)	low	no	no_dis	N	same	hori	left	True	1602658	1604314	left	1	5	53
2	psh	f	22	1	circle	red	(724, 460)	high	no	no_dis	N	dif	vert	up	True	1605373	1606554	up	1	5	54
2	psh	f	22	1	circle	red	(724, 460)	high	dis	(724, 619)	N	dif	hori	left	True	1607676	1609346	left	1	5	55
2	psh	f	22	1	circle	green	(757, 540)	low	dis	(565, 619)	N	same	hori	left	True	1610442	1612138	left	1	5	56
2	psh	f	22	1	diamond	red	(533, 540)	low	dis	(565, 460)	N	same	hori	left	True	1613391	1616362	left	1	5	57
2	psh	f	22	1	circle	green	(724, 460)	high	dis	(645, 428)	N	same	hori	left	True	1617374	1618970	left	1	5	58
2	psh	f	22	1	circle	green	(533, 540)	low	no	no_dis	N	dif	hori	left	True	1620200	1621554	left	1	5	59
2	psh	f	22	1	diamond	green	(645, 652)	low	dis	(757, 540)	N	same	vert	up	True	1622637	1623970	up	1	5	60
2	psh	f	22	1	circle	red	(724, 619)	low	dis	(645, 652)	N	same	hori	left	True	1625184	1627034	left	1	5	61
2	psh	f	22	1	circle	green	(645, 652)	low	dis	(565, 619)	N	same	vert	up	True	1628173	1629537	up	1	5	62
2	psh	f	22	1	circle	green	(724, 460)	high	dis	(645, 652)	N	dif	hori	left	True	1630692	1631969	left	1	5	63
2	psh	f	22	1	diamond	green	(724, 460)	high	dis	(757, 540)	N	same	hori	left	True	1633083	1634162	left	1	5	64
2	psh	f	22	1	diamond	red	(565, 619)	low	dis	(645, 428)	N	dif	hori	left	True	1635278	1636378	left	1	5	65
2	psh	f	22	1	circle	red	(533, 540)	low	dis	(565, 619)	N	dif	vert	up	True	1637465	1638970	up	1	5	66
2	psh	f	22	1	diamond	red	(645, 428)	low	dis	(565, 460)	N	dif	hori	left	True	1640024	1641202	left	1	5	67
2	psh	f	22	1	diamond	red	(565, 460)	low	dis	(645, 428)	N	dif	vert	up	True	1642223	1643546	up	1	5	68
2	psh	f	22	1	diamond	red	(533, 540)	low	dis	(757, 540)	N	same	hori	left	True	1644574	1645938	left	1	5	69
2	psh	f	22	1	diamond	green	(724, 619)	low	no	no_dis	N	dif	hori	left	True	1646986	1648089	left	1	5	70
2	psh	f	22	1	diamond	green	(724, 619)	low	dis	(757, 540)	N	dif	hori	left	True	1649130	1650306	left	1	5	71
2	psh	f	22	1	circle	red	(724, 460)	high	dis	(757, 540)	N	dif	vert	up	True	1651420	1652682	up	1	5	72
2	psh	f	22	1	circle	green	(724, 460)	high	no	no_dis	N	same	hori	left	True	1653697	1654746	left	1	5	73
2	psh	f	22	1	diamond	green	(724, 460)	high	dis	(724, 619)	N	same	vert	up	True	1655831	1656970	up	1	5	74
2	psh	f	22	1	diamond	green	(565, 460)	low	dis	(724, 619)	N	dif	vert	up	True	1658191	1659298	up	1	5	75
2	psh	f	22	1	circle	red	(724, 619)	low	no	no_dis	N	same	hori	left	True	1660453	1661850	left	1	5	76
2	psh	f	22	1	diamond	green	(645, 652)	low	dis	(645, 428)	N	same	vert	up	True	1663027	1664130	up	1	5	77
2	psh	f	22	1	circle	red	(565, 619)	low	dis	(645, 428)	N	same	vert	up	True	1665147	1666762	up	1	5	78
2	psh	f	22	1	circle	green	(645, 652)	low	dis	(565, 460)	N	same	hori	left	True	1667931	1669121	left	1	5	79
2	psh	f	22	1	circle	red	(757, 540)	low	dis	(565, 619)	N	dif	vert	up	True	1670371	1671682	up	1	5	80
2	psh	f	22	1	diamond	red	(724, 460)	high	dis	(645, 428)	N	same	hori	left	True	1672903	1674482	left	1	5	81
2	psh	f	22	1	diamond	red	(645, 652)	low	dis	(645, 428)	N	same	hori	left	True	1675678	1677122	left	1	5	82
2	psh	f	22	1	diamond	green	(724, 619)	low	dis	(724, 460)	Y	same	vert	up	True	1678142	1679697	up	1	5	83
2	psh	f	22	1	circle	green	(565, 619)	low	dis	(565, 460)	N	same	vert	up	True	1680851	1682250	up	1	5	84
2	psh	f	22	1	circle	green	(645, 652)	low	no	no_dis	N	same	vert	up	True	1683267	1684538	up	1	5	85
2	psh	f	22	1	diamond	green	(724, 460)	high	no	no_dis	N	dif	hori	left	True	1685597	1686810	left	1	5	86
2	psh	f	22	1	diamond	green	(565, 619)	low	dis	(724, 460)	Y	same	vert	up	True	1687896	1689161	up	1	5	87
2	psh	f	22	1	diamond	red	(724, 460)	high	no	no_dis	N	same	vert	up	True	1690253	1691322	up	1	5	88
2	psh	f	22	1	diamond	green	(724, 460)	high	no	no_dis	N	same	hori	left	True	1692490	1693458	left	1	5	89
2	psh	f	22	1	circle	green	(565, 460)	low	dis	(645, 652)	N	same	hori	left	True	1694521	1695850	left	1	5	90
2	psh	f	22	1	diamond	red	(724, 460)	high	no	no_dis	N	same	vert	up	True	1696962	1697906	up	1	5	91
2	psh	f	22	1	diamond	red	(645, 428)	low	no	no_dis	N	same	vert	up	True	1699100	1700385	up	1	5	92
2	psh	f	22	1	diamond	red	(757, 540)	low	no	no_dis	N	dif	vert	up	True	1701397	1702737	up	1	5	93
2	psh	f	22	1	diamond	red	(724, 460)	high	dis	(565, 460)	N	dif	vert	up	True	1703885	1704810	up	1	5	94
2	psh	f	22	1	diamond	green	(724, 460)	high	dis	(533, 540)	N	dif	hori	left	True	1705880	1706770	left	1	5	95
2	psh	f	22	1	circle	red	(724, 460)	high	dis	(724, 619)	N	dif	vert	up	True	1707942	1709722	up	1	5	96
2	psh	f	22	1	diamond	red	(565, 460)	low	no	no_dis	N	dif	hori	left	True	1710814	1712506	left	1	5	97
2	psh	f	22	1	diamond	red	(645, 428)	low	dis	(533, 540)	N	same	hori	left	True	1713512	1714554	left	1	5	98
2	psh	f	22	1	circle	green	(724, 460)	high	no	no_dis	N	dif	vert	up	True	1715649	1716490	up	1	5	99
2	psh	f	22	1	circle	red	(565, 460)	low	no	no_dis	N	dif	vert	up	True	1717568	1719249	up	1	5	100
2	psh	f	22	1	diamond	green	(565, 619)	low	no	no_dis	N	same	vert	up	True	1720266	1722290	up	1	5	101
2	psh	f	22	1	circle	green	(724, 460)	high	no	no_dis	N	dif	vert	up	True	1723341	1724618	left	0	5	102
2	psh	f	22	1	diamond	red	(565, 460)	low	dis	(533, 540)	N	same	hori	left	True	1727285	1729209	left	1	5	103
2	psh	f	22	1	diamond	red	(533, 540)	low	no	no_dis	N	same	hori	left	True	1730421	1731609	left	1	5	104
2	psh	f	22	1	circle	green	(565, 460)	low	no	no_dis	N	dif	vert	up	True	1732666	1733849	up	1	5	105
2	psh	f	22	1	circle	green	(645, 428)	low	dis	(645, 652)	N	dif	hori	left	True	1735023	1736394	left	1	5	106
2	psh	f	22	1	circle	green	(757, 540)	low	dis	(565, 460)	N	same	hori	left	True	1737459	1738625	left	1	5	107
2	psh	f	22	1	diamond	red	(757, 540)	low	dis	(724, 619)	N	dif	hori	left	True	1739836	1741265	left	1	5	108
2	psh	f	22	1	circle	green	(565, 619)	low	dis	(645, 652)	N	dif	hori	left	True	1742413	1744146	left	1	5	109
2	psh	f	22	1	diamond	green	(645, 428)	low	dis	(724, 460)	Y	dif	hori	left	True	1745262	1747146	left	1	5	110
2	psh	f	22	1	diamond	red	(724, 460)	high	dis	(645, 652)	N	same	hori	left	True	1748383	1749618	left	1	5	111
2	psh	f	22	1	diamond	green	(724, 460)	high	no	no_dis	N	same	hori	left	True	1750748	1751922	left	1	5	112
2	psh	f	22	1	circle	red	(724, 619)	low	dis	(533, 540)	N	same	hori	left	True	1752975	1754634	left	1	5	113
2	psh	f	22	1	circle	green	(533, 540)	low	dis	(757, 540)	N	dif	vert	up	True	1755813	1757537	up	1	5	114
2	psh	f	22	1	circle	red	(757, 540)	low	no	no_dis	N	dif	vert	up	True	1758790	1760018	up	1	5	115
2	psh	f	22	1	circle	green	(724, 460)	high	dis	(565, 460)	N	same	hori	left	True	1761067	1762354	left	1	5	116
2	psh	f	22	1	circle	green	(724, 460)	high	dis	(565, 619)	N	same	vert	up	True	1763420	1764634	up	1	5	117
2	psh	f	22	1	circle	green	(565, 460)	low	dis	(533, 540)	N	dif	hori	left	True	1765783	1767026	left	1	5	118
2	psh	f	22	1	diamond	red	(565, 619)	low	dis	(565, 460)	N	same	vert	up	True	1768262	1769729	up	1	5	119
2	psh	f	22	1	circle	red	(565, 460)	low	dis	(533, 540)	N	dif	vert	up	True	1770817	1772250	left	0	5	120
2	psh	f	22	1	diamond	green	(724, 460)	high	dis	(565, 619)	N	dif	vert	up	True	1806966	1808409	up	1	6	1
2	psh	f	22	1	circle	green	(724, 460)	high	no	no_dis	N	dif	hori	left	True	1809489	1811122	left	1	6	2
2	psh	f	22	1	circle	red	(645, 428)	low	dis	(565, 619)	N	dif	hori	left	True	1812349	1813785	left	1	6	3
2	psh	f	22	1	circle	green	(724, 460)	high	dis	(565, 460)	N	dif	hori	left	True	1814878	1815922	left	1	6	4
2	psh	f	22	1	diamond	green	(533, 540)	low	dis	(565, 619)	N	same	hori	left	True	1817152	1818682	left	1	6	5
2	psh	f	22	1	circle	red	(645, 652)	low	no	no_dis	N	same	hori	left	True	1819795	1821002	left	1	6	6
2	psh	f	22	1	diamond	green	(724, 619)	low	dis	(645, 428)	N	same	vert	up	True	1822058	1823378	up	1	6	7
2	psh	f	22	1	circle	red	(724, 619)	low	no	no_dis	N	dif	vert	up	True	1824567	1825793	up	1	6	8
2	psh	f	22	1	diamond	red	(724, 460)	high	dis	(645, 428)	N	same	hori	left	True	1826910	1827809	left	1	6	9
2	psh	f	22	1	circle	green	(565, 460)	low	dis	(724, 460)	Y	dif	hori	left	True	1829002	1830705	left	1	6	10
2	psh	f	22	1	diamond	green	(565, 619)	low	dis	(533, 540)	N	same	vert	up	True	1831811	1833098	up	1	6	11
2	psh	f	22	1	circle	red	(565, 460)	low	dis	(645, 428)	N	same	hori	left	True	1834184	1835386	left	1	6	12
2	psh	f	22	1	circle	green	(645, 652)	low	no	no_dis	N	same	hori	left	True	1836627	1837697	left	1	6	13
2	psh	f	22	1	circle	red	(565, 619)	low	no	no_dis	N	same	hori	left	True	1838860	1840082	left	1	6	14
2	psh	f	22	1	circle	red	(645, 428)	low	dis	(565, 619)	N	dif	vert	up	True	1841188	1842514	up	1	6	15
2	psh	f	22	1	circle	red	(724, 460)	high	no	no_dis	N	dif	vert	up	True	1843705	1845810	up	1	6	16
2	psh	f	22	1	circle	green	(724, 460)	high	dis	(757, 540)	N	same	vert	up	True	1846923	1849442	up	1	6	17
2	psh	f	22	1	diamond	green	(724, 460)	high	dis	(565, 619)	N	dif	vert	up	True	1850630	1852514	up	1	6	18
2	psh	f	22	1	diamond	green	(724, 460)	high	no	no_dis	N	same	hori	left	True	1853628	1854649	left	1	6	19
2	psh	f	22	1	circle	red	(724, 619)	low	dis	(724, 460)	Y	dif	vert	up	True	1855740	1857106	up	1	6	20
2	psh	f	22	1	diamond	red	(645, 652)	low	dis	(565, 460)	N	same	vert	up	True	1858277	1859546	up	1	6	21
2	psh	f	22	1	diamond	red	(645, 428)	low	dis	(757, 540)	N	dif	hori	left	True	1860780	1861841	left	1	6	22
2	psh	f	22	1	circle	red	(565, 460)	low	dis	(724, 619)	N	same	vert	up	True	1863067	1865170	up	1	6	23
2	psh	f	22	1	circle	green	(645, 652)	low	dis	(533, 540)	N	dif	vert	up	True	1866405	1867793	up	1	6	24
2	psh	f	22	1	circle	red	(724, 460)	high	dis	(533, 540)	N	same	hori	left	True	1868861	1870177	left	1	6	25
2	psh	f	22	1	circle	red	(565, 619)	low	dis	(724, 460)	Y	dif	hori	left	True	1871379	1872673	left	1	6	26
2	psh	f	22	1	circle	red	(724, 619)	low	dis	(565, 619)	N	same	hori	left	True	1873888	1875601	left	1	6	27
2	psh	f	22	1	diamond	green	(724, 460)	high	dis	(645, 428)	N	same	vert	up	True	1876657	1877785	up	1	6	28
2	psh	f	22	1	diamond	red	(645, 428)	low	dis	(565, 460)	N	same	hori	left	True	1879002	1880433	left	1	6	29
2	psh	f	22	1	circle	red	(724, 460)	high	dis	(757, 540)	N	same	vert	up	True	1881462	1882769	up	1	6	30
2	psh	f	22	1	circle	red	(645, 652)	low	dis	(724, 460)	Y	dif	hori	left	True	1883919	1885009	left	1	6	31
2	psh	f	22	1	circle	green	(565, 619)	low	dis	(724, 460)	Y	dif	hori	left	True	1886233	1887241	left	1	6	32
2	psh	f	22	1	diamond	green	(645, 428)	low	dis	(565, 619)	N	same	vert	up	True	1888493	1889537	up	1	6	33
2	psh	f	22	1	diamond	red	(645, 428)	low	no	no_dis	N	dif	hori	left	True	1890773	1891721	left	1	6	34
2	psh	f	22	1	diamond	green	(724, 460)	high	dis	(724, 619)	N	dif	hori	left	True	1892886	1894113	left	1	6	35
2	psh	f	22	1	diamond	green	(565, 460)	low	dis	(724, 460)	Y	dif	vert	up	True	1895291	1896473	up	1	6	36
2	psh	f	22	1	circle	red	(533, 540)	low	dis	(645, 652)	N	same	hori	left	True	1897495	1898833	left	1	6	37
2	psh	f	22	1	circle	green	(565, 619)	low	no	no_dis	N	dif	hori	left	True	1900061	1901282	left	1	6	38
2	psh	f	22	1	circle	green	(645, 652)	low	no	no_dis	N	dif	vert	up	True	1902499	1903634	up	1	6	39
2	psh	f	22	1	diamond	red	(724, 460)	high	dis	(724, 619)	N	dif	hori	left	True	1904703	1905801	left	1	6	40
2	psh	f	22	1	diamond	red	(645, 652)	low	dis	(724, 460)	Y	dif	vert	up	True	1906861	1907994	up	1	6	41
2	psh	f	22	1	diamond	red	(724, 619)	low	dis	(645, 428)	N	same	vert	up	True	1909053	1910465	up	1	6	42
2	psh	f	22	1	diamond	green	(645, 652)	low	dis	(724, 619)	N	dif	hori	left	True	1911518	1912562	left	1	6	43
2	psh	f	22	1	diamond	red	(757, 540)	low	dis	(645, 428)	N	same	vert	up	True	1913648	1915442	up	1	6	44
2	psh	f	22	1	circle	red	(645, 652)	low	dis	(724, 619)	N	same	hori	left	True	1916514	1918177	left	1	6	45
2	psh	f	22	1	diamond	red	(565, 460)	low	no	no_dis	N	dif	hori	left	True	1919238	1920857	left	1	6	46
2	psh	f	22	1	diamond	green	(533, 540)	low	dis	(724, 619)	N	same	hori	left	True	1921877	1923186	left	1	6	47
2	psh	f	22	1	diamond	red	(565, 460)	low	dis	(645, 652)	N	dif	vert	up	True	1924413	1925545	up	1	6	48
2	psh	f	22	1	circle	red	(724, 460)	high	dis	(645, 652)	N	same	vert	up	True	1926638	1928082	up	1	6	49
2	psh	f	22	1	diamond	green	(645, 428)	low	dis	(565, 619)	N	same	hori	left	True	1929128	1930521	left	1	6	50
2	psh	f	22	1	diamond	red	(565, 460)	low	no	no_dis	N	same	hori	left	True	1931603	1932801	left	1	6	51
2	psh	f	22	1	diamond	green	(645, 428)	low	no	no_dis	N	dif	vert	up	True	1933849	1934930	up	1	6	52
2	psh	f	22	1	circle	green	(724, 460)	high	dis	(533, 540)	N	same	hori	left	True	1936027	1937154	left	1	6	53
2	psh	f	22	1	diamond	red	(724, 460)	high	dis	(645, 428)	N	dif	vert	up	True	1938290	1939401	up	1	6	54
2	psh	f	22	1	circle	green	(533, 540)	low	no	no_dis	N	same	hori	left	True	1940511	1941657	left	1	6	55
2	psh	f	22	1	diamond	red	(724, 460)	high	dis	(645, 652)	N	dif	vert	up	True	1942854	1943994	up	1	6	56
2	psh	f	22	1	diamond	green	(724, 460)	high	dis	(645, 652)	N	dif	hori	left	True	1945206	1946201	left	1	6	57
2	psh	f	22	1	circle	green	(533, 540)	low	dis	(724, 619)	N	same	vert	up	True	1947396	1948714	up	1	6	58
2	psh	f	22	1	diamond	red	(724, 460)	high	no	no_dis	N	same	vert	up	True	1949846	1951234	up	1	6	59
2	psh	f	22	1	diamond	red	(724, 619)	low	no	no_dis	N	dif	hori	left	True	1952346	1953617	left	1	6	60
2	psh	f	22	1	diamond	red	(533, 540)	low	dis	(645, 652)	N	same	hori	left	True	1954624	1955906	left	1	6	61
2	psh	f	22	1	circle	green	(724, 619)	low	dis	(565, 460)	N	dif	hori	left	True	1957056	1958106	left	1	6	62
2	psh	f	22	1	diamond	green	(724, 460)	high	no	no_dis	N	dif	hori	left	True	1959119	1960129	left	1	6	63
2	psh	f	22	1	circle	red	(724, 460)	high	dis	(757, 540)	N	same	hori	left	True	1961265	1962601	left	1	6	64
2	psh	f	22	1	diamond	green	(565, 460)	low	dis	(757, 540)	N	dif	hori	left	True	1963649	1964841	left	1	6	65
2	psh	f	22	1	diamond	red	(757, 540)	low	dis	(645, 652)	N	dif	vert	up	True	1966082	1967154	up	1	6	66
2	psh	f	22	1	circle	green	(724, 460)	high	no	no_dis	N	same	hori	left	True	1968173	1969289	left	1	6	67
2	psh	f	22	1	circle	green	(645, 428)	low	dis	(757, 540)	N	same	vert	up	True	1970365	1971569	up	1	6	68
2	psh	f	22	1	diamond	green	(757, 540)	low	dis	(565, 619)	N	dif	hori	left	True	1972736	1973817	left	1	6	69
2	psh	f	22	1	circle	red	(533, 540)	low	no	no_dis	N	dif	vert	up	True	1974993	1976057	up	1	6	70
2	psh	f	22	1	diamond	red	(724, 460)	high	dis	(533, 540)	N	dif	hori	left	True	1977193	1978274	left	1	6	71
2	psh	f	22	1	circle	green	(533, 540)	low	no	no_dis	N	dif	vert	up	True	1979311	1980489	up	1	6	72
2	psh	f	22	1	diamond	green	(645, 428)	low	no	no_dis	N	same	vert	up	True	1981643	1982793	up	1	6	73
2	psh	f	22	1	circle	green	(757, 540)	low	dis	(533, 540)	N	same	hori	left	True	1983872	1985065	left	1	6	74
2	psh	f	22	1	diamond	green	(565, 460)	low	no	no_dis	N	dif	hori	left	True	1986145	1987417	left	1	6	75
2	psh	f	22	1	circle	red	(724, 460)	high	no	no_dis	N	same	vert	up	True	1988614	1989753	up	1	6	76
2	psh	f	22	1	diamond	red	(533, 540)	low	no	no_dis	N	same	vert	up	True	1990785	1991818	up	1	6	77
2	psh	f	22	1	circle	green	(533, 540)	low	dis	(724, 460)	Y	dif	vert	up	True	1993014	1994977	up	1	6	78
2	psh	f	22	1	circle	green	(645, 428)	low	dis	(757, 540)	N	same	vert	up	True	1996167	1998354	up	1	6	79
2	psh	f	22	1	circle	green	(724, 460)	high	dis	(724, 619)	N	same	vert	up	True	1999452	2001186	up	1	6	80
2	psh	f	22	1	diamond	green	(724, 619)	low	dis	(533, 540)	N	dif	hori	left	True	2002427	2003817	left	1	6	81
2	psh	f	22	1	diamond	green	(757, 540)	low	no	no_dis	N	same	hori	left	True	2004999	2006433	left	1	6	82
2	psh	f	22	1	diamond	green	(645, 652)	low	dis	(645, 428)	N	same	hori	left	True	2007496	2008905	left	1	6	83
2	psh	f	22	1	diamond	green	(645, 652)	low	no	no_dis	N	dif	vert	up	True	2009908	2011410	up	1	6	84
2	psh	f	22	1	diamond	red	(724, 460)	high	no	no_dis	N	dif	hori	left	True	2012458	2013577	left	1	6	85
2	psh	f	22	1	circle	green	(724, 619)	low	dis	(565, 460)	N	same	hori	left	True	2014695	2015833	left	1	6	86
2	psh	f	22	1	circle	green	(757, 540)	low	dis	(724, 619)	N	same	hori	left	True	2016966	2018417	left	1	6	87
2	psh	f	22	1	diamond	red	(724, 460)	high	no	no_dis	N	same	vert	up	True	2019510	2020625	up	1	6	88
2	psh	f	22	1	circle	green	(645, 652)	low	dis	(565, 460)	N	dif	vert	up	True	2021663	2022881	up	1	6	89
2	psh	f	22	1	diamond	red	(724, 460)	high	dis	(565, 460)	N	dif	hori	left	True	2023903	2025209	left	1	6	90
2	psh	f	22	1	circle	green	(565, 460)	low	dis	(645, 652)	N	dif	hori	left	True	2026457	2028545	left	1	6	91
2	psh	f	22	1	circle	red	(565, 619)	low	dis	(533, 540)	N	same	vert	up	True	2029730	2031337	up	1	6	92
2	psh	f	22	1	circle	red	(565, 619)	low	no	no_dis	N	same	vert	up	True	2032482	2033945	up	1	6	93
2	psh	f	22	1	circle	red	(757, 540)	low	dis	(533, 540)	N	same	hori	left	True	2034975	2037113	left	1	6	94
2	psh	f	22	1	circle	red	(757, 540)	low	dis	(724, 619)	N	dif	vert	up	True	2038275	2040497	up	1	6	95
2	psh	f	22	1	circle	red	(533, 540)	low	dis	(645, 652)	N	dif	vert	up	True	2041608	2043536	up	1	6	96
2	psh	f	22	1	circle	green	(565, 619)	low	dis	(757, 540)	N	same	vert	up	True	2044628	2046089	up	1	6	97
2	psh	f	22	1	circle	green	(724, 460)	high	no	no_dis	N	dif	vert	up	True	2047320	2048497	up	1	6	98
2	psh	f	22	1	diamond	red	(565, 619)	low	dis	(724, 460)	Y	same	vert	up	True	2049601	2050913	up	1	6	99
2	psh	f	22	1	diamond	red	(565, 619)	low	dis	(565, 460)	N	dif	hori	left	True	2052031	2053849	left	1	6	100
2	psh	f	22	1	circle	red	(645, 428)	low	no	no_dis	N	dif	hori	left	True	2054854	2056521	left	1	6	101
2	psh	f	22	1	diamond	green	(724, 460)	high	no	no_dis	N	same	hori	left	True	2057719	2059081	left	1	6	102
2	psh	f	22	1	diamond	green	(724, 619)	low	no	no_dis	N	same	vert	up	True	2060170	2061513	up	1	6	103
2	psh	f	22	1	diamond	red	(757, 540)	low	no	no_dis	N	same	vert	up	True	2062745	2064049	up	1	6	104
2	psh	f	22	1	circle	red	(724, 460)	high	dis	(565, 619)	N	same	hori	left	True	2065286	2066753	left	1	6	105
2	psh	f	22	1	diamond	red	(565, 460)	low	dis	(757, 540)	N	dif	hori	left	True	2067889	2069273	left	1	6	106
2	psh	f	22	1	diamond	green	(724, 460)	high	dis	(757, 540)	N	dif	vert	up	True	2070518	2071585	up	1	6	107
2	psh	f	22	1	circle	green	(724, 460)	high	dis	(645, 428)	N	same	vert	up	True	2072691	2074689	up	1	6	108
2	psh	f	22	1	diamond	green	(565, 619)	low	dis	(533, 540)	N	dif	vert	up	True	2075694	2077417	up	1	6	109
2	psh	f	22	1	circle	green	(724, 619)	low	no	no_dis	N	same	vert	up	True	2078420	2079633	up	1	6	110
2	psh	f	22	1	diamond	red	(565, 619)	low	no	no_dis	N	dif	vert	up	True	2080758	2082433	up	1	6	111
2	psh	f	22	1	circle	green	(724, 460)	high	dis	(645, 652)	N	dif	vert	up	True	2083682	2084993	up	1	6	112
2	psh	f	22	1	circle	red	(757, 540)	low	no	no_dis	N	same	vert	up	True	2086030	2087169	up	1	6	113
2	psh	f	22	1	diamond	green	(757, 540)	low	dis	(565, 460)	N	dif	vert	up	True	2088389	2089728	up	1	6	114
2	psh	f	22	1	circle	red	(724, 460)	high	dis	(565, 460)	N	same	hori	left	True	2090872	2092809	left	1	6	115
2	psh	f	22	1	circle	red	(724, 460)	high	no	no_dis	N	dif	vert	up	True	2093978	2095257	up	1	6	116
2	psh	f	22	1	diamond	red	(533, 540)	low	dis	(724, 460)	Y	same	vert	up	True	2096265	2097752	up	1	6	117
2	psh	f	22	1	diamond	green	(757, 540)	low	no	no_dis	N	dif	hori	left	True	2098973	2100473	left	1	6	118
2	psh	f	22	1	circle	green	(565, 460)	low	no	no_dis	N	same	hori	left	True	2101556	2102977	left	1	6	119
2	psh	f	22	1	diamond	red	(724, 619)	low	dis	(645, 428)	N	dif	vert	up	True	2104056	2105385	up	1	6	120
conf	2	psh	f	22	1	True	2141812	2159145	5	True	2159155	2170904	4
