subj	name	gender	age	prac	shape	color	tar_loc	popularity	dis_cond	dis_loc	dis_high	td_dif	line	respkey	gotkey	startTime	respTime	resp	correct	block	trialnum
4	wjy	f	18	1	diamond	red	(724, 619)	low	dis	(645, 652)	N	same	vert	up	True	12680	14684	up	1	1	1
4	wjy	f	18	1	diamond	green	(645, 652)	low	no	no_dis	N	same	vert	up	True	15877	17469	up	1	1	2
4	wjy	f	18	1	circle	red	(565, 619)	low	dis	(724, 460)	N	same	hori	left	True	18498	19652	left	1	1	3
4	wjy	f	18	1	diamond	green	(565, 460)	high	no	no_dis	N	same	hori	left	True	20817	22140	left	1	1	4
4	wjy	f	18	1	diamond	red	(724, 460)	low	dis	(565, 619)	N	dif	vert	up	True	23333	24333	up	1	1	5
4	wjy	f	18	1	circle	red	(565, 460)	high	dis	(724, 460)	N	same	hori	left	True	25467	26444	left	1	1	6
4	wjy	f	18	1	circle	green	(645, 428)	low	dis	(757, 540)	N	dif	vert	up	True	27559	28828	up	1	1	7
4	wjy	f	18	1	circle	green	(565, 619)	low	no	no_dis	N	same	vert	up	True	29992	31292	up	1	1	8
4	wjy	f	18	1	circle	red	(724, 460)	low	dis	(757, 540)	N	same	vert	up	True	32542	34349	up	1	1	9
4	wjy	f	18	1	circle	green	(724, 619)	low	dis	(533, 540)	N	dif	vert	up	True	35395	36556	up	1	1	10
4	wjy	f	18	1	circle	green	(565, 460)	high	no	no_dis	N	same	vert	up	True	37702	38453	up	1	1	11
4	wjy	f	18	1	circle	green	(565, 460)	high	no	no_dis	N	same	hori	left	True	39692	40381	left	1	1	12
4	wjy	f	18	1	circle	red	(565, 460)	high	no	no_dis	N	same	hori	left	True	41415	42292	left	1	1	13
4	wjy	f	18	1	diamond	red	(645, 428)	low	dis	(565, 460)	Y	dif	vert	up	True	43383	45404	up	1	1	14
4	wjy	f	18	1	diamond	green	(645, 428)	low	dis	(724, 619)	N	dif	hori	left	True	46559	48677	left	1	1	15
4	wjy	f	18	1	diamond	red	(565, 460)	high	dis	(645, 652)	N	dif	vert	up	True	49711	50852	up	1	1	16
4	wjy	f	18	1	diamond	green	(565, 460)	high	no	no_dis	N	dif	vert	up	True	51925	53404	up	1	1	17
4	wjy	f	18	1	circle	red	(533, 540)	low	no	no_dis	N	dif	hori	left	True	54539	55452	left	1	1	18
4	wjy	f	18	1	circle	green	(645, 428)	low	dis	(757, 540)	N	dif	vert	up	True	56643	57885	up	1	1	19
4	wjy	f	18	1	diamond	green	(565, 460)	high	dis	(757, 540)	N	dif	vert	up	True	59079	60397	up	1	1	20
4	wjy	f	18	1	circle	red	(724, 619)	low	dis	(533, 540)	N	same	vert	up	True	61536	62548	up	1	1	21
4	wjy	f	18	1	circle	green	(724, 619)	low	dis	(565, 460)	Y	dif	hori	left	True	63640	64877	left	1	1	22
4	wjy	f	18	1	diamond	red	(565, 619)	low	dis	(533, 540)	N	dif	hori	left	True	66012	67820	left	1	1	23
4	wjy	f	18	1	circle	red	(565, 460)	high	dis	(565, 619)	N	same	hori	left	True	69052	70116	left	1	1	24
4	wjy	f	18	1	diamond	green	(724, 460)	low	no	no_dis	N	dif	hori	left	True	71366	72532	left	1	1	25
4	wjy	f	18	1	diamond	green	(565, 460)	high	dis	(724, 460)	N	same	hori	left	True	73566	75076	left	1	1	26
4	wjy	f	18	1	diamond	red	(724, 460)	low	no	no_dis	N	dif	vert	up	True	76176	77644	up	1	1	27
4	wjy	f	18	1	diamond	green	(565, 619)	low	dis	(565, 460)	Y	same	hori	left	True	78658	79741	left	1	1	28
4	wjy	f	18	1	circle	green	(757, 540)	low	dis	(645, 652)	N	dif	hori	left	True	80876	81909	left	1	1	29
4	wjy	f	18	1	circle	green	(565, 619)	low	no	no_dis	N	same	hori	left	True	82959	84013	left	1	1	30
4	wjy	f	18	1	circle	red	(645, 652)	low	dis	(565, 619)	N	dif	vert	up	True	85225	86340	up	1	1	31
4	wjy	f	18	1	diamond	green	(533, 540)	low	dis	(724, 460)	N	dif	hori	left	True	87565	88820	left	1	1	32
4	wjy	f	18	1	circle	green	(724, 619)	low	no	no_dis	N	same	vert	up	True	90015	91316	up	1	1	33
4	wjy	f	18	1	circle	green	(645, 428)	low	no	no_dis	N	dif	hori	left	True	92508	93676	left	1	1	34
4	wjy	f	18	1	diamond	green	(645, 652)	low	dis	(645, 428)	N	same	vert	up	True	94830	96165	up	1	1	35
4	wjy	f	18	1	diamond	red	(645, 428)	low	no	no_dis	N	dif	hori	left	True	97321	99077	left	1	1	36
4	wjy	f	18	1	circle	green	(724, 460)	low	dis	(645, 428)	N	same	hori	left	True	100132	101693	left	1	1	37
4	wjy	f	18	1	diamond	red	(533, 540)	low	dis	(724, 619)	N	same	hori	left	True	102708	104004	left	1	1	38
4	wjy	f	18	1	circle	red	(645, 428)	low	dis	(533, 540)	N	dif	hori	left	True	105065	106229	left	1	1	39
4	wjy	f	18	1	diamond	red	(533, 540)	low	dis	(724, 619)	N	same	hori	left	True	107279	108204	left	1	1	40
4	wjy	f	18	1	diamond	red	(724, 460)	low	no	no_dis	N	same	hori	left	True	109382	110077	left	1	1	41
4	wjy	f	18	1	circle	red	(757, 540)	low	dis	(645, 652)	N	dif	vert	up	True	111329	112637	up	1	1	42
4	wjy	f	18	1	circle	green	(757, 540)	low	no	no_dis	N	same	hori	left	True	113856	114708	left	1	1	43
4	wjy	f	18	1	diamond	red	(565, 460)	high	dis	(533, 540)	N	dif	hori	left	True	115819	116581	left	1	1	44
4	wjy	f	18	1	circle	red	(724, 619)	low	dis	(757, 540)	N	dif	hori	left	True	117808	118868	left	1	1	45
4	wjy	f	18	1	circle	green	(724, 460)	low	dis	(565, 619)	N	same	vert	up	True	119900	120684	up	1	1	46
4	wjy	f	18	1	circle	red	(565, 460)	high	dis	(533, 540)	N	dif	hori	left	True	121925	123597	left	1	1	47
4	wjy	f	18	1	circle	green	(565, 460)	high	dis	(724, 460)	N	same	vert	up	True	124655	125436	left	0	1	48
4	wjy	f	18	1	circle	red	(645, 652)	low	dis	(533, 540)	N	dif	vert	up	True	128014	128956	up	1	1	49
4	wjy	f	18	1	diamond	red	(565, 619)	low	no	no_dis	N	same	hori	left	True	130117	131909	left	1	1	50
4	wjy	f	18	1	diamond	red	(724, 460)	low	dis	(645, 652)	N	same	vert	up	True	133116	134109	up	1	1	51
4	wjy	f	18	1	circle	red	(565, 460)	high	dis	(757, 540)	N	dif	vert	up	True	135184	136517	up	1	1	52
4	wjy	f	18	1	circle	green	(645, 652)	low	dis	(757, 540)	N	dif	hori	left	True	137723	138820	left	1	1	53
4	wjy	f	18	1	circle	red	(645, 652)	low	no	no_dis	N	dif	hori	left	True	139833	140684	left	1	1	54
4	wjy	f	18	1	circle	red	(757, 540)	low	dis	(645, 428)	N	dif	hori	left	True	141701	142813	left	1	1	55
4	wjy	f	18	1	circle	red	(533, 540)	low	no	no_dis	N	same	vert	up	True	143829	144829	up	1	1	56
4	wjy	f	18	1	diamond	green	(757, 540)	low	dis	(565, 619)	N	same	vert	up	True	145932	147205	up	1	1	57
4	wjy	f	18	1	diamond	green	(724, 619)	low	dis	(645, 428)	N	same	vert	up	True	148271	149509	up	1	1	58
4	wjy	f	18	1	diamond	green	(645, 652)	low	dis	(565, 460)	Y	dif	hori	left	True	150724	151565	left	1	1	59
4	wjy	f	18	1	diamond	green	(565, 460)	high	no	no_dis	N	dif	vert	up	True	152602	153581	up	1	1	60
4	wjy	f	18	1	circle	green	(565, 460)	high	dis	(724, 619)	N	dif	hori	left	True	154792	155645	left	1	1	61
4	wjy	f	18	1	diamond	green	(724, 460)	low	dis	(724, 619)	N	same	vert	up	True	156851	158293	up	1	1	62
4	wjy	f	18	1	diamond	green	(645, 428)	low	no	no_dis	N	dif	vert	up	True	159444	160284	up	1	1	63
4	wjy	f	18	1	diamond	green	(757, 540)	low	dis	(645, 652)	N	same	hori	left	True	161481	162637	left	1	1	64
4	wjy	f	18	1	diamond	green	(724, 460)	low	no	no_dis	N	dif	hori	left	True	163822	164685	left	1	1	65
4	wjy	f	18	1	diamond	green	(724, 460)	low	dis	(533, 540)	N	same	hori	left	True	165840	166525	left	1	1	66
4	wjy	f	18	1	circle	green	(565, 619)	low	dis	(724, 460)	N	same	hori	left	True	167536	168580	left	1	1	67
4	wjy	f	18	1	circle	red	(565, 460)	high	no	no_dis	N	same	vert	up	True	169740	170700	up	1	1	68
4	wjy	f	18	1	diamond	red	(565, 460)	high	no	no_dis	N	dif	hori	left	True	171925	173357	left	1	1	69
4	wjy	f	18	1	diamond	red	(565, 460)	high	dis	(645, 428)	N	dif	vert	up	True	174605	175628	up	1	1	70
4	wjy	f	18	1	circle	green	(565, 460)	high	no	no_dis	N	dif	hori	left	True	176697	177901	left	1	1	71
4	wjy	f	18	1	diamond	red	(757, 540)	low	no	no_dis	N	same	vert	up	True	178943	180092	up	1	1	72
4	wjy	f	18	1	diamond	red	(565, 460)	high	dis	(645, 652)	N	same	hori	left	True	181328	182156	left	1	1	73
4	wjy	f	18	1	circle	green	(565, 460)	high	dis	(645, 428)	N	same	vert	up	True	183385	185244	up	1	1	74
4	wjy	f	18	1	diamond	red	(565, 460)	high	no	no_dis	N	dif	vert	up	True	186421	188332	up	1	1	75
4	wjy	f	18	1	diamond	green	(645, 428)	low	dis	(565, 460)	Y	same	vert	up	True	189381	191093	up	1	1	76
4	wjy	f	18	1	circle	red	(533, 540)	low	dis	(724, 460)	N	same	hori	left	True	192213	193709	left	1	1	77
4	wjy	f	18	1	diamond	green	(565, 460)	high	dis	(645, 428)	N	same	vert	up	True	194725	196076	up	1	1	78
4	wjy	f	18	1	diamond	red	(565, 460)	high	dis	(757, 540)	N	same	vert	up	True	197132	198365	up	1	1	79
4	wjy	f	18	1	diamond	red	(757, 540)	low	dis	(645, 428)	N	dif	vert	up	True	199565	200693	up	1	1	80
4	wjy	f	18	1	circle	green	(565, 460)	high	dis	(724, 619)	N	same	vert	up	True	201819	203012	up	1	1	81
4	wjy	f	18	1	circle	red	(565, 619)	low	dis	(565, 460)	Y	same	hori	left	True	204114	205196	left	1	1	82
4	wjy	f	18	1	circle	red	(533, 540)	low	dis	(724, 460)	N	same	vert	up	True	206259	207285	up	1	1	83
4	wjy	f	18	1	diamond	green	(724, 619)	low	dis	(565, 619)	N	same	vert	up	True	208416	209628	up	1	1	84
4	wjy	f	18	1	circle	green	(533, 540)	low	dis	(565, 460)	Y	dif	vert	up	True	210744	211788	up	1	1	85
4	wjy	f	18	1	circle	red	(724, 619)	low	no	no_dis	N	dif	hori	left	True	212939	213684	left	1	1	86
4	wjy	f	18	1	diamond	red	(565, 460)	high	no	no_dis	N	dif	hori	left	True	214814	215853	left	1	1	87
4	wjy	f	18	1	circle	red	(565, 460)	high	dis	(724, 619)	N	dif	hori	left	True	216993	218405	left	1	1	88
4	wjy	f	18	1	diamond	green	(565, 460)	high	dis	(565, 619)	N	dif	vert	up	True	219557	220589	up	1	1	89
4	wjy	f	18	1	circle	green	(757, 540)	low	dis	(565, 619)	N	same	hori	left	True	221812	222852	left	1	1	90
4	wjy	f	18	1	circle	green	(645, 652)	low	dis	(533, 540)	N	same	hori	left	True	223964	225317	left	1	1	91
4	wjy	f	18	1	diamond	red	(645, 652)	low	no	no_dis	N	dif	vert	up	True	226392	228004	up	1	1	92
4	wjy	f	18	1	diamond	red	(645, 652)	low	dis	(645, 428)	N	dif	hori	left	True	229048	230284	left	1	1	93
4	wjy	f	18	1	circle	green	(724, 619)	low	no	no_dis	N	dif	vert	up	True	231350	232805	up	1	1	94
4	wjy	f	18	1	circle	red	(757, 540)	low	no	no_dis	N	same	hori	left	True	233809	234813	left	1	1	95
4	wjy	f	18	1	diamond	green	(565, 619)	low	dis	(724, 460)	N	dif	vert	up	True	236048	237140	up	1	1	96
4	wjy	f	18	1	diamond	green	(533, 540)	low	dis	(757, 540)	N	dif	hori	left	True	238206	239269	left	1	1	97
4	wjy	f	18	1	diamond	green	(645, 428)	low	no	no_dis	N	same	hori	left	True	240489	241524	left	1	1	98
4	wjy	f	18	1	diamond	green	(724, 619)	low	no	no_dis	N	dif	vert	up	True	242615	243453	up	1	1	99
4	wjy	f	18	1	circle	green	(565, 619)	low	dis	(645, 652)	N	same	hori	left	True	244635	245740	left	1	1	100
4	wjy	f	18	1	circle	green	(533, 540)	low	dis	(724, 619)	N	dif	hori	left	True	246753	247612	left	1	1	101
4	wjy	f	18	1	circle	red	(724, 460)	low	dis	(645, 428)	N	same	vert	up	True	248800	249844	up	1	1	102
4	wjy	f	18	1	diamond	red	(533, 540)	low	no	no_dis	N	dif	vert	up	True	250963	251909	up	1	1	103
4	wjy	f	18	1	circle	red	(565, 619)	low	no	no_dis	N	same	vert	up	True	252912	253693	up	1	1	104
4	wjy	f	18	1	circle	red	(565, 460)	high	no	no_dis	N	same	vert	up	True	254873	255732	left	0	1	105
4	wjy	f	18	1	diamond	green	(533, 540)	low	no	no_dis	N	same	hori	left	True	258320	259436	left	1	1	106
4	wjy	f	18	1	circle	green	(757, 540)	low	no	no_dis	N	dif	vert	up	True	260672	261812	up	1	1	107
4	wjy	f	18	1	diamond	red	(724, 619)	low	dis	(565, 460)	Y	same	hori	left	True	263035	264245	left	1	1	108
4	wjy	f	18	1	circle	red	(645, 428)	low	dis	(565, 460)	Y	dif	hori	left	True	265266	266437	up	0	1	109
4	wjy	f	18	1	circle	green	(565, 460)	high	dis	(533, 540)	N	same	hori	left	True	269010	271101	left	1	1	110
4	wjy	f	18	1	diamond	red	(645, 428)	low	dis	(645, 652)	N	dif	vert	up	True	272114	273828	up	1	1	111
4	wjy	f	18	1	circle	green	(565, 460)	high	dis	(645, 652)	N	dif	hori	left	True	274879	275916	left	1	1	112
4	wjy	f	18	1	diamond	red	(757, 540)	low	dis	(565, 460)	Y	same	vert	up	True	277170	278412	up	1	1	113
4	wjy	f	18	1	diamond	red	(565, 460)	high	dis	(565, 619)	N	same	hori	left	True	279634	280581	left	1	1	114
4	wjy	f	18	1	circle	red	(645, 652)	low	no	no_dis	N	same	vert	up	True	281641	282933	up	1	1	115
4	wjy	f	18	1	diamond	red	(645, 652)	low	dis	(757, 540)	N	dif	vert	up	True	284060	285245	up	1	1	116
4	wjy	f	18	1	circle	red	(565, 460)	high	dis	(565, 619)	N	dif	vert	up	True	286423	287436	up	1	1	117
4	wjy	f	18	1	diamond	red	(565, 619)	low	dis	(724, 619)	N	dif	vert	up	True	288576	289908	up	1	1	118
4	wjy	f	18	1	diamond	green	(565, 460)	high	dis	(724, 460)	N	dif	hori	left	True	291028	291900	left	1	1	119
4	wjy	f	18	1	diamond	green	(565, 460)	high	dis	(724, 619)	N	same	vert	up	True	293081	293885	up	1	1	120
4	wjy	f	18	1	circle	green	(724, 619)	low	no	no_dis	N	same	vert	up	True	328764	330189	up	1	2	1
4	wjy	f	18	1	circle	green	(565, 460)	high	no	no_dis	N	dif	vert	up	True	331232	332197	up	1	2	2
4	wjy	f	18	1	circle	green	(565, 619)	low	dis	(724, 619)	N	same	vert	up	True	333320	335132	up	1	2	3
4	wjy	f	18	1	circle	red	(533, 540)	low	dis	(565, 619)	N	same	vert	up	True	336319	337356	up	1	2	4
4	wjy	f	18	1	circle	red	(724, 460)	low	dis	(565, 460)	Y	same	hori	left	True	338435	339300	left	1	2	5
4	wjy	f	18	1	diamond	green	(645, 652)	low	dis	(757, 540)	N	dif	vert	up	True	340444	342053	up	1	2	6
4	wjy	f	18	1	circle	red	(645, 652)	low	dis	(565, 460)	Y	same	hori	left	True	343223	344157	left	1	2	7
4	wjy	f	18	1	diamond	green	(565, 460)	high	dis	(757, 540)	N	same	vert	up	True	345283	346476	up	1	2	8
4	wjy	f	18	1	diamond	red	(565, 460)	high	dis	(533, 540)	N	dif	hori	left	True	347677	349516	left	1	2	9
4	wjy	f	18	1	circle	green	(533, 540)	low	no	no_dis	N	same	vert	up	True	350661	351596	up	1	2	10
4	wjy	f	18	1	circle	green	(533, 540)	low	no	no_dis	N	same	hori	left	True	352826	353741	left	1	2	11
4	wjy	f	18	1	diamond	red	(565, 460)	high	no	no_dis	N	same	vert	up	True	354894	357093	up	1	2	12
4	wjy	f	18	1	diamond	green	(565, 460)	high	no	no_dis	N	dif	vert	up	True	358247	359468	up	1	2	13
4	wjy	f	18	1	diamond	red	(724, 619)	low	dis	(724, 460)	N	dif	vert	up	True	360653	361884	up	1	2	14
4	wjy	f	18	1	diamond	green	(565, 460)	high	dis	(724, 619)	N	same	vert	up	True	363129	364372	up	1	2	15
4	wjy	f	18	1	diamond	red	(645, 428)	low	no	no_dis	N	same	hori	left	True	365572	367229	left	1	2	16
4	wjy	f	18	1	circle	red	(533, 540)	low	no	no_dis	N	dif	vert	up	True	368440	369620	up	1	2	17
4	wjy	f	18	1	diamond	red	(565, 460)	high	no	no_dis	N	dif	vert	up	True	370762	371596	up	1	2	18
4	wjy	f	18	1	diamond	red	(645, 428)	low	dis	(724, 619)	N	same	hori	left	True	372792	373781	left	1	2	19
4	wjy	f	18	1	diamond	green	(533, 540)	low	dis	(724, 460)	N	dif	hori	left	True	374937	375829	left	1	2	20
4	wjy	f	18	1	diamond	green	(565, 619)	low	dis	(757, 540)	N	dif	vert	up	True	376898	377741	up	1	2	21
4	wjy	f	18	1	circle	red	(645, 652)	low	no	no_dis	N	dif	vert	up	True	378934	379892	up	1	2	22
4	wjy	f	18	1	diamond	green	(724, 619)	low	dis	(757, 540)	N	same	vert	up	True	381021	381909	up	1	2	23
4	wjy	f	18	1	diamond	red	(645, 652)	low	dis	(724, 460)	N	dif	hori	left	True	383155	384237	left	1	2	24
4	wjy	f	18	1	circle	green	(724, 460)	low	dis	(724, 619)	N	dif	vert	up	True	385264	386252	up	1	2	25
4	wjy	f	18	1	circle	green	(565, 619)	low	no	no_dis	N	dif	hori	left	True	387293	388444	left	1	2	26
4	wjy	f	18	1	circle	green	(533, 540)	low	dis	(565, 619)	N	dif	vert	up	True	389605	390620	up	1	2	27
4	wjy	f	18	1	diamond	green	(565, 460)	high	dis	(724, 460)	N	dif	hori	left	True	391767	392765	left	1	2	28
4	wjy	f	18	1	diamond	red	(565, 619)	low	dis	(645, 428)	N	dif	hori	left	True	393815	394684	left	1	2	29
4	wjy	f	18	1	circle	green	(565, 460)	high	dis	(645, 652)	N	same	hori	left	True	395786	396740	left	1	2	30
4	wjy	f	18	1	circle	red	(757, 540)	low	dis	(645, 652)	N	same	hori	left	True	397863	398645	left	1	2	31
4	wjy	f	18	1	diamond	green	(724, 619)	low	dis	(565, 460)	Y	same	hori	left	True	399653	400804	left	1	2	32
4	wjy	f	18	1	diamond	green	(645, 428)	low	dis	(565, 460)	Y	same	hori	left	True	401959	403188	left	1	2	33
4	wjy	f	18	1	circle	green	(565, 460)	high	no	no_dis	N	same	hori	left	True	404376	405604	left	1	2	34
4	wjy	f	18	1	circle	green	(724, 460)	low	dis	(565, 619)	N	same	hori	left	True	406627	407532	left	1	2	35
4	wjy	f	18	1	circle	red	(724, 460)	low	no	no_dis	N	dif	hori	left	True	408733	409669	left	1	2	36
4	wjy	f	18	1	circle	red	(724, 619)	low	no	no_dis	N	same	vert	up	True	410783	411692	up	1	2	37
4	wjy	f	18	1	circle	green	(645, 428)	low	dis	(645, 652)	N	same	vert	up	True	412711	413932	up	1	2	38
4	wjy	f	18	1	diamond	green	(565, 460)	high	dis	(645, 428)	N	same	hori	left	True	415140	416548	left	1	2	39
4	wjy	f	18	1	diamond	green	(645, 652)	low	dis	(757, 540)	N	dif	vert	up	True	417694	419028	up	1	2	40
4	wjy	f	18	1	diamond	green	(757, 540)	low	no	no_dis	N	dif	hori	left	True	420210	421740	left	1	2	41
4	wjy	f	18	1	diamond	red	(565, 460)	high	no	no_dis	N	dif	hori	left	True	422779	423957	left	1	2	42
4	wjy	f	18	1	circle	green	(565, 460)	high	dis	(757, 540)	N	same	vert	up	True	425079	426396	up	1	2	43
4	wjy	f	18	1	diamond	green	(757, 540)	low	dis	(565, 460)	Y	same	vert	up	True	427408	428668	up	1	2	44
4	wjy	f	18	1	circle	green	(645, 428)	low	no	no_dis	N	dif	vert	up	True	429855	431308	up	1	2	45
4	wjy	f	18	1	circle	green	(565, 460)	high	no	no_dis	N	same	hori	left	True	432496	433524	left	1	2	46
4	wjy	f	18	1	diamond	red	(565, 619)	low	no	no_dis	N	dif	vert	up	True	434586	435557	up	1	2	47
4	wjy	f	18	1	circle	red	(565, 460)	high	no	no_dis	N	dif	hori	left	True	436646	437717	left	1	2	48
4	wjy	f	18	1	diamond	red	(757, 540)	low	no	no_dis	N	dif	vert	up	True	438740	439733	up	1	2	49
4	wjy	f	18	1	circle	red	(533, 540)	low	dis	(724, 460)	N	same	hori	left	True	440953	442213	left	1	2	50
4	wjy	f	18	1	diamond	red	(565, 619)	low	dis	(565, 460)	Y	same	hori	left	True	443276	444997	left	1	2	51
4	wjy	f	18	1	circle	green	(645, 428)	low	dis	(645, 652)	N	same	vert	up	True	446033	448524	up	1	2	52
4	wjy	f	18	1	diamond	red	(724, 460)	low	no	no_dis	N	same	vert	up	True	449599	450692	up	1	2	53
4	wjy	f	18	1	circle	green	(757, 540)	low	dis	(724, 619)	N	dif	hori	left	True	451845	452932	left	1	2	54
4	wjy	f	18	1	circle	green	(565, 619)	low	dis	(757, 540)	N	same	hori	left	True	454180	455036	left	1	2	55
4	wjy	f	18	1	diamond	green	(645, 428)	low	no	no_dis	N	dif	vert	up	True	456258	457229	up	1	2	56
4	wjy	f	18	1	circle	green	(724, 460)	low	no	no_dis	N	same	vert	up	True	458380	459740	up	1	2	57
4	wjy	f	18	1	circle	green	(724, 619)	low	dis	(565, 619)	N	dif	vert	up	True	460876	461885	up	1	2	58
4	wjy	f	18	1	diamond	green	(757, 540)	low	dis	(645, 428)	N	same	hori	left	True	463041	464620	left	1	2	59
4	wjy	f	18	1	diamond	red	(565, 619)	low	no	no_dis	N	same	hori	left	True	465859	466837	left	1	2	60
4	wjy	f	18	1	diamond	red	(565, 460)	high	dis	(533, 540)	N	same	hori	left	True	467897	469492	left	1	2	61
4	wjy	f	18	1	circle	red	(565, 460)	high	no	no_dis	N	same	vert	up	True	470542	471773	up	1	2	62
4	wjy	f	18	1	circle	red	(724, 460)	low	dis	(565, 619)	N	same	vert	up	True	472954	474469	up	1	2	63
4	wjy	f	18	1	circle	red	(645, 652)	low	no	no_dis	N	dif	hori	left	True	475672	477060	up	0	2	64
4	wjy	f	18	1	circle	red	(565, 619)	low	no	no_dis	N	same	hori	left	True	479608	480516	left	1	2	65
4	wjy	f	18	1	circle	red	(565, 460)	high	dis	(565, 619)	N	dif	vert	up	True	481550	482645	up	1	2	66
4	wjy	f	18	1	circle	red	(724, 619)	low	dis	(533, 540)	N	same	hori	left	True	483859	484717	left	1	2	67
4	wjy	f	18	1	circle	red	(565, 619)	low	dis	(724, 460)	N	dif	vert	up	True	485860	486837	up	1	2	68
4	wjy	f	18	1	circle	red	(565, 460)	high	dis	(724, 460)	N	dif	vert	up	True	487941	488877	up	1	2	69
4	wjy	f	18	1	diamond	green	(533, 540)	low	dis	(565, 460)	Y	dif	hori	left	True	489920	491245	left	1	2	70
4	wjy	f	18	1	diamond	red	(533, 540)	low	dis	(645, 428)	N	dif	hori	left	True	492427	493348	left	1	2	71
4	wjy	f	18	1	circle	green	(565, 460)	high	dis	(645, 428)	N	same	hori	left	True	494559	495821	left	1	2	72
4	wjy	f	18	1	circle	green	(565, 460)	high	dis	(724, 460)	N	dif	vert	up	True	496850	497949	up	1	2	73
4	wjy	f	18	1	diamond	green	(565, 460)	high	no	no_dis	N	same	vert	up	True	499163	500460	up	1	2	74
4	wjy	f	18	1	diamond	red	(565, 460)	high	dis	(724, 619)	N	dif	vert	up	True	501677	502716	up	1	2	75
4	wjy	f	18	1	circle	red	(645, 428)	low	dis	(533, 540)	N	dif	hori	left	True	503736	504885	left	1	2	76
4	wjy	f	18	1	diamond	green	(565, 619)	low	dis	(757, 540)	N	dif	vert	up	True	505898	507245	up	1	2	77
4	wjy	f	18	1	circle	red	(645, 652)	low	no	no_dis	N	dif	hori	left	True	508457	509629	left	1	2	78
4	wjy	f	18	1	circle	red	(757, 540)	low	dis	(565, 619)	N	dif	hori	left	True	510640	511676	left	1	2	79
4	wjy	f	18	1	circle	red	(565, 460)	high	dis	(565, 619)	N	dif	hori	left	True	512896	513949	left	1	2	80
4	wjy	f	18	1	diamond	green	(565, 460)	high	dis	(757, 540)	N	dif	vert	up	True	515015	516196	up	1	2	81
4	wjy	f	18	1	diamond	green	(724, 460)	low	dis	(724, 619)	N	dif	hori	left	True	517347	518949	left	1	2	82
4	wjy	f	18	1	circle	red	(565, 460)	high	dis	(645, 428)	N	same	vert	up	True	520016	521636	up	1	2	83
4	wjy	f	18	1	diamond	green	(757, 540)	low	no	no_dis	N	same	hori	left	True	522854	524061	left	1	2	84
4	wjy	f	18	1	diamond	red	(565, 460)	high	dis	(533, 540)	N	dif	vert	up	True	525313	526781	up	1	2	85
4	wjy	f	18	1	diamond	green	(757, 540)	low	no	no_dis	N	same	hori	left	True	527959	528933	left	1	2	86
4	wjy	f	18	1	circle	green	(533, 540)	low	dis	(645, 652)	N	same	vert	up	True	530174	531556	up	1	2	87
4	wjy	f	18	1	diamond	red	(565, 460)	high	dis	(645, 652)	N	dif	hori	left	True	532640	534205	left	1	2	88
4	wjy	f	18	1	circle	green	(565, 460)	high	dis	(565, 619)	N	dif	hori	left	True	535336	536316	left	1	2	89
4	wjy	f	18	1	diamond	red	(645, 428)	low	no	no_dis	N	dif	hori	left	True	537483	538333	left	1	2	90
4	wjy	f	18	1	diamond	red	(724, 460)	low	dis	(645, 652)	N	same	vert	up	True	539426	540532	up	1	2	91
4	wjy	f	18	1	diamond	green	(724, 460)	low	dis	(533, 540)	N	dif	vert	up	True	541706	542685	up	1	2	92
4	wjy	f	18	1	circle	green	(757, 540)	low	dis	(565, 619)	N	same	vert	up	True	543716	545228	up	1	2	93
4	wjy	f	18	1	diamond	green	(724, 619)	low	no	no_dis	N	same	vert	up	True	546406	547389	up	1	2	94
4	wjy	f	18	1	circle	red	(565, 460)	high	dis	(724, 619)	N	same	hori	left	True	548624	549540	left	1	2	95
4	wjy	f	18	1	diamond	red	(645, 652)	low	dis	(724, 460)	N	dif	hori	left	True	550560	551724	left	1	2	96
4	wjy	f	18	1	diamond	red	(533, 540)	low	no	no_dis	N	dif	vert	up	True	552902	553932	up	1	2	97
4	wjy	f	18	1	circle	green	(645, 652)	low	dis	(565, 460)	Y	same	vert	up	True	555012	555956	up	1	2	98
4	wjy	f	18	1	diamond	green	(565, 460)	high	dis	(724, 619)	N	same	hori	left	True	557140	558901	left	1	2	99
4	wjy	f	18	1	circle	red	(645, 428)	low	dis	(565, 460)	Y	dif	vert	up	True	559988	562469	up	1	2	100
4	wjy	f	18	1	diamond	red	(757, 540)	low	dis	(724, 460)	N	dif	vert	up	True	563609	564788	up	1	2	101
4	wjy	f	18	1	circle	red	(565, 460)	high	no	no_dis	N	dif	hori	left	True	565879	566765	left	1	2	102
4	wjy	f	18	1	diamond	red	(757, 540)	low	dis	(533, 540)	N	dif	hori	left	True	567844	569012	left	1	2	103
4	wjy	f	18	1	circle	green	(724, 619)	low	dis	(645, 428)	N	same	vert	up	True	570064	571172	up	1	2	104
4	wjy	f	18	1	diamond	red	(645, 428)	low	dis	(533, 540)	N	same	vert	up	True	572412	574020	up	1	2	105
4	wjy	f	18	1	diamond	red	(565, 460)	high	dis	(645, 428)	N	dif	hori	left	True	575181	576245	left	1	2	106
4	wjy	f	18	1	circle	red	(645, 652)	low	dis	(533, 540)	N	same	vert	up	True	577378	578252	up	1	2	107
4	wjy	f	18	1	diamond	red	(724, 460)	low	dis	(645, 652)	N	dif	hori	left	True	579448	580381	left	1	2	108
4	wjy	f	18	1	circle	red	(724, 619)	low	dis	(645, 428)	N	dif	hori	left	True	581441	582429	left	1	2	109
4	wjy	f	18	1	diamond	red	(533, 540)	low	dis	(645, 428)	N	dif	hori	left	True	583638	584476	left	1	2	110
4	wjy	f	18	1	circle	green	(724, 619)	low	no	no_dis	N	same	vert	up	True	585725	586661	up	1	2	111
4	wjy	f	18	1	circle	green	(645, 652)	low	dis	(757, 540)	N	same	hori	left	True	587791	589077	left	1	2	112
4	wjy	f	18	1	circle	red	(565, 460)	high	dis	(645, 652)	N	same	vert	up	True	590183	591228	up	1	2	113
4	wjy	f	18	1	diamond	green	(645, 652)	low	no	no_dis	N	same	hori	left	True	592454	593508	left	1	2	114
4	wjy	f	18	1	circle	red	(565, 619)	low	dis	(565, 460)	Y	same	hori	left	True	594627	595756	left	1	2	115
4	wjy	f	18	1	diamond	red	(724, 619)	low	dis	(533, 540)	N	dif	vert	up	True	596870	597876	left	0	2	116
4	wjy	f	18	1	diamond	green	(645, 428)	low	dis	(724, 619)	N	dif	vert	up	True	600474	602228	up	1	2	117
4	wjy	f	18	1	circle	green	(565, 460)	high	dis	(645, 652)	N	same	vert	up	True	603293	604308	up	1	2	118
4	wjy	f	18	1	diamond	green	(565, 460)	high	no	no_dis	N	same	hori	left	True	605454	606572	left	1	2	119
4	wjy	f	18	1	diamond	green	(724, 460)	low	no	no_dis	N	dif	hori	left	True	607752	608636	left	1	2	120
4	wjy	f	18	1	diamond	red	(533, 540)	low	dis	(724, 619)	N	same	hori	left	True	650076	651204	left	1	3	1
4	wjy	f	18	1	circle	red	(724, 619)	low	dis	(645, 652)	N	dif	hori	left	True	652388	653300	left	1	3	2
4	wjy	f	18	1	circle	red	(724, 619)	low	no	no_dis	N	same	vert	up	True	654496	655348	up	1	3	3
4	wjy	f	18	1	circle	red	(645, 428)	low	dis	(724, 619)	N	dif	vert	up	True	656419	657724	up	1	3	4
4	wjy	f	18	1	diamond	green	(565, 619)	low	no	no_dis	N	dif	vert	up	True	658759	659564	up	1	3	5
4	wjy	f	18	1	circle	green	(645, 428)	low	dis	(645, 652)	N	dif	hori	left	True	660728	661964	left	1	3	6
4	wjy	f	18	1	diamond	green	(565, 460)	high	no	no_dis	N	same	hori	left	True	663013	663700	left	1	3	7
4	wjy	f	18	1	diamond	green	(645, 428)	low	dis	(724, 460)	N	same	hori	left	True	664773	665557	left	1	3	8
4	wjy	f	18	1	circle	red	(533, 540)	low	no	no_dis	N	same	hori	left	True	666651	667564	left	1	3	9
4	wjy	f	18	1	circle	red	(565, 619)	low	dis	(533, 540)	N	same	hori	left	True	668679	669612	left	1	3	10
4	wjy	f	18	1	circle	green	(565, 460)	high	dis	(645, 652)	N	same	hori	left	True	670813	671516	left	1	3	11
4	wjy	f	18	1	circle	green	(565, 460)	high	dis	(645, 428)	N	dif	vert	up	True	672624	673589	up	1	3	12
4	wjy	f	18	1	diamond	green	(565, 460)	high	dis	(645, 652)	N	same	hori	left	True	674612	676092	left	1	3	13
4	wjy	f	18	1	circle	green	(724, 619)	low	dis	(565, 619)	N	dif	hori	left	True	677291	678469	left	1	3	14
4	wjy	f	18	1	circle	red	(645, 428)	low	no	no_dis	N	same	hori	left	True	679656	680724	left	1	3	15
4	wjy	f	18	1	diamond	red	(533, 540)	low	no	no_dis	N	same	vert	up	True	681969	682876	left	0	3	16
4	wjy	f	18	1	circle	red	(565, 460)	high	dis	(757, 540)	N	dif	hori	left	True	685563	686828	left	1	3	17
4	wjy	f	18	1	circle	green	(565, 619)	low	dis	(533, 540)	N	dif	vert	up	True	687925	688876	up	1	3	18
4	wjy	f	18	1	diamond	red	(724, 619)	low	dis	(724, 460)	N	dif	hori	left	True	690004	691444	left	1	3	19
4	wjy	f	18	1	diamond	green	(645, 652)	low	dis	(757, 540)	N	same	hori	left	True	692660	694837	left	1	3	20
4	wjy	f	18	1	circle	green	(565, 619)	low	dis	(757, 540)	N	same	hori	left	True	695921	696885	left	1	3	21
4	wjy	f	18	1	circle	green	(724, 619)	low	dis	(565, 460)	Y	dif	hori	left	True	697956	698804	left	1	3	22
4	wjy	f	18	1	circle	green	(645, 652)	low	no	no_dis	N	dif	hori	left	True	699935	701300	left	1	3	23
4	wjy	f	18	1	circle	green	(533, 540)	low	dis	(724, 619)	N	dif	hori	left	True	702341	703221	left	1	3	24
4	wjy	f	18	1	diamond	green	(645, 428)	low	no	no_dis	N	same	hori	left	True	704467	705988	left	1	3	25
4	wjy	f	18	1	diamond	green	(724, 460)	low	no	no_dis	N	dif	hori	left	True	707020	708589	left	1	3	26
4	wjy	f	18	1	diamond	red	(533, 540)	low	no	no_dis	N	same	hori	left	True	709592	710301	left	1	3	27
4	wjy	f	18	1	circle	red	(565, 460)	high	dis	(724, 460)	N	same	vert	up	True	711505	712356	up	1	3	28
4	wjy	f	18	1	circle	green	(565, 460)	high	dis	(757, 540)	N	dif	vert	up	True	713388	714332	up	1	3	29
4	wjy	f	18	1	diamond	red	(565, 460)	high	dis	(533, 540)	N	same	hori	left	True	715450	716140	left	1	3	30
4	wjy	f	18	1	circle	red	(533, 540)	low	dis	(724, 460)	N	dif	hori	left	True	717203	718116	left	1	3	31
4	wjy	f	18	1	circle	red	(757, 540)	low	dis	(724, 619)	N	dif	hori	left	True	719128	719932	left	1	3	32
4	wjy	f	18	1	circle	green	(645, 428)	low	no	no_dis	N	dif	vert	up	True	721127	721796	up	1	3	33
4	wjy	f	18	1	circle	red	(565, 460)	high	no	no_dis	N	dif	hori	left	True	722959	724052	left	1	3	34
4	wjy	f	18	1	circle	red	(645, 652)	low	dis	(565, 460)	Y	same	hori	left	True	725268	726004	left	1	3	35
4	wjy	f	18	1	diamond	red	(757, 540)	low	dis	(533, 540)	N	dif	hori	left	True	727091	727845	left	1	3	36
4	wjy	f	18	1	diamond	red	(724, 460)	low	dis	(565, 460)	Y	same	vert	up	True	729018	730132	up	1	3	37
4	wjy	f	18	1	circle	green	(565, 619)	low	no	no_dis	N	dif	hori	left	True	731267	732205	left	1	3	38
4	wjy	f	18	1	diamond	red	(565, 460)	high	dis	(724, 619)	N	dif	hori	left	True	733261	734637	left	1	3	39
4	wjy	f	18	1	circle	green	(757, 540)	low	dis	(645, 652)	N	same	vert	up	True	735807	736725	up	1	3	40
4	wjy	f	18	1	diamond	green	(533, 540)	low	dis	(645, 428)	N	dif	vert	up	True	737870	739284	left	0	3	41
4	wjy	f	18	1	diamond	green	(565, 460)	high	dis	(565, 619)	N	same	vert	up	True	741803	743597	up	1	3	42
4	wjy	f	18	1	diamond	green	(565, 619)	low	no	no_dis	N	dif	hori	left	True	744736	746076	left	1	3	43
4	wjy	f	18	1	diamond	red	(724, 460)	low	dis	(645, 652)	N	same	vert	up	True	747318	748148	up	1	3	44
4	wjy	f	18	1	circle	red	(565, 460)	high	dis	(724, 460)	N	same	vert	up	True	749322	750325	up	1	3	45
4	wjy	f	18	1	circle	red	(565, 619)	low	dis	(645, 428)	N	same	hori	left	True	751408	752228	left	1	3	46
4	wjy	f	18	1	diamond	red	(533, 540)	low	dis	(565, 460)	Y	dif	vert	up	True	753251	754364	up	1	3	47
4	wjy	f	18	1	diamond	green	(565, 460)	high	dis	(533, 540)	N	dif	vert	up	True	755467	756884	up	1	3	48
4	wjy	f	18	1	circle	red	(724, 619)	low	no	no_dis	N	same	hori	left	True	758116	758997	left	1	3	49
4	wjy	f	18	1	circle	red	(565, 460)	high	dis	(645, 652)	N	dif	vert	up	True	760232	761060	up	1	3	50
4	wjy	f	18	1	diamond	green	(757, 540)	low	no	no_dis	N	dif	vert	up	True	762251	763188	up	1	3	51
4	wjy	f	18	1	circle	green	(645, 652)	low	no	no_dis	N	dif	hori	left	True	764396	765620	left	1	3	52
4	wjy	f	18	1	circle	red	(565, 460)	high	dis	(565, 619)	N	dif	hori	left	True	766839	767692	left	1	3	53
4	wjy	f	18	1	circle	green	(533, 540)	low	dis	(645, 652)	N	dif	vert	up	True	768871	769924	up	1	3	54
4	wjy	f	18	1	diamond	red	(757, 540)	low	dis	(533, 540)	N	same	vert	up	True	771023	772060	up	1	3	55
4	wjy	f	18	1	diamond	green	(757, 540)	low	dis	(645, 428)	N	dif	hori	left	True	773223	774116	left	1	3	56
4	wjy	f	18	1	diamond	red	(645, 652)	low	dis	(645, 428)	N	dif	hori	left	True	775214	776228	left	1	3	57
4	wjy	f	18	1	circle	red	(565, 460)	high	no	no_dis	N	dif	hori	left	True	777281	778276	left	1	3	58
4	wjy	f	18	1	diamond	red	(565, 460)	high	dis	(533, 540)	N	same	hori	left	True	779326	781877	left	1	3	59
4	wjy	f	18	1	circle	green	(565, 460)	high	dis	(724, 619)	N	dif	hori	left	True	782923	784549	left	1	3	60
4	wjy	f	18	1	circle	red	(757, 540)	low	no	no_dis	N	same	hori	left	True	785698	786892	left	1	3	61
4	wjy	f	18	1	diamond	green	(565, 619)	low	dis	(533, 540)	N	dif	vert	up	True	787907	789132	up	1	3	62
4	wjy	f	18	1	circle	green	(565, 460)	high	dis	(724, 460)	N	same	vert	up	True	790230	791340	up	1	3	63
4	wjy	f	18	1	diamond	green	(724, 460)	low	no	no_dis	N	same	vert	up	True	792500	793644	up	1	3	64
4	wjy	f	18	1	circle	red	(645, 428)	low	no	no_dis	N	dif	hori	left	True	794814	796340	left	1	3	65
4	wjy	f	18	1	diamond	red	(565, 619)	low	dis	(645, 428)	N	same	vert	up	True	797466	798461	up	1	3	66
4	wjy	f	18	1	diamond	red	(565, 460)	high	dis	(645, 428)	N	dif	hori	left	True	799469	800644	up	0	3	67
4	wjy	f	18	1	diamond	red	(565, 619)	low	no	no_dis	N	same	hori	left	True	803254	804869	left	1	3	68
4	wjy	f	18	1	circle	green	(724, 619)	low	no	no_dis	N	dif	hori	left	True	806041	806837	left	1	3	69
4	wjy	f	18	1	diamond	green	(533, 540)	low	dis	(565, 460)	Y	same	vert	up	True	807938	809332	up	1	3	70
4	wjy	f	18	1	diamond	green	(565, 460)	high	dis	(645, 428)	N	same	hori	left	True	810581	812261	left	1	3	71
4	wjy	f	18	1	diamond	green	(565, 460)	high	dis	(757, 540)	N	dif	hori	left	True	813438	814181	left	1	3	72
4	wjy	f	18	1	diamond	green	(645, 652)	low	dis	(565, 460)	Y	dif	vert	up	True	815296	816229	up	1	3	73
4	wjy	f	18	1	circle	green	(565, 460)	high	no	no_dis	N	dif	vert	up	True	817351	818660	left	0	3	74
4	wjy	f	18	1	circle	green	(724, 460)	low	dis	(645, 428)	N	same	hori	left	True	821402	822421	left	1	3	75
4	wjy	f	18	1	diamond	green	(724, 619)	low	dis	(645, 652)	N	same	hori	left	True	823539	825036	left	1	3	76
4	wjy	f	18	1	circle	red	(645, 652)	low	dis	(724, 460)	N	same	hori	left	True	826053	826972	left	1	3	77
4	wjy	f	18	1	diamond	red	(724, 460)	low	no	no_dis	N	same	vert	up	True	828178	829197	up	1	3	78
4	wjy	f	18	1	diamond	green	(565, 619)	low	dis	(533, 540)	N	dif	vert	up	True	830380	831805	up	1	3	79
4	wjy	f	18	1	circle	green	(565, 460)	high	no	no_dis	N	same	vert	up	True	832995	833988	up	1	3	80
4	wjy	f	18	1	diamond	red	(645, 652)	low	dis	(565, 619)	N	dif	vert	up	True	835057	836220	up	1	3	81
4	wjy	f	18	1	circle	red	(645, 428)	low	dis	(645, 652)	N	dif	vert	up	True	837265	838404	up	1	3	82
4	wjy	f	18	1	circle	green	(724, 460)	low	dis	(645, 428)	N	same	vert	up	True	839479	840428	up	1	3	83
4	wjy	f	18	1	circle	red	(757, 540)	low	dis	(533, 540)	N	same	vert	up	True	841503	842812	up	1	3	84
4	wjy	f	18	1	circle	red	(724, 619)	low	dis	(565, 460)	Y	same	vert	up	True	843855	844732	up	1	3	85
4	wjy	f	18	1	diamond	green	(757, 540)	low	dis	(724, 460)	N	same	hori	left	True	845887	846869	left	1	3	86
4	wjy	f	18	1	diamond	red	(645, 652)	low	no	no_dis	N	dif	vert	up	True	847941	848861	up	1	3	87
4	wjy	f	18	1	diamond	green	(724, 460)	low	no	no_dis	N	dif	vert	up	True	849932	851396	up	1	3	88
4	wjy	f	18	1	diamond	green	(724, 460)	low	dis	(565, 619)	N	dif	vert	up	True	852494	853260	up	1	3	89
4	wjy	f	18	1	circle	red	(724, 460)	low	dis	(565, 460)	Y	same	vert	up	True	854441	855524	up	1	3	90
4	wjy	f	18	1	circle	red	(565, 460)	high	dis	(724, 619)	N	same	vert	up	True	856563	857564	up	1	3	91
4	wjy	f	18	1	diamond	green	(565, 460)	high	no	no_dis	N	dif	vert	up	True	858585	859684	up	1	3	92
4	wjy	f	18	1	diamond	red	(565, 460)	high	dis	(565, 619)	N	dif	vert	up	True	860902	861780	up	1	3	93
4	wjy	f	18	1	diamond	red	(757, 540)	low	no	no_dis	N	same	vert	up	True	863004	864004	up	1	3	94
4	wjy	f	18	1	diamond	green	(724, 619)	low	dis	(724, 460)	N	dif	hori	left	True	865187	866789	left	1	3	95
4	wjy	f	18	1	diamond	red	(533, 540)	low	no	no_dis	N	same	vert	up	True	868020	869485	up	1	3	96
4	wjy	f	18	1	diamond	red	(645, 428)	low	dis	(724, 619)	N	dif	hori	left	True	870724	871677	left	1	3	97
4	wjy	f	18	1	diamond	green	(565, 460)	high	no	no_dis	N	same	hori	left	True	872731	873549	left	1	3	98
4	wjy	f	18	1	diamond	green	(645, 428)	low	dis	(757, 540)	N	same	hori	left	True	874793	876181	left	1	3	99
4	wjy	f	18	1	diamond	red	(565, 460)	high	no	no_dis	N	same	vert	up	True	877363	878196	up	1	3	100
4	wjy	f	18	1	circle	red	(645, 652)	low	no	no_dis	N	dif	vert	up	True	879341	880452	up	1	3	101
4	wjy	f	18	1	diamond	red	(565, 460)	high	dis	(565, 619)	N	dif	vert	up	True	881640	882484	left	0	3	102
4	wjy	f	18	1	diamond	green	(565, 460)	high	dis	(724, 619)	N	same	vert	up	True	885217	885940	up	1	3	103
4	wjy	f	18	1	circle	green	(757, 540)	low	dis	(565, 460)	Y	dif	vert	up	True	886992	888012	up	1	3	104
4	wjy	f	18	1	circle	red	(565, 460)	high	no	no_dis	N	dif	hori	left	True	889180	889948	left	1	3	105
4	wjy	f	18	1	circle	red	(533, 540)	low	dis	(724, 619)	N	same	vert	up	True	891188	892373	up	1	3	106
4	wjy	f	18	1	circle	green	(565, 460)	high	dis	(757, 540)	N	same	hori	left	True	893413	894316	left	1	3	107
4	wjy	f	18	1	diamond	red	(724, 619)	low	dis	(565, 619)	N	same	hori	left	True	895436	896581	left	1	3	108
4	wjy	f	18	1	circle	green	(645, 652)	low	dis	(757, 540)	N	same	vert	up	True	897776	898908	up	1	3	109
4	wjy	f	18	1	circle	green	(757, 540)	low	no	no_dis	N	same	vert	up	True	899993	900756	up	1	3	110
4	wjy	f	18	1	circle	green	(645, 652)	low	dis	(757, 540)	N	dif	vert	up	True	901933	903100	up	1	3	111
4	wjy	f	18	1	diamond	green	(724, 460)	low	dis	(565, 619)	N	same	hori	left	True	904240	905277	left	1	3	112
4	wjy	f	18	1	diamond	red	(565, 460)	high	no	no_dis	N	dif	vert	up	True	906501	907324	up	1	3	113
4	wjy	f	18	1	circle	red	(724, 460)	low	dis	(757, 540)	N	same	vert	up	True	908336	909620	up	1	3	114
4	wjy	f	18	1	diamond	red	(565, 619)	low	dis	(565, 460)	Y	dif	vert	up	True	910821	911964	up	1	3	115
4	wjy	f	18	1	diamond	red	(565, 460)	high	no	no_dis	N	same	hori	left	True	913129	913820	left	1	3	116
4	wjy	f	18	1	diamond	red	(645, 428)	low	dis	(724, 460)	N	dif	hori	left	True	915018	916381	left	1	3	117
4	wjy	f	18	1	circle	green	(565, 460)	high	no	no_dis	N	same	vert	up	True	917489	918716	up	1	3	118
4	wjy	f	18	1	circle	green	(724, 619)	low	no	no_dis	N	dif	vert	up	True	919814	920580	up	1	3	119
4	wjy	f	18	1	circle	green	(645, 428)	low	dis	(565, 619)	N	same	vert	up	True	921660	922452	up	1	3	120
4	wjy	f	18	1	diamond	red	(565, 619)	low	dis	(645, 428)	N	dif	hori	left	True	957435	958820	left	1	4	1
4	wjy	f	18	1	diamond	red	(724, 619)	low	no	no_dis	N	dif	hori	left	True	960024	960925	left	1	4	2
4	wjy	f	18	1	diamond	red	(565, 460)	high	dis	(645, 652)	N	dif	vert	up	True	962035	962868	up	1	4	3
4	wjy	f	18	1	circle	red	(533, 540)	low	dis	(757, 540)	N	dif	hori	left	True	963987	964908	left	1	4	4
4	wjy	f	18	1	diamond	red	(533, 540)	low	dis	(645, 428)	N	dif	vert	up	True	966019	966892	up	1	4	5
4	wjy	f	18	1	diamond	red	(565, 619)	low	dis	(645, 428)	N	same	vert	up	True	968010	968860	up	1	4	6
4	wjy	f	18	1	circle	green	(565, 460)	high	dis	(565, 619)	N	same	vert	up	True	970117	971140	up	1	4	7
4	wjy	f	18	1	circle	red	(533, 540)	low	no	no_dis	N	dif	hori	left	True	972201	973124	left	1	4	8
4	wjy	f	18	1	diamond	red	(645, 652)	low	no	no_dis	N	dif	vert	up	True	974215	975116	up	1	4	9
4	wjy	f	18	1	circle	red	(645, 652)	low	no	no_dis	N	dif	vert	up	True	976136	977004	up	1	4	10
4	wjy	f	18	1	circle	green	(565, 460)	high	no	no_dis	N	dif	vert	up	True	978027	978868	up	1	4	11
4	wjy	f	18	1	circle	green	(565, 460)	high	no	no_dis	N	dif	hori	left	True	979927	980821	left	1	4	12
4	wjy	f	18	1	circle	green	(533, 540)	low	dis	(757, 540)	N	same	vert	up	True	982005	982988	up	1	4	13
4	wjy	f	18	1	circle	red	(565, 619)	low	dis	(757, 540)	N	same	vert	up	True	984073	984988	up	1	4	14
4	wjy	f	18	1	circle	red	(724, 460)	low	no	no_dis	N	same	vert	up	True	986159	986916	up	1	4	15
4	wjy	f	18	1	diamond	red	(645, 652)	low	dis	(565, 619)	N	same	vert	up	True	988048	989269	up	1	4	16
4	wjy	f	18	1	circle	red	(565, 460)	high	dis	(757, 540)	N	same	vert	up	True	990490	991309	up	1	4	17
4	wjy	f	18	1	diamond	red	(565, 460)	high	dis	(533, 540)	N	dif	hori	left	True	992333	993300	up	0	4	18
4	wjy	f	18	1	circle	red	(757, 540)	low	dis	(645, 652)	N	dif	hori	left	True	995894	997036	left	1	4	19
4	wjy	f	18	1	diamond	red	(724, 460)	low	dis	(645, 428)	N	dif	hori	left	True	998257	999164	left	1	4	20
4	wjy	f	18	1	diamond	red	(645, 428)	low	dis	(645, 652)	N	same	hori	left	True	1000284	1001140	left	1	4	21
4	wjy	f	18	1	diamond	green	(724, 619)	low	no	no_dis	N	dif	vert	up	True	1002329	1003188	up	1	4	22
4	wjy	f	18	1	circle	green	(757, 540)	low	dis	(724, 619)	N	dif	hori	left	True	1004418	1005428	left	1	4	23
4	wjy	f	18	1	diamond	green	(565, 460)	high	dis	(724, 619)	N	same	hori	left	True	1006456	1007556	left	1	4	24
4	wjy	f	18	1	circle	red	(757, 540)	low	dis	(645, 652)	N	same	hori	left	True	1008572	1009540	left	1	4	25
4	wjy	f	18	1	circle	red	(645, 652)	low	dis	(724, 460)	N	dif	vert	up	True	1010619	1011413	up	1	4	26
4	wjy	f	18	1	diamond	red	(757, 540)	low	dis	(533, 540)	N	same	vert	up	True	1012642	1013660	up	1	4	27
4	wjy	f	18	1	diamond	green	(645, 428)	low	dis	(757, 540)	N	same	vert	up	True	1014829	1015644	up	1	4	28
4	wjy	f	18	1	diamond	green	(724, 619)	low	dis	(645, 652)	N	dif	vert	up	True	1016820	1018204	up	1	4	29
4	wjy	f	18	1	diamond	green	(757, 540)	low	no	no_dis	N	same	hori	left	True	1019315	1020269	left	1	4	30
4	wjy	f	18	1	diamond	green	(645, 428)	low	no	no_dis	N	same	hori	left	True	1021336	1022828	left	1	4	31
4	wjy	f	18	1	circle	red	(565, 460)	high	dis	(533, 540)	N	dif	hori	left	True	1023830	1026060	left	1	4	32
4	wjy	f	18	1	circle	red	(724, 460)	low	dis	(645, 652)	N	same	vert	up	True	1027109	1028060	up	1	4	33
4	wjy	f	18	1	circle	red	(645, 428)	low	dis	(724, 619)	N	dif	vert	up	True	1029248	1030348	up	1	4	34
4	wjy	f	18	1	diamond	red	(724, 619)	low	dis	(724, 460)	N	dif	vert	up	True	1031557	1032733	up	1	4	35
4	wjy	f	18	1	circle	red	(645, 428)	low	dis	(565, 460)	Y	same	vert	up	True	1033962	1034821	up	1	4	36
4	wjy	f	18	1	circle	green	(645, 652)	low	no	no_dis	N	same	vert	up	True	1035937	1036693	up	1	4	37
4	wjy	f	18	1	circle	green	(724, 619)	low	dis	(533, 540)	N	dif	vert	up	True	1037736	1038588	up	1	4	38
4	wjy	f	18	1	diamond	red	(565, 460)	high	dis	(565, 619)	N	dif	hori	left	True	1039673	1041276	left	1	4	39
4	wjy	f	18	1	diamond	green	(757, 540)	low	dis	(565, 460)	Y	same	vert	up	True	1042393	1043341	up	1	4	40
4	wjy	f	18	1	circle	red	(533, 540)	low	dis	(565, 460)	Y	dif	hori	left	True	1044468	1045476	left	1	4	41
4	wjy	f	18	1	diamond	red	(565, 460)	high	dis	(645, 428)	N	same	vert	up	True	1046504	1047524	up	1	4	42
4	wjy	f	18	1	diamond	green	(645, 652)	low	dis	(757, 540)	N	same	hori	left	True	1048631	1049812	left	1	4	43
4	wjy	f	18	1	circle	red	(645, 652)	low	dis	(724, 619)	N	dif	hori	left	True	1050956	1052085	left	1	4	44
4	wjy	f	18	1	diamond	red	(645, 428)	low	dis	(724, 460)	N	dif	vert	up	True	1053256	1054292	up	1	4	45
4	wjy	f	18	1	circle	green	(565, 619)	low	dis	(645, 428)	N	dif	vert	up	True	1055309	1056412	up	1	4	46
4	wjy	f	18	1	diamond	green	(757, 540)	low	dis	(565, 619)	N	dif	hori	left	True	1057643	1058476	left	1	4	47
4	wjy	f	18	1	diamond	red	(565, 460)	high	no	no_dis	N	dif	hori	left	True	1059650	1060389	left	1	4	48
4	wjy	f	18	1	circle	green	(645, 428)	low	dis	(724, 460)	N	dif	vert	up	True	1061607	1062564	up	1	4	49
4	wjy	f	18	1	circle	green	(724, 619)	low	dis	(565, 460)	Y	same	hori	left	True	1063618	1064532	left	1	4	50
4	wjy	f	18	1	circle	green	(565, 460)	high	dis	(565, 619)	N	dif	vert	up	True	1065702	1066468	left	0	4	51
4	wjy	f	18	1	diamond	green	(565, 619)	low	dis	(645, 652)	N	dif	hori	left	True	1069238	1070652	left	1	4	52
4	wjy	f	18	1	circle	red	(724, 460)	low	dis	(533, 540)	N	dif	vert	up	True	1071827	1072813	up	1	4	53
4	wjy	f	18	1	diamond	green	(724, 619)	low	dis	(565, 619)	N	dif	vert	up	True	1073922	1074924	up	1	4	54
4	wjy	f	18	1	diamond	green	(565, 460)	high	dis	(533, 540)	N	dif	vert	up	True	1076030	1076740	up	1	4	55
4	wjy	f	18	1	circle	green	(645, 652)	low	dis	(565, 619)	N	dif	vert	up	True	1077866	1078733	up	1	4	56
4	wjy	f	18	1	circle	green	(724, 460)	low	dis	(645, 428)	N	same	hori	left	True	1079830	1080772	left	1	4	57
4	wjy	f	18	1	circle	green	(565, 619)	low	no	no_dis	N	same	vert	up	True	1082005	1082780	up	1	4	58
4	wjy	f	18	1	circle	green	(645, 652)	low	dis	(533, 540)	N	same	hori	left	True	1084016	1084788	left	1	4	59
4	wjy	f	18	1	diamond	green	(724, 460)	low	dis	(645, 428)	N	same	vert	up	True	1085891	1087012	up	1	4	60
4	wjy	f	18	1	circle	green	(565, 460)	high	dis	(724, 460)	N	dif	hori	left	True	1088162	1089204	left	1	4	61
4	wjy	f	18	1	diamond	green	(757, 540)	low	no	no_dis	N	dif	vert	up	True	1090226	1091396	up	1	4	62
4	wjy	f	18	1	diamond	green	(565, 460)	high	no	no_dis	N	same	hori	left	True	1092487	1093300	left	1	4	63
4	wjy	f	18	1	diamond	red	(565, 460)	high	no	no_dis	N	dif	vert	up	True	1094455	1095252	up	1	4	64
4	wjy	f	18	1	diamond	green	(565, 460)	high	no	no_dis	N	same	hori	left	True	1096360	1097045	left	1	4	65
4	wjy	f	18	1	diamond	green	(533, 540)	low	dis	(565, 460)	Y	dif	vert	up	True	1098067	1098981	up	1	4	66
4	wjy	f	18	1	circle	red	(565, 460)	high	dis	(645, 652)	N	dif	hori	left	True	1100145	1101132	left	1	4	67
4	wjy	f	18	1	circle	green	(565, 619)	low	dis	(724, 619)	N	same	vert	up	True	1102205	1103076	up	1	4	68
4	wjy	f	18	1	diamond	red	(645, 428)	low	no	no_dis	N	same	hori	left	True	1104268	1105356	left	1	4	69
4	wjy	f	18	1	diamond	green	(565, 460)	high	dis	(724, 619)	N	same	vert	up	True	1106447	1107309	up	1	4	70
4	wjy	f	18	1	circle	green	(533, 540)	low	dis	(565, 460)	Y	dif	hori	left	True	1108321	1109205	left	1	4	71
4	wjy	f	18	1	diamond	red	(565, 460)	high	dis	(645, 652)	N	same	hori	left	True	1110436	1111140	left	1	4	72
4	wjy	f	18	1	circle	green	(565, 460)	high	no	no_dis	N	same	vert	up	True	1112353	1113052	up	1	4	73
4	wjy	f	18	1	diamond	green	(565, 460)	high	dis	(645, 652)	N	same	hori	left	True	1114275	1115260	left	1	4	74
4	wjy	f	18	1	circle	red	(565, 460)	high	dis	(757, 540)	N	dif	vert	up	True	1116451	1117348	up	1	4	75
4	wjy	f	18	1	diamond	green	(757, 540)	low	no	no_dis	N	same	vert	up	True	1118384	1119492	up	1	4	76
4	wjy	f	18	1	diamond	green	(565, 460)	high	dis	(565, 619)	N	dif	hori	left	True	1120718	1121412	left	1	4	77
4	wjy	f	18	1	diamond	red	(724, 460)	low	dis	(565, 460)	Y	dif	hori	left	True	1122505	1123596	left	1	4	78
4	wjy	f	18	1	circle	red	(565, 460)	high	no	no_dis	N	dif	hori	left	True	1124659	1125364	left	1	4	79
4	wjy	f	18	1	circle	red	(724, 619)	low	dis	(565, 460)	Y	dif	hori	left	True	1126596	1127356	up	0	4	80
4	wjy	f	18	1	circle	green	(565, 619)	low	no	no_dis	N	dif	hori	left	True	1130062	1131053	left	1	4	81
4	wjy	f	18	1	diamond	red	(533, 540)	low	no	no_dis	N	dif	hori	left	True	1132103	1133644	left	1	4	82
4	wjy	f	18	1	diamond	green	(565, 619)	low	dis	(757, 540)	N	same	vert	up	True	1134808	1136068	up	1	4	83
4	wjy	f	18	1	circle	red	(565, 460)	high	dis	(724, 460)	N	dif	vert	up	True	1137153	1138557	up	1	4	84
4	wjy	f	18	1	diamond	red	(757, 540)	low	dis	(724, 619)	N	same	hori	left	True	1139745	1140637	left	1	4	85
4	wjy	f	18	1	circle	green	(757, 540)	low	no	no_dis	N	same	hori	left	True	1141658	1142997	left	1	4	86
4	wjy	f	18	1	circle	green	(565, 460)	high	dis	(645, 428)	N	same	hori	left	True	1144129	1145660	left	1	4	87
4	wjy	f	18	1	circle	red	(533, 540)	low	no	no_dis	N	dif	hori	left	True	1146801	1147532	left	1	4	88
4	wjy	f	18	1	circle	green	(565, 460)	high	dis	(724, 619)	N	same	vert	up	True	1148707	1149404	up	1	4	89
4	wjy	f	18	1	diamond	red	(565, 460)	high	no	no_dis	N	same	vert	up	True	1150585	1151964	up	1	4	90
4	wjy	f	18	1	diamond	red	(724, 460)	low	no	no_dis	N	same	hori	left	True	1153172	1154092	left	1	4	91
4	wjy	f	18	1	diamond	red	(724, 460)	low	no	no_dis	N	dif	vert	up	True	1155208	1156885	up	1	4	92
4	wjy	f	18	1	diamond	green	(565, 619)	low	no	no_dis	N	dif	vert	up	True	1158001	1158885	up	1	4	93
4	wjy	f	18	1	diamond	green	(724, 619)	low	no	no_dis	N	dif	vert	up	True	1160000	1161188	up	1	4	94
4	wjy	f	18	1	diamond	red	(533, 540)	low	dis	(724, 460)	N	same	hori	left	True	1162321	1163100	left	1	4	95
4	wjy	f	18	1	circle	green	(645, 652)	low	no	no_dis	N	dif	hori	left	True	1164296	1165052	left	1	4	96
4	wjy	f	18	1	circle	green	(533, 540)	low	no	no_dis	N	same	vert	up	True	1166183	1166956	up	1	4	97
4	wjy	f	18	1	diamond	green	(724, 460)	low	dis	(565, 460)	Y	same	vert	up	True	1168060	1169844	up	1	4	98
4	wjy	f	18	1	diamond	red	(565, 619)	low	no	no_dis	N	same	vert	up	True	1170984	1171828	up	1	4	99
4	wjy	f	18	1	diamond	green	(645, 652)	low	dis	(724, 619)	N	same	hori	left	True	1172964	1174404	left	1	4	100
4	wjy	f	18	1	diamond	green	(565, 460)	high	dis	(724, 460)	N	same	hori	left	True	1175427	1176373	left	1	4	101
4	wjy	f	18	1	diamond	green	(565, 460)	high	no	no_dis	N	same	vert	up	True	1177487	1178460	up	1	4	102
4	wjy	f	18	1	diamond	green	(533, 540)	low	dis	(724, 619)	N	same	hori	left	True	1179618	1180492	left	1	4	103
4	wjy	f	18	1	diamond	green	(645, 428)	low	dis	(724, 460)	N	same	vert	up	True	1181609	1182661	up	1	4	104
4	wjy	f	18	1	circle	red	(724, 619)	low	dis	(565, 619)	N	same	hori	left	True	1183773	1184756	left	1	4	105
4	wjy	f	18	1	circle	red	(565, 460)	high	no	no_dis	N	dif	vert	up	True	1185869	1186628	up	1	4	106
4	wjy	f	18	1	circle	red	(565, 460)	high	no	no_dis	N	same	hori	left	True	1187847	1188436	left	1	4	107
4	wjy	f	18	1	circle	green	(724, 460)	low	dis	(533, 540)	N	same	hori	left	True	1189540	1190373	left	1	4	108
4	wjy	f	18	1	circle	green	(645, 428)	low	dis	(565, 619)	N	dif	hori	left	True	1191512	1192292	left	1	4	109
4	wjy	f	18	1	diamond	red	(565, 460)	high	dis	(533, 540)	N	dif	vert	up	True	1193537	1194580	up	1	4	110
4	wjy	f	18	1	circle	green	(645, 428)	low	no	no_dis	N	same	hori	left	True	1195796	1196805	left	1	4	111
4	wjy	f	18	1	circle	red	(724, 460)	low	no	no_dis	N	dif	hori	left	True	1198005	1198732	left	1	4	112
4	wjy	f	18	1	circle	red	(565, 460)	high	dis	(645, 428)	N	same	vert	up	True	1199878	1200820	up	1	4	113
4	wjy	f	18	1	circle	red	(724, 619)	low	no	no_dis	N	same	vert	up	True	1201990	1202724	up	1	4	114
4	wjy	f	18	1	diamond	red	(724, 619)	low	dis	(565, 460)	Y	dif	hori	left	True	1203766	1204588	left	1	4	115
4	wjy	f	18	1	circle	green	(565, 460)	high	dis	(757, 540)	N	same	hori	left	True	1205715	1206428	left	1	4	116
4	wjy	f	18	1	circle	green	(757, 540)	low	dis	(533, 540)	N	same	hori	left	True	1207590	1208300	left	1	4	117
4	wjy	f	18	1	circle	red	(645, 428)	low	no	no_dis	N	same	hori	left	True	1209499	1210221	left	1	4	118
4	wjy	f	18	1	circle	red	(565, 619)	low	dis	(757, 540)	N	dif	vert	up	True	1211284	1212028	up	1	4	119
4	wjy	f	18	1	diamond	red	(645, 652)	low	dis	(724, 460)	N	same	hori	left	True	1213077	1214085	left	1	4	120
4	wjy	f	18	1	circle	red	(724, 619)	low	dis	(645, 652)	N	dif	vert	up	True	1249697	1250612	left	0	5	1
4	wjy	f	18	1	circle	green	(645, 652)	low	no	no_dis	N	dif	vert	up	True	1253180	1254076	up	1	5	2
4	wjy	f	18	1	diamond	green	(565, 619)	low	dis	(645, 652)	N	dif	hori	left	True	1255267	1256572	left	1	5	3
4	wjy	f	18	1	diamond	red	(645, 652)	low	dis	(724, 619)	N	dif	vert	up	True	1257788	1258564	up	1	5	4
4	wjy	f	18	1	circle	red	(533, 540)	low	no	no_dis	N	dif	vert	up	True	1259786	1260652	up	1	5	5
4	wjy	f	18	1	circle	red	(724, 619)	low	dis	(565, 460)	Y	same	hori	left	True	1261748	1262644	left	1	5	6
4	wjy	f	18	1	circle	red	(565, 460)	high	no	no_dis	N	same	vert	up	True	1263757	1264524	up	1	5	7
4	wjy	f	18	1	circle	green	(565, 460)	high	no	no_dis	N	same	vert	up	True	1265664	1266364	up	1	5	8
4	wjy	f	18	1	circle	red	(533, 540)	low	dis	(724, 619)	N	dif	hori	left	True	1267547	1268348	left	1	5	9
4	wjy	f	18	1	diamond	green	(533, 540)	low	dis	(724, 460)	N	dif	vert	up	True	1269485	1270285	up	1	5	10
4	wjy	f	18	1	diamond	red	(565, 619)	low	dis	(757, 540)	N	same	vert	up	True	1271472	1272244	up	1	5	11
4	wjy	f	18	1	circle	red	(565, 460)	high	dis	(724, 460)	N	dif	hori	left	True	1273456	1274156	left	1	5	12
4	wjy	f	18	1	diamond	green	(565, 460)	high	dis	(533, 540)	N	dif	hori	left	True	1275399	1276356	left	1	5	13
4	wjy	f	18	1	diamond	green	(565, 460)	high	dis	(565, 619)	N	dif	hori	left	True	1277433	1278124	left	1	5	14
4	wjy	f	18	1	circle	red	(645, 652)	low	no	no_dis	N	dif	hori	left	True	1279373	1280172	left	1	5	15
4	wjy	f	18	1	diamond	red	(645, 652)	low	dis	(565, 460)	Y	dif	hori	left	True	1281208	1282076	left	1	5	16
4	wjy	f	18	1	circle	green	(645, 652)	low	dis	(533, 540)	N	same	hori	left	True	1283201	1283981	left	1	5	17
4	wjy	f	18	1	diamond	green	(757, 540)	low	dis	(565, 460)	Y	dif	hori	left	True	1285121	1286260	left	1	5	18
4	wjy	f	18	1	circle	red	(565, 619)	low	dis	(724, 460)	N	same	vert	up	True	1287425	1288509	up	1	5	19
4	wjy	f	18	1	circle	red	(724, 619)	low	no	no_dis	N	same	hori	left	True	1289676	1290724	left	1	5	20
4	wjy	f	18	1	diamond	green	(565, 619)	low	dis	(724, 619)	N	dif	hori	left	True	1291938	1293093	left	1	5	21
4	wjy	f	18	1	circle	green	(724, 619)	low	no	no_dis	N	dif	vert	up	True	1294189	1295101	up	1	5	22
4	wjy	f	18	1	diamond	red	(645, 428)	low	no	no_dis	N	dif	vert	up	True	1296210	1297108	up	1	5	23
4	wjy	f	18	1	circle	green	(645, 428)	low	no	no_dis	N	same	vert	up	True	1298188	1299092	up	1	5	24
4	wjy	f	18	1	circle	red	(757, 540)	low	dis	(565, 460)	Y	same	vert	up	True	1300224	1301093	up	1	5	25
4	wjy	f	18	1	diamond	green	(724, 619)	low	dis	(645, 428)	N	same	hori	left	True	1302255	1303140	left	1	5	26
4	wjy	f	18	1	circle	red	(565, 460)	high	dis	(533, 540)	N	same	hori	left	True	1304147	1306020	left	1	5	27
4	wjy	f	18	1	diamond	red	(565, 460)	high	no	no_dis	N	same	hori	left	True	1307182	1307980	left	1	5	28
4	wjy	f	18	1	diamond	red	(757, 540)	low	dis	(645, 652)	N	dif	vert	up	True	1309016	1310236	up	1	5	29
4	wjy	f	18	1	circle	green	(565, 460)	high	dis	(724, 460)	N	dif	vert	up	True	1311303	1312396	up	1	5	30
4	wjy	f	18	1	circle	green	(645, 428)	low	dis	(757, 540)	N	dif	vert	up	True	1313529	1314436	up	1	5	31
4	wjy	f	18	1	diamond	red	(565, 460)	high	dis	(645, 428)	N	same	hori	left	True	1315649	1316444	left	1	5	32
4	wjy	f	18	1	circle	red	(565, 460)	high	no	no_dis	N	dif	vert	up	True	1317458	1318637	up	1	5	33
4	wjy	f	18	1	circle	red	(645, 428)	low	dis	(724, 460)	N	same	vert	up	True	1319714	1320669	up	1	5	34
4	wjy	f	18	1	diamond	green	(645, 652)	low	no	no_dis	N	dif	hori	left	True	1321678	1322436	left	1	5	35
4	wjy	f	18	1	circle	red	(645, 652)	low	dis	(724, 619)	N	dif	vert	up	True	1323447	1324308	up	1	5	36
4	wjy	f	18	1	circle	green	(565, 619)	low	dis	(533, 540)	N	same	vert	up	True	1325346	1326196	up	1	5	37
4	wjy	f	18	1	circle	red	(565, 460)	high	dis	(533, 540)	N	same	hori	left	True	1327220	1328076	left	1	5	38
4	wjy	f	18	1	diamond	red	(565, 619)	low	no	no_dis	N	dif	hori	left	True	1329321	1330197	left	1	5	39
4	wjy	f	18	1	diamond	green	(565, 460)	high	dis	(724, 619)	N	dif	vert	up	True	1331394	1332028	up	1	5	40
4	wjy	f	18	1	circle	green	(724, 460)	low	dis	(645, 652)	N	same	hori	left	True	1333148	1334108	left	1	5	41
4	wjy	f	18	1	circle	green	(645, 428)	low	dis	(757, 540)	N	dif	vert	up	True	1335224	1335908	up	1	5	42
4	wjy	f	18	1	diamond	red	(724, 460)	low	dis	(533, 540)	N	dif	hori	left	True	1337109	1337901	left	1	5	43
4	wjy	f	18	1	diamond	red	(565, 460)	high	dis	(757, 540)	N	same	vert	up	True	1338932	1339852	up	1	5	44
4	wjy	f	18	1	circle	green	(757, 540)	low	no	no_dis	N	dif	vert	up	True	1340930	1341860	up	1	5	45
4	wjy	f	18	1	circle	green	(645, 652)	low	dis	(757, 540)	N	same	vert	up	True	1343069	1343988	up	1	5	46
4	wjy	f	18	1	diamond	green	(724, 460)	low	no	no_dis	N	same	hori	left	True	1345165	1346020	left	1	5	47
4	wjy	f	18	1	circle	red	(565, 460)	high	dis	(645, 652)	N	same	vert	up	True	1347148	1348036	up	1	5	48
4	wjy	f	18	1	circle	green	(565, 460)	high	dis	(724, 460)	N	same	vert	up	True	1349139	1349948	up	1	5	49
4	wjy	f	18	1	circle	green	(565, 460)	high	dis	(724, 619)	N	dif	vert	up	True	1350976	1352020	up	1	5	50
4	wjy	f	18	1	diamond	red	(565, 460)	high	no	no_dis	N	dif	vert	up	True	1353213	1354749	up	1	5	51
4	wjy	f	18	1	circle	green	(724, 619)	low	dis	(645, 428)	N	dif	hori	left	True	1355925	1356788	left	1	5	52
4	wjy	f	18	1	diamond	green	(724, 460)	low	no	no_dis	N	same	vert	up	True	1357942	1359300	up	1	5	53
4	wjy	f	18	1	circle	green	(724, 619)	low	dis	(533, 540)	N	dif	hori	left	True	1360488	1361284	left	1	5	54
4	wjy	f	18	1	circle	green	(757, 540)	low	dis	(645, 652)	N	dif	hori	left	True	1362374	1363052	left	1	5	55
4	wjy	f	18	1	diamond	red	(757, 540)	low	dis	(565, 619)	N	dif	vert	up	True	1364263	1365212	up	1	5	56
4	wjy	f	18	1	diamond	green	(565, 460)	high	dis	(757, 540)	N	dif	hori	left	True	1366410	1367196	left	1	5	57
4	wjy	f	18	1	circle	red	(724, 619)	low	no	no_dis	N	dif	vert	up	True	1368418	1369076	up	1	5	58
4	wjy	f	18	1	diamond	green	(565, 460)	high	no	no_dis	N	same	hori	left	True	1370244	1371293	left	1	5	59
4	wjy	f	18	1	diamond	green	(645, 428)	low	dis	(565, 460)	Y	dif	hori	left	True	1372456	1373868	left	1	5	60
4	wjy	f	18	1	circle	red	(645, 652)	low	dis	(724, 619)	N	same	hori	left	True	1375045	1375860	left	1	5	61
4	wjy	f	18	1	circle	green	(565, 619)	low	dis	(724, 460)	N	same	vert	up	True	1377024	1377948	up	1	5	62
4	wjy	f	18	1	circle	red	(565, 460)	high	dis	(645, 652)	N	same	hori	left	True	1379164	1379868	left	1	5	63
4	wjy	f	18	1	diamond	red	(724, 460)	low	dis	(645, 428)	N	same	vert	up	True	1381044	1382549	up	1	5	64
4	wjy	f	18	1	circle	green	(724, 619)	low	no	no_dis	N	same	hori	left	True	1383721	1384476	left	1	5	65
4	wjy	f	18	1	diamond	red	(565, 460)	high	dis	(724, 619)	N	same	hori	left	True	1385502	1386596	left	1	5	66
4	wjy	f	18	1	diamond	green	(565, 460)	high	no	no_dis	N	dif	hori	left	True	1387607	1388196	left	1	5	67
4	wjy	f	18	1	circle	red	(565, 460)	high	dis	(645, 428)	N	dif	hori	left	True	1389328	1390180	left	1	5	68
4	wjy	f	18	1	circle	green	(533, 540)	low	dis	(724, 460)	N	dif	vert	up	True	1391243	1392012	up	1	5	69
4	wjy	f	18	1	circle	red	(645, 428)	low	dis	(533, 540)	N	dif	vert	up	True	1393079	1393908	up	1	5	70
4	wjy	f	18	1	circle	red	(565, 460)	high	no	no_dis	N	dif	vert	up	True	1395131	1395788	up	1	5	71
4	wjy	f	18	1	diamond	green	(533, 540)	low	no	no_dis	N	same	hori	left	True	1396980	1398389	left	1	5	72
4	wjy	f	18	1	diamond	green	(565, 460)	high	dis	(645, 428)	N	dif	vert	up	True	1399564	1400268	up	1	5	73
4	wjy	f	18	1	circle	green	(724, 460)	low	dis	(565, 619)	N	dif	vert	up	True	1401432	1402324	up	1	5	74
4	wjy	f	18	1	diamond	green	(724, 460)	low	no	no_dis	N	dif	hori	left	True	1403466	1404412	left	1	5	75
4	wjy	f	18	1	diamond	red	(724, 460)	low	no	no_dis	N	same	vert	up	True	1405476	1406428	up	1	5	76
4	wjy	f	18	1	circle	green	(565, 460)	high	no	no_dis	N	same	vert	up	True	1407579	1408340	left	0	5	77
4	wjy	f	18	1	circle	green	(533, 540)	low	dis	(565, 460)	Y	same	vert	up	True	1410950	1412484	up	1	5	78
4	wjy	f	18	1	circle	red	(724, 460)	low	dis	(565, 460)	Y	dif	vert	up	True	1413561	1414364	up	1	5	79
4	wjy	f	18	1	circle	green	(757, 540)	low	dis	(565, 460)	Y	same	hori	left	True	1415548	1416308	left	1	5	80
4	wjy	f	18	1	diamond	green	(645, 428)	low	dis	(565, 460)	Y	same	vert	up	True	1417457	1418412	up	1	5	81
4	wjy	f	18	1	diamond	red	(565, 460)	high	dis	(565, 619)	N	same	vert	up	True	1419660	1420964	up	1	5	82
4	wjy	f	18	1	diamond	red	(645, 428)	low	dis	(565, 619)	N	same	hori	left	True	1422056	1422852	left	1	5	83
4	wjy	f	18	1	circle	red	(533, 540)	low	dis	(645, 652)	N	same	hori	left	True	1424021	1425533	left	1	5	84
4	wjy	f	18	1	circle	green	(565, 460)	high	dis	(645, 652)	N	same	hori	left	True	1426591	1427772	left	1	5	85
4	wjy	f	18	1	diamond	red	(533, 540)	low	dis	(565, 619)	N	dif	hori	left	True	1428924	1429924	left	1	5	86
4	wjy	f	18	1	diamond	green	(645, 652)	low	dis	(757, 540)	N	same	hori	left	True	1431156	1433300	left	1	5	87
4	wjy	f	18	1	diamond	red	(724, 619)	low	dis	(565, 460)	Y	same	hori	left	True	1434435	1435276	left	1	5	88
4	wjy	f	18	1	diamond	green	(533, 540)	low	dis	(757, 540)	N	dif	vert	up	True	1436364	1437229	up	1	5	89
4	wjy	f	18	1	circle	red	(757, 540)	low	no	no_dis	N	dif	hori	left	True	1438253	1439076	left	1	5	90
4	wjy	f	18	1	circle	green	(565, 619)	low	no	no_dis	N	dif	hori	left	True	1440292	1441373	left	1	5	91
4	wjy	f	18	1	diamond	red	(565, 619)	low	dis	(645, 652)	N	same	vert	up	True	1442521	1444012	up	1	5	92
4	wjy	f	18	1	diamond	green	(565, 619)	low	no	no_dis	N	same	vert	up	True	1445173	1445996	up	1	5	93
4	wjy	f	18	1	circle	green	(757, 540)	low	no	no_dis	N	dif	vert	up	True	1447128	1448444	up	1	5	94
4	wjy	f	18	1	diamond	red	(645, 652)	low	no	no_dis	N	dif	hori	left	True	1449510	1451172	left	1	5	95
4	wjy	f	18	1	circle	green	(565, 460)	high	dis	(757, 540)	N	dif	vert	up	True	1452293	1453252	up	1	5	96
4	wjy	f	18	1	diamond	green	(724, 619)	low	dis	(645, 428)	N	same	hori	left	True	1454505	1456468	left	1	5	97
4	wjy	f	18	1	diamond	red	(533, 540)	low	no	no_dis	N	same	vert	up	True	1457643	1458453	up	1	5	98
4	wjy	f	18	1	diamond	red	(565, 460)	high	dis	(565, 619)	N	same	vert	up	True	1459593	1460564	up	1	5	99
4	wjy	f	18	1	diamond	green	(565, 460)	high	no	no_dis	N	dif	hori	left	True	1461727	1463221	left	1	5	100
4	wjy	f	18	1	diamond	red	(645, 428)	low	dis	(757, 540)	N	same	hori	left	True	1464277	1465476	left	1	5	101
4	wjy	f	18	1	circle	red	(645, 428)	low	no	no_dis	N	same	hori	left	True	1466521	1467452	left	1	5	102
4	wjy	f	18	1	diamond	red	(757, 540)	low	no	no_dis	N	same	vert	up	True	1468504	1469396	up	1	5	103
4	wjy	f	18	1	diamond	green	(645, 652)	low	dis	(645, 428)	N	same	vert	up	True	1470406	1471476	up	1	5	104
4	wjy	f	18	1	circle	red	(533, 540)	low	no	no_dis	N	same	hori	left	True	1472566	1473381	left	1	5	105
4	wjy	f	18	1	diamond	red	(565, 460)	high	dis	(533, 540)	N	dif	vert	up	True	1474566	1475612	up	1	5	106
4	wjy	f	18	1	diamond	green	(565, 460)	high	dis	(565, 619)	N	same	vert	up	True	1476688	1477868	up	1	5	107
4	wjy	f	18	1	circle	green	(565, 460)	high	no	no_dis	N	dif	hori	left	True	1478877	1480380	left	1	5	108
4	wjy	f	18	1	diamond	green	(565, 619)	low	no	no_dis	N	same	vert	up	True	1481546	1482484	up	1	5	109
4	wjy	f	18	1	diamond	red	(645, 428)	low	no	no_dis	N	same	hori	left	True	1483515	1484540	left	1	5	110
4	wjy	f	18	1	diamond	red	(533, 540)	low	dis	(724, 460)	N	dif	vert	up	True	1485684	1486396	up	1	5	111
4	wjy	f	18	1	diamond	green	(724, 460)	low	dis	(533, 540)	N	dif	hori	left	True	1487471	1488364	left	1	5	112
4	wjy	f	18	1	circle	green	(565, 460)	high	dis	(724, 619)	N	dif	hori	left	True	1489437	1490796	left	1	5	113
4	wjy	f	18	1	diamond	red	(724, 619)	low	dis	(565, 619)	N	dif	hori	left	True	1491861	1492788	left	1	5	114
4	wjy	f	18	1	diamond	green	(724, 460)	low	dis	(724, 619)	N	same	hori	left	True	1494001	1495156	left	1	5	115
4	wjy	f	18	1	circle	red	(757, 540)	low	dis	(724, 460)	N	dif	hori	left	True	1496202	1497621	left	1	5	116
4	wjy	f	18	1	diamond	green	(757, 540)	low	dis	(645, 428)	N	same	vert	up	True	1498721	1499844	up	1	5	117
4	wjy	f	18	1	diamond	red	(565, 460)	high	no	no_dis	N	same	hori	left	True	1500934	1501829	left	1	5	118
4	wjy	f	18	1	circle	red	(565, 619)	low	dis	(645, 428)	N	same	hori	left	True	1502898	1503820	left	1	5	119
4	wjy	f	18	1	circle	red	(724, 460)	low	dis	(565, 619)	N	same	vert	up	True	1504990	1505964	up	1	5	120
4	wjy	f	18	1	diamond	green	(533, 540)	low	dis	(565, 460)	Y	dif	hori	left	True	1539326	1540156	up	0	6	1
4	wjy	f	18	1	diamond	red	(533, 540)	low	dis	(645, 652)	N	same	vert	up	True	1542779	1543892	up	1	6	2
4	wjy	f	18	1	circle	red	(565, 619)	low	dis	(724, 619)	N	same	hori	left	True	1544959	1546244	left	1	6	3
4	wjy	f	18	1	diamond	red	(724, 460)	low	dis	(533, 540)	N	same	vert	up	True	1547418	1548348	up	1	6	4
4	wjy	f	18	1	diamond	red	(645, 428)	low	dis	(645, 652)	N	same	vert	up	True	1549564	1550252	up	1	6	5
4	wjy	f	18	1	diamond	red	(724, 619)	low	no	no_dis	N	dif	vert	up	True	1551470	1552156	up	1	6	6
4	wjy	f	18	1	diamond	green	(724, 460)	low	no	no_dis	N	same	vert	up	True	1553357	1553965	up	1	6	7
4	wjy	f	18	1	diamond	green	(565, 460)	high	dis	(645, 428)	N	dif	vert	up	True	1555070	1556460	up	1	6	8
4	wjy	f	18	1	circle	green	(645, 652)	low	dis	(565, 460)	Y	dif	vert	up	True	1557685	1558580	up	1	6	9
4	wjy	f	18	1	diamond	green	(645, 652)	low	dis	(757, 540)	N	same	hori	left	True	1559738	1560636	left	1	6	10
4	wjy	f	18	1	circle	red	(565, 619)	low	dis	(645, 652)	N	dif	hori	left	True	1561681	1562660	left	1	6	11
4	wjy	f	18	1	circle	green	(757, 540)	low	dis	(645, 428)	N	same	vert	up	True	1563671	1564565	up	1	6	12
4	wjy	f	18	1	diamond	green	(757, 540)	low	no	no_dis	N	same	hori	left	True	1565648	1566380	left	1	6	13
4	wjy	f	18	1	diamond	green	(645, 428)	low	dis	(724, 460)	N	same	hori	left	True	1567571	1568829	left	1	6	14
4	wjy	f	18	1	circle	green	(645, 652)	low	no	no_dis	N	dif	hori	left	True	1569962	1570700	left	1	6	15
4	wjy	f	18	1	circle	red	(757, 540)	low	no	no_dis	N	dif	hori	left	True	1571788	1572420	left	1	6	16
4	wjy	f	18	1	diamond	green	(565, 460)	high	dis	(724, 619)	N	dif	hori	left	True	1573642	1575452	left	1	6	17
4	wjy	f	18	1	diamond	green	(645, 428)	low	no	no_dis	N	dif	hori	left	True	1576632	1577716	left	1	6	18
4	wjy	f	18	1	diamond	green	(724, 460)	low	dis	(565, 460)	Y	dif	hori	left	True	1578776	1579908	left	1	6	19
4	wjy	f	18	1	diamond	green	(533, 540)	low	dis	(565, 619)	N	same	hori	left	True	1581092	1581916	left	1	6	20
4	wjy	f	18	1	diamond	green	(645, 428)	low	dis	(724, 460)	N	dif	vert	up	True	1582943	1583660	up	1	6	21
4	wjy	f	18	1	circle	green	(645, 652)	low	no	no_dis	N	dif	vert	up	True	1584793	1585821	up	1	6	22
4	wjy	f	18	1	circle	red	(565, 460)	high	dis	(724, 460)	N	dif	hori	left	True	1586991	1587708	left	1	6	23
4	wjy	f	18	1	diamond	green	(565, 460)	high	dis	(533, 540)	N	same	hori	left	True	1588839	1589844	left	1	6	24
4	wjy	f	18	1	diamond	green	(565, 619)	low	dis	(565, 460)	Y	dif	vert	up	True	1591005	1592036	up	1	6	25
4	wjy	f	18	1	circle	green	(533, 540)	low	no	no_dis	N	same	vert	up	True	1593216	1594188	up	1	6	26
4	wjy	f	18	1	circle	green	(645, 652)	low	dis	(724, 619)	N	dif	vert	up	True	1595343	1596380	up	1	6	27
4	wjy	f	18	1	diamond	red	(757, 540)	low	dis	(724, 460)	N	same	hori	left	True	1597434	1598764	left	1	6	28
4	wjy	f	18	1	circle	green	(565, 460)	high	dis	(724, 619)	N	same	hori	left	True	1599930	1600668	left	1	6	29
4	wjy	f	18	1	circle	red	(724, 619)	low	dis	(645, 652)	N	dif	vert	up	True	1601902	1602789	up	1	6	30
4	wjy	f	18	1	circle	red	(645, 428)	low	dis	(565, 619)	N	same	vert	up	True	1604036	1604933	up	1	6	31
4	wjy	f	18	1	circle	red	(724, 460)	low	no	no_dis	N	same	vert	up	True	1605971	1606749	up	1	6	32
4	wjy	f	18	1	diamond	red	(645, 428)	low	no	no_dis	N	dif	vert	up	True	1607995	1609036	up	1	6	33
4	wjy	f	18	1	circle	red	(724, 619)	low	dis	(757, 540)	N	same	hori	left	True	1610104	1611276	left	1	6	34
4	wjy	f	18	1	circle	red	(565, 460)	high	no	no_dis	N	same	hori	left	True	1612498	1613332	left	1	6	35
4	wjy	f	18	1	diamond	red	(645, 428)	low	dis	(533, 540)	N	dif	hori	left	True	1614558	1615908	left	1	6	36
4	wjy	f	18	1	circle	red	(533, 540)	low	dis	(565, 460)	Y	dif	vert	up	True	1616938	1618053	up	1	6	37
4	wjy	f	18	1	circle	green	(565, 619)	low	dis	(645, 428)	N	dif	hori	left	True	1619072	1619844	left	1	6	38
4	wjy	f	18	1	circle	red	(565, 460)	high	dis	(757, 540)	N	same	vert	up	True	1620881	1621692	up	1	6	39
4	wjy	f	18	1	circle	green	(724, 460)	low	no	no_dis	N	same	hori	left	True	1622833	1623644	left	1	6	40
4	wjy	f	18	1	diamond	red	(724, 619)	low	dis	(533, 540)	N	same	vert	up	True	1624811	1625740	up	1	6	41
4	wjy	f	18	1	circle	red	(565, 460)	high	dis	(645, 652)	N	dif	hori	left	True	1626852	1627604	left	1	6	42
4	wjy	f	18	1	circle	red	(645, 652)	low	no	no_dis	N	same	hori	left	True	1628664	1629316	left	1	6	43
4	wjy	f	18	1	diamond	red	(645, 652)	low	dis	(565, 460)	Y	same	vert	up	True	1630428	1631412	up	1	6	44
4	wjy	f	18	1	circle	green	(565, 460)	high	dis	(724, 619)	N	same	vert	up	True	1632609	1633532	up	1	6	45
4	wjy	f	18	1	diamond	red	(533, 540)	low	no	no_dis	N	dif	vert	up	True	1634722	1636004	up	1	6	46
4	wjy	f	18	1	diamond	red	(565, 460)	high	dis	(533, 540)	N	dif	vert	up	True	1637199	1638396	up	1	6	47
4	wjy	f	18	1	diamond	red	(724, 460)	low	dis	(645, 428)	N	same	hori	left	True	1639557	1640852	left	1	6	48
4	wjy	f	18	1	diamond	red	(565, 619)	low	dis	(533, 540)	N	dif	hori	left	True	1642006	1643996	left	1	6	49
4	wjy	f	18	1	circle	green	(565, 460)	high	dis	(757, 540)	N	same	vert	up	True	1645171	1646228	up	1	6	50
4	wjy	f	18	1	circle	red	(724, 460)	low	dis	(757, 540)	N	same	vert	up	True	1647278	1648268	up	1	6	51
4	wjy	f	18	1	diamond	red	(645, 652)	low	dis	(757, 540)	N	same	hori	left	True	1649344	1650668	left	1	6	52
4	wjy	f	18	1	circle	green	(533, 540)	low	no	no_dis	N	dif	vert	up	True	1651673	1652524	up	1	6	53
4	wjy	f	18	1	diamond	green	(565, 460)	high	dis	(724, 460)	N	same	vert	up	True	1653577	1654452	up	1	6	54
4	wjy	f	18	1	diamond	green	(565, 460)	high	no	no_dis	N	same	hori	left	True	1655611	1656724	left	1	6	55
4	wjy	f	18	1	diamond	red	(565, 460)	high	dis	(565, 619)	N	dif	hori	left	True	1657786	1659076	left	1	6	56
4	wjy	f	18	1	diamond	green	(757, 540)	low	dis	(645, 652)	N	dif	vert	up	True	1660252	1661132	up	1	6	57
4	wjy	f	18	1	circle	green	(645, 428)	low	dis	(533, 540)	N	dif	vert	up	True	1662336	1663508	up	1	6	58
4	wjy	f	18	1	circle	red	(724, 619)	low	no	no_dis	N	same	hori	left	True	1664656	1665916	left	1	6	59
4	wjy	f	18	1	diamond	green	(533, 540)	low	no	no_dis	N	dif	hori	left	True	1667056	1668300	left	1	6	60
4	wjy	f	18	1	diamond	green	(724, 460)	low	dis	(645, 428)	N	dif	hori	left	True	1669518	1670500	left	1	6	61
4	wjy	f	18	1	diamond	green	(724, 619)	low	dis	(645, 428)	N	dif	vert	up	True	1671554	1672404	up	1	6	62
4	wjy	f	18	1	circle	green	(565, 460)	high	no	no_dis	N	dif	hori	left	True	1673531	1674604	left	1	6	63
4	wjy	f	18	1	diamond	red	(565, 460)	high	dis	(757, 540)	N	same	hori	left	True	1675701	1676892	left	1	6	64
4	wjy	f	18	1	circle	green	(565, 460)	high	no	no_dis	N	same	vert	up	True	1678072	1679628	up	1	6	65
4	wjy	f	18	1	diamond	green	(757, 540)	low	dis	(565, 619)	N	dif	hori	left	True	1680692	1681509	left	1	6	66
4	wjy	f	18	1	diamond	red	(565, 460)	high	dis	(724, 460)	N	same	hori	left	True	1682541	1683596	left	1	6	67
4	wjy	f	18	1	circle	red	(565, 619)	low	no	no_dis	N	same	vert	up	True	1684609	1685420	up	1	6	68
4	wjy	f	18	1	diamond	green	(757, 540)	low	no	no_dis	N	dif	hori	left	True	1686663	1687420	left	1	6	69
4	wjy	f	18	1	circle	red	(645, 428)	low	dis	(757, 540)	N	dif	hori	left	True	1688542	1689556	left	1	6	70
4	wjy	f	18	1	circle	red	(533, 540)	low	dis	(645, 652)	N	same	vert	up	True	1690790	1691788	up	1	6	71
4	wjy	f	18	1	diamond	red	(565, 619)	low	dis	(724, 619)	N	dif	hori	left	True	1692959	1694324	left	1	6	72
4	wjy	f	18	1	circle	green	(565, 619)	low	dis	(757, 540)	N	same	vert	up	True	1695438	1696428	up	1	6	73
4	wjy	f	18	1	diamond	red	(724, 619)	low	dis	(533, 540)	N	dif	vert	up	True	1697616	1698756	up	1	6	74
4	wjy	f	18	1	diamond	green	(565, 619)	low	dis	(757, 540)	N	dif	hori	left	True	1700003	1700820	left	1	6	75
4	wjy	f	18	1	diamond	green	(565, 460)	high	dis	(645, 428)	N	dif	vert	up	True	1701968	1704260	up	1	6	76
4	wjy	f	18	1	circle	green	(645, 428)	low	dis	(565, 460)	Y	same	hori	left	True	1705481	1706692	left	1	6	77
4	wjy	f	18	1	diamond	green	(565, 460)	high	dis	(565, 619)	N	dif	hori	left	True	1707925	1709500	left	1	6	78
4	wjy	f	18	1	circle	red	(757, 540)	low	dis	(565, 619)	N	dif	vert	up	True	1710536	1711388	up	1	6	79
4	wjy	f	18	1	diamond	red	(724, 619)	low	no	no_dis	N	same	vert	up	True	1712640	1713476	up	1	6	80
4	wjy	f	18	1	circle	green	(757, 540)	low	dis	(645, 428)	N	same	vert	up	True	1714626	1715588	up	1	6	81
4	wjy	f	18	1	circle	green	(724, 460)	low	dis	(565, 619)	N	same	hori	left	True	1716699	1717620	left	1	6	82
4	wjy	f	18	1	diamond	red	(565, 460)	high	no	no_dis	N	same	vert	up	True	1718780	1719668	up	1	6	83
4	wjy	f	18	1	circle	green	(565, 619)	low	no	no_dis	N	same	vert	up	True	1720822	1722372	up	1	6	84
4	wjy	f	18	1	circle	red	(565, 619)	low	no	no_dis	N	dif	hori	left	True	1723413	1724229	left	1	6	85
4	wjy	f	18	1	diamond	red	(724, 460)	low	no	no_dis	N	dif	vert	up	True	1725364	1726060	up	1	6	86
4	wjy	f	18	1	circle	red	(724, 460)	low	dis	(565, 460)	Y	dif	vert	up	True	1727281	1728020	up	1	6	87
4	wjy	f	18	1	diamond	green	(565, 460)	high	no	no_dis	N	dif	hori	left	True	1729237	1730388	left	1	6	88
4	wjy	f	18	1	circle	red	(757, 540)	low	dis	(724, 619)	N	dif	hori	left	True	1731418	1732253	left	1	6	89
4	wjy	f	18	1	diamond	green	(724, 619)	low	no	no_dis	N	same	hori	left	True	1733391	1734524	left	1	6	90
4	wjy	f	18	1	diamond	red	(565, 460)	high	dis	(565, 619)	N	dif	vert	up	True	1735694	1736684	up	1	6	91
4	wjy	f	18	1	circle	red	(565, 619)	low	no	no_dis	N	dif	hori	left	True	1737845	1738812	left	1	6	92
4	wjy	f	18	1	diamond	red	(533, 540)	low	dis	(565, 460)	Y	same	vert	up	True	1739850	1741276	up	1	6	93
4	wjy	f	18	1	circle	red	(565, 460)	high	dis	(565, 619)	N	dif	vert	up	True	1742334	1743333	up	1	6	94
4	wjy	f	18	1	diamond	red	(757, 540)	low	no	no_dis	N	same	hori	left	True	1744422	1745380	left	1	6	95
4	wjy	f	18	1	diamond	green	(645, 652)	low	no	no_dis	N	same	vert	up	True	1746545	1747692	up	1	6	96
4	wjy	f	18	1	circle	green	(565, 460)	high	dis	(645, 428)	N	same	hori	left	True	1748871	1750284	left	1	6	97
4	wjy	f	18	1	circle	red	(645, 652)	low	dis	(724, 619)	N	same	hori	left	True	1751452	1752508	left	1	6	98
4	wjy	f	18	1	circle	red	(565, 460)	high	no	no_dis	N	dif	vert	up	True	1753510	1754148	up	1	6	99
4	wjy	f	18	1	circle	red	(645, 652)	low	dis	(724, 460)	N	dif	vert	up	True	1755162	1756092	up	1	6	100
4	wjy	f	18	1	diamond	green	(645, 652)	low	dis	(724, 619)	N	dif	vert	up	True	1757109	1758500	up	1	6	101
4	wjy	f	18	1	circle	red	(565, 460)	high	no	no_dis	N	dif	vert	up	True	1759608	1760220	up	1	6	102
4	wjy	f	18	1	circle	green	(533, 540)	low	dis	(724, 460)	N	same	hori	left	True	1761451	1762284	left	1	6	103
4	wjy	f	18	1	diamond	green	(724, 619)	low	dis	(565, 619)	N	same	hori	left	True	1763461	1764876	left	1	6	104
4	wjy	f	18	1	circle	red	(565, 460)	high	dis	(724, 619)	N	same	vert	up	True	1765975	1766732	up	1	6	105
4	wjy	f	18	1	circle	green	(565, 460)	high	dis	(533, 540)	N	dif	vert	up	True	1767935	1768772	left	0	6	106
4	wjy	f	18	1	diamond	red	(645, 428)	low	no	no_dis	N	same	hori	left	True	1771509	1772452	left	1	6	107
4	wjy	f	18	1	circle	green	(565, 460)	high	dis	(724, 460)	N	dif	hori	left	True	1773536	1774908	left	1	6	108
4	wjy	f	18	1	diamond	red	(565, 460)	high	no	no_dis	N	dif	hori	left	True	1776136	1777308	left	1	6	109
4	wjy	f	18	1	diamond	red	(565, 460)	high	dis	(645, 652)	N	same	hori	left	True	1778351	1778933	left	1	6	110
4	wjy	f	18	1	diamond	red	(565, 460)	high	no	no_dis	N	same	hori	left	True	1779985	1780564	left	1	6	111
4	wjy	f	18	1	diamond	green	(565, 460)	high	no	no_dis	N	dif	vert	up	True	1781758	1782332	left	0	6	112
4	wjy	f	18	1	circle	green	(645, 428)	low	no	no_dis	N	dif	vert	up	True	1785041	1786412	up	1	6	113
4	wjy	f	18	1	circle	green	(724, 460)	low	dis	(533, 540)	N	same	vert	up	True	1787544	1788508	up	1	6	114
4	wjy	f	18	1	circle	green	(533, 540)	low	dis	(645, 428)	N	same	vert	up	True	1789669	1790412	up	1	6	115
4	wjy	f	18	1	circle	red	(565, 460)	high	dis	(645, 652)	N	same	vert	up	True	1791463	1792124	up	1	6	116
4	wjy	f	18	1	circle	green	(565, 460)	high	no	no_dis	N	same	vert	up	True	1793348	1794140	up	1	6	117
4	wjy	f	18	1	diamond	red	(757, 540)	low	dis	(724, 460)	N	dif	hori	left	True	1795263	1796781	left	1	6	118
4	wjy	f	18	1	circle	green	(724, 619)	low	dis	(645, 652)	N	same	hori	left	True	1797902	1798820	left	1	6	119
4	wjy	f	18	1	circle	green	(724, 619)	low	dis	(565, 460)	Y	dif	hori	left	True	1800050	1800812	left	1	6	120
conf	4	wjy	f	18	1	True	1839712	1869468	4	True	1869480	1875028	1
