subj	name	gender	age	prac	shape	color	tar_loc	popularity	dis_cond	dis_loc	dis_high	td_dif	line	respkey	gotkey	startTime	respTime	resp	correct	block	trialnum
6	xwq	f	19	1	diamond	green	(724, 460)	low	dis	(565, 619)	Y	dif	hori	left	True	10564	12834	left	1	1	1
6	xwq	f	19	1	diamond	green	(645, 652)	low	dis	(724, 619)	N	same	hori	left	True	13894	15323	left	1	1	2
6	xwq	f	19	1	circle	green	(565, 460)	low	dis	(724, 460)	N	dif	hori	left	True	16418	17378	up	0	1	3
6	xwq	f	19	1	circle	red	(724, 460)	low	dis	(645, 428)	N	dif	vert	up	True	19966	22034	up	1	1	4
6	xwq	f	19	1	diamond	red	(724, 460)	low	dis	(565, 460)	N	dif	vert	up	True	23199	25641	up	1	1	5
6	xwq	f	19	1	circle	green	(565, 619)	high	dis	(533, 540)	N	same	hori	left	True	26709	28123	left	1	1	6
6	xwq	f	19	1	circle	red	(724, 619)	low	dis	(757, 540)	N	dif	vert	up	True	29340	30858	left	0	1	7
6	xwq	f	19	1	circle	red	(565, 619)	high	dis	(645, 428)	N	dif	hori	left	True	33374	35634	left	1	1	8
6	xwq	f	19	1	diamond	red	(724, 460)	low	dis	(645, 428)	N	dif	vert	up	False	36648	None	None	0	1	9
6	xwq	f	19	1	circle	red	(724, 460)	low	no	no_dis	N	dif	hori	left	True	42241	43530	left	1	1	10
6	xwq	f	19	1	diamond	green	(645, 428)	low	no	no_dis	N	dif	hori	left	False	44572	None	None	0	1	11
6	xwq	f	19	1	diamond	red	(565, 619)	high	dis	(724, 460)	N	same	vert	up	True	50266	51850	left	0	1	12
6	xwq	f	19	1	circle	red	(645, 652)	low	dis	(724, 619)	N	same	hori	left	True	54447	56491	left	1	1	13
6	xwq	f	19	1	diamond	red	(724, 460)	low	no	no_dis	N	same	vert	up	True	57618	59522	up	1	1	14
6	xwq	f	19	1	circle	red	(565, 619)	high	dis	(565, 460)	N	dif	vert	up	True	60616	61946	up	1	1	15
6	xwq	f	19	1	diamond	green	(565, 619)	high	no	no_dis	N	dif	hori	left	True	63094	64114	left	1	1	16
6	xwq	f	19	1	circle	green	(565, 619)	high	no	no_dis	N	same	vert	up	True	65362	67810	up	1	1	17
6	xwq	f	19	1	circle	green	(645, 652)	low	no	no_dis	N	dif	vert	up	True	68885	70450	up	1	1	18
6	xwq	f	19	1	circle	red	(533, 540)	low	dis	(645, 428)	N	dif	hori	left	True	71626	72938	left	1	1	19
6	xwq	f	19	1	circle	red	(724, 619)	low	dis	(533, 540)	N	same	vert	up	True	73952	75706	up	1	1	20
6	xwq	f	19	1	circle	green	(757, 540)	low	dis	(724, 619)	N	dif	vert	up	True	76878	79355	up	1	1	21
6	xwq	f	19	1	diamond	red	(724, 619)	low	dis	(724, 460)	N	same	vert	up	False	80431	None	None	0	1	22
6	xwq	f	19	1	diamond	green	(565, 619)	high	dis	(565, 460)	N	same	hori	left	False	86152	None	None	0	1	23
6	xwq	f	19	1	circle	red	(645, 428)	low	dis	(565, 619)	Y	same	vert	up	True	91696	93554	up	1	1	24
6	xwq	f	19	1	diamond	red	(645, 428)	low	no	no_dis	N	dif	vert	up	True	94599	97042	up	1	1	25
6	xwq	f	19	1	circle	green	(533, 540)	low	dis	(645, 652)	N	dif	hori	left	True	98225	99818	left	1	1	26
6	xwq	f	19	1	circle	red	(645, 428)	low	dis	(645, 652)	N	dif	vert	up	True	100909	102946	up	1	1	27
6	xwq	f	19	1	circle	red	(565, 460)	low	no	no_dis	N	dif	hori	left	True	104157	105810	left	1	1	28
6	xwq	f	19	1	diamond	red	(645, 652)	low	dis	(757, 540)	N	same	hori	left	True	106851	108250	up	0	1	29
6	xwq	f	19	1	circle	red	(565, 460)	low	dis	(645, 652)	N	same	vert	up	True	111007	113338	up	1	1	30
6	xwq	f	19	1	diamond	green	(645, 428)	low	dis	(565, 619)	Y	same	hori	left	False	114489	None	None	0	1	31
6	xwq	f	19	1	diamond	red	(645, 652)	low	dis	(645, 428)	N	same	vert	up	False	120007	None	None	0	1	32
6	xwq	f	19	1	circle	green	(565, 460)	low	dis	(533, 540)	N	same	hori	left	True	125611	128162	left	1	1	33
6	xwq	f	19	1	diamond	red	(533, 540)	low	dis	(565, 460)	N	dif	vert	up	True	129316	130722	up	1	1	34
6	xwq	f	19	1	diamond	red	(533, 540)	low	dis	(645, 652)	N	same	hori	left	True	131908	133609	left	1	1	35
6	xwq	f	19	1	diamond	green	(533, 540)	low	no	no_dis	N	dif	vert	up	True	134778	136745	up	1	1	36
6	xwq	f	19	1	circle	green	(724, 619)	low	no	no_dis	N	dif	hori	left	True	137948	139370	left	1	1	37
6	xwq	f	19	1	diamond	red	(757, 540)	low	no	no_dis	N	dif	hori	left	True	140398	141594	left	1	1	38
6	xwq	f	19	1	circle	green	(565, 619)	high	dis	(565, 460)	N	dif	hori	left	True	142639	144074	left	1	1	39
6	xwq	f	19	1	diamond	green	(724, 619)	low	dis	(645, 428)	N	same	hori	left	True	145229	146378	left	1	1	40
6	xwq	f	19	1	diamond	green	(533, 540)	low	dis	(757, 540)	N	same	vert	up	True	147520	149074	up	1	1	41
6	xwq	f	19	1	diamond	green	(533, 540)	low	dis	(565, 460)	N	dif	vert	up	True	150178	151530	up	1	1	42
6	xwq	f	19	1	circle	green	(565, 619)	high	dis	(757, 540)	N	dif	vert	up	True	152657	154161	up	1	1	43
6	xwq	f	19	1	circle	green	(565, 619)	high	dis	(645, 652)	N	dif	vert	up	True	155383	157339	left	0	1	44
6	xwq	f	19	1	diamond	red	(645, 428)	low	no	no_dis	N	same	hori	left	True	159885	161969	left	1	1	45
6	xwq	f	19	1	circle	red	(565, 460)	low	dis	(724, 619)	N	dif	hori	left	True	163099	164930	left	1	1	46
6	xwq	f	19	1	diamond	red	(757, 540)	low	dis	(565, 460)	N	dif	vert	up	True	166043	168242	up	1	1	47
6	xwq	f	19	1	circle	green	(645, 652)	low	dis	(533, 540)	N	same	hori	left	True	169400	171161	left	1	1	48
6	xwq	f	19	1	diamond	green	(724, 460)	low	no	no_dis	N	same	vert	up	True	172266	174650	up	1	1	49
6	xwq	f	19	1	circle	red	(645, 428)	low	no	no_dis	N	dif	vert	up	True	175788	177225	up	1	1	50
6	xwq	f	19	1	diamond	red	(565, 619)	high	no	no_dis	N	dif	hori	left	True	178335	179842	left	1	1	51
6	xwq	f	19	1	circle	red	(565, 619)	high	no	no_dis	N	same	vert	up	True	181061	182338	up	1	1	52
6	xwq	f	19	1	diamond	green	(565, 619)	high	no	no_dis	N	dif	hori	left	True	183416	184842	left	1	1	53
6	xwq	f	19	1	circle	red	(565, 619)	high	dis	(757, 540)	N	same	vert	up	True	186032	187521	up	1	1	54
6	xwq	f	19	1	circle	green	(724, 619)	low	no	no_dis	N	same	vert	up	True	188772	190057	up	1	1	55
6	xwq	f	19	1	diamond	green	(645, 652)	low	no	no_dis	N	same	hori	left	True	191192	193210	left	1	1	56
6	xwq	f	19	1	circle	green	(645, 652)	low	dis	(757, 540)	N	dif	vert	up	True	194254	195346	up	1	1	57
6	xwq	f	19	1	circle	green	(565, 619)	high	no	no_dis	N	same	hori	left	True	196552	197602	left	1	1	58
6	xwq	f	19	1	diamond	green	(565, 619)	high	dis	(533, 540)	N	dif	hori	left	True	198820	201026	left	1	1	59
6	xwq	f	19	1	diamond	green	(645, 652)	low	dis	(565, 619)	Y	dif	hori	left	True	202111	203978	left	1	1	60
6	xwq	f	19	1	diamond	red	(565, 619)	high	dis	(565, 460)	N	same	hori	left	True	205172	206330	left	1	1	61
6	xwq	f	19	1	diamond	green	(565, 619)	high	dis	(645, 428)	N	same	vert	up	True	207349	208906	left	0	1	62
6	xwq	f	19	1	circle	red	(645, 652)	low	dis	(757, 540)	N	same	hori	left	True	211625	212970	left	1	1	63
6	xwq	f	19	1	circle	red	(565, 619)	high	dis	(533, 540)	N	dif	vert	up	True	214025	215194	left	0	1	64
6	xwq	f	19	1	circle	red	(724, 619)	low	no	no_dis	N	same	hori	left	True	217817	219145	left	1	1	65
6	xwq	f	19	1	circle	green	(724, 619)	low	dis	(533, 540)	N	same	vert	up	True	220398	221202	up	1	1	66
6	xwq	f	19	1	diamond	red	(757, 540)	low	no	no_dis	N	same	hori	left	True	222394	223305	left	1	1	67
6	xwq	f	19	1	diamond	red	(565, 619)	high	no	no_dis	N	dif	vert	up	True	224355	224994	up	1	1	68
6	xwq	f	19	1	circle	green	(724, 619)	low	dis	(645, 652)	N	dif	hori	left	True	226039	228425	left	1	1	69
6	xwq	f	19	1	diamond	green	(565, 619)	high	no	no_dis	N	dif	vert	up	True	229616	230489	up	1	1	70
6	xwq	f	19	1	diamond	green	(565, 460)	low	dis	(565, 619)	Y	dif	hori	left	True	231535	232681	left	1	1	71
6	xwq	f	19	1	diamond	red	(533, 540)	low	no	no_dis	N	same	vert	up	True	233824	235425	up	1	1	72
6	xwq	f	19	1	circle	red	(565, 619)	high	no	no_dis	N	dif	vert	up	True	236599	237705	left	0	1	73
6	xwq	f	19	1	circle	red	(645, 652)	low	no	no_dis	N	dif	vert	up	True	240277	241553	up	1	1	74
6	xwq	f	19	1	diamond	green	(565, 460)	low	no	no_dis	N	same	hori	left	True	242608	243418	left	1	1	75
6	xwq	f	19	1	diamond	green	(565, 619)	high	dis	(645, 428)	N	same	vert	up	True	244428	246442	up	1	1	76
6	xwq	f	19	1	diamond	red	(565, 460)	low	dis	(565, 619)	Y	dif	vert	up	True	247667	248833	up	1	1	77
6	xwq	f	19	1	circle	red	(565, 619)	high	dis	(724, 619)	N	same	vert	up	True	249970	251306	up	1	1	78
6	xwq	f	19	1	diamond	green	(757, 540)	low	dis	(724, 619)	N	same	vert	up	True	252383	253650	up	1	1	79
6	xwq	f	19	1	circle	red	(533, 540)	low	dis	(757, 540)	N	dif	vert	up	True	254896	257163	up	1	1	80
6	xwq	f	19	1	diamond	red	(565, 619)	high	dis	(724, 619)	N	same	vert	up	True	258367	259977	up	1	1	81
6	xwq	f	19	1	diamond	green	(645, 652)	low	no	no_dis	N	same	vert	up	True	261030	262609	up	1	1	82
6	xwq	f	19	1	circle	red	(757, 540)	low	no	no_dis	N	dif	vert	up	True	263743	265057	up	1	1	83
6	xwq	f	19	1	circle	red	(565, 460)	low	no	no_dis	N	dif	hori	left	True	266172	267050	left	1	1	84
6	xwq	f	19	1	circle	red	(757, 540)	low	dis	(565, 619)	Y	dif	hori	left	True	268151	269338	left	1	1	85
6	xwq	f	19	1	circle	green	(565, 619)	high	dis	(645, 652)	N	same	hori	left	True	270572	271329	left	1	1	86
6	xwq	f	19	1	diamond	green	(724, 460)	low	dis	(645, 428)	N	dif	hori	left	True	272479	273537	up	0	1	87
6	xwq	f	19	1	diamond	green	(565, 619)	high	dis	(645, 652)	N	dif	hori	left	True	276208	278066	left	1	1	88
6	xwq	f	19	1	diamond	red	(565, 619)	high	dis	(724, 460)	N	dif	hori	left	True	279258	281386	left	1	1	89
6	xwq	f	19	1	circle	green	(565, 619)	high	dis	(724, 460)	N	same	hori	left	True	282391	283897	left	1	1	90
6	xwq	f	19	1	diamond	red	(724, 619)	low	dis	(565, 619)	Y	same	hori	left	True	284946	286593	left	1	1	91
6	xwq	f	19	1	circle	green	(565, 619)	high	no	no_dis	N	same	vert	up	True	287626	289434	up	1	1	92
6	xwq	f	19	1	circle	green	(724, 460)	low	dis	(645, 652)	N	dif	vert	up	True	290525	292009	up	1	1	93
6	xwq	f	19	1	circle	green	(724, 460)	low	dis	(533, 540)	N	same	vert	up	True	293231	294545	left	0	1	94
6	xwq	f	19	1	circle	green	(645, 428)	low	dis	(565, 460)	N	same	vert	up	True	297139	298873	left	0	1	95
6	xwq	f	19	1	diamond	green	(724, 619)	low	no	no_dis	N	dif	vert	up	True	301568	302889	up	1	1	96
6	xwq	f	19	1	diamond	red	(565, 460)	low	dis	(724, 460)	N	same	vert	up	True	304140	306185	up	1	1	97
6	xwq	f	19	1	diamond	red	(565, 619)	high	no	no_dis	N	same	hori	left	True	307425	308897	left	1	1	98
6	xwq	f	19	1	diamond	green	(757, 540)	low	dis	(724, 460)	N	same	hori	left	True	310058	311193	left	1	1	99
6	xwq	f	19	1	diamond	green	(565, 460)	low	dis	(565, 619)	Y	dif	vert	up	True	312288	313529	up	1	1	100
6	xwq	f	19	1	diamond	green	(724, 619)	low	dis	(645, 428)	N	same	hori	left	True	314751	317210	left	1	1	101
6	xwq	f	19	1	diamond	red	(565, 619)	high	dis	(533, 540)	N	same	hori	left	True	318449	319962	left	1	1	102
6	xwq	f	19	1	circle	green	(724, 460)	low	no	no_dis	N	same	hori	left	True	321206	322193	left	1	1	103
6	xwq	f	19	1	diamond	green	(565, 619)	high	dis	(757, 540)	N	dif	vert	up	True	323368	324897	up	1	1	104
6	xwq	f	19	1	circle	green	(645, 428)	low	dis	(724, 460)	N	same	hori	left	True	326117	328330	left	1	1	105
6	xwq	f	19	1	circle	green	(533, 540)	low	dis	(565, 619)	Y	same	vert	up	True	329514	331417	up	1	1	106
6	xwq	f	19	1	diamond	red	(565, 619)	high	dis	(724, 619)	N	dif	hori	left	True	332489	334769	up	0	1	107
6	xwq	f	19	1	circle	green	(757, 540)	low	no	no_dis	N	dif	hori	left	True	337375	338338	left	1	1	108
6	xwq	f	19	1	circle	red	(565, 619)	high	no	no_dis	N	same	hori	left	True	339494	340897	left	1	1	109
6	xwq	f	19	1	diamond	green	(645, 428)	low	dis	(565, 460)	N	dif	hori	left	True	342005	343858	left	1	1	110
6	xwq	f	19	1	diamond	red	(645, 428)	low	dis	(533, 540)	N	same	hori	left	True	345072	346298	left	1	1	111
6	xwq	f	19	1	circle	green	(533, 540)	low	no	no_dis	N	same	vert	up	True	347360	348329	up	1	1	112
6	xwq	f	19	1	circle	red	(565, 619)	high	dis	(724, 460)	N	dif	vert	up	True	349338	350761	up	1	1	113
6	xwq	f	19	1	diamond	red	(757, 540)	low	dis	(645, 652)	N	dif	hori	left	True	351994	353882	left	1	1	114
6	xwq	f	19	1	circle	red	(724, 460)	low	dis	(757, 540)	N	dif	hori	left	True	355049	356890	left	1	1	115
6	xwq	f	19	1	circle	green	(757, 540)	low	dis	(724, 619)	N	same	vert	up	True	357963	359474	left	0	1	116
6	xwq	f	19	1	diamond	red	(645, 428)	low	dis	(724, 460)	N	dif	hori	left	True	362143	364922	up	0	1	117
6	xwq	f	19	1	diamond	red	(565, 460)	low	no	no_dis	N	same	vert	up	True	367498	369234	up	1	1	118
6	xwq	f	19	1	circle	red	(757, 540)	low	dis	(724, 619)	N	same	vert	up	True	370452	372066	up	1	1	119
6	xwq	f	19	1	circle	green	(533, 540)	low	no	no_dis	N	same	hori	left	True	373210	374633	left	1	1	120
6	xwq	f	19	1	circle	red	(565, 619)	high	dis	(645, 428)	N	dif	vert	up	True	414704	417209	up	1	2	1
6	xwq	f	19	1	diamond	green	(565, 619)	high	dis	(533, 540)	N	same	vert	up	True	418230	420681	up	1	2	2
6	xwq	f	19	1	diamond	red	(645, 652)	low	dis	(724, 619)	N	same	hori	left	True	421858	423377	left	1	2	3
6	xwq	f	19	1	diamond	red	(565, 619)	high	no	no_dis	N	dif	vert	up	True	424617	425490	up	1	2	4
6	xwq	f	19	1	circle	green	(565, 619)	high	dis	(724, 619)	N	same	hori	left	True	426731	428297	left	1	2	5
6	xwq	f	19	1	circle	red	(565, 619)	high	dis	(757, 540)	N	dif	vert	up	True	429485	430594	up	1	2	6
6	xwq	f	19	1	circle	green	(645, 428)	low	dis	(645, 652)	N	same	vert	up	True	431710	433137	up	1	2	7
6	xwq	f	19	1	circle	green	(757, 540)	low	dis	(645, 428)	N	dif	vert	up	True	434194	435146	up	1	2	8
6	xwq	f	19	1	diamond	green	(565, 619)	high	no	no_dis	N	dif	hori	left	True	436242	437490	left	1	2	9
6	xwq	f	19	1	diamond	green	(533, 540)	low	dis	(565, 460)	N	dif	hori	left	True	438703	439841	left	1	2	10
6	xwq	f	19	1	circle	red	(757, 540)	low	no	no_dis	N	same	hori	left	True	441042	442050	left	1	2	11
6	xwq	f	19	1	diamond	red	(533, 540)	low	dis	(645, 652)	N	same	hori	left	True	443122	444793	up	0	2	12
6	xwq	f	19	1	circle	red	(724, 460)	low	dis	(533, 540)	N	dif	vert	up	True	447380	448562	up	1	2	13
6	xwq	f	19	1	circle	red	(724, 619)	low	dis	(757, 540)	N	same	hori	left	True	449629	450929	left	1	2	14
6	xwq	f	19	1	circle	red	(565, 619)	high	dis	(724, 460)	N	dif	hori	left	True	452073	454185	left	1	2	15
6	xwq	f	19	1	circle	green	(533, 540)	low	no	no_dis	N	same	vert	up	True	455375	456289	up	1	2	16
6	xwq	f	19	1	diamond	red	(533, 540)	low	dis	(724, 460)	N	dif	hori	left	True	457372	459777	left	1	2	17
6	xwq	f	19	1	diamond	red	(645, 652)	low	no	no_dis	N	dif	vert	up	True	460864	461906	up	1	2	18
6	xwq	f	19	1	circle	green	(724, 619)	low	no	no_dis	N	dif	vert	up	True	462953	464145	left	0	2	19
6	xwq	f	19	1	circle	red	(757, 540)	low	dis	(565, 460)	N	dif	vert	up	True	466672	468226	up	1	2	20
6	xwq	f	19	1	diamond	green	(533, 540)	low	dis	(565, 619)	Y	same	vert	up	True	469475	471665	up	1	2	21
6	xwq	f	19	1	diamond	green	(757, 540)	low	dis	(645, 652)	N	same	hori	left	True	472881	474754	left	1	2	22
6	xwq	f	19	1	circle	red	(724, 619)	low	no	no_dis	N	same	hori	left	True	475828	476977	left	1	2	23
6	xwq	f	19	1	circle	green	(724, 619)	low	dis	(565, 619)	Y	same	vert	up	True	478122	480665	up	1	2	24
6	xwq	f	19	1	circle	green	(645, 652)	low	dis	(724, 619)	N	same	hori	left	True	481882	483034	left	1	2	25
6	xwq	f	19	1	diamond	green	(724, 619)	low	dis	(724, 460)	N	same	vert	up	True	484193	485793	up	1	2	26
6	xwq	f	19	1	circle	red	(565, 460)	low	dis	(565, 619)	Y	dif	hori	left	True	487027	487905	left	1	2	27
6	xwq	f	19	1	circle	red	(565, 619)	high	dis	(565, 460)	N	same	hori	left	True	488939	489857	left	1	2	28
6	xwq	f	19	1	diamond	green	(565, 619)	high	dis	(565, 460)	N	same	vert	up	True	490981	492449	up	1	2	29
6	xwq	f	19	1	circle	green	(565, 619)	high	no	no_dis	N	same	vert	up	True	493565	494785	up	1	2	30
6	xwq	f	19	1	circle	green	(565, 619)	high	dis	(645, 652)	N	dif	vert	up	True	496016	497649	up	1	2	31
6	xwq	f	19	1	diamond	red	(565, 619)	high	dis	(724, 460)	N	dif	hori	left	True	498867	500193	left	1	2	32
6	xwq	f	19	1	circle	red	(645, 428)	low	no	no_dis	N	same	vert	up	True	501286	502449	up	1	2	33
6	xwq	f	19	1	circle	green	(565, 619)	high	dis	(757, 540)	N	dif	hori	left	True	503695	504577	left	1	2	34
6	xwq	f	19	1	circle	green	(724, 619)	low	dis	(757, 540)	N	same	vert	up	True	505686	506522	up	1	2	35
6	xwq	f	19	1	circle	green	(533, 540)	low	dis	(645, 428)	N	same	vert	up	True	507574	509233	up	1	2	36
6	xwq	f	19	1	circle	red	(645, 652)	low	no	no_dis	N	dif	hori	left	True	510403	511705	left	1	2	37
6	xwq	f	19	1	diamond	red	(645, 652)	low	no	no_dis	N	dif	hori	left	True	512911	514233	left	1	2	38
6	xwq	f	19	1	diamond	green	(724, 619)	low	dis	(565, 460)	N	dif	vert	up	True	515472	517377	up	1	2	39
6	xwq	f	19	1	diamond	green	(724, 619)	low	no	no_dis	N	same	vert	up	True	518545	519657	up	1	2	40
6	xwq	f	19	1	diamond	red	(645, 428)	low	dis	(757, 540)	N	dif	hori	left	True	520835	522497	left	1	2	41
6	xwq	f	19	1	diamond	green	(645, 652)	low	no	no_dis	N	dif	vert	up	True	523647	524794	up	1	2	42
6	xwq	f	19	1	diamond	red	(565, 619)	high	dis	(645, 428)	N	same	vert	up	True	525888	527161	up	1	2	43
6	xwq	f	19	1	diamond	green	(645, 652)	low	dis	(565, 619)	Y	dif	hori	left	True	528215	529665	left	1	2	44
6	xwq	f	19	1	diamond	red	(565, 619)	high	dis	(724, 619)	N	same	hori	left	True	530863	532001	left	1	2	45
6	xwq	f	19	1	circle	red	(565, 619)	high	no	no_dis	N	dif	vert	up	True	533062	535537	up	1	2	46
6	xwq	f	19	1	diamond	green	(565, 460)	low	dis	(565, 619)	Y	same	hori	left	True	536605	537985	left	1	2	47
6	xwq	f	19	1	circle	red	(565, 619)	high	no	no_dis	N	same	hori	left	True	539043	540265	left	1	2	48
6	xwq	f	19	1	diamond	red	(565, 460)	low	no	no_dis	N	dif	hori	left	True	541302	542281	up	0	2	49
6	xwq	f	19	1	circle	green	(724, 460)	low	no	no_dis	N	same	hori	left	True	544953	546050	left	1	2	50
6	xwq	f	19	1	diamond	red	(565, 619)	high	no	no_dis	N	same	vert	up	True	547271	548153	up	1	2	51
6	xwq	f	19	1	circle	red	(645, 428)	low	no	no_dis	N	dif	hori	left	True	549355	550161	left	1	2	52
6	xwq	f	19	1	circle	red	(533, 540)	low	no	no_dis	N	same	hori	left	True	551177	552321	left	1	2	53
6	xwq	f	19	1	circle	green	(724, 460)	low	dis	(533, 540)	N	same	hori	left	True	553384	554258	left	1	2	54
6	xwq	f	19	1	diamond	green	(645, 428)	low	dis	(565, 619)	Y	same	vert	up	True	555318	556546	up	1	2	55
6	xwq	f	19	1	diamond	red	(565, 619)	high	dis	(565, 460)	N	dif	vert	up	True	557618	559153	up	1	2	56
6	xwq	f	19	1	circle	red	(645, 652)	low	dis	(724, 619)	N	dif	hori	left	True	560274	562130	left	1	2	57
6	xwq	f	19	1	circle	green	(757, 540)	low	no	no_dis	N	same	hori	left	True	563195	564041	left	1	2	58
6	xwq	f	19	1	circle	red	(565, 460)	low	dis	(565, 619)	Y	dif	vert	up	True	565157	565833	up	1	2	59
6	xwq	f	19	1	circle	red	(533, 540)	low	dis	(565, 460)	N	dif	hori	left	True	566969	567833	left	1	2	60
6	xwq	f	19	1	diamond	red	(757, 540)	low	dis	(645, 428)	N	dif	hori	left	True	569060	570440	left	1	2	61
6	xwq	f	19	1	diamond	red	(565, 460)	low	no	no_dis	N	same	vert	up	False	571578	None	None	0	2	62
6	xwq	f	19	1	circle	red	(533, 540)	low	dis	(724, 619)	N	same	hori	left	True	577173	579009	left	1	2	63
6	xwq	f	19	1	circle	red	(724, 619)	low	dis	(565, 460)	N	same	vert	up	True	580051	581553	up	1	2	64
6	xwq	f	19	1	diamond	green	(565, 619)	high	no	no_dis	N	dif	hori	left	True	582788	583793	left	1	2	65
6	xwq	f	19	1	diamond	green	(565, 619)	high	no	no_dis	N	dif	vert	up	True	584819	586273	up	1	2	66
6	xwq	f	19	1	circle	green	(724, 460)	low	no	no_dis	N	dif	vert	up	True	587302	589272	up	1	2	67
6	xwq	f	19	1	circle	green	(724, 460)	low	no	no_dis	N	dif	vert	up	True	590395	591545	up	1	2	68
6	xwq	f	19	1	circle	red	(724, 460)	low	dis	(565, 619)	Y	dif	vert	up	True	592658	593761	up	1	2	69
6	xwq	f	19	1	diamond	green	(565, 619)	high	dis	(533, 540)	N	dif	hori	left	True	594767	596313	left	1	2	70
6	xwq	f	19	1	circle	green	(757, 540)	low	dis	(533, 540)	N	dif	hori	left	True	597562	599209	left	1	2	71
6	xwq	f	19	1	diamond	green	(533, 540)	low	no	no_dis	N	same	vert	up	True	600252	601305	up	1	2	72
6	xwq	f	19	1	diamond	green	(724, 460)	low	no	no_dis	N	dif	hori	left	True	602365	603624	left	1	2	73
6	xwq	f	19	1	circle	red	(645, 428)	low	no	no_dis	N	same	hori	left	True	604841	605921	left	1	2	74
6	xwq	f	19	1	diamond	green	(565, 460)	low	dis	(645, 652)	N	dif	hori	left	True	607113	609552	left	1	2	75
6	xwq	f	19	1	circle	red	(565, 619)	high	no	no_dis	N	same	vert	up	True	610761	611537	up	1	2	76
6	xwq	f	19	1	diamond	green	(565, 619)	high	dis	(724, 619)	N	dif	vert	up	True	612733	613728	up	1	2	77
6	xwq	f	19	1	circle	green	(645, 428)	low	dis	(645, 652)	N	same	vert	up	True	614949	616937	up	1	2	78
6	xwq	f	19	1	circle	green	(565, 619)	high	dis	(645, 428)	N	same	hori	left	True	617964	618960	left	1	2	79
6	xwq	f	19	1	circle	red	(645, 428)	low	dis	(724, 460)	N	dif	vert	up	True	620195	621576	up	1	2	80
6	xwq	f	19	1	diamond	red	(757, 540)	low	dis	(724, 460)	N	same	vert	up	True	622648	624633	up	1	2	81
6	xwq	f	19	1	diamond	red	(565, 619)	high	dis	(757, 540)	N	same	hori	left	True	625703	626889	left	1	2	82
6	xwq	f	19	1	diamond	green	(565, 619)	high	dis	(724, 460)	N	dif	hori	left	True	628015	629386	left	1	2	83
6	xwq	f	19	1	diamond	green	(757, 540)	low	no	no_dis	N	same	vert	up	True	630598	631896	up	1	2	84
6	xwq	f	19	1	diamond	red	(724, 619)	low	dis	(565, 460)	N	same	hori	left	True	633001	634249	left	1	2	85
6	xwq	f	19	1	diamond	green	(724, 460)	low	dis	(645, 652)	N	dif	hori	left	True	635408	636201	left	1	2	86
6	xwq	f	19	1	circle	red	(565, 619)	high	dis	(645, 652)	N	same	hori	left	True	637373	639625	left	1	2	87
6	xwq	f	19	1	diamond	green	(565, 619)	high	dis	(533, 540)	N	same	vert	up	True	640816	642193	up	1	2	88
6	xwq	f	19	1	circle	green	(645, 652)	low	dis	(724, 460)	N	dif	vert	up	True	643438	644697	left	0	2	89
6	xwq	f	19	1	diamond	green	(724, 619)	low	no	no_dis	N	dif	vert	up	True	647312	648329	up	1	2	90
6	xwq	f	19	1	circle	red	(757, 540)	low	dis	(724, 619)	N	dif	vert	up	True	649537	651497	up	1	2	91
6	xwq	f	19	1	diamond	red	(565, 460)	low	no	no_dis	N	dif	vert	up	True	652566	654857	up	1	2	92
6	xwq	f	19	1	circle	green	(565, 619)	high	no	no_dis	N	dif	hori	left	True	656061	657817	left	1	2	93
6	xwq	f	19	1	diamond	red	(724, 619)	low	dis	(757, 540)	N	same	vert	up	True	658949	660681	up	1	2	94
6	xwq	f	19	1	diamond	red	(565, 460)	low	dis	(565, 619)	Y	dif	vert	up	True	661817	663088	up	1	2	95
6	xwq	f	19	1	circle	green	(565, 619)	high	dis	(724, 460)	N	dif	hori	left	True	664186	665905	up	0	2	96
6	xwq	f	19	1	diamond	red	(565, 460)	low	dis	(645, 652)	N	same	vert	up	True	668658	670305	up	1	2	97
6	xwq	f	19	1	circle	red	(565, 619)	high	dis	(533, 540)	N	same	vert	up	True	671493	672409	up	1	2	98
6	xwq	f	19	1	circle	green	(724, 460)	low	dis	(565, 619)	Y	same	hori	left	True	673451	674216	left	1	2	99
6	xwq	f	19	1	diamond	green	(645, 428)	low	dis	(724, 619)	N	same	hori	left	True	675237	676473	left	1	2	100
6	xwq	f	19	1	circle	green	(565, 619)	high	no	no_dis	N	same	hori	left	True	677632	678561	left	1	2	101
6	xwq	f	19	1	diamond	green	(757, 540)	low	dis	(645, 428)	N	dif	hori	left	True	679638	680889	left	1	2	102
6	xwq	f	19	1	diamond	red	(645, 428)	low	dis	(757, 540)	N	same	hori	left	True	681937	683648	left	1	2	103
6	xwq	f	19	1	diamond	red	(565, 619)	high	no	no_dis	N	same	hori	left	True	684655	685681	left	1	2	104
6	xwq	f	19	1	circle	green	(565, 619)	high	dis	(645, 652)	N	same	vert	up	True	686743	688081	up	1	2	105
6	xwq	f	19	1	circle	green	(645, 428)	low	no	no_dis	N	same	vert	up	True	689132	690153	up	1	2	106
6	xwq	f	19	1	diamond	red	(724, 460)	low	dis	(533, 540)	N	same	hori	left	True	691251	692025	up	0	2	107
6	xwq	f	19	1	diamond	green	(645, 652)	low	dis	(533, 540)	N	dif	vert	up	True	694606	695977	left	0	2	108
6	xwq	f	19	1	diamond	green	(724, 460)	low	dis	(757, 540)	N	dif	hori	left	True	698538	700505	left	1	2	109
6	xwq	f	19	1	diamond	red	(757, 540)	low	no	no_dis	N	dif	hori	left	True	701544	702785	left	1	2	110
6	xwq	f	19	1	circle	green	(565, 460)	low	dis	(645, 428)	N	dif	vert	up	True	703873	704921	up	1	2	111
6	xwq	f	19	1	diamond	red	(645, 652)	low	dis	(724, 460)	N	dif	vert	up	True	705966	707593	up	1	2	112
6	xwq	f	19	1	diamond	red	(565, 619)	high	dis	(724, 619)	N	dif	vert	up	True	708838	709673	up	1	2	113
6	xwq	f	19	1	diamond	red	(565, 460)	low	no	no_dis	N	same	hori	left	True	710879	711640	left	1	2	114
6	xwq	f	19	1	circle	red	(645, 428)	low	dis	(565, 460)	N	dif	vert	up	True	712815	714513	up	1	2	115
6	xwq	f	19	1	circle	red	(645, 652)	low	dis	(533, 540)	N	same	vert	up	True	715643	716753	up	1	2	116
6	xwq	f	19	1	diamond	red	(724, 460)	low	dis	(645, 428)	N	same	vert	up	True	717961	719153	up	1	2	117
6	xwq	f	19	1	circle	green	(533, 540)	low	dis	(757, 540)	N	same	hori	left	True	720274	721152	left	1	2	118
6	xwq	f	19	1	circle	green	(565, 460)	low	dis	(645, 428)	N	dif	hori	left	True	722224	723353	left	1	2	119
6	xwq	f	19	1	diamond	green	(533, 540)	low	no	no_dis	N	dif	hori	left	True	724435	725672	left	1	2	120
6	xwq	f	19	1	circle	green	(565, 619)	high	dis	(724, 460)	N	same	hori	left	True	758193	759761	left	1	3	1
6	xwq	f	19	1	diamond	green	(757, 540)	low	dis	(724, 619)	N	same	vert	up	True	760847	762225	up	1	3	2
6	xwq	f	19	1	diamond	red	(565, 619)	high	dis	(565, 460)	N	same	hori	left	True	763342	764360	left	1	3	3
6	xwq	f	19	1	diamond	red	(565, 619)	high	dis	(533, 540)	N	same	vert	up	True	765384	766506	up	1	3	4
6	xwq	f	19	1	circle	green	(645, 652)	low	dis	(724, 619)	N	dif	hori	left	True	767735	768729	left	1	3	5
6	xwq	f	19	1	circle	red	(724, 460)	low	dis	(565, 619)	Y	same	hori	left	True	769736	770481	left	1	3	6
6	xwq	f	19	1	circle	red	(757, 540)	low	dis	(724, 619)	N	same	vert	up	True	771634	772448	up	1	3	7
6	xwq	f	19	1	circle	red	(565, 619)	high	dis	(645, 652)	N	same	hori	left	True	773545	774305	left	1	3	8
6	xwq	f	19	1	circle	red	(724, 460)	low	dis	(757, 540)	N	same	vert	up	True	775338	776426	up	1	3	9
6	xwq	f	19	1	circle	red	(565, 619)	high	no	no_dis	N	dif	vert	up	True	777634	778529	up	1	3	10
6	xwq	f	19	1	diamond	red	(533, 540)	low	dis	(724, 619)	N	dif	vert	up	True	779533	780753	up	1	3	11
6	xwq	f	19	1	circle	red	(724, 460)	low	no	no_dis	N	dif	hori	left	True	782005	782673	left	1	3	12
6	xwq	f	19	1	diamond	red	(645, 652)	low	dis	(757, 540)	N	same	hori	left	True	783737	784776	left	1	3	13
6	xwq	f	19	1	circle	red	(645, 652)	low	no	no_dis	N	dif	vert	up	True	785952	787032	up	1	3	14
6	xwq	f	19	1	circle	green	(645, 652)	low	dis	(724, 460)	N	dif	vert	up	True	788184	789329	up	1	3	15
6	xwq	f	19	1	diamond	green	(645, 652)	low	dis	(645, 428)	N	dif	vert	up	True	790528	791521	up	1	3	16
6	xwq	f	19	1	diamond	red	(757, 540)	low	dis	(645, 652)	N	same	vert	up	True	792572	793289	up	1	3	17
6	xwq	f	19	1	diamond	red	(645, 428)	low	dis	(757, 540)	N	dif	vert	up	True	794497	795457	up	1	3	18
6	xwq	f	19	1	circle	red	(565, 619)	high	dis	(645, 652)	N	dif	vert	up	True	796558	797561	up	1	3	19
6	xwq	f	19	1	diamond	red	(724, 460)	low	no	no_dis	N	same	hori	left	True	798684	799424	left	1	3	20
6	xwq	f	19	1	circle	red	(533, 540)	low	dis	(724, 619)	N	dif	hori	left	True	800437	801209	left	1	3	21
6	xwq	f	19	1	circle	red	(533, 540)	low	dis	(565, 460)	N	dif	hori	left	True	802306	803137	left	1	3	22
6	xwq	f	19	1	circle	red	(645, 428)	low	dis	(724, 460)	N	dif	hori	left	True	804227	805104	up	0	3	23
6	xwq	f	19	1	diamond	green	(645, 652)	low	dis	(565, 619)	Y	same	hori	left	True	807781	809129	up	0	3	24
6	xwq	f	19	1	circle	red	(565, 619)	high	dis	(645, 428)	N	dif	vert	up	True	811827	812768	up	1	3	25
6	xwq	f	19	1	circle	red	(645, 652)	low	dis	(565, 619)	Y	dif	hori	left	True	813945	815145	left	1	3	26
6	xwq	f	19	1	circle	green	(724, 619)	low	dis	(565, 460)	N	dif	vert	up	True	816223	817000	up	1	3	27
6	xwq	f	19	1	diamond	green	(645, 652)	low	no	no_dis	N	same	hori	left	True	818016	818873	left	1	3	28
6	xwq	f	19	1	circle	green	(565, 619)	high	dis	(724, 619)	N	dif	hori	left	True	819981	821784	left	1	3	29
6	xwq	f	19	1	circle	red	(724, 460)	low	no	no_dis	N	same	hori	left	True	822865	823657	left	1	3	30
6	xwq	f	19	1	diamond	green	(757, 540)	low	no	no_dis	N	same	hori	left	True	824869	826281	left	1	3	31
6	xwq	f	19	1	diamond	red	(757, 540)	low	no	no_dis	N	same	vert	up	True	827509	828465	up	1	3	32
6	xwq	f	19	1	circle	red	(757, 540)	low	dis	(645, 652)	N	same	vert	up	True	829571	831457	up	1	3	33
6	xwq	f	19	1	diamond	green	(533, 540)	low	dis	(565, 619)	Y	same	hori	left	True	832639	834737	left	1	3	34
6	xwq	f	19	1	diamond	green	(724, 619)	low	dis	(533, 540)	N	dif	hori	left	True	835912	836897	left	1	3	35
6	xwq	f	19	1	diamond	red	(565, 460)	low	no	no_dis	N	same	vert	up	True	837973	838785	up	1	3	36
6	xwq	f	19	1	diamond	green	(565, 619)	high	dis	(757, 540)	N	same	vert	up	True	840017	840961	up	1	3	37
6	xwq	f	19	1	diamond	green	(724, 460)	low	no	no_dis	N	same	hori	left	True	842023	842656	left	1	3	38
6	xwq	f	19	1	circle	green	(565, 460)	low	dis	(565, 619)	Y	dif	vert	up	True	843738	844721	up	1	3	39
6	xwq	f	19	1	circle	red	(565, 619)	high	dis	(757, 540)	N	dif	hori	left	True	845919	847097	left	1	3	40
6	xwq	f	19	1	diamond	red	(724, 460)	low	dis	(565, 619)	Y	dif	vert	up	True	848265	848985	up	1	3	41
6	xwq	f	19	1	diamond	green	(757, 540)	low	dis	(565, 619)	Y	same	vert	up	True	850153	851160	up	1	3	42
6	xwq	f	19	1	circle	green	(724, 619)	low	dis	(724, 460)	N	same	hori	left	True	852319	853737	left	1	3	43
6	xwq	f	19	1	circle	green	(533, 540)	low	no	no_dis	N	same	vert	up	True	854765	855480	up	1	3	44
6	xwq	f	19	1	circle	green	(533, 540)	low	dis	(565, 460)	N	same	hori	left	True	856575	857601	left	1	3	45
6	xwq	f	19	1	circle	green	(565, 460)	low	dis	(645, 652)	N	same	vert	up	True	858729	859472	up	1	3	46
6	xwq	f	19	1	circle	green	(533, 540)	low	dis	(757, 540)	N	same	hori	left	True	860588	861128	left	1	3	47
6	xwq	f	19	1	circle	green	(645, 428)	low	no	no_dis	N	same	vert	up	True	862157	863089	up	1	3	48
6	xwq	f	19	1	circle	green	(724, 460)	low	dis	(724, 619)	N	dif	vert	up	True	864263	865088	up	1	3	49
6	xwq	f	19	1	diamond	green	(565, 619)	high	no	no_dis	N	dif	hori	left	True	866334	867305	left	1	3	50
6	xwq	f	19	1	circle	green	(724, 619)	low	no	no_dis	N	dif	hori	left	True	868422	869376	left	1	3	51
6	xwq	f	19	1	circle	green	(565, 619)	high	no	no_dis	N	dif	hori	left	True	870625	871184	left	1	3	52
6	xwq	f	19	1	circle	green	(757, 540)	low	no	no_dis	N	dif	vert	up	True	872367	873176	up	1	3	53
6	xwq	f	19	1	diamond	red	(565, 460)	low	dis	(565, 619)	Y	same	hori	left	True	874354	874936	left	1	3	54
6	xwq	f	19	1	circle	green	(565, 619)	high	dis	(565, 460)	N	same	hori	left	True	876102	877024	left	1	3	55
6	xwq	f	19	1	circle	red	(645, 428)	low	no	no_dis	N	same	vert	up	True	878265	878961	up	1	3	56
6	xwq	f	19	1	diamond	red	(724, 619)	low	dis	(645, 428)	N	dif	vert	up	True	880145	881457	up	1	3	57
6	xwq	f	19	1	circle	green	(533, 540)	low	no	no_dis	N	dif	vert	up	True	882609	883376	up	1	3	58
6	xwq	f	19	1	diamond	green	(645, 652)	low	no	no_dis	N	same	vert	up	True	884382	885536	up	1	3	59
6	xwq	f	19	1	diamond	red	(565, 619)	high	dis	(645, 652)	N	dif	hori	left	True	886703	888616	left	1	3	60
6	xwq	f	19	1	circle	red	(724, 619)	low	dis	(645, 428)	N	dif	hori	left	True	889817	891216	left	1	3	61
6	xwq	f	19	1	circle	green	(645, 428)	low	no	no_dis	N	dif	hori	left	True	892251	893504	left	1	3	62
6	xwq	f	19	1	circle	red	(565, 619)	high	dis	(724, 460)	N	same	vert	up	True	894661	895312	up	1	3	63
6	xwq	f	19	1	diamond	green	(565, 619)	high	dis	(724, 460)	N	same	hori	left	True	896469	897456	left	1	3	64
6	xwq	f	19	1	diamond	red	(565, 460)	low	dis	(533, 540)	N	dif	hori	left	True	898576	900368	left	1	3	65
6	xwq	f	19	1	diamond	red	(645, 428)	low	dis	(565, 460)	N	same	hori	left	True	901399	902177	left	1	3	66
6	xwq	f	19	1	diamond	red	(565, 619)	high	no	no_dis	N	dif	hori	left	True	903270	904545	left	1	3	67
6	xwq	f	19	1	circle	red	(645, 428)	low	no	no_dis	N	dif	hori	left	True	905701	906881	left	1	3	68
6	xwq	f	19	1	diamond	green	(565, 460)	low	dis	(645, 652)	N	dif	hori	left	True	908097	909112	left	1	3	69
6	xwq	f	19	1	diamond	green	(533, 540)	low	no	no_dis	N	dif	vert	up	True	910201	911376	up	1	3	70
6	xwq	f	19	1	diamond	red	(724, 460)	low	dis	(645, 428)	N	dif	vert	up	True	912625	914152	up	1	3	71
6	xwq	f	19	1	diamond	red	(757, 540)	low	dis	(645, 652)	N	dif	vert	up	True	915221	916504	up	1	3	72
6	xwq	f	19	1	diamond	green	(565, 619)	high	dis	(533, 540)	N	dif	vert	up	True	917542	918785	up	1	3	73
6	xwq	f	19	1	circle	green	(565, 619)	high	dis	(724, 619)	N	same	hori	left	True	919821	921193	left	1	3	74
6	xwq	f	19	1	diamond	green	(565, 460)	low	no	no_dis	N	same	hori	left	True	922252	923785	left	1	3	75
6	xwq	f	19	1	diamond	green	(724, 460)	low	dis	(533, 540)	N	same	vert	up	True	924939	925649	up	1	3	76
6	xwq	f	19	1	circle	green	(565, 619)	high	dis	(724, 619)	N	dif	hori	left	True	926834	927704	left	1	3	77
6	xwq	f	19	1	diamond	red	(724, 619)	low	dis	(533, 540)	N	same	vert	up	True	928896	930088	up	1	3	78
6	xwq	f	19	1	diamond	red	(565, 619)	high	no	no_dis	N	dif	vert	up	True	931206	932113	up	1	3	79
6	xwq	f	19	1	diamond	green	(724, 619)	low	no	no_dis	N	dif	hori	left	True	933292	934257	left	1	3	80
6	xwq	f	19	1	circle	green	(645, 428)	low	dis	(757, 540)	N	same	hori	left	True	935348	936944	left	1	3	81
6	xwq	f	19	1	diamond	green	(565, 619)	high	dis	(645, 428)	N	dif	hori	left	True	938112	939296	left	1	3	82
6	xwq	f	19	1	diamond	red	(645, 652)	low	dis	(533, 540)	N	dif	hori	left	True	940413	941648	left	1	3	83
6	xwq	f	19	1	diamond	green	(565, 619)	high	dis	(724, 460)	N	dif	vert	up	True	942654	943544	up	1	3	84
6	xwq	f	19	1	diamond	green	(565, 460)	low	dis	(645, 652)	N	same	hori	left	True	944667	945448	left	1	3	85
6	xwq	f	19	1	diamond	red	(565, 460)	low	no	no_dis	N	same	vert	up	True	946485	947200	up	1	3	86
6	xwq	f	19	1	circle	green	(565, 619)	high	dis	(645, 428)	N	dif	vert	up	True	948265	949248	up	1	3	87
6	xwq	f	19	1	diamond	green	(645, 428)	low	dis	(565, 619)	Y	dif	vert	up	True	950323	952544	up	1	3	88
6	xwq	f	19	1	circle	green	(645, 652)	low	no	no_dis	N	dif	hori	left	True	953770	954680	left	1	3	89
6	xwq	f	19	1	diamond	red	(565, 619)	high	dis	(757, 540)	N	same	vert	up	True	955785	956553	up	1	3	90
6	xwq	f	19	1	diamond	red	(724, 619)	low	no	no_dis	N	dif	vert	up	True	957697	958816	up	1	3	91
6	xwq	f	19	1	diamond	green	(533, 540)	low	dis	(757, 540)	N	dif	hori	left	True	959934	960904	left	1	3	92
6	xwq	f	19	1	diamond	green	(724, 460)	low	dis	(533, 540)	N	dif	vert	up	True	961953	963112	up	1	3	93
6	xwq	f	19	1	circle	red	(565, 460)	low	no	no_dis	N	dif	hori	left	True	964145	965657	left	1	3	94
6	xwq	f	19	1	diamond	green	(724, 619)	low	dis	(645, 428)	N	same	hori	left	True	966849	968080	left	1	3	95
6	xwq	f	19	1	diamond	red	(565, 619)	high	no	no_dis	N	same	hori	left	True	969263	970880	left	1	3	96
6	xwq	f	19	1	circle	red	(565, 619)	high	dis	(645, 652)	N	dif	hori	left	True	971954	972848	left	1	3	97
6	xwq	f	19	1	circle	red	(565, 619)	high	no	no_dis	N	same	vert	up	True	973921	974984	left	0	3	98
6	xwq	f	19	1	circle	green	(724, 460)	low	dis	(724, 619)	N	same	vert	up	True	977577	979680	up	1	3	99
6	xwq	f	19	1	circle	green	(757, 540)	low	dis	(565, 460)	N	dif	hori	left	True	980748	981656	left	1	3	100
6	xwq	f	19	1	circle	red	(645, 428)	low	dis	(565, 460)	N	same	vert	up	True	982686	983656	up	1	3	101
6	xwq	f	19	1	circle	red	(724, 619)	low	dis	(565, 619)	Y	same	vert	up	True	984749	985584	up	1	3	102
6	xwq	f	19	1	circle	red	(565, 460)	low	dis	(533, 540)	N	same	hori	left	True	986797	987776	left	1	3	103
6	xwq	f	19	1	diamond	green	(565, 619)	high	no	no_dis	N	same	vert	up	True	988849	990385	up	1	3	104
6	xwq	f	19	1	diamond	red	(565, 619)	high	dis	(757, 540)	N	dif	vert	up	True	991494	992880	up	1	3	105
6	xwq	f	19	1	diamond	red	(533, 540)	low	dis	(645, 428)	N	same	vert	up	True	994102	995296	up	1	3	106
6	xwq	f	19	1	circle	red	(565, 460)	low	dis	(645, 428)	N	dif	hori	left	True	996371	997481	left	1	3	107
6	xwq	f	19	1	diamond	green	(565, 619)	high	no	no_dis	N	same	hori	left	True	998678	1000400	left	1	3	108
6	xwq	f	19	1	diamond	red	(565, 619)	high	dis	(565, 460)	N	same	vert	up	True	1001641	1002688	up	1	3	109
6	xwq	f	19	1	circle	green	(757, 540)	low	dis	(565, 460)	N	dif	vert	up	True	1003802	1005184	up	1	3	110
6	xwq	f	19	1	circle	green	(565, 619)	high	no	no_dis	N	same	hori	left	True	1006351	1007088	left	1	3	111
6	xwq	f	19	1	diamond	green	(565, 619)	high	dis	(533, 540)	N	same	vert	up	True	1008326	1009240	up	1	3	112
6	xwq	f	19	1	diamond	red	(533, 540)	low	no	no_dis	N	same	hori	left	True	1010457	1011288	left	1	3	113
6	xwq	f	19	1	circle	red	(565, 619)	high	no	no_dis	N	dif	vert	up	True	1012499	1013409	up	1	3	114
6	xwq	f	19	1	circle	red	(757, 540)	low	no	no_dis	N	dif	vert	up	True	1014419	1015176	up	1	3	115
6	xwq	f	19	1	diamond	green	(645, 428)	low	dis	(724, 460)	N	same	vert	up	True	1016352	1017081	up	1	3	116
6	xwq	f	19	1	circle	green	(565, 619)	high	no	no_dis	N	same	vert	up	True	1018273	1019351	up	1	3	117
6	xwq	f	19	1	circle	green	(645, 428)	low	dis	(724, 460)	N	dif	hori	left	True	1020414	1021392	left	1	3	118
6	xwq	f	19	1	circle	red	(645, 652)	low	dis	(724, 460)	N	same	hori	left	True	1022434	1023344	up	0	3	119
6	xwq	f	19	1	diamond	red	(724, 619)	low	no	no_dis	N	dif	vert	up	True	1026052	1027016	up	1	3	120
6	xwq	f	19	1	circle	red	(533, 540)	low	dis	(724, 460)	N	dif	vert	up	True	1061468	1062920	up	1	4	1
6	xwq	f	19	1	circle	red	(565, 460)	low	no	no_dis	N	dif	hori	left	True	1064056	1064792	left	1	4	2
6	xwq	f	19	1	diamond	green	(533, 540)	low	no	no_dis	N	dif	vert	up	True	1065893	1066808	up	1	4	3
6	xwq	f	19	1	circle	red	(565, 619)	high	dis	(724, 460)	N	same	hori	left	True	1068019	1068753	left	1	4	4
6	xwq	f	19	1	circle	green	(757, 540)	low	no	no_dis	N	dif	vert	up	True	1069878	1070479	up	1	4	5
6	xwq	f	19	1	diamond	red	(757, 540)	low	dis	(565, 619)	Y	dif	hori	left	True	1071573	1072640	left	1	4	6
6	xwq	f	19	1	diamond	red	(645, 652)	low	dis	(724, 619)	N	same	vert	up	True	1073869	1075272	up	1	4	7
6	xwq	f	19	1	circle	green	(724, 619)	low	dis	(645, 428)	N	dif	hori	left	True	1076309	1077176	left	1	4	8
6	xwq	f	19	1	diamond	red	(565, 619)	high	dis	(533, 540)	N	same	hori	left	True	1078295	1080088	left	1	4	9
6	xwq	f	19	1	circle	red	(757, 540)	low	dis	(533, 540)	N	same	hori	left	True	1081204	1082544	left	1	4	10
6	xwq	f	19	1	circle	green	(565, 460)	low	dis	(533, 540)	N	same	vert	up	True	1083580	1084472	up	1	4	11
6	xwq	f	19	1	diamond	red	(533, 540)	low	dis	(724, 460)	N	dif	hori	left	True	1085530	1086632	left	1	4	12
6	xwq	f	19	1	diamond	green	(724, 460)	low	dis	(645, 428)	N	same	vert	up	True	1087816	1089144	up	1	4	13
6	xwq	f	19	1	circle	green	(565, 619)	high	no	no_dis	N	same	vert	up	True	1090188	1091696	up	1	4	14
6	xwq	f	19	1	diamond	red	(565, 460)	low	no	no_dis	N	dif	hori	left	True	1092767	1094664	left	1	4	15
6	xwq	f	19	1	diamond	green	(565, 619)	high	dis	(565, 460)	N	dif	vert	up	True	1095895	1096840	up	1	4	16
6	xwq	f	19	1	circle	red	(565, 460)	low	dis	(645, 428)	N	same	hori	left	True	1098007	1098920	left	1	4	17
6	xwq	f	19	1	diamond	green	(533, 540)	low	dis	(565, 460)	N	dif	vert	up	True	1099924	1101136	up	1	4	18
6	xwq	f	19	1	diamond	green	(565, 619)	high	dis	(533, 540)	N	same	vert	up	True	1102323	1104624	up	1	4	19
6	xwq	f	19	1	circle	green	(565, 619)	high	no	no_dis	N	same	hori	left	True	1105804	1107391	left	1	4	20
6	xwq	f	19	1	circle	red	(565, 619)	high	dis	(645, 428)	N	dif	vert	up	True	1108436	1109400	up	1	4	21
6	xwq	f	19	1	circle	red	(724, 619)	low	dis	(645, 652)	N	same	hori	left	True	1110601	1111296	left	1	4	22
6	xwq	f	19	1	circle	green	(565, 619)	high	dis	(724, 460)	N	dif	hori	left	True	1112442	1113304	left	1	4	23
6	xwq	f	19	1	diamond	red	(533, 540)	low	dis	(724, 460)	N	dif	vert	up	True	1114328	1115104	up	1	4	24
6	xwq	f	19	1	diamond	green	(757, 540)	low	dis	(645, 652)	N	dif	hori	left	True	1116354	1117889	left	1	4	25
6	xwq	f	19	1	circle	red	(565, 619)	high	dis	(757, 540)	N	same	vert	up	True	1119079	1120096	up	1	4	26
6	xwq	f	19	1	diamond	green	(565, 619)	high	dis	(645, 652)	N	same	vert	up	True	1121242	1121984	up	1	4	27
6	xwq	f	19	1	diamond	green	(565, 619)	high	no	no_dis	N	dif	hori	left	True	1123168	1124128	up	0	4	28
6	xwq	f	19	1	diamond	green	(724, 619)	low	dis	(565, 460)	N	same	hori	left	True	1126653	1127664	left	1	4	29
6	xwq	f	19	1	diamond	green	(565, 619)	high	no	no_dis	N	same	hori	left	True	1128864	1129783	left	1	4	30
6	xwq	f	19	1	circle	red	(565, 619)	high	no	no_dis	N	same	vert	up	True	1130820	1132320	up	1	4	31
6	xwq	f	19	1	diamond	green	(645, 652)	low	dis	(565, 619)	Y	dif	hori	left	True	1133387	1135112	left	1	4	32
6	xwq	f	19	1	circle	green	(565, 619)	high	dis	(565, 460)	N	dif	hori	left	True	1136326	1137336	left	1	4	33
6	xwq	f	19	1	circle	red	(565, 619)	high	dis	(533, 540)	N	dif	vert	up	True	1138468	1139664	up	1	4	34
6	xwq	f	19	1	diamond	red	(565, 619)	high	no	no_dis	N	dif	vert	up	True	1140679	1141664	up	1	4	35
6	xwq	f	19	1	diamond	red	(645, 428)	low	dis	(724, 619)	N	dif	hori	left	True	1142823	1143880	left	1	4	36
6	xwq	f	19	1	diamond	red	(724, 460)	low	no	no_dis	N	same	hori	left	True	1144933	1145728	left	1	4	37
6	xwq	f	19	1	circle	green	(565, 619)	high	dis	(645, 428)	N	same	vert	up	True	1146859	1147800	up	1	4	38
6	xwq	f	19	1	diamond	red	(724, 460)	low	dis	(645, 652)	N	dif	hori	left	True	1148917	1149671	left	1	4	39
6	xwq	f	19	1	circle	red	(565, 619)	high	dis	(724, 619)	N	same	hori	left	True	1150676	1151632	left	1	4	40
6	xwq	f	19	1	diamond	red	(645, 652)	low	no	no_dis	N	same	hori	left	True	1152731	1153840	up	0	4	41
6	xwq	f	19	1	circle	green	(757, 540)	low	no	no_dis	N	same	vert	up	True	1156435	1157904	up	1	4	42
6	xwq	f	19	1	diamond	green	(645, 652)	low	no	no_dis	N	dif	hori	left	True	1159137	1160545	left	1	4	43
6	xwq	f	19	1	diamond	red	(724, 619)	low	dis	(645, 428)	N	same	vert	up	True	1161599	1163640	up	1	4	44
6	xwq	f	19	1	diamond	green	(724, 460)	low	dis	(565, 460)	N	dif	vert	up	True	1164785	1165728	up	1	4	45
6	xwq	f	19	1	diamond	red	(565, 619)	high	no	no_dis	N	dif	hori	left	True	1166972	1167991	left	1	4	46
6	xwq	f	19	1	diamond	green	(724, 619)	low	no	no_dis	N	dif	vert	up	True	1169097	1170456	up	1	4	47
6	xwq	f	19	1	circle	red	(724, 619)	low	dis	(645, 652)	N	dif	hori	left	True	1171580	1173079	left	1	4	48
6	xwq	f	19	1	diamond	red	(757, 540)	low	no	no_dis	N	same	hori	left	True	1174257	1175495	left	1	4	49
6	xwq	f	19	1	diamond	green	(724, 619)	low	no	no_dis	N	dif	hori	left	True	1176721	1178063	left	1	4	50
6	xwq	f	19	1	diamond	green	(724, 619)	low	no	no_dis	N	same	hori	left	True	1179207	1180216	left	1	4	51
6	xwq	f	19	1	circle	green	(565, 619)	high	dis	(533, 540)	N	dif	vert	up	True	1181288	1183208	up	1	4	52
6	xwq	f	19	1	diamond	red	(645, 652)	low	no	no_dis	N	same	vert	up	True	1184219	1185344	up	1	4	53
6	xwq	f	19	1	diamond	red	(645, 652)	low	dis	(565, 619)	Y	same	hori	left	True	1186376	1187440	left	1	4	54
6	xwq	f	19	1	circle	green	(645, 428)	low	dis	(724, 619)	N	dif	hori	left	True	1188561	1189423	up	0	4	55
6	xwq	f	19	1	diamond	green	(645, 428)	low	dis	(724, 460)	N	same	vert	up	True	1192053	1192872	up	1	4	56
6	xwq	f	19	1	circle	red	(565, 619)	high	dis	(565, 460)	N	same	vert	up	True	1194018	1194983	up	1	4	57
6	xwq	f	19	1	circle	green	(533, 540)	low	dis	(724, 619)	N	dif	vert	up	True	1196098	1197103	up	1	4	58
6	xwq	f	19	1	circle	green	(757, 540)	low	dis	(533, 540)	N	same	hori	left	True	1198124	1199168	left	1	4	59
6	xwq	f	19	1	diamond	red	(565, 619)	high	dis	(645, 428)	N	same	hori	left	True	1200379	1202255	left	1	4	60
6	xwq	f	19	1	diamond	red	(645, 428)	low	dis	(757, 540)	N	same	vert	up	True	1203507	1206151	up	1	4	61
6	xwq	f	19	1	diamond	green	(565, 619)	high	dis	(757, 540)	N	dif	vert	up	True	1207355	1208952	up	1	4	62
6	xwq	f	19	1	circle	green	(724, 619)	low	dis	(645, 428)	N	same	hori	left	True	1210163	1211880	left	1	4	63
6	xwq	f	19	1	circle	green	(645, 652)	low	dis	(645, 428)	N	dif	vert	up	True	1213131	1214359	up	1	4	64
6	xwq	f	19	1	circle	red	(724, 619)	low	no	no_dis	N	dif	hori	left	True	1215540	1216856	left	1	4	65
6	xwq	f	19	1	diamond	green	(565, 619)	high	dis	(757, 540)	N	same	hori	left	True	1217985	1219096	left	1	4	66
6	xwq	f	19	1	circle	green	(645, 428)	low	no	no_dis	N	same	vert	up	True	1220187	1221256	up	1	4	67
6	xwq	f	19	1	diamond	red	(565, 619)	high	dis	(724, 619)	N	dif	hori	left	True	1222259	1223216	left	1	4	68
6	xwq	f	19	1	diamond	green	(724, 619)	low	dis	(565, 460)	N	same	vert	up	True	1224448	1225680	up	1	4	69
6	xwq	f	19	1	diamond	green	(645, 428)	low	no	no_dis	N	dif	vert	up	True	1226863	1227551	up	1	4	70
6	xwq	f	19	1	diamond	red	(565, 460)	low	no	no_dis	N	dif	vert	up	True	1228589	1229312	up	1	4	71
6	xwq	f	19	1	circle	green	(645, 428)	low	dis	(565, 619)	Y	dif	vert	up	True	1230346	1231495	up	1	4	72
6	xwq	f	19	1	circle	red	(565, 619)	high	no	no_dis	N	dif	vert	up	True	1232587	1233312	up	1	4	73
6	xwq	f	19	1	diamond	green	(565, 460)	low	no	no_dis	N	dif	hori	left	True	1234406	1235224	left	1	4	74
6	xwq	f	19	1	circle	green	(565, 460)	low	dis	(724, 619)	N	same	hori	left	True	1236317	1237752	left	1	4	75
6	xwq	f	19	1	diamond	red	(565, 460)	low	dis	(724, 619)	N	same	vert	up	True	1238961	1239975	left	0	4	76
6	xwq	f	19	1	circle	green	(565, 619)	high	no	no_dis	N	dif	hori	left	True	1242598	1243640	left	1	4	77
6	xwq	f	19	1	circle	green	(757, 540)	low	no	no_dis	N	same	hori	left	True	1244771	1245495	left	1	4	78
6	xwq	f	19	1	circle	red	(645, 652)	low	dis	(757, 540)	N	same	vert	up	True	1246583	1247536	up	1	4	79
6	xwq	f	19	1	diamond	green	(565, 460)	low	dis	(757, 540)	N	same	hori	left	True	1248540	1249368	left	1	4	80
6	xwq	f	19	1	circle	red	(645, 428)	low	dis	(645, 652)	N	same	vert	up	True	1250603	1251520	up	1	4	81
6	xwq	f	19	1	circle	red	(533, 540)	low	no	no_dis	N	same	vert	up	True	1252539	1253552	up	1	4	82
6	xwq	f	19	1	circle	green	(724, 460)	low	dis	(565, 619)	Y	same	hori	left	True	1254784	1255431	left	1	4	83
6	xwq	f	19	1	diamond	red	(724, 460)	low	dis	(757, 540)	N	same	hori	left	True	1256503	1257983	left	1	4	84
6	xwq	f	19	1	diamond	red	(724, 619)	low	dis	(565, 619)	Y	dif	vert	up	True	1259148	1260240	up	1	4	85
6	xwq	f	19	1	circle	green	(565, 619)	high	dis	(724, 460)	N	dif	hori	left	True	1261302	1262551	left	1	4	86
6	xwq	f	19	1	diamond	green	(757, 540)	low	dis	(533, 540)	N	same	hori	left	True	1263729	1264704	left	1	4	87
6	xwq	f	19	1	circle	green	(724, 460)	low	dis	(533, 540)	N	dif	vert	up	True	1265724	1267072	up	1	4	88
6	xwq	f	19	1	circle	green	(645, 652)	low	dis	(565, 619)	Y	same	hori	left	True	1268102	1268976	left	1	4	89
6	xwq	f	19	1	diamond	green	(565, 619)	high	no	no_dis	N	same	hori	left	True	1270042	1271040	left	1	4	90
6	xwq	f	19	1	circle	red	(645, 652)	low	no	no_dis	N	dif	vert	up	True	1272277	1273111	up	1	4	91
6	xwq	f	19	1	diamond	green	(645, 428)	low	dis	(645, 652)	N	same	vert	up	True	1274221	1275872	up	1	4	92
6	xwq	f	19	1	circle	green	(533, 540)	low	no	no_dis	N	same	hori	left	True	1276925	1277591	left	1	4	93
6	xwq	f	19	1	circle	red	(645, 652)	low	dis	(565, 619)	Y	dif	hori	left	True	1278621	1279720	up	0	4	94
6	xwq	f	19	1	circle	red	(757, 540)	low	dis	(724, 460)	N	same	hori	left	True	1282335	1284288	left	1	4	95
6	xwq	f	19	1	diamond	red	(565, 619)	high	dis	(757, 540)	N	dif	hori	left	True	1285489	1286167	up	0	4	96
6	xwq	f	19	1	circle	red	(724, 460)	low	dis	(565, 460)	N	dif	vert	up	True	1288770	1290184	up	1	4	97
6	xwq	f	19	1	diamond	red	(757, 540)	low	dis	(645, 652)	N	dif	hori	left	True	1291198	1292112	left	1	4	98
6	xwq	f	19	1	diamond	green	(565, 460)	low	dis	(645, 428)	N	dif	hori	left	True	1293126	1294631	left	1	4	99
6	xwq	f	19	1	diamond	green	(533, 540)	low	dis	(724, 460)	N	same	vert	up	True	1295679	1296784	up	1	4	100
6	xwq	f	19	1	diamond	red	(565, 460)	low	dis	(724, 619)	N	dif	hori	left	True	1297926	1299248	left	1	4	101
6	xwq	f	19	1	diamond	red	(565, 619)	high	dis	(724, 619)	N	same	vert	up	True	1300367	1301864	up	1	4	102
6	xwq	f	19	1	diamond	green	(645, 652)	low	dis	(565, 619)	Y	same	vert	up	True	1302980	1304207	up	1	4	103
6	xwq	f	19	1	circle	green	(565, 619)	high	dis	(565, 460)	N	dif	hori	left	True	1305368	1306951	left	1	4	104
6	xwq	f	19	1	circle	red	(533, 540)	low	no	no_dis	N	same	vert	up	True	1307973	1308993	up	1	4	105
6	xwq	f	19	1	circle	red	(645, 428)	low	no	no_dis	N	same	vert	up	True	1310003	1311368	up	1	4	106
6	xwq	f	19	1	circle	red	(565, 460)	low	dis	(757, 540)	N	dif	vert	up	True	1312491	1313248	up	1	4	107
6	xwq	f	19	1	circle	red	(724, 460)	low	no	no_dis	N	same	vert	up	True	1314253	1315031	up	1	4	108
6	xwq	f	19	1	diamond	red	(565, 619)	high	no	no_dis	N	dif	vert	up	True	1316060	1317688	up	1	4	109
6	xwq	f	19	1	circle	red	(724, 460)	low	dis	(565, 619)	Y	dif	hori	left	True	1318798	1319727	left	1	4	110
6	xwq	f	19	1	diamond	red	(645, 428)	low	no	no_dis	N	same	hori	left	True	1320964	1323103	left	1	4	111
6	xwq	f	19	1	diamond	green	(565, 619)	high	dis	(645, 652)	N	dif	vert	up	True	1324219	1325199	up	1	4	112
6	xwq	f	19	1	circle	red	(645, 428)	low	dis	(533, 540)	N	dif	vert	up	True	1326417	1327359	up	1	4	113
6	xwq	f	19	1	circle	green	(724, 460)	low	no	no_dis	N	dif	hori	left	True	1328591	1329839	left	1	4	114
6	xwq	f	19	1	circle	green	(533, 540)	low	dis	(565, 460)	N	dif	vert	up	True	1331040	1333880	up	1	4	115
6	xwq	f	19	1	circle	red	(533, 540)	low	dis	(757, 540)	N	dif	vert	up	True	1335111	1336104	up	1	4	116
6	xwq	f	19	1	circle	red	(565, 619)	high	no	no_dis	N	same	vert	up	True	1337165	1338032	up	1	4	117
6	xwq	f	19	1	circle	green	(724, 460)	low	no	no_dis	N	dif	vert	up	True	1339078	1339920	up	1	4	118
6	xwq	f	19	1	circle	green	(757, 540)	low	dis	(724, 460)	N	same	vert	up	True	1341146	1342832	up	1	4	119
6	xwq	f	19	1	diamond	red	(565, 619)	high	dis	(645, 652)	N	same	hori	left	True	1343895	1345535	left	1	4	120
6	xwq	f	19	1	circle	green	(645, 428)	low	no	no_dis	N	same	vert	up	True	1382644	1383672	up	1	5	1
6	xwq	f	19	1	diamond	red	(645, 652)	low	dis	(724, 460)	N	dif	hori	left	True	1384808	1385824	left	1	5	2
6	xwq	f	19	1	diamond	green	(565, 619)	high	dis	(533, 540)	N	dif	vert	up	True	1386937	1387919	up	1	5	3
6	xwq	f	19	1	diamond	red	(533, 540)	low	dis	(724, 619)	N	same	vert	up	True	1389010	1389959	up	1	5	4
6	xwq	f	19	1	diamond	red	(565, 460)	low	no	no_dis	N	dif	hori	left	True	1391172	1392488	left	1	5	5
6	xwq	f	19	1	circle	green	(645, 652)	low	dis	(724, 619)	N	dif	hori	left	True	1393617	1394856	left	1	5	6
6	xwq	f	19	1	diamond	green	(724, 460)	low	dis	(645, 428)	N	same	hori	left	True	1395925	1396895	left	1	5	7
6	xwq	f	19	1	circle	green	(533, 540)	low	no	no_dis	N	dif	hori	left	True	1398133	1398895	left	1	5	8
6	xwq	f	19	1	circle	red	(565, 460)	low	dis	(757, 540)	N	dif	vert	up	True	1399901	1400496	up	1	5	9
6	xwq	f	19	1	diamond	green	(724, 460)	low	dis	(724, 619)	N	dif	vert	up	True	1401539	1402591	up	1	5	10
6	xwq	f	19	1	circle	green	(757, 540)	low	dis	(724, 619)	N	dif	vert	up	True	1403630	1404479	up	1	5	11
6	xwq	f	19	1	circle	green	(645, 428)	low	no	no_dis	N	same	hori	left	True	1405507	1406239	left	1	5	12
6	xwq	f	19	1	circle	green	(565, 460)	low	dis	(645, 652)	N	same	vert	up	True	1407250	1407871	up	1	5	13
6	xwq	f	19	1	circle	red	(565, 619)	high	dis	(757, 540)	N	same	vert	up	True	1408988	1409647	up	1	5	14
6	xwq	f	19	1	circle	red	(724, 460)	low	no	no_dis	N	same	hori	left	True	1410745	1411375	left	1	5	15
6	xwq	f	19	1	diamond	red	(645, 428)	low	dis	(565, 619)	Y	same	hori	left	True	1412513	1413360	up	0	5	16
6	xwq	f	19	1	circle	green	(645, 428)	low	dis	(645, 652)	N	same	vert	up	True	1415880	1416703	up	1	5	17
6	xwq	f	19	1	diamond	green	(565, 460)	low	dis	(645, 428)	N	same	vert	up	True	1417711	1420231	up	1	5	18
6	xwq	f	19	1	circle	red	(533, 540)	low	dis	(645, 652)	N	dif	hori	left	True	1421457	1422959	left	1	5	19
6	xwq	f	19	1	diamond	red	(724, 619)	low	dis	(757, 540)	N	dif	hori	left	True	1423975	1425215	left	1	5	20
6	xwq	f	19	1	circle	red	(645, 652)	low	dis	(565, 619)	Y	dif	hori	left	True	1426357	1427560	left	1	5	21
6	xwq	f	19	1	circle	green	(645, 428)	low	dis	(724, 460)	N	same	vert	up	True	1428749	1429472	up	1	5	22
6	xwq	f	19	1	diamond	red	(645, 428)	low	no	no_dis	N	dif	vert	up	True	1430587	1432680	up	1	5	23
6	xwq	f	19	1	diamond	red	(565, 619)	high	dis	(645, 652)	N	dif	hori	left	True	1433780	1434976	left	1	5	24
6	xwq	f	19	1	diamond	green	(533, 540)	low	dis	(724, 460)	N	dif	hori	left	True	1436192	1437992	left	1	5	25
6	xwq	f	19	1	diamond	red	(645, 652)	low	dis	(565, 460)	N	same	hori	left	True	1439147	1440343	up	0	5	26
6	xwq	f	19	1	diamond	green	(757, 540)	low	no	no_dis	N	dif	vert	up	True	1443107	1444016	up	1	5	27
6	xwq	f	19	1	diamond	red	(724, 619)	low	no	no_dis	N	dif	vert	up	True	1445227	1446280	up	1	5	28
6	xwq	f	19	1	circle	red	(565, 460)	low	no	no_dis	N	same	vert	up	True	1447338	1448592	up	1	5	29
6	xwq	f	19	1	circle	green	(724, 460)	low	dis	(533, 540)	N	dif	hori	left	True	1449680	1450295	left	1	5	30
6	xwq	f	19	1	circle	red	(565, 619)	high	no	no_dis	N	dif	vert	up	True	1451302	1452056	up	1	5	31
6	xwq	f	19	1	circle	red	(724, 619)	low	dis	(645, 428)	N	same	vert	up	True	1453153	1454160	up	1	5	32
6	xwq	f	19	1	circle	red	(565, 619)	high	dis	(724, 460)	N	dif	hori	left	True	1455321	1456111	left	1	5	33
6	xwq	f	19	1	diamond	green	(645, 652)	low	dis	(645, 428)	N	same	hori	left	True	1457225	1458671	left	1	5	34
6	xwq	f	19	1	circle	red	(645, 428)	low	dis	(533, 540)	N	same	vert	up	True	1459741	1460535	up	1	5	35
6	xwq	f	19	1	diamond	green	(757, 540)	low	no	no_dis	N	same	vert	up	True	1461693	1462664	up	1	5	36
6	xwq	f	19	1	circle	green	(724, 460)	low	dis	(533, 540)	N	same	hori	left	True	1463852	1464807	left	1	5	37
6	xwq	f	19	1	diamond	red	(533, 540)	low	no	no_dis	N	same	hori	left	True	1465818	1467823	left	1	5	38
6	xwq	f	19	1	circle	red	(565, 619)	high	dis	(645, 652)	N	same	vert	up	True	1468928	1469840	up	1	5	39
6	xwq	f	19	1	circle	green	(565, 619)	high	dis	(724, 460)	N	same	hori	left	True	1471014	1471847	left	1	5	40
6	xwq	f	19	1	circle	green	(565, 619)	high	no	no_dis	N	dif	hori	left	True	1472980	1473791	left	1	5	41
6	xwq	f	19	1	diamond	green	(565, 619)	high	no	no_dis	N	dif	hori	left	True	1474895	1476023	left	1	5	42
6	xwq	f	19	1	diamond	red	(565, 619)	high	dis	(724, 619)	N	same	hori	left	True	1477125	1478311	left	1	5	43
6	xwq	f	19	1	circle	red	(565, 619)	high	dis	(724, 619)	N	dif	hori	left	True	1479357	1480096	left	1	5	44
6	xwq	f	19	1	circle	red	(724, 619)	low	dis	(724, 460)	N	same	hori	left	True	1481290	1482303	left	1	5	45
6	xwq	f	19	1	diamond	red	(565, 619)	high	no	no_dis	N	same	vert	up	True	1483427	1484455	up	1	5	46
6	xwq	f	19	1	diamond	green	(645, 652)	low	dis	(533, 540)	N	dif	hori	left	True	1485642	1487431	up	0	5	47
6	xwq	f	19	1	diamond	green	(724, 619)	low	dis	(565, 619)	Y	same	vert	up	True	1490027	1491240	up	1	5	48
6	xwq	f	19	1	circle	red	(757, 540)	low	dis	(565, 619)	Y	dif	vert	up	True	1492452	1493431	up	1	5	49
6	xwq	f	19	1	diamond	green	(724, 619)	low	dis	(724, 460)	N	dif	hori	left	True	1494473	1496440	left	1	5	50
6	xwq	f	19	1	circle	green	(565, 619)	high	dis	(645, 652)	N	same	vert	up	True	1497545	1498512	up	1	5	51
6	xwq	f	19	1	circle	red	(757, 540)	low	no	no_dis	N	dif	hori	left	True	1499731	1500560	left	1	5	52
6	xwq	f	19	1	diamond	green	(565, 619)	high	dis	(757, 540)	N	dif	hori	left	True	1501667	1502871	left	1	5	53
6	xwq	f	19	1	circle	green	(565, 619)	high	dis	(645, 428)	N	dif	hori	left	True	1504110	1505455	left	1	5	54
6	xwq	f	19	1	circle	green	(645, 652)	low	no	no_dis	N	same	vert	up	True	1506530	1507695	up	1	5	55
6	xwq	f	19	1	diamond	green	(757, 540)	low	no	no_dis	N	dif	hori	left	True	1508786	1509735	left	1	5	56
6	xwq	f	19	1	diamond	red	(565, 619)	high	no	no_dis	N	same	hori	left	True	1510760	1511591	left	1	5	57
6	xwq	f	19	1	circle	red	(757, 540)	low	dis	(565, 460)	N	dif	vert	up	True	1512637	1513936	up	1	5	58
6	xwq	f	19	1	diamond	red	(645, 652)	low	no	no_dis	N	same	vert	up	True	1515145	1516255	up	1	5	59
6	xwq	f	19	1	diamond	green	(565, 619)	high	dis	(533, 540)	N	dif	vert	up	True	1517436	1518399	up	1	5	60
6	xwq	f	19	1	circle	green	(565, 619)	high	no	no_dis	N	same	vert	up	True	1519553	1520455	up	1	5	61
6	xwq	f	19	1	diamond	red	(724, 460)	low	dis	(565, 460)	N	same	vert	up	True	1521641	1522598	up	1	5	62
6	xwq	f	19	1	diamond	red	(565, 619)	high	no	no_dis	N	same	vert	up	True	1523775	1524423	up	1	5	63
6	xwq	f	19	1	circle	green	(724, 460)	low	no	no_dis	N	dif	hori	left	True	1525615	1526335	left	1	5	64
6	xwq	f	19	1	diamond	red	(533, 540)	low	dis	(757, 540)	N	same	hori	left	True	1527349	1528655	left	1	5	65
6	xwq	f	19	1	diamond	green	(724, 619)	low	no	no_dis	N	same	hori	left	True	1529740	1530848	left	1	5	66
6	xwq	f	19	1	diamond	green	(645, 428)	low	dis	(565, 619)	Y	same	hori	left	True	1531985	1532840	left	1	5	67
6	xwq	f	19	1	diamond	red	(565, 619)	high	dis	(757, 540)	N	dif	vert	up	True	1534032	1535384	up	1	5	68
6	xwq	f	19	1	circle	red	(565, 619)	high	dis	(533, 540)	N	same	vert	up	True	1536563	1537663	up	1	5	69
6	xwq	f	19	1	diamond	green	(533, 540)	low	no	no_dis	N	same	vert	up	True	1538867	1539871	up	1	5	70
6	xwq	f	19	1	diamond	green	(565, 619)	high	no	no_dis	N	dif	vert	up	True	1540960	1541904	up	1	5	71
6	xwq	f	19	1	circle	green	(565, 619)	high	dis	(565, 460)	N	same	vert	up	True	1543063	1544592	up	1	5	72
6	xwq	f	19	1	diamond	green	(757, 540)	low	dis	(724, 460)	N	same	vert	up	True	1545703	1547111	up	1	5	73
6	xwq	f	19	1	circle	green	(724, 619)	low	no	no_dis	N	dif	hori	left	True	1548194	1549207	left	1	5	74
6	xwq	f	19	1	circle	red	(645, 652)	low	no	no_dis	N	dif	vert	up	True	1550342	1551007	up	1	5	75
6	xwq	f	19	1	diamond	green	(533, 540)	low	no	no_dis	N	same	vert	up	True	1552103	1552927	up	1	5	76
6	xwq	f	19	1	diamond	green	(565, 619)	high	dis	(724, 460)	N	same	hori	left	True	1554043	1555160	left	1	5	77
6	xwq	f	19	1	circle	red	(724, 619)	low	no	no_dis	N	dif	vert	up	True	1556223	1557095	up	1	5	78
6	xwq	f	19	1	diamond	green	(757, 540)	low	dis	(533, 540)	N	dif	vert	up	True	1558196	1558927	up	1	5	79
6	xwq	f	19	1	circle	red	(565, 619)	high	no	no_dis	N	same	hori	left	True	1559983	1560863	left	1	5	80
6	xwq	f	19	1	circle	red	(724, 460)	low	dis	(645, 652)	N	same	hori	left	True	1562075	1562911	left	1	5	81
6	xwq	f	19	1	circle	green	(565, 619)	high	no	no_dis	N	dif	vert	up	True	1564033	1564726	up	1	5	82
6	xwq	f	19	1	diamond	red	(565, 460)	low	dis	(533, 540)	N	same	vert	up	True	1565772	1568160	up	1	5	83
6	xwq	f	19	1	circle	green	(724, 619)	low	dis	(565, 460)	N	same	hori	left	True	1569188	1569999	left	1	5	84
6	xwq	f	19	1	circle	green	(724, 619)	low	dis	(565, 460)	N	dif	vert	up	True	1571083	1572175	up	1	5	85
6	xwq	f	19	1	circle	green	(533, 540)	low	dis	(645, 428)	N	dif	vert	up	True	1573217	1573983	up	1	5	86
6	xwq	f	19	1	diamond	green	(565, 619)	high	no	no_dis	N	dif	hori	left	True	1575234	1576215	left	1	5	87
6	xwq	f	19	1	circle	red	(565, 619)	high	no	no_dis	N	same	hori	left	True	1577332	1578167	left	1	5	88
6	xwq	f	19	1	circle	green	(565, 619)	high	dis	(645, 652)	N	dif	vert	up	True	1579374	1580199	up	1	5	89
6	xwq	f	19	1	diamond	red	(757, 540)	low	dis	(565, 619)	Y	dif	vert	up	True	1581434	1582319	up	1	5	90
6	xwq	f	19	1	diamond	red	(757, 540)	low	dis	(724, 619)	N	dif	hori	left	True	1583339	1584143	left	1	5	91
6	xwq	f	19	1	diamond	red	(645, 428)	low	dis	(645, 652)	N	same	vert	up	True	1585384	1586039	up	1	5	92
6	xwq	f	19	1	circle	red	(565, 619)	high	dis	(565, 460)	N	same	vert	up	True	1587044	1587823	up	1	5	93
6	xwq	f	19	1	diamond	green	(645, 428)	low	dis	(565, 619)	Y	dif	vert	up	True	1588852	1589680	up	1	5	94
6	xwq	f	19	1	diamond	red	(724, 619)	low	dis	(757, 540)	N	dif	hori	left	True	1590846	1592335	left	1	5	95
6	xwq	f	19	1	circle	red	(645, 652)	low	dis	(757, 540)	N	dif	vert	up	True	1593495	1594607	up	1	5	96
6	xwq	f	19	1	diamond	red	(565, 619)	high	dis	(565, 460)	N	dif	vert	up	True	1595639	1596943	up	1	5	97
6	xwq	f	19	1	diamond	red	(645, 428)	low	no	no_dis	N	dif	hori	left	True	1598166	1598943	left	1	5	98
6	xwq	f	19	1	circle	green	(565, 460)	low	dis	(565, 619)	Y	dif	vert	up	True	1600164	1601351	up	1	5	99
6	xwq	f	19	1	circle	green	(533, 540)	low	dis	(565, 460)	N	dif	hori	left	True	1602403	1603599	left	1	5	100
6	xwq	f	19	1	circle	green	(757, 540)	low	dis	(724, 619)	N	same	vert	up	True	1604755	1605623	up	1	5	101
6	xwq	f	19	1	diamond	green	(565, 619)	high	dis	(724, 619)	N	same	hori	left	True	1606838	1607879	left	1	5	102
6	xwq	f	19	1	circle	red	(565, 460)	low	dis	(724, 619)	N	same	hori	left	True	1608981	1609631	left	1	5	103
6	xwq	f	19	1	circle	red	(724, 460)	low	dis	(645, 428)	N	same	hori	left	True	1610678	1611535	left	1	5	104
6	xwq	f	19	1	diamond	red	(724, 460)	low	dis	(565, 619)	Y	same	vert	up	True	1612747	1613502	up	1	5	105
6	xwq	f	19	1	circle	green	(645, 652)	low	no	no_dis	N	same	hori	left	True	1614604	1615759	left	1	5	106
6	xwq	f	19	1	diamond	red	(565, 619)	high	dis	(757, 540)	N	dif	vert	up	True	1616994	1617895	up	1	5	107
6	xwq	f	19	1	diamond	green	(533, 540)	low	dis	(645, 652)	N	same	hori	left	True	1618898	1619911	left	1	5	108
6	xwq	f	19	1	diamond	green	(565, 460)	low	dis	(724, 460)	N	dif	vert	up	True	1621126	1621799	up	1	5	109
6	xwq	f	19	1	diamond	red	(565, 619)	high	dis	(645, 428)	N	dif	hori	left	True	1622832	1623688	left	1	5	110
6	xwq	f	19	1	circle	red	(645, 428)	low	dis	(533, 540)	N	dif	hori	left	True	1624778	1626119	left	1	5	111
6	xwq	f	19	1	diamond	green	(565, 619)	high	dis	(645, 428)	N	same	hori	left	True	1627287	1628271	left	1	5	112
6	xwq	f	19	1	diamond	red	(565, 460)	low	dis	(757, 540)	N	same	hori	left	True	1629433	1630342	left	1	5	113
6	xwq	f	19	1	circle	green	(565, 619)	high	dis	(565, 460)	N	same	hori	left	True	1631475	1632367	left	1	5	114
6	xwq	f	19	1	diamond	green	(724, 460)	low	no	no_dis	N	dif	vert	up	True	1633370	1633959	up	1	5	115
6	xwq	f	19	1	diamond	red	(565, 460)	low	no	no_dis	N	same	hori	left	True	1634991	1635735	left	1	5	116
6	xwq	f	19	1	circle	red	(533, 540)	low	dis	(565, 619)	Y	dif	vert	up	True	1636808	1638799	up	1	5	117
6	xwq	f	19	1	circle	red	(565, 460)	low	no	no_dis	N	dif	vert	up	True	1639916	1640703	up	1	5	118
6	xwq	f	19	1	circle	green	(645, 652)	low	dis	(645, 428)	N	dif	hori	left	True	1641827	1642575	left	1	5	119
6	xwq	f	19	1	circle	red	(724, 460)	low	no	no_dis	N	same	hori	left	True	1643588	1644431	left	1	5	120
6	xwq	f	19	1	circle	green	(724, 460)	low	no	no_dis	N	dif	vert	up	True	1676138	1676983	up	1	6	1
6	xwq	f	19	1	diamond	green	(724, 460)	low	dis	(757, 540)	N	dif	hori	left	True	1678126	1678927	left	1	6	2
6	xwq	f	19	1	diamond	red	(565, 619)	high	dis	(724, 619)	N	dif	hori	left	True	1679994	1680791	left	1	6	3
6	xwq	f	19	1	diamond	red	(724, 460)	low	dis	(565, 460)	N	same	hori	left	True	1681803	1682679	left	1	6	4
6	xwq	f	19	1	diamond	red	(645, 428)	low	dis	(565, 619)	Y	same	hori	left	True	1683689	1684407	left	1	6	5
6	xwq	f	19	1	circle	green	(724, 619)	low	no	no_dis	N	dif	vert	up	True	1685633	1686430	up	1	6	6
6	xwq	f	19	1	diamond	green	(757, 540)	low	dis	(724, 619)	N	dif	hori	left	True	1687498	1688510	left	1	6	7
6	xwq	f	19	1	circle	green	(724, 619)	low	no	no_dis	N	dif	vert	up	True	1689636	1690584	up	1	6	8
6	xwq	f	19	1	diamond	green	(565, 619)	high	dis	(533, 540)	N	dif	hori	left	True	1691792	1692751	left	1	6	9
6	xwq	f	19	1	circle	green	(565, 619)	high	no	no_dis	N	same	hori	left	True	1693890	1694574	left	1	6	10
6	xwq	f	19	1	circle	green	(724, 460)	low	dis	(565, 619)	Y	same	vert	up	True	1695800	1696519	up	1	6	11
6	xwq	f	19	1	circle	green	(565, 460)	low	no	no_dis	N	dif	vert	up	True	1697580	1698566	up	1	6	12
6	xwq	f	19	1	circle	red	(565, 619)	high	dis	(645, 652)	N	same	hori	left	True	1699800	1701071	left	1	6	13
6	xwq	f	19	1	circle	red	(565, 619)	high	dis	(724, 460)	N	dif	vert	up	True	1702240	1702975	up	1	6	14
6	xwq	f	19	1	diamond	red	(565, 619)	high	dis	(565, 460)	N	same	hori	left	True	1704116	1705222	left	1	6	15
6	xwq	f	19	1	diamond	green	(645, 652)	low	dis	(565, 460)	N	same	vert	up	True	1706449	1707128	up	1	6	16
6	xwq	f	19	1	circle	green	(533, 540)	low	dis	(565, 460)	N	same	hori	left	True	1708302	1710151	left	1	6	17
6	xwq	f	19	1	diamond	red	(565, 619)	high	dis	(645, 428)	N	same	vert	up	True	1711200	1712055	up	1	6	18
6	xwq	f	19	1	circle	red	(645, 652)	low	dis	(645, 428)	N	dif	vert	up	True	1713237	1714063	up	1	6	19
6	xwq	f	19	1	circle	green	(757, 540)	low	dis	(645, 428)	N	same	vert	up	True	1715216	1716927	up	1	6	20
6	xwq	f	19	1	diamond	green	(645, 428)	low	no	no_dis	N	same	vert	up	True	1718161	1719031	up	1	6	21
6	xwq	f	19	1	diamond	red	(724, 619)	low	dis	(533, 540)	N	dif	hori	left	True	1720207	1721087	left	1	6	22
6	xwq	f	19	1	diamond	green	(533, 540)	low	no	no_dis	N	dif	hori	left	True	1722104	1723015	left	1	6	23
6	xwq	f	19	1	circle	green	(565, 460)	low	dis	(645, 652)	N	dif	vert	up	True	1724186	1725543	up	1	6	24
6	xwq	f	19	1	diamond	green	(565, 619)	high	dis	(724, 460)	N	dif	hori	left	True	1726680	1727743	left	1	6	25
6	xwq	f	19	1	diamond	red	(565, 619)	high	dis	(533, 540)	N	same	vert	up	True	1728890	1729983	up	1	6	26
6	xwq	f	19	1	diamond	red	(724, 619)	low	dis	(565, 619)	Y	same	vert	up	True	1731200	1732031	up	1	6	27
6	xwq	f	19	1	circle	green	(724, 619)	low	dis	(645, 428)	N	same	vert	up	True	1733079	1734719	up	1	6	28
6	xwq	f	19	1	circle	red	(565, 619)	high	no	no_dis	N	dif	vert	up	True	1735930	1736630	up	1	6	29
6	xwq	f	19	1	diamond	red	(565, 619)	high	no	no_dis	N	dif	hori	left	True	1737773	1738575	left	1	6	30
6	xwq	f	19	1	diamond	green	(757, 540)	low	dis	(724, 460)	N	dif	hori	left	True	1739727	1741206	left	1	6	31
6	xwq	f	19	1	diamond	red	(565, 460)	low	no	no_dis	N	dif	hori	left	True	1742305	1743039	left	1	6	32
6	xwq	f	19	1	diamond	green	(533, 540)	low	dis	(757, 540)	N	same	vert	up	True	1744193	1745134	up	1	6	33
6	xwq	f	19	1	circle	red	(533, 540)	low	no	no_dis	N	same	hori	left	True	1746268	1746998	left	1	6	34
6	xwq	f	19	1	diamond	green	(565, 619)	high	dis	(724, 619)	N	dif	vert	up	True	1748068	1748967	up	1	6	35
6	xwq	f	19	1	circle	green	(565, 619)	high	dis	(645, 428)	N	same	hori	left	True	1750078	1750839	left	1	6	36
6	xwq	f	19	1	circle	green	(757, 540)	low	dis	(565, 619)	Y	same	hori	left	True	1751885	1752671	left	1	6	37
6	xwq	f	19	1	circle	red	(724, 460)	low	no	no_dis	N	same	hori	left	True	1753824	1754406	left	1	6	38
6	xwq	f	19	1	circle	red	(565, 619)	high	dis	(645, 428)	N	dif	vert	up	True	1755625	1756287	up	1	6	39
6	xwq	f	19	1	circle	green	(757, 540)	low	no	no_dis	N	same	hori	left	True	1757480	1758038	left	1	6	40
6	xwq	f	19	1	diamond	green	(533, 540)	low	dis	(645, 428)	N	same	vert	up	True	1759237	1760646	up	1	6	41
6	xwq	f	19	1	circle	green	(565, 619)	high	no	no_dis	N	dif	vert	up	True	1761837	1763199	up	1	6	42
6	xwq	f	19	1	circle	green	(724, 460)	low	dis	(533, 540)	N	same	hori	left	True	1764258	1764974	left	1	6	43
6	xwq	f	19	1	circle	green	(757, 540)	low	no	no_dis	N	dif	hori	left	True	1765993	1766951	left	1	6	44
6	xwq	f	19	1	diamond	red	(565, 460)	low	dis	(724, 460)	N	same	hori	left	True	1767999	1770015	left	1	6	45
6	xwq	f	19	1	diamond	green	(565, 619)	high	no	no_dis	N	dif	vert	up	True	1771259	1772118	up	1	6	46
6	xwq	f	19	1	diamond	green	(724, 460)	low	no	no_dis	N	same	hori	left	True	1773208	1773975	left	1	6	47
6	xwq	f	19	1	diamond	green	(565, 460)	low	dis	(757, 540)	N	dif	vert	up	True	1775137	1775823	up	1	6	48
6	xwq	f	19	1	circle	red	(757, 540)	low	dis	(645, 428)	N	dif	hori	left	True	1777009	1777791	left	1	6	49
6	xwq	f	19	1	diamond	green	(565, 619)	high	dis	(724, 619)	N	same	vert	up	True	1778895	1779886	up	1	6	50
6	xwq	f	19	1	diamond	red	(645, 652)	low	no	no_dis	N	dif	hori	left	True	1780891	1781942	left	1	6	51
6	xwq	f	19	1	diamond	red	(757, 540)	low	dis	(533, 540)	N	dif	hori	left	True	1783010	1783711	left	1	6	52
6	xwq	f	19	1	diamond	red	(565, 619)	high	dis	(757, 540)	N	same	vert	up	True	1784796	1785359	up	1	6	53
6	xwq	f	19	1	circle	red	(757, 540)	low	dis	(565, 619)	Y	same	hori	left	True	1786450	1787047	left	1	6	54
6	xwq	f	19	1	circle	red	(533, 540)	low	dis	(724, 619)	N	dif	hori	left	True	1788066	1788887	left	1	6	55
6	xwq	f	19	1	diamond	red	(645, 652)	low	no	no_dis	N	same	hori	left	True	1790130	1791230	left	1	6	56
6	xwq	f	19	1	diamond	green	(724, 460)	low	dis	(565, 460)	N	same	hori	left	True	1792371	1793190	up	0	6	57
6	xwq	f	19	1	circle	green	(645, 428)	low	dis	(645, 652)	N	same	hori	left	True	1795905	1797559	left	1	6	58
6	xwq	f	19	1	diamond	green	(565, 460)	low	no	no_dis	N	dif	vert	up	True	1798804	1799447	up	1	6	59
6	xwq	f	19	1	diamond	green	(724, 460)	low	no	no_dis	N	same	vert	up	True	1800654	1801470	up	1	6	60
6	xwq	f	19	1	circle	red	(565, 619)	high	dis	(757, 540)	N	same	hori	left	True	1802577	1803703	left	1	6	61
6	xwq	f	19	1	diamond	red	(645, 428)	low	dis	(645, 652)	N	dif	vert	up	True	1804869	1806926	up	1	6	62
6	xwq	f	19	1	diamond	green	(565, 619)	high	dis	(757, 540)	N	same	hori	left	True	1808138	1809022	left	1	6	63
6	xwq	f	19	1	diamond	red	(645, 652)	low	no	no_dis	N	dif	hori	left	True	1810087	1811007	left	1	6	64
6	xwq	f	19	1	diamond	red	(724, 619)	low	no	no_dis	N	same	vert	up	True	1812249	1813407	up	1	6	65
6	xwq	f	19	1	diamond	green	(533, 540)	low	no	no_dis	N	same	hori	left	True	1814532	1815510	up	0	6	66
6	xwq	f	19	1	diamond	red	(645, 652)	low	dis	(645, 428)	N	dif	vert	up	True	1818229	1819031	up	1	6	67
6	xwq	f	19	1	diamond	green	(724, 619)	low	dis	(533, 540)	N	same	hori	left	True	1820066	1820927	left	1	6	68
6	xwq	f	19	1	circle	green	(565, 619)	high	dis	(533, 540)	N	dif	hori	left	True	1822004	1823495	left	1	6	69
6	xwq	f	19	1	diamond	red	(565, 619)	high	no	no_dis	N	same	hori	left	True	1824578	1825471	left	1	6	70
6	xwq	f	19	1	diamond	red	(757, 540)	low	dis	(565, 619)	Y	dif	vert	up	True	1826619	1827310	up	1	6	71
6	xwq	f	19	1	circle	green	(645, 652)	low	dis	(533, 540)	N	same	vert	up	True	1828428	1829631	up	1	6	72
6	xwq	f	19	1	circle	red	(724, 619)	low	dis	(724, 460)	N	same	hori	left	True	1830712	1831543	left	1	6	73
6	xwq	f	19	1	circle	green	(565, 619)	high	dis	(565, 460)	N	dif	vert	up	True	1832786	1833758	up	1	6	74
6	xwq	f	19	1	circle	red	(565, 460)	low	dis	(724, 460)	N	dif	vert	up	True	1834788	1835711	up	1	6	75
6	xwq	f	19	1	circle	red	(645, 428)	low	dis	(757, 540)	N	dif	hori	left	True	1836917	1838278	left	1	6	76
6	xwq	f	19	1	circle	red	(565, 460)	low	no	no_dis	N	dif	hori	left	True	1839315	1839998	left	1	6	77
6	xwq	f	19	1	circle	red	(565, 619)	high	no	no_dis	N	same	vert	up	True	1841148	1841823	up	1	6	78
6	xwq	f	19	1	circle	red	(533, 540)	low	dis	(757, 540)	N	dif	hori	left	True	1843054	1843887	left	1	6	79
6	xwq	f	19	1	diamond	green	(645, 428)	low	dis	(724, 619)	N	same	vert	up	True	1845134	1845926	up	1	6	80
6	xwq	f	19	1	circle	green	(724, 619)	low	dis	(645, 652)	N	same	hori	left	True	1847011	1848303	left	1	6	81
6	xwq	f	19	1	diamond	green	(724, 619)	low	dis	(645, 652)	N	dif	vert	up	True	1849516	1850294	up	1	6	82
6	xwq	f	19	1	circle	green	(645, 652)	low	dis	(565, 619)	Y	dif	hori	left	True	1851347	1852622	left	1	6	83
6	xwq	f	19	1	circle	green	(565, 460)	low	dis	(533, 540)	N	same	hori	left	True	1853787	1854535	left	1	6	84
6	xwq	f	19	1	diamond	green	(565, 619)	high	dis	(724, 619)	N	same	hori	left	True	1855672	1856902	left	1	6	85
6	xwq	f	19	1	circle	red	(724, 460)	low	dis	(565, 460)	N	dif	hori	left	True	1857925	1859799	left	1	6	86
6	xwq	f	19	1	circle	green	(645, 428)	low	no	no_dis	N	same	vert	up	True	1860815	1861798	up	1	6	87
6	xwq	f	19	1	diamond	green	(645, 428)	low	dis	(757, 540)	N	dif	vert	up	True	1863043	1863911	up	1	6	88
6	xwq	f	19	1	diamond	green	(645, 652)	low	dis	(565, 619)	Y	dif	vert	up	True	1865021	1865959	up	1	6	89
6	xwq	f	19	1	circle	red	(565, 460)	low	dis	(724, 460)	N	dif	hori	left	True	1867210	1868303	up	0	6	90
6	xwq	f	19	1	circle	green	(565, 619)	high	dis	(533, 540)	N	same	vert	up	True	1871046	1871951	up	1	6	91
6	xwq	f	19	1	circle	red	(565, 619)	high	dis	(724, 460)	N	dif	vert	up	True	1873033	1874326	up	1	6	92
6	xwq	f	19	1	diamond	red	(565, 460)	low	dis	(645, 652)	N	same	vert	up	True	1875445	1876159	up	1	6	93
6	xwq	f	19	1	circle	green	(565, 619)	high	dis	(645, 652)	N	dif	hori	left	True	1877200	1878262	left	1	6	94
6	xwq	f	19	1	circle	green	(645, 428)	low	dis	(565, 619)	Y	dif	vert	up	True	1879389	1879975	up	1	6	95
6	xwq	f	19	1	circle	red	(724, 619)	low	dis	(757, 540)	N	dif	hori	left	True	1881226	1881935	left	1	6	96
6	xwq	f	19	1	circle	green	(565, 619)	high	no	no_dis	N	dif	hori	left	True	1882956	1883710	left	1	6	97
6	xwq	f	19	1	diamond	green	(565, 619)	high	no	no_dis	N	same	vert	up	True	1884804	1885934	up	1	6	98
6	xwq	f	19	1	circle	green	(533, 540)	low	dis	(565, 460)	N	same	vert	up	True	1887069	1887974	up	1	6	99
6	xwq	f	19	1	circle	red	(724, 619)	low	no	no_dis	N	dif	hori	left	True	1889004	1889686	left	1	6	100
6	xwq	f	19	1	diamond	red	(645, 652)	low	dis	(724, 460)	N	dif	vert	up	True	1890775	1891967	up	1	6	101
6	xwq	f	19	1	diamond	red	(645, 428)	low	no	no_dis	N	dif	vert	up	True	1893037	1893911	up	1	6	102
6	xwq	f	19	1	diamond	green	(565, 619)	high	no	no_dis	N	same	vert	up	True	1895032	1897054	up	1	6	103
6	xwq	f	19	1	circle	red	(533, 540)	low	no	no_dis	N	dif	vert	up	True	1898147	1898942	up	1	6	104
6	xwq	f	19	1	diamond	red	(533, 540)	low	dis	(724, 619)	N	same	hori	left	True	1900073	1901167	left	1	6	105
6	xwq	f	19	1	circle	green	(565, 619)	high	dis	(565, 460)	N	dif	vert	up	True	1902366	1904270	up	1	6	106
6	xwq	f	19	1	diamond	green	(757, 540)	low	no	no_dis	N	same	vert	up	True	1905365	1906727	up	1	6	107
6	xwq	f	19	1	circle	red	(645, 428)	low	dis	(565, 619)	Y	same	vert	up	True	1907881	1909327	up	1	6	108
6	xwq	f	19	1	diamond	red	(565, 619)	high	no	no_dis	N	dif	hori	left	True	1910345	1911318	left	1	6	109
6	xwq	f	19	1	circle	red	(724, 460)	low	dis	(565, 460)	N	dif	hori	left	True	1912325	1913270	left	1	6	110
6	xwq	f	19	1	diamond	red	(757, 540)	low	no	no_dis	N	same	vert	up	True	1914494	1915863	up	1	6	111
6	xwq	f	19	1	circle	red	(645, 652)	low	dis	(724, 619)	N	same	vert	up	True	1917093	1919326	up	1	6	112
6	xwq	f	19	1	diamond	red	(533, 540)	low	dis	(724, 460)	N	dif	vert	up	True	1920425	1922094	up	1	6	113
6	xwq	f	19	1	diamond	red	(724, 460)	low	dis	(645, 652)	N	dif	vert	up	True	1923289	1924718	up	1	6	114
6	xwq	f	19	1	circle	red	(565, 619)	high	no	no_dis	N	same	hori	left	True	1925869	1927006	left	1	6	115
6	xwq	f	19	1	circle	red	(645, 428)	low	no	no_dis	N	same	vert	up	True	1928106	1928870	up	1	6	116
6	xwq	f	19	1	circle	red	(565, 619)	high	dis	(645, 652)	N	dif	hori	left	True	1929962	1930783	left	1	6	117
6	xwq	f	19	1	diamond	green	(565, 460)	low	dis	(724, 619)	N	same	vert	up	True	1931920	1933303	up	1	6	118
6	xwq	f	19	1	diamond	red	(565, 619)	high	dis	(645, 428)	N	same	vert	up	True	1934422	1935198	up	1	6	119
6	xwq	f	19	1	circle	red	(645, 652)	low	no	no_dis	N	same	hori	left	True	1936213	1937367	left	1	6	120
conf	6	xwq	f	19	1	True	1974071	2000774	5	True	2000785	2019119	4
