subj	name	gender	age	prac	shape	color	tar_loc	popularity	dis_cond	dis_loc	dis_high	td_dif	line	respkey	gotkey	startTime	respTime	resp	correct	block	trialnum
8	yxy	f	18	1	circle	red	(724, 460)	low	dis	(645, 652)	N	dif	vert	up	True	11317	12765	up	1	1	1
8	yxy	f	18	1	circle	green	(645, 652)	low	dis	(645, 428)	N	dif	hori	left	True	13978	15221	left	1	1	2
8	yxy	f	18	1	circle	red	(645, 428)	low	no	no_dis	N	dif	vert	up	True	16419	18005	up	1	1	3
8	yxy	f	18	1	diamond	red	(724, 619)	high	dis	(533, 540)	N	dif	vert	up	True	19118	20613	up	1	1	4
8	yxy	f	18	1	circle	green	(757, 540)	low	dis	(724, 460)	N	dif	vert	up	True	21749	23365	up	1	1	5
8	yxy	f	18	1	diamond	green	(565, 460)	low	dis	(645, 652)	N	dif	hori	left	True	24546	25876	left	1	1	6
8	yxy	f	18	1	diamond	red	(724, 460)	low	dis	(533, 540)	N	same	hori	left	True	26934	28565	left	1	1	7
8	yxy	f	18	1	circle	red	(645, 652)	low	dis	(724, 619)	Y	dif	hori	left	True	29771	31237	left	1	1	8
8	yxy	f	18	1	circle	red	(724, 619)	high	dis	(533, 540)	N	same	vert	up	True	32363	33805	up	1	1	9
8	yxy	f	18	1	diamond	green	(757, 540)	low	no	no_dis	N	same	vert	up	True	34975	36333	up	1	1	10
8	yxy	f	18	1	circle	red	(565, 619)	low	dis	(565, 460)	N	same	hori	left	True	37579	39165	left	1	1	11
8	yxy	f	18	1	circle	red	(724, 619)	high	dis	(757, 540)	N	dif	vert	up	True	40273	41781	up	1	1	12
8	yxy	f	18	1	diamond	red	(724, 460)	low	dis	(645, 652)	N	dif	vert	up	True	43017	44253	up	1	1	13
8	yxy	f	18	1	circle	green	(724, 619)	high	dis	(757, 540)	N	same	vert	up	True	45306	47229	up	1	1	14
8	yxy	f	18	1	diamond	green	(645, 428)	low	dis	(565, 619)	N	same	vert	up	True	48438	50012	up	1	1	15
8	yxy	f	18	1	diamond	red	(724, 619)	high	no	no_dis	N	same	hori	left	True	51161	53044	left	1	1	16
8	yxy	f	18	1	diamond	red	(757, 540)	low	no	no_dis	N	same	vert	up	True	54251	55741	up	1	1	17
8	yxy	f	18	1	circle	red	(645, 652)	low	no	no_dis	N	same	vert	up	True	56751	58116	up	1	1	18
8	yxy	f	18	1	diamond	green	(724, 619)	high	dis	(565, 460)	N	same	vert	up	True	59302	60381	up	1	1	19
8	yxy	f	18	1	circle	green	(533, 540)	low	dis	(565, 619)	N	dif	hori	left	True	61491	62637	left	1	1	20
8	yxy	f	18	1	circle	red	(645, 428)	low	no	no_dis	N	dif	vert	up	True	63854	64797	up	1	1	21
8	yxy	f	18	1	diamond	green	(757, 540)	low	dis	(533, 540)	N	same	hori	left	True	65834	67396	left	1	1	22
8	yxy	f	18	1	circle	red	(645, 428)	low	dis	(645, 652)	N	same	vert	up	True	68402	69725	up	1	1	23
8	yxy	f	18	1	circle	red	(565, 460)	low	no	no_dis	N	same	hori	left	True	70835	72701	left	1	1	24
8	yxy	f	18	1	circle	red	(565, 460)	low	dis	(757, 540)	N	dif	hori	left	True	73716	74981	left	1	1	25
8	yxy	f	18	1	circle	green	(533, 540)	low	no	no_dis	N	dif	hori	left	True	76166	77237	left	1	1	26
8	yxy	f	18	1	diamond	red	(565, 619)	low	dis	(757, 540)	N	same	hori	left	True	78468	80381	left	1	1	27
8	yxy	f	18	1	diamond	red	(724, 619)	high	dis	(565, 460)	N	dif	vert	up	True	81578	82716	up	1	1	28
8	yxy	f	18	1	diamond	green	(724, 619)	high	dis	(645, 428)	N	dif	hori	left	True	83960	84973	up	0	1	29
8	yxy	f	18	1	circle	green	(565, 619)	low	dis	(645, 428)	N	same	hori	left	True	87542	88829	left	1	1	30
8	yxy	f	18	1	diamond	red	(533, 540)	low	no	no_dis	N	dif	hori	left	True	89884	91757	left	1	1	31
8	yxy	f	18	1	diamond	red	(724, 619)	high	no	no_dis	N	same	vert	up	True	92927	94069	up	1	1	32
8	yxy	f	18	1	diamond	red	(533, 540)	low	dis	(724, 619)	Y	dif	vert	up	True	95128	97188	up	1	1	33
8	yxy	f	18	1	circle	red	(757, 540)	low	dis	(533, 540)	N	same	hori	left	True	98238	99501	left	1	1	34
8	yxy	f	18	1	diamond	green	(724, 460)	low	no	no_dis	N	dif	vert	up	True	100523	101757	up	1	1	35
8	yxy	f	18	1	circle	red	(724, 619)	high	dis	(724, 460)	N	same	vert	up	True	102829	104461	up	1	1	36
8	yxy	f	18	1	diamond	green	(533, 540)	low	dis	(724, 619)	Y	dif	vert	up	True	105473	107372	up	1	1	37
8	yxy	f	18	1	circle	green	(724, 619)	high	no	no_dis	N	dif	hori	left	True	108536	109676	left	1	1	38
8	yxy	f	18	1	circle	green	(645, 652)	low	dis	(757, 540)	N	dif	vert	up	True	110898	112788	up	1	1	39
8	yxy	f	18	1	diamond	red	(645, 428)	low	dis	(565, 619)	N	same	hori	left	True	113997	115445	left	1	1	40
8	yxy	f	18	1	diamond	green	(565, 619)	low	dis	(724, 460)	N	dif	vert	up	True	116670	117941	up	1	1	41
8	yxy	f	18	1	diamond	green	(724, 460)	low	dis	(565, 460)	N	same	hori	left	True	119070	120701	left	1	1	42
8	yxy	f	18	1	diamond	green	(565, 619)	low	no	no_dis	N	same	hori	left	True	121716	122957	left	1	1	43
8	yxy	f	18	1	diamond	green	(533, 540)	low	dis	(724, 460)	N	dif	vert	up	True	124082	125229	up	1	1	44
8	yxy	f	18	1	circle	red	(724, 619)	high	dis	(645, 652)	N	same	hori	left	True	126345	127661	left	1	1	45
8	yxy	f	18	1	diamond	green	(645, 652)	low	dis	(565, 460)	N	dif	vert	up	True	128756	130157	up	1	1	46
8	yxy	f	18	1	circle	red	(565, 460)	low	no	no_dis	N	same	hori	left	True	131369	132565	left	1	1	47
8	yxy	f	18	1	diamond	green	(724, 460)	low	no	no_dis	N	dif	vert	up	True	133799	134901	up	1	1	48
8	yxy	f	18	1	diamond	red	(565, 619)	low	dis	(724, 619)	Y	same	vert	up	True	136128	137381	up	1	1	49
8	yxy	f	18	1	circle	green	(645, 652)	low	no	no_dis	N	dif	hori	left	True	138395	140260	left	1	1	50
8	yxy	f	18	1	diamond	green	(724, 619)	high	dis	(757, 540)	N	dif	hori	left	True	141445	142677	up	0	1	51
8	yxy	f	18	1	diamond	red	(724, 619)	high	dis	(645, 652)	N	dif	hori	left	True	145424	146685	left	1	1	52
8	yxy	f	18	1	circle	green	(565, 619)	low	no	no_dis	N	same	vert	up	True	147870	150149	up	1	1	53
8	yxy	f	18	1	circle	red	(645, 652)	low	dis	(533, 540)	N	dif	vert	up	True	151201	152517	up	1	1	54
8	yxy	f	18	1	circle	green	(757, 540)	low	dis	(645, 428)	N	same	vert	up	True	153600	154749	up	1	1	55
8	yxy	f	18	1	diamond	red	(645, 428)	low	dis	(724, 619)	Y	dif	hori	left	True	155929	157565	left	1	1	56
8	yxy	f	18	1	circle	red	(724, 619)	high	no	no_dis	N	same	vert	up	True	158691	161261	up	1	1	57
8	yxy	f	18	1	circle	green	(645, 428)	low	dis	(724, 460)	N	same	hori	left	True	162464	164141	left	1	1	58
8	yxy	f	18	1	diamond	green	(565, 619)	low	no	no_dis	N	dif	hori	left	True	165160	166621	left	1	1	59
8	yxy	f	18	1	circle	green	(645, 428)	low	dis	(757, 540)	N	dif	hori	left	True	167742	169533	left	1	1	60
8	yxy	f	18	1	diamond	red	(724, 619)	high	dis	(757, 540)	N	dif	vert	up	True	170668	171965	up	1	1	61
8	yxy	f	18	1	circle	green	(724, 619)	high	dis	(724, 460)	N	same	hori	left	True	172979	174748	left	1	1	62
8	yxy	f	18	1	circle	green	(724, 619)	high	dis	(533, 540)	N	dif	hori	left	True	175765	177133	left	1	1	63
8	yxy	f	18	1	diamond	green	(724, 619)	high	no	no_dis	N	dif	vert	up	True	178154	179428	up	1	1	64
8	yxy	f	18	1	diamond	green	(565, 619)	low	dis	(645, 652)	N	dif	hori	left	True	180609	182181	left	1	1	65
8	yxy	f	18	1	diamond	red	(724, 619)	high	no	no_dis	N	dif	vert	up	True	183403	184493	up	1	1	66
8	yxy	f	18	1	circle	green	(724, 460)	low	dis	(533, 540)	N	same	vert	up	True	185583	187117	up	1	1	67
8	yxy	f	18	1	diamond	red	(645, 652)	low	no	no_dis	N	dif	vert	up	True	188187	189973	up	1	1	68
8	yxy	f	18	1	circle	green	(533, 540)	low	no	no_dis	N	dif	hori	left	True	190991	193157	left	1	1	69
8	yxy	f	18	1	diamond	green	(724, 460)	low	dis	(757, 540)	N	same	hori	left	True	194355	196149	left	1	1	70
8	yxy	f	18	1	circle	red	(724, 460)	low	dis	(565, 619)	N	dif	hori	left	True	197382	199053	left	1	1	71
8	yxy	f	18	1	diamond	red	(757, 540)	low	dis	(724, 619)	Y	same	hori	left	True	200270	202053	left	1	1	72
8	yxy	f	18	1	circle	red	(533, 540)	low	dis	(757, 540)	N	dif	vert	up	True	203127	204701	up	1	1	73
8	yxy	f	18	1	circle	red	(757, 540)	low	no	no_dis	N	same	vert	up	True	205738	207557	up	1	1	74
8	yxy	f	18	1	circle	green	(724, 460)	low	dis	(645, 428)	N	same	vert	up	True	208802	210564	left	0	1	75
8	yxy	f	18	1	circle	green	(565, 460)	low	dis	(724, 460)	N	dif	vert	up	True	213186	214805	up	1	1	76
8	yxy	f	18	1	diamond	green	(724, 619)	high	dis	(565, 619)	N	dif	hori	left	True	215985	217493	left	1	1	77
8	yxy	f	18	1	circle	green	(724, 619)	high	dis	(565, 619)	N	same	hori	left	True	218664	220157	left	1	1	78
8	yxy	f	18	1	circle	green	(724, 619)	high	no	no_dis	N	same	hori	left	True	221259	222597	left	1	1	79
8	yxy	f	18	1	circle	red	(724, 460)	low	no	no_dis	N	dif	vert	up	True	223816	224525	up	1	1	80
8	yxy	f	18	1	diamond	green	(757, 540)	low	dis	(565, 460)	N	same	hori	left	True	225548	227333	left	1	1	81
8	yxy	f	18	1	circle	red	(533, 540)	low	dis	(565, 619)	N	dif	hori	left	True	228406	230949	left	1	1	82
8	yxy	f	18	1	circle	green	(533, 540)	low	dis	(645, 652)	N	same	vert	up	True	232072	233445	up	1	1	83
8	yxy	f	18	1	circle	red	(645, 428)	low	dis	(565, 460)	N	dif	hori	left	True	234697	236989	left	1	1	84
8	yxy	f	18	1	circle	red	(724, 619)	high	no	no_dis	N	dif	vert	up	True	238077	239541	up	1	1	85
8	yxy	f	18	1	circle	green	(565, 460)	low	no	no_dis	N	dif	hori	left	True	240760	242117	left	1	1	86
8	yxy	f	18	1	diamond	green	(645, 652)	low	no	no_dis	N	same	vert	up	True	243317	244429	up	1	1	87
8	yxy	f	18	1	circle	green	(724, 619)	high	dis	(533, 540)	N	same	vert	up	True	245444	246493	up	1	1	88
8	yxy	f	18	1	diamond	green	(724, 619)	high	no	no_dis	N	dif	hori	left	True	247554	249453	up	0	1	89
8	yxy	f	18	1	diamond	red	(645, 652)	low	dis	(724, 460)	N	dif	hori	left	True	252151	253869	left	1	1	90
8	yxy	f	18	1	circle	green	(565, 460)	low	dis	(724, 619)	Y	same	vert	up	True	255016	256645	up	1	1	91
8	yxy	f	18	1	circle	green	(724, 460)	low	no	no_dis	N	same	hori	left	True	257861	259157	left	1	1	92
8	yxy	f	18	1	diamond	red	(565, 460)	low	dis	(645, 428)	N	dif	vert	up	True	260258	261229	left	0	1	93
8	yxy	f	18	1	diamond	green	(565, 460)	low	dis	(724, 619)	Y	same	vert	up	True	263888	265629	up	1	1	94
8	yxy	f	18	1	circle	red	(565, 460)	low	dis	(565, 619)	N	same	vert	up	True	266720	268677	up	1	1	95
8	yxy	f	18	1	diamond	red	(724, 619)	high	dis	(645, 428)	N	same	hori	left	True	269695	271676	left	1	1	96
8	yxy	f	18	1	circle	red	(757, 540)	low	dis	(724, 619)	Y	dif	hori	left	True	272847	274476	left	1	1	97
8	yxy	f	18	1	diamond	red	(645, 428)	low	no	no_dis	N	dif	vert	up	True	275550	276781	up	1	1	98
8	yxy	f	18	1	circle	red	(724, 619)	high	dis	(724, 460)	N	dif	vert	up	True	277924	279285	up	1	1	99
8	yxy	f	18	1	circle	green	(724, 619)	high	dis	(645, 428)	N	dif	hori	left	True	280511	281509	left	1	1	100
8	yxy	f	18	1	circle	red	(565, 619)	low	dis	(645, 428)	N	same	vert	up	True	282660	284733	up	1	1	101
8	yxy	f	18	1	circle	green	(565, 619)	low	dis	(645, 428)	N	dif	vert	up	True	285948	287221	up	1	1	102
8	yxy	f	18	1	diamond	red	(724, 619)	high	dis	(565, 460)	N	same	vert	up	True	288253	289869	up	1	1	103
8	yxy	f	18	1	circle	green	(757, 540)	low	no	no_dis	N	same	hori	left	True	290988	292261	left	1	1	104
8	yxy	f	18	1	diamond	red	(533, 540)	low	no	no_dis	N	same	vert	up	True	293286	294669	up	1	1	105
8	yxy	f	18	1	diamond	green	(724, 619)	high	dis	(645, 652)	N	dif	vert	up	True	295890	298357	up	1	1	106
8	yxy	f	18	1	diamond	red	(565, 460)	low	dis	(645, 652)	N	same	vert	up	True	299370	300693	up	1	1	107
8	yxy	f	18	1	diamond	green	(724, 619)	high	no	no_dis	N	same	vert	up	True	301818	303413	up	1	1	108
8	yxy	f	18	1	circle	red	(724, 619)	high	no	no_dis	N	dif	hori	left	True	304490	305837	left	1	1	109
8	yxy	f	18	1	diamond	red	(645, 428)	low	no	no_dis	N	same	hori	left	True	306951	308437	left	1	1	110
8	yxy	f	18	1	diamond	red	(565, 619)	low	no	no_dis	N	same	hori	left	True	309610	311461	left	1	1	111
8	yxy	f	18	1	diamond	green	(565, 460)	low	no	no_dis	N	dif	hori	left	True	312614	314325	left	1	1	112
8	yxy	f	18	1	circle	red	(724, 619)	high	dis	(565, 619)	N	same	hori	left	True	315393	317757	left	1	1	113
8	yxy	f	18	1	diamond	green	(645, 428)	low	dis	(565, 619)	N	dif	hori	left	True	318800	320253	left	1	1	114
8	yxy	f	18	1	circle	green	(724, 619)	high	no	no_dis	N	same	hori	left	True	321278	322637	left	1	1	115
8	yxy	f	18	1	diamond	green	(645, 652)	low	dis	(724, 619)	Y	same	hori	left	True	323832	325477	left	1	1	116
8	yxy	f	18	1	diamond	green	(724, 619)	high	dis	(724, 460)	N	same	hori	left	True	326500	328381	left	1	1	117
8	yxy	f	18	1	diamond	red	(757, 540)	low	dis	(533, 540)	N	same	hori	left	True	329555	330821	left	1	1	118
8	yxy	f	18	1	diamond	red	(645, 652)	low	dis	(565, 460)	N	same	vert	up	True	332068	333244	up	1	1	119
8	yxy	f	18	1	diamond	red	(533, 540)	low	dis	(565, 460)	N	same	vert	up	True	334387	335861	up	1	1	120
8	yxy	f	18	1	diamond	red	(565, 619)	low	dis	(645, 652)	N	same	hori	left	True	370914	372325	left	1	2	1
8	yxy	f	18	1	circle	green	(565, 619)	low	no	no_dis	N	same	vert	up	True	373529	375005	up	1	2	2
8	yxy	f	18	1	diamond	red	(757, 540)	low	no	no_dis	N	same	hori	left	True	376047	377213	left	1	2	3
8	yxy	f	18	1	circle	red	(724, 619)	high	no	no_dis	N	same	hori	left	True	378219	379093	left	1	2	4
8	yxy	f	18	1	diamond	red	(565, 619)	low	no	no_dis	N	same	vert	up	True	380324	381261	up	1	2	5
8	yxy	f	18	1	circle	red	(645, 428)	low	dis	(724, 619)	Y	same	vert	up	True	382283	383549	up	1	2	6
8	yxy	f	18	1	diamond	green	(645, 428)	low	no	no_dis	N	dif	vert	up	True	384564	385628	up	1	2	7
8	yxy	f	18	1	circle	green	(645, 652)	low	dis	(757, 540)	N	same	vert	up	True	386709	387973	up	1	2	8
8	yxy	f	18	1	circle	green	(565, 619)	low	no	no_dis	N	dif	vert	up	True	389190	390388	up	1	2	9
8	yxy	f	18	1	circle	green	(565, 460)	low	dis	(645, 428)	N	dif	vert	up	True	391572	392757	up	1	2	10
8	yxy	f	18	1	circle	green	(724, 619)	high	no	no_dis	N	same	hori	left	True	393847	394765	left	1	2	11
8	yxy	f	18	1	diamond	green	(724, 619)	high	no	no_dis	N	same	hori	left	True	395846	397613	left	1	2	12
8	yxy	f	18	1	circle	red	(565, 619)	low	no	no_dis	N	dif	hori	left	True	398822	400117	left	1	2	13
8	yxy	f	18	1	diamond	red	(724, 619)	high	dis	(565, 619)	N	dif	vert	up	True	401296	402421	up	1	2	14
8	yxy	f	18	1	circle	green	(757, 540)	low	dis	(565, 619)	N	dif	vert	up	True	403483	406133	up	1	2	15
8	yxy	f	18	1	circle	green	(724, 619)	high	no	no_dis	N	same	vert	up	True	407328	408221	up	1	2	16
8	yxy	f	18	1	diamond	red	(565, 619)	low	dis	(724, 460)	N	dif	vert	up	True	409444	411205	up	1	2	17
8	yxy	f	18	1	diamond	green	(645, 428)	low	no	no_dis	N	same	vert	up	True	412352	413301	up	1	2	18
8	yxy	f	18	1	diamond	red	(757, 540)	low	no	no_dis	N	dif	hori	left	True	414425	416109	left	1	2	19
8	yxy	f	18	1	circle	green	(724, 460)	low	dis	(533, 540)	N	same	hori	left	True	417113	418781	left	1	2	20
8	yxy	f	18	1	circle	green	(724, 619)	high	dis	(645, 652)	N	dif	hori	left	True	419941	421053	left	1	2	21
8	yxy	f	18	1	diamond	green	(565, 460)	low	no	no_dis	N	dif	vert	up	True	422123	423589	up	1	2	22
8	yxy	f	18	1	circle	green	(645, 652)	low	dis	(533, 540)	N	same	vert	up	True	424832	427493	up	1	2	23
8	yxy	f	18	1	circle	green	(533, 540)	low	no	no_dis	N	dif	hori	left	True	428719	430044	left	1	2	24
8	yxy	f	18	1	diamond	red	(724, 619)	high	dis	(565, 619)	N	dif	vert	up	True	431240	432853	up	1	2	25
8	yxy	f	18	1	diamond	green	(533, 540)	low	dis	(645, 428)	N	dif	vert	up	True	433927	435477	up	1	2	26
8	yxy	f	18	1	diamond	red	(724, 460)	low	no	no_dis	N	same	hori	left	True	436620	438125	left	1	2	27
8	yxy	f	18	1	circle	red	(724, 460)	low	dis	(724, 619)	Y	same	hori	left	True	439315	441284	left	1	2	28
8	yxy	f	18	1	circle	green	(565, 619)	low	dis	(757, 540)	N	dif	hori	left	True	442521	444445	left	1	2	29
8	yxy	f	18	1	circle	red	(565, 619)	low	dis	(565, 460)	N	same	vert	up	True	445614	447093	up	1	2	30
8	yxy	f	18	1	circle	green	(724, 460)	low	dis	(757, 540)	N	dif	hori	left	True	448284	449572	left	1	2	31
8	yxy	f	18	1	diamond	red	(757, 540)	low	dis	(724, 619)	Y	same	hori	left	True	450598	452204	left	1	2	32
8	yxy	f	18	1	circle	green	(533, 540)	low	no	no_dis	N	dif	hori	left	True	453218	454533	left	1	2	33
8	yxy	f	18	1	circle	green	(565, 460)	low	dis	(757, 540)	N	same	vert	up	True	455594	456813	up	1	2	34
8	yxy	f	18	1	diamond	red	(757, 540)	low	dis	(645, 428)	N	dif	vert	up	True	457948	460629	up	1	2	35
8	yxy	f	18	1	circle	green	(533, 540)	low	dis	(724, 460)	N	dif	hori	left	True	461822	463061	left	1	2	36
8	yxy	f	18	1	diamond	red	(565, 460)	low	dis	(724, 460)	N	same	vert	up	True	464066	465693	up	1	2	37
8	yxy	f	18	1	diamond	red	(533, 540)	low	no	no_dis	N	same	vert	up	True	466796	467765	up	1	2	38
8	yxy	f	18	1	diamond	green	(724, 619)	high	no	no_dis	N	same	vert	up	True	468923	470061	up	1	2	39
8	yxy	f	18	1	diamond	red	(724, 619)	high	no	no_dis	N	dif	vert	up	True	471300	472605	up	1	2	40
8	yxy	f	18	1	circle	green	(724, 619)	high	dis	(565, 460)	N	same	vert	up	True	473770	475389	up	1	2	41
8	yxy	f	18	1	circle	green	(645, 652)	low	no	no_dis	N	dif	vert	up	True	476549	477941	up	1	2	42
8	yxy	f	18	1	diamond	green	(645, 652)	low	dis	(645, 428)	N	dif	vert	up	True	479110	480724	up	1	2	43
8	yxy	f	18	1	diamond	red	(724, 460)	low	dis	(645, 428)	N	dif	hori	left	True	481783	483397	left	1	2	44
8	yxy	f	18	1	circle	red	(565, 460)	low	dis	(645, 652)	N	dif	vert	up	True	484567	486349	up	1	2	45
8	yxy	f	18	1	diamond	green	(565, 460)	low	dis	(645, 652)	N	dif	hori	left	True	487419	489412	left	1	2	46
8	yxy	f	18	1	diamond	red	(533, 540)	low	dis	(565, 619)	N	same	vert	up	True	490490	491669	up	1	2	47
8	yxy	f	18	1	diamond	green	(724, 619)	high	dis	(757, 540)	N	dif	hori	left	True	492908	494005	left	1	2	48
8	yxy	f	18	1	circle	green	(757, 540)	low	dis	(724, 619)	Y	same	hori	left	True	495170	496533	left	1	2	49
8	yxy	f	18	1	circle	green	(645, 428)	low	dis	(565, 460)	N	same	hori	left	True	497675	500397	left	1	2	50
8	yxy	f	18	1	diamond	red	(724, 619)	high	dis	(645, 428)	N	dif	hori	left	True	501523	502957	left	1	2	51
8	yxy	f	18	1	diamond	green	(724, 460)	low	dis	(565, 619)	N	dif	vert	up	True	504137	505613	up	1	2	52
8	yxy	f	18	1	diamond	green	(724, 619)	high	dis	(645, 652)	N	same	vert	up	True	506702	508373	up	1	2	53
8	yxy	f	18	1	diamond	green	(724, 460)	low	dis	(565, 460)	N	same	vert	up	True	509547	510893	up	1	2	54
8	yxy	f	18	1	circle	red	(645, 652)	low	dis	(724, 619)	Y	dif	vert	up	True	512119	514157	up	1	2	55
8	yxy	f	18	1	circle	red	(724, 619)	high	dis	(533, 540)	N	same	hori	left	True	515248	516349	left	1	2	56
8	yxy	f	18	1	circle	red	(724, 619)	high	dis	(645, 428)	N	dif	hori	left	True	517456	518541	left	1	2	57
8	yxy	f	18	1	circle	red	(757, 540)	low	dis	(645, 652)	N	dif	hori	left	True	519767	520941	left	1	2	58
8	yxy	f	18	1	circle	red	(724, 619)	high	dis	(724, 460)	N	dif	vert	up	True	521977	523101	up	1	2	59
8	yxy	f	18	1	circle	red	(724, 619)	high	dis	(645, 652)	N	dif	vert	up	True	524131	525493	up	1	2	60
8	yxy	f	18	1	diamond	red	(724, 619)	high	no	no_dis	N	dif	hori	left	True	526510	527957	left	1	2	61
8	yxy	f	18	1	diamond	red	(565, 460)	low	dis	(724, 619)	Y	dif	hori	left	True	529143	530549	left	1	2	62
8	yxy	f	18	1	diamond	red	(533, 540)	low	dis	(645, 428)	N	same	hori	left	True	531595	532981	left	1	2	63
8	yxy	f	18	1	circle	red	(757, 540)	low	no	no_dis	N	same	vert	up	True	534118	535397	up	1	2	64
8	yxy	f	18	1	diamond	green	(724, 619)	high	dis	(645, 428)	N	same	hori	left	True	536475	537957	left	1	2	65
8	yxy	f	18	1	circle	red	(724, 619)	high	dis	(724, 460)	N	same	vert	up	True	539178	541564	up	1	2	66
8	yxy	f	18	1	circle	red	(565, 460)	low	dis	(724, 460)	N	same	hori	left	True	542785	544125	left	1	2	67
8	yxy	f	18	1	circle	red	(645, 652)	low	dis	(757, 540)	N	same	hori	left	True	545346	547349	left	1	2	68
8	yxy	f	18	1	diamond	green	(645, 428)	low	dis	(724, 619)	Y	dif	hori	left	True	548523	550316	left	1	2	69
8	yxy	f	18	1	circle	green	(724, 460)	low	no	no_dis	N	same	hori	left	True	551373	552837	left	1	2	70
8	yxy	f	18	1	circle	red	(645, 428)	low	dis	(565, 619)	N	dif	vert	up	True	553843	555645	up	1	2	71
8	yxy	f	18	1	circle	green	(724, 619)	high	dis	(565, 619)	N	same	hori	left	True	556823	558077	left	1	2	72
8	yxy	f	18	1	circle	red	(724, 460)	low	dis	(533, 540)	N	dif	hori	left	True	559129	560509	left	1	2	73
8	yxy	f	18	1	diamond	green	(565, 619)	low	dis	(724, 460)	N	dif	vert	up	True	561568	563133	up	1	2	74
8	yxy	f	18	1	diamond	red	(724, 619)	high	dis	(757, 540)	N	same	vert	up	True	564230	565357	up	1	2	75
8	yxy	f	18	1	diamond	green	(645, 652)	low	dis	(565, 619)	N	same	hori	left	True	566451	567957	left	1	2	76
8	yxy	f	18	1	diamond	green	(724, 619)	high	dis	(757, 540)	N	same	hori	left	True	569040	570253	left	1	2	77
8	yxy	f	18	1	circle	green	(724, 460)	low	no	no_dis	N	dif	hori	left	True	571349	572757	left	1	2	78
8	yxy	f	18	1	circle	green	(724, 619)	high	dis	(533, 540)	N	same	vert	up	True	573950	575509	up	1	2	79
8	yxy	f	18	1	diamond	green	(645, 428)	low	dis	(565, 460)	N	same	vert	up	True	576522	578357	up	1	2	80
8	yxy	f	18	1	diamond	red	(565, 460)	low	no	no_dis	N	dif	hori	left	True	579560	581029	left	1	2	81
8	yxy	f	18	1	circle	red	(565, 619)	low	dis	(757, 540)	N	dif	vert	up	True	582281	583581	up	1	2	82
8	yxy	f	18	1	circle	red	(533, 540)	low	dis	(565, 619)	N	same	hori	left	True	584741	586597	left	1	2	83
8	yxy	f	18	1	diamond	green	(533, 540)	low	dis	(757, 540)	N	dif	hori	left	True	587647	588925	left	1	2	84
8	yxy	f	18	1	circle	red	(724, 619)	high	dis	(533, 540)	N	dif	hori	left	True	590095	591333	left	1	2	85
8	yxy	f	18	1	diamond	green	(645, 652)	low	no	no_dis	N	same	hori	left	True	592537	594597	left	1	2	86
8	yxy	f	18	1	diamond	red	(645, 428)	low	no	no_dis	N	same	hori	left	True	595720	597133	left	1	2	87
8	yxy	f	18	1	diamond	red	(645, 428)	low	dis	(724, 619)	Y	dif	vert	up	True	598299	600389	up	1	2	88
8	yxy	f	18	1	diamond	red	(724, 619)	high	dis	(533, 540)	N	same	hori	left	True	601497	602557	left	1	2	89
8	yxy	f	18	1	diamond	red	(724, 460)	low	dis	(565, 460)	N	same	vert	up	True	603777	605229	up	1	2	90
8	yxy	f	18	1	circle	green	(724, 619)	high	dis	(565, 460)	N	dif	vert	up	True	606385	607733	up	1	2	91
8	yxy	f	18	1	diamond	green	(724, 619)	high	no	no_dis	N	dif	vert	up	True	608859	610221	up	1	2	92
8	yxy	f	18	1	circle	green	(724, 619)	high	dis	(565, 460)	N	same	vert	up	True	611427	612908	up	1	2	93
8	yxy	f	18	1	diamond	red	(724, 619)	high	dis	(724, 460)	N	same	hori	left	True	614148	615717	left	1	2	94
8	yxy	f	18	1	diamond	green	(565, 460)	low	no	no_dis	N	same	hori	left	True	616822	618309	left	1	2	95
8	yxy	f	18	1	diamond	red	(645, 652)	low	dis	(565, 460)	N	same	hori	left	True	619547	620605	left	1	2	96
8	yxy	f	18	1	circle	green	(724, 619)	high	no	no_dis	N	dif	vert	up	True	621636	622925	up	1	2	97
8	yxy	f	18	1	circle	red	(645, 652)	low	no	no_dis	N	dif	hori	left	True	623970	625101	left	1	2	98
8	yxy	f	18	1	circle	green	(533, 540)	low	dis	(724, 619)	Y	same	vert	up	True	626275	627844	up	1	2	99
8	yxy	f	18	1	diamond	green	(565, 460)	low	dis	(645, 652)	N	dif	hori	left	True	628924	630029	left	1	2	100
8	yxy	f	18	1	diamond	green	(757, 540)	low	dis	(533, 540)	N	same	hori	left	True	631161	632109	left	1	2	101
8	yxy	f	18	1	diamond	green	(565, 619)	low	dis	(645, 652)	N	dif	hori	left	True	633295	634173	up	0	2	102
8	yxy	f	18	1	diamond	green	(757, 540)	low	dis	(565, 619)	N	same	vert	up	True	636713	638045	up	1	2	103
8	yxy	f	18	1	circle	red	(533, 540)	low	dis	(724, 619)	Y	dif	vert	up	True	639074	640917	up	1	2	104
8	yxy	f	18	1	diamond	red	(645, 652)	low	dis	(724, 460)	N	same	vert	up	True	641961	643301	up	1	2	105
8	yxy	f	18	1	circle	red	(724, 619)	high	no	no_dis	N	same	vert	up	True	644350	646117	up	1	2	106
8	yxy	f	18	1	circle	red	(533, 540)	low	no	no_dis	N	same	vert	up	True	647344	648645	up	1	2	107
8	yxy	f	18	1	circle	green	(565, 619)	low	dis	(645, 652)	N	same	vert	up	True	649833	652029	up	1	2	108
8	yxy	f	18	1	diamond	green	(724, 619)	high	dis	(645, 428)	N	dif	hori	left	True	653187	654661	left	1	2	109
8	yxy	f	18	1	circle	red	(757, 540)	low	dis	(565, 460)	N	dif	hori	left	True	655703	656813	left	1	2	110
8	yxy	f	18	1	diamond	red	(724, 619)	high	no	no_dis	N	dif	hori	left	True	658043	659285	left	1	2	111
8	yxy	f	18	1	circle	red	(565, 460)	low	no	no_dis	N	dif	vert	up	True	660500	661509	up	1	2	112
8	yxy	f	18	1	circle	red	(645, 652)	low	no	no_dis	N	same	hori	left	True	662587	663629	left	1	2	113
8	yxy	f	18	1	circle	green	(645, 428)	low	dis	(533, 540)	N	same	hori	left	True	664832	666093	left	1	2	114
8	yxy	f	18	1	circle	red	(724, 619)	high	no	no_dis	N	dif	hori	left	True	667227	668525	left	1	2	115
8	yxy	f	18	1	diamond	red	(645, 428)	low	dis	(533, 540)	N	dif	hori	left	True	669624	670717	left	1	2	116
8	yxy	f	18	1	diamond	green	(645, 428)	low	no	no_dis	N	dif	vert	up	True	671741	673197	up	1	2	117
8	yxy	f	18	1	diamond	green	(724, 460)	low	no	no_dis	N	same	vert	up	True	674291	675389	up	1	2	118
8	yxy	f	18	1	diamond	green	(724, 619)	high	dis	(724, 460)	N	dif	vert	up	True	676588	678149	up	1	2	119
8	yxy	f	18	1	circle	red	(757, 540)	low	no	no_dis	N	dif	vert	up	True	679210	680341	up	1	2	120
8	yxy	f	18	1	diamond	green	(565, 619)	low	dis	(645, 428)	N	dif	vert	up	True	712513	714173	up	1	3	1
8	yxy	f	18	1	circle	red	(565, 619)	low	dis	(533, 540)	N	same	vert	up	True	715385	717077	up	1	3	2
8	yxy	f	18	1	diamond	green	(645, 652)	low	no	no_dis	N	dif	hori	left	True	718103	719517	left	1	3	3
8	yxy	f	18	1	diamond	red	(724, 619)	high	dis	(565, 460)	N	same	vert	up	True	720689	721653	up	1	3	4
8	yxy	f	18	1	circle	green	(645, 428)	low	dis	(645, 652)	N	dif	hori	left	True	722849	723805	left	1	3	5
8	yxy	f	18	1	diamond	green	(724, 460)	low	no	no_dis	N	same	hori	left	True	725017	725989	left	1	3	6
8	yxy	f	18	1	circle	green	(645, 652)	low	no	no_dis	N	same	vert	up	True	727050	727853	up	1	3	7
8	yxy	f	18	1	circle	green	(724, 619)	high	dis	(724, 460)	N	dif	vert	up	True	728889	730285	up	1	3	8
8	yxy	f	18	1	diamond	green	(724, 619)	high	dis	(645, 652)	N	same	hori	left	True	731298	732445	left	1	3	9
8	yxy	f	18	1	diamond	green	(724, 460)	low	no	no_dis	N	dif	hori	left	True	733458	734461	left	1	3	10
8	yxy	f	18	1	diamond	red	(645, 652)	low	dis	(757, 540)	N	same	hori	left	True	735705	736589	left	1	3	11
8	yxy	f	18	1	circle	green	(757, 540)	low	dis	(533, 540)	N	same	hori	left	True	737673	739149	left	1	3	12
8	yxy	f	18	1	diamond	red	(565, 619)	low	no	no_dis	N	same	hori	left	True	740385	741549	left	1	3	13
8	yxy	f	18	1	circle	red	(533, 540)	low	no	no_dis	N	dif	vert	up	True	742582	744221	up	1	3	14
8	yxy	f	18	1	circle	green	(645, 652)	low	no	no_dis	N	same	hori	left	True	745313	746429	left	1	3	15
8	yxy	f	18	1	diamond	green	(724, 619)	high	no	no_dis	N	dif	vert	up	True	747680	749364	up	1	3	16
8	yxy	f	18	1	circle	green	(724, 460)	low	no	no_dis	N	dif	vert	up	True	750369	751261	up	1	3	17
8	yxy	f	18	1	diamond	red	(565, 460)	low	no	no_dis	N	dif	hori	left	True	752358	754189	left	1	3	18
8	yxy	f	18	1	circle	green	(757, 540)	low	no	no_dis	N	same	vert	up	True	755214	756429	up	1	3	19
8	yxy	f	18	1	diamond	red	(724, 619)	high	dis	(645, 428)	N	dif	vert	up	True	757558	758949	up	1	3	20
8	yxy	f	18	1	circle	red	(645, 428)	low	no	no_dis	N	dif	vert	up	True	759963	761381	up	1	3	21
8	yxy	f	18	1	diamond	red	(565, 619)	low	dis	(724, 619)	Y	same	vert	up	True	762597	763749	up	1	3	22
8	yxy	f	18	1	diamond	green	(645, 428)	low	no	no_dis	N	same	vert	up	True	764837	765741	up	1	3	23
8	yxy	f	18	1	diamond	red	(645, 652)	low	no	no_dis	N	same	hori	left	True	766801	767949	left	1	3	24
8	yxy	f	18	1	diamond	red	(565, 460)	low	dis	(757, 540)	N	dif	vert	up	True	769197	770333	up	1	3	25
8	yxy	f	18	1	circle	red	(533, 540)	low	no	no_dis	N	same	vert	up	True	771422	772717	up	1	3	26
8	yxy	f	18	1	circle	green	(565, 619)	low	dis	(645, 428)	N	dif	hori	left	True	773773	774917	left	1	3	27
8	yxy	f	18	1	circle	red	(724, 619)	high	dis	(645, 652)	N	same	hori	left	True	775931	777053	left	1	3	28
8	yxy	f	18	1	circle	red	(645, 428)	low	dis	(724, 619)	Y	dif	hori	left	True	778192	779237	left	1	3	29
8	yxy	f	18	1	circle	red	(565, 619)	low	no	no_dis	N	same	vert	up	True	780465	781301	up	1	3	30
8	yxy	f	18	1	diamond	red	(565, 460)	low	dis	(645, 652)	N	dif	vert	up	True	782512	783605	up	1	3	31
8	yxy	f	18	1	diamond	red	(645, 652)	low	dis	(724, 460)	N	same	vert	up	True	784841	785741	up	1	3	32
8	yxy	f	18	1	circle	green	(565, 460)	low	dis	(645, 652)	N	same	hori	left	True	786973	788213	left	1	3	33
8	yxy	f	18	1	diamond	green	(724, 460)	low	dis	(533, 540)	N	dif	vert	up	True	789217	790197	up	1	3	34
8	yxy	f	18	1	circle	green	(565, 619)	low	dis	(724, 619)	Y	same	vert	up	True	791383	792685	up	1	3	35
8	yxy	f	18	1	diamond	red	(645, 428)	low	dis	(565, 460)	N	same	vert	up	True	793856	794669	up	1	3	36
8	yxy	f	18	1	diamond	green	(724, 460)	low	no	no_dis	N	same	hori	left	True	795802	796941	up	0	3	37
8	yxy	f	18	1	diamond	red	(645, 428)	low	dis	(533, 540)	N	dif	hori	left	True	799669	801221	left	1	3	38
8	yxy	f	18	1	diamond	green	(724, 460)	low	dis	(565, 619)	N	same	vert	up	True	802468	803909	up	1	3	39
8	yxy	f	18	1	circle	red	(724, 619)	high	dis	(565, 460)	N	same	hori	left	True	804919	806253	left	1	3	40
8	yxy	f	18	1	diamond	green	(645, 428)	low	dis	(645, 652)	N	dif	hori	left	True	807392	808781	left	1	3	41
8	yxy	f	18	1	diamond	green	(565, 460)	low	dis	(724, 619)	Y	dif	vert	up	True	809868	810901	up	1	3	42
8	yxy	f	18	1	diamond	green	(565, 460)	low	dis	(724, 619)	Y	dif	vert	up	True	812076	813029	up	1	3	43
8	yxy	f	18	1	circle	red	(645, 428)	low	dis	(724, 460)	N	same	vert	up	True	814261	815949	up	1	3	44
8	yxy	f	18	1	circle	red	(724, 619)	high	no	no_dis	N	dif	hori	left	True	817140	818221	left	1	3	45
8	yxy	f	18	1	circle	green	(724, 619)	high	no	no_dis	N	dif	vert	up	True	819290	820245	up	1	3	46
8	yxy	f	18	1	diamond	red	(724, 460)	low	dis	(533, 540)	N	dif	vert	up	True	821476	822749	up	1	3	47
8	yxy	f	18	1	diamond	green	(565, 619)	low	dis	(724, 619)	Y	same	vert	up	True	823761	825189	up	1	3	48
8	yxy	f	18	1	circle	red	(565, 460)	low	dis	(724, 619)	Y	dif	vert	up	True	826231	828237	up	1	3	49
8	yxy	f	18	1	circle	green	(645, 652)	low	dis	(565, 460)	N	dif	hori	left	True	829489	830501	left	1	3	50
8	yxy	f	18	1	diamond	red	(565, 460)	low	no	no_dis	N	dif	vert	up	True	831607	832613	up	1	3	51
8	yxy	f	18	1	circle	red	(533, 540)	low	dis	(645, 652)	N	dif	vert	up	True	833822	835189	up	1	3	52
8	yxy	f	18	1	circle	green	(757, 540)	low	dis	(645, 652)	N	same	hori	left	True	836430	837557	left	1	3	53
8	yxy	f	18	1	diamond	green	(724, 619)	high	dis	(645, 428)	N	dif	hori	left	True	838682	839997	left	1	3	54
8	yxy	f	18	1	diamond	green	(724, 619)	high	dis	(645, 652)	N	dif	vert	up	True	841145	842117	up	1	3	55
8	yxy	f	18	1	circle	red	(757, 540)	low	no	no_dis	N	dif	hori	left	True	843139	844261	left	1	3	56
8	yxy	f	18	1	circle	red	(724, 619)	high	dis	(533, 540)	N	same	vert	up	True	845508	846637	up	1	3	57
8	yxy	f	18	1	circle	red	(565, 619)	low	dis	(565, 460)	N	dif	hori	left	True	847807	848749	left	1	3	58
8	yxy	f	18	1	diamond	red	(533, 540)	low	dis	(757, 540)	N	dif	hori	left	True	849869	850997	left	1	3	59
8	yxy	f	18	1	circle	green	(724, 619)	high	no	no_dis	N	same	vert	up	True	852003	852869	up	1	3	60
8	yxy	f	18	1	diamond	green	(565, 460)	low	no	no_dis	N	dif	vert	up	True	853886	854709	up	1	3	61
8	yxy	f	18	1	circle	red	(757, 540)	low	dis	(724, 460)	N	dif	hori	left	True	855936	857357	left	1	3	62
8	yxy	f	18	1	diamond	green	(645, 428)	low	dis	(565, 619)	N	same	hori	left	True	858515	860133	left	1	3	63
8	yxy	f	18	1	diamond	red	(757, 540)	low	dis	(565, 460)	N	dif	vert	up	True	861345	862221	up	1	3	64
8	yxy	f	18	1	diamond	green	(724, 619)	high	dis	(565, 619)	N	dif	hori	left	True	863283	864581	left	1	3	65
8	yxy	f	18	1	circle	green	(533, 540)	low	dis	(565, 619)	N	same	hori	left	True	865776	867397	left	1	3	66
8	yxy	f	18	1	circle	green	(533, 540)	low	dis	(724, 460)	N	dif	hori	left	True	868595	869605	left	1	3	67
8	yxy	f	18	1	circle	green	(645, 428)	low	dis	(724, 460)	N	dif	vert	up	True	870786	871957	up	1	3	68
8	yxy	f	18	1	circle	red	(724, 619)	high	no	no_dis	N	same	hori	left	True	873014	873845	left	1	3	69
8	yxy	f	18	1	diamond	red	(724, 619)	high	dis	(724, 460)	N	dif	vert	up	True	875012	876381	up	1	3	70
8	yxy	f	18	1	diamond	red	(724, 619)	high	no	no_dis	N	same	hori	left	True	877539	878765	left	1	3	71
8	yxy	f	18	1	circle	green	(724, 619)	high	no	no_dis	N	dif	vert	up	True	880004	881445	up	1	3	72
8	yxy	f	18	1	diamond	red	(724, 619)	high	dis	(565, 619)	N	dif	hori	left	True	882584	884053	left	1	3	73
8	yxy	f	18	1	circle	green	(724, 619)	high	dis	(757, 540)	N	dif	vert	up	True	885268	886613	up	1	3	74
8	yxy	f	18	1	circle	green	(724, 619)	high	dis	(533, 540)	N	same	hori	left	True	887825	888621	left	1	3	75
8	yxy	f	18	1	circle	red	(724, 460)	low	dis	(565, 619)	N	dif	hori	left	True	889763	890765	left	1	3	76
8	yxy	f	18	1	diamond	green	(645, 652)	low	dis	(645, 428)	N	same	hori	left	True	891892	893437	left	1	3	77
8	yxy	f	18	1	circle	red	(724, 619)	high	dis	(757, 540)	N	dif	vert	up	True	894574	895445	up	1	3	78
8	yxy	f	18	1	diamond	red	(724, 460)	low	dis	(645, 428)	N	dif	hori	left	True	896459	897597	left	1	3	79
8	yxy	f	18	1	circle	green	(533, 540)	low	no	no_dis	N	same	vert	up	True	898833	900149	up	1	3	80
8	yxy	f	18	1	diamond	green	(645, 652)	low	dis	(724, 619)	Y	same	hori	left	True	901311	902645	left	1	3	81
8	yxy	f	18	1	circle	red	(724, 619)	high	dis	(645, 428)	N	dif	hori	left	True	903648	904837	left	1	3	82
8	yxy	f	18	1	circle	red	(533, 540)	low	no	no_dis	N	dif	vert	up	True	905954	906837	up	1	3	83
8	yxy	f	18	1	diamond	green	(724, 619)	high	dis	(565, 460)	N	same	vert	up	True	907980	909165	up	1	3	84
8	yxy	f	18	1	diamond	red	(757, 540)	low	no	no_dis	N	dif	vert	up	True	910355	911461	up	1	3	85
8	yxy	f	18	1	diamond	red	(645, 428)	low	no	no_dis	N	same	vert	up	True	912579	913421	up	1	3	86
8	yxy	f	18	1	circle	red	(533, 540)	low	dis	(565, 460)	N	dif	hori	left	True	914639	916693	left	1	3	87
8	yxy	f	18	1	diamond	red	(757, 540)	low	no	no_dis	N	dif	hori	left	True	917764	919444	left	1	3	88
8	yxy	f	18	1	circle	red	(565, 460)	low	no	no_dis	N	same	hori	left	True	920560	921917	left	1	3	89
8	yxy	f	18	1	diamond	red	(757, 540)	low	dis	(533, 540)	N	same	vert	up	True	923055	924093	up	1	3	90
8	yxy	f	18	1	circle	green	(724, 619)	high	dis	(533, 540)	N	dif	hori	left	True	925165	926565	left	1	3	91
8	yxy	f	18	1	circle	green	(724, 619)	high	dis	(565, 619)	N	same	vert	up	True	927801	929045	up	1	3	92
8	yxy	f	18	1	circle	red	(565, 460)	low	dis	(757, 540)	N	dif	hori	left	True	930161	931325	left	1	3	93
8	yxy	f	18	1	circle	green	(724, 619)	high	dis	(565, 460)	N	same	vert	up	True	932382	933197	up	1	3	94
8	yxy	f	18	1	diamond	green	(724, 619)	high	no	no_dis	N	dif	hori	left	True	934347	935509	left	1	3	95
8	yxy	f	18	1	circle	green	(565, 460)	low	dis	(724, 460)	N	same	hori	left	True	936623	937989	left	1	3	96
8	yxy	f	18	1	diamond	green	(533, 540)	low	dis	(724, 619)	Y	same	hori	left	True	939145	941813	left	1	3	97
8	yxy	f	18	1	diamond	red	(565, 619)	low	dis	(645, 428)	N	dif	vert	up	True	942851	943981	up	1	3	98
8	yxy	f	18	1	diamond	red	(724, 619)	high	no	no_dis	N	same	hori	left	True	945040	946045	left	1	3	99
8	yxy	f	18	1	diamond	red	(724, 619)	high	dis	(757, 540)	N	same	hori	left	True	947175	948045	left	1	3	100
8	yxy	f	18	1	diamond	green	(724, 619)	high	dis	(757, 540)	N	same	hori	left	True	949176	950293	left	1	3	101
8	yxy	f	18	1	circle	red	(724, 619)	high	no	no_dis	N	same	vert	up	True	951315	952205	up	1	3	102
8	yxy	f	18	1	diamond	red	(724, 619)	high	no	no_dis	N	same	vert	up	True	953258	954053	up	1	3	103
8	yxy	f	18	1	circle	green	(565, 619)	low	no	no_dis	N	dif	hori	left	True	955214	956205	left	1	3	104
8	yxy	f	18	1	diamond	red	(724, 619)	high	dis	(724, 460)	N	dif	hori	left	True	957238	958069	left	1	3	105
8	yxy	f	18	1	circle	red	(757, 540)	low	dis	(645, 428)	N	same	vert	up	True	959228	960045	up	1	3	106
8	yxy	f	18	1	circle	green	(724, 460)	low	dis	(565, 460)	N	same	vert	up	True	961068	962837	up	1	3	107
8	yxy	f	18	1	circle	green	(724, 460)	low	dis	(645, 652)	N	same	hori	left	True	963981	965709	left	1	3	108
8	yxy	f	18	1	circle	red	(645, 652)	low	dis	(724, 619)	Y	same	hori	left	True	966753	967749	left	1	3	109
8	yxy	f	18	1	diamond	green	(533, 540)	low	dis	(757, 540)	N	same	vert	up	True	968970	970221	up	1	3	110
8	yxy	f	18	1	diamond	green	(645, 428)	low	no	no_dis	N	dif	hori	left	True	971374	972269	left	1	3	111
8	yxy	f	18	1	diamond	red	(533, 540)	low	dis	(724, 460)	N	same	hori	left	True	973295	974125	left	1	3	112
8	yxy	f	18	1	diamond	green	(757, 540)	low	dis	(533, 540)	N	dif	vert	up	True	975269	976581	up	1	3	113
8	yxy	f	18	1	diamond	green	(724, 619)	high	no	no_dis	N	dif	hori	left	True	977812	978821	left	1	3	114
8	yxy	f	18	1	circle	red	(645, 652)	low	dis	(565, 619)	N	same	vert	up	True	980049	981053	up	1	3	115
8	yxy	f	18	1	diamond	green	(757, 540)	low	dis	(565, 619)	N	dif	vert	up	True	982210	983397	up	1	3	116
8	yxy	f	18	1	circle	red	(724, 619)	high	dis	(565, 619)	N	same	vert	up	True	984544	986277	up	1	3	117
8	yxy	f	18	1	circle	red	(724, 460)	low	dis	(645, 428)	N	same	hori	left	True	987422	988397	left	1	3	118
8	yxy	f	18	1	circle	green	(645, 652)	low	dis	(757, 540)	N	same	vert	up	True	989495	991357	up	1	3	119
8	yxy	f	18	1	circle	green	(565, 619)	low	no	no_dis	N	same	hori	left	True	992433	993229	left	1	3	120
8	yxy	f	18	1	diamond	red	(724, 619)	high	dis	(757, 540)	N	same	hori	left	True	1027100	1028197	left	1	4	1
8	yxy	f	18	1	diamond	red	(724, 619)	high	no	no_dis	N	same	hori	left	True	1029209	1030445	left	1	4	2
8	yxy	f	18	1	diamond	green	(757, 540)	low	dis	(645, 652)	N	same	vert	up	True	1031584	1032773	up	1	4	3
8	yxy	f	18	1	diamond	green	(724, 619)	high	dis	(565, 460)	N	dif	vert	up	True	1034006	1034757	up	1	4	4
8	yxy	f	18	1	diamond	red	(645, 428)	low	dis	(724, 460)	N	dif	vert	up	True	1035899	1036837	up	1	4	5
8	yxy	f	18	1	circle	red	(645, 428)	low	no	no_dis	N	dif	vert	up	True	1038014	1039036	up	1	4	6
8	yxy	f	18	1	diamond	red	(724, 619)	high	no	no_dis	N	dif	hori	left	True	1040263	1041429	left	1	4	7
8	yxy	f	18	1	circle	red	(757, 540)	low	dis	(565, 619)	N	dif	vert	up	True	1042594	1043461	up	1	4	8
8	yxy	f	18	1	circle	green	(724, 460)	low	no	no_dis	N	same	vert	up	True	1044667	1045605	up	1	4	9
8	yxy	f	18	1	circle	red	(724, 619)	high	dis	(757, 540)	N	dif	vert	up	True	1046751	1047557	up	1	4	10
8	yxy	f	18	1	diamond	red	(724, 460)	low	dis	(533, 540)	N	dif	hori	left	True	1048778	1049725	left	1	4	11
8	yxy	f	18	1	diamond	red	(645, 652)	low	dis	(645, 428)	N	dif	hori	left	True	1050788	1051677	left	1	4	12
8	yxy	f	18	1	circle	green	(724, 460)	low	no	no_dis	N	same	vert	up	True	1052808	1053853	up	1	4	13
8	yxy	f	18	1	circle	green	(565, 460)	low	dis	(645, 428)	N	dif	hori	left	True	1054948	1056061	left	1	4	14
8	yxy	f	18	1	diamond	green	(645, 652)	low	dis	(533, 540)	N	same	vert	up	True	1057088	1058125	up	1	4	15
8	yxy	f	18	1	circle	red	(724, 619)	high	no	no_dis	N	same	vert	up	True	1059375	1060349	up	1	4	16
8	yxy	f	18	1	diamond	green	(565, 460)	low	dis	(757, 540)	N	dif	hori	left	True	1061578	1063173	left	1	4	17
8	yxy	f	18	1	circle	green	(533, 540)	low	dis	(724, 460)	N	same	hori	left	True	1064257	1065269	left	1	4	18
8	yxy	f	18	1	diamond	green	(533, 540)	low	no	no_dis	N	same	vert	up	True	1066418	1067669	up	1	4	19
8	yxy	f	18	1	circle	red	(724, 619)	high	dis	(757, 540)	N	same	vert	up	True	1068829	1070013	up	1	4	20
8	yxy	f	18	1	diamond	red	(724, 619)	high	dis	(533, 540)	N	same	hori	left	True	1071152	1072325	left	1	4	21
8	yxy	f	18	1	diamond	green	(724, 619)	high	no	no_dis	N	dif	vert	up	True	1073396	1075221	up	1	4	22
8	yxy	f	18	1	circle	red	(724, 619)	high	no	no_dis	N	dif	hori	left	True	1076317	1077477	left	1	4	23
8	yxy	f	18	1	diamond	red	(724, 460)	low	dis	(565, 619)	N	dif	hori	left	True	1078484	1079445	left	1	4	24
8	yxy	f	18	1	circle	red	(757, 540)	low	no	no_dis	N	same	hori	left	True	1080658	1081725	left	1	4	25
8	yxy	f	18	1	diamond	red	(757, 540)	low	dis	(724, 619)	Y	dif	hori	left	True	1082913	1083957	left	1	4	26
8	yxy	f	18	1	circle	red	(724, 619)	high	no	no_dis	N	same	vert	up	True	1085208	1085989	up	1	4	27
8	yxy	f	18	1	circle	green	(724, 619)	high	dis	(757, 540)	N	same	vert	up	True	1087066	1088213	up	1	4	28
8	yxy	f	18	1	diamond	green	(724, 619)	high	no	no_dis	N	dif	hori	left	True	1089443	1090725	left	1	4	29
8	yxy	f	18	1	circle	red	(724, 619)	high	dis	(533, 540)	N	dif	vert	up	True	1091785	1092717	up	1	4	30
8	yxy	f	18	1	diamond	green	(565, 619)	low	dis	(724, 619)	Y	dif	hori	left	True	1093760	1094837	left	1	4	31
8	yxy	f	18	1	diamond	green	(565, 619)	low	no	no_dis	N	same	hori	left	True	1095881	1096797	left	1	4	32
8	yxy	f	18	1	circle	green	(645, 652)	low	no	no_dis	N	same	hori	left	True	1097807	1098893	left	1	4	33
8	yxy	f	18	1	circle	red	(645, 652)	low	dis	(565, 619)	N	same	hori	left	True	1100032	1101293	left	1	4	34
8	yxy	f	18	1	diamond	red	(724, 619)	high	dis	(565, 619)	N	dif	hori	left	True	1102370	1103821	left	1	4	35
8	yxy	f	18	1	circle	green	(645, 428)	low	dis	(565, 460)	N	same	hori	left	True	1105071	1106333	left	1	4	36
8	yxy	f	18	1	circle	green	(565, 460)	low	no	no_dis	N	dif	vert	up	True	1107471	1108573	up	1	4	37
8	yxy	f	18	1	diamond	green	(724, 619)	high	dis	(724, 460)	N	same	vert	up	True	1109590	1111141	up	1	4	38
8	yxy	f	18	1	circle	green	(645, 652)	low	dis	(724, 619)	Y	dif	vert	up	True	1112309	1113261	up	1	4	39
8	yxy	f	18	1	circle	red	(565, 460)	low	no	no_dis	N	same	vert	up	True	1114305	1115437	up	1	4	40
8	yxy	f	18	1	circle	red	(645, 428)	low	dis	(565, 619)	N	dif	vert	up	True	1116521	1117829	up	1	4	41
8	yxy	f	18	1	diamond	green	(565, 460)	low	dis	(724, 460)	N	same	vert	up	True	1118907	1120261	up	1	4	42
8	yxy	f	18	1	diamond	red	(724, 619)	high	dis	(645, 652)	N	dif	hori	left	True	1121335	1122789	left	1	4	43
8	yxy	f	18	1	diamond	green	(533, 540)	low	dis	(757, 540)	N	dif	vert	up	True	1123849	1124925	up	1	4	44
8	yxy	f	18	1	diamond	red	(757, 540)	low	dis	(533, 540)	N	same	hori	left	True	1125950	1126773	left	1	4	45
8	yxy	f	18	1	circle	red	(565, 460)	low	dis	(645, 652)	N	dif	hori	left	True	1127825	1128821	left	1	4	46
8	yxy	f	18	1	circle	red	(533, 540)	low	dis	(645, 428)	N	same	vert	up	True	1129893	1131157	up	1	4	47
8	yxy	f	18	1	diamond	green	(565, 619)	low	dis	(757, 540)	N	dif	vert	up	True	1132223	1133341	up	1	4	48
8	yxy	f	18	1	diamond	green	(724, 460)	low	dis	(724, 619)	Y	same	vert	up	True	1134577	1135789	up	1	4	49
8	yxy	f	18	1	circle	red	(533, 540)	low	dis	(645, 428)	N	same	vert	up	True	1136892	1138109	up	1	4	50
8	yxy	f	18	1	diamond	red	(645, 652)	low	dis	(565, 460)	N	same	hori	left	True	1139252	1140517	left	1	4	51
8	yxy	f	18	1	diamond	red	(645, 428)	low	dis	(565, 619)	N	dif	vert	up	True	1141716	1142493	up	1	4	52
8	yxy	f	18	1	circle	red	(645, 428)	low	dis	(565, 619)	N	same	vert	up	True	1143542	1144661	up	1	4	53
8	yxy	f	18	1	circle	green	(565, 619)	low	dis	(724, 619)	Y	same	vert	up	True	1145838	1146709	up	1	4	54
8	yxy	f	18	1	diamond	red	(645, 428)	low	no	no_dis	N	dif	hori	left	True	1147819	1148629	left	1	4	55
8	yxy	f	18	1	diamond	red	(645, 428)	low	no	no_dis	N	same	vert	up	True	1149655	1150733	up	1	4	56
8	yxy	f	18	1	diamond	green	(724, 619)	high	dis	(533, 540)	N	same	vert	up	True	1151737	1152605	up	1	4	57
8	yxy	f	18	1	diamond	red	(724, 619)	high	no	no_dis	N	dif	vert	up	True	1153681	1154629	up	1	4	58
8	yxy	f	18	1	circle	green	(724, 619)	high	dis	(565, 619)	N	same	hori	left	True	1155637	1156677	left	1	4	59
8	yxy	f	18	1	diamond	green	(533, 540)	low	no	no_dis	N	dif	hori	left	True	1157873	1158821	left	1	4	60
8	yxy	f	18	1	circle	green	(724, 619)	high	no	no_dis	N	same	hori	left	True	1159990	1160757	left	1	4	61
8	yxy	f	18	1	diamond	red	(724, 460)	low	no	no_dis	N	dif	hori	left	True	1161796	1162837	left	1	4	62
8	yxy	f	18	1	circle	green	(645, 652)	low	no	no_dis	N	dif	vert	up	True	1163847	1164861	up	1	4	63
8	yxy	f	18	1	circle	green	(724, 460)	low	dis	(533, 540)	N	same	hori	left	True	1165990	1167077	left	1	4	64
8	yxy	f	18	1	circle	green	(724, 619)	high	dis	(645, 428)	N	same	hori	left	True	1168111	1168925	left	1	4	65
8	yxy	f	18	1	diamond	red	(533, 540)	low	dis	(565, 460)	N	same	hori	left	True	1170137	1171189	left	1	4	66
8	yxy	f	18	1	circle	green	(757, 540)	low	dis	(533, 540)	N	same	vert	up	True	1172410	1173477	up	1	4	67
8	yxy	f	18	1	diamond	red	(533, 540)	low	no	no_dis	N	same	hori	left	True	1174665	1176053	left	1	4	68
8	yxy	f	18	1	circle	green	(724, 619)	high	dis	(645, 652)	N	same	vert	up	True	1177252	1178429	up	1	4	69
8	yxy	f	18	1	diamond	green	(645, 652)	low	no	no_dis	N	dif	vert	up	True	1179663	1180909	up	1	4	70
8	yxy	f	18	1	circle	red	(724, 619)	high	dis	(645, 428)	N	dif	hori	left	True	1182131	1183781	left	1	4	71
8	yxy	f	18	1	diamond	green	(724, 619)	high	no	no_dis	N	same	hori	left	True	1184884	1185829	left	1	4	72
8	yxy	f	18	1	diamond	red	(757, 540)	low	no	no_dis	N	same	hori	left	True	1187048	1188117	left	1	4	73
8	yxy	f	18	1	circle	red	(565, 619)	low	dis	(724, 619)	Y	dif	vert	up	True	1189318	1190813	up	1	4	74
8	yxy	f	18	1	diamond	green	(533, 540)	low	dis	(724, 460)	N	same	hori	left	True	1191826	1193093	left	1	4	75
8	yxy	f	18	1	circle	green	(645, 652)	low	no	no_dis	N	same	hori	left	True	1194186	1195108	left	1	4	76
8	yxy	f	18	1	circle	green	(757, 540)	low	dis	(724, 619)	Y	same	hori	left	True	1196333	1197685	left	1	4	77
8	yxy	f	18	1	circle	red	(565, 619)	low	dis	(645, 428)	N	same	vert	up	True	1198773	1199981	up	1	4	78
8	yxy	f	18	1	diamond	green	(565, 460)	low	no	no_dis	N	same	vert	up	True	1201191	1202381	up	1	4	79
8	yxy	f	18	1	circle	green	(565, 619)	low	dis	(645, 652)	N	dif	vert	up	True	1203453	1204813	up	1	4	80
8	yxy	f	18	1	diamond	red	(565, 460)	low	dis	(645, 652)	N	dif	vert	up	True	1205980	1207045	up	1	4	81
8	yxy	f	18	1	diamond	red	(533, 540)	low	dis	(645, 652)	N	dif	vert	up	True	1208206	1209061	up	1	4	82
8	yxy	f	18	1	diamond	red	(565, 460)	low	dis	(724, 619)	Y	dif	hori	left	True	1210140	1211101	left	1	4	83
8	yxy	f	18	1	diamond	red	(565, 619)	low	dis	(724, 460)	N	same	hori	left	True	1212279	1213237	left	1	4	84
8	yxy	f	18	1	circle	green	(724, 619)	high	no	no_dis	N	dif	vert	up	True	1214440	1215701	up	1	4	85
8	yxy	f	18	1	circle	red	(565, 460)	low	no	no_dis	N	dif	vert	up	True	1216848	1217893	up	1	4	86
8	yxy	f	18	1	diamond	green	(757, 540)	low	dis	(724, 460)	N	same	hori	left	True	1219008	1220349	left	1	4	87
8	yxy	f	18	1	diamond	red	(724, 619)	high	dis	(565, 460)	N	dif	vert	up	True	1221399	1222333	up	1	4	88
8	yxy	f	18	1	circle	green	(533, 540)	low	dis	(565, 460)	N	same	vert	up	True	1223341	1224661	up	1	4	89
8	yxy	f	18	1	circle	green	(645, 652)	low	dis	(645, 428)	N	dif	vert	up	True	1225700	1226837	up	1	4	90
8	yxy	f	18	1	circle	red	(724, 460)	low	dis	(645, 428)	N	dif	hori	left	True	1227897	1228749	left	1	4	91
8	yxy	f	18	1	diamond	green	(645, 652)	low	dis	(533, 540)	N	same	vert	up	True	1229765	1230725	up	1	4	92
8	yxy	f	18	1	circle	red	(645, 428)	low	no	no_dis	N	dif	vert	up	True	1231773	1233157	up	1	4	93
8	yxy	f	18	1	diamond	green	(724, 460)	low	dis	(757, 540)	N	dif	hori	left	True	1234372	1235525	left	1	4	94
8	yxy	f	18	1	diamond	red	(565, 619)	low	dis	(565, 460)	N	dif	vert	up	True	1236667	1237525	up	1	4	95
8	yxy	f	18	1	circle	green	(565, 460)	low	dis	(757, 540)	N	dif	vert	up	True	1238584	1240085	up	1	4	96
8	yxy	f	18	1	diamond	red	(565, 619)	low	no	no_dis	N	dif	hori	left	True	1241184	1242485	left	1	4	97
8	yxy	f	18	1	diamond	green	(645, 428)	low	dis	(645, 652)	N	dif	hori	left	True	1243488	1244396	left	1	4	98
8	yxy	f	18	1	diamond	green	(724, 619)	high	dis	(645, 652)	N	dif	hori	left	True	1245543	1246549	left	1	4	99
8	yxy	f	18	1	circle	green	(724, 460)	low	dis	(724, 619)	Y	same	vert	up	True	1247634	1248533	up	1	4	100
8	yxy	f	18	1	diamond	red	(565, 619)	low	no	no_dis	N	same	vert	up	True	1249736	1251021	up	1	4	101
8	yxy	f	18	1	circle	green	(724, 619)	high	no	no_dis	N	same	vert	up	True	1252203	1253181	up	1	4	102
8	yxy	f	18	1	circle	red	(724, 619)	high	dis	(565, 619)	N	dif	vert	up	True	1254416	1255165	up	1	4	103
8	yxy	f	18	1	circle	green	(645, 428)	low	dis	(565, 460)	N	same	vert	up	True	1256350	1257397	up	1	4	104
8	yxy	f	18	1	circle	red	(724, 460)	low	no	no_dis	N	dif	hori	left	True	1258443	1259293	left	1	4	105
8	yxy	f	18	1	diamond	green	(724, 619)	high	dis	(645, 428)	N	dif	hori	left	True	1260514	1261685	left	1	4	106
8	yxy	f	18	1	circle	green	(757, 540)	low	no	no_dis	N	dif	hori	left	True	1262924	1264605	left	1	4	107
8	yxy	f	18	1	diamond	green	(645, 428)	low	dis	(724, 619)	Y	dif	hori	left	True	1265666	1266949	left	1	4	108
8	yxy	f	18	1	circle	red	(757, 540)	low	no	no_dis	N	dif	hori	left	True	1268034	1269349	left	1	4	109
8	yxy	f	18	1	diamond	green	(724, 619)	high	dis	(724, 460)	N	dif	vert	up	True	1270421	1271445	up	1	4	110
8	yxy	f	18	1	circle	red	(724, 460)	low	dis	(645, 652)	N	same	hori	left	True	1272593	1273525	left	1	4	111
8	yxy	f	18	1	circle	green	(724, 619)	high	dis	(565, 619)	N	same	hori	left	True	1274641	1275557	left	1	4	112
8	yxy	f	18	1	circle	red	(724, 619)	high	dis	(533, 540)	N	dif	hori	left	True	1276768	1278413	left	1	4	113
8	yxy	f	18	1	diamond	green	(565, 619)	low	no	no_dis	N	dif	vert	up	True	1279506	1281357	up	1	4	114
8	yxy	f	18	1	circle	green	(724, 619)	high	dis	(724, 460)	N	same	vert	up	True	1282381	1283757	up	1	4	115
8	yxy	f	18	1	circle	red	(565, 460)	low	dis	(757, 540)	N	same	hori	left	True	1284843	1285733	left	1	4	116
8	yxy	f	18	1	circle	red	(757, 540)	low	dis	(724, 460)	N	dif	hori	left	True	1286898	1287933	left	1	4	117
8	yxy	f	18	1	diamond	green	(533, 540)	low	no	no_dis	N	same	hori	left	True	1289126	1290365	left	1	4	118
8	yxy	f	18	1	circle	red	(645, 652)	low	dis	(565, 460)	N	same	hori	left	True	1291517	1292693	left	1	4	119
8	yxy	f	18	1	diamond	red	(724, 619)	high	dis	(565, 460)	N	same	hori	left	True	1293723	1294885	left	1	4	120
8	yxy	f	18	1	circle	red	(645, 428)	low	dis	(533, 540)	N	same	hori	left	True	1330954	1332157	left	1	5	1
8	yxy	f	18	1	circle	red	(724, 619)	high	no	no_dis	N	dif	hori	left	True	1333181	1334173	left	1	5	2
8	yxy	f	18	1	circle	red	(724, 619)	high	dis	(724, 460)	N	dif	vert	up	True	1335389	1336237	up	1	5	3
8	yxy	f	18	1	diamond	red	(645, 428)	low	dis	(724, 619)	Y	dif	hori	left	True	1337438	1339389	left	1	5	4
8	yxy	f	18	1	diamond	green	(565, 460)	low	dis	(565, 619)	N	dif	hori	left	True	1340434	1341805	left	1	5	5
8	yxy	f	18	1	circle	red	(645, 428)	low	dis	(724, 619)	Y	same	hori	left	True	1342819	1343725	left	1	5	6
8	yxy	f	18	1	circle	red	(724, 460)	low	dis	(533, 540)	N	dif	hori	left	True	1344729	1345445	left	1	5	7
8	yxy	f	18	1	diamond	green	(565, 460)	low	no	no_dis	N	same	hori	left	True	1346563	1347333	left	1	5	8
8	yxy	f	18	1	diamond	green	(565, 619)	low	dis	(565, 460)	N	same	vert	up	True	1348405	1349565	up	1	5	9
8	yxy	f	18	1	diamond	green	(565, 619)	low	no	no_dis	N	dif	hori	left	True	1350698	1351789	left	1	5	10
8	yxy	f	18	1	diamond	red	(724, 460)	low	dis	(645, 652)	N	same	vert	up	True	1352796	1353821	up	1	5	11
8	yxy	f	18	1	diamond	green	(645, 652)	low	no	no_dis	N	dif	vert	up	True	1354992	1355741	up	1	5	12
8	yxy	f	18	1	circle	red	(757, 540)	low	no	no_dis	N	dif	hori	left	True	1356805	1357677	left	1	5	13
8	yxy	f	18	1	diamond	red	(645, 652)	low	dis	(757, 540)	N	dif	hori	left	True	1358705	1359669	left	1	5	14
8	yxy	f	18	1	circle	green	(757, 540)	low	dis	(565, 619)	N	dif	vert	up	True	1360913	1363029	up	1	5	15
8	yxy	f	18	1	diamond	green	(724, 619)	high	no	no_dis	N	same	hori	left	True	1364078	1364965	left	1	5	16
8	yxy	f	18	1	diamond	red	(724, 619)	high	no	no_dis	N	dif	vert	up	True	1366168	1367149	up	1	5	17
8	yxy	f	18	1	circle	green	(565, 460)	low	dis	(645, 428)	N	same	vert	up	True	1368241	1369485	left	0	5	18
8	yxy	f	18	1	circle	red	(724, 619)	high	dis	(724, 460)	N	dif	hori	left	True	1372112	1373069	left	1	5	19
8	yxy	f	18	1	diamond	green	(565, 619)	low	dis	(533, 540)	N	same	vert	up	True	1374124	1375965	left	0	5	20
8	yxy	f	18	1	diamond	green	(565, 619)	low	no	no_dis	N	dif	hori	left	True	1378681	1380533	left	1	5	21
8	yxy	f	18	1	circle	green	(724, 619)	high	no	no_dis	N	same	vert	up	True	1381741	1382661	up	1	5	22
8	yxy	f	18	1	diamond	green	(724, 619)	high	dis	(565, 460)	N	same	vert	up	True	1383753	1385893	up	1	5	23
8	yxy	f	18	1	circle	red	(565, 460)	low	dis	(724, 619)	Y	same	hori	left	True	1386939	1388181	left	1	5	24
8	yxy	f	18	1	diamond	red	(724, 619)	high	no	no_dis	N	same	hori	left	True	1389387	1390789	left	1	5	25
8	yxy	f	18	1	circle	green	(533, 540)	low	no	no_dis	N	dif	hori	left	True	1391924	1392845	left	1	5	26
8	yxy	f	18	1	circle	green	(724, 619)	high	dis	(724, 460)	N	dif	vert	up	True	1393968	1394829	up	1	5	27
8	yxy	f	18	1	diamond	green	(757, 540)	low	dis	(645, 428)	N	dif	vert	up	True	1395886	1396981	up	1	5	28
8	yxy	f	18	1	diamond	green	(565, 460)	low	no	no_dis	N	dif	hori	left	True	1398149	1399317	left	1	5	29
8	yxy	f	18	1	diamond	red	(724, 460)	low	dis	(645, 652)	N	same	hori	left	True	1400478	1401509	left	1	5	30
8	yxy	f	18	1	circle	green	(533, 540)	low	dis	(565, 460)	N	dif	hori	left	True	1402615	1403685	left	1	5	31
8	yxy	f	18	1	diamond	red	(565, 619)	low	no	no_dis	N	same	vert	up	True	1404753	1405661	up	1	5	32
8	yxy	f	18	1	diamond	green	(645, 652)	low	dis	(565, 460)	N	dif	vert	up	True	1406838	1407549	up	1	5	33
8	yxy	f	18	1	diamond	green	(533, 540)	low	dis	(724, 460)	N	same	hori	left	True	1408706	1409525	left	1	5	34
8	yxy	f	18	1	circle	red	(757, 540)	low	dis	(724, 460)	N	dif	hori	left	True	1410693	1411693	left	1	5	35
8	yxy	f	18	1	diamond	red	(533, 540)	low	no	no_dis	N	dif	vert	up	True	1412804	1413789	up	1	5	36
8	yxy	f	18	1	circle	red	(724, 460)	low	dis	(565, 460)	N	same	vert	up	True	1415020	1416701	up	1	5	37
8	yxy	f	18	1	circle	green	(565, 460)	low	dis	(724, 619)	Y	same	vert	up	True	1417707	1418725	up	1	5	38
8	yxy	f	18	1	diamond	green	(724, 619)	high	dis	(645, 652)	N	dif	hori	left	True	1419944	1421405	left	1	5	39
8	yxy	f	18	1	diamond	red	(757, 540)	low	dis	(645, 428)	N	dif	vert	up	True	1422579	1423701	up	1	5	40
8	yxy	f	18	1	diamond	red	(724, 460)	low	no	no_dis	N	dif	hori	left	True	1424776	1425661	left	1	5	41
8	yxy	f	18	1	diamond	red	(645, 652)	low	dis	(533, 540)	N	same	hori	left	True	1426807	1427605	left	1	5	42
8	yxy	f	18	1	diamond	green	(645, 652)	low	dis	(724, 619)	Y	dif	vert	up	True	1428724	1429829	up	1	5	43
8	yxy	f	18	1	diamond	red	(645, 652)	low	no	no_dis	N	dif	hori	left	True	1431043	1431957	left	1	5	44
8	yxy	f	18	1	circle	green	(724, 619)	high	dis	(565, 460)	N	dif	hori	left	True	1433128	1433949	left	1	5	45
8	yxy	f	18	1	circle	green	(645, 428)	low	dis	(724, 619)	Y	dif	vert	up	True	1435092	1436069	up	1	5	46
8	yxy	f	18	1	diamond	red	(565, 619)	low	no	no_dis	N	dif	vert	up	True	1437290	1438877	up	1	5	47
8	yxy	f	18	1	diamond	green	(724, 619)	high	dis	(645, 428)	N	dif	hori	left	True	1440118	1441493	left	1	5	48
8	yxy	f	18	1	diamond	red	(757, 540)	low	dis	(724, 619)	Y	same	vert	up	True	1442725	1443781	up	1	5	49
8	yxy	f	18	1	circle	red	(724, 460)	low	no	no_dis	N	same	hori	left	True	1444967	1445749	left	1	5	50
8	yxy	f	18	1	diamond	green	(724, 619)	high	no	no_dis	N	dif	hori	left	True	1446821	1447533	left	1	5	51
8	yxy	f	18	1	circle	green	(757, 540)	low	dis	(565, 619)	N	same	hori	left	True	1448770	1449573	left	1	5	52
8	yxy	f	18	1	diamond	green	(645, 428)	low	dis	(724, 619)	Y	dif	vert	up	True	1450728	1451509	up	1	5	53
8	yxy	f	18	1	diamond	red	(565, 619)	low	dis	(757, 540)	N	dif	hori	left	True	1452662	1453565	left	1	5	54
8	yxy	f	18	1	diamond	red	(565, 619)	low	dis	(533, 540)	N	same	hori	left	True	1454672	1455669	left	1	5	55
8	yxy	f	18	1	diamond	red	(724, 619)	high	dis	(757, 540)	N	same	vert	up	True	1456797	1457773	up	1	5	56
8	yxy	f	18	1	circle	green	(724, 619)	high	dis	(533, 540)	N	same	vert	up	True	1458966	1459989	up	1	5	57
8	yxy	f	18	1	diamond	red	(533, 540)	low	no	no_dis	N	same	hori	left	True	1461240	1462205	left	1	5	58
8	yxy	f	18	1	diamond	red	(565, 460)	low	dis	(645, 428)	N	same	hori	left	True	1463295	1464389	left	1	5	59
8	yxy	f	18	1	circle	green	(724, 619)	high	dis	(757, 540)	N	dif	vert	up	True	1465398	1466533	up	1	5	60
8	yxy	f	18	1	circle	red	(757, 540)	low	dis	(645, 428)	N	same	vert	up	True	1467692	1469077	up	1	5	61
8	yxy	f	18	1	circle	green	(757, 540)	low	no	no_dis	N	same	hori	left	True	1470301	1471181	left	1	5	62
8	yxy	f	18	1	diamond	green	(724, 619)	high	no	no_dis	N	dif	vert	up	True	1472273	1473173	up	1	5	63
8	yxy	f	18	1	circle	red	(724, 619)	high	no	no_dis	N	dif	vert	up	True	1474423	1475493	up	1	5	64
8	yxy	f	18	1	diamond	red	(645, 428)	low	dis	(757, 540)	N	dif	hori	left	True	1476680	1478197	left	1	5	65
8	yxy	f	18	1	diamond	red	(724, 619)	high	dis	(724, 460)	N	same	hori	left	True	1479296	1480277	left	1	5	66
8	yxy	f	18	1	circle	red	(565, 460)	low	no	no_dis	N	same	vert	up	True	1481353	1482293	up	1	5	67
8	yxy	f	18	1	circle	green	(645, 428)	low	dis	(645, 652)	N	same	hori	left	True	1483379	1484637	left	1	5	68
8	yxy	f	18	1	circle	green	(724, 619)	high	no	no_dis	N	same	hori	left	True	1485736	1486653	left	1	5	69
8	yxy	f	18	1	circle	green	(757, 540)	low	no	no_dis	N	same	vert	up	True	1487688	1489045	up	1	5	70
8	yxy	f	18	1	diamond	red	(565, 460)	low	dis	(645, 652)	N	same	vert	up	True	1490081	1491141	up	1	5	71
8	yxy	f	18	1	diamond	green	(757, 540)	low	no	no_dis	N	dif	vert	up	True	1492387	1493237	up	1	5	72
8	yxy	f	18	1	circle	red	(724, 619)	high	dis	(565, 619)	N	dif	vert	up	True	1494463	1495405	up	1	5	73
8	yxy	f	18	1	circle	red	(724, 619)	high	dis	(645, 652)	N	same	hori	left	True	1496531	1498837	left	1	5	74
8	yxy	f	18	1	circle	green	(565, 619)	low	dis	(533, 540)	N	dif	vert	up	True	1499895	1500917	up	1	5	75
8	yxy	f	18	1	circle	green	(724, 460)	low	dis	(757, 540)	N	same	hori	left	True	1501977	1502901	left	1	5	76
8	yxy	f	18	1	circle	green	(645, 652)	low	dis	(565, 619)	N	dif	hori	left	True	1504034	1504845	left	1	5	77
8	yxy	f	18	1	diamond	green	(645, 428)	low	dis	(565, 460)	N	dif	hori	left	True	1506090	1507238	up	0	5	78
8	yxy	f	18	1	circle	red	(533, 540)	low	dis	(757, 540)	N	dif	hori	left	True	1509997	1510997	left	1	5	79
8	yxy	f	18	1	circle	red	(645, 652)	low	dis	(724, 619)	Y	dif	vert	up	True	1512050	1512973	up	1	5	80
8	yxy	f	18	1	circle	red	(645, 428)	low	no	no_dis	N	dif	vert	up	True	1514094	1515061	up	1	5	81
8	yxy	f	18	1	diamond	red	(533, 540)	low	dis	(757, 540)	N	dif	hori	left	True	1516166	1517965	left	1	5	82
8	yxy	f	18	1	diamond	green	(533, 540)	low	dis	(565, 619)	N	dif	hori	left	True	1519155	1520277	left	1	5	83
8	yxy	f	18	1	diamond	green	(724, 619)	high	dis	(533, 540)	N	same	vert	up	True	1521481	1522269	up	1	5	84
8	yxy	f	18	1	circle	green	(724, 460)	low	dis	(565, 619)	N	same	vert	up	True	1523481	1524461	up	1	5	85
8	yxy	f	18	1	diamond	green	(724, 460)	low	dis	(645, 652)	N	dif	vert	up	True	1525537	1526437	up	1	5	86
8	yxy	f	18	1	circle	red	(565, 619)	low	dis	(724, 460)	N	dif	vert	up	True	1527545	1528709	up	1	5	87
8	yxy	f	18	1	circle	green	(565, 619)	low	dis	(724, 460)	N	same	vert	up	True	1529712	1530645	up	1	5	88
8	yxy	f	18	1	circle	green	(645, 652)	low	dis	(645, 428)	N	dif	hori	left	True	1531676	1532973	left	1	5	89
8	yxy	f	18	1	circle	green	(565, 460)	low	no	no_dis	N	dif	vert	up	True	1534084	1534933	up	1	5	90
8	yxy	f	18	1	circle	green	(645, 652)	low	no	no_dis	N	dif	vert	up	True	1536103	1536989	up	1	5	91
8	yxy	f	18	1	circle	red	(645, 652)	low	no	no_dis	N	same	hori	left	True	1538166	1539156	left	1	5	92
8	yxy	f	18	1	circle	red	(645, 652)	low	dis	(724, 460)	N	dif	vert	up	True	1540292	1541101	up	1	5	93
8	yxy	f	18	1	circle	red	(565, 619)	low	dis	(645, 428)	N	dif	vert	up	True	1542192	1543149	up	1	5	94
8	yxy	f	18	1	circle	green	(724, 619)	high	dis	(757, 540)	N	same	hori	left	True	1544295	1546173	left	1	5	95
8	yxy	f	18	1	diamond	red	(645, 428)	low	no	no_dis	N	same	vert	up	True	1547367	1548045	up	1	5	96
8	yxy	f	18	1	diamond	green	(724, 460)	low	dis	(757, 540)	N	same	vert	up	True	1549065	1551565	up	1	5	97
8	yxy	f	18	1	circle	red	(565, 460)	low	dis	(724, 460)	N	dif	vert	up	True	1552621	1554093	up	1	5	98
8	yxy	f	18	1	diamond	red	(724, 619)	high	dis	(645, 428)	N	same	hori	left	True	1555151	1556197	left	1	5	99
8	yxy	f	18	1	diamond	red	(724, 619)	high	dis	(565, 460)	N	same	vert	up	True	1557419	1558589	up	1	5	100
8	yxy	f	18	1	diamond	green	(724, 460)	low	no	no_dis	N	same	vert	up	True	1559698	1560605	up	1	5	101
8	yxy	f	18	1	circle	green	(533, 540)	low	dis	(724, 619)	Y	same	hori	left	True	1561610	1562813	left	1	5	102
8	yxy	f	18	1	circle	green	(645, 428)	low	no	no_dis	N	same	hori	left	True	1563963	1566189	left	1	5	103
8	yxy	f	18	1	circle	green	(724, 619)	high	no	no_dis	N	same	vert	up	True	1567357	1568037	up	1	5	104
8	yxy	f	18	1	diamond	green	(724, 619)	high	dis	(565, 619)	N	dif	hori	left	True	1569145	1570733	left	1	5	105
8	yxy	f	18	1	diamond	green	(724, 619)	high	dis	(565, 460)	N	dif	hori	left	True	1571821	1572933	left	1	5	106
8	yxy	f	18	1	circle	red	(533, 540)	low	dis	(645, 652)	N	same	hori	left	True	1574152	1575245	left	1	5	107
8	yxy	f	18	1	circle	red	(645, 428)	low	no	no_dis	N	same	vert	up	True	1576299	1577685	up	1	5	108
8	yxy	f	18	1	circle	red	(724, 619)	high	dis	(645, 652)	N	same	hori	left	True	1578769	1579797	left	1	5	109
8	yxy	f	18	1	diamond	red	(724, 619)	high	dis	(533, 540)	N	same	hori	left	True	1580901	1582493	left	1	5	110
8	yxy	f	18	1	circle	red	(533, 540)	low	no	no_dis	N	same	vert	up	True	1583734	1584901	up	1	5	111
8	yxy	f	18	1	circle	red	(724, 619)	high	dis	(533, 540)	N	dif	vert	up	True	1585975	1586861	up	1	5	112
8	yxy	f	18	1	diamond	red	(533, 540)	low	dis	(645, 652)	N	same	hori	left	True	1588081	1589405	left	1	5	113
8	yxy	f	18	1	circle	red	(724, 619)	high	no	no_dis	N	dif	hori	left	True	1590658	1591421	left	1	5	114
8	yxy	f	18	1	diamond	green	(565, 460)	low	dis	(565, 619)	N	same	vert	up	True	1592638	1593605	up	1	5	115
8	yxy	f	18	1	circle	green	(724, 460)	low	no	no_dis	N	same	hori	left	True	1594842	1595621	left	1	5	116
8	yxy	f	18	1	circle	green	(724, 619)	high	dis	(565, 619)	N	same	vert	up	True	1596698	1597725	up	1	5	117
8	yxy	f	18	1	diamond	green	(757, 540)	low	dis	(565, 460)	N	same	vert	up	True	1598884	1600245	up	1	5	118
8	yxy	f	18	1	diamond	red	(724, 619)	high	no	no_dis	N	same	vert	up	True	1601474	1602733	up	1	5	119
8	yxy	f	18	1	diamond	red	(724, 619)	high	dis	(645, 428)	N	dif	vert	up	True	1603762	1604661	up	1	5	120
8	yxy	f	18	1	diamond	red	(724, 619)	high	dis	(533, 540)	N	dif	hori	left	True	1641477	1642541	left	1	6	1
8	yxy	f	18	1	diamond	red	(565, 619)	low	dis	(645, 652)	N	dif	vert	up	True	1643612	1644989	up	1	6	2
8	yxy	f	18	1	diamond	red	(757, 540)	low	dis	(724, 619)	Y	dif	vert	up	True	1646123	1647045	up	1	6	3
8	yxy	f	18	1	circle	green	(724, 619)	high	no	no_dis	N	same	vert	up	True	1648261	1649293	up	1	6	4
8	yxy	f	18	1	circle	red	(724, 619)	high	no	no_dis	N	same	hori	left	True	1650359	1651093	left	1	6	5
8	yxy	f	18	1	circle	red	(724, 460)	low	dis	(645, 428)	N	same	hori	left	True	1652312	1653205	left	1	6	6
8	yxy	f	18	1	diamond	green	(565, 460)	low	dis	(533, 540)	N	dif	hori	left	True	1654438	1655565	left	1	6	7
8	yxy	f	18	1	circle	red	(645, 428)	low	dis	(724, 460)	N	dif	vert	up	True	1656660	1657829	up	1	6	8
8	yxy	f	18	1	circle	red	(724, 460)	low	dis	(565, 619)	N	same	hori	left	True	1658866	1659749	left	1	6	9
8	yxy	f	18	1	circle	red	(565, 460)	low	no	no_dis	N	same	vert	up	True	1660958	1661781	up	1	6	10
8	yxy	f	18	1	diamond	green	(565, 619)	low	no	no_dis	N	dif	hori	left	True	1662824	1663686	left	1	6	11
8	yxy	f	18	1	diamond	green	(724, 619)	high	dis	(645, 652)	N	dif	hori	left	True	1664871	1665965	left	1	6	12
8	yxy	f	18	1	circle	green	(724, 460)	low	dis	(565, 619)	N	dif	vert	up	True	1667137	1668213	up	1	6	13
8	yxy	f	18	1	diamond	green	(645, 652)	low	dis	(724, 460)	N	same	hori	left	True	1669342	1670293	left	1	6	14
8	yxy	f	18	1	circle	green	(565, 619)	low	dis	(533, 540)	N	same	hori	left	True	1671307	1672245	left	1	6	15
8	yxy	f	18	1	diamond	green	(565, 619)	low	dis	(645, 428)	N	same	hori	left	True	1673462	1674437	left	1	6	16
8	yxy	f	18	1	circle	green	(724, 619)	high	dis	(724, 460)	N	dif	hori	left	True	1675572	1676757	left	1	6	17
8	yxy	f	18	1	diamond	green	(645, 428)	low	no	no_dis	N	same	hori	left	True	1677820	1678861	left	1	6	18
8	yxy	f	18	1	diamond	green	(724, 619)	high	dis	(565, 460)	N	dif	vert	up	True	1679910	1680741	up	1	6	19
8	yxy	f	18	1	circle	red	(533, 540)	low	no	no_dis	N	same	hori	left	True	1681781	1683077	left	1	6	20
8	yxy	f	18	1	diamond	red	(724, 619)	high	no	no_dis	N	dif	hori	left	True	1684322	1685485	left	1	6	21
8	yxy	f	18	1	diamond	red	(533, 540)	low	dis	(565, 619)	N	same	vert	up	True	1686509	1687525	up	1	6	22
8	yxy	f	18	1	diamond	red	(724, 619)	high	no	no_dis	N	dif	hori	left	True	1688765	1689517	left	1	6	23
8	yxy	f	18	1	diamond	green	(724, 619)	high	dis	(565, 460)	N	same	vert	up	True	1690714	1691341	up	1	6	24
8	yxy	f	18	1	diamond	red	(724, 460)	low	dis	(757, 540)	N	same	vert	up	True	1692480	1693557	up	1	6	25
8	yxy	f	18	1	circle	green	(565, 460)	low	no	no_dis	N	dif	vert	up	True	1694582	1696109	up	1	6	26
8	yxy	f	18	1	circle	red	(724, 619)	high	dis	(565, 460)	N	same	vert	up	True	1697143	1698069	up	1	6	27
8	yxy	f	18	1	diamond	red	(724, 619)	high	dis	(645, 652)	N	dif	hori	left	True	1699266	1700221	left	1	6	28
8	yxy	f	18	1	diamond	red	(565, 460)	low	dis	(757, 540)	N	dif	hori	left	True	1701286	1702293	left	1	6	29
8	yxy	f	18	1	circle	red	(645, 652)	low	dis	(724, 619)	Y	dif	hori	left	True	1703345	1704406	left	1	6	30
8	yxy	f	18	1	diamond	red	(724, 460)	low	no	no_dis	N	same	hori	left	True	1705474	1706397	left	1	6	31
8	yxy	f	18	1	diamond	green	(645, 428)	low	dis	(724, 619)	Y	dif	hori	left	True	1707496	1708469	left	1	6	32
8	yxy	f	18	1	diamond	red	(565, 619)	low	no	no_dis	N	same	vert	up	True	1709474	1710421	up	1	6	33
8	yxy	f	18	1	circle	red	(724, 460)	low	no	no_dis	N	same	vert	up	True	1711453	1713133	up	1	6	34
8	yxy	f	18	1	circle	red	(757, 540)	low	dis	(565, 460)	N	same	vert	up	True	1714150	1715205	up	1	6	35
8	yxy	f	18	1	diamond	red	(724, 460)	low	dis	(565, 619)	N	dif	hori	left	True	1716234	1717085	left	1	6	36
8	yxy	f	18	1	circle	green	(565, 460)	low	dis	(565, 619)	N	same	hori	left	True	1718125	1719509	left	1	6	37
8	yxy	f	18	1	diamond	red	(533, 540)	low	dis	(645, 652)	N	same	hori	left	True	1720722	1722029	left	1	6	38
8	yxy	f	18	1	diamond	red	(757, 540)	low	dis	(645, 652)	N	same	vert	up	True	1723040	1723909	up	1	6	39
8	yxy	f	18	1	circle	green	(565, 460)	low	no	no_dis	N	dif	vert	up	True	1725013	1726117	up	1	6	40
8	yxy	f	18	1	diamond	red	(724, 619)	high	no	no_dis	N	dif	vert	up	True	1727338	1728509	up	1	6	41
8	yxy	f	18	1	diamond	green	(645, 652)	low	no	no_dis	N	dif	vert	up	True	1729580	1731501	up	1	6	42
8	yxy	f	18	1	circle	red	(724, 619)	high	no	no_dis	N	same	vert	up	True	1732719	1733541	up	1	6	43
8	yxy	f	18	1	circle	red	(724, 619)	high	dis	(645, 428)	N	same	vert	up	True	1734735	1735565	up	1	6	44
8	yxy	f	18	1	diamond	red	(533, 540)	low	no	no_dis	N	dif	vert	up	True	1736649	1737501	up	1	6	45
8	yxy	f	18	1	circle	red	(565, 460)	low	dis	(533, 540)	N	same	vert	up	True	1738534	1740509	up	1	6	46
8	yxy	f	18	1	circle	red	(533, 540)	low	dis	(645, 428)	N	dif	hori	left	True	1741715	1742781	left	1	6	47
8	yxy	f	18	1	circle	red	(645, 652)	low	no	no_dis	N	dif	vert	up	True	1743834	1744837	up	1	6	48
8	yxy	f	18	1	circle	red	(724, 619)	high	dis	(645, 652)	N	same	hori	left	True	1745882	1746781	left	1	6	49
8	yxy	f	18	1	circle	red	(645, 428)	low	dis	(757, 540)	N	dif	vert	up	True	1747932	1749533	up	1	6	50
8	yxy	f	18	1	circle	red	(565, 619)	low	dis	(645, 652)	N	dif	hori	left	True	1750675	1751933	left	1	6	51
8	yxy	f	18	1	diamond	red	(645, 428)	low	no	no_dis	N	dif	hori	left	True	1753157	1754357	left	1	6	52
8	yxy	f	18	1	diamond	green	(533, 540)	low	dis	(757, 540)	N	dif	vert	up	True	1755437	1756373	up	1	6	53
8	yxy	f	18	1	diamond	green	(724, 619)	high	dis	(533, 540)	N	same	vert	up	True	1757406	1758413	up	1	6	54
8	yxy	f	18	1	circle	green	(724, 460)	low	no	no_dis	N	same	vert	up	True	1759633	1760733	up	1	6	55
8	yxy	f	18	1	diamond	red	(724, 619)	high	dis	(757, 540)	N	same	vert	up	True	1761739	1763125	up	1	6	56
8	yxy	f	18	1	diamond	red	(724, 619)	high	dis	(757, 540)	N	dif	vert	up	True	1764135	1765045	up	1	6	57
8	yxy	f	18	1	diamond	green	(724, 619)	high	no	no_dis	N	dif	hori	left	True	1766239	1767933	left	1	6	58
8	yxy	f	18	1	circle	green	(645, 652)	low	no	no_dis	N	same	hori	left	True	1769012	1770629	left	1	6	59
8	yxy	f	18	1	diamond	red	(645, 652)	low	dis	(645, 428)	N	same	hori	left	True	1771882	1772893	left	1	6	60
8	yxy	f	18	1	circle	green	(724, 619)	high	dis	(565, 619)	N	same	hori	left	True	1774057	1774949	left	1	6	61
8	yxy	f	18	1	diamond	red	(565, 460)	low	dis	(533, 540)	N	dif	hori	left	True	1776084	1776917	left	1	6	62
8	yxy	f	18	1	circle	red	(645, 652)	low	dis	(645, 428)	N	dif	vert	up	True	1778144	1779085	up	1	6	63
8	yxy	f	18	1	diamond	green	(645, 652)	low	dis	(757, 540)	N	same	hori	left	True	1780241	1781318	left	1	6	64
8	yxy	f	18	1	circle	red	(724, 619)	high	no	no_dis	N	same	vert	up	True	1782485	1783573	up	1	6	65
8	yxy	f	18	1	diamond	green	(724, 619)	high	dis	(645, 428)	N	same	hori	left	True	1784699	1785437	left	1	6	66
8	yxy	f	18	1	circle	red	(757, 540)	low	dis	(724, 619)	Y	same	hori	left	True	1786616	1787693	left	1	6	67
8	yxy	f	18	1	circle	green	(724, 619)	high	dis	(724, 460)	N	same	hori	left	True	1788842	1789893	left	1	6	68
8	yxy	f	18	1	circle	green	(724, 619)	high	dis	(565, 460)	N	dif	hori	left	True	1791126	1791901	left	1	6	69
8	yxy	f	18	1	circle	green	(645, 428)	low	no	no_dis	N	dif	hori	left	True	1793025	1794277	left	1	6	70
8	yxy	f	18	1	circle	red	(565, 619)	low	dis	(724, 619)	Y	same	vert	up	True	1795515	1796597	up	1	6	71
8	yxy	f	18	1	diamond	green	(645, 428)	low	dis	(565, 460)	N	dif	vert	up	True	1797839	1798589	up	1	6	72
8	yxy	f	18	1	circle	green	(533, 540)	low	dis	(724, 460)	N	same	hori	left	True	1799684	1800541	left	1	6	73
8	yxy	f	18	1	diamond	green	(533, 540)	low	dis	(724, 460)	N	dif	hori	left	True	1801582	1802493	left	1	6	74
8	yxy	f	18	1	diamond	red	(645, 428)	low	dis	(724, 619)	Y	same	vert	up	True	1803619	1804357	up	1	6	75
8	yxy	f	18	1	diamond	green	(724, 619)	high	no	no_dis	N	same	hori	left	True	1805606	1806309	left	1	6	76
8	yxy	f	18	1	diamond	green	(565, 460)	low	dis	(533, 540)	N	dif	hori	left	True	1807468	1809181	left	1	6	77
8	yxy	f	18	1	diamond	red	(565, 619)	low	dis	(645, 428)	N	dif	hori	left	True	1810240	1811101	left	1	6	78
8	yxy	f	18	1	diamond	green	(757, 540)	low	no	no_dis	N	same	vert	up	True	1812115	1812813	up	1	6	79
8	yxy	f	18	1	diamond	green	(757, 540)	low	no	no_dis	N	dif	hori	left	True	1813954	1814605	left	1	6	80
8	yxy	f	18	1	diamond	green	(757, 540)	low	dis	(724, 619)	Y	dif	vert	up	True	1815764	1816837	up	1	6	81
8	yxy	f	18	1	circle	red	(533, 540)	low	no	no_dis	N	same	vert	up	True	1817969	1818829	left	0	6	82
8	yxy	f	18	1	circle	green	(565, 619)	low	dis	(565, 460)	N	same	vert	up	True	1821576	1822613	up	1	6	83
8	yxy	f	18	1	circle	green	(757, 540)	low	dis	(565, 460)	N	same	vert	up	True	1823619	1824453	up	1	6	84
8	yxy	f	18	1	diamond	green	(724, 619)	high	no	no_dis	N	same	hori	left	True	1825683	1826773	left	1	6	85
8	yxy	f	18	1	circle	green	(724, 619)	high	no	no_dis	N	dif	vert	up	True	1827902	1828669	up	1	6	86
8	yxy	f	18	1	diamond	green	(724, 460)	low	dis	(565, 460)	N	dif	vert	up	True	1829722	1830773	up	1	6	87
8	yxy	f	18	1	circle	green	(724, 619)	high	dis	(724, 460)	N	dif	vert	up	True	1831944	1832877	up	1	6	88
8	yxy	f	18	1	circle	green	(565, 619)	low	no	no_dis	N	dif	vert	up	True	1833948	1834853	up	1	6	89
8	yxy	f	18	1	diamond	red	(757, 540)	low	no	no_dis	N	dif	hori	left	True	1835987	1837045	left	1	6	90
8	yxy	f	18	1	circle	green	(724, 619)	high	dis	(533, 540)	N	same	vert	up	True	1838125	1838885	up	1	6	91
8	yxy	f	18	1	circle	green	(645, 428)	low	dis	(533, 540)	N	dif	vert	up	True	1839926	1840741	up	1	6	92
8	yxy	f	18	1	circle	green	(645, 652)	low	dis	(757, 540)	N	dif	hori	left	True	1841761	1842581	left	1	6	93
8	yxy	f	18	1	diamond	red	(724, 619)	high	dis	(565, 619)	N	same	hori	left	True	1843675	1844829	left	1	6	94
8	yxy	f	18	1	circle	red	(533, 540)	low	dis	(645, 652)	N	same	hori	left	True	1846067	1847197	left	1	6	95
8	yxy	f	18	1	circle	green	(645, 652)	low	no	no_dis	N	same	hori	left	True	1848317	1849421	left	1	6	96
8	yxy	f	18	1	circle	green	(645, 652)	low	dis	(724, 460)	N	dif	hori	left	True	1850646	1851413	left	1	6	97
8	yxy	f	18	1	diamond	green	(565, 619)	low	dis	(724, 619)	Y	dif	vert	up	True	1852480	1854461	up	1	6	98
8	yxy	f	18	1	circle	red	(645, 428)	low	no	no_dis	N	same	hori	left	True	1855599	1856805	left	1	6	99
8	yxy	f	18	1	diamond	green	(724, 460)	low	dis	(724, 619)	Y	same	vert	up	True	1858004	1859725	up	1	6	100
8	yxy	f	18	1	diamond	green	(565, 619)	low	no	no_dis	N	dif	hori	left	True	1860911	1862013	left	1	6	101
8	yxy	f	18	1	circle	green	(533, 540)	low	dis	(565, 460)	N	dif	hori	left	True	1863095	1864293	left	1	6	102
8	yxy	f	18	1	diamond	red	(724, 460)	low	no	no_dis	N	dif	hori	left	True	1865468	1866285	left	1	6	103
8	yxy	f	18	1	circle	red	(724, 619)	high	dis	(565, 619)	N	dif	hori	left	True	1867460	1868613	left	1	6	104
8	yxy	f	18	1	diamond	red	(724, 619)	high	dis	(565, 619)	N	same	hori	left	True	1869645	1870653	left	1	6	105
8	yxy	f	18	1	diamond	green	(533, 540)	low	no	no_dis	N	same	vert	up	True	1871660	1872773	up	1	6	106
8	yxy	f	18	1	circle	green	(565, 460)	low	dis	(724, 460)	N	same	hori	left	True	1873909	1875101	left	1	6	107
8	yxy	f	18	1	diamond	red	(645, 652)	low	dis	(757, 540)	N	same	vert	up	True	1876345	1877357	up	1	6	108
8	yxy	f	18	1	diamond	red	(757, 540)	low	no	no_dis	N	dif	vert	up	True	1878609	1879629	up	1	6	109
8	yxy	f	18	1	diamond	red	(645, 428)	low	dis	(645, 652)	N	same	hori	left	True	1880852	1881837	left	1	6	110
8	yxy	f	18	1	diamond	green	(757, 540)	low	dis	(724, 619)	Y	same	vert	up	True	1882970	1883797	up	1	6	111
8	yxy	f	18	1	circle	red	(724, 619)	high	dis	(645, 428)	N	dif	vert	up	True	1884836	1885789	up	1	6	112
8	yxy	f	18	1	circle	green	(757, 540)	low	dis	(724, 460)	N	dif	vert	up	True	1886822	1887573	up	1	6	113
8	yxy	f	18	1	circle	red	(565, 460)	low	dis	(645, 652)	N	same	vert	up	True	1888754	1889541	up	1	6	114
8	yxy	f	18	1	circle	red	(724, 619)	high	dis	(757, 540)	N	dif	vert	up	True	1890584	1891261	up	1	6	115
8	yxy	f	18	1	diamond	green	(724, 619)	high	dis	(645, 428)	N	dif	vert	up	True	1892418	1893821	up	1	6	116
8	yxy	f	18	1	circle	green	(724, 619)	high	no	no_dis	N	dif	vert	up	True	1895074	1896469	up	1	6	117
8	yxy	f	18	1	circle	green	(724, 460)	low	dis	(533, 540)	N	same	vert	up	True	1897500	1898413	up	1	6	118
8	yxy	f	18	1	circle	red	(565, 460)	low	no	no_dis	N	same	hori	left	True	1899543	1900581	left	1	6	119
8	yxy	f	18	1	circle	green	(645, 428)	low	dis	(565, 619)	N	dif	vert	up	True	1901719	1902741	up	1	6	120
conf	8	yxy	f	18	1	True	1939902	2175117	4	True	2175128	2179165	5
