subj	name	gender	age	prac	shape	color	tar_loc	popularity	dis_cond	dis_loc	dis_high	td_dif	line	respkey	gotkey	startTime	respTime	resp	correct	block	trialnum
9	skd	f	19	1	diamond	green	(724, 460)	low	dis	(724, 619)	N	same	hori	left	False	15144	None	None	0	1	1
9	skd	f	19	1	diamond	green	(757, 540)	high	dis	(565, 460)	N	same	hori	left	False	20903	None	None	0	1	2
9	skd	f	19	1	diamond	red	(724, 619)	low	dis	(565, 460)	N	dif	vert	up	True	26632	29386	left	0	1	3
9	skd	f	19	1	diamond	red	(565, 460)	low	dis	(724, 460)	N	same	vert	up	True	31983	33073	up	1	1	4
9	skd	f	19	1	diamond	green	(533, 540)	low	dis	(757, 540)	Y	same	vert	up	True	34215	36186	up	1	1	5
9	skd	f	19	1	circle	green	(724, 619)	low	dis	(757, 540)	Y	same	hori	left	True	37328	39114	left	1	1	6
9	skd	f	19	1	diamond	red	(533, 540)	low	no	no_dis	N	dif	vert	up	True	40193	41665	up	1	1	7
9	skd	f	19	1	diamond	red	(757, 540)	high	dis	(724, 460)	N	dif	vert	up	True	42805	45218	left	0	1	8
9	skd	f	19	1	diamond	green	(757, 540)	high	dis	(565, 460)	N	same	hori	left	True	47737	49809	left	1	1	9
9	skd	f	19	1	diamond	green	(645, 428)	low	dis	(533, 540)	N	same	vert	up	True	50839	52281	up	1	1	10
9	skd	f	19	1	circle	red	(757, 540)	high	dis	(565, 619)	N	dif	hori	left	True	53295	54481	left	1	1	11
9	skd	f	19	1	circle	red	(724, 619)	low	dis	(724, 460)	N	same	vert	up	True	55523	57113	left	0	1	12
9	skd	f	19	1	diamond	red	(565, 460)	low	dis	(645, 652)	N	dif	vert	up	True	59742	62642	up	1	1	13
9	skd	f	19	1	diamond	red	(757, 540)	high	no	no_dis	N	dif	vert	up	True	63707	65385	up	1	1	14
9	skd	f	19	1	circle	red	(724, 619)	low	dis	(724, 460)	N	dif	vert	up	True	66481	68857	up	1	1	15
9	skd	f	19	1	circle	red	(645, 428)	low	no	no_dis	N	same	hori	left	True	69872	71425	left	1	1	16
9	skd	f	19	1	circle	green	(533, 540)	low	no	no_dis	N	same	hori	left	True	72520	73817	left	1	1	17
9	skd	f	19	1	circle	red	(565, 619)	low	dis	(565, 460)	N	same	hori	left	True	74928	75978	left	1	1	18
9	skd	f	19	1	diamond	green	(757, 540)	high	no	no_dis	N	same	vert	up	True	77035	79226	up	1	1	19
9	skd	f	19	1	circle	red	(565, 460)	low	dis	(645, 652)	N	same	vert	up	True	80353	81914	up	1	1	20
9	skd	f	19	1	circle	red	(757, 540)	high	no	no_dis	N	dif	hori	left	True	82930	84346	left	1	1	21
9	skd	f	19	1	diamond	red	(565, 619)	low	dis	(724, 619)	N	dif	vert	up	True	85492	86905	up	1	1	22
9	skd	f	19	1	circle	green	(565, 619)	low	no	no_dis	N	same	vert	up	True	88048	90058	up	1	1	23
9	skd	f	19	1	circle	green	(757, 540)	high	no	no_dis	N	same	vert	up	True	91213	92657	up	1	1	24
9	skd	f	19	1	circle	red	(724, 460)	low	dis	(757, 540)	Y	same	hori	left	True	93823	94857	left	1	1	25
9	skd	f	19	1	diamond	green	(757, 540)	high	no	no_dis	N	dif	hori	left	True	95932	97057	left	1	1	26
9	skd	f	19	1	circle	red	(757, 540)	high	dis	(724, 460)	N	same	vert	up	True	98109	99521	up	1	1	27
9	skd	f	19	1	circle	green	(533, 540)	low	dis	(645, 652)	N	same	hori	left	True	100759	102577	left	1	1	28
9	skd	f	19	1	circle	green	(645, 652)	low	dis	(565, 619)	N	dif	vert	up	True	103808	104994	up	1	1	29
9	skd	f	19	1	circle	green	(757, 540)	high	no	no_dis	N	same	hori	left	True	106039	106977	left	1	1	30
9	skd	f	19	1	circle	red	(724, 460)	low	dis	(565, 619)	N	dif	vert	up	True	108172	109257	up	1	1	31
9	skd	f	19	1	diamond	green	(724, 460)	low	no	no_dis	N	same	hori	left	True	110361	112890	left	1	1	32
9	skd	f	19	1	circle	green	(724, 460)	low	dis	(533, 540)	N	dif	hori	left	True	113905	114881	left	1	1	33
9	skd	f	19	1	diamond	red	(645, 428)	low	no	no_dis	N	same	hori	left	True	115899	117353	left	1	1	34
9	skd	f	19	1	diamond	green	(724, 619)	low	no	no_dis	N	dif	hori	left	True	118592	121386	left	1	1	35
9	skd	f	19	1	circle	red	(645, 652)	low	dis	(533, 540)	N	dif	vert	up	True	122550	123793	up	1	1	36
9	skd	f	19	1	circle	green	(724, 460)	low	dis	(533, 540)	N	dif	hori	left	True	124982	125897	left	1	1	37
9	skd	f	19	1	circle	green	(565, 460)	low	dis	(645, 428)	N	same	hori	left	True	126916	128097	left	1	1	38
9	skd	f	19	1	diamond	green	(645, 428)	low	no	no_dis	N	dif	hori	left	True	129099	130170	left	1	1	39
9	skd	f	19	1	circle	red	(757, 540)	high	no	no_dis	N	same	hori	left	True	131362	132514	left	1	1	40
9	skd	f	19	1	diamond	green	(645, 652)	low	dis	(565, 619)	N	same	vert	up	True	133569	135425	up	1	1	41
9	skd	f	19	1	circle	green	(565, 619)	low	dis	(645, 428)	N	dif	hori	left	True	136663	137953	left	1	1	42
9	skd	f	19	1	circle	green	(757, 540)	high	no	no_dis	N	dif	hori	left	True	139140	140105	left	1	1	43
9	skd	f	19	1	diamond	green	(757, 540)	high	dis	(565, 460)	N	same	vert	up	True	141147	142249	up	1	1	44
9	skd	f	19	1	diamond	green	(645, 652)	low	no	no_dis	N	dif	hori	left	True	143467	145137	left	1	1	45
9	skd	f	19	1	circle	red	(565, 460)	low	dis	(645, 428)	N	same	hori	left	True	146148	148033	left	1	1	46
9	skd	f	19	1	circle	green	(757, 540)	high	dis	(533, 540)	N	same	hori	left	True	149265	150618	left	1	1	47
9	skd	f	19	1	circle	green	(757, 540)	high	dis	(645, 652)	N	dif	hori	left	True	151745	153297	left	1	1	48
9	skd	f	19	1	diamond	green	(533, 540)	low	dis	(724, 619)	N	dif	vert	up	True	154473	156394	up	1	1	49
9	skd	f	19	1	circle	red	(724, 460)	low	no	no_dis	N	same	hori	left	True	157554	158874	left	1	1	50
9	skd	f	19	1	circle	green	(757, 540)	high	dis	(565, 619)	N	same	hori	left	True	160065	161001	left	1	1	51
9	skd	f	19	1	circle	red	(757, 540)	high	dis	(645, 652)	N	same	vert	up	True	162139	163034	up	1	1	52
9	skd	f	19	1	circle	green	(757, 540)	high	dis	(645, 428)	N	dif	hori	left	True	164124	165474	left	1	1	53
9	skd	f	19	1	circle	green	(724, 460)	low	no	no_dis	N	dif	hori	left	True	166629	167746	left	1	1	54
9	skd	f	19	1	circle	green	(533, 540)	low	no	no_dis	N	dif	hori	left	True	168929	169682	left	1	1	55
9	skd	f	19	1	circle	red	(724, 619)	low	no	no_dis	N	dif	vert	up	True	170899	171770	up	1	1	56
9	skd	f	19	1	diamond	red	(757, 540)	high	no	no_dis	N	same	vert	up	True	172997	174929	up	1	1	57
9	skd	f	19	1	circle	red	(645, 428)	low	no	no_dis	N	same	vert	up	True	175978	177178	up	1	1	58
9	skd	f	19	1	diamond	green	(645, 428)	low	dis	(757, 540)	Y	dif	vert	up	True	178417	179465	left	0	1	59
9	skd	f	19	1	diamond	red	(724, 460)	low	dis	(533, 540)	N	same	hori	left	True	182006	184209	left	1	1	60
9	skd	f	19	1	circle	green	(645, 428)	low	dis	(724, 619)	N	dif	hori	left	True	185380	186769	left	1	1	61
9	skd	f	19	1	diamond	green	(645, 652)	low	dis	(565, 460)	N	same	vert	up	True	187829	189433	up	1	1	62
9	skd	f	19	1	circle	green	(645, 428)	low	dis	(565, 619)	N	dif	hori	left	True	190534	192089	left	1	1	63
9	skd	f	19	1	diamond	red	(724, 619)	low	no	no_dis	N	same	vert	up	True	193210	194522	up	1	1	64
9	skd	f	19	1	diamond	red	(565, 619)	low	no	no_dis	N	same	hori	left	True	195748	197689	left	1	1	65
9	skd	f	19	1	diamond	red	(565, 619)	low	dis	(757, 540)	Y	dif	hori	left	True	198719	200689	left	1	1	66
9	skd	f	19	1	diamond	green	(757, 540)	high	dis	(533, 540)	N	same	hori	left	True	201804	204441	left	1	1	67
9	skd	f	19	1	diamond	red	(757, 540)	high	dis	(724, 619)	N	dif	hori	left	True	205534	207002	left	1	1	68
9	skd	f	19	1	circle	green	(724, 619)	low	dis	(724, 460)	N	dif	vert	up	True	208034	209657	up	1	1	69
9	skd	f	19	1	diamond	green	(724, 619)	low	dis	(565, 460)	N	dif	hori	left	True	210743	212706	left	1	1	70
9	skd	f	19	1	diamond	red	(724, 619)	low	dis	(757, 540)	Y	same	hori	left	True	213711	216361	left	1	1	71
9	skd	f	19	1	diamond	red	(533, 540)	low	dis	(645, 428)	N	same	vert	up	True	217605	219913	up	1	1	72
9	skd	f	19	1	circle	red	(645, 428)	low	dis	(724, 460)	N	same	vert	up	True	221151	223353	up	1	1	73
9	skd	f	19	1	circle	green	(565, 460)	low	no	no_dis	N	same	vert	up	True	224554	225978	up	1	1	74
9	skd	f	19	1	circle	green	(565, 460)	low	dis	(565, 619)	N	dif	hori	left	True	227025	228705	left	1	1	75
9	skd	f	19	1	circle	red	(757, 540)	high	dis	(645, 652)	N	dif	vert	up	True	229772	231281	up	1	1	76
9	skd	f	19	1	circle	red	(565, 619)	low	dis	(533, 540)	N	same	vert	up	True	232329	233769	up	1	1	77
9	skd	f	19	1	diamond	red	(645, 652)	low	no	no_dis	N	same	vert	up	True	234828	236202	up	1	1	78
9	skd	f	19	1	diamond	green	(724, 619)	low	no	no_dis	N	same	vert	up	True	237391	238537	up	1	1	79
9	skd	f	19	1	diamond	red	(757, 540)	high	dis	(645, 428)	N	dif	hori	left	True	239659	240985	left	1	1	80
9	skd	f	19	1	circle	red	(645, 652)	low	no	no_dis	N	dif	hori	left	True	241993	242985	left	1	1	81
9	skd	f	19	1	diamond	red	(565, 460)	low	no	no_dis	N	dif	hori	left	True	244161	245401	left	1	1	82
9	skd	f	19	1	circle	green	(757, 540)	high	dis	(565, 460)	N	dif	vert	up	True	246541	247713	up	1	1	83
9	skd	f	19	1	circle	green	(645, 652)	low	dis	(757, 540)	Y	dif	vert	up	True	248856	250393	up	1	1	84
9	skd	f	19	1	circle	red	(533, 540)	low	dis	(724, 460)	N	same	hori	left	True	251638	252738	left	1	1	85
9	skd	f	19	1	diamond	red	(724, 460)	low	no	no_dis	N	same	hori	left	True	253903	256553	left	1	1	86
9	skd	f	19	1	diamond	red	(645, 652)	low	dis	(724, 619)	N	dif	hori	left	True	257701	258986	left	1	1	87
9	skd	f	19	1	diamond	red	(757, 540)	high	dis	(565, 619)	N	same	vert	up	True	260161	261705	up	1	1	88
9	skd	f	19	1	circle	red	(757, 540)	high	no	no_dis	N	same	hori	left	True	262758	264082	left	1	1	89
9	skd	f	19	1	circle	red	(533, 540)	low	dis	(645, 428)	N	same	hori	left	True	265084	266881	left	1	1	90
9	skd	f	19	1	diamond	red	(533, 540)	low	dis	(645, 652)	N	same	vert	up	True	267946	270009	up	1	1	91
9	skd	f	19	1	diamond	green	(565, 460)	low	no	no_dis	N	dif	vert	up	True	271045	273601	up	1	1	92
9	skd	f	19	1	circle	green	(533, 540)	low	dis	(724, 619)	N	same	hori	left	True	274799	276289	left	1	1	93
9	skd	f	19	1	diamond	green	(565, 460)	low	dis	(757, 540)	Y	same	vert	up	True	277329	280018	up	1	1	94
9	skd	f	19	1	circle	green	(565, 619)	low	dis	(757, 540)	Y	same	vert	up	True	281055	283049	up	1	1	95
9	skd	f	19	1	circle	red	(757, 540)	high	dis	(645, 652)	N	same	hori	left	True	284052	285377	left	1	1	96
9	skd	f	19	1	diamond	green	(533, 540)	low	no	no_dis	N	dif	vert	up	True	286520	288154	up	1	1	97
9	skd	f	19	1	diamond	green	(757, 540)	high	no	no_dis	N	dif	vert	up	True	289371	291161	up	1	1	98
9	skd	f	19	1	diamond	red	(757, 540)	high	dis	(533, 540)	N	dif	hori	left	True	292238	293721	left	1	1	99
9	skd	f	19	1	diamond	green	(565, 619)	low	dis	(645, 428)	N	dif	hori	left	True	294819	296273	left	1	1	100
9	skd	f	19	1	diamond	red	(645, 428)	low	dis	(565, 619)	N	same	hori	left	True	297368	300354	left	1	1	101
9	skd	f	19	1	circle	red	(565, 460)	low	no	no_dis	N	dif	vert	up	True	301600	303601	up	1	1	102
9	skd	f	19	1	diamond	green	(757, 540)	high	dis	(645, 428)	N	dif	vert	up	False	304610	None	None	0	1	103
9	skd	f	19	1	circle	green	(645, 652)	low	no	no_dis	N	same	vert	up	True	310174	311721	up	1	1	104
9	skd	f	19	1	circle	red	(565, 619)	low	no	no_dis	N	dif	vert	up	True	312780	313881	up	1	1	105
9	skd	f	19	1	circle	green	(757, 540)	high	dis	(724, 460)	N	dif	vert	up	True	315046	317025	up	1	1	106
9	skd	f	19	1	diamond	red	(757, 540)	high	dis	(724, 619)	N	same	vert	up	True	318062	319386	up	1	1	107
9	skd	f	19	1	diamond	green	(565, 460)	low	dis	(645, 428)	N	dif	hori	left	True	320604	322433	left	1	1	108
9	skd	f	19	1	diamond	green	(757, 540)	high	dis	(724, 619)	N	same	vert	up	True	323467	325794	up	1	1	109
9	skd	f	19	1	circle	red	(757, 540)	high	dis	(565, 619)	N	dif	vert	up	True	326971	328417	up	1	1	110
9	skd	f	19	1	diamond	red	(645, 428)	low	dis	(645, 652)	N	same	vert	up	True	329542	330473	up	1	1	111
9	skd	f	19	1	circle	green	(565, 619)	low	no	no_dis	N	dif	vert	up	True	331514	332617	up	1	1	112
9	skd	f	19	1	circle	red	(645, 652)	low	dis	(757, 540)	Y	dif	hori	left	True	333787	335081	left	1	1	113
9	skd	f	19	1	circle	red	(645, 428)	low	dis	(533, 540)	N	dif	vert	up	True	336174	337202	up	1	1	114
9	skd	f	19	1	diamond	green	(724, 460)	low	dis	(645, 652)	N	dif	vert	up	True	338380	340769	up	1	1	115
9	skd	f	19	1	diamond	red	(645, 652)	low	dis	(724, 460)	N	dif	hori	left	True	341850	344514	left	1	1	116
9	skd	f	19	1	diamond	green	(565, 619)	low	dis	(565, 460)	N	same	hori	left	True	345721	347233	left	1	1	117
9	skd	f	19	1	diamond	green	(724, 619)	low	dis	(565, 460)	N	dif	vert	up	True	348306	349361	up	1	1	118
9	skd	f	19	1	diamond	red	(724, 460)	low	dis	(724, 619)	N	dif	hori	left	True	350515	352002	left	1	1	119
9	skd	f	19	1	diamond	red	(757, 540)	high	no	no_dis	N	dif	vert	up	True	353131	354241	up	1	1	120
9	skd	f	19	1	diamond	green	(645, 428)	low	dis	(533, 540)	N	dif	vert	up	True	390348	391698	up	1	2	1
9	skd	f	19	1	circle	red	(724, 460)	low	dis	(565, 619)	N	same	hori	left	True	392823	393794	left	1	2	2
9	skd	f	19	1	diamond	red	(757, 540)	high	dis	(645, 652)	N	same	vert	up	True	394875	397026	up	1	2	3
9	skd	f	19	1	circle	red	(724, 460)	low	dis	(645, 428)	N	dif	vert	up	True	398126	399865	up	1	2	4
9	skd	f	19	1	diamond	red	(724, 619)	low	dis	(645, 652)	N	same	vert	up	True	401045	402409	up	1	2	5
9	skd	f	19	1	diamond	red	(757, 540)	high	dis	(645, 428)	N	dif	vert	up	True	403633	404569	up	1	2	6
9	skd	f	19	1	circle	green	(645, 652)	low	dis	(724, 619)	N	dif	vert	up	True	405671	406769	up	1	2	7
9	skd	f	19	1	diamond	green	(645, 428)	low	dis	(565, 619)	N	same	hori	left	True	407813	409081	left	1	2	8
9	skd	f	19	1	diamond	red	(724, 619)	low	dis	(645, 428)	N	same	vert	up	True	410089	412177	up	1	2	9
9	skd	f	19	1	circle	green	(757, 540)	high	dis	(724, 619)	N	same	vert	up	True	413184	415025	up	1	2	10
9	skd	f	19	1	diamond	red	(565, 619)	low	dis	(724, 619)	N	dif	vert	up	True	416200	417281	up	1	2	11
9	skd	f	19	1	circle	red	(645, 428)	low	dis	(724, 460)	N	same	vert	up	True	418465	419569	up	1	2	12
9	skd	f	19	1	diamond	red	(645, 428)	low	dis	(565, 460)	N	same	hori	left	True	420602	422057	left	1	2	13
9	skd	f	19	1	diamond	red	(645, 428)	low	no	no_dis	N	same	hori	left	True	423129	425009	left	1	2	14
9	skd	f	19	1	diamond	green	(757, 540)	high	dis	(645, 428)	N	same	hori	left	True	426186	427329	left	1	2	15
9	skd	f	19	1	circle	red	(757, 540)	high	dis	(724, 460)	N	same	vert	up	True	428516	430577	left	0	2	16
9	skd	f	19	1	diamond	red	(565, 460)	low	no	no_dis	N	same	hori	left	True	433304	435002	left	1	2	17
9	skd	f	19	1	circle	red	(645, 652)	low	no	no_dis	N	dif	vert	up	True	436036	437113	up	1	2	18
9	skd	f	19	1	diamond	green	(757, 540)	high	dis	(565, 619)	N	dif	vert	up	True	438241	440402	up	1	2	19
9	skd	f	19	1	diamond	red	(757, 540)	high	no	no_dis	N	same	vert	up	True	441556	443641	up	1	2	20
9	skd	f	19	1	circle	green	(757, 540)	high	no	no_dis	N	same	hori	left	True	444673	445969	left	1	2	21
9	skd	f	19	1	diamond	red	(565, 460)	low	dis	(724, 460)	N	dif	hori	left	True	447019	448617	left	1	2	22
9	skd	f	19	1	diamond	red	(645, 652)	low	no	no_dis	N	same	hori	left	True	449818	451729	left	1	2	23
9	skd	f	19	1	diamond	green	(645, 652)	low	dis	(757, 540)	Y	dif	hori	left	True	452796	454641	left	1	2	24
9	skd	f	19	1	circle	red	(645, 428)	low	dis	(645, 652)	N	same	hori	left	True	455792	456937	left	1	2	25
9	skd	f	19	1	diamond	green	(645, 652)	low	dis	(724, 619)	N	dif	vert	up	True	458181	459681	up	1	2	26
9	skd	f	19	1	diamond	green	(533, 540)	low	dis	(757, 540)	Y	same	hori	left	True	460811	461882	left	1	2	27
9	skd	f	19	1	diamond	green	(533, 540)	low	dis	(645, 428)	N	dif	hori	left	True	462992	464225	left	1	2	28
9	skd	f	19	1	diamond	red	(757, 540)	high	dis	(533, 540)	N	dif	hori	left	True	465429	467169	left	1	2	29
9	skd	f	19	1	diamond	green	(757, 540)	high	no	no_dis	N	same	hori	left	True	468213	469849	left	1	2	30
9	skd	f	19	1	circle	red	(565, 619)	low	dis	(724, 460)	N	same	hori	left	True	470936	472593	left	1	2	31
9	skd	f	19	1	circle	green	(757, 540)	high	no	no_dis	N	dif	hori	left	True	473730	474969	left	1	2	32
9	skd	f	19	1	diamond	red	(757, 540)	high	no	no_dis	N	same	hori	left	True	476023	477417	left	1	2	33
9	skd	f	19	1	diamond	green	(533, 540)	low	no	no_dis	N	same	vert	up	True	478565	480386	up	1	2	34
9	skd	f	19	1	circle	red	(724, 619)	low	dis	(533, 540)	N	same	hori	left	True	481389	482650	left	1	2	35
9	skd	f	19	1	circle	green	(757, 540)	high	dis	(724, 460)	N	dif	vert	up	True	483884	485210	up	1	2	36
9	skd	f	19	1	diamond	green	(533, 540)	low	no	no_dis	N	dif	vert	up	True	486446	487609	up	1	2	37
9	skd	f	19	1	circle	green	(565, 460)	low	no	no_dis	N	same	vert	up	True	488697	491361	up	1	2	38
9	skd	f	19	1	circle	red	(724, 619)	low	dis	(645, 652)	N	same	vert	up	True	492564	494201	up	1	2	39
9	skd	f	19	1	circle	red	(757, 540)	high	dis	(533, 540)	N	dif	vert	up	True	495293	496850	up	1	2	40
9	skd	f	19	1	circle	green	(724, 619)	low	no	no_dis	N	dif	hori	left	True	497967	499801	left	1	2	41
9	skd	f	19	1	circle	green	(565, 619)	low	dis	(757, 540)	Y	same	vert	up	True	501041	502377	up	1	2	42
9	skd	f	19	1	circle	red	(565, 619)	low	dis	(533, 540)	N	dif	hori	left	True	503543	504794	left	1	2	43
9	skd	f	19	1	diamond	green	(565, 619)	low	dis	(757, 540)	Y	dif	hori	left	True	505981	507673	up	0	2	44
9	skd	f	19	1	diamond	green	(565, 619)	low	no	no_dis	N	dif	vert	up	True	510402	512449	up	1	2	45
9	skd	f	19	1	diamond	green	(565, 619)	low	dis	(533, 540)	N	same	hori	left	True	513537	515161	left	1	2	46
9	skd	f	19	1	circle	green	(645, 652)	low	dis	(565, 460)	N	dif	hori	left	True	516195	517705	left	1	2	47
9	skd	f	19	1	circle	green	(757, 540)	high	dis	(724, 619)	N	same	hori	left	True	518940	520625	left	1	2	48
9	skd	f	19	1	diamond	red	(757, 540)	high	dis	(645, 428)	N	same	hori	left	True	521712	523465	left	1	2	49
9	skd	f	19	1	circle	red	(757, 540)	high	dis	(645, 652)	N	dif	hori	left	True	524566	525849	left	1	2	50
9	skd	f	19	1	diamond	green	(757, 540)	high	dis	(565, 460)	N	dif	hori	left	True	526887	528098	left	1	2	51
9	skd	f	19	1	diamond	green	(757, 540)	high	dis	(724, 460)	N	dif	vert	up	True	529267	530737	up	1	2	52
9	skd	f	19	1	diamond	green	(565, 460)	low	dis	(645, 428)	N	same	vert	up	True	531917	532937	up	1	2	53
9	skd	f	19	1	circle	green	(533, 540)	low	no	no_dis	N	same	vert	up	True	533968	535265	up	1	2	54
9	skd	f	19	1	circle	green	(645, 428)	low	dis	(565, 460)	N	dif	vert	up	True	536371	537682	up	1	2	55
9	skd	f	19	1	diamond	green	(724, 460)	low	no	no_dis	N	same	vert	up	True	538778	540273	left	0	2	56
9	skd	f	19	1	circle	green	(757, 540)	high	no	no_dis	N	dif	vert	up	True	542867	543865	up	1	2	57
9	skd	f	19	1	diamond	red	(724, 460)	low	dis	(565, 460)	N	same	hori	left	True	544901	547681	left	1	2	58
9	skd	f	19	1	circle	red	(757, 540)	high	dis	(565, 619)	N	same	vert	up	True	548858	549809	up	1	2	59
9	skd	f	19	1	diamond	green	(724, 460)	low	dis	(533, 540)	N	dif	vert	up	True	550880	552530	up	1	2	60
9	skd	f	19	1	diamond	red	(565, 619)	low	dis	(645, 652)	N	dif	hori	left	True	553720	555906	left	1	2	61
9	skd	f	19	1	circle	green	(565, 460)	low	dis	(645, 652)	N	same	vert	up	False	556966	None	None	0	2	62
9	skd	f	19	1	diamond	green	(565, 460)	low	dis	(724, 619)	N	dif	vert	up	True	562518	564017	up	1	2	63
9	skd	f	19	1	diamond	green	(724, 619)	low	dis	(565, 460)	N	same	hori	left	True	565173	566993	left	1	2	64
9	skd	f	19	1	diamond	green	(724, 619)	low	no	no_dis	N	dif	vert	up	True	568021	570362	up	1	2	65
9	skd	f	19	1	diamond	red	(565, 460)	low	no	no_dis	N	dif	vert	up	True	571464	572593	up	1	2	66
9	skd	f	19	1	diamond	green	(645, 652)	low	no	no_dis	N	same	hori	left	True	573599	574721	left	1	2	67
9	skd	f	19	1	diamond	green	(757, 540)	high	dis	(645, 428)	N	dif	hori	left	True	575926	577546	left	1	2	68
9	skd	f	19	1	circle	red	(724, 460)	low	no	no_dis	N	dif	hori	left	True	578689	580585	left	1	2	69
9	skd	f	19	1	diamond	red	(724, 619)	low	no	no_dis	N	dif	hori	left	True	581675	583473	left	1	2	70
9	skd	f	19	1	diamond	red	(645, 652)	low	dis	(565, 460)	N	dif	hori	left	True	584684	585897	left	1	2	71
9	skd	f	19	1	circle	red	(724, 460)	low	no	no_dis	N	dif	hori	left	True	587069	589033	left	1	2	72
9	skd	f	19	1	circle	red	(565, 619)	low	no	no_dis	N	dif	hori	left	True	590273	591362	left	1	2	73
9	skd	f	19	1	circle	green	(565, 619)	low	no	no_dis	N	dif	hori	left	True	592542	593601	left	1	2	74
9	skd	f	19	1	circle	red	(757, 540)	high	no	no_dis	N	same	vert	up	True	594665	597025	left	0	2	75
9	skd	f	19	1	diamond	red	(757, 540)	high	dis	(565, 619)	N	same	hori	left	True	599792	602257	left	1	2	76
9	skd	f	19	1	circle	red	(757, 540)	high	no	no_dis	N	same	vert	up	True	603401	605009	up	1	2	77
9	skd	f	19	1	diamond	red	(757, 540)	high	no	no_dis	N	dif	vert	up	True	606225	608089	up	1	2	78
9	skd	f	19	1	circle	green	(533, 540)	low	dis	(724, 460)	N	same	vert	up	True	609262	611177	up	1	2	79
9	skd	f	19	1	circle	red	(565, 460)	low	dis	(724, 619)	N	same	vert	up	True	612194	614489	up	1	2	80
9	skd	f	19	1	circle	red	(645, 428)	low	no	no_dis	N	dif	vert	up	True	615713	616985	up	1	2	81
9	skd	f	19	1	diamond	red	(533, 540)	low	dis	(645, 428)	N	dif	vert	up	True	618105	619946	up	1	2	82
9	skd	f	19	1	circle	green	(645, 428)	low	no	no_dis	N	same	vert	up	True	621039	622626	up	1	2	83
9	skd	f	19	1	diamond	green	(724, 619)	low	dis	(645, 652)	N	dif	hori	left	True	623718	625305	up	0	2	84
9	skd	f	19	1	circle	green	(757, 540)	high	dis	(724, 619)	N	same	hori	left	True	627890	629673	left	1	2	85
9	skd	f	19	1	circle	green	(565, 619)	low	dis	(724, 460)	N	dif	hori	left	True	630715	631953	left	1	2	86
9	skd	f	19	1	circle	red	(757, 540)	high	no	no_dis	N	dif	hori	left	True	633141	634193	left	1	2	87
9	skd	f	19	1	circle	green	(533, 540)	low	dis	(565, 619)	N	dif	hori	left	True	635303	637274	left	1	2	88
9	skd	f	19	1	diamond	red	(757, 540)	high	dis	(645, 652)	N	same	vert	up	True	638342	640385	up	1	2	89
9	skd	f	19	1	diamond	red	(645, 652)	low	dis	(724, 619)	N	same	vert	up	True	641565	644121	up	1	2	90
9	skd	f	19	1	circle	green	(724, 619)	low	dis	(724, 460)	N	same	hori	left	True	645297	646953	left	1	2	91
9	skd	f	19	1	diamond	red	(533, 540)	low	dis	(565, 619)	N	dif	hori	left	True	647979	649642	left	1	2	92
9	skd	f	19	1	circle	green	(757, 540)	high	dis	(533, 540)	N	dif	vert	up	True	650688	653033	up	1	2	93
9	skd	f	19	1	diamond	red	(645, 428)	low	dis	(757, 540)	Y	same	hori	left	True	654224	655993	left	1	2	94
9	skd	f	19	1	diamond	red	(645, 428)	low	no	no_dis	N	same	vert	up	True	657009	658370	up	1	2	95
9	skd	f	19	1	circle	green	(645, 428)	low	dis	(757, 540)	Y	same	vert	up	True	659444	661441	up	1	2	96
9	skd	f	19	1	circle	green	(645, 652)	low	no	no_dis	N	same	hori	left	True	662679	664233	left	1	2	97
9	skd	f	19	1	circle	red	(533, 540)	low	dis	(565, 619)	N	dif	vert	up	True	665237	667745	up	1	2	98
9	skd	f	19	1	circle	red	(757, 540)	high	dis	(724, 619)	N	dif	hori	left	True	668889	670313	left	1	2	99
9	skd	f	19	1	circle	green	(724, 619)	low	dis	(645, 428)	N	same	vert	up	True	671460	672945	up	1	2	100
9	skd	f	19	1	circle	red	(757, 540)	high	dis	(565, 460)	N	same	hori	left	True	674092	675217	left	1	2	101
9	skd	f	19	1	diamond	red	(724, 460)	low	dis	(565, 619)	N	dif	vert	up	True	676310	678185	up	1	2	102
9	skd	f	19	1	circle	red	(565, 460)	low	dis	(757, 540)	Y	dif	vert	up	True	679220	680449	up	1	2	103
9	skd	f	19	1	circle	green	(565, 619)	low	no	no_dis	N	dif	vert	up	True	681458	682482	up	1	2	104
9	skd	f	19	1	diamond	green	(757, 540)	high	no	no_dis	N	dif	hori	left	True	683632	684786	left	1	2	105
9	skd	f	19	1	diamond	red	(724, 460)	low	no	no_dis	N	same	hori	left	True	685876	687041	left	1	2	106
9	skd	f	19	1	diamond	red	(565, 460)	low	dis	(757, 540)	Y	same	hori	left	True	688248	689521	left	1	2	107
9	skd	f	19	1	diamond	green	(757, 540)	high	no	no_dis	N	dif	vert	up	True	690542	691353	up	1	2	108
9	skd	f	19	1	circle	green	(565, 460)	low	dis	(565, 619)	N	dif	vert	up	True	692409	693665	up	1	2	109
9	skd	f	19	1	circle	red	(533, 540)	low	dis	(565, 460)	N	dif	hori	left	True	694889	695825	left	1	2	110
9	skd	f	19	1	circle	green	(724, 460)	low	dis	(645, 652)	N	same	hori	left	True	696992	698081	left	1	2	111
9	skd	f	19	1	circle	green	(757, 540)	high	dis	(565, 460)	N	dif	hori	left	True	699191	700570	left	1	2	112
9	skd	f	19	1	diamond	green	(565, 460)	low	no	no_dis	N	same	hori	left	True	701611	702969	left	1	2	113
9	skd	f	19	1	circle	green	(724, 460)	low	dis	(533, 540)	N	dif	hori	left	True	704187	705242	left	1	2	114
9	skd	f	19	1	circle	red	(645, 652)	low	dis	(724, 460)	N	dif	vert	up	True	706280	707178	up	1	2	115
9	skd	f	19	1	circle	red	(724, 619)	low	no	no_dis	N	same	vert	up	True	708232	709377	up	1	2	116
9	skd	f	19	1	circle	red	(533, 540)	low	no	no_dis	N	dif	hori	left	True	710498	711905	left	1	2	117
9	skd	f	19	1	diamond	green	(757, 540)	high	dis	(533, 540)	N	same	vert	up	True	713017	715337	up	1	2	118
9	skd	f	19	1	diamond	green	(724, 460)	low	dis	(757, 540)	Y	same	vert	up	True	716556	718497	up	1	2	119
9	skd	f	19	1	circle	red	(645, 652)	low	dis	(757, 540)	Y	same	vert	up	True	719679	721673	up	1	2	120
9	skd	f	19	1	circle	green	(757, 540)	high	dis	(724, 460)	N	dif	hori	left	True	758799	760161	left	1	3	1
9	skd	f	19	1	circle	green	(533, 540)	low	dis	(565, 619)	N	same	vert	up	True	761402	762521	up	1	3	2
9	skd	f	19	1	circle	red	(565, 460)	low	dis	(565, 619)	N	same	vert	up	True	763752	765353	up	1	3	3
9	skd	f	19	1	diamond	green	(757, 540)	high	dis	(645, 652)	N	dif	hori	left	True	766478	767961	left	1	3	4
9	skd	f	19	1	circle	red	(724, 460)	low	no	no_dis	N	dif	hori	left	True	769208	770257	left	1	3	5
9	skd	f	19	1	diamond	green	(757, 540)	high	dis	(645, 428)	N	same	vert	up	True	771410	772906	up	1	3	6
9	skd	f	19	1	diamond	green	(757, 540)	high	dis	(565, 460)	N	same	vert	up	True	773920	774794	up	1	3	7
9	skd	f	19	1	circle	red	(645, 652)	low	dis	(645, 428)	N	same	vert	up	True	775950	777057	up	1	3	8
9	skd	f	19	1	diamond	red	(724, 460)	low	no	no_dis	N	same	hori	left	True	778226	779762	left	1	3	9
9	skd	f	19	1	diamond	green	(724, 619)	low	dis	(645, 652)	N	same	vert	up	True	780914	781985	up	1	3	10
9	skd	f	19	1	diamond	red	(645, 652)	low	dis	(565, 460)	N	dif	hori	left	True	783191	784569	left	1	3	11
9	skd	f	19	1	circle	red	(645, 428)	low	dis	(565, 619)	N	dif	vert	up	True	785714	787089	up	1	3	12
9	skd	f	19	1	diamond	green	(533, 540)	low	dis	(724, 460)	N	dif	vert	up	True	788330	790154	left	0	3	13
9	skd	f	19	1	diamond	red	(565, 460)	low	no	no_dis	N	dif	vert	up	True	792851	795265	up	1	3	14
9	skd	f	19	1	circle	green	(565, 619)	low	dis	(645, 652)	N	dif	hori	left	True	796425	797721	left	1	3	15
9	skd	f	19	1	circle	red	(757, 540)	high	dis	(533, 540)	N	dif	vert	up	True	798921	799985	up	1	3	16
9	skd	f	19	1	circle	green	(724, 460)	low	dis	(533, 540)	N	same	hori	left	True	801234	802825	left	1	3	17
9	skd	f	19	1	diamond	red	(757, 540)	high	dis	(565, 619)	N	dif	vert	up	True	803996	805321	up	1	3	18
9	skd	f	19	1	diamond	green	(757, 540)	high	dis	(724, 619)	N	same	vert	up	True	806558	808066	up	1	3	19
9	skd	f	19	1	circle	red	(645, 428)	low	no	no_dis	N	same	vert	up	True	809270	810513	up	1	3	20
9	skd	f	19	1	circle	green	(757, 540)	high	dis	(645, 652)	N	dif	hori	left	True	811544	812537	left	1	3	21
9	skd	f	19	1	diamond	red	(724, 619)	low	dis	(565, 460)	N	same	vert	up	True	813641	815945	up	1	3	22
9	skd	f	19	1	circle	green	(565, 460)	low	no	no_dis	N	same	hori	left	True	817187	818721	left	1	3	23
9	skd	f	19	1	circle	red	(533, 540)	low	dis	(645, 652)	N	dif	hori	left	True	819851	821233	left	1	3	24
9	skd	f	19	1	diamond	green	(724, 619)	low	dis	(645, 428)	N	dif	hori	left	True	822326	824202	left	1	3	25
9	skd	f	19	1	circle	red	(565, 460)	low	dis	(565, 619)	N	same	vert	up	True	825319	826793	up	1	3	26
9	skd	f	19	1	diamond	red	(645, 652)	low	dis	(757, 540)	Y	dif	vert	up	True	827872	829401	up	1	3	27
9	skd	f	19	1	circle	green	(533, 540)	low	no	no_dis	N	same	hori	left	True	830458	831601	left	1	3	28
9	skd	f	19	1	circle	red	(724, 460)	low	dis	(724, 619)	N	dif	hori	left	True	832609	834177	left	1	3	29
9	skd	f	19	1	circle	red	(757, 540)	high	no	no_dis	N	dif	hori	left	True	835208	836361	left	1	3	30
9	skd	f	19	1	diamond	red	(757, 540)	high	dis	(565, 460)	N	dif	vert	up	True	837400	838417	up	1	3	31
9	skd	f	19	1	circle	red	(757, 540)	high	dis	(533, 540)	N	dif	vert	up	True	839604	840641	up	1	3	32
9	skd	f	19	1	circle	red	(565, 619)	low	no	no_dis	N	dif	vert	up	True	841707	842809	up	1	3	33
9	skd	f	19	1	diamond	green	(645, 652)	low	dis	(533, 540)	N	same	hori	left	True	843961	845345	left	1	3	34
9	skd	f	19	1	diamond	green	(757, 540)	high	dis	(645, 428)	N	dif	hori	left	True	846454	847753	left	1	3	35
9	skd	f	19	1	circle	green	(757, 540)	high	dis	(724, 460)	N	dif	vert	up	True	848969	850329	up	1	3	36
9	skd	f	19	1	diamond	red	(645, 428)	low	dis	(724, 619)	N	same	vert	up	True	851564	852905	up	1	3	37
9	skd	f	19	1	circle	green	(757, 540)	high	dis	(565, 460)	N	dif	vert	up	True	853948	854954	up	1	3	38
9	skd	f	19	1	circle	red	(724, 619)	low	dis	(645, 652)	N	dif	vert	up	True	856008	857113	up	1	3	39
9	skd	f	19	1	diamond	green	(724, 460)	low	dis	(565, 619)	N	same	vert	up	True	858157	860185	up	1	3	40
9	skd	f	19	1	diamond	red	(757, 540)	high	no	no_dis	N	same	hori	left	True	861373	862641	left	1	3	41
9	skd	f	19	1	circle	green	(565, 619)	low	dis	(724, 619)	N	same	vert	up	True	863772	865561	up	1	3	42
9	skd	f	19	1	circle	green	(757, 540)	high	dis	(533, 540)	N	same	hori	left	True	866587	867489	left	1	3	43
9	skd	f	19	1	circle	green	(724, 619)	low	dis	(645, 428)	N	same	vert	up	True	868661	869441	up	1	3	44
9	skd	f	19	1	circle	red	(645, 428)	low	no	no_dis	N	dif	hori	left	True	870659	872385	left	1	3	45
9	skd	f	19	1	circle	green	(565, 460)	low	dis	(645, 428)	N	same	hori	left	True	873423	874425	left	1	3	46
9	skd	f	19	1	circle	green	(645, 428)	low	dis	(724, 460)	N	dif	hori	left	True	875510	876649	left	1	3	47
9	skd	f	19	1	diamond	green	(724, 460)	low	no	no_dis	N	same	vert	up	True	877805	879177	up	1	3	48
9	skd	f	19	1	diamond	green	(645, 428)	low	dis	(565, 460)	N	dif	hori	left	True	880310	882249	left	1	3	49
9	skd	f	19	1	circle	green	(724, 460)	low	dis	(533, 540)	N	same	hori	left	True	883346	884313	left	1	3	50
9	skd	f	19	1	diamond	green	(565, 619)	low	no	no_dis	N	dif	hori	left	True	885357	887417	up	0	3	51
9	skd	f	19	1	diamond	red	(565, 460)	low	dis	(565, 619)	N	dif	vert	up	True	890075	891818	up	1	3	52
9	skd	f	19	1	circle	red	(724, 619)	low	dis	(757, 540)	Y	dif	vert	up	True	892903	894553	up	1	3	53
9	skd	f	19	1	circle	red	(757, 540)	high	dis	(645, 428)	N	same	hori	left	True	895623	897801	left	1	3	54
9	skd	f	19	1	diamond	green	(565, 619)	low	dis	(533, 540)	N	same	vert	up	True	898930	900625	up	1	3	55
9	skd	f	19	1	diamond	red	(724, 460)	low	dis	(724, 619)	N	same	hori	left	True	901780	903785	left	1	3	56
9	skd	f	19	1	diamond	red	(533, 540)	low	dis	(724, 619)	N	dif	hori	left	True	904966	906849	left	1	3	57
9	skd	f	19	1	circle	green	(645, 428)	low	no	no_dis	N	dif	vert	up	True	907985	909129	up	1	3	58
9	skd	f	19	1	diamond	red	(757, 540)	high	dis	(565, 460)	N	same	vert	up	True	910204	911529	up	1	3	59
9	skd	f	19	1	diamond	red	(533, 540)	low	dis	(757, 540)	Y	dif	vert	up	True	912575	913713	up	1	3	60
9	skd	f	19	1	circle	red	(565, 619)	low	no	no_dis	N	dif	hori	left	True	914928	915937	left	1	3	61
9	skd	f	19	1	circle	green	(645, 428)	low	dis	(757, 540)	Y	same	hori	left	True	917164	918546	left	1	3	62
9	skd	f	19	1	circle	red	(757, 540)	high	dis	(565, 619)	N	dif	hori	left	True	919723	920545	left	1	3	63
9	skd	f	19	1	diamond	red	(533, 540)	low	no	no_dis	N	same	hori	left	True	921656	922737	left	1	3	64
9	skd	f	19	1	circle	green	(645, 652)	low	dis	(645, 428)	N	same	vert	up	True	923859	924762	up	1	3	65
9	skd	f	19	1	circle	red	(724, 460)	low	dis	(757, 540)	Y	dif	vert	up	True	925828	927209	up	1	3	66
9	skd	f	19	1	diamond	red	(724, 619)	low	dis	(565, 619)	N	dif	vert	up	True	928313	929865	up	1	3	67
9	skd	f	19	1	diamond	red	(757, 540)	high	no	no_dis	N	dif	hori	left	True	931060	932033	left	1	3	68
9	skd	f	19	1	circle	red	(645, 428)	low	no	no_dis	N	same	vert	up	True	933191	934097	up	1	3	69
9	skd	f	19	1	circle	green	(724, 619)	low	no	no_dis	N	same	hori	left	True	935282	936145	left	1	3	70
9	skd	f	19	1	circle	red	(645, 652)	low	dis	(565, 460)	N	same	hori	left	True	937273	938201	left	1	3	71
9	skd	f	19	1	circle	red	(645, 428)	low	dis	(724, 619)	N	same	hori	left	True	939377	940529	left	1	3	72
9	skd	f	19	1	diamond	green	(533, 540)	low	dis	(724, 460)	N	same	hori	left	True	941751	943266	left	1	3	73
9	skd	f	19	1	diamond	red	(757, 540)	high	dis	(724, 619)	N	same	hori	left	True	944506	945529	left	1	3	74
9	skd	f	19	1	circle	red	(757, 540)	high	dis	(724, 460)	N	same	vert	up	True	946727	947985	up	1	3	75
9	skd	f	19	1	diamond	green	(565, 619)	low	dis	(565, 460)	N	same	vert	up	True	948994	951105	up	1	3	76
9	skd	f	19	1	circle	green	(757, 540)	high	no	no_dis	N	same	vert	up	True	952189	954017	up	1	3	77
9	skd	f	19	1	diamond	red	(757, 540)	high	dis	(724, 619)	N	same	vert	up	True	955137	957209	up	1	3	78
9	skd	f	19	1	circle	green	(645, 652)	low	dis	(724, 619)	N	dif	hori	left	True	958241	959930	left	1	3	79
9	skd	f	19	1	circle	green	(565, 460)	low	dis	(645, 652)	N	dif	hori	left	True	961156	962746	left	1	3	80
9	skd	f	19	1	diamond	green	(565, 460)	low	dis	(757, 540)	Y	dif	vert	up	True	963883	965993	up	1	3	81
9	skd	f	19	1	circle	green	(757, 540)	high	no	no_dis	N	same	hori	left	True	967211	968089	left	1	3	82
9	skd	f	19	1	circle	red	(724, 619)	low	no	no_dis	N	same	vert	up	True	969148	970193	up	1	3	83
9	skd	f	19	1	diamond	green	(757, 540)	high	no	no_dis	N	same	hori	left	True	971273	972313	left	1	3	84
9	skd	f	19	1	diamond	red	(645, 428)	low	dis	(724, 460)	N	dif	hori	left	True	973423	975753	left	1	3	85
9	skd	f	19	1	circle	green	(757, 540)	high	dis	(565, 619)	N	same	hori	left	True	976878	977729	left	1	3	86
9	skd	f	19	1	circle	red	(757, 540)	high	no	no_dis	N	same	vert	up	True	978740	979441	up	1	3	87
9	skd	f	19	1	diamond	green	(724, 460)	low	no	no_dis	N	dif	vert	up	True	980670	981610	up	1	3	88
9	skd	f	19	1	diamond	red	(724, 460)	low	dis	(757, 540)	Y	dif	hori	left	True	982651	984969	left	1	3	89
9	skd	f	19	1	circle	green	(724, 619)	low	dis	(645, 428)	N	dif	hori	left	True	985975	987593	left	1	3	90
9	skd	f	19	1	circle	green	(533, 540)	low	dis	(724, 460)	N	same	hori	left	True	988738	989594	left	1	3	91
9	skd	f	19	1	diamond	green	(565, 460)	low	no	no_dis	N	dif	hori	left	True	990760	993249	left	1	3	92
9	skd	f	19	1	diamond	green	(645, 428)	low	dis	(565, 460)	N	dif	vert	up	True	994364	996105	up	1	3	93
9	skd	f	19	1	diamond	green	(757, 540)	high	no	no_dis	N	dif	vert	up	True	997170	998497	up	1	3	94
9	skd	f	19	1	circle	red	(533, 540)	low	dis	(645, 428)	N	dif	vert	up	False	999733	None	None	0	3	95
9	skd	f	19	1	diamond	red	(565, 460)	low	dis	(533, 540)	N	same	hori	left	True	1005457	1006817	up	0	3	96
9	skd	f	19	1	diamond	red	(565, 619)	low	dis	(724, 460)	N	same	hori	left	True	1009499	1010849	left	1	3	97
9	skd	f	19	1	diamond	green	(724, 619)	low	no	no_dis	N	dif	vert	up	True	1011867	1013194	up	1	3	98
9	skd	f	19	1	circle	red	(757, 540)	high	dis	(724, 460)	N	dif	hori	left	True	1014394	1015761	left	1	3	99
9	skd	f	19	1	diamond	green	(757, 540)	high	no	no_dis	N	dif	vert	up	True	1016832	1017777	up	1	3	100
9	skd	f	19	1	diamond	green	(724, 460)	low	dis	(645, 652)	N	same	hori	left	True	1018928	1021233	left	1	3	101
9	skd	f	19	1	diamond	red	(565, 619)	low	dis	(645, 652)	N	dif	vert	up	True	1022420	1024505	up	1	3	102
9	skd	f	19	1	diamond	green	(645, 652)	low	no	no_dis	N	dif	hori	left	True	1025659	1026745	left	1	3	103
9	skd	f	19	1	circle	green	(533, 540)	low	no	no_dis	N	same	vert	up	True	1027986	1029561	up	1	3	104
9	skd	f	19	1	diamond	green	(645, 652)	low	no	no_dis	N	same	vert	up	True	1030657	1032609	up	1	3	105
9	skd	f	19	1	diamond	red	(724, 619)	low	no	no_dis	N	same	hori	left	True	1033772	1034793	left	1	3	106
9	skd	f	19	1	diamond	green	(757, 540)	high	dis	(645, 652)	N	same	hori	left	True	1035850	1037025	left	1	3	107
9	skd	f	19	1	diamond	red	(565, 619)	low	no	no_dis	N	dif	hori	left	True	1038261	1039274	left	1	3	108
9	skd	f	19	1	diamond	green	(565, 460)	low	dis	(757, 540)	Y	same	hori	left	True	1040425	1041913	left	1	3	109
9	skd	f	19	1	diamond	red	(533, 540)	low	no	no_dis	N	same	vert	up	True	1043067	1044161	up	1	3	110
9	skd	f	19	1	diamond	red	(565, 460)	low	no	no_dis	N	dif	vert	up	True	1045175	1046217	up	1	3	111
9	skd	f	19	1	circle	green	(645, 652)	low	no	no_dis	N	same	hori	left	True	1047400	1048393	left	1	3	112
9	skd	f	19	1	circle	red	(565, 619)	low	dis	(533, 540)	N	same	vert	up	True	1049645	1051841	up	1	3	113
9	skd	f	19	1	circle	red	(565, 619)	low	dis	(757, 540)	Y	dif	hori	left	True	1053038	1054609	left	1	3	114
9	skd	f	19	1	circle	green	(757, 540)	high	no	no_dis	N	same	vert	up	True	1055702	1056721	up	1	3	115
9	skd	f	19	1	diamond	red	(757, 540)	high	dis	(533, 540)	N	same	hori	left	True	1057802	1059809	left	1	3	116
9	skd	f	19	1	diamond	green	(645, 652)	low	dis	(757, 540)	Y	dif	vert	up	True	1060967	1062497	up	1	3	117
9	skd	f	19	1	circle	red	(757, 540)	high	no	no_dis	N	dif	hori	left	True	1063580	1064809	left	1	3	118
9	skd	f	19	1	circle	green	(645, 652)	low	no	no_dis	N	dif	vert	up	True	1066047	1066873	up	1	3	119
9	skd	f	19	1	diamond	red	(757, 540)	high	no	no_dis	N	dif	vert	up	True	1068018	1069433	up	1	3	120
9	skd	f	19	1	circle	red	(645, 652)	low	dis	(724, 460)	N	dif	hori	left	True	1116525	1117833	left	1	4	1
9	skd	f	19	1	circle	red	(724, 619)	low	no	no_dis	N	dif	hori	left	True	1118975	1119841	left	1	4	2
9	skd	f	19	1	diamond	red	(645, 428)	low	no	no_dis	N	same	vert	up	True	1121064	1122569	up	1	4	3
9	skd	f	19	1	circle	red	(757, 540)	high	dis	(645, 428)	N	same	hori	left	True	1123695	1124489	left	1	4	4
9	skd	f	19	1	diamond	green	(724, 619)	low	dis	(565, 460)	N	dif	hori	left	True	1125737	1126865	left	1	4	5
9	skd	f	19	1	diamond	green	(757, 540)	high	dis	(533, 540)	N	same	vert	up	True	1127993	1130049	up	1	4	6
9	skd	f	19	1	circle	red	(565, 619)	low	no	no_dis	N	dif	vert	up	True	1131113	1132089	up	1	4	7
9	skd	f	19	1	circle	red	(724, 619)	low	dis	(533, 540)	N	dif	hori	left	True	1133172	1133953	left	1	4	8
9	skd	f	19	1	circle	red	(565, 619)	low	dis	(533, 540)	N	dif	hori	left	True	1135132	1136097	left	1	4	9
9	skd	f	19	1	diamond	red	(757, 540)	high	no	no_dis	N	dif	hori	left	True	1137269	1138521	left	1	4	10
9	skd	f	19	1	circle	red	(724, 460)	low	no	no_dis	N	same	hori	left	True	1139620	1140769	left	1	4	11
9	skd	f	19	1	diamond	red	(724, 460)	low	dis	(565, 619)	N	same	hori	left	True	1141806	1143881	left	1	4	12
9	skd	f	19	1	circle	green	(645, 428)	low	no	no_dis	N	dif	hori	left	True	1145016	1146297	left	1	4	13
9	skd	f	19	1	circle	green	(724, 460)	low	dis	(565, 619)	N	dif	hori	left	True	1147373	1148705	left	1	4	14
9	skd	f	19	1	diamond	green	(565, 460)	low	dis	(533, 540)	N	dif	hori	left	True	1149833	1151449	left	1	4	15
9	skd	f	19	1	circle	green	(645, 428)	low	dis	(724, 460)	N	dif	hori	left	True	1152509	1153913	left	1	4	16
9	skd	f	19	1	circle	green	(724, 619)	low	dis	(645, 652)	N	same	hori	left	True	1155098	1157017	left	1	4	17
9	skd	f	19	1	diamond	green	(565, 460)	low	dis	(533, 540)	N	same	vert	up	True	1158110	1159769	up	1	4	18
9	skd	f	19	1	diamond	red	(533, 540)	low	dis	(645, 652)	N	same	vert	up	True	1160792	1162105	up	1	4	19
9	skd	f	19	1	diamond	red	(724, 460)	low	no	no_dis	N	dif	hori	left	True	1163108	1164361	left	1	4	20
9	skd	f	19	1	circle	red	(757, 540)	high	no	no_dis	N	dif	hori	left	True	1165366	1166809	left	1	4	21
9	skd	f	19	1	diamond	green	(724, 460)	low	no	no_dis	N	dif	hori	left	True	1167920	1169441	left	1	4	22
9	skd	f	19	1	diamond	green	(757, 540)	high	dis	(533, 540)	N	same	hori	left	True	1170522	1171305	left	1	4	23
9	skd	f	19	1	circle	red	(565, 460)	low	dis	(565, 619)	N	dif	vert	up	True	1172392	1173353	up	1	4	24
9	skd	f	19	1	diamond	red	(645, 428)	low	dis	(565, 619)	N	dif	vert	up	True	1174372	1175153	up	1	4	25
9	skd	f	19	1	circle	green	(645, 428)	low	dis	(565, 460)	N	same	vert	up	True	1176243	1177121	up	1	4	26
9	skd	f	19	1	circle	red	(757, 540)	high	dis	(724, 619)	N	same	vert	up	True	1178138	1179665	up	1	4	27
9	skd	f	19	1	circle	red	(724, 460)	low	no	no_dis	N	same	hori	left	True	1180691	1181753	left	1	4	28
9	skd	f	19	1	circle	red	(757, 540)	high	dis	(565, 460)	N	dif	hori	left	True	1182959	1183809	left	1	4	29
9	skd	f	19	1	circle	green	(757, 540)	high	dis	(533, 540)	N	dif	vert	up	True	1185029	1185985	up	1	4	30
9	skd	f	19	1	circle	green	(645, 652)	low	dis	(724, 619)	N	dif	vert	up	True	1187140	1188257	up	1	4	31
9	skd	f	19	1	circle	green	(533, 540)	low	dis	(757, 540)	Y	same	hori	left	True	1189340	1190393	left	1	4	32
9	skd	f	19	1	circle	green	(724, 619)	low	no	no_dis	N	same	vert	up	True	1191590	1192337	up	1	4	33
9	skd	f	19	1	circle	red	(757, 540)	high	dis	(565, 460)	N	same	vert	up	True	1193360	1194521	up	1	4	34
9	skd	f	19	1	diamond	green	(645, 428)	low	dis	(565, 460)	N	same	vert	up	True	1195587	1197058	up	1	4	35
9	skd	f	19	1	circle	green	(533, 540)	low	no	no_dis	N	same	hori	left	True	1198176	1199633	left	1	4	36
9	skd	f	19	1	circle	red	(724, 460)	low	dis	(757, 540)	Y	same	hori	left	True	1200698	1201585	left	1	4	37
9	skd	f	19	1	diamond	green	(724, 460)	low	dis	(565, 460)	N	same	vert	up	True	1202798	1204241	up	1	4	38
9	skd	f	19	1	circle	red	(757, 540)	high	no	no_dis	N	dif	vert	up	True	1205466	1206257	up	1	4	39
9	skd	f	19	1	diamond	red	(757, 540)	high	dis	(565, 619)	N	dif	vert	up	True	1207448	1208673	up	1	4	40
9	skd	f	19	1	circle	red	(565, 460)	low	dis	(645, 428)	N	same	hori	left	True	1209709	1210945	left	1	4	41
9	skd	f	19	1	circle	green	(565, 619)	low	dis	(533, 540)	N	dif	hori	left	True	1212027	1213073	left	1	4	42
9	skd	f	19	1	diamond	green	(757, 540)	high	dis	(645, 428)	N	same	hori	left	True	1214112	1215737	left	1	4	43
9	skd	f	19	1	diamond	red	(757, 540)	high	dis	(724, 460)	N	same	hori	left	True	1216975	1219377	left	1	4	44
9	skd	f	19	1	diamond	green	(757, 540)	high	no	no_dis	N	same	hori	left	True	1220605	1222033	left	1	4	45
9	skd	f	19	1	diamond	red	(757, 540)	high	no	no_dis	N	dif	vert	up	True	1223150	1223865	up	1	4	46
9	skd	f	19	1	circle	green	(724, 619)	low	dis	(724, 460)	N	dif	hori	left	True	1224895	1226209	left	1	4	47
9	skd	f	19	1	circle	green	(757, 540)	high	no	no_dis	N	same	vert	up	True	1227270	1228113	up	1	4	48
9	skd	f	19	1	circle	red	(565, 619)	low	dis	(757, 540)	Y	dif	hori	left	True	1229356	1230457	left	1	4	49
9	skd	f	19	1	diamond	red	(645, 652)	low	dis	(565, 460)	N	dif	vert	up	True	1231670	1232857	up	1	4	50
9	skd	f	19	1	diamond	green	(757, 540)	high	dis	(645, 652)	N	dif	vert	up	True	1233931	1235265	up	1	4	51
9	skd	f	19	1	diamond	red	(757, 540)	high	dis	(645, 652)	N	dif	hori	left	True	1236332	1237953	up	0	4	52
9	skd	f	19	1	diamond	red	(565, 460)	low	dis	(645, 428)	N	same	hori	left	True	1240634	1242097	left	1	4	53
9	skd	f	19	1	circle	red	(757, 540)	high	no	no_dis	N	same	vert	up	True	1243268	1244137	up	1	4	54
9	skd	f	19	1	circle	red	(533, 540)	low	dis	(565, 619)	N	dif	vert	up	True	1245170	1246585	up	1	4	55
9	skd	f	19	1	circle	red	(645, 652)	low	dis	(724, 619)	N	same	hori	left	True	1247764	1249001	left	1	4	56
9	skd	f	19	1	circle	green	(757, 540)	high	dis	(724, 460)	N	dif	vert	up	True	1250208	1251065	up	1	4	57
9	skd	f	19	1	diamond	red	(565, 619)	low	dis	(724, 619)	N	same	hori	left	True	1252152	1254249	left	1	4	58
9	skd	f	19	1	diamond	red	(724, 619)	low	no	no_dis	N	same	vert	up	True	1255497	1256793	up	1	4	59
9	skd	f	19	1	circle	green	(565, 460)	low	dis	(533, 540)	N	same	hori	left	True	1258017	1259385	left	1	4	60
9	skd	f	19	1	diamond	green	(645, 652)	low	dis	(645, 428)	N	same	hori	left	True	1260474	1261585	left	1	4	61
9	skd	f	19	1	diamond	green	(645, 428)	low	no	no_dis	N	same	hori	left	True	1262756	1264961	up	0	4	62
9	skd	f	19	1	circle	red	(757, 540)	high	dis	(724, 619)	N	dif	hori	left	True	1267613	1268761	left	1	4	63
9	skd	f	19	1	diamond	green	(533, 540)	low	no	no_dis	N	same	hori	left	True	1269788	1271169	left	1	4	64
9	skd	f	19	1	diamond	red	(724, 460)	low	dis	(757, 540)	Y	same	hori	left	True	1272184	1274769	left	1	4	65
9	skd	f	19	1	diamond	green	(757, 540)	high	dis	(724, 619)	N	same	vert	up	True	1275986	1277281	up	1	4	66
9	skd	f	19	1	diamond	green	(565, 619)	low	dis	(757, 540)	Y	dif	vert	up	True	1278497	1279585	up	1	4	67
9	skd	f	19	1	circle	red	(724, 619)	low	dis	(565, 460)	N	dif	vert	up	True	1280767	1281529	up	1	4	68
9	skd	f	19	1	diamond	red	(645, 428)	low	dis	(757, 540)	Y	same	hori	left	True	1282721	1284289	left	1	4	69
9	skd	f	19	1	circle	green	(565, 619)	low	no	no_dis	N	same	vert	up	True	1285308	1286265	up	1	4	70
9	skd	f	19	1	diamond	green	(645, 428)	low	dis	(565, 619)	N	dif	hori	left	True	1287497	1288945	left	1	4	71
9	skd	f	19	1	circle	red	(533, 540)	low	dis	(724, 619)	N	same	vert	up	True	1289983	1291097	up	1	4	72
9	skd	f	19	1	circle	green	(757, 540)	high	dis	(724, 619)	N	dif	hori	left	True	1292259	1293937	left	1	4	73
9	skd	f	19	1	circle	green	(533, 540)	low	dis	(645, 428)	N	dif	vert	up	True	1295087	1296281	up	1	4	74
9	skd	f	19	1	circle	green	(565, 619)	low	dis	(645, 652)	N	same	vert	up	True	1297348	1298553	up	1	4	75
9	skd	f	19	1	diamond	red	(724, 619)	low	dis	(645, 428)	N	same	vert	up	True	1299652	1301553	up	1	4	76
9	skd	f	19	1	diamond	red	(757, 540)	high	dis	(565, 460)	N	same	hori	left	True	1302631	1304305	left	1	4	77
9	skd	f	19	1	diamond	red	(757, 540)	high	dis	(645, 652)	N	dif	vert	up	True	1305481	1306465	up	1	4	78
9	skd	f	19	1	circle	green	(565, 460)	low	dis	(757, 540)	Y	dif	vert	up	True	1307656	1309241	up	1	4	79
9	skd	f	19	1	diamond	green	(533, 540)	low	dis	(645, 428)	N	dif	hori	left	True	1310425	1312473	left	1	4	80
9	skd	f	19	1	diamond	green	(533, 540)	low	dis	(724, 460)	N	dif	hori	left	True	1313610	1314889	left	1	4	81
9	skd	f	19	1	circle	red	(565, 460)	low	no	no_dis	N	dif	vert	up	True	1316061	1317105	up	1	4	82
9	skd	f	19	1	diamond	green	(757, 540)	high	dis	(645, 428)	N	same	vert	up	True	1318231	1319145	up	1	4	83
9	skd	f	19	1	diamond	green	(565, 619)	low	dis	(757, 540)	Y	dif	hori	left	True	1320275	1322625	left	1	4	84
9	skd	f	19	1	circle	red	(757, 540)	high	dis	(645, 652)	N	same	vert	up	True	1323840	1324641	up	1	4	85
9	skd	f	19	1	diamond	red	(645, 652)	low	no	no_dis	N	dif	vert	up	True	1325827	1328465	up	1	4	86
9	skd	f	19	1	diamond	red	(757, 540)	high	dis	(724, 460)	N	dif	hori	left	True	1329707	1330889	up	0	4	87
9	skd	f	19	1	diamond	red	(565, 460)	low	no	no_dis	N	same	vert	up	True	1333612	1335537	up	1	4	88
9	skd	f	19	1	circle	green	(645, 428)	low	no	no_dis	N	same	hori	left	True	1336686	1337737	left	1	4	89
9	skd	f	19	1	diamond	red	(533, 540)	low	dis	(645, 652)	N	dif	vert	up	True	1338795	1340553	up	1	4	90
9	skd	f	19	1	diamond	red	(645, 652)	low	dis	(565, 460)	N	dif	vert	up	True	1341706	1342993	up	1	4	91
9	skd	f	19	1	diamond	green	(645, 652)	low	dis	(724, 619)	N	same	vert	up	True	1344086	1345569	up	1	4	92
9	skd	f	19	1	diamond	red	(757, 540)	high	no	no_dis	N	dif	vert	up	True	1346614	1347505	up	1	4	93
9	skd	f	19	1	circle	green	(645, 652)	low	no	no_dis	N	same	vert	up	True	1348539	1350065	up	1	4	94
9	skd	f	19	1	diamond	green	(645, 652)	low	no	no_dis	N	dif	vert	up	True	1351248	1354089	up	1	4	95
9	skd	f	19	1	circle	red	(565, 619)	low	no	no_dis	N	dif	hori	left	True	1355091	1355857	left	1	4	96
9	skd	f	19	1	diamond	green	(724, 619)	low	dis	(724, 460)	N	same	hori	left	True	1357097	1358929	left	1	4	97
9	skd	f	19	1	circle	red	(533, 540)	low	no	no_dis	N	same	hori	left	True	1360176	1361329	left	1	4	98
9	skd	f	19	1	circle	green	(757, 540)	high	dis	(565, 619)	N	dif	vert	up	True	1362486	1363305	up	1	4	99
9	skd	f	19	1	diamond	green	(757, 540)	high	no	no_dis	N	same	hori	left	True	1364339	1365721	left	1	4	100
9	skd	f	19	1	circle	green	(565, 460)	low	no	no_dis	N	dif	vert	up	True	1366910	1367793	up	1	4	101
9	skd	f	19	1	circle	red	(645, 428)	low	dis	(533, 540)	N	same	hori	left	True	1368860	1369897	up	0	4	102
9	skd	f	19	1	diamond	green	(757, 540)	high	no	no_dis	N	dif	hori	left	True	1372571	1373345	left	1	4	103
9	skd	f	19	1	diamond	green	(645, 652)	low	no	no_dis	N	dif	vert	up	True	1374515	1375609	up	1	4	104
9	skd	f	19	1	circle	green	(757, 540)	high	no	no_dis	N	same	vert	up	True	1376736	1377817	up	1	4	105
9	skd	f	19	1	circle	red	(645, 428)	low	dis	(724, 460)	N	dif	vert	up	True	1379039	1380041	up	1	4	106
9	skd	f	19	1	diamond	green	(565, 460)	low	no	no_dis	N	dif	hori	left	True	1381168	1382538	left	1	4	107
9	skd	f	19	1	diamond	red	(565, 460)	low	dis	(724, 460)	N	same	vert	up	True	1383582	1385209	up	1	4	108
9	skd	f	19	1	diamond	green	(724, 460)	low	dis	(724, 619)	N	dif	vert	up	True	1386388	1388681	left	0	4	109
9	skd	f	19	1	circle	green	(645, 652)	low	dis	(645, 428)	N	same	vert	up	True	1391220	1392513	up	1	4	110
9	skd	f	19	1	diamond	red	(724, 619)	low	dis	(645, 652)	N	same	vert	up	True	1393669	1395889	up	1	4	111
9	skd	f	19	1	circle	green	(757, 540)	high	no	no_dis	N	same	hori	left	True	1397135	1397913	left	1	4	112
9	skd	f	19	1	diamond	red	(724, 619)	low	no	no_dis	N	dif	hori	left	True	1399029	1400377	left	1	4	113
9	skd	f	19	1	circle	green	(757, 540)	high	dis	(565, 619)	N	dif	hori	left	True	1401440	1402353	left	1	4	114
9	skd	f	19	1	diamond	red	(565, 619)	low	dis	(757, 540)	Y	dif	vert	up	True	1403502	1405561	up	1	4	115
9	skd	f	19	1	circle	red	(724, 460)	low	dis	(757, 540)	Y	same	vert	up	True	1406775	1408265	up	1	4	116
9	skd	f	19	1	diamond	red	(565, 619)	low	no	no_dis	N	dif	vert	up	True	1409382	1410977	up	1	4	117
9	skd	f	19	1	circle	green	(724, 460)	low	dis	(645, 652)	N	same	vert	up	True	1412125	1414761	up	1	4	118
9	skd	f	19	1	diamond	green	(533, 540)	low	no	no_dis	N	same	vert	up	True	1415770	1417689	left	0	4	119
9	skd	f	19	1	circle	green	(757, 540)	high	dis	(565, 619)	N	same	hori	left	True	1420258	1421337	left	1	4	120
9	skd	f	19	1	circle	green	(724, 619)	low	dis	(645, 652)	N	dif	vert	up	True	1469521	1471001	up	1	5	1
9	skd	f	19	1	diamond	green	(757, 540)	high	no	no_dis	N	same	hori	left	True	1472231	1473001	left	1	5	2
9	skd	f	19	1	circle	red	(724, 460)	low	dis	(724, 619)	N	same	hori	left	True	1474077	1474953	left	1	5	3
9	skd	f	19	1	diamond	green	(565, 460)	low	dis	(645, 428)	N	dif	vert	up	True	1476057	1477609	up	1	5	4
9	skd	f	19	1	circle	red	(757, 540)	high	no	no_dis	N	dif	vert	up	True	1478704	1479577	up	1	5	5
9	skd	f	19	1	diamond	green	(757, 540)	high	dis	(533, 540)	N	dif	vert	up	True	1480656	1481609	up	1	5	6
9	skd	f	19	1	diamond	red	(724, 619)	low	dis	(533, 540)	N	same	vert	up	True	1482622	1483817	up	1	5	7
9	skd	f	19	1	diamond	red	(757, 540)	high	dis	(645, 428)	N	dif	vert	up	True	1484937	1485889	up	1	5	8
9	skd	f	19	1	circle	green	(533, 540)	low	dis	(724, 460)	N	dif	vert	up	True	1487115	1489209	left	0	5	9
9	skd	f	19	1	diamond	red	(565, 619)	low	dis	(724, 460)	N	same	hori	left	True	1491951	1493265	left	1	5	10
9	skd	f	19	1	circle	red	(757, 540)	high	dis	(645, 428)	N	dif	vert	up	True	1494436	1495233	up	1	5	11
9	skd	f	19	1	circle	green	(645, 428)	low	dis	(757, 540)	Y	dif	vert	up	True	1496442	1498257	up	1	5	12
9	skd	f	19	1	circle	red	(757, 540)	high	dis	(645, 652)	N	dif	hori	left	True	1499407	1500449	left	1	5	13
9	skd	f	19	1	circle	red	(565, 619)	low	dis	(645, 428)	N	same	hori	left	True	1501638	1502577	left	1	5	14
9	skd	f	19	1	diamond	green	(565, 460)	low	no	no_dis	N	same	hori	left	True	1503784	1505409	left	1	5	15
9	skd	f	19	1	diamond	green	(724, 460)	low	dis	(565, 619)	N	dif	hori	left	True	1506448	1507753	left	1	5	16
9	skd	f	19	1	circle	green	(645, 428)	low	dis	(757, 540)	Y	same	vert	up	True	1508885	1509737	up	1	5	17
9	skd	f	19	1	diamond	red	(757, 540)	high	no	no_dis	N	same	vert	up	True	1510930	1512041	up	1	5	18
9	skd	f	19	1	circle	red	(724, 460)	low	no	no_dis	N	same	hori	left	True	1513096	1514041	left	1	5	19
9	skd	f	19	1	circle	red	(645, 652)	low	dis	(757, 540)	Y	dif	hori	left	True	1515243	1517449	left	1	5	20
9	skd	f	19	1	diamond	green	(724, 619)	low	dis	(724, 460)	N	dif	hori	left	True	1518465	1520065	left	1	5	21
9	skd	f	19	1	circle	red	(565, 460)	low	no	no_dis	N	same	hori	left	True	1521067	1522249	left	1	5	22
9	skd	f	19	1	diamond	green	(724, 619)	low	dis	(565, 619)	N	dif	vert	up	True	1523377	1526033	up	1	5	23
9	skd	f	19	1	circle	red	(757, 540)	high	dis	(533, 540)	N	same	vert	up	True	1527142	1528089	up	1	5	24
9	skd	f	19	1	diamond	red	(645, 428)	low	dis	(724, 619)	N	dif	vert	up	True	1529107	1530561	up	1	5	25
9	skd	f	19	1	circle	red	(724, 619)	low	dis	(533, 540)	N	dif	hori	left	True	1531785	1533121	left	1	5	26
9	skd	f	19	1	diamond	green	(724, 460)	low	dis	(533, 540)	N	same	hori	left	True	1534161	1535321	left	1	5	27
9	skd	f	19	1	diamond	green	(533, 540)	low	dis	(757, 540)	Y	same	vert	up	True	1536413	1537457	up	1	5	28
9	skd	f	19	1	circle	red	(645, 428)	low	dis	(757, 540)	Y	same	hori	left	True	1538501	1540081	left	1	5	29
9	skd	f	19	1	circle	red	(533, 540)	low	no	no_dis	N	same	hori	left	True	1541197	1542673	left	1	5	30
9	skd	f	19	1	diamond	green	(757, 540)	high	dis	(724, 460)	N	same	hori	left	True	1543921	1545737	left	1	5	31
9	skd	f	19	1	diamond	red	(724, 460)	low	dis	(757, 540)	Y	same	vert	up	True	1546908	1548129	up	1	5	32
9	skd	f	19	1	diamond	red	(565, 619)	low	no	no_dis	N	dif	vert	up	True	1549142	1550473	up	1	5	33
9	skd	f	19	1	circle	red	(645, 652)	low	dis	(724, 619)	N	same	hori	left	True	1551633	1553041	left	1	5	34
9	skd	f	19	1	diamond	red	(645, 652)	low	no	no_dis	N	same	hori	left	True	1554241	1557017	up	0	5	35
9	skd	f	19	1	diamond	green	(645, 428)	low	dis	(645, 652)	N	dif	vert	up	True	1559674	1561121	up	1	5	36
9	skd	f	19	1	diamond	red	(757, 540)	high	dis	(645, 428)	N	same	vert	up	True	1562162	1563185	up	1	5	37
9	skd	f	19	1	circle	green	(757, 540)	high	dis	(565, 619)	N	same	hori	left	True	1564214	1565545	left	1	5	38
9	skd	f	19	1	diamond	green	(565, 619)	low	dis	(533, 540)	N	same	vert	up	True	1566663	1568425	up	1	5	39
9	skd	f	19	1	diamond	green	(533, 540)	low	dis	(645, 428)	N	dif	vert	up	True	1569529	1571625	up	1	5	40
9	skd	f	19	1	diamond	green	(724, 619)	low	no	no_dis	N	dif	hori	left	True	1572709	1573856	left	1	5	41
9	skd	f	19	1	circle	green	(724, 619)	low	no	no_dis	N	dif	hori	left	True	1574926	1575657	left	1	5	42
9	skd	f	19	1	diamond	green	(645, 428)	low	dis	(565, 460)	N	dif	vert	up	True	1576888	1578537	up	1	5	43
9	skd	f	19	1	circle	red	(757, 540)	high	no	no_dis	N	dif	hori	left	True	1579696	1580624	left	1	5	44
9	skd	f	19	1	circle	red	(565, 619)	low	dis	(565, 460)	N	dif	vert	up	True	1581853	1582849	up	1	5	45
9	skd	f	19	1	circle	green	(645, 652)	low	dis	(533, 540)	N	same	vert	up	True	1584021	1585553	up	1	5	46
9	skd	f	19	1	circle	red	(533, 540)	low	dis	(724, 619)	N	same	vert	up	True	1586669	1587697	up	1	5	47
9	skd	f	19	1	circle	green	(757, 540)	high	no	no_dis	N	dif	hori	left	True	1588813	1589641	left	1	5	48
9	skd	f	19	1	diamond	green	(757, 540)	high	dis	(565, 460)	N	dif	hori	left	True	1590802	1591673	left	1	5	49
9	skd	f	19	1	diamond	red	(565, 619)	low	no	no_dis	N	dif	vert	up	True	1592838	1593953	up	1	5	50
9	skd	f	19	1	circle	red	(645, 652)	low	no	no_dis	N	same	vert	up	True	1595191	1596185	up	1	5	51
9	skd	f	19	1	circle	green	(565, 619)	low	dis	(565, 460)	N	same	vert	up	True	1597231	1598505	up	1	5	52
9	skd	f	19	1	diamond	green	(645, 652)	low	dis	(565, 619)	N	dif	vert	up	True	1599680	1601137	up	1	5	53
9	skd	f	19	1	diamond	red	(565, 460)	low	dis	(757, 540)	Y	dif	hori	left	True	1602330	1603625	left	1	5	54
9	skd	f	19	1	circle	red	(757, 540)	high	dis	(645, 652)	N	dif	hori	left	True	1604772	1605657	left	1	5	55
9	skd	f	19	1	circle	green	(565, 460)	low	dis	(565, 619)	N	same	hori	left	True	1606787	1607889	left	1	5	56
9	skd	f	19	1	circle	green	(724, 460)	low	no	no_dis	N	dif	hori	left	True	1609116	1609913	left	1	5	57
9	skd	f	19	1	diamond	red	(757, 540)	high	dis	(565, 460)	N	dif	hori	left	True	1611071	1612065	left	1	5	58
9	skd	f	19	1	diamond	red	(757, 540)	high	no	no_dis	N	dif	vert	up	True	1613312	1614129	up	1	5	59
9	skd	f	19	1	circle	red	(565, 460)	low	dis	(724, 460)	N	same	hori	left	True	1615156	1616633	left	1	5	60
9	skd	f	19	1	circle	green	(757, 540)	high	dis	(724, 460)	N	same	hori	left	True	1617872	1618625	left	1	5	61
9	skd	f	19	1	circle	green	(724, 619)	low	dis	(533, 540)	N	dif	hori	left	True	1619803	1620801	left	1	5	62
9	skd	f	19	1	diamond	red	(565, 460)	low	dis	(565, 619)	N	same	vert	up	True	1621976	1623825	up	1	5	63
9	skd	f	19	1	circle	green	(757, 540)	high	dis	(724, 619)	N	dif	vert	up	False	1625075	None	None	0	5	64
9	skd	f	19	1	diamond	green	(565, 460)	low	no	no_dis	N	same	hori	left	True	1630698	1631977	left	1	5	65
9	skd	f	19	1	circle	green	(724, 460)	low	no	no_dis	N	same	vert	up	True	1633061	1634169	up	1	5	66
9	skd	f	19	1	diamond	red	(533, 540)	low	dis	(645, 428)	N	same	vert	up	True	1635262	1637265	up	1	5	67
9	skd	f	19	1	diamond	red	(645, 428)	low	dis	(724, 460)	N	dif	vert	up	True	1638479	1640873	up	1	5	68
9	skd	f	19	1	circle	red	(645, 428)	low	dis	(565, 619)	N	dif	hori	left	True	1641887	1643321	left	1	5	69
9	skd	f	19	1	diamond	red	(757, 540)	high	no	no_dis	N	same	hori	left	True	1644491	1645545	left	1	5	70
9	skd	f	19	1	circle	red	(757, 540)	high	no	no_dis	N	same	vert	up	True	1646729	1648577	up	1	5	71
9	skd	f	19	1	circle	green	(757, 540)	high	dis	(533, 540)	N	same	vert	up	True	1649721	1650584	up	1	5	72
9	skd	f	19	1	diamond	red	(565, 619)	low	dis	(724, 619)	N	same	vert	up	True	1651778	1653953	up	1	5	73
9	skd	f	19	1	circle	green	(724, 460)	low	dis	(565, 460)	N	same	hori	left	True	1655017	1656705	left	1	5	74
9	skd	f	19	1	diamond	red	(533, 540)	low	dis	(757, 540)	Y	dif	hori	left	True	1657825	1659401	left	1	5	75
9	skd	f	19	1	circle	green	(757, 540)	high	dis	(724, 619)	N	dif	hori	left	True	1660536	1661425	left	1	5	76
9	skd	f	19	1	diamond	green	(724, 619)	low	no	no_dis	N	same	vert	up	True	1662597	1664561	up	1	5	77
9	skd	f	19	1	diamond	red	(724, 460)	low	dis	(645, 428)	N	same	hori	left	True	1665611	1667457	left	1	5	78
9	skd	f	19	1	diamond	green	(565, 460)	low	dis	(565, 619)	N	same	vert	up	True	1668658	1670569	up	1	5	79
9	skd	f	19	1	diamond	green	(757, 540)	high	no	no_dis	N	dif	hori	left	True	1671622	1672905	left	1	5	80
9	skd	f	19	1	circle	red	(724, 460)	low	dis	(565, 460)	N	same	hori	left	True	1673922	1675569	left	1	5	81
9	skd	f	19	1	circle	green	(565, 619)	low	no	no_dis	N	dif	hori	left	True	1676716	1677769	left	1	5	82
9	skd	f	19	1	diamond	green	(645, 428)	low	no	no_dis	N	same	vert	up	True	1678835	1680273	up	1	5	83
9	skd	f	19	1	circle	green	(533, 540)	low	dis	(565, 460)	N	same	vert	up	True	1681482	1682761	up	1	5	84
9	skd	f	19	1	diamond	green	(757, 540)	high	dis	(724, 460)	N	same	vert	up	True	1683815	1685088	left	0	5	85
9	skd	f	19	1	diamond	red	(645, 428)	low	no	no_dis	N	dif	vert	up	True	1687700	1689937	up	1	5	86
9	skd	f	19	1	circle	green	(757, 540)	high	no	no_dis	N	dif	vert	up	True	1691173	1692081	up	1	5	87
9	skd	f	19	1	circle	red	(565, 460)	low	no	no_dis	N	dif	vert	up	True	1693242	1694273	up	1	5	88
9	skd	f	19	1	diamond	green	(565, 619)	low	dis	(533, 540)	N	dif	hori	left	True	1695368	1697921	left	1	5	89
9	skd	f	19	1	circle	red	(757, 540)	high	dis	(565, 460)	N	same	vert	up	True	1699088	1700953	up	1	5	90
9	skd	f	19	1	circle	red	(724, 619)	low	dis	(645, 428)	N	dif	hori	left	True	1701967	1702849	left	1	5	91
9	skd	f	19	1	diamond	red	(757, 540)	high	dis	(724, 619)	N	same	hori	left	True	1704084	1705649	left	1	5	92
9	skd	f	19	1	diamond	red	(565, 619)	low	no	no_dis	N	dif	hori	left	True	1706731	1708265	left	1	5	93
9	skd	f	19	1	circle	green	(565, 460)	low	dis	(645, 652)	N	same	hori	left	True	1709414	1710905	left	1	5	94
9	skd	f	19	1	circle	red	(645, 428)	low	no	no_dis	N	dif	hori	left	True	1711997	1712881	left	1	5	95
9	skd	f	19	1	diamond	red	(757, 540)	high	dis	(645, 652)	N	same	hori	left	True	1713945	1715489	left	1	5	96
9	skd	f	19	1	diamond	green	(645, 652)	low	no	no_dis	N	dif	vert	up	True	1716516	1717664	up	1	5	97
9	skd	f	19	1	diamond	green	(757, 540)	high	dis	(565, 619)	N	same	vert	up	True	1718912	1719841	up	1	5	98
9	skd	f	19	1	diamond	red	(724, 460)	low	no	no_dis	N	dif	vert	up	True	1720848	1721617	up	1	5	99
9	skd	f	19	1	diamond	green	(645, 652)	low	dis	(565, 460)	N	dif	hori	left	True	1722831	1723905	left	1	5	100
9	skd	f	19	1	diamond	red	(724, 619)	low	dis	(724, 460)	N	dif	vert	up	True	1724951	1726065	up	1	5	101
9	skd	f	19	1	circle	green	(565, 619)	low	dis	(645, 428)	N	same	hori	left	True	1727195	1728481	left	1	5	102
9	skd	f	19	1	circle	green	(645, 652)	low	no	no_dis	N	dif	vert	up	True	1729695	1731457	up	1	5	103
9	skd	f	19	1	circle	red	(533, 540)	low	no	no_dis	N	same	hori	left	True	1732480	1733705	left	1	5	104
9	skd	f	19	1	circle	green	(724, 619)	low	no	no_dis	N	same	vert	up	True	1734928	1735713	up	1	5	105
9	skd	f	19	1	diamond	red	(757, 540)	high	dis	(565, 619)	N	dif	vert	up	True	1736960	1737841	up	1	5	106
9	skd	f	19	1	diamond	red	(645, 652)	low	dis	(724, 619)	N	dif	vert	up	True	1738998	1739801	left	0	5	107
9	skd	f	19	1	diamond	red	(533, 540)	low	no	no_dis	N	same	vert	up	True	1742515	1744057	up	1	5	108
9	skd	f	19	1	circle	green	(645, 652)	low	dis	(757, 540)	Y	dif	hori	left	True	1745129	1746273	left	1	5	109
9	skd	f	19	1	circle	green	(724, 460)	low	dis	(645, 652)	N	dif	hori	left	True	1747485	1748761	left	1	5	110
9	skd	f	19	1	circle	red	(565, 460)	low	dis	(645, 652)	N	same	hori	left	True	1750007	1751305	left	1	5	111
9	skd	f	19	1	circle	green	(533, 540)	low	no	no_dis	N	same	vert	up	True	1752517	1753489	up	1	5	112
9	skd	f	19	1	diamond	green	(757, 540)	high	no	no_dis	N	same	vert	up	True	1754732	1756265	up	1	5	113
9	skd	f	19	1	circle	red	(757, 540)	high	dis	(645, 652)	N	dif	hori	left	True	1757508	1758369	left	1	5	114
9	skd	f	19	1	circle	green	(757, 540)	high	dis	(724, 460)	N	dif	vert	up	True	1759407	1760409	up	1	5	115
9	skd	f	19	1	diamond	green	(757, 540)	high	dis	(724, 619)	N	same	hori	left	True	1761430	1763737	left	1	5	116
9	skd	f	19	1	circle	green	(757, 540)	high	no	no_dis	N	same	hori	left	True	1764976	1765841	left	1	5	117
9	skd	f	19	1	diamond	green	(645, 428)	low	no	no_dis	N	dif	hori	left	True	1767055	1768361	left	1	5	118
9	skd	f	19	1	circle	red	(533, 540)	low	dis	(645, 652)	N	dif	hori	left	True	1769369	1770457	left	1	5	119
9	skd	f	19	1	diamond	red	(645, 652)	low	dis	(757, 540)	Y	same	vert	up	True	1771596	1772849	up	1	5	120
9	skd	f	19	1	diamond	red	(757, 540)	high	dis	(645, 428)	N	same	vert	up	True	1820834	1822105	up	1	6	1
9	skd	f	19	1	circle	red	(533, 540)	low	dis	(645, 652)	N	dif	vert	up	True	1823120	1824201	up	1	6	2
9	skd	f	19	1	circle	red	(565, 460)	low	dis	(724, 619)	N	dif	hori	left	True	1825366	1826385	left	1	6	3
9	skd	f	19	1	circle	red	(533, 540)	low	no	no_dis	N	same	hori	left	True	1827417	1828529	left	1	6	4
9	skd	f	19	1	circle	green	(757, 540)	high	dis	(565, 619)	N	dif	vert	up	True	1829778	1830425	up	1	6	5
9	skd	f	19	1	diamond	green	(724, 619)	low	dis	(757, 540)	Y	same	hori	left	True	1831612	1832441	left	1	6	6
9	skd	f	19	1	circle	green	(565, 619)	low	dis	(724, 460)	N	same	vert	up	True	1833663	1834929	up	1	6	7
9	skd	f	19	1	circle	green	(757, 540)	high	no	no_dis	N	same	hori	left	True	1836034	1836825	left	1	6	8
9	skd	f	19	1	circle	red	(724, 460)	low	no	no_dis	N	same	vert	up	True	1838038	1839225	up	1	6	9
9	skd	f	19	1	diamond	red	(757, 540)	high	dis	(645, 652)	N	same	hori	left	True	1840247	1842217	left	1	6	10
9	skd	f	19	1	diamond	red	(565, 460)	low	dis	(565, 619)	N	dif	vert	up	True	1843352	1845608	up	1	6	11
9	skd	f	19	1	circle	green	(757, 540)	high	no	no_dis	N	same	hori	left	True	1846816	1847513	left	1	6	12
9	skd	f	19	1	circle	red	(724, 460)	low	dis	(533, 540)	N	same	hori	left	True	1848614	1849641	left	1	6	13
9	skd	f	19	1	circle	red	(757, 540)	high	dis	(645, 428)	N	same	vert	up	True	1850882	1851593	up	1	6	14
9	skd	f	19	1	circle	green	(645, 428)	low	dis	(565, 460)	N	dif	hori	left	True	1852732	1854361	left	1	6	15
9	skd	f	19	1	circle	green	(645, 428)	low	dis	(724, 619)	N	same	vert	up	True	1855531	1856625	up	1	6	16
9	skd	f	19	1	diamond	green	(757, 540)	high	dis	(724, 619)	N	dif	hori	left	True	1857828	1860017	left	1	6	17
9	skd	f	19	1	diamond	green	(724, 460)	low	dis	(565, 460)	N	same	hori	left	True	1861134	1863129	left	1	6	18
9	skd	f	19	1	diamond	red	(565, 460)	low	dis	(645, 652)	N	dif	vert	up	True	1864225	1865609	left	0	6	19
9	skd	f	19	1	circle	green	(565, 619)	low	no	no_dis	N	dif	vert	up	True	1868261	1869081	up	1	6	20
9	skd	f	19	1	diamond	green	(724, 619)	low	no	no_dis	N	same	vert	up	True	1870332	1872049	up	1	6	21
9	skd	f	19	1	circle	red	(645, 652)	low	dis	(757, 540)	Y	dif	hori	left	True	1873130	1874625	left	1	6	22
9	skd	f	19	1	diamond	green	(757, 540)	high	dis	(645, 428)	N	dif	hori	left	True	1875751	1877777	left	1	6	23
9	skd	f	19	1	circle	red	(757, 540)	high	dis	(533, 540)	N	dif	hori	left	True	1878808	1879553	left	1	6	24
9	skd	f	19	1	circle	red	(757, 540)	high	dis	(645, 652)	N	dif	vert	up	True	1880760	1881489	up	1	6	25
9	skd	f	19	1	diamond	green	(645, 428)	low	no	no_dis	N	dif	vert	up	True	1882539	1883953	up	1	6	26
9	skd	f	19	1	diamond	green	(724, 460)	low	dis	(757, 540)	Y	same	hori	left	True	1885169	1886465	left	1	6	27
9	skd	f	19	1	diamond	red	(645, 652)	low	dis	(565, 460)	N	same	vert	up	True	1887473	1888825	up	1	6	28
9	skd	f	19	1	diamond	red	(645, 428)	low	dis	(533, 540)	N	dif	hori	left	True	1890020	1891881	left	1	6	29
9	skd	f	19	1	diamond	green	(645, 652)	low	no	no_dis	N	dif	hori	left	True	1892914	1894809	left	1	6	30
9	skd	f	19	1	circle	green	(533, 540)	low	no	no_dis	N	dif	vert	up	True	1895885	1897400	up	1	6	31
9	skd	f	19	1	circle	green	(757, 540)	high	no	no_dis	N	dif	vert	up	True	1898442	1899305	up	1	6	32
9	skd	f	19	1	diamond	red	(565, 460)	low	no	no_dis	N	dif	hori	left	True	1900538	1901473	left	1	6	33
9	skd	f	19	1	circle	green	(645, 652)	low	dis	(645, 428)	N	dif	hori	left	True	1902670	1903608	left	1	6	34
9	skd	f	19	1	diamond	green	(645, 652)	low	no	no_dis	N	dif	vert	up	True	1904674	1905945	up	1	6	35
9	skd	f	19	1	circle	green	(724, 619)	low	no	no_dis	N	dif	vert	up	True	1907190	1908865	left	0	6	36
9	skd	f	19	1	circle	green	(565, 619)	low	dis	(533, 540)	N	same	vert	up	True	1911535	1913089	up	1	6	37
9	skd	f	19	1	diamond	red	(757, 540)	high	dis	(724, 460)	N	same	hori	left	True	1914310	1915649	left	1	6	38
9	skd	f	19	1	circle	green	(533, 540)	low	dis	(565, 619)	N	dif	hori	left	True	1916666	1918241	left	1	6	39
9	skd	f	19	1	diamond	red	(565, 619)	low	dis	(565, 460)	N	dif	vert	up	True	1919269	1921409	up	1	6	40
9	skd	f	19	1	circle	green	(724, 460)	low	dis	(757, 540)	Y	dif	hori	left	True	1922501	1925008	left	1	6	41
9	skd	f	19	1	circle	green	(757, 540)	high	dis	(724, 619)	N	dif	hori	left	True	1926044	1927049	left	1	6	42
9	skd	f	19	1	circle	red	(645, 428)	low	dis	(724, 460)	N	same	vert	up	True	1928086	1929873	up	1	6	43
9	skd	f	19	1	circle	green	(724, 619)	low	dis	(565, 619)	N	dif	hori	left	True	1930899	1932105	left	1	6	44
9	skd	f	19	1	circle	red	(757, 540)	high	dis	(724, 619)	N	same	vert	up	True	1933155	1935329	up	1	6	45
9	skd	f	19	1	diamond	red	(533, 540)	low	dis	(645, 652)	N	dif	hori	left	True	1936404	1938609	left	1	6	46
9	skd	f	19	1	diamond	red	(757, 540)	high	no	no_dis	N	dif	hori	left	True	1939721	1941529	left	1	6	47
9	skd	f	19	1	diamond	green	(645, 652)	low	dis	(724, 619)	N	dif	vert	up	True	1942760	1944257	up	1	6	48
9	skd	f	19	1	circle	red	(565, 619)	low	no	no_dis	N	dif	hori	left	True	1945487	1946801	left	1	6	49
9	skd	f	19	1	diamond	red	(757, 540)	high	dis	(645, 652)	N	dif	vert	up	True	1947853	1949553	up	1	6	50
9	skd	f	19	1	diamond	red	(757, 540)	high	dis	(565, 460)	N	same	hori	left	True	1950639	1951697	left	1	6	51
9	skd	f	19	1	diamond	red	(757, 540)	high	dis	(724, 460)	N	dif	vert	up	True	1952870	1954033	up	1	6	52
9	skd	f	19	1	diamond	red	(645, 652)	low	no	no_dis	N	dif	hori	left	True	1955103	1956193	left	1	6	53
9	skd	f	19	1	diamond	green	(757, 540)	high	no	no_dis	N	dif	vert	up	True	1957388	1958169	up	1	6	54
9	skd	f	19	1	circle	green	(645, 652)	low	dis	(533, 540)	N	dif	hori	left	True	1959268	1960328	up	0	6	55
9	skd	f	19	1	circle	green	(724, 460)	low	no	no_dis	N	same	hori	left	True	1963070	1964321	left	1	6	56
9	skd	f	19	1	diamond	red	(645, 428)	low	dis	(565, 460)	N	dif	hori	left	True	1965503	1966657	left	1	6	57
9	skd	f	19	1	diamond	red	(565, 619)	low	no	no_dis	N	same	vert	up	True	1967824	1969225	up	1	6	58
9	skd	f	19	1	diamond	green	(645, 428)	low	no	no_dis	N	dif	hori	left	True	1970341	1972177	left	1	6	59
9	skd	f	19	1	circle	red	(645, 652)	low	dis	(757, 540)	Y	dif	vert	up	True	1973291	1974520	up	1	6	60
9	skd	f	19	1	circle	red	(724, 619)	low	dis	(757, 540)	Y	dif	vert	up	True	1975738	1977033	up	1	6	61
9	skd	f	19	1	diamond	red	(757, 540)	high	no	no_dis	N	dif	hori	left	True	1978109	1980017	left	1	6	62
9	skd	f	19	1	circle	green	(565, 460)	low	dis	(645, 428)	N	dif	vert	up	True	1981132	1983513	up	1	6	63
9	skd	f	19	1	diamond	green	(533, 540)	low	dis	(724, 460)	N	same	hori	left	True	1984567	1986857	up	0	6	64
9	skd	f	19	1	diamond	red	(724, 619)	low	no	no_dis	N	same	hori	left	True	1989386	1991121	left	1	6	65
9	skd	f	19	1	diamond	red	(724, 460)	low	dis	(645, 428)	N	same	vert	up	True	1992267	1995009	up	1	6	66
9	skd	f	19	1	circle	red	(565, 619)	low	dis	(757, 540)	Y	dif	vert	up	True	1996188	1998289	up	1	6	67
9	skd	f	19	1	circle	green	(757, 540)	high	dis	(724, 619)	N	dif	hori	left	True	1999494	2000504	left	1	6	68
9	skd	f	19	1	diamond	green	(757, 540)	high	dis	(724, 460)	N	dif	hori	left	True	2001572	2003961	left	1	6	69
9	skd	f	19	1	diamond	green	(565, 460)	low	dis	(645, 652)	N	same	vert	up	True	2005048	2007145	up	1	6	70
9	skd	f	19	1	circle	red	(645, 428)	low	dis	(565, 460)	N	same	hori	left	True	2008207	2010129	up	0	6	71
9	skd	f	19	1	circle	red	(565, 460)	low	no	no_dis	N	same	vert	up	True	2012789	2013985	up	1	6	72
9	skd	f	19	1	circle	green	(757, 540)	high	dis	(533, 540)	N	same	vert	up	True	2015201	2016225	up	1	6	73
9	skd	f	19	1	circle	green	(565, 460)	low	no	no_dis	N	dif	hori	left	True	2017396	2018617	left	1	6	74
9	skd	f	19	1	circle	green	(724, 619)	low	dis	(645, 428)	N	dif	hori	left	True	2019846	2020985	left	1	6	75
9	skd	f	19	1	diamond	green	(533, 540)	low	dis	(645, 428)	N	same	vert	up	True	2022235	2024161	up	1	6	76
9	skd	f	19	1	diamond	red	(724, 460)	low	no	no_dis	N	same	hori	left	True	2025332	2026969	left	1	6	77
9	skd	f	19	1	diamond	green	(757, 540)	high	dis	(565, 460)	N	same	vert	up	True	2028165	2030081	up	1	6	78
9	skd	f	19	1	circle	red	(645, 428)	low	no	no_dis	N	dif	vert	up	True	2031197	2032520	up	1	6	79
9	skd	f	19	1	diamond	green	(645, 428)	low	no	no_dis	N	same	vert	up	True	2033527	2034745	up	1	6	80
9	skd	f	19	1	diamond	red	(645, 652)	low	dis	(757, 540)	Y	same	hori	left	True	2035823	2037713	left	1	6	81
9	skd	f	19	1	circle	green	(533, 540)	low	dis	(645, 652)	N	same	hori	left	True	2038907	2040289	left	1	6	82
9	skd	f	19	1	circle	red	(565, 619)	low	dis	(645, 652)	N	dif	vert	up	True	2041339	2043409	up	1	6	83
9	skd	f	19	1	circle	red	(533, 540)	low	no	no_dis	N	same	hori	left	True	2044574	2045673	left	1	6	84
9	skd	f	19	1	diamond	red	(757, 540)	high	no	no_dis	N	same	vert	up	True	2046734	2047528	up	1	6	85
9	skd	f	19	1	diamond	green	(724, 619)	low	dis	(724, 460)	N	same	hori	left	True	2048634	2050720	left	1	6	86
9	skd	f	19	1	circle	green	(757, 540)	high	dis	(565, 619)	N	same	vert	up	True	2051971	2054017	up	1	6	87
9	skd	f	19	1	circle	red	(565, 619)	low	no	no_dis	N	same	hori	left	True	2055115	2056049	left	1	6	88
9	skd	f	19	1	circle	green	(533, 540)	low	no	no_dis	N	same	hori	left	True	2057060	2059041	left	1	6	89
9	skd	f	19	1	circle	red	(757, 540)	high	dis	(565, 619)	N	dif	vert	up	True	2060099	2060825	up	1	6	90
9	skd	f	19	1	circle	red	(757, 540)	high	no	no_dis	N	dif	hori	left	True	2061970	2063345	left	1	6	91
9	skd	f	19	1	diamond	green	(565, 619)	low	dis	(724, 460)	N	dif	hori	left	True	2064509	2066153	left	1	6	92
9	skd	f	19	1	diamond	red	(533, 540)	low	dis	(645, 652)	N	same	hori	left	True	2067291	2069801	left	1	6	93
9	skd	f	19	1	circle	red	(724, 619)	low	dis	(724, 460)	N	same	hori	left	True	2071019	2073120	left	1	6	94
9	skd	f	19	1	circle	red	(757, 540)	high	no	no_dis	N	dif	vert	up	True	2074359	2075121	up	1	6	95
9	skd	f	19	1	diamond	green	(757, 540)	high	dis	(645, 428)	N	same	hori	left	True	2076173	2079081	left	1	6	96
9	skd	f	19	1	diamond	red	(565, 619)	low	dis	(757, 540)	Y	same	vert	up	True	2080269	2081145	up	1	6	97
9	skd	f	19	1	diamond	green	(645, 428)	low	dis	(565, 619)	N	dif	vert	up	True	2082384	2083561	up	1	6	98
9	skd	f	19	1	diamond	green	(645, 652)	low	dis	(757, 540)	Y	same	vert	up	True	2084566	2085745	up	1	6	99
9	skd	f	19	1	circle	red	(757, 540)	high	no	no_dis	N	same	vert	up	True	2086815	2087729	up	1	6	100
9	skd	f	19	1	circle	red	(757, 540)	high	dis	(565, 619)	N	same	hori	left	True	2088851	2089745	left	1	6	101
9	skd	f	19	1	diamond	red	(724, 619)	low	no	no_dis	N	same	vert	up	True	2090934	2092249	up	1	6	102
9	skd	f	19	1	diamond	red	(565, 460)	low	no	no_dis	N	dif	vert	up	True	2093320	2094353	up	1	6	103
9	skd	f	19	1	diamond	red	(724, 460)	low	dis	(565, 619)	N	same	vert	up	True	2095552	2096625	up	1	6	104
9	skd	f	19	1	circle	red	(565, 460)	low	dis	(533, 540)	N	dif	vert	up	True	2097756	2099297	up	1	6	105
9	skd	f	19	1	circle	red	(724, 460)	low	dis	(724, 619)	N	same	vert	up	True	2100455	2102153	up	1	6	106
9	skd	f	19	1	circle	green	(724, 460)	low	no	no_dis	N	dif	hori	left	True	2103198	2104857	left	1	6	107
9	skd	f	19	1	diamond	green	(757, 540)	high	dis	(565, 460)	N	dif	vert	up	True	2105872	2107688	left	0	6	108
9	skd	f	19	1	diamond	green	(645, 652)	low	no	no_dis	N	same	vert	up	True	2110371	2111633	up	1	6	109
9	skd	f	19	1	diamond	green	(757, 540)	high	no	no_dis	N	same	hori	left	True	2112801	2113977	left	1	6	110
9	skd	f	19	1	diamond	red	(724, 619)	low	dis	(533, 540)	N	dif	vert	up	True	2115173	2116073	up	1	6	111
9	skd	f	19	1	diamond	green	(757, 540)	high	no	no_dis	N	same	vert	up	True	2117280	2119209	up	1	6	112
9	skd	f	19	1	diamond	green	(565, 619)	low	dis	(724, 619)	N	same	vert	up	True	2120240	2121721	up	1	6	113
9	skd	f	19	1	circle	green	(724, 460)	low	dis	(724, 619)	N	dif	hori	left	True	2122785	2124265	left	1	6	114
9	skd	f	19	1	circle	green	(565, 460)	low	dis	(533, 540)	N	same	hori	left	True	2125507	2127041	left	1	6	115
9	skd	f	19	1	diamond	red	(724, 619)	low	dis	(724, 460)	N	same	hori	left	True	2128082	2130305	left	1	6	116
9	skd	f	19	1	diamond	green	(565, 460)	low	dis	(645, 428)	N	same	hori	left	True	2131525	2133841	left	1	6	117
9	skd	f	19	1	circle	red	(533, 540)	low	dis	(565, 619)	N	dif	vert	up	True	2135060	2136273	up	1	6	118
9	skd	f	19	1	circle	green	(757, 540)	high	dis	(533, 540)	N	same	hori	left	True	2137425	2138137	left	1	6	119
9	skd	f	19	1	diamond	green	(645, 428)	low	dis	(565, 460)	N	same	vert	up	True	2139189	2140697	up	1	6	120
conf	9	skd	f	19	1	True	2207556	2218456	3	True	2218469	2230745	2
