subj	name	gender	age	prac	group	shape	color	tar_loc	popularity	dis_cond	dis_loc	dis_high	td_dif	line	respkey	gotkey	startTime	respTime	resp	correct	block	trialnum
11	hjy	f	22	1	50	circle	red	(533, 540)	low	dis	(724, 619)	N	dif	vert	up	True	11050	12322	up	1	1	1
11	hjy	f	22	1	50	diamond	green	(645, 428)	high	no	no_dis	N	dif	vert	up	True	13535	14370	up	1	1	2
11	hjy	f	22	1	50	circle	green	(757, 540)	low	no	no_dis	N	same	hori	left	True	15534	16626	left	1	1	3
11	hjy	f	22	1	50	diamond	red	(565, 619)	low	no	no_dis	N	same	vert	up	True	17864	19250	left	0	1	4
11	hjy	f	22	1	50	circle	red	(565, 619)	low	dis	(645, 428)	Y	dif	vert	up	True	21898	23145	up	1	1	5
11	hjy	f	22	1	50	circle	green	(645, 428)	high	dis	(724, 460)	N	dif	hori	left	True	24237	25418	up	0	1	6
11	hjy	f	22	1	50	circle	green	(724, 619)	low	no	no_dis	N	dif	vert	up	True	27962	29706	up	1	1	7
11	hjy	f	22	1	50	circle	green	(565, 619)	low	no	no_dis	N	same	hori	left	True	30783	31811	left	1	1	8
11	hjy	f	22	1	50	diamond	red	(565, 460)	low	dis	(757, 540)	N	same	vert	up	True	32851	34122	up	1	1	9
11	hjy	f	22	1	50	circle	red	(645, 652)	low	dis	(724, 619)	N	dif	hori	left	True	35318	37378	left	1	1	10
11	hjy	f	22	1	50	circle	green	(565, 619)	low	no	no_dis	N	same	vert	up	True	38547	40353	up	1	1	11
11	hjy	f	22	1	50	circle	red	(645, 428)	high	dis	(533, 540)	N	same	hori	left	True	41549	44330	up	0	1	12
11	hjy	f	22	1	50	circle	green	(645, 428)	high	dis	(724, 460)	N	dif	hori	left	True	46931	48465	left	1	1	13
11	hjy	f	22	1	50	circle	red	(724, 619)	low	dis	(533, 540)	N	same	hori	left	True	49521	51593	left	1	1	14
11	hjy	f	22	1	50	circle	green	(757, 540)	low	no	no_dis	N	dif	vert	up	True	52650	54770	up	1	1	15
11	hjy	f	22	1	50	circle	green	(645, 428)	high	dis	(645, 652)	N	same	vert	up	True	55927	57393	up	1	1	16
11	hjy	f	22	1	50	diamond	green	(533, 540)	low	no	no_dis	N	same	hori	left	True	58491	59850	left	1	1	17
11	hjy	f	22	1	50	diamond	red	(757, 540)	low	dis	(565, 460)	N	dif	vert	up	True	61022	62202	up	1	1	18
11	hjy	f	22	1	50	diamond	green	(645, 428)	high	dis	(533, 540)	N	same	vert	up	True	63213	65193	up	1	1	19
11	hjy	f	22	1	50	circle	green	(565, 460)	low	dis	(645, 428)	Y	dif	vert	up	True	66231	67570	up	1	1	20
11	hjy	f	22	1	50	diamond	red	(645, 428)	high	dis	(565, 460)	N	same	hori	left	True	68617	70058	left	1	1	21
11	hjy	f	22	1	50	diamond	green	(565, 460)	low	no	no_dis	N	dif	vert	up	True	71289	73041	up	1	1	22
11	hjy	f	22	1	50	circle	green	(645, 652)	low	dis	(565, 460)	N	same	hori	left	True	74104	76137	left	1	1	23
11	hjy	f	22	1	50	diamond	red	(724, 619)	low	dis	(645, 428)	Y	dif	vert	up	True	77281	79825	up	1	1	24
11	hjy	f	22	1	50	diamond	red	(565, 460)	low	no	no_dis	N	dif	hori	left	True	81025	82586	left	1	1	25
11	hjy	f	22	1	50	circle	green	(724, 619)	low	dis	(565, 619)	N	dif	hori	left	True	83609	84962	left	1	1	26
11	hjy	f	22	1	50	circle	green	(645, 428)	high	no	no_dis	N	dif	vert	up	True	86085	87561	up	1	1	27
11	hjy	f	22	1	50	circle	red	(645, 428)	high	dis	(645, 652)	N	dif	hori	left	True	88784	89858	left	1	1	28
11	hjy	f	22	1	50	diamond	green	(565, 460)	low	dis	(724, 460)	N	same	hori	left	True	90934	92562	left	1	1	29
11	hjy	f	22	1	50	circle	green	(645, 428)	high	dis	(645, 652)	N	same	vert	up	True	93803	95258	up	1	1	30
11	hjy	f	22	1	50	diamond	green	(645, 428)	high	dis	(533, 540)	N	dif	hori	left	True	96323	98273	left	1	1	31
11	hjy	f	22	1	50	circle	red	(757, 540)	low	dis	(533, 540)	N	same	vert	up	True	99361	101065	left	0	1	32
11	hjy	f	22	1	50	diamond	red	(645, 428)	high	no	no_dis	N	same	hori	left	True	103834	105594	up	0	1	33
11	hjy	f	22	1	50	circle	red	(645, 428)	high	no	no_dis	N	same	hori	left	True	108123	109009	left	1	1	34
11	hjy	f	22	1	50	circle	green	(645, 428)	high	no	no_dis	N	same	vert	up	True	110255	112754	up	1	1	35
11	hjy	f	22	1	50	diamond	green	(645, 428)	high	dis	(724, 460)	N	dif	vert	up	True	113815	115874	up	1	1	36
11	hjy	f	22	1	50	circle	red	(724, 460)	low	no	no_dis	N	same	vert	up	True	116887	118914	up	1	1	37
11	hjy	f	22	1	50	circle	red	(724, 619)	low	no	no_dis	N	dif	hori	left	True	120127	121762	left	1	1	38
11	hjy	f	22	1	50	diamond	green	(645, 428)	high	dis	(757, 540)	N	dif	hori	left	False	122920	None	None	0	1	39
11	hjy	f	22	1	50	diamond	red	(724, 460)	low	dis	(645, 428)	Y	same	vert	up	True	128516	129738	up	1	1	40
11	hjy	f	22	1	50	diamond	red	(645, 652)	low	dis	(724, 460)	N	dif	hori	left	True	130834	131859	left	1	1	41
11	hjy	f	22	1	50	diamond	green	(533, 540)	low	no	no_dis	N	dif	vert	up	True	133021	134745	up	1	1	42
11	hjy	f	22	1	50	diamond	green	(724, 460)	low	dis	(565, 619)	N	same	vert	up	True	135927	137698	left	0	1	43
11	hjy	f	22	1	50	circle	red	(645, 428)	high	dis	(533, 540)	N	dif	hori	left	True	140317	141746	left	1	1	44
11	hjy	f	22	1	50	diamond	green	(645, 428)	high	dis	(757, 540)	N	same	hori	left	True	142857	144050	left	1	1	45
11	hjy	f	22	1	50	circle	green	(645, 428)	high	dis	(565, 619)	N	same	hori	left	True	145162	147442	left	1	1	46
11	hjy	f	22	1	50	diamond	red	(645, 428)	high	dis	(565, 460)	N	dif	hori	left	True	148603	150465	left	1	1	47
11	hjy	f	22	1	50	diamond	red	(533, 540)	low	no	no_dis	N	dif	vert	up	True	151661	152753	up	1	1	48
11	hjy	f	22	1	50	circle	green	(645, 428)	high	dis	(724, 619)	N	same	vert	up	True	153811	156090	up	1	1	49
11	hjy	f	22	1	50	diamond	red	(645, 428)	high	no	no_dis	N	same	vert	up	True	157259	158490	up	1	1	50
11	hjy	f	22	1	50	circle	red	(645, 428)	high	dis	(724, 619)	N	same	vert	up	True	159578	161553	up	1	1	51
11	hjy	f	22	1	50	circle	green	(645, 428)	high	dis	(565, 460)	N	same	hori	left	True	162649	164738	left	1	1	52
11	hjy	f	22	1	50	diamond	green	(645, 428)	high	dis	(645, 652)	N	dif	vert	up	True	165813	167370	up	1	1	53
11	hjy	f	22	1	50	diamond	green	(565, 619)	low	dis	(645, 652)	N	same	vert	up	True	168588	170225	up	1	1	54
11	hjy	f	22	1	50	circle	red	(565, 619)	low	dis	(645, 428)	Y	dif	vert	up	True	171458	172689	up	1	1	55
11	hjy	f	22	1	50	diamond	red	(645, 428)	high	no	no_dis	N	same	vert	up	True	173821	176018	up	1	1	56
11	hjy	f	22	1	50	circle	green	(645, 652)	low	dis	(724, 619)	N	same	hori	left	True	177062	178489	left	1	1	57
11	hjy	f	22	1	50	circle	green	(533, 540)	low	dis	(565, 460)	N	dif	vert	up	True	179492	181313	up	1	1	58
11	hjy	f	22	1	50	circle	green	(565, 619)	low	dis	(533, 540)	N	same	hori	left	True	182319	184377	left	1	1	59
11	hjy	f	22	1	50	circle	green	(645, 428)	high	no	no_dis	N	dif	hori	left	True	185426	186410	left	1	1	60
11	hjy	f	22	1	50	diamond	red	(724, 619)	low	dis	(645, 652)	N	same	vert	up	True	187548	189346	up	1	1	61
11	hjy	f	22	1	50	diamond	red	(645, 428)	high	dis	(565, 619)	N	dif	vert	up	True	190469	191497	up	1	1	62
11	hjy	f	22	1	50	diamond	green	(645, 652)	low	no	no_dis	N	same	hori	left	True	192643	193586	left	1	1	63
11	hjy	f	22	1	50	diamond	red	(565, 460)	low	dis	(724, 460)	N	dif	hori	left	True	194787	196474	left	1	1	64
11	hjy	f	22	1	50	circle	red	(645, 652)	low	no	no_dis	N	dif	hori	left	True	197561	198962	left	1	1	65
11	hjy	f	22	1	50	diamond	red	(565, 460)	low	no	no_dis	N	dif	hori	left	True	200020	201194	left	1	1	66
11	hjy	f	22	1	50	diamond	green	(645, 428)	high	dis	(565, 619)	N	same	vert	up	True	202241	203745	up	1	1	67
11	hjy	f	22	1	50	diamond	green	(533, 540)	low	dis	(724, 619)	N	dif	vert	up	True	204895	206346	up	1	1	68
11	hjy	f	22	1	50	diamond	green	(724, 619)	low	dis	(565, 460)	N	dif	vert	up	True	207569	209370	up	1	1	69
11	hjy	f	22	1	50	circle	red	(645, 428)	high	no	no_dis	N	same	hori	left	True	210421	211665	left	1	1	70
11	hjy	f	22	1	50	diamond	red	(757, 540)	low	dis	(565, 460)	N	same	hori	left	True	212838	214314	left	1	1	71
11	hjy	f	22	1	50	diamond	green	(645, 428)	high	no	no_dis	N	dif	hori	left	True	215514	216690	left	1	1	72
11	hjy	f	22	1	50	diamond	green	(757, 540)	low	dis	(724, 619)	N	same	hori	left	True	217708	219954	left	1	1	73
11	hjy	f	22	1	50	diamond	green	(645, 428)	high	dis	(757, 540)	N	same	vert	up	True	221083	222674	up	1	1	74
11	hjy	f	22	1	50	diamond	red	(645, 428)	high	dis	(565, 460)	N	same	vert	up	True	223777	225554	left	0	1	75
11	hjy	f	22	1	50	diamond	red	(757, 540)	low	no	no_dis	N	same	hori	left	True	228107	229418	left	1	1	76
11	hjy	f	22	1	50	circle	red	(645, 428)	high	no	no_dis	N	dif	vert	up	True	230447	231521	up	1	1	77
11	hjy	f	22	1	50	circle	red	(645, 652)	low	no	no_dis	N	same	vert	up	True	232637	234146	up	1	1	78
11	hjy	f	22	1	50	circle	red	(757, 540)	low	dis	(565, 619)	N	same	vert	up	True	235387	236778	up	1	1	79
11	hjy	f	22	1	50	circle	red	(645, 428)	high	no	no_dis	N	dif	hori	left	True	238030	239490	left	1	1	80
11	hjy	f	22	1	50	diamond	green	(645, 428)	high	dis	(757, 540)	N	same	hori	left	True	240513	241689	left	1	1	81
11	hjy	f	22	1	50	diamond	red	(533, 540)	low	dis	(757, 540)	N	same	hori	left	True	242871	244450	left	1	1	82
11	hjy	f	22	1	50	circle	red	(645, 428)	high	dis	(724, 460)	N	same	hori	left	True	245467	246690	up	0	1	83
11	hjy	f	22	1	50	circle	red	(565, 460)	low	dis	(645, 652)	N	same	hori	left	True	249386	250314	left	1	1	84
11	hjy	f	22	1	50	circle	red	(645, 428)	high	dis	(724, 619)	N	same	hori	left	True	251565	252554	left	1	1	85
11	hjy	f	22	1	50	circle	red	(565, 460)	low	dis	(757, 540)	N	dif	hori	left	True	253605	255026	up	0	1	86
11	hjy	f	22	1	50	circle	green	(645, 428)	high	no	no_dis	N	same	vert	up	True	257688	258946	up	1	1	87
11	hjy	f	22	1	50	diamond	red	(645, 428)	high	dis	(724, 619)	N	dif	vert	up	True	260001	261394	up	1	1	88
11	hjy	f	22	1	50	diamond	green	(645, 428)	high	no	no_dis	N	same	vert	up	True	262605	264490	up	1	1	89
11	hjy	f	22	1	50	circle	green	(645, 428)	high	dis	(533, 540)	N	dif	vert	up	True	265594	267273	up	1	1	90
11	hjy	f	22	1	50	diamond	red	(645, 428)	high	dis	(724, 460)	N	dif	vert	up	True	268451	269849	up	1	1	91
11	hjy	f	22	1	50	diamond	red	(565, 619)	low	dis	(645, 428)	Y	dif	hori	left	True	270939	272969	up	0	1	92
11	hjy	f	22	1	50	circle	red	(645, 428)	high	no	no_dis	N	same	hori	left	True	275702	276970	left	1	1	93
11	hjy	f	22	1	50	diamond	red	(645, 428)	high	no	no_dis	N	same	hori	left	True	278160	279673	left	1	1	94
11	hjy	f	22	1	50	circle	green	(645, 428)	high	dis	(645, 652)	N	same	vert	up	True	280911	282521	up	1	1	95
11	hjy	f	22	1	50	diamond	green	(533, 540)	low	dis	(645, 428)	Y	same	vert	up	True	283722	285097	up	1	1	96
11	hjy	f	22	1	50	circle	green	(724, 460)	low	dis	(645, 428)	Y	same	vert	up	True	286289	288130	left	0	1	97
11	hjy	f	22	1	50	diamond	green	(645, 428)	high	dis	(565, 619)	N	same	vert	up	True	290720	291786	up	1	1	98
11	hjy	f	22	1	50	diamond	green	(645, 652)	low	dis	(724, 460)	N	dif	hori	left	True	292851	293994	left	1	1	99
11	hjy	f	22	1	50	circle	green	(533, 540)	low	dis	(757, 540)	N	dif	hori	left	True	295244	296810	left	1	1	100
11	hjy	f	22	1	50	circle	red	(645, 428)	high	dis	(565, 619)	N	dif	vert	up	True	297922	299041	up	1	1	101
11	hjy	f	22	1	50	diamond	red	(645, 428)	high	no	no_dis	N	dif	hori	left	True	300183	301978	left	1	1	102
11	hjy	f	22	1	50	circle	red	(724, 460)	low	no	no_dis	N	dif	hori	left	True	303165	304442	left	1	1	103
11	hjy	f	22	1	50	diamond	red	(645, 428)	high	dis	(724, 460)	N	dif	hori	left	True	305539	307298	left	1	1	104
11	hjy	f	22	1	50	diamond	red	(645, 428)	high	dis	(757, 540)	N	dif	vert	up	True	308346	309610	up	1	1	105
11	hjy	f	22	1	50	circle	green	(757, 540)	low	dis	(533, 540)	N	dif	vert	up	True	310790	313018	up	1	1	106
11	hjy	f	22	1	50	circle	red	(724, 460)	low	dis	(645, 652)	N	dif	hori	left	True	314105	315826	left	1	1	107
11	hjy	f	22	1	50	diamond	red	(645, 428)	high	dis	(565, 460)	N	dif	vert	up	True	316846	318786	up	1	1	108
11	hjy	f	22	1	50	circle	green	(645, 428)	high	dis	(645, 652)	N	dif	hori	left	True	319852	321994	left	1	1	109
11	hjy	f	22	1	50	diamond	green	(645, 428)	high	no	no_dis	N	dif	vert	up	True	323205	324666	up	1	1	110
11	hjy	f	22	1	50	circle	red	(645, 428)	high	dis	(757, 540)	N	same	hori	left	False	325748	None	None	0	1	111
11	hjy	f	22	1	50	circle	red	(645, 428)	high	dis	(724, 619)	N	dif	hori	left	True	331471	332490	left	1	1	112
11	hjy	f	22	1	50	diamond	green	(565, 619)	low	dis	(645, 428)	Y	dif	hori	left	True	333704	335082	left	1	1	113
11	hjy	f	22	1	50	circle	green	(645, 428)	high	no	no_dis	N	dif	vert	up	True	336098	337434	up	1	1	114
11	hjy	f	22	1	50	diamond	green	(724, 619)	low	dis	(645, 428)	Y	same	hori	left	True	338443	340282	left	1	1	115
11	hjy	f	22	1	50	diamond	green	(645, 428)	high	no	no_dis	N	dif	hori	left	True	341508	342634	left	1	1	116
11	hjy	f	22	1	50	diamond	red	(645, 428)	high	dis	(533, 540)	N	same	hori	left	True	343680	345889	left	1	1	117
11	hjy	f	22	1	50	diamond	green	(724, 460)	low	no	no_dis	N	same	vert	up	True	347104	348650	up	1	1	118
11	hjy	f	22	1	50	circle	red	(645, 428)	high	dis	(565, 619)	N	dif	vert	up	True	349691	351362	up	1	1	119
11	hjy	f	22	1	50	circle	green	(724, 460)	low	dis	(565, 619)	N	same	vert	up	True	352430	354490	up	1	1	120
11	hjy	f	22	1	50	circle	green	(645, 428)	high	dis	(565, 619)	N	dif	hori	left	True	419901	420890	left	1	2	1
11	hjy	f	22	1	50	circle	red	(645, 428)	high	dis	(645, 652)	N	dif	hori	left	True	421904	423218	left	1	2	2
11	hjy	f	22	1	50	circle	green	(645, 428)	high	dis	(533, 540)	N	same	vert	up	True	424247	425193	up	1	2	3
11	hjy	f	22	1	50	circle	red	(757, 540)	low	dis	(724, 460)	N	dif	hori	left	True	426321	428098	left	1	2	4
11	hjy	f	22	1	50	diamond	red	(645, 428)	high	no	no_dis	N	same	vert	up	True	429278	430465	up	1	2	5
11	hjy	f	22	1	50	diamond	green	(645, 428)	high	dis	(724, 619)	N	dif	hori	left	True	431603	432481	left	1	2	6
11	hjy	f	22	1	50	circle	red	(565, 619)	low	no	no_dis	N	same	vert	up	True	433683	434802	up	1	2	7
11	hjy	f	22	1	50	diamond	green	(645, 652)	low	dis	(757, 540)	N	same	hori	left	True	435808	437058	left	1	2	8
11	hjy	f	22	1	50	circle	green	(724, 460)	low	dis	(533, 540)	N	dif	hori	left	True	438261	439258	left	1	2	9
11	hjy	f	22	1	50	circle	red	(645, 652)	low	no	no_dis	N	same	hori	left	True	440277	441290	left	1	2	10
11	hjy	f	22	1	50	diamond	green	(757, 540)	low	no	no_dis	N	dif	hori	left	True	442323	443210	left	1	2	11
11	hjy	f	22	1	50	diamond	red	(724, 619)	low	dis	(645, 428)	Y	dif	vert	up	True	444220	445498	up	1	2	12
11	hjy	f	22	1	50	circle	red	(645, 428)	high	dis	(533, 540)	N	dif	hori	left	True	446638	447930	left	1	2	13
11	hjy	f	22	1	50	diamond	green	(645, 428)	high	no	no_dis	N	same	vert	up	True	449180	449859	up	1	2	14
11	hjy	f	22	1	50	circle	green	(565, 460)	low	dis	(645, 652)	N	same	vert	up	True	451042	451859	left	0	2	15
11	hjy	f	22	1	50	circle	green	(565, 619)	low	no	no_dis	N	dif	vert	up	True	454428	455153	up	1	2	16
11	hjy	f	22	1	50	circle	red	(645, 428)	high	dis	(757, 540)	N	same	vert	up	True	456279	457522	up	1	2	17
11	hjy	f	22	1	50	circle	red	(757, 540)	low	no	no_dis	N	dif	hori	left	True	458622	460162	left	1	2	18
11	hjy	f	22	1	50	circle	red	(533, 540)	low	dis	(645, 428)	Y	same	hori	left	True	461203	462234	left	1	2	19
11	hjy	f	22	1	50	diamond	green	(757, 540)	low	dis	(565, 460)	N	same	vert	up	True	463292	464963	up	1	2	20
11	hjy	f	22	1	50	circle	green	(533, 540)	low	dis	(724, 460)	N	dif	hori	left	True	466073	467082	left	1	2	21
11	hjy	f	22	1	50	diamond	red	(724, 619)	low	no	no_dis	N	same	hori	left	True	468286	469594	left	1	2	22
11	hjy	f	22	1	50	diamond	green	(757, 540)	low	dis	(533, 540)	N	dif	vert	up	True	470655	471458	up	1	2	23
11	hjy	f	22	1	50	circle	green	(645, 428)	high	dis	(724, 460)	N	dif	hori	left	True	472680	473618	left	1	2	24
11	hjy	f	22	1	50	diamond	red	(645, 428)	high	no	no_dis	N	same	vert	up	True	474726	475994	up	1	2	25
11	hjy	f	22	1	50	diamond	green	(724, 460)	low	no	no_dis	N	dif	hori	left	True	477216	477945	left	1	2	26
11	hjy	f	22	1	50	circle	red	(645, 428)	high	dis	(724, 460)	N	same	vert	up	True	479143	480450	up	1	2	27
11	hjy	f	22	1	50	diamond	green	(645, 428)	high	dis	(724, 619)	N	same	hori	left	True	481648	483146	left	1	2	28
11	hjy	f	22	1	50	diamond	green	(645, 428)	high	dis	(565, 619)	N	same	hori	left	True	484256	485914	left	1	2	29
11	hjy	f	22	1	50	diamond	red	(645, 428)	high	dis	(724, 619)	N	dif	hori	left	True	487118	488234	left	1	2	30
11	hjy	f	22	1	50	circle	red	(645, 428)	high	dis	(533, 540)	N	dif	vert	up	True	489420	490634	up	1	2	31
11	hjy	f	22	1	50	diamond	green	(724, 460)	low	no	no_dis	N	same	vert	up	True	491737	493002	up	1	2	32
11	hjy	f	22	1	50	diamond	red	(645, 428)	high	dis	(565, 460)	N	same	hori	left	True	494102	495242	left	1	2	33
11	hjy	f	22	1	50	circle	red	(645, 428)	high	dis	(724, 460)	N	dif	hori	left	True	496319	497314	left	1	2	34
11	hjy	f	22	1	50	diamond	red	(645, 428)	high	dis	(645, 652)	N	dif	hori	left	True	498531	500258	left	1	2	35
11	hjy	f	22	1	50	diamond	green	(724, 460)	low	dis	(565, 460)	N	same	hori	left	True	501327	502186	left	1	2	36
11	hjy	f	22	1	50	diamond	red	(533, 540)	low	dis	(645, 428)	Y	same	vert	up	True	503264	504146	up	1	2	37
11	hjy	f	22	1	50	diamond	green	(645, 428)	high	dis	(757, 540)	N	same	vert	up	True	505322	506137	up	1	2	38
11	hjy	f	22	1	50	diamond	green	(645, 428)	high	no	no_dis	N	same	vert	up	True	507231	508641	up	1	2	39
11	hjy	f	22	1	50	diamond	red	(565, 619)	low	dis	(533, 540)	N	dif	vert	up	True	509659	510769	up	1	2	40
11	hjy	f	22	1	50	diamond	green	(645, 428)	high	dis	(757, 540)	N	same	hori	left	True	511840	512794	left	1	2	41
11	hjy	f	22	1	50	circle	red	(645, 428)	high	dis	(724, 460)	N	same	hori	left	True	513821	514937	left	1	2	42
11	hjy	f	22	1	50	diamond	green	(724, 619)	low	no	no_dis	N	same	hori	left	True	515988	517322	left	1	2	43
11	hjy	f	22	1	50	diamond	green	(533, 540)	low	no	no_dis	N	dif	vert	up	True	518507	519490	up	1	2	44
11	hjy	f	22	1	50	circle	red	(645, 428)	high	dis	(565, 460)	N	dif	vert	up	True	520514	522602	up	1	2	45
11	hjy	f	22	1	50	circle	red	(724, 619)	low	dis	(565, 619)	N	dif	vert	up	True	523710	524874	up	1	2	46
11	hjy	f	22	1	50	circle	green	(645, 428)	high	dis	(645, 652)	N	same	vert	up	True	525917	527882	up	1	2	47
11	hjy	f	22	1	50	circle	green	(645, 428)	high	dis	(724, 619)	N	same	hori	left	True	528964	529731	left	1	2	48
11	hjy	f	22	1	50	diamond	green	(565, 460)	low	dis	(724, 460)	N	dif	hori	left	True	530758	532065	left	1	2	49
11	hjy	f	22	1	50	circle	red	(565, 619)	low	dis	(565, 460)	N	dif	vert	up	True	533068	534402	up	1	2	50
11	hjy	f	22	1	50	diamond	green	(645, 428)	high	dis	(565, 460)	N	same	hori	left	True	535602	536514	left	1	2	51
11	hjy	f	22	1	50	circle	red	(565, 619)	low	dis	(724, 619)	N	dif	hori	left	True	537704	538522	left	1	2	52
11	hjy	f	22	1	50	diamond	green	(533, 540)	low	dis	(724, 619)	N	same	vert	up	True	539769	541434	up	1	2	53
11	hjy	f	22	1	50	circle	red	(645, 652)	low	dis	(724, 460)	N	same	vert	up	True	542459	543578	up	1	2	54
11	hjy	f	22	1	50	diamond	red	(724, 619)	low	no	no_dis	N	dif	vert	up	True	544651	546978	up	1	2	55
11	hjy	f	22	1	50	diamond	green	(645, 428)	high	no	no_dis	N	dif	hori	left	True	548151	548978	left	1	2	56
11	hjy	f	22	1	50	diamond	red	(533, 540)	low	no	no_dis	N	dif	hori	left	True	549992	551322	left	1	2	57
11	hjy	f	22	1	50	circle	red	(645, 428)	high	no	no_dis	N	same	hori	left	True	552499	553650	left	1	2	58
11	hjy	f	22	1	50	circle	green	(645, 652)	low	dis	(565, 460)	N	dif	vert	up	True	554869	555857	up	1	2	59
11	hjy	f	22	1	50	diamond	red	(645, 428)	high	dis	(724, 460)	N	dif	vert	up	True	557048	558114	up	1	2	60
11	hjy	f	22	1	50	circle	green	(565, 619)	low	dis	(533, 540)	N	same	hori	left	True	559129	560121	left	1	2	61
11	hjy	f	22	1	50	diamond	green	(645, 428)	high	no	no_dis	N	dif	hori	left	True	561140	562194	left	1	2	62
11	hjy	f	22	1	50	circle	green	(565, 460)	low	no	no_dis	N	same	hori	left	True	563232	564274	left	1	2	63
11	hjy	f	22	1	50	diamond	red	(645, 428)	high	no	no_dis	N	dif	vert	up	True	565484	566858	up	1	2	64
11	hjy	f	22	1	50	diamond	red	(565, 460)	low	no	no_dis	N	dif	vert	up	True	567898	569714	up	1	2	65
11	hjy	f	22	1	50	diamond	green	(645, 428)	high	dis	(565, 460)	N	dif	vert	up	True	570951	572066	up	1	2	66
11	hjy	f	22	1	50	circle	red	(645, 428)	high	no	no_dis	N	dif	vert	up	True	573115	574002	up	1	2	67
11	hjy	f	22	1	50	circle	red	(565, 619)	low	no	no_dis	N	dif	vert	up	True	575249	576938	up	1	2	68
11	hjy	f	22	1	50	diamond	red	(645, 428)	high	dis	(565, 619)	N	dif	vert	up	True	578070	579226	up	1	2	69
11	hjy	f	22	1	50	diamond	green	(645, 428)	high	dis	(757, 540)	N	dif	hori	left	True	580346	581850	up	0	2	70
11	hjy	f	22	1	50	diamond	green	(724, 619)	low	dis	(645, 428)	Y	same	hori	left	True	584584	585953	left	1	2	71
11	hjy	f	22	1	50	circle	green	(645, 428)	high	no	no_dis	N	same	hori	left	True	586989	588402	left	1	2	72
11	hjy	f	22	1	50	diamond	red	(645, 428)	high	dis	(533, 540)	N	same	hori	left	True	589509	591546	left	1	2	73
11	hjy	f	22	1	50	diamond	red	(645, 428)	high	dis	(645, 652)	N	dif	vert	up	True	592570	593442	up	1	2	74
11	hjy	f	22	1	50	circle	red	(724, 460)	low	dis	(645, 652)	N	same	hori	left	True	594576	595450	left	1	2	75
11	hjy	f	22	1	50	diamond	red	(645, 428)	high	dis	(565, 619)	N	same	vert	up	True	596663	598121	up	1	2	76
11	hjy	f	22	1	50	diamond	red	(565, 460)	low	dis	(645, 652)	N	dif	hori	left	True	599229	600209	left	1	2	77
11	hjy	f	22	1	50	diamond	red	(724, 619)	low	dis	(757, 540)	N	same	vert	up	True	601449	602546	up	1	2	78
11	hjy	f	22	1	50	circle	green	(757, 540)	low	dis	(645, 428)	Y	dif	vert	up	True	603785	604970	up	1	2	79
11	hjy	f	22	1	50	diamond	green	(533, 540)	low	dis	(645, 652)	N	same	vert	up	True	606162	607474	up	1	2	80
11	hjy	f	22	1	50	diamond	red	(757, 540)	low	dis	(533, 540)	N	same	vert	up	True	608561	609610	up	1	2	81
11	hjy	f	22	1	50	diamond	red	(645, 428)	high	no	no_dis	N	dif	hori	left	True	610658	612082	left	1	2	82
11	hjy	f	22	1	50	diamond	green	(533, 540)	low	dis	(724, 619)	N	dif	hori	left	True	613168	614010	up	0	2	83
11	hjy	f	22	1	50	diamond	red	(645, 428)	high	dis	(724, 619)	N	dif	vert	up	True	616621	617746	up	1	2	84
11	hjy	f	22	1	50	diamond	red	(645, 652)	low	dis	(757, 540)	N	dif	vert	up	True	618846	620226	up	1	2	85
11	hjy	f	22	1	50	circle	green	(724, 460)	low	dis	(724, 619)	N	dif	hori	left	True	621452	622594	up	0	2	86
11	hjy	f	22	1	50	diamond	red	(565, 460)	low	dis	(565, 619)	N	dif	vert	up	True	625121	626706	up	1	2	87
11	hjy	f	22	1	50	circle	green	(645, 652)	low	dis	(645, 428)	Y	dif	vert	up	True	627869	628922	up	1	2	88
11	hjy	f	22	1	50	circle	green	(645, 428)	high	no	no_dis	N	dif	vert	up	True	630034	631410	up	1	2	89
11	hjy	f	22	1	50	circle	green	(645, 428)	high	dis	(565, 619)	N	same	vert	up	True	632566	634561	up	1	2	90
11	hjy	f	22	1	50	circle	green	(645, 428)	high	dis	(724, 460)	N	dif	vert	up	True	635566	637178	up	1	2	91
11	hjy	f	22	1	50	circle	green	(645, 652)	low	no	no_dis	N	same	hori	left	True	638419	639226	left	1	2	92
11	hjy	f	22	1	50	circle	red	(565, 619)	low	dis	(645, 428)	Y	dif	hori	left	True	640290	641394	left	1	2	93
11	hjy	f	22	1	50	diamond	red	(724, 460)	low	dis	(645, 428)	Y	same	hori	left	True	642414	643906	left	1	2	94
11	hjy	f	22	1	50	circle	green	(565, 460)	low	no	no_dis	N	same	vert	up	True	645107	646145	up	1	2	95
11	hjy	f	22	1	50	circle	green	(645, 428)	high	no	no_dis	N	dif	hori	left	True	647365	648530	left	1	2	96
11	hjy	f	22	1	50	circle	green	(645, 428)	high	dis	(757, 540)	N	dif	vert	up	True	649704	650698	up	1	2	97
11	hjy	f	22	1	50	diamond	red	(645, 428)	high	dis	(724, 619)	N	same	hori	left	True	651868	653626	left	1	2	98
11	hjy	f	22	1	50	circle	red	(757, 540)	low	dis	(645, 428)	Y	same	hori	left	True	654675	656370	left	1	2	99
11	hjy	f	22	1	50	circle	green	(645, 428)	high	no	no_dis	N	dif	hori	left	True	657456	658202	left	1	2	100
11	hjy	f	22	1	50	diamond	green	(645, 428)	high	no	no_dis	N	same	hori	left	True	659340	661074	up	0	2	101
11	hjy	f	22	1	50	diamond	red	(724, 619)	low	dis	(757, 540)	N	same	vert	up	True	663644	665242	up	1	2	102
11	hjy	f	22	1	50	diamond	red	(645, 428)	high	no	no_dis	N	dif	vert	up	True	666271	667650	up	1	2	103
11	hjy	f	22	1	50	circle	green	(724, 619)	low	dis	(645, 652)	N	same	hori	left	True	668750	670802	up	0	2	104
11	hjy	f	22	1	50	circle	green	(645, 428)	high	dis	(565, 460)	N	dif	vert	up	True	673475	674721	up	1	2	105
11	hjy	f	22	1	50	circle	green	(645, 428)	high	no	no_dis	N	same	hori	left	True	675972	677386	left	1	2	106
11	hjy	f	22	1	50	diamond	green	(645, 428)	high	dis	(565, 460)	N	same	vert	up	True	678457	680418	left	0	2	107
11	hjy	f	22	1	50	circle	red	(645, 428)	high	no	no_dis	N	dif	vert	up	True	682989	684266	up	1	2	108
11	hjy	f	22	1	50	diamond	green	(645, 428)	high	dis	(565, 619)	N	dif	hori	left	True	685292	686531	left	1	2	109
11	hjy	f	22	1	50	circle	green	(724, 460)	low	dis	(565, 619)	N	same	hori	left	True	687657	688938	left	1	2	110
11	hjy	f	22	1	50	circle	red	(645, 428)	high	dis	(645, 652)	N	same	hori	left	True	690091	691186	left	1	2	111
11	hjy	f	22	1	50	circle	red	(645, 428)	high	no	no_dis	N	same	hori	left	True	692402	693674	left	1	2	112
11	hjy	f	22	1	50	circle	green	(724, 460)	low	no	no_dis	N	dif	hori	left	True	694806	696002	left	1	2	113
11	hjy	f	22	1	50	circle	green	(645, 428)	high	dis	(533, 540)	N	same	vert	up	True	697047	698890	up	1	2	114
11	hjy	f	22	1	50	diamond	red	(645, 652)	low	no	no_dis	N	same	vert	up	True	700037	700938	up	1	2	115
11	hjy	f	22	1	50	circle	red	(645, 428)	high	dis	(757, 540)	N	same	vert	up	True	701989	703858	up	1	2	116
11	hjy	f	22	1	50	circle	red	(757, 540)	low	no	no_dis	N	same	vert	up	True	704932	705994	up	1	2	117
11	hjy	f	22	1	50	circle	red	(565, 460)	low	dis	(565, 619)	N	dif	hori	left	True	707043	708466	left	1	2	118
11	hjy	f	22	1	50	circle	red	(645, 428)	high	no	no_dis	N	same	vert	up	True	709502	710514	up	1	2	119
11	hjy	f	22	1	50	diamond	green	(565, 619)	low	dis	(645, 428)	Y	same	vert	up	True	711675	713059	up	1	2	120
11	hjy	f	22	1	50	circle	red	(645, 428)	high	no	no_dis	N	same	vert	up	True	747947	748955	up	1	3	1
11	hjy	f	22	1	50	circle	red	(645, 428)	high	no	no_dis	N	same	hori	left	True	750127	750834	left	1	3	2
11	hjy	f	22	1	50	circle	red	(757, 540)	low	dis	(724, 460)	N	same	vert	up	True	751851	752746	up	1	3	3
11	hjy	f	22	1	50	circle	green	(565, 460)	low	no	no_dis	N	same	vert	up	True	753837	754546	up	1	3	4
11	hjy	f	22	1	50	diamond	green	(645, 428)	high	dis	(757, 540)	N	same	vert	up	True	755788	756810	up	1	3	5
11	hjy	f	22	1	50	circle	red	(533, 540)	low	dis	(645, 428)	Y	dif	vert	up	True	758027	759018	up	1	3	6
11	hjy	f	22	1	50	circle	red	(645, 428)	high	dis	(565, 619)	N	same	hori	left	True	760140	760970	left	1	3	7
11	hjy	f	22	1	50	diamond	green	(724, 619)	low	dis	(533, 540)	N	same	vert	up	True	762204	763250	up	1	3	8
11	hjy	f	22	1	50	diamond	red	(645, 428)	high	dis	(533, 540)	N	dif	vert	up	True	764448	765242	up	1	3	9
11	hjy	f	22	1	50	diamond	red	(724, 619)	low	no	no_dis	N	same	vert	up	True	766449	767330	up	1	3	10
11	hjy	f	22	1	50	circle	green	(757, 540)	low	no	no_dis	N	dif	vert	up	True	768360	769410	up	1	3	11
11	hjy	f	22	1	50	diamond	red	(645, 428)	high	dis	(565, 460)	N	same	vert	up	True	770532	771923	up	1	3	12
11	hjy	f	22	1	50	circle	red	(645, 652)	low	dis	(565, 460)	N	same	hori	left	True	773020	773882	left	1	3	13
11	hjy	f	22	1	50	circle	red	(724, 619)	low	no	no_dis	N	same	hori	left	True	774952	775843	left	1	3	14
11	hjy	f	22	1	50	diamond	green	(645, 428)	high	no	no_dis	N	same	hori	left	True	776845	777938	left	1	3	15
11	hjy	f	22	1	50	diamond	red	(645, 428)	high	dis	(645, 652)	N	same	vert	up	True	779169	780490	up	1	3	16
11	hjy	f	22	1	50	circle	red	(724, 619)	low	dis	(565, 460)	N	dif	hori	left	True	781702	782626	left	1	3	17
11	hjy	f	22	1	50	circle	green	(645, 428)	high	dis	(724, 460)	N	dif	hori	left	True	783773	784546	left	1	3	18
11	hjy	f	22	1	50	circle	green	(565, 619)	low	no	no_dis	N	dif	hori	left	True	785632	786322	left	1	3	19
11	hjy	f	22	1	50	circle	red	(645, 428)	high	dis	(757, 540)	N	dif	vert	up	True	787499	788466	up	1	3	20
11	hjy	f	22	1	50	diamond	green	(645, 428)	high	dis	(533, 540)	N	dif	vert	up	True	789571	790650	up	1	3	21
11	hjy	f	22	1	50	diamond	green	(565, 460)	low	dis	(533, 540)	N	same	vert	up	True	791766	793050	up	1	3	22
11	hjy	f	22	1	50	diamond	red	(757, 540)	low	no	no_dis	N	dif	hori	left	True	794149	795186	left	1	3	23
11	hjy	f	22	1	50	diamond	red	(724, 619)	low	dis	(645, 428)	Y	dif	hori	left	True	796383	797354	left	1	3	24
11	hjy	f	22	1	50	diamond	green	(724, 460)	low	dis	(724, 619)	N	dif	vert	up	True	798477	799763	up	1	3	25
11	hjy	f	22	1	50	circle	red	(533, 540)	low	dis	(757, 540)	N	dif	hori	left	True	800899	801818	left	1	3	26
11	hjy	f	22	1	50	diamond	green	(645, 428)	high	no	no_dis	N	same	hori	left	True	802991	804643	left	1	3	27
11	hjy	f	22	1	50	diamond	red	(533, 540)	low	dis	(645, 428)	Y	dif	hori	left	True	805877	807290	left	1	3	28
11	hjy	f	22	1	50	diamond	green	(724, 460)	low	no	no_dis	N	dif	vert	up	True	808503	809554	up	1	3	29
11	hjy	f	22	1	50	circle	green	(645, 428)	high	dis	(565, 460)	N	dif	vert	up	True	810787	812267	up	1	3	30
11	hjy	f	22	1	50	circle	green	(645, 428)	high	no	no_dis	N	same	vert	up	True	813355	814786	up	1	3	31
11	hjy	f	22	1	50	diamond	green	(645, 428)	high	no	no_dis	N	same	vert	up	True	815803	816866	up	1	3	32
11	hjy	f	22	1	50	diamond	green	(645, 428)	high	dis	(533, 540)	N	same	vert	up	True	818068	819586	up	1	3	33
11	hjy	f	22	1	50	diamond	red	(724, 460)	low	dis	(565, 619)	N	same	vert	up	True	820725	822467	up	1	3	34
11	hjy	f	22	1	50	circle	green	(724, 460)	low	dis	(645, 428)	Y	dif	vert	up	True	823663	824962	up	1	3	35
11	hjy	f	22	1	50	diamond	green	(645, 428)	high	dis	(724, 460)	N	same	hori	left	True	826189	827450	left	1	3	36
11	hjy	f	22	1	50	diamond	red	(645, 652)	low	no	no_dis	N	same	hori	left	True	828668	829618	left	1	3	37
11	hjy	f	22	1	50	diamond	green	(645, 428)	high	no	no_dis	N	dif	hori	left	True	830714	831754	left	1	3	38
11	hjy	f	22	1	50	diamond	green	(645, 428)	high	dis	(724, 460)	N	same	vert	up	True	832781	833770	up	1	3	39
11	hjy	f	22	1	50	circle	green	(645, 652)	low	dis	(757, 540)	N	dif	vert	up	True	834959	836034	up	1	3	40
11	hjy	f	22	1	50	diamond	red	(565, 619)	low	dis	(565, 460)	N	dif	hori	left	True	837259	838274	left	1	3	41
11	hjy	f	22	1	50	circle	green	(645, 428)	high	dis	(645, 652)	N	same	hori	left	True	839485	840394	left	1	3	42
11	hjy	f	22	1	50	diamond	green	(645, 428)	high	dis	(565, 460)	N	dif	hori	left	True	841424	843090	left	1	3	43
11	hjy	f	22	1	50	diamond	green	(645, 428)	high	dis	(757, 540)	N	same	hori	left	True	844191	845458	up	0	3	44
11	hjy	f	22	1	50	circle	green	(645, 652)	low	dis	(565, 460)	N	same	vert	up	True	848182	849490	up	1	3	45
11	hjy	f	22	1	50	diamond	red	(645, 428)	high	dis	(724, 619)	N	same	vert	up	True	850681	852266	up	1	3	46
11	hjy	f	22	1	50	diamond	red	(645, 428)	high	dis	(645, 652)	N	dif	hori	left	True	853291	854442	left	1	3	47
11	hjy	f	22	1	50	diamond	green	(533, 540)	low	dis	(645, 428)	Y	dif	hori	left	True	855451	856474	left	1	3	48
11	hjy	f	22	1	50	circle	red	(645, 428)	high	no	no_dis	N	dif	vert	up	True	857534	858658	up	1	3	49
11	hjy	f	22	1	50	diamond	green	(757, 540)	low	dis	(724, 460)	N	dif	vert	up	True	859779	860882	up	1	3	50
11	hjy	f	22	1	50	diamond	green	(565, 460)	low	no	no_dis	N	dif	hori	left	True	862072	863482	left	1	3	51
11	hjy	f	22	1	50	diamond	red	(645, 428)	high	no	no_dis	N	dif	vert	up	True	864731	865618	up	1	3	52
11	hjy	f	22	1	50	diamond	green	(565, 619)	low	no	no_dis	N	dif	hori	left	True	866666	867570	left	1	3	53
11	hjy	f	22	1	50	diamond	red	(645, 428)	high	dis	(724, 619)	N	dif	vert	up	True	868815	869810	up	1	3	54
11	hjy	f	22	1	50	circle	green	(565, 460)	low	dis	(724, 460)	N	same	hori	left	True	871008	872146	left	1	3	55
11	hjy	f	22	1	50	circle	red	(645, 428)	high	dis	(645, 652)	N	dif	vert	up	True	873348	874290	up	1	3	56
11	hjy	f	22	1	50	diamond	green	(645, 428)	high	dis	(724, 619)	N	same	vert	up	True	875507	876762	up	1	3	57
11	hjy	f	22	1	50	diamond	red	(645, 652)	low	no	no_dis	N	same	vert	up	True	877831	879561	up	1	3	58
11	hjy	f	22	1	50	circle	green	(565, 619)	low	dis	(533, 540)	N	dif	hori	left	True	880800	882498	left	1	3	59
11	hjy	f	22	1	50	diamond	red	(757, 540)	low	dis	(724, 619)	N	same	vert	up	True	883733	886082	left	0	3	60
11	hjy	f	22	1	50	diamond	green	(645, 428)	high	dis	(724, 619)	N	same	hori	left	True	888744	890098	left	1	3	61
11	hjy	f	22	1	50	circle	green	(645, 428)	high	dis	(533, 540)	N	same	vert	up	True	891122	892098	up	1	3	62
11	hjy	f	22	1	50	diamond	green	(645, 652)	low	dis	(757, 540)	N	same	hori	left	True	893283	894610	left	1	3	63
11	hjy	f	22	1	50	diamond	green	(533, 540)	low	dis	(645, 652)	N	same	hori	left	True	895842	896682	left	1	3	64
11	hjy	f	22	1	50	circle	green	(533, 540)	low	no	no_dis	N	dif	vert	up	True	897873	899026	up	1	3	65
11	hjy	f	22	1	50	diamond	red	(645, 428)	high	no	no_dis	N	dif	hori	left	True	900081	901242	left	1	3	66
11	hjy	f	22	1	50	diamond	red	(645, 428)	high	no	no_dis	N	same	vert	up	True	902472	903594	up	1	3	67
11	hjy	f	22	1	50	circle	green	(645, 428)	high	no	no_dis	N	dif	hori	left	True	904749	905530	left	1	3	68
11	hjy	f	22	1	50	circle	green	(724, 619)	low	dis	(565, 619)	N	dif	vert	up	True	906693	908698	up	1	3	69
11	hjy	f	22	1	50	circle	green	(724, 619)	low	no	no_dis	N	same	vert	up	True	909834	910842	up	1	3	70
11	hjy	f	22	1	50	diamond	red	(724, 460)	low	no	no_dis	N	same	hori	left	True	911951	912754	left	1	3	71
11	hjy	f	22	1	50	circle	green	(645, 428)	high	dis	(565, 460)	N	same	hori	left	True	913947	914834	left	1	3	72
11	hjy	f	22	1	50	diamond	red	(645, 428)	high	dis	(565, 619)	N	dif	hori	left	True	916003	916850	left	1	3	73
11	hjy	f	22	1	50	circle	red	(565, 619)	low	dis	(533, 540)	N	same	vert	up	True	917925	918890	up	1	3	74
11	hjy	f	22	1	50	diamond	green	(645, 428)	high	dis	(724, 460)	N	same	vert	up	True	919979	920922	up	1	3	75
11	hjy	f	22	1	50	circle	green	(645, 428)	high	dis	(724, 619)	N	dif	vert	up	True	921958	923418	up	1	3	76
11	hjy	f	22	1	50	circle	red	(757, 540)	low	dis	(645, 428)	Y	dif	vert	up	True	924468	925418	up	1	3	77
11	hjy	f	22	1	50	diamond	red	(645, 428)	high	no	no_dis	N	same	hori	left	True	926503	927114	left	1	3	78
11	hjy	f	22	1	50	diamond	red	(565, 460)	low	dis	(565, 619)	N	same	hori	left	True	928331	929162	left	1	3	79
11	hjy	f	22	1	50	diamond	green	(565, 619)	low	dis	(645, 652)	N	same	hori	left	True	930278	931634	left	1	3	80
11	hjy	f	22	1	50	circle	green	(724, 460)	low	dis	(645, 652)	N	same	vert	up	True	932725	933802	up	1	3	81
11	hjy	f	22	1	50	diamond	red	(724, 619)	low	dis	(565, 619)	N	same	vert	up	True	934890	936378	up	1	3	82
11	hjy	f	22	1	50	circle	red	(645, 428)	high	no	no_dis	N	dif	vert	up	True	937492	938714	up	1	3	83
11	hjy	f	22	1	50	diamond	green	(565, 619)	low	dis	(724, 619)	N	dif	hori	left	True	939960	940770	left	1	3	84
11	hjy	f	22	1	50	diamond	green	(533, 540)	low	no	no_dis	N	dif	hori	left	True	941840	942770	left	1	3	85
11	hjy	f	22	1	50	diamond	red	(645, 428)	high	dis	(565, 460)	N	same	vert	up	True	943953	944963	up	1	3	86
11	hjy	f	22	1	50	circle	red	(645, 428)	high	dis	(533, 540)	N	same	hori	left	True	946079	947427	left	1	3	87
11	hjy	f	22	1	50	circle	red	(645, 428)	high	dis	(724, 619)	N	dif	hori	left	True	948652	949785	left	1	3	88
11	hjy	f	22	1	50	circle	red	(757, 540)	low	no	no_dis	N	dif	vert	up	True	950988	952058	up	1	3	89
11	hjy	f	22	1	50	diamond	green	(533, 540)	low	no	no_dis	N	dif	vert	up	True	953200	954042	up	1	3	90
11	hjy	f	22	1	50	circle	green	(645, 428)	high	no	no_dis	N	dif	vert	up	True	955250	955994	up	1	3	91
11	hjy	f	22	1	50	circle	red	(565, 460)	low	dis	(757, 540)	N	dif	hori	left	True	957086	957890	left	1	3	92
11	hjy	f	22	1	50	circle	green	(645, 652)	low	dis	(724, 460)	N	dif	vert	up	True	958932	959890	up	1	3	93
11	hjy	f	22	1	50	circle	green	(757, 540)	low	dis	(565, 619)	N	dif	vert	up	True	960900	961634	up	1	3	94
11	hjy	f	22	1	50	circle	red	(724, 460)	low	dis	(645, 428)	Y	same	hori	left	True	962729	963378	left	1	3	95
11	hjy	f	22	1	50	circle	red	(565, 619)	low	no	no_dis	N	same	vert	up	True	964428	965226	up	1	3	96
11	hjy	f	22	1	50	diamond	green	(724, 460)	low	dis	(645, 428)	Y	same	hori	left	True	966415	968586	left	1	3	97
11	hjy	f	22	1	50	circle	green	(645, 428)	high	no	no_dis	N	same	hori	left	True	969697	970378	left	1	3	98
11	hjy	f	22	1	50	diamond	green	(645, 428)	high	no	no_dis	N	dif	hori	left	True	971424	972074	left	1	3	99
11	hjy	f	22	1	50	circle	red	(645, 428)	high	dis	(757, 540)	N	same	hori	left	True	973114	974010	left	1	3	100
11	hjy	f	22	1	50	circle	red	(645, 428)	high	dis	(645, 652)	N	dif	vert	up	True	975255	976201	up	1	3	101
11	hjy	f	22	1	50	circle	red	(724, 460)	low	no	no_dis	N	same	hori	left	True	977227	978131	left	1	3	102
11	hjy	f	22	1	50	circle	red	(645, 428)	high	no	no_dis	N	dif	vert	up	True	979173	979874	up	1	3	103
11	hjy	f	22	1	50	circle	red	(645, 428)	high	dis	(565, 619)	N	dif	hori	left	True	980895	981834	left	1	3	104
11	hjy	f	22	1	50	circle	green	(645, 428)	high	dis	(565, 619)	N	dif	vert	up	True	982858	983970	up	1	3	105
11	hjy	f	22	1	50	circle	red	(645, 652)	low	no	no_dis	N	same	hori	left	True	985158	985810	left	1	3	106
11	hjy	f	22	1	50	circle	red	(565, 619)	low	dis	(645, 428)	Y	same	hori	left	True	986832	988346	left	1	3	107
11	hjy	f	22	1	50	diamond	red	(645, 428)	high	dis	(757, 540)	N	dif	hori	left	True	989547	990514	left	1	3	108
11	hjy	f	22	1	50	circle	green	(645, 428)	high	dis	(724, 460)	N	same	hori	left	True	991609	992826	left	1	3	109
11	hjy	f	22	1	50	diamond	red	(645, 428)	high	no	no_dis	N	same	vert	up	True	993953	994906	up	1	3	110
11	hjy	f	22	1	50	circle	green	(645, 428)	high	no	no_dis	N	dif	hori	left	True	996127	996818	left	1	3	111
11	hjy	f	22	1	50	diamond	red	(645, 652)	low	dis	(757, 540)	N	dif	hori	left	True	997911	998930	left	1	3	112
11	hjy	f	22	1	50	circle	red	(645, 428)	high	dis	(565, 619)	N	same	hori	left	True	999989	1000890	left	1	3	113
11	hjy	f	22	1	50	diamond	red	(645, 428)	high	dis	(533, 540)	N	dif	vert	up	True	1001999	1002746	up	1	3	114
11	hjy	f	22	1	50	diamond	red	(565, 460)	low	dis	(724, 619)	N	same	hori	left	True	1003925	1005219	up	0	3	115
11	hjy	f	22	1	50	diamond	red	(565, 460)	low	dis	(645, 652)	N	dif	vert	up	True	1007747	1008506	up	1	3	116
11	hjy	f	22	1	50	circle	green	(645, 428)	high	dis	(645, 652)	N	dif	hori	left	True	1009594	1010538	left	1	3	117
11	hjy	f	22	1	50	circle	green	(533, 540)	low	dis	(645, 428)	Y	same	vert	up	True	1011674	1012594	up	1	3	118
11	hjy	f	22	1	50	circle	green	(645, 428)	high	dis	(724, 460)	N	dif	hori	left	True	1013723	1014730	left	1	3	119
11	hjy	f	22	1	50	circle	red	(645, 428)	high	dis	(565, 460)	N	dif	hori	left	True	1015950	1017650	left	1	3	120
11	hjy	f	22	1	50	circle	red	(533, 540)	low	no	no_dis	N	same	vert	up	True	1052570	1053290	up	1	4	1
11	hjy	f	22	1	50	circle	red	(645, 428)	high	dis	(724, 460)	N	dif	vert	up	True	1054399	1055274	up	1	4	2
11	hjy	f	22	1	50	diamond	green	(645, 428)	high	dis	(757, 540)	N	same	hori	left	True	1056284	1056994	left	1	4	3
11	hjy	f	22	1	50	circle	green	(533, 540)	low	dis	(724, 460)	N	same	hori	left	True	1058057	1058922	left	1	4	4
11	hjy	f	22	1	50	diamond	green	(645, 428)	high	dis	(565, 460)	N	same	vert	up	True	1059929	1060578	up	1	4	5
11	hjy	f	22	1	50	circle	red	(724, 460)	low	dis	(565, 460)	N	same	hori	left	True	1061823	1063018	left	1	4	6
11	hjy	f	22	1	50	circle	green	(645, 428)	high	dis	(757, 540)	N	dif	vert	up	True	1064086	1064810	up	1	4	7
11	hjy	f	22	1	50	circle	green	(645, 428)	high	dis	(565, 619)	N	dif	hori	left	True	1065990	1067378	left	1	4	8
11	hjy	f	22	1	50	circle	red	(645, 428)	high	dis	(565, 619)	N	dif	vert	up	True	1068542	1069170	up	1	4	9
11	hjy	f	22	1	50	diamond	green	(645, 428)	high	no	no_dis	N	dif	vert	up	True	1070213	1071027	up	1	4	10
11	hjy	f	22	1	50	circle	green	(533, 540)	low	no	no_dis	N	same	hori	left	True	1072170	1072874	left	1	4	11
11	hjy	f	22	1	50	diamond	red	(565, 619)	low	dis	(757, 540)	N	dif	hori	left	True	1073967	1075009	up	0	4	12
11	hjy	f	22	1	50	circle	red	(645, 428)	high	dis	(565, 460)	N	same	hori	left	True	1077633	1078458	left	1	4	13
11	hjy	f	22	1	50	diamond	red	(565, 460)	low	dis	(645, 428)	Y	dif	hori	left	True	1079529	1080499	left	1	4	14
11	hjy	f	22	1	50	diamond	red	(645, 428)	high	no	no_dis	N	same	vert	up	True	1081523	1082338	up	1	4	15
11	hjy	f	22	1	50	circle	red	(645, 428)	high	dis	(724, 619)	N	dif	vert	up	True	1083439	1085018	up	1	4	16
11	hjy	f	22	1	50	diamond	green	(565, 460)	low	no	no_dis	N	dif	vert	up	True	1086149	1086842	up	1	4	17
11	hjy	f	22	1	50	circle	green	(724, 460)	low	dis	(645, 652)	N	same	hori	left	True	1088035	1088978	left	1	4	18
11	hjy	f	22	1	50	circle	red	(645, 428)	high	no	no_dis	N	dif	hori	left	True	1090121	1090883	left	1	4	19
11	hjy	f	22	1	50	diamond	red	(533, 540)	low	dis	(645, 428)	Y	same	vert	up	True	1092010	1093210	up	1	4	20
11	hjy	f	22	1	50	diamond	red	(645, 428)	high	dis	(757, 540)	N	dif	vert	up	True	1094275	1094898	up	1	4	21
11	hjy	f	22	1	50	diamond	green	(645, 428)	high	dis	(724, 619)	N	same	vert	up	True	1096036	1097050	up	1	4	22
11	hjy	f	22	1	50	diamond	red	(645, 428)	high	dis	(533, 540)	N	same	vert	up	True	1098079	1098706	up	1	4	23
11	hjy	f	22	1	50	circle	red	(757, 540)	low	no	no_dis	N	dif	vert	up	True	1099724	1100531	up	1	4	24
11	hjy	f	22	1	50	circle	green	(645, 428)	high	no	no_dis	N	same	hori	left	True	1101599	1102186	left	1	4	25
11	hjy	f	22	1	50	circle	red	(724, 619)	low	no	no_dis	N	same	vert	up	True	1103221	1104290	up	1	4	26
11	hjy	f	22	1	50	diamond	green	(565, 460)	low	dis	(533, 540)	N	same	vert	up	True	1105438	1107482	up	1	4	27
11	hjy	f	22	1	50	diamond	green	(645, 428)	high	dis	(565, 619)	N	dif	vert	up	True	1108544	1109594	up	1	4	28
11	hjy	f	22	1	50	circle	green	(565, 619)	low	dis	(565, 460)	N	same	hori	left	True	1110801	1111833	left	1	4	29
11	hjy	f	22	1	50	diamond	red	(645, 428)	high	dis	(565, 460)	N	dif	hori	left	True	1112927	1114011	left	1	4	30
11	hjy	f	22	1	50	diamond	red	(565, 619)	low	no	no_dis	N	same	hori	left	True	1115182	1116202	up	0	4	31
11	hjy	f	22	1	50	circle	red	(645, 428)	high	dis	(533, 540)	N	same	vert	up	True	1118799	1119473	up	1	4	32
11	hjy	f	22	1	50	diamond	green	(645, 428)	high	no	no_dis	N	dif	vert	up	True	1120643	1122418	left	0	4	33
11	hjy	f	22	1	50	circle	red	(645, 428)	high	no	no_dis	N	dif	vert	up	True	1125008	1126706	up	1	4	34
11	hjy	f	22	1	50	diamond	red	(645, 652)	low	no	no_dis	N	dif	hori	left	True	1127784	1128682	left	1	4	35
11	hjy	f	22	1	50	circle	green	(757, 540)	low	dis	(533, 540)	N	same	vert	up	True	1129858	1130642	up	1	4	36
11	hjy	f	22	1	50	circle	green	(645, 428)	high	dis	(533, 540)	N	dif	vert	up	True	1131856	1132587	up	1	4	37
11	hjy	f	22	1	50	diamond	red	(645, 652)	low	no	no_dis	N	same	hori	left	True	1133814	1134618	left	1	4	38
11	hjy	f	22	1	50	circle	red	(645, 428)	high	dis	(645, 652)	N	dif	hori	left	True	1135671	1136954	left	1	4	39
11	hjy	f	22	1	50	diamond	green	(757, 540)	low	dis	(645, 652)	N	dif	vert	up	True	1137957	1139554	up	1	4	40
11	hjy	f	22	1	50	diamond	green	(757, 540)	low	dis	(645, 428)	Y	same	hori	left	True	1140631	1142386	left	1	4	41
11	hjy	f	22	1	50	circle	green	(645, 428)	high	dis	(757, 540)	N	same	hori	left	True	1143494	1144682	left	1	4	42
11	hjy	f	22	1	50	circle	red	(565, 460)	low	dis	(724, 619)	N	dif	vert	up	True	1145871	1147282	up	1	4	43
11	hjy	f	22	1	50	circle	red	(645, 652)	low	no	no_dis	N	same	vert	up	True	1148358	1149138	up	1	4	44
11	hjy	f	22	1	50	circle	green	(645, 652)	low	dis	(565, 619)	N	same	vert	up	True	1150381	1151121	up	1	4	45
11	hjy	f	22	1	50	circle	green	(645, 428)	high	no	no_dis	N	dif	hori	left	True	1152302	1152986	left	1	4	46
11	hjy	f	22	1	50	circle	green	(645, 428)	high	no	no_dis	N	same	hori	left	True	1154072	1154946	left	1	4	47
11	hjy	f	22	1	50	circle	green	(724, 460)	low	dis	(757, 540)	N	dif	vert	up	True	1155984	1157042	up	1	4	48
11	hjy	f	22	1	50	diamond	green	(645, 428)	high	dis	(565, 460)	N	dif	hori	left	True	1158141	1159850	left	1	4	49
11	hjy	f	22	1	50	diamond	red	(645, 428)	high	dis	(757, 540)	N	same	hori	left	True	1161063	1161971	left	1	4	50
11	hjy	f	22	1	50	diamond	green	(757, 540)	low	no	no_dis	N	dif	vert	up	True	1163168	1163890	up	1	4	51
11	hjy	f	22	1	50	circle	red	(724, 460)	low	dis	(645, 428)	Y	dif	hori	left	True	1165137	1166530	left	1	4	52
11	hjy	f	22	1	50	circle	green	(565, 619)	low	no	no_dis	N	same	vert	up	True	1167578	1168467	up	1	4	53
11	hjy	f	22	1	50	diamond	green	(645, 652)	low	dis	(533, 540)	N	dif	hori	left	True	1169515	1170610	left	1	4	54
11	hjy	f	22	1	50	circle	red	(645, 428)	high	dis	(645, 652)	N	dif	hori	left	True	1171628	1173234	up	0	4	55
11	hjy	f	22	1	50	circle	green	(533, 540)	low	dis	(645, 652)	N	same	vert	up	True	1175838	1177362	up	1	4	56
11	hjy	f	22	1	50	diamond	green	(645, 428)	high	dis	(724, 460)	N	dif	hori	left	True	1178503	1179282	left	1	4	57
11	hjy	f	22	1	50	diamond	red	(724, 619)	low	dis	(645, 428)	Y	same	hori	left	True	1180351	1181153	left	1	4	58
11	hjy	f	22	1	50	circle	green	(565, 619)	low	no	no_dis	N	dif	hori	left	True	1182314	1184003	left	1	4	59
11	hjy	f	22	1	50	circle	red	(645, 428)	high	no	no_dis	N	same	vert	up	True	1185048	1185802	up	1	4	60
11	hjy	f	22	1	50	diamond	red	(645, 428)	high	dis	(724, 619)	N	same	vert	up	True	1186977	1187794	up	1	4	61
11	hjy	f	22	1	50	diamond	green	(645, 428)	high	dis	(724, 619)	N	same	hori	left	True	1189048	1189747	left	1	4	62
11	hjy	f	22	1	50	circle	red	(645, 428)	high	no	no_dis	N	dif	vert	up	True	1190869	1191442	up	1	4	63
11	hjy	f	22	1	50	diamond	green	(645, 428)	high	no	no_dis	N	same	vert	up	True	1192673	1193266	up	1	4	64
11	hjy	f	22	1	50	circle	red	(645, 428)	high	dis	(724, 460)	N	same	vert	up	True	1194382	1195242	up	1	4	65
11	hjy	f	22	1	50	circle	green	(724, 619)	low	dis	(757, 540)	N	same	vert	up	True	1196380	1197418	up	1	4	66
11	hjy	f	22	1	50	diamond	green	(724, 460)	low	dis	(724, 619)	N	same	hori	left	True	1198434	1199906	left	1	4	67
11	hjy	f	22	1	50	diamond	red	(645, 428)	high	dis	(757, 540)	N	dif	hori	left	True	1200916	1202058	left	1	4	68
11	hjy	f	22	1	50	diamond	green	(645, 428)	high	dis	(724, 460)	N	same	hori	left	True	1203250	1204074	left	1	4	69
11	hjy	f	22	1	50	circle	red	(645, 428)	high	dis	(645, 652)	N	same	vert	up	True	1205245	1205970	up	1	4	70
11	hjy	f	22	1	50	diamond	red	(724, 460)	low	dis	(645, 428)	Y	same	hori	left	True	1207216	1208066	left	1	4	71
11	hjy	f	22	1	50	diamond	red	(645, 428)	high	dis	(565, 619)	N	same	vert	up	True	1209316	1210482	up	1	4	72
11	hjy	f	22	1	50	circle	red	(724, 619)	low	dis	(724, 460)	N	dif	vert	up	True	1211490	1212299	left	0	4	73
11	hjy	f	22	1	50	diamond	red	(724, 619)	low	dis	(533, 540)	N	same	vert	up	True	1214879	1215539	left	0	4	74
11	hjy	f	22	1	50	diamond	green	(533, 540)	low	dis	(724, 619)	N	same	hori	left	True	1218244	1219178	left	1	4	75
11	hjy	f	22	1	50	circle	green	(565, 460)	low	dis	(724, 619)	N	dif	vert	up	True	1220398	1221290	up	1	4	76
11	hjy	f	22	1	50	diamond	green	(565, 460)	low	dis	(724, 460)	N	dif	vert	up	True	1222540	1223290	up	1	4	77
11	hjy	f	22	1	50	diamond	red	(645, 428)	high	dis	(645, 652)	N	same	hori	left	True	1224511	1225314	left	1	4	78
11	hjy	f	22	1	50	diamond	green	(565, 460)	low	no	no_dis	N	same	hori	left	True	1226348	1227299	left	1	4	79
11	hjy	f	22	1	50	circle	red	(645, 428)	high	no	no_dis	N	dif	hori	left	True	1228501	1229499	left	1	4	80
11	hjy	f	22	1	50	diamond	red	(645, 428)	high	no	no_dis	N	same	vert	up	True	1230696	1231675	up	1	4	81
11	hjy	f	22	1	50	circle	red	(645, 652)	low	dis	(565, 619)	N	dif	vert	up	True	1232788	1233826	up	1	4	82
11	hjy	f	22	1	50	diamond	green	(645, 428)	high	no	no_dis	N	dif	hori	left	True	1234855	1235547	left	1	4	83
11	hjy	f	22	1	50	circle	red	(565, 619)	low	dis	(645, 652)	N	same	vert	up	True	1236766	1237786	up	1	4	84
11	hjy	f	22	1	50	diamond	green	(645, 428)	high	no	no_dis	N	same	hori	left	True	1239002	1239698	left	1	4	85
11	hjy	f	22	1	50	diamond	green	(757, 540)	low	no	no_dis	N	dif	vert	up	True	1240702	1241658	up	1	4	86
11	hjy	f	22	1	50	diamond	green	(645, 428)	high	dis	(724, 460)	N	dif	vert	up	True	1242707	1243546	up	1	4	87
11	hjy	f	22	1	50	diamond	red	(757, 540)	low	dis	(565, 619)	N	same	vert	up	True	1244614	1245434	up	1	4	88
11	hjy	f	22	1	50	circle	green	(645, 428)	high	dis	(533, 540)	N	dif	hori	left	True	1246451	1247818	left	1	4	89
11	hjy	f	22	1	50	diamond	red	(645, 428)	high	no	no_dis	N	same	hori	left	True	1249059	1250362	left	1	4	90
11	hjy	f	22	1	50	circle	green	(724, 460)	low	no	no_dis	N	dif	vert	up	True	1251404	1252674	up	1	4	91
11	hjy	f	22	1	50	circle	red	(757, 540)	low	dis	(724, 460)	N	dif	vert	up	True	1253745	1254570	up	1	4	92
11	hjy	f	22	1	50	circle	green	(724, 619)	low	no	no_dis	N	same	hori	left	True	1255818	1256506	left	1	4	93
11	hjy	f	22	1	50	circle	green	(645, 428)	high	dis	(565, 460)	N	dif	vert	up	True	1257694	1259025	up	1	4	94
11	hjy	f	22	1	50	diamond	green	(724, 460)	low	no	no_dis	N	same	vert	up	True	1260271	1261954	up	1	4	95
11	hjy	f	22	1	50	circle	green	(645, 428)	high	dis	(565, 619)	N	dif	hori	left	True	1262991	1263931	left	1	4	96
11	hjy	f	22	1	50	circle	green	(645, 652)	low	dis	(565, 460)	N	dif	hori	left	True	1265144	1265914	left	1	4	97
11	hjy	f	22	1	50	diamond	red	(645, 428)	high	no	no_dis	N	same	vert	up	True	1267132	1268458	up	1	4	98
11	hjy	f	22	1	50	circle	green	(645, 428)	high	dis	(645, 652)	N	dif	hori	left	True	1269522	1270257	left	1	4	99
11	hjy	f	22	1	50	diamond	red	(645, 652)	low	dis	(565, 619)	N	dif	hori	left	True	1271358	1272234	left	1	4	100
11	hjy	f	22	1	50	diamond	red	(645, 428)	high	dis	(645, 652)	N	same	hori	left	True	1273275	1273954	left	1	4	101
11	hjy	f	22	1	50	diamond	green	(724, 619)	low	dis	(724, 460)	N	dif	vert	up	True	1275012	1276010	up	1	4	102
11	hjy	f	22	1	50	diamond	red	(533, 540)	low	no	no_dis	N	dif	hori	left	True	1277047	1278379	left	1	4	103
11	hjy	f	22	1	50	circle	green	(645, 428)	high	no	no_dis	N	same	hori	left	True	1279424	1280194	left	1	4	104
11	hjy	f	22	1	50	diamond	red	(645, 428)	high	dis	(533, 540)	N	dif	vert	up	True	1281358	1282482	up	1	4	105
11	hjy	f	22	1	50	diamond	red	(645, 428)	high	no	no_dis	N	dif	hori	left	True	1283495	1284387	left	1	4	106
11	hjy	f	22	1	50	circle	red	(533, 540)	low	dis	(645, 428)	Y	same	vert	up	True	1285625	1286650	up	1	4	107
11	hjy	f	22	1	50	diamond	green	(645, 428)	high	dis	(565, 619)	N	same	vert	up	True	1287692	1289539	up	1	4	108
11	hjy	f	22	1	50	circle	red	(757, 540)	low	dis	(645, 428)	Y	dif	hori	left	True	1290637	1291426	left	1	4	109
11	hjy	f	22	1	50	diamond	green	(533, 540)	low	dis	(565, 460)	N	dif	hori	left	True	1292576	1294003	left	1	4	110
11	hjy	f	22	1	50	diamond	red	(565, 460)	low	dis	(757, 540)	N	dif	hori	left	True	1295061	1296227	left	1	4	111
11	hjy	f	22	1	50	circle	red	(645, 428)	high	dis	(724, 619)	N	same	hori	left	True	1297416	1298330	left	1	4	112
11	hjy	f	22	1	50	circle	green	(645, 428)	high	dis	(724, 619)	N	same	vert	up	True	1299387	1300674	up	1	4	113
11	hjy	f	22	1	50	circle	green	(645, 428)	high	dis	(565, 460)	N	same	hori	left	True	1301683	1302722	left	1	4	114
11	hjy	f	22	1	50	circle	green	(645, 428)	high	no	no_dis	N	dif	vert	up	True	1303857	1304651	up	1	4	115
11	hjy	f	22	1	50	circle	red	(724, 460)	low	no	no_dis	N	dif	hori	left	True	1305794	1306514	left	1	4	116
11	hjy	f	22	1	50	diamond	red	(724, 619)	low	no	no_dis	N	dif	hori	left	True	1307759	1308650	left	1	4	117
11	hjy	f	22	1	50	diamond	red	(645, 652)	low	dis	(533, 540)	N	dif	vert	up	True	1309812	1311218	up	1	4	118
11	hjy	f	22	1	50	circle	red	(565, 619)	low	dis	(645, 428)	Y	same	hori	left	True	1312252	1313242	left	1	4	119
11	hjy	f	22	1	50	diamond	green	(565, 619)	low	dis	(645, 428)	Y	dif	hori	left	True	1314278	1315386	left	1	4	120
11	hjy	f	22	1	50	diamond	red	(645, 428)	high	no	no_dis	N	dif	hori	left	True	1348577	1349570	left	1	5	1
11	hjy	f	22	1	50	diamond	red	(724, 619)	low	no	no_dis	N	same	vert	up	True	1350753	1351498	up	1	5	2
11	hjy	f	22	1	50	circle	green	(645, 652)	low	dis	(565, 460)	N	same	hori	left	True	1352634	1353346	left	1	5	3
11	hjy	f	22	1	50	circle	red	(645, 428)	high	dis	(645, 652)	N	dif	hori	left	True	1354595	1355154	left	1	5	4
11	hjy	f	22	1	50	diamond	red	(645, 428)	high	no	no_dis	N	dif	vert	up	True	1356222	1357130	up	1	5	5
11	hjy	f	22	1	50	diamond	green	(533, 540)	low	dis	(645, 652)	N	same	hori	left	True	1358377	1358962	left	1	5	6
11	hjy	f	22	1	50	diamond	green	(565, 619)	low	dis	(724, 619)	N	same	vert	up	True	1360036	1360938	up	1	5	7
11	hjy	f	22	1	50	circle	red	(645, 652)	low	dis	(724, 619)	N	same	hori	left	True	1362030	1363194	left	1	5	8
11	hjy	f	22	1	50	diamond	green	(645, 428)	high	no	no_dis	N	same	hori	left	True	1364224	1364938	left	1	5	9
11	hjy	f	22	1	50	diamond	red	(645, 428)	high	dis	(533, 540)	N	same	vert	up	True	1365994	1367090	up	1	5	10
11	hjy	f	22	1	50	diamond	red	(565, 619)	low	dis	(645, 428)	Y	dif	vert	up	True	1368264	1369562	up	1	5	11
11	hjy	f	22	1	50	diamond	green	(724, 619)	low	no	no_dis	N	same	hori	left	True	1370724	1371578	left	1	5	12
11	hjy	f	22	1	50	circle	green	(645, 428)	high	dis	(724, 460)	N	same	vert	up	True	1372601	1373954	up	1	5	13
11	hjy	f	22	1	50	circle	red	(645, 428)	high	dis	(757, 540)	N	dif	hori	left	True	1374975	1375626	left	1	5	14
11	hjy	f	22	1	50	circle	green	(645, 428)	high	dis	(533, 540)	N	dif	vert	up	True	1376655	1377506	left	0	5	15
11	hjy	f	22	1	50	diamond	green	(724, 460)	low	no	no_dis	N	same	vert	up	True	1380067	1380954	up	1	5	16
11	hjy	f	22	1	50	circle	red	(645, 428)	high	dis	(533, 540)	N	dif	vert	up	True	1381987	1382874	up	1	5	17
11	hjy	f	22	1	50	diamond	red	(533, 540)	low	dis	(565, 619)	N	same	vert	up	True	1383935	1384826	up	1	5	18
11	hjy	f	22	1	50	circle	green	(645, 428)	high	dis	(724, 460)	N	dif	hori	left	True	1385885	1386554	left	1	5	19
11	hjy	f	22	1	50	circle	green	(645, 428)	high	dis	(565, 619)	N	dif	vert	up	True	1387776	1388579	up	1	5	20
11	hjy	f	22	1	50	diamond	red	(645, 428)	high	no	no_dis	N	dif	vert	up	True	1389603	1390258	up	1	5	21
11	hjy	f	22	1	50	circle	green	(533, 540)	low	dis	(724, 460)	N	same	hori	left	True	1391457	1392042	left	1	5	22
11	hjy	f	22	1	50	diamond	green	(724, 619)	low	dis	(757, 540)	N	dif	hori	left	True	1393281	1394490	left	1	5	23
11	hjy	f	22	1	50	diamond	red	(757, 540)	low	dis	(724, 460)	N	same	hori	left	True	1395696	1396602	left	1	5	24
11	hjy	f	22	1	50	circle	red	(645, 428)	high	dis	(757, 540)	N	dif	hori	left	True	1397783	1398530	left	1	5	25
11	hjy	f	22	1	50	circle	red	(724, 619)	low	dis	(565, 619)	N	dif	hori	left	True	1399635	1400330	left	1	5	26
11	hjy	f	22	1	50	diamond	green	(757, 540)	low	dis	(565, 619)	N	dif	vert	up	True	1401342	1402155	up	1	5	27
11	hjy	f	22	1	50	diamond	green	(645, 428)	high	dis	(565, 460)	N	dif	vert	up	True	1403346	1404042	up	1	5	28
11	hjy	f	22	1	50	circle	red	(565, 619)	low	dis	(645, 428)	Y	dif	hori	left	True	1405295	1406010	left	1	5	29
11	hjy	f	22	1	50	circle	red	(757, 540)	low	dis	(645, 652)	N	same	vert	up	True	1407242	1407962	up	1	5	30
11	hjy	f	22	1	50	circle	red	(645, 428)	high	no	no_dis	N	dif	hori	left	True	1409170	1409818	left	1	5	31
11	hjy	f	22	1	50	circle	red	(565, 619)	low	dis	(724, 619)	N	dif	vert	up	True	1410936	1411690	up	1	5	32
11	hjy	f	22	1	50	circle	red	(645, 428)	high	dis	(565, 460)	N	dif	hori	left	True	1412817	1413786	left	1	5	33
11	hjy	f	22	1	50	circle	red	(645, 652)	low	no	no_dis	N	dif	hori	left	True	1414890	1415490	left	1	5	34
11	hjy	f	22	1	50	circle	red	(565, 619)	low	no	no_dis	N	same	hori	left	True	1416637	1417178	left	1	5	35
11	hjy	f	22	1	50	diamond	green	(645, 428)	high	no	no_dis	N	same	hori	left	True	1418248	1419506	left	1	5	36
11	hjy	f	22	1	50	circle	green	(757, 540)	low	dis	(533, 540)	N	same	vert	up	True	1420512	1421210	up	1	5	37
11	hjy	f	22	1	50	diamond	green	(645, 428)	high	dis	(565, 619)	N	same	hori	left	True	1422257	1423802	up	0	5	38
11	hjy	f	22	1	50	diamond	green	(645, 428)	high	dis	(724, 619)	N	same	vert	up	True	1426496	1427274	up	1	5	39
11	hjy	f	22	1	50	circle	red	(645, 428)	high	no	no_dis	N	same	vert	up	True	1428341	1429475	up	1	5	40
11	hjy	f	22	1	50	circle	green	(645, 652)	low	dis	(645, 428)	Y	dif	vert	up	True	1430546	1431370	up	1	5	41
11	hjy	f	22	1	50	diamond	red	(724, 619)	low	dis	(645, 428)	Y	same	vert	up	True	1432556	1433506	up	1	5	42
11	hjy	f	22	1	50	diamond	red	(645, 428)	high	dis	(565, 460)	N	same	hori	left	True	1434756	1435650	left	1	5	43
11	hjy	f	22	1	50	diamond	green	(645, 428)	high	no	no_dis	N	dif	hori	left	True	1436713	1438338	left	1	5	44
11	hjy	f	22	1	50	circle	green	(757, 540)	low	no	no_dis	N	dif	vert	up	True	1439443	1440218	up	1	5	45
11	hjy	f	22	1	50	circle	red	(533, 540)	low	no	no_dis	N	dif	hori	left	True	1441380	1441978	left	1	5	46
11	hjy	f	22	1	50	diamond	red	(645, 428)	high	dis	(565, 619)	N	dif	vert	up	True	1443155	1444451	up	1	5	47
11	hjy	f	22	1	50	diamond	red	(645, 428)	high	dis	(645, 652)	N	dif	vert	up	True	1445606	1446650	up	1	5	48
11	hjy	f	22	1	50	circle	green	(645, 428)	high	dis	(645, 652)	N	same	vert	up	True	1447671	1449738	up	1	5	49
11	hjy	f	22	1	50	diamond	red	(645, 428)	high	no	no_dis	N	same	vert	up	True	1450876	1451994	up	1	5	50
11	hjy	f	22	1	50	circle	green	(565, 619)	low	dis	(757, 540)	N	same	vert	up	True	1453061	1453899	up	1	5	51
11	hjy	f	22	1	50	diamond	red	(645, 428)	high	dis	(565, 460)	N	dif	hori	left	True	1455066	1456210	left	1	5	52
11	hjy	f	22	1	50	diamond	green	(645, 652)	low	dis	(724, 460)	N	dif	hori	left	True	1457219	1458594	left	1	5	53
11	hjy	f	22	1	50	diamond	red	(645, 428)	high	dis	(724, 460)	N	dif	hori	left	True	1459847	1460859	left	1	5	54
11	hjy	f	22	1	50	diamond	red	(645, 428)	high	dis	(724, 619)	N	same	hori	left	True	1461935	1462594	left	1	5	55
11	hjy	f	22	1	50	circle	green	(724, 619)	low	no	no_dis	N	same	vert	up	True	1463683	1464723	up	1	5	56
11	hjy	f	22	1	50	circle	green	(645, 428)	high	dis	(533, 540)	N	dif	vert	up	True	1465925	1466875	up	1	5	57
11	hjy	f	22	1	50	circle	red	(645, 428)	high	dis	(565, 619)	N	dif	hori	left	True	1467962	1468826	left	1	5	58
11	hjy	f	22	1	50	diamond	green	(645, 428)	high	dis	(757, 540)	N	same	hori	left	True	1470015	1470682	left	1	5	59
11	hjy	f	22	1	50	circle	green	(645, 428)	high	dis	(724, 619)	N	dif	hori	left	True	1471925	1472754	left	1	5	60
11	hjy	f	22	1	50	circle	green	(724, 619)	low	dis	(645, 428)	Y	dif	vert	up	True	1473831	1474571	up	1	5	61
11	hjy	f	22	1	50	diamond	red	(645, 428)	high	dis	(533, 540)	N	same	hori	left	True	1475702	1476546	left	1	5	62
11	hjy	f	22	1	50	diamond	red	(724, 460)	low	dis	(565, 460)	N	same	hori	left	True	1477631	1478554	left	1	5	63
11	hjy	f	22	1	50	diamond	green	(645, 428)	high	dis	(724, 460)	N	same	hori	left	True	1479597	1480842	up	0	5	64
11	hjy	f	22	1	50	diamond	green	(645, 652)	low	no	no_dis	N	same	vert	up	True	1483602	1484346	up	1	5	65
11	hjy	f	22	1	50	diamond	red	(565, 460)	low	dis	(724, 619)	N	same	vert	up	True	1485407	1486202	up	1	5	66
11	hjy	f	22	1	50	circle	green	(645, 428)	high	dis	(645, 652)	N	same	hori	left	True	1487296	1488050	left	1	5	67
11	hjy	f	22	1	50	circle	red	(565, 460)	low	dis	(645, 428)	Y	same	hori	left	True	1489088	1489986	up	0	5	68
11	hjy	f	22	1	50	diamond	green	(645, 428)	high	dis	(565, 460)	N	dif	vert	up	True	1492532	1493626	up	1	5	69
11	hjy	f	22	1	50	diamond	red	(533, 540)	low	dis	(724, 460)	N	dif	hori	left	True	1494655	1495274	left	1	5	70
11	hjy	f	22	1	50	diamond	green	(565, 460)	low	dis	(645, 428)	Y	dif	hori	left	True	1496338	1497194	left	1	5	71
11	hjy	f	22	1	50	circle	red	(645, 428)	high	dis	(565, 619)	N	dif	vert	up	True	1498355	1499219	up	1	5	72
11	hjy	f	22	1	50	diamond	red	(724, 460)	low	no	no_dis	N	dif	vert	up	True	1500471	1501458	left	0	5	73
11	hjy	f	22	1	50	circle	green	(645, 428)	high	no	no_dis	N	dif	vert	up	True	1504144	1505322	up	1	5	74
11	hjy	f	22	1	50	circle	green	(724, 460)	low	no	no_dis	N	dif	vert	up	True	1506339	1507146	up	1	5	75
11	hjy	f	22	1	50	diamond	red	(565, 460)	low	dis	(645, 428)	Y	dif	hori	left	True	1508178	1509354	left	1	5	76
11	hjy	f	22	1	50	diamond	red	(645, 428)	high	dis	(724, 619)	N	same	vert	up	True	1510461	1511674	up	1	5	77
11	hjy	f	22	1	50	circle	red	(757, 540)	low	dis	(645, 652)	N	dif	vert	up	True	1512831	1514530	up	1	5	78
11	hjy	f	22	1	50	circle	green	(645, 428)	high	no	no_dis	N	same	hori	left	True	1515685	1516378	left	1	5	79
11	hjy	f	22	1	50	circle	red	(565, 619)	low	dis	(645, 652)	N	same	vert	up	True	1517539	1518315	up	1	5	80
11	hjy	f	22	1	50	diamond	red	(724, 619)	low	dis	(757, 540)	N	same	hori	left	True	1519487	1520522	left	1	5	81
11	hjy	f	22	1	50	circle	red	(645, 428)	high	no	no_dis	N	same	vert	up	True	1521763	1522498	up	1	5	82
11	hjy	f	22	1	50	circle	green	(645, 428)	high	no	no_dis	N	same	vert	up	True	1523508	1524242	up	1	5	83
11	hjy	f	22	1	50	diamond	red	(565, 619)	low	no	no_dis	N	dif	hori	left	True	1525274	1526314	left	1	5	84
11	hjy	f	22	1	50	circle	red	(645, 428)	high	dis	(724, 619)	N	same	vert	up	True	1527361	1528186	up	1	5	85
11	hjy	f	22	1	50	diamond	green	(645, 652)	low	dis	(533, 540)	N	dif	hori	left	True	1529309	1530187	left	1	5	86
11	hjy	f	22	1	50	diamond	red	(645, 652)	low	dis	(645, 428)	Y	dif	hori	left	True	1531312	1532130	left	1	5	87
11	hjy	f	22	1	50	circle	red	(757, 540)	low	no	no_dis	N	same	hori	left	True	1533265	1533994	left	1	5	88
11	hjy	f	22	1	50	circle	red	(645, 428)	high	no	no_dis	N	same	hori	left	True	1535063	1535818	left	1	5	89
11	hjy	f	22	1	50	diamond	green	(645, 428)	high	no	no_dis	N	dif	vert	up	True	1537066	1538178	up	1	5	90
11	hjy	f	22	1	50	circle	red	(645, 428)	high	dis	(645, 652)	N	same	hori	left	True	1539399	1540370	left	1	5	91
11	hjy	f	22	1	50	circle	red	(724, 460)	low	dis	(757, 540)	N	dif	vert	up	True	1541503	1542586	up	1	5	92
11	hjy	f	22	1	50	diamond	green	(724, 460)	low	dis	(565, 460)	N	same	vert	up	True	1543698	1544666	up	1	5	93
11	hjy	f	22	1	50	diamond	green	(565, 460)	low	no	no_dis	N	same	hori	left	True	1545727	1546539	left	1	5	94
11	hjy	f	22	1	50	circle	red	(565, 619)	low	no	no_dis	N	same	hori	left	True	1547766	1548442	left	1	5	95
11	hjy	f	22	1	50	diamond	green	(645, 428)	high	no	no_dis	N	same	hori	left	True	1549521	1551011	left	1	5	96
11	hjy	f	22	1	50	circle	green	(645, 428)	high	dis	(645, 652)	N	same	vert	up	True	1552029	1552978	up	1	5	97
11	hjy	f	22	1	50	circle	green	(724, 460)	low	dis	(565, 619)	N	same	hori	left	True	1553997	1554762	left	1	5	98
11	hjy	f	22	1	50	circle	green	(724, 460)	low	dis	(533, 540)	N	dif	hori	left	True	1555919	1556634	left	1	5	99
11	hjy	f	22	1	50	circle	green	(645, 428)	high	no	no_dis	N	dif	hori	left	True	1557880	1558682	left	1	5	100
11	hjy	f	22	1	50	diamond	red	(645, 428)	high	no	no_dis	N	dif	vert	up	True	1559807	1560570	up	1	5	101
11	hjy	f	22	1	50	circle	green	(724, 460)	low	dis	(533, 540)	N	dif	vert	up	True	1561609	1563138	up	1	5	102
11	hjy	f	22	1	50	diamond	red	(645, 428)	high	dis	(533, 540)	N	same	vert	up	True	1564290	1564946	up	1	5	103
11	hjy	f	22	1	50	circle	green	(645, 428)	high	no	no_dis	N	same	vert	up	True	1566117	1566994	left	0	5	104
11	hjy	f	22	1	50	diamond	green	(533, 540)	low	dis	(645, 428)	Y	same	hori	left	True	1569540	1570563	left	1	5	105
11	hjy	f	22	1	50	circle	red	(645, 428)	high	no	no_dis	N	dif	hori	left	True	1571664	1572811	left	1	5	106
11	hjy	f	22	1	50	diamond	red	(565, 460)	low	no	no_dis	N	dif	vert	up	True	1574016	1574891	up	1	5	107
11	hjy	f	22	1	50	diamond	red	(645, 652)	low	no	no_dis	N	same	vert	up	True	1575920	1577418	up	1	5	108
11	hjy	f	22	1	50	circle	green	(645, 428)	high	dis	(565, 619)	N	dif	hori	left	True	1578617	1579578	left	1	5	109
11	hjy	f	22	1	50	diamond	green	(645, 428)	high	dis	(724, 619)	N	same	hori	left	True	1580820	1581954	left	1	5	110
11	hjy	f	22	1	50	diamond	green	(645, 428)	high	dis	(724, 460)	N	dif	vert	up	True	1583027	1583858	left	0	5	111
11	hjy	f	22	1	50	circle	green	(533, 540)	low	no	no_dis	N	dif	hori	left	True	1586529	1587458	left	1	5	112
11	hjy	f	22	1	50	circle	green	(565, 460)	low	dis	(757, 540)	N	dif	vert	up	True	1588627	1589514	up	1	5	113
11	hjy	f	22	1	50	circle	red	(645, 428)	high	dis	(757, 540)	N	same	vert	up	True	1590761	1591978	up	1	5	114
11	hjy	f	22	1	50	diamond	green	(645, 428)	high	dis	(724, 460)	N	same	hori	left	True	1593131	1594962	left	1	5	115
11	hjy	f	22	1	50	diamond	green	(757, 540)	low	dis	(565, 460)	N	same	vert	up	True	1596204	1597058	left	0	5	116
11	hjy	f	22	1	50	circle	red	(533, 540)	low	dis	(565, 460)	N	dif	vert	up	True	1599591	1600547	up	1	5	117
11	hjy	f	22	1	50	diamond	green	(645, 428)	high	dis	(757, 540)	N	same	vert	up	True	1601787	1602642	up	1	5	118
11	hjy	f	22	1	50	diamond	green	(757, 540)	low	no	no_dis	N	dif	vert	up	True	1603706	1604474	up	1	5	119
11	hjy	f	22	1	50	circle	green	(533, 540)	low	no	no_dis	N	dif	hori	left	True	1605507	1606274	left	1	5	120
11	hjy	f	22	1	50	circle	green	(724, 619)	low	dis	(757, 540)	N	dif	vert	up	True	1640778	1641899	up	1	6	1
11	hjy	f	22	1	50	diamond	red	(565, 619)	low	dis	(724, 460)	N	dif	vert	up	True	1642979	1643626	left	0	6	2
11	hjy	f	22	1	50	diamond	red	(724, 619)	low	dis	(645, 428)	Y	same	hori	left	True	1646225	1647138	left	1	6	3
11	hjy	f	22	1	50	circle	red	(565, 460)	low	dis	(757, 540)	N	dif	hori	left	True	1648226	1649882	left	1	6	4
11	hjy	f	22	1	50	circle	red	(565, 619)	low	dis	(645, 428)	Y	dif	hori	left	True	1651121	1651971	left	1	6	5
11	hjy	f	22	1	50	diamond	green	(645, 428)	high	no	no_dis	N	same	vert	up	True	1653042	1654459	up	1	6	6
11	hjy	f	22	1	50	circle	red	(533, 540)	low	no	no_dis	N	dif	hori	left	True	1655568	1656466	left	1	6	7
11	hjy	f	22	1	50	diamond	green	(645, 652)	low	dis	(565, 460)	N	dif	vert	up	True	1657537	1658538	up	1	6	8
11	hjy	f	22	1	50	diamond	red	(724, 460)	low	dis	(645, 428)	Y	dif	hori	left	True	1659665	1660618	left	1	6	9
11	hjy	f	22	1	50	circle	green	(645, 428)	high	dis	(533, 540)	N	dif	hori	left	True	1661645	1662522	left	1	6	10
11	hjy	f	22	1	50	diamond	green	(757, 540)	low	no	no_dis	N	same	hori	left	True	1663774	1665074	left	1	6	11
11	hjy	f	22	1	50	circle	red	(645, 428)	high	dis	(724, 619)	N	dif	vert	up	True	1666325	1667082	up	1	6	12
11	hjy	f	22	1	50	diamond	green	(645, 428)	high	no	no_dis	N	same	vert	up	True	1668094	1669467	up	1	6	13
11	hjy	f	22	1	50	diamond	green	(565, 460)	low	dis	(724, 619)	N	same	vert	up	True	1670599	1671314	up	1	6	14
11	hjy	f	22	1	50	circle	red	(645, 428)	high	dis	(724, 619)	N	dif	vert	up	True	1672360	1673050	up	1	6	15
11	hjy	f	22	1	50	circle	red	(757, 540)	low	dis	(565, 460)	N	same	hori	left	True	1674277	1675026	left	1	6	16
11	hjy	f	22	1	50	circle	green	(533, 540)	low	dis	(724, 460)	N	same	vert	up	True	1676209	1676938	up	1	6	17
11	hjy	f	22	1	50	circle	red	(645, 652)	low	no	no_dis	N	dif	hori	left	True	1677994	1678658	left	1	6	18
11	hjy	f	22	1	50	diamond	red	(645, 428)	high	no	no_dis	N	dif	hori	left	True	1679902	1680890	left	1	6	19
11	hjy	f	22	1	50	diamond	red	(645, 652)	low	no	no_dis	N	same	hori	left	True	1681987	1682634	left	1	6	20
11	hjy	f	22	1	50	circle	red	(645, 428)	high	no	no_dis	N	same	hori	left	True	1683702	1684338	left	1	6	21
11	hjy	f	22	1	50	circle	green	(645, 428)	high	no	no_dis	N	same	vert	up	True	1685577	1686243	up	1	6	22
11	hjy	f	22	1	50	diamond	green	(645, 652)	low	dis	(533, 540)	N	same	vert	up	True	1687494	1688562	up	1	6	23
11	hjy	f	22	1	50	diamond	red	(533, 540)	low	dis	(645, 428)	Y	dif	vert	up	True	1689711	1690427	up	1	6	24
11	hjy	f	22	1	50	circle	red	(645, 428)	high	no	no_dis	N	same	hori	left	True	1691491	1692226	left	1	6	25
11	hjy	f	22	1	50	circle	green	(565, 460)	low	dis	(645, 428)	Y	same	vert	up	True	1693390	1694075	left	0	6	26
11	hjy	f	22	1	50	diamond	red	(724, 619)	low	dis	(565, 619)	N	same	hori	left	True	1696779	1697762	left	1	6	27
11	hjy	f	22	1	50	circle	red	(757, 540)	low	dis	(645, 428)	Y	same	hori	left	True	1698997	1699771	left	1	6	28
11	hjy	f	22	1	50	diamond	red	(724, 619)	low	no	no_dis	N	dif	vert	up	True	1700876	1701922	up	1	6	29
11	hjy	f	22	1	50	circle	red	(645, 428)	high	dis	(565, 460)	N	dif	hori	left	True	1702934	1703826	up	0	6	30
11	hjy	f	22	1	50	diamond	green	(645, 428)	high	no	no_dis	N	same	hori	left	True	1706537	1707243	left	1	6	31
11	hjy	f	22	1	50	circle	green	(645, 652)	low	dis	(565, 460)	N	same	vert	up	True	1708311	1709034	up	1	6	32
11	hjy	f	22	1	50	circle	red	(645, 428)	high	dis	(565, 619)	N	dif	vert	up	True	1710136	1711034	up	1	6	33
11	hjy	f	22	1	50	circle	red	(645, 428)	high	dis	(724, 460)	N	dif	vert	up	True	1712125	1712922	up	1	6	34
11	hjy	f	22	1	50	circle	red	(645, 428)	high	dis	(757, 540)	N	same	hori	left	True	1714031	1714858	left	1	6	35
11	hjy	f	22	1	50	diamond	red	(645, 428)	high	dis	(565, 619)	N	dif	hori	left	True	1716105	1716722	left	1	6	36
11	hjy	f	22	1	50	circle	green	(645, 428)	high	dis	(645, 652)	N	same	vert	up	True	1717923	1718690	up	1	6	37
11	hjy	f	22	1	50	circle	red	(724, 460)	low	dis	(565, 619)	N	dif	hori	left	True	1719728	1720514	left	1	6	38
11	hjy	f	22	1	50	diamond	red	(533, 540)	low	no	no_dis	N	same	vert	up	True	1721663	1722379	up	1	6	39
11	hjy	f	22	1	50	diamond	red	(645, 428)	high	dis	(645, 652)	N	same	vert	up	True	1723477	1724402	up	1	6	40
11	hjy	f	22	1	50	diamond	red	(645, 428)	high	dis	(757, 540)	N	same	vert	up	True	1725574	1727034	up	1	6	41
11	hjy	f	22	1	50	diamond	red	(645, 428)	high	dis	(533, 540)	N	same	hori	left	True	1728261	1728922	left	1	6	42
11	hjy	f	22	1	50	circle	green	(645, 428)	high	no	no_dis	N	same	hori	left	True	1730015	1730698	left	1	6	43
11	hjy	f	22	1	50	circle	red	(565, 619)	low	dis	(645, 428)	Y	dif	vert	up	True	1731869	1732682	up	1	6	44
11	hjy	f	22	1	50	diamond	red	(645, 428)	high	no	no_dis	N	dif	hori	left	True	1733713	1734410	left	1	6	45
11	hjy	f	22	1	50	circle	green	(645, 428)	high	dis	(724, 619)	N	same	hori	left	True	1735477	1736363	left	1	6	46
11	hjy	f	22	1	50	diamond	red	(565, 460)	low	dis	(645, 428)	Y	dif	vert	up	True	1737426	1738339	up	1	6	47
11	hjy	f	22	1	50	diamond	red	(565, 619)	low	no	no_dis	N	dif	hori	left	True	1739453	1740050	left	1	6	48
11	hjy	f	22	1	50	diamond	green	(645, 428)	high	dis	(757, 540)	N	dif	hori	left	True	1741223	1741842	left	1	6	49
11	hjy	f	22	1	50	diamond	green	(645, 428)	high	dis	(533, 540)	N	same	vert	up	True	1742972	1743938	up	1	6	50
11	hjy	f	22	1	50	diamond	red	(645, 428)	high	dis	(565, 619)	N	same	hori	left	True	1745101	1745706	left	1	6	51
11	hjy	f	22	1	50	circle	green	(757, 540)	low	dis	(724, 619)	N	same	vert	up	True	1746820	1747706	up	1	6	52
11	hjy	f	22	1	50	circle	red	(724, 619)	low	no	no_dis	N	dif	vert	up	True	1748861	1749546	up	1	6	53
11	hjy	f	22	1	50	diamond	green	(565, 460)	low	no	no_dis	N	same	vert	up	True	1750685	1751274	up	1	6	54
11	hjy	f	22	1	50	diamond	green	(645, 428)	high	dis	(724, 460)	N	same	hori	left	True	1752456	1753146	left	1	6	55
11	hjy	f	22	1	50	circle	green	(645, 428)	high	dis	(565, 460)	N	dif	vert	up	True	1754399	1755091	left	0	6	56
11	hjy	f	22	1	50	diamond	red	(757, 540)	low	dis	(645, 652)	N	dif	hori	left	True	1757707	1758482	left	1	6	57
11	hjy	f	22	1	50	circle	red	(645, 652)	low	no	no_dis	N	dif	hori	left	True	1759601	1760283	left	1	6	58
11	hjy	f	22	1	50	diamond	green	(724, 619)	low	no	no_dis	N	same	hori	left	True	1761488	1762283	left	1	6	59
11	hjy	f	22	1	50	diamond	red	(645, 428)	high	dis	(645, 652)	N	dif	vert	up	True	1763426	1764018	up	1	6	60
11	hjy	f	22	1	50	circle	red	(645, 428)	high	dis	(724, 460)	N	dif	hori	left	True	1765251	1765843	left	1	6	61
11	hjy	f	22	1	50	diamond	green	(565, 619)	low	no	no_dis	N	same	vert	up	True	1767018	1768242	up	1	6	62
11	hjy	f	22	1	50	circle	green	(565, 619)	low	dis	(724, 460)	N	dif	hori	left	True	1769429	1770218	left	1	6	63
11	hjy	f	22	1	50	diamond	red	(645, 428)	high	no	no_dis	N	dif	vert	up	True	1771281	1771907	up	1	6	64
11	hjy	f	22	1	50	diamond	green	(533, 540)	low	dis	(565, 460)	N	dif	vert	up	True	1773124	1774034	left	0	6	65
11	hjy	f	22	1	50	circle	green	(565, 619)	low	dis	(645, 652)	N	same	hori	left	True	1776792	1777651	left	1	6	66
11	hjy	f	22	1	50	circle	green	(645, 428)	high	dis	(565, 460)	N	dif	hori	left	True	1778780	1779506	up	0	6	67
11	hjy	f	22	1	50	diamond	red	(565, 460)	low	dis	(645, 652)	N	dif	hori	left	True	1782066	1782907	left	1	6	68
11	hjy	f	22	1	50	diamond	red	(645, 428)	high	dis	(724, 619)	N	dif	vert	up	True	1784088	1784674	up	1	6	69
11	hjy	f	22	1	50	diamond	green	(645, 428)	high	dis	(757, 540)	N	same	vert	up	True	1785818	1786682	left	0	6	70
11	hjy	f	22	1	50	diamond	green	(645, 428)	high	dis	(565, 460)	N	dif	vert	up	True	1789380	1790658	up	1	6	71
11	hjy	f	22	1	50	circle	red	(565, 619)	low	no	no_dis	N	dif	vert	up	True	1791783	1792578	up	1	6	72
11	hjy	f	22	1	50	circle	green	(645, 428)	high	dis	(533, 540)	N	same	vert	up	True	1793744	1795082	up	1	6	73
11	hjy	f	22	1	50	circle	green	(645, 428)	high	no	no_dis	N	same	vert	up	True	1796244	1796946	up	1	6	74
11	hjy	f	22	1	50	diamond	green	(645, 428)	high	dis	(724, 619)	N	dif	vert	up	True	1798038	1799090	up	1	6	75
11	hjy	f	22	1	50	diamond	green	(645, 428)	high	no	no_dis	N	dif	hori	left	True	1800160	1800762	left	1	6	76
11	hjy	f	22	1	50	diamond	green	(724, 460)	low	no	no_dis	N	dif	vert	up	True	1801887	1802546	up	1	6	77
11	hjy	f	22	1	50	circle	red	(724, 619)	low	dis	(533, 540)	N	dif	vert	up	True	1803620	1804418	up	1	6	78
11	hjy	f	22	1	50	circle	red	(645, 428)	high	dis	(757, 540)	N	same	hori	left	True	1805473	1806314	left	1	6	79
11	hjy	f	22	1	50	circle	green	(645, 428)	high	dis	(565, 460)	N	dif	hori	left	True	1807486	1808522	left	1	6	80
11	hjy	f	22	1	50	diamond	green	(757, 540)	low	dis	(724, 460)	N	dif	vert	up	True	1809568	1811019	up	1	6	81
11	hjy	f	22	1	50	circle	red	(724, 460)	low	dis	(533, 540)	N	dif	hori	left	True	1812023	1813018	left	1	6	82
11	hjy	f	22	1	50	circle	red	(645, 428)	high	dis	(565, 619)	N	dif	vert	up	True	1814188	1815026	up	1	6	83
11	hjy	f	22	1	50	circle	red	(645, 428)	high	dis	(757, 540)	N	same	vert	up	True	1816141	1816922	up	1	6	84
11	hjy	f	22	1	50	diamond	green	(724, 460)	low	dis	(565, 619)	N	dif	vert	up	True	1818167	1819258	up	1	6	85
11	hjy	f	22	1	50	circle	green	(724, 460)	low	dis	(645, 652)	N	same	hori	left	True	1820403	1821235	left	1	6	86
11	hjy	f	22	1	50	circle	green	(645, 428)	high	no	no_dis	N	same	vert	up	True	1822279	1823682	up	1	6	87
11	hjy	f	22	1	50	diamond	red	(645, 428)	high	no	no_dis	N	dif	hori	left	True	1824755	1825698	left	1	6	88
11	hjy	f	22	1	50	circle	green	(757, 540)	low	no	no_dis	N	same	hori	left	True	1826747	1828323	left	1	6	89
11	hjy	f	22	1	50	diamond	green	(645, 428)	high	dis	(565, 619)	N	same	hori	left	True	1829531	1830171	left	1	6	90
11	hjy	f	22	1	50	circle	red	(645, 428)	high	no	no_dis	N	dif	vert	up	True	1831308	1832026	up	1	6	91
11	hjy	f	22	1	50	circle	green	(645, 428)	high	no	no_dis	N	dif	hori	left	True	1833058	1833834	left	1	6	92
11	hjy	f	22	1	50	diamond	green	(645, 428)	high	dis	(724, 460)	N	dif	hori	left	True	1834926	1835634	left	1	6	93
11	hjy	f	22	1	50	diamond	green	(757, 540)	low	dis	(645, 428)	Y	same	vert	up	True	1836885	1837835	up	1	6	94
11	hjy	f	22	1	50	circle	green	(645, 428)	high	dis	(565, 619)	N	dif	hori	left	True	1838943	1839778	left	1	6	95
11	hjy	f	22	1	50	diamond	red	(645, 428)	high	dis	(645, 652)	N	dif	hori	left	True	1840797	1841779	left	1	6	96
11	hjy	f	22	1	50	circle	green	(533, 540)	low	no	no_dis	N	dif	hori	left	True	1842910	1843650	left	1	6	97
11	hjy	f	22	1	50	diamond	green	(645, 428)	high	dis	(724, 619)	N	same	hori	left	True	1844736	1845754	left	1	6	98
11	hjy	f	22	1	50	diamond	red	(645, 428)	high	dis	(645, 652)	N	same	vert	up	True	1846905	1847818	up	1	6	99
11	hjy	f	22	1	50	diamond	green	(645, 428)	high	dis	(533, 540)	N	same	hori	left	True	1848825	1849802	left	1	6	100
11	hjy	f	22	1	50	diamond	red	(724, 460)	low	no	no_dis	N	same	hori	left	True	1851046	1851810	left	1	6	101
11	hjy	f	22	1	50	diamond	red	(645, 428)	high	dis	(533, 540)	N	same	vert	up	True	1853059	1853786	up	1	6	102
11	hjy	f	22	1	50	circle	red	(645, 428)	high	no	no_dis	N	same	hori	left	True	1854977	1855562	left	1	6	103
11	hjy	f	22	1	50	diamond	red	(565, 460)	low	dis	(645, 428)	Y	same	hori	left	True	1856655	1857482	up	0	6	104
11	hjy	f	22	1	50	circle	green	(645, 652)	low	dis	(757, 540)	N	dif	hori	left	True	1860221	1861187	left	1	6	105
11	hjy	f	22	1	50	circle	green	(645, 428)	high	dis	(724, 460)	N	same	vert	up	True	1862311	1863202	up	1	6	106
11	hjy	f	22	1	50	circle	red	(645, 652)	low	dis	(757, 540)	N	dif	hori	left	True	1864401	1865083	left	1	6	107
11	hjy	f	22	1	50	circle	red	(533, 540)	low	dis	(565, 619)	N	same	hori	left	True	1866239	1867002	left	1	6	108
11	hjy	f	22	1	50	diamond	red	(645, 652)	low	dis	(724, 460)	N	same	hori	left	True	1868017	1868994	left	1	6	109
11	hjy	f	22	1	50	diamond	red	(645, 428)	high	no	no_dis	N	dif	vert	up	True	1870073	1870962	up	1	6	110
11	hjy	f	22	1	50	diamond	green	(645, 428)	high	no	no_dis	N	dif	vert	up	True	1872148	1873531	up	1	6	111
11	hjy	f	22	1	50	circle	green	(757, 540)	low	no	no_dis	N	same	vert	up	True	1874623	1875683	up	1	6	112
11	hjy	f	22	1	50	diamond	green	(724, 619)	low	dis	(533, 540)	N	same	vert	up	True	1876700	1877978	up	1	6	113
11	hjy	f	22	1	50	circle	green	(565, 460)	low	no	no_dis	N	dif	vert	up	True	1879155	1880290	up	1	6	114
11	hjy	f	22	1	50	circle	green	(724, 460)	low	dis	(565, 460)	N	same	hori	left	True	1881337	1882170	left	1	6	115
11	hjy	f	22	1	50	diamond	green	(565, 619)	low	dis	(724, 619)	N	same	vert	up	True	1883362	1884283	up	1	6	116
11	hjy	f	22	1	50	circle	green	(645, 428)	high	dis	(645, 652)	N	same	hori	left	True	1885483	1886594	left	1	6	117
11	hjy	f	22	1	50	circle	red	(645, 428)	high	no	no_dis	N	dif	vert	up	True	1887748	1888674	up	1	6	118
11	hjy	f	22	1	50	diamond	green	(533, 540)	low	dis	(724, 619)	N	same	vert	up	True	1889712	1890594	up	1	6	119
11	hjy	f	22	1	50	circle	green	(724, 460)	low	no	no_dis	N	same	vert	up	True	1891650	1892498	up	1	6	120
conf	11	hjy	f	22	1	50	True	1930305	1966499	2	True	1966514	1977482	3
