subj	name	gender	age	prac	group	shape	color	tar_loc	popularity	dis_cond	dis_loc	dis_high	td_dif	line	respkey	gotkey	startTime	respTime	resp	correct	block	trialnum
12	wzx	f	20	1	50	diamond	green	(724, 460)	low	no	no_dis	N	dif	vert	up	True	12961	15106	up	1	1	1
12	wzx	f	20	1	50	circle	green	(533, 540)	low	no	no_dis	N	same	hori	left	True	16121	17698	left	1	1	2
12	wzx	f	20	1	50	diamond	green	(724, 460)	low	dis	(565, 460)	Y	dif	hori	left	True	18838	20898	left	1	1	3
12	wzx	f	20	1	50	diamond	green	(533, 540)	low	dis	(724, 460)	N	dif	hori	left	True	21946	23641	left	1	1	4
12	wzx	f	20	1	50	circle	red	(565, 460)	high	dis	(645, 428)	N	dif	vert	up	True	24731	25994	up	1	1	5
12	wzx	f	20	1	50	circle	green	(645, 428)	low	dis	(565, 619)	N	same	vert	up	True	27183	28993	up	1	1	6
12	wzx	f	20	1	50	circle	red	(533, 540)	low	no	no_dis	N	same	hori	left	True	30156	31633	left	1	1	7
12	wzx	f	20	1	50	diamond	red	(645, 428)	low	dis	(757, 540)	N	same	hori	left	True	32885	34746	left	1	1	8
12	wzx	f	20	1	50	diamond	red	(565, 460)	high	dis	(757, 540)	N	same	vert	up	True	35988	38002	up	1	1	9
12	wzx	f	20	1	50	diamond	green	(565, 460)	high	dis	(645, 428)	N	same	vert	up	True	39051	40921	up	1	1	10
12	wzx	f	20	1	50	circle	red	(645, 428)	low	dis	(565, 619)	N	same	hori	left	True	42043	43641	left	1	1	11
12	wzx	f	20	1	50	diamond	red	(533, 540)	low	dis	(757, 540)	N	dif	vert	up	True	44795	46569	up	1	1	12
12	wzx	f	20	1	50	diamond	red	(565, 460)	high	no	no_dis	N	same	vert	up	True	47699	49106	up	1	1	13
12	wzx	f	20	1	50	circle	green	(565, 460)	high	dis	(565, 619)	N	same	hori	left	True	50345	52394	left	1	1	14
12	wzx	f	20	1	50	circle	green	(565, 460)	high	dis	(724, 460)	N	dif	vert	up	True	53629	55698	up	1	1	15
12	wzx	f	20	1	50	circle	red	(645, 652)	low	dis	(533, 540)	N	same	vert	up	True	56827	58538	up	1	1	16
12	wzx	f	20	1	50	circle	green	(565, 460)	high	no	no_dis	N	dif	hori	left	True	59589	61866	left	1	1	17
12	wzx	f	20	1	50	diamond	red	(645, 428)	low	dis	(645, 652)	N	dif	vert	up	True	63044	64290	up	1	1	18
12	wzx	f	20	1	50	diamond	green	(724, 460)	low	dis	(757, 540)	N	dif	vert	up	True	65325	67497	up	1	1	19
12	wzx	f	20	1	50	circle	green	(645, 652)	low	dis	(533, 540)	N	dif	hori	left	True	68615	70138	left	1	1	20
12	wzx	f	20	1	50	circle	green	(565, 460)	high	no	no_dis	N	dif	vert	up	True	71303	72689	up	1	1	21
12	wzx	f	20	1	50	circle	red	(565, 619)	low	dis	(724, 460)	N	dif	vert	up	True	73808	75729	up	1	1	22
12	wzx	f	20	1	50	circle	green	(645, 428)	low	no	no_dis	N	same	vert	up	True	76847	78346	up	1	1	23
12	wzx	f	20	1	50	circle	red	(565, 619)	low	no	no_dis	N	same	vert	up	True	79477	81578	up	1	1	24
12	wzx	f	20	1	50	diamond	red	(757, 540)	low	no	no_dis	N	dif	vert	up	True	82729	84353	up	1	1	25
12	wzx	f	20	1	50	diamond	red	(724, 619)	low	dis	(565, 460)	Y	same	hori	left	True	85409	86858	left	1	1	26
12	wzx	f	20	1	50	diamond	green	(565, 460)	high	dis	(757, 540)	N	same	hori	left	True	87885	89426	left	1	1	27
12	wzx	f	20	1	50	circle	red	(565, 460)	high	dis	(645, 652)	N	dif	hori	left	True	90622	92377	left	1	1	28
12	wzx	f	20	1	50	circle	red	(565, 460)	high	dis	(724, 460)	N	dif	vert	up	True	93537	95010	up	1	1	29
12	wzx	f	20	1	50	diamond	green	(565, 619)	low	no	no_dis	N	same	vert	up	True	96059	97809	up	1	1	30
12	wzx	f	20	1	50	circle	red	(565, 460)	high	no	no_dis	N	same	vert	up	True	98934	100737	up	1	1	31
12	wzx	f	20	1	50	circle	green	(565, 460)	high	no	no_dis	N	dif	hori	left	True	101858	104034	left	1	1	32
12	wzx	f	20	1	50	circle	green	(565, 460)	high	dis	(645, 652)	N	dif	hori	left	True	105063	106730	left	1	1	33
12	wzx	f	20	1	50	diamond	red	(565, 460)	high	dis	(533, 540)	N	same	vert	up	True	107739	110481	up	1	1	34
12	wzx	f	20	1	50	circle	green	(533, 540)	low	dis	(724, 460)	N	dif	vert	up	True	111693	113249	up	1	1	35
12	wzx	f	20	1	50	diamond	red	(565, 460)	high	dis	(757, 540)	N	dif	hori	left	True	114431	116922	up	0	1	36
12	wzx	f	20	1	50	circle	green	(565, 460)	high	dis	(533, 540)	N	same	hori	left	True	119515	121186	left	1	1	37
12	wzx	f	20	1	50	diamond	green	(565, 460)	high	dis	(724, 460)	N	dif	hori	left	True	122299	124329	left	1	1	38
12	wzx	f	20	1	50	diamond	green	(565, 460)	high	dis	(645, 428)	N	dif	vert	up	True	125525	127465	up	1	1	39
12	wzx	f	20	1	50	circle	green	(565, 460)	high	dis	(724, 619)	N	same	hori	left	True	128715	130570	left	1	1	40
12	wzx	f	20	1	50	diamond	red	(645, 652)	low	dis	(565, 619)	N	dif	vert	up	True	131740	133161	up	1	1	41
12	wzx	f	20	1	50	diamond	red	(565, 460)	high	no	no_dis	N	dif	vert	up	True	134398	136058	up	1	1	42
12	wzx	f	20	1	50	circle	red	(565, 460)	high	dis	(724, 460)	N	same	hori	left	True	137253	139105	left	1	1	43
12	wzx	f	20	1	50	diamond	red	(757, 540)	low	no	no_dis	N	dif	vert	up	True	140195	141857	up	1	1	44
12	wzx	f	20	1	50	diamond	green	(645, 428)	low	no	no_dis	N	same	vert	up	True	143068	145930	up	1	1	45
12	wzx	f	20	1	50	circle	green	(724, 619)	low	dis	(565, 619)	N	same	vert	up	True	146944	148561	up	1	1	46
12	wzx	f	20	1	50	diamond	red	(565, 460)	high	no	no_dis	N	same	hori	left	True	149589	151377	left	1	1	47
12	wzx	f	20	1	50	circle	red	(645, 652)	low	no	no_dis	N	dif	hori	left	True	152533	154481	left	1	1	48
12	wzx	f	20	1	50	circle	green	(565, 460)	high	dis	(645, 428)	N	same	vert	up	False	155649	None	None	0	1	49
12	wzx	f	20	1	50	diamond	green	(645, 428)	low	dis	(724, 619)	N	same	hori	left	True	161238	163394	left	1	1	50
12	wzx	f	20	1	50	circle	red	(533, 540)	low	no	no_dis	N	same	hori	left	True	164532	166529	left	1	1	51
12	wzx	f	20	1	50	diamond	green	(757, 540)	low	no	no_dis	N	dif	hori	left	True	167766	168857	left	1	1	52
12	wzx	f	20	1	50	circle	green	(565, 460)	high	dis	(565, 619)	N	same	hori	left	True	169879	171218	left	1	1	53
12	wzx	f	20	1	50	circle	red	(757, 540)	low	dis	(724, 619)	N	same	vert	up	True	172320	174282	up	1	1	54
12	wzx	f	20	1	50	circle	red	(565, 460)	high	no	no_dis	N	dif	hori	left	True	175440	177138	left	1	1	55
12	wzx	f	20	1	50	circle	red	(565, 460)	high	no	no_dis	N	same	hori	left	True	178155	179505	left	1	1	56
12	wzx	f	20	1	50	diamond	red	(724, 460)	low	no	no_dis	N	dif	hori	left	True	180579	183130	left	1	1	57
12	wzx	f	20	1	50	circle	green	(724, 460)	low	dis	(645, 652)	N	same	hori	left	True	184191	185705	left	1	1	58
12	wzx	f	20	1	50	circle	red	(724, 619)	low	dis	(565, 460)	Y	same	vert	up	True	186758	188122	up	1	1	59
12	wzx	f	20	1	50	circle	green	(757, 540)	low	dis	(533, 540)	N	dif	hori	left	True	189361	190682	left	1	1	60
12	wzx	f	20	1	50	circle	red	(533, 540)	low	dis	(565, 460)	Y	same	hori	left	True	191818	193402	left	1	1	61
12	wzx	f	20	1	50	diamond	red	(565, 460)	high	no	no_dis	N	dif	vert	up	True	194519	196481	up	1	1	62
12	wzx	f	20	1	50	diamond	red	(724, 619)	low	dis	(645, 428)	N	dif	vert	up	True	197664	200345	left	0	1	63
12	wzx	f	20	1	50	diamond	green	(565, 460)	high	no	no_dis	N	same	vert	up	True	202944	204650	up	1	1	64
12	wzx	f	20	1	50	circle	red	(565, 460)	high	no	no_dis	N	dif	vert	up	True	205763	207617	up	1	1	65
12	wzx	f	20	1	50	diamond	green	(533, 540)	low	dis	(645, 652)	N	same	vert	up	True	208753	211081	up	1	1	66
12	wzx	f	20	1	50	diamond	green	(565, 460)	high	no	no_dis	N	same	hori	left	True	212302	214577	left	1	1	67
12	wzx	f	20	1	50	diamond	red	(565, 460)	high	dis	(724, 460)	N	same	hori	left	False	215713	None	None	0	1	68
12	wzx	f	20	1	50	diamond	green	(565, 460)	high	dis	(724, 619)	N	same	vert	up	True	221341	222738	up	1	1	69
12	wzx	f	20	1	50	circle	green	(565, 619)	low	no	no_dis	N	dif	hori	left	True	223772	226186	left	1	1	70
12	wzx	f	20	1	50	circle	green	(565, 460)	high	dis	(645, 428)	N	dif	hori	left	True	227278	229033	left	1	1	71
12	wzx	f	20	1	50	diamond	green	(565, 619)	low	dis	(645, 428)	N	same	vert	up	True	230080	231441	up	1	1	72
12	wzx	f	20	1	50	diamond	red	(565, 460)	high	no	no_dis	N	same	vert	up	True	232648	234986	up	1	1	73
12	wzx	f	20	1	50	circle	red	(757, 540)	low	dis	(645, 428)	N	dif	hori	left	True	236111	237602	left	1	1	74
12	wzx	f	20	1	50	diamond	green	(565, 460)	high	no	no_dis	N	same	hori	left	True	238848	240937	left	1	1	75
12	wzx	f	20	1	50	diamond	red	(565, 460)	high	dis	(533, 540)	N	dif	hori	left	True	242124	244241	left	1	1	76
12	wzx	f	20	1	50	diamond	green	(565, 460)	high	dis	(565, 619)	N	dif	vert	up	True	245473	248306	up	1	1	77
12	wzx	f	20	1	50	diamond	red	(724, 460)	low	no	no_dis	N	dif	vert	up	True	249500	251073	up	1	1	78
12	wzx	f	20	1	50	diamond	green	(565, 460)	high	no	no_dis	N	same	hori	left	True	252127	253721	left	1	1	79
12	wzx	f	20	1	50	circle	green	(565, 460)	high	no	no_dis	N	dif	hori	left	True	254888	256378	left	1	1	80
12	wzx	f	20	1	50	diamond	red	(724, 460)	low	dis	(565, 460)	Y	dif	hori	left	True	257516	258993	left	1	1	81
12	wzx	f	20	1	50	diamond	green	(565, 460)	high	dis	(724, 619)	N	dif	hori	left	True	260116	261761	left	1	1	82
12	wzx	f	20	1	50	diamond	red	(645, 428)	low	dis	(565, 619)	N	dif	vert	up	True	262989	264121	up	1	1	83
12	wzx	f	20	1	50	circle	green	(724, 619)	low	no	no_dis	N	same	hori	left	True	265208	266521	left	1	1	84
12	wzx	f	20	1	50	diamond	red	(565, 460)	high	dis	(533, 540)	N	same	vert	up	True	267642	269449	up	1	1	85
12	wzx	f	20	1	50	circle	red	(757, 540)	low	dis	(724, 619)	N	same	hori	left	True	270482	272289	left	1	1	86
12	wzx	f	20	1	50	circle	green	(645, 428)	low	no	no_dis	N	dif	vert	up	True	273444	274969	up	1	1	87
12	wzx	f	20	1	50	diamond	green	(565, 460)	high	no	no_dis	N	same	vert	up	True	276193	277329	up	1	1	88
12	wzx	f	20	1	50	diamond	red	(565, 460)	high	dis	(645, 652)	N	same	vert	up	True	278373	280354	up	1	1	89
12	wzx	f	20	1	50	circle	red	(565, 460)	high	dis	(565, 619)	N	dif	hori	left	True	281418	282881	left	1	1	90
12	wzx	f	20	1	50	diamond	green	(757, 540)	low	dis	(565, 460)	Y	dif	hori	left	True	284105	285233	left	1	1	91
12	wzx	f	20	1	50	circle	red	(565, 460)	high	no	no_dis	N	dif	hori	left	True	286346	287569	left	1	1	92
12	wzx	f	20	1	50	circle	red	(565, 460)	high	dis	(724, 619)	N	same	hori	left	True	288655	289673	left	1	1	93
12	wzx	f	20	1	50	circle	green	(565, 619)	low	dis	(757, 540)	N	same	hori	left	True	290796	292377	left	1	1	94
12	wzx	f	20	1	50	circle	green	(724, 460)	low	dis	(565, 460)	Y	dif	hori	left	True	293540	294818	left	1	1	95
12	wzx	f	20	1	50	diamond	green	(533, 540)	low	dis	(645, 428)	N	dif	vert	up	True	295828	297298	up	1	1	96
12	wzx	f	20	1	50	circle	red	(565, 619)	low	dis	(565, 460)	Y	dif	hori	left	True	298425	300545	left	1	1	97
12	wzx	f	20	1	50	circle	red	(565, 460)	high	dis	(724, 460)	N	dif	vert	up	True	301748	302866	up	1	1	98
12	wzx	f	20	1	50	circle	red	(565, 460)	high	dis	(724, 619)	N	dif	vert	up	True	303951	304929	up	1	1	99
12	wzx	f	20	1	50	diamond	red	(565, 460)	high	dis	(533, 540)	N	same	hori	left	True	305997	308074	left	1	1	100
12	wzx	f	20	1	50	diamond	green	(565, 460)	high	dis	(645, 652)	N	same	vert	up	True	309311	311610	up	1	1	101
12	wzx	f	20	1	50	circle	green	(565, 460)	high	no	no_dis	N	dif	vert	up	True	312667	313786	up	1	1	102
12	wzx	f	20	1	50	circle	red	(645, 652)	low	no	no_dis	N	same	vert	up	True	314828	316242	up	1	1	103
12	wzx	f	20	1	50	diamond	green	(645, 652)	low	dis	(565, 460)	Y	same	hori	left	True	317437	318985	left	1	1	104
12	wzx	f	20	1	50	diamond	red	(565, 460)	high	dis	(757, 540)	N	same	vert	up	True	320222	321482	up	1	1	105
12	wzx	f	20	1	50	circle	green	(565, 619)	low	dis	(724, 619)	N	same	vert	up	False	322636	None	None	0	1	106
12	wzx	f	20	1	50	circle	red	(724, 460)	low	dis	(533, 540)	N	dif	hori	left	True	328364	330242	left	1	1	107
12	wzx	f	20	1	50	diamond	red	(565, 619)	low	dis	(645, 428)	N	same	vert	up	False	331249	None	None	0	1	108
12	wzx	f	20	1	50	diamond	green	(565, 460)	high	dis	(757, 540)	N	same	hori	left	True	336803	338073	left	1	1	109
12	wzx	f	20	1	50	diamond	green	(565, 460)	high	dis	(757, 540)	N	dif	hori	left	True	339250	340905	left	1	1	110
12	wzx	f	20	1	50	circle	red	(565, 460)	high	dis	(565, 619)	N	dif	hori	left	True	342077	343377	left	1	1	111
12	wzx	f	20	1	50	circle	green	(565, 460)	high	dis	(645, 652)	N	dif	vert	up	True	344439	346370	up	1	1	112
12	wzx	f	20	1	50	circle	green	(565, 460)	high	dis	(533, 540)	N	dif	vert	up	True	347499	349297	up	1	1	113
12	wzx	f	20	1	50	diamond	red	(757, 540)	low	dis	(645, 652)	N	same	vert	up	True	350473	352570	up	1	1	114
12	wzx	f	20	1	50	circle	green	(645, 652)	low	dis	(724, 460)	N	same	hori	left	True	353687	356641	left	1	1	115
12	wzx	f	20	1	50	diamond	green	(724, 619)	low	dis	(565, 460)	Y	dif	vert	up	True	357654	358689	up	1	1	116
12	wzx	f	20	1	50	diamond	red	(565, 460)	high	dis	(645, 652)	N	same	vert	up	True	359812	360985	up	1	1	117
12	wzx	f	20	1	50	diamond	red	(724, 619)	low	no	no_dis	N	same	hori	left	True	362220	363729	left	1	1	118
12	wzx	f	20	1	50	circle	red	(565, 460)	high	dis	(724, 619)	N	dif	vert	up	True	364882	366601	up	1	1	119
12	wzx	f	20	1	50	diamond	green	(724, 619)	low	no	no_dis	N	dif	hori	left	True	367820	368913	left	1	1	120
12	wzx	f	20	1	50	diamond	red	(565, 460)	high	no	no_dis	N	dif	hori	left	True	404353	405265	left	1	2	1
12	wzx	f	20	1	50	diamond	green	(645, 428)	low	no	no_dis	N	same	hori	left	True	406365	408193	left	1	2	2
12	wzx	f	20	1	50	circle	green	(645, 652)	low	dis	(757, 540)	N	same	vert	up	True	409413	410793	up	1	2	3
12	wzx	f	20	1	50	circle	green	(565, 460)	high	dis	(724, 460)	N	dif	hori	left	True	411980	413041	left	1	2	4
12	wzx	f	20	1	50	circle	green	(565, 460)	high	dis	(724, 460)	N	same	vert	up	True	414234	415666	up	1	2	5
12	wzx	f	20	1	50	diamond	red	(645, 652)	low	no	no_dis	N	same	hori	left	True	416848	417985	left	1	2	6
12	wzx	f	20	1	50	circle	green	(565, 619)	low	dis	(565, 460)	Y	dif	vert	up	True	419134	420305	up	1	2	7
12	wzx	f	20	1	50	circle	red	(565, 460)	high	dis	(565, 619)	N	dif	hori	left	True	421546	422602	left	1	2	8
12	wzx	f	20	1	50	diamond	green	(565, 460)	high	dis	(645, 652)	N	dif	vert	up	True	423663	424898	up	1	2	9
12	wzx	f	20	1	50	diamond	red	(645, 428)	low	dis	(757, 540)	N	same	vert	up	True	426140	427681	up	1	2	10
12	wzx	f	20	1	50	diamond	green	(565, 460)	high	no	no_dis	N	same	vert	up	True	428915	430993	up	1	2	11
12	wzx	f	20	1	50	diamond	red	(565, 460)	high	dis	(757, 540)	N	same	vert	up	True	432232	433289	up	1	2	12
12	wzx	f	20	1	50	circle	green	(724, 619)	low	dis	(645, 652)	N	dif	hori	left	True	434318	435353	left	1	2	13
12	wzx	f	20	1	50	circle	red	(565, 460)	high	dis	(533, 540)	N	dif	hori	left	True	436578	437833	left	1	2	14
12	wzx	f	20	1	50	diamond	green	(565, 460)	high	dis	(645, 652)	N	same	vert	up	True	438883	440065	up	1	2	15
12	wzx	f	20	1	50	diamond	red	(565, 460)	high	no	no_dis	N	same	hori	left	True	441153	442441	left	1	2	16
12	wzx	f	20	1	50	diamond	green	(757, 540)	low	dis	(645, 428)	N	dif	vert	up	True	443544	444849	up	1	2	17
12	wzx	f	20	1	50	circle	red	(645, 652)	low	dis	(533, 540)	N	dif	hori	left	True	445874	447089	left	1	2	18
12	wzx	f	20	1	50	circle	green	(565, 460)	high	dis	(565, 619)	N	dif	vert	up	True	448183	449249	up	1	2	19
12	wzx	f	20	1	50	circle	green	(645, 428)	low	dis	(757, 540)	N	dif	hori	left	True	450501	451946	up	0	2	20
12	wzx	f	20	1	50	diamond	green	(565, 460)	high	no	no_dis	N	dif	hori	left	True	454464	456394	left	1	2	21
12	wzx	f	20	1	50	circle	green	(565, 460)	high	dis	(533, 540)	N	dif	hori	left	True	457613	458946	left	1	2	22
12	wzx	f	20	1	50	diamond	red	(757, 540)	low	no	no_dis	N	dif	vert	up	True	460146	461346	up	1	2	23
12	wzx	f	20	1	50	diamond	green	(533, 540)	low	dis	(645, 652)	N	dif	vert	up	True	462504	464106	up	1	2	24
12	wzx	f	20	1	50	circle	red	(724, 460)	low	dis	(565, 460)	Y	dif	hori	left	True	465268	466418	left	1	2	25
12	wzx	f	20	1	50	diamond	red	(565, 460)	high	dis	(533, 540)	N	same	vert	up	True	467459	468690	up	1	2	26
12	wzx	f	20	1	50	circle	red	(724, 460)	low	no	no_dis	N	dif	vert	up	True	469937	471033	up	1	2	27
12	wzx	f	20	1	50	circle	green	(565, 460)	high	no	no_dis	N	same	hori	left	True	472072	473881	left	1	2	28
12	wzx	f	20	1	50	circle	red	(565, 460)	high	no	no_dis	N	dif	vert	up	True	475040	476105	up	1	2	29
12	wzx	f	20	1	50	circle	red	(565, 460)	high	dis	(565, 619)	N	dif	vert	up	True	477170	478817	up	1	2	30
12	wzx	f	20	1	50	diamond	red	(565, 460)	high	no	no_dis	N	dif	hori	left	True	479949	481177	left	1	2	31
12	wzx	f	20	1	50	circle	green	(757, 540)	low	dis	(645, 428)	N	same	hori	left	True	482401	483673	left	1	2	32
12	wzx	f	20	1	50	circle	red	(565, 460)	high	dis	(645, 652)	N	same	hori	left	True	484837	486161	left	1	2	33
12	wzx	f	20	1	50	diamond	red	(565, 460)	high	dis	(724, 460)	N	same	vert	up	True	487357	490090	up	1	2	34
12	wzx	f	20	1	50	circle	red	(565, 460)	high	no	no_dis	N	dif	hori	left	True	491161	493034	left	1	2	35
12	wzx	f	20	1	50	diamond	green	(565, 460)	high	dis	(757, 540)	N	same	hori	left	True	494054	495690	left	1	2	36
12	wzx	f	20	1	50	diamond	green	(565, 460)	high	dis	(724, 619)	N	same	hori	left	True	496737	498170	left	1	2	37
12	wzx	f	20	1	50	circle	red	(565, 460)	high	dis	(757, 540)	N	dif	vert	up	True	499180	500490	up	1	2	38
12	wzx	f	20	1	50	diamond	red	(645, 428)	low	no	no_dis	N	dif	vert	up	True	501504	502809	up	1	2	39
12	wzx	f	20	1	50	diamond	red	(645, 652)	low	no	no_dis	N	same	hori	left	True	503949	505346	left	1	2	40
12	wzx	f	20	1	50	circle	red	(645, 428)	low	dis	(565, 460)	Y	dif	hori	left	True	506373	507353	left	1	2	41
12	wzx	f	20	1	50	circle	red	(565, 460)	high	no	no_dis	N	same	hori	left	True	508571	510825	left	1	2	42
12	wzx	f	20	1	50	diamond	red	(565, 619)	low	dis	(724, 460)	N	same	vert	up	True	511897	513753	up	1	2	43
12	wzx	f	20	1	50	circle	green	(645, 652)	low	dis	(565, 619)	N	same	hori	left	True	514883	516257	left	1	2	44
12	wzx	f	20	1	50	diamond	green	(533, 540)	low	dis	(757, 540)	N	dif	vert	up	False	517459	None	None	0	2	45
12	wzx	f	20	1	50	diamond	red	(565, 460)	high	dis	(645, 428)	N	dif	vert	up	True	523095	525505	up	1	2	46
12	wzx	f	20	1	50	circle	green	(565, 460)	high	no	no_dis	N	same	vert	up	True	526583	527897	up	1	2	47
12	wzx	f	20	1	50	diamond	green	(565, 460)	high	dis	(724, 460)	N	dif	hori	left	True	528930	530289	left	1	2	48
12	wzx	f	20	1	50	diamond	green	(645, 428)	low	dis	(724, 619)	N	dif	hori	left	True	531438	532641	left	1	2	49
12	wzx	f	20	1	50	diamond	green	(533, 540)	low	dis	(565, 619)	N	same	hori	left	True	533762	535042	left	1	2	50
12	wzx	f	20	1	50	circle	red	(565, 619)	low	no	no_dis	N	same	vert	up	True	536134	537730	up	1	2	51
12	wzx	f	20	1	50	diamond	green	(565, 460)	high	no	no_dis	N	same	hori	left	True	538982	540105	left	1	2	52
12	wzx	f	20	1	50	circle	red	(757, 540)	low	dis	(724, 619)	N	same	hori	left	True	541339	542657	left	1	2	53
12	wzx	f	20	1	50	circle	red	(533, 540)	low	no	no_dis	N	dif	hori	left	True	543684	544713	left	1	2	54
12	wzx	f	20	1	50	circle	green	(565, 619)	low	no	no_dis	N	dif	vert	up	True	545751	546777	up	1	2	55
12	wzx	f	20	1	50	circle	red	(757, 540)	low	no	no_dis	N	same	vert	up	True	547913	548881	up	1	2	56
12	wzx	f	20	1	50	diamond	green	(565, 460)	high	dis	(645, 428)	N	dif	hori	left	True	550030	551649	left	1	2	57
12	wzx	f	20	1	50	circle	green	(565, 460)	high	dis	(645, 428)	N	dif	vert	up	True	552870	554609	up	1	2	58
12	wzx	f	20	1	50	circle	red	(565, 460)	high	dis	(533, 540)	N	dif	vert	up	True	555612	557361	up	1	2	59
12	wzx	f	20	1	50	circle	green	(724, 460)	low	dis	(757, 540)	N	same	hori	left	True	558451	561186	left	1	2	60
12	wzx	f	20	1	50	circle	red	(565, 460)	high	dis	(757, 540)	N	same	hori	left	True	562315	563778	left	1	2	61
12	wzx	f	20	1	50	diamond	red	(724, 619)	low	dis	(724, 460)	N	same	vert	up	True	564855	566226	up	1	2	62
12	wzx	f	20	1	50	diamond	green	(565, 460)	high	dis	(533, 540)	N	same	hori	left	True	567426	568626	left	1	2	63
12	wzx	f	20	1	50	circle	green	(565, 460)	high	dis	(724, 619)	N	same	vert	up	True	569727	570889	up	1	2	64
12	wzx	f	20	1	50	diamond	red	(565, 460)	high	dis	(645, 428)	N	same	vert	up	True	572040	574401	up	1	2	65
12	wzx	f	20	1	50	diamond	red	(565, 460)	high	dis	(724, 619)	N	dif	vert	up	True	575605	577137	up	1	2	66
12	wzx	f	20	1	50	circle	green	(724, 460)	low	no	no_dis	N	same	vert	up	True	578146	580345	up	1	2	67
12	wzx	f	20	1	50	diamond	red	(724, 619)	low	dis	(645, 428)	N	same	vert	up	True	581392	584137	up	1	2	68
12	wzx	f	20	1	50	diamond	green	(645, 652)	low	dis	(533, 540)	N	same	hori	left	True	585229	586657	left	1	2	69
12	wzx	f	20	1	50	diamond	red	(565, 460)	high	dis	(724, 619)	N	same	hori	left	True	587721	589073	left	1	2	70
12	wzx	f	20	1	50	circle	red	(565, 460)	high	dis	(565, 619)	N	same	vert	up	True	590206	591377	up	1	2	71
12	wzx	f	20	1	50	circle	red	(565, 460)	high	dis	(724, 460)	N	same	hori	left	True	592594	593761	left	1	2	72
12	wzx	f	20	1	50	diamond	green	(565, 460)	high	dis	(724, 619)	N	dif	hori	left	True	594884	597225	left	1	2	73
12	wzx	f	20	1	50	diamond	green	(724, 460)	low	no	no_dis	N	dif	hori	left	True	598464	600337	left	1	2	74
12	wzx	f	20	1	50	circle	red	(565, 460)	high	no	no_dis	N	dif	vert	up	True	601407	602706	up	1	2	75
12	wzx	f	20	1	50	diamond	green	(565, 619)	low	dis	(565, 460)	Y	dif	vert	up	True	603864	605938	up	1	2	76
12	wzx	f	20	1	50	circle	green	(565, 460)	high	no	no_dis	N	same	vert	up	True	607029	608489	up	1	2	77
12	wzx	f	20	1	50	diamond	red	(724, 619)	low	dis	(565, 619)	N	dif	hori	left	True	609684	611121	left	1	2	78
12	wzx	f	20	1	50	diamond	red	(533, 540)	low	dis	(724, 460)	N	same	hori	left	True	612343	614049	left	1	2	79
12	wzx	f	20	1	50	circle	green	(645, 428)	low	no	no_dis	N	same	hori	left	True	615180	616993	left	1	2	80
12	wzx	f	20	1	50	circle	green	(645, 652)	low	no	no_dis	N	dif	vert	up	True	618134	619618	up	1	2	81
12	wzx	f	20	1	50	circle	red	(565, 460)	high	no	no_dis	N	dif	vert	up	True	620771	621818	up	1	2	82
12	wzx	f	20	1	50	diamond	red	(757, 540)	low	dis	(565, 460)	Y	same	vert	up	True	622924	624569	up	1	2	83
12	wzx	f	20	1	50	circle	green	(565, 460)	high	dis	(645, 652)	N	dif	hori	left	True	625798	627097	up	0	2	84
12	wzx	f	20	1	50	diamond	red	(645, 428)	low	dis	(724, 460)	N	dif	vert	up	True	629790	631937	up	1	2	85
12	wzx	f	20	1	50	diamond	green	(565, 460)	high	no	no_dis	N	dif	vert	up	True	632960	634257	up	1	2	86
12	wzx	f	20	1	50	circle	green	(565, 460)	high	no	no_dis	N	same	vert	up	True	635447	636561	up	1	2	87
12	wzx	f	20	1	50	diamond	green	(724, 619)	low	no	no_dis	N	dif	hori	left	True	637808	639162	left	1	2	88
12	wzx	f	20	1	50	diamond	green	(565, 460)	high	no	no_dis	N	same	hori	left	True	640362	641977	left	1	2	89
12	wzx	f	20	1	50	diamond	red	(724, 460)	low	dis	(565, 619)	N	dif	hori	left	True	643162	644417	left	1	2	90
12	wzx	f	20	1	50	diamond	green	(565, 460)	high	dis	(645, 428)	N	same	hori	left	True	645573	648057	left	1	2	91
12	wzx	f	20	1	50	circle	red	(565, 619)	low	dis	(724, 619)	N	same	vert	up	True	649152	650841	up	1	2	92
12	wzx	f	20	1	50	diamond	green	(565, 619)	low	dis	(565, 460)	Y	dif	hori	left	True	651978	653689	left	1	2	93
12	wzx	f	20	1	50	diamond	green	(533, 540)	low	no	no_dis	N	dif	hori	left	True	654829	656241	left	1	2	94
12	wzx	f	20	1	50	circle	red	(533, 540)	low	dis	(565, 460)	Y	same	hori	left	True	657322	658737	left	1	2	95
12	wzx	f	20	1	50	circle	green	(565, 460)	high	dis	(645, 428)	N	dif	hori	left	True	659813	662049	left	1	2	96
12	wzx	f	20	1	50	diamond	red	(565, 460)	high	dis	(533, 540)	N	same	hori	left	True	663137	664746	left	1	2	97
12	wzx	f	20	1	50	diamond	red	(565, 460)	high	dis	(757, 540)	N	dif	vert	up	True	665921	667937	up	1	2	98
12	wzx	f	20	1	50	circle	green	(533, 540)	low	dis	(565, 460)	Y	same	hori	left	True	669019	671033	left	1	2	99
12	wzx	f	20	1	50	diamond	green	(724, 619)	low	dis	(565, 460)	Y	dif	vert	up	True	672090	674025	up	1	2	100
12	wzx	f	20	1	50	diamond	red	(565, 460)	high	no	no_dis	N	dif	vert	up	True	675138	676841	up	1	2	101
12	wzx	f	20	1	50	circle	green	(565, 460)	high	no	no_dis	N	dif	hori	left	True	677975	679217	left	1	2	102
12	wzx	f	20	1	50	diamond	green	(757, 540)	low	no	no_dis	N	same	vert	up	True	680293	681601	up	1	2	103
12	wzx	f	20	1	50	diamond	green	(565, 460)	high	dis	(724, 619)	N	same	hori	left	True	682605	685089	up	0	2	104
12	wzx	f	20	1	50	circle	green	(724, 619)	low	no	no_dis	N	same	hori	left	True	687631	689353	left	1	2	105
12	wzx	f	20	1	50	circle	red	(565, 460)	high	dis	(645, 652)	N	dif	hori	left	True	690543	691617	left	1	2	106
12	wzx	f	20	1	50	diamond	red	(565, 460)	high	no	no_dis	N	same	vert	up	True	692772	694729	up	1	2	107
12	wzx	f	20	1	50	circle	red	(724, 619)	low	no	no_dis	N	same	vert	up	True	695756	696954	up	1	2	108
12	wzx	f	20	1	50	circle	red	(724, 460)	low	dis	(533, 540)	N	dif	vert	up	True	698088	699577	up	1	2	109
12	wzx	f	20	1	50	diamond	red	(645, 652)	low	dis	(565, 460)	Y	same	vert	up	True	700739	701882	up	1	2	110
12	wzx	f	20	1	50	circle	red	(757, 540)	low	dis	(645, 428)	N	same	vert	up	True	702963	704162	up	1	2	111
12	wzx	f	20	1	50	circle	green	(757, 540)	low	dis	(645, 652)	N	same	vert	up	True	705179	706081	up	1	2	112
12	wzx	f	20	1	50	circle	green	(565, 460)	high	dis	(565, 619)	N	dif	vert	up	True	707264	708778	up	1	2	113
12	wzx	f	20	1	50	circle	green	(724, 460)	low	dis	(645, 652)	N	dif	vert	up	True	709889	711289	up	1	2	114
12	wzx	f	20	1	50	circle	green	(565, 460)	high	dis	(645, 652)	N	same	vert	up	True	712409	713377	up	1	2	115
12	wzx	f	20	1	50	diamond	red	(533, 540)	low	no	no_dis	N	dif	hori	left	True	714444	715841	left	1	2	116
12	wzx	f	20	1	50	circle	red	(565, 619)	low	dis	(724, 460)	N	dif	vert	up	True	716893	718113	up	1	2	117
12	wzx	f	20	1	50	diamond	red	(565, 460)	high	dis	(565, 619)	N	same	vert	up	True	719237	721041	left	0	2	118
12	wzx	f	20	1	50	diamond	green	(724, 460)	low	dis	(724, 619)	N	dif	hori	left	True	723667	725338	up	0	2	119
12	wzx	f	20	1	50	circle	red	(724, 619)	low	dis	(533, 540)	N	same	hori	left	True	727938	730001	left	1	2	120
12	wzx	f	20	1	50	circle	red	(565, 460)	high	no	no_dis	N	dif	vert	up	True	800178	801553	up	1	3	1
12	wzx	f	20	1	50	circle	red	(645, 428)	low	dis	(565, 619)	N	dif	hori	left	True	802670	803977	left	1	3	2
12	wzx	f	20	1	50	diamond	red	(724, 460)	low	no	no_dis	N	dif	hori	left	True	805109	806090	left	1	3	3
12	wzx	f	20	1	50	circle	green	(724, 619)	low	no	no_dis	N	same	hori	left	True	807109	808489	left	1	3	4
12	wzx	f	20	1	50	circle	green	(757, 540)	low	dis	(533, 540)	N	same	hori	left	True	809621	810745	left	1	3	5
12	wzx	f	20	1	50	diamond	red	(724, 619)	low	dis	(645, 652)	N	dif	hori	left	True	811781	813297	left	1	3	6
12	wzx	f	20	1	50	circle	green	(565, 619)	low	dis	(565, 460)	Y	same	hori	left	True	814352	815665	left	1	3	7
12	wzx	f	20	1	50	circle	red	(565, 460)	high	no	no_dis	N	dif	vert	up	True	816887	817937	up	1	3	8
12	wzx	f	20	1	50	circle	green	(565, 460)	high	dis	(645, 428)	N	dif	vert	up	True	819156	820345	up	1	3	9
12	wzx	f	20	1	50	diamond	red	(565, 460)	high	dis	(645, 428)	N	same	hori	left	True	821353	822801	left	1	3	10
12	wzx	f	20	1	50	diamond	red	(565, 460)	high	no	no_dis	N	dif	hori	left	True	824024	825137	left	1	3	11
12	wzx	f	20	1	50	diamond	green	(757, 540)	low	dis	(533, 540)	N	same	vert	up	True	826372	827505	up	1	3	12
12	wzx	f	20	1	50	circle	green	(565, 460)	high	dis	(565, 619)	N	dif	vert	up	True	828632	829921	up	1	3	13
12	wzx	f	20	1	50	circle	red	(565, 460)	high	no	no_dis	N	same	hori	left	True	831112	832090	left	1	3	14
12	wzx	f	20	1	50	diamond	green	(565, 460)	high	dis	(645, 652)	N	same	vert	up	True	833221	834913	up	1	3	15
12	wzx	f	20	1	50	diamond	red	(565, 460)	high	no	no_dis	N	dif	hori	left	True	835940	837113	left	1	3	16
12	wzx	f	20	1	50	circle	red	(565, 460)	high	dis	(757, 540)	N	dif	hori	left	True	838347	839481	left	1	3	17
12	wzx	f	20	1	50	diamond	green	(533, 540)	low	dis	(565, 460)	Y	dif	vert	up	True	840561	842441	up	1	3	18
12	wzx	f	20	1	50	diamond	green	(724, 460)	low	dis	(645, 652)	N	same	vert	up	True	843502	845113	up	1	3	19
12	wzx	f	20	1	50	circle	red	(724, 619)	low	dis	(645, 428)	N	same	hori	left	True	846174	848137	left	1	3	20
12	wzx	f	20	1	50	diamond	green	(565, 460)	high	dis	(724, 619)	N	dif	vert	up	True	849324	850626	up	1	3	21
12	wzx	f	20	1	50	circle	green	(565, 460)	high	no	no_dis	N	dif	vert	up	True	851823	853113	up	1	3	22
12	wzx	f	20	1	50	diamond	green	(757, 540)	low	no	no_dis	N	same	vert	up	True	854243	855641	up	1	3	23
12	wzx	f	20	1	50	circle	green	(565, 460)	high	no	no_dis	N	same	vert	up	True	856839	858281	up	1	3	24
12	wzx	f	20	1	50	circle	green	(565, 460)	high	dis	(645, 652)	N	dif	hori	left	True	859509	860609	left	1	3	25
12	wzx	f	20	1	50	circle	red	(533, 540)	low	no	no_dis	N	same	vert	up	True	861671	863145	up	1	3	26
12	wzx	f	20	1	50	circle	green	(533, 540)	low	no	no_dis	N	dif	vert	up	True	864300	865425	up	1	3	27
12	wzx	f	20	1	50	diamond	red	(565, 460)	high	no	no_dis	N	dif	hori	left	True	866558	867929	up	0	3	28
12	wzx	f	20	1	50	circle	green	(565, 460)	high	dis	(724, 619)	N	same	hori	left	True	870563	872425	left	1	3	29
12	wzx	f	20	1	50	diamond	green	(645, 428)	low	dis	(724, 619)	N	dif	vert	up	True	873448	875017	up	1	3	30
12	wzx	f	20	1	50	diamond	green	(565, 460)	high	dis	(724, 619)	N	dif	vert	up	True	876226	878529	up	1	3	31
12	wzx	f	20	1	50	circle	green	(724, 619)	low	dis	(533, 540)	N	dif	vert	up	True	879668	881569	up	1	3	32
12	wzx	f	20	1	50	circle	red	(565, 460)	high	no	no_dis	N	same	vert	up	True	882736	883697	up	1	3	33
12	wzx	f	20	1	50	diamond	green	(565, 619)	low	no	no_dis	N	dif	hori	left	True	884702	886377	left	1	3	34
12	wzx	f	20	1	50	diamond	red	(565, 460)	high	dis	(724, 619)	N	same	vert	up	True	887631	889113	up	1	3	35
12	wzx	f	20	1	50	circle	green	(533, 540)	low	dis	(757, 540)	N	same	hori	left	True	890144	891913	left	1	3	36
12	wzx	f	20	1	50	diamond	red	(645, 428)	low	dis	(565, 619)	N	dif	hori	left	True	893127	894802	left	1	3	37
12	wzx	f	20	1	50	diamond	green	(565, 460)	high	dis	(533, 540)	N	same	hori	left	True	896032	897442	left	1	3	38
12	wzx	f	20	1	50	circle	green	(724, 460)	low	no	no_dis	N	dif	vert	up	True	898570	899825	up	1	3	39
12	wzx	f	20	1	50	circle	red	(533, 540)	low	dis	(724, 460)	N	same	vert	up	True	900958	902353	up	1	3	40
12	wzx	f	20	1	50	circle	red	(565, 619)	low	dis	(724, 460)	N	same	vert	up	True	903366	904617	up	1	3	41
12	wzx	f	20	1	50	diamond	red	(724, 619)	low	no	no_dis	N	same	vert	up	True	905692	907025	up	1	3	42
12	wzx	f	20	1	50	circle	green	(645, 652)	low	dis	(645, 428)	N	same	hori	left	True	908213	909745	left	1	3	43
12	wzx	f	20	1	50	circle	red	(565, 460)	high	dis	(565, 619)	N	same	vert	up	True	910881	911914	up	1	3	44
12	wzx	f	20	1	50	diamond	red	(565, 460)	high	no	no_dis	N	dif	vert	up	True	913060	914329	up	1	3	45
12	wzx	f	20	1	50	diamond	green	(533, 540)	low	dis	(757, 540)	N	dif	vert	up	True	915572	916745	up	1	3	46
12	wzx	f	20	1	50	circle	red	(724, 619)	low	no	no_dis	N	dif	hori	left	True	917921	919169	left	1	3	47
12	wzx	f	20	1	50	circle	green	(645, 428)	low	dis	(724, 619)	N	dif	vert	up	True	920413	921881	up	1	3	48
12	wzx	f	20	1	50	circle	red	(565, 460)	high	no	no_dis	N	same	vert	up	True	922889	924097	up	1	3	49
12	wzx	f	20	1	50	diamond	red	(645, 428)	low	no	no_dis	N	dif	vert	up	True	925190	927169	up	1	3	50
12	wzx	f	20	1	50	circle	red	(565, 619)	low	dis	(645, 428)	N	same	hori	left	True	928359	930082	left	1	3	51
12	wzx	f	20	1	50	diamond	red	(565, 460)	high	dis	(757, 540)	N	dif	hori	left	True	931158	932393	left	1	3	52
12	wzx	f	20	1	50	circle	red	(757, 540)	low	dis	(565, 619)	N	dif	hori	left	True	933445	934697	left	1	3	53
12	wzx	f	20	1	50	diamond	red	(565, 619)	low	dis	(565, 460)	Y	same	hori	left	True	935947	937178	left	1	3	54
12	wzx	f	20	1	50	diamond	green	(565, 460)	high	no	no_dis	N	same	hori	left	True	938367	939465	left	1	3	55
12	wzx	f	20	1	50	circle	red	(565, 460)	high	dis	(645, 428)	N	dif	vert	up	True	940628	941841	up	1	3	56
12	wzx	f	20	1	50	circle	green	(645, 652)	low	dis	(565, 460)	Y	same	hori	left	True	942854	944169	left	1	3	57
12	wzx	f	20	1	50	circle	red	(565, 460)	high	dis	(645, 652)	N	same	vert	up	True	945408	946673	up	1	3	58
12	wzx	f	20	1	50	diamond	red	(565, 460)	high	dis	(724, 460)	N	same	vert	up	True	947899	949329	up	1	3	59
12	wzx	f	20	1	50	diamond	red	(757, 540)	low	dis	(645, 652)	N	same	vert	up	True	950389	952033	up	1	3	60
12	wzx	f	20	1	50	diamond	red	(724, 619)	low	dis	(724, 460)	N	dif	vert	up	True	953252	955273	up	1	3	61
12	wzx	f	20	1	50	circle	red	(565, 460)	high	dis	(533, 540)	N	dif	vert	up	True	956357	957953	up	1	3	62
12	wzx	f	20	1	50	circle	green	(565, 460)	high	no	no_dis	N	same	vert	up	True	959150	960377	up	1	3	63
12	wzx	f	20	1	50	diamond	red	(645, 652)	low	no	no_dis	N	same	hori	left	True	961455	963642	left	1	3	64
12	wzx	f	20	1	50	circle	green	(565, 460)	high	dis	(757, 540)	N	dif	hori	left	True	964832	966081	left	1	3	65
12	wzx	f	20	1	50	diamond	red	(565, 460)	high	no	no_dis	N	same	hori	left	True	967180	968377	left	1	3	66
12	wzx	f	20	1	50	diamond	green	(724, 460)	low	dis	(565, 460)	Y	dif	vert	up	True	969382	971321	up	1	3	67
12	wzx	f	20	1	50	diamond	red	(565, 619)	low	dis	(724, 619)	N	same	vert	up	True	972533	974329	up	1	3	68
12	wzx	f	20	1	50	circle	red	(645, 428)	low	dis	(565, 460)	Y	same	vert	up	True	975343	977105	up	1	3	69
12	wzx	f	20	1	50	diamond	red	(724, 460)	low	dis	(757, 540)	N	dif	hori	left	True	978171	979985	left	1	3	70
12	wzx	f	20	1	50	circle	green	(724, 619)	low	dis	(565, 460)	Y	dif	hori	left	True	981004	983009	left	1	3	71
12	wzx	f	20	1	50	circle	green	(565, 460)	high	no	no_dis	N	dif	hori	left	True	984185	985649	left	1	3	72
12	wzx	f	20	1	50	circle	red	(565, 460)	high	dis	(533, 540)	N	same	hori	left	True	986735	987993	left	1	3	73
12	wzx	f	20	1	50	circle	red	(565, 460)	high	dis	(645, 652)	N	same	hori	left	True	989190	990505	left	1	3	74
12	wzx	f	20	1	50	circle	red	(757, 540)	low	dis	(533, 540)	N	same	vert	up	True	991571	993145	up	1	3	75
12	wzx	f	20	1	50	circle	red	(645, 652)	low	dis	(565, 460)	Y	same	hori	left	True	994368	995753	left	1	3	76
12	wzx	f	20	1	50	diamond	green	(565, 460)	high	dis	(757, 540)	N	same	hori	left	True	996990	998921	left	1	3	77
12	wzx	f	20	1	50	diamond	red	(565, 460)	high	dis	(724, 460)	N	dif	hori	left	True	1000007	1001217	left	1	3	78
12	wzx	f	20	1	50	circle	green	(565, 460)	high	no	no_dis	N	dif	vert	up	True	1002277	1003633	up	1	3	79
12	wzx	f	20	1	50	diamond	red	(645, 428)	low	dis	(724, 619)	N	dif	vert	up	True	1004846	1006089	up	1	3	80
12	wzx	f	20	1	50	circle	red	(565, 460)	high	dis	(724, 619)	N	dif	hori	left	True	1007136	1008521	left	1	3	81
12	wzx	f	20	1	50	circle	red	(565, 460)	high	dis	(533, 540)	N	same	vert	up	True	1009626	1011401	up	1	3	82
12	wzx	f	20	1	50	diamond	green	(565, 460)	high	no	no_dis	N	same	hori	left	True	1012474	1013649	left	1	3	83
12	wzx	f	20	1	50	diamond	green	(565, 460)	high	dis	(533, 540)	N	same	vert	up	True	1014814	1016225	up	1	3	84
12	wzx	f	20	1	50	circle	green	(565, 460)	high	dis	(645, 428)	N	same	hori	left	True	1017358	1018825	left	1	3	85
12	wzx	f	20	1	50	diamond	green	(645, 428)	low	no	no_dis	N	same	vert	up	True	1020071	1021329	up	1	3	86
12	wzx	f	20	1	50	circle	green	(724, 460)	low	dis	(565, 460)	Y	same	hori	left	True	1022553	1024033	left	1	3	87
12	wzx	f	20	1	50	diamond	red	(565, 460)	high	dis	(565, 619)	N	dif	hori	left	True	1025230	1027369	left	1	3	88
12	wzx	f	20	1	50	diamond	green	(757, 540)	low	dis	(565, 460)	Y	dif	hori	left	True	1028621	1029969	left	1	3	89
12	wzx	f	20	1	50	diamond	red	(565, 460)	high	dis	(724, 619)	N	same	vert	up	True	1031210	1032337	up	1	3	90
12	wzx	f	20	1	50	diamond	green	(565, 460)	high	no	no_dis	N	dif	hori	left	True	1033375	1034761	left	1	3	91
12	wzx	f	20	1	50	diamond	red	(565, 460)	high	dis	(565, 619)	N	dif	vert	up	True	1036011	1037769	up	1	3	92
12	wzx	f	20	1	50	diamond	green	(565, 460)	high	dis	(724, 460)	N	dif	vert	up	True	1039022	1040169	up	1	3	93
12	wzx	f	20	1	50	circle	green	(565, 460)	high	dis	(565, 619)	N	dif	vert	up	True	1041183	1042665	up	1	3	94
12	wzx	f	20	1	50	diamond	red	(645, 652)	low	dis	(533, 540)	N	dif	vert	up	True	1043852	1045345	up	1	3	95
12	wzx	f	20	1	50	diamond	green	(565, 460)	high	dis	(645, 428)	N	dif	vert	up	True	1046441	1047673	up	1	3	96
12	wzx	f	20	1	50	diamond	green	(565, 460)	high	no	no_dis	N	same	vert	up	True	1048804	1050001	up	1	3	97
12	wzx	f	20	1	50	circle	red	(757, 540)	low	no	no_dis	N	same	vert	up	True	1051059	1052633	up	1	3	98
12	wzx	f	20	1	50	diamond	red	(565, 619)	low	no	no_dis	N	dif	vert	up	True	1053787	1055113	up	1	3	99
12	wzx	f	20	1	50	diamond	green	(724, 619)	low	dis	(724, 460)	N	same	vert	up	True	1056167	1058617	up	1	3	100
12	wzx	f	20	1	50	diamond	red	(565, 460)	high	dis	(757, 540)	N	dif	hori	left	True	1059637	1061009	left	1	3	101
12	wzx	f	20	1	50	circle	red	(645, 652)	low	no	no_dis	N	same	hori	left	True	1062051	1063353	left	1	3	102
12	wzx	f	20	1	50	diamond	red	(565, 460)	high	dis	(757, 540)	N	dif	hori	left	True	1064560	1065673	left	1	3	103
12	wzx	f	20	1	50	circle	green	(645, 652)	low	no	no_dis	N	dif	hori	left	True	1066800	1068297	left	1	3	104
12	wzx	f	20	1	50	circle	red	(645, 428)	low	no	no_dis	N	same	hori	left	True	1069423	1071553	left	1	3	105
12	wzx	f	20	1	50	circle	red	(565, 460)	high	dis	(565, 619)	N	same	hori	left	True	1072645	1073913	left	1	3	106
12	wzx	f	20	1	50	circle	green	(724, 460)	low	no	no_dis	N	dif	hori	left	True	1074940	1076297	left	1	3	107
12	wzx	f	20	1	50	diamond	green	(645, 652)	low	dis	(724, 460)	N	dif	hori	left	True	1077305	1078601	left	1	3	108
12	wzx	f	20	1	50	circle	green	(565, 460)	high	dis	(645, 652)	N	same	hori	left	True	1079757	1081401	left	1	3	109
12	wzx	f	20	1	50	diamond	red	(533, 540)	low	dis	(565, 619)	N	dif	hori	left	True	1082635	1084929	left	1	3	110
12	wzx	f	20	1	50	diamond	green	(565, 460)	high	no	no_dis	N	same	hori	left	True	1085968	1087217	left	1	3	111
12	wzx	f	20	1	50	diamond	green	(565, 619)	low	dis	(645, 428)	N	dif	vert	up	True	1088263	1090153	up	1	3	112
12	wzx	f	20	1	50	diamond	green	(533, 540)	low	no	no_dis	N	dif	vert	up	True	1091156	1092713	up	1	3	113
12	wzx	f	20	1	50	circle	green	(724, 460)	low	dis	(645, 652)	N	dif	hori	left	True	1093797	1095313	left	1	3	114
12	wzx	f	20	1	50	diamond	green	(565, 460)	high	dis	(645, 652)	N	same	hori	left	True	1096427	1097625	left	1	3	115
12	wzx	f	20	1	50	circle	green	(565, 460)	high	dis	(724, 460)	N	dif	hori	left	True	1098847	1100217	left	1	3	116
12	wzx	f	20	1	50	diamond	green	(565, 619)	low	no	no_dis	N	same	hori	left	True	1101370	1102953	left	1	3	117
12	wzx	f	20	1	50	circle	red	(724, 460)	low	dis	(757, 540)	N	same	vert	up	True	1104113	1105313	up	1	3	118
12	wzx	f	20	1	50	circle	green	(565, 460)	high	dis	(645, 428)	N	same	vert	up	True	1106556	1108129	up	1	3	119
12	wzx	f	20	1	50	diamond	green	(565, 460)	high	dis	(724, 460)	N	same	vert	up	True	1109174	1110593	up	1	3	120
12	wzx	f	20	1	50	circle	red	(757, 540)	low	dis	(724, 460)	N	dif	vert	up	True	1157428	1158993	up	1	4	1
12	wzx	f	20	1	50	circle	green	(724, 460)	low	dis	(757, 540)	N	dif	hori	left	True	1160030	1161289	left	1	4	2
12	wzx	f	20	1	50	diamond	red	(533, 540)	low	no	no_dis	N	dif	vert	up	True	1162429	1163736	up	1	4	3
12	wzx	f	20	1	50	circle	green	(565, 460)	high	dis	(724, 460)	N	same	hori	left	True	1164839	1165849	left	1	4	4
12	wzx	f	20	1	50	diamond	green	(565, 619)	low	dis	(533, 540)	N	dif	hori	left	True	1166854	1168241	left	1	4	5
12	wzx	f	20	1	50	circle	green	(565, 460)	high	no	no_dis	N	same	hori	left	True	1169266	1170497	left	1	4	6
12	wzx	f	20	1	50	diamond	red	(565, 460)	high	no	no_dis	N	dif	vert	up	True	1171543	1173473	up	1	4	7
12	wzx	f	20	1	50	circle	red	(565, 460)	high	dis	(645, 428)	N	dif	hori	left	True	1174539	1176033	left	1	4	8
12	wzx	f	20	1	50	diamond	green	(565, 460)	high	dis	(533, 540)	N	same	vert	up	True	1177107	1178305	up	1	4	9
12	wzx	f	20	1	50	diamond	green	(565, 460)	high	dis	(645, 652)	N	dif	vert	up	True	1179358	1180617	up	1	4	10
12	wzx	f	20	1	50	circle	green	(565, 460)	high	dis	(724, 460)	N	same	hori	left	True	1181832	1183561	left	1	4	11
12	wzx	f	20	1	50	circle	red	(757, 540)	low	no	no_dis	N	same	vert	up	True	1184655	1186065	up	1	4	12
12	wzx	f	20	1	50	circle	red	(565, 619)	low	dis	(645, 428)	N	same	hori	left	True	1187120	1188457	left	1	4	13
12	wzx	f	20	1	50	circle	green	(565, 460)	high	dis	(645, 428)	N	same	hori	left	True	1189602	1192361	left	1	4	14
12	wzx	f	20	1	50	diamond	red	(645, 428)	low	dis	(565, 460)	Y	same	hori	left	True	1193388	1195329	left	1	4	15
12	wzx	f	20	1	50	diamond	green	(565, 460)	high	dis	(533, 540)	N	dif	hori	left	True	1196554	1197753	left	1	4	16
12	wzx	f	20	1	50	circle	green	(757, 540)	low	dis	(565, 460)	Y	dif	vert	up	True	1198794	1200169	up	1	4	17
12	wzx	f	20	1	50	circle	red	(757, 540)	low	dis	(565, 619)	N	dif	hori	left	True	1201374	1202577	left	1	4	18
12	wzx	f	20	1	50	diamond	red	(724, 460)	low	dis	(565, 460)	Y	same	hori	left	True	1203667	1205625	left	1	4	19
12	wzx	f	20	1	50	circle	red	(565, 460)	high	dis	(757, 540)	N	dif	vert	up	True	1206847	1208257	up	1	4	20
12	wzx	f	20	1	50	circle	red	(645, 652)	low	dis	(645, 428)	N	dif	hori	left	True	1209402	1210649	left	1	4	21
12	wzx	f	20	1	50	diamond	red	(565, 460)	high	dis	(565, 619)	N	same	hori	left	True	1211787	1213193	left	1	4	22
12	wzx	f	20	1	50	circle	red	(565, 460)	high	no	no_dis	N	same	vert	up	True	1214402	1215801	up	1	4	23
12	wzx	f	20	1	50	diamond	green	(565, 460)	high	dis	(645, 428)	N	same	hori	left	True	1216869	1218129	left	1	4	24
12	wzx	f	20	1	50	circle	green	(565, 460)	high	dis	(724, 460)	N	same	vert	up	True	1219215	1220633	up	1	4	25
12	wzx	f	20	1	50	diamond	green	(565, 460)	high	dis	(724, 619)	N	dif	hori	left	True	1221660	1222984	left	1	4	26
12	wzx	f	20	1	50	circle	red	(565, 460)	high	dis	(724, 619)	N	dif	vert	up	True	1224102	1225681	up	1	4	27
12	wzx	f	20	1	50	circle	green	(565, 460)	high	dis	(757, 540)	N	dif	vert	up	True	1226813	1228313	up	1	4	28
12	wzx	f	20	1	50	circle	green	(757, 540)	low	no	no_dis	N	dif	hori	left	True	1229464	1230689	left	1	4	29
12	wzx	f	20	1	50	circle	red	(724, 460)	low	no	no_dis	N	same	hori	left	True	1231803	1233097	left	1	4	30
12	wzx	f	20	1	50	circle	green	(724, 619)	low	dis	(565, 460)	Y	same	vert	up	True	1234124	1235617	up	1	4	31
12	wzx	f	20	1	50	diamond	green	(565, 619)	low	dis	(645, 652)	N	same	hori	left	True	1236710	1238505	left	1	4	32
12	wzx	f	20	1	50	diamond	green	(724, 619)	low	no	no_dis	N	same	vert	up	True	1239683	1241521	up	1	4	33
12	wzx	f	20	1	50	diamond	green	(565, 460)	high	dis	(565, 619)	N	same	vert	up	True	1242757	1244481	up	1	4	34
12	wzx	f	20	1	50	circle	green	(565, 460)	high	dis	(757, 540)	N	same	hori	left	True	1245624	1247025	left	1	4	35
12	wzx	f	20	1	50	circle	green	(565, 460)	high	no	no_dis	N	dif	vert	up	True	1248226	1249337	up	1	4	36
12	wzx	f	20	1	50	diamond	green	(724, 460)	low	dis	(565, 619)	N	dif	hori	left	True	1250585	1251785	left	1	4	37
12	wzx	f	20	1	50	diamond	red	(565, 460)	high	dis	(533, 540)	N	same	hori	left	True	1252916	1254185	left	1	4	38
12	wzx	f	20	1	50	circle	green	(565, 619)	low	no	no_dis	N	dif	hori	left	True	1255346	1256817	left	1	4	39
12	wzx	f	20	1	50	diamond	red	(757, 540)	low	dis	(533, 540)	N	same	vert	up	True	1257896	1259265	up	1	4	40
12	wzx	f	20	1	50	diamond	red	(565, 460)	high	dis	(724, 619)	N	dif	vert	up	True	1260279	1261809	up	1	4	41
12	wzx	f	20	1	50	circle	red	(565, 460)	high	no	no_dis	N	same	vert	up	True	1262944	1264257	up	1	4	42
12	wzx	f	20	1	50	diamond	red	(724, 619)	low	dis	(565, 619)	N	same	vert	up	True	1265477	1267177	up	1	4	43
12	wzx	f	20	1	50	circle	green	(757, 540)	low	dis	(645, 652)	N	dif	vert	up	True	1268213	1269713	up	1	4	44
12	wzx	f	20	1	50	circle	red	(533, 540)	low	no	no_dis	N	same	hori	left	True	1270852	1272185	left	1	4	45
12	wzx	f	20	1	50	diamond	green	(724, 460)	low	no	no_dis	N	same	vert	up	True	1273398	1274657	up	1	4	46
12	wzx	f	20	1	50	circle	red	(565, 460)	high	dis	(724, 619)	N	dif	hori	left	True	1275751	1277289	left	1	4	47
12	wzx	f	20	1	50	circle	red	(565, 460)	high	no	no_dis	N	dif	hori	left	True	1278490	1279817	left	1	4	48
12	wzx	f	20	1	50	circle	red	(724, 460)	low	no	no_dis	N	dif	vert	up	True	1280958	1282377	up	1	4	49
12	wzx	f	20	1	50	circle	red	(565, 619)	low	dis	(724, 619)	N	same	hori	left	True	1283588	1285681	left	1	4	50
12	wzx	f	20	1	50	diamond	green	(565, 460)	high	no	no_dis	N	same	hori	left	True	1286733	1287833	left	1	4	51
12	wzx	f	20	1	50	circle	red	(645, 652)	low	dis	(724, 460)	N	dif	hori	left	True	1288983	1290873	left	1	4	52
12	wzx	f	20	1	50	circle	red	(533, 540)	low	dis	(645, 652)	N	same	hori	left	True	1291945	1293313	left	1	4	53
12	wzx	f	20	1	50	diamond	red	(645, 428)	low	dis	(757, 540)	N	dif	vert	up	True	1294548	1296072	up	1	4	54
12	wzx	f	20	1	50	diamond	green	(565, 460)	high	no	no_dis	N	same	hori	left	True	1297155	1298449	left	1	4	55
12	wzx	f	20	1	50	circle	green	(645, 652)	low	no	no_dis	N	same	vert	up	True	1299479	1300592	up	1	4	56
12	wzx	f	20	1	50	circle	red	(565, 460)	high	no	no_dis	N	same	hori	left	True	1301753	1302889	left	1	4	57
12	wzx	f	20	1	50	diamond	red	(565, 619)	low	no	no_dis	N	dif	vert	up	True	1303933	1305201	up	1	4	58
12	wzx	f	20	1	50	circle	red	(645, 428)	low	dis	(565, 460)	Y	dif	vert	up	True	1306375	1308162	up	1	4	59
12	wzx	f	20	1	50	diamond	green	(565, 460)	high	dis	(645, 652)	N	same	vert	up	True	1309400	1311321	up	1	4	60
12	wzx	f	20	1	50	diamond	green	(724, 619)	low	dis	(533, 540)	N	same	vert	up	True	1312388	1313841	up	1	4	61
12	wzx	f	20	1	50	diamond	green	(533, 540)	low	dis	(565, 619)	N	dif	vert	up	True	1314878	1316657	up	1	4	62
12	wzx	f	20	1	50	circle	green	(565, 460)	high	no	no_dis	N	dif	hori	left	True	1317798	1319041	left	1	4	63
12	wzx	f	20	1	50	diamond	red	(565, 460)	high	no	no_dis	N	same	vert	up	True	1320212	1321737	up	1	4	64
12	wzx	f	20	1	50	diamond	red	(565, 460)	high	no	no_dis	N	same	hori	left	True	1322957	1324105	left	1	4	65
12	wzx	f	20	1	50	diamond	green	(757, 540)	low	dis	(724, 619)	N	dif	vert	up	True	1325255	1326393	up	1	4	66
12	wzx	f	20	1	50	diamond	red	(565, 460)	high	no	no_dis	N	same	vert	up	True	1327567	1328433	up	1	4	67
12	wzx	f	20	1	50	diamond	green	(565, 460)	high	no	no_dis	N	dif	hori	left	True	1329671	1330657	left	1	4	68
12	wzx	f	20	1	50	circle	green	(645, 428)	low	no	no_dis	N	same	hori	left	True	1331688	1333057	up	0	4	69
12	wzx	f	20	1	50	circle	green	(565, 619)	low	dis	(724, 619)	N	same	vert	up	True	1335807	1337241	up	1	4	70
12	wzx	f	20	1	50	diamond	green	(565, 460)	high	no	no_dis	N	same	vert	up	True	1338281	1339857	up	1	4	71
12	wzx	f	20	1	50	circle	green	(645, 652)	low	dis	(565, 460)	Y	same	vert	up	True	1341004	1342449	up	1	4	72
12	wzx	f	20	1	50	circle	green	(533, 540)	low	dis	(757, 540)	N	same	vert	up	True	1343525	1344752	up	1	4	73
12	wzx	f	20	1	50	circle	green	(565, 460)	high	dis	(565, 619)	N	dif	hori	left	True	1345759	1347833	up	0	4	74
12	wzx	f	20	1	50	circle	green	(565, 460)	high	no	no_dis	N	dif	vert	up	True	1350404	1351713	up	1	4	75
12	wzx	f	20	1	50	diamond	green	(533, 540)	low	dis	(565, 460)	Y	dif	vert	up	True	1352836	1354809	up	1	4	76
12	wzx	f	20	1	50	circle	red	(565, 460)	high	dis	(565, 619)	N	dif	vert	up	True	1355818	1357840	up	1	4	77
12	wzx	f	20	1	50	circle	red	(724, 460)	low	dis	(565, 460)	Y	same	vert	up	True	1359022	1361289	up	1	4	78
12	wzx	f	20	1	50	diamond	red	(565, 460)	high	dis	(645, 652)	N	dif	vert	up	True	1362325	1363369	up	1	4	79
12	wzx	f	20	1	50	circle	green	(565, 460)	high	dis	(757, 540)	N	same	vert	up	True	1364415	1365688	up	1	4	80
12	wzx	f	20	1	50	diamond	green	(645, 428)	low	no	no_dis	N	dif	hori	left	True	1366871	1368041	left	1	4	81
12	wzx	f	20	1	50	diamond	green	(645, 428)	low	dis	(533, 540)	N	same	hori	left	True	1369074	1370201	left	1	4	82
12	wzx	f	20	1	50	circle	green	(565, 460)	high	no	no_dis	N	dif	vert	up	True	1371350	1372969	up	1	4	83
12	wzx	f	20	1	50	diamond	red	(757, 540)	low	no	no_dis	N	same	hori	left	True	1374075	1375241	left	1	4	84
12	wzx	f	20	1	50	diamond	red	(724, 619)	low	no	no_dis	N	dif	vert	up	True	1376289	1377424	up	1	4	85
12	wzx	f	20	1	50	circle	green	(645, 652)	low	dis	(724, 460)	N	dif	hori	left	True	1378429	1379897	up	0	4	86
12	wzx	f	20	1	50	diamond	red	(533, 540)	low	dis	(724, 460)	N	dif	hori	left	True	1382555	1384001	left	1	4	87
12	wzx	f	20	1	50	diamond	red	(565, 460)	high	dis	(645, 652)	N	dif	vert	up	True	1385250	1387513	up	1	4	88
12	wzx	f	20	1	50	diamond	red	(565, 460)	high	dis	(757, 540)	N	same	vert	up	True	1388716	1390001	up	1	4	89
12	wzx	f	20	1	50	diamond	green	(565, 460)	high	dis	(565, 619)	N	same	vert	up	True	1391075	1392297	up	1	4	90
12	wzx	f	20	1	50	circle	red	(645, 428)	low	no	no_dis	N	dif	hori	left	True	1393415	1396089	left	1	4	91
12	wzx	f	20	1	50	diamond	red	(565, 460)	high	dis	(724, 460)	N	same	vert	up	True	1397224	1398369	up	1	4	92
12	wzx	f	20	1	50	diamond	red	(724, 619)	low	dis	(645, 428)	N	same	vert	up	True	1399533	1400945	up	1	4	93
12	wzx	f	20	1	50	diamond	green	(645, 652)	low	no	no_dis	N	dif	vert	up	True	1401959	1403129	up	1	4	94
12	wzx	f	20	1	50	circle	green	(533, 540)	low	no	no_dis	N	same	hori	left	True	1404259	1405713	left	1	4	95
12	wzx	f	20	1	50	diamond	green	(565, 619)	low	no	no_dis	N	same	vert	up	True	1406923	1408032	up	1	4	96
12	wzx	f	20	1	50	circle	green	(565, 460)	high	dis	(724, 619)	N	dif	vert	up	True	1409202	1410161	up	1	4	97
12	wzx	f	20	1	50	circle	green	(565, 460)	high	dis	(645, 428)	N	dif	hori	left	True	1411319	1412816	up	0	4	98
12	wzx	f	20	1	50	diamond	red	(565, 460)	high	dis	(724, 619)	N	same	hori	left	True	1415581	1418161	left	1	4	99
12	wzx	f	20	1	50	diamond	red	(565, 460)	high	dis	(724, 460)	N	dif	vert	up	True	1419403	1421937	up	1	4	100
12	wzx	f	20	1	50	circle	green	(645, 428)	low	dis	(645, 652)	N	same	hori	left	True	1423120	1424577	left	1	4	101
12	wzx	f	20	1	50	diamond	green	(645, 652)	low	dis	(565, 460)	Y	dif	hori	left	True	1425730	1427416	left	1	4	102
12	wzx	f	20	1	50	circle	red	(565, 460)	high	dis	(533, 540)	N	same	vert	up	True	1428471	1429960	up	1	4	103
12	wzx	f	20	1	50	diamond	red	(645, 652)	low	no	no_dis	N	dif	hori	left	True	1431044	1432281	left	1	4	104
12	wzx	f	20	1	50	circle	green	(724, 460)	low	dis	(757, 540)	N	same	hori	left	True	1433431	1435418	left	1	4	105
12	wzx	f	20	1	50	diamond	red	(565, 619)	low	dis	(533, 540)	N	dif	hori	left	True	1436500	1438041	left	1	4	106
12	wzx	f	20	1	50	circle	red	(565, 460)	high	no	no_dis	N	dif	hori	left	True	1439105	1440376	left	1	4	107
12	wzx	f	20	1	50	circle	red	(724, 619)	low	dis	(645, 652)	N	dif	vert	up	True	1441599	1443033	up	1	4	108
12	wzx	f	20	1	50	diamond	green	(565, 460)	high	dis	(533, 540)	N	dif	hori	left	True	1444071	1445592	left	1	4	109
12	wzx	f	20	1	50	diamond	red	(724, 460)	low	dis	(645, 428)	N	same	hori	left	True	1446683	1449672	left	1	4	110
12	wzx	f	20	1	50	circle	red	(565, 460)	high	dis	(645, 428)	N	dif	hori	left	True	1450753	1451993	left	1	4	111
12	wzx	f	20	1	50	circle	red	(565, 460)	high	dis	(724, 460)	N	same	hori	left	True	1453130	1454329	left	1	4	112
12	wzx	f	20	1	50	diamond	green	(645, 428)	low	dis	(724, 619)	N	dif	vert	up	True	1455566	1457777	up	1	4	113
12	wzx	f	20	1	50	diamond	red	(565, 460)	high	dis	(645, 652)	N	dif	hori	left	True	1458955	1460712	left	1	4	114
12	wzx	f	20	1	50	diamond	green	(565, 460)	high	dis	(645, 428)	N	dif	hori	left	True	1461922	1463016	left	1	4	115
12	wzx	f	20	1	50	diamond	green	(565, 460)	high	no	no_dis	N	dif	hori	left	True	1464253	1465561	left	1	4	116
12	wzx	f	20	1	50	circle	red	(565, 460)	high	dis	(565, 619)	N	same	vert	up	True	1466635	1468225	up	1	4	117
12	wzx	f	20	1	50	diamond	red	(645, 652)	low	dis	(565, 460)	Y	same	vert	up	True	1469418	1470961	up	1	4	118
12	wzx	f	20	1	50	diamond	red	(565, 460)	high	no	no_dis	N	dif	vert	up	True	1472140	1473305	up	1	4	119
12	wzx	f	20	1	50	circle	red	(565, 460)	high	dis	(757, 540)	N	same	hori	left	True	1474487	1476769	left	1	4	120
12	wzx	f	20	1	50	diamond	green	(724, 619)	low	no	no_dis	N	same	vert	up	True	1517194	1518521	up	1	5	1
12	wzx	f	20	1	50	diamond	red	(724, 460)	low	no	no_dis	N	dif	vert	up	True	1519621	1521185	up	1	5	2
12	wzx	f	20	1	50	circle	red	(757, 540)	low	dis	(645, 428)	N	dif	hori	left	True	1522366	1523513	left	1	5	3
12	wzx	f	20	1	50	circle	red	(645, 652)	low	dis	(645, 428)	N	same	hori	left	True	1524736	1525889	left	1	5	4
12	wzx	f	20	1	50	circle	red	(724, 460)	low	no	no_dis	N	dif	vert	up	True	1527132	1528265	up	1	5	5
12	wzx	f	20	1	50	diamond	red	(533, 540)	low	dis	(724, 460)	N	dif	hori	left	True	1529280	1530632	left	1	5	6
12	wzx	f	20	1	50	diamond	green	(565, 460)	high	dis	(565, 619)	N	same	vert	up	True	1531726	1532881	up	1	5	7
12	wzx	f	20	1	50	circle	green	(645, 428)	low	no	no_dis	N	same	hori	left	True	1534054	1535465	left	1	5	8
12	wzx	f	20	1	50	diamond	red	(565, 460)	high	no	no_dis	N	same	hori	left	True	1536509	1537673	left	1	5	9
12	wzx	f	20	1	50	diamond	red	(565, 460)	high	dis	(724, 460)	N	same	hori	left	True	1538820	1540248	left	1	5	10
12	wzx	f	20	1	50	diamond	green	(565, 460)	high	dis	(533, 540)	N	same	hori	left	True	1541341	1542376	left	1	5	11
12	wzx	f	20	1	50	diamond	red	(645, 428)	low	dis	(645, 652)	N	dif	vert	up	True	1543585	1544977	up	1	5	12
12	wzx	f	20	1	50	diamond	red	(565, 460)	high	no	no_dis	N	dif	hori	left	True	1546160	1547953	left	1	5	13
12	wzx	f	20	1	50	circle	red	(645, 652)	low	no	no_dis	N	dif	vert	up	True	1549038	1550368	up	1	5	14
12	wzx	f	20	1	50	circle	green	(565, 460)	high	dis	(645, 428)	N	dif	hori	left	True	1551578	1552561	left	1	5	15
12	wzx	f	20	1	50	circle	green	(565, 460)	high	dis	(645, 428)	N	dif	hori	left	True	1553617	1554841	left	1	5	16
12	wzx	f	20	1	50	circle	red	(757, 540)	low	dis	(645, 652)	N	same	vert	up	True	1555931	1557168	up	1	5	17
12	wzx	f	20	1	50	circle	green	(724, 460)	low	dis	(533, 540)	N	dif	vert	up	True	1558259	1559377	up	1	5	18
12	wzx	f	20	1	50	circle	red	(724, 460)	low	dis	(757, 540)	N	dif	hori	left	True	1560608	1561993	left	1	5	19
12	wzx	f	20	1	50	diamond	green	(533, 540)	low	dis	(645, 428)	N	dif	hori	left	True	1563131	1564369	left	1	5	20
12	wzx	f	20	1	50	diamond	green	(565, 619)	low	dis	(565, 460)	Y	same	hori	left	True	1565402	1567009	left	1	5	21
12	wzx	f	20	1	50	circle	green	(565, 460)	high	dis	(757, 540)	N	dif	vert	up	True	1568179	1569393	up	1	5	22
12	wzx	f	20	1	50	diamond	red	(645, 428)	low	dis	(757, 540)	N	dif	vert	up	True	1570412	1571881	up	1	5	23
12	wzx	f	20	1	50	diamond	green	(533, 540)	low	dis	(565, 619)	N	same	vert	up	True	1573096	1574521	up	1	5	24
12	wzx	f	20	1	50	diamond	green	(565, 460)	high	no	no_dis	N	dif	vert	up	True	1575595	1576681	up	1	5	25
12	wzx	f	20	1	50	circle	green	(565, 619)	low	no	no_dis	N	same	hori	left	True	1577852	1579649	left	1	5	26
12	wzx	f	20	1	50	circle	green	(724, 460)	low	dis	(565, 460)	Y	same	hori	left	True	1580850	1581913	left	1	5	27
12	wzx	f	20	1	50	circle	green	(565, 460)	high	no	no_dis	N	same	hori	left	True	1583131	1584465	left	1	5	28
12	wzx	f	20	1	50	circle	green	(757, 540)	low	dis	(565, 460)	Y	dif	hori	left	True	1585560	1586969	left	1	5	29
12	wzx	f	20	1	50	diamond	red	(565, 460)	high	dis	(533, 540)	N	same	hori	left	True	1588114	1589329	left	1	5	30
12	wzx	f	20	1	50	diamond	red	(565, 460)	high	dis	(724, 460)	N	same	vert	up	True	1590545	1591585	up	1	5	31
12	wzx	f	20	1	50	diamond	red	(565, 460)	high	dis	(645, 428)	N	dif	vert	up	True	1592780	1593881	up	1	5	32
12	wzx	f	20	1	50	circle	green	(533, 540)	low	dis	(565, 460)	Y	dif	hori	left	True	1594888	1596376	up	0	5	33
12	wzx	f	20	1	50	circle	green	(645, 428)	low	dis	(724, 619)	N	same	hori	left	True	1599087	1600537	left	1	5	34
12	wzx	f	20	1	50	diamond	green	(533, 540)	low	no	no_dis	N	same	hori	left	True	1601590	1602688	left	1	5	35
12	wzx	f	20	1	50	circle	green	(565, 460)	high	no	no_dis	N	same	vert	up	True	1603852	1605345	up	1	5	36
12	wzx	f	20	1	50	diamond	green	(645, 652)	low	dis	(565, 619)	N	dif	vert	up	True	1606416	1607761	up	1	5	37
12	wzx	f	20	1	50	diamond	green	(565, 460)	high	dis	(533, 540)	N	dif	vert	up	True	1608991	1610353	up	1	5	38
12	wzx	f	20	1	50	circle	red	(645, 652)	low	no	no_dis	N	dif	hori	left	True	1611554	1612857	left	1	5	39
12	wzx	f	20	1	50	diamond	red	(565, 460)	high	no	no_dis	N	dif	hori	left	True	1613968	1614969	left	1	5	40
12	wzx	f	20	1	50	circle	green	(565, 460)	high	dis	(645, 652)	N	same	vert	up	True	1616184	1617281	up	1	5	41
12	wzx	f	20	1	50	diamond	green	(724, 619)	low	dis	(757, 540)	N	same	vert	up	True	1618521	1619961	up	1	5	42
12	wzx	f	20	1	50	circle	green	(645, 428)	low	no	no_dis	N	same	vert	up	True	1621085	1622728	up	1	5	43
12	wzx	f	20	1	50	diamond	red	(565, 619)	low	no	no_dis	N	dif	vert	up	True	1623821	1625961	up	1	5	44
12	wzx	f	20	1	50	diamond	red	(724, 619)	low	dis	(565, 460)	Y	dif	vert	up	True	1627090	1628569	up	1	5	45
12	wzx	f	20	1	50	circle	red	(565, 460)	high	dis	(565, 619)	N	same	hori	left	True	1629761	1631144	left	1	5	46
12	wzx	f	20	1	50	circle	green	(565, 460)	high	no	no_dis	N	same	hori	left	True	1632214	1633353	left	1	5	47
12	wzx	f	20	1	50	diamond	green	(565, 460)	high	dis	(533, 540)	N	same	vert	up	True	1634549	1635985	up	1	5	48
12	wzx	f	20	1	50	circle	red	(533, 540)	low	dis	(724, 619)	N	same	vert	up	True	1637026	1639024	up	1	5	49
12	wzx	f	20	1	50	circle	red	(565, 460)	high	dis	(533, 540)	N	dif	hori	left	True	1640114	1641409	left	1	5	50
12	wzx	f	20	1	50	circle	red	(565, 460)	high	no	no_dis	N	dif	vert	up	True	1642549	1643680	up	1	5	51
12	wzx	f	20	1	50	diamond	green	(724, 460)	low	dis	(757, 540)	N	same	vert	up	True	1644824	1646657	up	1	5	52
12	wzx	f	20	1	50	circle	red	(565, 460)	high	dis	(724, 460)	N	same	vert	up	True	1647677	1649025	up	1	5	53
12	wzx	f	20	1	50	diamond	green	(565, 460)	high	no	no_dis	N	dif	hori	left	True	1650217	1651176	left	1	5	54
12	wzx	f	20	1	50	diamond	green	(565, 460)	high	dis	(645, 652)	N	same	vert	up	True	1652281	1653593	up	1	5	55
12	wzx	f	20	1	50	circle	green	(724, 619)	low	no	no_dis	N	same	vert	up	True	1654697	1656041	up	1	5	56
12	wzx	f	20	1	50	diamond	red	(565, 619)	low	dis	(565, 460)	Y	same	hori	left	True	1657053	1658633	left	1	5	57
12	wzx	f	20	1	50	diamond	red	(565, 460)	high	dis	(645, 652)	N	same	hori	left	True	1659827	1660864	left	1	5	58
12	wzx	f	20	1	50	diamond	green	(757, 540)	low	no	no_dis	N	dif	hori	left	True	1661917	1663257	left	1	5	59
12	wzx	f	20	1	50	diamond	green	(565, 460)	high	no	no_dis	N	same	hori	left	True	1664471	1665480	left	1	5	60
12	wzx	f	20	1	50	circle	red	(565, 460)	high	dis	(724, 460)	N	same	vert	up	True	1666549	1668705	up	1	5	61
12	wzx	f	20	1	50	diamond	green	(565, 460)	high	dis	(724, 619)	N	dif	hori	left	True	1669884	1671057	left	1	5	62
12	wzx	f	20	1	50	circle	red	(724, 619)	low	dis	(565, 460)	Y	same	hori	left	True	1672086	1673384	left	1	5	63
12	wzx	f	20	1	50	diamond	red	(565, 460)	high	no	no_dis	N	same	hori	left	True	1674502	1675569	left	1	5	64
12	wzx	f	20	1	50	diamond	red	(645, 428)	low	dis	(565, 460)	Y	same	vert	up	True	1676675	1678377	up	1	5	65
12	wzx	f	20	1	50	diamond	red	(565, 460)	high	dis	(724, 460)	N	same	hori	left	True	1679452	1681073	left	1	5	66
12	wzx	f	20	1	50	circle	red	(565, 460)	high	no	no_dis	N	same	vert	up	True	1682199	1683425	up	1	5	67
12	wzx	f	20	1	50	diamond	green	(565, 460)	high	dis	(533, 540)	N	dif	hori	left	True	1684670	1685641	left	1	5	68
12	wzx	f	20	1	50	circle	green	(565, 460)	high	dis	(757, 540)	N	dif	vert	up	True	1686719	1687713	up	1	5	69
12	wzx	f	20	1	50	diamond	green	(645, 428)	low	dis	(724, 460)	N	same	hori	left	True	1688800	1689873	left	1	5	70
12	wzx	f	20	1	50	diamond	red	(565, 460)	high	dis	(724, 619)	N	dif	hori	left	True	1691105	1692185	up	0	5	71
12	wzx	f	20	1	50	circle	red	(565, 619)	low	dis	(533, 540)	N	dif	vert	up	True	1694904	1696297	up	1	5	72
12	wzx	f	20	1	50	diamond	green	(757, 540)	low	dis	(724, 619)	N	same	hori	left	True	1697308	1698945	left	1	5	73
12	wzx	f	20	1	50	circle	green	(565, 460)	high	dis	(645, 652)	N	same	hori	left	True	1700009	1701681	left	1	5	74
12	wzx	f	20	1	50	diamond	green	(565, 460)	high	no	no_dis	N	same	vert	up	True	1702718	1704249	up	1	5	75
12	wzx	f	20	1	50	circle	green	(565, 460)	high	dis	(565, 619)	N	same	hori	left	True	1705414	1706768	left	1	5	76
12	wzx	f	20	1	50	diamond	red	(724, 460)	low	dis	(724, 619)	N	same	vert	up	True	1707800	1709097	up	1	5	77
12	wzx	f	20	1	50	circle	green	(565, 460)	high	dis	(645, 428)	N	dif	hori	left	True	1710345	1711761	left	1	5	78
12	wzx	f	20	1	50	diamond	red	(724, 619)	low	dis	(645, 652)	N	dif	vert	up	True	1712968	1714889	up	1	5	79
12	wzx	f	20	1	50	diamond	red	(565, 460)	high	dis	(645, 428)	N	dif	vert	up	True	1716040	1717449	up	1	5	80
12	wzx	f	20	1	50	diamond	red	(757, 540)	low	no	no_dis	N	dif	vert	up	True	1718468	1719776	up	1	5	81
12	wzx	f	20	1	50	diamond	red	(565, 460)	high	dis	(757, 540)	N	same	hori	left	True	1720780	1722241	left	1	5	82
12	wzx	f	20	1	50	diamond	green	(565, 460)	high	dis	(724, 619)	N	dif	vert	up	True	1723452	1724841	up	1	5	83
12	wzx	f	20	1	50	diamond	green	(565, 619)	low	dis	(533, 540)	N	dif	hori	left	True	1725939	1727257	left	1	5	84
12	wzx	f	20	1	50	circle	red	(565, 460)	high	no	no_dis	N	same	vert	up	True	1728425	1729601	up	1	5	85
12	wzx	f	20	1	50	circle	green	(645, 652)	low	dis	(724, 619)	N	dif	vert	up	True	1730656	1732129	up	1	5	86
12	wzx	f	20	1	50	circle	green	(724, 619)	low	dis	(724, 460)	N	dif	hori	left	True	1733314	1734513	left	1	5	87
12	wzx	f	20	1	50	diamond	green	(565, 460)	high	dis	(757, 540)	N	dif	hori	left	True	1735566	1736689	left	1	5	88
12	wzx	f	20	1	50	diamond	green	(565, 460)	high	no	no_dis	N	dif	vert	up	True	1737734	1739073	up	1	5	89
12	wzx	f	20	1	50	circle	red	(565, 619)	low	dis	(565, 460)	Y	same	hori	left	True	1740214	1741641	left	1	5	90
12	wzx	f	20	1	50	circle	green	(565, 460)	high	no	no_dis	N	dif	vert	up	True	1742723	1744145	up	1	5	91
12	wzx	f	20	1	50	circle	red	(565, 460)	high	dis	(757, 540)	N	dif	hori	left	True	1745313	1746640	left	1	5	92
12	wzx	f	20	1	50	circle	red	(565, 460)	high	dis	(565, 619)	N	dif	vert	up	True	1747727	1748904	up	1	5	93
12	wzx	f	20	1	50	circle	red	(645, 428)	low	dis	(565, 619)	N	dif	hori	left	True	1750087	1752249	left	1	5	94
12	wzx	f	20	1	50	circle	red	(565, 460)	high	dis	(645, 652)	N	same	hori	left	True	1753372	1755313	left	1	5	95
12	wzx	f	20	1	50	circle	red	(757, 540)	low	no	no_dis	N	same	hori	left	True	1756389	1757728	left	1	5	96
12	wzx	f	20	1	50	circle	red	(757, 540)	low	dis	(565, 619)	N	same	vert	up	True	1758800	1759792	up	1	5	97
12	wzx	f	20	1	50	circle	red	(565, 460)	high	dis	(645, 652)	N	dif	vert	up	True	1761028	1762136	up	1	5	98
12	wzx	f	20	1	50	diamond	green	(724, 619)	low	no	no_dis	N	dif	hori	left	True	1763371	1765585	left	1	5	99
12	wzx	f	20	1	50	diamond	red	(757, 540)	low	dis	(533, 540)	N	same	vert	up	True	1766713	1767728	up	1	5	100
12	wzx	f	20	1	50	circle	green	(565, 460)	high	no	no_dis	N	dif	hori	left	True	1768838	1770113	left	1	5	101
12	wzx	f	20	1	50	diamond	red	(645, 652)	low	dis	(565, 619)	N	dif	hori	left	True	1771118	1772472	left	1	5	102
12	wzx	f	20	1	50	circle	red	(645, 428)	low	no	no_dis	N	same	vert	up	True	1773709	1775305	up	1	5	103
12	wzx	f	20	1	50	circle	red	(565, 460)	high	no	no_dis	N	same	vert	up	True	1776369	1777449	up	1	5	104
12	wzx	f	20	1	50	circle	green	(533, 540)	low	dis	(645, 428)	N	dif	vert	up	True	1778613	1779657	up	1	5	105
12	wzx	f	20	1	50	circle	green	(645, 652)	low	dis	(724, 460)	N	dif	vert	up	True	1780799	1782160	up	1	5	106
12	wzx	f	20	1	50	diamond	red	(565, 460)	high	no	no_dis	N	dif	vert	up	True	1783229	1784929	up	1	5	107
12	wzx	f	20	1	50	circle	green	(565, 460)	high	dis	(645, 428)	N	dif	hori	left	True	1785944	1787049	left	1	5	108
12	wzx	f	20	1	50	diamond	red	(565, 460)	high	dis	(724, 460)	N	same	vert	up	False	1788256	None	None	0	5	109
12	wzx	f	20	1	50	diamond	red	(565, 619)	low	no	no_dis	N	dif	hori	left	True	1793863	1795193	left	1	5	110
12	wzx	f	20	1	50	diamond	green	(724, 619)	low	dis	(565, 460)	Y	same	vert	up	True	1796362	1797737	up	1	5	111
12	wzx	f	20	1	50	circle	green	(565, 460)	high	dis	(724, 619)	N	dif	vert	up	True	1798882	1801320	up	1	5	112
12	wzx	f	20	1	50	circle	red	(565, 460)	high	no	no_dis	N	dif	hori	left	True	1802527	1803481	left	1	5	113
12	wzx	f	20	1	50	circle	green	(533, 540)	low	no	no_dis	N	same	vert	up	True	1804734	1805905	left	0	5	114
12	wzx	f	20	1	50	circle	red	(565, 460)	high	dis	(757, 540)	N	same	vert	up	True	1808561	1810305	up	1	5	115
12	wzx	f	20	1	50	circle	green	(565, 619)	low	dis	(645, 652)	N	same	hori	left	True	1811509	1812721	left	1	5	116
12	wzx	f	20	1	50	diamond	green	(565, 460)	high	dis	(565, 619)	N	dif	vert	up	True	1813916	1815465	up	1	5	117
12	wzx	f	20	1	50	diamond	red	(645, 652)	low	no	no_dis	N	same	hori	left	True	1816669	1817745	left	1	5	118
12	wzx	f	20	1	50	diamond	green	(724, 460)	low	no	no_dis	N	dif	hori	left	True	1818997	1820169	left	1	5	119
12	wzx	f	20	1	50	circle	red	(565, 460)	high	dis	(724, 619)	N	same	vert	up	True	1821407	1822377	up	1	5	120
12	wzx	f	20	1	50	circle	red	(565, 460)	high	dis	(565, 619)	N	dif	vert	up	True	1857337	1858937	up	1	6	1
12	wzx	f	20	1	50	circle	green	(565, 460)	high	dis	(724, 619)	N	dif	hori	left	True	1860026	1860961	left	1	6	2
12	wzx	f	20	1	50	circle	red	(724, 460)	low	dis	(645, 652)	N	same	vert	up	True	1861989	1863105	up	1	6	3
12	wzx	f	20	1	50	diamond	green	(565, 460)	high	dis	(533, 540)	N	same	vert	up	True	1864334	1865304	up	1	6	4
12	wzx	f	20	1	50	circle	green	(724, 460)	low	no	no_dis	N	dif	hori	left	True	1866388	1867625	left	1	6	5
12	wzx	f	20	1	50	circle	red	(565, 619)	low	dis	(724, 619)	N	same	vert	up	True	1868735	1870169	up	1	6	6
12	wzx	f	20	1	50	diamond	green	(757, 540)	low	no	no_dis	N	dif	vert	up	True	1871421	1872881	up	1	6	7
12	wzx	f	20	1	50	circle	red	(533, 540)	low	no	no_dis	N	dif	vert	up	True	1873947	1875232	up	1	6	8
12	wzx	f	20	1	50	circle	green	(565, 460)	high	dis	(565, 619)	N	dif	hori	left	True	1876318	1877241	left	1	6	9
12	wzx	f	20	1	50	diamond	green	(645, 652)	low	dis	(645, 428)	N	dif	hori	left	True	1878389	1880096	left	1	6	10
12	wzx	f	20	1	50	circle	red	(724, 619)	low	no	no_dis	N	same	vert	up	True	1881174	1882336	up	1	6	11
12	wzx	f	20	1	50	diamond	green	(565, 460)	high	no	no_dis	N	dif	hori	left	True	1883457	1884360	left	1	6	12
12	wzx	f	20	1	50	circle	red	(565, 460)	high	dis	(724, 619)	N	same	hori	left	True	1885544	1886457	left	1	6	13
12	wzx	f	20	1	50	diamond	green	(565, 460)	high	dis	(724, 619)	N	same	vert	up	True	1887486	1888472	up	1	6	14
12	wzx	f	20	1	50	circle	green	(565, 619)	low	dis	(724, 460)	N	dif	hori	left	True	1889649	1891224	left	1	6	15
12	wzx	f	20	1	50	diamond	green	(565, 460)	high	no	no_dis	N	dif	vert	up	True	1892381	1893352	up	1	6	16
12	wzx	f	20	1	50	circle	red	(724, 619)	low	no	no_dis	N	dif	vert	up	True	1894356	1895432	up	1	6	17
12	wzx	f	20	1	50	circle	red	(565, 460)	high	no	no_dis	N	same	hori	left	True	1896488	1897489	left	1	6	18
12	wzx	f	20	1	50	diamond	red	(565, 460)	high	dis	(724, 619)	N	dif	hori	left	True	1898513	1899385	left	1	6	19
12	wzx	f	20	1	50	circle	red	(724, 460)	low	no	no_dis	N	same	hori	left	True	1900572	1901921	left	1	6	20
12	wzx	f	20	1	50	diamond	red	(565, 619)	low	no	no_dis	N	dif	vert	up	True	1903073	1904345	up	1	6	21
12	wzx	f	20	1	50	circle	green	(645, 652)	low	dis	(565, 460)	Y	dif	vert	up	True	1905413	1906433	up	1	6	22
12	wzx	f	20	1	50	circle	green	(565, 460)	high	dis	(724, 460)	N	dif	vert	up	True	1907680	1908729	up	1	6	23
12	wzx	f	20	1	50	diamond	red	(565, 460)	high	no	no_dis	N	dif	hori	left	True	1909926	1911289	left	1	6	24
12	wzx	f	20	1	50	diamond	red	(565, 460)	high	no	no_dis	N	same	hori	left	True	1912392	1913440	left	1	6	25
12	wzx	f	20	1	50	circle	green	(565, 460)	high	dis	(645, 652)	N	same	vert	up	True	1914658	1916160	up	1	6	26
12	wzx	f	20	1	50	circle	red	(565, 460)	high	dis	(757, 540)	N	dif	vert	up	True	1917255	1918345	up	1	6	27
12	wzx	f	20	1	50	circle	green	(565, 460)	high	no	no_dis	N	dif	vert	up	True	1919507	1920561	up	1	6	28
12	wzx	f	20	1	50	circle	red	(565, 460)	high	dis	(724, 460)	N	dif	hori	left	True	1921766	1922961	left	1	6	29
12	wzx	f	20	1	50	diamond	green	(565, 460)	high	no	no_dis	N	dif	vert	up	True	1924112	1925657	up	1	6	30
12	wzx	f	20	1	50	diamond	green	(645, 428)	low	dis	(565, 460)	Y	dif	vert	up	True	1926690	1928017	up	1	6	31
12	wzx	f	20	1	50	circle	green	(645, 652)	low	no	no_dis	N	dif	hori	left	True	1929131	1930289	left	1	6	32
12	wzx	f	20	1	50	diamond	red	(565, 460)	high	dis	(565, 619)	N	same	vert	up	True	1931477	1932664	up	1	6	33
12	wzx	f	20	1	50	circle	red	(565, 460)	high	no	no_dis	N	dif	vert	up	True	1933799	1935105	up	1	6	34
12	wzx	f	20	1	50	diamond	red	(565, 460)	high	no	no_dis	N	same	vert	up	True	1936275	1937497	up	1	6	35
12	wzx	f	20	1	50	circle	red	(565, 460)	high	dis	(533, 540)	N	dif	hori	left	True	1938556	1939968	left	1	6	36
12	wzx	f	20	1	50	circle	green	(724, 460)	low	dis	(565, 619)	N	same	hori	left	True	1940987	1942201	left	1	6	37
12	wzx	f	20	1	50	diamond	green	(724, 619)	low	dis	(645, 652)	N	dif	vert	up	True	1943253	1944600	up	1	6	38
12	wzx	f	20	1	50	circle	red	(565, 460)	high	no	no_dis	N	dif	hori	left	True	1945682	1946793	left	1	6	39
12	wzx	f	20	1	50	circle	red	(565, 619)	low	dis	(757, 540)	N	same	hori	left	True	1948007	1949632	left	1	6	40
12	wzx	f	20	1	50	diamond	red	(533, 540)	low	dis	(565, 619)	N	same	hori	left	True	1950880	1952248	left	1	6	41
12	wzx	f	20	1	50	diamond	green	(565, 460)	high	dis	(645, 428)	N	same	hori	left	True	1953361	1954520	left	1	6	42
12	wzx	f	20	1	50	circle	green	(565, 460)	high	no	no_dis	N	dif	vert	up	True	1955702	1956721	up	1	6	43
12	wzx	f	20	1	50	diamond	red	(757, 540)	low	dis	(724, 460)	N	same	hori	left	True	1957726	1958809	left	1	6	44
12	wzx	f	20	1	50	diamond	green	(565, 460)	high	dis	(724, 460)	N	same	hori	left	True	1959971	1961448	left	1	6	45
12	wzx	f	20	1	50	circle	red	(724, 619)	low	dis	(645, 428)	N	dif	vert	up	True	1962641	1964064	up	1	6	46
12	wzx	f	20	1	50	diamond	red	(724, 460)	low	dis	(565, 619)	N	dif	hori	left	True	1965308	1966785	left	1	6	47
12	wzx	f	20	1	50	diamond	red	(724, 619)	low	dis	(533, 540)	N	same	vert	up	True	1967790	1968961	up	1	6	48
12	wzx	f	20	1	50	diamond	red	(565, 460)	high	no	no_dis	N	same	vert	up	True	1969990	1971272	up	1	6	49
12	wzx	f	20	1	50	circle	green	(645, 652)	low	no	no_dis	N	same	hori	left	True	1972381	1973833	left	1	6	50
12	wzx	f	20	1	50	diamond	green	(565, 460)	high	dis	(645, 652)	N	same	vert	up	True	1975006	1976321	up	1	6	51
12	wzx	f	20	1	50	diamond	red	(645, 652)	low	dis	(724, 619)	N	dif	hori	left	True	1977488	1978760	left	1	6	52
12	wzx	f	20	1	50	diamond	red	(565, 460)	high	dis	(645, 652)	N	dif	vert	up	True	1979898	1981817	up	1	6	53
12	wzx	f	20	1	50	circle	green	(724, 619)	low	dis	(724, 460)	N	dif	hori	left	True	1982841	1984057	left	1	6	54
12	wzx	f	20	1	50	circle	red	(645, 652)	low	dis	(565, 460)	Y	dif	hori	left	True	1985295	1986768	left	1	6	55
12	wzx	f	20	1	50	diamond	green	(565, 460)	high	dis	(724, 619)	N	same	hori	left	True	1987966	1989225	left	1	6	56
12	wzx	f	20	1	50	diamond	red	(724, 619)	low	dis	(757, 540)	N	same	vert	up	True	1990248	1991513	up	1	6	57
12	wzx	f	20	1	50	diamond	green	(565, 460)	high	no	no_dis	N	dif	hori	left	True	1992716	1993809	left	1	6	58
12	wzx	f	20	1	50	circle	green	(565, 460)	high	dis	(645, 428)	N	same	vert	up	True	1995048	1997425	up	1	6	59
12	wzx	f	20	1	50	diamond	green	(645, 428)	low	no	no_dis	N	same	hori	left	True	1998478	1999848	left	1	6	60
12	wzx	f	20	1	50	diamond	green	(757, 540)	low	dis	(645, 428)	N	dif	vert	up	True	2000954	2002056	up	1	6	61
12	wzx	f	20	1	50	circle	green	(565, 460)	high	no	no_dis	N	same	vert	up	True	2003280	2004281	up	1	6	62
12	wzx	f	20	1	50	circle	green	(645, 428)	low	dis	(565, 460)	Y	dif	vert	up	True	2005305	2006529	up	1	6	63
12	wzx	f	20	1	50	circle	green	(757, 540)	low	no	no_dis	N	same	vert	up	True	2007756	2008872	up	1	6	64
12	wzx	f	20	1	50	circle	green	(645, 652)	low	dis	(565, 460)	Y	dif	hori	left	True	2009899	2011241	up	0	6	65
12	wzx	f	20	1	50	diamond	green	(645, 428)	low	no	no_dis	N	same	hori	left	True	2013927	2015681	left	1	6	66
12	wzx	f	20	1	50	circle	green	(565, 460)	high	dis	(724, 619)	N	dif	vert	up	True	2016696	2017968	up	1	6	67
12	wzx	f	20	1	50	circle	green	(724, 460)	low	dis	(533, 540)	N	same	vert	up	True	2019221	2020449	up	1	6	68
12	wzx	f	20	1	50	diamond	red	(533, 540)	low	dis	(757, 540)	N	same	hori	left	True	2021529	2022665	left	1	6	69
12	wzx	f	20	1	50	diamond	green	(565, 619)	low	no	no_dis	N	same	vert	up	True	2023794	2024960	up	1	6	70
12	wzx	f	20	1	50	diamond	green	(565, 460)	high	no	no_dis	N	dif	hori	left	True	2025979	2027049	left	1	6	71
12	wzx	f	20	1	50	circle	red	(565, 460)	high	dis	(533, 540)	N	same	hori	left	True	2028274	2029401	left	1	6	72
12	wzx	f	20	1	50	diamond	green	(533, 540)	low	dis	(645, 652)	N	dif	vert	up	True	2030505	2031752	up	1	6	73
12	wzx	f	20	1	50	diamond	red	(645, 428)	low	dis	(757, 540)	N	same	vert	up	True	2032777	2034048	up	1	6	74
12	wzx	f	20	1	50	diamond	green	(645, 428)	low	dis	(565, 460)	Y	same	hori	left	True	2035149	2037816	left	1	6	75
12	wzx	f	20	1	50	diamond	red	(565, 619)	low	no	no_dis	N	dif	vert	up	True	2039032	2040304	up	1	6	76
12	wzx	f	20	1	50	diamond	red	(565, 460)	high	dis	(533, 540)	N	same	vert	up	True	2041437	2042441	up	1	6	77
12	wzx	f	20	1	50	diamond	green	(724, 460)	low	dis	(645, 428)	N	same	hori	left	True	2043552	2044992	left	1	6	78
12	wzx	f	20	1	50	diamond	red	(565, 460)	high	dis	(757, 540)	N	dif	vert	up	True	2046098	2047224	up	1	6	79
12	wzx	f	20	1	50	diamond	red	(565, 460)	high	no	no_dis	N	same	vert	up	True	2048347	2049536	up	1	6	80
12	wzx	f	20	1	50	diamond	red	(565, 460)	high	dis	(645, 652)	N	dif	vert	up	True	2050615	2051729	up	1	6	81
12	wzx	f	20	1	50	diamond	green	(724, 460)	low	dis	(724, 619)	N	same	vert	up	True	2052880	2054241	up	1	6	82
12	wzx	f	20	1	50	diamond	green	(565, 460)	high	dis	(645, 428)	N	same	vert	up	True	2055476	2056641	up	1	6	83
12	wzx	f	20	1	50	circle	green	(565, 460)	high	dis	(757, 540)	N	dif	vert	up	True	2057672	2058880	up	1	6	84
12	wzx	f	20	1	50	circle	red	(565, 460)	high	dis	(724, 460)	N	same	vert	up	True	2060131	2061416	up	1	6	85
12	wzx	f	20	1	50	circle	red	(565, 460)	high	dis	(757, 540)	N	dif	vert	up	True	2062507	2063889	up	1	6	86
12	wzx	f	20	1	50	diamond	green	(724, 460)	low	no	no_dis	N	same	hori	left	True	2065059	2066705	left	1	6	87
12	wzx	f	20	1	50	circle	green	(565, 460)	high	dis	(645, 652)	N	dif	hori	left	True	2067906	2069105	left	1	6	88
12	wzx	f	20	1	50	circle	red	(533, 540)	low	no	no_dis	N	same	vert	up	True	2070277	2071512	up	1	6	89
12	wzx	f	20	1	50	circle	red	(565, 460)	high	no	no_dis	N	same	hori	left	True	2072738	2074065	left	1	6	90
12	wzx	f	20	1	50	circle	green	(565, 460)	high	no	no_dis	N	same	hori	left	True	2075297	2076768	left	1	6	91
12	wzx	f	20	1	50	circle	green	(565, 460)	high	dis	(645, 428)	N	dif	vert	up	True	2077951	2078953	up	1	6	92
12	wzx	f	20	1	50	diamond	red	(757, 540)	low	no	no_dis	N	dif	hori	left	True	2080059	2081121	left	1	6	93
12	wzx	f	20	1	50	diamond	red	(565, 460)	high	dis	(757, 540)	N	dif	hori	left	True	2082318	2083433	left	1	6	94
12	wzx	f	20	1	50	diamond	green	(565, 460)	high	dis	(533, 540)	N	same	hori	left	True	2084442	2085208	left	1	6	95
12	wzx	f	20	1	50	diamond	green	(565, 619)	low	dis	(533, 540)	N	dif	hori	left	True	2086406	2087577	left	1	6	96
12	wzx	f	20	1	50	diamond	green	(565, 460)	high	dis	(645, 428)	N	same	hori	left	True	2088796	2089569	left	1	6	97
12	wzx	f	20	1	50	diamond	red	(565, 460)	high	dis	(645, 652)	N	same	hori	left	True	2090587	2091280	left	1	6	98
12	wzx	f	20	1	50	diamond	green	(533, 540)	low	dis	(724, 619)	N	same	hori	left	True	2092353	2093176	left	1	6	99
12	wzx	f	20	1	50	circle	red	(533, 540)	low	dis	(724, 460)	N	same	vert	up	True	2094238	2095569	up	1	6	100
12	wzx	f	20	1	50	diamond	red	(565, 460)	high	dis	(724, 460)	N	same	vert	up	True	2096696	2097832	up	1	6	101
12	wzx	f	20	1	50	circle	green	(757, 540)	low	dis	(565, 460)	Y	same	hori	left	True	2099002	2100712	left	1	6	102
12	wzx	f	20	1	50	circle	red	(757, 540)	low	dis	(724, 460)	N	same	hori	left	True	2101896	2103209	left	1	6	103
12	wzx	f	20	1	50	diamond	red	(565, 619)	low	dis	(757, 540)	N	dif	vert	up	True	2104431	2105648	up	1	6	104
12	wzx	f	20	1	50	circle	green	(533, 540)	low	dis	(565, 460)	Y	dif	vert	up	True	2106870	2108088	left	0	6	105
12	wzx	f	20	1	50	circle	red	(645, 428)	low	dis	(645, 652)	N	dif	hori	left	True	2110612	2111897	left	1	6	106
12	wzx	f	20	1	50	circle	red	(724, 619)	low	dis	(533, 540)	N	dif	vert	up	True	2113012	2114401	up	1	6	107
12	wzx	f	20	1	50	diamond	red	(724, 619)	low	no	no_dis	N	dif	hori	left	True	2115556	2116688	left	1	6	108
12	wzx	f	20	1	50	diamond	red	(645, 652)	low	no	no_dis	N	dif	hori	left	True	2117771	2118768	left	1	6	109
12	wzx	f	20	1	50	circle	green	(565, 460)	high	no	no_dis	N	same	hori	left	True	2119950	2121249	left	1	6	110
12	wzx	f	20	1	50	circle	red	(565, 460)	high	dis	(533, 540)	N	dif	hori	left	True	2122297	2123217	left	1	6	111
12	wzx	f	20	1	50	diamond	green	(565, 460)	high	dis	(565, 619)	N	dif	hori	left	True	2124454	2125440	left	1	6	112
12	wzx	f	20	1	50	diamond	red	(565, 460)	high	dis	(565, 619)	N	same	hori	left	True	2126456	2127368	left	1	6	113
12	wzx	f	20	1	50	circle	red	(565, 460)	high	dis	(565, 619)	N	same	hori	left	True	2128560	2129337	left	1	6	114
12	wzx	f	20	1	50	circle	green	(565, 460)	high	dis	(645, 428)	N	dif	hori	left	True	2130579	2132424	left	1	6	115
12	wzx	f	20	1	50	circle	green	(645, 428)	low	no	no_dis	N	same	vert	up	True	2133649	2134552	up	1	6	116
12	wzx	f	20	1	50	diamond	red	(645, 428)	low	dis	(565, 460)	Y	dif	hori	left	True	2135624	2136585	left	1	6	117
12	wzx	f	20	1	50	circle	red	(565, 460)	high	no	no_dis	N	same	vert	up	True	2137643	2138569	up	1	6	118
12	wzx	f	20	1	50	circle	red	(757, 540)	low	dis	(565, 619)	N	same	vert	up	True	2139714	2140737	up	1	6	119
12	wzx	f	20	1	50	circle	green	(565, 619)	low	dis	(565, 460)	Y	same	vert	up	True	2141895	2143481	up	1	6	120
conf	12	wzx	f	20	1	50	True	2191884	2208665	4	True	2208689	2218993	2
