subj	name	gender	age	prac	group	shape	color	tar_loc	popularity	dis_cond	dis_loc	dis_high	td_dif	line	respkey	gotkey	startTime	respTime	resp	correct	block	trialnum
16	cjq	f	21	1	50	diamond	green	(724, 619)	high	no	no_dis	N	same	vert	up	True	29530	30763	up	1	1	1
16	cjq	f	21	1	50	circle	green	(724, 619)	high	dis	(533, 540)	N	dif	vert	up	True	31849	33379	up	1	1	2
16	cjq	f	21	1	50	circle	red	(533, 540)	low	dis	(724, 619)	Y	same	vert	up	True	34462	35954	up	1	1	3
16	cjq	f	21	1	50	diamond	red	(724, 619)	high	dis	(757, 540)	N	same	vert	up	True	37152	39787	up	1	1	4
16	cjq	f	21	1	50	circle	red	(533, 540)	low	dis	(645, 652)	N	dif	vert	up	True	40985	42835	up	1	1	5
16	cjq	f	21	1	50	circle	red	(724, 460)	low	dis	(645, 652)	N	dif	vert	up	True	43883	45515	up	1	1	6
16	cjq	f	21	1	50	diamond	red	(533, 540)	low	dis	(565, 619)	N	dif	vert	up	True	46554	48003	up	1	1	7
16	cjq	f	21	1	50	circle	red	(724, 619)	high	dis	(645, 428)	N	dif	hori	left	True	49109	50114	left	1	1	8
16	cjq	f	21	1	50	circle	green	(724, 619)	high	dis	(645, 652)	N	dif	hori	left	True	51323	52491	left	1	1	9
16	cjq	f	21	1	50	circle	red	(724, 619)	high	no	no_dis	N	dif	hori	left	True	53583	54578	left	1	1	10
16	cjq	f	21	1	50	circle	red	(724, 619)	high	dis	(757, 540)	N	dif	vert	up	True	55678	56675	up	1	1	11
16	cjq	f	21	1	50	diamond	green	(724, 619)	high	no	no_dis	N	same	hori	left	True	57716	58803	left	1	1	12
16	cjq	f	21	1	50	diamond	red	(645, 652)	low	dis	(565, 619)	N	same	vert	up	True	59953	61435	up	1	1	13
16	cjq	f	21	1	50	diamond	green	(724, 619)	high	dis	(724, 460)	N	same	hori	left	True	62676	64155	left	1	1	14
16	cjq	f	21	1	50	circle	red	(724, 460)	low	no	no_dis	N	dif	hori	left	True	65251	66370	left	1	1	15
16	cjq	f	21	1	50	diamond	red	(565, 619)	low	dis	(565, 460)	N	dif	hori	left	True	67531	68810	left	1	1	16
16	cjq	f	21	1	50	diamond	green	(565, 460)	low	dis	(645, 428)	N	same	hori	left	True	70012	71003	left	1	1	17
16	cjq	f	21	1	50	circle	green	(724, 619)	high	no	no_dis	N	dif	vert	up	True	72149	73290	up	1	1	18
16	cjq	f	21	1	50	diamond	green	(724, 619)	high	dis	(565, 460)	N	same	hori	left	True	74463	75690	left	1	1	19
16	cjq	f	21	1	50	diamond	red	(724, 619)	high	dis	(565, 619)	N	dif	hori	left	True	76907	78010	left	1	1	20
16	cjq	f	21	1	50	circle	green	(565, 619)	low	no	no_dis	N	same	vert	up	True	79055	80186	up	1	1	21
16	cjq	f	21	1	50	diamond	green	(724, 619)	high	dis	(724, 460)	N	dif	vert	up	True	81417	82842	up	1	1	22
16	cjq	f	21	1	50	circle	green	(724, 619)	high	no	no_dis	N	dif	hori	left	True	83876	85178	left	1	1	23
16	cjq	f	21	1	50	diamond	green	(645, 652)	low	dis	(533, 540)	N	same	hori	left	True	86327	87458	left	1	1	24
16	cjq	f	21	1	50	circle	green	(645, 652)	low	dis	(724, 619)	Y	dif	vert	up	True	88553	89707	up	1	1	25
16	cjq	f	21	1	50	circle	red	(724, 619)	high	dis	(533, 540)	N	dif	vert	up	True	90775	91923	up	1	1	26
16	cjq	f	21	1	50	circle	red	(724, 619)	high	dis	(757, 540)	N	same	hori	left	True	93163	93939	left	1	1	27
16	cjq	f	21	1	50	circle	green	(724, 619)	high	dis	(724, 460)	N	dif	hori	left	True	94964	96179	left	1	1	28
16	cjq	f	21	1	50	circle	green	(724, 619)	high	dis	(645, 652)	N	dif	vert	up	True	97282	98698	up	1	1	29
16	cjq	f	21	1	50	circle	green	(724, 619)	high	dis	(565, 460)	N	same	hori	left	True	99790	101346	left	1	1	30
16	cjq	f	21	1	50	diamond	green	(724, 619)	high	no	no_dis	N	dif	hori	left	True	102492	103626	left	1	1	31
16	cjq	f	21	1	50	diamond	red	(757, 540)	low	dis	(724, 460)	N	same	vert	up	True	104858	106315	up	1	1	32
16	cjq	f	21	1	50	diamond	green	(724, 619)	high	dis	(565, 619)	N	dif	vert	up	True	107339	108307	up	1	1	33
16	cjq	f	21	1	50	circle	green	(565, 619)	low	dis	(757, 540)	N	same	vert	up	True	109371	110474	up	1	1	34
16	cjq	f	21	1	50	diamond	red	(724, 619)	high	dis	(565, 460)	N	dif	vert	up	True	111638	112827	up	1	1	35
16	cjq	f	21	1	50	diamond	green	(645, 652)	low	dis	(645, 428)	N	same	vert	up	True	113946	115074	up	1	1	36
16	cjq	f	21	1	50	circle	red	(724, 619)	high	no	no_dis	N	dif	hori	left	True	116084	117163	left	1	1	37
16	cjq	f	21	1	50	circle	green	(724, 460)	low	dis	(645, 428)	N	dif	vert	up	True	118232	119107	up	1	1	38
16	cjq	f	21	1	50	diamond	red	(724, 619)	high	no	no_dis	N	same	hori	left	True	120322	121354	left	1	1	39
16	cjq	f	21	1	50	diamond	green	(724, 619)	high	dis	(757, 540)	N	dif	hori	left	True	122601	123498	left	1	1	40
16	cjq	f	21	1	50	circle	green	(565, 619)	low	dis	(757, 540)	N	same	vert	up	True	124722	125915	left	0	1	41
16	cjq	f	21	1	50	diamond	red	(724, 619)	high	dis	(645, 652)	N	same	hori	left	True	128599	130507	left	1	1	42
16	cjq	f	21	1	50	diamond	red	(724, 619)	high	dis	(565, 460)	N	same	hori	left	True	131566	132882	left	1	1	43
16	cjq	f	21	1	50	circle	green	(724, 619)	high	dis	(645, 428)	N	dif	hori	left	True	133969	135594	left	1	1	44
16	cjq	f	21	1	50	diamond	green	(724, 619)	high	no	no_dis	N	dif	vert	up	True	136826	137803	up	1	1	45
16	cjq	f	21	1	50	diamond	green	(724, 619)	high	dis	(565, 460)	N	same	hori	left	True	138860	139627	left	1	1	46
16	cjq	f	21	1	50	circle	red	(724, 619)	high	no	no_dis	N	dif	vert	up	True	140853	142074	up	1	1	47
16	cjq	f	21	1	50	diamond	red	(565, 460)	low	dis	(533, 540)	N	same	hori	left	True	143304	145787	left	1	1	48
16	cjq	f	21	1	50	circle	green	(724, 619)	high	dis	(645, 428)	N	same	hori	left	True	146884	148642	left	1	1	49
16	cjq	f	21	1	50	diamond	green	(565, 460)	low	dis	(533, 540)	N	dif	hori	left	True	149811	151851	left	1	1	50
16	cjq	f	21	1	50	diamond	green	(533, 540)	low	dis	(724, 460)	N	dif	vert	up	True	152964	154291	up	1	1	51
16	cjq	f	21	1	50	diamond	green	(757, 540)	low	dis	(533, 540)	N	same	hori	left	True	155481	156442	left	1	1	52
16	cjq	f	21	1	50	circle	red	(724, 619)	high	dis	(565, 619)	N	same	vert	up	True	157657	159235	up	1	1	53
16	cjq	f	21	1	50	circle	red	(724, 619)	high	no	no_dis	N	dif	hori	left	True	160426	161762	left	1	1	54
16	cjq	f	21	1	50	diamond	red	(724, 619)	high	no	no_dis	N	same	vert	up	True	162835	163787	up	1	1	55
16	cjq	f	21	1	50	circle	green	(757, 540)	low	dis	(724, 619)	Y	same	hori	left	True	164893	165650	left	1	1	56
16	cjq	f	21	1	50	diamond	green	(645, 428)	low	dis	(565, 619)	N	dif	vert	up	True	166759	167666	left	0	1	57
16	cjq	f	21	1	50	diamond	red	(565, 619)	low	dis	(724, 619)	Y	same	hori	left	True	170249	171139	left	1	1	58
16	cjq	f	21	1	50	diamond	green	(565, 460)	low	dis	(757, 540)	N	dif	hori	left	True	172308	173602	left	1	1	59
16	cjq	f	21	1	50	circle	red	(757, 540)	low	no	no_dis	N	same	vert	up	True	174723	175859	left	0	1	60
16	cjq	f	21	1	50	circle	green	(533, 540)	low	no	no_dis	N	dif	vert	up	True	178512	180306	up	1	1	61
16	cjq	f	21	1	50	circle	red	(533, 540)	low	no	no_dis	N	same	hori	left	True	181393	182410	left	1	1	62
16	cjq	f	21	1	50	circle	green	(565, 460)	low	dis	(724, 619)	Y	dif	hori	left	True	183456	184818	left	1	1	63
16	cjq	f	21	1	50	diamond	red	(724, 460)	low	dis	(645, 428)	N	dif	vert	up	True	185943	187898	up	1	1	64
16	cjq	f	21	1	50	circle	red	(645, 652)	low	dis	(724, 619)	Y	same	vert	up	True	189010	190427	up	1	1	65
16	cjq	f	21	1	50	diamond	green	(645, 652)	low	no	no_dis	N	dif	vert	up	True	191660	193074	up	1	1	66
16	cjq	f	21	1	50	circle	red	(757, 540)	low	dis	(645, 428)	N	dif	hori	left	True	194179	195714	left	1	1	67
16	cjq	f	21	1	50	circle	red	(645, 428)	low	no	no_dis	N	dif	vert	up	True	196940	198051	up	1	1	68
16	cjq	f	21	1	50	diamond	green	(565, 460)	low	no	no_dis	N	same	hori	left	True	199084	200226	left	1	1	69
16	cjq	f	21	1	50	circle	red	(757, 540)	low	dis	(565, 460)	N	same	hori	left	True	201315	202763	left	1	1	70
16	cjq	f	21	1	50	diamond	green	(724, 619)	high	dis	(533, 540)	N	dif	vert	up	True	203787	205219	up	1	1	71
16	cjq	f	21	1	50	diamond	green	(724, 619)	high	dis	(724, 460)	N	same	vert	up	True	206451	207730	up	1	1	72
16	cjq	f	21	1	50	diamond	red	(724, 619)	high	no	no_dis	N	same	hori	left	True	208785	210034	left	1	1	73
16	cjq	f	21	1	50	circle	green	(724, 460)	low	dis	(565, 460)	N	dif	hori	left	True	211247	212394	left	1	1	74
16	cjq	f	21	1	50	diamond	red	(645, 652)	low	no	no_dis	N	same	hori	left	True	213464	214555	left	1	1	75
16	cjq	f	21	1	50	circle	green	(724, 619)	high	dis	(565, 619)	N	same	vert	up	True	215671	216810	up	1	1	76
16	cjq	f	21	1	50	circle	red	(724, 619)	high	dis	(724, 460)	N	dif	hori	left	True	218022	218779	left	1	1	77
16	cjq	f	21	1	50	circle	green	(757, 540)	low	no	no_dis	N	dif	vert	up	True	219905	221098	up	1	1	78
16	cjq	f	21	1	50	circle	red	(565, 460)	low	no	no_dis	N	same	hori	left	True	222344	223218	left	1	1	79
16	cjq	f	21	1	50	diamond	red	(724, 619)	high	dis	(645, 652)	N	same	vert	up	True	224361	225594	left	0	1	80
16	cjq	f	21	1	50	circle	green	(724, 619)	high	no	no_dis	N	same	vert	up	True	228309	229626	up	1	1	81
16	cjq	f	21	1	50	circle	green	(724, 619)	high	dis	(565, 619)	N	dif	hori	left	True	230869	232290	left	1	1	82
16	cjq	f	21	1	50	circle	green	(757, 540)	low	no	no_dis	N	same	vert	up	True	233445	234362	up	1	1	83
16	cjq	f	21	1	50	diamond	green	(724, 619)	high	dis	(645, 652)	N	same	vert	up	True	235564	237675	up	1	1	84
16	cjq	f	21	1	50	diamond	green	(533, 540)	low	no	no_dis	N	dif	hori	left	True	238843	240330	left	1	1	85
16	cjq	f	21	1	50	circle	red	(724, 619)	high	dis	(533, 540)	N	dif	vert	up	True	241362	242706	up	1	1	86
16	cjq	f	21	1	50	circle	red	(724, 619)	high	no	no_dis	N	same	hori	left	True	243758	244514	left	1	1	87
16	cjq	f	21	1	50	diamond	red	(724, 619)	high	dis	(533, 540)	N	dif	hori	left	True	245593	247058	left	1	1	88
16	cjq	f	21	1	50	diamond	red	(565, 460)	low	no	no_dis	N	dif	hori	left	True	248088	249186	left	1	1	89
16	cjq	f	21	1	50	circle	red	(724, 460)	low	dis	(645, 652)	N	dif	hori	left	True	250225	252291	up	0	1	90
16	cjq	f	21	1	50	circle	red	(724, 619)	high	dis	(724, 460)	N	same	vert	up	True	254875	257195	up	1	1	91
16	cjq	f	21	1	50	diamond	red	(724, 619)	high	dis	(645, 428)	N	same	vert	up	True	258379	259963	up	1	1	92
16	cjq	f	21	1	50	diamond	red	(645, 652)	low	dis	(724, 619)	Y	same	hori	left	True	260987	262162	left	1	1	93
16	cjq	f	21	1	50	diamond	red	(565, 619)	low	no	no_dis	N	same	vert	up	True	263368	264706	up	1	1	94
16	cjq	f	21	1	50	diamond	red	(645, 428)	low	dis	(757, 540)	N	same	hori	left	True	265840	267154	left	1	1	95
16	cjq	f	21	1	50	circle	green	(645, 428)	low	dis	(724, 619)	Y	dif	vert	up	True	268341	270138	up	1	1	96
16	cjq	f	21	1	50	circle	red	(565, 619)	low	dis	(533, 540)	N	dif	hori	left	True	271218	272722	left	1	1	97
16	cjq	f	21	1	50	circle	red	(645, 428)	low	dis	(565, 460)	N	dif	hori	left	True	273851	274730	left	1	1	98
16	cjq	f	21	1	50	diamond	red	(724, 460)	low	no	no_dis	N	same	vert	up	False	275948	None	None	0	1	99
16	cjq	f	21	1	50	circle	green	(724, 619)	high	no	no_dis	N	same	hori	left	True	281482	282930	left	1	1	100
16	cjq	f	21	1	50	circle	red	(724, 619)	high	dis	(565, 619)	N	same	vert	up	True	284138	285618	up	1	1	101
16	cjq	f	21	1	50	circle	red	(724, 619)	high	dis	(757, 540)	N	dif	vert	up	True	286829	289242	up	1	1	102
16	cjq	f	21	1	50	circle	green	(724, 460)	low	no	no_dis	N	dif	vert	up	True	290410	291394	up	1	1	103
16	cjq	f	21	1	50	diamond	green	(724, 619)	high	dis	(645, 652)	N	same	vert	up	True	292629	295378	up	1	1	104
16	cjq	f	21	1	50	diamond	green	(724, 619)	high	no	no_dis	N	same	vert	up	True	296521	299122	up	1	1	105
16	cjq	f	21	1	50	circle	green	(724, 619)	high	dis	(645, 428)	N	same	hori	left	True	300337	301738	left	1	1	106
16	cjq	f	21	1	50	diamond	green	(645, 428)	low	no	no_dis	N	dif	hori	left	True	302875	304658	left	1	1	107
16	cjq	f	21	1	50	circle	green	(724, 619)	high	no	no_dis	N	dif	vert	up	True	305679	306962	up	1	1	108
16	cjq	f	21	1	50	circle	red	(565, 460)	low	dis	(645, 652)	N	same	hori	left	True	308002	309474	left	1	1	109
16	cjq	f	21	1	50	diamond	red	(645, 428)	low	dis	(565, 619)	N	dif	vert	up	True	310652	313418	up	1	1	110
16	cjq	f	21	1	50	diamond	red	(724, 619)	high	no	no_dis	N	same	vert	up	True	314564	316930	up	1	1	111
16	cjq	f	21	1	50	diamond	red	(645, 652)	low	no	no_dis	N	same	hori	left	True	318010	319226	left	1	1	112
16	cjq	f	21	1	50	diamond	green	(565, 619)	low	no	no_dis	N	dif	hori	left	True	320339	321658	left	1	1	113
16	cjq	f	21	1	50	diamond	green	(724, 460)	low	dis	(724, 619)	Y	same	vert	up	True	322680	324842	up	1	1	114
16	cjq	f	21	1	50	circle	green	(533, 540)	low	dis	(724, 619)	Y	dif	hori	left	True	325880	327563	left	1	1	115
16	cjq	f	21	1	50	diamond	red	(724, 619)	high	dis	(757, 540)	N	same	hori	left	True	328634	331578	left	1	1	116
16	cjq	f	21	1	50	diamond	red	(724, 619)	high	no	no_dis	N	dif	vert	up	True	332615	333674	up	1	1	117
16	cjq	f	21	1	50	diamond	red	(724, 619)	high	dis	(565, 460)	N	dif	hori	left	True	334884	335650	left	1	1	118
16	cjq	f	21	1	50	circle	green	(645, 428)	low	dis	(724, 460)	N	same	vert	up	True	336888	339762	up	1	1	119
16	cjq	f	21	1	50	diamond	green	(565, 619)	low	dis	(724, 460)	N	same	vert	up	True	340789	342050	up	1	1	120
16	cjq	f	21	1	50	circle	green	(724, 619)	high	dis	(724, 460)	N	dif	hori	left	True	378634	380418	left	1	2	1
16	cjq	f	21	1	50	circle	green	(645, 652)	low	no	no_dis	N	same	hori	left	True	381468	382810	left	1	2	2
16	cjq	f	21	1	50	diamond	red	(724, 619)	high	dis	(724, 460)	N	same	hori	left	True	384054	385266	left	1	2	3
16	cjq	f	21	1	50	circle	red	(565, 619)	low	dis	(724, 619)	Y	same	hori	left	True	386461	387618	left	1	2	4
16	cjq	f	21	1	50	circle	red	(724, 619)	high	dis	(533, 540)	N	dif	hori	left	True	388803	389842	left	1	2	5
16	cjq	f	21	1	50	diamond	green	(724, 619)	high	dis	(645, 652)	N	same	vert	up	True	390963	393010	up	1	2	6
16	cjq	f	21	1	50	diamond	green	(724, 619)	high	no	no_dis	N	dif	hori	left	True	394029	394994	left	1	2	7
16	cjq	f	21	1	50	circle	green	(724, 619)	high	dis	(565, 460)	N	same	hori	left	True	396018	397178	left	1	2	8
16	cjq	f	21	1	50	circle	green	(724, 460)	low	dis	(724, 619)	Y	dif	hori	left	True	398209	399786	left	1	2	9
16	cjq	f	21	1	50	circle	red	(724, 619)	high	dis	(757, 540)	N	dif	vert	up	True	400790	401842	up	1	2	10
16	cjq	f	21	1	50	circle	red	(724, 619)	high	dis	(565, 619)	N	same	vert	up	True	403044	403978	up	1	2	11
16	cjq	f	21	1	50	diamond	green	(645, 428)	low	dis	(757, 540)	N	dif	vert	up	True	405134	406674	up	1	2	12
16	cjq	f	21	1	50	diamond	green	(724, 460)	low	dis	(533, 540)	N	same	hori	left	True	407914	409098	left	1	2	13
16	cjq	f	21	1	50	circle	green	(724, 619)	high	dis	(565, 460)	N	same	vert	up	True	410109	411650	left	0	2	14
16	cjq	f	21	1	50	diamond	green	(724, 619)	high	no	no_dis	N	same	hori	left	True	414219	416985	left	1	2	15
16	cjq	f	21	1	50	circle	red	(724, 619)	high	no	no_dis	N	dif	vert	up	True	418170	419530	up	1	2	16
16	cjq	f	21	1	50	diamond	green	(565, 460)	low	dis	(724, 460)	N	same	vert	up	True	420749	422098	up	1	2	17
16	cjq	f	21	1	50	diamond	red	(645, 652)	low	no	no_dis	N	same	hori	left	True	423198	424770	left	1	2	18
16	cjq	f	21	1	50	circle	red	(565, 619)	low	dis	(565, 460)	N	dif	hori	left	True	425997	427250	left	1	2	19
16	cjq	f	21	1	50	circle	red	(724, 619)	high	dis	(565, 619)	N	dif	vert	up	True	428332	429962	up	1	2	20
16	cjq	f	21	1	50	diamond	red	(533, 540)	low	dis	(645, 652)	N	same	vert	up	True	431092	432514	up	1	2	21
16	cjq	f	21	1	50	circle	green	(724, 619)	high	dis	(645, 652)	N	dif	vert	up	False	433606	None	None	0	2	22
16	cjq	f	21	1	50	circle	red	(724, 619)	high	dis	(565, 619)	N	dif	vert	up	True	439210	440386	up	1	2	23
16	cjq	f	21	1	50	circle	green	(724, 619)	high	no	no_dis	N	dif	hori	left	True	441447	442242	left	1	2	24
16	cjq	f	21	1	50	diamond	red	(645, 652)	low	no	no_dis	N	dif	vert	up	True	443310	444466	up	1	2	25
16	cjq	f	21	1	50	diamond	red	(533, 540)	low	no	no_dis	N	same	vert	up	True	445579	446698	up	1	2	26
16	cjq	f	21	1	50	diamond	red	(724, 619)	high	dis	(757, 540)	N	same	hori	left	True	447925	449130	left	1	2	27
16	cjq	f	21	1	50	diamond	red	(724, 619)	high	dis	(757, 540)	N	same	vert	up	True	450234	451722	up	1	2	28
16	cjq	f	21	1	50	diamond	red	(645, 652)	low	dis	(645, 428)	N	dif	hori	left	True	452778	453810	left	1	2	29
16	cjq	f	21	1	50	circle	green	(724, 619)	high	dis	(645, 652)	N	dif	vert	up	True	454964	456369	up	1	2	30
16	cjq	f	21	1	50	diamond	green	(724, 460)	low	dis	(645, 652)	N	dif	vert	up	True	457515	459002	up	1	2	31
16	cjq	f	21	1	50	diamond	green	(724, 619)	high	dis	(533, 540)	N	dif	vert	up	True	460155	461306	up	1	2	32
16	cjq	f	21	1	50	circle	green	(565, 619)	low	no	no_dis	N	dif	hori	left	True	462553	463537	left	1	2	33
16	cjq	f	21	1	50	diamond	red	(565, 460)	low	dis	(757, 540)	N	same	hori	left	True	464597	466210	left	1	2	34
16	cjq	f	21	1	50	diamond	red	(724, 619)	high	no	no_dis	N	dif	hori	left	True	467261	468145	left	1	2	35
16	cjq	f	21	1	50	circle	red	(724, 619)	high	dis	(533, 540)	N	dif	vert	up	True	469230	470826	up	1	2	36
16	cjq	f	21	1	50	diamond	red	(724, 619)	high	no	no_dis	N	same	vert	up	True	471833	472762	up	1	2	37
16	cjq	f	21	1	50	diamond	red	(724, 619)	high	no	no_dis	N	dif	vert	up	True	473914	474665	up	1	2	38
16	cjq	f	21	1	50	circle	green	(724, 460)	low	dis	(724, 619)	Y	dif	vert	up	True	475868	477842	up	1	2	39
16	cjq	f	21	1	50	diamond	red	(724, 460)	low	dis	(724, 619)	Y	same	hori	left	True	479073	480362	left	1	2	40
16	cjq	f	21	1	50	circle	red	(757, 540)	low	no	no_dis	N	dif	vert	up	True	481403	483009	up	1	2	41
16	cjq	f	21	1	50	circle	green	(724, 619)	high	dis	(757, 540)	N	dif	hori	left	True	484257	485258	left	1	2	42
16	cjq	f	21	1	50	diamond	red	(724, 619)	high	dis	(645, 428)	N	same	hori	left	True	486396	487513	left	1	2	43
16	cjq	f	21	1	50	circle	red	(724, 460)	low	dis	(724, 619)	Y	dif	hori	left	True	488692	489906	up	0	2	44
16	cjq	f	21	1	50	diamond	green	(724, 460)	low	no	no_dis	N	dif	vert	up	True	492522	494226	up	1	2	45
16	cjq	f	21	1	50	diamond	red	(724, 619)	high	dis	(724, 460)	N	dif	vert	up	True	495259	496401	up	1	2	46
16	cjq	f	21	1	50	circle	red	(645, 428)	low	no	no_dis	N	same	hori	left	True	497626	498818	left	1	2	47
16	cjq	f	21	1	50	diamond	green	(757, 540)	low	no	no_dis	N	same	hori	left	True	499943	501025	left	1	2	48
16	cjq	f	21	1	50	circle	red	(565, 460)	low	no	no_dis	N	same	vert	up	True	502221	503354	up	1	2	49
16	cjq	f	21	1	50	diamond	green	(724, 619)	high	dis	(645, 428)	N	dif	hori	left	True	504385	505602	left	1	2	50
16	cjq	f	21	1	50	diamond	red	(757, 540)	low	dis	(645, 652)	N	dif	vert	up	True	506664	507738	up	1	2	51
16	cjq	f	21	1	50	diamond	red	(565, 460)	low	no	no_dis	N	dif	hori	left	True	508977	510122	left	1	2	52
16	cjq	f	21	1	50	diamond	red	(757, 540)	low	dis	(645, 428)	N	same	vert	up	True	511363	512362	up	1	2	53
16	cjq	f	21	1	50	circle	red	(565, 460)	low	no	no_dis	N	same	vert	up	True	513590	514665	up	1	2	54
16	cjq	f	21	1	50	circle	green	(724, 619)	high	dis	(565, 619)	N	dif	hori	left	True	515757	517258	left	1	2	55
16	cjq	f	21	1	50	diamond	green	(724, 619)	high	no	no_dis	N	same	hori	left	True	518309	519457	left	1	2	56
16	cjq	f	21	1	50	diamond	green	(724, 619)	high	dis	(645, 652)	N	same	vert	up	True	520529	521402	up	1	2	57
16	cjq	f	21	1	50	diamond	red	(724, 619)	high	dis	(533, 540)	N	dif	hori	left	True	522506	523426	left	1	2	58
16	cjq	f	21	1	50	diamond	green	(533, 540)	low	no	no_dis	N	same	vert	up	True	524513	525450	up	1	2	59
16	cjq	f	21	1	50	circle	red	(724, 619)	high	dis	(565, 619)	N	dif	hori	left	True	526473	527738	left	1	2	60
16	cjq	f	21	1	50	diamond	red	(724, 619)	high	dis	(565, 460)	N	dif	hori	left	True	528908	529890	left	1	2	61
16	cjq	f	21	1	50	diamond	green	(724, 619)	high	dis	(533, 540)	N	same	hori	left	True	531001	531858	left	1	2	62
16	cjq	f	21	1	50	circle	green	(533, 540)	low	dis	(724, 619)	Y	same	hori	left	True	533071	534121	left	1	2	63
16	cjq	f	21	1	50	diamond	red	(645, 428)	low	dis	(724, 460)	N	dif	hori	left	True	535146	536218	left	1	2	64
16	cjq	f	21	1	50	diamond	green	(724, 619)	high	dis	(645, 428)	N	dif	vert	up	True	537315	538426	up	1	2	65
16	cjq	f	21	1	50	diamond	red	(724, 619)	high	no	no_dis	N	same	vert	up	True	539533	540418	up	1	2	66
16	cjq	f	21	1	50	diamond	green	(645, 428)	low	dis	(565, 619)	N	dif	hori	left	True	541457	542546	left	1	2	67
16	cjq	f	21	1	50	circle	green	(645, 652)	low	dis	(757, 540)	N	dif	vert	up	True	543701	545193	up	1	2	68
16	cjq	f	21	1	50	diamond	green	(645, 652)	low	dis	(533, 540)	N	same	hori	left	True	546272	547345	left	1	2	69
16	cjq	f	21	1	50	diamond	green	(565, 619)	low	dis	(724, 619)	Y	dif	hori	left	True	548513	549882	left	1	2	70
16	cjq	f	21	1	50	diamond	green	(757, 540)	low	no	no_dis	N	dif	vert	up	True	551093	552058	up	1	2	71
16	cjq	f	21	1	50	circle	green	(645, 652)	low	dis	(645, 428)	N	dif	hori	left	True	553089	553962	left	1	2	72
16	cjq	f	21	1	50	circle	green	(724, 619)	high	dis	(645, 428)	N	same	hori	left	True	555126	556033	left	1	2	73
16	cjq	f	21	1	50	circle	red	(724, 619)	high	dis	(565, 460)	N	same	hori	left	True	557277	558274	left	1	2	74
16	cjq	f	21	1	50	diamond	red	(565, 619)	low	dis	(724, 460)	N	dif	vert	up	True	559480	560569	up	1	2	75
16	cjq	f	21	1	50	circle	green	(724, 619)	high	no	no_dis	N	same	hori	left	True	561799	562722	left	1	2	76
16	cjq	f	21	1	50	circle	red	(724, 619)	high	no	no_dis	N	same	hori	left	True	563963	564842	left	1	2	77
16	cjq	f	21	1	50	diamond	red	(645, 652)	low	dis	(724, 619)	Y	same	hori	left	True	565987	567146	left	1	2	78
16	cjq	f	21	1	50	diamond	red	(724, 619)	high	no	no_dis	N	same	vert	up	True	568227	569081	up	1	2	79
16	cjq	f	21	1	50	circle	red	(645, 652)	low	dis	(724, 619)	Y	same	hori	left	True	570122	571346	left	1	2	80
16	cjq	f	21	1	50	diamond	red	(724, 619)	high	dis	(533, 540)	N	same	hori	left	True	572431	573770	left	1	2	81
16	cjq	f	21	1	50	circle	red	(645, 428)	low	no	no_dis	N	same	vert	up	True	574932	576249	up	1	2	82
16	cjq	f	21	1	50	diamond	green	(724, 619)	high	no	no_dis	N	same	hori	left	True	577475	578706	left	1	2	83
16	cjq	f	21	1	50	circle	green	(724, 619)	high	dis	(565, 460)	N	same	vert	up	True	579810	580865	up	1	2	84
16	cjq	f	21	1	50	circle	green	(724, 619)	high	no	no_dis	N	dif	vert	up	True	581907	582849	up	1	2	85
16	cjq	f	21	1	50	circle	red	(565, 460)	low	dis	(724, 460)	N	dif	vert	up	True	584066	585282	up	1	2	86
16	cjq	f	21	1	50	diamond	green	(533, 540)	low	dis	(724, 619)	Y	dif	vert	up	True	586468	588602	up	1	2	87
16	cjq	f	21	1	50	circle	green	(565, 619)	low	dis	(724, 460)	N	same	vert	up	True	589712	590658	up	1	2	88
16	cjq	f	21	1	50	diamond	red	(724, 619)	high	dis	(565, 619)	N	same	hori	left	True	591775	593201	left	1	2	89
16	cjq	f	21	1	50	diamond	green	(724, 619)	high	no	no_dis	N	same	vert	up	True	594441	595337	up	1	2	90
16	cjq	f	21	1	50	diamond	red	(645, 428)	low	dis	(533, 540)	N	dif	vert	up	True	596458	597353	up	1	2	91
16	cjq	f	21	1	50	circle	green	(724, 619)	high	no	no_dis	N	dif	hori	left	True	598453	600025	left	1	2	92
16	cjq	f	21	1	50	circle	green	(645, 428)	low	dis	(565, 460)	N	same	hori	left	True	601142	602170	left	1	2	93
16	cjq	f	21	1	50	diamond	green	(724, 619)	high	dis	(757, 540)	N	same	vert	up	True	603325	604513	up	1	2	94
16	cjq	f	21	1	50	circle	red	(533, 540)	low	dis	(565, 619)	N	same	vert	up	True	605621	607145	up	1	2	95
16	cjq	f	21	1	50	diamond	green	(724, 619)	high	dis	(645, 652)	N	same	vert	up	True	608234	609914	up	1	2	96
16	cjq	f	21	1	50	diamond	green	(757, 540)	low	dis	(565, 460)	N	same	vert	up	True	611062	612233	up	1	2	97
16	cjq	f	21	1	50	circle	green	(757, 540)	low	dis	(533, 540)	N	dif	hori	left	True	613416	614521	up	0	2	98
16	cjq	f	21	1	50	circle	red	(724, 619)	high	dis	(724, 460)	N	dif	hori	left	True	617283	618602	left	1	2	99
16	cjq	f	21	1	50	circle	green	(724, 460)	low	no	no_dis	N	dif	hori	left	True	619724	621210	left	1	2	100
16	cjq	f	21	1	50	circle	red	(645, 428)	low	dis	(565, 460)	N	same	vert	up	True	622301	623218	up	1	2	101
16	cjq	f	21	1	50	diamond	red	(724, 619)	high	dis	(645, 652)	N	same	hori	left	True	624419	625753	left	1	2	102
16	cjq	f	21	1	50	circle	red	(724, 619)	high	no	no_dis	N	dif	hori	left	True	626770	627809	left	1	2	103
16	cjq	f	21	1	50	circle	green	(645, 428)	low	no	no_dis	N	dif	vert	up	True	628915	630586	up	1	2	104
16	cjq	f	21	1	50	circle	red	(533, 540)	low	dis	(565, 619)	N	same	hori	left	True	631780	632738	left	1	2	105
16	cjq	f	21	1	50	diamond	red	(565, 619)	low	no	no_dis	N	dif	hori	left	True	633822	634834	left	1	2	106
16	cjq	f	21	1	50	circle	green	(724, 619)	high	dis	(724, 460)	N	dif	hori	left	True	636051	638202	left	1	2	107
16	cjq	f	21	1	50	diamond	green	(724, 619)	high	dis	(757, 540)	N	same	vert	up	True	639246	640722	up	1	2	108
16	cjq	f	21	1	50	circle	green	(565, 619)	low	dis	(757, 540)	N	same	vert	up	True	641764	643249	up	1	2	109
16	cjq	f	21	1	50	circle	red	(724, 619)	high	no	no_dis	N	dif	vert	up	True	644313	645457	up	1	2	110
16	cjq	f	21	1	50	circle	red	(724, 619)	high	dis	(565, 460)	N	same	vert	up	True	646541	647313	up	1	2	111
16	cjq	f	21	1	50	circle	green	(724, 619)	high	no	no_dis	N	dif	vert	up	True	648533	649201	up	1	2	112
16	cjq	f	21	1	50	circle	red	(757, 540)	low	dis	(645, 652)	N	dif	hori	left	True	650251	651186	left	1	2	113
16	cjq	f	21	1	50	circle	green	(565, 460)	low	dis	(565, 619)	N	same	vert	up	True	652302	653329	up	1	2	114
16	cjq	f	21	1	50	circle	green	(533, 540)	low	no	no_dis	N	same	hori	left	True	654560	655377	left	1	2	115
16	cjq	f	21	1	50	circle	red	(757, 540)	low	dis	(645, 428)	N	dif	vert	up	True	656388	657233	up	1	2	116
16	cjq	f	21	1	50	diamond	green	(724, 619)	high	dis	(645, 428)	N	dif	vert	up	True	658322	660322	up	1	2	117
16	cjq	f	21	1	50	diamond	green	(565, 619)	low	no	no_dis	N	dif	hori	left	True	661538	662809	left	1	2	118
16	cjq	f	21	1	50	diamond	green	(565, 460)	low	dis	(645, 428)	N	same	vert	up	True	663945	665314	left	0	2	119
16	cjq	f	21	1	50	circle	red	(724, 619)	high	no	no_dis	N	same	vert	up	True	668010	669185	up	1	2	120
16	cjq	f	21	1	50	circle	green	(724, 460)	low	dis	(645, 428)	N	dif	hori	left	True	707720	709577	left	1	3	1
16	cjq	f	21	1	50	circle	green	(724, 619)	high	no	no_dis	N	same	hori	left	True	710784	711497	left	1	3	2
16	cjq	f	21	1	50	diamond	green	(645, 652)	low	dis	(757, 540)	N	same	hori	left	True	712530	713609	left	1	3	3
16	cjq	f	21	1	50	diamond	green	(645, 428)	low	dis	(565, 619)	N	dif	hori	left	True	714774	715865	left	1	3	4
16	cjq	f	21	1	50	circle	green	(724, 619)	high	dis	(645, 652)	N	same	hori	left	True	717081	717961	left	1	3	5
16	cjq	f	21	1	50	circle	green	(757, 540)	low	no	no_dis	N	dif	hori	left	True	719060	719801	left	1	3	6
16	cjq	f	21	1	50	circle	red	(724, 619)	high	dis	(757, 540)	N	same	vert	up	True	720903	722298	up	1	3	7
16	cjq	f	21	1	50	circle	green	(565, 619)	low	dis	(565, 460)	N	same	hori	left	True	723491	724458	left	1	3	8
16	cjq	f	21	1	50	circle	red	(565, 619)	low	no	no_dis	N	dif	vert	up	True	725539	726281	up	1	3	9
16	cjq	f	21	1	50	circle	green	(757, 540)	low	dis	(724, 460)	N	dif	hori	left	True	727380	728409	left	1	3	10
16	cjq	f	21	1	50	diamond	green	(724, 619)	high	no	no_dis	N	same	vert	up	True	729625	731433	up	1	3	11
16	cjq	f	21	1	50	diamond	red	(645, 652)	low	dis	(533, 540)	N	dif	hori	left	True	732516	733609	left	1	3	12
16	cjq	f	21	1	50	circle	red	(724, 619)	high	no	no_dis	N	dif	hori	left	True	734707	736458	left	1	3	13
16	cjq	f	21	1	50	circle	red	(724, 619)	high	dis	(645, 652)	N	dif	vert	up	True	737474	738498	up	1	3	14
16	cjq	f	21	1	50	diamond	red	(724, 619)	high	no	no_dis	N	same	hori	left	True	739721	740721	left	1	3	15
16	cjq	f	21	1	50	circle	red	(645, 652)	low	no	no_dis	N	same	hori	left	True	741755	743153	left	1	3	16
16	cjq	f	21	1	50	diamond	red	(757, 540)	low	dis	(565, 460)	N	same	hori	left	True	744249	745353	left	1	3	17
16	cjq	f	21	1	50	diamond	red	(645, 652)	low	dis	(757, 540)	N	same	vert	up	True	746475	747618	up	1	3	18
16	cjq	f	21	1	50	circle	red	(757, 540)	low	dis	(565, 619)	N	dif	hori	left	True	748805	749841	left	1	3	19
16	cjq	f	21	1	50	diamond	red	(724, 619)	high	dis	(724, 460)	N	same	vert	up	True	751020	752305	up	1	3	20
16	cjq	f	21	1	50	diamond	red	(724, 619)	high	no	no_dis	N	dif	vert	up	True	753401	754337	up	1	3	21
16	cjq	f	21	1	50	circle	red	(645, 652)	low	dis	(724, 619)	Y	dif	hori	left	True	755421	756281	left	1	3	22
16	cjq	f	21	1	50	circle	red	(724, 460)	low	dis	(724, 619)	Y	dif	vert	up	True	757503	758481	up	1	3	23
16	cjq	f	21	1	50	circle	red	(724, 619)	high	no	no_dis	N	same	vert	up	True	759729	760674	up	1	3	24
16	cjq	f	21	1	50	circle	green	(645, 652)	low	dis	(724, 619)	Y	same	vert	up	True	761795	762841	up	1	3	25
16	cjq	f	21	1	50	diamond	red	(724, 619)	high	no	no_dis	N	dif	hori	left	True	763852	765129	left	1	3	26
16	cjq	f	21	1	50	diamond	green	(724, 619)	high	dis	(757, 540)	N	same	hori	left	True	766198	768233	left	1	3	27
16	cjq	f	21	1	50	circle	red	(724, 619)	high	dis	(533, 540)	N	same	vert	up	True	769472	771817	up	1	3	28
16	cjq	f	21	1	50	diamond	green	(724, 619)	high	dis	(565, 460)	N	dif	vert	up	True	773037	774553	up	1	3	29
16	cjq	f	21	1	50	circle	red	(724, 619)	high	no	no_dis	N	same	vert	up	True	775648	776601	left	0	3	30
16	cjq	f	21	1	50	circle	green	(724, 619)	high	no	no_dis	N	same	vert	up	True	779310	780697	up	1	3	31
16	cjq	f	21	1	50	diamond	red	(724, 619)	high	dis	(757, 540)	N	same	vert	up	True	781768	783097	left	0	3	32
16	cjq	f	21	1	50	diamond	red	(533, 540)	low	no	no_dis	N	same	hori	left	True	785825	787610	left	1	3	33
16	cjq	f	21	1	50	diamond	red	(724, 619)	high	dis	(645, 428)	N	same	hori	left	True	788852	789745	left	1	3	34
16	cjq	f	21	1	50	diamond	red	(724, 619)	high	dis	(565, 460)	N	same	hori	left	True	790946	791937	left	1	3	35
16	cjq	f	21	1	50	diamond	green	(724, 619)	high	no	no_dis	N	dif	vert	up	True	792959	794065	up	1	3	36
16	cjq	f	21	1	50	diamond	green	(724, 619)	high	dis	(565, 460)	N	same	hori	left	True	795295	796241	left	1	3	37
16	cjq	f	21	1	50	circle	green	(724, 460)	low	dis	(565, 619)	N	same	hori	left	True	797388	798377	left	1	3	38
16	cjq	f	21	1	50	diamond	green	(724, 619)	high	dis	(565, 460)	N	dif	hori	left	True	799547	800401	left	1	3	39
16	cjq	f	21	1	50	diamond	green	(724, 460)	low	dis	(645, 428)	N	dif	hori	left	True	801639	802497	left	1	3	40
16	cjq	f	21	1	50	circle	red	(724, 460)	low	no	no_dis	N	same	vert	up	True	803526	805114	up	1	3	41
16	cjq	f	21	1	50	circle	green	(724, 460)	low	no	no_dis	N	dif	hori	left	True	806187	807298	left	1	3	42
16	cjq	f	21	1	50	diamond	green	(645, 652)	low	no	no_dis	N	dif	vert	up	True	808411	809329	up	1	3	43
16	cjq	f	21	1	50	circle	green	(724, 619)	high	dis	(533, 540)	N	same	hori	left	True	810447	811369	left	1	3	44
16	cjq	f	21	1	50	circle	green	(533, 540)	low	no	no_dis	N	same	vert	up	True	812590	813481	up	1	3	45
16	cjq	f	21	1	50	diamond	green	(724, 619)	high	dis	(645, 652)	N	dif	vert	up	True	814686	815785	up	1	3	46
16	cjq	f	21	1	50	circle	green	(724, 619)	high	no	no_dis	N	same	hori	left	True	816882	817801	left	1	3	47
16	cjq	f	21	1	50	diamond	red	(724, 460)	low	dis	(533, 540)	N	same	hori	left	True	819050	819961	left	1	3	48
16	cjq	f	21	1	50	circle	green	(724, 619)	high	dis	(533, 540)	N	dif	vert	up	True	821033	821953	up	1	3	49
16	cjq	f	21	1	50	circle	red	(724, 619)	high	dis	(724, 460)	N	same	vert	up	True	822983	823921	up	1	3	50
16	cjq	f	21	1	50	diamond	red	(724, 619)	high	no	no_dis	N	dif	hori	left	True	825010	826505	left	1	3	51
16	cjq	f	21	1	50	circle	red	(724, 619)	high	no	no_dis	N	dif	vert	up	True	827553	828585	up	1	3	52
16	cjq	f	21	1	50	diamond	green	(724, 619)	high	no	no_dis	N	dif	hori	left	True	829793	830641	left	1	3	53
16	cjq	f	21	1	50	circle	green	(724, 460)	low	no	no_dis	N	same	vert	up	True	831820	832921	up	1	3	54
16	cjq	f	21	1	50	diamond	green	(724, 619)	high	no	no_dis	N	dif	vert	up	True	833981	835393	up	1	3	55
16	cjq	f	21	1	50	diamond	red	(565, 619)	low	dis	(645, 652)	N	same	vert	up	True	836628	837953	up	1	3	56
16	cjq	f	21	1	50	circle	red	(724, 619)	high	dis	(645, 652)	N	dif	hori	left	True	839048	839873	left	1	3	57
16	cjq	f	21	1	50	diamond	red	(565, 619)	low	no	no_dis	N	dif	vert	up	True	840894	842041	up	1	3	58
16	cjq	f	21	1	50	circle	green	(724, 619)	high	dis	(565, 460)	N	same	vert	up	True	843231	844593	up	1	3	59
16	cjq	f	21	1	50	circle	green	(757, 540)	low	no	no_dis	N	dif	hori	left	True	845616	846481	left	1	3	60
16	cjq	f	21	1	50	circle	green	(724, 619)	high	dis	(645, 428)	N	same	hori	left	True	847598	848361	left	1	3	61
16	cjq	f	21	1	50	circle	green	(724, 619)	high	dis	(645, 652)	N	dif	vert	up	True	849450	850217	up	1	3	62
16	cjq	f	21	1	50	diamond	red	(645, 652)	low	dis	(645, 428)	N	same	vert	up	True	851271	852234	up	1	3	63
16	cjq	f	21	1	50	circle	red	(724, 619)	high	dis	(565, 619)	N	dif	hori	left	True	853257	854249	left	1	3	64
16	cjq	f	21	1	50	circle	green	(565, 460)	low	dis	(724, 460)	N	same	hori	left	True	855419	856273	left	1	3	65
16	cjq	f	21	1	50	circle	red	(724, 619)	high	dis	(757, 540)	N	same	hori	left	True	857357	858209	left	1	3	66
16	cjq	f	21	1	50	circle	green	(565, 619)	low	dis	(724, 460)	N	same	vert	up	True	859452	860185	up	1	3	67
16	cjq	f	21	1	50	circle	green	(724, 619)	high	no	no_dis	N	dif	vert	up	True	861311	862033	up	1	3	68
16	cjq	f	21	1	50	diamond	red	(757, 540)	low	no	no_dis	N	dif	hori	left	True	863122	865049	left	1	3	69
16	cjq	f	21	1	50	diamond	red	(565, 460)	low	no	no_dis	N	dif	hori	left	True	866110	867345	left	1	3	70
16	cjq	f	21	1	50	circle	green	(724, 619)	high	dis	(645, 428)	N	same	hori	left	True	868475	869361	left	1	3	71
16	cjq	f	21	1	50	diamond	red	(645, 428)	low	no	no_dis	N	same	hori	left	True	870578	872704	left	1	3	72
16	cjq	f	21	1	50	diamond	green	(724, 619)	high	dis	(565, 460)	N	dif	hori	left	True	873743	874601	left	1	3	73
16	cjq	f	21	1	50	diamond	red	(645, 428)	low	dis	(533, 540)	N	dif	vert	up	True	875605	877569	up	1	3	74
16	cjq	f	21	1	50	circle	red	(533, 540)	low	dis	(757, 540)	N	dif	vert	up	True	878759	879785	up	1	3	75
16	cjq	f	21	1	50	diamond	green	(565, 460)	low	dis	(724, 460)	N	same	vert	up	True	880817	883489	up	1	3	76
16	cjq	f	21	1	50	diamond	red	(645, 428)	low	dis	(645, 652)	N	dif	vert	up	True	884616	885705	up	1	3	77
16	cjq	f	21	1	50	diamond	green	(565, 460)	low	dis	(724, 619)	Y	dif	vert	up	True	886745	887600	up	1	3	78
16	cjq	f	21	1	50	diamond	red	(533, 540)	low	dis	(565, 619)	N	same	hori	left	True	888702	889705	left	1	3	79
16	cjq	f	21	1	50	diamond	green	(565, 460)	low	dis	(645, 652)	N	dif	vert	up	True	890841	891705	up	1	3	80
16	cjq	f	21	1	50	diamond	green	(565, 460)	low	no	no_dis	N	dif	vert	up	True	892871	894105	up	1	3	81
16	cjq	f	21	1	50	diamond	green	(724, 619)	high	dis	(533, 540)	N	same	hori	left	True	895259	896265	left	1	3	82
16	cjq	f	21	1	50	diamond	green	(724, 619)	high	no	no_dis	N	same	vert	up	True	897340	898289	up	1	3	83
16	cjq	f	21	1	50	diamond	green	(565, 619)	low	dis	(645, 428)	N	same	vert	up	True	899345	900185	up	1	3	84
16	cjq	f	21	1	50	circle	green	(724, 619)	high	dis	(724, 460)	N	same	vert	up	True	901308	902872	up	1	3	85
16	cjq	f	21	1	50	circle	red	(565, 460)	low	no	no_dis	N	same	hori	left	True	904004	905177	left	1	3	86
16	cjq	f	21	1	50	circle	green	(533, 540)	low	dis	(645, 652)	N	dif	vert	up	True	906356	907601	up	1	3	87
16	cjq	f	21	1	50	circle	green	(724, 619)	high	no	no_dis	N	same	hori	left	True	908685	909545	left	1	3	88
16	cjq	f	21	1	50	diamond	red	(724, 619)	high	no	no_dis	N	dif	hori	left	True	910738	912081	up	0	3	89
16	cjq	f	21	1	50	diamond	green	(724, 619)	high	dis	(533, 540)	N	dif	vert	up	True	914669	916481	up	1	3	90
16	cjq	f	21	1	50	diamond	green	(757, 540)	low	dis	(724, 619)	Y	dif	hori	left	True	917611	918721	left	1	3	91
16	cjq	f	21	1	50	diamond	green	(724, 619)	high	dis	(565, 619)	N	dif	vert	up	True	919934	921465	up	1	3	92
16	cjq	f	21	1	50	circle	red	(724, 619)	high	dis	(645, 428)	N	same	vert	up	True	922706	924097	up	1	3	93
16	cjq	f	21	1	50	circle	green	(645, 428)	low	dis	(724, 460)	N	same	hori	left	True	925164	927017	left	1	3	94
16	cjq	f	21	1	50	diamond	green	(645, 428)	low	dis	(724, 619)	Y	dif	hori	left	True	928101	929545	left	1	3	95
16	cjq	f	21	1	50	diamond	red	(724, 619)	high	dis	(645, 428)	N	dif	hori	left	True	930722	931537	left	1	3	96
16	cjq	f	21	1	50	circle	red	(757, 540)	low	dis	(724, 619)	Y	dif	vert	up	True	932561	934457	up	1	3	97
16	cjq	f	21	1	50	diamond	green	(533, 540)	low	dis	(645, 652)	N	same	vert	up	True	935503	938080	up	1	3	98
16	cjq	f	21	1	50	circle	green	(533, 540)	low	dis	(724, 619)	Y	same	vert	up	True	939147	940497	up	1	3	99
16	cjq	f	21	1	50	circle	red	(645, 652)	low	no	no_dis	N	same	hori	left	True	941539	942873	left	1	3	100
16	cjq	f	21	1	50	diamond	red	(724, 619)	high	dis	(533, 540)	N	dif	vert	up	True	944100	945705	up	1	3	101
16	cjq	f	21	1	50	diamond	red	(724, 619)	high	dis	(565, 619)	N	dif	hori	left	True	946909	948537	left	1	3	102
16	cjq	f	21	1	50	diamond	green	(645, 428)	low	no	no_dis	N	dif	vert	up	True	949702	950809	up	1	3	103
16	cjq	f	21	1	50	circle	red	(724, 619)	high	dis	(724, 460)	N	same	vert	up	True	952038	953416	up	1	3	104
16	cjq	f	21	1	50	circle	red	(724, 619)	high	dis	(565, 619)	N	dif	hori	left	True	954527	955393	left	1	3	105
16	cjq	f	21	1	50	circle	red	(724, 460)	low	dis	(565, 460)	N	same	hori	left	True	956445	957185	left	1	3	106
16	cjq	f	21	1	50	diamond	green	(533, 540)	low	no	no_dis	N	same	vert	up	True	958329	959697	up	1	3	107
16	cjq	f	21	1	50	circle	red	(565, 460)	low	dis	(533, 540)	N	same	hori	left	True	960839	962881	left	1	3	108
16	cjq	f	21	1	50	circle	red	(533, 540)	low	dis	(757, 540)	N	same	vert	up	True	963989	964952	up	1	3	109
16	cjq	f	21	1	50	diamond	red	(724, 619)	high	dis	(757, 540)	N	dif	hori	left	True	966092	967496	left	1	3	110
16	cjq	f	21	1	50	circle	red	(645, 428)	low	dis	(565, 460)	N	dif	vert	up	True	968582	969481	up	1	3	111
16	cjq	f	21	1	50	diamond	red	(565, 460)	low	dis	(724, 619)	Y	dif	hori	left	True	970721	972153	left	1	3	112
16	cjq	f	21	1	50	circle	green	(724, 619)	high	dis	(565, 619)	N	dif	vert	up	True	973393	975385	up	1	3	113
16	cjq	f	21	1	50	circle	red	(565, 619)	low	dis	(724, 619)	Y	dif	vert	up	True	976562	977289	up	1	3	114
16	cjq	f	21	1	50	diamond	green	(565, 619)	low	no	no_dis	N	same	vert	up	True	978301	979289	up	1	3	115
16	cjq	f	21	1	50	circle	green	(724, 619)	high	dis	(565, 619)	N	dif	hori	left	True	980345	981265	up	0	3	116
16	cjq	f	21	1	50	diamond	red	(724, 619)	high	dis	(645, 428)	N	dif	hori	left	True	983868	985624	left	1	3	117
16	cjq	f	21	1	50	diamond	red	(724, 619)	high	dis	(724, 460)	N	dif	vert	up	True	986651	987521	up	1	3	118
16	cjq	f	21	1	50	diamond	green	(724, 619)	high	dis	(757, 540)	N	same	vert	up	True	988767	990113	up	1	3	119
16	cjq	f	21	1	50	circle	red	(724, 619)	high	no	no_dis	N	same	hori	left	True	991341	992689	left	1	3	120
16	cjq	f	21	1	50	circle	red	(724, 619)	high	dis	(565, 460)	N	same	hori	left	True	1033067	1034296	left	1	4	1
16	cjq	f	21	1	50	circle	green	(565, 619)	low	dis	(724, 460)	N	dif	hori	left	True	1035355	1036057	left	1	4	2
16	cjq	f	21	1	50	circle	red	(724, 619)	high	dis	(565, 619)	N	dif	hori	left	True	1037257	1038176	left	1	4	3
16	cjq	f	21	1	50	diamond	red	(724, 619)	high	dis	(724, 460)	N	same	hori	left	True	1039426	1040304	left	1	4	4
16	cjq	f	21	1	50	circle	red	(724, 619)	high	no	no_dis	N	same	hori	left	True	1041483	1042208	left	1	4	5
16	cjq	f	21	1	50	diamond	green	(724, 619)	high	dis	(757, 540)	N	dif	hori	left	True	1043317	1044392	left	1	4	6
16	cjq	f	21	1	50	diamond	red	(724, 619)	high	dis	(724, 460)	N	dif	vert	up	True	1045588	1046641	up	1	4	7
16	cjq	f	21	1	50	diamond	red	(724, 619)	high	dis	(533, 540)	N	same	hori	left	True	1047799	1048640	left	1	4	8
16	cjq	f	21	1	50	circle	red	(724, 619)	high	dis	(565, 460)	N	same	hori	left	True	1049873	1050801	up	0	4	9
16	cjq	f	21	1	50	circle	green	(724, 619)	high	no	no_dis	N	same	vert	up	True	1053529	1054553	up	1	4	10
16	cjq	f	21	1	50	diamond	green	(724, 460)	low	dis	(565, 460)	N	same	vert	up	True	1055571	1056857	up	1	4	11
16	cjq	f	21	1	50	diamond	green	(533, 540)	low	dis	(645, 652)	N	same	vert	up	True	1057960	1059585	up	1	4	12
16	cjq	f	21	1	50	circle	red	(724, 619)	high	dis	(645, 652)	N	same	vert	up	True	1060791	1062401	up	1	4	13
16	cjq	f	21	1	50	circle	red	(724, 619)	high	no	no_dis	N	dif	vert	up	True	1063545	1064513	up	1	4	14
16	cjq	f	21	1	50	circle	red	(645, 428)	low	dis	(565, 460)	N	same	vert	up	True	1065678	1066529	up	1	4	15
16	cjq	f	21	1	50	circle	green	(565, 619)	low	dis	(533, 540)	N	same	hori	left	True	1067776	1068673	left	1	4	16
16	cjq	f	21	1	50	circle	green	(724, 619)	high	dis	(757, 540)	N	same	vert	up	True	1069917	1071016	up	1	4	17
16	cjq	f	21	1	50	circle	red	(565, 460)	low	no	no_dis	N	dif	vert	up	True	1072115	1072976	up	1	4	18
16	cjq	f	21	1	50	circle	green	(645, 428)	low	dis	(724, 619)	Y	dif	vert	up	True	1073993	1074856	up	1	4	19
16	cjq	f	21	1	50	diamond	green	(724, 619)	high	dis	(757, 540)	N	dif	hori	left	True	1075930	1077209	left	1	4	20
16	cjq	f	21	1	50	circle	green	(724, 619)	high	dis	(533, 540)	N	dif	hori	left	True	1078269	1079464	left	1	4	21
16	cjq	f	21	1	50	circle	green	(724, 619)	high	no	no_dis	N	same	vert	up	True	1080579	1081673	up	1	4	22
16	cjq	f	21	1	50	circle	red	(565, 619)	low	dis	(724, 460)	N	same	vert	up	True	1082870	1083616	up	1	4	23
16	cjq	f	21	1	50	diamond	green	(724, 460)	low	dis	(757, 540)	N	same	hori	left	True	1084632	1085904	left	1	4	24
16	cjq	f	21	1	50	diamond	green	(724, 619)	high	no	no_dis	N	same	hori	left	True	1087100	1087833	left	1	4	25
16	cjq	f	21	1	50	circle	red	(724, 619)	high	dis	(565, 619)	N	dif	vert	up	True	1088930	1089793	up	1	4	26
16	cjq	f	21	1	50	diamond	red	(724, 619)	high	dis	(533, 540)	N	same	hori	left	True	1090976	1091728	left	1	4	27
16	cjq	f	21	1	50	diamond	green	(724, 619)	high	dis	(533, 540)	N	same	vert	up	True	1092879	1094257	left	0	4	28
16	cjq	f	21	1	50	circle	green	(724, 619)	high	dis	(645, 428)	N	dif	hori	left	True	1096834	1098144	left	1	4	29
16	cjq	f	21	1	50	diamond	green	(565, 619)	low	dis	(645, 428)	N	dif	vert	up	True	1099367	1100721	up	1	4	30
16	cjq	f	21	1	50	circle	red	(724, 619)	high	dis	(645, 652)	N	same	vert	up	True	1101756	1103080	up	1	4	31
16	cjq	f	21	1	50	diamond	red	(724, 619)	high	no	no_dis	N	dif	vert	up	True	1104217	1105296	up	1	4	32
16	cjq	f	21	1	50	circle	red	(533, 540)	low	dis	(757, 540)	N	same	hori	left	True	1106356	1107880	left	1	4	33
16	cjq	f	21	1	50	circle	red	(565, 619)	low	no	no_dis	N	dif	vert	up	True	1108930	1109705	up	1	4	34
16	cjq	f	21	1	50	circle	red	(724, 460)	low	dis	(533, 540)	N	same	vert	up	True	1110950	1111801	up	1	4	35
16	cjq	f	21	1	50	diamond	red	(533, 540)	low	dis	(565, 460)	N	dif	vert	up	True	1112840	1114264	up	1	4	36
16	cjq	f	21	1	50	circle	red	(724, 619)	high	dis	(724, 460)	N	same	hori	left	True	1115442	1116920	left	1	4	37
16	cjq	f	21	1	50	diamond	red	(565, 619)	low	dis	(565, 460)	N	dif	hori	left	True	1118018	1119121	left	1	4	38
16	cjq	f	21	1	50	diamond	green	(724, 619)	high	no	no_dis	N	same	vert	up	True	1120160	1121344	up	1	4	39
16	cjq	f	21	1	50	circle	green	(724, 619)	high	dis	(724, 460)	N	dif	vert	up	True	1122497	1123369	up	1	4	40
16	cjq	f	21	1	50	diamond	red	(757, 540)	low	no	no_dis	N	same	hori	left	True	1124438	1126152	left	1	4	41
16	cjq	f	21	1	50	circle	green	(724, 619)	high	dis	(757, 540)	N	dif	hori	left	True	1127327	1128321	left	1	4	42
16	cjq	f	21	1	50	circle	red	(724, 619)	high	no	no_dis	N	dif	hori	left	True	1129400	1130152	left	1	4	43
16	cjq	f	21	1	50	diamond	green	(645, 652)	low	no	no_dis	N	dif	vert	up	True	1131304	1132049	up	1	4	44
16	cjq	f	21	1	50	diamond	green	(724, 619)	high	dis	(645, 652)	N	same	hori	left	True	1133261	1134617	left	1	4	45
16	cjq	f	21	1	50	circle	green	(724, 460)	low	dis	(565, 619)	N	dif	hori	left	True	1135832	1137241	left	1	4	46
16	cjq	f	21	1	50	circle	green	(724, 460)	low	dis	(757, 540)	N	dif	hori	left	True	1138462	1139376	left	1	4	47
16	cjq	f	21	1	50	circle	red	(724, 619)	high	dis	(533, 540)	N	dif	hori	left	True	1140459	1141224	left	1	4	48
16	cjq	f	21	1	50	circle	red	(724, 619)	high	dis	(645, 428)	N	dif	vert	up	True	1142342	1143104	up	1	4	49
16	cjq	f	21	1	50	circle	green	(565, 460)	low	dis	(724, 460)	N	dif	hori	left	True	1144344	1145184	left	1	4	50
16	cjq	f	21	1	50	diamond	red	(724, 619)	high	no	no_dis	N	dif	vert	up	True	1146280	1147224	up	1	4	51
16	cjq	f	21	1	50	diamond	red	(645, 428)	low	dis	(724, 619)	Y	same	hori	left	True	1148389	1149105	left	1	4	52
16	cjq	f	21	1	50	circle	green	(724, 619)	high	dis	(565, 619)	N	same	hori	left	True	1150284	1151512	left	1	4	53
16	cjq	f	21	1	50	diamond	red	(724, 619)	high	dis	(565, 460)	N	dif	vert	up	True	1152605	1153657	up	1	4	54
16	cjq	f	21	1	50	circle	green	(533, 540)	low	no	no_dis	N	same	hori	left	True	1154844	1155696	left	1	4	55
16	cjq	f	21	1	50	diamond	green	(645, 428)	low	dis	(565, 619)	N	dif	vert	up	True	1156846	1158008	up	1	4	56
16	cjq	f	21	1	50	circle	green	(724, 619)	high	dis	(724, 460)	N	dif	vert	up	True	1159035	1160161	up	1	4	57
16	cjq	f	21	1	50	diamond	red	(724, 619)	high	no	no_dis	N	same	hori	left	True	1161386	1162208	left	1	4	58
16	cjq	f	21	1	50	circle	green	(724, 460)	low	no	no_dis	N	dif	vert	up	True	1163356	1164712	up	1	4	59
16	cjq	f	21	1	50	diamond	red	(645, 428)	low	no	no_dis	N	dif	hori	left	True	1165717	1166537	left	1	4	60
16	cjq	f	21	1	50	diamond	green	(533, 540)	low	no	no_dis	N	same	hori	left	True	1167747	1168992	left	1	4	61
16	cjq	f	21	1	50	diamond	green	(757, 540)	low	dis	(724, 619)	Y	dif	hori	left	True	1170152	1171177	left	1	4	62
16	cjq	f	21	1	50	circle	red	(565, 460)	low	dis	(565, 619)	N	same	vert	up	True	1172345	1173089	up	1	4	63
16	cjq	f	21	1	50	diamond	red	(645, 428)	low	no	no_dis	N	same	vert	up	True	1174116	1174912	up	1	4	64
16	cjq	f	21	1	50	diamond	green	(565, 619)	low	no	no_dis	N	same	hori	left	True	1175984	1176768	left	1	4	65
16	cjq	f	21	1	50	circle	red	(757, 540)	low	dis	(645, 652)	N	same	hori	left	True	1177990	1178793	left	1	4	66
16	cjq	f	21	1	50	circle	green	(757, 540)	low	dis	(565, 619)	N	dif	vert	up	True	1179964	1180680	up	1	4	67
16	cjq	f	21	1	50	circle	red	(724, 460)	low	no	no_dis	N	same	hori	left	True	1181775	1182512	up	0	4	68
16	cjq	f	21	1	50	diamond	green	(645, 428)	low	dis	(565, 460)	N	same	hori	left	True	1185222	1186209	left	1	4	69
16	cjq	f	21	1	50	diamond	red	(565, 619)	low	dis	(645, 652)	N	dif	vert	up	True	1187224	1188168	up	1	4	70
16	cjq	f	21	1	50	circle	green	(724, 619)	high	no	no_dis	N	same	hori	left	True	1189256	1190009	left	1	4	71
16	cjq	f	21	1	50	circle	green	(724, 619)	high	no	no_dis	N	dif	hori	left	True	1191077	1191736	left	1	4	72
16	cjq	f	21	1	50	diamond	green	(565, 460)	low	no	no_dis	N	same	vert	up	True	1192857	1194088	up	1	4	73
16	cjq	f	21	1	50	diamond	red	(645, 428)	low	dis	(565, 619)	N	same	hori	left	True	1195168	1196408	left	1	4	74
16	cjq	f	21	1	50	circle	red	(724, 619)	high	no	no_dis	N	same	vert	up	True	1197495	1199025	up	1	4	75
16	cjq	f	21	1	50	diamond	green	(724, 619)	high	no	no_dis	N	dif	hori	left	True	1200203	1201192	left	1	4	76
16	cjq	f	21	1	50	circle	green	(645, 428)	low	no	no_dis	N	dif	hori	left	True	1202304	1203112	left	1	4	77
16	cjq	f	21	1	50	diamond	green	(645, 652)	low	dis	(724, 619)	Y	same	hori	left	True	1204362	1205976	left	1	4	78
16	cjq	f	21	1	50	circle	red	(724, 619)	high	no	no_dis	N	same	hori	left	True	1207178	1208529	left	1	4	79
16	cjq	f	21	1	50	diamond	red	(724, 619)	high	dis	(645, 652)	N	dif	vert	up	True	1209780	1211145	up	1	4	80
16	cjq	f	21	1	50	circle	red	(757, 540)	low	dis	(645, 652)	N	same	vert	up	True	1212167	1213168	up	1	4	81
16	cjq	f	21	1	50	circle	green	(757, 540)	low	dis	(645, 428)	N	dif	hori	left	True	1214202	1214936	left	1	4	82
16	cjq	f	21	1	50	diamond	red	(533, 540)	low	no	no_dis	N	dif	hori	left	True	1216137	1217825	left	1	4	83
16	cjq	f	21	1	50	diamond	red	(565, 460)	low	dis	(533, 540)	N	same	vert	up	True	1219013	1220696	up	1	4	84
16	cjq	f	21	1	50	diamond	red	(724, 460)	low	dis	(724, 619)	Y	same	vert	up	True	1221758	1222592	up	1	4	85
16	cjq	f	21	1	50	circle	red	(724, 619)	high	dis	(533, 540)	N	dif	hori	left	True	1223708	1224625	left	1	4	86
16	cjq	f	21	1	50	diamond	red	(724, 619)	high	no	no_dis	N	dif	hori	left	True	1225629	1226608	left	1	4	87
16	cjq	f	21	1	50	circle	green	(724, 619)	high	dis	(757, 540)	N	same	vert	up	True	1227644	1229104	up	1	4	88
16	cjq	f	21	1	50	diamond	red	(724, 619)	high	dis	(645, 428)	N	same	vert	up	True	1230353	1231352	up	1	4	89
16	cjq	f	21	1	50	diamond	green	(757, 540)	low	no	no_dis	N	dif	hori	left	True	1232481	1233432	left	1	4	90
16	cjq	f	21	1	50	diamond	green	(724, 619)	high	dis	(724, 460)	N	same	vert	up	True	1234567	1235424	up	1	4	91
16	cjq	f	21	1	50	circle	red	(645, 652)	low	dis	(645, 428)	N	dif	vert	up	True	1236542	1237488	up	1	4	92
16	cjq	f	21	1	50	diamond	green	(724, 619)	high	no	no_dis	N	dif	vert	up	True	1238741	1239432	up	1	4	93
16	cjq	f	21	1	50	diamond	red	(565, 619)	low	no	no_dis	N	dif	hori	left	True	1240579	1241360	left	1	4	94
16	cjq	f	21	1	50	circle	red	(533, 540)	low	dis	(645, 428)	N	dif	vert	up	True	1242481	1243521	up	1	4	95
16	cjq	f	21	1	50	circle	green	(645, 652)	low	dis	(724, 619)	Y	dif	hori	left	True	1244666	1245640	left	1	4	96
16	cjq	f	21	1	50	circle	green	(724, 619)	high	no	no_dis	N	dif	vert	up	True	1246710	1247513	up	1	4	97
16	cjq	f	21	1	50	circle	green	(724, 619)	high	dis	(565, 619)	N	dif	hori	left	True	1248660	1249344	left	1	4	98
16	cjq	f	21	1	50	diamond	green	(565, 460)	low	dis	(757, 540)	N	dif	hori	left	True	1250347	1251409	left	1	4	99
16	cjq	f	21	1	50	diamond	red	(645, 652)	low	dis	(724, 619)	Y	same	hori	left	True	1252617	1253472	left	1	4	100
16	cjq	f	21	1	50	diamond	red	(724, 619)	high	dis	(645, 428)	N	same	hori	left	True	1254613	1255344	left	1	4	101
16	cjq	f	21	1	50	diamond	red	(724, 619)	high	no	no_dis	N	dif	hori	left	True	1256517	1257344	left	1	4	102
16	cjq	f	21	1	50	circle	green	(533, 540)	low	dis	(724, 460)	N	dif	vert	up	True	1258588	1259465	up	1	4	103
16	cjq	f	21	1	50	circle	green	(724, 460)	low	no	no_dis	N	same	vert	up	True	1260662	1261392	up	1	4	104
16	cjq	f	21	1	50	diamond	red	(757, 540)	low	dis	(533, 540)	N	dif	hori	left	True	1262468	1263472	left	1	4	105
16	cjq	f	21	1	50	diamond	red	(645, 652)	low	dis	(724, 619)	Y	same	hori	left	True	1264639	1266080	left	1	4	106
16	cjq	f	21	1	50	diamond	green	(724, 619)	high	dis	(757, 540)	N	dif	vert	up	True	1267220	1268704	up	1	4	107
16	cjq	f	21	1	50	diamond	green	(724, 619)	high	dis	(645, 428)	N	dif	hori	left	True	1269947	1271072	left	1	4	108
16	cjq	f	21	1	50	circle	red	(533, 540)	low	dis	(724, 619)	Y	same	vert	up	True	1272226	1273496	up	1	4	109
16	cjq	f	21	1	50	circle	red	(645, 652)	low	no	no_dis	N	same	vert	up	True	1274588	1275928	up	1	4	110
16	cjq	f	21	1	50	diamond	green	(724, 619)	high	dis	(565, 460)	N	dif	vert	up	True	1277010	1277840	up	1	4	111
16	cjq	f	21	1	50	circle	green	(645, 652)	low	no	no_dis	N	dif	vert	up	True	1278855	1280008	up	1	4	112
16	cjq	f	21	1	50	diamond	green	(724, 619)	high	dis	(565, 460)	N	same	hori	left	True	1281032	1281848	left	1	4	113
16	cjq	f	21	1	50	diamond	red	(724, 619)	high	dis	(645, 428)	N	same	vert	up	True	1283088	1283896	up	1	4	114
16	cjq	f	21	1	50	diamond	green	(565, 460)	low	dis	(724, 619)	Y	dif	vert	up	True	1285086	1286008	up	1	4	115
16	cjq	f	21	1	50	diamond	green	(724, 619)	high	dis	(645, 652)	N	same	vert	up	True	1287031	1287809	up	1	4	116
16	cjq	f	21	1	50	diamond	green	(724, 619)	high	no	no_dis	N	same	vert	up	True	1289036	1289872	up	1	4	117
16	cjq	f	21	1	50	circle	green	(724, 619)	high	dis	(645, 652)	N	same	vert	up	True	1290930	1291704	up	1	4	118
16	cjq	f	21	1	50	diamond	red	(724, 619)	high	dis	(565, 619)	N	dif	vert	up	True	1292780	1293584	up	1	4	119
16	cjq	f	21	1	50	circle	red	(757, 540)	low	no	no_dis	N	same	vert	up	True	1294706	1295496	up	1	4	120
16	cjq	f	21	1	50	diamond	red	(724, 619)	high	no	no_dis	N	same	vert	up	True	1335094	1336184	up	1	5	1
16	cjq	f	21	1	50	circle	red	(565, 619)	low	dis	(565, 460)	N	dif	vert	up	True	1337401	1338528	up	1	5	2
16	cjq	f	21	1	50	circle	green	(565, 619)	low	dis	(533, 540)	N	same	vert	up	True	1339780	1340520	up	1	5	3
16	cjq	f	21	1	50	circle	red	(757, 540)	low	dis	(724, 619)	Y	dif	hori	left	True	1341578	1342624	left	1	5	4
16	cjq	f	21	1	50	diamond	green	(724, 619)	high	dis	(565, 619)	N	same	vert	up	True	1343693	1344760	up	1	5	5
16	cjq	f	21	1	50	diamond	red	(724, 619)	high	dis	(533, 540)	N	same	vert	up	True	1345905	1346688	up	1	5	6
16	cjq	f	21	1	50	diamond	red	(724, 460)	low	no	no_dis	N	same	vert	up	True	1347795	1348744	up	1	5	7
16	cjq	f	21	1	50	diamond	green	(724, 619)	high	no	no_dis	N	dif	hori	left	True	1349960	1350608	left	1	5	8
16	cjq	f	21	1	50	diamond	red	(645, 428)	low	dis	(724, 619)	Y	same	vert	up	True	1351613	1352536	up	1	5	9
16	cjq	f	21	1	50	diamond	green	(724, 619)	high	no	no_dis	N	same	vert	up	True	1353577	1354368	up	1	5	10
16	cjq	f	21	1	50	diamond	green	(724, 619)	high	dis	(645, 652)	N	dif	hori	left	True	1355393	1356137	left	1	5	11
16	cjq	f	21	1	50	circle	green	(724, 619)	high	dis	(724, 460)	N	same	hori	left	True	1357356	1358424	left	1	5	12
16	cjq	f	21	1	50	circle	green	(724, 619)	high	no	no_dis	N	same	vert	up	True	1359601	1360256	up	1	5	13
16	cjq	f	21	1	50	diamond	green	(533, 540)	low	dis	(565, 460)	N	same	hori	left	True	1361385	1362248	left	1	5	14
16	cjq	f	21	1	50	diamond	red	(645, 428)	low	no	no_dis	N	dif	vert	up	True	1363360	1364320	up	1	5	15
16	cjq	f	21	1	50	circle	green	(757, 540)	low	dis	(645, 652)	N	dif	hori	left	True	1365326	1366120	left	1	5	16
16	cjq	f	21	1	50	circle	green	(724, 619)	high	dis	(757, 540)	N	dif	vert	up	True	1367261	1368040	up	1	5	17
16	cjq	f	21	1	50	circle	red	(565, 460)	low	dis	(645, 428)	N	dif	vert	up	True	1369071	1369936	up	1	5	18
16	cjq	f	21	1	50	circle	green	(724, 619)	high	no	no_dis	N	dif	hori	left	True	1370967	1371640	left	1	5	19
16	cjq	f	21	1	50	diamond	green	(565, 460)	low	dis	(645, 428)	N	same	hori	left	True	1372773	1373832	left	1	5	20
16	cjq	f	21	1	50	circle	red	(757, 540)	low	dis	(533, 540)	N	same	vert	up	True	1374991	1375711	up	1	5	21
16	cjq	f	21	1	50	diamond	green	(565, 460)	low	no	no_dis	N	dif	hori	left	True	1376829	1377792	left	1	5	22
16	cjq	f	21	1	50	circle	red	(724, 619)	high	no	no_dis	N	same	hori	left	True	1378919	1379720	left	1	5	23
16	cjq	f	21	1	50	diamond	red	(724, 619)	high	no	no_dis	N	dif	vert	up	True	1380756	1381488	up	1	5	24
16	cjq	f	21	1	50	diamond	green	(645, 652)	low	no	no_dis	N	same	vert	up	True	1382625	1383392	left	0	5	25
16	cjq	f	21	1	50	circle	red	(565, 460)	low	no	no_dis	N	dif	vert	up	True	1385999	1387912	up	1	5	26
16	cjq	f	21	1	50	circle	red	(565, 619)	low	no	no_dis	N	dif	hori	left	True	1388986	1389943	left	1	5	27
16	cjq	f	21	1	50	diamond	green	(724, 619)	high	dis	(724, 460)	N	dif	vert	up	True	1391082	1391992	up	1	5	28
16	cjq	f	21	1	50	circle	green	(724, 619)	high	dis	(565, 619)	N	dif	hori	left	True	1393003	1393792	left	1	5	29
16	cjq	f	21	1	50	circle	green	(724, 460)	low	dis	(645, 652)	N	dif	hori	left	True	1395024	1395671	left	1	5	30
16	cjq	f	21	1	50	circle	red	(724, 619)	high	dis	(565, 460)	N	same	hori	left	True	1396895	1397576	left	1	5	31
16	cjq	f	21	1	50	circle	green	(645, 652)	low	dis	(724, 619)	Y	same	vert	up	True	1398801	1399576	up	1	5	32
16	cjq	f	21	1	50	diamond	red	(724, 619)	high	dis	(645, 652)	N	dif	vert	up	True	1400770	1401544	up	1	5	33
16	cjq	f	21	1	50	diamond	green	(757, 540)	low	dis	(565, 619)	N	dif	vert	up	True	1402714	1403624	up	1	5	34
16	cjq	f	21	1	50	circle	red	(533, 540)	low	no	no_dis	N	same	hori	left	True	1404646	1405704	left	1	5	35
16	cjq	f	21	1	50	diamond	red	(565, 460)	low	dis	(724, 619)	Y	same	vert	up	True	1406803	1407648	up	1	5	36
16	cjq	f	21	1	50	diamond	red	(565, 619)	low	no	no_dis	N	same	vert	up	True	1408655	1409704	left	0	5	37
16	cjq	f	21	1	50	diamond	red	(757, 540)	low	dis	(724, 460)	N	dif	vert	up	True	1412282	1413352	up	1	5	38
16	cjq	f	21	1	50	circle	green	(565, 619)	low	dis	(757, 540)	N	dif	hori	left	True	1414551	1415488	left	1	5	39
16	cjq	f	21	1	50	circle	red	(565, 619)	low	dis	(533, 540)	N	dif	vert	up	True	1416549	1417408	up	1	5	40
16	cjq	f	21	1	50	circle	green	(724, 619)	high	dis	(645, 652)	N	dif	vert	up	True	1418589	1419568	up	1	5	41
16	cjq	f	21	1	50	diamond	green	(645, 652)	low	dis	(757, 540)	N	dif	vert	up	True	1420686	1421679	up	1	5	42
16	cjq	f	21	1	50	circle	red	(724, 460)	low	dis	(724, 619)	Y	same	hori	left	True	1422718	1423503	up	0	5	43
16	cjq	f	21	1	50	diamond	red	(724, 619)	high	no	no_dis	N	dif	vert	up	True	1426066	1426968	up	1	5	44
16	cjq	f	21	1	50	diamond	green	(724, 619)	high	no	no_dis	N	same	hori	left	True	1427979	1429009	left	1	5	45
16	cjq	f	21	1	50	diamond	red	(724, 619)	high	dis	(757, 540)	N	same	hori	left	True	1430105	1431056	left	1	5	46
16	cjq	f	21	1	50	diamond	green	(645, 428)	low	dis	(724, 460)	N	dif	hori	left	True	1432151	1432976	left	1	5	47
16	cjq	f	21	1	50	diamond	green	(724, 460)	low	dis	(645, 652)	N	same	vert	up	True	1434137	1435208	up	1	5	48
16	cjq	f	21	1	50	circle	green	(724, 619)	high	no	no_dis	N	dif	vert	up	True	1436329	1437095	up	1	5	49
16	cjq	f	21	1	50	circle	red	(724, 619)	high	dis	(645, 428)	N	same	hori	left	True	1438188	1439264	left	1	5	50
16	cjq	f	21	1	50	diamond	green	(724, 619)	high	dis	(533, 540)	N	same	hori	left	True	1440484	1441423	left	1	5	51
16	cjq	f	21	1	50	diamond	green	(724, 619)	high	dis	(645, 652)	N	same	vert	up	True	1442534	1443232	up	1	5	52
16	cjq	f	21	1	50	diamond	green	(724, 619)	high	dis	(565, 619)	N	dif	hori	left	True	1444429	1445272	left	1	5	53
16	cjq	f	21	1	50	diamond	green	(565, 460)	low	dis	(533, 540)	N	same	hori	left	True	1446470	1447384	left	1	5	54
16	cjq	f	21	1	50	circle	red	(645, 428)	low	dis	(724, 460)	N	dif	vert	up	True	1448625	1449944	up	1	5	55
16	cjq	f	21	1	50	diamond	green	(724, 460)	low	dis	(757, 540)	N	dif	vert	up	True	1450987	1451968	up	1	5	56
16	cjq	f	21	1	50	circle	green	(757, 540)	low	no	no_dis	N	same	hori	left	True	1453174	1454232	left	1	5	57
16	cjq	f	21	1	50	diamond	red	(724, 619)	high	no	no_dis	N	same	vert	up	True	1455336	1456215	up	1	5	58
16	cjq	f	21	1	50	diamond	red	(565, 460)	low	dis	(724, 619)	Y	dif	vert	up	True	1457357	1458160	up	1	5	59
16	cjq	f	21	1	50	diamond	green	(724, 619)	high	dis	(724, 460)	N	same	vert	up	True	1459334	1460351	up	1	5	60
16	cjq	f	21	1	50	circle	red	(724, 619)	high	no	no_dis	N	dif	vert	up	True	1461551	1462480	up	1	5	61
16	cjq	f	21	1	50	circle	green	(565, 460)	low	dis	(757, 540)	N	same	vert	up	True	1463584	1464463	up	1	5	62
16	cjq	f	21	1	50	circle	green	(757, 540)	low	dis	(565, 460)	N	dif	hori	left	True	1465599	1466600	left	1	5	63
16	cjq	f	21	1	50	diamond	green	(645, 428)	low	no	no_dis	N	dif	hori	left	True	1467747	1468736	left	1	5	64
16	cjq	f	21	1	50	circle	red	(533, 540)	low	dis	(565, 619)	N	dif	vert	up	True	1469967	1471360	up	1	5	65
16	cjq	f	21	1	50	diamond	green	(724, 460)	low	no	no_dis	N	same	vert	up	True	1472602	1473584	up	1	5	66
16	cjq	f	21	1	50	diamond	red	(724, 619)	high	dis	(565, 460)	N	dif	vert	up	True	1474726	1475528	up	1	5	67
16	cjq	f	21	1	50	diamond	green	(645, 652)	low	dis	(565, 619)	N	same	hori	left	True	1476534	1477520	left	1	5	68
16	cjq	f	21	1	50	circle	green	(724, 619)	high	dis	(645, 428)	N	dif	hori	left	True	1478671	1479640	left	1	5	69
16	cjq	f	21	1	50	diamond	red	(645, 428)	low	dis	(565, 460)	N	same	vert	up	True	1480828	1481488	up	1	5	70
16	cjq	f	21	1	50	diamond	red	(724, 619)	high	dis	(724, 460)	N	same	vert	up	True	1482736	1483400	up	1	5	71
16	cjq	f	21	1	50	diamond	red	(724, 619)	high	dis	(565, 460)	N	dif	vert	up	True	1484426	1485079	up	1	5	72
16	cjq	f	21	1	50	circle	green	(645, 428)	low	no	no_dis	N	dif	hori	left	True	1486246	1487032	left	1	5	73
16	cjq	f	21	1	50	circle	red	(724, 619)	high	dis	(645, 428)	N	dif	vert	up	True	1488268	1488959	left	0	5	74
16	cjq	f	21	1	50	circle	red	(645, 652)	low	no	no_dis	N	same	hori	left	True	1491538	1492448	left	1	5	75
16	cjq	f	21	1	50	circle	red	(724, 619)	high	dis	(757, 540)	N	same	vert	up	True	1493597	1494623	up	1	5	76
16	cjq	f	21	1	50	circle	red	(757, 540)	low	no	no_dis	N	dif	vert	up	True	1495712	1496400	up	1	5	77
16	cjq	f	21	1	50	diamond	green	(724, 619)	high	dis	(724, 460)	N	same	hori	left	True	1497631	1498480	left	1	5	78
16	cjq	f	21	1	50	diamond	red	(724, 619)	high	dis	(645, 428)	N	same	hori	left	True	1499490	1500351	left	1	5	79
16	cjq	f	21	1	50	circle	green	(757, 540)	low	no	no_dis	N	dif	hori	left	True	1501465	1502272	left	1	5	80
16	cjq	f	21	1	50	diamond	green	(724, 619)	high	dis	(724, 460)	N	same	vert	up	True	1503314	1504024	up	1	5	81
16	cjq	f	21	1	50	circle	red	(533, 540)	low	dis	(724, 619)	Y	dif	hori	left	True	1505193	1506280	left	1	5	82
16	cjq	f	21	1	50	diamond	red	(565, 619)	low	dis	(645, 428)	N	same	hori	left	True	1507324	1508183	up	0	5	83
16	cjq	f	21	1	50	circle	green	(645, 428)	low	dis	(724, 619)	Y	dif	hori	left	True	1510900	1512999	left	1	5	84
16	cjq	f	21	1	50	diamond	red	(533, 540)	low	no	no_dis	N	dif	vert	up	True	1514015	1515328	up	1	5	85
16	cjq	f	21	1	50	circle	green	(724, 619)	high	dis	(645, 652)	N	dif	vert	up	True	1516521	1517711	up	1	5	86
16	cjq	f	21	1	50	circle	green	(533, 540)	low	no	no_dis	N	same	hori	left	True	1518863	1519759	left	1	5	87
16	cjq	f	21	1	50	circle	red	(724, 619)	high	dis	(533, 540)	N	dif	hori	left	True	1520891	1521776	left	1	5	88
16	cjq	f	21	1	50	diamond	red	(724, 619)	high	dis	(565, 619)	N	same	vert	up	True	1522906	1523719	up	1	5	89
16	cjq	f	21	1	50	circle	green	(724, 619)	high	dis	(565, 460)	N	dif	vert	up	True	1524955	1525648	up	1	5	90
16	cjq	f	21	1	50	diamond	red	(724, 619)	high	no	no_dis	N	same	vert	up	True	1526808	1527575	up	1	5	91
16	cjq	f	21	1	50	diamond	green	(565, 619)	low	dis	(757, 540)	N	dif	hori	left	True	1528741	1529768	left	1	5	92
16	cjq	f	21	1	50	diamond	green	(724, 619)	high	no	no_dis	N	same	hori	left	True	1530849	1531495	left	1	5	93
16	cjq	f	21	1	50	circle	green	(533, 540)	low	dis	(724, 460)	N	same	hori	left	True	1532728	1533823	left	1	5	94
16	cjq	f	21	1	50	diamond	red	(533, 540)	low	dis	(645, 652)	N	same	hori	left	True	1535047	1535831	left	1	5	95
16	cjq	f	21	1	50	circle	red	(724, 619)	high	dis	(757, 540)	N	dif	hori	left	True	1536905	1537783	left	1	5	96
16	cjq	f	21	1	50	diamond	red	(645, 652)	low	dis	(533, 540)	N	same	vert	up	True	1538823	1540104	up	1	5	97
16	cjq	f	21	1	50	circle	red	(645, 652)	low	dis	(724, 619)	Y	same	hori	left	True	1541320	1541968	left	1	5	98
16	cjq	f	21	1	50	circle	red	(724, 619)	high	dis	(757, 540)	N	same	hori	left	True	1543045	1543872	left	1	5	99
16	cjq	f	21	1	50	circle	red	(724, 619)	high	dis	(565, 619)	N	same	hori	left	True	1544897	1545687	left	1	5	100
16	cjq	f	21	1	50	diamond	red	(565, 460)	low	no	no_dis	N	dif	vert	up	True	1546729	1547615	up	1	5	101
16	cjq	f	21	1	50	circle	red	(724, 619)	high	no	no_dis	N	dif	hori	left	True	1548830	1549664	left	1	5	102
16	cjq	f	21	1	50	circle	red	(724, 619)	high	dis	(565, 460)	N	dif	hori	left	True	1550826	1551648	left	1	5	103
16	cjq	f	21	1	50	circle	green	(724, 619)	high	dis	(533, 540)	N	dif	vert	up	True	1552725	1553431	up	1	5	104
16	cjq	f	21	1	50	circle	green	(724, 619)	high	no	no_dis	N	dif	hori	left	True	1554506	1555280	left	1	5	105
16	cjq	f	21	1	50	circle	red	(724, 619)	high	dis	(565, 619)	N	same	vert	up	True	1556292	1557072	up	1	5	106
16	cjq	f	21	1	50	diamond	red	(645, 652)	low	dis	(724, 619)	Y	same	hori	left	True	1558165	1559303	left	1	5	107
16	cjq	f	21	1	50	diamond	red	(724, 460)	low	dis	(565, 619)	N	dif	hori	left	True	1560524	1561183	left	1	5	108
16	cjq	f	21	1	50	diamond	red	(724, 619)	high	dis	(565, 460)	N	same	hori	left	True	1562276	1563056	left	1	5	109
16	cjq	f	21	1	50	circle	green	(724, 619)	high	no	no_dis	N	dif	vert	up	True	1564230	1565128	left	0	5	110
16	cjq	f	21	1	50	circle	green	(724, 460)	low	dis	(645, 428)	N	same	vert	up	True	1567731	1569008	up	1	5	111
16	cjq	f	21	1	50	diamond	red	(724, 619)	high	dis	(645, 428)	N	dif	hori	left	True	1570207	1571112	left	1	5	112
16	cjq	f	21	1	50	circle	green	(724, 619)	high	dis	(645, 428)	N	same	vert	up	True	1572212	1573128	up	1	5	113
16	cjq	f	21	1	50	circle	red	(724, 619)	high	no	no_dis	N	dif	hori	left	True	1574257	1574864	left	1	5	114
16	cjq	f	21	1	50	diamond	green	(724, 619)	high	no	no_dis	N	same	hori	left	True	1576036	1576848	left	1	5	115
16	cjq	f	21	1	50	circle	red	(724, 619)	high	no	no_dis	N	same	hori	left	True	1577861	1579047	left	1	5	116
16	cjq	f	21	1	50	diamond	green	(724, 619)	high	dis	(533, 540)	N	dif	hori	left	True	1580261	1581264	left	1	5	117
16	cjq	f	21	1	50	circle	green	(724, 619)	high	dis	(645, 652)	N	dif	hori	left	True	1582373	1583024	left	1	5	118
16	cjq	f	21	1	50	diamond	green	(645, 652)	low	no	no_dis	N	same	hori	left	True	1584226	1585352	left	1	5	119
16	cjq	f	21	1	50	circle	green	(565, 619)	low	no	no_dis	N	same	vert	up	True	1586591	1587511	up	1	5	120
16	cjq	f	21	1	50	diamond	red	(724, 619)	high	no	no_dis	N	dif	vert	up	True	1623575	1624647	up	1	6	1
16	cjq	f	21	1	50	circle	red	(724, 619)	high	dis	(533, 540)	N	dif	hori	left	True	1625755	1626503	left	1	6	2
16	cjq	f	21	1	50	diamond	green	(757, 540)	low	dis	(724, 619)	Y	same	vert	up	True	1627590	1628327	up	1	6	3
16	cjq	f	21	1	50	diamond	red	(724, 619)	high	no	no_dis	N	dif	vert	up	True	1629338	1630143	up	1	6	4
16	cjq	f	21	1	50	diamond	red	(724, 619)	high	dis	(565, 619)	N	same	hori	left	True	1631164	1631856	left	1	6	5
16	cjq	f	21	1	50	diamond	green	(724, 619)	high	dis	(645, 652)	N	same	hori	left	True	1632925	1633663	left	1	6	6
16	cjq	f	21	1	50	circle	green	(533, 540)	low	no	no_dis	N	dif	vert	up	True	1634782	1635767	up	1	6	7
16	cjq	f	21	1	50	circle	green	(645, 652)	low	dis	(645, 428)	N	dif	hori	left	True	1636979	1637904	left	1	6	8
16	cjq	f	21	1	50	diamond	red	(724, 619)	high	dis	(645, 428)	N	dif	vert	up	True	1639137	1639983	up	1	6	9
16	cjq	f	21	1	50	diamond	red	(757, 540)	low	dis	(645, 652)	N	dif	vert	up	True	1641206	1641880	up	1	6	10
16	cjq	f	21	1	50	diamond	red	(724, 619)	high	dis	(757, 540)	N	same	hori	left	True	1642993	1643784	left	1	6	11
16	cjq	f	21	1	50	diamond	red	(757, 540)	low	dis	(724, 619)	Y	same	vert	up	True	1644902	1645855	up	1	6	12
16	cjq	f	21	1	50	diamond	green	(645, 652)	low	dis	(565, 619)	N	dif	hori	left	True	1646866	1647672	left	1	6	13
16	cjq	f	21	1	50	circle	red	(645, 428)	low	no	no_dis	N	dif	vert	up	True	1648816	1649647	up	1	6	14
16	cjq	f	21	1	50	diamond	green	(724, 460)	low	dis	(645, 428)	N	same	vert	up	True	1650829	1651768	up	1	6	15
16	cjq	f	21	1	50	circle	red	(724, 619)	high	dis	(645, 652)	N	same	hori	left	True	1652860	1653703	left	1	6	16
16	cjq	f	21	1	50	diamond	green	(724, 619)	high	dis	(533, 540)	N	dif	hori	left	True	1654740	1655559	left	1	6	17
16	cjq	f	21	1	50	diamond	red	(724, 460)	low	no	no_dis	N	dif	vert	up	True	1656809	1657392	up	1	6	18
16	cjq	f	21	1	50	diamond	red	(724, 619)	high	no	no_dis	N	dif	hori	left	True	1658640	1659240	left	1	6	19
16	cjq	f	21	1	50	diamond	green	(724, 619)	high	no	no_dis	N	dif	vert	up	True	1660311	1661312	up	1	6	20
16	cjq	f	21	1	50	diamond	red	(724, 460)	low	no	no_dis	N	same	vert	up	True	1662434	1663023	up	1	6	21
16	cjq	f	21	1	50	circle	red	(533, 540)	low	dis	(565, 460)	N	same	hori	left	True	1664166	1664847	left	1	6	22
16	cjq	f	21	1	50	diamond	green	(645, 428)	low	dis	(757, 540)	N	dif	hori	left	True	1665854	1666808	left	1	6	23
16	cjq	f	21	1	50	circle	green	(724, 619)	high	dis	(757, 540)	N	dif	hori	left	True	1668054	1669703	left	1	6	24
16	cjq	f	21	1	50	diamond	green	(565, 460)	low	dis	(757, 540)	N	same	vert	up	True	1670951	1671887	up	1	6	25
16	cjq	f	21	1	50	diamond	red	(533, 540)	low	no	no_dis	N	same	vert	up	True	1672991	1673895	up	1	6	26
16	cjq	f	21	1	50	circle	red	(757, 540)	low	no	no_dis	N	dif	hori	left	True	1675066	1675775	left	1	6	27
16	cjq	f	21	1	50	circle	green	(724, 619)	high	no	no_dis	N	same	vert	up	True	1676841	1677544	up	1	6	28
16	cjq	f	21	1	50	circle	green	(724, 619)	high	no	no_dis	N	same	vert	up	True	1678729	1679415	up	1	6	29
16	cjq	f	21	1	50	circle	green	(724, 619)	high	dis	(533, 540)	N	dif	hori	left	True	1680636	1681408	left	1	6	30
16	cjq	f	21	1	50	circle	green	(645, 428)	low	dis	(533, 540)	N	dif	hori	left	True	1682431	1683255	left	1	6	31
16	cjq	f	21	1	50	circle	red	(724, 619)	high	dis	(757, 540)	N	dif	hori	left	True	1684388	1685207	left	1	6	32
16	cjq	f	21	1	50	circle	green	(724, 619)	high	dis	(565, 460)	N	same	vert	up	True	1686448	1687120	up	1	6	33
16	cjq	f	21	1	50	circle	red	(724, 619)	high	dis	(757, 540)	N	same	vert	up	True	1688192	1689087	up	1	6	34
16	cjq	f	21	1	50	diamond	red	(724, 460)	low	dis	(565, 619)	N	same	vert	up	True	1690096	1691112	up	1	6	35
16	cjq	f	21	1	50	diamond	green	(565, 460)	low	dis	(565, 619)	N	dif	vert	up	True	1692284	1693455	up	1	6	36
16	cjq	f	21	1	50	circle	red	(724, 619)	high	no	no_dis	N	same	hori	left	True	1694500	1695223	left	1	6	37
16	cjq	f	21	1	50	diamond	red	(645, 428)	low	dis	(565, 619)	N	dif	vert	up	True	1696391	1697424	up	1	6	38
16	cjq	f	21	1	50	diamond	red	(724, 619)	high	dis	(565, 619)	N	dif	vert	up	True	1698626	1699647	up	1	6	39
16	cjq	f	21	1	50	circle	red	(645, 652)	low	dis	(724, 460)	N	dif	hori	left	True	1700834	1701631	left	1	6	40
16	cjq	f	21	1	50	circle	green	(724, 460)	low	dis	(724, 619)	Y	dif	vert	up	True	1702860	1703872	up	1	6	41
16	cjq	f	21	1	50	diamond	green	(724, 619)	high	dis	(533, 540)	N	dif	vert	up	True	1704892	1706024	up	1	6	42
16	cjq	f	21	1	50	diamond	green	(724, 460)	low	no	no_dis	N	dif	hori	left	True	1707267	1707983	left	1	6	43
16	cjq	f	21	1	50	circle	green	(645, 652)	low	no	no_dis	N	same	vert	up	True	1709199	1709911	up	1	6	44
16	cjq	f	21	1	50	diamond	red	(724, 619)	high	dis	(565, 460)	N	same	vert	up	True	1711077	1711935	up	1	6	45
16	cjq	f	21	1	50	diamond	green	(724, 619)	high	dis	(645, 428)	N	dif	vert	up	True	1713038	1713744	up	1	6	46
16	cjq	f	21	1	50	diamond	green	(565, 460)	low	no	no_dis	N	same	hori	left	True	1714757	1715487	left	1	6	47
16	cjq	f	21	1	50	circle	green	(645, 652)	low	no	no_dis	N	dif	vert	up	True	1716665	1717743	up	1	6	48
16	cjq	f	21	1	50	diamond	red	(724, 619)	high	dis	(645, 652)	N	same	vert	up	True	1718907	1719687	up	1	6	49
16	cjq	f	21	1	50	diamond	green	(724, 619)	high	dis	(533, 540)	N	same	vert	up	True	1720887	1721503	up	1	6	50
16	cjq	f	21	1	50	circle	green	(757, 540)	low	dis	(724, 460)	N	same	vert	up	True	1722627	1723591	up	1	6	51
16	cjq	f	21	1	50	circle	green	(565, 619)	low	dis	(724, 619)	Y	dif	hori	left	True	1724616	1725528	left	1	6	52
16	cjq	f	21	1	50	diamond	red	(533, 540)	low	dis	(565, 460)	N	same	vert	up	True	1726746	1727735	up	1	6	53
16	cjq	f	21	1	50	circle	green	(565, 619)	low	no	no_dis	N	same	hori	left	True	1728956	1730047	left	1	6	54
16	cjq	f	21	1	50	circle	red	(533, 540)	low	dis	(724, 619)	Y	same	vert	up	True	1731204	1732024	up	1	6	55
16	cjq	f	21	1	50	circle	red	(724, 619)	high	no	no_dis	N	same	vert	up	True	1733068	1733752	up	1	6	56
16	cjq	f	21	1	50	circle	red	(565, 619)	low	dis	(724, 619)	Y	dif	vert	up	True	1734886	1735559	up	1	6	57
16	cjq	f	21	1	50	diamond	red	(565, 619)	low	dis	(645, 652)	N	dif	hori	left	True	1736705	1737367	left	1	6	58
16	cjq	f	21	1	50	diamond	red	(724, 619)	high	no	no_dis	N	dif	hori	left	True	1738460	1739279	left	1	6	59
16	cjq	f	21	1	50	circle	red	(724, 619)	high	dis	(724, 460)	N	same	vert	up	True	1740516	1741407	up	1	6	60
16	cjq	f	21	1	50	circle	green	(724, 619)	high	no	no_dis	N	same	hori	left	True	1742645	1743391	left	1	6	61
16	cjq	f	21	1	50	circle	red	(724, 619)	high	dis	(565, 619)	N	same	hori	left	True	1744433	1745079	left	1	6	62
16	cjq	f	21	1	50	circle	red	(724, 619)	high	dis	(565, 619)	N	same	vert	up	True	1746248	1746807	up	1	6	63
16	cjq	f	21	1	50	circle	red	(724, 460)	low	dis	(724, 619)	Y	same	hori	left	True	1747905	1748631	left	1	6	64
16	cjq	f	21	1	50	circle	green	(724, 619)	high	dis	(724, 460)	N	dif	vert	up	True	1749777	1750511	up	1	6	65
16	cjq	f	21	1	50	diamond	green	(724, 619)	high	dis	(757, 540)	N	dif	vert	up	True	1751663	1752248	left	0	6	66
16	cjq	f	21	1	50	circle	green	(724, 619)	high	dis	(565, 460)	N	dif	vert	up	True	1755012	1755655	up	1	6	67
16	cjq	f	21	1	50	diamond	green	(724, 619)	high	dis	(565, 460)	N	same	hori	left	True	1756678	1757711	left	1	6	68
16	cjq	f	21	1	50	diamond	green	(724, 619)	high	dis	(645, 652)	N	same	hori	left	True	1758780	1759823	left	1	6	69
16	cjq	f	21	1	50	diamond	green	(645, 652)	low	no	no_dis	N	same	vert	up	True	1760979	1761807	up	1	6	70
16	cjq	f	21	1	50	circle	red	(724, 619)	high	no	no_dis	N	same	vert	up	True	1762950	1763871	up	1	6	71
16	cjq	f	21	1	50	circle	red	(645, 428)	low	no	no_dis	N	dif	hori	left	True	1765015	1765615	left	1	6	72
16	cjq	f	21	1	50	circle	green	(724, 619)	high	dis	(757, 540)	N	same	vert	up	True	1766711	1767335	up	1	6	73
16	cjq	f	21	1	50	circle	green	(724, 460)	low	dis	(533, 540)	N	dif	vert	up	True	1768433	1769063	up	1	6	74
16	cjq	f	21	1	50	circle	green	(724, 619)	high	dis	(565, 460)	N	same	hori	left	True	1770183	1770791	left	1	6	75
16	cjq	f	21	1	50	diamond	red	(724, 619)	high	dis	(645, 428)	N	dif	hori	left	True	1771817	1772599	left	1	6	76
16	cjq	f	21	1	50	circle	green	(724, 619)	high	dis	(724, 460)	N	dif	hori	left	True	1773771	1774423	left	1	6	77
16	cjq	f	21	1	50	circle	red	(724, 619)	high	dis	(724, 460)	N	dif	vert	up	True	1775657	1776271	up	1	6	78
16	cjq	f	21	1	50	circle	red	(724, 619)	high	dis	(565, 619)	N	dif	hori	left	True	1777519	1778183	left	1	6	79
16	cjq	f	21	1	50	diamond	green	(565, 460)	low	no	no_dis	N	dif	vert	up	True	1779291	1780223	up	1	6	80
16	cjq	f	21	1	50	circle	green	(565, 619)	low	no	no_dis	N	same	hori	left	True	1781319	1782207	left	1	6	81
16	cjq	f	21	1	50	diamond	green	(565, 619)	low	dis	(565, 460)	N	same	hori	left	True	1783430	1784335	up	0	6	82
16	cjq	f	21	1	50	circle	red	(757, 540)	low	dis	(565, 460)	N	dif	vert	up	True	1787033	1787944	up	1	6	83
16	cjq	f	21	1	50	diamond	red	(565, 460)	low	dis	(724, 460)	N	dif	vert	up	True	1789054	1789895	up	1	6	84
16	cjq	f	21	1	50	circle	red	(645, 428)	low	dis	(757, 540)	N	same	hori	left	True	1790901	1791663	left	1	6	85
16	cjq	f	21	1	50	circle	green	(565, 619)	low	dis	(645, 652)	N	dif	vert	up	True	1792744	1793615	up	1	6	86
16	cjq	f	21	1	50	diamond	red	(645, 652)	low	dis	(565, 619)	N	same	vert	up	True	1794796	1796032	up	1	6	87
16	cjq	f	21	1	50	diamond	red	(724, 619)	high	dis	(645, 652)	N	dif	hori	left	True	1797133	1797839	left	1	6	88
16	cjq	f	21	1	50	diamond	green	(724, 619)	high	no	no_dis	N	dif	hori	left	True	1798886	1799567	left	1	6	89
16	cjq	f	21	1	50	circle	red	(724, 619)	high	no	no_dis	N	dif	hori	left	True	1800587	1801503	left	1	6	90
16	cjq	f	21	1	50	diamond	green	(724, 619)	high	no	no_dis	N	same	hori	left	True	1802734	1803671	left	1	6	91
16	cjq	f	21	1	50	diamond	red	(645, 428)	low	no	no_dis	N	same	hori	left	True	1804892	1805607	left	1	6	92
16	cjq	f	21	1	50	diamond	red	(645, 652)	low	dis	(724, 619)	Y	same	hori	left	True	1806797	1807487	left	1	6	93
16	cjq	f	21	1	50	diamond	green	(565, 619)	low	dis	(645, 428)	N	same	hori	left	True	1808500	1809327	left	1	6	94
16	cjq	f	21	1	50	circle	red	(565, 619)	low	no	no_dis	N	dif	hori	left	True	1810433	1811983	left	1	6	95
16	cjq	f	21	1	50	diamond	green	(724, 619)	high	no	no_dis	N	same	hori	left	True	1813030	1813991	left	1	6	96
16	cjq	f	21	1	50	diamond	green	(533, 540)	low	dis	(724, 619)	Y	dif	vert	up	True	1815075	1815831	up	1	6	97
16	cjq	f	21	1	50	circle	green	(724, 619)	high	dis	(533, 540)	N	dif	vert	up	True	1817074	1817983	up	1	6	98
16	cjq	f	21	1	50	diamond	red	(724, 619)	high	dis	(645, 428)	N	dif	vert	up	True	1819085	1819799	up	1	6	99
16	cjq	f	21	1	50	diamond	red	(645, 428)	low	dis	(533, 540)	N	same	hori	left	True	1820820	1821551	left	1	6	100
16	cjq	f	21	1	50	circle	red	(757, 540)	low	dis	(645, 428)	N	same	hori	left	True	1822801	1823559	left	1	6	101
16	cjq	f	21	1	50	circle	green	(533, 540)	low	dis	(645, 652)	N	dif	hori	left	True	1824805	1825679	left	1	6	102
16	cjq	f	21	1	50	circle	red	(724, 619)	high	dis	(565, 460)	N	same	vert	up	True	1826822	1827527	up	1	6	103
16	cjq	f	21	1	50	circle	green	(724, 460)	low	dis	(533, 540)	N	same	vert	up	True	1828653	1829391	up	1	6	104
16	cjq	f	21	1	50	circle	green	(565, 460)	low	dis	(757, 540)	N	same	hori	left	True	1830529	1831231	left	1	6	105
16	cjq	f	21	1	50	circle	green	(724, 619)	high	dis	(645, 428)	N	same	hori	left	True	1832341	1833495	left	1	6	106
16	cjq	f	21	1	50	diamond	green	(757, 540)	low	no	no_dis	N	dif	hori	left	True	1834510	1835327	left	1	6	107
16	cjq	f	21	1	50	diamond	green	(724, 619)	high	dis	(724, 460)	N	dif	hori	left	True	1836335	1837039	left	1	6	108
16	cjq	f	21	1	50	diamond	green	(645, 428)	low	dis	(724, 460)	N	dif	hori	left	True	1838051	1838599	left	1	6	109
16	cjq	f	21	1	50	diamond	red	(724, 619)	high	dis	(645, 428)	N	same	hori	left	True	1839610	1840296	left	1	6	110
16	cjq	f	21	1	50	circle	green	(724, 619)	high	no	no_dis	N	dif	hori	left	True	1841416	1842167	left	1	6	111
16	cjq	f	21	1	50	diamond	red	(757, 540)	low	no	no_dis	N	same	hori	left	True	1843235	1844135	left	1	6	112
16	cjq	f	21	1	50	diamond	green	(724, 619)	high	no	no_dis	N	dif	vert	up	True	1845284	1846183	up	1	6	113
16	cjq	f	21	1	50	circle	red	(565, 460)	low	no	no_dis	N	same	vert	up	True	1847427	1848191	up	1	6	114
16	cjq	f	21	1	50	diamond	red	(724, 619)	high	no	no_dis	N	dif	vert	up	True	1849264	1850391	up	1	6	115
16	cjq	f	21	1	50	circle	green	(724, 619)	high	no	no_dis	N	same	vert	up	True	1851528	1852255	left	0	6	116
16	cjq	f	21	1	50	circle	red	(645, 652)	low	dis	(724, 619)	Y	dif	hori	left	True	1854836	1856167	left	1	6	117
16	cjq	f	21	1	50	diamond	green	(724, 619)	high	dis	(724, 460)	N	same	vert	up	True	1857219	1858023	up	1	6	118
16	cjq	f	21	1	50	circle	red	(565, 460)	low	dis	(645, 652)	N	same	hori	left	True	1859067	1859759	left	1	6	119
16	cjq	f	21	1	50	circle	red	(724, 619)	high	no	no_dis	N	same	hori	left	True	1860809	1861439	left	1	6	120
conf	16	cjq	f	21	1	50	True	1905499	1928751	8	True	1928764	1942719	2
