subj	name	gender	age	prac	group	shape	color	tar_loc	popularity	dis_cond	dis_loc	dis_high	td_dif	line	respkey	gotkey	startTime	respTime	resp	correct	block	trialnum
4	wzh	f	19	1	50	diamond	red	(565, 460)	high	no	no_dis	N	dif	hori	left	True	12687	14175	left	1	1	1
4	wzh	f	19	1	50	diamond	green	(645, 652)	low	dis	(533, 540)	N	dif	vert	up	True	15271	16727	up	1	1	2
4	wzh	f	19	1	50	diamond	red	(533, 540)	low	dis	(757, 540)	N	same	vert	up	True	17921	19512	up	1	1	3
4	wzh	f	19	1	50	circle	green	(565, 460)	high	dis	(645, 652)	N	dif	hori	left	True	20564	21847	left	1	1	4
4	wzh	f	19	1	50	diamond	green	(757, 540)	low	no	no_dis	N	same	vert	up	True	22973	24311	up	1	1	5
4	wzh	f	19	1	50	diamond	green	(645, 428)	low	dis	(565, 460)	Y	dif	vert	up	True	25450	26671	up	1	1	6
4	wzh	f	19	1	50	diamond	red	(645, 428)	low	no	no_dis	N	dif	hori	left	True	27730	29056	left	1	1	7
4	wzh	f	19	1	50	circle	red	(565, 460)	high	no	no_dis	N	same	vert	up	True	30138	31216	left	0	1	8
4	wzh	f	19	1	50	circle	green	(533, 540)	low	dis	(724, 619)	N	dif	vert	up	True	33811	35103	up	1	1	9
4	wzh	f	19	1	50	diamond	green	(724, 619)	low	no	no_dis	N	dif	vert	up	True	36122	37311	up	1	1	10
4	wzh	f	19	1	50	circle	red	(565, 460)	high	dis	(724, 460)	N	same	hori	left	True	38407	39255	left	1	1	11
4	wzh	f	19	1	50	circle	red	(533, 540)	low	no	no_dis	N	same	hori	left	True	40304	41199	left	1	1	12
4	wzh	f	19	1	50	circle	red	(565, 460)	high	dis	(724, 619)	N	same	vert	up	True	42406	43719	up	1	1	13
4	wzh	f	19	1	50	diamond	red	(724, 619)	low	dis	(724, 460)	N	same	hori	left	True	44737	46736	left	1	1	14
4	wzh	f	19	1	50	circle	green	(565, 460)	high	dis	(645, 428)	N	dif	hori	left	True	47861	48679	up	0	1	15
4	wzh	f	19	1	50	circle	green	(645, 428)	low	dis	(757, 540)	N	same	hori	left	True	51381	53720	left	1	1	16
4	wzh	f	19	1	50	circle	red	(565, 460)	high	no	no_dis	N	dif	hori	left	True	54871	56991	left	1	1	17
4	wzh	f	19	1	50	diamond	red	(565, 460)	high	dis	(724, 460)	N	same	hori	left	True	58126	59583	left	1	1	18
4	wzh	f	19	1	50	diamond	red	(724, 619)	low	dis	(565, 619)	N	same	vert	up	True	60810	62295	up	1	1	19
4	wzh	f	19	1	50	diamond	red	(645, 652)	low	no	no_dis	N	same	hori	left	True	63347	65127	left	1	1	20
4	wzh	f	19	1	50	circle	green	(565, 460)	high	dis	(724, 460)	N	dif	hori	left	True	66326	68088	left	1	1	21
4	wzh	f	19	1	50	circle	green	(724, 619)	low	no	no_dis	N	same	hori	left	True	69166	70424	left	1	1	22
4	wzh	f	19	1	50	diamond	red	(565, 460)	high	dis	(724, 460)	N	same	vert	up	True	71622	73863	up	1	1	23
4	wzh	f	19	1	50	circle	red	(565, 619)	low	dis	(645, 428)	N	dif	hori	left	True	74984	76335	left	1	1	24
4	wzh	f	19	1	50	circle	green	(724, 460)	low	dis	(565, 460)	Y	same	hori	left	True	77381	78688	left	1	1	25
4	wzh	f	19	1	50	diamond	green	(724, 460)	low	no	no_dis	N	same	hori	left	True	79693	80992	up	0	1	26
4	wzh	f	19	1	50	circle	red	(757, 540)	low	dis	(565, 460)	Y	same	vert	up	True	83741	86320	up	1	1	27
4	wzh	f	19	1	50	diamond	green	(565, 460)	high	dis	(565, 619)	N	dif	vert	up	True	87322	89336	up	1	1	28
4	wzh	f	19	1	50	diamond	green	(724, 460)	low	dis	(565, 619)	N	same	vert	up	True	90490	92087	up	1	1	29
4	wzh	f	19	1	50	circle	green	(724, 460)	low	dis	(565, 460)	Y	same	vert	up	True	93303	94479	up	1	1	30
4	wzh	f	19	1	50	diamond	green	(565, 619)	low	dis	(724, 619)	N	dif	vert	up	True	95599	97175	up	1	1	31
4	wzh	f	19	1	50	diamond	green	(565, 619)	low	no	no_dis	N	dif	hori	left	True	98364	99671	left	1	1	32
4	wzh	f	19	1	50	diamond	green	(565, 460)	high	dis	(533, 540)	N	dif	vert	up	True	100870	103431	left	0	1	33
4	wzh	f	19	1	50	circle	red	(565, 460)	high	dis	(565, 619)	N	dif	hori	left	True	106015	108935	left	1	1	34
4	wzh	f	19	1	50	circle	green	(565, 619)	low	dis	(565, 460)	Y	dif	hori	left	True	110001	111039	left	1	1	35
4	wzh	f	19	1	50	diamond	green	(565, 460)	high	no	no_dis	N	same	hori	left	True	112090	113592	left	1	1	36
4	wzh	f	19	1	50	diamond	green	(565, 460)	high	no	no_dis	N	same	hori	left	True	114832	116736	left	1	1	37
4	wzh	f	19	1	50	diamond	red	(565, 460)	high	dis	(533, 540)	N	same	hori	left	True	117934	119992	left	1	1	38
4	wzh	f	19	1	50	circle	green	(565, 460)	high	dis	(645, 652)	N	dif	hori	left	True	121174	123943	left	1	1	39
4	wzh	f	19	1	50	circle	green	(645, 652)	low	dis	(533, 540)	N	same	hori	left	True	125113	127615	left	1	1	40
4	wzh	f	19	1	50	diamond	red	(565, 460)	high	no	no_dis	N	dif	hori	left	True	128795	131591	left	1	1	41
4	wzh	f	19	1	50	diamond	red	(565, 460)	high	dis	(533, 540)	N	same	hori	left	True	132803	133847	left	1	1	42
4	wzh	f	19	1	50	diamond	green	(565, 460)	high	dis	(757, 540)	N	dif	hori	left	True	135036	136744	left	1	1	43
4	wzh	f	19	1	50	diamond	green	(565, 460)	high	dis	(645, 428)	N	same	vert	up	True	137863	139431	up	1	1	44
4	wzh	f	19	1	50	circle	red	(565, 460)	high	dis	(645, 652)	N	dif	vert	up	True	140527	143144	up	1	1	45
4	wzh	f	19	1	50	circle	green	(645, 652)	low	dis	(565, 460)	Y	dif	vert	up	True	144353	145807	up	1	1	46
4	wzh	f	19	1	50	diamond	red	(757, 540)	low	no	no_dis	N	dif	hori	left	True	146815	148343	left	1	1	47
4	wzh	f	19	1	50	circle	red	(565, 460)	high	dis	(565, 619)	N	dif	vert	up	True	149382	151856	up	1	1	48
4	wzh	f	19	1	50	circle	red	(565, 460)	high	no	no_dis	N	same	vert	up	True	152869	154591	up	1	1	49
4	wzh	f	19	1	50	circle	red	(645, 652)	low	dis	(645, 428)	N	same	hori	left	False	155718	None	None	0	1	50
4	wzh	f	19	1	50	circle	red	(565, 460)	high	dis	(724, 460)	N	same	vert	up	True	161339	163855	up	1	1	51
4	wzh	f	19	1	50	diamond	green	(757, 540)	low	dis	(565, 460)	Y	same	hori	left	True	164993	167824	left	1	1	52
4	wzh	f	19	1	50	diamond	red	(724, 460)	low	dis	(565, 460)	Y	same	hori	left	True	168997	170007	left	1	1	53
4	wzh	f	19	1	50	circle	green	(565, 460)	high	no	no_dis	N	dif	hori	left	True	171205	173031	up	0	1	54
4	wzh	f	19	1	50	diamond	green	(565, 460)	high	dis	(565, 619)	N	same	vert	up	True	175629	177344	up	1	1	55
4	wzh	f	19	1	50	diamond	red	(645, 428)	low	dis	(645, 652)	N	dif	vert	up	True	178485	179744	up	1	1	56
4	wzh	f	19	1	50	diamond	red	(565, 460)	high	dis	(724, 619)	N	same	vert	up	True	180853	182120	up	1	1	57
4	wzh	f	19	1	50	diamond	green	(565, 460)	high	no	no_dis	N	dif	vert	up	True	183244	184927	up	1	1	58
4	wzh	f	19	1	50	circle	red	(645, 652)	low	dis	(757, 540)	N	dif	vert	up	True	185985	187879	up	1	1	59
4	wzh	f	19	1	50	circle	red	(645, 428)	low	dis	(565, 460)	Y	dif	hori	left	True	188948	190679	left	1	1	60
4	wzh	f	19	1	50	circle	green	(757, 540)	low	dis	(565, 619)	N	dif	hori	left	True	191778	193295	left	1	1	61
4	wzh	f	19	1	50	circle	red	(724, 619)	low	no	no_dis	N	dif	vert	up	True	194317	196103	up	1	1	62
4	wzh	f	19	1	50	diamond	red	(565, 460)	high	no	no_dis	N	dif	vert	up	True	197273	198535	up	1	1	63
4	wzh	f	19	1	50	diamond	green	(565, 460)	high	dis	(757, 540)	N	same	vert	up	True	199579	201823	up	1	1	64
4	wzh	f	19	1	50	circle	red	(533, 540)	low	dis	(645, 652)	N	dif	hori	left	True	202976	204287	left	1	1	65
4	wzh	f	19	1	50	circle	red	(757, 540)	low	dis	(645, 652)	N	same	hori	left	True	205322	206215	left	1	1	66
4	wzh	f	19	1	50	diamond	red	(565, 619)	low	dis	(724, 460)	N	dif	hori	left	True	207446	208951	left	1	1	67
4	wzh	f	19	1	50	circle	green	(565, 460)	high	dis	(645, 652)	N	dif	hori	left	True	210173	211439	left	1	1	68
4	wzh	f	19	1	50	diamond	red	(565, 460)	high	dis	(645, 652)	N	same	hori	left	True	212571	214463	left	1	1	69
4	wzh	f	19	1	50	diamond	red	(565, 460)	high	no	no_dis	N	same	hori	left	True	215597	216407	left	1	1	70
4	wzh	f	19	1	50	diamond	green	(724, 619)	low	dis	(565, 460)	Y	same	vert	up	True	217607	219519	up	1	1	71
4	wzh	f	19	1	50	diamond	red	(565, 460)	high	no	no_dis	N	same	vert	up	True	220583	221711	up	1	1	72
4	wzh	f	19	1	50	circle	green	(565, 460)	high	no	no_dis	N	dif	vert	up	True	222936	223952	up	1	1	73
4	wzh	f	19	1	50	circle	red	(533, 540)	low	no	no_dis	N	same	hori	left	True	225087	226239	left	1	1	74
4	wzh	f	19	1	50	diamond	red	(645, 652)	low	dis	(724, 460)	N	same	vert	up	True	227269	228815	up	1	1	75
4	wzh	f	19	1	50	circle	red	(565, 460)	high	no	no_dis	N	dif	vert	up	True	229948	231047	up	1	1	76
4	wzh	f	19	1	50	circle	red	(565, 460)	high	dis	(724, 619)	N	same	vert	up	True	232283	234367	up	1	1	77
4	wzh	f	19	1	50	diamond	green	(565, 460)	high	dis	(757, 540)	N	dif	vert	up	True	235500	236631	up	1	1	78
4	wzh	f	19	1	50	diamond	green	(565, 460)	high	no	no_dis	N	same	vert	up	True	237783	238719	up	1	1	79
4	wzh	f	19	1	50	circle	red	(724, 460)	low	dis	(645, 652)	N	same	vert	up	True	239789	241560	up	1	1	80
4	wzh	f	19	1	50	circle	green	(565, 460)	high	dis	(724, 619)	N	same	hori	left	True	242691	243920	left	1	1	81
4	wzh	f	19	1	50	diamond	green	(533, 540)	low	dis	(645, 428)	N	dif	vert	up	True	244933	246079	up	1	1	82
4	wzh	f	19	1	50	diamond	red	(565, 460)	high	dis	(724, 619)	N	dif	vert	up	True	247287	248095	up	1	1	83
4	wzh	f	19	1	50	circle	red	(724, 619)	low	dis	(533, 540)	N	dif	vert	up	True	249155	250119	up	1	1	84
4	wzh	f	19	1	50	circle	red	(565, 460)	high	dis	(645, 428)	N	same	vert	up	True	251159	252552	up	1	1	85
4	wzh	f	19	1	50	diamond	green	(533, 540)	low	dis	(757, 540)	N	same	hori	left	True	253595	254831	left	1	1	86
4	wzh	f	19	1	50	diamond	green	(565, 460)	high	no	no_dis	N	dif	vert	up	True	255874	256551	up	1	1	87
4	wzh	f	19	1	50	circle	red	(565, 460)	high	dis	(724, 619)	N	dif	hori	left	True	257733	258527	up	0	1	88
4	wzh	f	19	1	50	diamond	green	(724, 460)	low	no	no_dis	N	same	vert	up	True	261054	262760	up	1	1	89
4	wzh	f	19	1	50	circle	green	(724, 619)	low	dis	(645, 428)	N	dif	hori	left	True	264011	266551	left	1	1	90
4	wzh	f	19	1	50	diamond	red	(533, 540)	low	no	no_dis	N	dif	vert	up	True	267663	268791	left	0	1	91
4	wzh	f	19	1	50	diamond	green	(533, 540)	low	dis	(724, 619)	N	same	vert	up	True	271408	273240	left	0	1	92
4	wzh	f	19	1	50	circle	green	(565, 460)	high	no	no_dis	N	same	vert	up	True	275801	277791	up	1	1	93
4	wzh	f	19	1	50	circle	red	(565, 619)	low	dis	(533, 540)	N	dif	hori	left	True	279002	280967	left	1	1	94
4	wzh	f	19	1	50	circle	green	(565, 619)	low	no	no_dis	N	same	vert	up	True	282019	283263	up	1	1	95
4	wzh	f	19	1	50	circle	green	(757, 540)	low	no	no_dis	N	same	vert	up	True	284422	286167	up	1	1	96
4	wzh	f	19	1	50	circle	red	(645, 428)	low	no	no_dis	N	dif	hori	left	True	287418	288320	left	1	1	97
4	wzh	f	19	1	50	circle	green	(565, 460)	high	dis	(757, 540)	N	same	hori	left	True	289559	290639	left	1	1	98
4	wzh	f	19	1	50	diamond	red	(565, 460)	high	dis	(533, 540)	N	same	vert	up	True	291740	292792	up	1	1	99
4	wzh	f	19	1	50	circle	red	(565, 460)	high	no	no_dis	N	same	hori	left	True	293849	294935	left	1	1	100
4	wzh	f	19	1	50	circle	green	(565, 460)	high	dis	(565, 619)	N	same	hori	left	True	296167	297727	left	1	1	101
4	wzh	f	19	1	50	diamond	green	(565, 460)	high	dis	(533, 540)	N	dif	vert	up	True	298954	300167	up	1	1	102
4	wzh	f	19	1	50	circle	green	(565, 460)	high	no	no_dis	N	same	hori	left	True	301386	302527	left	1	1	103
4	wzh	f	19	1	50	circle	green	(645, 428)	low	dis	(724, 619)	N	dif	vert	up	True	303665	304999	up	1	1	104
4	wzh	f	19	1	50	circle	red	(565, 619)	low	no	no_dis	N	dif	hori	left	True	306071	307255	up	0	1	105
4	wzh	f	19	1	50	circle	green	(565, 460)	high	no	no_dis	N	dif	hori	left	True	309916	310679	left	1	1	106
4	wzh	f	19	1	50	diamond	red	(565, 460)	high	dis	(645, 428)	N	dif	hori	left	True	311821	313455	left	1	1	107
4	wzh	f	19	1	50	circle	green	(645, 652)	low	no	no_dis	N	same	vert	up	True	314531	315784	up	1	1	108
4	wzh	f	19	1	50	diamond	red	(645, 428)	low	dis	(645, 652)	N	dif	hori	left	True	316830	318391	left	1	1	109
4	wzh	f	19	1	50	diamond	red	(757, 540)	low	dis	(565, 619)	N	same	vert	up	True	319555	320919	up	1	1	110
4	wzh	f	19	1	50	circle	green	(565, 460)	high	dis	(645, 428)	N	dif	vert	up	True	321935	323191	up	1	1	111
4	wzh	f	19	1	50	circle	red	(565, 460)	high	dis	(724, 460)	N	dif	vert	up	True	324316	325559	up	1	1	112
4	wzh	f	19	1	50	diamond	red	(724, 460)	low	no	no_dis	N	dif	vert	up	True	326684	328279	up	1	1	113
4	wzh	f	19	1	50	diamond	green	(757, 540)	low	dis	(724, 460)	N	dif	hori	left	True	329367	330551	left	1	1	114
4	wzh	f	19	1	50	circle	green	(645, 428)	low	no	no_dis	N	dif	vert	up	True	331741	332767	up	1	1	115
4	wzh	f	19	1	50	circle	green	(565, 460)	high	dis	(757, 540)	N	same	hori	left	True	333940	334863	left	1	1	116
4	wzh	f	19	1	50	diamond	green	(565, 460)	high	dis	(645, 428)	N	dif	hori	left	True	335928	337127	left	1	1	117
4	wzh	f	19	1	50	diamond	green	(565, 460)	high	dis	(565, 619)	N	same	hori	left	True	338302	339912	left	1	1	118
4	wzh	f	19	1	50	diamond	red	(565, 619)	low	dis	(757, 540)	N	same	hori	left	True	340972	342151	left	1	1	119
4	wzh	f	19	1	50	diamond	red	(565, 460)	high	dis	(533, 540)	N	dif	vert	up	True	343185	344391	up	1	1	120
4	wzh	f	19	1	50	diamond	red	(565, 619)	low	dis	(724, 460)	N	dif	vert	up	True	378727	380335	up	1	2	1
4	wzh	f	19	1	50	circle	green	(645, 652)	low	no	no_dis	N	dif	vert	up	True	381378	382272	up	1	2	2
4	wzh	f	19	1	50	circle	red	(565, 460)	high	dis	(533, 540)	N	dif	vert	up	True	383305	384616	up	1	2	3
4	wzh	f	19	1	50	circle	green	(645, 652)	low	dis	(645, 428)	N	same	hori	left	True	385768	386791	left	1	2	4
4	wzh	f	19	1	50	diamond	red	(565, 460)	high	no	no_dis	N	dif	hori	left	True	387969	388855	left	1	2	5
4	wzh	f	19	1	50	diamond	red	(565, 460)	high	dis	(565, 619)	N	dif	hori	left	True	389963	390943	left	1	2	6
4	wzh	f	19	1	50	diamond	red	(645, 652)	low	dis	(645, 428)	N	dif	vert	up	True	391976	393247	up	1	2	7
4	wzh	f	19	1	50	circle	green	(565, 460)	high	dis	(565, 619)	N	same	hori	left	True	394271	395127	left	1	2	8
4	wzh	f	19	1	50	diamond	red	(565, 460)	high	dis	(533, 540)	N	same	vert	up	True	396207	397127	up	1	2	9
4	wzh	f	19	1	50	circle	red	(565, 460)	high	dis	(757, 540)	N	same	hori	left	True	398318	399063	left	1	2	10
4	wzh	f	19	1	50	circle	red	(645, 652)	low	dis	(724, 619)	N	same	vert	up	True	400200	401007	up	1	2	11
4	wzh	f	19	1	50	diamond	red	(565, 460)	high	dis	(645, 652)	N	same	vert	up	True	402068	403975	left	0	2	12
4	wzh	f	19	1	50	circle	green	(757, 540)	low	no	no_dis	N	same	vert	up	True	406677	408111	up	1	2	13
4	wzh	f	19	1	50	circle	green	(565, 460)	high	no	no_dis	N	same	vert	up	True	409247	410431	up	1	2	14
4	wzh	f	19	1	50	diamond	green	(565, 460)	high	dis	(757, 540)	N	same	vert	up	True	411485	413055	up	1	2	15
4	wzh	f	19	1	50	diamond	red	(533, 540)	low	dis	(757, 540)	N	same	vert	up	True	414089	415055	up	1	2	16
4	wzh	f	19	1	50	circle	red	(565, 619)	low	dis	(565, 460)	Y	same	hori	left	True	416202	417159	left	1	2	17
4	wzh	f	19	1	50	circle	green	(565, 460)	high	no	no_dis	N	dif	vert	up	True	418169	419351	up	1	2	18
4	wzh	f	19	1	50	diamond	green	(565, 619)	low	dis	(757, 540)	N	dif	vert	up	True	420360	422879	up	1	2	19
4	wzh	f	19	1	50	diamond	green	(565, 460)	high	dis	(533, 540)	N	same	hori	left	True	424006	424887	left	1	2	20
4	wzh	f	19	1	50	circle	green	(565, 460)	high	no	no_dis	N	same	vert	up	True	426048	427607	up	1	2	21
4	wzh	f	19	1	50	diamond	green	(565, 460)	high	no	no_dis	N	dif	vert	up	True	428685	429959	up	1	2	22
4	wzh	f	19	1	50	circle	red	(565, 460)	high	dis	(724, 619)	N	dif	hori	left	True	431028	431799	left	1	2	23
4	wzh	f	19	1	50	diamond	red	(645, 428)	low	no	no_dis	N	dif	hori	left	True	432829	433911	left	1	2	24
4	wzh	f	19	1	50	circle	red	(565, 460)	high	dis	(645, 652)	N	same	hori	left	True	434964	436071	up	0	2	25
4	wzh	f	19	1	50	circle	red	(565, 460)	high	dis	(645, 652)	N	dif	vert	up	True	438652	439863	up	1	2	26
4	wzh	f	19	1	50	diamond	green	(565, 460)	high	dis	(724, 619)	N	same	hori	left	True	440866	442863	left	1	2	27
4	wzh	f	19	1	50	circle	green	(724, 460)	low	no	no_dis	N	dif	vert	up	True	443871	444919	up	1	2	28
4	wzh	f	19	1	50	circle	green	(533, 540)	low	no	no_dis	N	dif	vert	up	True	446013	447239	up	1	2	29
4	wzh	f	19	1	50	circle	green	(724, 460)	low	dis	(533, 540)	N	dif	hori	left	True	448471	449903	left	1	2	30
4	wzh	f	19	1	50	diamond	green	(565, 460)	high	dis	(724, 460)	N	dif	hori	left	True	451149	452231	left	1	2	31
4	wzh	f	19	1	50	diamond	green	(565, 460)	high	no	no_dis	N	dif	hori	left	True	453478	454767	up	0	2	32
4	wzh	f	19	1	50	circle	green	(565, 460)	high	dis	(757, 540)	N	same	hori	left	True	457307	458719	left	1	2	33
4	wzh	f	19	1	50	diamond	green	(565, 460)	high	no	no_dis	N	dif	hori	left	True	459960	461479	left	1	2	34
4	wzh	f	19	1	50	circle	red	(757, 540)	low	dis	(645, 652)	N	same	hori	left	True	462629	463807	left	1	2	35
4	wzh	f	19	1	50	circle	green	(565, 460)	high	dis	(757, 540)	N	dif	vert	up	True	464854	465751	up	1	2	36
4	wzh	f	19	1	50	circle	red	(565, 460)	high	no	no_dis	N	dif	vert	up	True	466947	467839	up	1	2	37
4	wzh	f	19	1	50	circle	green	(724, 460)	low	dis	(565, 460)	Y	same	hori	left	True	468947	470023	left	1	2	38
4	wzh	f	19	1	50	circle	red	(565, 460)	high	no	no_dis	N	dif	vert	up	True	471137	472895	up	1	2	39
4	wzh	f	19	1	50	circle	red	(565, 619)	low	no	no_dis	N	same	hori	left	True	474068	475071	left	1	2	40
4	wzh	f	19	1	50	circle	red	(724, 619)	low	no	no_dis	N	same	hori	left	True	476136	476919	left	1	2	41
4	wzh	f	19	1	50	diamond	green	(533, 540)	low	dis	(565, 460)	Y	same	hori	left	True	477921	479063	left	1	2	42
4	wzh	f	19	1	50	diamond	green	(565, 460)	high	dis	(645, 652)	N	same	vert	up	True	480091	481359	up	1	2	43
4	wzh	f	19	1	50	circle	red	(724, 460)	low	dis	(565, 460)	Y	dif	hori	left	True	482474	483623	left	1	2	44
4	wzh	f	19	1	50	diamond	red	(565, 460)	high	dis	(724, 619)	N	dif	hori	left	True	484824	486216	left	1	2	45
4	wzh	f	19	1	50	diamond	red	(565, 460)	high	dis	(724, 460)	N	dif	hori	left	True	487408	488919	left	1	2	46
4	wzh	f	19	1	50	diamond	green	(533, 540)	low	dis	(565, 619)	N	same	vert	up	True	489922	491735	up	1	2	47
4	wzh	f	19	1	50	circle	green	(533, 540)	low	no	no_dis	N	same	hori	left	True	492822	494695	left	1	2	48
4	wzh	f	19	1	50	circle	green	(565, 460)	high	no	no_dis	N	same	vert	up	True	495894	496775	up	1	2	49
4	wzh	f	19	1	50	circle	green	(565, 460)	high	dis	(724, 460)	N	dif	hori	left	True	497988	499031	left	1	2	50
4	wzh	f	19	1	50	diamond	green	(533, 540)	low	dis	(645, 428)	N	same	vert	up	True	500236	501303	up	1	2	51
4	wzh	f	19	1	50	circle	red	(645, 652)	low	dis	(565, 619)	N	dif	hori	left	True	502466	503679	left	1	2	52
4	wzh	f	19	1	50	circle	red	(533, 540)	low	dis	(645, 652)	N	dif	vert	up	True	504763	505911	up	1	2	53
4	wzh	f	19	1	50	circle	green	(565, 460)	high	dis	(724, 460)	N	same	vert	up	True	507115	507943	up	1	2	54
4	wzh	f	19	1	50	diamond	green	(645, 428)	low	dis	(565, 619)	N	dif	hori	left	True	509101	510087	left	1	2	55
4	wzh	f	19	1	50	diamond	green	(724, 619)	low	dis	(724, 460)	N	same	hori	left	True	511229	512511	left	1	2	56
4	wzh	f	19	1	50	diamond	green	(565, 460)	high	dis	(565, 619)	N	same	hori	left	True	513560	514855	left	1	2	57
4	wzh	f	19	1	50	diamond	red	(645, 652)	low	no	no_dis	N	same	hori	left	True	516026	517375	left	1	2	58
4	wzh	f	19	1	50	diamond	green	(565, 619)	low	no	no_dis	N	same	vert	up	True	518489	519575	up	1	2	59
4	wzh	f	19	1	50	circle	green	(565, 460)	high	dis	(724, 619)	N	dif	hori	left	True	520606	522119	left	1	2	60
4	wzh	f	19	1	50	diamond	red	(724, 460)	low	dis	(565, 460)	Y	same	vert	up	True	523183	524239	up	1	2	61
4	wzh	f	19	1	50	circle	green	(565, 619)	low	dis	(724, 460)	N	dif	hori	left	True	525267	526391	left	1	2	62
4	wzh	f	19	1	50	diamond	green	(645, 428)	low	no	no_dis	N	dif	hori	left	True	527482	528375	left	1	2	63
4	wzh	f	19	1	50	circle	red	(565, 619)	low	dis	(565, 460)	Y	same	hori	left	True	529570	530607	left	1	2	64
4	wzh	f	19	1	50	diamond	red	(757, 540)	low	no	no_dis	N	same	hori	left	True	531734	532743	left	1	2	65
4	wzh	f	19	1	50	diamond	red	(565, 460)	high	no	no_dis	N	same	hori	left	True	533790	534999	left	1	2	66
4	wzh	f	19	1	50	diamond	red	(565, 460)	high	no	no_dis	N	same	vert	up	True	536033	537063	up	1	2	67
4	wzh	f	19	1	50	diamond	red	(645, 428)	low	dis	(645, 652)	N	dif	vert	up	True	538271	539167	up	1	2	68
4	wzh	f	19	1	50	diamond	green	(757, 540)	low	dis	(724, 619)	N	dif	vert	up	True	540219	541727	up	1	2	69
4	wzh	f	19	1	50	circle	green	(533, 540)	low	dis	(565, 619)	N	dif	vert	up	True	542848	543871	up	1	2	70
4	wzh	f	19	1	50	circle	green	(565, 460)	high	dis	(757, 540)	N	same	vert	up	True	545050	546143	up	1	2	71
4	wzh	f	19	1	50	circle	red	(565, 460)	high	no	no_dis	N	dif	hori	left	True	547171	548167	left	1	2	72
4	wzh	f	19	1	50	diamond	red	(724, 619)	low	dis	(565, 460)	Y	dif	hori	left	True	549342	550335	left	1	2	73
4	wzh	f	19	1	50	circle	red	(565, 460)	high	dis	(645, 428)	N	same	vert	up	True	551354	552631	up	1	2	74
4	wzh	f	19	1	50	diamond	green	(724, 619)	low	dis	(565, 460)	Y	same	vert	up	True	553747	554671	up	1	2	75
4	wzh	f	19	1	50	diamond	green	(724, 619)	low	no	no_dis	N	dif	hori	left	True	555849	557087	left	1	2	76
4	wzh	f	19	1	50	diamond	red	(724, 619)	low	dis	(533, 540)	N	dif	hori	left	True	558231	559007	left	1	2	77
4	wzh	f	19	1	50	circle	green	(724, 460)	low	dis	(533, 540)	N	same	vert	up	True	560082	561199	up	1	2	78
4	wzh	f	19	1	50	diamond	red	(565, 619)	low	no	no_dis	N	dif	hori	left	True	562349	563279	left	1	2	79
4	wzh	f	19	1	50	diamond	green	(565, 460)	high	dis	(724, 619)	N	dif	vert	up	True	564525	566175	up	1	2	80
4	wzh	f	19	1	50	circle	red	(565, 460)	high	no	no_dis	N	same	hori	left	True	567406	568071	left	1	2	81
4	wzh	f	19	1	50	circle	green	(565, 460)	high	no	no_dis	N	same	hori	left	True	569267	569959	left	1	2	82
4	wzh	f	19	1	50	circle	green	(565, 460)	high	dis	(533, 540)	N	dif	vert	up	True	571163	571895	up	1	2	83
4	wzh	f	19	1	50	diamond	green	(565, 460)	high	no	no_dis	N	dif	hori	left	True	572923	574063	left	1	2	84
4	wzh	f	19	1	50	circle	red	(533, 540)	low	no	no_dis	N	same	vert	up	True	575149	576071	up	1	2	85
4	wzh	f	19	1	50	circle	red	(565, 460)	high	dis	(645, 428)	N	dif	hori	left	True	577205	579383	left	1	2	86
4	wzh	f	19	1	50	diamond	red	(757, 540)	low	dis	(645, 652)	N	same	hori	left	True	580413	582071	left	1	2	87
4	wzh	f	19	1	50	circle	green	(645, 652)	low	dis	(724, 619)	N	dif	vert	up	True	583291	585095	up	1	2	88
4	wzh	f	19	1	50	diamond	red	(565, 460)	high	dis	(645, 652)	N	dif	hori	left	True	586133	587063	left	1	2	89
4	wzh	f	19	1	50	circle	red	(565, 460)	high	no	no_dis	N	same	hori	left	True	588232	589423	left	1	2	90
4	wzh	f	19	1	50	diamond	red	(565, 460)	high	no	no_dis	N	dif	vert	up	True	590596	591351	up	1	2	91
4	wzh	f	19	1	50	diamond	green	(645, 652)	low	dis	(565, 460)	Y	same	hori	left	True	592468	593567	left	1	2	92
4	wzh	f	19	1	50	diamond	green	(565, 460)	high	no	no_dis	N	same	vert	up	True	594762	595895	up	1	2	93
4	wzh	f	19	1	50	diamond	red	(645, 428)	low	dis	(533, 540)	N	same	hori	left	True	596966	598143	left	1	2	94
4	wzh	f	19	1	50	diamond	green	(724, 460)	low	no	no_dis	N	dif	hori	left	True	599316	600887	left	1	2	95
4	wzh	f	19	1	50	circle	green	(565, 460)	high	dis	(645, 428)	N	same	hori	left	True	601991	603175	left	1	2	96
4	wzh	f	19	1	50	circle	green	(565, 460)	high	dis	(645, 652)	N	dif	vert	up	True	604241	605559	up	1	2	97
4	wzh	f	19	1	50	diamond	green	(565, 460)	high	dis	(565, 619)	N	dif	vert	up	True	606705	607495	up	1	2	98
4	wzh	f	19	1	50	circle	red	(565, 460)	high	dis	(533, 540)	N	dif	vert	up	True	608636	611079	up	1	2	99
4	wzh	f	19	1	50	diamond	red	(565, 460)	high	dis	(645, 428)	N	dif	vert	up	True	612297	613783	up	1	2	100
4	wzh	f	19	1	50	diamond	green	(724, 460)	low	dis	(757, 540)	N	dif	hori	left	True	614942	617479	left	1	2	101
4	wzh	f	19	1	50	diamond	red	(565, 460)	high	dis	(533, 540)	N	same	hori	left	True	618627	620071	left	1	2	102
4	wzh	f	19	1	50	diamond	green	(565, 460)	high	dis	(757, 540)	N	same	vert	up	True	621173	622207	up	1	2	103
4	wzh	f	19	1	50	circle	red	(724, 619)	low	dis	(757, 540)	N	dif	hori	left	True	623339	624951	left	1	2	104
4	wzh	f	19	1	50	circle	red	(645, 428)	low	dis	(724, 619)	N	same	vert	up	True	626002	626751	up	1	2	105
4	wzh	f	19	1	50	circle	green	(645, 428)	low	dis	(724, 460)	N	dif	hori	left	True	627899	629791	left	1	2	106
4	wzh	f	19	1	50	circle	red	(565, 460)	high	dis	(724, 460)	N	dif	hori	left	True	630890	631671	left	1	2	107
4	wzh	f	19	1	50	diamond	red	(565, 460)	high	no	no_dis	N	same	hori	left	True	632920	633919	left	1	2	108
4	wzh	f	19	1	50	diamond	red	(565, 460)	high	dis	(565, 619)	N	dif	vert	up	True	634944	635775	up	1	2	109
4	wzh	f	19	1	50	diamond	green	(757, 540)	low	no	no_dis	N	same	vert	up	True	636965	638119	up	1	2	110
4	wzh	f	19	1	50	diamond	red	(645, 428)	low	dis	(724, 619)	N	dif	vert	up	True	639197	640063	up	1	2	111
4	wzh	f	19	1	50	circle	red	(757, 540)	low	dis	(724, 460)	N	dif	vert	up	True	641133	642503	up	1	2	112
4	wzh	f	19	1	50	circle	red	(645, 652)	low	no	no_dis	N	dif	vert	up	True	643714	644567	up	1	2	113
4	wzh	f	19	1	50	circle	green	(757, 540)	low	dis	(645, 428)	N	same	vert	up	True	645575	646695	up	1	2	114
4	wzh	f	19	1	50	circle	green	(724, 619)	low	dis	(565, 460)	Y	same	vert	up	True	647763	649847	up	1	2	115
4	wzh	f	19	1	50	diamond	green	(565, 460)	high	dis	(565, 619)	N	same	vert	up	True	651076	652183	up	1	2	116
4	wzh	f	19	1	50	diamond	red	(565, 460)	high	dis	(645, 428)	N	same	vert	up	True	653281	654439	up	1	2	117
4	wzh	f	19	1	50	diamond	red	(724, 460)	low	no	no_dis	N	same	vert	up	True	655521	656495	up	1	2	118
4	wzh	f	19	1	50	circle	red	(724, 619)	low	no	no_dis	N	dif	vert	up	True	657720	658527	up	1	2	119
4	wzh	f	19	1	50	circle	red	(565, 460)	high	dis	(645, 428)	N	same	hori	left	True	659775	661407	left	1	2	120
4	wzh	f	19	1	50	diamond	green	(533, 540)	low	dis	(724, 460)	N	same	vert	up	True	697664	698983	up	1	3	1
4	wzh	f	19	1	50	circle	red	(565, 619)	low	no	no_dis	N	dif	hori	left	True	700233	700983	left	1	3	2
4	wzh	f	19	1	50	circle	green	(565, 460)	high	dis	(645, 428)	N	same	hori	left	True	702095	703127	left	1	3	3
4	wzh	f	19	1	50	circle	green	(645, 652)	low	dis	(565, 460)	Y	dif	hori	left	True	704333	705103	left	1	3	4
4	wzh	f	19	1	50	diamond	green	(565, 460)	high	no	no_dis	N	dif	hori	left	True	706180	707288	left	1	3	5
4	wzh	f	19	1	50	diamond	red	(645, 652)	low	no	no_dis	N	same	hori	left	True	708472	709255	left	1	3	6
4	wzh	f	19	1	50	circle	green	(645, 428)	low	dis	(565, 460)	Y	same	vert	up	True	710375	711551	up	1	3	7
4	wzh	f	19	1	50	circle	red	(724, 460)	low	dis	(533, 540)	N	dif	hori	left	True	712566	713319	left	1	3	8
4	wzh	f	19	1	50	diamond	red	(645, 652)	low	dis	(565, 460)	Y	same	vert	up	True	714535	715375	up	1	3	9
4	wzh	f	19	1	50	diamond	red	(565, 460)	high	dis	(645, 428)	N	dif	vert	up	True	716513	717799	up	1	3	10
4	wzh	f	19	1	50	diamond	green	(565, 460)	high	dis	(724, 460)	N	dif	vert	up	True	718956	721087	up	1	3	11
4	wzh	f	19	1	50	circle	green	(724, 619)	low	no	no_dis	N	dif	hori	left	True	722329	723183	left	1	3	12
4	wzh	f	19	1	50	diamond	red	(565, 460)	high	no	no_dis	N	dif	vert	up	True	724205	724927	up	1	3	13
4	wzh	f	19	1	50	circle	red	(757, 540)	low	no	no_dis	N	same	vert	up	True	725932	726831	up	1	3	14
4	wzh	f	19	1	50	circle	green	(565, 460)	high	dis	(724, 460)	N	dif	vert	up	True	727915	728912	up	1	3	15
4	wzh	f	19	1	50	circle	red	(757, 540)	low	no	no_dis	N	same	hori	left	True	729955	730719	left	1	3	16
4	wzh	f	19	1	50	circle	red	(565, 460)	high	dis	(757, 540)	N	same	hori	left	True	731899	732599	left	1	3	17
4	wzh	f	19	1	50	circle	green	(565, 460)	high	no	no_dis	N	same	vert	up	True	733663	734479	up	1	3	18
4	wzh	f	19	1	50	circle	green	(724, 619)	low	dis	(565, 460)	Y	same	vert	up	True	735677	736639	up	1	3	19
4	wzh	f	19	1	50	diamond	red	(565, 460)	high	no	no_dis	N	dif	vert	up	True	737702	739071	up	1	3	20
4	wzh	f	19	1	50	circle	red	(724, 460)	low	no	no_dis	N	same	hori	left	True	740291	740927	left	1	3	21
4	wzh	f	19	1	50	diamond	red	(565, 619)	low	dis	(757, 540)	N	same	vert	up	True	742058	743007	up	1	3	22
4	wzh	f	19	1	50	diamond	red	(645, 652)	low	dis	(724, 460)	N	same	hori	left	True	744073	745087	left	1	3	23
4	wzh	f	19	1	50	diamond	red	(724, 460)	low	no	no_dis	N	dif	vert	up	True	746131	746783	up	1	3	24
4	wzh	f	19	1	50	diamond	green	(565, 460)	high	no	no_dis	N	same	vert	up	True	747854	748783	up	1	3	25
4	wzh	f	19	1	50	circle	green	(724, 460)	low	dis	(533, 540)	N	same	hori	left	True	750018	751407	left	1	3	26
4	wzh	f	19	1	50	circle	green	(565, 460)	high	dis	(724, 619)	N	same	vert	up	True	752652	753615	up	1	3	27
4	wzh	f	19	1	50	circle	red	(565, 460)	high	no	no_dis	N	same	hori	left	True	754720	755847	left	1	3	28
4	wzh	f	19	1	50	diamond	green	(757, 540)	low	no	no_dis	N	dif	vert	up	True	757055	758159	up	1	3	29
4	wzh	f	19	1	50	circle	green	(565, 460)	high	dis	(724, 619)	N	same	vert	up	True	759246	759975	up	1	3	30
4	wzh	f	19	1	50	circle	green	(565, 619)	low	no	no_dis	N	dif	hori	left	True	761046	761863	left	1	3	31
4	wzh	f	19	1	50	diamond	red	(565, 460)	high	dis	(645, 652)	N	dif	hori	left	True	762977	764391	left	1	3	32
4	wzh	f	19	1	50	diamond	green	(565, 460)	high	dis	(724, 619)	N	same	hori	left	True	765610	766471	left	1	3	33
4	wzh	f	19	1	50	diamond	red	(565, 460)	high	dis	(533, 540)	N	dif	vert	up	True	767638	768391	up	1	3	34
4	wzh	f	19	1	50	circle	green	(757, 540)	low	dis	(645, 428)	N	same	hori	left	True	769611	770591	left	1	3	35
4	wzh	f	19	1	50	diamond	green	(533, 540)	low	no	no_dis	N	same	hori	left	True	771689	772559	left	1	3	36
4	wzh	f	19	1	50	circle	green	(565, 460)	high	no	no_dis	N	dif	hori	left	True	773606	774383	left	1	3	37
4	wzh	f	19	1	50	diamond	green	(565, 460)	high	dis	(533, 540)	N	dif	vert	up	True	775587	776743	up	1	3	38
4	wzh	f	19	1	50	diamond	red	(724, 619)	low	dis	(724, 460)	N	dif	hori	left	True	777906	779415	left	1	3	39
4	wzh	f	19	1	50	circle	red	(565, 460)	high	no	no_dis	N	dif	vert	up	True	780613	782127	up	1	3	40
4	wzh	f	19	1	50	diamond	red	(645, 428)	low	dis	(645, 652)	N	dif	vert	up	True	783298	784895	up	1	3	41
4	wzh	f	19	1	50	diamond	green	(565, 460)	high	no	no_dis	N	same	hori	left	True	786137	786951	left	1	3	42
4	wzh	f	19	1	50	diamond	red	(724, 460)	low	dis	(565, 460)	Y	same	vert	up	True	788188	789119	up	1	3	43
4	wzh	f	19	1	50	diamond	green	(565, 460)	high	no	no_dis	N	same	vert	up	True	790268	791415	up	1	3	44
4	wzh	f	19	1	50	diamond	green	(565, 460)	high	dis	(645, 428)	N	dif	hori	left	True	792418	793544	left	1	3	45
4	wzh	f	19	1	50	diamond	green	(565, 619)	low	dis	(645, 428)	N	same	hori	left	True	794653	796151	left	1	3	46
4	wzh	f	19	1	50	circle	red	(533, 540)	low	dis	(645, 428)	N	dif	hori	left	True	797229	798407	left	1	3	47
4	wzh	f	19	1	50	circle	green	(645, 652)	low	dis	(533, 540)	N	dif	vert	up	True	799443	800983	up	1	3	48
4	wzh	f	19	1	50	circle	green	(565, 460)	high	dis	(724, 460)	N	same	vert	up	True	802194	803095	up	1	3	49
4	wzh	f	19	1	50	circle	red	(565, 460)	high	no	no_dis	N	dif	hori	left	True	804260	805007	left	1	3	50
4	wzh	f	19	1	50	circle	red	(565, 460)	high	no	no_dis	N	same	vert	up	True	806046	807047	up	1	3	51
4	wzh	f	19	1	50	diamond	red	(565, 460)	high	no	no_dis	N	dif	hori	left	True	808132	809087	left	1	3	52
4	wzh	f	19	1	50	circle	red	(565, 460)	high	dis	(565, 619)	N	same	hori	left	True	810175	811103	left	1	3	53
4	wzh	f	19	1	50	diamond	green	(565, 460)	high	dis	(724, 619)	N	same	vert	up	True	812218	813847	up	1	3	54
4	wzh	f	19	1	50	diamond	red	(645, 428)	low	no	no_dis	N	dif	vert	up	True	815038	815670	up	1	3	55
4	wzh	f	19	1	50	circle	green	(565, 460)	high	dis	(645, 652)	N	dif	vert	up	True	816676	817734	up	1	3	56
4	wzh	f	19	1	50	diamond	green	(565, 460)	high	dis	(533, 540)	N	dif	hori	left	True	818943	820263	left	1	3	57
4	wzh	f	19	1	50	circle	green	(533, 540)	low	dis	(565, 619)	N	same	hori	left	True	821398	822583	left	1	3	58
4	wzh	f	19	1	50	diamond	green	(565, 460)	high	dis	(565, 619)	N	same	hori	left	True	823700	824975	left	1	3	59
4	wzh	f	19	1	50	circle	red	(533, 540)	low	dis	(565, 619)	N	dif	vert	up	True	825980	827063	up	1	3	60
4	wzh	f	19	1	50	diamond	red	(565, 460)	high	dis	(565, 619)	N	same	hori	left	True	828297	829558	left	1	3	61
4	wzh	f	19	1	50	circle	green	(565, 460)	high	no	no_dis	N	dif	hori	left	True	830561	831398	left	1	3	62
4	wzh	f	19	1	50	diamond	red	(565, 460)	high	dis	(724, 619)	N	dif	hori	left	True	832421	833239	left	1	3	63
4	wzh	f	19	1	50	diamond	red	(533, 540)	low	no	no_dis	N	same	hori	left	True	834270	835375	left	1	3	64
4	wzh	f	19	1	50	diamond	red	(645, 428)	low	no	no_dis	N	dif	hori	left	True	836503	837303	left	1	3	65
4	wzh	f	19	1	50	diamond	green	(565, 460)	high	dis	(645, 428)	N	dif	vert	up	True	838313	839159	up	1	3	66
4	wzh	f	19	1	50	circle	green	(645, 652)	low	no	no_dis	N	same	vert	up	True	840312	841415	up	1	3	67
4	wzh	f	19	1	50	circle	green	(565, 460)	high	no	no_dis	N	same	hori	left	True	842421	843191	left	1	3	68
4	wzh	f	19	1	50	diamond	red	(565, 460)	high	dis	(645, 428)	N	same	vert	up	True	844193	845006	up	1	3	69
4	wzh	f	19	1	50	circle	green	(565, 460)	high	dis	(565, 619)	N	dif	hori	left	True	846139	847687	up	0	3	70
4	wzh	f	19	1	50	circle	green	(565, 460)	high	dis	(533, 540)	N	same	vert	up	True	850237	853119	up	1	3	71
4	wzh	f	19	1	50	circle	red	(724, 619)	low	dis	(565, 460)	Y	dif	hori	left	True	854197	855055	left	1	3	72
4	wzh	f	19	1	50	circle	red	(565, 460)	high	dis	(645, 428)	N	same	hori	left	True	856080	856887	left	1	3	73
4	wzh	f	19	1	50	circle	green	(565, 460)	high	no	no_dis	N	same	hori	left	True	858020	859175	left	1	3	74
4	wzh	f	19	1	50	diamond	red	(565, 460)	high	no	no_dis	N	dif	vert	up	True	860257	861183	up	1	3	75
4	wzh	f	19	1	50	diamond	green	(757, 540)	low	dis	(724, 619)	N	dif	hori	left	True	862285	863343	left	1	3	76
4	wzh	f	19	1	50	circle	green	(645, 428)	low	dis	(645, 652)	N	same	hori	left	True	864476	866007	left	1	3	77
4	wzh	f	19	1	50	diamond	green	(724, 619)	low	dis	(565, 460)	Y	same	vert	up	True	867120	868271	left	0	3	78
4	wzh	f	19	1	50	circle	red	(565, 619)	low	dis	(645, 428)	N	dif	vert	up	True	871010	872135	up	1	3	79
4	wzh	f	19	1	50	circle	red	(565, 460)	high	dis	(645, 652)	N	dif	vert	up	True	873154	874231	up	1	3	80
4	wzh	f	19	1	50	diamond	green	(724, 460)	low	dis	(565, 619)	N	same	hori	left	True	875324	876031	left	1	3	81
4	wzh	f	19	1	50	diamond	green	(645, 428)	low	dis	(565, 619)	N	dif	vert	up	True	877195	878919	up	1	3	82
4	wzh	f	19	1	50	diamond	red	(565, 460)	high	dis	(724, 619)	N	same	hori	left	True	880136	881823	left	1	3	83
4	wzh	f	19	1	50	diamond	red	(533, 540)	low	dis	(757, 540)	N	same	hori	left	True	883030	883967	left	1	3	84
4	wzh	f	19	1	50	diamond	red	(724, 619)	low	dis	(645, 652)	N	same	vert	up	True	885173	886358	up	1	3	85
4	wzh	f	19	1	50	circle	red	(757, 540)	low	dis	(724, 619)	N	same	vert	up	True	887586	888655	up	1	3	86
4	wzh	f	19	1	50	diamond	green	(565, 619)	low	dis	(565, 460)	Y	dif	hori	left	True	889803	891063	left	1	3	87
4	wzh	f	19	1	50	diamond	green	(724, 460)	low	no	no_dis	N	dif	hori	left	True	892187	893127	left	1	3	88
4	wzh	f	19	1	50	diamond	green	(565, 619)	low	no	no_dis	N	dif	vert	up	True	894347	895303	up	1	3	89
4	wzh	f	19	1	50	diamond	red	(565, 460)	high	dis	(565, 619)	N	same	vert	up	True	896543	897478	up	1	3	90
4	wzh	f	19	1	50	circle	red	(757, 540)	low	dis	(565, 619)	N	same	vert	up	True	898672	899903	up	1	3	91
4	wzh	f	19	1	50	diamond	green	(645, 652)	low	dis	(565, 460)	Y	dif	hori	left	True	901021	901847	left	1	3	92
4	wzh	f	19	1	50	circle	red	(533, 540)	low	no	no_dis	N	same	vert	up	True	902962	903831	up	1	3	93
4	wzh	f	19	1	50	diamond	red	(565, 460)	high	no	no_dis	N	same	vert	up	True	905070	905791	up	1	3	94
4	wzh	f	19	1	50	circle	red	(645, 652)	low	dis	(724, 460)	N	dif	hori	left	True	906999	907895	left	1	3	95
4	wzh	f	19	1	50	circle	green	(724, 619)	low	no	no_dis	N	same	vert	up	True	909088	910503	up	1	3	96
4	wzh	f	19	1	50	circle	green	(645, 652)	low	no	no_dis	N	same	vert	up	True	911740	912671	up	1	3	97
4	wzh	f	19	1	50	diamond	red	(565, 460)	high	dis	(724, 460)	N	dif	vert	up	True	913875	914607	up	1	3	98
4	wzh	f	19	1	50	diamond	red	(565, 460)	high	dis	(757, 540)	N	same	vert	up	True	915725	918295	up	1	3	99
4	wzh	f	19	1	50	circle	green	(565, 619)	low	dis	(565, 460)	Y	dif	vert	up	True	919509	920399	up	1	3	100
4	wzh	f	19	1	50	circle	red	(645, 428)	low	dis	(757, 540)	N	dif	vert	up	True	921623	922607	up	1	3	101
4	wzh	f	19	1	50	circle	red	(565, 460)	high	dis	(757, 540)	N	same	hori	left	True	923796	924647	left	1	3	102
4	wzh	f	19	1	50	circle	red	(565, 460)	high	dis	(757, 540)	N	dif	hori	left	True	925735	926623	left	1	3	103
4	wzh	f	19	1	50	circle	green	(565, 460)	high	dis	(757, 540)	N	same	vert	up	True	927741	928942	up	1	3	104
4	wzh	f	19	1	50	diamond	green	(757, 540)	low	dis	(533, 540)	N	same	hori	left	True	930195	930991	left	1	3	105
4	wzh	f	19	1	50	circle	red	(565, 460)	high	dis	(533, 540)	N	same	vert	up	True	932132	933639	up	1	3	106
4	wzh	f	19	1	50	diamond	red	(757, 540)	low	dis	(724, 619)	N	dif	vert	up	True	934803	935727	up	1	3	107
4	wzh	f	19	1	50	diamond	green	(565, 460)	high	dis	(645, 652)	N	dif	hori	left	True	936760	937687	left	1	3	108
4	wzh	f	19	1	50	circle	green	(565, 460)	high	dis	(724, 460)	N	dif	hori	left	True	938861	940159	left	1	3	109
4	wzh	f	19	1	50	diamond	green	(645, 428)	low	no	no_dis	N	dif	vert	up	True	941316	942079	up	1	3	110
4	wzh	f	19	1	50	diamond	red	(645, 428)	low	dis	(757, 540)	N	dif	hori	left	True	943167	944215	left	1	3	111
4	wzh	f	19	1	50	circle	red	(565, 460)	high	dis	(645, 652)	N	same	hori	left	True	945277	946087	left	1	3	112
4	wzh	f	19	1	50	circle	green	(724, 460)	low	dis	(645, 652)	N	same	hori	left	True	947166	947919	left	1	3	113
4	wzh	f	19	1	50	diamond	green	(565, 460)	high	dis	(757, 540)	N	dif	hori	left	True	948953	949703	left	1	3	114
4	wzh	f	19	1	50	diamond	green	(533, 540)	low	dis	(724, 619)	N	dif	vert	up	True	950944	951911	up	1	3	115
4	wzh	f	19	1	50	circle	red	(565, 460)	high	dis	(533, 540)	N	dif	hori	left	True	953101	954127	left	1	3	116
4	wzh	f	19	1	50	circle	red	(565, 619)	low	dis	(645, 652)	N	dif	vert	up	True	955334	956631	up	1	3	117
4	wzh	f	19	1	50	diamond	green	(565, 460)	high	no	no_dis	N	dif	vert	up	True	957721	958823	up	1	3	118
4	wzh	f	19	1	50	circle	red	(565, 460)	high	no	no_dis	N	same	hori	left	True	959891	960583	left	1	3	119
4	wzh	f	19	1	50	circle	red	(565, 460)	high	dis	(724, 460)	N	dif	vert	up	True	961832	963279	up	1	3	120
4	wzh	f	19	1	50	circle	red	(565, 460)	high	dis	(645, 428)	N	dif	vert	up	True	1004232	1005255	up	1	4	1
4	wzh	f	19	1	50	diamond	green	(565, 460)	high	no	no_dis	N	same	hori	left	True	1006430	1007175	left	1	4	2
4	wzh	f	19	1	50	diamond	green	(565, 460)	high	dis	(533, 540)	N	same	hori	left	True	1008348	1009079	left	1	4	3
4	wzh	f	19	1	50	diamond	green	(565, 619)	low	dis	(645, 652)	N	same	vert	up	True	1010253	1011591	up	1	4	4
4	wzh	f	19	1	50	diamond	red	(533, 540)	low	dis	(724, 460)	N	same	hori	left	True	1012840	1013822	left	1	4	5
4	wzh	f	19	1	50	diamond	green	(565, 460)	high	dis	(533, 540)	N	dif	vert	up	True	1014988	1015871	up	1	4	6
4	wzh	f	19	1	50	diamond	green	(565, 460)	high	dis	(757, 540)	N	same	vert	up	True	1016930	1017630	up	1	4	7
4	wzh	f	19	1	50	circle	red	(565, 460)	high	dis	(724, 619)	N	dif	hori	left	True	1018769	1019654	left	1	4	8
4	wzh	f	19	1	50	circle	red	(565, 460)	high	dis	(724, 619)	N	same	vert	up	True	1020707	1021663	left	0	4	9
4	wzh	f	19	1	50	diamond	red	(565, 460)	high	no	no_dis	N	dif	hori	left	True	1024192	1024935	left	1	4	10
4	wzh	f	19	1	50	diamond	green	(565, 460)	high	no	no_dis	N	same	vert	up	True	1026142	1026855	up	1	4	11
4	wzh	f	19	1	50	circle	red	(565, 460)	high	dis	(757, 540)	N	same	hori	left	True	1027980	1028703	left	1	4	12
4	wzh	f	19	1	50	circle	green	(565, 619)	low	no	no_dis	N	same	hori	left	True	1029757	1030630	left	1	4	13
4	wzh	f	19	1	50	circle	green	(565, 460)	high	dis	(645, 428)	N	dif	hori	left	True	1031783	1033558	left	1	4	14
4	wzh	f	19	1	50	circle	green	(757, 540)	low	dis	(565, 460)	Y	same	vert	up	True	1034796	1036310	up	1	4	15
4	wzh	f	19	1	50	diamond	red	(724, 619)	low	no	no_dis	N	same	hori	left	True	1037522	1038711	left	1	4	16
4	wzh	f	19	1	50	circle	red	(645, 652)	low	dis	(565, 460)	Y	dif	hori	left	True	1039815	1040983	left	1	4	17
4	wzh	f	19	1	50	circle	green	(724, 460)	low	dis	(757, 540)	N	dif	hori	left	True	1042095	1042791	left	1	4	18
4	wzh	f	19	1	50	diamond	red	(565, 460)	high	dis	(757, 540)	N	same	hori	left	True	1043835	1044767	left	1	4	19
4	wzh	f	19	1	50	circle	green	(645, 428)	low	dis	(757, 540)	N	same	vert	up	True	1046017	1047023	up	1	4	20
4	wzh	f	19	1	50	diamond	red	(724, 619)	low	dis	(565, 460)	Y	same	hori	left	True	1048054	1048822	up	0	4	21
4	wzh	f	19	1	50	circle	red	(645, 428)	low	dis	(724, 619)	N	same	vert	up	True	1051532	1053671	up	1	4	22
4	wzh	f	19	1	50	diamond	red	(757, 540)	low	dis	(645, 652)	N	dif	vert	up	True	1054783	1056271	up	1	4	23
4	wzh	f	19	1	50	diamond	red	(645, 428)	low	dis	(533, 540)	N	same	vert	up	True	1057322	1058215	up	1	4	24
4	wzh	f	19	1	50	circle	green	(724, 619)	low	dis	(565, 619)	N	dif	vert	up	True	1059406	1060518	up	1	4	25
4	wzh	f	19	1	50	circle	red	(565, 460)	high	no	no_dis	N	dif	vert	up	True	1061581	1064039	up	1	4	26
4	wzh	f	19	1	50	diamond	green	(565, 619)	low	no	no_dis	N	dif	hori	left	True	1065240	1066151	left	1	4	27
4	wzh	f	19	1	50	diamond	red	(565, 460)	high	dis	(565, 619)	N	dif	vert	up	True	1067357	1069599	up	1	4	28
4	wzh	f	19	1	50	circle	green	(645, 652)	low	dis	(565, 619)	N	same	hori	left	True	1070679	1071647	left	1	4	29
4	wzh	f	19	1	50	diamond	green	(565, 460)	high	dis	(724, 460)	N	dif	vert	up	True	1072783	1074735	left	0	4	30
4	wzh	f	19	1	50	circle	green	(565, 460)	high	dis	(724, 460)	N	dif	hori	left	True	1077330	1079791	left	1	4	31
4	wzh	f	19	1	50	circle	red	(757, 540)	low	dis	(645, 428)	N	dif	hori	left	True	1080909	1081887	left	1	4	32
4	wzh	f	19	1	50	diamond	green	(724, 619)	low	dis	(724, 460)	N	dif	hori	left	True	1082930	1084094	left	1	4	33
4	wzh	f	19	1	50	circle	green	(724, 460)	low	no	no_dis	N	same	vert	up	True	1085157	1086110	up	1	4	34
4	wzh	f	19	1	50	diamond	green	(565, 460)	high	no	no_dis	N	same	hori	left	True	1087231	1088039	left	1	4	35
4	wzh	f	19	1	50	circle	green	(724, 460)	low	dis	(757, 540)	N	dif	hori	left	True	1089201	1089926	left	1	4	36
4	wzh	f	19	1	50	diamond	red	(757, 540)	low	no	no_dis	N	same	vert	up	True	1090964	1091662	up	1	4	37
4	wzh	f	19	1	50	circle	red	(645, 652)	low	no	no_dis	N	dif	hori	left	True	1092850	1093702	left	1	4	38
4	wzh	f	19	1	50	circle	red	(757, 540)	low	no	no_dis	N	dif	vert	up	True	1094778	1095551	up	1	4	39
4	wzh	f	19	1	50	circle	green	(565, 460)	high	dis	(724, 460)	N	same	vert	up	True	1096680	1097567	up	1	4	40
4	wzh	f	19	1	50	circle	red	(565, 460)	high	no	no_dis	N	same	vert	up	True	1098763	1099439	up	1	4	41
4	wzh	f	19	1	50	diamond	green	(565, 460)	high	dis	(645, 652)	N	dif	hori	left	True	1100675	1101559	left	1	4	42
4	wzh	f	19	1	50	diamond	green	(565, 460)	high	dis	(645, 652)	N	dif	hori	left	True	1102780	1103575	left	1	4	43
4	wzh	f	19	1	50	diamond	red	(645, 428)	low	dis	(565, 460)	Y	dif	vert	up	True	1104814	1105710	up	1	4	44
4	wzh	f	19	1	50	diamond	green	(565, 460)	high	dis	(645, 652)	N	dif	vert	up	True	1106948	1109614	up	1	4	45
4	wzh	f	19	1	50	circle	green	(565, 460)	high	no	no_dis	N	dif	hori	left	True	1110641	1111638	left	1	4	46
4	wzh	f	19	1	50	diamond	green	(757, 540)	low	dis	(565, 460)	Y	same	vert	up	True	1112807	1114071	up	1	4	47
4	wzh	f	19	1	50	diamond	red	(645, 428)	low	dis	(565, 460)	Y	same	hori	left	True	1115224	1116103	left	1	4	48
4	wzh	f	19	1	50	diamond	red	(724, 460)	low	dis	(645, 652)	N	same	hori	left	True	1117227	1118151	left	1	4	49
4	wzh	f	19	1	50	circle	red	(757, 540)	low	dis	(724, 460)	N	dif	hori	left	True	1119363	1120127	left	1	4	50
4	wzh	f	19	1	50	diamond	green	(565, 460)	high	dis	(724, 619)	N	dif	hori	left	True	1121165	1121927	left	1	4	51
4	wzh	f	19	1	50	diamond	green	(565, 460)	high	no	no_dis	N	same	hori	left	True	1123131	1123823	left	1	4	52
4	wzh	f	19	1	50	circle	green	(645, 428)	low	no	no_dis	N	dif	vert	up	True	1125069	1125943	up	1	4	53
4	wzh	f	19	1	50	diamond	red	(565, 460)	high	dis	(645, 652)	N	same	vert	up	True	1127178	1127871	up	1	4	54
4	wzh	f	19	1	50	diamond	red	(565, 619)	low	dis	(565, 460)	Y	dif	hori	left	True	1129024	1129975	left	1	4	55
4	wzh	f	19	1	50	circle	green	(565, 460)	high	no	no_dis	N	same	hori	left	True	1131013	1131734	left	1	4	56
4	wzh	f	19	1	50	diamond	red	(565, 460)	high	dis	(565, 619)	N	dif	hori	left	True	1132879	1134430	left	1	4	57
4	wzh	f	19	1	50	circle	red	(565, 460)	high	dis	(533, 540)	N	dif	vert	up	True	1135502	1136223	up	1	4	58
4	wzh	f	19	1	50	circle	red	(533, 540)	low	no	no_dis	N	same	hori	left	True	1137254	1138078	left	1	4	59
4	wzh	f	19	1	50	diamond	green	(533, 540)	low	dis	(565, 460)	Y	dif	vert	up	True	1139166	1140095	up	1	4	60
4	wzh	f	19	1	50	diamond	red	(565, 460)	high	no	no_dis	N	dif	vert	up	True	1141206	1141862	up	1	4	61
4	wzh	f	19	1	50	circle	red	(565, 460)	high	dis	(757, 540)	N	dif	vert	up	True	1143023	1144287	up	1	4	62
4	wzh	f	19	1	50	circle	red	(565, 460)	high	no	no_dis	N	dif	hori	left	True	1145351	1146215	left	1	4	63
4	wzh	f	19	1	50	circle	green	(565, 619)	low	dis	(565, 460)	Y	dif	vert	up	True	1147447	1148623	up	1	4	64
4	wzh	f	19	1	50	circle	green	(724, 460)	low	no	no_dis	N	same	vert	up	True	1149698	1150495	up	1	4	65
4	wzh	f	19	1	50	circle	red	(645, 652)	low	dis	(724, 619)	N	same	hori	left	True	1151535	1152414	left	1	4	66
4	wzh	f	19	1	50	circle	red	(565, 460)	high	dis	(565, 619)	N	same	vert	up	True	1153614	1154254	up	1	4	67
4	wzh	f	19	1	50	diamond	red	(645, 652)	low	dis	(533, 540)	N	dif	hori	left	True	1155392	1156839	left	1	4	68
4	wzh	f	19	1	50	circle	red	(565, 460)	high	dis	(724, 619)	N	dif	hori	left	True	1157874	1158614	left	1	4	69
4	wzh	f	19	1	50	circle	green	(533, 540)	low	dis	(645, 428)	N	same	vert	up	True	1159793	1161095	up	1	4	70
4	wzh	f	19	1	50	diamond	green	(724, 619)	low	dis	(533, 540)	N	dif	vert	up	True	1162270	1164047	up	1	4	71
4	wzh	f	19	1	50	diamond	green	(724, 619)	low	no	no_dis	N	dif	hori	left	True	1165189	1166055	left	1	4	72
4	wzh	f	19	1	50	diamond	red	(565, 460)	high	dis	(533, 540)	N	same	hori	left	True	1167087	1167798	left	1	4	73
4	wzh	f	19	1	50	diamond	green	(533, 540)	low	dis	(565, 619)	N	same	vert	up	True	1168828	1170023	up	1	4	74
4	wzh	f	19	1	50	circle	green	(565, 460)	high	dis	(645, 428)	N	same	vert	up	True	1171219	1172511	up	1	4	75
4	wzh	f	19	1	50	circle	green	(724, 460)	low	dis	(645, 428)	N	dif	vert	up	True	1173520	1174439	up	1	4	76
4	wzh	f	19	1	50	diamond	red	(565, 460)	high	no	no_dis	N	dif	vert	up	True	1175605	1176279	up	1	4	77
4	wzh	f	19	1	50	circle	green	(565, 460)	high	dis	(565, 619)	N	same	hori	left	True	1177360	1178142	left	1	4	78
4	wzh	f	19	1	50	diamond	green	(565, 460)	high	dis	(645, 652)	N	dif	vert	up	True	1179185	1179902	up	1	4	79
4	wzh	f	19	1	50	diamond	red	(724, 619)	low	no	no_dis	N	same	hori	left	True	1180983	1181830	left	1	4	80
4	wzh	f	19	1	50	diamond	red	(565, 460)	high	dis	(565, 619)	N	same	vert	up	True	1183041	1183734	up	1	4	81
4	wzh	f	19	1	50	diamond	red	(565, 460)	high	dis	(645, 428)	N	same	hori	left	True	1184778	1185431	left	1	4	82
4	wzh	f	19	1	50	circle	green	(565, 460)	high	dis	(565, 619)	N	same	vert	up	True	1186469	1187551	up	1	4	83
4	wzh	f	19	1	50	circle	red	(724, 619)	low	dis	(565, 619)	N	dif	vert	up	True	1188685	1189662	up	1	4	84
4	wzh	f	19	1	50	circle	green	(645, 652)	low	dis	(533, 540)	N	same	hori	left	True	1190786	1191543	left	1	4	85
4	wzh	f	19	1	50	diamond	red	(724, 619)	low	dis	(645, 428)	N	dif	hori	left	True	1192756	1194246	left	1	4	86
4	wzh	f	19	1	50	diamond	red	(565, 619)	low	no	no_dis	N	dif	vert	up	True	1195423	1196527	up	1	4	87
4	wzh	f	19	1	50	circle	green	(565, 460)	high	dis	(645, 428)	N	same	vert	up	True	1197701	1198942	up	1	4	88
4	wzh	f	19	1	50	circle	red	(724, 460)	low	dis	(533, 540)	N	dif	vert	up	True	1199982	1200831	up	1	4	89
4	wzh	f	19	1	50	diamond	red	(565, 460)	high	no	no_dis	N	dif	hori	left	True	1201958	1202767	left	1	4	90
4	wzh	f	19	1	50	diamond	red	(565, 460)	high	dis	(724, 460)	N	same	hori	left	True	1203926	1205542	left	1	4	91
4	wzh	f	19	1	50	diamond	green	(645, 428)	low	dis	(565, 460)	Y	same	vert	up	True	1206580	1207287	up	1	4	92
4	wzh	f	19	1	50	circle	green	(565, 460)	high	no	no_dis	N	same	hori	left	True	1208350	1209119	left	1	4	93
4	wzh	f	19	1	50	circle	red	(724, 460)	low	no	no_dis	N	same	vert	up	True	1210204	1211447	up	1	4	94
4	wzh	f	19	1	50	circle	green	(645, 652)	low	no	no_dis	N	dif	vert	up	True	1212459	1213903	up	1	4	95
4	wzh	f	19	1	50	circle	red	(565, 460)	high	no	no_dis	N	same	vert	up	True	1214985	1215902	up	1	4	96
4	wzh	f	19	1	50	diamond	green	(565, 460)	high	dis	(645, 652)	N	dif	vert	up	True	1217087	1217895	up	1	4	97
4	wzh	f	19	1	50	diamond	green	(565, 460)	high	no	no_dis	N	dif	vert	up	True	1219039	1219879	up	1	4	98
4	wzh	f	19	1	50	diamond	green	(533, 540)	low	no	no_dis	N	dif	hori	left	True	1220921	1221967	left	1	4	99
4	wzh	f	19	1	50	diamond	red	(565, 460)	high	no	no_dis	N	dif	vert	up	True	1223001	1223863	up	1	4	100
4	wzh	f	19	1	50	diamond	red	(565, 460)	high	dis	(724, 460)	N	dif	vert	up	True	1224914	1227751	up	1	4	101
4	wzh	f	19	1	50	diamond	green	(533, 540)	low	no	no_dis	N	dif	hori	left	True	1228996	1229799	left	1	4	102
4	wzh	f	19	1	50	diamond	green	(724, 460)	low	dis	(645, 652)	N	dif	vert	up	True	1230896	1231783	up	1	4	103
4	wzh	f	19	1	50	circle	red	(645, 428)	low	no	no_dis	N	dif	vert	up	True	1232840	1233638	up	1	4	104
4	wzh	f	19	1	50	circle	red	(565, 460)	high	dis	(645, 428)	N	same	vert	up	True	1234647	1235503	up	1	4	105
4	wzh	f	19	1	50	diamond	red	(565, 460)	high	dis	(757, 540)	N	same	hori	left	True	1236516	1237879	left	1	4	106
4	wzh	f	19	1	50	diamond	green	(757, 540)	low	no	no_dis	N	same	hori	left	True	1238990	1240086	left	1	4	107
4	wzh	f	19	1	50	circle	red	(565, 619)	low	dis	(724, 619)	N	same	hori	left	True	1241105	1242502	left	1	4	108
4	wzh	f	19	1	50	circle	red	(565, 460)	high	dis	(724, 619)	N	same	hori	left	True	1243582	1245198	left	1	4	109
4	wzh	f	19	1	50	diamond	red	(645, 428)	low	no	no_dis	N	same	vert	up	True	1246300	1247023	up	1	4	110
4	wzh	f	19	1	50	diamond	green	(533, 540)	low	dis	(757, 540)	N	dif	hori	left	True	1248086	1248943	left	1	4	111
4	wzh	f	19	1	50	circle	green	(565, 460)	high	no	no_dis	N	same	vert	up	True	1250044	1251423	up	1	4	112
4	wzh	f	19	1	50	circle	green	(565, 460)	high	dis	(533, 540)	N	dif	hori	left	True	1252607	1253702	up	0	4	113
4	wzh	f	19	1	50	circle	green	(565, 460)	high	no	no_dis	N	same	vert	up	True	1256315	1256991	up	1	4	114
4	wzh	f	19	1	50	circle	red	(565, 460)	high	no	no_dis	N	dif	hori	left	True	1258223	1258830	left	1	4	115
4	wzh	f	19	1	50	diamond	green	(645, 652)	low	dis	(724, 619)	N	same	hori	left	True	1259965	1260951	up	0	4	116
4	wzh	f	19	1	50	circle	green	(565, 460)	high	dis	(724, 460)	N	dif	hori	left	True	1263653	1264407	left	1	4	117
4	wzh	f	19	1	50	circle	green	(565, 460)	high	dis	(724, 619)	N	same	hori	left	True	1265459	1266423	left	1	4	118
4	wzh	f	19	1	50	circle	red	(565, 619)	low	dis	(757, 540)	N	same	vert	up	True	1267480	1268271	up	1	4	119
4	wzh	f	19	1	50	circle	red	(533, 540)	low	dis	(724, 460)	N	same	hori	left	True	1269452	1270375	left	1	4	120
4	wzh	f	19	1	50	circle	green	(565, 460)	high	dis	(645, 652)	N	same	vert	up	True	1302862	1303983	up	1	5	1
4	wzh	f	19	1	50	circle	red	(565, 460)	high	dis	(565, 619)	N	dif	vert	up	True	1305046	1305719	up	1	5	2
4	wzh	f	19	1	50	diamond	red	(645, 428)	low	dis	(757, 540)	N	same	hori	left	True	1306831	1308558	left	1	5	3
4	wzh	f	19	1	50	circle	green	(645, 652)	low	dis	(565, 619)	N	same	vert	up	True	1309612	1310391	up	1	5	4
4	wzh	f	19	1	50	diamond	green	(533, 540)	low	dis	(565, 460)	Y	dif	vert	up	True	1311644	1312607	up	1	5	5
4	wzh	f	19	1	50	circle	red	(533, 540)	low	dis	(565, 619)	N	same	vert	up	True	1313784	1315127	up	1	5	6
4	wzh	f	19	1	50	diamond	green	(565, 460)	high	dis	(724, 619)	N	dif	vert	up	True	1316152	1317015	up	1	5	7
4	wzh	f	19	1	50	circle	red	(565, 460)	high	dis	(757, 540)	N	dif	hori	left	True	1318249	1319103	left	1	5	8
4	wzh	f	19	1	50	diamond	red	(565, 460)	high	no	no_dis	N	same	hori	left	True	1320263	1321846	left	1	5	9
4	wzh	f	19	1	50	circle	green	(565, 460)	high	dis	(724, 619)	N	same	vert	up	True	1322973	1323982	up	1	5	10
4	wzh	f	19	1	50	diamond	red	(724, 619)	low	dis	(645, 428)	N	dif	hori	left	True	1325068	1325958	left	1	5	11
4	wzh	f	19	1	50	circle	green	(565, 460)	high	dis	(645, 652)	N	same	vert	up	True	1327007	1327878	up	1	5	12
4	wzh	f	19	1	50	circle	red	(565, 460)	high	dis	(645, 428)	N	dif	hori	left	True	1329034	1330087	left	1	5	13
4	wzh	f	19	1	50	diamond	green	(565, 460)	high	dis	(533, 540)	N	dif	hori	left	True	1331134	1331950	up	0	5	14
4	wzh	f	19	1	50	circle	red	(724, 460)	low	no	no_dis	N	same	vert	up	True	1334596	1335350	up	1	5	15
4	wzh	f	19	1	50	circle	red	(724, 460)	low	no	no_dis	N	same	hori	left	True	1336384	1337367	left	1	5	16
4	wzh	f	19	1	50	diamond	green	(565, 460)	high	no	no_dis	N	same	hori	left	True	1338611	1339263	left	1	5	17
4	wzh	f	19	1	50	circle	red	(565, 460)	high	dis	(565, 619)	N	same	vert	up	True	1340509	1341934	left	0	5	18
4	wzh	f	19	1	50	diamond	red	(565, 460)	high	dis	(533, 540)	N	dif	vert	up	True	1344543	1345823	up	1	5	19
4	wzh	f	19	1	50	diamond	red	(565, 460)	high	dis	(757, 540)	N	dif	hori	left	True	1346993	1347743	left	1	5	20
4	wzh	f	19	1	50	circle	red	(565, 460)	high	dis	(645, 428)	N	dif	vert	up	True	1348941	1350327	up	1	5	21
4	wzh	f	19	1	50	circle	red	(565, 460)	high	no	no_dis	N	dif	hori	left	True	1351579	1352742	left	1	5	22
4	wzh	f	19	1	50	diamond	red	(565, 460)	high	no	no_dis	N	dif	hori	left	True	1353969	1355007	left	1	5	23
4	wzh	f	19	1	50	diamond	green	(645, 652)	low	no	no_dis	N	dif	hori	left	True	1356059	1357486	left	1	5	24
4	wzh	f	19	1	50	diamond	red	(565, 460)	high	no	no_dis	N	same	vert	up	True	1358724	1359350	up	1	5	25
4	wzh	f	19	1	50	diamond	green	(645, 652)	low	no	no_dis	N	dif	hori	left	True	1360436	1361486	left	1	5	26
4	wzh	f	19	1	50	diamond	red	(757, 540)	low	dis	(565, 460)	Y	same	vert	up	True	1362497	1363727	up	1	5	27
4	wzh	f	19	1	50	circle	red	(565, 460)	high	dis	(533, 540)	N	dif	vert	up	True	1364813	1366086	up	1	5	28
4	wzh	f	19	1	50	diamond	green	(565, 460)	high	no	no_dis	N	dif	vert	up	True	1367162	1368015	up	1	5	29
4	wzh	f	19	1	50	diamond	green	(724, 460)	low	dis	(533, 540)	N	same	hori	left	True	1369245	1369966	left	1	5	30
4	wzh	f	19	1	50	diamond	green	(565, 460)	high	dis	(565, 619)	N	same	vert	up	True	1371060	1371991	up	1	5	31
4	wzh	f	19	1	50	diamond	green	(724, 619)	low	no	no_dis	N	dif	hori	left	True	1373098	1373847	up	0	5	32
4	wzh	f	19	1	50	circle	red	(757, 540)	low	dis	(724, 460)	N	dif	hori	left	True	1376401	1377407	left	1	5	33
4	wzh	f	19	1	50	diamond	green	(565, 460)	high	no	no_dis	N	dif	hori	left	True	1378555	1379430	left	1	5	34
4	wzh	f	19	1	50	circle	green	(565, 460)	high	no	no_dis	N	dif	vert	up	True	1380585	1382519	up	1	5	35
4	wzh	f	19	1	50	diamond	green	(565, 460)	high	dis	(645, 652)	N	same	vert	up	True	1383552	1384454	up	1	5	36
4	wzh	f	19	1	50	diamond	red	(533, 540)	low	no	no_dis	N	same	vert	up	True	1385659	1386486	up	1	5	37
4	wzh	f	19	1	50	circle	red	(565, 460)	high	no	no_dis	N	same	vert	up	True	1387618	1388254	up	1	5	38
4	wzh	f	19	1	50	circle	red	(565, 619)	low	dis	(565, 460)	Y	dif	vert	up	True	1389271	1390159	up	1	5	39
4	wzh	f	19	1	50	circle	green	(565, 460)	high	dis	(565, 619)	N	dif	hori	left	True	1391225	1392670	left	1	5	40
4	wzh	f	19	1	50	diamond	red	(533, 540)	low	no	no_dis	N	dif	hori	left	True	1393827	1394598	left	1	5	41
4	wzh	f	19	1	50	circle	green	(533, 540)	low	dis	(724, 619)	N	same	hori	left	True	1395812	1396607	left	1	5	42
4	wzh	f	19	1	50	circle	red	(565, 460)	high	dis	(533, 540)	N	same	hori	left	True	1397619	1398447	left	1	5	43
4	wzh	f	19	1	50	circle	green	(565, 460)	high	no	no_dis	N	same	vert	up	True	1399540	1400822	up	1	5	44
4	wzh	f	19	1	50	circle	green	(565, 460)	high	no	no_dis	N	dif	vert	up	True	1401834	1402559	up	1	5	45
4	wzh	f	19	1	50	diamond	red	(724, 460)	low	dis	(724, 619)	N	same	vert	up	True	1403731	1405294	up	1	5	46
4	wzh	f	19	1	50	diamond	red	(565, 619)	low	no	no_dis	N	dif	vert	up	True	1406308	1407135	up	1	5	47
4	wzh	f	19	1	50	diamond	red	(565, 619)	low	no	no_dis	N	same	vert	up	True	1408183	1409047	up	1	5	48
4	wzh	f	19	1	50	diamond	green	(724, 619)	low	no	no_dis	N	same	hori	left	True	1410246	1410870	left	1	5	49
4	wzh	f	19	1	50	circle	green	(565, 460)	high	no	no_dis	N	dif	hori	left	True	1411906	1412734	left	1	5	50
4	wzh	f	19	1	50	circle	green	(565, 460)	high	dis	(724, 460)	N	same	vert	up	True	1413774	1414902	up	1	5	51
4	wzh	f	19	1	50	diamond	red	(645, 428)	low	no	no_dis	N	same	hori	left	True	1415979	1416887	left	1	5	52
4	wzh	f	19	1	50	diamond	red	(645, 428)	low	dis	(565, 619)	N	dif	hori	left	True	1418089	1418935	left	1	5	53
4	wzh	f	19	1	50	diamond	red	(565, 460)	high	dis	(724, 460)	N	same	hori	left	True	1420072	1420951	left	1	5	54
4	wzh	f	19	1	50	circle	red	(565, 460)	high	dis	(724, 460)	N	dif	vert	up	True	1422020	1423095	up	1	5	55
4	wzh	f	19	1	50	circle	green	(645, 652)	low	dis	(565, 460)	Y	same	vert	up	True	1424208	1425119	up	1	5	56
4	wzh	f	19	1	50	diamond	green	(565, 460)	high	dis	(645, 428)	N	same	hori	left	True	1426123	1426878	left	1	5	57
4	wzh	f	19	1	50	diamond	red	(565, 460)	high	dis	(533, 540)	N	dif	hori	left	True	1427898	1428559	left	1	5	58
4	wzh	f	19	1	50	diamond	red	(565, 460)	high	dis	(533, 540)	N	same	hori	left	True	1429657	1430511	left	1	5	59
4	wzh	f	19	1	50	circle	red	(565, 460)	high	dis	(645, 652)	N	dif	vert	up	True	1431563	1432335	up	1	5	60
4	wzh	f	19	1	50	diamond	red	(565, 460)	high	dis	(724, 460)	N	dif	hori	left	True	1433462	1435559	left	1	5	61
4	wzh	f	19	1	50	circle	green	(565, 460)	high	dis	(645, 652)	N	dif	vert	up	True	1436716	1437935	up	1	5	62
4	wzh	f	19	1	50	diamond	green	(565, 460)	high	no	no_dis	N	same	hori	left	True	1439023	1440399	left	1	5	63
4	wzh	f	19	1	50	circle	red	(565, 460)	high	no	no_dis	N	dif	vert	up	True	1441451	1442198	up	1	5	64
4	wzh	f	19	1	50	diamond	green	(565, 460)	high	dis	(724, 460)	N	same	vert	up	True	1443440	1444111	up	1	5	65
4	wzh	f	19	1	50	diamond	green	(533, 540)	low	dis	(757, 540)	N	same	hori	left	True	1445161	1446254	left	1	5	66
4	wzh	f	19	1	50	diamond	green	(724, 619)	low	dis	(645, 428)	N	dif	vert	up	True	1447405	1448455	up	1	5	67
4	wzh	f	19	1	50	circle	green	(565, 460)	high	dis	(645, 652)	N	dif	vert	up	True	1449467	1450246	up	1	5	68
4	wzh	f	19	1	50	diamond	green	(565, 460)	high	dis	(757, 540)	N	same	hori	left	True	1451346	1452175	left	1	5	69
4	wzh	f	19	1	50	circle	red	(565, 460)	high	no	no_dis	N	same	vert	up	True	1453411	1454071	up	1	5	70
4	wzh	f	19	1	50	circle	green	(724, 460)	low	dis	(565, 460)	Y	same	vert	up	True	1455250	1456382	up	1	5	71
4	wzh	f	19	1	50	circle	green	(757, 540)	low	dis	(533, 540)	N	same	hori	left	True	1457606	1458351	left	1	5	72
4	wzh	f	19	1	50	diamond	green	(565, 460)	high	no	no_dis	N	same	hori	left	True	1459362	1459982	left	1	5	73
4	wzh	f	19	1	50	diamond	red	(724, 619)	low	dis	(565, 460)	Y	same	hori	left	True	1461050	1462078	left	1	5	74
4	wzh	f	19	1	50	circle	green	(565, 460)	high	dis	(645, 428)	N	same	vert	up	True	1463134	1464326	up	1	5	75
4	wzh	f	19	1	50	diamond	red	(565, 460)	high	dis	(645, 428)	N	dif	hori	left	True	1465561	1466254	left	1	5	76
4	wzh	f	19	1	50	diamond	red	(645, 652)	low	dis	(757, 540)	N	dif	vert	up	True	1467468	1468446	up	1	5	77
4	wzh	f	19	1	50	circle	red	(565, 460)	high	dis	(724, 460)	N	dif	vert	up	True	1469657	1470494	up	1	5	78
4	wzh	f	19	1	50	diamond	green	(565, 460)	high	dis	(757, 540)	N	same	hori	left	True	1471723	1472679	left	1	5	79
4	wzh	f	19	1	50	circle	red	(565, 460)	high	no	no_dis	N	same	hori	left	True	1473701	1474415	left	1	5	80
4	wzh	f	19	1	50	circle	green	(645, 428)	low	no	no_dis	N	same	vert	up	True	1475518	1476759	up	1	5	81
4	wzh	f	19	1	50	diamond	green	(533, 540)	low	dis	(565, 460)	Y	same	vert	up	True	1477996	1478838	up	1	5	82
4	wzh	f	19	1	50	circle	red	(645, 428)	low	dis	(724, 460)	N	dif	hori	left	True	1480083	1480798	left	1	5	83
4	wzh	f	19	1	50	diamond	red	(757, 540)	low	dis	(724, 460)	N	same	hori	left	True	1481879	1482846	left	1	5	84
4	wzh	f	19	1	50	circle	green	(757, 540)	low	no	no_dis	N	dif	vert	up	True	1483901	1484647	up	1	5	85
4	wzh	f	19	1	50	circle	green	(724, 619)	low	dis	(645, 652)	N	same	hori	left	True	1485713	1486654	left	1	5	86
4	wzh	f	19	1	50	circle	green	(724, 460)	low	dis	(565, 619)	N	same	vert	up	True	1487728	1488503	up	1	5	87
4	wzh	f	19	1	50	circle	green	(565, 460)	high	no	no_dis	N	dif	hori	left	True	1489743	1490358	left	1	5	88
4	wzh	f	19	1	50	circle	green	(565, 460)	high	dis	(565, 619)	N	same	hori	left	True	1491551	1492358	left	1	5	89
4	wzh	f	19	1	50	circle	red	(645, 428)	low	dis	(533, 540)	N	same	hori	left	True	1493542	1494519	left	1	5	90
4	wzh	f	19	1	50	diamond	green	(757, 540)	low	no	no_dis	N	same	hori	left	True	1495581	1496358	left	1	5	91
4	wzh	f	19	1	50	diamond	red	(565, 460)	high	no	no_dis	N	dif	vert	up	True	1497536	1498151	up	1	5	92
4	wzh	f	19	1	50	circle	green	(645, 652)	low	no	no_dis	N	dif	hori	left	True	1499182	1499878	left	1	5	93
4	wzh	f	19	1	50	circle	green	(565, 460)	high	dis	(757, 540)	N	same	hori	left	True	1501030	1501743	left	1	5	94
4	wzh	f	19	1	50	circle	red	(565, 619)	low	no	no_dis	N	dif	vert	up	True	1502778	1503607	up	1	5	95
4	wzh	f	19	1	50	diamond	red	(565, 619)	low	dis	(724, 619)	N	dif	hori	left	True	1504752	1505446	left	1	5	96
4	wzh	f	19	1	50	diamond	green	(565, 619)	low	dis	(645, 652)	N	dif	vert	up	True	1506509	1507326	up	1	5	97
4	wzh	f	19	1	50	circle	red	(645, 652)	low	dis	(645, 428)	N	dif	hori	left	True	1508566	1509535	left	1	5	98
4	wzh	f	19	1	50	circle	green	(565, 619)	low	dis	(757, 540)	N	same	vert	up	True	1510651	1511430	up	1	5	99
4	wzh	f	19	1	50	circle	green	(724, 619)	low	no	no_dis	N	dif	vert	up	True	1512531	1513255	up	1	5	100
4	wzh	f	19	1	50	circle	red	(724, 460)	low	no	no_dis	N	same	hori	left	True	1514401	1515095	left	1	5	101
4	wzh	f	19	1	50	diamond	red	(565, 460)	high	dis	(565, 619)	N	same	vert	up	True	1516293	1516942	up	1	5	102
4	wzh	f	19	1	50	diamond	green	(645, 652)	low	dis	(724, 460)	N	dif	vert	up	True	1517953	1518735	up	1	5	103
4	wzh	f	19	1	50	circle	green	(757, 540)	low	no	no_dis	N	same	vert	up	True	1519760	1520423	left	0	5	104
4	wzh	f	19	1	50	diamond	green	(645, 428)	low	dis	(724, 619)	N	dif	vert	up	True	1523148	1523847	up	1	5	105
4	wzh	f	19	1	50	diamond	green	(565, 460)	high	dis	(724, 619)	N	dif	hori	left	True	1524934	1525630	left	1	5	106
4	wzh	f	19	1	50	diamond	green	(565, 619)	low	dis	(645, 428)	N	dif	vert	up	True	1526711	1527758	up	1	5	107
4	wzh	f	19	1	50	circle	green	(645, 428)	low	dis	(565, 460)	Y	dif	vert	up	True	1528964	1529990	up	1	5	108
4	wzh	f	19	1	50	diamond	red	(533, 540)	low	dis	(645, 652)	N	same	hori	left	True	1530998	1531959	left	1	5	109
4	wzh	f	19	1	50	circle	red	(724, 619)	low	dis	(645, 652)	N	same	vert	up	True	1533053	1533870	left	0	5	110
4	wzh	f	19	1	50	diamond	red	(565, 460)	high	dis	(645, 428)	N	dif	hori	left	True	1536526	1537214	left	1	5	111
4	wzh	f	19	1	50	diamond	green	(565, 460)	high	dis	(724, 619)	N	same	hori	left	True	1538244	1539367	left	1	5	112
4	wzh	f	19	1	50	circle	red	(757, 540)	low	dis	(533, 540)	N	dif	hori	left	True	1540397	1541254	left	1	5	113
4	wzh	f	19	1	50	diamond	red	(565, 460)	high	no	no_dis	N	same	vert	up	True	1542479	1543118	up	1	5	114
4	wzh	f	19	1	50	diamond	red	(565, 460)	high	dis	(724, 619)	N	same	hori	left	True	1544359	1545022	left	1	5	115
4	wzh	f	19	1	50	circle	red	(724, 460)	low	dis	(565, 460)	Y	dif	hori	left	True	1546051	1546911	left	1	5	116
4	wzh	f	19	1	50	circle	green	(724, 619)	low	dis	(757, 540)	N	dif	vert	up	True	1548073	1549198	up	1	5	117
4	wzh	f	19	1	50	circle	red	(645, 428)	low	no	no_dis	N	dif	vert	up	True	1550265	1550894	up	1	5	118
4	wzh	f	19	1	50	diamond	green	(757, 540)	low	dis	(724, 619)	N	dif	hori	left	True	1552114	1552782	left	1	5	119
4	wzh	f	19	1	50	circle	red	(565, 619)	low	dis	(565, 460)	Y	dif	hori	left	True	1553961	1554822	left	1	5	120
4	wzh	f	19	1	50	circle	red	(645, 652)	low	no	no_dis	N	dif	hori	left	True	1590246	1591167	left	1	6	1
4	wzh	f	19	1	50	diamond	green	(645, 428)	low	no	no_dis	N	same	vert	up	True	1592184	1592790	up	1	6	2
4	wzh	f	19	1	50	circle	red	(724, 619)	low	dis	(757, 540)	N	same	vert	up	True	1593802	1594663	up	1	6	3
4	wzh	f	19	1	50	circle	green	(724, 460)	low	dis	(645, 428)	N	dif	hori	left	True	1595677	1596487	left	1	6	4
4	wzh	f	19	1	50	circle	red	(757, 540)	low	dis	(645, 652)	N	same	hori	left	True	1597621	1598342	left	1	6	5
4	wzh	f	19	1	50	diamond	red	(724, 619)	low	dis	(645, 428)	N	same	vert	up	True	1599559	1600598	up	1	6	6
4	wzh	f	19	1	50	circle	green	(724, 460)	low	no	no_dis	N	dif	vert	up	True	1601822	1602695	up	1	6	7
4	wzh	f	19	1	50	diamond	red	(645, 428)	low	dis	(533, 540)	N	dif	vert	up	True	1603704	1604383	up	1	6	8
4	wzh	f	19	1	50	circle	green	(724, 619)	low	dis	(645, 652)	N	dif	vert	up	True	1605486	1606383	up	1	6	9
4	wzh	f	19	1	50	diamond	red	(565, 619)	low	no	no_dis	N	dif	hori	left	True	1607581	1608559	left	1	6	10
4	wzh	f	19	1	50	diamond	green	(565, 460)	high	dis	(724, 619)	N	same	vert	up	True	1609734	1610366	up	1	6	11
4	wzh	f	19	1	50	circle	red	(565, 619)	low	dis	(724, 460)	N	dif	vert	up	True	1611583	1612646	up	1	6	12
4	wzh	f	19	1	50	diamond	green	(645, 652)	low	no	no_dis	N	same	vert	up	True	1613723	1614654	up	1	6	13
4	wzh	f	19	1	50	circle	green	(645, 652)	low	dis	(757, 540)	N	dif	hori	left	True	1615901	1617063	left	1	6	14
4	wzh	f	19	1	50	circle	red	(724, 460)	low	no	no_dis	N	dif	hori	left	True	1618089	1618766	left	1	6	15
4	wzh	f	19	1	50	circle	green	(565, 460)	high	no	no_dis	N	dif	hori	left	True	1619863	1620518	left	1	6	16
4	wzh	f	19	1	50	circle	red	(724, 460)	low	dis	(724, 619)	N	same	hori	left	True	1621743	1623342	left	1	6	17
4	wzh	f	19	1	50	diamond	green	(645, 652)	low	no	no_dis	N	dif	vert	up	True	1624492	1625150	up	1	6	18
4	wzh	f	19	1	50	circle	red	(645, 428)	low	no	no_dis	N	same	vert	up	True	1626279	1627126	up	1	6	19
4	wzh	f	19	1	50	diamond	red	(565, 460)	high	dis	(565, 619)	N	dif	vert	up	True	1628235	1628982	up	1	6	20
4	wzh	f	19	1	50	circle	red	(565, 619)	low	dis	(565, 460)	Y	same	hori	left	True	1630155	1630943	left	1	6	21
4	wzh	f	19	1	50	circle	red	(565, 460)	high	dis	(724, 460)	N	same	hori	left	True	1632055	1632990	left	1	6	22
4	wzh	f	19	1	50	diamond	green	(565, 460)	high	dis	(645, 428)	N	same	vert	up	True	1634213	1635351	up	1	6	23
4	wzh	f	19	1	50	circle	green	(565, 619)	low	dis	(565, 460)	Y	dif	vert	up	True	1636501	1637423	up	1	6	24
4	wzh	f	19	1	50	circle	red	(533, 540)	low	no	no_dis	N	dif	hori	left	True	1638669	1639990	left	1	6	25
4	wzh	f	19	1	50	circle	green	(533, 540)	low	no	no_dis	N	same	hori	left	True	1641218	1642094	left	1	6	26
4	wzh	f	19	1	50	diamond	red	(757, 540)	low	no	no_dis	N	dif	vert	up	True	1643236	1644142	up	1	6	27
4	wzh	f	19	1	50	circle	green	(565, 460)	high	dis	(645, 428)	N	same	vert	up	True	1645280	1646230	up	1	6	28
4	wzh	f	19	1	50	diamond	green	(757, 540)	low	dis	(565, 460)	Y	same	vert	up	True	1647335	1648358	up	1	6	29
4	wzh	f	19	1	50	circle	red	(565, 460)	high	dis	(724, 460)	N	dif	vert	up	True	1649442	1650263	up	1	6	30
4	wzh	f	19	1	50	diamond	green	(565, 460)	high	no	no_dis	N	dif	hori	left	True	1651482	1652287	left	1	6	31
4	wzh	f	19	1	50	circle	red	(565, 460)	high	dis	(533, 540)	N	same	hori	left	True	1653450	1654295	left	1	6	32
4	wzh	f	19	1	50	circle	green	(565, 460)	high	dis	(645, 652)	N	dif	hori	left	True	1655456	1656255	left	1	6	33
4	wzh	f	19	1	50	diamond	green	(565, 460)	high	dis	(724, 619)	N	dif	vert	up	True	1657417	1658110	up	1	6	34
4	wzh	f	19	1	50	circle	green	(565, 460)	high	no	no_dis	N	same	vert	up	True	1659174	1659799	up	1	6	35
4	wzh	f	19	1	50	diamond	red	(724, 619)	low	dis	(565, 460)	Y	dif	hori	left	True	1661022	1661903	left	1	6	36
4	wzh	f	19	1	50	diamond	green	(565, 460)	high	dis	(645, 428)	N	dif	hori	left	True	1662938	1663590	left	1	6	37
4	wzh	f	19	1	50	diamond	red	(565, 460)	high	no	no_dis	N	same	hori	left	True	1664815	1665567	left	1	6	38
4	wzh	f	19	1	50	circle	green	(565, 460)	high	dis	(757, 540)	N	dif	hori	left	True	1666773	1667431	left	1	6	39
4	wzh	f	19	1	50	circle	red	(645, 652)	low	dis	(565, 460)	Y	same	vert	up	True	1668466	1669286	up	1	6	40
4	wzh	f	19	1	50	circle	red	(565, 460)	high	dis	(757, 540)	N	same	vert	up	True	1670371	1671126	up	1	6	41
4	wzh	f	19	1	50	circle	green	(645, 652)	low	dis	(645, 428)	N	same	vert	up	True	1672135	1672991	up	1	6	42
4	wzh	f	19	1	50	circle	red	(565, 460)	high	no	no_dis	N	same	hori	left	True	1674091	1674734	left	1	6	43
4	wzh	f	19	1	50	diamond	red	(645, 428)	low	dis	(645, 652)	N	dif	hori	left	True	1675745	1676782	left	1	6	44
4	wzh	f	19	1	50	diamond	green	(645, 428)	low	dis	(565, 460)	Y	same	hori	left	True	1677938	1678791	left	1	6	45
4	wzh	f	19	1	50	circle	green	(565, 460)	high	dis	(724, 619)	N	dif	hori	left	True	1679814	1680542	left	1	6	46
4	wzh	f	19	1	50	circle	green	(645, 652)	low	dis	(533, 540)	N	same	hori	left	True	1681762	1683510	left	1	6	47
4	wzh	f	19	1	50	circle	green	(565, 460)	high	no	no_dis	N	dif	vert	up	True	1684648	1685575	up	1	6	48
4	wzh	f	19	1	50	circle	green	(757, 540)	low	dis	(724, 460)	N	dif	vert	up	True	1686713	1687558	up	1	6	49
4	wzh	f	19	1	50	diamond	red	(565, 460)	high	no	no_dis	N	same	vert	up	True	1688780	1689902	up	1	6	50
4	wzh	f	19	1	50	diamond	green	(645, 652)	low	dis	(757, 540)	N	same	hori	left	True	1691066	1691974	left	1	6	51
4	wzh	f	19	1	50	diamond	red	(724, 619)	low	no	no_dis	N	same	hori	left	True	1693044	1694350	left	1	6	52
4	wzh	f	19	1	50	circle	red	(533, 540)	low	dis	(565, 619)	N	dif	hori	left	True	1695443	1696551	left	1	6	53
4	wzh	f	19	1	50	circle	red	(565, 460)	high	dis	(724, 460)	N	same	vert	up	True	1697629	1698871	up	1	6	54
4	wzh	f	19	1	50	circle	red	(565, 460)	high	dis	(724, 460)	N	dif	vert	up	True	1699876	1701406	up	1	6	55
4	wzh	f	19	1	50	diamond	red	(533, 540)	low	dis	(724, 619)	N	dif	vert	up	True	1702480	1703294	up	1	6	56
4	wzh	f	19	1	50	diamond	red	(565, 460)	high	no	no_dis	N	same	vert	up	True	1704531	1705222	up	1	6	57
4	wzh	f	19	1	50	diamond	green	(724, 619)	low	dis	(565, 460)	Y	same	vert	up	True	1706365	1707406	up	1	6	58
4	wzh	f	19	1	50	circle	green	(565, 460)	high	no	no_dis	N	dif	vert	up	True	1708599	1709582	up	1	6	59
4	wzh	f	19	1	50	diamond	green	(565, 460)	high	no	no_dis	N	dif	hori	left	True	1710766	1711518	left	1	6	60
4	wzh	f	19	1	50	circle	red	(565, 460)	high	dis	(533, 540)	N	same	hori	left	True	1712523	1713494	left	1	6	61
4	wzh	f	19	1	50	diamond	red	(565, 460)	high	dis	(645, 652)	N	same	vert	up	True	1714623	1715910	up	1	6	62
4	wzh	f	19	1	50	circle	green	(724, 460)	low	dis	(533, 540)	N	dif	vert	up	True	1716947	1718038	up	1	6	63
4	wzh	f	19	1	50	circle	green	(565, 460)	high	dis	(757, 540)	N	same	vert	up	True	1719255	1720038	up	1	6	64
4	wzh	f	19	1	50	diamond	red	(645, 428)	low	no	no_dis	N	same	hori	left	True	1721235	1722086	left	1	6	65
4	wzh	f	19	1	50	diamond	red	(565, 619)	low	dis	(565, 460)	Y	same	hori	left	True	1723295	1724246	left	1	6	66
4	wzh	f	19	1	50	diamond	green	(565, 460)	high	dis	(645, 428)	N	dif	hori	left	True	1725289	1726287	left	1	6	67
4	wzh	f	19	1	50	diamond	green	(533, 540)	low	dis	(565, 619)	N	same	hori	left	True	1727396	1728566	left	1	6	68
4	wzh	f	19	1	50	circle	green	(565, 460)	high	dis	(645, 652)	N	same	hori	left	True	1729693	1730407	left	1	6	69
4	wzh	f	19	1	50	circle	red	(565, 460)	high	no	no_dis	N	dif	hori	left	True	1731582	1732310	left	1	6	70
4	wzh	f	19	1	50	circle	red	(565, 460)	high	no	no_dis	N	dif	vert	up	True	1733426	1735687	up	1	6	71
4	wzh	f	19	1	50	diamond	red	(565, 460)	high	dis	(757, 540)	N	same	hori	left	True	1736893	1737631	left	1	6	72
4	wzh	f	19	1	50	circle	red	(757, 540)	low	dis	(565, 460)	Y	dif	hori	left	True	1738642	1739414	left	1	6	73
4	wzh	f	19	1	50	diamond	green	(565, 460)	high	no	no_dis	N	same	hori	left	True	1740528	1741278	left	1	6	74
4	wzh	f	19	1	50	circle	red	(645, 428)	low	dis	(645, 652)	N	dif	hori	left	True	1742427	1743310	left	1	6	75
4	wzh	f	19	1	50	circle	green	(565, 460)	high	dis	(724, 619)	N	dif	vert	up	True	1744430	1745199	up	1	6	76
4	wzh	f	19	1	50	circle	green	(565, 619)	low	no	no_dis	N	dif	hori	left	True	1746326	1747094	left	1	6	77
4	wzh	f	19	1	50	diamond	green	(724, 619)	low	no	no_dis	N	dif	vert	up	True	1748254	1749031	up	1	6	78
4	wzh	f	19	1	50	diamond	red	(565, 460)	high	no	no_dis	N	dif	hori	left	True	1750112	1750798	left	1	6	79
4	wzh	f	19	1	50	diamond	green	(565, 460)	high	no	no_dis	N	same	hori	left	True	1752048	1752702	left	1	6	80
4	wzh	f	19	1	50	diamond	green	(757, 540)	low	no	no_dis	N	same	hori	left	True	1753844	1754614	left	1	6	81
4	wzh	f	19	1	50	diamond	red	(757, 540)	low	dis	(565, 619)	N	same	vert	up	True	1755682	1756606	up	1	6	82
4	wzh	f	19	1	50	circle	green	(757, 540)	low	no	no_dis	N	same	vert	up	True	1757803	1758471	up	1	6	83
4	wzh	f	19	1	50	diamond	red	(565, 460)	high	dis	(645, 428)	N	dif	hori	left	True	1759514	1760358	left	1	6	84
4	wzh	f	19	1	50	diamond	green	(533, 540)	low	dis	(645, 428)	N	dif	hori	left	True	1761389	1762990	left	1	6	85
4	wzh	f	19	1	50	diamond	green	(724, 460)	low	dis	(565, 460)	Y	same	vert	up	True	1764012	1764918	up	1	6	86
4	wzh	f	19	1	50	circle	red	(565, 460)	high	no	no_dis	N	dif	vert	up	True	1766077	1766726	up	1	6	87
4	wzh	f	19	1	50	diamond	red	(565, 460)	high	dis	(533, 540)	N	same	hori	left	True	1767894	1768559	left	1	6	88
4	wzh	f	19	1	50	circle	green	(565, 460)	high	dis	(565, 619)	N	dif	hori	left	True	1769620	1770710	left	1	6	89
4	wzh	f	19	1	50	diamond	green	(757, 540)	low	dis	(724, 619)	N	dif	hori	left	True	1771869	1773495	left	1	6	90
4	wzh	f	19	1	50	diamond	red	(645, 652)	low	dis	(565, 619)	N	same	vert	up	True	1774549	1775782	up	1	6	91
4	wzh	f	19	1	50	diamond	green	(724, 460)	low	dis	(645, 652)	N	same	hori	left	True	1776848	1777662	left	1	6	92
4	wzh	f	19	1	50	diamond	green	(565, 460)	high	dis	(533, 540)	N	dif	vert	up	True	1778793	1779526	up	1	6	93
4	wzh	f	19	1	50	diamond	red	(565, 619)	low	dis	(757, 540)	N	same	hori	left	True	1780754	1781791	left	1	6	94
4	wzh	f	19	1	50	circle	green	(565, 460)	high	dis	(565, 619)	N	dif	vert	up	True	1782975	1784207	up	1	6	95
4	wzh	f	19	1	50	diamond	red	(565, 460)	high	dis	(565, 619)	N	dif	hori	left	True	1785392	1786582	left	1	6	96
4	wzh	f	19	1	50	circle	green	(533, 540)	low	dis	(757, 540)	N	dif	vert	up	True	1787609	1788575	up	1	6	97
4	wzh	f	19	1	50	circle	green	(565, 460)	high	no	no_dis	N	dif	vert	up	True	1789628	1790743	up	1	6	98
4	wzh	f	19	1	50	diamond	red	(565, 460)	high	dis	(724, 619)	N	dif	hori	left	True	1791957	1792574	left	1	6	99
4	wzh	f	19	1	50	circle	red	(724, 619)	low	dis	(724, 460)	N	dif	vert	up	True	1793602	1794486	up	1	6	100
4	wzh	f	19	1	50	diamond	red	(565, 460)	high	dis	(533, 540)	N	dif	vert	up	True	1795507	1796238	up	1	6	101
4	wzh	f	19	1	50	diamond	green	(565, 460)	high	dis	(645, 428)	N	same	hori	left	True	1797321	1798142	left	1	6	102
4	wzh	f	19	1	50	diamond	green	(565, 460)	high	dis	(757, 540)	N	dif	vert	up	True	1799376	1800062	up	1	6	103
4	wzh	f	19	1	50	diamond	red	(565, 460)	high	dis	(645, 652)	N	same	hori	left	True	1801139	1802023	left	1	6	104
4	wzh	f	19	1	50	circle	red	(565, 619)	low	no	no_dis	N	dif	vert	up	True	1803149	1804102	up	1	6	105
4	wzh	f	19	1	50	diamond	red	(565, 460)	high	dis	(724, 460)	N	same	vert	up	True	1805217	1805830	up	1	6	106
4	wzh	f	19	1	50	diamond	green	(565, 460)	high	dis	(565, 619)	N	same	vert	up	True	1806956	1807671	up	1	6	107
4	wzh	f	19	1	50	circle	red	(565, 460)	high	dis	(724, 460)	N	dif	hori	left	True	1808752	1809399	left	1	6	108
4	wzh	f	19	1	50	circle	green	(565, 460)	high	dis	(533, 540)	N	same	hori	left	True	1810409	1812398	left	1	6	109
4	wzh	f	19	1	50	circle	red	(565, 460)	high	no	no_dis	N	same	vert	up	True	1813485	1814142	up	1	6	110
4	wzh	f	19	1	50	diamond	red	(724, 460)	low	dis	(724, 619)	N	same	vert	up	True	1815159	1816303	up	1	6	111
4	wzh	f	19	1	50	diamond	red	(565, 460)	high	no	no_dis	N	same	vert	up	True	1817440	1818062	up	1	6	112
4	wzh	f	19	1	50	circle	red	(565, 460)	high	dis	(565, 619)	N	same	hori	left	True	1819117	1820063	left	1	6	113
4	wzh	f	19	1	50	circle	green	(645, 428)	low	dis	(724, 460)	N	dif	hori	left	True	1821126	1822095	left	1	6	114
4	wzh	f	19	1	50	diamond	green	(565, 460)	high	dis	(645, 652)	N	same	vert	up	True	1823217	1823903	up	1	6	115
4	wzh	f	19	1	50	diamond	green	(565, 619)	low	dis	(533, 540)	N	dif	vert	up	True	1825056	1825950	up	1	6	116
4	wzh	f	19	1	50	diamond	green	(565, 460)	high	no	no_dis	N	same	hori	left	True	1827142	1827774	left	1	6	117
4	wzh	f	19	1	50	circle	red	(565, 460)	high	dis	(724, 619)	N	dif	vert	up	True	1828805	1829455	up	1	6	118
4	wzh	f	19	1	50	circle	green	(533, 540)	low	no	no_dis	N	same	hori	left	True	1830678	1831278	left	1	6	119
4	wzh	f	19	1	50	diamond	red	(724, 460)	low	no	no_dis	N	same	vert	up	True	1832419	1833479	up	1	6	120
conf	4	wzh	f	19	1	50	True	1881504	1894670	4	True	1894682	1899654	1
