subj	name	gender	age	prac	group	shape	color	tar_loc	popularity	dis_cond	dis_loc	dis_high	td_dif	line	respkey	gotkey	startTime	respTime	resp	correct	block	trialnum
6	chm	f	26	1	50	diamond	red	(565, 460)	low	dis	(724, 460)	N	same	vert	up	True	15006	16023	up	1	1	1
6	chm	f	26	1	50	circle	green	(565, 460)	low	no	no_dis	N	same	vert	up	True	17117	17872	up	1	1	2
6	chm	f	26	1	50	circle	green	(724, 619)	low	dis	(565, 460)	N	dif	vert	up	True	18923	20447	up	1	1	3
6	chm	f	26	1	50	circle	green	(565, 619)	high	dis	(565, 460)	N	dif	vert	up	True	21462	22231	left	0	1	4
6	chm	f	26	1	50	diamond	green	(565, 619)	high	dis	(757, 540)	N	dif	hori	left	True	24829	25991	left	1	1	5
6	chm	f	26	1	50	diamond	green	(565, 619)	high	no	no_dis	N	same	hori	left	True	27045	27752	left	1	1	6
6	chm	f	26	1	50	circle	green	(565, 460)	low	no	no_dis	N	dif	vert	up	True	28995	30039	up	1	1	7
6	chm	f	26	1	50	diamond	green	(565, 619)	high	dis	(757, 540)	N	same	vert	up	True	31214	32191	up	1	1	8
6	chm	f	26	1	50	diamond	green	(565, 460)	low	dis	(533, 540)	N	same	vert	up	True	33332	34248	up	1	1	9
6	chm	f	26	1	50	diamond	red	(645, 428)	low	dis	(645, 652)	N	dif	vert	up	True	35387	36199	left	0	1	10
6	chm	f	26	1	50	diamond	green	(565, 619)	high	no	no_dis	N	same	hori	left	True	38725	39671	left	1	1	11
6	chm	f	26	1	50	circle	red	(645, 652)	low	no	no_dis	N	dif	hori	left	True	40710	41519	left	1	1	12
6	chm	f	26	1	50	diamond	red	(565, 619)	high	dis	(645, 428)	N	dif	hori	left	True	42770	44303	left	1	1	13
6	chm	f	26	1	50	diamond	red	(565, 619)	high	no	no_dis	N	same	hori	left	True	45316	46167	left	1	1	14
6	chm	f	26	1	50	circle	red	(645, 428)	low	dis	(533, 540)	N	dif	vert	up	True	47316	48583	up	1	1	15
6	chm	f	26	1	50	diamond	green	(565, 619)	high	dis	(565, 460)	N	dif	hori	left	True	49786	50807	left	1	1	16
6	chm	f	26	1	50	diamond	green	(724, 460)	low	dis	(645, 652)	N	same	vert	up	True	51813	53271	up	1	1	17
6	chm	f	26	1	50	diamond	green	(565, 619)	high	no	no_dis	N	same	vert	up	True	54314	55879	up	1	1	18
6	chm	f	26	1	50	diamond	red	(565, 619)	high	no	no_dis	N	dif	hori	left	True	57110	57807	left	1	1	19
6	chm	f	26	1	50	circle	green	(565, 619)	high	no	no_dis	N	dif	vert	up	True	59044	60287	up	1	1	20
6	chm	f	26	1	50	circle	red	(645, 428)	low	no	no_dis	N	same	hori	left	True	61385	62887	left	1	1	21
6	chm	f	26	1	50	diamond	green	(565, 619)	high	no	no_dis	N	dif	vert	up	True	63903	64663	up	1	1	22
6	chm	f	26	1	50	diamond	green	(565, 619)	high	dis	(757, 540)	N	dif	hori	left	True	65724	66903	left	1	1	23
6	chm	f	26	1	50	diamond	red	(565, 619)	high	dis	(757, 540)	N	dif	vert	up	True	68052	68911	up	1	1	24
6	chm	f	26	1	50	circle	green	(565, 619)	high	no	no_dis	N	same	vert	up	True	70035	71063	up	1	1	25
6	chm	f	26	1	50	diamond	green	(533, 540)	low	dis	(724, 619)	N	dif	hori	left	True	72291	74279	left	1	1	26
6	chm	f	26	1	50	diamond	green	(724, 619)	low	dis	(565, 619)	Y	same	hori	left	True	75329	76607	left	1	1	27
6	chm	f	26	1	50	circle	red	(724, 619)	low	dis	(645, 428)	N	dif	hori	left	True	77806	78559	up	0	1	28
6	chm	f	26	1	50	diamond	red	(565, 619)	high	dis	(724, 460)	N	same	hori	left	True	81264	82255	left	1	1	29
6	chm	f	26	1	50	circle	red	(724, 460)	low	no	no_dis	N	dif	hori	left	True	83282	84919	left	1	1	30
6	chm	f	26	1	50	diamond	red	(724, 460)	low	no	no_dis	N	same	hori	left	True	86118	87007	left	1	1	31
6	chm	f	26	1	50	circle	red	(757, 540)	low	dis	(724, 619)	N	dif	vert	up	True	88114	89566	up	1	1	32
6	chm	f	26	1	50	circle	green	(645, 428)	low	dis	(565, 619)	Y	same	hori	left	True	90742	92847	up	0	1	33
6	chm	f	26	1	50	circle	green	(565, 619)	high	dis	(645, 428)	N	dif	vert	up	True	95551	96847	up	1	1	34
6	chm	f	26	1	50	circle	green	(565, 460)	low	dis	(565, 619)	Y	same	hori	left	True	97986	99863	left	1	1	35
6	chm	f	26	1	50	circle	red	(757, 540)	low	dis	(645, 652)	N	dif	hori	left	True	100999	102272	up	0	1	36
6	chm	f	26	1	50	diamond	red	(565, 619)	high	dis	(724, 460)	N	same	hori	left	True	104931	106262	left	1	1	37
6	chm	f	26	1	50	circle	red	(565, 619)	high	no	no_dis	N	dif	hori	left	True	107434	108663	up	0	1	38
6	chm	f	26	1	50	diamond	green	(565, 460)	low	dis	(533, 540)	N	dif	vert	up	True	111309	112823	up	1	1	39
6	chm	f	26	1	50	diamond	green	(565, 619)	high	dis	(724, 460)	N	same	vert	up	True	114073	115215	up	1	1	40
6	chm	f	26	1	50	circle	red	(565, 619)	high	dis	(645, 652)	N	same	hori	left	True	116465	117911	left	1	1	41
6	chm	f	26	1	50	diamond	red	(565, 619)	high	dis	(565, 460)	N	dif	hori	left	True	118960	120895	left	1	1	42
6	chm	f	26	1	50	diamond	red	(565, 619)	high	dis	(533, 540)	N	dif	vert	up	True	122046	123327	left	0	1	43
6	chm	f	26	1	50	diamond	green	(724, 619)	low	no	no_dis	N	dif	vert	up	True	125986	127168	up	1	1	44
6	chm	f	26	1	50	circle	red	(533, 540)	low	dis	(724, 619)	N	same	hori	left	True	128310	130111	left	1	1	45
6	chm	f	26	1	50	circle	red	(565, 619)	high	dis	(565, 460)	N	dif	vert	up	True	131116	132838	up	1	1	46
6	chm	f	26	1	50	diamond	green	(533, 540)	low	no	no_dis	N	same	hori	left	True	134058	135446	left	1	1	47
6	chm	f	26	1	50	circle	green	(565, 619)	high	dis	(724, 619)	N	same	hori	left	True	136698	139007	left	1	1	48
6	chm	f	26	1	50	diamond	red	(724, 619)	low	dis	(757, 540)	N	dif	hori	left	True	140148	142287	left	1	1	49
6	chm	f	26	1	50	circle	green	(565, 619)	high	dis	(724, 460)	N	same	vert	up	True	143388	145439	up	1	1	50
6	chm	f	26	1	50	diamond	red	(565, 619)	high	dis	(645, 652)	N	dif	vert	up	True	146493	147639	up	1	1	51
6	chm	f	26	1	50	circle	green	(757, 540)	low	dis	(724, 460)	N	dif	vert	up	True	148685	150239	left	0	1	52
6	chm	f	26	1	50	diamond	green	(565, 619)	high	dis	(645, 428)	N	dif	vert	up	True	152764	154007	up	1	1	53
6	chm	f	26	1	50	circle	green	(724, 460)	low	dis	(565, 619)	Y	dif	vert	up	True	155127	156599	up	1	1	54
6	chm	f	26	1	50	circle	green	(565, 619)	high	dis	(645, 428)	N	dif	hori	left	True	157684	158919	left	1	1	55
6	chm	f	26	1	50	circle	red	(645, 652)	low	dis	(565, 619)	Y	dif	hori	left	True	160051	160774	up	0	1	56
6	chm	f	26	1	50	circle	green	(565, 619)	high	dis	(645, 652)	N	dif	vert	up	True	163304	164975	up	1	1	57
6	chm	f	26	1	50	diamond	red	(724, 460)	low	dis	(565, 619)	Y	same	vert	up	True	166178	167663	up	1	1	58
6	chm	f	26	1	50	diamond	green	(565, 619)	high	no	no_dis	N	dif	hori	left	True	168828	169871	left	1	1	59
6	chm	f	26	1	50	circle	red	(565, 619)	high	dis	(565, 460)	N	same	vert	up	True	171120	172607	up	1	1	60
6	chm	f	26	1	50	diamond	green	(533, 540)	low	no	no_dis	N	dif	vert	up	True	173652	175199	up	1	1	61
6	chm	f	26	1	50	circle	green	(724, 460)	low	dis	(645, 428)	N	same	hori	left	True	176386	178302	left	1	1	62
6	chm	f	26	1	50	circle	red	(533, 540)	low	dis	(565, 619)	Y	dif	hori	left	True	179314	180974	left	1	1	63
6	chm	f	26	1	50	circle	red	(565, 460)	low	dis	(724, 619)	N	dif	vert	up	True	182021	183558	up	1	1	64
6	chm	f	26	1	50	diamond	green	(645, 652)	low	dis	(565, 460)	N	same	hori	left	True	184634	185871	left	1	1	65
6	chm	f	26	1	50	diamond	red	(757, 540)	low	no	no_dis	N	same	vert	up	True	186930	188215	up	1	1	66
6	chm	f	26	1	50	diamond	green	(757, 540)	low	dis	(645, 428)	N	same	vert	up	True	189301	190679	up	1	1	67
6	chm	f	26	1	50	diamond	red	(565, 460)	low	no	no_dis	N	same	vert	up	True	191878	192935	up	1	1	68
6	chm	f	26	1	50	circle	green	(724, 460)	low	dis	(565, 460)	N	dif	vert	up	True	194115	195038	up	1	1	69
6	chm	f	26	1	50	diamond	green	(565, 619)	high	dis	(645, 652)	N	same	hori	left	True	196105	197967	left	1	1	70
6	chm	f	26	1	50	circle	red	(565, 619)	high	dis	(724, 619)	N	same	hori	left	True	199164	200559	left	1	1	71
6	chm	f	26	1	50	diamond	red	(533, 540)	low	dis	(645, 428)	N	same	hori	left	True	201767	202983	left	1	1	72
6	chm	f	26	1	50	circle	red	(565, 619)	high	dis	(724, 460)	N	dif	hori	left	True	204104	205782	left	1	1	73
6	chm	f	26	1	50	diamond	red	(565, 619)	high	dis	(724, 619)	N	same	hori	left	True	207025	208302	left	1	1	74
6	chm	f	26	1	50	circle	green	(724, 460)	low	no	no_dis	N	same	vert	up	True	209506	210479	up	1	1	75
6	chm	f	26	1	50	circle	green	(565, 619)	high	dis	(757, 540)	N	same	hori	left	True	211706	214527	left	1	1	76
6	chm	f	26	1	50	diamond	green	(565, 619)	high	dis	(724, 619)	N	same	hori	left	True	215737	217014	left	1	1	77
6	chm	f	26	1	50	circle	green	(565, 619)	high	no	no_dis	N	dif	vert	up	True	218255	219679	up	1	1	78
6	chm	f	26	1	50	diamond	red	(565, 619)	high	no	no_dis	N	dif	hori	left	True	220808	221735	left	1	1	79
6	chm	f	26	1	50	diamond	green	(565, 619)	high	dis	(533, 540)	N	dif	hori	left	True	222916	224334	left	1	1	80
6	chm	f	26	1	50	circle	green	(565, 619)	high	no	no_dis	N	same	vert	up	True	225564	226775	up	1	1	81
6	chm	f	26	1	50	diamond	red	(645, 428)	low	no	no_dis	N	same	vert	up	True	227917	228798	up	1	1	82
6	chm	f	26	1	50	circle	green	(645, 652)	low	dis	(565, 460)	N	same	vert	up	True	229997	231462	left	0	1	83
6	chm	f	26	1	50	circle	red	(645, 652)	low	no	no_dis	N	dif	vert	up	True	234210	235287	up	1	1	84
6	chm	f	26	1	50	circle	green	(645, 652)	low	dis	(565, 619)	Y	same	hori	left	True	236466	237711	left	1	1	85
6	chm	f	26	1	50	circle	red	(565, 619)	high	dis	(645, 428)	N	same	vert	up	True	238881	240439	up	1	1	86
6	chm	f	26	1	50	diamond	red	(565, 619)	high	no	no_dis	N	dif	vert	up	True	241581	243511	up	1	1	87
6	chm	f	26	1	50	circle	green	(565, 619)	high	dis	(533, 540)	N	dif	hori	left	True	244697	246270	left	1	1	88
6	chm	f	26	1	50	circle	red	(565, 619)	high	dis	(724, 619)	N	dif	hori	left	True	247472	249078	left	1	1	89
6	chm	f	26	1	50	circle	green	(757, 540)	low	no	no_dis	N	same	hori	left	True	250242	251039	left	1	1	90
6	chm	f	26	1	50	circle	red	(565, 619)	high	dis	(533, 540)	N	same	hori	left	True	252084	254039	left	1	1	91
6	chm	f	26	1	50	circle	red	(724, 619)	low	dis	(533, 540)	N	same	hori	left	True	255177	256598	left	1	1	92
6	chm	f	26	1	50	circle	red	(565, 619)	high	no	no_dis	N	same	hori	left	True	257816	258622	left	1	1	93
6	chm	f	26	1	50	circle	green	(533, 540)	low	dis	(724, 619)	N	same	vert	up	True	259800	261239	up	1	1	94
6	chm	f	26	1	50	diamond	red	(565, 619)	high	dis	(724, 460)	N	same	vert	up	True	262415	264279	up	1	1	95
6	chm	f	26	1	50	diamond	red	(724, 619)	low	no	no_dis	N	dif	hori	left	True	265333	266199	left	1	1	96
6	chm	f	26	1	50	diamond	red	(565, 619)	high	no	no_dis	N	same	hori	left	True	267452	268958	left	1	1	97
6	chm	f	26	1	50	diamond	green	(645, 652)	low	dis	(757, 540)	N	same	vert	up	True	270046	271191	up	1	1	98
6	chm	f	26	1	50	diamond	green	(565, 619)	high	dis	(533, 540)	N	same	vert	up	True	272228	275038	up	1	1	99
6	chm	f	26	1	50	circle	red	(565, 619)	high	no	no_dis	N	dif	vert	up	True	276162	277054	up	1	1	100
6	chm	f	26	1	50	circle	red	(565, 619)	high	dis	(757, 540)	N	dif	vert	up	True	278121	279710	up	1	1	101
6	chm	f	26	1	50	diamond	red	(565, 619)	high	dis	(533, 540)	N	same	vert	up	True	280827	282255	up	1	1	102
6	chm	f	26	1	50	circle	green	(724, 619)	low	no	no_dis	N	dif	hori	left	True	283474	284295	left	1	1	103
6	chm	f	26	1	50	diamond	green	(645, 428)	low	dis	(757, 540)	N	same	hori	left	True	285491	287518	left	1	1	104
6	chm	f	26	1	50	diamond	green	(757, 540)	low	no	no_dis	N	same	hori	left	True	288573	289575	left	1	1	105
6	chm	f	26	1	50	circle	red	(645, 652)	low	no	no_dis	N	dif	hori	left	True	290709	291902	left	1	1	106
6	chm	f	26	1	50	diamond	red	(724, 619)	low	dis	(724, 460)	N	same	vert	up	True	292999	294014	up	1	1	107
6	chm	f	26	1	50	circle	red	(724, 460)	low	dis	(565, 619)	Y	dif	hori	left	True	295083	296118	left	1	1	108
6	chm	f	26	1	50	diamond	red	(757, 540)	low	dis	(645, 652)	N	dif	hori	left	True	297337	298935	left	1	1	109
6	chm	f	26	1	50	diamond	red	(565, 460)	low	dis	(645, 428)	N	dif	vert	up	True	299970	301294	up	1	1	110
6	chm	f	26	1	50	circle	green	(565, 619)	high	no	no_dis	N	dif	hori	left	True	302535	304135	left	1	1	111
6	chm	f	26	1	50	diamond	green	(757, 540)	low	dis	(565, 619)	Y	same	vert	up	True	305243	306230	left	0	1	112
6	chm	f	26	1	50	circle	red	(565, 619)	high	dis	(645, 652)	N	same	vert	up	True	308762	310263	up	1	1	113
6	chm	f	26	1	50	circle	green	(565, 619)	high	dis	(565, 460)	N	dif	vert	up	True	311372	313534	up	1	1	114
6	chm	f	26	1	50	diamond	red	(645, 428)	low	dis	(757, 540)	N	dif	hori	left	True	314742	316015	left	1	1	115
6	chm	f	26	1	50	circle	red	(565, 619)	high	no	no_dis	N	same	vert	up	True	317210	318023	up	1	1	116
6	chm	f	26	1	50	circle	green	(565, 619)	high	dis	(645, 652)	N	same	vert	up	True	319274	320711	up	1	1	117
6	chm	f	26	1	50	diamond	red	(645, 652)	low	dis	(724, 460)	N	dif	hori	left	True	321860	323071	left	1	1	118
6	chm	f	26	1	50	circle	red	(565, 619)	high	no	no_dis	N	same	vert	up	True	324166	324990	up	1	1	119
6	chm	f	26	1	50	diamond	green	(533, 540)	low	no	no_dis	N	dif	vert	up	True	326085	327079	up	1	1	120
6	chm	f	26	1	50	circle	green	(565, 619)	high	dis	(724, 619)	N	dif	vert	up	True	361887	363470	up	1	2	1
6	chm	f	26	1	50	circle	red	(565, 619)	high	dis	(645, 652)	N	dif	hori	left	True	364587	365735	left	1	2	2
6	chm	f	26	1	50	circle	green	(645, 428)	low	no	no_dis	N	dif	vert	up	True	366769	367502	up	1	2	3
6	chm	f	26	1	50	diamond	red	(565, 619)	high	dis	(565, 460)	N	same	vert	up	True	368522	370046	up	1	2	4
6	chm	f	26	1	50	circle	red	(724, 619)	low	dis	(757, 540)	N	same	vert	up	True	371293	372598	up	1	2	5
6	chm	f	26	1	50	diamond	green	(565, 619)	high	dis	(645, 652)	N	dif	hori	left	True	373819	374998	up	0	2	6
6	chm	f	26	1	50	diamond	green	(757, 540)	low	no	no_dis	N	same	vert	up	True	377648	378390	up	1	2	7
6	chm	f	26	1	50	circle	red	(565, 619)	high	dis	(533, 540)	N	dif	vert	up	True	379638	380502	up	1	2	8
6	chm	f	26	1	50	diamond	green	(533, 540)	low	dis	(724, 619)	N	same	hori	left	True	381682	382967	left	1	2	9
6	chm	f	26	1	50	diamond	green	(565, 619)	high	no	no_dis	N	same	hori	left	True	384110	385502	left	1	2	10
6	chm	f	26	1	50	diamond	green	(724, 460)	low	dis	(565, 619)	Y	same	vert	up	True	386625	387494	up	1	2	11
6	chm	f	26	1	50	circle	red	(645, 428)	low	dis	(565, 619)	Y	same	hori	left	True	388686	389895	left	1	2	12
6	chm	f	26	1	50	diamond	red	(757, 540)	low	dis	(645, 652)	N	dif	hori	left	True	390984	392286	left	1	2	13
6	chm	f	26	1	50	circle	red	(565, 619)	high	dis	(645, 428)	N	same	hori	left	True	393294	394335	left	1	2	14
6	chm	f	26	1	50	diamond	green	(565, 619)	high	dis	(533, 540)	N	dif	vert	up	True	395521	396518	up	1	2	15
6	chm	f	26	1	50	circle	red	(565, 619)	high	dis	(724, 619)	N	dif	hori	left	True	397550	398711	left	1	2	16
6	chm	f	26	1	50	diamond	red	(565, 619)	high	dis	(724, 619)	N	dif	hori	left	True	399934	401134	left	1	2	17
6	chm	f	26	1	50	diamond	green	(565, 619)	high	dis	(645, 428)	N	same	hori	left	True	402155	403598	left	1	2	18
6	chm	f	26	1	50	diamond	green	(565, 619)	high	no	no_dis	N	same	hori	left	True	404653	405798	left	1	2	19
6	chm	f	26	1	50	circle	red	(565, 619)	high	dis	(645, 428)	N	dif	hori	left	True	406842	408030	left	1	2	20
6	chm	f	26	1	50	diamond	green	(565, 460)	low	dis	(757, 540)	N	dif	vert	up	True	409261	410190	up	1	2	21
6	chm	f	26	1	50	circle	green	(724, 460)	low	no	no_dis	N	same	hori	left	True	411385	412870	left	1	2	22
6	chm	f	26	1	50	circle	red	(533, 540)	low	dis	(724, 619)	N	same	hori	left	True	413892	414814	left	1	2	23
6	chm	f	26	1	50	diamond	red	(565, 619)	high	dis	(533, 540)	N	dif	vert	up	True	415857	416670	up	1	2	24
6	chm	f	26	1	50	circle	green	(533, 540)	low	dis	(757, 540)	N	dif	hori	left	True	417694	419079	left	1	2	25
6	chm	f	26	1	50	circle	red	(565, 619)	high	no	no_dis	N	dif	vert	up	True	420086	421527	left	0	2	26
6	chm	f	26	1	50	diamond	red	(724, 619)	low	dis	(565, 619)	Y	same	vert	up	True	424238	425366	up	1	2	27
6	chm	f	26	1	50	circle	green	(565, 619)	high	dis	(645, 428)	N	dif	hori	left	True	426525	427990	left	1	2	28
6	chm	f	26	1	50	diamond	green	(565, 619)	high	dis	(724, 460)	N	same	vert	up	True	429029	430174	up	1	2	29
6	chm	f	26	1	50	diamond	red	(565, 619)	high	dis	(757, 540)	N	same	hori	left	True	431427	433294	left	1	2	30
6	chm	f	26	1	50	circle	red	(565, 619)	high	no	no_dis	N	dif	vert	up	True	434519	435886	up	1	2	31
6	chm	f	26	1	50	diamond	green	(645, 652)	low	no	no_dis	N	dif	hori	left	True	437040	438358	left	1	2	32
6	chm	f	26	1	50	circle	red	(565, 619)	high	dis	(724, 460)	N	dif	vert	up	True	439558	440758	up	1	2	33
6	chm	f	26	1	50	diamond	green	(565, 460)	low	dis	(533, 540)	N	dif	hori	left	True	441922	443006	left	1	2	34
6	chm	f	26	1	50	diamond	red	(565, 460)	low	no	no_dis	N	same	hori	left	True	444044	444742	left	1	2	35
6	chm	f	26	1	50	circle	green	(565, 619)	high	dis	(724, 460)	N	same	hori	left	True	445810	446742	left	1	2	36
6	chm	f	26	1	50	circle	red	(565, 460)	low	dis	(724, 619)	N	dif	vert	up	True	447916	448806	up	1	2	37
6	chm	f	26	1	50	diamond	red	(533, 540)	low	no	no_dis	N	dif	hori	left	True	450029	450919	left	1	2	38
6	chm	f	26	1	50	circle	green	(724, 460)	low	dis	(645, 428)	N	same	hori	left	True	452144	453206	left	1	2	39
6	chm	f	26	1	50	circle	red	(533, 540)	low	dis	(565, 619)	Y	dif	hori	left	True	454431	455318	left	1	2	40
6	chm	f	26	1	50	diamond	green	(565, 619)	high	dis	(757, 540)	N	same	hori	left	True	456483	457294	up	0	2	41
6	chm	f	26	1	50	circle	red	(565, 619)	high	no	no_dis	N	dif	vert	up	True	459916	460606	up	1	2	42
6	chm	f	26	1	50	circle	green	(645, 652)	low	no	no_dis	N	same	hori	left	True	461792	462470	left	1	2	43
6	chm	f	26	1	50	diamond	green	(645, 652)	low	dis	(724, 619)	N	same	vert	up	True	463477	464742	left	0	2	44
6	chm	f	26	1	50	diamond	red	(565, 619)	high	no	no_dis	N	same	hori	left	True	467316	468286	left	1	2	45
6	chm	f	26	1	50	circle	green	(565, 619)	high	no	no_dis	N	same	hori	left	True	469418	470694	left	1	2	46
6	chm	f	26	1	50	diamond	red	(565, 619)	high	dis	(724, 460)	N	dif	hori	left	True	471821	473006	left	1	2	47
6	chm	f	26	1	50	diamond	green	(645, 652)	low	dis	(565, 460)	N	dif	vert	up	True	474133	475030	up	1	2	48
6	chm	f	26	1	50	diamond	red	(565, 619)	high	dis	(645, 652)	N	same	vert	up	True	476102	477262	left	0	2	49
6	chm	f	26	1	50	diamond	red	(565, 619)	high	dis	(533, 540)	N	same	hori	left	True	479992	481182	left	1	2	50
6	chm	f	26	1	50	diamond	green	(565, 619)	high	no	no_dis	N	same	vert	up	True	482222	482910	up	1	2	51
6	chm	f	26	1	50	circle	red	(565, 460)	low	no	no_dis	N	same	vert	up	True	484019	485214	up	1	2	52
6	chm	f	26	1	50	diamond	green	(757, 540)	low	dis	(533, 540)	N	same	vert	up	True	486233	486982	up	1	2	53
6	chm	f	26	1	50	diamond	green	(565, 619)	high	dis	(645, 652)	N	same	vert	up	True	488123	489286	up	1	2	54
6	chm	f	26	1	50	diamond	red	(533, 540)	low	dis	(565, 460)	N	same	vert	up	True	490441	491358	up	1	2	55
6	chm	f	26	1	50	circle	red	(565, 619)	high	no	no_dis	N	dif	vert	up	True	492400	493374	up	1	2	56
6	chm	f	26	1	50	circle	red	(724, 460)	low	no	no_dis	N	dif	vert	up	True	494381	495086	up	1	2	57
6	chm	f	26	1	50	diamond	green	(565, 619)	high	no	no_dis	N	dif	hori	left	True	496118	496910	left	1	2	58
6	chm	f	26	1	50	diamond	green	(565, 619)	high	dis	(645, 652)	N	same	hori	left	True	498090	498918	left	1	2	59
6	chm	f	26	1	50	circle	green	(757, 540)	low	dis	(724, 460)	N	same	hori	left	True	500105	501526	left	1	2	60
6	chm	f	26	1	50	circle	red	(757, 540)	low	dis	(645, 428)	N	dif	hori	left	True	502768	503526	up	0	2	61
6	chm	f	26	1	50	diamond	green	(645, 428)	low	no	no_dis	N	same	vert	up	True	506233	507095	up	1	2	62
6	chm	f	26	1	50	circle	green	(565, 619)	high	dis	(757, 540)	N	same	vert	up	True	508297	509598	up	1	2	63
6	chm	f	26	1	50	circle	red	(565, 619)	high	dis	(757, 540)	N	same	hori	left	True	510738	511702	left	1	2	64
6	chm	f	26	1	50	circle	red	(645, 652)	low	dis	(645, 428)	N	dif	hori	left	True	512880	513982	left	1	2	65
6	chm	f	26	1	50	diamond	red	(645, 428)	low	dis	(533, 540)	N	dif	hori	left	True	514988	516158	left	1	2	66
6	chm	f	26	1	50	diamond	red	(565, 619)	high	dis	(565, 460)	N	same	vert	up	True	517282	518359	up	1	2	67
6	chm	f	26	1	50	circle	red	(724, 460)	low	no	no_dis	N	dif	vert	up	True	519552	520470	up	1	2	68
6	chm	f	26	1	50	circle	green	(565, 619)	high	dis	(724, 460)	N	dif	vert	up	True	521617	522854	left	0	2	69
6	chm	f	26	1	50	circle	green	(645, 652)	low	dis	(565, 619)	Y	same	hori	left	True	525533	527934	left	1	2	70
6	chm	f	26	1	50	circle	red	(757, 540)	low	dis	(565, 619)	Y	same	hori	left	True	528991	529878	left	1	2	71
6	chm	f	26	1	50	circle	green	(645, 652)	low	dis	(645, 428)	N	dif	vert	up	True	531090	532246	up	1	2	72
6	chm	f	26	1	50	circle	green	(565, 619)	high	dis	(533, 540)	N	dif	vert	up	True	533450	535374	up	1	2	73
6	chm	f	26	1	50	circle	green	(565, 619)	high	dis	(645, 652)	N	same	vert	up	True	536554	537246	up	1	2	74
6	chm	f	26	1	50	circle	green	(565, 619)	high	dis	(645, 428)	N	dif	hori	left	True	538435	539670	left	1	2	75
6	chm	f	26	1	50	circle	green	(565, 619)	high	no	no_dis	N	same	hori	left	True	540683	541334	left	1	2	76
6	chm	f	26	1	50	diamond	green	(724, 619)	low	no	no_dis	N	same	vert	up	True	542489	543694	up	1	2	77
6	chm	f	26	1	50	diamond	green	(565, 619)	high	dis	(724, 460)	N	same	hori	left	True	544704	545886	left	1	2	78
6	chm	f	26	1	50	diamond	green	(565, 619)	high	no	no_dis	N	dif	vert	up	True	547014	547622	left	0	2	79
6	chm	f	26	1	50	diamond	green	(724, 619)	low	no	no_dis	N	same	hori	left	True	550234	551462	left	1	2	80
6	chm	f	26	1	50	diamond	red	(724, 619)	low	dis	(724, 460)	N	dif	hori	left	True	552700	553790	left	1	2	81
6	chm	f	26	1	50	diamond	red	(565, 619)	high	no	no_dis	N	same	vert	up	True	555018	555734	up	1	2	82
6	chm	f	26	1	50	circle	red	(645, 428)	low	no	no_dis	N	same	hori	left	True	556744	558230	left	1	2	83
6	chm	f	26	1	50	circle	red	(533, 540)	low	no	no_dis	N	same	vert	up	True	559443	560390	up	1	2	84
6	chm	f	26	1	50	diamond	red	(724, 619)	low	no	no_dis	N	dif	hori	left	True	561559	562510	left	1	2	85
6	chm	f	26	1	50	circle	green	(757, 540)	low	no	no_dis	N	dif	vert	up	True	563720	565214	up	1	2	86
6	chm	f	26	1	50	diamond	green	(565, 619)	high	dis	(724, 619)	N	dif	hori	left	True	566315	567414	left	1	2	87
6	chm	f	26	1	50	circle	green	(724, 619)	low	dis	(565, 460)	N	dif	vert	up	True	568466	569766	left	0	2	88
6	chm	f	26	1	50	circle	red	(724, 460)	low	dis	(565, 619)	Y	dif	vert	up	True	572428	573398	up	1	2	89
6	chm	f	26	1	50	diamond	red	(645, 428)	low	dis	(565, 619)	Y	same	vert	up	True	574616	575510	up	1	2	90
6	chm	f	26	1	50	circle	green	(565, 619)	high	no	no_dis	N	same	vert	up	True	576709	577534	up	1	2	91
6	chm	f	26	1	50	circle	green	(724, 460)	low	dis	(724, 619)	N	dif	vert	up	True	578622	579894	up	1	2	92
6	chm	f	26	1	50	diamond	red	(724, 460)	low	dis	(533, 540)	N	same	hori	left	True	581025	582318	left	1	2	93
6	chm	f	26	1	50	circle	red	(565, 619)	high	dis	(645, 428)	N	same	vert	up	True	583443	584422	up	1	2	94
6	chm	f	26	1	50	circle	red	(757, 540)	low	dis	(565, 619)	Y	dif	hori	left	True	585524	586582	left	1	2	95
6	chm	f	26	1	50	circle	red	(565, 619)	high	no	no_dis	N	dif	hori	left	True	587658	588854	left	1	2	96
6	chm	f	26	1	50	circle	green	(645, 652)	low	no	no_dis	N	dif	hori	left	True	589915	591142	left	1	2	97
6	chm	f	26	1	50	circle	green	(565, 619)	high	dis	(565, 460)	N	same	hori	left	True	592214	593134	left	1	2	98
6	chm	f	26	1	50	diamond	red	(565, 460)	low	dis	(645, 652)	N	same	vert	up	True	594300	595206	up	1	2	99
6	chm	f	26	1	50	diamond	red	(565, 460)	low	no	no_dis	N	dif	vert	up	True	596362	597454	up	1	2	100
6	chm	f	26	1	50	diamond	red	(565, 619)	high	dis	(757, 540)	N	dif	vert	up	True	598518	599470	up	1	2	101
6	chm	f	26	1	50	circle	green	(645, 428)	low	dis	(724, 460)	N	same	hori	left	True	600722	601542	up	0	2	102
6	chm	f	26	1	50	circle	red	(565, 619)	high	dis	(757, 540)	N	dif	vert	up	True	604085	605078	left	0	2	103
6	chm	f	26	1	50	circle	red	(565, 619)	high	dis	(565, 460)	N	dif	hori	left	True	607606	609078	left	1	2	104
6	chm	f	26	1	50	circle	green	(724, 619)	low	dis	(565, 460)	N	same	vert	up	True	610325	611245	up	1	2	105
6	chm	f	26	1	50	diamond	red	(565, 619)	high	no	no_dis	N	dif	hori	left	True	612479	613374	left	1	2	106
6	chm	f	26	1	50	circle	green	(565, 619)	high	no	no_dis	N	same	vert	up	True	614561	615742	up	1	2	107
6	chm	f	26	1	50	diamond	green	(645, 428)	low	dis	(724, 460)	N	same	vert	up	True	616753	617878	up	1	2	108
6	chm	f	26	1	50	circle	green	(565, 619)	high	dis	(533, 540)	N	same	vert	up	True	619096	621790	up	1	2	109
6	chm	f	26	1	50	circle	green	(565, 619)	high	no	no_dis	N	dif	hori	left	True	622950	623805	left	1	2	110
6	chm	f	26	1	50	diamond	red	(565, 619)	high	no	no_dis	N	same	vert	up	True	624872	625742	up	1	2	111
6	chm	f	26	1	50	diamond	red	(645, 652)	low	dis	(565, 619)	Y	dif	hori	left	True	626753	627702	left	1	2	112
6	chm	f	26	1	50	diamond	red	(757, 540)	low	no	no_dis	N	dif	hori	left	True	628714	629750	left	1	2	113
6	chm	f	26	1	50	diamond	red	(565, 619)	high	dis	(724, 619)	N	same	vert	up	True	630870	631606	up	1	2	114
6	chm	f	26	1	50	diamond	green	(565, 619)	high	dis	(565, 460)	N	dif	vert	up	True	632805	633734	up	1	2	115
6	chm	f	26	1	50	diamond	red	(645, 428)	low	dis	(757, 540)	N	dif	vert	up	True	634846	636014	up	1	2	116
6	chm	f	26	1	50	circle	green	(565, 460)	low	dis	(645, 652)	N	same	hori	left	True	637148	639014	left	1	2	117
6	chm	f	26	1	50	diamond	green	(565, 460)	low	dis	(645, 652)	N	dif	vert	up	True	640145	641782	up	1	2	118
6	chm	f	26	1	50	diamond	red	(565, 619)	high	no	no_dis	N	dif	hori	left	True	642979	644030	left	1	2	119
6	chm	f	26	1	50	diamond	green	(724, 619)	low	dis	(565, 460)	N	dif	vert	up	True	645130	645878	up	1	2	120
6	chm	f	26	1	50	circle	red	(757, 540)	low	no	no_dis	N	dif	hori	left	True	683749	685382	left	1	3	1
6	chm	f	26	1	50	circle	green	(565, 619)	high	no	no_dis	N	dif	vert	up	True	686501	687878	up	1	3	2
6	chm	f	26	1	50	circle	green	(565, 619)	high	no	no_dis	N	same	vert	up	True	689082	690478	up	1	3	3
6	chm	f	26	1	50	circle	red	(565, 619)	high	dis	(533, 540)	N	same	hori	left	True	691684	692750	left	1	3	4
6	chm	f	26	1	50	circle	red	(565, 619)	high	no	no_dis	N	same	hori	left	True	693835	695086	left	1	3	5
6	chm	f	26	1	50	circle	green	(724, 460)	low	no	no_dis	N	dif	vert	up	True	696219	696918	up	1	3	6
6	chm	f	26	1	50	diamond	red	(565, 619)	high	no	no_dis	N	same	vert	up	True	698168	698878	up	1	3	7
6	chm	f	26	1	50	circle	green	(565, 619)	high	dis	(724, 619)	N	dif	vert	up	True	699891	701046	up	1	3	8
6	chm	f	26	1	50	circle	red	(565, 619)	high	dis	(565, 460)	N	same	hori	left	True	702201	703590	left	1	3	9
6	chm	f	26	1	50	diamond	red	(724, 460)	low	dis	(565, 460)	N	dif	vert	up	True	704761	705678	up	1	3	10
6	chm	f	26	1	50	diamond	red	(757, 540)	low	dis	(724, 460)	N	same	vert	up	True	706739	707974	up	1	3	11
6	chm	f	26	1	50	diamond	green	(757, 540)	low	dis	(724, 619)	N	dif	hori	left	True	709017	710165	up	0	3	12
6	chm	f	26	1	50	diamond	red	(565, 619)	high	dis	(724, 460)	N	dif	hori	left	True	712822	713742	left	1	3	13
6	chm	f	26	1	50	circle	green	(565, 619)	high	dis	(724, 619)	N	same	vert	up	True	714973	716533	up	1	3	14
6	chm	f	26	1	50	diamond	green	(757, 540)	low	dis	(565, 619)	Y	dif	hori	left	True	717695	718805	left	1	3	15
6	chm	f	26	1	50	diamond	red	(645, 428)	low	dis	(565, 619)	Y	same	hori	left	True	719810	720694	left	1	3	16
6	chm	f	26	1	50	diamond	red	(645, 652)	low	dis	(565, 619)	Y	same	vert	up	True	721701	722558	left	0	3	17
6	chm	f	26	1	50	diamond	green	(724, 619)	low	no	no_dis	N	dif	vert	up	True	725175	725934	up	1	3	18
6	chm	f	26	1	50	circle	red	(645, 428)	low	no	no_dis	N	same	hori	left	True	727160	729014	left	1	3	19
6	chm	f	26	1	50	circle	green	(565, 460)	low	no	no_dis	N	same	hori	left	True	730061	730918	left	1	3	20
6	chm	f	26	1	50	diamond	red	(645, 428)	low	dis	(565, 619)	Y	dif	hori	left	True	732034	733062	left	1	3	21
6	chm	f	26	1	50	circle	red	(565, 619)	high	dis	(645, 652)	N	dif	hori	left	True	734221	735206	left	1	3	22
6	chm	f	26	1	50	circle	green	(565, 619)	high	dis	(757, 540)	N	same	hori	left	True	736363	737822	left	1	3	23
6	chm	f	26	1	50	diamond	red	(565, 619)	high	dis	(565, 460)	N	dif	hori	left	True	739073	740390	left	1	3	24
6	chm	f	26	1	50	circle	green	(724, 460)	low	dis	(565, 619)	Y	same	vert	up	True	741575	742741	up	1	3	25
6	chm	f	26	1	50	circle	green	(724, 460)	low	dis	(565, 619)	Y	same	hori	left	True	743982	745014	left	1	3	26
6	chm	f	26	1	50	circle	green	(565, 619)	high	dis	(645, 652)	N	same	vert	up	True	746019	747358	up	1	3	27
6	chm	f	26	1	50	circle	green	(565, 619)	high	dis	(533, 540)	N	dif	hori	left	True	748442	749901	left	1	3	28
6	chm	f	26	1	50	diamond	green	(533, 540)	low	no	no_dis	N	same	vert	up	True	750945	751934	up	1	3	29
6	chm	f	26	1	50	diamond	red	(565, 619)	high	dis	(724, 460)	N	same	hori	left	True	753169	754190	left	1	3	30
6	chm	f	26	1	50	diamond	red	(565, 460)	low	no	no_dis	N	dif	vert	up	True	755221	756213	up	1	3	31
6	chm	f	26	1	50	diamond	red	(565, 619)	high	dis	(565, 460)	N	same	vert	up	True	757293	758110	up	1	3	32
6	chm	f	26	1	50	circle	red	(565, 619)	high	dis	(533, 540)	N	same	vert	up	True	759224	760638	left	0	3	33
6	chm	f	26	1	50	circle	green	(757, 540)	low	dis	(565, 619)	Y	same	hori	left	True	763353	764214	left	1	3	34
6	chm	f	26	1	50	diamond	green	(724, 619)	low	dis	(533, 540)	N	same	vert	up	True	765313	766125	up	1	3	35
6	chm	f	26	1	50	circle	green	(645, 652)	low	dis	(565, 460)	N	dif	vert	up	True	767367	768269	up	1	3	36
6	chm	f	26	1	50	diamond	green	(565, 460)	low	dis	(533, 540)	N	same	hori	left	True	769407	770822	left	1	3	37
6	chm	f	26	1	50	diamond	green	(565, 619)	high	dis	(757, 540)	N	same	vert	up	True	771927	772709	up	1	3	38
6	chm	f	26	1	50	circle	red	(757, 540)	low	dis	(645, 428)	N	dif	vert	up	True	773893	775557	up	1	3	39
6	chm	f	26	1	50	diamond	red	(645, 652)	low	no	no_dis	N	same	vert	up	True	776770	777662	up	1	3	40
6	chm	f	26	1	50	circle	green	(565, 619)	high	dis	(645, 652)	N	dif	vert	up	True	778823	779750	up	1	3	41
6	chm	f	26	1	50	circle	red	(757, 540)	low	dis	(645, 428)	N	dif	hori	left	True	780910	781606	left	1	3	42
6	chm	f	26	1	50	diamond	green	(565, 619)	high	dis	(757, 540)	N	same	hori	left	True	782721	783805	left	1	3	43
6	chm	f	26	1	50	diamond	red	(565, 619)	high	dis	(565, 460)	N	dif	vert	up	True	784974	785846	up	1	3	44
6	chm	f	26	1	50	circle	green	(565, 619)	high	dis	(645, 652)	N	same	vert	up	True	787001	788510	up	1	3	45
6	chm	f	26	1	50	diamond	green	(565, 619)	high	no	no_dis	N	same	vert	up	True	789524	790566	up	1	3	46
6	chm	f	26	1	50	diamond	red	(533, 540)	low	dis	(565, 460)	N	dif	vert	up	True	791595	792749	up	1	3	47
6	chm	f	26	1	50	diamond	red	(724, 619)	low	no	no_dis	N	dif	hori	left	True	793949	794926	left	1	3	48
6	chm	f	26	1	50	diamond	red	(565, 619)	high	dis	(565, 460)	N	dif	hori	left	True	796134	796989	left	1	3	49
6	chm	f	26	1	50	diamond	red	(565, 619)	high	no	no_dis	N	dif	hori	left	True	798111	799005	left	1	3	50
6	chm	f	26	1	50	diamond	red	(565, 619)	high	no	no_dis	N	same	hori	left	True	800189	800934	left	1	3	51
6	chm	f	26	1	50	diamond	green	(724, 460)	low	dis	(645, 652)	N	same	vert	up	True	802173	803038	up	1	3	52
6	chm	f	26	1	50	circle	red	(724, 460)	low	dis	(645, 428)	N	dif	hori	left	True	804066	805333	left	1	3	53
6	chm	f	26	1	50	circle	green	(565, 619)	high	dis	(645, 652)	N	dif	hori	left	True	806377	807829	left	1	3	54
6	chm	f	26	1	50	circle	red	(565, 460)	low	no	no_dis	N	same	hori	left	True	809065	809686	left	1	3	55
6	chm	f	26	1	50	diamond	green	(565, 619)	high	dis	(757, 540)	N	dif	hori	left	True	810787	811614	left	1	3	56
6	chm	f	26	1	50	circle	red	(533, 540)	low	no	no_dis	N	dif	hori	left	True	812711	813813	left	1	3	57
6	chm	f	26	1	50	circle	green	(645, 652)	low	no	no_dis	N	same	vert	up	True	814891	815677	up	1	3	58
6	chm	f	26	1	50	diamond	red	(645, 428)	low	no	no_dis	N	dif	vert	up	True	816762	817509	up	1	3	59
6	chm	f	26	1	50	circle	red	(724, 619)	low	dis	(645, 652)	N	dif	hori	left	True	818555	819470	left	1	3	60
6	chm	f	26	1	50	diamond	green	(565, 619)	high	dis	(757, 540)	N	dif	vert	up	True	820666	821485	up	1	3	61
6	chm	f	26	1	50	circle	green	(645, 652)	low	dis	(757, 540)	N	same	hori	left	True	822631	823645	left	1	3	62
6	chm	f	26	1	50	circle	red	(565, 619)	high	no	no_dis	N	dif	vert	up	True	824690	825693	up	1	3	63
6	chm	f	26	1	50	circle	red	(645, 652)	low	dis	(533, 540)	N	same	hori	left	True	826841	827814	left	1	3	64
6	chm	f	26	1	50	diamond	red	(565, 619)	high	dis	(565, 460)	N	same	vert	up	True	828921	829837	up	1	3	65
6	chm	f	26	1	50	diamond	green	(565, 619)	high	no	no_dis	N	dif	hori	left	True	831037	832173	left	1	3	66
6	chm	f	26	1	50	circle	red	(565, 619)	high	dis	(645, 652)	N	same	vert	up	True	833411	835349	up	1	3	67
6	chm	f	26	1	50	diamond	green	(645, 652)	low	dis	(757, 540)	N	dif	hori	left	True	836444	837486	left	1	3	68
6	chm	f	26	1	50	diamond	red	(724, 619)	low	no	no_dis	N	dif	hori	left	True	838548	839605	left	1	3	69
6	chm	f	26	1	50	diamond	red	(565, 619)	high	dis	(724, 460)	N	dif	vert	up	True	840667	841398	up	1	3	70
6	chm	f	26	1	50	circle	green	(565, 619)	high	no	no_dis	N	same	hori	left	True	842636	843869	left	1	3	71
6	chm	f	26	1	50	diamond	green	(565, 619)	high	no	no_dis	N	dif	vert	up	True	845034	845789	up	1	3	72
6	chm	f	26	1	50	diamond	green	(565, 619)	high	dis	(724, 460)	N	same	hori	left	True	847037	848102	left	1	3	73
6	chm	f	26	1	50	circle	green	(645, 428)	low	dis	(533, 540)	N	dif	vert	up	True	849178	850206	up	1	3	74
6	chm	f	26	1	50	circle	red	(645, 428)	low	dis	(757, 540)	N	dif	hori	left	True	851389	852694	left	1	3	75
6	chm	f	26	1	50	circle	green	(533, 540)	low	dis	(565, 460)	N	dif	vert	up	True	853806	854725	up	1	3	76
6	chm	f	26	1	50	circle	red	(565, 460)	low	dis	(645, 428)	N	dif	hori	left	True	855841	857141	left	1	3	77
6	chm	f	26	1	50	diamond	red	(565, 619)	high	dis	(533, 540)	N	same	vert	up	True	858379	859253	up	1	3	78
6	chm	f	26	1	50	diamond	green	(565, 619)	high	dis	(724, 619)	N	dif	hori	left	True	860392	861221	left	1	3	79
6	chm	f	26	1	50	circle	red	(565, 619)	high	dis	(724, 619)	N	dif	vert	up	True	862297	863549	left	0	3	80
6	chm	f	26	1	50	diamond	green	(565, 619)	high	no	no_dis	N	same	vert	up	True	866195	866861	up	1	3	81
6	chm	f	26	1	50	diamond	green	(565, 460)	low	dis	(565, 619)	Y	same	hori	left	True	867972	869189	left	1	3	82
6	chm	f	26	1	50	circle	red	(533, 540)	low	dis	(724, 619)	N	same	vert	up	True	870442	871189	up	1	3	83
6	chm	f	26	1	50	circle	red	(565, 619)	high	no	no_dis	N	same	hori	left	True	872414	873117	left	1	3	84
6	chm	f	26	1	50	circle	green	(565, 619)	high	no	no_dis	N	same	vert	up	True	874287	875317	up	1	3	85
6	chm	f	26	1	50	diamond	green	(645, 652)	low	no	no_dis	N	same	vert	up	True	876323	877253	up	1	3	86
6	chm	f	26	1	50	diamond	red	(724, 619)	low	dis	(724, 460)	N	same	vert	up	True	878393	879926	up	1	3	87
6	chm	f	26	1	50	diamond	red	(565, 619)	high	no	no_dis	N	dif	vert	up	True	881096	881853	up	1	3	88
6	chm	f	26	1	50	circle	green	(565, 460)	low	dis	(757, 540)	N	same	hori	left	True	882953	884782	left	1	3	89
6	chm	f	26	1	50	diamond	red	(645, 428)	low	dis	(565, 619)	Y	dif	vert	up	True	885909	886693	up	1	3	90
6	chm	f	26	1	50	diamond	green	(724, 460)	low	no	no_dis	N	same	hori	left	True	887751	888702	left	1	3	91
6	chm	f	26	1	50	circle	red	(565, 619)	high	dis	(724, 460)	N	same	hori	left	True	889840	890941	left	1	3	92
6	chm	f	26	1	50	diamond	green	(565, 619)	high	dis	(645, 428)	N	dif	hori	left	True	892031	892813	left	1	3	93
6	chm	f	26	1	50	diamond	green	(645, 428)	low	no	no_dis	N	same	hori	left	True	893988	894933	left	1	3	94
6	chm	f	26	1	50	circle	green	(565, 619)	high	dis	(645, 428)	N	same	hori	left	True	896111	896965	left	1	3	95
6	chm	f	26	1	50	circle	green	(565, 619)	high	dis	(645, 428)	N	dif	vert	up	True	898200	898886	up	1	3	96
6	chm	f	26	1	50	circle	green	(757, 540)	low	no	no_dis	N	same	vert	up	True	900038	900981	left	0	3	97
6	chm	f	26	1	50	diamond	green	(565, 619)	high	dis	(724, 619)	N	same	hori	left	True	903685	904509	left	1	3	98
6	chm	f	26	1	50	diamond	red	(565, 460)	low	dis	(645, 652)	N	dif	hori	left	True	905701	906517	left	1	3	99
6	chm	f	26	1	50	circle	green	(724, 619)	low	dis	(645, 652)	N	same	vert	up	True	907627	908861	up	1	3	100
6	chm	f	26	1	50	diamond	green	(533, 540)	low	dis	(724, 460)	N	same	hori	left	True	909963	911334	left	1	3	101
6	chm	f	26	1	50	diamond	red	(565, 619)	high	no	no_dis	N	dif	hori	left	True	912518	913317	left	1	3	102
6	chm	f	26	1	50	diamond	green	(565, 619)	high	no	no_dis	N	dif	vert	up	True	914461	915189	up	1	3	103
6	chm	f	26	1	50	circle	red	(757, 540)	low	no	no_dis	N	dif	hori	left	True	916245	916997	left	1	3	104
6	chm	f	26	1	50	circle	red	(565, 619)	high	no	no_dis	N	dif	hori	left	True	918073	918853	left	1	3	105
6	chm	f	26	1	50	diamond	green	(724, 619)	low	dis	(724, 460)	N	same	hori	left	True	919975	921262	left	1	3	106
6	chm	f	26	1	50	diamond	green	(565, 619)	high	dis	(645, 428)	N	dif	vert	up	True	922400	923069	up	1	3	107
6	chm	f	26	1	50	circle	green	(565, 460)	low	dis	(724, 619)	N	same	vert	up	True	924123	925421	left	0	3	108
6	chm	f	26	1	50	diamond	green	(565, 619)	high	dis	(724, 619)	N	dif	vert	up	True	928091	928949	up	1	3	109
6	chm	f	26	1	50	circle	red	(565, 619)	high	dis	(533, 540)	N	same	hori	left	True	930102	930926	left	1	3	110
6	chm	f	26	1	50	circle	red	(565, 619)	high	dis	(645, 428)	N	dif	vert	up	True	932164	933710	up	1	3	111
6	chm	f	26	1	50	diamond	red	(565, 619)	high	dis	(724, 460)	N	dif	hori	left	True	934790	935718	left	1	3	112
6	chm	f	26	1	50	circle	red	(533, 540)	low	dis	(565, 619)	Y	dif	vert	up	True	936838	937702	up	1	3	113
6	chm	f	26	1	50	circle	green	(533, 540)	low	no	no_dis	N	dif	vert	up	True	938865	939949	up	1	3	114
6	chm	f	26	1	50	circle	red	(565, 619)	high	no	no_dis	N	dif	hori	left	True	941067	942165	left	1	3	115
6	chm	f	26	1	50	diamond	green	(645, 428)	low	dis	(724, 619)	N	same	vert	up	True	943249	944382	up	1	3	116
6	chm	f	26	1	50	circle	green	(565, 619)	high	no	no_dis	N	same	hori	left	True	945627	946565	left	1	3	117
6	chm	f	26	1	50	circle	red	(565, 619)	high	dis	(757, 540)	N	same	vert	up	True	947652	948838	up	1	3	118
6	chm	f	26	1	50	diamond	red	(724, 619)	low	dis	(533, 540)	N	dif	vert	up	True	949989	950933	up	1	3	119
6	chm	f	26	1	50	circle	red	(724, 460)	low	dis	(645, 428)	N	dif	vert	up	True	952014	953030	up	1	3	120
6	chm	f	26	1	50	circle	green	(565, 619)	high	dis	(757, 540)	N	dif	vert	up	True	985752	986701	up	1	4	1
6	chm	f	26	1	50	diamond	red	(565, 619)	high	no	no_dis	N	dif	vert	up	True	987841	988501	up	1	4	2
6	chm	f	26	1	50	diamond	red	(757, 540)	low	no	no_dis	N	same	vert	up	True	989747	990429	up	1	4	3
6	chm	f	26	1	50	diamond	green	(724, 619)	low	no	no_dis	N	same	hori	left	True	991482	992357	left	1	4	4
6	chm	f	26	1	50	circle	red	(645, 428)	low	no	no_dis	N	same	hori	left	True	993526	994461	up	0	4	5
6	chm	f	26	1	50	diamond	red	(724, 619)	low	dis	(565, 460)	N	same	vert	up	True	997118	997973	up	1	4	6
6	chm	f	26	1	50	circle	green	(565, 619)	high	dis	(565, 460)	N	same	vert	up	True	999103	1000557	up	1	4	7
6	chm	f	26	1	50	diamond	green	(565, 619)	high	dis	(533, 540)	N	dif	vert	up	True	1001803	1002741	left	0	4	8
6	chm	f	26	1	50	diamond	green	(565, 619)	high	dis	(757, 540)	N	dif	vert	up	True	1005364	1006077	up	1	4	9
6	chm	f	26	1	50	circle	green	(565, 619)	high	dis	(645, 652)	N	dif	hori	left	True	1007127	1008101	left	1	4	10
6	chm	f	26	1	50	diamond	red	(565, 619)	high	no	no_dis	N	dif	hori	left	True	1009149	1010085	left	1	4	11
6	chm	f	26	1	50	circle	red	(645, 428)	low	dis	(724, 619)	N	dif	hori	left	True	1011314	1012901	left	1	4	12
6	chm	f	26	1	50	diamond	red	(724, 619)	low	dis	(565, 619)	Y	same	hori	left	True	1013942	1015661	left	1	4	13
6	chm	f	26	1	50	circle	green	(724, 460)	low	dis	(533, 540)	N	same	hori	left	True	1016846	1017613	up	0	4	14
6	chm	f	26	1	50	circle	green	(645, 652)	low	no	no_dis	N	dif	hori	left	True	1020266	1021405	left	1	4	15
6	chm	f	26	1	50	circle	red	(565, 460)	low	no	no_dis	N	same	hori	left	True	1022494	1023925	left	1	4	16
6	chm	f	26	1	50	circle	red	(565, 619)	high	dis	(645, 428)	N	dif	hori	left	True	1025089	1026326	left	1	4	17
6	chm	f	26	1	50	diamond	red	(533, 540)	low	dis	(645, 428)	N	dif	vert	up	True	1027531	1028541	left	0	4	18
6	chm	f	26	1	50	circle	red	(565, 619)	high	no	no_dis	N	dif	hori	left	True	1031101	1032141	left	1	4	19
6	chm	f	26	1	50	circle	green	(565, 619)	high	no	no_dis	N	same	vert	up	True	1033275	1034669	up	1	4	20
6	chm	f	26	1	50	diamond	red	(565, 619)	high	no	no_dis	N	same	vert	up	True	1035877	1037301	up	1	4	21
6	chm	f	26	1	50	circle	red	(533, 540)	low	dis	(565, 619)	Y	dif	vert	up	True	1038488	1039853	up	1	4	22
6	chm	f	26	1	50	circle	red	(565, 619)	high	no	no_dis	N	dif	hori	left	True	1040906	1042053	left	1	4	23
6	chm	f	26	1	50	diamond	red	(565, 619)	high	dis	(645, 428)	N	same	hori	left	True	1043121	1044269	left	1	4	24
6	chm	f	26	1	50	circle	green	(565, 460)	low	dis	(565, 619)	Y	dif	vert	up	True	1045441	1047278	up	1	4	25
6	chm	f	26	1	50	diamond	green	(724, 619)	low	no	no_dis	N	same	vert	up	True	1048515	1049333	up	1	4	26
6	chm	f	26	1	50	circle	green	(565, 619)	high	dis	(724, 619)	N	dif	hori	left	True	1050445	1051421	left	1	4	27
6	chm	f	26	1	50	diamond	green	(565, 619)	high	dis	(724, 460)	N	same	hori	left	True	1052494	1053389	left	1	4	28
6	chm	f	26	1	50	circle	green	(645, 652)	low	dis	(724, 460)	N	same	vert	up	True	1054408	1055829	up	1	4	29
6	chm	f	26	1	50	circle	red	(565, 619)	high	no	no_dis	N	same	vert	up	True	1056890	1058517	up	1	4	30
6	chm	f	26	1	50	circle	green	(565, 619)	high	dis	(565, 460)	N	dif	hori	left	True	1059633	1060661	left	1	4	31
6	chm	f	26	1	50	diamond	green	(565, 619)	high	no	no_dis	N	same	hori	left	True	1061674	1063500	left	1	4	32
6	chm	f	26	1	50	diamond	green	(565, 619)	high	dis	(724, 619)	N	same	hori	left	True	1064530	1065420	left	1	4	33
6	chm	f	26	1	50	diamond	red	(565, 619)	high	dis	(724, 619)	N	same	vert	up	True	1066476	1067493	up	1	4	34
6	chm	f	26	1	50	circle	green	(533, 540)	low	dis	(724, 460)	N	dif	hori	left	True	1068733	1069964	left	1	4	35
6	chm	f	26	1	50	circle	green	(645, 428)	low	dis	(724, 460)	N	dif	vert	up	True	1070996	1072133	up	1	4	36
6	chm	f	26	1	50	circle	green	(565, 619)	high	dis	(724, 619)	N	dif	vert	up	True	1073222	1075221	up	1	4	37
6	chm	f	26	1	50	diamond	red	(565, 460)	low	dis	(757, 540)	N	dif	hori	left	True	1076350	1077389	left	1	4	38
6	chm	f	26	1	50	diamond	red	(724, 460)	low	dis	(757, 540)	N	same	vert	up	True	1078509	1079445	up	1	4	39
6	chm	f	26	1	50	circle	green	(724, 460)	low	no	no_dis	N	dif	hori	left	True	1080627	1081845	left	1	4	40
6	chm	f	26	1	50	diamond	red	(565, 619)	high	dis	(565, 460)	N	same	hori	left	True	1083082	1086053	left	1	4	41
6	chm	f	26	1	50	diamond	red	(565, 619)	high	dis	(724, 460)	N	dif	vert	up	True	1087227	1088021	up	1	4	42
6	chm	f	26	1	50	circle	green	(533, 540)	low	no	no_dis	N	same	vert	up	True	1089107	1090389	up	1	4	43
6	chm	f	26	1	50	circle	green	(565, 619)	high	no	no_dis	N	same	hori	left	True	1091524	1092805	left	1	4	44
6	chm	f	26	1	50	circle	red	(565, 619)	high	dis	(645, 428)	N	same	vert	up	True	1094050	1095069	up	1	4	45
6	chm	f	26	1	50	circle	red	(565, 619)	high	dis	(724, 460)	N	dif	hori	left	True	1096088	1097677	left	1	4	46
6	chm	f	26	1	50	circle	red	(757, 540)	low	dis	(645, 428)	N	dif	vert	up	True	1098717	1100021	left	0	4	47
6	chm	f	26	1	50	circle	green	(645, 652)	low	dis	(533, 540)	N	dif	vert	up	True	1102579	1103333	up	1	4	48
6	chm	f	26	1	50	circle	green	(565, 460)	low	no	no_dis	N	dif	hori	left	True	1104558	1105660	left	1	4	49
6	chm	f	26	1	50	circle	green	(565, 619)	high	dis	(645, 652)	N	dif	vert	up	True	1106686	1108181	up	1	4	50
6	chm	f	26	1	50	circle	green	(724, 619)	low	dis	(645, 428)	N	same	hori	left	True	1109427	1110229	left	1	4	51
6	chm	f	26	1	50	circle	red	(645, 428)	low	no	no_dis	N	same	vert	up	True	1111286	1111981	up	1	4	52
6	chm	f	26	1	50	circle	green	(565, 619)	high	dis	(533, 540)	N	same	vert	up	True	1113086	1114140	up	1	4	53
6	chm	f	26	1	50	circle	red	(565, 619)	high	no	no_dis	N	same	vert	up	True	1115281	1115989	up	1	4	54
6	chm	f	26	1	50	diamond	red	(565, 619)	high	dis	(645, 428)	N	same	vert	up	True	1117089	1118685	up	1	4	55
6	chm	f	26	1	50	diamond	red	(533, 540)	low	no	no_dis	N	dif	vert	up	True	1119810	1120549	up	1	4	56
6	chm	f	26	1	50	diamond	green	(565, 460)	low	no	no_dis	N	dif	vert	up	True	1121784	1122581	up	1	4	57
6	chm	f	26	1	50	diamond	green	(565, 460)	low	dis	(565, 619)	Y	same	hori	left	True	1123812	1125533	left	1	4	58
6	chm	f	26	1	50	diamond	green	(724, 460)	low	dis	(565, 619)	Y	dif	vert	up	True	1126642	1127477	up	1	4	59
6	chm	f	26	1	50	diamond	red	(645, 652)	low	dis	(565, 619)	Y	same	hori	left	True	1128580	1130701	left	1	4	60
6	chm	f	26	1	50	diamond	red	(565, 619)	high	dis	(724, 619)	N	dif	hori	left	True	1131943	1132676	up	0	4	61
6	chm	f	26	1	50	circle	green	(645, 428)	low	dis	(565, 460)	N	dif	hori	left	True	1135287	1136708	left	1	4	62
6	chm	f	26	1	50	circle	red	(724, 619)	low	no	no_dis	N	same	hori	left	True	1137724	1138677	left	1	4	63
6	chm	f	26	1	50	diamond	red	(724, 460)	low	no	no_dis	N	dif	hori	left	True	1139829	1140653	left	1	4	64
6	chm	f	26	1	50	diamond	green	(565, 619)	high	dis	(757, 540)	N	dif	vert	up	True	1141824	1142660	up	1	4	65
6	chm	f	26	1	50	circle	red	(565, 619)	high	no	no_dis	N	same	hori	left	True	1143672	1144821	left	1	4	66
6	chm	f	26	1	50	diamond	green	(565, 619)	high	no	no_dis	N	dif	vert	up	True	1146062	1146869	up	1	4	67
6	chm	f	26	1	50	circle	green	(565, 619)	high	no	no_dis	N	dif	hori	left	True	1148051	1149293	left	1	4	68
6	chm	f	26	1	50	diamond	green	(645, 428)	low	dis	(757, 540)	N	dif	vert	up	True	1150466	1151253	up	1	4	69
6	chm	f	26	1	50	diamond	green	(565, 619)	high	dis	(533, 540)	N	same	vert	up	True	1152434	1153573	up	1	4	70
6	chm	f	26	1	50	circle	green	(724, 460)	low	no	no_dis	N	dif	hori	left	True	1154577	1155765	left	1	4	71
6	chm	f	26	1	50	diamond	green	(565, 460)	low	dis	(757, 540)	N	same	hori	left	True	1156772	1157861	left	1	4	72
6	chm	f	26	1	50	circle	red	(565, 619)	high	dis	(565, 460)	N	same	hori	left	True	1159002	1160125	left	1	4	73
6	chm	f	26	1	50	circle	red	(565, 619)	high	dis	(724, 460)	N	same	vert	up	True	1161165	1161988	up	1	4	74
6	chm	f	26	1	50	diamond	red	(565, 619)	high	dis	(645, 428)	N	dif	vert	up	True	1163204	1164037	up	1	4	75
6	chm	f	26	1	50	diamond	green	(757, 540)	low	dis	(645, 652)	N	same	vert	up	True	1165256	1165981	up	1	4	76
6	chm	f	26	1	50	circle	red	(533, 540)	low	dis	(645, 652)	N	dif	hori	left	True	1167136	1168533	left	1	4	77
6	chm	f	26	1	50	circle	red	(757, 540)	low	dis	(565, 460)	N	dif	vert	up	True	1169607	1170388	up	1	4	78
6	chm	f	26	1	50	diamond	red	(565, 619)	high	no	no_dis	N	dif	hori	left	True	1171570	1172325	left	1	4	79
6	chm	f	26	1	50	circle	red	(565, 619)	high	dis	(645, 652)	N	dif	vert	up	True	1173436	1175117	up	1	4	80
6	chm	f	26	1	50	diamond	red	(757, 540)	low	dis	(533, 540)	N	dif	hori	left	True	1176302	1177093	left	1	4	81
6	chm	f	26	1	50	circle	green	(757, 540)	low	dis	(565, 460)	N	same	hori	left	True	1178186	1179245	left	1	4	82
6	chm	f	26	1	50	diamond	green	(565, 619)	high	dis	(724, 619)	N	same	hori	left	True	1180373	1181413	left	1	4	83
6	chm	f	26	1	50	diamond	green	(645, 428)	low	no	no_dis	N	dif	vert	up	True	1182487	1183253	up	1	4	84
6	chm	f	26	1	50	circle	red	(724, 460)	low	dis	(724, 619)	N	same	vert	up	True	1184342	1185332	up	1	4	85
6	chm	f	26	1	50	circle	green	(565, 619)	high	no	no_dis	N	same	vert	up	True	1186407	1187853	up	1	4	86
6	chm	f	26	1	50	diamond	red	(533, 540)	low	no	no_dis	N	same	vert	up	True	1188955	1189725	up	1	4	87
6	chm	f	26	1	50	circle	red	(724, 619)	low	dis	(565, 460)	N	same	hori	left	True	1190927	1191996	left	1	4	88
6	chm	f	26	1	50	diamond	green	(565, 619)	high	no	no_dis	N	same	hori	left	True	1193036	1193957	left	1	4	89
6	chm	f	26	1	50	circle	red	(645, 652)	low	dis	(724, 460)	N	same	vert	up	True	1195021	1196157	up	1	4	90
6	chm	f	26	1	50	diamond	red	(645, 428)	low	dis	(565, 619)	Y	dif	hori	left	True	1197360	1198685	left	1	4	91
6	chm	f	26	1	50	diamond	red	(565, 619)	high	no	no_dis	N	same	hori	left	True	1199706	1200597	left	1	4	92
6	chm	f	26	1	50	diamond	green	(565, 619)	high	dis	(645, 652)	N	dif	hori	left	True	1201632	1202373	left	1	4	93
6	chm	f	26	1	50	diamond	red	(565, 619)	high	dis	(757, 540)	N	same	hori	left	True	1203581	1204428	left	1	4	94
6	chm	f	26	1	50	circle	green	(565, 619)	high	dis	(533, 540)	N	same	hori	left	True	1205500	1206885	left	1	4	95
6	chm	f	26	1	50	diamond	green	(724, 619)	low	dis	(565, 619)	Y	same	hori	left	True	1207898	1208685	left	1	4	96
6	chm	f	26	1	50	diamond	green	(565, 460)	low	dis	(724, 619)	N	same	vert	up	True	1209810	1210917	up	1	4	97
6	chm	f	26	1	50	diamond	green	(565, 619)	high	dis	(645, 652)	N	same	vert	up	True	1212034	1213020	left	0	4	98
6	chm	f	26	1	50	circle	red	(533, 540)	low	dis	(724, 619)	N	same	vert	up	True	1215598	1216517	up	1	4	99
6	chm	f	26	1	50	circle	green	(724, 460)	low	dis	(645, 652)	N	same	vert	up	True	1217549	1219725	up	1	4	100
6	chm	f	26	1	50	diamond	green	(645, 652)	low	dis	(565, 619)	Y	dif	hori	left	True	1220742	1221900	left	1	4	101
6	chm	f	26	1	50	circle	red	(565, 619)	high	dis	(645, 652)	N	same	vert	up	True	1223073	1224164	up	1	4	102
6	chm	f	26	1	50	circle	red	(565, 460)	low	dis	(724, 460)	N	same	vert	up	True	1225353	1226117	up	1	4	103
6	chm	f	26	1	50	diamond	red	(724, 460)	low	dis	(645, 652)	N	dif	hori	left	True	1227349	1228125	up	0	4	104
6	chm	f	26	1	50	circle	red	(645, 652)	low	no	no_dis	N	same	hori	left	True	1230648	1231509	left	1	4	105
6	chm	f	26	1	50	diamond	red	(565, 619)	high	dis	(757, 540)	N	dif	vert	up	True	1232642	1233509	up	1	4	106
6	chm	f	26	1	50	diamond	green	(757, 540)	low	no	no_dis	N	dif	vert	up	True	1234630	1235293	up	1	4	107
6	chm	f	26	1	50	diamond	red	(565, 619)	high	dis	(757, 540)	N	dif	hori	left	True	1236527	1237677	left	1	4	108
6	chm	f	26	1	50	circle	red	(565, 619)	high	dis	(533, 540)	N	same	vert	up	True	1238692	1239669	up	1	4	109
6	chm	f	26	1	50	circle	green	(565, 619)	high	no	no_dis	N	dif	vert	up	True	1240856	1242341	up	1	4	110
6	chm	f	26	1	50	diamond	green	(565, 619)	high	no	no_dis	N	dif	vert	up	True	1243542	1244381	up	1	4	111
6	chm	f	26	1	50	diamond	red	(645, 428)	low	dis	(533, 540)	N	dif	hori	left	True	1245588	1246941	left	1	4	112
6	chm	f	26	1	50	circle	red	(565, 619)	high	dis	(533, 540)	N	same	hori	left	True	1248151	1249061	left	1	4	113
6	chm	f	26	1	50	circle	green	(565, 619)	high	dis	(645, 428)	N	dif	hori	left	True	1250119	1251268	left	1	4	114
6	chm	f	26	1	50	diamond	green	(565, 619)	high	dis	(565, 460)	N	dif	hori	left	True	1252478	1253348	left	1	4	115
6	chm	f	26	1	50	diamond	red	(645, 652)	low	no	no_dis	N	dif	vert	up	True	1254578	1255333	up	1	4	116
6	chm	f	26	1	50	diamond	green	(565, 619)	high	no	no_dis	N	dif	vert	up	True	1256448	1257212	up	1	4	117
6	chm	f	26	1	50	diamond	green	(533, 540)	low	dis	(565, 619)	Y	dif	vert	up	True	1258343	1259596	left	0	4	118
6	chm	f	26	1	50	circle	red	(565, 619)	high	dis	(724, 460)	N	same	hori	left	True	1262330	1263212	left	1	4	119
6	chm	f	26	1	50	diamond	green	(724, 619)	low	dis	(645, 428)	N	same	hori	left	True	1264453	1265333	left	1	4	120
6	chm	f	26	1	50	diamond	red	(757, 540)	low	dis	(724, 460)	N	same	vert	up	True	1297092	1298044	up	1	5	1
6	chm	f	26	1	50	circle	red	(565, 619)	high	dis	(645, 652)	N	dif	vert	up	True	1299205	1300108	up	1	5	2
6	chm	f	26	1	50	diamond	green	(565, 619)	high	dis	(565, 460)	N	same	vert	up	True	1301150	1301909	up	1	5	3
6	chm	f	26	1	50	circle	red	(533, 540)	low	dis	(565, 619)	Y	dif	vert	up	True	1303008	1304124	left	0	5	4
6	chm	f	26	1	50	diamond	green	(724, 460)	low	no	no_dis	N	same	vert	up	True	1306874	1307500	up	1	5	5
6	chm	f	26	1	50	diamond	red	(645, 652)	low	dis	(757, 540)	N	same	vert	up	True	1308700	1309884	up	1	5	6
6	chm	f	26	1	50	diamond	red	(565, 619)	high	dis	(565, 460)	N	dif	hori	left	True	1311016	1311773	left	1	5	7
6	chm	f	26	1	50	circle	green	(724, 460)	low	no	no_dis	N	dif	vert	up	True	1312983	1313852	up	1	5	8
6	chm	f	26	1	50	diamond	green	(565, 619)	high	dis	(724, 619)	N	dif	vert	up	True	1314940	1315693	up	1	5	9
6	chm	f	26	1	50	diamond	green	(533, 540)	low	dis	(565, 460)	N	same	hori	left	True	1316909	1317748	left	1	5	10
6	chm	f	26	1	50	circle	green	(724, 460)	low	dis	(565, 619)	Y	dif	vert	up	True	1318812	1319565	up	1	5	11
6	chm	f	26	1	50	diamond	red	(645, 428)	low	no	no_dis	N	dif	vert	up	True	1320606	1321293	up	1	5	12
6	chm	f	26	1	50	diamond	green	(565, 619)	high	no	no_dis	N	dif	hori	left	True	1322544	1323372	left	1	5	13
6	chm	f	26	1	50	diamond	green	(645, 652)	low	dis	(757, 540)	N	dif	vert	up	True	1324429	1325541	up	1	5	14
6	chm	f	26	1	50	circle	red	(724, 619)	low	dis	(565, 619)	Y	dif	hori	left	True	1326718	1327892	left	1	5	15
6	chm	f	26	1	50	diamond	green	(724, 619)	low	no	no_dis	N	dif	hori	left	True	1328944	1329941	left	1	5	16
6	chm	f	26	1	50	circle	red	(565, 619)	high	dis	(533, 540)	N	same	vert	up	True	1330967	1331997	up	1	5	17
6	chm	f	26	1	50	circle	red	(724, 460)	low	no	no_dis	N	same	vert	up	True	1333153	1333845	up	1	5	18
6	chm	f	26	1	50	diamond	red	(724, 619)	low	dis	(645, 652)	N	dif	hori	left	True	1334878	1336172	left	1	5	19
6	chm	f	26	1	50	diamond	red	(724, 619)	low	no	no_dis	N	dif	hori	left	True	1337419	1338084	left	1	5	20
6	chm	f	26	1	50	circle	red	(757, 540)	low	dis	(724, 619)	N	same	vert	up	True	1339265	1340333	up	1	5	21
6	chm	f	26	1	50	circle	green	(533, 540)	low	dis	(724, 619)	N	same	vert	up	True	1341341	1342045	up	1	5	22
6	chm	f	26	1	50	diamond	green	(565, 619)	high	dis	(757, 540)	N	same	vert	up	True	1343258	1344348	up	1	5	23
6	chm	f	26	1	50	circle	green	(724, 619)	low	dis	(565, 619)	Y	dif	vert	up	True	1345471	1346445	up	1	5	24
6	chm	f	26	1	50	diamond	red	(565, 619)	high	no	no_dis	N	dif	vert	up	True	1347682	1348485	up	1	5	25
6	chm	f	26	1	50	diamond	green	(724, 619)	low	no	no_dis	N	same	hori	left	True	1349490	1350300	left	1	5	26
6	chm	f	26	1	50	diamond	green	(565, 619)	high	no	no_dis	N	same	hori	left	True	1351353	1352021	up	0	5	27
6	chm	f	26	1	50	diamond	green	(565, 619)	high	no	no_dis	N	dif	hori	left	True	1354696	1355501	left	1	5	28
6	chm	f	26	1	50	diamond	green	(565, 619)	high	dis	(533, 540)	N	dif	vert	up	True	1356637	1357580	up	1	5	29
6	chm	f	26	1	50	circle	red	(645, 428)	low	dis	(565, 619)	Y	dif	hori	left	True	1358647	1359356	left	1	5	30
6	chm	f	26	1	50	circle	red	(757, 540)	low	dis	(724, 460)	N	same	hori	left	True	1360449	1361900	up	0	5	31
6	chm	f	26	1	50	diamond	green	(645, 428)	low	dis	(565, 619)	Y	same	hori	left	True	1364483	1365404	left	1	5	32
6	chm	f	26	1	50	circle	green	(565, 619)	high	no	no_dis	N	same	hori	left	True	1366496	1367405	up	0	5	33
6	chm	f	26	1	50	circle	red	(565, 619)	high	dis	(645, 652)	N	dif	hori	left	True	1369932	1371460	left	1	5	34
6	chm	f	26	1	50	circle	green	(757, 540)	low	dis	(565, 460)	N	same	hori	left	True	1372623	1374077	left	1	5	35
6	chm	f	26	1	50	circle	red	(565, 619)	high	dis	(645, 428)	N	dif	vert	up	True	1375269	1376020	up	1	5	36
6	chm	f	26	1	50	circle	red	(565, 619)	high	no	no_dis	N	same	hori	left	True	1377222	1378332	left	1	5	37
6	chm	f	26	1	50	circle	green	(757, 540)	low	no	no_dis	N	same	vert	up	True	1379387	1380100	up	1	5	38
6	chm	f	26	1	50	diamond	green	(724, 619)	low	dis	(724, 460)	N	dif	hori	left	True	1381207	1382180	left	1	5	39
6	chm	f	26	1	50	diamond	red	(565, 619)	high	no	no_dis	N	dif	vert	up	True	1383341	1383981	up	1	5	40
6	chm	f	26	1	50	diamond	red	(565, 619)	high	no	no_dis	N	dif	vert	up	True	1385139	1385804	up	1	5	41
6	chm	f	26	1	50	diamond	red	(565, 619)	high	dis	(724, 460)	N	same	hori	left	True	1386845	1387804	left	1	5	42
6	chm	f	26	1	50	circle	green	(645, 652)	low	no	no_dis	N	same	hori	left	True	1388951	1390220	left	1	5	43
6	chm	f	26	1	50	diamond	red	(565, 460)	low	dis	(724, 460)	N	dif	vert	up	True	1391421	1392252	up	1	5	44
6	chm	f	26	1	50	circle	green	(565, 619)	high	dis	(724, 460)	N	same	vert	up	True	1393466	1394196	up	1	5	45
6	chm	f	26	1	50	diamond	green	(565, 619)	high	no	no_dis	N	same	vert	up	True	1395335	1396412	up	1	5	46
6	chm	f	26	1	50	diamond	green	(724, 460)	low	dis	(533, 540)	N	dif	vert	up	True	1397492	1398228	up	1	5	47
6	chm	f	26	1	50	diamond	green	(565, 619)	high	dis	(645, 428)	N	dif	vert	up	True	1399368	1400093	up	1	5	48
6	chm	f	26	1	50	circle	green	(565, 460)	low	dis	(724, 619)	N	dif	hori	left	True	1401221	1402125	left	1	5	49
6	chm	f	26	1	50	diamond	red	(533, 540)	low	dis	(645, 652)	N	same	vert	up	True	1403261	1403925	up	1	5	50
6	chm	f	26	1	50	diamond	red	(645, 428)	low	dis	(565, 619)	Y	same	vert	up	True	1405031	1405757	up	1	5	51
6	chm	f	26	1	50	diamond	green	(565, 460)	low	dis	(645, 428)	N	same	vert	up	True	1406868	1407620	left	0	5	52
6	chm	f	26	1	50	circle	red	(533, 540)	low	dis	(645, 428)	N	dif	hori	left	True	1410204	1411069	up	0	5	53
6	chm	f	26	1	50	circle	green	(565, 619)	high	dis	(757, 540)	N	dif	hori	left	True	1413796	1415148	left	1	5	54
6	chm	f	26	1	50	diamond	green	(757, 540)	low	dis	(565, 619)	Y	dif	hori	left	True	1416351	1417884	left	1	5	55
6	chm	f	26	1	50	circle	red	(533, 540)	low	no	no_dis	N	same	hori	left	True	1419128	1420428	left	1	5	56
6	chm	f	26	1	50	diamond	green	(533, 540)	low	dis	(757, 540)	N	dif	vert	up	True	1421556	1422245	up	1	5	57
6	chm	f	26	1	50	circle	red	(565, 619)	high	dis	(724, 460)	N	same	hori	left	True	1423253	1424324	left	1	5	58
6	chm	f	26	1	50	circle	red	(724, 460)	low	dis	(533, 540)	N	same	hori	left	True	1425416	1426372	left	1	5	59
6	chm	f	26	1	50	circle	green	(565, 619)	high	no	no_dis	N	dif	hori	left	True	1427587	1429348	left	1	5	60
6	chm	f	26	1	50	circle	green	(565, 619)	high	dis	(724, 619)	N	same	hori	left	True	1430568	1431636	left	1	5	61
6	chm	f	26	1	50	diamond	green	(565, 619)	high	dis	(533, 540)	N	same	vert	up	True	1432643	1433357	up	1	5	62
6	chm	f	26	1	50	circle	red	(565, 619)	high	dis	(724, 460)	N	same	hori	left	True	1434424	1435524	left	1	5	63
6	chm	f	26	1	50	circle	red	(565, 619)	high	no	no_dis	N	dif	hori	left	True	1436570	1437292	left	1	5	64
6	chm	f	26	1	50	diamond	red	(724, 619)	low	dis	(565, 460)	N	dif	vert	up	True	1438368	1439029	up	1	5	65
6	chm	f	26	1	50	diamond	red	(565, 619)	high	no	no_dis	N	same	vert	up	True	1440057	1440764	up	1	5	66
6	chm	f	26	1	50	circle	green	(724, 460)	low	dis	(645, 428)	N	same	hori	left	True	1441901	1443468	left	1	5	67
6	chm	f	26	1	50	diamond	green	(724, 460)	low	dis	(645, 428)	N	same	hori	left	True	1444698	1445812	left	1	5	68
6	chm	f	26	1	50	circle	red	(757, 540)	low	no	no_dis	N	same	vert	up	True	1446926	1447596	up	1	5	69
6	chm	f	26	1	50	diamond	red	(565, 460)	low	no	no_dis	N	dif	hori	left	True	1448621	1449605	left	1	5	70
6	chm	f	26	1	50	circle	green	(565, 619)	high	dis	(757, 540)	N	same	vert	up	True	1450610	1451540	up	1	5	71
6	chm	f	26	1	50	diamond	red	(645, 428)	low	dis	(565, 460)	N	same	vert	up	True	1452698	1453492	up	1	5	72
6	chm	f	26	1	50	circle	green	(565, 619)	high	no	no_dis	N	same	hori	left	True	1454729	1455468	left	1	5	73
6	chm	f	26	1	50	circle	red	(565, 619)	high	dis	(645, 652)	N	dif	vert	up	True	1456641	1457668	up	1	5	74
6	chm	f	26	1	50	circle	green	(565, 619)	high	dis	(565, 460)	N	same	hori	left	True	1458675	1459476	left	1	5	75
6	chm	f	26	1	50	circle	red	(565, 619)	high	dis	(724, 619)	N	dif	vert	up	True	1460592	1461716	up	1	5	76
6	chm	f	26	1	50	circle	green	(565, 619)	high	no	no_dis	N	same	vert	up	True	1462911	1463612	up	1	5	77
6	chm	f	26	1	50	diamond	green	(565, 460)	low	dis	(565, 619)	Y	dif	hori	left	True	1464660	1465460	left	1	5	78
6	chm	f	26	1	50	diamond	red	(645, 428)	low	no	no_dis	N	same	hori	left	True	1466703	1467492	left	1	5	79
6	chm	f	26	1	50	diamond	red	(565, 619)	high	dis	(724, 619)	N	same	hori	left	True	1468618	1469404	left	1	5	80
6	chm	f	26	1	50	circle	green	(565, 619)	high	dis	(645, 652)	N	same	hori	left	True	1470427	1471212	left	1	5	81
6	chm	f	26	1	50	diamond	red	(565, 619)	high	no	no_dis	N	same	hori	left	True	1472337	1473132	left	1	5	82
6	chm	f	26	1	50	circle	red	(565, 619)	high	dis	(757, 540)	N	dif	vert	up	True	1474360	1475260	up	1	5	83
6	chm	f	26	1	50	circle	green	(645, 428)	low	dis	(533, 540)	N	same	hori	left	True	1476377	1477797	left	1	5	84
6	chm	f	26	1	50	circle	red	(645, 652)	low	no	no_dis	N	same	hori	left	True	1478832	1479956	left	1	5	85
6	chm	f	26	1	50	circle	green	(645, 652)	low	dis	(565, 619)	Y	same	hori	left	True	1481178	1482108	left	1	5	86
6	chm	f	26	1	50	circle	red	(565, 619)	high	no	no_dis	N	same	vert	up	True	1483346	1484412	up	1	5	87
6	chm	f	26	1	50	circle	green	(565, 619)	high	dis	(645, 428)	N	dif	vert	up	True	1485502	1486468	up	1	5	88
6	chm	f	26	1	50	diamond	green	(565, 619)	high	dis	(645, 428)	N	dif	vert	up	True	1487713	1489004	up	1	5	89
6	chm	f	26	1	50	circle	green	(565, 619)	high	dis	(565, 460)	N	dif	hori	left	True	1490066	1491380	left	1	5	90
6	chm	f	26	1	50	circle	green	(645, 652)	low	no	no_dis	N	dif	hori	left	True	1492420	1493276	left	1	5	91
6	chm	f	26	1	50	circle	red	(565, 619)	high	no	no_dis	N	dif	vert	up	True	1494507	1495124	up	1	5	92
6	chm	f	26	1	50	diamond	green	(565, 619)	high	no	no_dis	N	dif	vert	up	True	1496255	1496892	up	1	5	93
6	chm	f	26	1	50	circle	green	(565, 619)	high	no	no_dis	N	dif	hori	left	True	1498066	1498812	left	1	5	94
6	chm	f	26	1	50	diamond	green	(645, 428)	low	no	no_dis	N	dif	vert	up	True	1500031	1500685	up	1	5	95
6	chm	f	26	1	50	diamond	red	(565, 619)	high	dis	(645, 652)	N	same	hori	left	True	1501798	1502756	left	1	5	96
6	chm	f	26	1	50	diamond	red	(565, 619)	high	dis	(724, 460)	N	dif	hori	left	True	1503837	1504492	left	1	5	97
6	chm	f	26	1	50	diamond	green	(565, 619)	high	dis	(645, 428)	N	same	hori	left	True	1505546	1506356	left	1	5	98
6	chm	f	26	1	50	diamond	green	(565, 619)	high	dis	(724, 619)	N	same	vert	up	True	1507378	1508164	up	1	5	99
6	chm	f	26	1	50	diamond	red	(565, 619)	high	dis	(533, 540)	N	dif	hori	left	True	1509224	1510037	left	1	5	100
6	chm	f	26	1	50	circle	red	(565, 619)	high	no	no_dis	N	same	vert	up	True	1511277	1512284	up	1	5	101
6	chm	f	26	1	50	circle	red	(565, 619)	high	dis	(533, 540)	N	same	vert	up	True	1513416	1514556	up	1	5	102
6	chm	f	26	1	50	diamond	red	(565, 619)	high	dis	(565, 460)	N	same	hori	left	True	1515750	1516500	left	1	5	103
6	chm	f	26	1	50	diamond	red	(645, 428)	low	dis	(565, 460)	N	same	vert	up	True	1517657	1518316	up	1	5	104
6	chm	f	26	1	50	circle	red	(724, 619)	low	dis	(645, 652)	N	same	hori	left	True	1519346	1520260	left	1	5	105
6	chm	f	26	1	50	circle	green	(565, 619)	high	dis	(757, 540)	N	dif	hori	left	True	1521506	1522340	left	1	5	106
6	chm	f	26	1	50	diamond	red	(565, 619)	high	dis	(757, 540)	N	same	vert	up	True	1523588	1524532	up	1	5	107
6	chm	f	26	1	50	diamond	green	(565, 460)	low	no	no_dis	N	dif	hori	left	True	1525569	1526436	left	1	5	108
6	chm	f	26	1	50	diamond	green	(565, 619)	high	dis	(724, 619)	N	dif	hori	left	True	1527532	1528292	left	1	5	109
6	chm	f	26	1	50	diamond	red	(565, 619)	high	dis	(724, 460)	N	dif	hori	left	True	1529489	1530164	left	1	5	110
6	chm	f	26	1	50	circle	green	(565, 619)	high	dis	(645, 428)	N	dif	hori	left	True	1531258	1531988	up	0	5	111
6	chm	f	26	1	50	circle	red	(533, 540)	low	no	no_dis	N	dif	vert	up	True	1534644	1535548	up	1	5	112
6	chm	f	26	1	50	circle	green	(565, 460)	low	no	no_dis	N	dif	vert	up	True	1536763	1538028	up	1	5	113
6	chm	f	26	1	50	circle	red	(565, 460)	low	dis	(757, 540)	N	dif	vert	up	True	1539270	1540188	up	1	5	114
6	chm	f	26	1	50	diamond	red	(565, 619)	high	dis	(645, 652)	N	same	vert	up	True	1541247	1543973	up	1	5	115
6	chm	f	26	1	50	circle	green	(645, 652)	low	dis	(533, 540)	N	dif	hori	left	True	1545009	1545868	left	1	5	116
6	chm	f	26	1	50	diamond	red	(724, 460)	low	dis	(724, 619)	N	dif	vert	up	True	1546930	1548092	up	1	5	117
6	chm	f	26	1	50	circle	red	(645, 652)	low	dis	(533, 540)	N	dif	hori	left	True	1549329	1550532	left	1	5	118
6	chm	f	26	1	50	diamond	red	(757, 540)	low	no	no_dis	N	same	vert	up	True	1551600	1552659	up	1	5	119
6	chm	f	26	1	50	circle	green	(565, 460)	low	dis	(645, 652)	N	same	vert	up	True	1553879	1555436	up	1	5	120
6	chm	f	26	1	50	circle	red	(565, 619)	high	dis	(724, 619)	N	dif	vert	up	True	1588235	1589427	up	1	6	1
6	chm	f	26	1	50	circle	red	(724, 619)	low	no	no_dis	N	dif	hori	left	True	1590491	1591260	left	1	6	2
6	chm	f	26	1	50	diamond	green	(645, 428)	low	dis	(757, 540)	N	same	hori	left	True	1592398	1593436	left	1	6	3
6	chm	f	26	1	50	diamond	green	(565, 460)	low	dis	(565, 619)	Y	same	vert	up	True	1594566	1595916	up	1	6	4
6	chm	f	26	1	50	diamond	green	(724, 619)	low	dis	(565, 619)	Y	dif	hori	left	True	1597010	1598020	left	1	6	5
6	chm	f	26	1	50	circle	green	(645, 652)	low	no	no_dis	N	same	hori	left	True	1599119	1599916	left	1	6	6
6	chm	f	26	1	50	circle	red	(565, 619)	high	no	no_dis	N	dif	vert	up	True	1601122	1602124	left	0	6	7
6	chm	f	26	1	50	circle	green	(565, 619)	high	no	no_dis	N	dif	hori	left	True	1604820	1606092	left	1	6	8
6	chm	f	26	1	50	diamond	green	(645, 652)	low	no	no_dis	N	dif	hori	left	True	1607121	1608004	left	1	6	9
6	chm	f	26	1	50	diamond	red	(565, 619)	high	dis	(565, 460)	N	dif	hori	left	True	1609175	1610780	left	1	6	10
6	chm	f	26	1	50	diamond	red	(565, 619)	high	dis	(645, 428)	N	dif	vert	up	True	1611919	1612588	up	1	6	11
6	chm	f	26	1	50	diamond	red	(645, 428)	low	no	no_dis	N	same	hori	left	True	1613606	1614412	left	1	6	12
6	chm	f	26	1	50	diamond	green	(533, 540)	low	dis	(757, 540)	N	same	vert	up	True	1615567	1616252	up	1	6	13
6	chm	f	26	1	50	circle	red	(757, 540)	low	no	no_dis	N	same	hori	left	True	1617344	1618108	left	1	6	14
6	chm	f	26	1	50	circle	red	(724, 460)	low	dis	(533, 540)	N	dif	hori	left	True	1619186	1620292	left	1	6	15
6	chm	f	26	1	50	diamond	green	(565, 619)	high	dis	(533, 540)	N	dif	vert	up	True	1621477	1622364	up	1	6	16
6	chm	f	26	1	50	diamond	red	(565, 619)	high	no	no_dis	N	same	vert	up	True	1623408	1624100	up	1	6	17
6	chm	f	26	1	50	circle	green	(645, 652)	low	dis	(757, 540)	N	dif	hori	left	True	1625246	1626355	left	1	6	18
6	chm	f	26	1	50	diamond	green	(645, 428)	low	no	no_dis	N	dif	vert	up	True	1627491	1628204	up	1	6	19
6	chm	f	26	1	50	circle	green	(645, 652)	low	dis	(565, 619)	Y	dif	vert	up	True	1629239	1629940	left	0	6	20
6	chm	f	26	1	50	diamond	red	(645, 428)	low	dis	(533, 540)	N	same	vert	up	True	1632556	1633172	up	1	6	21
6	chm	f	26	1	50	circle	red	(757, 540)	low	dis	(724, 460)	N	dif	vert	up	True	1634209	1635252	up	1	6	22
6	chm	f	26	1	50	circle	red	(565, 619)	high	dis	(645, 428)	N	same	hori	left	True	1636380	1637164	left	1	6	23
6	chm	f	26	1	50	circle	red	(724, 619)	low	dis	(645, 652)	N	same	hori	left	True	1638222	1639276	left	1	6	24
6	chm	f	26	1	50	diamond	red	(565, 619)	high	dis	(724, 460)	N	dif	vert	up	True	1640342	1641156	up	1	6	25
6	chm	f	26	1	50	diamond	red	(724, 460)	low	dis	(533, 540)	N	same	hori	left	True	1642223	1643164	left	1	6	26
6	chm	f	26	1	50	diamond	green	(565, 619)	high	no	no_dis	N	same	vert	up	True	1644195	1644803	up	1	6	27
6	chm	f	26	1	50	circle	red	(565, 619)	high	dis	(724, 619)	N	dif	vert	up	True	1645986	1647092	up	1	6	28
6	chm	f	26	1	50	circle	green	(565, 460)	low	dis	(724, 619)	N	same	vert	up	True	1648231	1648996	up	1	6	29
6	chm	f	26	1	50	diamond	red	(565, 619)	high	no	no_dis	N	dif	vert	up	True	1650162	1650924	up	1	6	30
6	chm	f	26	1	50	circle	green	(724, 460)	low	dis	(565, 460)	N	dif	hori	left	True	1652036	1652836	left	1	6	31
6	chm	f	26	1	50	diamond	green	(724, 460)	low	no	no_dis	N	same	hori	left	True	1653908	1654628	left	1	6	32
6	chm	f	26	1	50	diamond	green	(757, 540)	low	dis	(645, 428)	N	same	hori	left	True	1655781	1656676	left	1	6	33
6	chm	f	26	1	50	diamond	green	(565, 619)	high	dis	(565, 460)	N	dif	hori	left	True	1657918	1658700	left	1	6	34
6	chm	f	26	1	50	diamond	green	(565, 619)	high	dis	(724, 619)	N	same	vert	up	True	1659911	1660596	up	1	6	35
6	chm	f	26	1	50	diamond	red	(565, 460)	low	no	no_dis	N	same	vert	up	True	1661668	1662387	up	1	6	36
6	chm	f	26	1	50	diamond	red	(757, 540)	low	no	no_dis	N	dif	vert	up	True	1663497	1664092	up	1	6	37
6	chm	f	26	1	50	diamond	red	(565, 460)	low	no	no_dis	N	dif	vert	up	True	1665283	1665884	up	1	6	38
6	chm	f	26	1	50	diamond	red	(565, 619)	high	dis	(757, 540)	N	same	hori	left	True	1667019	1667803	left	1	6	39
6	chm	f	26	1	50	circle	green	(645, 428)	low	no	no_dis	N	same	hori	left	True	1668810	1669611	up	0	6	40
6	chm	f	26	1	50	diamond	red	(565, 460)	low	dis	(565, 619)	Y	same	hori	left	True	1672225	1673268	left	1	6	41
6	chm	f	26	1	50	circle	green	(565, 619)	high	dis	(533, 540)	N	same	vert	up	True	1674328	1675803	up	1	6	42
6	chm	f	26	1	50	diamond	green	(565, 619)	high	no	no_dis	N	same	vert	up	True	1676840	1677556	up	1	6	43
6	chm	f	26	1	50	circle	red	(533, 540)	low	dis	(724, 460)	N	same	vert	up	True	1678638	1679588	up	1	6	44
6	chm	f	26	1	50	circle	red	(565, 619)	high	dis	(533, 540)	N	same	hori	left	True	1680676	1681692	left	1	6	45
6	chm	f	26	1	50	diamond	green	(565, 619)	high	no	no_dis	N	dif	hori	left	True	1682718	1683588	left	1	6	46
6	chm	f	26	1	50	circle	green	(565, 619)	high	no	no_dis	N	same	hori	left	True	1684600	1685788	left	1	6	47
6	chm	f	26	1	50	circle	red	(565, 619)	high	no	no_dis	N	same	vert	up	True	1686865	1687859	up	1	6	48
6	chm	f	26	1	50	diamond	green	(565, 619)	high	dis	(724, 460)	N	same	vert	up	True	1689081	1690427	up	1	6	49
6	chm	f	26	1	50	circle	red	(565, 619)	high	no	no_dis	N	dif	vert	up	True	1691599	1692540	up	1	6	50
6	chm	f	26	1	50	diamond	red	(565, 619)	high	no	no_dis	N	same	hori	left	True	1693612	1694340	left	1	6	51
6	chm	f	26	1	50	circle	red	(565, 619)	high	no	no_dis	N	same	hori	left	True	1695563	1696260	left	1	6	52
6	chm	f	26	1	50	diamond	green	(565, 619)	high	no	no_dis	N	dif	hori	left	True	1697452	1698252	left	1	6	53
6	chm	f	26	1	50	circle	red	(724, 460)	low	no	no_dis	N	dif	hori	left	True	1699435	1700227	left	1	6	54
6	chm	f	26	1	50	circle	red	(565, 619)	high	dis	(645, 652)	N	dif	hori	left	True	1701442	1702299	up	0	6	55
6	chm	f	26	1	50	circle	green	(724, 460)	low	dis	(565, 460)	N	same	hori	left	True	1704967	1706484	left	1	6	56
6	chm	f	26	1	50	circle	red	(533, 540)	low	dis	(565, 619)	Y	same	hori	left	True	1707622	1708244	left	1	6	57
6	chm	f	26	1	50	diamond	green	(645, 652)	low	dis	(565, 460)	N	dif	hori	left	True	1709409	1710556	left	1	6	58
6	chm	f	26	1	50	diamond	red	(565, 460)	low	dis	(724, 619)	N	same	hori	left	True	1711605	1712428	left	1	6	59
6	chm	f	26	1	50	circle	green	(565, 619)	high	no	no_dis	N	same	hori	left	True	1713638	1714428	left	1	6	60
6	chm	f	26	1	50	diamond	red	(757, 540)	low	dis	(645, 652)	N	dif	vert	up	True	1715465	1716219	up	1	6	61
6	chm	f	26	1	50	circle	green	(757, 540)	low	dis	(724, 619)	N	dif	vert	up	True	1717325	1718268	left	0	6	62
6	chm	f	26	1	50	diamond	red	(533, 540)	low	dis	(757, 540)	N	same	vert	up	True	1720836	1721620	up	1	6	63
6	chm	f	26	1	50	circle	green	(565, 460)	low	no	no_dis	N	dif	vert	up	True	1722781	1723683	up	1	6	64
6	chm	f	26	1	50	diamond	green	(565, 619)	high	dis	(645, 428)	N	same	hori	left	True	1724796	1725795	left	1	6	65
6	chm	f	26	1	50	circle	green	(565, 619)	high	dis	(565, 460)	N	same	hori	left	True	1726834	1728275	left	1	6	66
6	chm	f	26	1	50	diamond	green	(565, 619)	high	dis	(645, 428)	N	same	vert	up	True	1729456	1730428	up	1	6	67
6	chm	f	26	1	50	circle	green	(565, 619)	high	dis	(533, 540)	N	same	vert	up	True	1731669	1732444	up	1	6	68
6	chm	f	26	1	50	circle	red	(724, 460)	low	dis	(645, 652)	N	same	vert	up	True	1733551	1734412	up	1	6	69
6	chm	f	26	1	50	circle	red	(645, 652)	low	dis	(565, 619)	Y	dif	vert	up	True	1735603	1736339	up	1	6	70
6	chm	f	26	1	50	diamond	green	(565, 619)	high	no	no_dis	N	dif	vert	up	True	1737568	1738411	up	1	6	71
6	chm	f	26	1	50	circle	red	(565, 460)	low	dis	(724, 619)	N	same	vert	up	True	1739477	1740347	up	1	6	72
6	chm	f	26	1	50	diamond	red	(724, 619)	low	dis	(565, 619)	Y	dif	hori	left	True	1741497	1742388	left	1	6	73
6	chm	f	26	1	50	circle	green	(565, 619)	high	dis	(724, 460)	N	same	hori	left	True	1743498	1744268	left	1	6	74
6	chm	f	26	1	50	diamond	red	(533, 540)	low	no	no_dis	N	dif	vert	up	True	1745357	1746003	up	1	6	75
6	chm	f	26	1	50	circle	green	(645, 652)	low	dis	(565, 619)	Y	dif	vert	up	True	1747075	1747987	up	1	6	76
6	chm	f	26	1	50	circle	red	(565, 619)	high	dis	(565, 460)	N	same	hori	left	True	1749019	1749932	left	1	6	77
6	chm	f	26	1	50	circle	red	(757, 540)	low	dis	(565, 460)	N	dif	vert	up	True	1751075	1751692	up	1	6	78
6	chm	f	26	1	50	diamond	green	(565, 619)	high	dis	(645, 652)	N	same	vert	up	True	1752863	1753652	up	1	6	79
6	chm	f	26	1	50	diamond	green	(565, 619)	high	dis	(645, 652)	N	same	vert	up	True	1754820	1755476	up	1	6	80
6	chm	f	26	1	50	diamond	red	(565, 619)	high	dis	(724, 460)	N	dif	vert	up	True	1756531	1757379	up	1	6	81
6	chm	f	26	1	50	circle	red	(565, 619)	high	dis	(724, 460)	N	dif	hori	left	True	1758516	1759148	left	1	6	82
6	chm	f	26	1	50	diamond	red	(645, 652)	low	dis	(724, 460)	N	dif	vert	up	True	1760371	1761523	up	1	6	83
6	chm	f	26	1	50	diamond	red	(565, 619)	high	dis	(533, 540)	N	same	vert	up	True	1762705	1763563	up	1	6	84
6	chm	f	26	1	50	circle	green	(645, 428)	low	dis	(724, 460)	N	dif	vert	up	True	1764575	1765659	up	1	6	85
6	chm	f	26	1	50	diamond	red	(724, 619)	low	dis	(645, 428)	N	dif	hori	left	True	1766837	1767883	left	1	6	86
6	chm	f	26	1	50	circle	green	(724, 619)	low	no	no_dis	N	same	vert	up	True	1769080	1769852	up	1	6	87
6	chm	f	26	1	50	diamond	green	(724, 619)	low	dis	(533, 540)	N	same	hori	left	True	1770943	1771812	left	1	6	88
6	chm	f	26	1	50	diamond	green	(757, 540)	low	dis	(645, 428)	N	dif	vert	up	True	1772875	1773427	up	1	6	89
6	chm	f	26	1	50	diamond	green	(565, 619)	high	dis	(757, 540)	N	same	hori	left	True	1774633	1775595	left	1	6	90
6	chm	f	26	1	50	diamond	red	(565, 619)	high	dis	(757, 540)	N	same	vert	up	True	1776676	1777580	up	1	6	91
6	chm	f	26	1	50	circle	green	(565, 619)	high	dis	(724, 619)	N	dif	hori	left	True	1778642	1779404	left	1	6	92
6	chm	f	26	1	50	circle	red	(645, 652)	low	no	no_dis	N	dif	hori	left	True	1780589	1781515	left	1	6	93
6	chm	f	26	1	50	circle	red	(565, 619)	high	no	no_dis	N	same	hori	left	True	1782720	1783404	left	1	6	94
6	chm	f	26	1	50	diamond	red	(565, 619)	high	no	no_dis	N	dif	vert	up	True	1784643	1785267	up	1	6	95
6	chm	f	26	1	50	diamond	red	(645, 428)	low	dis	(565, 619)	Y	same	vert	up	True	1786395	1787171	up	1	6	96
6	chm	f	26	1	50	diamond	red	(565, 619)	high	dis	(645, 428)	N	dif	vert	up	True	1788326	1789068	up	1	6	97
6	chm	f	26	1	50	diamond	red	(565, 619)	high	dis	(645, 652)	N	dif	vert	up	True	1790172	1790876	up	1	6	98
6	chm	f	26	1	50	circle	green	(565, 619)	high	dis	(565, 460)	N	dif	hori	left	True	1791941	1792987	left	1	6	99
6	chm	f	26	1	50	diamond	green	(724, 619)	low	no	no_dis	N	same	vert	up	True	1794155	1794763	up	1	6	100
6	chm	f	26	1	50	circle	red	(724, 460)	low	no	no_dis	N	dif	hori	left	True	1795892	1796940	left	1	6	101
6	chm	f	26	1	50	circle	red	(645, 428)	low	dis	(565, 460)	N	dif	hori	left	True	1798187	1798892	left	1	6	102
6	chm	f	26	1	50	circle	green	(565, 619)	high	no	no_dis	N	dif	hori	left	True	1799972	1800724	left	1	6	103
6	chm	f	26	1	50	diamond	red	(565, 619)	high	no	no_dis	N	same	vert	up	True	1801964	1802627	up	1	6	104
6	chm	f	26	1	50	circle	green	(724, 619)	low	dis	(757, 540)	N	dif	hori	left	True	1803765	1804675	left	1	6	105
6	chm	f	26	1	50	diamond	green	(724, 460)	low	dis	(565, 619)	Y	dif	hori	left	True	1805875	1806731	up	0	6	106
6	chm	f	26	1	50	circle	green	(533, 540)	low	no	no_dis	N	same	vert	up	True	1809466	1810140	up	1	6	107
6	chm	f	26	1	50	circle	green	(565, 619)	high	dis	(757, 540)	N	dif	vert	up	True	1811333	1812212	up	1	6	108
6	chm	f	26	1	50	diamond	green	(565, 619)	high	dis	(724, 619)	N	dif	vert	up	True	1813245	1814099	up	1	6	109
6	chm	f	26	1	50	diamond	red	(565, 619)	high	dis	(757, 540)	N	dif	hori	left	True	1815227	1815924	up	0	6	110
6	chm	f	26	1	50	circle	red	(565, 619)	high	dis	(645, 428)	N	dif	hori	left	True	1818636	1819523	left	1	6	111
6	chm	f	26	1	50	diamond	green	(565, 460)	low	dis	(645, 652)	N	same	hori	left	True	1820599	1821596	left	1	6	112
6	chm	f	26	1	50	circle	green	(565, 619)	high	dis	(533, 540)	N	same	vert	up	True	1822829	1823827	up	1	6	113
6	chm	f	26	1	50	circle	red	(565, 619)	high	dis	(724, 619)	N	dif	hori	left	True	1825063	1825971	left	1	6	114
6	chm	f	26	1	50	circle	green	(565, 619)	high	no	no_dis	N	dif	hori	left	True	1827123	1827732	left	1	6	115
6	chm	f	26	1	50	circle	green	(565, 619)	high	dis	(724, 460)	N	dif	hori	left	True	1828936	1830571	left	1	6	116
6	chm	f	26	1	50	diamond	green	(757, 540)	low	no	no_dis	N	same	vert	up	True	1831749	1832435	up	1	6	117
6	chm	f	26	1	50	circle	green	(565, 619)	high	dis	(645, 652)	N	same	hori	left	True	1833668	1834499	left	1	6	118
6	chm	f	26	1	50	circle	green	(533, 540)	low	dis	(645, 428)	N	same	vert	up	True	1835608	1836404	up	1	6	119
6	chm	f	26	1	50	circle	red	(565, 619)	high	dis	(645, 652)	N	same	hori	left	True	1837594	1839260	left	1	6	120
conf	6	chm	f	26	1	50	True	1873285	1883867	6	True	1883877	1897187	7
