subj	name	gender	age	prac	group	shape	color	tar_loc	popularity	dis_cond	dis_loc	dis_high	td_dif	line	respkey	gotkey	startTime	respTime	resp	correct	block	trialnum
7	zqh	f	23	1	50	circle	red	(645, 652)	high	no	no_dis	N	same	hori	left	True	10497	11703	left	1	1	1
7	zqh	f	23	1	50	circle	red	(565, 619)	low	no	no_dis	N	dif	hori	left	True	12906	14048	left	1	1	2
7	zqh	f	23	1	50	circle	red	(533, 540)	low	dis	(724, 619)	N	dif	hori	left	True	15126	17143	left	1	1	3
7	zqh	f	23	1	50	circle	red	(757, 540)	low	dis	(565, 619)	N	same	vert	up	True	18231	20048	up	1	1	4
7	zqh	f	23	1	50	diamond	green	(724, 619)	low	dis	(757, 540)	N	same	hori	left	True	21113	22896	left	1	1	5
7	zqh	f	23	1	50	circle	red	(724, 460)	low	no	no_dis	N	dif	vert	up	True	23962	25312	up	1	1	6
7	zqh	f	23	1	50	diamond	red	(645, 652)	high	dis	(565, 619)	N	dif	vert	up	True	26528	27911	up	1	1	7
7	zqh	f	23	1	50	diamond	red	(645, 652)	high	dis	(757, 540)	N	dif	vert	up	True	28972	30471	up	1	1	8
7	zqh	f	23	1	50	circle	red	(565, 619)	low	dis	(533, 540)	N	same	vert	up	True	31513	33512	up	1	1	9
7	zqh	f	23	1	50	diamond	red	(645, 652)	high	dis	(533, 540)	N	same	vert	up	True	34515	36136	up	1	1	10
7	zqh	f	23	1	50	circle	red	(724, 619)	low	dis	(645, 652)	Y	dif	vert	up	True	37364	38991	left	0	1	11
7	zqh	f	23	1	50	diamond	green	(645, 652)	high	no	no_dis	N	dif	hori	left	True	41532	43064	left	1	1	12
7	zqh	f	23	1	50	diamond	red	(645, 652)	high	dis	(724, 619)	N	dif	vert	up	True	44193	45943	up	1	1	13
7	zqh	f	23	1	50	circle	red	(565, 619)	low	dis	(757, 540)	N	dif	vert	up	True	47169	48759	up	1	1	14
7	zqh	f	23	1	50	circle	red	(645, 652)	high	no	no_dis	N	same	hori	left	True	49855	50807	left	1	1	15
7	zqh	f	23	1	50	diamond	red	(645, 652)	high	no	no_dis	N	dif	hori	left	False	51851	None	None	0	1	16
7	zqh	f	23	1	50	diamond	green	(533, 540)	low	no	no_dis	N	same	vert	up	True	57435	58952	up	1	1	17
7	zqh	f	23	1	50	circle	green	(645, 428)	low	dis	(724, 460)	N	same	vert	up	True	60119	62567	up	1	1	18
7	zqh	f	23	1	50	diamond	red	(565, 460)	low	dis	(565, 619)	N	dif	vert	up	True	63594	65391	up	1	1	19
7	zqh	f	23	1	50	diamond	green	(757, 540)	low	dis	(645, 652)	Y	same	hori	left	False	66505	None	None	0	1	20
7	zqh	f	23	1	50	diamond	green	(724, 619)	low	dis	(565, 460)	N	dif	hori	left	True	72126	73719	left	1	1	21
7	zqh	f	23	1	50	diamond	green	(645, 652)	high	dis	(565, 460)	N	dif	hori	left	True	74783	76664	left	1	1	22
7	zqh	f	23	1	50	diamond	green	(565, 619)	low	dis	(645, 428)	N	same	vert	up	True	77715	79048	up	1	1	23
7	zqh	f	23	1	50	circle	green	(645, 652)	high	no	no_dis	N	same	hori	left	True	80292	81576	left	1	1	24
7	zqh	f	23	1	50	circle	red	(724, 619)	low	no	no_dis	N	dif	hori	left	True	82791	84095	left	1	1	25
7	zqh	f	23	1	50	diamond	red	(724, 619)	low	dis	(533, 540)	N	same	hori	left	True	85189	87240	left	1	1	26
7	zqh	f	23	1	50	circle	green	(645, 652)	high	dis	(645, 428)	N	dif	vert	up	True	88265	90103	up	1	1	27
7	zqh	f	23	1	50	diamond	green	(645, 652)	high	dis	(724, 460)	N	same	hori	left	True	91224	92584	left	1	1	28
7	zqh	f	23	1	50	circle	red	(645, 652)	high	dis	(565, 460)	N	dif	hori	left	True	93813	95695	left	1	1	29
7	zqh	f	23	1	50	diamond	red	(645, 652)	high	dis	(533, 540)	N	dif	vert	up	True	96815	98071	up	1	1	30
7	zqh	f	23	1	50	diamond	green	(533, 540)	low	no	no_dis	N	dif	hori	left	True	99304	100656	left	1	1	31
7	zqh	f	23	1	50	circle	green	(565, 619)	low	dis	(645, 652)	Y	same	hori	left	True	101660	103327	left	1	1	32
7	zqh	f	23	1	50	circle	green	(645, 652)	high	dis	(645, 428)	N	same	hori	left	True	104501	106080	left	1	1	33
7	zqh	f	23	1	50	diamond	red	(645, 652)	high	dis	(724, 460)	N	same	hori	left	True	107168	109200	left	1	1	34
7	zqh	f	23	1	50	circle	red	(645, 652)	high	dis	(724, 619)	N	dif	hori	left	True	110334	111879	left	1	1	35
7	zqh	f	23	1	50	circle	red	(645, 652)	high	dis	(533, 540)	N	dif	vert	up	True	113047	114287	up	1	1	36
7	zqh	f	23	1	50	diamond	green	(645, 652)	high	dis	(533, 540)	N	same	vert	up	True	115439	117312	left	0	1	37
7	zqh	f	23	1	50	circle	green	(645, 652)	high	no	no_dis	N	dif	vert	up	True	119974	120927	up	1	1	38
7	zqh	f	23	1	50	diamond	red	(724, 619)	low	dis	(565, 460)	N	dif	hori	left	True	122056	124199	left	1	1	39
7	zqh	f	23	1	50	diamond	green	(645, 652)	high	dis	(533, 540)	N	dif	vert	up	True	125372	127024	up	1	1	40
7	zqh	f	23	1	50	diamond	red	(645, 652)	high	dis	(724, 460)	N	same	vert	up	True	128057	129455	up	1	1	41
7	zqh	f	23	1	50	circle	red	(645, 652)	high	no	no_dis	N	same	vert	up	True	130483	131727	up	1	1	42
7	zqh	f	23	1	50	circle	green	(565, 619)	low	no	no_dis	N	same	vert	up	True	132843	134463	up	1	1	43
7	zqh	f	23	1	50	diamond	green	(724, 460)	low	dis	(533, 540)	N	same	vert	up	True	135675	137447	up	1	1	44
7	zqh	f	23	1	50	circle	green	(645, 652)	high	dis	(757, 540)	N	dif	hori	left	True	138601	140287	up	0	1	45
7	zqh	f	23	1	50	circle	green	(645, 428)	low	no	no_dis	N	same	vert	up	True	142999	145264	up	1	1	46
7	zqh	f	23	1	50	diamond	red	(645, 652)	high	no	no_dis	N	dif	hori	left	True	146398	148783	left	1	1	47
7	zqh	f	23	1	50	circle	green	(533, 540)	low	dis	(645, 428)	N	same	hori	left	True	149914	151887	left	1	1	48
7	zqh	f	23	1	50	circle	green	(757, 540)	low	no	no_dis	N	dif	hori	left	True	153110	154720	left	1	1	49
7	zqh	f	23	1	50	circle	red	(533, 540)	low	dis	(757, 540)	N	dif	hori	left	True	155758	156863	left	1	1	50
7	zqh	f	23	1	50	circle	green	(724, 460)	low	no	no_dis	N	same	hori	left	True	157882	159167	left	1	1	51
7	zqh	f	23	1	50	diamond	green	(565, 619)	low	no	no_dis	N	dif	vert	up	True	160172	161992	up	1	1	52
7	zqh	f	23	1	50	circle	red	(645, 652)	high	dis	(565, 619)	N	same	vert	up	True	163065	164480	left	0	1	53
7	zqh	f	23	1	50	circle	red	(645, 652)	high	no	no_dis	N	dif	vert	up	True	167088	168391	up	1	1	54
7	zqh	f	23	1	50	diamond	green	(645, 652)	high	no	no_dis	N	same	vert	up	True	169592	171095	up	1	1	55
7	zqh	f	23	1	50	circle	red	(645, 652)	high	no	no_dis	N	dif	vert	up	True	172137	173303	up	1	1	56
7	zqh	f	23	1	50	diamond	red	(645, 428)	low	no	no_dis	N	dif	vert	up	True	174473	175943	up	1	1	57
7	zqh	f	23	1	50	diamond	red	(645, 428)	low	no	no_dis	N	same	hori	left	True	176993	178239	left	1	1	58
7	zqh	f	23	1	50	diamond	green	(645, 652)	high	no	no_dis	N	same	vert	up	True	179395	180671	up	1	1	59
7	zqh	f	23	1	50	diamond	red	(645, 428)	low	dis	(645, 652)	Y	dif	hori	left	True	181728	182983	left	1	1	60
7	zqh	f	23	1	50	circle	green	(724, 460)	low	no	no_dis	N	same	vert	up	True	184133	185599	up	1	1	61
7	zqh	f	23	1	50	circle	green	(645, 652)	high	dis	(757, 540)	N	same	vert	up	True	186669	188279	up	1	1	62
7	zqh	f	23	1	50	circle	green	(645, 652)	high	no	no_dis	N	same	hori	left	True	189291	190519	left	1	1	63
7	zqh	f	23	1	50	diamond	green	(645, 652)	high	dis	(565, 460)	N	dif	hori	left	True	191552	192888	left	1	1	64
7	zqh	f	23	1	50	diamond	red	(757, 540)	low	dis	(645, 652)	Y	same	hori	left	True	194103	195816	left	1	1	65
7	zqh	f	23	1	50	diamond	red	(724, 460)	low	dis	(533, 540)	N	same	vert	up	True	197032	198424	up	1	1	66
7	zqh	f	23	1	50	circle	red	(565, 460)	low	dis	(724, 619)	N	same	vert	up	True	199438	201239	up	1	1	67
7	zqh	f	23	1	50	diamond	green	(645, 652)	high	dis	(565, 460)	N	dif	hori	left	True	202278	203999	up	0	1	68
7	zqh	f	23	1	50	circle	red	(533, 540)	low	no	no_dis	N	same	hori	left	True	206747	208799	left	1	1	69
7	zqh	f	23	1	50	circle	green	(645, 652)	high	dis	(724, 619)	N	same	hori	left	True	209861	211735	left	1	1	70
7	zqh	f	23	1	50	circle	green	(757, 540)	low	dis	(724, 619)	N	dif	hori	left	True	212890	214375	up	0	1	71
7	zqh	f	23	1	50	circle	red	(645, 428)	low	dis	(724, 460)	N	dif	vert	up	True	217131	218647	up	1	1	72
7	zqh	f	23	1	50	diamond	red	(565, 619)	low	dis	(645, 428)	N	same	hori	left	True	219724	221727	left	1	1	73
7	zqh	f	23	1	50	diamond	red	(645, 652)	high	no	no_dis	N	same	vert	up	True	222766	224263	up	1	1	74
7	zqh	f	23	1	50	circle	red	(645, 652)	high	dis	(565, 619)	N	dif	vert	up	True	225488	228007	up	1	1	75
7	zqh	f	23	1	50	diamond	red	(645, 652)	high	no	no_dis	N	dif	hori	left	True	229187	230775	left	1	1	76
7	zqh	f	23	1	50	circle	green	(645, 652)	high	no	no_dis	N	same	vert	up	True	231979	233343	up	1	1	77
7	zqh	f	23	1	50	diamond	red	(565, 460)	low	no	no_dis	N	dif	vert	up	True	234464	235487	up	1	1	78
7	zqh	f	23	1	50	circle	green	(645, 652)	high	no	no_dis	N	dif	vert	up	True	236683	237783	up	1	1	79
7	zqh	f	23	1	50	circle	green	(645, 652)	high	dis	(724, 619)	N	same	vert	up	True	238801	239807	up	1	1	80
7	zqh	f	23	1	50	circle	green	(724, 460)	low	dis	(565, 460)	N	same	hori	left	True	240993	242327	left	1	1	81
7	zqh	f	23	1	50	diamond	green	(645, 652)	high	dis	(645, 428)	N	dif	vert	up	True	243471	244711	up	1	1	82
7	zqh	f	23	1	50	diamond	green	(645, 428)	low	dis	(757, 540)	N	same	hori	left	True	245758	247031	left	1	1	83
7	zqh	f	23	1	50	diamond	green	(645, 652)	high	dis	(724, 460)	N	dif	hori	left	True	248216	249239	left	1	1	84
7	zqh	f	23	1	50	diamond	red	(645, 652)	high	dis	(645, 428)	N	dif	hori	left	True	250401	251423	left	1	1	85
7	zqh	f	23	1	50	diamond	red	(757, 540)	low	no	no_dis	N	same	hori	left	True	252512	253639	up	0	1	86
7	zqh	f	23	1	50	circle	green	(724, 460)	low	dis	(645, 652)	Y	dif	hori	left	True	256334	258031	up	0	1	87
7	zqh	f	23	1	50	circle	red	(645, 652)	high	dis	(724, 619)	N	same	hori	left	True	260758	262503	left	1	1	88
7	zqh	f	23	1	50	diamond	green	(565, 460)	low	dis	(645, 652)	Y	dif	vert	up	True	263520	265255	up	1	1	89
7	zqh	f	23	1	50	diamond	red	(645, 428)	low	dis	(724, 460)	N	same	vert	up	True	266367	267447	up	1	1	90
7	zqh	f	23	1	50	circle	red	(645, 652)	high	dis	(724, 460)	N	same	hori	left	True	268505	269479	left	1	1	91
7	zqh	f	23	1	50	diamond	green	(645, 652)	high	no	no_dis	N	same	hori	left	True	270701	271719	left	1	1	92
7	zqh	f	23	1	50	diamond	red	(565, 460)	low	no	no_dis	N	same	hori	left	True	272903	273871	left	1	1	93
7	zqh	f	23	1	50	circle	green	(645, 652)	high	dis	(757, 540)	N	dif	hori	left	True	274910	276663	left	1	1	94
7	zqh	f	23	1	50	diamond	green	(645, 652)	high	dis	(724, 460)	N	same	vert	up	True	277874	279167	up	1	1	95
7	zqh	f	23	1	50	circle	red	(757, 540)	low	dis	(565, 460)	N	dif	hori	left	True	280200	281487	up	0	1	96
7	zqh	f	23	1	50	circle	green	(645, 652)	high	dis	(565, 619)	N	same	vert	up	False	284105	None	None	0	1	97
7	zqh	f	23	1	50	circle	green	(565, 460)	low	dis	(645, 652)	Y	same	vert	up	True	289740	291048	up	1	1	98
7	zqh	f	23	1	50	diamond	green	(724, 460)	low	dis	(645, 652)	Y	dif	vert	up	True	292210	294263	up	1	1	99
7	zqh	f	23	1	50	circle	green	(645, 652)	high	dis	(565, 619)	N	same	hori	left	True	295428	297559	left	1	1	100
7	zqh	f	23	1	50	diamond	green	(645, 652)	high	no	no_dis	N	dif	hori	left	True	298706	301023	left	1	1	101
7	zqh	f	23	1	50	diamond	green	(533, 540)	low	dis	(724, 619)	N	dif	hori	left	True	302252	304351	left	1	1	102
7	zqh	f	23	1	50	diamond	green	(757, 540)	low	no	no_dis	N	same	vert	up	True	305584	307095	up	1	1	103
7	zqh	f	23	1	50	diamond	green	(724, 619)	low	no	no_dis	N	dif	vert	up	True	308138	309655	up	1	1	104
7	zqh	f	23	1	50	diamond	red	(645, 652)	high	dis	(757, 540)	N	same	hori	left	True	310773	311935	left	1	1	105
7	zqh	f	23	1	50	circle	red	(724, 460)	low	dis	(565, 619)	N	dif	hori	left	True	312973	314487	left	1	1	106
7	zqh	f	23	1	50	diamond	red	(645, 652)	high	no	no_dis	N	dif	vert	up	True	315705	316943	up	1	1	107
7	zqh	f	23	1	50	diamond	red	(645, 428)	low	dis	(724, 460)	N	dif	vert	up	True	318171	319303	up	1	1	108
7	zqh	f	23	1	50	circle	red	(645, 652)	high	dis	(565, 460)	N	same	hori	left	True	320527	322055	left	1	1	109
7	zqh	f	23	1	50	circle	green	(757, 540)	low	dis	(565, 619)	N	dif	vert	up	True	323071	324567	left	0	1	110
7	zqh	f	23	1	50	circle	green	(565, 619)	low	dis	(645, 428)	N	dif	vert	up	True	327313	329079	up	1	1	111
7	zqh	f	23	1	50	circle	green	(645, 652)	high	dis	(645, 428)	N	same	hori	left	True	330128	331727	left	1	1	112
7	zqh	f	23	1	50	circle	red	(645, 652)	high	dis	(533, 540)	N	dif	hori	left	True	332737	334471	left	1	1	113
7	zqh	f	23	1	50	circle	green	(724, 619)	low	dis	(645, 652)	Y	same	vert	up	True	335615	336967	up	1	1	114
7	zqh	f	23	1	50	circle	red	(645, 652)	high	dis	(724, 619)	N	dif	vert	up	True	337993	339391	up	1	1	115
7	zqh	f	23	1	50	diamond	green	(565, 460)	low	dis	(645, 428)	N	dif	vert	up	True	340571	342719	up	1	1	116
7	zqh	f	23	1	50	circle	red	(724, 619)	low	no	no_dis	N	dif	hori	left	True	343870	345735	left	1	1	117
7	zqh	f	23	1	50	diamond	red	(645, 652)	high	dis	(565, 619)	N	same	vert	up	True	346844	348559	left	0	1	118
7	zqh	f	23	1	50	diamond	red	(533, 540)	low	dis	(565, 460)	N	same	hori	left	True	351108	353199	left	1	1	119
7	zqh	f	23	1	50	diamond	green	(645, 652)	high	dis	(757, 540)	N	same	vert	up	True	354438	356079	up	1	1	120
7	zqh	f	23	1	50	diamond	red	(645, 652)	high	no	no_dis	N	dif	hori	left	True	390582	392239	left	1	2	1
7	zqh	f	23	1	50	diamond	green	(645, 652)	high	no	no_dis	N	dif	vert	up	True	393409	394887	up	1	2	2
7	zqh	f	23	1	50	circle	green	(565, 619)	low	dis	(565, 460)	N	same	vert	up	True	396136	397943	up	1	2	3
7	zqh	f	23	1	50	circle	red	(645, 652)	high	dis	(757, 540)	N	same	vert	up	True	399100	400583	up	1	2	4
7	zqh	f	23	1	50	circle	green	(645, 652)	high	dis	(533, 540)	N	same	vert	up	True	401701	403295	up	1	2	5
7	zqh	f	23	1	50	diamond	red	(565, 460)	low	dis	(565, 619)	N	dif	vert	up	True	404415	406087	up	1	2	6
7	zqh	f	23	1	50	circle	green	(645, 652)	high	no	no_dis	N	dif	vert	up	True	407130	408615	up	1	2	7
7	zqh	f	23	1	50	circle	red	(565, 619)	low	dis	(757, 540)	N	same	vert	up	True	409734	411135	up	1	2	8
7	zqh	f	23	1	50	diamond	green	(645, 652)	high	no	no_dis	N	dif	hori	left	True	412354	413735	left	1	2	9
7	zqh	f	23	1	50	circle	red	(645, 652)	high	dis	(724, 619)	N	dif	vert	up	True	414748	416383	up	1	2	10
7	zqh	f	23	1	50	diamond	red	(645, 652)	high	dis	(533, 540)	N	dif	hori	left	True	417599	419295	left	1	2	11
7	zqh	f	23	1	50	diamond	red	(645, 652)	high	no	no_dis	N	same	vert	up	True	420340	421519	up	1	2	12
7	zqh	f	23	1	50	diamond	green	(645, 652)	high	no	no_dis	N	dif	vert	up	True	422577	423991	up	1	2	13
7	zqh	f	23	1	50	diamond	green	(533, 540)	low	no	no_dis	N	dif	vert	up	True	425050	426327	up	1	2	14
7	zqh	f	23	1	50	diamond	red	(645, 652)	high	no	no_dis	N	same	hori	left	True	427397	428335	left	1	2	15
7	zqh	f	23	1	50	circle	red	(757, 540)	low	dis	(645, 428)	N	dif	vert	up	True	429360	430807	up	1	2	16
7	zqh	f	23	1	50	diamond	green	(724, 460)	low	dis	(724, 619)	N	same	hori	left	True	431962	433959	left	1	2	17
7	zqh	f	23	1	50	diamond	green	(565, 460)	low	dis	(533, 540)	N	dif	vert	up	True	435011	436607	up	1	2	18
7	zqh	f	23	1	50	circle	green	(724, 619)	low	no	no_dis	N	same	hori	left	True	437805	438767	left	1	2	19
7	zqh	f	23	1	50	circle	green	(645, 652)	high	dis	(565, 460)	N	dif	vert	up	True	439843	441151	up	1	2	20
7	zqh	f	23	1	50	diamond	green	(724, 619)	low	dis	(565, 460)	N	dif	hori	left	True	442289	443583	left	1	2	21
7	zqh	f	23	1	50	circle	green	(533, 540)	low	no	no_dis	N	dif	vert	up	True	444615	445919	up	1	2	22
7	zqh	f	23	1	50	diamond	red	(645, 652)	high	dis	(645, 428)	N	dif	vert	up	True	446927	448671	up	1	2	23
7	zqh	f	23	1	50	circle	red	(645, 652)	high	dis	(757, 540)	N	same	vert	up	True	449806	451359	up	1	2	24
7	zqh	f	23	1	50	diamond	red	(645, 652)	high	dis	(757, 540)	N	dif	hori	left	True	452550	454215	left	1	2	25
7	zqh	f	23	1	50	diamond	red	(645, 652)	high	dis	(565, 619)	N	dif	hori	left	True	455320	456494	left	1	2	26
7	zqh	f	23	1	50	diamond	red	(645, 652)	high	dis	(565, 460)	N	same	hori	left	True	457675	458783	left	1	2	27
7	zqh	f	23	1	50	diamond	red	(724, 619)	low	dis	(645, 652)	Y	same	hori	left	True	459836	461151	left	1	2	28
7	zqh	f	23	1	50	circle	green	(565, 619)	low	no	no_dis	N	same	vert	up	True	462358	463878	up	1	2	29
7	zqh	f	23	1	50	diamond	red	(645, 428)	low	no	no_dis	N	dif	hori	left	True	464958	466799	left	1	2	30
7	zqh	f	23	1	50	diamond	green	(645, 652)	high	dis	(724, 619)	N	dif	hori	left	True	467833	468967	left	1	2	31
7	zqh	f	23	1	50	circle	red	(724, 619)	low	dis	(645, 652)	Y	same	vert	up	True	470092	471543	up	1	2	32
7	zqh	f	23	1	50	circle	green	(645, 652)	high	no	no_dis	N	dif	hori	left	True	472605	474095	left	1	2	33
7	zqh	f	23	1	50	diamond	red	(533, 540)	low	dis	(645, 652)	Y	same	hori	left	True	475300	476511	left	1	2	34
7	zqh	f	23	1	50	circle	green	(645, 652)	high	dis	(757, 540)	N	dif	vert	up	True	477714	478831	up	1	2	35
7	zqh	f	23	1	50	circle	green	(533, 540)	low	dis	(645, 652)	Y	dif	hori	left	True	479925	481822	left	1	2	36
7	zqh	f	23	1	50	circle	green	(645, 652)	high	no	no_dis	N	dif	hori	left	True	482885	483991	left	1	2	37
7	zqh	f	23	1	50	circle	green	(645, 428)	low	dis	(645, 652)	Y	dif	vert	up	True	485147	486142	up	1	2	38
7	zqh	f	23	1	50	circle	green	(645, 652)	high	dis	(724, 460)	N	same	hori	left	True	487236	488838	left	1	2	39
7	zqh	f	23	1	50	circle	green	(757, 540)	low	dis	(645, 652)	Y	same	vert	up	True	489947	491503	up	1	2	40
7	zqh	f	23	1	50	circle	red	(757, 540)	low	no	no_dis	N	same	hori	left	True	492579	493983	left	1	2	41
7	zqh	f	23	1	50	circle	green	(565, 460)	low	dis	(533, 540)	N	dif	hori	left	True	495089	496647	left	1	2	42
7	zqh	f	23	1	50	diamond	green	(645, 652)	high	dis	(724, 619)	N	same	hori	left	True	497890	499455	left	1	2	43
7	zqh	f	23	1	50	circle	red	(645, 652)	high	no	no_dis	N	same	vert	up	True	500518	501703	up	1	2	44
7	zqh	f	23	1	50	diamond	red	(565, 619)	low	dis	(757, 540)	N	dif	vert	up	True	502824	504055	up	1	2	45
7	zqh	f	23	1	50	circle	red	(724, 460)	low	no	no_dis	N	same	hori	left	True	505109	506279	left	1	2	46
7	zqh	f	23	1	50	circle	red	(724, 460)	low	dis	(645, 428)	N	dif	hori	left	True	507387	508566	up	0	2	47
7	zqh	f	23	1	50	diamond	green	(645, 428)	low	dis	(565, 460)	N	same	hori	left	True	511252	512767	left	1	2	48
7	zqh	f	23	1	50	circle	red	(645, 652)	high	dis	(724, 460)	N	dif	vert	up	True	513888	515023	up	1	2	49
7	zqh	f	23	1	50	circle	green	(724, 460)	low	dis	(724, 619)	N	same	vert	up	True	516091	517255	up	1	2	50
7	zqh	f	23	1	50	diamond	red	(645, 428)	low	dis	(724, 460)	N	same	hori	left	True	518338	519398	left	1	2	51
7	zqh	f	23	1	50	circle	red	(645, 652)	high	dis	(757, 540)	N	dif	hori	left	True	520502	521695	left	1	2	52
7	zqh	f	23	1	50	circle	red	(565, 619)	low	no	no_dis	N	dif	hori	left	True	522844	523862	left	1	2	53
7	zqh	f	23	1	50	circle	green	(533, 540)	low	dis	(645, 428)	N	same	vert	up	True	525039	526215	up	1	2	54
7	zqh	f	23	1	50	circle	red	(565, 460)	low	dis	(757, 540)	N	dif	hori	left	True	527232	528511	left	1	2	55
7	zqh	f	23	1	50	diamond	green	(645, 652)	high	dis	(565, 619)	N	dif	hori	left	True	529721	530935	up	0	2	56
7	zqh	f	23	1	50	diamond	green	(565, 460)	low	dis	(757, 540)	N	same	vert	up	True	533703	534823	up	1	2	57
7	zqh	f	23	1	50	diamond	red	(645, 652)	high	dis	(565, 619)	N	same	hori	left	True	535851	537471	left	1	2	58
7	zqh	f	23	1	50	diamond	red	(645, 652)	high	no	no_dis	N	same	hori	left	True	538708	540102	left	1	2	59
7	zqh	f	23	1	50	circle	green	(757, 540)	low	no	no_dis	N	dif	hori	left	True	541194	542342	left	1	2	60
7	zqh	f	23	1	50	circle	red	(645, 652)	high	no	no_dis	N	same	hori	left	True	543510	544543	left	1	2	61
7	zqh	f	23	1	50	circle	green	(724, 619)	low	dis	(565, 619)	N	dif	vert	up	True	545743	546926	up	1	2	62
7	zqh	f	23	1	50	diamond	red	(565, 460)	low	dis	(724, 460)	N	dif	hori	left	True	548017	549159	left	1	2	63
7	zqh	f	23	1	50	circle	green	(645, 652)	high	dis	(565, 460)	N	same	hori	left	True	550277	551302	left	1	2	64
7	zqh	f	23	1	50	diamond	green	(724, 619)	low	no	no_dis	N	same	vert	up	True	552315	553343	up	1	2	65
7	zqh	f	23	1	50	circle	red	(645, 652)	high	no	no_dis	N	same	hori	left	True	554494	555567	left	1	2	66
7	zqh	f	23	1	50	circle	green	(645, 652)	high	dis	(724, 619)	N	same	hori	left	True	556621	557647	left	1	2	67
7	zqh	f	23	1	50	circle	red	(645, 652)	high	dis	(533, 540)	N	same	vert	up	True	558745	560246	up	1	2	68
7	zqh	f	23	1	50	circle	red	(645, 652)	high	dis	(565, 619)	N	dif	hori	left	True	561334	562535	left	1	2	69
7	zqh	f	23	1	50	circle	green	(645, 652)	high	dis	(724, 460)	N	same	vert	up	True	563604	564583	left	0	2	70
7	zqh	f	23	1	50	diamond	green	(645, 652)	high	dis	(565, 619)	N	dif	hori	left	True	567204	568567	left	1	2	71
7	zqh	f	23	1	50	diamond	green	(645, 652)	high	no	no_dis	N	same	vert	up	True	569604	570663	up	1	2	72
7	zqh	f	23	1	50	diamond	red	(757, 540)	low	dis	(565, 619)	N	same	hori	left	True	571722	572951	left	1	2	73
7	zqh	f	23	1	50	diamond	green	(645, 652)	high	dis	(757, 540)	N	dif	hori	left	True	574099	575391	left	1	2	74
7	zqh	f	23	1	50	circle	red	(645, 652)	high	dis	(533, 540)	N	same	vert	up	True	576507	577542	up	1	2	75
7	zqh	f	23	1	50	diamond	green	(565, 460)	low	no	no_dis	N	dif	hori	left	True	578723	579822	left	1	2	76
7	zqh	f	23	1	50	diamond	red	(533, 540)	low	no	no_dis	N	same	vert	up	True	580828	582046	up	1	2	77
7	zqh	f	23	1	50	circle	red	(645, 428)	low	no	no_dis	N	dif	hori	left	True	583189	584190	left	1	2	78
7	zqh	f	23	1	50	diamond	red	(645, 652)	high	dis	(565, 460)	N	dif	hori	left	True	585392	586766	left	1	2	79
7	zqh	f	23	1	50	diamond	green	(565, 460)	low	no	no_dis	N	dif	vert	up	True	587856	589191	up	1	2	80
7	zqh	f	23	1	50	circle	red	(645, 652)	high	dis	(533, 540)	N	dif	vert	up	True	590389	592366	up	1	2	81
7	zqh	f	23	1	50	circle	red	(533, 540)	low	dis	(565, 460)	N	dif	vert	up	True	593440	595286	up	1	2	82
7	zqh	f	23	1	50	circle	green	(645, 652)	high	dis	(645, 428)	N	same	vert	up	True	596536	598191	up	1	2	83
7	zqh	f	23	1	50	diamond	red	(724, 619)	low	dis	(645, 652)	Y	dif	hori	left	True	599416	600798	left	1	2	84
7	zqh	f	23	1	50	circle	red	(724, 619)	low	dis	(724, 460)	N	same	vert	up	True	602019	603814	up	1	2	85
7	zqh	f	23	1	50	diamond	green	(645, 652)	high	dis	(645, 428)	N	same	vert	up	True	604843	606214	up	1	2	86
7	zqh	f	23	1	50	circle	red	(645, 652)	high	dis	(565, 619)	N	dif	vert	up	True	607433	609262	up	1	2	87
7	zqh	f	23	1	50	circle	red	(645, 428)	low	dis	(533, 540)	N	dif	vert	up	True	610470	612022	up	1	2	88
7	zqh	f	23	1	50	diamond	red	(645, 652)	high	dis	(645, 428)	N	dif	vert	up	True	613125	614630	up	1	2	89
7	zqh	f	23	1	50	circle	green	(645, 652)	high	no	no_dis	N	dif	vert	up	True	615682	616990	up	1	2	90
7	zqh	f	23	1	50	diamond	green	(533, 540)	low	dis	(724, 619)	N	dif	vert	up	True	618048	619686	up	1	2	91
7	zqh	f	23	1	50	diamond	green	(565, 619)	low	dis	(645, 652)	Y	same	vert	up	True	620732	622127	up	1	2	92
7	zqh	f	23	1	50	circle	green	(565, 619)	low	dis	(724, 460)	N	same	hori	left	True	623351	624567	left	1	2	93
7	zqh	f	23	1	50	diamond	green	(645, 652)	high	dis	(645, 428)	N	dif	vert	up	True	625688	626806	up	1	2	94
7	zqh	f	23	1	50	diamond	green	(757, 540)	low	dis	(724, 619)	N	same	hori	left	True	627848	629654	left	1	2	95
7	zqh	f	23	1	50	circle	green	(724, 460)	low	dis	(533, 540)	N	same	vert	up	True	630888	632158	up	1	2	96
7	zqh	f	23	1	50	circle	red	(645, 652)	high	no	no_dis	N	same	hori	left	True	633163	634598	left	1	2	97
7	zqh	f	23	1	50	diamond	green	(645, 652)	high	no	no_dis	N	same	vert	up	True	635742	637126	up	1	2	98
7	zqh	f	23	1	50	circle	red	(565, 619)	low	no	no_dis	N	dif	vert	up	True	638290	639502	up	1	2	99
7	zqh	f	23	1	50	diamond	red	(645, 652)	high	no	no_dis	N	dif	vert	up	True	640594	642111	up	1	2	100
7	zqh	f	23	1	50	diamond	green	(645, 652)	high	dis	(724, 619)	N	same	vert	up	True	643331	644638	up	1	2	101
7	zqh	f	23	1	50	diamond	green	(645, 652)	high	dis	(724, 460)	N	same	hori	left	True	645680	646998	left	1	2	102
7	zqh	f	23	1	50	diamond	green	(724, 460)	low	dis	(565, 460)	N	dif	vert	up	True	648155	649390	up	1	2	103
7	zqh	f	23	1	50	diamond	red	(645, 428)	low	dis	(645, 652)	Y	dif	hori	left	True	650503	651934	left	1	2	104
7	zqh	f	23	1	50	circle	green	(645, 652)	high	dis	(565, 460)	N	dif	vert	up	True	652996	654166	up	1	2	105
7	zqh	f	23	1	50	diamond	red	(757, 540)	low	no	no_dis	N	same	hori	left	True	655419	656823	left	1	2	106
7	zqh	f	23	1	50	circle	red	(645, 652)	high	no	no_dis	N	same	vert	up	True	657894	658838	up	1	2	107
7	zqh	f	23	1	50	circle	green	(645, 652)	high	dis	(724, 460)	N	same	hori	left	True	660034	661639	left	1	2	108
7	zqh	f	23	1	50	diamond	green	(565, 460)	low	no	no_dis	N	same	vert	up	True	662797	664223	up	1	2	109
7	zqh	f	23	1	50	diamond	red	(724, 460)	low	dis	(565, 619)	N	same	hori	left	True	665266	666679	left	1	2	110
7	zqh	f	23	1	50	diamond	red	(724, 460)	low	no	no_dis	N	same	hori	left	True	667797	668798	left	1	2	111
7	zqh	f	23	1	50	circle	red	(533, 540)	low	dis	(724, 460)	N	same	hori	left	True	669937	671215	left	1	2	112
7	zqh	f	23	1	50	circle	red	(757, 540)	low	dis	(645, 428)	N	dif	hori	left	True	672297	673734	left	1	2	113
7	zqh	f	23	1	50	diamond	red	(645, 652)	high	dis	(645, 428)	N	same	hori	left	True	674825	676198	left	1	2	114
7	zqh	f	23	1	50	diamond	red	(724, 460)	low	no	no_dis	N	dif	vert	up	True	677435	678430	up	1	2	115
7	zqh	f	23	1	50	circle	green	(724, 619)	low	no	no_dis	N	same	vert	up	True	679482	680879	up	1	2	116
7	zqh	f	23	1	50	diamond	green	(565, 619)	low	dis	(645, 652)	Y	dif	hori	left	True	681950	683374	up	0	2	117
7	zqh	f	23	1	50	circle	green	(645, 652)	high	no	no_dis	N	dif	hori	left	True	686022	687430	left	1	2	118
7	zqh	f	23	1	50	diamond	red	(645, 652)	high	dis	(724, 619)	N	same	vert	up	True	688537	689758	up	1	2	119
7	zqh	f	23	1	50	diamond	green	(645, 652)	high	dis	(533, 540)	N	same	hori	left	True	690951	692671	left	1	2	120
7	zqh	f	23	1	50	diamond	green	(645, 652)	high	dis	(565, 460)	N	same	vert	up	True	732894	734190	up	1	3	1
7	zqh	f	23	1	50	diamond	green	(645, 652)	high	no	no_dis	N	dif	hori	left	True	735249	737302	left	1	3	2
7	zqh	f	23	1	50	diamond	red	(645, 652)	high	dis	(757, 540)	N	dif	vert	up	True	738472	739943	up	1	3	3
7	zqh	f	23	1	50	diamond	red	(533, 540)	low	dis	(645, 652)	Y	dif	vert	up	True	741091	742446	up	1	3	4
7	zqh	f	23	1	50	diamond	green	(645, 652)	high	no	no_dis	N	same	hori	left	True	743559	744574	left	1	3	5
7	zqh	f	23	1	50	diamond	green	(724, 460)	low	no	no_dis	N	same	vert	up	True	745737	746862	up	1	3	6
7	zqh	f	23	1	50	circle	green	(565, 619)	low	no	no_dis	N	dif	hori	left	True	747978	749038	left	1	3	7
7	zqh	f	23	1	50	circle	green	(645, 652)	high	dis	(565, 460)	N	dif	hori	left	True	750057	751087	left	1	3	8
7	zqh	f	23	1	50	diamond	green	(645, 652)	high	dis	(565, 619)	N	dif	vert	up	True	752175	753894	up	1	3	9
7	zqh	f	23	1	50	circle	green	(724, 460)	low	dis	(645, 652)	Y	dif	hori	left	True	755116	756254	left	1	3	10
7	zqh	f	23	1	50	diamond	red	(645, 652)	high	dis	(724, 460)	N	same	vert	up	True	757494	759198	up	1	3	11
7	zqh	f	23	1	50	circle	red	(533, 540)	low	dis	(724, 460)	N	dif	vert	up	True	760404	761758	up	1	3	12
7	zqh	f	23	1	50	diamond	green	(645, 652)	high	dis	(565, 619)	N	same	hori	left	True	762775	764054	left	1	3	13
7	zqh	f	23	1	50	circle	green	(565, 619)	low	dis	(645, 652)	Y	dif	vert	up	True	765122	766542	up	1	3	14
7	zqh	f	23	1	50	circle	green	(645, 652)	high	dis	(724, 619)	N	dif	hori	left	True	767706	768654	left	1	3	15
7	zqh	f	23	1	50	diamond	green	(724, 619)	low	dis	(757, 540)	N	dif	vert	up	True	769774	771143	up	1	3	16
7	zqh	f	23	1	50	circle	green	(645, 652)	high	no	no_dis	N	same	hori	left	True	772147	773551	left	1	3	17
7	zqh	f	23	1	50	diamond	red	(645, 652)	high	dis	(724, 619)	N	same	hori	left	True	774605	775886	left	1	3	18
7	zqh	f	23	1	50	circle	green	(645, 652)	high	dis	(724, 460)	N	dif	vert	up	True	777001	778078	left	0	3	19
7	zqh	f	23	1	50	diamond	red	(645, 428)	low	no	no_dis	N	same	vert	up	True	780817	781854	up	1	3	20
7	zqh	f	23	1	50	circle	green	(645, 652)	high	dis	(757, 540)	N	same	hori	left	True	782941	784726	left	1	3	21
7	zqh	f	23	1	50	circle	red	(645, 652)	high	no	no_dis	N	dif	vert	up	True	785794	786774	up	1	3	22
7	zqh	f	23	1	50	circle	red	(645, 652)	high	no	no_dis	N	same	vert	up	True	787937	788902	up	1	3	23
7	zqh	f	23	1	50	circle	red	(533, 540)	low	dis	(757, 540)	N	same	hori	left	True	790118	791334	left	1	3	24
7	zqh	f	23	1	50	circle	red	(565, 460)	low	no	no_dis	N	same	hori	left	True	792586	793510	left	1	3	25
7	zqh	f	23	1	50	circle	red	(565, 460)	low	dis	(757, 540)	N	same	vert	up	True	794522	795422	up	1	3	26
7	zqh	f	23	1	50	circle	red	(645, 652)	high	no	no_dis	N	same	vert	up	True	796660	797670	up	1	3	27
7	zqh	f	23	1	50	diamond	red	(645, 652)	high	dis	(565, 619)	N	dif	hori	left	True	798755	800374	left	1	3	28
7	zqh	f	23	1	50	diamond	red	(645, 428)	low	dis	(724, 619)	N	same	hori	left	True	801435	802574	left	1	3	29
7	zqh	f	23	1	50	diamond	red	(724, 619)	low	dis	(533, 540)	N	same	hori	left	True	803767	805070	left	1	3	30
7	zqh	f	23	1	50	diamond	green	(645, 652)	high	dis	(565, 460)	N	same	hori	left	True	806123	807358	left	1	3	31
7	zqh	f	23	1	50	circle	green	(645, 428)	low	no	no_dis	N	dif	hori	left	True	808550	810302	left	1	3	32
7	zqh	f	23	1	50	diamond	red	(565, 460)	low	dis	(724, 619)	N	same	vert	up	True	811326	813182	up	1	3	33
7	zqh	f	23	1	50	circle	green	(645, 652)	high	no	no_dis	N	dif	hori	left	True	814362	815726	left	1	3	34
7	zqh	f	23	1	50	diamond	green	(724, 619)	low	dis	(565, 619)	N	dif	vert	up	True	816834	818159	up	1	3	35
7	zqh	f	23	1	50	circle	red	(757, 540)	low	dis	(645, 652)	Y	dif	vert	up	True	819356	820678	up	1	3	36
7	zqh	f	23	1	50	circle	green	(565, 460)	low	dis	(724, 460)	N	dif	hori	left	True	821800	823246	left	1	3	37
7	zqh	f	23	1	50	diamond	green	(645, 652)	high	dis	(565, 460)	N	dif	vert	up	True	824483	825622	up	1	3	38
7	zqh	f	23	1	50	diamond	green	(645, 652)	high	no	no_dis	N	dif	hori	left	True	826858	827958	left	1	3	39
7	zqh	f	23	1	50	diamond	green	(724, 460)	low	dis	(645, 652)	Y	dif	hori	left	True	829050	830437	left	1	3	40
7	zqh	f	23	1	50	circle	red	(645, 652)	high	dis	(533, 540)	N	same	hori	left	True	831528	832774	left	1	3	41
7	zqh	f	23	1	50	circle	green	(724, 460)	low	dis	(757, 540)	N	same	vert	up	True	833917	834934	up	1	3	42
7	zqh	f	23	1	50	diamond	red	(645, 428)	low	dis	(565, 619)	N	dif	hori	left	True	836023	837053	left	1	3	43
7	zqh	f	23	1	50	circle	red	(724, 460)	low	no	no_dis	N	dif	hori	left	True	838179	839374	left	1	3	44
7	zqh	f	23	1	50	circle	red	(645, 652)	high	dis	(757, 540)	N	dif	hori	left	True	840604	841678	left	1	3	45
7	zqh	f	23	1	50	diamond	green	(645, 652)	high	no	no_dis	N	same	vert	up	True	842908	843871	up	1	3	46
7	zqh	f	23	1	50	circle	green	(645, 652)	high	dis	(533, 540)	N	dif	hori	left	True	845072	845990	left	1	3	47
7	zqh	f	23	1	50	diamond	red	(757, 540)	low	dis	(565, 460)	N	dif	hori	left	True	847025	848094	left	1	3	48
7	zqh	f	23	1	50	circle	red	(724, 460)	low	dis	(724, 619)	N	same	hori	left	True	849321	850997	left	1	3	49
7	zqh	f	23	1	50	circle	red	(757, 540)	low	dis	(724, 619)	N	dif	hori	left	True	852156	853318	left	1	3	50
7	zqh	f	23	1	50	diamond	red	(645, 652)	high	dis	(724, 460)	N	same	vert	up	True	854492	855366	up	1	3	51
7	zqh	f	23	1	50	circle	red	(645, 652)	high	dis	(645, 428)	N	dif	hori	left	True	856582	857534	left	1	3	52
7	zqh	f	23	1	50	circle	green	(645, 652)	high	dis	(533, 540)	N	same	hori	left	True	858580	859702	left	1	3	53
7	zqh	f	23	1	50	circle	red	(645, 652)	high	dis	(533, 540)	N	same	vert	up	True	860897	861974	up	1	3	54
7	zqh	f	23	1	50	diamond	green	(645, 652)	high	dis	(645, 428)	N	dif	vert	up	True	863158	864454	up	1	3	55
7	zqh	f	23	1	50	diamond	red	(565, 619)	low	no	no_dis	N	same	hori	left	True	865458	866510	left	1	3	56
7	zqh	f	23	1	50	circle	green	(645, 652)	high	dis	(724, 460)	N	same	vert	up	True	867681	869005	up	1	3	57
7	zqh	f	23	1	50	diamond	green	(645, 652)	high	no	no_dis	N	dif	vert	up	True	870186	871621	up	1	3	58
7	zqh	f	23	1	50	circle	green	(645, 652)	high	dis	(724, 460)	N	dif	vert	up	True	872654	874374	up	1	3	59
7	zqh	f	23	1	50	circle	red	(645, 652)	high	dis	(724, 460)	N	same	hori	left	True	875420	876742	left	1	3	60
7	zqh	f	23	1	50	diamond	green	(757, 540)	low	dis	(565, 619)	N	dif	hori	left	True	877995	879238	left	1	3	61
7	zqh	f	23	1	50	diamond	green	(724, 460)	low	no	no_dis	N	dif	vert	up	True	880415	881413	up	1	3	62
7	zqh	f	23	1	50	diamond	red	(645, 652)	high	dis	(724, 619)	N	same	vert	up	True	882597	884029	up	1	3	63
7	zqh	f	23	1	50	circle	green	(533, 540)	low	no	no_dis	N	same	hori	left	True	885106	886126	left	1	3	64
7	zqh	f	23	1	50	diamond	red	(645, 652)	high	dis	(565, 460)	N	same	vert	up	True	887131	888150	up	1	3	65
7	zqh	f	23	1	50	circle	green	(757, 540)	low	dis	(645, 428)	N	same	vert	up	True	889399	890669	up	1	3	66
7	zqh	f	23	1	50	circle	red	(533, 540)	low	no	no_dis	N	dif	hori	left	True	891842	892854	left	1	3	67
7	zqh	f	23	1	50	diamond	red	(565, 619)	low	no	no_dis	N	same	vert	up	True	894019	895230	up	1	3	68
7	zqh	f	23	1	50	diamond	green	(565, 619)	low	dis	(533, 540)	N	same	vert	up	True	896303	897637	up	1	3	69
7	zqh	f	23	1	50	diamond	green	(565, 460)	low	dis	(645, 428)	N	same	vert	up	True	898816	899894	up	1	3	70
7	zqh	f	23	1	50	circle	red	(645, 652)	high	dis	(645, 428)	N	dif	vert	up	True	900934	902670	up	1	3	71
7	zqh	f	23	1	50	diamond	green	(533, 540)	low	dis	(645, 428)	N	dif	hori	left	True	903876	905637	left	1	3	72
7	zqh	f	23	1	50	diamond	red	(645, 652)	high	dis	(645, 428)	N	same	hori	left	True	906845	907742	left	1	3	73
7	zqh	f	23	1	50	diamond	green	(565, 460)	low	dis	(645, 652)	Y	dif	vert	up	True	908752	909846	up	1	3	74
7	zqh	f	23	1	50	diamond	red	(645, 652)	high	no	no_dis	N	dif	vert	up	True	910942	911854	up	1	3	75
7	zqh	f	23	1	50	circle	green	(757, 540)	low	no	no_dis	N	dif	vert	up	True	912940	914189	up	1	3	76
7	zqh	f	23	1	50	circle	green	(724, 460)	low	dis	(533, 540)	N	dif	hori	left	True	915403	916933	left	1	3	77
7	zqh	f	23	1	50	diamond	red	(533, 540)	low	no	no_dis	N	same	vert	up	True	918042	919550	left	0	3	78
7	zqh	f	23	1	50	diamond	green	(645, 428)	low	dis	(565, 460)	N	same	vert	up	True	922313	923494	up	1	3	79
7	zqh	f	23	1	50	diamond	red	(533, 540)	low	dis	(645, 652)	Y	same	hori	left	True	924584	926118	left	1	3	80
7	zqh	f	23	1	50	circle	red	(724, 619)	low	dis	(724, 460)	N	dif	vert	up	True	927181	928646	up	1	3	81
7	zqh	f	23	1	50	circle	green	(645, 652)	high	no	no_dis	N	dif	hori	left	True	929789	930853	left	1	3	82
7	zqh	f	23	1	50	circle	green	(724, 619)	low	dis	(645, 428)	N	same	hori	left	True	932031	932950	left	1	3	83
7	zqh	f	23	1	50	circle	red	(645, 652)	high	dis	(645, 428)	N	dif	vert	up	True	934170	935078	up	1	3	84
7	zqh	f	23	1	50	circle	red	(645, 652)	high	dis	(565, 619)	N	dif	hori	left	True	936090	937086	left	1	3	85
7	zqh	f	23	1	50	circle	green	(645, 652)	high	dis	(565, 619)	N	same	vert	up	True	938151	938942	up	1	3	86
7	zqh	f	23	1	50	diamond	green	(565, 460)	low	no	no_dis	N	dif	hori	left	True	940193	941166	left	1	3	87
7	zqh	f	23	1	50	diamond	green	(645, 652)	high	dis	(565, 460)	N	same	vert	up	True	942351	943286	up	1	3	88
7	zqh	f	23	1	50	diamond	red	(645, 652)	high	dis	(533, 540)	N	dif	hori	left	True	944470	945646	left	1	3	89
7	zqh	f	23	1	50	circle	green	(724, 619)	low	no	no_dis	N	same	hori	left	True	946879	947614	left	1	3	90
7	zqh	f	23	1	50	circle	green	(645, 652)	high	no	no_dis	N	same	hori	left	True	948680	949558	left	1	3	91
7	zqh	f	23	1	50	circle	red	(724, 619)	low	no	no_dis	N	dif	vert	up	True	950598	951365	up	1	3	92
7	zqh	f	23	1	50	circle	green	(645, 652)	high	dis	(757, 540)	N	same	hori	left	True	952553	953573	left	1	3	93
7	zqh	f	23	1	50	diamond	green	(645, 428)	low	no	no_dis	N	dif	vert	up	True	954688	955942	up	1	3	94
7	zqh	f	23	1	50	diamond	green	(757, 540)	low	dis	(645, 652)	Y	same	hori	left	True	957065	958142	left	1	3	95
7	zqh	f	23	1	50	circle	green	(645, 652)	high	no	no_dis	N	same	hori	left	True	959270	960253	left	1	3	96
7	zqh	f	23	1	50	diamond	red	(645, 652)	high	dis	(565, 619)	N	same	hori	left	True	961303	962510	left	1	3	97
7	zqh	f	23	1	50	circle	green	(565, 619)	low	dis	(757, 540)	N	same	vert	up	True	963762	964893	up	1	3	98
7	zqh	f	23	1	50	diamond	red	(645, 652)	high	no	no_dis	N	dif	hori	left	True	966096	966981	left	1	3	99
7	zqh	f	23	1	50	diamond	red	(645, 652)	high	no	no_dis	N	dif	vert	up	True	968092	968989	up	1	3	100
7	zqh	f	23	1	50	circle	red	(757, 540)	low	no	no_dis	N	dif	vert	up	True	970132	971182	up	1	3	101
7	zqh	f	23	1	50	diamond	green	(645, 652)	high	dis	(724, 619)	N	dif	hori	left	True	972294	973646	left	1	3	102
7	zqh	f	23	1	50	diamond	red	(565, 619)	low	dis	(565, 460)	N	same	hori	left	True	974795	976061	left	1	3	103
7	zqh	f	23	1	50	diamond	red	(565, 460)	low	no	no_dis	N	same	vert	up	True	977142	978014	up	1	3	104
7	zqh	f	23	1	50	diamond	red	(645, 652)	high	no	no_dis	N	same	vert	up	True	979031	980006	up	1	3	105
7	zqh	f	23	1	50	circle	green	(645, 428)	low	dis	(724, 460)	N	same	vert	up	True	981096	981877	up	1	3	106
7	zqh	f	23	1	50	diamond	red	(724, 460)	low	dis	(565, 460)	N	dif	vert	up	True	982937	984246	up	1	3	107
7	zqh	f	23	1	50	circle	red	(565, 619)	low	dis	(645, 652)	Y	dif	hori	left	True	985292	986822	left	1	3	108
7	zqh	f	23	1	50	diamond	green	(645, 652)	high	dis	(533, 540)	N	dif	vert	up	True	987988	989701	left	0	3	109
7	zqh	f	23	1	50	circle	green	(533, 540)	low	dis	(565, 619)	N	same	hori	left	True	992424	993925	left	1	3	110
7	zqh	f	23	1	50	circle	red	(645, 652)	high	no	no_dis	N	same	hori	left	True	995049	996269	left	1	3	111
7	zqh	f	23	1	50	circle	red	(645, 652)	high	no	no_dis	N	same	vert	up	True	997343	998694	up	1	3	112
7	zqh	f	23	1	50	circle	red	(565, 619)	low	dis	(645, 652)	Y	same	hori	left	True	999766	1001054	left	1	3	113
7	zqh	f	23	1	50	diamond	red	(645, 652)	high	no	no_dis	N	dif	vert	up	True	1002259	1003358	up	1	3	114
7	zqh	f	23	1	50	circle	red	(645, 428)	low	dis	(724, 619)	N	same	vert	up	True	1004537	1005502	up	1	3	115
7	zqh	f	23	1	50	diamond	green	(757, 540)	low	no	no_dis	N	same	hori	left	True	1006577	1007630	left	1	3	116
7	zqh	f	23	1	50	diamond	green	(645, 652)	high	dis	(724, 619)	N	dif	vert	up	True	1008708	1010310	up	1	3	117
7	zqh	f	23	1	50	circle	red	(645, 652)	high	dis	(757, 540)	N	dif	hori	left	True	1011463	1012997	left	1	3	118
7	zqh	f	23	1	50	diamond	red	(724, 619)	low	dis	(533, 540)	N	dif	vert	up	True	1014246	1015582	up	1	3	119
7	zqh	f	23	1	50	circle	red	(645, 652)	high	dis	(645, 428)	N	same	vert	up	True	1016774	1017854	up	1	3	120
7	zqh	f	23	1	50	circle	green	(645, 652)	high	dis	(565, 619)	N	same	vert	up	True	1072323	1073590	up	1	4	1
7	zqh	f	23	1	50	diamond	red	(645, 652)	high	dis	(724, 619)	N	same	hori	left	True	1074714	1075933	left	1	4	2
7	zqh	f	23	1	50	circle	green	(645, 652)	high	dis	(724, 619)	N	same	vert	up	True	1077150	1078886	up	1	4	3
7	zqh	f	23	1	50	circle	green	(645, 652)	high	no	no_dis	N	same	hori	left	True	1080001	1081349	left	1	4	4
7	zqh	f	23	1	50	circle	red	(533, 540)	low	no	no_dis	N	dif	vert	up	True	1082389	1083822	up	1	4	5
7	zqh	f	23	1	50	circle	green	(645, 652)	high	dis	(724, 460)	N	same	hori	left	True	1084913	1085933	left	1	4	6
7	zqh	f	23	1	50	diamond	red	(645, 652)	high	no	no_dis	N	dif	vert	up	True	1087179	1088461	up	1	4	7
7	zqh	f	23	1	50	diamond	green	(645, 652)	high	dis	(565, 460)	N	dif	vert	up	True	1089508	1090486	up	1	4	8
7	zqh	f	23	1	50	diamond	red	(645, 652)	high	dis	(757, 540)	N	dif	hori	left	True	1091623	1092494	left	1	4	9
7	zqh	f	23	1	50	diamond	green	(645, 428)	low	dis	(565, 619)	N	dif	hori	left	True	1093613	1095149	left	1	4	10
7	zqh	f	23	1	50	diamond	green	(757, 540)	low	no	no_dis	N	dif	hori	left	True	1096266	1097486	left	1	4	11
7	zqh	f	23	1	50	circle	green	(724, 619)	low	no	no_dis	N	dif	hori	left	True	1098635	1099662	left	1	4	12
7	zqh	f	23	1	50	diamond	green	(724, 460)	low	no	no_dis	N	dif	vert	up	True	1100731	1101694	up	1	4	13
7	zqh	f	23	1	50	diamond	green	(645, 652)	high	dis	(565, 460)	N	same	hori	left	True	1102896	1104190	left	1	4	14
7	zqh	f	23	1	50	circle	red	(645, 652)	high	no	no_dis	N	dif	vert	up	True	1105288	1106477	up	1	4	15
7	zqh	f	23	1	50	diamond	green	(757, 540)	low	no	no_dis	N	dif	vert	up	True	1107586	1108750	up	1	4	16
7	zqh	f	23	1	50	circle	red	(757, 540)	low	dis	(645, 652)	Y	dif	vert	up	True	1109837	1111582	left	0	4	17
7	zqh	f	23	1	50	circle	red	(645, 652)	high	no	no_dis	N	dif	hori	left	True	1114352	1116014	left	1	4	18
7	zqh	f	23	1	50	diamond	red	(645, 652)	high	dis	(645, 428)	N	dif	hori	left	True	1117021	1118197	left	1	4	19
7	zqh	f	23	1	50	circle	green	(645, 428)	low	dis	(565, 619)	N	dif	vert	up	True	1119368	1120310	up	1	4	20
7	zqh	f	23	1	50	circle	red	(645, 428)	low	dis	(645, 652)	Y	same	hori	left	True	1121318	1122934	left	1	4	21
7	zqh	f	23	1	50	diamond	red	(565, 460)	low	dis	(533, 540)	N	same	vert	up	True	1124123	1125622	up	1	4	22
7	zqh	f	23	1	50	diamond	green	(645, 652)	high	dis	(724, 460)	N	same	hori	left	True	1126848	1127781	left	1	4	23
7	zqh	f	23	1	50	circle	green	(565, 619)	low	dis	(645, 428)	N	dif	vert	up	True	1128907	1130101	up	1	4	24
7	zqh	f	23	1	50	diamond	red	(645, 652)	high	dis	(645, 428)	N	same	vert	up	True	1131283	1132925	up	1	4	25
7	zqh	f	23	1	50	circle	red	(645, 652)	high	dis	(533, 540)	N	dif	vert	up	True	1134110	1135357	up	1	4	26
7	zqh	f	23	1	50	diamond	green	(757, 540)	low	no	no_dis	N	dif	hori	left	True	1136598	1137749	left	1	4	27
7	zqh	f	23	1	50	circle	red	(533, 540)	low	dis	(645, 652)	Y	same	hori	left	True	1138921	1140269	left	1	4	28
7	zqh	f	23	1	50	circle	green	(645, 652)	high	dis	(565, 460)	N	dif	vert	up	True	1141505	1142461	up	1	4	29
7	zqh	f	23	1	50	circle	red	(645, 652)	high	dis	(724, 460)	N	dif	vert	up	True	1143709	1144653	up	1	4	30
7	zqh	f	23	1	50	diamond	red	(565, 619)	low	no	no_dis	N	same	hori	left	True	1145668	1146885	left	1	4	31
7	zqh	f	23	1	50	circle	red	(645, 652)	high	dis	(565, 619)	N	dif	vert	up	True	1148133	1149141	up	1	4	32
7	zqh	f	23	1	50	diamond	green	(645, 652)	high	dis	(533, 540)	N	dif	hori	left	True	1150148	1151093	left	1	4	33
7	zqh	f	23	1	50	circle	green	(645, 652)	high	no	no_dis	N	dif	hori	left	True	1152308	1153078	left	1	4	34
7	zqh	f	23	1	50	diamond	green	(757, 540)	low	dis	(724, 460)	N	same	hori	left	True	1154120	1155365	left	1	4	35
7	zqh	f	23	1	50	circle	red	(645, 652)	high	dis	(724, 460)	N	same	hori	left	True	1156593	1157854	left	1	4	36
7	zqh	f	23	1	50	diamond	red	(565, 619)	low	no	no_dis	N	same	hori	left	True	1158961	1159949	left	1	4	37
7	zqh	f	23	1	50	diamond	red	(645, 652)	high	dis	(757, 540)	N	same	vert	up	True	1161184	1162229	up	1	4	38
7	zqh	f	23	1	50	diamond	red	(757, 540)	low	dis	(645, 652)	Y	dif	vert	up	True	1163318	1164549	up	1	4	39
7	zqh	f	23	1	50	diamond	green	(645, 428)	low	no	no_dis	N	dif	vert	up	True	1165712	1166573	up	1	4	40
7	zqh	f	23	1	50	diamond	red	(645, 652)	high	dis	(757, 540)	N	same	vert	up	True	1167737	1168622	up	1	4	41
7	zqh	f	23	1	50	circle	red	(565, 460)	low	no	no_dis	N	dif	vert	up	True	1169743	1170862	up	1	4	42
7	zqh	f	23	1	50	circle	green	(645, 652)	high	dis	(724, 619)	N	same	vert	up	True	1172037	1173126	up	1	4	43
7	zqh	f	23	1	50	diamond	red	(565, 619)	low	dis	(724, 460)	N	dif	vert	up	True	1174266	1175229	up	1	4	44
7	zqh	f	23	1	50	circle	green	(645, 652)	high	dis	(757, 540)	N	dif	hori	left	True	1176368	1177302	left	1	4	45
7	zqh	f	23	1	50	diamond	green	(645, 652)	high	dis	(533, 540)	N	same	hori	left	True	1178476	1180358	left	1	4	46
7	zqh	f	23	1	50	circle	green	(565, 619)	low	no	no_dis	N	same	vert	up	True	1181497	1182733	up	1	4	47
7	zqh	f	23	1	50	circle	green	(645, 652)	high	dis	(645, 428)	N	same	hori	left	True	1183780	1184661	left	1	4	48
7	zqh	f	23	1	50	diamond	red	(724, 619)	low	dis	(757, 540)	N	same	vert	up	True	1185732	1187190	up	1	4	49
7	zqh	f	23	1	50	circle	red	(565, 619)	low	dis	(645, 652)	Y	same	hori	left	True	1188402	1189342	left	1	4	50
7	zqh	f	23	1	50	circle	red	(645, 652)	high	dis	(565, 460)	N	same	vert	up	True	1190350	1191942	up	1	4	51
7	zqh	f	23	1	50	diamond	red	(645, 652)	high	dis	(645, 428)	N	same	vert	up	True	1193088	1194437	up	1	4	52
7	zqh	f	23	1	50	circle	green	(724, 619)	low	dis	(757, 540)	N	same	hori	left	True	1195628	1197014	left	1	4	53
7	zqh	f	23	1	50	diamond	red	(645, 652)	high	dis	(645, 428)	N	dif	hori	left	True	1198209	1199397	left	1	4	54
7	zqh	f	23	1	50	circle	green	(724, 460)	low	dis	(533, 540)	N	dif	vert	up	True	1200432	1202021	up	1	4	55
7	zqh	f	23	1	50	diamond	red	(565, 460)	low	no	no_dis	N	same	vert	up	True	1203119	1204453	up	1	4	56
7	zqh	f	23	1	50	diamond	red	(533, 540)	low	no	no_dis	N	dif	hori	left	True	1205696	1206581	left	1	4	57
7	zqh	f	23	1	50	circle	green	(565, 460)	low	dis	(565, 619)	N	dif	hori	left	True	1207683	1209493	left	1	4	58
7	zqh	f	23	1	50	circle	green	(645, 428)	low	no	no_dis	N	same	hori	left	True	1210678	1212005	left	1	4	59
7	zqh	f	23	1	50	circle	green	(724, 460)	low	no	no_dis	N	same	vert	up	True	1213203	1214205	up	1	4	60
7	zqh	f	23	1	50	diamond	green	(565, 460)	low	dis	(645, 652)	Y	same	hori	left	True	1215326	1216829	left	1	4	61
7	zqh	f	23	1	50	diamond	red	(645, 652)	high	dis	(533, 540)	N	same	vert	up	True	1218003	1219629	up	1	4	62
7	zqh	f	23	1	50	circle	red	(645, 652)	high	no	no_dis	N	same	vert	up	True	1220671	1221757	up	1	4	63
7	zqh	f	23	1	50	circle	green	(724, 460)	low	dis	(645, 428)	N	same	hori	left	True	1222844	1224469	left	1	4	64
7	zqh	f	23	1	50	diamond	red	(533, 540)	low	dis	(757, 540)	N	dif	hori	left	True	1225658	1226758	left	1	4	65
7	zqh	f	23	1	50	diamond	green	(757, 540)	low	dis	(645, 652)	Y	dif	vert	up	True	1227796	1229093	up	1	4	66
7	zqh	f	23	1	50	circle	green	(533, 540)	low	dis	(724, 460)	N	dif	hori	left	True	1230116	1231213	left	1	4	67
7	zqh	f	23	1	50	circle	red	(533, 540)	low	dis	(645, 652)	Y	dif	hori	left	True	1232457	1233765	left	1	4	68
7	zqh	f	23	1	50	circle	green	(645, 652)	high	dis	(533, 540)	N	same	vert	up	True	1234881	1236605	up	1	4	69
7	zqh	f	23	1	50	circle	red	(645, 428)	low	no	no_dis	N	same	hori	left	True	1237692	1238709	left	1	4	70
7	zqh	f	23	1	50	circle	red	(645, 652)	high	dis	(565, 460)	N	dif	hori	left	True	1239914	1240917	left	1	4	71
7	zqh	f	23	1	50	circle	red	(724, 460)	low	dis	(724, 619)	N	dif	hori	left	True	1241991	1242789	left	1	4	72
7	zqh	f	23	1	50	circle	red	(757, 540)	low	dis	(645, 428)	N	dif	vert	up	True	1243951	1244781	up	1	4	73
7	zqh	f	23	1	50	diamond	green	(645, 652)	high	dis	(565, 619)	N	same	hori	left	True	1245870	1246909	left	1	4	74
7	zqh	f	23	1	50	diamond	red	(645, 652)	high	no	no_dis	N	same	vert	up	True	1248090	1249037	up	1	4	75
7	zqh	f	23	1	50	diamond	red	(724, 460)	low	dis	(645, 428)	N	dif	vert	up	True	1250132	1251245	up	1	4	76
7	zqh	f	23	1	50	diamond	green	(645, 652)	high	no	no_dis	N	same	hori	left	True	1252456	1253245	left	1	4	77
7	zqh	f	23	1	50	diamond	green	(565, 460)	low	dis	(645, 652)	Y	same	hori	left	True	1254491	1255468	left	1	4	78
7	zqh	f	23	1	50	circle	red	(724, 619)	low	no	no_dis	N	same	vert	up	True	1256509	1257557	up	1	4	79
7	zqh	f	23	1	50	circle	red	(645, 652)	high	dis	(724, 619)	N	dif	vert	up	True	1258606	1259758	up	1	4	80
7	zqh	f	23	1	50	diamond	green	(645, 652)	high	dis	(724, 619)	N	dif	hori	left	True	1260817	1261925	left	1	4	81
7	zqh	f	23	1	50	circle	green	(645, 652)	high	no	no_dis	N	same	vert	up	True	1263037	1263837	up	1	4	82
7	zqh	f	23	1	50	circle	red	(645, 652)	high	no	no_dis	N	same	vert	up	True	1264896	1265693	up	1	4	83
7	zqh	f	23	1	50	circle	green	(533, 540)	low	no	no_dis	N	same	vert	up	True	1266720	1267701	up	1	4	84
7	zqh	f	23	1	50	diamond	red	(645, 428)	low	dis	(533, 540)	N	same	vert	up	True	1268819	1269845	up	1	4	85
7	zqh	f	23	1	50	circle	red	(645, 652)	high	dis	(565, 619)	N	dif	vert	up	True	1270859	1271717	up	1	4	86
7	zqh	f	23	1	50	circle	green	(645, 652)	high	dis	(724, 460)	N	dif	vert	up	True	1272866	1273813	up	1	4	87
7	zqh	f	23	1	50	circle	green	(645, 652)	high	no	no_dis	N	dif	hori	left	True	1274942	1275693	left	1	4	88
7	zqh	f	23	1	50	circle	red	(645, 652)	high	dis	(757, 540)	N	dif	hori	left	True	1276933	1277765	left	1	4	89
7	zqh	f	23	1	50	diamond	green	(645, 652)	high	no	no_dis	N	dif	vert	up	True	1278825	1279925	up	1	4	90
7	zqh	f	23	1	50	diamond	green	(724, 460)	low	dis	(565, 460)	N	dif	hori	left	True	1281057	1282365	left	1	4	91
7	zqh	f	23	1	50	diamond	green	(645, 652)	high	dis	(533, 540)	N	dif	hori	left	True	1283541	1284573	left	1	4	92
7	zqh	f	23	1	50	diamond	red	(645, 652)	high	no	no_dis	N	dif	hori	left	True	1285608	1286413	left	1	4	93
7	zqh	f	23	1	50	diamond	green	(724, 619)	low	dis	(565, 460)	N	dif	vert	up	True	1287496	1288341	up	1	4	94
7	zqh	f	23	1	50	circle	green	(757, 540)	low	dis	(533, 540)	N	same	vert	up	True	1289388	1290525	up	1	4	95
7	zqh	f	23	1	50	diamond	red	(645, 428)	low	dis	(565, 619)	N	dif	hori	left	True	1291649	1292605	left	1	4	96
7	zqh	f	23	1	50	circle	green	(565, 619)	low	dis	(724, 460)	N	same	vert	up	True	1293832	1294941	up	1	4	97
7	zqh	f	23	1	50	diamond	red	(645, 652)	high	dis	(565, 460)	N	dif	vert	up	True	1296079	1297133	up	1	4	98
7	zqh	f	23	1	50	diamond	red	(645, 652)	high	no	no_dis	N	dif	hori	left	True	1298233	1299117	left	1	4	99
7	zqh	f	23	1	50	diamond	green	(645, 652)	high	dis	(724, 619)	N	same	hori	left	True	1300212	1301356	left	1	4	100
7	zqh	f	23	1	50	diamond	green	(645, 652)	high	dis	(565, 619)	N	dif	hori	left	True	1302499	1303429	left	1	4	101
7	zqh	f	23	1	50	diamond	red	(724, 619)	low	no	no_dis	N	same	hori	left	True	1304544	1305397	left	1	4	102
7	zqh	f	23	1	50	diamond	green	(645, 652)	high	no	no_dis	N	dif	vert	up	True	1306440	1307269	up	1	4	103
7	zqh	f	23	1	50	diamond	green	(645, 652)	high	no	no_dis	N	same	vert	up	True	1308419	1309301	up	1	4	104
7	zqh	f	23	1	50	diamond	red	(645, 652)	high	no	no_dis	N	dif	vert	up	True	1310512	1311357	up	1	4	105
7	zqh	f	23	1	50	diamond	green	(645, 428)	low	dis	(645, 652)	Y	same	hori	left	True	1312451	1313925	left	1	4	106
7	zqh	f	23	1	50	circle	red	(724, 619)	low	dis	(565, 460)	N	same	vert	up	True	1314966	1315965	up	1	4	107
7	zqh	f	23	1	50	circle	green	(645, 652)	high	dis	(724, 460)	N	dif	vert	up	True	1317001	1317925	up	1	4	108
7	zqh	f	23	1	50	circle	red	(533, 540)	low	dis	(565, 460)	N	dif	hori	left	True	1319097	1320237	left	1	4	109
7	zqh	f	23	1	50	diamond	red	(724, 619)	low	dis	(757, 540)	N	same	vert	up	True	1321491	1322573	up	1	4	110
7	zqh	f	23	1	50	circle	red	(724, 460)	low	no	no_dis	N	dif	hori	left	True	1323688	1324501	left	1	4	111
7	zqh	f	23	1	50	diamond	green	(533, 540)	low	dis	(724, 619)	N	dif	hori	left	True	1325561	1326661	left	1	4	112
7	zqh	f	23	1	50	circle	green	(565, 619)	low	dis	(757, 540)	N	same	hori	left	True	1327704	1328661	left	1	4	113
7	zqh	f	23	1	50	circle	red	(645, 652)	high	no	no_dis	N	same	hori	left	True	1329737	1330550	left	1	4	114
7	zqh	f	23	1	50	diamond	green	(645, 652)	high	no	no_dis	N	same	hori	left	True	1331621	1332517	left	1	4	115
7	zqh	f	23	1	50	diamond	green	(565, 619)	low	dis	(724, 619)	N	same	vert	up	True	1333565	1334501	up	1	4	116
7	zqh	f	23	1	50	circle	green	(645, 652)	high	no	no_dis	N	same	hori	left	True	1335585	1336629	left	1	4	117
7	zqh	f	23	1	50	diamond	red	(724, 619)	low	dis	(645, 428)	N	same	vert	up	True	1337718	1338629	up	1	4	118
7	zqh	f	23	1	50	circle	red	(645, 652)	high	dis	(565, 619)	N	same	hori	left	True	1339874	1341549	left	1	4	119
7	zqh	f	23	1	50	circle	red	(565, 460)	low	dis	(724, 619)	N	same	vert	up	True	1342748	1343765	up	1	4	120
7	zqh	f	23	1	50	diamond	red	(724, 460)	low	dis	(757, 540)	N	same	vert	up	True	1405045	1406325	up	1	5	1
7	zqh	f	23	1	50	diamond	red	(645, 652)	high	dis	(645, 428)	N	same	hori	left	True	1407511	1408365	left	1	5	2
7	zqh	f	23	1	50	circle	red	(645, 652)	high	dis	(724, 619)	N	dif	vert	up	True	1409548	1410493	up	1	5	3
7	zqh	f	23	1	50	circle	red	(724, 460)	low	dis	(645, 652)	Y	same	vert	up	True	1411708	1412549	up	1	5	4
7	zqh	f	23	1	50	circle	red	(724, 619)	low	no	no_dis	N	dif	hori	left	True	1413791	1414637	left	1	5	5
7	zqh	f	23	1	50	diamond	red	(724, 619)	low	no	no_dis	N	dif	hori	left	True	1415858	1416828	left	1	5	6
7	zqh	f	23	1	50	diamond	red	(645, 652)	high	dis	(757, 540)	N	dif	vert	up	True	1418004	1418917	up	1	5	7
7	zqh	f	23	1	50	circle	green	(645, 652)	high	dis	(565, 460)	N	same	hori	left	True	1420021	1421388	left	1	5	8
7	zqh	f	23	1	50	circle	green	(645, 652)	high	no	no_dis	N	dif	hori	left	True	1422628	1423445	left	1	5	9
7	zqh	f	23	1	50	diamond	green	(645, 652)	high	dis	(757, 540)	N	dif	hori	left	True	1424531	1425236	left	1	5	10
7	zqh	f	23	1	50	diamond	red	(645, 428)	low	dis	(565, 619)	N	dif	vert	up	True	1426432	1427237	up	1	5	11
7	zqh	f	23	1	50	diamond	green	(645, 652)	high	dis	(533, 540)	N	dif	hori	left	True	1428314	1429461	left	1	5	12
7	zqh	f	23	1	50	circle	green	(533, 540)	low	dis	(645, 652)	Y	dif	hori	left	True	1430496	1431493	left	1	5	13
7	zqh	f	23	1	50	circle	green	(724, 460)	low	no	no_dis	N	same	hori	left	True	1432690	1433628	left	1	5	14
7	zqh	f	23	1	50	diamond	green	(533, 540)	low	dis	(724, 619)	N	dif	hori	left	True	1434780	1435837	left	1	5	15
7	zqh	f	23	1	50	circle	red	(645, 652)	high	no	no_dis	N	same	vert	up	True	1436980	1437764	up	1	5	16
7	zqh	f	23	1	50	diamond	green	(565, 619)	low	dis	(757, 540)	N	dif	hori	left	True	1438988	1439901	left	1	5	17
7	zqh	f	23	1	50	circle	green	(645, 652)	high	no	no_dis	N	same	hori	left	True	1441142	1441916	left	1	5	18
7	zqh	f	23	1	50	circle	green	(645, 652)	high	dis	(565, 619)	N	dif	vert	up	True	1442993	1444021	up	1	5	19
7	zqh	f	23	1	50	diamond	red	(533, 540)	low	dis	(724, 460)	N	same	hori	left	True	1445161	1446205	left	1	5	20
7	zqh	f	23	1	50	circle	red	(645, 652)	high	dis	(533, 540)	N	same	vert	up	True	1447305	1448140	up	1	5	21
7	zqh	f	23	1	50	diamond	green	(645, 652)	high	no	no_dis	N	same	hori	left	True	1449147	1449933	left	1	5	22
7	zqh	f	23	1	50	circle	green	(645, 652)	high	dis	(724, 460)	N	same	hori	left	True	1451136	1452629	left	1	5	23
7	zqh	f	23	1	50	diamond	red	(645, 652)	high	dis	(724, 619)	N	same	vert	up	True	1453735	1454749	up	1	5	24
7	zqh	f	23	1	50	circle	red	(565, 460)	low	no	no_dis	N	dif	hori	left	True	1455899	1457116	left	1	5	25
7	zqh	f	23	1	50	circle	green	(724, 460)	low	dis	(724, 619)	N	same	hori	left	True	1458142	1459220	left	1	5	26
7	zqh	f	23	1	50	circle	red	(645, 652)	high	dis	(565, 460)	N	dif	vert	up	True	1460251	1461149	up	1	5	27
7	zqh	f	23	1	50	circle	red	(645, 652)	high	dis	(645, 428)	N	same	vert	up	True	1462231	1464061	up	1	5	28
7	zqh	f	23	1	50	circle	red	(757, 540)	low	dis	(645, 428)	N	dif	hori	left	True	1465123	1465988	left	1	5	29
7	zqh	f	23	1	50	diamond	red	(565, 460)	low	dis	(724, 619)	N	dif	vert	up	True	1467004	1468109	up	1	5	30
7	zqh	f	23	1	50	circle	green	(645, 652)	high	dis	(724, 619)	N	dif	vert	up	True	1469181	1470309	up	1	5	31
7	zqh	f	23	1	50	circle	green	(724, 460)	low	dis	(645, 428)	N	same	vert	up	True	1471484	1472573	up	1	5	32
7	zqh	f	23	1	50	circle	green	(645, 652)	high	dis	(757, 540)	N	same	hori	left	True	1473791	1474724	left	1	5	33
7	zqh	f	23	1	50	circle	green	(645, 652)	high	dis	(757, 540)	N	dif	hori	left	True	1475801	1476549	left	1	5	34
7	zqh	f	23	1	50	circle	red	(645, 652)	high	dis	(565, 460)	N	dif	vert	up	True	1477724	1478708	up	1	5	35
7	zqh	f	23	1	50	circle	green	(565, 619)	low	dis	(533, 540)	N	same	hori	left	True	1479863	1480901	left	1	5	36
7	zqh	f	23	1	50	diamond	green	(645, 652)	high	dis	(565, 619)	N	same	hori	left	True	1481931	1483365	left	1	5	37
7	zqh	f	23	1	50	circle	green	(645, 652)	high	no	no_dis	N	same	vert	up	True	1484459	1485284	up	1	5	38
7	zqh	f	23	1	50	diamond	green	(645, 652)	high	dis	(565, 619)	N	same	hori	left	True	1486396	1487324	left	1	5	39
7	zqh	f	23	1	50	circle	green	(757, 540)	low	no	no_dis	N	same	vert	up	True	1488454	1489388	up	1	5	40
7	zqh	f	23	1	50	circle	red	(645, 652)	high	no	no_dis	N	same	vert	up	True	1490425	1491173	up	1	5	41
7	zqh	f	23	1	50	diamond	green	(533, 540)	low	dis	(565, 460)	N	dif	vert	up	True	1492332	1493589	up	1	5	42
7	zqh	f	23	1	50	circle	green	(757, 540)	low	no	no_dis	N	dif	vert	up	True	1494822	1495917	up	1	5	43
7	zqh	f	23	1	50	circle	green	(757, 540)	low	dis	(645, 652)	Y	dif	hori	left	True	1496942	1497884	left	1	5	44
7	zqh	f	23	1	50	diamond	green	(565, 460)	low	dis	(724, 460)	N	same	hori	left	True	1499041	1500052	left	1	5	45
7	zqh	f	23	1	50	diamond	red	(645, 652)	high	dis	(724, 460)	N	dif	hori	left	True	1501141	1502005	left	1	5	46
7	zqh	f	23	1	50	diamond	red	(645, 652)	high	no	no_dis	N	dif	hori	left	True	1503024	1503796	left	1	5	47
7	zqh	f	23	1	50	diamond	green	(645, 652)	high	no	no_dis	N	dif	vert	up	True	1504991	1505676	up	1	5	48
7	zqh	f	23	1	50	diamond	red	(645, 652)	high	no	no_dis	N	dif	hori	left	True	1506751	1508244	left	1	5	49
7	zqh	f	23	1	50	diamond	green	(645, 652)	high	no	no_dis	N	dif	vert	up	True	1509456	1510140	up	1	5	50
7	zqh	f	23	1	50	diamond	red	(724, 460)	low	no	no_dis	N	dif	vert	up	True	1511238	1512173	up	1	5	51
7	zqh	f	23	1	50	circle	green	(645, 428)	low	dis	(757, 540)	N	dif	hori	left	True	1513412	1515013	left	1	5	52
7	zqh	f	23	1	50	circle	red	(757, 540)	low	dis	(645, 428)	N	dif	vert	up	True	1516116	1517356	up	1	5	53
7	zqh	f	23	1	50	circle	red	(645, 652)	high	no	no_dis	N	dif	vert	up	True	1518442	1519325	up	1	5	54
7	zqh	f	23	1	50	diamond	red	(645, 652)	high	dis	(724, 619)	N	same	vert	up	True	1520472	1523445	up	1	5	55
7	zqh	f	23	1	50	circle	green	(757, 540)	low	no	no_dis	N	dif	hori	left	True	1524618	1525605	left	1	5	56
7	zqh	f	23	1	50	diamond	red	(645, 428)	low	dis	(533, 540)	N	dif	vert	up	True	1526849	1527828	up	1	5	57
7	zqh	f	23	1	50	circle	red	(724, 619)	low	dis	(565, 460)	N	same	vert	up	True	1528872	1529805	up	1	5	58
7	zqh	f	23	1	50	circle	green	(565, 619)	low	no	no_dis	N	dif	vert	up	True	1530931	1531885	up	1	5	59
7	zqh	f	23	1	50	circle	red	(645, 652)	high	dis	(533, 540)	N	same	vert	up	True	1533095	1534013	up	1	5	60
7	zqh	f	23	1	50	diamond	red	(565, 619)	low	no	no_dis	N	same	hori	left	True	1535180	1536236	left	1	5	61
7	zqh	f	23	1	50	circle	red	(724, 619)	low	dis	(724, 460)	N	dif	hori	left	True	1537394	1538837	left	1	5	62
7	zqh	f	23	1	50	diamond	red	(645, 652)	high	dis	(565, 460)	N	dif	vert	up	True	1540009	1541181	up	1	5	63
7	zqh	f	23	1	50	circle	red	(645, 652)	high	no	no_dis	N	same	vert	up	True	1542330	1543637	up	1	5	64
7	zqh	f	23	1	50	diamond	green	(645, 652)	high	dis	(724, 619)	N	dif	hori	left	True	1544684	1545653	left	1	5	65
7	zqh	f	23	1	50	circle	green	(645, 652)	high	dis	(565, 619)	N	same	hori	left	True	1546870	1547852	left	1	5	66
7	zqh	f	23	1	50	diamond	green	(645, 652)	high	no	no_dis	N	same	hori	left	True	1548946	1549716	left	1	5	67
7	zqh	f	23	1	50	circle	red	(645, 428)	low	dis	(565, 619)	N	same	vert	up	True	1550936	1551780	up	1	5	68
7	zqh	f	23	1	50	diamond	red	(645, 652)	high	dis	(645, 428)	N	same	hori	left	True	1552868	1553869	left	1	5	69
7	zqh	f	23	1	50	diamond	red	(645, 652)	high	no	no_dis	N	dif	hori	left	True	1555037	1555820	left	1	5	70
7	zqh	f	23	1	50	diamond	red	(565, 460)	low	no	no_dis	N	same	vert	up	True	1556961	1557853	up	1	5	71
7	zqh	f	23	1	50	diamond	green	(645, 652)	high	dis	(724, 619)	N	dif	vert	up	True	1559020	1559852	up	1	5	72
7	zqh	f	23	1	50	diamond	green	(724, 619)	low	dis	(565, 619)	N	dif	hori	left	True	1560981	1562332	left	1	5	73
7	zqh	f	23	1	50	diamond	green	(645, 652)	high	dis	(645, 428)	N	dif	hori	left	True	1563506	1564356	left	1	5	74
7	zqh	f	23	1	50	circle	green	(757, 540)	low	dis	(565, 460)	N	same	vert	up	True	1565395	1566484	up	1	5	75
7	zqh	f	23	1	50	diamond	green	(645, 652)	high	dis	(724, 460)	N	same	vert	up	True	1567699	1568596	up	1	5	76
7	zqh	f	23	1	50	circle	green	(645, 652)	high	no	no_dis	N	same	hori	left	True	1569683	1570692	left	1	5	77
7	zqh	f	23	1	50	diamond	green	(565, 460)	low	dis	(533, 540)	N	same	vert	up	True	1571822	1572677	up	1	5	78
7	zqh	f	23	1	50	diamond	red	(645, 652)	high	dis	(533, 540)	N	dif	hori	left	True	1573839	1574813	left	1	5	79
7	zqh	f	23	1	50	diamond	red	(565, 619)	low	dis	(724, 460)	N	dif	vert	up	True	1576032	1576892	up	1	5	80
7	zqh	f	23	1	50	circle	red	(533, 540)	low	dis	(565, 460)	N	same	vert	up	True	1578051	1579172	up	1	5	81
7	zqh	f	23	1	50	diamond	red	(757, 540)	low	dis	(645, 652)	Y	dif	vert	up	True	1580365	1581476	up	1	5	82
7	zqh	f	23	1	50	circle	green	(645, 652)	high	dis	(757, 540)	N	same	hori	left	True	1582682	1583589	left	1	5	83
7	zqh	f	23	1	50	diamond	red	(645, 652)	high	dis	(533, 540)	N	dif	vert	up	True	1584749	1585837	up	1	5	84
7	zqh	f	23	1	50	diamond	green	(724, 460)	low	dis	(533, 540)	N	same	hori	left	True	1587019	1588348	left	1	5	85
7	zqh	f	23	1	50	diamond	red	(724, 460)	low	no	no_dis	N	same	vert	up	True	1589465	1590300	up	1	5	86
7	zqh	f	23	1	50	diamond	green	(533, 540)	low	no	no_dis	N	same	vert	up	True	1591328	1592556	up	1	5	87
7	zqh	f	23	1	50	circle	red	(565, 460)	low	dis	(757, 540)	N	same	hori	left	True	1593795	1595333	left	1	5	88
7	zqh	f	23	1	50	diamond	green	(645, 428)	low	no	no_dis	N	same	hori	left	True	1596482	1597412	left	1	5	89
7	zqh	f	23	1	50	diamond	red	(724, 619)	low	dis	(533, 540)	N	dif	vert	up	True	1598663	1599469	up	1	5	90
7	zqh	f	23	1	50	diamond	green	(645, 652)	high	no	no_dis	N	same	vert	up	True	1600642	1601516	up	1	5	91
7	zqh	f	23	1	50	diamond	green	(533, 540)	low	no	no_dis	N	dif	vert	up	True	1602578	1603429	up	1	5	92
7	zqh	f	23	1	50	circle	red	(645, 652)	high	dis	(724, 460)	N	same	vert	up	True	1604580	1605508	up	1	5	93
7	zqh	f	23	1	50	circle	green	(565, 619)	low	dis	(645, 652)	Y	same	vert	up	True	1606579	1607828	up	1	5	94
7	zqh	f	23	1	50	circle	green	(645, 652)	high	dis	(757, 540)	N	same	hori	left	True	1608952	1610084	left	1	5	95
7	zqh	f	23	1	50	circle	green	(645, 652)	high	dis	(565, 460)	N	same	vert	up	True	1611298	1612205	up	1	5	96
7	zqh	f	23	1	50	diamond	green	(645, 428)	low	no	no_dis	N	same	vert	up	True	1613417	1614485	up	1	5	97
7	zqh	f	23	1	50	circle	red	(645, 652)	high	no	no_dis	N	dif	vert	up	True	1615527	1616324	up	1	5	98
7	zqh	f	23	1	50	diamond	green	(565, 460)	low	dis	(645, 652)	Y	same	vert	up	True	1617440	1618764	up	1	5	99
7	zqh	f	23	1	50	circle	red	(645, 652)	high	dis	(645, 428)	N	same	vert	up	True	1619799	1620740	up	1	5	100
7	zqh	f	23	1	50	diamond	green	(645, 652)	high	dis	(645, 428)	N	dif	hori	left	True	1621909	1622717	left	1	5	101
7	zqh	f	23	1	50	diamond	green	(645, 428)	low	dis	(645, 652)	Y	dif	vert	up	True	1623754	1624685	up	1	5	102
7	zqh	f	23	1	50	circle	green	(645, 652)	high	no	no_dis	N	dif	vert	up	True	1625743	1626733	up	1	5	103
7	zqh	f	23	1	50	diamond	red	(645, 652)	high	no	no_dis	N	same	hori	left	True	1627982	1628756	left	1	5	104
7	zqh	f	23	1	50	circle	red	(565, 460)	low	no	no_dis	N	dif	hori	left	True	1629954	1631085	left	1	5	105
7	zqh	f	23	1	50	circle	green	(565, 460)	low	dis	(565, 619)	N	dif	hori	left	True	1632226	1633332	left	1	5	106
7	zqh	f	23	1	50	circle	red	(645, 652)	high	dis	(724, 460)	N	dif	vert	up	True	1634400	1635588	up	1	5	107
7	zqh	f	23	1	50	diamond	green	(757, 540)	low	dis	(645, 428)	N	same	hori	left	True	1636745	1638124	left	1	5	108
7	zqh	f	23	1	50	circle	red	(533, 540)	low	no	no_dis	N	same	hori	left	True	1639198	1639949	left	1	5	109
7	zqh	f	23	1	50	diamond	red	(645, 652)	high	dis	(565, 619)	N	dif	hori	left	True	1641030	1642133	left	1	5	110
7	zqh	f	23	1	50	circle	green	(724, 619)	low	dis	(645, 652)	Y	same	hori	left	True	1643231	1644205	left	1	5	111
7	zqh	f	23	1	50	circle	red	(645, 428)	low	no	no_dis	N	dif	vert	up	True	1645228	1646172	up	1	5	112
7	zqh	f	23	1	50	diamond	red	(724, 460)	low	dis	(724, 619)	N	same	hori	left	True	1647313	1648844	left	1	5	113
7	zqh	f	23	1	50	circle	red	(645, 652)	high	dis	(565, 460)	N	dif	hori	left	True	1649855	1651492	left	1	5	114
7	zqh	f	23	1	50	diamond	green	(645, 652)	high	dis	(724, 460)	N	same	vert	up	True	1652685	1653596	up	1	5	115
7	zqh	f	23	1	50	circle	red	(565, 619)	low	dis	(645, 652)	Y	dif	vert	up	True	1654725	1656300	up	1	5	116
7	zqh	f	23	1	50	diamond	green	(724, 619)	low	no	no_dis	N	same	hori	left	True	1657382	1658869	left	1	5	117
7	zqh	f	23	1	50	circle	red	(533, 540)	low	dis	(645, 652)	Y	dif	hori	left	True	1659913	1660933	left	1	5	118
7	zqh	f	23	1	50	diamond	red	(645, 652)	high	no	no_dis	N	dif	hori	left	True	1662101	1662988	left	1	5	119
7	zqh	f	23	1	50	diamond	red	(724, 619)	low	dis	(565, 619)	N	same	hori	left	True	1664179	1665332	left	1	5	120
7	zqh	f	23	1	50	diamond	green	(645, 428)	low	dis	(533, 540)	N	same	vert	up	True	1711046	1712405	up	1	6	1
7	zqh	f	23	1	50	diamond	green	(645, 652)	high	dis	(724, 460)	N	same	vert	up	True	1713600	1714436	up	1	6	2
7	zqh	f	23	1	50	circle	red	(724, 460)	low	dis	(645, 428)	N	dif	hori	left	True	1715536	1716548	left	1	6	3
7	zqh	f	23	1	50	diamond	red	(645, 652)	high	dis	(724, 619)	N	dif	vert	up	True	1717764	1718620	up	1	6	4
7	zqh	f	23	1	50	diamond	green	(565, 619)	low	no	no_dis	N	same	hori	left	True	1719731	1720708	left	1	6	5
7	zqh	f	23	1	50	diamond	green	(724, 460)	low	dis	(724, 619)	N	dif	hori	left	True	1721887	1722980	left	1	6	6
7	zqh	f	23	1	50	diamond	red	(645, 652)	high	dis	(724, 619)	N	same	vert	up	True	1724102	1724940	up	1	6	7
7	zqh	f	23	1	50	diamond	green	(645, 652)	high	dis	(565, 460)	N	same	hori	left	True	1726128	1727332	left	1	6	8
7	zqh	f	23	1	50	diamond	red	(645, 652)	high	dis	(645, 428)	N	same	hori	left	True	1728442	1729140	left	1	6	9
7	zqh	f	23	1	50	circle	red	(645, 652)	high	dis	(724, 460)	N	dif	vert	up	True	1730198	1731228	up	1	6	10
7	zqh	f	23	1	50	circle	green	(645, 652)	high	no	no_dis	N	same	vert	up	True	1732479	1733172	up	1	6	11
7	zqh	f	23	1	50	diamond	red	(645, 652)	high	no	no_dis	N	same	hori	left	True	1734209	1734964	left	1	6	12
7	zqh	f	23	1	50	diamond	red	(724, 619)	low	dis	(645, 428)	N	same	vert	up	True	1736025	1736853	up	1	6	13
7	zqh	f	23	1	50	circle	green	(645, 652)	high	dis	(645, 428)	N	same	vert	up	True	1737983	1738724	up	1	6	14
7	zqh	f	23	1	50	diamond	green	(757, 540)	low	dis	(645, 652)	Y	dif	hori	left	True	1739935	1741364	left	1	6	15
7	zqh	f	23	1	50	circle	green	(533, 540)	low	dis	(724, 460)	N	same	vert	up	True	1742607	1743884	up	1	6	16
7	zqh	f	23	1	50	circle	green	(565, 460)	low	dis	(757, 540)	N	dif	hori	left	True	1745001	1745956	left	1	6	17
7	zqh	f	23	1	50	circle	red	(757, 540)	low	no	no_dis	N	dif	vert	up	True	1746969	1747812	up	1	6	18
7	zqh	f	23	1	50	diamond	green	(645, 652)	high	dis	(724, 460)	N	dif	vert	up	True	1748851	1749708	up	1	6	19
7	zqh	f	23	1	50	diamond	red	(565, 460)	low	no	no_dis	N	same	vert	up	True	1750851	1751604	up	1	6	20
7	zqh	f	23	1	50	circle	red	(645, 652)	high	dis	(533, 540)	N	same	vert	up	True	1752636	1753548	up	1	6	21
7	zqh	f	23	1	50	diamond	green	(645, 428)	low	no	no_dis	N	dif	hori	left	True	1754714	1755844	left	1	6	22
7	zqh	f	23	1	50	circle	green	(533, 540)	low	no	no_dis	N	same	vert	up	True	1757030	1758101	up	1	6	23
7	zqh	f	23	1	50	diamond	green	(645, 652)	high	no	no_dis	N	dif	vert	up	True	1759106	1759804	up	1	6	24
7	zqh	f	23	1	50	diamond	green	(645, 652)	high	dis	(757, 540)	N	same	vert	up	True	1760916	1761740	up	1	6	25
7	zqh	f	23	1	50	diamond	green	(645, 652)	high	no	no_dis	N	same	vert	up	True	1762898	1763644	up	1	6	26
7	zqh	f	23	1	50	diamond	green	(645, 652)	high	no	no_dis	N	dif	vert	up	True	1764822	1765460	up	1	6	27
7	zqh	f	23	1	50	diamond	red	(645, 652)	high	dis	(645, 428)	N	dif	hori	left	True	1766570	1767276	left	1	6	28
7	zqh	f	23	1	50	diamond	green	(757, 540)	low	dis	(565, 460)	N	dif	vert	up	True	1768311	1769220	up	1	6	29
7	zqh	f	23	1	50	diamond	red	(645, 652)	high	dis	(533, 540)	N	dif	hori	left	True	1770406	1771604	left	1	6	30
7	zqh	f	23	1	50	circle	red	(565, 619)	low	no	no_dis	N	same	vert	up	True	1772773	1773580	up	1	6	31
7	zqh	f	23	1	50	diamond	green	(533, 540)	low	dis	(757, 540)	N	dif	hori	left	True	1774743	1775668	left	1	6	32
7	zqh	f	23	1	50	circle	green	(645, 652)	high	dis	(565, 619)	N	same	hori	left	True	1776907	1778476	left	1	6	33
7	zqh	f	23	1	50	circle	red	(645, 428)	low	dis	(757, 540)	N	same	hori	left	True	1779646	1780660	left	1	6	34
7	zqh	f	23	1	50	diamond	green	(645, 652)	high	dis	(724, 619)	N	same	hori	left	True	1781686	1782876	left	1	6	35
7	zqh	f	23	1	50	diamond	red	(757, 540)	low	dis	(724, 460)	N	same	vert	up	True	1783914	1784700	up	1	6	36
7	zqh	f	23	1	50	circle	red	(533, 540)	low	no	no_dis	N	dif	hori	left	True	1785918	1786924	left	1	6	37
7	zqh	f	23	1	50	circle	red	(724, 619)	low	dis	(724, 460)	N	same	vert	up	True	1787964	1788660	up	1	6	38
7	zqh	f	23	1	50	diamond	green	(645, 652)	high	no	no_dis	N	dif	hori	left	True	1789789	1790453	left	1	6	39
7	zqh	f	23	1	50	circle	red	(645, 652)	high	dis	(533, 540)	N	dif	vert	up	True	1791467	1792468	up	1	6	40
7	zqh	f	23	1	50	circle	green	(645, 652)	high	no	no_dis	N	same	vert	up	True	1793651	1794492	up	1	6	41
7	zqh	f	23	1	50	circle	green	(645, 652)	high	no	no_dis	N	dif	vert	up	True	1795516	1796252	up	1	6	42
7	zqh	f	23	1	50	circle	red	(645, 652)	high	dis	(724, 460)	N	dif	vert	up	True	1797419	1798092	up	1	6	43
7	zqh	f	23	1	50	diamond	green	(645, 652)	high	dis	(565, 460)	N	dif	hori	left	True	1799158	1800140	left	1	6	44
7	zqh	f	23	1	50	diamond	red	(645, 428)	low	dis	(565, 619)	N	dif	vert	up	True	1801354	1802396	up	1	6	45
7	zqh	f	23	1	50	circle	red	(533, 540)	low	dis	(757, 540)	N	same	hori	left	True	1803500	1804388	left	1	6	46
7	zqh	f	23	1	50	diamond	red	(645, 652)	high	dis	(645, 428)	N	same	hori	left	True	1805453	1806964	left	1	6	47
7	zqh	f	23	1	50	diamond	red	(645, 428)	low	no	no_dis	N	same	hori	left	True	1808010	1808996	left	1	6	48
7	zqh	f	23	1	50	circle	green	(565, 619)	low	dis	(645, 652)	Y	same	vert	up	True	1810171	1811852	up	1	6	49
7	zqh	f	23	1	50	circle	red	(645, 652)	high	no	no_dis	N	same	vert	up	True	1813058	1813995	up	1	6	50
7	zqh	f	23	1	50	diamond	red	(645, 652)	high	dis	(565, 460)	N	same	vert	up	True	1815063	1816356	up	1	6	51
7	zqh	f	23	1	50	diamond	red	(645, 652)	high	dis	(533, 540)	N	same	vert	up	True	1817436	1818332	up	1	6	52
7	zqh	f	23	1	50	diamond	red	(533, 540)	low	dis	(565, 619)	N	same	hori	left	True	1819359	1820660	left	1	6	53
7	zqh	f	23	1	50	diamond	green	(645, 652)	high	no	no_dis	N	dif	hori	left	True	1821698	1822468	left	1	6	54
7	zqh	f	23	1	50	circle	green	(645, 652)	high	dis	(757, 540)	N	same	vert	up	True	1823668	1825244	up	1	6	55
7	zqh	f	23	1	50	diamond	green	(565, 619)	low	dis	(565, 460)	N	dif	hori	left	True	1826443	1827524	left	1	6	56
7	zqh	f	23	1	50	diamond	green	(645, 652)	high	dis	(757, 540)	N	dif	vert	up	True	1828528	1829476	up	1	6	57
7	zqh	f	23	1	50	diamond	green	(565, 460)	low	dis	(645, 652)	Y	same	hori	left	True	1830500	1831452	left	1	6	58
7	zqh	f	23	1	50	circle	green	(645, 652)	high	no	no_dis	N	same	hori	left	True	1832566	1833404	left	1	6	59
7	zqh	f	23	1	50	diamond	red	(565, 619)	low	dis	(645, 652)	Y	same	hori	left	True	1834432	1835636	left	1	6	60
7	zqh	f	23	1	50	circle	red	(645, 652)	high	dis	(724, 460)	N	dif	hori	left	True	1836668	1837732	left	1	6	61
7	zqh	f	23	1	50	diamond	green	(724, 619)	low	no	no_dis	N	same	hori	left	True	1838956	1839908	left	1	6	62
7	zqh	f	23	1	50	diamond	green	(645, 652)	high	dis	(565, 460)	N	same	hori	left	True	1841082	1841820	left	1	6	63
7	zqh	f	23	1	50	diamond	red	(645, 652)	high	no	no_dis	N	dif	vert	up	True	1842874	1843892	up	1	6	64
7	zqh	f	23	1	50	circle	green	(645, 652)	high	dis	(565, 619)	N	dif	hori	left	True	1845141	1846299	left	1	6	65
7	zqh	f	23	1	50	circle	green	(724, 460)	low	dis	(565, 460)	N	dif	vert	up	True	1847340	1848500	up	1	6	66
7	zqh	f	23	1	50	circle	green	(757, 540)	low	no	no_dis	N	same	hori	left	True	1849535	1850404	left	1	6	67
7	zqh	f	23	1	50	circle	red	(645, 652)	high	dis	(645, 428)	N	dif	hori	left	True	1851591	1852380	left	1	6	68
7	zqh	f	23	1	50	diamond	green	(565, 460)	low	dis	(757, 540)	N	dif	vert	up	True	1853411	1854260	up	1	6	69
7	zqh	f	23	1	50	circle	green	(645, 652)	high	dis	(565, 619)	N	dif	hori	left	True	1855355	1856388	left	1	6	70
7	zqh	f	23	1	50	diamond	green	(724, 619)	low	dis	(645, 428)	N	same	hori	left	True	1857546	1858964	left	1	6	71
7	zqh	f	23	1	50	circle	green	(645, 652)	high	dis	(533, 540)	N	same	hori	left	True	1860137	1860996	left	1	6	72
7	zqh	f	23	1	50	circle	red	(565, 460)	low	dis	(724, 460)	N	same	vert	up	True	1862194	1863108	up	1	6	73
7	zqh	f	23	1	50	diamond	red	(565, 460)	low	dis	(724, 619)	N	same	hori	left	True	1864121	1865388	left	1	6	74
7	zqh	f	23	1	50	circle	green	(757, 540)	low	dis	(645, 428)	N	dif	hori	left	True	1866507	1867476	left	1	6	75
7	zqh	f	23	1	50	circle	green	(645, 652)	high	no	no_dis	N	same	vert	up	True	1868728	1869524	up	1	6	76
7	zqh	f	23	1	50	diamond	red	(724, 460)	low	dis	(645, 652)	Y	dif	vert	up	True	1870768	1871564	up	1	6	77
7	zqh	f	23	1	50	circle	green	(565, 460)	low	no	no_dis	N	same	hori	left	True	1872622	1873364	left	1	6	78
7	zqh	f	23	1	50	diamond	red	(645, 652)	high	no	no_dis	N	dif	hori	left	True	1874388	1875163	left	1	6	79
7	zqh	f	23	1	50	circle	red	(757, 540)	low	dis	(724, 619)	N	dif	hori	left	True	1876239	1877020	left	1	6	80
7	zqh	f	23	1	50	diamond	green	(533, 540)	low	no	no_dis	N	dif	hori	left	True	1878037	1878908	left	1	6	81
7	zqh	f	23	1	50	circle	green	(724, 460)	low	dis	(645, 652)	Y	dif	vert	up	True	1880070	1880828	up	1	6	82
7	zqh	f	23	1	50	circle	red	(645, 652)	high	dis	(565, 460)	N	same	hori	left	True	1881899	1883316	left	1	6	83
7	zqh	f	23	1	50	circle	red	(565, 619)	low	dis	(533, 540)	N	dif	vert	up	True	1884362	1885243	up	1	6	84
7	zqh	f	23	1	50	circle	red	(645, 652)	high	dis	(757, 540)	N	dif	hori	left	True	1886258	1887148	left	1	6	85
7	zqh	f	23	1	50	circle	red	(645, 652)	high	dis	(724, 460)	N	same	hori	left	True	1888318	1888900	left	1	6	86
7	zqh	f	23	1	50	diamond	green	(645, 652)	high	dis	(757, 540)	N	same	vert	up	True	1890020	1891140	up	1	6	87
7	zqh	f	23	1	50	circle	red	(533, 540)	low	dis	(645, 652)	Y	dif	hori	left	True	1892172	1892908	left	1	6	88
7	zqh	f	23	1	50	diamond	red	(645, 652)	high	no	no_dis	N	dif	vert	up	True	1894153	1895029	up	1	6	89
7	zqh	f	23	1	50	diamond	green	(533, 540)	low	dis	(645, 652)	Y	same	hori	left	True	1896042	1897228	left	1	6	90
7	zqh	f	23	1	50	diamond	green	(565, 619)	low	no	no_dis	N	dif	hori	left	True	1898433	1899372	left	1	6	91
7	zqh	f	23	1	50	circle	green	(645, 652)	high	dis	(565, 619)	N	dif	vert	up	True	1900394	1901444	up	1	6	92
7	zqh	f	23	1	50	circle	red	(645, 652)	high	no	no_dis	N	same	hori	left	True	1902523	1903324	left	1	6	93
7	zqh	f	23	1	50	circle	green	(724, 619)	low	dis	(565, 460)	N	same	vert	up	True	1904477	1905260	up	1	6	94
7	zqh	f	23	1	50	circle	green	(645, 428)	low	dis	(565, 619)	N	dif	vert	up	True	1906313	1907156	up	1	6	95
7	zqh	f	23	1	50	circle	green	(724, 460)	low	no	no_dis	N	dif	vert	up	True	1908354	1909051	up	1	6	96
7	zqh	f	23	1	50	circle	red	(645, 652)	high	no	no_dis	N	same	hori	left	True	1910216	1911067	left	1	6	97
7	zqh	f	23	1	50	circle	red	(645, 652)	high	dis	(724, 619)	N	dif	vert	up	True	1912268	1913244	up	1	6	98
7	zqh	f	23	1	50	circle	green	(565, 619)	low	dis	(724, 619)	N	same	hori	left	True	1914353	1915260	up	0	6	99
7	zqh	f	23	1	50	circle	red	(645, 652)	high	no	no_dis	N	dif	hori	left	True	1917825	1918492	left	1	6	100
7	zqh	f	23	1	50	diamond	red	(645, 652)	high	dis	(724, 619)	N	dif	hori	left	True	1919611	1920668	left	1	6	101
7	zqh	f	23	1	50	circle	red	(724, 460)	low	no	no_dis	N	dif	vert	up	True	1921891	1922716	up	1	6	102
7	zqh	f	23	1	50	diamond	red	(645, 428)	low	dis	(645, 652)	Y	same	vert	up	True	1923725	1924716	up	1	6	103
7	zqh	f	23	1	50	circle	red	(645, 652)	high	no	no_dis	N	dif	hori	left	True	1925770	1926508	left	1	6	104
7	zqh	f	23	1	50	diamond	red	(645, 428)	low	no	no_dis	N	dif	vert	up	True	1927553	1928740	up	1	6	105
7	zqh	f	23	1	50	diamond	red	(645, 652)	high	dis	(565, 619)	N	same	hori	left	True	1929810	1930579	left	1	6	106
7	zqh	f	23	1	50	diamond	green	(645, 652)	high	dis	(565, 619)	N	dif	hori	left	True	1931768	1932523	left	1	6	107
7	zqh	f	23	1	50	circle	green	(724, 619)	low	no	no_dis	N	same	vert	up	True	1933663	1934571	up	1	6	108
7	zqh	f	23	1	50	circle	red	(724, 460)	low	dis	(724, 619)	N	dif	vert	up	True	1935712	1937715	up	1	6	109
7	zqh	f	23	1	50	diamond	red	(645, 428)	low	dis	(565, 619)	N	same	hori	left	True	1938795	1939828	left	1	6	110
7	zqh	f	23	1	50	circle	red	(757, 540)	low	dis	(645, 652)	Y	dif	hori	left	True	1940841	1942004	left	1	6	111
7	zqh	f	23	1	50	circle	green	(645, 652)	high	dis	(533, 540)	N	dif	vert	up	True	1943106	1944084	up	1	6	112
7	zqh	f	23	1	50	circle	green	(645, 652)	high	dis	(565, 460)	N	dif	vert	up	True	1945314	1946012	up	1	6	113
7	zqh	f	23	1	50	diamond	red	(565, 460)	low	no	no_dis	N	dif	hori	left	True	1947133	1948220	left	1	6	114
7	zqh	f	23	1	50	diamond	red	(645, 652)	high	no	no_dis	N	same	hori	left	True	1949263	1950244	left	1	6	115
7	zqh	f	23	1	50	circle	green	(645, 652)	high	dis	(645, 428)	N	same	vert	up	True	1951402	1952348	up	1	6	116
7	zqh	f	23	1	50	circle	red	(757, 540)	low	no	no_dis	N	dif	vert	up	True	1953532	1954348	up	1	6	117
7	zqh	f	23	1	50	diamond	red	(724, 619)	low	no	no_dis	N	same	vert	up	True	1955482	1956820	up	1	6	118
7	zqh	f	23	1	50	diamond	red	(724, 619)	low	dis	(533, 540)	N	same	vert	up	True	1957992	1958803	up	1	6	119
7	zqh	f	23	1	50	circle	green	(565, 619)	low	dis	(533, 540)	N	dif	vert	up	True	1959963	1960972	up	1	6	120
conf	7	zqh	f	23	1	50	True	1998442	2017892	6	True	2017906	2028763	2
