subj,name,gender,age,col_resp,target_angle,start_time,resp_time,start_angle,other_angle,learn_array,location,d_value
10,yhl,f,22,144,144,36978,39546,68,162,learn_array_B,location-2,0
10,yhl,f,22,153,144,44328,48177,55,162,learn_array_B,location-2,9
10,yhl,f,22,93,90,52923,57218,142,36,learn_array_A,location-1,3
10,yhl,f,22,171,162,61953,64658,45,144,learn_array_B,location-1,9
10,yhl,f,22,43,36,69257,71810,127,90,learn_array_A,location-2,7
10,yhl,f,22,38,36,76486,78747,143,90,learn_array_A,location-2,2
10,yhl,f,22,168,162,83568,86636,161,144,learn_array_B,location-1,6
10,yhl,f,22,152,144,91368,93191,41,162,learn_array_B,location-2,8
10,yhl,f,22,86,90,97969,99788,94,36,learn_array_A,location-1,-4
10,yhl,f,22,165,162,104592,107747,56,144,learn_array_B,location-1,3
10,yhl,f,22,41,36,112543,117060,110,90,learn_array_A,location-2,5
10,yhl,f,22,90,90,121859,124648,22,36,learn_array_A,location-1,0
10,yhl,f,22,87,90,129453,133612,115,36,learn_array_A,location-1,-3
10,yhl,f,22,88,90,138416,141786,55,36,learn_array_A,location-1,-2
10,yhl,f,22,150,144,146613,149538,57,162,learn_array_B,location-2,6
10,yhl,f,22,147,144,154225,157363,156,162,learn_array_B,location-2,3
10,yhl,f,22,165,162,161989,165556,48,144,learn_array_B,location-1,3
10,yhl,f,22,48,36,170239,172433,53,90,learn_array_A,location-2,12
10,yhl,f,22,88,90,177090,179717,79,36,learn_array_A,location-1,-2
10,yhl,f,22,164,162,184419,186765,30,144,learn_array_B,location-1,2
10,yhl,f,22,87,90,191583,194069,101,36,learn_array_A,location-1,-3
10,yhl,f,22,170,162,198713,202804,149,144,learn_array_B,location-1,8
10,yhl,f,22,45,36,207539,209888,63,90,learn_array_A,location-2,9
10,yhl,f,22,147,144,214628,217768,159,162,learn_array_B,location-2,3
10,yhl,f,22,165,162,222562,225351,36,144,learn_array_B,location-1,3
10,yhl,f,22,152,144,229941,231322,44,162,learn_array_B,location-2,8
10,yhl,f,22,95,90,236005,237984,13,36,learn_array_A,location-1,5
10,yhl,f,22,169,162,242600,246891,61,144,learn_array_B,location-1,7
10,yhl,f,22,44,36,251488,253243,139,90,learn_array_A,location-2,8
10,yhl,f,22,154,144,258028,260512,159,162,learn_array_B,location-2,10
10,yhl,f,22,40,36,265220,267496,124,90,learn_array_A,location-2,4
10,yhl,f,22,38,36,272323,273776,142,90,learn_array_A,location-2,2
block,,,,,,,,,,,,
10,yhl,f,22,156,144,295279,297329,158,162,learn_array_B,location-2,12
10,yhl,f,22,151,144,302001,303462,46,162,learn_array_B,location-2,7
10,yhl,f,22,42,36,308157,311081,39,90,learn_array_A,location-2,6
10,yhl,f,22,172,162,315738,318376,26,144,learn_array_B,location-1,10
10,yhl,f,22,92,90,323031,324280,93,36,learn_array_A,location-1,2
10,yhl,f,22,152,144,329107,330349,72,162,learn_array_B,location-2,8
10,yhl,f,22,83,90,335027,336490,25,36,learn_array_A,location-1,-7
10,yhl,f,22,48,36,341283,343110,116,90,learn_array_A,location-2,12
10,yhl,f,22,149,144,347895,350017,37,162,learn_array_B,location-2,5
10,yhl,f,22,45,36,354807,356409,102,90,learn_array_A,location-2,9
10,yhl,f,22,36,36,361203,363981,141,90,learn_array_A,location-2,0
10,yhl,f,22,153,144,368677,371614,123,162,learn_array_B,location-2,9
10,yhl,f,22,169,162,376222,378192,19,144,learn_array_B,location-1,7
10,yhl,f,22,39,36,382988,385332,175,90,learn_array_A,location-2,3
10,yhl,f,22,165,162,390105,391489,111,144,learn_array_B,location-1,3
10,yhl,f,22,170,162,396293,398711,161,144,learn_array_B,location-1,8
10,yhl,f,22,157,144,403514,405189,24,162,learn_array_B,location-2,13
10,yhl,f,22,81,90,409858,412866,79,36,learn_array_A,location-1,-9
10,yhl,f,22,162,162,417603,418920,147,144,learn_array_B,location-1,0
10,yhl,f,22,43,36,423636,425763,119,90,learn_array_A,location-2,7
10,yhl,f,22,90,90,430461,432871,163,36,learn_array_A,location-1,0
10,yhl,f,22,149,144,437661,440150,161,162,learn_array_B,location-2,5
10,yhl,f,22,169,162,444829,446293,33,144,learn_array_B,location-1,7
10,yhl,f,22,78,90,450949,452485,65,36,learn_array_A,location-1,-12
10,yhl,f,22,94,90,457226,459274,156,36,learn_array_A,location-1,4
10,yhl,f,22,172,162,463875,466366,69,144,learn_array_B,location-1,10
10,yhl,f,22,37,36,471088,473127,171,90,learn_array_A,location-2,1
10,yhl,f,22,164,162,477833,480326,92,144,learn_array_B,location-1,2
10,yhl,f,22,152,144,485145,487625,11,162,learn_array_B,location-2,8
10,yhl,f,22,47,36,492406,494318,79,90,learn_array_A,location-2,11
10,yhl,f,22,87,90,499075,501562,94,36,learn_array_A,location-1,-3
10,yhl,f,22,92,90,506308,508790,10,36,learn_array_A,location-1,2
block,,,,,,,,,,,,
10,yhl,f,22,153,144,514959,516571,140,162,learn_array_B,location-2,9
10,yhl,f,22,94,90,521353,523249,159,36,learn_array_A,location-1,4
10,yhl,f,22,153,144,527903,529665,15,162,learn_array_B,location-2,9
10,yhl,f,22,94,90,534446,536716,172,36,learn_array_A,location-1,4
10,yhl,f,22,90,90,541489,543614,96,36,learn_array_A,location-1,0
10,yhl,f,22,92,90,548415,550385,1,36,learn_array_A,location-1,2
10,yhl,f,22,159,144,555094,558605,56,162,learn_array_B,location-2,15
10,yhl,f,22,161,162,563219,566860,93,144,learn_array_B,location-1,-1
10,yhl,f,22,80,90,571625,573326,27,36,learn_array_A,location-1,-10
10,yhl,f,22,39,36,578022,579866,8,90,learn_array_A,location-2,3
10,yhl,f,22,78,90,584557,585802,161,36,learn_array_A,location-1,-12
10,yhl,f,22,162,162,590578,591973,89,144,learn_array_B,location-1,0
10,yhl,f,22,165,162,596713,599792,65,144,learn_array_B,location-1,3
10,yhl,f,22,145,144,604620,608295,115,162,learn_array_B,location-2,1
10,yhl,f,22,165,162,613105,615888,18,144,learn_array_B,location-1,3
10,yhl,f,22,42,36,620656,622494,159,90,learn_array_A,location-2,6
10,yhl,f,22,153,144,627113,629230,27,162,learn_array_B,location-2,9
10,yhl,f,22,69,90,633917,636482,135,36,learn_array_A,location-1,-21
10,yhl,f,22,46,36,641220,643277,4,90,learn_array_A,location-2,10
10,yhl,f,22,41,36,647890,651199,49,90,learn_array_A,location-2,5
10,yhl,f,22,147,144,655927,659623,68,162,learn_array_B,location-2,3
10,yhl,f,22,38,36,664301,667685,154,90,learn_array_A,location-2,2
10,yhl,f,22,145,144,672388,675112,27,162,learn_array_B,location-2,1
10,yhl,f,22,166,162,679725,682001,146,144,learn_array_B,location-1,4
10,yhl,f,22,162,162,686602,690661,132,144,learn_array_B,location-1,0
10,yhl,f,22,36,36,695368,697725,1,90,learn_array_A,location-2,0
10,yhl,f,22,161,162,702325,705492,13,144,learn_array_B,location-1,-1
10,yhl,f,22,93,90,710135,713294,88,36,learn_array_A,location-1,3
10,yhl,f,22,166,162,717983,720334,133,144,learn_array_B,location-1,4
10,yhl,f,22,142,144,724977,727186,143,162,learn_array_B,location-2,-2
10,yhl,f,22,38,36,731866,734662,140,90,learn_array_A,location-2,2
10,yhl,f,22,44,36,739334,741768,20,90,learn_array_A,location-2,8
block,,,,,,,,,,,,
10,yhl,f,22,160,162,747902,752252,93,144,learn_array_B,location-1,-2
10,yhl,f,22,96,90,756928,760403,131,36,learn_array_A,location-1,6
10,yhl,f,22,95,90,765058,766827,142,36,learn_array_A,location-1,5
10,yhl,f,22,162,162,771439,775116,40,144,learn_array_B,location-1,0
10,yhl,f,22,43,36,779775,782132,163,90,learn_array_A,location-2,7
10,yhl,f,22,166,162,786830,790053,25,144,learn_array_B,location-1,4
10,yhl,f,22,142,144,794658,799143,161,162,learn_array_B,location-2,-2
10,yhl,f,22,144,144,803911,808179,135,162,learn_array_B,location-2,0
10,yhl,f,22,157,144,812894,815395,17,162,learn_array_B,location-2,13
10,yhl,f,22,161,162,820148,824470,28,144,learn_array_B,location-1,-1
10,yhl,f,22,93,90,829115,832210,45,36,learn_array_A,location-1,3
10,yhl,f,22,43,36,836813,839897,10,90,learn_array_A,location-2,7
10,yhl,f,22,49,36,844534,847329,82,90,learn_array_A,location-2,13
10,yhl,f,22,150,144,852022,854971,68,162,learn_array_B,location-2,6
10,yhl,f,22,151,144,859797,863032,135,162,learn_array_B,location-2,7
10,yhl,f,22,164,162,867673,871874,44,144,learn_array_B,location-1,2
10,yhl,f,22,40,36,876703,878989,89,90,learn_array_A,location-2,4
10,yhl,f,22,159,144,883672,886539,165,162,learn_array_B,location-2,15
10,yhl,f,22,141,162,891172,894557,60,144,learn_array_B,location-1,-21
10,yhl,f,22,95,90,899301,902527,18,36,learn_array_A,location-1,5
10,yhl,f,22,43,36,907346,909186,26,90,learn_array_A,location-2,7
10,yhl,f,22,42,36,914011,916949,134,90,learn_array_A,location-2,6
10,yhl,f,22,89,90,921687,924862,164,36,learn_array_A,location-1,-1
10,yhl,f,22,149,144,929552,934503,115,162,learn_array_B,location-2,5
10,yhl,f,22,160,162,939323,948184,139,144,learn_array_B,location-1,-2
10,yhl,f,22,163,162,952825,956654,7,144,learn_array_B,location-1,1
10,yhl,f,22,46,36,961322,964121,96,90,learn_array_A,location-2,10
10,yhl,f,22,43,36,968800,973225,178,90,learn_array_A,location-2,7
10,yhl,f,22,91,90,977897,982020,109,36,learn_array_A,location-1,1
10,yhl,f,22,150,144,986715,989817,128,162,learn_array_B,location-2,6
10,yhl,f,22,89,90,994523,996947,73,36,learn_array_A,location-1,-1
10,yhl,f,22,88,90,1001550,1005945,111,36,learn_array_A,location-1,-2
block,,,,,,,,,,,,
10,yhl,f,22,90,90,1096382,1098662,113,36,learn_array_A,location-1,0
10,yhl,f,22,97,90,1103391,1106126,88,36,learn_array_A,location-1,7
10,yhl,f,22,30,36,1110821,1112663,101,90,learn_array_A,location-2,-6
10,yhl,f,22,92,90,1117253,1118819,20,36,learn_array_A,location-1,2
10,yhl,f,22,149,144,1123647,1125926,173,162,learn_array_B,location-2,5
10,yhl,f,22,158,162,1130744,1133089,6,144,learn_array_B,location-1,-4
10,yhl,f,22,149,144,1137758,1140978,145,162,learn_array_B,location-2,5
10,yhl,f,22,160,162,1145685,1147665,138,144,learn_array_B,location-1,-2
10,yhl,f,22,143,36,1152383,1155686,128,90,learn_array_A,location-2,-73
10,yhl,f,22,163,162,1160413,1163866,50,144,learn_array_B,location-1,1
10,yhl,f,22,42,36,1168493,1172788,108,90,learn_array_A,location-2,6
10,yhl,f,22,39,36,1177604,1180398,155,90,learn_array_A,location-2,3
10,yhl,f,22,156,162,1185121,1188108,23,144,learn_array_B,location-1,-6
10,yhl,f,22,145,144,1192774,1195620,11,162,learn_array_B,location-2,1
10,yhl,f,22,142,144,1200226,1204524,20,162,learn_array_B,location-2,-2
10,yhl,f,22,160,162,1209132,1212192,112,144,learn_array_B,location-1,-2
10,yhl,f,22,38,36,1216959,1219310,146,90,learn_array_A,location-2,2
10,yhl,f,22,30,36,1223966,1226467,64,90,learn_array_A,location-2,-6
10,yhl,f,22,159,162,1231231,1234156,13,144,learn_array_B,location-1,-3
10,yhl,f,22,37,36,1238876,1245398,93,90,learn_array_A,location-2,1
10,yhl,f,22,83,90,1250054,1252478,110,36,learn_array_A,location-1,-7
10,yhl,f,22,160,162,1257139,1260297,91,144,learn_array_B,location-1,-2
10,yhl,f,22,94,90,1265034,1267314,170,36,learn_array_A,location-1,4
10,yhl,f,22,155,144,1272023,1275326,154,162,learn_array_B,location-2,11
10,yhl,f,22,137,144,1279948,1292057,131,162,learn_array_B,location-2,-7
10,yhl,f,22,149,144,1296697,1299481,12,162,learn_array_B,location-2,5
10,yhl,f,22,154,144,1304119,1307351,149,162,learn_array_B,location-2,10
10,yhl,f,22,84,90,1311985,1316802,130,36,learn_array_A,location-1,-6
10,yhl,f,22,85,90,1321638,1324136,25,36,learn_array_A,location-1,-5
10,yhl,f,22,94,90,1328908,1333808,112,36,learn_array_A,location-1,4
10,yhl,f,22,168,162,1338406,1340907,111,144,learn_array_B,location-1,6
10,yhl,f,22,50,36,1345653,1357905,18,90,learn_array_A,location-2,14
block,,,,,,,,,,,,
10,yhl,f,22,88,90,1537855,1540948,68,36,learn_array_A,location-1,-2
10,yhl,f,22,99,90,1545664,1548457,18,36,learn_array_A,location-1,9
10,yhl,f,22,94,90,1553226,1555939,160,36,learn_array_A,location-1,4
10,yhl,f,22,39,36,1560768,1564736,17,90,learn_array_A,location-2,3
10,yhl,f,22,86,36,1569504,1571267,40,90,learn_array_A,location-2,50
10,yhl,f,22,146,144,1576016,1579674,10,162,learn_array_B,location-2,2
10,yhl,f,22,151,144,1584329,1586302,163,162,learn_array_B,location-2,7
10,yhl,f,22,163,162,1591080,1592844,38,144,learn_array_B,location-1,1
10,yhl,f,22,160,162,1597446,1599196,47,144,learn_array_B,location-1,-2
10,yhl,f,22,93,90,1603839,1605379,145,36,learn_array_A,location-1,3
10,yhl,f,22,36,36,1610043,1611657,153,90,learn_array_A,location-2,0
10,yhl,f,22,77,90,1616285,1618696,30,36,learn_array_A,location-1,-13
10,yhl,f,22,163,162,1623442,1624915,85,144,learn_array_B,location-1,1
10,yhl,f,22,89,90,1629616,1631816,16,36,learn_array_A,location-1,-1
10,yhl,f,22,155,162,1636642,1638540,130,144,learn_array_B,location-1,-7
10,yhl,f,22,149,144,1643138,1645196,21,162,learn_array_B,location-2,5
10,yhl,f,22,42,36,1649861,1655095,50,90,learn_array_A,location-2,6
10,yhl,f,22,142,144,1659746,1665400,139,162,learn_array_B,location-2,-2
10,yhl,f,22,41,36,1670095,1673454,121,90,learn_array_A,location-2,5
10,yhl,f,22,158,162,1678098,1691408,132,144,learn_array_B,location-1,-4
10,yhl,f,22,93,90,1696068,1699592,16,36,learn_array_A,location-1,3
10,yhl,f,22,149,144,1704286,1706916,27,162,learn_array_B,location-2,5
10,yhl,f,22,151,144,1711655,1714967,58,162,learn_array_B,location-2,7
10,yhl,f,22,153,144,1719788,1730257,135,162,learn_array_B,location-2,9
10,yhl,f,22,163,162,1735033,1743084,13,144,learn_array_B,location-1,1
10,yhl,f,22,51,36,1747901,1750922,108,90,learn_array_A,location-2,15
10,yhl,f,22,147,36,1755759,1765177,34,90,learn_array_A,location-2,-69
10,yhl,f,22,85,90,1769785,1773013,57,36,learn_array_A,location-1,-5
10,yhl,f,22,148,144,1777605,1782961,136,162,learn_array_B,location-2,4
10,yhl,f,22,166,162,1787697,1789599,75,144,learn_array_B,location-1,4
10,yhl,f,22,52,36,1794418,1801174,159,90,learn_array_A,location-2,16
10,yhl,f,22,166,162,1805893,1807731,55,144,learn_array_B,location-1,4
block,,,,,,,,,,,,
10,yhl,f,22,163,162,1980703,1986150,156,144,learn_array_B,location-1,1
10,yhl,f,22,159,162,1990751,1993255,172,144,learn_array_B,location-1,-3
10,yhl,f,22,159,144,1997866,2000734,67,162,learn_array_B,location-2,15
10,yhl,f,22,164,162,2005500,2007555,15,144,learn_array_B,location-1,2
10,yhl,f,22,121,162,2012280,2016820,32,144,learn_array_B,location-1,-41
10,yhl,f,22,46,144,2021508,2025259,17,162,learn_array_B,location-2,82
10,yhl,f,22,34,36,2030077,2033526,102,90,learn_array_A,location-2,-2
10,yhl,f,22,89,90,2038352,2041360,179,36,learn_array_A,location-1,-1
10,yhl,f,22,99,90,2045956,2047941,56,36,learn_array_A,location-1,9
10,yhl,f,22,41,36,2052690,2055196,122,90,learn_array_A,location-2,5
10,yhl,f,22,39,36,2059989,2063074,57,90,learn_array_A,location-2,3
10,yhl,f,22,147,144,2067733,2076770,98,162,learn_array_B,location-2,3
10,yhl,f,22,41,36,2081380,2083884,170,90,learn_array_A,location-2,5
10,yhl,f,22,94,90,2088534,2090960,44,36,learn_array_A,location-1,4
10,yhl,f,22,157,162,2095709,2097554,45,144,learn_array_B,location-1,-5
10,yhl,f,22,88,90,2102346,2104478,68,36,learn_array_A,location-1,-2
10,yhl,f,22,161,162,2109266,2111247,123,144,learn_array_B,location-1,-1
10,yhl,f,22,150,144,2115919,2118259,171,162,learn_array_B,location-2,6
10,yhl,f,22,157,144,2123073,2128577,132,162,learn_array_B,location-2,13
10,yhl,f,22,99,90,2133342,2136645,151,36,learn_array_A,location-1,9
10,yhl,f,22,51,36,2141428,2146493,92,90,learn_array_A,location-2,15
10,yhl,f,22,145,144,2151163,2155269,178,162,learn_array_B,location-2,1
10,yhl,f,22,48,36,2160055,2164555,9,90,learn_array_A,location-2,12
10,yhl,f,22,91,90,2169208,2172597,82,36,learn_array_A,location-1,1
10,yhl,f,22,44,36,2177379,2180333,160,90,learn_array_A,location-2,8
10,yhl,f,22,97,90,2185100,2188119,74,36,learn_array_A,location-1,7
10,yhl,f,22,148,144,2192733,2197076,0,162,learn_array_B,location-2,4
10,yhl,f,22,143,144,2201699,2206010,3,162,learn_array_B,location-2,-1
10,yhl,f,22,157,162,2210791,2216462,103,144,learn_array_B,location-1,-5
10,yhl,f,22,166,162,2221254,2223393,82,144,learn_array_B,location-1,4
10,yhl,f,22,44,36,2228131,2238647,138,90,learn_array_A,location-2,8
10,yhl,f,22,89,90,2243285,2244899,27,36,learn_array_A,location-1,-1
block,,,,,,,,,,,,
10,yhl,f,22,164,162,2252927,2256239,142,144,learn_array_B,location-1,2
10,yhl,f,22,164,162,2260945,2264841,168,144,learn_array_B,location-1,2
10,yhl,f,22,146,144,2269532,2272252,75,162,learn_array_B,location-2,2
10,yhl,f,22,92,90,2277036,2279171,90,36,learn_array_A,location-1,2
10,yhl,f,22,153,144,2283827,2286668,15,162,learn_array_B,location-2,9
10,yhl,f,22,30,144,2291377,2294381,122,162,learn_array_B,location-2,66
10,yhl,f,22,166,162,2299082,2302254,40,144,learn_array_B,location-1,4
10,yhl,f,22,162,162,2306891,2310121,86,144,learn_array_B,location-1,0
10,yhl,f,22,41,36,2314899,2317616,45,90,learn_array_A,location-2,5
10,yhl,f,22,46,36,2322390,2325486,86,90,learn_array_A,location-2,10
10,yhl,f,22,146,144,2330148,2335573,155,162,learn_array_B,location-2,2
10,yhl,f,22,148,144,2340168,2343913,89,162,learn_array_B,location-2,4
10,yhl,f,22,156,144,2348708,2350908,142,162,learn_array_B,location-2,12
10,yhl,f,22,166,162,2355524,2358905,176,144,learn_array_B,location-1,4
10,yhl,f,22,38,36,2363537,2366485,159,90,learn_array_A,location-2,2
10,yhl,f,22,142,144,2371193,2374291,93,162,learn_array_B,location-2,-2
10,yhl,f,22,94,90,2378905,2381120,164,36,learn_array_A,location-1,4
10,yhl,f,22,137,144,2385821,2387883,142,162,learn_array_B,location-2,-7
10,yhl,f,22,163,162,2392638,2394180,171,144,learn_array_B,location-1,1
10,yhl,f,22,44,36,2398887,2401470,174,90,learn_array_A,location-2,8
10,yhl,f,22,90,90,2406073,2408200,45,36,learn_array_A,location-1,0
10,yhl,f,22,87,90,2412794,2414555,116,36,learn_array_A,location-1,-3
10,yhl,f,22,37,36,2419363,2421719,82,90,learn_array_A,location-2,1
10,yhl,f,22,162,162,2426546,2433881,73,144,learn_array_B,location-1,0
10,yhl,f,22,47,90,2438533,2443389,64,36,learn_array_A,location-1,-43
10,yhl,f,22,165,162,2448012,2453511,113,144,learn_array_B,location-1,3
10,yhl,f,22,48,36,2458319,2471659,85,90,learn_array_A,location-2,12
10,yhl,f,22,79,90,2476456,2479253,115,36,learn_array_A,location-1,-11
10,yhl,f,22,29,36,2483957,2487844,3,90,learn_array_A,location-2,-7
10,yhl,f,22,89,90,2492667,2496115,100,36,learn_array_A,location-1,-1
10,yhl,f,22,48,36,2500760,2507950,160,90,learn_array_A,location-2,12
10,yhl,f,22,100,90,2512694,2515715,110,36,learn_array_A,location-1,10
block,,,,,,,,,,,,
10,yhl,f,22,154,162,2524879,2532288,60,144,learn_array_B,location-1,-8
10,yhl,f,22,164,162,2537039,2539829,5,144,learn_array_B,location-1,2
10,yhl,f,22,40,36,2544442,2553997,128,90,learn_array_A,location-2,4
10,yhl,f,22,93,90,2558685,2567752,88,36,learn_array_A,location-1,3
10,yhl,f,22,41,36,2572512,2575219,93,90,learn_array_A,location-2,5
10,yhl,f,22,155,144,2579946,2582151,23,162,learn_array_B,location-2,11
10,yhl,f,22,50,36,2586753,2589889,111,90,learn_array_A,location-2,14
10,yhl,f,22,94,90,2594653,2597086,166,36,learn_array_A,location-1,4
10,yhl,f,22,88,90,2601699,2604111,88,36,learn_array_A,location-1,-2
10,yhl,f,22,98,90,2608707,2611571,62,36,learn_array_A,location-1,8
10,yhl,f,22,155,162,2616299,2618649,15,144,learn_array_B,location-1,-7
10,yhl,f,22,37,36,2623311,2626329,155,90,learn_array_A,location-2,1
10,yhl,f,22,149,144,2631105,2636329,174,162,learn_array_B,location-2,5
10,yhl,f,22,148,144,2640942,2644556,95,162,learn_array_B,location-2,4
10,yhl,f,22,160,162,2649256,2651687,124,144,learn_array_B,location-1,-2
10,yhl,f,22,164,162,2656403,2674384,33,144,learn_array_B,location-1,2
10,yhl,f,22,150,144,2679109,2690723,16,162,learn_array_B,location-2,6
10,yhl,f,22,47,36,2695449,2726957,74,90,learn_array_A,location-2,11
10,yhl,f,22,160,162,2731692,2760954,142,144,learn_array_B,location-1,-2
10,yhl,f,22,150,144,2765575,2767265,45,162,learn_array_B,location-2,6
10,yhl,f,22,164,162,2771998,2774208,114,144,learn_array_B,location-1,2
10,yhl,f,22,48,36,2778894,2782941,178,90,learn_array_A,location-2,12
10,yhl,f,22,147,144,2787537,2790917,123,162,learn_array_B,location-2,3
10,yhl,f,22,96,90,2795610,2800527,50,36,learn_array_A,location-1,6
10,yhl,f,22,93,90,2805225,2836560,179,36,learn_array_A,location-1,3
10,yhl,f,22,40,36,2841321,2849274,100,90,learn_array_A,location-2,4
10,yhl,f,22,90,90,2854058,2856119,155,36,learn_array_A,location-1,0
10,yhl,f,22,147,144,2860709,2863798,141,162,learn_array_B,location-2,3
10,yhl,f,22,162,162,2868390,2871183,153,144,learn_array_B,location-1,0
10,yhl,f,22,41,36,2875876,2878598,4,90,learn_array_A,location-2,5
10,yhl,f,22,93,90,2883199,2885474,142,36,learn_array_A,location-1,3
10,yhl,f,22,151,144,2890106,2893848,9,162,learn_array_B,location-2,7
block,,,,,,,,,,,,
10,yhl,f,22,40,36,2901023,2904763,16,90,learn_array_A,location-2,4
10,yhl,f,22,37,36,2909599,2911731,142,90,learn_array_A,location-2,1
10,yhl,f,22,87,90,2916441,2919813,69,36,learn_array_A,location-1,-3
10,yhl,f,22,40,36,2924488,2927131,151,90,learn_array_A,location-2,4
10,yhl,f,22,157,144,2931721,2934064,19,162,learn_array_B,location-2,13
10,yhl,f,22,93,90,2938776,2941865,178,36,learn_array_A,location-1,3
10,yhl,f,22,95,90,2946597,2949176,79,36,learn_array_A,location-1,5
10,yhl,f,22,46,144,2953768,2957800,100,162,learn_array_B,location-2,82
10,yhl,f,22,161,162,2962546,2964901,38,144,learn_array_B,location-1,-1
10,yhl,f,22,48,36,2969637,2973462,45,90,learn_array_A,location-2,12
10,yhl,f,22,170,162,2978275,2981588,48,144,learn_array_B,location-1,8
10,yhl,f,22,47,36,2986339,2990092,15,90,learn_array_A,location-2,11
10,yhl,f,22,166,162,2994930,2996917,49,144,learn_array_B,location-1,4
10,yhl,f,22,142,144,3001727,3003861,177,162,learn_array_B,location-2,-2
10,yhl,f,22,149,144,3008519,3013160,121,162,learn_array_B,location-2,5
10,yhl,f,22,158,162,3017992,3022325,78,144,learn_array_B,location-1,-4
10,yhl,f,22,162,162,3026958,3030197,176,144,learn_array_B,location-1,0
10,yhl,f,22,157,162,3034995,3042267,152,144,learn_array_B,location-1,-5
10,yhl,f,22,159,162,3047092,3049083,49,144,learn_array_B,location-1,-3
10,yhl,f,22,153,144,3053709,3059742,146,162,learn_array_B,location-2,9
10,yhl,f,22,85,90,3064379,3065928,64,36,learn_array_A,location-1,-5
10,yhl,f,22,163,162,3070599,3073687,93,144,learn_array_B,location-1,1
10,yhl,f,22,102,90,3078355,3080185,35,36,learn_array_A,location-1,12
10,yhl,f,22,100,90,3084785,3087655,162,36,learn_array_A,location-1,10
10,yhl,f,22,96,36,3092317,3093996,33,90,learn_array_A,location-2,60
10,yhl,f,22,100,90,3098652,3101812,93,36,learn_array_A,location-1,10
10,yhl,f,22,89,36,3106588,3109811,78,90,learn_array_A,location-2,53
10,yhl,f,22,144,144,3114480,3117132,45,162,learn_array_B,location-2,0
10,yhl,f,22,46,36,3121847,3124720,41,90,learn_array_A,location-2,10
10,yhl,f,22,89,90,3129497,3138943,2,36,learn_array_A,location-1,-1
10,yhl,f,22,148,144,3143610,3146334,140,162,learn_array_B,location-2,4
10,yhl,f,22,151,144,3151090,3153514,2,162,learn_array_B,location-2,7
block,,,,,,,,,,,,
10,yhl,f,22,157,162,3162287,3166688,32,144,learn_array_B,location-1,-5
10,yhl,f,22,99,90,3171519,3174678,70,36,learn_array_A,location-1,9
10,yhl,f,22,154,144,3179286,3182371,155,162,learn_array_B,location-2,10
10,yhl,f,22,84,90,3187141,3188913,126,36,learn_array_A,location-1,-6
10,yhl,f,22,143,144,3193534,3196257,65,162,learn_array_B,location-2,-1
10,yhl,f,22,38,36,3200962,3202439,122,90,learn_array_A,location-2,2
10,yhl,f,22,160,162,3207100,3210107,173,144,learn_array_B,location-1,-2
10,yhl,f,22,88,90,3214902,3216960,64,36,learn_array_A,location-1,-2
10,yhl,f,22,38,36,3221718,3223699,125,90,learn_array_A,location-2,2
10,yhl,f,22,79,90,3228433,3231384,110,36,learn_array_A,location-1,-11
10,yhl,f,22,90,90,3236197,3238112,80,36,learn_array_A,location-1,0
10,yhl,f,22,165,162,3242789,3245815,145,144,learn_array_B,location-1,3
10,yhl,f,22,86,90,3250539,3254136,31,36,learn_array_A,location-1,-4
10,yhl,f,22,150,144,3258775,3261802,97,162,learn_array_B,location-2,6
10,yhl,f,22,149,144,3266529,3271398,99,162,learn_array_B,location-2,5
10,yhl,f,22,146,144,3276234,3279992,158,162,learn_array_B,location-2,2
10,yhl,f,22,27,36,3284822,3287256,151,90,learn_array_A,location-2,-9
10,yhl,f,22,148,144,3292084,3296346,83,162,learn_array_B,location-2,4
10,yhl,f,22,97,90,3301008,3303720,39,36,learn_array_A,location-1,7
10,yhl,f,22,149,144,3308363,3312622,165,162,learn_array_B,location-2,5
10,yhl,f,22,163,162,3317357,3320236,68,144,learn_array_B,location-1,1
10,yhl,f,22,167,162,3325047,3325923,64,144,learn_array_B,location-1,5
10,yhl,f,22,39,36,3330671,3333979,161,90,learn_array_A,location-2,3
10,yhl,f,22,37,36,3338717,3341653,85,90,learn_array_A,location-2,1
10,yhl,f,22,155,162,3346400,3358881,36,144,learn_array_B,location-1,-7
10,yhl,f,22,156,162,3363645,3367029,133,144,learn_array_B,location-1,-6
10,yhl,f,22,90,90,3371696,3374132,128,36,learn_array_A,location-1,0
10,yhl,f,22,161,162,3378783,3381428,52,144,learn_array_B,location-1,-1
10,yhl,f,22,32,36,3386123,3389140,157,90,learn_array_A,location-2,-4
10,yhl,f,22,36,36,3393964,3398095,25,90,learn_array_A,location-2,0
10,yhl,f,22,32,36,3402725,3406055,152,90,learn_array_A,location-2,-4
10,yhl,f,22,152,144,3410887,3412795,25,162,learn_array_B,location-2,8
block,,,,,,,,,,,,
10,yhl,f,22,146,144,3420975,3424151,52,162,learn_array_B,location-2,2
10,yhl,f,22,166,162,3428939,3431509,141,144,learn_array_B,location-1,4
10,yhl,f,22,160,144,3436232,3437922,22,162,learn_array_B,location-2,16
10,yhl,f,22,44,36,3442756,3444965,34,90,learn_array_A,location-2,8
10,yhl,f,22,157,144,3449571,3452445,150,162,learn_array_B,location-2,13
10,yhl,f,22,45,36,3457247,3460997,56,90,learn_array_A,location-2,9
10,yhl,f,22,162,162,3465656,3467265,27,144,learn_array_B,location-1,0
10,yhl,f,22,165,162,3472045,3474683,99,144,learn_array_B,location-1,3
10,yhl,f,22,157,144,3479500,3486771,131,162,learn_array_B,location-2,13
10,yhl,f,22,159,162,3491428,3493342,7,144,learn_array_B,location-1,-3
10,yhl,f,22,151,144,3498155,3500290,148,162,learn_array_B,location-2,7
10,yhl,f,22,95,90,3504985,3506673,9,36,learn_array_A,location-1,5
10,yhl,f,22,49,36,3511326,3514492,33,90,learn_array_A,location-2,13
10,yhl,f,22,46,36,3519257,3522561,62,90,learn_array_A,location-2,10
10,yhl,f,22,44,36,3527228,3529439,135,90,learn_array_A,location-2,8
10,yhl,f,22,48,36,3534268,3537511,82,90,learn_array_A,location-2,12
10,yhl,f,22,163,144,3542225,3544507,46,162,learn_array_B,location-2,19
10,yhl,f,22,161,162,3549303,3551658,80,144,learn_array_B,location-1,-1
10,yhl,f,22,148,144,3556277,3559214,150,162,learn_array_B,location-2,4
10,yhl,f,22,97,90,3563968,3566181,10,36,learn_array_A,location-1,7
10,yhl,f,22,86,90,3570793,3572410,88,36,learn_array_A,location-1,-4
10,yhl,f,22,84,90,3577210,3581183,79,36,learn_array_A,location-1,-6
10,yhl,f,22,45,36,3585980,3587956,118,90,learn_array_A,location-2,9
10,yhl,f,22,178,162,3592791,3595509,99,144,learn_array_B,location-1,16
10,yhl,f,22,142,36,3600196,3603571,94,90,learn_array_A,location-2,-74
10,yhl,f,22,156,144,3608212,3610266,136,162,learn_array_B,location-2,12
10,yhl,f,22,88,90,3615074,3618617,149,36,learn_array_A,location-1,-2
10,yhl,f,22,83,90,3623271,3627538,7,36,learn_array_A,location-1,-7
10,yhl,f,22,164,162,3632142,3633617,8,144,learn_array_B,location-1,2
10,yhl,f,22,93,90,3638431,3642179,170,36,learn_array_A,location-1,3
10,yhl,f,22,166,162,3646965,3650067,167,144,learn_array_B,location-1,4
10,yhl,f,22,89,90,3654807,3655904,67,36,learn_array_A,location-1,-1
block,,,,,,,,,,,,
10,yhl,f,22,96,90,3662847,3667315,32,36,learn_array_A,location-1,6
10,yhl,f,22,86,90,3671911,3677404,128,36,learn_array_A,location-1,-4
10,yhl,f,22,163,162,3682181,3688350,112,144,learn_array_B,location-1,1
10,yhl,f,22,92,90,3693035,3697445,50,36,learn_array_A,location-1,2
10,yhl,f,22,158,162,3702046,3715372,107,144,learn_array_B,location-1,-4
10,yhl,f,22,162,162,3720035,3722385,82,144,learn_array_B,location-1,0
10,yhl,f,22,39,36,3727153,3730455,21,90,learn_array_A,location-2,3
10,yhl,f,22,160,162,3735062,3737341,119,144,learn_array_B,location-1,-2
10,yhl,f,22,41,36,3742157,3744367,25,90,learn_array_A,location-2,5
10,yhl,f,22,166,162,3749014,3752091,171,144,learn_array_B,location-1,4
10,yhl,f,22,40,36,3756825,3760217,104,90,learn_array_A,location-2,4
10,yhl,f,22,164,162,3764905,3769538,90,144,learn_array_B,location-1,2
10,yhl,f,22,164,144,3774236,3775338,121,162,learn_array_B,location-2,20
10,yhl,f,22,158,144,3779997,3782130,44,162,learn_array_B,location-2,14
10,yhl,f,22,42,36,3786915,3789351,105,90,learn_array_A,location-2,6
10,yhl,f,22,145,144,3793947,3804268,84,162,learn_array_B,location-2,1
10,yhl,f,22,95,90,3808863,3811292,31,36,learn_array_A,location-1,5
10,yhl,f,22,39,144,3815962,3819702,168,162,learn_array_B,location-2,75
10,yhl,f,22,92,90,3824462,3826602,15,36,learn_array_A,location-1,2
10,yhl,f,22,93,90,3831369,3832907,143,36,learn_array_A,location-1,3
10,yhl,f,22,154,144,3837575,3838823,113,162,learn_array_B,location-2,10
10,yhl,f,22,154,144,3843581,3845557,29,162,learn_array_B,location-2,10
10,yhl,f,22,141,144,3850364,3852052,35,162,learn_array_B,location-2,-3
10,yhl,f,22,160,162,3856814,3860988,160,144,learn_array_B,location-1,-2
10,yhl,f,22,43,36,3865683,3867897,106,90,learn_array_A,location-2,7
10,yhl,f,22,100,90,3872693,3874971,164,36,learn_array_A,location-1,10
10,yhl,f,22,96,90,3879628,3881398,32,36,learn_array_A,location-1,6
10,yhl,f,22,46,36,3886189,3888247,50,90,learn_array_A,location-2,10
10,yhl,f,22,145,162,3892986,3894899,53,144,learn_array_B,location-1,-17
10,yhl,f,22,41,36,3899647,3901489,114,90,learn_array_A,location-2,5
10,yhl,f,22,87,36,3906240,3907855,109,90,learn_array_A,location-2,51
10,yhl,f,22,147,144,3912599,3914514,26,162,learn_array_B,location-2,3
block,,,,,,,,,,,,
10,yhl,f,22,44,36,3924367,3926497,67,90,learn_array_A,location-2,8
10,yhl,f,22,89,90,3931276,3932519,48,36,learn_array_A,location-1,-1
10,yhl,f,22,163,162,3937353,3939855,176,144,learn_array_B,location-1,1
10,yhl,f,22,137,144,3944454,3947902,101,162,learn_array_B,location-2,-7
10,yhl,f,22,42,36,3952729,3955087,35,90,learn_array_A,location-2,6
10,yhl,f,22,162,162,3959760,3961747,51,144,learn_array_B,location-1,0
10,yhl,f,22,84,90,3966393,3968603,85,36,learn_array_A,location-1,-6
10,yhl,f,22,140,144,3973272,3975421,73,162,learn_array_B,location-2,-4
10,yhl,f,22,93,90,3980253,3981865,168,36,learn_array_A,location-1,3
10,yhl,f,22,167,162,3986505,3988643,105,144,learn_array_B,location-1,5
10,yhl,f,22,152,144,3993370,3996825,170,162,learn_array_B,location-2,8
10,yhl,f,22,80,90,4001602,4003075,22,36,learn_array_A,location-1,-10
10,yhl,f,22,42,36,4007904,4010266,135,90,learn_array_A,location-2,6
10,yhl,f,22,160,162,4014898,4018520,175,144,learn_array_B,location-1,-2
10,yhl,f,22,79,90,4023169,4025834,129,36,learn_array_A,location-1,-11
10,yhl,f,22,152,144,4030438,4032279,33,162,learn_array_B,location-2,8
10,yhl,f,22,68,90,4036961,4038211,143,36,learn_array_A,location-1,-22
10,yhl,f,22,157,162,4042992,4044538,103,144,learn_array_B,location-1,-5
10,yhl,f,22,160,144,4049207,4050378,95,162,learn_array_B,location-2,16
10,yhl,f,22,44,36,4055014,4059206,62,90,learn_array_A,location-2,8
10,yhl,f,22,159,162,4063978,4067577,137,144,learn_array_B,location-1,-3
10,yhl,f,22,95,90,4072167,4077805,171,36,learn_array_A,location-1,5
10,yhl,f,22,162,162,4082434,4086465,41,144,learn_array_B,location-1,0
10,yhl,f,22,87,36,4091198,4092974,60,90,learn_array_A,location-2,51
10,yhl,f,22,45,36,4097587,4100245,53,90,learn_array_A,location-2,9
10,yhl,f,22,165,144,4105076,4107068,124,162,learn_array_B,location-2,21
10,yhl,f,22,148,144,4111719,4113785,150,162,learn_array_B,location-2,4
10,yhl,f,22,73,36,4118578,4120052,40,90,learn_array_A,location-2,37
10,yhl,f,22,161,162,4124834,4127191,73,144,learn_array_B,location-1,-1
10,yhl,f,22,43,36,4131995,4137940,140,90,learn_array_A,location-2,7
10,yhl,f,22,84,90,4142560,4144250,67,36,learn_array_A,location-1,-6
10,yhl,f,22,145,144,4148959,4154110,155,162,learn_array_B,location-2,1
block,,,,,,,,,,,,
10,yhl,f,22,158,162,4161950,4164142,151,144,learn_array_B,location-1,-4
10,yhl,f,22,160,162,4168860,4171719,67,144,learn_array_B,location-1,-2
10,yhl,f,22,142,144,4176418,4180172,121,162,learn_array_B,location-2,-2
10,yhl,f,22,156,144,4184876,4186714,26,162,learn_array_B,location-2,12
10,yhl,f,22,155,144,4191504,4194016,45,162,learn_array_B,location-2,11
10,yhl,f,22,151,144,4198728,4204357,11,162,learn_array_B,location-2,7
10,yhl,f,22,161,162,4208976,4211262,80,144,learn_array_B,location-1,-1
10,yhl,f,22,46,36,4215939,4220718,51,90,learn_array_A,location-2,10
10,yhl,f,22,47,36,4225453,4235917,145,90,learn_array_A,location-2,11
10,yhl,f,22,91,90,4240516,4245986,157,36,learn_array_A,location-1,1
10,yhl,f,22,168,162,4250777,4252030,0,144,learn_array_B,location-1,6
10,yhl,f,22,74,90,4256769,4260021,103,36,learn_array_A,location-1,-16
10,yhl,f,22,145,144,4264840,4268829,9,162,learn_array_B,location-2,1
10,yhl,f,22,149,144,4273652,4279191,151,162,learn_array_B,location-2,5
10,yhl,f,22,37,36,4284007,4286078,94,90,learn_array_A,location-2,1
10,yhl,f,22,88,36,4290723,4293600,153,90,learn_array_A,location-2,52
10,yhl,f,22,86,90,4298289,4300729,108,36,learn_array_A,location-1,-4
10,yhl,f,22,34,36,4305522,4311129,75,90,learn_array_A,location-2,-2
10,yhl,f,22,159,144,4315935,4318662,5,162,learn_array_B,location-2,15
10,yhl,f,22,168,162,4323474,4325982,104,144,learn_array_B,location-1,6
10,yhl,f,22,157,162,4330673,4337092,114,144,learn_array_B,location-1,-5
10,yhl,f,22,162,162,4341852,4343626,15,144,learn_array_B,location-1,0
10,yhl,f,22,88,90,4348309,4350889,22,36,learn_array_A,location-1,-2
10,yhl,f,22,50,36,4355642,4372027,137,90,learn_array_A,location-2,14
10,yhl,f,22,41,36,4376743,4378811,79,90,learn_array_A,location-2,5
10,yhl,f,22,47,36,4383439,4385875,36,90,learn_array_A,location-2,11
10,yhl,f,22,82,90,4390509,4394791,136,36,learn_array_A,location-1,-8
10,yhl,f,22,88,90,4399482,4403776,167,36,learn_array_A,location-1,-2
10,yhl,f,22,81,90,4408493,4410340,38,36,learn_array_A,location-1,-9
10,yhl,f,22,164,162,4415033,4418804,159,144,learn_array_B,location-1,2
10,yhl,f,22,159,144,4423521,4426384,27,162,learn_array_B,location-2,15
10,yhl,f,22,81,90,4431173,4434632,49,36,learn_array_A,location-1,-9
block,,,,,,,,,,,,
10,yhl,f,22,157,162,4445567,4452635,110,144,learn_array_B,location-1,-5
10,yhl,f,22,157,162,4457287,4460822,177,144,learn_array_B,location-1,-5
10,yhl,f,22,95,90,4465436,4473564,170,36,learn_array_A,location-1,5
10,yhl,f,22,162,144,4478225,4480802,79,162,learn_array_B,location-2,18
10,yhl,f,22,42,36,4485620,4488057,147,90,learn_array_A,location-2,6
10,yhl,f,22,85,90,4492753,4494528,37,36,learn_array_A,location-1,-5
10,yhl,f,22,161,144,4499122,4511271,162,162,learn_array_B,location-2,17
10,yhl,f,22,39,36,4515961,4518244,134,90,learn_array_A,location-2,3
10,yhl,f,22,41,36,4522839,4525265,31,90,learn_array_A,location-2,5
10,yhl,f,22,56,36,4529967,4541793,36,90,learn_array_A,location-2,20
10,yhl,f,22,70,90,4546428,4547602,16,36,learn_array_A,location-1,-20
10,yhl,f,22,64,90,4552407,4557914,32,36,learn_array_A,location-1,-26
10,yhl,f,22,92,90,4562619,4566078,121,36,learn_array_A,location-1,2
10,yhl,f,22,157,144,4570690,4592405,170,162,learn_array_B,location-2,13
10,yhl,f,22,42,36,4597158,4601267,88,90,learn_array_A,location-2,6
10,yhl,f,22,45,36,4606046,4612584,48,90,learn_array_A,location-2,9
10,yhl,f,22,153,144,4617422,4619421,118,162,learn_array_B,location-2,9
10,yhl,f,22,162,162,4624216,4626866,69,144,learn_array_B,location-1,0
10,yhl,f,22,160,162,4631507,4663908,142,144,learn_array_B,location-1,-2
10,yhl,f,22,92,90,4668564,4670845,85,36,learn_array_A,location-1,2
10,yhl,f,22,147,144,4675583,4679630,133,162,learn_array_B,location-2,3
10,yhl,f,22,94,90,4684299,4685478,83,36,learn_array_A,location-1,4
10,yhl,f,22,40,36,4690246,4691793,123,90,learn_array_A,location-2,4
10,yhl,f,22,169,162,4696473,4698457,56,144,learn_array_B,location-1,7
10,yhl,f,22,166,162,4703261,4714559,159,144,learn_array_B,location-1,4
10,yhl,f,22,88,90,4719214,4721647,147,36,learn_array_A,location-1,-2
10,yhl,f,22,153,144,4726407,4728094,171,162,learn_array_B,location-2,9
10,yhl,f,22,158,144,4732917,4735187,60,162,learn_array_B,location-2,14
10,yhl,f,22,48,144,4739885,4740689,152,162,learn_array_B,location-2,84
10,yhl,f,22,153,162,4745306,4746693,48,144,learn_array_B,location-1,-9
10,yhl,f,22,53,36,4751516,4753946,54,90,learn_array_A,location-2,17
10,yhl,f,22,153,162,4758682,4760524,95,144,learn_array_B,location-1,-9
block,,,,,,,,,,,,
10,yhl,f,22,156,144,4785774,4803407,144,162,learn_array_B,location-2,12
10,yhl,f,22,153,162,4808066,4816927,178,144,learn_array_B,location-1,-9
10,yhl,f,22,41,36,4821594,4825775,21,90,learn_array_A,location-2,5
10,yhl,f,22,82,90,4830372,4832875,2,36,learn_array_A,location-1,-8
10,yhl,f,22,151,162,4837669,4839216,24,144,learn_array_B,location-1,-11
10,yhl,f,22,90,36,4843935,4846655,14,90,learn_array_A,location-2,54
10,yhl,f,22,152,144,4851441,4852992,53,162,learn_array_B,location-2,8
10,yhl,f,22,74,90,4857822,4860037,54,36,learn_array_A,location-1,-16
10,yhl,f,22,155,162,4864722,4866049,107,144,learn_array_B,location-1,-7
10,yhl,f,22,72,90,4870798,4872200,114,36,learn_array_A,location-1,-18
10,yhl,f,22,154,162,4876794,4880397,153,144,learn_array_B,location-1,-8
10,yhl,f,22,147,144,4885220,4886177,53,162,learn_array_B,location-2,3
10,yhl,f,22,84,90,4890820,4892955,80,36,learn_array_A,location-1,-6
10,yhl,f,22,42,144,4897548,4907616,99,162,learn_array_B,location-2,78
10,yhl,f,22,45,36,4912333,4914916,103,90,learn_array_A,location-2,9
10,yhl,f,22,146,144,4919589,4921206,157,162,learn_array_B,location-2,2
10,yhl,f,22,38,36,4925950,4930439,142,90,learn_array_A,location-2,2
10,yhl,f,22,82,90,4935273,4936745,2,36,learn_array_A,location-1,-8
10,yhl,f,22,155,144,4941442,4953042,138,162,learn_array_B,location-2,11
10,yhl,f,22,165,162,4957723,4959484,116,144,learn_array_B,location-1,3
10,yhl,f,22,163,162,4964301,4965911,98,144,learn_array_B,location-1,1
10,yhl,f,22,34,36,4970653,4972056,131,90,learn_array_A,location-2,-2
10,yhl,f,22,75,90,4976853,4978472,63,36,learn_array_A,location-1,-15
10,yhl,f,22,41,36,4983127,4984306,118,90,learn_array_A,location-2,5
10,yhl,f,22,162,162,4988912,4992807,123,144,learn_array_B,location-1,0
10,yhl,f,22,30,36,4997445,4997738,55,90,learn_array_A,location-2,-6
10,yhl,f,22,154,144,5002399,5002765,11,162,learn_array_B,location-2,10
10,yhl,f,22,85,90,5007486,5008955,35,36,learn_array_A,location-1,-5
10,yhl,f,22,146,162,5013669,5014925,80,144,learn_array_B,location-1,-16
10,yhl,f,22,83,90,5019605,5020936,34,36,learn_array_A,location-1,-7
10,yhl,f,22,150,144,5025705,5027400,153,162,learn_array_B,location-2,6
10,yhl,f,22,48,36,5032169,5034678,17,90,learn_array_A,location-2,12
block,,,,,,,,,,,,
10,yhl,f,22,171,162,5041552,5043232,174,144,learn_array_B,location-1,9
10,yhl,f,22,88,90,5047993,5049611,76,36,learn_array_A,location-1,-2
10,yhl,f,22,86,90,5054433,5056049,58,36,learn_array_A,location-1,-4
10,yhl,f,22,153,162,5060687,5062745,32,144,learn_array_B,location-1,-9
10,yhl,f,22,40,36,5067460,5068924,61,90,learn_array_A,location-2,4
10,yhl,f,22,171,162,5073745,5074184,171,144,learn_array_B,location-1,9
10,yhl,f,22,163,144,5078939,5080783,173,162,learn_array_B,location-2,19
10,yhl,f,22,40,36,5085562,5086075,86,90,learn_array_A,location-2,14
10,yhl,f,22,165,162,5090907,5091493,154,144,learn_array_B,location-1,3
10,yhl,f,22,74,90,5096249,5096543,175,36,learn_array_A,location-1,-16
10,yhl,f,22,22,36,5101378,5101930,47,90,learn_array_A,location-2,-14
10,yhl,f,22,27,144,5106646,5106793,147,162,learn_array_B,location-2,63
10,yhl,f,22,109,90,5111589,5111662,35,36,learn_array_A,location-1,19
10,yhl,f,22,39,36,5116288,5117460,65,90,learn_array_A,location-2,3
10,yhl,f,22,125,144,5122168,5125315,44,162,learn_array_B,location-2,-19
10,yhl,f,22,36,36,5130053,5169189,78,90,learn_array_A,location-2,0
10,yhl,f,22,86,90,5173903,5180882,94,36,learn_array_A,location-1,-4
10,yhl,f,22,157,144,5185488,5189250,73,162,learn_array_B,location-2,13
10,yhl,f,22,145,144,5193888,5195362,123,162,learn_array_B,location-2,1
10,yhl,f,22,38,36,5200054,5202568,56,90,learn_array_A,location-2,2
10,yhl,f,22,159,144,5207342,5225089,93,162,learn_array_B,location-2,15
10,yhl,f,22,81,90,5229690,5232944,133,36,learn_array_A,location-1,-9
10,yhl,f,22,165,162,5237613,5239982,119,144,learn_array_B,location-1,3
10,yhl,f,22,146,144,5244621,5247342,126,162,learn_array_B,location-2,2
10,yhl,f,22,40,36,5252163,5256716,5,90,learn_array_A,location-2,4
10,yhl,f,22,167,162,5261395,5263084,104,144,learn_array_B,location-1,5
10,yhl,f,22,156,162,5267737,5269875,49,144,learn_array_B,location-1,-6
10,yhl,f,22,163,162,5274663,5276206,75,144,learn_array_B,location-1,1
10,yhl,f,22,73,90,5281008,5282108,124,36,learn_array_A,location-1,-17
10,yhl,f,22,27,36,5286912,5288523,171,90,learn_array_A,location-2,-9
10,yhl,f,22,147,144,5293219,5296092,177,162,learn_array_B,location-2,3
10,yhl,f,22,88,90,5300719,5304265,33,36,learn_array_A,location-1,-2
block,,,,,,,,,,,,
10,yhl,f,22,40,36,5310942,5312834,46,90,learn_array_A,location-2,4
10,yhl,f,22,96,90,5317618,5320250,31,36,learn_array_A,location-1,6
10,yhl,f,22,110,90,5325086,5325526,170,36,learn_array_A,location-1,20
10,yhl,f,22,160,162,5330303,5330743,19,144,learn_array_B,location-1,-2
10,yhl,f,22,160,144,5335376,5335815,79,162,learn_array_B,location-2,16
10,yhl,f,22,42,36,5340540,5358016,134,90,learn_array_A,location-2,6
10,yhl,f,22,182,162,5362615,5365333,50,144,learn_array_B,location-1,20
10,yhl,f,22,166,162,5370028,5372526,169,144,learn_array_B,location-1,4
10,yhl,f,22,149,144,5377317,5379225,49,162,learn_array_B,location-2,5
10,yhl,f,22,148,144,5383950,5385418,39,162,learn_array_B,location-2,4
10,yhl,f,22,154,144,5390136,5393580,133,162,learn_array_B,location-2,10
10,yhl,f,22,163,162,5398236,5400818,6,144,learn_array_B,location-1,1
10,yhl,f,22,103,90,5405511,5408160,131,36,learn_array_A,location-1,13
10,yhl,f,22,90,90,5412857,5414111,144,36,learn_array_A,location-1,0
10,yhl,f,22,32,36,5418712,5419891,92,90,learn_array_A,location-2,-4
10,yhl,f,22,30,36,5424635,5429325,112,90,learn_array_A,location-2,-6
10,yhl,f,22,152,144,5434134,5437959,122,162,learn_array_B,location-2,8
10,yhl,f,22,145,144,5442577,5444858,73,162,learn_array_B,location-2,1
10,yhl,f,22,93,90,5449493,5451331,93,36,learn_array_A,location-1,3
10,yhl,f,22,33,36,5456012,5459023,13,90,learn_array_A,location-2,-3
10,yhl,f,22,173,162,5463685,5465818,63,144,learn_array_B,location-1,11
10,yhl,f,22,165,162,5470536,5472527,165,144,learn_array_B,location-1,3
10,yhl,f,22,156,162,5477212,5479267,54,144,learn_array_B,location-1,-6
10,yhl,f,22,81,90,5484017,5485554,158,36,learn_array_A,location-1,-9
10,yhl,f,22,148,144,5490210,5498499,150,162,learn_array_B,location-2,4
10,yhl,f,22,37,36,5503102,5504649,108,90,learn_array_A,location-2,1
10,yhl,f,22,79,90,5509255,5510507,16,36,learn_array_A,location-1,-11
10,yhl,f,22,151,162,5515150,5518828,18,144,learn_array_B,location-1,-11
10,yhl,f,22,146,144,5523449,5525880,140,162,learn_array_B,location-2,2
10,yhl,f,22,27,36,5530498,5531091,122,90,learn_array_A,location-2,-9
10,yhl,f,22,86,90,5535780,5538796,102,36,learn_array_A,location-1,-4
10,yhl,f,22,31,36,5543551,5549709,95,90,learn_array_A,location-2,-5
block,,,,,,,,,,,,
10,yhl,f,22,141,144,5593551,5647782,8,162,learn_array_B,location-2,-3
10,yhl,f,22,33,36,5652531,5660542,41,90,learn_array_A,location-2,-3
10,yhl,f,22,166,162,5665352,5666968,176,144,learn_array_B,location-1,4
10,yhl,f,22,167,162,5671597,5675184,102,144,learn_array_B,location-1,5
10,yhl,f,22,40,36,5679853,5682659,79,90,learn_array_A,location-2,4
10,yhl,f,22,41,36,5687441,5690611,83,90,learn_array_A,location-2,5
10,yhl,f,22,163,162,5695274,5698436,68,144,learn_array_B,location-1,1
10,yhl,f,22,82,90,5703162,5704414,36,36,learn_array_A,location-1,-8
10,yhl,f,22,181,162,5709128,5710080,32,144,learn_array_B,location-1,19
10,yhl,f,22,158,144,5714867,5716711,46,162,learn_array_B,location-2,14
10,yhl,f,22,145,144,5721513,5723492,9,162,learn_array_B,location-2,1
10,yhl,f,22,43,36,5728093,5730376,90,90,learn_array_A,location-2,7
10,yhl,f,22,87,90,5735199,5736372,37,36,learn_array_A,location-1,-3
10,yhl,f,22,157,144,5741200,5743413,58,162,learn_array_B,location-2,13
10,yhl,f,22,147,144,5748158,5749189,178,162,learn_array_B,location-2,3
10,yhl,f,22,78,36,5753812,5755942,89,90,learn_array_A,location-2,42
10,yhl,f,22,159,162,5760599,5771327,153,144,learn_array_B,location-1,-3
10,yhl,f,22,72,90,5776164,5779179,99,36,learn_array_A,location-1,-18
10,yhl,f,22,93,90,5783844,5786123,21,36,learn_array_A,location-1,3
10,yhl,f,22,41,36,5790782,5792924,158,90,learn_array_A,location-2,5
10,yhl,f,22,162,162,5797588,5800093,158,144,learn_array_B,location-1,0
10,yhl,f,22,149,162,5804798,5806196,128,144,learn_array_B,location-1,-13
10,yhl,f,22,90,36,5810897,5812218,146,90,learn_array_A,location-2,54
10,yhl,f,22,36,36,5816894,5818437,165,90,learn_array_A,location-2,0
10,yhl,f,22,152,162,5823206,5825251,162,144,learn_array_B,location-1,10
10,yhl,f,22,83,90,5829993,5831323,110,36,learn_array_A,location-1,-7
10,yhl,f,22,144,144,5836110,5838403,121,162,learn_array_B,location-2,0
10,yhl,f,22,147,144,5843134,5846145,168,162,learn_array_B,location-2,3
10,yhl,f,22,78,90,5850806,5852130,94,36,learn_array_A,location-1,-12
10,yhl,f,22,144,144,5856883,5857687,88,162,learn_array_B,location-2,0
10,yhl,f,22,88,90,5862512,5864278,92,36,learn_array_A,location-1,-2
10,yhl,f,22,93,90,5869017,5870557,121,36,learn_array_A,location-1,3
block,,,,,,,,,,,,
