subj,name,gender,age,col_resp,target_angle,start_time,resp_time,start_angle,other_angle,learn_array,location,d_value
11,zxl,f,19,157,162,33662,37064,131,18,learn_array_B,location-1,-5
11,zxl,f,19,30,36,41726,44811,16,0,learn_array_A,location-1,-6
11,zxl,f,19,29,18,49642,53034,120,162,learn_array_B,location-2,11
11,zxl,f,19,159,162,57683,60909,132,18,learn_array_B,location-1,-3
11,zxl,f,19,32,36,65608,68186,27,0,learn_array_A,location-1,-4
11,zxl,f,19,25,0,72891,77438,126,36,learn_array_A,location-2,25
11,zxl,f,19,27,18,82216,85744,102,162,learn_array_B,location-2,9
11,zxl,f,19,159,162,90487,94154,46,18,learn_array_B,location-1,-3
11,zxl,f,19,171,0,98834,105104,118,36,learn_array_A,location-2,-9
11,zxl,f,19,173,0,109802,113052,121,36,learn_array_A,location-2,-7
11,zxl,f,19,31,18,117724,120807,65,162,learn_array_B,location-2,13
11,zxl,f,19,156,162,125549,131805,169,18,learn_array_B,location-1,-6
11,zxl,f,19,31,36,136441,139375,134,0,learn_array_A,location-1,-5
11,zxl,f,19,33,36,144063,146564,70,0,learn_array_A,location-1,-3
11,zxl,f,19,34,36,151394,156441,121,0,learn_array_A,location-1,-2
11,zxl,f,19,38,36,161093,166467,94,0,learn_array_A,location-1,2
11,zxl,f,19,171,18,171214,177032,168,162,learn_array_B,location-2,-27
11,zxl,f,19,173,0,181651,186060,40,36,learn_array_A,location-2,-7
11,zxl,f,19,24,0,190747,194131,105,36,learn_array_A,location-2,24
11,zxl,f,19,38,36,198746,202644,7,0,learn_array_A,location-1,2
11,zxl,f,19,40,36,207479,210193,105,0,learn_array_A,location-1,4
11,zxl,f,19,41,18,214911,219175,171,162,learn_array_B,location-2,23
11,zxl,f,19,7,18,223836,231300,59,162,learn_array_B,location-2,-11
11,zxl,f,19,4,0,236022,241142,162,36,learn_array_A,location-2,4
11,zxl,f,19,176,0,245973,250080,146,36,learn_array_A,location-2,-4
11,zxl,f,19,158,162,254697,259398,62,18,learn_array_B,location-1,-4
11,zxl,f,19,154,162,264133,272778,13,18,learn_array_B,location-1,-8
11,zxl,f,19,156,162,277533,282237,36,18,learn_array_B,location-1,-6
11,zxl,f,19,159,162,287076,290595,177,18,learn_array_B,location-1,-3
11,zxl,f,19,20,18,295338,303201,120,162,learn_array_B,location-2,2
11,zxl,f,19,28,18,307886,311530,34,162,learn_array_B,location-2,10
11,zxl,f,19,176,0,316278,319286,113,36,learn_array_A,location-2,-4
block
11,zxl,f,19,171,0,347834,351798,129,36,learn_array_A,location-2,-9
11,zxl,f,19,155,162,356557,360531,9,18,learn_array_B,location-1,-7
11,zxl,f,19,157,18,365242,368246,179,162,learn_array_B,location-2,-41
11,zxl,f,19,35,36,372881,375668,129,0,learn_array_A,location-1,-1
11,zxl,f,19,156,162,380308,386248,26,18,learn_array_B,location-1,-6
11,zxl,f,19,157,162,390894,395150,91,18,learn_array_B,location-1,-5
11,zxl,f,19,1,0,399797,403255,98,36,learn_array_A,location-2,1
11,zxl,f,19,3,0,407857,410707,69,36,learn_array_A,location-2,3
11,zxl,f,19,0,0,415546,422094,12,36,learn_array_A,location-2,0
11,zxl,f,19,155,162,426701,431534,26,18,learn_array_B,location-1,-7
11,zxl,f,19,25,18,436318,441838,5,162,learn_array_B,location-2,7
11,zxl,f,19,26,18,446657,450047,121,162,learn_array_B,location-2,8
11,zxl,f,19,40,36,454652,460621,67,0,learn_array_A,location-1,4
11,zxl,f,19,160,162,465273,470114,40,18,learn_array_B,location-1,-2
11,zxl,f,19,156,162,474859,479846,20,18,learn_array_B,location-1,-6
11,zxl,f,19,155,36,484568,488981,121,0,learn_array_A,location-1,-61
11,zxl,f,19,28,18,493579,498435,79,162,learn_array_B,location-2,10
11,zxl,f,19,176,0,503151,509491,63,36,learn_array_A,location-2,-4
11,zxl,f,19,37,36,514200,516931,84,0,learn_array_A,location-1,1
11,zxl,f,19,41,36,521651,524809,52,0,learn_array_A,location-1,5
11,zxl,f,19,33,18,529473,533599,102,162,learn_array_B,location-2,15
11,zxl,f,19,179,0,538297,540505,103,36,learn_array_A,location-2,-1
11,zxl,f,19,40,36,545317,547591,43,0,learn_array_A,location-1,4
11,zxl,f,19,23,18,552380,559765,153,162,learn_array_B,location-2,5
11,zxl,f,19,162,162,564409,569124,104,18,learn_array_B,location-1,0
11,zxl,f,19,36,36,573857,577022,170,0,learn_array_A,location-1,0
11,zxl,f,19,30,18,581814,587047,169,162,learn_array_B,location-2,12
11,zxl,f,19,171,0,591725,599157,133,36,learn_array_A,location-2,-9
11,zxl,f,19,14,18,603824,606336,131,162,learn_array_B,location-2,-4
11,zxl,f,19,37,36,611173,613821,1,0,learn_array_A,location-1,1
11,zxl,f,19,179,0,618524,621913,118,36,learn_array_A,location-2,-1
11,zxl,f,19,160,162,626756,631008,34,18,learn_array_B,location-1,-2
block
11,zxl,f,19,1,0,640602,643546,17,36,learn_array_A,location-2,1
11,zxl,f,19,18,18,648307,651545,79,162,learn_array_B,location-2,0
11,zxl,f,19,3,0,656156,659460,5,36,learn_array_A,location-2,3
11,zxl,f,19,17,18,664208,667306,124,162,learn_array_B,location-2,-1
11,zxl,f,19,20,18,671958,677641,54,162,learn_array_B,location-2,2
11,zxl,f,19,160,162,682243,686940,81,18,learn_array_B,location-1,-2
11,zxl,f,19,37,36,691697,696564,145,0,learn_array_A,location-1,1
11,zxl,f,19,32,18,701361,704748,7,162,learn_array_B,location-2,14
11,zxl,f,19,1,0,709465,721549,104,36,learn_array_A,location-2,1
11,zxl,f,19,2,0,726211,729002,107,36,learn_array_A,location-2,2
11,zxl,f,19,0,0,733642,739829,176,36,learn_array_A,location-2,0
11,zxl,f,19,155,162,744593,748855,169,18,learn_array_B,location-1,-7
11,zxl,f,19,36,36,753557,755548,119,0,learn_array_A,location-1,0
11,zxl,f,19,155,162,760246,766472,140,18,learn_array_B,location-1,-7
11,zxl,f,19,14,18,771091,776395,101,162,learn_array_B,location-2,-4
11,zxl,f,19,34,36,781157,783430,112,0,learn_array_A,location-1,-2
11,zxl,f,19,15,18,788190,792335,116,162,learn_array_B,location-2,-3
11,zxl,f,19,39,36,797085,800391,61,0,learn_array_A,location-1,3
11,zxl,f,19,157,162,805191,810130,31,18,learn_array_B,location-1,-5
11,zxl,f,19,38,36,814741,819226,110,0,learn_array_A,location-1,2
11,zxl,f,19,173,0,823919,826345,179,36,learn_array_A,location-2,-7
11,zxl,f,19,153,162,830990,840324,121,18,learn_array_B,location-1,-9
11,zxl,f,19,37,36,845058,847566,4,0,learn_array_A,location-1,1
11,zxl,f,19,179,18,852230,854593,13,162,learn_array_B,location-2,-19
11,zxl,f,19,151,162,859364,862840,62,18,learn_array_B,location-1,-11
11,zxl,f,19,159,162,867462,870401,51,18,learn_array_B,location-1,-3
11,zxl,f,19,44,36,875042,879678,176,0,learn_array_A,location-1,8
11,zxl,f,19,22,18,884267,886401,53,162,learn_array_B,location-2,4
11,zxl,f,19,36,36,891142,894095,117,0,learn_array_A,location-1,0
11,zxl,f,19,157,162,898729,905653,84,18,learn_array_B,location-1,-5
11,zxl,f,19,178,0,910385,916511,140,36,learn_array_A,location-2,-2
11,zxl,f,19,179,0,921342,923700,47,36,learn_array_A,location-2,-1
block
11,zxl,f,19,7,18,933081,935888,126,162,learn_array_B,location-2,-11
11,zxl,f,19,41,36,940619,942457,40,0,learn_array_A,location-1,5
11,zxl,f,19,41,36,947087,949726,145,0,learn_array_A,location-1,5
11,zxl,f,19,172,0,954476,961110,127,36,learn_array_A,location-2,-8
11,zxl,f,19,160,162,965733,968385,67,18,learn_array_B,location-1,-2
11,zxl,f,19,9,18,973089,982743,145,162,learn_array_B,location-2,-9
11,zxl,f,19,39,36,987544,990712,0,0,learn_array_A,location-1,3
11,zxl,f,19,178,0,995537,998631,146,36,learn_array_A,location-2,-2
11,zxl,f,19,156,162,1003343,1006061,106,18,learn_array_B,location-1,-6
11,zxl,f,19,39,0,1010811,1014410,15,36,learn_array_A,location-2,39
11,zxl,f,19,154,162,1019136,1026433,5,18,learn_array_B,location-1,-8
11,zxl,f,19,178,0,1031236,1034477,142,36,learn_array_A,location-2,-2
11,zxl,f,19,23,18,1039312,1042779,13,162,learn_array_B,location-2,5
11,zxl,f,19,39,36,1047417,1050147,83,0,learn_array_A,location-1,3
11,zxl,f,19,5,0,1054876,1059589,12,36,learn_array_A,location-2,5
11,zxl,f,19,158,162,1064184,1067493,57,18,learn_array_B,location-1,-4
11,zxl,f,19,157,162,1072132,1076480,31,18,learn_array_B,location-1,-5
11,zxl,f,19,10,18,1081308,1085379,116,162,learn_array_B,location-2,-8
11,zxl,f,19,35,36,1089979,1093882,17,0,learn_array_A,location-1,-1
11,zxl,f,19,40,36,1098477,1102456,162,0,learn_array_A,location-1,4
11,zxl,f,19,157,162,1107156,1111633,23,18,learn_array_B,location-1,-5
11,zxl,f,19,10,18,1116250,1121636,177,162,learn_array_B,location-2,-8
11,zxl,f,19,179,0,1126318,1128520,115,36,learn_array_A,location-2,-1
11,zxl,f,19,40,36,1133359,1135821,87,0,learn_array_A,location-1,4
11,zxl,f,19,15,18,1140727,1142797,161,162,learn_array_B,location-2,-3
11,zxl,f,19,27,18,1147636,1149552,40,162,learn_array_B,location-2,9
11,zxl,f,19,21,18,1154288,1158189,113,162,learn_array_B,location-2,3
11,zxl,f,19,154,162,1162946,1165963,15,18,learn_array_B,location-1,-8
11,zxl,f,19,3,0,1170712,1174762,175,36,learn_array_A,location-2,3
11,zxl,f,19,173,0,1179467,1182693,128,36,learn_array_A,location-2,-7
11,zxl,f,19,160,162,1187325,1191286,147,18,learn_array_B,location-1,-2
11,zxl,f,19,31,36,1195988,1199964,106,0,learn_array_A,location-1,-5
block
11,zxl,f,19,37,36,1207786,1209848,26,0,learn_array_A,location-1,1
11,zxl,f,19,27,18,1214546,1218169,172,162,learn_array_B,location-2,9
11,zxl,f,19,20,18,1223007,1226999,122,162,learn_array_B,location-2,2
11,zxl,f,19,157,162,1231821,1234336,66,18,learn_array_B,location-1,-5
11,zxl,f,19,163,18,1239009,1242329,149,162,learn_array_B,location-2,-35
11,zxl,f,19,179,0,1247148,1249282,28,36,learn_array_A,location-2,-1
11,zxl,f,19,37,36,1254037,1257636,166,0,learn_array_A,location-1,1
11,zxl,f,19,2,0,1262466,1264456,159,36,learn_array_A,location-2,2
11,zxl,f,19,156,162,1269109,1271991,31,18,learn_array_B,location-1,-6
11,zxl,f,19,43,36,1276646,1281366,130,0,learn_array_A,location-1,7
11,zxl,f,19,20,18,1286006,1288292,140,162,learn_array_B,location-2,2
11,zxl,f,19,155,162,1293052,1296574,3,18,learn_array_B,location-1,-7
11,zxl,f,19,36,36,1301269,1303621,79,0,learn_array_A,location-1,0
11,zxl,f,19,26,18,1308261,1311721,71,162,learn_array_B,location-2,8
11,zxl,f,19,36,36,1316461,1318747,33,0,learn_array_A,location-1,0
11,zxl,f,19,155,162,1323430,1327339,76,18,learn_array_B,location-1,-7
11,zxl,f,19,159,162,1331978,1335679,176,18,learn_array_B,location-1,-3
11,zxl,f,19,162,162,1340495,1343519,145,18,learn_array_B,location-1,0
11,zxl,f,19,18,18,1348274,1354746,28,162,learn_array_B,location-2,0
11,zxl,f,19,29,36,1359567,1363107,120,0,learn_array_A,location-1,-7
11,zxl,f,19,174,0,1367826,1370109,155,36,learn_array_A,location-2,-6
11,zxl,f,19,41,36,1374906,1379109,127,0,learn_array_A,location-1,5
11,zxl,f,19,4,0,1383919,1386430,73,36,learn_array_A,location-2,4
11,zxl,f,19,18,18,1391168,1397590,159,162,learn_array_B,location-2,0
11,zxl,f,19,179,0,1402360,1419802,59,36,learn_array_A,location-2,-1
11,zxl,f,19,179,0,1424425,1426192,177,36,learn_array_A,location-2,-1
11,zxl,f,19,152,162,1431015,1434398,49,18,learn_array_B,location-1,-10
11,zxl,f,19,163,162,1439221,1443573,174,18,learn_array_B,location-1,1
11,zxl,f,19,40,36,1448198,1450853,13,0,learn_array_A,location-1,4
11,zxl,f,19,33,0,1455632,1458215,109,36,learn_array_A,location-2,33
11,zxl,f,19,178,0,1462885,1465978,104,36,learn_array_A,location-2,-2
11,zxl,f,19,24,18,1470609,1475251,44,162,learn_array_B,location-2,6
block
11,zxl,f,19,157,162,1487018,1489755,143,18,learn_array_B,location-1,-5
11,zxl,f,19,13,18,1494561,1503736,175,162,learn_array_B,location-2,-5
11,zxl,f,19,179,0,1508557,1512483,139,36,learn_array_A,location-2,-1
11,zxl,f,19,19,18,1517259,1521036,107,162,learn_array_B,location-2,1
11,zxl,f,19,37,36,1525728,1529407,136,0,learn_array_A,location-1,1
11,zxl,f,19,178,0,1534079,1537118,65,36,learn_array_A,location-2,-2
11,zxl,f,19,17,0,1541776,1548499,151,36,learn_array_A,location-2,17
11,zxl,f,19,157,162,1553166,1555439,72,18,learn_array_B,location-1,-5
11,zxl,f,19,172,0,1560136,1562710,88,36,learn_array_A,location-2,-8
11,zxl,f,19,34,36,1567437,1569581,172,0,learn_array_A,location-1,-2
11,zxl,f,19,44,36,1574248,1580266,72,0,learn_array_A,location-1,8
11,zxl,f,19,179,0,1584887,1592036,83,36,learn_array_A,location-2,-1
11,zxl,f,19,20,18,1596709,1600033,51,162,learn_array_B,location-2,2
11,zxl,f,19,18,18,1604676,1607914,125,162,learn_array_B,location-2,0
11,zxl,f,19,38,36,1612690,1617334,31,0,learn_array_A,location-1,2
11,zxl,f,19,160,162,1622159,1630733,175,18,learn_array_B,location-1,-2
11,zxl,f,19,16,18,1635569,1644964,177,162,learn_array_B,location-2,-2
11,zxl,f,19,37,36,1649591,1652910,93,0,learn_array_A,location-1,1
11,zxl,f,19,154,162,1657737,1675174,74,18,learn_array_B,location-1,-8
11,zxl,f,19,37,36,1679822,1683641,48,0,learn_array_A,location-1,1
11,zxl,f,19,159,162,1688291,1694341,113,18,learn_array_B,location-1,-3
11,zxl,f,19,176,0,1699124,1704943,87,36,learn_array_A,location-2,-4
11,zxl,f,19,153,162,1709541,1714252,54,18,learn_array_B,location-1,-9
11,zxl,f,19,20,18,1719026,1727427,125,162,learn_array_B,location-2,2
11,zxl,f,19,40,36,1732132,1734491,94,0,learn_array_A,location-1,4
11,zxl,f,19,39,36,1739167,1742129,98,0,learn_array_A,location-1,3
11,zxl,f,19,2,0,1746724,1755335,136,36,learn_array_A,location-2,2
11,zxl,f,19,19,18,1759957,1762983,94,162,learn_array_B,location-2,1
11,zxl,f,19,153,162,1767637,1770800,54,18,learn_array_B,location-1,-9
11,zxl,f,19,154,162,1775638,1778138,25,18,learn_array_B,location-1,-8
11,zxl,f,19,18,18,1782847,1793795,108,162,learn_array_B,location-2,0
11,zxl,f,19,179,0,1798500,1801523,154,36,learn_array_A,location-2,-1
block
11,zxl,f,19,173,0,2199866,2203133,97,36,learn_array_A,location-2,-7
11,zxl,f,19,22,18,2207732,2210166,40,162,learn_array_B,location-2,4
11,zxl,f,19,159,162,2214983,2216670,122,18,learn_array_B,location-1,-3
11,zxl,f,19,0,0,2221358,2222828,109,36,learn_array_A,location-2,0
11,zxl,f,19,16,18,2227476,2229462,57,162,learn_array_B,location-2,-2
11,zxl,f,19,41,36,2234093,2235783,10,0,learn_array_A,location-1,5
11,zxl,f,19,0,18,2240521,2243105,125,162,learn_array_B,location-2,-18
11,zxl,f,19,178,0,2247931,2254038,31,36,learn_array_A,location-2,-2
11,zxl,f,19,10,18,2258802,2260564,10,162,learn_array_B,location-2,-8
11,zxl,f,19,11,18,2265388,2267900,160,162,learn_array_B,location-2,-7
11,zxl,f,19,10,18,2272703,2277041,150,162,learn_array_B,location-2,-8
11,zxl,f,19,37,36,2281731,2284684,37,0,learn_array_A,location-1,1
11,zxl,f,19,33,36,2289320,2292343,126,0,learn_array_A,location-1,-3
11,zxl,f,19,162,162,2297171,2302245,171,18,learn_array_B,location-1,0
11,zxl,f,19,27,36,2307077,2310103,176,0,learn_array_A,location-1,-9
11,zxl,f,19,159,162,2314819,2317168,120,18,learn_array_B,location-1,-3
11,zxl,f,19,1,0,2321939,2326448,98,36,learn_array_A,location-2,1
11,zxl,f,19,4,0,2331270,2339707,55,36,learn_array_A,location-2,4
11,zxl,f,19,23,18,2344428,2347228,176,162,learn_array_B,location-2,5
11,zxl,f,19,173,0,2351892,2353669,137,36,learn_array_A,location-2,-7
11,zxl,f,19,34,36,2358379,2362882,136,0,learn_array_A,location-1,-2
11,zxl,f,19,33,36,2367719,2370142,52,0,learn_array_A,location-1,-3
11,zxl,f,19,157,162,2374846,2377952,54,18,learn_array_B,location-1,-5
11,zxl,f,19,31,36,2382631,2386804,139,0,learn_array_A,location-1,-5
11,zxl,f,19,158,162,2391494,2393631,133,18,learn_array_B,location-1,-4
11,zxl,f,19,175,0,2398285,2402618,45,36,learn_array_A,location-2,-5
11,zxl,f,19,160,162,2407356,2409342,112,18,learn_array_B,location-1,-2
11,zxl,f,19,158,162,2414146,2415474,116,18,learn_array_B,location-1,-4
11,zxl,f,19,155,162,2420095,2422367,159,18,learn_array_B,location-1,-7
11,zxl,f,19,37,36,2426981,2429266,147,0,learn_array_A,location-1,1
11,zxl,f,19,179,0,2434068,2436349,17,36,learn_array_A,location-2,-1
11,zxl,f,19,16,18,2440995,2443354,94,162,learn_array_B,location-2,-2
block
11,zxl,f,19,13,18,2449641,2452665,129,162,learn_array_B,location-2,-5
11,zxl,f,19,155,162,2457353,2461175,46,18,learn_array_B,location-1,-7
11,zxl,f,19,179,0,2465962,2470236,144,36,learn_array_A,location-2,-1
11,zxl,f,19,35,36,2474891,2477041,72,0,learn_array_A,location-1,-1
11,zxl,f,19,156,162,2481680,2484467,29,18,learn_array_B,location-1,-6
11,zxl,f,19,34,36,2489092,2491154,122,0,learn_array_A,location-1,-2
11,zxl,f,19,14,18,2495970,2497803,80,162,learn_array_B,location-2,-4
11,zxl,f,19,37,36,2502610,2505993,49,0,learn_array_A,location-1,1
11,zxl,f,19,22,18,2510714,2513213,169,162,learn_array_B,location-2,4
11,zxl,f,19,18,18,2517878,2524948,20,162,learn_array_B,location-2,0
11,zxl,f,19,34,36,2529607,2531301,115,0,learn_array_A,location-1,-2
11,zxl,f,19,2,0,2536102,2539210,49,36,learn_array_A,location-2,2
11,zxl,f,19,5,0,2543904,2553418,90,36,learn_array_A,location-2,5
11,zxl,f,19,2,0,2558247,2562082,65,36,learn_array_A,location-2,2
11,zxl,f,19,36,36,2566719,2569360,171,0,learn_array_A,location-1,0
11,zxl,f,19,168,162,2574144,2577159,79,18,learn_array_B,location-1,6
11,zxl,f,19,163,18,2581787,2584519,62,162,learn_array_B,location-2,-35
11,zxl,f,19,174,0,2589181,2591609,78,36,learn_array_A,location-2,-6
11,zxl,f,19,38,36,2596213,2598130,141,0,learn_array_A,location-1,2
11,zxl,f,19,163,162,2602850,2606095,86,18,learn_array_B,location-1,1
11,zxl,f,19,166,162,2610736,2614125,100,18,learn_array_B,location-1,4
11,zxl,f,19,0,0,2618926,2621493,40,36,learn_array_A,location-2,0
11,zxl,f,19,31,36,2626307,2628292,79,0,learn_array_A,location-1,-5
11,zxl,f,19,161,162,2633040,2639949,37,18,learn_array_B,location-1,-1
11,zxl,f,19,22,18,2644670,2646575,39,162,learn_array_B,location-2,4
11,zxl,f,19,26,18,2651243,2654409,32,162,learn_array_B,location-2,8
11,zxl,f,19,7,0,2659090,2662176,58,36,learn_array_A,location-2,7
11,zxl,f,19,163,162,2666993,2671332,90,18,learn_array_B,location-1,1
11,zxl,f,19,157,162,2676133,2679658,63,18,learn_array_B,location-1,-5
11,zxl,f,19,25,18,2684419,2686332,114,162,learn_array_B,location-2,7
11,zxl,f,19,4,0,2691164,2692859,173,36,learn_array_A,location-2,4
11,zxl,f,19,33,36,2697515,2699942,147,0,learn_array_A,location-1,-3
block
11,zxl,f,19,22,18,2706441,2708429,48,162,learn_array_B,location-2,4
11,zxl,f,19,31,36,2713262,2716347,93,0,learn_array_A,location-1,-5
11,zxl,f,19,174,0,2720984,2723988,117,36,learn_array_A,location-2,-6
11,zxl,f,19,3,0,2728580,2731218,89,36,learn_array_A,location-2,3
11,zxl,f,19,162,162,2735836,2737526,114,18,learn_array_B,location-1,0
11,zxl,f,19,2,0,2742164,2745043,90,36,learn_array_A,location-2,2
11,zxl,f,19,162,162,2749691,2752044,72,18,learn_array_B,location-1,0
11,zxl,f,19,176,0,2756768,2760376,120,36,learn_array_A,location-2,-4
11,zxl,f,19,15,18,2765195,2768290,157,162,learn_array_B,location-2,-3
11,zxl,f,19,15,18,2773014,2780573,16,162,learn_array_B,location-2,-3
11,zxl,f,19,156,162,2785227,2787587,157,18,learn_array_B,location-1,-6
11,zxl,f,19,36,36,2792320,2796140,99,0,learn_array_A,location-1,0
11,zxl,f,19,21,18,2800837,2805048,137,162,learn_array_B,location-2,3
11,zxl,f,19,25,18,2809686,2812490,20,162,learn_array_B,location-2,7
11,zxl,f,19,38,36,2817207,2820376,40,0,learn_array_A,location-1,2
11,zxl,f,19,24,18,2825114,2829161,63,162,learn_array_B,location-2,6
11,zxl,f,19,33,36,2833844,2835982,100,0,learn_array_A,location-1,-3
11,zxl,f,19,33,36,2840759,2844651,110,0,learn_array_A,location-1,-3
11,zxl,f,19,160,162,2849280,2855824,29,18,learn_array_B,location-1,-2
11,zxl,f,19,155,162,2860640,2862329,177,18,learn_array_B,location-1,-7
11,zxl,f,19,45,36,2867020,2877101,2,0,learn_array_A,location-1,9
11,zxl,f,19,179,0,2881790,2886668,88,36,learn_array_A,location-2,-1
11,zxl,f,19,157,162,2891318,2893748,88,18,learn_array_B,location-1,-5
11,zxl,f,19,157,162,2898558,2901068,115,18,learn_array_B,location-1,-5
11,zxl,f,19,172,0,2905820,2907807,37,36,learn_array_A,location-2,-8
11,zxl,f,19,175,0,2912533,2916743,17,36,learn_array_A,location-2,-5
11,zxl,f,19,179,18,2921396,2924571,43,162,learn_array_B,location-2,-19
11,zxl,f,19,2,0,2929323,2931168,99,36,learn_array_A,location-2,2
11,zxl,f,19,18,18,2935956,2938101,124,162,learn_array_B,location-2,0
11,zxl,f,19,33,36,2942768,2945055,175,0,learn_array_A,location-1,-3
11,zxl,f,19,154,162,2949814,2955041,48,18,learn_array_B,location-1,-8
11,zxl,f,19,40,36,2959850,2962723,54,0,learn_array_A,location-1,4
block
11,zxl,f,19,7,0,2969578,2971347,9,36,learn_array_A,location-2,7
11,zxl,f,19,163,162,2975951,2977633,40,18,learn_array_B,location-1,1
11,zxl,f,19,18,18,2982350,2983826,50,162,learn_array_B,location-2,0
11,zxl,f,19,38,36,2988575,2989970,66,0,learn_array_A,location-1,2
11,zxl,f,19,0,0,2994614,2997566,153,36,learn_array_A,location-2,0
11,zxl,f,19,36,36,3002181,3005205,18,0,learn_array_A,location-1,0
11,zxl,f,19,27,18,3009822,3014452,145,162,learn_array_B,location-2,9
11,zxl,f,19,161,162,3019287,3022373,179,18,learn_array_B,location-1,-1
11,zxl,f,19,36,36,3027128,3029194,163,0,learn_array_A,location-1,0
11,zxl,f,19,27,18,3033813,3039034,9,162,learn_array_B,location-2,9
11,zxl,f,19,19,18,3043840,3046717,105,162,learn_array_B,location-2,1
11,zxl,f,19,33,18,3051476,3054636,165,162,learn_array_B,location-2,15
11,zxl,f,19,162,162,3059266,3061541,65,18,learn_array_B,location-1,0
11,zxl,f,19,175,0,3066213,3070478,46,36,learn_array_A,location-2,-5
11,zxl,f,19,37,36,3075114,3077034,111,0,learn_array_A,location-1,1
11,zxl,f,19,159,162,3081817,3084818,15,18,learn_array_B,location-1,-3
11,zxl,f,19,21,18,3089494,3091184,6,162,learn_array_B,location-2,3
11,zxl,f,19,27,18,3095795,3097863,70,162,learn_array_B,location-2,9
11,zxl,f,19,164,162,3102532,3104523,67,18,learn_array_B,location-1,2
11,zxl,f,19,23,18,3109215,3111211,87,162,learn_array_B,location-2,5
11,zxl,f,19,161,162,3115931,3117921,114,18,learn_array_B,location-1,-1
11,zxl,f,19,7,0,3122563,3126165,155,36,learn_array_A,location-2,7
11,zxl,f,19,37,36,3130893,3132960,86,0,learn_array_A,location-1,1
11,zxl,f,19,177,0,3137708,3139839,61,36,learn_array_A,location-2,-3
11,zxl,f,19,156,162,3144482,3148883,17,18,learn_array_B,location-1,-6
11,zxl,f,19,154,162,3153571,3156656,41,18,learn_array_B,location-1,-8
11,zxl,f,19,37,36,3161454,3163295,101,0,learn_array_A,location-1,1
11,zxl,f,19,171,0,3168080,3171485,90,36,learn_array_A,location-2,-9
11,zxl,f,19,172,0,3176299,3178965,124,36,learn_array_A,location-2,-8
11,zxl,f,19,38,36,3183614,3186720,134,0,learn_array_A,location-1,2
11,zxl,f,19,38,36,3191522,3193793,16,0,learn_array_A,location-1,2
11,zxl,f,19,173,0,3198387,3201700,105,36,learn_array_A,location-2,-7
block
11,zxl,f,19,21,18,3208410,3210331,169,162,learn_array_B,location-2,3
11,zxl,f,19,19,18,3215095,3217889,121,162,learn_array_B,location-2,1
11,zxl,f,19,160,162,3222687,3224674,124,18,learn_array_B,location-1,-2
11,zxl,f,19,177,0,3229392,3232396,82,36,learn_array_A,location-2,-3
11,zxl,f,19,161,162,3237110,3239094,64,18,learn_array_B,location-1,-1
11,zxl,f,19,42,36,3243865,3247624,135,0,learn_array_A,location-1,6
11,zxl,f,19,27,18,3252376,3255028,41,162,learn_array_B,location-2,9
11,zxl,f,19,21,18,3259739,3262693,102,162,learn_array_B,location-2,3
11,zxl,f,19,157,162,3267449,3269956,125,18,learn_array_B,location-1,-5
11,zxl,f,19,36,36,3274635,3277352,146,0,learn_array_A,location-1,0
11,zxl,f,19,175,0,3282035,3284609,99,36,learn_array_A,location-2,-5
11,zxl,f,19,21,18,3289323,3293541,166,162,learn_array_B,location-2,3
11,zxl,f,19,16,18,3298228,3299851,172,162,learn_array_B,location-2,-2
11,zxl,f,19,33,36,3304619,3307120,82,0,learn_array_A,location-1,-3
11,zxl,f,19,160,162,3311777,3313621,21,18,learn_array_B,location-1,-2
11,zxl,f,19,34,36,3318405,3321060,88,0,learn_array_A,location-1,-2
11,zxl,f,19,177,0,3325776,3328361,85,36,learn_array_A,location-2,-3
11,zxl,f,19,25,18,3333197,3335928,15,162,learn_array_B,location-2,7
11,zxl,f,19,155,162,3340757,3344581,36,18,learn_array_B,location-1,-7
11,zxl,f,19,19,18,3349255,3352350,91,162,learn_array_B,location-2,1
11,zxl,f,19,39,36,3356977,3361539,36,0,learn_array_A,location-1,3
11,zxl,f,19,39,36,3366176,3368671,158,0,learn_array_A,location-1,3
11,zxl,f,19,31,36,3373446,3375732,15,0,learn_array_A,location-1,-5
11,zxl,f,19,179,0,3380361,3382792,87,36,learn_array_A,location-2,-1
11,zxl,f,19,177,0,3387533,3389670,113,36,learn_array_A,location-2,-3
11,zxl,f,19,163,162,3394324,3396387,20,18,learn_array_B,location-1,1
11,zxl,f,19,38,36,3401044,3404050,19,0,learn_array_A,location-1,2
11,zxl,f,19,173,0,3408674,3412374,154,36,learn_array_A,location-2,-7
11,zxl,f,19,175,0,3416999,3421781,75,36,learn_array_A,location-2,-5
11,zxl,f,19,160,162,3426463,3429196,122,18,learn_array_B,location-1,-2
11,zxl,f,19,0,0,3434036,3438104,116,36,learn_array_A,location-2,0
11,zxl,f,19,156,162,3442726,3445381,35,18,learn_array_B,location-1,-6
block
11,zxl,f,19,1,0,3451897,3454330,72,36,learn_array_A,location-2,1
11,zxl,f,19,32,36,3458953,3461892,67,0,learn_array_A,location-1,-4
11,zxl,f,19,179,0,3466523,3470277,80,36,learn_array_A,location-2,-1
11,zxl,f,19,157,162,3475043,3477321,2,18,learn_array_B,location-1,-5
11,zxl,f,19,176,0,3482058,3485374,117,36,learn_array_A,location-2,-4
11,zxl,f,19,38,36,3490076,3492283,19,0,learn_array_A,location-1,2
11,zxl,f,19,175,0,3497082,3499065,89,36,learn_array_A,location-2,-5
11,zxl,f,19,33,36,3503781,3506129,50,0,learn_array_A,location-1,-3
11,zxl,f,19,2,0,3510872,3513442,78,36,learn_array_A,location-2,2
11,zxl,f,19,21,18,3518069,3520640,22,162,learn_array_B,location-2,3
11,zxl,f,19,155,162,3525338,3530098,98,18,learn_array_B,location-1,-7
11,zxl,f,19,42,36,3534754,3536520,133,0,learn_array_A,location-1,6
11,zxl,f,19,176,0,3541126,3546265,38,36,learn_array_A,location-2,-4
11,zxl,f,19,21,18,3550885,3553387,128,162,learn_array_B,location-2,3
11,zxl,f,19,24,18,3557997,3560054,125,162,learn_array_B,location-2,6
11,zxl,f,19,159,162,3564862,3566924,112,18,learn_array_B,location-1,-3
11,zxl,f,19,7,0,3571595,3576161,98,36,learn_array_A,location-2,7
11,zxl,f,19,8,0,3580887,3582728,3,36,learn_array_A,location-2,8
11,zxl,f,19,5,18,3587532,3592305,23,162,learn_array_B,location-2,-13
11,zxl,f,19,36,36,3597009,3600245,95,0,learn_array_A,location-1,0
11,zxl,f,19,158,162,3605041,3607315,97,18,learn_array_B,location-1,-4
11,zxl,f,19,39,36,3612121,3614250,88,0,learn_array_A,location-1,3
11,zxl,f,19,21,18,3618895,3622437,170,162,learn_array_B,location-2,3
11,zxl,f,19,35,36,3627037,3630924,22,0,learn_array_A,location-1,-1
11,zxl,f,19,26,18,3635659,3637864,169,162,learn_array_B,location-2,8
11,zxl,f,19,25,18,3642473,3644461,53,162,learn_array_B,location-2,7
11,zxl,f,19,38,36,3649104,3651235,69,0,learn_array_A,location-1,2
11,zxl,f,19,28,18,3655835,3659075,55,162,learn_array_B,location-2,10
11,zxl,f,19,158,162,3663762,3666256,23,18,learn_array_B,location-1,-4
11,zxl,f,19,155,162,3671055,3674067,43,18,learn_array_B,location-1,-7
11,zxl,f,19,157,162,3678735,3681385,96,18,learn_array_B,location-1,-5
11,zxl,f,19,156,162,3686105,3690150,121,18,learn_array_B,location-1,-6
block
11,zxl,f,19,22,18,3696282,3699820,109,162,learn_array_B,location-2,4
11,zxl,f,19,5,0,3704651,3707005,82,36,learn_array_A,location-2,5
11,zxl,f,19,37,36,3711844,3713835,86,0,learn_array_A,location-1,1
11,zxl,f,19,178,0,3718436,3723588,133,36,learn_array_A,location-2,-2
11,zxl,f,19,19,18,3728278,3730410,51,162,learn_array_B,location-2,1
11,zxl,f,19,30,36,3735141,3738903,117,0,learn_array_A,location-1,-6
11,zxl,f,19,35,36,3743532,3746175,32,0,learn_array_A,location-1,-1
11,zxl,f,19,27,18,3750993,3753797,63,162,learn_array_B,location-2,9
11,zxl,f,19,178,0,3758534,3763384,29,36,learn_array_A,location-2,-2
11,zxl,f,19,160,162,3768095,3771852,74,18,learn_array_B,location-1,-2
11,zxl,f,19,26,18,3776534,3778667,138,162,learn_array_B,location-2,8
11,zxl,f,19,39,36,3783378,3786552,34,0,learn_array_A,location-1,3
11,zxl,f,19,1,0,3791210,3793775,66,36,learn_array_A,location-2,1
11,zxl,f,19,156,162,3798521,3800582,159,18,learn_array_B,location-1,-6
11,zxl,f,19,12,18,3805187,3808126,139,162,learn_array_B,location-2,-6
11,zxl,f,19,33,36,3812730,3815012,143,0,learn_array_A,location-1,-3
11,zxl,f,19,29,18,3819839,3822189,44,162,learn_array_B,location-2,11
11,zxl,f,19,156,162,3826953,3831360,127,18,learn_array_B,location-1,-6
11,zxl,f,19,157,162,3836028,3838676,59,18,learn_array_B,location-1,-5
11,zxl,f,19,36,36,3843327,3846854,146,0,learn_array_A,location-1,0
11,zxl,f,19,0,0,3851536,3853301,88,36,learn_array_A,location-2,0
11,zxl,f,19,166,162,3858109,3862430,7,18,learn_array_B,location-1,4
11,zxl,f,19,41,36,3867025,3869887,113,0,learn_array_A,location-1,5
11,zxl,f,19,37,36,3874478,3878889,141,0,learn_array_A,location-1,1
11,zxl,f,19,24,18,3883713,3886163,114,162,learn_array_B,location-2,6
11,zxl,f,19,9,0,3890788,3893799,97,36,learn_array_A,location-2,9
11,zxl,f,19,179,0,3898443,3902923,107,36,learn_array_A,location-2,-1
11,zxl,f,19,158,162,3907715,3909997,95,18,learn_array_B,location-1,-4
11,zxl,f,19,157,162,3914658,3918353,166,18,learn_array_B,location-1,-5
11,zxl,f,19,0,0,3923122,3926291,26,36,learn_array_A,location-2,0
11,zxl,f,19,157,162,3931126,3935631,130,18,learn_array_B,location-1,-5
11,zxl,f,19,29,18,3940224,3945301,164,162,learn_array_B,location-2,11
block
11,zxl,f,19,19,18,3951338,3955164,4,162,learn_array_B,location-2,1
11,zxl,f,19,25,18,3959927,3963300,22,162,learn_array_B,location-2,7
11,zxl,f,19,3,0,3968038,3970400,79,36,learn_array_A,location-2,3
11,zxl,f,19,28,18,3974991,3976834,142,162,learn_array_B,location-2,10
11,zxl,f,19,154,162,3981510,3983790,33,18,learn_array_B,location-1,-8
11,zxl,f,19,35,36,3988514,3991006,46,0,learn_array_A,location-1,-1
11,zxl,f,19,8,18,3995712,3999482,158,162,learn_array_B,location-2,-10
11,zxl,f,19,37,36,4004274,4006557,64,0,learn_array_A,location-1,1
11,zxl,f,19,157,162,4011319,4014851,15,18,learn_array_B,location-1,-5
11,zxl,f,19,4,0,4019674,4022257,179,36,learn_array_A,location-2,4
11,zxl,f,19,160,36,4026992,4029560,144,0,learn_array_A,location-1,-56
11,zxl,f,19,156,162,4034176,4036306,43,18,learn_array_B,location-1,-6
11,zxl,f,19,159,162,4041069,4042692,96,18,learn_array_B,location-1,-3
11,zxl,f,19,158,162,4047427,4049411,50,18,learn_array_B,location-1,-4
11,zxl,f,19,17,18,4054074,4055693,6,162,learn_array_B,location-2,-1
11,zxl,f,19,40,36,4060530,4067124,14,0,learn_array_A,location-1,4
11,zxl,f,19,45,36,4071940,4074003,158,0,learn_array_A,location-1,9
11,zxl,f,19,40,36,4078816,4080720,37,0,learn_array_A,location-1,4
11,zxl,f,19,152,162,4085434,4089340,2,18,learn_array_B,location-1,-10
11,zxl,f,19,6,0,4094121,4096265,98,36,learn_array_A,location-2,6
11,zxl,f,19,5,0,4100909,4105684,148,36,learn_array_A,location-2,5
11,zxl,f,19,37,36,4110503,4112419,65,0,learn_array_A,location-1,1
11,zxl,f,19,19,18,4117137,4120526,53,162,learn_array_B,location-2,1
11,zxl,f,19,26,18,4125310,4127371,85,162,learn_array_B,location-2,8
11,zxl,f,19,12,0,4131969,4135644,101,36,learn_array_A,location-2,12
11,zxl,f,19,7,0,4140249,4142236,53,36,learn_array_A,location-2,7
11,zxl,f,19,8,0,4146851,4150960,89,36,learn_array_A,location-2,8
11,zxl,f,19,163,162,4155758,4158622,67,18,learn_array_B,location-1,1
11,zxl,f,19,160,162,4163281,4166224,105,18,learn_array_B,location-1,-2
11,zxl,f,19,20,18,4171052,4175045,120,162,learn_array_B,location-2,2
11,zxl,f,19,35,36,4179641,4182230,71,0,learn_array_A,location-1,-1
11,zxl,f,19,178,0,4186990,4189409,11,36,learn_array_A,location-2,-2
block
11,zxl,f,19,161,162,4195962,4198702,94,18,learn_array_B,location-1,-1
11,zxl,f,19,25,18,4203363,4206294,23,162,learn_array_B,location-2,7
11,zxl,f,19,20,18,4211121,4214571,34,162,learn_array_B,location-2,2
11,zxl,f,19,23,18,4219376,4222030,135,162,learn_array_B,location-2,5
11,zxl,f,19,177,0,4226741,4229539,28,36,learn_array_A,location-2,-3
11,zxl,f,19,176,0,4234206,4236426,52,36,learn_array_A,location-2,-4
11,zxl,f,19,163,162,4241052,4243696,66,18,learn_array_B,location-1,1
11,zxl,f,19,41,36,4248398,4253331,28,0,learn_array_A,location-1,5
11,zxl,f,19,20,18,4257957,4261925,123,162,learn_array_B,location-2,2
11,zxl,f,19,30,36,4266686,4270809,131,0,learn_array_A,location-1,-6
11,zxl,f,19,40,36,4275524,4279801,165,0,learn_array_A,location-1,4
11,zxl,f,19,30,36,4284641,4288314,57,0,learn_array_A,location-1,-6
11,zxl,f,19,1,0,4293124,4298341,23,36,learn_array_A,location-2,1
11,zxl,f,19,36,36,4303025,4305465,84,0,learn_array_A,location-1,0
11,zxl,f,19,160,162,4310180,4313922,111,18,learn_array_B,location-1,-2
11,zxl,f,19,5,0,4318522,4320728,4,36,learn_array_A,location-2,5
11,zxl,f,19,21,18,4325524,4327515,64,162,learn_array_B,location-2,3
11,zxl,f,19,178,0,4332225,4334514,50,36,learn_array_A,location-2,-2
11,zxl,f,19,34,36,4339322,4342057,57,0,learn_array_A,location-1,-2
11,zxl,f,19,179,0,4346713,4349298,104,36,learn_array_A,location-2,-1
11,zxl,f,19,179,0,4353933,4357249,118,36,learn_array_A,location-2,-1
11,zxl,f,19,158,162,4362013,4366276,5,18,learn_array_B,location-1,-4
11,zxl,f,19,22,18,4370915,4372908,44,162,learn_array_B,location-2,4
11,zxl,f,19,28,18,4377680,4379597,154,162,learn_array_B,location-2,10
11,zxl,f,19,160,162,4384381,4387258,47,18,learn_array_B,location-1,-2
11,zxl,f,19,157,162,4392023,4397689,165,18,learn_array_B,location-1,-5
11,zxl,f,19,37,36,4402436,4404946,146,0,learn_array_A,location-1,1
11,zxl,f,19,164,162,4409730,4413931,170,18,learn_array_B,location-1,2
11,zxl,f,19,175,0,4418584,4420353,33,36,learn_array_A,location-2,-5
11,zxl,f,19,18,18,4425132,4429490,39,162,learn_array_B,location-2,0
11,zxl,f,19,163,162,4434300,4435998,83,18,learn_array_B,location-1,1
11,zxl,f,19,34,36,4440653,4442943,92,0,learn_array_A,location-1,-2
block
11,zxl,f,19,156,162,4449402,4450947,143,18,learn_array_B,location-1,-6
11,zxl,f,19,22,18,4455694,4458484,116,162,learn_array_B,location-2,4
11,zxl,f,19,41,36,4463236,4464703,120,0,learn_array_A,location-1,5
11,zxl,f,19,6,0,4469344,4471111,178,36,learn_array_A,location-2,6
11,zxl,f,19,158,162,4475783,4478573,171,18,learn_array_B,location-1,-4
11,zxl,f,19,44,36,4483304,4485957,89,0,learn_array_A,location-1,8
11,zxl,f,19,160,162,4490774,4493061,107,18,learn_array_B,location-1,-2
11,zxl,f,19,157,162,4497714,4499635,166,18,learn_array_B,location-1,-5
11,zxl,f,19,41,36,4504361,4506126,12,0,learn_array_A,location-1,5
11,zxl,f,19,44,0,4510771,4512756,9,36,learn_array_A,location-2,44
11,zxl,f,19,41,36,4517420,4520356,35,0,learn_array_A,location-1,5
11,zxl,f,19,35,36,4525084,4527521,155,0,learn_array_A,location-1,-1
11,zxl,f,19,14,18,4532192,4534482,72,162,learn_array_B,location-2,-4
11,zxl,f,19,8,0,4539175,4542054,56,36,learn_array_A,location-2,8
11,zxl,f,19,24,18,4546731,4548796,161,162,learn_array_B,location-2,6
11,zxl,f,19,23,18,4553516,4555869,148,162,learn_array_B,location-2,5
11,zxl,f,19,39,36,4560599,4564291,86,0,learn_array_A,location-1,3
11,zxl,f,19,34,36,4569058,4571791,120,0,learn_array_A,location-1,-2
11,zxl,f,19,5,0,4576478,4579648,33,36,learn_array_A,location-2,5
11,zxl,f,19,18,0,4584440,4587687,65,36,learn_array_A,location-2,18
11,zxl,f,19,156,162,4592402,4594543,167,18,learn_array_B,location-1,-6
11,zxl,f,19,22,18,4599334,4602201,160,162,learn_array_B,location-2,4
11,zxl,f,19,178,0,4606997,4612947,7,36,learn_array_A,location-2,-2
11,zxl,f,19,31,36,4617645,4619264,59,0,learn_array_A,location-1,-5
11,zxl,f,19,157,18,4623997,4627241,62,162,learn_array_B,location-2,-41
11,zxl,f,19,155,162,4631944,4635191,162,18,learn_array_B,location-1,-7
11,zxl,f,19,154,162,4639872,4642007,38,18,learn_array_B,location-1,-8
11,zxl,f,19,26,18,4646759,4649425,91,162,learn_array_B,location-2,8
11,zxl,f,19,19,18,4654088,4656673,141,162,learn_array_B,location-2,1
11,zxl,f,19,177,0,4661498,4666759,143,36,learn_array_A,location-2,-3
11,zxl,f,19,7,0,4671491,4678005,74,36,learn_array_A,location-2,7
11,zxl,f,19,162,162,4682713,4685731,95,18,learn_array_B,location-1,0
block
11,zxl,f,19,156,18,4692314,4694666,165,162,learn_array_B,location-2,-42
11,zxl,f,19,37,36,4699484,4701552,37,0,learn_array_A,location-1,1
11,zxl,f,19,40,36,4706232,4708882,8,0,learn_array_A,location-1,4
11,zxl,f,19,158,162,4713543,4716287,19,18,learn_array_B,location-1,-4
11,zxl,f,19,155,162,4720985,4723048,32,18,learn_array_B,location-1,-7
11,zxl,f,19,5,0,4727822,4732486,105,36,learn_array_A,location-2,5
11,zxl,f,19,176,0,4737287,4739495,166,36,learn_array_A,location-2,-4
11,zxl,f,19,165,162,4744166,4747630,104,18,learn_array_B,location-1,3
11,zxl,f,19,179,0,4752347,4754632,68,36,learn_array_A,location-2,-1
11,zxl,f,19,9,0,4759463,4761965,46,36,learn_array_A,location-2,9
11,zxl,f,19,42,36,4766705,4770538,90,0,learn_array_A,location-1,6
11,zxl,f,19,24,18,4775176,4777465,176,162,learn_array_B,location-2,6
11,zxl,f,19,22,18,4782257,4784552,117,162,learn_array_B,location-2,4
11,zxl,f,19,35,36,4789225,4791519,173,0,learn_array_A,location-1,-1
11,zxl,f,19,31,36,4796120,4799356,158,0,learn_array_A,location-1,-5
11,zxl,f,19,9,18,4804080,4806223,77,162,learn_array_B,location-2,-9
11,zxl,f,19,11,0,4810947,4813895,67,36,learn_array_A,location-2,11
11,zxl,f,19,25,18,4818567,4822616,15,162,learn_array_B,location-2,7
11,zxl,f,19,162,162,4827280,4831924,24,18,learn_array_B,location-1,0
11,zxl,f,19,31,36,4836758,4839342,48,0,learn_array_A,location-1,-5
11,zxl,f,19,163,162,4843999,4850248,140,18,learn_array_B,location-1,1
11,zxl,f,19,23,18,4855003,4857511,142,162,learn_array_B,location-2,5
11,zxl,f,19,5,0,4862108,4864169,91,36,learn_array_A,location-2,5
11,zxl,f,19,7,0,4868771,4871199,38,36,learn_array_A,location-2,7
11,zxl,f,19,17,18,4875828,4879734,126,162,learn_array_B,location-2,-1
11,zxl,f,19,160,36,4884527,4887099,159,0,learn_array_A,location-1,-56
11,zxl,f,19,163,162,4891899,4896854,130,18,learn_array_B,location-1,1
11,zxl,f,19,162,162,4901634,4905830,8,18,learn_array_B,location-1,0
11,zxl,f,19,19,162,4910577,4912273,39,18,learn_array_B,location-1,37
11,zxl,f,19,38,36,4916921,4918477,106,0,learn_array_A,location-1,2
11,zxl,f,19,9,0,4923237,4925375,175,36,learn_array_A,location-2,9
11,zxl,f,19,16,18,4930098,4933502,111,162,learn_array_B,location-2,-2
block
11,zxl,f,19,160,162,4939690,4944107,76,18,learn_array_B,location-1,-2
11,zxl,f,19,156,162,4948824,4954789,57,18,learn_array_B,location-1,-6
11,zxl,f,19,20,18,4959563,4964360,172,162,learn_array_B,location-2,2
11,zxl,f,19,36,36,4969180,4971236,100,0,learn_array_A,location-1,0
11,zxl,f,19,27,36,4975839,4978274,127,0,learn_array_A,location-1,-9
11,zxl,f,19,36,36,4983102,4986116,104,0,learn_array_A,location-1,0
11,zxl,f,19,22,18,4990793,4994919,116,162,learn_array_B,location-2,4
11,zxl,f,19,177,0,4999586,5002169,151,36,learn_array_A,location-2,-3
11,zxl,f,19,15,18,5006783,5009368,98,162,learn_array_B,location-2,-3
11,zxl,f,19,162,162,5013975,5016250,44,18,learn_array_B,location-1,0
11,zxl,f,19,163,162,5021019,5023742,56,18,learn_array_B,location-1,1
11,zxl,f,19,3,0,5028579,5031075,15,36,learn_array_A,location-2,3
11,zxl,f,19,163,162,5035670,5037890,117,18,learn_array_B,location-1,1
11,zxl,f,19,1,0,5042687,5045708,170,36,learn_array_A,location-2,1
11,zxl,f,19,178,0,5050299,5052375,73,36,learn_array_A,location-2,-2
11,zxl,f,19,26,18,5057056,5062439,14,162,learn_array_B,location-2,8
11,zxl,f,19,160,162,5067267,5069105,168,18,learn_array_B,location-1,-2
11,zxl,f,19,36,36,5073819,5076320,33,0,learn_array_A,location-1,0
11,zxl,f,19,17,0,5081159,5086489,130,36,learn_array_A,location-2,17
11,zxl,f,19,37,36,5091108,5094792,9,0,learn_array_A,location-1,1
11,zxl,f,19,21,18,5099485,5104569,24,162,learn_array_B,location-2,3
11,zxl,f,19,160,162,5109385,5111603,4,18,learn_array_B,location-1,-2
11,zxl,f,19,26,18,5116392,5118454,134,162,learn_array_B,location-2,8
11,zxl,f,19,162,36,5123264,5127618,97,0,learn_array_A,location-1,-54
11,zxl,f,19,40,36,5132361,5134731,81,0,learn_array_A,location-1,4
11,zxl,f,19,176,0,5139535,5141452,146,36,learn_array_A,location-2,-4
11,zxl,f,19,162,162,5146175,5149793,92,18,learn_array_B,location-1,0
11,zxl,f,19,10,18,5154513,5157920,144,162,learn_array_B,location-2,-8
11,zxl,f,19,27,36,5162591,5165252,144,0,learn_array_A,location-1,-9
11,zxl,f,19,177,0,5169925,5172215,153,36,learn_array_A,location-2,-3
11,zxl,f,19,18,18,5177029,5180425,37,162,learn_array_B,location-2,0
11,zxl,f,19,179,0,5185077,5187211,38,36,learn_array_A,location-2,-1
block
11,zxl,f,19,179,0,5193626,5197101,64,36,learn_array_A,location-2,-1
11,zxl,f,19,30,36,5201927,5205486,136,0,learn_array_A,location-1,-6
11,zxl,f,19,35,36,5210176,5212172,84,0,learn_array_A,location-1,-1
11,zxl,f,19,31,36,5217001,5219369,152,0,learn_array_A,location-1,-5
11,zxl,f,19,0,0,5224089,5226601,64,36,learn_array_A,location-2,0
11,zxl,f,19,25,18,5231417,5233047,70,162,learn_array_B,location-2,7
11,zxl,f,19,25,18,5237703,5241681,10,162,learn_array_B,location-2,7
11,zxl,f,19,6,0,5246450,5249186,140,36,learn_array_A,location-2,6
11,zxl,f,19,21,18,5253957,5258231,161,162,learn_array_B,location-2,3
11,zxl,f,19,158,162,5262839,5264688,84,18,learn_array_B,location-1,-4
11,zxl,f,19,26,18,5269419,5272073,133,162,learn_array_B,location-2,8
11,zxl,f,19,30,36,5276685,5279416,172,0,learn_array_A,location-1,-6
11,zxl,f,19,172,0,5284069,5286440,62,36,learn_array_A,location-2,-8
11,zxl,f,19,33,36,5291184,5294223,156,0,learn_array_A,location-1,-3
11,zxl,f,19,164,162,5298992,5302545,100,18,learn_array_B,location-1,2
11,zxl,f,19,9,18,5307182,5310872,167,162,learn_array_B,location-2,-9
11,zxl,f,19,28,18,5315617,5317610,130,162,learn_array_B,location-2,10
11,zxl,f,19,156,162,5322276,5324486,27,18,learn_array_B,location-1,-6
11,zxl,f,19,162,162,5329078,5332474,106,18,learn_array_B,location-1,0
11,zxl,f,19,32,36,5337226,5339072,159,0,learn_array_A,location-1,-4
11,zxl,f,19,29,18,5343750,5347593,163,162,learn_array_B,location-2,11
11,zxl,f,19,3,0,5352270,5353897,164,36,learn_array_A,location-2,3
11,zxl,f,19,20,0,5358548,5361588,58,36,learn_array_A,location-2,20
11,zxl,f,19,160,162,5366236,5370012,176,18,learn_array_B,location-1,-2
11,zxl,f,19,40,36,5374847,5377588,84,0,learn_array_A,location-1,4
11,zxl,f,19,160,162,5382263,5384691,51,18,learn_array_B,location-1,-2
11,zxl,f,19,22,18,5389463,5391616,99,162,learn_array_B,location-2,4
11,zxl,f,19,161,162,5396400,5398322,114,18,learn_array_B,location-1,-1
11,zxl,f,19,4,0,5403116,5405857,59,36,learn_array_A,location-2,4
11,zxl,f,19,36,36,5410525,5412375,94,0,learn_array_A,location-1,0
11,zxl,f,19,158,162,5417213,5419132,95,18,learn_array_B,location-1,-4
11,zxl,f,19,0,0,5423927,5426004,65,36,learn_array_A,location-2,0
block
11,zxl,f,19,178,0,5432505,5436332,26,36,learn_array_A,location-2,-2
11,zxl,f,19,22,18,5441138,5445063,105,162,learn_array_B,location-2,4
11,zxl,f,19,35,36,5449781,5451775,106,0,learn_array_A,location-1,-1
11,zxl,f,19,177,0,5456592,5459320,158,36,learn_array_A,location-2,-3
11,zxl,f,19,37,36,5463936,5465852,118,0,learn_array_A,location-1,1
11,zxl,f,19,177,0,5470492,5472264,42,36,learn_array_A,location-2,-3
11,zxl,f,19,11,18,5476917,5478764,71,162,learn_array_B,location-2,-7
11,zxl,f,19,21,18,5483380,5485592,10,162,learn_array_B,location-2,3
11,zxl,f,19,25,18,5490395,5492089,178,162,learn_array_B,location-2,7
11,zxl,f,19,176,0,5496908,5498746,9,36,learn_array_A,location-2,-4
11,zxl,f,19,31,36,5503374,5506327,117,0,learn_array_A,location-1,-5
11,zxl,f,19,35,36,5510995,5512991,135,0,learn_array_A,location-1,-1
11,zxl,f,19,2,0,5517689,5521087,54,36,learn_array_A,location-2,2
11,zxl,f,19,159,162,5525782,5528293,43,18,learn_array_B,location-1,-3
11,zxl,f,19,176,0,5532908,5535053,138,36,learn_array_A,location-2,-4
11,zxl,f,19,26,18,5539810,5541659,67,162,learn_array_B,location-2,8
11,zxl,f,19,157,162,5546379,5548813,26,18,learn_array_B,location-1,-5
11,zxl,f,19,156,162,5553414,5555478,102,18,learn_array_B,location-1,-6
11,zxl,f,19,38,36,5560104,5562242,5,0,learn_array_A,location-1,2
11,zxl,f,19,177,0,5567044,5570295,80,36,learn_array_A,location-2,-3
11,zxl,f,19,161,162,5575050,5577632,56,18,learn_array_B,location-1,-1
11,zxl,f,19,42,36,5582288,5583982,89,0,learn_array_A,location-1,6
11,zxl,f,19,159,162,5588811,5591019,33,18,learn_array_B,location-1,-3
11,zxl,f,19,14,18,5595739,5600596,167,162,learn_array_B,location-2,-4
11,zxl,f,19,37,36,5605248,5607679,49,0,learn_array_A,location-1,1
11,zxl,f,19,177,0,5612512,5615540,56,36,learn_array_A,location-2,-3
11,zxl,f,19,159,162,5620298,5623394,115,18,learn_array_B,location-1,-3
11,zxl,f,19,39,36,5627996,5629990,142,0,learn_array_A,location-1,3
11,zxl,f,19,11,18,5634739,5638580,61,162,learn_array_B,location-2,-7
11,zxl,f,19,162,162,5643312,5645974,79,18,learn_array_B,location-1,0
11,zxl,f,19,155,162,5650753,5653853,31,18,learn_array_B,location-1,-7
11,zxl,f,19,24,18,5658605,5661847,83,162,learn_array_B,location-2,6
block
