subj,name,gender,age,col_resp,target_angle,start_time,resp_time,start_angle,other_angle,learn_array,location,d_value
12,wxh,f,20,97,90,48380,55174,149,108,learn_array_B,location-2,7
12,wxh,f,20,89,90,59832,63649,104,108,learn_array_B,location-2,-1
12,wxh,f,20,77,90,68314,72609,15,108,learn_array_B,location-2,-13
12,wxh,f,20,33,72,77329,86088,86,36,learn_array_A,location-2,-39
12,wxh,f,20,89,108,90748,95060,1,90,learn_array_B,location-1,-19
12,wxh,f,20,135,108,99845,107924,128,90,learn_array_B,location-1,27
12,wxh,f,20,35,36,112571,117187,20,72,learn_array_A,location-1,-1
12,wxh,f,20,72,72,121954,126673,79,36,learn_array_A,location-2,0
12,wxh,f,20,77,72,131421,135243,9,36,learn_array_A,location-2,5
12,wxh,f,20,133,108,139914,145425,73,90,learn_array_B,location-1,25
12,wxh,f,20,35,36,150118,154374,111,72,learn_array_A,location-1,-1
12,wxh,f,20,89,90,159159,164271,167,108,learn_array_B,location-2,-1
12,wxh,f,20,35,36,168930,173045,116,72,learn_array_A,location-1,-1
12,wxh,f,20,74,72,177818,181409,49,36,learn_array_A,location-2,2
12,wxh,f,20,103,108,186098,190632,8,90,learn_array_B,location-1,-5
12,wxh,f,20,115,108,195231,200824,126,90,learn_array_B,location-1,7
12,wxh,f,20,114,108,205620,211971,165,90,learn_array_B,location-1,6
12,wxh,f,20,36,36,216697,218898,84,72,learn_array_A,location-1,0
12,wxh,f,20,75,72,223633,225899,64,36,learn_array_A,location-2,3
12,wxh,f,20,34,36,230545,234351,41,72,learn_array_A,location-1,-2
12,wxh,f,20,110,90,238983,242584,40,108,learn_array_B,location-2,20
12,wxh,f,20,131,108,247250,250905,86,90,learn_array_B,location-1,23
12,wxh,f,20,77,90,255603,259044,17,108,learn_array_B,location-2,-13
12,wxh,f,20,32,36,263834,266769,81,72,learn_array_A,location-1,-4
12,wxh,f,20,107,108,271380,273946,148,90,learn_array_B,location-1,-1
12,wxh,f,20,123,90,278658,282968,171,108,learn_array_B,location-2,33
12,wxh,f,20,76,72,287780,292758,176,36,learn_array_A,location-2,4
12,wxh,f,20,32,36,297488,300039,7,72,learn_array_A,location-1,-4
12,wxh,f,20,84,72,304807,308901,146,36,learn_array_A,location-2,12
12,wxh,f,20,77,72,313578,316876,71,36,learn_array_A,location-2,5
12,wxh,f,20,77,36,321554,324490,112,72,learn_array_A,location-1,41
12,wxh,f,20,72,90,329260,332122,96,108,learn_array_B,location-2,-18
block,,,,,,,,,,,,
12,wxh,f,20,32,36,371771,373319,127,72,learn_array_A,location-1,-4
12,wxh,f,20,42,36,377961,380900,110,72,learn_array_A,location-1,6
12,wxh,f,20,76,90,385704,387457,88,108,learn_array_B,location-2,-14
12,wxh,f,20,90,72,392249,395493,37,36,learn_array_A,location-2,18
12,wxh,f,20,79,72,400095,401633,84,36,learn_array_A,location-2,7
12,wxh,f,20,65,72,406458,409921,109,36,learn_array_A,location-2,-7
12,wxh,f,20,28,36,414711,422643,80,72,learn_array_A,location-1,-8
12,wxh,f,20,89,72,427426,430500,105,36,learn_array_A,location-2,17
12,wxh,f,20,81,90,435310,438102,28,108,learn_array_B,location-2,-9
12,wxh,f,20,111,108,442752,447510,54,90,learn_array_B,location-1,3
12,wxh,f,20,24,36,452270,456117,97,72,learn_array_A,location-1,-12
12,wxh,f,20,118,108,460858,463724,75,90,learn_array_B,location-1,10
12,wxh,f,20,93,72,468502,472291,146,36,learn_array_A,location-2,21
12,wxh,f,20,117,108,477113,481231,14,90,learn_array_B,location-1,9
12,wxh,f,20,78,90,486024,489566,71,108,learn_array_B,location-2,-12
12,wxh,f,20,30,36,494273,498965,120,72,learn_array_A,location-1,-6
12,wxh,f,20,77,72,503582,506432,156,36,learn_array_A,location-2,5
12,wxh,f,20,107,108,511140,514218,19,90,learn_array_B,location-1,-1
12,wxh,f,20,107,108,519001,523229,157,90,learn_array_B,location-1,-1
12,wxh,f,20,79,90,527962,533842,11,108,learn_array_B,location-2,-11
12,wxh,f,20,76,72,538473,542876,153,36,learn_array_A,location-2,4
12,wxh,f,20,35,36,547646,552179,141,72,learn_array_A,location-1,-1
12,wxh,f,20,29,72,557008,559937,128,36,learn_array_A,location-2,-43
12,wxh,f,20,111,108,564722,568759,124,90,learn_array_B,location-1,3
12,wxh,f,20,102,108,573384,578157,108,90,learn_array_B,location-1,-6
12,wxh,f,20,88,90,582965,587070,4,108,learn_array_B,location-2,-2
12,wxh,f,20,84,90,591679,596194,92,108,learn_array_B,location-2,-6
12,wxh,f,20,33,36,600895,606249,118,72,learn_array_A,location-1,-3
12,wxh,f,20,72,90,611087,614170,32,108,learn_array_B,location-2,-18
12,wxh,f,20,105,108,618832,623824,107,90,learn_array_B,location-1,-3
12,wxh,f,20,36,36,628515,633238,99,72,learn_array_A,location-1,0
12,wxh,f,20,76,90,638029,641250,149,108,learn_array_B,location-2,-14
block,,,,,,,,,,,,
12,wxh,f,20,74,90,662299,666874,30,108,learn_array_B,location-2,-16
12,wxh,f,20,71,90,671520,674791,51,108,learn_array_B,location-2,-19
12,wxh,f,20,119,108,679625,684696,8,90,learn_array_B,location-1,11
12,wxh,f,20,70,90,689510,693754,76,108,learn_array_B,location-2,-20
12,wxh,f,20,30,36,698373,704010,158,72,learn_array_A,location-1,-6
12,wxh,f,20,26,108,708730,711074,145,90,learn_array_B,location-1,-82
12,wxh,f,20,111,108,715886,719263,139,90,learn_array_B,location-1,3
12,wxh,f,20,69,90,723996,729301,69,108,learn_array_B,location-2,-21
12,wxh,f,20,28,36,734022,737814,110,72,learn_array_A,location-1,-8
12,wxh,f,20,29,36,742574,747430,74,72,learn_array_A,location-1,-7
12,wxh,f,20,76,72,752037,754594,173,36,learn_array_A,location-2,4
12,wxh,f,20,74,90,759227,765290,125,108,learn_array_B,location-2,-16
12,wxh,f,20,33,36,770000,776736,0,72,learn_array_A,location-1,-3
12,wxh,f,20,71,72,781448,785847,99,36,learn_array_A,location-2,-1
12,wxh,f,20,70,72,790516,794272,8,36,learn_array_A,location-2,-2
12,wxh,f,20,72,72,798867,802976,113,36,learn_array_A,location-2,0
12,wxh,f,20,72,72,807624,811897,83,36,learn_array_A,location-2,0
12,wxh,f,20,71,108,816723,819876,17,90,learn_array_B,location-1,-37
12,wxh,f,20,74,36,824693,826986,94,72,learn_array_A,location-1,38
12,wxh,f,20,76,90,831661,834956,121,108,learn_array_B,location-2,-14
12,wxh,f,20,112,108,839589,844356,41,90,learn_array_B,location-1,4
12,wxh,f,20,108,108,849085,853498,15,90,learn_array_B,location-1,0
12,wxh,f,20,79,72,858324,862348,119,36,learn_array_A,location-2,7
12,wxh,f,20,77,72,867121,871080,103,36,learn_array_A,location-2,5
12,wxh,f,20,34,36,875686,886330,16,72,learn_array_A,location-1,-2
12,wxh,f,20,69,72,891036,894794,100,36,learn_array_A,location-2,-3
12,wxh,f,20,115,108,899560,904689,150,90,learn_array_B,location-1,7
12,wxh,f,20,28,36,909286,913540,173,72,learn_array_A,location-1,-8
12,wxh,f,20,26,36,918379,921683,166,72,learn_array_A,location-1,-10
12,wxh,f,20,68,90,926291,928782,100,108,learn_array_B,location-2,-22
12,wxh,f,20,107,108,933450,938524,59,90,learn_array_B,location-1,-1
12,wxh,f,20,79,90,943242,945808,6,108,learn_array_B,location-2,-11
block,,,,,,,,,,,,
12,wxh,f,20,113,108,963275,966588,58,90,learn_array_B,location-1,5
12,wxh,f,20,80,72,971326,974619,123,36,learn_array_A,location-2,8
12,wxh,f,20,78,72,979218,982157,178,36,learn_array_A,location-2,6
12,wxh,f,20,30,36,986815,989887,35,72,learn_array_A,location-1,-6
12,wxh,f,20,34,72,994532,997322,176,36,learn_array_A,location-2,-38
12,wxh,f,20,33,36,1002048,1005124,18,72,learn_array_A,location-1,-3
12,wxh,f,20,77,72,1009892,1013111,9,36,learn_array_A,location-2,5
12,wxh,f,20,82,72,1017924,1019835,172,36,learn_array_A,location-2,10
12,wxh,f,20,67,72,1024564,1027622,10,36,learn_array_A,location-2,-5
12,wxh,f,20,119,108,1032272,1037602,22,90,learn_array_B,location-1,11
12,wxh,f,20,31,36,1042400,1044678,6,72,learn_array_A,location-1,-5
12,wxh,f,20,81,90,1049485,1052917,91,108,learn_array_B,location-2,-9
12,wxh,f,20,74,90,1057585,1060536,145,108,learn_array_B,location-2,-16
12,wxh,f,20,112,108,1065242,1067289,108,90,learn_array_B,location-1,4
12,wxh,f,20,84,90,1071936,1076476,136,108,learn_array_B,location-2,-6
12,wxh,f,20,33,36,1081286,1084964,143,72,learn_array_A,location-1,-3
12,wxh,f,20,74,90,1089791,1092279,10,108,learn_array_B,location-2,-16
12,wxh,f,20,76,90,1097090,1101286,82,108,learn_array_B,location-2,-14
12,wxh,f,20,113,108,1105887,1109121,151,90,learn_array_B,location-1,5
12,wxh,f,20,112,108,1113848,1116263,136,90,learn_array_B,location-1,4
12,wxh,f,20,27,36,1121031,1124843,83,72,learn_array_A,location-1,-9
12,wxh,f,20,30,36,1129556,1132942,23,72,learn_array_A,location-1,-6
12,wxh,f,20,78,90,1137735,1141036,106,108,learn_array_B,location-2,-12
12,wxh,f,20,72,90,1145780,1148501,124,108,learn_array_B,location-2,-18
12,wxh,f,20,112,108,1153248,1156978,98,90,learn_array_B,location-1,4
12,wxh,f,20,30,36,1161758,1165699,163,72,learn_array_A,location-1,-6
12,wxh,f,20,78,72,1170407,1173425,94,36,learn_array_A,location-2,6
12,wxh,f,20,71,72,1178191,1180461,129,36,learn_array_A,location-2,-1
12,wxh,f,20,83,108,1185125,1187757,68,90,learn_array_B,location-1,-25
12,wxh,f,20,31,36,1192349,1196894,155,72,learn_array_A,location-1,-5
12,wxh,f,20,74,90,1201539,1206366,161,108,learn_array_B,location-2,-16
12,wxh,f,20,107,108,1211155,1215922,119,90,learn_array_B,location-1,-1
block,,,,,,,,,,,,
12,wxh,f,20,33,72,1246987,1249420,135,36,learn_array_A,location-2,-39
12,wxh,f,20,74,72,1254079,1258032,172,36,learn_array_A,location-2,2
12,wxh,f,20,81,108,1262800,1265213,70,90,learn_array_B,location-1,-27
12,wxh,f,20,86,90,1270045,1272328,158,108,learn_array_B,location-2,-4
12,wxh,f,20,71,90,1277149,1279411,17,108,learn_array_B,location-2,-19
12,wxh,f,20,113,108,1284049,1287280,24,90,learn_array_B,location-1,5
12,wxh,f,20,113,108,1292099,1296272,52,90,learn_array_B,location-1,5
12,wxh,f,20,29,36,1301034,1303830,106,72,learn_array_A,location-1,-7
12,wxh,f,20,74,72,1308649,1313209,25,36,learn_array_A,location-2,2
12,wxh,f,20,109,108,1317960,1324634,161,90,learn_array_B,location-1,1
12,wxh,f,20,35,36,1329337,1332340,138,72,learn_array_A,location-1,-1
12,wxh,f,20,70,72,1337090,1339673,141,36,learn_array_A,location-2,-2
12,wxh,f,20,79,72,1344373,1346691,135,36,learn_array_A,location-2,7
12,wxh,f,20,32,36,1351516,1353937,129,72,learn_array_A,location-1,-4
12,wxh,f,20,112,108,1358618,1361995,58,90,learn_array_B,location-1,4
12,wxh,f,20,115,108,1366820,1370804,79,90,learn_array_B,location-1,7
12,wxh,f,20,35,36,1375448,1378475,113,72,learn_array_A,location-1,-1
12,wxh,f,20,79,90,1383066,1390391,84,108,learn_array_B,location-2,-11
12,wxh,f,20,77,72,1395205,1398073,151,36,learn_array_A,location-2,5
12,wxh,f,20,72,90,1402880,1407400,118,108,learn_array_B,location-2,-18
12,wxh,f,20,84,90,1412096,1414295,100,108,learn_array_B,location-2,-6
12,wxh,f,20,77,90,1419097,1422615,106,108,learn_array_B,location-2,-13
12,wxh,f,20,32,36,1427446,1430749,92,72,learn_array_A,location-1,-4
12,wxh,f,20,33,36,1435441,1440714,130,72,learn_array_A,location-1,-3
12,wxh,f,20,31,36,1445339,1448351,135,72,learn_array_A,location-1,-5
12,wxh,f,20,79,72,1453054,1455905,53,36,learn_array_A,location-2,7
12,wxh,f,20,81,72,1460732,1463450,9,36,learn_array_A,location-2,9
12,wxh,f,20,32,36,1468099,1471175,163,72,learn_array_A,location-1,-4
12,wxh,f,20,72,90,1475783,1479782,21,108,learn_array_B,location-2,-18
12,wxh,f,20,109,108,1484473,1487850,130,90,learn_array_B,location-1,1
12,wxh,f,20,82,90,1492505,1495239,66,108,learn_array_B,location-2,-8
12,wxh,f,20,84,108,1499853,1501458,59,90,learn_array_B,location-1,-24
block,,,,,,,,,,,,
12,wxh,f,20,85,90,1527178,1529542,39,108,learn_array_B,location-2,-5
12,wxh,f,20,32,36,1534167,1537097,133,72,learn_array_A,location-1,-4
12,wxh,f,20,107,108,1541734,1545708,163,90,learn_array_B,location-1,-1
12,wxh,f,20,41,36,1550357,1555040,82,72,learn_array_A,location-1,5
12,wxh,f,20,77,90,1559816,1564281,101,108,learn_array_B,location-2,-13
12,wxh,f,20,85,90,1569002,1571795,75,108,learn_array_B,location-2,-5
12,wxh,f,20,33,72,1576556,1578610,57,36,learn_array_A,location-2,-39
12,wxh,f,20,74,72,1583283,1586000,11,36,learn_array_A,location-2,2
12,wxh,f,20,112,108,1590763,1594344,158,90,learn_array_B,location-1,4
12,wxh,f,20,87,90,1599170,1601666,178,108,learn_array_B,location-2,-3
12,wxh,f,20,82,72,1606309,1609594,114,36,learn_array_A,location-2,10
12,wxh,f,20,38,36,1614375,1617426,36,72,learn_array_A,location-1,2
12,wxh,f,20,72,72,1622086,1626115,65,36,learn_array_A,location-2,0
12,wxh,f,20,111,108,1630940,1634403,64,90,learn_array_B,location-1,3
12,wxh,f,20,110,108,1639008,1645238,22,90,learn_array_B,location-1,2
12,wxh,f,20,105,108,1649955,1652086,165,90,learn_array_B,location-1,-3
12,wxh,f,20,92,90,1656717,1659712,153,108,learn_array_B,location-2,2
12,wxh,f,20,107,108,1664362,1667957,36,90,learn_array_B,location-1,-1
12,wxh,f,20,37,36,1672775,1675133,62,72,learn_array_A,location-1,1
12,wxh,f,20,35,36,1679801,1682502,84,72,learn_array_A,location-1,-1
12,wxh,f,20,107,108,1687321,1691062,73,90,learn_array_B,location-1,-1
12,wxh,f,20,107,108,1695688,1697654,87,90,learn_array_B,location-1,-1
12,wxh,f,20,72,72,1702441,1707196,29,36,learn_array_A,location-2,0
12,wxh,f,20,68,72,1711839,1714983,167,36,learn_array_A,location-2,-4
12,wxh,f,20,76,72,1719760,1723645,63,36,learn_array_A,location-2,4
12,wxh,f,20,79,36,1728423,1732175,14,72,learn_array_A,location-1,43
12,wxh,f,20,102,90,1736869,1740243,80,108,learn_array_B,location-2,12
12,wxh,f,20,73,72,1744941,1749426,74,36,learn_array_A,location-2,1
12,wxh,f,20,34,36,1754241,1757023,60,72,learn_array_A,location-1,-2
12,wxh,f,20,74,90,1761752,1766625,131,108,learn_array_B,location-2,-16
12,wxh,f,20,80,90,1771242,1777016,68,108,learn_array_B,location-2,-10
12,wxh,f,20,34,36,1781832,1784907,92,72,learn_array_A,location-1,-2
block,,,,,,,,,,,,
12,wxh,f,20,66,90,1833770,1836906,144,108,learn_array_B,location-2,-24
12,wxh,f,20,83,90,1841599,1844015,78,108,learn_array_B,location-2,-7
12,wxh,f,20,73,36,1848662,1853305,62,72,learn_array_A,location-1,37
12,wxh,f,20,115,108,1858125,1860970,34,90,learn_array_B,location-1,7
12,wxh,f,20,33,36,1865715,1868661,130,72,learn_array_A,location-1,-3
12,wxh,f,20,82,90,1873497,1877081,116,108,learn_array_B,location-2,-8
12,wxh,f,20,36,36,1881820,1885432,174,72,learn_array_A,location-1,0
12,wxh,f,20,109,108,1890267,1892460,37,90,learn_array_B,location-1,1
12,wxh,f,20,79,72,1897121,1899825,110,36,learn_array_A,location-2,7
12,wxh,f,20,35,36,1904616,1907614,20,72,learn_array_A,location-1,-1
12,wxh,f,20,76,90,1912419,1918009,70,108,learn_array_B,location-2,-14
12,wxh,f,20,72,90,1922753,1926787,100,108,learn_array_B,location-2,-18
12,wxh,f,20,77,90,1931515,1934606,72,108,learn_array_B,location-2,-13
12,wxh,f,20,35,36,1939352,1944985,24,72,learn_array_A,location-1,-1
12,wxh,f,20,70,72,1949778,1952573,179,36,learn_array_A,location-2,-2
12,wxh,f,20,36,36,1957317,1961121,24,72,learn_array_A,location-1,0
12,wxh,f,20,62,72,1965928,1969751,43,36,learn_array_A,location-2,-10
12,wxh,f,20,108,108,1974525,1978687,42,90,learn_array_B,location-1,0
12,wxh,f,20,104,108,1983449,1989107,121,90,learn_array_B,location-1,-4
12,wxh,f,20,72,72,1993912,1998015,3,36,learn_array_A,location-2,0
12,wxh,f,20,37,36,2002761,2005335,60,72,learn_array_A,location-1,1
12,wxh,f,20,111,108,2010141,2012548,170,90,learn_array_B,location-1,3
12,wxh,f,20,62,72,2017385,2021375,139,36,learn_array_A,location-2,-10
12,wxh,f,20,78,90,2025997,2032650,47,108,learn_array_B,location-2,-12
12,wxh,f,20,68,72,2037342,2042275,12,36,learn_array_A,location-2,-4
12,wxh,f,20,63,72,2046901,2051206,112,36,learn_array_A,location-2,-9
12,wxh,f,20,77,90,2055815,2058840,28,108,learn_array_B,location-2,-13
12,wxh,f,20,111,108,2063504,2067094,174,90,learn_array_B,location-1,3
12,wxh,f,20,110,108,2071883,2074712,170,90,learn_array_B,location-1,2
12,wxh,f,20,43,36,2079396,2082471,22,72,learn_array_A,location-1,7
12,wxh,f,20,106,108,2087157,2091694,61,90,learn_array_B,location-1,-2
12,wxh,f,20,62,72,2096515,2103242,175,36,learn_array_A,location-2,-10
block,,,,,,,,,,,,
12,wxh,f,20,61,72,2156027,2162082,69,36,learn_array_A,location-2,-11
12,wxh,f,20,105,108,2166917,2170080,145,90,learn_array_B,location-1,-3
12,wxh,f,20,39,36,2174672,2177471,80,72,learn_array_A,location-1,3
12,wxh,f,20,62,72,2182239,2185458,23,36,learn_array_A,location-2,-10
12,wxh,f,20,109,108,2190114,2193711,71,90,learn_array_B,location-1,1
12,wxh,f,20,68,90,2198388,2206703,5,108,learn_array_B,location-2,-22
12,wxh,f,20,38,108,2211321,2213738,50,90,learn_array_B,location-1,-70
12,wxh,f,20,69,72,2218459,2222368,89,36,learn_array_A,location-2,-3
12,wxh,f,20,81,90,2227205,2233783,121,108,learn_array_B,location-2,-9
12,wxh,f,20,82,90,2238509,2241456,51,108,learn_array_B,location-2,-8
12,wxh,f,20,71,72,2246208,2249207,157,36,learn_array_A,location-2,-1
12,wxh,f,20,35,36,2253872,2258002,149,72,learn_array_A,location-1,-1
12,wxh,f,20,86,90,2262631,2266292,35,108,learn_array_B,location-2,-4
12,wxh,f,20,33,36,2271107,2272649,83,72,learn_array_A,location-1,-3
12,wxh,f,20,107,108,2277262,2282023,95,90,learn_array_B,location-1,-1
12,wxh,f,20,89,90,2286747,2293656,117,108,learn_array_B,location-2,-1
12,wxh,f,20,34,36,2298393,2302704,13,72,learn_array_A,location-1,-2
12,wxh,f,20,38,90,2307349,2309114,9,108,learn_array_B,location-2,-52
12,wxh,f,20,111,108,2313732,2322596,127,90,learn_array_B,location-1,3
12,wxh,f,20,65,72,2327203,2334161,17,36,learn_array_A,location-2,-7
12,wxh,f,20,64,72,2338866,2342214,18,36,learn_array_A,location-2,-8
12,wxh,f,20,111,108,2346960,2351128,159,90,learn_array_B,location-1,3
12,wxh,f,20,37,36,2355751,2358966,75,72,learn_array_A,location-1,1
12,wxh,f,20,36,36,2363793,2367635,179,72,learn_array_A,location-1,0
12,wxh,f,20,36,36,2372470,2377993,75,72,learn_array_A,location-1,0
12,wxh,f,20,85,90,2382821,2388467,125,108,learn_array_B,location-2,-5
12,wxh,f,20,44,36,2393185,2396574,119,72,learn_array_A,location-1,8
12,wxh,f,20,80,90,2401312,2406373,95,108,learn_array_B,location-2,-10
12,wxh,f,20,110,108,2411050,2413985,164,90,learn_array_B,location-1,2
12,wxh,f,20,66,72,2418656,2424892,28,36,learn_array_A,location-2,-6
12,wxh,f,20,106,108,2429699,2432986,40,90,learn_array_B,location-1,-2
12,wxh,f,20,71,72,2437640,2441172,10,36,learn_array_A,location-2,-1
block,,,,,,,,,,,,
12,wxh,f,20,86,90,2549963,2554755,176,108,learn_array_B,location-2,-4
12,wxh,f,20,80,90,2559449,2564724,14,108,learn_array_B,location-2,-10
12,wxh,f,20,69,72,2569454,2572101,24,36,learn_array_A,location-2,-3
12,wxh,f,20,81,90,2576918,2581387,33,108,learn_array_B,location-2,-9
12,wxh,f,20,110,108,2586009,2588517,30,90,learn_array_B,location-1,2
12,wxh,f,20,63,72,2593149,2597167,68,36,learn_array_A,location-2,-9
12,wxh,f,20,33,108,2601790,2606326,121,90,learn_array_B,location-1,-75
12,wxh,f,20,35,36,2611073,2614370,40,72,learn_array_A,location-1,-1
12,wxh,f,20,34,36,2619081,2622681,86,72,learn_array_A,location-1,-2
12,wxh,f,20,35,72,2627282,2632686,104,36,learn_array_A,location-2,-37
12,wxh,f,20,29,36,2637334,2640046,153,72,learn_array_A,location-1,-7
12,wxh,f,20,72,90,2644735,2650218,53,108,learn_array_B,location-2,-18
12,wxh,f,20,62,72,2654888,2658114,154,36,learn_array_A,location-2,-10
12,wxh,f,20,106,108,2662794,2665800,142,90,learn_array_B,location-1,-2
12,wxh,f,20,77,90,2670630,2675339,58,108,learn_array_B,location-2,-13
12,wxh,f,20,75,72,2679942,2684397,22,36,learn_array_A,location-2,3
12,wxh,f,20,32,36,2689004,2694161,143,72,learn_array_A,location-1,-4
12,wxh,f,20,77,72,2698895,2703659,155,36,learn_array_A,location-2,5
12,wxh,f,20,32,36,2708295,2710567,162,72,learn_array_A,location-1,-4
12,wxh,f,20,72,72,2715376,2722195,95,36,learn_array_A,location-2,0
12,wxh,f,20,77,90,2726882,2730758,134,108,learn_array_B,location-2,-13
12,wxh,f,20,108,108,2735379,2740240,21,90,learn_array_B,location-1,0
12,wxh,f,20,32,36,2744854,2748289,80,72,learn_array_A,location-1,-4
12,wxh,f,20,76,90,2753123,2756219,97,108,learn_array_B,location-2,-14
12,wxh,f,20,102,108,2760984,2763698,155,90,learn_array_B,location-1,-6
12,wxh,f,20,36,36,2768488,2771585,102,72,learn_array_A,location-1,0
12,wxh,f,20,110,108,2776336,2779183,11,90,learn_array_B,location-1,2
12,wxh,f,20,88,90,2783896,2787415,159,108,learn_array_B,location-2,-2
12,wxh,f,20,76,72,2792204,2796040,73,36,learn_array_A,location-2,4
12,wxh,f,20,108,108,2800656,2803442,178,90,learn_array_B,location-1,0
12,wxh,f,20,107,108,2808171,2812412,90,90,learn_array_B,location-1,-1
12,wxh,f,20,37,36,2817241,2819149,61,72,learn_array_A,location-1,1
block,,,,,,,,,,,,
12,wxh,f,20,103,108,2830634,2833441,75,90,learn_array_B,location-1,-5
12,wxh,f,20,85,90,2838249,2840957,117,108,learn_array_B,location-2,-5
12,wxh,f,20,88,90,2845723,2848450,40,108,learn_array_B,location-2,-2
12,wxh,f,20,84,90,2853178,2856710,48,108,learn_array_B,location-2,-6
12,wxh,f,20,73,72,2861438,2865189,78,36,learn_array_A,location-2,1
12,wxh,f,20,109,108,2869830,2871804,15,90,learn_array_B,location-1,1
12,wxh,f,20,32,36,2876484,2879204,112,72,learn_array_A,location-1,-4
12,wxh,f,20,28,72,2884021,2886152,126,36,learn_array_A,location-2,-44
12,wxh,f,20,32,36,2890929,2893800,177,72,learn_array_A,location-1,-4
12,wxh,f,20,34,36,2898450,2900580,128,72,learn_array_A,location-1,-2
12,wxh,f,20,111,108,2905330,2908624,175,90,learn_array_B,location-1,3
12,wxh,f,20,106,90,2913282,2916431,117,108,learn_array_B,location-2,16
12,wxh,f,20,90,90,2921214,2924489,86,108,learn_array_B,location-2,0
12,wxh,f,20,33,36,2929323,2930789,130,72,learn_array_A,location-1,-3
12,wxh,f,20,109,108,2935393,2939299,146,90,learn_array_B,location-1,1
12,wxh,f,20,40,36,2944038,2946751,126,72,learn_array_A,location-1,4
12,wxh,f,20,104,90,2951533,2955891,166,108,learn_array_B,location-2,14
12,wxh,f,20,75,72,2960728,2965333,119,36,learn_array_A,location-2,3
12,wxh,f,20,102,108,2970161,2973036,16,90,learn_array_B,location-1,-6
12,wxh,f,20,120,108,2977751,2979221,3,90,learn_array_B,location-1,12
12,wxh,f,20,36,36,2983880,2985856,13,72,learn_array_A,location-1,0
12,wxh,f,20,86,90,2990594,2995102,62,108,learn_array_B,location-2,-4
12,wxh,f,20,71,72,2999763,3002907,64,36,learn_array_A,location-2,-1
12,wxh,f,20,66,72,3007677,3014016,142,36,learn_array_A,location-2,-6
12,wxh,f,20,88,90,3018694,3024466,31,108,learn_array_B,location-2,-2
12,wxh,f,20,72,72,3029069,3033549,43,36,learn_array_A,location-2,0
12,wxh,f,20,37,36,3038357,3042601,55,72,learn_array_A,location-1,1
12,wxh,f,20,108,108,3047340,3049630,55,90,learn_array_B,location-1,0
12,wxh,f,20,73,72,3054271,3059711,167,36,learn_array_A,location-2,1
12,wxh,f,20,32,36,3064482,3066452,26,72,learn_array_A,location-1,-4
12,wxh,f,20,106,108,3071215,3074296,37,90,learn_array_B,location-1,-2
12,wxh,f,20,33,72,3079065,3080457,110,36,learn_array_A,location-2,-39
block,,,,,,,,,,,,
12,wxh,f,20,113,108,3089066,3091643,170,90,learn_array_B,location-1,5
12,wxh,f,20,35,36,3096257,3099471,124,72,learn_array_A,location-1,-1
12,wxh,f,20,78,90,3104216,3108457,60,108,learn_array_B,location-2,-12
12,wxh,f,20,91,90,3113243,3117947,159,108,learn_array_B,location-2,1
12,wxh,f,20,107,108,3122617,3126521,96,90,learn_array_B,location-1,-1
12,wxh,f,20,75,72,3131275,3135581,101,36,learn_array_A,location-2,3
12,wxh,f,20,94,90,3140292,3143588,69,108,learn_array_B,location-2,4
12,wxh,f,20,29,36,3148241,3150730,94,72,learn_array_A,location-1,-7
12,wxh,f,20,77,72,3155500,3159556,93,36,learn_array_A,location-2,5
12,wxh,f,20,89,90,3164313,3169098,160,108,learn_array_B,location-2,-1
12,wxh,f,20,35,36,3173732,3176146,128,72,learn_array_A,location-1,-1
12,wxh,f,20,34,36,3180881,3183957,31,72,learn_array_A,location-1,-2
12,wxh,f,20,77,72,3188759,3196483,9,36,learn_array_A,location-2,5
12,wxh,f,20,108,108,3201201,3204294,15,90,learn_array_B,location-1,0
12,wxh,f,20,91,90,3209021,3211750,102,108,learn_array_B,location-2,1
12,wxh,f,20,76,72,3216562,3219485,139,36,learn_array_A,location-2,4
12,wxh,f,20,38,36,3224275,3226481,92,72,learn_array_A,location-1,2
12,wxh,f,20,76,72,3231256,3235059,164,36,learn_array_A,location-2,4
12,wxh,f,20,46,36,3239689,3241156,44,72,learn_array_A,location-1,10
12,wxh,f,20,36,36,3245841,3248699,20,72,learn_array_A,location-1,0
12,wxh,f,20,102,108,3253340,3255623,79,90,learn_array_B,location-1,-6
12,wxh,f,20,93,90,3260229,3264484,153,108,learn_array_B,location-2,3
12,wxh,f,20,35,36,3269192,3271691,17,72,learn_array_A,location-1,-1
12,wxh,f,20,105,108,3276467,3280472,121,90,learn_array_B,location-1,-3
12,wxh,f,20,76,72,3285083,3289360,142,36,learn_array_A,location-2,4
12,wxh,f,20,77,72,3294058,3297511,174,36,learn_array_A,location-2,5
12,wxh,f,20,111,108,3302289,3306548,11,90,learn_array_B,location-1,3
12,wxh,f,20,110,90,3311152,3314215,18,108,learn_array_B,location-2,20
12,wxh,f,20,115,108,3318812,3320871,45,90,learn_array_B,location-1,7
12,wxh,f,20,91,90,3325664,3328229,159,108,learn_array_B,location-2,1
12,wxh,f,20,117,108,3332925,3334689,158,90,learn_array_B,location-1,9
12,wxh,f,20,77,72,3339425,3344395,51,36,learn_array_A,location-2,5
block,,,,,,,,,,,,
12,wxh,f,20,33,36,3355930,3359096,19,72,learn_array_A,location-1,-3
12,wxh,f,20,98,108,3363784,3367753,37,90,learn_array_B,location-1,-10
12,wxh,f,20,109,108,3372531,3374296,5,90,learn_array_B,location-1,1
12,wxh,f,20,38,36,3379036,3382039,174,72,learn_array_A,location-1,2
12,wxh,f,20,103,90,3386719,3389300,67,108,learn_array_B,location-2,13
12,wxh,f,20,35,36,3394042,3396384,52,72,learn_array_A,location-1,-1
12,wxh,f,20,34,36,3401180,3404276,161,72,learn_array_A,location-1,-2
12,wxh,f,20,33,36,3409112,3411570,65,72,learn_array_A,location-1,-3
12,wxh,f,20,71,72,3416273,3419503,23,36,learn_array_A,location-2,-1
12,wxh,f,20,82,90,3424130,3429245,109,108,learn_array_B,location-2,-8
12,wxh,f,20,104,108,3433836,3436037,111,90,learn_array_B,location-1,-4
12,wxh,f,20,73,72,3440757,3445284,110,36,learn_array_A,location-2,1
12,wxh,f,20,91,90,3449920,3455960,176,108,learn_array_B,location-2,1
12,wxh,f,20,119,108,3460569,3462468,176,90,learn_array_B,location-1,11
12,wxh,f,20,112,108,3467140,3469131,167,90,learn_array_B,location-1,4
12,wxh,f,20,108,90,3473781,3476708,75,108,learn_array_B,location-2,18
12,wxh,f,20,76,72,3481386,3486101,141,36,learn_array_A,location-2,4
12,wxh,f,20,113,108,3490789,3493347,53,90,learn_array_B,location-1,5
12,wxh,f,20,70,72,3498139,3502414,14,36,learn_array_A,location-2,-2
12,wxh,f,20,34,72,3507182,3509087,15,36,learn_array_A,location-2,-38
12,wxh,f,20,107,108,3513925,3517311,120,90,learn_array_B,location-1,-1
12,wxh,f,20,83,72,3522106,3523872,157,36,learn_array_A,location-2,11
12,wxh,f,20,94,90,3528531,3531970,176,108,learn_array_B,location-2,4
12,wxh,f,20,74,72,3536567,3540157,32,36,learn_array_A,location-2,2
12,wxh,f,20,95,90,3544989,3548647,170,108,learn_array_B,location-2,5
12,wxh,f,20,106,108,3553391,3556990,66,90,learn_array_B,location-1,-2
12,wxh,f,20,94,90,3561736,3564527,61,108,learn_array_B,location-2,4
12,wxh,f,20,90,90,3569289,3575937,128,108,learn_array_B,location-2,0
12,wxh,f,20,35,36,3580602,3582365,55,72,learn_array_A,location-1,-1
12,wxh,f,20,37,36,3586983,3588815,86,72,learn_array_A,location-1,1
12,wxh,f,20,75,72,3593498,3597251,10,36,learn_array_A,location-2,3
12,wxh,f,20,41,36,3601848,3603603,11,72,learn_array_A,location-1,5
block,,,,,,,,,,,,
12,wxh,f,20,33,72,3708315,3709349,67,36,learn_array_A,location-2,-39
12,wxh,f,20,95,90,3714048,3716550,139,108,learn_array_B,location-2,5
12,wxh,f,20,78,72,3721380,3723647,144,36,learn_array_A,location-2,6
12,wxh,f,20,112,108,3728266,3732169,171,90,learn_array_B,location-1,4
12,wxh,f,20,115,108,3736993,3738678,152,90,learn_array_B,location-1,7
12,wxh,f,20,35,36,3743477,3746856,176,72,learn_array_A,location-1,-1
12,wxh,f,20,92,90,3751488,3755023,110,108,learn_array_B,location-2,2
12,wxh,f,20,35,36,3759614,3761224,15,72,learn_array_A,location-1,-1
12,wxh,f,20,74,72,3766034,3773835,53,36,learn_array_A,location-2,2
12,wxh,f,20,34,36,3778500,3780050,40,72,learn_array_A,location-1,-2
12,wxh,f,20,70,72,3784714,3787052,45,36,learn_array_A,location-2,-2
12,wxh,f,20,71,72,3791710,3792885,44,36,learn_array_A,location-2,-1
12,wxh,f,20,90,90,3797622,3800112,153,108,learn_array_B,location-2,0
12,wxh,f,20,105,108,3804763,3807638,48,90,learn_array_B,location-1,-3
12,wxh,f,20,108,108,3812428,3817793,55,90,learn_array_B,location-1,0
12,wxh,f,20,104,108,3822552,3825413,0,90,learn_array_B,location-1,-4
12,wxh,f,20,35,36,3830038,3833250,11,72,learn_array_A,location-1,-1
12,wxh,f,20,92,90,3837967,3841945,88,108,learn_array_B,location-2,2
12,wxh,f,20,74,72,3846659,3849967,1,36,learn_array_A,location-2,2
12,wxh,f,20,110,108,3854715,3858907,163,90,learn_array_B,location-1,2
12,wxh,f,20,103,108,3863553,3867013,176,90,learn_array_B,location-1,-5
12,wxh,f,20,73,72,3871693,3874840,145,36,learn_array_A,location-2,1
12,wxh,f,20,27,36,3879622,3883380,166,72,learn_array_A,location-1,-9
12,wxh,f,20,88,90,3887988,3894967,50,108,learn_array_B,location-2,-2
12,wxh,f,20,30,36,3899701,3901913,171,72,learn_array_A,location-1,-6
12,wxh,f,20,34,36,3906580,3907903,167,72,learn_array_A,location-1,-2
12,wxh,f,20,40,36,3912713,3914487,81,72,learn_array_A,location-1,4
12,wxh,f,20,98,108,3919269,3921982,75,90,learn_array_B,location-1,-10
12,wxh,f,20,108,90,3926713,3928767,39,108,learn_array_B,location-2,18
12,wxh,f,20,93,90,3933458,3935741,71,108,learn_array_B,location-2,3
12,wxh,f,20,92,90,3940376,3941694,72,108,learn_array_B,location-2,2
12,wxh,f,20,82,72,3946340,3950324,162,36,learn_array_A,location-2,10
block,,,,,,,,,,,,
12,wxh,f,20,40,36,3957867,3960593,39,72,learn_array_A,location-1,4
12,wxh,f,20,93,90,3965409,3971958,98,108,learn_array_B,location-2,3
12,wxh,f,20,73,72,3976650,3981468,13,36,learn_array_A,location-2,1
12,wxh,f,20,108,108,3986108,3989161,15,90,learn_array_B,location-1,0
12,wxh,f,20,84,72,3993933,3998194,39,36,learn_array_A,location-2,12
12,wxh,f,20,109,108,4003027,4005241,171,90,learn_array_B,location-1,1
12,wxh,f,20,105,90,4009986,4011964,175,108,learn_array_B,location-2,15
12,wxh,f,20,91,90,4016689,4018234,179,108,learn_array_B,location-2,1
12,wxh,f,20,31,36,4022848,4025999,105,72,learn_array_A,location-1,-5
12,wxh,f,20,93,90,4030743,4037527,54,108,learn_array_B,location-2,3
12,wxh,f,20,38,36,4042164,4044521,45,72,learn_array_A,location-1,2
12,wxh,f,20,104,108,4049226,4051946,39,90,learn_array_B,location-1,-4
12,wxh,f,20,32,36,4056591,4058935,122,72,learn_array_A,location-1,-4
12,wxh,f,20,32,36,4063648,4066306,29,72,learn_array_A,location-1,-4
12,wxh,f,20,80,72,4071137,4072815,157,36,learn_array_A,location-2,8
12,wxh,f,20,98,90,4077640,4080661,52,108,learn_array_B,location-2,8
12,wxh,f,20,91,90,4085395,4087965,175,108,learn_array_B,location-2,1
12,wxh,f,20,100,90,4092569,4094637,106,108,learn_array_B,location-2,10
12,wxh,f,20,111,108,4099289,4103076,145,90,learn_array_B,location-1,3
12,wxh,f,20,102,108,4107709,4111144,73,90,learn_array_B,location-1,-6
12,wxh,f,20,78,72,4115951,4119331,85,36,learn_array_A,location-2,6
12,wxh,f,20,83,72,4124099,4128890,166,36,learn_array_A,location-2,11
12,wxh,f,20,79,72,4133634,4136499,153,36,learn_array_A,location-2,7
12,wxh,f,20,44,36,4141172,4143960,133,72,learn_array_A,location-1,8
12,wxh,f,20,33,36,4148698,4151527,108,72,learn_array_A,location-1,-3
12,wxh,f,20,105,108,4156292,4160633,151,90,learn_array_B,location-1,-3
12,wxh,f,20,111,108,4165356,4168962,159,90,learn_array_B,location-1,3
12,wxh,f,20,110,108,4173684,4176823,139,90,learn_array_B,location-1,2
12,wxh,f,20,78,72,4181483,4186550,39,36,learn_array_A,location-2,6
12,wxh,f,20,34,36,4191209,4194205,90,72,learn_array_A,location-1,-2
12,wxh,f,20,77,72,4198952,4201814,19,36,learn_array_A,location-2,5
12,wxh,f,20,96,90,4206552,4209946,80,108,learn_array_B,location-2,6
block,,,,,,,,,,,,
12,wxh,f,20,95,90,4219147,4223129,152,108,learn_array_B,location-2,5
12,wxh,f,20,94,90,4227900,4231364,102,108,learn_array_B,location-2,4
12,wxh,f,20,87,90,4236038,4241262,113,108,learn_array_B,location-2,-3
12,wxh,f,20,83,72,4245872,4249374,92,36,learn_array_A,location-2,11
12,wxh,f,20,35,36,4254096,4258063,137,72,learn_array_A,location-1,-1
12,wxh,f,20,73,72,4262859,4266478,157,36,learn_array_A,location-2,1
12,wxh,f,20,36,36,4271092,4273514,101,72,learn_array_A,location-1,0
12,wxh,f,20,76,72,4278131,4281141,88,36,learn_array_A,location-2,4
12,wxh,f,20,73,72,4285971,4289282,50,36,learn_array_A,location-2,1
12,wxh,f,20,35,36,4293878,4296595,114,72,learn_array_A,location-1,-1
12,wxh,f,20,108,108,4301246,4306958,21,90,learn_array_B,location-1,0
12,wxh,f,20,110,108,4311557,4314719,56,90,learn_array_B,location-1,2
12,wxh,f,20,77,72,4319314,4323445,32,36,learn_array_A,location-2,5
12,wxh,f,20,82,90,4328256,4332476,27,108,learn_array_B,location-2,-8
12,wxh,f,20,94,90,4337142,4340781,104,108,learn_array_B,location-2,4
12,wxh,f,20,105,108,4345545,4348200,21,90,learn_array_B,location-1,-3
12,wxh,f,20,33,36,4352942,4354412,104,72,learn_array_A,location-1,-3
12,wxh,f,20,37,36,4359194,4362810,26,72,learn_array_A,location-1,1
12,wxh,f,20,33,36,4367506,4368746,30,72,learn_array_A,location-1,-3
12,wxh,f,20,107,108,4373578,4378058,146,90,learn_array_B,location-1,-1
12,wxh,f,20,103,108,4382740,4385224,33,90,learn_array_B,location-1,-5
12,wxh,f,20,32,72,4389829,4393504,174,36,learn_array_A,location-2,-40
12,wxh,f,20,82,72,4398273,4401203,163,36,learn_array_A,location-2,10
12,wxh,f,20,103,108,4405825,4408408,61,90,learn_array_B,location-1,-5
12,wxh,f,20,98,90,4413155,4416922,141,108,learn_array_B,location-2,8
12,wxh,f,20,99,90,4421640,4424491,139,108,learn_array_B,location-2,9
12,wxh,f,20,39,36,4429293,4432961,0,72,learn_array_A,location-1,3
12,wxh,f,20,105,108,4437796,4441528,16,90,learn_array_B,location-1,-3
12,wxh,f,20,38,36,4446191,4449218,138,72,learn_array_A,location-1,2
12,wxh,f,20,108,108,4453900,4456174,73,90,learn_array_B,location-1,0
12,wxh,f,20,74,72,4460853,4464145,3,36,learn_array_A,location-2,2
12,wxh,f,20,85,90,4468939,4473139,59,108,learn_array_B,location-2,-5
block,,,,,,,,,,,,
12,wxh,f,20,40,36,4484922,4487568,144,72,learn_array_A,location-1,4
12,wxh,f,20,104,108,4492263,4495641,124,90,learn_array_B,location-1,-4
12,wxh,f,20,105,108,4500399,4505003,20,90,learn_array_B,location-1,-3
12,wxh,f,20,104,90,4509748,4511957,175,108,learn_array_B,location-2,14
12,wxh,f,20,81,72,4516646,4521932,6,36,learn_array_A,location-2,9
12,wxh,f,20,88,90,4526698,4529713,28,108,learn_array_B,location-2,-2
12,wxh,f,20,45,36,4534495,4537058,11,72,learn_array_A,location-1,9
12,wxh,f,20,35,36,4541678,4544102,13,72,learn_array_A,location-1,-1
12,wxh,f,20,74,72,4548889,4555707,156,36,learn_array_A,location-2,2
12,wxh,f,20,91,90,4560332,4564708,64,108,learn_array_B,location-2,1
12,wxh,f,20,93,90,4569435,4572092,56,108,learn_array_B,location-2,3
12,wxh,f,20,95,108,4576773,4578950,87,90,learn_array_B,location-1,-13
12,wxh,f,20,37,36,4583718,4587036,61,72,learn_array_A,location-1,1
12,wxh,f,20,78,72,4591834,4594696,178,36,learn_array_A,location-2,6
12,wxh,f,20,106,108,4599327,4602710,6,90,learn_array_B,location-1,-2
12,wxh,f,20,92,90,4607355,4610644,59,108,learn_array_B,location-2,2
12,wxh,f,20,70,72,4615444,4621393,69,36,learn_array_A,location-2,-2
12,wxh,f,20,95,108,4626181,4629876,60,90,learn_array_B,location-1,-13
12,wxh,f,20,108,108,4634532,4637400,176,90,learn_array_B,location-1,0
12,wxh,f,20,39,36,4642130,4645814,121,72,learn_array_A,location-1,3
12,wxh,f,20,41,36,4650536,4653969,42,72,learn_array_A,location-1,5
12,wxh,f,20,35,36,4658683,4662660,169,72,learn_array_A,location-1,-1
12,wxh,f,20,80,72,4667480,4671378,33,36,learn_array_A,location-2,8
12,wxh,f,20,82,72,4676189,4679698,55,36,learn_array_A,location-2,10
12,wxh,f,20,91,90,4684501,4688025,15,108,learn_array_B,location-2,1
12,wxh,f,20,77,72,4692801,4696320,98,36,learn_array_A,location-2,5
12,wxh,f,20,76,72,4701055,4704662,126,36,learn_array_A,location-2,4
12,wxh,f,20,37,36,4709393,4712077,67,72,learn_array_A,location-1,1
12,wxh,f,20,90,90,4716786,4720399,4,108,learn_array_B,location-2,0
12,wxh,f,20,92,90,4724997,4729045,170,108,learn_array_B,location-2,2
12,wxh,f,20,104,108,4733664,4736223,12,90,learn_array_B,location-1,-4
12,wxh,f,20,110,108,4741030,4743526,40,90,learn_array_B,location-1,2
block,,,,,,,,,,,,
12,wxh,f,20,92,90,4751402,4755158,141,108,learn_array_B,location-2,2
12,wxh,f,20,36,36,4759818,4762104,117,72,learn_array_A,location-1,0
12,wxh,f,20,113,108,4766741,4770050,170,90,learn_array_B,location-1,5
12,wxh,f,20,91,90,4774760,4778687,91,108,learn_array_B,location-2,1
12,wxh,f,20,108,108,4783431,4786280,92,90,learn_array_B,location-1,0
12,wxh,f,20,39,36,4791054,4792964,96,72,learn_array_A,location-1,3
12,wxh,f,20,96,90,4797600,4802085,29,108,learn_array_B,location-2,6
12,wxh,f,20,96,90,4806876,4812144,22,108,learn_array_B,location-2,6
12,wxh,f,20,71,72,4816828,4821898,66,36,learn_array_A,location-2,-1
12,wxh,f,20,80,72,4826591,4830753,32,36,learn_array_A,location-2,8
12,wxh,f,20,110,108,4835468,4838032,42,90,learn_array_B,location-1,2
12,wxh,f,20,74,72,4842845,4846588,151,36,learn_array_A,location-2,2
12,wxh,f,20,107,108,4851295,4855703,0,90,learn_array_B,location-1,-1
12,wxh,f,20,76,72,4860353,4864840,92,36,learn_array_A,location-2,4
12,wxh,f,20,98,90,4869583,4875362,168,108,learn_array_B,location-2,8
12,wxh,f,20,93,90,4880029,4885179,165,108,learn_array_B,location-2,3
12,wxh,f,20,76,72,4889797,4893236,130,36,learn_array_A,location-2,4
12,wxh,f,20,36,36,4897964,4900027,113,72,learn_array_A,location-1,0
12,wxh,f,20,105,108,4904867,4908097,140,90,learn_array_B,location-1,-3
12,wxh,f,20,98,90,4912903,4916792,145,108,learn_array_B,location-2,8
12,wxh,f,20,105,108,4921597,4925031,35,90,learn_array_B,location-1,-3
12,wxh,f,20,111,108,4929759,4932844,177,90,learn_array_B,location-1,3
12,wxh,f,20,78,72,4937538,4940554,178,36,learn_array_A,location-2,6
12,wxh,f,20,38,36,4945378,4948530,16,72,learn_array_A,location-1,2
12,wxh,f,20,34,36,4953333,4956495,56,72,learn_array_A,location-1,-2
12,wxh,f,20,96,90,4961330,4964617,58,108,learn_array_B,location-2,6
12,wxh,f,20,30,36,4969244,4973725,121,72,learn_array_A,location-1,-6
12,wxh,f,20,33,36,4978513,4982046,5,72,learn_array_A,location-1,-3
12,wxh,f,20,30,36,4986807,4989429,150,72,learn_array_A,location-1,-6
12,wxh,f,20,35,72,4994228,4995774,55,36,learn_array_A,location-2,-37
12,wxh,f,20,111,108,5000603,5004106,116,90,learn_array_B,location-1,3
12,wxh,f,20,73,72,5008884,5013058,59,36,learn_array_A,location-2,1
block,,,,,,,,,,,,
12,wxh,f,20,111,108,5021611,5025584,13,90,learn_array_B,location-1,3
12,wxh,f,20,93,90,5030410,5033411,11,108,learn_array_B,location-2,3
12,wxh,f,20,37,36,5038140,5039837,102,72,learn_array_A,location-1,1
12,wxh,f,20,23,36,5044502,5045603,112,72,learn_array_A,location-1,-13
12,wxh,f,20,39,72,5050285,5052774,172,36,learn_array_A,location-2,-33
12,wxh,f,20,92,90,5057490,5060280,4,108,learn_array_B,location-2,2
12,wxh,f,20,106,108,5065087,5069036,74,90,learn_array_B,location-1,-2
12,wxh,f,20,74,72,5073671,5076296,102,36,learn_array_A,location-2,2
12,wxh,f,20,105,108,5081100,5085072,162,90,learn_array_B,location-1,-3
12,wxh,f,20,97,90,5089678,5091816,167,108,learn_array_B,location-2,7
12,wxh,f,20,74,72,5096412,5100963,124,36,learn_array_A,location-2,2
12,wxh,f,20,94,90,5105748,5109804,145,108,learn_array_B,location-2,4
12,wxh,f,20,38,36,5114496,5117120,5,72,learn_array_A,location-1,2
12,wxh,f,20,28,36,5121743,5123875,19,72,learn_array_A,location-1,-8
12,wxh,f,20,94,90,5128474,5131855,33,108,learn_array_B,location-2,4
12,wxh,f,20,82,72,5136683,5139603,21,36,learn_array_A,location-2,10
12,wxh,f,20,31,36,5144252,5147124,95,72,learn_array_A,location-1,-5
12,wxh,f,20,102,108,5151959,5154242,12,90,learn_array_B,location-1,-6
12,wxh,f,20,74,72,5158957,5164093,22,36,learn_array_A,location-2,2
12,wxh,f,20,93,90,5168845,5172197,11,108,learn_array_B,location-2,3
12,wxh,f,20,36,36,5176851,5179785,6,72,learn_array_A,location-1,0
12,wxh,f,20,94,90,5184600,5188431,157,108,learn_array_B,location-2,4
12,wxh,f,20,72,72,5193262,5196262,105,36,learn_array_A,location-2,0
12,wxh,f,20,82,72,5200898,5203395,83,36,learn_array_A,location-2,10
12,wxh,f,20,73,72,5208200,5211073,46,36,learn_array_A,location-2,1
12,wxh,f,20,103,108,5215667,5218453,156,90,learn_array_B,location-1,-5
12,wxh,f,20,103,108,5223186,5225376,1,90,learn_array_B,location-1,-5
12,wxh,f,20,35,36,5230187,5231960,69,72,learn_array_A,location-1,-1
12,wxh,f,20,99,90,5236769,5243118,97,108,learn_array_B,location-2,9
12,wxh,f,20,99,108,5247918,5251443,71,90,learn_array_B,location-1,-9
12,wxh,f,20,113,108,5256211,5258848,44,90,learn_array_B,location-1,5
12,wxh,f,20,44,36,5263468,5265950,20,72,learn_array_A,location-1,8
block,,,,,,,,,,,,
12,wxh,f,20,99,90,5276427,5280287,150,108,learn_array_B,location-2,9
12,wxh,f,20,39,36,5284959,5286795,85,72,learn_array_A,location-1,3
12,wxh,f,20,42,36,5291590,5294552,173,72,learn_array_A,location-1,6
12,wxh,f,20,105,108,5299172,5300929,112,90,learn_array_B,location-1,-3
12,wxh,f,20,39,36,5305606,5307873,151,72,learn_array_A,location-1,3
12,wxh,f,20,97,90,5312572,5315449,157,108,learn_array_B,location-2,7
12,wxh,f,20,87,90,5320190,5323114,103,108,learn_array_B,location-2,-3
12,wxh,f,20,70,72,5327877,5330229,89,36,learn_array_A,location-2,-2
12,wxh,f,20,109,108,5335034,5337157,154,90,learn_array_B,location-1,1
12,wxh,f,20,31,36,5341759,5343527,96,72,learn_array_A,location-1,-5
12,wxh,f,20,105,108,5348298,5350870,142,90,learn_array_B,location-1,-3
12,wxh,f,20,100,108,5355610,5358256,12,90,learn_array_B,location-1,-8
12,wxh,f,20,79,72,5362861,5365949,174,36,learn_array_A,location-2,7
12,wxh,f,20,73,72,5370660,5374544,129,36,learn_array_A,location-2,1
12,wxh,f,20,93,90,5379373,5383848,39,108,learn_array_B,location-2,3
12,wxh,f,20,79,72,5388624,5390891,160,36,learn_array_A,location-2,7
12,wxh,f,20,104,108,5395707,5398719,58,90,learn_array_B,location-1,-4
12,wxh,f,20,94,90,5403355,5407332,14,108,learn_array_B,location-2,4
12,wxh,f,20,37,36,5411974,5414464,96,72,learn_array_A,location-1,1
12,wxh,f,20,90,90,5419238,5421780,33,108,learn_array_B,location-2,0
12,wxh,f,20,79,72,5426377,5427999,59,36,learn_array_A,location-2,7
12,wxh,f,20,75,72,5432636,5435193,7,36,learn_array_A,location-2,3
12,wxh,f,20,40,36,5439906,5441676,138,72,learn_array_A,location-1,4
12,wxh,f,20,76,72,5446276,5448987,12,36,learn_array_A,location-2,4
12,wxh,f,20,97,90,5453606,5455524,120,108,learn_array_B,location-2,7
12,wxh,f,20,40,36,5460275,5461665,163,72,learn_array_A,location-1,4
12,wxh,f,20,73,72,5466460,5469477,62,36,learn_array_A,location-2,1
12,wxh,f,20,97,90,5474241,5478198,108,108,learn_array_B,location-2,7
12,wxh,f,20,109,108,5482849,5485793,115,90,learn_array_B,location-1,1
12,wxh,f,20,108,108,5490517,5494398,75,90,learn_array_B,location-1,0
12,wxh,f,20,99,108,5499206,5509079,94,90,learn_array_B,location-1,-9
12,wxh,f,20,37,36,5513748,5517271,36,72,learn_array_A,location-1,1
block,,,,,,,,,,,,
12,wxh,f,20,34,36,5525067,5528526,109,72,learn_array_A,location-1,-2
12,wxh,f,20,79,72,5533186,5537519,7,36,learn_array_A,location-2,7
12,wxh,f,20,96,90,5542357,5545936,129,108,learn_array_B,location-2,6
12,wxh,f,20,109,108,5550663,5554560,84,90,learn_array_B,location-1,1
12,wxh,f,20,97,90,5559384,5561945,50,108,learn_array_B,location-2,7
12,wxh,f,20,77,72,5566553,5569857,84,36,learn_array_A,location-2,5
12,wxh,f,20,94,90,5574531,5577088,20,108,learn_array_B,location-2,4
12,wxh,f,20,102,90,5581855,5584130,12,108,learn_array_B,location-2,12
12,wxh,f,20,34,36,5588749,5590944,175,72,learn_array_A,location-1,-2
12,wxh,f,20,30,36,5595597,5598142,125,72,learn_array_A,location-1,-6
12,wxh,f,20,84,72,5602934,5607267,79,36,learn_array_A,location-2,12
12,wxh,f,20,78,72,5612031,5615041,178,36,learn_array_A,location-2,6
12,wxh,f,20,87,90,5619818,5623992,50,108,learn_array_B,location-2,-3
12,wxh,f,20,80,90,5628741,5633524,69,108,learn_array_B,location-2,-10
12,wxh,f,20,105,108,5638259,5641835,5,90,learn_array_B,location-1,-3
12,wxh,f,20,112,108,5646665,5650499,115,90,learn_array_B,location-1,4
12,wxh,f,20,96,90,5655332,5658866,20,108,learn_array_B,location-2,6
12,wxh,f,20,40,72,5663538,5666412,12,36,learn_array_A,location-2,-32
12,wxh,f,20,42,36,5671033,5674111,67,72,learn_array_A,location-1,6
12,wxh,f,20,71,72,5678734,5681534,94,36,learn_array_A,location-2,-1
12,wxh,f,20,36,36,5686150,5689766,54,72,learn_array_A,location-1,0
12,wxh,f,20,104,108,5694566,5698241,17,90,learn_array_B,location-1,-4
12,wxh,f,20,34,36,5703031,5708696,121,72,learn_array_A,location-1,-2
12,wxh,f,20,75,72,5713344,5720624,56,36,learn_array_A,location-2,3
12,wxh,f,20,33,36,5725333,5727215,119,72,learn_array_A,location-1,-3
12,wxh,f,20,103,108,5731821,5734319,45,90,learn_array_B,location-1,-5
12,wxh,f,20,73,72,5738918,5742296,152,36,learn_array_A,location-2,1
12,wxh,f,20,94,90,5747050,5749697,71,108,learn_array_B,location-2,4
12,wxh,f,20,110,108,5754533,5756666,22,90,learn_array_B,location-1,2
12,wxh,f,20,106,108,5761350,5763113,43,90,learn_array_B,location-1,-2
12,wxh,f,20,113,108,5767907,5769666,35,90,learn_array_B,location-1,5
12,wxh,f,20,25,36,5774356,5777221,162,72,learn_array_A,location-1,-11
block,,,,,,,,,,,,
