subj,name,gender,age,col_resp,target_angle,start_time,resp_time,start_angle,other_angle,learn_array,location,d_value
13,lmx,m,19,130,126,49474,51693,37,54,learn_array_B,location-1,4
13,lmx,m,19,75,144,56446,63312,23,72,learn_array_A,location-2,-69
13,lmx,m,19,117,54,67973,69589,7,126,learn_array_B,location-2,63
13,lmx,m,19,129,54,74330,77141,122,126,learn_array_B,location-2,75
13,lmx,m,19,120,72,81883,86276,2,144,learn_array_A,location-1,48
13,lmx,m,19,71,144,91070,94240,129,72,learn_array_A,location-2,-73
13,lmx,m,19,129,126,98931,100772,35,54,learn_array_B,location-1,3
13,lmx,m,19,123,144,105574,108665,86,72,learn_array_A,location-2,-21
13,lmx,m,19,75,72,113276,116077,135,144,learn_array_A,location-1,3
13,lmx,m,19,125,126,120892,124128,161,54,learn_array_B,location-1,-1
13,lmx,m,19,61,54,128894,132782,101,126,learn_array_B,location-2,7
13,lmx,m,19,128,144,137465,140416,134,72,learn_array_A,location-2,-16
13,lmx,m,19,61,54,145152,147221,30,126,learn_array_B,location-2,7
13,lmx,m,19,67,72,151853,156703,63,144,learn_array_A,location-1,-5
13,lmx,m,19,80,72,161528,163810,46,144,learn_array_A,location-1,8
13,lmx,m,19,67,72,168625,172761,101,144,learn_array_A,location-1,-5
13,lmx,m,19,68,72,177461,181151,5,144,learn_array_A,location-1,-4
13,lmx,m,19,123,126,185846,187462,152,54,learn_array_B,location-1,-3
13,lmx,m,19,129,144,192231,195624,64,72,learn_array_A,location-2,-15
13,lmx,m,19,122,144,200340,202260,37,72,learn_array_A,location-2,-22
13,lmx,m,19,66,54,207011,209592,170,126,learn_array_B,location-2,12
13,lmx,m,19,124,126,214389,217863,108,54,learn_array_B,location-1,-2
13,lmx,m,19,117,126,222572,224786,83,54,learn_array_B,location-1,-9
13,lmx,m,19,115,54,229543,232212,6,126,learn_array_B,location-2,61
13,lmx,m,19,73,72,236926,240013,45,144,learn_array_A,location-1,1
13,lmx,m,19,146,144,244706,249144,72,72,learn_array_A,location-2,2
13,lmx,m,19,114,126,253822,256625,142,54,learn_array_B,location-1,-12
13,lmx,m,19,79,72,261457,263897,163,144,learn_array_A,location-1,7
13,lmx,m,19,131,126,268677,270591,90,54,learn_array_B,location-1,5
13,lmx,m,19,61,54,275421,277931,89,126,learn_array_B,location-2,7
13,lmx,m,19,159,144,282745,284893,138,72,learn_array_A,location-2,15
13,lmx,m,19,82,54,289648,292086,29,126,learn_array_B,location-2,28
block
13,lmx,m,19,64,72,361343,363629,54,144,learn_array_A,location-1,-8
13,lmx,m,19,132,126,368455,371415,113,54,learn_array_B,location-1,6
13,lmx,m,19,79,54,376134,380344,179,126,learn_array_B,location-2,25
13,lmx,m,19,72,54,385060,388244,152,126,learn_array_B,location-2,18
13,lmx,m,19,138,144,392836,396363,165,72,learn_array_A,location-2,-6
13,lmx,m,19,114,126,401090,404709,37,54,learn_array_B,location-1,-12
13,lmx,m,19,118,126,409464,411754,144,54,learn_array_B,location-1,-8
13,lmx,m,19,126,126,416572,419678,96,54,learn_array_B,location-1,0
13,lmx,m,19,62,72,424277,427799,114,144,learn_array_A,location-1,-10
13,lmx,m,19,68,72,432490,435368,100,144,learn_array_A,location-1,-4
13,lmx,m,19,137,144,439978,443795,52,72,learn_array_A,location-2,-7
13,lmx,m,19,73,72,448425,451454,52,144,learn_array_A,location-1,1
13,lmx,m,19,141,144,456232,462124,26,72,learn_array_A,location-2,-3
13,lmx,m,19,62,54,466801,469154,133,126,learn_array_B,location-2,8
13,lmx,m,19,67,54,473777,481541,64,126,learn_array_B,location-2,13
13,lmx,m,19,129,126,486354,489599,136,54,learn_array_B,location-1,3
13,lmx,m,19,132,144,494363,497033,45,72,learn_array_A,location-2,-12
13,lmx,m,19,134,144,501643,505335,138,72,learn_array_A,location-2,-10
13,lmx,m,19,64,54,510110,513281,65,126,learn_array_B,location-2,10
13,lmx,m,19,127,126,518034,520821,17,54,learn_array_B,location-1,1
13,lmx,m,19,132,126,525620,527316,12,54,learn_array_B,location-1,6
13,lmx,m,19,141,144,532054,537119,96,72,learn_array_A,location-2,-3
13,lmx,m,19,71,54,541921,545518,178,126,learn_array_B,location-2,17
13,lmx,m,19,38,72,550145,552352,31,144,learn_array_A,location-1,-34
13,lmx,m,19,67,54,557063,559195,73,126,learn_array_B,location-2,13
13,lmx,m,19,75,72,563910,568398,150,144,learn_array_A,location-1,3
13,lmx,m,19,130,144,572996,576086,43,72,learn_array_A,location-2,-14
13,lmx,m,19,69,72,580759,584450,115,144,learn_array_A,location-1,-3
13,lmx,m,19,123,126,589145,593915,14,54,learn_array_B,location-1,-3
13,lmx,m,19,83,144,598561,601582,22,72,learn_array_A,location-2,-61
13,lmx,m,19,83,72,606370,611665,103,144,learn_array_A,location-1,11
13,lmx,m,19,55,54,616370,619463,26,126,learn_array_B,location-2,1
block
13,lmx,m,19,136,144,627327,632039,130,72,learn_array_A,location-2,-8
13,lmx,m,19,140,144,636770,640018,134,72,learn_array_A,location-2,-4
13,lmx,m,19,61,54,644821,650495,132,126,learn_array_B,location-2,7
13,lmx,m,19,118,126,655194,659165,59,54,learn_array_B,location-1,-8
13,lmx,m,19,70,72,663985,669736,72,144,learn_array_A,location-1,-2
13,lmx,m,19,137,144,674333,677490,38,72,learn_array_A,location-2,-7
13,lmx,m,19,71,72,682162,684738,137,144,learn_array_A,location-1,-1
13,lmx,m,19,59,54,689374,692454,11,126,learn_array_B,location-2,5
13,lmx,m,19,117,126,697139,699423,106,54,learn_array_B,location-1,-9
13,lmx,m,19,67,54,704187,708539,131,126,learn_array_B,location-2,13
13,lmx,m,19,136,144,713260,719487,60,72,learn_array_A,location-2,-8
13,lmx,m,19,129,126,724210,728343,133,54,learn_array_B,location-1,3
13,lmx,m,19,66,72,733007,736335,142,144,learn_array_A,location-1,-6
13,lmx,m,19,134,126,741086,744540,106,54,learn_array_B,location-1,8
13,lmx,m,19,127,126,749299,756375,42,54,learn_array_B,location-1,1
13,lmx,m,19,137,144,760967,764777,22,72,learn_array_A,location-2,-7
13,lmx,m,19,74,72,769571,775686,9,144,learn_array_A,location-1,2
13,lmx,m,19,59,54,780278,783083,49,126,learn_array_B,location-2,5
13,lmx,m,19,141,144,787855,794401,52,72,learn_array_A,location-2,-3
13,lmx,m,19,72,72,799195,806167,40,144,learn_array_A,location-1,0
13,lmx,m,19,58,54,810840,816367,177,126,learn_array_B,location-2,4
13,lmx,m,19,134,126,821143,828238,139,54,learn_array_B,location-1,8
13,lmx,m,19,119,126,833040,835922,98,54,learn_array_B,location-1,-7
13,lmx,m,19,141,144,840660,844705,117,72,learn_array_A,location-2,-3
13,lmx,m,19,75,72,849432,856510,46,144,learn_array_A,location-1,3
13,lmx,m,19,138,144,861252,865462,101,72,learn_array_A,location-2,-6
13,lmx,m,19,58,54,870143,874262,83,126,learn_array_B,location-2,4
13,lmx,m,19,55,54,879010,886892,94,126,learn_array_B,location-2,1
13,lmx,m,19,71,72,891704,894642,20,144,learn_array_A,location-1,-1
13,lmx,m,19,70,72,899326,902141,159,144,learn_array_A,location-1,-2
13,lmx,m,19,141,54,906750,912262,85,126,learn_array_B,location-2,87
13,lmx,m,19,125,126,916927,922378,40,54,learn_array_B,location-1,-1
block
13,lmx,m,19,55,54,954623,959180,122,126,learn_array_B,location-2,1
13,lmx,m,19,130,126,964019,970273,61,54,learn_array_B,location-1,4
13,lmx,m,19,142,144,974933,981589,51,72,learn_array_A,location-2,-2
13,lmx,m,19,77,72,986259,990611,99,144,learn_array_A,location-1,5
13,lmx,m,19,70,72,995363,1001108,77,144,learn_array_A,location-1,-2
13,lmx,m,19,143,144,1005881,1010015,150,72,learn_array_A,location-2,-1
13,lmx,m,19,58,54,1014639,1017803,25,126,learn_array_B,location-2,4
13,lmx,m,19,78,72,1022453,1027366,171,144,learn_array_A,location-1,6
13,lmx,m,19,59,54,1032084,1035846,159,126,learn_array_B,location-2,5
13,lmx,m,19,123,126,1040583,1044204,151,54,learn_array_B,location-1,-3
13,lmx,m,19,85,144,1048906,1052148,35,72,learn_array_A,location-2,-59
13,lmx,m,19,138,144,1056891,1060507,104,72,learn_array_A,location-2,-6
13,lmx,m,19,143,144,1065158,1071956,94,72,learn_array_A,location-2,-1
13,lmx,m,19,60,54,1076758,1080894,131,126,learn_array_B,location-2,6
13,lmx,m,19,76,72,1085685,1094674,163,144,learn_array_A,location-1,4
13,lmx,m,19,142,144,1099469,1104759,14,72,learn_array_A,location-2,-2
13,lmx,m,19,139,144,1109398,1115460,146,72,learn_array_A,location-2,-5
13,lmx,m,19,129,126,1120076,1124125,3,54,learn_array_B,location-1,3
13,lmx,m,19,127,126,1128962,1131919,146,54,learn_array_B,location-1,1
13,lmx,m,19,84,72,1136622,1138539,173,144,learn_array_A,location-1,12
13,lmx,m,19,131,126,1143370,1146688,64,54,learn_array_B,location-1,5
13,lmx,m,19,62,54,1151512,1154982,179,126,learn_array_B,location-2,8
13,lmx,m,19,131,126,1159735,1162972,98,54,learn_array_B,location-1,5
13,lmx,m,19,72,72,1167735,1171192,132,144,learn_array_A,location-1,0
13,lmx,m,19,55,54,1175857,1179468,8,126,learn_array_B,location-2,1
13,lmx,m,19,134,126,1184230,1186808,76,54,learn_array_B,location-1,8
13,lmx,m,19,67,72,1191520,1197196,44,144,learn_array_A,location-1,-5
13,lmx,m,19,70,72,1201792,1205178,128,144,learn_array_A,location-1,-2
13,lmx,m,19,143,144,1209958,1213209,155,72,learn_array_A,location-2,-1
13,lmx,m,19,61,54,1217906,1221212,51,126,learn_array_B,location-2,7
13,lmx,m,19,61,54,1226017,1229994,13,126,learn_array_B,location-2,7
13,lmx,m,19,137,126,1234741,1238575,61,54,learn_array_B,location-1,11
block
13,lmx,m,19,133,126,1300783,1304909,141,54,learn_array_B,location-1,7
13,lmx,m,19,143,144,1309562,1312942,131,72,learn_array_A,location-2,-1
13,lmx,m,19,145,144,1317540,1321653,78,72,learn_array_A,location-2,1
13,lmx,m,19,67,72,1326417,1329888,55,144,learn_array_A,location-1,-5
13,lmx,m,19,144,144,1334576,1339202,156,72,learn_array_A,location-2,0
13,lmx,m,19,69,72,1344034,1347349,109,144,learn_array_A,location-1,-3
13,lmx,m,19,62,54,1351965,1356387,167,126,learn_array_B,location-2,8
13,lmx,m,19,144,144,1361089,1364099,88,72,learn_array_A,location-2,0
13,lmx,m,19,68,72,1368706,1373206,88,144,learn_array_A,location-1,-4
13,lmx,m,19,70,72,1377983,1383190,128,144,learn_array_A,location-1,-2
13,lmx,m,19,70,72,1387871,1393617,119,144,learn_array_A,location-1,-2
13,lmx,m,19,130,126,1398397,1402731,46,54,learn_array_B,location-1,4
13,lmx,m,19,137,126,1407368,1413545,145,54,learn_array_B,location-1,11
13,lmx,m,19,59,54,1418345,1421650,47,126,learn_array_B,location-2,5
13,lmx,m,19,60,54,1426381,1432406,61,126,learn_array_B,location-2,6
13,lmx,m,19,130,126,1437012,1444188,68,54,learn_array_B,location-1,4
13,lmx,m,19,74,72,1449023,1452556,4,144,learn_array_A,location-1,2
13,lmx,m,19,68,72,1457154,1459797,20,144,learn_array_A,location-1,-4
13,lmx,m,19,54,54,1464593,1473892,143,126,learn_array_B,location-2,0
13,lmx,m,19,142,144,1478587,1482260,170,72,learn_array_A,location-2,-2
13,lmx,m,19,55,54,1486889,1491912,175,126,learn_array_B,location-2,1
13,lmx,m,19,133,126,1496593,1499466,166,54,learn_array_B,location-1,7
13,lmx,m,19,59,54,1504127,1508248,41,126,learn_array_B,location-2,5
13,lmx,m,19,70,72,1512923,1516759,61,144,learn_array_A,location-1,-2
13,lmx,m,19,135,126,1521528,1525060,93,54,learn_array_B,location-1,9
13,lmx,m,19,57,54,1529724,1532234,177,126,learn_array_B,location-2,3
13,lmx,m,19,142,144,1536922,1543444,27,72,learn_array_A,location-2,-2
13,lmx,m,19,130,126,1548073,1552486,103,54,learn_array_B,location-1,4
13,lmx,m,19,57,54,1557321,1561455,44,126,learn_array_B,location-2,3
13,lmx,m,19,144,144,1566130,1569595,5,72,learn_array_A,location-2,0
13,lmx,m,19,132,126,1574237,1578435,73,54,learn_array_B,location-1,6
13,lmx,m,19,145,144,1583271,1586520,99,72,learn_array_A,location-2,1
block
13,lmx,m,19,57,54,1668991,1672590,69,126,learn_array_B,location-2,3
13,lmx,m,19,70,72,1677187,1679685,51,144,learn_array_A,location-1,-2
13,lmx,m,19,56,54,1684431,1688252,102,126,learn_array_B,location-2,2
13,lmx,m,19,145,144,1692873,1698772,175,72,learn_array_A,location-2,1
13,lmx,m,19,70,72,1703564,1706731,162,144,learn_array_A,location-1,-2
13,lmx,m,19,56,54,1711337,1716191,132,126,learn_array_B,location-2,2
13,lmx,m,19,127,126,1721015,1723600,154,54,learn_array_B,location-1,1
13,lmx,m,19,73,72,1728393,1731635,134,144,learn_array_A,location-1,1
13,lmx,m,19,128,126,1736342,1739076,111,54,learn_array_B,location-1,2
13,lmx,m,19,150,144,1743677,1749043,155,72,learn_array_A,location-2,6
13,lmx,m,19,77,72,1753802,1757433,156,144,learn_array_A,location-1,5
13,lmx,m,19,76,72,1762106,1767121,26,144,learn_array_A,location-1,4
13,lmx,m,19,139,144,1771915,1775008,29,72,learn_array_A,location-2,-5
13,lmx,m,19,73,72,1779637,1784914,33,144,learn_array_A,location-1,1
13,lmx,m,19,59,54,1789658,1794229,19,126,learn_array_B,location-2,5
13,lmx,m,19,148,144,1798975,1801917,122,72,learn_array_A,location-2,4
13,lmx,m,19,74,126,1806666,1809827,62,54,learn_array_B,location-1,-52
13,lmx,m,19,58,54,1814649,1818860,106,126,learn_array_B,location-2,4
13,lmx,m,19,126,126,1823654,1825491,144,54,learn_array_B,location-1,0
13,lmx,m,19,147,144,1830258,1834227,150,72,learn_array_A,location-2,3
13,lmx,m,19,53,54,1838908,1843990,128,126,learn_array_B,location-2,-1
13,lmx,m,19,145,144,1848592,1854175,85,72,learn_array_A,location-2,1
13,lmx,m,19,150,144,1858819,1873316,65,72,learn_array_A,location-2,6
13,lmx,m,19,139,126,1878145,1882642,113,54,learn_array_B,location-1,13
13,lmx,m,19,77,126,1887386,1890115,74,54,learn_array_B,location-1,-49
13,lmx,m,19,129,126,1894847,1897433,78,54,learn_array_B,location-1,3
13,lmx,m,19,146,144,1902047,1905817,86,72,learn_array_A,location-2,2
13,lmx,m,19,74,72,1910586,1913836,175,144,learn_array_A,location-1,2
13,lmx,m,19,57,54,1918443,1921020,163,126,learn_array_B,location-2,3
13,lmx,m,19,79,72,1925617,1928058,24,144,learn_array_A,location-1,7
13,lmx,m,19,56,54,1932670,1935470,136,126,learn_array_B,location-2,2
13,lmx,m,19,125,126,1940192,1943459,32,54,learn_array_B,location-1,-1
block
13,lmx,m,19,55,54,2016063,2018946,153,126,learn_array_B,location-2,1
13,lmx,m,19,57,54,2023604,2026931,120,126,learn_array_B,location-2,3
13,lmx,m,19,119,126,2031728,2034252,115,54,learn_array_B,location-1,-7
13,lmx,m,19,59,54,2038947,2041537,91,126,learn_array_B,location-2,5
13,lmx,m,19,59,54,2046145,2052189,72,126,learn_array_B,location-2,5
13,lmx,m,19,79,72,2056915,2058898,46,144,learn_array_A,location-1,7
13,lmx,m,19,76,144,2063569,2067038,166,72,learn_array_A,location-2,-68
13,lmx,m,19,145,144,2071634,2074743,80,72,learn_array_A,location-2,1
13,lmx,m,19,122,126,2079370,2081512,130,54,learn_array_B,location-1,-4
13,lmx,m,19,146,144,2086215,2089093,74,72,learn_array_A,location-2,2
13,lmx,m,19,126,126,2093865,2096970,158,54,learn_array_B,location-1,0
13,lmx,m,19,142,144,2101658,2105045,37,72,learn_array_A,location-2,-2
13,lmx,m,19,66,72,2109815,2112189,43,144,learn_array_A,location-1,-6
13,lmx,m,19,70,72,2116830,2119708,135,144,learn_array_A,location-1,-2
13,lmx,m,19,134,126,2124420,2127813,77,54,learn_array_B,location-1,8
13,lmx,m,19,68,144,2132462,2135255,109,72,learn_array_A,location-2,-76
13,lmx,m,19,67,72,2140039,2142688,127,144,learn_array_A,location-1,-5
13,lmx,m,19,74,72,2147384,2150190,116,144,learn_array_A,location-1,2
13,lmx,m,19,58,54,2154806,2157689,18,126,learn_array_B,location-2,4
13,lmx,m,19,146,144,2162482,2164542,28,72,learn_array_A,location-2,2
13,lmx,m,19,71,72,2169220,2174666,112,144,learn_array_A,location-1,-1
13,lmx,m,19,125,126,2179435,2182003,18,54,learn_array_B,location-1,-1
13,lmx,m,19,136,126,2186834,2190084,1,54,learn_array_B,location-1,10
13,lmx,m,19,70,72,2194833,2200363,131,144,learn_array_A,location-1,-2
13,lmx,m,19,143,144,2205196,2209372,3,72,learn_array_A,location-2,-1
13,lmx,m,19,61,54,2214137,2218631,168,126,learn_array_B,location-2,7
13,lmx,m,19,59,54,2223325,2226793,158,126,learn_array_B,location-2,5
13,lmx,m,19,55,54,2231406,2235164,2,126,learn_array_B,location-2,1
13,lmx,m,19,72,72,2239905,2246895,10,144,learn_array_A,location-1,0
13,lmx,m,19,55,126,2251569,2254428,5,54,learn_array_B,location-1,-71
13,lmx,m,19,127,126,2259146,2262897,45,54,learn_array_B,location-1,1
13,lmx,m,19,145,144,2267570,2270143,115,72,learn_array_A,location-2,1
block
13,lmx,m,19,144,144,2298255,2306916,39,72,learn_array_A,location-2,0
13,lmx,m,19,71,72,2311549,2315368,117,144,learn_array_A,location-1,-1
13,lmx,m,19,68,72,2320195,2334201,177,144,learn_array_A,location-1,-4
13,lmx,m,19,128,126,2339038,2344072,66,54,learn_array_B,location-1,2
13,lmx,m,19,145,144,2348756,2351921,151,72,learn_array_A,location-2,1
13,lmx,m,19,152,144,2356599,2358736,142,72,learn_array_A,location-2,8
13,lmx,m,19,148,144,2363410,2365240,128,72,learn_array_A,location-2,4
13,lmx,m,19,60,54,2369922,2372497,108,126,learn_array_B,location-2,6
13,lmx,m,19,56,54,2377130,2379769,104,126,learn_array_B,location-2,2
13,lmx,m,19,57,54,2384514,2386932,16,126,learn_array_B,location-2,3
13,lmx,m,19,133,126,2391585,2395611,117,54,learn_array_B,location-1,7
13,lmx,m,19,128,126,2400398,2404978,143,54,learn_array_B,location-1,2
13,lmx,m,19,73,72,2409591,2414759,62,144,learn_array_A,location-1,1
13,lmx,m,19,74,72,2419372,2423139,52,144,learn_array_A,location-1,2
13,lmx,m,19,58,54,2427862,2432212,44,126,learn_array_B,location-2,4
13,lmx,m,19,70,72,2436878,2442185,0,144,learn_array_A,location-1,-2
13,lmx,m,19,61,54,2446805,2450500,165,126,learn_array_B,location-2,7
13,lmx,m,19,69,72,2455109,2457975,106,144,learn_array_A,location-1,-3
13,lmx,m,19,71,72,2462603,2467166,13,144,learn_array_A,location-1,-1
13,lmx,m,19,134,126,2471788,2475094,89,54,learn_array_B,location-1,8
13,lmx,m,19,138,144,2479866,2482232,48,72,learn_array_A,location-2,-6
13,lmx,m,19,123,126,2486878,2489236,166,54,learn_array_B,location-1,-3
13,lmx,m,19,54,54,2493962,2497355,112,126,learn_array_B,location-2,0
13,lmx,m,19,130,126,2501966,2506026,16,54,learn_array_B,location-1,4
13,lmx,m,19,125,126,2510706,2513722,77,54,learn_array_B,location-1,-1
13,lmx,m,19,72,144,2518492,2521372,160,72,learn_array_A,location-2,-72
13,lmx,m,19,53,54,2525994,2529518,6,126,learn_array_B,location-2,-1
13,lmx,m,19,137,144,2534209,2538421,16,72,learn_array_A,location-2,-7
13,lmx,m,19,128,126,2543138,2548217,98,54,learn_array_B,location-1,2
13,lmx,m,19,55,54,2552965,2561544,26,126,learn_array_B,location-2,1
13,lmx,m,19,144,144,2566304,2572691,70,72,learn_array_A,location-2,0
13,lmx,m,19,81,72,2577514,2582961,6,144,learn_array_A,location-1,9
block
13,lmx,m,19,127,126,2589614,2592487,80,54,learn_array_B,location-1,1
13,lmx,m,19,66,72,2597262,2599540,8,144,learn_array_A,location-1,-6
13,lmx,m,19,143,144,2604247,2606681,123,72,learn_array_A,location-2,-1
13,lmx,m,19,127,126,2611354,2613412,107,54,learn_array_B,location-1,1
13,lmx,m,19,74,144,2618012,2620228,175,72,learn_array_A,location-2,-70
13,lmx,m,19,124,126,2624946,2627378,91,54,learn_array_B,location-1,-2
13,lmx,m,19,59,54,2632133,2634348,163,126,learn_array_B,location-2,5
13,lmx,m,19,53,54,2639031,2642059,42,126,learn_array_B,location-2,-1
13,lmx,m,19,143,144,2646894,2649105,43,72,learn_array_A,location-2,-1
13,lmx,m,19,78,72,2653786,2656818,74,144,learn_array_A,location-1,6
13,lmx,m,19,126,126,2661619,2664579,128,54,learn_array_B,location-1,0
13,lmx,m,19,145,144,2669362,2673989,116,72,learn_array_A,location-2,1
13,lmx,m,19,73,72,2678707,2680326,173,144,learn_array_A,location-1,1
13,lmx,m,19,72,72,2685138,2688383,136,144,learn_array_A,location-1,0
13,lmx,m,19,74,72,2693147,2696568,121,144,learn_array_A,location-1,2
13,lmx,m,19,124,54,2701301,2703515,101,126,learn_array_B,location-2,70
13,lmx,m,19,52,54,2708230,2711323,176,126,learn_array_B,location-2,-2
13,lmx,m,19,129,126,2716089,2719547,166,54,learn_array_B,location-1,3
13,lmx,m,19,72,144,2724355,2729286,95,72,learn_array_A,location-2,-72
13,lmx,m,19,131,126,2733975,2740313,128,54,learn_array_B,location-1,5
13,lmx,m,19,127,126,2745107,2749237,173,54,learn_array_B,location-1,1
13,lmx,m,19,145,144,2753905,2756187,137,72,learn_array_A,location-2,1
13,lmx,m,19,54,54,2760803,2768812,157,126,learn_array_B,location-2,0
13,lmx,m,19,127,126,2773426,2776518,7,54,learn_array_B,location-1,1
13,lmx,m,19,60,72,2781228,2782332,71,144,learn_array_A,location-1,-12
13,lmx,m,19,76,72,2787129,2789925,34,144,learn_array_A,location-1,4
13,lmx,m,19,51,54,2794555,2797809,175,126,learn_array_B,location-2,-3
13,lmx,m,19,58,54,2802529,2805419,114,126,learn_array_B,location-2,4
13,lmx,m,19,145,144,2810044,2812629,117,72,learn_array_A,location-2,1
13,lmx,m,19,140,144,2817300,2821509,108,72,learn_array_A,location-2,-4
13,lmx,m,19,70,72,2826178,2828753,22,144,learn_array_A,location-1,-2
13,lmx,m,19,57,54,2833422,2837196,150,126,learn_array_B,location-2,3
block
13,lmx,m,19,131,126,2843343,2848573,126,54,learn_array_B,location-1,5
13,lmx,m,19,129,126,2853243,2856936,32,54,learn_array_B,location-1,3
13,lmx,m,19,134,126,2861753,2866278,165,54,learn_array_B,location-1,8
13,lmx,m,19,139,144,2870963,2874287,33,72,learn_array_A,location-2,-5
13,lmx,m,19,128,126,2878891,2882574,98,54,learn_array_B,location-1,2
13,lmx,m,19,73,72,2887178,2889094,155,144,learn_array_A,location-1,1
13,lmx,m,19,139,144,2893922,2898272,41,72,learn_array_A,location-2,-5
13,lmx,m,19,54,54,2902900,2905261,118,126,learn_array_B,location-2,0
13,lmx,m,19,127,126,2910026,2912522,26,54,learn_array_B,location-1,1
13,lmx,m,19,140,144,2917140,2921937,80,72,learn_array_A,location-2,-4
13,lmx,m,19,147,144,2926753,2929701,139,72,learn_array_A,location-2,3
13,lmx,m,19,54,54,2934478,2939700,171,126,learn_array_B,location-2,0
13,lmx,m,19,128,126,2944318,2948975,141,54,learn_array_B,location-1,2
13,lmx,m,19,75,72,2953754,2955968,84,144,learn_array_A,location-1,3
13,lmx,m,19,145,144,2960584,2962504,63,72,learn_array_A,location-2,1
13,lmx,m,19,76,72,2967292,2969877,64,144,learn_array_A,location-1,4
13,lmx,m,19,132,54,2974596,2976223,158,126,learn_array_B,location-2,78
13,lmx,m,19,143,144,2980838,2984518,47,72,learn_array_A,location-2,-1
13,lmx,m,19,76,72,2989199,2991771,131,144,learn_array_A,location-1,4
13,lmx,m,19,140,144,2996446,2999322,93,72,learn_array_A,location-2,-4
13,lmx,m,19,75,72,3003997,3006653,158,144,learn_array_A,location-1,3
13,lmx,m,19,70,72,3011332,3013102,64,144,learn_array_A,location-1,-2
13,lmx,m,19,54,54,3017697,3021082,36,126,learn_array_B,location-2,0
13,lmx,m,19,77,72,3025776,3028199,84,144,learn_array_A,location-1,5
13,lmx,m,19,121,126,3033025,3036476,49,54,learn_array_B,location-1,-5
13,lmx,m,19,52,54,3041160,3044328,47,126,learn_array_B,location-2,-2
13,lmx,m,19,122,126,3048951,3052264,50,54,learn_array_B,location-1,-4
13,lmx,m,19,53,54,3057055,3061572,140,126,learn_array_B,location-2,-1
13,lmx,m,19,55,54,3066193,3068555,91,126,learn_array_B,location-2,1
13,lmx,m,19,48,54,3073302,3076554,171,126,learn_array_B,location-2,-6
13,lmx,m,19,82,72,3081318,3083459,47,144,learn_array_A,location-1,10
13,lmx,m,19,138,144,3088125,3094708,23,72,learn_array_A,location-2,-6
block
13,lmx,m,19,131,126,3102303,3108141,127,54,learn_array_B,location-1,5
13,lmx,m,19,52,54,3112860,3116756,143,126,learn_array_B,location-2,-2
13,lmx,m,19,121,126,3121411,3123472,22,54,learn_array_B,location-1,-5
13,lmx,m,19,77,72,3128254,3130392,115,144,learn_array_A,location-1,5
13,lmx,m,19,50,54,3135176,3137614,153,126,learn_array_B,location-2,-4
13,lmx,m,19,123,126,3142410,3149171,9,54,learn_array_B,location-1,-3
13,lmx,m,19,57,54,3153927,3157261,99,126,learn_array_B,location-2,3
13,lmx,m,19,102,54,3162069,3162510,53,126,learn_array_B,location-2,48
13,lmx,m,19,78,72,3167290,3171663,102,144,learn_array_A,location-1,6
13,lmx,m,19,126,126,3176434,3178875,49,54,learn_array_B,location-1,0
13,lmx,m,19,143,144,3183703,3191085,167,72,learn_array_A,location-2,-1
13,lmx,m,19,73,72,3195723,3198007,170,144,learn_array_A,location-1,1
13,lmx,m,19,124,126,3202836,3206380,53,54,learn_array_B,location-1,-2
13,lmx,m,19,57,54,3211074,3217855,125,126,learn_array_B,location-2,3
13,lmx,m,19,147,144,3222537,3226675,90,72,learn_array_A,location-2,3
13,lmx,m,19,75,72,3231473,3233606,140,144,learn_array_A,location-1,3
13,lmx,m,19,150,144,3238215,3241373,5,72,learn_array_A,location-2,6
13,lmx,m,19,77,72,3246056,3248484,137,144,learn_array_A,location-1,5
13,lmx,m,19,150,144,3253085,3256982,10,72,learn_array_A,location-2,6
13,lmx,m,19,56,54,3261805,3263933,105,126,learn_array_B,location-2,2
13,lmx,m,19,146,144,3268609,3272803,121,72,learn_array_A,location-2,2
13,lmx,m,19,56,54,3277587,3280519,13,126,learn_array_B,location-2,2
13,lmx,m,19,145,144,3285231,3287298,153,72,learn_array_A,location-2,1
13,lmx,m,19,127,126,3291988,3295514,99,54,learn_array_B,location-1,1
13,lmx,m,19,73,72,3300108,3303379,88,144,learn_array_A,location-1,1
13,lmx,m,19,57,54,3308168,3311627,11,126,learn_array_B,location-2,3
13,lmx,m,19,145,144,3316264,3318634,169,72,learn_array_A,location-2,1
13,lmx,m,19,142,144,3323343,3326728,113,72,learn_array_A,location-2,-2
13,lmx,m,19,88,72,3331437,3335292,54,144,learn_array_A,location-1,16
13,lmx,m,19,74,126,3339930,3342518,15,54,learn_array_B,location-1,-52
13,lmx,m,19,123,126,3347256,3350873,106,54,learn_array_B,location-1,-3
13,lmx,m,19,84,72,3355542,3359098,175,144,learn_array_A,location-1,12
block
13,lmx,m,19,130,126,3375694,3378066,47,54,learn_array_B,location-1,4
13,lmx,m,19,58,54,3382670,3386278,38,126,learn_array_B,location-2,4
13,lmx,m,19,74,72,3390992,3395357,95,144,learn_array_A,location-1,2
13,lmx,m,19,71,72,3400046,3401517,98,144,learn_array_A,location-1,-1
13,lmx,m,19,143,144,3406121,3410325,169,72,learn_array_A,location-2,-1
13,lmx,m,19,143,144,3415096,3418408,172,72,learn_array_A,location-2,-1
13,lmx,m,19,59,54,3423158,3427341,172,126,learn_array_B,location-2,5
13,lmx,m,19,145,144,3432114,3434990,84,72,learn_array_A,location-2,1
13,lmx,m,19,124,126,3439797,3443836,179,54,learn_array_B,location-1,-2
13,lmx,m,19,132,126,3448534,3450297,171,54,learn_array_B,location-1,6
13,lmx,m,19,53,54,3454909,3459558,26,126,learn_array_B,location-2,-1
13,lmx,m,19,79,72,3464305,3467322,61,144,learn_array_A,location-1,7
13,lmx,m,19,141,144,3471955,3475971,165,72,learn_array_A,location-2,-3
13,lmx,m,19,75,72,3480704,3483071,60,144,learn_array_A,location-1,3
13,lmx,m,19,71,54,3487725,3489638,61,126,learn_array_B,location-2,17
13,lmx,m,19,130,126,3494379,3496896,8,54,learn_array_B,location-1,4
13,lmx,m,19,86,72,3501574,3504074,46,144,learn_array_A,location-1,14
13,lmx,m,19,58,54,3508683,3511723,109,126,learn_array_B,location-2,4
13,lmx,m,19,148,144,3516499,3519366,51,72,learn_array_A,location-2,4
13,lmx,m,19,121,126,3524060,3525986,29,54,learn_array_B,location-1,-5
13,lmx,m,19,73,72,3530592,3533993,1,144,learn_array_A,location-1,1
13,lmx,m,19,147,144,3538832,3541256,116,72,learn_array_A,location-2,3
13,lmx,m,19,77,72,3546023,3548536,47,144,learn_array_A,location-1,5
13,lmx,m,19,129,126,3553225,3558897,84,54,learn_array_B,location-1,3
13,lmx,m,19,55,54,3563495,3567939,30,126,learn_array_B,location-2,1
13,lmx,m,19,83,72,3572569,3576094,37,144,learn_array_A,location-1,11
13,lmx,m,19,54,54,3580704,3585733,161,126,learn_array_B,location-2,0
13,lmx,m,19,139,126,3590555,3595214,8,54,learn_array_B,location-1,13
13,lmx,m,19,147,144,3600051,3602854,110,72,learn_array_A,location-2,3
13,lmx,m,19,144,144,3607524,3610724,139,72,learn_array_A,location-2,0
13,lmx,m,19,127,126,3615369,3617744,178,54,learn_array_B,location-1,1
13,lmx,m,19,56,54,3622562,3627140,152,126,learn_array_B,location-2,2
block
13,lmx,m,19,77,72,3633647,3637272,178,144,learn_array_A,location-1,5
13,lmx,m,19,150,144,3642032,3645225,59,72,learn_array_A,location-2,6
13,lmx,m,19,69,54,3649954,3652477,82,126,learn_array_B,location-2,15
13,lmx,m,19,49,54,3657306,3659530,105,126,learn_array_B,location-2,-5
13,lmx,m,19,52,54,3664295,3671443,52,126,learn_array_B,location-2,-2
13,lmx,m,19,51,54,3676173,3680013,48,126,learn_array_B,location-2,-3
13,lmx,m,19,143,144,3684804,3689883,178,72,learn_array_A,location-2,-1
13,lmx,m,19,71,72,3694634,3696036,165,144,learn_array_A,location-1,-1
13,lmx,m,19,124,126,3700814,3703166,31,54,learn_array_B,location-1,-2
13,lmx,m,19,74,72,3707963,3710177,124,144,learn_array_A,location-1,2
13,lmx,m,19,122,126,3714800,3718499,1,54,learn_array_B,location-1,-4
13,lmx,m,19,128,126,3723206,3728062,38,54,learn_array_B,location-1,2
13,lmx,m,19,78,144,3732669,3734891,76,72,learn_array_A,location-2,-66
13,lmx,m,19,83,72,3739568,3741781,71,144,learn_array_A,location-1,11
13,lmx,m,19,81,72,3746571,3750109,107,144,learn_array_A,location-1,9
13,lmx,m,19,132,126,3754746,3757563,178,54,learn_array_B,location-1,6
13,lmx,m,19,124,126,3762373,3765261,77,54,learn_array_B,location-1,-2
13,lmx,m,19,45,54,3769865,3772234,129,126,learn_array_B,location-2,-9
13,lmx,m,19,146,144,3776871,3780044,147,72,learn_array_A,location-2,2
13,lmx,m,19,63,54,3784679,3788317,20,126,learn_array_B,location-2,9
13,lmx,m,19,132,126,3793134,3796152,117,54,learn_array_B,location-1,6
13,lmx,m,19,146,144,3800946,3803773,63,72,learn_array_A,location-2,2
13,lmx,m,19,46,54,3808372,3814467,15,126,learn_array_B,location-2,-8
13,lmx,m,19,53,54,3819135,3822900,49,126,learn_array_B,location-2,-1
13,lmx,m,19,124,126,3827572,3830076,107,54,learn_array_B,location-1,-2
13,lmx,m,19,143,144,3834771,3838610,32,72,learn_array_A,location-2,-1
13,lmx,m,19,73,72,3843323,3851105,15,144,learn_array_A,location-1,1
13,lmx,m,19,144,144,3855896,3859080,45,72,learn_array_A,location-2,0
13,lmx,m,19,74,72,3863813,3865739,150,144,learn_array_A,location-1,2
13,lmx,m,19,129,126,3870448,3873688,151,54,learn_array_B,location-1,3
13,lmx,m,19,144,144,3878388,3882665,43,72,learn_array_A,location-2,0
13,lmx,m,19,70,72,3887340,3892014,140,144,learn_array_A,location-1,-2
block
13,lmx,m,19,148,144,3901631,3904364,23,72,learn_array_A,location-2,4
13,lmx,m,19,125,126,3909115,3914054,129,54,learn_array_B,location-1,-1
13,lmx,m,19,75,72,3918857,3921877,74,144,learn_array_A,location-1,3
13,lmx,m,19,149,144,3926528,3929346,134,72,learn_array_A,location-2,5
13,lmx,m,19,56,54,3934086,3939690,163,126,learn_array_B,location-2,2
13,lmx,m,19,124,126,3944413,3948048,47,54,learn_array_B,location-1,-2
13,lmx,m,19,128,54,3952822,3954447,127,126,learn_array_B,location-2,74
13,lmx,m,19,123,126,3959170,3962101,1,54,learn_array_B,location-1,-3
13,lmx,m,19,51,54,3966883,3972337,1,126,learn_array_B,location-2,-3
13,lmx,m,19,73,72,3976960,3979753,79,144,learn_array_A,location-1,1
13,lmx,m,19,147,144,3984538,3987495,121,72,learn_array_A,location-2,3
13,lmx,m,19,132,126,3992291,3994357,130,54,learn_array_B,location-1,6
13,lmx,m,19,124,126,3999138,4002004,134,54,learn_array_B,location-1,-2
13,lmx,m,19,52,54,4006631,4009365,0,126,learn_array_B,location-2,-2
13,lmx,m,19,54,54,4013964,4017943,0,126,learn_array_B,location-2,0
13,lmx,m,19,145,144,4022588,4027097,22,72,learn_array_A,location-2,1
13,lmx,m,19,144,144,4031755,4034191,171,72,learn_array_A,location-2,0
13,lmx,m,19,127,126,4038986,4041493,34,54,learn_array_B,location-1,1
13,lmx,m,19,77,72,4046153,4048219,108,144,learn_array_A,location-1,5
13,lmx,m,19,125,126,4053013,4056419,30,54,learn_array_B,location-1,-1
13,lmx,m,19,146,144,4061054,4063412,115,72,learn_array_A,location-2,2
13,lmx,m,19,78,72,4068195,4071227,102,144,learn_array_A,location-1,6
13,lmx,m,19,145,144,4075975,4079811,26,72,learn_array_A,location-2,1
13,lmx,m,19,55,54,4084598,4087931,99,126,learn_array_B,location-2,1
13,lmx,m,19,126,126,4092706,4101603,66,54,learn_array_B,location-1,0
13,lmx,m,19,69,72,4106341,4109455,144,144,learn_array_A,location-1,-3
13,lmx,m,19,70,72,4114104,4118224,107,144,learn_array_A,location-1,-2
13,lmx,m,19,69,72,4122844,4126532,102,144,learn_array_A,location-1,-3
13,lmx,m,19,78,72,4131235,4136887,143,144,learn_array_A,location-1,6
13,lmx,m,19,55,54,4141625,4145258,41,126,learn_array_B,location-2,1
13,lmx,m,19,55,54,4149966,4156141,46,126,learn_array_B,location-2,1
13,lmx,m,19,145,144,4160916,4163283,1,72,learn_array_A,location-2,1
block
13,lmx,m,19,147,144,4170623,4174171,106,72,learn_array_A,location-2,3
13,lmx,m,19,142,144,4178902,4184137,4,72,learn_array_A,location-2,-2
13,lmx,m,19,132,126,4188827,4192377,98,54,learn_array_B,location-1,6
13,lmx,m,19,148,144,4197120,4203036,40,72,learn_array_A,location-2,4
13,lmx,m,19,130,126,4207785,4215651,154,54,learn_array_B,location-1,4
13,lmx,m,19,146,144,4220278,4227812,16,72,learn_array_A,location-2,2
13,lmx,m,19,53,54,4232515,4246592,175,126,learn_array_B,location-2,-1
13,lmx,m,19,134,126,4251329,4256485,63,54,learn_array_B,location-1,8
13,lmx,m,19,125,126,4261315,4264577,178,54,learn_array_B,location-1,-1
13,lmx,m,19,52,54,4269257,4271551,160,126,learn_array_B,location-2,-2
13,lmx,m,19,60,54,4276284,4280216,77,126,learn_array_B,location-2,6
13,lmx,m,19,78,72,4284896,4289038,55,144,learn_array_A,location-1,6
13,lmx,m,19,146,144,4293695,4296664,160,72,learn_array_A,location-2,2
13,lmx,m,19,152,144,4301403,4304436,111,72,learn_array_A,location-2,8
13,lmx,m,19,76,72,4309231,4311603,84,144,learn_array_A,location-1,4
13,lmx,m,19,129,126,4316366,4318138,36,54,learn_array_B,location-1,3
13,lmx,m,19,59,54,4322737,4327266,94,126,learn_array_B,location-2,5
13,lmx,m,19,145,144,4332074,4345643,121,72,learn_array_A,location-2,1
13,lmx,m,19,54,54,4350419,4356122,139,126,learn_array_B,location-2,0
13,lmx,m,19,75,72,4360833,4363915,92,144,learn_array_A,location-1,3
13,lmx,m,19,136,144,4368733,4372135,129,72,learn_array_A,location-2,-8
13,lmx,m,19,78,72,4376951,4380523,75,144,learn_array_A,location-1,6
13,lmx,m,19,80,72,4385307,4389796,128,144,learn_array_A,location-1,8
13,lmx,m,19,47,54,4394605,4396743,176,126,learn_array_B,location-2,-7
13,lmx,m,19,54,54,4401541,4404716,22,126,learn_array_B,location-2,0
13,lmx,m,19,74,72,4409406,4411706,120,144,learn_array_A,location-1,2
13,lmx,m,19,123,126,4416366,4420054,126,54,learn_array_B,location-1,-3
13,lmx,m,19,74,72,4424833,4430359,1,144,learn_array_A,location-1,2
13,lmx,m,19,135,126,4434970,4437780,175,54,learn_array_B,location-1,9
13,lmx,m,19,86,72,4442403,4445357,28,144,learn_array_A,location-1,14
13,lmx,m,19,128,126,4450004,4452820,86,54,learn_array_B,location-1,2
13,lmx,m,19,54,54,4457660,4462029,128,126,learn_array_B,location-2,0
block
13,lmx,m,19,79,72,4468750,4472235,62,144,learn_array_A,location-1,7
13,lmx,m,19,57,54,4477000,4480926,95,126,learn_array_B,location-2,3
13,lmx,m,19,142,144,4485731,4488704,124,72,learn_array_A,location-2,-2
13,lmx,m,19,71,72,4493443,4498680,56,144,learn_array_A,location-1,-1
13,lmx,m,19,74,72,4503290,4508621,168,144,learn_array_A,location-1,2
13,lmx,m,19,123,126,4513416,4516815,19,54,learn_array_B,location-1,-3
13,lmx,m,19,130,126,4521639,4523407,159,54,learn_array_B,location-1,4
13,lmx,m,19,57,54,4528140,4531993,91,126,learn_array_B,location-2,3
13,lmx,m,19,125,126,4536750,4540493,88,54,learn_array_B,location-1,-1
13,lmx,m,19,142,144,4545272,4547640,15,72,learn_array_A,location-2,-2
13,lmx,m,19,56,54,4552301,4556410,56,126,learn_array_B,location-2,2
13,lmx,m,19,70,144,4561043,4563783,131,72,learn_array_A,location-2,-74
13,lmx,m,19,147,144,4568595,4571776,146,72,learn_array_A,location-2,3
13,lmx,m,19,136,144,4576514,4580922,80,72,learn_array_A,location-2,-8
13,lmx,m,19,73,72,4585716,4588159,14,144,learn_array_A,location-1,1
13,lmx,m,19,54,54,4592893,4597864,81,126,learn_array_B,location-2,0
13,lmx,m,19,56,54,4602660,4606487,130,126,learn_array_B,location-2,2
13,lmx,m,19,131,126,4611130,4637873,171,54,learn_array_B,location-1,5
13,lmx,m,19,140,144,4642515,4646862,50,72,learn_array_A,location-2,-4
13,lmx,m,19,143,144,4651487,4655258,60,72,learn_array_A,location-2,-1
13,lmx,m,19,78,72,4660042,4663796,127,144,learn_array_A,location-1,6
13,lmx,m,19,128,126,4668508,4670580,39,54,learn_array_B,location-1,2
13,lmx,m,19,126,54,4675339,4678796,94,126,learn_array_B,location-2,72
13,lmx,m,19,74,72,4683437,4686553,48,144,learn_array_A,location-1,2
13,lmx,m,19,148,144,4691286,4698374,118,72,learn_array_A,location-2,4
13,lmx,m,19,55,54,4703147,4705593,61,126,learn_array_B,location-2,1
13,lmx,m,19,135,126,4710247,4713408,131,54,learn_array_B,location-1,9
13,lmx,m,19,70,72,4718146,4723465,128,144,learn_array_A,location-1,-2
13,lmx,m,19,83,72,4728214,4731466,68,144,learn_array_A,location-1,11
13,lmx,m,19,52,54,4736176,4740609,89,126,learn_array_B,location-2,-2
13,lmx,m,19,132,126,4745276,4749580,93,54,learn_array_B,location-1,6
13,lmx,m,19,130,126,4754253,4760930,133,54,learn_array_B,location-1,4
block
13,lmx,m,19,85,72,4809439,4812906,9,144,learn_array_A,location-1,13
13,lmx,m,19,130,126,4817715,4820910,114,54,learn_array_B,location-1,4
13,lmx,m,19,141,144,4825749,4830285,60,72,learn_array_A,location-2,-3
13,lmx,m,19,146,144,4834876,4839589,170,72,learn_array_A,location-2,2
13,lmx,m,19,80,72,4844211,4848129,36,144,learn_array_A,location-1,8
13,lmx,m,19,148,144,4852750,4859742,150,72,learn_array_A,location-2,4
13,lmx,m,19,80,126,4864432,4870661,52,54,learn_array_B,location-1,-46
13,lmx,m,19,56,54,4875375,4882035,74,126,learn_array_B,location-2,2
13,lmx,m,19,76,72,4886629,4889060,51,144,learn_array_A,location-1,4
13,lmx,m,19,129,126,4893683,4899831,93,54,learn_array_B,location-1,3
13,lmx,m,19,145,144,4904574,4908643,156,72,learn_array_A,location-2,1
13,lmx,m,19,130,126,4913380,4919468,178,54,learn_array_B,location-1,4
13,lmx,m,19,144,144,4924178,4929076,142,72,learn_array_A,location-2,0
13,lmx,m,19,134,126,4933875,4943935,95,54,learn_array_B,location-1,8
13,lmx,m,19,147,144,4948584,4954761,58,72,learn_array_A,location-2,3
13,lmx,m,19,126,126,4959404,4964075,156,54,learn_array_B,location-1,0
13,lmx,m,19,51,54,4968875,4972478,44,126,learn_array_B,location-2,-3
13,lmx,m,19,78,72,4977208,4985130,118,144,learn_array_A,location-1,6
13,lmx,m,19,143,144,4989868,4998975,144,72,learn_array_A,location-2,-1
13,lmx,m,19,128,126,5003633,5007241,43,54,learn_array_B,location-1,2
13,lmx,m,19,72,72,5012053,5018324,139,144,learn_array_A,location-1,0
13,lmx,m,19,57,54,5023006,5026772,121,126,learn_array_B,location-2,3
13,lmx,m,19,74,72,5031460,5034397,65,144,learn_array_A,location-1,2
13,lmx,m,19,147,144,5039129,5042895,35,72,learn_array_A,location-2,3
13,lmx,m,19,68,72,5047614,5050396,14,144,learn_array_A,location-1,-4
13,lmx,m,19,52,54,5055106,5070751,150,126,learn_array_B,location-2,-2
13,lmx,m,19,56,54,5075524,5079207,40,126,learn_array_B,location-2,2
13,lmx,m,19,55,54,5084019,5088760,124,126,learn_array_B,location-2,1
13,lmx,m,19,79,72,5093404,5099651,90,144,learn_array_A,location-1,7
13,lmx,m,19,55,54,5104270,5112331,137,126,learn_array_B,location-2,1
13,lmx,m,19,52,54,5116970,5123347,41,126,learn_array_B,location-2,-2
13,lmx,m,19,125,126,5128076,5130812,102,54,learn_array_B,location-1,-1
block
13,lmx,m,19,56,54,5139311,5142940,118,126,learn_array_B,location-2,2
13,lmx,m,19,129,126,5147646,5149652,136,54,learn_array_B,location-1,3
13,lmx,m,19,144,144,5154373,5158463,137,72,learn_array_A,location-2,0
13,lmx,m,19,78,72,5163242,5164936,24,144,learn_array_A,location-1,6
13,lmx,m,19,57,54,5169630,5174508,108,126,learn_array_B,location-2,3
13,lmx,m,19,127,126,5179184,5188452,158,54,learn_array_B,location-1,1
13,lmx,m,19,56,54,5193167,5197828,23,126,learn_array_B,location-2,2
13,lmx,m,19,90,72,5202613,5205183,156,144,learn_array_A,location-1,18
13,lmx,m,19,74,144,5209780,5214356,156,72,learn_array_A,location-2,-70
13,lmx,m,19,66,72,5218961,5221783,118,144,learn_array_A,location-1,-6
13,lmx,m,19,77,72,5226382,5231331,12,144,learn_array_A,location-1,5
13,lmx,m,19,148,144,5235952,5237722,141,72,learn_array_A,location-2,4
13,lmx,m,19,131,126,5242356,5246344,68,54,learn_array_B,location-1,5
13,lmx,m,19,134,126,5251170,5254330,122,54,learn_array_B,location-1,8
13,lmx,m,19,53,54,5259165,5262569,49,126,learn_array_B,location-2,-1
13,lmx,m,19,144,144,5267226,5269669,38,72,learn_array_A,location-2,0
13,lmx,m,19,130,126,5274303,5277190,10,54,learn_array_B,location-1,4
13,lmx,m,19,129,126,5282012,5285108,81,54,learn_array_B,location-1,3
13,lmx,m,19,49,54,5289867,5293929,78,126,learn_array_B,location-2,-5
13,lmx,m,19,73,72,5298664,5302728,18,144,learn_array_A,location-1,1
13,lmx,m,19,144,144,5307489,5315723,62,72,learn_array_A,location-2,0
13,lmx,m,19,53,54,5320497,5325541,6,126,learn_array_B,location-2,-1
13,lmx,m,19,54,54,5330251,5339237,143,126,learn_array_B,location-2,0
13,lmx,m,19,71,72,5344066,5345913,6,144,learn_array_A,location-1,-1
13,lmx,m,19,142,144,5350611,5354153,64,72,learn_array_A,location-2,-2
13,lmx,m,19,56,72,5358899,5366179,34,144,learn_array_A,location-1,-16
13,lmx,m,19,143,144,5370835,5375049,68,72,learn_array_A,location-2,-1
13,lmx,m,19,75,72,5379698,5383176,162,144,learn_array_A,location-1,3
13,lmx,m,19,147,144,5387994,5394255,165,72,learn_array_A,location-2,3
13,lmx,m,19,126,126,5398853,5405594,137,54,learn_array_B,location-1,0
13,lmx,m,19,132,126,5410339,5412476,162,54,learn_array_B,location-1,6
13,lmx,m,19,53,54,5417235,5424691,46,126,learn_array_B,location-2,-1
block
13,lmx,m,19,55,54,5434047,5440337,68,126,learn_array_B,location-2,1
13,lmx,m,19,79,72,5445176,5448716,46,144,learn_array_A,location-1,7
13,lmx,m,19,128,126,5453427,5460003,18,54,learn_array_B,location-1,2
13,lmx,m,19,79,72,5464728,5468655,106,144,learn_array_A,location-1,7
13,lmx,m,19,58,54,5473297,5480523,29,126,learn_array_B,location-2,4
13,lmx,m,19,148,144,5485343,5494699,164,72,learn_array_A,location-2,4
13,lmx,m,19,145,144,5499531,5504472,57,72,learn_array_A,location-2,1
13,lmx,m,19,53,54,5509109,5513603,2,126,learn_array_B,location-2,-1
13,lmx,m,19,148,144,5518259,5521203,4,72,learn_array_A,location-2,4
13,lmx,m,19,72,72,5525891,5532170,153,144,learn_array_A,location-1,0
13,lmx,m,19,57,54,5536967,5545757,78,126,learn_array_B,location-2,3
13,lmx,m,19,52,54,5550423,5554842,24,126,learn_array_B,location-2,-2
13,lmx,m,19,125,126,5559652,5567126,127,54,learn_array_B,location-1,-1
13,lmx,m,19,132,126,5571805,5576371,80,54,learn_array_B,location-1,6
13,lmx,m,19,145,144,5581050,5588060,42,72,learn_array_A,location-2,1
13,lmx,m,19,147,144,5592832,5613142,91,72,learn_array_A,location-2,3
13,lmx,m,19,77,72,5617852,5620436,37,144,learn_array_A,location-1,5
13,lmx,m,19,128,126,5625126,5628365,105,54,learn_array_B,location-1,2
13,lmx,m,19,130,126,5633128,5648438,149,54,learn_array_B,location-1,4
13,lmx,m,19,142,144,5653142,5659044,2,72,learn_array_A,location-2,-2
13,lmx,m,19,55,54,5663784,5666437,42,126,learn_array_B,location-2,1
13,lmx,m,19,64,54,5671170,5674575,173,126,learn_array_B,location-2,10
13,lmx,m,19,139,144,5679258,5687223,72,72,learn_array_A,location-2,-5
13,lmx,m,19,72,72,5691913,5696866,144,144,learn_array_A,location-1,0
13,lmx,m,19,143,144,5701663,5704989,130,72,learn_array_A,location-2,-1
13,lmx,m,19,76,72,5709815,5711655,22,144,learn_array_A,location-1,4
13,lmx,m,19,130,126,5716358,5718063,113,54,learn_array_B,location-1,4
13,lmx,m,19,80,72,5722684,5724745,17,144,learn_array_A,location-1,8
13,lmx,m,19,132,126,5729456,5731600,27,54,learn_array_B,location-1,6
13,lmx,m,19,71,72,5736324,5738181,125,144,learn_array_A,location-1,-1
13,lmx,m,19,133,126,5742994,5744979,15,54,learn_array_B,location-1,7
13,lmx,m,19,76,54,5749725,5751866,22,126,learn_array_B,location-2,22
block
13,lmx,m,19,149,144,5758303,5761258,110,72,learn_array_A,location-2,5
13,lmx,m,19,57,54,5766057,5769082,12,126,learn_array_B,location-2,3
13,lmx,m,19,78,72,5773710,5777490,89,144,learn_array_A,location-1,6
13,lmx,m,19,76,72,5782289,5784733,130,144,learn_array_A,location-1,4
13,lmx,m,19,145,144,5789418,5792904,75,72,learn_array_A,location-2,1
13,lmx,m,19,135,126,5797739,5801298,52,54,learn_array_B,location-1,9
13,lmx,m,19,75,144,5806005,5808303,176,72,learn_array_A,location-2,-69
13,lmx,m,19,53,54,5813131,5816231,132,126,learn_array_B,location-2,-1
13,lmx,m,19,58,54,5821047,5824600,99,126,learn_array_B,location-2,4
13,lmx,m,19,148,144,5829254,5831847,84,72,learn_array_A,location-2,4
13,lmx,m,19,127,126,5836591,5842002,121,54,learn_array_B,location-1,1
13,lmx,m,19,130,126,5846799,5850588,77,54,learn_array_B,location-1,4
13,lmx,m,19,128,126,5855385,5861016,149,54,learn_array_B,location-1,2
13,lmx,m,19,120,126,5865618,5868503,132,54,learn_array_B,location-1,-6
13,lmx,m,19,148,144,5873189,5875402,106,72,learn_array_A,location-2,4
13,lmx,m,19,142,144,5880091,5883267,22,72,learn_array_A,location-2,-2
13,lmx,m,19,75,72,5888094,5892024,55,144,learn_array_A,location-1,3
13,lmx,m,19,134,126,5896666,5900138,177,54,learn_array_B,location-1,8
13,lmx,m,19,51,54,5904950,5912845,141,126,learn_array_B,location-2,-3
13,lmx,m,19,127,126,5917441,5921289,116,54,learn_array_B,location-1,1
13,lmx,m,19,50,54,5926095,5930966,164,126,learn_array_B,location-2,-4
13,lmx,m,19,49,54,5935633,5938516,18,126,learn_array_B,location-2,-5
13,lmx,m,19,54,54,5943239,5951143,152,126,learn_array_B,location-2,0
13,lmx,m,19,133,126,5955845,5957764,19,54,learn_array_B,location-1,7
13,lmx,m,19,77,72,5962355,5966846,27,144,learn_array_A,location-1,5
13,lmx,m,19,78,144,5971509,5978377,69,72,learn_array_A,location-2,-66
13,lmx,m,19,75,72,5983150,5985953,78,144,learn_array_A,location-1,3
13,lmx,m,19,145,144,5990646,5993157,4,72,learn_array_A,location-2,1
13,lmx,m,19,67,72,5997809,6000239,141,144,learn_array_A,location-1,-5
13,lmx,m,19,82,72,6005008,6008410,59,144,learn_array_A,location-1,10
13,lmx,m,19,76,72,6013144,6017271,104,144,learn_array_A,location-1,4
13,lmx,m,19,52,54,6021937,6029562,23,126,learn_array_B,location-2,-2
block
