subj,name,gender,age,col_resp,target_angle,start_time,resp_time,start_angle,other_angle,learn_array,location,d_value
14,yw,f,21,37,36,51256,54865,169,162,learn_array_B,location-2,1
14,yw,f,21,118,108,59520,67086,93,72,learn_array_A,location-2,10
14,yw,f,21,80,72,71710,75402,107,108,learn_array_A,location-1,8
14,yw,f,21,161,36,80060,84999,135,162,learn_array_B,location-2,-55
14,yw,f,21,119,108,89769,94552,96,72,learn_array_A,location-2,11
14,yw,f,21,77,72,99334,102286,76,108,learn_array_A,location-1,5
14,yw,f,21,170,162,107002,110532,37,36,learn_array_B,location-1,8
14,yw,f,21,72,72,115236,118849,76,108,learn_array_A,location-1,0
14,yw,f,21,158,162,123491,125689,127,36,learn_array_B,location-1,-4
14,yw,f,21,165,162,130426,134699,32,36,learn_array_B,location-1,3
14,yw,f,21,136,108,139460,143723,92,72,learn_array_A,location-2,28
14,yw,f,21,117,108,148436,152789,12,72,learn_array_A,location-2,9
14,yw,f,21,76,72,157503,160447,41,108,learn_array_A,location-1,4
14,yw,f,21,111,108,165285,168750,24,72,learn_array_A,location-2,3
14,yw,f,21,155,162,173489,178127,54,36,learn_array_B,location-1,-7
14,yw,f,21,40,36,182936,187042,112,162,learn_array_B,location-2,4
14,yw,f,21,122,108,191644,195908,177,72,learn_array_A,location-2,14
14,yw,f,21,76,72,200569,203356,42,108,learn_array_A,location-1,4
14,yw,f,21,36,36,208015,211332,31,162,learn_array_B,location-2,0
14,yw,f,21,83,72,216116,222364,123,108,learn_array_A,location-1,11
14,yw,f,21,83,72,227185,230551,47,108,learn_array_A,location-1,11
14,yw,f,21,165,162,235276,238801,90,36,learn_array_B,location-1,3
14,yw,f,21,120,108,243574,248413,55,72,learn_array_A,location-2,12
14,yw,f,21,39,36,253165,260159,31,162,learn_array_B,location-2,3
14,yw,f,21,161,162,264993,267779,53,36,learn_array_B,location-1,-1
14,yw,f,21,40,36,272452,276724,17,162,learn_array_B,location-2,4
14,yw,f,21,31,36,281365,284442,11,162,learn_array_B,location-2,-5
14,yw,f,21,115,108,289157,291495,77,72,learn_array_A,location-2,7
14,yw,f,21,166,162,296247,299412,39,36,learn_array_B,location-1,4
14,yw,f,21,78,72,304126,310058,90,108,learn_array_A,location-1,6
14,yw,f,21,43,36,314672,319387,105,162,learn_array_B,location-2,7
14,yw,f,21,168,162,324216,327657,2,36,learn_array_B,location-1,6
block,,,,,,,,,,,,
14,yw,f,21,162,162,412020,415192,19,36,learn_array_B,location-1,0
14,yw,f,21,127,108,419992,422789,27,72,learn_array_A,location-2,19
14,yw,f,21,72,72,427478,430857,47,108,learn_array_A,location-1,0
14,yw,f,21,37,36,435623,439100,58,162,learn_array_B,location-2,1
14,yw,f,21,91,72,443772,447013,114,108,learn_array_A,location-1,19
14,yw,f,21,31,36,451760,455007,51,162,learn_array_B,location-2,-5
14,yw,f,21,169,162,459731,463457,126,36,learn_array_B,location-1,7
14,yw,f,21,32,36,468224,471606,142,162,learn_array_B,location-2,-4
14,yw,f,21,73,72,476428,481284,38,108,learn_array_A,location-1,1
14,yw,f,21,121,108,486009,489161,54,72,learn_array_A,location-2,13
14,yw,f,21,110,108,493962,498021,157,72,learn_array_A,location-2,2
14,yw,f,21,168,162,502847,507821,47,36,learn_array_B,location-1,6
14,yw,f,21,169,162,512654,516782,26,36,learn_array_B,location-1,7
14,yw,f,21,73,72,521550,525449,65,108,learn_array_A,location-1,1
14,yw,f,21,82,72,530154,532886,14,108,learn_array_A,location-1,10
14,yw,f,21,104,108,537512,542397,44,72,learn_array_A,location-2,-4
14,yw,f,21,37,36,547141,550618,35,162,learn_array_B,location-2,1
14,yw,f,21,116,108,555428,560755,128,72,learn_array_A,location-2,8
14,yw,f,21,121,108,565594,569726,51,72,learn_array_A,location-2,13
14,yw,f,21,128,108,574329,577880,60,72,learn_array_A,location-2,20
14,yw,f,21,37,36,582545,587111,147,162,learn_array_B,location-2,1
14,yw,f,21,35,36,591860,596585,25,162,learn_array_B,location-2,-1
14,yw,f,21,42,162,601386,604479,158,36,learn_array_B,location-1,60
14,yw,f,21,42,36,609308,613438,161,162,learn_array_B,location-2,6
14,yw,f,21,40,36,618089,621407,126,162,learn_array_B,location-2,4
14,yw,f,21,166,162,626101,629866,45,36,learn_array_B,location-1,4
14,yw,f,21,70,72,634573,641088,1,108,learn_array_A,location-1,-2
14,yw,f,21,162,162,645877,648389,101,36,learn_array_B,location-1,0
14,yw,f,21,77,72,653196,657764,55,108,learn_array_A,location-1,5
14,yw,f,21,161,162,662512,666859,117,36,learn_array_B,location-1,-1
14,yw,f,21,116,108,671453,674626,148,72,learn_array_A,location-2,8
14,yw,f,21,87,72,679368,682030,109,108,learn_array_A,location-1,15
block,,,,,,,,,,,,
14,yw,f,21,35,36,693075,698615,110,162,learn_array_B,location-2,-1
14,yw,f,21,74,72,703286,709035,143,108,learn_array_A,location-1,2
14,yw,f,21,125,108,713702,717446,12,72,learn_array_A,location-2,17
14,yw,f,21,81,72,722080,728652,146,108,learn_array_A,location-1,9
14,yw,f,21,29,36,733380,736326,91,162,learn_array_B,location-2,-7
14,yw,f,21,77,72,741103,745166,172,108,learn_array_A,location-1,5
14,yw,f,21,161,162,749980,753365,142,36,learn_array_B,location-1,-1
14,yw,f,21,39,36,758039,761059,177,162,learn_array_B,location-2,3
14,yw,f,21,117,108,765823,769369,101,72,learn_array_A,location-2,9
14,yw,f,21,122,108,774032,777110,92,72,learn_array_A,location-2,14
14,yw,f,21,42,36,781731,785921,177,162,learn_array_B,location-2,6
14,yw,f,21,68,72,790609,793543,159,108,learn_array_A,location-1,-4
14,yw,f,21,162,162,798139,800122,118,36,learn_array_B,location-1,0
14,yw,f,21,122,36,804882,808627,25,162,learn_array_B,location-2,86
14,yw,f,21,38,36,813450,817223,157,162,learn_array_B,location-2,2
14,yw,f,21,129,108,821814,824240,140,72,learn_array_A,location-2,21
14,yw,f,21,161,162,828971,831183,125,36,learn_array_B,location-1,-1
14,yw,f,21,123,108,835994,839604,51,72,learn_array_A,location-2,15
14,yw,f,21,35,36,844196,846098,116,162,learn_array_B,location-2,-1
14,yw,f,21,129,108,850861,855165,125,72,learn_array_A,location-2,21
14,yw,f,21,162,162,859948,862661,96,36,learn_array_B,location-1,0
14,yw,f,21,160,162,867369,869575,54,36,learn_array_B,location-1,-2
14,yw,f,21,164,162,874331,876463,34,36,learn_array_B,location-1,2
14,yw,f,21,120,108,881251,889253,174,72,learn_array_A,location-2,12
14,yw,f,21,78,72,894015,896000,8,108,learn_array_A,location-1,6
14,yw,f,21,74,72,900627,903497,123,108,learn_array_A,location-1,2
14,yw,f,21,67,72,908227,911318,140,108,learn_array_A,location-1,-5
14,yw,f,21,164,162,916070,921058,161,36,learn_array_B,location-1,2
14,yw,f,21,33,36,925822,930403,78,162,learn_array_B,location-2,-3
14,yw,f,21,168,162,935002,937723,23,36,learn_array_B,location-1,6
14,yw,f,21,113,108,942537,946361,83,72,learn_array_A,location-2,5
14,yw,f,21,87,72,951051,953031,164,108,learn_array_A,location-1,15
block,,,,,,,,,,,,
14,yw,f,21,161,162,968211,972941,97,36,learn_array_B,location-1,-1
14,yw,f,21,156,162,977686,980337,124,36,learn_array_B,location-1,-6
14,yw,f,21,118,108,985009,987446,72,72,learn_array_A,location-2,10
14,yw,f,21,33,36,992061,995956,20,162,learn_array_B,location-2,-3
14,yw,f,21,30,36,1000574,1003903,124,162,learn_array_B,location-2,-6
14,yw,f,21,161,162,1008634,1011861,139,36,learn_array_B,location-1,-1
14,yw,f,21,115,108,1016661,1021082,5,72,learn_array_A,location-2,7
14,yw,f,21,120,36,1025674,1034177,115,162,learn_array_B,location-2,84
14,yw,f,21,68,72,1038824,1043777,53,108,learn_array_A,location-1,-4
14,yw,f,21,114,108,1048471,1051049,134,72,learn_array_A,location-2,6
14,yw,f,21,152,162,1055820,1059948,146,36,learn_array_B,location-1,-10
14,yw,f,21,108,108,1064623,1070469,50,72,learn_array_A,location-2,0
14,yw,f,21,107,108,1075241,1078416,65,72,learn_array_A,location-2,-1
14,yw,f,21,78,72,1083085,1086268,140,108,learn_array_A,location-1,6
14,yw,f,21,110,108,1091019,1093291,31,72,learn_array_A,location-2,2
14,yw,f,21,75,72,1097929,1100514,135,108,learn_array_A,location-1,3
14,yw,f,21,163,162,1105133,1109832,25,36,learn_array_B,location-1,1
14,yw,f,21,77,72,1114496,1118113,115,108,learn_array_A,location-1,5
14,yw,f,21,75,72,1122778,1125796,111,108,learn_array_A,location-1,3
14,yw,f,21,108,108,1130413,1134035,167,72,learn_array_A,location-2,0
14,yw,f,21,36,36,1138670,1145410,49,162,learn_array_B,location-2,0
14,yw,f,21,165,162,1150066,1153245,168,36,learn_array_B,location-1,3
14,yw,f,21,74,72,1157989,1160634,50,108,learn_array_A,location-1,2
14,yw,f,21,32,36,1165393,1168496,111,162,learn_array_B,location-2,-4
14,yw,f,21,115,108,1173281,1178449,145,72,learn_array_A,location-2,7
14,yw,f,21,80,72,1183101,1187744,84,108,learn_array_A,location-1,8
14,yw,f,21,39,36,1192345,1195812,34,162,learn_array_B,location-2,3
14,yw,f,21,35,36,1200478,1204654,36,162,learn_array_B,location-2,-1
14,yw,f,21,167,162,1209245,1211980,81,36,learn_array_B,location-1,5
14,yw,f,21,83,72,1216607,1222296,145,108,learn_array_A,location-1,11
14,yw,f,21,33,36,1226943,1231232,126,162,learn_array_B,location-2,-3
14,yw,f,21,164,162,1235942,1248875,155,36,learn_array_B,location-1,2
block,,,,,,,,,,,,
14,yw,f,21,28,36,1306627,1309438,151,162,learn_array_B,location-2,-8
14,yw,f,21,160,162,1314108,1316850,142,36,learn_array_B,location-1,-2
14,yw,f,21,30,36,1321462,1325611,78,162,learn_array_B,location-2,-6
14,yw,f,21,37,36,1330394,1332837,68,162,learn_array_B,location-2,1
14,yw,f,21,122,108,1337634,1340070,120,72,learn_array_A,location-2,14
14,yw,f,21,162,162,1344759,1348008,28,36,learn_array_B,location-1,0
14,yw,f,21,117,108,1352624,1354687,73,72,learn_array_A,location-2,9
14,yw,f,21,65,72,1359391,1362029,163,108,learn_array_A,location-1,-7
14,yw,f,21,116,108,1366659,1369920,179,72,learn_array_A,location-2,8
14,yw,f,21,111,36,1374678,1381108,52,162,learn_array_B,location-2,75
14,yw,f,21,153,162,1385933,1390292,22,36,learn_array_B,location-1,-9
14,yw,f,21,78,72,1395045,1397324,27,108,learn_array_A,location-1,6
14,yw,f,21,78,162,1401954,1412483,178,36,learn_array_B,location-1,-84
14,yw,f,21,83,72,1417074,1420329,81,108,learn_array_A,location-1,11
14,yw,f,21,45,36,1425042,1429250,19,162,learn_array_B,location-2,9
14,yw,f,21,78,72,1434010,1437421,110,108,learn_array_A,location-1,6
14,yw,f,21,113,108,1442072,1445024,167,72,learn_array_A,location-2,5
14,yw,f,21,107,108,1449755,1453240,56,72,learn_array_A,location-2,-1
14,yw,f,21,35,36,1457834,1461960,47,162,learn_array_B,location-2,-1
14,yw,f,21,84,72,1466732,1468879,51,108,learn_array_A,location-1,12
14,yw,f,21,85,72,1473714,1476434,129,108,learn_array_A,location-1,13
14,yw,f,21,160,162,1481200,1484308,103,36,learn_array_B,location-1,-2
14,yw,f,21,78,72,1489038,1490886,10,108,learn_array_A,location-1,6
14,yw,f,21,163,162,1495626,1497752,15,36,learn_array_B,location-1,1
14,yw,f,21,163,162,1502558,1505150,110,36,learn_array_B,location-1,1
14,yw,f,21,30,36,1509884,1513119,32,162,learn_array_B,location-2,-6
14,yw,f,21,79,72,1517932,1520224,55,108,learn_array_A,location-1,7
14,yw,f,21,110,108,1524832,1528459,57,72,learn_array_A,location-2,2
14,yw,f,21,169,162,1533248,1540486,5,36,learn_array_B,location-1,7
14,yw,f,21,111,108,1545254,1547845,167,72,learn_array_A,location-2,3
14,yw,f,21,122,108,1552600,1556598,41,72,learn_array_A,location-2,14
14,yw,f,21,32,36,1561332,1563700,177,162,learn_array_B,location-2,-4
block,,,,,,,,,,,,
14,yw,f,21,33,36,1795188,1797924,94,162,learn_array_B,location-2,-3
14,yw,f,21,127,108,1802762,1804615,51,72,learn_array_A,location-2,19
14,yw,f,21,31,36,1809241,1811742,166,162,learn_array_B,location-2,-5
14,yw,f,21,174,162,1816469,1818468,22,36,learn_array_B,location-1,12
14,yw,f,21,124,108,1823136,1824907,36,72,learn_array_A,location-2,16
14,yw,f,21,89,72,1829539,1831972,106,108,learn_array_A,location-1,17
14,yw,f,21,78,72,1836684,1838376,101,108,learn_array_A,location-1,6
14,yw,f,21,163,162,1843207,1849761,43,36,learn_array_B,location-1,1
14,yw,f,21,164,162,1854414,1857357,4,36,learn_array_B,location-1,2
14,yw,f,21,24,36,1862189,1865065,134,162,learn_array_B,location-2,-12
14,yw,f,21,120,108,1869668,1876782,11,72,learn_array_A,location-2,12
14,yw,f,21,124,108,1881473,1897641,74,72,learn_array_A,location-2,16
14,yw,f,21,80,72,1902415,1904391,142,108,learn_array_A,location-1,8
14,yw,f,21,126,108,1909106,1914126,171,72,learn_array_A,location-2,18
14,yw,f,21,32,36,1918945,1921677,73,162,learn_array_B,location-2,-4
14,yw,f,21,108,108,1926499,1930041,112,72,learn_array_A,location-2,0
14,yw,f,21,36,36,1934840,1939597,15,162,learn_array_B,location-2,0
14,yw,f,21,34,36,1944303,1947261,125,162,learn_array_B,location-2,-2
14,yw,f,21,26,36,1951913,1955872,14,162,learn_array_B,location-2,-10
14,yw,f,21,76,72,1960605,1965559,40,108,learn_array_A,location-1,4
14,yw,f,21,163,162,1970372,1973470,123,36,learn_array_B,location-1,1
14,yw,f,21,161,162,1978175,1981276,35,36,learn_array_B,location-1,-1
14,yw,f,21,67,72,1986087,1989980,149,108,learn_array_A,location-1,-5
14,yw,f,21,73,72,1994672,1998131,159,108,learn_array_A,location-1,1
14,yw,f,21,124,108,2002806,2005020,138,72,learn_array_A,location-2,16
14,yw,f,21,109,108,2009704,2012139,87,72,learn_array_A,location-2,1
14,yw,f,21,88,72,2016916,2019359,65,108,learn_array_A,location-1,16
14,yw,f,21,80,72,2024090,2025860,133,108,learn_array_A,location-1,8
14,yw,f,21,160,162,2030694,2032240,56,36,learn_array_B,location-1,-2
14,yw,f,21,36,36,2037025,2039676,88,162,learn_array_B,location-2,0
14,yw,f,21,164,162,2044299,2047032,104,36,learn_array_B,location-1,2
14,yw,f,21,166,162,2051630,2054802,133,36,learn_array_B,location-1,4
block,,,,,,,,,,,,
14,yw,f,21,78,72,2061731,2064383,42,108,learn_array_A,location-1,6
14,yw,f,21,30,36,2069045,2071404,97,162,learn_array_B,location-2,-6
14,yw,f,21,119,108,2076188,2078244,84,72,learn_array_A,location-2,11
14,yw,f,21,170,162,2082981,2090444,130,36,learn_array_B,location-1,8
14,yw,f,21,34,36,2095265,2097703,78,162,learn_array_B,location-2,-2
14,yw,f,21,30,36,2102428,2105760,86,162,learn_array_B,location-2,-6
14,yw,f,21,84,72,2110404,2113045,72,108,learn_array_A,location-1,12
14,yw,f,21,168,162,2117751,2121292,147,36,learn_array_B,location-1,6
14,yw,f,21,121,108,2126097,2128669,125,72,learn_array_A,location-2,13
14,yw,f,21,117,108,2133459,2137727,112,72,learn_array_A,location-2,9
14,yw,f,21,80,72,2142355,2145222,121,108,learn_array_A,location-1,8
14,yw,f,21,115,108,2149863,2152069,122,72,learn_array_A,location-2,7
14,yw,f,21,167,162,2156728,2159808,12,36,learn_array_B,location-1,5
14,yw,f,21,166,162,2164409,2167584,66,36,learn_array_B,location-1,4
14,yw,f,21,110,108,2172338,2175793,10,72,learn_array_A,location-2,2
14,yw,f,21,36,36,2180400,2184390,132,162,learn_array_B,location-2,0
14,yw,f,21,43,36,2189069,2192385,101,162,learn_array_B,location-2,7
14,yw,f,21,107,108,2197002,2199861,109,72,learn_array_A,location-2,-1
14,yw,f,21,169,162,2204661,2208945,133,36,learn_array_B,location-1,7
14,yw,f,21,110,108,2213618,2216275,79,72,learn_array_A,location-2,2
14,yw,f,21,118,108,2221010,2224646,144,72,learn_array_A,location-2,10
14,yw,f,21,77,72,2229319,2231610,163,108,learn_array_A,location-1,5
14,yw,f,21,34,36,2236338,2239365,112,162,learn_array_B,location-2,-2
14,yw,f,21,37,36,2243983,2247150,174,162,learn_array_B,location-2,1
14,yw,f,21,79,72,2251911,2255236,148,108,learn_array_A,location-1,7
14,yw,f,21,166,162,2259855,2262204,90,36,learn_array_B,location-1,4
14,yw,f,21,80,72,2266960,2274494,163,108,learn_array_A,location-1,8
14,yw,f,21,78,72,2279296,2282459,143,108,learn_array_A,location-1,6
14,yw,f,21,81,72,2287180,2291033,9,108,learn_array_A,location-1,9
14,yw,f,21,164,162,2295863,2298946,60,36,learn_array_B,location-1,2
14,yw,f,21,161,162,2303545,2305388,26,36,learn_array_B,location-1,-1
14,yw,f,21,36,36,2310176,2312981,12,162,learn_array_B,location-2,0
block,,,,,,,,,,,,
14,yw,f,21,80,72,2320354,2322638,100,108,learn_array_A,location-1,8
14,yw,f,21,77,72,2327469,2330714,177,108,learn_array_A,location-1,5
14,yw,f,21,111,108,2335459,2338631,14,72,learn_array_A,location-2,3
14,yw,f,21,116,36,2343438,2346694,100,162,learn_array_B,location-2,80
14,yw,f,21,165,162,2351485,2354437,61,36,learn_array_B,location-1,3
14,yw,f,21,113,108,2359186,2363033,134,72,learn_array_A,location-2,5
14,yw,f,21,43,36,2367730,2371337,150,162,learn_array_B,location-2,7
14,yw,f,21,43,36,2376107,2380018,70,162,learn_array_B,location-2,7
14,yw,f,21,76,72,2384786,2387147,116,108,learn_array_A,location-1,4
14,yw,f,21,49,36,2391978,2394934,68,162,learn_array_B,location-2,13
14,yw,f,21,108,108,2399591,2402931,103,72,learn_array_A,location-2,0
14,yw,f,21,37,36,2407549,2413273,70,162,learn_array_B,location-2,1
14,yw,f,21,163,162,2417981,2421001,45,36,learn_array_B,location-1,1
14,yw,f,21,163,162,2425649,2428878,122,36,learn_array_B,location-1,1
14,yw,f,21,122,108,2433599,2436844,38,72,learn_array_A,location-2,14
14,yw,f,21,41,36,2441596,2444019,130,162,learn_array_B,location-2,5
14,yw,f,21,78,72,2448718,2452475,27,108,learn_array_A,location-1,6
14,yw,f,21,78,72,2457236,2461350,102,108,learn_array_A,location-1,6
14,yw,f,21,72,72,2465940,2468599,160,108,learn_array_A,location-1,0
14,yw,f,21,69,72,2473239,2476270,43,108,learn_array_A,location-1,-3
14,yw,f,21,110,108,2480927,2483217,173,72,learn_array_A,location-2,2
14,yw,f,21,165,162,2487953,2490520,96,36,learn_array_B,location-1,3
14,yw,f,21,111,108,2495317,2499537,106,72,learn_array_A,location-2,3
14,yw,f,21,160,162,2504211,2507892,109,36,learn_array_B,location-1,-2
14,yw,f,21,114,108,2512493,2515305,45,72,learn_array_A,location-2,6
14,yw,f,21,115,108,2520127,2526186,33,72,learn_array_A,location-2,7
14,yw,f,21,164,162,2530786,2534698,19,36,learn_array_B,location-1,2
14,yw,f,21,83,72,2539342,2542157,68,108,learn_array_A,location-1,11
14,yw,f,21,164,162,2546880,2551159,6,36,learn_array_B,location-1,2
14,yw,f,21,34,36,2555826,2559372,34,162,learn_array_B,location-2,-2
14,yw,f,21,33,36,2564110,2567067,161,162,learn_array_B,location-2,-3
14,yw,f,21,162,162,2571723,2577271,85,36,learn_array_B,location-1,0
block,,,,,,,,,,,,
14,yw,f,21,157,162,2583763,2584865,85,36,learn_array_B,location-1,-5
14,yw,f,21,74,72,2589521,2591736,107,108,learn_array_A,location-1,2
14,yw,f,21,170,36,2596475,2598160,15,162,learn_array_B,location-2,-46
14,yw,f,21,122,108,2602865,2605369,138,72,learn_array_A,location-2,14
14,yw,f,21,22,36,2609977,2612933,83,162,learn_array_B,location-2,-14
14,yw,f,21,26,36,2617655,2621126,92,162,learn_array_B,location-2,-10
14,yw,f,21,40,36,2625809,2627507,95,162,learn_array_B,location-2,4
14,yw,f,21,121,108,2632245,2634298,119,72,learn_array_A,location-2,13
14,yw,f,21,164,162,2639075,2641506,141,36,learn_array_B,location-1,2
14,yw,f,21,130,108,2646316,2648009,68,72,learn_array_A,location-2,22
14,yw,f,21,87,72,2652823,2654526,110,108,learn_array_A,location-1,15
14,yw,f,21,33,36,2659290,2664216,15,162,learn_array_B,location-2,-3
14,yw,f,21,75,108,2668901,2670975,80,72,learn_array_A,location-2,-33
14,yw,f,21,118,36,2675812,2679645,102,162,learn_array_B,location-2,82
14,yw,f,21,166,162,2684361,2686287,138,36,learn_array_B,location-1,4
14,yw,f,21,163,162,2690907,2694215,66,36,learn_array_B,location-1,1
14,yw,f,21,130,108,2699043,2701193,157,72,learn_array_A,location-2,22
14,yw,f,21,109,108,2705784,2708296,156,72,learn_array_A,location-2,1
14,yw,f,21,163,162,2712997,2715963,56,36,learn_array_B,location-1,1
14,yw,f,21,165,162,2720630,2722463,3,36,learn_array_B,location-1,3
14,yw,f,21,42,162,2727272,2730007,56,36,learn_array_B,location-1,60
14,yw,f,21,35,36,2734627,2737060,166,162,learn_array_B,location-2,-1
14,yw,f,21,115,108,2741799,2744606,148,72,learn_array_A,location-2,7
14,yw,f,21,108,108,2749270,2750670,160,72,learn_array_A,location-2,0
14,yw,f,21,70,72,2755456,2757205,1,108,learn_array_A,location-1,-2
14,yw,f,21,77,72,2761861,2763551,174,108,learn_array_A,location-1,5
14,yw,f,21,75,72,2768158,2770141,144,108,learn_array_A,location-1,3
14,yw,f,21,35,36,2774809,2777311,121,162,learn_array_B,location-2,-1
14,yw,f,21,179,162,2782016,2784947,31,36,learn_array_B,location-1,17
14,yw,f,21,80,72,2789722,2794384,145,108,learn_array_A,location-1,8
14,yw,f,21,69,72,2799145,2804280,103,108,learn_array_A,location-1,-3
14,yw,f,21,75,72,2809041,2810887,124,108,learn_array_A,location-1,3
block,,,,,,,,,,,,
14,yw,f,21,31,36,2817379,2820983,147,162,learn_array_B,location-2,-5
14,yw,f,21,115,108,2825726,2827864,120,72,learn_array_A,location-2,7
14,yw,f,21,80,72,2832471,2835185,151,108,learn_array_A,location-1,8
14,yw,f,21,72,72,2839787,2845090,88,108,learn_array_A,location-1,0
14,yw,f,21,179,162,2849891,2853806,25,36,learn_array_B,location-1,17
14,yw,f,21,165,162,2858443,2862760,77,36,learn_array_B,location-1,3
14,yw,f,21,24,36,2867372,2870101,26,162,learn_array_B,location-2,-12
14,yw,f,21,168,162,2874788,2877811,130,36,learn_array_B,location-1,6
14,yw,f,21,172,162,2882630,2884468,124,36,learn_array_B,location-1,10
14,yw,f,21,33,36,2889099,2891971,11,162,learn_array_B,location-2,-3
14,yw,f,21,77,72,2896565,2899964,81,108,learn_array_A,location-1,5
14,yw,f,21,170,162,2904671,2907608,140,36,learn_array_B,location-1,8
14,yw,f,21,29,36,2912409,2914916,160,162,learn_array_B,location-2,-7
14,yw,f,21,126,108,2919671,2921738,177,72,learn_array_A,location-2,18
14,yw,f,21,102,108,2926429,2930098,79,72,learn_array_A,location-2,-6
14,yw,f,21,83,72,2934737,2936875,67,108,learn_array_A,location-1,11
14,yw,f,21,106,108,2941655,2943501,54,72,learn_array_A,location-2,-2
14,yw,f,21,113,108,2948125,2950025,92,72,learn_array_A,location-2,5
14,yw,f,21,33,36,2954675,2956225,119,162,learn_array_B,location-2,-3
14,yw,f,21,81,72,2960860,2963738,1,108,learn_array_A,location-1,9
14,yw,f,21,172,162,2968355,2969893,119,36,learn_array_B,location-1,10
14,yw,f,21,37,108,2974562,2977444,114,72,learn_array_A,location-2,-71
14,yw,f,21,74,72,2982105,2985736,121,108,learn_array_A,location-1,2
14,yw,f,21,45,36,2990555,2993350,56,162,learn_array_B,location-2,9
14,yw,f,21,112,108,2998154,3000515,172,72,learn_array_A,location-2,4
14,yw,f,21,80,72,3005174,3006636,30,108,learn_array_A,location-1,8
14,yw,f,21,106,108,3011272,3013193,13,72,learn_array_A,location-2,-2
14,yw,f,21,84,72,3017960,3019586,58,108,learn_array_A,location-1,12
14,yw,f,21,171,162,3024360,3027665,66,36,learn_array_B,location-1,9
14,yw,f,21,29,36,3032377,3034525,86,162,learn_array_B,location-2,-7
14,yw,f,21,168,162,3039238,3041377,115,36,learn_array_B,location-1,6
14,yw,f,21,32,36,3045983,3047971,136,162,learn_array_B,location-2,-4
block,,,,,,,,,,,,
14,yw,f,21,88,72,3055363,3057135,74,108,learn_array_A,location-1,16
14,yw,f,21,107,108,3061736,3064102,159,72,learn_array_A,location-2,-1
14,yw,f,21,77,72,3068780,3070461,9,108,learn_array_A,location-1,5
14,yw,f,21,80,72,3075060,3077121,175,108,learn_array_A,location-1,8
14,yw,f,21,163,162,3081886,3084602,165,36,learn_array_B,location-1,1
14,yw,f,21,33,36,3089374,3091961,173,162,learn_array_B,location-2,-3
14,yw,f,21,108,108,3096790,3099453,0,72,learn_array_A,location-2,0
14,yw,f,21,108,108,3104076,3107480,53,72,learn_array_A,location-2,0
14,yw,f,21,166,162,3112288,3113985,2,36,learn_array_B,location-1,4
14,yw,f,21,163,162,3118636,3121355,127,36,learn_array_B,location-1,1
14,yw,f,21,82,72,3125971,3128550,19,108,learn_array_A,location-1,10
14,yw,f,21,164,162,3133364,3134908,158,36,learn_array_B,location-1,2
14,yw,f,21,34,36,3139741,3141739,148,162,learn_array_B,location-2,-2
14,yw,f,21,169,162,3146575,3148865,49,36,learn_array_B,location-1,7
14,yw,f,21,109,108,3153547,3155901,36,72,learn_array_A,location-2,1
14,yw,f,21,107,108,3160586,3162430,8,72,learn_array_A,location-2,-1
14,yw,f,21,89,72,3167186,3169401,76,108,learn_array_A,location-1,17
14,yw,f,21,77,72,3174113,3176758,65,108,learn_array_A,location-1,5
14,yw,f,21,42,36,3181397,3184053,140,162,learn_array_B,location-2,6
14,yw,f,21,106,108,3188795,3191515,120,72,learn_array_A,location-2,-2
14,yw,f,21,39,36,3196294,3199999,59,162,learn_array_B,location-2,3
14,yw,f,21,168,162,3204757,3207421,161,36,learn_array_B,location-1,6
14,yw,f,21,108,108,3212094,3215867,102,72,learn_array_A,location-2,0
14,yw,f,21,32,36,3220541,3223853,46,162,learn_array_B,location-2,-4
14,yw,f,21,75,72,3228580,3232354,160,108,learn_array_A,location-1,3
14,yw,f,21,162,162,3236976,3239053,80,36,learn_array_B,location-1,0
14,yw,f,21,29,36,3243786,3245623,37,162,learn_array_B,location-2,-7
14,yw,f,21,77,72,3250448,3252520,123,108,learn_array_A,location-1,5
14,yw,f,21,160,162,3257176,3258577,43,36,learn_array_B,location-1,-2
14,yw,f,21,105,108,3263270,3264810,90,72,learn_array_A,location-2,-3
14,yw,f,21,41,36,3269543,3271689,126,162,learn_array_B,location-2,5
14,yw,f,21,44,36,3276296,3278651,109,162,learn_array_B,location-2,8
block,,,,,,,,,,,,
14,yw,f,21,165,162,3285043,3287181,97,36,learn_array_B,location-1,3
14,yw,f,21,161,162,3291961,3293212,104,36,learn_array_B,location-1,-1
14,yw,f,21,42,36,3297893,3300249,15,162,learn_array_B,location-2,6
14,yw,f,21,113,108,3304912,3306612,137,72,learn_array_A,location-2,5
14,yw,f,21,37,36,3311236,3313439,116,162,learn_array_B,location-2,1
14,yw,f,21,164,162,3318102,3321879,174,36,learn_array_B,location-1,2
14,yw,f,21,80,72,3326596,3331318,175,108,learn_array_A,location-1,8
14,yw,f,21,43,36,3335953,3341216,71,162,learn_array_B,location-2,7
14,yw,f,21,79,72,3345934,3348435,160,108,learn_array_A,location-1,7
14,yw,f,21,166,162,3353267,3355121,39,36,learn_array_B,location-1,4
14,yw,f,21,75,72,3359918,3362645,55,108,learn_array_A,location-1,3
14,yw,f,21,37,36,3367278,3370689,62,162,learn_array_B,location-2,1
14,yw,f,21,166,162,3375302,3377441,162,36,learn_array_B,location-1,4
14,yw,f,21,109,108,3382056,3385682,137,72,learn_array_A,location-2,1
14,yw,f,21,87,72,3390271,3391591,48,108,learn_array_A,location-1,15
14,yw,f,21,102,108,3396322,3398171,64,72,learn_array_A,location-2,-6
14,yw,f,21,110,108,3402935,3404115,64,72,learn_array_A,location-2,2
14,yw,f,21,74,72,3408883,3410208,49,108,learn_array_A,location-1,2
14,yw,f,21,41,36,3414837,3416833,1,162,learn_array_B,location-2,5
14,yw,f,21,164,162,3421545,3423091,164,36,learn_array_B,location-1,2
14,yw,f,21,169,162,3427733,3429728,88,36,learn_array_B,location-1,7
14,yw,f,21,34,36,3434493,3436551,51,162,learn_array_B,location-2,-2
14,yw,f,21,109,108,3441230,3443823,95,72,learn_array_A,location-2,1
14,yw,f,21,172,162,3448578,3450430,144,36,learn_array_B,location-1,10
14,yw,f,21,115,108,3455109,3458450,154,72,learn_array_A,location-2,7
14,yw,f,21,101,108,3463218,3467221,44,72,learn_array_A,location-2,-7
14,yw,f,21,34,36,3471923,3474208,36,162,learn_array_B,location-2,-2
14,yw,f,21,77,72,3478934,3480414,46,108,learn_array_A,location-1,5
14,yw,f,21,35,36,3485066,3489732,32,162,learn_array_B,location-2,-1
14,yw,f,21,74,72,3494411,3496401,179,108,learn_array_A,location-1,2
14,yw,f,21,76,72,3501240,3502563,40,108,learn_array_A,location-1,4
14,yw,f,21,73,108,3507395,3508569,48,72,learn_array_A,location-2,-35
block,,,,,,,,,,,,
14,yw,f,21,14,162,3515683,3518197,143,36,learn_array_B,location-1,32
14,yw,f,21,73,72,3523034,3526224,74,108,learn_array_A,location-1,1
14,yw,f,21,156,72,3531008,3533966,15,108,learn_array_A,location-1,84
14,yw,f,21,33,36,3538699,3542178,49,162,learn_array_B,location-2,-3
14,yw,f,21,112,108,3546887,3550280,140,72,learn_array_A,location-2,4
14,yw,f,21,105,108,3554966,3557697,39,72,learn_array_A,location-2,-3
14,yw,f,21,33,36,3562529,3566241,157,162,learn_array_B,location-2,-3
14,yw,f,21,162,162,3570884,3577360,141,36,learn_array_B,location-1,0
14,yw,f,21,74,72,3581994,3584806,0,108,learn_array_A,location-1,2
14,yw,f,21,110,108,3589507,3593416,56,72,learn_array_A,location-2,2
14,yw,f,21,159,162,3598152,3601109,37,36,learn_array_B,location-1,-3
14,yw,f,21,28,36,3605949,3608242,15,162,learn_array_B,location-2,-8
14,yw,f,21,111,108,3612835,3620178,140,72,learn_array_A,location-2,3
14,yw,f,21,165,162,3624912,3628534,130,36,learn_array_B,location-1,3
14,yw,f,21,27,36,3633295,3636768,33,162,learn_array_B,location-2,-9
14,yw,f,21,168,162,3641500,3644840,177,36,learn_array_B,location-1,6
14,yw,f,21,101,108,3649579,3651499,69,72,learn_array_A,location-2,-7
14,yw,f,21,163,162,3656233,3662172,66,36,learn_array_B,location-1,1
14,yw,f,21,32,36,3666799,3671177,44,162,learn_array_B,location-2,-4
14,yw,f,21,112,108,3675803,3678013,131,72,learn_array_A,location-2,4
14,yw,f,21,109,72,3682783,3686425,130,108,learn_array_A,location-1,37
14,yw,f,21,175,162,3691219,3694834,178,36,learn_array_B,location-1,13
14,yw,f,21,159,162,3699632,3704293,25,36,learn_array_B,location-1,-3
14,yw,f,21,112,108,3709053,3712080,176,72,learn_array_A,location-2,4
14,yw,f,21,72,72,3716772,3720967,31,108,learn_array_A,location-1,0
14,yw,f,21,65,72,3725746,3727738,158,108,learn_array_A,location-1,-7
14,yw,f,21,111,108,3732486,3734323,96,72,learn_array_A,location-2,3
14,yw,f,21,38,36,3739018,3740426,97,162,learn_array_B,location-2,2
14,yw,f,21,42,36,3745120,3747485,84,162,learn_array_B,location-2,6
14,yw,f,21,74,72,3752294,3755473,25,108,learn_array_A,location-1,2
14,yw,f,21,70,72,3760106,3761051,28,108,learn_array_A,location-1,-2
14,yw,f,21,37,36,3765820,3767738,125,162,learn_array_B,location-2,1
block,,,,,,,,,,,,
14,yw,f,21,44,36,3788451,3792147,48,162,learn_array_B,location-2,8
14,yw,f,21,74,72,3796946,3800139,149,108,learn_array_A,location-1,2
14,yw,f,21,107,108,3804742,3806073,100,72,learn_array_A,location-2,-1
14,yw,f,21,104,108,3810898,3812212,111,72,learn_array_A,location-2,-4
14,yw,f,21,35,36,3816980,3820452,86,162,learn_array_B,location-2,-1
14,yw,f,21,158,162,3825173,3827301,80,36,learn_array_B,location-1,-4
14,yw,f,21,163,162,3832056,3835161,153,36,learn_array_B,location-1,1
14,yw,f,21,76,72,3839932,3843632,114,108,learn_array_A,location-1,4
14,yw,f,21,116,108,3848349,3850184,68,72,learn_array_A,location-2,8
14,yw,f,21,34,36,3854816,3858787,1,162,learn_array_B,location-2,-2
14,yw,f,21,163,162,3863438,3865560,176,36,learn_array_B,location-1,1
14,yw,f,21,102,108,3870155,3873181,74,72,learn_array_A,location-2,-6
14,yw,f,21,161,162,3877924,3879845,163,36,learn_array_B,location-1,-1
14,yw,f,21,76,72,3884605,3886673,110,108,learn_array_A,location-1,4
14,yw,f,21,31,36,3891327,3893091,108,162,learn_array_B,location-2,-5
14,yw,f,21,66,72,3897754,3899302,50,108,learn_array_A,location-1,-6
14,yw,f,21,40,36,3903903,3906996,73,162,learn_array_B,location-2,4
14,yw,f,21,32,36,3911740,3914694,175,162,learn_array_B,location-2,-4
14,yw,f,21,75,72,3919480,3921540,91,108,learn_array_A,location-1,3
14,yw,f,21,104,108,3926369,3927755,55,72,learn_array_A,location-2,-4
14,yw,f,21,36,36,3932519,3935621,76,162,learn_array_B,location-2,0
14,yw,f,21,109,108,3940263,3942400,50,72,learn_array_A,location-2,1
14,yw,f,21,106,108,3947174,3948581,106,72,learn_array_A,location-2,-2
14,yw,f,21,179,162,3953319,3955464,122,36,learn_array_B,location-1,17
14,yw,f,21,169,72,3960255,3962382,100,108,learn_array_A,location-1,-83
14,yw,f,21,107,108,3967014,3969298,11,72,learn_array_A,location-2,-1
14,yw,f,21,79,72,3973981,3975677,73,108,learn_array_A,location-1,7
14,yw,f,21,72,72,3980298,3981404,74,108,learn_array_A,location-1,0
14,yw,f,21,47,36,3986240,3988816,57,162,learn_array_B,location-2,11
14,yw,f,21,174,162,3993588,3995802,169,36,learn_array_B,location-1,12
14,yw,f,21,164,162,4000575,4002339,149,36,learn_array_B,location-1,2
14,yw,f,21,163,162,4007123,4008447,174,36,learn_array_B,location-1,1
block,,,,,,,,,,,,
14,yw,f,21,165,162,4016147,4018216,96,36,learn_array_B,location-1,3
14,yw,f,21,116,108,4022958,4025033,166,72,learn_array_A,location-2,8
14,yw,f,21,167,162,4029816,4034106,156,36,learn_array_B,location-1,5
14,yw,f,21,162,162,4038839,4040682,128,36,learn_array_B,location-1,0
14,yw,f,21,38,36,4045380,4047364,20,162,learn_array_B,location-2,2
14,yw,f,21,79,72,4051966,4054114,60,108,learn_array_A,location-1,7
14,yw,f,21,51,36,4058916,4061269,61,162,learn_array_B,location-2,15
14,yw,f,21,165,162,4065862,4067709,11,36,learn_array_B,location-1,3
14,yw,f,21,75,72,4072370,4074206,45,108,learn_array_A,location-1,3
14,yw,f,21,40,36,4078948,4080939,15,162,learn_array_B,location-2,4
14,yw,f,21,45,36,4085762,4087381,112,162,learn_array_B,location-2,9
14,yw,f,21,76,72,4091983,4094143,154,108,learn_array_A,location-1,4
14,yw,f,21,85,72,4098907,4101406,95,108,learn_array_A,location-1,13
14,yw,f,21,40,36,4106125,4108568,38,162,learn_array_B,location-2,4
14,yw,f,21,45,36,4113184,4115908,23,162,learn_array_B,location-2,9
14,yw,f,21,169,162,4120632,4122849,174,36,learn_array_B,location-1,7
14,yw,f,21,74,72,4127534,4130188,172,108,learn_array_A,location-1,2
14,yw,f,21,161,162,4135004,4137806,12,36,learn_array_B,location-1,-1
14,yw,f,21,161,162,4142621,4144397,141,36,learn_array_B,location-1,-1
14,yw,f,21,107,108,4149065,4154538,14,72,learn_array_A,location-2,-1
14,yw,f,21,42,36,4159178,4162284,24,162,learn_array_B,location-2,6
14,yw,f,21,166,162,4167007,4169433,9,36,learn_array_B,location-1,4
14,yw,f,21,109,108,4174137,4176723,83,72,learn_array_A,location-2,1
14,yw,f,21,76,72,4181484,4182808,105,108,learn_array_A,location-1,4
14,yw,f,21,110,108,4187547,4189466,128,72,learn_array_A,location-2,2
14,yw,f,21,99,108,4194090,4195706,40,72,learn_array_A,location-2,-9
14,yw,f,21,106,108,4200369,4201621,87,72,learn_array_A,location-2,-2
14,yw,f,21,70,72,4206350,4207672,123,108,learn_array_A,location-1,-2
14,yw,f,21,121,108,4212276,4213754,50,72,learn_array_A,location-2,13
14,yw,f,21,110,108,4218563,4219741,40,72,learn_array_A,location-2,2
14,yw,f,21,112,72,4224382,4226084,161,108,learn_array_A,location-1,40
14,yw,f,21,38,36,4230906,4234237,170,162,learn_array_B,location-2,2
block,,,,,,,,,,,,
14,yw,f,21,143,36,4241219,4244327,52,162,learn_array_B,location-2,-73
14,yw,f,21,79,72,4249144,4250402,10,108,learn_array_A,location-1,7
14,yw,f,21,160,162,4255015,4256486,173,36,learn_array_B,location-1,-2
14,yw,f,21,83,72,4261307,4263373,130,108,learn_array_A,location-1,11
14,yw,f,21,119,108,4268015,4269787,91,72,learn_array_A,location-2,11
14,yw,f,21,61,72,4274492,4275672,106,108,learn_array_A,location-1,-11
14,yw,f,21,121,108,4280447,4282357,71,72,learn_array_A,location-2,13
14,yw,f,21,160,162,4287079,4289593,44,36,learn_array_B,location-1,-2
14,yw,f,21,73,72,4294289,4296436,174,108,learn_array_A,location-1,1
14,yw,f,21,44,36,4301116,4304292,135,162,learn_array_B,location-2,8
14,yw,f,21,37,36,4309065,4311135,44,162,learn_array_B,location-2,1
14,yw,f,21,167,162,4315862,4317259,75,36,learn_array_B,location-1,5
14,yw,f,21,32,36,4321999,4324808,62,162,learn_array_B,location-2,-4
14,yw,f,21,11,162,4329620,4331767,163,36,learn_array_B,location-1,29
14,yw,f,21,31,36,4336418,4337666,144,162,learn_array_B,location-2,-5
14,yw,f,21,76,72,4342256,4344333,168,108,learn_array_A,location-1,4
14,yw,f,21,105,108,4349142,4351800,46,72,learn_array_A,location-2,-3
14,yw,f,21,114,108,4356456,4358657,15,72,learn_array_A,location-2,6
14,yw,f,21,80,72,4363457,4365222,43,108,learn_array_A,location-1,8
14,yw,f,21,165,162,4369898,4372403,152,36,learn_array_B,location-1,3
14,yw,f,21,28,36,4377065,4378316,158,162,learn_array_B,location-2,-8
14,yw,f,21,71,72,4383105,4387671,112,108,learn_array_A,location-1,-1
14,yw,f,21,32,36,4392472,4396914,29,162,learn_array_B,location-2,-4
14,yw,f,21,111,108,4401522,4404921,130,72,learn_array_A,location-2,3
14,yw,f,21,160,162,4409748,4413128,118,36,learn_array_B,location-1,-2
14,yw,f,21,81,72,4417744,4421674,96,108,learn_array_A,location-1,9
14,yw,f,21,114,108,4426470,4428474,112,72,learn_array_A,location-2,6
14,yw,f,21,115,108,4433250,4435473,125,72,learn_array_A,location-2,7
14,yw,f,21,108,108,4440136,4443306,156,72,learn_array_A,location-2,0
14,yw,f,21,39,36,4448012,4449776,75,162,learn_array_B,location-2,3
14,yw,f,21,162,162,4454485,4456329,118,36,learn_array_B,location-1,0
14,yw,f,21,166,162,4461135,4462684,170,36,learn_array_B,location-1,4
block,,,,,,,,,,,,
14,yw,f,21,79,108,4472243,4474759,37,72,learn_array_A,location-2,-29
14,yw,f,21,74,72,4479538,4482424,136,108,learn_array_A,location-1,2
14,yw,f,21,69,72,4487091,4488412,96,108,learn_array_A,location-1,-3
14,yw,f,21,67,72,4493120,4496018,148,108,learn_array_A,location-1,-5
14,yw,f,21,104,108,4500762,4502450,100,72,learn_array_A,location-2,-4
14,yw,f,21,166,162,4507266,4508886,26,36,learn_array_B,location-1,4
14,yw,f,21,161,162,4513624,4515175,150,36,learn_array_B,location-1,-1
14,yw,f,21,111,108,4519939,4522065,145,72,learn_array_A,location-2,3
14,yw,f,21,30,36,4526753,4529419,162,162,learn_array_B,location-2,-6
14,yw,f,21,29,36,4534071,4536809,179,162,learn_array_B,location-2,-7
14,yw,f,21,44,36,4541401,4543248,127,162,learn_array_B,location-2,8
14,yw,f,21,102,108,4547915,4549672,102,72,learn_array_A,location-2,-6
14,yw,f,21,167,162,4554338,4555960,39,36,learn_array_B,location-1,5
14,yw,f,21,102,108,4560720,4565905,177,72,learn_array_A,location-2,-6
14,yw,f,21,162,162,4570583,4571981,178,36,learn_array_B,location-1,0
14,yw,f,21,72,72,4576616,4581122,59,108,learn_array_A,location-1,0
14,yw,f,21,34,36,4585942,4590506,94,162,learn_array_B,location-2,-2
14,yw,f,21,35,36,4595204,4597935,95,162,learn_array_B,location-2,-1
14,yw,f,21,79,72,4602565,4604327,179,108,learn_array_A,location-1,7
14,yw,f,21,164,162,4608933,4612182,52,36,learn_array_B,location-1,2
14,yw,f,21,110,108,4616922,4618468,121,72,learn_array_A,location-2,2
14,yw,f,21,164,162,4623081,4626719,70,36,learn_array_B,location-1,2
14,yw,f,21,160,162,4631401,4635742,158,36,learn_array_B,location-1,-2
14,yw,f,21,38,36,4640518,4643403,83,162,learn_array_B,location-2,2
14,yw,f,21,87,72,4648197,4649750,72,108,learn_array_A,location-1,15
14,yw,f,21,36,36,4654510,4656721,91,162,learn_array_B,location-2,0
14,yw,f,21,33,36,4661460,4662777,99,162,learn_array_B,location-2,-3
14,yw,f,21,161,162,4667546,4668877,127,36,learn_array_B,location-1,-1
14,yw,f,21,106,108,4673509,4676012,119,72,learn_array_A,location-2,-2
14,yw,f,21,114,108,4680628,4683587,30,72,learn_array_A,location-2,6
14,yw,f,21,84,72,4688314,4690086,135,108,learn_array_A,location-1,12
14,yw,f,21,74,72,4694920,4696764,142,108,learn_array_A,location-1,2
block,,,,,,,,,,,,
14,yw,f,21,75,72,4729939,4732384,126,108,learn_array_A,location-1,3
14,yw,f,21,104,108,4737177,4738509,106,72,learn_array_A,location-2,-4
14,yw,f,21,34,162,4743220,4745583,154,36,learn_array_B,location-1,52
14,yw,f,21,37,36,4750352,4753170,62,162,learn_array_B,location-2,1
14,yw,f,21,110,108,4757986,4760196,164,72,learn_array_A,location-2,2
14,yw,f,21,81,72,4765026,4767466,111,108,learn_array_A,location-1,9
14,yw,f,21,31,36,4772122,4773816,107,162,learn_array_B,location-2,-5
14,yw,f,21,39,36,4778627,4780546,86,162,learn_array_B,location-2,3
14,yw,f,21,106,108,4785189,4787706,31,72,learn_array_A,location-2,-2
14,yw,f,21,113,108,4792477,4793497,16,72,learn_array_A,location-2,5
14,yw,f,21,66,72,4798260,4799738,126,108,learn_array_A,location-1,-6
14,yw,f,21,14,36,4804509,4806210,166,162,learn_array_B,location-2,-22
14,yw,f,21,110,108,4810980,4812304,40,72,learn_array_A,location-2,2
14,yw,f,21,107,108,4816940,4820026,70,72,learn_array_A,location-2,-1
14,yw,f,21,165,162,4824701,4827140,19,36,learn_array_B,location-1,3
14,yw,f,21,28,36,4831879,4833733,151,162,learn_array_B,location-2,-8
14,yw,f,21,81,72,4838396,4840239,95,108,learn_array_A,location-1,9
14,yw,f,21,107,108,4845046,4846379,94,72,learn_array_A,location-2,-1
14,yw,f,21,85,72,4850991,4852176,94,108,learn_array_A,location-1,13
14,yw,f,21,167,162,4856881,4859768,65,36,learn_array_B,location-1,5
14,yw,f,21,85,108,4864556,4866926,90,72,learn_array_A,location-2,-23
14,yw,f,21,169,162,4871702,4873929,145,36,learn_array_B,location-1,7
14,yw,f,21,86,72,4878694,4880687,120,108,learn_array_A,location-1,14
14,yw,f,21,25,36,4885402,4888444,23,162,learn_array_B,location-2,-11
14,yw,f,21,164,162,4893213,4895063,151,36,learn_array_B,location-1,2
14,yw,f,21,2,162,4899858,4901333,117,36,learn_array_B,location-1,20
14,yw,f,21,88,72,4906148,4908442,35,108,learn_array_A,location-1,16
14,yw,f,21,158,162,4913074,4915282,135,36,learn_array_B,location-1,-4
14,yw,f,21,86,72,4919935,4921996,3,108,learn_array_A,location-1,14
14,yw,f,21,173,162,4926667,4928147,158,36,learn_array_B,location-1,11
14,yw,f,21,162,36,4932868,4934054,15,162,learn_array_B,location-2,-54
14,yw,f,21,38,36,4938683,4942307,79,162,learn_array_B,location-2,2
block,,,,,,,,,,,,
14,yw,f,21,44,36,4959827,4962860,74,162,learn_array_B,location-2,8
14,yw,f,21,104,108,4967496,4970749,78,72,learn_array_A,location-2,-4
14,yw,f,21,111,108,4975421,4977261,136,72,learn_array_A,location-2,3
14,yw,f,21,79,72,4981951,4983723,39,108,learn_array_A,location-1,7
14,yw,f,21,160,162,4988351,4991066,71,36,learn_array_B,location-1,-2
14,yw,f,21,76,72,4995869,5000982,117,108,learn_array_A,location-1,4
14,yw,f,21,159,162,5005639,5008598,126,36,learn_array_B,location-1,-3
14,yw,f,21,54,36,5013194,5017834,44,162,learn_array_B,location-2,18
14,yw,f,21,18,162,5022480,5024256,130,36,learn_array_B,location-1,36
14,yw,f,21,65,72,5028890,5031973,21,108,learn_array_A,location-1,-7
14,yw,f,21,167,162,5036766,5040322,84,36,learn_array_B,location-1,5
14,yw,f,21,73,72,5045087,5046569,112,108,learn_array_A,location-1,1
14,yw,f,21,156,36,5051303,5056633,125,162,learn_array_B,location-2,-60
14,yw,f,21,108,108,5061237,5065974,144,72,learn_array_A,location-2,0
14,yw,f,21,105,108,5070794,5072699,34,72,learn_array_A,location-2,-3
14,yw,f,21,85,72,5077506,5079050,19,108,learn_array_A,location-1,13
14,yw,f,21,168,162,5083814,5085586,49,36,learn_array_B,location-1,6
14,yw,f,21,102,108,5090336,5092474,169,72,learn_array_A,location-2,-6
14,yw,f,21,44,36,5097181,5100936,111,162,learn_array_B,location-2,8
14,yw,f,21,156,162,5105596,5110190,132,36,learn_array_B,location-1,-6
14,yw,f,21,116,108,5114984,5117800,88,72,learn_array_A,location-2,8
14,yw,f,21,88,72,5122588,5125241,165,108,learn_array_A,location-1,16
14,yw,f,21,31,36,5130061,5132943,160,162,learn_array_B,location-2,-5
14,yw,f,21,33,36,5137653,5140251,122,162,learn_array_B,location-2,-3
14,yw,f,21,109,108,5144872,5147683,150,72,learn_array_A,location-2,1
14,yw,f,21,175,162,5152509,5156977,90,36,learn_array_B,location-1,13
14,yw,f,21,35,36,5161660,5163139,10,162,learn_array_B,location-2,-1
14,yw,f,21,80,72,5167824,5169889,143,108,learn_array_A,location-1,8
14,yw,f,21,32,36,5174556,5176237,3,162,learn_array_B,location-2,-4
14,yw,f,21,79,72,5181006,5182627,125,108,learn_array_A,location-1,7
14,yw,f,21,170,162,5187258,5189847,156,36,learn_array_B,location-1,8
14,yw,f,21,111,108,5194613,5196691,19,72,learn_array_A,location-2,3
block,,,,,,,,,,,,
14,yw,f,21,100,108,5206307,5207999,29,72,learn_array_A,location-2,-8
14,yw,f,21,159,162,5212696,5214027,25,36,learn_array_B,location-1,-3
14,yw,f,21,105,108,5218766,5221874,172,72,learn_array_A,location-2,-3
14,yw,f,21,102,108,5226649,5227982,96,72,learn_array_A,location-2,-6
14,yw,f,21,37,36,5232593,5236672,84,162,learn_array_B,location-2,1
14,yw,f,21,45,36,5241295,5244391,52,162,learn_array_B,location-2,9
14,yw,f,21,79,72,5249212,5252101,59,108,learn_array_A,location-1,7
14,yw,f,21,71,72,5256853,5260900,162,108,learn_array_A,location-1,-1
14,yw,f,21,76,72,5265576,5267350,35,108,learn_array_A,location-1,4
14,yw,f,21,37,36,5272043,5274265,162,162,learn_array_B,location-2,1
14,yw,f,21,80,36,5278939,5279160,19,162,learn_array_B,location-2,44
14,yw,f,21,152,162,5283782,5284299,147,36,learn_array_B,location-1,-10
14,yw,f,21,162,162,5288914,5289356,111,36,learn_array_B,location-1,0
14,yw,f,21,36,36,5293998,5295762,120,162,learn_array_B,location-2,0
14,yw,f,21,140,108,5300366,5302210,51,72,learn_array_A,location-2,32
14,yw,f,21,108,108,5306861,5307452,111,72,learn_array_A,location-2,0
14,yw,f,21,26,36,5312141,5312652,140,162,learn_array_B,location-2,-10
14,yw,f,21,118,108,5317380,5317599,136,72,learn_array_A,location-2,10
14,yw,f,21,71,72,5322332,5324094,143,108,learn_array_A,location-1,-1
14,yw,f,21,155,162,5328701,5331577,75,36,learn_array_B,location-1,-7
14,yw,f,21,74,72,5336223,5339786,72,108,learn_array_A,location-1,2
14,yw,f,21,73,162,5344592,5346738,114,36,learn_array_B,location-1,-89
14,yw,f,21,171,162,5351329,5352430,83,36,learn_array_B,location-1,9
14,yw,f,21,36,36,5357092,5357835,38,162,learn_array_B,location-2,0
14,yw,f,21,121,108,5362483,5363508,25,72,learn_array_A,location-2,13
14,yw,f,21,76,72,5368226,5369407,19,108,learn_array_A,location-1,4
14,yw,f,21,112,108,5374203,5376267,126,72,learn_array_A,location-2,4
14,yw,f,21,168,162,5380949,5382207,60,36,learn_array_B,location-1,6
14,yw,f,21,76,72,5386859,5387814,173,108,learn_array_A,location-1,4
14,yw,f,21,74,72,5392489,5394110,28,108,learn_array_A,location-1,2
14,yw,f,21,28,36,5398822,5400659,41,162,learn_array_B,location-2,-8
14,yw,f,21,166,162,5405455,5407602,132,36,learn_array_B,location-1,4
block,,,,,,,,,,,,
