subj,name,gender,age,col_resp,target_angle,start_time,resp_time,start_angle,other_angle,learn_array,location,d_value
15,lff,f,19,10,18,110785,115326,150,0,learn_array_A,location-1,-8
15,lff,f,19,36,126,119932,123153,152,36,learn_array_B,location-1,-90
15,lff,f,19,7,18,127824,132060,171,0,learn_array_A,location-1,-11
15,lff,f,19,15,18,136788,139423,82,0,learn_array_A,location-1,-3
15,lff,f,19,51,36,144085,149368,60,126,learn_array_B,location-2,15
15,lff,f,19,112,36,153984,156681,95,126,learn_array_B,location-2,76
15,lff,f,19,115,126,161353,165377,4,36,learn_array_B,location-1,-11
15,lff,f,19,174,0,170104,174419,65,18,learn_array_A,location-2,-6
15,lff,f,19,32,18,179179,183122,101,0,learn_array_A,location-1,14
15,lff,f,19,50,36,187819,190955,5,126,learn_array_B,location-2,14
15,lff,f,19,0,0,195771,197082,67,18,learn_array_A,location-2,0
15,lff,f,19,30,0,201762,203814,70,18,learn_array_A,location-2,30
15,lff,f,19,43,126,208610,210070,161,36,learn_array_B,location-1,-83
15,lff,f,19,47,36,214775,218059,108,126,learn_array_B,location-2,11
15,lff,f,19,38,36,222770,224445,122,126,learn_array_B,location-2,2
15,lff,f,19,9,0,229240,230624,165,18,learn_array_A,location-2,9
15,lff,f,19,49,36,235322,236712,99,126,learn_array_B,location-2,13
15,lff,f,19,16,0,241438,243258,109,18,learn_array_A,location-2,16
15,lff,f,19,176,18,247911,250612,145,0,learn_array_A,location-1,-22
15,lff,f,19,114,126,255371,258300,26,36,learn_array_B,location-1,-12
15,lff,f,19,44,36,262975,265381,143,126,learn_array_B,location-2,8
15,lff,f,19,118,126,270150,273511,11,36,learn_array_B,location-1,-8
15,lff,f,19,14,18,278148,279973,86,0,learn_array_A,location-1,-4
15,lff,f,19,12,0,284669,291099,152,18,learn_array_A,location-2,12
15,lff,f,19,16,0,295804,298059,12,18,learn_array_A,location-2,16
15,lff,f,19,47,126,302829,304068,127,36,learn_array_B,location-1,-79
15,lff,f,19,4,0,308869,311428,55,18,learn_array_A,location-2,4
15,lff,f,19,52,126,316075,317679,66,36,learn_array_B,location-1,-74
15,lff,f,19,13,18,322313,323771,93,0,learn_array_A,location-1,-5
15,lff,f,19,110,36,328396,330660,98,126,learn_array_B,location-2,74
15,lff,f,19,56,126,335490,336877,9,36,learn_array_B,location-1,-70
15,lff,f,19,4,18,341618,342787,10,0,learn_array_A,location-1,-14
block
15,lff,f,19,111,36,376462,379463,40,126,learn_array_B,location-2,75
15,lff,f,19,7,0,384115,387638,9,18,learn_array_A,location-2,7
15,lff,f,19,16,0,392409,393730,176,18,learn_array_A,location-2,16
15,lff,f,19,13,18,398354,401728,93,0,learn_array_A,location-1,-5
15,lff,f,19,12,0,406558,408459,40,18,learn_array_A,location-2,12
15,lff,f,19,36,0,413179,415311,0,18,learn_array_A,location-2,36
15,lff,f,19,125,126,420004,422195,138,36,learn_array_B,location-1,-1
15,lff,f,19,10,18,426920,428602,62,0,learn_array_A,location-1,-8
15,lff,f,19,48,36,433219,434746,177,126,learn_array_B,location-2,12
15,lff,f,19,44,36,439558,441237,16,126,learn_array_B,location-2,8
15,lff,f,19,2,18,446028,447923,162,0,learn_array_A,location-1,-16
15,lff,f,19,120,126,452523,455962,35,36,learn_array_B,location-1,-6
15,lff,f,19,48,36,460666,462632,139,126,learn_array_B,location-2,12
15,lff,f,19,177,0,467463,468853,21,18,learn_array_A,location-2,-3
15,lff,f,19,19,18,473633,480580,70,0,learn_array_A,location-1,1
15,lff,f,19,13,18,485377,492641,31,0,learn_array_A,location-1,-5
15,lff,f,19,39,126,497313,501926,81,36,learn_array_B,location-1,-87
15,lff,f,19,2,18,506754,509226,134,0,learn_array_A,location-1,-16
15,lff,f,19,6,0,514022,518772,76,18,learn_array_A,location-2,6
15,lff,f,19,136,126,523392,526464,158,36,learn_array_B,location-1,10
15,lff,f,19,0,0,531212,535593,66,18,learn_array_A,location-2,0
15,lff,f,19,179,18,540303,544150,107,0,learn_array_A,location-1,-19
15,lff,f,19,43,36,548894,550639,93,126,learn_array_B,location-2,7
15,lff,f,19,144,126,555268,562367,96,36,learn_array_B,location-1,18
15,lff,f,19,44,126,566992,569902,128,36,learn_array_B,location-1,-82
15,lff,f,19,115,126,574545,583748,167,36,learn_array_B,location-1,-11
15,lff,f,19,54,36,588456,594194,163,126,learn_array_B,location-2,18
15,lff,f,19,26,18,598850,603466,56,0,learn_array_A,location-1,8
15,lff,f,19,9,0,608285,613735,81,18,learn_array_A,location-2,9
15,lff,f,19,49,36,618334,621482,129,126,learn_array_B,location-2,13
15,lff,f,19,106,126,626094,630766,6,36,learn_array_B,location-1,-20
15,lff,f,19,56,36,635382,638150,16,126,learn_array_B,location-2,20
block
15,lff,f,19,54,36,647390,654413,157,126,learn_array_B,location-2,18
15,lff,f,19,0,0,659133,665401,134,18,learn_array_A,location-2,0
15,lff,f,19,128,126,670021,675693,51,36,learn_array_B,location-1,2
15,lff,f,19,176,0,680353,684094,139,18,learn_array_A,location-2,-4
15,lff,f,19,23,18,688769,703487,39,0,learn_array_A,location-1,5
15,lff,f,19,47,36,708135,713535,88,126,learn_array_B,location-2,11
15,lff,f,19,34,36,718126,722602,152,126,learn_array_B,location-2,-2
15,lff,f,19,24,18,727296,738341,168,0,learn_array_A,location-1,6
15,lff,f,19,119,126,743150,748180,17,36,learn_array_B,location-1,-7
15,lff,f,19,16,18,752957,759027,28,0,learn_array_A,location-1,-2
15,lff,f,19,40,36,763693,771104,155,126,learn_array_B,location-2,4
15,lff,f,19,7,0,775778,779719,128,18,learn_array_A,location-2,7
15,lff,f,19,179,0,784417,789160,39,18,learn_array_A,location-2,-1
15,lff,f,19,19,18,793871,802162,23,0,learn_array_A,location-1,1
15,lff,f,19,5,0,806979,811068,103,18,learn_array_A,location-2,5
15,lff,f,19,0,0,815900,820480,128,18,learn_array_A,location-2,0
15,lff,f,19,16,18,825107,835949,102,0,learn_array_A,location-1,-2
15,lff,f,19,120,126,840545,846897,77,36,learn_array_B,location-1,-6
15,lff,f,19,132,126,851605,860612,132,36,learn_array_B,location-1,6
15,lff,f,19,11,18,865387,873988,79,0,learn_array_A,location-1,-7
15,lff,f,19,51,36,878805,883175,7,126,learn_array_B,location-2,15
15,lff,f,19,133,126,887788,907554,19,36,learn_array_B,location-1,7
15,lff,f,19,44,36,912208,919189,135,126,learn_array_B,location-2,8
15,lff,f,19,51,36,923942,934383,134,126,learn_array_B,location-2,15
15,lff,f,19,119,126,939163,947838,104,36,learn_array_B,location-1,-7
15,lff,f,19,114,126,952584,966999,73,36,learn_array_B,location-1,-12
15,lff,f,19,18,18,971800,978065,27,0,learn_array_A,location-1,0
15,lff,f,19,44,36,982780,990240,99,126,learn_array_B,location-2,8
15,lff,f,19,171,0,994956,1007054,5,18,learn_array_A,location-2,-9
15,lff,f,19,15,18,1011867,1020309,130,0,learn_array_A,location-1,-3
15,lff,f,19,120,126,1024900,1031192,135,36,learn_array_B,location-1,-6
15,lff,f,19,1,0,1035917,1044637,17,18,learn_array_A,location-2,1
block
15,lff,f,19,34,36,1056062,1065643,2,126,learn_array_B,location-2,-2
15,lff,f,19,130,126,1070375,1078278,30,36,learn_array_B,location-1,4
15,lff,f,19,16,18,1083045,1092448,112,0,learn_array_A,location-1,-2
15,lff,f,19,14,18,1097041,1103524,27,0,learn_array_A,location-1,-4
15,lff,f,19,40,36,1108238,1120785,59,126,learn_array_B,location-2,4
15,lff,f,19,14,18,1125521,1134148,9,0,learn_array_A,location-1,-4
15,lff,f,19,42,36,1138886,1150483,135,126,learn_array_B,location-2,6
15,lff,f,19,123,126,1155307,1160919,45,36,learn_array_B,location-1,-3
15,lff,f,19,176,0,1165574,1173685,140,18,learn_array_A,location-2,-4
15,lff,f,19,177,36,1178453,1195149,107,126,learn_array_B,location-2,-39
15,lff,f,19,7,18,1199988,1203651,78,0,learn_array_A,location-1,-11
15,lff,f,19,116,126,1208417,1211716,103,36,learn_array_B,location-1,-10
15,lff,f,19,26,18,1216490,1236117,90,0,learn_array_A,location-1,8
15,lff,f,19,8,0,1240755,1250367,53,18,learn_array_A,location-2,8
15,lff,f,19,38,36,1254988,1267288,28,126,learn_array_B,location-2,2
15,lff,f,19,41,36,1271949,1287570,93,126,learn_array_B,location-2,5
15,lff,f,19,173,0,1292237,1302014,35,18,learn_array_A,location-2,-7
15,lff,f,19,45,36,1306792,1316011,45,126,learn_array_B,location-2,9
15,lff,f,19,178,0,1320613,1326341,60,18,learn_array_A,location-2,-2
15,lff,f,19,128,126,1330971,1342973,28,36,learn_array_B,location-1,2
15,lff,f,19,7,0,1347710,1356056,118,18,learn_array_A,location-2,7
15,lff,f,19,124,126,1360803,1368642,119,36,learn_array_B,location-1,-2
15,lff,f,19,2,0,1373230,1395396,42,18,learn_array_A,location-2,2
15,lff,f,19,22,18,1400204,1408345,98,0,learn_array_A,location-1,4
15,lff,f,19,44,126,1413120,1425273,35,36,learn_array_B,location-1,-82
15,lff,f,19,4,0,1429906,1440237,130,18,learn_array_A,location-2,4
15,lff,f,19,124,126,1445005,1452622,143,36,learn_array_B,location-1,-2
15,lff,f,19,1,0,1457216,1471987,9,18,learn_array_A,location-2,1
15,lff,f,19,10,18,1476712,1489653,29,0,learn_array_A,location-1,-8
15,lff,f,19,35,36,1494338,1508266,174,126,learn_array_B,location-2,-1
15,lff,f,19,124,126,1513009,1523472,44,36,learn_array_B,location-1,-2
15,lff,f,19,173,18,1528201,1546290,14,0,learn_array_A,location-1,-25
block
15,lff,f,19,169,0,1564205,1576277,40,18,learn_array_A,location-2,-11
15,lff,f,19,10,18,1580921,1591603,148,0,learn_array_A,location-1,-8
15,lff,f,19,125,126,1596280,1606475,30,36,learn_array_B,location-1,-1
15,lff,f,19,177,0,1611209,1617682,132,18,learn_array_A,location-2,-3
15,lff,f,19,44,36,1622356,1634982,38,126,learn_array_B,location-2,8
15,lff,f,19,53,36,1639737,1649075,40,126,learn_array_B,location-2,17
15,lff,f,19,42,36,1653788,1663365,62,126,learn_array_B,location-2,6
15,lff,f,19,35,36,1667958,1677139,88,126,learn_array_B,location-2,-1
15,lff,f,19,25,18,1681836,1695946,141,0,learn_array_A,location-1,7
15,lff,f,19,115,126,1700685,1704525,100,36,learn_array_B,location-1,-11
15,lff,f,19,177,0,1709163,1714141,112,18,learn_array_A,location-2,-3
15,lff,f,19,33,36,1718934,1734540,102,126,learn_array_B,location-2,-3
15,lff,f,19,16,18,1739220,1749061,160,0,learn_array_A,location-1,-2
15,lff,f,19,177,0,1753864,1759413,154,18,learn_array_A,location-2,-3
15,lff,f,19,130,126,1764125,1767482,50,36,learn_array_B,location-1,4
15,lff,f,19,177,0,1772272,1780734,127,18,learn_array_A,location-2,-3
15,lff,f,19,18,18,1785506,1789752,70,0,learn_array_A,location-1,0
15,lff,f,19,126,126,1794522,1805052,152,36,learn_array_B,location-1,0
15,lff,f,19,15,18,1809645,1819433,101,0,learn_array_A,location-1,-3
15,lff,f,19,1,0,1824247,1832340,106,18,learn_array_A,location-2,1
15,lff,f,19,130,126,1837112,1851382,8,36,learn_array_B,location-1,4
15,lff,f,19,16,18,1856216,1862388,99,0,learn_array_A,location-1,-2
15,lff,f,19,177,0,1867143,1875037,17,18,learn_array_A,location-2,-3
15,lff,f,19,122,126,1879658,1891223,139,36,learn_array_B,location-1,-4
15,lff,f,19,49,36,1896005,1900349,10,126,learn_array_B,location-2,13
15,lff,f,19,14,18,1905051,1916682,154,0,learn_array_A,location-1,-4
15,lff,f,19,14,18,1921364,1927766,116,0,learn_array_A,location-1,-4
15,lff,f,19,42,36,1932567,1944308,81,126,learn_array_B,location-2,6
15,lff,f,19,124,126,1949145,1957632,136,36,learn_array_B,location-1,-2
15,lff,f,19,177,0,1962424,1978954,39,18,learn_array_A,location-2,-3
15,lff,f,19,128,126,1983701,1994588,50,36,learn_array_B,location-1,2
15,lff,f,19,50,36,1999202,2006720,74,126,learn_array_B,location-2,14
block
15,lff,f,19,5,0,2014350,2027636,151,18,learn_array_A,location-2,5
15,lff,f,19,124,126,2032287,2038657,140,36,learn_array_B,location-1,-2
15,lff,f,19,128,126,2043247,2053177,169,36,learn_array_B,location-1,2
15,lff,f,19,6,0,2058001,2066762,163,18,learn_array_A,location-2,6
15,lff,f,19,18,18,2071531,2078686,96,0,learn_array_A,location-1,0
15,lff,f,19,125,126,2083300,2090630,68,36,learn_array_B,location-1,-1
15,lff,f,19,175,0,2095276,2113985,82,18,learn_array_A,location-2,-5
15,lff,f,19,40,36,2118685,2131473,101,126,learn_array_B,location-2,4
15,lff,f,19,42,36,2136162,2148021,81,126,learn_array_B,location-2,6
15,lff,f,19,127,126,2152821,2176502,141,36,learn_array_B,location-1,1
15,lff,f,19,43,36,2181234,2188474,141,126,learn_array_B,location-2,7
15,lff,f,19,41,36,2193150,2201155,148,126,learn_array_B,location-2,5
15,lff,f,19,19,18,2205797,2215096,49,0,learn_array_A,location-1,1
15,lff,f,19,4,0,2219760,2231295,68,18,learn_array_A,location-2,4
15,lff,f,19,24,18,2235887,2249229,163,0,learn_array_A,location-1,6
15,lff,f,19,18,18,2253882,2261787,80,0,learn_array_A,location-1,0
15,lff,f,19,129,126,2266576,2276894,134,36,learn_array_B,location-1,3
15,lff,f,19,39,36,2281609,2299787,147,126,learn_array_B,location-2,3
15,lff,f,19,47,36,2304613,2312807,81,126,learn_array_B,location-2,11
15,lff,f,19,17,18,2317522,2328151,41,0,learn_array_A,location-1,-1
15,lff,f,19,7,0,2332978,2339633,78,18,learn_array_A,location-2,7
15,lff,f,19,2,0,2344314,2364175,86,18,learn_array_A,location-2,2
15,lff,f,19,2,18,2368973,2378375,52,0,learn_array_A,location-1,-16
15,lff,f,19,178,0,2383024,2389924,88,18,learn_array_A,location-2,-2
15,lff,f,19,41,36,2394669,2403427,71,126,learn_array_B,location-2,5
15,lff,f,19,42,36,2408166,2415505,117,126,learn_array_B,location-2,6
15,lff,f,19,22,18,2420113,2428283,47,0,learn_array_A,location-1,4
15,lff,f,19,16,18,2433101,2441832,88,0,learn_array_A,location-1,-2
15,lff,f,19,117,126,2446658,2457195,179,36,learn_array_B,location-1,-9
15,lff,f,19,121,126,2461928,2479700,69,36,learn_array_B,location-1,-5
15,lff,f,19,174,0,2484369,2494014,161,18,learn_array_A,location-2,-6
15,lff,f,19,129,126,2498717,2503627,109,36,learn_array_B,location-1,3
block
15,lff,f,19,22,18,2561022,2572855,173,0,learn_array_A,location-1,4
15,lff,f,19,3,0,2577664,2597252,40,18,learn_array_A,location-2,3
15,lff,f,19,14,18,2601891,2609186,87,0,learn_array_A,location-1,-4
15,lff,f,19,44,36,2613987,2618725,54,126,learn_array_B,location-2,8
15,lff,f,19,41,36,2623397,2634893,158,126,learn_array_B,location-2,5
15,lff,f,19,6,0,2639708,2644691,52,18,learn_array_A,location-2,6
15,lff,f,19,128,126,2649366,2655589,67,36,learn_array_B,location-1,2
15,lff,f,19,174,0,2660208,2668005,147,18,learn_array_A,location-2,-6
15,lff,f,19,11,18,2672599,2678437,158,0,learn_array_A,location-1,-7
15,lff,f,19,119,126,2683267,2699207,7,36,learn_array_B,location-1,-7
15,lff,f,19,41,36,2704038,2713001,102,126,learn_array_B,location-2,5
15,lff,f,19,21,18,2717770,2729092,56,0,learn_array_A,location-1,3
15,lff,f,19,10,18,2733867,2742622,177,0,learn_array_A,location-1,-8
15,lff,f,19,43,36,2747258,2757178,45,126,learn_array_B,location-2,7
15,lff,f,19,31,36,2761797,2767435,170,126,learn_array_B,location-2,-5
15,lff,f,19,124,126,2772115,2781042,88,36,learn_array_B,location-1,-2
15,lff,f,19,174,0,2785876,2797832,125,18,learn_array_A,location-2,-6
15,lff,f,19,128,126,2802562,2812180,1,36,learn_array_B,location-1,2
15,lff,f,19,174,0,2816889,2827443,10,18,learn_array_A,location-2,-6
15,lff,f,19,175,0,2832088,2845617,28,18,learn_array_A,location-2,-5
15,lff,f,19,8,18,2850334,2855684,135,0,learn_array_A,location-1,-10
15,lff,f,19,177,0,2860439,2868231,136,18,learn_array_A,location-2,-3
15,lff,f,19,134,126,2873005,2900145,73,36,learn_array_B,location-1,8
15,lff,f,19,130,126,2904958,2914714,94,36,learn_array_B,location-1,4
15,lff,f,19,45,36,2919523,2937781,62,126,learn_array_B,location-2,9
15,lff,f,19,35,36,2942436,2955029,160,126,learn_array_B,location-2,-1
15,lff,f,19,123,126,2959848,2973024,41,36,learn_array_B,location-1,-3
15,lff,f,19,16,18,2977834,2991532,97,0,learn_array_A,location-1,-2
15,lff,f,19,130,126,2996350,3005104,48,36,learn_array_B,location-1,4
15,lff,f,19,37,36,3009755,3030955,128,126,learn_array_B,location-2,1
15,lff,f,19,11,18,3035760,3044845,157,0,learn_array_A,location-1,-7
15,lff,f,19,3,0,3049444,3065106,93,18,learn_array_A,location-2,3
block
15,lff,f,19,32,36,3072654,3082200,123,126,learn_array_B,location-2,-4
15,lff,f,19,15,18,3087036,3106624,6,0,learn_array_A,location-1,-3
15,lff,f,19,128,126,3111334,3123430,108,36,learn_array_B,location-1,2
15,lff,f,19,0,0,3128127,3141659,14,18,learn_array_A,location-2,0
15,lff,f,19,34,36,3146307,3166172,169,126,learn_array_B,location-2,-2
15,lff,f,19,122,126,3170797,3179881,154,36,learn_array_B,location-1,-4
15,lff,f,19,34,36,3184714,3191857,44,126,learn_array_B,location-2,-2
15,lff,f,19,35,36,3196538,3203583,62,126,learn_array_B,location-2,-1
15,lff,f,19,16,18,3208190,3220653,28,0,learn_array_A,location-1,-2
15,lff,f,19,176,0,3225330,3234793,30,18,learn_array_A,location-2,-4
15,lff,f,19,36,36,3239423,3247160,91,126,learn_array_B,location-2,0
15,lff,f,19,33,36,3251795,3263104,67,126,learn_array_B,location-2,-3
15,lff,f,19,175,0,3267830,3280034,114,18,learn_array_A,location-2,-5
15,lff,f,19,126,126,3284719,3296609,87,36,learn_array_B,location-1,0
15,lff,f,19,177,0,3301221,3310846,64,18,learn_array_A,location-2,-3
15,lff,f,19,12,18,3315440,3338815,4,0,learn_array_A,location-1,-6
15,lff,f,19,37,36,3343533,3356112,98,126,learn_array_B,location-2,1
15,lff,f,19,130,126,3360757,3367201,93,36,learn_array_B,location-1,4
15,lff,f,19,177,0,3371802,3377835,59,18,learn_array_A,location-2,-3
15,lff,f,19,1,0,3382645,3394007,138,18,learn_array_A,location-2,1
15,lff,f,19,33,36,3398738,3409015,134,126,learn_array_B,location-2,-3
15,lff,f,19,128,126,3413839,3419531,163,36,learn_array_B,location-1,2
15,lff,f,19,177,0,3424274,3437529,49,18,learn_array_A,location-2,-3
15,lff,f,19,132,126,3442136,3453574,17,36,learn_array_B,location-1,6
15,lff,f,19,177,0,3458328,3467598,143,18,learn_array_A,location-2,-3
15,lff,f,19,21,18,3472397,3486336,54,0,learn_array_A,location-1,3
15,lff,f,19,17,18,3490968,3509917,24,0,learn_array_A,location-1,-1
15,lff,f,19,14,18,3514596,3528687,172,0,learn_array_A,location-1,-4
15,lff,f,19,12,18,3533370,3537971,10,0,learn_array_A,location-1,-6
15,lff,f,19,130,126,3542578,3549274,117,36,learn_array_B,location-1,4
15,lff,f,19,129,126,3554093,3563839,60,36,learn_array_B,location-1,3
15,lff,f,19,23,18,3568452,3574320,68,0,learn_array_A,location-1,5
block
15,lff,f,19,42,36,3627022,3632025,105,126,learn_array_B,location-2,6
15,lff,f,19,0,0,3636739,3643491,85,18,learn_array_A,location-2,0
15,lff,f,19,127,126,3648218,3654042,147,36,learn_array_B,location-1,1
15,lff,f,19,175,0,3658817,3667836,48,18,learn_array_A,location-2,-5
15,lff,f,19,129,126,3672506,3676910,111,36,learn_array_B,location-1,3
15,lff,f,19,44,36,3681540,3686653,107,126,learn_array_B,location-2,8
15,lff,f,19,10,18,3691336,3701451,178,0,learn_array_A,location-1,-8
15,lff,f,19,178,0,3706182,3717026,96,18,learn_array_A,location-2,-2
15,lff,f,19,33,36,3721748,3729058,53,126,learn_array_B,location-2,-3
15,lff,f,19,179,0,3733695,3740876,115,18,learn_array_A,location-2,-1
15,lff,f,19,7,18,3745690,3750463,76,0,learn_array_A,location-1,-11
15,lff,f,19,124,126,3755255,3762369,165,36,learn_array_B,location-1,-2
15,lff,f,19,175,0,3767012,3771990,45,18,learn_array_A,location-2,-5
15,lff,f,19,123,126,3776748,3785414,81,36,learn_array_B,location-1,-3
15,lff,f,19,16,18,3790214,3799074,110,0,learn_array_A,location-1,-2
15,lff,f,19,13,18,3803811,3810273,72,0,learn_array_A,location-1,-5
15,lff,f,19,35,36,3815036,3822503,176,126,learn_array_B,location-2,-1
15,lff,f,19,128,126,3827100,3835446,59,36,learn_array_B,location-1,2
15,lff,f,19,34,36,3840165,3847872,61,126,learn_array_B,location-2,-2
15,lff,f,19,126,126,3852710,3858560,27,36,learn_array_B,location-1,0
15,lff,f,19,16,18,3863314,3869143,43,0,learn_array_A,location-1,-2
15,lff,f,19,127,126,3873942,3881651,109,36,learn_array_B,location-1,1
15,lff,f,19,174,0,3886461,3895417,69,18,learn_array_A,location-2,-6
15,lff,f,19,13,18,3900088,3906029,172,0,learn_array_A,location-1,-5
15,lff,f,19,16,18,3910786,3921162,158,0,learn_array_A,location-1,-2
15,lff,f,19,122,126,3925874,3932646,167,36,learn_array_B,location-1,-4
15,lff,f,19,21,18,3937260,3943689,18,0,learn_array_A,location-1,3
15,lff,f,19,177,0,3948411,3954193,153,18,learn_array_A,location-2,-3
15,lff,f,19,37,36,3958910,3984227,22,126,learn_array_B,location-2,1
15,lff,f,19,175,0,3988869,3998667,44,18,learn_array_A,location-2,-5
15,lff,f,19,37,36,4003354,4007223,158,126,learn_array_B,location-2,1
15,lff,f,19,35,36,4011853,4017344,114,126,learn_array_B,location-2,-1
block
15,lff,f,19,18,18,4107262,4112775,76,0,learn_array_A,location-1,0
15,lff,f,19,118,126,4117560,4128132,59,36,learn_array_B,location-1,-8
15,lff,f,19,123,126,4132960,4140519,53,36,learn_array_B,location-1,-3
15,lff,f,19,40,36,4145135,4155469,66,126,learn_array_B,location-2,4
15,lff,f,19,121,126,4160159,4166155,47,36,learn_array_B,location-1,-5
15,lff,f,19,178,0,4170943,4176449,62,18,learn_array_A,location-2,-2
15,lff,f,19,10,18,4181253,4188716,173,0,learn_array_A,location-1,-8
15,lff,f,19,12,18,4193312,4198852,79,0,learn_array_A,location-1,-6
15,lff,f,19,40,36,4203489,4215280,80,126,learn_array_B,location-2,4
15,lff,f,19,28,36,4220013,4224402,101,126,learn_array_B,location-2,-8
15,lff,f,19,23,18,4229033,4239374,28,0,learn_array_A,location-1,5
15,lff,f,19,118,126,4244018,4250261,97,36,learn_array_B,location-1,-8
15,lff,f,19,122,126,4254998,4262106,125,36,learn_array_B,location-1,-4
15,lff,f,19,174,0,4266852,4273375,82,18,learn_array_A,location-2,-6
15,lff,f,19,176,0,4278166,4283219,126,18,learn_array_A,location-2,-4
15,lff,f,19,178,0,4287912,4292457,155,18,learn_array_A,location-2,-2
15,lff,f,19,14,18,4297151,4301250,109,0,learn_array_A,location-1,-4
15,lff,f,19,14,18,4306007,4309450,81,0,learn_array_A,location-1,-4
15,lff,f,19,34,36,4314101,4321353,134,126,learn_array_B,location-2,-2
15,lff,f,19,1,0,4326079,4332303,103,18,learn_array_A,location-2,1
15,lff,f,19,35,36,4337061,4341814,150,126,learn_array_B,location-2,-1
15,lff,f,19,118,126,4346519,4352257,86,36,learn_array_B,location-1,-8
15,lff,f,19,173,0,4356987,4367713,54,18,learn_array_A,location-2,-7
15,lff,f,19,38,36,4372531,4384496,89,126,learn_array_B,location-2,2
15,lff,f,19,9,18,4389194,4404165,159,0,learn_array_A,location-1,-9
15,lff,f,19,32,36,4408959,4422419,24,126,learn_array_B,location-2,-4
15,lff,f,19,177,0,4427193,4433856,103,18,learn_array_A,location-2,-3
15,lff,f,19,34,36,4438494,4449325,66,126,learn_array_B,location-2,-2
15,lff,f,19,17,18,4453968,4463501,2,0,learn_array_A,location-1,-1
15,lff,f,19,130,126,4468284,4474737,128,36,learn_array_B,location-1,4
15,lff,f,19,128,126,4479490,4489438,22,36,learn_array_B,location-1,2
15,lff,f,19,179,0,4494192,4504559,27,18,learn_array_A,location-2,-1
block
15,lff,f,19,128,126,4511598,4520204,150,36,learn_array_B,location-1,2
15,lff,f,19,41,36,4524889,4537158,34,126,learn_array_B,location-2,5
15,lff,f,19,36,36,4541768,4548970,110,126,learn_array_B,location-2,0
15,lff,f,19,128,126,4553639,4561232,0,36,learn_array_B,location-1,2
15,lff,f,19,41,126,4565999,4571514,127,36,learn_array_B,location-1,-85
15,lff,f,19,15,18,4576221,4590558,99,0,learn_array_A,location-1,-3
15,lff,f,19,15,18,4595244,4601186,116,0,learn_array_A,location-1,-3
15,lff,f,19,129,126,4605799,4612339,168,36,learn_array_B,location-1,3
15,lff,f,19,126,126,4616933,4626088,54,36,learn_array_B,location-1,0
15,lff,f,19,172,18,4630901,4639178,54,0,learn_array_A,location-1,-26
15,lff,f,19,18,18,4643934,4655560,91,0,learn_array_A,location-1,0
15,lff,f,19,37,36,4660311,4669989,52,126,learn_array_B,location-2,1
15,lff,f,19,177,0,4674594,4680783,165,18,learn_array_A,location-2,-3
15,lff,f,19,127,126,4685441,4690588,25,36,learn_array_B,location-1,1
15,lff,f,19,38,36,4695228,4702719,74,126,learn_array_B,location-2,2
15,lff,f,19,175,0,4707380,4714154,147,18,learn_array_A,location-2,-5
15,lff,f,19,126,126,4718947,4728187,152,36,learn_array_B,location-1,0
15,lff,f,19,41,36,4732803,4740082,117,126,learn_array_B,location-2,5
15,lff,f,19,1,0,4744866,4751532,34,18,learn_array_A,location-2,1
15,lff,f,19,4,0,4756298,4762612,98,18,learn_array_A,location-2,4
15,lff,f,19,178,0,4767248,4771185,94,18,learn_array_A,location-2,-2
15,lff,f,19,34,36,4775796,4787932,134,126,learn_array_B,location-2,-2
15,lff,f,19,10,18,4792620,4798409,66,0,learn_array_A,location-1,-8
15,lff,f,19,3,0,4803197,4807734,29,18,learn_array_A,location-2,3
15,lff,f,19,35,36,4812511,4818447,131,126,learn_array_B,location-2,-1
15,lff,f,19,3,0,4823274,4828720,17,18,learn_array_A,location-2,3
15,lff,f,19,130,126,4833549,4844615,68,36,learn_array_B,location-1,4
15,lff,f,19,175,0,4849205,4858100,72,18,learn_array_A,location-2,-5
15,lff,f,19,33,36,4862934,4869489,122,126,learn_array_B,location-2,-3
15,lff,f,19,21,18,4874314,4880704,56,0,learn_array_A,location-1,3
15,lff,f,19,17,18,4885394,4893393,7,0,learn_array_A,location-1,-1
15,lff,f,19,19,18,4898138,4907935,46,0,learn_array_A,location-1,1
block
15,lff,f,19,123,126,5012206,5015738,24,36,learn_array_B,location-1,-3
15,lff,f,19,174,18,5020558,5024218,122,0,learn_array_A,location-1,-24
15,lff,f,19,124,126,5029060,5033314,73,36,learn_array_B,location-1,-2
15,lff,f,19,177,0,5038088,5042392,17,18,learn_array_A,location-2,-3
15,lff,f,19,35,36,5047108,5057690,61,126,learn_array_B,location-2,-1
15,lff,f,19,35,36,5062367,5070521,111,126,learn_array_B,location-2,-1
15,lff,f,19,2,0,5075253,5081442,81,18,learn_array_A,location-2,2
15,lff,f,19,116,126,5086213,5091988,43,36,learn_array_B,location-1,-10
15,lff,f,19,37,36,5096695,5106012,153,126,learn_array_B,location-2,1
15,lff,f,19,119,36,5110629,5117673,38,126,learn_array_B,location-2,83
15,lff,f,19,173,0,5122266,5126590,129,18,learn_array_A,location-2,-7
15,lff,f,19,125,126,5131362,5140285,140,36,learn_array_B,location-1,-1
15,lff,f,19,15,18,5145106,5152651,89,0,learn_array_A,location-1,-3
15,lff,f,19,124,126,5157412,5168596,66,36,learn_array_B,location-1,-2
15,lff,f,19,176,0,5173337,5187166,35,18,learn_array_A,location-2,-4
15,lff,f,19,178,0,5191930,5197568,100,18,learn_array_A,location-2,-2
15,lff,f,19,13,18,5202191,5206589,0,0,learn_array_A,location-1,-5
15,lff,f,19,13,18,5211393,5217347,158,0,learn_array_A,location-1,-5
15,lff,f,19,31,36,5222003,5227785,64,126,learn_array_B,location-2,-5
15,lff,f,19,13,18,5232500,5238079,36,0,learn_array_A,location-1,-5
15,lff,f,19,123,126,5242760,5249950,137,36,learn_array_B,location-1,-3
15,lff,f,19,41,36,5254693,5259478,171,126,learn_array_B,location-2,5
15,lff,f,19,12,18,5264158,5269378,172,0,learn_array_A,location-1,-6
15,lff,f,19,125,126,5273995,5279792,16,36,learn_array_B,location-1,-1
15,lff,f,19,15,18,5284555,5289872,59,0,learn_array_A,location-1,-3
15,lff,f,19,121,126,5294623,5302343,138,36,learn_array_B,location-1,-5
15,lff,f,19,176,0,5307071,5310895,62,18,learn_array_A,location-2,-4
15,lff,f,19,33,36,5315518,5320090,144,126,learn_array_B,location-2,-3
15,lff,f,19,176,0,5324925,5331312,134,18,learn_array_A,location-2,-4
15,lff,f,19,176,18,5335941,5340633,150,0,learn_array_A,location-1,-22
15,lff,f,19,35,36,5345329,5356535,153,126,learn_array_B,location-2,-1
15,lff,f,19,3,0,5361262,5366111,88,18,learn_array_A,location-2,3
block
15,lff,f,19,11,18,5449406,5453176,113,0,learn_array_A,location-1,-7
15,lff,f,19,14,18,5457851,5463146,81,0,learn_array_A,location-1,-4
15,lff,f,19,175,0,5467923,5472557,152,18,learn_array_A,location-2,-5
15,lff,f,19,12,18,5477178,5479752,82,0,learn_array_A,location-1,-6
15,lff,f,19,35,36,5484443,5487158,64,126,learn_array_B,location-2,-1
15,lff,f,19,120,126,5491789,5495386,158,36,learn_array_B,location-1,-6
15,lff,f,19,118,126,5500087,5502659,13,36,learn_array_B,location-1,-8
15,lff,f,19,176,0,5507259,5509319,54,18,learn_array_A,location-2,-4
15,lff,f,19,6,0,5513977,5516394,58,18,learn_array_A,location-2,6
15,lff,f,19,177,0,5521110,5524921,178,18,learn_array_A,location-2,-3
15,lff,f,19,37,36,5529677,5535588,77,126,learn_array_B,location-2,1
15,lff,f,19,35,36,5540326,5544305,179,126,learn_array_B,location-2,-1
15,lff,f,19,122,126,5549139,5554946,142,36,learn_array_B,location-1,-4
15,lff,f,19,175,0,5559558,5562564,102,18,learn_array_A,location-2,-5
15,lff,f,19,35,36,5567268,5571826,164,126,learn_array_B,location-2,-1
15,lff,f,19,34,36,5576574,5580089,1,126,learn_array_B,location-2,-2
15,lff,f,19,34,36,5584769,5589689,16,126,learn_array_B,location-2,-2
15,lff,f,19,18,18,5594460,5597917,13,0,learn_array_A,location-1,0
15,lff,f,19,10,18,5602753,5607667,102,0,learn_array_A,location-1,-8
15,lff,f,19,3,0,5612335,5615130,165,18,learn_array_A,location-2,3
15,lff,f,19,124,126,5619752,5623922,26,36,learn_array_B,location-1,-2
15,lff,f,19,173,0,5628636,5630698,89,18,learn_array_A,location-2,-7
15,lff,f,19,36,36,5635473,5639659,25,126,learn_array_B,location-2,0
15,lff,f,19,15,18,5644464,5647686,35,0,learn_array_A,location-1,-3
15,lff,f,19,177,0,5652465,5654892,153,18,learn_array_A,location-2,-3
15,lff,f,19,117,126,5659602,5663940,159,36,learn_array_B,location-1,-9
15,lff,f,19,39,36,5668587,5672564,176,126,learn_array_B,location-2,3
15,lff,f,19,117,126,5677375,5680913,138,36,learn_array_B,location-1,-9
15,lff,f,19,10,18,5685592,5688985,92,0,learn_array_A,location-1,-8
15,lff,f,19,128,126,5693718,5700121,49,36,learn_array_B,location-1,2
15,lff,f,19,8,18,5704785,5710497,42,0,learn_array_A,location-1,-10
15,lff,f,19,126,126,5715115,5719162,32,36,learn_array_B,location-1,0
block
15,lff,f,19,37,36,5725214,5729173,105,126,learn_array_B,location-2,1
15,lff,f,19,15,18,5733776,5736928,0,0,learn_array_A,location-1,-3
15,lff,f,19,176,0,5741561,5743530,177,18,learn_array_A,location-2,-4
15,lff,f,19,32,36,5748123,5751394,101,126,learn_array_B,location-2,-4
15,lff,f,19,117,126,5756167,5758513,22,36,learn_array_B,location-1,-9
15,lff,f,19,35,36,5763312,5766162,79,126,learn_array_B,location-2,-1
15,lff,f,19,177,0,5770889,5772280,24,18,learn_array_A,location-2,-3
15,lff,f,19,22,18,5776920,5778679,138,0,learn_array_A,location-1,4
15,lff,f,19,173,0,5783362,5784981,43,18,learn_array_A,location-2,-7
15,lff,f,19,31,36,5789798,5792000,70,126,learn_array_B,location-2,-5
15,lff,f,19,11,18,5796666,5799455,108,0,learn_array_A,location-1,-7
15,lff,f,19,14,18,5804079,5805846,54,0,learn_array_A,location-1,-4
15,lff,f,19,122,126,5810604,5812872,70,36,learn_array_B,location-1,-4
15,lff,f,19,119,126,5817488,5823762,129,36,learn_array_B,location-1,-7
15,lff,f,19,122,126,5828374,5833129,100,36,learn_array_B,location-1,-4
15,lff,f,19,175,0,5837907,5842475,79,18,learn_array_A,location-2,-5
15,lff,f,19,39,36,5847182,5852430,91,126,learn_array_B,location-2,3
15,lff,f,19,123,126,5857040,5860858,134,36,learn_array_B,location-1,-3
15,lff,f,19,173,18,5865506,5868146,118,0,learn_array_A,location-1,-25
15,lff,f,19,117,126,5872933,5876381,109,36,learn_array_B,location-1,-9
15,lff,f,19,10,18,5881103,5883602,18,0,learn_array_A,location-1,-8
15,lff,f,19,175,0,5888437,5891224,77,18,learn_array_A,location-2,-5
15,lff,f,19,121,126,5895913,5898194,140,36,learn_array_B,location-1,-5
15,lff,f,19,168,0,5902951,5906994,178,18,learn_array_A,location-2,-12
15,lff,f,19,41,36,5911734,5915042,73,126,learn_array_B,location-2,5
15,lff,f,19,42,36,5919822,5921956,155,126,learn_array_B,location-2,6
15,lff,f,19,15,18,5926695,5931164,68,0,learn_array_A,location-1,-3
15,lff,f,19,173,0,5935941,5938941,43,18,learn_array_A,location-2,-7
15,lff,f,19,124,126,5943546,5945007,88,36,learn_array_B,location-1,-2
15,lff,f,19,169,0,5949642,5952353,118,18,learn_array_A,location-2,-11
15,lff,f,19,14,18,5957040,5960119,15,0,learn_array_A,location-1,-4
15,lff,f,19,52,36,5964894,5968929,9,126,learn_array_B,location-2,16
block
15,lff,f,19,54,36,5975630,5978569,13,126,learn_array_B,location-2,18
15,lff,f,19,118,126,5983174,5986036,3,36,learn_array_B,location-1,-8
15,lff,f,19,13,18,5990701,5993705,111,0,learn_array_A,location-1,-5
15,lff,f,19,178,0,5998326,6003467,40,18,learn_array_A,location-2,-2
15,lff,f,19,35,36,6008266,6011127,37,126,learn_array_B,location-2,-1
15,lff,f,19,111,126,6015819,6019841,168,36,learn_array_B,location-1,-15
15,lff,f,19,176,0,6024670,6027243,168,18,learn_array_A,location-2,-4
15,lff,f,19,25,18,6032014,6034219,144,0,learn_array_A,location-1,7
15,lff,f,19,38,36,6038860,6045931,177,126,learn_array_B,location-2,2
15,lff,f,19,125,126,6050594,6053682,174,36,learn_array_B,location-1,-1
15,lff,f,19,12,18,6058501,6062746,3,0,learn_array_A,location-1,-6
15,lff,f,19,16,18,6067475,6069316,82,0,learn_array_A,location-1,-2
15,lff,f,19,38,36,6074029,6078638,56,126,learn_array_B,location-2,2
15,lff,f,19,14,18,6083390,6089362,170,0,learn_array_A,location-1,-4
15,lff,f,19,18,18,6093999,6100528,18,0,learn_array_A,location-1,0
15,lff,f,19,120,126,6105130,6109179,52,36,learn_array_B,location-1,-6
15,lff,f,19,44,36,6113958,6117326,8,126,learn_array_B,location-2,8
15,lff,f,19,133,126,6122039,6124530,19,36,learn_array_B,location-1,7
15,lff,f,19,179,0,6129173,6131010,39,18,learn_array_A,location-2,-1
15,lff,f,19,7,0,6135639,6136953,29,18,learn_array_A,location-2,7
15,lff,f,19,122,126,6141586,6143712,165,36,learn_array_B,location-1,-4
15,lff,f,19,1,0,6148529,6151109,73,18,learn_array_A,location-2,1
15,lff,f,19,125,126,6155868,6160127,112,36,learn_array_B,location-1,-1
15,lff,f,19,1,0,6164838,6166522,70,18,learn_array_A,location-2,1
15,lff,f,19,16,18,6171282,6174373,143,0,learn_array_A,location-1,-2
15,lff,f,19,170,0,6178979,6182064,152,18,learn_array_A,location-2,-10
15,lff,f,19,179,0,6186901,6189704,104,18,learn_array_A,location-2,-1
15,lff,f,19,40,36,6194330,6198435,102,126,learn_array_B,location-2,4
15,lff,f,19,37,36,6203205,6207595,65,126,learn_array_B,location-2,1
15,lff,f,19,15,18,6212389,6216437,91,0,learn_array_A,location-1,-3
15,lff,f,19,125,126,6221200,6223183,18,36,learn_array_B,location-1,-1
15,lff,f,19,38,36,6227968,6230830,73,126,learn_array_B,location-2,2
block
15,lff,f,19,121,126,6236974,6239722,56,36,learn_array_B,location-1,-5
15,lff,f,19,120,126,6244533,6246145,69,36,learn_array_B,location-1,-6
15,lff,f,19,8,18,6250914,6252678,84,0,learn_array_A,location-1,-10
15,lff,f,19,48,36,6257338,6259546,13,126,learn_array_B,location-2,12
15,lff,f,19,118,126,6264305,6266127,101,36,learn_array_B,location-1,-8
15,lff,f,19,22,18,6270822,6272882,43,0,learn_array_A,location-1,4
15,lff,f,19,172,0,6277604,6280694,91,18,learn_array_A,location-2,-8
15,lff,f,19,173,0,6285421,6288150,170,18,learn_array_A,location-2,-7
15,lff,f,19,39,36,6292979,6295984,98,126,learn_array_B,location-2,3
15,lff,f,19,12,18,6300641,6304234,72,0,learn_array_A,location-1,-6
15,lff,f,19,34,36,6308961,6313839,63,126,learn_array_B,location-2,-2
15,lff,f,19,35,36,6318499,6321224,66,126,learn_array_B,location-2,-1
15,lff,f,19,0,0,6325858,6328345,10,18,learn_array_A,location-2,0
15,lff,f,19,35,36,6333173,6336109,33,126,learn_array_B,location-2,-1
15,lff,f,19,173,0,6340862,6345257,171,18,learn_array_A,location-2,-7
15,lff,f,19,120,126,6350066,6353084,136,36,learn_array_B,location-1,-6
15,lff,f,19,130,126,6357771,6359762,164,36,learn_array_B,location-1,4
15,lff,f,19,127,126,6364359,6366566,67,36,learn_array_B,location-1,1
15,lff,f,19,174,0,6371255,6373684,124,18,learn_array_A,location-2,-6
15,lff,f,19,17,18,6378378,6381775,3,0,learn_array_A,location-1,-1
15,lff,f,19,35,36,6386553,6389120,176,126,learn_array_B,location-2,-1
15,lff,f,19,34,36,6393798,6396660,14,126,learn_array_B,location-2,-2
15,lff,f,19,128,126,6401253,6404402,90,36,learn_array_B,location-1,2
15,lff,f,19,173,0,6409055,6411331,131,18,learn_array_A,location-2,-7
15,lff,f,19,174,0,6415983,6418037,52,18,learn_array_A,location-2,-6
15,lff,f,19,19,18,6422769,6424827,112,0,learn_array_A,location-1,1
15,lff,f,19,40,36,6429628,6432928,26,126,learn_array_B,location-2,4
15,lff,f,19,117,126,6437723,6439117,131,36,learn_array_B,location-1,-9
15,lff,f,19,179,0,6443952,6446161,64,18,learn_array_A,location-2,-1
15,lff,f,19,16,18,6450841,6453420,119,0,learn_array_A,location-1,-2
15,lff,f,19,9,18,6458244,6461337,148,0,learn_array_A,location-1,-9
15,lff,f,19,178,18,6466139,6468416,150,0,learn_array_A,location-1,-20
block
15,lff,f,19,19,18,6475134,6477335,166,0,learn_array_A,location-1,1
15,lff,f,19,117,126,6482157,6484576,127,36,learn_array_B,location-1,-9
15,lff,f,19,132,126,6489180,6490937,153,36,learn_array_B,location-1,6
15,lff,f,19,124,126,6495628,6497176,66,36,learn_array_B,location-1,-2
15,lff,f,19,120,126,6501799,6504222,106,36,learn_array_B,location-1,-6
15,lff,f,19,172,0,6508822,6511746,47,18,learn_array_A,location-2,-8
15,lff,f,19,16,18,6516510,6518707,27,0,learn_array_A,location-1,-2
15,lff,f,19,24,18,6523332,6524945,170,0,learn_array_A,location-1,6
15,lff,f,19,177,0,6529625,6532120,151,18,learn_array_A,location-2,-3
15,lff,f,19,125,126,6536766,6538598,176,36,learn_array_B,location-1,-1
15,lff,f,19,40,36,6543199,6547400,91,126,learn_array_B,location-2,4
15,lff,f,19,41,36,6552090,6555175,94,126,learn_array_B,location-2,5
15,lff,f,19,15,18,6559846,6562792,153,0,learn_array_A,location-1,-3
15,lff,f,19,19,0,6567442,6569492,98,18,learn_array_A,location-2,19
15,lff,f,19,23,18,6574123,6576404,9,0,learn_array_A,location-1,5
15,lff,f,19,173,0,6581126,6583030,39,18,learn_array_A,location-2,-7
15,lff,f,19,20,18,6587669,6589504,148,0,learn_array_A,location-1,2
15,lff,f,19,179,0,6594233,6595850,124,18,learn_array_A,location-2,-1
15,lff,f,19,128,126,6600611,6602592,88,36,learn_array_B,location-1,2
15,lff,f,19,31,36,6607318,6610682,19,126,learn_array_B,location-2,-5
15,lff,f,19,33,36,6615335,6618206,147,126,learn_array_B,location-2,-3
15,lff,f,19,34,36,6622942,6624909,170,126,learn_array_B,location-2,-2
15,lff,f,19,14,18,6629608,6631749,86,0,learn_array_A,location-1,-4
15,lff,f,19,124,126,6636411,6639271,69,36,learn_array_B,location-1,-2
15,lff,f,19,3,0,6643910,6645892,68,18,learn_array_A,location-2,3
15,lff,f,19,35,36,6650617,6653404,63,126,learn_array_B,location-2,-1
15,lff,f,19,34,36,6658104,6661767,176,126,learn_array_B,location-2,-2
15,lff,f,19,1,18,6666580,6668121,59,0,learn_array_A,location-1,-17
15,lff,f,19,175,0,6672916,6674310,154,18,learn_array_A,location-2,-5
15,lff,f,19,18,0,6678935,6680989,41,18,learn_array_A,location-2,18
15,lff,f,19,30,36,6685764,6688126,118,126,learn_array_B,location-2,-6
15,lff,f,19,122,126,6692780,6694244,7,36,learn_array_B,location-1,-4
block
15,lff,f,19,124,126,6701230,6702701,79,36,learn_array_B,location-1,-2
15,lff,f,19,9,18,6707523,6708983,24,0,learn_array_A,location-1,-9
15,lff,f,19,165,18,6713629,6715615,132,0,learn_array_A,location-1,-33
15,lff,f,19,120,126,6720323,6721725,49,36,learn_array_B,location-1,-6
15,lff,f,19,174,0,6726454,6727705,130,18,learn_array_A,location-2,-6
15,lff,f,19,178,0,6732385,6733854,45,18,learn_array_A,location-2,-2
15,lff,f,19,47,36,6738609,6740152,156,126,learn_array_B,location-2,11
15,lff,f,19,34,36,6744967,6746285,146,126,learn_array_B,location-2,-2
15,lff,f,19,114,126,6751003,6753208,115,36,learn_array_B,location-1,-12
15,lff,f,19,124,126,6757950,6758971,111,36,learn_array_B,location-1,-2
15,lff,f,19,43,36,6763760,6766189,120,126,learn_array_B,location-2,7
15,lff,f,19,6,18,6770924,6772464,108,0,learn_array_A,location-1,-12
15,lff,f,19,128,126,6777285,6779632,49,36,learn_array_B,location-1,2
15,lff,f,19,37,36,6784298,6787761,163,126,learn_array_B,location-2,1
15,lff,f,19,34,36,6792407,6794600,111,126,learn_array_B,location-2,-2
15,lff,f,19,120,126,6799250,6800866,30,36,learn_array_B,location-1,-6
15,lff,f,19,171,18,6805503,6807480,121,0,learn_array_A,location-1,-27
15,lff,f,19,18,18,6812135,6813748,162,0,learn_array_A,location-1,0
15,lff,f,19,5,0,6818509,6821523,64,18,learn_array_A,location-2,5
15,lff,f,19,43,36,6826128,6828343,125,126,learn_array_B,location-2,7
15,lff,f,19,175,0,6833034,6835754,69,18,learn_array_A,location-2,-5
15,lff,f,19,123,36,6840509,6842635,35,126,learn_array_B,location-2,87
15,lff,f,19,12,0,6847416,6848592,168,18,learn_array_A,location-2,12
15,lff,f,19,5,0,6853206,6854676,57,18,learn_array_A,location-2,5
15,lff,f,19,175,0,6859495,6861708,159,18,learn_array_A,location-2,-5
15,lff,f,19,175,0,6866475,6869783,50,18,learn_array_A,location-2,-5
15,lff,f,19,13,18,6874536,6876822,151,0,learn_array_A,location-1,-5
15,lff,f,19,122,126,6881434,6882829,76,36,learn_array_B,location-1,-4
15,lff,f,19,49,36,6887525,6890248,28,126,learn_array_B,location-2,13
15,lff,f,19,179,18,6895049,6897254,55,0,learn_array_A,location-1,-19
15,lff,f,19,24,18,6902089,6903411,52,0,learn_array_A,location-1,6
15,lff,f,19,135,126,6908171,6909789,62,36,learn_array_B,location-1,9
block
15,lff,f,19,4,0,6916494,6917664,19,18,learn_array_A,location-2,4
15,lff,f,19,117,126,6922356,6925071,116,36,learn_array_B,location-1,-9
15,lff,f,19,132,126,6929746,6931133,59,36,learn_array_B,location-1,6
15,lff,f,19,171,0,6935779,6937762,169,18,learn_array_A,location-2,-9
15,lff,f,19,110,126,6942566,6944769,108,36,learn_array_B,location-1,-16
15,lff,f,19,177,0,6949522,6950988,103,18,learn_array_A,location-2,-3
15,lff,f,19,175,18,6955656,6957270,43,0,learn_array_A,location-1,-23
15,lff,f,19,175,18,6961910,6963594,77,0,learn_array_A,location-1,-23
15,lff,f,19,179,0,6968349,6969447,56,18,learn_array_A,location-2,-1
15,lff,f,19,43,36,6974194,6976098,136,126,learn_array_B,location-2,7
15,lff,f,19,172,0,6980845,6982384,58,18,learn_array_A,location-2,-8
15,lff,f,19,42,36,6987079,6988688,137,126,learn_array_B,location-2,6
15,lff,f,19,6,0,6993499,6995404,83,18,learn_array_A,location-2,6
15,lff,f,19,41,36,7000225,7001767,177,126,learn_array_B,location-2,5
15,lff,f,19,177,18,7006418,7007599,116,0,learn_array_A,location-1,-21
15,lff,f,19,177,0,7012270,7013811,92,18,learn_array_A,location-2,-3
15,lff,f,19,21,18,7018552,7020468,62,0,learn_array_A,location-1,3
15,lff,f,19,117,126,7025199,7027548,91,36,learn_array_B,location-1,-9
15,lff,f,19,2,18,7032172,7034750,113,0,learn_array_A,location-1,-16
15,lff,f,19,33,36,7039428,7041041,173,126,learn_array_B,location-2,-3
15,lff,f,19,34,36,7045650,7047710,15,126,learn_array_B,location-2,-2
15,lff,f,19,127,126,7052399,7054524,125,36,learn_array_B,location-1,1
15,lff,f,19,178,0,7059318,7061152,59,18,learn_array_A,location-2,-2
15,lff,f,19,36,18,7065763,7067381,49,0,learn_array_A,location-1,18
15,lff,f,19,125,126,7072110,7073506,39,36,learn_array_B,location-1,-1
15,lff,f,19,119,36,7078338,7079589,41,126,learn_array_B,location-2,83
15,lff,f,19,36,36,7084251,7086311,94,126,learn_array_B,location-2,0
15,lff,f,19,21,18,7091066,7092682,18,0,learn_array_A,location-1,3
15,lff,f,19,118,126,7097364,7099196,47,36,learn_array_B,location-1,-8
15,lff,f,19,124,126,7103831,7105301,80,36,learn_array_B,location-1,-2
15,lff,f,19,28,36,7110064,7112053,98,126,learn_array_B,location-2,-8
15,lff,f,19,23,18,7116891,7118512,53,0,learn_array_A,location-1,5
block
15,lff,f,19,170,0,7124638,7131684,33,18,learn_array_A,location-2,-10
15,lff,f,19,51,36,7136434,7137829,37,126,learn_array_B,location-2,15
15,lff,f,19,122,126,7142593,7145081,177,36,learn_array_B,location-1,-4
15,lff,f,19,124,126,7149671,7151140,118,36,learn_array_B,location-1,-2
15,lff,f,19,176,0,7155779,7157173,122,18,learn_array_A,location-2,-4
15,lff,f,19,7,0,7161838,7163078,46,18,learn_array_A,location-2,7
15,lff,f,19,19,0,7167808,7169131,93,18,learn_array_A,location-2,19
15,lff,f,19,130,126,7173908,7175665,166,36,learn_array_B,location-1,4
15,lff,f,19,123,126,7180397,7182308,91,36,learn_array_B,location-1,-3
15,lff,f,19,128,126,7187037,7187916,92,36,learn_array_B,location-1,2
15,lff,f,19,18,18,7192617,7195688,106,0,learn_array_A,location-1,0
15,lff,f,19,20,18,7200430,7201825,55,0,learn_array_A,location-1,2
15,lff,f,19,137,126,7206589,7207906,59,36,learn_array_B,location-1,11
15,lff,f,19,117,126,7212694,7213501,83,36,learn_array_B,location-1,-9
15,lff,f,19,22,18,7218209,7220252,54,0,learn_array_A,location-1,4
15,lff,f,19,22,18,7224891,7226585,76,0,learn_array_A,location-1,4
15,lff,f,19,42,36,7231265,7234500,44,126,learn_array_B,location-2,6
15,lff,f,19,51,36,7239331,7240800,143,126,learn_array_B,location-2,15
15,lff,f,19,171,0,7245576,7250333,67,18,learn_array_A,location-2,-9
15,lff,f,19,129,126,7255072,7257551,173,36,learn_array_B,location-1,3
15,lff,f,19,35,36,7262313,7264954,112,126,learn_array_B,location-2,-1
15,lff,f,19,18,18,7269661,7270910,99,0,learn_array_A,location-1,0
15,lff,f,19,39,36,7275686,7277744,65,126,learn_array_B,location-2,3
15,lff,f,19,44,36,7282537,7283705,119,126,learn_array_B,location-2,8
15,lff,f,19,10,0,7288317,7289560,113,18,learn_array_A,location-2,10
15,lff,f,19,131,36,7294206,7296259,146,126,learn_array_B,location-2,-85
15,lff,f,19,21,0,7300926,7302893,122,18,learn_array_A,location-2,21
15,lff,f,19,34,36,7307710,7309694,119,126,learn_array_B,location-2,-2
15,lff,f,19,2,0,7314494,7316261,59,18,learn_array_A,location-2,2
15,lff,f,19,17,18,7320854,7322685,134,0,learn_array_A,location-1,-1
15,lff,f,19,7,18,7327300,7328692,136,0,learn_array_A,location-1,-11
15,lff,f,19,18,18,7333418,7334806,128,0,learn_array_A,location-1,0
block
