subj,name,gender,age,col_resp,target_angle,start_time,resp_time,start_angle,other_angle,learn_array,location,d_value
16,lm,f,19,132,108,31696,33896,152,72,learn_array_B,location-2,24
16,lm,f,19,40,36,38533,41031,63,162,learn_array_A,location-2,4
16,lm,f,19,148,162,45672,50525,41,36,learn_array_A,location-1,-14
16,lm,f,19,76,72,55164,58251,89,108,learn_array_B,location-1,4
16,lm,f,19,153,162,62859,65640,166,36,learn_array_A,location-1,-9
16,lm,f,19,154,162,70238,76468,43,36,learn_array_A,location-1,-8
16,lm,f,19,39,36,81160,85412,104,162,learn_array_A,location-2,3
16,lm,f,19,83,72,90017,93973,92,108,learn_array_B,location-1,11
16,lm,f,19,75,72,98673,101967,34,108,learn_array_B,location-1,3
16,lm,f,19,130,108,106682,111742,130,72,learn_array_B,location-2,22
16,lm,f,19,108,108,116417,119722,60,72,learn_array_B,location-2,0
16,lm,f,19,119,108,124542,128285,64,72,learn_array_B,location-2,11
16,lm,f,19,39,36,132891,138312,74,162,learn_array_A,location-2,3
16,lm,f,19,77,72,143010,146017,31,108,learn_array_B,location-1,5
16,lm,f,19,78,72,150665,155278,7,108,learn_array_B,location-1,6
16,lm,f,19,111,108,159955,164565,149,72,learn_array_B,location-2,3
16,lm,f,19,41,36,169373,173833,68,162,learn_array_A,location-2,5
16,lm,f,19,114,108,178518,183270,169,72,learn_array_B,location-2,6
16,lm,f,19,44,162,187984,190180,62,36,learn_array_A,location-1,62
16,lm,f,19,72,72,194790,200297,100,108,learn_array_B,location-1,0
16,lm,f,19,155,162,204957,209870,104,36,learn_array_A,location-1,-7
16,lm,f,19,119,108,214694,218726,111,72,learn_array_B,location-2,11
16,lm,f,19,115,108,223330,226560,127,72,learn_array_B,location-2,7
16,lm,f,19,38,36,231293,234956,79,162,learn_array_A,location-2,2
16,lm,f,19,36,36,239778,253151,0,162,learn_array_A,location-2,0
16,lm,f,19,67,72,257808,263661,19,108,learn_array_B,location-1,-5
16,lm,f,19,152,162,268352,272005,73,36,learn_array_A,location-1,-10
16,lm,f,19,152,162,276745,280176,138,36,learn_array_A,location-1,-10
16,lm,f,19,37,36,284821,288976,45,162,learn_array_A,location-2,1
16,lm,f,19,69,72,293702,297495,84,108,learn_array_B,location-1,-3
16,lm,f,19,151,162,302191,308830,63,36,learn_array_A,location-1,-11
16,lm,f,19,35,36,313604,319095,168,162,learn_array_A,location-2,-1
block
16,lm,f,19,36,36,347515,350748,108,162,learn_array_A,location-2,0
16,lm,f,19,162,162,355363,357710,97,36,learn_array_A,location-1,0
16,lm,f,19,71,72,362548,365986,161,108,learn_array_B,location-1,-1
16,lm,f,19,68,72,370774,375390,106,108,learn_array_B,location-1,-4
16,lm,f,19,158,162,380126,386058,15,36,learn_array_A,location-1,-4
16,lm,f,19,117,108,390755,393611,148,72,learn_array_B,location-2,9
16,lm,f,19,39,36,398247,404468,98,162,learn_array_A,location-2,3
16,lm,f,19,75,72,409258,411599,53,108,learn_array_B,location-1,3
16,lm,f,19,110,108,416226,419376,167,72,learn_array_B,location-2,2
16,lm,f,19,156,162,424010,427676,12,36,learn_array_A,location-1,-6
16,lm,f,19,160,162,432422,439813,122,36,learn_array_A,location-1,-2
16,lm,f,19,38,162,444580,448451,85,36,learn_array_A,location-1,56
16,lm,f,19,40,36,453064,456791,178,162,learn_array_A,location-2,4
16,lm,f,19,40,36,461449,466858,68,162,learn_array_A,location-2,4
16,lm,f,19,38,36,471645,477553,138,162,learn_array_A,location-2,2
16,lm,f,19,161,162,482232,486908,146,36,learn_array_A,location-1,-1
16,lm,f,19,40,36,491586,496761,85,162,learn_array_A,location-2,4
16,lm,f,19,69,72,501372,505100,85,108,learn_array_B,location-1,-3
16,lm,f,19,66,72,509773,516657,3,108,learn_array_B,location-1,-6
16,lm,f,19,114,108,521440,525606,42,72,learn_array_B,location-2,6
16,lm,f,19,122,108,530435,535695,126,72,learn_array_B,location-2,14
16,lm,f,19,115,108,540490,544366,85,72,learn_array_B,location-2,7
16,lm,f,19,68,72,549079,553539,42,108,learn_array_B,location-1,-4
16,lm,f,19,77,72,558253,561317,17,108,learn_array_B,location-1,5
16,lm,f,19,116,108,565942,569954,5,72,learn_array_B,location-2,8
16,lm,f,19,147,162,574677,578316,16,36,learn_array_A,location-1,-15
16,lm,f,19,118,108,583053,585683,89,72,learn_array_B,location-2,10
16,lm,f,19,152,162,590422,593126,12,36,learn_array_A,location-1,-10
16,lm,f,19,110,108,597913,601052,33,72,learn_array_B,location-2,2
16,lm,f,19,40,36,605840,610722,170,162,learn_array_A,location-2,4
16,lm,f,19,35,36,615466,621953,6,162,learn_array_A,location-2,-1
16,lm,f,19,72,72,626742,631040,166,108,learn_array_B,location-1,0
block
16,lm,f,19,41,36,637371,642790,129,162,learn_array_A,location-2,5
16,lm,f,19,116,108,647624,650693,55,72,learn_array_B,location-2,8
16,lm,f,19,40,36,655452,658893,175,162,learn_array_A,location-2,4
16,lm,f,19,158,162,663607,669600,112,36,learn_array_A,location-1,-4
16,lm,f,19,106,108,674307,678400,86,72,learn_array_B,location-2,-2
16,lm,f,19,43,36,683175,689532,115,162,learn_array_A,location-2,7
16,lm,f,19,160,162,694124,699532,14,36,learn_array_A,location-1,-2
16,lm,f,19,115,108,704275,714100,11,72,learn_array_B,location-2,7
16,lm,f,19,39,36,718747,722404,135,162,learn_array_A,location-2,3
16,lm,f,19,71,72,727074,732496,114,108,learn_array_B,location-1,-1
16,lm,f,19,37,36,737256,744419,178,162,learn_array_A,location-2,1
16,lm,f,19,156,162,749212,753315,27,36,learn_array_A,location-1,-6
16,lm,f,19,113,108,758021,764175,19,72,learn_array_B,location-2,5
16,lm,f,19,73,72,769010,778812,174,108,learn_array_B,location-1,1
16,lm,f,19,75,72,783494,786192,38,108,learn_array_B,location-1,3
16,lm,f,19,105,108,790809,794244,44,72,learn_array_B,location-2,-3
16,lm,f,19,37,36,799060,803883,178,162,learn_array_A,location-2,1
16,lm,f,19,74,72,808576,812025,10,108,learn_array_B,location-1,2
16,lm,f,19,69,72,816836,819326,169,108,learn_array_B,location-1,-3
16,lm,f,19,158,162,824030,827973,121,36,learn_array_A,location-1,-4
16,lm,f,19,70,72,832810,837340,126,108,learn_array_B,location-1,-2
16,lm,f,19,163,162,842005,846825,88,36,learn_array_A,location-1,1
16,lm,f,19,161,162,851519,856551,12,36,learn_array_A,location-1,-1
16,lm,f,19,115,108,861256,866956,23,72,learn_array_B,location-2,7
16,lm,f,19,78,72,871552,876373,57,108,learn_array_B,location-1,6
16,lm,f,19,110,108,881104,884604,33,72,learn_array_B,location-2,2
16,lm,f,19,67,72,889317,893696,84,108,learn_array_B,location-1,-5
16,lm,f,19,109,108,898394,901683,119,72,learn_array_B,location-2,1
16,lm,f,19,158,162,906389,910995,84,36,learn_array_A,location-1,-4
16,lm,f,19,158,162,915728,921715,135,36,learn_array_A,location-1,-4
16,lm,f,19,39,36,926517,929445,35,162,learn_array_A,location-2,3
16,lm,f,19,37,36,934188,938563,82,162,learn_array_A,location-2,1
block
16,lm,f,19,66,72,945162,948230,129,108,learn_array_B,location-1,-6
16,lm,f,19,165,162,952871,957917,6,36,learn_array_A,location-1,3
16,lm,f,19,113,108,962616,969790,106,72,learn_array_B,location-2,5
16,lm,f,19,70,72,974601,977226,161,108,learn_array_B,location-1,-2
16,lm,f,19,163,162,981977,988175,78,36,learn_array_A,location-1,1
16,lm,f,19,104,108,992816,1000623,62,72,learn_array_B,location-2,-4
16,lm,f,19,75,72,1005309,1009923,101,108,learn_array_B,location-1,3
16,lm,f,19,155,162,1014623,1021797,91,36,learn_array_A,location-1,-7
16,lm,f,19,161,36,1026603,1032668,42,162,learn_array_A,location-2,-55
16,lm,f,19,107,108,1037372,1048043,164,72,learn_array_B,location-2,-1
16,lm,f,19,116,108,1052854,1056518,12,72,learn_array_B,location-2,8
16,lm,f,19,107,108,1061227,1064963,19,72,learn_array_B,location-2,-1
16,lm,f,19,83,72,1069570,1075997,18,108,learn_array_B,location-1,11
16,lm,f,19,78,72,1080696,1084800,77,108,learn_array_B,location-1,6
16,lm,f,19,103,108,1089602,1096976,135,72,learn_array_B,location-2,-5
16,lm,f,19,41,36,1101592,1110971,110,162,learn_array_A,location-2,5
16,lm,f,19,162,162,1115789,1119826,17,36,learn_array_A,location-1,0
16,lm,f,19,164,162,1124661,1129932,112,36,learn_array_A,location-1,2
16,lm,f,19,35,36,1134610,1141093,52,162,learn_array_A,location-2,-1
16,lm,f,19,102,108,1145773,1149196,176,72,learn_array_B,location-2,-6
16,lm,f,19,32,36,1153788,1157896,59,162,learn_array_A,location-2,-4
16,lm,f,19,74,72,1162573,1169526,78,108,learn_array_B,location-1,2
16,lm,f,19,76,72,1174266,1181744,109,108,learn_array_B,location-1,4
16,lm,f,19,162,36,1186375,1191112,13,162,learn_array_A,location-2,-54
16,lm,f,19,162,162,1195948,1204603,70,36,learn_array_A,location-1,0
16,lm,f,19,40,36,1209288,1216985,165,162,learn_array_A,location-2,4
16,lm,f,19,67,72,1221591,1225036,150,108,learn_array_B,location-1,-5
16,lm,f,19,164,162,1229817,1236193,9,36,learn_array_A,location-1,2
16,lm,f,19,106,108,1240909,1243630,100,72,learn_array_B,location-2,-2
16,lm,f,19,38,36,1248278,1254802,149,162,learn_array_A,location-2,2
16,lm,f,19,164,162,1259487,1266657,78,36,learn_array_A,location-1,2
16,lm,f,19,35,36,1271468,1274620,133,162,learn_array_A,location-2,-1
block
16,lm,f,19,163,162,1280555,1285212,15,36,learn_array_A,location-1,1
16,lm,f,19,70,72,1289941,1294469,10,108,learn_array_B,location-1,-2
16,lm,f,19,69,72,1299218,1302649,8,108,learn_array_B,location-1,-3
16,lm,f,19,159,162,1307292,1314591,146,36,learn_array_A,location-1,-3
16,lm,f,19,163,162,1319257,1323131,25,36,learn_array_A,location-1,1
16,lm,f,19,109,108,1327786,1331437,57,72,learn_array_B,location-2,1
16,lm,f,19,39,36,1336231,1341119,29,162,learn_array_A,location-2,3
16,lm,f,19,39,36,1345853,1349806,147,162,learn_array_A,location-2,3
16,lm,f,19,161,162,1354552,1361636,64,36,learn_array_A,location-1,-1
16,lm,f,19,74,72,1366232,1370477,30,108,learn_array_B,location-1,2
16,lm,f,19,111,108,1375154,1381073,116,72,learn_array_B,location-2,3
16,lm,f,19,107,108,1385745,1390058,123,72,learn_array_B,location-2,-1
16,lm,f,19,158,162,1394817,1400947,109,36,learn_array_A,location-1,-4
16,lm,f,19,159,162,1405774,1410080,44,36,learn_array_A,location-1,-3
16,lm,f,19,33,36,1414894,1419521,174,162,learn_array_A,location-2,-3
16,lm,f,19,108,108,1424208,1430355,66,72,learn_array_B,location-2,0
16,lm,f,19,34,36,1435181,1438319,1,162,learn_array_A,location-2,-2
16,lm,f,19,70,72,1442974,1452975,108,108,learn_array_B,location-1,-2
16,lm,f,19,103,108,1457673,1461105,89,72,learn_array_B,location-2,-5
16,lm,f,19,40,36,1465934,1469447,64,162,learn_array_A,location-2,4
16,lm,f,19,163,162,1474182,1481641,105,36,learn_array_A,location-1,1
16,lm,f,19,41,36,1486249,1493361,110,162,learn_array_A,location-2,5
16,lm,f,19,68,72,1498124,1503751,80,108,learn_array_B,location-1,-4
16,lm,f,19,30,36,1508385,1514099,63,162,learn_array_A,location-2,-6
16,lm,f,19,73,72,1518716,1523914,20,108,learn_array_B,location-1,1
16,lm,f,19,105,108,1528711,1532757,150,72,learn_array_B,location-2,-3
16,lm,f,19,76,72,1537540,1543253,164,108,learn_array_B,location-1,4
16,lm,f,19,66,72,1548073,1553263,132,108,learn_array_B,location-1,-6
16,lm,f,19,108,108,1557999,1567435,145,72,learn_array_B,location-2,0
16,lm,f,19,163,162,1572141,1574985,93,36,learn_array_A,location-1,1
16,lm,f,19,105,108,1579680,1584948,137,72,learn_array_B,location-2,-3
16,lm,f,19,42,36,1589701,1594087,17,162,learn_array_A,location-2,6
block
16,lm,f,19,101,108,1601035,1603366,65,72,learn_array_B,location-2,-7
16,lm,f,19,160,162,1608097,1613059,110,36,learn_array_A,location-1,-2
16,lm,f,19,163,162,1617828,1621263,92,36,learn_array_A,location-1,1
16,lm,f,19,105,108,1626102,1633561,68,72,learn_array_B,location-2,-3
16,lm,f,19,37,36,1638305,1643352,77,162,learn_array_A,location-2,1
16,lm,f,19,103,108,1648024,1654396,57,72,learn_array_B,location-2,-5
16,lm,f,19,42,36,1659053,1661832,68,162,learn_array_A,location-2,6
16,lm,f,19,167,162,1666505,1673164,163,36,learn_array_A,location-1,5
16,lm,f,19,69,72,1677986,1681927,155,108,learn_array_B,location-1,-3
16,lm,f,19,77,72,1686655,1691645,44,108,learn_array_B,location-1,5
16,lm,f,19,164,162,1696484,1701379,22,36,learn_array_A,location-1,2
16,lm,f,19,30,36,1705974,1711092,38,162,learn_array_A,location-2,-6
16,lm,f,19,165,162,1715892,1718526,26,36,learn_array_A,location-1,3
16,lm,f,19,72,72,1723190,1726558,23,108,learn_array_B,location-1,0
16,lm,f,19,111,108,1731243,1735194,57,72,learn_array_B,location-2,3
16,lm,f,19,111,108,1739793,1744989,115,72,learn_array_B,location-2,3
16,lm,f,19,77,72,1749693,1754891,24,108,learn_array_B,location-1,5
16,lm,f,19,38,36,1759535,1766564,78,162,learn_array_A,location-2,2
16,lm,f,19,105,108,1771215,1774067,177,72,learn_array_B,location-2,-3
16,lm,f,19,69,72,1778700,1786798,74,108,learn_array_B,location-1,-3
16,lm,f,19,106,108,1791470,1795996,15,72,learn_array_B,location-2,-2
16,lm,f,19,40,36,1800677,1806158,58,162,learn_array_A,location-2,4
16,lm,f,19,37,36,1810854,1813991,6,162,learn_array_A,location-2,1
16,lm,f,19,70,72,1818805,1825017,62,108,learn_array_B,location-1,-2
16,lm,f,19,161,162,1829714,1835640,74,36,learn_array_A,location-1,-1
16,lm,f,19,75,72,1840460,1843745,78,108,learn_array_B,location-1,3
16,lm,f,19,77,72,1848515,1852899,22,108,learn_array_B,location-1,5
16,lm,f,19,40,36,1857692,1863756,171,162,learn_array_A,location-2,4
16,lm,f,19,38,36,1868552,1872856,127,162,learn_array_A,location-2,2
16,lm,f,19,105,108,1877631,1883179,68,72,learn_array_B,location-2,-3
16,lm,f,19,166,162,1887796,1892245,68,36,learn_array_A,location-1,4
16,lm,f,19,161,162,1896984,1900871,48,36,learn_array_A,location-1,-1
block
16,lm,f,19,34,36,1938603,1943275,177,162,learn_array_A,location-2,-2
16,lm,f,19,65,72,1948073,1955021,125,108,learn_array_B,location-1,-7
16,lm,f,19,101,108,1959617,1962910,99,72,learn_array_B,location-2,-7
16,lm,f,19,158,162,1967626,1973794,60,36,learn_array_A,location-1,-4
16,lm,f,19,163,162,1978586,1987762,157,36,learn_array_A,location-1,1
16,lm,f,19,31,36,1992521,1999406,171,162,learn_array_A,location-2,-5
16,lm,f,19,102,108,2004025,2008413,112,72,learn_array_B,location-2,-6
16,lm,f,19,111,108,2013053,2017879,36,72,learn_array_B,location-2,3
16,lm,f,19,159,162,2022594,2027350,107,36,learn_array_A,location-1,-3
16,lm,f,19,75,72,2032018,2037352,137,108,learn_array_B,location-1,3
16,lm,f,19,106,108,2041974,2050965,80,72,learn_array_B,location-2,-2
16,lm,f,19,76,72,2055765,2061099,47,108,learn_array_B,location-1,4
16,lm,f,19,160,162,2065863,2070820,112,36,learn_array_A,location-1,-2
16,lm,f,19,111,108,2075626,2081253,109,72,learn_array_B,location-2,3
16,lm,f,19,112,108,2085853,2091636,18,72,learn_array_B,location-2,4
16,lm,f,19,79,72,2096281,2103730,46,108,learn_array_B,location-1,7
16,lm,f,19,159,36,2108504,2113169,176,162,learn_array_A,location-2,-57
16,lm,f,19,72,72,2117862,2122752,139,108,learn_array_B,location-1,0
16,lm,f,19,109,108,2127397,2130898,103,72,learn_array_B,location-2,1
16,lm,f,19,155,162,2135686,2139989,67,36,learn_array_A,location-1,-7
16,lm,f,19,113,108,2144710,2149473,21,72,learn_array_B,location-2,5
16,lm,f,19,165,162,2154068,2158739,112,36,learn_array_A,location-1,3
16,lm,f,19,163,162,2163549,2169824,154,36,learn_array_A,location-1,1
16,lm,f,19,37,36,2174484,2179755,157,162,learn_array_A,location-2,1
16,lm,f,19,37,36,2184385,2189793,152,162,learn_array_A,location-2,1
16,lm,f,19,37,36,2194594,2198327,25,162,learn_array_A,location-2,1
16,lm,f,19,40,36,2203006,2210264,162,162,learn_array_A,location-2,4
16,lm,f,19,78,72,2215020,2223944,8,108,learn_array_B,location-1,6
16,lm,f,19,74,72,2228555,2231260,114,108,learn_array_B,location-1,2
16,lm,f,19,75,72,2235855,2240755,22,108,learn_array_B,location-1,3
16,lm,f,19,160,162,2245369,2251292,23,36,learn_array_A,location-1,-2
16,lm,f,19,35,36,2256077,2259005,31,162,learn_array_A,location-2,-1
block
16,lm,f,19,104,108,2287899,2291689,170,72,learn_array_B,location-2,-4
16,lm,f,19,36,36,2296481,2301590,107,162,learn_array_A,location-2,0
16,lm,f,19,112,108,2306263,2310569,172,72,learn_array_B,location-2,4
16,lm,f,19,36,36,2315296,2320354,89,162,learn_array_A,location-2,0
16,lm,f,19,107,108,2325035,2328910,110,72,learn_array_B,location-2,-1
16,lm,f,19,160,162,2333648,2340242,34,36,learn_array_A,location-1,-2
16,lm,f,19,35,36,2345069,2349678,130,162,learn_array_A,location-2,-1
16,lm,f,19,34,36,2354332,2359688,158,162,learn_array_A,location-2,-2
16,lm,f,19,164,162,2364472,2370046,133,36,learn_array_A,location-1,2
16,lm,f,19,39,36,2374840,2379677,170,162,learn_array_A,location-2,3
16,lm,f,19,162,162,2384508,2391454,109,36,learn_array_A,location-1,0
16,lm,f,19,112,108,2396200,2400673,115,72,learn_array_B,location-2,4
16,lm,f,19,73,72,2405470,2410674,34,108,learn_array_B,location-1,1
16,lm,f,19,71,72,2415422,2419956,88,108,learn_array_B,location-1,-1
16,lm,f,19,72,72,2424663,2431166,19,108,learn_array_B,location-1,0
16,lm,f,19,76,72,2435784,2438045,10,108,learn_array_B,location-1,4
16,lm,f,19,40,36,2442641,2451195,125,162,learn_array_A,location-2,4
16,lm,f,19,163,162,2455874,2460476,173,36,learn_array_A,location-1,1
16,lm,f,19,108,108,2465190,2469129,61,72,learn_array_B,location-2,0
16,lm,f,19,37,36,2473826,2479531,86,162,learn_array_A,location-2,1
16,lm,f,19,104,108,2484308,2490963,115,72,learn_array_B,location-2,-4
16,lm,f,19,101,108,2495619,2502126,66,72,learn_array_B,location-2,-7
16,lm,f,19,107,108,2506880,2509736,102,72,learn_array_B,location-2,-1
16,lm,f,19,34,36,2514566,2518144,11,162,learn_array_A,location-2,-2
16,lm,f,19,66,72,2522739,2527484,142,108,learn_array_B,location-1,-6
16,lm,f,19,71,72,2532180,2536055,150,108,learn_array_B,location-1,-1
16,lm,f,19,67,72,2540671,2547746,167,108,learn_array_B,location-1,-5
16,lm,f,19,164,162,2552572,2558719,167,36,learn_array_A,location-1,2
16,lm,f,19,74,72,2563315,2567410,161,108,learn_array_B,location-1,2
16,lm,f,19,162,162,2572171,2583143,62,36,learn_array_A,location-1,0
16,lm,f,19,167,162,2587823,2592883,143,36,learn_array_A,location-1,5
16,lm,f,19,163,162,2597588,2603886,16,36,learn_array_A,location-1,1
block
16,lm,f,19,73,72,2630123,2634879,60,108,learn_array_B,location-1,1
16,lm,f,19,74,72,2639547,2642323,21,108,learn_array_B,location-1,2
16,lm,f,19,38,36,2647132,2653498,73,162,learn_array_A,location-2,2
16,lm,f,19,71,72,2658294,2665318,101,108,learn_array_B,location-1,-1
16,lm,f,19,34,36,2670154,2673960,77,162,learn_array_A,location-2,-2
16,lm,f,19,34,36,2678730,2682665,56,162,learn_array_A,location-2,-2
16,lm,f,19,76,72,2687453,2694118,178,108,learn_array_B,location-1,4
16,lm,f,19,30,36,2698805,2704853,153,162,learn_array_A,location-2,-6
16,lm,f,19,38,36,2709447,2714696,151,162,learn_array_A,location-2,2
16,lm,f,19,162,162,2719525,2726000,4,36,learn_array_A,location-1,0
16,lm,f,19,161,162,2730809,2737836,57,36,learn_array_A,location-1,-1
16,lm,f,19,161,162,2742435,2746753,148,36,learn_array_A,location-1,-1
16,lm,f,19,123,108,2751515,2757359,114,72,learn_array_B,location-2,15
16,lm,f,19,155,162,2762137,2767694,116,36,learn_array_A,location-1,-7
16,lm,f,19,36,36,2772337,2778422,142,162,learn_array_A,location-2,0
16,lm,f,19,77,72,2783139,2787368,28,108,learn_array_B,location-1,5
16,lm,f,19,162,162,2792002,2797047,5,36,learn_array_A,location-1,0
16,lm,f,19,32,36,2801679,2805550,139,162,learn_array_A,location-2,-4
16,lm,f,19,109,108,2810308,2815278,62,72,learn_array_B,location-2,1
16,lm,f,19,103,108,2820012,2826151,89,72,learn_array_B,location-2,-5
16,lm,f,19,106,108,2830961,2838699,1,72,learn_array_B,location-2,-2
16,lm,f,19,160,162,2843537,2851730,7,36,learn_array_A,location-1,-2
16,lm,f,19,162,162,2856563,2862689,133,36,learn_array_A,location-1,0
16,lm,f,19,159,162,2867345,2872676,28,36,learn_array_A,location-1,-3
16,lm,f,19,36,36,2877348,2884653,67,162,learn_array_A,location-2,0
16,lm,f,19,80,72,2889409,2892990,27,108,learn_array_B,location-1,8
16,lm,f,19,108,108,2897619,2902287,21,72,learn_array_B,location-2,0
16,lm,f,19,73,72,2906919,2909479,104,108,learn_array_B,location-1,1
16,lm,f,19,105,108,2914298,2918171,69,72,learn_array_B,location-2,-3
16,lm,f,19,101,108,2922771,2928118,169,72,learn_array_B,location-2,-7
16,lm,f,19,76,72,2932860,2937396,29,108,learn_array_B,location-1,4
16,lm,f,19,110,108,2942155,2950636,106,72,learn_array_B,location-2,2
block
16,lm,f,19,36,36,2981497,2985150,52,162,learn_array_A,location-2,0
16,lm,f,19,74,72,2989826,2994433,84,108,learn_array_B,location-1,2
16,lm,f,19,33,36,2999064,3003667,154,162,learn_array_A,location-2,-3
16,lm,f,19,163,162,3008339,3015941,128,36,learn_array_A,location-1,1
16,lm,f,19,73,72,3020621,3025452,76,108,learn_array_B,location-1,1
16,lm,f,19,164,162,3030079,3034090,1,36,learn_array_A,location-1,2
16,lm,f,19,164,162,3038910,3045469,1,36,learn_array_A,location-1,2
16,lm,f,19,116,108,3050095,3056905,135,72,learn_array_B,location-2,8
16,lm,f,19,161,162,3061498,3066677,131,36,learn_array_A,location-1,-1
16,lm,f,19,110,108,3071418,3080403,6,72,learn_array_B,location-2,2
16,lm,f,19,104,108,3085171,3090574,143,72,learn_array_B,location-2,-4
16,lm,f,19,77,72,3095290,3109353,156,108,learn_array_B,location-1,5
16,lm,f,19,159,162,3113992,3117352,56,36,learn_array_A,location-1,-3
16,lm,f,19,105,108,3122098,3130943,56,72,learn_array_B,location-2,-3
16,lm,f,19,77,72,3135542,3144784,29,108,learn_array_B,location-1,5
16,lm,f,19,107,108,3149462,3156643,5,72,learn_array_B,location-2,-1
16,lm,f,19,104,108,3161475,3165667,126,72,learn_array_B,location-2,-4
16,lm,f,19,42,36,3170396,3173483,123,162,learn_array_A,location-2,6
16,lm,f,19,72,72,3178203,3184436,118,108,learn_array_B,location-1,0
16,lm,f,19,75,72,3189073,3191408,112,108,learn_array_B,location-1,3
16,lm,f,19,72,72,3196122,3198901,177,108,learn_array_B,location-1,0
16,lm,f,19,35,36,3203678,3207340,156,162,learn_array_A,location-2,-1
16,lm,f,19,102,108,3212093,3219342,33,72,learn_array_B,location-2,-6
16,lm,f,19,38,36,3223933,3230596,40,162,learn_array_A,location-2,2
16,lm,f,19,77,72,3235210,3240073,41,108,learn_array_B,location-1,5
16,lm,f,19,37,36,3244711,3250066,171,162,learn_array_A,location-2,1
16,lm,f,19,34,36,3254844,3268345,8,162,learn_array_A,location-2,-2
16,lm,f,19,165,162,3273146,3276803,15,36,learn_array_A,location-1,3
16,lm,f,19,106,108,3281439,3285539,127,72,learn_array_B,location-2,-2
16,lm,f,19,168,162,3290344,3294742,9,36,learn_array_A,location-1,6
16,lm,f,19,163,162,3299473,3302321,1,36,learn_array_A,location-1,1
16,lm,f,19,35,36,3306940,3312210,86,162,learn_array_A,location-2,-1
block
16,lm,f,19,65,72,3324027,3331122,82,108,learn_array_B,location-1,-7
16,lm,f,19,165,162,3335882,3341154,151,36,learn_array_A,location-1,3
16,lm,f,19,29,36,3345758,3349062,68,162,learn_array_A,location-2,-7
16,lm,f,19,163,162,3353774,3358316,4,36,learn_array_A,location-1,1
16,lm,f,19,62,72,3362913,3366934,155,108,learn_array_B,location-1,-10
16,lm,f,19,35,36,3371754,3379723,160,162,learn_array_A,location-2,-1
16,lm,f,19,164,162,3384520,3387591,41,36,learn_array_A,location-1,2
16,lm,f,19,104,108,3392392,3397652,39,72,learn_array_B,location-2,-4
16,lm,f,19,156,162,3402279,3408196,134,36,learn_array_A,location-1,-6
16,lm,f,19,164,162,3412890,3418303,173,36,learn_array_A,location-1,2
16,lm,f,19,105,108,3423100,3428513,36,72,learn_array_B,location-2,-3
16,lm,f,19,111,108,3433285,3437658,15,72,learn_array_B,location-2,3
16,lm,f,19,38,36,3442260,3449277,81,162,learn_array_A,location-2,2
16,lm,f,19,35,36,3453958,3457817,80,162,learn_array_A,location-2,-1
16,lm,f,19,70,72,3462544,3470507,84,108,learn_array_B,location-1,-2
16,lm,f,19,71,72,3475292,3478284,53,108,learn_array_B,location-1,-1
16,lm,f,19,37,36,3482910,3489046,8,162,learn_array_A,location-2,1
16,lm,f,19,32,36,3493667,3505188,174,162,learn_array_A,location-2,-4
16,lm,f,19,35,36,3509898,3520690,101,162,learn_array_A,location-2,-1
16,lm,f,19,32,36,3525335,3530168,123,162,learn_array_A,location-2,-4
16,lm,f,19,67,72,3534838,3548505,81,108,learn_array_B,location-1,-5
16,lm,f,19,76,72,3553121,3556782,59,108,learn_array_B,location-1,4
16,lm,f,19,105,108,3561539,3566740,69,72,learn_array_B,location-2,-3
16,lm,f,19,163,162,3571371,3577365,172,36,learn_array_A,location-1,1
16,lm,f,19,165,162,3581959,3586066,86,36,learn_array_A,location-1,3
16,lm,f,19,72,72,3590739,3596172,99,108,learn_array_B,location-1,0
16,lm,f,19,102,108,3600793,3607094,94,72,learn_array_B,location-2,-6
16,lm,f,19,71,72,3611859,3615760,133,108,learn_array_B,location-1,-1
16,lm,f,19,102,108,3620353,3626379,86,72,learn_array_B,location-2,-6
16,lm,f,19,112,108,3631124,3635372,98,72,learn_array_B,location-2,4
16,lm,f,19,103,108,3640182,3643610,101,72,learn_array_B,location-2,-5
16,lm,f,19,159,162,3648366,3652902,27,36,learn_array_A,location-1,-3
block
16,lm,f,19,78,72,3703003,3707830,175,108,learn_array_B,location-1,6
16,lm,f,19,67,72,3712485,3720669,136,108,learn_array_B,location-1,-5
16,lm,f,19,163,162,3725480,3730452,9,36,learn_array_A,location-1,1
16,lm,f,19,33,36,3735055,3738411,55,162,learn_array_A,location-2,-3
16,lm,f,19,109,108,3743002,3757492,93,72,learn_array_B,location-2,1
16,lm,f,19,112,108,3762324,3770212,161,72,learn_array_B,location-2,4
16,lm,f,19,111,108,3774984,3781276,137,72,learn_array_B,location-2,3
16,lm,f,19,73,72,3786065,3793746,41,108,learn_array_B,location-1,1
16,lm,f,19,69,72,3798465,3803664,165,108,learn_array_B,location-1,-3
16,lm,f,19,34,36,3808345,3813904,53,162,learn_array_A,location-2,-2
16,lm,f,19,105,108,3818675,3824455,145,72,learn_array_B,location-2,-3
16,lm,f,19,35,36,3829048,3835047,12,162,learn_array_A,location-2,-1
16,lm,f,19,64,72,3839756,3845681,141,108,learn_array_B,location-1,-8
16,lm,f,19,103,108,3850356,3855855,145,72,learn_array_B,location-2,-5
16,lm,f,19,39,36,3860480,3870452,94,162,learn_array_A,location-2,3
16,lm,f,19,32,36,3875063,3878432,120,162,learn_array_A,location-2,-4
16,lm,f,19,160,162,3883066,3891457,51,36,learn_array_A,location-1,-2
16,lm,f,19,35,108,3896194,3901026,173,72,learn_array_B,location-2,-73
16,lm,f,19,162,162,3905756,3913584,83,36,learn_array_A,location-1,0
16,lm,f,19,73,72,3918299,3923794,120,108,learn_array_B,location-1,1
16,lm,f,19,159,162,3928615,3936160,104,36,learn_array_A,location-1,-3
16,lm,f,19,112,108,3940827,3947582,20,72,learn_array_B,location-2,4
16,lm,f,19,34,36,3952373,3957422,70,162,learn_array_A,location-2,-2
16,lm,f,19,112,108,3962152,3968462,119,72,learn_array_B,location-2,4
16,lm,f,19,33,36,3973209,3977535,102,162,learn_array_A,location-2,-3
16,lm,f,19,164,162,3982327,3987595,42,36,learn_array_A,location-1,2
16,lm,f,19,163,162,3992193,3995932,4,36,learn_array_A,location-1,1
16,lm,f,19,160,162,4000750,4004409,25,36,learn_array_A,location-1,-2
16,lm,f,19,72,72,4009208,4014919,54,108,learn_array_B,location-1,0
16,lm,f,19,36,36,4019699,4027751,23,162,learn_array_A,location-2,0
16,lm,f,19,66,72,4032449,4037278,0,108,learn_array_B,location-1,-6
16,lm,f,19,167,162,4041923,4047104,74,36,learn_array_A,location-1,5
block
16,lm,f,19,75,108,4054155,4057874,106,72,learn_array_B,location-2,-33
16,lm,f,19,71,72,4062667,4065740,9,108,learn_array_B,location-1,-1
16,lm,f,19,165,162,4070362,4078328,164,36,learn_array_A,location-1,3
16,lm,f,19,38,36,4083022,4088794,13,162,learn_array_A,location-2,2
16,lm,f,19,36,36,4093614,4100350,166,162,learn_array_A,location-2,0
16,lm,f,19,103,108,4105050,4112303,68,72,learn_array_B,location-2,-5
16,lm,f,19,104,108,4116924,4121907,132,72,learn_array_B,location-2,-4
16,lm,f,19,156,162,4126698,4132785,173,36,learn_array_A,location-1,-6
16,lm,f,19,161,162,4137431,4142977,4,36,learn_array_A,location-1,-1
16,lm,f,19,37,36,4147811,4161175,19,162,learn_array_A,location-2,1
16,lm,f,19,102,108,4165958,4174963,15,72,learn_array_B,location-2,-6
16,lm,f,19,108,108,4179722,4183006,153,72,learn_array_B,location-2,0
16,lm,f,19,36,36,4187605,4190888,35,162,learn_array_A,location-2,0
16,lm,f,19,72,72,4195665,4200554,103,108,learn_array_B,location-1,0
16,lm,f,19,66,72,4205375,4211141,142,108,learn_array_B,location-1,-6
16,lm,f,19,164,162,4215888,4226355,165,36,learn_array_A,location-1,2
16,lm,f,19,37,36,4230961,4238967,93,162,learn_array_A,location-2,1
16,lm,f,19,67,72,4243705,4247009,39,108,learn_array_B,location-1,-5
16,lm,f,19,162,162,4251711,4260935,104,36,learn_array_A,location-1,0
16,lm,f,19,169,162,4265596,4271017,75,36,learn_array_A,location-1,7
16,lm,f,19,75,72,4275803,4280126,47,108,learn_array_B,location-1,3
16,lm,f,19,108,108,4284899,4288937,95,72,learn_array_B,location-2,0
16,lm,f,19,36,36,4293576,4298265,94,162,learn_array_A,location-2,0
16,lm,f,19,156,162,4303007,4310557,125,36,learn_array_A,location-1,-6
16,lm,f,19,75,72,4315192,4325006,179,108,learn_array_B,location-1,3
16,lm,f,19,71,72,4329725,4339582,49,108,learn_array_B,location-1,-1
16,lm,f,19,116,108,4344420,4350050,111,72,learn_array_B,location-2,8
16,lm,f,19,42,36,4354722,4358545,24,162,learn_array_A,location-2,6
16,lm,f,19,37,36,4363282,4366667,95,162,learn_array_A,location-2,1
16,lm,f,19,164,162,4371429,4375983,141,36,learn_array_A,location-1,2
16,lm,f,19,75,72,4380692,4383411,112,108,learn_array_B,location-1,3
16,lm,f,19,112,108,4388058,4392767,102,72,learn_array_B,location-2,4
block
16,lm,f,19,36,36,4399195,4402858,75,162,learn_array_A,location-2,0
16,lm,f,19,33,36,4407484,4411068,93,162,learn_array_A,location-2,-3
16,lm,f,19,73,72,4415855,4420039,70,108,learn_array_B,location-1,1
16,lm,f,19,30,36,4424812,4430959,111,162,learn_array_A,location-2,-6
16,lm,f,19,35,36,4435572,4439682,71,162,learn_array_A,location-2,-1
16,lm,f,19,73,72,4444345,4449235,66,108,learn_array_B,location-1,1
16,lm,f,19,102,108,4453836,4462548,88,72,learn_array_B,location-2,-6
16,lm,f,19,76,72,4467300,4472137,72,108,learn_array_B,location-1,4
16,lm,f,19,72,72,4476934,4480725,81,108,learn_array_B,location-1,0
16,lm,f,19,75,72,4485388,4486921,41,108,learn_array_B,location-1,3
16,lm,f,19,161,162,4491562,4504594,155,36,learn_array_A,location-1,-1
16,lm,f,19,159,162,4509256,4513718,151,36,learn_array_A,location-1,-3
16,lm,f,19,35,36,4518411,4526242,61,162,learn_array_A,location-2,-1
16,lm,f,19,160,162,4530933,4534797,81,36,learn_array_A,location-1,-2
16,lm,f,19,115,108,4539635,4552129,8,72,learn_array_B,location-2,7
16,lm,f,19,112,108,4556740,4564473,15,72,learn_array_B,location-2,4
16,lm,f,19,114,108,4569130,4573068,76,72,learn_array_B,location-2,6
16,lm,f,19,105,108,4577713,4581366,49,72,learn_array_B,location-2,-3
16,lm,f,19,39,36,4586051,4591167,69,162,learn_array_A,location-2,3
16,lm,f,19,73,72,4595942,4603652,13,108,learn_array_B,location-1,1
16,lm,f,19,36,36,4608415,4612299,176,162,learn_array_A,location-2,0
16,lm,f,19,164,162,4616933,4624563,174,36,learn_array_A,location-1,2
16,lm,f,19,110,108,4629270,4633450,53,72,learn_array_B,location-2,2
16,lm,f,19,108,108,4638201,4644712,174,72,learn_array_B,location-2,0
16,lm,f,19,160,162,4649514,4655595,34,36,learn_array_A,location-1,-2
16,lm,f,19,32,36,4660415,4665828,2,162,learn_array_A,location-2,-4
16,lm,f,19,164,162,4670497,4674731,57,36,learn_array_A,location-1,2
16,lm,f,19,163,162,4679411,4685347,114,36,learn_array_A,location-1,1
16,lm,f,19,109,108,4690165,4692440,134,72,learn_array_B,location-2,1
16,lm,f,19,71,72,4697220,4704170,93,108,learn_array_B,location-1,-1
16,lm,f,19,70,72,4708883,4711372,151,108,learn_array_B,location-1,-2
16,lm,f,19,162,162,4716071,4725279,78,36,learn_array_A,location-1,0
block
16,lm,f,19,163,162,4732986,4736277,109,36,learn_array_A,location-1,1
16,lm,f,19,159,162,4741077,4744665,19,36,learn_array_A,location-1,-3
16,lm,f,19,106,108,4749375,4754209,63,72,learn_array_B,location-2,-2
16,lm,f,19,115,108,4758977,4766586,26,72,learn_array_B,location-2,7
16,lm,f,19,69,72,4771289,4777510,152,108,learn_array_B,location-1,-3
16,lm,f,19,71,72,4782252,4789785,61,108,learn_array_B,location-1,-1
16,lm,f,19,157,162,4794582,4799415,49,36,learn_array_A,location-1,-5
16,lm,f,19,74,72,4804173,4808209,152,108,learn_array_B,location-1,2
16,lm,f,19,69,72,4812883,4817850,125,108,learn_array_B,location-1,-3
16,lm,f,19,106,108,4822482,4831436,170,72,learn_array_B,location-2,-2
16,lm,f,19,156,162,4836173,4840933,137,36,learn_array_A,location-1,-6
16,lm,f,19,164,162,4845652,4848958,110,36,learn_array_A,location-1,2
16,lm,f,19,32,36,4853662,4857032,91,162,learn_array_A,location-2,-4
16,lm,f,19,66,72,4861866,4864492,31,108,learn_array_B,location-1,-6
16,lm,f,19,104,108,4869166,4873914,53,72,learn_array_B,location-2,-4
16,lm,f,19,112,36,4878668,4884397,143,162,learn_array_A,location-2,76
16,lm,f,19,35,36,4889061,4895305,32,162,learn_array_A,location-2,-1
16,lm,f,19,68,72,4900137,4905276,27,108,learn_array_B,location-1,-4
16,lm,f,19,32,36,4910100,4913844,82,162,learn_array_A,location-2,-4
16,lm,f,19,33,36,4918534,4923371,98,162,learn_array_A,location-2,-3
16,lm,f,19,169,36,4928141,4932241,175,162,learn_array_A,location-2,-47
16,lm,f,19,164,162,4936899,4942444,18,36,learn_array_A,location-1,2
16,lm,f,19,166,162,4947112,4949888,153,36,learn_array_A,location-1,4
16,lm,f,19,66,72,4954640,4958150,81,108,learn_array_B,location-1,-6
16,lm,f,19,27,36,4962825,4968098,69,162,learn_array_A,location-2,-9
16,lm,f,19,104,108,4972762,4980149,41,72,learn_array_B,location-2,-4
16,lm,f,19,36,36,4984843,4989305,57,162,learn_array_A,location-2,0
16,lm,f,19,104,108,4994024,4999235,151,72,learn_array_B,location-2,-4
16,lm,f,19,162,162,5003919,5009331,124,36,learn_array_A,location-1,0
16,lm,f,19,70,72,5014105,5021122,53,108,learn_array_B,location-1,-2
16,lm,f,19,105,108,5025750,5026118,165,72,learn_array_B,location-2,-3
16,lm,f,19,106,108,5030856,5035037,40,72,learn_array_B,location-2,-2
block
16,lm,f,19,162,36,5042075,5045658,87,162,learn_array_A,location-2,-54
16,lm,f,19,107,108,5050488,5059228,12,72,learn_array_B,location-2,-1
16,lm,f,19,33,36,5063853,5066645,89,162,learn_array_A,location-2,-3
16,lm,f,19,107,108,5071469,5080767,176,72,learn_array_B,location-2,-1
16,lm,f,19,41,36,5085414,5088647,59,162,learn_array_A,location-2,5
16,lm,f,19,37,36,5093308,5097719,112,162,learn_array_A,location-2,1
16,lm,f,19,162,72,5102491,5112521,99,108,learn_array_B,location-1,90
16,lm,f,19,30,36,5117336,5121597,119,162,learn_array_A,location-2,-6
16,lm,f,19,162,162,5126231,5132823,63,36,learn_array_A,location-1,0
16,lm,f,19,164,162,5137513,5141842,96,36,learn_array_A,location-1,2
16,lm,f,19,69,72,5146569,5150893,156,108,learn_array_B,location-1,-3
16,lm,f,19,109,108,5155718,5158502,42,72,learn_array_B,location-2,1
16,lm,f,19,166,162,5163335,5167211,131,36,learn_array_A,location-1,4
16,lm,f,19,106,108,5171916,5179894,43,72,learn_array_B,location-2,-2
16,lm,f,19,160,162,5184607,5188484,123,36,learn_array_A,location-1,-2
16,lm,f,19,70,72,5193086,5197488,172,108,learn_array_B,location-1,-2
16,lm,f,19,163,162,5202246,5207067,75,36,learn_array_A,location-1,1
16,lm,f,19,108,108,5211889,5217521,150,72,learn_array_B,location-2,0
16,lm,f,19,76,72,5222448,5228174,34,108,learn_array_B,location-1,4
16,lm,f,19,106,108,5232991,5237924,54,72,learn_array_B,location-2,-2
16,lm,f,19,73,72,5242674,5248030,86,108,learn_array_B,location-1,1
16,lm,f,19,35,36,5252796,5257782,136,162,learn_array_A,location-2,-1
16,lm,f,19,160,162,5262578,5269341,10,36,learn_array_A,location-1,-2
16,lm,f,19,160,162,5274176,5279457,15,36,learn_array_A,location-1,-2
16,lm,f,19,33,36,5284198,5288531,111,162,learn_array_A,location-2,-3
16,lm,f,19,72,72,5293338,5300830,169,108,learn_array_B,location-1,0
16,lm,f,19,163,162,5305445,5309340,83,36,learn_array_A,location-1,1
16,lm,f,19,32,36,5314026,5319749,59,162,learn_array_A,location-2,-4
16,lm,f,19,76,72,5324440,5327080,148,108,learn_array_B,location-1,4
16,lm,f,19,114,108,5331861,5336189,16,72,learn_array_B,location-2,6
16,lm,f,19,106,108,5340886,5343897,135,72,learn_array_B,location-2,-2
16,lm,f,19,75,72,5348682,5352717,54,108,learn_array_B,location-1,3
block
16,lm,f,19,105,108,5359035,5363213,108,72,learn_array_B,location-2,-3
16,lm,f,19,106,108,5367928,5372113,88,72,learn_array_B,location-2,-2
16,lm,f,19,75,72,5376754,5381838,3,108,learn_array_B,location-1,3
16,lm,f,19,72,72,5386522,5391740,44,108,learn_array_B,location-1,0
16,lm,f,19,159,162,5396401,5403005,59,36,learn_array_A,location-1,-3
16,lm,f,19,105,108,5407810,5417153,131,72,learn_array_B,location-2,-3
16,lm,f,19,31,36,5421951,5426862,84,162,learn_array_A,location-2,-5
16,lm,f,19,75,72,5431502,5434730,32,108,learn_array_B,location-1,3
16,lm,f,19,158,162,5439568,5448447,33,36,learn_array_A,location-1,-4
16,lm,f,19,112,108,5453065,5460776,104,72,learn_array_B,location-2,4
16,lm,f,19,112,108,5465562,5469967,127,72,learn_array_B,location-2,4
16,lm,f,19,33,36,5474637,5477133,42,162,learn_array_A,location-2,-3
16,lm,f,19,71,72,5481815,5488045,92,108,learn_array_B,location-1,-1
16,lm,f,19,33,36,5492859,5498725,6,162,learn_array_A,location-2,-3
16,lm,f,19,37,36,5503541,5506322,6,162,learn_array_A,location-2,1
16,lm,f,19,65,72,5511134,5516782,17,108,learn_array_B,location-1,-7
16,lm,f,19,69,72,5521558,5526988,73,108,learn_array_B,location-1,-3
16,lm,f,19,33,36,5531782,5535082,175,162,learn_array_A,location-2,-3
16,lm,f,19,162,162,5539740,5544500,76,36,learn_array_A,location-1,0
16,lm,f,19,37,36,5549169,5552757,101,162,learn_array_A,location-2,1
16,lm,f,19,70,72,5557470,5561581,20,108,learn_array_B,location-1,-2
16,lm,f,19,109,108,5566294,5570334,155,72,learn_array_B,location-2,1
16,lm,f,19,35,36,5575101,5577961,45,162,learn_array_A,location-2,-1
16,lm,f,19,161,162,5582620,5587678,83,36,learn_array_A,location-1,-1
16,lm,f,19,156,162,5592403,5598218,117,36,learn_array_A,location-1,-6
16,lm,f,19,112,108,5603037,5610308,15,72,learn_array_B,location-2,4
16,lm,f,19,34,36,5614974,5621292,41,162,learn_array_A,location-2,-2
16,lm,f,19,163,162,5625942,5631599,133,36,learn_array_A,location-1,1
16,lm,f,19,66,72,5636304,5637914,6,108,learn_array_B,location-1,-6
16,lm,f,19,162,162,5642568,5650351,83,36,learn_array_A,location-1,0
16,lm,f,19,166,162,5655009,5660364,64,36,learn_array_A,location-1,4
16,lm,f,19,102,108,5665188,5672009,125,72,learn_array_B,location-2,-6
block
16,lm,f,19,70,72,5678891,5686646,63,108,learn_array_B,location-1,-2
16,lm,f,19,103,108,5691254,5693964,72,72,learn_array_B,location-2,-5
16,lm,f,19,73,72,5698670,5700504,93,108,learn_array_B,location-1,1
16,lm,f,19,32,36,5705292,5708593,177,162,learn_array_A,location-2,-4
16,lm,f,19,161,162,5713255,5727993,10,36,learn_array_A,location-1,-1
16,lm,f,19,163,162,5732676,5736783,90,36,learn_array_A,location-1,1
16,lm,f,19,163,162,5741560,5745669,17,36,learn_array_A,location-1,1
16,lm,f,19,30,36,5750491,5755910,60,162,learn_array_A,location-2,-6
16,lm,f,19,30,36,5760657,5765638,94,162,learn_array_A,location-2,-6
16,lm,f,19,109,108,5770255,5774725,60,72,learn_array_B,location-2,1
16,lm,f,19,112,108,5779464,5784385,161,72,learn_array_B,location-2,4
16,lm,f,19,104,108,5789118,5794265,33,72,learn_array_B,location-2,-4
16,lm,f,19,38,36,5799075,5808826,34,162,learn_array_A,location-2,2
16,lm,f,19,34,36,5813646,5816072,126,162,learn_array_A,location-2,-2
16,lm,f,19,111,108,5820699,5824294,162,72,learn_array_B,location-2,3
16,lm,f,19,78,72,5828973,5832427,9,108,learn_array_B,location-1,6
16,lm,f,19,35,36,5837029,5847302,19,162,learn_array_A,location-2,-1
16,lm,f,19,69,72,5852063,5859485,50,108,learn_array_B,location-1,-3
16,lm,f,19,69,72,5864322,5872757,79,108,learn_array_B,location-1,-3
16,lm,f,19,33,36,5877451,5881273,83,162,learn_array_A,location-2,-3
16,lm,f,19,108,108,5885921,5891422,94,72,learn_array_B,location-2,0
16,lm,f,19,114,108,5896084,5903490,157,72,learn_array_B,location-2,6
16,lm,f,19,70,72,5908301,5912478,171,108,learn_array_B,location-1,-2
16,lm,f,19,157,162,5917212,5920360,112,36,learn_array_A,location-1,-5
16,lm,f,19,105,108,5924966,5928125,72,72,learn_array_B,location-2,-3
16,lm,f,19,154,162,5932926,5940257,34,36,learn_array_A,location-1,-8
16,lm,f,19,160,162,5944874,5950311,60,36,learn_array_A,location-1,-2
16,lm,f,19,162,162,5954991,5960195,123,36,learn_array_A,location-1,0
16,lm,f,19,79,72,5964859,5974822,83,108,learn_array_B,location-1,7
16,lm,f,19,30,36,5979437,5984424,94,162,learn_array_A,location-2,-6
16,lm,f,19,160,162,5989083,5994287,115,36,learn_array_A,location-1,-2
16,lm,f,19,72,72,5998964,6005870,81,108,learn_array_B,location-1,0
block
16,lm,f,19,40,36,6013067,6023986,111,162,learn_array_A,location-2,4
16,lm,f,19,74,72,6028633,6038612,72,108,learn_array_B,location-1,2
16,lm,f,19,31,36,6043237,6047199,33,162,learn_array_A,location-2,-5
16,lm,f,19,108,108,6051933,6054789,85,72,learn_array_B,location-2,0
16,lm,f,19,79,72,6059434,6062805,174,108,learn_array_B,location-1,7
16,lm,f,19,162,162,6067463,6074143,63,36,learn_array_A,location-1,0
16,lm,f,19,109,108,6078795,6081808,113,72,learn_array_B,location-2,1
16,lm,f,19,71,72,6086626,6089343,76,108,learn_array_B,location-1,-1
16,lm,f,19,161,162,6093981,6098680,129,36,learn_array_A,location-1,-1
16,lm,f,19,36,36,6103420,6108774,34,162,learn_array_A,location-2,0
16,lm,f,19,106,108,6113596,6119182,132,72,learn_array_B,location-2,-2
16,lm,f,19,160,162,6123837,6127503,142,36,learn_array_A,location-1,-2
16,lm,f,19,167,162,6132267,6137486,101,36,learn_array_A,location-1,5
16,lm,f,19,104,108,6142248,6145622,84,72,learn_array_B,location-2,-4
16,lm,f,19,113,108,6150338,6154378,64,72,learn_array_B,location-2,5
16,lm,f,19,162,162,6159065,6164563,82,36,learn_array_A,location-1,0
16,lm,f,19,75,72,6169317,6173052,160,108,learn_array_B,location-1,3
16,lm,f,19,34,36,6177816,6184416,0,162,learn_array_A,location-2,-2
16,lm,f,19,34,36,6189088,6192748,48,162,learn_array_A,location-2,-2
16,lm,f,19,73,72,6197497,6208432,100,108,learn_array_B,location-1,1
16,lm,f,19,35,36,6213036,6218458,126,162,learn_array_A,location-2,-1
16,lm,f,19,37,36,6223205,6227387,18,162,learn_array_A,location-2,1
16,lm,f,19,119,108,6232134,6237426,112,72,learn_array_B,location-2,11
16,lm,f,19,111,108,6242093,6247958,115,72,learn_array_B,location-2,3
16,lm,f,19,68,72,6252640,6257551,126,108,learn_array_B,location-1,-4
16,lm,f,19,71,72,6262259,6265485,62,108,learn_array_B,location-1,-1
16,lm,f,19,103,108,6270137,6274158,51,72,learn_array_B,location-2,-5
16,lm,f,19,158,162,6278951,6285473,40,36,learn_array_A,location-1,-4
16,lm,f,19,159,162,6290189,6293346,40,36,learn_array_A,location-1,-3
16,lm,f,19,73,72,6297944,6301916,105,108,learn_array_B,location-1,1
16,lm,f,19,164,162,6306735,6309312,85,36,learn_array_A,location-1,2
16,lm,f,19,42,36,6313922,6315022,121,162,learn_array_A,location-2,6
block
16,lm,f,19,69,108,6321227,6323641,78,72,learn_array_B,location-2,-39
16,lm,f,19,106,108,6328377,6331021,110,72,learn_array_B,location-2,-2
16,lm,f,19,155,162,6335681,6337216,62,36,learn_array_A,location-1,-7
16,lm,f,19,79,72,6341854,6346112,151,108,learn_array_B,location-1,7
16,lm,f,19,71,72,6350820,6353383,172,108,learn_array_B,location-1,-1
16,lm,f,19,164,162,6358016,6360800,20,36,learn_array_A,location-1,2
16,lm,f,19,103,108,6365410,6368642,171,72,learn_array_B,location-2,-5
16,lm,f,19,67,72,6373413,6377954,47,108,learn_array_B,location-1,-5
16,lm,f,19,161,162,6382746,6386924,50,36,learn_array_A,location-1,-1
16,lm,f,19,165,162,6391695,6395586,108,36,learn_array_A,location-1,3
16,lm,f,19,74,72,6400200,6402323,16,108,learn_array_B,location-1,2
16,lm,f,19,31,36,6407025,6411642,43,162,learn_array_A,location-2,-5
16,lm,f,19,27,36,6416328,6419188,53,162,learn_array_A,location-2,-9
16,lm,f,19,75,72,6424006,6430474,137,108,learn_array_B,location-1,3
16,lm,f,19,31,36,6435071,6438306,46,162,learn_array_A,location-2,-5
16,lm,f,19,39,36,6443134,6446219,72,162,learn_array_A,location-2,3
16,lm,f,19,163,162,6450922,6454588,93,36,learn_array_A,location-1,1
16,lm,f,19,109,108,6459348,6464346,22,72,learn_array_B,location-2,1
16,lm,f,19,65,72,6468958,6481655,134,108,learn_array_B,location-1,-7
16,lm,f,19,108,108,6486435,6489813,21,72,learn_array_B,location-2,0
16,lm,f,19,162,162,6494626,6497560,173,36,learn_array_A,location-1,0
16,lm,f,19,109,108,6502214,6505739,57,72,learn_array_B,location-2,1
16,lm,f,19,30,36,6510559,6515112,127,162,learn_array_A,location-2,-6
16,lm,f,19,113,108,6519885,6523854,94,72,learn_array_B,location-2,5
16,lm,f,19,166,162,6528675,6531689,126,36,learn_array_A,location-1,4
16,lm,f,19,33,36,6536310,6539833,79,162,learn_array_A,location-2,-3
16,lm,f,19,33,36,6544554,6550208,168,162,learn_array_A,location-2,-3
16,lm,f,19,78,72,6554998,6561827,58,108,learn_array_B,location-1,6
16,lm,f,19,107,108,6566589,6573276,170,72,learn_array_B,location-2,-1
16,lm,f,19,77,72,6578014,6581404,120,108,learn_array_B,location-1,5
16,lm,f,19,34,36,6586063,6588340,65,162,learn_array_A,location-2,-2
16,lm,f,19,158,162,6593006,6596756,17,36,learn_array_A,location-1,-4
block
