subj,name,gender,age,col_resp,target_angle,start_time,resp_time,start_angle,other_angle,learn_array,location,d_value
17,sjy,f,19,165,162,31545,34503,148,108,learn_array_B,location-2,3
17,sjy,f,19,120,108,39215,42005,152,162,learn_array_B,location-1,12
17,sjy,f,19,93,90,46603,49780,61,126,learn_array_A,location-1,3
17,sjy,f,19,129,126,54423,58113,157,90,learn_array_A,location-2,3
17,sjy,f,19,120,108,62750,67054,112,162,learn_array_B,location-1,12
17,sjy,f,19,159,162,71734,75552,66,108,learn_array_B,location-2,-3
17,sjy,f,19,137,108,80310,84646,51,162,learn_array_B,location-1,29
17,sjy,f,19,159,162,89374,93154,94,108,learn_array_B,location-2,-3
17,sjy,f,19,120,108,97961,101410,30,162,learn_array_B,location-1,12
17,sjy,f,19,98,90,106151,109833,51,126,learn_array_A,location-1,8
17,sjy,f,19,89,126,114589,116570,21,90,learn_array_A,location-2,-37
17,sjy,f,19,110,108,121263,126910,58,162,learn_array_B,location-1,2
17,sjy,f,19,110,126,131708,136708,124,90,learn_array_A,location-2,-16
17,sjy,f,19,116,126,141302,144755,62,90,learn_array_A,location-2,-10
17,sjy,f,19,99,90,149570,153180,169,126,learn_array_A,location-1,9
17,sjy,f,19,108,108,157776,161251,4,162,learn_array_B,location-1,0
17,sjy,f,19,90,90,165935,169446,61,126,learn_array_A,location-1,0
17,sjy,f,19,93,90,174173,177934,169,126,learn_array_A,location-1,3
17,sjy,f,19,92,90,182546,184447,3,126,learn_array_A,location-1,2
17,sjy,f,19,155,162,189064,193403,167,108,learn_array_B,location-2,-7
17,sjy,f,19,109,126,198079,206343,171,90,learn_array_A,location-2,-17
17,sjy,f,19,157,162,210960,214938,86,108,learn_array_B,location-2,-5
17,sjy,f,19,158,162,219729,223741,142,108,learn_array_B,location-2,-4
17,sjy,f,19,139,108,228470,233192,95,162,learn_array_B,location-1,31
17,sjy,f,19,156,162,237935,240647,153,108,learn_array_B,location-2,-6
17,sjy,f,19,117,126,245362,248435,81,90,learn_array_A,location-2,-9
17,sjy,f,19,123,108,253105,255301,163,162,learn_array_B,location-1,15
17,sjy,f,19,159,162,259905,263750,53,108,learn_array_B,location-2,-3
17,sjy,f,19,105,126,268512,273274,18,90,learn_array_A,location-2,-21
17,sjy,f,19,94,90,278102,280313,178,126,learn_array_A,location-1,4
17,sjy,f,19,117,126,285001,289915,71,90,learn_array_A,location-2,-9
17,sjy,f,19,99,90,294609,296439,167,126,learn_array_A,location-1,9
block
17,sjy,f,19,114,108,304614,309553,31,162,learn_array_B,location-1,6
17,sjy,f,19,97,90,314333,317845,176,126,learn_array_A,location-1,7
17,sjy,f,19,115,108,322578,326327,140,162,learn_array_B,location-1,7
17,sjy,f,19,120,108,331083,333668,10,162,learn_array_B,location-1,12
17,sjy,f,19,124,126,338559,343352,23,90,learn_array_A,location-2,-2
17,sjy,f,19,123,108,348116,350523,23,162,learn_array_B,location-1,15
17,sjy,f,19,84,90,355178,358926,121,126,learn_array_A,location-1,-6
17,sjy,f,19,102,108,363588,368462,116,162,learn_array_B,location-1,-6
17,sjy,f,19,157,162,373188,376914,166,108,learn_array_B,location-2,-5
17,sjy,f,19,128,126,381512,384381,172,90,learn_array_A,location-2,2
17,sjy,f,19,156,162,389054,392634,73,108,learn_array_B,location-2,-6
17,sjy,f,19,120,108,397278,402095,130,162,learn_array_B,location-1,12
17,sjy,f,19,154,162,406759,409558,172,108,learn_array_B,location-2,-8
17,sjy,f,19,160,162,414382,417884,64,108,learn_array_B,location-2,-2
17,sjy,f,19,133,108,422691,427912,113,162,learn_array_B,location-1,25
17,sjy,f,19,96,90,432638,437246,67,126,learn_array_A,location-1,6
17,sjy,f,19,98,90,441968,446986,46,126,learn_array_A,location-1,8
17,sjy,f,19,100,90,451808,454951,73,126,learn_array_A,location-1,10
17,sjy,f,19,123,126,459594,462622,138,90,learn_array_A,location-2,-3
17,sjy,f,19,86,90,467293,472268,132,126,learn_array_A,location-1,-4
17,sjy,f,19,154,162,476994,481268,132,108,learn_array_B,location-2,-8
17,sjy,f,19,122,126,485905,490083,108,90,learn_array_A,location-2,-4
17,sjy,f,19,95,90,494857,501331,112,126,learn_array_A,location-1,5
17,sjy,f,19,160,162,505985,511979,78,108,learn_array_B,location-2,-2
17,sjy,f,19,92,126,516670,519518,18,90,learn_array_A,location-2,-34
17,sjy,f,19,108,162,524240,531172,159,108,learn_array_B,location-2,-54
17,sjy,f,19,98,90,535819,538744,176,126,learn_array_A,location-1,8
17,sjy,f,19,161,162,543531,549123,120,108,learn_array_B,location-2,-1
17,sjy,f,19,136,126,553774,559398,137,90,learn_array_A,location-2,10
17,sjy,f,19,114,108,564141,571360,58,162,learn_array_B,location-1,6
17,sjy,f,19,130,126,575972,582950,7,90,learn_array_A,location-2,4
17,sjy,f,19,130,126,587566,592622,130,90,learn_array_A,location-2,4
block
17,sjy,f,19,158,162,604934,607446,52,108,learn_array_B,location-2,-4
17,sjy,f,19,128,126,612162,619216,111,90,learn_array_A,location-2,2
17,sjy,f,19,134,108,623809,627995,18,162,learn_array_B,location-1,26
17,sjy,f,19,135,126,632671,636120,91,90,learn_array_A,location-2,9
17,sjy,f,19,116,126,640914,644213,112,90,learn_array_A,location-2,-10
17,sjy,f,19,154,162,648815,653777,154,108,learn_array_B,location-2,-8
17,sjy,f,19,133,126,658568,663334,152,90,learn_array_A,location-2,7
17,sjy,f,19,120,126,667964,672349,32,90,learn_array_A,location-2,-6
17,sjy,f,19,153,162,677137,680537,100,108,learn_array_B,location-2,-9
17,sjy,f,19,96,90,685141,688137,43,126,learn_array_A,location-1,6
17,sjy,f,19,97,90,692812,697215,116,126,learn_array_A,location-1,7
17,sjy,f,19,123,126,702053,709088,66,90,learn_array_A,location-2,-3
17,sjy,f,19,152,162,713739,716763,22,108,learn_array_B,location-2,-10
17,sjy,f,19,135,108,721502,725239,175,162,learn_array_B,location-1,27
17,sjy,f,19,95,90,730050,735614,97,126,learn_array_A,location-1,5
17,sjy,f,19,117,108,740422,748115,13,162,learn_array_B,location-1,9
17,sjy,f,19,124,126,752899,758910,165,90,learn_array_A,location-2,-2
17,sjy,f,19,99,90,763526,767659,146,126,learn_array_A,location-1,9
17,sjy,f,19,99,90,772443,775085,47,126,learn_array_A,location-1,9
17,sjy,f,19,110,108,779756,786470,65,162,learn_array_B,location-1,2
17,sjy,f,19,113,108,791294,794224,91,162,learn_array_B,location-1,5
17,sjy,f,19,112,108,798880,803091,178,162,learn_array_B,location-1,4
17,sjy,f,19,112,108,807763,810768,49,162,learn_array_B,location-1,4
17,sjy,f,19,159,162,815432,822006,113,108,learn_array_B,location-2,-3
17,sjy,f,19,97,90,826807,830052,147,126,learn_array_A,location-1,7
17,sjy,f,19,96,90,834689,839744,153,126,learn_array_A,location-1,6
17,sjy,f,19,116,126,844425,850525,17,90,learn_array_A,location-2,-10
17,sjy,f,19,94,90,855327,862249,42,126,learn_array_A,location-1,4
17,sjy,f,19,158,162,867055,870650,47,108,learn_array_B,location-2,-4
17,sjy,f,19,124,108,875396,882454,8,162,learn_array_B,location-1,16
17,sjy,f,19,162,162,887117,889919,163,108,learn_array_B,location-2,0
17,sjy,f,19,163,162,894669,899938,77,108,learn_array_B,location-2,1
block
17,sjy,f,19,101,90,920741,925167,108,126,learn_array_A,location-1,11
17,sjy,f,19,113,108,929801,937254,154,162,learn_array_B,location-1,5
17,sjy,f,19,111,108,941867,947065,49,162,learn_array_B,location-1,3
17,sjy,f,19,88,90,951826,957957,171,126,learn_array_A,location-1,-2
17,sjy,f,19,85,90,962569,965360,129,126,learn_array_A,location-1,-5
17,sjy,f,19,74,90,969956,974951,84,126,learn_array_A,location-1,-16
17,sjy,f,19,119,126,979611,984221,134,90,learn_array_A,location-2,-7
17,sjy,f,19,115,108,988955,996190,114,162,learn_array_B,location-1,7
17,sjy,f,19,98,90,1000944,1004854,168,126,learn_array_A,location-1,8
17,sjy,f,19,164,162,1009526,1014066,28,108,learn_array_B,location-2,2
17,sjy,f,19,109,108,1018716,1023139,52,162,learn_array_B,location-1,1
17,sjy,f,19,162,162,1027976,1031574,153,108,learn_array_B,location-2,0
17,sjy,f,19,117,108,1036191,1047333,96,162,learn_array_B,location-1,9
17,sjy,f,19,136,126,1052123,1055004,152,90,learn_array_A,location-2,10
17,sjy,f,19,93,90,1059607,1063930,51,126,learn_array_A,location-1,3
17,sjy,f,19,108,108,1068707,1073736,154,162,learn_array_B,location-1,0
17,sjy,f,19,127,126,1078401,1082813,16,90,learn_array_A,location-2,1
17,sjy,f,19,89,90,1087509,1090954,69,126,learn_array_A,location-1,-1
17,sjy,f,19,159,162,1095680,1098781,56,108,learn_array_B,location-2,-3
17,sjy,f,19,106,108,1103470,1110573,21,162,learn_array_B,location-1,-2
17,sjy,f,19,160,162,1115245,1120098,152,108,learn_array_B,location-2,-2
17,sjy,f,19,79,90,1124709,1130858,155,126,learn_array_A,location-1,-11
17,sjy,f,19,127,126,1135606,1143349,37,90,learn_array_A,location-2,1
17,sjy,f,19,129,126,1148156,1150936,45,90,learn_array_A,location-2,3
17,sjy,f,19,106,108,1155719,1162669,99,162,learn_array_B,location-1,-2
17,sjy,f,19,129,126,1167304,1172810,21,90,learn_array_A,location-2,3
17,sjy,f,19,163,162,1177626,1182035,133,108,learn_array_B,location-2,1
17,sjy,f,19,165,162,1186738,1190113,85,108,learn_array_B,location-2,3
17,sjy,f,19,166,162,1194909,1199313,36,108,learn_array_B,location-2,4
17,sjy,f,19,129,126,1203910,1207577,55,90,learn_array_A,location-2,3
17,sjy,f,19,160,162,1212371,1217603,45,108,learn_array_B,location-2,-2
17,sjy,f,19,130,126,1222322,1226988,103,90,learn_array_A,location-2,4
block
17,sjy,f,19,85,90,1240022,1245303,92,126,learn_array_A,location-1,-5
17,sjy,f,19,79,90,1249972,1255585,126,126,learn_array_A,location-1,-11
17,sjy,f,19,117,108,1260239,1269254,165,162,learn_array_B,location-1,9
17,sjy,f,19,112,108,1273985,1277282,159,162,learn_array_B,location-1,4
17,sjy,f,19,163,162,1282056,1285671,54,108,learn_array_B,location-2,1
17,sjy,f,19,111,108,1290302,1294399,131,162,learn_array_B,location-1,3
17,sjy,f,19,106,108,1299172,1303528,62,162,learn_array_B,location-1,-2
17,sjy,f,19,130,126,1308271,1315390,135,90,learn_array_A,location-2,4
17,sjy,f,19,111,108,1320002,1325863,37,162,learn_array_B,location-1,3
17,sjy,f,19,119,126,1330674,1337506,12,90,learn_array_A,location-2,-7
17,sjy,f,19,112,108,1342295,1345028,56,162,learn_array_B,location-1,4
17,sjy,f,19,117,126,1349631,1356653,14,90,learn_array_A,location-2,-9
17,sjy,f,19,128,126,1361370,1365256,13,90,learn_array_A,location-2,2
17,sjy,f,19,109,108,1369871,1376202,67,162,learn_array_B,location-1,1
17,sjy,f,19,161,162,1380814,1385520,84,108,learn_array_B,location-2,-1
17,sjy,f,19,86,90,1390269,1394009,39,126,learn_array_A,location-1,-4
17,sjy,f,19,159,162,1398672,1402346,24,108,learn_array_B,location-2,-3
17,sjy,f,19,160,162,1407015,1411919,112,108,learn_array_B,location-2,-2
17,sjy,f,19,95,90,1416592,1420471,41,126,learn_array_A,location-1,5
17,sjy,f,19,131,126,1425102,1431502,174,90,learn_array_A,location-2,5
17,sjy,f,19,97,90,1436101,1445827,31,126,learn_array_A,location-1,7
17,sjy,f,19,163,162,1450495,1454552,100,108,learn_array_B,location-2,1
17,sjy,f,19,160,162,1459221,1462380,146,108,learn_array_B,location-2,-2
17,sjy,f,19,162,162,1467208,1471166,39,108,learn_array_B,location-2,0
17,sjy,f,19,164,162,1475880,1479256,96,108,learn_array_B,location-2,2
17,sjy,f,19,92,90,1484070,1489448,24,126,learn_array_A,location-1,2
17,sjy,f,19,122,126,1494197,1499928,104,90,learn_array_A,location-2,-4
17,sjy,f,19,136,126,1504626,1511065,169,90,learn_array_A,location-2,10
17,sjy,f,19,101,108,1515670,1521353,80,162,learn_array_B,location-1,-7
17,sjy,f,19,128,126,1526117,1533041,52,90,learn_array_A,location-2,2
17,sjy,f,19,88,90,1537682,1543690,44,126,learn_array_A,location-1,-2
17,sjy,f,19,91,90,1548521,1555807,46,126,learn_array_A,location-1,1
block
17,sjy,f,19,124,126,1562902,1568815,12,90,learn_array_A,location-2,-2
17,sjy,f,19,126,126,1573568,1580198,146,90,learn_array_A,location-2,0
17,sjy,f,19,125,126,1584979,1590281,150,90,learn_array_A,location-2,-1
17,sjy,f,19,133,126,1595042,1598854,11,90,learn_array_A,location-2,7
17,sjy,f,19,110,108,1603653,1608931,124,162,learn_array_B,location-1,2
17,sjy,f,19,125,126,1613539,1619254,58,90,learn_array_A,location-2,-1
17,sjy,f,19,104,90,1624008,1627843,166,126,learn_array_A,location-1,14
17,sjy,f,19,162,162,1632636,1637379,34,108,learn_array_B,location-2,0
17,sjy,f,19,113,108,1642047,1649671,91,162,learn_array_B,location-1,5
17,sjy,f,19,127,126,1654344,1657211,53,90,learn_array_A,location-2,1
17,sjy,f,19,104,108,1662026,1666068,82,162,learn_array_B,location-1,-4
17,sjy,f,19,129,126,1670770,1677354,170,90,learn_array_A,location-2,3
17,sjy,f,19,159,162,1682103,1686466,46,108,learn_array_B,location-2,-3
17,sjy,f,19,165,162,1691213,1697417,127,108,learn_array_B,location-2,3
17,sjy,f,19,126,126,1702218,1708977,70,90,learn_array_A,location-2,0
17,sjy,f,19,162,162,1713773,1720781,124,108,learn_array_B,location-2,0
17,sjy,f,19,89,90,1725491,1731503,107,126,learn_array_A,location-1,-1
17,sjy,f,19,112,108,1736218,1746880,21,162,learn_array_B,location-1,4
17,sjy,f,19,106,108,1751609,1753947,39,162,learn_array_B,location-1,-2
17,sjy,f,19,167,162,1758656,1763107,178,108,learn_array_B,location-2,5
17,sjy,f,19,92,90,1767901,1773342,6,126,learn_array_A,location-1,2
17,sjy,f,19,168,162,1778089,1781302,14,108,learn_array_B,location-2,6
17,sjy,f,19,89,90,1786138,1790421,154,126,learn_array_A,location-1,-1
17,sjy,f,19,92,90,1795083,1799045,110,126,learn_array_A,location-1,2
17,sjy,f,19,88,90,1803805,1812211,77,126,learn_array_A,location-1,-2
17,sjy,f,19,115,108,1816952,1825540,36,162,learn_array_B,location-1,7
17,sjy,f,19,93,90,1830263,1840020,82,126,learn_array_A,location-1,3
17,sjy,f,19,163,162,1844623,1848524,3,108,learn_array_B,location-2,1
17,sjy,f,19,109,108,1853127,1859867,52,162,learn_array_B,location-1,1
17,sjy,f,19,93,90,1864703,1873112,155,126,learn_array_A,location-1,3
17,sjy,f,19,162,162,1877858,1884684,92,108,learn_array_B,location-2,0
17,sjy,f,19,101,108,1889431,1898284,66,162,learn_array_B,location-1,-7
block
17,sjy,f,19,158,162,1909910,1918255,60,108,learn_array_B,location-2,-4
17,sjy,f,19,160,162,1922906,1927901,65,108,learn_array_B,location-2,-2
17,sjy,f,19,130,126,1932656,1941463,117,90,learn_array_A,location-2,4
17,sjy,f,19,111,108,1946115,1958012,140,162,learn_array_B,location-1,3
17,sjy,f,19,93,90,1962812,1972513,58,126,learn_array_A,location-1,3
17,sjy,f,19,117,126,1977151,1983330,174,90,learn_array_A,location-2,-9
17,sjy,f,19,163,162,1988057,1992400,150,108,learn_array_B,location-2,1
17,sjy,f,19,127,126,1997180,2001092,81,90,learn_array_A,location-2,1
17,sjy,f,19,112,108,2005684,2010313,155,162,learn_array_B,location-1,4
17,sjy,f,19,102,90,2015074,2021643,171,126,learn_array_A,location-1,12
17,sjy,f,19,109,108,2026443,2034310,85,162,learn_array_B,location-1,1
17,sjy,f,19,165,162,2038917,2043182,16,108,learn_array_B,location-2,3
17,sjy,f,19,113,108,2047817,2054349,160,162,learn_array_B,location-1,5
17,sjy,f,19,166,162,2058955,2064331,63,108,learn_array_B,location-2,4
17,sjy,f,19,165,162,2068991,2073019,17,108,learn_array_B,location-2,3
17,sjy,f,19,92,90,2077713,2084337,8,126,learn_array_A,location-1,2
17,sjy,f,19,118,126,2089020,2100596,39,90,learn_array_A,location-2,-8
17,sjy,f,19,89,90,2105393,2112409,43,126,learn_array_A,location-1,-1
17,sjy,f,19,93,90,2117165,2120176,159,126,learn_array_A,location-1,3
17,sjy,f,19,131,108,2124905,2131178,11,162,learn_array_B,location-1,23
17,sjy,f,19,126,126,2135863,2139239,145,90,learn_array_A,location-2,0
17,sjy,f,19,94,90,2144056,2147495,131,126,learn_array_A,location-1,4
17,sjy,f,19,114,108,2152173,2157469,126,162,learn_array_B,location-1,6
17,sjy,f,19,92,90,2162159,2168451,86,126,learn_array_A,location-1,2
17,sjy,f,19,165,162,2173240,2177235,156,108,learn_array_B,location-2,3
17,sjy,f,19,128,108,2181934,2188688,137,162,learn_array_B,location-1,20
17,sjy,f,19,166,162,2193439,2197492,52,108,learn_array_B,location-2,4
17,sjy,f,19,92,90,2202263,2209426,38,126,learn_array_A,location-1,2
17,sjy,f,19,128,126,2214246,2218584,172,90,learn_array_A,location-2,2
17,sjy,f,19,130,126,2223182,2229037,108,90,learn_array_A,location-2,4
17,sjy,f,19,127,126,2233779,2239005,91,90,learn_array_A,location-2,1
17,sjy,f,19,106,108,2243773,2247502,92,162,learn_array_B,location-1,-2
block
17,sjy,f,19,125,126,2262806,2272496,71,90,learn_array_A,location-2,-1
17,sjy,f,19,97,90,2277114,2283748,29,126,learn_array_A,location-1,7
17,sjy,f,19,87,90,2288511,2293416,150,126,learn_array_A,location-1,-3
17,sjy,f,19,126,126,2298075,2302504,138,90,learn_array_A,location-2,0
17,sjy,f,19,90,90,2307254,2311657,33,126,learn_array_A,location-1,0
17,sjy,f,19,101,108,2316322,2325699,146,162,learn_array_B,location-1,-7
17,sjy,f,19,95,90,2330326,2336110,92,126,learn_array_A,location-1,5
17,sjy,f,19,124,126,2340747,2346260,35,90,learn_array_A,location-2,-2
17,sjy,f,19,112,108,2350883,2358919,78,162,learn_array_B,location-1,4
17,sjy,f,19,163,162,2363752,2369618,179,108,learn_array_B,location-2,1
17,sjy,f,19,119,126,2374334,2381290,82,90,learn_array_A,location-2,-7
17,sjy,f,19,114,108,2385988,2393564,179,162,learn_array_B,location-1,6
17,sjy,f,19,109,108,2398258,2414779,36,162,learn_array_B,location-1,1
17,sjy,f,19,94,90,2419447,2444471,151,126,learn_array_A,location-1,4
17,sjy,f,19,165,162,2449241,2454370,42,108,learn_array_B,location-2,3
17,sjy,f,19,93,90,2459135,2468964,97,126,learn_array_A,location-1,3
17,sjy,f,19,124,126,2473562,2482703,168,90,learn_array_A,location-2,-2
17,sjy,f,19,167,162,2487320,2495556,153,108,learn_array_B,location-2,5
17,sjy,f,19,94,90,2500388,2504866,106,126,learn_array_A,location-1,4
17,sjy,f,19,126,126,2509557,2527485,6,90,learn_array_A,location-2,0
17,sjy,f,19,124,126,2532322,2540153,139,90,learn_array_A,location-2,-2
17,sjy,f,19,168,108,2544856,2548908,82,162,learn_array_B,location-1,60
17,sjy,f,19,171,162,2553562,2557377,58,108,learn_array_B,location-2,9
17,sjy,f,19,159,162,2562023,2567114,146,108,learn_array_B,location-2,-3
17,sjy,f,19,160,162,2571870,2577351,47,108,learn_array_B,location-2,-2
17,sjy,f,19,121,126,2581957,2589718,158,90,learn_array_A,location-2,-5
17,sjy,f,19,90,90,2594487,2601357,18,126,learn_array_A,location-1,0
17,sjy,f,19,129,108,2606157,2611906,154,162,learn_array_B,location-1,21
17,sjy,f,19,136,108,2616556,2622054,81,162,learn_array_B,location-1,28
17,sjy,f,19,162,162,2626692,3192468,31,108,learn_array_B,location-2,0
17,sjy,f,19,108,108,3197063,3204184,69,162,learn_array_B,location-1,0
17,sjy,f,19,162,162,3208907,3216006,145,108,learn_array_B,location-2,0
block
17,sjy,f,19,131,126,3222054,3229228,131,90,learn_array_A,location-2,5
17,sjy,f,19,163,162,3234020,3236814,73,108,learn_array_B,location-2,1
17,sjy,f,19,115,108,3241515,3248158,153,162,learn_array_B,location-1,7
17,sjy,f,19,165,162,3252824,3256425,174,108,learn_array_B,location-2,3
17,sjy,f,19,110,108,3261080,3264698,67,162,learn_array_B,location-1,2
17,sjy,f,19,166,162,3269481,3272714,121,108,learn_array_B,location-2,4
17,sjy,f,19,87,90,3277317,3281523,142,126,learn_array_A,location-1,-3
17,sjy,f,19,89,90,3286285,3329303,90,126,learn_array_A,location-1,-1
17,sjy,f,19,127,126,3334089,3341320,14,90,learn_array_A,location-2,1
17,sjy,f,19,161,162,3345973,3348542,150,108,learn_array_B,location-2,-1
17,sjy,f,19,123,108,3353274,3357152,16,162,learn_array_B,location-1,15
17,sjy,f,19,161,162,3361919,3364058,178,108,learn_array_B,location-2,-1
17,sjy,f,19,95,90,3368714,3377075,163,126,learn_array_A,location-1,5
17,sjy,f,19,117,126,3381730,3385531,42,90,learn_array_A,location-2,-9
17,sjy,f,19,112,108,3390151,3396580,73,162,learn_array_B,location-1,4
17,sjy,f,19,164,162,3401171,3404856,148,108,learn_array_B,location-2,2
17,sjy,f,19,85,90,3409519,3414763,47,126,learn_array_A,location-1,-5
17,sjy,f,19,95,90,3419519,3425759,156,126,learn_array_A,location-1,5
17,sjy,f,19,130,126,3430487,3434979,117,90,learn_array_A,location-2,4
17,sjy,f,19,128,126,3439690,3443798,179,90,learn_array_A,location-2,2
17,sjy,f,19,123,126,3448614,3451330,154,90,learn_array_A,location-2,-3
17,sjy,f,19,170,162,3456136,3459811,55,108,learn_array_B,location-2,8
17,sjy,f,19,109,108,3464472,3467979,116,162,learn_array_B,location-1,1
17,sjy,f,19,96,90,3472594,3480838,178,126,learn_array_A,location-1,6
17,sjy,f,19,104,108,3485472,3489714,78,162,learn_array_B,location-1,-4
17,sjy,f,19,106,108,3494501,3498022,105,162,learn_array_B,location-1,-2
17,sjy,f,19,110,126,3502754,3506848,27,90,learn_array_A,location-2,-16
17,sjy,f,19,169,162,3511438,3516428,150,108,learn_array_B,location-2,7
17,sjy,f,19,110,108,3521039,3524650,49,162,learn_array_B,location-1,2
17,sjy,f,19,123,126,3529367,3535307,89,90,learn_array_A,location-2,-3
17,sjy,f,19,85,90,3540026,3544264,130,126,learn_array_A,location-1,-5
17,sjy,f,19,75,90,3548996,3555386,144,126,learn_array_A,location-1,-15
block
17,sjy,f,19,126,126,3561494,3568758,176,90,learn_array_A,location-2,0
17,sjy,f,19,80,90,3573564,3580955,117,126,learn_array_A,location-1,-10
17,sjy,f,19,104,108,3585568,3589699,41,162,learn_array_B,location-1,-4
17,sjy,f,19,110,108,3594529,3605960,5,162,learn_array_B,location-1,2
17,sjy,f,19,128,126,3610790,3614021,179,90,learn_array_A,location-2,2
17,sjy,f,19,90,90,3618835,3623607,18,126,learn_array_A,location-1,0
17,sjy,f,19,118,126,3628238,3633431,118,90,learn_array_A,location-2,-8
17,sjy,f,19,108,108,3638047,3647174,162,162,learn_array_B,location-1,0
17,sjy,f,19,103,108,3651827,3656488,75,162,learn_array_B,location-1,-5
17,sjy,f,19,130,126,3661268,3668700,130,90,learn_array_A,location-2,4
17,sjy,f,19,130,126,3673351,3676654,27,90,learn_array_A,location-2,4
17,sjy,f,19,76,90,3681412,3688249,139,126,learn_array_A,location-1,-14
17,sjy,f,19,129,126,3692909,3696308,115,90,learn_array_A,location-2,3
17,sjy,f,19,77,90,3701131,3704430,38,126,learn_array_A,location-1,-13
17,sjy,f,19,172,162,3709099,3715128,55,108,learn_array_B,location-2,10
17,sjy,f,19,112,108,3719815,3725652,158,162,learn_array_B,location-1,4
17,sjy,f,19,164,162,3730375,3732797,89,108,learn_array_B,location-2,2
17,sjy,f,19,167,162,3737456,3740628,160,108,learn_array_B,location-2,5
17,sjy,f,19,94,90,3745438,3750066,4,126,learn_array_A,location-1,4
17,sjy,f,19,93,90,3754727,3760324,0,126,learn_array_A,location-1,3
17,sjy,f,19,110,108,3765136,3769542,136,162,learn_array_B,location-1,2
17,sjy,f,19,133,126,3774162,3785602,174,90,learn_array_A,location-2,7
17,sjy,f,19,172,162,3790217,3795723,66,108,learn_array_B,location-2,10
17,sjy,f,19,88,90,3800352,3805950,94,126,learn_array_A,location-1,-2
17,sjy,f,19,92,90,3810722,3819415,8,126,learn_array_A,location-1,2
17,sjy,f,19,114,108,3824067,3828830,144,162,learn_array_B,location-1,6
17,sjy,f,19,115,108,3833473,3836772,23,162,learn_array_B,location-1,7
17,sjy,f,19,165,162,3841386,3845502,29,108,learn_array_B,location-2,3
17,sjy,f,19,162,162,3850104,3854648,76,108,learn_array_B,location-2,0
17,sjy,f,19,133,126,3859481,3866272,160,90,learn_array_A,location-2,7
17,sjy,f,19,160,162,3871045,3876186,57,108,learn_array_B,location-2,-2
17,sjy,f,19,165,162,3880817,3885871,163,108,learn_array_B,location-2,3
block
17,sjy,f,19,87,90,3892566,3903592,133,126,learn_array_A,location-1,-3
17,sjy,f,19,88,90,3908360,3914528,40,126,learn_array_A,location-1,-2
17,sjy,f,19,164,162,3919177,3925948,118,108,learn_array_B,location-2,2
17,sjy,f,19,92,90,3930570,3935254,115,126,learn_array_A,location-1,2
17,sjy,f,19,125,126,3939882,3947688,139,90,learn_array_A,location-2,-1
17,sjy,f,19,165,162,3952333,3958054,139,108,learn_array_B,location-2,3
17,sjy,f,19,117,108,3962749,3965899,57,162,learn_array_B,location-1,9
17,sjy,f,19,95,90,3970496,3978410,163,126,learn_array_A,location-1,5
17,sjy,f,19,120,108,3983219,3986069,159,162,learn_array_B,location-1,12
17,sjy,f,19,164,162,3990829,3996462,120,108,learn_array_B,location-2,2
17,sjy,f,19,120,126,4001224,4008249,91,90,learn_array_A,location-2,-6
17,sjy,f,19,165,162,4013069,4017626,56,108,learn_array_B,location-2,3
17,sjy,f,19,164,162,4022305,4025449,53,108,learn_array_B,location-2,2
17,sjy,f,19,106,108,4030182,4035699,84,162,learn_array_B,location-1,-2
17,sjy,f,19,93,90,4040440,4044681,40,126,learn_array_A,location-1,3
17,sjy,f,19,129,126,4049413,4054843,41,90,learn_array_A,location-2,3
17,sjy,f,19,127,126,4059615,4063265,36,90,learn_array_A,location-2,1
17,sjy,f,19,109,108,4068001,4073064,78,162,learn_array_B,location-1,1
17,sjy,f,19,86,90,4077807,4082340,5,126,learn_array_A,location-1,-4
17,sjy,f,19,88,90,4087008,4091425,147,126,learn_array_A,location-1,-2
17,sjy,f,19,126,126,4096057,4111202,130,90,learn_array_A,location-2,0
17,sjy,f,19,136,126,4115917,4121295,134,90,learn_array_A,location-2,10
17,sjy,f,19,94,90,4125995,4129664,63,126,learn_array_A,location-1,4
17,sjy,f,19,162,162,4134326,4142559,42,108,learn_array_B,location-2,0
17,sjy,f,19,126,126,4147383,4156954,163,90,learn_array_A,location-2,0
17,sjy,f,19,106,108,4161783,4166051,22,162,learn_array_B,location-1,-2
17,sjy,f,19,127,126,4170856,4174947,2,90,learn_array_A,location-2,1
17,sjy,f,19,101,108,4179555,4183747,128,162,learn_array_B,location-1,-7
17,sjy,f,19,169,162,4188350,4194830,134,108,learn_array_B,location-2,7
17,sjy,f,19,101,108,4199455,4202974,121,162,learn_array_B,location-1,-7
17,sjy,f,19,163,162,4207633,4213350,107,108,learn_array_B,location-2,1
17,sjy,f,19,109,108,4218120,4223431,49,162,learn_array_B,location-1,1
block
17,sjy,f,19,87,90,4230198,4233082,85,126,learn_array_A,location-1,-3
17,sjy,f,19,130,126,4237900,4244804,13,90,learn_array_A,location-2,4
17,sjy,f,19,134,126,4249434,4253690,106,90,learn_array_A,location-2,8
17,sjy,f,19,162,162,4258521,4261764,141,108,learn_array_B,location-2,0
17,sjy,f,19,85,90,4266356,4275694,82,126,learn_array_A,location-1,-5
17,sjy,f,19,128,126,4280473,4288170,59,90,learn_array_A,location-2,2
17,sjy,f,19,163,162,4292855,4295114,20,108,learn_array_B,location-2,1
17,sjy,f,19,88,90,4299895,4311138,147,126,learn_array_A,location-1,-2
17,sjy,f,19,69,90,4315858,4319101,118,126,learn_array_A,location-1,-21
17,sjy,f,19,124,90,4323800,4327986,90,126,learn_array_A,location-1,34
17,sjy,f,19,165,162,4332622,4337887,37,108,learn_array_B,location-2,3
17,sjy,f,19,165,162,4342603,4345986,159,108,learn_array_B,location-2,3
17,sjy,f,19,169,162,4350732,4354396,88,108,learn_array_B,location-2,7
17,sjy,f,19,164,90,4359169,4365337,16,126,learn_array_A,location-1,74
17,sjy,f,19,126,126,4370037,4375012,57,90,learn_array_A,location-2,0
17,sjy,f,19,122,126,4379836,4383085,109,90,learn_array_A,location-2,-4
17,sjy,f,19,112,108,4387682,4392883,152,162,learn_array_B,location-1,4
17,sjy,f,19,125,126,4397537,4404878,90,90,learn_array_A,location-2,-1
17,sjy,f,19,95,90,4409546,4413079,122,126,learn_array_A,location-1,5
17,sjy,f,19,106,108,4417890,4422778,111,162,learn_array_B,location-1,-2
17,sjy,f,19,114,108,4427515,4433227,178,162,learn_array_B,location-1,6
17,sjy,f,19,115,108,4437929,4442193,171,162,learn_array_B,location-1,7
17,sjy,f,19,96,90,4446866,4451129,145,126,learn_array_A,location-1,6
17,sjy,f,19,117,126,4455862,4459694,85,90,learn_array_A,location-2,-9
17,sjy,f,19,113,108,4464425,4470638,145,162,learn_array_B,location-1,5
17,sjy,f,19,162,162,4475474,4479874,108,108,learn_array_B,location-2,0
17,sjy,f,19,130,126,4484555,4488837,59,90,learn_array_A,location-2,4
17,sjy,f,19,110,108,4493564,4499421,146,162,learn_array_B,location-1,2
17,sjy,f,19,166,162,4504013,4507553,91,108,learn_array_B,location-2,4
17,sjy,f,19,167,162,4512271,4516810,39,108,learn_array_B,location-2,5
17,sjy,f,19,108,108,4521605,4526540,139,162,learn_array_B,location-1,0
17,sjy,f,19,111,108,4531169,4534400,8,162,learn_array_B,location-1,3
block
17,sjy,f,19,111,108,4540806,4547089,13,162,learn_array_B,location-1,3
17,sjy,f,19,165,162,4551710,4557367,103,108,learn_array_B,location-2,3
17,sjy,f,19,85,90,4562191,4569489,44,126,learn_array_A,location-1,-5
17,sjy,f,19,97,108,4574280,4578601,73,162,learn_array_B,location-1,-11
17,sjy,f,19,127,126,4583246,4587231,121,90,learn_array_A,location-2,1
17,sjy,f,19,165,162,4592005,4596259,119,108,learn_array_B,location-2,3
17,sjy,f,19,106,108,4601074,4604915,21,162,learn_array_B,location-1,-2
17,sjy,f,19,128,126,4609626,4615401,119,90,learn_array_A,location-2,2
17,sjy,f,19,164,162,4620157,4624115,141,108,learn_array_B,location-2,2
17,sjy,f,19,132,126,4628908,4633970,55,90,learn_array_A,location-2,6
17,sjy,f,19,91,90,4638671,4643223,50,126,learn_array_A,location-1,1
17,sjy,f,19,121,126,4647949,4653521,75,90,learn_array_A,location-2,-5
17,sjy,f,19,91,90,4658122,4661810,3,126,learn_array_A,location-1,1
17,sjy,f,19,87,90,4666637,4671045,157,126,learn_array_A,location-1,-3
17,sjy,f,19,128,126,4675852,4681415,16,90,learn_array_A,location-2,2
17,sjy,f,19,165,162,4686242,4690515,40,108,learn_array_B,location-2,3
17,sjy,f,19,162,162,4695150,4697564,39,108,learn_array_B,location-2,0
17,sjy,f,19,109,108,4702332,4707331,93,162,learn_array_B,location-1,1
17,sjy,f,19,112,108,4711926,4715990,178,162,learn_array_B,location-1,4
17,sjy,f,19,103,108,4720760,4726343,94,162,learn_array_B,location-1,-5
17,sjy,f,19,128,126,4730950,4734091,9,90,learn_array_A,location-2,2
17,sjy,f,19,125,126,4738800,4745853,36,90,learn_array_A,location-2,-1
17,sjy,f,19,164,162,4750568,4755195,73,108,learn_array_B,location-2,2
17,sjy,f,19,89,90,4759840,4764613,158,126,learn_array_A,location-1,-1
17,sjy,f,19,109,108,4769408,4776177,135,162,learn_array_B,location-1,1
17,sjy,f,19,164,162,4780958,4784926,179,108,learn_array_B,location-2,2
17,sjy,f,19,94,90,4789554,4793311,160,126,learn_array_A,location-1,4
17,sjy,f,19,129,126,4797977,4808232,10,90,learn_array_A,location-2,3
17,sjy,f,19,111,108,4812906,4816965,156,162,learn_array_B,location-1,3
17,sjy,f,19,98,90,4821585,4832807,136,126,learn_array_A,location-1,8
17,sjy,f,19,83,90,4837616,4841906,107,126,learn_array_A,location-1,-7
17,sjy,f,19,162,162,4846501,4851338,82,108,learn_array_B,location-2,0
block
17,sjy,f,19,85,90,4859110,4864290,95,126,learn_array_A,location-1,-5
17,sjy,f,19,85,90,4868973,4876559,149,126,learn_array_A,location-1,-5
17,sjy,f,19,105,108,4881295,4887635,86,162,learn_array_B,location-1,-3
17,sjy,f,19,164,162,4892296,4897298,95,108,learn_array_B,location-2,2
17,sjy,f,19,104,108,4902129,4907209,118,162,learn_array_B,location-1,-4
17,sjy,f,19,103,108,4911932,4918008,93,162,learn_array_B,location-1,-5
17,sjy,f,19,87,90,4922626,4928184,130,126,learn_array_A,location-1,-3
17,sjy,f,19,131,126,4932940,4937148,174,90,learn_array_A,location-2,5
17,sjy,f,19,164,162,4941941,4945825,27,108,learn_array_B,location-2,2
17,sjy,f,19,139,108,4950455,4953560,148,162,learn_array_B,location-1,31
17,sjy,f,19,86,90,4958175,4964283,116,126,learn_array_A,location-1,-4
17,sjy,f,19,130,126,4968899,4975060,178,90,learn_array_A,location-2,4
17,sjy,f,19,91,90,4979776,4983015,22,126,learn_array_A,location-1,1
17,sjy,f,19,164,162,4987845,4994431,84,108,learn_array_B,location-2,2
17,sjy,f,19,134,126,4999190,5005753,164,90,learn_array_A,location-2,8
17,sjy,f,19,110,108,5010460,5015005,178,162,learn_array_B,location-1,2
17,sjy,f,19,93,90,5019653,5024227,125,126,learn_array_A,location-1,3
17,sjy,f,19,165,162,5028822,5035574,171,108,learn_array_B,location-2,3
17,sjy,f,19,109,108,5040316,5046676,39,162,learn_array_B,location-1,1
17,sjy,f,19,106,108,5051394,5060588,160,162,learn_array_B,location-1,-2
17,sjy,f,19,165,162,5065392,5068935,77,108,learn_array_B,location-2,3
17,sjy,f,19,165,162,5073755,5077083,155,108,learn_array_B,location-2,3
17,sjy,f,19,86,90,5081901,5087628,139,126,learn_array_A,location-1,-4
17,sjy,f,19,124,126,5092297,5097787,89,90,learn_array_A,location-2,-2
17,sjy,f,19,130,126,5102608,5106726,110,90,learn_array_A,location-2,4
17,sjy,f,19,161,162,5111499,5117727,62,108,learn_array_B,location-2,-1
17,sjy,f,19,127,126,5122442,5129489,24,90,learn_array_A,location-2,1
17,sjy,f,19,93,90,5134264,5137800,114,126,learn_array_A,location-1,3
17,sjy,f,19,166,162,5142548,5146230,156,108,learn_array_B,location-2,4
17,sjy,f,19,129,126,5150885,5156544,161,90,learn_array_A,location-2,3
17,sjy,f,19,106,108,5161237,5169871,12,162,learn_array_B,location-1,-2
17,sjy,f,19,119,126,5174695,5180670,96,90,learn_array_A,location-2,-7
block
17,sjy,f,19,167,162,5187909,5194715,77,108,learn_array_B,location-2,5
17,sjy,f,19,95,90,5199535,5203191,47,126,learn_array_A,location-1,5
17,sjy,f,19,122,126,5208001,5211246,32,90,learn_array_A,location-2,-4
17,sjy,f,19,84,90,5215905,5220609,153,126,learn_array_A,location-1,-6
17,sjy,f,19,87,90,5225316,5229157,28,126,learn_array_A,location-1,-3
17,sjy,f,19,161,162,5233963,5236608,171,108,learn_array_B,location-2,-1
17,sjy,f,19,104,108,5241300,5245370,74,162,learn_array_B,location-1,-4
17,sjy,f,19,166,162,5250186,5252901,167,108,learn_array_B,location-2,4
17,sjy,f,19,103,108,5257658,5263538,99,162,learn_array_B,location-1,-5
17,sjy,f,19,128,126,5268354,5272792,146,90,learn_array_A,location-2,2
17,sjy,f,19,108,108,5277398,5284587,139,162,learn_array_B,location-1,0
17,sjy,f,19,105,108,5289283,5291841,117,162,learn_array_B,location-1,-3
17,sjy,f,19,105,108,5296582,5302004,61,162,learn_array_B,location-1,-3
17,sjy,f,19,129,126,5306670,5310201,6,90,learn_array_A,location-2,3
17,sjy,f,19,127,126,5315003,5318627,153,90,learn_array_A,location-2,1
17,sjy,f,19,126,126,5323268,5329080,76,90,learn_array_A,location-2,0
17,sjy,f,19,169,162,5333697,5338983,125,108,learn_array_B,location-2,7
17,sjy,f,19,109,108,5343586,5349397,37,162,learn_array_B,location-1,1
17,sjy,f,19,127,90,5354124,5359642,11,126,learn_array_A,location-1,37
17,sjy,f,19,164,162,5364409,5367808,35,108,learn_array_B,location-2,2
17,sjy,f,19,106,108,5372634,5376449,135,162,learn_array_B,location-1,-2
17,sjy,f,19,91,90,5381128,5385328,127,126,learn_array_A,location-1,1
17,sjy,f,19,90,90,5390027,5395481,36,126,learn_array_A,location-1,0
17,sjy,f,19,119,126,5400239,5406465,104,90,learn_array_A,location-2,-7
17,sjy,f,19,103,108,5411207,5414522,74,162,learn_array_B,location-1,-5
17,sjy,f,19,164,162,5419138,5423447,94,108,learn_array_B,location-2,2
17,sjy,f,19,130,126,5428107,5432802,166,90,learn_array_A,location-2,4
17,sjy,f,19,126,126,5437485,5440847,5,90,learn_array_A,location-2,0
17,sjy,f,19,162,162,5445603,5448255,11,108,learn_array_B,location-2,0
17,sjy,f,19,81,90,5452896,5455379,79,126,learn_array_A,location-1,-9
17,sjy,f,19,164,162,5460181,5464691,52,108,learn_array_B,location-2,2
17,sjy,f,19,85,90,5469482,5475512,176,126,learn_array_A,location-1,-5
block
17,sjy,f,19,112,108,5485462,5489539,18,162,learn_array_B,location-1,4
17,sjy,f,19,109,108,5494348,5496708,26,162,learn_array_B,location-1,1
17,sjy,f,19,85,90,5501432,5508137,14,126,learn_array_A,location-1,-5
17,sjy,f,19,86,90,5512732,5516116,82,126,learn_array_A,location-1,-4
17,sjy,f,19,114,108,5520856,5527064,96,162,learn_array_B,location-1,6
17,sjy,f,19,166,162,5531741,5534829,64,108,learn_array_B,location-2,4
17,sjy,f,19,122,126,5539561,5550706,118,90,learn_array_A,location-2,-4
17,sjy,f,19,130,126,5555330,5560026,17,90,learn_array_A,location-2,4
17,sjy,f,19,125,126,5564756,5571148,89,90,learn_array_A,location-2,-1
17,sjy,f,19,92,90,5575809,5583787,126,126,learn_array_A,location-1,2
17,sjy,f,19,102,108,5588496,5592980,109,162,learn_array_B,location-1,-6
17,sjy,f,19,124,126,5597766,5602030,11,90,learn_array_A,location-2,-2
17,sjy,f,19,87,90,5606620,5613813,171,126,learn_array_A,location-1,-3
17,sjy,f,19,90,90,5618574,5624162,60,126,learn_array_A,location-1,0
17,sjy,f,19,123,126,5628972,5634935,106,90,learn_array_A,location-2,-3
17,sjy,f,19,164,162,5639554,5643095,100,108,learn_array_B,location-2,2
17,sjy,f,19,87,90,5647839,5651463,173,126,learn_array_A,location-1,-3
17,sjy,f,19,106,108,5656271,5661470,141,162,learn_array_B,location-1,-2
17,sjy,f,19,162,162,5666261,5670166,129,108,learn_array_B,location-2,0
17,sjy,f,19,129,126,5674825,5679135,31,90,learn_array_A,location-2,3
17,sjy,f,19,165,162,5683877,5686747,132,108,learn_array_B,location-2,3
17,sjy,f,19,84,90,5691423,5698021,90,126,learn_array_A,location-1,-6
17,sjy,f,19,129,126,5702820,5706651,73,90,learn_array_A,location-2,3
17,sjy,f,19,132,162,5711462,5715056,134,108,learn_array_B,location-2,-30
17,sjy,f,19,167,162,5719739,5725529,18,108,learn_array_B,location-2,5
17,sjy,f,19,167,162,5730328,5732839,165,108,learn_array_B,location-2,5
17,sjy,f,19,161,162,5737455,5743174,155,108,learn_array_B,location-2,-1
17,sjy,f,19,128,126,5747909,5753402,58,90,learn_array_A,location-2,2
17,sjy,f,19,162,108,5758077,5760796,32,162,learn_array_B,location-1,54
17,sjy,f,19,104,108,5765388,5769274,90,162,learn_array_B,location-1,-4
17,sjy,f,19,108,108,5773961,5780329,159,162,learn_array_B,location-1,0
17,sjy,f,19,87,90,5784997,5790052,146,126,learn_array_A,location-1,-3
block
17,sjy,f,19,122,126,5797110,5803617,150,90,learn_array_A,location-2,-4
17,sjy,f,19,110,108,5808348,5813700,1,162,learn_array_B,location-1,2
17,sjy,f,19,106,108,5818499,5822235,152,162,learn_array_B,location-1,-2
17,sjy,f,19,129,126,5827017,5846773,26,90,learn_array_A,location-2,3
17,sjy,f,19,163,162,5851542,5855645,137,108,learn_array_B,location-2,1
17,sjy,f,19,115,108,5860254,5864171,178,162,learn_array_B,location-1,7
17,sjy,f,19,117,108,5868794,5872555,172,162,learn_array_B,location-1,9
17,sjy,f,19,129,126,5877378,5880844,79,90,learn_array_A,location-2,3
17,sjy,f,19,162,162,5885503,5888651,45,108,learn_array_B,location-2,0
17,sjy,f,19,89,90,5893440,5897247,56,126,learn_array_A,location-1,-1
17,sjy,f,19,122,126,5902004,5905376,10,90,learn_array_A,location-2,-4
17,sjy,f,19,167,162,5909987,5914662,1,108,learn_array_B,location-2,5
17,sjy,f,19,88,90,5919343,5924058,114,126,learn_array_A,location-1,-2
17,sjy,f,19,166,162,5928683,5932490,23,108,learn_array_B,location-2,4
17,sjy,f,19,165,162,5937247,5941255,34,108,learn_array_B,location-2,3
17,sjy,f,19,86,90,5945853,5951027,155,126,learn_array_A,location-1,-4
17,sjy,f,19,128,126,5955674,5959065,119,90,learn_array_A,location-2,2
17,sjy,f,19,103,108,5963777,5968102,75,162,learn_array_B,location-1,-5
17,sjy,f,19,125,126,5972917,5980337,16,90,learn_array_A,location-2,-1
17,sjy,f,19,93,90,5984993,5989469,148,126,learn_array_A,location-1,3
17,sjy,f,19,101,108,5994103,5997794,59,162,learn_array_B,location-1,-7
17,sjy,f,19,98,90,6002406,6004904,13,126,learn_array_A,location-1,8
17,sjy,f,19,165,162,6009625,6014161,117,108,learn_array_B,location-2,3
17,sjy,f,19,91,90,6018966,6023449,60,126,learn_array_A,location-1,1
17,sjy,f,19,101,108,6028268,6033032,90,162,learn_array_B,location-1,-7
17,sjy,f,19,166,162,6037845,6040058,32,108,learn_array_B,location-2,4
17,sjy,f,19,94,90,6044819,6052086,20,126,learn_array_A,location-1,4
17,sjy,f,19,168,162,6056691,6060531,85,108,learn_array_B,location-2,6
17,sjy,f,19,108,108,6065316,6069514,31,162,learn_array_B,location-1,0
17,sjy,f,19,119,126,6074260,6077635,101,90,learn_array_A,location-2,-7
17,sjy,f,19,126,126,6082283,6086761,43,90,learn_array_A,location-2,0
17,sjy,f,19,89,90,6091587,6097213,31,126,learn_array_A,location-1,-1
block
17,sjy,f,19,130,126,6106150,6115584,50,90,learn_array_A,location-2,4
17,sjy,f,19,106,108,6120247,6125651,126,162,learn_array_B,location-1,-2
17,sjy,f,19,110,108,6130343,6134539,19,162,learn_array_B,location-1,2
17,sjy,f,19,123,126,6139341,6150473,157,90,learn_array_A,location-2,-3
17,sjy,f,19,110,108,6155212,6157717,131,162,learn_array_B,location-1,2
17,sjy,f,19,88,90,6162425,6165365,41,126,learn_array_A,location-1,-2
17,sjy,f,19,165,162,6170202,6174260,98,108,learn_array_B,location-2,3
17,sjy,f,19,107,108,6179078,6184075,97,162,learn_array_B,location-1,-1
17,sjy,f,19,106,126,6188845,6194130,173,90,learn_array_A,location-2,-20
17,sjy,f,19,163,162,6198753,6202871,121,108,learn_array_B,location-2,1
17,sjy,f,19,166,162,6207532,6209825,94,108,learn_array_B,location-2,4
17,sjy,f,19,164,162,6214544,6217488,131,108,learn_array_B,location-2,2
17,sjy,f,19,113,108,6222146,6228414,163,162,learn_array_B,location-1,5
17,sjy,f,19,126,126,6233219,6237858,151,90,learn_array_A,location-2,0
17,sjy,f,19,165,162,6242657,6245071,103,108,learn_array_B,location-2,3
17,sjy,f,19,118,108,6249667,6252982,141,162,learn_array_B,location-1,10
17,sjy,f,19,90,90,6257764,6263472,161,126,learn_array_A,location-1,0
17,sjy,f,19,114,108,6268152,6271524,10,162,learn_array_B,location-1,6
17,sjy,f,19,123,126,6276116,6285695,124,90,learn_array_A,location-2,-3
17,sjy,f,19,111,108,6290427,6293878,110,162,learn_array_B,location-1,3
17,sjy,f,19,126,126,6298468,6302877,130,90,learn_array_A,location-2,0
17,sjy,f,19,167,162,6307516,6311811,38,108,learn_array_B,location-2,5
17,sjy,f,19,85,90,6316464,6320582,80,126,learn_array_A,location-1,-5
17,sjy,f,19,88,90,6325351,6330507,140,126,learn_array_A,location-1,-2
17,sjy,f,19,95,90,6335256,6338703,13,126,learn_array_A,location-1,5
17,sjy,f,19,164,162,6343356,6347284,68,108,learn_array_B,location-2,2
17,sjy,f,19,87,90,6351955,6356267,39,126,learn_array_A,location-1,-3
17,sjy,f,19,121,126,6361077,6366578,2,90,learn_array_A,location-2,-5
17,sjy,f,19,92,90,6371312,6375417,49,126,learn_array_A,location-1,2
17,sjy,f,19,88,90,6380209,6383963,81,126,learn_array_A,location-1,-2
17,sjy,f,19,164,162,6388564,6392535,58,108,learn_array_B,location-2,2
17,sjy,f,19,118,126,6397344,6404237,60,90,learn_array_A,location-2,-8
block
17,sjy,f,19,123,126,6410822,6415272,175,90,learn_array_A,location-2,-3
17,sjy,f,19,123,126,6420086,6425666,91,90,learn_array_A,location-2,-3
17,sjy,f,19,165,162,6430318,6434742,56,108,learn_array_B,location-2,3
17,sjy,f,19,106,108,6439451,6442984,51,162,learn_array_B,location-1,-2
17,sjy,f,19,87,90,6447766,6451081,174,126,learn_array_A,location-1,-3
17,sjy,f,19,167,162,6455914,6459866,77,108,learn_array_B,location-2,5
17,sjy,f,19,107,108,6464533,6469177,88,162,learn_array_B,location-1,-1
17,sjy,f,19,161,162,6473946,6475785,105,108,learn_array_B,location-2,-1
17,sjy,f,19,87,90,6480609,6484378,11,126,learn_array_A,location-1,-3
17,sjy,f,19,129,126,6489029,6498967,115,90,learn_array_A,location-2,3
17,sjy,f,19,86,90,6503578,6505940,121,126,learn_array_A,location-1,-4
17,sjy,f,19,101,108,6510532,6516718,99,162,learn_array_B,location-1,-7
17,sjy,f,19,119,108,6521359,6525457,9,162,learn_array_B,location-1,11
17,sjy,f,19,91,90,6530164,6535827,30,126,learn_array_A,location-1,1
17,sjy,f,19,124,126,6540520,6548370,105,90,learn_array_A,location-2,-2
17,sjy,f,19,159,162,6553016,6557006,129,108,learn_array_B,location-2,-3
17,sjy,f,19,130,126,6561829,6565286,22,90,learn_array_A,location-2,4
17,sjy,f,19,158,162,6569932,6572283,45,108,learn_array_B,location-2,-4
17,sjy,f,19,105,108,6576933,6581587,56,162,learn_array_B,location-1,-3
17,sjy,f,19,109,108,6586312,6589472,85,162,learn_array_B,location-1,1
17,sjy,f,19,88,90,6594264,6598733,161,126,learn_array_A,location-1,-2
17,sjy,f,19,103,108,6603385,6606192,75,162,learn_array_B,location-1,-5
17,sjy,f,19,160,162,6610898,6613542,15,108,learn_array_B,location-2,-2
17,sjy,f,19,164,162,6618219,6621174,94,108,learn_array_B,location-2,2
17,sjy,f,19,82,90,6626005,6629604,51,126,learn_array_A,location-1,-8
17,sjy,f,19,92,90,6634213,6637802,74,126,learn_array_A,location-1,2
17,sjy,f,19,87,90,6642600,6646802,70,126,learn_array_A,location-1,-3
17,sjy,f,19,128,126,6651597,6654765,116,90,learn_array_A,location-2,2
17,sjy,f,19,118,126,6659482,6664253,45,90,learn_array_A,location-2,-8
17,sjy,f,19,161,162,6668931,6672988,135,108,learn_array_B,location-2,-1
17,sjy,f,19,119,126,6677579,6681376,174,90,learn_array_A,location-2,-7
17,sjy,f,19,110,108,6686032,6690975,37,162,learn_array_B,location-1,2
block
17,sjy,f,19,109,108,6697606,6704028,7,162,learn_array_B,location-1,1
17,sjy,f,19,92,90,6708696,6713548,6,126,learn_array_A,location-1,2
17,sjy,f,19,92,90,6718214,6721921,21,126,learn_array_A,location-1,2
17,sjy,f,19,163,162,6726693,6730376,25,108,learn_array_B,location-2,1
17,sjy,f,19,95,90,6735156,6739674,150,126,learn_array_A,location-1,5
17,sjy,f,19,127,126,6744431,6749058,43,90,learn_array_A,location-2,1
17,sjy,f,19,109,108,6753799,6757783,67,162,learn_array_B,location-1,1
17,sjy,f,19,122,126,6762481,6768289,177,90,learn_array_A,location-2,-4
17,sjy,f,19,161,162,6772965,6777002,162,108,learn_array_B,location-2,-1
17,sjy,f,19,163,162,6781803,6784676,37,108,learn_array_B,location-2,1
17,sjy,f,19,90,90,6789335,6793994,62,126,learn_array_A,location-1,0
17,sjy,f,19,124,126,6798707,6801933,108,90,learn_array_A,location-2,-2
17,sjy,f,19,164,162,6806604,6811182,136,108,learn_array_B,location-2,2
17,sjy,f,19,88,126,6815972,6818834,54,90,learn_array_A,location-2,-38
17,sjy,f,19,99,108,6823495,6836471,102,162,learn_array_B,location-1,-9
17,sjy,f,19,85,90,6841220,6848354,157,126,learn_array_A,location-1,-5
17,sjy,f,19,125,126,6852973,6860512,28,90,learn_array_A,location-2,-1
17,sjy,f,19,90,90,6865145,6868899,137,126,learn_array_A,location-1,0
17,sjy,f,19,164,162,6873677,6882991,147,108,learn_array_B,location-2,2
17,sjy,f,19,125,126,6887761,6891978,130,90,learn_array_A,location-2,-1
17,sjy,f,19,126,126,6896763,6899924,144,90,learn_array_A,location-2,0
17,sjy,f,19,160,162,6904716,6907082,149,108,learn_array_B,location-2,-2
17,sjy,f,19,124,126,6911771,6917574,43,90,learn_array_A,location-2,-2
17,sjy,f,19,108,108,6922317,6925629,41,162,learn_array_B,location-1,0
17,sjy,f,19,94,90,6930224,6933021,110,126,learn_array_A,location-1,4
17,sjy,f,19,103,108,6937862,6946585,78,162,learn_array_B,location-1,-5
17,sjy,f,19,163,162,6951223,6954328,155,108,learn_array_B,location-2,1
17,sjy,f,19,164,162,6958974,6962507,110,108,learn_array_B,location-2,2
17,sjy,f,19,108,108,6967158,6969958,168,162,learn_array_B,location-1,0
17,sjy,f,19,110,108,6974670,6977894,36,162,learn_array_B,location-1,2
17,sjy,f,19,111,108,6982529,6986131,162,162,learn_array_B,location-1,3
17,sjy,f,19,87,90,6990782,6995045,87,126,learn_array_A,location-1,-3
block
