subj,name,gender,age,col_resp,target_angle,start_time,resp_time,start_angle,other_angle,learn_array,location,d_value
18,waa,f,21,149,162,13294,18258,49,18,learn_array_A,location-1,-13
18,waa,f,21,28,18,23047,24798,55,162,learn_array_A,location-2,10
18,waa,f,21,86,72,29614,33116,126,54,learn_array_B,location-2,14
18,waa,f,21,30,18,37759,41773,48,162,learn_array_A,location-2,12
18,waa,f,21,83,72,46498,49412,91,54,learn_array_B,location-2,11
18,waa,f,21,57,54,54145,59114,52,72,learn_array_B,location-1,3
18,waa,f,21,77,72,63952,66792,44,54,learn_array_B,location-2,5
18,waa,f,21,160,162,71604,76196,85,18,learn_array_A,location-1,-2
18,waa,f,21,81,72,80981,83531,108,54,learn_array_B,location-2,9
18,waa,f,21,161,162,88350,92502,32,18,learn_array_A,location-1,-1
18,waa,f,21,54,54,97140,100853,117,72,learn_array_B,location-1,0
18,waa,f,21,71,72,105655,107771,22,54,learn_array_B,location-2,-1
18,waa,f,21,60,54,112436,115998,13,72,learn_array_B,location-1,6
18,waa,f,21,57,54,120666,124162,151,72,learn_array_B,location-1,3
18,waa,f,21,30,162,128790,131557,133,18,learn_array_A,location-1,48
18,waa,f,21,157,162,136181,140766,17,18,learn_array_A,location-1,-5
18,waa,f,21,16,18,145394,147571,164,162,learn_array_A,location-2,-2
18,waa,f,21,53,54,152184,157270,59,72,learn_array_B,location-1,-1
18,waa,f,21,69,72,162042,166701,59,54,learn_array_B,location-2,-3
18,waa,f,21,22,18,171449,174352,15,162,learn_array_A,location-2,4
18,waa,f,21,60,54,179030,183170,95,72,learn_array_B,location-1,6
18,waa,f,21,60,54,187862,191284,157,72,learn_array_B,location-1,6
18,waa,f,21,68,72,195973,199969,113,54,learn_array_B,location-2,-4
18,waa,f,21,153,162,204675,207142,19,18,learn_array_A,location-1,-9
18,waa,f,21,19,18,211787,214399,8,162,learn_array_A,location-2,1
18,waa,f,21,52,54,219009,223079,142,72,learn_array_B,location-1,-2
18,waa,f,21,18,18,227900,231533,30,162,learn_array_A,location-2,0
18,waa,f,21,17,18,236203,239770,111,162,learn_array_A,location-2,-1
18,waa,f,21,68,72,244400,247672,151,54,learn_array_B,location-2,-4
18,waa,f,21,159,162,252459,255802,64,18,learn_array_A,location-1,-3
18,waa,f,21,158,162,260425,265721,43,18,learn_array_A,location-1,-4
18,waa,f,21,153,18,270390,273730,12,162,learn_array_A,location-2,-45
block,,,,,,,,,,,,
18,waa,f,21,20,18,305291,308340,163,162,learn_array_A,location-2,2
18,waa,f,21,157,162,312935,314822,41,18,learn_array_A,location-1,-5
18,waa,f,21,45,54,319633,322318,8,72,learn_array_B,location-1,-9
18,waa,f,21,64,72,327050,330833,43,54,learn_array_B,location-2,-8
18,waa,f,21,160,162,335595,340680,79,18,learn_array_A,location-1,-2
18,waa,f,21,24,162,345437,351464,50,18,learn_array_A,location-1,42
18,waa,f,21,72,72,356162,359869,102,54,learn_array_B,location-2,0
18,waa,f,21,157,162,364507,368573,138,18,learn_array_A,location-1,-5
18,waa,f,21,51,54,373328,377539,143,72,learn_array_B,location-1,-3
18,waa,f,21,68,72,382248,385875,119,54,learn_array_B,location-2,-4
18,waa,f,21,69,72,390639,393976,104,54,learn_array_B,location-2,-3
18,waa,f,21,20,18,398576,403373,65,162,learn_array_A,location-2,2
18,waa,f,21,74,72,408104,413336,170,54,learn_array_B,location-2,2
18,waa,f,21,13,18,418092,422457,111,162,learn_array_A,location-2,-5
18,waa,f,21,53,54,427210,429539,17,72,learn_array_B,location-1,-1
18,waa,f,21,54,54,434294,441280,81,72,learn_array_B,location-1,0
18,waa,f,21,59,54,446103,449748,38,72,learn_array_B,location-1,5
18,waa,f,21,66,72,454379,462011,137,54,learn_array_B,location-2,-6
18,waa,f,21,153,162,466649,471079,112,18,learn_array_A,location-1,-9
18,waa,f,21,57,54,475678,479307,33,72,learn_array_B,location-1,3
18,waa,f,21,154,162,484134,487189,85,18,learn_array_A,location-1,-8
18,waa,f,21,50,54,491827,498886,95,72,learn_array_B,location-1,-4
18,waa,f,21,18,18,503625,508881,74,162,learn_array_A,location-2,0
18,waa,f,21,157,162,513681,519505,174,18,learn_array_A,location-1,-5
18,waa,f,21,19,18,524206,528202,97,162,learn_array_A,location-2,1
18,waa,f,21,14,72,532950,539714,139,54,learn_array_B,location-2,-58
18,waa,f,21,156,162,544532,550548,31,18,learn_array_A,location-1,-6
18,waa,f,21,69,72,555274,563110,90,54,learn_array_B,location-2,-3
18,waa,f,21,56,54,567715,572004,42,72,learn_array_B,location-1,2
18,waa,f,21,76,18,576810,581033,48,162,learn_array_A,location-2,58
18,waa,f,21,18,18,585863,590593,84,162,learn_array_A,location-2,0
18,waa,f,21,23,18,595338,598759,62,162,learn_array_A,location-2,5
block,,,,,,,,,,,,
18,waa,f,21,55,54,625323,630271,29,72,learn_array_B,location-1,1
18,waa,f,21,156,162,634875,638443,36,18,learn_array_A,location-1,-6
18,waa,f,21,73,72,643072,647074,83,54,learn_array_B,location-2,1
18,waa,f,21,77,72,651846,660930,176,54,learn_array_B,location-2,5
18,waa,f,21,56,162,665529,670760,117,18,learn_array_A,location-1,74
18,waa,f,21,154,162,675575,679000,129,18,learn_array_A,location-1,-8
18,waa,f,21,50,54,683624,686754,12,72,learn_array_B,location-1,-4
18,waa,f,21,19,18,691366,697181,57,162,learn_array_A,location-2,1
18,waa,f,21,157,162,701810,704651,174,18,learn_array_A,location-1,-5
18,waa,f,21,72,72,709305,713523,8,54,learn_array_B,location-2,0
18,waa,f,21,75,72,718287,725416,60,54,learn_array_B,location-2,3
18,waa,f,21,159,162,730197,735079,56,18,learn_array_A,location-1,-3
18,waa,f,21,15,18,739671,743234,3,162,learn_array_A,location-2,-3
18,waa,f,21,159,18,747902,753561,156,162,learn_array_A,location-2,-39
18,waa,f,21,54,54,758309,762599,7,72,learn_array_B,location-1,0
18,waa,f,21,76,72,767240,771383,94,54,learn_array_B,location-2,4
18,waa,f,21,57,54,776206,781078,103,72,learn_array_B,location-1,3
18,waa,f,21,153,18,785806,794454,103,162,learn_array_A,location-2,-45
18,waa,f,21,76,72,799141,806913,167,54,learn_array_B,location-2,4
18,waa,f,21,52,54,811559,823274,143,72,learn_array_B,location-1,-2
18,waa,f,21,14,18,828027,836858,66,162,learn_array_A,location-2,-4
18,waa,f,21,12,18,841621,846126,67,162,learn_array_A,location-2,-6
18,waa,f,21,52,54,850895,854463,160,72,learn_array_B,location-1,-2
18,waa,f,21,74,72,859189,863553,5,54,learn_array_B,location-2,2
18,waa,f,21,51,54,868386,872959,178,72,learn_array_B,location-1,-3
18,waa,f,21,155,162,877782,883390,153,18,learn_array_A,location-1,-7
18,waa,f,21,156,162,888167,891074,166,18,learn_array_A,location-1,-6
18,waa,f,21,18,18,895911,904213,103,162,learn_array_A,location-2,0
18,waa,f,21,86,72,908850,912278,137,54,learn_array_B,location-2,14
18,waa,f,21,161,162,916888,924348,152,18,learn_array_A,location-1,-1
18,waa,f,21,25,18,929007,936293,12,162,learn_array_A,location-2,7
18,waa,f,21,53,54,941014,947282,112,72,learn_array_B,location-1,-1
block,,,,,,,,,,,,
18,waa,f,21,62,72,982219,996254,12,54,learn_array_B,location-2,-10
18,waa,f,21,73,72,1000949,1005603,119,54,learn_array_B,location-2,1
18,waa,f,21,156,162,1010224,1015623,136,18,learn_array_A,location-1,-6
18,waa,f,21,19,72,1020234,1023953,45,54,learn_array_B,location-2,-53
18,waa,f,21,156,18,1028591,1031582,165,162,learn_array_A,location-2,-42
18,waa,f,21,156,162,1036232,1040023,129,18,learn_array_A,location-1,-6
18,waa,f,21,152,162,1044765,1048398,115,18,learn_array_A,location-1,-10
18,waa,f,21,160,18,1053156,1055557,30,162,learn_array_A,location-2,-38
18,waa,f,21,19,18,1060156,1063443,56,162,learn_array_A,location-2,1
18,waa,f,21,55,54,1068057,1070610,111,72,learn_array_B,location-1,1
18,waa,f,21,159,162,1075425,1080164,151,18,learn_array_A,location-1,-3
18,waa,f,21,22,18,1084794,1088220,25,162,learn_array_A,location-2,4
18,waa,f,21,156,162,1092935,1097519,42,18,learn_array_A,location-1,-6
18,waa,f,21,154,162,1102313,1105956,73,18,learn_array_A,location-1,-8
18,waa,f,21,52,54,1110631,1115585,75,72,learn_array_B,location-1,-2
18,waa,f,21,52,54,1120355,1124640,93,72,learn_array_B,location-1,-2
18,waa,f,21,65,72,1129305,1132497,67,54,learn_array_B,location-2,-7
18,waa,f,21,158,162,1137186,1140234,156,18,learn_array_A,location-1,-4
18,waa,f,21,19,18,1144955,1148654,123,162,learn_array_A,location-2,1
18,waa,f,21,50,72,1153304,1157003,10,54,learn_array_B,location-2,-22
18,waa,f,21,71,72,1161730,1164714,68,54,learn_array_B,location-2,-1
18,waa,f,21,64,72,1169533,1173962,103,54,learn_array_B,location-2,-8
18,waa,f,21,22,18,1178778,1183650,14,162,learn_array_A,location-2,4
18,waa,f,21,44,54,1188356,1191768,21,72,learn_array_B,location-1,-10
18,waa,f,21,19,18,1196378,1200956,100,162,learn_array_A,location-2,1
18,waa,f,21,161,162,1205750,1209671,137,18,learn_array_A,location-1,-1
18,waa,f,21,50,54,1214261,1216295,118,72,learn_array_B,location-1,-4
18,waa,f,21,50,54,1221112,1226201,167,72,learn_array_B,location-1,-4
18,waa,f,21,47,54,1230881,1235628,47,72,learn_array_B,location-1,-7
18,waa,f,21,17,18,1240398,1245643,76,162,learn_array_A,location-2,-1
18,waa,f,21,52,72,1250471,1254618,136,54,learn_array_B,location-2,-20
18,waa,f,21,47,54,1259369,1263587,146,72,learn_array_B,location-1,-7
block,,,,,,,,,,,,
18,waa,f,21,155,162,1280683,1283586,177,18,learn_array_A,location-1,-7
18,waa,f,21,70,72,1288370,1291856,110,54,learn_array_B,location-2,-2
18,waa,f,21,47,54,1296465,1299876,130,72,learn_array_B,location-1,-7
18,waa,f,21,52,54,1304680,1309402,87,72,learn_array_B,location-1,-2
18,waa,f,21,153,18,1314073,1316530,103,162,learn_array_A,location-2,-45
18,waa,f,21,68,18,1321204,1326306,64,162,learn_array_A,location-2,50
18,waa,f,21,70,72,1331013,1336694,39,54,learn_array_B,location-2,-2
18,waa,f,21,50,72,1341315,1344306,82,54,learn_array_B,location-2,-22
18,waa,f,21,16,18,1348944,1352594,54,162,learn_array_A,location-2,-2
18,waa,f,21,156,162,1357271,1361998,144,18,learn_array_A,location-1,-6
18,waa,f,21,46,54,1366796,1369410,95,72,learn_array_B,location-1,-8
18,waa,f,21,55,54,1374168,1377940,67,72,learn_array_B,location-1,1
18,waa,f,21,18,18,1382624,1386338,127,162,learn_array_A,location-2,0
18,waa,f,21,68,72,1391159,1394875,29,54,learn_array_B,location-2,-4
18,waa,f,21,68,72,1399710,1405671,19,54,learn_array_B,location-2,-4
18,waa,f,21,54,54,1410415,1414385,163,72,learn_array_B,location-1,0
18,waa,f,21,27,18,1419109,1422317,3,162,learn_array_A,location-2,9
18,waa,f,21,16,18,1426924,1431077,90,162,learn_array_A,location-2,-2
18,waa,f,21,151,162,1435861,1438327,124,18,learn_array_A,location-1,-11
18,waa,f,21,71,72,1442932,1446855,155,54,learn_array_B,location-2,-1
18,waa,f,21,54,54,1451445,1456098,62,72,learn_array_B,location-1,0
18,waa,f,21,70,72,1460770,1468202,10,54,learn_array_B,location-2,-2
18,waa,f,21,153,162,1472886,1475070,109,18,learn_array_A,location-1,-9
18,waa,f,21,19,18,1479755,1482226,70,162,learn_array_A,location-2,1
18,waa,f,21,54,54,1487027,1489139,19,72,learn_array_B,location-1,0
18,waa,f,21,161,162,1493778,1498212,51,18,learn_array_A,location-1,-1
18,waa,f,21,51,54,1502879,1506594,65,72,learn_array_B,location-1,-3
18,waa,f,21,156,162,1511346,1514842,102,18,learn_array_A,location-1,-6
18,waa,f,21,11,18,1519488,1523344,108,162,learn_array_A,location-2,-7
18,waa,f,21,159,162,1528092,1532298,169,18,learn_array_A,location-1,-3
18,waa,f,21,65,72,1537115,1540884,73,54,learn_array_B,location-2,-7
18,waa,f,21,155,162,1545655,1548707,101,18,learn_array_A,location-1,-7
block,,,,,,,,,,,,
18,waa,f,21,52,54,1600843,1604400,67,72,learn_array_B,location-1,-2
18,waa,f,21,69,72,1609186,1618438,173,54,learn_array_B,location-2,-3
18,waa,f,21,159,162,1623201,1625965,45,18,learn_array_A,location-1,-3
18,waa,f,21,160,162,1630747,1635200,142,18,learn_array_A,location-1,-2
18,waa,f,21,17,18,1639899,1644127,157,162,learn_array_A,location-2,-1
18,waa,f,21,51,54,1648870,1651276,50,72,learn_array_B,location-1,-3
18,waa,f,21,67,72,1656027,1659527,102,54,learn_array_B,location-2,-5
18,waa,f,21,70,72,1664262,1669512,36,54,learn_array_B,location-2,-2
18,waa,f,21,14,18,1674148,1678226,173,162,learn_array_A,location-2,-4
18,waa,f,21,47,54,1682987,1686619,135,72,learn_array_B,location-1,-7
18,waa,f,21,70,72,1691399,1696214,0,54,learn_array_B,location-2,-2
18,waa,f,21,21,18,1700936,1705241,179,162,learn_array_A,location-2,3
18,waa,f,21,55,72,1709935,1712628,54,54,learn_array_B,location-2,-17
18,waa,f,21,65,72,1717240,1722694,11,54,learn_array_B,location-2,-7
18,waa,f,21,158,162,1727286,1729982,159,18,learn_array_A,location-1,-4
18,waa,f,21,18,54,1734755,1737882,8,72,learn_array_B,location-1,-36
18,waa,f,21,47,54,1742716,1746796,15,72,learn_array_B,location-1,-7
18,waa,f,21,16,18,1751600,1756554,91,162,learn_array_A,location-2,-2
18,waa,f,21,42,54,1761178,1764671,95,72,learn_array_B,location-1,-12
18,waa,f,21,162,162,1769479,1773336,118,18,learn_array_A,location-1,0
18,waa,f,21,57,54,1778070,1781135,172,72,learn_array_B,location-1,3
18,waa,f,21,69,72,1785835,1790777,119,54,learn_array_B,location-2,-3
18,waa,f,21,71,18,1795474,1799326,12,162,learn_array_A,location-2,53
18,waa,f,21,10,18,1804007,1807934,130,162,learn_array_A,location-2,-8
18,waa,f,21,156,162,1812633,1817731,143,18,learn_array_A,location-1,-6
18,waa,f,21,156,162,1822563,1827144,143,18,learn_array_A,location-1,-6
18,waa,f,21,47,162,1831865,1837030,65,18,learn_array_A,location-1,65
18,waa,f,21,155,18,1841816,1845155,175,162,learn_array_A,location-2,-43
18,waa,f,21,48,54,1849956,1853668,170,72,learn_array_B,location-1,-6
18,waa,f,21,164,162,1858471,1859925,39,18,learn_array_A,location-1,2
18,waa,f,21,68,72,1864691,1868638,98,54,learn_array_B,location-2,-4
18,waa,f,21,74,18,1873281,1877351,72,162,learn_array_A,location-2,56
block,,,,,,,,,,,,
18,waa,f,21,50,54,1924139,1929685,71,72,learn_array_B,location-1,-4
18,waa,f,21,67,72,1934310,1939358,5,54,learn_array_B,location-2,-5
18,waa,f,21,71,18,1943962,1947319,93,162,learn_array_A,location-2,53
18,waa,f,21,13,18,1952034,1957005,120,162,learn_array_A,location-2,-5
18,waa,f,21,12,18,1961842,1967330,136,162,learn_array_A,location-2,-6
18,waa,f,21,48,54,1972117,1977601,142,72,learn_array_B,location-1,-6
18,waa,f,21,154,162,1982269,1989652,45,18,learn_array_A,location-1,-8
18,waa,f,21,160,162,1994278,1998663,20,18,learn_array_A,location-1,-2
18,waa,f,21,161,162,2003465,2007484,89,18,learn_array_A,location-1,-1
18,waa,f,21,150,162,2012085,2015790,106,18,learn_array_A,location-1,-12
18,waa,f,21,159,162,2020535,2024916,6,18,learn_array_A,location-1,-3
18,waa,f,21,18,18,2029576,2033874,117,162,learn_array_A,location-2,0
18,waa,f,21,18,18,2038488,2041241,117,162,learn_array_A,location-2,0
18,waa,f,21,78,72,2046001,2049865,153,54,learn_array_B,location-2,6
18,waa,f,21,56,54,2054463,2058462,154,72,learn_array_B,location-1,2
18,waa,f,21,75,72,2063200,2067864,82,54,learn_array_B,location-2,3
18,waa,f,21,80,72,2072578,2075424,17,54,learn_array_B,location-2,8
18,waa,f,21,73,72,2080255,2084907,1,54,learn_array_B,location-2,1
18,waa,f,21,56,54,2089631,2094223,70,72,learn_array_B,location-1,2
18,waa,f,21,156,162,2098967,2102241,103,18,learn_array_A,location-1,-6
18,waa,f,21,63,72,2107075,2110206,40,54,learn_array_B,location-2,-9
18,waa,f,21,55,162,2114940,2118728,165,18,learn_array_A,location-1,73
18,waa,f,21,51,54,2123551,2126608,119,72,learn_array_B,location-1,-3
18,waa,f,21,20,18,2131266,2137109,78,162,learn_array_A,location-2,2
18,waa,f,21,44,72,2141887,2144432,73,54,learn_array_B,location-2,-28
18,waa,f,21,158,162,2149163,2151792,108,18,learn_array_A,location-1,-4
18,waa,f,21,44,54,2156425,2160789,33,72,learn_array_B,location-1,-10
18,waa,f,21,72,72,2165434,2174317,144,54,learn_array_B,location-2,0
18,waa,f,21,20,18,2179125,2181969,21,162,learn_array_A,location-2,2
18,waa,f,21,50,54,2186591,2190884,167,72,learn_array_B,location-1,-4
18,waa,f,21,48,54,2195607,2199976,29,72,learn_array_B,location-1,-6
18,waa,f,21,68,18,2204713,2209224,163,162,learn_array_A,location-2,50
block,,,,,,,,,,,,
18,waa,f,21,51,54,2234217,2238515,53,72,learn_array_B,location-1,-3
18,waa,f,21,158,162,2243353,2245910,112,18,learn_array_A,location-1,-4
18,waa,f,21,156,162,2250659,2255694,173,18,learn_array_A,location-1,-6
18,waa,f,21,18,18,2260427,2262685,69,162,learn_array_A,location-2,0
18,waa,f,21,54,54,2267458,2269935,153,72,learn_array_B,location-1,0
18,waa,f,21,157,162,2274665,2277215,64,18,learn_array_A,location-1,-5
18,waa,f,21,50,54,2281961,2285967,4,72,learn_array_B,location-1,-4
18,waa,f,21,53,54,2290709,2292964,168,72,learn_array_B,location-1,-1
18,waa,f,21,68,72,2297612,2300532,12,54,learn_array_B,location-2,-4
18,waa,f,21,17,18,2305350,2308197,110,162,learn_array_A,location-2,-1
18,waa,f,21,159,162,2312897,2316469,173,18,learn_array_A,location-1,-3
18,waa,f,21,22,18,2321298,2323709,163,162,learn_array_A,location-2,4
18,waa,f,21,17,18,2328474,2331250,87,162,learn_array_A,location-2,-1
18,waa,f,21,14,18,2336007,2339858,121,162,learn_array_A,location-2,-4
18,waa,f,21,68,72,2344655,2350699,141,54,learn_array_B,location-2,-4
18,waa,f,21,69,72,2355397,2359624,88,54,learn_array_B,location-2,-3
18,waa,f,21,55,54,2364234,2368380,66,72,learn_array_B,location-1,1
18,waa,f,21,157,18,2373068,2374964,28,162,learn_array_A,location-2,-41
18,waa,f,21,18,18,2379724,2383147,52,162,learn_array_A,location-2,0
18,waa,f,21,53,54,2387882,2391009,143,72,learn_array_B,location-1,-1
18,waa,f,21,157,162,2395713,2398561,127,18,learn_array_A,location-1,-5
18,waa,f,21,22,18,2403238,2405426,35,162,learn_array_A,location-2,4
18,waa,f,21,68,72,2410060,2413190,60,54,learn_array_B,location-2,-4
18,waa,f,21,158,54,2417898,2421758,48,72,learn_array_B,location-1,-76
18,waa,f,21,50,54,2426486,2428450,132,72,learn_array_B,location-1,-4
18,waa,f,21,160,162,2433107,2436315,163,18,learn_array_A,location-1,-2
18,waa,f,21,75,72,2441000,2446031,38,54,learn_array_B,location-2,3
18,waa,f,21,67,72,2450696,2455359,133,54,learn_array_B,location-2,-5
18,waa,f,21,157,162,2460139,2462614,76,18,learn_array_A,location-1,-5
18,waa,f,21,157,162,2467397,2470161,1,18,learn_array_A,location-1,-5
18,waa,f,21,75,72,2474905,2477954,86,54,learn_array_B,location-2,3
18,waa,f,21,69,72,2482733,2487453,97,54,learn_array_B,location-2,-3
block,,,,,,,,,,,,
18,waa,f,21,157,18,2511851,2515433,101,162,learn_array_A,location-2,-41
18,waa,f,21,72,72,2520063,2523716,28,54,learn_array_B,location-2,0
18,waa,f,21,54,54,2528496,2531265,101,72,learn_array_B,location-1,0
18,waa,f,21,49,54,2536021,2538270,106,72,learn_array_B,location-1,-5
18,waa,f,21,52,54,2543092,2548200,43,72,learn_array_B,location-1,-2
18,waa,f,21,20,18,2552879,2557395,15,162,learn_array_A,location-2,2
18,waa,f,21,67,72,2562058,2568243,90,54,learn_array_B,location-2,-5
18,waa,f,21,161,162,2572938,2575704,56,18,learn_array_A,location-1,-1
18,waa,f,21,53,72,2580534,2584470,100,54,learn_array_B,location-2,-19
18,waa,f,21,49,72,2589070,2592854,74,54,learn_array_B,location-2,-23
18,waa,f,21,162,162,2597494,2601000,27,18,learn_array_A,location-1,0
18,waa,f,21,158,162,2605629,2608902,175,18,learn_array_A,location-1,-4
18,waa,f,21,50,54,2613560,2616826,101,72,learn_array_B,location-1,-4
18,waa,f,21,50,54,2621466,2623279,109,72,learn_array_B,location-1,-4
18,waa,f,21,157,162,2628019,2629758,4,18,learn_array_A,location-1,-5
18,waa,f,21,15,18,2634363,2636255,72,162,learn_array_A,location-2,-3
18,waa,f,21,162,162,2641056,2644336,149,18,learn_array_A,location-1,0
18,waa,f,21,44,54,2649066,2651248,141,72,learn_array_B,location-1,-10
18,waa,f,21,163,162,2656025,2658424,163,18,learn_array_A,location-1,1
18,waa,f,21,17,18,2663160,2665926,26,162,learn_array_A,location-2,-1
18,waa,f,21,18,18,2670567,2673409,6,162,learn_array_A,location-2,0
18,waa,f,21,75,72,2678212,2680470,110,54,learn_array_B,location-2,3
18,waa,f,21,67,72,2685157,2687928,62,54,learn_array_B,location-2,-5
18,waa,f,21,158,162,2692751,2695006,146,18,learn_array_A,location-1,-4
18,waa,f,21,48,72,2699737,2702585,176,54,learn_array_B,location-2,-24
18,waa,f,21,75,72,2707211,2709108,59,54,learn_array_B,location-2,3
18,waa,f,21,53,54,2713740,2717532,143,72,learn_array_B,location-1,-1
18,waa,f,21,56,54,2722357,2724681,142,72,learn_array_B,location-1,2
18,waa,f,21,154,18,2729498,2731177,88,162,learn_array_A,location-2,-44
18,waa,f,21,18,18,2735818,2738584,66,162,learn_array_A,location-2,0
18,waa,f,21,24,18,2743391,2745357,46,162,learn_array_A,location-2,6
18,waa,f,21,163,162,2750190,2755790,111,18,learn_array_A,location-1,1
block,,,,,,,,,,,,
18,waa,f,21,56,72,2784667,2788887,175,54,learn_array_B,location-2,-16
18,waa,f,21,22,18,2793659,2797815,144,162,learn_array_A,location-2,4
18,waa,f,21,78,72,2802546,2805250,122,54,learn_array_B,location-2,6
18,waa,f,21,18,18,2809992,2814074,122,162,learn_array_A,location-2,0
18,waa,f,21,52,54,2818734,2821061,118,72,learn_array_B,location-1,-2
18,waa,f,21,157,162,2825893,2828731,65,18,learn_array_A,location-1,-5
18,waa,f,21,52,54,2833419,2836108,22,72,learn_array_B,location-1,-2
18,waa,f,21,71,72,2840943,2843416,120,54,learn_array_B,location-2,-1
18,waa,f,21,15,18,2848170,2850502,83,162,learn_array_A,location-2,-3
18,waa,f,21,17,18,2855254,2858168,104,162,learn_array_A,location-2,-1
18,waa,f,21,19,18,2862946,2865277,61,162,learn_array_A,location-2,1
18,waa,f,21,69,72,2870028,2873233,19,54,learn_array_B,location-2,-3
18,waa,f,21,51,54,2878016,2880640,150,72,learn_array_B,location-1,-3
18,waa,f,21,161,162,2885284,2887979,84,18,learn_array_A,location-1,-1
18,waa,f,21,158,162,2892606,2895008,121,18,learn_array_A,location-1,-4
18,waa,f,21,161,162,2899805,2903660,45,18,learn_array_A,location-1,-1
18,waa,f,21,19,18,2908337,2911900,159,162,learn_array_A,location-2,1
18,waa,f,21,161,162,2916572,2921086,17,18,learn_array_A,location-1,-1
18,waa,f,21,66,72,2925761,2928752,22,54,learn_array_B,location-2,-6
18,waa,f,21,155,162,2933366,2936209,152,18,learn_array_A,location-1,-7
18,waa,f,21,52,72,2940872,2943998,27,54,learn_array_B,location-2,-20
18,waa,f,21,53,54,2948744,2951872,147,72,learn_array_B,location-1,-1
18,waa,f,21,50,54,2956644,2960801,62,72,learn_array_B,location-1,-4
18,waa,f,21,23,18,2965460,2968889,149,162,learn_array_A,location-2,5
18,waa,f,21,71,72,2973544,2975587,42,54,learn_array_B,location-2,-1
18,waa,f,21,153,162,2980306,2982202,117,18,learn_array_A,location-1,-9
18,waa,f,21,52,54,2986921,2989322,164,72,learn_array_B,location-1,-2
18,waa,f,21,51,54,2993962,2996290,37,72,learn_array_B,location-1,-3
18,waa,f,21,48,54,3001085,3002976,177,72,learn_array_B,location-1,-6
18,waa,f,21,17,18,3007683,3010519,43,162,learn_array_A,location-2,-1
18,waa,f,21,68,72,3015252,3017217,55,54,learn_array_B,location-2,-4
18,waa,f,21,155,162,3021881,3023193,93,18,learn_array_A,location-1,-7
block,,,,,,,,,,,,
18,waa,f,21,73,72,3052843,3055312,159,54,learn_array_B,location-2,1
18,waa,f,21,57,54,3059950,3063454,150,72,learn_array_B,location-1,3
18,waa,f,21,71,72,3068241,3070293,171,54,learn_array_B,location-2,-1
18,waa,f,21,17,18,3075042,3078686,67,162,learn_array_A,location-2,-1
18,waa,f,21,51,54,3083392,3084706,159,72,learn_array_B,location-1,-3
18,waa,f,21,72,18,3089434,3092565,111,162,learn_array_A,location-2,54
18,waa,f,21,49,54,3097172,3103989,123,72,learn_array_B,location-1,-5
18,waa,f,21,67,72,3108743,3110420,118,54,learn_array_B,location-2,-5
18,waa,f,21,154,162,3115018,3116765,94,18,learn_array_A,location-1,-8
18,waa,f,21,163,162,3121481,3126931,8,18,learn_array_A,location-1,1
18,waa,f,21,159,162,3131546,3134388,137,18,learn_array_A,location-1,-3
18,waa,f,21,16,18,3139001,3140678,18,162,learn_array_A,location-2,-2
18,waa,f,21,50,54,3145504,3147617,137,72,learn_array_B,location-1,-4
18,waa,f,21,154,162,3152251,3155378,62,18,learn_array_A,location-1,-8
18,waa,f,21,14,18,3160075,3163420,104,162,learn_array_A,location-2,-4
18,waa,f,21,13,18,3168110,3169786,30,162,learn_array_A,location-2,-5
18,waa,f,21,66,72,3174502,3177340,102,54,learn_array_B,location-2,-6
18,waa,f,21,154,18,3182037,3183639,12,162,learn_array_A,location-2,-44
18,waa,f,21,152,162,3188239,3191006,137,18,learn_array_A,location-1,-10
18,waa,f,21,58,54,3195773,3197374,33,72,learn_array_B,location-1,4
18,waa,f,21,58,54,3202020,3203838,48,72,learn_array_B,location-1,4
18,waa,f,21,159,162,3208515,3210548,142,18,learn_array_A,location-1,-3
18,waa,f,21,12,18,3215186,3217656,124,162,learn_array_A,location-2,-6
18,waa,f,21,160,162,3222266,3225906,123,18,learn_array_A,location-1,-2
18,waa,f,21,69,72,3230628,3233551,140,54,learn_array_B,location-2,-3
18,waa,f,21,160,162,3238222,3240556,110,18,learn_array_A,location-1,-2
18,waa,f,21,62,72,3245208,3248202,115,54,learn_array_B,location-2,-10
18,waa,f,21,156,18,3252828,3254723,124,162,learn_array_A,location-2,-42
18,waa,f,21,54,72,3259328,3262964,67,54,learn_array_B,location-2,-18
18,waa,f,21,58,54,3267623,3270028,170,72,learn_array_B,location-1,4
18,waa,f,21,67,72,3274808,3277501,141,54,learn_array_B,location-2,-5
18,waa,f,21,57,54,3282296,3286442,67,72,learn_array_B,location-1,3
block,,,,,,,,,,,,
18,waa,f,21,155,18,3304442,3308084,77,162,learn_array_A,location-2,-43
18,waa,f,21,161,162,3312689,3315313,171,18,learn_array_A,location-1,-1
18,waa,f,21,48,54,3320011,3322408,122,72,learn_array_B,location-1,-6
18,waa,f,21,65,72,3327051,3330908,58,54,learn_array_B,location-2,-7
18,waa,f,21,162,18,3335625,3338611,85,162,learn_array_A,location-2,-36
18,waa,f,21,156,162,3343312,3346225,138,18,learn_array_A,location-1,-6
18,waa,f,21,16,18,3350824,3353445,116,162,learn_array_A,location-2,-2
18,waa,f,21,48,54,3358201,3360754,171,72,learn_array_B,location-1,-6
18,waa,f,21,67,72,3365517,3371612,0,54,learn_array_B,location-2,-5
18,waa,f,21,70,72,3376244,3379451,32,54,learn_array_B,location-2,-2
18,waa,f,21,155,162,3384125,3387188,146,18,learn_array_A,location-1,-7
18,waa,f,21,49,54,3391919,3393453,121,72,learn_array_B,location-1,-5
18,waa,f,21,162,18,3398157,3401725,154,162,learn_array_A,location-2,-36
18,waa,f,21,52,72,3406316,3409007,165,54,learn_array_B,location-2,-20
18,waa,f,21,55,54,3413748,3418631,68,72,learn_array_B,location-1,1
18,waa,f,21,158,18,3423409,3426249,64,162,learn_array_A,location-2,-40
18,waa,f,21,52,54,3430842,3434564,114,72,learn_array_B,location-1,-2
18,waa,f,21,51,54,3439357,3441098,115,72,learn_array_B,location-1,-3
18,waa,f,21,156,162,3445853,3448771,33,18,learn_array_A,location-1,-6
18,waa,f,21,55,54,3453372,3456499,136,72,learn_array_B,location-1,1
18,waa,f,21,16,18,3461149,3465295,145,162,learn_array_A,location-2,-2
18,waa,f,21,77,72,3470119,3474855,61,54,learn_array_B,location-2,5
18,waa,f,21,51,72,3479538,3480990,100,54,learn_array_B,location-2,-21
18,waa,f,21,53,54,3485585,3488635,57,72,learn_array_B,location-1,-1
18,waa,f,21,159,162,3493336,3495011,170,18,learn_array_A,location-1,-3
18,waa,f,21,20,18,3499637,3501971,156,162,learn_array_A,location-2,2
18,waa,f,21,46,72,3506765,3508662,137,54,learn_array_B,location-2,-26
18,waa,f,21,162,162,3513318,3516163,121,18,learn_array_A,location-1,0
18,waa,f,21,15,18,3520805,3523863,153,162,learn_array_A,location-2,-3
18,waa,f,21,158,162,3528523,3532458,59,18,learn_array_A,location-1,-4
18,waa,f,21,46,72,3537068,3539756,19,54,learn_array_B,location-2,-26
18,waa,f,21,159,162,3544400,3546580,127,18,learn_array_A,location-1,-3
block,,,,,,,,,,,,
18,waa,f,21,16,18,3564859,3567325,156,162,learn_array_A,location-2,-2
18,waa,f,21,155,162,3572150,3574336,120,18,learn_array_A,location-1,-7
18,waa,f,21,163,162,3579048,3587801,75,18,learn_array_A,location-1,1
18,waa,f,21,17,18,3592525,3595077,131,162,learn_array_A,location-2,-1
18,waa,f,21,72,72,3599786,3602409,162,54,learn_array_B,location-2,0
18,waa,f,21,66,72,3607181,3614175,79,54,learn_array_B,location-2,-6
18,waa,f,21,50,54,3618966,3623836,111,72,learn_array_B,location-1,-4
18,waa,f,21,71,72,3628645,3630679,165,54,learn_array_B,location-2,-1
18,waa,f,21,160,162,3635489,3638546,166,18,learn_array_A,location-1,-2
18,waa,f,21,54,54,3643174,3647032,68,72,learn_array_B,location-1,0
18,waa,f,21,159,18,3651822,3656119,167,162,learn_array_A,location-2,-39
18,waa,f,21,161,162,3660778,3663187,102,18,learn_array_A,location-1,-1
18,waa,f,21,66,72,3667821,3671024,82,54,learn_array_B,location-2,-6
18,waa,f,21,64,72,3675840,3679986,99,54,learn_array_B,location-2,-8
18,waa,f,21,53,54,3684747,3688459,149,72,learn_array_B,location-1,-1
18,waa,f,21,48,54,3693138,3696777,31,72,learn_array_B,location-1,-6
18,waa,f,21,52,162,3701555,3703811,159,18,learn_array_A,location-1,70
18,waa,f,21,20,18,3708522,3711360,3,162,learn_array_A,location-2,2
18,waa,f,21,67,72,3716153,3718848,99,54,learn_array_B,location-2,-5
18,waa,f,21,57,54,3723572,3729674,64,72,learn_array_B,location-1,3
18,waa,f,21,68,72,3734338,3738846,95,54,learn_array_B,location-2,-4
18,waa,f,21,18,18,3743544,3748127,47,162,learn_array_A,location-2,0
18,waa,f,21,163,162,3752901,3755159,177,18,learn_array_A,location-1,1
18,waa,f,21,23,18,3759749,3761935,119,162,learn_array_A,location-2,5
18,waa,f,21,54,54,3766562,3769686,56,72,learn_array_B,location-1,0
18,waa,f,21,53,54,3774281,3777556,73,72,learn_array_B,location-1,-1
18,waa,f,21,163,162,3782271,3785904,139,18,learn_array_A,location-1,1
18,waa,f,21,22,18,3790549,3792801,90,162,learn_array_A,location-2,4
18,waa,f,21,160,18,3797526,3801314,159,162,learn_array_A,location-2,-38
18,waa,f,21,54,72,3805997,3808544,56,54,learn_array_B,location-2,-18
18,waa,f,21,159,162,3813269,3816989,171,18,learn_array_A,location-1,-3
18,waa,f,21,55,54,3821824,3825398,35,72,learn_array_B,location-1,1
block,,,,,,,,,,,,
18,waa,f,21,19,18,3857595,3861011,9,162,learn_array_A,location-2,1
18,waa,f,21,74,72,3865812,3869163,23,54,learn_array_B,location-2,2
18,waa,f,21,70,72,3873768,3877921,130,54,learn_array_B,location-2,-2
18,waa,f,21,69,72,3882755,3885956,178,54,learn_array_B,location-2,-3
18,waa,f,21,63,72,3890677,3895338,142,54,learn_array_B,location-2,-9
18,waa,f,21,51,54,3900053,3902443,160,72,learn_array_B,location-1,-3
18,waa,f,21,65,72,3907168,3911240,173,54,learn_array_B,location-2,-7
18,waa,f,21,150,18,3915947,3918858,99,162,learn_array_A,location-2,-48
18,waa,f,21,159,162,3923540,3928632,152,18,learn_array_A,location-1,-3
18,waa,f,21,14,18,3933444,3936507,60,162,learn_array_A,location-2,-4
18,waa,f,21,165,162,3941240,3945032,4,18,learn_array_A,location-1,3
18,waa,f,21,14,18,3949768,3951738,81,162,learn_array_A,location-2,-4
18,waa,f,21,52,72,3956542,3960408,93,54,learn_array_B,location-2,-20
18,waa,f,21,160,18,3965062,3967399,78,162,learn_array_A,location-2,-38
18,waa,f,21,49,54,3972150,3974701,56,72,learn_array_B,location-1,-5
18,waa,f,21,14,18,3979470,3981801,157,162,learn_array_A,location-2,-4
18,waa,f,21,67,72,3986396,3991422,140,54,learn_array_B,location-2,-5
18,waa,f,21,49,54,3996226,4003552,153,72,learn_array_B,location-1,-5
18,waa,f,21,159,162,4008176,4012824,123,18,learn_array_A,location-1,-3
18,waa,f,21,161,162,4017539,4020373,35,18,learn_array_A,location-1,-1
18,waa,f,21,158,162,4025121,4028301,42,18,learn_array_A,location-1,-4
18,waa,f,21,52,54,4033090,4036518,42,72,learn_array_B,location-1,-2
18,waa,f,21,51,72,4041206,4046066,32,54,learn_array_B,location-2,-21
18,waa,f,21,160,162,4050697,4053540,140,18,learn_array_A,location-1,-2
18,waa,f,21,12,18,4058252,4060869,144,162,learn_array_A,location-2,-6
18,waa,f,21,164,162,4065696,4068102,71,18,learn_array_A,location-1,2
18,waa,f,21,55,54,4072709,4075254,165,72,learn_array_B,location-1,1
18,waa,f,21,56,54,4079900,4086965,163,72,learn_array_B,location-1,2
18,waa,f,21,52,54,4091584,4094053,46,72,learn_array_B,location-1,-2
18,waa,f,21,51,54,4098836,4103046,10,72,learn_array_B,location-1,-3
18,waa,f,21,155,162,4107662,4110357,168,18,learn_array_A,location-1,-7
18,waa,f,21,19,18,4115165,4117496,91,162,learn_array_A,location-2,1
block,,,,,,,,,,,,
18,waa,f,21,163,162,4136443,4138402,171,18,learn_array_A,location-1,1
18,waa,f,21,16,18,4143003,4147654,19,162,learn_array_A,location-2,-2
18,waa,f,21,47,54,4152451,4155718,16,72,learn_array_B,location-1,-7
18,waa,f,21,68,72,4160433,4166532,44,54,learn_array_B,location-2,-4
18,waa,f,21,159,162,4171124,4175055,30,18,learn_array_A,location-1,-3
18,waa,f,21,159,162,4179809,4183967,75,18,learn_array_A,location-1,-3
18,waa,f,21,62,72,4188677,4193914,27,54,learn_array_B,location-2,-10
18,waa,f,21,11,18,4198714,4201121,165,162,learn_array_A,location-2,-7
18,waa,f,21,163,54,4205713,4208765,40,72,learn_array_B,location-1,-71
18,waa,f,21,162,18,4213561,4215603,116,162,learn_array_A,location-2,-36
18,waa,f,21,54,54,4220271,4223615,11,72,learn_array_B,location-1,0
18,waa,f,21,53,54,4228213,4230544,146,72,learn_array_B,location-1,-1
18,waa,f,21,161,162,4235190,4238974,162,18,learn_array_A,location-1,-1
18,waa,f,21,160,54,4243800,4247213,129,72,learn_array_B,location-1,-74
18,waa,f,21,23,18,4251908,4254822,42,162,learn_array_A,location-2,5
18,waa,f,21,47,54,4259623,4265669,114,72,learn_array_B,location-1,-7
18,waa,f,21,162,162,4270266,4273100,170,18,learn_array_A,location-1,0
18,waa,f,21,50,54,4277832,4281915,153,72,learn_array_B,location-1,-4
18,waa,f,21,68,72,4286634,4292534,177,54,learn_array_B,location-2,-4
18,waa,f,21,64,72,4297230,4300944,63,54,learn_array_B,location-2,-8
18,waa,f,21,163,162,4305556,4307740,100,18,learn_array_A,location-1,1
18,waa,f,21,52,72,4312578,4317748,109,54,learn_array_B,location-2,-20
18,waa,f,21,20,18,4322385,4326685,9,162,learn_array_A,location-2,2
18,waa,f,21,162,162,4331465,4333429,12,18,learn_array_A,location-1,0
18,waa,f,21,49,54,4338044,4342702,101,72,learn_array_B,location-1,-5
18,waa,f,21,160,162,4347388,4350078,178,18,learn_array_A,location-1,-2
18,waa,f,21,70,72,4354762,4357170,159,54,learn_array_B,location-2,-2
18,waa,f,21,160,18,4361867,4365632,69,162,learn_array_A,location-2,-38
18,waa,f,21,64,72,4370383,4373007,94,54,learn_array_B,location-2,-8
18,waa,f,21,15,18,4377609,4379718,100,162,learn_array_A,location-2,-3
18,waa,f,21,159,18,4384462,4387305,28,162,learn_array_A,location-2,-39
18,waa,f,21,53,72,4391910,4395847,34,54,learn_array_B,location-2,-19
block,,,,,,,,,,,,
18,waa,f,21,50,54,4423785,4426037,70,72,learn_array_B,location-1,-4
18,waa,f,21,160,162,4430875,4433574,52,18,learn_array_A,location-1,-2
18,waa,f,21,51,54,4438272,4441628,44,72,learn_array_B,location-1,-3
18,waa,f,21,156,54,4446438,4451831,100,72,learn_array_B,location-1,-78
18,waa,f,21,51,72,4456649,4458547,132,54,learn_array_B,location-2,-21
18,waa,f,21,156,162,4463313,4466304,99,18,learn_array_A,location-1,-6
18,waa,f,21,18,18,4471021,4472919,36,162,learn_array_A,location-2,0
18,waa,f,21,158,162,4477709,4480680,77,18,learn_array_A,location-1,-4
18,waa,f,21,158,18,4485416,4486576,77,162,learn_array_A,location-2,-40
18,waa,f,21,12,162,4491232,4492758,48,18,learn_array_A,location-1,30
18,waa,f,21,65,72,4497405,4501759,4,54,learn_array_B,location-2,-7
18,waa,f,21,16,18,4506400,4510480,127,162,learn_array_A,location-2,-2
18,waa,f,21,4,72,4515290,4517824,139,54,learn_array_B,location-2,-68
18,waa,f,21,71,72,4522607,4526020,11,54,learn_array_B,location-2,-1
18,waa,f,21,50,54,4530849,4532591,36,72,learn_array_B,location-1,-4
18,waa,f,21,162,18,4537226,4540787,47,162,learn_array_A,location-2,-36
18,waa,f,21,65,72,4545577,4550667,62,54,learn_array_B,location-2,-7
18,waa,f,21,15,18,4555401,4560582,4,162,learn_array_A,location-2,-3
18,waa,f,21,161,162,4565198,4568540,171,18,learn_array_A,location-1,-1
18,waa,f,21,17,18,4573354,4577150,151,162,learn_array_A,location-2,-1
18,waa,f,21,51,54,4581806,4583986,144,72,learn_array_B,location-1,-3
18,waa,f,21,15,18,4588584,4590622,31,162,learn_array_A,location-2,-3
18,waa,f,21,50,54,4595391,4598218,173,72,learn_array_B,location-1,-4
18,waa,f,21,166,162,4602917,4605605,53,18,learn_array_A,location-1,4
18,waa,f,21,63,72,4610283,4615009,50,54,learn_array_B,location-2,-9
18,waa,f,21,57,72,4619826,4622373,109,54,learn_array_B,location-2,-15
18,waa,f,21,13,18,4627139,4631210,15,162,learn_array_A,location-2,-5
18,waa,f,21,55,54,4635959,4638509,27,72,learn_array_B,location-1,1
18,waa,f,21,160,162,4643117,4645889,103,18,learn_array_A,location-1,-2
18,waa,f,21,160,162,4650675,4655767,13,18,learn_array_A,location-1,-2
18,waa,f,21,51,54,4660369,4665405,69,72,learn_array_B,location-1,-3
18,waa,f,21,51,72,4670062,4673114,47,54,learn_array_B,location-2,-21
block,,,,,,,,,,,,
18,waa,f,21,161,162,4702747,4706832,139,18,learn_array_A,location-1,-1
18,waa,f,21,158,162,4711583,4714494,159,18,learn_array_A,location-1,-4
18,waa,f,21,55,54,4719193,4724455,113,72,learn_array_B,location-1,1
18,waa,f,21,56,54,4729175,4732742,45,72,learn_array_B,location-1,2
18,waa,f,21,21,18,4737520,4740734,137,162,learn_array_A,location-2,3
18,waa,f,21,55,54,4745497,4749204,53,72,learn_array_B,location-1,1
18,waa,f,21,56,54,4753849,4759395,38,72,learn_array_B,location-1,2
18,waa,f,21,68,72,4764087,4767214,25,54,learn_array_B,location-2,-4
18,waa,f,21,19,18,4772053,4774384,22,162,learn_array_A,location-2,1
18,waa,f,21,50,72,4779064,4786924,122,54,learn_array_B,location-2,-22
18,waa,f,21,15,18,4791736,4794203,159,162,learn_array_A,location-2,-3
18,waa,f,21,54,54,4799015,4802007,73,72,learn_array_B,location-1,0
18,waa,f,21,165,162,4806812,4810082,79,18,learn_array_A,location-1,3
18,waa,f,21,18,18,4814755,4817587,119,162,learn_array_A,location-2,0
18,waa,f,21,157,162,4822222,4823978,45,18,learn_array_A,location-1,-5
18,waa,f,21,53,54,4828605,4833114,38,72,learn_array_B,location-1,-1
18,waa,f,21,69,72,4837795,4841080,146,54,learn_array_B,location-2,-3
18,waa,f,21,54,54,4845879,4849509,156,72,learn_array_B,location-1,0
18,waa,f,21,163,18,4854335,4856236,157,162,learn_array_A,location-2,-35
18,waa,f,21,161,162,4860933,4863928,80,18,learn_array_A,location-1,-1
18,waa,f,21,160,162,4868598,4871506,22,18,learn_array_A,location-1,-2
18,waa,f,21,164,162,4876342,4878397,139,18,learn_array_A,location-1,2
18,waa,f,21,17,18,4883202,4886120,5,162,learn_array_A,location-2,-1
18,waa,f,21,49,72,4890734,4893063,110,54,learn_array_B,location-2,-23
18,waa,f,21,52,72,4897817,4902544,134,54,learn_array_B,location-2,-20
18,waa,f,21,18,18,4907345,4912505,62,162,learn_array_A,location-2,0
18,waa,f,21,72,72,4917246,4919864,1,54,learn_array_B,location-2,0
18,waa,f,21,15,18,4924607,4927519,18,162,learn_array_A,location-2,-3
18,waa,f,21,47,72,4932199,4934092,19,54,learn_array_B,location-2,-25
18,waa,f,21,161,162,4938838,4942205,85,18,learn_array_A,location-1,-1
18,waa,f,21,53,54,4946816,4951479,115,72,learn_array_B,location-1,-1
18,waa,f,21,66,72,4956283,4960653,74,54,learn_array_B,location-2,-6
block,,,,,,,,,,,,
18,waa,f,21,67,72,4989819,4994137,22,54,learn_array_B,location-2,-5
18,waa,f,21,68,72,4998846,5001109,69,54,learn_array_B,location-2,-4
18,waa,f,21,61,54,5005769,5008476,138,72,learn_array_B,location-1,7
18,waa,f,21,23,18,5013171,5016592,177,162,learn_array_A,location-2,5
18,waa,f,21,56,54,5021406,5025061,179,72,learn_array_B,location-1,2
18,waa,f,21,58,54,5029778,5033998,127,72,learn_array_B,location-1,4
18,waa,f,21,165,162,5038732,5041894,7,18,learn_array_A,location-1,3
18,waa,f,21,160,162,5046662,5049503,94,18,learn_array_A,location-1,-2
18,waa,f,21,18,18,5054235,5056197,68,162,learn_array_A,location-2,0
18,waa,f,21,163,162,5060809,5063433,152,18,learn_array_A,location-1,1
18,waa,f,21,163,18,5068122,5070972,85,162,learn_array_A,location-2,-35
18,waa,f,21,13,18,5075566,5078264,12,162,learn_array_A,location-2,-5
18,waa,f,21,52,54,5083010,5088369,129,72,learn_array_B,location-1,-2
18,waa,f,21,163,162,5092995,5096720,159,18,learn_array_A,location-1,1
18,waa,f,21,58,162,5101418,5105840,46,18,learn_array_A,location-1,76
18,waa,f,21,57,54,5110652,5113563,36,72,learn_array_B,location-1,3
18,waa,f,21,14,72,5118379,5123892,102,54,learn_array_B,location-2,-58
18,waa,f,21,56,54,5128556,5132703,87,72,learn_array_B,location-1,2
18,waa,f,21,69,72,5137294,5140069,20,54,learn_array_B,location-2,-3
18,waa,f,21,65,72,5144737,5148089,121,54,learn_array_B,location-2,-7
18,waa,f,21,56,162,5152873,5157754,47,18,learn_array_A,location-1,74
18,waa,f,21,160,162,5162531,5165012,62,18,learn_array_A,location-1,-2
18,waa,f,21,24,18,5169752,5174133,156,162,learn_array_A,location-2,6
18,waa,f,21,161,162,5178928,5181263,175,18,learn_array_A,location-1,-1
18,waa,f,21,48,72,5186032,5190025,158,54,learn_array_B,location-2,-24
18,waa,f,21,52,54,5194728,5198080,139,72,learn_array_B,location-1,-2
18,waa,f,21,67,72,5202828,5206389,125,54,learn_array_B,location-2,-5
18,waa,f,21,67,72,5211210,5214945,48,54,learn_array_B,location-2,-5
18,waa,f,21,59,54,5219534,5223604,31,72,learn_array_B,location-1,5
18,waa,f,21,166,18,5228231,5230851,76,162,learn_array_A,location-2,-32
18,waa,f,21,12,18,5235653,5239290,133,162,learn_array_A,location-2,-6
18,waa,f,21,19,18,5244045,5247045,51,162,learn_array_A,location-2,1
block,,,,,,,,,,,,
18,waa,f,21,159,162,5287435,5289766,139,18,learn_array_A,location-1,-3
18,waa,f,21,17,18,5294561,5296089,69,162,learn_array_A,location-2,-1
18,waa,f,21,52,72,5300839,5305639,10,54,learn_array_B,location-2,-20
18,waa,f,21,50,54,5310445,5314434,11,72,learn_array_B,location-1,-4
18,waa,f,21,61,54,5319256,5321806,127,72,learn_array_B,location-1,7
18,waa,f,21,64,72,5326534,5329873,77,54,learn_array_B,location-2,-8
18,waa,f,21,157,162,5334630,5336877,164,18,learn_array_A,location-1,-5
18,waa,f,21,57,54,5341635,5346410,79,72,learn_array_B,location-1,3
18,waa,f,21,56,54,5351234,5357154,139,72,learn_array_B,location-1,2
18,waa,f,21,160,18,5361949,5364124,44,162,learn_array_A,location-2,-38
18,waa,f,21,168,162,5368718,5371412,27,18,learn_array_A,location-1,6
18,waa,f,21,22,18,5376221,5379210,35,162,learn_array_A,location-2,4
18,waa,f,21,162,18,5384000,5386108,23,162,learn_array_A,location-2,-36
18,waa,f,21,53,54,5390878,5394791,58,72,learn_array_B,location-1,-1
18,waa,f,21,66,72,5399481,5404126,159,54,learn_array_B,location-2,-6
18,waa,f,21,67,72,5408785,5412926,103,54,learn_array_B,location-2,-5
18,waa,f,21,19,18,5417737,5420721,47,162,learn_array_A,location-2,1
18,waa,f,21,74,72,5425339,5429715,52,54,learn_array_B,location-2,2
18,waa,f,21,157,162,5434459,5436707,157,18,learn_array_A,location-1,-5
18,waa,f,21,58,54,5441494,5448668,148,72,learn_array_B,location-1,4
18,waa,f,21,58,54,5453454,5456577,134,72,learn_array_B,location-1,4
18,waa,f,21,55,54,5461233,5464427,29,72,learn_array_B,location-1,1
18,waa,f,21,65,72,5469018,5472739,116,54,learn_array_B,location-2,-7
18,waa,f,21,66,72,5477412,5480540,28,54,learn_array_B,location-2,-6
18,waa,f,21,67,72,5485336,5490873,17,54,learn_array_B,location-2,-5
18,waa,f,21,159,162,5495674,5499084,111,18,learn_array_A,location-1,-3
18,waa,f,21,25,18,5503777,5508693,21,162,learn_array_A,location-2,7
18,waa,f,21,161,162,5513365,5517858,57,18,learn_array_A,location-1,-1
18,waa,f,21,14,18,5522637,5525843,124,162,learn_array_A,location-2,-4
18,waa,f,21,159,162,5530453,5532566,80,18,learn_array_A,location-1,-3
18,waa,f,21,16,18,5537314,5539277,59,162,learn_array_A,location-2,-2
18,waa,f,21,163,162,5543951,5548237,74,18,learn_array_A,location-1,1
block,,,,,,,,,,,,
18,waa,f,21,163,162,5573115,5575303,160,18,learn_array_A,location-1,1
18,waa,f,21,51,54,5579980,5584638,7,72,learn_array_B,location-1,-3
18,waa,f,21,67,72,5589443,5594170,42,54,learn_array_B,location-2,-5
18,waa,f,21,59,72,5598833,5602254,158,54,learn_array_B,location-2,-13
18,waa,f,21,75,72,5606967,5609735,9,54,learn_array_B,location-2,3
18,waa,f,21,160,162,5614570,5617558,159,18,learn_array_A,location-1,-2
18,waa,f,21,15,72,5622233,5625212,74,54,learn_array_B,location-2,-57
18,waa,f,21,163,162,5630032,5633164,39,18,learn_array_A,location-1,1
18,waa,f,21,17,18,5637940,5640914,64,162,learn_array_A,location-2,-1
18,waa,f,21,58,54,5645591,5648930,3,72,learn_array_B,location-1,4
18,waa,f,21,67,72,5653641,5656918,124,54,learn_array_B,location-2,-5
18,waa,f,21,52,54,5661640,5665494,20,72,learn_array_B,location-1,-2
18,waa,f,21,21,18,5670178,5674560,39,162,learn_array_A,location-2,3
18,waa,f,21,159,162,5679279,5683414,127,18,learn_array_A,location-1,-3
18,waa,f,21,64,72,5688177,5693405,149,54,learn_array_B,location-2,-8
18,waa,f,21,68,72,5698199,5701030,141,54,learn_array_B,location-2,-4
18,waa,f,21,162,162,5705697,5709113,21,18,learn_array_A,location-1,0
18,waa,f,21,56,54,5713810,5719985,170,72,learn_array_B,location-1,2
18,waa,f,21,165,18,5724809,5726845,159,162,learn_array_A,location-2,-33
18,waa,f,21,45,54,5731651,5734775,172,72,learn_array_B,location-1,-9
18,waa,f,21,50,54,5739558,5743851,48,72,learn_array_B,location-1,-4
18,waa,f,21,13,18,5748662,5749895,129,162,learn_array_A,location-2,-5
18,waa,f,21,159,162,5754605,5756571,160,18,learn_array_A,location-1,-3
18,waa,f,21,54,54,5761258,5764677,177,72,learn_array_B,location-1,0
18,waa,f,21,18,18,5769471,5771800,52,162,learn_array_A,location-2,0
18,waa,f,21,55,54,5776459,5778860,156,72,learn_array_B,location-1,1
18,waa,f,21,163,162,5783581,5787747,152,18,learn_array_A,location-1,1
18,waa,f,21,23,18,5792512,5797090,34,162,learn_array_A,location-2,5
18,waa,f,21,13,18,5801688,5803221,175,162,learn_array_A,location-2,-5
18,waa,f,21,167,162,5807823,5811825,49,18,learn_array_A,location-1,5
18,waa,f,21,49,18,5816574,5818024,156,162,learn_array_A,location-2,31
18,waa,f,21,72,72,5822699,5825690,45,54,learn_array_B,location-2,0
block,,,,,,,,,,,,
