subj,name,gender,age,col_resp,target_angle,start_time,resp_time,start_angle,other_angle,learn_array,location,d_value
19,zrj,f,21,123,126,14383,16885,30,144,learn_array_A,location-1,-3
19,zrj,f,21,64,54,21486,23534,61,0,learn_array_B,location-1,10
19,zrj,f,21,10,0,28320,31185,58,54,learn_array_B,location-2,10
19,zrj,f,21,118,144,35797,37565,70,126,learn_array_A,location-2,-26
19,zrj,f,21,10,0,42334,43506,169,54,learn_array_B,location-2,10
19,zrj,f,21,53,54,48191,50021,130,0,learn_array_B,location-1,-1
19,zrj,f,21,53,54,54779,58452,153,0,learn_array_B,location-1,-1
19,zrj,f,21,124,126,63269,66871,5,144,learn_array_A,location-1,-2
19,zrj,f,21,59,54,71511,73342,79,0,learn_array_B,location-1,5
19,zrj,f,21,128,126,78118,80389,119,144,learn_array_A,location-1,2
19,zrj,f,21,55,0,85183,86791,162,54,learn_array_B,location-2,55
19,zrj,f,21,128,126,91586,92755,140,144,learn_array_A,location-1,2
19,zrj,f,21,150,144,97529,99942,128,126,learn_array_A,location-2,6
19,zrj,f,21,13,0,104671,107373,86,54,learn_array_B,location-2,13
19,zrj,f,21,152,144,112093,113993,146,126,learn_array_A,location-2,8
19,zrj,f,21,155,144,118684,121472,85,126,learn_array_A,location-2,11
19,zrj,f,21,11,0,126153,129595,109,54,learn_array_B,location-2,11
19,zrj,f,21,123,126,134349,137121,33,144,learn_array_A,location-1,-3
19,zrj,f,21,14,0,141714,145213,96,54,learn_array_B,location-2,14
19,zrj,f,21,56,0,149943,152421,49,54,learn_array_B,location-2,56
19,zrj,f,21,59,54,157054,159613,47,0,learn_array_B,location-1,5
19,zrj,f,21,154,144,164337,168361,63,126,learn_array_A,location-2,10
19,zrj,f,21,49,54,173163,175797,84,0,learn_array_B,location-1,-5
19,zrj,f,21,13,0,180479,182598,3,54,learn_array_B,location-2,13
19,zrj,f,21,128,126,187342,188808,5,144,learn_array_A,location-1,2
19,zrj,f,21,153,144,193499,195405,66,126,learn_array_A,location-2,9
19,zrj,f,21,124,126,200156,202059,138,144,learn_array_A,location-1,-2
19,zrj,f,21,127,126,206677,209906,50,144,learn_array_A,location-1,1
19,zrj,f,21,150,144,214634,216240,45,126,learn_array_A,location-2,6
19,zrj,f,21,60,54,221008,222686,129,0,learn_array_B,location-1,6
19,zrj,f,21,57,54,227508,229921,50,0,learn_array_B,location-1,3
19,zrj,f,21,154,144,234749,236656,159,126,learn_array_A,location-2,10
block,,,,,,,,,,,,
19,zrj,f,21,124,126,258636,260613,16,144,learn_array_A,location-1,-2
19,zrj,f,21,151,144,265218,266681,8,126,learn_array_A,location-2,7
19,zrj,f,21,131,126,271417,273400,4,144,learn_array_A,location-1,5
19,zrj,f,21,147,126,278044,279878,38,144,learn_array_A,location-1,21
19,zrj,f,21,3,0,284692,287036,142,54,learn_array_B,location-2,3
19,zrj,f,21,55,54,291649,293620,9,0,learn_array_B,location-1,1
19,zrj,f,21,55,54,298288,299966,42,0,learn_array_B,location-1,1
19,zrj,f,21,118,126,304687,306009,98,144,learn_array_A,location-1,-8
19,zrj,f,21,153,144,310733,312641,62,126,learn_array_A,location-2,9
19,zrj,f,21,53,54,317243,319223,119,0,learn_array_B,location-1,-1
19,zrj,f,21,121,126,323963,325056,17,144,learn_array_A,location-1,-5
19,zrj,f,21,159,144,329742,331428,73,126,learn_array_A,location-2,15
19,zrj,f,21,117,126,336062,338040,52,144,learn_array_A,location-1,-9
19,zrj,f,21,156,0,342850,344611,131,54,learn_array_B,location-2,-24
19,zrj,f,21,177,144,349369,351056,178,126,learn_array_A,location-2,33
19,zrj,f,21,8,0,355665,357422,96,54,learn_array_B,location-2,8
19,zrj,f,21,162,144,362089,364590,69,126,learn_array_A,location-2,18
19,zrj,f,21,138,144,369303,372019,168,126,learn_array_A,location-2,-6
19,zrj,f,21,169,54,376623,377934,150,0,learn_array_B,location-1,-65
19,zrj,f,21,53,54,382669,385077,2,0,learn_array_B,location-1,-1
19,zrj,f,21,54,54,389732,392006,153,0,learn_array_B,location-1,0
19,zrj,f,21,159,144,396690,398595,131,126,learn_array_A,location-2,15
19,zrj,f,21,156,144,403315,406532,24,126,learn_array_A,location-2,12
19,zrj,f,21,118,126,411314,412483,50,144,learn_array_A,location-1,-8
19,zrj,f,21,179,0,417093,418555,176,54,learn_array_B,location-2,-1
19,zrj,f,21,53,54,423336,426124,106,0,learn_array_B,location-1,-1
19,zrj,f,21,179,0,430917,432672,26,54,learn_array_B,location-2,-1
19,zrj,f,21,52,54,437415,439981,4,0,learn_array_B,location-1,-2
19,zrj,f,21,6,0,444586,446934,52,54,learn_array_B,location-2,6
19,zrj,f,21,109,126,451744,453644,57,144,learn_array_A,location-1,-17
19,zrj,f,21,0,0,458235,462396,70,54,learn_array_B,location-2,0
19,zrj,f,21,11,0,467113,468647,116,54,learn_array_B,location-2,11
block,,,,,,,,,,,,
19,zrj,f,21,59,54,475403,477382,50,0,learn_array_B,location-1,5
19,zrj,f,21,125,126,481975,484314,112,144,learn_array_A,location-1,-1
19,zrj,f,21,151,144,488946,492242,68,126,learn_array_A,location-2,7
19,zrj,f,21,134,54,496921,499044,29,0,learn_array_B,location-1,80
19,zrj,f,21,155,144,503841,506606,45,126,learn_array_A,location-2,11
19,zrj,f,21,5,0,511285,515321,12,54,learn_array_B,location-2,5
19,zrj,f,21,57,54,519946,522143,29,0,learn_array_B,location-1,3
19,zrj,f,21,6,144,526865,531473,6,126,learn_array_A,location-2,42
19,zrj,f,21,155,144,536235,538282,80,126,learn_array_A,location-2,11
19,zrj,f,21,124,126,542924,544607,72,144,learn_array_A,location-1,-2
19,zrj,f,21,120,126,549301,551646,78,144,learn_array_A,location-1,-6
19,zrj,f,21,142,126,556347,558107,16,144,learn_array_A,location-1,16
19,zrj,f,21,123,126,562716,564318,55,144,learn_array_A,location-1,-3
19,zrj,f,21,56,0,569037,571170,151,54,learn_array_B,location-2,56
19,zrj,f,21,126,126,575805,578151,113,144,learn_array_A,location-1,0
19,zrj,f,21,63,54,582939,584473,88,0,learn_array_B,location-1,9
19,zrj,f,21,21,0,589198,591473,45,54,learn_array_B,location-2,21
19,zrj,f,21,62,54,596203,598031,57,0,learn_array_B,location-1,8
19,zrj,f,21,18,0,602760,604223,115,54,learn_array_B,location-2,18
19,zrj,f,21,59,54,608902,610435,56,0,learn_array_B,location-1,5
19,zrj,f,21,157,144,615206,617254,110,126,learn_array_A,location-2,13
19,zrj,f,21,115,126,621867,624126,80,144,learn_array_A,location-1,-11
19,zrj,f,21,159,0,628887,633129,96,54,learn_array_B,location-2,-21
19,zrj,f,21,151,144,637934,641075,100,126,learn_array_A,location-2,7
19,zrj,f,21,148,144,645725,647907,118,126,learn_array_A,location-2,4
19,zrj,f,21,7,0,652723,654413,80,54,learn_array_B,location-2,7
19,zrj,f,21,140,126,659106,662237,45,144,learn_array_A,location-1,14
19,zrj,f,21,10,0,667003,669995,132,54,learn_array_B,location-2,10
19,zrj,f,21,53,54,674610,675774,78,0,learn_array_B,location-1,-1
19,zrj,f,21,8,0,680535,681335,128,54,learn_array_B,location-2,8
19,zrj,f,21,154,144,686079,688127,85,126,learn_array_A,location-2,10
19,zrj,f,21,117,54,692900,694946,49,0,learn_array_B,location-1,63
block,,,,,,,,,,,,
19,zrj,f,21,12,0,701051,703470,29,54,learn_array_B,location-2,12
19,zrj,f,21,49,54,708295,710939,153,0,learn_array_B,location-1,-5
19,zrj,f,21,115,126,715681,716849,55,144,learn_array_A,location-1,-11
19,zrj,f,21,50,54,721668,722981,135,0,learn_array_B,location-1,-4
19,zrj,f,21,179,0,727771,729231,22,54,learn_array_B,location-2,-1
19,zrj,f,21,48,54,733943,736287,54,0,learn_array_B,location-1,-6
19,zrj,f,21,119,126,740947,745193,177,144,learn_array_A,location-1,-7
19,zrj,f,21,123,126,749827,751645,98,144,learn_array_A,location-1,-3
19,zrj,f,21,0,0,756385,758578,33,54,learn_array_B,location-2,0
19,zrj,f,21,155,144,763289,765124,29,126,learn_array_A,location-2,11
19,zrj,f,21,57,54,769743,771504,164,0,learn_array_B,location-1,3
19,zrj,f,21,132,144,776197,778987,29,126,learn_array_A,location-2,-12
19,zrj,f,21,132,126,783667,785273,146,144,learn_array_A,location-1,6
19,zrj,f,21,68,54,789927,791459,16,0,learn_array_B,location-1,14
19,zrj,f,21,132,144,796204,797518,80,126,learn_array_A,location-2,-12
19,zrj,f,21,9,0,802167,804438,24,54,learn_array_B,location-2,9
19,zrj,f,21,158,144,809182,811233,158,126,learn_array_A,location-2,14
19,zrj,f,21,158,144,816030,817420,147,126,learn_array_A,location-2,14
19,zrj,f,21,152,144,822036,823932,101,126,learn_array_A,location-2,8
19,zrj,f,21,12,0,828663,829533,69,54,learn_array_B,location-2,12
19,zrj,f,21,131,126,834184,835497,103,144,learn_array_A,location-1,5
19,zrj,f,21,52,54,840223,841973,52,0,learn_array_B,location-1,-2
19,zrj,f,21,7,0,846691,848734,30,54,learn_array_B,location-2,7
19,zrj,f,21,125,126,853463,854485,123,144,learn_array_A,location-1,-1
19,zrj,f,21,46,54,859231,860830,166,0,learn_array_B,location-1,-8
19,zrj,f,21,157,144,865516,867119,53,126,learn_array_A,location-2,13
19,zrj,f,21,161,0,871750,872619,49,54,learn_array_B,location-2,-19
19,zrj,f,21,127,126,877228,879496,169,144,learn_array_A,location-1,1
19,zrj,f,21,16,0,884287,885969,36,54,learn_array_B,location-2,16
19,zrj,f,21,52,54,890762,894273,122,0,learn_array_B,location-1,-2
19,zrj,f,21,124,126,899028,901286,0,144,learn_array_A,location-1,-2
19,zrj,f,21,151,144,906050,907659,111,126,learn_array_A,location-2,7
block,,,,,,,,,,,,
19,zrj,f,21,127,0,914108,915712,13,54,learn_array_B,location-2,-53
19,zrj,f,21,126,126,920410,921651,134,144,learn_array_A,location-1,0
19,zrj,f,21,64,54,926308,929088,6,0,learn_array_B,location-1,10
19,zrj,f,21,65,54,933722,936282,116,0,learn_array_B,location-1,11
19,zrj,f,21,152,144,940966,943452,31,126,learn_array_A,location-2,8
19,zrj,f,21,151,144,948157,949696,131,126,learn_array_A,location-2,7
19,zrj,f,21,12,0,954311,956805,105,54,learn_array_B,location-2,12
19,zrj,f,21,114,126,961415,962881,67,144,learn_array_A,location-1,-12
19,zrj,f,21,147,144,967615,969075,148,126,learn_array_A,location-2,3
19,zrj,f,21,159,144,973857,975462,98,126,learn_array_A,location-2,15
19,zrj,f,21,110,126,980133,981673,90,144,learn_array_A,location-1,-16
19,zrj,f,21,89,54,986269,987509,168,0,learn_array_B,location-1,35
19,zrj,f,21,119,126,992141,994116,61,144,learn_array_A,location-1,-7
19,zrj,f,21,17,0,998723,1001144,116,54,learn_array_B,location-2,17
19,zrj,f,21,125,126,1005863,1007103,135,144,learn_array_A,location-1,-1
19,zrj,f,21,22,0,1011731,1013267,117,54,learn_array_B,location-2,22
19,zrj,f,21,147,144,1018039,1020739,49,126,learn_array_A,location-2,3
19,zrj,f,21,16,0,1025472,1029358,106,54,learn_array_B,location-2,16
19,zrj,f,21,159,144,1034098,1036661,92,126,learn_array_A,location-2,15
19,zrj,f,21,19,54,1041487,1042954,160,0,learn_array_B,location-1,-35
19,zrj,f,21,10,0,1047599,1049783,42,54,learn_array_B,location-2,10
19,zrj,f,21,121,126,1054385,1055774,16,144,learn_array_A,location-1,-5
19,zrj,f,21,58,54,1060371,1061698,69,0,learn_array_B,location-1,4
19,zrj,f,21,17,0,1066419,1069627,131,54,learn_array_B,location-2,17
19,zrj,f,21,157,144,1074223,1076568,94,126,learn_array_A,location-2,13
19,zrj,f,21,56,54,1081173,1083671,13,0,learn_array_B,location-1,2
19,zrj,f,21,50,54,1088405,1090012,29,0,learn_array_B,location-1,-4
19,zrj,f,21,151,144,1094731,1098554,46,126,learn_array_A,location-2,7
19,zrj,f,21,122,126,1103204,1105547,54,144,learn_array_A,location-1,-4
19,zrj,f,21,75,54,1110177,1113544,35,0,learn_array_B,location-1,21
19,zrj,f,21,125,126,1118250,1120810,64,144,learn_array_A,location-1,-1
19,zrj,f,21,16,0,1125583,1128304,106,54,learn_array_B,location-2,16
block,,,,,,,,,,,,
19,zrj,f,21,134,126,1134428,1136404,98,144,learn_array_A,location-1,8
19,zrj,f,21,56,54,1141208,1144290,68,0,learn_array_B,location-1,2
19,zrj,f,21,2,0,1148890,1151071,137,54,learn_array_B,location-2,2
19,zrj,f,21,57,54,1155696,1157027,154,0,learn_array_B,location-1,3
19,zrj,f,21,156,144,1161623,1163672,95,126,learn_array_A,location-2,12
19,zrj,f,21,164,144,1168348,1170042,20,126,learn_array_A,location-2,20
19,zrj,f,21,52,54,1174633,1175877,73,0,learn_array_B,location-1,-2
19,zrj,f,21,178,0,1180647,1181748,21,54,learn_array_B,location-2,-2
19,zrj,f,21,65,54,1186471,1189037,175,0,learn_array_B,location-1,11
19,zrj,f,21,158,144,1193739,1195285,67,126,learn_array_A,location-2,14
19,zrj,f,21,151,144,1200056,1201306,105,126,learn_array_A,location-2,7
19,zrj,f,21,8,0,1205946,1206903,127,54,learn_array_B,location-2,8
19,zrj,f,21,158,144,1211529,1213790,132,126,learn_array_A,location-2,14
19,zrj,f,21,132,126,1218528,1220144,121,144,learn_array_A,location-1,6
19,zrj,f,21,65,54,1224838,1227337,159,0,learn_array_B,location-1,11
19,zrj,f,21,14,0,1232107,1233795,68,54,learn_array_B,location-2,14
19,zrj,f,21,19,0,1238551,1240087,69,54,learn_array_B,location-2,19
19,zrj,f,21,25,0,1244846,1246975,26,54,learn_array_B,location-2,25
19,zrj,f,21,57,54,1251658,1253414,103,0,learn_array_B,location-1,3
19,zrj,f,21,154,144,1258056,1259814,61,126,learn_array_A,location-2,10
19,zrj,f,21,117,126,1264453,1266064,58,144,learn_array_A,location-1,-9
19,zrj,f,21,125,126,1270846,1272239,123,144,learn_array_A,location-1,-1
19,zrj,f,21,56,54,1276987,1278527,156,0,learn_array_B,location-1,2
19,zrj,f,21,58,54,1283176,1284349,49,0,learn_array_B,location-1,4
19,zrj,f,21,6,0,1289163,1290846,79,54,learn_array_B,location-2,6
19,zrj,f,21,125,126,1295507,1297122,124,144,learn_array_A,location-1,-1
19,zrj,f,21,160,144,1301805,1303490,58,126,learn_array_A,location-2,16
19,zrj,f,21,120,126,1308243,1310005,89,144,learn_array_A,location-1,-6
19,zrj,f,21,166,144,1314771,1315876,116,126,learn_array_A,location-2,22
19,zrj,f,21,148,126,1320577,1321598,157,144,learn_array_A,location-1,22
19,zrj,f,21,27,0,1326354,1327308,153,54,learn_array_B,location-2,27
19,zrj,f,21,127,126,1331956,1333419,165,144,learn_array_A,location-1,1
block,,,,,,,,,,,,
19,zrj,f,21,149,144,1340108,1342676,47,126,learn_array_A,location-2,5
19,zrj,f,21,58,54,1347377,1348626,63,0,learn_array_B,location-1,4
19,zrj,f,21,131,126,1353241,1356036,41,144,learn_array_A,location-1,5
19,zrj,f,21,148,126,1360762,1362666,130,144,learn_array_A,location-1,22
19,zrj,f,21,70,54,1367429,1368600,67,0,learn_array_B,location-1,16
19,zrj,f,21,149,144,1373272,1376581,73,126,learn_array_A,location-2,5
19,zrj,f,21,15,0,1381412,1384723,76,54,learn_array_B,location-2,15
19,zrj,f,21,55,54,1389446,1391127,152,0,learn_array_B,location-1,1
19,zrj,f,21,1,0,1395723,1397332,176,54,learn_array_B,location-2,1
19,zrj,f,21,152,144,1402053,1403803,126,126,learn_array_A,location-2,8
19,zrj,f,21,53,54,1408590,1412343,137,0,learn_array_B,location-1,-1
19,zrj,f,21,128,126,1417151,1418616,104,144,learn_array_A,location-1,2
19,zrj,f,21,12,0,1423435,1424456,155,54,learn_array_B,location-2,12
19,zrj,f,21,154,144,1429162,1430849,107,126,learn_array_A,location-2,10
19,zrj,f,21,43,54,1435524,1437053,174,0,learn_array_B,location-1,-11
19,zrj,f,21,174,0,1441723,1449274,51,54,learn_array_B,location-2,-6
19,zrj,f,21,125,126,1453934,1455910,33,144,learn_array_A,location-1,-1
19,zrj,f,21,128,126,1460543,1463253,20,144,learn_array_A,location-1,2
19,zrj,f,21,138,126,1468039,1469429,0,144,learn_array_A,location-1,12
19,zrj,f,21,152,126,1474211,1475742,172,144,learn_array_A,location-1,26
19,zrj,f,21,74,54,1480561,1482241,176,0,learn_array_B,location-1,20
19,zrj,f,21,155,144,1487034,1489823,112,126,learn_array_A,location-2,11
19,zrj,f,21,55,54,1494600,1495917,33,0,learn_array_B,location-1,1
19,zrj,f,21,5,0,1500735,1504976,60,54,learn_array_B,location-2,5
19,zrj,f,21,177,0,1509805,1511561,83,54,learn_array_B,location-2,-3
19,zrj,f,21,155,144,1516325,1517932,151,126,learn_array_A,location-2,11
19,zrj,f,21,155,144,1522561,1525404,142,126,learn_array_A,location-2,11
19,zrj,f,21,130,126,1530052,1531286,166,144,learn_array_A,location-1,4
19,zrj,f,21,60,54,1535962,1537794,27,0,learn_array_B,location-1,6
19,zrj,f,21,7,0,1542566,1548926,108,54,learn_array_B,location-2,7
19,zrj,f,21,15,0,1553633,1558229,93,54,learn_array_B,location-2,15
19,zrj,f,21,157,144,1563021,1564706,78,126,learn_array_A,location-2,13
block,,,,,,,,,,,,
19,zrj,f,21,54,54,1570747,1572506,120,0,learn_array_B,location-1,0
19,zrj,f,21,158,144,1577237,1578339,44,126,learn_array_A,location-2,14
19,zrj,f,21,62,54,1582941,1584258,51,0,learn_array_B,location-1,8
19,zrj,f,21,13,0,1589018,1590043,139,54,learn_array_B,location-2,13
19,zrj,f,21,160,144,1594875,1596854,53,126,learn_array_A,location-2,16
19,zrj,f,21,35,0,1601577,1604434,150,54,learn_array_B,location-2,35
19,zrj,f,21,120,126,1609157,1610836,48,144,learn_array_A,location-1,-6
19,zrj,f,21,17,0,1615578,1617483,68,54,learn_array_B,location-2,17
19,zrj,f,21,11,0,1622299,1623615,165,54,learn_array_B,location-2,11
19,zrj,f,21,120,126,1628432,1630341,100,144,learn_array_A,location-1,-6
19,zrj,f,21,52,54,1635044,1636437,103,0,learn_array_B,location-1,-2
19,zrj,f,21,127,126,1641169,1642561,149,144,learn_array_A,location-1,1
19,zrj,f,21,128,126,1647202,1649099,20,144,learn_array_A,location-1,2
19,zrj,f,21,2,0,1653772,1657806,16,54,learn_array_B,location-2,2
19,zrj,f,21,56,54,1662571,1664910,52,0,learn_array_B,location-1,2
19,zrj,f,21,54,54,1669625,1670719,47,0,learn_array_B,location-1,0
19,zrj,f,21,158,144,1675361,1677190,66,126,learn_array_A,location-2,14
19,zrj,f,21,14,0,1681875,1689172,178,54,learn_array_B,location-2,14
19,zrj,f,21,9,0,1693983,1695295,126,54,learn_array_B,location-2,9
19,zrj,f,21,61,54,1700080,1702053,39,0,learn_array_B,location-1,7
19,zrj,f,21,154,144,1706809,1707833,6,126,learn_array_A,location-2,10
19,zrj,f,21,152,144,1712495,1713962,136,126,learn_array_A,location-2,8
19,zrj,f,21,134,126,1718567,1720830,124,144,learn_array_A,location-1,8
19,zrj,f,21,118,54,1725649,1727046,65,0,learn_array_B,location-1,64
19,zrj,f,21,117,126,1731715,1733990,177,144,learn_array_A,location-1,-9
19,zrj,f,21,47,54,1738654,1740339,109,0,learn_array_B,location-1,-7
19,zrj,f,21,147,144,1745008,1747213,56,126,learn_array_A,location-2,3
19,zrj,f,21,129,126,1752037,1753503,135,144,learn_array_A,location-1,3
19,zrj,f,21,158,144,1758296,1759907,31,126,learn_array_A,location-2,14
19,zrj,f,21,154,144,1764518,1766210,98,126,learn_array_A,location-2,10
19,zrj,f,21,11,0,1770975,1774266,61,54,learn_array_B,location-2,11
19,zrj,f,21,140,126,1779101,1780644,100,144,learn_array_A,location-1,14
block,,,,,,,,,,,,
19,zrj,f,21,58,54,1787227,1790958,3,0,learn_array_B,location-1,4
19,zrj,f,21,120,126,1795760,1797811,76,144,learn_array_A,location-1,-6
19,zrj,f,21,55,54,1802648,1803740,91,0,learn_array_B,location-1,1
19,zrj,f,21,160,144,1808364,1810197,92,126,learn_array_A,location-2,16
19,zrj,f,21,62,54,1815033,1817529,106,0,learn_array_B,location-1,8
19,zrj,f,21,126,126,1822271,1823884,147,144,learn_array_A,location-1,0
19,zrj,f,21,56,54,1828647,1830917,43,0,learn_array_B,location-1,2
19,zrj,f,21,57,54,1835569,1837113,25,0,learn_array_B,location-1,3
19,zrj,f,21,150,144,1841889,1843353,2,126,learn_array_A,location-2,6
19,zrj,f,21,58,54,1848155,1850060,140,0,learn_array_B,location-1,4
19,zrj,f,21,129,54,1854882,1856423,93,0,learn_array_B,location-1,75
19,zrj,f,21,147,144,1861114,1863462,117,126,learn_array_A,location-2,3
19,zrj,f,21,6,0,1868086,1871747,167,54,learn_array_B,location-2,6
19,zrj,f,21,110,126,1876519,1878565,104,144,learn_array_A,location-1,-16
19,zrj,f,21,118,144,1883199,1885332,113,126,learn_array_A,location-2,-26
19,zrj,f,21,21,0,1889930,1892488,138,54,learn_array_B,location-2,21
19,zrj,f,21,158,144,1897241,1899435,161,126,learn_array_A,location-2,14
19,zrj,f,21,155,144,1904108,1905428,116,126,learn_array_A,location-2,11
19,zrj,f,21,160,144,1910059,1911295,110,126,learn_array_A,location-2,16
19,zrj,f,21,163,144,1915950,1917490,53,126,learn_array_A,location-2,19
19,zrj,f,21,175,0,1922210,1923894,66,54,learn_array_B,location-2,-5
19,zrj,f,21,10,0,1928579,1930634,18,54,learn_array_B,location-2,10
19,zrj,f,21,12,0,1935301,1936617,95,54,learn_array_B,location-2,12
19,zrj,f,21,59,54,1941219,1943048,173,0,learn_array_B,location-1,5
19,zrj,f,21,8,0,1947659,1948673,47,54,learn_array_B,location-2,8
19,zrj,f,21,109,126,1953322,1955007,90,144,learn_array_A,location-1,-17
19,zrj,f,21,123,126,1959606,1961219,130,144,learn_array_A,location-1,-3
19,zrj,f,21,117,126,1965881,1967272,105,144,learn_array_A,location-1,-9
19,zrj,f,21,10,0,1971961,1974604,30,54,learn_array_B,location-2,10
19,zrj,f,21,3,0,1979261,1979987,42,54,learn_array_B,location-2,3
19,zrj,f,21,113,126,1984603,1986356,55,144,learn_array_A,location-1,-13
19,zrj,f,21,111,126,1991154,1992245,66,144,learn_array_A,location-1,-15
block,,,,,,,,,,,,
19,zrj,f,21,120,126,1998444,1999832,119,144,learn_array_A,location-1,-6
19,zrj,f,21,159,126,2004605,2005552,101,144,learn_array_A,location-1,33
19,zrj,f,21,158,144,2010331,2011496,65,126,learn_array_A,location-2,14
19,zrj,f,21,161,144,2016090,2017256,89,126,learn_array_A,location-2,17
19,zrj,f,21,113,126,2022017,2023620,109,144,learn_array_A,location-1,-13
19,zrj,f,21,50,54,2028357,2031079,128,0,learn_array_B,location-1,-4
19,zrj,f,21,152,144,2035670,2037720,80,126,learn_array_A,location-2,8
19,zrj,f,21,121,126,2042385,2043480,134,144,learn_array_A,location-1,-5
19,zrj,f,21,162,144,2048189,2049804,1,126,learn_array_A,location-2,18
19,zrj,f,21,65,54,2054429,2055894,79,0,learn_array_B,location-1,11
19,zrj,f,21,127,126,2060709,2062625,128,144,learn_array_A,location-1,1
19,zrj,f,21,153,144,2067337,2070417,150,126,learn_array_A,location-2,9
19,zrj,f,21,23,0,2075238,2077508,78,54,learn_array_B,location-2,23
19,zrj,f,21,57,54,2082112,2084605,73,0,learn_array_B,location-1,3
19,zrj,f,21,52,54,2089334,2091822,132,0,learn_array_B,location-1,-2
19,zrj,f,21,149,144,2096507,2098337,114,126,learn_array_A,location-2,5
19,zrj,f,21,156,0,2103084,2104479,27,54,learn_array_B,location-2,-24
19,zrj,f,21,137,126,2109216,2111492,115,144,learn_array_A,location-1,11
19,zrj,f,21,57,54,2116174,2118226,156,0,learn_array_B,location-1,3
19,zrj,f,21,125,126,2122930,2124617,77,144,learn_array_A,location-1,-1
19,zrj,f,21,8,0,2129266,2134340,33,54,learn_array_B,location-2,8
19,zrj,f,21,5,0,2138957,2140266,36,54,learn_array_B,location-2,5
19,zrj,f,21,18,0,2145033,2146649,118,54,learn_array_B,location-2,18
19,zrj,f,21,163,144,2151389,2153437,74,126,learn_array_A,location-2,19
19,zrj,f,21,54,54,2158084,2161388,77,0,learn_array_B,location-1,0
19,zrj,f,21,11,0,2165987,2168403,105,54,learn_array_B,location-2,11
19,zrj,f,21,57,54,2173187,2175239,61,0,learn_array_B,location-1,3
19,zrj,f,21,115,126,2179947,2182291,29,144,learn_array_A,location-1,-11
19,zrj,f,21,16,0,2187062,2189930,59,54,learn_array_B,location-2,16
19,zrj,f,21,14,0,2194535,2196724,137,54,learn_array_B,location-2,14
19,zrj,f,21,136,144,2201326,2204410,45,126,learn_array_A,location-2,-8
19,zrj,f,21,61,54,2209003,2210836,20,0,learn_array_B,location-1,7
block,,,,,,,,,,,,
19,zrj,f,21,17,0,2216891,2220272,128,54,learn_array_B,location-2,17
19,zrj,f,21,132,126,2225109,2226862,64,144,learn_array_A,location-1,6
19,zrj,f,21,117,126,2231657,2232976,87,144,learn_array_A,location-1,-9
19,zrj,f,21,16,0,2237623,2239090,108,54,learn_array_B,location-2,16
19,zrj,f,21,6,0,2243879,2245337,126,54,learn_array_B,location-2,6
19,zrj,f,21,55,54,2249939,2251774,100,0,learn_array_B,location-1,1
19,zrj,f,21,51,54,2256570,2259142,137,0,learn_array_B,location-1,-3
19,zrj,f,21,163,144,2263916,2266045,95,126,learn_array_A,location-2,19
19,zrj,f,21,133,126,2270812,2272204,179,144,learn_array_A,location-1,7
19,zrj,f,21,52,54,2277020,2279219,114,0,learn_array_B,location-1,-2
19,zrj,f,21,140,54,2283992,2285750,116,0,learn_array_B,location-1,86
19,zrj,f,21,11,0,2290577,2292780,36,54,learn_array_B,location-2,11
19,zrj,f,21,149,144,2297500,2299256,19,126,learn_array_A,location-2,5
19,zrj,f,21,2,0,2303850,2306348,134,54,learn_array_B,location-2,2
19,zrj,f,21,124,54,2311185,2312796,137,0,learn_array_B,location-1,70
19,zrj,f,21,69,54,2317628,2319388,114,0,learn_array_B,location-1,15
19,zrj,f,21,135,126,2324170,2325712,56,144,learn_array_A,location-1,9
19,zrj,f,21,145,144,2330389,2332141,24,126,learn_array_A,location-2,1
19,zrj,f,21,26,54,2336909,2337783,111,0,learn_array_B,location-1,-28
19,zrj,f,21,10,0,2342513,2343909,23,54,learn_array_B,location-2,10
19,zrj,f,21,139,126,2348605,2350519,15,144,learn_array_A,location-1,13
19,zrj,f,21,9,0,2355306,2357508,134,54,learn_array_B,location-2,9
19,zrj,f,21,130,126,2362200,2363811,90,144,learn_array_A,location-1,4
19,zrj,f,21,158,144,2368600,2369996,33,126,learn_array_A,location-2,14
19,zrj,f,21,54,54,2374671,2378117,123,0,learn_array_B,location-1,0
19,zrj,f,21,151,144,2382905,2389556,32,126,learn_array_A,location-2,7
19,zrj,f,21,152,144,2394262,2396240,94,126,learn_array_A,location-2,8
19,zrj,f,21,160,144,2401048,2403175,61,126,learn_array_A,location-2,16
19,zrj,f,21,16,0,2407949,2411545,130,54,learn_array_B,location-2,16
19,zrj,f,21,120,126,2416204,2417447,123,144,learn_array_A,location-1,-6
19,zrj,f,21,149,144,2422119,2423801,129,126,learn_array_A,location-2,5
19,zrj,f,21,125,126,2428506,2429676,30,144,learn_array_A,location-1,-1
block,,,,,,,,,,,,
19,zrj,f,21,127,126,2435484,2436074,163,144,learn_array_A,location-1,1
19,zrj,f,21,149,0,2440798,2441601,41,54,learn_array_B,location-2,-31
19,zrj,f,21,143,144,2446394,2447857,22,126,learn_array_A,location-2,-1
19,zrj,f,21,116,126,2452470,2454003,173,144,learn_array_A,location-1,-10
19,zrj,f,21,114,126,2458746,2459693,141,144,learn_array_A,location-1,-12
19,zrj,f,21,5,0,2464400,2467547,48,54,learn_array_B,location-2,5
19,zrj,f,21,11,0,2472187,2473512,116,54,learn_array_B,location-2,11
19,zrj,f,21,49,0,2478270,2479291,143,54,learn_array_B,location-2,49
19,zrj,f,21,11,0,2483936,2486652,110,54,learn_array_B,location-2,11
19,zrj,f,21,156,144,2491317,2492264,175,126,learn_array_A,location-2,12
19,zrj,f,21,63,54,2497103,2501268,6,0,learn_array_B,location-1,9
19,zrj,f,21,14,0,2505871,2507777,66,54,learn_array_B,location-2,14
19,zrj,f,21,66,54,2512454,2515177,0,0,learn_array_B,location-1,12
19,zrj,f,21,156,144,2519934,2521544,98,126,learn_array_A,location-2,12
19,zrj,f,21,123,54,2526226,2527695,62,0,learn_array_B,location-1,69
19,zrj,f,21,153,144,2532415,2534023,123,126,learn_array_A,location-2,9
19,zrj,f,21,59,54,2538709,2540028,86,0,learn_array_B,location-1,5
19,zrj,f,21,6,0,2544779,2549591,78,54,learn_array_B,location-2,6
19,zrj,f,21,11,0,2554218,2555323,157,54,learn_array_B,location-2,11
19,zrj,f,21,158,126,2560029,2561636,101,144,learn_array_A,location-1,32
19,zrj,f,21,149,144,2566436,2568415,0,126,learn_array_A,location-2,5
19,zrj,f,21,154,144,2573242,2574916,84,126,learn_array_A,location-2,10
19,zrj,f,21,145,126,2579514,2580762,178,144,learn_array_A,location-1,19
19,zrj,f,21,122,126,2585587,2587567,57,144,learn_array_A,location-1,-4
19,zrj,f,21,56,54,2592200,2595558,134,0,learn_array_B,location-1,2
19,zrj,f,21,64,54,2600311,2603166,142,0,learn_array_B,location-1,10
19,zrj,f,21,58,54,2607851,2610045,7,0,learn_array_B,location-1,4
19,zrj,f,21,152,144,2614765,2616090,165,126,learn_array_A,location-2,8
19,zrj,f,21,151,144,2620763,2622008,143,126,learn_array_A,location-2,7
19,zrj,f,21,136,126,2626762,2628085,95,144,learn_array_A,location-1,10
19,zrj,f,21,63,54,2632869,2634776,139,0,learn_array_B,location-1,9
19,zrj,f,21,127,126,2639614,2641813,14,144,learn_array_A,location-1,1
block,,,,,,,,,,,,
19,zrj,f,21,51,54,2647884,2649720,123,0,learn_array_B,location-1,-3
19,zrj,f,21,162,144,2654528,2656220,52,126,learn_array_A,location-2,18
19,zrj,f,21,59,54,2660931,2662096,41,0,learn_array_B,location-1,5
19,zrj,f,21,18,0,2666851,2667655,156,54,learn_array_B,location-2,18
19,zrj,f,21,123,126,2672453,2673625,141,144,learn_array_A,location-1,-3
19,zrj,f,21,153,0,2678341,2680394,163,54,learn_array_B,location-2,-27
19,zrj,f,21,138,144,2685135,2686236,110,126,learn_array_A,location-2,-6
19,zrj,f,21,66,54,2690837,2692522,0,0,learn_array_B,location-1,12
19,zrj,f,21,153,144,2697252,2701658,46,126,learn_array_A,location-2,9
19,zrj,f,21,56,54,2706447,2707982,61,0,learn_array_B,location-1,2
19,zrj,f,21,15,0,2712731,2714270,92,54,learn_array_B,location-2,15
19,zrj,f,21,130,126,2718867,2719813,139,144,learn_array_A,location-1,4
19,zrj,f,21,133,144,2724528,2725701,48,126,learn_array_A,location-2,-11
19,zrj,f,21,66,54,2730429,2733430,9,0,learn_array_B,location-1,12
19,zrj,f,21,25,0,2738145,2740633,143,54,learn_array_B,location-2,25
19,zrj,f,21,119,126,2745295,2747887,108,144,learn_array_A,location-1,-7
19,zrj,f,21,6,0,2752503,2753669,13,54,learn_array_B,location-2,6
19,zrj,f,21,96,54,2758505,2759668,124,0,learn_array_B,location-1,42
19,zrj,f,21,11,0,2764296,2768242,64,54,learn_array_B,location-2,11
19,zrj,f,21,154,144,2772849,2775268,85,126,learn_array_A,location-2,10
19,zrj,f,21,28,0,2780078,2781544,144,54,learn_array_B,location-2,28
19,zrj,f,21,112,126,2786203,2787667,105,144,learn_array_A,location-1,-14
19,zrj,f,21,128,126,2792369,2793324,4,144,learn_array_A,location-1,2
19,zrj,f,21,127,126,2798042,2799350,36,144,learn_array_A,location-1,1
19,zrj,f,21,56,54,2804120,2805736,114,0,learn_array_B,location-1,2
19,zrj,f,21,78,54,2810504,2812262,132,0,learn_array_B,location-1,24
19,zrj,f,21,162,144,2816950,2818043,69,126,learn_array_A,location-2,18
19,zrj,f,21,18,0,2822662,2823902,166,54,learn_array_B,location-2,18
19,zrj,f,21,154,144,2828716,2830188,132,126,learn_array_A,location-2,10
19,zrj,f,21,136,126,2834901,2836215,138,144,learn_array_A,location-1,10
19,zrj,f,21,161,144,2840856,2842327,96,126,learn_array_A,location-2,17
19,zrj,f,21,124,126,2847066,2848306,53,144,learn_array_A,location-1,-2
block,,,,,,,,,,,,
19,zrj,f,21,67,54,2853900,2855659,13,0,learn_array_B,location-1,13
19,zrj,f,21,17,0,2860375,2861912,129,54,learn_array_B,location-2,17
19,zrj,f,21,133,126,2866553,2868170,128,144,learn_array_A,location-1,7
19,zrj,f,21,17,0,2872911,2874961,71,54,learn_array_B,location-2,17
19,zrj,f,21,122,126,2879576,2880751,40,144,learn_array_A,location-1,-4
19,zrj,f,21,116,126,2885426,2886672,119,144,learn_array_A,location-1,-10
19,zrj,f,21,151,144,2891264,2892870,94,126,learn_array_A,location-2,7
19,zrj,f,21,155,144,2897539,2899073,58,126,learn_array_A,location-2,11
19,zrj,f,21,129,126,2903768,2905012,101,144,learn_array_A,location-1,3
19,zrj,f,21,57,54,2909624,2910863,81,0,learn_array_B,location-1,3
19,zrj,f,21,19,0,2915650,2919083,89,54,learn_array_B,location-2,19
19,zrj,f,21,153,126,2923718,2924594,21,144,learn_array_A,location-1,27
19,zrj,f,21,123,126,2929395,2931307,22,144,learn_array_A,location-1,-3
19,zrj,f,21,137,126,2935983,2937077,170,144,learn_array_A,location-1,11
19,zrj,f,21,178,0,2941914,2943895,175,54,learn_array_B,location-2,-2
19,zrj,f,21,160,144,2948501,2950628,139,126,learn_array_A,location-2,16
19,zrj,f,21,24,0,2955401,2957747,61,54,learn_array_B,location-2,24
19,zrj,f,21,66,54,2962351,2964565,175,0,learn_array_B,location-1,12
19,zrj,f,21,12,0,2969368,2971774,158,54,learn_array_B,location-2,12
19,zrj,f,21,48,54,2976442,2977464,90,0,learn_array_B,location-1,-6
19,zrj,f,21,155,144,2982226,2984057,34,126,learn_array_A,location-2,11
19,zrj,f,21,103,126,2988807,2990491,99,144,learn_array_A,location-1,-23
19,zrj,f,21,118,144,2995177,2997010,30,126,learn_array_A,location-2,-26
19,zrj,f,21,21,0,3001605,3003134,11,54,learn_array_B,location-2,21
19,zrj,f,21,153,144,3007805,3010531,138,126,learn_array_A,location-2,9
19,zrj,f,21,58,54,3015248,3017522,173,0,learn_array_B,location-1,4
19,zrj,f,21,8,0,3022119,3025205,179,54,learn_array_B,location-2,8
19,zrj,f,21,53,54,3029858,3031764,95,0,learn_array_B,location-1,-1
19,zrj,f,21,62,54,3036585,3038193,20,0,learn_array_B,location-1,8
19,zrj,f,21,161,144,3042997,3044836,57,126,learn_array_A,location-2,17
19,zrj,f,21,120,54,3049575,3051260,79,0,learn_array_B,location-1,66
19,zrj,f,21,153,144,3055967,3057584,138,126,learn_array_A,location-2,9
block,,,,,,,,,,,,
19,zrj,f,21,64,54,3064460,3066597,8,0,learn_array_B,location-1,10
19,zrj,f,21,127,126,3071431,3073411,21,144,learn_array_A,location-1,1
19,zrj,f,21,68,54,3078220,3079173,56,0,learn_array_B,location-1,14
19,zrj,f,21,152,144,3083928,3086204,82,126,learn_array_A,location-2,8
19,zrj,f,21,57,54,3091025,3096385,38,0,learn_array_B,location-1,3
19,zrj,f,21,161,144,3101073,3102464,179,126,learn_array_A,location-2,17
19,zrj,f,21,130,126,3107091,3111563,97,144,learn_array_A,location-1,4
19,zrj,f,21,76,54,3116214,3117456,52,0,learn_array_B,location-1,22
19,zrj,f,21,25,0,3122249,3123565,106,54,learn_array_B,location-2,25
19,zrj,f,21,127,126,3128331,3129785,155,144,learn_array_A,location-1,1
19,zrj,f,21,158,144,3134585,3136420,29,126,learn_array_A,location-2,14
19,zrj,f,21,4,0,3141230,3142179,157,54,learn_array_B,location-2,4
19,zrj,f,21,153,144,3146845,3147499,8,126,learn_array_A,location-2,9
19,zrj,f,21,12,0,3152323,3153636,78,54,learn_array_B,location-2,12
19,zrj,f,21,35,0,3158386,3160513,25,54,learn_array_B,location-2,35
19,zrj,f,21,129,126,3165140,3166747,55,144,learn_array_A,location-1,3
19,zrj,f,21,132,54,3171383,3172921,116,0,learn_array_B,location-1,78
19,zrj,f,21,154,144,3177602,3178995,11,126,learn_array_A,location-2,10
19,zrj,f,21,9,0,3183719,3185406,82,54,learn_array_B,location-2,9
19,zrj,f,21,157,144,3190038,3191581,55,126,learn_array_A,location-2,13
19,zrj,f,21,56,54,3196392,3198308,117,0,learn_array_B,location-1,2
19,zrj,f,21,136,126,3203134,3204524,146,144,learn_array_A,location-1,10
19,zrj,f,21,137,126,3209275,3210827,112,144,learn_array_A,location-1,11
19,zrj,f,21,149,144,3215595,3217721,40,126,learn_array_A,location-2,5
19,zrj,f,21,137,126,3222327,3223949,67,144,learn_array_A,location-1,11
19,zrj,f,21,52,54,3228591,3229760,73,0,learn_array_B,location-1,-2
19,zrj,f,21,123,126,3234561,3235658,148,144,learn_array_A,location-1,-3
19,zrj,f,21,174,0,3240257,3241719,18,54,learn_array_B,location-2,-6
19,zrj,f,21,9,0,3246481,3251747,59,54,learn_array_B,location-2,9
19,zrj,f,21,65,54,3256359,3257819,30,0,learn_array_B,location-1,11
19,zrj,f,21,2,0,3262433,3263605,16,54,learn_array_B,location-2,2
19,zrj,f,21,176,144,3268241,3269345,158,126,learn_array_A,location-2,32
block,,,,,,,,,,,,
19,zrj,f,21,59,54,3275899,3276634,79,0,learn_array_B,location-1,5
19,zrj,f,21,4,0,3281332,3282504,19,54,learn_array_B,location-2,4
19,zrj,f,21,146,144,3287141,3288538,127,126,learn_array_A,location-2,2
19,zrj,f,21,141,144,3293229,3294250,124,126,learn_array_A,location-2,-3
19,zrj,f,21,122,126,3298965,3300866,112,144,learn_array_A,location-1,-4
19,zrj,f,21,130,54,3305557,3306575,95,0,learn_array_B,location-1,76
19,zrj,f,21,129,126,3311408,3312650,175,144,learn_array_A,location-1,3
19,zrj,f,21,66,54,3317446,3318762,17,0,learn_array_B,location-1,12
19,zrj,f,21,55,54,3323498,3325337,155,0,learn_array_B,location-1,1
19,zrj,f,21,137,126,3330131,3331376,12,144,learn_array_A,location-1,11
19,zrj,f,21,121,126,3336206,3337087,16,144,learn_array_A,location-1,-5
19,zrj,f,21,153,144,3341880,3343195,90,126,learn_array_A,location-2,9
19,zrj,f,21,155,144,3348008,3349250,101,126,learn_array_A,location-2,11
19,zrj,f,21,129,0,3354076,3356773,112,54,learn_array_B,location-2,-51
19,zrj,f,21,160,144,3361371,3362906,11,126,learn_array_A,location-2,16
19,zrj,f,21,47,0,3367694,3369161,47,54,learn_array_B,location-2,47
19,zrj,f,21,49,54,3373973,3376170,83,0,learn_array_B,location-1,-5
19,zrj,f,21,157,144,3380854,3382103,62,126,learn_array_A,location-2,13
19,zrj,f,21,10,0,3386882,3389003,154,54,learn_array_B,location-2,10
19,zrj,f,21,20,0,3393667,3395284,56,54,learn_array_B,location-2,20
19,zrj,f,21,26,0,3399913,3401229,119,54,learn_array_B,location-2,26
19,zrj,f,21,56,54,3405846,3407092,80,0,learn_array_B,location-1,2
19,zrj,f,21,9,0,3411875,3413119,175,54,learn_array_B,location-2,9
19,zrj,f,21,100,126,3417731,3418900,52,144,learn_array_A,location-1,-26
19,zrj,f,21,159,144,3423660,3425786,146,126,learn_array_A,location-2,15
19,zrj,f,21,8,0,3430426,3433123,10,54,learn_array_B,location-2,8
19,zrj,f,21,135,126,3437886,3440226,42,144,learn_array_A,location-1,9
19,zrj,f,21,153,144,3444872,3446991,150,126,learn_array_A,location-2,9
19,zrj,f,21,121,126,3451623,3453300,133,144,learn_array_A,location-1,-5
19,zrj,f,21,57,54,3458020,3460731,60,0,learn_array_B,location-1,3
19,zrj,f,21,130,126,3465416,3466577,164,144,learn_array_A,location-1,4
19,zrj,f,21,61,54,3471336,3473385,105,0,learn_array_B,location-1,7
block,,,,,,,,,,,,
19,zrj,f,21,13,0,3480044,3481506,155,54,learn_array_B,location-2,13
19,zrj,f,21,155,144,3486173,3489023,61,126,learn_array_A,location-2,11
19,zrj,f,21,163,144,3493740,3494767,144,126,learn_array_A,location-2,19
19,zrj,f,21,125,126,3499551,3500644,130,144,learn_array_A,location-1,-1
19,zrj,f,21,124,126,3505392,3507142,1,144,learn_array_A,location-1,-2
19,zrj,f,21,142,126,3511896,3513136,151,144,learn_array_A,location-1,16
19,zrj,f,21,141,126,3517897,3518920,29,144,learn_array_A,location-1,15
19,zrj,f,21,157,144,3523530,3524847,74,126,learn_array_A,location-2,13
19,zrj,f,21,50,54,3529530,3531002,149,0,learn_array_B,location-1,-4
19,zrj,f,21,58,54,3535664,3537933,67,0,learn_array_B,location-1,4
19,zrj,f,21,8,0,3542770,3545104,12,54,learn_array_B,location-2,8
19,zrj,f,21,53,54,3549933,3551690,169,0,learn_array_B,location-1,-1
19,zrj,f,21,50,54,3556428,3557903,30,0,learn_array_B,location-1,-4
19,zrj,f,21,62,0,3562709,3564242,56,54,learn_array_B,location-2,62
19,zrj,f,21,128,126,3569047,3570293,52,144,learn_array_A,location-1,2
19,zrj,f,21,129,126,3574921,3576235,159,144,learn_array_A,location-1,3
19,zrj,f,21,137,126,3580888,3582133,103,144,learn_array_A,location-1,11
19,zrj,f,21,56,54,3586795,3588048,167,0,learn_array_B,location-1,2
19,zrj,f,21,56,54,3592773,3594383,125,0,learn_array_B,location-1,2
19,zrj,f,21,16,0,3599173,3601951,27,54,learn_array_B,location-2,16
19,zrj,f,21,16,0,3606634,3608978,37,54,learn_array_B,location-2,16
19,zrj,f,21,158,144,3613599,3616687,93,126,learn_array_A,location-2,14
19,zrj,f,21,56,54,3621277,3624493,62,0,learn_array_B,location-1,2
19,zrj,f,21,7,0,3629284,3631695,83,54,learn_array_B,location-2,7
19,zrj,f,21,160,144,3636454,3638724,69,126,learn_array_A,location-2,16
19,zrj,f,21,138,126,3643542,3644635,119,144,learn_array_A,location-1,12
19,zrj,f,21,63,54,3649325,3650857,64,0,learn_array_B,location-1,9
19,zrj,f,21,16,0,3655507,3657851,3,54,learn_array_B,location-2,16
19,zrj,f,21,159,144,3662489,3664468,70,126,learn_array_A,location-2,15
19,zrj,f,21,144,144,3669092,3671048,45,126,learn_array_A,location-2,0
19,zrj,f,21,10,0,3675781,3676947,106,54,learn_array_B,location-2,10
19,zrj,f,21,154,144,3681550,3683149,124,126,learn_array_A,location-2,10
block,,,,,,,,,,,,
19,zrj,f,21,152,144,3690380,3691411,48,126,learn_array_A,location-2,8
19,zrj,f,21,171,0,3696203,3697072,28,54,learn_array_B,location-2,-9
19,zrj,f,21,47,54,3701779,3704187,137,0,learn_array_B,location-1,-7
19,zrj,f,21,150,144,3709020,3710194,143,126,learn_array_A,location-2,6
19,zrj,f,21,68,54,3714977,3719302,111,0,learn_array_B,location-1,14
19,zrj,f,21,121,126,3724069,3726927,54,144,learn_array_A,location-1,-5
19,zrj,f,21,160,144,3731708,3732798,9,126,learn_array_A,location-2,16
19,zrj,f,21,52,0,3737397,3738939,61,54,learn_array_B,location-2,52
19,zrj,f,21,133,126,3743778,3744949,27,144,learn_array_A,location-1,7
19,zrj,f,21,57,54,3749595,3752023,149,0,learn_array_B,location-1,3
19,zrj,f,21,4,0,3756652,3758037,159,54,learn_array_B,location-2,4
19,zrj,f,21,131,126,3762799,3765000,143,144,learn_array_A,location-1,5
19,zrj,f,21,21,126,3769597,3771135,59,144,learn_array_A,location-1,75
19,zrj,f,21,48,54,3775851,3779364,107,0,learn_array_B,location-1,-6
19,zrj,f,21,26,0,3784165,3785994,45,54,learn_array_B,location-2,26
19,zrj,f,21,133,126,3790806,3793517,160,144,learn_array_A,location-1,7
19,zrj,f,21,135,126,3798284,3800041,15,144,learn_array_A,location-1,9
19,zrj,f,21,130,126,3804794,3806026,20,144,learn_array_A,location-1,4
19,zrj,f,21,10,0,3810814,3815117,154,54,learn_array_B,location-2,10
19,zrj,f,21,58,54,3819799,3826088,175,0,learn_array_B,location-1,4
19,zrj,f,21,17,0,3830717,3833558,111,54,learn_array_B,location-2,17
19,zrj,f,21,51,54,3838343,3839873,66,0,learn_array_B,location-1,-3
19,zrj,f,21,52,54,3844563,3846545,143,0,learn_array_B,location-1,-2
19,zrj,f,21,150,144,3851228,3852325,177,126,learn_array_A,location-2,6
19,zrj,f,21,143,144,3857061,3858449,127,126,learn_array_A,location-2,-1
19,zrj,f,21,141,0,3863228,3864704,155,54,learn_array_B,location-2,-39
19,zrj,f,21,129,126,3869526,3871284,93,144,learn_array_A,location-1,3
19,zrj,f,21,50,54,3876001,3878491,140,0,learn_array_B,location-1,-4
19,zrj,f,21,21,0,3883169,3887640,111,54,learn_array_B,location-2,21
19,zrj,f,21,154,144,3892400,3896706,94,126,learn_array_A,location-2,10
19,zrj,f,21,152,144,3901359,3904141,39,126,learn_array_A,location-2,8
19,zrj,f,21,152,144,3908956,3910929,84,126,learn_array_A,location-2,8
block,,,,,,,,,,,,
19,zrj,f,21,53,0,3917260,3918066,16,54,learn_array_B,location-2,53
19,zrj,f,21,134,126,3922899,3923988,118,144,learn_array_A,location-1,8
19,zrj,f,21,151,144,3928785,3930242,115,126,learn_array_A,location-2,7
19,zrj,f,21,54,54,3934928,3936382,43,0,learn_array_B,location-1,0
19,zrj,f,21,59,54,3941072,3943053,6,0,learn_array_B,location-1,5
19,zrj,f,21,24,0,3947847,3949890,152,54,learn_array_B,location-2,24
19,zrj,f,21,57,54,3954643,3956766,155,0,learn_array_B,location-1,3
19,zrj,f,21,128,126,3961438,3963837,126,144,learn_array_A,location-1,2
19,zrj,f,21,51,54,3968493,3970463,170,0,learn_array_B,location-1,-3
19,zrj,f,21,150,144,3975116,3977153,64,126,learn_array_A,location-2,6
19,zrj,f,21,18,0,3981943,3984644,62,54,learn_array_B,location-2,18
19,zrj,f,21,17,0,3989368,3992296,28,54,learn_array_B,location-2,17
19,zrj,f,21,150,144,3997089,3998404,43,126,learn_array_A,location-2,6
19,zrj,f,21,142,126,4003223,4004320,78,144,learn_array_A,location-1,16
19,zrj,f,21,51,54,4009017,4012309,167,0,learn_array_B,location-1,-3
19,zrj,f,21,8,0,4016907,4018735,152,54,learn_array_B,location-2,8
19,zrj,f,21,149,144,4023459,4026893,10,126,learn_array_A,location-2,5
19,zrj,f,21,121,126,4031520,4032909,168,144,learn_array_A,location-1,-5
19,zrj,f,21,147,144,4037503,4039980,123,126,learn_array_A,location-2,3
19,zrj,f,21,113,126,4044707,4047340,18,144,learn_array_A,location-1,-13
19,zrj,f,21,125,126,4052048,4053436,87,144,learn_array_A,location-1,-1
19,zrj,f,21,155,144,4058121,4059578,133,126,learn_array_A,location-2,11
19,zrj,f,21,8,0,4064171,4065929,96,54,learn_array_B,location-2,8
19,zrj,f,21,11,0,4070645,4072904,149,54,learn_array_B,location-2,11
19,zrj,f,21,158,144,4077686,4081278,11,126,learn_array_A,location-2,14
19,zrj,f,21,5,0,4086104,4087266,152,54,learn_array_B,location-2,5
19,zrj,f,21,53,54,4092088,4094801,159,0,learn_array_B,location-1,-1
19,zrj,f,21,48,54,4099542,4102239,87,0,learn_array_B,location-1,-6
19,zrj,f,21,57,126,4106842,4108670,35,144,learn_array_A,location-1,-69
19,zrj,f,21,146,144,4113359,4114964,47,126,learn_array_A,location-2,2
19,zrj,f,21,130,126,4119611,4120707,33,144,learn_array_A,location-1,4
19,zrj,f,21,129,54,4125396,4126931,93,0,learn_array_B,location-1,75
block,,,,,,,,,,,,
19,zrj,f,21,51,0,4133468,4135009,139,54,learn_array_B,location-2,51
19,zrj,f,21,151,144,4139714,4141608,42,126,learn_array_A,location-2,7
19,zrj,f,21,132,126,4146270,4147369,123,144,learn_array_A,location-1,6
19,zrj,f,21,124,126,4151959,4153269,0,144,learn_array_A,location-1,-2
19,zrj,f,21,9,0,4157912,4159145,118,54,learn_array_B,location-2,9
19,zrj,f,21,140,126,4163800,4165192,39,144,learn_array_A,location-1,14
19,zrj,f,21,3,0,4169953,4172442,37,54,learn_array_B,location-2,3
19,zrj,f,21,159,144,4177076,4179560,32,126,learn_array_A,location-2,15
19,zrj,f,21,5,0,4184318,4189970,46,54,learn_array_B,location-2,5
19,zrj,f,21,153,144,4194748,4196650,0,126,learn_array_A,location-2,9
19,zrj,f,21,124,126,4201432,4202675,131,144,learn_array_A,location-1,-2
19,zrj,f,21,6,0,4207493,4210272,82,54,learn_array_B,location-2,6
19,zrj,f,21,166,144,4214989,4216306,1,126,learn_array_A,location-2,22
19,zrj,f,21,133,126,4221130,4224419,72,144,learn_array_A,location-1,7
19,zrj,f,21,153,144,4229170,4230414,61,126,learn_array_A,location-2,9
19,zrj,f,21,11,0,4235230,4236469,44,54,learn_array_B,location-2,11
19,zrj,f,21,156,144,4241300,4243053,131,126,learn_array_A,location-2,12
19,zrj,f,21,152,0,4247814,4249489,115,54,learn_array_B,location-2,-28
19,zrj,f,21,132,126,4254300,4255546,5,144,learn_array_A,location-1,6
19,zrj,f,21,65,54,4260182,4261282,33,0,learn_array_B,location-1,11
19,zrj,f,21,46,54,4265997,4267314,60,0,learn_array_B,location-1,-8
19,zrj,f,21,41,54,4272124,4274305,141,0,learn_array_B,location-1,-13
19,zrj,f,21,55,54,4279009,4281487,74,0,learn_array_B,location-1,1
19,zrj,f,21,62,54,4286246,4288146,2,0,learn_array_B,location-1,8
19,zrj,f,21,55,54,4292798,4294767,35,0,learn_array_B,location-1,1
19,zrj,f,21,151,144,4299464,4304307,104,126,learn_array_A,location-2,7
19,zrj,f,21,154,144,4309094,4310842,150,126,learn_array_A,location-2,10
19,zrj,f,21,126,126,4315523,4316833,13,144,learn_array_A,location-1,0
19,zrj,f,21,68,54,4321467,4324542,170,0,learn_array_B,location-1,14
19,zrj,f,21,41,54,4329255,4332022,150,0,learn_array_B,location-1,-13
19,zrj,f,21,12,0,4336818,4338645,127,54,learn_array_B,location-2,12
19,zrj,f,21,126,126,4343421,4345617,85,144,learn_array_A,location-1,0
block,,,,,,,,,,,,
