subj,name,gender,age,col_resp,target_angle,start_time,resp_time,start_angle,other_angle,learn_array,location,d_value
1,sml,f,19,176,0,22687,25038,136,18,learn_array_B,location-1,-4
1,sml,f,19,26,18,29768,34195,40,0,learn_array_B,location-2,8
1,sml,f,19,11,18,38921,43186,112,0,learn_array_B,location-2,-7
1,sml,f,19,113,108,47822,51571,66,90,learn_array_A,location-2,5
1,sml,f,19,113,108,56316,57931,86,90,learn_array_A,location-2,5
1,sml,f,19,8,0,62619,65570,52,18,learn_array_B,location-1,8
1,sml,f,19,21,18,70238,74944,69,0,learn_array_B,location-2,3
1,sml,f,19,19,18,79615,82558,174,0,learn_array_B,location-2,1
1,sml,f,19,99,90,87371,90830,5,108,learn_array_A,location-1,9
1,sml,f,19,98,90,95651,98010,92,108,learn_array_A,location-1,8
1,sml,f,19,179,0,102682,107830,117,18,learn_array_B,location-1,-1
1,sml,f,19,116,108,112583,115751,148,90,learn_array_A,location-2,8
1,sml,f,19,107,108,120591,123605,16,90,learn_array_A,location-2,-1
1,sml,f,19,28,18,128416,134287,78,0,learn_array_B,location-2,10
1,sml,f,19,22,18,139089,142400,90,0,learn_array_B,location-2,4
1,sml,f,19,88,90,147220,150310,85,108,learn_array_A,location-1,-2
1,sml,f,19,117,108,155092,157436,45,90,learn_array_A,location-2,9
1,sml,f,19,174,0,162081,165621,166,18,learn_array_B,location-1,-6
1,sml,f,19,175,0,170221,174119,157,18,learn_array_B,location-1,-5
1,sml,f,19,98,90,178725,182415,104,108,learn_array_A,location-1,8
1,sml,f,19,99,90,187121,191167,74,108,learn_array_A,location-1,9
1,sml,f,19,99,90,195819,200092,141,108,learn_array_A,location-1,9
1,sml,f,19,124,90,204821,207693,127,108,learn_array_A,location-1,34
1,sml,f,19,121,108,212499,218753,130,90,learn_array_A,location-2,13
1,sml,f,19,0,0,223439,226017,124,18,learn_array_B,location-1,0
1,sml,f,19,1,0,230843,232378,119,18,learn_array_B,location-1,1
1,sml,f,19,95,90,237122,242121,124,108,learn_array_A,location-1,5
1,sml,f,19,31,18,246805,254373,60,0,learn_array_B,location-2,13
1,sml,f,19,124,108,259044,263684,37,90,learn_array_A,location-2,16
1,sml,f,19,175,0,268360,275476,154,18,learn_array_B,location-1,-5
1,sml,f,19,35,18,280315,282967,44,0,learn_array_B,location-2,17
1,sml,f,19,92,108,287660,290464,123,90,learn_array_A,location-2,-16
block
1,sml,f,19,81,90,337084,340888,91,108,learn_array_A,location-1,-9
1,sml,f,19,121,108,345635,346962,62,90,learn_array_A,location-2,13
1,sml,f,19,179,18,351795,355051,138,0,learn_array_B,location-2,-19
1,sml,f,19,3,0,359692,362487,10,18,learn_array_B,location-1,3
1,sml,f,19,86,90,367093,374675,0,108,learn_array_A,location-1,-4
1,sml,f,19,34,18,379431,382954,62,0,learn_array_B,location-2,16
1,sml,f,19,75,90,387647,390659,78,108,learn_array_A,location-1,-15
1,sml,f,19,111,90,395306,402651,25,108,learn_array_A,location-1,21
1,sml,f,19,22,18,407266,409844,1,0,learn_array_B,location-2,4
1,sml,f,19,37,18,414594,419970,79,0,learn_array_B,location-2,19
1,sml,f,19,10,18,424697,428223,46,0,learn_array_B,location-2,-8
1,sml,f,19,113,108,433049,438268,103,90,learn_array_A,location-2,5
1,sml,f,19,72,90,443020,446624,160,108,learn_array_A,location-1,-18
1,sml,f,19,12,0,451385,455377,107,18,learn_array_B,location-1,12
1,sml,f,19,84,90,460004,463829,9,108,learn_array_A,location-1,-6
1,sml,f,19,120,108,468567,473133,18,90,learn_array_A,location-2,12
1,sml,f,19,175,18,477844,480805,62,0,learn_array_B,location-2,-23
1,sml,f,19,112,108,485520,493727,172,90,learn_array_A,location-2,4
1,sml,f,19,8,0,498484,503440,162,18,learn_array_B,location-1,8
1,sml,f,19,93,90,508205,512259,83,108,learn_array_A,location-1,3
1,sml,f,19,111,90,516969,522508,97,108,learn_array_A,location-1,21
1,sml,f,19,121,108,527325,530054,60,90,learn_array_A,location-2,13
1,sml,f,19,179,0,534884,539780,27,18,learn_array_B,location-1,-1
1,sml,f,19,119,108,544521,552371,139,90,learn_array_A,location-2,11
1,sml,f,19,118,108,557162,560114,7,90,learn_array_A,location-2,10
1,sml,f,19,31,18,564761,577307,78,0,learn_array_B,location-2,13
1,sml,f,19,175,0,582073,584579,13,18,learn_array_B,location-1,-5
1,sml,f,19,14,18,589314,592721,108,0,learn_array_B,location-2,-4
1,sml,f,19,178,0,597412,600502,129,18,learn_array_B,location-1,-2
1,sml,f,19,0,0,605273,609402,30,18,learn_array_B,location-1,0
1,sml,f,19,177,0,613995,616575,159,18,learn_array_B,location-1,-3
1,sml,f,19,90,108,621314,623381,108,90,learn_array_A,location-2,-18
block
1,sml,f,19,113,108,630220,633319,158,90,learn_array_A,location-2,5
1,sml,f,19,23,18,638001,640941,166,0,learn_array_B,location-2,5
1,sml,f,19,3,0,645585,650438,105,18,learn_array_B,location-1,3
1,sml,f,19,125,108,655253,662493,28,90,learn_array_A,location-2,17
1,sml,f,19,99,90,667297,671486,33,108,learn_array_A,location-1,9
1,sml,f,19,91,90,676074,679598,170,108,learn_array_A,location-1,1
1,sml,f,19,114,108,684291,688622,64,90,learn_array_A,location-2,6
1,sml,f,19,86,90,693403,697943,121,108,learn_array_A,location-1,-4
1,sml,f,19,177,0,702766,706812,15,18,learn_array_B,location-1,-3
1,sml,f,19,179,0,711640,716497,68,18,learn_array_B,location-1,-1
1,sml,f,19,112,108,721250,725826,142,90,learn_array_A,location-2,4
1,sml,f,19,24,18,730430,733621,111,0,learn_array_B,location-2,6
1,sml,f,19,17,18,738355,741824,20,0,learn_array_B,location-2,-1
1,sml,f,19,0,0,746487,749659,87,18,learn_array_B,location-1,0
1,sml,f,19,26,18,754489,760002,64,0,learn_array_B,location-2,8
1,sml,f,19,117,108,764643,768339,39,90,learn_array_A,location-2,9
1,sml,f,19,23,18,772990,776746,5,0,learn_array_B,location-2,5
1,sml,f,19,104,90,781539,784497,23,108,learn_array_A,location-1,14
1,sml,f,19,98,0,789327,794984,27,18,learn_array_B,location-1,-82
1,sml,f,19,100,90,799598,804311,58,108,learn_array_A,location-1,10
1,sml,f,19,0,0,808966,812891,176,18,learn_array_B,location-1,0
1,sml,f,19,21,18,817519,820250,41,0,learn_array_B,location-2,3
1,sml,f,19,100,90,824855,828763,163,108,learn_array_A,location-1,10
1,sml,f,19,85,108,833549,837237,61,90,learn_array_A,location-2,-23
1,sml,f,19,118,108,842023,847925,42,90,learn_array_A,location-2,10
1,sml,f,19,4,0,852670,858415,99,18,learn_array_B,location-1,4
1,sml,f,19,5,0,863240,866503,146,18,learn_array_B,location-1,5
1,sml,f,19,26,18,871179,874499,23,0,learn_array_B,location-2,8
1,sml,f,19,127,90,879170,880352,86,108,learn_array_A,location-1,37
1,sml,f,19,104,90,885158,890101,25,108,learn_array_A,location-1,14
1,sml,f,19,126,108,894872,900413,7,90,learn_array_A,location-2,18
1,sml,f,19,24,18,905018,911013,73,0,learn_array_B,location-2,6
block
1,sml,f,19,22,18,917707,919394,131,0,learn_array_B,location-2,4
1,sml,f,19,125,108,924196,925802,159,90,learn_array_A,location-2,17
1,sml,f,19,129,108,930482,934378,116,90,learn_array_A,location-2,21
1,sml,f,19,20,18,939039,942261,101,0,learn_array_B,location-2,2
1,sml,f,19,0,0,946956,949237,153,18,learn_array_B,location-1,0
1,sml,f,19,3,0,954026,958206,119,18,learn_array_B,location-1,3
1,sml,f,19,25,18,962888,968714,28,0,learn_array_B,location-2,7
1,sml,f,19,20,18,973485,975846,52,0,learn_array_B,location-2,2
1,sml,f,19,100,90,980585,983313,125,108,learn_array_A,location-1,10
1,sml,f,19,100,90,987986,991449,60,108,learn_array_A,location-1,10
1,sml,f,19,9,0,996272,1000490,78,18,learn_array_B,location-1,9
1,sml,f,19,178,0,1005317,1008340,4,18,learn_array_B,location-1,-2
1,sml,f,19,17,18,1013066,1015506,115,0,learn_array_B,location-2,-1
1,sml,f,19,0,0,1020201,1022051,157,18,learn_array_B,location-1,0
1,sml,f,19,131,108,1026852,1030165,4,90,learn_array_A,location-2,23
1,sml,f,19,114,108,1034872,1040402,79,90,learn_array_A,location-2,6
1,sml,f,19,97,90,1045027,1047531,86,108,learn_array_A,location-1,7
1,sml,f,19,172,0,1052252,1055344,2,18,learn_array_B,location-1,-8
1,sml,f,19,100,90,1060122,1062624,61,108,learn_array_A,location-1,10
1,sml,f,19,26,18,1067233,1070328,93,0,learn_array_B,location-2,8
1,sml,f,19,123,108,1074998,1080226,16,90,learn_array_A,location-2,15
1,sml,f,19,121,108,1084983,1088584,30,90,learn_array_A,location-2,13
1,sml,f,19,20,18,1093381,1096994,53,0,learn_array_B,location-2,2
1,sml,f,19,179,0,1101685,1106545,113,18,learn_array_B,location-1,-1
1,sml,f,19,116,108,1111188,1113913,76,90,learn_array_A,location-2,8
1,sml,f,19,124,108,1118549,1123194,161,90,learn_array_A,location-2,16
1,sml,f,19,101,90,1127986,1131894,34,108,learn_array_A,location-1,11
1,sml,f,19,96,90,1136603,1138668,96,108,learn_array_A,location-1,6
1,sml,f,19,90,90,1143485,1145993,100,108,learn_array_A,location-1,0
1,sml,f,19,110,0,1150603,1153474,89,18,learn_array_B,location-1,-70
1,sml,f,19,102,90,1158111,1161290,161,108,learn_array_A,location-1,12
1,sml,f,19,25,18,1166078,1171091,46,0,learn_array_B,location-2,7
block
1,sml,f,19,176,0,1177403,1180555,12,18,learn_array_B,location-1,-4
1,sml,f,19,22,18,1185376,1188315,29,0,learn_array_B,location-2,4
1,sml,f,19,94,108,1192926,1195446,100,90,learn_array_A,location-2,-14
1,sml,f,19,98,0,1200120,1202712,49,18,learn_array_B,location-1,-82
1,sml,f,19,118,108,1207509,1211719,97,90,learn_array_A,location-2,10
1,sml,f,19,98,90,1216442,1220133,161,108,learn_array_A,location-1,8
1,sml,f,19,1,0,1224969,1228286,87,18,learn_array_B,location-1,1
1,sml,f,19,89,90,1233027,1235827,178,108,learn_array_A,location-1,-1
1,sml,f,19,85,90,1240603,1245243,131,108,learn_array_A,location-1,-5
1,sml,f,19,123,90,1250019,1252152,93,108,learn_array_A,location-1,33
1,sml,f,19,94,90,1256824,1259477,53,108,learn_array_A,location-1,4
1,sml,f,19,21,18,1264184,1270168,121,0,learn_array_B,location-2,3
1,sml,f,19,118,108,1274763,1280424,162,90,learn_array_A,location-2,10
1,sml,f,19,89,0,1285093,1289704,98,18,learn_array_B,location-1,89
1,sml,f,19,115,18,1294389,1299190,158,0,learn_array_B,location-2,-83
1,sml,f,19,20,18,1303820,1311505,98,0,learn_array_B,location-2,2
1,sml,f,19,87,90,1316250,1319438,136,108,learn_array_A,location-1,-3
1,sml,f,19,113,108,1324048,1328400,100,90,learn_array_A,location-2,5
1,sml,f,19,101,108,1333008,1336402,136,90,learn_array_A,location-2,-7
1,sml,f,19,20,18,1341080,1345067,158,0,learn_array_B,location-2,2
1,sml,f,19,4,0,1349709,1352434,143,18,learn_array_B,location-1,4
1,sml,f,19,20,18,1357112,1362495,131,0,learn_array_B,location-2,2
1,sml,f,19,178,0,1367207,1372433,12,18,learn_array_B,location-1,-2
1,sml,f,19,117,108,1377101,1379241,89,90,learn_array_A,location-2,9
1,sml,f,19,17,18,1383916,1386574,0,0,learn_array_B,location-2,-1
1,sml,f,19,101,90,1391251,1393981,134,108,learn_array_A,location-1,11
1,sml,f,19,112,108,1398606,1401048,123,90,learn_array_A,location-2,4
1,sml,f,19,171,0,1405888,1409585,137,18,learn_array_B,location-1,-9
1,sml,f,19,23,18,1414267,1417892,132,0,learn_array_B,location-2,5
1,sml,f,19,120,90,1422681,1426289,49,108,learn_array_A,location-1,30
1,sml,f,19,113,108,1430963,1435312,178,90,learn_array_A,location-2,5
1,sml,f,19,31,0,1440130,1441310,126,18,learn_array_B,location-1,31
block
1,sml,f,19,24,18,1447964,1451787,143,0,learn_array_B,location-2,6
1,sml,f,19,16,18,1456549,1460732,109,0,learn_array_B,location-2,-2
1,sml,f,19,6,0,1465564,1469247,115,18,learn_array_B,location-1,6
1,sml,f,19,3,0,1473860,1480642,18,18,learn_array_B,location-1,3
1,sml,f,19,121,108,1485319,1489594,39,90,learn_array_A,location-2,13
1,sml,f,19,4,0,1494216,1497460,97,18,learn_array_B,location-1,4
1,sml,f,19,15,18,1502108,1507048,133,0,learn_array_B,location-2,-3
1,sml,f,19,6,0,1511707,1515176,88,18,learn_array_B,location-1,6
1,sml,f,19,1,0,1519911,1524267,40,18,learn_array_B,location-1,1
1,sml,f,19,96,90,1528890,1533084,33,108,learn_array_A,location-1,6
1,sml,f,19,120,108,1537717,1540228,42,90,learn_array_A,location-2,12
1,sml,f,19,109,108,1544880,1550564,143,90,learn_array_A,location-2,1
1,sml,f,19,109,108,1555224,1558782,67,90,learn_array_A,location-2,1
1,sml,f,19,106,108,1563556,1566727,36,90,learn_array_A,location-2,-2
1,sml,f,19,178,0,1571441,1575127,166,18,learn_array_B,location-1,-2
1,sml,f,19,87,90,1579859,1582815,111,108,learn_array_A,location-1,-3
1,sml,f,19,100,108,1587576,1590298,139,90,learn_array_A,location-2,-8
1,sml,f,19,19,18,1595078,1597801,84,0,learn_array_B,location-2,1
1,sml,f,19,16,18,1602434,1610755,128,0,learn_array_B,location-2,-2
1,sml,f,19,7,18,1615520,1617881,146,0,learn_array_B,location-2,-11
1,sml,f,19,14,108,1622676,1625690,146,90,learn_array_A,location-2,86
1,sml,f,19,89,90,1630527,1633552,149,108,learn_array_A,location-1,-1
1,sml,f,19,179,0,1638191,1640562,138,18,learn_array_B,location-1,-1
1,sml,f,19,1,0,1645204,1649405,70,18,learn_array_B,location-1,1
1,sml,f,19,114,108,1654063,1659621,124,90,learn_array_A,location-2,6
1,sml,f,19,22,18,1664233,1668590,32,0,learn_array_B,location-2,4
1,sml,f,19,18,18,1673332,1677315,176,0,learn_array_B,location-2,0
1,sml,f,19,88,90,1681984,1685148,2,108,learn_array_A,location-1,-2
1,sml,f,19,95,90,1689800,1693050,63,108,learn_array_A,location-1,5
1,sml,f,19,97,90,1697851,1701598,58,108,learn_array_A,location-1,7
1,sml,f,19,95,90,1706337,1709890,146,108,learn_array_A,location-1,5
1,sml,f,19,92,90,1714672,1718656,122,108,learn_array_A,location-1,2
block
1,sml,f,19,94,90,1725612,1730200,51,108,learn_array_A,location-1,4
1,sml,f,19,174,0,1734868,1739583,13,18,learn_array_B,location-1,-6
1,sml,f,19,3,0,1744324,1746748,4,18,learn_array_B,location-1,3
1,sml,f,19,108,108,1751415,1756606,167,90,learn_array_A,location-2,0
1,sml,f,19,112,108,1761341,1763785,58,90,learn_array_A,location-2,4
1,sml,f,19,104,108,1768433,1774262,82,90,learn_array_A,location-2,-4
1,sml,f,19,107,108,1779007,1782709,54,90,learn_array_A,location-2,-1
1,sml,f,19,19,18,1787480,1792507,147,0,learn_array_B,location-2,1
1,sml,f,19,0,0,1797231,1800920,151,18,learn_array_B,location-1,0
1,sml,f,19,16,18,1805606,1809814,87,0,learn_array_B,location-2,-2
1,sml,f,19,179,0,1814581,1818768,172,18,learn_array_B,location-1,-1
1,sml,f,19,19,18,1823555,1826292,62,0,learn_array_B,location-2,1
1,sml,f,19,106,108,1830937,1832857,40,90,learn_array_A,location-2,-2
1,sml,f,19,87,90,1837661,1840179,100,108,learn_array_A,location-1,-3
1,sml,f,19,15,18,1844794,1848336,155,0,learn_array_B,location-2,-3
1,sml,f,19,14,18,1853140,1856837,76,0,learn_array_B,location-2,-4
1,sml,f,19,88,90,1861588,1864026,179,108,learn_array_A,location-1,-2
1,sml,f,19,71,90,1868737,1871530,11,108,learn_array_A,location-1,-19
1,sml,f,19,111,108,1876223,1878365,159,90,learn_array_A,location-2,3
1,sml,f,19,4,0,1883171,1885383,83,18,learn_array_B,location-1,4
1,sml,f,19,19,18,1890181,1892750,76,0,learn_array_B,location-2,1
1,sml,f,19,15,18,1897394,1901371,47,0,learn_array_B,location-2,-3
1,sml,f,19,93,90,1906123,1907970,69,108,learn_array_A,location-1,3
1,sml,f,19,106,18,1912740,1916069,106,0,learn_array_B,location-2,88
1,sml,f,19,95,90,1920792,1923235,54,108,learn_array_A,location-1,5
1,sml,f,19,100,90,1928070,1932841,6,108,learn_array_A,location-1,10
1,sml,f,19,1,0,1937464,1940497,171,18,learn_array_B,location-1,1
1,sml,f,19,115,108,1945138,1951058,12,90,learn_array_A,location-2,7
1,sml,f,19,108,108,1955840,1959384,80,90,learn_array_A,location-2,0
1,sml,f,19,89,90,1964104,1966906,140,108,learn_array_A,location-1,-1
1,sml,f,19,177,0,1971608,1974718,139,18,learn_array_B,location-1,-3
1,sml,f,19,174,0,1979350,1982524,168,18,learn_array_B,location-1,-6
block
1,sml,f,19,104,108,1989340,1993168,155,90,learn_array_A,location-2,-4
1,sml,f,19,88,90,1997889,2000255,137,108,learn_array_A,location-1,-2
1,sml,f,19,15,18,2004877,2008354,157,0,learn_array_B,location-2,-3
1,sml,f,19,22,18,2013088,2017363,7,0,learn_array_B,location-2,4
1,sml,f,19,97,90,2022156,2025695,150,108,learn_array_A,location-1,7
1,sml,f,19,114,108,2030512,2033300,135,90,learn_array_A,location-2,6
1,sml,f,19,0,0,2038133,2045709,80,18,learn_array_B,location-1,0
1,sml,f,19,93,90,2050319,2054017,47,108,learn_array_A,location-1,3
1,sml,f,19,176,0,2058628,2062178,104,18,learn_array_B,location-1,-4
1,sml,f,19,9,18,2066908,2069128,136,0,learn_array_B,location-2,-9
1,sml,f,19,1,0,2073826,2077230,79,18,learn_array_B,location-1,1
1,sml,f,19,102,108,2081980,2084574,114,90,learn_array_A,location-2,-6
1,sml,f,19,102,108,2089260,2092505,88,90,learn_array_A,location-2,-6
1,sml,f,19,3,0,2097099,2099543,119,18,learn_array_B,location-1,3
1,sml,f,19,178,0,2104321,2107639,161,18,learn_array_B,location-1,-2
1,sml,f,19,11,18,2112413,2115071,136,0,learn_array_B,location-2,-7
1,sml,f,19,87,90,2119894,2124104,96,108,learn_array_A,location-1,-3
1,sml,f,19,97,90,2128781,2132248,69,108,learn_array_A,location-1,7
1,sml,f,19,110,108,2136946,2140936,170,90,learn_array_A,location-2,2
1,sml,f,19,23,18,2145660,2151130,26,0,learn_array_B,location-2,5
1,sml,f,19,75,90,2155912,2163381,120,108,learn_array_A,location-1,-15
1,sml,f,19,170,0,2168090,2171334,114,18,learn_array_B,location-1,-10
1,sml,f,19,112,18,2176157,2177259,173,0,learn_array_B,location-2,-86
1,sml,f,19,110,108,2181869,2186584,21,90,learn_array_A,location-2,2
1,sml,f,19,110,108,2191364,2194815,7,90,learn_array_A,location-2,2
1,sml,f,19,178,0,2199545,2202121,68,18,learn_array_B,location-1,-2
1,sml,f,19,90,90,2206945,2209447,143,108,learn_array_A,location-1,0
1,sml,f,19,23,18,2214071,2220129,148,0,learn_array_B,location-2,5
1,sml,f,19,179,0,2224917,2228527,66,18,learn_array_B,location-1,-1
1,sml,f,19,90,90,2233189,2238206,56,108,learn_array_A,location-1,0
1,sml,f,19,107,108,2242835,2245272,124,90,learn_array_A,location-2,-1
1,sml,f,19,22,18,2250084,2255533,30,0,learn_array_B,location-2,4
block
1,sml,f,19,2,0,2265164,2268530,41,18,learn_array_B,location-1,2
1,sml,f,19,85,90,2273128,2279496,143,108,learn_array_A,location-1,-5
1,sml,f,19,73,90,2284293,2288864,159,108,learn_array_A,location-1,-17
1,sml,f,19,179,0,2293456,2296036,178,18,learn_array_B,location-1,-1
1,sml,f,19,179,0,2300745,2303104,168,18,learn_array_B,location-1,-1
1,sml,f,19,102,108,2307899,2316432,91,90,learn_array_A,location-2,-6
1,sml,f,19,99,90,2321073,2326670,68,108,learn_array_A,location-1,9
1,sml,f,19,108,108,2331436,2334763,13,90,learn_array_A,location-2,0
1,sml,f,19,13,18,2339599,2343724,110,0,learn_array_B,location-2,-5
1,sml,f,19,16,18,2348544,2351061,141,0,learn_array_B,location-2,-2
1,sml,f,19,177,0,2355846,2358788,32,18,learn_array_B,location-1,-3
1,sml,f,19,85,90,2363491,2368501,133,108,learn_array_A,location-1,-5
1,sml,f,19,18,18,2373311,2382176,64,0,learn_array_B,location-2,0
1,sml,f,19,23,18,2386811,2390360,126,0,learn_array_B,location-2,5
1,sml,f,19,178,0,2395133,2397419,113,18,learn_array_B,location-1,-2
1,sml,f,19,106,108,2402161,2404595,29,90,learn_array_A,location-2,-2
1,sml,f,19,104,108,2409369,2414747,67,90,learn_array_A,location-2,-4
1,sml,f,19,106,108,2419407,2421975,22,90,learn_array_A,location-2,-2
1,sml,f,19,106,108,2426786,2429885,109,90,learn_array_A,location-2,-2
1,sml,f,19,178,0,2434681,2439774,17,18,learn_array_B,location-1,-2
1,sml,f,19,85,90,2444519,2451959,114,108,learn_array_A,location-1,-5
1,sml,f,19,178,0,2456745,2461703,9,18,learn_array_B,location-1,-2
1,sml,f,19,14,18,2466540,2474694,78,0,learn_array_B,location-2,-4
1,sml,f,19,25,18,2479427,2484740,139,0,learn_array_B,location-2,7
1,sml,f,19,19,18,2489343,2493923,42,0,learn_array_B,location-2,1
1,sml,f,19,179,18,2498546,2502220,60,0,learn_array_B,location-2,-19
1,sml,f,19,107,108,2506843,2509293,94,90,learn_array_A,location-2,-1
1,sml,f,19,177,0,2513987,2524252,23,18,learn_array_B,location-1,-3
1,sml,f,19,106,108,2529086,2532336,66,90,learn_array_A,location-2,-2
1,sml,f,19,90,90,2536963,2540798,121,108,learn_array_A,location-1,0
1,sml,f,19,94,90,2545476,2552429,29,108,learn_array_A,location-1,4
1,sml,f,19,87,90,2557225,2561565,63,108,learn_array_A,location-1,-3
block
1,sml,f,19,85,90,2569532,2571880,113,108,learn_array_A,location-1,-5
1,sml,f,19,105,108,2576539,2582322,16,90,learn_array_A,location-2,-3
1,sml,f,19,106,108,2587061,2591967,92,90,learn_array_A,location-2,-2
1,sml,f,19,16,18,2596588,2599376,134,0,learn_array_B,location-2,-2
1,sml,f,19,103,108,2603988,2606861,17,90,learn_array_A,location-2,-5
1,sml,f,19,3,0,2611609,2616009,54,18,learn_array_B,location-1,3
1,sml,f,19,97,108,2620700,2626748,114,90,learn_array_A,location-2,-11
1,sml,f,19,15,18,2631521,2635357,55,0,learn_array_B,location-2,-3
1,sml,f,19,3,0,2640009,2644950,74,18,learn_array_B,location-1,3
1,sml,f,19,10,18,2649612,2652492,17,0,learn_array_B,location-2,-8
1,sml,f,19,20,18,2657093,2661295,6,0,learn_array_B,location-2,2
1,sml,f,19,178,0,2666083,2669243,5,18,learn_array_B,location-1,-2
1,sml,f,19,176,0,2673963,2678024,94,18,learn_array_B,location-1,-4
1,sml,f,19,93,90,2682707,2685294,45,108,learn_array_A,location-1,3
1,sml,f,19,4,0,2689934,2693849,153,18,learn_array_B,location-1,4
1,sml,f,19,106,108,2698680,2702738,167,90,learn_array_A,location-2,-2
1,sml,f,19,103,108,2707506,2715251,22,90,learn_array_A,location-2,-5
1,sml,f,19,21,18,2719966,2724761,109,0,learn_array_B,location-2,3
1,sml,f,19,16,18,2729453,2733516,19,0,learn_array_B,location-2,-2
1,sml,f,19,171,0,2738301,2740509,154,18,learn_array_B,location-1,-9
1,sml,f,19,93,90,2745216,2750465,96,108,learn_array_A,location-1,3
1,sml,f,19,83,90,2755109,2758203,158,108,learn_array_A,location-1,-7
1,sml,f,19,89,90,2762979,2770151,60,108,learn_array_A,location-1,-1
1,sml,f,19,91,90,2774841,2779048,175,108,learn_array_A,location-1,1
1,sml,f,19,89,90,2783682,2786998,14,108,learn_array_A,location-1,-1
1,sml,f,19,102,108,2791798,2795345,123,90,learn_array_A,location-2,-6
1,sml,f,19,90,90,2800180,2806364,110,108,learn_array_A,location-1,0
1,sml,f,19,1,0,2811003,2814854,119,18,learn_array_B,location-1,1
1,sml,f,19,15,18,2819542,2823960,114,0,learn_array_B,location-2,-3
1,sml,f,19,103,108,2828766,2835931,70,90,learn_array_A,location-2,-5
1,sml,f,19,14,18,2840539,2849764,60,0,learn_array_B,location-2,-4
1,sml,f,19,0,0,2854445,2861165,145,18,learn_array_B,location-1,0
block
1,sml,f,19,11,18,2867852,2870495,162,0,learn_array_B,location-2,-7
1,sml,f,19,6,18,2875225,2879266,109,0,learn_array_B,location-2,-12
1,sml,f,19,96,90,2883965,2888750,30,108,learn_array_A,location-1,6
1,sml,f,19,111,108,2893392,2896120,167,90,learn_array_A,location-2,3
1,sml,f,19,176,0,2900924,2904548,18,18,learn_array_B,location-1,-4
1,sml,f,19,171,0,2909373,2912624,135,18,learn_array_B,location-1,-9
1,sml,f,19,19,18,2917391,2920859,69,0,learn_array_B,location-2,1
1,sml,f,19,104,108,2925690,2930261,95,90,learn_array_A,location-2,-4
1,sml,f,19,177,0,2935028,2941895,110,18,learn_array_B,location-1,-3
1,sml,f,19,16,18,2946693,2950890,29,0,learn_array_B,location-2,-2
1,sml,f,19,90,90,2955720,2963172,86,108,learn_array_A,location-1,0
1,sml,f,19,178,0,2967907,2972408,99,18,learn_array_B,location-1,-2
1,sml,f,19,22,108,2977164,2981799,77,90,learn_array_A,location-2,-86
1,sml,f,19,17,18,2986600,2989922,98,0,learn_array_B,location-2,-1
1,sml,f,19,3,0,2994667,2998571,79,18,learn_array_B,location-1,3
1,sml,f,19,90,90,3003258,3007994,80,108,learn_array_A,location-1,0
1,sml,f,19,105,108,3012622,3015792,154,90,learn_array_A,location-2,-3
1,sml,f,19,2,0,3020446,3026142,37,18,learn_array_B,location-1,2
1,sml,f,19,106,108,3030823,3034443,1,90,learn_array_A,location-2,-2
1,sml,f,19,45,18,3039249,3040283,18,0,learn_array_B,location-2,27
1,sml,f,19,92,90,3044987,3047439,154,108,learn_array_A,location-1,2
1,sml,f,19,93,90,3052204,3055966,75,108,learn_array_A,location-1,3
1,sml,f,19,103,108,3060592,3066073,15,90,learn_array_A,location-2,-5
1,sml,f,19,100,108,3070687,3074813,64,90,learn_array_A,location-2,-8
1,sml,f,19,18,18,3079598,3085971,104,0,learn_array_B,location-2,0
1,sml,f,19,99,108,3090582,3093987,100,90,learn_array_A,location-2,-9
1,sml,f,19,83,90,3098800,3102707,99,108,learn_array_A,location-1,-7
1,sml,f,19,17,18,3107368,3112836,53,0,learn_array_B,location-2,-1
1,sml,f,19,178,0,3117486,3120659,3,18,learn_array_B,location-1,-2
1,sml,f,19,179,90,3125265,3128007,91,108,learn_array_A,location-1,89
1,sml,f,19,174,0,3132740,3136207,136,18,learn_array_B,location-1,-6
1,sml,f,19,97,90,3140817,3145099,159,108,learn_array_A,location-1,7
block
1,sml,f,19,17,18,3151564,3155529,130,0,learn_array_B,location-2,-1
1,sml,f,19,19,18,3160150,3164031,51,0,learn_array_B,location-2,1
1,sml,f,19,175,0,3168846,3172172,155,18,learn_array_B,location-1,-5
1,sml,f,19,178,0,3176934,3180833,31,18,learn_array_B,location-1,-2
1,sml,f,19,176,0,3185570,3191969,6,18,learn_array_B,location-1,-4
1,sml,f,19,8,18,3196612,3201118,146,0,learn_array_B,location-2,-10
1,sml,f,19,77,90,3205906,3212028,162,108,learn_array_A,location-1,-13
1,sml,f,19,100,108,3216833,3219635,90,90,learn_array_A,location-2,-8
1,sml,f,19,176,0,3224471,3226831,1,18,learn_array_B,location-1,-4
1,sml,f,19,16,18,3231517,3233545,171,0,learn_array_B,location-2,-2
1,sml,f,19,5,0,3238406,3240258,171,18,learn_array_B,location-1,5
1,sml,f,19,104,108,3244888,3251684,20,90,learn_array_A,location-2,-4
1,sml,f,19,86,90,3256387,3261208,148,108,learn_array_A,location-1,-4
1,sml,f,19,99,108,3265867,3277745,142,90,learn_array_A,location-2,-9
1,sml,f,19,103,108,3282441,3285029,137,90,learn_array_A,location-2,-5
1,sml,f,19,89,90,3289804,3293356,73,108,learn_array_A,location-1,-1
1,sml,f,19,91,90,3298021,3301344,97,108,learn_array_A,location-1,1
1,sml,f,19,88,90,3306106,3311272,68,108,learn_array_A,location-1,-2
1,sml,f,19,173,0,3315865,3319341,112,18,learn_array_B,location-1,-7
1,sml,f,19,67,90,3324070,3330702,171,108,learn_array_A,location-1,-23
1,sml,f,19,92,90,3335460,3339310,119,108,learn_array_A,location-1,2
1,sml,f,19,92,90,3344087,3355315,89,108,learn_array_A,location-1,2
1,sml,f,19,12,18,3359941,3364155,34,0,learn_array_B,location-2,-6
1,sml,f,19,100,108,3368828,3375121,144,90,learn_array_A,location-2,-8
1,sml,f,19,105,108,3379912,3384121,169,90,learn_array_A,location-2,-3
1,sml,f,19,10,18,3388836,3393574,168,0,learn_array_B,location-2,-8
1,sml,f,19,179,0,3398305,3402002,171,18,learn_array_B,location-1,-1
1,sml,f,19,1,0,3406614,3412156,102,18,learn_array_B,location-1,1
1,sml,f,19,14,18,3416943,3419165,132,0,learn_array_B,location-2,-4
1,sml,f,19,107,108,3423761,3427161,47,90,learn_array_A,location-2,-1
1,sml,f,19,9,18,3431752,3435178,141,0,learn_array_B,location-2,-9
1,sml,f,19,98,108,3439920,3444425,134,90,learn_array_A,location-2,-10
block
1,sml,f,19,89,90,3450987,3454883,139,108,learn_array_A,location-1,-1
1,sml,f,19,92,90,3459482,3470865,94,108,learn_array_A,location-1,2
1,sml,f,19,87,90,3475487,3480215,156,108,learn_array_A,location-1,-3
1,sml,f,19,6,18,3485003,3489979,118,0,learn_array_B,location-2,-12
1,sml,f,19,101,108,3494798,3498278,111,90,learn_array_A,location-2,-7
1,sml,f,19,179,0,3502995,3508707,149,18,learn_array_B,location-1,-1
1,sml,f,19,95,90,3513397,3516812,15,108,learn_array_A,location-1,5
1,sml,f,19,0,0,3521530,3527884,28,18,learn_array_B,location-1,0
1,sml,f,19,177,0,3532506,3535984,81,18,learn_array_B,location-1,-3
1,sml,f,19,7,18,3540755,3544521,133,0,learn_array_B,location-2,-11
1,sml,f,19,179,0,3549235,3553314,8,18,learn_array_B,location-1,-1
1,sml,f,19,179,0,3557943,3565987,38,18,learn_array_B,location-1,-1
1,sml,f,19,178,0,3570677,3576274,91,18,learn_array_B,location-1,-2
1,sml,f,19,105,108,3581040,3585249,136,90,learn_array_A,location-2,-3
1,sml,f,19,97,90,3590016,3594077,46,108,learn_array_A,location-1,7
1,sml,f,19,84,90,3598796,3602727,122,108,learn_array_A,location-1,-6
1,sml,f,19,107,108,3607352,3615175,173,90,learn_array_A,location-2,-1
1,sml,f,19,13,18,3619930,3623868,156,0,learn_array_B,location-2,-5
1,sml,f,19,94,90,3628592,3631554,63,108,learn_array_A,location-1,4
1,sml,f,19,15,18,3636163,3639792,130,0,learn_array_B,location-2,-3
1,sml,f,19,9,0,3644543,3649660,84,18,learn_array_B,location-1,9
1,sml,f,19,16,18,3654323,3657286,55,0,learn_array_B,location-2,-2
1,sml,f,19,11,18,3661982,3667457,92,0,learn_array_B,location-2,-7
1,sml,f,19,13,18,3672117,3674920,47,0,learn_array_B,location-2,-5
1,sml,f,19,107,108,3679595,3685789,97,90,learn_array_A,location-2,-1
1,sml,f,19,104,108,3690458,3696287,61,90,learn_array_A,location-2,-4
1,sml,f,19,12,18,3701123,3708568,101,0,learn_array_B,location-2,-6
1,sml,f,19,177,0,3713394,3716665,31,18,learn_array_B,location-1,-3
1,sml,f,19,88,90,3721374,3726779,63,108,learn_array_A,location-1,-2
1,sml,f,19,103,108,3731526,3735883,94,90,learn_array_A,location-2,-5
1,sml,f,19,104,108,3740596,3744506,116,90,learn_array_A,location-2,-4
1,sml,f,19,106,108,3749243,3753593,43,90,learn_array_A,location-2,-2
block
1,sml,f,19,0,0,3773596,3776786,152,18,learn_array_B,location-1,0
1,sml,f,19,89,90,3781584,3787164,172,108,learn_array_A,location-1,-1
1,sml,f,19,7,18,3791860,3794456,110,0,learn_array_B,location-2,-11
1,sml,f,19,84,90,3799209,3803830,68,108,learn_array_A,location-1,-6
1,sml,f,19,103,108,3808651,3811457,32,90,learn_array_A,location-2,-5
1,sml,f,19,106,108,3816068,3821200,10,90,learn_array_A,location-2,-2
1,sml,f,19,104,108,3825820,3829805,27,90,learn_array_A,location-2,-4
1,sml,f,19,16,18,3834487,3838519,156,0,learn_array_B,location-2,-2
1,sml,f,19,9,18,3843151,3856829,6,0,learn_array_B,location-2,-9
1,sml,f,19,3,0,3861428,3869421,52,18,learn_array_B,location-1,3
1,sml,f,19,89,90,3874199,3885130,106,108,learn_array_A,location-1,-1
1,sml,f,19,91,90,3889790,3893712,59,108,learn_array_A,location-1,1
1,sml,f,19,98,108,3898444,3901543,85,90,learn_array_A,location-2,-10
1,sml,f,19,103,108,3906138,3908136,65,90,learn_array_A,location-2,-5
1,sml,f,19,106,108,3912790,3917445,8,90,learn_array_A,location-2,-2
1,sml,f,19,176,0,3922172,3925501,15,18,learn_array_B,location-1,-4
1,sml,f,19,174,0,3930318,3936525,114,18,learn_array_B,location-1,-6
1,sml,f,19,102,108,3941243,3944426,97,90,learn_array_A,location-2,-6
1,sml,f,19,79,90,3949153,3954682,178,108,learn_array_A,location-1,-11
1,sml,f,19,15,18,3959383,3962194,130,0,learn_array_B,location-2,-3
1,sml,f,19,12,18,3966868,3974388,88,0,learn_array_B,location-2,-6
1,sml,f,19,17,18,3979209,3991665,28,0,learn_array_B,location-2,-1
1,sml,f,19,89,90,3996332,4002381,167,108,learn_array_A,location-1,-1
1,sml,f,19,25,18,4007215,4010824,40,0,learn_array_B,location-2,7
1,sml,f,19,90,90,4015443,4023951,145,108,learn_array_A,location-1,0
1,sml,f,19,174,0,4028728,4038844,123,18,learn_array_B,location-1,-6
1,sml,f,19,83,90,4043446,4051406,127,108,learn_array_A,location-1,-7
1,sml,f,19,178,0,4056177,4060866,133,18,learn_array_B,location-1,-2
1,sml,f,19,174,0,4065576,4070632,165,18,learn_array_B,location-1,-6
1,sml,f,19,1,0,4075424,4080163,23,18,learn_array_B,location-1,1
1,sml,f,19,108,108,4084947,4093207,24,90,learn_array_A,location-2,0
1,sml,f,19,14,18,4097982,4103206,34,0,learn_array_B,location-2,-4
block
1,sml,f,19,89,108,4110812,4118917,62,90,learn_array_A,location-2,-19
1,sml,f,19,93,90,4123563,4126798,50,108,learn_array_A,location-1,3
1,sml,f,19,94,90,4131507,4135131,130,108,learn_array_A,location-1,4
1,sml,f,19,13,18,4139865,4144001,159,0,learn_array_B,location-2,-5
1,sml,f,19,1,0,4148740,4151414,63,18,learn_array_B,location-1,1
1,sml,f,19,87,90,4156087,4160878,146,108,learn_array_A,location-1,-3
1,sml,f,19,18,18,4165675,4168554,30,0,learn_array_B,location-2,0
1,sml,f,19,2,90,4173222,4176026,15,108,learn_array_A,location-1,-88
1,sml,f,19,20,18,4180813,4183314,15,0,learn_array_B,location-2,2
1,sml,f,19,108,108,4188146,4191260,36,90,learn_array_A,location-2,0
1,sml,f,19,19,18,4196062,4198638,21,0,learn_array_B,location-2,1
1,sml,f,19,1,0,4203268,4207918,147,18,learn_array_B,location-1,1
1,sml,f,19,105,90,4212610,4220922,22,108,learn_array_A,location-1,15
1,sml,f,19,103,108,4225761,4229230,69,90,learn_array_A,location-2,-5
1,sml,f,19,174,0,4233884,4237363,15,18,learn_array_B,location-1,-6
1,sml,f,19,8,18,4241995,4247996,31,0,learn_array_B,location-2,-10
1,sml,f,19,1,0,4252830,4260054,81,18,learn_array_B,location-1,1
1,sml,f,19,169,0,4264858,4270669,161,18,learn_array_B,location-1,-11
1,sml,f,19,101,108,4275460,4280907,127,90,learn_array_A,location-2,-7
1,sml,f,19,10,18,4285648,4288773,134,0,learn_array_B,location-2,-8
1,sml,f,19,177,0,4293544,4299315,86,18,learn_array_B,location-1,-3
1,sml,f,19,8,18,4303965,4306387,90,0,learn_array_B,location-2,-10
1,sml,f,19,105,108,4311123,4320824,114,90,learn_array_A,location-2,-3
1,sml,f,19,96,90,4325581,4328167,104,108,learn_array_A,location-1,6
1,sml,f,19,93,90,4332813,4335608,81,108,learn_array_A,location-1,3
1,sml,f,19,106,108,4340228,4346048,0,90,learn_array_A,location-2,-2
1,sml,f,19,9,18,4350830,4355488,154,0,learn_array_B,location-2,-9
1,sml,f,19,176,0,4360198,4365354,53,18,learn_array_B,location-1,-4
1,sml,f,19,91,90,4370161,4388916,150,108,learn_array_A,location-1,1
1,sml,f,19,106,108,4393685,4397528,9,90,learn_array_A,location-2,-2
1,sml,f,19,102,108,4402359,4405247,33,90,learn_array_A,location-2,-6
1,sml,f,19,174,0,4409938,4415166,174,18,learn_array_B,location-1,-6
block
1,sml,f,19,13,18,4440444,4445901,45,0,learn_array_B,location-2,-5
1,sml,f,19,17,18,4450548,4455112,148,0,learn_array_B,location-2,-1
1,sml,f,19,106,108,4459787,4466076,67,90,learn_array_A,location-2,-2
1,sml,f,19,1,0,4470701,4476706,174,18,learn_array_B,location-1,1
1,sml,f,19,18,18,4481323,4485464,67,0,learn_array_B,location-2,0
1,sml,f,19,89,90,4490203,4499375,50,108,learn_array_A,location-1,-1
1,sml,f,19,156,108,4504104,4504326,140,90,learn_array_A,location-2,48
1,sml,f,19,1,0,4509039,4513781,133,18,learn_array_B,location-1,1
1,sml,f,19,178,0,4518424,4523007,116,18,learn_array_B,location-1,-2
1,sml,f,19,12,18,4527739,4534374,149,0,learn_array_B,location-2,-6
1,sml,f,19,3,0,4539129,4544097,45,18,learn_array_B,location-1,3
1,sml,f,19,89,90,4548817,4553165,93,108,learn_array_A,location-1,-1
1,sml,f,19,90,90,4557926,4564214,135,108,learn_array_A,location-1,0
1,sml,f,19,93,90,4568996,4573198,35,108,learn_array_A,location-1,3
1,sml,f,19,96,90,4578018,4581185,10,108,learn_array_A,location-1,6
1,sml,f,19,103,108,4585913,4588346,23,90,learn_array_A,location-2,-5
1,sml,f,19,89,90,4593135,4596223,101,108,learn_array_A,location-1,-1
1,sml,f,19,109,108,4600828,4605559,170,90,learn_array_A,location-2,1
1,sml,f,19,175,0,4610273,4613310,55,18,learn_array_B,location-1,-5
1,sml,f,19,14,108,4618095,4624094,48,90,learn_array_A,location-2,86
1,sml,f,19,17,18,4628768,4633792,37,0,learn_array_B,location-2,-1
1,sml,f,19,99,108,4638413,4644623,156,90,learn_array_A,location-2,-9
1,sml,f,19,93,90,4649311,4658238,46,108,learn_array_A,location-1,3
1,sml,f,19,85,90,4662992,4669054,89,108,learn_array_A,location-1,-5
1,sml,f,19,16,18,4673868,4679033,47,0,learn_array_B,location-2,-2
1,sml,f,19,105,108,4683751,4687075,67,90,learn_array_A,location-2,-3
1,sml,f,19,3,18,4691704,4696802,108,0,learn_array_B,location-2,-15
1,sml,f,19,0,0,4701500,4704684,72,18,learn_array_B,location-1,0
1,sml,f,19,105,108,4709484,4713385,7,90,learn_array_A,location-2,-3
1,sml,f,19,15,18,4718211,4723605,158,0,learn_array_B,location-2,-3
1,sml,f,19,0,0,4728351,4730488,108,18,learn_array_B,location-1,0
1,sml,f,19,177,0,4735244,4741327,14,18,learn_array_B,location-1,-3
block
1,sml,f,19,90,90,4779660,4782531,27,108,learn_array_A,location-1,0
1,sml,f,19,106,108,4787290,4791676,161,90,learn_array_A,location-2,-2
1,sml,f,19,13,18,4796372,4800486,37,0,learn_array_B,location-2,-5
1,sml,f,19,1,0,4805191,4811347,40,18,learn_array_B,location-1,1
1,sml,f,19,13,18,4815944,4818826,72,0,learn_array_B,location-2,-5
1,sml,f,19,0,0,4823616,4826431,90,18,learn_array_B,location-1,0
1,sml,f,19,6,0,4831148,4833573,36,18,learn_array_B,location-1,6
1,sml,f,19,11,18,4838310,4842663,126,0,learn_array_B,location-2,-7
1,sml,f,19,13,18,4847383,4855114,67,0,learn_array_B,location-2,-5
1,sml,f,19,93,90,4859942,4862745,35,108,learn_array_A,location-1,3
1,sml,f,19,11,18,4867570,4870224,169,0,learn_array_B,location-2,-7
1,sml,f,19,0,90,4874852,4877218,172,108,learn_array_A,location-1,-90
1,sml,f,19,107,108,4881892,4885874,177,90,learn_array_A,location-2,-1
1,sml,f,19,13,18,4890514,4895313,157,0,learn_array_B,location-2,-5
1,sml,f,19,96,90,4899992,4909640,60,108,learn_array_A,location-1,6
1,sml,f,19,3,0,4914326,4917291,123,18,learn_array_B,location-1,3
1,sml,f,19,102,108,4921924,4926498,119,90,learn_array_A,location-2,-6
1,sml,f,19,2,0,4931313,4936174,118,18,learn_array_B,location-1,2
1,sml,f,19,93,90,4940976,4944878,48,108,learn_array_A,location-1,3
1,sml,f,19,89,90,4949709,4953329,76,108,learn_array_A,location-1,-1
1,sml,f,19,174,0,4957987,4964706,116,18,learn_array_B,location-1,-6
1,sml,f,19,110,108,4969326,4972063,172,90,learn_array_A,location-2,2
1,sml,f,19,103,108,4976772,4984373,122,90,learn_array_A,location-2,-5
1,sml,f,19,102,108,4988986,4992389,160,90,learn_array_A,location-2,-6
1,sml,f,19,106,108,4997027,5000263,123,90,learn_array_A,location-2,-2
1,sml,f,19,98,90,5005008,5007951,141,108,learn_array_A,location-1,8
1,sml,f,19,93,90,5012582,5015247,83,108,learn_array_A,location-1,3
1,sml,f,19,175,0,5019848,5022958,133,18,learn_array_B,location-1,-5
1,sml,f,19,105,108,5027758,5032637,123,90,learn_array_A,location-2,-3
1,sml,f,19,175,0,5037459,5040193,19,18,learn_array_B,location-1,-5
1,sml,f,19,10,18,5044925,5048916,141,0,learn_array_B,location-2,-8
1,sml,f,19,20,18,5053619,5063967,157,0,learn_array_B,location-2,2
block
1,sml,f,19,101,108,5094075,5096720,95,90,learn_array_A,location-2,-7
1,sml,f,19,175,0,5101328,5104419,114,18,learn_array_B,location-1,-5
1,sml,f,19,107,108,5109129,5112507,83,90,learn_array_A,location-2,-1
1,sml,f,19,2,0,5117238,5121893,96,18,learn_array_B,location-1,2
1,sml,f,19,10,0,5126576,5130479,101,18,learn_array_B,location-1,10
1,sml,f,19,172,0,5135300,5137674,28,18,learn_array_B,location-1,-8
1,sml,f,19,124,0,5142408,5144334,93,18,learn_array_B,location-1,-56
1,sml,f,19,94,90,5149102,5153258,91,108,learn_array_A,location-1,4
1,sml,f,19,177,0,5158008,5166035,81,18,learn_array_B,location-1,-3
1,sml,f,19,93,90,5170719,5174548,124,108,learn_array_A,location-1,3
1,sml,f,19,11,18,5179383,5184046,166,0,learn_array_B,location-2,-7
1,sml,f,19,92,90,5188727,5196033,76,108,learn_array_A,location-1,2
1,sml,f,19,12,18,5200729,5205463,137,0,learn_array_B,location-2,-6
1,sml,f,19,100,108,5210166,5217706,46,90,learn_array_A,location-2,-8
1,sml,f,19,93,90,5222311,5237655,177,108,learn_array_A,location-1,3
1,sml,f,19,95,90,5242435,5246416,28,108,learn_array_A,location-1,5
1,sml,f,19,101,108,5251233,5264508,152,90,learn_array_A,location-2,-7
1,sml,f,19,98,108,5269142,5279951,145,90,learn_array_A,location-2,-10
1,sml,f,19,103,108,5284591,5289897,21,90,learn_array_A,location-2,-5
1,sml,f,19,12,18,5294595,5299113,86,0,learn_array_B,location-2,-6
1,sml,f,19,18,18,5303944,5308071,35,0,learn_array_B,location-2,0
1,sml,f,19,13,18,5312817,5320810,61,0,learn_array_B,location-2,-5
1,sml,f,19,102,108,5325404,5328941,99,90,learn_array_A,location-2,-6
1,sml,f,19,2,0,5333588,5337878,31,18,learn_array_B,location-1,2
1,sml,f,19,20,18,5342676,5345618,4,0,learn_array_B,location-2,2
1,sml,f,19,10,18,5350296,5354676,116,0,learn_array_B,location-2,-8
1,sml,f,19,5,0,5359447,5364761,14,18,learn_array_B,location-1,5
1,sml,f,19,103,108,5369506,5373271,152,90,learn_array_A,location-2,-5
1,sml,f,19,94,90,5378089,5385041,151,108,learn_array_A,location-1,4
1,sml,f,19,96,90,5389873,5394284,7,108,learn_array_A,location-1,6
1,sml,f,19,96,90,5399081,5404717,4,108,learn_array_A,location-1,6
1,sml,f,19,11,18,5409481,5424357,86,0,learn_array_B,location-2,-7
block
1,sml,f,19,17,18,5432668,5438557,61,0,learn_array_B,location-2,-1
1,sml,f,19,98,108,5443303,5445356,97,90,learn_array_A,location-2,-10
1,sml,f,19,12,18,5449968,5452988,54,0,learn_array_B,location-2,-6
1,sml,f,19,86,90,5457660,5460226,158,108,learn_array_A,location-1,-4
1,sml,f,19,21,18,5464900,5467860,112,0,learn_array_B,location-2,3
1,sml,f,19,0,0,5472607,5474895,59,18,learn_array_B,location-1,0
1,sml,f,19,99,108,5479557,5482285,75,90,learn_array_A,location-2,-9
1,sml,f,19,4,0,5486934,5489217,72,18,learn_array_B,location-1,4
1,sml,f,19,96,90,5493926,5496293,6,108,learn_array_A,location-1,6
1,sml,f,19,10,18,5501127,5503712,11,0,learn_array_B,location-2,-8
1,sml,f,19,95,108,5508381,5510520,36,90,learn_array_A,location-2,-13
1,sml,f,19,20,18,5515317,5517682,26,0,learn_array_B,location-2,2
1,sml,f,19,97,90,5522291,5524073,156,108,learn_array_A,location-1,7
1,sml,f,19,167,0,5528860,5533381,98,18,learn_array_B,location-1,-13
1,sml,f,19,106,108,5538214,5544631,104,90,learn_array_A,location-2,-2
1,sml,f,19,105,108,5549422,5552891,60,90,learn_array_A,location-2,-3
1,sml,f,19,174,0,5557485,5560077,172,18,learn_array_B,location-1,-6
1,sml,f,19,13,18,5564778,5566921,14,0,learn_array_B,location-2,-5
1,sml,f,19,2,0,5571625,5574660,86,18,learn_array_B,location-1,2
1,sml,f,19,177,0,5579269,5581341,91,18,learn_array_B,location-1,-3
1,sml,f,19,95,108,5585956,5599868,172,90,learn_array_A,location-2,-13
1,sml,f,19,177,0,5604578,5609578,59,18,learn_array_B,location-1,-3
1,sml,f,19,83,90,5614343,5616553,173,108,learn_array_A,location-1,-7
1,sml,f,19,93,90,5621154,5636507,18,108,learn_array_A,location-1,3
1,sml,f,19,13,18,5641245,5645356,82,0,learn_array_B,location-2,-5
1,sml,f,19,165,0,5649970,5655337,110,18,learn_array_B,location-1,-15
1,sml,f,19,98,90,5659938,5661861,70,108,learn_array_A,location-1,8
1,sml,f,19,21,18,5666598,5668917,79,0,learn_array_B,location-2,3
1,sml,f,19,107,108,5673557,5676282,3,90,learn_array_A,location-2,-1
1,sml,f,19,78,90,5681107,5686203,87,108,learn_array_A,location-1,-12
1,sml,f,19,88,108,5690992,5694467,71,90,learn_array_A,location-2,-20
1,sml,f,19,95,90,5699284,5701507,69,108,learn_array_A,location-1,5
block
1,sml,f,19,87,90,5709787,5712272,95,108,learn_array_A,location-1,-3
1,sml,f,19,102,108,5717078,5721255,120,90,learn_array_A,location-2,-6
1,sml,f,19,14,18,5726036,5732628,158,0,learn_array_B,location-2,-4
1,sml,f,19,6,0,5737284,5739875,86,18,learn_array_B,location-1,6
1,sml,f,19,87,90,5744695,5748032,108,108,learn_array_A,location-1,-3
1,sml,f,19,172,0,5752644,5754794,1,18,learn_array_B,location-1,-8
1,sml,f,19,25,18,5759551,5761770,96,0,learn_array_B,location-2,7
1,sml,f,19,82,108,5766585,5770047,47,90,learn_array_A,location-2,-26
1,sml,f,19,29,18,5774878,5779444,153,0,learn_array_B,location-2,11
1,sml,f,19,87,90,5784258,5790327,173,108,learn_array_A,location-1,-3
1,sml,f,19,86,90,5794945,5799513,41,108,learn_array_A,location-1,-4
1,sml,f,19,111,108,5804256,5806926,165,90,learn_array_A,location-2,3
1,sml,f,19,10,18,5811683,5815503,89,0,learn_array_B,location-2,-8
1,sml,f,19,166,0,5820271,5823829,6,18,learn_array_B,location-1,-14
1,sml,f,19,98,90,5828475,5832755,60,108,learn_array_A,location-1,8
1,sml,f,19,103,108,5837543,5841872,135,90,learn_array_A,location-2,-5
1,sml,f,19,85,90,5846699,5849277,97,108,learn_array_A,location-1,-5
1,sml,f,19,14,0,5853882,5856696,142,18,learn_array_B,location-1,14
1,sml,f,19,12,18,5861498,5863648,129,0,learn_array_B,location-2,-6
1,sml,f,19,88,90,5868351,5870858,102,108,learn_array_A,location-1,-2
1,sml,f,19,11,18,5875537,5877454,174,0,learn_array_B,location-2,-7
1,sml,f,19,172,0,5882080,5887996,48,18,learn_array_B,location-1,-8
1,sml,f,19,17,18,5892678,5896563,164,0,learn_array_B,location-2,-1
1,sml,f,19,86,108,5901320,5903537,178,90,learn_array_A,location-2,-22
1,sml,f,19,113,108,5908195,5910327,155,90,learn_array_A,location-2,5
1,sml,f,19,88,90,5914994,5920468,118,108,learn_array_A,location-1,-2
1,sml,f,19,173,0,5925237,5928710,90,18,learn_array_B,location-1,-7
1,sml,f,19,13,18,5933457,5936417,125,0,learn_array_B,location-2,-5
1,sml,f,19,98,108,5941172,5944882,127,90,learn_array_A,location-2,-10
1,sml,f,19,97,108,5949647,5958715,162,90,learn_array_A,location-2,-11
1,sml,f,19,177,0,5963494,5968016,93,18,learn_array_B,location-1,-3
1,sml,f,19,177,0,5972660,5979248,125,18,learn_array_B,location-1,-3
block
