subj,name,gender,age,col_resp,target_angle,start_time,resp_time,start_angle,other_angle,learn_array,location,d_value
20,dyq,m,21,179,0,12095,14643,117,90,learn_array_A,location-1,-1
20,dyq,m,21,177,0,19341,21894,165,90,learn_array_A,location-1,-3
20,dyq,m,21,127,108,26523,30683,139,18,learn_array_B,location-1,19
20,dyq,m,21,108,108,35522,40759,97,18,learn_array_B,location-1,0
20,dyq,m,21,84,90,45440,47774,64,0,learn_array_A,location-2,-6
20,dyq,m,21,0,0,52400,56034,151,90,learn_array_A,location-1,0
20,dyq,m,21,17,108,60847,62955,4,18,learn_array_B,location-1,89
20,dyq,m,21,10,18,67549,70457,175,108,learn_array_B,location-2,-8
20,dyq,m,21,5,18,75186,78316,40,108,learn_array_B,location-2,-13
20,dyq,m,21,8,18,83037,86237,101,108,learn_array_B,location-2,-10
20,dyq,m,21,176,0,90837,94179,124,90,learn_array_A,location-1,-4
20,dyq,m,21,116,108,98947,102632,161,18,learn_array_B,location-1,8
20,dyq,m,21,175,18,107289,111076,67,108,learn_array_B,location-2,-23
20,dyq,m,21,177,0,115777,118612,140,90,learn_array_A,location-1,-3
20,dyq,m,21,86,90,123328,126963,145,0,learn_array_A,location-2,-4
20,dyq,m,21,9,0,131627,133947,42,90,learn_array_A,location-1,9
20,dyq,m,21,105,108,138551,142343,61,18,learn_array_B,location-1,-3
20,dyq,m,21,86,90,147135,150261,9,0,learn_array_A,location-2,-4
20,dyq,m,21,3,0,154896,156930,37,90,learn_array_A,location-1,3
20,dyq,m,21,89,90,161758,164584,149,0,learn_array_A,location-2,-1
20,dyq,m,21,7,18,169345,172322,117,108,learn_array_B,location-2,-11
20,dyq,m,21,129,108,176995,181426,69,18,learn_array_B,location-1,21
20,dyq,m,21,84,90,186208,189696,104,0,learn_array_A,location-2,-6
20,dyq,m,21,82,90,194450,198233,163,0,learn_array_A,location-2,-8
20,dyq,m,21,8,18,203031,206228,49,108,learn_array_B,location-2,-10
20,dyq,m,21,73,90,210941,213412,75,0,learn_array_A,location-2,-17
20,dyq,m,21,76,90,218110,222186,138,0,learn_array_A,location-2,-14
20,dyq,m,21,178,0,226807,229858,6,90,learn_array_A,location-1,-2
20,dyq,m,21,10,18,234688,237516,151,108,learn_array_B,location-2,-8
20,dyq,m,21,12,18,242350,245037,119,108,learn_array_B,location-2,-6
20,dyq,m,21,136,108,249862,252772,127,18,learn_array_B,location-1,28
20,dyq,m,21,108,108,257361,261211,33,18,learn_array_B,location-1,0
block
20,dyq,m,21,4,0,282715,288818,161,90,learn_array_A,location-1,4
20,dyq,m,21,178,18,293416,296328,89,108,learn_array_B,location-2,-20
20,dyq,m,21,76,90,300932,303476,69,0,learn_array_A,location-2,-14
20,dyq,m,21,108,108,308087,311081,47,18,learn_array_B,location-1,0
20,dyq,m,21,70,90,315820,318000,98,0,learn_array_A,location-2,-20
20,dyq,m,21,11,18,322634,324957,173,108,learn_array_B,location-2,-7
20,dyq,m,21,102,108,329596,333150,115,18,learn_array_B,location-1,-6
20,dyq,m,21,20,18,337854,340392,138,108,learn_array_B,location-2,2
20,dyq,m,21,108,108,345215,348483,146,18,learn_array_B,location-1,0
20,dyq,m,21,22,18,353167,356357,80,108,learn_array_B,location-2,4
20,dyq,m,21,21,18,361127,364898,132,108,learn_array_B,location-2,3
20,dyq,m,21,176,0,369497,371313,175,90,learn_array_A,location-1,-4
20,dyq,m,21,84,90,375982,379109,30,0,learn_array_A,location-2,-6
20,dyq,m,21,3,0,383777,385966,62,90,learn_array_A,location-1,3
20,dyq,m,21,21,18,390695,392513,176,108,learn_array_B,location-2,3
20,dyq,m,21,4,0,397228,400204,20,90,learn_array_A,location-1,4
20,dyq,m,21,69,90,404816,408167,83,0,learn_array_A,location-2,-21
20,dyq,m,21,87,90,412929,416351,109,0,learn_array_A,location-2,-3
20,dyq,m,21,107,108,421156,424287,163,18,learn_array_B,location-1,-1
20,dyq,m,21,12,18,428949,431347,152,108,learn_array_B,location-2,-6
20,dyq,m,21,7,0,435997,439637,74,90,learn_array_A,location-1,7
20,dyq,m,21,84,90,444278,447255,132,0,learn_array_A,location-2,-6
20,dyq,m,21,5,0,451929,455559,23,90,learn_array_A,location-1,5
20,dyq,m,21,15,18,460363,464070,120,108,learn_array_B,location-2,-3
20,dyq,m,21,5,0,468793,471853,67,90,learn_array_A,location-1,5
20,dyq,m,21,100,108,476520,479865,13,18,learn_array_B,location-1,-8
20,dyq,m,21,73,90,484462,486867,55,0,learn_array_A,location-2,-17
20,dyq,m,21,104,108,491634,494547,92,18,learn_array_B,location-1,-4
20,dyq,m,21,107,108,499359,501176,46,18,learn_array_B,location-1,-1
20,dyq,m,21,86,90,505893,508737,117,0,learn_array_A,location-2,-4
20,dyq,m,21,179,0,513462,519437,154,90,learn_array_A,location-1,-1
20,dyq,m,21,101,108,524234,526351,165,18,learn_array_B,location-1,-7
block
20,dyq,m,21,12,18,532442,534265,156,108,learn_array_B,location-2,-6
20,dyq,m,21,107,108,538899,541459,144,18,learn_array_B,location-1,-1
20,dyq,m,21,14,18,546212,548984,88,108,learn_array_B,location-2,-4
20,dyq,m,21,16,18,553759,556460,77,108,learn_array_B,location-2,-2
20,dyq,m,21,89,90,561237,566125,136,0,learn_array_A,location-2,-1
20,dyq,m,21,92,90,570927,575590,24,0,learn_array_A,location-2,2
20,dyq,m,21,175,0,580424,584514,163,90,learn_array_A,location-1,-5
20,dyq,m,21,14,18,589111,593340,98,108,learn_array_B,location-2,-4
20,dyq,m,21,107,108,598012,600345,44,18,learn_array_B,location-1,-1
20,dyq,m,21,107,108,605105,608242,96,18,learn_array_B,location-1,-1
20,dyq,m,21,96,90,612966,616168,0,0,learn_array_A,location-2,6
20,dyq,m,21,177,0,620820,625553,131,90,learn_array_A,location-1,-3
20,dyq,m,21,105,108,630254,632585,20,18,learn_array_B,location-1,-3
20,dyq,m,21,90,90,637403,640173,125,0,learn_array_A,location-2,0
20,dyq,m,21,179,0,645010,646758,158,90,learn_array_A,location-1,-1
20,dyq,m,21,101,108,651486,655415,101,18,learn_array_B,location-1,-7
20,dyq,m,21,108,108,660071,662040,21,18,learn_array_B,location-1,0
20,dyq,m,21,19,18,666833,669814,39,108,learn_array_B,location-2,1
20,dyq,m,21,90,90,674482,677309,4,0,learn_array_A,location-2,0
20,dyq,m,21,4,0,681961,685233,99,90,learn_array_A,location-1,4
20,dyq,m,21,101,108,689977,695575,10,18,learn_array_B,location-1,-7
20,dyq,m,21,86,90,700400,703169,24,0,learn_array_A,location-2,-4
20,dyq,m,21,178,0,707875,710859,154,90,learn_array_A,location-1,-2
20,dyq,m,21,1,0,715572,718267,79,90,learn_array_A,location-1,1
20,dyq,m,21,0,0,722896,726537,104,90,learn_array_A,location-1,0
20,dyq,m,21,88,90,731181,733948,28,0,learn_array_A,location-2,-2
20,dyq,m,21,21,18,738779,740974,165,108,learn_array_B,location-2,3
20,dyq,m,21,102,108,745594,748001,69,18,learn_array_B,location-1,-6
20,dyq,m,21,16,18,752612,755815,142,108,learn_array_B,location-2,-2
20,dyq,m,21,16,18,760479,764555,148,108,learn_array_B,location-2,-2
20,dyq,m,21,85,90,769246,775590,95,0,learn_array_A,location-2,-5
20,dyq,m,21,1,0,780222,782189,34,90,learn_array_A,location-1,1
block
20,dyq,m,21,19,18,788378,790485,0,108,learn_array_B,location-2,1
20,dyq,m,21,86,90,795251,797876,34,0,learn_array_A,location-2,-4
20,dyq,m,21,106,108,802512,805719,135,18,learn_array_B,location-1,-2
20,dyq,m,21,87,90,810546,813247,50,0,learn_array_A,location-2,-3
20,dyq,m,21,88,90,818050,821109,65,0,learn_array_A,location-2,-2
20,dyq,m,21,106,108,825817,829590,43,18,learn_array_B,location-1,-2
20,dyq,m,21,179,0,834327,836960,104,90,learn_array_A,location-1,-1
20,dyq,m,21,110,108,841615,844824,120,18,learn_array_B,location-1,2
20,dyq,m,21,92,90,849535,852880,178,0,learn_array_A,location-2,2
20,dyq,m,21,172,0,857666,860068,129,90,learn_array_A,location-1,-8
20,dyq,m,21,88,90,864861,867553,116,0,learn_array_A,location-2,-2
20,dyq,m,21,179,0,872275,874896,77,90,learn_array_A,location-1,-1
20,dyq,m,21,105,108,879699,882321,170,18,learn_array_B,location-1,-3
20,dyq,m,21,102,108,886960,889363,80,18,learn_array_B,location-1,-6
20,dyq,m,21,15,18,894141,896250,105,108,learn_array_B,location-2,-3
20,dyq,m,21,177,0,901089,903564,68,90,learn_array_A,location-1,-3
20,dyq,m,21,2,0,908159,910270,98,90,learn_array_A,location-1,2
20,dyq,m,21,105,108,915062,919634,17,18,learn_array_B,location-1,-3
20,dyq,m,21,179,0,924427,926749,6,90,learn_array_A,location-1,-1
20,dyq,m,21,6,18,931575,934917,165,108,learn_array_B,location-2,-12
20,dyq,m,21,105,108,939560,942920,57,18,learn_array_B,location-1,-3
20,dyq,m,21,21,18,947544,950090,42,108,learn_array_B,location-2,3
20,dyq,m,21,16,18,954830,956798,150,108,learn_array_B,location-2,-2
20,dyq,m,21,88,90,961431,963250,164,0,learn_array_A,location-2,-2
20,dyq,m,21,13,18,967960,970653,125,108,learn_array_B,location-2,-5
20,dyq,m,21,1,0,975326,977723,12,90,learn_array_A,location-1,1
20,dyq,m,21,107,108,982476,986833,0,18,learn_array_B,location-1,-1
20,dyq,m,21,92,90,991424,994774,49,0,learn_array_A,location-2,2
20,dyq,m,21,22,18,999440,1001994,65,108,learn_array_B,location-2,4
20,dyq,m,21,178,90,1006633,1009395,45,0,learn_array_A,location-2,88
20,dyq,m,21,21,18,1014174,1018102,71,108,learn_array_B,location-2,3
20,dyq,m,21,2,0,1022809,1024489,47,90,learn_array_A,location-1,2
block
20,dyq,m,21,101,108,1030938,1033270,38,18,learn_array_B,location-1,-7
20,dyq,m,21,16,18,1037888,1040082,7,108,learn_array_B,location-2,-2
20,dyq,m,21,4,0,1044812,1046419,171,90,learn_array_A,location-1,4
20,dyq,m,21,89,90,1051126,1053461,57,0,learn_array_A,location-2,-1
20,dyq,m,21,104,108,1058167,1061302,43,18,learn_array_B,location-1,-4
20,dyq,m,21,20,18,1066105,1067781,93,108,learn_array_B,location-2,2
20,dyq,m,21,4,0,1072559,1075255,159,90,learn_array_A,location-1,4
20,dyq,m,21,120,108,1080080,1082272,86,18,learn_array_B,location-1,12
20,dyq,m,21,105,108,1087012,1089055,13,18,learn_array_B,location-1,-3
20,dyq,m,21,4,0,1093864,1096208,77,90,learn_array_A,location-1,4
20,dyq,m,21,103,18,1100977,1103021,15,108,learn_array_B,location-2,85
20,dyq,m,21,113,108,1107702,1111425,158,18,learn_array_B,location-1,5
20,dyq,m,21,177,0,1116177,1119395,153,90,learn_array_A,location-1,-3
20,dyq,m,21,2,90,1124147,1125970,60,0,learn_array_A,location-2,-88
20,dyq,m,21,0,0,1130774,1132672,73,90,learn_array_A,location-1,0
20,dyq,m,21,106,108,1137429,1139832,18,18,learn_array_B,location-1,-2
20,dyq,m,21,2,0,1144460,1147155,44,90,learn_array_A,location-1,2
20,dyq,m,21,88,90,1151914,1154093,174,0,learn_array_A,location-2,-2
20,dyq,m,21,15,18,1158804,1160985,35,108,learn_array_B,location-2,-3
20,dyq,m,21,96,90,1165803,1168209,97,0,learn_array_A,location-2,6
20,dyq,m,21,3,0,1172873,1174328,39,90,learn_array_A,location-1,3
20,dyq,m,21,12,18,1179100,1181212,117,108,learn_array_B,location-2,-6
20,dyq,m,21,106,108,1186026,1188214,92,18,learn_array_B,location-1,-2
20,dyq,m,21,0,90,1192988,1194733,9,0,learn_array_A,location-2,-90
20,dyq,m,21,83,90,1199469,1202169,74,0,learn_array_A,location-2,-7
20,dyq,m,21,17,18,1206761,1209025,62,108,learn_array_B,location-2,-1
20,dyq,m,21,21,18,1213802,1215480,76,108,learn_array_B,location-2,3
20,dyq,m,21,85,90,1220224,1223068,0,0,learn_array_A,location-2,-5
20,dyq,m,21,87,90,1227747,1230672,59,0,learn_array_A,location-2,-3
20,dyq,m,21,108,108,1235362,1237985,50,18,learn_array_B,location-1,0
20,dyq,m,21,20,18,1242821,1244792,70,108,learn_array_B,location-2,2
20,dyq,m,21,179,0,1249505,1251995,157,90,learn_array_A,location-1,-1
block
20,dyq,m,21,19,18,1258219,1260768,26,108,learn_array_B,location-2,1
20,dyq,m,21,0,0,1265426,1268336,0,90,learn_array_A,location-1,0
20,dyq,m,21,105,108,1273132,1277289,175,18,learn_array_B,location-1,-3
20,dyq,m,21,175,0,1282081,1284122,101,90,learn_array_A,location-1,-5
20,dyq,m,21,175,0,1288906,1290803,168,90,learn_array_A,location-1,-5
20,dyq,m,21,91,90,1295542,1299115,63,0,learn_array_A,location-2,1
20,dyq,m,21,177,90,1303865,1305690,173,0,learn_array_A,location-2,87
20,dyq,m,21,93,90,1310441,1312194,107,0,learn_array_A,location-2,3
20,dyq,m,21,85,90,1316954,1318487,179,0,learn_array_A,location-2,-5
20,dyq,m,21,105,108,1323269,1325093,91,18,learn_array_B,location-1,-3
20,dyq,m,21,1,90,1329826,1333097,13,0,learn_array_A,location-2,-89
20,dyq,m,21,177,0,1337885,1339640,126,90,learn_array_A,location-1,-3
20,dyq,m,21,108,108,1344425,1346325,112,18,learn_array_B,location-1,0
20,dyq,m,21,11,18,1351097,1352772,105,108,learn_array_B,location-2,-7
20,dyq,m,21,107,108,1357474,1360390,12,18,learn_array_B,location-1,-1
20,dyq,m,21,103,108,1365012,1368513,81,18,learn_array_B,location-1,-5
20,dyq,m,21,20,18,1373334,1375452,104,108,learn_array_B,location-2,2
20,dyq,m,21,176,0,1380060,1382257,62,90,learn_array_A,location-1,-4
20,dyq,m,21,106,108,1386908,1388878,159,18,learn_array_B,location-1,-2
20,dyq,m,21,1,0,1393543,1395876,14,90,learn_array_A,location-1,1
20,dyq,m,21,15,18,1400474,1402155,123,108,learn_array_B,location-2,-3
20,dyq,m,21,16,18,1406928,1408900,52,108,learn_array_B,location-2,-2
20,dyq,m,21,107,108,1413719,1416935,74,18,learn_array_B,location-1,-1
20,dyq,m,21,179,0,1421569,1423606,19,90,learn_array_A,location-1,-1
20,dyq,m,21,19,18,1428414,1430970,74,108,learn_array_B,location-2,1
20,dyq,m,21,107,108,1435804,1438278,41,18,learn_array_B,location-1,-1
20,dyq,m,21,93,90,1443007,1444906,55,0,learn_array_A,location-2,3
20,dyq,m,21,171,0,1449504,1451323,145,90,learn_array_A,location-1,-9
20,dyq,m,21,93,90,1456158,1458707,99,0,learn_array_A,location-2,3
20,dyq,m,21,18,18,1463353,1465462,9,108,learn_array_B,location-2,0
20,dyq,m,21,18,18,1470068,1472847,146,108,learn_array_B,location-2,0
20,dyq,m,21,91,90,1477469,1479574,38,0,learn_array_A,location-2,1
block
20,dyq,m,21,0,0,1486154,1490141,6,90,learn_array_A,location-1,0
20,dyq,m,21,106,108,1494768,1497615,100,18,learn_array_B,location-1,-2
20,dyq,m,21,5,0,1502236,1504273,50,90,learn_array_A,location-1,5
20,dyq,m,21,2,0,1508918,1512045,20,90,learn_array_A,location-1,2
20,dyq,m,21,103,108,1516848,1520343,26,18,learn_array_B,location-1,-5
20,dyq,m,21,19,18,1525162,1528152,52,108,learn_array_B,location-2,1
20,dyq,m,21,106,108,1532955,1535870,17,18,learn_array_B,location-1,-2
20,dyq,m,21,94,90,1540499,1542829,57,0,learn_array_A,location-2,4
20,dyq,m,21,0,0,1547553,1549818,105,90,learn_array_A,location-1,0
20,dyq,m,21,15,18,1554638,1556681,138,108,learn_array_B,location-2,-3
20,dyq,m,21,92,90,1561409,1563446,43,0,learn_array_A,location-2,2
20,dyq,m,21,94,90,1568086,1572608,178,0,learn_array_A,location-2,4
20,dyq,m,21,90,90,1577389,1580593,9,0,learn_array_A,location-2,0
20,dyq,m,21,23,18,1585396,1586706,76,108,learn_array_B,location-2,5
20,dyq,m,21,104,108,1591539,1594672,154,18,learn_array_B,location-1,-4
20,dyq,m,21,108,108,1599437,1601545,155,18,learn_array_B,location-1,0
20,dyq,m,21,104,108,1606196,1608820,96,18,learn_array_B,location-1,-4
20,dyq,m,21,18,18,1613549,1616025,71,108,learn_array_B,location-2,0
20,dyq,m,21,175,0,1620738,1622996,116,90,learn_array_A,location-1,-5
20,dyq,m,21,1,0,1627831,1630309,27,90,learn_array_A,location-1,1
20,dyq,m,21,88,90,1635138,1637691,67,0,learn_array_A,location-2,-2
20,dyq,m,21,0,0,1642477,1644221,6,90,learn_array_A,location-1,0
20,dyq,m,21,0,0,1649040,1651075,83,90,learn_array_A,location-1,0
20,dyq,m,21,17,18,1655745,1657998,19,108,learn_array_B,location-2,-1
20,dyq,m,21,176,90,1662742,1664785,110,0,learn_array_A,location-2,86
20,dyq,m,21,17,18,1669509,1672420,20,108,learn_array_B,location-2,-1
20,dyq,m,21,20,18,1677090,1678832,2,108,learn_array_B,location-2,2
20,dyq,m,21,103,108,1683532,1686389,135,18,learn_array_B,location-1,-5
20,dyq,m,21,91,90,1691166,1694005,165,0,learn_array_A,location-2,1
20,dyq,m,21,18,18,1698700,1701760,82,108,learn_array_B,location-2,0
20,dyq,m,21,104,108,1706405,1710112,30,18,learn_array_B,location-1,-4
20,dyq,m,21,2,90,1714905,1716943,12,0,learn_array_A,location-2,-88
block
20,dyq,m,21,19,18,1723786,1725824,35,108,learn_array_B,location-2,1
20,dyq,m,21,177,0,1730643,1732611,136,90,learn_array_A,location-1,-3
20,dyq,m,21,16,18,1737319,1739217,149,108,learn_array_B,location-2,-2
20,dyq,m,21,175,90,1743928,1745537,129,0,learn_array_A,location-2,85
20,dyq,m,21,103,108,1750254,1752950,96,18,learn_array_B,location-1,-5
20,dyq,m,21,91,90,1757760,1759725,92,0,learn_array_A,location-2,1
20,dyq,m,21,93,90,1764351,1766456,87,0,learn_array_A,location-2,3
20,dyq,m,21,108,108,1771240,1773496,79,18,learn_array_B,location-1,0
20,dyq,m,21,93,90,1778206,1779950,92,0,learn_array_A,location-2,3
20,dyq,m,21,16,18,1784646,1786900,171,108,learn_array_B,location-2,-2
20,dyq,m,21,106,108,1791630,1793450,106,18,learn_array_B,location-1,-2
20,dyq,m,21,104,108,1798046,1801033,171,18,learn_array_B,location-1,-4
20,dyq,m,21,177,0,1805746,1807934,179,90,learn_array_A,location-1,-3
20,dyq,m,21,104,108,1812766,1815176,153,18,learn_array_B,location-1,-4
20,dyq,m,21,90,90,1819977,1822246,167,0,learn_array_A,location-2,0
20,dyq,m,21,93,90,1826967,1829301,55,0,learn_array_A,location-2,3
20,dyq,m,21,92,90,1834040,1837026,4,0,learn_array_A,location-2,2
20,dyq,m,21,179,0,1841808,1843557,174,90,learn_array_A,location-1,-1
20,dyq,m,21,14,18,1848276,1850247,99,108,learn_array_B,location-2,-4
20,dyq,m,21,105,108,1854960,1857589,151,18,learn_array_B,location-1,-3
20,dyq,m,21,91,90,1862403,1866621,141,0,learn_array_A,location-2,1
20,dyq,m,21,102,108,1871315,1873642,162,18,learn_array_B,location-1,-6
20,dyq,m,21,3,0,1878438,1879970,18,90,learn_array_A,location-1,3
20,dyq,m,21,18,18,1884690,1887022,86,108,learn_array_B,location-2,0
20,dyq,m,21,176,0,1891751,1892989,98,90,learn_array_A,location-1,-4
20,dyq,m,21,14,18,1897632,1899309,175,108,learn_array_B,location-2,-4
20,dyq,m,21,108,108,1903952,1905771,60,18,learn_array_B,location-1,0
20,dyq,m,21,0,0,1910455,1912786,151,90,learn_array_A,location-1,0
20,dyq,m,21,17,18,1917605,1921022,27,108,learn_array_B,location-2,-1
20,dyq,m,21,178,0,1925785,1928987,168,90,learn_array_A,location-1,-2
20,dyq,m,21,19,18,1933798,1935977,144,108,learn_array_B,location-2,1
20,dyq,m,21,176,0,1940765,1943313,162,90,learn_array_A,location-1,-4
block
20,dyq,m,21,179,0,1949658,1951770,61,90,learn_array_A,location-1,-1
20,dyq,m,21,100,108,1956597,1959223,32,18,learn_array_B,location-1,-8
20,dyq,m,21,17,18,1963893,1965644,94,108,learn_array_B,location-2,-1
20,dyq,m,21,92,90,1970400,1972811,104,0,learn_array_A,location-2,2
20,dyq,m,21,0,0,1977523,1979415,16,90,learn_array_A,location-1,0
20,dyq,m,21,177,0,1984104,1986214,45,90,learn_array_A,location-1,-3
20,dyq,m,21,104,108,1990831,1995789,27,18,learn_array_B,location-1,-4
20,dyq,m,21,90,90,2000589,2002844,30,0,learn_array_A,location-2,0
20,dyq,m,21,3,0,2007564,2009166,3,90,learn_array_A,location-1,3
20,dyq,m,21,88,90,2013832,2015504,94,0,learn_array_A,location-2,-2
20,dyq,m,21,178,0,2020159,2022413,20,90,learn_array_A,location-1,-2
20,dyq,m,21,103,108,2027250,2031038,85,18,learn_array_B,location-1,-5
20,dyq,m,21,105,108,2035725,2038994,73,18,learn_array_B,location-1,-3
20,dyq,m,21,95,90,2043608,2046876,101,0,learn_array_A,location-2,5
20,dyq,m,21,91,90,2051698,2054169,69,0,learn_array_A,location-2,1
20,dyq,m,21,103,108,2058783,2062715,37,18,learn_array_B,location-1,-5
20,dyq,m,21,174,0,2067517,2068830,161,90,learn_array_A,location-1,-6
20,dyq,m,21,16,18,2073603,2075938,33,108,learn_array_B,location-2,-2
20,dyq,m,21,87,90,2080646,2083276,123,0,learn_array_A,location-2,-3
20,dyq,m,21,92,90,2088046,2090676,157,0,learn_array_A,location-2,2
20,dyq,m,21,18,18,2095294,2097698,23,108,learn_array_B,location-2,0
20,dyq,m,21,6,0,2102525,2104277,118,90,learn_array_A,location-1,6
20,dyq,m,21,107,108,2108880,2526149,19,18,learn_array_B,location-1,-1
20,dyq,m,21,108,108,2530749,2533159,50,18,learn_array_B,location-1,0
20,dyq,m,21,11,18,2537804,2540437,112,108,learn_array_B,location-2,-7
20,dyq,m,21,19,18,2545263,2548614,26,108,learn_array_B,location-2,1
20,dyq,m,21,106,108,2553263,2556829,9,18,learn_array_B,location-1,-2
20,dyq,m,21,20,18,2561580,2565737,14,108,learn_array_B,location-2,2
20,dyq,m,21,22,18,2570451,2572783,70,108,learn_array_B,location-2,4
20,dyq,m,21,83,90,2577548,2581344,150,0,learn_array_A,location-2,-7
20,dyq,m,21,4,0,2586070,2588400,50,90,learn_array_A,location-1,4
20,dyq,m,21,18,18,2593093,2595130,4,108,learn_array_B,location-2,0
block
20,dyq,m,21,18,18,2602266,2604088,120,108,learn_array_B,location-2,0
20,dyq,m,21,17,18,2608912,2611542,24,108,learn_array_B,location-2,-1
20,dyq,m,21,104,108,2616218,2619063,49,18,learn_array_B,location-1,-4
20,dyq,m,21,92,90,2623715,2627731,74,0,learn_array_A,location-2,2
20,dyq,m,21,106,108,2632443,2634787,151,18,learn_array_B,location-1,-2
20,dyq,m,21,100,108,2639447,2644623,170,18,learn_array_B,location-1,-8
20,dyq,m,21,104,18,2649294,2651844,7,108,learn_array_B,location-2,86
20,dyq,m,21,108,108,2656679,2660114,98,18,learn_array_B,location-1,0
20,dyq,m,21,2,0,2664727,2666401,118,90,learn_array_A,location-1,2
20,dyq,m,21,5,0,2671053,2673095,179,90,learn_array_A,location-1,5
20,dyq,m,21,88,90,2677819,2681621,130,0,learn_array_A,location-2,-2
20,dyq,m,21,108,108,2686442,2689284,117,18,learn_array_B,location-1,0
20,dyq,m,21,178,0,2694018,2696496,107,90,learn_array_A,location-1,-2
20,dyq,m,21,93,90,2701208,2704559,119,0,learn_array_A,location-2,3
20,dyq,m,21,179,0,2709193,2711598,55,90,learn_array_A,location-1,-1
20,dyq,m,21,90,90,2716201,2718535,33,0,learn_array_A,location-2,0
20,dyq,m,21,5,0,2723314,2725287,78,90,learn_array_A,location-1,5
20,dyq,m,21,100,108,2730002,2732412,88,18,learn_array_B,location-1,-8
20,dyq,m,21,92,90,2737233,2740957,69,0,learn_array_A,location-2,2
20,dyq,m,21,93,90,2745611,2748233,105,0,learn_array_A,location-2,3
20,dyq,m,21,16,18,2752936,2755273,100,108,learn_array_B,location-2,-2
20,dyq,m,21,92,90,2759914,2762325,86,0,learn_array_A,location-2,2
20,dyq,m,21,95,90,2767135,2769760,56,0,learn_array_A,location-2,5
20,dyq,m,21,2,0,2774537,2776579,98,90,learn_array_A,location-1,2
20,dyq,m,21,177,0,2781416,2783677,176,90,learn_array_A,location-1,-3
20,dyq,m,21,18,18,2788351,2791411,69,108,learn_array_B,location-2,0
20,dyq,m,21,18,18,2796236,2799077,47,108,learn_array_B,location-2,0
20,dyq,m,21,102,108,2803719,2806266,168,18,learn_array_B,location-1,-6
20,dyq,m,21,8,0,2810945,2812841,10,90,learn_array_A,location-1,8
20,dyq,m,21,104,108,2817448,2819995,0,18,learn_array_B,location-1,-4
20,dyq,m,21,19,18,2824693,2826290,67,108,learn_array_B,location-2,1
20,dyq,m,21,18,18,2831022,2832701,105,108,learn_array_B,location-2,0
block
20,dyq,m,21,94,90,2838985,2841324,87,0,learn_array_A,location-2,4
20,dyq,m,21,105,108,2846059,2848104,88,18,learn_array_B,location-1,-3
20,dyq,m,21,90,90,2852792,2855054,111,0,learn_array_A,location-2,0
20,dyq,m,21,0,0,2859855,2862117,103,90,learn_array_A,location-1,0
20,dyq,m,21,15,18,2866705,2868458,119,108,learn_array_B,location-2,-3
20,dyq,m,21,17,18,2873069,2874305,114,108,learn_array_B,location-2,-1
20,dyq,m,21,14,18,2878965,2881809,167,108,learn_array_B,location-2,-4
20,dyq,m,21,179,0,2886491,2888974,81,90,learn_array_A,location-1,-1
20,dyq,m,21,92,90,2893801,2896422,27,0,learn_array_A,location-2,2
20,dyq,m,21,95,90,2901035,2903875,48,0,learn_array_A,location-2,5
20,dyq,m,21,15,18,2908588,2911288,174,108,learn_array_B,location-2,-3
20,dyq,m,21,1,0,2916040,2918452,96,90,learn_array_A,location-1,1
20,dyq,m,21,17,18,2923111,2925160,136,108,learn_array_B,location-2,-1
20,dyq,m,21,94,90,2929860,2931685,52,0,learn_array_A,location-2,4
20,dyq,m,21,107,108,2936367,2938855,134,18,learn_array_B,location-1,-1
20,dyq,m,21,94,90,2943668,2945491,10,0,learn_array_A,location-2,4
20,dyq,m,21,19,18,2950252,2953968,76,108,learn_array_B,location-2,1
20,dyq,m,21,177,0,2958797,2961357,155,90,learn_array_A,location-1,-3
20,dyq,m,21,0,0,2966100,2968219,104,90,learn_array_A,location-1,0
20,dyq,m,21,175,0,2972997,2976347,157,90,learn_array_A,location-1,-5
20,dyq,m,21,104,108,2981043,2983378,61,18,learn_array_B,location-1,-4
20,dyq,m,21,178,0,2988093,2989477,154,90,learn_array_A,location-1,-2
20,dyq,m,21,104,108,2994263,2998912,3,18,learn_array_B,location-1,-4
20,dyq,m,21,175,0,3003511,3005475,143,90,learn_array_A,location-1,-5
20,dyq,m,21,91,90,3010118,3013832,147,0,learn_array_A,location-2,1
20,dyq,m,21,18,18,3018434,3022650,1,108,learn_array_B,location-2,0
20,dyq,m,21,102,108,3027277,3030778,102,18,learn_array_B,location-1,-6
20,dyq,m,21,107,108,3035571,3037747,90,18,learn_array_B,location-1,-1
20,dyq,m,21,20,18,3042507,3044400,74,108,learn_array_B,location-2,2
20,dyq,m,21,99,90,3049011,3051044,38,0,learn_array_A,location-2,9
20,dyq,m,21,101,108,3055723,3059947,170,18,learn_array_B,location-1,-7
20,dyq,m,21,104,108,3064684,3066501,7,18,learn_array_B,location-1,-4
block
20,dyq,m,21,90,90,3072666,3075143,101,0,learn_array_A,location-2,0
20,dyq,m,21,3,0,3079915,3081952,77,90,learn_array_A,location-1,3
20,dyq,m,21,21,18,3086693,3089170,62,108,learn_array_B,location-2,3
20,dyq,m,21,108,108,3093817,3097599,74,18,learn_array_B,location-1,0
20,dyq,m,21,4,0,3102316,3104200,1,90,learn_array_A,location-1,4
20,dyq,m,21,5,90,3108831,3110505,166,0,learn_array_A,location-2,-85
20,dyq,m,21,16,18,3115155,3117413,90,108,learn_array_B,location-2,-2
20,dyq,m,21,93,90,3122213,3124767,131,0,learn_array_A,location-2,3
20,dyq,m,21,101,108,3129361,3131618,6,18,learn_array_B,location-1,-7
20,dyq,m,21,106,108,3136250,3139384,118,18,learn_array_B,location-1,-2
20,dyq,m,21,20,18,3144155,3145607,17,108,learn_array_B,location-2,2
20,dyq,m,21,103,108,3150434,3153129,38,18,learn_array_B,location-1,-5
20,dyq,m,21,93,90,3157900,3160883,81,0,learn_array_A,location-2,3
20,dyq,m,21,18,18,3165565,3167752,145,108,learn_array_B,location-2,0
20,dyq,m,21,105,108,3172580,3174842,99,18,learn_array_B,location-1,-3
20,dyq,m,21,99,90,3179633,3184867,17,0,learn_array_A,location-2,9
20,dyq,m,21,19,18,3189576,3191757,34,108,learn_array_B,location-2,1
20,dyq,m,21,91,90,3196554,3198372,67,0,learn_array_A,location-2,1
20,dyq,m,21,18,18,3203201,3204878,87,108,learn_array_B,location-2,0
20,dyq,m,21,178,0,3209573,3212271,50,90,learn_array_A,location-1,-2
20,dyq,m,21,102,108,3216871,3220073,87,18,learn_array_B,location-1,-6
20,dyq,m,21,94,90,3224833,3227089,29,0,learn_array_A,location-2,4
20,dyq,m,21,20,18,3231689,3233217,148,108,learn_array_B,location-2,2
20,dyq,m,21,107,108,3237896,3244364,178,18,learn_array_B,location-1,-1
20,dyq,m,21,0,0,3249045,3250864,10,90,learn_array_A,location-1,0
20,dyq,m,21,177,0,3255642,3257905,102,90,learn_array_A,location-1,-3
20,dyq,m,21,178,0,3262640,3264978,164,90,learn_array_A,location-1,-2
20,dyq,m,21,178,0,3269763,3271151,171,90,learn_array_A,location-1,-2
20,dyq,m,21,87,90,3275864,3277320,78,0,learn_array_A,location-2,-3
20,dyq,m,21,99,108,3282126,3284752,2,18,learn_array_B,location-1,-9
20,dyq,m,21,177,0,3289384,3291650,69,90,learn_array_A,location-1,-3
20,dyq,m,21,19,18,3296278,3298905,113,108,learn_array_B,location-2,1
block
20,dyq,m,21,8,0,3304842,3306592,4,90,learn_array_A,location-1,8
20,dyq,m,21,107,108,3311257,3313075,76,18,learn_array_B,location-1,-1
20,dyq,m,21,17,18,3317782,3320779,124,108,learn_array_B,location-2,-1
20,dyq,m,21,106,108,3325581,3328506,143,18,learn_array_B,location-1,-2
20,dyq,m,21,19,18,3333282,3335472,65,108,learn_array_B,location-2,1
20,dyq,m,21,105,108,3340273,3344573,63,18,learn_array_B,location-1,-3
20,dyq,m,21,17,18,3349232,3350906,165,108,learn_array_B,location-2,-1
20,dyq,m,21,21,18,3355672,3358072,9,108,learn_array_B,location-2,3
20,dyq,m,21,104,108,3362791,3365200,142,18,learn_array_B,location-1,-4
20,dyq,m,21,93,90,3369954,3372214,16,0,learn_array_A,location-2,3
20,dyq,m,21,178,0,3376863,3379064,45,90,learn_array_A,location-1,-2
20,dyq,m,21,174,0,3383739,3386147,2,90,learn_array_A,location-1,-6
20,dyq,m,21,90,90,3390773,3393261,93,0,learn_array_A,location-2,0
20,dyq,m,21,107,108,3397866,3400493,8,18,learn_array_B,location-1,-1
20,dyq,m,21,106,108,3405263,3408533,0,18,learn_array_B,location-1,-2
20,dyq,m,21,16,18,3413238,3415204,134,108,learn_array_B,location-2,-2
20,dyq,m,21,176,0,3420024,3422645,139,90,learn_array_A,location-1,-4
20,dyq,m,21,1,0,3427330,3429525,90,90,learn_array_A,location-1,1
20,dyq,m,21,2,0,3434133,3435813,68,90,learn_array_A,location-1,2
20,dyq,m,21,178,0,3440539,3443607,154,90,learn_array_A,location-1,-2
20,dyq,m,21,177,0,3448203,3450540,61,90,learn_array_A,location-1,-3
20,dyq,m,21,14,18,3455323,3457215,164,108,learn_array_B,location-2,-4
20,dyq,m,21,86,90,3462030,3464289,139,0,learn_array_A,location-2,-4
20,dyq,m,21,95,90,3468896,3471079,2,0,learn_array_A,location-2,5
20,dyq,m,21,15,18,3475771,3478245,130,108,learn_array_B,location-2,-3
20,dyq,m,21,14,18,3483066,3485034,159,108,learn_array_B,location-2,-4
20,dyq,m,21,95,90,3489774,3492392,4,0,learn_array_A,location-2,5
20,dyq,m,21,89,90,3497082,3498969,4,0,learn_array_A,location-2,-1
20,dyq,m,21,106,108,3503692,3506023,64,18,learn_array_B,location-1,-2
20,dyq,m,21,93,90,3510764,3512725,70,0,learn_array_A,location-2,3
20,dyq,m,21,102,108,3517349,3520403,133,18,learn_array_B,location-1,-6
20,dyq,m,21,95,90,3525131,3527319,46,0,learn_array_A,location-2,5
block
20,dyq,m,21,178,0,3533354,3535241,114,90,learn_array_A,location-1,-2
20,dyq,m,21,19,18,3539925,3542043,149,108,learn_array_B,location-2,1
20,dyq,m,21,106,108,3546810,3549433,18,18,learn_array_B,location-1,-2
20,dyq,m,21,174,0,3554033,3557169,132,90,learn_array_A,location-1,-6
20,dyq,m,21,84,90,3561958,3564219,89,0,learn_array_A,location-2,-6
20,dyq,m,21,105,108,3568980,3571612,164,18,learn_array_B,location-1,-3
20,dyq,m,21,93,90,3576330,3579539,134,0,learn_array_A,location-2,3
20,dyq,m,21,103,108,3584166,3586207,18,18,learn_array_B,location-1,-5
20,dyq,m,21,24,18,3590904,3593088,24,108,learn_array_B,location-2,6
20,dyq,m,21,1,0,3597921,3602943,37,90,learn_array_A,location-1,1
20,dyq,m,21,89,90,3607557,3610690,179,0,learn_array_A,location-2,-1
20,dyq,m,21,93,90,3615483,3618607,115,0,learn_array_A,location-2,3
20,dyq,m,21,91,90,3623309,3628038,177,0,learn_array_A,location-2,1
20,dyq,m,21,178,0,3632699,3636932,98,90,learn_array_A,location-1,-2
20,dyq,m,21,6,0,3641758,3644157,75,90,learn_array_A,location-1,6
20,dyq,m,21,22,18,3648778,3651834,79,108,learn_array_B,location-2,4
20,dyq,m,21,104,108,3656474,3658505,25,18,learn_array_B,location-1,-4
20,dyq,m,21,108,108,3663266,3665971,122,18,learn_array_B,location-1,0
20,dyq,m,21,20,18,3670796,3674079,138,108,learn_array_B,location-2,2
20,dyq,m,21,18,18,3678711,3682212,89,108,learn_array_B,location-2,0
20,dyq,m,21,93,90,3686936,3690794,49,0,learn_array_A,location-2,3
20,dyq,m,21,18,18,3695452,3698435,132,108,learn_array_B,location-2,0
20,dyq,m,21,9,0,3703044,3705378,98,90,learn_array_A,location-1,9
20,dyq,m,21,102,108,3709974,3715056,31,18,learn_array_B,location-1,-6
20,dyq,m,21,109,108,3719834,3723034,73,18,learn_array_B,location-1,1
20,dyq,m,21,4,0,3727655,3729767,8,90,learn_array_A,location-1,4
20,dyq,m,21,91,90,3734437,3736769,168,0,learn_array_A,location-2,1
20,dyq,m,21,17,18,3741578,3743544,168,108,learn_array_B,location-2,-1
20,dyq,m,21,179,0,3748160,3751294,151,90,learn_array_A,location-1,-1
20,dyq,m,21,108,108,3756098,3759516,2,18,learn_array_B,location-1,0
20,dyq,m,21,90,90,3764155,3767503,102,0,learn_array_A,location-2,0
20,dyq,m,21,15,18,3772230,3774780,152,108,learn_array_B,location-2,-3
block
20,dyq,m,21,108,108,3780938,3784423,26,18,learn_array_B,location-1,0
20,dyq,m,21,178,0,3789017,3792504,139,90,learn_array_A,location-1,-2
20,dyq,m,21,108,108,3797340,3800184,174,18,learn_array_B,location-1,0
20,dyq,m,21,18,18,3804867,3808285,32,108,learn_array_B,location-2,0
20,dyq,m,21,5,0,3813115,3816240,53,90,learn_array_A,location-1,5
20,dyq,m,21,22,18,3821064,3825491,42,108,learn_array_B,location-2,4
20,dyq,m,21,25,18,3830260,3833313,7,108,learn_array_B,location-2,7
20,dyq,m,21,16,18,3838030,3839853,130,108,learn_array_B,location-2,-2
20,dyq,m,21,105,108,3844690,3849061,66,18,learn_array_B,location-1,-3
20,dyq,m,21,87,90,3853736,3855708,154,0,learn_array_A,location-2,-3
20,dyq,m,21,17,18,3860387,3863246,132,108,learn_array_B,location-2,-1
20,dyq,m,21,87,90,3868024,3871456,127,0,learn_array_A,location-2,-3
20,dyq,m,21,107,108,3876153,3879946,32,18,learn_array_B,location-1,-1
20,dyq,m,21,18,18,3884550,3886889,113,108,learn_array_B,location-2,0
20,dyq,m,21,90,90,3891631,3893828,96,0,learn_array_A,location-2,0
20,dyq,m,21,0,0,3898434,3900908,151,90,learn_array_A,location-1,0
20,dyq,m,21,109,108,3905705,3908691,173,18,learn_array_B,location-1,1
20,dyq,m,21,176,0,3913426,3916338,170,90,learn_array_A,location-1,-4
20,dyq,m,21,108,108,3921042,3924327,136,18,learn_array_B,location-1,0
20,dyq,m,21,3,90,3929006,3930682,43,0,learn_array_A,location-2,-87
20,dyq,m,21,172,0,3935402,3939558,151,90,learn_array_A,location-1,-8
20,dyq,m,21,174,0,3944370,3946700,35,90,learn_array_A,location-1,-6
20,dyq,m,21,93,90,3951412,3954470,25,0,learn_array_A,location-2,3
20,dyq,m,21,173,0,3959294,3961479,106,90,learn_array_A,location-1,-7
20,dyq,m,21,90,90,3966111,3968594,99,0,learn_array_A,location-2,0
20,dyq,m,21,93,90,3973397,3975658,167,0,learn_array_A,location-2,3
20,dyq,m,21,18,18,3980477,3982955,8,108,learn_array_B,location-2,0
20,dyq,m,21,19,18,3987739,3989778,43,108,learn_array_B,location-2,1
20,dyq,m,21,104,108,3994432,3997636,33,18,learn_array_B,location-1,-4
20,dyq,m,21,112,108,4002296,4006156,171,18,learn_array_B,location-1,4
20,dyq,m,21,174,0,4010959,4012562,172,90,learn_array_A,location-1,-6
20,dyq,m,21,88,90,4017370,4020506,104,0,learn_array_A,location-2,-2
block
20,dyq,m,21,93,90,4026682,4028936,55,0,learn_array_A,location-2,3
20,dyq,m,21,105,108,4033540,4036306,51,18,learn_array_B,location-1,-3
20,dyq,m,21,176,0,4041143,4043551,107,90,learn_array_A,location-1,-4
20,dyq,m,21,90,90,4048222,4051512,123,0,learn_array_A,location-2,0
20,dyq,m,21,174,0,4056284,4058547,116,90,learn_array_A,location-1,-6
20,dyq,m,21,13,18,4063149,4065047,150,108,learn_array_B,location-2,-5
20,dyq,m,21,91,90,4069644,4072566,176,0,learn_array_A,location-2,1
20,dyq,m,21,90,90,4077358,4079543,119,0,learn_array_A,location-2,0
20,dyq,m,21,20,18,4084161,4085907,44,108,learn_array_B,location-2,2
20,dyq,m,21,16,18,4090541,4092729,97,108,learn_array_B,location-2,-2
20,dyq,m,21,87,90,4097353,4101002,79,0,learn_array_A,location-2,-3
20,dyq,m,21,172,0,4105735,4107271,132,90,learn_array_A,location-1,-8
20,dyq,m,21,176,0,4111911,4114900,35,90,learn_array_A,location-1,-4
20,dyq,m,21,91,90,4119593,4123457,51,0,learn_array_A,location-2,1
20,dyq,m,21,89,90,4128244,4132034,158,0,learn_array_A,location-2,-1
20,dyq,m,21,17,18,4136655,4139717,16,108,learn_array_B,location-2,-1
20,dyq,m,21,106,108,4144460,4146942,50,18,learn_array_B,location-1,-2
20,dyq,m,21,179,0,4151777,4153304,178,90,learn_array_A,location-1,-1
20,dyq,m,21,102,108,4158108,4160728,106,18,learn_array_B,location-1,-6
20,dyq,m,21,109,108,4165471,4170644,152,18,learn_array_B,location-1,1
20,dyq,m,21,108,108,4175482,4178249,109,18,learn_array_B,location-1,0
20,dyq,m,21,109,108,4182843,4186266,52,18,learn_array_B,location-1,1
20,dyq,m,21,174,0,4190935,4193045,33,90,learn_array_A,location-1,-6
20,dyq,m,21,91,90,4197796,4201066,31,0,learn_array_A,location-2,1
20,dyq,m,21,104,108,4205843,4207886,54,18,learn_array_B,location-1,-4
20,dyq,m,21,12,18,4212556,4214449,162,108,learn_array_B,location-2,-6
20,dyq,m,21,15,18,4219270,4221157,40,108,learn_array_B,location-2,-3
20,dyq,m,21,176,0,4225853,4227749,100,90,learn_array_A,location-1,-4
20,dyq,m,21,14,18,4232495,4234831,149,108,learn_array_B,location-2,-4
20,dyq,m,21,0,0,4239507,4241839,105,90,learn_array_A,location-1,0
20,dyq,m,21,114,108,4246510,4250072,99,18,learn_array_B,location-1,6
20,dyq,m,21,13,18,4254682,4256351,169,108,learn_array_B,location-2,-5
block
20,dyq,m,21,17,18,4262714,4264385,118,108,learn_array_B,location-2,-1
20,dyq,m,21,106,108,4269087,4271055,156,18,learn_array_B,location-1,-2
20,dyq,m,21,114,108,4275882,4278937,136,18,learn_array_B,location-1,6
20,dyq,m,21,0,0,4283630,4286111,90,90,learn_array_A,location-1,0
20,dyq,m,21,179,0,4290808,4293214,125,90,learn_array_A,location-1,-1
20,dyq,m,21,89,90,4298018,4301007,159,0,learn_array_A,location-2,-1
20,dyq,m,21,110,108,4305808,4308645,43,18,learn_array_B,location-1,2
20,dyq,m,21,90,90,4313249,4315358,51,0,learn_array_A,location-2,0
20,dyq,m,21,20,18,4320040,4321929,15,108,learn_array_B,location-2,2
20,dyq,m,21,83,90,4326605,4328205,66,0,learn_array_A,location-2,-7
20,dyq,m,21,13,18,4332956,4335429,168,108,learn_array_B,location-2,-5
20,dyq,m,21,105,108,4340156,4343067,62,18,learn_array_B,location-1,-3
20,dyq,m,21,90,90,4347783,4351573,34,0,learn_array_A,location-2,0
20,dyq,m,21,108,108,4356288,4358980,24,18,learn_array_B,location-1,0
20,dyq,m,21,179,0,4363658,4366067,5,90,learn_array_A,location-1,-1
20,dyq,m,21,114,108,4370661,4373504,89,18,learn_array_B,location-1,6
20,dyq,m,21,88,90,4378279,4380466,170,0,learn_array_A,location-2,-2
20,dyq,m,21,85,90,4385250,4390850,56,0,learn_array_A,location-2,-5
20,dyq,m,21,177,0,4395444,4397984,27,90,learn_array_A,location-1,-3
20,dyq,m,21,179,0,4402819,4405865,5,90,learn_array_A,location-1,-1
20,dyq,m,21,15,18,4410567,4413118,166,108,learn_array_B,location-2,-3
20,dyq,m,21,88,90,4417742,4420289,17,0,learn_array_A,location-2,-2
20,dyq,m,21,177,0,4425084,4427266,83,90,learn_array_A,location-1,-3
20,dyq,m,21,85,90,4431901,4435396,150,0,learn_array_A,location-2,-5
20,dyq,m,21,25,18,4440167,4443867,22,108,learn_array_B,location-2,7
20,dyq,m,21,22,18,4448531,4450778,10,108,learn_array_B,location-2,4
20,dyq,m,21,108,108,4455466,4458083,1,18,learn_array_B,location-1,0
20,dyq,m,21,179,0,4462726,4464982,14,90,learn_array_A,location-1,-1
20,dyq,m,21,16,18,4469817,4472141,163,108,learn_array_B,location-2,-2
20,dyq,m,21,19,18,4476902,4479591,169,108,learn_array_B,location-2,1
20,dyq,m,21,110,108,4484357,4487487,110,18,learn_array_B,location-1,2
20,dyq,m,21,174,0,4492112,4494518,113,90,learn_array_A,location-1,-6
block
20,dyq,m,21,92,90,4501130,4504559,50,0,learn_array_A,location-2,2
20,dyq,m,21,20,18,4509254,4511959,4,108,learn_array_B,location-2,2
20,dyq,m,21,92,90,4516742,4519731,104,0,learn_array_A,location-2,2
20,dyq,m,21,172,0,4524474,4526226,129,90,learn_array_A,location-1,-8
20,dyq,m,21,108,108,4530831,4533236,75,18,learn_array_B,location-1,0
20,dyq,m,21,172,0,4537923,4539960,34,90,learn_array_A,location-1,-8
20,dyq,m,21,21,18,4544566,4547403,16,108,learn_array_B,location-2,3
20,dyq,m,21,89,90,4552038,4555108,114,0,learn_array_A,location-2,-1
20,dyq,m,21,109,108,4559801,4562572,153,18,learn_array_B,location-1,1
20,dyq,m,21,109,108,4567234,4570797,30,18,learn_array_B,location-1,1
20,dyq,m,21,17,18,4575607,4579103,96,108,learn_array_B,location-2,-1
20,dyq,m,21,0,0,4583796,4586057,16,90,learn_array_A,location-1,0
20,dyq,m,21,111,108,4590659,4594231,92,18,learn_array_B,location-1,3
20,dyq,m,21,1,0,4598932,4602216,79,90,learn_array_A,location-1,1
20,dyq,m,21,15,18,4606948,4610739,101,108,learn_array_B,location-2,-3
20,dyq,m,21,111,108,4615535,4618153,43,18,learn_array_B,location-1,3
20,dyq,m,21,14,18,4622769,4625968,167,108,learn_array_B,location-2,-4
20,dyq,m,21,88,90,4630621,4634266,80,0,learn_array_A,location-2,-2
20,dyq,m,21,178,0,4639071,4642848,19,90,learn_array_A,location-1,-2
20,dyq,m,21,179,0,4647617,4649367,110,90,learn_array_A,location-1,-1
20,dyq,m,21,15,18,4653974,4657175,31,108,learn_array_B,location-2,-3
20,dyq,m,21,111,108,4661887,4664356,108,18,learn_array_B,location-1,3
20,dyq,m,21,2,0,4668999,4671905,41,90,learn_array_A,location-1,2
20,dyq,m,21,171,0,4676704,4682684,125,90,learn_array_A,location-1,-9
20,dyq,m,21,110,108,4687396,4689941,179,18,learn_array_B,location-1,2
20,dyq,m,21,89,90,4694760,4699042,27,0,learn_array_A,location-2,-1
20,dyq,m,21,88,90,4703703,4709163,173,0,learn_array_A,location-2,-2
20,dyq,m,21,85,90,4713989,4717345,142,0,learn_array_A,location-2,-5
20,dyq,m,21,16,18,4721977,4728590,153,108,learn_array_B,location-2,-2
20,dyq,m,21,15,18,4733425,4734881,159,108,learn_array_B,location-2,-3
20,dyq,m,21,84,90,4739636,4742255,69,0,learn_array_A,location-2,-6
20,dyq,m,21,115,108,4746865,4749336,41,18,learn_array_B,location-1,7
block
20,dyq,m,21,90,90,4755914,4758317,8,0,learn_array_A,location-2,0
20,dyq,m,21,176,0,4763047,4764647,128,90,learn_array_A,location-1,-4
20,dyq,m,21,109,108,4769305,4771846,19,18,learn_array_B,location-1,1
20,dyq,m,21,85,90,4776555,4779177,161,0,learn_array_A,location-2,-5
20,dyq,m,21,21,18,4783871,4785837,175,108,learn_array_B,location-2,3
20,dyq,m,21,85,90,4790539,4793593,6,0,learn_array_A,location-2,-5
20,dyq,m,21,16,18,4798218,4800111,116,108,learn_array_B,location-2,-2
20,dyq,m,21,19,18,4804882,4806774,129,108,learn_array_B,location-2,1
20,dyq,m,21,175,0,4811538,4813209,135,90,learn_array_A,location-1,-5
20,dyq,m,21,2,0,4817941,4820420,81,90,learn_array_A,location-1,2
20,dyq,m,21,117,108,4825129,4828043,80,18,learn_array_B,location-1,9
20,dyq,m,21,1,0,4832873,4835711,66,90,learn_array_A,location-1,1
20,dyq,m,21,13,18,4840456,4843371,127,108,learn_array_B,location-2,-5
20,dyq,m,21,111,108,4848081,4850563,146,18,learn_array_B,location-1,3
20,dyq,m,21,86,90,4855329,4857879,22,0,learn_array_A,location-2,-4
20,dyq,m,21,114,108,4862483,4865768,92,18,learn_array_B,location-1,6
20,dyq,m,21,20,18,4870471,4872434,1,108,learn_array_B,location-2,2
20,dyq,m,21,114,108,4877117,4881783,85,18,learn_array_B,location-1,6
20,dyq,m,21,110,108,4886497,4889340,63,18,learn_array_B,location-1,2
20,dyq,m,21,1,0,4894028,4899133,53,90,learn_array_A,location-1,1
20,dyq,m,21,121,108,4903860,4906342,108,18,learn_array_B,location-1,13
20,dyq,m,21,87,90,4911054,4915588,170,0,learn_array_A,location-2,-3
20,dyq,m,21,90,90,4920248,4923668,167,0,learn_array_A,location-2,0
20,dyq,m,21,16,18,4928300,4930488,82,108,learn_array_B,location-2,-2
20,dyq,m,21,14,18,4935085,4937710,123,108,learn_array_B,location-2,-4
20,dyq,m,21,1,0,4942544,4945741,7,90,learn_array_A,location-1,1
20,dyq,m,21,178,0,4950429,4952905,71,90,learn_array_A,location-1,-2
20,dyq,m,21,109,108,4957628,4960828,81,18,learn_array_B,location-1,1
20,dyq,m,21,15,18,4965450,4968066,129,108,learn_array_B,location-2,-3
20,dyq,m,21,92,90,4972661,4976153,21,0,learn_array_A,location-2,2
20,dyq,m,21,179,0,4980804,4983569,27,90,learn_array_A,location-1,-1
20,dyq,m,21,87,90,4988218,4990698,121,0,learn_array_A,location-2,-3
block
20,dyq,m,21,1,90,4996810,5001898,63,0,learn_array_A,location-2,-89
20,dyq,m,21,19,18,5006653,5009133,86,108,learn_array_B,location-2,1
20,dyq,m,21,176,0,5013793,5016272,153,90,learn_array_A,location-1,-4
20,dyq,m,21,93,90,5021068,5023471,29,0,learn_array_A,location-2,3
20,dyq,m,21,110,108,5028300,5031066,60,18,learn_array_B,location-1,2
20,dyq,m,21,113,108,5035896,5039173,85,18,learn_array_B,location-1,5
20,dyq,m,21,114,108,5043954,5046652,137,18,learn_array_B,location-1,6
20,dyq,m,21,113,108,5051486,5055127,126,18,learn_array_B,location-1,5
20,dyq,m,21,178,0,5059897,5064262,176,90,learn_array_A,location-1,-2
20,dyq,m,21,18,18,5068880,5071276,26,108,learn_array_B,location-2,0
20,dyq,m,21,110,108,5075945,5078129,58,18,learn_array_B,location-1,2
20,dyq,m,21,178,0,5082832,5084436,75,90,learn_array_A,location-1,-2
20,dyq,m,21,1,0,5089071,5091257,86,90,learn_array_A,location-1,1
20,dyq,m,21,89,90,5095859,5098042,25,0,learn_array_A,location-2,-1
20,dyq,m,21,86,90,5102667,5104552,34,0,learn_array_A,location-2,-4
20,dyq,m,21,117,108,5109187,5111741,133,18,learn_array_B,location-1,9
20,dyq,m,21,112,108,5116415,5119839,60,18,learn_array_B,location-1,4
20,dyq,m,21,22,18,5124490,5126602,91,108,learn_array_B,location-2,4
20,dyq,m,21,5,0,5131261,5135192,82,90,learn_array_A,location-1,5
20,dyq,m,21,5,0,5139874,5142060,171,90,learn_array_A,location-1,5
20,dyq,m,21,17,18,5146829,5149017,107,108,learn_array_B,location-2,-1
20,dyq,m,21,93,90,5153717,5160125,115,0,learn_array_A,location-2,3
20,dyq,m,21,0,0,5164744,5166637,76,90,learn_array_A,location-1,0
20,dyq,m,21,21,18,5171239,5173275,15,108,learn_array_B,location-2,3
20,dyq,m,21,16,18,5178059,5180243,129,108,learn_array_B,location-2,-2
20,dyq,m,21,2,0,5184925,5186966,101,90,learn_array_A,location-1,2
20,dyq,m,21,95,90,5191568,5194119,102,0,learn_array_A,location-2,5
20,dyq,m,21,107,108,5198789,5201705,122,18,learn_array_B,location-1,-1
20,dyq,m,21,18,18,5206361,5208757,42,108,learn_array_B,location-2,0
20,dyq,m,21,84,90,5213402,5216833,142,0,learn_array_A,location-2,-6
20,dyq,m,21,26,18,5221532,5223855,7,108,learn_array_B,location-2,8
20,dyq,m,21,90,90,5228505,5230323,177,0,learn_array_A,location-2,0
block
