subj,name,gender,age,col_resp,target_angle,start_time,resp_time,start_angle,other_angle,learn_array,location,d_value
2,lf,f,20,156,144,11556,15585,84,108,learn_array_A,location-1,12
2,lf,f,20,154,144,20297,23781,126,108,learn_array_A,location-1,10
2,lf,f,20,162,162,28534,33808,99,36,learn_array_B,location-2,0
2,lf,f,20,133,108,38610,45578,149,144,learn_array_A,location-2,25
2,lf,f,20,40,36,50341,53031,38,162,learn_array_B,location-1,4
2,lf,f,20,162,162,57714,61972,45,36,learn_array_B,location-2,0
2,lf,f,20,160,162,66732,71139,153,36,learn_array_B,location-2,-2
2,lf,f,20,116,108,75841,85961,35,144,learn_array_A,location-2,8
2,lf,f,20,166,162,90724,94673,63,36,learn_array_B,location-2,4
2,lf,f,20,140,144,99444,102657,170,108,learn_array_A,location-1,-4
2,lf,f,20,38,36,107258,110092,17,162,learn_array_B,location-1,2
2,lf,f,20,158,162,114703,118874,147,36,learn_array_B,location-2,-4
2,lf,f,20,38,36,123707,128175,125,162,learn_array_B,location-1,2
2,lf,f,20,111,108,132891,139144,77,144,learn_array_A,location-2,3
2,lf,f,20,41,36,143801,150190,4,162,learn_array_B,location-1,5
2,lf,f,20,146,144,154996,161325,10,108,learn_array_A,location-1,2
2,lf,f,20,135,108,166044,176310,27,144,learn_array_A,location-2,27
2,lf,f,20,36,36,181104,185874,93,162,learn_array_B,location-1,0
2,lf,f,20,37,36,190715,196074,7,162,learn_array_B,location-1,1
2,lf,f,20,155,144,200767,203363,40,108,learn_array_A,location-1,11
2,lf,f,20,147,144,208144,211504,138,108,learn_array_A,location-1,3
2,lf,f,20,144,144,216326,224825,171,108,learn_array_A,location-1,0
2,lf,f,20,109,108,229513,236791,148,144,learn_array_A,location-2,1
2,lf,f,20,161,162,241511,246590,30,36,learn_array_B,location-2,-1
2,lf,f,20,105,108,251307,260280,141,144,learn_array_A,location-2,-3
2,lf,f,20,103,108,264894,268180,19,144,learn_array_A,location-2,-5
2,lf,f,20,97,108,273010,278370,0,144,learn_array_A,location-2,-11
2,lf,f,20,162,162,283080,288230,169,36,learn_array_B,location-2,0
2,lf,f,20,34,36,293065,298133,0,162,learn_array_B,location-1,-2
2,lf,f,20,167,162,302872,309667,116,36,learn_array_B,location-2,5
2,lf,f,20,155,144,314392,319770,125,108,learn_array_A,location-1,11
2,lf,f,20,28,36,324558,327776,137,162,learn_array_B,location-1,-8
block
2,lf,f,20,105,108,359184,364733,120,144,learn_array_A,location-2,-3
2,lf,f,20,147,144,369403,371840,124,108,learn_array_A,location-1,3
2,lf,f,20,39,36,376447,380805,11,162,learn_array_B,location-1,3
2,lf,f,20,112,108,385629,389602,73,144,learn_array_A,location-2,4
2,lf,f,20,163,162,394225,396840,45,36,learn_array_B,location-2,1
2,lf,f,20,161,144,401582,408850,112,108,learn_array_A,location-1,17
2,lf,f,20,30,36,413465,417394,111,162,learn_array_B,location-1,-6
2,lf,f,20,148,144,422075,426067,68,108,learn_array_A,location-1,4
2,lf,f,20,159,162,430864,434728,95,36,learn_array_B,location-2,-3
2,lf,f,20,102,108,439333,442890,16,144,learn_array_A,location-2,-6
2,lf,f,20,111,108,447519,451908,163,144,learn_array_A,location-2,3
2,lf,f,20,149,144,456666,459542,32,108,learn_array_A,location-1,5
2,lf,f,20,168,162,464209,467317,167,36,learn_array_B,location-2,6
2,lf,f,20,32,36,472068,474204,169,162,learn_array_B,location-1,-4
2,lf,f,20,106,108,478957,481908,16,144,learn_array_A,location-2,-2
2,lf,f,20,164,162,486657,489827,153,36,learn_array_B,location-2,2
2,lf,f,20,43,36,494557,496399,16,162,learn_array_B,location-1,7
2,lf,f,20,38,36,501002,503960,129,162,learn_array_B,location-1,2
2,lf,f,20,46,162,508683,511331,122,36,learn_array_B,location-2,64
2,lf,f,20,41,36,516035,519205,64,162,learn_array_B,location-1,5
2,lf,f,20,152,144,523913,526718,137,108,learn_array_A,location-1,8
2,lf,f,20,148,144,531482,534805,38,108,learn_array_A,location-1,4
2,lf,f,20,148,144,539584,542167,24,108,learn_array_A,location-1,4
2,lf,f,20,107,108,546904,549850,41,144,learn_array_A,location-2,-1
2,lf,f,20,104,108,554637,558342,157,144,learn_array_A,location-2,-4
2,lf,f,20,32,36,562952,566205,103,162,learn_array_B,location-1,-4
2,lf,f,20,149,144,570904,574736,64,108,learn_array_A,location-1,5
2,lf,f,20,30,36,579402,583297,22,162,learn_array_B,location-1,-6
2,lf,f,20,161,162,587919,591688,110,36,learn_array_B,location-2,-1
2,lf,f,20,163,162,596428,600636,61,36,learn_array_B,location-2,1
2,lf,f,20,108,108,605290,609859,25,144,learn_array_A,location-2,0
2,lf,f,20,159,162,614628,618392,28,36,learn_array_B,location-2,-3
block
2,lf,f,20,38,36,624960,627692,63,162,learn_array_B,location-1,2
2,lf,f,20,148,144,632504,635446,136,108,learn_array_A,location-1,4
2,lf,f,20,162,162,640247,644372,126,36,learn_array_B,location-2,0
2,lf,f,20,160,162,649016,651454,173,36,learn_array_B,location-2,-2
2,lf,f,20,165,162,656204,660052,77,36,learn_array_B,location-2,3
2,lf,f,20,147,144,664853,667951,14,108,learn_array_A,location-1,3
2,lf,f,20,102,108,672568,674632,122,144,learn_array_A,location-2,-6
2,lf,f,20,38,36,679423,682226,150,162,learn_array_B,location-1,2
2,lf,f,20,39,36,687050,690298,171,162,learn_array_B,location-1,3
2,lf,f,20,105,108,695060,698891,44,144,learn_array_A,location-2,-3
2,lf,f,20,160,162,703606,707542,173,36,learn_array_B,location-2,-2
2,lf,f,20,101,108,712218,716510,50,144,learn_array_A,location-2,-7
2,lf,f,20,149,144,721253,725459,87,108,learn_array_A,location-1,5
2,lf,f,20,37,36,730245,734012,96,162,learn_array_B,location-1,1
2,lf,f,20,145,108,738606,742144,134,144,learn_array_A,location-2,37
2,lf,f,20,163,162,746977,752231,90,36,learn_array_B,location-2,1
2,lf,f,20,159,162,757035,760204,76,36,learn_array_B,location-2,-3
2,lf,f,20,103,108,764855,770250,70,144,learn_array_A,location-2,-5
2,lf,f,20,149,108,775046,777408,178,144,learn_array_A,location-2,41
2,lf,f,20,148,144,782026,790917,68,108,learn_array_A,location-1,4
2,lf,f,20,158,162,795652,799996,19,36,learn_array_B,location-2,-4
2,lf,f,20,37,36,804815,808958,4,162,learn_array_B,location-1,1
2,lf,f,20,35,36,813766,822379,152,162,learn_array_B,location-1,-1
2,lf,f,20,39,36,827200,829933,133,162,learn_array_B,location-1,3
2,lf,f,20,148,144,834623,839454,119,108,learn_array_A,location-1,4
2,lf,f,20,143,144,844241,847708,124,108,learn_array_A,location-1,-1
2,lf,f,20,146,144,852486,856182,73,108,learn_array_A,location-1,2
2,lf,f,20,102,108,860780,865353,134,144,learn_array_A,location-2,-6
2,lf,f,20,146,144,870145,874432,83,108,learn_array_A,location-1,2
2,lf,f,20,98,108,879036,884807,163,144,learn_array_A,location-2,-10
2,lf,f,20,156,162,889469,893907,0,36,learn_array_B,location-2,-6
2,lf,f,20,38,36,898626,905363,133,162,learn_array_B,location-1,2
block
2,lf,f,20,159,162,912560,916030,49,36,learn_array_B,location-2,-3
2,lf,f,20,144,144,920655,928393,12,108,learn_array_A,location-1,0
2,lf,f,20,40,36,933193,936436,137,162,learn_array_B,location-1,4
2,lf,f,20,145,144,941264,944534,155,108,learn_array_A,location-1,1
2,lf,f,20,38,36,949153,952485,149,162,learn_array_B,location-1,2
2,lf,f,20,145,144,957091,960488,40,108,learn_array_A,location-1,1
2,lf,f,20,106,108,965104,972432,91,144,learn_array_A,location-2,-2
2,lf,f,20,38,36,977072,979731,6,162,learn_array_B,location-1,2
2,lf,f,20,161,162,984490,989286,172,36,learn_array_B,location-2,-1
2,lf,f,20,160,162,994038,1001469,155,36,learn_array_B,location-2,-2
2,lf,f,20,101,108,1006286,1011733,3,144,learn_array_A,location-2,-7
2,lf,f,20,105,108,1016404,1019437,116,144,learn_array_A,location-2,-3
2,lf,f,20,159,162,1024248,1029107,167,36,learn_array_B,location-2,-3
2,lf,f,20,104,108,1033910,1039808,126,144,learn_array_A,location-2,-4
2,lf,f,20,111,108,1044470,1048310,109,144,learn_array_A,location-2,3
2,lf,f,20,145,144,1052943,1055666,89,108,learn_array_A,location-1,1
2,lf,f,20,158,162,1060325,1064472,165,36,learn_array_B,location-2,-4
2,lf,f,20,101,108,1069119,1072744,42,144,learn_array_A,location-2,-7
2,lf,f,20,38,36,1077524,1080484,45,162,learn_array_B,location-1,2
2,lf,f,20,150,144,1085243,1089673,152,108,learn_array_A,location-1,6
2,lf,f,20,36,36,1094319,1097274,138,162,learn_array_B,location-1,0
2,lf,f,20,101,108,1102018,1106015,9,144,learn_array_A,location-2,-7
2,lf,f,20,149,144,1110760,1114305,116,108,learn_array_A,location-1,5
2,lf,f,20,34,36,1119136,1122840,123,162,learn_array_B,location-1,-2
2,lf,f,20,159,144,1127587,1130101,153,108,learn_array_A,location-1,15
2,lf,f,20,162,162,1134847,1139219,123,36,learn_array_B,location-2,0
2,lf,f,20,148,144,1144037,1146617,21,108,learn_array_A,location-1,4
2,lf,f,20,42,36,1151315,1153812,111,162,learn_array_B,location-1,6
2,lf,f,20,39,36,1158619,1164219,173,162,learn_array_B,location-1,3
2,lf,f,20,161,162,1168937,1172045,139,36,learn_array_B,location-2,-1
2,lf,f,20,103,108,1176765,1180306,94,144,learn_array_A,location-2,-5
2,lf,f,20,155,162,1185102,1187678,64,36,learn_array_B,location-2,-7
block
2,lf,f,20,40,36,1198000,1201091,116,162,learn_array_B,location-1,4
2,lf,f,20,157,144,1205905,1207963,159,108,learn_array_A,location-1,13
2,lf,f,20,153,144,1212648,1216052,86,108,learn_array_A,location-1,9
2,lf,f,20,165,162,1220864,1224124,61,36,learn_array_B,location-2,3
2,lf,f,20,100,108,1228876,1233159,32,144,learn_array_A,location-2,-8
2,lf,f,20,163,162,1237995,1240759,162,36,learn_array_B,location-2,1
2,lf,f,20,148,144,1245555,1250419,160,108,learn_array_A,location-1,4
2,lf,f,20,152,144,1255225,1259920,119,108,learn_array_A,location-1,8
2,lf,f,20,166,162,1264586,1268180,123,36,learn_array_B,location-2,4
2,lf,f,20,102,108,1272875,1277798,72,144,learn_array_A,location-2,-6
2,lf,f,20,33,36,1282494,1284505,125,162,learn_array_B,location-1,-3
2,lf,f,20,35,36,1289327,1295861,133,162,learn_array_B,location-1,-1
2,lf,f,20,162,162,1300624,1303886,18,36,learn_array_B,location-2,0
2,lf,f,20,146,144,1308555,1311215,40,108,learn_array_A,location-1,2
2,lf,f,20,124,162,1316054,1317166,77,36,learn_array_B,location-2,-38
2,lf,f,20,101,108,1321964,1324113,104,144,learn_array_A,location-2,-7
2,lf,f,20,107,108,1328742,1331944,59,144,learn_array_A,location-2,-1
2,lf,f,20,142,144,1336548,1338997,132,108,learn_array_A,location-1,-2
2,lf,f,20,36,36,1343671,1348342,62,162,learn_array_B,location-1,0
2,lf,f,20,41,36,1353096,1358140,47,162,learn_array_B,location-1,5
2,lf,f,20,165,162,1362796,1367099,30,36,learn_array_B,location-2,3
2,lf,f,20,149,144,1371714,1375585,38,108,learn_array_A,location-1,5
2,lf,f,20,37,36,1380296,1383143,82,162,learn_array_B,location-1,1
2,lf,f,20,107,108,1387771,1392917,162,144,learn_array_A,location-2,-1
2,lf,f,20,40,36,1397626,1400159,94,162,learn_array_B,location-1,4
2,lf,f,20,164,162,1404964,1409060,70,36,learn_array_B,location-2,2
2,lf,f,20,99,108,1413800,1418790,151,144,learn_array_A,location-2,-9
2,lf,f,20,162,162,1423598,1428521,159,36,learn_array_B,location-2,0
2,lf,f,20,105,108,1433126,1437599,171,144,learn_array_A,location-2,-3
2,lf,f,20,144,144,1442297,1444826,13,108,learn_array_A,location-1,0
2,lf,f,20,38,36,1449587,1453074,128,162,learn_array_B,location-1,2
2,lf,f,20,101,108,1457901,1460948,57,144,learn_array_A,location-2,-7
block
2,lf,f,20,144,144,1477424,1479861,29,108,learn_array_A,location-1,0
2,lf,f,20,144,144,1484509,1487529,48,108,learn_array_A,location-1,0
2,lf,f,20,158,162,1492278,1495152,96,36,learn_array_B,location-2,-4
2,lf,f,20,34,36,1499906,1503661,16,162,learn_array_B,location-1,-2
2,lf,f,20,146,144,1508271,1511377,143,108,learn_array_A,location-1,2
2,lf,f,20,143,108,1516132,1518950,174,144,learn_array_A,location-2,35
2,lf,f,20,104,108,1523760,1528519,37,144,learn_array_A,location-2,-4
2,lf,f,20,41,36,1533156,1536424,65,162,learn_array_B,location-1,5
2,lf,f,20,103,108,1541108,1544612,88,144,learn_array_A,location-2,-5
2,lf,f,20,34,36,1549339,1552679,127,162,learn_array_B,location-1,-2
2,lf,f,20,146,144,1557367,1560115,158,108,learn_array_A,location-1,2
2,lf,f,20,143,144,1564737,1569849,2,108,learn_array_A,location-1,-1
2,lf,f,20,140,144,1574530,1578995,90,108,learn_array_A,location-1,-4
2,lf,f,20,145,144,1583615,1588752,170,108,learn_array_A,location-1,1
2,lf,f,20,162,162,1593455,1599406,54,36,learn_array_B,location-2,0
2,lf,f,20,103,108,1604215,1606749,139,144,learn_array_A,location-2,-5
2,lf,f,20,160,162,1611582,1615293,70,36,learn_array_B,location-2,-2
2,lf,f,20,32,36,1619969,1623245,108,162,learn_array_B,location-1,-4
2,lf,f,20,34,36,1627896,1631386,30,162,learn_array_B,location-1,-2
2,lf,f,20,99,108,1636113,1642450,134,144,learn_array_A,location-2,-9
2,lf,f,20,38,36,1647077,1649665,71,162,learn_array_B,location-1,2
2,lf,f,20,164,162,1654326,1658021,57,36,learn_array_B,location-2,2
2,lf,f,20,161,162,1662814,1665695,97,36,learn_array_B,location-2,-1
2,lf,f,20,43,36,1670419,1672412,2,162,learn_array_B,location-1,7
2,lf,f,20,149,144,1677030,1680939,77,108,learn_array_A,location-1,5
2,lf,f,20,37,36,1685664,1689061,146,162,learn_array_B,location-1,1
2,lf,f,20,164,162,1693896,1698489,23,36,learn_array_B,location-2,2
2,lf,f,20,103,108,1703149,1722237,72,144,learn_array_A,location-2,-5
2,lf,f,20,160,162,1726944,1730873,125,36,learn_array_B,location-2,-2
2,lf,f,20,105,108,1735693,1738818,101,144,learn_array_A,location-2,-3
2,lf,f,20,160,162,1743485,1745561,70,36,learn_array_B,location-2,-2
2,lf,f,20,103,108,1750310,1756173,141,144,learn_array_A,location-2,-5
block
2,lf,f,20,100,108,1763040,1766610,108,144,learn_array_A,location-2,-8
2,lf,f,20,39,36,1771201,1773937,22,162,learn_array_B,location-1,3
2,lf,f,20,149,144,1778693,1782604,119,108,learn_array_A,location-1,5
2,lf,f,20,96,108,1787423,1790541,172,144,learn_array_A,location-2,-12
2,lf,f,20,162,162,1795168,1799544,84,36,learn_array_B,location-2,0
2,lf,f,20,165,162,1804324,1810239,157,36,learn_array_B,location-2,3
2,lf,f,20,146,108,1814875,1820498,65,144,learn_array_A,location-2,38
2,lf,f,20,166,162,1825137,1829432,161,36,learn_array_B,location-2,4
2,lf,f,20,162,162,1834167,1837115,33,36,learn_array_B,location-2,0
2,lf,f,20,41,36,1841827,1846398,18,162,learn_array_B,location-1,5
2,lf,f,20,145,108,1851034,1853758,128,144,learn_array_A,location-2,37
2,lf,f,20,158,162,1858432,1860939,69,36,learn_array_B,location-2,-4
2,lf,f,20,155,144,1865634,1870637,13,108,learn_array_A,location-1,11
2,lf,f,20,147,144,1875291,1879382,69,108,learn_array_A,location-1,3
2,lf,f,20,154,162,1884213,1888999,39,36,learn_array_B,location-2,-8
2,lf,f,20,147,144,1893746,1897805,61,108,learn_array_A,location-1,3
2,lf,f,20,102,108,1902538,1905272,129,144,learn_array_A,location-2,-6
2,lf,f,20,33,36,1909976,1912789,64,162,learn_array_B,location-1,-3
2,lf,f,20,143,144,1917440,1921208,49,108,learn_array_A,location-1,-1
2,lf,f,20,148,144,1925801,1930236,77,108,learn_array_A,location-1,4
2,lf,f,20,157,162,1934978,1939779,37,36,learn_array_B,location-2,-5
2,lf,f,20,146,108,1944619,1948542,87,144,learn_array_A,location-2,38
2,lf,f,20,156,144,1953241,1958422,179,108,learn_array_A,location-1,12
2,lf,f,20,36,162,1963095,1965909,24,36,learn_array_B,location-2,54
2,lf,f,20,33,36,1970548,1978899,153,162,learn_array_B,location-1,-3
2,lf,f,20,39,36,1983536,1990783,106,162,learn_array_B,location-1,3
2,lf,f,20,150,108,1995509,2001260,28,144,learn_array_A,location-2,42
2,lf,f,20,106,108,2005949,2011696,33,144,learn_array_A,location-2,-2
2,lf,f,20,143,144,2016404,2021263,162,108,learn_array_A,location-1,-1
2,lf,f,20,29,36,2025902,2030922,127,162,learn_array_B,location-1,-7
2,lf,f,20,32,36,2035539,2038938,38,162,learn_array_B,location-1,-4
2,lf,f,20,33,36,2043658,2047937,124,162,learn_array_B,location-1,-3
block
2,lf,f,20,143,144,2054336,2058552,160,108,learn_array_A,location-1,-1
2,lf,f,20,30,36,2063264,2065919,146,162,learn_array_B,location-1,-6
2,lf,f,20,161,162,2070591,2073253,55,36,learn_array_B,location-2,-1
2,lf,f,20,149,144,2078027,2083784,117,108,learn_array_A,location-1,5
2,lf,f,20,146,144,2088494,2091822,60,108,learn_array_A,location-1,2
2,lf,f,20,107,108,2096528,2103388,36,144,learn_array_A,location-2,-1
2,lf,f,20,101,108,2108080,2112440,122,144,learn_array_A,location-2,-7
2,lf,f,20,37,36,2117132,2120603,105,162,learn_array_B,location-1,1
2,lf,f,20,166,162,2125396,2131296,22,36,learn_array_B,location-2,4
2,lf,f,20,33,36,2135898,2139741,75,162,learn_array_B,location-1,-3
2,lf,f,20,164,162,2144553,2147134,179,36,learn_array_B,location-2,2
2,lf,f,20,153,144,2151740,2157435,69,108,learn_array_A,location-1,9
2,lf,f,20,104,108,2162069,2165770,33,144,learn_array_A,location-2,-4
2,lf,f,20,103,108,2170488,2175612,100,144,learn_array_A,location-2,-5
2,lf,f,20,147,144,2180234,2182380,92,108,learn_array_A,location-1,3
2,lf,f,20,34,36,2187170,2189696,143,162,learn_array_B,location-1,-2
2,lf,f,20,101,108,2194325,2197973,91,144,learn_array_A,location-2,-7
2,lf,f,20,32,36,2202741,2205501,80,162,learn_array_B,location-1,-4
2,lf,f,20,163,162,2210331,2214555,152,36,learn_array_B,location-2,1
2,lf,f,20,143,144,2219324,2222360,71,108,learn_array_A,location-1,-1
2,lf,f,20,35,36,2227046,2229869,61,162,learn_array_B,location-1,-1
2,lf,f,20,104,108,2234611,2238533,29,144,learn_array_A,location-2,-4
2,lf,f,20,165,162,2243170,2249629,67,36,learn_array_B,location-2,3
2,lf,f,20,142,144,2254407,2257518,56,108,learn_array_A,location-1,-2
2,lf,f,20,40,36,2262169,2264479,128,162,learn_array_B,location-1,4
2,lf,f,20,161,162,2269189,2271926,60,36,learn_array_B,location-2,-1
2,lf,f,20,104,108,2276599,2282000,70,144,learn_array_A,location-2,-4
2,lf,f,20,160,162,2286603,2290171,100,36,learn_array_B,location-2,-2
2,lf,f,20,34,36,2294817,2297103,4,162,learn_array_B,location-1,-2
2,lf,f,20,98,108,2301895,2306632,135,144,learn_array_A,location-2,-10
2,lf,f,20,143,144,2311364,2313362,108,108,learn_array_A,location-1,-1
2,lf,f,20,161,162,2318172,2323134,8,36,learn_array_B,location-2,-1
block
2,lf,f,20,162,162,2329952,2336709,103,36,learn_array_B,location-2,0
2,lf,f,20,144,144,2341378,2343973,110,108,learn_array_A,location-1,0
2,lf,f,20,146,144,2348727,2353241,147,108,learn_array_A,location-1,2
2,lf,f,20,145,144,2357988,2361397,29,108,learn_array_A,location-1,1
2,lf,f,20,109,108,2366211,2370211,89,144,learn_array_A,location-2,1
2,lf,f,20,30,36,2374957,2377637,81,162,learn_array_B,location-1,-6
2,lf,f,20,34,36,2382397,2384165,79,162,learn_array_B,location-1,-2
2,lf,f,20,112,108,2388854,2392117,153,144,learn_array_A,location-2,4
2,lf,f,20,164,162,2396770,2400992,49,36,learn_array_B,location-2,2
2,lf,f,20,146,144,2405764,2408425,93,108,learn_array_A,location-1,2
2,lf,f,20,38,36,2413164,2417369,48,162,learn_array_B,location-1,2
2,lf,f,20,37,36,2422131,2425084,111,162,learn_array_B,location-1,1
2,lf,f,20,36,36,2429797,2434454,167,162,learn_array_B,location-1,0
2,lf,f,20,111,108,2439069,2442708,176,144,learn_array_A,location-2,3
2,lf,f,20,102,108,2447488,2451572,107,144,learn_array_A,location-2,-6
2,lf,f,20,38,36,2456243,2459424,156,162,learn_array_B,location-1,2
2,lf,f,20,107,108,2464017,2467713,21,144,learn_array_A,location-2,-1
2,lf,f,20,144,144,2472509,2477532,84,108,learn_array_A,location-1,0
2,lf,f,20,145,144,2482277,2485674,115,108,learn_array_A,location-1,1
2,lf,f,20,114,108,2490488,2495373,172,144,learn_array_A,location-2,6
2,lf,f,20,163,162,2500047,2504336,8,36,learn_array_B,location-2,1
2,lf,f,20,38,36,2509100,2511161,150,162,learn_array_B,location-1,2
2,lf,f,20,161,162,2515899,2521355,12,36,learn_array_B,location-2,-1
2,lf,f,20,161,162,2525960,2529428,109,36,learn_array_B,location-2,-1
2,lf,f,20,106,108,2534242,2538890,31,144,learn_array_A,location-2,-2
2,lf,f,20,109,108,2543624,2548208,90,144,learn_array_A,location-2,1
2,lf,f,20,145,144,2552867,2556037,79,108,learn_array_A,location-1,1
2,lf,f,20,163,162,2560757,2564217,24,36,learn_array_B,location-2,1
2,lf,f,20,146,144,2568985,2571567,70,108,learn_array_A,location-1,2
2,lf,f,20,164,162,2576399,2578984,128,36,learn_array_B,location-2,2
2,lf,f,20,163,162,2583719,2587261,176,36,learn_array_B,location-2,1
2,lf,f,20,34,36,2591933,2594367,118,162,learn_array_B,location-1,-2
block
2,lf,f,20,166,162,2601632,2604885,112,36,learn_array_B,location-2,4
2,lf,f,20,111,108,2609660,2619530,85,144,learn_array_A,location-2,3
2,lf,f,20,34,36,2624217,2626514,63,162,learn_array_B,location-1,-2
2,lf,f,20,164,36,2631108,2633253,106,162,learn_array_B,location-1,-52
2,lf,f,20,112,108,2637990,2646210,131,144,learn_array_A,location-2,4
2,lf,f,20,147,144,2650941,2657227,137,108,learn_array_A,location-1,3
2,lf,f,20,147,144,2661936,2665700,19,108,learn_array_A,location-1,3
2,lf,f,20,162,162,2670301,2674516,41,36,learn_array_B,location-2,0
2,lf,f,20,162,162,2679198,2686593,70,36,learn_array_B,location-2,0
2,lf,f,20,163,162,2691198,2707273,121,36,learn_array_B,location-2,1
2,lf,f,20,161,162,2711900,2735109,90,36,learn_array_B,location-2,-1
2,lf,f,20,150,144,2739938,2744809,141,108,learn_array_A,location-1,6
2,lf,f,20,159,162,2749432,2756733,80,36,learn_array_B,location-2,-3
2,lf,f,20,33,36,2761425,2765684,18,162,learn_array_B,location-1,-3
2,lf,f,20,37,36,2770337,2773293,95,162,learn_array_B,location-1,1
2,lf,f,20,146,144,2777887,2780328,71,108,learn_array_A,location-1,2
2,lf,f,20,160,162,2785000,2788988,156,36,learn_array_B,location-2,-2
2,lf,f,20,144,144,2793741,2804525,4,108,learn_array_A,location-1,0
2,lf,f,20,142,144,2809251,2813834,72,108,learn_array_A,location-1,-2
2,lf,f,20,37,36,2818494,2822644,81,162,learn_array_B,location-1,1
2,lf,f,20,108,108,2827427,2834883,80,144,learn_array_A,location-2,0
2,lf,f,20,38,36,2839586,2844827,166,162,learn_array_B,location-1,2
2,lf,f,20,149,144,2849487,2852872,48,108,learn_array_A,location-1,5
2,lf,f,20,37,36,2857623,2860135,152,162,learn_array_B,location-1,1
2,lf,f,20,143,144,2864884,2871645,120,108,learn_array_A,location-1,-1
2,lf,f,20,109,108,2876473,2879788,88,144,learn_array_A,location-2,1
2,lf,f,20,100,108,2884622,2887272,97,144,learn_array_A,location-2,-8
2,lf,f,20,108,108,2892016,2897260,55,144,learn_array_A,location-2,0
2,lf,f,20,106,108,2901987,2905691,148,144,learn_array_A,location-2,-2
2,lf,f,20,108,108,2910426,2915737,0,144,learn_array_A,location-2,0
2,lf,f,20,160,162,2920496,2924192,150,36,learn_array_B,location-2,-2
2,lf,f,20,35,36,2928874,2931815,93,162,learn_array_B,location-1,-1
block
2,lf,f,20,37,36,2938576,2944330,39,162,learn_array_B,location-1,1
2,lf,f,20,40,36,2948987,2952299,19,162,learn_array_B,location-1,4
2,lf,f,20,111,108,2956991,2960237,177,144,learn_array_A,location-2,3
2,lf,f,20,102,108,2964855,2967803,36,144,learn_array_A,location-2,-6
2,lf,f,20,145,144,2972489,2975805,13,108,learn_array_A,location-1,1
2,lf,f,20,163,162,2980433,2985854,54,36,learn_array_B,location-2,1
2,lf,f,20,146,144,2990657,2997015,174,108,learn_array_A,location-1,2
2,lf,f,20,110,108,3001721,3004593,8,144,learn_array_A,location-2,2
2,lf,f,20,33,36,3009350,3013568,153,162,learn_array_B,location-1,-3
2,lf,f,20,164,162,3018399,3023259,10,36,learn_array_B,location-2,2
2,lf,f,20,113,108,3028089,3031262,19,144,learn_array_A,location-2,5
2,lf,f,20,142,144,3035987,3039529,44,108,learn_array_A,location-1,-2
2,lf,f,20,109,108,3044362,3049971,19,144,learn_array_A,location-2,1
2,lf,f,20,155,162,3054748,3058574,38,36,learn_array_B,location-2,-7
2,lf,f,20,110,108,3063386,3068115,71,144,learn_array_A,location-2,2
2,lf,f,20,164,162,3072874,3079296,136,36,learn_array_B,location-2,2
2,lf,f,20,112,108,3084129,3088930,136,144,learn_array_A,location-2,4
2,lf,f,20,166,162,3093616,3097152,5,36,learn_array_B,location-2,4
2,lf,f,20,170,162,3101985,3107882,178,36,learn_array_B,location-2,8
2,lf,f,20,34,36,3112593,3115989,112,162,learn_array_B,location-1,-2
2,lf,f,20,151,144,3120650,3124480,23,108,learn_array_A,location-1,7
2,lf,f,20,31,36,3129286,3132313,52,162,learn_array_B,location-1,-5
2,lf,f,20,167,162,3137102,3140717,151,36,learn_array_B,location-2,5
2,lf,f,20,112,108,3145391,3149072,5,144,learn_array_A,location-2,4
2,lf,f,20,32,36,3153739,3156546,0,162,learn_array_B,location-1,-4
2,lf,f,20,146,144,3161353,3167551,124,108,learn_array_A,location-1,2
2,lf,f,20,37,36,3172165,3174450,107,162,learn_array_B,location-1,1
2,lf,f,20,167,162,3179078,3182840,74,36,learn_array_B,location-2,5
2,lf,f,20,146,144,3187491,3191486,9,108,learn_array_A,location-1,2
2,lf,f,20,146,144,3196163,3199411,43,108,learn_array_A,location-1,2
2,lf,f,20,35,36,3204075,3208207,32,162,learn_array_B,location-1,-1
2,lf,f,20,145,144,3212956,3218804,99,108,learn_array_A,location-1,1
block
2,lf,f,20,113,108,3229904,3243207,150,144,learn_array_A,location-2,5
2,lf,f,20,159,162,3247802,3264093,174,36,learn_array_B,location-2,-3
2,lf,f,20,37,36,3268761,3275053,131,162,learn_array_B,location-1,1
2,lf,f,20,34,36,3279863,3284965,152,162,learn_array_B,location-1,-2
2,lf,f,20,149,144,3289661,3293572,25,108,learn_array_A,location-1,5
2,lf,f,20,165,162,3298392,3301121,5,36,learn_array_B,location-2,3
2,lf,f,20,36,36,3305721,3308311,28,162,learn_array_B,location-1,0
2,lf,f,20,112,108,3312924,3317814,163,144,learn_array_A,location-2,4
2,lf,f,20,142,144,3322598,3328273,144,108,learn_array_A,location-1,-2
2,lf,f,20,159,162,3332999,3335511,139,36,learn_array_B,location-2,-3
2,lf,f,20,165,162,3340178,3343647,93,36,learn_array_B,location-2,3
2,lf,f,20,113,108,3348287,3351835,163,144,learn_array_A,location-2,5
2,lf,f,20,108,108,3356431,3360188,2,144,learn_array_A,location-2,0
2,lf,f,20,169,162,3364974,3371182,93,36,learn_array_B,location-2,7
2,lf,f,20,114,108,3376009,3381479,121,144,learn_array_A,location-2,6
2,lf,f,20,145,144,3386223,3389393,39,108,learn_array_A,location-1,1
2,lf,f,20,27,36,3394137,3396800,88,162,learn_array_B,location-1,-9
2,lf,f,20,166,162,3401537,3405011,86,36,learn_array_B,location-2,4
2,lf,f,20,141,144,3409807,3413202,112,108,learn_array_A,location-1,-3
2,lf,f,20,110,108,3417894,3420627,39,144,learn_array_A,location-2,2
2,lf,f,20,36,36,3425445,3432016,30,162,learn_array_B,location-1,0
2,lf,f,20,145,144,3436733,3439684,123,108,learn_array_A,location-1,1
2,lf,f,20,166,162,3444335,3449506,27,36,learn_array_B,location-2,4
2,lf,f,20,169,162,3454203,3459285,140,36,learn_array_B,location-2,7
2,lf,f,20,35,36,3464033,3467211,85,162,learn_array_B,location-1,-1
2,lf,f,20,146,144,3471815,3474622,35,108,learn_array_A,location-1,2
2,lf,f,20,37,36,3479261,3482503,142,162,learn_array_B,location-1,1
2,lf,f,20,35,36,3487153,3492823,23,162,learn_array_B,location-1,-1
2,lf,f,20,112,108,3497619,3501384,8,144,learn_array_A,location-2,4
2,lf,f,20,144,144,3506016,3510905,41,108,learn_array_A,location-1,0
2,lf,f,20,142,144,3515691,3520490,132,108,learn_array_A,location-1,-2
2,lf,f,20,110,108,3525083,3530198,53,144,learn_array_A,location-2,2
block
2,lf,f,20,108,108,3536687,3546803,77,144,learn_array_A,location-2,0
2,lf,f,20,38,162,3551400,3554426,179,36,learn_array_B,location-2,56
2,lf,f,20,167,162,3559088,3564132,167,36,learn_array_B,location-2,5
2,lf,f,20,112,108,3568798,3573166,70,144,learn_array_A,location-2,4
2,lf,f,20,115,108,3577778,3586607,8,144,learn_array_A,location-2,7
2,lf,f,20,45,36,3591285,3593935,67,162,learn_array_B,location-1,9
2,lf,f,20,162,162,3598669,3603539,15,36,learn_array_B,location-2,0
2,lf,f,20,35,36,3608333,3613550,143,162,learn_array_B,location-1,-1
2,lf,f,20,110,108,3618226,3623524,121,144,learn_array_A,location-2,2
2,lf,f,20,108,108,3628257,3633297,100,144,learn_array_A,location-2,0
2,lf,f,20,36,36,3638052,3641007,141,162,learn_array_B,location-1,0
2,lf,f,20,165,162,3645765,3651068,19,36,learn_array_B,location-2,3
2,lf,f,20,34,36,3655674,3663213,109,162,learn_array_B,location-1,-2
2,lf,f,20,36,36,3667823,3671596,133,162,learn_array_B,location-1,0
2,lf,f,20,107,108,3676400,3679296,105,144,learn_array_A,location-2,-1
2,lf,f,20,107,108,3683891,3691136,168,144,learn_array_A,location-2,-1
2,lf,f,20,141,144,3695913,3701020,134,108,learn_array_A,location-1,-3
2,lf,f,20,145,144,3705714,3710807,114,108,learn_array_A,location-1,1
2,lf,f,20,38,36,3715606,3720227,123,162,learn_array_B,location-1,2
2,lf,f,20,146,144,3725055,3730739,60,108,learn_array_A,location-1,2
2,lf,f,20,163,162,3735397,3753257,171,36,learn_array_B,location-2,1
2,lf,f,20,167,162,3757912,3762575,99,36,learn_array_B,location-2,5
2,lf,f,20,142,144,3767343,3771339,12,108,learn_array_A,location-1,-2
2,lf,f,20,109,108,3775990,3779037,127,144,learn_array_A,location-2,1
2,lf,f,20,142,144,3783821,3788112,36,108,learn_array_A,location-1,-2
2,lf,f,20,141,144,3792934,3795444,73,108,learn_array_A,location-1,-3
2,lf,f,20,141,144,3800229,3802154,72,108,learn_array_A,location-1,-3
2,lf,f,20,169,162,3806888,3811035,91,36,learn_array_B,location-2,7
2,lf,f,20,142,144,3815658,3817802,141,108,learn_array_A,location-1,-2
2,lf,f,20,162,162,3822426,3828856,82,36,learn_array_B,location-2,0
2,lf,f,20,36,36,3833460,3836627,171,162,learn_array_B,location-1,0
2,lf,f,20,36,36,3841441,3845640,157,162,learn_array_B,location-1,0
block
2,lf,f,20,145,144,3862256,3874621,31,108,learn_array_A,location-1,1
2,lf,f,20,164,162,3879345,3891361,168,36,learn_array_B,location-2,2
2,lf,f,20,148,144,3896117,3911931,164,108,learn_array_A,location-1,4
2,lf,f,20,164,162,3916703,3924254,153,36,learn_array_B,location-2,2
2,lf,f,20,37,36,3928953,3931242,89,162,learn_array_B,location-1,1
2,lf,f,20,39,36,3935889,3939362,53,162,learn_array_B,location-1,3
2,lf,f,20,107,108,3944086,3949027,26,144,learn_array_A,location-2,-1
2,lf,f,20,165,36,3953683,3957400,151,162,learn_array_B,location-1,-51
2,lf,f,20,109,108,3962130,3970404,4,144,learn_array_A,location-2,1
2,lf,f,20,170,162,3975196,3979375,51,36,learn_array_B,location-2,8
2,lf,f,20,110,108,3984208,3987714,92,144,learn_array_A,location-2,2
2,lf,f,20,146,144,3992440,3996829,40,108,learn_array_A,location-1,2
2,lf,f,20,160,36,4001491,4004697,76,162,learn_array_B,location-1,-56
2,lf,f,20,104,108,4009355,4025539,38,144,learn_array_A,location-2,-4
2,lf,f,20,175,162,4030137,4033193,179,36,learn_array_B,location-2,13
2,lf,f,20,146,144,4037900,4061281,140,108,learn_array_A,location-1,2
2,lf,f,20,145,144,4065937,4071302,44,108,learn_array_A,location-1,1
2,lf,f,20,35,36,4076124,4079258,39,162,learn_array_B,location-1,-1
2,lf,f,20,166,162,4084026,4088789,35,36,learn_array_B,location-2,4
2,lf,f,20,148,144,4093486,4101480,94,108,learn_array_A,location-1,4
2,lf,f,20,36,36,4106096,4109818,53,162,learn_array_B,location-1,0
2,lf,f,20,39,36,4114651,4117245,40,162,learn_array_B,location-1,3
2,lf,f,20,111,108,4121898,4123990,64,144,learn_array_A,location-2,3
2,lf,f,20,145,144,4128645,4135566,61,108,learn_array_A,location-1,1
2,lf,f,20,38,36,4140347,4146144,21,162,learn_array_B,location-1,2
2,lf,f,20,169,162,4150951,4162742,126,36,learn_array_B,location-2,7
2,lf,f,20,109,108,4167407,4173319,156,144,learn_array_A,location-2,1
2,lf,f,20,167,162,4178018,4180262,150,36,learn_array_B,location-2,5
2,lf,f,20,105,108,4184931,4187543,80,144,learn_array_A,location-2,-3
2,lf,f,20,142,144,4192194,4196450,130,108,learn_array_A,location-1,-2
2,lf,f,20,106,108,4201212,4204270,81,144,learn_array_A,location-2,-2
2,lf,f,20,160,162,4209110,4215299,119,36,learn_array_B,location-2,-2
block
2,lf,f,20,108,108,4227568,4237299,141,144,learn_array_A,location-2,0
2,lf,f,20,146,144,4242001,4248499,176,108,learn_array_A,location-1,2
2,lf,f,20,33,36,4253140,4255895,164,162,learn_array_B,location-1,-3
2,lf,f,20,164,162,4260573,4263044,99,36,learn_array_B,location-2,2
2,lf,f,20,145,144,4267736,4271121,115,108,learn_array_A,location-1,1
2,lf,f,20,161,162,4275905,4278485,117,36,learn_array_B,location-2,-1
2,lf,f,20,146,144,4283142,4289262,51,108,learn_array_A,location-1,2
2,lf,f,20,38,36,4293859,4299955,49,162,learn_array_B,location-1,2
2,lf,f,20,112,108,4304590,4312327,12,144,learn_array_A,location-2,4
2,lf,f,20,111,108,4316944,4327719,40,144,learn_array_A,location-2,3
2,lf,f,20,146,144,4332388,4337046,63,108,learn_array_A,location-1,2
2,lf,f,20,113,108,4341868,4345077,70,144,learn_array_A,location-2,5
2,lf,f,20,142,144,4349747,4351364,55,108,learn_array_A,location-1,-2
2,lf,f,20,106,108,4356184,4359211,141,144,learn_array_A,location-2,-2
2,lf,f,20,164,162,4364019,4368453,12,36,learn_array_B,location-2,2
2,lf,f,20,143,144,4373219,4379474,24,108,learn_array_A,location-1,-1
2,lf,f,20,161,162,4384108,4389815,5,36,learn_array_B,location-2,-1
2,lf,f,20,40,36,4394507,4397246,97,162,learn_array_B,location-1,4
2,lf,f,20,163,162,4401927,4403630,122,36,learn_array_B,location-2,1
2,lf,f,20,37,36,4408360,4411612,134,162,learn_array_B,location-1,1
2,lf,f,20,147,144,4416401,4419062,31,108,learn_array_A,location-1,3
2,lf,f,20,145,144,4423852,4426589,107,108,learn_array_A,location-1,1
2,lf,f,20,35,36,4431232,4435447,123,162,learn_array_B,location-1,-1
2,lf,f,20,167,162,4440041,4446996,69,36,learn_array_B,location-2,5
2,lf,f,20,36,36,4451742,4455576,42,162,learn_array_B,location-1,0
2,lf,f,20,112,108,4460229,4464285,7,144,learn_array_A,location-2,4
2,lf,f,20,170,162,4468952,4475817,77,36,learn_array_B,location-2,8
2,lf,f,20,38,36,4480593,4483907,154,162,learn_array_B,location-1,2
2,lf,f,20,108,108,4488629,4494665,43,144,learn_array_A,location-2,0
2,lf,f,20,110,108,4499406,4502961,92,144,learn_array_A,location-2,2
2,lf,f,20,165,162,4507703,4512807,151,36,learn_array_B,location-2,3
2,lf,f,20,38,36,4517494,4519857,158,162,learn_array_B,location-1,2
block
2,lf,f,20,35,36,4532256,4536964,3,162,learn_array_B,location-1,-1
2,lf,f,20,148,144,4541769,4548851,17,108,learn_array_A,location-1,4
2,lf,f,20,164,162,4553496,4563591,137,36,learn_array_B,location-2,2
2,lf,f,20,148,144,4568259,4571873,153,108,learn_array_A,location-1,4
2,lf,f,20,33,36,4576495,4583723,126,162,learn_array_B,location-1,-3
2,lf,f,20,110,108,4588410,4591895,174,144,learn_array_A,location-2,2
2,lf,f,20,37,36,4596662,4605492,116,162,learn_array_B,location-1,1
2,lf,f,20,143,144,4610098,4615476,15,108,learn_array_A,location-1,-1
2,lf,f,20,109,108,4620196,4623884,83,144,learn_array_A,location-2,1
2,lf,f,20,142,144,4628709,4635340,58,108,learn_array_A,location-1,-2
2,lf,f,20,104,108,4640143,4661945,40,144,learn_array_A,location-2,-4
2,lf,f,20,38,36,4666601,4670377,161,162,learn_array_B,location-1,2
2,lf,f,20,31,36,4675172,4679235,78,162,learn_array_B,location-1,-5
2,lf,f,20,162,162,4683953,4687201,118,36,learn_array_B,location-2,0
2,lf,f,20,169,162,4691832,4695892,95,36,learn_array_B,location-2,7
2,lf,f,20,106,108,4700688,4710312,173,144,learn_array_A,location-2,-2
2,lf,f,20,147,144,4715071,4718532,58,108,learn_array_A,location-1,3
2,lf,f,20,142,144,4723349,4728436,14,108,learn_array_A,location-1,-2
2,lf,f,20,104,108,4733085,4735896,133,144,learn_array_A,location-2,-4
2,lf,f,20,106,108,4740571,4746922,93,144,learn_array_A,location-2,-2
2,lf,f,20,160,162,4751661,4757066,177,36,learn_array_B,location-2,-2
2,lf,f,20,110,108,4761740,4766637,140,144,learn_array_A,location-2,2
2,lf,f,20,160,162,4771380,4781604,24,36,learn_array_B,location-2,-2
2,lf,f,20,106,108,4786344,4788554,40,144,learn_array_A,location-2,-2
2,lf,f,20,32,36,4793206,4796535,55,162,learn_array_B,location-1,-4
2,lf,f,20,161,162,4801163,4805708,68,36,learn_array_B,location-2,-1
2,lf,f,20,162,162,4810498,4821869,11,36,learn_array_B,location-2,0
2,lf,f,20,166,162,4826608,4830363,170,36,learn_array_B,location-2,4
2,lf,f,20,144,144,4835174,4843492,35,108,learn_array_A,location-1,0
2,lf,f,20,36,36,4848188,4852476,46,162,learn_array_B,location-1,0
2,lf,f,20,34,36,4857074,4860174,111,162,learn_array_B,location-1,-2
2,lf,f,20,149,144,4864926,4867360,41,108,learn_array_A,location-1,5
block
2,lf,f,20,166,162,4874127,4958247,9,36,learn_array_B,location-2,4
2,lf,f,20,39,36,4962850,4967505,59,162,learn_array_B,location-1,3
2,lf,f,20,145,144,4972309,4976218,126,108,learn_array_A,location-1,1
2,lf,f,20,146,144,4980906,4987555,122,108,learn_array_A,location-1,2
2,lf,f,20,108,108,4992329,4995957,52,144,learn_array_A,location-2,0
2,lf,f,20,105,108,5000795,5007500,50,144,learn_array_A,location-2,-3
2,lf,f,20,36,36,5012219,5015662,93,162,learn_array_B,location-1,0
2,lf,f,20,168,162,5020390,5029785,9,36,learn_array_B,location-2,6
2,lf,f,20,142,144,5034576,5037999,40,108,learn_array_A,location-1,-2
2,lf,f,20,108,108,5042690,5046578,93,144,learn_array_A,location-2,0
2,lf,f,20,35,36,5051311,5055057,149,162,learn_array_B,location-1,-1
2,lf,f,20,143,144,5059665,5065854,111,108,learn_array_A,location-1,-1
2,lf,f,20,108,108,5070597,5074410,142,144,learn_array_A,location-2,0
2,lf,f,20,109,108,5079002,5082067,102,144,learn_array_A,location-2,1
2,lf,f,20,40,36,5086792,5094245,162,162,learn_array_B,location-1,4
2,lf,f,20,165,162,5098982,5105436,161,36,learn_array_B,location-2,3
2,lf,f,20,39,36,5110096,5114037,84,162,learn_array_B,location-1,3
2,lf,f,20,145,144,5118846,5126353,164,108,learn_array_A,location-1,1
2,lf,f,20,106,108,5131094,5137724,87,144,learn_array_A,location-2,-2
2,lf,f,20,170,162,5142427,5147501,78,36,learn_array_B,location-2,8
2,lf,f,20,40,36,5152315,5155594,24,162,learn_array_B,location-1,4
2,lf,f,20,164,162,5160408,5166151,115,36,learn_array_B,location-2,2
2,lf,f,20,108,108,5170847,5173679,142,144,learn_array_A,location-2,0
2,lf,f,20,144,144,5178324,5183529,137,108,learn_array_A,location-1,0
2,lf,f,20,108,108,5188253,5199311,31,144,learn_array_A,location-2,0
2,lf,f,20,146,144,5203910,5209077,77,108,learn_array_A,location-1,2
2,lf,f,20,144,144,5213723,5218933,92,108,learn_array_A,location-1,0
2,lf,f,20,38,36,5223720,5227817,80,162,learn_array_B,location-1,2
2,lf,f,20,162,162,5232630,5244972,68,36,learn_array_B,location-2,0
2,lf,f,20,166,162,5249653,5256220,138,36,learn_array_B,location-2,4
2,lf,f,20,167,162,5260894,5264253,53,36,learn_array_B,location-2,5
2,lf,f,20,40,36,5268938,5271687,36,162,learn_array_B,location-1,4
block
2,lf,f,20,36,36,5278112,5283218,161,162,learn_array_B,location-1,0
2,lf,f,20,165,162,5287856,5290594,129,36,learn_array_B,location-2,3
2,lf,f,20,146,144,5295267,5299656,40,108,learn_array_A,location-1,2
2,lf,f,20,39,36,5304449,5308703,130,162,learn_array_B,location-1,3
2,lf,f,20,36,36,5313298,5315081,133,162,learn_array_B,location-1,0
2,lf,f,20,146,144,5319748,5325197,116,108,learn_array_A,location-1,2
2,lf,f,20,165,162,5329967,5334220,167,36,learn_array_B,location-2,3
2,lf,f,20,148,144,5338862,5342372,79,108,learn_array_A,location-1,4
2,lf,f,20,168,162,5347061,5353505,121,36,learn_array_B,location-2,6
2,lf,f,20,144,144,5358192,5365836,121,108,learn_array_A,location-1,0
2,lf,f,20,40,36,5370543,5374580,78,162,learn_array_B,location-1,4
2,lf,f,20,142,144,5379179,5384852,82,108,learn_array_A,location-1,-2
2,lf,f,20,160,162,5389683,5396530,42,36,learn_array_B,location-2,-2
2,lf,f,20,148,144,5401286,5405230,166,108,learn_array_A,location-1,4
2,lf,f,20,162,162,5409923,5416268,76,36,learn_array_B,location-2,0
2,lf,f,20,161,162,5421050,5429854,44,36,learn_array_B,location-2,-1
2,lf,f,20,105,108,5434594,5443621,111,144,learn_array_A,location-2,-3
2,lf,f,20,111,108,5448227,5450094,153,144,learn_array_A,location-2,3
2,lf,f,20,104,108,5454696,5457303,161,144,learn_array_A,location-2,-4
2,lf,f,20,163,162,5462142,5468988,7,36,learn_array_B,location-2,1
2,lf,f,20,147,144,5473826,5482235,169,108,learn_array_A,location-1,3
2,lf,f,20,110,108,5486872,5492013,63,144,learn_array_A,location-2,2
2,lf,f,20,160,162,5496837,5504350,2,36,learn_array_B,location-2,-2
2,lf,f,20,40,36,5509090,5512455,71,162,learn_array_B,location-1,4
2,lf,f,20,107,108,5517121,5521140,44,144,learn_array_A,location-2,-1
2,lf,f,20,107,108,5525798,5534062,23,144,learn_array_A,location-2,-1
2,lf,f,20,39,36,5538716,5543096,110,162,learn_array_B,location-1,3
2,lf,f,20,101,108,5547719,5550399,149,144,learn_array_A,location-2,-7
2,lf,f,20,107,108,5554994,5558335,127,144,learn_array_A,location-2,-1
2,lf,f,20,40,36,5563018,5565766,161,162,learn_array_B,location-1,4
2,lf,f,20,38,36,5570522,5574151,175,162,learn_array_B,location-1,2
2,lf,f,20,146,144,5578874,5581781,152,108,learn_array_A,location-1,2
block
2,lf,f,20,148,144,5588464,5599426,5,108,learn_array_A,location-1,4
2,lf,f,20,162,162,5604231,5607637,93,36,learn_array_B,location-2,0
2,lf,f,20,37,36,5612438,5617794,141,162,learn_array_B,location-1,1
2,lf,f,20,162,162,5622413,5626146,170,36,learn_array_B,location-2,0
2,lf,f,20,38,36,5630888,5634323,94,162,learn_array_B,location-1,2
2,lf,f,20,39,36,5639109,5642471,16,162,learn_array_B,location-1,3
2,lf,f,20,144,144,5647166,5651089,170,108,learn_array_A,location-1,0
2,lf,f,20,108,144,5655871,5659499,15,108,learn_array_A,location-1,-36
2,lf,f,20,145,144,5664184,5667222,166,108,learn_array_A,location-1,1
2,lf,f,20,167,162,5671862,5675919,10,36,learn_array_B,location-2,5
2,lf,f,20,109,108,5680687,5685704,59,144,learn_array_A,location-2,1
2,lf,f,20,144,144,5690531,5702787,126,108,learn_array_A,location-1,0
2,lf,f,20,108,108,5707516,5712085,15,144,learn_array_A,location-2,0
2,lf,f,20,162,162,5716849,5731124,0,36,learn_array_B,location-2,0
2,lf,f,20,147,144,5735795,5741641,140,108,learn_array_A,location-1,3
2,lf,f,20,164,162,5746449,5754695,48,36,learn_array_B,location-2,2
2,lf,f,20,38,36,5759490,5764966,149,162,learn_array_B,location-1,2
2,lf,f,20,108,108,5769619,5773832,54,144,learn_array_A,location-2,0
2,lf,f,20,172,162,5778653,5781836,42,36,learn_array_B,location-2,10
2,lf,f,20,34,36,5786558,5791586,121,162,learn_array_B,location-1,-2
2,lf,f,20,107,108,5796193,5799230,39,144,learn_array_A,location-2,-1
2,lf,f,20,168,162,5804058,5807306,174,36,learn_array_B,location-2,6
2,lf,f,20,38,36,5812045,5815530,54,162,learn_array_B,location-1,2
2,lf,f,20,147,144,5820296,5829421,153,108,learn_array_A,location-1,3
2,lf,f,20,106,108,5834216,5839353,34,144,learn_array_A,location-2,-2
2,lf,f,20,108,108,5843953,5846984,98,144,learn_array_A,location-2,0
2,lf,f,20,109,108,5851820,5856765,144,144,learn_array_A,location-2,1
2,lf,f,20,167,162,5861589,5865873,61,36,learn_array_B,location-2,5
2,lf,f,20,43,36,5870602,5878733,166,162,learn_array_B,location-1,7
2,lf,f,20,106,108,5883524,5891580,113,144,learn_array_A,location-2,-2
2,lf,f,20,43,36,5896392,5899749,169,162,learn_array_B,location-1,7
2,lf,f,20,143,144,5904445,5907394,47,108,learn_array_A,location-1,-1
block
2,lf,f,20,145,144,5914400,5928628,53,108,learn_array_A,location-1,1
2,lf,f,20,47,36,5933373,5947406,79,162,learn_array_B,location-1,11
2,lf,f,20,41,36,5952010,5957201,8,162,learn_array_B,location-1,5
2,lf,f,20,147,144,5961906,5969203,49,108,learn_array_A,location-1,3
2,lf,f,20,106,108,5973999,5986785,8,144,learn_array_A,location-2,-2
2,lf,f,20,168,162,5991496,5995524,42,36,learn_array_B,location-2,6
2,lf,f,20,144,144,6000213,6004770,153,108,learn_array_A,location-1,0
2,lf,f,20,111,108,6009456,6014104,66,144,learn_array_A,location-2,3
2,lf,f,20,167,162,6018762,6023846,64,36,learn_array_B,location-2,5
2,lf,f,20,165,162,6028553,6033024,5,36,learn_array_B,location-2,3
2,lf,f,20,108,108,6037777,6040529,35,144,learn_array_A,location-2,0
2,lf,f,20,141,108,6045126,6048477,63,144,learn_array_A,location-2,33
2,lf,f,20,39,36,6053206,6058054,90,162,learn_array_B,location-1,3
2,lf,f,20,146,144,6062743,6067130,76,108,learn_array_A,location-1,2
2,lf,f,20,33,36,6071931,6075645,122,162,learn_array_B,location-1,-3
2,lf,f,20,169,162,6080432,6085498,179,36,learn_array_B,location-2,7
2,lf,f,20,37,36,6090296,6094463,135,162,learn_array_B,location-1,1
2,lf,f,20,105,108,6099135,6101150,155,144,learn_array_A,location-2,-3
2,lf,f,20,142,144,6105972,6108961,23,108,learn_array_A,location-1,-2
2,lf,f,20,38,36,6113745,6117093,78,162,learn_array_B,location-1,2
2,lf,f,20,168,162,6121684,6133809,27,36,learn_array_B,location-2,6
2,lf,f,20,147,144,6138449,6141510,105,108,learn_array_A,location-1,3
2,lf,f,20,171,162,6146258,6149691,17,36,learn_array_B,location-2,9
2,lf,f,20,144,144,6154446,6157191,22,108,learn_array_A,location-1,0
2,lf,f,20,107,108,6161984,6165425,102,144,learn_array_A,location-2,-1
2,lf,f,20,106,108,6170123,6172281,98,144,learn_array_A,location-2,-2
2,lf,f,20,38,36,6177095,6179849,29,162,learn_array_B,location-1,2
2,lf,f,20,101,108,6184644,6189171,40,144,learn_array_A,location-2,-7
2,lf,f,20,171,162,6193836,6196809,35,36,learn_array_B,location-2,9
2,lf,f,20,145,144,6201587,6209187,126,108,learn_array_A,location-1,1
2,lf,f,20,166,162,6213898,6220386,91,36,learn_array_B,location-2,4
2,lf,f,20,40,36,6225071,6230055,32,162,learn_array_B,location-1,4
block
