subj,name,gender,age,col_resp,target_angle,start_time,resp_time,start_angle,other_angle,learn_array,location,d_value
3,yzn,m,21,74,72,88324,91755,106,108,learn_array_B,location-2,2
3,yzn,m,21,59,36,96441,100614,60,90,learn_array_A,location-2,23
3,yzn,m,21,124,108,105270,107895,10,72,learn_array_B,location-1,16
3,yzn,m,21,87,72,112699,117447,58,108,learn_array_B,location-2,15
3,yzn,m,21,80,72,122179,127076,90,108,learn_array_B,location-2,8
3,yzn,m,21,119,108,131746,135398,29,72,learn_array_B,location-1,11
3,yzn,m,21,82,90,140159,144118,130,36,learn_array_A,location-1,-8
3,yzn,m,21,109,108,148902,152038,52,72,learn_array_B,location-1,1
3,yzn,m,21,82,90,156680,160479,79,36,learn_array_A,location-1,-8
3,yzn,m,21,28,36,165312,168979,44,90,learn_array_A,location-2,-8
3,yzn,m,21,116,108,173768,178528,44,72,learn_array_B,location-1,8
3,yzn,m,21,31,36,183174,188573,78,90,learn_array_A,location-2,-5
3,yzn,m,21,116,108,193195,195531,138,72,learn_array_B,location-1,8
3,yzn,m,21,86,72,200272,204381,86,108,learn_array_B,location-2,14
3,yzn,m,21,79,90,209110,213707,80,36,learn_array_A,location-1,-11
3,yzn,m,21,85,90,218347,221114,24,36,learn_array_A,location-1,-5
3,yzn,m,21,91,72,225796,229755,65,108,learn_array_B,location-2,19
3,yzn,m,21,112,108,234451,238046,111,72,learn_array_B,location-1,4
3,yzn,m,21,20,36,242768,247082,156,90,learn_array_A,location-2,-16
3,yzn,m,21,28,36,251897,256350,78,90,learn_array_A,location-2,-8
3,yzn,m,21,82,72,260970,263097,60,108,learn_array_B,location-2,10
3,yzn,m,21,23,36,267769,270850,164,90,learn_array_A,location-2,-13
3,yzn,m,21,85,90,275518,280332,116,36,learn_array_A,location-1,-5
3,yzn,m,21,86,72,285129,288945,3,108,learn_array_B,location-2,14
3,yzn,m,21,110,108,293714,296205,56,72,learn_array_B,location-1,2
3,yzn,m,21,107,108,301019,304538,137,72,learn_array_B,location-1,-1
3,yzn,m,21,29,36,309285,313595,9,90,learn_array_A,location-2,-7
3,yzn,m,21,26,36,318417,323175,112,90,learn_array_A,location-2,-10
3,yzn,m,21,74,90,327969,333875,173,36,learn_array_A,location-1,-16
3,yzn,m,21,86,90,338527,340574,17,36,learn_array_A,location-1,-4
3,yzn,m,21,85,90,345382,347933,43,36,learn_array_A,location-1,-5
3,yzn,m,21,88,72,352623,355627,86,108,learn_array_B,location-2,16
block
3,yzn,m,21,88,72,381840,385297,61,108,learn_array_B,location-2,16
3,yzn,m,21,24,36,390128,395104,159,90,learn_array_A,location-2,-12
3,yzn,m,21,83,72,399784,402781,167,108,learn_array_B,location-2,11
3,yzn,m,21,32,36,407524,411476,20,90,learn_array_A,location-2,-4
3,yzn,m,21,87,90,416083,418651,26,36,learn_array_A,location-1,-3
3,yzn,m,21,34,36,423450,426966,57,90,learn_array_A,location-2,-2
3,yzn,m,21,109,108,431611,434326,130,72,learn_array_B,location-1,1
3,yzn,m,21,104,108,439135,442481,137,72,learn_array_B,location-1,-4
3,yzn,m,21,71,72,447223,453073,111,108,learn_array_B,location-2,-1
3,yzn,m,21,83,72,457712,461282,72,108,learn_array_B,location-2,11
3,yzn,m,21,36,36,466060,469661,33,90,learn_array_A,location-2,0
3,yzn,m,21,79,72,474256,477565,71,108,learn_array_B,location-2,7
3,yzn,m,21,76,90,482312,483839,74,36,learn_array_A,location-1,-14
3,yzn,m,21,83,90,488583,492460,54,36,learn_array_A,location-1,-7
3,yzn,m,21,77,90,497164,501907,177,36,learn_array_A,location-1,-13
3,yzn,m,21,109,108,506585,509736,21,72,learn_array_B,location-1,1
3,yzn,m,21,108,108,514503,517874,51,72,learn_array_B,location-1,0
3,yzn,m,21,75,72,522644,524975,103,108,learn_array_B,location-2,3
3,yzn,m,21,30,36,529787,534345,149,90,learn_array_A,location-2,-6
3,yzn,m,21,81,72,539161,543211,162,108,learn_array_B,location-2,9
3,yzn,m,21,76,90,547876,552872,140,36,learn_array_A,location-1,-14
3,yzn,m,21,27,36,557479,564095,125,90,learn_array_A,location-2,-9
3,yzn,m,21,118,108,568709,572317,153,72,learn_array_B,location-1,10
3,yzn,m,21,82,72,576943,581501,81,108,learn_array_B,location-2,10
3,yzn,m,21,109,108,586186,588915,110,72,learn_array_B,location-1,1
3,yzn,m,21,33,36,593639,597246,51,90,learn_array_A,location-2,-3
3,yzn,m,21,80,90,602032,606754,62,36,learn_array_A,location-1,-10
3,yzn,m,21,110,108,611427,616189,47,72,learn_array_B,location-1,2
3,yzn,m,21,109,108,621017,623518,118,72,learn_array_B,location-1,1
3,yzn,m,21,23,36,628219,630798,125,90,learn_array_A,location-2,-13
3,yzn,m,21,81,90,635500,639548,152,36,learn_array_A,location-1,-9
3,yzn,m,21,80,90,644164,647401,92,36,learn_array_A,location-1,-10
block
3,yzn,m,21,86,72,691009,695025,9,108,learn_array_B,location-2,14
3,yzn,m,21,82,90,699817,705596,125,36,learn_array_A,location-1,-8
3,yzn,m,21,110,108,710324,712888,48,72,learn_array_B,location-1,2
3,yzn,m,21,86,90,717534,720854,46,36,learn_array_A,location-1,-4
3,yzn,m,21,89,90,725557,729169,95,36,learn_array_A,location-1,-1
3,yzn,m,21,30,36,733910,738252,64,90,learn_array_A,location-2,-6
3,yzn,m,21,31,36,743088,746484,166,90,learn_array_A,location-2,-5
3,yzn,m,21,35,36,751231,755577,64,90,learn_array_A,location-2,-1
3,yzn,m,21,87,72,760408,765127,130,108,learn_array_B,location-2,15
3,yzn,m,21,109,108,769840,773655,67,72,learn_array_B,location-1,1
3,yzn,m,21,89,72,778475,783551,63,108,learn_array_B,location-2,17
3,yzn,m,21,106,108,788385,792068,13,72,learn_array_B,location-1,-2
3,yzn,m,21,109,72,796821,800501,82,108,learn_array_B,location-2,37
3,yzn,m,21,91,90,805247,808636,117,36,learn_array_A,location-1,1
3,yzn,m,21,92,90,813334,816872,1,36,learn_array_A,location-1,2
3,yzn,m,21,93,90,821506,823936,16,36,learn_array_A,location-1,3
3,yzn,m,21,34,36,828690,832965,112,90,learn_array_A,location-2,-2
3,yzn,m,21,31,36,837723,849519,111,90,learn_array_A,location-2,-5
3,yzn,m,21,106,108,854141,859002,116,72,learn_array_B,location-1,-2
3,yzn,m,21,89,72,863799,867856,51,108,learn_array_B,location-2,17
3,yzn,m,21,88,108,872533,878922,20,72,learn_array_B,location-1,-20
3,yzn,m,21,76,108,883757,889931,56,72,learn_array_B,location-1,-32
3,yzn,m,21,87,36,894759,896739,46,90,learn_array_A,location-2,51
3,yzn,m,21,106,108,901554,905956,19,72,learn_array_B,location-1,-2
3,yzn,m,21,70,90,910576,914766,69,36,learn_array_A,location-1,-20
3,yzn,m,21,79,90,919573,922808,9,36,learn_array_A,location-1,-11
3,yzn,m,21,85,72,927408,929919,174,108,learn_array_B,location-2,13
3,yzn,m,21,31,36,934542,936975,12,90,learn_array_A,location-2,-5
3,yzn,m,21,30,36,941795,945921,136,90,learn_array_A,location-2,-6
3,yzn,m,21,79,72,950654,955815,54,108,learn_array_B,location-2,7
3,yzn,m,21,79,108,960429,963976,15,72,learn_array_B,location-1,-29
3,yzn,m,21,81,72,968679,973608,60,108,learn_array_B,location-2,9
block
3,yzn,m,21,81,90,1039889,1044052,97,36,learn_array_A,location-1,-9
3,yzn,m,21,85,72,1048695,1051691,117,108,learn_array_B,location-2,13
3,yzn,m,21,34,36,1056437,1062090,48,90,learn_array_A,location-2,-2
3,yzn,m,21,86,72,1066697,1074414,159,108,learn_array_B,location-2,14
3,yzn,m,21,86,90,1079224,1084516,120,36,learn_array_A,location-1,-4
3,yzn,m,21,82,36,1089352,1092657,44,90,learn_array_A,location-2,46
3,yzn,m,21,81,90,1097374,1102229,124,36,learn_array_A,location-1,-9
3,yzn,m,21,32,36,1106956,1116929,93,90,learn_array_A,location-2,-4
3,yzn,m,21,88,90,1121535,1130397,42,36,learn_array_A,location-1,-2
3,yzn,m,21,84,90,1135011,1137725,17,36,learn_array_A,location-1,-6
3,yzn,m,21,82,72,1142372,1146404,47,108,learn_array_B,location-2,10
3,yzn,m,21,105,108,1151014,1157244,0,72,learn_array_B,location-1,-3
3,yzn,m,21,76,90,1162057,1166007,1,36,learn_array_A,location-1,-14
3,yzn,m,21,103,108,1170762,1175543,154,72,learn_array_B,location-1,-5
3,yzn,m,21,103,108,1180155,1184416,100,72,learn_array_B,location-1,-5
3,yzn,m,21,27,36,1189016,1191579,159,90,learn_array_A,location-2,-9
3,yzn,m,21,104,108,1196334,1199200,138,72,learn_array_B,location-1,-4
3,yzn,m,21,108,108,1203898,1207558,131,72,learn_array_B,location-1,0
3,yzn,m,21,105,108,1212172,1215045,101,72,learn_array_B,location-1,-3
3,yzn,m,21,85,72,1219663,1222593,89,108,learn_array_B,location-2,13
3,yzn,m,21,83,72,1227382,1233494,1,108,learn_array_B,location-2,11
3,yzn,m,21,33,36,1238110,1249350,104,90,learn_array_A,location-2,-3
3,yzn,m,21,78,90,1254130,1258377,71,36,learn_array_A,location-1,-12
3,yzn,m,21,35,36,1263197,1267091,50,90,learn_array_A,location-2,-1
3,yzn,m,21,91,90,1271731,1274813,145,36,learn_array_A,location-1,1
3,yzn,m,21,85,72,1279628,1290346,48,108,learn_array_B,location-2,13
3,yzn,m,21,107,108,1295185,1302536,75,72,learn_array_B,location-1,-1
3,yzn,m,21,31,36,1307204,1311897,99,90,learn_array_A,location-2,-5
3,yzn,m,21,107,108,1316671,1320048,116,72,learn_array_B,location-1,-1
3,yzn,m,21,78,72,1324799,1332350,16,108,learn_array_B,location-2,6
3,yzn,m,21,70,72,1337148,1341413,36,108,learn_array_B,location-2,-2
3,yzn,m,21,38,36,1346073,1351283,2,90,learn_array_A,location-2,2
block
3,yzn,m,21,33,36,1409328,1415260,151,90,learn_array_A,location-2,-3
3,yzn,m,21,77,72,1420061,1423578,172,108,learn_array_B,location-2,5
3,yzn,m,21,72,90,1428179,1435082,84,36,learn_array_A,location-1,-18
3,yzn,m,21,29,36,1439888,1444020,73,90,learn_array_A,location-2,-7
3,yzn,m,21,104,108,1448799,1453787,154,72,learn_array_B,location-1,-4
3,yzn,m,21,74,72,1458509,1465518,122,108,learn_array_B,location-2,2
3,yzn,m,21,80,72,1470163,1474520,168,108,learn_array_B,location-2,8
3,yzn,m,21,83,90,1479284,1482979,140,36,learn_array_A,location-1,-7
3,yzn,m,21,78,72,1487804,1493372,106,108,learn_array_B,location-2,6
3,yzn,m,21,80,72,1497975,1502746,55,108,learn_array_B,location-2,8
3,yzn,m,21,87,90,1507408,1509465,64,36,learn_array_A,location-1,-3
3,yzn,m,21,92,90,1514125,1516270,169,36,learn_array_A,location-1,2
3,yzn,m,21,109,108,1520904,1523771,133,72,learn_array_B,location-1,1
3,yzn,m,21,86,90,1528386,1541494,32,36,learn_array_A,location-1,-4
3,yzn,m,21,73,72,1546142,1551061,171,108,learn_array_B,location-2,1
3,yzn,m,21,104,108,1555874,1560427,22,72,learn_array_B,location-1,-4
3,yzn,m,21,89,90,1565099,1568862,99,36,learn_array_A,location-1,-1
3,yzn,m,21,71,108,1573554,1578469,47,72,learn_array_B,location-1,-37
3,yzn,m,21,72,108,1583266,1587840,26,72,learn_array_B,location-1,-36
3,yzn,m,21,36,36,1592604,1597384,30,90,learn_array_A,location-2,0
3,yzn,m,21,32,36,1602137,1605974,89,90,learn_array_A,location-2,-4
3,yzn,m,21,34,36,1610587,1615423,22,90,learn_array_A,location-2,-2
3,yzn,m,21,108,108,1620024,1624443,102,72,learn_array_B,location-1,0
3,yzn,m,21,102,108,1629281,1631841,114,72,learn_array_B,location-1,-6
3,yzn,m,21,80,90,1636460,1654317,164,36,learn_array_A,location-1,-10
3,yzn,m,21,33,36,1659110,1662750,73,90,learn_array_A,location-2,-3
3,yzn,m,21,32,36,1667451,1671431,129,90,learn_array_A,location-2,-4
3,yzn,m,21,86,72,1676222,1683484,16,108,learn_array_B,location-2,14
3,yzn,m,21,80,72,1688163,1693747,176,108,learn_array_B,location-2,8
3,yzn,m,21,30,36,1698536,1702366,138,90,learn_array_A,location-2,-6
3,yzn,m,21,105,108,1707132,1710233,162,72,learn_array_B,location-1,-3
3,yzn,m,21,91,90,1714877,1719349,69,36,learn_array_A,location-1,1
block
3,yzn,m,21,75,72,1848929,1853693,2,108,learn_array_B,location-2,3
3,yzn,m,21,99,108,1858519,1861289,19,72,learn_array_B,location-1,-9
3,yzn,m,21,101,108,1866126,1867950,20,72,learn_array_B,location-1,-7
3,yzn,m,21,90,90,1872690,1877819,80,36,learn_array_A,location-1,0
3,yzn,m,21,92,90,1882561,1886151,118,36,learn_array_A,location-1,2
3,yzn,m,21,77,72,1890809,1894927,33,108,learn_array_B,location-2,5
3,yzn,m,21,33,36,1899552,1903955,35,90,learn_array_A,location-2,-3
3,yzn,m,21,88,72,1908692,1913244,29,108,learn_array_B,location-2,16
3,yzn,m,21,89,90,1918034,1920250,155,36,learn_array_A,location-1,-1
3,yzn,m,21,31,36,1924989,1938595,168,90,learn_array_A,location-2,-5
3,yzn,m,21,28,36,1943341,1947164,165,90,learn_array_A,location-2,-8
3,yzn,m,21,28,36,1951849,1955597,109,90,learn_array_A,location-2,-8
3,yzn,m,21,89,90,1960306,1967800,60,36,learn_array_A,location-1,-1
3,yzn,m,21,90,90,1972435,1974853,59,36,learn_array_A,location-1,0
3,yzn,m,21,102,108,1979647,1985975,59,72,learn_array_B,location-1,-6
3,yzn,m,21,102,108,1990639,1996441,84,72,learn_array_B,location-1,-6
3,yzn,m,21,35,36,2001251,2006924,110,90,learn_array_A,location-2,-1
3,yzn,m,21,29,36,2011577,2013482,116,90,learn_array_A,location-2,-7
3,yzn,m,21,86,90,2018309,2022890,144,36,learn_array_A,location-1,-4
3,yzn,m,21,35,36,2027660,2032456,78,90,learn_array_A,location-2,-1
3,yzn,m,21,106,108,2037181,2043515,83,72,learn_array_B,location-1,-2
3,yzn,m,21,106,108,2048163,2055283,4,72,learn_array_B,location-1,-2
3,yzn,m,21,101,108,2060122,2064458,38,72,learn_array_B,location-1,-7
3,yzn,m,21,90,90,2069166,2072774,131,36,learn_array_A,location-1,0
3,yzn,m,21,88,72,2077582,2079869,102,108,learn_array_B,location-2,16
3,yzn,m,21,75,72,2084479,2098760,175,108,learn_array_B,location-2,3
3,yzn,m,21,37,36,2103568,2105783,76,90,learn_array_A,location-2,1
3,yzn,m,21,65,72,2110573,2119440,70,108,learn_array_B,location-2,-7
3,yzn,m,21,106,90,2124192,2128149,10,36,learn_array_A,location-1,16
3,yzn,m,21,72,72,2132915,2140049,51,108,learn_array_B,location-2,0
3,yzn,m,21,75,72,2144820,2150553,134,108,learn_array_B,location-2,3
3,yzn,m,21,102,108,2155241,2158699,17,72,learn_array_B,location-1,-6
block
3,yzn,m,21,74,72,2254016,2257960,97,108,learn_array_B,location-2,2
3,yzn,m,21,78,72,2262616,2265037,157,108,learn_array_B,location-2,6
3,yzn,m,21,40,36,2269828,2273853,15,90,learn_array_A,location-2,4
3,yzn,m,21,76,72,2278506,2284589,88,108,learn_array_B,location-2,4
3,yzn,m,21,88,90,2289191,2298325,94,36,learn_array_A,location-1,-2
3,yzn,m,21,37,36,2302955,2305604,91,90,learn_array_A,location-2,1
3,yzn,m,21,89,90,2310410,2314964,85,36,learn_array_A,location-1,-1
3,yzn,m,21,103,108,2319640,2322436,9,72,learn_array_B,location-1,-5
3,yzn,m,21,110,108,2327124,2331752,145,72,learn_array_B,location-1,2
3,yzn,m,21,111,108,2336516,2339666,129,72,learn_array_B,location-1,3
3,yzn,m,21,89,90,2344309,2354073,174,36,learn_array_A,location-1,-1
3,yzn,m,21,31,36,2358880,2363566,41,90,learn_array_A,location-2,-5
3,yzn,m,21,74,72,2368210,2377898,85,108,learn_array_B,location-2,2
3,yzn,m,21,71,72,2382516,2386039,62,108,learn_array_B,location-2,-1
3,yzn,m,21,32,36,2390766,2399134,146,90,learn_array_A,location-2,-4
3,yzn,m,21,108,108,2403830,2412389,14,72,learn_array_B,location-1,0
3,yzn,m,21,71,72,2417112,2425467,73,108,learn_array_B,location-2,-1
3,yzn,m,21,108,108,2430115,2433856,69,72,learn_array_B,location-1,0
3,yzn,m,21,92,90,2438497,2452235,111,36,learn_array_A,location-1,2
3,yzn,m,21,88,90,2456872,2460108,166,36,learn_array_A,location-1,-2
3,yzn,m,21,74,72,2464755,2469674,80,108,learn_array_B,location-2,2
3,yzn,m,21,74,72,2474408,2478307,26,108,learn_array_B,location-2,2
3,yzn,m,21,37,36,2482976,2486781,83,90,learn_array_A,location-2,1
3,yzn,m,21,92,90,2491585,2499140,123,36,learn_array_A,location-1,2
3,yzn,m,21,41,36,2503955,2507841,57,90,learn_array_A,location-2,5
3,yzn,m,21,89,90,2512511,2517573,154,36,learn_array_A,location-1,-1
3,yzn,m,21,103,108,2522360,2526389,160,72,learn_array_B,location-1,-5
3,yzn,m,21,104,108,2531161,2539817,46,72,learn_array_B,location-1,-4
3,yzn,m,21,107,108,2544553,2547706,78,72,learn_array_B,location-1,-1
3,yzn,m,21,90,90,2552489,2555214,9,36,learn_array_A,location-1,0
3,yzn,m,21,40,36,2559812,2565013,72,90,learn_array_A,location-2,4
3,yzn,m,21,35,36,2569657,2578078,11,90,learn_array_A,location-2,-1
block
3,yzn,m,21,66,72,2625680,2630940,99,108,learn_array_B,location-2,-6
3,yzn,m,21,66,72,2635674,2640580,148,108,learn_array_B,location-2,-6
3,yzn,m,21,40,36,2645338,2649597,39,90,learn_array_A,location-2,4
3,yzn,m,21,86,90,2654374,2659359,85,36,learn_array_A,location-1,-4
3,yzn,m,21,68,72,2663963,2669852,141,108,learn_array_B,location-2,-4
3,yzn,m,21,100,108,2674634,2679834,37,72,learn_array_B,location-1,-8
3,yzn,m,21,90,90,2684633,2687873,14,36,learn_array_A,location-1,0
3,yzn,m,21,109,108,2692663,2694936,56,72,learn_array_B,location-1,1
3,yzn,m,21,94,90,2699669,2702466,118,36,learn_array_A,location-1,4
3,yzn,m,21,74,72,2707145,2709642,92,108,learn_array_B,location-2,2
3,yzn,m,21,109,108,2714412,2716910,47,72,learn_array_B,location-1,1
3,yzn,m,21,40,36,2721663,2725262,68,90,learn_array_A,location-2,4
3,yzn,m,21,108,108,2730050,2731299,10,72,learn_array_B,location-1,0
3,yzn,m,21,73,72,2736135,2740263,136,108,learn_array_B,location-2,1
3,yzn,m,21,36,36,2744938,2748254,65,90,learn_array_A,location-2,0
3,yzn,m,21,89,90,2752858,2756978,86,36,learn_array_A,location-1,-1
3,yzn,m,21,78,72,2761574,2764434,151,108,learn_array_B,location-2,6
3,yzn,m,21,32,36,2769162,2770998,149,90,learn_array_A,location-2,-4
3,yzn,m,21,33,36,2775752,2780681,67,90,learn_array_A,location-2,-3
3,yzn,m,21,105,108,2785301,2789119,26,72,learn_array_B,location-1,-3
3,yzn,m,21,107,108,2793712,2797758,127,72,learn_array_B,location-1,-1
3,yzn,m,21,93,90,2802418,2807725,165,36,learn_array_A,location-1,3
3,yzn,m,21,108,108,2812501,2816839,122,72,learn_array_B,location-1,0
3,yzn,m,21,32,36,2821561,2823979,4,90,learn_array_A,location-2,-4
3,yzn,m,21,86,90,2828757,2832725,79,36,learn_array_A,location-1,-4
3,yzn,m,21,73,72,2837391,2845389,44,108,learn_array_B,location-2,1
3,yzn,m,21,73,72,2850145,2859527,33,108,learn_array_B,location-2,1
3,yzn,m,21,34,36,2864173,2868438,72,90,learn_array_A,location-2,-2
3,yzn,m,21,82,90,2873256,2880200,71,36,learn_array_A,location-1,-8
3,yzn,m,21,90,90,2884984,2889026,164,36,learn_array_A,location-1,0
3,yzn,m,21,41,36,2893779,2897516,51,90,learn_array_A,location-2,5
3,yzn,m,21,106,108,2902108,2905490,51,72,learn_array_B,location-1,-2
block
3,yzn,m,21,33,36,2912462,2916340,52,90,learn_array_A,location-2,-3
3,yzn,m,21,69,72,2921140,2925539,84,108,learn_array_B,location-2,-3
3,yzn,m,21,109,108,2930359,2932193,108,72,learn_array_B,location-1,1
3,yzn,m,21,68,72,2936866,2941633,128,108,learn_array_B,location-2,-4
3,yzn,m,21,30,36,2946386,2961119,105,90,learn_array_A,location-2,-6
3,yzn,m,21,106,108,2965880,2970940,171,72,learn_array_B,location-1,-2
3,yzn,m,21,105,108,2975531,2979210,96,72,learn_array_B,location-1,-3
3,yzn,m,21,90,90,2983993,2987163,16,36,learn_array_A,location-1,0
3,yzn,m,21,72,72,2991900,2998500,29,108,learn_array_B,location-2,0
3,yzn,m,21,109,108,3003251,3006400,136,72,learn_array_B,location-1,1
3,yzn,m,21,67,72,3011027,3016620,109,108,learn_array_B,location-2,-5
3,yzn,m,21,106,108,3021374,3023877,107,72,learn_array_B,location-1,-2
3,yzn,m,21,106,108,3028526,3030581,107,72,learn_array_B,location-1,-2
3,yzn,m,21,91,36,3035357,3038155,28,90,learn_array_A,location-2,55
3,yzn,m,21,92,90,3042881,3047651,60,36,learn_array_A,location-1,2
3,yzn,m,21,92,90,3052285,3055894,140,36,learn_array_A,location-1,2
3,yzn,m,21,69,72,3060628,3063717,130,108,learn_array_B,location-2,-3
3,yzn,m,21,101,108,3068381,3071250,38,72,learn_array_B,location-1,-7
3,yzn,m,21,88,90,3076087,3081290,160,36,learn_array_A,location-1,-2
3,yzn,m,21,65,72,3086056,3089071,133,108,learn_array_B,location-2,-7
3,yzn,m,21,34,36,3093802,3102240,102,90,learn_array_A,location-2,-2
3,yzn,m,21,85,90,3106958,3113944,95,36,learn_array_A,location-1,-5
3,yzn,m,21,35,36,3118714,3124058,125,90,learn_array_A,location-2,-1
3,yzn,m,21,88,90,3128818,3134476,131,36,learn_array_A,location-1,-2
3,yzn,m,21,83,90,3139249,3141821,166,36,learn_array_A,location-1,-7
3,yzn,m,21,65,72,3146659,3151897,44,108,learn_array_B,location-2,-7
3,yzn,m,21,100,90,3156671,3159171,126,36,learn_array_A,location-1,10
3,yzn,m,21,108,108,3163810,3166530,144,72,learn_array_B,location-1,0
3,yzn,m,21,34,36,3171155,3174250,160,90,learn_array_A,location-2,-2
3,yzn,m,21,68,72,3179069,3181635,116,108,learn_array_B,location-2,-4
3,yzn,m,21,33,36,3186347,3189355,145,90,learn_array_A,location-2,-3
3,yzn,m,21,39,36,3193949,3197563,60,90,learn_array_A,location-2,3
block
3,yzn,m,21,67,72,3321953,3325777,2,108,learn_array_B,location-2,-5
3,yzn,m,21,109,108,3330481,3332970,64,72,learn_array_B,location-1,1
3,yzn,m,21,109,108,3337792,3340880,1,72,learn_array_B,location-1,1
3,yzn,m,21,112,108,3345646,3348666,93,72,learn_array_B,location-1,4
3,yzn,m,21,87,90,3353341,3357522,85,36,learn_array_A,location-1,-3
3,yzn,m,21,85,90,3362261,3367332,105,36,learn_array_A,location-1,-5
3,yzn,m,21,37,36,3372023,3376579,166,90,learn_array_A,location-2,1
3,yzn,m,21,38,36,3381193,3385314,14,90,learn_array_A,location-2,2
3,yzn,m,21,62,72,3390112,3394364,115,108,learn_array_B,location-2,-10
3,yzn,m,21,83,90,3399116,3401899,87,36,learn_array_A,location-1,-7
3,yzn,m,21,39,36,3406736,3411589,51,90,learn_array_A,location-2,3
3,yzn,m,21,31,36,3416429,3420040,102,90,learn_array_A,location-2,-5
3,yzn,m,21,84,90,3424824,3428943,138,36,learn_array_A,location-1,-6
3,yzn,m,21,101,108,3433591,3436466,54,72,learn_array_B,location-1,-7
3,yzn,m,21,76,72,3441140,3444528,167,108,learn_array_B,location-2,4
3,yzn,m,21,76,72,3449300,3452399,65,108,learn_array_B,location-2,4
3,yzn,m,21,71,72,3457143,3458984,110,108,learn_array_B,location-2,-1
3,yzn,m,21,87,90,3463700,3466864,28,36,learn_array_A,location-1,-3
3,yzn,m,21,67,72,3471679,3474920,145,108,learn_array_B,location-2,-5
3,yzn,m,21,86,90,3479602,3483350,60,36,learn_array_A,location-1,-4
3,yzn,m,21,111,108,3488094,3491256,169,72,learn_array_B,location-1,3
3,yzn,m,21,34,36,3495922,3505468,50,90,learn_array_A,location-2,-2
3,yzn,m,21,64,72,3510295,3518326,97,108,learn_array_B,location-2,-8
3,yzn,m,21,106,108,3523051,3528477,52,72,learn_array_B,location-1,-2
3,yzn,m,21,39,36,3533244,3536771,20,90,learn_array_A,location-2,3
3,yzn,m,21,85,90,3541490,3546206,47,36,learn_array_A,location-1,-5
3,yzn,m,21,68,72,3550919,3564556,142,108,learn_array_B,location-2,-4
3,yzn,m,21,109,108,3569169,3577514,131,72,learn_array_B,location-1,1
3,yzn,m,21,93,90,3582190,3585870,153,36,learn_array_A,location-1,3
3,yzn,m,21,92,36,3590472,3593424,149,90,learn_array_A,location-2,56
3,yzn,m,21,35,36,3598153,3600740,71,90,learn_array_A,location-2,-1
3,yzn,m,21,107,108,3605353,3607920,30,72,learn_array_B,location-1,-1
block
3,yzn,m,21,88,90,3614432,3618755,13,36,learn_array_A,location-1,-2
3,yzn,m,21,29,36,3623366,3626076,145,90,learn_array_A,location-2,-7
3,yzn,m,21,91,90,3630789,3633143,61,36,learn_array_A,location-1,1
3,yzn,m,21,91,90,3637905,3641793,2,36,learn_array_A,location-1,1
3,yzn,m,21,84,90,3646593,3649760,94,36,learn_array_A,location-1,-6
3,yzn,m,21,106,108,3654544,3657512,158,72,learn_array_B,location-1,-2
3,yzn,m,21,92,90,3662118,3666449,9,36,learn_array_A,location-1,2
3,yzn,m,21,37,36,3671100,3674259,61,90,learn_array_A,location-2,1
3,yzn,m,21,108,108,3679022,3681816,67,72,learn_array_B,location-1,0
3,yzn,m,21,106,108,3686511,3689090,122,72,learn_array_B,location-1,-2
3,yzn,m,21,74,72,3693731,3698959,159,108,learn_array_B,location-2,2
3,yzn,m,21,106,108,3703731,3707037,111,72,learn_array_B,location-1,-2
3,yzn,m,21,62,72,3711652,3714304,136,108,learn_array_B,location-2,-10
3,yzn,m,21,80,72,3719062,3722886,78,108,learn_array_B,location-2,8
3,yzn,m,21,70,72,3727703,3730052,34,108,learn_array_B,location-2,-2
3,yzn,m,21,65,72,3734889,3739891,145,108,learn_array_B,location-2,-7
3,yzn,m,21,86,90,3744600,3747621,87,36,learn_array_A,location-1,-4
3,yzn,m,21,100,108,3752272,3759632,46,72,learn_array_B,location-1,-8
3,yzn,m,21,86,36,3764463,3769470,60,90,learn_array_A,location-2,50
3,yzn,m,21,75,72,3774235,3777905,28,108,learn_array_B,location-2,3
3,yzn,m,21,38,36,3782728,3785665,56,90,learn_array_A,location-2,2
3,yzn,m,21,38,36,3790254,3793927,106,90,learn_array_A,location-2,2
3,yzn,m,21,112,108,3798554,3803037,0,72,learn_array_B,location-1,4
3,yzn,m,21,43,36,3807871,3822971,66,90,learn_array_A,location-2,7
3,yzn,m,21,88,90,3827797,3831765,140,36,learn_array_A,location-1,-2
3,yzn,m,21,91,90,3836459,3839114,33,36,learn_array_A,location-1,1
3,yzn,m,21,37,36,3843938,3846941,73,90,learn_array_A,location-2,1
3,yzn,m,21,65,72,3851560,3855914,136,108,learn_array_B,location-2,-7
3,yzn,m,21,103,108,3860710,3865344,45,72,learn_array_B,location-1,-5
3,yzn,m,21,108,108,3870063,3873965,148,72,learn_array_B,location-1,0
3,yzn,m,21,68,72,3878727,3883960,53,108,learn_array_B,location-2,-4
3,yzn,m,21,38,36,3888704,3891708,48,90,learn_array_A,location-2,2
block
3,yzn,m,21,111,108,3898896,3902333,170,72,learn_array_B,location-1,3
3,yzn,m,21,88,90,3906931,3912322,70,36,learn_array_A,location-1,-2
3,yzn,m,21,106,72,3917018,3920238,74,108,learn_array_B,location-2,34
3,yzn,m,21,37,36,3924829,3928362,33,90,learn_array_A,location-2,1
3,yzn,m,21,111,108,3933138,3938348,122,72,learn_array_B,location-1,3
3,yzn,m,21,72,72,3943144,3945640,13,108,learn_array_B,location-2,0
3,yzn,m,21,106,108,3950380,3953922,86,72,learn_array_B,location-1,-2
3,yzn,m,21,43,36,3958715,3963660,173,90,learn_array_A,location-2,7
3,yzn,m,21,35,36,3968268,3972311,108,90,learn_array_A,location-2,-1
3,yzn,m,21,60,72,3976953,3983289,129,108,learn_array_B,location-2,-12
3,yzn,m,21,68,72,3987944,3993539,53,108,learn_array_B,location-2,-4
3,yzn,m,21,83,90,3998262,4004225,39,36,learn_array_A,location-1,-7
3,yzn,m,21,112,108,4008900,4010885,12,72,learn_array_B,location-1,4
3,yzn,m,21,88,90,4015566,4018440,158,36,learn_array_A,location-1,-2
3,yzn,m,21,41,36,4023122,4027095,178,90,learn_array_A,location-2,5
3,yzn,m,21,85,90,4031878,4034675,62,36,learn_array_A,location-1,-5
3,yzn,m,21,67,72,4039267,4042949,54,108,learn_array_B,location-2,-5
3,yzn,m,21,38,36,4047704,4051888,28,90,learn_array_A,location-2,2
3,yzn,m,21,33,36,4056597,4060575,74,90,learn_array_A,location-2,-3
3,yzn,m,21,67,72,4065264,4073282,52,108,learn_array_B,location-2,-5
3,yzn,m,21,112,108,4077968,4082027,139,72,learn_array_B,location-1,4
3,yzn,m,21,91,90,4086779,4090313,166,36,learn_array_A,location-1,1
3,yzn,m,21,39,36,4095084,4100969,43,90,learn_array_A,location-2,3
3,yzn,m,21,107,108,4105734,4108372,24,72,learn_array_B,location-1,-1
3,yzn,m,21,70,72,4112974,4117624,110,108,learn_array_B,location-2,-2
3,yzn,m,21,109,108,4122342,4125577,116,72,learn_array_B,location-1,1
3,yzn,m,21,88,90,4130367,4134051,102,36,learn_array_A,location-1,-2
3,yzn,m,21,31,36,4138793,4142994,100,90,learn_array_A,location-2,-5
3,yzn,m,21,66,72,4147714,4157089,34,108,learn_array_B,location-2,-6
3,yzn,m,21,92,90,4161834,4164632,88,36,learn_array_A,location-1,2
3,yzn,m,21,87,90,4169384,4172323,134,36,learn_array_A,location-1,-3
3,yzn,m,21,106,108,4177121,4180209,39,72,learn_array_B,location-1,-2
block
3,yzn,m,21,85,90,4187280,4190220,128,36,learn_array_A,location-1,-5
3,yzn,m,21,86,90,4194996,4197772,102,36,learn_array_A,location-1,-4
3,yzn,m,21,71,72,4202568,4206817,80,108,learn_array_B,location-2,-1
3,yzn,m,21,35,36,4211589,4214729,122,90,learn_array_A,location-2,-1
3,yzn,m,21,109,108,4219505,4222072,108,72,learn_array_B,location-1,1
3,yzn,m,21,87,90,4226692,4229407,10,36,learn_array_A,location-1,-3
3,yzn,m,21,110,108,4234174,4237043,174,72,learn_array_B,location-1,2
3,yzn,m,21,105,72,4241811,4247237,25,108,learn_array_B,location-2,33
3,yzn,m,21,74,72,4251855,4256421,4,108,learn_array_B,location-2,2
3,yzn,m,21,109,108,4261022,4264334,139,72,learn_array_B,location-1,1
3,yzn,m,21,105,108,4268951,4271825,84,72,learn_array_B,location-1,-3
3,yzn,m,21,87,90,4276528,4283717,80,36,learn_array_A,location-1,-3
3,yzn,m,21,38,36,4288446,4292055,46,90,learn_array_A,location-2,2
3,yzn,m,21,61,72,4296746,4301019,134,108,learn_array_B,location-2,-11
3,yzn,m,21,85,90,4305623,4311133,80,36,learn_array_A,location-1,-5
3,yzn,m,21,109,72,4315756,4321267,149,108,learn_array_B,location-2,37
3,yzn,m,21,67,72,4326038,4332141,117,108,learn_array_B,location-2,-5
3,yzn,m,21,86,90,4336949,4342228,160,36,learn_array_A,location-1,-4
3,yzn,m,21,38,36,4346824,4351458,133,90,learn_array_A,location-2,2
3,yzn,m,21,37,36,4356082,4359823,128,90,learn_array_A,location-2,1
3,yzn,m,21,67,72,4364451,4366945,48,108,learn_array_B,location-2,-5
3,yzn,m,21,105,108,4371599,4374680,60,72,learn_array_B,location-1,-3
3,yzn,m,21,34,36,4379292,4383486,95,90,learn_array_A,location-2,-2
3,yzn,m,21,44,36,4388123,4392671,25,90,learn_array_A,location-2,8
3,yzn,m,21,85,90,4397511,4405800,64,36,learn_array_A,location-1,-5
3,yzn,m,21,34,36,4410622,4413429,4,90,learn_array_A,location-2,-2
3,yzn,m,21,82,90,4418150,4421098,39,36,learn_array_A,location-1,-8
3,yzn,m,21,67,72,4425887,4432656,124,108,learn_array_B,location-2,-5
3,yzn,m,21,105,108,4437416,4441466,174,72,learn_array_B,location-1,-3
3,yzn,m,21,108,108,4446083,4448877,33,72,learn_array_B,location-1,0
3,yzn,m,21,108,108,4453507,4455708,155,72,learn_array_B,location-1,0
3,yzn,m,21,33,36,4460399,4466058,126,90,learn_array_A,location-2,-3
block
3,yzn,m,21,34,36,4472512,4475364,44,90,learn_array_A,location-2,-2
3,yzn,m,21,66,72,4479999,4483222,160,108,learn_array_B,location-2,-6
3,yzn,m,21,107,108,4487849,4495683,87,72,learn_array_B,location-1,-1
3,yzn,m,21,101,108,4500494,4503360,35,72,learn_array_B,location-1,-7
3,yzn,m,21,41,36,4508122,4511431,61,90,learn_array_A,location-2,5
3,yzn,m,21,35,36,4516090,4518295,132,90,learn_array_A,location-2,-1
3,yzn,m,21,33,36,4523054,4526137,113,90,learn_array_A,location-2,-3
3,yzn,m,21,106,108,4530840,4534937,89,72,learn_array_B,location-1,-2
3,yzn,m,21,33,36,4539749,4543413,1,90,learn_array_A,location-2,-3
3,yzn,m,21,89,90,4548204,4551592,179,36,learn_array_A,location-1,-1
3,yzn,m,21,107,108,4556395,4559039,24,72,learn_array_B,location-1,-1
3,yzn,m,21,37,36,4563844,4568694,48,90,learn_array_A,location-2,1
3,yzn,m,21,87,90,4573453,4577202,49,36,learn_array_A,location-1,-3
3,yzn,m,21,104,108,4581879,4593361,14,72,learn_array_B,location-1,-4
3,yzn,m,21,60,72,4597964,4601797,117,108,learn_array_B,location-2,-12
3,yzn,m,21,73,72,4606477,4610885,41,108,learn_array_B,location-2,1
3,yzn,m,21,91,90,4615532,4618391,59,36,learn_array_A,location-1,1
3,yzn,m,21,62,72,4622990,4626899,163,108,learn_array_B,location-2,-10
3,yzn,m,21,102,108,4631501,4634373,24,72,learn_array_B,location-1,-6
3,yzn,m,21,88,90,4639164,4641439,26,36,learn_array_A,location-1,-2
3,yzn,m,21,64,72,4646133,4651718,117,108,learn_array_B,location-2,-8
3,yzn,m,21,89,90,4656537,4659988,32,36,learn_array_A,location-1,-1
3,yzn,m,21,89,90,4664808,4668403,108,36,learn_array_A,location-1,-1
3,yzn,m,21,70,72,4673125,4679142,76,108,learn_array_B,location-2,-2
3,yzn,m,21,108,108,4683898,4689988,0,72,learn_array_B,location-1,0
3,yzn,m,21,72,72,4694731,4701776,176,108,learn_array_B,location-2,0
3,yzn,m,21,85,90,4706430,4709374,141,36,learn_array_A,location-1,-5
3,yzn,m,21,69,72,4714186,4717791,157,108,learn_array_B,location-2,-3
3,yzn,m,21,89,90,4722563,4724989,16,36,learn_array_A,location-1,-1
3,yzn,m,21,110,108,4729743,4732173,8,72,learn_array_B,location-1,2
3,yzn,m,21,40,36,4736983,4743364,95,90,learn_array_A,location-2,4
3,yzn,m,21,38,36,4748027,4751033,144,90,learn_array_A,location-2,2
block
3,yzn,m,21,88,90,4794944,4801705,49,36,learn_array_A,location-1,-2
3,yzn,m,21,37,36,4806491,4810302,48,90,learn_array_A,location-2,1
3,yzn,m,21,71,72,4815041,4819084,86,108,learn_array_B,location-2,-1
3,yzn,m,21,44,36,4823853,4827825,61,90,learn_array_A,location-2,8
3,yzn,m,21,72,72,4832623,4839165,158,108,learn_array_B,location-2,0
3,yzn,m,21,65,72,4843854,4848710,81,108,learn_array_B,location-2,-7
3,yzn,m,21,40,36,4853335,4857672,1,90,learn_array_A,location-2,4
3,yzn,m,21,106,72,4862503,4866913,100,108,learn_array_B,location-2,34
3,yzn,m,21,33,36,4871618,4876390,126,90,learn_array_A,location-2,-3
3,yzn,m,21,68,72,4881104,4885793,44,108,learn_array_B,location-2,-4
3,yzn,m,21,32,36,4890572,4893816,169,90,learn_array_A,location-2,-4
3,yzn,m,21,110,108,4898413,4902599,154,72,learn_array_B,location-1,2
3,yzn,m,21,31,36,4907290,4913520,144,90,learn_array_A,location-2,-5
3,yzn,m,21,107,108,4918210,4920421,143,72,learn_array_B,location-1,-1
3,yzn,m,21,105,108,4925089,4930727,29,72,learn_array_B,location-1,-3
3,yzn,m,21,84,90,4935546,4941364,31,36,learn_array_A,location-1,-6
3,yzn,m,21,72,72,4946185,4952798,147,108,learn_array_B,location-2,0
3,yzn,m,21,104,108,4957462,4960976,104,72,learn_array_B,location-1,-4
3,yzn,m,21,102,108,4965598,4969340,64,72,learn_array_B,location-1,-6
3,yzn,m,21,84,90,4974029,4983845,39,36,learn_array_A,location-1,-6
3,yzn,m,21,107,108,4988604,4991256,128,72,learn_array_B,location-1,-1
3,yzn,m,21,89,90,4995944,5000216,65,36,learn_array_A,location-1,-1
3,yzn,m,21,66,72,5004895,5007990,157,108,learn_array_B,location-2,-6
3,yzn,m,21,92,90,5012590,5016421,169,36,learn_array_A,location-1,2
3,yzn,m,21,101,108,5021041,5023819,147,72,learn_array_B,location-1,-7
3,yzn,m,21,68,72,5028637,5031865,26,108,learn_array_B,location-2,-4
3,yzn,m,21,104,108,5036621,5038969,57,72,learn_array_B,location-1,-4
3,yzn,m,21,39,36,5043698,5047951,61,90,learn_array_A,location-2,3
3,yzn,m,21,86,90,5052637,5057574,132,36,learn_array_A,location-1,-4
3,yzn,m,21,94,90,5062353,5066991,54,36,learn_array_A,location-1,4
3,yzn,m,21,34,36,5071712,5074289,54,90,learn_array_A,location-2,-2
3,yzn,m,21,87,90,5078937,5086165,162,36,learn_array_A,location-1,-3
block
3,yzn,m,21,35,36,5093631,5099041,91,90,learn_array_A,location-2,-1
3,yzn,m,21,90,90,5103866,5106355,82,36,learn_array_A,location-1,0
3,yzn,m,21,99,108,5111040,5114112,42,72,learn_array_B,location-1,-9
3,yzn,m,21,69,72,5118943,5122836,132,108,learn_array_B,location-2,-3
3,yzn,m,21,60,72,5127633,5130115,174,108,learn_array_B,location-2,-12
3,yzn,m,21,37,36,5134922,5137558,131,90,learn_array_A,location-2,1
3,yzn,m,21,64,72,5142344,5149169,12,108,learn_array_B,location-2,-8
3,yzn,m,21,92,90,5153841,5157307,60,36,learn_array_A,location-1,2
3,yzn,m,21,37,36,5162055,5165067,139,90,learn_array_A,location-2,1
3,yzn,m,21,71,72,5169689,5174695,41,108,learn_array_B,location-2,-1
3,yzn,m,21,40,36,5179422,5183093,28,90,learn_array_A,location-2,4
3,yzn,m,21,64,72,5187836,5192765,16,108,learn_array_B,location-2,-8
3,yzn,m,21,69,72,5197493,5200882,123,108,learn_array_B,location-2,-3
3,yzn,m,21,91,90,5205488,5208066,108,36,learn_array_A,location-1,1
3,yzn,m,21,35,36,5212822,5223081,25,90,learn_array_A,location-2,-1
3,yzn,m,21,100,108,5227773,5232117,98,72,learn_array_B,location-1,-8
3,yzn,m,21,107,108,5236732,5239815,102,72,learn_array_B,location-1,-1
3,yzn,m,21,85,90,5244644,5246705,42,36,learn_array_A,location-1,-5
3,yzn,m,21,104,108,5251491,5253842,114,72,learn_array_B,location-1,-4
3,yzn,m,21,39,36,5258645,5262327,73,90,learn_array_A,location-2,3
3,yzn,m,21,64,72,5266972,5270574,28,108,learn_array_B,location-2,-8
3,yzn,m,21,91,90,5275205,5281812,75,36,learn_array_A,location-1,1
3,yzn,m,21,91,90,5286514,5289176,6,36,learn_array_A,location-1,1
3,yzn,m,21,87,90,5293938,5296651,51,36,learn_array_A,location-1,-3
3,yzn,m,21,107,108,5301425,5303850,14,72,learn_array_B,location-1,-1
3,yzn,m,21,40,36,5308467,5310969,176,90,learn_array_A,location-2,4
3,yzn,m,21,107,108,5315677,5318330,135,72,learn_array_B,location-1,-1
3,yzn,m,21,88,90,5322928,5326387,107,36,learn_array_A,location-1,-2
3,yzn,m,21,66,72,5331083,5334027,76,108,learn_array_B,location-2,-6
3,yzn,m,21,110,108,5338667,5341610,164,72,learn_array_B,location-1,2
3,yzn,m,21,107,108,5346300,5349540,69,72,learn_array_B,location-1,-1
3,yzn,m,21,41,36,5354356,5358196,34,90,learn_array_A,location-2,5
block
3,yzn,m,21,65,72,5365584,5371209,55,108,learn_array_B,location-2,-7
3,yzn,m,21,107,108,5375950,5379243,169,72,learn_array_B,location-1,-1
3,yzn,m,21,62,72,5384083,5387231,28,108,learn_array_B,location-2,-10
3,yzn,m,21,89,36,5391876,5395258,70,90,learn_array_A,location-2,53
3,yzn,m,21,88,90,5400076,5403309,98,36,learn_array_A,location-1,-2
3,yzn,m,21,105,108,5408102,5410760,8,72,learn_array_B,location-1,-3
3,yzn,m,21,101,108,5415401,5417963,164,72,learn_array_B,location-1,-7
3,yzn,m,21,107,108,5422713,5425889,61,72,learn_array_B,location-1,-1
3,yzn,m,21,89,36,5430501,5436374,35,90,learn_array_A,location-2,53
3,yzn,m,21,107,108,5441096,5444480,133,72,learn_array_B,location-1,-1
3,yzn,m,21,35,36,5449275,5451709,137,90,learn_array_A,location-2,-1
3,yzn,m,21,36,36,5456378,5460565,50,90,learn_array_A,location-2,0
3,yzn,m,21,89,90,5465342,5469620,74,36,learn_array_A,location-1,-1
3,yzn,m,21,108,108,5474437,5479712,154,72,learn_array_B,location-1,0
3,yzn,m,21,87,90,5484480,5486699,3,36,learn_array_A,location-1,-3
3,yzn,m,21,66,72,5491440,5495425,79,108,learn_array_B,location-2,-6
3,yzn,m,21,101,108,5500192,5504529,31,72,learn_array_B,location-1,-7
3,yzn,m,21,43,36,5509325,5516236,170,90,learn_array_A,location-2,7
3,yzn,m,21,89,90,5521016,5523813,31,36,learn_array_A,location-1,-1
3,yzn,m,21,68,72,5528432,5530341,62,108,learn_array_B,location-2,-4
3,yzn,m,21,68,72,5534935,5537943,27,108,learn_array_B,location-2,-4
3,yzn,m,21,58,72,5542597,5544291,57,108,learn_array_B,location-2,-14
3,yzn,m,21,40,36,5549028,5551444,97,90,learn_array_A,location-2,4
3,yzn,m,21,65,72,5556242,5560419,40,108,learn_array_B,location-2,-7
3,yzn,m,21,37,36,5565081,5567670,62,90,learn_array_A,location-2,1
3,yzn,m,21,89,90,5572302,5576418,8,36,learn_array_A,location-1,-1
3,yzn,m,21,78,90,5581258,5582577,28,36,learn_array_A,location-1,-12
3,yzn,m,21,67,72,5587265,5591590,174,108,learn_array_B,location-2,-5
3,yzn,m,21,41,36,5596212,5602888,11,90,learn_array_A,location-2,5
3,yzn,m,21,91,90,5607552,5617176,100,36,learn_array_A,location-1,1
3,yzn,m,21,104,108,5621917,5627942,127,72,learn_array_B,location-1,-4
3,yzn,m,21,89,90,5632599,5639265,137,36,learn_array_A,location-1,-1
block
3,yzn,m,21,111,108,5645712,5648561,9,72,learn_array_B,location-1,3
3,yzn,m,21,67,72,5653223,5656235,118,108,learn_array_B,location-2,-5
3,yzn,m,21,102,108,5661052,5664645,28,72,learn_array_B,location-1,-6
3,yzn,m,21,110,108,5669271,5673018,50,72,learn_array_B,location-1,2
3,yzn,m,21,65,72,5677609,5682666,0,108,learn_array_B,location-2,-7
3,yzn,m,21,86,90,5687281,5691018,174,36,learn_array_A,location-1,-4
3,yzn,m,21,106,108,5695791,5699245,5,72,learn_array_B,location-1,-2
3,yzn,m,21,61,72,5703892,5707847,11,108,learn_array_B,location-2,-11
3,yzn,m,21,101,108,5712598,5714657,29,72,learn_array_B,location-1,-7
3,yzn,m,21,59,72,5719425,5723906,14,108,learn_array_B,location-2,-13
3,yzn,m,21,86,90,5728666,5736001,137,36,learn_array_A,location-1,-4
3,yzn,m,21,110,108,5740594,5743378,88,72,learn_array_B,location-1,2
3,yzn,m,21,73,72,5748084,5752464,91,108,learn_array_B,location-2,1
3,yzn,m,21,42,36,5757346,5760951,174,90,learn_array_A,location-2,6
3,yzn,m,21,63,72,5765716,5777048,169,108,learn_array_B,location-2,-9
3,yzn,m,21,83,90,5781683,5788601,94,36,learn_array_A,location-1,-7
3,yzn,m,21,86,90,5793306,5795138,91,36,learn_array_A,location-1,-4
3,yzn,m,21,39,36,5799777,5801985,127,90,learn_array_A,location-2,3
3,yzn,m,21,62,72,5806713,5810031,146,108,learn_array_B,location-2,-10
3,yzn,m,21,85,90,5814845,5817637,14,36,learn_array_A,location-1,-5
3,yzn,m,21,41,36,5822301,5824574,29,90,learn_array_A,location-2,5
3,yzn,m,21,92,90,5829231,5834231,84,36,learn_array_A,location-1,2
3,yzn,m,21,37,36,5839051,5843834,83,90,learn_array_A,location-2,1
3,yzn,m,21,88,108,5848598,5860419,108,72,learn_array_B,location-1,-20
3,yzn,m,21,100,108,5865162,5868759,69,72,learn_array_B,location-1,-8
3,yzn,m,21,39,36,5873395,5878179,130,90,learn_array_A,location-2,3
3,yzn,m,21,43,36,5883012,5884920,79,90,learn_array_A,location-2,7
3,yzn,m,21,44,36,5889664,5892906,128,90,learn_array_A,location-2,8
3,yzn,m,21,88,90,5897605,5904435,175,36,learn_array_A,location-1,-2
3,yzn,m,21,60,72,5909259,5911847,61,108,learn_array_B,location-2,-12
3,yzn,m,21,34,36,5916642,5918771,102,90,learn_array_A,location-2,-2
3,yzn,m,21,91,90,5923479,5926501,155,36,learn_array_A,location-1,1
block
3,yzn,m,21,65,72,5966912,5971900,10,108,learn_array_B,location-2,-7
3,yzn,m,21,67,72,5976577,5979363,37,108,learn_array_B,location-2,-5
3,yzn,m,21,42,36,5984005,5987314,64,90,learn_array_A,location-2,6
3,yzn,m,21,34,36,5992093,5995408,170,90,learn_array_A,location-2,-2
3,yzn,m,21,31,36,6000099,6002534,100,90,learn_array_A,location-2,-5
3,yzn,m,21,85,90,6007239,6010393,75,36,learn_array_A,location-1,-5
3,yzn,m,21,104,108,6015137,6017857,153,72,learn_array_B,location-1,-4
3,yzn,m,21,104,108,6022541,6025993,102,72,learn_array_B,location-1,-4
3,yzn,m,21,61,72,6030697,6036290,168,108,learn_array_B,location-2,-11
3,yzn,m,21,90,90,6041032,6044266,173,36,learn_array_A,location-1,0
3,yzn,m,21,36,36,6049018,6051823,168,90,learn_array_A,location-2,0
3,yzn,m,21,67,72,6056431,6060032,33,108,learn_array_B,location-2,-5
3,yzn,m,21,66,72,6064857,6067721,37,108,learn_array_B,location-2,-6
3,yzn,m,21,84,90,6072372,6076637,100,36,learn_array_A,location-1,-6
3,yzn,m,21,89,90,6081309,6083222,85,36,learn_array_A,location-1,-1
3,yzn,m,21,86,90,6087904,6091583,141,36,learn_array_A,location-1,-4
3,yzn,m,21,100,108,6096365,6100570,11,72,learn_array_B,location-1,-8
3,yzn,m,21,34,36,6105220,6108373,130,90,learn_array_A,location-2,-2
3,yzn,m,21,105,108,6112985,6117185,102,72,learn_array_B,location-1,-3
3,yzn,m,21,68,72,6121993,6125749,93,108,learn_array_B,location-2,-4
3,yzn,m,21,105,108,6130549,6133639,81,72,learn_array_B,location-1,-3
3,yzn,m,21,86,90,6138322,6141772,117,36,learn_array_A,location-1,-4
3,yzn,m,21,94,90,6146441,6150133,63,36,learn_array_A,location-1,4
3,yzn,m,21,100,108,6154854,6157793,42,72,learn_array_B,location-1,-8
3,yzn,m,21,34,36,6162444,6164426,141,90,learn_array_A,location-2,-2
3,yzn,m,21,33,36,6169104,6171088,13,90,learn_array_A,location-2,-3
3,yzn,m,21,38,36,6175704,6177915,115,90,learn_array_A,location-2,2
3,yzn,m,21,105,108,6182725,6186705,156,72,learn_array_B,location-1,-3
3,yzn,m,21,68,72,6191525,6194028,36,108,learn_array_B,location-2,-4
3,yzn,m,21,86,90,6198860,6201356,13,36,learn_array_A,location-1,-4
3,yzn,m,21,108,108,6206018,6208738,158,72,learn_array_B,location-1,0
3,yzn,m,21,62,72,6213460,6216916,133,108,learn_array_B,location-2,-10
block
3,yzn,m,21,90,90,6225824,6229833,29,36,learn_array_A,location-1,0
3,yzn,m,21,38,36,6234643,6238395,49,90,learn_array_A,location-2,2
3,yzn,m,21,101,108,6243195,6245103,65,72,learn_array_B,location-1,-7
3,yzn,m,21,68,72,6249716,6251703,161,108,learn_array_B,location-2,-4
3,yzn,m,21,62,72,6256387,6258368,178,108,learn_array_B,location-2,-10
3,yzn,m,21,65,72,6262990,6265128,62,108,learn_array_B,location-2,-7
3,yzn,m,21,91,90,6269862,6274682,23,36,learn_array_A,location-1,1
3,yzn,m,21,92,90,6279387,6282836,170,36,learn_array_A,location-1,2
3,yzn,m,21,38,36,6287652,6290882,60,90,learn_array_A,location-2,2
3,yzn,m,21,108,72,6295511,6297790,15,108,learn_array_B,location-2,36
3,yzn,m,21,105,108,6302446,6305457,158,72,learn_array_B,location-1,-3
3,yzn,m,21,38,36,6310100,6312953,40,90,learn_array_A,location-2,2
3,yzn,m,21,90,90,6317776,6323221,94,36,learn_array_A,location-1,0
3,yzn,m,21,105,108,6327941,6330880,55,72,learn_array_B,location-1,-3
3,yzn,m,21,35,36,6335549,6339075,154,90,learn_array_A,location-2,-1
3,yzn,m,21,8,36,6343689,6344792,144,90,learn_array_A,location-2,-28
3,yzn,m,21,35,36,6349389,6352040,176,90,learn_array_A,location-2,-1
3,yzn,m,21,74,72,6356722,6365130,67,108,learn_array_B,location-2,2
3,yzn,m,21,91,90,6369965,6372782,77,36,learn_array_A,location-1,1
3,yzn,m,21,86,72,6377514,6380320,139,108,learn_array_B,location-2,14
3,yzn,m,21,37,36,6385135,6387789,63,90,learn_array_A,location-2,1
3,yzn,m,21,91,90,6392572,6395068,173,36,learn_array_A,location-1,1
3,yzn,m,21,86,90,6399687,6405559,36,36,learn_array_A,location-1,-4
3,yzn,m,21,60,72,6410280,6414323,86,108,learn_array_B,location-2,-12
3,yzn,m,21,104,108,6419032,6421673,47,72,learn_array_B,location-1,-4
3,yzn,m,21,106,108,6426277,6431130,85,72,learn_array_B,location-1,-2
3,yzn,m,21,107,108,6435859,6451094,177,72,learn_array_B,location-1,-1
3,yzn,m,21,68,72,6455818,6476298,108,108,learn_array_B,location-2,-4
3,yzn,m,21,107,108,6481084,6483581,57,72,learn_array_B,location-1,-1
3,yzn,m,21,96,90,6488323,6493176,163,36,learn_array_A,location-1,6
3,yzn,m,21,44,36,6497777,6499830,14,90,learn_array_A,location-2,8
3,yzn,m,21,104,108,6504492,6506923,8,72,learn_array_B,location-1,-4
block
