subj,name,gender,age,col_resp,target_angle,start_time,resp_time,start_angle,other_angle,learn_array,location,d_value
4,clp,f,21,30,36,39987,45739,153,108,learn_array_A,location-1,-6
4,clp,f,21,116,108,50344,55211,116,36,learn_array_A,location-2,8
4,clp,f,21,66,90,59804,62827,65,144,learn_array_B,location-1,-24
4,clp,f,21,119,108,67641,71772,13,36,learn_array_A,location-2,11
4,clp,f,21,139,108,76472,83314,177,36,learn_array_A,location-2,31
4,clp,f,21,31,36,88003,91539,95,108,learn_array_A,location-1,-5
4,clp,f,21,73,90,96310,99846,66,144,learn_array_B,location-1,-17
4,clp,f,21,117,108,104602,108295,154,36,learn_array_A,location-2,9
4,clp,f,21,87,90,113036,115844,172,144,learn_array_B,location-1,-3
4,clp,f,21,83,144,120589,124042,125,90,learn_array_B,location-2,-61
4,clp,f,21,78,90,128840,133704,114,144,learn_array_B,location-1,-12
4,clp,f,21,115,108,138397,141405,128,36,learn_array_A,location-2,7
4,clp,f,21,145,144,146061,149670,174,90,learn_array_B,location-2,1
4,clp,f,21,149,144,154443,158057,82,90,learn_array_B,location-2,5
4,clp,f,21,114,108,162844,165573,102,36,learn_array_A,location-2,6
4,clp,f,21,79,90,170331,174007,173,144,learn_array_B,location-1,-11
4,clp,f,21,34,36,178602,181704,159,108,learn_array_A,location-1,-2
4,clp,f,21,33,36,186464,189919,117,108,learn_array_A,location-1,-3
4,clp,f,21,31,36,194530,197846,138,108,learn_array_A,location-1,-5
4,clp,f,21,30,108,202588,205972,41,36,learn_array_A,location-2,-78
4,clp,f,21,155,144,210760,214079,1,90,learn_array_B,location-2,11
4,clp,f,21,157,144,218740,222130,178,90,learn_array_B,location-2,13
4,clp,f,21,22,36,226784,230326,144,108,learn_array_A,location-1,-14
4,clp,f,21,24,36,235117,239611,71,108,learn_array_A,location-1,-12
4,clp,f,21,112,108,244288,248430,67,36,learn_array_A,location-2,4
4,clp,f,21,85,90,253036,256950,179,144,learn_array_B,location-1,-5
4,clp,f,21,74,90,261729,265471,13,144,learn_array_B,location-1,-16
4,clp,f,21,156,144,270170,273490,174,90,learn_array_B,location-2,12
4,clp,f,21,153,144,278170,282366,27,90,learn_array_B,location-2,9
4,clp,f,21,82,90,287090,291892,135,144,learn_array_B,location-1,-8
4,clp,f,21,152,144,296484,300162,143,90,learn_array_B,location-2,8
4,clp,f,21,32,36,304896,308736,1,108,learn_array_A,location-1,-4
block
4,clp,f,21,123,108,325983,329086,160,36,learn_array_A,location-2,15
4,clp,f,21,116,108,333912,339363,34,36,learn_array_A,location-2,8
4,clp,f,21,77,90,343972,346846,86,144,learn_array_B,location-1,-13
4,clp,f,21,152,90,351454,354758,170,144,learn_array_B,location-1,62
4,clp,f,21,85,90,359520,363287,18,144,learn_array_B,location-1,-5
4,clp,f,21,154,144,368094,372521,118,90,learn_array_B,location-2,10
4,clp,f,21,30,36,377226,379356,90,108,learn_array_A,location-1,-6
4,clp,f,21,153,144,384178,388167,77,90,learn_array_B,location-2,9
4,clp,f,21,108,108,392862,396617,98,36,learn_array_A,location-2,0
4,clp,f,21,147,144,401351,408714,37,90,learn_array_B,location-2,3
4,clp,f,21,81,90,413454,418540,136,144,learn_array_B,location-1,-9
4,clp,f,21,112,108,423301,426472,53,36,learn_array_A,location-2,4
4,clp,f,21,152,144,431120,434361,112,90,learn_array_B,location-2,8
4,clp,f,21,110,108,438994,443205,69,36,learn_array_A,location-2,2
4,clp,f,21,86,90,447849,451016,178,144,learn_array_B,location-1,-4
4,clp,f,21,152,144,455848,458139,13,90,learn_array_B,location-2,8
4,clp,f,21,73,90,462879,467547,84,144,learn_array_B,location-1,-17
4,clp,f,21,31,36,472255,476403,166,108,learn_array_A,location-1,-5
4,clp,f,21,31,36,481065,485661,128,108,learn_array_A,location-1,-5
4,clp,f,21,112,108,490360,494210,166,36,learn_array_A,location-2,4
4,clp,f,21,151,144,498841,505645,156,90,learn_array_B,location-2,7
4,clp,f,21,75,90,510341,514845,105,144,learn_array_B,location-1,-15
4,clp,f,21,34,36,519511,522329,108,108,learn_array_A,location-1,-2
4,clp,f,21,35,36,526940,530576,54,108,learn_array_A,location-1,-1
4,clp,f,21,36,36,535299,540853,61,108,learn_array_A,location-1,0
4,clp,f,21,64,90,545456,552934,104,144,learn_array_B,location-1,-26
4,clp,f,21,116,108,557751,560640,7,36,learn_array_A,location-2,8
4,clp,f,21,35,36,565403,568799,130,108,learn_array_A,location-1,-1
4,clp,f,21,34,36,573460,577304,171,108,learn_array_A,location-1,-2
4,clp,f,21,157,144,581923,587156,76,90,learn_array_B,location-2,13
4,clp,f,21,114,108,591803,594985,8,36,learn_array_A,location-2,6
4,clp,f,21,155,144,599583,603716,134,90,learn_array_B,location-2,11
block
4,clp,f,21,35,36,612847,616309,106,108,learn_array_A,location-1,-1
4,clp,f,21,86,90,621080,625293,80,144,learn_array_B,location-1,-4
4,clp,f,21,35,36,629960,632844,128,108,learn_array_A,location-1,-1
4,clp,f,21,106,108,637675,640995,134,36,learn_array_A,location-2,-2
4,clp,f,21,32,36,645634,649203,92,108,learn_array_A,location-1,-4
4,clp,f,21,35,36,653986,657757,36,108,learn_array_A,location-1,-1
4,clp,f,21,33,36,662561,667391,116,108,learn_array_A,location-1,-3
4,clp,f,21,159,144,672115,678117,99,90,learn_array_B,location-2,15
4,clp,f,21,152,144,682860,686462,112,90,learn_array_B,location-2,8
4,clp,f,21,147,144,691191,696496,43,90,learn_array_B,location-2,3
4,clp,f,21,83,90,701229,704184,26,144,learn_array_B,location-1,-7
4,clp,f,21,153,144,708867,712044,14,90,learn_array_B,location-2,9
4,clp,f,21,149,144,716640,721806,129,90,learn_array_B,location-2,5
4,clp,f,21,126,108,726621,733608,176,36,learn_array_A,location-2,18
4,clp,f,21,148,144,738275,742045,0,90,learn_array_B,location-2,4
4,clp,f,21,37,36,746681,751213,49,108,learn_array_A,location-1,1
4,clp,f,21,78,90,755855,761611,59,144,learn_array_B,location-1,-12
4,clp,f,21,39,36,766262,769217,46,108,learn_array_A,location-1,3
4,clp,f,21,118,108,773980,779018,46,36,learn_array_A,location-2,10
4,clp,f,21,114,108,783735,788090,100,36,learn_array_A,location-2,6
4,clp,f,21,68,90,792751,800291,142,144,learn_array_B,location-1,-22
4,clp,f,21,35,36,804954,808124,35,108,learn_array_A,location-1,-1
4,clp,f,21,101,108,812918,815437,20,36,learn_array_A,location-2,-7
4,clp,f,21,98,90,820231,823838,150,144,learn_array_B,location-1,8
4,clp,f,21,149,144,828608,833760,95,90,learn_array_B,location-2,5
4,clp,f,21,146,144,838573,842114,30,90,learn_array_B,location-2,2
4,clp,f,21,72,90,846739,851757,178,144,learn_array_B,location-1,-18
4,clp,f,21,87,90,856415,859980,132,144,learn_array_B,location-1,-3
4,clp,f,21,90,90,864668,868874,0,144,learn_array_B,location-1,0
4,clp,f,21,113,108,873686,876941,163,36,learn_array_A,location-2,5
4,clp,f,21,109,108,881769,885601,17,36,learn_array_A,location-2,1
4,clp,f,21,102,108,890355,894722,69,36,learn_array_A,location-2,-6
block
4,clp,f,21,32,36,901487,905381,8,108,learn_array_A,location-1,-4
4,clp,f,21,86,90,909972,916627,35,144,learn_array_B,location-1,-4
4,clp,f,21,35,36,921464,924503,169,108,learn_array_A,location-1,-1
4,clp,f,21,40,36,929258,933761,85,108,learn_array_A,location-1,4
4,clp,f,21,149,144,938548,943569,26,90,learn_array_B,location-2,5
4,clp,f,21,96,90,948209,951537,172,144,learn_array_B,location-1,6
4,clp,f,21,108,108,956317,960387,135,36,learn_array_A,location-2,0
4,clp,f,21,148,144,965105,969409,42,90,learn_array_B,location-2,4
4,clp,f,21,83,90,974068,979697,108,144,learn_array_B,location-1,-7
4,clp,f,21,35,36,984370,987848,110,108,learn_array_A,location-1,-1
4,clp,f,21,153,144,992528,997560,110,90,learn_array_B,location-2,9
4,clp,f,21,36,36,1002344,1005831,65,108,learn_array_A,location-1,0
4,clp,f,21,127,108,1010622,1021819,91,36,learn_array_A,location-2,19
4,clp,f,21,87,90,1026591,1032216,94,144,learn_array_B,location-1,-3
4,clp,f,21,79,90,1036928,1041947,5,144,learn_array_B,location-1,-11
4,clp,f,21,112,108,1046704,1053147,115,36,learn_array_A,location-2,4
4,clp,f,21,35,36,1057969,1062107,135,108,learn_array_A,location-1,-1
4,clp,f,21,33,36,1066841,1071804,30,108,learn_array_A,location-1,-3
4,clp,f,21,153,144,1076473,1083115,166,90,learn_array_B,location-2,9
4,clp,f,21,89,90,1087731,1092380,61,144,learn_array_B,location-1,-1
4,clp,f,21,110,108,1097113,1100515,83,36,learn_array_A,location-2,2
4,clp,f,21,34,36,1105355,1108169,127,108,learn_array_A,location-1,-2
4,clp,f,21,110,108,1112829,1116603,155,36,learn_array_A,location-2,2
4,clp,f,21,150,144,1121330,1127411,117,90,learn_array_B,location-2,6
4,clp,f,21,150,144,1132095,1134831,151,90,learn_array_B,location-2,6
4,clp,f,21,112,108,1139621,1143846,179,36,learn_array_A,location-2,4
4,clp,f,21,87,90,1148599,1152669,127,144,learn_array_B,location-1,-3
4,clp,f,21,88,90,1157345,1161618,59,144,learn_array_B,location-1,-2
4,clp,f,21,110,108,1166378,1169617,26,36,learn_array_A,location-2,2
4,clp,f,21,143,144,1174374,1179342,82,90,learn_array_B,location-2,-1
4,clp,f,21,109,108,1183994,1187459,93,36,learn_array_A,location-2,1
4,clp,f,21,142,144,1192196,1196552,143,90,learn_array_B,location-2,-2
block
4,clp,f,21,31,36,1202446,1205756,172,108,learn_array_A,location-1,-5
4,clp,f,21,35,36,1210418,1213901,19,108,learn_array_A,location-1,-1
4,clp,f,21,113,108,1218686,1222246,98,36,learn_array_A,location-2,5
4,clp,f,21,147,144,1227059,1230902,71,90,learn_array_B,location-2,3
4,clp,f,21,147,144,1235603,1240798,157,90,learn_array_B,location-2,3
4,clp,f,21,113,108,1245518,1250345,62,36,learn_array_A,location-2,5
4,clp,f,21,114,108,1255007,1257968,84,36,learn_array_A,location-2,6
4,clp,f,21,107,108,1262642,1266994,136,36,learn_array_A,location-2,-1
4,clp,f,21,33,36,1271593,1275813,96,108,learn_array_A,location-1,-3
4,clp,f,21,93,90,1280549,1288531,72,144,learn_array_B,location-1,3
4,clp,f,21,110,108,1293219,1296097,31,36,learn_array_A,location-2,2
4,clp,f,21,34,36,1300916,1304537,138,108,learn_array_A,location-1,-2
4,clp,f,21,108,108,1309146,1312027,33,36,learn_array_A,location-2,0
4,clp,f,21,82,90,1316768,1323264,175,144,learn_array_B,location-1,-8
4,clp,f,21,77,90,1327969,1332186,30,144,learn_array_B,location-1,-13
4,clp,f,21,107,108,1336808,1340822,108,36,learn_array_A,location-2,-1
4,clp,f,21,77,90,1345597,1350112,101,144,learn_array_B,location-1,-13
4,clp,f,21,88,90,1354759,1357870,2,144,learn_array_B,location-1,-2
4,clp,f,21,37,36,1362641,1365529,72,108,learn_array_A,location-1,1
4,clp,f,21,32,36,1370312,1373203,128,108,learn_array_A,location-1,-4
4,clp,f,21,149,144,1377867,1381706,36,90,learn_array_B,location-2,5
4,clp,f,21,35,36,1386419,1391150,169,108,learn_array_A,location-1,-1
4,clp,f,21,88,90,1395939,1400819,130,144,learn_array_B,location-1,-2
4,clp,f,21,88,90,1405524,1409366,52,144,learn_array_B,location-1,-2
4,clp,f,21,35,36,1414004,1417047,137,108,learn_array_A,location-1,-1
4,clp,f,21,87,144,1421731,1425055,45,90,learn_array_B,location-2,-57
4,clp,f,21,155,144,1429729,1438036,154,90,learn_array_B,location-2,11
4,clp,f,21,157,144,1442704,1446648,93,90,learn_array_B,location-2,13
4,clp,f,21,150,144,1451451,1455595,62,90,learn_array_B,location-2,6
4,clp,f,21,144,144,1460333,1463286,90,90,learn_array_B,location-2,0
4,clp,f,21,89,90,1467919,1471243,152,144,learn_array_B,location-1,-1
4,clp,f,21,109,108,1475999,1479099,35,36,learn_array_A,location-2,1
block
4,clp,f,21,106,108,1485743,1489354,82,36,learn_array_A,location-2,-2
4,clp,f,21,36,36,1493980,1497667,87,108,learn_array_A,location-1,0
4,clp,f,21,110,108,1502487,1505895,148,36,learn_array_A,location-2,2
4,clp,f,21,106,108,1510622,1513434,86,36,learn_array_A,location-2,-2
4,clp,f,21,91,90,1518053,1521158,74,144,learn_array_B,location-1,1
4,clp,f,21,143,144,1525963,1529443,0,90,learn_array_B,location-2,-1
4,clp,f,21,93,90,1534187,1537665,34,144,learn_array_B,location-1,3
4,clp,f,21,91,90,1542416,1547365,4,144,learn_array_B,location-1,1
4,clp,f,21,31,36,1552090,1555711,154,108,learn_array_A,location-1,-5
4,clp,f,21,113,108,1560461,1563061,15,36,learn_array_A,location-2,5
4,clp,f,21,91,90,1567837,1570426,138,144,learn_array_B,location-1,1
4,clp,f,21,142,144,1575094,1579321,90,90,learn_array_B,location-2,-2
4,clp,f,21,34,36,1584119,1587882,101,108,learn_array_A,location-1,-2
4,clp,f,21,110,108,1592621,1594835,19,36,learn_array_A,location-2,2
4,clp,f,21,91,90,1599575,1602382,134,144,learn_array_B,location-1,1
4,clp,f,21,89,90,1607165,1610271,18,144,learn_array_B,location-1,-1
4,clp,f,21,35,36,1614914,1617803,24,108,learn_array_A,location-1,-1
4,clp,f,21,143,144,1622598,1626004,91,90,learn_array_B,location-2,-1
4,clp,f,21,142,144,1630683,1635410,165,90,learn_array_B,location-2,-2
4,clp,f,21,33,36,1640166,1643866,81,108,learn_array_A,location-1,-3
4,clp,f,21,109,108,1648553,1651293,56,36,learn_array_A,location-2,1
4,clp,f,21,142,144,1655983,1659910,32,90,learn_array_B,location-2,-2
4,clp,f,21,38,36,1664519,1667041,90,108,learn_array_A,location-1,2
4,clp,f,21,141,144,1671853,1674676,41,90,learn_array_B,location-2,-3
4,clp,f,21,109,108,1679370,1684323,21,36,learn_array_A,location-2,1
4,clp,f,21,36,36,1688948,1692280,0,108,learn_array_A,location-1,0
4,clp,f,21,90,90,1697053,1702524,81,144,learn_array_B,location-1,0
4,clp,f,21,38,36,1707209,1710179,57,108,learn_array_A,location-1,2
4,clp,f,21,139,144,1714876,1717915,110,90,learn_array_B,location-2,-5
4,clp,f,21,144,90,1722647,1726187,122,144,learn_array_B,location-1,54
4,clp,f,21,109,108,1730845,1734553,152,36,learn_array_A,location-2,1
4,clp,f,21,144,144,1739279,1742379,46,90,learn_array_B,location-2,0
block
4,clp,f,21,88,90,1749070,1752596,146,144,learn_array_B,location-1,-2
4,clp,f,21,86,90,1757353,1760967,130,144,learn_array_B,location-1,-4
4,clp,f,21,88,90,1765600,1773133,95,144,learn_array_B,location-1,-2
4,clp,f,21,107,108,1777925,1780730,56,36,learn_array_A,location-2,-1
4,clp,f,21,34,36,1785459,1789378,137,108,learn_array_A,location-1,-2
4,clp,f,21,35,108,1794091,1797408,66,36,learn_array_A,location-2,-73
4,clp,f,21,38,36,1802102,1805722,52,108,learn_array_A,location-1,2
4,clp,f,21,39,36,1810432,1813598,35,108,learn_array_A,location-1,3
4,clp,f,21,109,108,1818382,1820527,25,36,learn_array_A,location-2,1
4,clp,f,21,142,144,1825191,1831326,67,90,learn_array_B,location-2,-2
4,clp,f,21,108,108,1836057,1838941,106,36,learn_array_A,location-2,0
4,clp,f,21,33,36,1843629,1846426,5,108,learn_array_A,location-1,-3
4,clp,f,21,147,144,1851104,1855526,175,90,learn_array_B,location-2,3
4,clp,f,21,147,144,1860209,1863820,68,90,learn_array_B,location-2,3
4,clp,f,21,112,108,1868613,1871785,66,36,learn_array_A,location-2,4
4,clp,f,21,144,144,1876387,1884288,42,90,learn_array_B,location-2,0
4,clp,f,21,92,90,1888991,1892975,176,144,learn_array_B,location-1,2
4,clp,f,21,143,144,1897716,1901564,60,90,learn_array_B,location-2,-1
4,clp,f,21,37,36,1906254,1913569,30,108,learn_array_A,location-1,1
4,clp,f,21,111,108,1918197,1921083,166,36,learn_array_A,location-2,3
4,clp,f,21,148,144,1925838,1933081,108,90,learn_array_B,location-2,4
4,clp,f,21,89,90,1937884,1942977,62,144,learn_array_B,location-1,-1
4,clp,f,21,89,90,1947698,1953306,92,144,learn_array_B,location-1,-1
4,clp,f,21,36,36,1958039,1962247,173,108,learn_array_A,location-1,0
4,clp,f,21,37,36,1967063,1970087,162,108,learn_array_A,location-1,1
4,clp,f,21,146,144,1974680,1979775,79,90,learn_array_B,location-2,2
4,clp,f,21,115,108,1984445,1987771,16,36,learn_array_A,location-2,7
4,clp,f,21,107,108,1992415,1996422,99,36,learn_array_A,location-2,-1
4,clp,f,21,147,144,2001187,2004436,81,90,learn_array_B,location-2,3
4,clp,f,21,30,36,2009034,2013028,111,108,learn_array_A,location-1,-6
4,clp,f,21,81,90,2017697,2023692,19,144,learn_array_B,location-1,-9
4,clp,f,21,84,90,2028298,2031336,134,144,learn_array_B,location-1,-6
block
4,clp,f,21,36,36,2061232,2064690,56,108,learn_array_A,location-1,0
4,clp,f,21,33,36,2069474,2072728,168,108,learn_array_A,location-1,-3
4,clp,f,21,34,36,2077325,2082500,170,108,learn_array_A,location-1,-2
4,clp,f,21,36,36,2087201,2091190,126,108,learn_array_A,location-1,0
4,clp,f,21,37,36,2095820,2100267,79,108,learn_array_A,location-1,1
4,clp,f,21,95,90,2105038,2108238,115,144,learn_array_B,location-1,5
4,clp,f,21,106,108,2112844,2116337,29,36,learn_array_A,location-2,-2
4,clp,f,21,107,108,2121009,2124552,37,36,learn_array_A,location-2,-1
4,clp,f,21,94,90,2129150,2133000,31,144,learn_array_B,location-1,4
4,clp,f,21,91,144,2137763,2141388,113,90,learn_array_B,location-2,-53
4,clp,f,21,87,90,2146153,2149109,117,144,learn_array_B,location-1,-3
4,clp,f,21,146,144,2153709,2157781,31,90,learn_array_B,location-2,2
4,clp,f,21,93,90,2162570,2165607,29,144,learn_array_B,location-1,3
4,clp,f,21,148,144,2170212,2175011,14,90,learn_array_B,location-2,4
4,clp,f,21,108,108,2179606,2183088,120,36,learn_array_A,location-2,0
4,clp,f,21,85,90,2187852,2191338,97,144,learn_array_B,location-1,-5
4,clp,f,21,81,90,2196003,2198748,30,144,learn_array_B,location-1,-9
4,clp,f,21,107,108,2203454,2205820,84,36,learn_array_A,location-2,-1
4,clp,f,21,111,108,2210631,2213140,81,36,learn_array_A,location-2,3
4,clp,f,21,37,36,2217836,2220122,29,108,learn_array_A,location-1,1
4,clp,f,21,140,144,2224781,2228185,84,90,learn_array_B,location-2,-4
4,clp,f,21,109,108,2232777,2235947,36,36,learn_array_A,location-2,1
4,clp,f,21,142,144,2240700,2245062,48,90,learn_array_B,location-2,-2
4,clp,f,21,111,108,2249709,2252228,50,36,learn_array_A,location-2,3
4,clp,f,21,108,108,2256857,2259664,124,36,learn_array_A,location-2,0
4,clp,f,21,91,90,2264431,2267764,131,144,learn_array_B,location-1,1
4,clp,f,21,147,144,2272431,2275844,2,90,learn_array_B,location-2,3
4,clp,f,21,146,144,2280505,2286138,99,90,learn_array_B,location-2,2
4,clp,f,21,146,144,2290810,2293476,37,90,learn_array_B,location-2,2
4,clp,f,21,93,90,2298192,2302335,71,144,learn_array_B,location-1,3
4,clp,f,21,35,36,2306938,2311129,97,108,learn_array_A,location-1,-1
4,clp,f,21,38,36,2316003,2319550,57,108,learn_array_A,location-1,2
block
4,clp,f,21,35,36,2326782,2329644,74,108,learn_array_A,location-1,-1
4,clp,f,21,112,108,2334434,2338037,121,36,learn_array_A,location-2,4
4,clp,f,21,110,108,2342734,2347256,165,36,learn_array_A,location-2,2
4,clp,f,21,90,90,2351914,2355463,7,144,learn_array_B,location-1,0
4,clp,f,21,35,36,2360160,2362609,75,108,learn_array_A,location-1,-1
4,clp,f,21,84,90,2367258,2370075,151,144,learn_array_B,location-1,-6
4,clp,f,21,104,108,2374684,2376908,89,36,learn_array_A,location-2,-4
4,clp,f,21,34,36,2381631,2385173,3,108,learn_array_A,location-1,-2
4,clp,f,21,146,144,2389999,2393839,34,90,learn_array_B,location-2,2
4,clp,f,21,33,36,2398655,2402707,12,108,learn_array_A,location-1,-3
4,clp,f,21,113,108,2407372,2410842,15,36,learn_array_A,location-2,5
4,clp,f,21,89,90,2415481,2419034,50,144,learn_array_B,location-1,-1
4,clp,f,21,85,90,2423669,2427353,20,144,learn_array_B,location-1,-5
4,clp,f,21,87,90,2432015,2436238,108,144,learn_array_B,location-1,-3
4,clp,f,21,35,36,2440987,2443493,1,108,learn_array_A,location-1,-1
4,clp,f,21,147,144,2448225,2452506,22,90,learn_array_B,location-2,3
4,clp,f,21,35,36,2457120,2459561,69,108,learn_array_A,location-1,-1
4,clp,f,21,88,90,2464283,2467089,93,144,learn_array_B,location-1,-2
4,clp,f,21,152,144,2471883,2475651,83,90,learn_array_B,location-2,8
4,clp,f,21,155,144,2480452,2485615,81,90,learn_array_B,location-2,11
4,clp,f,21,149,144,2490447,2492956,52,90,learn_array_B,location-2,5
4,clp,f,21,31,36,2497657,2504007,106,108,learn_array_A,location-1,-5
4,clp,f,21,30,36,2508730,2511908,62,108,learn_array_A,location-1,-6
4,clp,f,21,142,144,2516690,2519811,71,90,learn_array_B,location-2,-2
4,clp,f,21,110,108,2524423,2529174,170,36,learn_array_A,location-2,2
4,clp,f,21,143,144,2533993,2538057,48,90,learn_array_B,location-2,-1
4,clp,f,21,91,90,2542774,2545893,50,144,learn_array_B,location-1,1
4,clp,f,21,143,144,2550727,2553023,131,90,learn_array_B,location-2,-1
4,clp,f,21,110,108,2557672,2560861,161,36,learn_array_A,location-2,2
4,clp,f,21,110,108,2565546,2569624,41,36,learn_array_A,location-2,2
4,clp,f,21,107,108,2574370,2577547,129,36,learn_array_A,location-2,-1
4,clp,f,21,90,90,2582258,2585814,97,144,learn_array_B,location-1,0
block
4,clp,f,21,91,90,2605855,2608947,107,144,learn_array_B,location-1,1
4,clp,f,21,140,144,2613613,2617228,70,90,learn_array_B,location-2,-4
4,clp,f,21,107,108,2621928,2624747,69,36,learn_array_A,location-2,-1
4,clp,f,21,92,90,2629419,2633056,82,144,learn_array_B,location-1,2
4,clp,f,21,141,144,2637649,2643659,43,90,learn_array_B,location-2,-3
4,clp,f,21,87,90,2648429,2651694,119,144,learn_array_B,location-1,-3
4,clp,f,21,38,36,2656317,2661595,25,108,learn_array_A,location-1,2
4,clp,f,21,111,108,2666410,2668853,101,36,learn_array_A,location-2,3
4,clp,f,21,36,36,2673690,2678418,2,108,learn_array_A,location-1,0
4,clp,f,21,93,90,2683148,2686916,32,144,learn_array_B,location-1,3
4,clp,f,21,93,90,2691755,2694932,16,144,learn_array_B,location-1,3
4,clp,f,21,38,36,2699741,2704394,54,108,learn_array_A,location-1,2
4,clp,f,21,144,144,2709074,2714830,4,90,learn_array_B,location-2,0
4,clp,f,21,38,36,2719503,2722313,113,108,learn_array_A,location-1,2
4,clp,f,21,88,90,2726942,2729602,13,144,learn_array_B,location-1,-2
4,clp,f,21,144,144,2734206,2737904,98,90,learn_array_B,location-2,0
4,clp,f,21,34,36,2742636,2746331,158,108,learn_array_A,location-1,-2
4,clp,f,21,140,144,2751081,2755075,130,90,learn_array_B,location-2,-4
4,clp,f,21,37,36,2759801,2763571,65,108,learn_array_A,location-1,1
4,clp,f,21,145,144,2768220,2772360,41,90,learn_array_B,location-2,1
4,clp,f,21,144,144,2777054,2780812,35,90,learn_array_B,location-2,0
4,clp,f,21,113,108,2785521,2788999,5,36,learn_array_A,location-2,5
4,clp,f,21,38,36,2793823,2797751,115,108,learn_array_A,location-1,2
4,clp,f,21,90,90,2802561,2807738,30,144,learn_array_B,location-1,0
4,clp,f,21,144,144,2812571,2815750,46,90,learn_array_B,location-2,0
4,clp,f,21,107,108,2820425,2822927,78,36,learn_array_A,location-2,-1
4,clp,f,21,106,108,2827716,2834956,152,36,learn_array_A,location-2,-2
4,clp,f,21,106,108,2839603,2844490,87,36,learn_array_A,location-2,-2
4,clp,f,21,92,90,2849172,2853095,147,144,learn_array_B,location-1,2
4,clp,f,21,38,36,2857686,2860132,135,108,learn_array_A,location-1,2
4,clp,f,21,107,108,2864727,2866860,59,36,learn_array_A,location-2,-1
4,clp,f,21,107,108,2871627,2875321,65,36,learn_array_A,location-2,-1
block
4,clp,f,21,141,144,2882271,2885811,129,90,learn_array_B,location-2,-3
4,clp,f,21,93,90,2890501,2893877,13,144,learn_array_B,location-1,3
4,clp,f,21,85,90,2898698,2902035,161,144,learn_array_B,location-1,-5
4,clp,f,21,108,108,2906788,2909243,90,36,learn_array_A,location-2,0
4,clp,f,21,36,36,2913839,2917695,81,108,learn_array_A,location-1,0
4,clp,f,21,38,36,2922445,2925331,60,108,learn_array_A,location-1,2
4,clp,f,21,88,90,2929960,2933579,22,144,learn_array_B,location-1,-2
4,clp,f,21,104,108,2938203,2941012,112,36,learn_array_A,location-2,-4
4,clp,f,21,34,36,2945744,2948336,162,108,learn_array_A,location-1,-2
4,clp,f,21,87,90,2953050,2956530,173,144,learn_array_B,location-1,-3
4,clp,f,21,147,144,2961273,2965700,1,90,learn_array_B,location-2,3
4,clp,f,21,85,90,2970459,2973125,141,144,learn_array_B,location-1,-5
4,clp,f,21,76,90,2977724,2982228,81,144,learn_array_B,location-1,-14
4,clp,f,21,90,90,2987011,2989099,142,144,learn_array_B,location-1,0
4,clp,f,21,146,144,2993714,2997998,172,90,learn_array_B,location-2,2
4,clp,f,21,110,108,3002792,3007006,13,36,learn_array_A,location-2,2
4,clp,f,21,94,90,3011722,3014460,97,144,learn_array_B,location-1,4
4,clp,f,21,37,36,3019121,3022597,35,108,learn_array_A,location-1,1
4,clp,f,21,111,108,3027256,3030063,27,36,learn_array_A,location-2,3
4,clp,f,21,140,144,3034692,3037809,63,90,learn_array_B,location-2,-4
4,clp,f,21,106,108,3042480,3045301,7,36,learn_array_A,location-2,-2
4,clp,f,21,36,36,3049952,3053134,109,108,learn_array_A,location-1,0
4,clp,f,21,34,36,3057940,3061057,172,108,learn_array_A,location-1,-2
4,clp,f,21,145,144,3065793,3072225,4,90,learn_array_B,location-2,1
4,clp,f,21,33,36,3077031,3081245,138,108,learn_array_A,location-1,-3
4,clp,f,21,110,108,3086002,3088445,54,36,learn_array_A,location-2,2
4,clp,f,21,143,144,3093257,3097321,160,90,learn_array_B,location-2,-1
4,clp,f,21,142,144,3102151,3107456,138,90,learn_array_B,location-2,-2
4,clp,f,21,105,108,3112210,3115542,113,36,learn_array_A,location-2,-3
4,clp,f,21,36,36,3120172,3124835,103,108,learn_array_A,location-1,0
4,clp,f,21,108,108,3129642,3132304,14,36,learn_array_A,location-2,0
4,clp,f,21,139,144,3137109,3140217,43,90,learn_array_B,location-2,-5
block
4,clp,f,21,87,90,3156719,3159678,153,144,learn_array_B,location-1,-3
4,clp,f,21,112,108,3164469,3167500,165,36,learn_array_A,location-2,4
4,clp,f,21,143,144,3172118,3175451,149,90,learn_array_B,location-2,-1
4,clp,f,21,35,36,3180113,3183143,66,108,learn_array_A,location-1,-1
4,clp,f,21,107,108,3187799,3190468,115,36,learn_array_A,location-2,-1
4,clp,f,21,33,36,3195065,3198029,135,108,learn_array_A,location-1,-3
4,clp,f,21,91,90,3202863,3207819,6,144,learn_array_B,location-1,1
4,clp,f,21,37,36,3212556,3217136,138,108,learn_array_A,location-1,1
4,clp,f,21,92,90,3221883,3225732,86,144,learn_array_B,location-1,2
4,clp,f,21,90,90,3230366,3233539,44,144,learn_array_B,location-1,0
4,clp,f,21,86,90,3238228,3241045,177,144,learn_array_B,location-1,-4
4,clp,f,21,89,90,3245714,3248444,1,144,learn_array_B,location-1,-1
4,clp,f,21,36,108,3253185,3256079,142,36,learn_array_A,location-2,-72
4,clp,f,21,108,108,3260670,3262741,23,36,learn_array_A,location-2,0
4,clp,f,21,139,144,3267527,3271384,71,90,learn_array_B,location-2,-5
4,clp,f,21,107,108,3276033,3278768,16,36,learn_array_A,location-2,-1
4,clp,f,21,108,108,3283454,3286046,79,36,learn_array_A,location-2,0
4,clp,f,21,38,36,3290850,3297703,25,108,learn_array_A,location-1,2
4,clp,f,21,94,90,3302386,3304684,87,144,learn_array_B,location-1,4
4,clp,f,21,142,144,3309400,3313179,145,90,learn_array_B,location-2,-2
4,clp,f,21,106,108,3317894,3320495,77,36,learn_array_A,location-2,-2
4,clp,f,21,138,144,3325139,3328849,93,90,learn_array_B,location-2,-6
4,clp,f,21,143,144,3333531,3336797,9,90,learn_array_B,location-2,-1
4,clp,f,21,34,36,3341491,3343708,79,108,learn_array_A,location-1,-2
4,clp,f,21,140,144,3348501,3351546,88,90,learn_array_B,location-2,-4
4,clp,f,21,89,90,3356191,3359524,59,144,learn_array_B,location-1,-1
4,clp,f,21,113,108,3364358,3369558,122,36,learn_array_A,location-2,5
4,clp,f,21,146,144,3374260,3377221,132,90,learn_array_B,location-2,2
4,clp,f,21,142,144,3382040,3388490,67,90,learn_array_B,location-2,-2
4,clp,f,21,39,36,3393315,3402815,6,108,learn_array_A,location-1,3
4,clp,f,21,40,36,3407615,3411396,77,108,learn_array_A,location-1,4
4,clp,f,21,36,36,3416167,3421186,127,108,learn_array_A,location-1,0
block
4,clp,f,21,38,36,3446655,3449978,95,108,learn_array_A,location-1,2
4,clp,f,21,143,144,3454700,3458541,68,90,learn_array_B,location-2,-1
4,clp,f,21,36,36,3463169,3465907,124,108,learn_array_A,location-1,0
4,clp,f,21,34,36,3470590,3474062,29,108,learn_array_A,location-1,-2
4,clp,f,21,38,36,3478707,3481505,36,108,learn_array_A,location-1,2
4,clp,f,21,143,144,3486211,3489900,85,90,learn_array_B,location-2,-1
4,clp,f,21,114,108,3494653,3497531,127,36,learn_array_A,location-2,6
4,clp,f,21,107,108,3502317,3507759,0,36,learn_array_A,location-2,-1
4,clp,f,21,34,36,3512540,3515787,125,108,learn_array_A,location-1,-2
4,clp,f,21,143,144,3520511,3523383,36,90,learn_array_B,location-2,-1
4,clp,f,21,139,144,3528068,3531328,125,90,learn_array_B,location-2,-5
4,clp,f,21,142,144,3536044,3543352,83,90,learn_array_B,location-2,-2
4,clp,f,21,93,90,3548080,3550223,64,144,learn_array_B,location-1,3
4,clp,f,21,90,90,3554853,3558250,103,144,learn_array_B,location-1,0
4,clp,f,21,108,108,3562893,3566602,117,36,learn_array_A,location-2,0
4,clp,f,21,97,90,3571225,3575347,2,144,learn_array_B,location-1,7
4,clp,f,21,104,108,3580093,3582976,33,36,learn_array_A,location-2,-4
4,clp,f,21,140,144,3587731,3592313,175,90,learn_array_B,location-2,-4
4,clp,f,21,91,90,3597067,3606678,141,144,learn_array_B,location-1,1
4,clp,f,21,37,36,3611337,3614959,146,108,learn_array_A,location-1,1
4,clp,f,21,138,144,3619704,3625180,79,90,learn_array_B,location-2,-6
4,clp,f,21,35,36,3629942,3632816,23,108,learn_array_A,location-1,-1
4,clp,f,21,91,90,3637451,3645208,60,144,learn_array_B,location-1,1
4,clp,f,21,85,90,3649852,3653314,48,144,learn_array_B,location-1,-5
4,clp,f,21,81,90,3657960,3660696,50,144,learn_array_B,location-1,-9
4,clp,f,21,106,108,3665432,3668307,8,36,learn_array_A,location-2,-2
4,clp,f,21,101,108,3672999,3676325,151,36,learn_array_A,location-2,-7
4,clp,f,21,32,108,3681146,3684766,63,36,learn_array_A,location-2,-76
4,clp,f,21,90,90,3689509,3692032,103,144,learn_array_B,location-1,0
4,clp,f,21,146,144,3696767,3700014,30,90,learn_array_B,location-2,2
4,clp,f,21,106,108,3704622,3708689,142,36,learn_array_A,location-2,-2
4,clp,f,21,34,36,3713484,3716366,156,108,learn_array_A,location-1,-2
block
4,clp,f,21,146,144,3744815,3748567,10,90,learn_array_B,location-2,2
4,clp,f,21,107,108,3753396,3756712,93,36,learn_array_A,location-2,-1
4,clp,f,21,32,36,3761370,3765127,14,108,learn_array_A,location-1,-4
4,clp,f,21,33,108,3769759,3773903,168,36,learn_array_A,location-2,-75
4,clp,f,21,108,108,3778622,3783349,133,36,learn_array_A,location-2,0
4,clp,f,21,38,36,3788133,3791831,98,108,learn_array_A,location-1,2
4,clp,f,21,36,36,3796455,3798972,61,108,learn_array_A,location-1,0
4,clp,f,21,146,144,3803617,3808114,174,90,learn_array_B,location-2,2
4,clp,f,21,88,90,3812850,3817746,123,144,learn_array_B,location-1,-2
4,clp,f,21,110,108,3822566,3826268,30,36,learn_array_A,location-2,2
4,clp,f,21,37,36,3830961,3835681,77,108,learn_array_A,location-1,1
4,clp,f,21,37,36,3840444,3843842,113,108,learn_array_A,location-1,1
4,clp,f,21,85,90,3848510,3851837,157,144,learn_array_B,location-1,-5
4,clp,f,21,112,108,3856525,3861261,108,36,learn_array_A,location-2,4
4,clp,f,21,146,144,3865884,3870394,6,90,learn_array_B,location-2,2
4,clp,f,21,108,108,3875163,3877895,67,36,learn_array_A,location-2,0
4,clp,f,21,38,36,3882683,3885871,159,108,learn_array_A,location-1,2
4,clp,f,21,40,36,3890669,3893021,141,108,learn_array_A,location-1,4
4,clp,f,21,91,90,3897770,3900285,120,144,learn_array_B,location-1,1
4,clp,f,21,90,90,3905053,3908155,110,144,learn_array_B,location-1,0
4,clp,f,21,145,144,3912978,3918072,93,90,learn_array_B,location-2,1
4,clp,f,21,110,108,3922727,3925095,103,36,learn_array_A,location-2,2
4,clp,f,21,108,108,3929753,3934695,124,36,learn_array_A,location-2,0
4,clp,f,21,37,36,3939394,3943820,156,108,learn_array_A,location-1,1
4,clp,f,21,95,90,3948450,3952659,116,144,learn_array_B,location-1,5
4,clp,f,21,92,90,3957277,3965179,26,144,learn_array_B,location-1,2
4,clp,f,21,81,90,3969966,3972337,148,144,learn_array_B,location-1,-9
4,clp,f,21,141,144,3976965,3980960,137,90,learn_array_B,location-2,-3
4,clp,f,21,140,144,3985579,3989045,98,90,learn_array_B,location-2,-4
4,clp,f,21,143,144,3993743,3995962,47,90,learn_array_B,location-2,-1
4,clp,f,21,147,144,4000607,4005554,2,90,learn_array_B,location-2,3
4,clp,f,21,149,90,4010391,4014071,16,144,learn_array_B,location-1,59
block
4,clp,f,21,108,108,4056319,4061485,89,36,learn_array_A,location-2,0
4,clp,f,21,93,90,4066219,4069464,14,144,learn_array_B,location-1,3
4,clp,f,21,94,90,4074066,4076567,109,144,learn_array_B,location-1,4
4,clp,f,21,88,90,4081186,4086063,127,144,learn_array_B,location-1,-2
4,clp,f,21,105,108,4090809,4095905,155,36,learn_array_A,location-2,-3
4,clp,f,21,146,144,4100645,4104855,164,90,learn_array_B,location-2,2
4,clp,f,21,146,144,4109649,4112673,168,90,learn_array_B,location-2,2
4,clp,f,21,34,36,4117373,4120409,22,108,learn_array_A,location-1,-2
4,clp,f,21,153,144,4125238,4128572,6,90,learn_array_B,location-2,9
4,clp,f,21,36,36,4133170,4135681,137,108,learn_array_A,location-1,0
4,clp,f,21,144,144,4140506,4143525,156,90,learn_array_B,location-2,0
4,clp,f,21,112,108,4148306,4151844,156,36,learn_array_A,location-2,4
4,clp,f,21,33,36,4156568,4159972,148,108,learn_array_A,location-1,-3
4,clp,f,21,150,144,4164608,4174062,34,90,learn_array_B,location-2,6
4,clp,f,21,103,108,4178841,4181500,121,36,learn_array_A,location-2,-5
4,clp,f,21,91,90,4186312,4189498,41,144,learn_array_B,location-1,1
4,clp,f,21,93,90,4194116,4197942,41,144,learn_array_B,location-1,3
4,clp,f,21,110,108,4202664,4205706,135,36,learn_array_A,location-2,2
4,clp,f,21,95,144,4210306,4214661,135,90,learn_array_B,location-2,-49
4,clp,f,21,148,144,4219398,4222866,159,90,learn_array_B,location-2,4
4,clp,f,21,92,90,4227601,4231010,146,144,learn_array_B,location-1,2
4,clp,f,21,38,36,4235777,4239392,85,108,learn_array_A,location-1,2
4,clp,f,21,42,36,4244208,4247761,120,108,learn_array_A,location-1,6
4,clp,f,21,149,144,4252457,4256669,138,90,learn_array_B,location-2,5
4,clp,f,21,37,36,4261350,4263581,109,108,learn_array_A,location-1,1
4,clp,f,21,88,90,4268217,4271400,155,144,learn_array_B,location-1,-2
4,clp,f,21,112,108,4276205,4279019,50,36,learn_array_A,location-2,4
4,clp,f,21,34,36,4283803,4286476,179,108,learn_array_A,location-1,-2
4,clp,f,21,111,108,4291249,4293471,157,36,learn_array_A,location-2,3
4,clp,f,21,91,90,4298197,4300937,66,144,learn_array_B,location-1,1
4,clp,f,21,37,36,4305571,4308679,68,108,learn_array_A,location-1,1
4,clp,f,21,108,108,4313434,4316774,156,36,learn_array_A,location-2,0
block
4,clp,f,21,147,144,4371967,4375426,11,90,learn_array_B,location-2,3
4,clp,f,21,144,144,4380136,4383165,62,90,learn_array_B,location-2,0
4,clp,f,21,92,90,4387987,4391244,83,144,learn_array_B,location-1,2
4,clp,f,21,111,108,4395889,4398948,149,36,learn_array_A,location-2,3
4,clp,f,21,145,144,4403696,4406884,75,90,learn_array_B,location-2,1
4,clp,f,21,38,36,4411484,4414965,31,108,learn_array_A,location-1,2
4,clp,f,21,38,36,4419687,4422122,24,108,learn_array_A,location-1,2
4,clp,f,21,108,108,4426725,4429769,121,36,learn_array_A,location-2,0
4,clp,f,21,37,36,4434501,4439669,44,108,learn_array_A,location-1,1
4,clp,f,21,97,90,4444427,4448571,102,144,learn_array_B,location-1,7
4,clp,f,21,146,144,4453254,4457983,157,90,learn_array_B,location-2,2
4,clp,f,21,32,36,4462621,4466758,173,108,learn_array_A,location-1,-4
4,clp,f,21,38,36,4471527,4475227,99,108,learn_array_A,location-1,2
4,clp,f,21,92,90,4479961,4484531,111,144,learn_array_B,location-1,2
4,clp,f,21,90,90,4489325,4493160,46,144,learn_array_B,location-1,0
4,clp,f,21,39,36,4497791,4501996,96,108,learn_array_A,location-1,3
4,clp,f,21,85,90,4506790,4509594,9,144,learn_array_B,location-1,-5
4,clp,f,21,106,108,4514388,4517211,103,36,learn_array_A,location-2,-2
4,clp,f,21,145,144,4521998,4524876,27,90,learn_array_B,location-2,1
4,clp,f,21,36,36,4529520,4535037,3,108,learn_array_A,location-1,0
4,clp,f,21,90,90,4539641,4542081,179,144,learn_array_B,location-1,0
4,clp,f,21,110,108,4546808,4549397,86,36,learn_array_A,location-2,2
4,clp,f,21,107,108,4554018,4557419,71,36,learn_array_A,location-2,-1
4,clp,f,21,93,90,4562149,4566376,162,144,learn_array_B,location-1,3
4,clp,f,21,133,144,4571195,4574961,140,90,learn_array_B,location-2,-11
4,clp,f,21,109,108,4579652,4584155,169,36,learn_array_A,location-2,1
4,clp,f,21,110,108,4588877,4592515,166,36,learn_array_A,location-2,2
4,clp,f,21,144,144,4597282,4601051,113,90,learn_array_B,location-2,0
4,clp,f,21,110,108,4605848,4608875,108,36,learn_array_A,location-2,2
4,clp,f,21,39,36,4613484,4616447,107,108,learn_array_A,location-1,3
4,clp,f,21,91,90,4621265,4625777,131,144,learn_array_B,location-1,1
4,clp,f,21,151,144,4630399,4634685,167,90,learn_array_B,location-2,7
block
4,clp,f,21,95,90,4664079,4669167,147,144,learn_array_B,location-1,5
4,clp,f,21,95,90,4673856,4677102,30,144,learn_array_B,location-1,5
4,clp,f,21,93,90,4681755,4684274,112,144,learn_array_B,location-1,3
4,clp,f,21,84,90,4688890,4691476,125,144,learn_array_B,location-1,-6
4,clp,f,21,139,144,4696314,4699418,106,90,learn_array_B,location-2,-5
4,clp,f,21,142,144,4704248,4708766,4,90,learn_array_B,location-2,-2
4,clp,f,21,108,108,4713602,4716179,54,36,learn_array_A,location-2,0
4,clp,f,21,39,36,4720875,4724410,137,108,learn_array_A,location-1,3
4,clp,f,21,38,36,4729124,4732226,149,108,learn_array_A,location-1,2
4,clp,f,21,112,108,4736923,4739435,37,36,learn_array_A,location-2,4
4,clp,f,21,107,108,4744090,4748440,5,36,learn_array_A,location-2,-1
4,clp,f,21,106,108,4753182,4756647,30,36,learn_array_A,location-2,-2
4,clp,f,21,142,144,4761473,4765163,168,90,learn_array_B,location-2,-2
4,clp,f,21,37,36,4769844,4775671,70,108,learn_array_A,location-1,1
4,clp,f,21,141,144,4780447,4783907,126,90,learn_array_B,location-2,-3
4,clp,f,21,115,108,4788551,4791955,165,36,learn_array_A,location-2,7
4,clp,f,21,138,144,4796794,4799531,62,90,learn_array_B,location-2,-6
4,clp,f,21,107,108,4804152,4807643,137,36,learn_array_A,location-2,-1
4,clp,f,21,146,144,4812340,4816038,126,90,learn_array_B,location-2,2
4,clp,f,21,40,36,4820840,4824548,156,108,learn_array_A,location-1,4
4,clp,f,21,88,90,4829226,4832025,99,144,learn_array_B,location-1,-2
4,clp,f,21,148,144,4836696,4841193,25,90,learn_array_B,location-2,4
4,clp,f,21,91,90,4845842,4848210,101,144,learn_array_B,location-1,1
4,clp,f,21,40,36,4852886,4856895,30,108,learn_array_A,location-1,4
4,clp,f,21,40,36,4861608,4865531,31,108,learn_array_A,location-1,4
4,clp,f,21,36,36,4870152,4874276,44,108,learn_array_A,location-1,0
4,clp,f,21,33,36,4878942,4882345,70,108,learn_array_A,location-1,-3
4,clp,f,21,88,90,4886972,4891494,154,144,learn_array_B,location-1,-2
4,clp,f,21,106,108,4896325,4899054,104,36,learn_array_A,location-2,-2
4,clp,f,21,147,144,4903744,4907524,99,90,learn_array_B,location-2,3
4,clp,f,21,112,108,4912212,4914508,24,36,learn_array_A,location-2,4
4,clp,f,21,101,90,4919296,4922701,7,144,learn_array_B,location-1,11
block
4,clp,f,21,108,108,4985727,4993572,66,36,learn_array_A,location-2,0
4,clp,f,21,90,90,4998268,5001568,108,144,learn_array_B,location-1,0
4,clp,f,21,39,36,5006404,5009497,41,108,learn_array_A,location-1,3
4,clp,f,21,92,90,5014238,5016593,6,144,learn_array_B,location-1,2
4,clp,f,21,146,144,5021241,5023907,137,90,learn_array_B,location-2,2
4,clp,f,21,149,144,5028544,5031640,147,90,learn_array_B,location-2,5
4,clp,f,21,112,108,5036292,5038286,32,36,learn_array_A,location-2,4
4,clp,f,21,91,90,5042994,5046830,36,144,learn_array_B,location-1,1
4,clp,f,21,40,36,5051456,5055094,19,108,learn_array_A,location-1,4
4,clp,f,21,90,90,5059708,5063471,110,144,learn_array_B,location-1,0
4,clp,f,21,89,90,5068128,5070787,130,144,learn_array_B,location-1,-1
4,clp,f,21,89,90,5075419,5079935,83,144,learn_array_B,location-1,-1
4,clp,f,21,85,90,5084635,5086779,165,144,learn_array_B,location-1,-5
4,clp,f,21,36,36,5091473,5094652,133,108,learn_array_A,location-1,0
4,clp,f,21,108,108,5099327,5101692,12,36,learn_array_A,location-2,0
4,clp,f,21,140,144,5106410,5108927,69,90,learn_array_B,location-2,-4
4,clp,f,21,106,108,5113582,5116312,22,36,learn_array_A,location-2,-2
4,clp,f,21,147,144,5121028,5124790,16,90,learn_array_B,location-2,3
4,clp,f,21,37,36,5129449,5132699,127,108,learn_array_A,location-1,1
4,clp,f,21,92,144,5137438,5141121,40,90,learn_array_B,location-2,-52
4,clp,f,21,44,36,5145748,5148857,32,108,learn_array_A,location-1,8
4,clp,f,21,85,90,5153453,5155372,22,144,learn_array_B,location-1,-5
4,clp,f,21,42,36,5160171,5162686,71,108,learn_array_A,location-1,6
4,clp,f,21,153,144,5167412,5171319,155,90,learn_array_B,location-2,9
4,clp,f,21,37,108,5176062,5180424,139,36,learn_array_A,location-2,-71
4,clp,f,21,43,36,5185170,5188506,54,108,learn_array_A,location-1,7
4,clp,f,21,149,144,5193148,5196027,20,90,learn_array_B,location-2,5
4,clp,f,21,107,108,5200848,5203287,53,36,learn_array_A,location-2,-1
4,clp,f,21,105,108,5208083,5210748,105,36,learn_array_A,location-2,-3
4,clp,f,21,41,36,5215399,5217689,19,108,learn_array_A,location-1,5
4,clp,f,21,109,108,5222421,5225447,82,36,learn_array_A,location-2,1
4,clp,f,21,144,144,5230208,5232864,23,90,learn_array_B,location-2,0
block
4,clp,f,21,93,90,5324831,5328885,91,144,learn_array_B,location-1,3
4,clp,f,21,91,90,5333544,5335163,97,144,learn_array_B,location-1,1
4,clp,f,21,37,108,5339991,5342576,6,36,learn_array_A,location-2,-71
4,clp,f,21,109,108,5347304,5350046,137,36,learn_array_A,location-2,1
4,clp,f,21,37,36,5354682,5358385,165,108,learn_array_A,location-1,1
4,clp,f,21,36,36,5363077,5366038,93,108,learn_array_A,location-1,0
4,clp,f,21,88,90,5370809,5373472,9,144,learn_array_B,location-1,-2
4,clp,f,21,89,90,5378172,5382082,36,144,learn_array_B,location-1,-1
4,clp,f,21,146,144,5386873,5391891,32,90,learn_array_B,location-2,2
4,clp,f,21,152,144,5396567,5400998,172,90,learn_array_B,location-2,8
4,clp,f,21,116,108,5405743,5408330,59,36,learn_array_A,location-2,8
4,clp,f,21,40,36,5413107,5415695,55,108,learn_array_A,location-1,4
4,clp,f,21,43,36,5420388,5423495,26,108,learn_array_A,location-1,7
4,clp,f,21,92,90,5428268,5433522,82,144,learn_array_B,location-1,2
4,clp,f,21,87,90,5438238,5442811,7,144,learn_array_B,location-1,-3
4,clp,f,21,104,108,5447448,5449985,69,36,learn_array_A,location-2,-4
4,clp,f,21,150,144,5454816,5458514,171,90,learn_array_B,location-2,6
4,clp,f,21,148,144,5463228,5466474,1,90,learn_array_B,location-2,4
4,clp,f,21,40,36,5471259,5474143,83,108,learn_array_A,location-1,4
4,clp,f,21,147,144,5478735,5481981,44,90,learn_array_B,location-2,3
4,clp,f,21,38,36,5486635,5489747,37,108,learn_array_A,location-1,2
4,clp,f,21,38,36,5494483,5497221,150,108,learn_array_A,location-1,2
4,clp,f,21,147,144,5501872,5505654,37,90,learn_array_B,location-2,3
4,clp,f,21,118,108,5510351,5512787,6,36,learn_array_A,location-2,10
4,clp,f,21,149,144,5517498,5521190,29,90,learn_array_B,location-2,5
4,clp,f,21,94,90,5525916,5528635,99,144,learn_array_B,location-1,4
4,clp,f,21,150,144,5533347,5536598,80,90,learn_array_B,location-2,6
4,clp,f,21,41,36,5541390,5545017,82,108,learn_array_A,location-1,5
4,clp,f,21,87,90,5549753,5553671,174,144,learn_array_B,location-1,-3
4,clp,f,21,105,108,5558435,5560809,98,36,learn_array_A,location-2,-3
4,clp,f,21,104,108,5565522,5569298,70,36,learn_array_A,location-2,-4
4,clp,f,21,107,108,5574136,5577254,56,36,learn_array_A,location-2,-1
block
4,clp,f,21,145,144,5650558,5656311,130,90,learn_array_B,location-2,1
4,clp,f,21,89,90,5660928,5663498,31,144,learn_array_B,location-1,-1
4,clp,f,21,91,90,5668184,5670178,10,144,learn_array_B,location-1,1
4,clp,f,21,90,90,5674887,5676958,39,144,learn_array_B,location-1,0
4,clp,f,21,109,108,5681672,5685221,68,36,learn_array_A,location-2,1
4,clp,f,21,94,90,5689839,5692344,99,144,learn_array_B,location-1,4
4,clp,f,21,140,144,5697107,5699619,42,90,learn_array_B,location-2,-4
4,clp,f,21,39,36,5704265,5707225,168,108,learn_array_A,location-1,3
4,clp,f,21,40,36,5711924,5713993,132,108,learn_array_A,location-1,4
4,clp,f,21,110,108,5718825,5721192,29,36,learn_array_A,location-2,2
4,clp,f,21,41,36,5725933,5729992,167,108,learn_array_A,location-1,5
4,clp,f,21,91,90,5734608,5739563,31,144,learn_array_B,location-1,1
4,clp,f,21,31,108,5744373,5746676,161,36,learn_array_A,location-2,-77
4,clp,f,21,30,36,5751486,5755030,19,108,learn_array_A,location-1,-6
4,clp,f,21,141,144,5759693,5762511,146,90,learn_array_B,location-2,-3
4,clp,f,21,33,36,5767240,5769827,103,108,learn_array_A,location-1,-3
4,clp,f,21,147,144,5774452,5779169,160,90,learn_array_B,location-2,3
4,clp,f,21,115,108,5783930,5787634,158,36,learn_array_A,location-2,7
4,clp,f,21,93,90,5792418,5795239,113,144,learn_array_B,location-1,3
4,clp,f,21,108,108,5799938,5803410,90,36,learn_array_A,location-2,0
4,clp,f,21,95,90,5808072,5810212,35,144,learn_array_B,location-1,5
4,clp,f,21,109,108,5814957,5818438,9,36,learn_array_A,location-2,1
4,clp,f,21,38,36,5823152,5825292,42,108,learn_array_A,location-1,2
4,clp,f,21,145,144,5829970,5834622,63,90,learn_array_B,location-2,1
4,clp,f,21,40,36,5839365,5841727,162,108,learn_array_A,location-1,4
4,clp,f,21,36,36,5846457,5849117,42,108,learn_array_A,location-1,0
4,clp,f,21,146,144,5853833,5857162,2,90,learn_array_B,location-2,2
4,clp,f,21,90,90,5861992,5864281,8,144,learn_array_B,location-1,0
4,clp,f,21,110,108,5868998,5872560,21,36,learn_array_A,location-2,2
4,clp,f,21,145,144,5877382,5881013,127,90,learn_array_B,location-2,1
4,clp,f,21,144,144,5885684,5889611,114,90,learn_array_B,location-2,0
4,clp,f,21,110,108,5894434,5897774,169,36,learn_array_A,location-2,2
block
