subj,name,gender,age,col_resp,target_angle,start_time,resp_time,start_angle,other_angle,learn_array,location,d_value
5,zjw,f,20,67,72,110036,115522,6,54,learn_array_A,location-2,-5
5,zjw,f,20,107,108,120216,123943,120,144,learn_array_B,location-2,-1
5,zjw,f,20,54,54,128774,132662,99,72,learn_array_A,location-1,0
5,zjw,f,20,52,54,137316,144284,115,72,learn_array_A,location-1,-2
5,zjw,f,20,112,108,149062,152663,153,144,learn_array_B,location-2,4
5,zjw,f,20,68,72,157371,166706,40,54,learn_array_A,location-2,-4
5,zjw,f,20,51,54,171406,175513,25,72,learn_array_A,location-1,-3
5,zjw,f,20,138,144,180276,183706,120,108,learn_array_B,location-1,-6
5,zjw,f,20,144,144,188434,192614,31,108,learn_array_B,location-1,0
5,zjw,f,20,55,54,197445,200145,98,72,learn_array_A,location-1,1
5,zjw,f,20,142,144,204811,210009,154,108,learn_array_B,location-1,-2
5,zjw,f,20,131,108,214785,219032,77,144,learn_array_B,location-2,23
5,zjw,f,20,143,144,223671,229499,46,108,learn_array_B,location-1,-1
5,zjw,f,20,103,108,234122,237344,6,144,learn_array_B,location-2,-5
5,zjw,f,20,105,108,242048,246791,163,144,learn_array_B,location-2,-3
5,zjw,f,20,52,54,251419,255596,0,72,learn_array_A,location-1,-2
5,zjw,f,20,65,72,260261,267117,99,54,learn_array_A,location-2,-7
5,zjw,f,20,104,108,271821,276361,61,144,learn_array_B,location-2,-4
5,zjw,f,20,48,54,280969,287685,151,72,learn_array_A,location-1,-6
5,zjw,f,20,141,144,292310,295755,118,108,learn_array_B,location-1,-3
5,zjw,f,20,82,72,300522,304825,103,54,learn_array_A,location-2,10
5,zjw,f,20,84,54,309437,313252,3,72,learn_array_A,location-1,30
5,zjw,f,20,142,144,317873,326686,35,108,learn_array_B,location-1,-2
5,zjw,f,20,86,72,331281,336547,82,54,learn_array_A,location-2,14
5,zjw,f,20,72,72,341182,345506,119,54,learn_array_A,location-2,0
5,zjw,f,20,78,72,350108,354416,160,54,learn_array_A,location-2,6
5,zjw,f,20,105,108,359145,364065,25,144,learn_array_B,location-2,-3
5,zjw,f,20,141,144,368791,375016,131,108,learn_array_B,location-1,-3
5,zjw,f,20,72,72,379732,383845,129,54,learn_array_A,location-2,0
5,zjw,f,20,48,54,388495,396624,108,72,learn_array_A,location-1,-6
5,zjw,f,20,102,108,401283,409775,83,144,learn_array_B,location-2,-6
5,zjw,f,20,142,144,414560,425110,137,108,learn_array_B,location-1,-2
block
5,zjw,f,20,104,108,462928,465339,22,144,learn_array_B,location-2,-4
5,zjw,f,20,108,108,470175,474342,19,144,learn_array_B,location-2,0
5,zjw,f,20,139,144,479147,485215,9,108,learn_array_B,location-1,-5
5,zjw,f,20,105,108,489979,497994,132,144,learn_array_B,location-2,-3
5,zjw,f,20,50,54,502684,508071,122,72,learn_array_A,location-1,-4
5,zjw,f,20,139,144,512894,520483,75,108,learn_array_B,location-1,-5
5,zjw,f,20,95,72,525247,535901,65,54,learn_array_A,location-2,23
5,zjw,f,20,48,54,540712,545729,0,72,learn_array_A,location-1,-6
5,zjw,f,20,138,144,550519,555984,106,108,learn_array_B,location-1,-6
5,zjw,f,20,48,54,560762,565282,151,72,learn_array_A,location-1,-6
5,zjw,f,20,141,144,570069,579561,57,108,learn_array_B,location-1,-3
5,zjw,f,20,51,54,584228,588954,58,72,learn_array_A,location-1,-3
5,zjw,f,20,50,54,593679,599810,99,72,learn_array_A,location-1,-4
5,zjw,f,20,107,108,604483,607742,130,144,learn_array_B,location-2,-1
5,zjw,f,20,142,144,612436,618367,108,108,learn_array_B,location-1,-2
5,zjw,f,20,141,144,622965,627539,50,108,learn_array_B,location-1,-3
5,zjw,f,20,47,54,632167,636388,110,72,learn_array_A,location-1,-7
5,zjw,f,20,105,108,641204,647040,162,144,learn_array_B,location-2,-3
5,zjw,f,20,89,72,651737,660440,34,54,learn_array_A,location-2,17
5,zjw,f,20,109,108,665156,668254,172,144,learn_array_B,location-2,1
5,zjw,f,20,52,54,673076,677128,40,72,learn_array_A,location-1,-2
5,zjw,f,20,78,72,681846,684728,139,54,learn_array_A,location-2,6
5,zjw,f,20,82,72,689318,695227,148,54,learn_array_A,location-2,10
5,zjw,f,20,79,72,699859,703916,146,54,learn_array_A,location-2,7
5,zjw,f,20,51,54,708661,711469,23,72,learn_array_A,location-1,-3
5,zjw,f,20,141,144,716239,720045,127,108,learn_array_B,location-1,-3
5,zjw,f,20,78,72,724860,729772,139,54,learn_array_A,location-2,6
5,zjw,f,20,82,72,734394,743048,36,54,learn_array_A,location-2,10
5,zjw,f,20,143,144,747798,752341,125,108,learn_array_B,location-1,-1
5,zjw,f,20,109,108,757177,763066,132,144,learn_array_B,location-2,1
5,zjw,f,20,113,108,767755,773350,42,144,learn_array_B,location-2,5
5,zjw,f,20,75,72,777974,781433,34,54,learn_array_A,location-2,3
block
5,zjw,f,20,50,54,789216,792212,119,72,learn_array_A,location-1,-4
5,zjw,f,20,120,108,796882,801293,91,144,learn_array_B,location-2,12
5,zjw,f,20,48,54,806106,809414,151,72,learn_array_A,location-1,-6
5,zjw,f,20,79,72,814136,817076,12,54,learn_array_A,location-2,7
5,zjw,f,20,80,72,821842,824998,39,54,learn_array_A,location-2,8
5,zjw,f,20,84,72,829835,832776,86,54,learn_array_A,location-2,12
5,zjw,f,20,47,54,837580,841105,40,72,learn_array_A,location-1,-7
5,zjw,f,20,142,144,845716,849234,44,108,learn_array_B,location-1,-2
5,zjw,f,20,83,72,854000,859641,27,54,learn_array_A,location-2,11
5,zjw,f,20,142,144,864405,868831,154,108,learn_array_B,location-1,-2
5,zjw,f,20,112,108,873631,878415,21,144,learn_array_B,location-2,4
5,zjw,f,20,141,144,883090,886779,25,108,learn_array_B,location-1,-3
5,zjw,f,20,48,54,891519,894846,100,72,learn_array_A,location-1,-6
5,zjw,f,20,109,108,899651,903858,74,144,learn_array_B,location-2,1
5,zjw,f,20,49,54,908674,914197,155,72,learn_array_A,location-1,-5
5,zjw,f,20,108,108,918861,921813,83,144,learn_array_B,location-2,0
5,zjw,f,20,106,108,926590,932857,30,144,learn_array_B,location-2,-2
5,zjw,f,20,78,72,937615,940856,56,54,learn_array_A,location-2,6
5,zjw,f,20,103,108,945484,950324,101,144,learn_array_B,location-2,-5
5,zjw,f,20,141,144,955204,957786,19,108,learn_array_B,location-1,-3
5,zjw,f,20,107,108,962526,965291,63,144,learn_array_B,location-2,-1
5,zjw,f,20,53,54,970184,973850,125,72,learn_array_A,location-1,-1
5,zjw,f,20,141,144,978457,981392,24,108,learn_array_B,location-1,-3
5,zjw,f,20,94,72,986118,991902,29,54,learn_array_A,location-2,22
5,zjw,f,20,50,54,996579,1004877,45,72,learn_array_A,location-1,-4
5,zjw,f,20,78,72,1009523,1013637,45,54,learn_array_A,location-2,6
5,zjw,f,20,144,144,1018424,1022468,160,108,learn_array_B,location-1,0
5,zjw,f,20,142,144,1027118,1032044,40,108,learn_array_B,location-1,-2
5,zjw,f,20,76,72,1036712,1041336,45,54,learn_array_A,location-2,4
5,zjw,f,20,144,144,1045975,1049201,151,108,learn_array_B,location-1,0
5,zjw,f,20,49,54,1053824,1059913,16,72,learn_array_A,location-1,-5
5,zjw,f,20,109,108,1064647,1068415,49,144,learn_array_B,location-2,1
block
5,zjw,f,20,81,72,1074944,1085773,57,54,learn_array_A,location-2,9
5,zjw,f,20,142,144,1090507,1093678,138,108,learn_array_B,location-1,-2
5,zjw,f,20,83,72,1098382,1103033,126,54,learn_array_A,location-2,11
5,zjw,f,20,50,54,1107744,1111650,171,72,learn_array_A,location-1,-4
5,zjw,f,20,142,144,1116422,1121060,67,108,learn_array_B,location-1,-2
5,zjw,f,20,51,54,1125697,1136784,80,72,learn_array_A,location-1,-3
5,zjw,f,20,107,108,1141404,1149349,59,144,learn_array_B,location-2,-1
5,zjw,f,20,143,144,1154091,1156829,104,108,learn_array_B,location-1,-1
5,zjw,f,20,108,108,1161502,1167831,134,144,learn_array_B,location-2,0
5,zjw,f,20,105,108,1172632,1181192,56,144,learn_array_B,location-2,-3
5,zjw,f,20,48,54,1185838,1192679,26,72,learn_array_A,location-1,-6
5,zjw,f,20,87,72,1197443,1206357,178,54,learn_array_A,location-2,15
5,zjw,f,20,105,108,1211029,1216396,19,144,learn_array_B,location-2,-3
5,zjw,f,20,139,144,1221021,1223825,171,108,learn_array_B,location-1,-5
5,zjw,f,20,54,54,1228616,1233715,160,72,learn_array_A,location-1,0
5,zjw,f,20,145,144,1238512,1242488,101,108,learn_array_B,location-1,1
5,zjw,f,20,77,72,1247189,1253474,173,54,learn_array_A,location-2,5
5,zjw,f,20,105,108,1258064,1262555,92,144,learn_array_B,location-2,-3
5,zjw,f,20,74,72,1267366,1276808,97,54,learn_array_A,location-2,2
5,zjw,f,20,51,54,1281404,1286936,78,72,learn_array_A,location-1,-3
5,zjw,f,20,78,72,1291710,1297072,37,54,learn_array_A,location-2,6
5,zjw,f,20,54,54,1301703,1305311,58,72,learn_array_A,location-1,0
5,zjw,f,20,143,144,1310061,1315229,71,108,learn_array_B,location-1,-1
5,zjw,f,20,145,144,1319983,1326390,77,108,learn_array_B,location-1,1
5,zjw,f,20,74,72,1331214,1339094,108,54,learn_array_A,location-2,2
5,zjw,f,20,53,54,1343884,1349869,17,72,learn_array_A,location-1,-1
5,zjw,f,20,106,108,1354677,1361842,41,144,learn_array_B,location-2,-2
5,zjw,f,20,79,72,1366477,1372017,137,54,learn_array_A,location-2,7
5,zjw,f,20,54,54,1376779,1381642,18,72,learn_array_A,location-1,0
5,zjw,f,20,108,108,1386383,1392221,46,144,learn_array_B,location-2,0
5,zjw,f,20,143,144,1397000,1400831,108,108,learn_array_B,location-1,-1
5,zjw,f,20,109,108,1405556,1409105,29,144,learn_array_B,location-2,1
block
5,zjw,f,20,142,144,1415728,1421292,146,108,learn_array_B,location-1,-2
5,zjw,f,20,110,108,1425935,1429835,44,144,learn_array_B,location-2,2
5,zjw,f,20,142,144,1434490,1440895,158,108,learn_array_B,location-1,-2
5,zjw,f,20,55,54,1445543,1448795,57,72,learn_array_A,location-1,1
5,zjw,f,20,52,54,1453401,1458875,177,72,learn_array_A,location-1,-2
5,zjw,f,20,106,108,1463561,1467318,139,144,learn_array_B,location-2,-2
5,zjw,f,20,80,72,1471987,1486524,132,54,learn_array_A,location-2,8
5,zjw,f,20,55,54,1491166,1495746,6,72,learn_array_A,location-1,1
5,zjw,f,20,54,54,1500471,1504751,117,72,learn_array_A,location-1,0
5,zjw,f,20,144,144,1509498,1513691,8,108,learn_array_B,location-1,0
5,zjw,f,20,52,54,1518511,1523700,171,72,learn_array_A,location-1,-2
5,zjw,f,20,105,108,1528491,1533943,172,144,learn_array_B,location-2,-3
5,zjw,f,20,105,108,1538539,1542817,175,144,learn_array_B,location-2,-3
5,zjw,f,20,84,72,1547622,1554172,149,54,learn_array_A,location-2,12
5,zjw,f,20,104,108,1558763,1568361,158,144,learn_array_B,location-2,-4
5,zjw,f,20,74,72,1573097,1578270,135,54,learn_array_A,location-2,2
5,zjw,f,20,103,108,1582932,1586470,92,144,learn_array_B,location-2,-5
5,zjw,f,20,104,108,1591240,1594799,64,144,learn_array_B,location-2,-4
5,zjw,f,20,139,144,1599518,1604227,8,108,learn_array_B,location-1,-5
5,zjw,f,20,53,54,1608905,1613432,31,72,learn_array_A,location-1,-1
5,zjw,f,20,144,144,1618234,1622948,1,108,learn_array_B,location-1,0
5,zjw,f,20,74,72,1627734,1632168,124,54,learn_array_A,location-2,2
5,zjw,f,20,55,54,1636997,1642240,33,72,learn_array_A,location-1,1
5,zjw,f,20,76,72,1646959,1652345,7,54,learn_array_A,location-2,4
5,zjw,f,20,80,72,1656992,1664460,50,54,learn_array_A,location-2,8
5,zjw,f,20,101,108,1669211,1675787,102,144,learn_array_B,location-2,-7
5,zjw,f,20,145,144,1680442,1683909,172,108,learn_array_B,location-1,1
5,zjw,f,20,55,54,1688719,1694266,35,72,learn_array_A,location-1,1
5,zjw,f,20,82,72,1699024,1702855,45,54,learn_array_A,location-2,10
5,zjw,f,20,78,72,1707665,1714531,157,54,learn_array_A,location-2,6
5,zjw,f,20,143,144,1719312,1723661,20,108,learn_array_B,location-1,-1
5,zjw,f,20,145,144,1728278,1735965,93,108,learn_array_B,location-1,1
block
5,zjw,f,20,82,72,1742895,1746248,37,54,learn_array_A,location-2,10
5,zjw,f,20,54,54,1751012,1757058,132,72,learn_array_A,location-1,0
5,zjw,f,20,77,72,1761749,1767501,168,54,learn_array_A,location-2,5
5,zjw,f,20,54,54,1772235,1775848,76,72,learn_array_A,location-1,0
5,zjw,f,20,104,108,1780661,1785088,14,144,learn_array_B,location-2,-4
5,zjw,f,20,79,72,1789681,1796533,15,54,learn_array_A,location-2,7
5,zjw,f,20,75,72,1801302,1805640,106,54,learn_array_A,location-2,3
5,zjw,f,20,142,144,1810265,1814695,25,108,learn_array_B,location-1,-2
5,zjw,f,20,74,72,1819391,1824779,137,54,learn_array_A,location-2,2
5,zjw,f,20,109,108,1829590,1832380,8,144,learn_array_B,location-2,1
5,zjw,f,20,146,54,1837058,1841790,143,72,learn_array_A,location-1,-88
5,zjw,f,20,145,144,1846443,1850873,101,108,learn_array_B,location-1,1
5,zjw,f,20,112,108,1855510,1858376,145,144,learn_array_B,location-2,4
5,zjw,f,20,74,72,1862971,1868052,92,54,learn_array_A,location-2,2
5,zjw,f,20,144,144,1872844,1877188,154,108,learn_array_B,location-1,0
5,zjw,f,20,104,108,1881849,1889643,39,144,learn_array_B,location-2,-4
5,zjw,f,20,79,72,1894353,1896996,79,54,learn_array_A,location-2,7
5,zjw,f,20,144,144,1901623,1907081,40,108,learn_array_B,location-1,0
5,zjw,f,20,143,144,1911798,1915265,85,108,learn_array_B,location-1,-1
5,zjw,f,20,107,108,1919939,1925240,72,144,learn_array_B,location-2,-1
5,zjw,f,20,76,72,1929960,1932901,88,54,learn_array_A,location-2,4
5,zjw,f,20,53,54,1937636,1941312,179,72,learn_array_A,location-1,-1
5,zjw,f,20,105,108,1946028,1951109,52,144,learn_array_B,location-2,-3
5,zjw,f,20,107,108,1955919,1959363,45,144,learn_array_B,location-2,-1
5,zjw,f,20,55,54,1964151,1968950,161,72,learn_array_A,location-1,1
5,zjw,f,20,55,54,1973551,1979877,0,72,learn_array_A,location-1,1
5,zjw,f,20,147,144,1984681,1990196,114,108,learn_array_B,location-1,3
5,zjw,f,20,54,54,1994905,1998142,36,72,learn_array_A,location-1,0
5,zjw,f,20,54,54,2002770,2006518,126,72,learn_array_A,location-1,0
5,zjw,f,20,146,144,2011208,2018131,129,108,learn_array_B,location-1,2
5,zjw,f,20,146,144,2022898,2028634,92,108,learn_array_B,location-1,2
5,zjw,f,20,108,108,2033254,2036353,34,144,learn_array_B,location-2,0
block
5,zjw,f,20,54,54,2043360,2048043,161,72,learn_array_A,location-1,0
5,zjw,f,20,109,108,2052656,2055892,3,144,learn_array_B,location-2,1
5,zjw,f,20,77,72,2060682,2065889,172,54,learn_array_A,location-2,5
5,zjw,f,20,107,108,2070564,2075714,150,144,learn_array_B,location-2,-1
5,zjw,f,20,108,108,2080398,2085027,31,144,learn_array_B,location-2,0
5,zjw,f,20,76,72,2089759,2093869,64,54,learn_array_A,location-2,4
5,zjw,f,20,147,144,2098543,2101334,135,108,learn_array_B,location-1,3
5,zjw,f,20,146,144,2105969,2110160,178,108,learn_array_B,location-1,2
5,zjw,f,20,149,144,2114888,2119137,14,108,learn_array_B,location-1,5
5,zjw,f,20,57,54,2123738,2129002,22,72,learn_array_A,location-1,3
5,zjw,f,20,76,72,2133669,2138440,7,54,learn_array_A,location-2,4
5,zjw,f,20,55,54,2143104,2146504,136,72,learn_array_A,location-1,1
5,zjw,f,20,106,108,2151110,2155753,41,144,learn_array_B,location-2,-2
5,zjw,f,20,55,54,2160351,2165817,125,72,learn_array_A,location-1,1
5,zjw,f,20,144,144,2170488,2174917,70,108,learn_array_B,location-1,0
5,zjw,f,20,56,54,2179583,2184515,13,72,learn_array_A,location-1,2
5,zjw,f,20,56,54,2189240,2196102,156,72,learn_array_A,location-1,2
5,zjw,f,20,101,108,2200800,2204988,94,144,learn_array_B,location-2,-7
5,zjw,f,20,100,108,2209625,2213914,3,144,learn_array_B,location-2,-8
5,zjw,f,20,143,144,2218576,2222483,102,108,learn_array_B,location-1,-1
5,zjw,f,20,109,108,2227255,2229769,46,144,learn_array_B,location-2,1
5,zjw,f,20,140,144,2234434,2243868,52,108,learn_array_B,location-1,-4
5,zjw,f,20,143,144,2248495,2252841,163,108,learn_array_B,location-1,-1
5,zjw,f,20,54,54,2257569,2261264,119,72,learn_array_A,location-1,0
5,zjw,f,20,142,144,2265916,2269165,101,108,learn_array_B,location-1,-2
5,zjw,f,20,76,72,2273829,2276338,123,54,learn_array_A,location-2,4
5,zjw,f,20,57,54,2281106,2285160,171,72,learn_array_A,location-1,3
5,zjw,f,20,78,72,2289875,2292834,130,54,learn_array_A,location-2,6
5,zjw,f,20,80,72,2297559,2301480,179,54,learn_array_A,location-2,8
5,zjw,f,20,77,72,2306202,2309823,152,54,learn_array_A,location-2,5
5,zjw,f,20,106,108,2314520,2319395,157,144,learn_array_B,location-2,-2
5,zjw,f,20,78,72,2324040,2329922,79,54,learn_array_A,location-2,6
block
5,zjw,f,20,145,144,2351328,2356446,50,108,learn_array_B,location-1,1
5,zjw,f,20,76,72,2361036,2366542,162,54,learn_array_A,location-2,4
5,zjw,f,20,78,72,2371292,2374905,26,54,learn_array_A,location-2,6
5,zjw,f,20,54,54,2379733,2384211,86,72,learn_array_A,location-1,0
5,zjw,f,20,105,108,2388969,2396376,121,144,learn_array_B,location-2,-3
5,zjw,f,20,79,72,2400971,2404562,44,54,learn_array_A,location-2,7
5,zjw,f,20,143,144,2409253,2412782,133,108,learn_array_B,location-1,-1
5,zjw,f,20,76,72,2417380,2423623,146,54,learn_array_A,location-2,4
5,zjw,f,20,82,72,2428373,2431444,35,54,learn_array_A,location-2,10
5,zjw,f,20,142,144,2436146,2441435,41,108,learn_array_B,location-1,-2
5,zjw,f,20,145,144,2446112,2449347,159,108,learn_array_B,location-1,1
5,zjw,f,20,54,54,2454032,2460697,93,72,learn_array_A,location-1,0
5,zjw,f,20,145,144,2465520,2469714,121,108,learn_array_B,location-1,1
5,zjw,f,20,106,108,2474318,2478054,27,144,learn_array_B,location-2,-2
5,zjw,f,20,55,54,2482831,2488827,63,72,learn_array_A,location-1,1
5,zjw,f,20,106,108,2493617,2498551,110,144,learn_array_B,location-2,-2
5,zjw,f,20,55,54,2503284,2506740,81,72,learn_array_A,location-1,1
5,zjw,f,20,107,108,2511370,2514670,169,144,learn_array_B,location-2,-1
5,zjw,f,20,54,54,2519292,2528168,144,72,learn_array_A,location-1,0
5,zjw,f,20,104,108,2532839,2535622,0,144,learn_array_B,location-2,-4
5,zjw,f,20,52,54,2540272,2544251,128,72,learn_array_A,location-1,-2
5,zjw,f,20,72,54,2548953,2553491,107,72,learn_array_A,location-1,18
5,zjw,f,20,101,108,2558217,2561592,68,144,learn_array_B,location-2,-7
5,zjw,f,20,145,144,2566231,2568733,155,108,learn_array_B,location-1,1
5,zjw,f,20,78,72,2573462,2577720,177,54,learn_array_A,location-2,6
5,zjw,f,20,55,54,2582418,2587775,27,72,learn_array_A,location-1,1
5,zjw,f,20,101,108,2592587,2597570,72,144,learn_array_B,location-2,-7
5,zjw,f,20,75,72,2602406,2610467,142,54,learn_array_A,location-2,3
5,zjw,f,20,78,72,2615300,2618753,86,54,learn_array_A,location-2,6
5,zjw,f,20,144,144,2623571,2630465,33,108,learn_array_B,location-1,0
5,zjw,f,20,144,144,2635100,2639345,56,108,learn_array_B,location-1,0
5,zjw,f,20,106,108,2644001,2650389,75,144,learn_array_B,location-2,-2
block
5,zjw,f,20,53,54,2718768,2724402,177,72,learn_array_A,location-1,-1
5,zjw,f,20,81,72,2729136,2733902,33,54,learn_array_A,location-2,9
5,zjw,f,20,52,54,2738528,2743075,130,72,learn_array_A,location-1,-2
5,zjw,f,20,142,144,2747892,2752528,86,108,learn_array_B,location-1,-2
5,zjw,f,20,54,54,2757354,2765651,49,72,learn_array_A,location-1,0
5,zjw,f,20,104,108,2770307,2774938,71,144,learn_array_B,location-2,-4
5,zjw,f,20,75,72,2779749,2785336,173,54,learn_array_A,location-2,3
5,zjw,f,20,56,54,2789971,2796131,102,72,learn_array_A,location-1,2
5,zjw,f,20,55,54,2800779,2805126,90,72,learn_array_A,location-1,1
5,zjw,f,20,147,144,2809965,2814025,107,108,learn_array_B,location-1,3
5,zjw,f,20,76,72,2818704,2825031,72,54,learn_array_A,location-2,4
5,zjw,f,20,105,108,2829805,2839962,140,144,learn_array_B,location-2,-3
5,zjw,f,20,104,108,2844612,2849839,91,144,learn_array_B,location-2,-4
5,zjw,f,20,106,108,2854615,2858442,88,144,learn_array_B,location-2,-2
5,zjw,f,20,143,144,2863103,2877866,65,108,learn_array_B,location-1,-1
5,zjw,f,20,77,72,2882495,2887127,45,54,learn_array_A,location-2,5
5,zjw,f,20,143,144,2891959,2899231,142,108,learn_array_B,location-1,-1
5,zjw,f,20,113,108,2904015,2907321,22,144,learn_array_B,location-2,5
5,zjw,f,20,109,108,2912148,2915759,148,144,learn_array_B,location-2,1
5,zjw,f,20,73,72,2920421,2927341,101,54,learn_array_A,location-2,1
5,zjw,f,20,145,144,2931998,2936920,121,108,learn_array_B,location-1,1
5,zjw,f,20,56,54,2941592,2945857,120,72,learn_array_A,location-1,2
5,zjw,f,20,77,72,2950513,2958431,1,54,learn_array_A,location-2,5
5,zjw,f,20,75,72,2963156,2967195,38,54,learn_array_A,location-2,3
5,zjw,f,20,145,144,2972016,2977824,78,108,learn_array_B,location-1,1
5,zjw,f,20,111,108,2982572,2987064,134,144,learn_array_B,location-2,3
5,zjw,f,20,76,72,2991709,2995093,114,54,learn_array_A,location-2,4
5,zjw,f,20,56,54,2999774,3006229,169,72,learn_array_A,location-1,2
5,zjw,f,20,143,144,3010964,3019343,49,108,learn_array_B,location-1,-1
5,zjw,f,20,108,108,3024039,3030140,142,144,learn_array_B,location-2,0
5,zjw,f,20,143,144,3034952,3039742,175,108,learn_array_B,location-1,-1
5,zjw,f,20,56,54,3044565,3057863,112,72,learn_array_A,location-1,2
block
5,zjw,f,20,108,108,3064496,3067067,102,144,learn_array_B,location-2,0
5,zjw,f,20,146,144,3071687,3083800,160,108,learn_array_B,location-1,2
5,zjw,f,20,56,54,3088502,3092533,101,72,learn_array_A,location-1,2
5,zjw,f,20,79,72,3097199,3100427,149,54,learn_array_A,location-2,7
5,zjw,f,20,53,54,3105062,3110198,101,72,learn_array_A,location-1,-1
5,zjw,f,20,109,108,3114818,3117694,134,144,learn_array_B,location-2,1
5,zjw,f,20,77,72,3122285,3125591,129,54,learn_array_A,location-2,5
5,zjw,f,20,85,72,3130242,3137726,80,54,learn_array_A,location-2,13
5,zjw,f,20,109,108,3142320,3146222,28,144,learn_array_B,location-2,1
5,zjw,f,20,143,144,3151019,3155817,25,108,learn_array_B,location-1,-1
5,zjw,f,20,55,54,3160592,3166692,1,72,learn_array_A,location-1,1
5,zjw,f,20,144,144,3171314,3177202,159,108,learn_array_B,location-1,0
5,zjw,f,20,115,108,3182015,3184297,65,144,learn_array_B,location-2,7
5,zjw,f,20,143,144,3188895,3193074,51,108,learn_array_B,location-1,-1
5,zjw,f,20,57,54,3197833,3201731,77,72,learn_array_A,location-1,3
5,zjw,f,20,106,108,3206394,3211327,75,144,learn_array_B,location-2,-2
5,zjw,f,20,142,144,3216072,3221874,109,108,learn_array_B,location-1,-2
5,zjw,f,20,79,72,3226595,3233428,80,54,learn_array_A,location-2,7
5,zjw,f,20,107,108,3238240,3242657,39,144,learn_array_B,location-2,-1
5,zjw,f,20,56,54,3247366,3252584,1,72,learn_array_A,location-1,2
5,zjw,f,20,144,144,3257300,3260830,113,108,learn_array_B,location-1,0
5,zjw,f,20,56,54,3265542,3271793,24,72,learn_array_A,location-1,2
5,zjw,f,20,55,54,3276469,3279181,31,72,learn_array_A,location-1,1
5,zjw,f,20,78,72,3284019,3288353,88,54,learn_array_A,location-2,6
5,zjw,f,20,143,144,3293179,3297437,132,108,learn_array_B,location-1,-1
5,zjw,f,20,77,72,3302052,3313704,171,54,learn_array_A,location-2,5
5,zjw,f,20,79,72,3318340,3324219,5,54,learn_array_A,location-2,7
5,zjw,f,20,108,108,3329054,3331637,77,144,learn_array_B,location-2,0
5,zjw,f,20,55,54,3336426,3342656,112,72,learn_array_A,location-1,1
5,zjw,f,20,82,72,3347255,3352692,35,54,learn_array_A,location-2,10
5,zjw,f,20,105,108,3357301,3361487,169,144,learn_array_B,location-2,-3
5,zjw,f,20,143,144,3366192,3369568,120,108,learn_array_B,location-1,-1
block
5,zjw,f,20,56,54,3375951,3380497,137,72,learn_array_A,location-1,2
5,zjw,f,20,113,144,3385233,3388319,2,108,learn_array_B,location-1,-31
5,zjw,f,20,110,108,3393060,3397176,72,144,learn_array_B,location-2,2
5,zjw,f,20,54,54,3401983,3405521,72,72,learn_array_A,location-1,0
5,zjw,f,20,111,108,3410201,3413947,27,144,learn_array_B,location-2,3
5,zjw,f,20,143,144,3418624,3426460,35,108,learn_array_B,location-1,-1
5,zjw,f,20,53,54,3431228,3434826,166,72,learn_array_A,location-1,-1
5,zjw,f,20,109,108,3439493,3444703,140,144,learn_array_B,location-2,1
5,zjw,f,20,77,72,3449490,3453899,58,54,learn_array_A,location-2,5
5,zjw,f,20,76,72,3458672,3464020,115,54,learn_array_A,location-2,4
5,zjw,f,20,143,144,3468840,3471710,83,108,learn_array_B,location-1,-1
5,zjw,f,20,105,108,3476517,3480271,39,144,learn_array_B,location-2,-3
5,zjw,f,20,60,54,3485096,3490396,39,72,learn_array_A,location-1,6
5,zjw,f,20,145,144,3495206,3502770,66,108,learn_array_B,location-1,1
5,zjw,f,20,57,54,3507393,3511743,67,72,learn_array_A,location-1,3
5,zjw,f,20,104,108,3516471,3520000,179,144,learn_array_B,location-2,-4
5,zjw,f,20,145,144,3524725,3528562,158,108,learn_array_B,location-1,1
5,zjw,f,20,56,54,3533214,3538655,24,72,learn_array_A,location-1,2
5,zjw,f,20,78,72,3543280,3549445,42,54,learn_array_A,location-2,6
5,zjw,f,20,106,108,3554232,3557700,79,144,learn_array_B,location-2,-2
5,zjw,f,20,57,54,3562349,3566606,103,72,learn_array_A,location-1,3
5,zjw,f,20,143,144,3571422,3574661,90,108,learn_array_B,location-1,-1
5,zjw,f,20,75,72,3579347,3582801,7,54,learn_array_A,location-2,3
5,zjw,f,20,73,72,3587533,3590024,12,54,learn_array_A,location-2,1
5,zjw,f,20,70,72,3594828,3598277,18,54,learn_array_A,location-2,-2
5,zjw,f,20,146,144,3603000,3608572,97,108,learn_array_B,location-1,2
5,zjw,f,20,74,72,3613185,3617440,57,54,learn_array_A,location-2,2
5,zjw,f,20,107,108,3622054,3626896,3,144,learn_array_B,location-2,-1
5,zjw,f,20,56,54,3631612,3637424,138,72,learn_array_A,location-1,2
5,zjw,f,20,71,72,3642061,3645802,166,54,learn_array_A,location-2,-1
5,zjw,f,20,144,144,3650456,3655317,35,108,learn_array_B,location-1,0
5,zjw,f,20,106,108,3660066,3664687,100,144,learn_array_B,location-2,-2
block
5,zjw,f,20,57,54,3671536,3675786,51,72,learn_array_A,location-1,3
5,zjw,f,20,71,72,3680465,3684992,45,54,learn_array_A,location-2,-1
5,zjw,f,20,59,54,3689593,3695351,50,72,learn_array_A,location-1,5
5,zjw,f,20,53,54,3700223,3706565,105,72,learn_array_A,location-1,-1
5,zjw,f,20,109,108,3711262,3717722,26,144,learn_array_B,location-2,1
5,zjw,f,20,144,144,3722319,3725848,92,108,learn_array_B,location-1,0
5,zjw,f,20,142,144,3730624,3733491,70,108,learn_array_B,location-1,-2
5,zjw,f,20,145,144,3738256,3742226,130,108,learn_array_B,location-1,1
5,zjw,f,20,111,108,3746937,3749364,148,144,learn_array_B,location-2,3
5,zjw,f,20,110,108,3754048,3757137,80,144,learn_array_B,location-2,2
5,zjw,f,20,145,144,3761777,3764793,91,108,learn_array_B,location-1,1
5,zjw,f,20,107,108,3769471,3799703,165,144,learn_array_B,location-2,-1
5,zjw,f,20,68,72,3804364,3808200,78,54,learn_array_A,location-2,-4
5,zjw,f,20,144,144,3812857,3815423,147,108,learn_array_B,location-1,0
5,zjw,f,20,67,72,3820219,3823747,103,54,learn_array_A,location-2,-5
5,zjw,f,20,73,72,3828488,3832753,134,54,learn_array_A,location-2,1
5,zjw,f,20,107,108,3837350,3841555,172,144,learn_array_B,location-2,-1
5,zjw,f,20,71,72,3846154,3854096,134,54,learn_array_A,location-2,-1
5,zjw,f,20,141,144,3858895,3862277,54,108,learn_array_B,location-1,-3
5,zjw,f,20,72,72,3867033,3870198,152,54,learn_array_A,location-2,0
5,zjw,f,20,55,54,3875030,3879062,1,72,learn_array_A,location-1,1
5,zjw,f,20,112,108,3883797,3886144,179,144,learn_array_B,location-2,4
5,zjw,f,20,55,54,3890767,3896802,144,72,learn_array_A,location-1,1
5,zjw,f,20,53,54,3901516,3904968,122,72,learn_array_A,location-1,-1
5,zjw,f,20,144,144,3909768,3914848,108,108,learn_array_B,location-1,0
5,zjw,f,20,108,108,3919613,3922851,178,144,learn_array_B,location-2,0
5,zjw,f,20,71,72,3927636,3930800,105,54,learn_array_A,location-2,-1
5,zjw,f,20,71,72,3935621,3938777,114,54,learn_array_A,location-2,-1
5,zjw,f,20,55,54,3943412,3948397,129,72,learn_array_A,location-1,1
5,zjw,f,20,107,108,3953118,3957453,9,144,learn_array_B,location-2,-1
5,zjw,f,20,52,54,3962091,3966560,96,72,learn_array_A,location-1,-2
5,zjw,f,20,144,144,3971175,3975148,51,108,learn_array_B,location-1,0
block
5,zjw,f,20,109,108,3981808,3985466,100,144,learn_array_B,location-2,1
5,zjw,f,20,54,54,3990244,3995057,154,72,learn_array_A,location-1,0
5,zjw,f,20,74,72,3999824,4002833,59,54,learn_array_A,location-2,2
5,zjw,f,20,71,72,4007456,4011789,104,54,learn_array_A,location-2,-1
5,zjw,f,20,107,108,4016520,4020196,34,144,learn_array_B,location-2,-1
5,zjw,f,20,53,54,4024892,4028781,116,72,learn_array_A,location-1,-1
5,zjw,f,20,53,54,4033445,4036465,49,72,learn_array_A,location-1,-1
5,zjw,f,20,144,144,4041278,4044288,8,108,learn_array_B,location-1,0
5,zjw,f,20,145,144,4049012,4051434,20,108,learn_array_B,location-1,1
5,zjw,f,20,72,72,4056204,4060161,115,54,learn_array_A,location-2,0
5,zjw,f,20,70,72,4064987,4068954,164,54,learn_array_A,location-2,-2
5,zjw,f,20,147,144,4073562,4078028,112,108,learn_array_B,location-1,3
5,zjw,f,20,50,54,4082707,4084989,108,72,learn_array_A,location-1,-4
5,zjw,f,20,54,54,4089689,4095206,167,72,learn_array_A,location-1,0
5,zjw,f,20,144,144,4100029,4102534,24,108,learn_array_B,location-1,0
5,zjw,f,20,109,108,4107326,4110055,100,144,learn_array_B,location-2,1
5,zjw,f,20,146,144,4114717,4118545,161,108,learn_array_B,location-1,2
5,zjw,f,20,143,144,4123268,4125549,91,108,learn_array_B,location-1,-1
5,zjw,f,20,144,144,4130257,4133277,70,108,learn_array_B,location-1,0
5,zjw,f,20,110,108,4137950,4140597,144,144,learn_array_B,location-2,2
5,zjw,f,20,71,72,4145422,4150549,120,54,learn_array_A,location-2,-1
5,zjw,f,20,69,72,4155355,4157703,100,54,learn_array_A,location-2,-3
5,zjw,f,20,146,144,4162319,4167386,143,108,learn_array_B,location-1,2
5,zjw,f,20,52,54,4172159,4174881,95,72,learn_array_A,location-1,-2
5,zjw,f,20,73,72,4179571,4182945,33,54,learn_array_A,location-2,1
5,zjw,f,20,108,108,4187628,4191083,122,144,learn_array_B,location-2,0
5,zjw,f,20,67,72,4195766,4198709,150,54,learn_array_A,location-2,-5
5,zjw,f,20,109,108,4203433,4205933,163,144,learn_array_B,location-2,1
5,zjw,f,20,108,108,4210570,4213084,52,144,learn_array_B,location-2,0
5,zjw,f,20,113,108,4217821,4220478,95,144,learn_array_B,location-2,5
5,zjw,f,20,55,54,4225102,4229799,37,72,learn_array_A,location-1,1
5,zjw,f,20,54,54,4234500,4237739,89,72,learn_array_A,location-1,0
block
5,zjw,f,20,146,144,4244608,4248126,166,108,learn_array_B,location-1,2
5,zjw,f,20,54,54,4252728,4258795,116,72,learn_array_A,location-1,0
5,zjw,f,20,54,54,4263630,4267737,0,72,learn_array_A,location-1,0
5,zjw,f,20,145,144,4272499,4276976,82,108,learn_array_B,location-1,1
5,zjw,f,20,70,72,4281761,4285518,94,54,learn_array_A,location-2,-2
5,zjw,f,20,55,54,4290270,4294374,36,72,learn_array_A,location-1,1
5,zjw,f,20,69,72,4299060,4303461,106,54,learn_array_A,location-2,-3
5,zjw,f,20,106,108,4308157,4310358,59,144,learn_array_B,location-2,-2
5,zjw,f,20,106,108,4314982,4318286,159,144,learn_array_B,location-2,-2
5,zjw,f,20,70,72,4323070,4327860,82,54,learn_array_A,location-2,-2
5,zjw,f,20,107,108,4332671,4335097,110,144,learn_array_B,location-2,-1
5,zjw,f,20,56,54,4339721,4343541,20,72,learn_array_A,location-1,2
5,zjw,f,20,71,72,4348186,4353328,112,54,learn_array_A,location-2,-1
5,zjw,f,20,57,54,4358125,4362523,34,72,learn_array_A,location-1,3
5,zjw,f,20,55,54,4367326,4372099,176,72,learn_array_A,location-1,1
5,zjw,f,20,109,108,4376842,4381901,135,144,learn_array_B,location-2,1
5,zjw,f,20,142,144,4386519,4389455,6,108,learn_array_B,location-1,-2
5,zjw,f,20,144,144,4394051,4398309,125,108,learn_array_B,location-1,0
5,zjw,f,20,67,72,4402919,4406671,66,54,learn_array_A,location-2,-5
5,zjw,f,20,147,144,4411384,4414542,134,108,learn_array_B,location-1,3
5,zjw,f,20,75,72,4419368,4422454,54,54,learn_array_A,location-2,3
5,zjw,f,20,144,144,4427076,4432797,47,108,learn_array_B,location-1,0
5,zjw,f,20,114,108,4437543,4439678,118,144,learn_array_B,location-2,6
5,zjw,f,20,109,108,4444315,4450039,173,144,learn_array_B,location-2,1
5,zjw,f,20,73,72,4454679,4457694,18,54,learn_array_A,location-2,1
5,zjw,f,20,112,108,4462460,4465393,134,144,learn_array_B,location-2,4
5,zjw,f,20,55,54,4470053,4474455,55,72,learn_array_A,location-1,1
5,zjw,f,20,147,144,4479093,4483639,18,108,learn_array_B,location-1,3
5,zjw,f,20,54,54,4488312,4493307,148,72,learn_array_A,location-1,0
5,zjw,f,20,75,72,4498118,4501421,58,54,learn_array_A,location-2,3
5,zjw,f,20,144,144,4506259,4510224,131,108,learn_array_B,location-1,0
5,zjw,f,20,115,108,4514935,4517387,49,144,learn_array_B,location-2,7
block
5,zjw,f,20,114,108,4525424,4529464,155,144,learn_array_B,location-2,6
5,zjw,f,20,72,72,4534191,4538000,63,54,learn_array_A,location-2,0
5,zjw,f,20,71,72,4542693,4544519,64,54,learn_array_A,location-2,-1
5,zjw,f,20,145,144,4549322,4553585,117,108,learn_array_B,location-1,1
5,zjw,f,20,54,54,4558213,4562778,67,72,learn_array_A,location-1,0
5,zjw,f,20,71,72,4567391,4572020,141,54,learn_array_A,location-2,-1
5,zjw,f,20,54,54,4576823,4580721,73,72,learn_array_A,location-1,0
5,zjw,f,20,108,108,4585476,4590899,0,144,learn_array_B,location-2,0
5,zjw,f,20,111,108,4595489,4598130,25,144,learn_array_B,location-2,3
5,zjw,f,20,55,54,4602899,4606342,128,72,learn_array_A,location-1,1
5,zjw,f,20,69,72,4611053,4614802,134,54,learn_array_A,location-2,-3
5,zjw,f,20,73,72,4619565,4622202,117,54,learn_array_A,location-2,1
5,zjw,f,20,52,54,4626931,4631764,152,72,learn_array_A,location-1,-2
5,zjw,f,20,52,54,4636564,4639282,169,72,learn_array_A,location-1,-2
5,zjw,f,20,51,54,4643981,4647662,59,72,learn_array_A,location-1,-3
5,zjw,f,20,107,108,4652317,4656899,101,144,learn_array_B,location-2,-1
5,zjw,f,20,110,108,4661686,4664979,67,144,learn_array_B,location-2,2
5,zjw,f,20,54,54,4669814,4675351,48,72,learn_array_A,location-1,0
5,zjw,f,20,145,144,4680094,4684143,46,108,learn_array_B,location-1,1
5,zjw,f,20,141,144,4688887,4692260,73,108,learn_array_B,location-1,-3
5,zjw,f,20,112,108,4697042,4699393,139,144,learn_array_B,location-2,4
5,zjw,f,20,144,144,4704215,4706935,81,108,learn_array_B,location-1,0
5,zjw,f,20,145,144,4711620,4714415,51,108,learn_array_B,location-1,1
5,zjw,f,20,55,54,4719027,4723653,160,72,learn_array_A,location-1,1
5,zjw,f,20,71,72,4728451,4731534,149,54,learn_array_A,location-2,-1
5,zjw,f,20,145,144,4736258,4739128,58,108,learn_array_B,location-1,1
5,zjw,f,20,73,72,4743824,4747728,145,54,learn_array_A,location-2,1
5,zjw,f,20,143,144,4752412,4755285,53,108,learn_array_B,location-1,-1
5,zjw,f,20,147,144,4759913,4763225,116,108,learn_array_B,location-1,3
5,zjw,f,20,76,72,4767940,4770947,10,54,learn_array_A,location-2,4
5,zjw,f,20,111,108,4775645,4780341,10,144,learn_array_B,location-2,3
5,zjw,f,20,107,108,4785145,4789184,108,144,learn_array_B,location-2,-1
block
5,zjw,f,20,53,54,4817920,4821121,8,72,learn_array_A,location-1,-1
5,zjw,f,20,143,144,4825847,4828643,93,108,learn_array_B,location-1,-1
5,zjw,f,20,109,108,4833419,4836204,71,144,learn_array_B,location-2,1
5,zjw,f,20,72,72,4840995,4844592,105,54,learn_array_A,location-2,0
5,zjw,f,20,107,108,4849380,4852995,173,144,learn_array_B,location-2,-1
5,zjw,f,20,144,144,4857712,4860803,137,108,learn_array_B,location-1,0
5,zjw,f,20,143,144,4865640,4869324,76,108,learn_array_B,location-1,-1
5,zjw,f,20,110,108,4873937,4877322,127,144,learn_array_B,location-2,2
5,zjw,f,20,52,54,4881990,4885958,58,72,learn_array_A,location-1,-2
5,zjw,f,20,51,54,4890740,4894568,16,72,learn_array_A,location-1,-3
5,zjw,f,20,68,72,4899198,4905437,149,54,learn_array_A,location-2,-4
5,zjw,f,20,145,144,4910236,4913762,70,108,learn_array_B,location-1,1
5,zjw,f,20,74,72,4918519,4920799,27,54,learn_array_A,location-2,2
5,zjw,f,20,106,108,4925394,4928417,96,144,learn_array_B,location-2,-2
5,zjw,f,20,72,72,4933123,4935690,120,54,learn_array_A,location-2,0
5,zjw,f,20,55,54,4940468,4945099,154,72,learn_array_A,location-1,1
5,zjw,f,20,69,72,4949716,4953318,125,54,learn_array_A,location-2,-3
5,zjw,f,20,53,54,4957977,4960842,91,72,learn_array_A,location-1,-1
5,zjw,f,20,54,54,4965665,4969936,144,72,learn_array_A,location-1,0
5,zjw,f,20,73,72,4974768,4977633,60,54,learn_array_A,location-2,1
5,zjw,f,20,142,144,4982385,4986653,57,108,learn_array_B,location-1,-2
5,zjw,f,20,53,54,4991492,4995319,98,72,learn_array_A,location-1,-1
5,zjw,f,20,54,54,4999920,5003592,64,72,learn_array_A,location-1,0
5,zjw,f,20,110,108,5008348,5012469,124,144,learn_array_B,location-2,2
5,zjw,f,20,113,108,5017287,5021537,130,144,learn_array_B,location-2,5
5,zjw,f,20,107,108,5026196,5028924,31,144,learn_array_B,location-2,-1
5,zjw,f,20,75,72,5033665,5036381,50,54,learn_array_A,location-2,3
5,zjw,f,20,74,72,5041050,5045670,81,54,learn_array_A,location-2,2
5,zjw,f,20,143,144,5050402,5054302,155,108,learn_array_B,location-1,-1
5,zjw,f,20,143,144,5058955,5062493,57,108,learn_array_B,location-1,-1
5,zjw,f,20,112,108,5067101,5071145,163,144,learn_array_B,location-2,4
5,zjw,f,20,143,144,5075805,5079835,157,108,learn_array_B,location-1,-1
block
5,zjw,f,20,55,54,5087024,5092359,9,72,learn_array_A,location-1,1
5,zjw,f,20,108,108,5096967,5100045,178,144,learn_array_B,location-2,0
5,zjw,f,20,146,144,5104752,5107903,129,108,learn_array_B,location-1,2
5,zjw,f,20,110,108,5112635,5114696,53,144,learn_array_B,location-2,2
5,zjw,f,20,71,72,5119410,5121982,123,54,learn_array_A,location-2,-1
5,zjw,f,20,71,72,5126798,5128781,174,54,learn_array_A,location-2,-1
5,zjw,f,20,56,54,5133488,5137669,35,72,learn_array_A,location-1,2
5,zjw,f,20,54,54,5142334,5145940,104,72,learn_array_A,location-1,0
5,zjw,f,20,107,108,5150662,5154859,112,144,learn_array_B,location-2,-1
5,zjw,f,20,143,144,5159616,5162635,65,108,learn_array_B,location-1,-1
5,zjw,f,20,54,54,5167337,5172108,133,72,learn_array_A,location-1,0
5,zjw,f,20,111,108,5176709,5180460,134,144,learn_array_B,location-2,3
5,zjw,f,20,145,144,5185221,5189564,58,108,learn_array_B,location-1,1
5,zjw,f,20,144,144,5194166,5198275,75,108,learn_array_B,location-1,0
5,zjw,f,20,145,144,5203051,5206370,173,108,learn_array_B,location-1,1
5,zjw,f,20,52,54,5211154,5214102,141,72,learn_array_A,location-1,-2
5,zjw,f,20,54,54,5218757,5223604,9,72,learn_array_A,location-1,0
5,zjw,f,20,73,72,5228230,5234274,40,54,learn_array_A,location-2,1
5,zjw,f,20,107,108,5239110,5242866,48,144,learn_array_B,location-2,-1
5,zjw,f,20,70,72,5247654,5251338,111,54,learn_array_A,location-2,-2
5,zjw,f,20,73,72,5256093,5259912,155,54,learn_array_A,location-2,1
5,zjw,f,20,55,54,5264696,5268229,46,72,learn_array_A,location-1,1
5,zjw,f,20,104,108,5272902,5278477,123,144,learn_array_B,location-2,-4
5,zjw,f,20,73,72,5283162,5285883,166,54,learn_array_A,location-2,1
5,zjw,f,20,143,144,5290688,5294150,50,108,learn_array_B,location-1,-1
5,zjw,f,20,112,108,5298913,5303402,136,144,learn_array_B,location-2,4
5,zjw,f,20,70,72,5308126,5312112,108,54,learn_array_A,location-2,-2
5,zjw,f,20,142,144,5316915,5320888,66,108,learn_array_B,location-1,-2
5,zjw,f,20,56,54,5325653,5328928,35,72,learn_array_A,location-1,2
5,zjw,f,20,109,108,5333748,5336686,127,144,learn_array_B,location-2,1
5,zjw,f,20,143,144,5341313,5347629,98,108,learn_array_B,location-1,-1
5,zjw,f,20,73,72,5352386,5356511,57,54,learn_array_A,location-2,1
block
5,zjw,f,20,73,72,5362976,5366489,140,54,learn_array_A,location-2,1
5,zjw,f,20,55,54,5371146,5376859,110,72,learn_array_A,location-1,1
5,zjw,f,20,146,144,5381487,5385315,133,108,learn_array_B,location-1,2
5,zjw,f,20,111,108,5390081,5393091,108,144,learn_array_B,location-2,3
5,zjw,f,20,109,108,5397709,5400436,35,144,learn_array_B,location-2,1
5,zjw,f,20,53,54,5405031,5414875,141,72,learn_array_A,location-1,-1
5,zjw,f,20,110,108,5419669,5422689,160,144,learn_array_B,location-2,2
5,zjw,f,20,52,54,5427408,5431603,135,72,learn_array_A,location-1,-2
5,zjw,f,20,144,144,5436420,5439301,3,108,learn_array_B,location-1,0
5,zjw,f,20,109,108,5444116,5447574,99,144,learn_array_B,location-2,1
5,zjw,f,20,56,54,5452302,5458176,31,72,learn_array_A,location-1,2
5,zjw,f,20,146,144,5462791,5465589,39,108,learn_array_B,location-1,2
5,zjw,f,20,144,144,5470400,5473311,102,108,learn_array_B,location-1,0
5,zjw,f,20,74,72,5478108,5483397,11,54,learn_array_A,location-2,2
5,zjw,f,20,72,72,5488101,5489939,141,54,learn_array_A,location-2,0
5,zjw,f,20,107,108,5494750,5497241,71,144,learn_array_B,location-2,-1
5,zjw,f,20,106,108,5502009,5506125,116,144,learn_array_B,location-2,-2
5,zjw,f,20,73,72,5510941,5514757,98,54,learn_array_A,location-2,1
5,zjw,f,20,106,108,5519518,5529873,148,144,learn_array_B,location-2,-2
5,zjw,f,20,55,54,5534696,5540272,168,72,learn_array_A,location-1,1
5,zjw,f,20,109,108,5544995,5549689,167,144,learn_array_B,location-2,1
5,zjw,f,20,76,72,5554460,5558579,37,54,learn_array_A,location-2,4
5,zjw,f,20,142,144,5563233,5567197,173,108,learn_array_B,location-1,-2
5,zjw,f,20,70,72,5571831,5574259,121,54,learn_array_A,location-2,-2
5,zjw,f,20,144,144,5578890,5582477,41,108,learn_array_B,location-1,0
5,zjw,f,20,73,72,5587199,5588962,158,54,learn_array_A,location-2,1
5,zjw,f,20,76,72,5593792,5596871,145,54,learn_array_A,location-2,4
5,zjw,f,20,142,144,5601656,5607922,69,108,learn_array_B,location-1,-2
5,zjw,f,20,53,54,5612635,5616084,112,72,learn_array_A,location-1,-1
5,zjw,f,20,145,144,5620922,5623645,141,108,learn_array_B,location-1,1
5,zjw,f,20,54,54,5628357,5632254,4,72,learn_array_A,location-1,0
5,zjw,f,20,53,54,5636931,5641998,59,72,learn_array_A,location-1,-1
block
5,zjw,f,20,106,108,5657119,5662030,34,144,learn_array_B,location-2,-2
5,zjw,f,20,53,54,5666754,5671806,156,72,learn_array_A,location-1,-1
5,zjw,f,20,144,144,5676517,5679834,166,108,learn_array_B,location-1,0
5,zjw,f,20,110,108,5684499,5687124,35,144,learn_array_B,location-2,2
5,zjw,f,20,54,54,5691902,5696446,118,72,learn_array_A,location-1,0
5,zjw,f,20,76,72,5701076,5703797,62,54,learn_array_A,location-2,4
5,zjw,f,20,75,72,5708602,5711257,179,54,learn_array_A,location-2,3
5,zjw,f,20,144,144,5716046,5718249,92,108,learn_array_B,location-1,0
5,zjw,f,20,54,54,5722961,5729854,133,72,learn_array_A,location-1,0
5,zjw,f,20,146,144,5734676,5737697,107,108,learn_array_B,location-1,2
5,zjw,f,20,146,144,5742286,5745827,3,108,learn_array_B,location-1,2
5,zjw,f,20,75,72,5750660,5753318,163,54,learn_array_A,location-2,3
5,zjw,f,20,73,72,5758028,5760962,3,54,learn_array_A,location-2,1
5,zjw,f,20,108,108,5765692,5768926,33,144,learn_array_B,location-2,0
5,zjw,f,20,108,108,5773738,5777552,139,144,learn_array_B,location-2,0
5,zjw,f,20,70,72,5782248,5785411,114,54,learn_array_A,location-2,-2
5,zjw,f,20,146,144,5790136,5793297,104,108,learn_array_B,location-1,2
5,zjw,f,20,54,54,5798097,5800897,54,72,learn_array_A,location-1,0
5,zjw,f,20,110,108,5805696,5810176,131,144,learn_array_B,location-2,2
5,zjw,f,20,147,144,5814908,5818133,121,108,learn_array_B,location-1,3
5,zjw,f,20,54,54,5822799,5826397,179,72,learn_array_A,location-1,0
5,zjw,f,20,108,108,5831083,5834990,14,144,learn_array_B,location-2,0
5,zjw,f,20,144,144,5839673,5843131,42,108,learn_array_B,location-1,0
5,zjw,f,20,51,54,5847783,5851101,82,72,learn_array_A,location-1,-3
5,zjw,f,20,106,108,5855822,5859504,82,144,learn_array_B,location-2,-2
5,zjw,f,20,73,72,5864333,5868607,4,54,learn_array_A,location-2,1
5,zjw,f,20,55,54,5873446,5877480,63,72,learn_array_A,location-1,1
5,zjw,f,20,76,72,5882273,5885068,34,54,learn_array_A,location-2,4
5,zjw,f,20,55,54,5889679,5897293,65,72,learn_array_A,location-1,1
5,zjw,f,20,105,108,5901906,5905805,165,144,learn_array_B,location-2,-3
5,zjw,f,20,70,72,5910582,5914254,57,54,learn_array_A,location-2,-2
5,zjw,f,20,145,144,5918997,5922013,133,108,learn_array_B,location-1,1
block
5,zjw,f,20,141,144,5930944,5937451,45,108,learn_array_B,location-1,-3
5,zjw,f,20,56,54,5942141,5947253,50,72,learn_array_A,location-1,2
5,zjw,f,20,144,144,5951905,5956305,28,108,learn_array_B,location-1,0
5,zjw,f,20,108,108,5961075,5963758,46,144,learn_array_B,location-2,0
5,zjw,f,20,110,108,5968475,5971942,133,144,learn_array_B,location-2,2
5,zjw,f,20,54,54,5976665,5979307,28,72,learn_array_A,location-1,0
5,zjw,f,20,142,144,5984120,5989197,108,108,learn_array_B,location-1,-2
5,zjw,f,20,53,54,5993862,6000167,125,72,learn_array_A,location-1,-1
5,zjw,f,20,143,144,6004983,6008440,117,108,learn_array_B,location-1,-1
5,zjw,f,20,52,54,6013032,6015681,99,72,learn_array_A,location-1,-2
5,zjw,f,20,108,108,6020509,6024631,117,144,learn_array_B,location-2,0
5,zjw,f,20,72,72,6029268,6034256,132,54,learn_array_A,location-2,0
5,zjw,f,20,53,54,6039064,6043036,140,72,learn_array_A,location-1,-1
5,zjw,f,20,52,54,6047697,6054218,22,72,learn_array_A,location-1,-2
5,zjw,f,20,144,144,6058848,6065526,1,108,learn_array_B,location-1,0
5,zjw,f,20,108,108,6070305,6074863,38,144,learn_array_B,location-2,0
5,zjw,f,20,142,144,6079565,6083401,106,108,learn_array_B,location-1,-2
5,zjw,f,20,143,144,6088085,6090507,124,108,learn_array_B,location-1,-1
5,zjw,f,20,54,54,6095261,6098788,62,72,learn_array_A,location-1,0
5,zjw,f,20,71,72,6103582,6106890,145,54,learn_array_A,location-2,-1
5,zjw,f,20,54,54,6111491,6114576,120,72,learn_array_A,location-1,0
5,zjw,f,20,105,108,6119329,6121969,71,144,learn_array_B,location-2,-3
5,zjw,f,20,108,108,6126604,6129763,128,144,learn_array_B,location-2,0
5,zjw,f,20,75,72,6134443,6140322,14,54,learn_array_A,location-2,3
5,zjw,f,20,71,72,6144982,6147923,18,54,learn_array_A,location-2,-1
5,zjw,f,20,106,108,6152763,6161441,165,144,learn_array_B,location-2,-2
5,zjw,f,20,70,72,6166079,6169617,82,54,learn_array_A,location-2,-2
5,zjw,f,20,76,72,6174383,6177547,45,54,learn_array_A,location-2,4
5,zjw,f,20,108,108,6182356,6186188,49,144,learn_array_B,location-2,0
5,zjw,f,20,140,144,6190987,6193419,148,108,learn_array_B,location-1,-4
5,zjw,f,20,73,72,6198223,6201603,164,54,learn_array_A,location-2,1
5,zjw,f,20,70,72,6206439,6209382,175,54,learn_array_A,location-2,-2
block
