subj,name,gender,age,col_resp,target_angle,start_time,resp_time,start_angle,other_angle,learn_array,location,d_value
6,zjh,f,19,47,144,11598,15451,166,36,learn_array_A,location-1,83
6,zjh,f,19,52,54,20118,23943,7,90,learn_array_B,location-2,-2
6,zjh,f,19,148,144,28735,31164,141,36,learn_array_A,location-1,4
6,zjh,f,19,91,90,35946,39931,90,54,learn_array_B,location-1,1
6,zjh,f,19,50,36,44561,48017,6,144,learn_array_A,location-2,14
6,zjh,f,19,46,36,52637,55442,75,144,learn_array_A,location-2,10
6,zjh,f,19,50,36,60215,63747,50,144,learn_array_A,location-2,14
6,zjh,f,19,65,54,68460,71481,112,90,learn_array_B,location-2,11
6,zjh,f,19,147,144,76090,79974,45,36,learn_array_A,location-1,3
6,zjh,f,19,50,36,84594,87917,51,144,learn_array_A,location-2,14
6,zjh,f,19,54,36,92585,102267,123,144,learn_array_A,location-2,18
6,zjh,f,19,46,36,107102,110571,20,144,learn_array_A,location-2,10
6,zjh,f,19,61,54,115286,118814,78,90,learn_array_B,location-2,7
6,zjh,f,19,150,144,123556,127233,144,36,learn_array_A,location-1,6
6,zjh,f,19,62,90,132031,136654,69,54,learn_array_B,location-1,-28
6,zjh,f,19,59,54,141449,146658,145,90,learn_array_B,location-2,5
6,zjh,f,19,39,144,151351,157378,103,36,learn_array_A,location-1,75
6,zjh,f,19,59,54,162185,166885,108,90,learn_array_B,location-2,5
6,zjh,f,19,47,36,171630,178599,62,144,learn_array_A,location-2,11
6,zjh,f,19,70,90,183280,192915,28,54,learn_array_B,location-1,-20
6,zjh,f,19,55,54,197687,209605,103,90,learn_array_B,location-2,1
6,zjh,f,19,54,54,214439,218481,119,90,learn_array_B,location-2,0
6,zjh,f,19,57,54,223318,228547,42,90,learn_array_B,location-2,3
6,zjh,f,19,79,90,233215,236377,120,54,learn_array_B,location-1,-11
6,zjh,f,19,147,144,240977,244000,111,36,learn_array_A,location-1,3
6,zjh,f,19,79,90,248778,257441,163,54,learn_array_B,location-1,-11
6,zjh,f,19,41,36,262174,266202,134,144,learn_array_A,location-2,5
6,zjh,f,19,84,90,270833,273330,109,54,learn_array_B,location-1,-6
6,zjh,f,19,152,144,278130,280773,20,36,learn_array_A,location-1,8
6,zjh,f,19,154,144,285422,293756,95,36,learn_array_A,location-1,10
6,zjh,f,19,86,90,298429,303111,121,54,learn_array_B,location-1,-4
6,zjh,f,19,91,90,307987,317574,87,54,learn_array_B,location-1,1
block,,,,,,,,,,,,
6,zjh,f,19,97,90,371258,377001,60,54,learn_array_B,location-1,7
6,zjh,f,19,150,144,381683,384260,173,36,learn_array_A,location-1,6
6,zjh,f,19,50,36,388892,390955,123,144,learn_array_A,location-2,14
6,zjh,f,19,93,54,395772,397842,156,90,learn_array_B,location-2,39
6,zjh,f,19,47,36,402609,405270,110,144,learn_array_A,location-2,11
6,zjh,f,19,49,36,409978,412633,39,144,learn_array_A,location-2,13
6,zjh,f,19,52,54,417233,420398,151,90,learn_array_B,location-2,-2
6,zjh,f,19,146,144,425127,428718,131,36,learn_array_A,location-1,2
6,zjh,f,19,145,144,433543,437604,74,36,learn_array_A,location-1,1
6,zjh,f,19,33,36,442336,445445,97,144,learn_array_A,location-2,-3
6,zjh,f,19,60,54,450158,453335,16,90,learn_array_B,location-2,6
6,zjh,f,19,155,144,458033,461359,179,36,learn_array_A,location-1,11
6,zjh,f,19,143,144,466169,469937,88,36,learn_array_A,location-1,-1
6,zjh,f,19,83,90,474769,478685,123,54,learn_array_B,location-1,-7
6,zjh,f,19,54,54,483322,485161,18,90,learn_array_B,location-2,0
6,zjh,f,19,85,90,489790,491415,115,54,learn_array_B,location-1,-5
6,zjh,f,19,45,36,496126,500470,17,144,learn_array_A,location-2,9
6,zjh,f,19,93,90,505303,509294,42,54,learn_array_B,location-1,3
6,zjh,f,19,93,90,513948,516608,128,54,learn_array_B,location-1,3
6,zjh,f,19,52,54,521309,523223,159,90,learn_array_B,location-2,-2
6,zjh,f,19,53,54,527946,533628,142,90,learn_array_B,location-2,-1
6,zjh,f,19,146,144,538297,542714,20,36,learn_array_A,location-1,2
6,zjh,f,19,147,144,547492,552789,36,36,learn_array_A,location-1,3
6,zjh,f,19,39,36,557510,560239,118,144,learn_array_A,location-2,3
6,zjh,f,19,47,54,564896,568732,170,90,learn_array_B,location-2,-7
6,zjh,f,19,37,36,573326,576283,132,144,learn_array_A,location-2,1
6,zjh,f,19,91,90,581053,584286,21,54,learn_array_B,location-1,1
6,zjh,f,19,94,90,589039,593030,134,54,learn_array_B,location-1,4
6,zjh,f,19,37,36,597817,607718,107,144,learn_array_A,location-2,1
6,zjh,f,19,59,54,612519,615841,16,90,learn_array_B,location-2,5
6,zjh,f,19,84,90,620654,625000,6,54,learn_array_B,location-1,-6
6,zjh,f,19,149,144,629618,633460,148,36,learn_array_A,location-1,5
block,,,,,,,,,,,,
6,zjh,f,19,57,54,646266,648392,106,90,learn_array_B,location-2,3
6,zjh,f,19,35,36,653182,655990,41,144,learn_array_A,location-2,-1
6,zjh,f,19,31,36,660644,668384,74,144,learn_array_A,location-2,-5
6,zjh,f,19,151,144,673173,676197,33,36,learn_array_A,location-1,7
6,zjh,f,19,150,36,680902,687977,62,144,learn_array_A,location-2,-66
6,zjh,f,19,43,54,692580,696559,177,90,learn_array_B,location-2,-11
6,zjh,f,19,76,90,701398,705820,70,54,learn_array_B,location-1,-14
6,zjh,f,19,33,36,710654,714198,28,144,learn_array_A,location-2,-3
6,zjh,f,19,29,36,718897,722284,155,144,learn_array_A,location-2,-7
6,zjh,f,19,147,144,726981,731339,92,36,learn_array_A,location-1,3
6,zjh,f,19,29,36,736146,741749,27,144,learn_array_A,location-2,-7
6,zjh,f,19,150,144,746512,753377,152,36,learn_array_A,location-1,6
6,zjh,f,19,151,36,757977,762334,83,144,learn_array_A,location-2,-65
6,zjh,f,19,150,144,766978,768969,114,36,learn_array_A,location-1,6
6,zjh,f,19,68,90,773740,778243,92,54,learn_array_B,location-1,-22
6,zjh,f,19,46,54,783054,789091,69,90,learn_array_B,location-2,-8
6,zjh,f,19,84,90,793765,796202,89,54,learn_array_B,location-1,-6
6,zjh,f,19,148,144,801024,803822,77,36,learn_array_A,location-1,4
6,zjh,f,19,145,144,808580,811376,88,36,learn_array_A,location-1,1
6,zjh,f,19,148,144,816025,822785,35,36,learn_array_A,location-1,4
6,zjh,f,19,48,54,827446,830250,158,90,learn_array_B,location-2,-6
6,zjh,f,19,76,90,834989,847180,59,54,learn_array_B,location-1,-14
6,zjh,f,19,33,36,851892,858753,74,144,learn_array_A,location-2,-3
6,zjh,f,19,67,90,863534,866709,65,54,learn_array_B,location-1,-23
6,zjh,f,19,48,54,871317,873391,120,90,learn_array_B,location-2,-6
6,zjh,f,19,77,90,878070,886178,23,54,learn_array_B,location-1,-13
6,zjh,f,19,82,90,890983,894012,107,54,learn_array_B,location-1,-8
6,zjh,f,19,48,54,898800,902705,122,90,learn_array_B,location-2,-6
6,zjh,f,19,50,54,907383,909591,141,90,learn_array_B,location-2,-4
6,zjh,f,19,50,54,914246,922978,27,90,learn_array_B,location-2,-4
6,zjh,f,19,84,90,927734,930688,145,54,learn_array_B,location-1,-6
6,zjh,f,19,151,144,935402,938587,165,36,learn_array_A,location-1,7
block,,,,,,,,,,,,
6,zjh,f,19,36,36,974154,982869,164,144,learn_array_A,location-2,0
6,zjh,f,19,35,36,987548,991080,176,144,learn_array_A,location-2,-1
6,zjh,f,19,81,90,995674,1001640,134,54,learn_array_B,location-1,-9
6,zjh,f,19,142,144,1006462,1011620,60,36,learn_array_A,location-1,-2
6,zjh,f,19,147,144,1016331,1022093,127,36,learn_array_A,location-1,3
6,zjh,f,19,80,90,1026701,1029960,111,54,learn_array_B,location-1,-10
6,zjh,f,19,30,36,1034712,1038021,11,144,learn_array_A,location-2,-6
6,zjh,f,19,150,144,1042630,1048219,163,36,learn_array_A,location-1,6
6,zjh,f,19,77,90,1052964,1056213,9,54,learn_array_B,location-1,-13
6,zjh,f,19,46,54,1060920,1067584,130,90,learn_array_B,location-2,-8
6,zjh,f,19,81,90,1072322,1080608,18,54,learn_array_B,location-1,-9
6,zjh,f,19,42,54,1085272,1093127,50,90,learn_array_B,location-2,-12
6,zjh,f,19,151,144,1097874,1100553,128,36,learn_array_A,location-1,7
6,zjh,f,19,35,36,1105178,1107260,67,144,learn_array_A,location-2,-1
6,zjh,f,19,72,90,1111894,1118895,157,54,learn_array_B,location-1,-18
6,zjh,f,19,51,54,1123658,1135645,20,90,learn_array_B,location-2,-3
6,zjh,f,19,79,90,1140330,1144305,0,54,learn_array_B,location-1,-11
6,zjh,f,19,153,144,1149063,1156189,154,36,learn_array_A,location-1,9
6,zjh,f,19,78,90,1160967,1168465,15,54,learn_array_B,location-1,-12
6,zjh,f,19,38,54,1173203,1177333,62,90,learn_array_B,location-2,-16
6,zjh,f,19,51,54,1181929,1187535,100,90,learn_array_B,location-2,-3
6,zjh,f,19,30,144,1192305,1199694,110,36,learn_array_A,location-1,66
6,zjh,f,19,37,54,1204398,1217082,45,90,learn_array_B,location-2,-17
6,zjh,f,19,68,90,1221707,1227366,140,54,learn_array_B,location-1,-22
6,zjh,f,19,148,144,1232203,1233903,107,36,learn_array_A,location-1,4
6,zjh,f,19,42,54,1238563,1241357,30,90,learn_array_B,location-2,-12
6,zjh,f,19,22,36,1246124,1247521,50,144,learn_array_A,location-2,-14
6,zjh,f,19,152,144,1252153,1255178,12,36,learn_array_A,location-1,8
6,zjh,f,19,24,36,1259908,1262856,17,144,learn_array_A,location-2,-12
6,zjh,f,19,23,36,1267552,1270058,22,144,learn_array_A,location-2,-13
6,zjh,f,19,40,54,1274738,1282831,7,90,learn_array_B,location-2,-14
6,zjh,f,19,22,36,1287520,1298752,83,144,learn_array_A,location-2,-14
block,,,,,,,,,,,,
6,zjh,f,19,78,54,1318297,1322167,8,90,learn_array_B,location-2,24
6,zjh,f,19,53,54,1326970,1328670,64,90,learn_array_B,location-2,-1
6,zjh,f,19,94,90,1333314,1334567,53,54,learn_array_B,location-1,4
6,zjh,f,19,145,36,1339247,1341394,54,144,learn_array_A,location-2,-71
6,zjh,f,19,149,144,1346080,1347856,39,36,learn_array_A,location-1,5
6,zjh,f,19,53,54,1352620,1354904,41,90,learn_array_B,location-2,-1
6,zjh,f,19,86,90,1359578,1362303,162,54,learn_array_B,location-1,-4
6,zjh,f,19,85,90,1367047,1370214,48,54,learn_array_B,location-1,-5
6,zjh,f,19,144,36,1374844,1376842,29,144,learn_array_A,location-2,-72
6,zjh,f,19,145,54,1381595,1382700,21,90,learn_array_B,location-2,-89
6,zjh,f,19,28,36,1387518,1393223,79,144,learn_array_A,location-2,-8
6,zjh,f,19,150,144,1397820,1400632,112,36,learn_array_A,location-1,6
6,zjh,f,19,153,144,1405434,1410529,20,36,learn_array_A,location-1,9
6,zjh,f,19,149,144,1415313,1419080,85,36,learn_array_A,location-1,5
6,zjh,f,19,30,36,1423701,1426807,106,144,learn_array_A,location-2,-6
6,zjh,f,19,83,90,1431535,1440012,105,54,learn_array_B,location-1,-7
6,zjh,f,19,52,54,1444819,1448395,57,90,learn_array_B,location-2,-2
6,zjh,f,19,58,54,1453135,1455878,142,90,learn_array_B,location-2,4
6,zjh,f,19,63,54,1460652,1463967,24,90,learn_array_B,location-2,9
6,zjh,f,19,152,144,1468636,1471446,154,36,learn_array_A,location-1,8
6,zjh,f,19,148,144,1476253,1478987,41,36,learn_array_A,location-1,4
6,zjh,f,19,148,144,1483584,1487569,23,36,learn_array_A,location-1,4
6,zjh,f,19,95,90,1492226,1493999,34,54,learn_array_B,location-1,5
6,zjh,f,19,150,144,1498829,1500602,167,36,learn_array_A,location-1,6
6,zjh,f,19,23,36,1505337,1510214,30,144,learn_array_A,location-2,-13
6,zjh,f,19,84,90,1514905,1518753,164,54,learn_array_B,location-1,-6
6,zjh,f,19,26,36,1523461,1526993,135,144,learn_array_A,location-2,-10
6,zjh,f,19,26,36,1531748,1536412,161,144,learn_array_A,location-2,-10
6,zjh,f,19,85,90,1541233,1543679,78,54,learn_array_B,location-1,-5
6,zjh,f,19,53,54,1548290,1550369,9,90,learn_array_B,location-2,-1
6,zjh,f,19,83,90,1554981,1558169,52,54,learn_array_B,location-1,-7
6,zjh,f,19,29,36,1562828,1565719,92,144,learn_array_A,location-2,-7
block,,,,,,,,,,,,
6,zjh,f,19,149,36,1576154,1578730,149,144,learn_array_A,location-2,-67
6,zjh,f,19,35,36,1583359,1585958,114,144,learn_array_A,location-2,-1
6,zjh,f,19,91,90,1590688,1592907,42,54,learn_array_B,location-1,1
6,zjh,f,19,53,54,1597532,1600482,179,90,learn_array_B,location-2,-1
6,zjh,f,19,85,90,1605304,1610187,72,54,learn_array_B,location-1,-5
6,zjh,f,19,147,144,1614922,1621645,75,36,learn_array_A,location-1,3
6,zjh,f,19,86,90,1626257,1628619,13,54,learn_array_B,location-1,-4
6,zjh,f,19,47,54,1633284,1647636,159,90,learn_array_B,location-2,-7
6,zjh,f,19,94,90,1652354,1653903,154,54,learn_array_B,location-1,4
6,zjh,f,19,52,54,1658561,1660776,50,90,learn_array_B,location-2,-2
6,zjh,f,19,147,144,1665370,1667291,118,36,learn_array_A,location-1,3
6,zjh,f,19,41,54,1672110,1674758,71,90,learn_array_B,location-2,-13
6,zjh,f,19,27,36,1679384,1681527,71,144,learn_array_A,location-2,-9
6,zjh,f,19,153,144,1686289,1688655,173,36,learn_array_A,location-1,9
6,zjh,f,19,154,144,1693295,1695520,106,36,learn_array_A,location-1,10
6,zjh,f,19,148,144,1700354,1702640,21,36,learn_array_A,location-1,4
6,zjh,f,19,44,54,1707352,1710317,95,90,learn_array_B,location-2,-10
6,zjh,f,19,88,90,1715155,1723816,6,54,learn_array_B,location-1,-2
6,zjh,f,19,44,54,1728644,1730561,60,90,learn_array_B,location-2,-10
6,zjh,f,19,93,90,1735282,1740078,27,54,learn_array_B,location-1,3
6,zjh,f,19,88,90,1744708,1750498,66,54,learn_array_B,location-1,-2
6,zjh,f,19,50,54,1755193,1763429,45,90,learn_array_B,location-2,-4
6,zjh,f,19,85,90,1768195,1775135,105,54,learn_array_B,location-1,-5
6,zjh,f,19,25,36,1779860,1783921,13,144,learn_array_A,location-2,-11
6,zjh,f,19,26,36,1788660,1791900,115,144,learn_array_A,location-2,-10
6,zjh,f,19,152,144,1796516,1806968,40,36,learn_array_A,location-1,8
6,zjh,f,19,32,36,1811804,1814827,134,144,learn_array_A,location-2,-4
6,zjh,f,19,27,36,1819593,1822842,168,144,learn_array_A,location-2,-9
6,zjh,f,19,153,144,1827682,1831243,136,36,learn_array_A,location-1,9
6,zjh,f,19,45,54,1836017,1845310,81,90,learn_array_B,location-2,-9
6,zjh,f,19,150,144,1850133,1852570,124,36,learn_array_A,location-1,6
6,zjh,f,19,22,36,1857342,1863257,174,144,learn_array_A,location-2,-14
block,,,,,,,,,,,,
6,zjh,f,19,98,90,1873466,1875445,57,54,learn_array_B,location-1,8
6,zjh,f,19,50,54,1880190,1884699,76,90,learn_array_B,location-2,-4
6,zjh,f,19,29,36,1889474,1891911,153,144,learn_array_A,location-2,-7
6,zjh,f,19,90,90,1896613,1899931,54,54,learn_array_B,location-1,0
6,zjh,f,19,56,90,1904678,1907191,42,54,learn_array_B,location-1,-34
6,zjh,f,19,47,90,1911992,1914353,51,54,learn_array_B,location-1,-43
6,zjh,f,19,56,54,1919180,1923100,104,90,learn_array_B,location-2,2
6,zjh,f,19,27,36,1927925,1930438,115,144,learn_array_A,location-2,-9
6,zjh,f,19,35,36,1935119,1937263,54,144,learn_array_A,location-2,-1
6,zjh,f,19,53,54,1942077,1946807,94,90,learn_array_B,location-2,-1
6,zjh,f,19,49,54,1951520,1952989,98,90,learn_array_B,location-2,-5
6,zjh,f,19,88,90,1957805,1961280,16,54,learn_array_B,location-1,-2
6,zjh,f,19,148,144,1965942,1970677,58,36,learn_array_A,location-1,4
6,zjh,f,19,147,144,1975335,1978886,147,36,learn_array_A,location-1,3
6,zjh,f,19,51,54,1983511,1991703,139,90,learn_array_B,location-2,-3
6,zjh,f,19,151,144,1996494,2001742,124,36,learn_array_A,location-1,7
6,zjh,f,19,152,144,2006354,2015729,166,36,learn_array_A,location-1,8
6,zjh,f,19,90,54,2020407,2024313,50,90,learn_array_B,location-2,36
6,zjh,f,19,151,144,2028925,2033783,147,36,learn_array_A,location-1,7
6,zjh,f,19,53,54,2038587,2041535,122,90,learn_array_B,location-2,-1
6,zjh,f,19,32,36,2046126,2048633,49,144,learn_array_A,location-2,-4
6,zjh,f,19,151,144,2053306,2056480,22,36,learn_array_A,location-1,7
6,zjh,f,19,46,54,2061259,2073843,124,90,learn_array_B,location-2,-8
6,zjh,f,19,154,144,2078497,2089239,10,36,learn_array_A,location-1,10
6,zjh,f,19,28,36,2093832,2096640,171,144,learn_array_A,location-2,-8
6,zjh,f,19,35,36,2101234,2105529,77,144,learn_array_A,location-2,-1
6,zjh,f,19,28,36,2110131,2113246,4,144,learn_array_A,location-2,-8
6,zjh,f,19,86,90,2118006,2120520,176,54,learn_array_B,location-1,-4
6,zjh,f,19,86,90,2125307,2127454,11,54,learn_array_B,location-1,-4
6,zjh,f,19,150,144,2132214,2134281,100,36,learn_array_A,location-1,6
6,zjh,f,19,31,36,2139103,2142356,19,144,learn_array_A,location-2,-5
6,zjh,f,19,90,90,2147006,2152161,20,54,learn_array_B,location-1,0
block,,,,,,,,,,,,
6,zjh,f,19,87,54,2172250,2174600,44,90,learn_array_B,location-2,33
6,zjh,f,19,149,144,2179429,2182588,96,36,learn_array_A,location-1,5
6,zjh,f,19,34,36,2187313,2190919,13,144,learn_array_A,location-2,-2
6,zjh,f,19,34,36,2195657,2213624,37,144,learn_array_A,location-2,-2
6,zjh,f,19,147,144,2218440,2220966,175,36,learn_array_A,location-1,3
6,zjh,f,19,38,36,2225574,2229405,11,144,learn_array_A,location-2,2
6,zjh,f,19,148,36,2234239,2237126,161,144,learn_array_A,location-2,-68
6,zjh,f,19,148,144,2241806,2244467,56,36,learn_array_A,location-1,4
6,zjh,f,19,46,54,2249224,2251806,72,90,learn_array_B,location-2,-8
6,zjh,f,19,30,36,2256539,2263887,95,144,learn_array_A,location-2,-6
6,zjh,f,19,87,90,2268496,2271154,142,54,learn_array_B,location-1,-3
6,zjh,f,19,149,144,2275924,2280637,93,36,learn_array_A,location-1,5
6,zjh,f,19,42,54,2285309,2288557,62,90,learn_array_B,location-2,-12
6,zjh,f,19,84,90,2293172,2306741,112,54,learn_array_B,location-1,-6
6,zjh,f,19,92,90,2311432,2314512,158,54,learn_array_B,location-1,2
6,zjh,f,19,153,144,2319247,2322650,163,36,learn_array_A,location-1,9
6,zjh,f,19,49,54,2327419,2332067,176,90,learn_array_B,location-2,-5
6,zjh,f,19,87,90,2336683,2341713,147,54,learn_array_B,location-1,-3
6,zjh,f,19,89,90,2346403,2353428,123,54,learn_array_B,location-1,-1
6,zjh,f,19,98,90,2358147,2360731,44,54,learn_array_B,location-1,8
6,zjh,f,19,145,144,2365398,2371578,149,36,learn_array_A,location-1,1
6,zjh,f,19,88,90,2376304,2379189,108,54,learn_array_B,location-1,-2
6,zjh,f,19,148,36,2383952,2386331,45,144,learn_array_A,location-2,-68
6,zjh,f,19,44,54,2390961,2401119,71,90,learn_array_B,location-2,-10
6,zjh,f,19,92,54,2405780,2407994,52,90,learn_array_B,location-2,38
6,zjh,f,19,154,144,2412668,2418434,78,36,learn_array_A,location-1,10
6,zjh,f,19,31,36,2423272,2430521,46,144,learn_array_A,location-2,-5
6,zjh,f,19,35,36,2435173,2437973,26,144,learn_array_A,location-2,-1
6,zjh,f,19,44,54,2442622,2447634,129,90,learn_array_B,location-2,-10
6,zjh,f,19,43,54,2452388,2461898,18,90,learn_array_B,location-2,-11
6,zjh,f,19,93,90,2466587,2468379,17,54,learn_array_B,location-1,3
6,zjh,f,19,153,144,2473011,2476061,113,36,learn_array_A,location-1,9
block,,,,,,,,,,,,
6,zjh,f,19,148,36,2495370,2497876,54,144,learn_array_A,location-2,-68
6,zjh,f,19,94,54,2502519,2505262,31,90,learn_array_B,location-2,40
6,zjh,f,19,91,90,2510056,2512191,77,54,learn_array_B,location-1,1
6,zjh,f,19,50,54,2516973,2521862,8,90,learn_array_B,location-2,-4
6,zjh,f,19,151,144,2526484,2530938,174,36,learn_array_A,location-1,7
6,zjh,f,19,150,144,2535604,2537673,12,36,learn_array_A,location-1,6
6,zjh,f,19,152,144,2542327,2549515,89,36,learn_array_A,location-1,8
6,zjh,f,19,49,54,2554283,2561015,12,90,learn_array_B,location-2,-5
6,zjh,f,19,92,90,2565823,2568489,131,54,learn_array_B,location-1,2
6,zjh,f,19,93,90,2573132,2576379,29,54,learn_array_B,location-1,3
6,zjh,f,19,98,90,2581178,2582875,21,54,learn_array_B,location-1,8
6,zjh,f,19,27,36,2587644,2594058,148,144,learn_array_A,location-2,-9
6,zjh,f,19,44,54,2598812,2602272,123,90,learn_array_B,location-2,-10
6,zjh,f,19,81,54,2606926,2608549,164,90,learn_array_B,location-2,27
6,zjh,f,19,90,90,2613199,2616909,53,54,learn_array_B,location-1,0
6,zjh,f,19,145,144,2621650,2622902,125,36,learn_array_A,location-1,1
6,zjh,f,19,91,90,2627568,2633097,76,54,learn_array_B,location-1,1
6,zjh,f,19,26,36,2637695,2640292,173,144,learn_array_A,location-2,-10
6,zjh,f,19,40,54,2644990,2647508,77,90,learn_array_B,location-2,-14
6,zjh,f,19,152,144,2652275,2654267,171,36,learn_array_A,location-1,8
6,zjh,f,19,48,54,2658861,2661438,89,90,learn_array_B,location-2,-6
6,zjh,f,19,153,144,2666253,2670603,10,36,learn_array_A,location-1,9
6,zjh,f,19,31,36,2675231,2679500,3,144,learn_array_A,location-2,-5
6,zjh,f,19,152,144,2684111,2685519,116,36,learn_array_A,location-1,8
6,zjh,f,19,55,54,2690112,2693514,144,90,learn_array_B,location-2,1
6,zjh,f,19,149,36,2698253,2699950,169,144,learn_array_A,location-2,-67
6,zjh,f,19,37,36,2704574,2707306,80,144,learn_array_A,location-2,1
6,zjh,f,19,30,36,2712131,2717248,118,144,learn_array_A,location-2,-6
6,zjh,f,19,87,90,2721907,2725382,115,54,learn_array_B,location-1,-3
6,zjh,f,19,30,36,2730085,2732968,128,144,learn_array_A,location-2,-6
6,zjh,f,19,151,144,2737775,2739908,41,36,learn_array_A,location-1,7
6,zjh,f,19,42,90,2744674,2749002,143,54,learn_array_B,location-1,-48
block,,,,,,,,,,,,
6,zjh,f,19,32,36,2755674,2758615,60,144,learn_array_A,location-2,-4
6,zjh,f,19,88,54,2763253,2765169,123,90,learn_array_B,location-2,34
6,zjh,f,19,52,54,2769872,2771787,33,90,learn_array_B,location-2,-2
6,zjh,f,19,43,144,2776473,2782831,115,36,learn_array_A,location-1,79
6,zjh,f,19,89,90,2787512,2792178,127,54,learn_array_B,location-1,-1
6,zjh,f,19,50,54,2796992,2799291,114,90,learn_array_B,location-2,-4
6,zjh,f,19,81,54,2803949,2806017,82,90,learn_array_B,location-2,27
6,zjh,f,19,33,36,2810851,2814182,104,144,learn_array_A,location-2,-3
6,zjh,f,19,91,90,2818918,2823700,14,54,learn_array_B,location-1,1
6,zjh,f,19,53,54,2828307,2830972,166,90,learn_array_B,location-2,-1
6,zjh,f,19,152,144,2835587,2844663,155,36,learn_array_A,location-1,8
6,zjh,f,19,92,90,2849402,2852645,59,54,learn_array_B,location-1,2
6,zjh,f,19,51,54,2857357,2861874,101,90,learn_array_B,location-2,-3
6,zjh,f,19,156,36,2866660,2868357,51,144,learn_array_A,location-2,-60
6,zjh,f,19,48,54,2873099,2875749,137,90,learn_array_B,location-2,-6
6,zjh,f,19,33,36,2880462,2883779,41,144,learn_array_A,location-2,-3
6,zjh,f,19,52,90,2888400,2896063,148,54,learn_array_B,location-1,-38
6,zjh,f,19,31,36,2900802,2903027,131,144,learn_array_A,location-2,-5
6,zjh,f,19,86,90,2907650,2909647,153,54,learn_array_B,location-1,-4
6,zjh,f,19,30,36,2914435,2919106,161,144,learn_array_A,location-2,-6
6,zjh,f,19,153,144,2923723,2931903,166,36,learn_array_A,location-1,9
6,zjh,f,19,153,144,2936575,2943120,129,36,learn_array_A,location-1,9
6,zjh,f,19,87,90,2947945,2953606,164,54,learn_array_B,location-1,-3
6,zjh,f,19,149,144,2958216,2960803,72,36,learn_array_A,location-1,5
6,zjh,f,19,152,144,2965530,2967808,76,36,learn_array_A,location-1,8
6,zjh,f,19,146,144,2972583,2976570,71,36,learn_array_A,location-1,2
6,zjh,f,19,29,36,2981407,2990995,65,144,learn_array_A,location-2,-7
6,zjh,f,19,146,144,2995585,2998012,45,36,learn_array_A,location-1,2
6,zjh,f,19,45,54,3002715,3008617,127,90,learn_array_B,location-2,-9
6,zjh,f,19,91,90,3013284,3016165,114,54,learn_array_B,location-1,1
6,zjh,f,19,28,36,3020807,3025022,168,144,learn_array_A,location-2,-8
6,zjh,f,19,91,90,3029757,3040527,170,54,learn_array_B,location-1,1
block,,,,,,,,,,,,
6,zjh,f,19,29,36,3048250,3050828,97,144,learn_array_A,location-2,-7
6,zjh,f,19,154,144,3055649,3057931,114,36,learn_array_A,location-1,10
6,zjh,f,19,148,144,3062744,3065913,31,36,learn_array_A,location-1,4
6,zjh,f,19,41,54,3070641,3073292,163,90,learn_array_B,location-2,-13
6,zjh,f,19,46,54,3078076,3082662,98,90,learn_array_B,location-2,-8
6,zjh,f,19,38,36,3087268,3090737,72,144,learn_array_A,location-2,2
6,zjh,f,19,147,144,3095557,3097847,32,36,learn_array_A,location-1,3
6,zjh,f,19,54,54,3102545,3104982,9,90,learn_array_B,location-2,0
6,zjh,f,19,80,90,3109575,3112019,173,54,learn_array_B,location-1,-10
6,zjh,f,19,77,90,3116664,3120647,42,54,learn_array_B,location-1,-13
6,zjh,f,19,72,90,3125445,3128319,39,54,learn_array_B,location-1,-18
6,zjh,f,19,87,90,3132948,3136571,104,54,learn_array_B,location-1,-3
6,zjh,f,19,93,54,3141312,3144498,79,90,learn_array_B,location-2,39
6,zjh,f,19,32,36,3149274,3155393,130,144,learn_array_A,location-2,-4
6,zjh,f,19,52,54,3160112,3162178,66,90,learn_array_B,location-2,-2
6,zjh,f,19,31,36,3167016,3171579,25,144,learn_array_A,location-2,-5
6,zjh,f,19,45,54,3176269,3185171,62,90,learn_array_B,location-2,-9
6,zjh,f,19,95,90,3189902,3193146,38,54,learn_array_B,location-1,5
6,zjh,f,19,38,36,3197834,3202208,103,144,learn_array_A,location-2,2
6,zjh,f,19,151,144,3206828,3211242,139,36,learn_array_A,location-1,7
6,zjh,f,19,36,36,3216045,3220946,171,144,learn_array_A,location-2,0
6,zjh,f,19,148,144,3225569,3228669,3,36,learn_array_A,location-1,4
6,zjh,f,19,152,144,3233352,3237699,159,36,learn_array_A,location-1,8
6,zjh,f,19,90,90,3242396,3247053,149,54,learn_array_B,location-1,0
6,zjh,f,19,150,144,3251841,3253919,25,36,learn_array_A,location-1,6
6,zjh,f,19,46,54,3258511,3261307,115,90,learn_array_B,location-2,-8
6,zjh,f,19,89,90,3265932,3267481,141,54,learn_array_B,location-1,-1
6,zjh,f,19,30,36,3272149,3274647,37,144,learn_array_A,location-2,-6
6,zjh,f,19,52,54,3279380,3285130,8,90,learn_array_B,location-2,-2
6,zjh,f,19,147,144,3289839,3292793,164,36,learn_array_A,location-1,3
6,zjh,f,19,144,36,3297466,3299014,172,144,learn_array_A,location-2,-72
6,zjh,f,19,101,90,3303799,3306467,100,54,learn_array_B,location-1,11
block,,,,,,,,,,,,
6,zjh,f,19,85,54,3335706,3338124,66,90,learn_array_B,location-2,31
6,zjh,f,19,92,90,3342838,3345787,84,54,learn_array_B,location-1,2
6,zjh,f,19,153,36,3350505,3352945,38,144,learn_array_A,location-2,-63
6,zjh,f,19,51,54,3357573,3359944,91,90,learn_array_B,location-2,-3
6,zjh,f,19,57,54,3364575,3366368,155,90,learn_array_B,location-2,3
6,zjh,f,19,94,90,3371121,3372456,72,54,learn_array_B,location-1,4
6,zjh,f,19,150,144,3377232,3380709,78,36,learn_array_A,location-1,6
6,zjh,f,19,151,144,3385487,3387556,176,36,learn_array_A,location-1,7
6,zjh,f,19,78,90,3392154,3394007,173,54,learn_array_B,location-1,-12
6,zjh,f,19,56,54,3398707,3401458,172,90,learn_array_B,location-2,2
6,zjh,f,19,151,144,3406273,3409388,84,36,learn_array_A,location-1,7
6,zjh,f,19,45,36,3414164,3418250,38,144,learn_array_A,location-2,9
6,zjh,f,19,34,36,3422888,3426374,69,144,learn_array_A,location-2,-2
6,zjh,f,19,153,144,3431147,3433072,98,36,learn_array_A,location-1,9
6,zjh,f,19,90,90,3437814,3440178,105,54,learn_array_B,location-1,0
6,zjh,f,19,44,54,3444804,3446658,48,90,learn_array_B,location-2,-10
6,zjh,f,19,33,36,3451423,3460876,47,144,learn_array_A,location-2,-3
6,zjh,f,19,88,90,3465490,3465564,16,54,learn_array_B,location-1,-2
6,zjh,f,19,23,36,3470334,3472466,46,144,learn_array_A,location-2,-13
6,zjh,f,19,164,54,3477089,3477163,129,90,learn_array_B,location-2,-70
6,zjh,f,19,46,36,3481780,3483414,37,144,learn_array_A,location-2,10
6,zjh,f,19,94,90,3488118,3490880,29,54,learn_array_B,location-1,4
6,zjh,f,19,61,54,3495531,3500892,159,90,learn_array_B,location-2,7
6,zjh,f,19,157,144,3505545,3511785,32,36,learn_array_A,location-1,13
6,zjh,f,19,95,90,3516519,3520444,42,54,learn_array_B,location-1,5
6,zjh,f,19,150,144,3525041,3527345,29,36,learn_array_A,location-1,6
6,zjh,f,19,93,90,3532023,3534535,31,54,learn_array_B,location-1,3
6,zjh,f,19,54,54,3539141,3541954,97,90,learn_array_B,location-2,0
6,zjh,f,19,49,36,3546779,3548921,92,144,learn_array_A,location-2,13
6,zjh,f,19,152,144,3553591,3555509,116,36,learn_array_A,location-1,8
6,zjh,f,19,149,144,3560298,3563401,37,36,learn_array_A,location-1,5
6,zjh,f,19,37,36,3568045,3570779,147,144,learn_array_A,location-2,1
block,,,,,,,,,,,,
6,zjh,f,19,26,36,3598648,3601381,63,144,learn_array_A,location-2,-10
6,zjh,f,19,23,36,3606212,3608131,172,144,learn_array_A,location-2,-13
6,zjh,f,19,82,90,3612798,3614943,15,54,learn_array_B,location-1,-8
6,zjh,f,19,94,90,3619555,3621322,66,54,learn_array_B,location-1,4
6,zjh,f,19,25,36,3625954,3627942,84,144,learn_array_A,location-2,-11
6,zjh,f,19,51,54,3632590,3640016,88,90,learn_array_B,location-2,-3
6,zjh,f,19,48,54,3644682,3647929,51,90,learn_array_B,location-2,-6
6,zjh,f,19,88,90,3652523,3654806,150,54,learn_array_B,location-1,-2
6,zjh,f,19,53,54,3659563,3662075,50,90,learn_array_B,location-2,-1
6,zjh,f,19,148,144,3666776,3674668,107,36,learn_array_A,location-1,4
6,zjh,f,19,38,36,3679505,3683352,79,144,learn_array_A,location-2,2
6,zjh,f,19,154,36,3688119,3691981,134,144,learn_array_A,location-2,-62
6,zjh,f,19,155,144,3696689,3700102,156,36,learn_array_A,location-1,11
6,zjh,f,19,93,90,3704758,3706824,61,54,learn_array_B,location-1,3
6,zjh,f,19,93,90,3711482,3715629,29,54,learn_array_B,location-1,3
6,zjh,f,19,33,36,3720311,3723864,120,144,learn_array_A,location-2,-3
6,zjh,f,19,37,54,3728597,3735141,73,90,learn_array_B,location-2,-17
6,zjh,f,19,149,144,3739806,3741876,15,36,learn_array_A,location-1,5
6,zjh,f,19,91,54,3746569,3748341,81,90,learn_array_B,location-2,37
6,zjh,f,19,56,54,3753029,3756208,39,90,learn_array_B,location-2,2
6,zjh,f,19,129,144,3760856,3763655,60,36,learn_array_A,location-1,-15
6,zjh,f,19,47,54,3768308,3770741,102,90,learn_array_B,location-2,-7
6,zjh,f,19,90,90,3775342,3777566,157,54,learn_array_B,location-1,0
6,zjh,f,19,55,54,3782245,3784760,112,90,learn_array_B,location-2,1
6,zjh,f,19,23,36,3789378,3801255,91,144,learn_array_A,location-2,-13
6,zjh,f,19,90,90,3805920,3809855,18,54,learn_array_B,location-1,0
6,zjh,f,19,157,144,3814644,3820423,104,36,learn_array_A,location-1,13
6,zjh,f,19,34,36,3825052,3828898,17,144,learn_array_A,location-2,-2
6,zjh,f,19,154,144,3833712,3835271,126,36,learn_array_A,location-1,10
6,zjh,f,19,148,144,3839949,3841814,17,36,learn_array_A,location-1,4
6,zjh,f,19,39,144,3846608,3848611,70,36,learn_array_A,location-1,75
6,zjh,f,19,95,90,3853353,3855723,136,54,learn_array_B,location-1,5
block,,,,,,,,,,,,
6,zjh,f,19,54,54,3873851,3876950,103,90,learn_array_B,location-2,0
6,zjh,f,19,92,90,3881607,3884470,59,54,learn_array_B,location-1,2
6,zjh,f,19,52,54,3889220,3892552,164,90,learn_array_B,location-2,-2
6,zjh,f,19,47,54,3897341,3901201,62,90,learn_array_B,location-2,-7
6,zjh,f,19,89,90,3905823,3909865,145,54,learn_array_B,location-1,-1
6,zjh,f,19,150,144,3914602,3918297,159,36,learn_array_A,location-1,6
6,zjh,f,19,35,36,3923009,3925297,141,144,learn_array_A,location-2,-1
6,zjh,f,19,152,144,3929944,3932387,142,36,learn_array_A,location-1,8
6,zjh,f,19,85,54,3937141,3939587,74,90,learn_array_B,location-2,31
6,zjh,f,19,57,54,3944276,3946571,120,90,learn_array_B,location-2,3
6,zjh,f,19,149,36,3951204,3954760,27,144,learn_array_A,location-2,-67
6,zjh,f,19,139,144,3959500,3961269,37,36,learn_array_A,location-1,-5
6,zjh,f,19,141,36,3965937,3967340,48,144,learn_array_A,location-2,-75
6,zjh,f,19,50,54,3972070,3976006,118,90,learn_array_B,location-2,-4
6,zjh,f,19,144,144,3980720,3983922,71,36,learn_array_A,location-1,0
6,zjh,f,19,102,90,3988663,3992209,23,54,learn_array_B,location-1,12
6,zjh,f,19,95,90,3996927,4000547,20,54,learn_array_B,location-1,5
6,zjh,f,19,39,36,4005194,4017097,87,144,learn_array_A,location-2,3
6,zjh,f,19,151,144,4021708,4024143,139,36,learn_array_A,location-1,7
6,zjh,f,19,49,36,4028809,4030722,141,144,learn_array_A,location-2,13
6,zjh,f,19,150,144,4035453,4037891,9,36,learn_array_A,location-1,6
6,zjh,f,19,67,54,4042571,4049290,173,90,learn_array_B,location-2,13
6,zjh,f,19,29,36,4054100,4062478,77,144,learn_array_A,location-2,-7
6,zjh,f,19,32,36,4067101,4068954,12,144,learn_array_A,location-2,-4
6,zjh,f,19,152,144,4073616,4075317,14,36,learn_array_A,location-1,8
6,zjh,f,19,26,144,4080125,4081457,170,36,learn_array_A,location-1,62
6,zjh,f,19,101,90,4086132,4088422,63,54,learn_array_B,location-1,11
6,zjh,f,19,94,90,4093103,4094577,78,54,learn_array_B,location-1,4
6,zjh,f,19,98,90,4099335,4101333,51,54,learn_array_B,location-1,8
6,zjh,f,19,38,36,4106076,4111773,32,144,learn_array_A,location-2,2
6,zjh,f,19,92,90,4116564,4118634,6,54,learn_array_B,location-1,2
6,zjh,f,19,58,54,4123379,4128174,137,90,learn_array_B,location-2,4
block,,,,,,,,,,,,
6,zjh,f,19,58,54,4183082,4187197,94,90,learn_array_B,location-2,4
6,zjh,f,19,94,90,4191994,4194782,97,54,learn_array_B,location-1,4
6,zjh,f,19,87,90,4199408,4201106,18,54,learn_array_B,location-1,-3
6,zjh,f,19,148,144,4205908,4209088,76,36,learn_array_A,location-1,4
6,zjh,f,19,42,36,4213849,4215623,79,144,learn_array_A,location-2,6
6,zjh,f,19,91,54,4220440,4223839,23,90,learn_array_B,location-2,37
6,zjh,f,19,151,144,4228589,4230656,131,36,learn_array_A,location-1,7
6,zjh,f,19,32,144,4235251,4237917,65,36,learn_array_A,location-1,68
6,zjh,f,19,37,36,4242534,4244233,60,144,learn_array_A,location-2,1
6,zjh,f,19,85,54,4248855,4250702,166,90,learn_array_B,location-2,31
6,zjh,f,19,48,54,4255452,4257804,26,90,learn_array_B,location-2,-6
6,zjh,f,19,146,36,4262609,4264090,38,144,learn_array_A,location-2,-70
6,zjh,f,19,37,36,4268794,4271607,105,144,learn_array_A,location-2,2
6,zjh,f,19,151,144,4276383,4277940,121,36,learn_array_A,location-1,7
6,zjh,f,19,55,54,4282605,4284512,45,90,learn_array_B,location-2,1
6,zjh,f,19,36,36,4289303,4294461,83,144,learn_array_A,location-2,0
6,zjh,f,19,80,90,4299181,4301394,135,54,learn_array_B,location-1,-10
6,zjh,f,19,150,144,4306101,4308619,67,36,learn_array_A,location-1,6
6,zjh,f,19,32,36,4313343,4316441,4,144,learn_array_A,location-2,-4
6,zjh,f,19,93,90,4321222,4325446,46,54,learn_array_B,location-1,3
6,zjh,f,19,131,144,4330246,4335057,70,36,learn_array_A,location-1,-13
6,zjh,f,19,42,36,4339784,4341469,75,144,learn_array_A,location-2,6
6,zjh,f,19,154,144,4346080,4348007,104,36,learn_array_A,location-1,10
6,zjh,f,19,43,54,4352738,4359382,84,90,learn_array_B,location-2,-11
6,zjh,f,19,55,54,4364012,4366900,129,90,learn_array_B,location-2,1
6,zjh,f,19,93,90,4371594,4373073,40,54,learn_array_B,location-1,3
6,zjh,f,19,148,144,4377754,4379305,107,36,learn_array_A,location-1,4
6,zjh,f,19,95,90,4383932,4385636,29,54,learn_array_B,location-1,5
6,zjh,f,19,88,90,4390364,4396036,90,54,learn_array_B,location-1,-2
6,zjh,f,19,97,90,4400829,4402968,112,54,learn_array_B,location-1,7
6,zjh,f,19,54,54,4407753,4412411,117,90,learn_array_B,location-2,0
6,zjh,f,19,32,36,4417124,4418744,18,144,learn_array_A,location-2,-4
block,,,,,,,,,,,,
6,zjh,f,19,149,36,4468154,4469548,102,144,learn_array_A,location-2,-67
6,zjh,f,19,51,54,4474365,4477103,35,90,learn_array_B,location-2,-3
6,zjh,f,19,60,54,4481854,4484070,147,90,learn_array_B,location-2,6
6,zjh,f,19,53,54,4488732,4490877,40,90,learn_array_B,location-2,-1
6,zjh,f,19,91,90,4495575,4499033,6,54,learn_array_B,location-1,1
6,zjh,f,19,30,54,4503673,4511219,96,90,learn_array_B,location-2,-24
6,zjh,f,19,32,36,4515848,4520711,116,144,learn_array_A,location-2,-4
6,zjh,f,19,93,90,4525356,4528153,111,54,learn_array_B,location-1,3
6,zjh,f,19,56,54,4532936,4537948,74,90,learn_array_B,location-2,2
6,zjh,f,19,27,36,4542551,4545196,94,144,learn_array_A,location-2,-9
6,zjh,f,19,90,54,4550029,4551206,46,90,learn_array_B,location-2,36
6,zjh,f,19,146,144,4555853,4557109,56,36,learn_array_A,location-1,2
6,zjh,f,19,21,36,4561724,4564841,126,144,learn_array_A,location-2,-15
6,zjh,f,19,142,144,4569623,4573094,156,36,learn_array_A,location-1,-2
6,zjh,f,19,60,54,4577915,4581487,36,90,learn_array_B,location-2,6
6,zjh,f,19,154,144,4586218,4589633,82,36,learn_array_A,location-1,10
6,zjh,f,19,151,144,4594303,4596678,31,36,learn_array_A,location-1,7
6,zjh,f,19,92,90,4601379,4604262,128,54,learn_array_B,location-1,2
6,zjh,f,19,32,36,4608877,4613299,17,144,learn_array_A,location-2,-4
6,zjh,f,19,147,36,4618071,4620887,147,144,learn_array_A,location-2,-69
6,zjh,f,19,133,144,4625514,4627212,50,36,learn_array_A,location-1,-11
6,zjh,f,19,150,144,4631990,4633392,135,36,learn_array_A,location-1,6
6,zjh,f,19,149,144,4638232,4640301,87,36,learn_array_A,location-1,5
6,zjh,f,19,56,54,4645005,4648188,170,90,learn_array_B,location-2,2
6,zjh,f,19,92,90,4652883,4654880,55,54,learn_array_B,location-1,2
6,zjh,f,19,150,36,4659665,4662622,90,144,learn_array_A,location-2,-66
6,zjh,f,19,152,144,4667399,4669240,56,36,learn_array_A,location-1,8
6,zjh,f,19,98,90,4674035,4675880,37,54,learn_array_B,location-1,8
6,zjh,f,19,98,90,4680536,4680758,134,54,learn_array_B,location-1,8
6,zjh,f,19,90,90,4685507,4686766,177,54,learn_array_B,location-1,0
6,zjh,f,19,89,90,4691440,4693367,97,54,learn_array_B,location-1,-1
6,zjh,f,19,38,36,4698089,4699489,47,144,learn_array_A,location-2,2
block,,,,,,,,,,,,
6,zjh,f,19,149,36,4708218,4710286,121,144,learn_array_A,location-2,-67
6,zjh,f,19,36,36,4714883,4716874,84,144,learn_array_A,location-2,0
6,zjh,f,19,93,90,4721599,4722925,167,54,learn_array_B,location-1,3
6,zjh,f,19,149,144,4727692,4729168,142,36,learn_array_A,location-1,5
6,zjh,f,19,95,90,4733847,4736506,163,54,learn_array_B,location-1,5
6,zjh,f,19,53,54,4741222,4743438,76,90,learn_array_B,location-2,-1
6,zjh,f,19,31,36,4748166,4751647,18,144,learn_array_A,location-2,-5
6,zjh,f,19,150,144,4756364,4759606,47,36,learn_array_A,location-1,6
6,zjh,f,19,28,36,4764199,4767743,89,144,learn_array_A,location-2,-8
6,zjh,f,19,23,36,4772341,4776707,39,144,learn_array_A,location-2,-13
6,zjh,f,19,152,144,4781529,4784249,36,36,learn_array_A,location-1,8
6,zjh,f,19,52,54,4789000,4792090,80,90,learn_array_B,location-2,-2
6,zjh,f,19,92,90,4796872,4798132,10,54,learn_array_B,location-1,2
6,zjh,f,19,152,144,4802895,4805259,74,36,learn_array_A,location-1,8
6,zjh,f,19,97,90,4810094,4812760,86,54,learn_array_B,location-1,7
6,zjh,f,19,58,54,4817512,4820237,144,90,learn_array_B,location-2,4
6,zjh,f,19,158,36,4824880,4826513,144,144,learn_array_A,location-2,-58
6,zjh,f,19,91,90,4831297,4833214,65,54,learn_array_B,location-1,1
6,zjh,f,19,96,90,4837949,4839049,63,54,learn_array_B,location-1,6
6,zjh,f,19,28,36,4843737,4845875,24,144,learn_array_A,location-2,-8
6,zjh,f,19,57,54,4850547,4855646,106,90,learn_array_B,location-2,3
6,zjh,f,19,152,144,4860331,4862030,44,36,learn_array_A,location-1,8
6,zjh,f,19,89,90,4866725,4870189,37,54,learn_array_B,location-1,-1
6,zjh,f,19,144,144,4875000,4876998,8,36,learn_array_A,location-1,0
6,zjh,f,19,91,54,4881785,4883778,86,90,learn_array_B,location-2,37
6,zjh,f,19,62,54,4888502,4890646,168,90,learn_array_B,location-2,8
6,zjh,f,19,147,144,4895422,4896681,56,36,learn_array_A,location-1,3
6,zjh,f,19,28,36,4901502,4903129,124,144,learn_array_A,location-2,-8
6,zjh,f,19,147,144,4907887,4911288,147,36,learn_array_A,location-1,3
6,zjh,f,19,56,54,4915913,4924192,52,90,learn_array_B,location-2,2
6,zjh,f,19,87,54,4928955,4930362,97,90,learn_array_B,location-2,33
6,zjh,f,19,94,90,4934986,4936837,53,54,learn_array_B,location-1,4
block,,,,,,,,,,,,
6,zjh,f,19,146,36,4951786,4954801,174,144,learn_array_A,location-2,-70
6,zjh,f,19,93,90,4959616,4961688,158,54,learn_array_B,location-1,3
6,zjh,f,19,59,54,4966338,4969438,176,90,learn_array_B,location-2,5
6,zjh,f,19,36,36,4974217,4978433,53,144,learn_array_A,location-2,0
6,zjh,f,19,91,54,4983230,4985305,103,90,learn_array_B,location-2,37
6,zjh,f,19,30,36,4989933,4992596,78,144,learn_array_A,location-2,-6
6,zjh,f,19,93,90,4997382,5006372,40,54,learn_array_B,location-1,3
6,zjh,f,19,59,54,5010986,5013864,8,90,learn_array_B,location-2,5
6,zjh,f,19,93,90,5018647,5021991,104,54,learn_array_B,location-1,3
6,zjh,f,19,63,54,5026712,5029219,148,90,learn_array_B,location-2,9
6,zjh,f,19,31,36,5033908,5039910,71,144,learn_array_A,location-2,-5
6,zjh,f,19,56,54,5044635,5048101,74,90,learn_array_B,location-2,2
6,zjh,f,19,150,144,5052785,5055303,96,36,learn_array_A,location-1,6
6,zjh,f,19,152,144,5060053,5062858,32,36,learn_array_A,location-1,8
6,zjh,f,19,30,36,5067594,5072094,99,144,learn_array_A,location-2,-6
6,zjh,f,19,92,90,5076904,5079431,107,54,learn_array_B,location-1,2
6,zjh,f,19,91,90,5084170,5087281,176,54,learn_array_B,location-1,1
6,zjh,f,19,30,36,5091987,5094949,108,144,learn_array_A,location-2,-6
6,zjh,f,19,61,54,5099564,5101996,56,90,learn_array_B,location-2,7
6,zjh,f,19,153,144,5106586,5109030,97,36,learn_array_A,location-1,9
6,zjh,f,19,152,144,5113819,5117524,167,36,learn_array_A,location-1,8
6,zjh,f,19,38,36,5122170,5128818,110,144,learn_array_A,location-2,2
6,zjh,f,19,154,144,5133655,5137204,159,36,learn_array_A,location-1,10
6,zjh,f,19,154,144,5141866,5144152,34,36,learn_array_A,location-1,10
6,zjh,f,19,154,144,5148864,5152333,11,36,learn_array_A,location-1,10
6,zjh,f,19,93,90,5156957,5161305,82,54,learn_array_B,location-1,3
6,zjh,f,19,61,90,5166084,5168374,150,54,learn_array_B,location-1,-29
6,zjh,f,19,93,54,5173053,5175355,177,90,learn_array_B,location-2,39
6,zjh,f,19,60,54,5179997,5183382,170,90,learn_array_B,location-2,6
6,zjh,f,19,149,144,5188221,5191036,3,36,learn_array_A,location-1,5
6,zjh,f,19,34,36,5195783,5200800,44,144,learn_array_A,location-2,-2
6,zjh,f,19,148,90,5205408,5219315,146,54,learn_array_B,location-1,58
block,,,,,,,,,,,,
6,zjh,f,19,95,54,5269210,5271117,6,90,learn_array_B,location-2,41
6,zjh,f,19,68,54,5275872,5278821,155,90,learn_array_B,location-2,14
6,zjh,f,19,92,54,5283463,5284644,5,90,learn_array_B,location-2,38
6,zjh,f,19,34,36,5289252,5292194,152,144,learn_array_A,location-2,-2
6,zjh,f,19,97,90,5296975,5299261,29,54,learn_array_B,location-1,7
6,zjh,f,19,150,144,5303995,5307338,26,36,learn_array_A,location-1,6
6,zjh,f,19,35,36,5312049,5314495,68,144,learn_array_A,location-2,-1
6,zjh,f,19,32,36,5319301,5322979,141,144,learn_array_A,location-2,-4
6,zjh,f,19,32,36,5327649,5328820,141,144,learn_array_A,location-2,-4
6,zjh,f,19,93,90,5333601,5338182,16,54,learn_array_B,location-1,3
6,zjh,f,19,148,144,5343005,5344564,57,36,learn_array_A,location-1,4
6,zjh,f,19,39,36,5349352,5350754,49,144,learn_array_A,location-2,3
6,zjh,f,19,56,54,5355431,5359291,160,90,learn_array_B,location-2,2
6,zjh,f,19,151,144,5363967,5367816,87,36,learn_array_A,location-1,7
6,zjh,f,19,89,90,5372426,5374570,48,54,learn_array_B,location-1,-1
6,zjh,f,19,44,54,5379258,5382884,101,90,learn_array_B,location-2,-10
6,zjh,f,19,89,90,5387502,5389879,111,54,learn_array_B,location-1,-1
6,zjh,f,19,91,90,5394706,5396778,127,54,learn_array_B,location-1,1
6,zjh,f,19,70,54,5401508,5410134,178,90,learn_array_B,location-2,16
6,zjh,f,19,157,144,5414845,5441611,134,36,learn_array_A,location-1,13
6,zjh,f,19,31,36,5446313,5450823,85,144,learn_array_A,location-2,-5
6,zjh,f,19,149,144,5455494,5457949,100,36,learn_array_A,location-1,5
6,zjh,f,19,94,90,5462615,5483387,0,54,learn_array_B,location-1,4
6,zjh,f,19,150,36,5488030,5489958,69,144,learn_array_A,location-2,-66
6,zjh,f,19,152,144,5494613,5496695,164,36,learn_array_A,location-1,8
6,zjh,f,19,62,54,5501383,5505751,123,90,learn_array_B,location-2,8
6,zjh,f,19,90,54,5510377,5512674,16,90,learn_array_B,location-2,36
6,zjh,f,19,149,144,5517477,5519693,82,36,learn_array_A,location-1,5
6,zjh,f,19,151,144,5524303,5525929,86,36,learn_array_A,location-1,7
6,zjh,f,19,32,36,5530613,5533711,137,144,learn_array_A,location-2,-4
6,zjh,f,19,96,90,5538417,5539674,172,54,learn_array_B,location-1,6
6,zjh,f,19,95,90,5544330,5548203,95,54,learn_array_B,location-1,5
block,,,,,,,,,,,,
6,zjh,f,19,91,90,5558954,5562799,147,54,learn_array_B,location-1,1
6,zjh,f,19,54,54,5567457,5571955,178,90,learn_array_B,location-2,0
6,zjh,f,19,31,36,5576623,5579814,141,144,learn_array_A,location-2,-5
6,zjh,f,19,55,54,5584479,5586180,160,90,learn_array_B,location-2,1
6,zjh,f,19,50,54,5590790,5596189,86,90,learn_array_B,location-2,-4
6,zjh,f,19,150,144,5600872,5604694,16,36,learn_array_A,location-1,6
6,zjh,f,19,92,90,5609465,5614946,148,54,learn_array_B,location-1,2
6,zjh,f,19,154,144,5619699,5629269,33,36,learn_array_A,location-1,10
6,zjh,f,19,156,144,5633899,5639798,5,36,learn_array_A,location-1,12
6,zjh,f,19,61,54,5644587,5660465,82,90,learn_array_B,location-2,7
6,zjh,f,19,156,144,5665133,5685590,173,36,learn_array_A,location-1,12
6,zjh,f,19,94,90,5690289,5693523,59,54,learn_array_B,location-1,4
6,zjh,f,19,95,90,5698278,5700128,69,54,learn_array_B,location-1,5
6,zjh,f,19,55,54,5704883,5714061,166,90,learn_array_B,location-2,1
6,zjh,f,19,148,144,5718760,5723941,24,36,learn_array_A,location-1,4
6,zjh,f,19,32,36,5728777,5732032,53,144,learn_array_A,location-2,-4
6,zjh,f,19,30,36,5736863,5740426,156,144,learn_array_A,location-2,-6
6,zjh,f,19,49,54,5745115,5747917,82,90,learn_array_B,location-2,-5
6,zjh,f,19,36,36,5752538,5754538,53,144,learn_array_A,location-2,0
6,zjh,f,19,151,144,5759152,5762192,115,36,learn_array_A,location-1,7
6,zjh,f,19,58,54,5766928,5778398,1,90,learn_array_B,location-2,4
6,zjh,f,19,91,90,5783048,5812799,110,54,learn_array_B,location-1,1
6,zjh,f,19,55,90,5817503,5819132,163,54,learn_array_B,location-1,-35
6,zjh,f,19,155,144,5823931,5825938,155,36,learn_array_A,location-1,11
6,zjh,f,19,36,36,5830654,5833451,139,144,learn_array_A,location-2,0
6,zjh,f,19,97,90,5838120,5840193,25,54,learn_array_B,location-1,7
6,zjh,f,19,27,36,5844813,5846960,45,144,learn_array_A,location-2,-9
6,zjh,f,19,33,54,5851773,5855254,85,90,learn_array_B,location-2,-21
6,zjh,f,19,83,90,5859904,5863535,121,54,learn_array_B,location-1,-7
6,zjh,f,19,34,36,5868276,5880722,11,144,learn_array_A,location-2,-2
6,zjh,f,19,157,144,5885406,5892094,60,36,learn_array_A,location-1,13
6,zjh,f,19,149,36,5896714,5898407,22,144,learn_array_A,location-2,-67
block,,,,,,,,,,,,
