subj,name,gender,age,col_resp,target_angle,start_time,resp_time,start_angle,other_angle,learn_array,location,d_value
7,hx,f,19,75,72,8157,11637,50,54,learn_array_A,location-1,3
7,hx,f,19,5,18,16451,22073,168,108,learn_array_B,location-1,-13
7,hx,f,19,15,18,26759,29693,162,108,learn_array_B,location-1,-3
7,hx,f,19,56,54,34424,38634,158,72,learn_array_A,location-2,2
7,hx,f,19,117,108,43383,46115,97,18,learn_array_B,location-2,9
7,hx,f,19,53,54,50865,53078,159,72,learn_array_A,location-2,-1
7,hx,f,19,118,108,57897,62765,7,18,learn_array_B,location-2,10
7,hx,f,19,78,72,67458,69744,9,54,learn_array_A,location-1,6
7,hx,f,19,60,54,74577,77226,22,72,learn_array_A,location-2,6
7,hx,f,19,60,54,81895,83954,148,72,learn_array_A,location-2,6
7,hx,f,19,120,108,88632,91348,30,18,learn_array_B,location-2,12
7,hx,f,19,56,54,96132,99819,69,72,learn_array_A,location-2,2
7,hx,f,19,68,72,104649,109068,133,54,learn_array_A,location-1,-4
7,hx,f,19,111,108,113680,116856,159,18,learn_array_B,location-2,3
7,hx,f,19,116,108,121449,125430,53,18,learn_array_B,location-2,8
7,hx,f,19,21,18,130113,135359,26,108,learn_array_B,location-1,3
7,hx,f,19,15,18,140039,142695,46,108,learn_array_B,location-1,-3
7,hx,f,19,52,54,147444,149862,100,72,learn_array_A,location-2,-2
7,hx,f,19,116,108,154572,158114,129,18,learn_array_B,location-2,8
7,hx,f,19,9,18,162839,165495,0,108,learn_array_B,location-1,-9
7,hx,f,19,16,18,170254,173778,159,108,learn_array_B,location-1,-2
7,hx,f,19,51,54,178374,180435,105,72,learn_array_A,location-2,-3
7,hx,f,19,73,72,185029,187522,9,54,learn_array_A,location-1,1
7,hx,f,19,52,54,192294,194059,85,72,learn_array_A,location-2,-2
7,hx,f,19,70,72,198866,202252,104,54,learn_array_A,location-1,-2
7,hx,f,19,69,72,207037,210057,47,54,learn_array_A,location-1,-3
7,hx,f,19,12,18,214806,217753,3,108,learn_array_B,location-1,-6
7,hx,f,19,113,108,222516,227450,135,18,learn_array_B,location-2,5
7,hx,f,19,112,108,232245,235405,72,18,learn_array_B,location-2,4
7,hx,f,19,68,72,240053,242483,66,54,learn_array_A,location-1,-4
7,hx,f,19,21,18,247218,249350,71,108,learn_array_B,location-1,3
7,hx,f,19,72,72,254024,256674,119,54,learn_array_A,location-1,0
block,,,,,,,,,,,,
7,hx,f,19,64,72,307946,310446,37,54,learn_array_A,location-1,-8
7,hx,f,19,55,54,315242,318189,71,72,learn_array_A,location-2,1
7,hx,f,19,56,54,322829,327449,104,72,learn_array_A,location-2,2
7,hx,f,19,119,108,332135,339513,140,18,learn_array_B,location-2,11
7,hx,f,19,17,18,344144,346044,75,108,learn_array_B,location-1,-1
7,hx,f,19,112,18,350782,355203,31,108,learn_array_B,location-1,-86
7,hx,f,19,14,18,359805,363330,134,108,learn_array_B,location-1,-4
7,hx,f,19,81,72,367974,370619,41,54,learn_array_A,location-1,9
7,hx,f,19,60,54,375440,377869,61,72,learn_array_A,location-2,6
7,hx,f,19,119,108,382530,385243,98,18,learn_array_B,location-2,11
7,hx,f,19,78,72,389920,395531,50,54,learn_array_A,location-1,6
7,hx,f,19,59,54,400126,403802,177,72,learn_array_A,location-2,5
7,hx,f,19,63,54,408537,411416,132,72,learn_array_A,location-2,9
7,hx,f,19,16,18,416015,419840,4,108,learn_array_B,location-1,-2
7,hx,f,19,118,108,424514,429601,171,18,learn_array_B,location-2,10
7,hx,f,19,106,108,434345,437145,41,18,learn_array_B,location-2,-2
7,hx,f,19,71,72,441758,444695,83,54,learn_array_A,location-1,-1
7,hx,f,19,78,72,449424,454348,136,54,learn_array_A,location-1,6
7,hx,f,19,16,18,458965,461180,104,108,learn_array_B,location-1,-2
7,hx,f,19,75,72,465892,469790,150,54,learn_array_A,location-1,3
7,hx,f,19,60,54,474464,477488,177,72,learn_array_A,location-2,6
7,hx,f,19,17,18,482207,487819,179,108,learn_array_B,location-1,-1
7,hx,f,19,114,54,492445,496349,106,72,learn_array_A,location-2,60
7,hx,f,19,116,108,500998,504262,74,18,learn_array_B,location-2,8
7,hx,f,19,123,108,508853,513425,149,18,learn_array_B,location-2,15
7,hx,f,19,57,54,518221,521255,92,72,learn_array_A,location-2,3
7,hx,f,19,74,72,526086,528669,13,54,learn_array_A,location-1,2
7,hx,f,19,16,18,533303,535371,139,108,learn_array_B,location-1,-2
7,hx,f,19,16,18,540098,547404,36,108,learn_array_B,location-1,-2
7,hx,f,19,70,72,552237,554670,166,54,learn_array_A,location-1,-2
7,hx,f,19,119,108,559265,563182,156,18,learn_array_B,location-2,11
7,hx,f,19,125,108,567900,571430,25,18,learn_array_B,location-2,17
block,,,,,,,,,,,,
7,hx,f,19,12,18,577993,581236,157,108,learn_array_B,location-1,-6
7,hx,f,19,56,54,585857,588814,17,72,learn_array_A,location-2,2
7,hx,f,19,114,108,593571,596375,109,18,learn_array_B,location-2,6
7,hx,f,19,14,18,601031,603697,111,108,learn_array_B,location-1,-4
7,hx,f,19,56,54,608308,611945,159,72,learn_array_A,location-2,2
7,hx,f,19,113,108,616565,619603,28,18,learn_array_B,location-2,5
7,hx,f,19,70,72,624314,627786,33,54,learn_array_A,location-1,-2
7,hx,f,19,14,18,632472,635502,83,108,learn_array_B,location-1,-4
7,hx,f,19,57,54,640235,644606,71,72,learn_array_A,location-2,3
7,hx,f,19,13,18,649275,661099,132,108,learn_array_B,location-1,-5
7,hx,f,19,12,18,665733,668480,47,108,learn_array_B,location-1,-6
7,hx,f,19,67,72,673131,675352,163,54,learn_array_A,location-1,-5
7,hx,f,19,68,72,680174,687596,174,54,learn_array_A,location-1,-4
7,hx,f,19,68,72,692323,696037,113,54,learn_array_A,location-1,-4
7,hx,f,19,57,54,700768,703739,71,72,learn_array_A,location-2,3
7,hx,f,19,14,108,708522,712225,150,18,learn_array_B,location-2,86
7,hx,f,19,58,54,716851,720470,18,72,learn_array_A,location-2,4
7,hx,f,19,107,108,725194,728295,85,18,learn_array_B,location-2,-1
7,hx,f,19,105,108,732932,736260,19,18,learn_array_B,location-2,-3
7,hx,f,19,104,108,740893,744295,178,18,learn_array_B,location-2,-4
7,hx,f,19,72,72,748897,754418,25,54,learn_array_A,location-1,0
7,hx,f,19,72,72,759138,763338,41,54,learn_array_A,location-1,0
7,hx,f,19,15,18,768111,773445,111,108,learn_array_B,location-1,-3
7,hx,f,19,112,108,778259,782328,169,18,learn_array_B,location-2,4
7,hx,f,19,106,108,786925,788702,64,18,learn_array_B,location-2,-2
7,hx,f,19,61,54,793344,796456,46,72,learn_array_A,location-2,7
7,hx,f,19,11,18,801047,803498,178,108,learn_array_B,location-1,-7
7,hx,f,19,57,54,808314,811782,132,72,learn_array_A,location-2,3
7,hx,f,19,57,54,816406,818931,85,72,learn_array_A,location-2,3
7,hx,f,19,68,72,823731,829561,122,54,learn_array_A,location-1,-4
7,hx,f,19,81,72,834306,837775,111,54,learn_array_A,location-1,9
7,hx,f,19,19,18,842524,845411,54,108,learn_array_B,location-1,1
block,,,,,,,,,,,,
7,hx,f,19,61,54,915945,920214,55,72,learn_array_A,location-2,7
7,hx,f,19,59,54,924963,927687,64,72,learn_array_A,location-2,5
7,hx,f,19,111,108,932335,934108,18,18,learn_array_B,location-2,3
7,hx,f,19,71,72,938908,941861,169,54,learn_array_A,location-1,-1
7,hx,f,19,13,18,946572,948856,174,108,learn_array_B,location-1,-5
7,hx,f,19,61,54,953512,958389,13,72,learn_array_A,location-2,7
7,hx,f,19,18,18,963044,965709,27,108,learn_array_B,location-1,0
7,hx,f,19,58,54,970533,974230,170,72,learn_array_A,location-2,4
7,hx,f,19,69,72,978992,980690,160,54,learn_array_A,location-1,-3
7,hx,f,19,108,108,985293,988201,132,18,learn_array_B,location-2,0
7,hx,f,19,14,18,992818,998301,147,108,learn_array_B,location-1,-4
7,hx,f,19,20,18,1003123,1008097,58,108,learn_array_B,location-1,2
7,hx,f,19,78,72,1012847,1019711,149,54,learn_array_A,location-1,6
7,hx,f,19,72,72,1024376,1029203,77,54,learn_array_A,location-1,0
7,hx,f,19,73,72,1033827,1036418,136,54,learn_array_A,location-1,1
7,hx,f,19,72,72,1041183,1043842,3,54,learn_array_A,location-1,0
7,hx,f,19,59,54,1048607,1052032,165,72,learn_array_A,location-2,5
7,hx,f,19,17,18,1056843,1059586,37,108,learn_array_B,location-1,-1
7,hx,f,19,61,54,1064301,1079450,5,72,learn_array_A,location-2,7
7,hx,f,19,108,108,1084110,1089146,64,18,learn_array_B,location-2,0
7,hx,f,19,59,54,1093832,1096864,78,72,learn_array_A,location-2,5
7,hx,f,19,106,18,1101597,1105958,66,108,learn_array_B,location-1,88
7,hx,f,19,20,18,1110615,1112762,127,108,learn_array_B,location-1,2
7,hx,f,19,108,108,1117602,1121374,114,18,learn_array_B,location-2,0
7,hx,f,19,57,54,1126003,1128371,79,72,learn_array_A,location-2,3
7,hx,f,19,105,108,1132977,1135492,61,18,learn_array_B,location-2,-3
7,hx,f,19,6,18,1140289,1141911,141,108,learn_array_B,location-1,-12
7,hx,f,19,108,108,1146627,1149743,128,18,learn_array_B,location-2,0
7,hx,f,19,106,108,1154568,1158872,126,18,learn_array_B,location-2,-2
7,hx,f,19,107,108,1163551,1167108,89,18,learn_array_B,location-2,-1
7,hx,f,19,78,72,1171793,1175946,7,54,learn_array_A,location-1,6
7,hx,f,19,75,72,1180654,1185782,36,54,learn_array_A,location-1,3
block,,,,,,,,,,,,
7,hx,f,19,73,72,1193928,1196796,76,54,learn_array_A,location-1,1
7,hx,f,19,77,72,1201492,1204601,49,54,learn_array_A,location-1,5
7,hx,f,19,73,72,1209270,1212075,59,54,learn_array_A,location-1,1
7,hx,f,19,17,18,1216712,1218114,116,108,learn_array_B,location-1,-1
7,hx,f,19,78,72,1222941,1232598,178,54,learn_array_A,location-1,6
7,hx,f,19,59,54,1237333,1244534,140,72,learn_array_A,location-2,5
7,hx,f,19,54,54,1249273,1253112,106,72,learn_array_A,location-2,0
7,hx,f,19,35,18,1257746,1267635,90,108,learn_array_B,location-1,17
7,hx,f,19,20,18,1272228,1277905,87,108,learn_array_B,location-1,2
7,hx,f,19,103,108,1282512,1285759,169,18,learn_array_B,location-2,-5
7,hx,f,19,58,54,1290498,1293234,2,72,learn_array_A,location-2,4
7,hx,f,19,15,18,1297977,1301007,0,108,learn_array_B,location-1,-3
7,hx,f,19,68,72,1305686,1308654,139,54,learn_array_A,location-1,-4
7,hx,f,19,22,18,1313282,1318743,148,108,learn_array_B,location-1,4
7,hx,f,19,64,54,1323579,1329859,97,72,learn_array_A,location-2,10
7,hx,f,19,103,108,1334502,1336941,25,18,learn_array_B,location-2,-5
7,hx,f,19,29,54,1341760,1351863,103,72,learn_array_A,location-2,-25
7,hx,f,19,12,18,1356666,1360292,147,108,learn_array_B,location-1,-6
7,hx,f,19,106,108,1365004,1370782,158,18,learn_array_B,location-2,-2
7,hx,f,19,81,72,1375406,1379717,139,54,learn_array_A,location-1,9
7,hx,f,19,105,108,1384361,1386142,127,18,learn_array_B,location-2,-3
7,hx,f,19,73,54,1390735,1394150,154,72,learn_array_A,location-2,19
7,hx,f,19,15,18,1398830,1405599,48,108,learn_array_B,location-1,-3
7,hx,f,19,104,108,1410302,1415509,82,18,learn_array_B,location-2,-4
7,hx,f,19,62,54,1420211,1424058,97,72,learn_array_A,location-2,8
7,hx,f,19,71,72,1428888,1431190,130,54,learn_array_A,location-1,-1
7,hx,f,19,104,108,1435791,1448001,21,18,learn_array_B,location-2,-4
7,hx,f,19,59,72,1452661,1457504,112,54,learn_array_A,location-1,-13
7,hx,f,19,107,108,1462158,1465285,74,18,learn_array_B,location-2,-1
7,hx,f,19,106,108,1470071,1472825,164,18,learn_array_B,location-2,-2
7,hx,f,19,54,54,1477631,1481801,98,72,learn_array_A,location-2,0
7,hx,f,19,105,18,1486615,1492246,12,108,learn_array_B,location-1,87
block,,,,,,,,,,,,
7,hx,f,19,105,108,1555753,1557744,73,18,learn_array_B,location-2,-3
7,hx,f,19,67,72,1562536,1564013,104,54,learn_array_A,location-1,-5
7,hx,f,19,106,108,1568694,1571735,161,18,learn_array_B,location-2,-2
7,hx,f,19,106,108,1576381,1579869,113,18,learn_array_B,location-2,-2
7,hx,f,19,107,108,1584654,1586581,67,18,learn_array_B,location-2,-1
7,hx,f,19,62,54,1591234,1593245,113,72,learn_array_A,location-2,8
7,hx,f,19,56,54,1597943,1601577,142,72,learn_array_A,location-2,2
7,hx,f,19,85,72,1606220,1615776,13,54,learn_array_A,location-1,13
7,hx,f,19,80,72,1620395,1623873,32,54,learn_array_A,location-1,8
7,hx,f,19,19,18,1628636,1633538,28,108,learn_array_B,location-1,1
7,hx,f,19,103,108,1638319,1641220,90,18,learn_array_B,location-2,-5
7,hx,f,19,109,108,1646037,1650564,39,18,learn_array_B,location-2,1
7,hx,f,19,108,108,1655295,1655369,35,18,learn_array_B,location-2,0
7,hx,f,19,6,18,1660123,1661980,2,108,learn_array_B,location-1,-12
7,hx,f,19,17,18,1666753,1668465,31,108,learn_array_B,location-1,-1
7,hx,f,19,53,54,1673224,1675311,136,72,learn_array_A,location-2,-1
7,hx,f,19,16,18,1680129,1682431,56,108,learn_array_B,location-1,-2
7,hx,f,19,54,54,1687040,1689120,132,72,learn_array_A,location-2,0
7,hx,f,19,5,72,1693711,1701278,101,54,learn_array_A,location-1,-67
7,hx,f,19,73,72,1706084,1707863,178,54,learn_array_A,location-1,1
7,hx,f,19,62,72,1712662,1714670,154,54,learn_array_A,location-1,-10
7,hx,f,19,66,72,1719374,1721218,153,54,learn_array_A,location-1,-6
7,hx,f,19,33,18,1725907,1739431,135,108,learn_array_B,location-1,15
7,hx,f,19,18,18,1744208,1747550,49,108,learn_array_B,location-1,0
7,hx,f,19,21,18,1752207,1753845,65,108,learn_array_B,location-1,3
7,hx,f,19,67,54,1758594,1762966,9,72,learn_array_A,location-2,13
7,hx,f,19,57,54,1767587,1771013,87,72,learn_array_A,location-2,3
7,hx,f,19,111,54,1775801,1780247,123,72,learn_array_A,location-2,57
7,hx,f,19,109,108,1785038,1798777,121,18,learn_array_B,location-2,1
7,hx,f,19,21,72,1803570,1811912,156,54,learn_array_A,location-1,-51
7,hx,f,19,14,18,1816520,1818682,104,108,learn_array_B,location-1,-4
7,hx,f,19,58,54,1823278,1825964,155,72,learn_array_A,location-2,4
block,,,,,,,,,,,,
7,hx,f,19,17,18,1906473,1909708,118,108,learn_array_B,location-1,-1
7,hx,f,19,76,72,1914399,1921005,13,54,learn_array_A,location-1,4
7,hx,f,19,14,108,1925630,1929638,158,18,learn_array_B,location-2,86
7,hx,f,19,75,72,1934233,1936156,141,54,learn_array_A,location-1,3
7,hx,f,19,69,72,1940805,1943326,18,54,learn_array_A,location-1,-3
7,hx,f,19,69,72,1948023,1950479,112,54,learn_array_A,location-1,-3
7,hx,f,19,8,18,1955212,1958689,136,108,learn_array_B,location-1,-10
7,hx,f,19,72,72,1963415,1964978,129,54,learn_array_A,location-1,0
7,hx,f,19,59,54,1969743,1972275,60,72,learn_array_A,location-2,5
7,hx,f,19,107,108,1976979,1978538,56,18,learn_array_B,location-2,-1
7,hx,f,19,69,72,1983317,1985468,95,54,learn_array_A,location-1,-3
7,hx,f,19,105,108,1990114,1992783,32,18,learn_array_B,location-2,-3
7,hx,f,19,63,54,1997373,1999678,51,72,learn_array_A,location-2,9
7,hx,f,19,16,18,2004394,2007153,80,108,learn_array_B,location-1,-2
7,hx,f,19,107,108,2011922,2016159,57,18,learn_array_B,location-2,-1
7,hx,f,19,59,54,2020870,2037910,43,72,learn_array_A,location-2,5
7,hx,f,19,114,108,2042547,2045249,81,18,learn_array_B,location-2,6
7,hx,f,19,13,18,2050122,2053003,134,108,learn_array_B,location-1,-5
7,hx,f,19,56,54,2057686,2060706,89,72,learn_array_A,location-2,2
7,hx,f,19,58,54,2065357,2072468,107,72,learn_array_A,location-2,4
7,hx,f,19,21,18,2077288,2080684,9,108,learn_array_B,location-1,3
7,hx,f,19,61,54,2085380,2109591,33,72,learn_array_A,location-2,7
7,hx,f,19,53,54,2114184,2130584,158,72,learn_array_A,location-2,-1
7,hx,f,19,10,18,2135301,2137676,173,108,learn_array_B,location-1,-8
7,hx,f,19,101,108,2142372,2144885,169,18,learn_array_B,location-2,-7
7,hx,f,19,42,18,2149587,2150762,43,108,learn_array_B,location-1,24
7,hx,f,19,23,108,2155404,2161276,123,18,learn_array_B,location-2,-85
7,hx,f,19,11,18,2165971,2171246,6,108,learn_array_B,location-1,-7
7,hx,f,19,74,54,2175964,2178628,4,72,learn_array_A,location-2,20
7,hx,f,19,100,108,2183379,2186124,42,18,learn_array_B,location-2,-8
7,hx,f,19,79,72,2190864,2192572,8,54,learn_array_A,location-1,7
7,hx,f,19,79,72,2197369,2199897,1,54,learn_array_A,location-1,7
block,,,,,,,,,,,,
7,hx,f,19,61,54,2281321,2285298,134,72,learn_array_A,location-2,7
7,hx,f,19,14,18,2290044,2292039,32,108,learn_array_B,location-1,-4
7,hx,f,19,102,108,2296838,2299129,48,18,learn_array_B,location-2,-6
7,hx,f,19,19,18,2303925,2308203,13,108,learn_array_B,location-1,1
7,hx,f,19,71,54,2312853,2315737,65,72,learn_array_A,location-2,17
7,hx,f,19,105,108,2320360,2321836,59,18,learn_array_B,location-2,-3
7,hx,f,19,74,72,2326613,2331565,40,54,learn_array_A,location-1,2
7,hx,f,19,71,54,2336238,2339207,169,72,learn_array_A,location-2,17
7,hx,f,19,100,108,2344021,2347952,86,18,learn_array_B,location-2,-8
7,hx,f,19,58,54,2352622,2354917,79,72,learn_array_A,location-2,4
7,hx,f,19,58,54,2359684,2361981,68,72,learn_array_A,location-2,4
7,hx,f,19,70,72,2366614,2368702,177,54,learn_array_A,location-1,-2
7,hx,f,19,69,72,2373470,2378422,76,54,learn_array_A,location-1,-3
7,hx,f,19,8,18,2383138,2385069,88,108,learn_array_B,location-1,-10
7,hx,f,19,16,18,2389860,2396445,82,108,learn_array_B,location-1,-2
7,hx,f,19,15,18,2401221,2407632,4,108,learn_array_B,location-1,-3
7,hx,f,19,67,72,2412232,2414458,60,54,learn_array_A,location-1,-5
7,hx,f,19,103,108,2419148,2422712,154,18,learn_array_B,location-2,-5
7,hx,f,19,108,108,2427435,2433653,94,18,learn_array_B,location-2,0
7,hx,f,19,69,72,2438413,2439752,59,54,learn_array_A,location-1,-3
7,hx,f,19,100,108,2444516,2450017,116,18,learn_array_B,location-2,-8
7,hx,f,19,172,72,2454819,2461577,104,54,learn_array_A,location-1,-80
7,hx,f,19,131,108,2466404,2473066,118,18,learn_array_B,location-2,23
7,hx,f,19,63,72,2477667,2479901,95,54,learn_array_A,location-1,-9
7,hx,f,19,3,18,2484494,2484714,156,108,learn_array_B,location-1,-15
7,hx,f,19,77,54,2489481,2492084,152,72,learn_array_A,location-2,23
7,hx,f,19,18,18,2496745,2499347,137,108,learn_array_B,location-1,0
7,hx,f,19,59,54,2504007,2514460,103,72,learn_array_A,location-2,5
7,hx,f,19,108,108,2519113,2521723,165,18,learn_array_B,location-2,0
7,hx,f,19,12,18,2526464,2529868,5,108,learn_array_B,location-1,-6
7,hx,f,19,81,72,2534676,2538306,9,54,learn_array_A,location-1,9
7,hx,f,19,65,54,2542969,2545631,165,72,learn_array_A,location-2,11
block,,,,,,,,,,,,
7,hx,f,19,72,72,2555161,2556782,114,54,learn_array_A,location-1,0
7,hx,f,19,77,72,2561507,2564086,25,54,learn_array_A,location-1,5
7,hx,f,19,103,108,2568891,2571249,44,18,learn_array_B,location-2,-5
7,hx,f,19,69,72,2576078,2578731,120,54,learn_array_A,location-1,-3
7,hx,f,19,59,108,2583446,2590486,132,18,learn_array_B,location-2,-49
7,hx,f,19,68,72,2595144,2596399,78,54,learn_array_A,location-1,-4
7,hx,f,19,68,72,2601232,2603149,19,54,learn_array_A,location-1,-4
7,hx,f,19,15,18,2607968,2610720,171,108,learn_array_B,location-1,-3
7,hx,f,19,20,18,2615319,2618650,41,108,learn_array_B,location-1,2
7,hx,f,19,20,18,2623401,2627628,99,108,learn_array_B,location-1,2
7,hx,f,19,17,18,2632447,2635927,177,108,learn_array_B,location-1,-1
7,hx,f,19,58,54,2640734,2644068,167,72,learn_array_A,location-2,4
7,hx,f,19,54,54,2648685,2652319,37,72,learn_array_A,location-2,0
7,hx,f,19,117,108,2657002,2658258,43,18,learn_array_B,location-2,9
7,hx,f,19,102,108,2662866,2664650,9,18,learn_array_B,location-2,-6
7,hx,f,19,105,108,2669259,2673184,101,18,learn_array_B,location-2,-3
7,hx,f,19,73,72,2677959,2681662,36,54,learn_array_A,location-1,1
7,hx,f,19,58,54,2686397,2694575,153,72,learn_array_A,location-2,4
7,hx,f,19,106,108,2699411,2701639,22,18,learn_array_B,location-2,-2
7,hx,f,19,56,54,2706362,2709256,163,72,learn_array_A,location-2,2
7,hx,f,19,10,18,2714092,2720375,31,108,learn_array_B,location-1,-8
7,hx,f,19,9,18,2725105,2727401,162,108,learn_array_B,location-1,-9
7,hx,f,19,61,54,2732148,2735478,75,72,learn_array_A,location-2,7
7,hx,f,19,108,108,2740091,2743881,95,18,learn_array_B,location-2,0
7,hx,f,19,67,72,2748477,2754415,111,54,learn_array_A,location-1,-5
7,hx,f,19,17,18,2759223,2761523,49,108,learn_array_B,location-1,-1
7,hx,f,19,60,54,2766284,2768585,145,72,learn_array_A,location-2,6
7,hx,f,19,73,18,2773251,2778115,12,108,learn_array_B,location-1,55
7,hx,f,19,55,54,2782852,2786987,24,72,learn_array_A,location-2,1
7,hx,f,19,108,108,2791600,2793740,4,18,learn_array_B,location-2,0
7,hx,f,19,61,54,2798572,2801542,88,72,learn_array_A,location-2,7
7,hx,f,19,67,72,2806139,2808361,133,54,learn_array_A,location-1,-5
block,,,,,,,,,,,,
7,hx,f,19,71,72,2814265,2822160,96,54,learn_array_A,location-1,-1
7,hx,f,19,73,72,2826823,2830164,63,54,learn_array_A,location-1,1
7,hx,f,19,21,18,2834965,2839466,22,108,learn_array_B,location-1,3
7,hx,f,19,68,72,2844063,2846735,80,54,learn_array_A,location-1,-4
7,hx,f,19,100,108,2851339,2854095,148,18,learn_array_B,location-2,-8
7,hx,f,19,98,108,2858936,2861086,73,18,learn_array_B,location-2,-10
7,hx,f,19,108,108,2865798,2867873,62,18,learn_array_B,location-2,0
7,hx,f,19,62,54,2872524,2875766,128,72,learn_array_A,location-2,8
7,hx,f,19,22,18,2880381,2884224,45,108,learn_array_B,location-1,4
7,hx,f,19,65,54,2888887,2894661,103,72,learn_array_A,location-2,11
7,hx,f,19,100,108,2899430,2906074,55,18,learn_array_B,location-2,-8
7,hx,f,19,67,72,2910797,2914959,139,54,learn_array_A,location-1,-5
7,hx,f,19,56,54,2919640,2921336,0,72,learn_array_A,location-2,2
7,hx,f,19,22,18,2926110,2929159,29,108,learn_array_B,location-1,4
7,hx,f,19,21,18,2933974,2936492,109,108,learn_array_B,location-1,3
7,hx,f,19,63,54,2941163,2943019,127,72,learn_array_A,location-2,9
7,hx,f,19,57,54,2947663,2950920,15,72,learn_array_A,location-2,3
7,hx,f,19,27,18,2955615,2957842,155,108,learn_array_B,location-1,9
7,hx,f,19,65,72,2962597,2967777,92,54,learn_array_A,location-1,-7
7,hx,f,19,71,72,2972415,2975464,3,54,learn_array_A,location-1,-1
7,hx,f,19,68,72,2980172,2984019,95,54,learn_array_A,location-1,-4
7,hx,f,19,60,54,2988697,2991218,60,72,learn_array_A,location-2,6
7,hx,f,19,103,108,2995823,2999811,100,18,learn_array_B,location-2,-5
7,hx,f,19,19,18,3004417,3007082,4,108,learn_array_B,location-1,1
7,hx,f,19,68,72,3011679,3026070,115,54,learn_array_A,location-1,-4
7,hx,f,19,60,54,3030882,3034228,157,72,learn_array_A,location-2,6
7,hx,f,19,106,108,3038870,3040716,7,18,learn_array_B,location-2,-2
7,hx,f,19,54,54,3045397,3047991,95,72,learn_array_A,location-2,0
7,hx,f,19,10,18,3052646,3055161,86,108,learn_array_B,location-1,-8
7,hx,f,19,99,108,3059999,3071070,28,18,learn_array_B,location-2,-9
7,hx,f,19,102,108,3075891,3081465,164,18,learn_array_B,location-2,-6
7,hx,f,19,12,18,3086270,3088207,169,108,learn_array_B,location-1,-6
block,,,,,,,,,,,,
7,hx,f,19,13,18,3132730,3135899,31,108,learn_array_B,location-1,-5
7,hx,f,19,56,54,3140533,3144236,11,72,learn_array_A,location-2,2
7,hx,f,19,104,108,3148947,3151755,148,18,learn_array_B,location-2,-4
7,hx,f,19,68,72,3156523,3164900,100,54,learn_array_A,location-1,-4
7,hx,f,19,61,54,3169588,3171874,66,72,learn_array_A,location-2,7
7,hx,f,19,21,18,3176497,3180048,35,108,learn_array_B,location-1,3
7,hx,f,19,22,18,3184873,3189390,27,108,learn_array_B,location-1,4
7,hx,f,19,68,72,3194215,3196816,112,54,learn_array_A,location-1,-4
7,hx,f,19,104,108,3201488,3204386,132,18,learn_array_B,location-2,-4
7,hx,f,19,73,72,3209211,3212251,91,54,learn_array_A,location-1,1
7,hx,f,19,112,108,3216918,3229112,162,18,learn_array_B,location-2,4
7,hx,f,19,105,108,3233830,3235534,128,18,learn_array_B,location-2,-3
7,hx,f,19,16,108,3240176,3241806,104,18,learn_array_B,location-2,88
7,hx,f,19,81,72,3246619,3247875,34,54,learn_array_A,location-1,9
7,hx,f,19,60,54,3252680,3254755,39,72,learn_array_A,location-2,6
7,hx,f,19,58,54,3259547,3261694,10,72,learn_array_A,location-2,4
7,hx,f,19,19,18,3266353,3268874,62,108,learn_array_B,location-1,1
7,hx,f,19,71,72,3273584,3276180,172,54,learn_array_A,location-1,-1
7,hx,f,19,69,72,3280901,3296740,71,54,learn_array_A,location-1,-3
7,hx,f,19,112,108,3301343,3304385,92,18,learn_array_B,location-2,4
7,hx,f,19,18,18,3309123,3315203,125,108,learn_array_B,location-1,0
7,hx,f,19,18,18,3319796,3323789,46,108,learn_array_B,location-1,0
7,hx,f,19,104,108,3328474,3331958,27,18,learn_array_B,location-2,-4
7,hx,f,19,55,54,3336680,3341421,28,72,learn_array_A,location-2,1
7,hx,f,19,75,72,3346020,3347723,119,54,learn_array_A,location-1,3
7,hx,f,19,56,54,3352461,3359909,134,72,learn_array_A,location-2,2
7,hx,f,19,70,72,3364555,3370165,179,54,learn_array_A,location-1,-2
7,hx,f,19,18,18,3374894,3377191,178,108,learn_array_B,location-1,0
7,hx,f,19,58,54,3381791,3383927,162,72,learn_array_A,location-2,4
7,hx,f,19,18,18,3388556,3391876,84,108,learn_array_B,location-1,0
7,hx,f,19,70,54,3396551,3405912,144,72,learn_array_A,location-2,16
7,hx,f,19,106,108,3410701,3414121,3,18,learn_array_B,location-2,-2
block,,,,,,,,,,,,
7,hx,f,19,16,18,3420106,3423984,100,108,learn_array_B,location-1,-2
7,hx,f,19,76,72,3428622,3431494,28,54,learn_array_A,location-1,4
7,hx,f,19,101,108,3436315,3438544,53,18,learn_array_B,location-2,-7
7,hx,f,19,62,54,3443247,3445834,170,72,learn_array_A,location-2,8
7,hx,f,19,11,18,3450485,3452999,149,108,learn_array_B,location-1,-7
7,hx,f,19,66,72,3457663,3459525,106,54,learn_array_A,location-1,-6
7,hx,f,19,59,54,3464124,3466126,41,72,learn_array_A,location-2,5
7,hx,f,19,76,72,3470729,3473979,39,54,learn_array_A,location-1,4
7,hx,f,19,69,72,3478763,3481036,45,54,learn_array_A,location-1,-3
7,hx,f,19,64,54,3485740,3487812,115,72,learn_array_A,location-2,10
7,hx,f,19,70,72,3492454,3494749,41,54,learn_array_A,location-1,-2
7,hx,f,19,15,18,3499455,3506693,160,108,learn_array_B,location-1,-3
7,hx,f,19,105,108,3511292,3516330,176,18,learn_array_B,location-2,-3
7,hx,f,19,11,18,3521112,3532804,176,108,learn_array_B,location-1,-7
7,hx,f,19,105,108,3537442,3540566,50,18,learn_array_B,location-2,-3
7,hx,f,19,102,108,3545345,3549789,59,18,learn_array_B,location-2,-6
7,hx,f,19,58,54,3554501,3559692,12,72,learn_array_A,location-2,4
7,hx,f,19,73,72,3564438,3568644,68,54,learn_array_A,location-1,1
7,hx,f,19,70,54,3573376,3575370,19,72,learn_array_A,location-2,16
7,hx,f,19,58,54,3580092,3582911,85,72,learn_array_A,location-2,4
7,hx,f,19,99,108,3587538,3589457,47,18,learn_array_B,location-2,-9
7,hx,f,19,103,108,3594064,3596665,147,18,learn_array_B,location-2,-5
7,hx,f,19,106,108,3601325,3603551,125,18,learn_array_B,location-2,-2
7,hx,f,19,67,72,3608389,3610761,95,54,learn_array_A,location-1,-5
7,hx,f,19,56,54,3615455,3618262,96,72,learn_array_A,location-2,2
7,hx,f,19,72,72,3622890,3627398,163,54,learn_array_A,location-1,0
7,hx,f,19,17,18,3632073,3635183,7,108,learn_array_B,location-1,-1
7,hx,f,19,149,108,3639830,3641371,110,18,learn_array_B,location-2,41
7,hx,f,19,26,18,3646144,3652291,68,108,learn_array_B,location-1,8
7,hx,f,19,2,54,3656998,3658484,162,72,learn_array_A,location-2,-52
7,hx,f,19,13,18,3663119,3665943,156,108,learn_array_B,location-1,-5
7,hx,f,19,18,18,3670629,3672618,151,108,learn_array_B,location-1,0
block,,,,,,,,,,,,
7,hx,f,19,57,54,3679673,3681733,7,72,learn_array_A,location-2,3
7,hx,f,19,107,108,3686428,3689839,62,18,learn_array_B,location-2,-1
7,hx,f,19,58,54,3694560,3699689,175,72,learn_array_A,location-2,4
7,hx,f,19,71,72,3704442,3707489,42,54,learn_array_A,location-1,-1
7,hx,f,19,67,72,3712176,3715214,144,54,learn_array_A,location-1,-5
7,hx,f,19,20,18,3719882,3722846,117,108,learn_array_B,location-1,2
7,hx,f,19,104,108,3727522,3730556,172,18,learn_array_B,location-2,-4
7,hx,f,19,70,72,3735296,3744971,177,54,learn_array_A,location-1,-2
7,hx,f,19,110,108,3749567,3751716,15,18,learn_array_B,location-2,2
7,hx,f,19,60,54,3756344,3760571,3,72,learn_array_A,location-2,6
7,hx,f,19,103,108,3765163,3767835,98,18,learn_array_B,location-2,-5
7,hx,f,19,65,72,3772485,3781263,41,54,learn_array_A,location-1,-7
7,hx,f,19,67,72,3785989,3788210,75,54,learn_array_A,location-1,-5
7,hx,f,19,14,18,3792954,3794876,174,108,learn_array_B,location-1,-4
7,hx,f,19,18,18,3799629,3802142,69,108,learn_array_B,location-1,0
7,hx,f,19,107,108,3806898,3809867,53,18,learn_array_B,location-2,-1
7,hx,f,19,80,72,3814601,3817478,12,54,learn_array_A,location-1,8
7,hx,f,19,15,18,3822074,3824894,59,108,learn_array_B,location-1,-3
7,hx,f,19,65,72,3829686,3832053,125,54,learn_array_A,location-1,-7
7,hx,f,19,106,108,3836892,3839411,155,18,learn_array_B,location-2,-2
7,hx,f,19,57,54,3844221,3847711,137,72,learn_array_A,location-2,3
7,hx,f,19,10,18,3852368,3854739,106,108,learn_array_B,location-1,-8
7,hx,f,19,59,54,3859442,3861817,133,72,learn_array_A,location-2,5
7,hx,f,19,67,54,3866602,3868752,122,72,learn_array_A,location-2,13
7,hx,f,19,70,72,3873387,3875088,46,54,learn_array_A,location-1,-2
7,hx,f,19,12,18,3879792,3881955,54,108,learn_array_B,location-1,-6
7,hx,f,19,103,108,3886626,3889594,148,18,learn_array_B,location-2,-5
7,hx,f,19,15,18,3894313,3896020,164,108,learn_array_B,location-1,-3
7,hx,f,19,13,18,3900823,3904532,41,108,learn_array_B,location-1,-5
7,hx,f,19,102,108,3909219,3912403,152,18,learn_array_B,location-2,-6
7,hx,f,19,56,54,3917230,3918939,126,72,learn_array_A,location-2,2
7,hx,f,19,48,54,3923545,3927393,72,72,learn_array_A,location-2,-6
block,,,,,,,,,,,,
7,hx,f,19,26,18,3934585,3937764,71,108,learn_array_B,location-1,8
7,hx,f,19,68,72,3942470,3945068,124,54,learn_array_A,location-1,-4
7,hx,f,19,107,108,3949700,3952219,71,18,learn_array_B,location-2,-1
7,hx,f,19,59,54,3956878,3966480,144,72,learn_array_A,location-2,5
7,hx,f,19,61,54,3971201,3974683,21,72,learn_array_A,location-2,7
7,hx,f,19,74,72,3979339,3982317,106,54,learn_array_A,location-1,2
7,hx,f,19,104,108,3987152,3988947,48,18,learn_array_B,location-2,-4
7,hx,f,19,107,108,3993758,3995317,48,18,learn_array_B,location-2,-1
7,hx,f,19,56,54,4000014,4002387,60,72,learn_array_A,location-2,2
7,hx,f,19,101,108,4007025,4009544,48,18,learn_array_B,location-2,-7
7,hx,f,19,99,108,4014236,4017798,148,18,learn_array_B,location-2,-9
7,hx,f,19,108,108,4022537,4027348,114,18,learn_array_B,location-2,0
7,hx,f,19,12,18,4031952,4034030,153,108,learn_array_B,location-1,-6
7,hx,f,19,57,54,4038712,4041304,13,72,learn_array_A,location-2,3
7,hx,f,19,69,72,4045908,4049247,129,54,learn_array_A,location-1,-3
7,hx,f,19,14,18,4054008,4056144,146,108,learn_array_B,location-1,-4
7,hx,f,19,107,108,4060807,4064008,86,18,learn_array_B,location-2,-1
7,hx,f,19,59,54,4068764,4070624,136,72,learn_array_A,location-2,5
7,hx,f,19,73,72,4075423,4076771,9,54,learn_array_A,location-1,1
7,hx,f,19,64,72,4081524,4086038,131,54,learn_array_A,location-1,-8
7,hx,f,19,55,54,4090833,4094023,173,72,learn_array_A,location-2,1
7,hx,f,19,17,18,4098778,4101366,173,108,learn_array_B,location-1,-1
7,hx,f,19,106,18,4106089,4108753,7,108,learn_array_B,location-1,88
7,hx,f,19,69,72,4113342,4119342,111,54,learn_array_A,location-1,-3
7,hx,f,19,21,18,4124124,4126127,41,108,learn_array_B,location-1,3
7,hx,f,19,69,72,4130737,4132662,40,54,learn_array_A,location-1,-3
7,hx,f,19,15,18,4137472,4139098,48,108,learn_array_B,location-1,-3
7,hx,f,19,66,54,4143774,4148878,154,72,learn_array_A,location-2,12
7,hx,f,19,12,18,4153600,4155594,83,108,learn_array_B,location-1,-6
7,hx,f,19,56,54,4160280,4162514,173,72,learn_array_A,location-2,2
7,hx,f,19,69,72,4167327,4170223,12,54,learn_array_A,location-1,-3
7,hx,f,19,105,108,4174900,4177345,127,18,learn_array_B,location-2,-3
block,,,,,,,,,,,,
7,hx,f,19,17,18,4183417,4186432,67,108,learn_array_B,location-1,-1
7,hx,f,19,77,72,4191110,4193988,5,54,learn_array_A,location-1,5
7,hx,f,19,61,54,4198660,4203089,140,72,learn_array_A,location-2,7
7,hx,f,19,69,72,4207843,4209917,98,54,learn_array_A,location-1,-3
7,hx,f,19,69,72,4214640,4216491,70,54,learn_array_A,location-1,-3
7,hx,f,19,105,108,4221212,4223670,133,18,learn_array_B,location-2,-3
7,hx,f,19,107,108,4228369,4231123,112,18,learn_array_B,location-2,-1
7,hx,f,19,57,54,4235943,4238088,79,72,learn_array_A,location-2,3
7,hx,f,19,74,72,4242746,4249888,29,54,learn_array_A,location-1,2
7,hx,f,19,109,108,4254518,4262292,85,18,learn_array_B,location-2,1
7,hx,f,19,105,108,4267062,4270838,115,18,learn_array_B,location-2,-3
7,hx,f,19,18,18,4275583,4279134,37,108,learn_array_B,location-1,0
7,hx,f,19,57,54,4283944,4286971,63,72,learn_array_A,location-2,3
7,hx,f,19,56,54,4291779,4293259,87,72,learn_array_A,location-2,2
7,hx,f,19,18,18,4297885,4299286,122,108,learn_array_B,location-1,0
7,hx,f,19,106,108,4303880,4310327,88,18,learn_array_B,location-2,-2
7,hx,f,19,57,54,4314932,4317231,160,72,learn_array_A,location-2,3
7,hx,f,19,13,18,4322034,4324999,170,108,learn_array_B,location-1,-5
7,hx,f,19,108,108,4329642,4334551,126,18,learn_array_B,location-2,0
7,hx,f,19,116,18,4339340,4340003,120,108,learn_array_B,location-1,-82
7,hx,f,19,57,54,4344739,4347115,14,72,learn_array_A,location-2,3
7,hx,f,19,77,54,4351811,4354551,40,72,learn_array_A,location-2,23
7,hx,f,19,69,72,4359305,4361831,86,54,learn_array_A,location-1,-3
7,hx,f,19,58,54,4366666,4369336,2,72,learn_array_A,location-2,4
7,hx,f,19,20,18,4374158,4378160,128,108,learn_array_B,location-1,2
7,hx,f,19,103,108,4382984,4387894,148,18,learn_array_B,location-2,-5
7,hx,f,19,69,72,4392584,4396131,35,54,learn_array_A,location-1,-3
7,hx,f,19,15,18,4400876,4402807,136,108,learn_array_B,location-1,-3
7,hx,f,19,111,108,4407605,4409991,177,18,learn_array_B,location-2,3
7,hx,f,19,70,72,4414673,4416744,134,54,learn_array_A,location-1,-2
7,hx,f,19,18,18,4421443,4423527,152,108,learn_array_B,location-1,0
7,hx,f,19,60,72,4428215,4432744,112,54,learn_array_A,location-1,-12
block,,,,,,,,,,,,
7,hx,f,19,21,18,4438793,4442770,90,108,learn_array_B,location-1,3
7,hx,f,19,55,54,4447561,4450799,143,72,learn_array_A,location-2,1
7,hx,f,19,17,18,4455411,4458145,120,108,learn_array_B,location-1,-1
7,hx,f,19,113,108,4462946,4465756,162,18,learn_array_B,location-2,5
7,hx,f,19,66,72,4470519,4473997,91,54,learn_array_A,location-1,-6
7,hx,f,19,15,18,4478815,4480445,120,108,learn_array_B,location-1,-3
7,hx,f,19,20,18,4485079,4487977,20,108,learn_array_B,location-1,2
7,hx,f,19,108,108,4492721,4494121,131,18,learn_array_B,location-2,0
7,hx,f,19,68,72,4498768,4502319,79,54,learn_array_A,location-1,-4
7,hx,f,19,57,54,4506933,4509893,158,72,learn_array_A,location-2,3
7,hx,f,19,17,18,4514654,4516732,108,108,learn_array_B,location-1,-1
7,hx,f,19,73,72,4521366,4529071,175,54,learn_array_A,location-1,1
7,hx,f,19,72,72,4533854,4536221,15,54,learn_array_A,location-1,0
7,hx,f,19,70,72,4540954,4543099,149,54,learn_array_A,location-1,-2
7,hx,f,19,104,108,4547921,4550669,148,18,learn_array_B,location-2,-4
7,hx,f,19,109,108,4555414,4557569,84,18,learn_array_B,location-2,1
7,hx,f,19,61,54,4562261,4564788,175,72,learn_array_A,location-2,7
7,hx,f,19,21,18,4569504,4577727,101,108,learn_array_B,location-1,3
7,hx,f,19,105,108,4582354,4585029,74,18,learn_array_B,location-2,-3
7,hx,f,19,62,54,4589739,4602159,179,72,learn_array_A,location-2,8
7,hx,f,19,70,72,4606863,4611405,124,54,learn_array_A,location-1,-2
7,hx,f,19,21,18,4616033,4629563,30,108,learn_array_B,location-1,3
7,hx,f,19,62,54,4634396,4641543,108,72,learn_array_A,location-2,8
7,hx,f,19,53,54,4646369,4661116,101,72,learn_array_A,location-2,-1
7,hx,f,19,101,108,4665917,4669542,97,18,learn_array_B,location-2,-7
7,hx,f,19,67,54,4674311,4678393,150,72,learn_array_A,location-2,13
7,hx,f,19,107,108,4683187,4686133,17,18,learn_array_B,location-2,-1
7,hx,f,19,109,108,4690796,4694276,10,18,learn_array_B,location-2,1
7,hx,f,19,54,54,4698889,4700369,16,72,learn_array_A,location-2,0
7,hx,f,19,17,18,4705059,4706834,93,108,learn_array_B,location-1,-1
7,hx,f,19,75,72,4711546,4713178,132,54,learn_array_A,location-1,3
7,hx,f,19,71,72,4717933,4720312,97,54,learn_array_A,location-1,-1
block,,,,,,,,,,,,
7,hx,f,19,60,54,4726488,4729868,84,72,learn_array_A,location-2,6
7,hx,f,19,17,18,4734673,4736891,177,108,learn_array_B,location-1,-1
7,hx,f,19,20,18,4741693,4743315,147,108,learn_array_B,location-1,2
7,hx,f,19,68,72,4747918,4749842,32,54,learn_array_A,location-1,-4
7,hx,f,19,68,72,4754676,4757560,74,54,learn_array_A,location-1,-4
7,hx,f,19,106,108,4762313,4764016,53,18,learn_array_B,location-2,-2
7,hx,f,19,104,108,4768836,4771941,9,18,learn_array_B,location-2,-4
7,hx,f,19,69,72,4776636,4782258,136,54,learn_array_A,location-1,-3
7,hx,f,19,68,72,4787036,4789177,86,54,learn_array_A,location-1,-4
7,hx,f,19,66,72,4794014,4796388,125,54,learn_array_A,location-1,-6
7,hx,f,19,102,108,4801186,4802818,43,18,learn_array_B,location-2,-6
7,hx,f,19,65,72,4807552,4809331,167,54,learn_array_A,location-1,-7
7,hx,f,19,13,18,4814091,4815725,94,108,learn_array_B,location-1,-5
7,hx,f,19,103,108,4820515,4823342,150,18,learn_array_B,location-2,-5
7,hx,f,19,108,108,4828063,4832509,139,18,learn_array_B,location-2,0
7,hx,f,19,58,54,4837208,4839958,156,72,learn_array_A,location-2,4
7,hx,f,19,56,54,4844574,4847966,41,72,learn_array_A,location-2,2
7,hx,f,19,106,108,4852720,4855764,166,18,learn_array_B,location-2,-2
7,hx,f,19,62,54,4860392,4863203,8,72,learn_array_A,location-2,8
7,hx,f,19,59,54,4867820,4873564,42,72,learn_array_A,location-2,5
7,hx,f,19,17,18,4878223,4881718,118,108,learn_array_B,location-1,-1
7,hx,f,19,108,108,4886425,4887989,94,18,learn_array_B,location-2,0
7,hx,f,19,71,72,4892611,4899070,77,54,learn_array_A,location-1,-1
7,hx,f,19,57,54,4903701,4905557,20,72,learn_array_A,location-2,3
7,hx,f,19,61,54,4910184,4916901,64,72,learn_array_A,location-2,7
7,hx,f,19,101,108,4921596,4923820,128,18,learn_array_B,location-2,-7
7,hx,f,19,22,18,4928629,4930043,118,108,learn_array_B,location-1,4
7,hx,f,19,22,18,4934768,4937295,136,108,learn_array_B,location-1,4
7,hx,f,19,69,72,4942034,4945758,153,54,learn_array_A,location-1,-3
7,hx,f,19,15,18,4950527,4955465,81,108,learn_array_B,location-1,-3
7,hx,f,19,18,18,4960182,4962113,119,108,learn_array_B,location-1,0
7,hx,f,19,58,54,4966738,4969556,91,72,learn_array_A,location-2,4
block,,,,,,,,,,,,
7,hx,f,19,59,54,4975513,4978886,82,72,learn_array_A,location-2,5
7,hx,f,19,22,18,4983648,4987272,40,108,learn_array_B,location-1,4
7,hx,f,19,20,18,4992009,4997936,30,108,learn_array_B,location-1,2
7,hx,f,19,59,54,5002725,5014344,14,72,learn_array_A,location-2,5
7,hx,f,19,106,108,5019154,5024053,125,18,learn_array_B,location-2,-2
7,hx,f,19,58,54,5028659,5039434,116,72,learn_array_A,location-2,4
7,hx,f,19,108,108,5044089,5046820,16,18,learn_array_B,location-2,0
7,hx,f,19,107,108,5051626,5056078,137,18,learn_array_B,location-2,-1
7,hx,f,19,76,72,5060844,5064544,171,54,learn_array_A,location-1,4
7,hx,f,19,55,54,5069352,5071432,77,72,learn_array_A,location-2,1
7,hx,f,19,103,108,5076096,5079861,61,18,learn_array_B,location-2,-5
7,hx,f,19,75,72,5084464,5091621,4,54,learn_array_A,location-1,3
7,hx,f,19,108,108,5096396,5098624,126,18,learn_array_B,location-2,0
7,hx,f,19,26,18,5103326,5113216,161,108,learn_array_B,location-1,8
7,hx,f,19,57,54,5118026,5121866,45,72,learn_array_A,location-2,3
7,hx,f,19,21,18,5126647,5129162,166,108,learn_array_B,location-1,3
7,hx,f,19,101,108,5133962,5139345,57,18,learn_array_B,location-2,-7
7,hx,f,19,60,54,5144083,5147419,6,72,learn_array_A,location-2,6
7,hx,f,19,55,54,5152098,5154237,148,72,learn_array_A,location-2,1
7,hx,f,19,57,54,5158896,5162595,158,72,learn_array_A,location-2,3
7,hx,f,19,65,72,5167374,5169737,171,54,learn_array_A,location-1,-7
7,hx,f,19,19,18,5174453,5176974,108,108,learn_array_B,location-1,1
7,hx,f,19,20,18,5181794,5185707,70,108,learn_array_B,location-1,2
7,hx,f,19,108,18,5190353,5193095,90,108,learn_array_B,location-1,90
7,hx,f,19,72,72,5197724,5201499,38,54,learn_array_A,location-1,0
7,hx,f,19,59,72,5206282,5207976,70,54,learn_array_A,location-1,-13
7,hx,f,19,107,108,5212678,5217398,23,18,learn_array_B,location-2,-1
7,hx,f,19,110,108,5222121,5227144,107,18,learn_array_B,location-2,2
7,hx,f,19,70,72,5231759,5248529,158,54,learn_array_A,location-1,-2
7,hx,f,19,68,72,5253292,5255879,33,54,learn_array_A,location-1,-4
7,hx,f,19,67,72,5260548,5262405,122,54,learn_array_A,location-1,-5
7,hx,f,19,17,18,5267228,5271292,45,108,learn_array_B,location-1,-1
block,,,,,,,,,,,,
7,hx,f,19,62,54,5277353,5281161,45,72,learn_array_A,location-2,8
7,hx,f,19,112,18,5285807,5287724,5,108,learn_array_B,location-1,-86
7,hx,f,19,63,72,5292520,5294449,104,54,learn_array_A,location-1,-9
7,hx,f,19,58,54,5299057,5302900,50,72,learn_array_A,location-2,4
7,hx,f,19,111,108,5307710,5312469,139,18,learn_array_B,location-2,3
7,hx,f,19,17,18,5317122,5319413,28,108,learn_array_B,location-1,-1
7,hx,f,19,78,72,5324088,5326010,133,54,learn_array_A,location-1,6
7,hx,f,19,24,18,5330678,5344696,95,108,learn_array_B,location-1,6
7,hx,f,19,111,108,5349509,5351948,36,18,learn_array_B,location-2,3
7,hx,f,19,56,54,5356660,5360593,178,72,learn_array_A,location-2,2
7,hx,f,19,50,54,5365397,5371014,51,72,learn_array_A,location-2,-4
7,hx,f,19,52,54,5375710,5377720,169,72,learn_array_A,location-2,-2
7,hx,f,19,107,108,5382447,5385632,50,18,learn_array_B,location-2,-1
7,hx,f,19,75,72,5390424,5392283,126,54,learn_array_A,location-1,3
7,hx,f,19,74,72,5396927,5399383,28,54,learn_array_A,location-1,2
7,hx,f,19,52,54,5404180,5408318,53,72,learn_array_A,location-2,-2
7,hx,f,19,61,54,5413011,5415158,2,72,learn_array_A,location-2,7
7,hx,f,19,108,108,5419953,5431704,39,18,learn_array_B,location-2,0
7,hx,f,19,72,72,5436360,5438511,98,54,learn_array_A,location-1,0
7,hx,f,19,17,18,5443225,5445964,102,108,learn_array_B,location-1,-1
7,hx,f,19,111,108,5450677,5452889,97,18,learn_array_B,location-2,3
7,hx,f,19,14,18,5457483,5461323,25,108,learn_array_B,location-1,-4
7,hx,f,19,71,72,5466156,5468533,152,54,learn_array_A,location-1,-1
7,hx,f,19,61,54,5473290,5484864,125,72,learn_array_A,location-2,7
7,hx,f,19,102,108,5489529,5494761,35,18,learn_array_B,location-2,-6
7,hx,f,19,31,18,5499558,5501782,129,108,learn_array_B,location-1,13
7,hx,f,19,105,108,5506431,5514558,57,18,learn_array_B,location-2,-3
7,hx,f,19,19,18,5519396,5523006,104,108,learn_array_B,location-1,1
7,hx,f,19,15,18,5527709,5530970,99,108,learn_array_B,location-1,-3
7,hx,f,19,69,72,5535568,5540224,96,54,learn_array_A,location-1,-3
7,hx,f,19,68,72,5544973,5551811,160,54,learn_array_A,location-1,-4
7,hx,f,19,114,108,5556419,5563591,88,18,learn_array_B,location-2,6
block,,,,,,,,,,,,
7,hx,f,19,12,18,5569545,5577071,17,108,learn_array_B,location-1,-6
7,hx,f,19,114,108,5581757,5586207,173,18,learn_array_B,location-2,6
7,hx,f,19,65,72,5591040,5596959,117,54,learn_array_A,location-1,-7
7,hx,f,19,106,108,5601723,5604034,28,18,learn_array_B,location-2,-2
7,hx,f,19,15,18,5608728,5611406,80,108,learn_array_B,location-1,-3
7,hx,f,19,108,108,5616062,5622737,112,18,learn_array_B,location-2,0
7,hx,f,19,15,18,5627460,5629614,126,108,learn_array_B,location-1,-3
7,hx,f,19,52,54,5634285,5638975,95,72,learn_array_A,location-2,-2
7,hx,f,19,15,18,5643764,5645700,168,108,learn_array_B,location-1,-3
7,hx,f,19,55,54,5650346,5654435,5,72,learn_array_A,location-2,1
7,hx,f,19,69,72,5659138,5661505,37,54,learn_array_A,location-1,-3
7,hx,f,19,50,72,5666301,5670845,82,54,learn_array_A,location-1,-22
7,hx,f,19,58,54,5675557,5678669,176,72,learn_array_A,location-2,4
7,hx,f,19,70,72,5683446,5685010,77,54,learn_array_A,location-1,-2
7,hx,f,19,56,54,5689677,5691450,60,72,learn_array_A,location-2,2
7,hx,f,19,71,72,5696114,5700812,54,54,learn_array_A,location-1,-1
7,hx,f,19,20,18,5705528,5707761,150,108,learn_array_B,location-1,2
7,hx,f,19,28,18,5712457,5716533,71,108,learn_array_B,location-1,10
7,hx,f,19,52,54,5721160,5724717,25,72,learn_array_A,location-2,-2
7,hx,f,19,107,108,5729463,5732718,25,18,learn_array_B,location-2,-1
7,hx,f,19,59,54,5737443,5749369,111,72,learn_array_A,location-2,5
7,hx,f,19,116,108,5753996,5761509,100,18,learn_array_B,location-2,8
7,hx,f,19,68,72,5766196,5775101,105,54,learn_array_A,location-1,-4
7,hx,f,19,60,54,5779735,5784763,124,72,learn_array_A,location-2,6
7,hx,f,19,70,72,5789433,5794381,159,54,learn_array_A,location-1,-2
7,hx,f,19,103,108,5799125,5805567,15,18,learn_array_B,location-2,-5
7,hx,f,19,56,54,5810322,5812103,132,72,learn_array_A,location-2,2
7,hx,f,19,66,72,5816799,5821246,7,54,learn_array_A,location-1,-6
7,hx,f,19,107,108,5825883,5827963,170,18,learn_array_B,location-2,-1
7,hx,f,19,19,18,5832698,5840547,5,108,learn_array_B,location-1,1
7,hx,f,19,16,18,5845261,5847493,16,108,learn_array_B,location-1,-2
7,hx,f,19,101,108,5852150,5855502,158,18,learn_array_B,location-2,-7
block,,,,,,,,,,,,
