subj,name,gender,age,col_resp,target_angle,start_time,resp_time,start_angle,other_angle,learn_array,location,d_value
8,hhr,f,19,107,90,16788,21966,127,144,learn_array_B,location-1,17
8,hhr,f,19,95,90,26751,31111,115,144,learn_array_B,location-1,5
8,hhr,f,19,86,90,35923,39019,98,144,learn_array_B,location-1,-4
8,hhr,f,19,146,144,43847,46281,54,90,learn_array_B,location-2,2
8,hhr,f,19,88,90,51092,55216,87,144,learn_array_B,location-1,-2
8,hhr,f,19,97,36,60024,63931,151,162,learn_array_A,location-2,61
8,hhr,f,19,91,90,68623,72834,27,144,learn_array_B,location-1,1
8,hhr,f,19,146,144,77555,81276,7,90,learn_array_B,location-2,2
8,hhr,f,19,147,144,86038,90520,157,90,learn_array_B,location-2,3
8,hhr,f,19,43,36,95313,100676,11,162,learn_array_A,location-2,7
8,hhr,f,19,167,162,105412,110403,55,36,learn_array_A,location-1,5
8,hhr,f,19,37,36,115216,118811,2,162,learn_array_A,location-2,1
8,hhr,f,19,36,36,123529,126753,147,162,learn_array_A,location-2,0
8,hhr,f,19,144,144,131544,134623,47,90,learn_array_B,location-2,0
8,hhr,f,19,169,162,139367,141928,27,36,learn_array_A,location-1,7
8,hhr,f,19,149,144,146716,149500,5,90,learn_array_B,location-2,5
8,hhr,f,19,72,90,154167,160281,127,144,learn_array_B,location-1,-18
8,hhr,f,19,141,144,165083,167654,84,90,learn_array_B,location-2,-3
8,hhr,f,19,39,36,172365,174860,135,162,learn_array_A,location-2,3
8,hhr,f,19,90,90,179632,183748,118,144,learn_array_B,location-1,0
8,hhr,f,19,142,144,188567,192243,97,90,learn_array_B,location-2,-2
8,hhr,f,19,161,162,197026,202099,133,36,learn_array_A,location-1,-1
8,hhr,f,19,35,36,206884,210045,134,162,learn_array_A,location-2,-1
8,hhr,f,19,91,90,214790,221064,142,144,learn_array_B,location-1,1
8,hhr,f,19,165,162,225739,229486,7,36,learn_array_A,location-1,3
8,hhr,f,19,164,162,234224,238630,151,36,learn_array_A,location-1,2
8,hhr,f,19,165,162,243352,246375,104,36,learn_array_A,location-1,3
8,hhr,f,19,27,36,251156,254463,65,162,learn_array_A,location-2,-9
8,hhr,f,19,147,144,259276,262731,69,90,learn_array_B,location-2,3
8,hhr,f,19,166,162,267341,271679,176,36,learn_array_A,location-1,4
8,hhr,f,19,166,162,276371,278946,103,36,learn_array_A,location-1,4
8,hhr,f,19,30,36,283599,287198,73,162,learn_array_A,location-2,-6
block
8,hhr,f,19,26,36,292912,297840,27,162,learn_array_A,location-2,-10
8,hhr,f,19,80,90,302602,309356,102,144,learn_array_B,location-1,-10
8,hhr,f,19,87,90,314082,317314,19,144,learn_array_B,location-1,-3
8,hhr,f,19,36,36,322076,324870,85,162,learn_array_A,location-2,0
8,hhr,f,19,164,162,329482,331840,178,36,learn_array_A,location-1,2
8,hhr,f,19,144,144,336513,339906,95,90,learn_array_B,location-2,0
8,hhr,f,19,94,90,344647,354362,85,144,learn_array_B,location-1,4
8,hhr,f,19,142,144,359107,366378,146,90,learn_array_B,location-2,-2
8,hhr,f,19,97,90,371133,374952,142,144,learn_array_B,location-1,7
8,hhr,f,19,162,162,379721,385581,3,36,learn_array_A,location-1,0
8,hhr,f,19,40,36,390260,396957,33,162,learn_array_A,location-2,4
8,hhr,f,19,147,90,401614,406173,92,144,learn_array_B,location-1,57
8,hhr,f,19,40,36,411000,415709,12,162,learn_array_A,location-2,4
8,hhr,f,19,146,144,420344,425871,5,90,learn_array_B,location-2,2
8,hhr,f,19,94,90,430465,434442,29,144,learn_array_B,location-1,4
8,hhr,f,19,160,162,439096,441964,62,36,learn_array_A,location-1,-2
8,hhr,f,19,26,36,446732,450293,19,162,learn_array_A,location-2,-10
8,hhr,f,19,29,36,455144,460227,160,162,learn_array_A,location-2,-7
8,hhr,f,19,150,144,464993,472138,121,90,learn_array_B,location-2,6
8,hhr,f,19,164,162,476925,481186,143,36,learn_array_A,location-1,2
8,hhr,f,19,166,162,485806,493076,116,36,learn_array_A,location-1,4
8,hhr,f,19,148,144,497765,501597,77,90,learn_array_B,location-2,4
8,hhr,f,19,155,144,506212,516450,72,90,learn_array_B,location-2,11
8,hhr,f,19,164,162,521128,524806,46,36,learn_array_A,location-1,2
8,hhr,f,19,33,36,529450,534084,42,162,learn_array_A,location-2,-3
8,hhr,f,19,168,162,538797,542616,52,36,learn_array_A,location-1,6
8,hhr,f,19,155,144,547286,554928,83,90,learn_array_B,location-2,11
8,hhr,f,19,96,90,559731,573444,43,144,learn_array_B,location-1,6
8,hhr,f,19,164,162,578147,589848,21,36,learn_array_A,location-1,2
8,hhr,f,19,91,90,594618,599250,13,144,learn_array_B,location-1,1
8,hhr,f,19,151,144,603878,611231,147,90,learn_array_B,location-2,7
8,hhr,f,19,46,36,615969,619425,61,162,learn_array_A,location-2,10
block
8,hhr,f,19,142,144,632960,641977,32,90,learn_array_B,location-2,-2
8,hhr,f,19,165,162,646636,650463,91,36,learn_array_A,location-1,3
8,hhr,f,19,147,144,655297,659936,172,90,learn_array_B,location-2,3
8,hhr,f,19,150,144,664758,670647,94,90,learn_array_B,location-2,6
8,hhr,f,19,32,36,675283,680495,58,162,learn_array_A,location-2,-4
8,hhr,f,19,146,144,685230,689457,124,90,learn_array_B,location-2,2
8,hhr,f,19,165,36,694163,698869,27,162,learn_array_A,location-2,-51
8,hhr,f,19,33,36,703672,707854,24,162,learn_array_A,location-2,-3
8,hhr,f,19,34,36,712534,716348,95,162,learn_array_A,location-2,-2
8,hhr,f,19,163,162,721042,728304,19,36,learn_array_A,location-1,1
8,hhr,f,19,163,162,732896,739353,33,36,learn_array_A,location-1,1
8,hhr,f,19,98,90,744136,751402,152,144,learn_array_B,location-1,8
8,hhr,f,19,97,90,756232,760117,175,144,learn_array_B,location-1,7
8,hhr,f,19,170,162,764784,770163,34,36,learn_array_A,location-1,8
8,hhr,f,19,167,162,774900,779005,19,36,learn_array_A,location-1,5
8,hhr,f,19,86,90,783840,788020,86,144,learn_array_B,location-1,-4
8,hhr,f,19,169,162,792782,799895,124,36,learn_array_A,location-1,7
8,hhr,f,19,89,90,804555,809398,14,144,learn_array_B,location-1,-1
8,hhr,f,19,163,36,814224,819794,150,162,learn_array_A,location-2,-53
8,hhr,f,19,152,144,824413,831101,168,90,learn_array_B,location-2,8
8,hhr,f,19,145,144,835862,839312,173,90,learn_array_B,location-2,1
8,hhr,f,19,39,36,844122,848675,124,162,learn_array_A,location-2,3
8,hhr,f,19,67,90,853277,863365,170,144,learn_array_B,location-1,-23
8,hhr,f,19,90,90,868181,871336,9,144,learn_array_B,location-1,0
8,hhr,f,19,162,162,876057,881699,124,36,learn_array_A,location-1,0
8,hhr,f,19,83,90,886516,892313,140,144,learn_array_B,location-1,-7
8,hhr,f,19,38,36,897108,900550,167,162,learn_array_A,location-2,2
8,hhr,f,19,170,162,905286,908303,68,36,learn_array_A,location-1,8
8,hhr,f,19,31,36,913081,917930,175,162,learn_array_A,location-2,-5
8,hhr,f,19,84,90,922644,927633,131,144,learn_array_B,location-1,-6
8,hhr,f,19,135,144,932428,937860,60,90,learn_array_B,location-2,-9
8,hhr,f,19,145,144,942668,947156,134,90,learn_array_B,location-2,1
block
8,hhr,f,19,90,144,965360,969102,156,90,learn_array_B,location-2,-54
8,hhr,f,19,41,36,973757,978521,35,162,learn_array_A,location-2,5
8,hhr,f,19,142,144,983143,993802,30,90,learn_array_B,location-2,-2
8,hhr,f,19,89,90,998507,1004752,48,144,learn_array_B,location-1,-1
8,hhr,f,19,89,90,1009565,1014348,170,144,learn_array_B,location-1,-1
8,hhr,f,19,162,162,1019058,1023316,33,36,learn_array_A,location-1,0
8,hhr,f,19,89,144,1027916,1037028,91,90,learn_array_B,location-2,-55
8,hhr,f,19,140,144,1041759,1049846,148,90,learn_array_B,location-2,-4
8,hhr,f,19,46,36,1054458,1057772,124,162,learn_array_A,location-2,10
8,hhr,f,19,34,36,1062585,1067224,96,162,learn_array_A,location-2,-2
8,hhr,f,19,29,36,1071870,1078637,107,162,learn_array_A,location-2,-7
8,hhr,f,19,77,90,1083303,1098493,1,144,learn_array_B,location-1,-13
8,hhr,f,19,144,144,1103108,1109439,101,90,learn_array_B,location-2,0
8,hhr,f,19,83,90,1114183,1119279,120,144,learn_array_B,location-1,-7
8,hhr,f,19,168,162,1123879,1128963,25,36,learn_array_A,location-1,6
8,hhr,f,19,89,90,1133761,1141429,86,144,learn_array_B,location-1,-1
8,hhr,f,19,169,162,1146141,1151656,157,36,learn_array_A,location-1,7
8,hhr,f,19,32,36,1156272,1160836,103,162,learn_array_A,location-2,-4
8,hhr,f,19,166,162,1165636,1171463,59,36,learn_array_A,location-1,4
8,hhr,f,19,166,162,1176232,1178731,105,36,learn_array_A,location-1,4
8,hhr,f,19,86,90,1183557,1190397,25,144,learn_array_B,location-1,-4
8,hhr,f,19,141,144,1194990,1199111,39,90,learn_array_B,location-2,-3
8,hhr,f,19,37,36,1203859,1207165,9,162,learn_array_A,location-2,1
8,hhr,f,19,65,90,1211988,1220222,145,144,learn_array_B,location-1,-25
8,hhr,f,19,144,144,1224920,1230569,77,90,learn_array_B,location-2,0
8,hhr,f,19,39,36,1235358,1238230,138,162,learn_array_A,location-2,3
8,hhr,f,19,146,144,1242907,1248053,58,90,learn_array_B,location-2,2
8,hhr,f,19,165,36,1252792,1256835,24,162,learn_array_A,location-2,-51
8,hhr,f,19,166,162,1261509,1263859,21,36,learn_array_A,location-1,4
8,hhr,f,19,91,90,1268514,1272628,92,144,learn_array_B,location-1,1
8,hhr,f,19,165,162,1277444,1281932,82,36,learn_array_A,location-1,3
8,hhr,f,19,167,162,1286584,1293779,3,36,learn_array_A,location-1,5
block
8,hhr,f,19,95,144,1304848,1312910,6,90,learn_array_B,location-2,-49
8,hhr,f,19,138,144,1317506,1324613,31,90,learn_array_B,location-2,-6
8,hhr,f,19,134,144,1329317,1334922,126,90,learn_array_B,location-2,-10
8,hhr,f,19,161,162,1339742,1344076,157,36,learn_array_A,location-1,-1
8,hhr,f,19,87,90,1348823,1355369,176,144,learn_array_B,location-1,-3
8,hhr,f,19,92,90,1360158,1363166,167,144,learn_array_B,location-1,2
8,hhr,f,19,138,144,1367841,1370696,80,90,learn_array_B,location-2,-6
8,hhr,f,19,98,90,1375440,1385345,164,144,learn_array_B,location-1,8
8,hhr,f,19,38,36,1389974,1393423,95,162,learn_array_A,location-2,2
8,hhr,f,19,115,144,1398237,1408863,28,90,learn_array_B,location-2,-29
8,hhr,f,19,41,36,1413590,1416740,132,162,learn_array_A,location-2,5
8,hhr,f,19,138,144,1421426,1428899,79,90,learn_array_B,location-2,-6
8,hhr,f,19,81,90,1433675,1439902,95,144,learn_array_B,location-1,-9
8,hhr,f,19,141,144,1444492,1450498,59,90,learn_array_B,location-2,-3
8,hhr,f,19,95,90,1455163,1459711,57,144,learn_array_B,location-1,5
8,hhr,f,19,32,36,1464400,1469101,137,162,learn_array_A,location-2,-4
8,hhr,f,19,28,36,1473700,1478477,54,162,learn_array_A,location-2,-8
8,hhr,f,19,174,162,1483219,1487479,62,36,learn_array_A,location-1,12
8,hhr,f,19,92,90,1492122,1498534,51,144,learn_array_B,location-1,2
8,hhr,f,19,173,162,1503341,1508781,170,36,learn_array_A,location-1,11
8,hhr,f,19,141,144,1513373,1524958,85,90,learn_array_B,location-2,-3
8,hhr,f,19,162,162,1529633,1534330,95,36,learn_array_A,location-1,0
8,hhr,f,19,163,162,1539066,1543479,110,36,learn_array_A,location-1,1
8,hhr,f,19,31,36,1548144,1551150,72,162,learn_array_A,location-2,-5
8,hhr,f,19,166,162,1555908,1559725,90,36,learn_array_A,location-1,4
8,hhr,f,19,89,90,1564428,1573559,125,144,learn_array_B,location-1,-1
8,hhr,f,19,167,162,1578370,1582109,136,36,learn_array_A,location-1,5
8,hhr,f,19,33,36,1586938,1591047,143,162,learn_array_A,location-2,-3
8,hhr,f,19,170,162,1595722,1600717,11,36,learn_array_A,location-1,8
8,hhr,f,19,92,90,1605426,1613930,121,144,learn_array_B,location-1,2
8,hhr,f,19,38,36,1618532,1622066,67,162,learn_array_A,location-2,2
8,hhr,f,19,37,36,1626736,1632444,64,162,learn_array_A,location-2,1
block
8,hhr,f,19,40,36,1653728,1655411,61,162,learn_array_A,location-2,4
8,hhr,f,19,171,162,1660191,1665395,88,36,learn_array_A,location-1,9
8,hhr,f,19,144,144,1670131,1674181,50,90,learn_array_B,location-2,0
8,hhr,f,19,87,90,1678962,1682489,174,144,learn_array_B,location-1,-3
8,hhr,f,19,45,36,1687156,1689368,126,162,learn_array_A,location-2,9
8,hhr,f,19,135,144,1694039,1699613,80,90,learn_array_B,location-2,-9
8,hhr,f,19,88,90,1704349,1708251,64,144,learn_array_B,location-1,-2
8,hhr,f,19,162,162,1712919,1715940,68,36,learn_array_A,location-1,0
8,hhr,f,19,88,90,1720539,1723701,74,144,learn_array_B,location-1,-2
8,hhr,f,19,166,162,1728498,1732240,175,36,learn_array_A,location-1,4
8,hhr,f,19,86,90,1736999,1740463,26,144,learn_array_B,location-1,-4
8,hhr,f,19,37,36,1745157,1749709,1,162,learn_array_A,location-2,1
8,hhr,f,19,32,36,1754395,1757770,74,162,learn_array_A,location-2,-4
8,hhr,f,19,168,162,1762431,1765086,58,36,learn_array_A,location-1,6
8,hhr,f,19,139,144,1769890,1773777,57,90,learn_array_B,location-2,-5
8,hhr,f,19,163,162,1778388,1781909,109,36,learn_array_A,location-1,1
8,hhr,f,19,142,144,1786569,1790403,41,90,learn_array_B,location-2,-2
8,hhr,f,19,163,36,1795023,1798773,175,162,learn_array_A,location-2,-53
8,hhr,f,19,165,162,1803484,1806431,153,36,learn_array_A,location-1,3
8,hhr,f,19,95,90,1811189,1818322,52,144,learn_array_B,location-1,5
8,hhr,f,19,35,36,1823018,1826254,107,162,learn_array_A,location-2,-1
8,hhr,f,19,35,36,1830932,1834699,33,162,learn_array_A,location-2,-1
8,hhr,f,19,93,90,1839319,1843149,17,144,learn_array_B,location-1,3
8,hhr,f,19,137,144,1847745,1850545,12,90,learn_array_B,location-2,-7
8,hhr,f,19,167,162,1855326,1858353,129,36,learn_array_A,location-1,5
8,hhr,f,19,167,162,1862969,1866349,59,36,learn_array_A,location-1,5
8,hhr,f,19,85,90,1871111,1874734,57,144,learn_array_B,location-1,-5
8,hhr,f,19,138,144,1879539,1884614,39,90,learn_array_B,location-2,-6
8,hhr,f,19,141,144,1889426,1891644,140,90,learn_array_B,location-2,-3
8,hhr,f,19,142,144,1896254,1899785,25,90,learn_array_B,location-2,-2
8,hhr,f,19,89,90,1904408,1912985,169,144,learn_array_B,location-1,-1
8,hhr,f,19,38,36,1917771,1921450,27,162,learn_array_A,location-2,2
block
8,hhr,f,19,164,162,1941055,1944213,17,36,learn_array_A,location-1,2
8,hhr,f,19,83,90,1948884,1953228,126,144,learn_array_B,location-1,-7
8,hhr,f,19,162,162,1957866,1961027,81,36,learn_array_A,location-1,0
8,hhr,f,19,37,36,1965684,1968329,14,162,learn_array_A,location-2,1
8,hhr,f,19,167,162,1973041,1975549,75,36,learn_array_A,location-1,5
8,hhr,f,19,143,144,1980289,1986324,111,90,learn_array_B,location-2,-1
8,hhr,f,19,162,162,1991020,1993748,96,36,learn_array_A,location-1,0
8,hhr,f,19,95,90,1998464,2002001,102,144,learn_array_B,location-1,5
8,hhr,f,19,31,36,2006788,2009450,70,162,learn_array_A,location-2,-5
8,hhr,f,19,29,36,2014120,2017802,27,162,learn_array_A,location-2,-7
8,hhr,f,19,168,162,2022541,2025572,94,36,learn_array_A,location-1,6
8,hhr,f,19,141,144,2030334,2036883,9,90,learn_array_B,location-2,-3
8,hhr,f,19,144,144,2041498,2044444,108,90,learn_array_B,location-2,0
8,hhr,f,19,103,90,2049276,2054571,153,144,learn_array_B,location-1,13
8,hhr,f,19,161,162,2059288,2063192,92,36,learn_array_A,location-1,-1
8,hhr,f,19,36,36,2067991,2072100,38,162,learn_array_A,location-2,0
8,hhr,f,19,40,36,2076870,2080767,19,162,learn_array_A,location-2,4
8,hhr,f,19,31,36,2085606,2090374,64,162,learn_array_A,location-2,-5
8,hhr,f,19,31,36,2095057,2101743,108,162,learn_array_A,location-2,-5
8,hhr,f,19,139,90,2106446,2111732,82,144,learn_array_B,location-1,49
8,hhr,f,19,140,144,2116531,2118442,82,90,learn_array_B,location-2,-4
8,hhr,f,19,140,144,2123166,2127645,52,90,learn_array_B,location-2,-4
8,hhr,f,19,94,90,2132277,2141730,147,144,learn_array_B,location-1,4
8,hhr,f,19,91,90,2146460,2150718,4,144,learn_array_B,location-1,1
8,hhr,f,19,97,90,2155527,2159207,56,144,learn_array_B,location-1,7
8,hhr,f,19,132,144,2163884,2170640,148,90,learn_array_B,location-2,-12
8,hhr,f,19,141,144,2175436,2179984,68,90,learn_array_B,location-2,-3
8,hhr,f,19,98,90,2184683,2189387,68,144,learn_array_B,location-1,8
8,hhr,f,19,137,144,2193990,2197969,91,90,learn_array_B,location-2,-7
8,hhr,f,19,35,36,2202742,2206051,85,162,learn_array_A,location-2,-1
8,hhr,f,19,169,162,2210658,2214488,11,36,learn_array_A,location-1,7
8,hhr,f,19,164,162,2219178,2222411,44,36,learn_array_A,location-1,2
block
8,hhr,f,19,98,90,2252303,2256742,35,144,learn_array_B,location-1,8
8,hhr,f,19,92,90,2261442,2264603,122,144,learn_array_B,location-1,2
8,hhr,f,19,171,162,2269356,2272389,124,36,learn_array_A,location-1,9
8,hhr,f,19,134,144,2277126,2281320,50,90,learn_array_B,location-2,-10
8,hhr,f,19,21,36,2286119,2290166,70,162,learn_array_A,location-2,-15
8,hhr,f,19,169,162,2294875,2298998,148,36,learn_array_A,location-1,7
8,hhr,f,19,29,36,2303683,2308191,93,162,learn_array_A,location-2,-7
8,hhr,f,19,88,90,2312938,2319259,16,144,learn_array_B,location-1,-2
8,hhr,f,19,87,90,2324055,2328913,83,144,learn_array_B,location-1,-3
8,hhr,f,19,140,144,2333714,2337391,178,90,learn_array_B,location-2,-4
8,hhr,f,19,144,144,2342224,2346514,143,90,learn_array_B,location-2,0
8,hhr,f,19,89,90,2351161,2356968,136,144,learn_array_B,location-1,-1
8,hhr,f,19,165,36,2361703,2364874,2,162,learn_array_A,location-2,-51
8,hhr,f,19,165,162,2369473,2373387,78,36,learn_array_A,location-1,3
8,hhr,f,19,34,36,2377996,2381374,16,162,learn_array_A,location-2,-2
8,hhr,f,19,142,144,2386019,2389544,39,90,learn_array_B,location-2,-2
8,hhr,f,19,146,144,2394163,2398208,155,90,learn_array_B,location-2,2
8,hhr,f,19,36,36,2402837,2407338,122,162,learn_array_A,location-2,0
8,hhr,f,19,36,36,2411956,2415045,33,162,learn_array_A,location-2,0
8,hhr,f,19,168,162,2419650,2423556,88,36,learn_array_A,location-1,6
8,hhr,f,19,33,36,2428192,2432311,160,162,learn_array_A,location-2,-3
8,hhr,f,19,166,162,2437112,2440781,4,36,learn_array_A,location-1,4
8,hhr,f,19,87,90,2445615,2450039,48,144,learn_array_B,location-1,-3
8,hhr,f,19,89,90,2454722,2458104,17,144,learn_array_B,location-1,-1
8,hhr,f,19,164,162,2462877,2466637,86,36,learn_array_A,location-1,2
8,hhr,f,19,145,144,2471313,2475281,144,90,learn_array_B,location-2,1
8,hhr,f,19,144,144,2479955,2483495,166,90,learn_array_B,location-2,0
8,hhr,f,19,143,144,2488133,2491368,82,90,learn_array_B,location-2,-1
8,hhr,f,19,163,162,2496110,2499574,22,36,learn_array_A,location-1,1
8,hhr,f,19,29,36,2504192,2507501,77,162,learn_array_A,location-2,-7
8,hhr,f,19,164,162,2512116,2514908,43,36,learn_array_A,location-1,2
8,hhr,f,19,91,90,2519643,2526115,99,144,learn_array_B,location-1,1
block
8,hhr,f,19,141,144,2546512,2549820,148,90,learn_array_B,location-2,-3
8,hhr,f,19,96,90,2554517,2560395,89,144,learn_array_B,location-1,6
8,hhr,f,19,165,162,2565183,2569153,134,36,learn_array_A,location-1,3
8,hhr,f,19,141,144,2573778,2577081,132,90,learn_array_B,location-2,-3
8,hhr,f,19,31,36,2581906,2584045,136,162,learn_array_A,location-2,-5
8,hhr,f,19,163,162,2588683,2594264,43,36,learn_array_A,location-1,1
8,hhr,f,19,161,162,2599038,2602633,60,36,learn_array_A,location-1,-1
8,hhr,f,19,94,90,2607237,2611286,17,144,learn_array_B,location-1,4
8,hhr,f,19,96,90,2615999,2619006,86,144,learn_array_B,location-1,6
8,hhr,f,19,33,36,2623622,2625684,86,162,learn_array_A,location-2,-3
8,hhr,f,19,168,162,2630382,2632146,168,36,learn_array_A,location-1,6
8,hhr,f,19,91,90,2636872,2638415,52,144,learn_array_B,location-1,1
8,hhr,f,19,34,36,2643060,2645048,175,162,learn_array_A,location-2,-2
8,hhr,f,19,92,90,2649716,2652376,2,144,learn_array_B,location-1,2
8,hhr,f,19,37,36,2657030,2658867,45,162,learn_array_A,location-2,1
8,hhr,f,19,134,144,2663525,2666185,51,90,learn_array_B,location-2,-10
8,hhr,f,19,97,90,2670961,2674722,167,144,learn_array_B,location-1,7
8,hhr,f,19,165,162,2679558,2682940,32,36,learn_array_A,location-1,3
8,hhr,f,19,139,144,2687655,2690303,20,90,learn_array_B,location-2,-5
8,hhr,f,19,30,36,2695058,2698681,118,162,learn_array_A,location-2,-6
8,hhr,f,19,33,36,2703325,2705679,123,162,learn_array_A,location-2,-3
8,hhr,f,19,143,144,2710394,2714307,111,90,learn_array_B,location-2,-1
8,hhr,f,19,94,90,2719015,2723499,99,144,learn_array_B,location-1,4
8,hhr,f,19,32,36,2728118,2731941,41,162,learn_array_A,location-2,-4
8,hhr,f,19,91,90,2736694,2740603,77,144,learn_array_B,location-1,1
8,hhr,f,19,167,162,2745215,2746909,142,36,learn_array_A,location-1,5
8,hhr,f,19,137,144,2751623,2760778,60,90,learn_array_B,location-2,-7
8,hhr,f,19,143,144,2765441,2770812,141,90,learn_array_B,location-2,-1
8,hhr,f,19,161,162,2775595,2777590,77,36,learn_array_A,location-1,-1
8,hhr,f,19,164,162,2782383,2786078,107,36,learn_array_A,location-1,2
8,hhr,f,19,141,144,2790781,2793798,112,90,learn_array_B,location-2,-3
8,hhr,f,19,27,36,2798515,2802354,161,162,learn_array_A,location-2,-9
block
8,hhr,f,19,175,162,2825280,2828513,24,36,learn_array_A,location-1,13
8,hhr,f,19,147,144,2833330,2835973,103,90,learn_array_B,location-2,3
8,hhr,f,19,163,162,2840741,2844213,62,36,learn_array_A,location-1,1
8,hhr,f,19,100,90,2849011,2852839,96,144,learn_array_B,location-1,10
8,hhr,f,19,142,144,2857496,2859862,106,90,learn_array_B,location-2,-2
8,hhr,f,19,144,144,2864572,2866859,58,90,learn_array_B,location-2,0
8,hhr,f,19,139,144,2871494,2874456,148,90,learn_array_B,location-2,-5
8,hhr,f,19,99,90,2879127,2882661,13,144,learn_array_B,location-1,9
8,hhr,f,19,144,144,2887276,2889483,17,90,learn_array_B,location-2,0
8,hhr,f,19,31,36,2894277,2897010,55,162,learn_array_A,location-2,-5
8,hhr,f,19,174,162,2901702,2905459,33,36,learn_array_A,location-1,12
8,hhr,f,19,93,90,2910297,2912649,77,144,learn_array_B,location-1,3
8,hhr,f,19,95,90,2917329,2918944,76,144,learn_array_B,location-1,5
8,hhr,f,19,30,36,2923672,2925585,166,162,learn_array_A,location-2,-6
8,hhr,f,19,95,90,2930420,2932711,61,144,learn_array_B,location-1,5
8,hhr,f,19,142,144,2937347,2939185,76,90,learn_array_B,location-2,-2
8,hhr,f,19,29,36,2943794,2946072,83,162,learn_array_A,location-2,-7
8,hhr,f,19,139,144,2950760,2954360,68,90,learn_array_B,location-2,-5
8,hhr,f,19,94,90,2959139,2962293,174,144,learn_array_B,location-1,4
8,hhr,f,19,39,36,2966894,2969474,51,162,learn_array_A,location-2,3
8,hhr,f,19,171,162,2974075,2981794,46,36,learn_array_A,location-1,9
8,hhr,f,19,169,162,2986481,2988914,16,36,learn_array_A,location-1,7
8,hhr,f,19,30,36,2993552,2995980,125,162,learn_array_A,location-2,-6
8,hhr,f,19,35,36,3000663,3002869,123,162,learn_array_A,location-2,-1
8,hhr,f,19,89,90,3007657,3010009,43,144,learn_array_B,location-1,-1
8,hhr,f,19,144,144,3014750,3020041,167,90,learn_array_B,location-2,0
8,hhr,f,19,161,162,3024648,3028990,33,36,learn_array_A,location-1,-1
8,hhr,f,19,35,36,3033612,3037659,6,162,learn_array_A,location-2,-1
8,hhr,f,19,166,162,3042370,3046190,5,36,learn_array_A,location-1,4
8,hhr,f,19,170,162,3050825,3052889,161,36,learn_array_A,location-1,8
8,hhr,f,19,96,90,3057624,3068715,2,144,learn_array_B,location-1,6
8,hhr,f,19,30,36,3073371,3074994,157,162,learn_array_A,location-2,-6
block
8,hhr,f,19,145,144,3088592,3091314,160,90,learn_array_B,location-2,1
8,hhr,f,19,139,144,3096130,3099001,107,90,learn_array_B,location-2,-5
8,hhr,f,19,167,162,3103815,3106463,20,36,learn_array_A,location-1,5
8,hhr,f,19,92,90,3111137,3112910,58,144,learn_array_B,location-1,2
8,hhr,f,19,32,162,3117544,3119828,83,36,learn_array_A,location-1,50
8,hhr,f,19,39,36,3124562,3127148,114,162,learn_array_A,location-2,3
8,hhr,f,19,90,90,3131919,3135383,43,144,learn_array_B,location-1,0
8,hhr,f,19,160,162,3140025,3142821,18,36,learn_array_A,location-1,-2
8,hhr,f,19,33,36,3147586,3150090,143,162,learn_array_A,location-2,-3
8,hhr,f,19,163,162,3154912,3157936,53,36,learn_array_A,location-1,1
8,hhr,f,19,167,162,3162565,3164784,141,36,learn_array_A,location-1,5
8,hhr,f,19,169,162,3169582,3172310,168,36,learn_array_A,location-1,7
8,hhr,f,19,95,90,3176948,3179537,146,144,learn_array_B,location-1,5
8,hhr,f,19,91,90,3184218,3187529,47,144,learn_array_B,location-1,1
8,hhr,f,19,164,162,3192285,3194424,139,36,learn_array_A,location-1,2
8,hhr,f,19,35,36,3199061,3200979,140,162,learn_array_A,location-2,-1
8,hhr,f,19,42,36,3205692,3207828,43,162,learn_array_A,location-2,6
8,hhr,f,19,140,144,3212598,3217917,85,90,learn_array_B,location-2,-4
8,hhr,f,19,146,144,3222545,3224754,177,90,learn_array_B,location-2,2
8,hhr,f,19,168,36,3229457,3232621,153,162,learn_array_A,location-2,-48
8,hhr,f,19,38,36,3237428,3239779,152,162,learn_array_A,location-2,2
8,hhr,f,19,145,144,3244401,3247938,6,90,learn_array_B,location-2,1
8,hhr,f,19,40,36,3252663,3255536,76,162,learn_array_A,location-2,4
8,hhr,f,19,97,90,3260362,3264352,119,144,learn_array_B,location-1,7
8,hhr,f,19,93,90,3268946,3271152,51,144,learn_array_B,location-1,3
8,hhr,f,19,138,144,3275911,3278259,84,90,learn_array_B,location-2,-6
8,hhr,f,19,39,36,3283018,3285608,43,162,learn_array_A,location-2,3
8,hhr,f,19,145,144,3290256,3292236,143,90,learn_array_B,location-2,1
8,hhr,f,19,92,90,3296851,3300614,161,144,learn_array_B,location-1,2
8,hhr,f,19,95,90,3305225,3307430,89,144,learn_array_B,location-1,5
8,hhr,f,19,165,162,3312221,3314579,149,36,learn_array_A,location-1,3
8,hhr,f,19,138,144,3319399,3321086,106,90,learn_array_B,location-2,-6
block
8,hhr,f,19,164,162,3329008,3331652,49,36,learn_array_A,location-1,2
8,hhr,f,19,91,90,3336461,3339973,154,144,learn_array_B,location-1,1
8,hhr,f,19,39,36,3344701,3346916,37,162,learn_array_A,location-2,3
8,hhr,f,19,167,162,3351745,3353431,169,36,learn_array_A,location-1,5
8,hhr,f,19,143,144,3358259,3361285,164,90,learn_array_B,location-2,-1
8,hhr,f,19,32,36,3365967,3368541,22,162,learn_array_A,location-2,-4
8,hhr,f,19,164,162,3373237,3375299,71,36,learn_array_A,location-1,2
8,hhr,f,19,145,144,3380093,3382816,0,90,learn_array_B,location-2,1
8,hhr,f,19,166,162,3387443,3390322,158,36,learn_array_A,location-1,4
8,hhr,f,19,28,36,3395083,3397293,26,162,learn_array_A,location-2,-8
8,hhr,f,19,141,144,3401989,3405155,107,90,learn_array_B,location-2,-3
8,hhr,f,19,32,36,3409974,3412698,84,162,learn_array_A,location-2,-4
8,hhr,f,19,38,90,3417484,3421093,82,144,learn_array_B,location-1,-52
8,hhr,f,19,74,90,3425743,3428840,115,144,learn_array_B,location-1,-16
8,hhr,f,19,160,162,3433549,3436132,56,36,learn_array_A,location-1,-2
8,hhr,f,19,94,90,3440967,3443837,141,144,learn_array_B,location-1,4
8,hhr,f,19,147,144,3448523,3453700,159,90,learn_array_B,location-2,3
8,hhr,f,19,38,36,3458447,3461464,147,162,learn_array_A,location-2,2
8,hhr,f,19,141,144,3466254,3470611,37,90,learn_array_B,location-2,-3
8,hhr,f,19,163,162,3475320,3478114,18,36,learn_array_A,location-1,1
8,hhr,f,19,143,144,3482769,3485131,18,90,learn_array_B,location-2,-1
8,hhr,f,19,93,90,3489740,3492483,81,144,learn_array_B,location-1,3
8,hhr,f,19,98,90,3497214,3502015,5,144,learn_array_B,location-1,8
8,hhr,f,19,163,162,3506853,3509970,46,36,learn_array_A,location-1,1
8,hhr,f,19,39,36,3514619,3517282,151,162,learn_array_A,location-2,3
8,hhr,f,19,37,36,3522002,3524961,8,162,learn_array_A,location-2,1
8,hhr,f,19,139,144,3529785,3534672,114,90,learn_array_B,location-2,-5
8,hhr,f,19,96,90,3539335,3541769,135,144,learn_array_B,location-1,6
8,hhr,f,19,166,162,3546525,3549412,90,36,learn_array_A,location-1,4
8,hhr,f,19,99,90,3554057,3559217,162,144,learn_array_B,location-1,9
8,hhr,f,19,40,36,3563860,3565858,110,162,learn_array_A,location-2,4
8,hhr,f,19,143,144,3570467,3574737,58,90,learn_array_B,location-2,-1
block
8,hhr,f,19,146,144,3584048,3587870,163,90,learn_array_B,location-2,2
8,hhr,f,19,164,162,3592569,3595512,11,36,learn_array_A,location-1,2
8,hhr,f,19,165,162,3600177,3602248,166,36,learn_array_A,location-1,3
8,hhr,f,19,92,90,3606914,3609192,1,144,learn_array_B,location-1,2
8,hhr,f,19,143,144,3613827,3617144,79,90,learn_array_B,location-2,-1
8,hhr,f,19,42,36,3621779,3623835,112,162,learn_array_A,location-2,6
8,hhr,f,19,164,162,3628449,3630872,119,36,learn_array_A,location-1,2
8,hhr,f,19,155,162,3635524,3636767,128,36,learn_array_A,location-1,-7
8,hhr,f,19,96,90,3641531,3644991,16,144,learn_array_B,location-1,6
8,hhr,f,19,84,90,3649751,3654526,116,144,learn_array_B,location-1,-6
8,hhr,f,19,162,162,3659243,3663212,90,36,learn_array_A,location-1,0
8,hhr,f,19,165,162,3667940,3670441,164,36,learn_array_A,location-1,3
8,hhr,f,19,91,90,3675209,3678380,45,144,learn_array_B,location-1,1
8,hhr,f,19,69,90,3683075,3685935,89,144,learn_array_B,location-1,-21
8,hhr,f,19,39,36,3690614,3693403,14,162,learn_array_A,location-2,3
8,hhr,f,19,40,36,3698242,3700450,50,162,learn_array_A,location-2,4
8,hhr,f,19,148,144,3705212,3708006,64,90,learn_array_B,location-2,4
8,hhr,f,19,141,144,3712659,3715905,91,90,learn_array_B,location-2,-3
8,hhr,f,19,36,36,3720586,3724260,3,162,learn_array_A,location-2,0
8,hhr,f,19,97,90,3729024,3732639,115,144,learn_array_B,location-1,7
8,hhr,f,19,91,90,3737409,3739320,135,144,learn_array_B,location-1,1
8,hhr,f,19,39,36,3743946,3746161,126,162,learn_array_A,location-2,3
8,hhr,f,19,141,144,3750770,3753932,166,90,learn_array_B,location-2,-3
8,hhr,f,19,31,36,3758547,3762002,97,162,learn_array_A,location-2,-5
8,hhr,f,19,165,162,3766796,3769975,48,36,learn_array_A,location-1,3
8,hhr,f,19,40,36,3774684,3776973,110,162,learn_array_A,location-2,4
8,hhr,f,19,91,90,3781715,3788063,105,144,learn_array_B,location-1,1
8,hhr,f,19,166,162,3792750,3796073,4,36,learn_array_A,location-1,4
8,hhr,f,19,137,144,3800796,3803588,41,90,learn_array_B,location-2,-7
8,hhr,f,19,38,36,3808418,3810772,102,162,learn_array_A,location-2,2
8,hhr,f,19,143,144,3815575,3819498,1,90,learn_array_B,location-2,-1
8,hhr,f,19,142,144,3824090,3830409,78,90,learn_array_B,location-2,-2
block
8,hhr,f,19,40,36,3840991,3843344,123,162,learn_array_A,location-2,4
8,hhr,f,19,141,144,3848023,3850750,5,90,learn_array_B,location-2,-3
8,hhr,f,19,35,36,3855419,3857775,72,162,learn_array_A,location-2,-1
8,hhr,f,19,166,162,3862572,3864558,103,36,learn_array_A,location-1,4
8,hhr,f,19,167,162,3869162,3871892,110,36,learn_array_A,location-1,5
8,hhr,f,19,163,162,3876549,3880143,113,36,learn_array_A,location-1,1
8,hhr,f,19,95,90,3884916,3887051,10,144,learn_array_B,location-1,5
8,hhr,f,19,30,36,3891702,3894420,179,162,learn_array_A,location-2,-6
8,hhr,f,19,165,162,3899166,3902762,32,36,learn_array_A,location-1,3
8,hhr,f,19,103,90,3907477,3909984,32,144,learn_array_B,location-1,13
8,hhr,f,19,37,36,3914764,3917412,131,162,learn_array_A,location-2,1
8,hhr,f,19,163,162,3922099,3925783,75,36,learn_array_A,location-1,1
8,hhr,f,19,143,144,3930506,3934030,94,90,learn_array_B,location-2,-1
8,hhr,f,19,161,162,3938856,3942454,161,36,learn_array_A,location-1,-1
8,hhr,f,19,96,90,3947084,3950691,176,144,learn_array_B,location-1,6
8,hhr,f,19,91,90,3955424,3957855,106,144,learn_array_B,location-1,1
8,hhr,f,19,137,144,3962668,3965606,72,90,learn_array_B,location-2,-7
8,hhr,f,19,139,144,3970321,3973854,28,90,learn_array_B,location-2,-5
8,hhr,f,19,38,36,3978481,3980472,20,162,learn_array_A,location-2,2
8,hhr,f,19,144,144,3985246,3989314,7,90,learn_array_B,location-2,0
8,hhr,f,19,143,144,3994004,3996215,55,90,learn_array_B,location-2,-1
8,hhr,f,19,104,90,4000874,4004279,163,144,learn_array_B,location-1,14
8,hhr,f,19,36,36,4008895,4011102,157,162,learn_array_A,location-2,0
8,hhr,f,19,99,90,4015906,4019079,56,144,learn_array_B,location-1,9
8,hhr,f,19,30,162,4023670,4027071,147,36,learn_array_A,location-1,48
8,hhr,f,19,98,144,4031760,4034781,138,90,learn_array_B,location-2,-46
8,hhr,f,19,34,36,4039600,4042250,84,162,learn_array_A,location-2,-2
8,hhr,f,19,102,90,4046856,4049137,134,144,learn_array_B,location-1,12
8,hhr,f,19,162,162,4053739,4058094,49,36,learn_array_A,location-1,0
8,hhr,f,19,146,144,4062701,4066814,128,90,learn_array_B,location-2,2
8,hhr,f,19,99,90,4071596,4074169,171,144,learn_array_B,location-1,9
8,hhr,f,19,95,36,4078998,4084810,127,162,learn_array_A,location-2,59
block
8,hhr,f,19,97,90,4098239,4101846,5,144,learn_array_B,location-1,7
8,hhr,f,19,165,162,4106448,4108509,178,36,learn_array_A,location-1,3
8,hhr,f,19,89,90,4113114,4116660,125,144,learn_array_B,location-1,-1
8,hhr,f,19,96,90,4121456,4125126,42,144,learn_array_B,location-1,6
8,hhr,f,19,139,144,4129888,4131945,164,90,learn_array_B,location-2,-5
8,hhr,f,19,162,162,4136541,4140083,42,36,learn_array_A,location-1,0
8,hhr,f,19,143,144,4144762,4148437,91,90,learn_array_B,location-2,-1
8,hhr,f,19,96,144,4153153,4156104,114,90,learn_array_B,location-2,-48
8,hhr,f,19,164,162,4160700,4163937,74,36,learn_array_A,location-1,2
8,hhr,f,19,162,162,4168611,4170449,34,36,learn_array_A,location-1,0
8,hhr,f,19,32,36,4175201,4178450,159,162,learn_array_A,location-2,-4
8,hhr,f,19,33,36,4183229,4186098,119,162,learn_array_A,location-2,-3
8,hhr,f,19,90,90,4190770,4196089,102,144,learn_array_B,location-1,0
8,hhr,f,19,164,36,4200745,4204201,101,162,learn_array_A,location-2,-52
8,hhr,f,19,94,90,4208906,4211476,176,144,learn_array_B,location-1,4
8,hhr,f,19,140,144,4216198,4219725,97,90,learn_array_B,location-2,-4
8,hhr,f,19,41,36,4224449,4226814,114,162,learn_array_A,location-2,5
8,hhr,f,19,88,90,4231632,4238422,120,144,learn_array_B,location-1,-2
8,hhr,f,19,140,144,4243086,4246387,72,90,learn_array_B,location-2,-4
8,hhr,f,19,161,162,4251054,4255820,43,36,learn_array_A,location-1,-1
8,hhr,f,19,28,36,4260520,4263455,45,162,learn_array_A,location-2,-8
8,hhr,f,19,37,162,4268061,4269894,114,36,learn_array_A,location-1,55
8,hhr,f,19,33,36,4274518,4277101,80,162,learn_array_A,location-2,-3
8,hhr,f,19,34,36,4281760,4284326,70,162,learn_array_A,location-2,-2
8,hhr,f,19,99,144,4289001,4296233,127,90,learn_array_B,location-2,-45
8,hhr,f,19,167,162,4300845,4304309,155,36,learn_array_A,location-1,5
8,hhr,f,19,89,90,4308942,4312397,147,144,learn_array_B,location-1,-1
8,hhr,f,19,142,144,4317222,4321059,165,90,learn_array_B,location-2,-2
8,hhr,f,19,36,36,4325715,4327924,19,162,learn_array_A,location-2,0
8,hhr,f,19,165,162,4332636,4336181,172,36,learn_array_A,location-1,3
8,hhr,f,19,142,90,4340817,4347883,20,144,learn_array_B,location-1,52
8,hhr,f,19,134,144,4352618,4355711,35,90,learn_array_B,location-2,-10
block
8,hhr,f,19,139,144,4365248,4367087,41,90,learn_array_B,location-2,-5
8,hhr,f,19,164,162,4371887,4373577,26,36,learn_array_A,location-1,2
8,hhr,f,19,95,90,4378190,4380473,0,144,learn_array_B,location-1,5
8,hhr,f,19,41,36,4385113,4388349,67,162,learn_array_A,location-2,5
8,hhr,f,19,143,144,4393143,4398370,72,90,learn_array_B,location-2,-1
8,hhr,f,19,33,36,4403070,4405137,163,162,learn_array_A,location-2,-3
8,hhr,f,19,100,90,4409954,4413565,51,144,learn_array_B,location-1,10
8,hhr,f,19,36,36,4418369,4420431,22,162,learn_array_A,location-2,0
8,hhr,f,19,93,90,4425114,4428366,50,144,learn_array_B,location-1,3
8,hhr,f,19,90,90,4432969,4435024,52,144,learn_array_B,location-1,0
8,hhr,f,19,136,144,4439707,4443902,73,90,learn_array_B,location-2,-8
8,hhr,f,19,162,162,4448536,4452138,66,36,learn_array_A,location-1,0
8,hhr,f,19,30,36,4456960,4459967,167,162,learn_array_A,location-2,-6
8,hhr,f,19,97,90,4464708,4467130,89,144,learn_array_B,location-1,7
8,hhr,f,19,30,36,4471963,4475134,169,162,learn_array_A,location-2,-6
8,hhr,f,19,140,144,4479800,4481928,28,90,learn_array_B,location-2,-4
8,hhr,f,19,169,162,4486547,4488620,34,36,learn_array_A,location-1,7
8,hhr,f,19,161,162,4493313,4496044,152,36,learn_array_A,location-1,-1
8,hhr,f,19,100,90,4500790,4504262,105,144,learn_array_B,location-1,10
8,hhr,f,19,139,144,4509099,4512134,104,90,learn_array_B,location-2,-5
8,hhr,f,19,90,90,4516968,4522277,14,144,learn_array_B,location-1,0
8,hhr,f,19,41,36,4526964,4530294,121,162,learn_array_A,location-2,5
8,hhr,f,19,169,162,4535119,4540067,162,36,learn_array_A,location-1,7
8,hhr,f,19,167,162,4544763,4548024,15,36,learn_array_A,location-1,5
8,hhr,f,19,34,36,4552788,4556172,171,162,learn_array_A,location-2,-2
8,hhr,f,19,84,90,4560963,4564054,109,144,learn_array_B,location-1,-6
8,hhr,f,19,33,36,4568648,4570933,18,162,learn_array_A,location-2,-3
8,hhr,f,19,138,144,4575629,4580052,114,90,learn_array_B,location-2,-6
8,hhr,f,19,165,162,4584867,4588627,68,36,learn_array_A,location-1,3
8,hhr,f,19,166,162,4593457,4596719,147,36,learn_array_A,location-1,4
8,hhr,f,19,141,144,4601509,4606378,84,90,learn_array_B,location-2,-3
8,hhr,f,19,142,144,4611052,4614662,51,90,learn_array_B,location-2,-2
block
8,hhr,f,19,167,162,4627008,4628929,103,36,learn_array_A,location-1,5
8,hhr,f,19,30,36,4633668,4635737,163,162,learn_array_A,location-2,-6
8,hhr,f,19,140,144,4640372,4642659,9,90,learn_array_B,location-2,-4
8,hhr,f,19,138,144,4647295,4650094,9,90,learn_array_B,location-2,-6
8,hhr,f,19,146,144,4654899,4657629,100,90,learn_array_B,location-2,2
8,hhr,f,19,34,36,4662418,4664932,24,162,learn_array_A,location-2,-2
8,hhr,f,19,164,162,4669651,4671790,18,36,learn_array_A,location-1,2
8,hhr,f,19,35,36,4676436,4678499,165,162,learn_array_A,location-2,-1
8,hhr,f,19,38,36,4683334,4685632,128,162,learn_array_A,location-2,2
8,hhr,f,19,89,90,4690282,4694788,162,144,learn_array_B,location-1,-1
8,hhr,f,19,140,144,4699414,4701781,62,90,learn_array_B,location-2,-4
8,hhr,f,19,41,36,4706606,4708968,118,162,learn_array_A,location-2,5
8,hhr,f,19,92,90,4713780,4717841,31,144,learn_array_B,location-1,2
8,hhr,f,19,165,162,4722534,4724812,129,36,learn_array_A,location-1,3
8,hhr,f,19,165,162,4729474,4731171,124,36,learn_array_A,location-1,3
8,hhr,f,19,36,36,4735854,4738644,132,162,learn_array_A,location-2,0
8,hhr,f,19,109,90,4743435,4749978,167,144,learn_array_B,location-1,19
8,hhr,f,19,33,36,4754576,4756792,87,162,learn_array_A,location-2,-3
8,hhr,f,19,166,162,4761414,4763845,89,36,learn_array_A,location-1,4
8,hhr,f,19,94,90,4768658,4779091,88,144,learn_array_B,location-1,4
8,hhr,f,19,92,90,4783688,4786859,176,144,learn_array_B,location-1,2
8,hhr,f,19,140,144,4791676,4795429,61,90,learn_array_B,location-2,-4
8,hhr,f,19,82,90,4800149,4803700,138,144,learn_array_B,location-1,-8
8,hhr,f,19,46,36,4808359,4811455,59,162,learn_array_A,location-2,10
8,hhr,f,19,165,162,4816288,4818199,87,36,learn_array_A,location-1,3
8,hhr,f,19,144,144,4822866,4824412,84,90,learn_array_B,location-2,0
8,hhr,f,19,29,162,4829011,4831814,179,36,learn_array_A,location-1,47
8,hhr,f,19,92,90,4836466,4842946,0,144,learn_array_B,location-1,2
8,hhr,f,19,171,162,4847580,4853783,131,36,learn_array_A,location-1,9
8,hhr,f,19,146,144,4858500,4863864,138,90,learn_array_B,location-2,2
8,hhr,f,19,91,90,4868625,4871647,102,144,learn_array_B,location-1,1
8,hhr,f,19,141,144,4876262,4880967,121,90,learn_array_B,location-2,-3
block
8,hhr,f,19,166,162,4892751,4894881,134,36,learn_array_A,location-1,4
8,hhr,f,19,143,144,4899542,4901743,28,90,learn_array_B,location-2,-1
8,hhr,f,19,146,144,4906380,4907627,24,90,learn_array_B,location-2,2
8,hhr,f,19,143,144,4912333,4919779,143,90,learn_array_B,location-2,-1
8,hhr,f,19,164,162,4924595,4927023,28,36,learn_array_A,location-1,2
8,hhr,f,19,40,36,4931766,4935160,35,162,learn_array_A,location-2,4
8,hhr,f,19,168,162,4939978,4942115,11,36,learn_array_A,location-1,6
8,hhr,f,19,89,90,4946937,4950913,34,144,learn_array_B,location-1,-1
8,hhr,f,19,39,36,4955637,4957410,24,162,learn_array_A,location-2,3
8,hhr,f,19,32,36,4962199,4965294,70,162,learn_array_A,location-2,-4
8,hhr,f,19,145,144,4970064,4972491,100,90,learn_array_B,location-2,1
8,hhr,f,19,154,144,4977280,4981549,90,90,learn_array_B,location-2,10
8,hhr,f,19,94,90,4986329,4988542,97,144,learn_array_B,location-1,4
8,hhr,f,19,167,162,4993146,4995954,91,36,learn_array_A,location-1,5
8,hhr,f,19,91,144,5000671,5003533,96,90,learn_array_B,location-2,-53
8,hhr,f,19,36,36,5008179,5010674,134,162,learn_array_A,location-2,0
8,hhr,f,19,143,144,5015491,5019311,15,90,learn_array_B,location-2,-1
8,hhr,f,19,166,162,5024100,5026383,121,36,learn_array_A,location-1,4
8,hhr,f,19,162,162,5031175,5036034,68,36,learn_array_A,location-1,0
8,hhr,f,19,95,90,5040701,5042759,75,144,learn_array_B,location-1,5
8,hhr,f,19,34,36,5047499,5050878,133,162,learn_array_A,location-2,-2
8,hhr,f,19,33,36,5055664,5058846,31,162,learn_array_A,location-2,-3
8,hhr,f,19,145,144,5063681,5066187,178,90,learn_array_B,location-2,1
8,hhr,f,19,93,90,5070944,5075440,175,144,learn_array_B,location-1,3
8,hhr,f,19,98,90,5080139,5081683,64,144,learn_array_B,location-1,8
8,hhr,f,19,37,36,5086448,5088362,156,162,learn_array_A,location-2,1
8,hhr,f,19,89,90,5093021,5097153,100,144,learn_array_B,location-1,-1
8,hhr,f,19,98,90,5101781,5104579,89,144,learn_array_B,location-1,8
8,hhr,f,19,169,162,5109198,5113758,9,36,learn_array_A,location-1,7
8,hhr,f,19,163,162,5118481,5120474,115,36,learn_array_A,location-1,1
8,hhr,f,19,36,36,5125257,5127461,32,162,learn_array_A,location-2,0
8,hhr,f,19,91,90,5132155,5135534,150,144,learn_array_B,location-1,1
block
8,hhr,f,19,168,162,5146431,5148639,178,36,learn_array_A,location-1,6
8,hhr,f,19,36,36,5153258,5155386,150,162,learn_array_A,location-2,0
8,hhr,f,19,139,144,5160211,5162935,58,90,learn_array_B,location-2,-5
8,hhr,f,19,167,162,5167629,5170072,123,36,learn_array_A,location-1,5
8,hhr,f,19,144,144,5174862,5177451,3,90,learn_array_B,location-2,0
8,hhr,f,19,32,36,5182281,5185148,149,162,learn_array_A,location-2,-4
8,hhr,f,19,98,90,5189849,5198652,143,144,learn_array_B,location-1,8
8,hhr,f,19,142,144,5203375,5206027,71,90,learn_array_B,location-2,-2
8,hhr,f,19,94,90,5210642,5213587,5,144,learn_array_B,location-1,4
8,hhr,f,19,36,36,5218271,5220044,3,162,learn_array_A,location-2,0
8,hhr,f,19,132,144,5224707,5227429,91,90,learn_array_B,location-2,-12
8,hhr,f,19,166,162,5232145,5234066,26,36,learn_array_A,location-1,4
8,hhr,f,19,142,144,5238795,5241005,158,90,learn_array_B,location-2,-2
8,hhr,f,19,164,162,5245802,5248230,53,36,learn_array_A,location-1,2
8,hhr,f,19,33,162,5252898,5255338,83,36,learn_array_A,location-1,51
8,hhr,f,19,97,90,5259985,5261601,70,144,learn_array_B,location-1,7
8,hhr,f,19,29,36,5266433,5269092,89,162,learn_array_A,location-2,-7
8,hhr,f,19,94,90,5273797,5275926,23,144,learn_array_B,location-1,4
8,hhr,f,19,173,162,5280664,5285384,163,36,learn_array_A,location-1,11
8,hhr,f,19,168,162,5290172,5292973,126,36,learn_array_A,location-1,6
8,hhr,f,19,143,144,5297614,5299378,63,90,learn_array_B,location-2,-1
8,hhr,f,19,143,144,5304098,5306238,95,90,learn_array_B,location-2,-1
8,hhr,f,19,109,90,5310869,5314776,153,144,learn_array_B,location-1,19
8,hhr,f,19,167,162,5319427,5321861,170,36,learn_array_A,location-1,5
8,hhr,f,19,31,36,5326655,5328797,53,162,learn_array_A,location-2,-5
8,hhr,f,19,94,90,5333581,5336461,42,144,learn_array_B,location-1,4
8,hhr,f,19,166,36,5341174,5344490,112,162,learn_array_A,location-2,-50
8,hhr,f,19,33,36,5349089,5351083,157,162,learn_array_A,location-2,-3
8,hhr,f,19,87,90,5355722,5358377,137,144,learn_array_B,location-1,-3
8,hhr,f,19,98,90,5363064,5365048,88,144,learn_array_B,location-1,8
8,hhr,f,19,142,144,5369714,5373186,149,90,learn_array_B,location-2,-2
8,hhr,f,19,35,36,5377779,5380057,87,162,learn_array_A,location-2,-1
block
8,hhr,f,19,33,36,5387040,5389915,113,162,learn_array_A,location-2,-3
8,hhr,f,19,144,90,5394664,5397243,123,144,learn_array_B,location-1,54
8,hhr,f,19,168,162,5401952,5403867,49,36,learn_array_A,location-1,6
8,hhr,f,19,144,144,5408704,5410984,23,90,learn_array_B,location-2,0
8,hhr,f,19,167,162,5415673,5417668,58,36,learn_array_A,location-1,5
8,hhr,f,19,141,144,5422343,5425589,97,90,learn_array_B,location-2,-3
8,hhr,f,19,98,90,5430258,5432543,43,144,learn_array_B,location-1,8
8,hhr,f,19,92,90,5437177,5439756,179,144,learn_array_B,location-1,2
8,hhr,f,19,167,162,5444478,5447573,95,36,learn_array_A,location-1,5
8,hhr,f,19,94,90,5452358,5454940,159,144,learn_array_B,location-1,4
8,hhr,f,19,36,36,5459615,5462923,57,162,learn_array_A,location-2,0
8,hhr,f,19,143,144,5467634,5470065,169,90,learn_array_B,location-2,-1
8,hhr,f,19,35,36,5474683,5478069,165,162,learn_array_A,location-2,-1
8,hhr,f,19,92,90,5482782,5488530,133,144,learn_array_B,location-1,2
8,hhr,f,19,155,144,5493252,5495906,104,90,learn_array_B,location-2,11
8,hhr,f,19,168,162,5500734,5503158,55,36,learn_array_A,location-1,6
8,hhr,f,19,93,90,5507968,5509439,153,144,learn_array_B,location-1,3
8,hhr,f,19,169,162,5514129,5516040,108,36,learn_array_A,location-1,7
8,hhr,f,19,87,90,5520707,5522994,37,144,learn_array_B,location-1,-3
8,hhr,f,19,171,162,5527813,5529803,49,36,learn_array_A,location-1,9
8,hhr,f,19,32,36,5534458,5536152,91,162,learn_array_A,location-2,-4
8,hhr,f,19,25,36,5540853,5542700,121,162,learn_array_A,location-2,-11
8,hhr,f,19,138,144,5547429,5549712,10,90,learn_array_B,location-2,-6
8,hhr,f,19,146,144,5554551,5558104,66,90,learn_array_B,location-2,2
8,hhr,f,19,28,36,5562828,5565040,3,162,learn_array_A,location-2,-8
8,hhr,f,19,30,36,5569654,5571416,5,162,learn_array_A,location-2,-6
8,hhr,f,19,145,144,5576056,5577453,27,90,learn_array_B,location-2,1
8,hhr,f,19,167,162,5582229,5583857,98,36,learn_array_A,location-1,5
8,hhr,f,19,40,36,5588694,5590314,98,162,learn_array_A,location-2,4
8,hhr,f,19,86,90,5595003,5597816,91,144,learn_array_B,location-1,-4
8,hhr,f,19,166,162,5602536,5604303,45,36,learn_array_A,location-1,4
8,hhr,f,19,149,144,5608907,5612299,76,90,learn_array_B,location-2,5
block
