subj,name,gender,age,col_resp,target_angle,start_time,resp_time,start_angle,other_angle,learn_array,location,d_value
9,ch,m,20,18,162,32226,35780,178,18,learn_array_A,location-2,36
9,ch,m,20,159,162,40485,43147,20,18,learn_array_A,location-2,-3
9,ch,m,20,24,162,47969,50324,122,18,learn_array_A,location-2,42
9,ch,m,20,145,126,54991,57878,168,0,learn_array_B,location-2,19
9,ch,m,20,170,0,62675,66425,133,126,learn_array_B,location-1,-10
9,ch,m,20,129,126,71225,73649,25,0,learn_array_B,location-2,3
9,ch,m,20,131,126,78293,80730,1,0,learn_array_B,location-2,5
9,ch,m,20,28,18,85363,90082,31,162,learn_array_A,location-1,10
9,ch,m,20,155,162,94784,97010,179,18,learn_array_A,location-2,-7
9,ch,m,20,1,0,101616,108284,36,126,learn_array_B,location-1,1
9,ch,m,20,162,162,112887,116045,146,18,learn_array_A,location-2,0
9,ch,m,20,12,18,120719,125006,19,162,learn_array_A,location-1,-6
9,ch,m,20,134,126,129609,133205,74,0,learn_array_B,location-2,8
9,ch,m,20,2,0,138021,140979,55,126,learn_array_B,location-1,2
9,ch,m,20,2,0,145602,149936,19,126,learn_array_B,location-1,2
9,ch,m,20,1,0,154574,156346,27,126,learn_array_B,location-1,1
9,ch,m,20,25,18,161043,165078,23,162,learn_array_A,location-1,7
9,ch,m,20,157,162,169759,174789,105,18,learn_array_A,location-2,-5
9,ch,m,20,25,18,179617,184571,175,162,learn_array_A,location-1,7
9,ch,m,20,132,126,189174,192110,63,0,learn_array_B,location-2,6
9,ch,m,20,131,0,196741,198883,52,126,learn_array_B,location-1,-49
9,ch,m,20,156,162,203630,206949,172,18,learn_array_A,location-2,-6
9,ch,m,20,26,18,211707,214670,84,162,learn_array_A,location-1,8
9,ch,m,20,22,18,219364,222083,66,162,learn_array_A,location-1,4
9,ch,m,20,28,162,226716,230193,128,18,learn_array_A,location-2,46
9,ch,m,20,128,126,234905,239084,39,0,learn_array_B,location-2,2
9,ch,m,20,121,126,243763,247306,87,0,learn_array_B,location-2,-5
9,ch,m,20,176,0,251946,255060,127,126,learn_array_B,location-1,-4
9,ch,m,20,129,126,259879,264228,16,0,learn_array_B,location-2,3
9,ch,m,20,34,18,268938,272102,129,162,learn_array_A,location-1,16
9,ch,m,20,174,0,276763,282455,45,126,learn_array_B,location-1,-6
9,ch,m,20,26,18,287245,290717,168,162,learn_array_A,location-1,8
block
9,ch,m,20,174,0,323567,326298,113,126,learn_array_B,location-1,-6
9,ch,m,20,155,162,331094,333084,168,18,learn_array_A,location-2,-7
9,ch,m,20,151,162,337750,341368,1,18,learn_array_A,location-2,-11
9,ch,m,20,151,126,346030,349431,84,0,learn_array_B,location-2,25
9,ch,m,20,177,0,354248,357762,57,126,learn_array_B,location-1,-3
9,ch,m,20,5,0,362483,368487,49,126,learn_array_B,location-1,5
9,ch,m,20,19,18,373167,376860,92,162,learn_array_A,location-1,1
9,ch,m,20,13,18,381647,385099,105,162,learn_array_A,location-1,-5
9,ch,m,20,153,162,389877,393130,122,18,learn_array_A,location-2,-9
9,ch,m,20,159,162,397831,401430,93,18,learn_array_A,location-2,-3
9,ch,m,20,171,0,406081,409852,170,126,learn_array_B,location-1,-9
9,ch,m,20,15,18,414449,417841,57,162,learn_array_A,location-1,-3
9,ch,m,20,131,126,422461,425472,101,0,learn_array_B,location-2,5
9,ch,m,20,143,126,430269,432925,64,0,learn_array_B,location-2,17
9,ch,m,20,15,18,437661,446272,136,162,learn_array_A,location-1,-3
9,ch,m,20,138,126,450905,454309,107,0,learn_array_B,location-2,12
9,ch,m,20,159,162,459045,464808,88,18,learn_array_A,location-2,-3
9,ch,m,20,3,0,469470,472495,45,126,learn_array_B,location-1,3
9,ch,m,20,10,18,477180,482894,72,162,learn_array_A,location-1,-8
9,ch,m,20,24,18,487651,490684,25,162,learn_array_A,location-1,6
9,ch,m,20,123,126,495378,500630,26,0,learn_array_B,location-2,-3
9,ch,m,20,154,162,505319,508278,171,18,learn_array_A,location-2,-8
9,ch,m,20,170,0,512871,521362,65,126,learn_array_B,location-1,-10
9,ch,m,20,177,0,526141,529167,91,126,learn_array_B,location-1,-3
9,ch,m,20,133,126,533928,536587,105,0,learn_array_B,location-2,7
9,ch,m,20,131,126,541241,543309,90,0,learn_array_B,location-2,5
9,ch,m,20,18,18,548138,550949,92,162,learn_array_A,location-1,0
9,ch,m,20,153,162,555738,560189,2,18,learn_array_A,location-2,-9
9,ch,m,20,20,18,564857,567516,137,162,learn_array_A,location-1,2
9,ch,m,20,158,162,572338,575970,68,18,learn_array_A,location-2,-4
9,ch,m,20,131,126,580801,586236,158,0,learn_array_B,location-2,5
9,ch,m,20,3,0,590883,596362,161,126,learn_array_B,location-1,3
block
9,ch,m,20,13,18,602415,606042,27,162,learn_array_A,location-1,-5
9,ch,m,20,19,18,610827,616819,79,162,learn_array_A,location-1,1
9,ch,m,20,160,162,621601,624482,124,18,learn_array_A,location-2,-2
9,ch,m,20,171,0,629117,632967,142,126,learn_array_B,location-1,-9
9,ch,m,20,20,18,637671,641082,119,162,learn_array_A,location-1,2
9,ch,m,20,20,0,645722,648758,35,126,learn_array_B,location-1,20
9,ch,m,20,0,0,653379,657533,118,126,learn_array_B,location-1,0
9,ch,m,20,158,162,662259,665804,52,18,learn_array_A,location-2,-4
9,ch,m,20,124,126,670620,674689,125,0,learn_array_B,location-2,-2
9,ch,m,20,1,0,679413,685229,27,126,learn_array_B,location-1,1
9,ch,m,20,159,162,689987,694058,105,18,learn_array_A,location-2,-3
9,ch,m,20,124,126,698828,703788,8,0,learn_array_B,location-2,-2
9,ch,m,20,174,0,708527,711780,166,126,learn_array_B,location-1,-6
9,ch,m,20,122,126,716588,719467,8,0,learn_array_B,location-2,-4
9,ch,m,20,22,18,724136,726429,4,162,learn_array_A,location-1,4
9,ch,m,20,170,0,731185,735098,109,126,learn_array_B,location-1,-10
9,ch,m,20,156,162,739836,742780,131,18,learn_array_A,location-2,-6
9,ch,m,20,125,126,747451,752994,174,0,learn_array_B,location-2,-1
9,ch,m,20,154,162,757765,762564,114,18,learn_array_A,location-2,-8
9,ch,m,20,15,18,767316,771246,156,162,learn_array_A,location-1,-3
9,ch,m,20,124,126,775887,781645,148,0,learn_array_B,location-2,-2
9,ch,m,20,25,18,786243,788833,9,162,learn_array_A,location-1,7
9,ch,m,20,174,0,793630,796225,89,126,learn_array_B,location-1,-6
9,ch,m,20,157,162,800991,805725,151,18,learn_array_A,location-2,-5
9,ch,m,20,167,0,810436,816758,45,126,learn_array_B,location-1,-13
9,ch,m,20,12,18,821403,829079,98,162,learn_array_A,location-1,-6
9,ch,m,20,128,126,833785,837196,48,0,learn_array_B,location-2,2
9,ch,m,20,130,126,841882,845856,44,0,learn_array_B,location-2,4
9,ch,m,20,156,162,850654,858190,18,18,learn_array_A,location-2,-6
9,ch,m,20,158,162,862962,866499,75,18,learn_array_A,location-2,-4
9,ch,m,20,127,126,871175,873396,139,0,learn_array_B,location-2,1
9,ch,m,20,10,18,878114,880873,162,162,learn_array_A,location-1,-8
block
9,ch,m,20,171,0,886895,892308,96,126,learn_array_B,location-1,-9
9,ch,m,20,159,162,897014,900424,78,18,learn_array_A,location-2,-3
9,ch,m,20,124,126,905077,907895,119,0,learn_array_B,location-2,-2
9,ch,m,20,20,0,912565,917973,110,126,learn_array_B,location-1,20
9,ch,m,20,127,126,922681,925797,112,0,learn_array_B,location-2,1
9,ch,m,20,170,0,930525,936464,43,126,learn_array_B,location-1,-10
9,ch,m,20,169,0,941131,944390,120,126,learn_array_B,location-1,-11
9,ch,m,20,124,126,949130,957725,110,0,learn_array_B,location-2,-2
9,ch,m,20,26,18,962444,964813,130,162,learn_array_A,location-1,8
9,ch,m,20,175,0,969602,971676,67,126,learn_array_B,location-1,-5
9,ch,m,20,19,18,976493,978648,156,162,learn_array_A,location-1,1
9,ch,m,20,177,0,983484,985852,127,126,learn_array_B,location-1,-3
9,ch,m,20,121,126,990635,993238,99,0,learn_array_B,location-2,-5
9,ch,m,20,132,126,998065,1000588,50,0,learn_array_B,location-2,6
9,ch,m,20,13,18,1005233,1008573,41,162,learn_array_A,location-1,-5
9,ch,m,20,12,18,1013272,1015936,175,162,learn_array_A,location-1,-6
9,ch,m,20,158,162,1020552,1022778,106,18,learn_array_A,location-2,-4
9,ch,m,20,15,18,1027482,1031045,95,162,learn_array_A,location-1,-3
9,ch,m,20,161,162,1035802,1039951,105,18,learn_array_A,location-2,-1
9,ch,m,20,166,0,1044674,1049564,69,126,learn_array_B,location-1,-14
9,ch,m,20,155,162,1054307,1058093,175,18,learn_array_A,location-2,-7
9,ch,m,20,22,18,1062779,1064629,120,162,learn_array_A,location-1,4
9,ch,m,20,26,18,1069407,1073559,24,162,learn_array_A,location-1,8
9,ch,m,20,156,162,1078388,1081806,85,18,learn_array_A,location-2,-6
9,ch,m,20,175,0,1086548,1089443,83,126,learn_array_B,location-1,-5
9,ch,m,20,129,126,1094102,1102170,158,0,learn_array_B,location-2,3
9,ch,m,20,132,126,1106783,1108636,169,0,learn_array_B,location-2,6
9,ch,m,20,158,162,1113396,1115249,145,18,learn_array_A,location-2,-4
9,ch,m,20,29,18,1119887,1122473,105,162,learn_array_A,location-1,11
9,ch,m,20,155,162,1127083,1130127,95,18,learn_array_A,location-2,-7
9,ch,m,20,160,162,1134927,1138110,93,18,learn_array_A,location-2,-2
9,ch,m,20,129,126,1142944,1146512,2,0,learn_array_B,location-2,3
block
9,ch,m,20,170,0,1152543,1156698,81,126,learn_array_B,location-1,-10
9,ch,m,20,156,162,1161500,1165796,26,18,learn_array_A,location-2,-6
9,ch,m,20,20,18,1170633,1176331,66,162,learn_array_A,location-1,2
9,ch,m,20,168,0,1181000,1183004,174,126,learn_array_B,location-1,-12
9,ch,m,20,158,162,1187754,1190495,30,18,learn_array_A,location-2,-4
9,ch,m,20,168,0,1195314,1198661,99,126,learn_array_B,location-1,-12
9,ch,m,20,158,162,1203335,1206668,172,18,learn_array_A,location-2,-4
9,ch,m,20,129,126,1211362,1214164,44,0,learn_array_B,location-2,3
9,ch,m,20,128,126,1218815,1220806,41,0,learn_array_B,location-2,2
9,ch,m,20,15,18,1225433,1228330,113,162,learn_array_A,location-1,-3
9,ch,m,20,2,0,1232992,1237299,16,126,learn_array_B,location-1,2
9,ch,m,20,120,126,1242107,1246556,139,0,learn_array_B,location-2,-6
9,ch,m,20,156,162,1251227,1256502,96,18,learn_array_A,location-2,-6
9,ch,m,20,23,18,1261262,1264888,154,162,learn_array_A,location-1,5
9,ch,m,20,134,126,1269673,1269820,43,0,learn_array_B,location-2,8
9,ch,m,20,28,18,1274430,1280368,151,162,learn_array_A,location-1,10
9,ch,m,20,22,18,1285147,1287527,50,162,learn_array_A,location-1,4
9,ch,m,20,24,18,1292145,1294375,103,162,learn_array_A,location-1,6
9,ch,m,20,1,0,1298981,1301591,76,126,learn_array_B,location-1,1
9,ch,m,20,158,162,1306221,1309177,106,18,learn_array_A,location-2,-4
9,ch,m,20,124,126,1313867,1316829,85,0,learn_array_B,location-2,-2
9,ch,m,20,155,162,1321465,1324876,5,18,learn_array_A,location-2,-7
9,ch,m,20,178,0,1329709,1336055,15,126,learn_array_B,location-1,-2
9,ch,m,20,24,18,1340776,1346086,108,162,learn_array_A,location-1,6
9,ch,m,20,154,162,1350770,1352998,61,18,learn_array_A,location-2,-8
9,ch,m,20,129,126,1357818,1359743,160,0,learn_array_B,location-2,3
9,ch,m,20,171,0,1364427,1367313,48,126,learn_array_B,location-1,-9
9,ch,m,20,168,0,1372025,1376627,115,126,learn_array_B,location-1,-12
9,ch,m,20,128,126,1381389,1384578,89,0,learn_array_B,location-2,2
9,ch,m,20,19,18,1389310,1392349,142,162,learn_array_A,location-1,1
9,ch,m,20,126,126,1397064,1399666,116,0,learn_array_B,location-2,0
9,ch,m,20,154,162,1404457,1407730,13,18,learn_array_A,location-2,-8
block
9,ch,m,20,14,18,1413871,1417501,61,162,learn_array_A,location-1,-4
9,ch,m,20,155,126,1422304,1425492,172,0,learn_array_B,location-2,29
9,ch,m,20,130,126,1430083,1432366,46,0,learn_array_B,location-2,4
9,ch,m,20,127,126,1437027,1440516,164,0,learn_array_B,location-2,1
9,ch,m,20,160,162,1445280,1448753,100,18,learn_array_A,location-2,-2
9,ch,m,20,23,18,1453510,1456702,160,162,learn_array_A,location-1,5
9,ch,m,20,125,126,1461491,1464828,133,0,learn_array_B,location-2,-1
9,ch,m,20,2,0,1469483,1475646,28,126,learn_array_B,location-1,2
9,ch,m,20,177,0,1480386,1483724,126,126,learn_array_B,location-1,-3
9,ch,m,20,4,0,1488446,1494297,57,126,learn_array_B,location-1,4
9,ch,m,20,3,0,1498899,1502527,94,126,learn_array_B,location-1,3
9,ch,m,20,3,0,1507171,1518450,125,126,learn_array_B,location-1,3
9,ch,m,20,128,126,1523238,1525892,2,0,learn_array_B,location-2,2
9,ch,m,20,19,18,1530718,1539277,123,162,learn_array_A,location-1,1
9,ch,m,20,161,162,1543997,1546816,121,18,learn_array_A,location-2,-1
9,ch,m,20,160,162,1551414,1554307,92,18,learn_array_A,location-2,-2
9,ch,m,20,15,18,1558899,1560900,73,162,learn_array_A,location-1,-3
9,ch,m,20,7,0,1565631,1569254,9,126,learn_array_B,location-1,7
9,ch,m,20,13,18,1573852,1578003,134,162,learn_array_A,location-1,-5
9,ch,m,20,125,126,1582679,1584977,27,0,learn_array_B,location-2,-1
9,ch,m,20,17,18,1589585,1593581,56,162,learn_array_A,location-1,-1
9,ch,m,20,157,162,1598203,1602572,136,18,learn_array_A,location-2,-5
9,ch,m,20,159,162,1607341,1611260,85,18,learn_array_A,location-2,-3
9,ch,m,20,0,0,1616013,1622409,95,126,learn_array_B,location-1,0
9,ch,m,20,161,162,1627003,1637285,119,18,learn_array_A,location-2,-1
9,ch,m,20,124,126,1642011,1644758,73,0,learn_array_B,location-2,-2
9,ch,m,20,127,0,1649471,1653170,165,126,learn_array_B,location-1,-53
9,ch,m,20,19,18,1657769,1660801,46,162,learn_array_A,location-1,1
9,ch,m,20,159,162,1665402,1668949,35,18,learn_array_A,location-2,-3
9,ch,m,20,12,18,1673688,1680272,13,162,learn_array_A,location-1,-6
9,ch,m,20,165,162,1684944,1689385,118,18,learn_array_A,location-2,3
9,ch,m,20,128,126,1694040,1697076,162,0,learn_array_B,location-2,2
block
9,ch,m,20,12,18,1703823,1708410,73,162,learn_array_A,location-1,-6
9,ch,m,20,179,0,1713161,1715674,113,126,learn_array_B,location-1,-1
9,ch,m,20,130,126,1720320,1722315,163,0,learn_array_B,location-2,4
9,ch,m,20,175,0,1726973,1730087,56,126,learn_array_B,location-1,-5
9,ch,m,20,18,18,1734904,1739222,101,162,learn_array_A,location-1,0
9,ch,m,20,164,162,1743870,1748401,35,18,learn_array_A,location-2,2
9,ch,m,20,6,0,1753202,1757063,115,126,learn_array_B,location-1,6
9,ch,m,20,1,0,1761687,1765617,178,126,learn_array_B,location-1,1
9,ch,m,20,1,0,1770400,1777942,108,126,learn_array_B,location-1,1
9,ch,m,20,124,126,1782587,1786370,70,0,learn_array_B,location-2,-2
9,ch,m,20,118,126,1791035,1793847,87,0,learn_array_B,location-2,-8
9,ch,m,20,152,162,1798551,1801450,79,18,learn_array_A,location-2,-10
9,ch,m,20,128,126,1806082,1809339,40,0,learn_array_B,location-2,2
9,ch,m,20,126,126,1814060,1817173,92,0,learn_array_B,location-2,0
9,ch,m,20,123,126,1821845,1823764,96,0,learn_array_B,location-2,-3
9,ch,m,20,19,18,1828561,1832837,31,162,learn_array_A,location-1,1
9,ch,m,20,0,0,1837656,1843641,70,126,learn_array_B,location-1,0
9,ch,m,20,161,162,1848365,1851329,54,18,learn_array_A,location-2,-1
9,ch,m,20,1,0,1855990,1861318,77,126,learn_array_B,location-1,1
9,ch,m,20,127,126,1866063,1869101,167,0,learn_array_B,location-2,1
9,ch,m,20,0,0,1873852,1879632,161,126,learn_array_B,location-1,0
9,ch,m,20,165,162,1884416,1890784,27,18,learn_array_A,location-2,3
9,ch,m,20,125,126,1895590,1899804,71,0,learn_array_B,location-2,-1
9,ch,m,20,164,162,1904470,1907496,33,18,learn_array_A,location-2,2
9,ch,m,20,11,18,1912134,1915839,70,162,learn_array_A,location-1,-7
9,ch,m,20,158,162,1920582,1923686,112,18,learn_array_A,location-2,-4
9,ch,m,20,158,162,1928462,1932027,178,18,learn_array_A,location-2,-4
9,ch,m,20,18,18,1936653,1938724,23,162,learn_array_A,location-1,0
9,ch,m,20,18,18,1943428,1946771,85,162,learn_array_A,location-1,0
9,ch,m,20,160,162,1951528,1955673,75,18,learn_array_A,location-2,-2
9,ch,m,20,18,18,1960500,1963241,174,162,learn_array_A,location-1,0
9,ch,m,20,24,18,1968073,1970588,37,162,learn_array_A,location-1,6
block
9,ch,m,20,159,162,1976752,1980575,47,18,learn_array_A,location-2,-3
9,ch,m,20,179,0,1985278,1988837,89,126,learn_array_B,location-1,-1
9,ch,m,20,161,162,1993570,1997269,116,18,learn_array_A,location-2,-1
9,ch,m,20,3,0,2001957,2005372,35,126,learn_array_B,location-1,3
9,ch,m,20,158,162,2010106,2014338,62,18,learn_array_A,location-2,-4
9,ch,m,20,22,18,2019006,2021589,20,162,learn_array_A,location-1,4
9,ch,m,20,20,18,2026355,2030818,126,162,learn_array_A,location-1,2
9,ch,m,20,176,0,2035503,2038689,7,126,learn_array_B,location-1,-4
9,ch,m,20,3,0,2043394,2045837,158,126,learn_array_B,location-1,3
9,ch,m,20,24,18,2050435,2053773,96,162,learn_array_A,location-1,6
9,ch,m,20,17,18,2058380,2061422,2,162,learn_array_A,location-1,-1
9,ch,m,20,163,162,2066065,2069246,8,18,learn_array_A,location-2,1
9,ch,m,20,161,162,2073853,2076595,10,18,learn_array_A,location-2,-1
9,ch,m,20,159,162,2081284,2084175,60,18,learn_array_A,location-2,-3
9,ch,m,20,11,18,2088905,2091868,63,162,learn_array_A,location-1,-7
9,ch,m,20,122,126,2096586,2100145,48,0,learn_array_B,location-2,-4
9,ch,m,20,18,18,2104800,2107475,177,162,learn_array_A,location-1,0
9,ch,m,20,23,18,2112315,2114688,95,162,learn_array_A,location-1,5
9,ch,m,20,178,0,2119434,2121946,117,126,learn_array_B,location-1,-2
9,ch,m,20,11,18,2126581,2128589,149,162,learn_array_A,location-1,-7
9,ch,m,20,120,126,2133208,2136624,135,0,learn_array_B,location-2,-6
9,ch,m,20,159,162,2141227,2144483,67,18,learn_array_A,location-2,-3
9,ch,m,20,125,126,2149246,2151842,28,0,learn_array_B,location-2,-1
9,ch,m,20,123,126,2156660,2159621,174,0,learn_array_B,location-2,-3
9,ch,m,20,119,126,2164345,2170139,137,0,learn_array_B,location-2,-7
9,ch,m,20,5,0,2174737,2177997,66,126,learn_array_B,location-1,5
9,ch,m,20,159,162,2182752,2187291,154,18,learn_array_A,location-2,-3
9,ch,m,20,122,126,2191953,2194779,78,0,learn_array_B,location-2,-4
9,ch,m,20,10,0,2199443,2205006,160,126,learn_array_B,location-1,10
9,ch,m,20,124,126,2209777,2214147,8,0,learn_array_B,location-2,-2
9,ch,m,20,176,0,2218967,2224622,65,126,learn_array_B,location-1,-4
9,ch,m,20,127,126,2229359,2232390,116,0,learn_array_B,location-2,1
block
9,ch,m,20,173,0,2249871,2254157,131,126,learn_array_B,location-1,-7
9,ch,m,20,159,162,2258884,2261930,13,18,learn_array_A,location-2,-3
9,ch,m,20,172,0,2266543,2270239,49,126,learn_array_B,location-1,-8
9,ch,m,20,158,162,2274851,2279217,112,18,learn_array_A,location-2,-4
9,ch,m,20,160,162,2284018,2287582,30,18,learn_array_A,location-2,-2
9,ch,m,20,127,126,2292265,2294337,60,0,learn_array_B,location-2,1
9,ch,m,20,176,0,2299129,2302535,83,126,learn_array_B,location-1,-4
9,ch,m,20,127,126,2307228,2311532,98,0,learn_array_B,location-2,1
9,ch,m,20,178,0,2316318,2322081,175,126,learn_array_B,location-1,-2
9,ch,m,20,13,18,2326807,2330719,24,162,learn_array_A,location-1,-5
9,ch,m,20,158,162,2335555,2338296,68,18,learn_array_A,location-2,-4
9,ch,m,20,19,18,2343076,2346788,152,162,learn_array_A,location-1,1
9,ch,m,20,14,18,2351448,2356788,53,162,learn_array_A,location-1,-4
9,ch,m,20,18,18,2361409,2363715,179,162,learn_array_A,location-1,0
9,ch,m,20,18,18,2368309,2371061,138,162,learn_array_A,location-1,0
9,ch,m,20,20,18,2375727,2378772,93,162,learn_array_A,location-1,2
9,ch,m,20,19,18,2383584,2389290,115,162,learn_array_A,location-1,1
9,ch,m,20,160,162,2394002,2397349,65,18,learn_array_A,location-2,-2
9,ch,m,20,159,162,2402074,2404369,76,18,learn_array_A,location-2,-3
9,ch,m,20,177,0,2409044,2412836,137,126,learn_array_B,location-1,-3
9,ch,m,20,120,126,2417457,2419988,133,0,learn_array_B,location-2,-6
9,ch,m,20,177,0,2424705,2428482,146,126,learn_array_B,location-1,-3
9,ch,m,20,122,126,2433308,2437160,21,0,learn_array_B,location-2,-4
9,ch,m,20,122,126,2441895,2447742,19,0,learn_array_B,location-2,-4
9,ch,m,20,28,18,2452427,2457899,89,162,learn_array_A,location-1,10
9,ch,m,20,160,162,2462720,2466427,176,18,learn_array_A,location-2,-2
9,ch,m,20,3,0,2471070,2474262,62,126,learn_array_B,location-1,3
9,ch,m,20,124,126,2478936,2483094,42,0,learn_array_B,location-2,-2
9,ch,m,20,176,0,2487712,2498463,79,126,learn_array_B,location-1,-4
9,ch,m,20,123,126,2503158,2510471,22,0,learn_array_B,location-2,-3
9,ch,m,20,119,126,2515103,2517849,10,0,learn_array_B,location-2,-7
9,ch,m,20,159,162,2522623,2525074,132,18,learn_array_A,location-2,-3
block
9,ch,m,20,161,162,2532703,2536826,54,18,learn_array_A,location-2,-1
9,ch,m,20,177,0,2541534,2544545,33,126,learn_array_B,location-1,-3
9,ch,m,20,161,162,2549294,2553740,155,18,learn_array_A,location-2,-1
9,ch,m,20,162,162,2558407,2563011,54,18,learn_array_A,location-2,0
9,ch,m,20,1,0,2567627,2571030,52,126,learn_array_B,location-1,1
9,ch,m,20,24,18,2575721,2578168,93,162,learn_array_A,location-1,6
9,ch,m,20,163,162,2582949,2586955,61,18,learn_array_A,location-2,1
9,ch,m,20,166,18,2591570,2594246,88,162,learn_array_A,location-1,-32
9,ch,m,20,163,162,2598857,2603891,91,18,learn_array_A,location-2,1
9,ch,m,20,125,126,2608502,2610505,103,0,learn_array_B,location-2,-1
9,ch,m,20,25,18,2615103,2618006,90,162,learn_array_A,location-1,7
9,ch,m,20,121,126,2622645,2624877,96,0,learn_array_B,location-2,-5
9,ch,m,20,176,0,2629679,2632270,112,126,learn_array_B,location-1,-4
9,ch,m,20,19,18,2637083,2639530,155,162,learn_array_A,location-1,1
9,ch,m,20,162,162,2644260,2645892,1,18,learn_array_A,location-2,0
9,ch,m,20,21,18,2650563,2652929,40,162,learn_array_A,location-1,3
9,ch,m,20,124,126,2657690,2659689,33,0,learn_array_B,location-2,-2
9,ch,m,20,119,126,2664513,2667779,116,0,learn_array_B,location-2,-7
9,ch,m,20,124,126,2672420,2675395,54,0,learn_array_B,location-2,-2
9,ch,m,20,16,18,2680108,2683387,67,162,learn_array_A,location-1,-2
9,ch,m,20,15,18,2688173,2690470,31,162,learn_array_A,location-1,-3
9,ch,m,20,173,0,2695267,2697801,92,126,learn_array_B,location-1,-7
9,ch,m,20,127,126,2702396,2705365,119,0,learn_array_B,location-2,1
9,ch,m,20,176,0,2710140,2715264,170,126,learn_array_B,location-1,-4
9,ch,m,20,22,18,2719957,2723357,48,162,learn_array_A,location-1,4
9,ch,m,20,159,162,2728144,2734235,170,18,learn_array_A,location-2,-3
9,ch,m,20,124,126,2738846,2741591,173,0,learn_array_B,location-2,-2
9,ch,m,20,157,162,2746245,2749369,45,18,learn_array_A,location-2,-5
9,ch,m,20,176,0,2754094,2761147,45,126,learn_array_B,location-1,-4
9,ch,m,20,175,0,2765902,2783614,80,126,learn_array_B,location-1,-5
9,ch,m,20,124,126,2788236,2795051,111,0,learn_array_B,location-2,-2
9,ch,m,20,177,0,2799723,2802772,104,126,learn_array_B,location-1,-3
block
9,ch,m,20,24,18,2809263,2813698,4,162,learn_array_A,location-1,6
9,ch,m,20,4,0,2818339,2820859,38,126,learn_array_B,location-1,4
9,ch,m,20,18,18,2825542,2827551,168,162,learn_array_A,location-1,0
9,ch,m,20,158,162,2832379,2835425,68,18,learn_array_A,location-2,-4
9,ch,m,20,6,0,2840133,2842143,119,126,learn_array_B,location-1,6
9,ch,m,20,159,162,2846914,2849372,52,18,learn_array_A,location-2,-3
9,ch,m,20,120,126,2854112,2856108,64,0,learn_array_B,location-2,-6
9,ch,m,20,20,162,2860944,2862655,35,18,learn_array_A,location-2,38
9,ch,m,20,157,162,2867277,2869506,116,18,learn_array_A,location-2,-5
9,ch,m,20,158,162,2874313,2877429,126,18,learn_array_A,location-2,-4
9,ch,m,20,126,126,2882098,2889518,176,0,learn_array_B,location-2,0
9,ch,m,20,172,0,2894113,2899298,113,126,learn_array_B,location-1,-8
9,ch,m,20,121,126,2904131,2905985,115,0,learn_array_B,location-2,-5
9,ch,m,20,160,162,2910805,2914448,44,18,learn_array_A,location-2,-2
9,ch,m,20,27,18,2919168,2921692,117,162,learn_array_A,location-1,9
9,ch,m,20,170,0,2926335,2929384,53,126,learn_array_B,location-1,-10
9,ch,m,20,164,162,2934093,2937067,90,18,learn_array_A,location-2,2
9,ch,m,20,17,18,2941879,2946337,79,162,learn_array_A,location-1,-1
9,ch,m,20,119,126,2951108,2953265,125,0,learn_array_B,location-2,-7
9,ch,m,20,15,18,2957973,2960866,9,162,learn_array_A,location-1,-3
9,ch,m,20,164,162,2965552,2968971,155,18,learn_array_A,location-2,2
9,ch,m,20,24,18,2973600,2981748,85,162,learn_array_A,location-1,6
9,ch,m,20,125,126,2986442,2989049,63,0,learn_array_B,location-2,-1
9,ch,m,20,20,18,2993785,2996313,81,162,learn_array_A,location-1,2
9,ch,m,20,8,0,3001001,3004199,26,126,learn_array_B,location-1,8
9,ch,m,20,121,126,3008977,3011498,67,0,learn_array_B,location-2,-5
9,ch,m,20,175,0,3016295,3018451,90,126,learn_array_B,location-1,-5
9,ch,m,20,122,126,3023119,3025420,11,0,learn_array_B,location-2,-4
9,ch,m,20,174,0,3030031,3032046,130,126,learn_array_B,location-1,-6
9,ch,m,20,25,18,3036752,3040305,61,162,learn_array_A,location-1,7
9,ch,m,20,123,126,3045015,3048590,59,0,learn_array_B,location-2,-3
9,ch,m,20,174,0,3053344,3058468,44,126,learn_array_B,location-1,-6
block
9,ch,m,20,173,0,3064399,3066684,24,126,learn_array_B,location-1,-7
9,ch,m,20,125,126,3071318,3073329,17,0,learn_array_B,location-2,-1
9,ch,m,20,123,126,3078135,3079984,96,0,learn_array_B,location-2,-3
9,ch,m,20,19,18,3084803,3086736,138,162,learn_array_A,location-1,1
9,ch,m,20,126,126,3091453,3093974,137,0,learn_array_B,location-2,0
9,ch,m,20,2,0,3098755,3101938,107,126,learn_array_B,location-1,2
9,ch,m,20,12,18,3106665,3111876,160,162,learn_array_A,location-1,-6
9,ch,m,20,19,18,3116545,3118477,79,162,learn_array_A,location-1,1
9,ch,m,20,173,0,3123181,3125845,136,126,learn_array_B,location-1,-7
9,ch,m,20,19,18,3130545,3133509,53,162,learn_array_A,location-1,1
9,ch,m,20,155,162,3138234,3141057,83,18,learn_array_A,location-2,-7
9,ch,m,20,168,0,3145653,3148546,74,126,learn_array_B,location-1,-12
9,ch,m,20,160,162,3153190,3155941,130,18,learn_array_A,location-2,-2
9,ch,m,20,175,0,3160568,3162506,148,126,learn_array_B,location-1,-5
9,ch,m,20,22,18,3167249,3169191,69,162,learn_array_A,location-1,4
9,ch,m,20,155,162,3173879,3175736,34,18,learn_array_A,location-2,-7
9,ch,m,20,160,162,3180508,3183769,151,18,learn_array_A,location-2,-2
9,ch,m,20,160,162,3188477,3190992,20,18,learn_array_A,location-2,-2
9,ch,m,20,174,0,3195645,3198471,55,126,learn_array_B,location-1,-6
9,ch,m,20,25,18,3203082,3206785,145,162,learn_array_A,location-1,7
9,ch,m,20,171,0,3211417,3215285,173,126,learn_array_B,location-1,-9
9,ch,m,20,125,126,3220056,3222876,4,0,learn_array_B,location-2,-1
9,ch,m,20,128,126,3227712,3230159,21,0,learn_array_B,location-2,2
9,ch,m,20,16,18,3234952,3237476,4,162,learn_array_A,location-1,-2
9,ch,m,20,17,18,3242234,3244837,34,162,learn_array_A,location-1,-1
9,ch,m,20,126,126,3249677,3251758,109,0,learn_array_B,location-2,0
9,ch,m,20,123,126,3256365,3259412,45,0,learn_array_B,location-2,-3
9,ch,m,20,129,126,3264214,3267923,30,0,learn_array_B,location-2,3
9,ch,m,20,161,162,3272586,3277175,144,18,learn_array_A,location-2,-1
9,ch,m,20,177,0,3282009,3283648,90,126,learn_array_B,location-1,-3
9,ch,m,20,158,162,3288244,3289809,106,18,learn_array_A,location-2,-4
9,ch,m,20,165,162,3294539,3298328,77,18,learn_array_A,location-2,3
block
9,ch,m,20,158,126,3304543,3308023,22,0,learn_array_B,location-2,32
9,ch,m,20,164,162,3312796,3315017,0,18,learn_array_A,location-2,2
9,ch,m,20,164,162,3319733,3322266,154,18,learn_array_A,location-2,2
9,ch,m,20,161,162,3327078,3328337,158,18,learn_array_A,location-2,-1
9,ch,m,20,14,18,3333027,3336068,134,162,learn_array_A,location-1,-4
9,ch,m,20,174,0,3340748,3342530,131,126,learn_array_B,location-1,-6
9,ch,m,20,159,126,3347141,3350838,40,0,learn_array_B,location-2,33
9,ch,m,20,164,162,3355649,3358332,175,18,learn_array_A,location-2,2
9,ch,m,20,17,18,3363064,3367680,63,162,learn_array_A,location-1,-1
9,ch,m,20,126,126,3372455,3374746,40,0,learn_array_B,location-2,0
9,ch,m,20,120,126,3379383,3381472,151,0,learn_array_B,location-2,-6
9,ch,m,20,117,126,3386295,3388075,150,0,learn_array_B,location-2,-9
9,ch,m,20,125,126,3392738,3395207,163,0,learn_array_B,location-2,-1
9,ch,m,20,21,18,3399859,3403123,177,162,learn_array_A,location-1,3
9,ch,m,20,155,162,3407944,3410624,97,18,learn_array_A,location-2,-7
9,ch,m,20,174,0,3415428,3417658,108,126,learn_array_B,location-1,-6
9,ch,m,20,177,0,3422258,3425008,39,126,learn_array_B,location-1,-3
9,ch,m,20,175,0,3429718,3432696,147,126,learn_array_B,location-1,-5
9,ch,m,20,28,18,3437438,3440041,89,162,learn_array_A,location-1,10
9,ch,m,20,24,18,3444835,3447343,95,162,learn_array_A,location-1,6
9,ch,m,20,21,18,3452021,3455741,35,162,learn_array_A,location-1,3
9,ch,m,20,1,0,3460484,3470237,24,126,learn_array_B,location-1,1
9,ch,m,20,157,162,3474911,3477070,108,18,learn_array_A,location-2,-5
9,ch,m,20,176,0,3481826,3484802,33,126,learn_array_B,location-1,-4
9,ch,m,20,124,126,3489450,3491822,86,0,learn_array_B,location-2,-2
9,ch,m,20,125,126,3496582,3498436,88,0,learn_array_B,location-2,-1
9,ch,m,20,161,162,3503176,3506511,12,18,learn_array_A,location-2,-1
9,ch,m,20,179,0,3511249,3516820,108,126,learn_array_B,location-1,-1
9,ch,m,20,7,0,3521632,3525179,83,126,learn_array_B,location-1,7
9,ch,m,20,161,162,3529866,3532311,17,18,learn_array_A,location-2,-1
9,ch,m,20,27,18,3536908,3540558,128,162,learn_array_A,location-1,9
9,ch,m,20,25,18,3545197,3547721,119,162,learn_array_A,location-1,7
block
9,ch,m,20,23,18,3553711,3555855,33,162,learn_array_A,location-1,5
9,ch,m,20,17,18,3560571,3563092,167,162,learn_array_A,location-1,-1
9,ch,m,20,161,162,3567712,3570376,174,18,learn_array_A,location-2,-1
9,ch,m,20,163,162,3575112,3577102,162,18,learn_array_A,location-2,1
9,ch,m,20,130,126,3581768,3583254,27,0,learn_array_B,location-2,4
9,ch,m,20,19,18,3588054,3590358,169,162,learn_array_A,location-1,1
9,ch,m,20,174,0,3595187,3597261,64,126,learn_array_B,location-1,-6
9,ch,m,20,165,162,3601978,3604649,144,18,learn_array_A,location-2,3
9,ch,m,20,170,0,3609432,3614772,24,126,learn_array_B,location-1,-10
9,ch,m,20,18,18,3619581,3622835,144,162,learn_array_A,location-1,0
9,ch,m,20,178,0,3627632,3631262,66,126,learn_array_B,location-1,-2
9,ch,m,20,127,126,3636098,3638756,105,0,learn_array_B,location-2,1
9,ch,m,20,177,0,3643587,3647885,6,126,learn_array_B,location-1,-3
9,ch,m,20,17,18,3652504,3656052,1,162,learn_array_A,location-1,-1
9,ch,m,20,161,162,3660825,3663722,134,18,learn_array_A,location-2,-1
9,ch,m,20,4,0,3668427,3671919,15,126,learn_array_B,location-1,4
9,ch,m,20,159,162,3676599,3679777,157,18,learn_array_A,location-2,-3
9,ch,m,20,15,18,3684502,3690503,16,162,learn_array_A,location-1,-3
9,ch,m,20,0,0,3695095,3701563,9,126,learn_array_B,location-1,0
9,ch,m,20,123,126,3706256,3710934,132,0,learn_array_B,location-2,-3
9,ch,m,20,171,0,3715760,3718131,149,126,learn_array_B,location-1,-9
9,ch,m,20,159,162,3722932,3725672,64,18,learn_array_A,location-2,-3
9,ch,m,20,163,162,3730412,3735464,113,18,learn_array_A,location-2,1
9,ch,m,20,15,18,3740182,3743076,8,162,learn_array_A,location-1,-3
9,ch,m,20,124,126,3747764,3750506,4,0,learn_array_B,location-2,-2
9,ch,m,20,177,0,3755181,3761876,121,126,learn_array_B,location-1,-3
9,ch,m,20,23,18,3766513,3769561,57,162,learn_array_A,location-1,5
9,ch,m,20,123,126,3774288,3775988,124,0,learn_array_B,location-2,-3
9,ch,m,20,127,126,3780606,3783490,27,0,learn_array_B,location-2,1
9,ch,m,20,116,126,3788108,3790320,38,0,learn_array_B,location-2,-10
9,ch,m,20,128,126,3795086,3797613,150,0,learn_array_B,location-2,2
9,ch,m,20,158,162,3802407,3805222,82,18,learn_array_A,location-2,-4
block
9,ch,m,20,130,126,3811343,3814517,26,0,learn_array_B,location-2,4
9,ch,m,20,21,18,3819195,3822892,4,162,learn_array_A,location-1,3
9,ch,m,20,128,126,3827663,3829296,30,0,learn_array_B,location-2,2
9,ch,m,20,126,126,3834047,3837459,86,0,learn_array_B,location-2,0
9,ch,m,20,109,18,3842219,3842514,110,162,learn_array_A,location-1,-89
9,ch,m,20,119,126,3847236,3849671,44,0,learn_array_B,location-2,-7
9,ch,m,20,172,0,3854416,3862241,63,126,learn_array_B,location-1,-8
9,ch,m,20,158,162,3867034,3869176,166,18,learn_array_A,location-2,-4
9,ch,m,20,159,162,3873769,3876134,172,18,learn_array_A,location-2,-3
9,ch,m,20,21,18,3880846,3883734,13,162,learn_array_A,location-1,3
9,ch,m,20,177,0,3888571,3891325,19,126,learn_array_B,location-1,-3
9,ch,m,20,125,126,3896137,3898067,59,0,learn_array_B,location-2,-1
9,ch,m,20,163,162,3902752,3906911,138,18,learn_array_A,location-2,1
9,ch,m,20,175,0,3911599,3921658,52,126,learn_array_B,location-1,-5
9,ch,m,20,165,162,3926501,3931247,54,18,learn_array_A,location-2,3
9,ch,m,20,120,126,3935909,3939628,152,0,learn_array_B,location-2,-6
9,ch,m,20,176,0,3944243,3950109,129,126,learn_array_B,location-1,-4
9,ch,m,20,175,0,3954822,3956370,136,126,learn_array_B,location-1,-5
9,ch,m,20,27,18,3961118,3962602,102,162,learn_array_A,location-1,9
9,ch,m,20,161,162,3967200,3970017,107,18,learn_array_A,location-2,-1
9,ch,m,20,124,126,3974779,3978277,50,0,learn_array_B,location-2,-2
9,ch,m,20,161,162,3982958,3985103,138,18,learn_array_A,location-2,-1
9,ch,m,20,159,162,3989932,3993933,40,18,learn_array_A,location-2,-3
9,ch,m,20,17,162,3998696,4001285,18,18,learn_array_A,location-2,35
9,ch,m,20,21,18,4006003,4008224,68,162,learn_array_A,location-1,3
9,ch,m,20,8,0,4013020,4015391,40,126,learn_array_B,location-1,8
9,ch,m,20,17,18,4020042,4022188,25,162,learn_array_A,location-1,-1
9,ch,m,20,19,18,4027021,4029697,122,162,learn_array_A,location-1,1
9,ch,m,20,165,0,4034354,4037533,29,126,learn_array_B,location-1,-15
9,ch,m,20,124,126,4042362,4044360,50,0,learn_array_B,location-2,-2
9,ch,m,20,178,0,4049121,4051048,30,126,learn_array_B,location-1,-2
9,ch,m,20,20,18,4055761,4059560,97,162,learn_array_A,location-1,2
block
9,ch,m,20,9,18,4065999,4067551,146,162,learn_array_A,location-1,-9
9,ch,m,20,161,162,4072226,4073705,38,18,learn_array_A,location-2,-1
9,ch,m,20,161,162,4078495,4080581,144,18,learn_array_A,location-2,-1
9,ch,m,20,129,126,4085392,4087542,46,0,learn_array_B,location-2,3
9,ch,m,20,128,126,4092170,4093722,32,0,learn_array_B,location-2,2
9,ch,m,20,179,0,4098451,4100735,32,126,learn_array_B,location-1,-1
9,ch,m,20,3,0,4105440,4108625,61,126,learn_array_B,location-1,3
9,ch,m,20,22,18,4113361,4116246,51,162,learn_array_A,location-1,4
9,ch,m,20,23,18,4120868,4123607,169,162,learn_array_A,location-1,5
9,ch,m,20,122,126,4128378,4131870,170,0,learn_array_B,location-2,-4
9,ch,m,20,117,126,4136578,4138662,138,0,learn_array_B,location-2,-9
9,ch,m,20,7,0,4143345,4145864,39,126,learn_array_B,location-1,7
9,ch,m,20,161,162,4150692,4154543,7,18,learn_array_A,location-2,-1
9,ch,m,20,21,18,4159345,4162395,69,162,learn_array_A,location-1,3
9,ch,m,20,23,18,4167179,4169772,33,162,learn_array_A,location-1,5
9,ch,m,20,15,162,4174493,4176428,75,18,learn_array_A,location-2,33
9,ch,m,20,123,126,4181206,4182984,140,0,learn_array_B,location-2,-3
9,ch,m,20,160,162,4187668,4190995,106,18,learn_array_A,location-2,-2
9,ch,m,20,22,18,4195816,4201970,28,162,learn_array_A,location-1,4
9,ch,m,20,1,0,4206725,4208794,50,126,learn_array_B,location-1,1
9,ch,m,20,126,126,4213611,4217174,16,0,learn_array_B,location-2,0
9,ch,m,20,178,0,4221939,4226388,122,126,learn_array_B,location-1,-2
9,ch,m,20,122,126,4231088,4233014,154,0,learn_array_B,location-2,-4
9,ch,m,20,162,162,4237812,4240490,9,18,learn_array_A,location-2,0
9,ch,m,20,179,0,4245155,4248565,45,126,learn_array_B,location-1,-1
9,ch,m,20,179,0,4253260,4255553,71,126,learn_array_B,location-1,-1
9,ch,m,20,20,18,4260272,4263010,128,162,learn_array_A,location-1,2
9,ch,m,20,177,0,4267701,4270820,55,126,learn_array_B,location-1,-3
9,ch,m,20,157,162,4275565,4279136,159,18,learn_array_A,location-2,-5
9,ch,m,20,12,18,4283899,4286565,43,162,learn_array_A,location-1,-6
9,ch,m,20,162,162,4291338,4295275,158,18,learn_array_A,location-2,0
9,ch,m,20,119,126,4299883,4302927,53,0,learn_array_B,location-2,-7
block
9,ch,m,20,156,162,4309423,4314873,38,18,learn_array_A,location-2,-6
9,ch,m,20,19,18,4319523,4322267,109,162,learn_array_A,location-1,1
9,ch,m,20,123,126,4327028,4330073,73,0,learn_array_B,location-2,-3
9,ch,m,20,123,126,4334760,4338549,155,0,learn_array_B,location-2,-3
9,ch,m,20,17,18,4343185,4346956,83,162,learn_array_A,location-1,-1
9,ch,m,20,23,18,4351557,4354746,64,162,learn_array_A,location-1,5
9,ch,m,20,172,0,4359524,4361605,106,126,learn_array_B,location-1,-8
9,ch,m,20,23,18,4366240,4368470,160,162,learn_array_A,location-1,5
9,ch,m,20,176,0,4373251,4375627,65,126,learn_array_B,location-1,-4
9,ch,m,20,23,18,4380306,4387179,57,162,learn_array_A,location-1,5
9,ch,m,20,157,162,4391958,4394856,160,18,learn_array_A,location-2,-5
9,ch,m,20,126,126,4399524,4402116,115,0,learn_array_B,location-2,0
9,ch,m,20,22,18,4406945,4410149,120,162,learn_array_A,location-1,4
9,ch,m,20,176,0,4414795,4416356,107,126,learn_array_B,location-1,-4
9,ch,m,20,173,0,4421086,4422491,112,126,learn_array_B,location-1,-7
9,ch,m,20,127,126,4427182,4429933,90,0,learn_array_B,location-2,1
9,ch,m,20,18,18,4434674,4437277,59,162,learn_array_A,location-1,0
9,ch,m,20,161,162,4441887,4444780,19,18,learn_array_A,location-2,-1
9,ch,m,20,176,0,4449470,4453048,94,126,learn_array_B,location-1,-4
9,ch,m,20,0,0,4457876,4460771,36,126,learn_array_B,location-1,0
9,ch,m,20,17,18,4465549,4468941,32,162,learn_array_A,location-1,-1
9,ch,m,20,126,126,4473637,4476822,84,0,learn_array_B,location-2,0
9,ch,m,20,168,0,4481558,4483854,169,126,learn_array_B,location-1,-12
9,ch,m,20,124,126,4488570,4490637,12,0,learn_array_B,location-2,-2
9,ch,m,20,124,126,4495260,4497769,13,0,learn_array_B,location-2,-2
9,ch,m,20,2,0,4502519,4506071,17,126,learn_array_B,location-1,2
9,ch,m,20,159,162,4510730,4514001,158,18,learn_array_A,location-2,-3
9,ch,m,20,163,162,4518742,4521559,20,18,learn_array_A,location-2,1
9,ch,m,20,163,162,4526183,4528330,158,18,learn_array_A,location-2,1
9,ch,m,20,160,162,4532965,4537333,9,18,learn_array_A,location-2,-2
9,ch,m,20,120,126,4541985,4544648,122,0,learn_array_B,location-2,-6
9,ch,m,20,163,162,4549334,4554744,23,18,learn_array_A,location-2,1
block
9,ch,m,20,127,126,4561039,4563910,71,0,learn_array_B,location-2,1
9,ch,m,20,16,18,4568558,4570482,123,162,learn_array_A,location-1,-2
9,ch,m,20,20,18,4575255,4577397,37,162,learn_array_A,location-1,2
9,ch,m,20,173,0,4582122,4584423,66,126,learn_array_B,location-1,-7
9,ch,m,20,164,162,4589214,4595149,142,18,learn_array_A,location-2,2
9,ch,m,20,118,126,4599914,4604425,143,0,learn_array_B,location-2,-8
9,ch,m,20,6,0,4609250,4613406,18,126,learn_array_B,location-1,6
9,ch,m,20,171,0,4618081,4622625,141,126,learn_array_B,location-1,-9
9,ch,m,20,176,0,4627441,4629894,168,126,learn_array_B,location-1,-4
9,ch,m,20,16,18,4634623,4636256,118,162,learn_array_A,location-1,-2
9,ch,m,20,164,162,4640987,4643949,11,18,learn_array_A,location-2,2
9,ch,m,20,176,0,4648598,4651043,29,126,learn_array_B,location-1,-4
9,ch,m,20,155,162,4655763,4657768,146,18,learn_array_A,location-2,-7
9,ch,m,20,13,18,4662402,4664699,45,162,learn_array_A,location-1,-5
9,ch,m,20,154,162,4669412,4672163,79,18,learn_array_A,location-2,-8
9,ch,m,20,161,162,4676825,4678905,93,18,learn_array_A,location-2,-1
9,ch,m,20,177,0,4683523,4688953,53,126,learn_array_B,location-1,-3
9,ch,m,20,162,162,4693663,4696411,118,18,learn_array_A,location-2,0
9,ch,m,20,120,126,4701074,4703602,137,0,learn_array_B,location-2,-6
9,ch,m,20,18,18,4708221,4710671,111,162,learn_array_A,location-1,0
9,ch,m,20,123,126,4715389,4720667,148,0,learn_array_B,location-2,-3
9,ch,m,20,125,126,4725417,4728833,165,0,learn_array_B,location-2,-1
9,ch,m,20,160,162,4733524,4737615,46,18,learn_array_A,location-2,-2
9,ch,m,20,159,162,4742267,4744940,143,18,learn_array_A,location-2,-3
9,ch,m,20,176,0,4749558,4752076,118,126,learn_array_B,location-1,-4
9,ch,m,20,129,126,4756865,4760352,9,0,learn_array_B,location-2,3
9,ch,m,20,25,18,4765074,4768846,140,162,learn_array_A,location-1,7
9,ch,m,20,119,126,4773590,4779146,133,0,learn_array_B,location-2,-7
9,ch,m,20,126,126,4783807,4786769,93,0,learn_array_B,location-2,0
9,ch,m,20,18,18,4791431,4794915,122,162,learn_array_A,location-1,0
9,ch,m,20,20,18,4799747,4801892,127,162,learn_array_A,location-1,2
9,ch,m,20,173,0,4806730,4812062,134,126,learn_array_B,location-1,-7
block
9,ch,m,20,164,162,4818655,4823575,27,18,learn_array_A,location-2,2
9,ch,m,20,122,126,4828332,4832986,77,0,learn_array_B,location-2,-4
9,ch,m,20,4,18,4837672,4839451,14,162,learn_array_A,location-1,-14
9,ch,m,20,175,0,4844163,4848017,72,126,learn_array_B,location-1,-5
9,ch,m,20,120,126,4852839,4855277,118,0,learn_array_B,location-2,-6
9,ch,m,20,158,162,4860024,4864103,150,18,learn_array_A,location-2,-4
9,ch,m,20,161,162,4868753,4875027,28,18,learn_array_A,location-2,-1
9,ch,m,20,160,162,4879632,4883414,121,18,learn_array_A,location-2,-2
9,ch,m,20,16,18,4888074,4893315,98,162,learn_array_A,location-1,-2
9,ch,m,20,160,162,4897974,4902129,98,18,learn_array_A,location-2,-2
9,ch,m,20,25,18,4906884,4909770,9,162,learn_array_A,location-1,7
9,ch,m,20,159,162,4914572,4917778,66,18,learn_array_A,location-2,-3
9,ch,m,20,61,126,4922497,4923015,164,0,learn_array_B,location-2,-65
9,ch,m,20,123,126,4927647,4930176,72,0,learn_array_B,location-2,-3
9,ch,m,20,21,18,4934852,4938789,179,162,learn_array_A,location-1,3
9,ch,m,20,21,18,4943561,4948511,17,162,learn_array_A,location-1,3
9,ch,m,20,127,126,4953343,4956250,146,0,learn_array_B,location-2,1
9,ch,m,20,15,18,4960870,4962802,105,162,learn_array_A,location-1,-3
9,ch,m,20,177,0,4967612,4970214,165,126,learn_array_B,location-1,-3
9,ch,m,20,173,0,4974908,4977062,75,126,learn_array_B,location-1,-7
9,ch,m,20,0,0,4981777,4988011,22,126,learn_array_B,location-1,0
9,ch,m,20,123,126,4992787,4998799,160,0,learn_array_B,location-2,-3
9,ch,m,20,127,126,5003516,5007296,36,0,learn_array_B,location-2,1
9,ch,m,20,174,0,5012128,5015322,49,126,learn_array_B,location-1,-6
9,ch,m,20,177,0,5019993,5024213,56,126,learn_array_B,location-1,-3
9,ch,m,20,125,126,5028850,5031224,10,0,learn_array_B,location-2,-1
9,ch,m,20,118,18,5035931,5040582,157,162,learn_array_A,location-1,-80
9,ch,m,20,0,0,5045361,5047506,69,126,learn_array_B,location-1,0
9,ch,m,20,2,0,5052184,5054179,62,126,learn_array_B,location-1,2
9,ch,m,20,167,162,5058956,5063857,56,18,learn_array_A,location-2,5
9,ch,m,20,157,162,5068679,5073671,153,18,learn_array_A,location-2,-5
9,ch,m,20,17,18,5078359,5081097,0,162,learn_array_A,location-1,-1
block
9,ch,m,20,175,0,5088031,5098401,87,126,learn_array_B,location-1,-5
9,ch,m,20,159,162,5103000,5106193,100,18,learn_array_A,location-2,-3
9,ch,m,20,154,162,5110817,5112145,105,18,learn_array_A,location-2,-8
9,ch,m,20,16,18,5116903,5119200,18,162,learn_array_A,location-1,-2
9,ch,m,20,161,162,5123817,5127155,114,18,learn_array_A,location-2,-1
9,ch,m,20,171,0,5131983,5135179,74,126,learn_array_B,location-1,-9
9,ch,m,20,0,0,5139798,5142099,84,126,learn_array_B,location-1,0
9,ch,m,20,11,18,5146798,5149832,168,162,learn_array_A,location-1,-7
9,ch,m,20,165,162,5154570,5156789,0,18,learn_array_A,location-2,3
9,ch,m,20,22,18,5161532,5164859,173,162,learn_array_A,location-1,4
9,ch,m,20,3,0,5169698,5176003,167,126,learn_array_B,location-1,3
9,ch,m,20,120,126,5180771,5182694,174,0,learn_array_B,location-2,-6
9,ch,m,20,122,126,5187466,5190356,10,0,learn_array_B,location-2,-4
9,ch,m,20,12,0,5194985,5197280,8,126,learn_array_B,location-1,12
9,ch,m,20,17,18,5201958,5207747,156,162,learn_array_A,location-1,-1
9,ch,m,20,124,126,5212342,5215388,117,0,learn_array_B,location-2,-2
9,ch,m,20,127,126,5220131,5222577,177,0,learn_array_B,location-2,1
9,ch,m,20,120,126,5227330,5237576,81,0,learn_array_B,location-2,-6
9,ch,m,20,25,18,5242328,5246563,80,162,learn_array_A,location-1,7
9,ch,m,20,20,18,5251245,5257230,28,162,learn_array_A,location-1,2
9,ch,m,20,168,162,5261857,5265116,49,18,learn_array_A,location-2,6
9,ch,m,20,163,162,5269882,5272770,179,18,learn_array_A,location-2,1
9,ch,m,20,176,0,5277504,5284002,57,126,learn_array_B,location-1,-4
9,ch,m,20,18,18,5288753,5296305,55,162,learn_array_A,location-1,0
9,ch,m,20,1,0,5300974,5305109,18,126,learn_array_B,location-1,1
9,ch,m,20,18,18,5309885,5316858,178,162,learn_array_A,location-1,0
9,ch,m,20,163,162,5321491,5325279,73,18,learn_array_A,location-2,1
9,ch,m,20,125,126,5329929,5332599,49,0,learn_array_B,location-2,-1
9,ch,m,20,158,162,5337346,5340915,105,18,learn_array_A,location-2,-4
9,ch,m,20,122,126,5345668,5349080,129,0,learn_array_B,location-2,-4
9,ch,m,20,17,0,5353755,5358286,58,126,learn_array_B,location-1,17
9,ch,m,20,126,126,5362979,5365428,37,0,learn_array_B,location-2,0
block
