subj,name,gender,age,cond,P_resp,P_startTime,P_respTime,P_gotKey,shape1,shape2,shape3,shape4,color1,color2,color3,color4ori1,ori2,ori3,ori4ord_1,ord_2,ord_3,ord_4,task,correct_key,no_change,mode
10,l,m,22,index,True,34056,34875,/,rect.png,triangle.png,rect.png,triangle.png,[255, 0, 0],[255, 255, 0],45,0,1,3,2,0,change_col,/,1,practice
10,l,m,22,index,True,39583,40363,/,diamond.png,circle.png,diamond.png,circle.png,[255, 255, 0],[255, 0, 0],135,90,0,3,2,1,change_col,/,1,practice
10,l,m,22,index,True,44959,46171,z,circle.png,triangle.png,circle.png,triangle.png,[255, 255, 0],[0, 0, 255],0,90,2,0,3,1,nochange_col,z,3,practice
10,l,m,22,index,True,50903,52619,/,rect.png,triangle.png,rect.png,triangle.png,[0, 255, 0],[0, 0, 255],45,135,0,1,2,3,change_col,/,3,practice
10,l,m,22,index,True,57365,58251,z,rect.png,triangle.png,rect.png,triangle.png,[255, 255, 0],[255, 0, 0],0,90,3,1,2,0,nochange_col,z,3,practice
10,l,m,22,index,True,63025,63915,z,rect.png,circle.png,rect.png,circle.png,[0, 255, 0],[255, 0, 0],135,90,1,2,0,3,nochange_col,z,1,practice
10,l,m,22,index,True,68520,70027,/,rect.png,circle.png,rect.png,circle.png,[0, 255, 0],[255, 0, 0],90,135,2,3,0,1,nochange_ori,z,0,practice
10,l,m,22,index,True,74797,76923,/,rect.png,diamond.png,rect.png,diamond.png,[0, 0, 255],[255, 0, 0],45,0,2,1,3,0,change_ori,/,0,practice
10,l,m,22,index,True,81510,82859,z,triangle.png,rect.png,triangle.png,rect.png,[0, 0, 255],[255, 255, 0],135,90,2,0,1,3,nochange_ori,z,0,practice
10,l,m,22,index,True,87438,88203,z,diamond.png,circle.png,diamond.png,circle.png,[255, 255, 0],[0, 255, 0],135,0,2,1,0,3,nochange_col,z,3,practice
10,l,m,22,index,True,92797,96491,/,diamond.png,circle.png,diamond.png,circle.png,[0, 0, 255],[0, 255, 0],0,90,2,3,1,0,change_ori,/,0,practice
10,l,m,22,index,True,101213,102539,/,diamond.png,rect.png,diamond.png,rect.png,[255, 255, 0],[0, 255, 0],0,135,0,1,2,3,change_col,/,3,practice
10,l,m,22,index,True,107273,108523,/,circle.png,diamond.png,circle.png,diamond.png,[0, 0, 255],[255, 0, 0],45,135,2,0,1,3,change_ori,/,2,practice
10,l,m,22,index,True,113118,114139,/,diamond.png,triangle.png,diamond.png,triangle.png,[255, 0, 0],[255, 255, 0],135,45,2,1,3,0,change_ori,/,0,practice
10,l,m,22,index,True,118795,119675,/,rect.png,diamond.png,rect.png,diamond.png,[0, 0, 255],[255, 0, 0],45,135,1,2,0,3,change_ori,/,0,practice
10,l,m,22,index,True,124288,126523,/,circle.png,rect.png,circle.png,rect.png,[0, 0, 255],[0, 255, 0],45,90,3,1,0,2,nochange_ori,z,2,practice
10,l,m,22,index,True,131150,132059,z,diamond.png,triangle.png,diamond.png,triangle.png,[255, 0, 0],[0, 0, 255],0,135,0,3,1,2,nochange_ori,z,2,practice
10,l,m,22,index,True,136628,137307,z,circle.png,diamond.png,circle.png,diamond.png,[0, 0, 255],[255, 255, 0],90,135,2,1,3,0,nochange_ori,z,0,practice
10,l,m,22,index,True,142021,143531,z,diamond.png,circle.png,diamond.png,circle.png,[255, 0, 0],[0, 255, 0],90,135,1,3,2,0,nochange_col,z,1,practice
10,l,m,22,index,True,148183,150763,/,circle.png,triangle.png,circle.png,triangle.png,[255, 255, 0],[0, 0, 255],0,90,1,0,2,3,change_col,/,3,practice
10,l,m,22,index,True,157900,159003,/,triangle.png,diamond.png,triangle.png,diamond.png,[255, 255, 0],[0, 0, 255],45,135,3,2,1,0,change_ori,/,2,testing
10,l,m,22,index,True,163744,164587,/,circle.png,rect.png,circle.png,rect.png,[0, 0, 255],[255, 0, 0],135,0,3,0,2,1,change_col,/,1,testing
10,l,m,22,index,True,169287,170475,/,rect.png,triangle.png,rect.png,triangle.png,[255, 255, 0],[0, 0, 255],135,90,0,1,3,2,change_ori,/,0,testing
10,l,m,22,index,True,175099,175690,z,triangle.png,diamond.png,triangle.png,diamond.png,[255, 255, 0],[0, 255, 0],45,90,1,0,3,2,nochange_ori,z,2,testing
10,l,m,22,index,True,180308,181594,z,rect.png,triangle.png,rect.png,triangle.png,[0, 255, 0],[255, 0, 0],90,135,3,1,2,0,nochange_col,z,3,testing
10,l,m,22,index,True,186353,187099,z,triangle.png,rect.png,triangle.png,rect.png,[255, 0, 0],[0, 0, 255],90,0,2,3,0,1,nochange_col,z,3,testing
10,l,m,22,index,True,191679,192459,/,rect.png,triangle.png,rect.png,triangle.png,[0, 0, 255],[0, 255, 0],0,45,0,3,2,1,change_col,/,3,testing
10,l,m,22,index,True,197038,198123,z,rect.png,diamond.png,rect.png,diamond.png,[0, 255, 0],[255, 0, 0],90,45,1,2,0,3,change_col,/,1,testing
10,l,m,22,index,True,202782,203323,z,diamond.png,circle.png,diamond.png,circle.png,[0, 0, 255],[255, 0, 0],135,45,1,0,2,3,nochange_col,z,3,testing
10,l,m,22,index,True,208009,211163,z,triangle.png,diamond.png,triangle.png,diamond.png,[255, 0, 0],[255, 255, 0],0,90,2,3,0,1,nochange_ori,z,2,testing
10,l,m,22,index,True,215807,216891,/,triangle.png,rect.png,triangle.png,rect.png,[0, 0, 255],[0, 255, 0],135,45,3,0,1,2,change_col,/,1,testing
10,l,m,22,index,True,221467,224842,z,triangle.png,rect.png,triangle.png,rect.png,[255, 0, 0],[0, 0, 255],45,0,2,3,1,0,change_ori,/,2,testing
10,l,m,22,index,True,229582,231034,/,diamond.png,circle.png,diamond.png,circle.png,[255, 255, 0],[255, 0, 0],0,45,1,0,3,2,change_ori,/,0,testing
10,l,m,22,index,True,235643,237803,z,triangle.png,rect.png,triangle.png,rect.png,[0, 255, 0],[0, 0, 255],90,0,3,0,1,2,nochange_ori,z,0,testing
10,l,m,22,index,True,242438,243897,/,circle.png,diamond.png,circle.png,diamond.png,[255, 255, 0],[255, 0, 0],135,45,3,2,0,1,nochange_ori,z,2,testing
10,l,m,22,index,True,248650,250330,/,rect.png,diamond.png,rect.png,diamond.png,[0, 0, 255],[0, 255, 0],45,90,3,0,2,1,change_ori,/,2,testing
10,l,m,22,index,True,254962,255818,/,triangle.png,rect.png,triangle.png,rect.png,[0, 255, 0],[0, 0, 255],135,0,3,2,0,1,change_col,/,1,testing
10,l,m,22,index,True,260505,261354,z,circle.png,triangle.png,circle.png,triangle.png,[255, 255, 0],[255, 0, 0],90,135,0,2,1,3,nochange_col,z,1,testing
10,l,m,22,index,True,266099,268202,z,triangle.png,circle.png,triangle.png,circle.png,[255, 255, 0],[0, 0, 255],0,45,3,2,1,0,nochange_ori,z,0,testing
10,l,m,22,index,True,272962,275370,/,rect.png,diamond.png,rect.png,diamond.png,[0, 255, 0],[255, 0, 0],45,90,2,1,3,0,change_ori,/,2,testing
10,l,m,22,index,True,280124,281227,z,triangle.png,rect.png,triangle.png,rect.png,[0, 0, 255],[255, 255, 0],135,0,3,2,0,1,nochange_ori,z,0,testing
10,l,m,22,index,True,285802,287227,/,triangle.png,circle.png,triangle.png,circle.png,[0, 255, 0],[0, 0, 255],45,135,0,2,3,1,change_col,/,3,testing
10,l,m,22,index,True,291979,292698,z,rect.png,diamond.png,rect.png,diamond.png,[0, 255, 0],[255, 255, 0],90,45,3,1,0,2,nochange_ori,z,2,testing
10,l,m,22,index,True,297373,298330,/,circle.png,rect.png,circle.png,rect.png,[0, 0, 255],[255, 0, 0],90,0,2,1,3,0,change_col,/,3,testing
10,l,m,22,index,True,303033,303883,z,diamond.png,triangle.png,diamond.png,triangle.png,[255, 0, 0],[0, 255, 0],45,0,0,3,2,1,nochange_col,z,1,testing
10,l,m,22,index,True,308510,310282,/,rect.png,circle.png,rect.png,circle.png,[255, 0, 0],[255, 255, 0],135,45,0,3,2,1,change_ori,/,0,testing
10,l,m,22,index,True,314988,316458,z,rect.png,diamond.png,rect.png,diamond.png,[255, 255, 0],[0, 255, 0],45,135,1,0,3,2,nochange_col,z,1,testing
10,l,m,22,index,True,321116,323402,/,triangle.png,circle.png,triangle.png,circle.png,[0, 255, 0],[255, 0, 0],45,0,3,1,0,2,nochange_col,z,1,testing
10,l,m,22,index,True,328146,328922,/,diamond.png,circle.png,diamond.png,circle.png,[255, 255, 0],[0, 255, 0],0,90,2,1,0,3,change_col,/,1,testing
10,l,m,22,index,True,333640,335865,/,rect.png,circle.png,rect.png,circle.png,[0, 0, 255],[255, 0, 0],0,135,3,0,2,1,change_col,/,3,testing
10,l,m,22,index,True,340603,341979,/,diamond.png,circle.png,diamond.png,circle.png,[0, 0, 255],[0, 255, 0],0,45,1,0,2,3,change_ori,/,0,testing
10,l,m,22,index,True,346696,347930,z,diamond.png,rect.png,diamond.png,rect.png,[255, 0, 0],[255, 255, 0],90,45,0,1,3,2,nochange_col,z,3,testing
10,l,m,22,index,True,352641,353514,/,circle.png,rect.png,circle.png,rect.png,[0, 0, 255],[255, 255, 0],90,0,1,3,0,2,change_ori,/,0,testing
10,l,m,22,index,True,358218,359946,z,circle.png,triangle.png,circle.png,triangle.png,[255, 0, 0],[0, 0, 255],135,45,3,2,1,0,nochange_col,z,3,testing
10,l,m,22,index,True,364680,366826,/,diamond.png,rect.png,diamond.png,rect.png,[255, 0, 0],[0, 0, 255],0,90,2,3,0,1,change_ori,/,0,testing
10,l,m,22,index,True,371409,372521,z,circle.png,rect.png,circle.png,rect.png,[255, 0, 0],[255, 255, 0],0,45,3,0,2,1,change_ori,/,2,testing
10,l,m,22,index,True,377203,378682,z,triangle.png,diamond.png,triangle.png,diamond.png,[0, 255, 0],[255, 0, 0],135,90,1,3,0,2,nochange_col,z,1,testing
10,l,m,22,index,True,383364,383962,/,diamond.png,circle.png,diamond.png,circle.png,[0, 255, 0],[255, 255, 0],0,45,3,0,2,1,change_col,/,3,testing
10,l,m,22,index,True,388707,390313,/,diamond.png,circle.png,diamond.png,circle.png,[255, 255, 0],[0, 0, 255],90,0,1,2,0,3,change_ori,/,2,testing
10,l,m,22,index,True,394952,396042,z,rect.png,diamond.png,rect.png,diamond.png,[255, 255, 0],[255, 0, 0],45,0,0,2,1,3,nochange_ori,z,0,testing
10,l,m,22,index,True,400696,401466,/,triangle.png,diamond.png,triangle.png,diamond.png,[0, 255, 0],[0, 0, 255],135,0,1,3,0,2,nochange_ori,z,0,testing
10,l,m,22,index,True,406056,407018,/,rect.png,diamond.png,rect.png,diamond.png,[0, 0, 255],[255, 255, 0],90,0,1,0,3,2,change_ori,/,2,testing
10,l,m,22,index,True,411600,413162,z,circle.png,triangle.png,circle.png,triangle.png,[0, 0, 255],[255, 0, 0],90,0,2,3,1,0,nochange_ori,z,2,testing
10,l,m,22,index,True,417928,418890,z,triangle.png,diamond.png,triangle.png,diamond.png,[255, 255, 0],[255, 0, 0],90,135,0,3,1,2,nochange_col,z,1,testing
10,l,m,22,index,True,423505,426474,/,triangle.png,diamond.png,triangle.png,diamond.png,[0, 255, 0],[255, 0, 0],0,45,2,3,0,1,nochange_ori,z,2,testing
10,l,m,22,index,True,431151,432729,/,diamond.png,triangle.png,diamond.png,triangle.png,[0, 0, 255],[255, 255, 0],0,45,2,0,3,1,change_ori,/,2,testing
10,l,m,22,index,True,437380,438586,/,rect.png,triangle.png,rect.png,triangle.png,[255, 255, 0],[255, 0, 0],90,135,0,1,2,3,change_col,/,1,testing
10,l,m,22,index,True,443240,444586,z,rect.png,circle.png,rect.png,circle.png,[255, 255, 0],[255, 0, 0],0,90,2,3,0,1,nochange_ori,z,2,testing
10,l,m,22,index,True,449185,449897,z,triangle.png,circle.png,triangle.png,circle.png,[255, 0, 0],[255, 255, 0],0,135,2,1,0,3,nochange_col,z,3,testing
10,l,m,22,index,True,454646,456426,/,triangle.png,rect.png,triangle.png,rect.png,[0, 0, 255],[255, 0, 0],45,135,1,0,3,2,change_col,/,3,testing
10,l,m,22,index,True,461090,462378,/,circle.png,rect.png,circle.png,rect.png,[0, 255, 0],[0, 0, 255],90,45,2,3,1,0,change_col,/,3,testing
10,l,m,22,index,True,466984,468506,z,triangle.png,rect.png,triangle.png,rect.png,[255, 255, 0],[255, 0, 0],135,0,3,1,2,0,nochange_ori,z,2,testing
10,l,m,22,index,True,473229,474377,z,circle.png,rect.png,circle.png,rect.png,[255, 255, 0],[255, 0, 0],90,45,0,1,2,3,nochange_ori,z,0,testing
10,l,m,22,index,True,478939,480186,/,diamond.png,rect.png,diamond.png,rect.png,[0, 255, 0],[255, 0, 0],0,90,3,2,0,1,change_ori,/,0,testing
10,l,m,22,index,True,484834,486201,/,circle.png,rect.png,circle.png,rect.png,[0, 0, 255],[255, 255, 0],45,90,3,1,0,2,change_ori,/,0,testing
10,l,m,22,index,True,490812,494073,z,diamond.png,rect.png,diamond.png,rect.png,[0, 255, 0],[255, 255, 0],135,0,1,0,3,2,nochange_ori,z,0,testing
10,l,m,22,index,True,498760,501018,z,triangle.png,circle.png,triangle.png,circle.png,[255, 255, 0],[0, 255, 0],45,0,1,3,0,2,nochange_col,z,1,testing
10,l,m,22,index,True,505589,506169,z,diamond.png,circle.png,diamond.png,circle.png,[255, 0, 0],[0, 0, 255],90,0,0,1,2,3,nochange_col,z,1,testing
10,l,m,22,index,True,510898,511785,/,circle.png,rect.png,circle.png,rect.png,[0, 255, 0],[255, 0, 0],90,135,1,2,3,0,change_col,/,3,testing
10,l,m,22,index,True,516525,517226,/,triangle.png,rect.png,triangle.png,rect.png,[255, 0, 0],[0, 0, 255],0,135,0,2,3,1,change_col,/,1,testing
10,l,m,22,index,True,521919,523497,z,rect.png,diamond.png,rect.png,diamond.png,[255, 0, 0],[0, 0, 255],0,90,1,3,2,0,nochange_col,z,1,testing
10,l,m,22,index,True,528130,529641,z,diamond.png,rect.png,diamond.png,rect.png,[255, 255, 0],[0, 255, 0],135,45,0,2,1,3,nochange_col,z,1,testing
10,l,m,22,index,True,534324,536297,/,circle.png,triangle.png,circle.png,triangle.png,[0, 255, 0],[255, 0, 0],135,0,3,0,1,2,nochange_ori,z,0,testing
10,l,m,22,index,True,540903,542009,z,rect.png,circle.png,rect.png,circle.png,[0, 255, 0],[255, 255, 0],45,90,3,1,0,2,nochange_ori,z,2,testing
10,l,m,22,index,True,546647,549481,/,rect.png,diamond.png,rect.png,diamond.png,[0, 255, 0],[255, 255, 0],90,45,2,1,3,0,change_ori,/,0,testing
10,l,m,22,index,True,554194,554810,z,rect.png,circle.png,rect.png,circle.png,[0, 255, 0],[255, 255, 0],135,90,1,0,3,2,nochange_col,z,3,testing
10,l,m,22,index,True,559471,560953,z,circle.png,diamond.png,circle.png,diamond.png,[255, 0, 0],[0, 0, 255],45,135,2,0,3,1,nochange_ori,z,0,testing
10,l,m,22,index,True,565648,566425,/,circle.png,diamond.png,circle.png,diamond.png,[255, 255, 0],[255, 0, 0],90,135,2,0,1,3,change_col,/,1,testing
10,l,m,22,index,True,571042,571978,z,circle.png,diamond.png,circle.png,diamond.png,[255, 255, 0],[0, 0, 255],45,0,1,3,2,0,nochange_ori,z,0,testing
10,l,m,22,index,True,576569,580024,/,triangle.png,diamond.png,triangle.png,diamond.png,[0, 255, 0],[255, 0, 0],45,135,2,3,1,0,change_col,/,1,testing
10,l,m,22,index,True,584650,586793,/,triangle.png,diamond.png,triangle.png,diamond.png,[255, 255, 0],[0, 0, 255],45,90,3,1,2,0,change_col,/,1,testing
10,l,m,22,index,True,591547,592217,/,rect.png,diamond.png,rect.png,diamond.png,[255, 255, 0],[255, 0, 0],0,135,3,0,1,2,change_col,/,3,testing
10,l,m,22,index,True,596923,598425,/,triangle.png,diamond.png,triangle.png,diamond.png,[0, 0, 255],[0, 255, 0],90,45,2,1,3,0,change_ori,/,2,testing
10,l,m,22,index,True,603201,604153,/,diamond.png,triangle.png,diamond.png,triangle.png,[0, 0, 255],[0, 255, 0],90,0,3,2,0,1,change_ori,/,0,testing
10,l,m,22,index,True,608762,611865,z,rect.png,triangle.png,rect.png,triangle.png,[0, 0, 255],[255, 0, 0],45,90,3,0,1,2,nochange_ori,z,2,testing
10,l,m,22,index,True,616609,617337,z,rect.png,triangle.png,rect.png,triangle.png,[255, 0, 0],[255, 255, 0],90,45,1,2,0,3,nochange_col,z,3,testing
10,l,m,22,index,True,622086,623448,/,circle.png,rect.png,circle.png,rect.png,[255, 0, 0],[0, 255, 0],90,135,1,3,0,2,change_ori,/,0,testing
10,l,m,22,index,True,628164,629688,z,triangle.png,circle.png,triangle.png,circle.png,[0, 0, 255],[255, 255, 0],45,0,1,2,0,3,nochange_col,z,1,testing
10,l,m,22,index,True,634425,635305,/,triangle.png,rect.png,triangle.png,rect.png,[255, 255, 0],[0, 255, 0],0,135,2,1,3,0,change_col,/,1,testing
10,l,m,22,index,True,640019,640809,z,triangle.png,circle.png,triangle.png,circle.png,[0, 255, 0],[255, 255, 0],45,90,3,0,1,2,nochange_col,z,3,testing
10,l,m,22,index,True,660840,661688,/,rect.png,diamond.png,rect.png,diamond.png,[0, 255, 0],[0, 0, 255],45,0,2,1,0,3,change_col,/,1,testing
10,l,m,22,index,True,666334,667064,z,rect.png,triangle.png,rect.png,triangle.png,[0, 0, 255],[255, 255, 0],45,135,1,3,0,2,nochange_col,z,1,testing
10,l,m,22,index,True,671710,672824,/,diamond.png,triangle.png,diamond.png,triangle.png,[0, 255, 0],[255, 255, 0],45,0,1,2,3,0,change_col,/,1,testing
10,l,m,22,index,True,677521,678729,/,circle.png,rect.png,circle.png,rect.png,[0, 0, 255],[255, 255, 0],135,90,1,2,3,0,change_col,/,3,testing
10,l,m,22,index,True,683415,683849,z,rect.png,triangle.png,rect.png,triangle.png,[255, 255, 0],[0, 0, 255],90,0,0,2,3,1,nochange_col,z,3,testing
10,l,m,22,index,True,688424,689289,z,circle.png,diamond.png,circle.png,diamond.png,[0, 0, 255],[0, 255, 0],45,90,2,0,1,3,nochange_ori,z,2,testing
10,l,m,22,index,True,694034,694824,z,rect.png,triangle.png,rect.png,triangle.png,[255, 255, 0],[0, 255, 0],90,135,2,1,0,3,nochange_col,z,1,testing
10,l,m,22,index,True,699395,699961,z,rect.png,circle.png,rect.png,circle.png,[255, 0, 0],[0, 255, 0],135,90,1,2,3,0,nochange_col,z,3,testing
10,l,m,22,index,True,704537,705160,/,rect.png,triangle.png,rect.png,triangle.png,[255, 0, 0],[255, 255, 0],45,90,2,0,1,3,change_col,/,3,testing
10,l,m,22,index,True,709830,710504,/,circle.png,diamond.png,circle.png,diamond.png,[0, 0, 255],[0, 255, 0],135,0,2,0,1,3,change_col,/,3,testing
10,l,m,22,index,True,715174,717272,z,rect.png,diamond.png,rect.png,diamond.png,[255, 0, 0],[255, 255, 0],90,135,0,1,2,3,change_ori,/,0,testing
10,l,m,22,index,True,722003,722761,z,rect.png,triangle.png,rect.png,triangle.png,[255, 0, 0],[0, 255, 0],0,135,1,2,3,0,change_ori,/,2,testing
10,l,m,22,index,True,727479,728313,z,diamond.png,rect.png,diamond.png,rect.png,[0, 255, 0],[255, 255, 0],135,45,1,0,3,2,nochange_col,z,1,testing
10,l,m,22,index,True,732890,733721,/,circle.png,triangle.png,circle.png,triangle.png,[0, 0, 255],[255, 0, 0],135,90,2,1,0,3,change_col,/,3,testing
10,l,m,22,index,True,738282,738729,z,rect.png,triangle.png,rect.png,triangle.png,[0, 0, 255],[255, 0, 0],135,0,3,0,2,1,nochange_col,z,1,testing
10,l,m,22,index,True,743442,745447,z,diamond.png,triangle.png,diamond.png,triangle.png,[255, 0, 0],[0, 255, 0],90,0,2,1,3,0,nochange_ori,z,2,testing
10,l,m,22,index,True,750138,751032,z,diamond.png,circle.png,diamond.png,circle.png,[255, 0, 0],[0, 0, 255],90,0,0,1,3,2,nochange_ori,z,2,testing
10,l,m,22,index,True,755765,757448,z,diamond.png,rect.png,diamond.png,rect.png,[0, 255, 0],[0, 0, 255],0,45,0,2,1,3,nochange_ori,z,0,testing
10,l,m,22,index,True,762160,763177,z,rect.png,triangle.png,rect.png,triangle.png,[255, 255, 0],[0, 255, 0],90,135,3,1,0,2,nochange_ori,z,0,testing
10,l,m,22,index,True,767870,768809,/,circle.png,rect.png,circle.png,rect.png,[0, 0, 255],[255, 0, 0],45,0,2,3,1,0,change_ori,/,2,testing
10,l,m,22,index,True,773547,775336,/,triangle.png,diamond.png,triangle.png,diamond.png,[255, 0, 0],[0, 0, 255],90,0,2,3,0,1,nochange_ori,z,2,testing
10,l,m,22,index,True,780060,780952,z,circle.png,diamond.png,circle.png,diamond.png,[255, 0, 0],[0, 255, 0],90,135,1,0,2,3,nochange_col,z,3,testing
10,l,m,22,index,True,785670,786632,z,rect.png,diamond.png,rect.png,diamond.png,[0, 255, 0],[0, 0, 255],135,0,3,1,0,2,nochange_col,z,3,testing
10,l,m,22,index,True,791380,792200,/,triangle.png,rect.png,triangle.png,rect.png,[0, 255, 0],[255, 0, 0],45,135,0,3,1,2,change_col,/,1,testing
10,l,m,22,index,True,796891,797561,/,diamond.png,circle.png,diamond.png,circle.png,[255, 0, 0],[0, 255, 0],135,0,0,1,2,3,change_col,/,3,testing
10,l,m,22,index,True,802149,803784,/,triangle.png,rect.png,triangle.png,rect.png,[255, 255, 0],[255, 0, 0],0,90,3,2,1,0,change_ori,/,2,testing
10,l,m,22,index,True,808462,809384,/,rect.png,circle.png,rect.png,circle.png,[255, 255, 0],[0, 255, 0],90,0,0,1,2,3,change_col,/,3,testing
10,l,m,22,index,True,814071,814968,z,rect.png,circle.png,rect.png,circle.png,[0, 255, 0],[255, 255, 0],90,135,2,3,0,1,change_ori,/,2,testing
10,l,m,22,index,True,819682,820615,/,rect.png,triangle.png,rect.png,triangle.png,[0, 255, 0],[255, 0, 0],135,0,1,3,2,0,change_col,/,1,testing
10,l,m,22,index,True,825293,827976,z,rect.png,diamond.png,rect.png,diamond.png,[0, 255, 0],[255, 0, 0],45,90,3,0,2,1,nochange_ori,z,2,testing
10,l,m,22,index,True,832539,833800,z,diamond.png,circle.png,diamond.png,circle.png,[255, 0, 0],[0, 0, 255],45,0,3,1,0,2,nochange_ori,z,0,testing
10,l,m,22,index,True,838416,839352,/,triangle.png,rect.png,triangle.png,rect.png,[0, 0, 255],[0, 255, 0],45,90,1,0,3,2,change_ori,/,0,testing
10,l,m,22,index,True,843943,847048,/,diamond.png,circle.png,diamond.png,circle.png,[255, 255, 0],[0, 0, 255],0,135,0,2,1,3,change_ori,/,0,testing
10,l,m,22,index,True,851725,852456,z,diamond.png,circle.png,diamond.png,circle.png,[255, 255, 0],[255, 0, 0],135,90,3,1,2,0,nochange_col,z,3,testing
10,l,m,22,index,True,857168,859704,/,rect.png,circle.png,rect.png,circle.png,[255, 0, 0],[0, 255, 0],135,0,0,2,1,3,change_ori,/,0,testing
10,l,m,22,index,True,864414,865432,/,rect.png,triangle.png,rect.png,triangle.png,[255, 0, 0],[255, 255, 0],45,135,3,1,0,2,change_col,/,3,testing
10,l,m,22,index,True,870058,872264,/,diamond.png,circle.png,diamond.png,circle.png,[0, 0, 255],[255, 255, 0],90,45,1,3,0,2,change_col,/,1,testing
10,l,m,22,index,True,876903,878504,/,triangle.png,diamond.png,triangle.png,diamond.png,[0, 0, 255],[255, 255, 0],45,135,3,1,2,0,change_col,/,1,testing
10,l,m,22,index,True,883148,885368,z,diamond.png,triangle.png,diamond.png,triangle.png,[255, 255, 0],[255, 0, 0],90,0,1,2,3,0,nochange_col,z,3,testing
10,l,m,22,index,True,890045,891319,/,diamond.png,triangle.png,diamond.png,triangle.png,[0, 255, 0],[255, 0, 0],45,0,1,2,0,3,change_ori,/,2,testing
10,l,m,22,index,True,895922,896951,z,circle.png,rect.png,circle.png,rect.png,[0, 255, 0],[0, 0, 255],0,90,1,3,2,0,nochange_ori,z,2,testing
10,l,m,22,index,True,901582,906088,/,diamond.png,circle.png,diamond.png,circle.png,[255, 255, 0],[255, 0, 0],0,90,0,2,3,1,nochange_ori,z,2,testing
10,l,m,22,index,True,910782,912647,/,triangle.png,diamond.png,triangle.png,diamond.png,[0, 255, 0],[255, 0, 0],45,0,2,0,1,3,nochange_col,z,3,testing
10,l,m,22,index,True,917211,917768,z,triangle.png,rect.png,triangle.png,rect.png,[0, 255, 0],[255, 0, 0],135,45,0,3,2,1,nochange_col,z,1,testing
10,l,m,22,index,True,922521,923416,/,rect.png,triangle.png,rect.png,triangle.png,[0, 0, 255],[0, 255, 0],90,45,3,2,0,1,change_col,/,1,testing
10,l,m,22,index,True,928048,929512,z,circle.png,triangle.png,circle.png,triangle.png,[0, 0, 255],[255, 0, 0],45,0,0,2,3,1,nochange_ori,z,2,testing
10,l,m,22,index,True,934259,934920,/,circle.png,diamond.png,circle.png,diamond.png,[255, 0, 0],[0, 0, 255],0,45,1,2,0,3,change_col,/,1,testing
10,l,m,22,index,True,939586,940760,/,circle.png,rect.png,circle.png,rect.png,[255, 255, 0],[0, 255, 0],90,0,3,1,0,2,change_ori,/,2,testing
10,l,m,22,index,True,945363,946791,z,triangle.png,circle.png,triangle.png,circle.png,[255, 0, 0],[0, 255, 0],45,0,3,1,0,2,nochange_col,z,1,testing
10,l,m,22,index,True,951392,952295,z,diamond.png,circle.png,diamond.png,circle.png,[255, 0, 0],[0, 0, 255],90,45,2,1,3,0,nochange_col,z,3,testing
10,l,m,22,index,True,956917,957911,z,circle.png,triangle.png,circle.png,triangle.png,[0, 255, 0],[255, 255, 0],90,0,3,2,1,0,nochange_ori,z,0,testing
10,l,m,22,index,True,962645,963495,/,circle.png,diamond.png,circle.png,diamond.png,[255, 0, 0],[0, 255, 0],135,90,2,3,0,1,change_ori,/,2,testing
10,l,m,22,index,True,968071,969191,z,diamond.png,triangle.png,diamond.png,triangle.png,[0, 255, 0],[255, 0, 0],135,90,0,1,2,3,nochange_ori,z,0,testing
10,l,m,22,index,True,973915,974552,/,rect.png,circle.png,rect.png,circle.png,[0, 0, 255],[255, 255, 0],45,90,0,2,1,3,change_col,/,1,testing
10,l,m,22,index,True,979142,979976,/,diamond.png,circle.png,diamond.png,circle.png,[255, 255, 0],[0, 255, 0],90,45,0,2,3,1,change_col,/,1,testing
10,l,m,22,index,True,984618,986936,z,circle.png,rect.png,circle.png,rect.png,[0, 0, 255],[255, 255, 0],135,45,2,1,3,0,nochange_col,z,3,testing
10,l,m,22,index,True,991515,992279,z,triangle.png,circle.png,triangle.png,circle.png,[0, 0, 255],[255, 0, 0],90,135,3,1,2,0,nochange_ori,z,0,testing
10,l,m,22,index,True,996924,998279,/,diamond.png,triangle.png,diamond.png,triangle.png,[255, 255, 0],[255, 0, 0],90,135,0,3,2,1,change_ori,/,0,testing
10,l,m,22,index,True,1002919,1004039,/,diamond.png,circle.png,diamond.png,circle.png,[255, 255, 0],[0, 255, 0],45,135,3,1,2,0,change_ori,/,0,testing
10,l,m,22,index,True,1008612,1010375,/,circle.png,triangle.png,circle.png,triangle.png,[255, 255, 0],[0, 255, 0],135,45,1,0,3,2,nochange_ori,z,0,testing
10,l,m,22,index,True,1014974,1015927,/,diamond.png,triangle.png,diamond.png,triangle.png,[0, 255, 0],[0, 0, 255],45,90,0,1,2,3,change_ori,/,0,testing
10,l,m,22,index,True,1020567,1021847,z,circle.png,diamond.png,circle.png,diamond.png,[0, 255, 0],[255, 255, 0],0,90,1,2,0,3,nochange_col,z,1,testing
10,l,m,22,index,True,1026429,1027991,z,rect.png,diamond.png,rect.png,diamond.png,[0, 255, 0],[255, 0, 0],0,90,3,2,0,1,nochange_ori,z,0,testing
10,l,m,22,index,True,1032724,1038903,/,circle.png,rect.png,circle.png,rect.png,[255, 255, 0],[255, 0, 0],135,45,3,2,0,1,change_col,/,1,testing
10,l,m,22,index,True,1043493,1044823,z,rect.png,circle.png,rect.png,circle.png,[255, 0, 0],[255, 255, 0],0,135,1,3,2,0,change_ori,/,2,testing
10,l,m,22,index,True,1049571,1050502,z,circle.png,rect.png,circle.png,rect.png,[0, 255, 0],[255, 255, 0],0,135,0,1,3,2,nochange_col,z,1,testing
10,l,m,22,index,True,1055081,1056311,z,rect.png,diamond.png,rect.png,diamond.png,[255, 255, 0],[0, 0, 255],0,90,2,0,3,1,nochange_ori,z,2,testing
10,l,m,22,index,True,1060892,1062135,/,circle.png,rect.png,circle.png,rect.png,[0, 255, 0],[255, 0, 0],45,0,1,3,2,0,change_ori,/,0,testing
10,l,m,22,index,True,1066753,1067511,/,circle.png,diamond.png,circle.png,diamond.png,[255, 0, 0],[255, 255, 0],0,90,2,1,3,0,change_col,/,1,testing
10,l,m,22,index,True,1072112,1072967,z,diamond.png,triangle.png,diamond.png,triangle.png,[255, 0, 0],[255, 255, 0],135,0,3,0,1,2,nochange_col,z,1,testing
10,l,m,22,index,True,1077622,1078039,z,diamond.png,circle.png,diamond.png,circle.png,[0, 0, 255],[255, 255, 0],45,135,0,1,2,3,nochange_col,z,1,testing
10,l,m,22,index,True,1082799,1084423,/,rect.png,diamond.png,rect.png,diamond.png,[255, 255, 0],[0, 0, 255],0,45,3,2,0,1,change_ori,/,2,testing
10,l,m,22,index,True,1089193,1090039,z,circle.png,triangle.png,circle.png,triangle.png,[255, 0, 0],[255, 255, 0],90,135,0,3,1,2,nochange_ori,z,0,testing
10,l,m,22,index,True,1094653,1098230,z,rect.png,circle.png,rect.png,circle.png,[0, 0, 255],[255, 255, 0],45,135,1,3,2,0,change_ori,/,0,testing
10,l,m,22,index,True,1102985,1105383,/,diamond.png,circle.png,diamond.png,circle.png,[0, 0, 255],[255, 255, 0],135,0,0,3,1,2,change_ori,/,0,testing
10,l,m,22,index,True,1110065,1111687,z,rect.png,diamond.png,rect.png,diamond.png,[255, 0, 0],[0, 255, 0],0,90,3,2,0,1,nochange_ori,z,2,testing
10,l,m,22,index,True,1116360,1117383,/,diamond.png,triangle.png,diamond.png,triangle.png,[255, 0, 0],[0, 0, 255],90,45,0,3,1,2,change_ori,/,0,testing
10,l,m,22,index,True,1121971,1123303,/,triangle.png,diamond.png,triangle.png,diamond.png,[0, 0, 255],[0, 255, 0],135,45,0,3,2,1,change_col,/,1,testing
10,l,m,22,index,True,1127998,1128663,z,triangle.png,rect.png,triangle.png,rect.png,[255, 255, 0],[255, 0, 0],0,90,3,1,2,0,nochange_col,z,1,testing
10,l,m,22,index,True,1133375,1134807,z,triangle.png,diamond.png,triangle.png,diamond.png,[255, 0, 0],[255, 255, 0],135,0,3,1,0,2,nochange_ori,z,2,testing
