subj,name,gender,age,cond,P_resp,P_startTime,P_respTime,P_gotKey,shape1,shape2,shape3,shape4,color1,color2,color3,color4ori1,ori2,ori3,ori4ord_1,ord_2,ord_3,ord_4,task,correct_key,no_change,mode
10,l,m,22,noindex,True,150908,153990,/,diamond.png,circle.png,rect.png,triangle.png,[0, 0, 255],[0, 255, 0],135,0,2,1,0,3,nochange_ori,z,2,practice
10,l,m,22,noindex,True,158622,160150,z,rect.png,circle.png,diamond.png,triangle.png,[0, 255, 0],[0, 0, 255],90,45,0,1,2,3,nochange_col,z,3,practice
10,l,m,22,noindex,True,164750,165798,z,circle.png,rect.png,triangle.png,diamond.png,[0, 0, 255],[255, 0, 0],0,90,2,0,1,3,nochange_col,z,3,practice
10,l,m,22,noindex,True,170544,171670,/,rect.png,diamond.png,triangle.png,circle.png,[255, 0, 0],[0, 0, 255],135,90,2,1,3,0,change_col,/,3,practice
10,l,m,22,noindex,True,176405,177542,z,circle.png,rect.png,triangle.png,diamond.png,[0, 0, 255],[0, 255, 0],135,0,1,2,0,3,nochange_col,z,3,practice
10,l,m,22,noindex,True,182232,183334,z,diamond.png,rect.png,triangle.png,circle.png,[0, 0, 255],[255, 0, 0],90,135,3,2,1,0,change_ori,/,0,practice
10,l,m,22,noindex,True,187909,188918,z,circle.png,triangle.png,rect.png,diamond.png,[255, 255, 0],[0, 255, 0],0,90,1,0,2,3,nochange_col,z,1,practice
10,l,m,22,noindex,True,193653,194502,/,circle.png,rect.png,triangle.png,diamond.png,[0, 0, 255],[255, 255, 0],45,135,0,2,3,1,change_col,/,3,practice
10,l,m,22,noindex,True,199113,200454,z,rect.png,circle.png,triangle.png,diamond.png,[0, 0, 255],[255, 0, 0],135,45,0,1,2,3,nochange_col,z,1,practice
10,l,m,22,noindex,True,205092,205926,/,rect.png,triangle.png,diamond.png,circle.png,[255, 0, 0],[0, 255, 0],45,135,0,3,2,1,change_col,/,1,practice
10,l,m,22,noindex,True,210517,211429,/,rect.png,triangle.png,diamond.png,circle.png,[0, 255, 0],[255, 255, 0],90,45,2,0,1,3,change_col,/,1,practice
10,l,m,22,noindex,True,216045,218261,/,rect.png,diamond.png,circle.png,triangle.png,[255, 255, 0],[0, 255, 0],90,135,0,2,3,1,change_ori,/,0,practice
10,l,m,22,noindex,True,222973,224662,/,triangle.png,rect.png,diamond.png,circle.png,[255, 0, 0],[0, 0, 255],0,135,1,3,2,0,change_ori,/,0,practice
10,l,m,22,noindex,True,229319,230326,/,triangle.png,diamond.png,circle.png,rect.png,[0, 255, 0],[255, 255, 0],90,135,0,3,1,2,change_ori,/,0,practice
10,l,m,22,noindex,True,234996,236214,/,triangle.png,circle.png,diamond.png,rect.png,[0, 255, 0],[0, 0, 255],135,90,1,0,2,3,change_col,/,1,practice
10,l,m,22,noindex,True,240874,241893,z,circle.png,rect.png,triangle.png,diamond.png,[0, 255, 0],[0, 0, 255],45,0,1,3,0,2,nochange_ori,z,2,practice
10,l,m,22,noindex,True,246517,247542,z,triangle.png,diamond.png,circle.png,rect.png,[255, 0, 0],[0, 0, 255],0,45,3,2,0,1,nochange_ori,z,0,practice
10,l,m,22,noindex,True,252311,254870,z,circle.png,triangle.png,diamond.png,rect.png,[0, 255, 0],[0, 0, 255],135,90,0,1,3,2,nochange_ori,z,0,practice
10,l,m,22,noindex,True,259524,260326,/,diamond.png,rect.png,circle.png,triangle.png,[0, 255, 0],[255, 0, 0],45,135,0,1,3,2,change_ori,/,0,practice
10,l,m,22,noindex,True,264968,267685,z,rect.png,diamond.png,triangle.png,circle.png,[255, 0, 0],[0, 0, 255],135,0,2,0,1,3,nochange_ori,z,0,practice
10,l,m,22,noindex,True,295240,296742,z,triangle.png,rect.png,diamond.png,circle.png,[255, 255, 0],[255, 0, 0],0,135,0,1,3,2,nochange_col,z,3,testing
10,l,m,22,noindex,True,301368,302357,/,diamond.png,rect.png,circle.png,triangle.png,[255, 255, 0],[0, 0, 255],135,0,0,2,3,1,change_col,/,3,testing
10,l,m,22,noindex,True,307095,308597,/,circle.png,rect.png,diamond.png,triangle.png,[255, 255, 0],[255, 0, 0],135,0,2,3,1,0,change_col,/,1,testing
10,l,m,22,noindex,True,313223,314789,z,triangle.png,rect.png,circle.png,diamond.png,[255, 0, 0],[0, 255, 0],0,90,1,3,0,2,nochange_ori,z,0,testing
10,l,m,22,noindex,True,319434,320821,z,rect.png,circle.png,triangle.png,diamond.png,[255, 0, 0],[0, 0, 255],0,90,1,2,3,0,nochange_ori,z,0,testing
10,l,m,22,noindex,True,325546,326725,/,rect.png,triangle.png,diamond.png,circle.png,[255, 255, 0],[255, 0, 0],0,135,0,2,3,1,change_col,/,3,testing
10,l,m,22,noindex,True,331373,332342,z,rect.png,triangle.png,circle.png,diamond.png,[255, 255, 0],[0, 0, 255],90,135,2,3,0,1,nochange_col,z,1,testing
10,l,m,22,noindex,True,337067,338533,/,triangle.png,rect.png,circle.png,diamond.png,[0, 255, 0],[255, 255, 0],0,135,2,0,1,3,change_col,/,3,testing
10,l,m,22,noindex,True,343212,344293,/,rect.png,triangle.png,diamond.png,circle.png,[255, 255, 0],[255, 0, 0],135,45,1,2,0,3,change_ori,/,2,testing
10,l,m,22,noindex,True,348989,350981,z,triangle.png,rect.png,circle.png,diamond.png,[0, 0, 255],[255, 0, 0],90,135,1,2,0,3,nochange_ori,z,2,testing
10,l,m,22,noindex,True,355734,356758,/,rect.png,diamond.png,triangle.png,circle.png,[255, 0, 0],[0, 0, 255],45,90,1,2,0,3,change_col,/,1,testing
10,l,m,22,noindex,True,361511,363989,z,triangle.png,diamond.png,rect.png,circle.png,[0, 255, 0],[0, 0, 255],0,90,0,3,2,1,nochange_ori,z,2,testing
10,l,m,22,noindex,True,368641,369764,z,circle.png,diamond.png,rect.png,triangle.png,[255, 0, 0],[255, 255, 0],135,0,0,3,1,2,nochange_ori,z,2,testing
10,l,m,22,noindex,True,374369,376293,/,triangle.png,diamond.png,circle.png,rect.png,[255, 255, 0],[0, 255, 0],0,45,1,3,2,0,change_ori,/,0,testing
10,l,m,22,noindex,True,380864,382804,/,circle.png,rect.png,triangle.png,diamond.png,[0, 255, 0],[255, 0, 0],0,45,0,2,3,1,change_ori,/,0,testing
10,l,m,22,noindex,True,387392,388134,/,diamond.png,circle.png,triangle.png,rect.png,[255, 0, 0],[255, 255, 0],45,135,0,3,2,1,change_col,/,3,testing
10,l,m,22,noindex,True,392836,394933,z,circle.png,diamond.png,triangle.png,rect.png,[0, 0, 255],[255, 0, 0],90,45,2,3,0,1,nochange_col,z,1,testing
10,l,m,22,noindex,True,399665,402549,/,triangle.png,circle.png,diamond.png,rect.png,[0, 0, 255],[255, 255, 0],45,0,0,1,3,2,change_ori,/,2,testing
10,l,m,22,noindex,True,407262,408661,z,circle.png,triangle.png,rect.png,diamond.png,[255, 255, 0],[0, 0, 255],45,135,2,3,0,1,nochange_col,z,3,testing
10,l,m,22,noindex,True,413291,415077,z,diamond.png,rect.png,circle.png,triangle.png,[0, 255, 0],[0, 0, 255],45,90,3,1,2,0,nochange_col,z,3,testing
10,l,m,22,noindex,True,419685,420661,/,diamond.png,circle.png,rect.png,triangle.png,[0, 0, 255],[255, 255, 0],0,90,3,1,0,2,change_col,/,3,testing
10,l,m,22,noindex,True,425396,426613,z,diamond.png,circle.png,rect.png,triangle.png,[0, 255, 0],[255, 0, 0],90,45,0,2,3,1,nochange_col,z,3,testing
10,l,m,22,noindex,True,431341,432501,/,circle.png,diamond.png,triangle.png,rect.png,[0, 255, 0],[0, 0, 255],0,45,3,2,1,0,change_col,/,3,testing
10,l,m,22,noindex,True,437135,438021,/,triangle.png,diamond.png,rect.png,circle.png,[0, 0, 255],[255, 255, 0],135,45,1,3,0,2,change_col,/,3,testing
10,l,m,22,noindex,True,442661,444277,/,diamond.png,triangle.png,circle.png,rect.png,[0, 255, 0],[255, 0, 0],135,90,0,3,2,1,change_col,/,3,testing
10,l,m,22,noindex,True,448923,450532,/,circle.png,rect.png,diamond.png,triangle.png,[0, 0, 255],[0, 255, 0],0,45,3,2,1,0,change_col,/,3,testing
10,l,m,22,noindex,True,455100,456181,/,rect.png,triangle.png,circle.png,diamond.png,[255, 255, 0],[255, 0, 0],135,45,3,2,0,1,change_ori,/,2,testing
10,l,m,22,noindex,True,460927,462148,/,diamond.png,circle.png,rect.png,triangle.png,[255, 0, 0],[255, 255, 0],45,135,2,3,0,1,change_ori,/,0,testing
10,l,m,22,noindex,True,466738,467781,z,triangle.png,circle.png,rect.png,diamond.png,[0, 255, 0],[0, 0, 255],0,90,3,0,2,1,nochange_ori,z,0,testing
10,l,m,22,noindex,True,472366,473493,z,circle.png,rect.png,diamond.png,triangle.png,[0, 255, 0],[0, 0, 255],45,135,3,0,1,2,nochange_ori,z,2,testing
10,l,m,22,noindex,True,478160,479205,z,diamond.png,rect.png,triangle.png,circle.png,[0, 0, 255],[255, 0, 0],45,135,2,1,3,0,nochange_ori,z,2,testing
10,l,m,22,noindex,True,483903,484725,z,circle.png,diamond.png,rect.png,triangle.png,[0, 255, 0],[255, 0, 0],135,90,3,1,0,2,nochange_ori,z,2,testing
10,l,m,22,noindex,True,489464,490357,/,triangle.png,diamond.png,circle.png,rect.png,[0, 255, 0],[255, 255, 0],45,135,1,2,3,0,change_col,/,3,testing
10,l,m,22,noindex,True,494973,495844,z,diamond.png,circle.png,triangle.png,rect.png,[0, 255, 0],[0, 0, 255],135,0,3,2,1,0,nochange_col,z,3,testing
10,l,m,22,noindex,True,500417,501989,/,rect.png,circle.png,diamond.png,triangle.png,[255, 255, 0],[255, 0, 0],135,0,3,2,0,1,change_ori,/,2,testing
10,l,m,22,noindex,True,506579,507445,z,circle.png,rect.png,triangle.png,diamond.png,[0, 255, 0],[255, 0, 0],0,45,3,1,2,0,nochange_ori,z,0,testing
10,l,m,22,noindex,True,512055,514837,z,triangle.png,circle.png,rect.png,diamond.png,[255, 255, 0],[0, 0, 255],135,45,0,1,2,3,nochange_ori,z,2,testing
10,l,m,22,noindex,True,519469,520661,/,circle.png,rect.png,diamond.png,triangle.png,[0, 255, 0],[255, 255, 0],45,90,2,1,3,0,change_ori,/,2,testing
10,l,m,22,noindex,True,525380,526693,/,rect.png,circle.png,triangle.png,diamond.png,[255, 0, 0],[255, 255, 0],135,45,1,0,2,3,change_ori,/,0,testing
10,l,m,22,noindex,True,531341,532117,z,circle.png,rect.png,diamond.png,triangle.png,[255, 255, 0],[255, 0, 0],90,135,0,2,3,1,nochange_col,z,1,testing
10,l,m,22,noindex,True,536801,537797,z,diamond.png,rect.png,triangle.png,circle.png,[255, 255, 0],[0, 0, 255],135,45,0,2,3,1,nochange_col,z,1,testing
10,l,m,22,noindex,True,542461,543445,z,triangle.png,diamond.png,circle.png,rect.png,[0, 0, 255],[0, 255, 0],90,0,0,1,2,3,nochange_ori,z,0,testing
10,l,m,22,noindex,True,548038,549556,/,triangle.png,rect.png,diamond.png,circle.png,[255, 0, 0],[255, 255, 0],135,90,0,3,1,2,change_ori,/,2,testing
10,l,m,22,noindex,True,554300,555156,/,circle.png,triangle.png,diamond.png,rect.png,[255, 255, 0],[0, 255, 0],135,0,1,3,2,0,nochange_ori,z,2,testing
10,l,m,22,noindex,True,559877,560677,/,rect.png,triangle.png,circle.png,diamond.png,[255, 255, 0],[0, 255, 0],135,45,1,3,2,0,change_ori,/,0,testing
10,l,m,22,noindex,True,565302,565748,z,rect.png,diamond.png,triangle.png,circle.png,[255, 255, 0],[255, 0, 0],90,45,1,2,0,3,nochange_col,z,3,testing
10,l,m,22,noindex,True,570429,571572,/,rect.png,circle.png,diamond.png,triangle.png,[255, 0, 0],[0, 0, 255],90,135,0,3,1,2,change_ori,/,0,testing
10,l,m,22,noindex,True,576273,577093,z,rect.png,triangle.png,diamond.png,circle.png,[0, 0, 255],[255, 255, 0],135,45,2,0,1,3,nochange_ori,z,0,testing
10,l,m,22,noindex,True,581717,582804,z,rect.png,triangle.png,circle.png,diamond.png,[0, 0, 255],[255, 255, 0],135,90,3,0,2,1,change_ori,/,2,testing
10,l,m,22,noindex,True,587477,588148,z,circle.png,triangle.png,rect.png,diamond.png,[255, 0, 0],[0, 0, 255],0,135,2,0,1,3,nochange_col,z,1,testing
10,l,m,22,noindex,True,592787,596581,z,diamond.png,rect.png,circle.png,triangle.png,[255, 255, 0],[255, 0, 0],0,45,2,0,3,1,nochange_ori,z,0,testing
10,l,m,22,noindex,True,601185,602085,/,triangle.png,rect.png,diamond.png,circle.png,[0, 0, 255],[255, 0, 0],0,135,0,1,3,2,change_ori,/,0,testing
10,l,m,22,noindex,True,606779,607940,z,triangle.png,rect.png,circle.png,diamond.png,[255, 0, 0],[0, 255, 0],45,135,3,2,1,0,nochange_ori,z,0,testing
10,l,m,22,noindex,True,612690,613461,/,diamond.png,triangle.png,circle.png,rect.png,[255, 255, 0],[255, 0, 0],0,90,3,0,2,1,change_col,/,3,testing
10,l,m,22,noindex,True,618066,619077,z,rect.png,circle.png,triangle.png,diamond.png,[255, 255, 0],[255, 0, 0],135,0,3,2,1,0,nochange_col,z,1,testing
10,l,m,22,noindex,True,623643,624692,z,diamond.png,rect.png,circle.png,triangle.png,[255, 0, 0],[0, 0, 255],90,45,2,1,3,0,nochange_ori,z,0,testing
10,l,m,22,noindex,True,629354,630180,z,rect.png,diamond.png,circle.png,triangle.png,[0, 255, 0],[255, 0, 0],45,135,2,0,3,1,nochange_col,z,3,testing
10,l,m,22,noindex,True,634864,636179,/,circle.png,triangle.png,rect.png,diamond.png,[255, 0, 0],[0, 0, 255],0,135,3,2,0,1,change_ori,/,0,testing
10,l,m,22,noindex,True,640892,641908,/,rect.png,diamond.png,triangle.png,circle.png,[0, 0, 255],[255, 255, 0],135,0,3,0,1,2,change_col,/,3,testing
10,l,m,22,noindex,True,646569,648068,/,circle.png,rect.png,diamond.png,triangle.png,[0, 0, 255],[255, 255, 0],45,0,1,3,2,0,change_ori,/,0,testing
10,l,m,22,noindex,True,652730,655316,z,diamond.png,rect.png,triangle.png,circle.png,[255, 255, 0],[0, 0, 255],0,45,3,1,2,0,nochange_col,z,3,testing
10,l,m,22,noindex,True,659977,661300,z,triangle.png,rect.png,circle.png,diamond.png,[255, 0, 0],[0, 255, 0],45,90,1,0,2,3,nochange_ori,z,0,testing
10,l,m,22,noindex,True,666021,666837,/,rect.png,circle.png,triangle.png,diamond.png,[255, 255, 0],[255, 0, 0],90,45,1,3,2,0,change_col,/,3,testing
10,l,m,22,noindex,True,671465,672372,z,diamond.png,rect.png,triangle.png,circle.png,[0, 255, 0],[255, 0, 0],90,135,2,1,3,0,nochange_ori,z,0,testing
10,l,m,22,noindex,True,677025,678804,/,triangle.png,rect.png,diamond.png,circle.png,[0, 255, 0],[255, 0, 0],0,135,0,1,2,3,change_ori,/,2,testing
10,l,m,22,noindex,True,683537,684452,/,rect.png,triangle.png,diamond.png,circle.png,[255, 255, 0],[255, 0, 0],135,45,1,3,0,2,change_ori,/,0,testing
10,l,m,22,noindex,True,689180,689812,z,triangle.png,diamond.png,rect.png,circle.png,[0, 255, 0],[0, 0, 255],90,135,2,3,1,0,nochange_col,z,3,testing
10,l,m,22,noindex,True,694524,695220,z,circle.png,diamond.png,rect.png,triangle.png,[0, 255, 0],[255, 0, 0],0,135,1,0,2,3,nochange_col,z,3,testing
10,l,m,22,noindex,True,699933,700580,z,triangle.png,rect.png,circle.png,diamond.png,[0, 0, 255],[0, 255, 0],0,90,0,3,2,1,nochange_col,z,1,testing
10,l,m,22,noindex,True,705227,705972,z,rect.png,triangle.png,circle.png,diamond.png,[0, 255, 0],[255, 0, 0],135,0,0,2,3,1,nochange_col,z,1,testing
10,l,m,22,noindex,True,710570,711812,/,triangle.png,diamond.png,circle.png,rect.png,[0, 0, 255],[0, 255, 0],0,90,0,1,2,3,change_col,/,1,testing
10,l,m,22,noindex,True,716447,717396,/,rect.png,circle.png,triangle.png,diamond.png,[255, 0, 0],[255, 255, 0],45,90,0,2,3,1,change_col,/,3,testing
10,l,m,22,noindex,True,722141,723044,z,diamond.png,circle.png,rect.png,triangle.png,[255, 255, 0],[255, 0, 0],0,135,1,2,3,0,nochange_col,z,1,testing
10,l,m,22,noindex,True,727618,729028,/,circle.png,rect.png,triangle.png,diamond.png,[0, 255, 0],[255, 255, 0],90,45,3,2,1,0,change_ori,/,2,testing
10,l,m,22,noindex,True,733779,734868,/,triangle.png,diamond.png,circle.png,rect.png,[0, 255, 0],[255, 255, 0],90,45,2,0,1,3,change_col,/,3,testing
10,l,m,22,noindex,True,739624,745476,z,triangle.png,rect.png,circle.png,diamond.png,[0, 0, 255],[255, 0, 0],0,135,2,1,0,3,change_ori,/,2,testing
10,l,m,22,noindex,True,750210,751156,/,circle.png,diamond.png,triangle.png,rect.png,[255, 255, 0],[0, 255, 0],45,0,0,2,1,3,change_col,/,1,testing
10,l,m,22,noindex,True,755753,756948,z,rect.png,circle.png,diamond.png,triangle.png,[255, 255, 0],[0, 0, 255],90,45,2,0,3,1,nochange_col,z,3,testing
10,l,m,22,noindex,True,761664,762708,z,triangle.png,diamond.png,circle.png,rect.png,[0, 255, 0],[0, 0, 255],45,135,1,3,0,2,nochange_ori,z,0,testing
10,l,m,22,noindex,True,767307,768084,/,diamond.png,rect.png,circle.png,triangle.png,[255, 0, 0],[255, 255, 0],135,0,2,0,1,3,change_col,/,3,testing
10,l,m,22,noindex,True,794741,796019,z,rect.png,circle.png,diamond.png,triangle.png,[255, 255, 0],[0, 0, 255],90,0,0,1,3,2,nochange_ori,z,0,testing
10,l,m,22,noindex,True,800769,802803,/,triangle.png,diamond.png,rect.png,circle.png,[255, 255, 0],[0, 255, 0],45,135,2,3,0,1,change_ori,/,0,testing
10,l,m,22,noindex,True,807448,809427,/,triangle.png,circle.png,rect.png,diamond.png,[0, 0, 255],[255, 0, 0],0,45,0,1,3,2,change_ori,/,0,testing
10,l,m,22,noindex,True,814044,815044,/,rect.png,diamond.png,triangle.png,circle.png,[0, 0, 255],[255, 255, 0],135,0,3,2,0,1,change_col,/,3,testing
10,l,m,22,noindex,True,819754,821155,z,diamond.png,circle.png,triangle.png,rect.png,[0, 0, 255],[255, 255, 0],0,45,3,2,1,0,nochange_ori,z,2,testing
10,l,m,22,noindex,True,825748,826659,z,circle.png,diamond.png,triangle.png,rect.png,[0, 0, 255],[255, 255, 0],135,0,2,1,0,3,nochange_col,z,3,testing
10,l,m,22,noindex,True,831259,832628,/,diamond.png,triangle.png,circle.png,rect.png,[0, 255, 0],[255, 255, 0],0,45,1,0,2,3,change_ori,/,0,testing
10,l,m,22,noindex,True,837370,838292,z,triangle.png,diamond.png,circle.png,rect.png,[255, 255, 0],[0, 0, 255],0,90,3,1,2,0,nochange_ori,z,0,testing
10,l,m,22,noindex,True,842980,844788,z,rect.png,circle.png,triangle.png,diamond.png,[0, 0, 255],[255, 255, 0],135,0,2,1,0,3,nochange_ori,z,0,testing
10,l,m,22,noindex,True,849358,850227,z,circle.png,rect.png,triangle.png,diamond.png,[0, 255, 0],[255, 0, 0],135,0,2,0,1,3,nochange_col,z,1,testing
10,l,m,22,noindex,True,854952,856147,z,diamond.png,rect.png,triangle.png,circle.png,[0, 0, 255],[255, 0, 0],45,135,2,1,3,0,nochange_ori,z,0,testing
10,l,m,22,noindex,True,860729,861635,/,triangle.png,diamond.png,circle.png,rect.png,[0, 0, 255],[255, 0, 0],45,135,1,0,3,2,change_ori,/,0,testing
10,l,m,22,noindex,True,866373,867987,z,rect.png,diamond.png,triangle.png,circle.png,[255, 255, 0],[0, 255, 0],135,45,1,3,2,0,nochange_col,z,1,testing
10,l,m,22,noindex,True,872567,874243,/,circle.png,triangle.png,diamond.png,rect.png,[255, 0, 0],[255, 255, 0],135,0,2,0,1,3,change_ori,/,0,testing
10,l,m,22,noindex,True,878862,880403,/,diamond.png,rect.png,triangle.png,circle.png,[0, 0, 255],[255, 0, 0],90,45,0,1,2,3,change_col,/,3,testing
10,l,m,22,noindex,True,884973,886468,/,rect.png,triangle.png,diamond.png,circle.png,[255, 0, 0],[255, 255, 0],90,135,3,2,0,1,change_col,/,3,testing
10,l,m,22,noindex,True,891035,891891,/,circle.png,rect.png,diamond.png,triangle.png,[255, 255, 0],[0, 0, 255],135,0,2,0,3,1,change_col,/,3,testing
10,l,m,22,noindex,True,896645,897876,z,rect.png,diamond.png,triangle.png,circle.png,[0, 255, 0],[255, 0, 0],90,45,3,1,2,0,nochange_col,z,3,testing
10,l,m,22,noindex,True,902606,903683,/,triangle.png,rect.png,circle.png,diamond.png,[255, 0, 0],[0, 255, 0],135,45,2,3,1,0,change_ori,/,2,testing
10,l,m,22,noindex,True,908433,909427,/,triangle.png,diamond.png,circle.png,rect.png,[255, 255, 0],[0, 0, 255],90,0,1,3,2,0,change_ori,/,0,testing
10,l,m,22,noindex,True,914060,916195,/,rect.png,circle.png,diamond.png,triangle.png,[255, 0, 0],[0, 0, 255],90,45,0,1,3,2,change_ori,/,2,testing
10,l,m,22,noindex,True,920840,922500,/,circle.png,rect.png,triangle.png,diamond.png,[255, 0, 0],[0, 255, 0],90,0,3,1,0,2,change_col,/,3,testing
10,l,m,22,noindex,True,927151,928355,z,circle.png,triangle.png,rect.png,diamond.png,[255, 255, 0],[0, 0, 255],0,90,2,3,0,1,nochange_ori,z,2,testing
10,l,m,22,noindex,True,933062,937427,z,triangle.png,rect.png,circle.png,diamond.png,[255, 0, 0],[0, 0, 255],90,135,3,1,0,2,nochange_ori,z,0,testing
10,l,m,22,noindex,True,942095,942915,/,circle.png,triangle.png,diamond.png,rect.png,[255, 0, 0],[0, 0, 255],90,0,0,2,1,3,change_col,/,1,testing
10,l,m,22,noindex,True,947489,949251,z,triangle.png,diamond.png,circle.png,rect.png,[0, 255, 0],[255, 255, 0],135,0,0,1,3,2,nochange_col,z,3,testing
10,l,m,22,noindex,True,953950,955363,z,rect.png,diamond.png,triangle.png,circle.png,[255, 255, 0],[0, 0, 255],135,45,3,0,1,2,nochange_ori,z,2,testing
10,l,m,22,noindex,True,960095,961795,/,rect.png,circle.png,triangle.png,diamond.png,[255, 255, 0],[255, 0, 0],45,90,2,1,3,0,change_ori,/,0,testing
10,l,m,22,noindex,True,966557,967682,z,diamond.png,rect.png,circle.png,triangle.png,[0, 0, 255],[255, 0, 0],135,45,2,3,1,0,nochange_col,z,3,testing
10,l,m,22,noindex,True,972335,973923,z,circle.png,triangle.png,diamond.png,rect.png,[0, 0, 255],[0, 255, 0],135,0,1,3,0,2,nochange_col,z,1,testing
10,l,m,22,noindex,True,978663,980323,/,diamond.png,rect.png,circle.png,triangle.png,[0, 255, 0],[0, 0, 255],45,135,2,1,0,3,change_col,/,3,testing
10,l,m,22,noindex,True,984958,986915,/,rect.png,circle.png,triangle.png,diamond.png,[0, 0, 255],[255, 255, 0],45,90,3,1,2,0,change_ori,/,2,testing
10,l,m,22,noindex,True,991486,992451,/,rect.png,circle.png,triangle.png,diamond.png,[0, 255, 0],[255, 0, 0],90,0,0,2,3,1,change_col,/,3,testing
10,l,m,22,noindex,True,997197,998643,z,circle.png,rect.png,diamond.png,triangle.png,[255, 255, 0],[0, 255, 0],45,0,1,0,3,2,nochange_col,z,1,testing
10,l,m,22,noindex,True,1003258,1004291,/,triangle.png,diamond.png,circle.png,rect.png,[255, 0, 0],[0, 255, 0],135,0,1,0,2,3,change_col,/,3,testing
10,l,m,22,noindex,True,1008868,1009731,z,circle.png,triangle.png,rect.png,diamond.png,[255, 0, 0],[255, 255, 0],45,0,1,2,3,0,nochange_col,z,3,testing
10,l,m,22,noindex,True,1014395,1015266,z,rect.png,triangle.png,circle.png,diamond.png,[255, 0, 0],[0, 0, 255],90,0,2,3,1,0,nochange_ori,z,0,testing
10,l,m,22,noindex,True,1019905,1020899,/,diamond.png,triangle.png,rect.png,circle.png,[255, 255, 0],[0, 0, 255],0,45,2,0,1,3,change_col,/,3,testing
10,l,m,22,noindex,True,1025549,1027331,/,rect.png,circle.png,triangle.png,diamond.png,[0, 0, 255],[0, 255, 0],0,45,3,0,1,2,nochange_col,z,1,testing
10,l,m,22,noindex,True,1031894,1032691,/,circle.png,diamond.png,triangle.png,rect.png,[0, 255, 0],[0, 0, 255],135,45,3,1,0,2,nochange_ori,z,0,testing
10,l,m,22,noindex,True,1037270,1038786,z,circle.png,diamond.png,rect.png,triangle.png,[0, 0, 255],[255, 0, 0],135,90,1,0,3,2,nochange_ori,z,0,testing
10,l,m,22,noindex,True,1043498,1044579,z,triangle.png,circle.png,diamond.png,rect.png,[255, 255, 0],[255, 0, 0],90,0,1,3,2,0,nochange_ori,z,2,testing
10,l,m,22,noindex,True,1049275,1051027,z,circle.png,triangle.png,diamond.png,rect.png,[255, 0, 0],[255, 255, 0],90,45,3,2,1,0,nochange_col,z,3,testing
10,l,m,22,noindex,True,1055788,1059379,/,circle.png,triangle.png,diamond.png,rect.png,[255, 0, 0],[0, 255, 0],90,135,1,0,2,3,change_ori,/,0,testing
10,l,m,22,noindex,True,1063986,1067875,/,triangle.png,circle.png,diamond.png,rect.png,[255, 255, 0],[255, 0, 0],0,90,2,0,3,1,change_ori,/,2,testing
10,l,m,22,noindex,True,1072552,1073810,z,rect.png,diamond.png,triangle.png,circle.png,[255, 0, 0],[0, 0, 255],135,90,2,1,0,3,nochange_ori,z,0,testing
10,l,m,22,noindex,True,1078496,1079171,z,rect.png,circle.png,diamond.png,triangle.png,[255, 255, 0],[0, 255, 0],0,90,1,0,3,2,nochange_col,z,1,testing
10,l,m,22,noindex,True,1083839,1084658,z,rect.png,diamond.png,circle.png,triangle.png,[0, 255, 0],[0, 0, 255],90,45,0,3,1,2,nochange_col,z,3,testing
10,l,m,22,noindex,True,1089432,1092722,/,circle.png,diamond.png,rect.png,triangle.png,[0, 0, 255],[0, 255, 0],0,135,3,2,0,1,change_ori,/,0,testing
10,l,m,22,noindex,True,1097298,1098467,z,triangle.png,rect.png,circle.png,diamond.png,[0, 255, 0],[255, 255, 0],90,0,1,0,3,2,nochange_ori,z,2,testing
10,l,m,22,noindex,True,1103141,1104322,/,circle.png,rect.png,diamond.png,triangle.png,[0, 0, 255],[255, 0, 0],135,0,1,2,3,0,change_ori,/,2,testing
10,l,m,22,noindex,True,1108969,1112243,/,circle.png,triangle.png,diamond.png,rect.png,[255, 0, 0],[0, 255, 0],90,135,2,3,1,0,change_ori,/,2,testing
10,l,m,22,noindex,True,1116933,1117843,/,circle.png,rect.png,diamond.png,triangle.png,[0, 0, 255],[0, 255, 0],45,135,0,1,2,3,change_col,/,1,testing
10,l,m,22,noindex,True,1122493,1123154,z,triangle.png,rect.png,circle.png,diamond.png,[255, 0, 0],[0, 255, 0],45,90,1,0,2,3,nochange_col,z,1,testing
10,l,m,22,noindex,True,1127736,1129138,/,rect.png,circle.png,diamond.png,triangle.png,[0, 0, 255],[255, 0, 0],135,90,0,3,1,2,change_col,/,1,testing
10,l,m,22,noindex,True,1133831,1135091,/,circle.png,triangle.png,diamond.png,rect.png,[0, 0, 255],[255, 255, 0],90,45,3,1,2,0,change_col,/,3,testing
10,l,m,22,noindex,True,1139759,1141234,/,diamond.png,rect.png,circle.png,triangle.png,[255, 255, 0],[0, 0, 255],45,0,3,0,1,2,change_ori,/,2,testing
10,l,m,22,noindex,True,1145802,1146450,z,rect.png,triangle.png,circle.png,diamond.png,[0, 0, 255],[0, 255, 0],135,0,0,2,1,3,nochange_col,z,1,testing
10,l,m,22,noindex,True,1151096,1151906,/,circle.png,rect.png,triangle.png,diamond.png,[255, 0, 0],[255, 255, 0],90,135,1,0,2,3,change_col,/,3,testing
10,l,m,22,noindex,True,1156639,1158338,/,diamond.png,circle.png,rect.png,triangle.png,[255, 0, 0],[0, 0, 255],135,90,0,3,2,1,change_ori,/,0,testing
10,l,m,22,noindex,True,1162984,1163681,/,circle.png,diamond.png,triangle.png,rect.png,[255, 255, 0],[255, 0, 0],0,90,0,3,2,1,change_col,/,3,testing
10,l,m,22,noindex,True,1168311,1169138,/,diamond.png,circle.png,rect.png,triangle.png,[0, 255, 0],[255, 255, 0],90,0,3,1,2,0,change_col,/,3,testing
10,l,m,22,noindex,True,1173904,1174770,/,rect.png,circle.png,diamond.png,triangle.png,[255, 0, 0],[0, 255, 0],90,45,2,1,0,3,change_col,/,1,testing
10,l,m,22,noindex,True,1179347,1180114,/,rect.png,circle.png,diamond.png,triangle.png,[255, 0, 0],[0, 0, 255],45,0,0,3,1,2,change_col,/,1,testing
10,l,m,22,noindex,True,1184724,1185843,/,triangle.png,diamond.png,rect.png,circle.png,[0, 255, 0],[255, 255, 0],45,0,0,2,3,1,change_ori,/,2,testing
10,l,m,22,noindex,True,1190552,1191234,z,circle.png,triangle.png,diamond.png,rect.png,[255, 255, 0],[255, 0, 0],90,0,3,0,1,2,nochange_col,z,1,testing
10,l,m,22,noindex,True,1195844,1196978,/,triangle.png,rect.png,circle.png,diamond.png,[0, 0, 255],[255, 255, 0],0,90,1,3,0,2,change_ori,/,2,testing
10,l,m,22,noindex,True,1201739,1202802,z,circle.png,diamond.png,triangle.png,rect.png,[0, 255, 0],[255, 0, 0],90,0,3,1,2,0,nochange_ori,z,0,testing
10,l,m,22,noindex,True,1207432,1209843,/,triangle.png,rect.png,diamond.png,circle.png,[0, 255, 0],[255, 0, 0],45,0,1,2,3,0,nochange_ori,z,2,testing
10,l,m,22,noindex,True,1214496,1216242,z,rect.png,triangle.png,circle.png,diamond.png,[0, 255, 0],[255, 255, 0],90,0,0,3,2,1,nochange_ori,z,0,testing
10,l,m,22,noindex,True,1220941,1222402,/,circle.png,diamond.png,rect.png,triangle.png,[255, 0, 0],[255, 255, 0],135,0,3,0,1,2,nochange_ori,z,0,testing
10,l,m,22,noindex,True,1227135,1228674,/,diamond.png,circle.png,rect.png,triangle.png,[255, 0, 0],[0, 255, 0],45,0,3,2,0,1,change_ori,/,2,testing
10,l,m,22,noindex,True,1233381,1235362,z,diamond.png,triangle.png,circle.png,rect.png,[0, 0, 255],[255, 0, 0],0,90,3,0,1,2,nochange_ori,z,0,testing
10,l,m,22,noindex,True,1239976,1240946,z,triangle.png,circle.png,rect.png,diamond.png,[0, 255, 0],[255, 0, 0],90,0,2,0,1,3,nochange_col,z,3,testing
10,l,m,22,noindex,True,1245620,1246290,z,diamond.png,circle.png,rect.png,triangle.png,[0, 0, 255],[255, 255, 0],0,90,2,0,1,3,nochange_col,z,3,testing
10,l,m,22,noindex,True,1251047,1251889,z,circle.png,rect.png,triangle.png,diamond.png,[0, 255, 0],[255, 255, 0],0,135,0,2,3,1,nochange_col,z,1,testing
10,l,m,22,noindex,True,1256573,1257650,z,circle.png,triangle.png,diamond.png,rect.png,[0, 255, 0],[255, 255, 0],45,135,0,1,2,3,nochange_ori,z,2,testing
10,l,m,22,noindex,True,1262284,1263314,/,rect.png,circle.png,triangle.png,diamond.png,[0, 255, 0],[255, 0, 0],135,45,0,2,1,3,change_col,/,1,testing
10,l,m,22,noindex,True,1267927,1268770,/,rect.png,diamond.png,circle.png,triangle.png,[0, 255, 0],[255, 255, 0],45,90,0,3,1,2,change_col,/,3,testing
10,l,m,22,noindex,True,1273371,1275282,z,diamond.png,rect.png,circle.png,triangle.png,[0, 255, 0],[255, 0, 0],0,90,3,1,0,2,nochange_col,z,1,testing
