subj,name,gender,age,cond,P_resp,P_startTime,P_respTime,P_gotKey,shape1,shape2,shape3,shape4,color1,color2,color3,color4ori1,ori2,ori3,ori4ord_1,ord_2,ord_3,ord_4,task,correct_key,no_change,mode
11,czl,f,22,noindex,True,121351,122422,/,triangle.png,rect.png,diamond.png,circle.png,[255, 255, 0],[0, 0, 255],135,90,2,3,1,0,change_col,/,3,practice
11,czl,f,22,noindex,True,127194,128470,/,diamond.png,triangle.png,circle.png,rect.png,[255, 0, 0],[255, 255, 0],45,135,3,2,0,1,change_ori,/,2,practice
11,czl,f,22,noindex,True,133089,133846,/,circle.png,triangle.png,rect.png,diamond.png,[255, 255, 0],[255, 0, 0],45,135,1,2,3,0,change_col,/,1,practice
11,czl,f,22,noindex,True,138532,139574,/,diamond.png,rect.png,triangle.png,circle.png,[255, 255, 0],[0, 255, 0],45,135,1,0,3,2,change_ori,/,2,practice
11,czl,f,22,noindex,True,144326,145494,/,circle.png,rect.png,diamond.png,triangle.png,[0, 0, 255],[0, 255, 0],90,45,3,2,1,0,change_col,/,3,practice
11,czl,f,22,noindex,True,150203,151670,z,diamond.png,circle.png,triangle.png,rect.png,[255, 0, 0],[0, 255, 0],135,0,0,2,1,3,nochange_col,z,3,practice
11,czl,f,22,noindex,True,156331,157206,/,diamond.png,circle.png,rect.png,triangle.png,[0, 255, 0],[255, 0, 0],135,0,3,1,2,0,change_col,/,3,practice
11,czl,f,22,noindex,True,161842,162774,z,circle.png,rect.png,triangle.png,diamond.png,[0, 0, 255],[0, 255, 0],90,0,2,3,0,1,nochange_ori,z,2,practice
11,czl,f,22,noindex,True,167469,168567,z,diamond.png,circle.png,triangle.png,rect.png,[255, 255, 0],[0, 0, 255],0,90,2,0,1,3,nochange_ori,z,0,practice
11,czl,f,22,noindex,True,173180,174405,/,rect.png,triangle.png,diamond.png,circle.png,[0, 0, 255],[255, 0, 0],45,135,1,2,0,3,nochange_ori,z,2,practice
11,czl,f,22,noindex,True,178990,180678,/,diamond.png,circle.png,triangle.png,rect.png,[255, 255, 0],[0, 255, 0],135,90,3,0,2,1,nochange_col,z,1,practice
11,czl,f,22,noindex,True,185401,186246,/,rect.png,diamond.png,circle.png,triangle.png,[255, 255, 0],[0, 255, 0],0,90,2,0,1,3,change_ori,/,0,practice
11,czl,f,22,noindex,True,190861,192038,/,diamond.png,triangle.png,circle.png,rect.png,[255, 0, 0],[255, 255, 0],135,0,1,2,0,3,change_ori,/,2,practice
11,czl,f,22,noindex,True,196756,197894,z,rect.png,circle.png,triangle.png,diamond.png,[0, 0, 255],[255, 255, 0],135,90,0,2,1,3,nochange_col,z,3,practice
11,czl,f,22,noindex,True,202634,203750,z,rect.png,circle.png,triangle.png,diamond.png,[0, 255, 0],[255, 255, 0],90,0,1,2,0,3,nochange_col,z,3,practice
11,czl,f,22,noindex,True,208511,209206,/,diamond.png,circle.png,triangle.png,rect.png,[255, 255, 0],[0, 0, 255],0,135,2,3,1,0,change_ori,/,2,practice
11,czl,f,22,noindex,True,213837,214454,/,triangle.png,circle.png,diamond.png,rect.png,[255, 255, 0],[0, 0, 255],135,0,0,1,3,2,change_col,/,3,practice
11,czl,f,22,noindex,True,219097,220838,z,triangle.png,circle.png,rect.png,diamond.png,[0, 255, 0],[255, 255, 0],90,45,0,3,1,2,nochange_col,z,3,practice
11,czl,f,22,noindex,True,225559,226982,/,circle.png,diamond.png,triangle.png,rect.png,[0, 0, 255],[255, 255, 0],90,45,0,1,3,2,nochange_ori,z,0,practice
11,czl,f,22,noindex,True,231553,232662,z,rect.png,triangle.png,circle.png,diamond.png,[0, 0, 255],[0, 255, 0],0,135,0,2,3,1,nochange_ori,z,0,practice
11,czl,f,22,noindex,True,263228,264213,z,diamond.png,circle.png,rect.png,triangle.png,[255, 255, 0],[255, 0, 0],0,45,1,0,2,3,nochange_ori,z,0,testing
11,czl,f,22,noindex,True,268922,270246,z,triangle.png,diamond.png,circle.png,rect.png,[0, 255, 0],[255, 255, 0],90,45,3,2,1,0,nochange_ori,z,0,testing
11,czl,f,22,noindex,True,274983,276214,z,circle.png,rect.png,diamond.png,triangle.png,[0, 0, 255],[255, 255, 0],45,135,3,1,2,0,nochange_col,z,1,testing
11,czl,f,22,noindex,True,280977,282949,/,rect.png,triangle.png,diamond.png,circle.png,[0, 255, 0],[255, 255, 0],135,90,0,3,2,1,change_ori,/,2,testing
11,czl,f,22,noindex,True,287589,288453,z,triangle.png,rect.png,diamond.png,circle.png,[255, 255, 0],[0, 0, 255],135,0,0,3,1,2,nochange_ori,z,2,testing
11,czl,f,22,noindex,True,293199,294390,/,triangle.png,circle.png,rect.png,diamond.png,[0, 255, 0],[0, 0, 255],45,135,2,1,0,3,change_ori,/,2,testing
11,czl,f,22,noindex,True,299044,300325,z,circle.png,rect.png,triangle.png,diamond.png,[255, 0, 0],[255, 255, 0],45,90,0,1,3,2,nochange_col,z,1,testing
11,czl,f,22,noindex,True,304921,306358,/,rect.png,circle.png,triangle.png,diamond.png,[0, 0, 255],[0, 255, 0],45,135,3,0,1,2,change_col,/,3,testing
11,czl,f,22,noindex,True,310983,313046,z,diamond.png,circle.png,triangle.png,rect.png,[0, 0, 255],[255, 255, 0],45,90,2,0,1,3,nochange_ori,z,0,testing
11,czl,f,22,noindex,True,317628,318774,z,circle.png,diamond.png,rect.png,triangle.png,[0, 255, 0],[255, 255, 0],45,135,0,3,1,2,nochange_col,z,1,testing
11,czl,f,22,noindex,True,323472,324709,z,triangle.png,rect.png,circle.png,diamond.png,[0, 255, 0],[255, 0, 0],0,135,0,3,2,1,nochange_ori,z,2,testing
11,czl,f,22,noindex,True,329350,330342,/,circle.png,rect.png,triangle.png,diamond.png,[255, 255, 0],[0, 255, 0],45,0,1,2,0,3,change_ori,/,2,testing
11,czl,f,22,noindex,True,335076,336774,z,circle.png,rect.png,diamond.png,triangle.png,[0, 0, 255],[255, 255, 0],135,90,3,1,0,2,nochange_ori,z,2,testing
11,czl,f,22,noindex,True,341421,343526,/,triangle.png,circle.png,diamond.png,rect.png,[255, 0, 0],[0, 0, 255],135,45,0,1,3,2,change_col,/,3,testing
11,czl,f,22,noindex,True,348268,349734,/,circle.png,rect.png,triangle.png,diamond.png,[0, 0, 255],[255, 255, 0],0,90,2,3,1,0,change_ori,/,2,testing
11,czl,f,22,noindex,True,354328,355653,z,rect.png,diamond.png,triangle.png,circle.png,[0, 0, 255],[255, 255, 0],90,0,1,0,2,3,nochange_col,z,1,testing
11,czl,f,22,noindex,True,360390,361526,z,diamond.png,circle.png,triangle.png,rect.png,[255, 255, 0],[0, 0, 255],0,90,2,0,3,1,nochange_ori,z,0,testing
11,czl,f,22,noindex,True,366100,367350,/,diamond.png,circle.png,rect.png,triangle.png,[0, 0, 255],[255, 0, 0],90,45,1,3,2,0,change_col,/,3,testing
11,czl,f,22,noindex,True,372061,373029,z,diamond.png,circle.png,triangle.png,rect.png,[0, 0, 255],[0, 255, 0],135,0,2,3,0,1,change_ori,/,0,testing
11,czl,f,22,noindex,True,377788,380358,z,diamond.png,circle.png,triangle.png,rect.png,[0, 0, 255],[255, 255, 0],90,45,1,0,2,3,nochange_ori,z,2,testing
11,czl,f,22,noindex,True,385085,388230,z,rect.png,diamond.png,triangle.png,circle.png,[0, 0, 255],[0, 255, 0],90,45,3,2,1,0,nochange_col,z,1,testing
11,czl,f,22,noindex,True,392949,394229,z,triangle.png,diamond.png,circle.png,rect.png,[255, 255, 0],[0, 255, 0],0,135,2,3,0,1,nochange_ori,z,0,testing
11,czl,f,22,noindex,True,398943,400150,z,circle.png,rect.png,triangle.png,diamond.png,[255, 255, 0],[255, 0, 0],0,45,2,3,0,1,nochange_col,z,1,testing
11,czl,f,22,noindex,True,404888,408357,/,circle.png,triangle.png,diamond.png,rect.png,[0, 255, 0],[0, 0, 255],135,45,0,1,3,2,change_ori,/,0,testing
11,czl,f,22,noindex,True,412970,414965,/,triangle.png,circle.png,rect.png,diamond.png,[255, 255, 0],[0, 255, 0],135,0,0,1,3,2,change_col,/,3,testing
11,czl,f,22,noindex,True,419682,420773,z,diamond.png,rect.png,circle.png,triangle.png,[255, 255, 0],[0, 255, 0],135,45,2,1,0,3,nochange_col,z,3,testing
11,czl,f,22,noindex,True,425342,426309,/,triangle.png,circle.png,rect.png,diamond.png,[0, 255, 0],[0, 0, 255],135,90,1,3,0,2,change_col,/,3,testing
11,czl,f,22,noindex,True,430919,432181,/,rect.png,triangle.png,diamond.png,circle.png,[255, 255, 0],[0, 0, 255],45,0,3,1,2,0,change_ori,/,2,testing
11,czl,f,22,noindex,True,436863,438133,z,triangle.png,circle.png,diamond.png,rect.png,[0, 0, 255],[255, 255, 0],90,0,2,1,0,3,nochange_ori,z,0,testing
11,czl,f,22,noindex,True,442892,444820,/,rect.png,triangle.png,circle.png,diamond.png,[0, 255, 0],[255, 255, 0],45,90,0,3,1,2,change_col,/,1,testing
11,czl,f,22,noindex,True,449403,450565,z,circle.png,diamond.png,rect.png,triangle.png,[255, 0, 0],[0, 255, 0],135,90,1,0,3,2,nochange_ori,z,2,testing
11,czl,f,22,noindex,True,455130,455941,z,rect.png,triangle.png,diamond.png,circle.png,[0, 0, 255],[255, 0, 0],45,135,3,1,2,0,nochange_col,z,3,testing
11,czl,f,22,noindex,True,460557,461477,/,rect.png,triangle.png,circle.png,diamond.png,[0, 0, 255],[255, 0, 0],135,45,1,0,3,2,change_ori,/,2,testing
11,czl,f,22,noindex,True,466251,467701,/,rect.png,circle.png,triangle.png,diamond.png,[0, 0, 255],[0, 255, 0],135,0,3,0,1,2,change_col,/,3,testing
11,czl,f,22,noindex,True,472295,473301,/,circle.png,rect.png,diamond.png,triangle.png,[0, 255, 0],[255, 255, 0],90,45,0,2,3,1,change_col,/,3,testing
11,czl,f,22,noindex,True,477988,479156,z,triangle.png,diamond.png,circle.png,rect.png,[255, 255, 0],[0, 255, 0],135,45,1,3,0,2,nochange_ori,z,2,testing
11,czl,f,22,noindex,True,483749,484837,z,rect.png,diamond.png,circle.png,triangle.png,[0, 0, 255],[0, 255, 0],0,135,2,1,3,0,nochange_col,z,3,testing
11,czl,f,22,noindex,True,489477,491780,/,circle.png,rect.png,triangle.png,diamond.png,[255, 255, 0],[0, 255, 0],45,90,2,3,1,0,change_ori,/,0,testing
11,czl,f,22,noindex,True,496473,497492,/,triangle.png,rect.png,diamond.png,circle.png,[0, 255, 0],[255, 0, 0],0,90,3,2,0,1,change_col,/,1,testing
11,czl,f,22,noindex,True,502250,503028,/,diamond.png,circle.png,triangle.png,rect.png,[0, 0, 255],[0, 255, 0],90,0,2,0,3,1,change_col,/,3,testing
11,czl,f,22,noindex,True,507776,508485,/,diamond.png,circle.png,triangle.png,rect.png,[255, 255, 0],[0, 0, 255],0,45,0,2,1,3,change_col,/,1,testing
11,czl,f,22,noindex,True,513170,519093,z,rect.png,diamond.png,circle.png,triangle.png,[255, 255, 0],[255, 0, 0],45,0,1,2,0,3,nochange_ori,z,2,testing
11,czl,f,22,noindex,True,523739,524597,z,triangle.png,circle.png,rect.png,diamond.png,[255, 0, 0],[255, 255, 0],135,0,3,2,1,0,nochange_col,z,3,testing
11,czl,f,22,noindex,True,529199,532660,z,rect.png,circle.png,triangle.png,diamond.png,[255, 255, 0],[255, 0, 0],45,0,0,1,2,3,nochange_col,z,1,testing
11,czl,f,22,noindex,True,537331,538004,/,diamond.png,rect.png,triangle.png,circle.png,[0, 255, 0],[255, 0, 0],90,135,1,3,2,0,change_col,/,1,testing
11,czl,f,22,noindex,True,542591,543668,z,triangle.png,circle.png,rect.png,diamond.png,[255, 0, 0],[0, 0, 255],90,45,3,0,1,2,nochange_col,z,3,testing
11,czl,f,22,noindex,True,548418,548981,/,rect.png,triangle.png,circle.png,diamond.png,[0, 0, 255],[255, 255, 0],45,135,0,1,3,2,change_col,/,1,testing
11,czl,f,22,noindex,True,553728,554740,z,rect.png,triangle.png,circle.png,diamond.png,[0, 255, 0],[255, 0, 0],45,135,1,0,2,3,nochange_col,z,3,testing
11,czl,f,22,noindex,True,559355,560212,/,triangle.png,circle.png,diamond.png,rect.png,[255, 255, 0],[0, 0, 255],0,135,1,0,3,2,change_col,/,1,testing
11,czl,f,22,noindex,True,564948,565780,z,triangle.png,circle.png,rect.png,diamond.png,[255, 255, 0],[0, 255, 0],0,45,3,1,2,0,nochange_col,z,1,testing
11,czl,f,22,noindex,True,570359,571252,/,rect.png,circle.png,triangle.png,diamond.png,[0, 255, 0],[255, 0, 0],45,0,1,0,3,2,change_ori,/,2,testing
11,czl,f,22,noindex,True,575969,577252,z,rect.png,circle.png,diamond.png,triangle.png,[0, 255, 0],[255, 0, 0],0,45,3,2,1,0,nochange_ori,z,0,testing
11,czl,f,22,noindex,True,581913,583140,/,diamond.png,circle.png,triangle.png,rect.png,[0, 255, 0],[255, 255, 0],45,90,3,1,2,0,change_col,/,1,testing
11,czl,f,22,noindex,True,587707,588916,z,diamond.png,rect.png,circle.png,triangle.png,[255, 255, 0],[0, 0, 255],135,0,1,3,0,2,nochange_ori,z,2,testing
11,czl,f,22,noindex,True,593635,595028,z,circle.png,rect.png,diamond.png,triangle.png,[255, 255, 0],[0, 0, 255],0,45,1,2,0,3,nochange_ori,z,2,testing
11,czl,f,22,noindex,True,599745,600565,/,circle.png,diamond.png,triangle.png,rect.png,[255, 255, 0],[255, 0, 0],45,135,1,0,2,3,change_ori,/,2,testing
11,czl,f,22,noindex,True,605172,606884,z,diamond.png,circle.png,triangle.png,rect.png,[255, 0, 0],[255, 255, 0],45,135,2,0,1,3,nochange_ori,z,0,testing
11,czl,f,22,noindex,True,611467,612388,/,circle.png,diamond.png,triangle.png,rect.png,[0, 255, 0],[255, 0, 0],135,0,0,2,3,1,change_ori,/,0,testing
11,czl,f,22,noindex,True,617044,618004,/,circle.png,rect.png,triangle.png,diamond.png,[255, 255, 0],[0, 0, 255],90,45,0,2,3,1,change_col,/,3,testing
11,czl,f,22,noindex,True,622605,624836,/,diamond.png,triangle.png,rect.png,circle.png,[0, 0, 255],[0, 255, 0],45,0,0,1,3,2,change_ori,/,2,testing
11,czl,f,22,noindex,True,629434,632485,/,diamond.png,circle.png,triangle.png,rect.png,[255, 255, 0],[255, 0, 0],90,45,3,2,0,1,nochange_col,z,1,testing
11,czl,f,22,noindex,True,637065,638212,z,circle.png,rect.png,diamond.png,triangle.png,[0, 0, 255],[255, 0, 0],135,90,3,0,2,1,nochange_ori,z,0,testing
11,czl,f,22,noindex,True,642942,643844,z,diamond.png,circle.png,rect.png,triangle.png,[255, 255, 0],[0, 0, 255],0,90,3,2,1,0,nochange_ori,z,0,testing
11,czl,f,22,noindex,True,648485,650292,/,diamond.png,circle.png,rect.png,triangle.png,[0, 255, 0],[255, 0, 0],0,135,3,0,1,2,change_ori,/,2,testing
11,czl,f,22,noindex,True,654913,655524,/,circle.png,triangle.png,rect.png,diamond.png,[0, 255, 0],[255, 0, 0],0,45,2,0,3,1,change_col,/,3,testing
11,czl,f,22,noindex,True,660107,661492,/,diamond.png,triangle.png,circle.png,rect.png,[255, 255, 0],[255, 0, 0],90,0,1,2,3,0,change_col,/,1,testing
11,czl,f,22,noindex,True,666235,667332,z,diamond.png,triangle.png,rect.png,circle.png,[0, 0, 255],[255, 0, 0],45,135,3,2,1,0,nochange_col,z,1,testing
11,czl,f,22,noindex,True,671979,672916,/,triangle.png,rect.png,diamond.png,circle.png,[255, 0, 0],[0, 255, 0],45,135,1,0,2,3,change_ori,/,2,testing
11,czl,f,22,noindex,True,677672,679556,z,diamond.png,rect.png,triangle.png,circle.png,[0, 0, 255],[255, 255, 0],90,45,3,1,0,2,nochange_col,z,3,testing
11,czl,f,22,noindex,True,684185,685508,z,circle.png,triangle.png,diamond.png,rect.png,[0, 255, 0],[255, 255, 0],90,0,3,1,0,2,nochange_ori,z,2,testing
11,czl,f,22,noindex,True,690095,693140,/,rect.png,diamond.png,triangle.png,circle.png,[255, 255, 0],[255, 0, 0],0,135,0,2,3,1,change_ori,/,2,testing
11,czl,f,22,noindex,True,697726,698516,z,circle.png,triangle.png,diamond.png,rect.png,[0, 0, 255],[255, 0, 0],90,45,3,2,1,0,nochange_col,z,3,testing
11,czl,f,22,noindex,True,703136,704100,/,rect.png,triangle.png,diamond.png,circle.png,[0, 255, 0],[255, 255, 0],135,45,3,0,1,2,change_col,/,1,testing
11,czl,f,22,noindex,True,708763,710387,/,diamond.png,triangle.png,circle.png,rect.png,[0, 0, 255],[255, 0, 0],0,45,3,0,1,2,change_ori,/,2,testing
11,czl,f,22,noindex,True,715024,715684,/,circle.png,rect.png,triangle.png,diamond.png,[255, 0, 0],[0, 255, 0],135,0,3,2,0,1,change_col,/,3,testing
11,czl,f,22,noindex,True,720384,722276,/,triangle.png,rect.png,circle.png,diamond.png,[255, 0, 0],[0, 255, 0],0,45,0,1,3,2,change_ori,/,0,testing
11,czl,f,22,noindex,True,726996,730132,/,diamond.png,circle.png,triangle.png,rect.png,[0, 255, 0],[255, 0, 0],90,135,2,0,1,3,change_ori,/,2,testing
11,czl,f,22,noindex,True,734894,735812,z,rect.png,circle.png,diamond.png,triangle.png,[0, 0, 255],[255, 255, 0],90,135,1,3,0,2,nochange_col,z,3,testing
11,czl,f,22,noindex,True,740438,741411,z,triangle.png,rect.png,circle.png,diamond.png,[255, 0, 0],[0, 255, 0],90,135,0,2,1,3,nochange_col,z,1,testing
11,czl,f,22,noindex,True,746081,746787,/,triangle.png,rect.png,circle.png,diamond.png,[0, 0, 255],[255, 255, 0],135,90,2,3,0,1,change_ori,/,0,testing
11,czl,f,22,noindex,True,776904,777827,z,circle.png,rect.png,diamond.png,triangle.png,[255, 255, 0],[0, 255, 0],0,135,1,3,2,0,nochange_col,z,3,testing
11,czl,f,22,noindex,True,782431,783347,z,diamond.png,circle.png,triangle.png,rect.png,[0, 0, 255],[255, 255, 0],0,45,0,1,3,2,nochange_ori,z,0,testing
11,czl,f,22,noindex,True,788058,789027,z,rect.png,circle.png,triangle.png,diamond.png,[0, 0, 255],[255, 0, 0],135,45,2,3,0,1,nochange_ori,z,2,testing
11,czl,f,22,noindex,True,793685,794579,/,triangle.png,diamond.png,circle.png,rect.png,[0, 255, 0],[255, 255, 0],135,90,1,3,2,0,change_ori,/,2,testing
11,czl,f,22,noindex,True,799195,800211,z,triangle.png,circle.png,diamond.png,rect.png,[255, 255, 0],[255, 0, 0],45,0,1,2,3,0,nochange_col,z,3,testing
11,czl,f,22,noindex,True,804956,806099,z,circle.png,rect.png,triangle.png,diamond.png,[0, 255, 0],[255, 255, 0],45,90,3,0,2,1,nochange_ori,z,0,testing
11,czl,f,22,noindex,True,810817,811539,/,triangle.png,rect.png,diamond.png,circle.png,[0, 0, 255],[255, 255, 0],135,45,0,1,2,3,change_col,/,3,testing
11,czl,f,22,noindex,True,816193,818083,z,rect.png,diamond.png,triangle.png,circle.png,[255, 0, 0],[0, 255, 0],45,90,0,3,1,2,nochange_ori,z,2,testing
11,czl,f,22,noindex,True,822705,823763,z,rect.png,triangle.png,circle.png,diamond.png,[255, 0, 0],[255, 255, 0],135,0,2,3,1,0,nochange_ori,z,0,testing
11,czl,f,22,noindex,True,828382,829491,/,triangle.png,circle.png,rect.png,diamond.png,[255, 255, 0],[0, 0, 255],135,90,1,2,0,3,nochange_ori,z,2,testing
11,czl,f,22,noindex,True,834193,836819,z,circle.png,diamond.png,triangle.png,rect.png,[255, 255, 0],[0, 255, 0],90,45,1,2,3,0,nochange_ori,z,2,testing
11,czl,f,22,noindex,True,841590,842627,/,triangle.png,rect.png,circle.png,diamond.png,[255, 255, 0],[0, 255, 0],0,135,1,0,3,2,change_ori,/,2,testing
11,czl,f,22,noindex,True,847267,848467,z,rect.png,triangle.png,circle.png,diamond.png,[255, 0, 0],[0, 255, 0],45,135,2,0,3,1,nochange_col,z,3,testing
11,czl,f,22,noindex,True,853194,856243,/,rect.png,triangle.png,diamond.png,circle.png,[255, 0, 0],[255, 255, 0],90,135,3,1,0,2,change_ori,/,2,testing
11,czl,f,22,noindex,True,860908,861715,/,circle.png,triangle.png,rect.png,diamond.png,[255, 255, 0],[0, 255, 0],135,0,2,1,0,3,change_ori,/,2,testing
11,czl,f,22,noindex,True,866302,868099,z,diamond.png,rect.png,circle.png,triangle.png,[255, 0, 0],[255, 255, 0],0,90,0,2,1,3,nochange_ori,z,0,testing
11,czl,f,22,noindex,True,872830,874387,z,rect.png,diamond.png,triangle.png,circle.png,[0, 0, 255],[255, 0, 0],90,45,2,0,1,3,nochange_ori,z,2,testing
11,czl,f,22,noindex,True,879109,879731,z,diamond.png,rect.png,triangle.png,circle.png,[0, 0, 255],[0, 255, 0],0,45,3,1,0,2,nochange_col,z,3,testing
11,czl,f,22,noindex,True,884418,885523,z,circle.png,triangle.png,diamond.png,rect.png,[255, 0, 0],[0, 255, 0],90,0,2,0,1,3,nochange_col,z,3,testing
11,czl,f,22,noindex,True,890213,892147,z,circle.png,rect.png,diamond.png,triangle.png,[255, 255, 0],[255, 0, 0],90,135,0,3,1,2,nochange_ori,z,0,testing
11,czl,f,22,noindex,True,896741,898131,/,diamond.png,triangle.png,circle.png,rect.png,[0, 255, 0],[255, 0, 0],135,0,2,3,1,0,change_col,/,1,testing
11,czl,f,22,noindex,True,902835,903555,/,circle.png,diamond.png,rect.png,triangle.png,[0, 0, 255],[255, 0, 0],0,45,0,3,2,1,change_col,/,3,testing
11,czl,f,22,noindex,True,908295,909347,/,rect.png,diamond.png,triangle.png,circle.png,[255, 255, 0],[0, 255, 0],0,45,2,1,0,3,change_col,/,3,testing
11,czl,f,22,noindex,True,914123,915282,z,rect.png,triangle.png,diamond.png,circle.png,[255, 0, 0],[255, 255, 0],0,135,0,3,1,2,nochange_col,z,3,testing
11,czl,f,22,noindex,True,920033,920803,z,diamond.png,triangle.png,rect.png,circle.png,[0, 0, 255],[0, 255, 0],135,45,1,0,2,3,nochange_col,z,1,testing
11,czl,f,22,noindex,True,925394,926227,/,diamond.png,triangle.png,circle.png,rect.png,[0, 0, 255],[0, 255, 0],45,0,0,3,1,2,change_ori,/,0,testing
11,czl,f,22,noindex,True,930837,933459,/,diamond.png,triangle.png,rect.png,circle.png,[255, 0, 0],[0, 0, 255],90,135,1,2,3,0,nochange_ori,z,2,testing
11,czl,f,22,noindex,True,938167,938851,z,diamond.png,triangle.png,rect.png,circle.png,[0, 0, 255],[255, 0, 0],135,90,3,0,1,2,nochange_col,z,1,testing
11,czl,f,22,noindex,True,943610,944723,/,rect.png,diamond.png,triangle.png,circle.png,[255, 255, 0],[0, 0, 255],45,90,0,1,2,3,change_ori,/,2,testing
11,czl,f,22,noindex,True,949472,951555,/,diamond.png,triangle.png,rect.png,circle.png,[0, 255, 0],[255, 255, 0],0,135,1,3,0,2,change_ori,/,0,testing
11,czl,f,22,noindex,True,956151,957154,z,circle.png,diamond.png,triangle.png,rect.png,[255, 0, 0],[0, 255, 0],0,45,0,2,1,3,nochange_col,z,3,testing
11,czl,f,22,noindex,True,961811,962738,/,triangle.png,diamond.png,rect.png,circle.png,[0, 0, 255],[0, 255, 0],0,45,1,0,2,3,change_col,/,3,testing
11,czl,f,22,noindex,True,967471,968563,/,diamond.png,circle.png,rect.png,triangle.png,[255, 0, 0],[0, 255, 0],45,0,2,1,0,3,change_ori,/,0,testing
11,czl,f,22,noindex,True,973182,974386,z,triangle.png,diamond.png,circle.png,rect.png,[255, 255, 0],[0, 0, 255],0,45,3,2,0,1,nochange_col,z,1,testing
11,czl,f,22,noindex,True,979059,980098,/,rect.png,triangle.png,circle.png,diamond.png,[255, 0, 0],[255, 255, 0],135,45,3,0,2,1,change_ori,/,0,testing
11,czl,f,22,noindex,True,984853,985874,/,triangle.png,rect.png,diamond.png,circle.png,[0, 255, 0],[0, 0, 255],0,45,3,1,2,0,nochange_col,z,3,testing
11,czl,f,22,noindex,True,990580,992690,z,rect.png,circle.png,triangle.png,diamond.png,[0, 0, 255],[255, 0, 0],90,135,0,2,1,3,change_ori,/,2,testing
11,czl,f,22,noindex,True,997359,999523,z,rect.png,triangle.png,diamond.png,circle.png,[0, 255, 0],[255, 255, 0],135,45,0,3,2,1,nochange_ori,z,2,testing
11,czl,f,22,noindex,True,1004105,1005074,z,rect.png,circle.png,triangle.png,diamond.png,[0, 0, 255],[255, 0, 0],90,0,3,0,1,2,nochange_col,z,1,testing
11,czl,f,22,noindex,True,1009682,1010563,/,rect.png,triangle.png,diamond.png,circle.png,[0, 0, 255],[0, 255, 0],135,0,1,2,3,0,change_col,/,1,testing
11,czl,f,22,noindex,True,1015309,1016306,z,circle.png,rect.png,diamond.png,triangle.png,[255, 255, 0],[0, 0, 255],45,90,3,1,2,0,nochange_ori,z,0,testing
11,czl,f,22,noindex,True,1021036,1022130,/,triangle.png,diamond.png,rect.png,circle.png,[255, 0, 0],[0, 0, 255],90,135,2,1,3,0,change_col,/,3,testing
11,czl,f,22,noindex,True,1026763,1028067,/,circle.png,rect.png,triangle.png,diamond.png,[0, 0, 255],[0, 255, 0],90,45,2,3,1,0,change_col,/,3,testing
11,czl,f,22,noindex,True,1032757,1033618,z,rect.png,circle.png,triangle.png,diamond.png,[0, 255, 0],[0, 0, 255],45,135,3,1,2,0,nochange_ori,z,0,testing
11,czl,f,22,noindex,True,1038318,1039490,z,rect.png,triangle.png,diamond.png,circle.png,[0, 255, 0],[255, 0, 0],135,0,0,3,2,1,nochange_ori,z,0,testing
11,czl,f,22,noindex,True,1044095,1044753,/,diamond.png,circle.png,rect.png,triangle.png,[0, 0, 255],[255, 0, 0],135,45,1,0,3,2,change_col,/,1,testing
11,czl,f,22,noindex,True,1049505,1059426,/,diamond.png,circle.png,rect.png,triangle.png,[0, 0, 255],[255, 255, 0],90,45,2,1,0,3,change_ori,/,0,testing
11,czl,f,22,noindex,True,1064149,1064753,/,rect.png,triangle.png,diamond.png,circle.png,[255, 255, 0],[255, 0, 0],135,0,1,2,3,0,change_col,/,1,testing
11,czl,f,22,noindex,True,1069391,1070242,z,rect.png,diamond.png,circle.png,triangle.png,[0, 0, 255],[255, 255, 0],45,135,1,3,2,0,nochange_ori,z,0,testing
11,czl,f,22,noindex,True,1074852,1075586,/,circle.png,rect.png,diamond.png,triangle.png,[255, 0, 0],[0, 0, 255],0,135,1,0,3,2,change_col,/,3,testing
11,czl,f,22,noindex,True,1080361,1081282,/,rect.png,triangle.png,circle.png,diamond.png,[0, 0, 255],[255, 0, 0],45,90,0,3,1,2,change_col,/,1,testing
11,czl,f,22,noindex,True,1085855,1087106,/,diamond.png,circle.png,triangle.png,rect.png,[255, 255, 0],[255, 0, 0],45,90,3,1,0,2,change_col,/,1,testing
11,czl,f,22,noindex,True,1091749,1093697,/,rect.png,triangle.png,diamond.png,circle.png,[0, 255, 0],[255, 0, 0],0,45,0,2,3,1,change_ori,/,2,testing
11,czl,f,22,noindex,True,1098294,1099410,z,triangle.png,diamond.png,circle.png,rect.png,[0, 0, 255],[0, 255, 0],90,45,3,2,0,1,nochange_col,z,1,testing
11,czl,f,22,noindex,True,1104038,1105394,/,circle.png,rect.png,diamond.png,triangle.png,[0, 255, 0],[0, 0, 255],135,45,3,1,2,0,change_ori,/,0,testing
11,czl,f,22,noindex,True,1110066,1111378,z,triangle.png,diamond.png,circle.png,rect.png,[255, 255, 0],[0, 0, 255],90,135,1,3,2,0,nochange_col,z,3,testing
11,czl,f,22,noindex,True,1116110,1116962,/,diamond.png,circle.png,rect.png,triangle.png,[0, 0, 255],[255, 0, 0],45,135,3,0,1,2,change_ori,/,0,testing
11,czl,f,22,noindex,True,1121671,1122210,/,rect.png,triangle.png,circle.png,diamond.png,[0, 255, 0],[255, 255, 0],45,90,2,3,1,0,change_col,/,3,testing
11,czl,f,22,noindex,True,1126913,1127777,/,circle.png,rect.png,diamond.png,triangle.png,[0, 255, 0],[255, 0, 0],90,0,2,1,3,0,change_col,/,1,testing
11,czl,f,22,noindex,True,1132474,1133249,z,circle.png,diamond.png,rect.png,triangle.png,[255, 0, 0],[0, 0, 255],90,135,1,3,0,2,nochange_col,z,3,testing
11,czl,f,22,noindex,True,1137934,1138770,/,triangle.png,circle.png,diamond.png,rect.png,[0, 0, 255],[255, 255, 0],45,135,1,0,3,2,change_ori,/,0,testing
11,czl,f,22,noindex,True,1143360,1144802,/,circle.png,triangle.png,diamond.png,rect.png,[0, 255, 0],[0, 0, 255],135,90,0,2,3,1,change_ori,/,0,testing
11,czl,f,22,noindex,True,1149505,1150098,/,circle.png,diamond.png,triangle.png,rect.png,[255, 255, 0],[0, 0, 255],90,45,1,3,2,0,change_col,/,1,testing
11,czl,f,22,noindex,True,1154697,1155697,/,circle.png,rect.png,diamond.png,triangle.png,[255, 255, 0],[0, 255, 0],45,0,1,3,2,0,change_col,/,1,testing
11,czl,f,22,noindex,True,1160458,1166770,/,diamond.png,triangle.png,rect.png,circle.png,[0, 255, 0],[255, 255, 0],90,0,0,1,3,2,change_ori,/,0,testing
11,czl,f,22,noindex,True,1171462,1173201,/,circle.png,diamond.png,triangle.png,rect.png,[255, 255, 0],[0, 0, 255],135,45,1,3,2,0,change_col,/,3,testing
11,czl,f,22,noindex,True,1177857,1178833,z,diamond.png,rect.png,circle.png,triangle.png,[255, 255, 0],[255, 0, 0],45,0,1,0,3,2,nochange_col,z,3,testing
11,czl,f,22,noindex,True,1183551,1184577,z,circle.png,triangle.png,rect.png,diamond.png,[255, 0, 0],[0, 255, 0],45,0,3,0,2,1,nochange_col,z,1,testing
11,czl,f,22,noindex,True,1189345,1189921,/,triangle.png,circle.png,diamond.png,rect.png,[255, 0, 0],[0, 0, 255],0,90,2,0,3,1,change_col,/,1,testing
11,czl,f,22,noindex,True,1194621,1195952,z,diamond.png,triangle.png,rect.png,circle.png,[255, 0, 0],[0, 0, 255],90,0,1,0,3,2,nochange_col,z,3,testing
11,czl,f,22,noindex,True,1200615,1201650,z,rect.png,circle.png,diamond.png,triangle.png,[255, 0, 0],[0, 0, 255],135,0,1,0,2,3,nochange_col,z,3,testing
11,czl,f,22,noindex,True,1206292,1207041,/,diamond.png,circle.png,triangle.png,rect.png,[255, 255, 0],[0, 0, 255],135,45,1,2,3,0,change_ori,/,2,testing
11,czl,f,22,noindex,True,1211652,1213137,z,rect.png,triangle.png,diamond.png,circle.png,[0, 0, 255],[0, 255, 0],45,135,3,0,2,1,nochange_col,z,3,testing
11,czl,f,22,noindex,True,1217830,1219009,z,triangle.png,diamond.png,rect.png,circle.png,[255, 255, 0],[0, 0, 255],90,0,1,3,0,2,nochange_ori,z,2,testing
11,czl,f,22,noindex,True,1223775,1224753,/,circle.png,diamond.png,triangle.png,rect.png,[0, 0, 255],[255, 0, 0],0,135,1,3,0,2,change_ori,/,2,testing
11,czl,f,22,noindex,True,1229469,1230337,/,rect.png,diamond.png,triangle.png,circle.png,[255, 255, 0],[0, 255, 0],0,45,0,2,1,3,change_col,/,1,testing
11,czl,f,22,noindex,True,1234929,1236097,z,triangle.png,rect.png,circle.png,diamond.png,[255, 255, 0],[255, 0, 0],45,0,2,0,3,1,nochange_ori,z,2,testing
11,czl,f,22,noindex,True,1240822,1242161,z,diamond.png,triangle.png,circle.png,rect.png,[0, 255, 0],[0, 0, 255],90,135,1,3,2,0,nochange_ori,z,2,testing
11,czl,f,22,noindex,True,1246800,1247681,z,diamond.png,triangle.png,rect.png,circle.png,[0, 0, 255],[0, 255, 0],45,90,1,2,3,0,nochange_ori,z,2,testing
11,czl,f,22,noindex,True,1252295,1254017,/,diamond.png,circle.png,rect.png,triangle.png,[255, 255, 0],[255, 0, 0],90,0,1,2,3,0,change_ori,/,2,testing
