subj,name,gender,age,cond,P_resp,P_startTime,P_respTime,P_gotKey,shape1,shape2,shape3,shape4,color1,color2,color3,color4ori1,ori2,ori3,ori4ord_1,ord_2,ord_3,ord_4,task,correct_key,no_change,mode
11,zl,f,22,index,True,103830,105720,z,triangle.png,circle.png,triangle.png,circle.png,[255, 255, 0],[0, 255, 0],0,45,0,2,1,3,nochange_ori,z,2,practice
11,zl,f,22,index,True,110343,110968,/,circle.png,triangle.png,circle.png,triangle.png,[0, 255, 0],[255, 255, 0],135,0,2,3,0,1,change_col,/,3,practice
11,zl,f,22,index,True,115585,117032,/,circle.png,triangle.png,circle.png,triangle.png,[0, 255, 0],[255, 255, 0],0,135,0,2,3,1,change_ori,/,2,practice
11,zl,f,22,index,True,121663,122856,z,triangle.png,rect.png,triangle.png,rect.png,[255, 255, 0],[0, 255, 0],0,135,2,0,1,3,nochange_col,z,1,practice
11,zl,f,22,index,True,127474,128119,z,circle.png,diamond.png,circle.png,diamond.png,[255, 0, 0],[255, 255, 0],135,45,1,2,0,3,nochange_col,z,1,practice
11,zl,f,22,index,True,132851,133528,z,triangle.png,circle.png,triangle.png,circle.png,[0, 255, 0],[0, 0, 255],0,135,0,3,2,1,nochange_col,z,1,practice
11,zl,f,22,index,True,138194,139064,z,circle.png,rect.png,circle.png,rect.png,[0, 0, 255],[0, 255, 0],135,90,3,2,1,0,nochange_col,z,3,practice
11,zl,f,22,index,True,143754,144663,/,diamond.png,circle.png,diamond.png,circle.png,[255, 0, 0],[0, 0, 255],0,135,0,1,2,3,change_ori,/,2,practice
11,zl,f,22,index,True,149381,150440,z,circle.png,diamond.png,circle.png,diamond.png,[0, 0, 255],[255, 255, 0],45,135,1,3,0,2,nochange_col,z,3,practice
11,zl,f,22,index,True,155192,155864,/,circle.png,diamond.png,circle.png,diamond.png,[0, 255, 0],[255, 0, 0],0,45,0,2,1,3,change_col,/,3,practice
11,zl,f,22,index,True,160485,161560,z,triangle.png,circle.png,triangle.png,circle.png,[0, 255, 0],[255, 255, 0],135,90,1,0,2,3,nochange_ori,z,0,practice
11,zl,f,22,index,True,166312,167511,z,triangle.png,circle.png,triangle.png,circle.png,[0, 0, 255],[0, 255, 0],45,0,2,0,3,1,nochange_ori,z,0,practice
11,zl,f,22,index,True,172206,173032,/,circle.png,rect.png,circle.png,rect.png,[255, 255, 0],[255, 0, 0],45,135,1,3,0,2,change_ori,/,2,practice
11,zl,f,22,index,True,177616,180648,/,triangle.png,circle.png,triangle.png,circle.png,[0, 0, 255],[0, 255, 0],45,135,3,0,2,1,change_col,/,1,practice
11,zl,f,22,index,True,185314,186135,/,rect.png,circle.png,rect.png,circle.png,[0, 0, 255],[255, 0, 0],0,90,3,2,1,0,change_ori,/,0,practice
11,zl,f,22,index,True,190790,192103,z,triangle.png,circle.png,triangle.png,circle.png,[255, 0, 0],[0, 255, 0],0,90,1,2,0,3,nochange_ori,z,0,practice
11,zl,f,22,index,True,196735,197879,z,triangle.png,circle.png,triangle.png,circle.png,[255, 0, 0],[0, 0, 255],135,45,0,1,2,3,nochange_ori,z,0,practice
11,zl,f,22,index,True,202578,203608,/,triangle.png,circle.png,triangle.png,circle.png,[0, 255, 0],[255, 255, 0],135,0,0,2,1,3,change_ori,/,2,practice
11,zl,f,22,index,True,208222,208759,/,rect.png,diamond.png,rect.png,diamond.png,[0, 255, 0],[255, 255, 0],135,45,1,3,2,0,change_col,/,3,practice
11,zl,f,22,index,True,213499,215272,/,circle.png,triangle.png,circle.png,triangle.png,[0, 255, 0],[0, 0, 255],135,0,0,1,3,2,change_col,/,1,practice
11,zl,f,22,index,True,238946,239656,/,rect.png,circle.png,rect.png,circle.png,[255, 255, 0],[0, 255, 0],45,0,1,3,2,0,change_col,/,3,testing
11,zl,f,22,index,True,244372,245463,/,diamond.png,triangle.png,diamond.png,triangle.png,[0, 0, 255],[255, 0, 0],45,135,0,3,1,2,change_col,/,1,testing
11,zl,f,22,index,True,250066,251143,z,triangle.png,circle.png,triangle.png,circle.png,[255, 255, 0],[255, 0, 0],90,0,2,0,1,3,nochange_ori,z,0,testing
11,zl,f,22,index,True,255726,256391,/,triangle.png,diamond.png,triangle.png,diamond.png,[255, 0, 0],[255, 255, 0],90,0,1,3,2,0,nochange_ori,z,2,testing
11,zl,f,22,index,True,261036,262326,z,rect.png,triangle.png,rect.png,triangle.png,[255, 255, 0],[0, 0, 255],90,135,3,0,1,2,nochange_col,z,3,testing
11,zl,f,22,index,True,266913,267911,/,circle.png,rect.png,circle.png,rect.png,[0, 0, 255],[0, 255, 0],135,90,1,2,0,3,change_col,/,1,testing
11,zl,f,22,index,True,272507,274023,z,triangle.png,diamond.png,triangle.png,diamond.png,[255, 255, 0],[255, 0, 0],0,45,0,2,3,1,nochange_ori,z,2,testing
11,zl,f,22,index,True,278668,279623,/,circle.png,diamond.png,circle.png,diamond.png,[255, 0, 0],[0, 255, 0],135,90,3,0,2,1,change_ori,/,0,testing
11,zl,f,22,index,True,284345,285158,z,rect.png,triangle.png,rect.png,triangle.png,[0, 0, 255],[0, 255, 0],90,0,2,0,3,1,nochange_col,z,1,testing
11,zl,f,22,index,True,289922,290791,z,circle.png,triangle.png,circle.png,triangle.png,[255, 0, 0],[255, 255, 0],45,0,2,1,3,0,nochange_col,z,3,testing
11,zl,f,22,index,True,295433,296935,/,triangle.png,diamond.png,triangle.png,diamond.png,[255, 255, 0],[255, 0, 0],90,45,0,3,1,2,change_ori,/,2,testing
11,zl,f,22,index,True,301694,302727,/,rect.png,triangle.png,rect.png,triangle.png,[0, 255, 0],[255, 0, 0],90,45,1,3,2,0,nochange_col,z,3,testing
11,zl,f,22,index,True,307471,308407,/,diamond.png,rect.png,diamond.png,rect.png,[255, 255, 0],[0, 255, 0],90,0,1,2,3,0,change_col,/,3,testing
11,zl,f,22,index,True,312982,313639,/,diamond.png,circle.png,diamond.png,circle.png,[255, 255, 0],[255, 0, 0],135,0,2,1,3,0,change_col,/,1,testing
11,zl,f,22,index,True,318308,319223,z,rect.png,triangle.png,rect.png,triangle.png,[255, 255, 0],[0, 0, 255],0,90,1,3,2,0,nochange_ori,z,0,testing
11,zl,f,22,index,True,323801,324630,/,circle.png,rect.png,circle.png,rect.png,[255, 0, 0],[0, 0, 255],90,45,3,1,0,2,change_ori,/,0,testing
11,zl,f,22,index,True,329311,329910,/,diamond.png,circle.png,diamond.png,circle.png,[255, 255, 0],[255, 0, 0],135,0,2,3,0,1,change_col,/,3,testing
11,zl,f,22,index,True,334671,335702,z,rect.png,triangle.png,rect.png,triangle.png,[0, 255, 0],[255, 255, 0],90,0,3,1,2,0,nochange_col,z,1,testing
11,zl,f,22,index,True,340365,341558,z,diamond.png,rect.png,diamond.png,rect.png,[0, 255, 0],[0, 0, 255],45,0,1,0,3,2,nochange_col,z,3,testing
11,zl,f,22,index,True,346310,347062,z,circle.png,diamond.png,circle.png,diamond.png,[0, 255, 0],[255, 0, 0],135,45,3,2,1,0,nochange_col,z,1,testing
11,zl,f,22,index,True,351785,353239,z,diamond.png,rect.png,diamond.png,rect.png,[255, 255, 0],[255, 0, 0],45,90,1,2,0,3,change_ori,/,2,testing
11,zl,f,22,index,True,357931,358599,z,circle.png,triangle.png,circle.png,triangle.png,[0, 0, 255],[255, 0, 0],45,0,0,2,1,3,nochange_col,z,3,testing
11,zl,f,22,index,True,363224,364741,z,circle.png,triangle.png,circle.png,triangle.png,[0, 255, 0],[255, 255, 0],45,90,1,3,2,0,change_ori,/,2,testing
11,zl,f,22,index,True,369418,370470,/,diamond.png,rect.png,diamond.png,rect.png,[0, 255, 0],[255, 255, 0],45,90,2,0,1,3,change_col,/,1,testing
11,zl,f,22,index,True,375129,376166,/,diamond.png,rect.png,diamond.png,rect.png,[0, 255, 0],[255, 255, 0],45,135,2,1,0,3,change_ori,/,2,testing
11,zl,f,22,index,True,380923,382151,z,triangle.png,circle.png,triangle.png,circle.png,[255, 255, 0],[255, 0, 0],90,45,1,0,2,3,nochange_ori,z,2,testing
11,zl,f,22,index,True,386917,390422,/,circle.png,rect.png,circle.png,rect.png,[255, 0, 0],[255, 255, 0],135,90,0,1,3,2,change_ori,/,2,testing
11,zl,f,22,index,True,394998,396246,/,rect.png,circle.png,rect.png,circle.png,[0, 255, 0],[255, 255, 0],90,135,0,1,2,3,change_col,/,1,testing
11,zl,f,22,index,True,400926,402742,z,circle.png,rect.png,circle.png,rect.png,[0, 0, 255],[255, 255, 0],0,135,3,0,2,1,nochange_ori,z,0,testing
11,zl,f,22,index,True,407489,408758,z,circle.png,rect.png,circle.png,rect.png,[255, 255, 0],[0, 255, 0],90,0,1,0,3,2,nochange_col,z,3,testing
11,zl,f,22,index,True,413466,414710,/,rect.png,circle.png,rect.png,circle.png,[255, 0, 0],[0, 255, 0],45,90,1,3,2,0,change_col,/,1,testing
11,zl,f,22,index,True,419310,421190,z,diamond.png,triangle.png,diamond.png,triangle.png,[255, 255, 0],[0, 255, 0],90,45,2,1,0,3,nochange_col,z,3,testing
11,zl,f,22,index,True,425755,428006,z,triangle.png,rect.png,triangle.png,rect.png,[0, 0, 255],[255, 0, 0],0,45,3,1,0,2,nochange_ori,z,0,testing
11,zl,f,22,index,True,432685,433686,/,triangle.png,circle.png,triangle.png,circle.png,[255, 0, 0],[0, 255, 0],0,45,1,3,0,2,change_ori,/,0,testing
11,zl,f,22,index,True,438378,440454,z,triangle.png,diamond.png,triangle.png,diamond.png,[0, 255, 0],[255, 0, 0],45,0,1,3,2,0,change_ori,/,2,testing
11,zl,f,22,index,True,445107,446054,z,circle.png,diamond.png,circle.png,diamond.png,[0, 255, 0],[0, 0, 255],135,45,1,3,0,2,nochange_ori,z,0,testing
11,zl,f,22,index,True,450801,454054,/,triangle.png,diamond.png,triangle.png,diamond.png,[255, 0, 0],[0, 0, 255],135,0,0,1,3,2,nochange_ori,z,0,testing
11,zl,f,22,index,True,458766,461718,/,triangle.png,rect.png,triangle.png,rect.png,[255, 255, 0],[0, 0, 255],135,0,2,0,1,3,change_col,/,3,testing
11,zl,f,22,index,True,466413,467510,z,circle.png,triangle.png,circle.png,triangle.png,[255, 255, 0],[0, 255, 0],135,90,0,1,2,3,nochange_ori,z,2,testing
11,zl,f,22,index,True,472207,473222,/,circle.png,diamond.png,circle.png,diamond.png,[255, 0, 0],[255, 255, 0],45,90,2,0,3,1,change_ori,/,0,testing
11,zl,f,22,index,True,477834,478662,z,diamond.png,circle.png,diamond.png,circle.png,[255, 0, 0],[0, 255, 0],90,45,1,3,0,2,nochange_col,z,1,testing
11,zl,f,22,index,True,483243,484678,/,rect.png,triangle.png,rect.png,triangle.png,[0, 255, 0],[255, 0, 0],45,90,0,3,1,2,nochange_ori,z,0,testing
11,zl,f,22,index,True,489389,489974,z,diamond.png,circle.png,diamond.png,circle.png,[0, 255, 0],[0, 0, 255],45,0,2,3,0,1,nochange_col,z,3,testing
11,zl,f,22,index,True,494565,495526,z,rect.png,circle.png,rect.png,circle.png,[255, 0, 0],[0, 255, 0],45,0,3,2,0,1,nochange_ori,z,2,testing
11,zl,f,22,index,True,500241,501077,/,circle.png,triangle.png,circle.png,triangle.png,[255, 255, 0],[0, 0, 255],0,135,0,1,3,2,change_col,/,3,testing
11,zl,f,22,index,True,505685,506550,z,diamond.png,rect.png,diamond.png,rect.png,[0, 0, 255],[0, 255, 0],0,135,3,1,0,2,nochange_col,z,1,testing
11,zl,f,22,index,True,511212,511766,/,diamond.png,circle.png,diamond.png,circle.png,[0, 0, 255],[255, 255, 0],135,45,3,1,2,0,change_col,/,3,testing
11,zl,f,22,index,True,516472,517045,/,diamond.png,circle.png,diamond.png,circle.png,[0, 0, 255],[0, 255, 0],90,0,3,0,2,1,change_col,/,1,testing
11,zl,f,22,index,True,521681,524294,/,rect.png,triangle.png,rect.png,triangle.png,[255, 0, 0],[255, 255, 0],90,45,3,2,0,1,change_ori,/,0,testing
11,zl,f,22,index,True,528878,529670,z,rect.png,diamond.png,rect.png,diamond.png,[0, 255, 0],[0, 0, 255],90,45,2,3,0,1,nochange_ori,z,0,testing
11,zl,f,22,index,True,534238,535222,z,circle.png,triangle.png,circle.png,triangle.png,[255, 255, 0],[255, 0, 0],0,45,2,1,0,3,nochange_ori,z,0,testing
11,zl,f,22,index,True,539848,541510,/,triangle.png,circle.png,triangle.png,circle.png,[0, 0, 255],[0, 255, 0],90,135,2,3,0,1,change_ori,/,0,testing
11,zl,f,22,index,True,546093,547477,z,triangle.png,rect.png,triangle.png,rect.png,[0, 0, 255],[255, 255, 0],45,90,1,2,3,0,change_col,/,1,testing
11,zl,f,22,index,True,552104,552822,/,rect.png,triangle.png,rect.png,triangle.png,[255, 255, 0],[0, 255, 0],90,0,1,2,0,3,change_ori,/,0,testing
11,zl,f,22,index,True,557463,558150,/,triangle.png,diamond.png,triangle.png,diamond.png,[255, 255, 0],[0, 255, 0],90,0,1,3,2,0,change_col,/,3,testing
11,zl,f,22,index,True,562890,563413,/,triangle.png,rect.png,triangle.png,rect.png,[0, 255, 0],[0, 0, 255],45,90,0,3,2,1,change_col,/,1,testing
11,zl,f,22,index,True,568032,568854,z,diamond.png,circle.png,diamond.png,circle.png,[255, 0, 0],[0, 255, 0],90,45,2,1,3,0,nochange_col,z,1,testing
11,zl,f,22,index,True,573443,574310,/,triangle.png,diamond.png,triangle.png,diamond.png,[0, 255, 0],[255, 0, 0],90,0,0,3,1,2,change_ori,/,2,testing
11,zl,f,22,index,True,579036,580054,z,rect.png,triangle.png,rect.png,triangle.png,[255, 0, 0],[255, 255, 0],90,0,3,0,1,2,nochange_ori,z,0,testing
11,zl,f,22,index,True,584697,585846,/,diamond.png,triangle.png,diamond.png,triangle.png,[0, 255, 0],[0, 0, 255],0,45,0,1,3,2,change_ori,/,0,testing
11,zl,f,22,index,True,590424,592054,/,circle.png,diamond.png,circle.png,diamond.png,[255, 255, 0],[0, 255, 0],90,135,1,0,2,3,change_col,/,1,testing
11,zl,f,22,index,True,596669,598102,/,circle.png,diamond.png,circle.png,diamond.png,[0, 0, 255],[0, 255, 0],135,45,3,0,2,1,change_col,/,1,testing
11,zl,f,22,index,True,602780,603493,/,triangle.png,diamond.png,triangle.png,diamond.png,[255, 255, 0],[0, 0, 255],0,45,0,2,1,3,change_col,/,3,testing
11,zl,f,22,index,True,608107,610597,z,diamond.png,circle.png,diamond.png,circle.png,[255, 0, 0],[0, 0, 255],45,0,3,2,0,1,nochange_ori,z,0,testing
11,zl,f,22,index,True,615219,616085,z,rect.png,triangle.png,rect.png,triangle.png,[255, 0, 0],[0, 255, 0],0,45,2,0,3,1,nochange_col,z,1,testing
11,zl,f,22,index,True,620662,621686,z,circle.png,rect.png,circle.png,rect.png,[255, 255, 0],[0, 0, 255],45,0,3,2,1,0,nochange_col,z,1,testing
11,zl,f,22,index,True,626423,627541,/,circle.png,rect.png,circle.png,rect.png,[0, 255, 0],[0, 0, 255],135,0,1,0,2,3,change_ori,/,2,testing
11,zl,f,22,index,True,632268,632933,z,circle.png,triangle.png,circle.png,triangle.png,[255, 0, 0],[0, 255, 0],90,0,3,1,2,0,nochange_col,z,3,testing
11,zl,f,22,index,True,637660,638933,z,circle.png,rect.png,circle.png,rect.png,[0, 255, 0],[0, 0, 255],0,90,0,2,1,3,nochange_col,z,3,testing
11,zl,f,22,index,True,643538,644261,z,diamond.png,rect.png,diamond.png,rect.png,[0, 0, 255],[255, 255, 0],90,0,0,3,1,2,nochange_ori,z,0,testing
11,zl,f,22,index,True,648881,649733,z,circle.png,rect.png,circle.png,rect.png,[0, 255, 0],[255, 0, 0],45,90,1,0,3,2,nochange_ori,z,2,testing
11,zl,f,22,index,True,654374,659446,z,diamond.png,circle.png,diamond.png,circle.png,[255, 255, 0],[255, 0, 0],90,45,0,2,1,3,nochange_ori,z,2,testing
11,zl,f,22,index,True,664159,665045,/,rect.png,circle.png,rect.png,circle.png,[255, 0, 0],[255, 255, 0],135,0,3,2,1,0,change_col,/,1,testing
11,zl,f,22,index,True,669653,670773,z,diamond.png,circle.png,diamond.png,circle.png,[0, 0, 255],[255, 0, 0],135,90,3,2,1,0,nochange_col,z,1,testing
11,zl,f,22,index,True,675430,676245,z,rect.png,triangle.png,rect.png,triangle.png,[0, 255, 0],[0, 0, 255],0,45,1,3,2,0,nochange_ori,z,0,testing
11,zl,f,22,index,True,680923,681781,z,circle.png,triangle.png,circle.png,triangle.png,[0, 0, 255],[255, 255, 0],90,135,3,2,1,0,nochange_col,z,1,testing
11,zl,f,22,index,True,686533,687493,/,triangle.png,rect.png,triangle.png,rect.png,[0, 255, 0],[255, 0, 0],135,0,2,1,3,0,change_ori,/,0,testing
11,zl,f,22,index,True,692127,693909,/,rect.png,triangle.png,rect.png,triangle.png,[255, 0, 0],[0, 255, 0],0,90,0,1,3,2,change_ori,/,2,testing
11,zl,f,22,index,True,698506,699317,z,triangle.png,diamond.png,triangle.png,diamond.png,[255, 255, 0],[0, 0, 255],90,135,0,1,2,3,change_ori,/,0,testing
11,zl,f,22,index,True,704016,705204,/,circle.png,triangle.png,circle.png,triangle.png,[0, 255, 0],[255, 0, 0],45,90,1,2,0,3,change_ori,/,2,testing
11,zl,f,22,index,True,741033,741973,/,rect.png,diamond.png,rect.png,diamond.png,[0, 0, 255],[255, 255, 0],0,90,0,1,3,2,change_ori,/,2,testing
11,zl,f,22,index,True,746711,748085,/,circle.png,triangle.png,circle.png,triangle.png,[255, 0, 0],[255, 255, 0],135,90,0,2,3,1,change_ori,/,2,testing
11,zl,f,22,index,True,752672,753509,z,diamond.png,circle.png,diamond.png,circle.png,[0, 255, 0],[255, 0, 0],45,90,1,3,2,0,nochange_col,z,3,testing
11,zl,f,22,index,True,758215,759141,z,diamond.png,rect.png,diamond.png,rect.png,[0, 255, 0],[255, 255, 0],0,90,2,3,0,1,nochange_ori,z,2,testing
11,zl,f,22,index,True,763792,764868,/,diamond.png,triangle.png,diamond.png,triangle.png,[0, 255, 0],[0, 0, 255],135,45,0,1,2,3,change_ori,/,0,testing
11,zl,f,22,index,True,769436,770036,/,triangle.png,diamond.png,triangle.png,diamond.png,[0, 0, 255],[255, 255, 0],45,0,2,3,0,1,change_col,/,3,testing
11,zl,f,22,index,True,774729,775684,/,rect.png,circle.png,rect.png,circle.png,[0, 255, 0],[255, 255, 0],45,0,1,3,2,0,change_ori,/,2,testing
11,zl,f,22,index,True,780456,782708,/,diamond.png,triangle.png,diamond.png,triangle.png,[0, 0, 255],[255, 0, 0],45,90,2,3,1,0,change_col,/,3,testing
11,zl,f,22,index,True,787352,788676,/,rect.png,triangle.png,rect.png,triangle.png,[0, 255, 0],[255, 0, 0],0,45,3,1,2,0,change_ori,/,0,testing
11,zl,f,22,index,True,793364,794500,z,circle.png,diamond.png,circle.png,diamond.png,[255, 255, 0],[0, 255, 0],90,0,3,2,1,0,nochange_ori,z,0,testing
11,zl,f,22,index,True,799191,799893,z,rect.png,circle.png,rect.png,circle.png,[0, 0, 255],[255, 255, 0],45,135,2,0,1,3,nochange_col,z,1,testing
11,zl,f,22,index,True,804533,806292,z,rect.png,circle.png,rect.png,circle.png,[255, 0, 0],[255, 255, 0],135,90,3,1,0,2,change_col,/,1,testing
11,zl,f,22,index,True,810929,811539,z,triangle.png,diamond.png,triangle.png,diamond.png,[255, 0, 0],[255, 255, 0],90,0,1,2,3,0,nochange_col,z,3,testing
11,zl,f,22,index,True,816222,816756,/,rect.png,diamond.png,rect.png,diamond.png,[0, 255, 0],[255, 255, 0],135,45,0,3,2,1,change_col,/,1,testing
11,zl,f,22,index,True,821465,822340,z,circle.png,diamond.png,circle.png,diamond.png,[0, 255, 0],[0, 0, 255],90,45,0,2,1,3,nochange_col,z,1,testing
11,zl,f,22,index,True,827025,828036,/,triangle.png,diamond.png,triangle.png,diamond.png,[0, 255, 0],[0, 0, 255],90,0,3,2,0,1,change_ori,/,0,testing
11,zl,f,22,index,True,832752,834291,z,triangle.png,diamond.png,triangle.png,diamond.png,[0, 255, 0],[255, 255, 0],0,135,3,1,2,0,nochange_ori,z,0,testing
11,zl,f,22,index,True,838930,840277,/,rect.png,diamond.png,rect.png,diamond.png,[255, 0, 0],[0, 0, 255],0,90,3,1,2,0,change_col,/,3,testing
11,zl,f,22,index,True,844924,847124,/,rect.png,triangle.png,rect.png,triangle.png,[0, 0, 255],[0, 255, 0],90,45,2,1,0,3,change_ori,/,2,testing
11,zl,f,22,index,True,851687,853157,/,circle.png,rect.png,circle.png,rect.png,[0, 255, 0],[0, 0, 255],135,45,2,1,3,0,nochange_col,z,3,testing
11,zl,f,22,index,True,857915,859444,z,diamond.png,circle.png,diamond.png,circle.png,[0, 0, 255],[0, 255, 0],90,45,3,0,1,2,nochange_col,z,1,testing
11,zl,f,22,index,True,864076,864964,z,circle.png,diamond.png,circle.png,diamond.png,[0, 255, 0],[255, 0, 0],0,45,0,2,1,3,nochange_col,z,1,testing
11,zl,f,22,index,True,869553,870900,/,circle.png,rect.png,circle.png,rect.png,[255, 255, 0],[0, 255, 0],135,0,0,3,2,1,change_col,/,3,testing
11,zl,f,22,index,True,875547,876340,z,triangle.png,diamond.png,triangle.png,diamond.png,[0, 255, 0],[255, 255, 0],45,0,3,2,1,0,nochange_ori,z,0,testing
11,zl,f,22,index,True,881091,881924,z,rect.png,circle.png,rect.png,circle.png,[255, 255, 0],[0, 255, 0],90,135,0,3,2,1,nochange_ori,z,2,testing
11,zl,f,22,index,True,886501,888852,z,circle.png,diamond.png,circle.png,diamond.png,[255, 255, 0],[0, 255, 0],135,90,2,1,0,3,nochange_ori,z,0,testing
11,zl,f,22,index,True,893497,894867,/,circle.png,triangle.png,circle.png,triangle.png,[0, 255, 0],[255, 255, 0],135,90,3,2,1,0,change_col,/,1,testing
11,zl,f,22,index,True,899508,900500,/,circle.png,rect.png,circle.png,rect.png,[0, 0, 255],[255, 255, 0],135,0,3,0,1,2,change_col,/,3,testing
11,zl,f,22,index,True,905185,906484,/,triangle.png,rect.png,triangle.png,rect.png,[0, 0, 255],[0, 255, 0],0,90,1,0,3,2,change_col,/,3,testing
11,zl,f,22,index,True,911163,912164,z,triangle.png,rect.png,triangle.png,rect.png,[0, 255, 0],[255, 0, 0],45,90,2,1,3,0,nochange_ori,z,0,testing
11,zl,f,22,index,True,916907,917556,z,triangle.png,rect.png,triangle.png,rect.png,[255, 255, 0],[255, 0, 0],90,0,3,1,0,2,nochange_col,z,1,testing
11,zl,f,22,index,True,922300,923636,z,circle.png,triangle.png,circle.png,triangle.png,[0, 255, 0],[255, 0, 0],0,135,3,2,0,1,nochange_ori,z,2,testing
11,zl,f,22,index,True,928327,928836,z,rect.png,triangle.png,rect.png,triangle.png,[255, 0, 0],[255, 255, 0],135,0,0,2,3,1,nochange_col,z,1,testing
11,zl,f,22,index,True,933571,934707,z,circle.png,triangle.png,circle.png,triangle.png,[255, 255, 0],[0, 255, 0],45,90,0,3,2,1,nochange_ori,z,0,testing
11,zl,f,22,index,True,939398,940884,/,rect.png,circle.png,rect.png,circle.png,[0, 0, 255],[255, 0, 0],0,45,1,0,2,3,change_ori,/,2,testing
11,zl,f,22,index,True,945459,946404,z,rect.png,diamond.png,rect.png,diamond.png,[255, 255, 0],[0, 0, 255],45,135,0,1,3,2,nochange_col,z,1,testing
11,zl,f,22,index,True,950969,951556,z,rect.png,triangle.png,rect.png,triangle.png,[255, 255, 0],[0, 255, 0],135,0,3,1,0,2,nochange_col,z,1,testing
11,zl,f,22,index,True,956212,956979,/,triangle.png,diamond.png,triangle.png,diamond.png,[0, 255, 0],[0, 0, 255],0,135,2,3,1,0,change_ori,/,0,testing
11,zl,f,22,index,True,961739,963012,/,rect.png,diamond.png,rect.png,diamond.png,[0, 0, 255],[0, 255, 0],45,135,3,2,1,0,change_col,/,1,testing
11,zl,f,22,index,True,967683,968499,/,rect.png,circle.png,rect.png,circle.png,[255, 0, 0],[255, 255, 0],90,45,2,0,1,3,change_col,/,1,testing
11,zl,f,22,index,True,973076,973699,/,rect.png,circle.png,rect.png,circle.png,[0, 0, 255],[255, 255, 0],45,0,3,2,0,1,change_col,/,1,testing
11,zl,f,22,index,True,978424,980019,z,circle.png,rect.png,circle.png,rect.png,[255, 0, 0],[0, 0, 255],45,0,0,2,3,1,nochange_ori,z,2,testing
11,zl,f,22,index,True,984664,988100,/,rect.png,diamond.png,rect.png,diamond.png,[0, 0, 255],[255, 255, 0],135,90,3,2,0,1,change_ori,/,2,testing
11,zl,f,22,index,True,992679,993379,z,diamond.png,rect.png,diamond.png,rect.png,[255, 0, 0],[0, 255, 0],90,45,1,3,0,2,nochange_ori,z,0,testing
11,zl,f,22,index,True,998106,999011,z,circle.png,triangle.png,circle.png,triangle.png,[255, 255, 0],[255, 0, 0],0,135,0,3,1,2,nochange_col,z,1,testing
11,zl,f,22,index,True,1003766,1005827,/,triangle.png,rect.png,triangle.png,rect.png,[255, 255, 0],[0, 255, 0],0,135,2,1,0,3,change_col,/,3,testing
11,zl,f,22,index,True,1010578,1011330,/,triangle.png,rect.png,triangle.png,rect.png,[0, 255, 0],[0, 0, 255],135,45,1,3,2,0,change_ori,/,2,testing
11,zl,f,22,index,True,1015922,1016772,z,rect.png,circle.png,rect.png,circle.png,[255, 0, 0],[255, 255, 0],135,90,0,1,3,2,nochange_ori,z,2,testing
11,zl,f,22,index,True,1021532,1022387,/,triangle.png,diamond.png,triangle.png,diamond.png,[0, 255, 0],[255, 255, 0],135,45,0,3,1,2,change_ori,/,0,testing
11,zl,f,22,index,True,1027092,1027747,z,circle.png,diamond.png,circle.png,diamond.png,[255, 255, 0],[255, 0, 0],0,135,2,3,1,0,nochange_ori,z,0,testing
11,zl,f,22,index,True,1032469,1034291,/,rect.png,circle.png,rect.png,circle.png,[255, 0, 0],[0, 255, 0],45,0,2,1,0,3,change_ori,/,2,testing
11,zl,f,22,index,True,1039014,1040723,/,diamond.png,circle.png,diamond.png,circle.png,[255, 0, 0],[255, 255, 0],0,45,1,0,3,2,change_col,/,3,testing
11,zl,f,22,index,True,1045443,1046963,/,diamond.png,rect.png,diamond.png,rect.png,[0, 0, 255],[0, 255, 0],0,135,3,0,2,1,change_ori,/,2,testing
11,zl,f,22,index,True,1051738,1052963,/,triangle.png,rect.png,triangle.png,rect.png,[255, 0, 0],[255, 255, 0],45,90,1,2,3,0,change_col,/,1,testing
11,zl,f,22,index,True,1057715,1061795,z,diamond.png,circle.png,diamond.png,circle.png,[255, 0, 0],[0, 0, 255],45,90,1,0,2,3,nochange_ori,z,2,testing
11,zl,f,22,index,True,1066365,1067010,z,triangle.png,circle.png,triangle.png,circle.png,[255, 0, 0],[0, 0, 255],135,45,3,0,2,1,nochange_col,z,3,testing
11,zl,f,22,index,True,1071641,1072771,/,triangle.png,circle.png,triangle.png,circle.png,[0, 0, 255],[255, 255, 0],90,135,2,1,0,3,change_col,/,1,testing
11,zl,f,22,index,True,1077518,1078563,z,diamond.png,rect.png,diamond.png,rect.png,[0, 0, 255],[255, 255, 0],0,45,2,1,0,3,nochange_ori,z,0,testing
11,zl,f,22,index,True,1083295,1084098,z,diamond.png,triangle.png,diamond.png,triangle.png,[0, 255, 0],[0, 0, 255],45,90,1,3,0,2,nochange_col,z,1,testing
11,zl,f,22,index,True,1088806,1089587,/,triangle.png,rect.png,triangle.png,rect.png,[255, 0, 0],[0, 0, 255],45,0,0,2,1,3,change_ori,/,0,testing
11,zl,f,22,index,True,1094248,1095155,/,rect.png,circle.png,rect.png,circle.png,[255, 255, 0],[0, 255, 0],0,90,0,2,1,3,change_col,/,3,testing
11,zl,f,22,index,True,1099876,1100707,z,circle.png,diamond.png,circle.png,diamond.png,[255, 255, 0],[0, 0, 255],90,45,3,2,1,0,nochange_col,z,3,testing
11,zl,f,22,index,True,1105319,1106019,z,triangle.png,circle.png,triangle.png,circle.png,[0, 0, 255],[0, 255, 0],90,0,1,0,3,2,nochange_col,z,3,testing
11,zl,f,22,index,True,1110595,1111971,/,diamond.png,triangle.png,diamond.png,triangle.png,[255, 0, 0],[255, 255, 0],90,45,2,0,3,1,change_col,/,3,testing
11,zl,f,22,index,True,1116573,1118963,/,triangle.png,diamond.png,triangle.png,diamond.png,[255, 255, 0],[255, 0, 0],0,135,3,0,2,1,nochange_ori,z,2,testing
11,zl,f,22,index,True,1123653,1124515,z,diamond.png,triangle.png,diamond.png,triangle.png,[255, 0, 0],[0, 255, 0],90,0,2,1,3,0,nochange_col,z,3,testing
11,zl,f,22,index,True,1129162,1129987,z,diamond.png,circle.png,diamond.png,circle.png,[255, 0, 0],[255, 255, 0],0,45,2,1,3,0,nochange_col,z,3,testing
11,zl,f,22,index,True,1134706,1135731,/,diamond.png,triangle.png,diamond.png,triangle.png,[255, 0, 0],[0, 255, 0],45,135,1,2,3,0,nochange_ori,z,2,testing
11,zl,f,22,index,True,1140467,1141330,/,diamond.png,triangle.png,diamond.png,triangle.png,[0, 255, 0],[255, 255, 0],0,90,2,3,1,0,change_ori,/,0,testing
11,zl,f,22,index,True,1145960,1148914,/,diamond.png,triangle.png,diamond.png,triangle.png,[0, 0, 255],[255, 255, 0],90,135,1,2,3,0,change_ori,/,0,testing
11,zl,f,22,index,True,1153541,1154819,z,circle.png,rect.png,circle.png,rect.png,[255, 0, 0],[255, 255, 0],0,45,3,1,2,0,nochange_col,z,3,testing
11,zl,f,22,index,True,1159502,1160467,/,triangle.png,rect.png,triangle.png,rect.png,[255, 255, 0],[255, 0, 0],45,135,2,0,3,1,change_ori,/,2,testing
11,zl,f,22,index,True,1165113,1166483,z,rect.png,circle.png,rect.png,circle.png,[255, 255, 0],[255, 0, 0],135,0,3,1,2,0,nochange_ori,z,0,testing
11,zl,f,22,index,True,1171073,1171891,/,circle.png,diamond.png,circle.png,diamond.png,[0, 255, 0],[0, 0, 255],0,135,1,2,3,0,change_col,/,1,testing
11,zl,f,22,index,True,1176600,1177971,/,rect.png,circle.png,rect.png,circle.png,[255, 0, 0],[255, 255, 0],0,45,3,1,2,0,change_ori,/,0,testing
11,zl,f,22,index,True,1182661,1188483,/,circle.png,triangle.png,circle.png,triangle.png,[0, 255, 0],[0, 0, 255],45,90,3,1,2,0,change_col,/,3,testing
11,zl,f,22,index,True,1193114,1194947,z,circle.png,diamond.png,circle.png,diamond.png,[0, 0, 255],[255, 0, 0],90,45,3,1,0,2,nochange_ori,z,2,testing
11,zl,f,22,index,True,1199625,1204355,/,diamond.png,circle.png,diamond.png,circle.png,[255, 255, 0],[0, 0, 255],135,45,3,2,1,0,nochange_col,z,3,testing
11,zl,f,22,index,True,1208976,1210882,z,diamond.png,circle.png,diamond.png,circle.png,[255, 255, 0],[0, 0, 255],45,0,0,1,2,3,nochange_ori,z,2,testing
11,zl,f,22,index,True,1215555,1216899,/,triangle.png,rect.png,triangle.png,rect.png,[255, 0, 0],[0, 255, 0],0,45,2,3,0,1,change_ori,/,2,testing
