subj,name,gender,age,cond,P_resp,P_startTime,P_respTime,P_gotKey,shape1,shape2,shape3,shape4,color1,color2,color3,color4ori1,ori2,ori3,ori4ord_1,ord_2,ord_3,ord_4,task,correct_key,no_change,mode
12,cyc,f,21,index,True,53157,54459,z,diamond.png,circle.png,diamond.png,circle.png,[0, 0, 255],[255, 0, 0],0,45,0,1,3,2,nochange_ori,z,0,practice
12,cyc,f,21,index,True,59084,59739,/,triangle.png,rect.png,triangle.png,rect.png,[255, 0, 0],[0, 0, 255],45,135,1,0,2,3,change_col,/,1,practice
12,cyc,f,21,index,True,64344,65019,/,rect.png,diamond.png,rect.png,diamond.png,[255, 0, 0],[0, 255, 0],90,135,2,1,0,3,change_col,/,3,practice
12,cyc,f,21,index,True,69771,71099,z,triangle.png,diamond.png,triangle.png,diamond.png,[0, 0, 255],[0, 255, 0],90,45,0,2,1,3,nochange_ori,z,0,practice
12,cyc,f,21,index,True,75798,76635,/,triangle.png,rect.png,triangle.png,rect.png,[0, 255, 0],[255, 255, 0],135,45,1,3,0,2,change_ori,/,2,practice
12,cyc,f,21,index,True,81375,82107,/,triangle.png,circle.png,triangle.png,circle.png,[0, 0, 255],[255, 0, 0],135,0,0,3,1,2,change_ori,/,2,practice
12,cyc,f,21,index,True,86701,87866,z,diamond.png,circle.png,diamond.png,circle.png,[255, 0, 0],[0, 255, 0],0,45,1,0,3,2,nochange_ori,z,2,practice
12,cyc,f,21,index,True,92563,93658,/,circle.png,triangle.png,circle.png,triangle.png,[0, 0, 255],[0, 255, 0],135,0,0,2,3,1,change_ori,/,2,practice
12,cyc,f,21,index,True,98340,99403,z,rect.png,triangle.png,rect.png,triangle.png,[0, 0, 255],[255, 0, 0],135,0,3,0,1,2,nochange_col,z,3,practice
12,cyc,f,21,index,True,104050,104890,z,circle.png,triangle.png,circle.png,triangle.png,[255, 255, 0],[0, 255, 0],135,0,2,3,0,1,nochange_col,z,3,practice
12,cyc,f,21,index,True,109594,110618,/,diamond.png,rect.png,diamond.png,rect.png,[255, 255, 0],[255, 0, 0],45,90,3,1,0,2,change_col,/,3,practice
12,cyc,f,21,index,True,115254,116250,/,triangle.png,diamond.png,triangle.png,diamond.png,[255, 0, 0],[255, 255, 0],45,135,0,3,1,2,change_col,/,1,practice
12,cyc,f,21,index,True,120948,121819,z,diamond.png,triangle.png,diamond.png,triangle.png,[255, 255, 0],[0, 255, 0],45,90,1,2,0,3,nochange_col,z,3,practice
12,cyc,f,21,index,True,126592,129435,/,circle.png,triangle.png,circle.png,triangle.png,[255, 255, 0],[0, 0, 255],0,90,1,2,0,3,nochange_ori,z,0,practice
12,cyc,f,21,index,True,134039,134794,/,circle.png,diamond.png,circle.png,diamond.png,[0, 255, 0],[255, 255, 0],45,0,1,2,0,3,change_ori,/,0,practice
12,cyc,f,21,index,True,139399,140426,z,rect.png,triangle.png,rect.png,triangle.png,[255, 0, 0],[0, 0, 255],90,45,3,2,0,1,nochange_ori,z,2,practice
12,cyc,f,21,index,True,145026,146378,/,diamond.png,circle.png,diamond.png,circle.png,[0, 0, 255],[255, 0, 0],135,90,2,1,0,3,change_col,/,1,practice
12,cyc,f,21,index,True,151053,151993,z,circle.png,triangle.png,circle.png,triangle.png,[0, 0, 255],[0, 255, 0],0,45,0,2,1,3,nochange_col,z,3,practice
12,cyc,f,21,index,True,156614,157435,z,triangle.png,rect.png,triangle.png,rect.png,[255, 255, 0],[0, 255, 0],135,45,0,3,2,1,nochange_col,z,1,practice
12,cyc,f,21,index,True,162107,162954,/,diamond.png,triangle.png,diamond.png,triangle.png,[255, 255, 0],[0, 255, 0],0,135,0,3,1,2,change_ori,/,0,practice
12,cyc,f,21,index,True,169404,170315,z,rect.png,triangle.png,rect.png,triangle.png,[0, 0, 255],[255, 0, 0],45,90,2,1,0,3,nochange_col,z,3,testing
12,cyc,f,21,index,True,175031,176394,/,triangle.png,diamond.png,triangle.png,diamond.png,[0, 255, 0],[0, 0, 255],45,135,3,1,2,0,nochange_col,z,1,testing
12,cyc,f,21,index,True,181125,182554,/,diamond.png,triangle.png,diamond.png,triangle.png,[255, 0, 0],[0, 255, 0],45,0,3,0,2,1,change_ori,/,2,testing
12,cyc,f,21,index,True,187270,188107,z,circle.png,diamond.png,circle.png,diamond.png,[0, 0, 255],[0, 255, 0],135,90,3,0,1,2,nochange_ori,z,0,testing
12,cyc,f,21,index,True,192746,194058,/,circle.png,diamond.png,circle.png,diamond.png,[0, 0, 255],[255, 0, 0],135,45,1,2,0,3,change_col,/,3,testing
12,cyc,f,21,index,True,198808,199866,/,triangle.png,circle.png,triangle.png,circle.png,[0, 0, 255],[255, 0, 0],90,0,3,0,2,1,change_ori,/,2,testing
12,cyc,f,21,index,True,204635,205594,z,rect.png,diamond.png,rect.png,diamond.png,[0, 0, 255],[0, 255, 0],135,45,2,1,3,0,nochange_ori,z,0,testing
12,cyc,f,21,index,True,210279,211258,/,triangle.png,rect.png,triangle.png,rect.png,[0, 0, 255],[255, 0, 0],90,135,3,1,2,0,change_ori,/,2,testing
12,cyc,f,21,index,True,215823,216842,/,rect.png,circle.png,rect.png,circle.png,[255, 0, 0],[0, 0, 255],90,45,0,1,3,2,change_ori,/,2,testing
12,cyc,f,21,index,True,221466,223098,z,triangle.png,circle.png,triangle.png,circle.png,[0, 255, 0],[255, 255, 0],90,0,0,3,2,1,nochange_col,z,3,testing
12,cyc,f,21,index,True,227761,228794,z,rect.png,diamond.png,rect.png,diamond.png,[0, 0, 255],[255, 255, 0],90,135,3,2,1,0,nochange_ori,z,2,testing
12,cyc,f,21,index,True,233421,234346,z,diamond.png,triangle.png,diamond.png,triangle.png,[0, 0, 255],[255, 255, 0],45,135,3,2,0,1,nochange_ori,z,0,testing
12,cyc,f,21,index,True,238964,240154,z,circle.png,rect.png,circle.png,rect.png,[0, 0, 255],[0, 255, 0],45,0,0,1,2,3,nochange_ori,z,0,testing
12,cyc,f,21,index,True,244758,245274,/,rect.png,circle.png,rect.png,circle.png,[255, 0, 0],[0, 0, 255],0,90,0,2,1,3,change_col,/,1,testing
12,cyc,f,21,index,True,250034,250730,z,rect.png,triangle.png,rect.png,triangle.png,[0, 0, 255],[255, 0, 0],0,90,1,2,0,3,nochange_col,z,3,testing
12,cyc,f,21,index,True,255345,256617,z,diamond.png,rect.png,diamond.png,rect.png,[255, 0, 0],[0, 255, 0],0,90,0,3,1,2,nochange_ori,z,2,testing
12,cyc,f,21,index,True,261356,262890,z,diamond.png,triangle.png,diamond.png,triangle.png,[0, 255, 0],[0, 0, 255],45,90,0,1,3,2,nochange_ori,z,2,testing
12,cyc,f,21,index,True,267533,268714,z,circle.png,triangle.png,circle.png,triangle.png,[0, 0, 255],[0, 255, 0],135,0,1,2,0,3,nochange_ori,z,0,testing
12,cyc,f,21,index,True,273461,274634,/,triangle.png,circle.png,triangle.png,circle.png,[255, 255, 0],[255, 0, 0],0,90,2,3,1,0,change_col,/,1,testing
12,cyc,f,21,index,True,279222,279834,/,circle.png,triangle.png,circle.png,triangle.png,[0, 255, 0],[255, 0, 0],90,135,3,2,0,1,change_col,/,1,testing
12,cyc,f,21,index,True,284581,285610,z,diamond.png,rect.png,diamond.png,rect.png,[255, 0, 0],[0, 0, 255],0,90,3,0,2,1,nochange_col,z,3,testing
12,cyc,f,21,index,True,290225,291354,z,rect.png,triangle.png,rect.png,triangle.png,[255, 0, 0],[255, 255, 0],0,45,0,1,3,2,nochange_ori,z,0,testing
12,cyc,f,21,index,True,295969,297354,/,circle.png,rect.png,circle.png,rect.png,[0, 255, 0],[0, 0, 255],45,0,2,3,1,0,change_ori,/,2,testing
12,cyc,f,21,index,True,302031,302778,/,rect.png,circle.png,rect.png,circle.png,[255, 0, 0],[0, 0, 255],135,90,2,0,3,1,change_col,/,1,testing
12,cyc,f,21,index,True,307524,308474,z,triangle.png,rect.png,triangle.png,rect.png,[255, 0, 0],[0, 0, 255],0,90,2,1,3,0,nochange_ori,z,0,testing
12,cyc,f,21,index,True,313084,315961,z,rect.png,diamond.png,rect.png,diamond.png,[0, 0, 255],[0, 255, 0],45,0,2,0,3,1,nochange_ori,z,0,testing
12,cyc,f,21,index,True,320548,321081,/,diamond.png,circle.png,diamond.png,circle.png,[255, 0, 0],[0, 255, 0],0,135,2,0,1,3,change_col,/,3,testing
12,cyc,f,21,index,True,325807,327449,/,diamond.png,circle.png,diamond.png,circle.png,[255, 0, 0],[255, 255, 0],90,0,3,0,1,2,nochange_col,z,1,testing
12,cyc,f,21,index,True,332202,333033,/,circle.png,diamond.png,circle.png,diamond.png,[255, 255, 0],[0, 255, 0],0,45,2,3,0,1,change_ori,/,0,testing
12,cyc,f,21,index,True,337613,338409,/,circle.png,triangle.png,circle.png,triangle.png,[255, 0, 0],[0, 0, 255],45,135,0,1,3,2,change_ori,/,0,testing
12,cyc,f,21,index,True,343005,343881,/,triangle.png,circle.png,triangle.png,circle.png,[255, 0, 0],[0, 255, 0],135,0,2,0,3,1,change_col,/,3,testing
12,cyc,f,21,index,True,348632,349402,z,triangle.png,rect.png,triangle.png,rect.png,[255, 0, 0],[255, 255, 0],45,90,1,2,0,3,nochange_col,z,3,testing
12,cyc,f,21,index,True,354110,354633,/,diamond.png,circle.png,diamond.png,circle.png,[255, 255, 0],[255, 0, 0],135,45,3,1,2,0,change_ori,/,0,testing
12,cyc,f,21,index,True,359252,360394,/,rect.png,circle.png,rect.png,circle.png,[255, 0, 0],[0, 0, 255],45,135,2,0,1,3,change_ori,/,2,testing
12,cyc,f,21,index,True,364979,365978,/,diamond.png,circle.png,diamond.png,circle.png,[255, 0, 0],[255, 255, 0],135,45,0,3,2,1,change_col,/,1,testing
12,cyc,f,21,index,True,370539,371225,/,diamond.png,triangle.png,diamond.png,triangle.png,[255, 255, 0],[255, 0, 0],90,45,0,2,1,3,change_col,/,1,testing
12,cyc,f,21,index,True,375865,376841,/,triangle.png,circle.png,triangle.png,circle.png,[0, 0, 255],[255, 255, 0],45,0,1,0,3,2,change_col,/,1,testing
12,cyc,f,21,index,True,381527,382665,z,triangle.png,rect.png,triangle.png,rect.png,[255, 0, 0],[0, 255, 0],0,135,2,1,3,0,nochange_ori,z,0,testing
12,cyc,f,21,index,True,387354,389001,/,rect.png,triangle.png,rect.png,triangle.png,[0, 0, 255],[0, 255, 0],45,90,2,3,0,1,change_ori,/,2,testing
12,cyc,f,21,index,True,393632,394569,z,triangle.png,rect.png,triangle.png,rect.png,[255, 255, 0],[0, 0, 255],45,0,3,2,0,1,nochange_col,z,3,testing
12,cyc,f,21,index,True,399259,400713,/,diamond.png,triangle.png,diamond.png,triangle.png,[0, 0, 255],[255, 0, 0],135,45,1,3,0,2,change_ori,/,2,testing
12,cyc,f,21,index,True,405387,406248,/,circle.png,rect.png,circle.png,rect.png,[255, 0, 0],[255, 255, 0],90,0,1,3,0,2,change_ori,/,0,testing
12,cyc,f,21,index,True,410830,411465,/,triangle.png,rect.png,triangle.png,rect.png,[255, 0, 0],[0, 0, 255],135,90,1,2,0,3,change_col,/,3,testing
12,cyc,f,21,index,True,416190,417114,z,rect.png,triangle.png,rect.png,triangle.png,[255, 0, 0],[0, 0, 255],135,0,0,1,2,3,nochange_col,z,3,testing
12,cyc,f,21,index,True,421750,424553,z,circle.png,rect.png,circle.png,rect.png,[0, 0, 255],[255, 0, 0],90,0,2,0,3,1,nochange_ori,z,0,testing
12,cyc,f,21,index,True,429180,430040,z,diamond.png,triangle.png,diamond.png,triangle.png,[255, 255, 0],[0, 0, 255],45,90,3,1,0,2,nochange_ori,z,2,testing
12,cyc,f,21,index,True,434674,435545,/,rect.png,diamond.png,rect.png,diamond.png,[0, 255, 0],[0, 0, 255],45,0,0,3,1,2,change_ori,/,0,testing
12,cyc,f,21,index,True,440151,440937,z,diamond.png,circle.png,diamond.png,circle.png,[255, 255, 0],[0, 0, 255],90,0,0,1,3,2,nochange_col,z,3,testing
12,cyc,f,21,index,True,445644,446617,z,triangle.png,diamond.png,triangle.png,diamond.png,[255, 255, 0],[255, 0, 0],45,135,2,1,0,3,nochange_ori,z,0,testing
12,cyc,f,21,index,True,451287,452905,/,triangle.png,diamond.png,triangle.png,diamond.png,[255, 255, 0],[0, 255, 0],45,135,1,3,2,0,change_ori,/,2,testing
12,cyc,f,21,index,True,457666,458408,z,diamond.png,circle.png,diamond.png,circle.png,[255, 0, 0],[0, 0, 255],45,135,0,1,3,2,nochange_col,z,1,testing
12,cyc,f,21,index,True,463075,463737,/,diamond.png,rect.png,diamond.png,rect.png,[0, 0, 255],[0, 255, 0],45,90,2,0,3,1,change_col,/,3,testing
12,cyc,f,21,index,True,468302,468889,/,rect.png,circle.png,rect.png,circle.png,[255, 255, 0],[0, 0, 255],135,0,1,2,0,3,change_col,/,3,testing
12,cyc,f,21,index,True,473578,474761,/,diamond.png,rect.png,diamond.png,rect.png,[255, 0, 0],[0, 0, 255],45,135,3,2,1,0,change_ori,/,0,testing
12,cyc,f,21,index,True,479539,480457,z,diamond.png,circle.png,diamond.png,circle.png,[255, 255, 0],[255, 0, 0],135,0,1,2,3,0,nochange_col,z,1,testing
12,cyc,f,21,index,True,485133,485753,/,triangle.png,circle.png,triangle.png,circle.png,[255, 0, 0],[0, 0, 255],135,45,1,2,3,0,change_ori,/,2,testing
12,cyc,f,21,index,True,490409,491305,z,triangle.png,diamond.png,triangle.png,diamond.png,[0, 255, 0],[0, 0, 255],90,45,2,3,0,1,nochange_col,z,1,testing
12,cyc,f,21,index,True,495886,496489,z,rect.png,circle.png,rect.png,circle.png,[255, 255, 0],[0, 0, 255],135,45,3,0,2,1,nochange_col,z,3,testing
12,cyc,f,21,index,True,501113,502408,z,rect.png,circle.png,rect.png,circle.png,[0, 0, 255],[0, 255, 0],90,135,3,2,1,0,nochange_ori,z,0,testing
12,cyc,f,21,index,True,507123,507817,z,rect.png,diamond.png,rect.png,diamond.png,[0, 0, 255],[0, 255, 0],45,135,2,1,3,0,nochange_col,z,1,testing
12,cyc,f,21,index,True,512383,513609,z,diamond.png,rect.png,diamond.png,rect.png,[255, 255, 0],[255, 0, 0],45,0,2,3,1,0,nochange_col,z,1,testing
12,cyc,f,21,index,True,518377,519097,z,diamond.png,triangle.png,diamond.png,triangle.png,[255, 0, 0],[255, 255, 0],135,45,0,2,3,1,nochange_col,z,3,testing
12,cyc,f,21,index,True,523804,524697,z,triangle.png,diamond.png,triangle.png,diamond.png,[255, 0, 0],[0, 0, 255],45,0,0,3,1,2,nochange_ori,z,0,testing
12,cyc,f,21,index,True,529381,530088,/,circle.png,diamond.png,circle.png,diamond.png,[0, 0, 255],[255, 0, 0],135,0,2,3,1,0,change_col,/,1,testing
12,cyc,f,21,index,True,534774,536199,z,rect.png,triangle.png,rect.png,triangle.png,[0, 255, 0],[255, 0, 0],135,0,0,3,2,1,nochange_ori,z,0,testing
12,cyc,f,21,index,True,540769,541657,z,triangle.png,circle.png,triangle.png,circle.png,[255, 255, 0],[0, 0, 255],45,0,0,2,3,1,nochange_col,z,1,testing
12,cyc,f,21,index,True,546345,547000,/,rect.png,diamond.png,rect.png,diamond.png,[255, 0, 0],[0, 0, 255],0,135,0,3,1,2,change_col,/,3,testing
12,cyc,f,21,index,True,551621,554328,z,rect.png,diamond.png,rect.png,diamond.png,[255, 0, 0],[0, 0, 255],0,90,1,2,3,0,nochange_col,z,1,testing
12,cyc,f,21,index,True,559019,560264,/,circle.png,rect.png,circle.png,rect.png,[0, 255, 0],[255, 0, 0],45,135,1,3,0,2,change_col,/,1,testing
12,cyc,f,21,index,True,564913,565784,/,diamond.png,circle.png,diamond.png,circle.png,[0, 0, 255],[255, 0, 0],45,135,3,0,2,1,change_ori,/,0,testing
12,cyc,f,21,index,True,570373,571737,z,triangle.png,diamond.png,triangle.png,diamond.png,[255, 255, 0],[0, 255, 0],90,135,1,0,2,3,nochange_col,z,3,testing
12,cyc,f,21,index,True,576334,577336,/,circle.png,diamond.png,circle.png,diamond.png,[255, 255, 0],[255, 0, 0],45,90,2,1,3,0,change_ori,/,2,testing
12,cyc,f,21,index,True,581978,583512,z,triangle.png,diamond.png,triangle.png,diamond.png,[255, 0, 0],[255, 255, 0],45,135,0,2,3,1,nochange_ori,z,0,testing
12,cyc,f,21,index,True,588256,588905,/,diamond.png,rect.png,diamond.png,rect.png,[0, 0, 255],[255, 255, 0],90,135,2,1,3,0,change_col,/,3,testing
12,cyc,f,21,index,True,593582,594489,/,diamond.png,circle.png,diamond.png,circle.png,[255, 255, 0],[0, 255, 0],135,0,0,1,3,2,change_col,/,3,testing
12,cyc,f,21,index,True,599193,600008,/,rect.png,circle.png,rect.png,circle.png,[0, 0, 255],[0, 255, 0],135,90,0,3,1,2,change_col,/,1,testing
12,cyc,f,21,index,True,604669,605912,/,circle.png,triangle.png,circle.png,triangle.png,[255, 255, 0],[0, 0, 255],45,0,2,3,1,0,change_ori,/,0,testing
12,cyc,f,21,index,True,610546,611320,/,circle.png,diamond.png,circle.png,diamond.png,[0, 0, 255],[255, 0, 0],135,90,2,1,3,0,change_col,/,3,testing
12,cyc,f,21,index,True,616073,616856,z,diamond.png,circle.png,diamond.png,circle.png,[0, 255, 0],[0, 0, 255],45,0,2,1,0,3,nochange_ori,z,2,testing
12,cyc,f,21,index,True,621601,622568,/,triangle.png,rect.png,triangle.png,rect.png,[0, 255, 0],[255, 0, 0],135,0,3,0,1,2,change_ori,/,2,testing
12,cyc,f,21,index,True,641604,642615,z,diamond.png,rect.png,diamond.png,rect.png,[255, 0, 0],[0, 255, 0],90,135,1,3,0,2,nochange_ori,z,0,testing
12,cyc,f,21,index,True,647198,648088,z,rect.png,circle.png,rect.png,circle.png,[255, 0, 0],[0, 0, 255],90,0,3,0,1,2,nochange_ori,z,2,testing
12,cyc,f,21,index,True,652757,654120,/,rect.png,triangle.png,rect.png,triangle.png,[0, 0, 255],[255, 255, 0],45,0,3,2,0,1,change_ori,/,2,testing
12,cyc,f,21,index,True,658785,660024,/,rect.png,triangle.png,rect.png,triangle.png,[255, 255, 0],[0, 0, 255],135,90,1,3,2,0,change_ori,/,2,testing
12,cyc,f,21,index,True,664679,665960,z,rect.png,diamond.png,rect.png,diamond.png,[0, 0, 255],[0, 255, 0],0,135,0,3,2,1,nochange_ori,z,2,testing
12,cyc,f,21,index,True,670707,671288,/,rect.png,triangle.png,rect.png,triangle.png,[255, 255, 0],[0, 255, 0],135,0,2,1,3,0,change_ori,/,2,testing
12,cyc,f,21,index,True,675883,678615,z,diamond.png,rect.png,diamond.png,rect.png,[255, 0, 0],[255, 255, 0],0,45,0,1,2,3,nochange_ori,z,2,testing
12,cyc,f,21,index,True,683213,684520,z,circle.png,diamond.png,circle.png,diamond.png,[255, 0, 0],[0, 255, 0],90,45,2,0,1,3,nochange_col,z,3,testing
12,cyc,f,21,index,True,689224,690104,z,circle.png,rect.png,circle.png,rect.png,[0, 255, 0],[0, 0, 255],45,0,1,3,0,2,nochange_col,z,3,testing
12,cyc,f,21,index,True,694701,695863,/,rect.png,diamond.png,rect.png,diamond.png,[0, 0, 255],[0, 255, 0],135,0,1,3,2,0,change_ori,/,0,testing
12,cyc,f,21,index,True,700612,701623,z,diamond.png,circle.png,diamond.png,circle.png,[0, 255, 0],[255, 255, 0],45,90,2,1,3,0,nochange_col,z,3,testing
12,cyc,f,21,index,True,706306,707335,z,circle.png,rect.png,circle.png,rect.png,[0, 255, 0],[255, 0, 0],135,90,3,1,0,2,nochange_col,z,3,testing
12,cyc,f,21,index,True,712100,713255,/,triangle.png,circle.png,triangle.png,circle.png,[255, 255, 0],[0, 255, 0],90,45,2,0,1,3,change_ori,/,0,testing
12,cyc,f,21,index,True,717843,719223,/,circle.png,triangle.png,circle.png,triangle.png,[0, 255, 0],[255, 255, 0],45,0,0,3,1,2,change_col,/,1,testing
12,cyc,f,21,index,True,723938,725192,z,diamond.png,rect.png,diamond.png,rect.png,[255, 255, 0],[255, 0, 0],135,45,2,1,3,0,nochange_col,z,3,testing
12,cyc,f,21,index,True,729832,730791,/,diamond.png,rect.png,diamond.png,rect.png,[0, 255, 0],[255, 255, 0],135,45,3,2,0,1,change_ori,/,0,testing
12,cyc,f,21,index,True,735526,736968,z,triangle.png,diamond.png,triangle.png,diamond.png,[255, 0, 0],[0, 255, 0],45,135,2,1,0,3,nochange_ori,z,0,testing
12,cyc,f,21,index,True,741721,743079,/,rect.png,circle.png,rect.png,circle.png,[255, 0, 0],[0, 0, 255],0,45,0,1,2,3,change_col,/,1,testing
12,cyc,f,21,index,True,747732,748520,/,circle.png,triangle.png,circle.png,triangle.png,[255, 255, 0],[0, 255, 0],45,90,3,0,1,2,change_col,/,1,testing
12,cyc,f,21,index,True,753259,754695,z,circle.png,rect.png,circle.png,rect.png,[255, 255, 0],[0, 0, 255],90,135,3,2,1,0,nochange_ori,z,0,testing
12,cyc,f,21,index,True,759369,760631,z,rect.png,triangle.png,rect.png,triangle.png,[255, 0, 0],[0, 0, 255],135,0,1,0,3,2,nochange_col,z,1,testing
12,cyc,f,21,index,True,765365,766343,/,circle.png,rect.png,circle.png,rect.png,[255, 0, 0],[0, 255, 0],90,135,2,0,3,1,change_ori,/,2,testing
12,cyc,f,21,index,True,771058,772072,/,circle.png,rect.png,circle.png,rect.png,[0, 255, 0],[255, 0, 0],135,45,2,1,3,0,change_ori,/,2,testing
12,cyc,f,21,index,True,776685,783479,z,diamond.png,circle.png,diamond.png,circle.png,[255, 0, 0],[0, 255, 0],0,45,2,3,1,0,change_col,/,3,testing
12,cyc,f,21,index,True,788206,789287,z,rect.png,circle.png,rect.png,circle.png,[255, 0, 0],[255, 255, 0],45,0,0,3,2,1,nochange_ori,z,2,testing
12,cyc,f,21,index,True,794033,795399,z,circle.png,triangle.png,circle.png,triangle.png,[0, 255, 0],[0, 0, 255],90,45,0,1,3,2,nochange_col,z,3,testing
12,cyc,f,21,index,True,800161,801223,z,rect.png,diamond.png,rect.png,diamond.png,[0, 255, 0],[255, 0, 0],90,0,0,2,3,1,nochange_ori,z,2,testing
12,cyc,f,21,index,True,805822,806839,/,diamond.png,rect.png,diamond.png,rect.png,[0, 0, 255],[255, 0, 0],0,135,2,0,3,1,change_ori,/,2,testing
12,cyc,f,21,index,True,811516,812679,z,diamond.png,rect.png,diamond.png,rect.png,[0, 255, 0],[255, 0, 0],90,0,0,1,2,3,nochange_col,z,1,testing
12,cyc,f,21,index,True,817409,818343,/,diamond.png,rect.png,diamond.png,rect.png,[0, 255, 0],[255, 0, 0],45,90,0,1,2,3,change_col,/,1,testing
12,cyc,f,21,index,True,823003,824342,z,triangle.png,circle.png,triangle.png,circle.png,[0, 0, 255],[0, 255, 0],45,90,0,2,3,1,nochange_col,z,1,testing
12,cyc,f,21,index,True,829014,829847,/,circle.png,diamond.png,circle.png,diamond.png,[255, 255, 0],[255, 0, 0],135,90,2,3,0,1,change_col,/,1,testing
12,cyc,f,21,index,True,834624,836455,/,triangle.png,diamond.png,triangle.png,diamond.png,[255, 255, 0],[0, 255, 0],0,45,1,0,2,3,change_ori,/,2,testing
12,cyc,f,21,index,True,841203,842615,/,triangle.png,rect.png,triangle.png,rect.png,[0, 0, 255],[0, 255, 0],90,135,1,0,3,2,change_col,/,3,testing
12,cyc,f,21,index,True,847181,848631,z,triangle.png,rect.png,triangle.png,rect.png,[0, 0, 255],[0, 255, 0],90,0,2,3,1,0,nochange_col,z,3,testing
12,cyc,f,21,index,True,853309,853911,/,diamond.png,triangle.png,diamond.png,triangle.png,[255, 255, 0],[255, 0, 0],90,135,1,3,0,2,change_ori,/,2,testing
12,cyc,f,21,index,True,858668,859686,/,triangle.png,circle.png,triangle.png,circle.png,[0, 255, 0],[255, 0, 0],45,0,1,3,2,0,change_ori,/,0,testing
12,cyc,f,21,index,True,864363,865910,/,rect.png,circle.png,rect.png,circle.png,[255, 0, 0],[0, 255, 0],135,0,1,2,3,0,change_col,/,3,testing
12,cyc,f,21,index,True,870624,871927,/,diamond.png,rect.png,diamond.png,rect.png,[0, 255, 0],[255, 255, 0],90,0,0,1,2,3,change_col,/,3,testing
12,cyc,f,21,index,True,876685,877543,/,rect.png,circle.png,rect.png,circle.png,[0, 255, 0],[255, 255, 0],0,90,1,3,0,2,change_ori,/,0,testing
12,cyc,f,21,index,True,882262,884454,/,diamond.png,circle.png,diamond.png,circle.png,[0, 0, 255],[255, 255, 0],135,0,3,0,1,2,change_col,/,3,testing
12,cyc,f,21,index,True,889091,890374,/,triangle.png,diamond.png,triangle.png,diamond.png,[255, 255, 0],[255, 0, 0],135,90,2,0,1,3,change_col,/,1,testing
12,cyc,f,21,index,True,895136,898775,/,diamond.png,triangle.png,diamond.png,triangle.png,[255, 0, 0],[255, 255, 0],45,0,1,0,3,2,nochange_ori,z,0,testing
12,cyc,f,21,index,True,903351,904151,z,triangle.png,diamond.png,triangle.png,diamond.png,[0, 0, 255],[0, 255, 0],135,45,1,2,0,3,nochange_col,z,1,testing
12,cyc,f,21,index,True,908794,909479,z,circle.png,triangle.png,circle.png,triangle.png,[0, 255, 0],[0, 0, 255],135,90,3,1,2,0,nochange_ori,z,0,testing
12,cyc,f,21,index,True,914071,914903,z,diamond.png,rect.png,diamond.png,rect.png,[255, 255, 0],[255, 0, 0],45,135,3,1,0,2,nochange_col,z,3,testing
12,cyc,f,21,index,True,919481,920662,/,circle.png,triangle.png,circle.png,triangle.png,[0, 255, 0],[255, 255, 0],45,0,1,2,3,0,change_col,/,1,testing
12,cyc,f,21,index,True,925240,926183,/,rect.png,triangle.png,rect.png,triangle.png,[0, 255, 0],[0, 0, 255],45,0,1,0,3,2,change_ori,/,0,testing
12,cyc,f,21,index,True,930902,933895,/,circle.png,diamond.png,circle.png,diamond.png,[255, 255, 0],[0, 0, 255],0,45,3,0,1,2,change_ori,/,0,testing
12,cyc,f,21,index,True,938532,939494,z,rect.png,circle.png,rect.png,circle.png,[255, 0, 0],[0, 0, 255],90,45,2,3,0,1,nochange_ori,z,2,testing
12,cyc,f,21,index,True,944125,945174,z,diamond.png,triangle.png,diamond.png,triangle.png,[0, 255, 0],[255, 255, 0],0,45,2,1,0,3,nochange_col,z,3,testing
12,cyc,f,21,index,True,949903,950855,z,diamond.png,circle.png,diamond.png,circle.png,[0, 255, 0],[0, 0, 255],90,45,2,0,1,3,nochange_col,z,1,testing
12,cyc,f,21,index,True,955480,956294,/,triangle.png,circle.png,triangle.png,circle.png,[0, 255, 0],[255, 255, 0],45,0,3,2,0,1,change_ori,/,2,testing
12,cyc,f,21,index,True,960940,962103,/,rect.png,circle.png,rect.png,circle.png,[0, 255, 0],[0, 0, 255],90,45,1,3,2,0,change_col,/,1,testing
12,cyc,f,21,index,True,966767,967718,/,rect.png,circle.png,rect.png,circle.png,[255, 0, 0],[0, 255, 0],90,135,1,3,2,0,change_ori,/,2,testing
12,cyc,f,21,index,True,972461,974470,z,triangle.png,rect.png,triangle.png,rect.png,[255, 0, 0],[0, 255, 0],0,90,2,1,0,3,nochange_col,z,1,testing
12,cyc,f,21,index,True,979223,980054,/,rect.png,triangle.png,rect.png,triangle.png,[255, 0, 0],[255, 255, 0],135,0,2,3,1,0,change_col,/,1,testing
12,cyc,f,21,index,True,984700,985815,/,rect.png,triangle.png,rect.png,triangle.png,[0, 255, 0],[0, 0, 255],90,135,0,1,2,3,change_ori,/,0,testing
12,cyc,f,21,index,True,990561,991798,z,rect.png,diamond.png,rect.png,diamond.png,[255, 0, 0],[0, 0, 255],0,135,0,1,3,2,nochange_ori,z,0,testing
12,cyc,f,21,index,True,996371,1000934,z,rect.png,triangle.png,rect.png,triangle.png,[255, 255, 0],[0, 255, 0],45,0,0,2,3,1,nochange_ori,z,0,testing
12,cyc,f,21,index,True,1005656,1006918,z,circle.png,rect.png,circle.png,rect.png,[0, 255, 0],[0, 0, 255],45,0,1,3,0,2,nochange_col,z,3,testing
12,cyc,f,21,index,True,1011549,1012390,z,circle.png,diamond.png,circle.png,diamond.png,[255, 0, 0],[0, 255, 0],0,45,1,3,2,0,nochange_col,z,3,testing
12,cyc,f,21,index,True,1017110,1021382,/,rect.png,circle.png,rect.png,circle.png,[0, 255, 0],[255, 255, 0],90,45,0,1,3,2,nochange_ori,z,2,testing
12,cyc,f,21,index,True,1025976,1026966,z,circle.png,rect.png,circle.png,rect.png,[0, 0, 255],[255, 255, 0],90,0,0,3,1,2,nochange_ori,z,0,testing
12,cyc,f,21,index,True,1031553,1032085,z,diamond.png,circle.png,diamond.png,circle.png,[0, 0, 255],[255, 0, 0],0,90,0,1,3,2,nochange_ori,z,2,testing
12,cyc,f,21,index,True,1036846,1037862,/,rect.png,diamond.png,rect.png,diamond.png,[0, 255, 0],[255, 255, 0],0,90,2,0,1,3,change_col,/,3,testing
12,cyc,f,21,index,True,1042589,1043446,/,diamond.png,rect.png,diamond.png,rect.png,[255, 0, 0],[255, 255, 0],135,0,0,3,2,1,change_col,/,3,testing
12,cyc,f,21,index,True,1048016,1049174,/,rect.png,diamond.png,rect.png,diamond.png,[0, 0, 255],[255, 0, 0],90,45,2,3,0,1,change_ori,/,2,testing
12,cyc,f,21,index,True,1053910,1054934,z,diamond.png,triangle.png,diamond.png,triangle.png,[0, 0, 255],[255, 255, 0],90,135,1,2,3,0,nochange_col,z,1,testing
12,cyc,f,21,index,True,1059587,1060598,/,diamond.png,circle.png,diamond.png,circle.png,[255, 255, 0],[255, 0, 0],0,135,2,0,3,1,change_col,/,1,testing
12,cyc,f,21,index,True,1065198,1065894,z,rect.png,circle.png,rect.png,circle.png,[255, 0, 0],[255, 255, 0],0,45,2,0,3,1,nochange_ori,z,2,testing
12,cyc,f,21,index,True,1070641,1071638,/,rect.png,triangle.png,rect.png,triangle.png,[0, 255, 0],[255, 255, 0],90,0,1,0,2,3,change_col,/,1,testing
12,cyc,f,21,index,True,1076218,1080037,z,circle.png,rect.png,circle.png,rect.png,[0, 0, 255],[0, 255, 0],90,45,3,0,2,1,nochange_ori,z,2,testing
12,cyc,f,21,index,True,1084717,1085238,/,circle.png,diamond.png,circle.png,diamond.png,[0, 0, 255],[255, 0, 0],135,45,3,2,0,1,change_col,/,1,testing
12,cyc,f,21,index,True,1089926,1090869,z,diamond.png,circle.png,diamond.png,circle.png,[0, 0, 255],[255, 255, 0],0,45,0,2,3,1,nochange_col,z,3,testing
12,cyc,f,21,index,True,1095453,1096422,z,circle.png,triangle.png,circle.png,triangle.png,[255, 0, 0],[0, 255, 0],90,0,0,1,2,3,nochange_ori,z,0,testing
12,cyc,f,21,index,True,1101080,1101765,/,triangle.png,diamond.png,triangle.png,diamond.png,[255, 0, 0],[0, 255, 0],90,45,1,3,0,2,change_col,/,3,testing
12,cyc,f,21,index,True,1106373,1107110,z,triangle.png,diamond.png,triangle.png,diamond.png,[255, 255, 0],[0, 0, 255],45,0,0,2,1,3,nochange_col,z,1,testing
12,cyc,f,21,index,True,1111716,1113654,z,diamond.png,rect.png,diamond.png,rect.png,[255, 255, 0],[0, 0, 255],135,0,2,3,1,0,nochange_ori,z,2,testing
12,cyc,f,21,index,True,1118396,1119493,/,triangle.png,diamond.png,triangle.png,diamond.png,[255, 255, 0],[0, 0, 255],135,90,0,1,3,2,change_ori,/,2,testing
