subj,name,gender,age,cond,P_resp,P_startTime,P_respTime,P_gotKey,shape1,shape2,shape3,shape4,color1,color2,color3,color4ori1,ori2,ori3,ori4ord_1,ord_2,ord_3,ord_4,task,correct_key,no_change,mode
12,cyc,f,21,noindex,True,223168,224792,/,circle.png,rect.png,diamond.png,triangle.png,[255, 0, 0],[255, 255, 0],90,135,2,0,1,3,change_col,/,1,practice
12,cyc,f,21,noindex,True,229429,230824,/,triangle.png,diamond.png,circle.png,rect.png,[255, 0, 0],[255, 255, 0],45,135,3,1,0,2,change_ori,/,2,practice
12,cyc,f,21,noindex,True,235557,236599,z,circle.png,rect.png,diamond.png,triangle.png,[0, 255, 0],[0, 0, 255],135,45,3,0,2,1,nochange_col,z,1,practice
12,cyc,f,21,noindex,True,241218,242152,/,triangle.png,rect.png,circle.png,diamond.png,[0, 0, 255],[255, 0, 0],0,45,2,0,1,3,change_col,/,1,practice
12,cyc,f,21,noindex,True,246844,247801,/,diamond.png,rect.png,triangle.png,circle.png,[255, 0, 0],[0, 0, 255],45,135,1,3,2,0,change_col,/,3,practice
12,cyc,f,21,noindex,True,252422,253512,z,rect.png,diamond.png,triangle.png,circle.png,[255, 255, 0],[0, 255, 0],45,0,1,0,3,2,nochange_ori,z,2,practice
12,cyc,f,21,noindex,True,258232,259224,/,circle.png,rect.png,diamond.png,triangle.png,[0, 0, 255],[255, 255, 0],90,45,1,0,2,3,change_col,/,1,practice
12,cyc,f,21,noindex,True,263859,265079,/,diamond.png,rect.png,circle.png,triangle.png,[0, 255, 0],[255, 0, 0],0,90,0,3,1,2,nochange_ori,z,2,practice
12,cyc,f,21,noindex,True,269753,270920,z,diamond.png,rect.png,circle.png,triangle.png,[255, 255, 0],[255, 0, 0],90,45,3,1,0,2,nochange_ori,z,2,practice
12,cyc,f,21,noindex,True,275631,278376,/,circle.png,triangle.png,diamond.png,rect.png,[255, 0, 0],[0, 0, 255],45,90,2,0,1,3,change_ori,/,2,practice
12,cyc,f,21,noindex,True,282961,284872,z,diamond.png,circle.png,triangle.png,rect.png,[255, 255, 0],[0, 255, 0],135,90,2,1,0,3,nochange_col,z,1,practice
12,cyc,f,21,noindex,True,289472,291416,z,triangle.png,circle.png,diamond.png,rect.png,[255, 0, 0],[0, 255, 0],45,0,0,1,2,3,nochange_col,z,1,practice
12,cyc,f,21,noindex,True,296085,297496,z,circle.png,diamond.png,triangle.png,rect.png,[255, 0, 0],[0, 255, 0],45,90,3,0,1,2,nochange_ori,z,2,practice
12,cyc,f,21,noindex,True,302146,303192,z,rect.png,diamond.png,circle.png,triangle.png,[255, 0, 0],[0, 0, 255],90,0,0,2,1,3,nochange_col,z,3,practice
12,cyc,f,21,noindex,True,307957,308824,/,triangle.png,diamond.png,rect.png,circle.png,[0, 0, 255],[255, 0, 0],45,0,1,2,0,3,change_col,/,3,practice
12,cyc,f,21,noindex,True,313516,315880,/,diamond.png,rect.png,circle.png,triangle.png,[0, 255, 0],[255, 255, 0],135,90,2,0,1,3,change_ori,/,2,practice
12,cyc,f,21,noindex,True,320613,321607,/,triangle.png,rect.png,diamond.png,circle.png,[0, 0, 255],[0, 255, 0],0,90,1,2,3,0,change_ori,/,2,practice
12,cyc,f,21,noindex,True,326240,327895,/,triangle.png,diamond.png,circle.png,rect.png,[0, 255, 0],[255, 255, 0],90,135,2,1,3,0,change_ori,/,0,practice
12,cyc,f,21,noindex,True,332469,333623,z,circle.png,triangle.png,diamond.png,rect.png,[255, 255, 0],[0, 255, 0],135,90,0,3,2,1,nochange_ori,z,0,practice
12,cyc,f,21,noindex,True,338396,340023,z,rect.png,circle.png,triangle.png,diamond.png,[0, 0, 255],[255, 0, 0],45,135,3,2,1,0,nochange_col,z,1,practice
12,cyc,f,21,noindex,True,367550,370807,z,rect.png,diamond.png,circle.png,triangle.png,[255, 255, 0],[0, 255, 0],90,135,1,0,3,2,nochange_ori,z,0,testing
12,cyc,f,21,noindex,True,375430,376439,/,rect.png,circle.png,diamond.png,triangle.png,[255, 255, 0],[255, 0, 0],45,90,0,2,3,1,change_col,/,3,testing
12,cyc,f,21,noindex,True,381057,382727,z,circle.png,triangle.png,diamond.png,rect.png,[0, 255, 0],[255, 0, 0],135,90,2,0,1,3,change_ori,/,0,testing
12,cyc,f,21,noindex,True,387319,388279,/,diamond.png,triangle.png,circle.png,rect.png,[255, 0, 0],[0, 0, 255],90,0,1,3,0,2,change_ori,/,0,testing
12,cyc,f,21,noindex,True,392845,393895,z,rect.png,diamond.png,triangle.png,circle.png,[255, 255, 0],[0, 255, 0],90,45,3,2,0,1,nochange_col,z,1,testing
12,cyc,f,21,noindex,True,398606,400008,z,rect.png,triangle.png,circle.png,diamond.png,[255, 0, 0],[0, 255, 0],45,135,3,2,0,1,nochange_ori,z,0,testing
12,cyc,f,21,noindex,True,404600,406055,/,diamond.png,rect.png,triangle.png,circle.png,[0, 255, 0],[255, 255, 0],45,135,3,0,1,2,change_col,/,1,testing
12,cyc,f,21,noindex,True,410712,412743,/,rect.png,triangle.png,circle.png,diamond.png,[0, 255, 0],[0, 0, 255],135,0,3,1,2,0,change_ori,/,2,testing
12,cyc,f,21,noindex,True,417441,418295,/,diamond.png,circle.png,triangle.png,rect.png,[255, 255, 0],[0, 255, 0],90,45,0,2,1,3,change_col,/,3,testing
12,cyc,f,21,noindex,True,422885,423927,/,rect.png,diamond.png,circle.png,triangle.png,[0, 255, 0],[0, 0, 255],0,90,3,1,0,2,change_col,/,3,testing
12,cyc,f,21,noindex,True,428511,429880,z,circle.png,triangle.png,rect.png,diamond.png,[0, 0, 255],[0, 255, 0],45,135,1,3,2,0,nochange_col,z,3,testing
12,cyc,f,21,noindex,True,434472,437142,z,triangle.png,circle.png,diamond.png,rect.png,[255, 255, 0],[0, 255, 0],90,0,0,2,3,1,nochange_col,z,1,testing
12,cyc,f,21,noindex,True,441902,442791,/,circle.png,triangle.png,diamond.png,rect.png,[255, 0, 0],[255, 255, 0],135,45,2,0,1,3,change_col,/,3,testing
12,cyc,f,21,noindex,True,447479,449671,z,rect.png,diamond.png,triangle.png,circle.png,[255, 255, 0],[255, 0, 0],0,135,2,1,3,0,nochange_col,z,1,testing
12,cyc,f,21,noindex,True,454275,455654,z,circle.png,triangle.png,rect.png,diamond.png,[255, 0, 0],[0, 255, 0],0,135,2,1,3,0,nochange_col,z,3,testing
12,cyc,f,21,noindex,True,460286,461735,z,triangle.png,diamond.png,circle.png,rect.png,[0, 0, 255],[0, 255, 0],0,135,2,0,3,1,nochange_ori,z,2,testing
12,cyc,f,21,noindex,True,466331,467367,/,circle.png,rect.png,triangle.png,diamond.png,[255, 0, 0],[0, 0, 255],0,90,2,0,3,1,change_col,/,3,testing
12,cyc,f,21,noindex,True,471941,472919,z,diamond.png,triangle.png,rect.png,circle.png,[255, 255, 0],[0, 0, 255],45,135,1,0,3,2,nochange_col,z,1,testing
12,cyc,f,21,noindex,True,477635,478919,/,rect.png,triangle.png,circle.png,diamond.png,[255, 0, 0],[0, 255, 0],45,135,2,0,1,3,change_ori,/,2,testing
12,cyc,f,21,noindex,True,483512,484615,z,triangle.png,circle.png,rect.png,diamond.png,[0, 255, 0],[255, 0, 0],0,90,1,2,0,3,nochange_ori,z,0,testing
12,cyc,f,21,noindex,True,489389,490455,/,diamond.png,circle.png,rect.png,triangle.png,[0, 0, 255],[0, 255, 0],135,90,2,3,1,0,change_ori,/,0,testing
12,cyc,f,21,noindex,True,495183,496678,/,circle.png,rect.png,triangle.png,diamond.png,[255, 0, 0],[0, 255, 0],45,135,3,2,1,0,change_col,/,1,testing
12,cyc,f,21,noindex,True,501261,503302,/,diamond.png,circle.png,triangle.png,rect.png,[255, 255, 0],[0, 255, 0],0,135,2,0,1,3,change_ori,/,0,testing
12,cyc,f,21,noindex,True,507973,508934,/,diamond.png,triangle.png,circle.png,rect.png,[0, 0, 255],[255, 0, 0],45,135,0,2,1,3,change_col,/,1,testing
12,cyc,f,21,noindex,True,513651,514775,/,triangle.png,rect.png,circle.png,diamond.png,[255, 0, 0],[0, 0, 255],0,45,0,2,1,3,change_ori,/,0,testing
12,cyc,f,21,noindex,True,519462,520695,z,diamond.png,circle.png,triangle.png,rect.png,[0, 0, 255],[255, 255, 0],45,135,3,2,0,1,nochange_col,z,3,testing
12,cyc,f,21,noindex,True,525355,527287,/,circle.png,rect.png,diamond.png,triangle.png,[0, 255, 0],[255, 0, 0],45,0,3,1,2,0,change_col,/,1,testing
12,cyc,f,21,noindex,True,532017,532934,/,circle.png,diamond.png,triangle.png,rect.png,[255, 0, 0],[0, 255, 0],135,45,1,2,3,0,change_ori,/,2,testing
12,cyc,f,21,noindex,True,537528,538487,z,circle.png,diamond.png,triangle.png,rect.png,[0, 255, 0],[255, 0, 0],45,135,2,0,1,3,nochange_ori,z,0,testing
12,cyc,f,21,noindex,True,543188,544791,z,triangle.png,diamond.png,circle.png,rect.png,[255, 0, 0],[0, 0, 255],135,45,2,3,1,0,nochange_col,z,3,testing
12,cyc,f,21,noindex,True,549399,550407,/,rect.png,diamond.png,circle.png,triangle.png,[255, 255, 0],[0, 255, 0],90,135,2,0,1,3,change_ori,/,2,testing
12,cyc,f,21,noindex,True,555060,555958,/,diamond.png,rect.png,triangle.png,circle.png,[0, 255, 0],[255, 0, 0],45,0,2,1,3,0,change_col,/,1,testing
12,cyc,f,21,noindex,True,560587,561543,/,triangle.png,rect.png,diamond.png,circle.png,[255, 0, 0],[255, 255, 0],135,0,3,1,2,0,change_col,/,3,testing
12,cyc,f,21,noindex,True,566197,567383,z,diamond.png,rect.png,circle.png,triangle.png,[0, 0, 255],[0, 255, 0],0,90,0,2,1,3,nochange_col,z,1,testing
12,cyc,f,21,noindex,True,572041,573463,z,rect.png,triangle.png,circle.png,diamond.png,[0, 0, 255],[255, 255, 0],45,135,2,3,1,0,nochange_ori,z,2,testing
12,cyc,f,21,noindex,True,578169,581094,z,diamond.png,triangle.png,circle.png,rect.png,[0, 0, 255],[255, 255, 0],0,45,0,1,2,3,nochange_col,z,1,testing
12,cyc,f,21,noindex,True,585833,587062,/,circle.png,triangle.png,diamond.png,rect.png,[0, 255, 0],[255, 255, 0],90,45,0,1,3,2,change_ori,/,2,testing
12,cyc,f,21,noindex,True,591644,595158,z,diamond.png,circle.png,triangle.png,rect.png,[255, 0, 0],[255, 255, 0],0,45,0,2,3,1,change_ori,/,2,testing
12,cyc,f,21,noindex,True,599808,600919,/,triangle.png,rect.png,circle.png,diamond.png,[0, 0, 255],[255, 255, 0],90,45,2,3,1,0,change_ori,/,0,testing
12,cyc,f,21,noindex,True,605552,607302,z,circle.png,triangle.png,diamond.png,rect.png,[255, 0, 0],[0, 0, 255],135,90,3,2,1,0,nochange_col,z,1,testing
12,cyc,f,21,noindex,True,611915,613286,z,circle.png,diamond.png,triangle.png,rect.png,[0, 255, 0],[0, 0, 255],0,90,3,2,0,1,nochange_ori,z,2,testing
12,cyc,f,21,noindex,True,618025,620566,z,diamond.png,triangle.png,circle.png,rect.png,[0, 255, 0],[255, 255, 0],135,45,3,1,2,0,nochange_ori,z,0,testing
12,cyc,f,21,noindex,True,625305,626454,/,rect.png,diamond.png,circle.png,triangle.png,[255, 255, 0],[255, 0, 0],90,45,3,0,1,2,change_ori,/,0,testing
12,cyc,f,21,noindex,True,631133,632405,/,circle.png,diamond.png,triangle.png,rect.png,[0, 255, 0],[255, 255, 0],0,90,0,1,3,2,change_ori,/,2,testing
12,cyc,f,21,noindex,True,636994,638839,z,circle.png,triangle.png,rect.png,diamond.png,[255, 0, 0],[255, 255, 0],0,135,0,2,3,1,nochange_col,z,1,testing
12,cyc,f,21,noindex,True,643423,645349,/,triangle.png,circle.png,rect.png,diamond.png,[255, 0, 0],[0, 255, 0],135,45,3,0,1,2,change_ori,/,0,testing
12,cyc,f,21,noindex,True,650052,651814,z,diamond.png,rect.png,triangle.png,circle.png,[255, 0, 0],[0, 0, 255],135,90,3,1,0,2,nochange_col,z,1,testing
12,cyc,f,21,noindex,True,656547,657830,/,triangle.png,circle.png,diamond.png,rect.png,[0, 255, 0],[0, 0, 255],135,90,3,2,0,1,change_ori,/,0,testing
12,cyc,f,21,noindex,True,662407,663734,z,rect.png,circle.png,triangle.png,diamond.png,[0, 255, 0],[255, 0, 0],0,135,2,3,1,0,nochange_col,z,1,testing
12,cyc,f,21,noindex,True,668419,669414,z,circle.png,triangle.png,rect.png,diamond.png,[0, 255, 0],[255, 0, 0],45,135,0,1,3,2,nochange_ori,z,2,testing
12,cyc,f,21,noindex,True,673995,675062,/,circle.png,triangle.png,diamond.png,rect.png,[255, 0, 0],[0, 0, 255],90,45,0,2,1,3,change_col,/,1,testing
12,cyc,f,21,noindex,True,679672,680710,z,diamond.png,circle.png,triangle.png,rect.png,[255, 0, 0],[0, 0, 255],0,90,2,1,3,0,nochange_ori,z,0,testing
12,cyc,f,21,noindex,True,685383,686630,/,rect.png,circle.png,diamond.png,triangle.png,[0, 0, 255],[0, 255, 0],45,90,1,2,0,3,change_col,/,1,testing
12,cyc,f,21,noindex,True,691243,692518,z,triangle.png,rect.png,circle.png,diamond.png,[0, 255, 0],[255, 255, 0],45,90,2,1,3,0,nochange_col,z,1,testing
12,cyc,f,21,noindex,True,697221,698117,z,diamond.png,rect.png,triangle.png,circle.png,[0, 0, 255],[0, 255, 0],0,45,2,3,0,1,nochange_ori,z,0,testing
12,cyc,f,21,noindex,True,702715,703606,/,triangle.png,rect.png,circle.png,diamond.png,[0, 255, 0],[255, 255, 0],90,45,1,3,2,0,change_ori,/,2,testing
12,cyc,f,21,noindex,True,708224,709606,z,diamond.png,circle.png,triangle.png,rect.png,[0, 0, 255],[255, 0, 0],0,45,0,1,3,2,nochange_ori,z,0,testing
12,cyc,f,21,noindex,True,714269,716166,z,circle.png,rect.png,diamond.png,triangle.png,[255, 255, 0],[0, 0, 255],90,45,1,0,3,2,nochange_ori,z,0,testing
12,cyc,f,21,noindex,True,720864,722693,z,circle.png,triangle.png,diamond.png,rect.png,[255, 255, 0],[0, 0, 255],45,0,3,1,0,2,nochange_ori,z,2,testing
12,cyc,f,21,noindex,True,727276,728181,/,diamond.png,circle.png,rect.png,triangle.png,[0, 0, 255],[255, 255, 0],135,45,0,2,3,1,change_col,/,1,testing
12,cyc,f,21,noindex,True,732886,733990,z,triangle.png,diamond.png,rect.png,circle.png,[0, 255, 0],[255, 255, 0],0,45,2,0,1,3,nochange_col,z,1,testing
12,cyc,f,21,noindex,True,738680,741349,z,triangle.png,rect.png,diamond.png,circle.png,[255, 0, 0],[0, 255, 0],135,90,3,0,2,1,change_ori,/,2,testing
12,cyc,f,21,noindex,True,745961,746869,/,rect.png,circle.png,diamond.png,triangle.png,[0, 0, 255],[0, 255, 0],135,90,1,0,3,2,change_col,/,3,testing
12,cyc,f,21,noindex,True,751504,752597,/,triangle.png,rect.png,diamond.png,circle.png,[255, 255, 0],[0, 255, 0],45,0,1,0,2,3,change_col,/,3,testing
12,cyc,f,21,noindex,True,757348,760389,z,diamond.png,triangle.png,circle.png,rect.png,[255, 0, 0],[0, 255, 0],0,45,2,0,1,3,nochange_ori,z,2,testing
12,cyc,f,21,noindex,True,765012,766181,z,triangle.png,circle.png,diamond.png,rect.png,[255, 0, 0],[0, 0, 255],0,90,2,1,3,0,nochange_ori,z,2,testing
12,cyc,f,21,noindex,True,770790,773798,/,circle.png,rect.png,triangle.png,diamond.png,[0, 255, 0],[255, 0, 0],45,135,3,0,1,2,change_col,/,1,testing
12,cyc,f,21,noindex,True,778386,779382,/,circle.png,triangle.png,rect.png,diamond.png,[0, 0, 255],[0, 255, 0],45,0,3,1,0,2,change_ori,/,0,testing
12,cyc,f,21,noindex,True,784030,785078,z,triangle.png,circle.png,rect.png,diamond.png,[255, 255, 0],[0, 255, 0],135,45,2,0,1,3,nochange_col,z,3,testing
12,cyc,f,21,noindex,True,789825,790869,z,diamond.png,circle.png,triangle.png,rect.png,[0, 255, 0],[0, 0, 255],135,45,2,1,3,0,nochange_ori,z,0,testing
12,cyc,f,21,noindex,True,795552,796437,z,rect.png,circle.png,diamond.png,triangle.png,[255, 0, 0],[0, 0, 255],135,0,0,2,1,3,nochange_col,z,3,testing
12,cyc,f,21,noindex,True,801045,805462,z,circle.png,diamond.png,triangle.png,rect.png,[0, 255, 0],[0, 0, 255],0,45,0,2,1,3,nochange_ori,z,2,testing
12,cyc,f,21,noindex,True,810195,811765,z,rect.png,diamond.png,triangle.png,circle.png,[0, 255, 0],[255, 0, 0],90,135,2,3,1,0,nochange_col,z,3,testing
12,cyc,f,21,noindex,True,816507,819365,/,diamond.png,rect.png,triangle.png,circle.png,[255, 0, 0],[0, 255, 0],0,90,1,0,3,2,nochange_ori,z,0,testing
12,cyc,f,21,noindex,True,824087,825365,/,triangle.png,rect.png,circle.png,diamond.png,[255, 255, 0],[0, 0, 255],135,0,2,1,0,3,change_col,/,3,testing
12,cyc,f,21,noindex,True,830014,831285,z,circle.png,triangle.png,diamond.png,rect.png,[0, 255, 0],[255, 0, 0],0,45,0,2,3,1,nochange_ori,z,0,testing
12,cyc,f,21,noindex,True,835876,837285,/,circle.png,triangle.png,rect.png,diamond.png,[255, 0, 0],[255, 255, 0],135,90,3,1,0,2,change_ori,/,0,testing
12,cyc,f,21,noindex,True,842020,843317,z,triangle.png,diamond.png,circle.png,rect.png,[0, 0, 255],[255, 0, 0],90,0,0,1,2,3,nochange_col,z,1,testing
12,cyc,f,21,noindex,True,848048,849333,/,diamond.png,circle.png,rect.png,triangle.png,[0, 255, 0],[0, 0, 255],135,90,1,2,0,3,change_col,/,3,testing
12,cyc,f,21,noindex,True,854076,858133,/,rect.png,circle.png,diamond.png,triangle.png,[255, 0, 0],[0, 255, 0],0,45,3,2,0,1,change_col,/,3,testing
12,cyc,f,21,noindex,True,876217,877205,/,diamond.png,triangle.png,rect.png,circle.png,[0, 0, 255],[255, 255, 0],45,135,2,0,3,1,change_col,/,3,testing
12,cyc,f,21,noindex,True,881860,882821,z,triangle.png,rect.png,circle.png,diamond.png,[0, 0, 255],[255, 255, 0],45,90,0,3,1,2,nochange_col,z,3,testing
12,cyc,f,21,noindex,True,887470,888581,z,rect.png,diamond.png,circle.png,triangle.png,[0, 0, 255],[255, 0, 0],135,90,1,2,3,0,nochange_col,z,1,testing
12,cyc,f,21,noindex,True,893197,894133,z,rect.png,triangle.png,diamond.png,circle.png,[255, 255, 0],[0, 0, 255],45,0,1,0,3,2,nochange_ori,z,2,testing
12,cyc,f,21,noindex,True,898791,900325,z,diamond.png,triangle.png,circle.png,rect.png,[255, 255, 0],[0, 0, 255],45,0,2,1,0,3,nochange_ori,z,0,testing
12,cyc,f,21,noindex,True,905069,906293,z,triangle.png,circle.png,rect.png,diamond.png,[0, 0, 255],[0, 255, 0],45,90,3,2,0,1,nochange_ori,z,0,testing
12,cyc,f,21,noindex,True,910964,911764,z,circle.png,triangle.png,diamond.png,rect.png,[0, 0, 255],[0, 255, 0],45,0,0,3,1,2,nochange_col,z,3,testing
12,cyc,f,21,noindex,True,916356,917732,z,rect.png,diamond.png,circle.png,triangle.png,[0, 255, 0],[255, 0, 0],45,90,3,0,2,1,nochange_ori,z,2,testing
12,cyc,f,21,noindex,True,922385,924852,z,rect.png,circle.png,triangle.png,diamond.png,[0, 0, 255],[255, 255, 0],45,135,0,2,1,3,nochange_col,z,1,testing
12,cyc,f,21,noindex,True,929548,931125,/,triangle.png,circle.png,diamond.png,rect.png,[255, 0, 0],[0, 0, 255],0,45,3,0,1,2,change_ori,/,2,testing
12,cyc,f,21,noindex,True,935709,938244,z,rect.png,circle.png,diamond.png,triangle.png,[0, 255, 0],[255, 0, 0],90,45,2,1,0,3,nochange_ori,z,2,testing
12,cyc,f,21,noindex,True,942922,944388,/,triangle.png,rect.png,circle.png,diamond.png,[0, 0, 255],[255, 0, 0],90,135,0,2,3,1,change_col,/,1,testing
12,cyc,f,21,noindex,True,949084,950260,/,rect.png,triangle.png,circle.png,diamond.png,[255, 255, 0],[255, 0, 0],90,45,2,1,3,0,change_col,/,1,testing
12,cyc,f,21,noindex,True,954860,956213,/,diamond.png,rect.png,triangle.png,circle.png,[255, 0, 0],[255, 255, 0],45,135,1,3,2,0,nochange_col,z,1,testing
12,cyc,f,21,noindex,True,960788,967541,/,circle.png,diamond.png,rect.png,triangle.png,[255, 0, 0],[255, 255, 0],45,90,1,0,2,3,nochange_ori,z,0,testing
12,cyc,f,21,noindex,True,972176,973604,/,rect.png,triangle.png,circle.png,diamond.png,[255, 255, 0],[255, 0, 0],90,135,3,1,0,2,change_col,/,1,testing
12,cyc,f,21,noindex,True,978320,981796,/,triangle.png,rect.png,circle.png,diamond.png,[255, 255, 0],[0, 255, 0],0,90,3,0,2,1,change_ori,/,2,testing
12,cyc,f,21,noindex,True,986419,988324,/,triangle.png,circle.png,rect.png,diamond.png,[255, 0, 0],[255, 255, 0],135,45,3,1,2,0,nochange_col,z,1,testing
12,cyc,f,21,noindex,True,993013,994373,/,rect.png,circle.png,diamond.png,triangle.png,[0, 255, 0],[255, 255, 0],90,135,0,1,3,2,change_ori,/,2,testing
12,cyc,f,21,noindex,True,999025,1002293,z,triangle.png,rect.png,circle.png,diamond.png,[0, 0, 255],[255, 0, 0],0,135,0,2,3,1,nochange_col,z,1,testing
12,cyc,f,21,noindex,True,1006990,1008469,z,triangle.png,circle.png,diamond.png,rect.png,[255, 0, 0],[255, 255, 0],90,135,1,3,2,0,nochange_col,z,1,testing
12,cyc,f,21,noindex,True,1013100,1013908,/,diamond.png,rect.png,triangle.png,circle.png,[0, 0, 255],[255, 255, 0],135,0,1,2,3,0,change_ori,/,2,testing
12,cyc,f,21,noindex,True,1018578,1019572,/,circle.png,triangle.png,diamond.png,rect.png,[0, 0, 255],[255, 0, 0],0,90,2,1,0,3,change_ori,/,0,testing
12,cyc,f,21,noindex,True,1024304,1025301,z,triangle.png,rect.png,diamond.png,circle.png,[255, 0, 0],[0, 0, 255],90,0,0,1,3,2,nochange_ori,z,0,testing
12,cyc,f,21,noindex,True,1030065,1031476,z,rect.png,diamond.png,circle.png,triangle.png,[0, 0, 255],[255, 0, 0],45,90,3,1,0,2,nochange_col,z,3,testing
12,cyc,f,21,noindex,True,1036110,1036885,/,triangle.png,circle.png,diamond.png,rect.png,[0, 255, 0],[0, 0, 255],0,45,3,0,1,2,change_ori,/,2,testing
12,cyc,f,21,noindex,True,1041620,1043139,z,triangle.png,diamond.png,circle.png,rect.png,[255, 0, 0],[0, 0, 255],135,0,2,1,0,3,nochange_ori,z,0,testing
12,cyc,f,21,noindex,True,1047715,1049173,z,triangle.png,circle.png,diamond.png,rect.png,[255, 0, 0],[0, 255, 0],135,45,0,3,2,1,nochange_ori,z,0,testing
12,cyc,f,21,noindex,True,1053759,1054692,/,circle.png,rect.png,diamond.png,triangle.png,[0, 0, 255],[255, 255, 0],0,135,3,2,0,1,change_col,/,1,testing
12,cyc,f,21,noindex,True,1059369,1061252,z,circle.png,rect.png,triangle.png,diamond.png,[0, 255, 0],[0, 0, 255],0,45,0,2,1,3,nochange_ori,z,2,testing
12,cyc,f,21,noindex,True,1065864,1066931,/,circle.png,diamond.png,rect.png,triangle.png,[255, 0, 0],[0, 0, 255],90,135,3,1,0,2,change_ori,/,0,testing
12,cyc,f,21,noindex,True,1071709,1072867,z,diamond.png,triangle.png,rect.png,circle.png,[255, 255, 0],[0, 0, 255],0,90,3,0,2,1,nochange_col,z,3,testing
12,cyc,f,21,noindex,True,1077552,1079315,z,circle.png,triangle.png,diamond.png,rect.png,[0, 0, 255],[255, 0, 0],135,0,3,0,2,1,nochange_ori,z,0,testing
12,cyc,f,21,noindex,True,1083981,1085588,/,triangle.png,circle.png,rect.png,diamond.png,[255, 255, 0],[0, 255, 0],90,45,2,0,1,3,change_col,/,1,testing
12,cyc,f,21,noindex,True,1090192,1094052,z,circle.png,triangle.png,diamond.png,rect.png,[255, 255, 0],[0, 0, 255],45,0,2,3,0,1,change_col,/,3,testing
12,cyc,f,21,noindex,True,1098792,1099891,z,triangle.png,circle.png,diamond.png,rect.png,[255, 255, 0],[0, 255, 0],90,0,0,2,1,3,nochange_ori,z,2,testing
12,cyc,f,21,noindex,True,1104535,1105492,/,rect.png,circle.png,triangle.png,diamond.png,[0, 0, 255],[255, 255, 0],135,45,1,0,2,3,change_col,/,3,testing
12,cyc,f,21,noindex,True,1110095,1114244,z,triangle.png,circle.png,diamond.png,rect.png,[0, 0, 255],[255, 255, 0],90,0,3,2,0,1,change_ori,/,0,testing
12,cyc,f,21,noindex,True,1118928,1119876,/,circle.png,diamond.png,triangle.png,rect.png,[0, 255, 0],[255, 0, 0],45,90,0,3,2,1,change_col,/,1,testing
12,cyc,f,21,noindex,True,1124456,1125652,z,diamond.png,rect.png,circle.png,triangle.png,[0, 255, 0],[255, 0, 0],90,0,0,3,2,1,nochange_col,z,1,testing
12,cyc,f,21,noindex,True,1130349,1132195,z,triangle.png,rect.png,diamond.png,circle.png,[255, 255, 0],[255, 0, 0],90,45,3,1,2,0,nochange_ori,z,0,testing
12,cyc,f,21,noindex,True,1136778,1137540,/,diamond.png,circle.png,triangle.png,rect.png,[0, 0, 255],[0, 255, 0],45,90,1,2,0,3,change_col,/,3,testing
12,cyc,f,21,noindex,True,1142238,1143364,z,diamond.png,circle.png,rect.png,triangle.png,[0, 0, 255],[255, 255, 0],45,0,3,0,2,1,change_col,/,3,testing
12,cyc,f,21,noindex,True,1148015,1149475,z,triangle.png,rect.png,circle.png,diamond.png,[0, 255, 0],[255, 255, 0],45,135,0,2,1,3,nochange_ori,z,2,testing
12,cyc,f,21,noindex,True,1154076,1155572,z,triangle.png,rect.png,circle.png,diamond.png,[255, 255, 0],[0, 255, 0],0,45,0,1,2,3,nochange_col,z,3,testing
12,cyc,f,21,noindex,True,1160137,1161219,z,circle.png,triangle.png,rect.png,diamond.png,[255, 255, 0],[0, 0, 255],135,90,0,1,2,3,change_ori,/,2,testing
12,cyc,f,21,noindex,True,1165865,1166819,z,triangle.png,circle.png,rect.png,diamond.png,[0, 255, 0],[0, 0, 255],0,45,2,1,0,3,nochange_col,z,1,testing
12,cyc,f,21,noindex,True,1171592,1172420,z,rect.png,circle.png,diamond.png,triangle.png,[0, 0, 255],[0, 255, 0],90,135,3,2,1,0,nochange_ori,z,2,testing
12,cyc,f,21,noindex,True,1177169,1177939,/,rect.png,circle.png,triangle.png,diamond.png,[0, 0, 255],[255, 0, 0],0,45,3,2,0,1,change_ori,/,0,testing
12,cyc,f,21,noindex,True,1182645,1183508,/,rect.png,circle.png,triangle.png,diamond.png,[0, 255, 0],[0, 0, 255],0,135,2,3,0,1,change_col,/,3,testing
12,cyc,f,21,noindex,True,1188105,1189603,z,circle.png,triangle.png,rect.png,diamond.png,[255, 255, 0],[0, 255, 0],45,90,1,0,2,3,nochange_ori,z,2,testing
12,cyc,f,21,noindex,True,1194283,1195491,z,triangle.png,rect.png,circle.png,diamond.png,[0, 255, 0],[255, 0, 0],45,0,1,3,0,2,nochange_col,z,1,testing
12,cyc,f,21,noindex,True,1200144,1201091,/,diamond.png,triangle.png,circle.png,rect.png,[255, 255, 0],[0, 0, 255],90,45,1,3,0,2,change_ori,/,2,testing
12,cyc,f,21,noindex,True,1205671,1208132,z,rect.png,circle.png,diamond.png,triangle.png,[0, 0, 255],[255, 255, 0],45,90,3,1,0,2,nochange_col,z,3,testing
12,cyc,f,21,noindex,True,1212751,1213650,z,circle.png,diamond.png,rect.png,triangle.png,[0, 255, 0],[0, 0, 255],135,0,3,2,1,0,nochange_ori,z,0,testing
12,cyc,f,21,noindex,True,1218310,1219539,/,diamond.png,rect.png,circle.png,triangle.png,[0, 0, 255],[0, 255, 0],135,90,1,3,2,0,change_ori,/,0,testing
12,cyc,f,21,noindex,True,1224122,1224995,/,triangle.png,diamond.png,rect.png,circle.png,[255, 255, 0],[0, 0, 255],135,45,3,0,1,2,change_col,/,3,testing
12,cyc,f,21,noindex,True,1229681,1230468,z,rect.png,circle.png,diamond.png,triangle.png,[255, 0, 0],[0, 255, 0],0,135,3,2,1,0,nochange_ori,z,2,testing
12,cyc,f,21,noindex,True,1235176,1236212,z,triangle.png,diamond.png,circle.png,rect.png,[0, 0, 255],[255, 0, 0],45,135,0,1,3,2,nochange_ori,z,0,testing
12,cyc,f,21,noindex,True,1240852,1242099,/,rect.png,diamond.png,triangle.png,circle.png,[0, 0, 255],[0, 255, 0],0,135,3,1,0,2,change_col,/,1,testing
12,cyc,f,21,noindex,True,1246729,1247651,z,circle.png,rect.png,triangle.png,diamond.png,[255, 255, 0],[0, 0, 255],0,135,1,3,0,2,nochange_col,z,3,testing
12,cyc,f,21,noindex,True,1252373,1253186,z,triangle.png,diamond.png,circle.png,rect.png,[0, 255, 0],[255, 255, 0],90,0,0,2,3,1,nochange_col,z,1,testing
12,cyc,f,21,noindex,True,1257783,1258515,/,triangle.png,circle.png,rect.png,diamond.png,[255, 0, 0],[0, 0, 255],135,0,0,3,1,2,change_ori,/,0,testing
12,cyc,f,21,noindex,True,1263093,1263843,/,triangle.png,rect.png,diamond.png,circle.png,[255, 0, 0],[0, 0, 255],135,90,3,2,1,0,change_col,/,3,testing
12,cyc,f,21,noindex,True,1268519,1269491,/,diamond.png,rect.png,triangle.png,circle.png,[255, 255, 0],[0, 255, 0],45,90,0,3,2,1,change_ori,/,2,testing
12,cyc,f,21,noindex,True,1274180,1275283,z,circle.png,diamond.png,rect.png,triangle.png,[255, 0, 0],[0, 0, 255],135,0,1,2,0,3,nochange_col,z,1,testing
12,cyc,f,21,noindex,True,1280041,1281075,/,rect.png,diamond.png,triangle.png,circle.png,[255, 255, 0],[0, 0, 255],135,45,1,2,0,3,change_ori,/,0,testing
12,cyc,f,21,noindex,True,1285718,1286835,z,triangle.png,diamond.png,rect.png,circle.png,[255, 255, 0],[0, 255, 0],45,0,0,2,1,3,nochange_ori,z,2,testing
12,cyc,f,21,noindex,True,1291579,1292515,/,triangle.png,diamond.png,rect.png,circle.png,[0, 255, 0],[255, 0, 0],135,90,1,2,3,0,change_col,/,3,testing
12,cyc,f,21,noindex,True,1297173,1297938,/,rect.png,diamond.png,circle.png,triangle.png,[255, 255, 0],[0, 0, 255],0,135,2,0,1,3,change_col,/,1,testing
12,cyc,f,21,noindex,True,1302666,1303858,/,rect.png,circle.png,triangle.png,diamond.png,[255, 255, 0],[0, 255, 0],45,135,3,1,2,0,change_col,/,3,testing
12,cyc,f,21,noindex,True,1308559,1309362,/,diamond.png,rect.png,triangle.png,circle.png,[255, 255, 0],[0, 0, 255],90,0,2,1,3,0,change_ori,/,2,testing
12,cyc,f,21,noindex,True,1314053,1314979,/,triangle.png,rect.png,circle.png,diamond.png,[255, 0, 0],[0, 0, 255],135,0,1,3,0,2,change_ori,/,2,testing
12,cyc,f,21,noindex,True,1319763,1320675,/,diamond.png,triangle.png,rect.png,circle.png,[0, 0, 255],[255, 0, 0],135,90,1,3,0,2,change_ori,/,2,testing
12,cyc,f,21,noindex,True,1325341,1326306,z,diamond.png,rect.png,triangle.png,circle.png,[255, 255, 0],[0, 0, 255],0,135,1,3,2,0,nochange_col,z,1,testing
12,cyc,f,21,noindex,True,1330885,1331587,z,triangle.png,rect.png,circle.png,diamond.png,[0, 0, 255],[255, 255, 0],90,45,1,3,2,0,nochange_col,z,3,testing
12,cyc,f,21,noindex,True,1336277,1336963,/,rect.png,circle.png,diamond.png,triangle.png,[255, 255, 0],[0, 0, 255],90,135,2,0,1,3,change_col,/,3,testing
12,cyc,f,21,noindex,True,1341720,1343010,/,rect.png,diamond.png,triangle.png,circle.png,[0, 255, 0],[0, 0, 255],45,135,1,0,3,2,change_col,/,1,testing
12,cyc,f,21,noindex,True,1347715,1348787,/,triangle.png,rect.png,diamond.png,circle.png,[0, 255, 0],[0, 0, 255],90,0,0,2,3,1,change_ori,/,0,testing
12,cyc,f,21,noindex,True,1353526,1354658,/,diamond.png,triangle.png,rect.png,circle.png,[0, 0, 255],[255, 255, 0],45,90,0,1,2,3,change_ori,/,2,testing
