subj,name,gender,age,cond,P_resp,P_startTime,P_respTime,P_gotKey,shape1,shape2,shape3,shape4,color1,color2,color3,color4ori1,ori2,ori3,ori4ord_1,ord_2,ord_3,ord_4,task,correct_key,no_change,mode
13,y,f,18,index,True,128162,129298,/,triangle.png,diamond.png,triangle.png,diamond.png,[0, 255, 0],[255, 0, 0],135,90,3,2,1,0,change_ori,/,0,practice
13,y,f,18,index,True,133923,134706,/,rect.png,circle.png,rect.png,circle.png,[255, 0, 0],[0, 0, 255],135,0,0,3,2,1,change_ori,/,0,practice
13,y,f,18,index,True,139483,139905,/,diamond.png,rect.png,diamond.png,rect.png,[0, 0, 255],[255, 255, 0],135,45,1,2,0,3,change_col,/,3,practice
13,y,f,18,index,True,144693,145474,z,rect.png,circle.png,rect.png,circle.png,[0, 0, 255],[255, 255, 0],135,45,1,3,0,2,nochange_ori,z,2,practice
13,y,f,18,index,True,150136,150722,/,diamond.png,rect.png,diamond.png,rect.png,[0, 0, 255],[255, 0, 0],0,45,2,1,0,3,change_col,/,1,practice
13,y,f,18,index,True,155296,155874,z,diamond.png,rect.png,diamond.png,rect.png,[255, 0, 0],[255, 255, 0],90,135,3,1,2,0,change_col,/,1,practice
13,y,f,18,index,True,160455,161969,/,triangle.png,circle.png,triangle.png,circle.png,[0, 0, 255],[255, 255, 0],90,135,1,3,0,2,nochange_ori,z,2,practice
13,y,f,18,index,True,166667,167745,/,triangle.png,rect.png,triangle.png,rect.png,[255, 255, 0],[255, 0, 0],135,0,3,0,1,2,nochange_ori,z,2,practice
13,y,f,18,index,True,172410,173010,z,rect.png,diamond.png,rect.png,diamond.png,[0, 255, 0],[255, 255, 0],90,135,3,1,2,0,nochange_col,z,3,practice
13,y,f,18,index,True,177770,178514,/,rect.png,triangle.png,rect.png,triangle.png,[255, 0, 0],[0, 0, 255],0,90,3,1,2,0,change_col,/,1,practice
13,y,f,18,index,True,183230,184065,/,circle.png,triangle.png,circle.png,triangle.png,[0, 0, 255],[0, 255, 0],45,135,3,1,0,2,nochange_col,z,1,practice
13,y,f,18,index,True,188707,189505,z,triangle.png,diamond.png,triangle.png,diamond.png,[255, 255, 0],[0, 255, 0],45,0,2,0,1,3,change_ori,/,2,practice
13,y,f,18,index,True,194167,195218,/,diamond.png,rect.png,diamond.png,rect.png,[255, 255, 0],[0, 0, 255],135,0,0,1,3,2,change_col,/,1,practice
13,y,f,18,index,True,199878,200673,z,diamond.png,triangle.png,diamond.png,triangle.png,[255, 255, 0],[0, 255, 0],45,135,0,1,3,2,nochange_col,z,1,practice
13,y,f,18,index,True,205438,207793,/,rect.png,circle.png,rect.png,circle.png,[255, 0, 0],[0, 255, 0],45,90,1,3,0,2,change_ori,/,0,practice
13,y,f,18,index,True,212433,213297,z,circle.png,triangle.png,circle.png,triangle.png,[255, 0, 0],[0, 255, 0],0,90,2,3,1,0,nochange_ori,z,2,practice
13,y,f,18,index,True,217910,218881,z,diamond.png,circle.png,diamond.png,circle.png,[255, 0, 0],[0, 0, 255],135,45,0,1,2,3,nochange_col,z,3,practice
13,y,f,18,index,True,223487,224113,z,rect.png,triangle.png,rect.png,triangle.png,[255, 0, 0],[0, 0, 255],135,45,1,0,2,3,nochange_col,z,1,practice
13,y,f,18,index,True,228780,229617,z,rect.png,triangle.png,rect.png,triangle.png,[255, 255, 0],[255, 0, 0],45,0,3,1,2,0,nochange_ori,z,2,practice
13,y,f,18,index,True,234291,235569,/,circle.png,rect.png,circle.png,rect.png,[0, 255, 0],[0, 0, 255],135,90,1,3,0,2,change_ori,/,0,practice
13,y,f,18,index,True,241821,242609,/,circle.png,rect.png,circle.png,rect.png,[255, 0, 0],[255, 255, 0],90,45,2,1,3,0,nochange_col,z,3,testing
13,y,f,18,index,True,247265,248145,/,triangle.png,rect.png,triangle.png,rect.png,[255, 255, 0],[0, 0, 255],45,90,1,0,3,2,change_ori,/,0,testing
13,y,f,18,index,True,252858,253633,/,rect.png,diamond.png,rect.png,diamond.png,[0, 0, 255],[0, 255, 0],45,90,3,1,2,0,change_col,/,3,testing
13,y,f,18,index,True,258318,258993,/,circle.png,rect.png,circle.png,rect.png,[255, 0, 0],[0, 255, 0],0,45,2,1,3,0,change_col,/,3,testing
13,y,f,18,index,True,263727,265793,/,diamond.png,triangle.png,diamond.png,triangle.png,[0, 0, 255],[255, 255, 0],0,90,0,2,1,3,change_ori,/,0,testing
13,y,f,18,index,True,270507,271121,/,triangle.png,diamond.png,triangle.png,diamond.png,[255, 0, 0],[255, 255, 0],0,45,0,3,1,2,change_ori,/,0,testing
13,y,f,18,index,True,275700,283153,z,circle.png,diamond.png,circle.png,diamond.png,[0, 255, 0],[255, 0, 0],135,0,2,3,1,0,change_ori,/,2,testing
13,y,f,18,index,True,287722,288961,z,rect.png,diamond.png,rect.png,diamond.png,[255, 255, 0],[0, 255, 0],0,45,2,1,3,0,nochange_col,z,1,testing
13,y,f,18,index,True,293616,294560,z,triangle.png,circle.png,triangle.png,circle.png,[0, 255, 0],[255, 255, 0],45,0,2,0,1,3,change_ori,/,0,testing
13,y,f,18,index,True,299143,300961,z,rect.png,diamond.png,rect.png,diamond.png,[0, 255, 0],[255, 255, 0],135,45,3,0,1,2,nochange_ori,z,0,testing
13,y,f,18,index,True,305604,307489,/,diamond.png,circle.png,diamond.png,circle.png,[0, 255, 0],[255, 0, 0],90,0,0,1,3,2,nochange_ori,z,2,testing
13,y,f,18,index,True,312200,312849,z,triangle.png,rect.png,triangle.png,rect.png,[255, 255, 0],[255, 0, 0],90,0,1,3,2,0,change_ori,/,0,testing
13,y,f,18,index,True,317510,318608,/,rect.png,circle.png,rect.png,circle.png,[255, 0, 0],[0, 0, 255],0,90,2,1,3,0,nochange_ori,z,2,testing
13,y,f,18,index,True,323320,324001,/,circle.png,triangle.png,circle.png,triangle.png,[255, 0, 0],[0, 255, 0],135,45,2,3,0,1,change_col,/,1,testing
13,y,f,18,index,True,328681,329376,z,diamond.png,rect.png,diamond.png,rect.png,[0, 255, 0],[255, 255, 0],135,0,2,0,3,1,change_ori,/,2,testing
13,y,f,18,index,True,334074,335024,z,triangle.png,rect.png,triangle.png,rect.png,[255, 255, 0],[0, 255, 0],0,45,3,1,2,0,nochange_ori,z,2,testing
13,y,f,18,index,True,339784,341727,/,triangle.png,rect.png,triangle.png,rect.png,[255, 255, 0],[255, 0, 0],45,90,0,1,3,2,change_ori,/,2,testing
13,y,f,18,index,True,346463,347600,/,diamond.png,circle.png,diamond.png,circle.png,[255, 0, 0],[0, 0, 255],135,90,3,1,0,2,change_col,/,1,testing
13,y,f,18,index,True,352357,352976,z,circle.png,triangle.png,circle.png,triangle.png,[0, 0, 255],[255, 255, 0],0,90,3,1,2,0,nochange_col,z,3,testing
13,y,f,18,index,True,357567,358240,/,diamond.png,triangle.png,diamond.png,triangle.png,[255, 0, 0],[0, 0, 255],0,135,0,1,3,2,nochange_col,z,1,testing
13,y,f,18,index,True,362910,364368,/,diamond.png,circle.png,diamond.png,circle.png,[0, 0, 255],[255, 255, 0],45,90,0,3,1,2,change_col,/,1,testing
13,y,f,18,index,True,369104,369776,z,diamond.png,triangle.png,diamond.png,triangle.png,[0, 0, 255],[255, 255, 0],45,135,2,0,1,3,nochange_ori,z,0,testing
13,y,f,18,index,True,374498,375392,z,circle.png,rect.png,circle.png,rect.png,[0, 255, 0],[255, 255, 0],45,0,0,3,2,1,nochange_ori,z,0,testing
13,y,f,18,index,True,380125,381761,/,circle.png,triangle.png,circle.png,triangle.png,[255, 255, 0],[255, 0, 0],45,90,3,0,1,2,change_ori,/,0,testing
13,y,f,18,index,True,386403,387056,z,circle.png,triangle.png,circle.png,triangle.png,[0, 0, 255],[255, 255, 0],135,90,0,1,3,2,nochange_col,z,1,testing
13,y,f,18,index,True,391813,392992,z,rect.png,diamond.png,rect.png,diamond.png,[0, 255, 0],[255, 255, 0],45,90,3,2,0,1,nochange_col,z,3,testing
13,y,f,18,index,True,397607,398399,/,diamond.png,triangle.png,diamond.png,triangle.png,[0, 0, 255],[255, 255, 0],90,0,0,1,2,3,change_ori,/,0,testing
13,y,f,18,index,True,403067,403696,z,circle.png,rect.png,circle.png,rect.png,[255, 255, 0],[0, 255, 0],45,0,2,0,3,1,nochange_col,z,3,testing
13,y,f,18,index,True,408443,408992,/,triangle.png,circle.png,triangle.png,circle.png,[0, 255, 0],[255, 255, 0],45,90,1,2,0,3,change_col,/,3,testing
13,y,f,18,index,True,413754,414640,/,triangle.png,diamond.png,triangle.png,diamond.png,[255, 255, 0],[0, 255, 0],90,0,1,2,3,0,nochange_ori,z,2,testing
13,y,f,18,index,True,419363,419920,/,triangle.png,rect.png,triangle.png,rect.png,[0, 255, 0],[0, 0, 255],90,45,3,1,2,0,change_col,/,3,testing
13,y,f,18,index,True,424557,425472,/,triangle.png,diamond.png,triangle.png,diamond.png,[0, 0, 255],[0, 255, 0],0,45,0,2,3,1,nochange_ori,z,0,testing
13,y,f,18,index,True,430183,430960,/,triangle.png,diamond.png,triangle.png,diamond.png,[0, 255, 0],[255, 0, 0],0,90,2,3,1,0,nochange_ori,z,2,testing
13,y,f,18,index,True,435643,436288,z,diamond.png,circle.png,diamond.png,circle.png,[255, 0, 0],[0, 0, 255],135,90,3,2,0,1,nochange_col,z,1,testing
13,y,f,18,index,True,440870,441776,/,triangle.png,diamond.png,triangle.png,diamond.png,[0, 0, 255],[255, 255, 0],45,135,2,0,3,1,nochange_ori,z,2,testing
13,y,f,18,index,True,446463,447039,/,diamond.png,triangle.png,diamond.png,triangle.png,[255, 0, 0],[0, 0, 255],0,90,2,0,1,3,change_col,/,1,testing
13,y,f,18,index,True,451773,452688,z,diamond.png,circle.png,diamond.png,circle.png,[0, 255, 0],[255, 0, 0],90,0,3,1,0,2,nochange_col,z,3,testing
13,y,f,18,index,True,457349,458368,z,triangle.png,circle.png,triangle.png,circle.png,[255, 0, 0],[255, 255, 0],45,135,2,3,1,0,change_ori,/,0,testing
13,y,f,18,index,True,462976,463984,z,diamond.png,circle.png,diamond.png,circle.png,[255, 0, 0],[0, 0, 255],90,0,0,3,1,2,nochange_col,z,1,testing
13,y,f,18,index,True,468704,470576,z,rect.png,triangle.png,rect.png,triangle.png,[0, 255, 0],[255, 0, 0],0,135,2,3,1,0,nochange_ori,z,0,testing
13,y,f,18,index,True,475232,476096,z,triangle.png,circle.png,triangle.png,circle.png,[255, 255, 0],[0, 0, 255],45,0,2,3,0,1,nochange_col,z,1,testing
13,y,f,18,index,True,480659,482160,z,triangle.png,circle.png,triangle.png,circle.png,[0, 255, 0],[255, 255, 0],45,0,3,0,1,2,nochange_ori,z,2,testing
13,y,f,18,index,True,486804,487920,/,circle.png,triangle.png,circle.png,triangle.png,[0, 255, 0],[0, 0, 255],90,45,2,1,3,0,nochange_ori,z,0,testing
13,y,f,18,index,True,492698,493375,z,circle.png,diamond.png,circle.png,diamond.png,[0, 0, 255],[0, 255, 0],90,45,1,3,2,0,change_ori,/,2,testing
13,y,f,18,index,True,497974,498655,z,diamond.png,circle.png,diamond.png,circle.png,[255, 0, 0],[0, 0, 255],0,45,2,0,1,3,nochange_col,z,3,testing
13,y,f,18,index,True,503401,505199,z,circle.png,triangle.png,circle.png,triangle.png,[255, 255, 0],[255, 0, 0],45,135,2,3,0,1,change_col,/,1,testing
13,y,f,18,index,True,509930,511023,z,triangle.png,rect.png,triangle.png,rect.png,[0, 0, 255],[255, 255, 0],135,90,1,2,0,3,nochange_ori,z,2,testing
13,y,f,18,index,True,515674,516368,z,rect.png,triangle.png,rect.png,triangle.png,[255, 0, 0],[0, 0, 255],0,135,3,0,2,1,nochange_col,z,3,testing
13,y,f,18,index,True,521050,521615,/,diamond.png,rect.png,diamond.png,rect.png,[255, 255, 0],[0, 0, 255],0,45,0,3,1,2,change_col,/,1,testing
13,y,f,18,index,True,526226,526800,/,triangle.png,diamond.png,triangle.png,diamond.png,[255, 0, 0],[0, 0, 255],90,135,0,3,2,1,change_col,/,3,testing
13,y,f,18,index,True,531503,532384,z,rect.png,circle.png,rect.png,circle.png,[0, 255, 0],[0, 0, 255],45,135,3,1,0,2,nochange_col,z,1,testing
13,y,f,18,index,True,537062,537518,/,rect.png,triangle.png,rect.png,triangle.png,[255, 0, 0],[255, 255, 0],45,135,2,1,0,3,change_ori,/,0,testing
13,y,f,18,index,True,542105,542783,z,triangle.png,circle.png,triangle.png,circle.png,[255, 0, 0],[0, 255, 0],135,90,1,3,2,0,nochange_ori,z,2,testing
13,y,f,18,index,True,547448,548255,z,circle.png,diamond.png,circle.png,diamond.png,[255, 255, 0],[0, 0, 255],90,45,2,1,0,3,nochange_col,z,3,testing
13,y,f,18,index,True,552825,553615,z,rect.png,triangle.png,rect.png,triangle.png,[255, 0, 0],[0, 255, 0],0,135,1,0,3,2,nochange_ori,z,0,testing
13,y,f,18,index,True,558202,558848,z,circle.png,rect.png,circle.png,rect.png,[255, 0, 0],[255, 255, 0],90,45,1,3,2,0,nochange_ori,z,0,testing
13,y,f,18,index,True,563411,564079,z,diamond.png,triangle.png,diamond.png,triangle.png,[0, 255, 0],[255, 255, 0],90,45,0,2,3,1,nochange_ori,z,2,testing
13,y,f,18,index,True,568687,569264,/,triangle.png,circle.png,triangle.png,circle.png,[0, 0, 255],[0, 255, 0],0,45,0,2,1,3,change_col,/,1,testing
13,y,f,18,index,True,573964,574559,z,rect.png,diamond.png,rect.png,diamond.png,[255, 255, 0],[255, 0, 0],0,90,0,3,2,1,change_ori,/,2,testing
13,y,f,18,index,True,579174,581359,/,triangle.png,circle.png,triangle.png,circle.png,[0, 0, 255],[255, 255, 0],45,0,3,2,0,1,change_col,/,3,testing
13,y,f,18,index,True,586120,586848,/,rect.png,circle.png,rect.png,circle.png,[0, 0, 255],[0, 255, 0],45,135,0,2,1,3,change_col,/,1,testing
13,y,f,18,index,True,591446,592751,/,diamond.png,triangle.png,diamond.png,triangle.png,[0, 255, 0],[255, 0, 0],0,45,1,2,3,0,change_ori,/,0,testing
13,y,f,18,index,True,597357,597919,z,circle.png,triangle.png,circle.png,triangle.png,[0, 255, 0],[255, 0, 0],45,135,2,0,1,3,nochange_col,z,1,testing
13,y,f,18,index,True,602583,603279,z,rect.png,diamond.png,rect.png,diamond.png,[0, 0, 255],[0, 255, 0],90,135,0,3,1,2,nochange_col,z,3,testing
13,y,f,18,index,True,607909,608623,z,triangle.png,circle.png,triangle.png,circle.png,[0, 0, 255],[255, 0, 0],45,0,2,3,1,0,nochange_ori,z,0,testing
13,y,f,18,index,True,613185,614111,z,triangle.png,rect.png,triangle.png,rect.png,[0, 0, 255],[0, 255, 0],45,90,3,2,0,1,change_ori,/,2,testing
13,y,f,18,index,True,618680,619311,/,circle.png,triangle.png,circle.png,triangle.png,[255, 0, 0],[0, 255, 0],45,135,3,1,2,0,change_col,/,3,testing
13,y,f,18,index,True,624039,624623,z,circle.png,diamond.png,circle.png,diamond.png,[255, 0, 0],[0, 0, 255],90,135,3,2,0,1,change_col,/,1,testing
13,y,f,18,index,True,629299,629903,/,circle.png,triangle.png,circle.png,triangle.png,[255, 0, 0],[0, 0, 255],135,0,3,0,1,2,change_col,/,3,testing
13,y,f,18,index,True,634475,634959,/,diamond.png,rect.png,diamond.png,rect.png,[255, 255, 0],[0, 255, 0],45,135,0,2,1,3,change_col,/,1,testing
13,y,f,18,index,True,639701,640367,z,diamond.png,rect.png,diamond.png,rect.png,[0, 255, 0],[0, 0, 255],90,0,1,0,2,3,nochange_col,z,3,testing
13,y,f,18,index,True,644977,645711,/,triangle.png,rect.png,triangle.png,rect.png,[255, 255, 0],[0, 0, 255],90,45,1,2,0,3,change_col,/,1,testing
13,y,f,18,index,True,650304,651423,z,circle.png,diamond.png,circle.png,diamond.png,[255, 255, 0],[0, 0, 255],45,0,0,1,3,2,nochange_col,z,3,testing
13,y,f,18,index,True,656015,656591,/,triangle.png,rect.png,triangle.png,rect.png,[0, 255, 0],[255, 0, 0],45,90,2,1,0,3,change_col,/,1,testing
13,y,f,18,index,True,661258,662335,/,rect.png,circle.png,rect.png,circle.png,[255, 255, 0],[255, 0, 0],45,135,1,3,0,2,change_ori,/,2,testing
13,y,f,18,index,True,667018,668239,/,rect.png,diamond.png,rect.png,diamond.png,[0, 0, 255],[0, 255, 0],90,45,1,0,3,2,change_ori,/,2,testing
13,y,f,18,index,True,672862,673550,/,rect.png,circle.png,rect.png,circle.png,[255, 0, 0],[255, 255, 0],90,135,3,2,1,0,nochange_ori,z,2,testing
13,y,f,18,index,True,678172,679087,/,triangle.png,circle.png,triangle.png,circle.png,[0, 0, 255],[255, 255, 0],0,90,1,3,2,0,change_ori,/,2,testing
13,y,f,18,index,True,683716,684639,/,diamond.png,circle.png,diamond.png,circle.png,[0, 0, 255],[255, 0, 0],45,0,3,0,1,2,nochange_col,z,1,testing
13,y,f,18,index,True,689343,690239,z,triangle.png,circle.png,triangle.png,circle.png,[255, 255, 0],[0, 255, 0],135,90,1,2,3,0,change_ori,/,2,testing
13,y,f,18,index,True,697273,698062,/,triangle.png,circle.png,triangle.png,circle.png,[0, 255, 0],[0, 0, 255],45,90,0,3,1,2,nochange_col,z,1,testing
13,y,f,18,index,True,702766,703726,/,rect.png,triangle.png,rect.png,triangle.png,[0, 0, 255],[255, 255, 0],0,90,3,1,0,2,change_ori,/,0,testing
13,y,f,18,index,True,708310,710142,/,diamond.png,triangle.png,diamond.png,triangle.png,[255, 0, 0],[0, 0, 255],135,45,1,0,3,2,nochange_ori,z,0,testing
13,y,f,18,index,True,714756,716175,/,circle.png,diamond.png,circle.png,diamond.png,[0, 255, 0],[255, 255, 0],45,0,1,2,3,0,nochange_col,z,1,testing
13,y,f,18,index,True,720884,721599,/,diamond.png,triangle.png,diamond.png,triangle.png,[0, 255, 0],[255, 0, 0],0,135,3,0,1,2,change_col,/,1,testing
13,y,f,18,index,True,726243,726910,/,rect.png,triangle.png,rect.png,triangle.png,[255, 255, 0],[0, 0, 255],45,0,0,3,2,1,nochange_ori,z,0,testing
13,y,f,18,index,True,731670,732335,z,circle.png,triangle.png,circle.png,triangle.png,[0, 255, 0],[255, 255, 0],135,45,2,3,1,0,change_ori,/,2,testing
13,y,f,18,index,True,737014,737822,/,diamond.png,circle.png,diamond.png,circle.png,[255, 255, 0],[0, 255, 0],45,0,0,3,1,2,change_ori,/,2,testing
13,y,f,18,index,True,742490,743454,z,diamond.png,triangle.png,diamond.png,triangle.png,[0, 0, 255],[255, 0, 0],45,135,2,3,1,0,nochange_col,z,3,testing
13,y,f,18,index,True,748051,748847,z,rect.png,triangle.png,rect.png,triangle.png,[255, 0, 0],[0, 0, 255],90,45,2,3,0,1,nochange_ori,z,2,testing
13,y,f,18,index,True,753443,754718,z,triangle.png,rect.png,triangle.png,rect.png,[255, 0, 0],[0, 255, 0],135,90,2,3,1,0,nochange_ori,z,0,testing
13,y,f,18,index,True,759454,760189,/,circle.png,triangle.png,circle.png,triangle.png,[255, 0, 0],[0, 255, 0],90,0,1,3,0,2,change_col,/,1,testing
13,y,f,18,index,True,764798,765710,z,triangle.png,diamond.png,triangle.png,diamond.png,[255, 0, 0],[0, 255, 0],90,0,0,2,1,3,nochange_col,z,3,testing
13,y,f,18,index,True,770324,771486,z,rect.png,triangle.png,rect.png,triangle.png,[0, 255, 0],[255, 0, 0],90,0,2,1,0,3,nochange_col,z,3,testing
13,y,f,18,index,True,776085,777406,/,triangle.png,diamond.png,triangle.png,diamond.png,[255, 255, 0],[0, 255, 0],135,0,1,2,0,3,nochange_col,z,1,testing
13,y,f,18,index,True,782112,782974,z,rect.png,triangle.png,rect.png,triangle.png,[0, 0, 255],[255, 0, 0],45,135,1,0,3,2,nochange_ori,z,0,testing
13,y,f,18,index,True,787590,788334,z,rect.png,circle.png,rect.png,circle.png,[255, 255, 0],[255, 0, 0],135,0,3,2,1,0,nochange_col,z,3,testing
13,y,f,18,index,True,793083,793934,z,circle.png,diamond.png,circle.png,diamond.png,[255, 0, 0],[255, 255, 0],90,135,1,0,2,3,change_ori,/,0,testing
13,y,f,18,index,True,798693,799502,z,rect.png,circle.png,rect.png,circle.png,[0, 255, 0],[255, 255, 0],0,45,1,0,3,2,change_col,/,3,testing
13,y,f,18,index,True,804186,804990,z,circle.png,rect.png,circle.png,rect.png,[0, 0, 255],[255, 0, 0],45,135,1,0,3,2,change_ori,/,0,testing
13,y,f,18,index,True,809580,810190,/,diamond.png,circle.png,diamond.png,circle.png,[255, 255, 0],[255, 0, 0],135,45,3,2,1,0,change_col,/,3,testing
13,y,f,18,index,True,814772,815518,z,diamond.png,triangle.png,diamond.png,triangle.png,[0, 255, 0],[255, 0, 0],45,90,1,0,2,3,nochange_ori,z,0,testing
13,y,f,18,index,True,820199,820974,z,triangle.png,rect.png,triangle.png,rect.png,[0, 255, 0],[255, 255, 0],90,135,1,0,3,2,nochange_ori,z,0,testing
13,y,f,18,index,True,825676,826190,/,triangle.png,rect.png,triangle.png,rect.png,[255, 0, 0],[255, 255, 0],135,90,1,2,3,0,nochange_ori,z,0,testing
13,y,f,18,index,True,830768,831485,/,triangle.png,diamond.png,triangle.png,diamond.png,[255, 0, 0],[0, 255, 0],90,0,2,1,3,0,change_col,/,3,testing
13,y,f,18,index,True,836228,836942,z,triangle.png,circle.png,triangle.png,circle.png,[0, 255, 0],[255, 255, 0],135,45,3,2,1,0,nochange_ori,z,2,testing
13,y,f,18,index,True,841655,842382,z,diamond.png,rect.png,diamond.png,rect.png,[0, 255, 0],[0, 0, 255],0,90,0,1,2,3,nochange_col,z,1,testing
13,y,f,18,index,True,847099,848382,z,rect.png,diamond.png,rect.png,diamond.png,[255, 0, 0],[255, 255, 0],45,135,3,2,0,1,change_ori,/,2,testing
13,y,f,18,index,True,853142,853933,z,circle.png,diamond.png,circle.png,diamond.png,[0, 0, 255],[255, 0, 0],135,45,2,3,1,0,change_ori,/,2,testing
13,y,f,18,index,True,858587,859309,z,circle.png,rect.png,circle.png,rect.png,[255, 255, 0],[0, 0, 255],90,0,2,3,0,1,change_ori,/,0,testing
13,y,f,18,index,True,863913,864654,/,rect.png,diamond.png,rect.png,diamond.png,[0, 255, 0],[0, 0, 255],0,45,2,0,3,1,change_col,/,3,testing
13,y,f,18,index,True,869239,870269,z,rect.png,circle.png,rect.png,circle.png,[0, 255, 0],[255, 255, 0],45,90,1,0,2,3,change_ori,/,0,testing
13,y,f,18,index,True,875033,875838,z,circle.png,rect.png,circle.png,rect.png,[0, 0, 255],[255, 255, 0],135,90,2,3,1,0,nochange_ori,z,0,testing
13,y,f,18,index,True,880543,881294,z,circle.png,triangle.png,circle.png,triangle.png,[0, 0, 255],[0, 255, 0],90,0,3,2,0,1,nochange_col,z,1,testing
13,y,f,18,index,True,885936,886637,z,rect.png,circle.png,rect.png,circle.png,[0, 255, 0],[255, 0, 0],135,0,2,0,1,3,nochange_col,z,1,testing
13,y,f,18,index,True,891263,892206,z,triangle.png,circle.png,triangle.png,circle.png,[255, 255, 0],[0, 255, 0],90,135,3,0,2,1,nochange_ori,z,2,testing
13,y,f,18,index,True,896924,897437,z,rect.png,diamond.png,rect.png,diamond.png,[0, 0, 255],[255, 255, 0],90,0,2,1,0,3,change_col,/,3,testing
13,y,f,18,index,True,902200,903437,/,diamond.png,circle.png,diamond.png,circle.png,[255, 255, 0],[255, 0, 0],0,45,0,3,1,2,change_col,/,3,testing
13,y,f,18,index,True,908094,909021,z,circle.png,rect.png,circle.png,rect.png,[0, 0, 255],[0, 255, 0],135,0,3,0,1,2,change_ori,/,0,testing
13,y,f,18,index,True,913671,915613,z,diamond.png,circle.png,diamond.png,circle.png,[0, 0, 255],[255, 0, 0],0,135,2,3,0,1,change_ori,/,2,testing
13,y,f,18,index,True,920366,921054,z,circle.png,rect.png,circle.png,rect.png,[0, 0, 255],[0, 255, 0],0,90,0,2,1,3,nochange_ori,z,0,testing
13,y,f,18,index,True,925710,926781,z,circle.png,rect.png,circle.png,rect.png,[255, 255, 0],[255, 0, 0],90,0,2,3,0,1,change_ori,/,2,testing
13,y,f,18,index,True,931387,932317,/,triangle.png,diamond.png,triangle.png,diamond.png,[255, 0, 0],[0, 0, 255],0,135,0,1,2,3,change_col,/,3,testing
13,y,f,18,index,True,936913,937790,/,circle.png,diamond.png,circle.png,diamond.png,[0, 0, 255],[255, 0, 0],90,45,1,3,0,2,change_ori,/,2,testing
13,y,f,18,index,True,942373,945245,/,rect.png,diamond.png,rect.png,diamond.png,[255, 255, 0],[0, 0, 255],90,135,2,3,0,1,nochange_ori,z,0,testing
13,y,f,18,index,True,949870,950605,z,rect.png,circle.png,rect.png,circle.png,[255, 0, 0],[0, 0, 255],90,135,2,0,1,3,nochange_col,z,1,testing
13,y,f,18,index,True,955230,955901,/,diamond.png,triangle.png,diamond.png,triangle.png,[255, 255, 0],[0, 0, 255],45,90,2,1,3,0,change_col,/,3,testing
13,y,f,18,index,True,960674,961342,/,triangle.png,circle.png,triangle.png,circle.png,[0, 0, 255],[255, 0, 0],135,90,1,3,2,0,change_col,/,1,testing
13,y,f,18,index,True,965917,966621,z,circle.png,rect.png,circle.png,rect.png,[0, 255, 0],[255, 255, 0],90,135,0,2,3,1,change_ori,/,0,testing
13,y,f,18,index,True,971377,972109,z,triangle.png,rect.png,triangle.png,rect.png,[255, 0, 0],[255, 255, 0],45,90,3,2,0,1,change_ori,/,0,testing
13,y,f,18,index,True,976903,977709,/,diamond.png,rect.png,diamond.png,rect.png,[0, 0, 255],[255, 255, 0],0,90,3,1,2,0,change_col,/,3,testing
13,y,f,18,index,True,982396,983134,z,diamond.png,circle.png,diamond.png,circle.png,[255, 0, 0],[0, 0, 255],0,45,1,2,0,3,change_ori,/,0,testing
13,y,f,18,index,True,987724,988381,/,diamond.png,rect.png,diamond.png,rect.png,[0, 255, 0],[0, 0, 255],135,45,0,1,3,2,change_col,/,3,testing
13,y,f,18,index,True,993116,993821,z,triangle.png,circle.png,triangle.png,circle.png,[0, 0, 255],[255, 255, 0],90,0,3,1,2,0,nochange_ori,z,2,testing
13,y,f,18,index,True,998526,999581,/,rect.png,diamond.png,rect.png,diamond.png,[0, 0, 255],[0, 255, 0],0,45,3,0,2,1,change_ori,/,2,testing
13,y,f,18,index,True,1004320,1005165,z,diamond.png,triangle.png,diamond.png,triangle.png,[0, 255, 0],[0, 0, 255],135,0,3,2,1,0,nochange_ori,z,2,testing
13,y,f,18,index,True,1009881,1010605,/,triangle.png,circle.png,triangle.png,circle.png,[255, 0, 0],[0, 0, 255],0,90,2,3,1,0,nochange_col,z,3,testing
13,y,f,18,index,True,1015240,1015901,z,rect.png,triangle.png,rect.png,triangle.png,[255, 255, 0],[0, 255, 0],90,45,1,0,3,2,nochange_col,z,3,testing
13,y,f,18,index,True,1020533,1021613,z,triangle.png,circle.png,triangle.png,circle.png,[255, 255, 0],[0, 255, 0],90,0,3,2,1,0,nochange_col,z,1,testing
13,y,f,18,index,True,1026294,1026909,z,triangle.png,diamond.png,triangle.png,diamond.png,[0, 0, 255],[255, 0, 0],90,0,3,1,0,2,change_col,/,3,testing
13,y,f,18,index,True,1031620,1032476,z,circle.png,triangle.png,circle.png,triangle.png,[255, 0, 0],[0, 255, 0],0,90,2,3,1,0,change_ori,/,2,testing
13,y,f,18,index,True,1037147,1037885,z,circle.png,triangle.png,circle.png,triangle.png,[255, 255, 0],[0, 255, 0],90,135,2,3,0,1,nochange_col,z,1,testing
13,y,f,18,index,True,1042524,1043228,z,diamond.png,triangle.png,diamond.png,triangle.png,[255, 0, 0],[0, 0, 255],90,45,1,3,0,2,nochange_ori,z,2,testing
13,y,f,18,index,True,1047984,1048669,/,triangle.png,rect.png,triangle.png,rect.png,[0, 0, 255],[0, 255, 0],45,90,3,1,2,0,change_col,/,3,testing
13,y,f,18,index,True,1053327,1054253,z,rect.png,diamond.png,rect.png,diamond.png,[0, 0, 255],[0, 255, 0],90,45,2,1,0,3,change_ori,/,2,testing
13,y,f,18,index,True,1058904,1059389,/,diamond.png,circle.png,diamond.png,circle.png,[255, 255, 0],[0, 0, 255],0,45,1,0,2,3,change_col,/,3,testing
13,y,f,18,index,True,1064097,1064861,z,rect.png,diamond.png,rect.png,diamond.png,[0, 255, 0],[255, 255, 0],90,45,1,3,2,0,nochange_ori,z,0,testing
13,y,f,18,index,True,1069440,1070973,/,rect.png,circle.png,rect.png,circle.png,[0, 0, 255],[255, 255, 0],0,90,3,2,1,0,change_col,/,1,testing
13,y,f,18,index,True,1075651,1076236,z,diamond.png,circle.png,diamond.png,circle.png,[0, 0, 255],[255, 255, 0],90,45,0,2,1,3,nochange_col,z,1,testing
13,y,f,18,index,True,1080978,1082076,/,circle.png,diamond.png,circle.png,diamond.png,[255, 0, 0],[0, 0, 255],90,45,0,1,3,2,nochange_ori,z,0,testing
13,y,f,18,index,True,1086688,1087324,z,circle.png,rect.png,circle.png,rect.png,[0, 255, 0],[255, 0, 0],45,90,3,0,2,1,nochange_ori,z,0,testing
13,y,f,18,index,True,1091915,1092588,z,circle.png,rect.png,circle.png,rect.png,[255, 255, 0],[0, 0, 255],45,135,3,0,1,2,nochange_col,z,1,testing
13,y,f,18,index,True,1097241,1097932,z,triangle.png,diamond.png,triangle.png,diamond.png,[255, 0, 0],[0, 0, 255],135,45,0,3,1,2,nochange_col,z,1,testing
13,y,f,18,index,True,1102567,1103261,/,rect.png,triangle.png,rect.png,triangle.png,[0, 255, 0],[255, 255, 0],0,135,2,3,0,1,change_col,/,1,testing
13,y,f,18,index,True,1107893,1108349,z,triangle.png,diamond.png,triangle.png,diamond.png,[255, 255, 0],[255, 0, 0],135,45,0,3,2,1,nochange_col,z,1,testing
13,y,f,18,index,True,1113103,1113996,/,circle.png,triangle.png,circle.png,triangle.png,[0, 255, 0],[255, 0, 0],45,135,0,3,1,2,change_col,/,1,testing
13,y,f,18,index,True,1118714,1119564,/,diamond.png,rect.png,diamond.png,rect.png,[255, 255, 0],[0, 255, 0],135,0,3,0,1,2,nochange_ori,z,0,testing
13,y,f,18,index,True,1124224,1124860,/,circle.png,rect.png,circle.png,rect.png,[0, 255, 0],[0, 0, 255],0,45,3,1,2,0,change_col,/,1,testing
13,y,f,18,index,True,1129450,1130059,z,diamond.png,rect.png,diamond.png,rect.png,[255, 255, 0],[255, 0, 0],135,45,0,3,2,1,nochange_col,z,1,testing
13,y,f,18,index,True,1134794,1135805,/,circle.png,rect.png,circle.png,rect.png,[255, 0, 0],[0, 255, 0],90,135,0,3,1,2,change_ori,/,0,testing
