subj,name,gender,age,cond,P_resp,P_startTime,P_respTime,P_gotKey,shape1,shape2,shape3,shape4,color1,color2,color3,color4ori1,ori2,ori3,ori4ord_1,ord_2,ord_3,ord_4,task,correct_key,no_change,mode
13,y,f,18,noindex,True,147917,150123,/,triangle.png,rect.png,circle.png,diamond.png,[255, 255, 0],[0, 0, 255],90,45,2,0,1,3,change_ori,/,2,practice
13,y,f,18,noindex,True,154796,156203,/,diamond.png,rect.png,circle.png,triangle.png,[0, 0, 255],[255, 0, 0],135,45,0,3,2,1,nochange_col,z,3,practice
13,y,f,18,noindex,True,160957,161787,/,triangle.png,circle.png,diamond.png,rect.png,[255, 0, 0],[255, 255, 0],90,135,3,0,1,2,change_col,/,3,practice
13,y,f,18,noindex,True,166367,167355,/,circle.png,diamond.png,triangle.png,rect.png,[255, 0, 0],[0, 0, 255],90,45,3,0,1,2,change_col,/,1,practice
13,y,f,18,noindex,True,172095,172843,/,triangle.png,circle.png,diamond.png,rect.png,[255, 0, 0],[0, 255, 0],0,90,2,1,3,0,change_col,/,1,practice
13,y,f,18,noindex,True,177471,178330,/,rect.png,triangle.png,diamond.png,circle.png,[0, 255, 0],[255, 255, 0],45,135,2,1,0,3,nochange_ori,z,0,practice
13,y,f,18,noindex,True,182914,183771,z,rect.png,diamond.png,triangle.png,circle.png,[255, 255, 0],[0, 0, 255],135,0,3,0,2,1,nochange_col,z,1,practice
13,y,f,18,noindex,True,188508,189371,/,circle.png,rect.png,diamond.png,triangle.png,[255, 0, 0],[0, 255, 0],135,0,1,3,2,0,change_ori,/,2,practice
13,y,f,18,noindex,True,194052,194747,/,triangle.png,rect.png,circle.png,diamond.png,[255, 0, 0],[0, 0, 255],45,90,3,1,0,2,change_col,/,1,practice
13,y,f,18,noindex,True,199328,200123,/,circle.png,diamond.png,rect.png,triangle.png,[255, 0, 0],[0, 255, 0],90,0,2,3,1,0,change_ori,/,0,practice
13,y,f,18,noindex,True,204871,206123,z,rect.png,diamond.png,triangle.png,circle.png,[255, 0, 0],[0, 255, 0],0,45,1,2,3,0,nochange_ori,z,2,practice
13,y,f,18,noindex,True,210749,211738,z,circle.png,diamond.png,triangle.png,rect.png,[255, 255, 0],[0, 255, 0],135,45,3,2,0,1,nochange_col,z,3,practice
13,y,f,18,noindex,True,216492,217786,z,diamond.png,triangle.png,circle.png,rect.png,[0, 255, 0],[255, 255, 0],135,90,2,1,3,0,nochange_ori,z,0,practice
13,y,f,18,noindex,True,222521,224123,z,triangle.png,rect.png,circle.png,diamond.png,[0, 0, 255],[255, 255, 0],45,90,0,2,1,3,nochange_ori,z,0,practice
13,y,f,18,noindex,True,228865,229579,z,diamond.png,circle.png,rect.png,triangle.png,[255, 0, 0],[0, 255, 0],0,45,3,1,2,0,change_ori,/,2,practice
13,y,f,18,noindex,True,234342,235179,z,circle.png,rect.png,diamond.png,triangle.png,[0, 255, 0],[255, 255, 0],45,135,1,2,3,0,nochange_col,z,3,practice
13,y,f,18,noindex,True,239853,240747,z,diamond.png,circle.png,triangle.png,rect.png,[255, 255, 0],[255, 0, 0],135,0,0,3,1,2,nochange_ori,z,2,practice
13,y,f,18,noindex,True,245412,246282,/,triangle.png,diamond.png,circle.png,rect.png,[0, 255, 0],[255, 0, 0],45,90,1,0,2,3,change_ori,/,2,practice
13,y,f,18,noindex,True,250923,251595,/,circle.png,diamond.png,triangle.png,rect.png,[0, 255, 0],[255, 0, 0],90,0,2,1,0,3,change_col,/,3,practice
13,y,f,18,noindex,True,256166,257402,/,rect.png,triangle.png,diamond.png,circle.png,[255, 0, 0],[0, 255, 0],45,0,2,0,1,3,nochange_col,z,1,practice
13,y,f,18,noindex,True,283766,284730,z,triangle.png,diamond.png,circle.png,rect.png,[255, 0, 0],[255, 255, 0],45,135,1,0,2,3,change_ori,/,0,testing
13,y,f,18,noindex,True,289393,290282,z,diamond.png,circle.png,rect.png,triangle.png,[255, 255, 0],[255, 0, 0],0,45,1,3,0,2,nochange_col,z,1,testing
13,y,f,18,noindex,True,295037,295834,z,rect.png,diamond.png,triangle.png,circle.png,[0, 255, 0],[0, 0, 255],135,0,1,2,3,0,nochange_col,z,3,testing
13,y,f,18,noindex,True,300497,301259,z,triangle.png,diamond.png,circle.png,rect.png,[0, 0, 255],[255, 0, 0],45,135,0,2,3,1,nochange_col,z,1,testing
13,y,f,18,noindex,True,305924,306891,z,rect.png,circle.png,diamond.png,triangle.png,[255, 0, 0],[0, 0, 255],90,0,1,3,2,0,nochange_ori,z,0,testing
13,y,f,18,noindex,True,311601,312538,/,diamond.png,rect.png,triangle.png,circle.png,[255, 255, 0],[255, 0, 0],90,135,0,2,1,3,change_ori,/,2,testing
13,y,f,18,noindex,True,317144,318427,z,rect.png,triangle.png,circle.png,diamond.png,[255, 255, 0],[255, 0, 0],90,45,3,0,1,2,nochange_ori,z,2,testing
13,y,f,18,noindex,True,323104,324011,z,triangle.png,circle.png,diamond.png,rect.png,[0, 255, 0],[255, 0, 0],135,90,1,2,3,0,nochange_ori,z,0,testing
13,y,f,18,noindex,True,328731,329434,z,triangle.png,rect.png,diamond.png,circle.png,[255, 0, 0],[0, 255, 0],45,135,2,0,3,1,nochange_ori,z,2,testing
13,y,f,18,noindex,True,334092,335227,/,circle.png,diamond.png,triangle.png,rect.png,[0, 0, 255],[0, 255, 0],135,45,2,3,0,1,change_ori,/,0,testing
13,y,f,18,noindex,True,339819,340683,/,triangle.png,circle.png,rect.png,diamond.png,[0, 255, 0],[255, 0, 0],0,135,3,1,0,2,change_ori,/,2,testing
13,y,f,18,noindex,True,345296,346187,z,diamond.png,rect.png,circle.png,triangle.png,[0, 0, 255],[255, 0, 0],135,45,2,0,1,3,nochange_ori,z,2,testing
13,y,f,18,noindex,True,350906,351675,z,circle.png,diamond.png,triangle.png,rect.png,[0, 0, 255],[0, 255, 0],45,90,0,1,2,3,change_ori,/,2,testing
13,y,f,18,noindex,True,356350,357066,z,triangle.png,circle.png,diamond.png,rect.png,[255, 0, 0],[0, 0, 255],90,135,0,2,3,1,nochange_col,z,3,testing
13,y,f,18,noindex,True,361775,362474,/,diamond.png,rect.png,triangle.png,circle.png,[255, 0, 0],[0, 0, 255],45,90,1,2,0,3,change_col,/,3,testing
13,y,f,18,noindex,True,367086,367834,/,triangle.png,rect.png,diamond.png,circle.png,[255, 255, 0],[255, 0, 0],0,135,3,0,1,2,nochange_ori,z,2,testing
13,y,f,18,noindex,True,372495,373370,/,rect.png,circle.png,diamond.png,triangle.png,[0, 255, 0],[0, 0, 255],90,0,2,3,1,0,change_ori,/,0,testing
13,y,f,18,noindex,True,377938,378650,/,diamond.png,rect.png,triangle.png,circle.png,[0, 255, 0],[255, 255, 0],45,135,1,3,2,0,change_col,/,3,testing
13,y,f,18,noindex,True,383315,383898,z,rect.png,diamond.png,circle.png,triangle.png,[0, 255, 0],[255, 255, 0],45,90,2,1,0,3,nochange_col,z,1,testing
13,y,f,18,noindex,True,388542,389401,/,triangle.png,rect.png,diamond.png,circle.png,[255, 255, 0],[255, 0, 0],90,45,0,1,3,2,nochange_col,z,3,testing
13,y,f,18,noindex,True,394135,395178,/,diamond.png,triangle.png,circle.png,rect.png,[0, 0, 255],[0, 255, 0],45,90,2,3,1,0,change_ori,/,0,testing
13,y,f,18,noindex,True,399946,400858,z,triangle.png,circle.png,diamond.png,rect.png,[255, 255, 0],[255, 0, 0],45,135,3,1,0,2,nochange_ori,z,0,testing
13,y,f,18,noindex,True,405573,406170,z,rect.png,diamond.png,triangle.png,circle.png,[255, 255, 0],[255, 0, 0],0,45,1,2,0,3,nochange_col,z,3,testing
13,y,f,18,noindex,True,410766,411338,z,diamond.png,triangle.png,rect.png,circle.png,[0, 0, 255],[255, 0, 0],45,90,0,3,1,2,nochange_col,z,3,testing
13,y,f,18,noindex,True,416109,417898,/,rect.png,diamond.png,circle.png,triangle.png,[255, 0, 0],[0, 0, 255],45,135,2,3,1,0,nochange_ori,z,0,testing
13,y,f,18,noindex,True,422621,423481,z,diamond.png,triangle.png,rect.png,circle.png,[255, 255, 0],[255, 0, 0],135,45,0,2,1,3,nochange_ori,z,2,testing
13,y,f,18,noindex,True,428147,429242,z,triangle.png,circle.png,diamond.png,rect.png,[0, 255, 0],[0, 0, 255],90,135,0,2,3,1,nochange_ori,z,0,testing
13,y,f,18,noindex,True,433975,434682,z,triangle.png,diamond.png,rect.png,circle.png,[0, 255, 0],[255, 0, 0],135,90,3,2,0,1,nochange_col,z,1,testing
13,y,f,18,noindex,True,439368,439946,z,triangle.png,rect.png,circle.png,diamond.png,[0, 0, 255],[255, 0, 0],90,135,0,1,3,2,change_ori,/,0,testing
13,y,f,18,noindex,True,444661,445978,z,rect.png,triangle.png,circle.png,diamond.png,[0, 0, 255],[255, 255, 0],0,45,3,0,2,1,nochange_ori,z,0,testing
13,y,f,18,noindex,True,450622,451386,/,diamond.png,triangle.png,rect.png,circle.png,[255, 0, 0],[255, 255, 0],135,90,0,1,3,2,change_col,/,3,testing
13,y,f,18,noindex,True,456099,456617,z,rect.png,circle.png,diamond.png,triangle.png,[0, 255, 0],[255, 255, 0],90,0,3,0,1,2,nochange_col,z,3,testing
13,y,f,18,noindex,True,461309,462042,z,triangle.png,circle.png,diamond.png,rect.png,[0, 255, 0],[255, 0, 0],90,45,0,2,1,3,nochange_col,z,3,testing
13,y,f,18,noindex,True,466752,467642,/,triangle.png,diamond.png,circle.png,rect.png,[0, 0, 255],[255, 0, 0],0,135,0,2,3,1,nochange_ori,z,2,testing
13,y,f,18,noindex,True,472212,473162,z,triangle.png,diamond.png,rect.png,circle.png,[0, 255, 0],[255, 0, 0],135,90,1,0,2,3,nochange_ori,z,0,testing
13,y,f,18,noindex,True,477839,480281,z,circle.png,rect.png,diamond.png,triangle.png,[255, 0, 0],[0, 0, 255],90,135,1,0,3,2,nochange_ori,z,2,testing
13,y,f,18,noindex,True,484969,486058,z,rect.png,circle.png,diamond.png,triangle.png,[255, 0, 0],[0, 0, 255],90,0,0,3,1,2,nochange_col,z,1,testing
13,y,f,18,noindex,True,490662,491577,z,rect.png,diamond.png,triangle.png,circle.png,[255, 0, 0],[255, 255, 0],45,0,2,0,1,3,nochange_ori,z,0,testing
13,y,f,18,noindex,True,496206,496890,z,triangle.png,circle.png,diamond.png,rect.png,[255, 255, 0],[255, 0, 0],45,90,1,0,3,2,nochange_col,z,1,testing
13,y,f,18,noindex,True,501600,502233,z,triangle.png,circle.png,diamond.png,rect.png,[0, 0, 255],[255, 255, 0],45,135,0,3,2,1,nochange_col,z,1,testing
13,y,f,18,noindex,True,506959,507562,z,rect.png,circle.png,diamond.png,triangle.png,[255, 0, 0],[255, 255, 0],135,45,0,1,2,3,nochange_col,z,3,testing
13,y,f,18,noindex,True,512269,512921,/,diamond.png,circle.png,rect.png,triangle.png,[0, 0, 255],[0, 255, 0],135,0,2,1,3,0,change_col,/,1,testing
13,y,f,18,noindex,True,517595,518665,z,diamond.png,circle.png,triangle.png,rect.png,[255, 255, 0],[0, 0, 255],0,135,3,2,0,1,change_ori,/,0,testing
13,y,f,18,noindex,True,523423,524090,/,rect.png,circle.png,diamond.png,triangle.png,[0, 255, 0],[255, 0, 0],45,0,1,3,0,2,change_col,/,1,testing
13,y,f,18,noindex,True,528815,529817,/,circle.png,triangle.png,diamond.png,rect.png,[255, 255, 0],[255, 0, 0],0,45,2,0,3,1,change_ori,/,2,testing
13,y,f,18,noindex,True,534442,535354,/,diamond.png,circle.png,triangle.png,rect.png,[255, 0, 0],[255, 255, 0],45,135,1,2,3,0,change_ori,/,0,testing
13,y,f,18,noindex,True,540120,540825,/,circle.png,rect.png,diamond.png,triangle.png,[0, 255, 0],[0, 0, 255],45,90,0,2,1,3,change_col,/,3,testing
13,y,f,18,noindex,True,545446,546537,/,rect.png,triangle.png,diamond.png,circle.png,[0, 0, 255],[0, 255, 0],135,90,3,2,0,1,change_ori,/,2,testing
13,y,f,18,noindex,True,551123,552938,/,triangle.png,diamond.png,rect.png,circle.png,[0, 0, 255],[255, 255, 0],135,0,3,1,0,2,change_col,/,1,testing
13,y,f,18,noindex,True,557636,558777,/,rect.png,circle.png,triangle.png,diamond.png,[255, 0, 0],[0, 0, 255],135,45,3,2,0,1,change_ori,/,0,testing
13,y,f,18,noindex,True,563496,564761,/,circle.png,rect.png,triangle.png,diamond.png,[255, 255, 0],[255, 0, 0],135,0,3,2,1,0,change_col,/,3,testing
13,y,f,18,noindex,True,569490,570073,/,diamond.png,circle.png,triangle.png,rect.png,[255, 255, 0],[0, 0, 255],0,45,3,2,0,1,change_col,/,1,testing
13,y,f,18,noindex,True,574767,575545,/,rect.png,triangle.png,circle.png,diamond.png,[255, 255, 0],[0, 0, 255],90,45,3,1,0,2,nochange_ori,z,0,testing
13,y,f,18,noindex,True,580294,581354,z,circle.png,triangle.png,diamond.png,rect.png,[0, 255, 0],[255, 255, 0],45,90,0,3,2,1,change_ori,/,0,testing
13,y,f,18,noindex,True,585954,587064,/,diamond.png,triangle.png,circle.png,rect.png,[0, 0, 255],[0, 255, 0],90,45,0,2,1,3,change_ori,/,2,testing
13,y,f,18,noindex,True,591781,593177,z,rect.png,circle.png,diamond.png,triangle.png,[0, 0, 255],[255, 255, 0],45,135,0,1,3,2,nochange_ori,z,2,testing
13,y,f,18,noindex,True,597810,598505,/,circle.png,triangle.png,diamond.png,rect.png,[0, 0, 255],[255, 0, 0],45,135,2,0,3,1,change_col,/,3,testing
13,y,f,18,noindex,True,603252,604024,/,triangle.png,circle.png,rect.png,diamond.png,[255, 255, 0],[0, 255, 0],90,0,3,2,0,1,change_col,/,3,testing
13,y,f,18,noindex,True,608763,610025,z,diamond.png,rect.png,circle.png,triangle.png,[0, 255, 0],[255, 0, 0],45,135,0,3,1,2,change_col,/,3,testing
13,y,f,18,noindex,True,614641,615177,/,triangle.png,diamond.png,circle.png,rect.png,[0, 255, 0],[255, 255, 0],45,135,0,3,1,2,change_col,/,3,testing
13,y,f,18,noindex,True,619883,620921,z,rect.png,triangle.png,diamond.png,circle.png,[0, 255, 0],[255, 255, 0],45,135,1,0,2,3,change_ori,/,0,testing
13,y,f,18,noindex,True,625560,625961,/,circle.png,triangle.png,diamond.png,rect.png,[0, 255, 0],[255, 255, 0],0,90,1,2,0,3,change_col,/,1,testing
13,y,f,18,noindex,True,630569,635080,/,diamond.png,circle.png,triangle.png,rect.png,[255, 0, 0],[255, 255, 0],90,45,1,2,3,0,change_col,/,1,testing
13,y,f,18,noindex,True,639803,641641,/,diamond.png,rect.png,triangle.png,circle.png,[0, 0, 255],[255, 0, 0],45,135,0,2,1,3,change_ori,/,2,testing
13,y,f,18,noindex,True,646382,647608,z,circle.png,diamond.png,triangle.png,rect.png,[255, 0, 0],[0, 0, 255],90,135,3,0,2,1,change_ori,/,2,testing
13,y,f,18,noindex,True,652192,654856,/,rect.png,circle.png,diamond.png,triangle.png,[0, 255, 0],[0, 0, 255],135,45,1,3,2,0,change_col,/,3,testing
13,y,f,18,noindex,True,659522,660824,z,circle.png,triangle.png,diamond.png,rect.png,[255, 0, 0],[0, 0, 255],135,0,3,2,1,0,nochange_col,z,3,testing
13,y,f,18,noindex,True,665399,665929,/,circle.png,diamond.png,triangle.png,rect.png,[0, 255, 0],[255, 255, 0],45,90,3,2,0,1,change_col,/,3,testing
13,y,f,18,noindex,True,670609,672473,/,rect.png,diamond.png,triangle.png,circle.png,[255, 0, 0],[0, 0, 255],135,0,3,0,2,1,nochange_col,z,3,testing
13,y,f,18,noindex,True,677088,677881,z,diamond.png,rect.png,triangle.png,circle.png,[255, 0, 0],[0, 255, 0],0,90,2,3,1,0,nochange_ori,z,2,testing
13,y,f,18,noindex,True,682598,683320,z,circle.png,rect.png,triangle.png,diamond.png,[255, 255, 0],[0, 255, 0],135,45,2,0,1,3,nochange_ori,z,2,testing
13,y,f,18,noindex,True,687891,688393,/,triangle.png,rect.png,diamond.png,circle.png,[255, 0, 0],[255, 255, 0],90,135,2,3,1,0,change_col,/,1,testing
13,y,f,18,noindex,True,692983,693849,z,circle.png,rect.png,triangle.png,diamond.png,[255, 255, 0],[255, 0, 0],135,45,2,0,3,1,change_ori,/,2,testing
13,y,f,18,noindex,True,698494,699384,/,triangle.png,rect.png,circle.png,diamond.png,[255, 0, 0],[0, 255, 0],135,0,0,3,1,2,nochange_col,z,3,testing
13,y,f,18,noindex,True,704071,704120,/,rect.png,triangle.png,diamond.png,circle.png,[255, 255, 0],[255, 0, 0],135,0,0,2,3,1,change_col,/,3,testing
13,y,f,18,noindex,True,708779,709624,z,diamond.png,circle.png,rect.png,triangle.png,[255, 0, 0],[255, 255, 0],0,90,0,1,2,3,nochange_ori,z,2,testing
13,y,f,18,noindex,True,714373,715336,/,triangle.png,diamond.png,rect.png,circle.png,[255, 255, 0],[255, 0, 0],45,0,1,3,0,2,nochange_col,z,3,testing
13,y,f,18,noindex,True,720066,720713,z,diamond.png,triangle.png,rect.png,circle.png,[0, 0, 255],[255, 0, 0],0,90,0,2,1,3,nochange_col,z,3,testing
13,y,f,18,noindex,True,725394,726408,z,triangle.png,circle.png,diamond.png,rect.png,[255, 255, 0],[255, 0, 0],45,135,3,2,1,0,change_ori,/,0,testing
13,y,f,18,noindex,True,731004,732168,z,rect.png,circle.png,diamond.png,triangle.png,[0, 0, 255],[255, 0, 0],135,90,0,3,1,2,change_col,/,1,testing
13,y,f,18,noindex,True,745263,746152,/,rect.png,triangle.png,circle.png,diamond.png,[255, 255, 0],[0, 0, 255],135,0,2,0,3,1,change_col,/,3,testing
13,y,f,18,noindex,True,750723,752185,/,rect.png,circle.png,triangle.png,diamond.png,[255, 255, 0],[255, 0, 0],90,135,1,3,2,0,nochange_ori,z,2,testing
13,y,f,18,noindex,True,756885,757672,/,rect.png,triangle.png,diamond.png,circle.png,[0, 0, 255],[0, 255, 0],90,45,0,2,1,3,change_col,/,1,testing
13,y,f,18,noindex,True,762428,763416,/,diamond.png,circle.png,rect.png,triangle.png,[0, 255, 0],[0, 0, 255],135,45,1,2,0,3,change_ori,/,2,testing
13,y,f,18,noindex,True,768005,768728,/,circle.png,rect.png,diamond.png,triangle.png,[255, 0, 0],[0, 255, 0],45,135,3,1,0,2,nochange_col,z,1,testing
13,y,f,18,noindex,True,773415,774360,z,circle.png,rect.png,diamond.png,triangle.png,[255, 0, 0],[0, 255, 0],0,45,0,2,3,1,nochange_ori,z,2,testing
13,y,f,18,noindex,True,778925,780120,z,circle.png,diamond.png,triangle.png,rect.png,[255, 255, 0],[0, 0, 255],45,90,2,3,1,0,nochange_col,z,1,testing
13,y,f,18,noindex,True,784769,785832,z,triangle.png,circle.png,diamond.png,rect.png,[0, 255, 0],[255, 255, 0],135,45,1,0,2,3,nochange_ori,z,0,testing
13,y,f,18,noindex,True,790463,791544,z,rect.png,diamond.png,triangle.png,circle.png,[255, 255, 0],[255, 0, 0],90,135,3,2,0,1,nochange_ori,z,0,testing
13,y,f,18,noindex,True,796190,796968,/,triangle.png,circle.png,diamond.png,rect.png,[255, 255, 0],[255, 0, 0],45,90,1,2,3,0,change_col,/,1,testing
13,y,f,18,noindex,True,801733,802472,/,circle.png,diamond.png,rect.png,triangle.png,[255, 0, 0],[255, 255, 0],90,135,0,1,3,2,change_col,/,1,testing
13,y,f,18,noindex,True,807043,807720,z,triangle.png,rect.png,diamond.png,circle.png,[255, 255, 0],[255, 0, 0],45,0,0,3,1,2,nochange_col,z,1,testing
13,y,f,18,noindex,True,812336,813016,/,triangle.png,diamond.png,rect.png,circle.png,[255, 0, 0],[255, 255, 0],45,90,3,2,0,1,change_col,/,3,testing
13,y,f,18,noindex,True,817579,818488,z,diamond.png,circle.png,rect.png,triangle.png,[255, 255, 0],[0, 255, 0],135,45,1,3,0,2,nochange_col,z,1,testing
13,y,f,18,noindex,True,823089,824168,z,diamond.png,rect.png,triangle.png,circle.png,[0, 0, 255],[255, 0, 0],90,135,0,2,1,3,nochange_col,z,1,testing
13,y,f,18,noindex,True,828800,829720,z,rect.png,diamond.png,circle.png,triangle.png,[255, 0, 0],[255, 255, 0],135,45,3,0,1,2,change_ori,/,2,testing
13,y,f,18,noindex,True,834377,835063,/,circle.png,diamond.png,rect.png,triangle.png,[0, 0, 255],[0, 255, 0],45,90,1,0,3,2,change_col,/,3,testing
13,y,f,18,noindex,True,839637,840247,z,circle.png,triangle.png,diamond.png,rect.png,[255, 0, 0],[0, 255, 0],90,0,2,3,1,0,nochange_col,z,3,testing
13,y,f,18,noindex,True,844813,845512,/,rect.png,diamond.png,circle.png,triangle.png,[0, 255, 0],[0, 0, 255],90,45,3,0,2,1,change_col,/,3,testing
13,y,f,18,noindex,True,850089,850600,z,rect.png,triangle.png,circle.png,diamond.png,[255, 255, 0],[0, 0, 255],90,0,3,1,0,2,nochange_col,z,3,testing
13,y,f,18,noindex,True,855281,855992,z,rect.png,diamond.png,triangle.png,circle.png,[0, 255, 0],[255, 0, 0],90,45,2,3,0,1,nochange_ori,z,2,testing
13,y,f,18,noindex,True,860574,861159,z,triangle.png,diamond.png,rect.png,circle.png,[255, 0, 0],[0, 0, 255],0,135,2,3,0,1,nochange_col,z,1,testing
13,y,f,18,noindex,True,865784,866487,z,triangle.png,circle.png,diamond.png,rect.png,[255, 255, 0],[0, 255, 0],0,45,2,3,0,1,change_ori,/,0,testing
13,y,f,18,noindex,True,871244,872104,/,rect.png,circle.png,triangle.png,diamond.png,[0, 255, 0],[0, 0, 255],45,90,1,2,3,0,change_ori,/,2,testing
13,y,f,18,noindex,True,876754,877399,/,rect.png,triangle.png,circle.png,diamond.png,[255, 0, 0],[0, 0, 255],0,135,1,0,2,3,nochange_col,z,1,testing
13,y,f,18,noindex,True,882064,882872,/,rect.png,triangle.png,diamond.png,circle.png,[0, 255, 0],[255, 255, 0],45,135,1,0,2,3,change_col,/,3,testing
13,y,f,18,noindex,True,887607,888296,z,circle.png,rect.png,triangle.png,diamond.png,[255, 255, 0],[0, 255, 0],90,0,1,2,0,3,nochange_ori,z,0,testing
13,y,f,18,noindex,True,893001,893832,/,diamond.png,rect.png,triangle.png,circle.png,[0, 0, 255],[255, 0, 0],90,45,1,0,2,3,change_ori,/,0,testing
13,y,f,18,noindex,True,898428,899015,z,triangle.png,circle.png,diamond.png,rect.png,[255, 0, 0],[0, 0, 255],45,90,3,0,2,1,nochange_col,z,3,testing
13,y,f,18,noindex,True,903754,904472,/,circle.png,triangle.png,rect.png,diamond.png,[255, 255, 0],[0, 0, 255],135,45,0,3,1,2,change_col,/,3,testing
13,y,f,18,noindex,True,909047,909783,z,circle.png,rect.png,diamond.png,triangle.png,[255, 0, 0],[0, 255, 0],45,0,0,3,1,2,nochange_col,z,3,testing
13,y,f,18,noindex,True,914557,915159,z,diamond.png,circle.png,triangle.png,rect.png,[255, 0, 0],[0, 255, 0],0,135,2,3,0,1,nochange_col,z,3,testing
13,y,f,18,noindex,True,919900,921399,z,circle.png,diamond.png,triangle.png,rect.png,[0, 255, 0],[255, 255, 0],45,0,3,1,0,2,nochange_ori,z,0,testing
13,y,f,18,noindex,True,926045,926680,/,circle.png,rect.png,diamond.png,triangle.png,[255, 255, 0],[255, 0, 0],0,90,3,1,0,2,change_col,/,3,testing
13,y,f,18,noindex,True,931288,932023,z,triangle.png,rect.png,diamond.png,circle.png,[255, 0, 0],[255, 255, 0],0,45,2,1,0,3,nochange_ori,z,2,testing
13,y,f,18,noindex,True,936748,937415,z,circle.png,diamond.png,triangle.png,rect.png,[0, 0, 255],[255, 255, 0],90,45,3,2,0,1,nochange_col,z,3,testing
13,y,f,18,noindex,True,942008,942728,z,circle.png,rect.png,diamond.png,triangle.png,[255, 255, 0],[0, 0, 255],0,135,1,0,3,2,nochange_ori,z,0,testing
13,y,f,18,noindex,True,947468,948119,z,diamond.png,triangle.png,rect.png,circle.png,[0, 0, 255],[255, 255, 0],90,0,3,1,0,2,nochange_ori,z,2,testing
13,y,f,18,noindex,True,952710,953191,z,circle.png,diamond.png,rect.png,triangle.png,[255, 255, 0],[0, 255, 0],0,135,0,2,3,1,nochange_col,z,3,testing
13,y,f,18,noindex,True,957854,958520,z,triangle.png,diamond.png,rect.png,circle.png,[0, 255, 0],[0, 0, 255],90,0,2,3,0,1,change_ori,/,2,testing
13,y,f,18,noindex,True,963196,964535,/,circle.png,diamond.png,rect.png,triangle.png,[0, 255, 0],[0, 0, 255],0,45,1,2,0,3,change_ori,/,2,testing
13,y,f,18,noindex,True,969241,970071,/,circle.png,triangle.png,diamond.png,rect.png,[0, 255, 0],[255, 255, 0],90,0,2,3,1,0,change_col,/,1,testing
13,y,f,18,noindex,True,974734,976823,z,diamond.png,rect.png,circle.png,triangle.png,[255, 0, 0],[0, 0, 255],135,45,1,3,2,0,change_col,/,1,testing
13,y,f,18,noindex,True,981547,982327,/,circle.png,rect.png,triangle.png,diamond.png,[0, 0, 255],[255, 255, 0],0,135,3,0,2,1,nochange_ori,z,2,testing
13,y,f,18,noindex,True,986957,988039,/,circle.png,rect.png,diamond.png,triangle.png,[255, 255, 0],[0, 255, 0],135,0,3,1,0,2,change_ori,/,0,testing
13,y,f,18,noindex,True,992717,993383,/,circle.png,rect.png,diamond.png,triangle.png,[0, 0, 255],[255, 255, 0],90,0,3,0,2,1,change_col,/,1,testing
13,y,f,18,noindex,True,998044,998935,/,diamond.png,circle.png,triangle.png,rect.png,[0, 0, 255],[255, 255, 0],135,90,0,2,1,3,nochange_ori,z,0,testing
13,y,f,18,noindex,True,1003537,1004183,/,diamond.png,rect.png,triangle.png,circle.png,[255, 0, 0],[0, 0, 255],45,90,1,3,2,0,change_ori,/,2,testing
13,y,f,18,noindex,True,1008880,1009639,/,rect.png,diamond.png,circle.png,triangle.png,[0, 0, 255],[255, 0, 0],90,45,0,3,2,1,change_ori,/,0,testing
13,y,f,18,noindex,True,1014324,1015015,/,circle.png,rect.png,triangle.png,diamond.png,[0, 255, 0],[0, 0, 255],0,90,3,1,2,0,change_ori,/,0,testing
13,y,f,18,noindex,True,1019717,1020471,/,rect.png,circle.png,triangle.png,diamond.png,[255, 255, 0],[255, 0, 0],45,135,3,2,1,0,change_ori,/,0,testing
13,y,f,18,noindex,True,1025060,1026311,z,circle.png,rect.png,triangle.png,diamond.png,[0, 0, 255],[0, 255, 0],0,45,0,2,1,3,change_ori,/,2,testing
13,y,f,18,noindex,True,1031021,1032295,z,circle.png,rect.png,triangle.png,diamond.png,[0, 0, 255],[0, 255, 0],135,45,3,1,2,0,nochange_col,z,1,testing
13,y,f,18,noindex,True,1036981,1037831,z,rect.png,triangle.png,circle.png,diamond.png,[0, 255, 0],[255, 0, 0],135,90,2,3,0,1,nochange_ori,z,0,testing
13,y,f,18,noindex,True,1042509,1043542,z,rect.png,triangle.png,circle.png,diamond.png,[0, 255, 0],[0, 0, 255],45,90,2,3,1,0,change_ori,/,2,testing
13,y,f,18,noindex,True,1048152,1048854,z,rect.png,circle.png,triangle.png,diamond.png,[0, 0, 255],[255, 255, 0],45,0,2,1,3,0,nochange_ori,z,0,testing
13,y,f,18,noindex,True,1053429,1054135,z,triangle.png,rect.png,diamond.png,circle.png,[255, 255, 0],[0, 0, 255],45,0,3,1,2,0,nochange_ori,z,0,testing
13,y,f,18,noindex,True,1058722,1059287,/,circle.png,triangle.png,diamond.png,rect.png,[0, 255, 0],[255, 255, 0],135,90,0,1,2,3,change_col,/,3,testing
13,y,f,18,noindex,True,1063881,1064663,/,rect.png,triangle.png,circle.png,diamond.png,[255, 255, 0],[0, 0, 255],135,0,1,2,3,0,change_ori,/,0,testing
13,y,f,18,noindex,True,1069258,1069911,/,circle.png,rect.png,triangle.png,diamond.png,[0, 255, 0],[255, 0, 0],135,0,2,3,0,1,change_col,/,3,testing
13,y,f,18,noindex,True,1074685,1075463,z,rect.png,circle.png,triangle.png,diamond.png,[0, 0, 255],[0, 255, 0],45,0,0,1,3,2,nochange_ori,z,2,testing
13,y,f,18,noindex,True,1080161,1081030,z,rect.png,diamond.png,circle.png,triangle.png,[0, 0, 255],[255, 0, 0],90,0,1,2,3,0,nochange_col,z,3,testing
13,y,f,18,noindex,True,1085771,1086646,z,triangle.png,diamond.png,rect.png,circle.png,[0, 0, 255],[255, 0, 0],90,0,1,0,2,3,change_ori,/,0,testing
13,y,f,18,noindex,True,1091382,1092871,/,circle.png,diamond.png,triangle.png,rect.png,[0, 0, 255],[255, 0, 0],45,0,2,3,0,1,change_ori,/,2,testing
13,y,f,18,noindex,True,1097576,1098774,z,diamond.png,circle.png,rect.png,triangle.png,[255, 0, 0],[0, 255, 0],45,135,0,2,3,1,nochange_ori,z,2,testing
13,y,f,18,noindex,True,1103420,1104343,z,triangle.png,diamond.png,circle.png,rect.png,[255, 0, 0],[0, 0, 255],0,90,3,0,2,1,nochange_ori,z,2,testing
13,y,f,18,noindex,True,1109048,1110103,/,triangle.png,circle.png,diamond.png,rect.png,[255, 255, 0],[0, 255, 0],45,135,0,1,2,3,change_ori,/,2,testing
13,y,f,18,noindex,True,1114824,1115654,/,triangle.png,circle.png,rect.png,diamond.png,[255, 0, 0],[0, 255, 0],45,90,3,1,0,2,change_col,/,3,testing
13,y,f,18,noindex,True,1120284,1121175,z,diamond.png,rect.png,circle.png,triangle.png,[255, 0, 0],[0, 255, 0],135,45,0,1,3,2,nochange_ori,z,2,testing
13,y,f,18,noindex,True,1125778,1127494,/,triangle.png,circle.png,rect.png,diamond.png,[0, 0, 255],[0, 255, 0],45,90,1,3,0,2,nochange_col,z,3,testing
13,y,f,18,noindex,True,1132090,1133015,/,circle.png,diamond.png,rect.png,triangle.png,[255, 255, 0],[255, 0, 0],45,0,3,2,0,1,change_ori,/,0,testing
13,y,f,18,noindex,True,1137583,1138326,/,rect.png,circle.png,triangle.png,diamond.png,[0, 255, 0],[255, 0, 0],45,90,2,1,3,0,change_col,/,3,testing
13,y,f,18,noindex,True,1142993,1145046,z,circle.png,triangle.png,rect.png,diamond.png,[0, 255, 0],[255, 0, 0],0,45,3,2,1,0,nochange_ori,z,0,testing
13,y,f,18,noindex,True,1149756,1150518,/,diamond.png,rect.png,triangle.png,circle.png,[0, 255, 0],[0, 0, 255],0,45,0,3,2,1,change_col,/,3,testing
13,y,f,18,noindex,True,1155115,1156342,z,rect.png,circle.png,diamond.png,triangle.png,[255, 0, 0],[255, 255, 0],45,135,3,2,0,1,nochange_col,z,3,testing
13,y,f,18,noindex,True,1161026,1161718,z,diamond.png,circle.png,triangle.png,rect.png,[255, 0, 0],[0, 255, 0],135,90,1,0,2,3,nochange_col,z,3,testing
13,y,f,18,noindex,True,1166303,1166935,/,circle.png,rect.png,triangle.png,diamond.png,[0, 255, 0],[255, 0, 0],45,0,3,1,0,2,change_col,/,3,testing
13,y,f,18,noindex,True,1171646,1172534,/,diamond.png,triangle.png,rect.png,circle.png,[0, 0, 255],[255, 0, 0],0,90,3,1,0,2,change_col,/,3,testing
13,y,f,18,noindex,True,1177289,1178246,z,circle.png,triangle.png,diamond.png,rect.png,[0, 255, 0],[255, 255, 0],90,0,1,2,0,3,change_ori,/,2,testing
13,y,f,18,noindex,True,1182883,1184614,z,triangle.png,rect.png,diamond.png,circle.png,[255, 255, 0],[255, 0, 0],135,90,1,3,2,0,nochange_col,z,3,testing
