subj,name,gender,age,cond,P_resp,P_startTime,P_respTime,P_gotKey,shape1,shape2,shape3,shape4,color1,color2,color3,color4ori1,ori2,ori3,ori4ord_1,ord_2,ord_3,ord_4,task,correct_key,no_change,mode
14,xy,f,19,index,True,64707,65893,/,triangle.png,rect.png,triangle.png,rect.png,[255, 0, 0],[0, 0, 255],135,45,3,1,0,2,change_col,/,3,practice
14,xy,f,19,index,True,70668,72021,z,circle.png,diamond.png,circle.png,diamond.png,[0, 0, 255],[255, 0, 0],90,45,2,3,0,1,nochange_col,z,1,practice
14,xy,f,19,index,True,76646,77380,/,diamond.png,triangle.png,diamond.png,triangle.png,[255, 255, 0],[0, 0, 255],45,90,2,0,1,3,change_col,/,3,practice
14,xy,f,19,index,True,82056,82820,z,diamond.png,rect.png,diamond.png,rect.png,[255, 0, 0],[0, 0, 255],0,45,2,3,1,0,nochange_ori,z,0,practice
14,xy,f,19,index,True,87398,88356,z,rect.png,diamond.png,rect.png,diamond.png,[0, 0, 255],[0, 255, 0],135,45,1,3,2,0,nochange_ori,z,2,practice
14,xy,f,19,index,True,93042,93973,z,circle.png,triangle.png,circle.png,triangle.png,[0, 0, 255],[0, 255, 0],0,45,0,1,3,2,nochange_col,z,1,practice
14,xy,f,19,index,True,98669,99396,z,triangle.png,circle.png,triangle.png,circle.png,[0, 255, 0],[255, 0, 0],90,0,2,3,1,0,nochange_ori,z,2,practice
14,xy,f,19,index,True,104079,108676,/,rect.png,diamond.png,rect.png,diamond.png,[0, 255, 0],[255, 0, 0],45,90,2,1,0,3,change_ori,/,2,practice
14,xy,f,19,index,True,113246,113876,z,circle.png,diamond.png,circle.png,diamond.png,[0, 255, 0],[255, 0, 0],90,0,2,0,3,1,nochange_ori,z,2,practice
14,xy,f,19,index,True,118590,119396,z,diamond.png,circle.png,diamond.png,circle.png,[255, 0, 0],[0, 255, 0],0,45,1,3,2,0,nochange_col,z,3,practice
14,xy,f,19,index,True,123982,124644,z,diamond.png,circle.png,diamond.png,circle.png,[255, 255, 0],[0, 0, 255],135,45,3,0,2,1,nochange_col,z,3,practice
14,xy,f,19,index,True,129292,130403,/,rect.png,circle.png,rect.png,circle.png,[0, 255, 0],[255, 0, 0],45,135,2,0,1,3,change_ori,/,0,practice
14,xy,f,19,index,True,135086,137060,/,triangle.png,diamond.png,triangle.png,diamond.png,[0, 0, 255],[0, 255, 0],90,45,2,1,0,3,change_ori,/,2,practice
14,xy,f,19,index,True,141632,142788,z,diamond.png,rect.png,diamond.png,rect.png,[0, 255, 0],[255, 0, 0],0,45,3,1,0,2,nochange_col,z,3,practice
14,xy,f,19,index,True,147560,148947,/,diamond.png,triangle.png,diamond.png,triangle.png,[0, 255, 0],[255, 0, 0],0,45,0,1,2,3,change_ori,/,2,practice
14,xy,f,19,index,True,153637,154548,/,diamond.png,rect.png,diamond.png,rect.png,[255, 0, 0],[255, 255, 0],0,135,3,2,1,0,change_col,/,1,practice
14,xy,f,19,index,True,159113,160292,/,diamond.png,triangle.png,diamond.png,triangle.png,[0, 0, 255],[0, 255, 0],0,90,0,1,3,2,change_ori,/,2,practice
14,xy,f,19,index,True,164924,166132,z,triangle.png,circle.png,triangle.png,circle.png,[0, 255, 0],[255, 0, 0],135,90,0,2,1,3,nochange_ori,z,2,practice
14,xy,f,19,index,True,170719,171363,/,rect.png,triangle.png,rect.png,triangle.png,[0, 0, 255],[255, 0, 0],0,90,3,0,2,1,change_col,/,3,practice
14,xy,f,19,index,True,176078,176804,/,circle.png,rect.png,circle.png,rect.png,[0, 255, 0],[0, 0, 255],45,90,1,2,0,3,change_col,/,1,practice
14,xy,f,19,index,True,189637,190388,z,triangle.png,rect.png,triangle.png,rect.png,[0, 255, 0],[255, 0, 0],135,0,3,2,1,0,nochange_ori,z,2,testing
14,xy,f,19,index,True,195080,196804,z,rect.png,triangle.png,rect.png,triangle.png,[255, 255, 0],[0, 255, 0],45,90,0,2,3,1,change_ori,/,2,testing
14,xy,f,19,index,True,201559,202451,/,rect.png,triangle.png,rect.png,triangle.png,[255, 255, 0],[255, 0, 0],45,90,1,3,2,0,change_col,/,1,testing
14,xy,f,19,index,True,207169,209140,z,rect.png,diamond.png,rect.png,diamond.png,[255, 0, 0],[0, 0, 255],45,0,3,2,1,0,nochange_ori,z,0,testing
14,xy,f,19,index,True,213714,215124,z,triangle.png,diamond.png,triangle.png,diamond.png,[0, 0, 255],[0, 255, 0],45,90,1,3,2,0,nochange_ori,z,2,testing
14,xy,f,19,index,True,219875,221012,z,diamond.png,triangle.png,diamond.png,triangle.png,[255, 0, 0],[255, 255, 0],0,90,1,2,0,3,nochange_ori,z,0,testing
14,xy,f,19,index,True,225736,226691,z,rect.png,diamond.png,rect.png,diamond.png,[255, 255, 0],[255, 0, 0],135,45,3,1,2,0,nochange_col,z,3,testing
14,xy,f,19,index,True,231363,232132,/,diamond.png,rect.png,diamond.png,rect.png,[0, 255, 0],[255, 255, 0],135,45,3,2,0,1,change_ori,/,2,testing
14,xy,f,19,index,True,236890,237747,z,triangle.png,rect.png,triangle.png,rect.png,[255, 255, 0],[255, 0, 0],90,0,1,2,0,3,nochange_col,z,1,testing
14,xy,f,19,index,True,242434,243188,/,rect.png,diamond.png,rect.png,diamond.png,[255, 0, 0],[255, 255, 0],0,90,0,1,2,3,change_ori,/,0,testing
14,xy,f,19,index,True,247859,248676,/,diamond.png,triangle.png,diamond.png,triangle.png,[0, 255, 0],[0, 0, 255],45,135,1,0,2,3,change_ori,/,0,testing
14,xy,f,19,index,True,253286,254052,/,rect.png,triangle.png,rect.png,triangle.png,[255, 255, 0],[0, 0, 255],135,0,2,0,3,1,change_col,/,1,testing
14,xy,f,19,index,True,258813,260163,/,circle.png,diamond.png,circle.png,diamond.png,[0, 0, 255],[255, 255, 0],135,45,1,2,3,0,change_ori,/,2,testing
14,xy,f,19,index,True,264774,267268,/,triangle.png,rect.png,triangle.png,rect.png,[255, 0, 0],[0, 0, 255],0,90,3,1,0,2,change_col,/,1,testing
14,xy,f,19,index,True,272004,275491,/,rect.png,circle.png,rect.png,circle.png,[255, 255, 0],[0, 255, 0],45,90,3,2,1,0,change_col,/,1,testing
14,xy,f,19,index,True,280086,281747,/,triangle.png,circle.png,triangle.png,circle.png,[255, 0, 0],[255, 255, 0],45,0,1,3,2,0,change_ori,/,2,testing
14,xy,f,19,index,True,286414,288115,z,rect.png,circle.png,rect.png,circle.png,[0, 255, 0],[255, 255, 0],135,90,1,2,3,0,nochange_ori,z,2,testing
14,xy,f,19,index,True,292825,293604,/,circle.png,diamond.png,circle.png,diamond.png,[255, 255, 0],[0, 255, 0],45,0,3,1,2,0,change_col,/,3,testing
14,xy,f,19,index,True,298235,299315,z,diamond.png,triangle.png,diamond.png,triangle.png,[255, 0, 0],[0, 255, 0],45,135,3,1,0,2,nochange_ori,z,2,testing
14,xy,f,19,index,True,303930,305987,/,rect.png,diamond.png,rect.png,diamond.png,[255, 0, 0],[255, 255, 0],90,0,0,1,3,2,change_col,/,1,testing
14,xy,f,19,index,True,310625,311539,/,circle.png,rect.png,circle.png,rect.png,[255, 255, 0],[0, 255, 0],90,0,2,1,0,3,change_ori,/,2,testing
14,xy,f,19,index,True,316102,318179,z,triangle.png,circle.png,triangle.png,circle.png,[255, 0, 0],[0, 0, 255],0,90,0,3,2,1,nochange_ori,z,0,testing
14,xy,f,19,index,True,322881,323875,z,triangle.png,rect.png,triangle.png,rect.png,[255, 255, 0],[0, 255, 0],135,90,0,1,2,3,nochange_col,z,3,testing
14,xy,f,19,index,True,328574,330851,z,circle.png,rect.png,circle.png,rect.png,[255, 255, 0],[255, 0, 0],135,90,1,3,2,0,nochange_col,z,3,testing
14,xy,f,19,index,True,335454,337619,z,triangle.png,rect.png,triangle.png,rect.png,[255, 255, 0],[0, 255, 0],90,135,2,3,1,0,nochange_col,z,3,testing
14,xy,f,19,index,True,342300,343378,z,rect.png,diamond.png,rect.png,diamond.png,[255, 0, 0],[0, 0, 255],135,45,1,3,2,0,nochange_col,z,1,testing
14,xy,f,19,index,True,348027,349043,z,rect.png,circle.png,rect.png,circle.png,[0, 0, 255],[0, 255, 0],135,0,1,3,0,2,nochange_ori,z,2,testing
14,xy,f,19,index,True,353671,355219,z,rect.png,circle.png,rect.png,circle.png,[255, 0, 0],[0, 255, 0],135,90,3,2,1,0,change_ori,/,2,testing
14,xy,f,19,index,True,359782,362659,z,triangle.png,diamond.png,triangle.png,diamond.png,[255, 255, 0],[0, 0, 255],45,135,0,2,3,1,change_ori,/,2,testing
14,xy,f,19,index,True,367380,368050,z,rect.png,diamond.png,rect.png,diamond.png,[255, 255, 0],[255, 0, 0],135,90,3,0,1,2,nochange_col,z,3,testing
14,xy,f,19,index,True,372639,375378,/,rect.png,circle.png,rect.png,circle.png,[0, 255, 0],[255, 255, 0],0,135,3,2,0,1,change_ori,/,2,testing
14,xy,f,19,index,True,380136,381267,z,diamond.png,rect.png,diamond.png,rect.png,[255, 0, 0],[255, 255, 0],90,45,3,0,2,1,nochange_ori,z,2,testing
14,xy,f,19,index,True,385963,386931,z,circle.png,rect.png,circle.png,rect.png,[255, 255, 0],[0, 255, 0],135,0,2,1,0,3,nochange_col,z,1,testing
14,xy,f,19,index,True,391540,400051,z,circle.png,triangle.png,circle.png,triangle.png,[0, 0, 255],[255, 0, 0],0,45,0,3,2,1,nochange_ori,z,0,testing
14,xy,f,19,index,True,404647,405299,z,circle.png,triangle.png,circle.png,triangle.png,[0, 0, 255],[255, 255, 0],45,0,1,0,2,3,nochange_col,z,1,testing
14,xy,f,19,index,True,410024,410595,z,triangle.png,circle.png,triangle.png,circle.png,[255, 255, 0],[255, 0, 0],45,90,1,2,3,0,nochange_col,z,3,testing
14,xy,f,19,index,True,415267,417427,/,diamond.png,triangle.png,diamond.png,triangle.png,[0, 0, 255],[0, 255, 0],0,45,3,2,0,1,change_ori,/,2,testing
14,xy,f,19,index,True,422029,424162,/,circle.png,diamond.png,circle.png,diamond.png,[255, 255, 0],[0, 0, 255],0,45,0,2,1,3,change_col,/,1,testing
14,xy,f,19,index,True,428759,430227,/,triangle.png,rect.png,triangle.png,rect.png,[255, 255, 0],[0, 0, 255],135,90,1,0,3,2,change_col,/,3,testing
14,xy,f,19,index,True,434854,436530,/,rect.png,diamond.png,rect.png,diamond.png,[255, 0, 0],[0, 255, 0],90,45,2,1,3,0,change_col,/,1,testing
14,xy,f,19,index,True,441281,442578,z,circle.png,triangle.png,circle.png,triangle.png,[0, 255, 0],[255, 255, 0],90,135,1,2,3,0,nochange_ori,z,0,testing
14,xy,f,19,index,True,447310,448338,z,circle.png,diamond.png,circle.png,diamond.png,[255, 0, 0],[0, 0, 255],90,0,0,3,2,1,nochange_ori,z,2,testing
14,xy,f,19,index,True,453036,453746,z,circle.png,rect.png,circle.png,rect.png,[0, 0, 255],[0, 255, 0],135,45,1,2,0,3,nochange_col,z,3,testing
14,xy,f,19,index,True,458446,460706,/,diamond.png,rect.png,diamond.png,rect.png,[255, 0, 0],[255, 255, 0],135,90,1,0,3,2,change_ori,/,0,testing
14,xy,f,19,index,True,465309,466723,z,triangle.png,rect.png,triangle.png,rect.png,[0, 255, 0],[255, 0, 0],0,45,0,3,2,1,change_col,/,3,testing
14,xy,f,19,index,True,471420,472114,z,diamond.png,triangle.png,diamond.png,triangle.png,[0, 0, 255],[255, 255, 0],135,45,0,1,3,2,nochange_col,z,3,testing
14,xy,f,19,index,True,476680,477538,/,rect.png,diamond.png,rect.png,diamond.png,[0, 0, 255],[0, 255, 0],90,45,0,3,2,1,change_ori,/,0,testing
14,xy,f,19,index,True,482273,484258,/,rect.png,diamond.png,rect.png,diamond.png,[255, 0, 0],[255, 255, 0],90,0,0,3,1,2,change_ori,/,0,testing
14,xy,f,19,index,True,488919,490563,z,triangle.png,circle.png,triangle.png,circle.png,[255, 255, 0],[0, 255, 0],135,45,3,0,2,1,nochange_col,z,3,testing
14,xy,f,19,index,True,495281,496402,/,circle.png,diamond.png,circle.png,diamond.png,[255, 0, 0],[255, 255, 0],45,0,0,3,2,1,change_col,/,3,testing
14,xy,f,19,index,True,501074,504194,z,triangle.png,diamond.png,triangle.png,diamond.png,[0, 0, 255],[0, 255, 0],90,0,1,2,0,3,change_ori,/,0,testing
14,xy,f,19,index,True,508822,509522,z,circle.png,diamond.png,circle.png,diamond.png,[0, 0, 255],[255, 255, 0],45,0,1,3,0,2,nochange_col,z,1,testing
14,xy,f,19,index,True,514249,515090,/,rect.png,circle.png,rect.png,circle.png,[0, 0, 255],[255, 0, 0],135,90,3,1,2,0,change_ori,/,2,testing
14,xy,f,19,index,True,519709,520898,/,diamond.png,circle.png,diamond.png,circle.png,[255, 0, 0],[0, 0, 255],45,0,3,2,0,1,change_ori,/,0,testing
14,xy,f,19,index,True,525520,527794,/,rect.png,triangle.png,rect.png,triangle.png,[0, 0, 255],[255, 0, 0],45,0,0,3,2,1,change_col,/,3,testing
14,xy,f,19,index,True,532432,533010,z,triangle.png,circle.png,triangle.png,circle.png,[0, 0, 255],[0, 255, 0],45,0,0,1,2,3,nochange_col,z,3,testing
14,xy,f,19,index,True,537608,538449,/,triangle.png,rect.png,triangle.png,rect.png,[255, 0, 0],[0, 255, 0],90,45,0,3,2,1,change_col,/,3,testing
14,xy,f,19,index,True,543151,544978,/,rect.png,circle.png,rect.png,circle.png,[0, 255, 0],[255, 0, 0],135,45,2,1,3,0,change_ori,/,2,testing
14,xy,f,19,index,True,549563,555346,z,triangle.png,circle.png,triangle.png,circle.png,[255, 255, 0],[255, 0, 0],45,90,1,0,3,2,nochange_ori,z,0,testing
14,xy,f,19,index,True,560050,561874,/,circle.png,rect.png,circle.png,rect.png,[0, 0, 255],[255, 255, 0],45,90,0,1,3,2,change_col,/,3,testing
14,xy,f,19,index,True,566578,568242,z,circle.png,rect.png,circle.png,rect.png,[0, 0, 255],[0, 255, 0],90,135,1,2,0,3,nochange_ori,z,0,testing
14,xy,f,19,index,True,572856,573489,z,triangle.png,diamond.png,triangle.png,diamond.png,[0, 0, 255],[255, 0, 0],45,0,1,2,0,3,nochange_col,z,1,testing
14,xy,f,19,index,True,578216,578930,z,circle.png,rect.png,circle.png,rect.png,[255, 0, 0],[255, 255, 0],45,90,1,3,2,0,nochange_ori,z,2,testing
14,xy,f,19,index,True,583643,584914,/,rect.png,diamond.png,rect.png,diamond.png,[0, 255, 0],[255, 255, 0],135,45,2,1,3,0,change_ori,/,2,testing
14,xy,f,19,index,True,589554,590290,/,triangle.png,circle.png,triangle.png,circle.png,[255, 255, 0],[0, 0, 255],90,0,0,3,2,1,change_col,/,1,testing
14,xy,f,19,index,True,595014,597104,z,triangle.png,diamond.png,triangle.png,diamond.png,[0, 255, 0],[255, 0, 0],45,135,3,1,2,0,nochange_col,z,1,testing
14,xy,f,19,index,True,601826,603298,z,circle.png,rect.png,circle.png,rect.png,[255, 255, 0],[255, 0, 0],90,45,0,2,3,1,nochange_ori,z,0,testing
14,xy,f,19,index,True,607987,608688,z,rect.png,circle.png,rect.png,circle.png,[255, 0, 0],[0, 0, 255],135,90,0,3,2,1,nochange_col,z,3,testing
14,xy,f,19,index,True,613297,614689,/,circle.png,rect.png,circle.png,rect.png,[0, 0, 255],[0, 255, 0],90,45,0,1,2,3,change_ori,/,2,testing
14,xy,f,19,index,True,619325,620130,z,diamond.png,circle.png,diamond.png,circle.png,[0, 0, 255],[255, 255, 0],135,45,2,3,1,0,nochange_ori,z,2,testing
14,xy,f,19,index,True,624835,626113,/,diamond.png,circle.png,diamond.png,circle.png,[255, 255, 0],[0, 255, 0],90,135,0,3,1,2,change_col,/,3,testing
14,xy,f,19,index,True,630679,632033,z,diamond.png,rect.png,diamond.png,rect.png,[0, 0, 255],[255, 255, 0],45,90,2,3,0,1,nochange_col,z,1,testing
14,xy,f,19,index,True,636724,640258,z,diamond.png,triangle.png,diamond.png,triangle.png,[255, 0, 0],[0, 255, 0],45,90,3,0,2,1,nochange_ori,z,0,testing
14,xy,f,19,index,True,644838,645426,z,diamond.png,triangle.png,diamond.png,triangle.png,[0, 0, 255],[0, 255, 0],0,90,0,3,2,1,nochange_col,z,3,testing
14,xy,f,19,index,True,650081,650705,/,diamond.png,rect.png,diamond.png,rect.png,[0, 255, 0],[0, 0, 255],0,135,2,3,1,0,change_col,/,1,testing
14,xy,f,19,index,True,655308,656032,/,rect.png,triangle.png,rect.png,triangle.png,[255, 0, 0],[0, 0, 255],135,90,0,2,3,1,change_col,/,1,testing
14,xy,f,19,index,True,660751,663266,/,diamond.png,triangle.png,diamond.png,triangle.png,[0, 255, 0],[255, 0, 0],45,0,3,0,1,2,change_col,/,1,testing
14,xy,f,19,index,True,667897,669249,z,diamond.png,circle.png,diamond.png,circle.png,[255, 0, 0],[0, 0, 255],135,90,3,0,1,2,nochange_ori,z,0,testing
14,xy,f,19,index,True,673976,674705,/,diamond.png,triangle.png,diamond.png,triangle.png,[255, 255, 0],[255, 0, 0],45,135,2,3,0,1,change_col,/,3,testing
14,xy,f,19,index,True,679386,680225,z,rect.png,triangle.png,rect.png,triangle.png,[0, 0, 255],[0, 255, 0],0,135,1,2,3,0,nochange_ori,z,2,testing
14,xy,f,19,index,True,713982,714961,z,rect.png,triangle.png,rect.png,triangle.png,[0, 0, 255],[255, 255, 0],135,90,0,2,3,1,nochange_ori,z,0,testing
14,xy,f,19,index,True,719525,720992,/,triangle.png,circle.png,triangle.png,circle.png,[0, 255, 0],[255, 255, 0],135,90,2,1,0,3,change_ori,/,2,testing
14,xy,f,19,index,True,725604,726784,z,triangle.png,rect.png,triangle.png,rect.png,[0, 255, 0],[0, 0, 255],45,90,3,1,2,0,nochange_ori,z,2,testing
14,xy,f,19,index,True,731397,731825,z,triangle.png,diamond.png,triangle.png,diamond.png,[0, 255, 0],[255, 0, 0],0,45,2,0,3,1,nochange_col,z,3,testing
14,xy,f,19,index,True,736573,737185,/,rect.png,triangle.png,rect.png,triangle.png,[0, 255, 0],[255, 0, 0],0,45,2,1,0,3,change_col,/,3,testing
14,xy,f,19,index,True,741750,742545,/,circle.png,triangle.png,circle.png,triangle.png,[0, 255, 0],[255, 0, 0],45,135,1,0,2,3,change_ori,/,2,testing
14,xy,f,19,index,True,747210,747856,/,rect.png,triangle.png,rect.png,triangle.png,[0, 0, 255],[0, 255, 0],45,135,0,1,3,2,change_col,/,3,testing
14,xy,f,19,index,True,752569,753457,z,triangle.png,diamond.png,triangle.png,diamond.png,[255, 0, 0],[255, 255, 0],0,45,1,3,0,2,nochange_col,z,1,testing
14,xy,f,19,index,True,758079,758736,z,circle.png,triangle.png,circle.png,triangle.png,[255, 0, 0],[0, 255, 0],135,0,3,2,1,0,nochange_col,z,1,testing
14,xy,f,19,index,True,763322,764049,/,rect.png,triangle.png,rect.png,triangle.png,[255, 255, 0],[0, 0, 255],0,135,2,1,0,3,change_col,/,3,testing
14,xy,f,19,index,True,768766,769713,z,rect.png,diamond.png,rect.png,diamond.png,[255, 255, 0],[0, 255, 0],0,135,2,0,1,3,nochange_col,z,3,testing
14,xy,f,19,index,True,774310,775152,z,circle.png,triangle.png,circle.png,triangle.png,[255, 255, 0],[0, 0, 255],0,45,0,2,1,3,nochange_ori,z,2,testing
14,xy,f,19,index,True,779869,780400,z,circle.png,diamond.png,circle.png,diamond.png,[255, 255, 0],[0, 255, 0],45,90,1,2,0,3,nochange_ori,z,2,testing
14,xy,f,19,index,True,785046,785744,z,circle.png,triangle.png,circle.png,triangle.png,[255, 0, 0],[0, 255, 0],45,135,3,0,2,1,nochange_col,z,3,testing
14,xy,f,19,index,True,790422,791232,z,triangle.png,circle.png,triangle.png,circle.png,[0, 0, 255],[0, 255, 0],90,45,0,1,2,3,nochange_ori,z,2,testing
14,xy,f,19,index,True,795832,797696,/,triangle.png,diamond.png,triangle.png,diamond.png,[0, 0, 255],[255, 0, 0],0,135,2,0,1,3,change_ori,/,0,testing
14,xy,f,19,index,True,802277,802881,/,circle.png,triangle.png,circle.png,triangle.png,[0, 255, 0],[255, 255, 0],135,90,2,3,1,0,change_col,/,3,testing
14,xy,f,19,index,True,807487,808353,/,rect.png,triangle.png,rect.png,triangle.png,[0, 0, 255],[0, 255, 0],45,90,3,1,0,2,change_ori,/,2,testing
14,xy,f,19,index,True,813097,814049,/,rect.png,circle.png,rect.png,circle.png,[255, 255, 0],[255, 0, 0],135,0,3,1,2,0,change_col,/,3,testing
14,xy,f,19,index,True,818774,820032,/,diamond.png,rect.png,diamond.png,rect.png,[0, 255, 0],[255, 0, 0],90,135,0,1,3,2,change_col,/,3,testing
14,xy,f,19,index,True,824735,825488,/,triangle.png,diamond.png,triangle.png,diamond.png,[255, 255, 0],[0, 255, 0],90,45,1,0,3,2,change_ori,/,2,testing
14,xy,f,19,index,True,830095,831553,z,triangle.png,rect.png,triangle.png,rect.png,[255, 0, 0],[0, 255, 0],90,45,1,0,2,3,nochange_col,z,1,testing
14,xy,f,19,index,True,836223,836880,/,rect.png,diamond.png,rect.png,diamond.png,[0, 255, 0],[0, 0, 255],45,135,1,3,0,2,change_col,/,3,testing
14,xy,f,19,index,True,841550,843568,/,rect.png,triangle.png,rect.png,triangle.png,[0, 255, 0],[0, 0, 255],0,45,3,2,0,1,change_col,/,3,testing
14,xy,f,19,index,True,848262,849488,z,rect.png,circle.png,rect.png,circle.png,[255, 0, 0],[0, 255, 0],90,0,0,1,2,3,nochange_ori,z,2,testing
14,xy,f,19,index,True,854223,854960,z,diamond.png,rect.png,diamond.png,rect.png,[255, 0, 0],[0, 255, 0],90,0,3,2,0,1,nochange_ori,z,0,testing
14,xy,f,19,index,True,859616,860304,z,rect.png,diamond.png,rect.png,diamond.png,[255, 0, 0],[0, 255, 0],45,0,1,0,2,3,nochange_col,z,3,testing
14,xy,f,19,index,True,864942,866112,z,rect.png,circle.png,rect.png,circle.png,[0, 0, 255],[255, 255, 0],135,45,3,1,0,2,nochange_col,z,3,testing
14,xy,f,19,index,True,870720,872368,z,rect.png,circle.png,rect.png,circle.png,[255, 0, 0],[0, 0, 255],45,90,3,0,1,2,change_col,/,1,testing
14,xy,f,19,index,True,877064,877792,z,rect.png,triangle.png,rect.png,triangle.png,[255, 0, 0],[0, 255, 0],0,90,2,3,0,1,nochange_col,z,3,testing
14,xy,f,19,index,True,882441,883008,/,diamond.png,triangle.png,diamond.png,triangle.png,[0, 255, 0],[255, 0, 0],135,90,0,1,3,2,change_col,/,3,testing
14,xy,f,19,index,True,887751,889136,/,circle.png,rect.png,circle.png,rect.png,[0, 0, 255],[255, 0, 0],90,0,1,0,3,2,change_ori,/,2,testing
14,xy,f,19,index,True,893745,894432,/,circle.png,rect.png,circle.png,rect.png,[255, 0, 0],[255, 255, 0],0,45,1,0,3,2,change_col,/,1,testing
14,xy,f,19,index,True,899122,899968,/,rect.png,triangle.png,rect.png,triangle.png,[255, 255, 0],[0, 0, 255],135,0,0,3,1,2,change_ori,/,0,testing
14,xy,f,19,index,True,904698,906416,/,circle.png,rect.png,circle.png,rect.png,[255, 0, 0],[0, 0, 255],90,135,2,0,1,3,change_ori,/,0,testing
14,xy,f,19,index,True,911160,911888,z,rect.png,circle.png,rect.png,circle.png,[255, 255, 0],[255, 0, 0],0,90,1,3,0,2,nochange_col,z,3,testing
14,xy,f,19,index,True,916654,918815,/,circle.png,diamond.png,circle.png,diamond.png,[255, 255, 0],[0, 0, 255],90,0,0,2,3,1,change_ori,/,0,testing
14,xy,f,19,index,True,923566,924224,/,diamond.png,circle.png,diamond.png,circle.png,[0, 255, 0],[255, 255, 0],45,135,3,1,0,2,change_ori,/,2,testing
14,xy,f,19,index,True,928826,929583,/,circle.png,rect.png,circle.png,rect.png,[255, 255, 0],[0, 0, 255],90,0,2,0,1,3,nochange_ori,z,0,testing
14,xy,f,19,index,True,934320,935008,z,circle.png,triangle.png,circle.png,triangle.png,[255, 0, 0],[0, 255, 0],90,0,3,2,0,1,nochange_col,z,1,testing
14,xy,f,19,index,True,939763,940479,z,rect.png,circle.png,rect.png,circle.png,[255, 0, 0],[0, 0, 255],135,90,2,3,1,0,nochange_col,z,1,testing
14,xy,f,19,index,True,945072,945664,/,rect.png,triangle.png,rect.png,triangle.png,[0, 255, 0],[255, 255, 0],90,135,0,1,2,3,change_col,/,3,testing
14,xy,f,19,index,True,950299,951136,z,rect.png,triangle.png,rect.png,triangle.png,[255, 0, 0],[0, 255, 0],90,135,0,1,2,3,nochange_ori,z,0,testing
14,xy,f,19,index,True,955893,956735,z,triangle.png,diamond.png,triangle.png,diamond.png,[0, 0, 255],[0, 255, 0],90,135,0,3,2,1,nochange_ori,z,0,testing
14,xy,f,19,index,True,961319,961744,z,circle.png,triangle.png,circle.png,triangle.png,[255, 255, 0],[255, 0, 0],0,90,3,2,1,0,nochange_col,z,3,testing
14,xy,f,19,index,True,966462,967023,/,rect.png,triangle.png,rect.png,triangle.png,[0, 255, 0],[255, 255, 0],0,90,1,2,3,0,change_col,/,3,testing
14,xy,f,19,index,True,971604,972384,z,circle.png,rect.png,circle.png,rect.png,[255, 255, 0],[255, 0, 0],135,45,2,3,0,1,nochange_ori,z,2,testing
14,xy,f,19,index,True,977081,978496,/,triangle.png,rect.png,triangle.png,rect.png,[0, 0, 255],[255, 0, 0],135,90,0,1,3,2,nochange_ori,z,0,testing
14,xy,f,19,index,True,983109,983680,z,diamond.png,circle.png,diamond.png,circle.png,[0, 255, 0],[255, 255, 0],90,0,3,1,0,2,nochange_col,z,1,testing
14,xy,f,19,index,True,988419,988896,z,diamond.png,rect.png,diamond.png,rect.png,[0, 0, 255],[255, 0, 0],0,135,3,0,1,2,nochange_ori,z,2,testing
14,xy,f,19,index,True,993495,994560,/,triangle.png,diamond.png,triangle.png,diamond.png,[0, 255, 0],[255, 255, 0],0,90,3,0,1,2,change_ori,/,0,testing
14,xy,f,19,index,True,999238,1001775,z,circle.png,diamond.png,circle.png,diamond.png,[255, 0, 0],[255, 255, 0],45,135,0,3,2,1,nochange_ori,z,0,testing
14,xy,f,19,index,True,1006452,1007471,z,circle.png,diamond.png,circle.png,diamond.png,[255, 255, 0],[255, 0, 0],135,0,3,2,0,1,change_ori,/,0,testing
14,xy,f,19,index,True,1012179,1012735,z,circle.png,triangle.png,circle.png,triangle.png,[255, 0, 0],[255, 255, 0],45,90,1,3,0,2,nochange_col,z,3,testing
14,xy,f,19,index,True,1017455,1018176,z,diamond.png,triangle.png,diamond.png,triangle.png,[0, 255, 0],[0, 0, 255],90,45,1,0,2,3,nochange_col,z,1,testing
14,xy,f,19,index,True,1022898,1023520,/,diamond.png,rect.png,diamond.png,rect.png,[0, 0, 255],[0, 255, 0],0,45,1,2,0,3,change_col,/,1,testing
14,xy,f,19,index,True,1028209,1030207,/,rect.png,triangle.png,rect.png,triangle.png,[0, 255, 0],[255, 255, 0],90,135,3,2,0,1,change_ori,/,2,testing
14,xy,f,19,index,True,1034971,1035839,/,circle.png,rect.png,circle.png,rect.png,[0, 0, 255],[255, 0, 0],90,0,2,1,0,3,change_ori,/,0,testing
14,xy,f,19,index,True,1040414,1041711,z,rect.png,diamond.png,rect.png,diamond.png,[255, 255, 0],[0, 0, 255],135,0,0,2,3,1,nochange_ori,z,2,testing
14,xy,f,19,index,True,1046459,1047663,/,triangle.png,circle.png,triangle.png,circle.png,[255, 0, 0],[0, 0, 255],90,135,0,3,2,1,change_col,/,3,testing
14,xy,f,19,index,True,1052303,1053231,/,rect.png,triangle.png,rect.png,triangle.png,[0, 0, 255],[255, 0, 0],45,90,2,3,0,1,change_ori,/,0,testing
14,xy,f,19,index,True,1057946,1059646,/,diamond.png,triangle.png,diamond.png,triangle.png,[0, 255, 0],[255, 0, 0],135,45,0,3,1,2,change_col,/,1,testing
14,xy,f,19,index,True,1064258,1064847,z,triangle.png,circle.png,triangle.png,circle.png,[255, 255, 0],[0, 255, 0],45,0,1,0,2,3,nochange_ori,z,2,testing
14,xy,f,19,index,True,1069468,1072511,/,triangle.png,rect.png,triangle.png,rect.png,[0, 0, 255],[255, 255, 0],0,135,1,0,3,2,change_ori,/,2,testing
14,xy,f,19,index,True,1077099,1077679,z,rect.png,triangle.png,rect.png,triangle.png,[0, 255, 0],[255, 255, 0],45,90,0,2,3,1,nochange_col,z,1,testing
14,xy,f,19,index,True,1082241,1084367,/,diamond.png,circle.png,diamond.png,circle.png,[255, 255, 0],[0, 0, 255],90,45,3,2,1,0,change_col,/,3,testing
14,xy,f,19,index,True,1089054,1089679,z,triangle.png,circle.png,triangle.png,circle.png,[255, 0, 0],[0, 0, 255],0,45,1,2,3,0,nochange_ori,z,0,testing
14,xy,f,19,index,True,1094330,1095534,/,diamond.png,triangle.png,diamond.png,triangle.png,[0, 0, 255],[255, 0, 0],0,90,3,2,0,1,change_ori,/,0,testing
14,xy,f,19,index,True,1100291,1101039,/,triangle.png,diamond.png,triangle.png,diamond.png,[0, 255, 0],[0, 0, 255],135,45,0,3,1,2,change_ori,/,0,testing
14,xy,f,19,index,True,1105784,1106623,z,diamond.png,rect.png,diamond.png,rect.png,[255, 255, 0],[0, 0, 255],45,0,1,2,3,0,nochange_ori,z,2,testing
14,xy,f,19,index,True,1111328,1112047,/,rect.png,triangle.png,rect.png,triangle.png,[255, 255, 0],[0, 0, 255],135,0,3,0,1,2,change_col,/,1,testing
14,xy,f,19,index,True,1116654,1119071,/,diamond.png,rect.png,diamond.png,rect.png,[0, 255, 0],[255, 255, 0],45,90,2,3,0,1,change_ori,/,0,testing
14,xy,f,19,index,True,1123784,1124831,z,rect.png,circle.png,rect.png,circle.png,[255, 0, 0],[255, 255, 0],90,0,1,2,3,0,nochange_ori,z,0,testing
14,xy,f,19,index,True,1129428,1133822,z,rect.png,triangle.png,rect.png,triangle.png,[0, 255, 0],[255, 0, 0],45,90,3,0,2,1,nochange_ori,z,0,testing
14,xy,f,19,index,True,1138562,1139327,/,circle.png,rect.png,circle.png,rect.png,[0, 255, 0],[255, 0, 0],135,90,1,3,2,0,change_col,/,1,testing
14,xy,f,19,index,True,1143971,1144687,/,rect.png,circle.png,rect.png,circle.png,[0, 0, 255],[255, 255, 0],90,0,3,0,2,1,change_ori,/,2,testing
14,xy,f,19,index,True,1149331,1149822,z,circle.png,rect.png,circle.png,rect.png,[0, 0, 255],[0, 255, 0],0,90,2,3,1,0,nochange_col,z,3,testing
14,xy,f,19,index,True,1154407,1155166,/,rect.png,circle.png,rect.png,circle.png,[255, 255, 0],[0, 255, 0],90,0,0,2,3,1,change_col,/,3,testing
14,xy,f,19,index,True,1159750,1160398,z,triangle.png,circle.png,triangle.png,circle.png,[0, 0, 255],[0, 255, 0],90,45,2,1,0,3,nochange_col,z,1,testing
14,xy,f,19,index,True,1165094,1165967,z,rect.png,triangle.png,rect.png,triangle.png,[0, 0, 255],[255, 0, 0],135,45,0,1,2,3,nochange_col,z,1,testing
