subj,name,gender,age,cond,P_resp,P_startTime,P_respTime,P_gotKey,shape1,shape2,shape3,shape4,color1,color2,color3,color4ori1,ori2,ori3,ori4ord_1,ord_2,ord_3,ord_4,task,correct_key,no_change,mode
14,xy,f,19,noindex,True,166140,167210,z,triangle.png,rect.png,diamond.png,circle.png,[0, 0, 255],[255, 0, 0],135,90,1,3,2,0,nochange_col,z,3,practice
14,xy,f,19,noindex,True,171834,174874,/,circle.png,diamond.png,rect.png,triangle.png,[255, 0, 0],[255, 255, 0],45,0,1,2,3,0,change_ori,/,2,practice
14,xy,f,19,noindex,True,179548,180906,z,circle.png,rect.png,triangle.png,diamond.png,[0, 255, 0],[0, 0, 255],135,0,3,1,2,0,nochange_ori,z,2,practice
14,xy,f,19,noindex,True,185626,187643,/,diamond.png,rect.png,circle.png,triangle.png,[255, 255, 0],[255, 0, 0],0,135,1,0,2,3,change_col,/,3,practice
14,xy,f,19,noindex,True,192221,197689,z,diamond.png,triangle.png,circle.png,rect.png,[255, 0, 0],[255, 255, 0],45,0,2,1,3,0,change_ori,/,0,practice
14,xy,f,19,noindex,True,202390,203498,z,triangle.png,circle.png,rect.png,diamond.png,[0, 0, 255],[255, 255, 0],45,0,3,2,1,0,nochange_ori,z,2,practice
14,xy,f,19,noindex,True,208117,210458,/,triangle.png,circle.png,diamond.png,rect.png,[255, 0, 0],[0, 0, 255],90,135,2,0,3,1,change_col,/,3,practice
14,xy,f,19,noindex,True,215163,218138,/,circle.png,diamond.png,rect.png,triangle.png,[255, 0, 0],[0, 0, 255],135,90,0,2,1,3,change_col,/,3,practice
14,xy,f,19,noindex,True,222877,223866,z,diamond.png,circle.png,rect.png,triangle.png,[255, 255, 0],[0, 255, 0],45,0,2,1,3,0,nochange_col,z,1,practice
14,xy,f,19,noindex,True,228638,230538,/,rect.png,circle.png,diamond.png,triangle.png,[255, 255, 0],[255, 0, 0],0,135,3,2,1,0,change_col,/,3,practice
14,xy,f,19,noindex,True,235300,236426,z,triangle.png,circle.png,rect.png,diamond.png,[0, 255, 0],[255, 0, 0],135,45,2,1,3,0,nochange_col,z,1,practice
14,xy,f,19,noindex,True,241094,242201,z,circle.png,triangle.png,diamond.png,rect.png,[0, 255, 0],[0, 0, 255],0,135,0,2,1,3,nochange_col,z,1,practice
14,xy,f,19,noindex,True,246821,249226,/,circle.png,diamond.png,triangle.png,rect.png,[255, 255, 0],[0, 255, 0],90,135,1,0,3,2,change_ori,/,0,practice
14,xy,f,19,noindex,True,254001,255018,z,circle.png,diamond.png,triangle.png,rect.png,[255, 0, 0],[0, 0, 255],135,45,0,3,2,1,nochange_col,z,1,practice
14,xy,f,19,noindex,True,259679,262586,z,rect.png,circle.png,triangle.png,diamond.png,[255, 255, 0],[0, 0, 255],135,90,2,3,1,0,nochange_ori,z,2,practice
14,xy,f,19,noindex,True,267309,268266,/,rect.png,diamond.png,circle.png,triangle.png,[255, 255, 0],[0, 255, 0],0,90,3,1,2,0,change_col,/,3,practice
14,xy,f,19,noindex,True,273020,275210,/,circle.png,rect.png,diamond.png,triangle.png,[0, 255, 0],[255, 0, 0],45,90,0,1,3,2,change_ori,/,0,practice
14,xy,f,19,noindex,True,279799,281545,z,circle.png,rect.png,triangle.png,diamond.png,[0, 0, 255],[0, 255, 0],90,135,1,0,2,3,nochange_ori,z,2,practice
14,xy,f,19,noindex,True,286160,287865,z,circle.png,triangle.png,diamond.png,rect.png,[0, 0, 255],[255, 255, 0],90,0,2,1,0,3,nochange_ori,z,0,practice
14,xy,f,19,noindex,True,292605,294602,/,circle.png,rect.png,triangle.png,diamond.png,[0, 0, 255],[255, 0, 0],45,90,2,0,1,3,change_ori,/,2,practice
14,xy,f,19,noindex,True,326751,327770,z,circle.png,diamond.png,rect.png,triangle.png,[0, 0, 255],[255, 0, 0],45,0,1,3,2,0,nochange_ori,z,2,testing
14,xy,f,19,noindex,True,332445,333562,/,rect.png,triangle.png,circle.png,diamond.png,[0, 0, 255],[255, 0, 0],0,135,3,1,2,0,change_col,/,1,testing
14,xy,f,19,noindex,True,338172,340762,/,diamond.png,circle.png,triangle.png,rect.png,[255, 255, 0],[255, 0, 0],45,0,3,1,2,0,change_ori,/,0,testing
14,xy,f,19,noindex,True,345519,346474,z,circle.png,rect.png,diamond.png,triangle.png,[255, 255, 0],[0, 0, 255],45,135,1,3,0,2,nochange_ori,z,2,testing
14,xy,f,19,noindex,True,351163,352329,/,triangle.png,diamond.png,rect.png,circle.png,[0, 255, 0],[255, 255, 0],135,90,2,3,1,0,change_col,/,3,testing
14,xy,f,19,noindex,True,357040,357945,/,circle.png,diamond.png,triangle.png,rect.png,[255, 255, 0],[0, 0, 255],45,135,2,1,0,3,change_col,/,1,testing
14,xy,f,19,noindex,True,362650,366953,z,triangle.png,rect.png,circle.png,diamond.png,[255, 255, 0],[255, 0, 0],45,90,2,0,3,1,change_ori,/,2,testing
14,xy,f,19,noindex,True,371617,372729,/,diamond.png,rect.png,triangle.png,circle.png,[255, 255, 0],[255, 0, 0],135,0,3,0,2,1,change_ori,/,0,testing
14,xy,f,19,noindex,True,377411,378617,z,diamond.png,triangle.png,rect.png,circle.png,[0, 0, 255],[255, 0, 0],90,135,1,0,2,3,nochange_col,z,1,testing
14,xy,f,19,noindex,True,383205,385129,/,triangle.png,diamond.png,rect.png,circle.png,[255, 0, 0],[0, 255, 0],45,135,3,0,1,2,change_col,/,3,testing
14,xy,f,19,noindex,True,389733,390793,z,circle.png,triangle.png,diamond.png,rect.png,[0, 0, 255],[255, 0, 0],45,135,2,0,3,1,nochange_ori,z,2,testing
14,xy,f,19,noindex,True,395377,396601,/,rect.png,circle.png,diamond.png,triangle.png,[255, 255, 0],[0, 255, 0],45,135,2,1,3,0,change_col,/,3,testing
14,xy,f,19,noindex,True,401204,401992,z,diamond.png,rect.png,circle.png,triangle.png,[255, 0, 0],[0, 0, 255],0,135,0,3,2,1,nochange_ori,z,2,testing
14,xy,f,19,noindex,True,406682,407913,/,diamond.png,triangle.png,circle.png,rect.png,[0, 255, 0],[0, 0, 255],90,45,1,3,0,2,change_ori,/,0,testing
14,xy,f,19,noindex,True,412492,413577,/,diamond.png,rect.png,triangle.png,circle.png,[255, 255, 0],[0, 255, 0],45,90,0,1,3,2,change_ori,/,2,testing
14,xy,f,19,noindex,True,418152,419064,z,circle.png,rect.png,triangle.png,diamond.png,[255, 255, 0],[255, 0, 0],90,0,2,0,1,3,nochange_col,z,3,testing
14,xy,f,19,noindex,True,423646,425576,/,circle.png,rect.png,diamond.png,triangle.png,[0, 255, 0],[0, 0, 255],90,0,3,1,2,0,change_col,/,1,testing
14,xy,f,19,noindex,True,430191,431017,z,circle.png,diamond.png,rect.png,triangle.png,[255, 0, 0],[0, 255, 0],0,135,2,3,1,0,nochange_ori,z,2,testing
14,xy,f,19,noindex,True,435718,436745,/,circle.png,rect.png,triangle.png,diamond.png,[0, 255, 0],[0, 0, 255],0,45,3,2,0,1,change_ori,/,2,testing
14,xy,f,19,noindex,True,441361,442393,/,triangle.png,diamond.png,rect.png,circle.png,[0, 255, 0],[255, 0, 0],90,45,3,1,2,0,change_ori,/,2,testing
14,xy,f,19,noindex,True,447021,450137,z,circle.png,triangle.png,diamond.png,rect.png,[0, 0, 255],[0, 255, 0],0,45,3,1,2,0,nochange_col,z,3,testing
14,xy,f,19,noindex,True,454836,455769,z,rect.png,circle.png,triangle.png,diamond.png,[0, 0, 255],[0, 255, 0],90,0,2,3,1,0,nochange_ori,z,2,testing
14,xy,f,19,noindex,True,460530,461721,/,diamond.png,circle.png,triangle.png,rect.png,[0, 255, 0],[0, 0, 255],90,45,2,1,3,0,change_ori,/,2,testing
14,xy,f,19,noindex,True,466458,468632,/,diamond.png,rect.png,circle.png,triangle.png,[255, 255, 0],[0, 255, 0],90,0,0,3,2,1,change_ori,/,2,testing
14,xy,f,19,noindex,True,473236,474328,/,circle.png,diamond.png,triangle.png,rect.png,[0, 0, 255],[255, 0, 0],45,135,3,0,2,1,change_col,/,1,testing
14,xy,f,19,noindex,True,479030,480280,/,rect.png,diamond.png,triangle.png,circle.png,[0, 255, 0],[255, 0, 0],45,135,3,1,0,2,change_ori,/,2,testing
14,xy,f,19,noindex,True,484958,486440,z,triangle.png,rect.png,diamond.png,circle.png,[0, 0, 255],[0, 255, 0],0,135,0,1,2,3,nochange_ori,z,0,testing
14,xy,f,19,noindex,True,491187,492889,/,triangle.png,diamond.png,circle.png,rect.png,[0, 0, 255],[255, 255, 0],45,135,0,3,2,1,change_ori,/,2,testing
14,xy,f,19,noindex,True,497632,498744,z,triangle.png,circle.png,diamond.png,rect.png,[0, 0, 255],[255, 255, 0],45,135,2,1,3,0,nochange_ori,z,0,testing
14,xy,f,19,noindex,True,503309,504185,z,triangle.png,circle.png,rect.png,diamond.png,[255, 0, 0],[0, 255, 0],90,45,2,1,0,3,nochange_col,z,1,testing
14,xy,f,19,noindex,True,508802,509784,z,triangle.png,rect.png,circle.png,diamond.png,[255, 0, 0],[0, 255, 0],0,45,0,1,2,3,nochange_col,z,1,testing
14,xy,f,19,noindex,True,514445,516952,z,rect.png,diamond.png,triangle.png,circle.png,[0, 0, 255],[255, 255, 0],135,0,0,2,1,3,nochange_col,z,1,testing
14,xy,f,19,noindex,True,521709,522840,z,rect.png,circle.png,diamond.png,triangle.png,[255, 255, 0],[0, 0, 255],45,135,1,2,0,3,nochange_ori,z,2,testing
14,xy,f,19,noindex,True,527503,528505,z,rect.png,diamond.png,circle.png,triangle.png,[255, 255, 0],[0, 0, 255],135,90,1,3,2,0,nochange_col,z,3,testing
14,xy,f,19,noindex,True,533130,534328,/,triangle.png,rect.png,circle.png,diamond.png,[0, 0, 255],[255, 0, 0],90,135,3,1,0,2,change_col,/,3,testing
14,xy,f,19,noindex,True,538940,540393,z,rect.png,circle.png,triangle.png,diamond.png,[255, 0, 0],[255, 255, 0],45,90,3,1,0,2,nochange_col,z,1,testing
14,xy,f,19,noindex,True,545002,545929,/,diamond.png,rect.png,circle.png,triangle.png,[0, 255, 0],[255, 0, 0],90,135,2,1,0,3,change_col,/,1,testing
14,xy,f,19,noindex,True,550596,551624,/,diamond.png,rect.png,triangle.png,circle.png,[0, 255, 0],[255, 0, 0],135,45,0,2,3,1,change_ori,/,2,testing
14,xy,f,19,noindex,True,556256,557208,/,triangle.png,diamond.png,rect.png,circle.png,[255, 0, 0],[0, 255, 0],135,45,1,2,0,3,change_ori,/,0,testing
14,xy,f,19,noindex,True,561850,562696,z,circle.png,diamond.png,triangle.png,rect.png,[0, 255, 0],[255, 0, 0],135,90,0,3,2,1,nochange_ori,z,2,testing
14,xy,f,19,noindex,True,567409,568265,/,rect.png,diamond.png,triangle.png,circle.png,[0, 0, 255],[0, 255, 0],90,45,2,3,0,1,change_col,/,1,testing
14,xy,f,19,noindex,True,572853,573800,/,triangle.png,rect.png,circle.png,diamond.png,[0, 0, 255],[255, 255, 0],0,90,2,0,3,1,change_col,/,3,testing
14,xy,f,19,noindex,True,578479,579641,/,triangle.png,circle.png,rect.png,diamond.png,[0, 255, 0],[0, 0, 255],135,0,2,1,3,0,change_ori,/,0,testing
14,xy,f,19,noindex,True,584291,585159,z,diamond.png,triangle.png,rect.png,circle.png,[0, 255, 0],[0, 0, 255],90,45,2,3,0,1,nochange_col,z,3,testing
14,xy,f,19,noindex,True,589801,590584,z,rect.png,circle.png,diamond.png,triangle.png,[255, 0, 0],[0, 255, 0],45,135,2,1,3,0,nochange_ori,z,2,testing
14,xy,f,19,noindex,True,595228,595880,z,rect.png,circle.png,triangle.png,diamond.png,[0, 255, 0],[0, 0, 255],135,45,0,3,2,1,nochange_col,z,3,testing
14,xy,f,19,noindex,True,600587,601800,/,circle.png,diamond.png,triangle.png,rect.png,[0, 255, 0],[0, 0, 255],90,135,1,0,3,2,change_col,/,1,testing
14,xy,f,19,noindex,True,606465,607415,z,rect.png,circle.png,triangle.png,diamond.png,[0, 255, 0],[255, 0, 0],90,0,1,3,0,2,nochange_ori,z,2,testing
14,xy,f,19,noindex,True,612041,612856,z,circle.png,diamond.png,triangle.png,rect.png,[0, 255, 0],[0, 0, 255],45,0,3,0,2,1,nochange_col,z,3,testing
14,xy,f,19,noindex,True,617585,619144,/,diamond.png,circle.png,rect.png,triangle.png,[0, 255, 0],[255, 0, 0],45,135,1,3,0,2,change_col,/,3,testing
14,xy,f,19,noindex,True,623813,625208,z,triangle.png,circle.png,diamond.png,rect.png,[0, 255, 0],[0, 0, 255],135,0,3,1,2,0,nochange_ori,z,2,testing
14,xy,f,19,noindex,True,629774,631000,z,circle.png,diamond.png,rect.png,triangle.png,[0, 0, 255],[0, 255, 0],135,0,0,2,1,3,nochange_col,z,1,testing
14,xy,f,19,noindex,True,635651,636600,z,rect.png,triangle.png,circle.png,diamond.png,[0, 255, 0],[0, 0, 255],0,45,1,2,0,3,nochange_ori,z,0,testing
14,xy,f,19,noindex,True,641212,642072,/,circle.png,diamond.png,triangle.png,rect.png,[255, 255, 0],[0, 0, 255],90,135,0,1,2,3,change_col,/,3,testing
14,xy,f,19,noindex,True,646788,647704,/,triangle.png,rect.png,circle.png,diamond.png,[0, 0, 255],[255, 255, 0],90,0,3,2,1,0,change_ori,/,2,testing
14,xy,f,19,noindex,True,652332,654151,z,rect.png,circle.png,diamond.png,triangle.png,[255, 255, 0],[0, 0, 255],0,45,0,3,2,1,nochange_ori,z,0,testing
14,xy,f,19,noindex,True,658811,659496,/,diamond.png,rect.png,circle.png,triangle.png,[255, 255, 0],[0, 255, 0],45,135,3,0,2,1,change_col,/,3,testing
14,xy,f,19,noindex,True,664188,665208,/,circle.png,rect.png,diamond.png,triangle.png,[0, 255, 0],[255, 255, 0],45,90,2,3,0,1,change_ori,/,0,testing
14,xy,f,19,noindex,True,669981,671160,/,circle.png,diamond.png,triangle.png,rect.png,[255, 255, 0],[0, 255, 0],0,45,2,0,3,1,change_col,/,1,testing
14,xy,f,19,noindex,True,675825,677767,z,triangle.png,rect.png,diamond.png,circle.png,[0, 255, 0],[255, 255, 0],45,90,0,1,2,3,nochange_col,z,3,testing
14,xy,f,19,noindex,True,682370,683159,/,triangle.png,rect.png,circle.png,diamond.png,[255, 0, 0],[255, 255, 0],45,0,1,3,0,2,change_col,/,1,testing
14,xy,f,19,noindex,True,687830,689640,z,rect.png,circle.png,diamond.png,triangle.png,[255, 0, 0],[0, 255, 0],0,45,2,1,3,0,nochange_col,z,1,testing
14,xy,f,19,noindex,True,694209,694936,/,triangle.png,diamond.png,circle.png,rect.png,[0, 255, 0],[255, 255, 0],0,45,2,3,1,0,change_col,/,3,testing
14,xy,f,19,noindex,True,699669,700552,/,diamond.png,rect.png,circle.png,triangle.png,[255, 0, 0],[255, 255, 0],135,0,3,2,1,0,change_ori,/,0,testing
14,xy,f,19,noindex,True,705296,707367,/,triangle.png,diamond.png,circle.png,rect.png,[0, 0, 255],[255, 0, 0],135,45,1,2,3,0,change_col,/,3,testing
14,xy,f,19,noindex,True,712059,715991,z,diamond.png,triangle.png,circle.png,rect.png,[255, 0, 0],[0, 255, 0],135,0,0,3,2,1,nochange_col,z,1,testing
14,xy,f,19,noindex,True,720574,721432,z,triangle.png,diamond.png,rect.png,circle.png,[0, 0, 255],[0, 255, 0],45,135,1,2,3,0,nochange_col,z,1,testing
14,xy,f,19,noindex,True,726018,727575,/,diamond.png,circle.png,triangle.png,rect.png,[255, 0, 0],[0, 255, 0],90,0,2,3,1,0,change_ori,/,2,testing
14,xy,f,19,noindex,True,732313,733239,z,triangle.png,diamond.png,rect.png,circle.png,[255, 255, 0],[0, 0, 255],90,45,3,1,2,0,nochange_col,z,1,testing
14,xy,f,19,noindex,True,737956,738951,z,rect.png,triangle.png,circle.png,diamond.png,[0, 0, 255],[0, 255, 0],135,45,0,1,3,2,nochange_col,z,3,testing
14,xy,f,19,noindex,True,743533,744358,/,rect.png,diamond.png,triangle.png,circle.png,[0, 0, 255],[255, 0, 0],45,135,1,2,0,3,change_ori,/,2,testing
14,xy,f,19,noindex,True,749076,751560,z,diamond.png,triangle.png,rect.png,circle.png,[0, 0, 255],[0, 255, 0],90,45,2,3,1,0,nochange_ori,z,0,testing
14,xy,f,19,noindex,True,756156,757398,z,circle.png,triangle.png,diamond.png,rect.png,[255, 255, 0],[0, 255, 0],45,90,0,3,1,2,nochange_ori,z,0,testing
14,xy,f,19,noindex,True,761983,762902,z,rect.png,diamond.png,circle.png,triangle.png,[0, 0, 255],[0, 255, 0],90,0,0,1,2,3,nochange_col,z,3,testing
14,xy,f,19,noindex,True,767610,768551,z,triangle.png,circle.png,diamond.png,rect.png,[255, 255, 0],[255, 0, 0],90,135,3,1,2,0,nochange_ori,z,2,testing
14,xy,f,19,noindex,True,773237,774759,/,triangle.png,diamond.png,circle.png,rect.png,[0, 0, 255],[255, 255, 0],0,45,2,1,3,0,change_ori,/,2,testing
14,xy,f,19,noindex,True,779415,780311,z,rect.png,diamond.png,triangle.png,circle.png,[255, 0, 0],[0, 0, 255],135,90,0,2,1,3,nochange_ori,z,0,testing
14,xy,f,19,noindex,True,785025,786599,z,circle.png,rect.png,triangle.png,diamond.png,[255, 0, 0],[0, 255, 0],45,90,0,2,3,1,nochange_col,z,3,testing
14,xy,f,19,noindex,True,791271,792183,/,circle.png,diamond.png,rect.png,triangle.png,[0, 255, 0],[0, 0, 255],135,0,3,1,2,0,change_col,/,3,testing
14,xy,f,19,noindex,True,796798,806854,/,circle.png,triangle.png,diamond.png,rect.png,[255, 255, 0],[0, 255, 0],45,135,3,2,1,0,nochange_ori,z,0,testing
14,xy,f,19,noindex,True,836554,837446,/,rect.png,circle.png,triangle.png,diamond.png,[0, 255, 0],[255, 255, 0],0,45,1,2,0,3,change_col,/,3,testing
14,xy,f,19,noindex,True,842131,842951,/,triangle.png,rect.png,diamond.png,circle.png,[0, 255, 0],[0, 0, 255],45,135,3,2,1,0,change_col,/,1,testing
14,xy,f,19,noindex,True,847591,848422,/,rect.png,diamond.png,circle.png,triangle.png,[255, 0, 0],[255, 255, 0],90,135,1,0,3,2,change_col,/,3,testing
14,xy,f,19,noindex,True,853150,854375,/,circle.png,triangle.png,rect.png,diamond.png,[255, 0, 0],[0, 255, 0],90,135,2,0,1,3,change_col,/,3,testing
14,xy,f,19,noindex,True,859145,860455,/,circle.png,triangle.png,rect.png,diamond.png,[255, 0, 0],[0, 255, 0],135,0,1,0,2,3,change_ori,/,2,testing
14,xy,f,19,noindex,True,865056,866183,z,rect.png,diamond.png,circle.png,triangle.png,[255, 255, 0],[255, 0, 0],45,90,1,2,0,3,nochange_ori,z,2,testing
14,xy,f,19,noindex,True,870833,872263,z,diamond.png,rect.png,circle.png,triangle.png,[255, 0, 0],[255, 255, 0],45,90,2,3,0,1,nochange_ori,z,0,testing
14,xy,f,19,noindex,True,876827,877847,z,diamond.png,triangle.png,circle.png,rect.png,[255, 0, 0],[0, 255, 0],45,90,2,3,0,1,nochange_col,z,3,testing
14,xy,f,19,noindex,True,882454,883095,/,diamond.png,circle.png,triangle.png,rect.png,[255, 0, 0],[255, 255, 0],90,45,1,2,3,0,change_col,/,3,testing
14,xy,f,19,noindex,True,887765,889143,/,circle.png,rect.png,diamond.png,triangle.png,[255, 255, 0],[255, 0, 0],45,135,0,3,1,2,change_ori,/,0,testing
14,xy,f,19,noindex,True,893842,895030,z,circle.png,diamond.png,rect.png,triangle.png,[255, 0, 0],[0, 255, 0],90,135,2,3,1,0,nochange_ori,z,2,testing
14,xy,f,19,noindex,True,899686,900599,z,triangle.png,diamond.png,rect.png,circle.png,[255, 0, 0],[0, 0, 255],90,0,1,2,0,3,nochange_col,z,1,testing
14,xy,f,19,noindex,True,905246,906358,/,rect.png,circle.png,triangle.png,diamond.png,[0, 0, 255],[0, 255, 0],0,135,2,0,1,3,change_ori,/,0,testing
14,xy,f,19,noindex,True,910990,914038,z,rect.png,triangle.png,diamond.png,circle.png,[0, 0, 255],[255, 255, 0],90,0,3,1,0,2,change_ori,/,0,testing
14,xy,f,19,noindex,True,918688,921062,/,triangle.png,diamond.png,circle.png,rect.png,[255, 0, 0],[255, 255, 0],90,0,1,2,3,0,change_ori,/,2,testing
14,xy,f,19,noindex,True,925717,927046,z,triangle.png,rect.png,diamond.png,circle.png,[255, 255, 0],[255, 0, 0],45,135,3,1,2,0,nochange_ori,z,0,testing
14,xy,f,19,noindex,True,931628,933030,/,diamond.png,triangle.png,rect.png,circle.png,[255, 255, 0],[0, 0, 255],0,135,2,3,0,1,change_col,/,3,testing
14,xy,f,19,noindex,True,937706,938854,z,diamond.png,circle.png,rect.png,triangle.png,[255, 255, 0],[0, 0, 255],90,135,1,0,2,3,nochange_col,z,3,testing
14,xy,f,19,noindex,True,943467,947174,z,circle.png,rect.png,triangle.png,diamond.png,[255, 255, 0],[255, 0, 0],0,90,0,2,3,1,nochange_ori,z,2,testing
14,xy,f,19,noindex,True,951898,952774,z,triangle.png,diamond.png,rect.png,circle.png,[255, 255, 0],[0, 0, 255],45,90,0,1,3,2,nochange_col,z,1,testing
14,xy,f,19,noindex,True,957392,958134,z,diamond.png,circle.png,triangle.png,rect.png,[0, 0, 255],[255, 0, 0],0,90,0,1,3,2,nochange_ori,z,0,testing
14,xy,f,19,noindex,True,962852,963622,z,diamond.png,circle.png,rect.png,triangle.png,[255, 255, 0],[255, 0, 0],135,45,2,1,0,3,nochange_ori,z,2,testing
14,xy,f,19,noindex,True,968212,969590,z,circle.png,triangle.png,rect.png,diamond.png,[0, 255, 0],[0, 0, 255],0,135,2,0,3,1,nochange_ori,z,0,testing
14,xy,f,19,noindex,True,974290,974934,z,rect.png,circle.png,triangle.png,diamond.png,[255, 255, 0],[255, 0, 0],135,90,3,0,2,1,nochange_ori,z,2,testing
14,xy,f,19,noindex,True,979600,983861,/,triangle.png,diamond.png,circle.png,rect.png,[0, 255, 0],[255, 255, 0],45,135,3,0,2,1,change_col,/,1,testing
14,xy,f,19,noindex,True,988565,989430,/,triangle.png,circle.png,diamond.png,rect.png,[0, 0, 255],[255, 0, 0],0,90,3,0,2,1,change_col,/,1,testing
14,xy,f,19,noindex,True,994192,995286,z,circle.png,diamond.png,rect.png,triangle.png,[0, 255, 0],[255, 0, 0],45,0,1,3,2,0,nochange_col,z,3,testing
14,xy,f,19,noindex,True,1000054,1001317,z,rect.png,circle.png,diamond.png,triangle.png,[0, 255, 0],[0, 0, 255],45,0,1,3,2,0,nochange_col,z,1,testing
14,xy,f,19,noindex,True,1006031,1007414,z,circle.png,diamond.png,rect.png,triangle.png,[0, 0, 255],[255, 0, 0],45,90,0,1,2,3,nochange_ori,z,2,testing
14,xy,f,19,noindex,True,1012076,1016390,z,triangle.png,diamond.png,rect.png,circle.png,[0, 0, 255],[255, 0, 0],90,135,0,1,2,3,nochange_col,z,3,testing
14,xy,f,19,noindex,True,1021009,1021782,z,diamond.png,circle.png,rect.png,triangle.png,[255, 0, 0],[0, 255, 0],90,45,1,3,2,0,nochange_col,z,1,testing
14,xy,f,19,noindex,True,1026368,1027366,/,diamond.png,rect.png,circle.png,triangle.png,[0, 255, 0],[255, 0, 0],0,135,1,3,2,0,change_ori,/,2,testing
14,xy,f,19,noindex,True,1032063,1033062,/,circle.png,rect.png,diamond.png,triangle.png,[0, 255, 0],[255, 0, 0],135,0,0,2,3,1,change_ori,/,0,testing
14,xy,f,19,noindex,True,1037656,1038390,z,triangle.png,rect.png,diamond.png,circle.png,[0, 255, 0],[255, 255, 0],0,90,0,3,1,2,nochange_col,z,3,testing
14,xy,f,19,noindex,True,1043032,1043894,z,rect.png,triangle.png,circle.png,diamond.png,[255, 0, 0],[0, 255, 0],45,0,1,2,3,0,nochange_col,z,3,testing
14,xy,f,19,noindex,True,1048609,1049989,/,circle.png,triangle.png,rect.png,diamond.png,[0, 0, 255],[0, 255, 0],90,45,3,1,0,2,change_col,/,3,testing
14,xy,f,19,noindex,True,1054587,1055846,/,circle.png,triangle.png,rect.png,diamond.png,[0, 0, 255],[0, 255, 0],45,135,2,1,3,0,change_ori,/,2,testing
14,xy,f,19,noindex,True,1060498,1061573,z,triangle.png,circle.png,rect.png,diamond.png,[255, 255, 0],[0, 0, 255],135,0,0,3,2,1,nochange_ori,z,0,testing
14,xy,f,19,noindex,True,1066325,1066998,z,triangle.png,diamond.png,circle.png,rect.png,[255, 0, 0],[0, 0, 255],135,0,1,0,3,2,nochange_col,z,1,testing
14,xy,f,19,noindex,True,1071735,1074598,z,diamond.png,circle.png,triangle.png,rect.png,[255, 0, 0],[0, 255, 0],0,90,0,1,3,2,nochange_ori,z,0,testing
14,xy,f,19,noindex,True,1079232,1080197,/,rect.png,triangle.png,circle.png,diamond.png,[0, 0, 255],[0, 255, 0],90,0,1,3,2,0,change_col,/,1,testing
14,xy,f,19,noindex,True,1084826,1086102,z,diamond.png,triangle.png,circle.png,rect.png,[255, 255, 0],[0, 0, 255],0,90,0,1,2,3,nochange_col,z,1,testing
14,xy,f,19,noindex,True,1090753,1092086,/,diamond.png,triangle.png,rect.png,circle.png,[255, 0, 0],[0, 255, 0],45,135,1,3,2,0,change_col,/,1,testing
14,xy,f,19,noindex,True,1096647,1104373,/,triangle.png,rect.png,circle.png,diamond.png,[0, 0, 255],[0, 255, 0],135,45,3,0,2,1,change_col,/,3,testing
14,xy,f,19,noindex,True,1109070,1109765,/,circle.png,diamond.png,triangle.png,rect.png,[0, 255, 0],[255, 255, 0],135,0,1,3,2,0,change_col,/,3,testing
14,xy,f,19,noindex,True,1114430,1115077,z,diamond.png,triangle.png,rect.png,circle.png,[255, 255, 0],[0, 0, 255],45,90,1,2,0,3,nochange_col,z,3,testing
14,xy,f,19,noindex,True,1119689,1120934,/,diamond.png,triangle.png,rect.png,circle.png,[255, 255, 0],[255, 0, 0],45,135,3,2,1,0,change_ori,/,0,testing
14,xy,f,19,noindex,True,1125650,1126709,z,diamond.png,triangle.png,rect.png,circle.png,[0, 255, 0],[0, 0, 255],45,0,3,1,2,0,nochange_ori,z,0,testing
14,xy,f,19,noindex,True,1131395,1137781,/,triangle.png,diamond.png,rect.png,circle.png,[255, 0, 0],[255, 255, 0],135,90,2,0,3,1,change_col,/,3,testing
14,xy,f,19,noindex,True,1142532,1143621,/,rect.png,diamond.png,circle.png,triangle.png,[0, 0, 255],[255, 0, 0],0,90,1,3,0,2,change_col,/,3,testing
14,xy,f,19,noindex,True,1148325,1149317,z,circle.png,triangle.png,rect.png,diamond.png,[255, 255, 0],[0, 255, 0],90,45,0,2,3,1,nochange_ori,z,0,testing
14,xy,f,19,noindex,True,1153936,1155029,/,rect.png,circle.png,triangle.png,diamond.png,[0, 255, 0],[0, 0, 255],90,45,1,2,3,0,change_col,/,3,testing
14,xy,f,19,noindex,True,1159696,1160565,z,diamond.png,circle.png,triangle.png,rect.png,[0, 255, 0],[255, 255, 0],0,135,0,1,2,3,nochange_col,z,3,testing
14,xy,f,19,noindex,True,1165240,1166453,/,circle.png,triangle.png,diamond.png,rect.png,[0, 255, 0],[0, 0, 255],45,0,3,1,2,0,change_col,/,1,testing
14,xy,f,19,noindex,True,1171067,1172069,z,circle.png,triangle.png,diamond.png,rect.png,[0, 0, 255],[255, 0, 0],135,45,0,1,2,3,nochange_ori,z,2,testing
14,xy,f,19,noindex,True,1176728,1178773,z,circle.png,diamond.png,triangle.png,rect.png,[255, 0, 0],[255, 255, 0],45,90,3,2,1,0,change_ori,/,2,testing
14,xy,f,19,noindex,True,1183507,1184293,z,triangle.png,diamond.png,circle.png,rect.png,[0, 0, 255],[0, 255, 0],45,135,0,1,2,3,nochange_col,z,3,testing
14,xy,f,19,noindex,True,1189017,1189877,/,diamond.png,rect.png,circle.png,triangle.png,[255, 0, 0],[0, 255, 0],90,135,1,2,0,3,change_col,/,3,testing
14,xy,f,19,noindex,True,1194577,1195797,/,triangle.png,circle.png,diamond.png,rect.png,[255, 255, 0],[255, 0, 0],0,135,2,3,1,0,change_ori,/,2,testing
14,xy,f,19,noindex,True,1200388,1201621,/,triangle.png,circle.png,diamond.png,rect.png,[0, 255, 0],[255, 255, 0],135,90,3,0,1,2,change_ori,/,0,testing
14,xy,f,19,noindex,True,1206299,1208980,z,triangle.png,diamond.png,circle.png,rect.png,[0, 255, 0],[255, 255, 0],90,45,1,2,3,0,nochange_ori,z,0,testing
14,xy,f,19,noindex,True,1213729,1214933,z,circle.png,triangle.png,rect.png,diamond.png,[0, 255, 0],[0, 0, 255],45,0,0,1,2,3,nochange_col,z,1,testing
14,xy,f,19,noindex,True,1219523,1220421,z,rect.png,circle.png,diamond.png,triangle.png,[255, 255, 0],[0, 0, 255],90,0,0,2,1,3,nochange_col,z,1,testing
14,xy,f,19,noindex,True,1225100,1227221,/,triangle.png,rect.png,diamond.png,circle.png,[255, 255, 0],[0, 0, 255],135,0,3,1,0,2,change_ori,/,0,testing
14,xy,f,19,noindex,True,1231879,1235748,/,circle.png,diamond.png,rect.png,triangle.png,[255, 0, 0],[0, 255, 0],0,90,0,2,1,3,change_ori,/,0,testing
14,xy,f,19,noindex,True,1240479,1242037,z,diamond.png,circle.png,triangle.png,rect.png,[255, 0, 0],[0, 0, 255],90,135,0,2,3,1,change_ori,/,0,testing
14,xy,f,19,noindex,True,1246606,1247717,z,diamond.png,triangle.png,rect.png,circle.png,[0, 255, 0],[255, 0, 0],45,135,2,1,3,0,nochange_ori,z,0,testing
14,xy,f,19,noindex,True,1252467,1253797,z,rect.png,circle.png,triangle.png,diamond.png,[255, 255, 0],[255, 0, 0],135,0,2,0,1,3,nochange_col,z,1,testing
14,xy,f,19,noindex,True,1258494,1261812,z,triangle.png,circle.png,rect.png,diamond.png,[255, 255, 0],[0, 255, 0],45,135,3,0,2,1,nochange_ori,z,2,testing
14,xy,f,19,noindex,True,1266442,1267093,z,diamond.png,triangle.png,rect.png,circle.png,[255, 0, 0],[0, 255, 0],135,0,3,0,2,1,nochange_ori,z,0,testing
14,xy,f,19,noindex,True,1271669,1272372,z,rect.png,circle.png,diamond.png,triangle.png,[0, 255, 0],[255, 0, 0],90,135,3,2,0,1,nochange_col,z,3,testing
14,xy,f,19,noindex,True,1277012,1277956,/,circle.png,rect.png,triangle.png,diamond.png,[255, 0, 0],[0, 0, 255],0,90,1,0,3,2,change_ori,/,2,testing
14,xy,f,19,noindex,True,1282639,1283444,z,circle.png,diamond.png,rect.png,triangle.png,[0, 0, 255],[255, 255, 0],45,90,1,2,0,3,nochange_col,z,1,testing
14,xy,f,19,noindex,True,1288166,1289204,/,rect.png,triangle.png,diamond.png,circle.png,[255, 0, 0],[0, 255, 0],135,45,0,1,3,2,change_ori,/,0,testing
14,xy,f,19,noindex,True,1293893,1300788,z,diamond.png,rect.png,circle.png,triangle.png,[0, 0, 255],[0, 255, 0],45,135,2,3,1,0,change_col,/,3,testing
14,xy,f,19,noindex,True,1305381,1306196,/,diamond.png,rect.png,triangle.png,circle.png,[255, 0, 0],[255, 255, 0],90,0,3,0,1,2,change_ori,/,0,testing
14,xy,f,19,noindex,True,1310957,1312101,/,circle.png,diamond.png,rect.png,triangle.png,[255, 255, 0],[0, 255, 0],135,0,3,1,0,2,change_ori,/,0,testing
14,xy,f,19,noindex,True,1316769,1317412,z,circle.png,diamond.png,rect.png,triangle.png,[0, 255, 0],[255, 255, 0],45,0,1,3,2,0,nochange_ori,z,0,testing
14,xy,f,19,noindex,True,1322161,1323028,/,diamond.png,circle.png,rect.png,triangle.png,[0, 255, 0],[255, 255, 0],45,90,2,3,1,0,change_col,/,3,testing
14,xy,f,19,noindex,True,1327622,1340228,z,circle.png,rect.png,diamond.png,triangle.png,[255, 0, 0],[0, 255, 0],45,0,2,0,1,3,change_ori,/,0,testing
