subj,name,gender,age,cond,P_resp,P_startTime,P_respTime,P_gotKey,shape1,shape2,shape3,shape4,color1,color2,color3,color4ori1,ori2,ori3,ori4ord_1,ord_2,ord_3,ord_4,task,correct_key,no_change,mode
15,mch,f,21,noindex,True,179438,180295,z,circle.png,diamond.png,rect.png,triangle.png,[0, 255, 0],[0, 0, 255],45,0,3,0,2,1,nochange_ori,z,2,practice
15,mch,f,21,noindex,True,184931,186663,z,diamond.png,triangle.png,circle.png,rect.png,[0, 0, 255],[255, 0, 0],45,135,1,2,0,3,nochange_col,z,3,practice
15,mch,f,21,noindex,True,191292,191928,/,triangle.png,diamond.png,circle.png,rect.png,[255, 0, 0],[0, 255, 0],135,90,1,2,0,3,change_col,/,3,practice
15,mch,f,21,noindex,True,196702,197655,/,rect.png,triangle.png,circle.png,diamond.png,[255, 0, 0],[0, 0, 255],0,135,2,0,1,3,change_col,/,3,practice
15,mch,f,21,noindex,True,202279,203751,z,circle.png,triangle.png,rect.png,diamond.png,[255, 0, 0],[0, 0, 255],135,45,1,0,2,3,nochange_ori,z,2,practice
15,mch,f,21,noindex,True,208457,209479,z,rect.png,circle.png,triangle.png,diamond.png,[255, 0, 0],[0, 0, 255],135,90,2,3,0,1,nochange_col,z,1,practice
15,mch,f,21,noindex,True,214101,217527,z,rect.png,circle.png,triangle.png,diamond.png,[255, 255, 0],[255, 0, 0],90,135,3,2,0,1,nochange_col,z,3,practice
15,mch,f,21,noindex,True,222099,244647,/,triangle.png,diamond.png,rect.png,circle.png,[255, 0, 0],[0, 255, 0],45,90,3,2,1,0,change_col,/,3,practice
15,mch,f,21,noindex,True,249399,251479,/,circle.png,diamond.png,triangle.png,rect.png,[255, 255, 0],[0, 0, 255],135,90,2,0,1,3,change_ori,/,0,practice
15,mch,f,21,noindex,True,256179,256839,/,diamond.png,circle.png,triangle.png,rect.png,[255, 255, 0],[255, 0, 0],45,135,3,1,0,2,change_ori,/,2,practice
15,mch,f,21,noindex,True,261471,262839,z,rect.png,circle.png,triangle.png,diamond.png,[0, 255, 0],[255, 0, 0],0,45,3,1,2,0,nochange_ori,z,0,practice
15,mch,f,21,noindex,True,267565,268279,/,circle.png,triangle.png,rect.png,diamond.png,[255, 0, 0],[0, 0, 255],45,0,1,0,3,2,change_col,/,1,practice
15,mch,f,21,noindex,True,273009,276791,z,diamond.png,rect.png,triangle.png,circle.png,[255, 255, 0],[0, 255, 0],90,45,0,3,1,2,nochange_ori,z,0,practice
15,mch,f,21,noindex,True,281357,282167,/,diamond.png,triangle.png,circle.png,rect.png,[255, 255, 0],[0, 255, 0],0,135,3,1,0,2,change_ori,/,2,practice
15,mch,f,21,noindex,True,286918,287734,z,diamond.png,triangle.png,rect.png,circle.png,[255, 255, 0],[0, 0, 255],135,45,1,3,2,0,nochange_col,z,1,practice
15,mch,f,21,noindex,True,292428,297862,z,rect.png,circle.png,diamond.png,triangle.png,[255, 0, 0],[255, 255, 0],45,135,0,1,3,2,nochange_col,z,3,practice
15,mch,f,21,noindex,True,302446,303830,/,triangle.png,circle.png,rect.png,diamond.png,[255, 255, 0],[0, 0, 255],0,135,2,0,1,3,change_ori,/,0,practice
15,mch,f,21,noindex,True,308508,313159,z,circle.png,rect.png,triangle.png,diamond.png,[0, 0, 255],[255, 255, 0],90,0,3,0,1,2,change_ori,/,2,practice
15,mch,f,21,noindex,True,317892,318662,z,rect.png,diamond.png,circle.png,triangle.png,[0, 0, 255],[255, 0, 0],45,0,2,3,0,1,nochange_ori,z,2,practice
15,mch,f,21,noindex,True,323285,324455,/,rect.png,triangle.png,diamond.png,circle.png,[0, 255, 0],[0, 0, 255],135,45,3,1,2,0,change_col,/,1,practice
15,mch,f,21,noindex,True,430432,431526,/,diamond.png,rect.png,circle.png,triangle.png,[255, 255, 0],[0, 255, 0],45,135,2,0,3,1,change_col,/,1,testing
15,mch,f,21,noindex,True,436158,437590,/,circle.png,diamond.png,triangle.png,rect.png,[255, 255, 0],[0, 0, 255],135,45,0,2,1,3,change_ori,/,0,testing
15,mch,f,21,noindex,True,442169,446598,/,diamond.png,triangle.png,rect.png,circle.png,[255, 255, 0],[0, 255, 0],135,0,1,0,2,3,nochange_ori,z,0,testing
15,mch,f,21,noindex,True,451186,452086,/,triangle.png,diamond.png,circle.png,rect.png,[255, 0, 0],[255, 255, 0],90,135,1,3,2,0,nochange_ori,z,2,testing
15,mch,f,21,noindex,True,456779,458022,/,rect.png,triangle.png,diamond.png,circle.png,[255, 0, 0],[0, 255, 0],0,45,2,1,3,0,change_ori,/,0,testing
15,mch,f,21,noindex,True,462724,466374,/,rect.png,diamond.png,circle.png,triangle.png,[255, 255, 0],[0, 0, 255],45,135,0,2,1,3,nochange_ori,z,0,testing
15,mch,f,21,noindex,True,471022,472438,/,circle.png,triangle.png,diamond.png,rect.png,[255, 255, 0],[0, 0, 255],45,0,2,0,1,3,change_ori,/,0,testing
15,mch,f,21,noindex,True,477134,478918,z,diamond.png,circle.png,rect.png,triangle.png,[255, 255, 0],[0, 0, 255],90,0,0,1,2,3,nochange_col,z,1,testing
15,mch,f,21,noindex,True,483612,492229,/,triangle.png,diamond.png,circle.png,rect.png,[255, 0, 0],[0, 255, 0],0,135,2,3,1,0,change_col,/,1,testing
15,mch,f,21,noindex,True,496870,498182,/,circle.png,diamond.png,triangle.png,rect.png,[0, 255, 0],[0, 0, 255],45,0,3,1,0,2,nochange_col,z,1,testing
15,mch,f,21,noindex,True,502881,503542,/,circle.png,triangle.png,diamond.png,rect.png,[255, 0, 0],[0, 255, 0],90,45,2,0,3,1,change_col,/,3,testing
15,mch,f,21,noindex,True,508107,512198,/,circle.png,rect.png,diamond.png,triangle.png,[0, 255, 0],[255, 255, 0],0,45,2,3,1,0,change_col,/,3,testing
15,mch,f,21,noindex,True,516856,519046,/,diamond.png,triangle.png,circle.png,rect.png,[0, 0, 255],[0, 255, 0],45,0,1,3,2,0,change_ori,/,0,testing
15,mch,f,21,noindex,True,523686,524758,z,rect.png,diamond.png,triangle.png,circle.png,[0, 0, 255],[255, 0, 0],45,90,0,2,1,3,nochange_ori,z,0,testing
15,mch,f,21,noindex,True,529413,532502,z,rect.png,circle.png,triangle.png,diamond.png,[0, 255, 0],[255, 255, 0],90,0,2,0,3,1,nochange_ori,z,2,testing
15,mch,f,21,noindex,True,537127,537702,z,diamond.png,circle.png,rect.png,triangle.png,[255, 0, 0],[255, 255, 0],90,0,0,2,3,1,nochange_col,z,3,testing
15,mch,f,21,noindex,True,542453,544454,z,triangle.png,rect.png,circle.png,diamond.png,[0, 0, 255],[255, 255, 0],0,45,3,1,2,0,nochange_col,z,3,testing
15,mch,f,21,noindex,True,549132,550229,z,triangle.png,circle.png,diamond.png,rect.png,[255, 0, 0],[0, 255, 0],45,90,3,0,1,2,nochange_ori,z,0,testing
15,mch,f,21,noindex,True,554977,555766,/,diamond.png,rect.png,triangle.png,circle.png,[255, 255, 0],[0, 0, 255],0,45,0,1,2,3,change_col,/,1,testing
15,mch,f,21,noindex,True,560437,562390,z,rect.png,triangle.png,circle.png,diamond.png,[255, 255, 0],[0, 0, 255],135,90,0,3,2,1,nochange_ori,z,0,testing
15,mch,f,21,noindex,True,567082,567813,z,circle.png,diamond.png,rect.png,triangle.png,[0, 255, 0],[255, 0, 0],45,90,3,1,0,2,nochange_col,z,3,testing
15,mch,f,21,noindex,True,572441,573285,z,circle.png,triangle.png,diamond.png,rect.png,[255, 0, 0],[0, 255, 0],135,90,2,1,3,0,nochange_col,z,1,testing
15,mch,f,21,noindex,True,578002,579894,/,circle.png,triangle.png,rect.png,diamond.png,[255, 255, 0],[255, 0, 0],90,45,0,1,2,3,nochange_col,z,1,testing
15,mch,f,21,noindex,True,584480,585302,z,triangle.png,diamond.png,circle.png,rect.png,[0, 255, 0],[0, 0, 255],0,90,1,3,2,0,nochange_col,z,3,testing
15,mch,f,21,noindex,True,589990,590693,/,triangle.png,circle.png,rect.png,diamond.png,[0, 0, 255],[255, 255, 0],45,0,3,1,0,2,change_col,/,3,testing
15,mch,f,21,noindex,True,595384,595974,/,triangle.png,diamond.png,rect.png,circle.png,[0, 0, 255],[255, 0, 0],45,135,2,0,1,3,change_col,/,1,testing
15,mch,f,21,noindex,True,600727,602453,/,triangle.png,rect.png,circle.png,diamond.png,[255, 0, 0],[0, 255, 0],0,45,1,2,3,0,change_ori,/,0,testing
15,mch,f,21,noindex,True,607089,607909,z,diamond.png,circle.png,rect.png,triangle.png,[255, 0, 0],[0, 0, 255],90,45,2,1,0,3,nochange_col,z,3,testing
15,mch,f,21,noindex,True,612499,613445,/,triangle.png,circle.png,rect.png,diamond.png,[0, 255, 0],[255, 0, 0],0,135,2,1,3,0,change_col,/,3,testing
15,mch,f,21,noindex,True,618060,619445,z,rect.png,triangle.png,diamond.png,circle.png,[255, 0, 0],[0, 0, 255],90,0,1,2,3,0,nochange_col,z,1,testing
15,mch,f,21,noindex,True,624187,625173,/,rect.png,diamond.png,triangle.png,circle.png,[0, 255, 0],[255, 255, 0],90,0,2,3,1,0,change_ori,/,2,testing
15,mch,f,21,noindex,True,629914,630917,/,rect.png,triangle.png,circle.png,diamond.png,[255, 255, 0],[0, 0, 255],45,135,2,1,3,0,change_ori,/,2,testing
15,mch,f,21,noindex,True,635591,636869,z,rect.png,diamond.png,triangle.png,circle.png,[255, 0, 0],[0, 0, 255],135,0,3,2,1,0,nochange_ori,z,2,testing
15,mch,f,21,noindex,True,641603,642293,/,diamond.png,triangle.png,circle.png,rect.png,[0, 255, 0],[255, 255, 0],90,135,0,1,2,3,change_col,/,1,testing
15,mch,f,21,noindex,True,647045,647669,z,triangle.png,rect.png,diamond.png,circle.png,[255, 0, 0],[0, 255, 0],90,0,2,0,1,3,nochange_col,z,1,testing
15,mch,f,21,noindex,True,652288,658965,/,rect.png,diamond.png,triangle.png,circle.png,[0, 0, 255],[255, 0, 0],0,135,2,3,0,1,change_ori,/,0,testing
15,mch,f,21,noindex,True,663676,664085,/,diamond.png,circle.png,rect.png,triangle.png,[0, 255, 0],[255, 0, 0],135,45,0,3,1,2,nochange_ori,z,2,testing
15,mch,f,21,noindex,True,668835,669909,/,diamond.png,circle.png,rect.png,triangle.png,[0, 0, 255],[255, 0, 0],135,90,2,0,3,1,change_ori,/,0,testing
15,mch,f,21,noindex,True,674529,675077,z,circle.png,diamond.png,triangle.png,rect.png,[255, 255, 0],[255, 0, 0],45,135,0,2,1,3,nochange_col,z,1,testing
15,mch,f,21,noindex,True,679839,681077,z,rect.png,triangle.png,diamond.png,circle.png,[255, 255, 0],[0, 255, 0],90,45,1,0,2,3,change_col,/,3,testing
15,mch,f,21,noindex,True,685800,686661,z,triangle.png,diamond.png,rect.png,circle.png,[255, 0, 0],[0, 0, 255],135,45,3,0,1,2,nochange_col,z,3,testing
15,mch,f,21,noindex,True,691360,692340,z,triangle.png,rect.png,circle.png,diamond.png,[0, 255, 0],[0, 0, 255],135,90,0,1,3,2,nochange_col,z,3,testing
15,mch,f,21,noindex,True,696954,697700,/,rect.png,diamond.png,triangle.png,circle.png,[0, 255, 0],[0, 0, 255],0,135,3,2,1,0,change_col,/,3,testing
15,mch,f,21,noindex,True,702447,704037,/,rect.png,triangle.png,diamond.png,circle.png,[255, 255, 0],[255, 0, 0],90,0,3,0,2,1,change_ori,/,2,testing
15,mch,f,21,noindex,True,708792,710597,/,rect.png,circle.png,diamond.png,triangle.png,[0, 0, 255],[255, 0, 0],0,45,3,0,2,1,change_ori,/,2,testing
15,mch,f,21,noindex,True,715254,716948,z,triangle.png,diamond.png,circle.png,rect.png,[0, 0, 255],[255, 255, 0],135,0,3,0,2,1,nochange_ori,z,2,testing
15,mch,f,21,noindex,True,721615,723701,/,diamond.png,triangle.png,rect.png,circle.png,[0, 0, 255],[0, 255, 0],45,0,2,1,3,0,change_ori,/,2,testing
15,mch,f,21,noindex,True,728345,729220,/,circle.png,rect.png,diamond.png,triangle.png,[0, 255, 0],[255, 255, 0],45,90,3,2,0,1,change_ori,/,0,testing
15,mch,f,21,noindex,True,733922,734820,z,triangle.png,diamond.png,circle.png,rect.png,[0, 0, 255],[255, 0, 0],0,45,3,0,2,1,change_ori,/,2,testing
15,mch,f,21,noindex,True,739465,740213,z,triangle.png,diamond.png,rect.png,circle.png,[0, 0, 255],[255, 255, 0],0,90,3,0,2,1,nochange_col,z,3,testing
15,mch,f,21,noindex,True,744925,745572,z,rect.png,triangle.png,circle.png,diamond.png,[0, 255, 0],[255, 0, 0],0,45,1,2,3,0,change_col,/,1,testing
15,mch,f,21,noindex,True,750185,751013,z,rect.png,diamond.png,triangle.png,circle.png,[0, 255, 0],[0, 0, 255],90,0,3,0,1,2,nochange_ori,z,2,testing
15,mch,f,21,noindex,True,755628,756164,z,rect.png,circle.png,diamond.png,triangle.png,[255, 255, 0],[255, 0, 0],90,135,1,2,3,0,nochange_ori,z,2,testing
15,mch,f,21,noindex,True,760804,761717,z,rect.png,diamond.png,triangle.png,circle.png,[0, 0, 255],[255, 255, 0],90,45,2,0,1,3,nochange_ori,z,2,testing
15,mch,f,21,noindex,True,766448,767300,/,circle.png,diamond.png,triangle.png,rect.png,[0, 0, 255],[255, 0, 0],45,0,3,0,1,2,change_col,/,1,testing
15,mch,f,21,noindex,True,771975,772740,z,triangle.png,circle.png,diamond.png,rect.png,[255, 0, 0],[255, 255, 0],45,135,3,0,2,1,nochange_col,z,1,testing
15,mch,f,21,noindex,True,777401,778260,z,diamond.png,circle.png,triangle.png,rect.png,[255, 255, 0],[0, 0, 255],135,90,0,2,3,1,nochange_ori,z,0,testing
15,mch,f,21,noindex,True,782861,784580,/,diamond.png,triangle.png,circle.png,rect.png,[0, 0, 255],[255, 255, 0],0,45,0,1,3,2,change_ori,/,2,testing
15,mch,f,21,noindex,True,789340,790101,/,diamond.png,circle.png,triangle.png,rect.png,[0, 0, 255],[255, 0, 0],135,45,0,1,2,3,change_col,/,3,testing
15,mch,f,21,noindex,True,794833,795524,/,triangle.png,rect.png,circle.png,diamond.png,[255, 255, 0],[255, 0, 0],45,135,1,0,2,3,change_col,/,3,testing
15,mch,f,21,noindex,True,800276,801124,z,triangle.png,rect.png,diamond.png,circle.png,[255, 255, 0],[255, 0, 0],90,135,1,0,2,3,nochange_ori,z,2,testing
15,mch,f,21,noindex,True,805854,806676,/,circle.png,rect.png,diamond.png,triangle.png,[255, 0, 0],[255, 255, 0],90,135,0,3,1,2,change_ori,/,2,testing
15,mch,f,21,noindex,True,811330,811893,/,triangle.png,circle.png,diamond.png,rect.png,[255, 255, 0],[0, 255, 0],0,45,1,3,0,2,nochange_ori,z,2,testing
15,mch,f,21,noindex,True,816540,817203,z,circle.png,diamond.png,triangle.png,rect.png,[0, 255, 0],[255, 0, 0],90,0,3,2,1,0,nochange_col,z,1,testing
15,mch,f,21,noindex,True,821783,824516,z,diamond.png,triangle.png,circle.png,rect.png,[255, 255, 0],[0, 0, 255],90,135,2,3,1,0,change_ori,/,0,testing
15,mch,f,21,noindex,True,829146,830884,/,diamond.png,circle.png,triangle.png,rect.png,[0, 255, 0],[255, 255, 0],135,0,2,3,1,0,change_col,/,3,testing
15,mch,f,21,noindex,True,835574,836436,z,diamond.png,rect.png,circle.png,triangle.png,[0, 255, 0],[0, 0, 255],135,45,1,2,3,0,nochange_ori,z,2,testing
15,mch,f,21,noindex,True,841102,841940,/,circle.png,diamond.png,triangle.png,rect.png,[255, 255, 0],[0, 0, 255],135,0,2,0,3,1,change_ori,/,0,testing
15,mch,f,21,noindex,True,846628,847620,/,triangle.png,circle.png,diamond.png,rect.png,[255, 255, 0],[0, 0, 255],45,135,1,3,0,2,change_col,/,1,testing
15,mch,f,21,noindex,True,852322,853443,/,triangle.png,diamond.png,circle.png,rect.png,[0, 255, 0],[255, 0, 0],45,90,2,1,3,0,change_col,/,1,testing
15,mch,f,21,noindex,True,858083,859156,/,circle.png,triangle.png,diamond.png,rect.png,[255, 255, 0],[0, 255, 0],0,135,0,3,2,1,change_col,/,1,testing
15,mch,f,21,noindex,True,863826,864564,z,diamond.png,triangle.png,rect.png,circle.png,[0, 0, 255],[255, 0, 0],135,45,3,0,2,1,nochange_ori,z,2,testing
15,mch,f,21,noindex,True,869203,871204,/,diamond.png,triangle.png,circle.png,rect.png,[0, 255, 0],[0, 0, 255],0,90,1,3,2,0,change_ori,/,2,testing
15,mch,f,21,noindex,True,875815,877027,z,circle.png,rect.png,triangle.png,diamond.png,[0, 255, 0],[0, 0, 255],135,0,3,2,0,1,nochange_col,z,3,testing
15,mch,f,21,noindex,True,881626,883396,z,diamond.png,rect.png,triangle.png,circle.png,[255, 255, 0],[0, 0, 255],90,0,3,2,1,0,nochange_ori,z,2,testing
15,mch,f,21,noindex,True,888138,889220,/,circle.png,triangle.png,rect.png,diamond.png,[0, 255, 0],[0, 0, 255],90,45,1,2,3,0,change_ori,/,2,testing
15,mch,f,21,noindex,True,893898,895332,z,circle.png,triangle.png,rect.png,diamond.png,[0, 255, 0],[255, 255, 0],45,135,3,1,2,0,nochange_col,z,1,testing
15,mch,f,21,noindex,True,900093,901220,z,triangle.png,rect.png,diamond.png,circle.png,[0, 255, 0],[0, 0, 255],135,45,2,3,1,0,nochange_ori,z,0,testing
15,mch,f,21,noindex,True,905954,906468,z,diamond.png,circle.png,rect.png,triangle.png,[0, 0, 255],[255, 0, 0],45,90,1,2,3,0,nochange_col,z,3,testing
15,mch,f,21,noindex,True,911113,911844,z,triangle.png,circle.png,rect.png,diamond.png,[0, 255, 0],[0, 0, 255],45,90,0,3,2,1,change_col,/,3,testing
15,mch,f,21,noindex,True,929664,930947,/,circle.png,diamond.png,rect.png,triangle.png,[255, 255, 0],[255, 0, 0],45,135,2,3,0,1,change_ori,/,0,testing
15,mch,f,21,noindex,True,935691,936516,z,circle.png,rect.png,triangle.png,diamond.png,[255, 255, 0],[0, 0, 255],45,0,0,3,1,2,change_col,/,3,testing
15,mch,f,21,noindex,True,941285,942051,/,diamond.png,circle.png,rect.png,triangle.png,[0, 0, 255],[255, 0, 0],0,45,0,3,1,2,change_col,/,1,testing
15,mch,f,21,noindex,True,946813,947635,z,circle.png,diamond.png,triangle.png,rect.png,[255, 0, 0],[0, 0, 255],135,0,1,0,2,3,nochange_col,z,1,testing
15,mch,f,21,noindex,True,952256,953107,z,diamond.png,triangle.png,rect.png,circle.png,[255, 255, 0],[255, 0, 0],0,135,2,3,1,0,nochange_ori,z,0,testing
15,mch,f,21,noindex,True,957866,958899,/,circle.png,rect.png,diamond.png,triangle.png,[255, 255, 0],[0, 255, 0],45,90,3,1,2,0,change_ori,/,2,testing
15,mch,f,21,noindex,True,963560,964419,z,rect.png,circle.png,triangle.png,diamond.png,[255, 255, 0],[0, 0, 255],90,45,2,1,3,0,nochange_col,z,1,testing
15,mch,f,21,noindex,True,969169,969939,z,diamond.png,triangle.png,circle.png,rect.png,[255, 255, 0],[0, 255, 0],45,90,1,2,3,0,nochange_ori,z,2,testing
15,mch,f,21,noindex,True,974597,980611,/,diamond.png,rect.png,triangle.png,circle.png,[0, 255, 0],[255, 255, 0],90,0,2,0,3,1,change_ori,/,2,testing
15,mch,f,21,noindex,True,985233,985811,/,diamond.png,rect.png,circle.png,triangle.png,[255, 0, 0],[255, 255, 0],45,0,2,3,0,1,change_col,/,1,testing
15,mch,f,21,noindex,True,990492,993331,/,diamond.png,rect.png,circle.png,triangle.png,[0, 0, 255],[255, 0, 0],0,90,1,0,3,2,nochange_col,z,1,testing
15,mch,f,21,noindex,True,997973,999907,/,triangle.png,diamond.png,circle.png,rect.png,[255, 255, 0],[0, 0, 255],0,90,3,0,1,2,change_col,/,3,testing
15,mch,f,21,noindex,True,1004552,1006323,z,diamond.png,circle.png,triangle.png,rect.png,[255, 0, 0],[255, 255, 0],135,90,2,3,0,1,change_col,/,3,testing
15,mch,f,21,noindex,True,1010913,1011907,/,rect.png,circle.png,diamond.png,triangle.png,[255, 255, 0],[0, 0, 255],90,135,3,0,2,1,change_col,/,3,testing
15,mch,f,21,noindex,True,1016557,1017476,z,circle.png,rect.png,diamond.png,triangle.png,[0, 0, 255],[255, 0, 0],0,90,3,2,1,0,nochange_ori,z,0,testing
15,mch,f,21,noindex,True,1022067,1022835,/,rect.png,triangle.png,diamond.png,circle.png,[0, 0, 255],[255, 255, 0],135,45,0,1,2,3,change_ori,/,0,testing
15,mch,f,21,noindex,True,1027511,1028611,z,circle.png,rect.png,diamond.png,triangle.png,[0, 0, 255],[255, 0, 0],0,45,2,3,0,1,change_ori,/,0,testing
15,mch,f,21,noindex,True,1033371,1034067,z,triangle.png,diamond.png,circle.png,rect.png,[0, 0, 255],[255, 255, 0],45,135,0,1,3,2,nochange_col,z,1,testing
15,mch,f,21,noindex,True,1038647,1039299,/,circle.png,triangle.png,diamond.png,rect.png,[255, 255, 0],[255, 0, 0],0,45,3,1,2,0,nochange_ori,z,0,testing
15,mch,f,21,noindex,True,1043907,1046147,z,diamond.png,rect.png,triangle.png,circle.png,[255, 255, 0],[0, 255, 0],135,0,0,3,2,1,change_ori,/,2,testing
15,mch,f,21,noindex,True,1050736,1051443,/,triangle.png,diamond.png,circle.png,rect.png,[0, 255, 0],[0, 0, 255],135,0,0,1,2,3,change_ori,/,0,testing
15,mch,f,21,noindex,True,1056163,1057715,/,diamond.png,triangle.png,rect.png,circle.png,[255, 255, 0],[0, 0, 255],135,90,2,1,0,3,change_col,/,1,testing
15,mch,f,21,noindex,True,1062407,1063283,/,triangle.png,diamond.png,rect.png,circle.png,[255, 0, 0],[255, 255, 0],135,0,1,2,3,0,nochange_ori,z,0,testing
15,mch,f,21,noindex,True,1067968,1068706,/,triangle.png,diamond.png,rect.png,circle.png,[0, 0, 255],[255, 255, 0],45,90,0,3,1,2,change_col,/,1,testing
15,mch,f,21,noindex,True,1073328,1074003,/,rect.png,diamond.png,circle.png,triangle.png,[255, 255, 0],[0, 255, 0],45,135,3,0,1,2,change_col,/,3,testing
15,mch,f,21,noindex,True,1078654,1079459,/,rect.png,circle.png,diamond.png,triangle.png,[0, 0, 255],[255, 255, 0],45,90,0,3,2,1,change_ori,/,2,testing
15,mch,f,21,noindex,True,1084197,1085139,z,rect.png,diamond.png,triangle.png,circle.png,[255, 0, 0],[0, 0, 255],0,135,0,2,3,1,nochange_col,z,1,testing
15,mch,f,21,noindex,True,1089774,1090771,z,diamond.png,circle.png,rect.png,triangle.png,[255, 0, 0],[0, 255, 0],90,0,1,3,0,2,nochange_col,z,3,testing
15,mch,f,21,noindex,True,1095385,1095938,z,rect.png,circle.png,triangle.png,diamond.png,[0, 255, 0],[255, 0, 0],90,135,0,1,2,3,nochange_ori,z,2,testing
15,mch,f,21,noindex,True,1100661,1101587,z,circle.png,triangle.png,rect.png,diamond.png,[255, 0, 0],[0, 0, 255],0,135,1,3,0,2,nochange_ori,z,2,testing
15,mch,f,21,noindex,True,1106338,1108274,/,circle.png,rect.png,triangle.png,diamond.png,[0, 0, 255],[255, 255, 0],45,135,0,3,2,1,nochange_col,z,1,testing
15,mch,f,21,noindex,True,1112934,1114227,z,triangle.png,circle.png,rect.png,diamond.png,[255, 0, 0],[255, 255, 0],90,45,1,0,3,2,nochange_ori,z,0,testing
15,mch,f,21,noindex,True,1118861,1119811,/,diamond.png,circle.png,rect.png,triangle.png,[255, 255, 0],[0, 0, 255],135,90,1,2,3,0,change_ori,/,2,testing
15,mch,f,21,noindex,True,1124538,1125346,z,triangle.png,diamond.png,rect.png,circle.png,[255, 0, 0],[255, 255, 0],90,0,3,2,0,1,nochange_col,z,1,testing
15,mch,f,21,noindex,True,1130015,1131154,z,triangle.png,diamond.png,circle.png,rect.png,[0, 0, 255],[255, 0, 0],45,0,3,1,2,0,nochange_ori,z,2,testing
15,mch,f,21,noindex,True,1135809,1137187,/,diamond.png,circle.png,rect.png,triangle.png,[255, 0, 0],[0, 0, 255],45,135,0,1,3,2,change_col,/,1,testing
15,mch,f,21,noindex,True,1141753,1145299,/,rect.png,circle.png,diamond.png,triangle.png,[255, 255, 0],[0, 255, 0],0,90,3,2,0,1,nochange_col,z,1,testing
15,mch,f,21,noindex,True,1149935,1150690,z,triangle.png,rect.png,diamond.png,circle.png,[255, 255, 0],[0, 0, 255],135,45,0,3,2,1,change_ori,/,2,testing
15,mch,f,21,noindex,True,1155262,1155858,z,diamond.png,triangle.png,rect.png,circle.png,[255, 0, 0],[0, 255, 0],90,0,2,0,1,3,nochange_col,z,3,testing
15,mch,f,21,noindex,True,1160438,1161426,/,diamond.png,circle.png,rect.png,triangle.png,[0, 0, 255],[255, 255, 0],0,45,3,1,0,2,change_col,/,3,testing
15,mch,f,21,noindex,True,1166165,1167634,/,triangle.png,rect.png,diamond.png,circle.png,[0, 255, 0],[255, 255, 0],0,135,3,1,2,0,change_col,/,1,testing
15,mch,f,21,noindex,True,1172393,1179059,/,triangle.png,rect.png,circle.png,diamond.png,[255, 0, 0],[255, 255, 0],135,45,3,1,2,0,change_col,/,1,testing
15,mch,f,21,noindex,True,1183663,1184754,/,circle.png,triangle.png,rect.png,diamond.png,[255, 255, 0],[0, 0, 255],90,135,2,0,1,3,change_col,/,3,testing
15,mch,f,21,noindex,True,1189424,1190481,z,diamond.png,circle.png,triangle.png,rect.png,[255, 255, 0],[0, 0, 255],90,45,2,1,3,0,change_ori,/,0,testing
15,mch,f,21,noindex,True,1195218,1197538,/,rect.png,diamond.png,circle.png,triangle.png,[0, 0, 255],[255, 0, 0],90,135,2,0,1,3,change_col,/,1,testing
15,mch,f,21,noindex,True,1202131,1202851,/,triangle.png,rect.png,circle.png,diamond.png,[255, 0, 0],[255, 255, 0],135,90,0,1,3,2,change_col,/,1,testing
15,mch,f,21,noindex,True,1207558,1208834,z,circle.png,rect.png,triangle.png,diamond.png,[255, 0, 0],[255, 255, 0],45,0,0,2,3,1,nochange_col,z,3,testing
15,mch,f,21,noindex,True,1213519,1216770,/,circle.png,diamond.png,rect.png,triangle.png,[255, 0, 0],[255, 255, 0],45,0,1,3,0,2,nochange_col,z,1,testing
15,mch,f,21,noindex,True,1221449,1222258,z,circle.png,rect.png,triangle.png,diamond.png,[255, 0, 0],[255, 255, 0],135,90,1,0,2,3,nochange_col,z,1,testing
15,mch,f,21,noindex,True,1226893,1227778,z,circle.png,triangle.png,diamond.png,rect.png,[0, 0, 255],[255, 0, 0],45,135,0,1,2,3,nochange_col,z,3,testing
15,mch,f,21,noindex,True,1232420,1233634,/,diamond.png,rect.png,circle.png,triangle.png,[255, 0, 0],[0, 255, 0],135,90,3,2,1,0,change_ori,/,0,testing
15,mch,f,21,noindex,True,1238214,1239954,/,rect.png,diamond.png,circle.png,triangle.png,[255, 0, 0],[0, 0, 255],0,45,3,1,0,2,change_ori,/,2,testing
15,mch,f,21,noindex,True,1244676,1253042,/,circle.png,diamond.png,triangle.png,rect.png,[0, 0, 255],[255, 255, 0],135,45,3,0,2,1,nochange_ori,z,2,testing
15,mch,f,21,noindex,True,1257666,1258434,/,circle.png,diamond.png,triangle.png,rect.png,[0, 0, 255],[255, 255, 0],0,90,3,1,2,0,change_ori,/,2,testing
15,mch,f,21,noindex,True,1263109,1264546,z,triangle.png,circle.png,rect.png,diamond.png,[255, 255, 0],[255, 0, 0],90,0,3,1,0,2,nochange_ori,z,0,testing
15,mch,f,21,noindex,True,1269204,1273729,z,diamond.png,rect.png,circle.png,triangle.png,[255, 0, 0],[0, 0, 255],45,90,3,0,1,2,change_col,/,3,testing
15,mch,f,21,noindex,True,1278487,1278930,z,triangle.png,diamond.png,rect.png,circle.png,[255, 0, 0],[0, 255, 0],0,45,1,2,0,3,nochange_col,z,3,testing
15,mch,f,21,noindex,True,1283530,1285282,z,circle.png,rect.png,diamond.png,triangle.png,[255, 0, 0],[0, 0, 255],135,0,2,1,0,3,nochange_col,z,3,testing
15,mch,f,21,noindex,True,1289908,1290802,z,rect.png,diamond.png,triangle.png,circle.png,[0, 0, 255],[0, 255, 0],0,45,3,0,2,1,change_ori,/,2,testing
15,mch,f,21,noindex,True,1295502,1297842,z,diamond.png,triangle.png,circle.png,rect.png,[0, 0, 255],[255, 0, 0],90,45,0,1,3,2,nochange_ori,z,0,testing
15,mch,f,21,noindex,True,1302582,1304449,/,triangle.png,rect.png,diamond.png,circle.png,[0, 255, 0],[255, 255, 0],0,45,1,0,2,3,nochange_col,z,1,testing
15,mch,f,21,noindex,True,1309127,1310129,z,diamond.png,rect.png,triangle.png,circle.png,[0, 255, 0],[255, 0, 0],90,135,0,3,2,1,nochange_ori,z,2,testing
15,mch,f,21,noindex,True,1314754,1316529,z,triangle.png,circle.png,diamond.png,rect.png,[0, 0, 255],[255, 255, 0],0,135,2,3,0,1,change_ori,/,0,testing
15,mch,f,21,noindex,True,1321183,1322306,z,diamond.png,triangle.png,circle.png,rect.png,[0, 0, 255],[0, 255, 0],135,90,1,3,0,2,nochange_ori,z,2,testing
15,mch,f,21,noindex,True,1326977,1334354,/,triangle.png,diamond.png,rect.png,circle.png,[255, 255, 0],[255, 0, 0],45,0,0,3,2,1,change_ori,/,0,testing
15,mch,f,21,noindex,True,1338915,1339873,z,circle.png,rect.png,triangle.png,diamond.png,[0, 255, 0],[255, 255, 0],135,0,1,2,3,0,nochange_ori,z,0,testing
15,mch,f,21,noindex,True,1344492,1345569,/,diamond.png,triangle.png,rect.png,circle.png,[255, 255, 0],[255, 0, 0],90,0,2,1,0,3,change_ori,/,0,testing
15,mch,f,21,noindex,True,1350136,1350913,z,triangle.png,diamond.png,rect.png,circle.png,[0, 255, 0],[255, 255, 0],90,135,2,0,3,1,nochange_ori,z,0,testing
15,mch,f,21,noindex,True,1355629,1356386,z,rect.png,diamond.png,circle.png,triangle.png,[255, 255, 0],[0, 255, 0],45,90,1,3,0,2,nochange_col,z,3,testing
15,mch,f,21,noindex,True,1361039,1370770,/,circle.png,diamond.png,rect.png,triangle.png,[0, 255, 0],[0, 0, 255],45,135,1,3,2,0,nochange_col,z,1,testing
15,mch,f,21,noindex,True,1375349,1378273,z,triangle.png,rect.png,diamond.png,circle.png,[0, 0, 255],[255, 0, 0],90,45,2,1,0,3,nochange_col,z,1,testing
15,mch,f,21,noindex,True,1382879,1384177,/,circle.png,triangle.png,rect.png,diamond.png,[255, 0, 0],[255, 255, 0],90,45,0,3,1,2,change_col,/,3,testing
15,mch,f,21,noindex,True,1388740,1389969,/,circle.png,triangle.png,rect.png,diamond.png,[0, 0, 255],[255, 0, 0],90,45,1,0,2,3,change_col,/,1,testing
15,mch,f,21,noindex,True,1394717,1395841,z,diamond.png,rect.png,triangle.png,circle.png,[0, 0, 255],[255, 0, 0],45,0,1,3,0,2,nochange_ori,z,2,testing
15,mch,f,21,noindex,True,1400461,1401856,z,diamond.png,circle.png,triangle.png,rect.png,[0, 255, 0],[255, 0, 0],0,135,2,3,1,0,nochange_ori,z,2,testing
15,mch,f,21,noindex,True,1406473,1414545,/,diamond.png,triangle.png,rect.png,circle.png,[255, 0, 0],[255, 255, 0],90,0,1,2,0,3,change_ori,/,2,testing
15,mch,f,21,noindex,True,1419279,1427665,z,triangle.png,diamond.png,circle.png,rect.png,[0, 0, 255],[255, 255, 0],90,45,2,3,1,0,change_ori,/,2,testing
15,mch,f,21,noindex,True,1432337,1436273,z,diamond.png,triangle.png,circle.png,rect.png,[0, 0, 255],[255, 255, 0],0,135,3,1,2,0,nochange_ori,z,0,testing
15,mch,f,21,noindex,True,1441002,1441776,z,diamond.png,triangle.png,rect.png,circle.png,[255, 0, 0],[0, 0, 255],0,45,2,3,0,1,nochange_ori,z,2,testing
15,mch,f,21,noindex,True,1446479,1447856,z,circle.png,rect.png,triangle.png,diamond.png,[0, 0, 255],[0, 255, 0],135,0,2,3,0,1,change_col,/,3,testing
