subj,name,gender,age,cond,P_resp,P_startTime,P_respTime,P_gotKey,shape1,shape2,shape3,shape4,color1,color2,color3,color4ori1,ori2,ori3,ori4ord_1,ord_2,ord_3,ord_4,task,correct_key,no_change,mode
15,mch,f,21,index,True,166614,182822,z,circle.png,rect.png,circle.png,rect.png,[255, 255, 0],[0, 0, 255],45,135,1,0,2,3,nochange_col,z,3,practice
15,mch,f,21,index,True,187552,192918,z,rect.png,diamond.png,rect.png,diamond.png,[255, 0, 0],[0, 0, 255],135,0,3,0,2,1,nochange_ori,z,0,practice
15,mch,f,21,index,True,197537,198694,z,diamond.png,rect.png,diamond.png,rect.png,[255, 0, 0],[0, 255, 0],45,90,0,3,2,1,nochange_ori,z,0,practice
15,mch,f,21,index,True,203432,205286,z,triangle.png,diamond.png,triangle.png,diamond.png,[0, 255, 0],[255, 255, 0],0,135,0,3,2,1,nochange_ori,z,2,practice
15,mch,f,21,index,True,209877,214150,/,diamond.png,rect.png,diamond.png,rect.png,[0, 255, 0],[0, 0, 255],135,0,0,2,3,1,change_col,/,3,practice
15,mch,f,21,index,True,218859,220038,/,rect.png,triangle.png,rect.png,triangle.png,[255, 0, 0],[255, 255, 0],90,135,3,1,0,2,change_col,/,3,practice
15,mch,f,21,index,True,224671,225558,z,circle.png,triangle.png,circle.png,triangle.png,[255, 0, 0],[0, 255, 0],45,90,3,2,0,1,nochange_col,z,3,practice
15,mch,f,21,index,True,230164,231734,/,rect.png,circle.png,rect.png,circle.png,[255, 255, 0],[255, 0, 0],0,135,0,3,2,1,change_ori,/,0,practice
15,mch,f,21,index,True,236342,239397,/,rect.png,triangle.png,rect.png,triangle.png,[0, 255, 0],[255, 0, 0],0,45,0,1,2,3,change_ori,/,2,practice
15,mch,f,21,index,True,244140,245398,/,diamond.png,circle.png,diamond.png,circle.png,[0, 255, 0],[0, 0, 255],45,90,2,1,3,0,change_ori,/,0,practice
15,mch,f,21,index,True,250000,250918,z,rect.png,triangle.png,rect.png,triangle.png,[255, 255, 0],[0, 255, 0],0,90,0,3,1,2,nochange_ori,z,2,practice
15,mch,f,21,index,True,255610,256598,/,triangle.png,diamond.png,triangle.png,diamond.png,[0, 0, 255],[255, 255, 0],0,45,3,0,2,1,change_col,/,1,practice
15,mch,f,21,index,True,261237,262485,z,diamond.png,rect.png,diamond.png,rect.png,[255, 255, 0],[0, 255, 0],0,135,3,1,2,0,change_ori,/,0,practice
15,mch,f,21,index,True,267231,268054,/,circle.png,rect.png,circle.png,rect.png,[0, 255, 0],[0, 0, 255],0,135,0,1,2,3,change_col,/,1,practice
15,mch,f,21,index,True,272808,274198,z,diamond.png,rect.png,diamond.png,rect.png,[0, 0, 255],[255, 0, 0],90,135,3,2,0,1,nochange_col,z,3,practice
15,mch,f,21,index,True,278953,280166,z,circle.png,rect.png,circle.png,rect.png,[255, 255, 0],[0, 0, 255],90,0,3,0,1,2,nochange_col,z,1,practice
15,mch,f,21,index,True,284780,288421,/,triangle.png,circle.png,triangle.png,circle.png,[255, 255, 0],[0, 255, 0],90,135,3,0,2,1,change_ori,/,0,practice
15,mch,f,21,index,True,293180,295909,/,circle.png,diamond.png,circle.png,diamond.png,[255, 255, 0],[255, 0, 0],90,45,3,2,0,1,change_col,/,1,practice
15,mch,f,21,index,True,300627,301445,z,rect.png,circle.png,rect.png,circle.png,[255, 255, 0],[255, 0, 0],135,0,2,1,3,0,nochange_ori,z,0,practice
15,mch,f,21,index,True,306137,307766,/,triangle.png,circle.png,triangle.png,circle.png,[0, 255, 0],[255, 0, 0],135,45,2,0,1,3,nochange_col,z,1,practice
15,mch,f,21,index,True,378119,379349,z,diamond.png,circle.png,diamond.png,circle.png,[255, 0, 0],[0, 255, 0],45,135,2,3,1,0,nochange_ori,z,0,testing
15,mch,f,21,index,True,383913,385797,/,rect.png,circle.png,rect.png,circle.png,[255, 0, 0],[0, 0, 255],135,0,2,0,3,1,change_col,/,1,testing
15,mch,f,21,index,True,390542,393701,/,diamond.png,rect.png,diamond.png,rect.png,[255, 0, 0],[0, 255, 0],135,45,1,3,2,0,change_ori,/,0,testing
15,mch,f,21,index,True,398439,399268,/,diamond.png,circle.png,diamond.png,circle.png,[255, 255, 0],[0, 0, 255],0,90,0,1,3,2,change_col,/,3,testing
15,mch,f,21,index,True,404000,404885,/,rect.png,diamond.png,rect.png,diamond.png,[0, 255, 0],[255, 0, 0],0,135,1,0,3,2,change_ori,/,0,testing
15,mch,f,21,index,True,409627,410437,/,circle.png,diamond.png,circle.png,diamond.png,[255, 255, 0],[255, 0, 0],45,0,1,0,3,2,change_col,/,1,testing
15,mch,f,21,index,True,415153,416773,/,rect.png,circle.png,rect.png,circle.png,[255, 255, 0],[0, 0, 255],0,90,0,2,1,3,change_col,/,1,testing
15,mch,f,21,index,True,421348,422373,z,circle.png,triangle.png,circle.png,triangle.png,[0, 255, 0],[255, 255, 0],135,0,2,0,3,1,nochange_ori,z,0,testing
15,mch,f,21,index,True,427042,428197,/,circle.png,triangle.png,circle.png,triangle.png,[0, 0, 255],[255, 255, 0],0,135,1,2,3,0,change_ori,/,2,testing
15,mch,f,21,index,True,432903,435381,z,diamond.png,circle.png,diamond.png,circle.png,[0, 255, 0],[0, 0, 255],90,0,0,2,1,3,change_col,/,1,testing
15,mch,f,21,index,True,440083,440901,z,triangle.png,diamond.png,triangle.png,diamond.png,[255, 255, 0],[0, 255, 0],45,0,1,0,2,3,nochange_ori,z,0,testing
15,mch,f,21,index,True,445626,447188,z,rect.png,circle.png,rect.png,circle.png,[255, 0, 0],[0, 255, 0],135,0,2,0,3,1,nochange_ori,z,2,testing
15,mch,f,21,index,True,451804,452997,z,triangle.png,circle.png,triangle.png,circle.png,[255, 0, 0],[0, 255, 0],90,0,3,0,1,2,nochange_ori,z,0,testing
15,mch,f,21,index,True,457665,458516,/,circle.png,rect.png,circle.png,rect.png,[255, 0, 0],[0, 0, 255],45,90,0,3,1,2,change_col,/,3,testing
15,mch,f,21,index,True,463242,464613,/,circle.png,rect.png,circle.png,rect.png,[0, 255, 0],[255, 0, 0],90,135,0,2,1,3,change_col,/,3,testing
15,mch,f,21,index,True,469220,469957,/,rect.png,triangle.png,rect.png,triangle.png,[255, 0, 0],[255, 255, 0],90,135,0,1,2,3,nochange_ori,z,2,testing
15,mch,f,21,index,True,474596,475829,z,circle.png,triangle.png,circle.png,triangle.png,[255, 255, 0],[0, 255, 0],0,45,3,2,1,0,nochange_ori,z,2,testing
15,mch,f,21,index,True,480406,481524,/,rect.png,circle.png,rect.png,circle.png,[255, 0, 0],[0, 0, 255],90,0,1,3,2,0,change_ori,/,0,testing
15,mch,f,21,index,True,486217,486996,z,diamond.png,circle.png,diamond.png,circle.png,[255, 0, 0],[0, 255, 0],0,90,2,3,0,1,nochange_col,z,1,testing
15,mch,f,21,index,True,491694,492612,/,triangle.png,rect.png,triangle.png,rect.png,[255, 255, 0],[255, 0, 0],45,90,3,0,2,1,change_col,/,3,testing
15,mch,f,21,index,True,497254,497956,/,diamond.png,triangle.png,diamond.png,triangle.png,[0, 255, 0],[255, 0, 0],90,45,0,1,2,3,change_col,/,1,testing
15,mch,f,21,index,True,502714,503285,/,circle.png,rect.png,circle.png,rect.png,[0, 0, 255],[255, 255, 0],135,45,0,2,3,1,change_col,/,1,testing
15,mch,f,21,index,True,507891,508597,z,rect.png,circle.png,rect.png,circle.png,[255, 255, 0],[0, 0, 255],45,0,1,2,3,0,change_ori,/,2,testing
15,mch,f,21,index,True,513217,515860,/,rect.png,diamond.png,rect.png,diamond.png,[255, 255, 0],[255, 0, 0],45,90,2,1,3,0,change_col,/,3,testing
15,mch,f,21,index,True,520597,521637,/,triangle.png,rect.png,triangle.png,rect.png,[0, 0, 255],[0, 255, 0],45,0,1,0,2,3,change_col,/,3,testing
15,mch,f,21,index,True,526224,527973,z,diamond.png,circle.png,diamond.png,circle.png,[0, 0, 255],[255, 0, 0],90,0,0,2,1,3,nochange_col,z,1,testing
15,mch,f,21,index,True,532636,533429,z,diamond.png,circle.png,diamond.png,circle.png,[255, 0, 0],[0, 255, 0],90,45,3,2,1,0,nochange_col,z,3,testing
15,mch,f,21,index,True,538013,538900,z,diamond.png,triangle.png,diamond.png,triangle.png,[255, 0, 0],[255, 255, 0],45,0,2,3,0,1,nochange_col,z,3,testing
15,mch,f,21,index,True,543656,544501,z,triangle.png,circle.png,triangle.png,circle.png,[0, 255, 0],[255, 0, 0],0,135,3,2,0,1,nochange_col,z,3,testing
15,mch,f,21,index,True,549133,549957,/,rect.png,circle.png,rect.png,circle.png,[255, 255, 0],[255, 0, 0],135,0,2,1,0,3,change_col,/,1,testing
15,mch,f,21,index,True,554692,557220,/,diamond.png,triangle.png,diamond.png,triangle.png,[255, 0, 0],[255, 255, 0],0,135,0,3,2,1,change_ori,/,2,testing
15,mch,f,21,index,True,561973,564261,/,triangle.png,circle.png,triangle.png,circle.png,[255, 0, 0],[255, 255, 0],135,45,0,3,2,1,change_ori,/,0,testing
15,mch,f,21,index,True,568919,569924,/,rect.png,triangle.png,rect.png,triangle.png,[0, 255, 0],[0, 0, 255],90,135,1,3,0,2,nochange_col,z,1,testing
15,mch,f,21,index,True,574513,575412,z,circle.png,diamond.png,circle.png,diamond.png,[0, 255, 0],[0, 0, 255],135,0,3,2,1,0,nochange_col,z,3,testing
15,mch,f,21,index,True,580140,584676,/,diamond.png,rect.png,diamond.png,rect.png,[0, 0, 255],[255, 255, 0],90,135,3,2,0,1,nochange_ori,z,2,testing
15,mch,f,21,index,True,589390,592644,z,diamond.png,rect.png,diamond.png,rect.png,[0, 255, 0],[255, 255, 0],90,45,2,1,0,3,nochange_ori,z,0,testing
15,mch,f,21,index,True,597305,599572,/,diamond.png,circle.png,diamond.png,circle.png,[0, 0, 255],[255, 255, 0],135,45,1,2,3,0,nochange_ori,z,2,testing
15,mch,f,21,index,True,604183,605013,z,triangle.png,circle.png,triangle.png,circle.png,[255, 255, 0],[0, 0, 255],90,45,1,2,3,0,nochange_col,z,1,testing
15,mch,f,21,index,True,609711,610564,z,triangle.png,circle.png,triangle.png,circle.png,[0, 0, 255],[255, 255, 0],45,0,0,1,2,3,change_ori,/,0,testing
15,mch,f,21,index,True,615321,617780,z,rect.png,triangle.png,rect.png,triangle.png,[0, 255, 0],[255, 0, 0],0,45,1,0,2,3,change_ori,/,2,testing
15,mch,f,21,index,True,622367,623492,z,circle.png,rect.png,circle.png,rect.png,[255, 0, 0],[0, 0, 255],135,45,3,2,0,1,nochange_ori,z,0,testing
15,mch,f,21,index,True,628095,629028,z,rect.png,triangle.png,rect.png,triangle.png,[0, 255, 0],[255, 0, 0],135,0,1,2,0,3,nochange_col,z,1,testing
15,mch,f,21,index,True,633687,634388,/,diamond.png,triangle.png,diamond.png,triangle.png,[255, 0, 0],[0, 0, 255],45,90,2,1,0,3,change_col,/,3,testing
15,mch,f,21,index,True,639080,640611,z,triangle.png,diamond.png,triangle.png,diamond.png,[255, 255, 0],[0, 255, 0],90,45,1,2,0,3,change_ori,/,2,testing
15,mch,f,21,index,True,645343,645988,z,rect.png,diamond.png,rect.png,diamond.png,[0, 0, 255],[0, 255, 0],135,0,1,3,2,0,nochange_col,z,1,testing
15,mch,f,21,index,True,650669,652644,/,circle.png,triangle.png,circle.png,triangle.png,[0, 0, 255],[255, 255, 0],90,45,3,2,0,1,change_ori,/,2,testing
15,mch,f,21,index,True,657348,658068,z,rect.png,circle.png,rect.png,circle.png,[0, 255, 0],[255, 0, 0],90,0,2,1,3,0,nochange_col,z,3,testing
15,mch,f,21,index,True,662708,663540,/,circle.png,rect.png,circle.png,rect.png,[0, 0, 255],[255, 255, 0],0,135,2,1,0,3,change_col,/,1,testing
15,mch,f,21,index,True,668267,669124,/,triangle.png,diamond.png,triangle.png,diamond.png,[255, 255, 0],[0, 0, 255],45,0,1,0,2,3,change_col,/,1,testing
15,mch,f,21,index,True,673828,675972,/,rect.png,diamond.png,rect.png,diamond.png,[255, 0, 0],[0, 255, 0],135,90,1,0,2,3,change_col,/,3,testing
15,mch,f,21,index,True,680641,681700,z,triangle.png,circle.png,triangle.png,circle.png,[255, 255, 0],[0, 0, 255],135,0,1,0,2,3,nochange_ori,z,2,testing
15,mch,f,21,index,True,686385,690499,/,circle.png,rect.png,circle.png,rect.png,[255, 0, 0],[0, 255, 0],135,45,1,3,2,0,change_col,/,1,testing
15,mch,f,21,index,True,695134,743347,/,rect.png,triangle.png,rect.png,triangle.png,[0, 255, 0],[0, 0, 255],90,45,1,2,3,0,nochange_col,z,1,testing
15,mch,f,21,index,True,748081,749187,/,rect.png,circle.png,rect.png,circle.png,[255, 0, 0],[0, 255, 0],0,90,2,1,0,3,change_ori,/,2,testing
15,mch,f,21,index,True,753775,754628,z,rect.png,diamond.png,rect.png,diamond.png,[0, 255, 0],[255, 0, 0],0,135,0,1,3,2,nochange_ori,z,2,testing
15,mch,f,21,index,True,759351,759907,z,rect.png,triangle.png,rect.png,triangle.png,[0, 0, 255],[255, 0, 0],90,135,0,1,2,3,nochange_col,z,3,testing
15,mch,f,21,index,True,764628,766739,z,circle.png,diamond.png,circle.png,diamond.png,[0, 255, 0],[0, 0, 255],45,0,3,2,1,0,nochange_col,z,1,testing
15,mch,f,21,index,True,771474,772260,z,triangle.png,rect.png,triangle.png,rect.png,[0, 0, 255],[255, 255, 0],0,45,0,2,1,3,nochange_col,z,3,testing
15,mch,f,21,index,True,776850,778243,z,circle.png,diamond.png,circle.png,diamond.png,[255, 255, 0],[255, 0, 0],0,90,1,3,0,2,nochange_col,z,1,testing
15,mch,f,21,index,True,782912,783938,/,rect.png,diamond.png,rect.png,diamond.png,[255, 255, 0],[0, 255, 0],0,90,3,1,0,2,change_col,/,3,testing
15,mch,f,21,index,True,788672,791811,z,triangle.png,circle.png,triangle.png,circle.png,[0, 255, 0],[255, 255, 0],45,90,2,1,0,3,change_ori,/,2,testing
15,mch,f,21,index,True,796570,798194,/,circle.png,diamond.png,circle.png,diamond.png,[0, 255, 0],[255, 255, 0],0,45,2,3,1,0,change_ori,/,0,testing
15,mch,f,21,index,True,802932,804115,/,circle.png,triangle.png,circle.png,triangle.png,[0, 0, 255],[255, 0, 0],90,135,1,3,2,0,change_ori,/,2,testing
15,mch,f,21,index,True,808692,809651,z,triangle.png,diamond.png,triangle.png,diamond.png,[0, 255, 0],[255, 0, 0],0,90,2,0,1,3,nochange_ori,z,2,testing
15,mch,f,21,index,True,814253,815220,z,circle.png,triangle.png,circle.png,triangle.png,[255, 0, 0],[0, 255, 0],90,0,3,1,0,2,nochange_ori,z,0,testing
15,mch,f,21,index,True,819863,821075,/,rect.png,circle.png,rect.png,circle.png,[0, 0, 255],[255, 255, 0],90,135,0,3,1,2,change_ori,/,0,testing
15,mch,f,21,index,True,825657,826963,z,circle.png,triangle.png,circle.png,triangle.png,[255, 0, 0],[0, 255, 0],90,135,0,2,1,3,nochange_ori,z,0,testing
15,mch,f,21,index,True,831618,832675,z,rect.png,circle.png,rect.png,circle.png,[255, 255, 0],[255, 0, 0],0,90,0,3,2,1,nochange_col,z,3,testing
15,mch,f,21,index,True,837361,838483,z,diamond.png,triangle.png,diamond.png,triangle.png,[0, 255, 0],[255, 0, 0],135,45,3,2,1,0,nochange_ori,z,2,testing
15,mch,f,21,index,True,843223,844083,z,triangle.png,rect.png,triangle.png,rect.png,[0, 0, 255],[255, 255, 0],135,90,1,2,0,3,nochange_col,z,1,testing
15,mch,f,21,index,True,848716,849859,z,triangle.png,diamond.png,triangle.png,diamond.png,[0, 0, 255],[255, 255, 0],0,90,2,0,1,3,change_ori,/,2,testing
15,mch,f,21,index,True,854443,856018,z,diamond.png,triangle.png,diamond.png,triangle.png,[255, 255, 0],[0, 0, 255],45,0,0,1,2,3,change_ori,/,0,testing
15,mch,f,21,index,True,860671,865139,z,rect.png,circle.png,rect.png,circle.png,[255, 0, 0],[255, 255, 0],0,90,1,3,0,2,nochange_col,z,3,testing
15,mch,f,21,index,True,869788,870547,z,circle.png,rect.png,circle.png,rect.png,[255, 0, 0],[255, 255, 0],0,90,2,1,0,3,nochange_ori,z,2,testing
15,mch,f,21,index,True,875248,960786,z,diamond.png,circle.png,diamond.png,circle.png,[0, 255, 0],[255, 0, 0],135,90,0,1,2,3,change_col,/,3,testing
15,mch,f,21,index,True,965497,966082,z,rect.png,triangle.png,rect.png,triangle.png,[255, 0, 0],[255, 255, 0],0,45,3,2,0,1,nochange_col,z,3,testing
15,mch,f,21,index,True,970724,971715,/,circle.png,rect.png,circle.png,rect.png,[0, 0, 255],[255, 0, 0],90,0,3,0,1,2,change_ori,/,2,testing
15,mch,f,21,index,True,976400,977299,/,rect.png,triangle.png,rect.png,triangle.png,[0, 255, 0],[0, 0, 255],45,135,1,0,3,2,nochange_ori,z,2,testing
15,mch,f,21,index,True,981877,983186,z,rect.png,diamond.png,rect.png,diamond.png,[0, 255, 0],[0, 0, 255],135,0,2,0,1,3,nochange_ori,z,2,testing
15,mch,f,21,index,True,987922,989666,z,triangle.png,circle.png,triangle.png,circle.png,[255, 0, 0],[255, 255, 0],135,90,2,1,0,3,change_ori,/,0,testing
15,mch,f,21,index,True,1060287,1061250,/,circle.png,triangle.png,circle.png,triangle.png,[255, 0, 0],[255, 255, 0],135,45,0,2,3,1,change_col,/,3,testing
15,mch,f,21,index,True,1065864,1067266,/,rect.png,circle.png,rect.png,circle.png,[255, 0, 0],[0, 255, 0],135,0,1,2,3,0,change_ori,/,2,testing
15,mch,f,21,index,True,1071959,1101729,/,diamond.png,rect.png,diamond.png,rect.png,[255, 0, 0],[0, 0, 255],135,45,3,2,1,0,change_col,/,1,testing
15,mch,f,21,index,True,1106355,1123377,z,circle.png,triangle.png,circle.png,triangle.png,[0, 255, 0],[255, 0, 0],90,135,1,2,3,0,nochange_col,z,3,testing
15,mch,f,21,index,True,1127995,1129329,/,triangle.png,circle.png,triangle.png,circle.png,[0, 0, 255],[255, 255, 0],0,45,2,1,3,0,change_ori,/,2,testing
15,mch,f,21,index,True,1134022,1134945,/,diamond.png,triangle.png,diamond.png,triangle.png,[255, 255, 0],[255, 0, 0],45,90,2,0,1,3,change_col,/,3,testing
15,mch,f,21,index,True,1139583,1140481,/,circle.png,triangle.png,circle.png,triangle.png,[0, 255, 0],[255, 0, 0],0,90,2,3,1,0,change_col,/,3,testing
15,mch,f,21,index,True,1145110,1145777,/,triangle.png,circle.png,triangle.png,circle.png,[255, 255, 0],[0, 255, 0],135,90,2,3,0,1,change_col,/,1,testing
15,mch,f,21,index,True,1150486,1151409,z,circle.png,diamond.png,circle.png,diamond.png,[255, 255, 0],[0, 255, 0],0,90,1,3,0,2,nochange_ori,z,0,testing
15,mch,f,21,index,True,1156063,1160785,z,rect.png,circle.png,rect.png,circle.png,[255, 0, 0],[255, 255, 0],0,135,0,1,2,3,nochange_ori,z,2,testing
15,mch,f,21,index,True,1165497,1166674,/,triangle.png,rect.png,triangle.png,rect.png,[255, 0, 0],[0, 255, 0],135,90,3,1,0,2,change_col,/,3,testing
15,mch,f,21,index,True,1171342,1172849,/,rect.png,triangle.png,rect.png,triangle.png,[255, 0, 0],[0, 255, 0],45,135,0,3,1,2,change_ori,/,2,testing
15,mch,f,21,index,True,1177569,1178545,/,circle.png,rect.png,circle.png,rect.png,[255, 0, 0],[255, 255, 0],45,135,2,1,3,0,change_ori,/,0,testing
15,mch,f,21,index,True,1183196,1183842,/,triangle.png,circle.png,triangle.png,circle.png,[255, 255, 0],[255, 0, 0],90,45,1,2,3,0,change_col,/,1,testing
15,mch,f,21,index,True,1188506,1189601,z,diamond.png,rect.png,diamond.png,rect.png,[0, 255, 0],[255, 0, 0],0,135,0,3,2,1,nochange_col,z,1,testing
15,mch,f,21,index,True,1194350,1195505,z,circle.png,rect.png,circle.png,rect.png,[255, 0, 0],[255, 255, 0],90,135,2,0,1,3,nochange_ori,z,0,testing
15,mch,f,21,index,True,1200194,1202641,z,diamond.png,circle.png,diamond.png,circle.png,[0, 255, 0],[255, 255, 0],90,0,0,2,3,1,nochange_ori,z,2,testing
15,mch,f,21,index,True,1207224,1208288,z,diamond.png,triangle.png,diamond.png,triangle.png,[255, 255, 0],[255, 0, 0],45,0,3,1,2,0,nochange_ori,z,2,testing
15,mch,f,21,index,True,1212918,1214514,/,circle.png,diamond.png,circle.png,diamond.png,[0, 0, 255],[255, 255, 0],90,0,0,2,1,3,change_col,/,3,testing
15,mch,f,21,index,True,1219263,1220257,/,rect.png,circle.png,rect.png,circle.png,[0, 0, 255],[255, 0, 0],45,135,2,0,3,1,change_ori,/,0,testing
15,mch,f,21,index,True,1224956,1228993,/,diamond.png,triangle.png,diamond.png,triangle.png,[0, 0, 255],[255, 0, 0],135,0,2,1,3,0,nochange_col,z,3,testing
15,mch,f,21,index,True,1233639,1234177,/,circle.png,rect.png,circle.png,rect.png,[0, 0, 255],[0, 255, 0],135,45,1,0,3,2,nochange_ori,z,2,testing
15,mch,f,21,index,True,1238898,1240881,/,diamond.png,triangle.png,diamond.png,triangle.png,[255, 0, 0],[0, 0, 255],135,45,2,0,3,1,change_col,/,3,testing
15,mch,f,21,index,True,1245595,1248049,/,triangle.png,diamond.png,triangle.png,diamond.png,[255, 255, 0],[255, 0, 0],0,45,2,0,1,3,change_col,/,1,testing
15,mch,f,21,index,True,1252641,1253873,/,circle.png,triangle.png,circle.png,triangle.png,[0, 255, 0],[255, 0, 0],0,135,1,2,3,0,change_col,/,3,testing
15,mch,f,21,index,True,1258568,1259233,z,diamond.png,triangle.png,diamond.png,triangle.png,[0, 255, 0],[255, 0, 0],90,135,1,2,0,3,nochange_col,z,3,testing
15,mch,f,21,index,True,1263828,1264625,z,circle.png,rect.png,circle.png,rect.png,[0, 255, 0],[0, 0, 255],0,135,0,1,2,3,nochange_ori,z,0,testing
15,mch,f,21,index,True,1269237,1270529,/,triangle.png,circle.png,triangle.png,circle.png,[255, 0, 0],[255, 255, 0],135,0,2,0,3,1,change_col,/,3,testing
15,mch,f,21,index,True,1275165,1276417,z,circle.png,triangle.png,circle.png,triangle.png,[255, 0, 0],[0, 0, 255],90,0,3,0,1,2,nochange_col,z,1,testing
15,mch,f,21,index,True,1281109,1282305,z,circle.png,rect.png,circle.png,rect.png,[255, 0, 0],[255, 255, 0],45,90,1,0,2,3,nochange_ori,z,0,testing
15,mch,f,21,index,True,1287004,1287728,z,diamond.png,circle.png,diamond.png,circle.png,[0, 255, 0],[255, 255, 0],45,90,1,0,2,3,nochange_col,z,1,testing
15,mch,f,21,index,True,1292330,1295713,z,diamond.png,rect.png,diamond.png,rect.png,[0, 255, 0],[255, 255, 0],0,45,1,3,2,0,nochange_ori,z,2,testing
15,mch,f,21,index,True,1300295,1304209,z,circle.png,diamond.png,circle.png,diamond.png,[255, 255, 0],[255, 0, 0],90,45,3,2,1,0,nochange_col,z,1,testing
15,mch,f,21,index,True,1308944,1310320,z,circle.png,triangle.png,circle.png,triangle.png,[255, 0, 0],[255, 255, 0],90,0,1,2,0,3,nochange_ori,z,2,testing
15,mch,f,21,index,True,1314922,1315856,z,rect.png,circle.png,rect.png,circle.png,[255, 0, 0],[255, 255, 0],0,90,1,2,3,0,nochange_col,z,1,testing
15,mch,f,21,index,True,1320515,1321904,/,diamond.png,circle.png,diamond.png,circle.png,[255, 0, 0],[0, 0, 255],135,45,0,3,1,2,change_col,/,1,testing
15,mch,f,21,index,True,1326593,1327761,z,rect.png,triangle.png,rect.png,triangle.png,[0, 0, 255],[255, 255, 0],45,90,3,0,1,2,nochange_ori,z,0,testing
15,mch,f,21,index,True,1332337,1333424,z,diamond.png,circle.png,diamond.png,circle.png,[255, 255, 0],[0, 0, 255],45,0,0,2,3,1,nochange_ori,z,0,testing
15,mch,f,21,index,True,1338081,1339009,/,rect.png,circle.png,rect.png,circle.png,[0, 255, 0],[255, 0, 0],90,45,1,3,0,2,change_col,/,1,testing
15,mch,f,21,index,True,1343708,1345664,/,triangle.png,circle.png,triangle.png,circle.png,[0, 0, 255],[255, 0, 0],135,90,1,0,3,2,change_col,/,3,testing
15,mch,f,21,index,True,1350320,1351280,/,rect.png,triangle.png,rect.png,triangle.png,[255, 255, 0],[0, 255, 0],45,0,1,0,2,3,change_col,/,3,testing
15,mch,f,21,index,True,1355896,1357232,/,triangle.png,diamond.png,triangle.png,diamond.png,[255, 0, 0],[0, 0, 255],0,45,2,1,0,3,change_ori,/,0,testing
15,mch,f,21,index,True,1361824,1362896,z,rect.png,diamond.png,rect.png,diamond.png,[0, 255, 0],[255, 255, 0],0,135,1,2,0,3,nochange_col,z,3,testing
15,mch,f,21,index,True,1367518,1368016,z,triangle.png,rect.png,triangle.png,rect.png,[0, 255, 0],[255, 255, 0],135,90,1,2,0,3,nochange_col,z,3,testing
15,mch,f,21,index,True,1372661,1374160,/,triangle.png,diamond.png,triangle.png,diamond.png,[255, 0, 0],[255, 255, 0],0,90,2,0,3,1,change_col,/,1,testing
15,mch,f,21,index,True,1378855,1388352,z,rect.png,circle.png,rect.png,circle.png,[0, 0, 255],[0, 255, 0],135,45,0,2,1,3,nochange_ori,z,0,testing
15,mch,f,21,index,True,1393099,1393727,z,rect.png,circle.png,rect.png,circle.png,[255, 0, 0],[255, 255, 0],45,0,3,0,1,2,nochange_col,z,1,testing
15,mch,f,21,index,True,1398458,1399311,z,triangle.png,circle.png,triangle.png,circle.png,[255, 0, 0],[0, 0, 255],45,135,2,0,1,3,nochange_col,z,3,testing
15,mch,f,21,index,True,1403985,1404655,z,diamond.png,circle.png,diamond.png,circle.png,[255, 0, 0],[0, 255, 0],135,0,0,1,2,3,nochange_col,z,1,testing
15,mch,f,21,index,True,1409262,1410528,z,circle.png,diamond.png,circle.png,diamond.png,[255, 255, 0],[0, 0, 255],45,135,0,2,3,1,nochange_ori,z,2,testing
15,mch,f,21,index,True,1415172,1416544,/,triangle.png,diamond.png,triangle.png,diamond.png,[255, 0, 0],[0, 255, 0],90,45,2,0,1,3,change_ori,/,2,testing
15,mch,f,21,index,True,1421116,1422800,/,rect.png,triangle.png,rect.png,triangle.png,[255, 255, 0],[0, 255, 0],90,135,1,2,0,3,change_ori,/,2,testing
15,mch,f,21,index,True,1427512,1428288,/,triangle.png,circle.png,triangle.png,circle.png,[255, 255, 0],[0, 255, 0],90,135,1,3,0,2,change_ori,/,0,testing
15,mch,f,21,index,True,1432888,1433760,/,circle.png,diamond.png,circle.png,diamond.png,[0, 255, 0],[255, 255, 0],90,0,1,3,2,0,change_ori,/,0,testing
15,mch,f,21,index,True,1438481,1439568,z,rect.png,triangle.png,rect.png,triangle.png,[0, 0, 255],[0, 255, 0],135,0,1,3,2,0,nochange_col,z,1,testing
15,mch,f,21,index,True,1444225,1445008,z,circle.png,rect.png,circle.png,rect.png,[255, 255, 0],[0, 255, 0],90,45,0,3,1,2,nochange_col,z,1,testing
15,mch,f,21,index,True,1449769,1450928,z,rect.png,triangle.png,rect.png,triangle.png,[255, 255, 0],[255, 0, 0],90,45,0,1,2,3,nochange_ori,z,2,testing
15,mch,f,21,index,True,1455563,1457680,z,rect.png,triangle.png,rect.png,triangle.png,[255, 255, 0],[255, 0, 0],135,90,2,3,1,0,nochange_col,z,1,testing
15,mch,f,21,index,True,1462409,1463280,z,circle.png,triangle.png,circle.png,triangle.png,[255, 0, 0],[0, 255, 0],90,135,1,0,2,3,nochange_ori,z,2,testing
15,mch,f,21,index,True,1467970,1469760,/,rect.png,diamond.png,rect.png,diamond.png,[0, 0, 255],[255, 0, 0],45,90,0,2,3,1,change_ori,/,2,testing
15,mch,f,21,index,True,1474381,1475023,/,circle.png,rect.png,circle.png,rect.png,[255, 255, 0],[0, 0, 255],0,90,3,0,1,2,change_ori,/,0,testing
15,mch,f,21,index,True,1479641,1480464,/,circle.png,triangle.png,circle.png,triangle.png,[0, 0, 255],[255, 0, 0],135,45,2,0,1,3,change_col,/,3,testing
15,mch,f,21,index,True,1485134,1485952,/,triangle.png,circle.png,triangle.png,circle.png,[255, 255, 0],[255, 0, 0],135,45,0,3,2,1,change_ori,/,0,testing
15,mch,f,21,index,True,1490610,1491919,/,diamond.png,circle.png,diamond.png,circle.png,[255, 0, 0],[0, 255, 0],0,45,1,0,2,3,nochange_ori,z,0,testing
15,mch,f,21,index,True,1496688,1497456,/,circle.png,diamond.png,circle.png,diamond.png,[0, 0, 255],[255, 0, 0],135,90,2,1,3,0,change_col,/,1,testing
15,mch,f,21,index,True,1502115,1503455,z,triangle.png,rect.png,triangle.png,rect.png,[255, 255, 0],[0, 255, 0],0,135,0,3,1,2,nochange_col,z,3,testing
15,mch,f,21,index,True,1508076,1508720,z,triangle.png,circle.png,triangle.png,circle.png,[255, 0, 0],[0, 0, 255],45,135,3,1,2,0,change_col,/,3,testing
15,mch,f,21,index,True,1513386,1514543,/,diamond.png,rect.png,diamond.png,rect.png,[0, 0, 255],[255, 255, 0],90,45,3,0,2,1,change_ori,/,2,testing
15,mch,f,21,index,True,1519229,1520367,z,rect.png,circle.png,rect.png,circle.png,[255, 255, 0],[0, 0, 255],90,135,2,3,1,0,nochange_col,z,3,testing
15,mch,f,21,index,True,1524974,1525920,/,diamond.png,circle.png,diamond.png,circle.png,[0, 0, 255],[255, 0, 0],0,90,2,1,3,0,change_ori,/,2,testing
15,mch,f,21,index,True,1530517,1532383,/,circle.png,diamond.png,circle.png,diamond.png,[0, 255, 0],[0, 0, 255],45,135,1,0,2,3,change_ori,/,0,testing
15,mch,f,21,index,True,1537112,1538063,/,rect.png,triangle.png,rect.png,triangle.png,[255, 0, 0],[0, 0, 255],135,45,2,0,3,1,change_ori,/,0,testing
15,mch,f,21,index,True,1542823,1545216,z,rect.png,triangle.png,rect.png,triangle.png,[255, 0, 0],[0, 255, 0],90,135,2,3,0,1,change_ori,/,2,testing
15,mch,f,21,index,True,1549819,1550512,z,triangle.png,diamond.png,triangle.png,diamond.png,[255, 0, 0],[255, 255, 0],0,90,1,2,3,0,nochange_col,z,1,testing
15,mch,f,21,index,True,1555129,1555727,z,circle.png,triangle.png,circle.png,triangle.png,[0, 255, 0],[255, 0, 0],135,45,1,2,0,3,nochange_col,z,3,testing
15,mch,f,21,index,True,1560322,1561167,z,diamond.png,rect.png,diamond.png,rect.png,[0, 255, 0],[255, 0, 0],90,45,0,3,1,2,nochange_ori,z,2,testing
15,mch,f,21,index,True,1565932,1573247,/,diamond.png,triangle.png,diamond.png,triangle.png,[255, 0, 0],[0, 255, 0],90,0,0,3,1,2,change_ori,/,2,testing
15,mch,f,21,index,True,1577937,1580031,/,diamond.png,rect.png,diamond.png,rect.png,[0, 255, 0],[255, 255, 0],45,0,2,1,0,3,change_ori,/,0,testing
15,mch,f,21,index,True,1584733,1586640,/,rect.png,triangle.png,rect.png,triangle.png,[255, 255, 0],[0, 0, 255],135,0,1,0,2,3,nochange_ori,z,2,testing
15,mch,f,21,index,True,1591279,1592639,z,rect.png,triangle.png,rect.png,triangle.png,[255, 0, 0],[0, 255, 0],135,45,1,0,3,2,nochange_ori,z,0,testing
