subj,name,gender,age,cond,P_resp,P_startTime,P_respTime,P_gotKey,shape1,shape2,shape3,shape4,color1,color2,color3,color4ori1,ori2,ori3,ori4ord_1,ord_2,ord_3,ord_4,task,correct_key,no_change,mode
16,csb,f,20,noindex,True,53084,54298,z,rect.png,circle.png,diamond.png,triangle.png,[255, 255, 0],[0, 0, 255],135,45,2,1,3,0,nochange_col,z,1,practice
16,csb,f,20,noindex,True,59045,59802,/,rect.png,triangle.png,diamond.png,circle.png,[255, 255, 0],[0, 0, 255],90,45,3,0,2,1,change_col,/,3,practice
16,csb,f,20,noindex,True,64404,66761,/,triangle.png,rect.png,diamond.png,circle.png,[255, 255, 0],[0, 0, 255],45,90,2,1,3,0,change_ori,/,0,practice
16,csb,f,20,noindex,True,71484,72441,z,diamond.png,rect.png,triangle.png,circle.png,[255, 0, 0],[255, 255, 0],90,135,2,3,1,0,nochange_ori,z,0,practice
16,csb,f,20,noindex,True,77144,78121,z,diamond.png,circle.png,rect.png,triangle.png,[0, 0, 255],[255, 0, 0],0,45,0,1,2,3,nochange_col,z,1,practice
16,csb,f,20,noindex,True,82788,84569,/,triangle.png,diamond.png,circle.png,rect.png,[0, 0, 255],[255, 0, 0],90,45,0,1,3,2,change_ori,/,0,practice
16,csb,f,20,noindex,True,89301,90009,z,diamond.png,rect.png,circle.png,triangle.png,[255, 255, 0],[255, 0, 0],45,135,3,1,0,2,nochange_col,z,1,practice
16,csb,f,20,noindex,True,94743,95753,/,circle.png,rect.png,triangle.png,diamond.png,[255, 0, 0],[0, 255, 0],0,135,0,2,3,1,change_ori,/,0,practice
16,csb,f,20,noindex,True,100470,101641,/,triangle.png,diamond.png,rect.png,circle.png,[0, 0, 255],[255, 0, 0],0,135,0,3,2,1,nochange_ori,z,0,practice
16,csb,f,20,noindex,True,106415,107321,z,circle.png,diamond.png,triangle.png,rect.png,[255, 255, 0],[0, 255, 0],0,45,0,3,1,2,nochange_col,z,3,practice
16,csb,f,20,noindex,True,111908,112649,z,diamond.png,triangle.png,circle.png,rect.png,[255, 255, 0],[0, 0, 255],135,0,2,1,0,3,nochange_ori,z,2,practice
16,csb,f,20,noindex,True,117302,119449,z,circle.png,rect.png,triangle.png,diamond.png,[0, 255, 0],[0, 0, 255],90,45,0,2,3,1,change_col,/,3,practice
16,csb,f,20,noindex,True,124147,124921,z,circle.png,diamond.png,rect.png,triangle.png,[0, 255, 0],[0, 0, 255],0,45,0,1,2,3,nochange_ori,z,0,practice
16,csb,f,20,noindex,True,129524,130024,z,rect.png,diamond.png,triangle.png,circle.png,[0, 255, 0],[0, 0, 255],90,0,3,1,0,2,nochange_col,z,3,practice
16,csb,f,20,noindex,True,134667,135689,z,triangle.png,diamond.png,rect.png,circle.png,[255, 0, 0],[0, 0, 255],45,135,3,0,2,1,nochange_ori,z,0,practice
16,csb,f,20,noindex,True,140310,141817,/,rect.png,triangle.png,circle.png,diamond.png,[255, 255, 0],[255, 0, 0],45,90,1,3,2,0,change_ori,/,2,practice
16,csb,f,20,noindex,True,146455,147304,/,rect.png,triangle.png,diamond.png,circle.png,[0, 0, 255],[255, 0, 0],45,90,2,1,3,0,change_col,/,1,practice
16,csb,f,20,noindex,True,152049,153337,/,diamond.png,circle.png,rect.png,triangle.png,[0, 255, 0],[255, 255, 0],45,135,2,1,3,0,change_col,/,1,practice
16,csb,f,20,noindex,True,158076,158984,/,diamond.png,rect.png,circle.png,triangle.png,[0, 0, 255],[255, 255, 0],45,90,2,3,0,1,change_col,/,1,practice
16,csb,f,20,noindex,True,163754,164440,/,diamond.png,triangle.png,rect.png,circle.png,[255, 0, 0],[0, 0, 255],90,0,3,1,2,0,change_ori,/,0,practice
16,csb,f,20,noindex,True,171919,172392,/,diamond.png,circle.png,triangle.png,rect.png,[0, 255, 0],[0, 0, 255],90,0,1,3,0,2,change_col,/,3,testing
16,csb,f,20,noindex,True,177111,177816,z,circle.png,triangle.png,diamond.png,rect.png,[0, 255, 0],[255, 0, 0],45,90,1,2,0,3,nochange_col,z,3,testing
16,csb,f,20,noindex,True,182538,184072,/,triangle.png,circle.png,diamond.png,rect.png,[255, 255, 0],[0, 255, 0],45,0,0,3,2,1,change_ori,/,2,testing
16,csb,f,20,noindex,True,188749,189528,/,rect.png,diamond.png,triangle.png,circle.png,[255, 0, 0],[255, 255, 0],45,0,1,3,2,0,change_ori,/,0,testing
16,csb,f,20,noindex,True,194176,195129,/,triangle.png,circle.png,rect.png,diamond.png,[0, 0, 255],[0, 255, 0],135,0,0,2,3,1,change_ori,/,0,testing
16,csb,f,20,noindex,True,199736,200600,/,rect.png,triangle.png,circle.png,diamond.png,[255, 0, 0],[0, 255, 0],90,45,1,2,0,3,change_ori,/,2,testing
16,csb,f,20,noindex,True,205179,205896,/,diamond.png,rect.png,circle.png,triangle.png,[255, 0, 0],[255, 255, 0],135,90,2,1,3,0,change_ori,/,0,testing
16,csb,f,20,noindex,True,210506,211144,/,triangle.png,circle.png,rect.png,diamond.png,[0, 0, 255],[0, 255, 0],135,0,1,2,0,3,change_col,/,1,testing
16,csb,f,20,noindex,True,215732,217257,z,circle.png,diamond.png,triangle.png,rect.png,[255, 255, 0],[0, 255, 0],135,0,2,1,0,3,nochange_ori,z,0,testing
16,csb,f,20,noindex,True,221844,222408,/,triangle.png,circle.png,rect.png,diamond.png,[0, 0, 255],[0, 255, 0],45,135,2,1,3,0,change_col,/,1,testing
16,csb,f,20,noindex,True,227120,228200,z,rect.png,diamond.png,circle.png,triangle.png,[255, 255, 0],[0, 0, 255],135,90,0,2,3,1,nochange_col,z,1,testing
16,csb,f,20,noindex,True,232914,234199,z,circle.png,diamond.png,triangle.png,rect.png,[0, 255, 0],[255, 255, 0],45,135,3,1,0,2,nochange_ori,z,2,testing
16,csb,f,20,noindex,True,238941,239736,z,triangle.png,rect.png,circle.png,diamond.png,[0, 0, 255],[0, 255, 0],135,0,0,3,1,2,nochange_ori,z,0,testing
16,csb,f,20,noindex,True,244401,245688,/,diamond.png,triangle.png,circle.png,rect.png,[255, 0, 0],[0, 255, 0],135,0,2,3,1,0,change_col,/,3,testing
16,csb,f,20,noindex,True,250379,250984,z,circle.png,triangle.png,diamond.png,rect.png,[0, 255, 0],[255, 0, 0],45,90,1,2,3,0,nochange_col,z,3,testing
16,csb,f,20,noindex,True,255572,256168,/,circle.png,triangle.png,diamond.png,rect.png,[255, 0, 0],[255, 255, 0],90,45,2,3,0,1,change_col,/,1,testing
16,csb,f,20,noindex,True,260781,261511,z,triangle.png,circle.png,diamond.png,rect.png,[255, 255, 0],[0, 255, 0],90,45,3,0,2,1,nochange_col,z,1,testing
16,csb,f,20,noindex,True,266208,267912,z,triangle.png,circle.png,rect.png,diamond.png,[0, 255, 0],[255, 0, 0],0,135,2,3,1,0,change_col,/,3,testing
16,csb,f,20,noindex,True,272603,273448,z,rect.png,diamond.png,circle.png,triangle.png,[0, 0, 255],[0, 255, 0],90,45,3,0,1,2,nochange_ori,z,2,testing
16,csb,f,20,noindex,True,278180,279111,z,diamond.png,circle.png,triangle.png,rect.png,[0, 255, 0],[255, 0, 0],45,0,3,2,1,0,nochange_ori,z,2,testing
16,csb,f,20,noindex,True,283841,285528,/,rect.png,circle.png,diamond.png,triangle.png,[0, 255, 0],[0, 0, 255],135,90,1,0,2,3,change_ori,/,2,testing
16,csb,f,20,noindex,True,290202,292760,/,rect.png,triangle.png,diamond.png,circle.png,[0, 0, 255],[0, 255, 0],45,90,3,2,1,0,change_ori,/,2,testing
16,csb,f,20,noindex,True,297515,298280,z,rect.png,diamond.png,circle.png,triangle.png,[0, 0, 255],[255, 255, 0],135,0,3,1,2,0,nochange_col,z,1,testing
16,csb,f,20,noindex,True,302909,303912,/,diamond.png,triangle.png,rect.png,circle.png,[0, 255, 0],[255, 255, 0],45,90,3,1,0,2,change_col,/,1,testing
16,csb,f,20,noindex,True,308536,309528,z,rect.png,triangle.png,circle.png,diamond.png,[0, 0, 255],[0, 255, 0],45,0,2,3,0,1,nochange_ori,z,0,testing
16,csb,f,20,noindex,True,314179,315832,/,diamond.png,rect.png,circle.png,triangle.png,[255, 0, 0],[0, 255, 0],135,90,1,3,0,2,change_ori,/,0,testing
16,csb,f,20,noindex,True,320508,321592,z,diamond.png,triangle.png,circle.png,rect.png,[255, 255, 0],[0, 0, 255],45,90,0,2,1,3,nochange_ori,z,2,testing
16,csb,f,20,noindex,True,326351,327384,z,diamond.png,circle.png,triangle.png,rect.png,[0, 0, 255],[255, 0, 0],0,135,1,3,0,2,nochange_ori,z,0,testing
16,csb,f,20,noindex,True,332062,333288,/,rect.png,triangle.png,diamond.png,circle.png,[255, 255, 0],[0, 255, 0],0,45,3,0,2,1,change_ori,/,2,testing
16,csb,f,20,noindex,True,338040,340231,/,rect.png,diamond.png,circle.png,triangle.png,[255, 0, 0],[255, 255, 0],0,135,2,0,1,3,change_ori,/,2,testing
16,csb,f,20,noindex,True,344936,345767,z,rect.png,diamond.png,triangle.png,circle.png,[255, 255, 0],[0, 0, 255],90,135,0,2,3,1,nochange_ori,z,0,testing
16,csb,f,20,noindex,True,350345,351319,z,rect.png,triangle.png,circle.png,diamond.png,[255, 0, 0],[0, 0, 255],90,135,1,3,0,2,nochange_col,z,3,testing
16,csb,f,20,noindex,True,355972,356727,/,rect.png,diamond.png,triangle.png,circle.png,[0, 0, 255],[0, 255, 0],45,90,3,1,2,0,change_ori,/,0,testing
16,csb,f,20,noindex,True,361450,362168,/,rect.png,triangle.png,diamond.png,circle.png,[255, 255, 0],[0, 255, 0],135,0,1,3,0,2,change_col,/,1,testing
16,csb,f,20,noindex,True,366943,368039,/,circle.png,triangle.png,diamond.png,rect.png,[0, 255, 0],[0, 0, 255],90,45,1,3,2,0,nochange_col,z,3,testing
16,csb,f,20,noindex,True,372670,373319,/,rect.png,triangle.png,diamond.png,circle.png,[255, 0, 0],[255, 255, 0],0,45,1,2,0,3,change_col,/,3,testing
16,csb,f,20,noindex,True,377913,378583,/,rect.png,diamond.png,circle.png,triangle.png,[0, 255, 0],[255, 0, 0],45,90,3,2,1,0,change_col,/,1,testing
16,csb,f,20,noindex,True,383156,383815,z,triangle.png,rect.png,circle.png,diamond.png,[255, 255, 0],[0, 255, 0],135,0,2,1,3,0,nochange_col,z,3,testing
16,csb,f,20,noindex,True,388399,389143,/,triangle.png,rect.png,diamond.png,circle.png,[0, 0, 255],[255, 0, 0],0,90,3,1,0,2,change_col,/,1,testing
16,csb,f,20,noindex,True,393809,394551,/,diamond.png,rect.png,circle.png,triangle.png,[0, 255, 0],[255, 255, 0],0,135,2,3,0,1,change_ori,/,2,testing
16,csb,f,20,noindex,True,399319,401287,z,circle.png,rect.png,triangle.png,diamond.png,[0, 255, 0],[255, 255, 0],45,0,3,1,2,0,nochange_ori,z,2,testing
16,csb,f,20,noindex,True,405948,406583,z,diamond.png,triangle.png,circle.png,rect.png,[0, 0, 255],[0, 255, 0],0,90,1,3,2,0,nochange_ori,z,0,testing
16,csb,f,20,noindex,True,411174,412343,/,diamond.png,rect.png,triangle.png,circle.png,[255, 0, 0],[255, 255, 0],0,135,0,3,2,1,change_col,/,1,testing
16,csb,f,20,noindex,True,417002,418391,z,triangle.png,diamond.png,circle.png,rect.png,[0, 255, 0],[255, 255, 0],45,0,2,1,0,3,nochange_ori,z,0,testing
16,csb,f,20,noindex,True,423130,423591,z,diamond.png,triangle.png,circle.png,rect.png,[255, 0, 0],[0, 0, 255],90,135,2,1,0,3,nochange_col,z,1,testing
16,csb,f,20,noindex,True,428256,429527,/,triangle.png,diamond.png,rect.png,circle.png,[0, 0, 255],[255, 255, 0],135,90,1,0,2,3,change_ori,/,0,testing
16,csb,f,20,noindex,True,434200,434951,/,rect.png,circle.png,diamond.png,triangle.png,[0, 0, 255],[255, 255, 0],135,45,0,1,3,2,change_ori,/,0,testing
16,csb,f,20,noindex,True,439593,441094,z,rect.png,circle.png,triangle.png,diamond.png,[255, 255, 0],[0, 255, 0],135,0,1,2,0,3,nochange_ori,z,2,testing
16,csb,f,20,noindex,True,445771,446311,/,circle.png,diamond.png,rect.png,triangle.png,[255, 0, 0],[0, 255, 0],45,0,2,3,1,0,change_col,/,3,testing
16,csb,f,20,noindex,True,450881,451686,/,rect.png,circle.png,triangle.png,diamond.png,[255, 0, 0],[0, 255, 0],135,90,1,0,3,2,change_ori,/,2,testing
16,csb,f,20,noindex,True,456290,457543,z,circle.png,triangle.png,rect.png,diamond.png,[255, 0, 0],[0, 0, 255],45,135,1,3,2,0,nochange_ori,z,2,testing
16,csb,f,20,noindex,True,462285,462919,z,circle.png,rect.png,diamond.png,triangle.png,[255, 255, 0],[255, 0, 0],90,45,1,3,2,0,nochange_ori,z,0,testing
16,csb,f,20,noindex,True,467561,468310,/,diamond.png,rect.png,circle.png,triangle.png,[0, 255, 0],[255, 255, 0],45,0,2,1,3,0,change_col,/,1,testing
16,csb,f,20,noindex,True,472904,473718,/,diamond.png,triangle.png,circle.png,rect.png,[255, 0, 0],[255, 255, 0],135,0,1,3,0,2,change_ori,/,0,testing
16,csb,f,20,noindex,True,478298,479142,z,rect.png,circle.png,diamond.png,triangle.png,[0, 0, 255],[0, 255, 0],0,90,2,3,1,0,nochange_ori,z,0,testing
16,csb,f,20,noindex,True,483774,484406,z,rect.png,diamond.png,circle.png,triangle.png,[0, 0, 255],[0, 255, 0],90,135,1,0,3,2,nochange_col,z,3,testing
16,csb,f,20,noindex,True,489150,489911,z,triangle.png,rect.png,diamond.png,circle.png,[0, 0, 255],[0, 255, 0],45,135,0,2,3,1,nochange_ori,z,2,testing
16,csb,f,20,noindex,True,494477,495222,z,diamond.png,rect.png,triangle.png,circle.png,[0, 255, 0],[0, 0, 255],0,90,0,2,1,3,nochange_col,z,1,testing
16,csb,f,20,noindex,True,499837,500550,z,rect.png,circle.png,diamond.png,triangle.png,[255, 0, 0],[0, 255, 0],0,90,1,3,2,0,nochange_col,z,3,testing
16,csb,f,20,noindex,True,505146,505927,z,triangle.png,diamond.png,circle.png,rect.png,[0, 255, 0],[0, 0, 255],45,90,2,3,0,1,nochange_col,z,1,testing
16,csb,f,20,noindex,True,510540,511654,/,circle.png,triangle.png,rect.png,diamond.png,[0, 0, 255],[255, 0, 0],90,135,1,0,2,3,change_ori,/,2,testing
16,csb,f,20,noindex,True,516400,518022,z,triangle.png,diamond.png,circle.png,rect.png,[255, 255, 0],[255, 0, 0],90,45,0,3,1,2,nochange_col,z,3,testing
16,csb,f,20,noindex,True,522695,523318,/,diamond.png,triangle.png,rect.png,circle.png,[255, 255, 0],[255, 0, 0],135,45,0,3,2,1,change_col,/,3,testing
16,csb,f,20,noindex,True,527955,528630,/,triangle.png,diamond.png,circle.png,rect.png,[255, 0, 0],[0, 0, 255],90,135,3,2,0,1,change_col,/,3,testing
16,csb,f,20,noindex,True,533315,534486,z,diamond.png,circle.png,rect.png,triangle.png,[0, 255, 0],[0, 0, 255],135,0,1,3,0,2,nochange_ori,z,0,testing
16,csb,f,20,noindex,True,539209,540134,z,rect.png,diamond.png,triangle.png,circle.png,[255, 0, 0],[0, 255, 0],90,45,0,3,2,1,nochange_col,z,3,testing
16,csb,f,20,noindex,True,544819,545702,/,diamond.png,circle.png,rect.png,triangle.png,[0, 255, 0],[0, 0, 255],90,45,2,0,3,1,nochange_col,z,3,testing
16,csb,f,20,noindex,True,550479,551254,/,rect.png,diamond.png,circle.png,triangle.png,[0, 255, 0],[0, 0, 255],0,90,2,3,0,1,change_col,/,3,testing
16,csb,f,20,noindex,True,555889,557574,z,circle.png,triangle.png,rect.png,diamond.png,[0, 0, 255],[255, 0, 0],135,0,3,2,1,0,nochange_ori,z,2,testing
16,csb,f,20,noindex,True,562335,564389,z,triangle.png,diamond.png,rect.png,circle.png,[0, 0, 255],[255, 0, 0],90,135,2,0,3,1,nochange_col,z,3,testing
16,csb,f,20,noindex,True,568964,570597,/,circle.png,triangle.png,rect.png,diamond.png,[255, 255, 0],[0, 0, 255],135,0,2,3,1,0,change_ori,/,2,testing
16,csb,f,20,noindex,True,575359,576118,/,rect.png,triangle.png,circle.png,diamond.png,[255, 255, 0],[0, 0, 255],0,135,3,1,2,0,change_col,/,3,testing
16,csb,f,20,noindex,True,580836,581910,/,rect.png,triangle.png,circle.png,diamond.png,[255, 255, 0],[255, 0, 0],0,90,3,1,2,0,change_col,/,3,testing
16,csb,f,20,noindex,True,586646,587830,z,triangle.png,rect.png,circle.png,diamond.png,[0, 255, 0],[255, 255, 0],90,135,0,1,2,3,nochange_ori,z,2,testing
16,csb,f,20,noindex,True,592574,594261,/,circle.png,rect.png,diamond.png,triangle.png,[255, 0, 0],[0, 0, 255],90,45,3,1,2,0,nochange_col,z,3,testing
16,csb,f,20,noindex,True,598969,600374,z,diamond.png,circle.png,triangle.png,rect.png,[255, 0, 0],[0, 255, 0],45,135,1,0,3,2,nochange_col,z,1,testing
16,csb,f,20,noindex,True,604946,605702,/,diamond.png,rect.png,circle.png,triangle.png,[255, 0, 0],[0, 0, 255],135,45,1,0,2,3,change_col,/,3,testing
16,csb,f,20,noindex,True,610340,611318,z,triangle.png,circle.png,diamond.png,rect.png,[255, 0, 0],[0, 255, 0],0,45,1,0,2,3,nochange_col,z,3,testing
16,csb,f,20,noindex,True,615900,616709,/,diamond.png,circle.png,triangle.png,rect.png,[255, 0, 0],[255, 255, 0],135,45,0,3,2,1,change_ori,/,0,testing
16,csb,f,20,noindex,True,621293,622725,/,circle.png,diamond.png,rect.png,triangle.png,[255, 255, 0],[255, 0, 0],0,135,3,0,2,1,change_ori,/,2,testing
16,csb,f,20,noindex,True,638474,639126,z,diamond.png,rect.png,circle.png,triangle.png,[0, 0, 255],[255, 0, 0],135,0,1,3,2,0,nochange_col,z,1,testing
16,csb,f,20,noindex,True,643835,644517,/,diamond.png,circle.png,rect.png,triangle.png,[255, 0, 0],[0, 0, 255],0,135,3,1,2,0,change_col,/,1,testing
16,csb,f,20,noindex,True,649194,650613,z,circle.png,diamond.png,rect.png,triangle.png,[0, 0, 255],[255, 255, 0],90,45,0,3,2,1,nochange_col,z,1,testing
16,csb,f,20,noindex,True,655322,655958,z,triangle.png,circle.png,rect.png,diamond.png,[0, 0, 255],[255, 0, 0],0,90,3,1,2,0,nochange_col,z,3,testing
16,csb,f,20,noindex,True,660598,661525,z,diamond.png,circle.png,rect.png,triangle.png,[255, 255, 0],[255, 0, 0],135,90,0,2,3,1,nochange_col,z,1,testing
16,csb,f,20,noindex,True,666142,668966,z,triangle.png,rect.png,circle.png,diamond.png,[255, 255, 0],[255, 0, 0],135,90,1,0,2,3,change_ori,/,2,testing
16,csb,f,20,noindex,True,673555,674214,/,triangle.png,diamond.png,rect.png,circle.png,[0, 0, 255],[255, 0, 0],90,135,2,0,3,1,change_col,/,3,testing
16,csb,f,20,noindex,True,678848,681094,/,triangle.png,rect.png,circle.png,diamond.png,[0, 255, 0],[0, 0, 255],135,0,2,0,1,3,change_ori,/,2,testing
16,csb,f,20,noindex,True,685844,686437,z,circle.png,triangle.png,diamond.png,rect.png,[0, 255, 0],[255, 255, 0],90,0,2,0,3,1,nochange_col,z,1,testing
16,csb,f,20,noindex,True,691188,692389,/,triangle.png,rect.png,circle.png,diamond.png,[0, 0, 255],[255, 255, 0],135,90,2,3,1,0,change_col,/,1,testing
16,csb,f,20,noindex,True,697149,698772,z,diamond.png,circle.png,rect.png,triangle.png,[0, 0, 255],[255, 0, 0],90,0,0,3,1,2,nochange_ori,z,0,testing
16,csb,f,20,noindex,True,703393,705077,z,rect.png,triangle.png,circle.png,diamond.png,[255, 0, 0],[0, 0, 255],90,135,3,0,1,2,nochange_ori,z,0,testing
16,csb,f,20,noindex,True,709721,711413,z,diamond.png,triangle.png,rect.png,circle.png,[255, 255, 0],[0, 255, 0],45,0,3,0,1,2,nochange_ori,z,0,testing
16,csb,f,20,noindex,True,716167,716725,/,diamond.png,circle.png,triangle.png,rect.png,[255, 255, 0],[255, 0, 0],135,45,3,0,1,2,change_col,/,1,testing
16,csb,f,20,noindex,True,721443,722581,z,triangle.png,rect.png,circle.png,diamond.png,[0, 0, 255],[255, 0, 0],135,90,2,0,3,1,nochange_ori,z,0,testing
16,csb,f,20,noindex,True,727288,727989,/,triangle.png,diamond.png,circle.png,rect.png,[0, 255, 0],[255, 0, 0],135,90,2,0,3,1,change_col,/,1,testing
16,csb,f,20,noindex,True,732680,733717,z,diamond.png,circle.png,rect.png,triangle.png,[0, 255, 0],[0, 0, 255],45,0,3,1,0,2,nochange_ori,z,0,testing
16,csb,f,20,noindex,True,738425,739669,/,diamond.png,triangle.png,circle.png,rect.png,[0, 255, 0],[255, 0, 0],0,90,1,2,3,0,change_ori,/,0,testing
16,csb,f,20,noindex,True,744235,746660,/,triangle.png,rect.png,diamond.png,circle.png,[0, 0, 255],[0, 255, 0],0,45,0,1,3,2,change_ori,/,0,testing
16,csb,f,20,noindex,True,751348,752180,/,diamond.png,triangle.png,circle.png,rect.png,[255, 0, 0],[255, 255, 0],90,135,3,0,1,2,change_col,/,1,testing
16,csb,f,20,noindex,True,756825,758260,/,triangle.png,diamond.png,rect.png,circle.png,[255, 255, 0],[0, 0, 255],45,0,1,3,0,2,change_ori,/,0,testing
16,csb,f,20,noindex,True,762869,763781,z,triangle.png,rect.png,circle.png,diamond.png,[0, 0, 255],[255, 255, 0],90,0,0,2,1,3,nochange_ori,z,2,testing
16,csb,f,20,noindex,True,768497,769188,z,rect.png,circle.png,diamond.png,triangle.png,[0, 0, 255],[255, 0, 0],90,45,3,1,0,2,nochange_col,z,3,testing
16,csb,f,20,noindex,True,773823,774484,/,circle.png,triangle.png,diamond.png,rect.png,[255, 0, 0],[0, 0, 255],45,135,2,3,1,0,change_col,/,1,testing
16,csb,f,20,noindex,True,779166,779860,/,circle.png,rect.png,triangle.png,diamond.png,[0, 255, 0],[0, 0, 255],45,90,3,0,1,2,nochange_col,z,1,testing
16,csb,f,20,noindex,True,784493,785188,/,diamond.png,rect.png,triangle.png,circle.png,[0, 0, 255],[255, 255, 0],0,135,3,0,2,1,change_ori,/,2,testing
16,csb,f,20,noindex,True,789935,790772,z,triangle.png,circle.png,diamond.png,rect.png,[255, 0, 0],[255, 255, 0],45,0,3,2,0,1,nochange_col,z,1,testing
16,csb,f,20,noindex,True,795446,796196,z,diamond.png,circle.png,triangle.png,rect.png,[0, 0, 255],[255, 0, 0],45,90,3,1,2,0,nochange_ori,z,0,testing
16,csb,f,20,noindex,True,800772,802324,/,diamond.png,rect.png,triangle.png,circle.png,[255, 255, 0],[255, 0, 0],90,45,0,2,3,1,change_ori,/,0,testing
16,csb,f,20,noindex,True,807017,808900,/,rect.png,diamond.png,circle.png,triangle.png,[255, 0, 0],[0, 0, 255],135,90,2,0,1,3,change_ori,/,2,testing
16,csb,f,20,noindex,True,813496,814532,z,rect.png,circle.png,triangle.png,diamond.png,[255, 255, 0],[0, 255, 0],135,45,2,3,0,1,nochange_ori,z,2,testing
16,csb,f,20,noindex,True,819239,819988,/,rect.png,triangle.png,diamond.png,circle.png,[255, 255, 0],[0, 0, 255],135,45,0,2,1,3,change_col,/,1,testing
16,csb,f,20,noindex,True,824717,825764,/,diamond.png,triangle.png,circle.png,rect.png,[255, 0, 0],[0, 255, 0],90,135,0,3,1,2,change_col,/,1,testing
16,csb,f,20,noindex,True,830327,831956,z,circle.png,triangle.png,diamond.png,rect.png,[255, 0, 0],[0, 0, 255],0,135,0,3,2,1,nochange_ori,z,0,testing
16,csb,f,20,noindex,True,836655,838005,/,diamond.png,rect.png,circle.png,triangle.png,[0, 255, 0],[255, 0, 0],45,135,3,2,1,0,change_col,/,1,testing
16,csb,f,20,noindex,True,842682,843524,z,diamond.png,circle.png,triangle.png,rect.png,[255, 255, 0],[0, 0, 255],135,45,1,3,2,0,nochange_ori,z,0,testing
16,csb,f,20,noindex,True,848142,849620,/,diamond.png,rect.png,circle.png,triangle.png,[255, 0, 0],[0, 255, 0],45,90,3,1,0,2,change_ori,/,0,testing
16,csb,f,20,noindex,True,854254,855092,z,diamond.png,rect.png,triangle.png,circle.png,[0, 255, 0],[255, 255, 0],135,90,1,2,3,0,nochange_ori,z,2,testing
16,csb,f,20,noindex,True,859730,860612,z,diamond.png,triangle.png,rect.png,circle.png,[0, 0, 255],[255, 255, 0],135,90,3,2,1,0,nochange_col,z,3,testing
16,csb,f,20,noindex,True,865224,865956,z,circle.png,diamond.png,triangle.png,rect.png,[0, 255, 0],[0, 0, 255],135,45,0,1,2,3,nochange_col,z,3,testing
16,csb,f,20,noindex,True,870718,874404,/,circle.png,rect.png,diamond.png,triangle.png,[255, 255, 0],[0, 0, 255],0,135,2,1,3,0,change_ori,/,0,testing
16,csb,f,20,noindex,True,879016,879748,/,circle.png,diamond.png,triangle.png,rect.png,[0, 0, 255],[255, 255, 0],45,0,3,0,1,2,change_col,/,3,testing
16,csb,f,20,noindex,True,884493,885668,z,circle.png,diamond.png,rect.png,triangle.png,[0, 0, 255],[255, 0, 0],135,45,2,1,3,0,nochange_ori,z,2,testing
16,csb,f,20,noindex,True,890370,892196,z,rect.png,diamond.png,circle.png,triangle.png,[0, 0, 255],[255, 0, 0],45,0,1,2,3,0,nochange_col,z,1,testing
16,csb,f,20,noindex,True,896949,897460,z,rect.png,diamond.png,circle.png,triangle.png,[255, 255, 0],[0, 0, 255],90,135,0,3,2,1,nochange_col,z,3,testing
16,csb,f,20,noindex,True,902141,902691,z,circle.png,triangle.png,rect.png,diamond.png,[0, 0, 255],[255, 255, 0],90,45,2,0,3,1,nochange_ori,z,0,testing
16,csb,f,20,noindex,True,907318,909300,/,circle.png,diamond.png,triangle.png,rect.png,[0, 255, 0],[255, 255, 0],0,45,2,1,0,3,change_ori,/,2,testing
16,csb,f,20,noindex,True,914047,914836,z,rect.png,triangle.png,diamond.png,circle.png,[255, 0, 0],[0, 255, 0],45,0,1,2,3,0,nochange_col,z,3,testing
16,csb,f,20,noindex,True,919440,921363,/,rect.png,diamond.png,circle.png,triangle.png,[255, 255, 0],[0, 0, 255],45,90,0,3,2,1,change_ori,/,2,testing
16,csb,f,20,noindex,True,926102,926819,z,triangle.png,diamond.png,circle.png,rect.png,[255, 0, 0],[255, 255, 0],0,90,3,2,1,0,nochange_col,z,3,testing
16,csb,f,20,noindex,True,931462,932163,/,triangle.png,circle.png,rect.png,diamond.png,[0, 255, 0],[255, 255, 0],45,90,2,1,3,0,change_col,/,3,testing
16,csb,f,20,noindex,True,936805,937460,/,circle.png,rect.png,triangle.png,diamond.png,[255, 255, 0],[0, 0, 255],135,45,3,0,1,2,change_ori,/,0,testing
16,csb,f,20,noindex,True,942065,942884,/,diamond.png,circle.png,rect.png,triangle.png,[255, 255, 0],[0, 0, 255],135,45,1,2,3,0,change_ori,/,0,testing
16,csb,f,20,noindex,True,947558,948292,/,circle.png,diamond.png,triangle.png,rect.png,[0, 255, 0],[0, 0, 255],45,90,1,2,3,0,change_ori,/,0,testing
16,csb,f,20,noindex,True,952985,953635,/,triangle.png,diamond.png,circle.png,rect.png,[0, 255, 0],[0, 0, 255],0,90,2,1,0,3,change_ori,/,2,testing
16,csb,f,20,noindex,True,958211,959427,/,triangle.png,diamond.png,rect.png,circle.png,[255, 255, 0],[255, 0, 0],135,90,3,2,1,0,change_col,/,3,testing
16,csb,f,20,noindex,True,964138,964899,/,triangle.png,diamond.png,rect.png,circle.png,[255, 0, 0],[0, 255, 0],0,90,1,2,0,3,change_col,/,3,testing
16,csb,f,20,noindex,True,969482,971155,/,circle.png,rect.png,triangle.png,diamond.png,[0, 255, 0],[0, 0, 255],90,135,2,3,0,1,change_ori,/,0,testing
16,csb,f,20,noindex,True,975860,977027,z,triangle.png,circle.png,rect.png,diamond.png,[255, 0, 0],[0, 255, 0],135,45,0,1,3,2,nochange_ori,z,2,testing
16,csb,f,20,noindex,True,981654,982227,/,rect.png,triangle.png,diamond.png,circle.png,[255, 255, 0],[0, 255, 0],45,135,2,3,0,1,change_col,/,3,testing
16,csb,f,20,noindex,True,986947,987731,/,diamond.png,triangle.png,rect.png,circle.png,[255, 255, 0],[255, 0, 0],135,90,1,3,0,2,change_col,/,1,testing
16,csb,f,20,noindex,True,992341,993315,z,rect.png,diamond.png,triangle.png,circle.png,[255, 0, 0],[0, 255, 0],90,45,2,1,0,3,nochange_ori,z,2,testing
16,csb,f,20,noindex,True,998051,998739,z,rect.png,circle.png,diamond.png,triangle.png,[255, 255, 0],[255, 0, 0],90,45,3,2,1,0,nochange_col,z,1,testing
16,csb,f,20,noindex,True,1003427,1004291,/,diamond.png,circle.png,rect.png,triangle.png,[0, 255, 0],[0, 0, 255],45,135,1,2,3,0,change_ori,/,2,testing
16,csb,f,20,noindex,True,1008887,1009507,/,rect.png,circle.png,triangle.png,diamond.png,[255, 0, 0],[255, 255, 0],135,90,1,3,2,0,change_col,/,1,testing
16,csb,f,20,noindex,True,1014080,1014978,/,triangle.png,diamond.png,rect.png,circle.png,[255, 255, 0],[255, 0, 0],135,90,1,2,0,3,change_col,/,1,testing
16,csb,f,20,noindex,True,1019624,1020915,/,diamond.png,circle.png,rect.png,triangle.png,[255, 255, 0],[0, 0, 255],90,45,0,2,1,3,change_ori,/,0,testing
16,csb,f,20,noindex,True,1025535,1026627,z,triangle.png,circle.png,diamond.png,rect.png,[0, 0, 255],[255, 0, 0],45,90,0,2,3,1,nochange_ori,z,2,testing
16,csb,f,20,noindex,True,1031312,1032227,z,circle.png,diamond.png,triangle.png,rect.png,[0, 255, 0],[0, 0, 255],90,45,0,1,2,3,nochange_col,z,3,testing
16,csb,f,20,noindex,True,1036873,1037507,z,circle.png,rect.png,triangle.png,diamond.png,[0, 255, 0],[255, 0, 0],90,0,1,0,2,3,nochange_col,z,3,testing
16,csb,f,20,noindex,True,1042098,1042963,z,rect.png,circle.png,diamond.png,triangle.png,[0, 0, 255],[255, 0, 0],45,90,2,1,3,0,nochange_ori,z,2,testing
16,csb,f,20,noindex,True,1047558,1048274,z,circle.png,rect.png,diamond.png,triangle.png,[0, 0, 255],[255, 255, 0],90,0,1,0,3,2,nochange_col,z,3,testing
16,csb,f,20,noindex,True,1052885,1053507,z,rect.png,triangle.png,circle.png,diamond.png,[255, 255, 0],[0, 255, 0],0,45,3,0,2,1,nochange_ori,z,2,testing
16,csb,f,20,noindex,True,1058078,1060131,/,triangle.png,rect.png,circle.png,diamond.png,[255, 0, 0],[255, 255, 0],0,90,0,2,3,1,change_ori,/,2,testing
16,csb,f,20,noindex,True,1064773,1065539,z,circle.png,diamond.png,rect.png,triangle.png,[0, 255, 0],[255, 255, 0],0,45,0,2,3,1,nochange_ori,z,2,testing
16,csb,f,20,noindex,True,1070283,1070867,z,triangle.png,diamond.png,circle.png,rect.png,[255, 0, 0],[255, 255, 0],45,135,2,3,0,1,nochange_col,z,3,testing
16,csb,f,20,noindex,True,1075476,1077346,z,triangle.png,rect.png,diamond.png,circle.png,[255, 0, 0],[0, 255, 0],0,90,1,0,2,3,nochange_ori,z,2,testing
16,csb,f,20,noindex,True,1081988,1083570,z,rect.png,circle.png,diamond.png,triangle.png,[255, 255, 0],[255, 0, 0],45,135,3,2,0,1,nochange_col,z,1,testing
16,csb,f,20,noindex,True,1088316,1089043,/,diamond.png,circle.png,rect.png,triangle.png,[255, 255, 0],[0, 255, 0],0,45,1,0,2,3,change_col,/,3,testing
16,csb,f,20,noindex,True,1093794,1094434,/,rect.png,circle.png,triangle.png,diamond.png,[0, 0, 255],[0, 255, 0],90,45,2,3,1,0,change_col,/,3,testing
