subj,name,gender,age,cond,P_resp,P_startTime,P_respTime,P_gotKey,shape1,shape2,shape3,shape4,color1,color2,color3,color4ori1,ori2,ori3,ori4ord_1,ord_2,ord_3,ord_4,task,correct_key,no_change,mode
16,c,f,20,index,True,180590,181707,/,triangle.png,diamond.png,triangle.png,diamond.png,[255, 255, 0],[255, 0, 0],45,135,2,1,3,0,change_col,/,3,practice
16,c,f,20,index,True,186400,187403,z,circle.png,rect.png,circle.png,rect.png,[0, 255, 0],[255, 255, 0],45,90,1,2,3,0,nochange_col,z,3,practice
16,c,f,20,index,True,192161,194123,z,diamond.png,circle.png,diamond.png,circle.png,[0, 0, 255],[255, 0, 0],0,45,0,3,1,2,change_col,/,3,practice
16,c,f,20,index,True,198740,201083,/,rect.png,circle.png,rect.png,circle.png,[255, 255, 0],[0, 255, 0],90,45,2,3,1,0,nochange_col,z,1,practice
16,c,f,20,index,True,205703,206827,z,rect.png,diamond.png,rect.png,diamond.png,[255, 255, 0],[255, 0, 0],45,135,2,3,0,1,nochange_ori,z,2,practice
16,c,f,20,index,True,211580,212635,z,circle.png,diamond.png,circle.png,diamond.png,[0, 255, 0],[255, 255, 0],0,90,0,1,2,3,nochange_ori,z,2,practice
16,c,f,20,index,True,217240,218123,/,triangle.png,circle.png,triangle.png,circle.png,[255, 0, 0],[255, 255, 0],90,45,0,3,1,2,change_ori,/,2,practice
16,c,f,20,index,True,222700,224314,/,circle.png,diamond.png,circle.png,diamond.png,[0, 0, 255],[255, 0, 0],0,135,2,1,0,3,change_ori,/,0,practice
16,c,f,20,index,True,228912,229899,z,triangle.png,circle.png,triangle.png,circle.png,[0, 255, 0],[255, 0, 0],45,90,0,1,2,3,nochange_ori,z,0,practice
16,c,f,20,index,True,234572,235579,/,triangle.png,rect.png,triangle.png,rect.png,[0, 0, 255],[255, 255, 0],0,45,1,3,0,2,change_ori,/,0,practice
16,c,f,20,index,True,240166,241114,/,diamond.png,rect.png,diamond.png,rect.png,[0, 0, 255],[0, 255, 0],45,135,0,1,3,2,change_col,/,3,practice
16,c,f,20,index,True,245692,246682,/,rect.png,circle.png,rect.png,circle.png,[255, 255, 0],[0, 255, 0],135,0,0,3,1,2,change_col,/,1,practice
16,c,f,20,index,True,251252,252106,z,rect.png,diamond.png,rect.png,diamond.png,[255, 0, 0],[0, 255, 0],0,45,0,2,1,3,nochange_ori,z,0,practice
16,c,f,20,index,True,256780,257690,z,diamond.png,circle.png,diamond.png,circle.png,[255, 0, 0],[255, 255, 0],135,0,1,2,0,3,change_ori,/,2,practice
16,c,f,20,index,True,262257,263003,z,rect.png,diamond.png,rect.png,diamond.png,[255, 0, 0],[0, 0, 255],0,45,0,1,2,3,nochange_ori,z,2,practice
16,c,f,20,index,True,267750,268347,z,diamond.png,circle.png,diamond.png,circle.png,[255, 0, 0],[0, 0, 255],45,0,1,3,2,0,nochange_col,z,3,practice
16,c,f,20,index,True,272926,273627,/,circle.png,triangle.png,circle.png,triangle.png,[0, 255, 0],[0, 0, 255],0,135,0,1,3,2,change_ori,/,0,practice
16,c,f,20,index,True,278286,279083,/,triangle.png,diamond.png,triangle.png,diamond.png,[0, 255, 0],[0, 0, 255],90,45,2,0,3,1,nochange_col,z,1,practice
16,c,f,20,index,True,283696,284490,/,circle.png,rect.png,circle.png,rect.png,[255, 0, 0],[255, 255, 0],90,135,2,0,1,3,change_col,/,1,practice
16,c,f,20,index,True,289056,290394,z,circle.png,rect.png,circle.png,rect.png,[0, 255, 0],[0, 0, 255],90,0,0,1,3,2,nochange_col,z,1,practice
16,c,f,20,index,True,323184,323914,z,rect.png,diamond.png,rect.png,diamond.png,[255, 255, 0],[255, 0, 0],135,90,2,1,0,3,change_ori,/,0,testing
16,c,f,20,index,True,328662,329370,/,diamond.png,circle.png,diamond.png,circle.png,[255, 0, 0],[255, 255, 0],45,0,0,3,2,1,change_col,/,3,testing
16,c,f,20,index,True,333988,334618,/,diamond.png,rect.png,diamond.png,rect.png,[255, 0, 0],[0, 255, 0],45,0,1,2,3,0,nochange_col,z,1,testing
16,c,f,20,index,True,339348,340042,/,circle.png,diamond.png,circle.png,diamond.png,[0, 255, 0],[255, 0, 0],135,0,0,3,2,1,change_col,/,3,testing
16,c,f,20,index,True,344641,345738,z,circle.png,triangle.png,circle.png,triangle.png,[255, 255, 0],[255, 0, 0],45,90,2,1,3,0,nochange_ori,z,2,testing
16,c,f,20,index,True,350335,351578,/,triangle.png,rect.png,triangle.png,rect.png,[0, 0, 255],[0, 255, 0],45,0,3,0,2,1,change_ori,/,0,testing
16,c,f,20,index,True,356263,357099,/,rect.png,diamond.png,rect.png,diamond.png,[0, 0, 255],[255, 0, 0],0,45,1,2,3,0,change_col,/,3,testing
16,c,f,20,index,True,361806,362650,z,rect.png,circle.png,rect.png,circle.png,[255, 255, 0],[0, 0, 255],135,45,0,1,2,3,nochange_ori,z,2,testing
16,c,f,20,index,True,367366,368122,z,rect.png,diamond.png,rect.png,diamond.png,[255, 0, 0],[255, 255, 0],0,45,3,1,2,0,nochange_ori,z,0,testing
16,c,f,20,index,True,372743,374298,/,rect.png,diamond.png,rect.png,diamond.png,[255, 255, 0],[255, 0, 0],45,135,2,0,3,1,change_ori,/,2,testing
16,c,f,20,index,True,378921,379722,/,circle.png,triangle.png,circle.png,triangle.png,[0, 255, 0],[0, 0, 255],90,135,2,1,0,3,change_col,/,1,testing
16,c,f,20,index,True,384414,385306,/,triangle.png,circle.png,triangle.png,circle.png,[255, 0, 0],[255, 255, 0],45,135,1,3,2,0,change_col,/,1,testing
16,c,f,20,index,True,389940,390586,/,triangle.png,rect.png,triangle.png,rect.png,[255, 255, 0],[0, 255, 0],0,90,3,1,0,2,change_ori,/,0,testing
16,c,f,20,index,True,395183,396825,/,triangle.png,rect.png,triangle.png,rect.png,[255, 0, 0],[0, 255, 0],90,135,0,2,1,3,nochange_ori,z,2,testing
16,c,f,20,index,True,401462,404185,/,diamond.png,triangle.png,diamond.png,triangle.png,[0, 0, 255],[0, 255, 0],45,90,3,0,1,2,nochange_ori,z,0,testing
16,c,f,20,index,True,408859,409882,z,triangle.png,diamond.png,triangle.png,diamond.png,[0, 255, 0],[255, 255, 0],135,0,3,0,2,1,nochange_col,z,1,testing
16,c,f,20,index,True,414553,415593,/,rect.png,circle.png,rect.png,circle.png,[0, 0, 255],[0, 255, 0],135,90,3,2,1,0,nochange_ori,z,2,testing
16,c,f,20,index,True,420196,421433,/,diamond.png,triangle.png,diamond.png,triangle.png,[0, 255, 0],[0, 0, 255],0,45,2,3,0,1,change_ori,/,0,testing
16,c,f,20,index,True,426040,427546,/,diamond.png,triangle.png,diamond.png,triangle.png,[255, 0, 0],[0, 0, 255],90,45,3,0,1,2,nochange_ori,z,0,testing
16,c,f,20,index,True,432118,432809,z,circle.png,rect.png,circle.png,rect.png,[0, 255, 0],[0, 0, 255],90,0,2,1,0,3,nochange_col,z,1,testing
16,c,f,20,index,True,437512,438649,/,rect.png,diamond.png,rect.png,diamond.png,[0, 0, 255],[255, 0, 0],0,90,1,2,3,0,nochange_col,z,1,testing
16,c,f,20,index,True,443389,444361,z,circle.png,triangle.png,circle.png,triangle.png,[255, 0, 0],[0, 0, 255],135,45,1,0,2,3,nochange_col,z,3,testing
16,c,f,20,index,True,448932,450042,/,rect.png,triangle.png,rect.png,triangle.png,[0, 255, 0],[255, 0, 0],0,90,1,3,0,2,change_col,/,3,testing
16,c,f,20,index,True,454660,455321,z,diamond.png,rect.png,diamond.png,rect.png,[255, 255, 0],[0, 0, 255],90,45,1,3,0,2,nochange_col,z,3,testing
16,c,f,20,index,True,460003,461130,/,rect.png,triangle.png,rect.png,triangle.png,[0, 0, 255],[255, 0, 0],0,45,1,3,0,2,change_ori,/,2,testing
16,c,f,20,index,True,465713,467210,/,rect.png,diamond.png,rect.png,diamond.png,[255, 255, 0],[0, 255, 0],135,90,2,1,3,0,nochange_ori,z,0,testing
16,c,f,20,index,True,471908,474121,/,triangle.png,rect.png,triangle.png,rect.png,[255, 0, 0],[0, 255, 0],135,0,0,3,2,1,change_col,/,1,testing
16,c,f,20,index,True,478804,479722,z,diamond.png,triangle.png,diamond.png,triangle.png,[255, 255, 0],[0, 255, 0],135,0,1,0,2,3,change_col,/,1,testing
16,c,f,20,index,True,484381,485289,/,triangle.png,circle.png,triangle.png,circle.png,[0, 255, 0],[0, 0, 255],0,90,1,0,2,3,change_ori,/,0,testing
16,c,f,20,index,True,490024,491353,z,triangle.png,circle.png,triangle.png,circle.png,[255, 255, 0],[0, 0, 255],45,90,1,2,0,3,nochange_ori,z,2,testing
16,c,f,20,index,True,496053,497033,z,triangle.png,diamond.png,triangle.png,diamond.png,[255, 0, 0],[0, 255, 0],90,0,0,3,2,1,nochange_ori,z,0,testing
16,c,f,20,index,True,501629,502249,z,diamond.png,triangle.png,diamond.png,triangle.png,[255, 0, 0],[255, 255, 0],135,0,1,3,0,2,nochange_ori,z,2,testing
16,c,f,20,index,True,506822,507609,/,diamond.png,circle.png,diamond.png,circle.png,[255, 0, 0],[0, 255, 0],135,90,3,2,0,1,nochange_col,z,3,testing
16,c,f,20,index,True,512198,512953,z,rect.png,diamond.png,rect.png,diamond.png,[255, 255, 0],[255, 0, 0],0,45,2,0,3,1,nochange_ori,z,0,testing
16,c,f,20,index,True,517709,519064,z,triangle.png,diamond.png,triangle.png,diamond.png,[255, 0, 0],[0, 255, 0],135,0,3,0,1,2,nochange_ori,z,0,testing
16,c,f,20,index,True,523769,525337,z,diamond.png,circle.png,diamond.png,circle.png,[255, 0, 0],[0, 255, 0],90,0,0,3,1,2,nochange_col,z,1,testing
16,c,f,20,index,True,530099,530921,z,diamond.png,triangle.png,diamond.png,triangle.png,[0, 0, 255],[255, 0, 0],90,135,2,3,0,1,nochange_ori,z,0,testing
16,c,f,20,index,True,535625,537033,/,circle.png,diamond.png,circle.png,diamond.png,[255, 255, 0],[0, 0, 255],45,90,0,2,3,1,change_col,/,3,testing
16,c,f,20,index,True,541736,542745,/,circle.png,rect.png,circle.png,rect.png,[0, 0, 255],[255, 0, 0],90,0,1,0,3,2,change_col,/,1,testing
16,c,f,20,index,True,547431,548409,/,diamond.png,circle.png,diamond.png,circle.png,[255, 0, 0],[0, 0, 255],45,135,1,3,2,0,change_col,/,1,testing
16,c,f,20,index,True,553073,553961,/,diamond.png,circle.png,diamond.png,circle.png,[0, 255, 0],[255, 0, 0],0,45,1,2,3,0,change_ori,/,0,testing
16,c,f,20,index,True,558567,559208,z,rect.png,diamond.png,rect.png,diamond.png,[255, 0, 0],[255, 255, 0],90,45,2,0,3,1,nochange_col,z,1,testing
16,c,f,20,index,True,563793,564409,/,rect.png,circle.png,rect.png,circle.png,[0, 0, 255],[255, 0, 0],0,90,2,1,3,0,change_ori,/,0,testing
16,c,f,20,index,True,569019,569513,z,diamond.png,triangle.png,diamond.png,triangle.png,[255, 255, 0],[0, 0, 255],45,90,1,3,0,2,nochange_col,z,1,testing
16,c,f,20,index,True,574263,575049,/,diamond.png,circle.png,diamond.png,circle.png,[0, 255, 0],[255, 255, 0],0,90,1,2,0,3,change_col,/,3,testing
16,c,f,20,index,True,579639,581560,z,diamond.png,circle.png,diamond.png,circle.png,[255, 255, 0],[0, 0, 255],135,90,2,0,1,3,change_ori,/,0,testing
16,c,f,20,index,True,586284,588152,z,rect.png,diamond.png,rect.png,diamond.png,[0, 0, 255],[255, 255, 0],90,135,3,0,2,1,change_ori,/,2,testing
16,c,f,20,index,True,592797,593560,/,rect.png,diamond.png,rect.png,diamond.png,[0, 0, 255],[0, 255, 0],90,0,0,3,2,1,change_col,/,3,testing
16,c,f,20,index,True,598206,598889,/,rect.png,triangle.png,rect.png,triangle.png,[0, 0, 255],[0, 255, 0],0,45,0,2,3,1,change_col,/,3,testing
16,c,f,20,index,True,603650,604473,/,rect.png,diamond.png,rect.png,diamond.png,[0, 255, 0],[255, 0, 0],45,90,2,3,1,0,change_ori,/,0,testing
16,c,f,20,index,True,609177,609849,z,diamond.png,rect.png,diamond.png,rect.png,[0, 0, 255],[255, 255, 0],90,0,1,2,3,0,nochange_col,z,1,testing
16,c,f,20,index,True,614603,615976,z,circle.png,diamond.png,circle.png,diamond.png,[0, 255, 0],[255, 255, 0],0,90,3,0,2,1,change_col,/,1,testing
16,c,f,20,index,True,620698,621961,z,triangle.png,diamond.png,triangle.png,diamond.png,[255, 255, 0],[255, 0, 0],45,0,0,1,2,3,nochange_ori,z,0,testing
16,c,f,20,index,True,626641,627896,z,triangle.png,diamond.png,triangle.png,diamond.png,[0, 0, 255],[255, 0, 0],0,45,1,0,3,2,nochange_col,z,1,testing
16,c,f,20,index,True,632602,635049,/,rect.png,circle.png,rect.png,circle.png,[0, 255, 0],[255, 0, 0],45,90,0,2,3,1,nochange_ori,z,0,testing
16,c,f,20,index,True,639649,640184,z,triangle.png,rect.png,triangle.png,rect.png,[255, 0, 0],[0, 255, 0],90,135,3,2,0,1,nochange_col,z,3,testing
16,c,f,20,index,True,644775,645720,z,triangle.png,rect.png,triangle.png,rect.png,[255, 255, 0],[0, 255, 0],45,90,1,2,0,3,nochange_col,z,3,testing
16,c,f,20,index,True,650452,651144,z,circle.png,triangle.png,circle.png,triangle.png,[0, 255, 0],[255, 255, 0],45,135,1,3,0,2,nochange_col,z,1,testing
16,c,f,20,index,True,655778,656633,/,triangle.png,rect.png,triangle.png,rect.png,[255, 255, 0],[0, 0, 255],0,90,3,0,1,2,change_col,/,3,testing
16,c,f,20,index,True,661339,663080,/,diamond.png,circle.png,diamond.png,circle.png,[255, 255, 0],[0, 255, 0],90,135,0,1,2,3,change_ori,/,2,testing
16,c,f,20,index,True,667751,668488,/,diamond.png,circle.png,diamond.png,circle.png,[0, 255, 0],[0, 0, 255],45,135,0,3,2,1,change_ori,/,0,testing
16,c,f,20,index,True,673244,674808,/,diamond.png,circle.png,diamond.png,circle.png,[0, 0, 255],[255, 255, 0],135,0,2,3,1,0,change_ori,/,0,testing
16,c,f,20,index,True,679456,682057,/,triangle.png,circle.png,triangle.png,circle.png,[255, 0, 0],[255, 255, 0],45,90,0,1,2,3,change_col,/,3,testing
16,c,f,20,index,True,686803,687912,/,rect.png,diamond.png,rect.png,diamond.png,[255, 0, 0],[255, 255, 0],90,0,2,0,1,3,change_ori,/,2,testing
16,c,f,20,index,True,692646,694008,z,triangle.png,rect.png,triangle.png,rect.png,[0, 255, 0],[255, 255, 0],45,135,0,2,3,1,nochange_col,z,1,testing
16,c,f,20,index,True,698691,699416,/,triangle.png,rect.png,triangle.png,rect.png,[0, 255, 0],[255, 255, 0],90,135,0,3,1,2,change_col,/,1,testing
16,c,f,20,index,True,704017,704920,/,triangle.png,rect.png,triangle.png,rect.png,[255, 255, 0],[255, 0, 0],90,135,2,3,1,0,change_col,/,1,testing
16,c,f,20,index,True,709544,711256,z,triangle.png,rect.png,triangle.png,rect.png,[0, 0, 255],[255, 0, 0],90,135,2,0,3,1,nochange_col,z,1,testing
16,c,f,20,index,True,715872,716696,/,circle.png,diamond.png,circle.png,diamond.png,[255, 0, 0],[255, 255, 0],0,135,0,2,1,3,change_ori,/,0,testing
16,c,f,20,index,True,721366,722280,/,rect.png,diamond.png,rect.png,diamond.png,[0, 0, 255],[255, 0, 0],45,0,1,2,0,3,change_col,/,3,testing
16,c,f,20,index,True,726909,728391,/,rect.png,diamond.png,rect.png,diamond.png,[255, 255, 0],[255, 0, 0],90,135,1,0,3,2,nochange_col,z,1,testing
16,c,f,20,index,True,733070,733895,/,rect.png,circle.png,rect.png,circle.png,[255, 255, 0],[255, 0, 0],90,45,3,1,2,0,change_ori,/,0,testing
16,c,f,20,index,True,738564,739831,/,circle.png,triangle.png,circle.png,triangle.png,[0, 0, 255],[255, 255, 0],90,135,0,2,3,1,change_ori,/,2,testing
16,c,f,20,index,True,744509,745351,/,triangle.png,diamond.png,triangle.png,diamond.png,[255, 255, 0],[0, 0, 255],135,0,2,1,3,0,nochange_ori,z,0,testing
16,c,f,20,index,True,750002,752056,/,rect.png,circle.png,rect.png,circle.png,[0, 255, 0],[255, 0, 0],45,0,1,2,3,0,change_ori,/,0,testing
16,c,f,20,index,True,756765,757544,z,circle.png,triangle.png,circle.png,triangle.png,[255, 0, 0],[255, 255, 0],45,0,3,1,2,0,nochange_ori,z,0,testing
16,c,f,20,index,True,762157,763271,z,rect.png,diamond.png,rect.png,diamond.png,[255, 0, 0],[0, 255, 0],45,135,3,0,2,1,nochange_ori,z,2,testing
16,c,f,20,index,True,767968,768983,/,rect.png,triangle.png,rect.png,triangle.png,[255, 0, 0],[0, 0, 255],90,135,1,3,0,2,nochange_col,z,3,testing
16,c,f,20,index,True,773645,775031,z,diamond.png,rect.png,diamond.png,rect.png,[255, 255, 0],[0, 255, 0],90,0,1,0,3,2,nochange_ori,z,0,testing
16,c,f,20,index,True,779606,781975,z,triangle.png,rect.png,triangle.png,rect.png,[0, 0, 255],[255, 0, 0],135,0,1,2,0,3,nochange_col,z,1,testing
16,c,f,20,index,True,806789,807943,z,triangle.png,diamond.png,triangle.png,diamond.png,[0, 0, 255],[255, 255, 0],45,0,1,0,3,2,nochange_ori,z,0,testing
16,c,f,20,index,True,812634,813432,/,diamond.png,circle.png,diamond.png,circle.png,[255, 255, 0],[255, 0, 0],0,90,1,0,2,3,change_col,/,1,testing
16,c,f,20,index,True,818077,818646,z,circle.png,diamond.png,circle.png,diamond.png,[255, 255, 0],[0, 255, 0],0,135,0,1,2,3,nochange_col,z,1,testing
16,c,f,20,index,True,823236,823751,z,triangle.png,diamond.png,triangle.png,diamond.png,[0, 0, 255],[255, 0, 0],0,90,2,1,0,3,nochange_col,z,1,testing
16,c,f,20,index,True,828379,829271,z,rect.png,triangle.png,rect.png,triangle.png,[0, 255, 0],[0, 0, 255],90,135,0,2,1,3,nochange_ori,z,0,testing
16,c,f,20,index,True,833956,835415,z,triangle.png,rect.png,triangle.png,rect.png,[255, 0, 0],[255, 255, 0],45,90,3,1,0,2,nochange_ori,z,0,testing
16,c,f,20,index,True,840033,840967,/,rect.png,triangle.png,rect.png,triangle.png,[255, 255, 0],[255, 0, 0],90,45,2,0,1,3,change_ori,/,0,testing
16,c,f,20,index,True,845544,847735,z,rect.png,diamond.png,rect.png,diamond.png,[0, 255, 0],[0, 0, 255],0,135,3,0,1,2,change_ori,/,0,testing
16,c,f,20,index,True,852356,853031,z,diamond.png,rect.png,diamond.png,rect.png,[0, 255, 0],[255, 255, 0],90,0,0,3,1,2,nochange_col,z,3,testing
16,c,f,20,index,True,857666,858230,/,circle.png,rect.png,circle.png,rect.png,[0, 0, 255],[0, 255, 0],135,0,2,3,1,0,change_col,/,1,testing
16,c,f,20,index,True,862808,863511,z,triangle.png,circle.png,triangle.png,circle.png,[0, 255, 0],[255, 0, 0],0,45,1,0,2,3,nochange_col,z,3,testing
16,c,f,20,index,True,868252,870375,/,rect.png,circle.png,rect.png,circle.png,[0, 0, 255],[255, 255, 0],135,45,0,3,1,2,change_col,/,3,testing
16,c,f,20,index,True,875031,875943,/,diamond.png,circle.png,diamond.png,circle.png,[255, 255, 0],[255, 0, 0],135,45,3,0,2,1,change_ori,/,2,testing
16,c,f,20,index,True,880508,881431,/,circle.png,rect.png,circle.png,rect.png,[255, 0, 0],[0, 255, 0],45,0,0,1,2,3,change_col,/,3,testing
16,c,f,20,index,True,886184,887031,/,triangle.png,rect.png,triangle.png,rect.png,[0, 0, 255],[255, 255, 0],90,45,0,2,3,1,change_col,/,3,testing
16,c,f,20,index,True,891644,892646,/,circle.png,triangle.png,circle.png,triangle.png,[0, 0, 255],[255, 0, 0],0,90,2,3,1,0,change_ori,/,0,testing
16,c,f,20,index,True,897222,898246,/,triangle.png,circle.png,triangle.png,circle.png,[0, 0, 255],[0, 255, 0],135,0,3,0,1,2,change_col,/,1,testing
16,c,f,20,index,True,902932,903623,/,diamond.png,rect.png,diamond.png,rect.png,[0, 255, 0],[0, 0, 255],45,135,0,2,1,3,change_col,/,1,testing
16,c,f,20,index,True,908359,909238,/,diamond.png,circle.png,diamond.png,circle.png,[0, 255, 0],[0, 0, 255],135,90,0,2,1,3,change_col,/,1,testing
16,c,f,20,index,True,913953,914774,z,circle.png,diamond.png,circle.png,diamond.png,[255, 255, 0],[0, 255, 0],135,90,2,0,1,3,nochange_col,z,3,testing
16,c,f,20,index,True,919446,920102,z,rect.png,triangle.png,rect.png,triangle.png,[255, 0, 0],[255, 255, 0],90,135,3,0,2,1,nochange_col,z,3,testing
16,c,f,20,index,True,924806,925623,/,triangle.png,diamond.png,triangle.png,diamond.png,[0, 0, 255],[0, 255, 0],45,90,2,3,0,1,change_ori,/,2,testing
16,c,f,20,index,True,930266,931222,z,triangle.png,circle.png,triangle.png,circle.png,[0, 0, 255],[255, 255, 0],45,135,0,1,3,2,nochange_ori,z,0,testing
16,c,f,20,index,True,935976,937062,/,circle.png,rect.png,circle.png,rect.png,[255, 0, 0],[255, 255, 0],45,135,0,2,3,1,change_ori,/,0,testing
16,c,f,20,index,True,941653,942518,z,rect.png,diamond.png,rect.png,diamond.png,[0, 0, 255],[255, 0, 0],135,45,1,3,2,0,nochange_ori,z,2,testing
16,c,f,20,index,True,947280,948566,z,diamond.png,rect.png,diamond.png,rect.png,[255, 0, 0],[255, 255, 0],135,0,2,3,0,1,nochange_ori,z,0,testing
16,c,f,20,index,True,953241,953958,z,rect.png,diamond.png,rect.png,diamond.png,[255, 0, 0],[0, 255, 0],0,90,2,0,1,3,nochange_col,z,1,testing
16,c,f,20,index,True,958718,959542,z,rect.png,diamond.png,rect.png,diamond.png,[255, 255, 0],[255, 0, 0],90,0,0,2,1,3,nochange_ori,z,0,testing
16,c,f,20,index,True,964262,964967,/,rect.png,diamond.png,rect.png,diamond.png,[255, 255, 0],[0, 255, 0],0,45,2,0,3,1,change_col,/,3,testing
16,c,f,20,index,True,969605,970438,/,triangle.png,diamond.png,triangle.png,diamond.png,[255, 0, 0],[0, 0, 255],90,135,2,1,3,0,change_ori,/,0,testing
16,c,f,20,index,True,975115,975990,/,triangle.png,rect.png,triangle.png,rect.png,[255, 0, 0],[0, 255, 0],135,45,2,3,0,1,change_col,/,1,testing
16,c,f,20,index,True,980691,981750,z,diamond.png,rect.png,diamond.png,rect.png,[255, 255, 0],[255, 0, 0],45,90,3,1,0,2,nochange_ori,z,0,testing
16,c,f,20,index,True,986485,987174,/,rect.png,diamond.png,rect.png,diamond.png,[255, 0, 0],[0, 0, 255],90,135,1,0,3,2,change_ori,/,2,testing
16,c,f,20,index,True,991879,992550,z,diamond.png,triangle.png,diamond.png,triangle.png,[0, 0, 255],[255, 255, 0],135,90,0,1,2,3,nochange_col,z,3,testing
16,c,f,20,index,True,997256,997974,/,circle.png,rect.png,circle.png,rect.png,[255, 0, 0],[255, 255, 0],90,135,3,1,0,2,change_col,/,3,testing
16,c,f,20,index,True,1002749,1004934,/,triangle.png,circle.png,triangle.png,circle.png,[255, 255, 0],[0, 255, 0],135,90,0,1,2,3,change_ori,/,0,testing
16,c,f,20,index,True,1009679,1012630,/,rect.png,circle.png,rect.png,circle.png,[0, 255, 0],[0, 0, 255],0,90,0,3,2,1,change_ori,/,0,testing
16,c,f,20,index,True,1017275,1018278,/,triangle.png,rect.png,triangle.png,rect.png,[255, 0, 0],[0, 0, 255],0,45,1,2,0,3,change_col,/,3,testing
16,c,f,20,index,True,1023036,1024230,z,triangle.png,rect.png,triangle.png,rect.png,[255, 255, 0],[0, 255, 0],90,135,1,0,2,3,nochange_ori,z,0,testing
16,c,f,20,index,True,1028931,1029526,z,circle.png,triangle.png,circle.png,triangle.png,[255, 0, 0],[0, 0, 255],135,0,1,0,3,2,nochange_col,z,3,testing
16,c,f,20,index,True,1034257,1035541,/,rect.png,diamond.png,rect.png,diamond.png,[255, 0, 0],[0, 255, 0],90,45,0,1,3,2,change_ori,/,2,testing
16,c,f,20,index,True,1040234,1042949,/,rect.png,diamond.png,rect.png,diamond.png,[255, 0, 0],[0, 255, 0],0,45,2,0,3,1,change_ori,/,2,testing
16,c,f,20,index,True,1047581,1048806,/,rect.png,diamond.png,rect.png,diamond.png,[0, 255, 0],[0, 0, 255],90,135,2,0,1,3,change_col,/,1,testing
16,c,f,20,index,True,1053542,1054757,/,circle.png,diamond.png,circle.png,diamond.png,[255, 255, 0],[0, 255, 0],90,135,3,1,0,2,change_ori,/,0,testing
16,c,f,20,index,True,1059453,1060374,z,rect.png,circle.png,rect.png,circle.png,[0, 255, 0],[255, 255, 0],0,135,1,3,0,2,nochange_col,z,1,testing
16,c,f,20,index,True,1065097,1065958,/,triangle.png,rect.png,triangle.png,rect.png,[0, 0, 255],[255, 255, 0],0,135,2,1,0,3,change_col,/,1,testing
16,c,f,20,index,True,1070641,1071253,z,triangle.png,diamond.png,triangle.png,diamond.png,[0, 255, 0],[0, 0, 255],135,45,1,2,0,3,nochange_col,z,1,testing
16,c,f,20,index,True,1075967,1077157,z,diamond.png,triangle.png,diamond.png,triangle.png,[0, 255, 0],[0, 0, 255],135,0,2,1,0,3,nochange_ori,z,0,testing
16,c,f,20,index,True,1081794,1082501,/,diamond.png,triangle.png,diamond.png,triangle.png,[0, 255, 0],[255, 255, 0],90,0,0,3,1,2,change_ori,/,0,testing
16,c,f,20,index,True,1087254,1088006,/,rect.png,diamond.png,rect.png,diamond.png,[0, 255, 0],[0, 0, 255],45,135,3,2,1,0,change_ori,/,0,testing
16,c,f,20,index,True,1092647,1094053,z,triangle.png,rect.png,triangle.png,rect.png,[255, 255, 0],[0, 0, 255],0,90,3,1,2,0,nochange_col,z,3,testing
16,c,f,20,index,True,1098625,1099269,z,triangle.png,rect.png,triangle.png,rect.png,[255, 0, 0],[0, 255, 0],135,0,3,2,1,0,nochange_col,z,1,testing
16,c,f,20,index,True,1103901,1104645,/,rect.png,diamond.png,rect.png,diamond.png,[0, 0, 255],[0, 255, 0],0,45,0,3,2,1,change_col,/,1,testing
16,c,f,20,index,True,1109411,1111093,/,circle.png,diamond.png,circle.png,diamond.png,[0, 0, 255],[255, 255, 0],0,135,1,3,0,2,change_col,/,1,testing
16,c,f,20,index,True,1115840,1116598,/,circle.png,triangle.png,circle.png,triangle.png,[255, 255, 0],[255, 0, 0],45,135,3,0,2,1,change_col,/,1,testing
16,c,f,20,index,True,1121316,1122645,z,circle.png,diamond.png,circle.png,diamond.png,[0, 255, 0],[0, 0, 255],0,45,0,3,1,2,nochange_col,z,1,testing
16,c,f,20,index,True,1127277,1128149,z,rect.png,circle.png,rect.png,circle.png,[0, 255, 0],[255, 255, 0],90,45,3,0,1,2,nochange_ori,z,2,testing
16,c,f,20,index,True,1132838,1133589,z,rect.png,diamond.png,rect.png,diamond.png,[0, 0, 255],[255, 0, 0],45,90,1,2,3,0,nochange_ori,z,2,testing
16,c,f,20,index,True,1138181,1139045,/,rect.png,circle.png,rect.png,circle.png,[255, 0, 0],[255, 255, 0],90,45,2,1,3,0,change_col,/,1,testing
16,c,f,20,index,True,1143791,1145093,z,rect.png,diamond.png,rect.png,diamond.png,[255, 0, 0],[255, 255, 0],0,45,0,3,1,2,nochange_ori,z,0,testing
16,c,f,20,index,True,1149785,1152613,/,triangle.png,rect.png,triangle.png,rect.png,[255, 255, 0],[0, 255, 0],135,45,3,2,0,1,nochange_ori,z,2,testing
16,c,f,20,index,True,1157349,1158373,z,circle.png,diamond.png,circle.png,diamond.png,[255, 255, 0],[0, 0, 255],135,90,3,2,1,0,nochange_ori,z,2,testing
16,c,f,20,index,True,1163043,1163797,z,rect.png,diamond.png,rect.png,diamond.png,[255, 255, 0],[0, 0, 255],45,0,3,0,2,1,nochange_col,z,1,testing
16,c,f,20,index,True,1168503,1169525,z,diamond.png,circle.png,diamond.png,circle.png,[255, 0, 0],[0, 0, 255],90,45,0,1,2,3,nochange_ori,z,2,testing
16,c,f,20,index,True,1174230,1174997,z,diamond.png,rect.png,diamond.png,rect.png,[255, 0, 0],[255, 255, 0],0,90,0,2,3,1,nochange_col,z,3,testing
16,c,f,20,index,True,1179623,1180469,z,circle.png,diamond.png,circle.png,diamond.png,[255, 255, 0],[255, 0, 0],0,90,2,1,0,3,nochange_col,z,1,testing
16,c,f,20,index,True,1185200,1186117,z,diamond.png,circle.png,diamond.png,circle.png,[255, 255, 0],[255, 0, 0],45,90,0,3,2,1,nochange_ori,z,2,testing
16,c,f,20,index,True,1190844,1191797,z,triangle.png,diamond.png,triangle.png,diamond.png,[255, 255, 0],[0, 255, 0],135,90,1,2,0,3,nochange_col,z,1,testing
16,c,f,20,index,True,1196521,1197285,z,diamond.png,triangle.png,diamond.png,triangle.png,[255, 255, 0],[0, 255, 0],45,0,0,1,2,3,nochange_ori,z,2,testing
16,c,f,20,index,True,1201848,1202772,z,diamond.png,circle.png,diamond.png,circle.png,[255, 255, 0],[0, 0, 255],135,45,1,3,0,2,nochange_col,z,1,testing
16,c,f,20,index,True,1207374,1208052,/,rect.png,triangle.png,rect.png,triangle.png,[0, 255, 0],[0, 0, 255],90,45,3,2,0,1,change_col,/,1,testing
16,c,f,20,index,True,1212734,1213413,/,diamond.png,rect.png,diamond.png,rect.png,[0, 0, 255],[255, 0, 0],45,135,0,1,3,2,change_ori,/,2,testing
16,c,f,20,index,True,1218110,1219285,/,circle.png,diamond.png,circle.png,diamond.png,[255, 0, 0],[255, 255, 0],90,45,3,0,1,2,change_ori,/,0,testing
16,c,f,20,index,True,1223871,1225093,/,rect.png,triangle.png,rect.png,triangle.png,[255, 255, 0],[255, 0, 0],90,0,3,0,1,2,change_ori,/,2,testing
16,c,f,20,index,True,1229665,1230596,/,rect.png,diamond.png,rect.png,diamond.png,[255, 255, 0],[0, 0, 255],0,90,1,3,0,2,change_ori,/,2,testing
16,c,f,20,index,True,1235259,1236356,z,rect.png,circle.png,rect.png,circle.png,[0, 255, 0],[255, 255, 0],135,0,1,2,3,0,nochange_ori,z,2,testing
16,c,f,20,index,True,1241019,1241732,/,rect.png,diamond.png,rect.png,diamond.png,[255, 255, 0],[255, 0, 0],135,0,3,2,1,0,change_col,/,1,testing
16,c,f,20,index,True,1246430,1248629,/,circle.png,diamond.png,circle.png,diamond.png,[255, 255, 0],[255, 0, 0],0,135,3,2,1,0,change_ori,/,2,testing
16,c,f,20,index,True,1253392,1254356,z,triangle.png,circle.png,triangle.png,circle.png,[0, 0, 255],[0, 255, 0],45,135,3,0,2,1,nochange_ori,z,2,testing
16,c,f,20,index,True,1259003,1259812,z,diamond.png,circle.png,diamond.png,circle.png,[255, 0, 0],[0, 255, 0],45,0,0,3,2,1,nochange_col,z,3,testing
