subj,name,gender,age,cond,P_resp,P_startTime,P_respTime,P_gotKey,shape1,shape2,shape3,shape4,color1,color2,color3,color4ori1,ori2,ori3,ori4ord_1,ord_2,ord_3,ord_4,task,correct_key,no_change,mode
17,ly,f,20,index,True,151115,153365,z,circle.png,rect.png,circle.png,rect.png,[0, 255, 0],[0, 0, 255],45,135,1,2,3,0,nochange_col,z,1,practice
17,ly,f,20,index,True,157978,160741,/,circle.png,rect.png,circle.png,rect.png,[255, 0, 0],[255, 255, 0],45,90,1,2,3,0,nochange_ori,z,0,practice
17,ly,f,20,index,True,165392,166598,z,triangle.png,circle.png,triangle.png,circle.png,[0, 0, 255],[0, 255, 0],0,135,1,3,0,2,change_col,/,3,practice
17,ly,f,20,index,True,171303,173270,z,rect.png,circle.png,rect.png,circle.png,[255, 255, 0],[0, 255, 0],45,135,2,1,0,3,nochange_ori,z,0,practice
17,ly,f,20,index,True,178031,179397,z,diamond.png,rect.png,diamond.png,rect.png,[255, 255, 0],[255, 0, 0],45,135,1,2,0,3,nochange_col,z,3,practice
17,ly,f,20,index,True,184042,185733,z,triangle.png,diamond.png,triangle.png,diamond.png,[0, 0, 255],[255, 255, 0],45,135,2,0,1,3,nochange_col,z,3,practice
17,ly,f,20,index,True,190404,191765,/,rect.png,diamond.png,rect.png,diamond.png,[0, 255, 0],[255, 0, 0],135,45,1,2,0,3,change_ori,/,2,practice
17,ly,f,20,index,True,196448,197525,/,rect.png,diamond.png,rect.png,diamond.png,[0, 0, 255],[0, 255, 0],0,90,3,0,2,1,change_col,/,1,practice
17,ly,f,20,index,True,202176,203877,z,diamond.png,circle.png,diamond.png,circle.png,[255, 255, 0],[0, 255, 0],90,45,2,3,0,1,nochange_ori,z,2,practice
17,ly,f,20,index,True,208604,211413,/,rect.png,diamond.png,rect.png,diamond.png,[255, 255, 0],[0, 255, 0],0,90,3,0,2,1,change_ori,/,2,practice
17,ly,f,20,index,True,216018,217653,/,circle.png,diamond.png,circle.png,diamond.png,[0, 0, 255],[0, 255, 0],135,45,0,1,3,2,nochange_ori,z,0,practice
17,ly,f,20,index,True,222313,224165,/,rect.png,diamond.png,rect.png,diamond.png,[255, 0, 0],[0, 255, 0],135,90,0,1,2,3,nochange_ori,z,2,practice
17,ly,f,20,index,True,228758,229940,/,rect.png,diamond.png,rect.png,diamond.png,[0, 0, 255],[0, 255, 0],90,45,2,0,3,1,change_ori,/,0,practice
17,ly,f,20,index,True,234686,236229,/,circle.png,triangle.png,circle.png,triangle.png,[255, 255, 0],[0, 255, 0],0,90,0,1,2,3,change_col,/,3,practice
17,ly,f,20,index,True,240813,242101,/,triangle.png,circle.png,triangle.png,circle.png,[0, 255, 0],[0, 0, 255],90,0,1,2,3,0,change_col,/,3,practice
17,ly,f,20,index,True,246758,247829,/,triangle.png,circle.png,triangle.png,circle.png,[255, 0, 0],[0, 0, 255],90,0,3,0,1,2,change_ori,/,2,practice
17,ly,f,20,index,True,252552,253749,/,rect.png,circle.png,rect.png,circle.png,[255, 255, 0],[0, 255, 0],135,45,1,0,3,2,change_ori,/,2,practice
17,ly,f,20,index,True,258329,260853,/,rect.png,triangle.png,rect.png,triangle.png,[255, 255, 0],[0, 255, 0],45,90,1,3,2,0,change_col,/,1,practice
17,ly,f,20,index,True,265559,267093,z,circle.png,diamond.png,circle.png,diamond.png,[0, 0, 255],[0, 255, 0],135,90,3,1,0,2,nochange_col,z,3,practice
17,ly,f,20,index,True,271754,274053,z,diamond.png,rect.png,diamond.png,rect.png,[0, 255, 0],[255, 0, 0],135,45,3,2,1,0,nochange_col,z,3,practice
17,ly,f,20,index,True,314648,316404,/,diamond.png,triangle.png,diamond.png,triangle.png,[255, 0, 0],[0, 0, 255],45,0,1,2,0,3,change_ori,/,0,testing
17,ly,f,20,index,True,320994,322372,/,circle.png,diamond.png,circle.png,diamond.png,[255, 255, 0],[0, 255, 0],90,45,3,2,1,0,change_ori,/,2,testing
17,ly,f,20,index,True,327021,328676,/,triangle.png,diamond.png,triangle.png,diamond.png,[255, 255, 0],[0, 0, 255],90,0,2,1,0,3,change_ori,/,0,testing
17,ly,f,20,index,True,333383,335972,/,circle.png,rect.png,circle.png,rect.png,[0, 255, 0],[255, 255, 0],90,135,1,2,0,3,change_ori,/,2,testing
17,ly,f,20,index,True,340696,342260,z,triangle.png,rect.png,triangle.png,rect.png,[0, 255, 0],[255, 255, 0],135,45,1,2,0,3,nochange_col,z,3,testing
17,ly,f,20,index,True,346892,348212,/,diamond.png,rect.png,diamond.png,rect.png,[0, 0, 255],[0, 255, 0],90,135,2,1,0,3,change_ori,/,0,testing
17,ly,f,20,index,True,352785,354708,/,rect.png,diamond.png,rect.png,diamond.png,[0, 0, 255],[0, 255, 0],0,135,1,2,3,0,change_col,/,1,testing
17,ly,f,20,index,True,359397,361155,z,circle.png,diamond.png,circle.png,diamond.png,[0, 255, 0],[255, 0, 0],0,90,3,2,0,1,nochange_col,z,1,testing
17,ly,f,20,index,True,365859,367188,z,circle.png,rect.png,circle.png,rect.png,[255, 255, 0],[255, 0, 0],0,45,0,2,1,3,nochange_col,z,3,testing
17,ly,f,20,index,True,371787,373060,/,circle.png,diamond.png,circle.png,diamond.png,[0, 255, 0],[255, 0, 0],0,135,3,1,0,2,change_ori,/,0,testing
17,ly,f,20,index,True,377664,378708,z,rect.png,diamond.png,rect.png,diamond.png,[255, 255, 0],[0, 255, 0],45,135,2,0,1,3,nochange_col,z,1,testing
17,ly,f,20,index,True,383441,384708,/,triangle.png,circle.png,triangle.png,circle.png,[0, 255, 0],[255, 255, 0],90,135,0,2,3,1,change_col,/,3,testing
17,ly,f,20,index,True,389353,390611,/,diamond.png,circle.png,diamond.png,circle.png,[0, 255, 0],[0, 0, 255],0,45,1,2,3,0,change_col,/,1,testing
17,ly,f,20,index,True,395347,398163,/,triangle.png,diamond.png,triangle.png,diamond.png,[0, 255, 0],[255, 255, 0],0,45,2,0,1,3,nochange_ori,z,2,testing
17,ly,f,20,index,True,402761,403812,/,diamond.png,triangle.png,diamond.png,triangle.png,[255, 255, 0],[0, 255, 0],135,45,1,0,2,3,change_col,/,1,testing
17,ly,f,20,index,True,408471,409747,z,diamond.png,triangle.png,diamond.png,triangle.png,[255, 0, 0],[0, 0, 255],90,135,3,0,2,1,nochange_col,z,1,testing
17,ly,f,20,index,True,414382,415747,z,rect.png,diamond.png,rect.png,diamond.png,[0, 0, 255],[0, 255, 0],90,45,0,2,1,3,nochange_ori,z,0,testing
17,ly,f,20,index,True,420426,422403,z,rect.png,diamond.png,rect.png,diamond.png,[255, 0, 0],[255, 255, 0],0,90,1,0,2,3,nochange_ori,z,0,testing
17,ly,f,20,index,True,427071,428355,z,triangle.png,circle.png,triangle.png,circle.png,[0, 255, 0],[255, 255, 0],45,0,3,1,0,2,nochange_col,z,1,testing
17,ly,f,20,index,True,432999,434403,z,rect.png,triangle.png,rect.png,triangle.png,[0, 0, 255],[0, 255, 0],45,90,3,2,0,1,nochange_col,z,1,testing
17,ly,f,20,index,True,439160,440531,z,rect.png,diamond.png,rect.png,diamond.png,[255, 0, 0],[255, 255, 0],45,135,1,2,0,3,nochange_ori,z,2,testing
17,ly,f,20,index,True,445121,447523,z,rect.png,diamond.png,rect.png,diamond.png,[255, 0, 0],[0, 255, 0],90,135,0,1,3,2,nochange_ori,z,0,testing
17,ly,f,20,index,True,452268,453476,z,triangle.png,circle.png,triangle.png,circle.png,[255, 255, 0],[255, 0, 0],90,135,3,1,0,2,nochange_ori,z,2,testing
17,ly,f,20,index,True,458179,459107,z,circle.png,triangle.png,circle.png,triangle.png,[0, 0, 255],[255, 255, 0],0,90,1,0,3,2,nochange_ori,z,2,testing
17,ly,f,20,index,True,463739,467604,/,rect.png,diamond.png,rect.png,diamond.png,[0, 0, 255],[0, 255, 0],0,45,3,0,1,2,nochange_col,z,3,testing
17,ly,f,20,index,True,472188,473587,/,rect.png,diamond.png,rect.png,diamond.png,[255, 0, 0],[0, 255, 0],90,135,3,0,1,2,change_col,/,3,testing
17,ly,f,20,index,True,478266,479891,z,circle.png,diamond.png,circle.png,diamond.png,[0, 255, 0],[255, 0, 0],0,45,0,1,3,2,nochange_ori,z,0,testing
17,ly,f,20,index,True,484460,486419,/,rect.png,diamond.png,rect.png,diamond.png,[0, 255, 0],[255, 255, 0],0,135,0,3,2,1,change_ori,/,0,testing
17,ly,f,20,index,True,491056,492051,/,diamond.png,circle.png,diamond.png,circle.png,[0, 255, 0],[255, 255, 0],45,0,0,1,3,2,change_ori,/,0,testing
17,ly,f,20,index,True,496616,498051,z,rect.png,triangle.png,rect.png,triangle.png,[0, 0, 255],[255, 255, 0],90,45,2,0,3,1,nochange_ori,z,0,testing
17,ly,f,20,index,True,502811,504067,z,circle.png,diamond.png,circle.png,diamond.png,[0, 0, 255],[255, 255, 0],0,135,0,2,1,3,nochange_col,z,3,testing
17,ly,f,20,index,True,508705,509906,/,diamond.png,circle.png,diamond.png,circle.png,[0, 255, 0],[0, 0, 255],90,45,3,0,2,1,change_ori,/,2,testing
17,ly,f,20,index,True,514582,516195,/,triangle.png,circle.png,triangle.png,circle.png,[0, 255, 0],[255, 0, 0],45,135,0,3,2,1,change_col,/,1,testing
17,ly,f,20,index,True,520811,521730,/,diamond.png,triangle.png,diamond.png,triangle.png,[0, 0, 255],[255, 255, 0],90,45,2,0,3,1,change_col,/,1,testing
17,ly,f,20,index,True,526354,531843,z,rect.png,diamond.png,rect.png,diamond.png,[0, 255, 0],[255, 255, 0],90,135,1,2,0,3,nochange_ori,z,0,testing
17,ly,f,20,index,True,536473,537539,z,diamond.png,circle.png,diamond.png,circle.png,[255, 0, 0],[255, 255, 0],45,90,3,0,2,1,nochange_col,z,3,testing
17,ly,f,20,index,True,542216,543426,z,diamond.png,triangle.png,diamond.png,triangle.png,[255, 0, 0],[0, 255, 0],0,45,1,3,0,2,nochange_col,z,3,testing
17,ly,f,20,index,True,548160,549219,z,diamond.png,triangle.png,diamond.png,triangle.png,[255, 255, 0],[0, 0, 255],135,90,2,1,3,0,nochange_col,z,1,testing
17,ly,f,20,index,True,553904,554883,z,circle.png,triangle.png,circle.png,triangle.png,[0, 255, 0],[0, 0, 255],135,0,3,1,2,0,nochange_col,z,3,testing
17,ly,f,20,index,True,559632,560755,/,circle.png,triangle.png,circle.png,triangle.png,[0, 255, 0],[255, 0, 0],0,135,0,2,1,3,change_ori,/,0,testing
17,ly,f,20,index,True,565492,566642,/,diamond.png,triangle.png,diamond.png,triangle.png,[255, 0, 0],[0, 255, 0],0,90,3,2,1,0,nochange_ori,z,2,testing
17,ly,f,20,index,True,571336,572338,/,triangle.png,circle.png,triangle.png,circle.png,[255, 255, 0],[255, 0, 0],45,135,2,1,3,0,change_col,/,3,testing
17,ly,f,20,index,True,576997,578322,z,circle.png,diamond.png,circle.png,diamond.png,[255, 0, 0],[0, 255, 0],135,45,0,3,1,2,nochange_ori,z,0,testing
17,ly,f,20,index,True,583058,584274,/,rect.png,triangle.png,rect.png,triangle.png,[0, 255, 0],[255, 255, 0],45,135,1,0,3,2,change_col,/,3,testing
17,ly,f,20,index,True,588936,591122,/,diamond.png,rect.png,diamond.png,rect.png,[0, 255, 0],[0, 0, 255],135,90,0,2,3,1,change_ori,/,2,testing
17,ly,f,20,index,True,595715,596642,/,diamond.png,rect.png,diamond.png,rect.png,[0, 255, 0],[255, 0, 0],0,45,0,2,3,1,change_col,/,1,testing
17,ly,f,20,index,True,601225,602530,/,diamond.png,triangle.png,diamond.png,triangle.png,[255, 255, 0],[0, 255, 0],135,0,1,0,2,3,change_ori,/,0,testing
17,ly,f,20,index,True,607169,608162,/,diamond.png,triangle.png,diamond.png,triangle.png,[255, 0, 0],[255, 255, 0],45,0,1,0,3,2,change_ori,/,2,testing
17,ly,f,20,index,True,612912,615026,/,triangle.png,rect.png,triangle.png,rect.png,[255, 0, 0],[255, 255, 0],0,45,0,3,2,1,change_ori,/,0,testing
17,ly,f,20,index,True,619675,622322,z,rect.png,triangle.png,rect.png,triangle.png,[0, 255, 0],[0, 0, 255],45,0,2,3,0,1,nochange_col,z,1,testing
17,ly,f,20,index,True,626972,628643,/,triangle.png,circle.png,triangle.png,circle.png,[0, 255, 0],[255, 0, 0],135,0,0,1,3,2,change_col,/,3,testing
17,ly,f,20,index,True,633283,634289,/,rect.png,circle.png,rect.png,circle.png,[0, 0, 255],[0, 255, 0],135,45,2,0,3,1,change_col,/,1,testing
17,ly,f,20,index,True,638877,639811,/,diamond.png,circle.png,diamond.png,circle.png,[0, 255, 0],[255, 0, 0],90,0,2,1,0,3,change_col,/,1,testing
17,ly,f,20,index,True,644403,645234,/,diamond.png,rect.png,diamond.png,rect.png,[255, 255, 0],[0, 255, 0],135,45,1,2,3,0,change_col,/,1,testing
17,ly,f,20,index,True,649863,652753,z,circle.png,rect.png,circle.png,rect.png,[255, 0, 0],[0, 0, 255],0,45,2,0,1,3,nochange_col,z,1,testing
17,ly,f,20,index,True,657461,661266,/,diamond.png,rect.png,diamond.png,rect.png,[255, 255, 0],[0, 255, 0],45,135,3,1,0,2,change_col,/,3,testing
17,ly,f,20,index,True,665843,667313,z,diamond.png,rect.png,diamond.png,rect.png,[0, 255, 0],[0, 0, 255],45,90,0,1,2,3,nochange_ori,z,2,testing
17,ly,f,20,index,True,671904,673010,/,diamond.png,rect.png,diamond.png,rect.png,[0, 255, 0],[0, 0, 255],90,0,2,1,0,3,change_ori,/,0,testing
17,ly,f,20,index,True,677765,678946,/,circle.png,diamond.png,circle.png,diamond.png,[255, 0, 0],[255, 255, 0],45,0,2,1,0,3,change_col,/,1,testing
17,ly,f,20,index,True,683692,686450,z,diamond.png,triangle.png,diamond.png,triangle.png,[255, 255, 0],[255, 0, 0],90,45,3,2,0,1,nochange_col,z,1,testing
17,ly,f,20,index,True,691039,692193,z,diamond.png,circle.png,diamond.png,circle.png,[0, 0, 255],[255, 255, 0],135,0,0,2,3,1,nochange_ori,z,2,testing
17,ly,f,20,index,True,696934,698098,z,circle.png,triangle.png,circle.png,triangle.png,[0, 255, 0],[255, 255, 0],135,90,2,1,0,3,nochange_col,z,1,testing
17,ly,f,20,index,True,702861,704546,/,diamond.png,circle.png,diamond.png,circle.png,[0, 0, 255],[255, 255, 0],135,90,3,0,1,2,change_col,/,3,testing
17,ly,f,20,index,True,709173,710354,/,diamond.png,circle.png,diamond.png,circle.png,[0, 0, 255],[255, 0, 0],45,90,1,2,0,3,change_ori,/,2,testing
17,ly,f,20,index,True,715050,717394,z,circle.png,rect.png,circle.png,rect.png,[255, 255, 0],[0, 255, 0],0,45,1,0,3,2,change_col,/,3,testing
17,ly,f,20,index,True,721963,724385,z,diamond.png,circle.png,diamond.png,circle.png,[0, 255, 0],[255, 0, 0],90,0,1,3,0,2,nochange_ori,z,2,testing
17,ly,f,20,index,True,729143,730466,/,triangle.png,circle.png,triangle.png,circle.png,[0, 0, 255],[255, 0, 0],45,90,0,2,1,3,change_ori,/,2,testing
17,ly,f,20,index,True,735104,735938,z,triangle.png,circle.png,triangle.png,circle.png,[0, 0, 255],[0, 255, 0],45,90,0,2,1,3,nochange_col,z,3,testing
17,ly,f,20,index,True,740697,741506,/,rect.png,triangle.png,rect.png,triangle.png,[255, 0, 0],[255, 255, 0],90,45,0,1,2,3,change_ori,/,2,testing
17,ly,f,20,index,True,746258,748273,/,circle.png,triangle.png,circle.png,triangle.png,[0, 255, 0],[255, 0, 0],0,90,1,0,2,3,change_ori,/,0,testing
17,ly,f,20,index,True,752986,753921,/,triangle.png,circle.png,triangle.png,circle.png,[0, 255, 0],[0, 0, 255],0,90,3,0,2,1,change_ori,/,2,testing
17,ly,f,20,index,True,758630,760705,z,circle.png,triangle.png,circle.png,triangle.png,[0, 255, 0],[255, 255, 0],45,135,1,0,3,2,nochange_ori,z,2,testing
17,ly,f,20,index,True,765409,766961,/,triangle.png,diamond.png,triangle.png,diamond.png,[0, 0, 255],[255, 255, 0],135,90,1,3,0,2,change_col,/,1,testing
17,ly,f,20,index,True,771737,775169,z,triangle.png,circle.png,triangle.png,circle.png,[255, 255, 0],[255, 0, 0],45,0,3,0,2,1,nochange_ori,z,0,testing
17,ly,f,20,index,True,779886,780850,z,circle.png,rect.png,circle.png,rect.png,[255, 0, 0],[0, 0, 255],90,0,1,3,2,0,nochange_col,z,1,testing
17,ly,f,20,index,True,785579,786753,/,triangle.png,rect.png,triangle.png,rect.png,[255, 255, 0],[255, 0, 0],135,0,0,3,1,2,nochange_ori,z,0,testing
17,ly,f,20,index,True,791490,794369,/,circle.png,triangle.png,circle.png,triangle.png,[255, 0, 0],[0, 255, 0],0,45,3,1,2,0,change_col,/,1,testing
17,ly,f,20,index,True,799071,801265,z,diamond.png,rect.png,diamond.png,rect.png,[255, 255, 0],[0, 255, 0],135,45,2,0,3,1,nochange_ori,z,0,testing
17,ly,f,20,index,True,805967,807681,z,diamond.png,circle.png,diamond.png,circle.png,[255, 255, 0],[0, 255, 0],135,90,2,1,0,3,nochange_col,z,1,testing
17,ly,f,20,index,True,812379,813729,z,diamond.png,rect.png,diamond.png,rect.png,[255, 255, 0],[255, 0, 0],0,90,3,1,2,0,nochange_ori,z,0,testing
17,ly,f,20,index,True,930211,931312,z,rect.png,diamond.png,rect.png,diamond.png,[255, 0, 0],[0, 0, 255],135,90,3,2,1,0,nochange_ori,z,0,testing
17,ly,f,20,index,True,936039,937088,z,rect.png,circle.png,rect.png,circle.png,[255, 255, 0],[0, 0, 255],45,135,1,3,0,2,nochange_col,z,1,testing
17,ly,f,20,index,True,941800,943616,/,circle.png,rect.png,circle.png,rect.png,[0, 255, 0],[255, 255, 0],0,135,2,3,1,0,change_ori,/,0,testing
17,ly,f,20,index,True,948228,949472,/,rect.png,triangle.png,rect.png,triangle.png,[0, 255, 0],[255, 255, 0],135,45,1,0,2,3,change_ori,/,2,testing
17,ly,f,20,index,True,954038,955680,/,rect.png,diamond.png,rect.png,diamond.png,[0, 0, 255],[255, 255, 0],90,135,2,0,1,3,change_ori,/,0,testing
17,ly,f,20,index,True,960417,962464,z,circle.png,diamond.png,circle.png,diamond.png,[0, 0, 255],[255, 255, 0],0,45,1,2,0,3,nochange_col,z,3,testing
17,ly,f,20,index,True,967112,968063,/,circle.png,rect.png,circle.png,rect.png,[255, 255, 0],[0, 0, 255],45,135,0,3,2,1,change_ori,/,2,testing
17,ly,f,20,index,True,972640,974159,z,diamond.png,circle.png,diamond.png,circle.png,[0, 0, 255],[0, 255, 0],0,45,2,1,3,0,nochange_col,z,1,testing
17,ly,f,20,index,True,978768,980176,/,triangle.png,circle.png,triangle.png,circle.png,[255, 255, 0],[0, 255, 0],45,135,2,1,3,0,change_col,/,3,testing
17,ly,f,20,index,True,984846,986096,/,triangle.png,circle.png,triangle.png,circle.png,[0, 0, 255],[255, 0, 0],90,45,0,2,1,3,change_ori,/,2,testing
17,ly,f,20,index,True,990772,992128,z,circle.png,rect.png,circle.png,rect.png,[0, 0, 255],[0, 255, 0],135,90,2,0,1,3,nochange_ori,z,0,testing
17,ly,f,20,index,True,996717,997983,/,triangle.png,circle.png,triangle.png,circle.png,[0, 255, 0],[0, 0, 255],135,90,1,0,2,3,change_col,/,1,testing
17,ly,f,20,index,True,1002577,1004432,z,rect.png,diamond.png,rect.png,diamond.png,[0, 0, 255],[255, 0, 0],45,90,0,2,3,1,change_ori,/,0,testing
17,ly,f,20,index,True,1009123,1009999,/,circle.png,diamond.png,circle.png,diamond.png,[255, 0, 0],[0, 0, 255],45,0,0,3,1,2,change_col,/,1,testing
17,ly,f,20,index,True,1014683,1015792,z,rect.png,diamond.png,rect.png,diamond.png,[0, 0, 255],[255, 255, 0],0,135,2,1,3,0,nochange_col,z,1,testing
17,ly,f,20,index,True,1020427,1021823,/,circle.png,rect.png,circle.png,rect.png,[255, 0, 0],[0, 255, 0],0,45,0,3,2,1,change_ori,/,2,testing
17,ly,f,20,index,True,1026571,1027632,/,circle.png,triangle.png,circle.png,triangle.png,[255, 255, 0],[255, 0, 0],0,45,3,1,2,0,change_ori,/,2,testing
17,ly,f,20,index,True,1032249,1034351,z,diamond.png,rect.png,diamond.png,rect.png,[255, 0, 0],[255, 255, 0],0,45,3,2,0,1,nochange_ori,z,2,testing
17,ly,f,20,index,True,1039062,1040239,z,triangle.png,diamond.png,triangle.png,diamond.png,[0, 0, 255],[255, 0, 0],135,90,0,3,1,2,nochange_col,z,3,testing
17,ly,f,20,index,True,1044989,1047472,z,triangle.png,circle.png,triangle.png,circle.png,[0, 255, 0],[0, 0, 255],45,0,2,3,0,1,nochange_col,z,3,testing
17,ly,f,20,index,True,1052219,1053855,z,triangle.png,diamond.png,triangle.png,diamond.png,[255, 255, 0],[0, 255, 0],0,135,3,2,0,1,nochange_ori,z,0,testing
17,ly,f,20,index,True,1058446,1059600,/,circle.png,diamond.png,circle.png,diamond.png,[255, 255, 0],[255, 0, 0],0,135,3,0,1,2,change_col,/,1,testing
17,ly,f,20,index,True,1064258,1065119,/,triangle.png,circle.png,triangle.png,circle.png,[0, 0, 255],[0, 255, 0],135,45,3,2,0,1,change_col,/,1,testing
17,ly,f,20,index,True,1069867,1072735,/,circle.png,rect.png,circle.png,rect.png,[0, 0, 255],[0, 255, 0],0,45,0,3,1,2,change_col,/,3,testing
17,ly,f,20,index,True,1077382,1078927,z,diamond.png,circle.png,diamond.png,circle.png,[255, 255, 0],[0, 0, 255],90,135,1,2,0,3,nochange_ori,z,0,testing
17,ly,f,20,index,True,1083659,1084783,/,diamond.png,triangle.png,diamond.png,triangle.png,[255, 0, 0],[0, 255, 0],0,45,0,3,1,2,change_col,/,3,testing
17,ly,f,20,index,True,1089387,1090415,/,triangle.png,circle.png,triangle.png,circle.png,[0, 0, 255],[0, 255, 0],45,0,1,3,2,0,change_col,/,1,testing
17,ly,f,20,index,True,1095047,1096175,z,circle.png,diamond.png,circle.png,diamond.png,[0, 255, 0],[255, 0, 0],135,45,1,0,2,3,nochange_col,z,1,testing
17,ly,f,20,index,True,1100791,1102078,/,circle.png,rect.png,circle.png,rect.png,[255, 255, 0],[255, 0, 0],90,0,0,2,1,3,change_ori,/,0,testing
17,ly,f,20,index,True,1106853,1107935,/,circle.png,rect.png,circle.png,rect.png,[0, 0, 255],[0, 255, 0],135,45,3,0,2,1,change_ori,/,0,testing
17,ly,f,20,index,True,1112696,1114879,z,rect.png,triangle.png,rect.png,triangle.png,[0, 255, 0],[255, 255, 0],90,135,0,2,3,1,nochange_col,z,3,testing
17,ly,f,20,index,True,1119459,1120591,/,triangle.png,diamond.png,triangle.png,diamond.png,[0, 0, 255],[255, 255, 0],90,135,1,2,3,0,change_col,/,3,testing
17,ly,f,20,index,True,1125303,1126351,/,circle.png,rect.png,circle.png,rect.png,[0, 0, 255],[0, 255, 0],135,0,3,2,1,0,change_col,/,1,testing
17,ly,f,20,index,True,1130979,1132526,z,triangle.png,circle.png,triangle.png,circle.png,[0, 255, 0],[255, 0, 0],90,135,2,3,0,1,nochange_ori,z,2,testing
17,ly,f,20,index,True,1137225,1138623,/,triangle.png,rect.png,triangle.png,rect.png,[0, 0, 255],[255, 255, 0],0,45,3,2,0,1,change_ori,/,0,testing
17,ly,f,20,index,True,1143369,1144431,/,diamond.png,triangle.png,diamond.png,triangle.png,[255, 255, 0],[255, 0, 0],90,0,2,1,3,0,change_ori,/,2,testing
17,ly,f,20,index,True,1149046,1150670,z,diamond.png,circle.png,diamond.png,circle.png,[0, 255, 0],[0, 0, 255],90,45,0,3,1,2,nochange_ori,z,2,testing
17,ly,f,20,index,True,1155274,1156623,/,triangle.png,rect.png,triangle.png,rect.png,[255, 0, 0],[0, 0, 255],135,0,3,0,2,1,change_ori,/,2,testing
17,ly,f,20,index,True,1161202,1163422,z,circle.png,diamond.png,circle.png,diamond.png,[255, 0, 0],[0, 255, 0],0,90,0,3,2,1,nochange_ori,z,0,testing
17,ly,f,20,index,True,1168148,1169198,z,diamond.png,circle.png,diamond.png,circle.png,[255, 0, 0],[0, 255, 0],90,135,2,1,0,3,nochange_col,z,3,testing
17,ly,f,20,index,True,1173875,1176511,z,circle.png,triangle.png,circle.png,triangle.png,[0, 0, 255],[255, 0, 0],135,45,0,3,1,2,nochange_col,z,3,testing
17,ly,f,20,index,True,1181088,1182303,z,circle.png,triangle.png,circle.png,triangle.png,[255, 255, 0],[0, 0, 255],135,0,2,1,0,3,nochange_ori,z,0,testing
17,ly,f,20,index,True,1186966,1189583,/,diamond.png,circle.png,diamond.png,circle.png,[255, 255, 0],[0, 255, 0],135,45,2,3,0,1,nochange_col,z,3,testing
17,ly,f,20,index,True,1194346,1195582,z,rect.png,circle.png,rect.png,circle.png,[255, 255, 0],[0, 0, 255],135,0,2,3,0,1,nochange_ori,z,0,testing
17,ly,f,20,index,True,1200307,1201358,z,rect.png,diamond.png,rect.png,diamond.png,[0, 0, 255],[255, 0, 0],90,0,0,3,2,1,nochange_col,z,3,testing
17,ly,f,20,index,True,1206117,1207070,z,circle.png,triangle.png,circle.png,triangle.png,[0, 0, 255],[255, 0, 0],90,135,1,2,0,3,nochange_col,z,3,testing
17,ly,f,20,index,True,1211678,1212479,/,triangle.png,circle.png,triangle.png,circle.png,[0, 255, 0],[0, 0, 255],45,0,0,3,2,1,change_ori,/,2,testing
17,ly,f,20,index,True,1217238,1218654,z,triangle.png,diamond.png,triangle.png,diamond.png,[255, 255, 0],[0, 255, 0],0,45,3,1,0,2,nochange_ori,z,0,testing
17,ly,f,20,index,True,1223332,1224446,/,circle.png,triangle.png,circle.png,triangle.png,[0, 255, 0],[0, 0, 255],135,90,3,0,1,2,change_col,/,3,testing
17,ly,f,20,index,True,1229094,1231310,z,circle.png,triangle.png,circle.png,triangle.png,[255, 255, 0],[0, 0, 255],45,135,1,2,0,3,nochange_ori,z,2,testing
17,ly,f,20,index,True,1236039,1237486,z,circle.png,triangle.png,circle.png,triangle.png,[0, 255, 0],[255, 0, 0],135,0,0,1,2,3,nochange_ori,z,0,testing
17,ly,f,20,index,True,1242084,1243518,/,triangle.png,circle.png,triangle.png,circle.png,[255, 255, 0],[0, 0, 255],135,0,2,0,3,1,change_ori,/,2,testing
17,ly,f,20,index,True,1248262,1249534,/,circle.png,diamond.png,circle.png,diamond.png,[255, 255, 0],[255, 0, 0],45,135,0,3,2,1,change_col,/,1,testing
17,ly,f,20,index,True,1254256,1256062,z,diamond.png,rect.png,diamond.png,rect.png,[0, 0, 255],[255, 0, 0],0,135,0,3,1,2,nochange_ori,z,0,testing
17,ly,f,20,index,True,1260751,1261838,/,triangle.png,circle.png,triangle.png,circle.png,[0, 0, 255],[255, 255, 0],90,0,1,0,3,2,change_col,/,1,testing
17,ly,f,20,index,True,1266562,1267902,z,rect.png,circle.png,rect.png,circle.png,[0, 0, 255],[255, 0, 0],45,135,2,0,1,3,nochange_col,z,3,testing
17,ly,f,20,index,True,1272489,1273854,z,diamond.png,triangle.png,diamond.png,triangle.png,[0, 255, 0],[0, 0, 255],135,45,2,1,0,3,nochange_col,z,1,testing
17,ly,f,20,index,True,1278534,1280142,z,triangle.png,rect.png,triangle.png,rect.png,[255, 0, 0],[0, 0, 255],135,45,3,0,1,2,nochange_ori,z,2,testing
17,ly,f,20,index,True,1284729,1285773,z,triangle.png,rect.png,triangle.png,rect.png,[255, 255, 0],[0, 0, 255],90,135,1,0,2,3,nochange_ori,z,0,testing
17,ly,f,20,index,True,1290506,1291981,/,diamond.png,rect.png,diamond.png,rect.png,[0, 255, 0],[0, 0, 255],90,45,0,3,1,2,change_ori,/,2,testing
17,ly,f,20,index,True,1296601,1297758,/,rect.png,diamond.png,rect.png,diamond.png,[255, 255, 0],[0, 0, 255],45,135,0,3,1,2,change_col,/,3,testing
17,ly,f,20,index,True,1302428,1304270,z,triangle.png,circle.png,triangle.png,circle.png,[0, 255, 0],[255, 0, 0],45,0,2,1,3,0,nochange_col,z,3,testing
17,ly,f,20,index,True,1308956,1310573,/,diamond.png,rect.png,diamond.png,rect.png,[255, 0, 0],[255, 255, 0],90,0,0,3,2,1,change_ori,/,0,testing
17,ly,f,20,index,True,1315151,1316974,z,circle.png,rect.png,circle.png,rect.png,[255, 0, 0],[0, 0, 255],0,90,2,3,0,1,nochange_ori,z,0,testing
17,ly,f,20,index,True,1321663,1324894,/,circle.png,rect.png,circle.png,rect.png,[255, 255, 0],[255, 0, 0],90,0,0,1,3,2,change_ori,/,0,testing
17,ly,f,20,index,True,1329577,1332846,/,triangle.png,rect.png,triangle.png,rect.png,[255, 255, 0],[0, 255, 0],90,45,3,1,0,2,change_ori,/,2,testing
17,ly,f,20,index,True,1337425,1339821,/,rect.png,circle.png,rect.png,circle.png,[255, 0, 0],[255, 255, 0],45,135,3,2,1,0,change_col,/,1,testing
17,ly,f,20,index,True,1344488,1345564,z,rect.png,triangle.png,rect.png,triangle.png,[0, 255, 0],[0, 0, 255],90,135,3,1,0,2,nochange_ori,z,0,testing
17,ly,f,20,index,True,1350315,1351229,/,circle.png,triangle.png,circle.png,triangle.png,[0, 0, 255],[255, 0, 0],135,45,3,1,2,0,change_col,/,1,testing
17,ly,f,20,index,True,1355926,1357037,z,circle.png,triangle.png,circle.png,triangle.png,[255, 0, 0],[0, 0, 255],0,90,0,3,1,2,nochange_col,z,1,testing
17,ly,f,20,index,True,1361619,1362846,z,diamond.png,rect.png,diamond.png,rect.png,[255, 0, 0],[0, 255, 0],0,90,3,0,1,2,change_col,/,3,testing
17,ly,f,20,index,True,1367447,1368285,z,circle.png,diamond.png,circle.png,diamond.png,[255, 0, 0],[0, 255, 0],0,45,2,0,3,1,nochange_col,z,3,testing
17,ly,f,20,index,True,1372891,1373757,z,circle.png,triangle.png,circle.png,triangle.png,[0, 0, 255],[255, 0, 0],45,0,0,3,1,2,nochange_col,z,3,testing
17,ly,f,20,index,True,1378483,1379069,z,triangle.png,rect.png,triangle.png,rect.png,[0, 255, 0],[0, 0, 255],90,45,2,0,3,1,nochange_col,z,1,testing
17,ly,f,20,index,True,1383644,1384813,/,rect.png,triangle.png,rect.png,triangle.png,[0, 0, 255],[255, 0, 0],135,90,0,1,3,2,change_ori,/,0,testing
17,ly,f,20,index,True,1389521,1391533,z,diamond.png,rect.png,diamond.png,rect.png,[255, 0, 0],[0, 255, 0],45,135,0,1,3,2,nochange_ori,z,0,testing
17,ly,f,20,index,True,1396133,1397229,/,triangle.png,rect.png,triangle.png,rect.png,[0, 0, 255],[255, 0, 0],135,90,2,1,3,0,change_col,/,3,testing
17,ly,f,20,index,True,1401827,1403244,z,circle.png,rect.png,circle.png,rect.png,[255, 255, 0],[255, 0, 0],0,135,3,0,2,1,nochange_ori,z,2,testing
17,ly,f,20,index,True,1407972,1409117,/,triangle.png,rect.png,triangle.png,rect.png,[0, 0, 255],[0, 255, 0],45,0,1,3,2,0,change_col,/,3,testing
17,ly,f,20,index,True,1413782,1414797,/,triangle.png,rect.png,triangle.png,rect.png,[255, 0, 0],[255, 255, 0],135,90,2,0,3,1,change_col,/,3,testing
