subj,name,gender,age,cond,P_resp,P_startTime,P_respTime,P_gotKey,shape1,shape2,shape3,shape4,color1,color2,color3,color4ori1,ori2,ori3,ori4ord_1,ord_2,ord_3,ord_4,task,correct_key,no_change,mode
17,ly,f,20,noindex,True,181143,184630,/,diamond.png,circle.png,triangle.png,rect.png,[0, 0, 255],[0, 255, 0],0,45,0,3,2,1,nochange_col,z,3,practice
17,ly,f,20,noindex,True,189308,195909,/,circle.png,diamond.png,rect.png,triangle.png,[255, 0, 0],[0, 255, 0],90,45,0,2,1,3,nochange_col,z,1,practice
17,ly,f,20,noindex,True,200495,203413,z,diamond.png,triangle.png,rect.png,circle.png,[255, 0, 0],[0, 255, 0],135,0,3,1,0,2,nochange_ori,z,0,practice
17,ly,f,20,noindex,True,208076,209317,/,rect.png,diamond.png,circle.png,triangle.png,[255, 0, 0],[255, 255, 0],0,45,2,0,3,1,change_col,/,3,practice
17,ly,f,20,noindex,True,214004,217637,/,rect.png,circle.png,triangle.png,diamond.png,[255, 0, 0],[0, 0, 255],90,135,3,0,1,2,change_col,/,3,practice
17,ly,f,20,noindex,True,222235,223125,/,rect.png,diamond.png,triangle.png,circle.png,[255, 0, 0],[0, 0, 255],90,0,3,2,0,1,change_col,/,3,practice
17,ly,f,20,noindex,True,227879,229766,/,diamond.png,rect.png,circle.png,triangle.png,[255, 255, 0],[0, 255, 0],45,0,0,3,2,1,change_ori,/,2,practice
17,ly,f,20,noindex,True,234425,235909,z,rect.png,circle.png,triangle.png,diamond.png,[255, 0, 0],[0, 255, 0],90,45,1,2,0,3,nochange_ori,z,2,practice
17,ly,f,20,noindex,True,240652,241605,/,rect.png,circle.png,diamond.png,triangle.png,[255, 0, 0],[0, 0, 255],45,135,1,2,3,0,change_ori,/,2,practice
17,ly,f,20,noindex,True,246330,248677,z,triangle.png,diamond.png,rect.png,circle.png,[0, 255, 0],[255, 0, 0],135,45,2,0,1,3,nochange_col,z,3,practice
17,ly,f,20,noindex,True,253343,255045,/,circle.png,rect.png,triangle.png,diamond.png,[255, 255, 0],[0, 0, 255],0,90,3,1,2,0,change_ori,/,2,practice
17,ly,f,20,noindex,True,259620,261269,z,diamond.png,circle.png,triangle.png,rect.png,[255, 255, 0],[0, 0, 255],90,45,2,1,3,0,nochange_ori,z,0,practice
17,ly,f,20,noindex,True,265982,268261,z,circle.png,diamond.png,rect.png,triangle.png,[255, 0, 0],[0, 0, 255],45,90,1,3,2,0,nochange_col,z,3,practice
17,ly,f,20,noindex,True,272945,274037,/,diamond.png,triangle.png,rect.png,circle.png,[0, 0, 255],[255, 255, 0],90,135,2,1,3,0,change_col,/,3,practice
17,ly,f,20,noindex,True,278739,279892,/,circle.png,rect.png,triangle.png,diamond.png,[0, 0, 255],[255, 255, 0],0,90,3,0,2,1,change_ori,/,2,practice
17,ly,f,20,noindex,True,284599,286005,/,triangle.png,circle.png,diamond.png,rect.png,[255, 255, 0],[255, 0, 0],45,90,2,3,1,0,change_ori,/,0,practice
17,ly,f,20,noindex,True,290761,292885,z,rect.png,triangle.png,circle.png,diamond.png,[0, 255, 0],[255, 255, 0],0,90,3,0,1,2,nochange_col,z,1,practice
17,ly,f,20,noindex,True,297490,299092,z,rect.png,triangle.png,circle.png,diamond.png,[0, 255, 0],[255, 255, 0],0,45,1,2,3,0,nochange_ori,z,2,practice
17,ly,f,20,noindex,True,303835,304660,/,diamond.png,triangle.png,rect.png,circle.png,[0, 0, 255],[255, 0, 0],0,45,0,3,2,1,change_col,/,3,practice
17,ly,f,20,noindex,True,309379,310581,z,diamond.png,triangle.png,circle.png,rect.png,[255, 255, 0],[0, 255, 0],135,45,2,3,1,0,nochange_ori,z,2,practice
17,ly,f,20,noindex,True,435543,436612,/,circle.png,diamond.png,triangle.png,rect.png,[255, 0, 0],[0, 255, 0],45,90,0,2,1,3,change_ori,/,0,testing
17,ly,f,20,noindex,True,441304,442516,z,rect.png,circle.png,triangle.png,diamond.png,[255, 0, 0],[0, 255, 0],0,90,1,2,3,0,nochange_col,z,3,testing
17,ly,f,20,noindex,True,447165,448292,z,rect.png,diamond.png,circle.png,triangle.png,[0, 0, 255],[0, 255, 0],90,0,2,0,3,1,nochange_ori,z,2,testing
17,ly,f,20,noindex,True,452959,454132,/,diamond.png,rect.png,circle.png,triangle.png,[0, 255, 0],[0, 0, 255],135,0,0,1,3,2,change_ori,/,0,testing
17,ly,f,20,noindex,True,458852,459891,/,triangle.png,circle.png,diamond.png,rect.png,[0, 255, 0],[255, 0, 0],0,45,2,1,3,0,change_col,/,3,testing
17,ly,f,20,noindex,True,464630,465716,z,rect.png,triangle.png,diamond.png,circle.png,[0, 255, 0],[255, 0, 0],90,0,2,0,1,3,nochange_col,z,3,testing
17,ly,f,20,noindex,True,470407,472195,z,circle.png,triangle.png,diamond.png,rect.png,[255, 255, 0],[0, 0, 255],0,90,3,1,0,2,nochange_ori,z,2,testing
17,ly,f,20,noindex,True,476803,478115,/,triangle.png,rect.png,circle.png,diamond.png,[0, 0, 255],[255, 0, 0],90,135,2,3,0,1,change_ori,/,0,testing
17,ly,f,20,noindex,True,482780,483955,z,circle.png,rect.png,triangle.png,diamond.png,[255, 0, 0],[0, 0, 255],135,90,1,3,2,0,nochange_ori,z,0,testing
17,ly,f,20,noindex,True,488724,489619,z,diamond.png,triangle.png,rect.png,circle.png,[255, 255, 0],[0, 0, 255],45,0,3,0,1,2,nochange_col,z,3,testing
17,ly,f,20,noindex,True,494234,495123,/,circle.png,diamond.png,rect.png,triangle.png,[0, 255, 0],[255, 255, 0],0,90,0,2,3,1,change_ori,/,0,testing
17,ly,f,20,noindex,True,499828,501300,/,rect.png,diamond.png,triangle.png,circle.png,[255, 255, 0],[0, 255, 0],90,0,2,1,3,0,change_ori,/,2,testing
17,ly,f,20,noindex,True,506056,508195,z,rect.png,circle.png,triangle.png,diamond.png,[0, 255, 0],[255, 0, 0],0,135,2,1,0,3,nochange_ori,z,0,testing
17,ly,f,20,noindex,True,512902,514371,/,diamond.png,triangle.png,circle.png,rect.png,[255, 0, 0],[0, 255, 0],0,90,0,3,2,1,change_ori,/,2,testing
17,ly,f,20,noindex,True,519113,519923,/,triangle.png,diamond.png,circle.png,rect.png,[255, 255, 0],[0, 0, 255],135,0,1,3,0,2,change_col,/,3,testing
17,ly,f,20,noindex,True,524557,525171,/,triangle.png,diamond.png,rect.png,circle.png,[255, 255, 0],[0, 0, 255],135,90,3,1,0,2,change_col,/,1,testing
17,ly,f,20,noindex,True,529849,530787,z,diamond.png,rect.png,triangle.png,circle.png,[255, 255, 0],[0, 255, 0],45,0,2,1,3,0,nochange_col,z,1,testing
17,ly,f,20,noindex,True,535427,537986,z,diamond.png,rect.png,triangle.png,circle.png,[255, 0, 0],[0, 255, 0],45,0,2,3,1,0,nochange_col,z,3,testing
17,ly,f,20,noindex,True,542707,543795,z,circle.png,triangle.png,diamond.png,rect.png,[255, 255, 0],[0, 0, 255],0,45,2,3,1,0,nochange_col,z,3,testing
17,ly,f,20,noindex,True,548384,549619,/,diamond.png,rect.png,triangle.png,circle.png,[0, 0, 255],[255, 255, 0],90,0,0,3,2,1,change_ori,/,0,testing
17,ly,f,20,noindex,True,554311,555715,z,rect.png,triangle.png,circle.png,diamond.png,[0, 255, 0],[255, 255, 0],135,45,3,1,0,2,nochange_col,z,3,testing
17,ly,f,20,noindex,True,560338,561619,z,rect.png,triangle.png,diamond.png,circle.png,[0, 0, 255],[0, 255, 0],90,45,0,1,3,2,nochange_ori,z,2,testing
17,ly,f,20,noindex,True,566283,568162,z,triangle.png,diamond.png,circle.png,rect.png,[0, 255, 0],[255, 0, 0],45,135,3,0,2,1,change_col,/,3,testing
17,ly,f,20,noindex,True,572862,573795,/,circle.png,triangle.png,diamond.png,rect.png,[0, 255, 0],[0, 0, 255],45,90,0,2,3,1,change_col,/,1,testing
17,ly,f,20,noindex,True,578489,579298,/,circle.png,rect.png,triangle.png,diamond.png,[255, 0, 0],[255, 255, 0],90,0,0,3,2,1,change_ori,/,2,testing
17,ly,f,20,noindex,True,583915,584595,/,circle.png,rect.png,triangle.png,diamond.png,[255, 255, 0],[255, 0, 0],90,135,3,2,0,1,change_col,/,3,testing
17,ly,f,20,noindex,True,589275,589906,/,triangle.png,diamond.png,circle.png,rect.png,[255, 0, 0],[0, 0, 255],90,0,1,3,0,2,change_ori,/,2,testing
17,ly,f,20,noindex,True,594635,595778,z,triangle.png,diamond.png,circle.png,rect.png,[0, 0, 255],[0, 255, 0],0,90,2,1,3,0,nochange_ori,z,0,testing
17,ly,f,20,noindex,True,600513,601539,/,diamond.png,circle.png,triangle.png,rect.png,[0, 0, 255],[0, 255, 0],0,90,2,1,3,0,change_ori,/,2,testing
17,ly,f,20,noindex,True,606106,607203,/,rect.png,triangle.png,circle.png,diamond.png,[0, 0, 255],[0, 255, 0],45,90,2,1,0,3,change_ori,/,0,testing
17,ly,f,20,noindex,True,611867,613459,z,rect.png,diamond.png,circle.png,triangle.png,[0, 255, 0],[255, 0, 0],45,90,0,2,1,3,nochange_ori,z,0,testing
17,ly,f,20,noindex,True,618212,619202,z,rect.png,diamond.png,triangle.png,circle.png,[255, 0, 0],[0, 255, 0],0,90,0,3,1,2,nochange_col,z,1,testing
17,ly,f,20,noindex,True,623889,625555,z,diamond.png,rect.png,triangle.png,circle.png,[0, 0, 255],[0, 255, 0],45,0,2,1,3,0,nochange_col,z,3,testing
17,ly,f,20,noindex,True,630200,631394,z,diamond.png,triangle.png,rect.png,circle.png,[255, 0, 0],[255, 255, 0],0,135,3,0,1,2,nochange_col,z,3,testing
17,ly,f,20,noindex,True,636045,636866,z,circle.png,triangle.png,rect.png,diamond.png,[255, 255, 0],[0, 0, 255],135,0,2,1,3,0,nochange_col,z,3,testing
17,ly,f,20,noindex,True,641454,642194,/,diamond.png,rect.png,circle.png,triangle.png,[255, 255, 0],[0, 255, 0],90,45,3,0,2,1,change_ori,/,2,testing
17,ly,f,20,noindex,True,646931,648002,z,rect.png,circle.png,triangle.png,diamond.png,[0, 255, 0],[255, 0, 0],0,90,3,0,2,1,nochange_ori,z,2,testing
17,ly,f,20,noindex,True,652592,655202,z,diamond.png,circle.png,rect.png,triangle.png,[255, 0, 0],[255, 255, 0],45,90,2,3,1,0,nochange_col,z,1,testing
17,ly,f,20,noindex,True,659821,660658,z,triangle.png,rect.png,diamond.png,circle.png,[0, 0, 255],[255, 0, 0],135,0,0,1,2,3,nochange_ori,z,2,testing
17,ly,f,20,noindex,True,665365,666450,/,circle.png,rect.png,diamond.png,triangle.png,[0, 255, 0],[0, 0, 255],45,0,1,3,2,0,change_col,/,3,testing
17,ly,f,20,noindex,True,671092,672914,/,triangle.png,diamond.png,circle.png,rect.png,[255, 255, 0],[0, 0, 255],45,90,3,2,0,1,change_col,/,3,testing
17,ly,f,20,noindex,True,677520,679778,/,triangle.png,diamond.png,rect.png,circle.png,[0, 0, 255],[255, 0, 0],0,135,0,1,2,3,change_ori,/,2,testing
17,ly,f,20,noindex,True,684383,685362,/,rect.png,triangle.png,diamond.png,circle.png,[255, 255, 0],[0, 0, 255],135,45,3,2,0,1,change_ori,/,0,testing
17,ly,f,20,noindex,True,690077,690978,z,diamond.png,circle.png,rect.png,triangle.png,[255, 255, 0],[255, 0, 0],45,135,1,3,0,2,nochange_col,z,1,testing
17,ly,f,20,noindex,True,695554,698482,z,triangle.png,circle.png,rect.png,diamond.png,[255, 255, 0],[0, 255, 0],90,45,0,1,2,3,nochange_col,z,1,testing
17,ly,f,20,noindex,True,703201,704066,/,triangle.png,circle.png,diamond.png,rect.png,[0, 0, 255],[0, 255, 0],45,135,2,0,1,3,change_col,/,1,testing
17,ly,f,20,noindex,True,708811,709554,/,diamond.png,circle.png,rect.png,triangle.png,[255, 0, 0],[255, 255, 0],45,0,3,1,0,2,change_col,/,3,testing
17,ly,f,20,noindex,True,714222,714898,/,circle.png,diamond.png,rect.png,triangle.png,[0, 0, 255],[255, 0, 0],90,45,0,3,2,1,change_col,/,1,testing
17,ly,f,20,noindex,True,719564,720802,z,diamond.png,circle.png,rect.png,triangle.png,[255, 255, 0],[0, 0, 255],135,90,3,1,2,0,nochange_ori,z,0,testing
17,ly,f,20,noindex,True,725492,726578,/,rect.png,circle.png,diamond.png,triangle.png,[0, 255, 0],[255, 255, 0],135,0,2,1,0,3,change_ori,/,0,testing
17,ly,f,20,noindex,True,731152,731890,/,diamond.png,rect.png,triangle.png,circle.png,[0, 255, 0],[255, 0, 0],45,90,0,2,1,3,change_ori,/,2,testing
17,ly,f,20,noindex,True,736495,737441,/,diamond.png,circle.png,triangle.png,rect.png,[0, 255, 0],[255, 0, 0],0,135,0,2,1,3,change_col,/,3,testing
17,ly,f,20,noindex,True,742022,742689,/,triangle.png,circle.png,diamond.png,rect.png,[0, 0, 255],[255, 0, 0],45,135,3,0,1,2,change_col,/,3,testing
17,ly,f,20,noindex,True,747398,748674,z,circle.png,triangle.png,diamond.png,rect.png,[255, 255, 0],[0, 0, 255],0,90,2,1,0,3,nochange_ori,z,0,testing
17,ly,f,20,noindex,True,753326,754674,z,triangle.png,diamond.png,circle.png,rect.png,[255, 255, 0],[255, 0, 0],90,0,1,3,2,0,nochange_col,z,3,testing
17,ly,f,20,noindex,True,759254,760241,/,circle.png,rect.png,triangle.png,diamond.png,[255, 255, 0],[255, 0, 0],45,0,3,1,0,2,change_col,/,1,testing
17,ly,f,20,noindex,True,764814,766449,z,circle.png,diamond.png,triangle.png,rect.png,[0, 0, 255],[255, 0, 0],90,0,0,2,3,1,nochange_col,z,1,testing
17,ly,f,20,noindex,True,771209,772225,/,circle.png,diamond.png,rect.png,triangle.png,[255, 255, 0],[0, 255, 0],135,0,0,2,1,3,change_ori,/,0,testing
17,ly,f,20,noindex,True,776970,782001,/,triangle.png,diamond.png,rect.png,circle.png,[0, 255, 0],[255, 255, 0],0,45,2,3,1,0,change_ori,/,0,testing
17,ly,f,20,noindex,True,786588,788224,z,circle.png,rect.png,diamond.png,triangle.png,[0, 0, 255],[0, 255, 0],90,0,3,0,1,2,nochange_ori,z,2,testing
17,ly,f,20,noindex,True,792832,793905,z,rect.png,circle.png,diamond.png,triangle.png,[255, 0, 0],[0, 255, 0],45,0,0,3,1,2,nochange_ori,z,2,testing
17,ly,f,20,noindex,True,798559,799121,/,circle.png,triangle.png,rect.png,diamond.png,[255, 0, 0],[255, 255, 0],45,90,2,1,3,0,change_col,/,3,testing
17,ly,f,20,noindex,True,803735,804321,/,diamond.png,triangle.png,circle.png,rect.png,[0, 255, 0],[255, 0, 0],135,45,2,3,1,0,change_col,/,1,testing
17,ly,f,20,noindex,True,809045,809745,/,rect.png,circle.png,diamond.png,triangle.png,[0, 255, 0],[255, 0, 0],135,90,1,0,2,3,change_col,/,1,testing
17,ly,f,20,noindex,True,814354,815937,z,triangle.png,circle.png,diamond.png,rect.png,[255, 0, 0],[255, 255, 0],90,45,0,2,3,1,nochange_ori,z,0,testing
17,ly,f,20,noindex,True,820550,822209,z,rect.png,circle.png,diamond.png,triangle.png,[255, 0, 0],[0, 0, 255],90,135,0,3,1,2,nochange_col,z,1,testing
17,ly,f,20,noindex,True,826878,828625,z,rect.png,diamond.png,triangle.png,circle.png,[0, 255, 0],[255, 0, 0],135,90,1,0,2,3,nochange_ori,z,0,testing
17,ly,f,20,noindex,True,833206,834257,z,diamond.png,triangle.png,circle.png,rect.png,[255, 255, 0],[0, 255, 0],0,45,2,3,0,1,nochange_col,z,1,testing
17,ly,f,20,noindex,True,838849,841345,z,circle.png,rect.png,diamond.png,triangle.png,[0, 0, 255],[0, 255, 0],90,135,2,0,3,1,change_ori,/,2,testing
17,ly,f,20,noindex,True,846097,847249,/,triangle.png,rect.png,circle.png,diamond.png,[0, 255, 0],[0, 0, 255],45,0,3,0,1,2,change_col,/,3,testing
17,ly,f,20,noindex,True,852024,853681,z,circle.png,rect.png,diamond.png,triangle.png,[0, 255, 0],[255, 0, 0],135,45,1,0,2,3,nochange_ori,z,0,testing
17,ly,f,20,noindex,True,858252,859232,z,rect.png,circle.png,diamond.png,triangle.png,[255, 255, 0],[0, 255, 0],0,90,3,1,2,0,nochange_ori,z,0,testing
17,ly,f,20,noindex,True,863829,867233,/,rect.png,diamond.png,circle.png,triangle.png,[255, 0, 0],[0, 0, 255],90,135,3,1,0,2,change_col,/,1,testing
17,ly,f,20,noindex,True,871844,872737,z,triangle.png,diamond.png,rect.png,circle.png,[255, 0, 0],[255, 255, 0],135,0,3,0,1,2,nochange_ori,z,2,testing
17,ly,f,20,noindex,True,877353,878129,z,triangle.png,circle.png,diamond.png,rect.png,[255, 255, 0],[255, 0, 0],45,0,2,3,1,0,nochange_col,z,3,testing
17,ly,f,20,noindex,True,882848,884832,z,diamond.png,circle.png,rect.png,triangle.png,[255, 255, 0],[0, 0, 255],135,90,3,2,1,0,nochange_col,z,3,testing
17,ly,f,20,noindex,True,889593,891328,z,circle.png,rect.png,triangle.png,diamond.png,[0, 0, 255],[255, 255, 0],45,90,0,1,2,3,nochange_ori,z,0,testing
17,ly,f,20,noindex,True,895937,896560,/,triangle.png,diamond.png,circle.png,rect.png,[255, 255, 0],[0, 0, 255],0,90,1,0,2,3,change_col,/,1,testing
17,ly,f,20,noindex,True,901197,902896,z,circle.png,rect.png,diamond.png,triangle.png,[255, 0, 0],[255, 255, 0],90,0,1,0,3,2,nochange_ori,z,0,testing
17,ly,f,20,noindex,True,907526,908577,/,diamond.png,rect.png,triangle.png,circle.png,[0, 0, 255],[0, 255, 0],0,90,3,2,0,1,change_ori,/,0,testing
17,ly,f,20,noindex,True,1060857,1063088,/,circle.png,triangle.png,diamond.png,rect.png,[0, 0, 255],[0, 255, 0],90,135,0,3,2,1,change_col,/,3,testing
17,ly,f,20,noindex,True,1067786,1069119,z,triangle.png,rect.png,diamond.png,circle.png,[0, 255, 0],[0, 0, 255],45,90,3,1,2,0,nochange_ori,z,0,testing
17,ly,f,20,noindex,True,1073864,1074783,z,triangle.png,rect.png,circle.png,diamond.png,[255, 0, 0],[0, 0, 255],135,90,3,1,2,0,nochange_col,z,1,testing
17,ly,f,20,noindex,True,1079357,1080128,/,rect.png,circle.png,triangle.png,diamond.png,[0, 255, 0],[255, 255, 0],0,135,0,2,1,3,change_col,/,1,testing
17,ly,f,20,noindex,True,1084851,1085471,/,diamond.png,triangle.png,circle.png,rect.png,[255, 0, 0],[255, 255, 0],90,0,1,0,2,3,change_col,/,3,testing
17,ly,f,20,noindex,True,1090144,1091359,/,rect.png,diamond.png,triangle.png,circle.png,[0, 255, 0],[0, 0, 255],45,90,3,0,2,1,change_col,/,1,testing
17,ly,f,20,noindex,True,1096038,1097071,/,triangle.png,rect.png,diamond.png,circle.png,[0, 0, 255],[0, 255, 0],135,0,1,0,3,2,change_ori,/,2,testing
17,ly,f,20,noindex,True,1101716,1103535,z,circle.png,diamond.png,triangle.png,rect.png,[0, 255, 0],[255, 0, 0],45,90,0,2,1,3,change_ori,/,0,testing
17,ly,f,20,noindex,True,1108143,1109935,z,rect.png,triangle.png,circle.png,diamond.png,[0, 0, 255],[0, 255, 0],90,45,3,2,1,0,nochange_col,z,3,testing
17,ly,f,20,noindex,True,1114673,1117103,/,diamond.png,circle.png,triangle.png,rect.png,[0, 0, 255],[255, 255, 0],45,90,0,3,1,2,change_ori,/,0,testing
17,ly,f,20,noindex,True,1121819,1124687,z,triangle.png,circle.png,diamond.png,rect.png,[0, 255, 0],[255, 255, 0],0,135,3,1,2,0,nochange_col,z,3,testing
17,ly,f,20,noindex,True,1129399,1131071,/,diamond.png,circle.png,rect.png,triangle.png,[255, 255, 0],[0, 0, 255],0,135,2,1,0,3,change_ori,/,0,testing
17,ly,f,20,noindex,True,1135694,1136383,/,triangle.png,circle.png,rect.png,diamond.png,[255, 255, 0],[0, 0, 255],90,135,2,1,0,3,change_col,/,3,testing
17,ly,f,20,noindex,True,1140971,1142686,z,diamond.png,triangle.png,circle.png,rect.png,[0, 255, 0],[255, 0, 0],0,45,2,1,3,0,nochange_col,z,1,testing
17,ly,f,20,noindex,True,1147399,1147983,/,rect.png,triangle.png,diamond.png,circle.png,[255, 0, 0],[0, 0, 255],45,0,1,2,0,3,change_col,/,1,testing
17,ly,f,20,noindex,True,1152709,1154526,/,rect.png,circle.png,diamond.png,triangle.png,[255, 0, 0],[255, 255, 0],0,90,3,2,0,1,change_ori,/,2,testing
17,ly,f,20,noindex,True,1159138,1160415,/,diamond.png,rect.png,triangle.png,circle.png,[0, 0, 255],[255, 255, 0],45,0,2,1,0,3,change_ori,/,0,testing
17,ly,f,20,noindex,True,1165082,1166431,z,triangle.png,circle.png,diamond.png,rect.png,[0, 0, 255],[255, 255, 0],0,90,2,0,3,1,nochange_ori,z,2,testing
17,ly,f,20,noindex,True,1171059,1172191,z,rect.png,diamond.png,circle.png,triangle.png,[0, 255, 0],[255, 255, 0],45,90,3,2,0,1,nochange_col,z,1,testing
17,ly,f,20,noindex,True,1176936,1177998,z,diamond.png,rect.png,circle.png,triangle.png,[255, 255, 0],[0, 0, 255],0,45,3,2,1,0,nochange_ori,z,0,testing
17,ly,f,20,noindex,True,1182631,1183631,/,circle.png,triangle.png,diamond.png,rect.png,[0, 255, 0],[0, 0, 255],90,0,2,3,0,1,change_ori,/,0,testing
17,ly,f,20,noindex,True,1188291,1189407,/,circle.png,rect.png,diamond.png,triangle.png,[255, 0, 0],[255, 255, 0],0,45,2,3,0,1,change_ori,/,0,testing
17,ly,f,20,noindex,True,1194118,1194830,/,rect.png,diamond.png,triangle.png,circle.png,[255, 0, 0],[0, 0, 255],45,90,3,1,2,0,change_col,/,3,testing
17,ly,f,20,noindex,True,1199512,1200415,z,diamond.png,rect.png,triangle.png,circle.png,[255, 0, 0],[0, 255, 0],135,45,0,1,2,3,nochange_col,z,3,testing
17,ly,f,20,noindex,True,1205071,1206510,/,triangle.png,circle.png,rect.png,diamond.png,[255, 255, 0],[255, 0, 0],45,0,0,3,2,1,change_ori,/,0,testing
17,ly,f,20,noindex,True,1211099,1211694,/,rect.png,triangle.png,diamond.png,circle.png,[255, 255, 0],[255, 0, 0],0,135,1,2,0,3,change_col,/,3,testing
17,ly,f,20,noindex,True,1216343,1219230,/,triangle.png,circle.png,diamond.png,rect.png,[0, 0, 255],[255, 255, 0],90,135,1,3,2,0,nochange_col,z,3,testing
17,ly,f,20,noindex,True,1223923,1224831,z,rect.png,diamond.png,triangle.png,circle.png,[0, 0, 255],[255, 255, 0],90,0,0,3,1,2,nochange_col,z,1,testing
17,ly,f,20,noindex,True,1229566,1230494,/,triangle.png,circle.png,rect.png,diamond.png,[255, 255, 0],[0, 0, 255],135,45,1,0,2,3,change_ori,/,0,testing
17,ly,f,20,noindex,True,1235211,1236127,/,circle.png,diamond.png,triangle.png,rect.png,[0, 255, 0],[255, 255, 0],90,45,0,2,3,1,change_ori,/,2,testing
17,ly,f,20,noindex,True,1240737,1241839,z,diamond.png,triangle.png,rect.png,circle.png,[255, 0, 0],[0, 0, 255],45,90,2,1,3,0,nochange_ori,z,0,testing
17,ly,f,20,noindex,True,1246548,1247326,z,circle.png,triangle.png,diamond.png,rect.png,[0, 255, 0],[255, 0, 0],45,0,1,2,3,0,nochange_ori,z,0,testing
17,ly,f,20,noindex,True,1251891,1253294,z,diamond.png,circle.png,rect.png,triangle.png,[255, 255, 0],[0, 0, 255],90,135,0,3,2,1,nochange_ori,z,2,testing
17,ly,f,20,noindex,True,1257969,1258654,z,circle.png,triangle.png,diamond.png,rect.png,[255, 255, 0],[255, 0, 0],45,90,1,2,0,3,nochange_col,z,1,testing
17,ly,f,20,noindex,True,1263245,1263870,z,circle.png,rect.png,diamond.png,triangle.png,[255, 0, 0],[0, 0, 255],135,0,2,1,0,3,nochange_col,z,3,testing
17,ly,f,20,noindex,True,1268521,1269710,z,triangle.png,rect.png,diamond.png,circle.png,[255, 0, 0],[0, 255, 0],45,0,3,1,0,2,nochange_ori,z,0,testing
17,ly,f,20,noindex,True,1274398,1275150,/,diamond.png,circle.png,triangle.png,rect.png,[0, 255, 0],[255, 255, 0],45,90,0,1,3,2,change_col,/,3,testing
17,ly,f,20,noindex,True,1279808,1280654,z,triangle.png,circle.png,rect.png,diamond.png,[255, 255, 0],[0, 0, 255],90,45,0,2,3,1,nochange_ori,z,0,testing
17,ly,f,20,noindex,True,1285235,1286126,z,circle.png,triangle.png,diamond.png,rect.png,[0, 255, 0],[255, 255, 0],0,45,3,0,2,1,nochange_col,z,1,testing
17,ly,f,20,noindex,True,1290829,1291533,/,rect.png,diamond.png,circle.png,triangle.png,[255, 255, 0],[0, 255, 0],135,0,2,3,0,1,change_col,/,1,testing
17,ly,f,20,noindex,True,1296289,1297198,z,rect.png,diamond.png,triangle.png,circle.png,[0, 0, 255],[255, 0, 0],0,90,2,3,1,0,nochange_ori,z,2,testing
17,ly,f,20,noindex,True,1301949,1303390,z,rect.png,diamond.png,triangle.png,circle.png,[255, 0, 0],[255, 255, 0],90,0,1,3,2,0,nochange_col,z,3,testing
17,ly,f,20,noindex,True,1308144,1309054,/,rect.png,triangle.png,diamond.png,circle.png,[255, 255, 0],[0, 0, 255],45,90,1,0,2,3,change_col,/,3,testing
17,ly,f,20,noindex,True,1313771,1314382,/,rect.png,triangle.png,diamond.png,circle.png,[0, 0, 255],[255, 255, 0],0,135,1,2,0,3,change_col,/,1,testing
17,ly,f,20,noindex,True,1319098,1320078,/,diamond.png,circle.png,triangle.png,rect.png,[0, 255, 0],[255, 255, 0],90,45,1,2,3,0,change_col,/,1,testing
17,ly,f,20,noindex,True,1324791,1326397,/,rect.png,triangle.png,circle.png,diamond.png,[255, 255, 0],[255, 0, 0],135,45,1,0,3,2,nochange_col,z,1,testing
17,ly,f,20,noindex,True,1330970,1332078,/,diamond.png,circle.png,triangle.png,rect.png,[255, 255, 0],[255, 0, 0],45,0,0,1,2,3,change_col,/,1,testing
17,ly,f,20,noindex,True,1336680,1337918,z,circle.png,diamond.png,rect.png,triangle.png,[255, 0, 0],[0, 255, 0],135,90,1,3,2,0,nochange_ori,z,0,testing
17,ly,f,20,noindex,True,1342624,1343614,z,rect.png,diamond.png,circle.png,triangle.png,[255, 255, 0],[0, 255, 0],0,90,2,1,0,3,nochange_ori,z,2,testing
17,ly,f,20,noindex,True,1348335,1349309,z,diamond.png,triangle.png,rect.png,circle.png,[0, 0, 255],[255, 255, 0],90,135,0,3,2,1,nochange_ori,z,2,testing
17,ly,f,20,noindex,True,1354045,1354846,z,triangle.png,rect.png,circle.png,diamond.png,[0, 0, 255],[255, 255, 0],90,0,1,2,3,0,nochange_ori,z,0,testing
17,ly,f,20,noindex,True,1359521,1361550,z,diamond.png,triangle.png,rect.png,circle.png,[255, 0, 0],[255, 255, 0],135,0,1,0,3,2,nochange_col,z,3,testing
17,ly,f,20,noindex,True,1366234,1368413,z,rect.png,triangle.png,circle.png,diamond.png,[255, 255, 0],[255, 0, 0],45,135,2,3,1,0,nochange_ori,z,0,testing
17,ly,f,20,noindex,True,1373097,1373966,/,triangle.png,circle.png,diamond.png,rect.png,[0, 255, 0],[255, 0, 0],135,45,3,1,0,2,change_ori,/,2,testing
17,ly,f,20,noindex,True,1378674,1379325,/,diamond.png,triangle.png,rect.png,circle.png,[255, 255, 0],[0, 255, 0],0,90,1,0,3,2,change_col,/,1,testing
17,ly,f,20,noindex,True,1383983,1385838,/,diamond.png,circle.png,rect.png,triangle.png,[0, 0, 255],[255, 255, 0],135,45,1,2,3,0,change_col,/,3,testing
17,ly,f,20,noindex,True,1390612,1393133,z,diamond.png,triangle.png,circle.png,rect.png,[0, 255, 0],[255, 255, 0],135,45,1,0,3,2,change_ori,/,2,testing
17,ly,f,20,noindex,True,1397725,1398846,z,circle.png,triangle.png,diamond.png,rect.png,[255, 255, 0],[0, 255, 0],45,135,3,1,2,0,nochange_ori,z,0,testing
17,ly,f,20,noindex,True,1403502,1405325,/,triangle.png,circle.png,diamond.png,rect.png,[0, 255, 0],[0, 0, 255],45,90,0,1,3,2,change_ori,/,0,testing
17,ly,f,20,noindex,True,1409897,1410605,/,circle.png,rect.png,diamond.png,triangle.png,[0, 255, 0],[255, 255, 0],90,135,0,3,2,1,change_col,/,1,testing
17,ly,f,20,noindex,True,1415190,1416189,/,triangle.png,circle.png,diamond.png,rect.png,[0, 255, 0],[255, 0, 0],0,45,1,0,2,3,change_ori,/,0,testing
17,ly,f,20,noindex,True,1420784,1421581,/,triangle.png,diamond.png,rect.png,circle.png,[0, 255, 0],[255, 255, 0],135,45,0,1,2,3,change_ori,/,0,testing
17,ly,f,20,noindex,True,1426160,1427100,z,circle.png,rect.png,triangle.png,diamond.png,[255, 0, 0],[0, 0, 255],90,0,3,1,2,0,nochange_col,z,1,testing
17,ly,f,20,noindex,True,1431787,1432701,z,triangle.png,circle.png,diamond.png,rect.png,[255, 0, 0],[0, 0, 255],90,0,0,3,1,2,nochange_col,z,3,testing
17,ly,f,20,noindex,True,1437281,1438397,/,triangle.png,circle.png,diamond.png,rect.png,[255, 0, 0],[0, 0, 255],0,135,2,0,1,3,change_ori,/,2,testing
17,ly,f,20,noindex,True,1443058,1443852,/,diamond.png,circle.png,triangle.png,rect.png,[0, 0, 255],[255, 0, 0],0,90,0,1,3,2,change_ori,/,0,testing
17,ly,f,20,noindex,True,1448552,1449549,z,circle.png,rect.png,triangle.png,diamond.png,[0, 255, 0],[0, 0, 255],0,90,2,3,1,0,nochange_ori,z,0,testing
17,ly,f,20,noindex,True,1454212,1454813,/,triangle.png,circle.png,diamond.png,rect.png,[0, 255, 0],[0, 0, 255],0,135,1,0,3,2,change_col,/,3,testing
17,ly,f,20,noindex,True,1459421,1461293,z,rect.png,diamond.png,circle.png,triangle.png,[0, 255, 0],[0, 0, 255],45,0,3,1,0,2,nochange_col,z,1,testing
17,ly,f,20,noindex,True,1466051,1466973,z,rect.png,diamond.png,circle.png,triangle.png,[255, 0, 0],[0, 0, 255],90,135,0,1,3,2,nochange_ori,z,2,testing
17,ly,f,20,noindex,True,1471594,1473436,z,diamond.png,rect.png,circle.png,triangle.png,[255, 255, 0],[0, 0, 255],0,45,1,2,0,3,nochange_col,z,1,testing
17,ly,f,20,noindex,True,1478022,1478781,z,circle.png,rect.png,diamond.png,triangle.png,[255, 255, 0],[0, 0, 255],135,90,2,1,3,0,nochange_col,z,3,testing
17,ly,f,20,noindex,True,1483532,1484445,/,diamond.png,triangle.png,circle.png,rect.png,[0, 255, 0],[0, 0, 255],135,90,2,3,1,0,change_ori,/,2,testing
17,ly,f,20,noindex,True,1489126,1489868,/,triangle.png,diamond.png,rect.png,circle.png,[0, 0, 255],[255, 255, 0],135,45,0,2,1,3,change_col,/,3,testing
17,ly,f,20,noindex,True,1494536,1495068,/,circle.png,diamond.png,rect.png,triangle.png,[255, 255, 0],[0, 0, 255],90,135,3,0,1,2,change_col,/,3,testing
17,ly,f,20,noindex,True,1499763,1500797,z,circle.png,diamond.png,triangle.png,rect.png,[0, 0, 255],[255, 255, 0],135,0,2,1,3,0,nochange_ori,z,0,testing
17,ly,f,20,noindex,True,1505390,1506252,z,triangle.png,rect.png,circle.png,diamond.png,[0, 255, 0],[255, 0, 0],135,90,2,0,3,1,nochange_col,z,1,testing
17,ly,f,20,noindex,True,1510949,1511980,z,diamond.png,triangle.png,circle.png,rect.png,[255, 0, 0],[255, 255, 0],135,90,3,0,2,1,nochange_ori,z,0,testing
17,ly,f,20,noindex,True,1516593,1518028,/,circle.png,triangle.png,diamond.png,rect.png,[255, 255, 0],[0, 255, 0],0,45,0,2,1,3,change_ori,/,2,testing
17,ly,f,20,noindex,True,1522638,1523501,z,rect.png,diamond.png,circle.png,triangle.png,[255, 255, 0],[0, 0, 255],90,45,2,3,1,0,nochange_ori,z,0,testing
