subj,name,gender,age,cond,P_resp,P_startTime,P_respTime,P_gotKey,shape1,shape2,shape3,shape4,color1,color2,color3,color4ori1,ori2,ori3,ori4ord_1,ord_2,ord_3,ord_4,task,correct_key,no_change,mode
18,g,f,18,noindex,True,371145,373493,z,circle.png,rect.png,triangle.png,diamond.png,[0, 255, 0],[0, 0, 255],90,45,0,2,1,3,change_ori,/,2,practice
18,g,f,18,noindex,True,378192,379621,z,triangle.png,circle.png,diamond.png,rect.png,[255, 0, 0],[255, 255, 0],90,0,0,2,3,1,nochange_ori,z,0,practice
18,g,f,18,noindex,True,384303,384965,/,triangle.png,diamond.png,circle.png,rect.png,[0, 0, 255],[0, 255, 0],45,0,0,3,2,1,change_col,/,1,practice
18,g,f,18,noindex,True,389679,390532,/,triangle.png,diamond.png,rect.png,circle.png,[0, 0, 255],[255, 0, 0],135,45,1,3,2,0,change_col,/,1,practice
18,g,f,18,noindex,True,395273,397012,z,circle.png,triangle.png,diamond.png,rect.png,[255, 0, 0],[0, 0, 255],45,90,0,2,3,1,nochange_ori,z,2,practice
18,g,f,18,noindex,True,401685,402388,/,diamond.png,triangle.png,circle.png,rect.png,[255, 255, 0],[0, 0, 255],0,45,0,2,1,3,change_col,/,3,practice
18,g,f,18,noindex,True,407027,407908,/,triangle.png,circle.png,diamond.png,rect.png,[255, 255, 0],[0, 255, 0],90,45,1,3,2,0,change_ori,/,2,practice
18,g,f,18,noindex,True,412671,413364,/,diamond.png,circle.png,rect.png,triangle.png,[255, 0, 0],[0, 255, 0],90,135,1,3,0,2,nochange_col,z,1,practice
18,g,f,18,noindex,True,417947,420196,z,diamond.png,triangle.png,rect.png,circle.png,[0, 0, 255],[255, 0, 0],90,45,3,1,2,0,nochange_ori,z,2,practice
18,g,f,18,noindex,True,424943,426933,z,rect.png,triangle.png,circle.png,diamond.png,[0, 0, 255],[255, 0, 0],45,0,3,2,0,1,nochange_col,z,1,practice
18,g,f,18,noindex,True,431539,432517,z,diamond.png,triangle.png,rect.png,circle.png,[0, 0, 255],[255, 0, 0],0,135,2,0,1,3,nochange_ori,z,0,practice
18,g,f,18,noindex,True,437083,438420,/,triangle.png,circle.png,rect.png,diamond.png,[0, 255, 0],[255, 0, 0],0,135,3,0,1,2,nochange_ori,z,0,practice
18,g,f,18,noindex,True,443026,444388,/,circle.png,rect.png,diamond.png,triangle.png,[0, 255, 0],[0, 0, 255],135,90,0,3,1,2,change_ori,/,2,practice
18,g,f,18,noindex,True,449154,450100,z,circle.png,diamond.png,triangle.png,rect.png,[0, 255, 0],[255, 255, 0],90,45,1,3,2,0,nochange_col,z,3,practice
18,g,f,18,noindex,True,454715,455700,z,circle.png,rect.png,triangle.png,diamond.png,[255, 255, 0],[0, 0, 255],90,0,2,3,0,1,nochange_col,z,1,practice
18,g,f,18,noindex,True,460375,461204,z,circle.png,diamond.png,triangle.png,rect.png,[0, 0, 255],[255, 255, 0],135,90,3,2,0,1,nochange_col,z,1,practice
18,g,f,18,noindex,True,465952,466739,/,diamond.png,circle.png,rect.png,triangle.png,[255, 255, 0],[0, 255, 0],135,45,1,3,2,0,change_col,/,3,practice
18,g,f,18,noindex,True,471462,472036,/,rect.png,diamond.png,circle.png,triangle.png,[0, 255, 0],[255, 255, 0],45,0,1,2,0,3,change_col,/,1,practice
18,g,f,18,noindex,True,476705,477636,z,rect.png,circle.png,diamond.png,triangle.png,[0, 0, 255],[255, 0, 0],0,135,3,0,2,1,change_ori,/,0,practice
18,g,f,18,noindex,True,482400,483491,/,circle.png,triangle.png,rect.png,diamond.png,[0, 0, 255],[0, 255, 0],45,135,1,3,2,0,change_ori,/,2,practice
18,g,f,18,noindex,True,509465,511411,z,diamond.png,rect.png,circle.png,triangle.png,[255, 0, 0],[0, 0, 255],90,0,0,1,2,3,change_ori,/,2,testing
18,g,f,18,noindex,True,516144,517252,/,diamond.png,circle.png,rect.png,triangle.png,[0, 0, 255],[0, 255, 0],45,0,2,0,3,1,change_ori,/,0,testing
18,g,f,18,noindex,True,521972,522835,/,rect.png,triangle.png,circle.png,diamond.png,[255, 0, 0],[0, 255, 0],90,45,0,1,3,2,change_col,/,1,testing
18,g,f,18,noindex,True,527515,529140,z,circle.png,triangle.png,diamond.png,rect.png,[0, 255, 0],[255, 255, 0],0,90,0,2,1,3,nochange_ori,z,0,testing
18,g,f,18,noindex,True,533860,534739,/,circle.png,rect.png,diamond.png,triangle.png,[0, 0, 255],[255, 0, 0],45,135,2,1,0,3,change_ori,/,0,testing
18,g,f,18,noindex,True,539470,540964,z,triangle.png,circle.png,diamond.png,rect.png,[0, 255, 0],[0, 0, 255],45,135,3,1,2,0,nochange_ori,z,0,testing
18,g,f,18,noindex,True,545581,546436,z,circle.png,rect.png,triangle.png,diamond.png,[255, 255, 0],[0, 255, 0],135,90,1,0,3,2,nochange_ori,z,0,testing
18,g,f,18,noindex,True,551109,551955,z,diamond.png,circle.png,triangle.png,rect.png,[255, 0, 0],[0, 255, 0],90,45,3,0,1,2,nochange_col,z,3,testing
18,g,f,18,noindex,True,556568,557491,z,circle.png,triangle.png,rect.png,diamond.png,[0, 0, 255],[255, 0, 0],0,90,1,0,2,3,nochange_col,z,1,testing
18,g,f,18,noindex,True,562195,562819,/,rect.png,triangle.png,circle.png,diamond.png,[255, 255, 0],[0, 0, 255],90,135,3,2,0,1,change_col,/,3,testing
18,g,f,18,noindex,True,567538,568516,/,diamond.png,circle.png,triangle.png,rect.png,[255, 255, 0],[0, 255, 0],135,0,0,2,3,1,change_ori,/,0,testing
18,g,f,18,noindex,True,573149,573860,/,diamond.png,circle.png,triangle.png,rect.png,[0, 0, 255],[255, 0, 0],0,90,1,2,3,0,change_col,/,3,testing
18,g,f,18,noindex,True,578458,579763,z,triangle.png,diamond.png,rect.png,circle.png,[0, 0, 255],[255, 255, 0],0,135,3,0,2,1,nochange_col,z,3,testing
18,g,f,18,noindex,True,584402,585491,z,circle.png,diamond.png,triangle.png,rect.png,[255, 0, 0],[0, 255, 0],0,135,1,0,3,2,nochange_col,z,3,testing
18,g,f,18,noindex,True,590230,591027,/,diamond.png,triangle.png,rect.png,circle.png,[255, 255, 0],[0, 0, 255],135,45,3,0,1,2,change_col,/,3,testing
18,g,f,18,noindex,True,595673,596403,/,diamond.png,triangle.png,circle.png,rect.png,[255, 255, 0],[0, 0, 255],45,90,0,1,3,2,change_ori,/,0,testing
18,g,f,18,noindex,True,601150,602163,/,diamond.png,triangle.png,circle.png,rect.png,[0, 255, 0],[255, 0, 0],0,90,3,0,1,2,change_col,/,3,testing
18,g,f,18,noindex,True,606844,607555,/,diamond.png,circle.png,triangle.png,rect.png,[0, 0, 255],[255, 255, 0],45,0,2,0,3,1,change_ori,/,0,testing
18,g,f,18,noindex,True,612137,613507,z,triangle.png,diamond.png,circle.png,rect.png,[0, 255, 0],[0, 0, 255],90,135,3,0,1,2,nochange_ori,z,0,testing
18,g,f,18,noindex,True,618165,618899,/,triangle.png,circle.png,rect.png,diamond.png,[255, 0, 0],[0, 255, 0],90,135,0,1,3,2,change_ori,/,2,testing
18,g,f,18,noindex,True,623641,624243,/,circle.png,rect.png,triangle.png,diamond.png,[0, 0, 255],[255, 255, 0],135,45,0,1,2,3,change_col,/,3,testing
18,g,f,18,noindex,True,628851,629747,/,rect.png,diamond.png,triangle.png,circle.png,[0, 0, 255],[255, 0, 0],0,90,1,3,0,2,change_col,/,3,testing
18,g,f,18,noindex,True,634428,635171,/,circle.png,triangle.png,rect.png,diamond.png,[0, 255, 0],[255, 0, 0],0,45,3,2,0,1,change_ori,/,2,testing
18,g,f,18,noindex,True,639787,640595,/,rect.png,triangle.png,circle.png,diamond.png,[0, 0, 255],[255, 255, 0],90,135,1,0,2,3,change_col,/,1,testing
18,g,f,18,noindex,True,645280,645907,/,diamond.png,rect.png,triangle.png,circle.png,[255, 0, 0],[0, 0, 255],45,90,2,3,1,0,change_col,/,1,testing
18,g,f,18,noindex,True,650507,651843,z,circle.png,triangle.png,diamond.png,rect.png,[0, 255, 0],[255, 255, 0],45,0,0,3,2,1,nochange_col,z,1,testing
18,g,f,18,noindex,True,656602,657475,z,rect.png,triangle.png,circle.png,diamond.png,[255, 0, 0],[0, 0, 255],90,45,1,2,0,3,nochange_ori,z,2,testing
18,g,f,18,noindex,True,662146,662803,/,circle.png,diamond.png,triangle.png,rect.png,[0, 0, 255],[0, 255, 0],90,135,2,0,1,3,change_col,/,1,testing
18,g,f,18,noindex,True,667388,668179,z,rect.png,circle.png,diamond.png,triangle.png,[0, 255, 0],[255, 255, 0],135,0,3,0,1,2,nochange_col,z,3,testing
18,g,f,18,noindex,True,672915,673714,z,triangle.png,diamond.png,rect.png,circle.png,[255, 255, 0],[0, 255, 0],0,135,1,2,3,0,nochange_col,z,1,testing
18,g,f,18,noindex,True,678408,679267,/,triangle.png,circle.png,diamond.png,rect.png,[0, 0, 255],[0, 255, 0],90,0,0,1,2,3,change_ori,/,2,testing
18,g,f,18,noindex,True,683868,684771,/,rect.png,circle.png,triangle.png,diamond.png,[255, 255, 0],[0, 0, 255],135,45,3,2,0,1,change_ori,/,2,testing
18,g,f,18,noindex,True,689361,690147,/,diamond.png,rect.png,triangle.png,circle.png,[255, 255, 0],[0, 255, 0],0,45,0,1,3,2,nochange_ori,z,0,testing
18,g,f,18,noindex,True,694722,695746,z,triangle.png,circle.png,rect.png,diamond.png,[255, 0, 0],[255, 255, 0],90,135,2,1,0,3,nochange_col,z,3,testing
18,g,f,18,noindex,True,700349,701154,z,diamond.png,triangle.png,circle.png,rect.png,[255, 0, 0],[0, 255, 0],135,45,1,3,2,0,nochange_col,z,1,testing
18,g,f,18,noindex,True,705776,706435,z,triangle.png,rect.png,diamond.png,circle.png,[0, 255, 0],[0, 0, 255],90,45,2,1,3,0,nochange_ori,z,0,testing
18,g,f,18,noindex,True,711151,711763,/,triangle.png,diamond.png,circle.png,rect.png,[0, 0, 255],[0, 255, 0],135,0,2,0,1,3,change_col,/,3,testing
18,g,f,18,noindex,True,716327,717122,z,rect.png,circle.png,triangle.png,diamond.png,[255, 255, 0],[0, 255, 0],0,45,1,0,2,3,nochange_col,z,3,testing
18,g,f,18,noindex,True,721704,722449,/,diamond.png,circle.png,triangle.png,rect.png,[0, 0, 255],[255, 0, 0],135,45,1,3,2,0,change_ori,/,2,testing
18,g,f,18,noindex,True,727232,728098,z,diamond.png,circle.png,rect.png,triangle.png,[255, 0, 0],[0, 255, 0],0,90,2,0,1,3,nochange_col,z,3,testing
18,g,f,18,noindex,True,732775,734067,z,rect.png,circle.png,triangle.png,diamond.png,[0, 255, 0],[255, 255, 0],0,45,2,3,0,1,nochange_ori,z,0,testing
18,g,f,18,noindex,True,738669,739409,z,triangle.png,rect.png,diamond.png,circle.png,[255, 255, 0],[0, 255, 0],90,135,2,1,3,0,nochange_col,z,3,testing
18,g,f,18,noindex,True,744146,745154,z,triangle.png,diamond.png,circle.png,rect.png,[255, 255, 0],[0, 255, 0],0,90,0,2,3,1,nochange_ori,z,0,testing
18,g,f,18,noindex,True,749889,750626,z,circle.png,triangle.png,rect.png,diamond.png,[255, 255, 0],[0, 0, 255],45,0,0,2,3,1,nochange_col,z,1,testing
18,g,f,18,noindex,True,755383,756146,z,circle.png,rect.png,diamond.png,triangle.png,[255, 0, 0],[255, 255, 0],90,135,1,3,0,2,nochange_col,z,1,testing
18,g,f,18,noindex,True,760876,761651,/,circle.png,triangle.png,diamond.png,rect.png,[0, 255, 0],[255, 0, 0],135,90,3,0,2,1,change_col,/,3,testing
18,g,f,18,noindex,True,766336,767362,/,diamond.png,triangle.png,rect.png,circle.png,[0, 255, 0],[255, 255, 0],45,0,3,2,1,0,change_col,/,3,testing
18,g,f,18,noindex,True,771930,773474,/,circle.png,triangle.png,rect.png,diamond.png,[255, 255, 0],[0, 0, 255],45,90,3,1,2,0,change_ori,/,2,testing
18,g,f,18,noindex,True,778174,779953,z,diamond.png,rect.png,triangle.png,circle.png,[255, 255, 0],[0, 255, 0],135,0,3,2,1,0,change_ori,/,2,testing
18,g,f,18,noindex,True,784553,785682,z,circle.png,rect.png,triangle.png,diamond.png,[0, 255, 0],[255, 255, 0],90,0,2,3,1,0,nochange_ori,z,0,testing
18,g,f,18,noindex,True,790280,791537,z,triangle.png,diamond.png,rect.png,circle.png,[255, 0, 0],[0, 0, 255],90,0,2,0,1,3,nochange_ori,z,0,testing
18,g,f,18,noindex,True,796141,797106,z,triangle.png,circle.png,rect.png,diamond.png,[255, 255, 0],[255, 0, 0],45,0,3,2,0,1,nochange_ori,z,2,testing
18,g,f,18,noindex,True,801768,803170,/,triangle.png,rect.png,diamond.png,circle.png,[0, 0, 255],[255, 0, 0],45,0,1,0,3,2,nochange_col,z,1,testing
18,g,f,18,noindex,True,807862,808721,/,circle.png,triangle.png,diamond.png,rect.png,[0, 255, 0],[0, 0, 255],135,0,0,3,2,1,change_col,/,1,testing
18,g,f,18,noindex,True,813322,814081,/,diamond.png,triangle.png,rect.png,circle.png,[255, 255, 0],[0, 255, 0],0,90,1,3,0,2,change_ori,/,2,testing
18,g,f,18,noindex,True,818649,819281,z,diamond.png,circle.png,triangle.png,rect.png,[255, 255, 0],[255, 0, 0],90,135,1,0,3,2,nochange_col,z,3,testing
18,g,f,18,noindex,True,823925,825505,z,triangle.png,rect.png,diamond.png,circle.png,[0, 255, 0],[255, 0, 0],0,45,0,2,1,3,change_ori,/,0,testing
18,g,f,18,noindex,True,830103,830865,/,rect.png,circle.png,triangle.png,diamond.png,[255, 0, 0],[255, 255, 0],45,135,1,2,0,3,change_col,/,1,testing
18,g,f,18,noindex,True,835579,836337,/,circle.png,triangle.png,rect.png,diamond.png,[255, 0, 0],[0, 255, 0],0,45,2,1,0,3,change_col,/,1,testing
18,g,f,18,noindex,True,840940,841505,/,diamond.png,triangle.png,circle.png,rect.png,[255, 255, 0],[0, 255, 0],135,0,0,1,2,3,change_col,/,3,testing
18,g,f,18,noindex,True,846199,846865,/,rect.png,diamond.png,triangle.png,circle.png,[255, 255, 0],[0, 0, 255],90,135,2,3,0,1,change_ori,/,2,testing
18,g,f,18,noindex,True,851575,852321,/,diamond.png,triangle.png,circle.png,rect.png,[0, 0, 255],[255, 0, 0],45,90,3,1,2,0,change_col,/,1,testing
18,g,f,18,noindex,True,856969,857697,/,triangle.png,rect.png,circle.png,diamond.png,[255, 0, 0],[255, 255, 0],0,135,2,1,3,0,change_ori,/,2,testing
18,g,f,18,noindex,True,862379,863297,/,diamond.png,circle.png,rect.png,triangle.png,[255, 255, 0],[0, 0, 255],90,45,1,3,0,2,change_ori,/,2,testing
18,g,f,18,noindex,True,868039,868801,/,circle.png,triangle.png,diamond.png,rect.png,[0, 0, 255],[255, 0, 0],90,0,0,2,1,3,nochange_ori,z,2,testing
18,g,f,18,noindex,True,873532,874610,z,rect.png,diamond.png,triangle.png,circle.png,[255, 0, 0],[0, 0, 255],90,135,2,1,0,3,change_ori,/,2,testing
18,g,f,18,noindex,True,879176,879841,z,circle.png,triangle.png,diamond.png,rect.png,[255, 255, 0],[0, 255, 0],90,135,3,2,0,1,nochange_ori,z,2,testing
18,g,f,18,noindex,True,884553,885121,z,circle.png,diamond.png,rect.png,triangle.png,[255, 255, 0],[0, 0, 255],0,90,1,2,3,0,nochange_col,z,1,testing
18,g,f,18,noindex,True,889729,890305,z,rect.png,triangle.png,circle.png,diamond.png,[0, 255, 0],[255, 255, 0],135,90,0,2,3,1,nochange_col,z,1,testing
18,g,f,18,noindex,True,894939,895633,z,diamond.png,triangle.png,rect.png,circle.png,[255, 0, 0],[0, 255, 0],90,45,2,1,0,3,nochange_col,z,3,testing
18,g,f,18,noindex,True,900365,901121,/,diamond.png,triangle.png,rect.png,circle.png,[0, 255, 0],[0, 0, 255],135,45,1,2,3,0,change_col,/,1,testing
18,g,f,18,noindex,True,905825,906401,z,diamond.png,circle.png,rect.png,triangle.png,[255, 0, 0],[255, 255, 0],135,45,3,2,0,1,nochange_col,z,1,testing
18,g,f,18,noindex,True,911151,911857,/,rect.png,diamond.png,triangle.png,circle.png,[0, 255, 0],[255, 0, 0],45,0,0,1,2,3,change_ori,/,2,testing
18,g,f,18,noindex,True,916428,917329,z,triangle.png,rect.png,diamond.png,circle.png,[0, 0, 255],[255, 255, 0],0,90,1,0,3,2,nochange_ori,z,2,testing
18,g,f,18,noindex,True,922022,922929,/,circle.png,diamond.png,triangle.png,rect.png,[0, 0, 255],[255, 0, 0],45,90,2,0,1,3,nochange_ori,z,0,testing
18,g,f,18,noindex,True,927581,928288,z,rect.png,circle.png,diamond.png,triangle.png,[255, 0, 0],[0, 0, 255],45,90,1,3,0,2,nochange_ori,z,2,testing
18,g,f,18,noindex,True,932908,933664,/,triangle.png,diamond.png,rect.png,circle.png,[255, 255, 0],[0, 255, 0],135,0,1,2,3,0,nochange_ori,z,2,testing
18,g,f,18,noindex,True,938401,939200,z,triangle.png,circle.png,rect.png,diamond.png,[0, 0, 255],[255, 0, 0],0,90,1,3,2,0,nochange_ori,z,0,testing
18,g,f,18,noindex,True,943895,944496,/,circle.png,diamond.png,rect.png,triangle.png,[0, 255, 0],[255, 0, 0],0,90,3,2,0,1,change_col,/,1,testing
18,g,f,18,noindex,True,949171,949729,z,triangle.png,diamond.png,circle.png,rect.png,[0, 255, 0],[0, 0, 255],0,45,1,3,0,2,nochange_ori,z,2,testing
18,g,f,18,noindex,True,1219667,1220542,z,rect.png,circle.png,diamond.png,triangle.png,[255, 255, 0],[255, 0, 0],45,0,1,0,3,2,nochange_ori,z,2,testing
18,g,f,18,noindex,True,1225127,1225742,z,rect.png,triangle.png,circle.png,diamond.png,[255, 0, 0],[0, 0, 255],0,90,0,2,3,1,nochange_col,z,3,testing
18,g,f,18,noindex,True,1230370,1230975,/,triangle.png,circle.png,rect.png,diamond.png,[0, 0, 255],[0, 255, 0],135,45,3,1,0,2,change_ori,/,2,testing
18,g,f,18,noindex,True,1235680,1236510,z,rect.png,circle.png,triangle.png,diamond.png,[0, 0, 255],[0, 255, 0],45,135,3,0,1,2,nochange_ori,z,2,testing
18,g,f,18,noindex,True,1241223,1241838,z,rect.png,circle.png,diamond.png,triangle.png,[0, 255, 0],[0, 0, 255],135,0,3,0,1,2,nochange_ori,z,0,testing
18,g,f,18,noindex,True,1246466,1247165,/,circle.png,rect.png,triangle.png,diamond.png,[255, 255, 0],[0, 0, 255],45,0,3,2,0,1,nochange_ori,z,0,testing
18,g,f,18,noindex,True,1251893,1252510,z,triangle.png,diamond.png,rect.png,circle.png,[255, 255, 0],[0, 0, 255],90,0,1,0,2,3,nochange_col,z,3,testing
18,g,f,18,noindex,True,1257219,1257902,z,rect.png,diamond.png,circle.png,triangle.png,[255, 0, 0],[0, 255, 0],135,90,0,3,1,2,change_ori,/,2,testing
18,g,f,18,noindex,True,1262528,1263246,/,diamond.png,rect.png,circle.png,triangle.png,[255, 0, 0],[255, 255, 0],135,90,3,1,2,0,change_ori,/,0,testing
18,g,f,18,noindex,True,1267973,1274414,z,circle.png,rect.png,triangle.png,diamond.png,[255, 255, 0],[0, 0, 255],0,135,1,2,0,3,nochange_ori,z,2,testing
18,g,f,18,noindex,True,1279110,1279934,z,rect.png,circle.png,diamond.png,triangle.png,[255, 0, 0],[255, 255, 0],135,90,1,3,2,0,nochange_col,z,3,testing
18,g,f,18,noindex,True,1284669,1285326,/,triangle.png,rect.png,diamond.png,circle.png,[0, 0, 255],[0, 255, 0],135,0,1,2,3,0,change_ori,/,0,testing
18,g,f,18,noindex,True,1289896,1290494,/,diamond.png,rect.png,triangle.png,circle.png,[0, 0, 255],[255, 255, 0],0,45,1,3,0,2,nochange_ori,z,0,testing
18,g,f,18,noindex,True,1295256,1295886,/,diamond.png,circle.png,rect.png,triangle.png,[255, 0, 0],[0, 0, 255],0,90,3,2,1,0,change_col,/,1,testing
18,g,f,18,noindex,True,1300632,1301118,/,rect.png,triangle.png,diamond.png,circle.png,[0, 255, 0],[0, 0, 255],0,90,0,1,2,3,change_col,/,1,testing
18,g,f,18,noindex,True,1305825,1306365,/,circle.png,triangle.png,diamond.png,rect.png,[255, 0, 0],[0, 0, 255],90,0,0,3,2,1,change_ori,/,2,testing
18,g,f,18,noindex,True,1310935,1311741,z,diamond.png,rect.png,circle.png,triangle.png,[255, 0, 0],[0, 0, 255],45,90,1,0,2,3,nochange_col,z,1,testing
18,g,f,18,noindex,True,1316327,1316861,/,circle.png,diamond.png,rect.png,triangle.png,[255, 255, 0],[255, 0, 0],0,90,3,2,0,1,change_col,/,1,testing
18,g,f,18,noindex,True,1321604,1322493,z,triangle.png,diamond.png,circle.png,rect.png,[0, 0, 255],[0, 255, 0],45,135,2,1,0,3,nochange_ori,z,2,testing
18,g,f,18,noindex,True,1327181,1328014,z,circle.png,rect.png,triangle.png,diamond.png,[255, 255, 0],[0, 255, 0],90,45,1,3,2,0,change_ori,/,0,testing
18,g,f,18,noindex,True,1332608,1334077,z,diamond.png,rect.png,circle.png,triangle.png,[255, 255, 0],[255, 0, 0],135,45,2,0,3,1,nochange_ori,z,0,testing
18,g,f,18,noindex,True,1338719,1339597,z,diamond.png,triangle.png,rect.png,circle.png,[0, 0, 255],[255, 255, 0],45,90,1,3,0,2,nochange_col,z,1,testing
18,g,f,18,noindex,True,1344195,1345581,/,diamond.png,triangle.png,circle.png,rect.png,[255, 0, 0],[255, 255, 0],90,45,1,2,0,3,change_ori,/,2,testing
18,g,f,18,noindex,True,1350323,1351085,/,circle.png,diamond.png,triangle.png,rect.png,[0, 255, 0],[255, 255, 0],0,45,0,1,3,2,change_ori,/,2,testing
18,g,f,18,noindex,True,1355750,1356541,z,triangle.png,rect.png,circle.png,diamond.png,[0, 255, 0],[255, 0, 0],0,135,1,0,2,3,nochange_col,z,3,testing
18,g,f,18,noindex,True,1361260,1362077,z,circle.png,diamond.png,triangle.png,rect.png,[255, 0, 0],[0, 255, 0],0,135,2,0,3,1,nochange_ori,z,2,testing
18,g,f,18,noindex,True,1366803,1367501,z,rect.png,circle.png,diamond.png,triangle.png,[255, 255, 0],[0, 0, 255],135,45,3,0,1,2,nochange_col,z,1,testing
18,g,f,18,noindex,True,1372180,1372877,z,triangle.png,diamond.png,rect.png,circle.png,[0, 255, 0],[255, 255, 0],90,45,1,3,0,2,change_ori,/,0,testing
18,g,f,18,noindex,True,1377523,1378365,/,rect.png,circle.png,triangle.png,diamond.png,[0, 0, 255],[255, 255, 0],0,135,2,1,0,3,change_ori,/,0,testing
18,g,f,18,noindex,True,1383033,1383821,/,diamond.png,circle.png,triangle.png,rect.png,[0, 255, 0],[255, 255, 0],135,0,2,1,3,0,nochange_ori,z,2,testing
18,g,f,18,noindex,True,1388576,1389549,/,circle.png,rect.png,triangle.png,diamond.png,[255, 255, 0],[0, 255, 0],90,135,0,2,3,1,change_col,/,3,testing
18,g,f,18,noindex,True,1394137,1395774,z,circle.png,triangle.png,diamond.png,rect.png,[255, 255, 0],[0, 255, 0],0,45,1,0,3,2,nochange_ori,z,2,testing
18,g,f,18,noindex,True,1400515,1401533,z,circle.png,diamond.png,rect.png,triangle.png,[255, 255, 0],[0, 0, 255],90,135,2,3,1,0,change_ori,/,0,testing
18,g,f,18,noindex,True,1406259,1407341,/,circle.png,triangle.png,diamond.png,rect.png,[0, 0, 255],[0, 255, 0],0,90,2,3,1,0,change_col,/,1,testing
18,g,f,18,noindex,True,1412086,1412685,/,rect.png,triangle.png,circle.png,diamond.png,[0, 0, 255],[0, 255, 0],90,45,0,3,2,1,change_col,/,1,testing
18,g,f,18,noindex,True,1417379,1417788,/,circle.png,rect.png,diamond.png,triangle.png,[255, 0, 0],[0, 0, 255],135,45,1,0,3,2,change_col,/,3,testing
18,g,f,18,noindex,True,1422523,1423485,/,triangle.png,diamond.png,rect.png,circle.png,[255, 255, 0],[0, 255, 0],90,45,0,3,2,1,change_ori,/,0,testing
18,g,f,18,noindex,True,1428132,1428781,z,diamond.png,rect.png,circle.png,triangle.png,[0, 255, 0],[255, 0, 0],45,90,3,2,0,1,nochange_col,z,3,testing
18,g,f,18,noindex,True,1433392,1434013,/,triangle.png,circle.png,diamond.png,rect.png,[0, 255, 0],[255, 255, 0],135,0,0,1,2,3,change_ori,/,0,testing
18,g,f,18,noindex,True,1438769,1439501,z,circle.png,triangle.png,diamond.png,rect.png,[255, 0, 0],[0, 255, 0],45,0,1,0,2,3,nochange_col,z,3,testing
18,g,f,18,noindex,True,1444078,1445165,z,diamond.png,triangle.png,rect.png,circle.png,[0, 255, 0],[255, 255, 0],45,135,3,1,0,2,nochange_col,z,3,testing
18,g,f,18,noindex,True,1449822,1450461,z,circle.png,rect.png,diamond.png,triangle.png,[255, 0, 0],[255, 255, 0],0,90,2,1,0,3,nochange_col,z,3,testing
18,g,f,18,noindex,True,1455132,1455853,z,diamond.png,circle.png,rect.png,triangle.png,[0, 255, 0],[0, 0, 255],45,135,3,1,2,0,nochange_ori,z,0,testing
18,g,f,18,noindex,True,1460592,1461244,/,rect.png,circle.png,diamond.png,triangle.png,[0, 255, 0],[255, 0, 0],45,135,3,2,0,1,change_ori,/,0,testing
18,g,f,18,noindex,True,1465985,1466685,/,rect.png,circle.png,diamond.png,triangle.png,[255, 255, 0],[0, 255, 0],45,135,3,0,1,2,change_ori,/,2,testing
18,g,f,18,noindex,True,1471378,1472109,z,rect.png,circle.png,triangle.png,diamond.png,[255, 0, 0],[0, 255, 0],45,0,2,3,1,0,nochange_ori,z,0,testing
18,g,f,18,noindex,True,1476788,1477788,z,triangle.png,circle.png,diamond.png,rect.png,[255, 255, 0],[255, 0, 0],135,90,0,3,1,2,nochange_col,z,1,testing
18,g,f,18,noindex,True,1482499,1483229,/,triangle.png,rect.png,circle.png,diamond.png,[0, 0, 255],[255, 255, 0],90,45,1,2,3,0,change_col,/,1,testing
18,g,f,18,noindex,True,1487875,1488699,/,rect.png,diamond.png,triangle.png,circle.png,[255, 0, 0],[0, 0, 255],45,135,0,1,2,3,change_col,/,3,testing
18,g,f,18,noindex,True,1493369,1494396,z,triangle.png,rect.png,circle.png,diamond.png,[0, 0, 255],[255, 255, 0],0,90,3,0,2,1,nochange_col,z,3,testing
18,g,f,18,noindex,True,1499079,1499787,z,triangle.png,diamond.png,rect.png,circle.png,[0, 0, 255],[255, 0, 0],135,90,1,0,3,2,change_col,/,1,testing
18,g,f,18,noindex,True,1504372,1505116,z,triangle.png,circle.png,diamond.png,rect.png,[255, 255, 0],[0, 0, 255],0,135,1,3,0,2,nochange_col,z,3,testing
18,g,f,18,noindex,True,1509715,1510284,/,diamond.png,circle.png,rect.png,triangle.png,[0, 0, 255],[255, 0, 0],90,135,0,2,1,3,change_col,/,3,testing
18,g,f,18,noindex,True,1515042,1515996,z,rect.png,triangle.png,diamond.png,circle.png,[255, 255, 0],[0, 0, 255],45,90,2,1,3,0,nochange_ori,z,0,testing
18,g,f,18,noindex,True,1520585,1521068,z,rect.png,circle.png,diamond.png,triangle.png,[255, 0, 0],[0, 0, 255],90,45,2,0,1,3,nochange_col,z,3,testing
18,g,f,18,noindex,True,1525661,1526397,/,triangle.png,circle.png,rect.png,diamond.png,[0, 0, 255],[255, 255, 0],0,90,3,2,1,0,change_col,/,3,testing
18,g,f,18,noindex,True,1531071,1531693,/,rect.png,triangle.png,circle.png,diamond.png,[255, 0, 0],[0, 0, 255],45,135,1,2,3,0,change_col,/,3,testing
18,g,f,18,noindex,True,1536364,1536956,/,diamond.png,triangle.png,rect.png,circle.png,[255, 0, 0],[0, 255, 0],0,45,0,3,2,1,change_col,/,3,testing
18,g,f,18,noindex,True,1541624,1545163,z,rect.png,diamond.png,circle.png,triangle.png,[0, 0, 255],[255, 0, 0],135,45,2,1,0,3,nochange_col,z,1,testing
18,g,f,18,noindex,True,1549889,1550716,/,circle.png,diamond.png,rect.png,triangle.png,[255, 0, 0],[0, 255, 0],45,135,3,1,2,0,change_ori,/,2,testing
18,g,f,18,noindex,True,1555399,1555996,z,circle.png,diamond.png,triangle.png,rect.png,[255, 0, 0],[0, 255, 0],45,0,1,0,2,3,nochange_col,z,1,testing
18,g,f,18,noindex,True,1560693,1561323,/,triangle.png,diamond.png,rect.png,circle.png,[0, 0, 255],[255, 0, 0],135,0,1,0,2,3,change_col,/,1,testing
18,g,f,18,noindex,True,1566052,1567276,/,rect.png,triangle.png,diamond.png,circle.png,[0, 0, 255],[255, 255, 0],45,0,0,2,1,3,change_ori,/,2,testing
18,g,f,18,noindex,True,1571846,1572491,z,diamond.png,rect.png,triangle.png,circle.png,[255, 255, 0],[0, 0, 255],135,45,3,2,1,0,nochange_col,z,1,testing
18,g,f,18,noindex,True,1577205,1577708,/,triangle.png,circle.png,diamond.png,rect.png,[255, 255, 0],[0, 0, 255],135,0,3,2,0,1,change_col,/,3,testing
18,g,f,18,noindex,True,1582465,1583163,z,rect.png,circle.png,triangle.png,diamond.png,[0, 0, 255],[255, 0, 0],45,0,2,1,3,0,nochange_col,z,1,testing
18,g,f,18,noindex,True,1587809,1588571,z,rect.png,triangle.png,diamond.png,circle.png,[255, 0, 0],[255, 255, 0],135,90,2,0,3,1,nochange_col,z,3,testing
18,g,f,18,noindex,True,1593168,1593867,z,circle.png,diamond.png,triangle.png,rect.png,[255, 255, 0],[255, 0, 0],0,135,1,0,3,2,nochange_ori,z,2,testing
18,g,f,18,noindex,True,1598494,1599195,z,triangle.png,circle.png,diamond.png,rect.png,[255, 255, 0],[255, 0, 0],90,0,3,2,1,0,nochange_ori,z,0,testing
18,g,f,18,noindex,True,1603955,1604732,z,rect.png,diamond.png,circle.png,triangle.png,[255, 255, 0],[0, 255, 0],0,45,1,3,2,0,nochange_ori,z,2,testing
18,g,f,18,noindex,True,1609432,1610571,/,triangle.png,circle.png,diamond.png,rect.png,[0, 255, 0],[255, 0, 0],45,0,1,3,2,0,change_col,/,3,testing
18,g,f,18,noindex,True,1615276,1616108,/,triangle.png,diamond.png,rect.png,circle.png,[0, 255, 0],[255, 255, 0],135,90,3,1,2,0,change_col,/,1,testing
18,g,f,18,noindex,True,1620836,1621915,z,diamond.png,triangle.png,circle.png,rect.png,[255, 255, 0],[255, 0, 0],0,45,1,3,2,0,change_ori,/,2,testing
18,g,f,18,noindex,True,1626480,1627163,/,rect.png,circle.png,diamond.png,triangle.png,[255, 255, 0],[255, 0, 0],0,45,2,3,1,0,nochange_ori,z,2,testing
18,g,f,18,noindex,True,1631839,1632732,z,circle.png,diamond.png,rect.png,triangle.png,[255, 255, 0],[255, 0, 0],90,135,2,0,3,1,nochange_ori,z,2,testing
18,g,f,18,noindex,True,1637299,1638188,z,diamond.png,rect.png,triangle.png,circle.png,[0, 0, 255],[255, 255, 0],135,0,0,2,3,1,nochange_ori,z,0,testing
18,g,f,18,noindex,True,1642893,1643484,/,triangle.png,rect.png,circle.png,diamond.png,[0, 255, 0],[255, 255, 0],90,135,1,3,0,2,change_ori,/,0,testing
18,g,f,18,noindex,True,1648219,1648731,/,rect.png,triangle.png,circle.png,diamond.png,[255, 0, 0],[0, 255, 0],90,45,0,2,1,3,change_col,/,3,testing
18,g,f,18,noindex,True,1653479,1654188,/,rect.png,circle.png,diamond.png,triangle.png,[255, 255, 0],[255, 0, 0],135,0,3,1,2,0,change_ori,/,0,testing
18,g,f,18,noindex,True,1658789,1659771,/,rect.png,diamond.png,circle.png,triangle.png,[0, 255, 0],[0, 0, 255],90,45,0,1,3,2,change_col,/,1,testing
